STATE,ST_CASE,VEH_NO,VE_FORMS,NUMOCCS,DAY,MONTH,HOUR,MINUTE,HARM_EV,MAN_COLL,UNITTYPE,HIT_RUN,REG_STAT,OWNER,MAKE,MODEL,MAK_MOD,BODY_TYP,MOD_YEAR,VIN,VIN_1,VIN_2,VIN_3,VIN_4,VIN_5,VIN_6,VIN_7,VIN_8,VIN_9,VIN_10,VIN_11,VIN_12,TOW_VEH,J_KNIFE,MCARR_I1,MCARR_I2,MCARR_ID,GVWR,V_CONFIG,CARGO_BT,HAZ_INV,HAZ_PLAC,HAZ_ID,HAZ_CNO,HAZ_REL,BUS_USE,SPEC_USE,EMER_USE,TRAV_SP,UNDERIDE,ROLLOVER,ROLINLOC,IMPACT1,DEFORMED,TOWED,M_HARM,VEH_SC1,VEH_SC2,FIRE_EXP,DR_PRES,L_STATE,DR_ZIP,L_STATUS,L_TYPE,CDL_STAT,L_ENDORS,L_COMPL,L_RESTRI,DR_HGT,DR_WGT,PREV_ACC,PREV_SUS,PREV_DWI,PREV_SPD,PREV_OTH,FIRST_MO,FIRST_YR,LAST_MO,LAST_YR,SPEEDREL,DR_SF1,DR_SF2,DR_SF3,DR_SF4,VTRAFWAY,VNUM_LAN,VSPD_LIM,VALIGN,VPROFILE,VPAVETYP,VSURCOND,VTRAFCON,VTCONT_F,P_CRASH1,P_CRASH2,P_CRASH3,PCRASH4,PCRASH5,ACC_TYPE,DEATHS,DR_DRINK
1,10118,1,1,6,2,3,0,10,39,0,1,0,1,1,37,32,37032,4,1992,1HGCB7651NA0,1,H,G,C,B,7,6,5,1,N,A,0,0,0,0,000000000,00000000000,0,0,0,1,0,0,0,0,0,0,0,999,0,1,5,14,6,2,39,0,0,0,1,1,36695,6,1,0,0,3,0,70,165,0,0,0,0,0,0,0,0,0,3,0,0,0,0,2,6,40,1,6,2,1,0,0,1,6,1,9,4,2,1,0
1,10119,1,1,3,3,3,12,15,24,0,1,0,1,2,49,422,49422,15,2003,5TDZT34A83S2,5,T,D,Z,T,3,4,A,8,3,S,2,0,0,0,000000000,00000000000,0,0,0,1,0,0,0,0,0,0,0,60,0,0,0,12,6,2,24,0,0,0,1,1,35976,6,1,0,0,3,0,66,155,0,0,0,0,0,0,0,0,0,0,0,0,0,0,1,5,60,3,5,2,1,0,0,14,13,1,1,4,1,1,0
1,10120,1,1,2,3,3,18,0,53,0,1,0,1,2,12,402,12402,14,2007,1FMYU03Z47KB,1,F,M,Y,U,0,3,Z,4,7,K,B,0,0,0,000000000,00000000000,0,0,0,1,0,0,0,0,0,0,0,70,0,1,5,11,6,2,1,0,0,0,1,1,35960,2,1,0,0,2,0,74,185,1,1,0,0,1,6,2013,10,2013,3,89,0,0,0,1,2,35,1,1,2,1,0,0,1,12,1,1,4,6,1,1
1,10121,1,1,1,4,3,22,27,24,0,1,0,1,2,12,481,12481,31,2005,1FTSW21P05EB,1,F,T,S,W,2,1,P,0,5,E,B,0,0,0,000000000,00000000000,0,0,0,1,0,0,0,0,0,0,0,999,0,0,0,12,6,2,59,0,0,0,1,1,36605,6,1,6,0,3,0,73,220,0,0,0,1,0,5,2013,5,2013,0,89,0,0,0,3,5,65,1,1,2,2,0,0,1,13,1,1,4,1,1,1
1,10122,1,1,1,4,3,12,12,8,0,1,0,1,3,98,982,98982,52,2001,1C9S2CCS41W5,1,C,9,S,2,C,C,S,4,1,W,5,0,0,88,888888888,88888888888,2,21,22,1,0,0,0,0,6,3,0,999,0,0,0,12,0,3,8,0,0,0,1,1,35228,6,1,6,1,3,1,72,165,2,0,0,0,0,11,2012,8,2013,0,38,0,0,0,1,2,30,1,6,2,1,3,3,11,15,1,1,1,13,0,0
1,10123,1,2,1,5,3,9,10,12,1,1,0,1,1,41,471,41471,30,1989,JM2UF3134K07,J,M,2,U,F,3,1,3,4,K,0,7,0,0,0,000000000,00000000000,0,0,0,1,0,0,0,0,0,0,0,70,0,0,0,12,6,2,12,0,0,0,1,1,36117,6,1,0,0,3,0,70,178,1,0,0,0,0,8,2011,8,2011,0,0,0,0,0,2,2,70,1,1,2,1,0,0,1,51,1,1,1,24,1,0
1,10123,2,2,1,5,3,9,10,12,1,1,0,47,3,82,890,82890,66,2013,1FUJGLDR2DSB,1,F,U,J,G,L,D,R,2,D,S,B,1,1,57,096609,57096609,3,6,1,1,0,0,0,0,0,0,0,5,0,0,0,6,4,5,12,0,0,0,1,17,62930,6,1,6,0,3,1,72,184,0,0,0,0,0,0,0,0,0,0,0,0,0,0,2,2,70,1,1,2,1,0,0,1,53,1,1,1,25,0,0
1,10124,1,1,1,5,3,19,40,8,0,1,0,1,2,35,443,35443,20,2001,4N2ZN15T91D8,4,N,2,Z,N,1,5,T,9,1,D,8,0,0,0,000000000,00000000000,0,0,0,1,0,0,0,0,0,0,0,55,0,0,0,12,6,2,8,0,0,0,1,1,35049,6,1,0,0,3,0,71,245,0,0,0,1,0,8,2013,8,2013,0,0,0,0,0,5,4,55,1,1,2,1,0,0,1,80,99,1,1,13,0,0
1,10125,1,1,1,8,3,20,45,32,0,1,0,1,2,38,471,38471,30,1990,JAACL16EXL72,J,A,A,C,L,1,6,E,X,L,7,2,0,0,0,000000000,00000000000,0,0,0,1,0,0,0,0,0,0,0,45,0,1,5,12,6,2,1,0,0,0,1,1,35672,2,1,0,0,2,0,71,165,0,0,0,0,0,0,0,0,0,0,0,0,0,0,1,2,45,2,1,2,1,0,0,14,12,1,1,4,6,1,0
1,10126,1,1,1,8,3,16,45,34,0,1,0,1,2,41,35,41035,4,1992,JM1BG2247N04,J,M,1,B,G,2,2,4,7,N,0,4,0,0,0,000000000,00000000000,0,0,0,1,0,0,0,0,0,0,0,999,0,0,0,6,6,2,34,0,0,0,1,1,35211,2,1,0,0,2,0,71,195,0,0,0,0,0,0,0,0,0,3,89,58,0,0,1,2,55,1,1,2,1,0,0,1,13,6,4,4,7,1,1
1,10127,1,1,1,10,3,22,5,10,0,1,0,1,1,18,3,18003,4,2005,1G4CW54K2541,1,G,4,C,W,5,4,K,2,5,4,1,0,0,0,000000000,00000000000,0,0,0,1,0,0,0,0,0,0,0,0,0,0,0,2,6,2,10,0,0,0,1,1,36545,6,1,0,0,3,1,64,135,0,0,0,0,0,0,0,0,0,0,89,38,0,0,1,2,45,1,1,2,1,65,3,5,91,1,1,1,15,1,0
1,10128,1,1,1,11,3,10,5,35,0,1,0,48,1,49,46,49046,4,2010,JTDKN3DU3A01,J,T,D,K,N,3,D,U,3,A,0,1,0,0,0,000000000,00000000000,0,0,0,1,0,0,0,0,0,0,0,70,0,0,0,12,6,2,42,32,0,0,1,48,79413,6,1,0,0,3,0,999,999,0,0,0,0,0,0,0,0,0,0,99,99,99,99,3,3,70,1,1,2,1,0,0,1,13,1,1,4,1,1,0
1,10129,1,4,1,5,2,19,10,12,2,1,0,1,2,20,2,20002,4,2001,2G1WF55E1192,2,G,1,W,F,5,5,E,1,1,9,2,0,0,0,000000000,00000000000,0,0,0,1,0,0,0,0,0,0,0,55,0,0,0,12,6,2,12,0,0,0,1,1,35961,6,1,0,0,3,0,64,135,2,0,0,0,0,10,2012,10,2012,0,28,0,0,0,1,2,55,1,5,2,1,0,0,1,10,99,1,2,50,1,0
1,10129,2,4,1,5,2,19,10,12,2,1,0,1,1,23,481,23481,31,1997,1GTEK19R7VE5,1,G,T,E,K,1,9,R,7,V,E,5,0,0,0,000000000,00000000000,0,0,0,1,0,0,0,0,0,0,0,55,0,0,0,12,6,2,12,0,0,0,1,1,35961,6,1,0,0,3,0,66,165,0,0,0,0,0,0,0,0,0,0,0,0,0,0,1,2,55,1,6,2,1,0,0,1,62,1,1,1,51,0,0
1,10129,3,4,1,5,2,19,10,12,2,1,0,1,1,18,20,18020,4,1999,2G4WF5214X15,2,G,4,W,F,5,2,1,4,X,1,5,0,0,0,000000000,00000000000,0,0,0,1,0,0,0,0,0,0,0,55,0,0,0,11,6,2,12,0,0,0,1,1,35961,6,1,0,0,3,1,61,115,0,0,0,1,0,3,2012,3,2012,0,0,0,0,0,1,2,55,1,6,2,1,0,0,1,62,99,1,1,98,0,0
1,10129,4,4,1,5,2,19,10,12,2,1,0,1,2,20,471,20471,30,1997,1GCCS14X3V81,1,G,C,C,S,1,4,X,3,V,8,1,0,0,0,000000000,00000000000,0,0,0,1,0,0,0,0,0,0,0,55,0,0,0,12,6,2,12,0,0,0,1,1,35983,6,1,0,0,3,0,68,190,0,0,0,0,1,7,2012,7,2012,0,0,0,0,0,1,2,55,1,5,2,1,0,0,1,62,1,1,1,98,1,0
1,10130,1,1,1,10,3,21,30,58,0,1,0,1,1,20,481,20481,31,1995,2GCEK19K0S11,2,G,C,E,K,1,9,K,0,S,1,1,0,0,0,000000000,00000000000,0,0,0,1,0,0,0,0,0,0,0,999,0,0,0,12,6,2,58,0,0,0,1,1,36748,2,1,0,0,2,0,74,170,0,3,2,1,0,11,2011,1,2014,0,8,0,0,0,1,2,45,1,1,2,1,0,0,1,13,99,1,4,1,1,0
1,10131,1,2,1,24,3,21,11,12,2,1,0,1,1,21,20,21020,4,1988,2G3AJ513XJ94,2,G,3,A,J,5,1,3,X,J,9,4,0,0,0,000000000,00000000000,0,0,0,1,0,0,0,0,0,0,0,40,0,0,0,12,6,2,12,0,0,0,1,1,36322,6,1,0,0,3,0,71,246,0,0,0,0,0,0,0,0,0,0,51,0,0,0,2,2,65,1,1,2,1,0,0,1,54,1,1,1,52,1,1
1,10131,2,2,2,24,3,21,11,12,2,1,0,1,1,41,51,41051,4,2011,JM1BL1UF1B13,J,M,1,B,L,1,U,F,1,B,1,3,0,0,0,000000000,00000000000,0,0,0,1,0,0,0,0,0,0,0,65,0,0,0,12,6,2,12,0,0,0,1,1,36322,6,1,0,0,3,1,64,130,0,0,0,0,1,1,2013,1,2013,0,99,99,99,99,2,2,65,1,1,2,1,0,0,1,54,7,1,1,52,0,0
1,10132,1,2,2,1,3,23,20,12,1,1,0,1,2,12,481,12481,31,2003,1FTRX08L83KD,1,F,T,R,X,0,8,L,8,3,K,D,0,0,0,000000000,00000000000,0,0,0,1,0,0,0,0,0,0,0,999,0,1,5,12,6,2,1,0,0,0,1,1,36582,2,1,2,0,2,0,66,160,0,11,1,1,1,7,2011,9,2013,4,8,0,0,0,3,4,65,1,5,2,2,0,0,1,51,99,1,1,24,1,1
1,10132,2,2,2,1,3,23,20,12,1,1,1,26,4,55,35,55035,4,2014,5NPDH4AE3EH3,5,N,P,D,H,4,A,E,3,E,H,3,0,0,0,000000000,00000000000,0,0,0,1,0,0,0,0,0,0,0,999,0,0,0,6,4,5,12,0,0,0,1,99,99999,9,9,99,9,9,9,999,999,99,99,99,99,99,99,9999,99,9999,9,99,99,99,99,3,4,65,1,5,2,2,0,0,1,53,99,1,1,25,0,0
1,10133,1,1,1,8,3,4,0,42,0,1,0,1,1,7,472,7472,30,1999,1B7FL26X2XS2,1,B,7,F,L,2,6,X,2,X,S,2,0,0,0,000000000,00000000000,0,0,0,1,0,0,0,0,0,0,0,45,0,0,0,12,6,2,42,0,0,0,1,1,35772,6,1,0,0,3,0,63,140,1,0,0,2,0,3,2012,5,2013,0,0,0,0,0,1,2,45,1,6,2,1,0,0,1,12,1,1,4,6,1,0
1,10134,1,2,1,13,3,9,50,12,6,1,0,1,3,20,421,20421,15,2012,1GNSKAE04CR3,1,G,N,S,K,A,E,0,4,C,R,3,0,0,0,000000000,00000000000,0,0,0,1,0,0,0,0,0,0,0,999,0,0,0,12,6,2,12,0,0,0,1,1,36105,6,1,0,0,3,0,72,195,0,1,0,1,0,3,2013,12,2013,3,0,0,0,0,1,2,55,1,5,2,1,0,0,1,72,6,1,1,83,0,0
1,10134,2,2,1,13,3,9,50,12,6,1,0,1,1,20,481,20481,31,2001,2GCEC19W2111,2,G,C,E,C,1,9,W,2,1,1,1,0,0,0,000000000,00000000000,0,0,0,1,0,0,0,0,0,0,0,999,0,0,0,10,6,2,12,0,0,0,1,1,36083,6,1,0,0,3,1,71,190,0,0,0,0,0,0,0,0,0,0,38,0,0,0,0,0,0,0,0,0,0,0,0,98,15,99,1,1,82,1,0
1,10135,1,1,1,13,3,21,0,32,0,1,0,1,1,7,472,7472,30,1999,1B7FL22P5XS2,1,B,7,F,L,2,2,P,5,X,S,2,0,0,0,000000000,00000000000,0,0,0,1,0,0,0,0,0,0,0,999,0,0,0,12,6,2,42,0,0,0,1,1,36613,6,1,0,0,3,0,73,195,0,0,0,2,0,8,2011,1,2014,0,89,0,0,0,1,2,35,3,1,2,1,0,0,14,13,99,1,4,1,1,0
1,10136,1,2,1,14,3,10,0,12,6,1,0,1,1,20,481,20481,31,1995,1GCEK19K6SE2,1,G,C,E,K,1,9,K,6,S,E,2,0,0,0,000000000,00000000000,0,0,0,1,0,0,0,0,0,0,0,15,0,0,0,3,6,2,12,0,0,0,1,1,36250,6,1,0,0,3,0,64,160,0,0,0,0,0,0,0,0,0,0,38,0,0,0,2,4,65,1,1,2,1,4,3,11,15,1,1,1,68,0,0
1,10136,2,2,2,14,3,10,0,12,6,1,0,1,2,18,4,18004,4,1996,1G4BN52P9TR4,1,G,4,B,N,5,2,P,9,T,R,4,0,0,0,000000000,00000000000,0,0,0,1,0,0,0,0,0,0,0,58,0,0,0,12,6,2,12,0,0,0,1,1,36279,6,1,0,0,3,1,71,280,0,0,0,0,0,0,0,0,0,0,0,0,0,0,2,4,65,1,1,2,1,4,3,1,66,99,1,1,69,1,0
1,10137,1,1,1,14,3,16,25,42,0,1,0,1,1,2,404,2404,14,1992,1J4FT88S8NL1,1,J,4,F,T,8,8,S,8,N,L,1,0,0,0,000000000,00000000000,0,0,0,1,0,0,0,0,0,0,0,75,0,0,0,12,6,2,42,0,0,0,1,1,35128,6,1,0,0,3,0,71,220,0,1,0,0,0,10,2012,10,2012,3,89,58,0,0,1,2,50,1,1,2,1,0,0,1,13,6,1,4,6,1,1
1,10138,1,1,2,14,3,14,55,58,0,1,0,1,1,37,32,37032,4,2005,1HGCM72705A0,1,H,G,C,M,7,2,7,0,5,A,0,0,0,0,000000000,00000000000,0,0,0,1,0,0,0,0,0,0,0,999,0,0,0,14,6,2,19,0,0,0,1,1,36908,6,1,0,0,3,0,68,140,0,0,0,0,0,0,0,0,0,3,58,0,0,0,1,2,45,3,1,2,1,0,0,14,13,6,3,4,2,2,0
1,10139,1,1,1,14,3,18,10,32,0,1,0,1,1,6,51,6051,4,2006,2C3KA73W66H4,2,C,3,K,A,7,3,W,6,6,H,4,0,0,0,000000000,00000000000,0,0,0,1,0,0,0,0,0,0,0,55,0,0,0,2,6,2,42,0,0,0,1,1,36750,6,1,0,0,3,0,66,180,0,0,0,0,0,0,0,0,0,0,89,58,0,0,1,2,45,1,1,2,1,0,0,1,13,6,4,4,7,1,1
1,10140,1,1,1,16,3,6,35,42,0,1,0,1,1,22,16,22016,2,1995,1G2JB1247S75,1,G,2,J,B,1,2,4,7,S,7,5,0,0,0,000000000,00000000000,0,0,0,1,0,0,0,0,0,0,0,55,0,0,0,12,6,2,42,0,0,0,1,1,36256,6,1,0,0,3,1,63,140,0,0,0,0,0,0,0,0,0,4,0,0,0,0,1,2,55,3,6,2,2,0,0,14,6,99,1,4,6,1,1
1,10141,1,2,1,17,3,10,9,12,6,1,0,1,2,35,47,35047,4,2008,1N4AL24E18C2,1,N,4,A,L,2,4,E,1,8,C,2,0,0,0,000000000,00000000000,0,0,0,1,0,0,0,0,0,0,0,999,0,0,0,3,6,2,12,0,0,0,1,1,35022,6,1,0,0,3,1,66,180,0,1,0,3,0,1,2012,8,2013,0,89,0,0,0,1,2,55,3,1,2,2,0,0,14,10,99,4,2,64,1,0
1,10141,2,2,1,17,3,10,9,12,6,1,0,1,3,12,481,12481,31,2006,1FTSW21P46EC,1,F,T,S,W,2,1,P,4,6,E,C,0,0,0,000000000,00000000000,0,0,0,1,0,0,0,0,0,0,0,20,0,0,0,12,6,2,12,0,0,0,1,1,35213,6,1,0,0,3,1,74,180,1,0,0,1,1,3,2011,12,2011,0,0,0,0,0,1,2,55,1,1,2,2,0,0,1,62,9,1,1,65,0,0
1,10142,1,2,2,17,3,7,15,12,6,1,0,13,2,52,37,52037,3,1995,4A3AK44Y5SE1,4,A,3,A,K,4,4,Y,5,S,E,1,0,0,0,000000000,00000000000,0,0,0,1,0,0,0,0,0,0,0,10,0,0,0,9,6,2,12,0,0,0,1,1,36856,6,2,0,0,3,1,62,100,0,0,0,0,0,0,0,0,0,0,38,0,0,0,1,2,45,1,1,2,1,20,3,1,17,99,1,1,89,1,0
1,10142,2,2,1,17,3,7,15,12,6,1,0,1,3,7,481,7481,31,1987,1B7KD2453HS5,1,B,7,K,D,2,4,5,3,H,S,5,0,0,0,000000000,00000000000,0,0,0,1,0,0,0,0,0,0,0,60,0,0,0,12,6,2,12,0,0,0,1,1,36858,6,1,6,0,3,0,70,170,0,0,0,0,0,0,0,0,0,0,0,0,0,0,2,2,65,1,6,2,1,0,0,1,66,6,1,1,88,0,0
1,10143,1,3,2,17,3,15,20,12,6,1,0,1,2,59,31,59031,4,1992,JT8VK13T1N00,J,T,8,V,K,1,3,T,1,N,0,0,0,0,0,000000000,00000000000,0,0,0,1,0,0,0,0,0,0,0,20,0,0,0,3,6,2,12,0,0,0,1,13,35089,6,1,0,0,3,0,72,195,98,0,0,0,0,0,0,0,0,0,38,8,0,0,2,2,45,1,1,2,2,0,0,11,15,1,1,1,68,1,0
1,10143,2,3,1,17,3,15,20,12,6,1,0,1,1,23,421,23421,15,2003,1GKEC13Z63R2,1,G,K,E,C,1,3,Z,6,3,R,2,0,0,0,000000000,00000000000,0,0,0,1,0,0,0,0,0,0,0,65,0,0,0,12,6,2,12,0,0,0,1,1,35151,6,1,0,0,3,0,67,150,0,0,0,0,0,0,0,0,0,0,89,0,0,0,2,2,45,1,1,2,2,0,0,1,62,8,1,1,69,0,0
1,10143,3,3,1,17,3,15,20,12,6,1,0,47,3,82,881,82881,66,2007,1FUBCYDA27HV,1,F,U,B,C,Y,D,A,2,7,H,V,1,1,57,0063419,570063419,3,6,1,1,0,0,0,0,0,0,0,60,0,0,0,4,2,5,12,0,0,0,1,1,35051,6,1,6,0,3,1,72,180,0,0,0,0,0,0,0,0,0,0,0,0,0,0,2,2,45,1,1,2,2,0,0,1,62,6,1,2,98,0,0
1,10144,1,2,1,17,3,6,19,12,2,1,0,1,1,20,37,20037,4,2003,1G1ND52J23M5,1,G,1,N,D,5,2,J,2,3,M,5,0,0,0,000000000,00000000000,0,0,0,1,0,0,0,0,0,0,0,42,0,0,0,12,6,2,12,0,0,0,1,1,36067,6,1,0,0,3,0,70,167,0,0,0,0,0,0,0,0,0,0,51,0,0,0,2,2,50,1,1,2,2,0,0,1,54,99,1,1,52,1,0
1,10144,2,2,1,17,3,6,19,12,2,1,0,1,1,14,6,14006,4,2001,2MEFM75W21X7,2,M,E,F,M,7,5,W,2,1,X,7,0,0,0,000000000,00000000000,0,0,0,1,0,0,0,0,0,0,0,999,0,0,0,12,6,2,12,0,0,0,1,1,36109,6,1,0,0,3,0,66,188,0,0,0,0,0,0,0,0,0,0,0,0,0,0,2,2,50,1,1,2,2,0,0,1,54,99,1,1,52,0,0
1,10145,1,1,1,20,3,19,10,32,0,1,0,1,1,37,709,37709,80,2001,JH2SC44351M1,J,H,2,S,C,4,4,3,5,1,M,1,0,0,0,000000000,00000000000,0,0,0,1,0,0,0,0,0,0,0,100,0,0,0,12,6,2,32,0,0,0,1,1,36340,6,1,0,0,3,0,73,180,0,0,0,1,0,1,2014,1,2014,3,8,51,0,0,1,2,35,1,5,2,1,0,0,1,12,99,1,4,6,1,0
1,10146,1,1,1,21,3,7,50,42,0,1,0,1,1,35,39,35039,4,2003,JN1DA31A43T4,J,N,1,D,A,3,1,A,4,3,T,4,0,0,0,000000000,00000000000,0,0,0,1,0,0,0,0,0,0,0,65,0,0,0,12,6,2,42,0,0,0,1,1,35593,6,1,0,0,3,0,62,113,0,0,0,0,0,0,0,0,0,3,0,0,0,0,1,2,40,3,1,2,1,0,0,14,13,99,1,4,1,1,0
1,10147,1,1,1,21,3,7,45,1,0,1,0,1,1,12,481,12481,31,2004,1FTPX14504NC,1,F,T,P,X,1,4,5,0,4,N,C,0,0,0,000000000,00000000000,0,0,0,1,0,0,0,0,0,0,0,80,0,2,1,0,6,2,1,0,0,0,1,1,36863,6,1,0,0,3,0,70,180,0,0,0,0,0,0,0,0,0,3,58,0,0,0,2,2,70,1,5,2,1,0,0,15,99,99,3,2,98,1,0
1,10148,1,1,3,22,3,1,45,42,0,1,0,1,2,20,9,20009,2,1999,2G1FP22K0X21,2,G,1,F,P,2,2,K,0,X,2,1,0,0,0,000000000,00000000000,0,0,0,1,0,0,0,0,0,0,0,60,0,1,5,3,6,2,42,0,0,0,1,1,35179,6,2,0,0,3,1,69,175,0,0,0,0,0,0,0,0,0,3,8,58,0,0,1,2,35,2,6,2,1,0,0,14,6,6,4,4,7,1,1
1,10149,1,1,1,22,3,23,8,8,0,1,0,1,2,54,35,54035,4,2000,19UUA5664YA0,1,9,U,U,A,5,6,6,4,Y,A,0,0,0,0,000000000,00000000000,0,0,0,1,0,0,0,0,0,0,0,999,0,0,0,12,6,2,8,0,0,0,1,1,35759,6,1,0,0,3,0,66,102,1,0,0,0,1,1,2013,2,2013,0,0,0,0,0,1,2,45,1,1,2,1,0,0,1,80,1,1,1,13,0,0
1,10150,1,3,1,25,3,7,58,12,7,1,0,1,2,37,402,37402,14,2003,SHSRD68413U1,S,H,S,R,D,6,8,4,1,3,U,1,0,0,0,000000000,00000000000,0,0,0,1,0,0,0,0,0,0,0,999,0,0,0,1,6,2,12,0,0,0,1,1,36083,6,1,0,0,3,0,64,130,0,0,0,1,0,10,2012,10,2012,0,28,0,0,0,1,2,55,1,6,2,1,0,0,1,11,99,1,2,44,0,0
1,10150,2,3,1,25,3,7,58,12,7,1,0,1,1,49,32,49032,4,2009,1NXBU40EX9Z0,1,N,X,B,U,4,0,E,X,9,Z,0,0,0,0,000000000,00000000000,0,0,0,1,0,0,0,0,0,0,0,999,0,0,0,8,2,5,12,0,0,0,1,1,36867,6,1,0,0,3,0,71,127,2,0,0,0,1,2,2012,8,2013,0,0,0,0,0,1,2,55,1,6,2,1,0,0,1,60,1,1,1,45,0,0
1,10150,3,3,2,25,3,7,58,12,7,1,0,1,1,22,20,22020,4,2008,2G2WP5523811,2,G,2,W,P,5,5,2,3,8,1,1,0,0,0,000000000,00000000000,0,0,0,1,0,0,0,0,0,0,0,999,0,0,0,12,6,2,12,0,0,0,1,1,36866,6,1,0,0,3,0,71,130,0,0,0,1,1,6,2011,8,2012,0,0,0,0,0,1,2,55,1,5,2,1,0,0,1,62,99,1,1,98,2,0
1,10151,1,1,1,25,3,19,15,42,0,1,0,1,2,6,52,6052,6,2008,3A8FY48B78T1,3,A,8,F,Y,4,8,B,7,8,T,1,0,0,0,000000000,00000000000,0,0,0,1,0,0,0,0,0,0,0,999,0,0,0,12,6,2,42,0,0,0,1,1,35180,6,1,0,0,3,0,62,170,0,0,0,0,0,0,0,0,0,3,89,0,0,0,1,2,45,2,6,2,1,0,0,14,13,1,1,4,1,1,0
1,10152,1,1,1,1,2,3,40,23,0,1,0,1,1,12,471,12471,30,2008,1FTYR10D88PA,1,F,T,Y,R,1,0,D,8,8,P,A,0,0,0,000000000,00000000000,0,0,0,1,0,0,0,0,0,0,0,55,0,0,0,12,6,2,23,0,0,1,1,1,35613,6,1,0,0,3,1,71,165,1,0,0,0,0,11,2013,11,2013,0,99,99,99,99,1,2,55,1,1,2,1,0,0,1,13,99,1,4,1,1,0
1,10153,1,1,2,22,3,13,35,1,0,1,0,1,2,21,17,21017,4,1996,1G3AJ55M0T63,1,G,3,A,J,5,5,M,0,T,6,3,0,0,0,000000000,00000000000,0,0,0,1,0,0,0,0,0,0,0,95,0,1,5,0,6,2,1,0,0,0,1,1,36507,2,1,0,0,2,0,68,150,0,2,2,0,0,11,2012,11,2013,3,8,0,0,0,2,2,65,3,5,2,1,0,0,14,13,1,1,4,1,1,1
1,10154,1,1,2,22,3,19,35,42,0,1,0,1,1,54,31,54031,3,1991,JH4DA939XMS0,J,H,4,D,A,9,3,9,X,M,S,0,0,0,0,000000000,00000000000,0,0,0,1,0,0,0,0,0,0,0,65,0,1,5,11,6,2,2,0,0,1,1,1,36608,6,1,0,0,3,3,69,158,1,1,0,1,0,4,2011,8,2013,3,58,0,0,0,1,2,55,3,1,2,1,0,0,14,13,6,3,4,2,2,1
1,10155,1,1,2,22,3,22,18,42,0,1,0,1,2,23,481,23481,31,2009,1GTHK63699F1,1,G,T,H,K,6,3,6,9,9,F,1,0,0,0,000000000,00000000000,0,0,0,1,0,0,0,0,0,0,0,60,0,0,0,12,6,2,42,0,0,0,1,1,35456,2,1,0,0,2,0,73,175,0,1,0,0,0,3,2012,3,2012,3,0,0,0,0,1,2,35,3,3,2,1,0,0,14,13,99,1,4,1,1,0
1,10156,1,1,3,22,3,23,25,1,0,1,0,0,0,98,739,98739,90,2013,4XAJT9EA1DB1,4,X,A,J,T,9,E,A,1,D,B,1,0,0,0,000000000,00000000000,0,0,0,1,0,0,0,0,0,0,0,30,0,1,5,0,4,3,1,0,0,0,1,1,36562,6,1,0,0,1,0,68,170,2,0,0,2,0,2,2012,11,2013,0,8,0,0,0,1,2,25,3,1,5,1,0,0,14,13,1,1,4,1,1,1
1,10157,1,1,3,30,3,13,48,25,0,1,0,1,1,37,31,37031,4,1990,1HGED3650LA0,1,H,G,E,D,3,6,5,0,L,A,0,0,0,0,000000000,00000000000,0,0,0,1,0,0,0,0,0,0,0,999,0,0,0,12,6,2,25,0,0,0,1,1,35401,0,0,0,0,0,0,999,999,0,0,0,0,0,0,0,0,0,9,28,0,0,0,3,2,55,1,1,2,1,0,0,1,13,7,1,4,1,1,1
1,10158,1,2,1,31,3,17,49,12,6,1,0,1,1,72,706,72706,80,2006,1HD1FRW106Y6,1,H,D,1,F,R,W,1,0,6,Y,6,0,0,0,000000000,00000000000,0,0,0,1,0,0,0,0,0,0,0,999,0,0,0,12,6,2,12,0,0,0,1,1,36695,6,1,6,0,3,0,71,205,0,0,0,0,0,0,0,0,0,0,89,33,0,0,1,2,45,1,1,2,1,0,0,6,61,3,1,1,73,1,0
1,10158,2,2,1,31,3,17,49,12,6,1,0,1,3,12,17,12017,4,2014,1FAHP2MK6EG1,1,F,A,H,P,2,M,K,6,E,G,1,0,0,0,000000000,00000000000,0,0,0,1,0,0,0,0,0,5,2,10,0,0,0,10,6,2,12,0,0,0,1,1,36603,6,1,0,0,3,1,75,185,0,0,0,0,0,0,0,0,0,0,16,0,0,0,1,2,45,1,1,2,1,0,0,11,15,1,1,1,72,0,0
1,10159,1,2,1,31,3,19,10,12,1,1,0,1,2,6,52,6052,1,2005,3C3AY55X25T5,3,C,3,A,Y,5,5,X,2,5,T,5,0,0,0,000000000,00000000000,0,0,0,1,0,0,0,0,0,0,0,999,0,0,0,12,6,2,12,0,0,0,1,1,35903,2,1,0,0,2,1,75,205,0,3,0,0,0,9,2011,3,2013,3,8,0,0,0,3,2,70,1,1,2,1,0,0,1,51,99,1,1,24,0,1
1,10159,2,2,2,31,3,19,10,12,1,1,0,1,1,35,472,35472,30,2011,1N6AD0CU9BC4,1,N,6,A,D,0,C,U,9,B,C,4,0,0,0,000000000,00000000000,0,0,0,1,0,0,0,0,0,0,0,999,0,0,0,6,6,2,12,0,0,1,1,1,35906,6,1,0,0,3,1,67,180,0,0,0,0,0,0,0,0,0,0,89,0,0,0,3,2,70,1,1,2,1,0,0,1,53,99,1,1,25,2,0
1,10160,1,1,1,2,4,16,25,42,0,1,0,1,1,12,401,12401,14,1994,1FMDU32X4RUB,1,F,M,D,U,3,2,X,4,R,U,B,0,0,0,000000000,00000000000,0,0,0,1,0,0,0,0,0,0,0,65,0,0,0,10,6,2,42,0,0,0,1,1,35749,6,1,0,0,3,0,71,205,1,0,0,0,0,1,2013,1,2013,0,28,0,0,0,1,2,45,1,1,2,1,0,0,1,13,99,4,4,7,1,1