STATE,ST_CASE,VEH_NO,VE_FORMS,NUMOCCS,DAY,MONTH,HOUR,MINUTE,HARM_EV,MAN_COLL,UNITTYPE,HIT_RUN,REG_STAT,OWNER,MAKE,MODEL,MAK_MOD,BODY_TYP,MOD_YEAR,VIN,VIN_1,VIN_2,VIN_3,VIN_4,VIN_5,VIN_6,VIN_7,VIN_8,VIN_9,VIN_10,VIN_11,VIN_12,TOW_VEH,J_KNIFE,MCARR_I1,MCARR_I2,MCARR_ID,GVWR,V_CONFIG,CARGO_BT,HAZ_INV,HAZ_PLAC,HAZ_ID,HAZ_CNO,HAZ_REL,BUS_USE,SPEC_USE,EMER_USE,TRAV_SP,UNDERIDE,ROLLOVER,ROLINLOC,IMPACT1,DEFORMED,TOWED,M_HARM,VEH_SC1,VEH_SC2,FIRE_EXP,DR_PRES,L_STATE,DR_ZIP,L_STATUS,L_TYPE,CDL_STAT,L_ENDORS,L_COMPL,L_RESTRI,DR_HGT,DR_WGT,PREV_ACC,PREV_SUS,PREV_DWI,PREV_SPD,PREV_OTH,FIRST_MO,FIRST_YR,LAST_MO,LAST_YR,SPEEDREL,DR_SF1,DR_SF2,DR_SF3,DR_SF4,VTRAFWAY,VNUM_LAN,VSPD_LIM,VALIGN,VPROFILE,VPAVETYP,VSURCOND,VTRAFCON,VTCONT_F,P_CRASH1,P_CRASH2,P_CRASH3,PCRASH4,PCRASH5,ACC_TYPE,DEATHS,DR_DRINK
1,10161,1,2,2,1,4,12,47,12,6,1,0,1,2,35,47,35047,4,2003,1N4AL11D23C1,1,N,4,A,L,1,1,D,2,3,C,1,0,0,0,000000000,00000000000,0,0,0,1,0,0,0,0,0,0,0,999,0,0,0,12,6,2,12,0,0,0,1,1,36108,1,1,0,0,2,1,65,135,0,1,0,0,0,7,2013,7,2013,0,28,0,0,0,1,2,45,1,1,2,1,0,0,1,10,99,1,2,64,1,0
1,10161,2,2,2,1,4,12,47,12,6,1,0,1,3,12,481,12481,31,2014,1FD8W3G61EEB,1,F,D,8,W,3,G,6,1,E,E,B,0,0,0,000000000,00000000000,0,0,0,1,0,0,0,0,0,0,0,999,0,0,0,3,6,2,12,0,0,0,1,1,36067,6,1,6,0,3,0,69,150,0,0,0,1,0,6,2011,6,2011,0,0,0,0,0,1,2,45,1,1,2,1,0,0,1,62,6,1,1,65,0,0
1,10162,1,2,1,3,2,14,30,12,1,1,0,1,1,21,20,21020,4,1993,1G3AG54N8P64,1,G,3,A,G,5,4,N,8,P,6,4,0,0,0,000000000,00000000000,0,0,0,1,0,0,0,0,0,0,0,65,0,0,0,12,6,2,12,0,0,0,1,1,36726,6,1,0,0,3,0,72,180,0,0,0,0,0,0,0,0,0,0,89,26,0,0,1,2,50,1,1,2,1,0,0,1,52,99,1,1,28,1,0
1,10162,2,2,1,3,2,14,30,12,1,1,0,1,2,20,481,20481,31,2002,2GCEC19W0213,2,G,C,E,C,1,9,W,0,2,1,3,1,1,0,000000000,00000000000,0,0,0,1,0,0,0,0,0,0,0,15,0,0,0,6,0,5,12,0,0,0,1,1,36726,6,1,0,0,3,0,65,140,0,0,0,0,0,0,0,0,0,0,0,0,0,0,1,2,50,1,1,2,1,0,0,10,53,1,1,1,31,0,0
1,10163,1,1,1,21,3,1,45,8,0,1,1,1,1,20,481,20481,31,2004,1GCHK231X4F1,1,G,C,H,K,2,3,1,X,4,F,1,0,0,0,000000000,00000000000,0,0,0,1,0,0,0,0,0,0,0,999,0,0,0,12,9,3,8,0,0,0,1,1,36117,6,1,0,0,3,0,70,170,0,0,0,0,0,0,0,0,0,0,0,0,0,0,1,2,35,1,1,2,1,0,0,1,13,99,1,4,1,0,1
1,10164,1,2,1,22,3,3,55,24,0,1,0,1,2,20,481,20481,31,2003,2GCEK19T2312,2,G,C,E,K,1,9,T,2,3,1,2,0,0,0,000000000,00000000000,0,0,0,1,0,0,0,0,0,0,0,85,0,1,5,1,6,2,1,0,0,0,1,1,35405,6,1,0,0,3,0,72,290,0,0,0,0,0,0,0,0,0,0,58,0,0,0,3,2,70,1,1,2,1,0,0,15,12,7,1,4,1,1,1
1,10164,2,2,2,22,3,3,55,24,0,1,0,1,2,7,482,7482,31,2013,3C63RRHL8DG6,3,C,6,3,R,R,H,L,8,D,G,6,0,0,0,000000000,00000000000,0,0,0,1,0,0,0,0,0,0,0,70,0,0,0,12,6,2,12,0,0,0,1,22,71403,6,1,0,0,3,0,69,180,0,1,0,0,1,11,2011,11,2011,0,0,0,0,0,3,2,70,1,1,2,1,0,0,1,61,99,1,1,98,0,0
1,10165,1,1,1,22,3,20,10,42,0,1,0,1,2,20,37,20037,4,1997,1G1ND52M2V61,1,G,1,N,D,5,2,M,2,V,6,1,0,0,0,000000000,00000000000,0,0,0,1,0,0,0,0,0,0,0,70,0,1,5,12,6,2,1,0,0,0,1,1,36481,0,0,0,0,0,0,75,170,0,0,0,0,0,0,0,0,0,3,58,0,0,0,1,2,45,1,1,2,1,0,0,1,12,7,1,4,1,1,1
1,10166,1,1,1,23,3,21,15,8,0,1,1,1,1,12,401,12401,14,2004,1FMZU73E74UB,1,F,M,Z,U,7,3,E,7,4,U,B,0,0,0,000000000,00000000000,0,0,0,1,0,0,0,0,0,0,0,35,0,0,0,12,9,5,8,0,0,0,1,1,36201,6,1,0,0,3,0,74,170,0,0,0,0,0,0,0,0,0,0,99,99,99,99,1,2,25,1,1,2,1,0,0,1,80,99,1,1,13,0,0
1,10167,1,1,2,26,3,22,38,5,0,1,0,1,2,12,471,12471,30,2010,1FTKR1ED9APA,1,F,T,K,R,1,E,D,9,A,P,A,0,0,0,000000000,00000000000,0,0,0,1,0,0,0,0,0,0,0,999,0,0,0,0,2,3,5,0,0,0,1,21,42301,6,1,0,0,3,0,64,145,0,2,1,0,0,6,2011,7,2011,0,0,0,0,0,3,2,45,1,5,8,1,0,0,1,98,99,1,1,0,1,1
1,10168,1,1,1,26,3,22,0,32,0,1,0,1,2,35,47,35047,4,2005,1N4AL11DX5C2,1,N,4,A,L,1,1,D,X,5,C,2,0,0,0,000000000,00000000000,0,0,0,1,0,0,0,0,0,0,0,999,0,1,5,12,6,2,32,0,0,0,1,1,36784,6,1,0,0,3,0,69,145,0,0,0,0,0,0,0,0,0,3,0,0,0,0,1,2,45,1,1,2,1,0,0,1,12,99,2,4,6,1,1
1,10169,1,1,1,27,3,19,5,42,0,1,0,1,2,20,481,20481,31,1992,1GCEK14K8NZ1,1,G,C,E,K,1,4,K,8,N,Z,1,0,0,0,000000000,00000000000,0,0,0,1,0,0,0,0,0,0,0,55,0,0,0,12,6,2,42,0,0,0,1,1,36862,6,1,6,0,3,1,74,250,0,0,0,0,0,0,0,0,0,0,0,0,0,0,1,2,55,1,6,2,1,0,0,1,13,1,1,4,1,1,1
1,10170,1,1,1,28,3,21,20,42,0,1,0,1,3,20,403,20403,14,2005,1GNES16S0561,1,G,N,E,S,1,6,S,0,5,6,1,0,0,0,000000000,00000000000,0,0,0,1,0,0,0,0,0,0,0,55,0,0,0,12,6,2,42,0,0,0,1,1,36024,6,1,0,0,3,0,73,210,0,0,0,0,0,0,0,0,0,0,0,0,0,0,1,2,55,2,6,2,1,0,0,14,13,99,1,4,1,1,1
1,10171,1,1,1,30,3,3,10,42,0,1,0,1,2,35,498,35498,30,1997,1N6SD11S5VC4,1,N,6,S,D,1,1,S,5,V,C,4,0,0,0,000000000,00000000000,0,0,0,1,0,0,0,0,0,0,0,55,0,0,0,12,6,2,42,0,0,0,1,1,35546,6,1,0,0,3,0,63,160,0,0,0,0,0,0,0,0,0,0,0,0,0,0,1,2,55,2,1,2,1,0,0,1,12,1,1,4,6,1,0
1,10172,1,1,2,30,3,8,10,42,0,1,0,47,1,2,404,2404,14,2001,1J4FF47S41L6,1,J,4,F,F,4,7,S,4,1,L,6,0,0,0,000000000,00000000000,0,0,0,1,0,0,0,0,0,0,0,80,0,0,0,12,6,2,42,0,0,1,1,47,37404,6,1,0,0,3,0,69,140,0,0,0,0,0,0,0,0,0,3,8,0,0,0,2,2,55,3,1,2,1,0,0,14,13,99,1,4,1,1,1
1,10173,1,1,1,30,3,22,45,42,0,1,0,1,1,18,2,18002,4,1988,1G4HR54C9JH5,1,G,4,H,R,5,4,C,9,J,H,5,0,0,0,000000000,00000000000,0,0,0,1,0,0,0,0,0,0,0,60,0,1,5,7,6,2,1,0,0,0,1,1,35033,6,1,0,0,3,0,68,125,0,0,0,0,0,0,0,0,0,3,0,0,0,0,1,2,45,3,5,2,1,0,0,14,6,1,3,4,2,1,0
1,10174,1,3,2,30,3,17,11,12,6,1,0,1,1,21,20,21020,4,1996,1G3AJ55M7T63,1,G,3,A,J,5,5,M,7,T,6,3,0,0,0,000000000,00000000000,0,0,0,1,0,0,0,0,0,0,0,999,0,0,0,3,6,2,12,0,0,0,1,1,36830,6,1,0,0,3,0,72,180,0,0,0,0,0,0,0,0,0,0,38,0,0,0,1,2,25,1,1,2,1,20,3,1,17,99,1,1,87,1,0
1,10174,2,3,1,30,3,17,11,12,6,1,0,40,2,35,402,35402,14,2003,5N1MD28Y03C6,5,N,1,M,D,2,8,Y,0,3,C,6,0,0,0,000000000,00000000000,0,0,0,1,0,0,0,0,0,0,0,999,0,0,0,12,6,2,12,0,0,0,1,40,74137,6,1,0,0,3,0,63,120,0,0,0,0,0,0,0,0,0,0,0,0,0,0,1,2,30,1,6,2,1,0,0,1,66,9,1,1,86,0,0
1,10174,3,3,2,30,3,17,11,12,6,1,0,1,1,48,45,48045,6,2014,4S4BRDLC2E22,4,S,4,B,R,D,L,C,2,E,2,2,0,0,0,000000000,00000000000,0,0,0,1,0,0,0,0,0,0,0,999,0,0,0,11,2,3,12,0,0,0,1,1,36526,6,1,0,0,3,0,69,180,1,0,0,0,0,10,2013,10,2013,0,89,0,0,0,1,2,25,1,1,2,1,20,3,2,62,1,1,1,98,0,0
1,10175,1,2,1,31,3,2,30,12,2,1,0,1,2,30,40,30040,4,2003,3VWRK69M83M1,3,V,W,R,K,6,9,M,8,3,M,1,0,0,0,000000000,00000000000,0,0,0,1,0,0,0,0,0,0,0,90,0,0,0,12,6,2,12,0,0,0,1,1,35906,0,0,0,0,0,0,999,999,0,0,0,0,0,0,0,0,0,3,23,0,0,0,2,2,70,1,1,2,1,0,0,1,54,1,1,1,52,1,1
1,10175,2,2,1,31,3,2,30,12,2,1,0,13,4,82,884,82884,66,2012,1FUJGEDR5CSB,1,F,U,J,G,E,D,R,5,C,S,B,1,1,57,165420,57165420,3,6,1,1,0,0,0,0,0,0,0,70,0,0,0,12,6,2,12,0,0,0,1,13,30742,6,1,6,0,3,1,68,215,98,0,0,0,0,0,0,0,0,0,0,0,0,0,2,2,70,1,1,2,1,0,0,1,54,1,1,1,52,0,0
1,10176,1,1,1,7,4,99,99,42,0,1,0,1,1,41,50,41050,4,2003,1YVFP80C735M,1,Y,V,F,P,8,0,C,7,3,5,M,0,0,0,000000000,00000000000,0,0,0,1,0,0,0,0,0,0,0,999,0,0,0,9,6,2,42,0,0,0,1,1,35173,6,1,0,0,3,0,63,140,1,0,0,2,0,10,2011,1,2013,9,99,99,99,99,1,2,40,2,1,2,99,0,0,14,12,1,1,4,6,1,0
1,10177,1,1,1,3,4,3,45,30,0,1,0,1,1,34,43,34043,1,2013,WBAUL7C56DVU,W,B,A,U,L,7,C,5,6,D,V,U,0,0,0,000000000,00000000000,0,0,0,1,0,0,0,0,0,0,0,999,0,1,5,12,6,2,30,0,0,0,1,1,36608,6,1,0,0,3,0,66,165,0,0,0,1,0,4,2011,4,2011,3,89,0,0,0,2,3,45,1,8,2,1,0,0,1,13,99,1,4,1,1,1
1,10178,1,1,1,4,4,5,56,42,0,1,0,1,2,37,32,37032,4,2005,1HGCM55405A1,1,H,G,C,M,5,5,4,0,5,A,1,0,0,0,000000000,00000000000,0,0,0,1,0,0,0,0,0,0,0,999,0,0,0,3,6,2,42,0,0,0,1,1,36582,1,1,0,0,2,0,64,115,2,2,0,0,1,12,2011,3,2014,0,89,58,0,0,1,2,45,3,1,2,1,0,0,14,12,99,1,4,6,1,1
1,10179,1,2,1,4,4,15,20,12,2,1,0,1,1,20,39,20039,4,2008,KL1TD56648B2,K,L,1,T,D,5,6,6,4,8,B,2,0,0,0,000000000,00000000000,0,0,0,1,0,0,0,0,0,0,0,50,0,0,0,12,6,2,12,0,0,0,1,1,35957,6,1,0,0,3,1,59,175,0,0,0,0,0,0,0,0,0,4,28,0,0,0,5,5,40,2,1,2,2,0,0,14,6,1,1,2,50,1,0
1,10179,2,2,1,4,4,15,20,12,2,1,0,1,1,13,15,13015,4,2011,1LNHL9DR0BG6,1,L,N,H,L,9,D,R,0,B,G,6,0,0,0,000000000,00000000000,0,0,0,1,0,0,0,0,0,0,0,999,0,0,0,12,6,2,12,0,0,0,1,1,35954,6,1,0,0,3,0,63,110,0,0,0,0,0,0,0,0,0,0,89,0,0,0,5,5,40,3,1,2,2,0,0,14,62,99,1,1,51,0,0
1,10180,1,1,1,5,4,11,10,32,0,1,0,1,1,23,421,23421,15,2008,1GKFK63838J1,1,G,K,F,K,6,3,8,3,8,J,1,0,0,0,000000000,00000000000,0,0,0,1,0,0,0,0,0,0,0,999,0,0,0,12,6,2,32,0,0,0,1,1,36830,6,1,6,0,3,0,72,255,0,0,0,0,0,0,0,0,0,0,0,0,0,0,2,3,55,1,6,2,1,0,0,1,12,99,2,4,2,1,0
1,10181,1,1,1,9,3,14,42,30,0,1,0,1,2,72,706,72706,80,2003,1HD4CJM133K4,1,H,D,4,C,J,M,1,3,3,K,4,0,0,0,000000000,00000000000,0,0,0,1,0,0,0,0,0,0,0,999,0,0,0,12,6,2,30,0,0,0,1,1,35674,6,1,0,0,3,0,75,200,0,0,0,0,0,0,0,0,0,9,99,99,99,99,1,2,35,2,6,2,1,0,0,14,13,1,1,4,1,1,0
1,10182,1,1,4,29,3,22,5,8,0,1,0,1,1,12,481,12481,31,2012,1FT7W2BT6CEA,1,F,T,7,W,2,B,T,6,C,E,A,0,0,0,000000000,00000000000,0,0,0,1,0,0,0,0,0,0,0,999,0,0,0,12,4,3,8,0,0,0,1,1,36527,6,1,0,0,3,1,70,200,0,0,0,0,0,0,0,0,0,0,89,0,0,0,5,5,45,1,1,2,1,0,0,1,80,99,1,1,13,0,1
1,10183,1,2,1,4,4,7,20,12,6,1,0,1,1,12,3,12003,2,2003,1FAFP42X13F4,1,F,A,F,P,4,2,X,1,3,F,4,0,0,0,000000000,00000000000,0,0,0,1,0,0,0,0,0,0,0,999,0,0,0,9,6,2,12,0,0,0,1,1,36107,6,1,0,0,3,0,67,210,0,0,0,0,0,0,0,0,0,0,38,0,0,0,1,2,50,1,1,2,1,20,3,11,15,99,1,1,82,1,0
1,10183,2,2,3,4,4,7,20,12,6,1,0,1,1,20,481,20481,31,2007,1GCEK19Z27Z1,1,G,C,E,K,1,9,Z,2,7,Z,1,0,0,0,000000000,00000000000,0,0,0,1,0,0,0,0,0,0,0,50,0,0,0,12,6,2,12,0,0,0,1,1,36093,6,2,0,0,3,1,71,180,0,0,0,0,0,0,0,0,0,0,0,0,0,0,1,3,50,1,1,2,1,4,3,1,67,99,1,1,83,0,0
1,10184,1,2,1,12,4,12,45,12,6,1,0,1,1,20,24,20024,6,2009,1GNER13D79S1,1,G,N,E,R,1,3,D,7,9,S,1,0,0,0,000000000,00000000000,0,0,0,1,0,0,0,0,0,0,0,20,0,0,0,8,6,2,12,0,0,0,1,1,35094,6,1,0,0,3,0,75,210,2,0,0,0,0,12,2012,9,2013,0,38,0,0,0,1,2,45,1,5,2,1,20,3,1,17,1,1,1,89,1,0
1,10184,2,2,5,12,4,12,45,12,6,1,0,1,2,35,421,35421,15,2007,5N1BA08A87N7,5,N,1,B,A,0,8,A,8,7,N,7,0,0,0,000000000,00000000000,0,0,0,1,0,0,0,0,0,0,0,55,0,0,0,12,6,2,12,0,0,0,1,1,36758,6,1,0,0,3,1,72,235,0,0,0,0,0,0,0,0,0,0,0,0,0,0,1,2,55,1,1,2,1,20,3,1,66,1,1,1,88,0,0
1,10185,1,1,3,15,4,13,52,24,0,1,0,13,2,7,482,7482,31,2004,1D7HA18N64J1,1,D,7,H,A,1,8,N,6,4,J,1,0,0,0,000000000,00000000000,0,0,0,1,0,0,0,0,0,0,0,999,0,1,5,12,6,2,1,0,0,0,1,13,30161,1,1,0,0,2,0,70,210,98,2,0,0,2,7,2011,2,2014,0,58,0,0,0,2,2,70,1,1,2,1,0,0,1,12,7,3,4,2,1,0
1,10186,1,2,2,17,4,9,52,12,2,1,0,1,1,63,34,63034,4,2005,KNAGD1266554,K,N,A,G,D,1,2,6,6,5,5,4,0,0,0,000000000,00000000000,0,0,0,1,0,0,0,0,0,0,0,60,0,0,0,12,6,2,12,0,0,0,1,1,35563,6,1,0,0,3,0,60,150,0,0,0,1,0,12,2013,12,2013,0,89,28,0,0,1,2,55,1,1,2,1,0,0,1,10,99,1,2,50,2,0
1,10186,2,2,1,17,4,9,52,12,2,1,0,1,4,82,884,82884,63,2011,1FVACXBS0BDB,1,F,V,A,C,X,B,S,0,B,D,B,0,0,57,229982,57229982,3,1,1,1,0,0,0,0,0,0,0,55,0,0,0,12,6,2,12,0,0,0,1,1,35630,6,1,6,0,3,1,70,183,1,0,0,1,0,8,2011,9,2013,0,0,0,0,0,1,2,55,1,1,2,1,0,0,1,62,1,1,1,51,0,0
1,10187,1,2,2,18,4,2,17,12,1,1,0,48,1,20,461,20461,21,2004,1GAHG39U5411,1,G,A,H,G,3,9,U,5,4,1,1,0,0,0,000000000,00000000000,0,0,0,1,0,0,0,0,0,0,0,60,0,0,0,12,6,2,12,0,0,0,1,48,77043,6,1,0,0,3,0,999,999,0,0,0,0,0,0,0,0,0,0,89,0,0,0,3,3,65,1,1,2,2,0,0,1,51,1,1,1,24,0,0
1,10187,2,2,3,18,4,2,17,12,1,1,0,1,2,7,402,7402,14,2003,1D4HR38N03F6,1,D,4,H,R,3,8,N,0,3,F,6,0,0,0,000000000,00000000000,0,0,0,1,0,0,0,0,0,0,0,10,0,0,0,6,6,2,12,0,0,0,1,1,36611,6,1,0,0,3,0,63,260,0,0,0,0,0,0,0,0,0,0,45,0,0,0,3,3,65,1,1,2,2,0,0,1,53,1,1,1,25,1,0
1,10188,1,1,3,13,4,1,49,34,0,1,0,1,1,12,3,12003,2,1998,1FAFP42X5WF2,1,F,A,F,P,4,2,X,5,W,F,2,0,0,0,000000000,00000000000,0,0,0,1,0,0,0,0,0,0,0,80,0,0,0,12,6,2,34,0,0,0,1,1,35148,6,1,0,0,3,0,64,105,0,0,0,0,0,0,0,0,0,3,0,0,0,0,1,2,45,1,6,2,1,0,0,1,6,99,9,4,5,1,1
1,10189,1,2,1,4,4,1,29,12,2,1,0,1,2,6,52,6052,6,2002,3C8FY68B72T3,3,C,8,F,Y,6,8,B,7,2,T,3,0,0,0,000000000,00000000000,0,0,0,1,0,0,0,0,0,0,0,70,0,0,0,12,6,2,12,0,0,0,1,1,35244,6,1,0,0,3,1,63,125,0,1,1,0,0,8,2013,10,2013,0,51,0,0,0,3,3,70,1,1,2,1,0,0,1,54,7,1,2,52,1,0
1,10189,2,2,1,4,4,1,29,12,2,1,0,37,3,82,890,82890,66,2010,1FUBGDDR6ALA,1,F,U,B,G,D,D,R,6,A,L,A,2,1,77,777777777,77777777777,3,7,1,1,0,0,0,0,0,0,0,70,0,0,0,12,6,2,12,0,0,0,1,13,30058,6,1,6,0,3,1,67,250,98,0,0,0,0,0,0,0,0,0,0,0,0,0,3,3,70,1,1,2,1,0,0,1,54,6,1,2,52,0,0
1,10190,1,1,1,4,4,19,30,32,0,1,0,1,3,23,481,23481,31,1994,1GTDC14K4RZ5,1,G,T,D,C,1,4,K,4,R,Z,5,0,0,0,000000000,00000000000,0,0,0,1,0,0,0,0,0,0,0,50,0,1,5,12,6,2,1,0,0,0,1,1,35620,6,1,0,0,3,0,70,180,0,0,0,1,0,6,2011,6,2011,3,0,0,0,0,1,2,45,3,1,2,1,0,0,14,6,1,1,4,1,1,0
1,10191,1,1,1,4,4,10,15,10,0,1,0,1,1,35,47,35047,4,2010,1N4AL2AP8AC1,1,N,4,A,L,2,A,P,8,A,C,1,0,0,0,000000000,00000000000,0,0,0,1,0,0,0,0,0,0,0,45,0,0,0,12,6,2,10,0,0,0,1,1,36069,6,1,0,0,3,1,71,185,0,0,0,0,0,0,0,0,0,0,39,0,0,0,1,2,45,1,1,2,1,65,3,1,90,1,1,1,15,1,0
1,10192,1,1,1,5,4,2,34,1,0,1,0,1,2,58,37,58037,4,2007,JNKBV61E27M7,J,N,K,B,V,6,1,E,2,7,M,7,0,0,0,000000000,00000000000,0,0,0,1,0,0,0,0,0,0,0,70,0,1,5,0,6,2,1,0,0,0,1,1,36078,6,1,0,0,3,0,71,170,0,0,0,1,0,4,2013,4,2013,3,0,0,0,0,1,2,45,2,5,2,1,0,0,14,6,7,3,4,2,1,1
1,10193,1,1,2,6,4,18,32,42,0,1,0,1,2,12,422,12422,15,1999,1FMRU1769XLC,1,F,M,R,U,1,7,6,9,X,L,C,0,0,0,000000000,00000000000,0,0,0,1,0,0,0,0,0,0,0,999,0,0,0,12,6,2,2,0,0,1,1,1,36867,2,1,2,0,2,0,73,205,0,1,0,0,0,9,2011,9,2011,3,0,0,0,0,1,2,35,1,1,2,2,0,0,1,13,99,1,4,1,1,0
1,10194,1,1,2,8,4,4,30,11,0,1,0,92,0,2,404,2404,14,1995,1J4FX58S6SC5,1,J,4,F,X,5,8,S,6,S,C,5,0,0,0,000000000,00000000000,0,0,0,1,0,0,0,0,0,0,0,999,0,1,5,12,6,2,1,0,0,0,1,1,36769,2,1,2,0,2,0,64,149,0,1,2,0,0,5,2012,7,2012,3,0,0,0,0,1,2,55,1,1,2,1,0,0,1,87,99,1,1,13,2,1
1,10195,1,1,1,8,4,1,22,24,0,1,0,51,3,87,890,87890,66,2007,1XP7DB9X77D7,1,X,P,7,D,B,9,X,7,7,D,7,1,1,57,01732597,5701732597,3,6,1,1,0,0,0,0,0,0,0,70,0,1,5,1,6,2,2,0,0,1,1,24,21206,6,1,6,0,3,0,70,250,0,0,0,1,1,11,2012,2,2014,0,99,99,99,99,3,2,70,1,1,2,1,0,0,1,13,99,1,4,1,1,0
1,10196,1,3,1,9,4,20,5,12,1,1,0,1,6,35,39,35039,4,2001,JN1CA31D51T8,J,N,1,C,A,3,1,D,5,1,T,8,0,0,0,000000000,00000000000,0,0,0,1,0,0,0,0,0,0,0,0,0,0,0,6,6,2,12,0,0,0,0,0,99997,7,6,97,7,6,7,998,997,998,998,998,998,998,98,9998,98,9998,8,0,0,0,0,1,2,45,1,6,2,1,0,0,0,53,0,0,0,32,0,0
1,10196,2,3,1,9,4,20,5,12,1,1,0,1,2,52,37,52037,3,1993,4A3CF34B3PE0,4,A,3,C,F,3,4,B,3,P,E,0,0,0,0,000000000,00000000000,0,0,0,1,0,0,0,0,0,0,0,999,0,0,0,12,6,2,12,0,0,0,1,1,36619,2,1,0,0,2,0,71,240,0,1,0,0,1,12,2013,3,2014,0,0,0,0,0,1,2,45,1,6,2,1,0,0,1,50,99,1,1,32,0,0
1,10196,3,3,1,9,4,20,5,12,1,1,0,1,2,20,421,20421,15,2003,1GNEK13ZX3R2,1,G,N,E,K,1,3,Z,X,3,R,2,0,0,0,000000000,00000000000,0,0,0,1,0,0,0,0,0,0,0,999,0,0,0,12,4,3,8,0,0,0,1,1,36619,6,1,0,0,3,1,61,118,0,0,0,0,0,0,0,0,0,0,0,0,0,0,1,2,45,1,5,2,1,0,0,1,80,99,1,1,98,0,0
1,10197,1,2,1,10,4,17,30,12,1,1,0,1,1,72,706,72706,80,2014,1HD1KRM19EB6,1,H,D,1,K,R,M,1,9,E,B,6,0,0,0,000000000,00000000000,0,0,0,1,0,0,0,0,0,0,0,55,0,0,0,12,6,2,12,0,0,0,1,1,36066,6,1,0,0,3,1,73,195,1,0,0,0,0,3,2014,3,2014,0,89,26,0,0,2,2,55,1,1,1,1,0,0,1,52,99,1,1,28,1,0
1,10197,2,2,1,10,4,17,30,12,1,1,0,1,1,37,402,37402,14,2012,5J6RM3H72CL0,5,J,6,R,M,3,H,7,2,C,L,0,0,0,0,000000000,00000000000,0,0,0,1,0,0,0,0,0,0,0,5,0,0,0,6,6,2,12,0,0,0,1,1,36117,6,1,0,0,3,0,61,160,0,0,0,0,0,0,0,0,0,0,0,0,0,0,2,2,55,1,1,1,1,0,0,2,53,1,1,1,29,0,0
1,10198,1,1,1,12,4,1,28,42,0,1,0,1,1,76,709,76709,80,2007,JYARJ13E77A0,J,Y,A,R,J,1,3,E,7,7,A,0,0,0,0,000000000,00000000000,0,0,0,1,0,0,0,0,0,0,0,999,0,0,0,12,6,2,42,0,0,0,1,1,35184,6,1,0,0,3,1,68,175,1,0,0,0,0,5,2012,5,2012,3,28,0,0,0,1,2,35,2,1,2,1,0,0,14,6,1,1,4,6,1,1
1,10199,1,1,1,12,4,20,40,42,0,1,0,1,2,37,32,37032,4,2000,1HGCG165XYA0,1,H,G,C,G,1,6,5,X,Y,A,0,0,0,0,000000000,00000000000,0,0,0,1,0,0,0,0,0,0,0,70,0,1,5,12,6,2,1,0,0,0,1,1,36401,6,1,0,0,3,0,69,150,1,0,0,1,0,4,2012,1,2014,3,58,0,0,0,1,2,45,2,1,2,1,0,0,14,12,7,3,4,2,1,1
1,10200,1,1,1,13,4,1,10,59,0,1,0,1,2,37,32,37032,2,2002,1HGCG32032A0,1,H,G,C,G,3,2,0,3,2,A,0,0,0,0,000000000,00000000000,0,0,0,1,0,0,0,0,0,0,0,70,0,1,5,12,6,2,1,0,0,0,1,1,35172,2,7,0,0,2,2,61,150,0,1,0,0,0,7,2012,7,2012,3,73,0,0,0,1,2,55,3,5,2,1,0,0,14,13,99,1,4,1,1,1
1,10201,1,2,2,13,4,19,0,12,6,1,0,55,1,14,6,14006,4,2010,2MEBM7FV5AX6,2,M,E,B,M,7,F,V,5,A,X,6,0,0,0,000000000,00000000000,0,0,0,1,0,0,0,0,0,0,0,998,0,0,0,7,6,2,12,0,0,0,1,55,54143,6,1,0,0,3,0,72,295,0,0,0,0,0,0,0,0,0,0,0,0,0,0,0,0,0,0,0,0,0,0,0,11,15,10,1,1,82,0,0
1,10201,2,2,2,13,4,19,0,12,6,1,0,1,1,72,706,72706,80,2007,1HD1FC4187Y6,1,H,D,1,F,C,4,1,8,7,Y,6,0,0,0,000000000,00000000000,0,0,0,1,0,0,0,0,0,0,0,999,0,0,0,12,6,2,12,0,0,0,1,1,36527,6,1,0,0,3,0,73,225,0,0,0,0,0,0,0,0,0,9,0,0,0,0,2,4,55,1,1,2,1,0,0,1,67,99,1,1,83,1,0
1,10202,1,1,1,16,4,21,13,53,0,1,0,1,1,12,481,12481,31,2000,1FTNX21F6YEB,1,F,T,N,X,2,1,F,6,Y,E,B,0,0,0,000000000,00000000000,0,0,0,1,0,0,0,0,0,0,0,70,0,1,5,12,6,2,1,0,0,0,1,1,36080,6,1,0,0,3,0,70,200,0,0,0,1,0,2,2013,2,2013,3,28,0,0,0,1,2,45,2,6,2,1,0,0,14,12,99,1,4,6,1,1
1,10203,1,1,1,17,4,20,10,30,0,1,0,1,1,32,51,32051,4,2014,WAU2GAFC7EN0,W,A,U,2,G,A,F,C,7,E,N,0,0,0,0,000000000,00000000000,0,0,0,1,0,0,0,0,0,0,0,999,0,0,0,12,6,2,30,0,0,0,1,1,35810,6,1,0,0,3,0,69,190,0,0,0,0,1,6,2011,6,2011,0,89,0,0,0,1,2,35,3,9,2,1,0,0,14,13,99,1,4,1,1,1
1,10204,1,1,1,19,4,0,15,42,0,1,0,1,1,20,16,20016,4,1999,1G1JC5246X71,1,G,1,J,C,5,2,4,6,X,7,1,0,0,0,000000000,00000000000,0,0,0,1,0,0,0,0,0,0,0,65,0,1,5,12,6,2,1,0,0,0,1,1,36736,6,1,0,0,3,0,72,170,0,0,0,0,0,0,0,0,0,4,0,0,0,0,1,2,45,1,6,2,2,0,0,1,6,1,3,4,2,1,1