STATE,ST_CASE,VEH_NO,VE_FORMS,NUMOCCS,DAY,MONTH,HOUR,MINUTE,HARM_EV,MAN_COLL,UNITTYPE,HIT_RUN,REG_STAT,OWNER,MAKE,MODEL,MAK_MOD,BODY_TYP,MOD_YEAR,VIN,VIN_1,VIN_2,VIN_3,VIN_4,VIN_5,VIN_6,VIN_7,VIN_8,VIN_9,VIN_10,VIN_11,VIN_12,TOW_VEH,J_KNIFE,MCARR_I1,MCARR_I2,MCARR_ID,GVWR,V_CONFIG,CARGO_BT,HAZ_INV,HAZ_PLAC,HAZ_ID,HAZ_CNO,HAZ_REL,BUS_USE,SPEC_USE,EMER_USE,TRAV_SP,UNDERIDE,ROLLOVER,ROLINLOC,IMPACT1,DEFORMED,TOWED,M_HARM,VEH_SC1,VEH_SC2,FIRE_EXP,DR_PRES,L_STATE,DR_ZIP,L_STATUS,L_TYPE,CDL_STAT,L_ENDORS,L_COMPL,L_RESTRI,DR_HGT,DR_WGT,PREV_ACC,PREV_SUS,PREV_DWI,PREV_SPD,PREV_OTH,FIRST_MO,FIRST_YR,LAST_MO,LAST_YR,SPEEDREL,DR_SF1,DR_SF2,DR_SF3,DR_SF4,VTRAFWAY,VNUM_LAN,VSPD_LIM,VALIGN,VPROFILE,VPAVETYP,VSURCOND,VTRAFCON,VTCONT_F,P_CRASH1,P_CRASH2,P_CRASH3,PCRASH4,PCRASH5,ACC_TYPE,DEATHS,DR_DRINK
1,10245,1,2,2,1,5,20,35,12,6,1,0,1,2,20,481,20481,31,2008,1GCHK24678E1,1,G,C,H,K,2,4,6,7,8,E,1,0,0,0,000000000,00000000000,0,0,0,1,0,0,0,0,0,0,0,50,0,1,1,3,6,2,12,0,0,0,1,1,36759,6,1,0,0,3,0,64,120,0,0,0,2,0,9,2011,5,2012,0,28,0,0,0,1,2,45,1,1,2,1,0,0,1,52,8,2,2,64,1,0
1,10245,2,2,1,1,5,20,35,12,6,1,0,12,3,85,884,85884,66,2012,1XKADP9X9CJ2,1,X,K,A,D,P,9,X,9,C,J,2,1,1,57,190616,57190616,3,6,2,1,0,0,0,0,0,0,0,50,0,0,0,12,6,2,12,0,0,0,1,1,35007,6,1,6,0,3,1,65,145,0,0,0,0,0,0,0,0,0,0,89,0,0,0,1,2,45,1,6,2,1,0,0,1,62,1,1,1,65,0,0
1,10246,1,1,1,1,5,15,5,43,0,1,0,1,2,22,20,22020,4,2005,2G2WS5229511,2,G,2,W,S,5,2,2,9,5,1,1,0,0,0,000000000,00000000000,0,0,0,1,0,0,0,0,0,0,0,999,0,1,5,10,6,2,42,0,0,0,1,1,36741,6,1,0,0,3,0,65,150,0,0,0,1,0,11,2012,11,2012,3,58,0,0,0,1,2,55,1,1,2,1,0,0,1,13,6,4,4,7,1,0
1,10247,1,2,1,3,5,22,15,12,2,1,0,1,2,98,709,98709,80,2013,2BXNCBC17DV0,2,B,X,N,C,B,C,1,7,D,V,0,0,0,0,000000000,00000000000,0,0,0,1,0,0,0,0,0,0,0,999,0,0,0,12,6,2,12,0,0,0,1,1,35023,6,1,0,0,3,1,64,200,0,0,0,0,0,0,0,0,0,0,51,0,0,0,1,2,45,2,5,2,1,0,0,14,54,7,1,1,52,1,0
1,10247,2,2,2,3,5,22,15,12,2,1,0,1,1,35,47,35047,4,2013,1N4AL3AP2DC2,1,N,4,A,L,3,A,P,2,D,C,2,0,0,0,000000000,00000000000,0,0,0,1,0,0,0,0,0,0,0,45,0,0,0,12,6,2,12,0,0,0,1,1,35020,6,1,0,0,3,1,69,197,0,0,0,0,0,0,0,0,0,0,0,0,0,0,1,2,45,2,6,2,1,0,0,14,54,6,1,1,52,0,0
1,10248,1,1,1,12,5,13,5,59,0,1,0,1,1,20,481,20481,31,2009,1GCEK19C09Z2,1,G,C,E,K,1,9,C,0,9,Z,2,0,0,0,000000000,00000000000,0,0,0,1,0,0,0,0,0,0,0,45,0,0,0,12,6,2,42,0,0,0,1,1,36532,6,1,0,0,3,1,73,200,0,0,0,0,0,0,0,0,0,0,89,28,0,0,1,2,45,1,6,2,1,0,0,1,12,1,1,4,6,1,0
1,10249,1,2,1,9,5,18,36,12,2,1,0,92,0,73,709,73709,80,2007,JKAZX4P177A0,J,K,A,Z,X,4,P,1,7,7,A,0,0,0,0,000000000,00000000000,0,0,0,1,0,0,0,0,0,0,0,100,0,0,0,12,6,2,12,0,0,0,1,1,36360,2,1,0,0,2,1,72,125,0,1,1,0,0,8,2012,8,2013,3,8,28,0,0,1,2,35,2,5,2,1,0,0,14,6,1,1,2,50,1,1
1,10249,2,2,1,9,5,18,36,12,2,1,0,1,1,49,40,49040,2,2008,4T1CA30P18U1,4,T,1,C,A,3,0,P,1,8,U,1,0,0,0,000000000,00000000000,0,0,0,1,0,0,0,0,0,0,0,35,0,0,0,12,6,2,12,0,0,0,1,1,36360,6,1,0,0,3,0,65,165,0,0,0,0,1,10,2012,10,2012,0,89,0,0,0,1,2,35,3,6,2,1,0,0,14,62,99,1,1,51,0,0
1,10250,1,1,1,10,5,22,33,8,0,1,0,1,1,22,18,22018,4,1999,1G2NE52E5XC5,1,G,2,N,E,5,2,E,5,X,C,5,0,0,0,000000000,00000000000,0,0,0,1,0,0,0,0,0,0,0,35,0,0,0,12,0,3,8,0,0,0,1,1,36054,6,1,6,0,3,0,65,210,0,0,0,0,0,0,0,0,0,0,0,0,0,0,1,2,35,2,6,2,1,0,0,14,80,9,1,1,13,0,0
1,10251,1,2,5,12,5,13,39,12,6,1,0,1,2,23,421,23421,15,2005,3GKEC16Z65G1,3,G,K,E,C,1,6,Z,6,5,G,1,0,0,0,000000000,00000000000,0,0,0,1,0,0,0,0,0,0,0,999,0,1,9,3,6,2,12,0,0,0,1,1,35741,6,1,0,0,3,1,64,130,0,0,0,0,0,0,0,0,0,0,38,0,0,0,2,2,55,1,1,2,1,3,3,11,15,1,1,1,68,1,0
1,10251,2,2,1,12,5,13,39,12,6,1,0,1,3,82,884,82884,66,2005,1FUJALCK45DN,1,F,U,J,A,L,C,K,4,5,D,N,1,1,57,1080583,571080583,3,6,8,1,0,0,0,0,0,0,0,999,0,0,0,12,6,2,12,0,0,0,1,1,35956,6,1,6,0,3,0,72,170,0,0,0,1,0,1,2012,1,2012,0,0,0,0,0,2,2,55,1,1,2,1,3,3,1,62,99,1,1,69,0,0
1,10252,1,2,1,12,5,14,49,12,6,1,0,1,2,54,31,54031,3,2001,JH4DC44691S0,J,H,4,D,C,4,4,6,9,1,S,0,0,0,0,000000000,00000000000,0,0,0,1,0,0,0,0,0,0,0,3,0,0,0,9,6,2,12,0,0,0,1,1,35124,6,1,0,0,3,1,62,130,0,0,0,0,0,0,0,0,0,0,38,0,0,0,1,2,20,1,6,2,1,20,3,11,15,1,1,1,82,1,0
1,10252,2,2,2,12,5,14,49,12,6,1,0,1,1,41,471,41471,30,1994,4F4CR16X4RTM,4,F,4,C,R,1,6,X,4,R,T,M,0,0,0,000000000,00000000000,0,0,0,1,0,0,0,0,0,0,0,45,0,0,0,12,6,2,12,0,0,0,1,1,35124,6,1,0,0,3,1,65,185,0,0,0,0,0,0,0,0,0,0,89,0,0,0,1,2,45,1,1,2,1,0,0,1,67,2,1,1,83,0,0
1,10253,1,1,1,25,4,9,27,8,0,1,0,1,1,12,481,12481,31,2000,1FTRX18L9YKB,1,F,T,R,X,1,8,L,9,Y,K,B,1,1,0,000000000,00000000000,0,0,0,1,0,0,0,0,0,0,0,60,0,0,0,12,4,5,8,0,0,0,1,12,35071,6,1,0,0,3,0,70,999,0,0,0,0,0,0,0,0,0,0,0,0,0,0,2,2,50,1,5,2,1,0,0,1,13,99,1,4,1,0,1
1,10254,1,1,1,1,5,6,56,38,0,1,0,1,1,20,403,20403,14,2005,1GNDS13S8522,1,G,N,D,S,1,3,S,8,5,2,2,0,0,0,000000000,00000000000,0,0,0,1,0,0,0,0,0,0,0,40,0,0,0,12,6,2,42,0,0,0,1,1,35180,6,1,0,0,3,0,75,222,0,0,0,0,0,0,0,0,0,0,0,0,0,0,1,2,40,3,1,2,1,0,0,14,13,99,2,4,2,1,0
1,10255,1,1,1,15,5,9,48,32,0,1,0,1,1,19,3,19003,4,2003,1G6KD54Y33U2,1,G,6,K,D,5,4,Y,3,3,U,2,0,0,0,000000000,00000000000,0,0,0,1,0,0,0,0,0,0,0,55,0,1,5,12,6,2,1,0,0,0,1,1,35180,6,1,0,0,3,1,63,140,0,0,0,0,0,0,0,0,0,0,0,0,0,0,1,2,45,4,1,2,1,0,0,14,13,99,1,4,1,1,0
1,10256,1,2,1,29,4,2,10,12,2,1,0,1,2,20,481,20481,31,1997,2GCEK19R2V11,2,G,C,E,K,1,9,R,2,V,1,1,0,0,0,000000000,00000000000,0,0,0,1,0,0,0,0,0,0,0,999,0,0,0,12,6,2,12,0,0,0,1,1,35051,6,1,0,0,3,1,74,235,0,0,0,1,1,1,2012,2,2013,0,28,0,0,0,5,5,50,1,1,2,2,0,0,1,10,1,1,2,50,1,1
1,10256,2,2,1,29,4,2,10,12,2,1,0,1,3,51,884,51884,66,2007,4V4MC9GF37N4,4,V,4,M,C,9,G,F,3,7,N,4,1,1,57,092261,57092261,3,6,1,1,0,0,0,0,0,0,0,45,0,0,0,12,6,2,12,0,0,0,1,1,35117,6,1,6,0,3,0,72,165,0,0,0,0,0,0,0,0,0,0,0,0,0,0,5,5,50,1,1,2,2,0,0,1,62,7,1,1,51,0,0
1,10257,1,1,1,2,5,3,42,8,0,1,1,1,1,21,2,21002,4,1998,1G3HN52K5W48,1,G,3,H,N,5,2,K,5,W,4,8,0,0,0,000000000,00000000000,0,0,0,1,0,0,0,0,0,0,0,999,0,0,0,12,4,3,8,0,0,0,1,1,35226,6,1,0,0,3,1,72,170,0,0,0,0,0,0,0,0,0,0,28,40,0,0,2,3,55,1,1,2,1,40,3,1,80,1,1,4,6,0,0
1,10258,1,1,4,3,5,17,32,9,0,1,0,1,2,20,421,20421,15,2001,1GNEK13T51J1,1,G,N,E,K,1,3,T,5,1,J,1,0,0,0,000000000,00000000000,0,0,0,1,0,0,0,0,0,0,0,50,0,0,0,12,2,3,9,0,0,0,1,1,36610,0,0,0,0,0,0,999,999,0,0,0,0,0,0,0,0,0,4,0,0,0,0,1,2,20,3,1,2,1,0,0,14,83,1,1,1,13,0,1
1,10259,1,1,3,3,5,6,23,10,0,1,0,1,2,22,18,22018,2,2005,1G2NE52E65M2,1,G,2,N,E,5,2,E,6,5,M,2,0,0,0,000000000,00000000000,0,0,0,1,0,0,0,0,0,0,0,5,0,0,0,3,6,2,10,0,0,0,1,1,36203,6,1,0,0,3,0,63,180,0,0,0,0,0,0,0,0,0,0,0,0,0,0,1,2,35,1,1,2,1,65,3,1,90,1,1,1,15,2,0
1,10260,1,2,2,3,5,15,40,12,6,1,0,1,1,6,16,6016,1,1991,1C3XJ4531MG1,1,C,3,X,J,4,5,3,1,M,G,1,0,0,0,000000000,00000000000,0,0,0,1,0,0,0,0,0,0,0,10,0,0,0,9,6,2,12,0,0,0,1,1,35674,6,1,0,0,3,0,75,200,0,0,0,0,0,0,0,0,0,0,89,38,0,0,1,3,55,1,1,2,1,20,3,11,15,1,1,1,82,2,0
1,10260,2,2,1,3,5,15,40,12,6,1,0,1,1,20,481,20481,31,1991,2GCEC19K6M11,2,G,C,E,C,1,9,K,6,M,1,1,0,0,0,000000000,00000000000,0,0,0,1,0,0,0,0,0,0,0,60,0,0,0,12,6,2,12,0,0,0,1,1,35674,6,1,0,0,3,0,73,225,0,0,0,1,0,6,2011,6,2011,0,0,0,0,0,2,3,65,1,1,2,1,0,0,1,66,3,1,1,83,0,0
1,10261,1,2,1,4,5,14,55,12,7,1,0,13,1,72,706,72706,80,2002,1HD1BMY102Y0,1,H,D,1,B,M,Y,1,0,2,Y,0,0,0,0,000000000,00000000000,0,0,0,1,0,0,0,0,0,0,0,80,0,0,0,9,6,2,24,0,0,0,1,13,31904,6,1,0,0,3,0,68,250,98,0,0,0,0,0,0,0,0,3,0,0,0,0,2,2,65,1,1,2,1,0,0,1,1,1,1,1,44,1,0
1,10261,2,2,1,4,5,14,55,12,7,1,0,1,2,72,706,72706,80,1998,1HD1GEL19WY3,1,H,D,1,G,E,L,1,9,W,Y,3,0,0,0,000000000,00000000000,0,0,0,1,0,0,0,0,0,0,0,80,0,0,0,10,6,2,12,0,0,0,1,1,36869,6,1,0,0,3,1,73,180,0,0,0,0,0,0,0,0,0,3,89,0,0,0,2,2,65,1,1,2,1,0,0,1,51,1,1,1,45,1,0
1,10262,1,2,4,7,5,7,35,12,1,1,0,1,1,24,1,24001,4,1997,1G8ZF5283VZ1,1,G,8,Z,F,5,2,8,3,V,Z,1,0,0,0,000000000,00000000000,0,0,0,1,0,0,0,0,0,0,0,45,0,0,0,12,6,2,12,0,0,0,1,1,35979,6,1,6,0,3,1,62,105,0,0,0,0,1,11,2012,11,2012,0,89,0,0,0,1,2,45,1,5,2,1,40,3,1,50,1,1,1,20,1,0
1,10262,2,2,1,7,5,7,35,12,1,1,0,1,3,86,884,86884,63,2014,1M2AX09C2EM0,1,M,2,A,X,0,9,C,2,E,M,0,0,0,88,888888888,88888888888,3,2,4,1,0,0,0,0,0,0,0,0,0,0,0,6,6,2,12,0,0,0,1,1,35979,6,1,6,0,3,1,62,105,0,0,0,0,1,11,2012,11,2012,0,89,0,0,0,1,2,45,1,5,2,1,40,3,5,53,1,1,1,21,0,0
1,10263,1,1,1,7,5,17,40,1,0,1,0,92,0,37,739,37739,90,2000,999999999999,9,9,9,9,9,9,9,9,9,9,9,9,0,0,0,000000000,00000000000,0,0,0,1,0,0,0,0,0,0,0,20,0,1,1,0,2,5,1,0,0,0,1,1,36025,2,1,0,0,1,0,65,148,0,1,1,1,0,6,2012,10,2012,0,0,0,0,0,1,2,35,3,1,2,1,0,0,14,4,1,4,2,98,1,1
1,10264,1,2,1,7,5,13,10,12,1,1,0,22,1,34,34,34034,1,2009,WBAWL73529P1,W,B,A,W,L,7,3,5,2,9,P,1,0,0,0,000000000,00000000000,0,0,0,1,0,0,0,0,0,0,0,999,0,0,0,12,6,2,12,0,0,0,1,22,70447,6,1,0,0,3,0,65,208,0,0,0,0,0,0,0,0,0,3,8,0,0,0,2,2,70,1,6,2,1,0,0,1,51,1,1,1,24,0,0
1,10264,2,2,1,7,5,13,10,12,1,1,0,1,1,49,472,49472,30,2006,3TMLU42N06M0,3,T,M,L,U,4,2,N,0,6,M,0,0,0,0,000000000,00000000000,0,0,0,1,0,0,0,0,0,0,0,999,0,1,3,6,6,2,12,0,0,0,1,1,36420,6,1,0,0,3,0,70,215,0,0,0,1,0,8,2012,8,2012,3,89,8,0,0,2,2,70,1,6,2,1,0,0,1,53,1,1,1,25,1,0
1,10265,1,2,1,8,5,19,15,12,6,1,0,1,1,73,709,73709,80,2013,JKAEX8A19DDA,J,K,A,E,X,8,A,1,9,D,D,A,0,0,0,000000000,00000000000,0,0,0,1,0,0,0,0,0,0,0,90,0,0,0,12,6,2,12,0,0,0,1,1,36344,6,1,0,0,3,0,69,210,0,0,0,0,1,6,2013,6,2013,0,8,0,0,0,1,2,45,1,5,2,1,0,0,1,62,99,1,1,69,1,0
1,10265,2,2,1,8,5,19,15,12,6,1,0,1,1,20,481,20481,31,2014,1GC1KYC85EF1,1,G,C,1,K,Y,C,8,5,E,F,1,0,0,0,000000000,00000000000,0,0,0,1,0,0,0,0,0,0,0,15,0,0,0,4,6,2,12,0,0,0,1,1,36344,6,1,0,0,3,0,75,220,0,0,0,0,0,0,0,0,0,0,0,0,0,0,1,2,45,1,1,2,1,0,0,11,15,1,1,1,68,0,0
1,10266,1,1,1,12,5,21,5,34,0,1,0,1,1,20,481,20481,31,1998,2GCEC19M4W11,2,G,C,E,C,1,9,M,4,W,1,1,0,0,0,000000000,00000000000,0,0,0,1,0,0,0,0,0,0,0,45,0,0,0,12,6,2,34,0,0,0,1,1,35501,6,1,0,0,3,0,74,200,0,0,0,0,0,0,0,0,0,0,0,0,0,0,1,2,45,1,1,2,1,0,0,1,13,1,1,4,1,1,1
1,10267,1,2,1,12,5,17,55,12,2,1,0,92,0,49,40,49040,4,1996,4T1BG12K6TU7,4,T,1,B,G,1,2,K,6,T,U,7,0,0,0,000000000,00000000000,0,0,0,1,0,0,0,0,0,0,0,55,0,0,0,12,6,2,12,0,0,0,1,1,36265,6,1,0,0,3,0,68,200,0,0,0,0,0,0,0,0,0,0,28,0,0,0,1,2,55,1,1,2,1,0,0,1,10,1,1,2,50,1,0
1,10267,2,2,1,12,5,17,55,12,2,1,0,1,1,22,18,22018,4,1991,1G2NE54U5MC5,1,G,2,N,E,5,4,U,5,M,C,5,0,0,0,000000000,00000000000,0,0,0,1,0,0,0,0,0,0,0,55,0,0,0,12,6,2,12,0,0,0,1,1,36265,6,1,0,0,3,0,74,190,0,0,0,0,0,0,0,0,0,0,0,0,0,0,1,2,55,1,1,2,1,0,0,1,62,99,1,1,51,0,0
1,10268,1,2,1,13,5,14,36,12,2,1,0,1,1,18,401,18401,14,2007,3G5DA03L57S5,3,G,5,D,A,0,3,L,5,7,S,5,0,0,0,000000000,00000000000,0,0,0,1,0,0,0,0,0,0,0,40,0,0,0,12,6,2,12,0,0,0,1,1,36832,6,1,0,0,3,0,65,130,0,0,0,0,0,0,0,0,0,0,0,0,0,0,1,2,40,1,6,2,1,0,0,1,10,1,1,2,50,0,0
1,10268,2,2,1,13,5,14,36,12,2,1,0,1,2,41,37,41037,4,1991,1YVGD22B7M51,1,Y,V,G,D,2,2,B,7,M,5,1,0,0,0,000000000,00000000000,0,0,0,1,0,0,0,0,0,0,0,40,0,0,0,12,6,2,12,0,0,0,1,1,36852,6,1,0,0,3,1,76,275,0,1,0,1,0,12,2011,4,2012,0,0,0,0,0,1,2,40,1,5,2,1,0,0,1,62,99,1,1,51,1,0
1,10269,1,1,1,13,5,20,50,35,0,1,0,1,1,20,481,20481,31,1999,1GCEK14T8XZ1,1,G,C,E,K,1,4,T,8,X,Z,1,0,0,0,000000000,00000000000,0,0,0,1,0,0,0,0,0,0,0,35,0,1,5,12,6,2,1,0,0,0,1,1,35006,6,1,0,0,3,0,66,154,0,0,0,0,0,0,0,0,0,0,0,0,0,0,1,2,25,1,6,2,1,0,0,1,13,1,1,4,1,1,1
1,10270,1,2,1,16,5,18,30,12,7,1,0,1,2,20,403,20403,14,2003,1GNDS13S9322,1,G,N,D,S,1,3,S,9,3,2,2,0,0,0,000000000,00000000000,0,0,0,1,0,0,0,0,0,0,0,75,0,1,5,2,6,2,1,0,0,0,1,1,36280,6,1,0,0,3,0,64,140,0,0,0,0,0,0,0,0,0,3,35,0,0,0,1,2,55,1,1,2,1,0,0,6,11,1,1,2,46,1,0
1,10270,2,2,2,16,5,18,30,12,7,1,0,1,2,7,482,7482,31,2012,3C6UD5PL6CG3,3,C,6,U,D,5,P,L,6,C,G,3,0,0,0,000000000,00000000000,0,0,0,1,0,0,0,0,0,0,0,55,0,1,5,11,6,2,1,0,0,0,1,1,36280,6,1,0,0,3,0,60,95,0,0,0,1,0,1,2014,1,2014,0,0,0,0,0,1,2,55,1,1,2,1,0,0,1,60,99,1,1,45,0,0
1,10271,1,1,1,19,5,9,12,25,0,1,0,1,1,37,709,37709,81,2010,ZDCKF1014AF0,Z,D,C,K,F,1,0,1,4,A,F,0,0,0,0,000000000,00000000000,0,0,0,1,0,0,0,0,0,0,0,50,0,0,0,12,6,2,25,0,0,0,1,1,35802,6,1,0,0,3,0,64,160,0,0,0,0,0,0,0,0,0,0,99,99,99,99,3,2,50,1,3,2,1,0,0,1,12,99,1,4,6,1,0
1,10272,1,1,2,2,5,20,6,8,0,1,0,1,1,20,421,20421,15,1999,1GNDT13W4X22,1,G,N,D,T,1,3,W,4,X,2,2,0,0,0,000000000,00000000000,0,0,0,1,0,0,0,0,0,0,0,35,0,0,0,12,2,5,8,0,0,0,1,1,35901,6,1,0,0,3,1,67,145,0,0,0,0,0,0,0,0,0,0,0,0,0,0,1,2,35,1,1,2,1,0,0,1,80,1,1,1,13,0,0
1,10273,1,2,1,7,5,15,15,12,2,1,0,1,1,41,44,41044,2,1993,1YVGE31B0P52,1,Y,V,G,E,3,1,B,0,P,5,2,0,0,0,000000000,00000000000,0,0,0,1,0,0,0,0,0,0,0,70,0,0,0,12,6,2,12,0,0,0,1,1,35805,6,1,0,0,3,0,68,165,0,0,0,0,0,0,0,0,0,0,89,28,0,0,1,2,45,3,1,2,1,0,0,14,10,1,1,2,50,1,1
1,10273,2,2,2,7,5,15,15,12,2,1,0,1,2,20,481,20481,31,2004,2GCEC19T6412,2,G,C,E,C,1,9,T,6,4,1,2,0,0,0,000000000,00000000000,0,0,0,1,0,0,0,0,0,0,0,45,0,0,0,12,6,2,12,0,0,0,1,1,35748,6,7,0,0,3,1,72,165,0,0,0,0,0,0,0,0,0,0,0,0,0,0,1,2,45,1,1,2,1,0,0,1,62,1,1,1,51,0,0
1,10274,1,2,2,9,5,16,30,12,1,1,0,1,1,23,421,23421,15,1998,1GKEK13R3WJ7,1,G,K,E,K,1,3,R,3,W,J,7,0,0,0,000000000,00000000000,0,0,0,1,0,0,0,0,0,0,0,999,0,1,5,12,6,2,1,0,0,0,1,1,36587,6,1,0,0,3,0,70,140,0,0,0,0,0,0,0,0,0,3,8,0,0,0,1,2,55,1,6,2,1,0,0,6,11,7,1,2,32,0,0
1,10274,2,2,2,9,5,16,30,12,1,1,0,1,1,20,16,20016,4,2002,1G1JC5240274,1,G,1,J,C,5,2,4,0,2,7,4,0,0,0,000000000,00000000000,0,0,0,1,0,0,0,0,0,0,0,999,0,0,0,6,6,2,12,0,0,0,1,1,36582,6,1,0,0,3,1,69,220,0,0,0,0,1,4,2013,4,2013,0,0,0,0,0,1,2,55,1,6,2,1,0,0,1,60,1,1,1,32,1,0
1,10275,1,1,1,16,5,8,38,42,0,1,0,1,2,20,482,20482,31,2012,3GNMCGE02CG1,3,G,N,M,C,G,E,0,2,C,G,1,0,0,0,000000000,00000000000,0,0,0,1,0,0,0,0,0,0,0,65,0,0,0,11,6,2,42,0,0,0,1,1,35042,6,1,0,0,3,0,62,90,0,0,0,0,0,0,0,0,0,0,58,0,0,0,1,2,65,3,1,2,1,0,0,14,13,6,3,4,2,1,0
1,10276,1,2,3,17,5,12,52,12,6,1,0,47,2,69,54,69054,6,2013,WMWZC5C53DWP,W,M,W,Z,C,5,C,5,3,D,W,P,0,0,0,000000000,00000000000,0,0,0,1,0,0,0,0,0,0,0,999,0,0,0,9,6,2,12,0,0,0,1,47,37069,6,1,0,0,3,0,65,120,0,0,0,0,0,0,0,0,0,0,38,0,0,0,0,0,0,0,0,0,0,0,0,98,19,1,1,1,75,0,0
1,10276,2,2,1,17,5,12,52,12,6,1,0,1,1,37,709,37709,80,2006,1HFSC55086A2,1,H,F,S,C,5,5,0,8,6,A,2,0,0,0,000000000,00000000000,0,0,0,1,0,0,0,0,0,0,0,999,0,0,0,12,6,2,12,0,0,0,1,1,36054,6,1,0,0,3,1,71,205,1,0,0,2,0,10,2011,9,2013,0,0,0,0,0,1,2,50,1,1,2,1,0,0,1,73,99,1,1,75,1,0
1,10277,1,1,2,18,5,5,0,1,0,1,0,1,1,35,47,35047,4,2011,1N4AL2AP1BC1,1,N,4,A,L,2,A,P,1,B,C,1,0,0,0,000000000,00000000000,0,0,0,1,0,0,0,0,0,0,0,70,0,1,5,0,6,2,1,0,0,0,1,1,36083,6,1,0,0,3,0,72,240,1,0,0,5,1,9,2011,3,2013,0,0,0,0,0,1,2,55,2,6,2,1,0,0,14,12,7,1,4,6,1,1
1,10278,1,1,1,18,5,20,38,42,0,1,0,1,2,37,32,37032,4,1997,1HGCD5667VA2,1,H,G,C,D,5,6,6,7,V,A,2,0,0,0,000000000,00000000000,0,0,0,1,0,0,0,0,0,0,0,70,0,0,0,12,6,2,42,0,0,0,1,1,36067,6,1,0,0,3,0,71,240,1,0,0,0,0,9,2011,9,2011,3,0,0,0,0,1,2,45,3,6,2,1,0,0,14,13,1,1,4,1,1,0
1,10279,1,1,4,19,5,20,57,32,0,1,0,1,1,20,2,20002,4,2006,2G1WD58C7693,2,G,1,W,D,5,8,C,7,6,9,3,0,0,0,000000000,00000000000,0,0,0,1,0,0,0,0,0,0,0,85,0,1,5,12,6,2,32,0,0,0,1,1,35980,6,1,0,0,3,0,71,220,0,1,0,2,0,8,2011,1,2013,3,8,0,0,0,1,2,45,3,1,2,1,0,0,14,13,1,1,4,1,1,0
1,10280,1,2,1,20,5,16,0,12,6,1,0,1,2,49,40,49040,4,2006,4T1CA38P66U0,4,T,1,C,A,3,8,P,6,6,U,0,0,0,0,000000000,00000000000,0,0,0,1,0,0,0,0,0,0,0,65,0,0,0,3,6,2,12,0,0,0,1,1,35085,2,1,0,0,2,1,69,140,1,1,2,0,0,7,2012,11,2013,0,28,0,0,0,1,2,55,1,6,2,1,0,0,1,13,6,1,2,66,1,0
1,10280,2,2,1,20,5,16,0,12,6,1,0,1,1,12,481,12481,31,2012,1FTFW1CT1CKD,1,F,T,F,W,1,C,T,1,C,K,D,0,0,0,000000000,00000000000,0,0,0,1,0,0,0,0,0,0,0,65,0,0,0,12,6,2,12,0,0,0,1,1,35046,6,1,0,0,3,0,66,160,0,0,0,0,0,0,0,0,0,0,89,0,0,0,1,2,55,1,5,2,1,0,0,1,62,7,1,6,66,0,0
1,10281,1,1,0,20,5,22,9,10,0,1,0,1,6,18,7,18007,4,1999,2G4WS52M1X14,2,G,4,W,S,5,2,M,1,X,1,4,0,0,0,000000000,00000000000,0,0,0,1,0,0,0,0,0,0,0,0,0,0,0,5,6,2,10,0,0,0,0,0,99997,7,6,97,7,6,7,998,997,998,998,998,998,998,98,9998,98,9998,8,0,0,0,0,1,2,98,1,1,2,1,65,3,0,91,0,0,0,15,0,0
1,10282,1,1,1,21,5,21,45,1,0,1,0,1,1,2,431,2431,15,1988,1JCNJ15U2JT1,1,J,C,N,J,1,5,U,2,J,T,1,0,0,0,000000000,00000000000,0,0,0,1,0,0,0,0,0,0,0,55,0,1,5,0,6,2,1,0,0,0,1,1,35580,6,1,0,0,3,0,69,187,0,0,0,0,0,0,0,0,0,0,58,0,0,0,1,2,55,1,1,2,1,0,0,1,12,6,1,4,6,1,0
1,10283,1,1,1,23,5,22,50,35,0,1,0,1,2,22,18,22018,4,2001,1G2NF52T81M5,1,G,2,N,F,5,2,T,8,1,M,5,0,0,0,000000000,00000000000,0,0,0,1,0,0,0,0,0,0,0,999,0,1,5,1,6,2,1,0,0,0,1,1,36435,0,0,0,0,0,0,999,999,0,0,0,0,0,0,0,0,0,4,0,0,0,0,1,2,55,3,6,2,1,0,0,14,13,1,1,4,1,1,0
1,10284,1,1,2,24,5,1,35,42,0,1,0,1,3,12,481,12481,31,1989,1FTHF26G3KNB,1,F,T,H,F,2,6,G,3,K,N,B,0,0,0,000000000,00000000000,0,0,0,1,0,0,0,0,0,0,0,75,0,0,0,12,6,2,42,0,0,0,1,1,35765,1,1,0,0,2,0,67,149,0,1,0,0,0,3,2012,3,2012,3,89,0,0,0,1,2,45,3,6,2,1,0,0,14,13,99,1,4,1,1,1
1,10285,1,2,4,20,5,16,14,12,6,1,0,1,1,7,472,7472,30,1998,1B7FL26P9WS6,1,B,7,F,L,2,6,P,9,W,S,6,0,0,0,000000000,00000000000,0,0,0,1,0,0,0,0,0,0,0,20,0,0,0,3,6,2,12,0,0,0,1,1,36268,6,1,0,0,3,0,68,154,0,0,0,0,0,0,0,0,0,0,38,0,0,0,1,4,45,1,6,2,1,20,3,1,17,1,1,1,87,2,1
1,10285,2,2,1,20,5,16,14,12,6,1,0,13,3,51,890,51890,66,2000,4V4ND2UF2YN2,4,V,4,N,D,2,U,F,2,Y,N,2,1,1,57,1437564,571437564,3,6,1,1,0,0,0,0,0,0,0,65,0,0,0,12,6,2,12,0,0,0,1,13,30269,6,1,6,0,3,0,72,215,98,0,0,0,0,0,0,0,0,0,0,0,0,0,2,2,45,1,1,2,1,0,0,1,66,9,1,2,86,0,0
1,10286,1,1,1,7,5,0,10,8,0,1,0,1,3,13,421,13421,15,2000,5LMEU27AXYLJ,5,L,M,E,U,2,7,A,X,Y,L,J,0,0,0,000000000,00000000000,0,0,0,1,0,0,0,0,0,0,0,10,0,0,0,12,0,5,8,0,0,0,1,1,35401,1,1,0,0,2,0,73,190,0,1,0,0,1,5,2012,3,2013,0,0,0,0,0,1,2,25,1,1,2,1,0,0,1,80,98,1,1,13,0,0