STATE,ST_CASE,VEH_NO,VE_FORMS,NUMOCCS,DAY,MONTH,HOUR,MINUTE,HARM_EV,MAN_COLL,UNITTYPE,HIT_RUN,REG_STAT,OWNER,MAKE,MODEL,MAK_MOD,BODY_TYP,MOD_YEAR,VIN,VIN_1,VIN_2,VIN_3,VIN_4,VIN_5,VIN_6,VIN_7,VIN_8,VIN_9,VIN_10,VIN_11,VIN_12,TOW_VEH,J_KNIFE,MCARR_I1,MCARR_I2,MCARR_ID,GVWR,V_CONFIG,CARGO_BT,HAZ_INV,HAZ_PLAC,HAZ_ID,HAZ_CNO,HAZ_REL,BUS_USE,SPEC_USE,EMER_USE,TRAV_SP,UNDERIDE,ROLLOVER,ROLINLOC,IMPACT1,DEFORMED,TOWED,M_HARM,VEH_SC1,VEH_SC2,FIRE_EXP,DR_PRES,L_STATE,DR_ZIP,L_STATUS,L_TYPE,CDL_STAT,L_ENDORS,L_COMPL,L_RESTRI,DR_HGT,DR_WGT,PREV_ACC,PREV_SUS,PREV_DWI,PREV_SPD,PREV_OTH,FIRST_MO,FIRST_YR,LAST_MO,LAST_YR,SPEEDREL,DR_SF1,DR_SF2,DR_SF3,DR_SF4,VTRAFWAY,VNUM_LAN,VSPD_LIM,VALIGN,VPROFILE,VPAVETYP,VSURCOND,VTRAFCON,VTCONT_F,P_CRASH1,P_CRASH2,P_CRASH3,PCRASH4,PCRASH5,ACC_TYPE,DEATHS,DR_DRINK
1,10287,1,1,1,23,5,1,15,42,0,1,0,1,1,49,32,49032,2,2010,2T1BU4EE7AC4,2,T,1,B,U,4,E,E,7,A,C,4,0,0,0,000000000,00000000000,0,0,0,1,0,0,0,0,0,0,0,999,0,0,0,11,6,2,42,0,0,0,1,1,35085,6,1,0,0,3,1,71,260,1,0,0,1,0,9,2011,2,2013,0,0,0,0,0,1,2,55,1,5,2,1,0,0,1,12,1,1,4,6,1,0
1,10288,1,3,1,26,1,5,40,12,2,1,0,1,1,35,47,35047,4,2008,1N4AL21E78C2,1,N,4,A,L,2,1,E,7,8,C,2,0,0,0,000000000,00000000000,0,0,0,1,0,0,0,0,0,0,0,999,0,0,0,12,6,2,12,0,0,0,1,1,35044,1,1,0,0,2,1,72,170,0,0,0,1,0,5,2013,5,2013,0,51,0,0,0,3,3,60,1,1,2,1,0,0,1,54,1,1,1,52,1,1
1,10288,2,3,1,26,1,5,40,12,2,1,0,1,1,35,47,35047,4,2009,1N4AL21E09N5,1,N,4,A,L,2,1,E,0,9,N,5,0,0,0,000000000,00000000000,0,0,0,1,0,0,0,0,0,0,0,999,0,0,0,12,6,2,12,0,0,0,1,1,36862,6,1,0,0,3,0,75,180,1,0,0,0,1,7,2011,10,2012,0,0,0,0,0,3,3,60,1,1,2,1,0,0,1,54,99,1,1,52,0,0
1,10288,3,3,1,26,1,5,40,12,2,1,0,48,1,37,32,37032,2,2011,1HGCS1B86BA0,1,H,G,C,S,1,B,8,6,B,A,0,0,0,0,000000000,00000000000,0,0,0,1,0,0,0,0,0,0,0,999,0,0,0,12,6,2,12,0,0,0,1,48,35244,6,1,0,0,3,0,999,999,0,0,0,0,0,0,0,0,0,0,0,0,0,0,3,3,60,1,1,2,1,0,0,1,54,6,1,2,98,0,0
1,10289,1,2,1,7,6,8,55,12,6,1,0,1,1,21,21,21021,4,2004,1G3NL52E34C1,1,G,3,N,L,5,2,E,3,4,C,1,0,0,0,000000000,00000000000,0,0,0,1,0,0,0,0,0,0,0,40,0,0,0,9,6,2,12,0,0,0,1,1,36401,6,1,0,0,3,0,66,150,1,0,0,0,0,4,2013,4,2013,0,39,0,0,0,1,2,45,1,6,2,1,20,3,1,17,99,1,1,89,1,0
1,10289,2,2,1,7,6,8,55,12,6,1,0,1,1,54,39,54039,4,2009,JH4CU26659C0,J,H,4,C,U,2,6,6,5,9,C,0,0,0,0,000000000,00000000000,0,0,0,1,0,0,0,0,0,0,0,50,0,0,0,12,6,2,12,0,0,0,1,1,36460,1,1,0,0,2,0,61,130,0,1,0,3,0,9,2012,4,2014,0,0,0,0,0,1,2,40,3,6,2,1,0,0,14,66,99,1,1,88,0,0
1,10290,1,1,1,7,6,2,20,53,0,1,0,1,1,20,481,20481,31,1998,1GCEK14R0WZ2,1,G,C,E,K,1,4,R,0,W,Z,2,0,0,0,000000000,00000000000,0,0,0,1,0,0,0,0,0,0,0,50,0,0,0,10,6,2,42,0,0,0,1,1,35582,6,1,0,0,3,0,70,200,0,0,0,1,0,9,2013,9,2013,3,89,0,0,0,1,2,40,2,1,2,2,0,0,14,12,99,1,4,6,1,0
1,10291,1,1,1,5,6,0,30,42,0,1,0,1,2,12,471,12471,30,2003,1FTYR44V03PA,1,F,T,Y,R,4,4,V,0,3,P,A,0,0,0,000000000,00000000000,0,0,0,1,0,0,0,0,0,0,0,60,0,0,0,11,6,2,42,0,0,0,1,1,35034,6,2,0,0,3,0,68,145,0,0,0,0,0,0,0,0,0,0,0,0,0,0,1,2,55,1,1,2,1,0,0,1,12,1,1,4,6,1,0
1,10292,1,1,1,4,6,19,10,42,0,1,0,1,2,23,481,23481,31,2004,1GTEK19T84Z3,1,G,T,E,K,1,9,T,8,4,Z,3,0,0,0,000000000,00000000000,0,0,0,1,0,0,0,0,0,0,0,50,0,0,0,12,6,2,42,0,0,0,1,1,35504,6,1,6,0,3,1,70,200,3,2,1,0,1,7,2011,3,2013,3,89,0,0,0,1,2,35,1,1,2,1,0,0,1,13,1,1,4,6,1,1
1,10293,1,1,1,4,6,12,0,34,0,1,0,1,3,7,880,7880,67,1998,1B7MF3367WJ2,1,B,7,M,F,3,3,6,7,W,J,2,0,0,88,888888888,88888888888,2,1,97,1,0,0,0,0,0,0,0,999,0,0,0,12,6,2,42,0,0,0,1,1,36024,6,1,6,0,3,0,65,190,0,0,0,0,0,0,0,0,0,0,0,0,0,0,2,3,70,1,5,2,1,0,0,1,12,99,1,4,6,1,0
1,10294,1,1,1,3,6,19,15,24,0,1,0,1,2,6,51,6051,4,2008,2C3LA43R88H2,2,C,3,L,A,4,3,R,8,8,H,2,0,0,0,000000000,00000000000,0,0,0,1,0,0,0,0,0,0,0,80,0,0,0,12,6,2,42,0,0,0,1,1,35950,2,1,0,0,2,0,68,120,0,5,0,1,0,6,2011,10,2013,3,0,0,0,0,1,2,35,1,1,2,1,0,0,1,14,1,1,4,14,1,1
1,10295,1,1,1,30,5,18,57,59,0,1,0,13,1,76,709,76709,80,2008,JYARJ16E78A0,J,Y,A,R,J,1,6,E,7,8,A,0,0,0,0,000000000,00000000000,0,0,0,1,0,0,0,0,0,0,0,60,0,0,0,19,6,2,30,0,0,0,1,13,31905,6,1,0,0,3,0,72,180,98,0,0,0,0,0,0,0,0,0,8,0,0,0,1,2,40,1,1,2,1,0,0,1,50,7,1,4,1,1,0
1,10296,1,2,1,2,6,15,15,8,0,1,0,1,1,18,2,18002,4,2003,1G4HP52K8341,1,G,4,H,P,5,2,K,8,3,4,1,0,0,0,000000000,00000000000,0,0,0,1,0,0,0,0,0,0,0,999,0,0,0,12,6,2,8,0,0,0,1,1,35579,6,1,0,0,3,0,68,145,1,0,0,0,0,2,2014,2,2014,0,0,0,0,0,1,2,55,1,5,2,1,0,0,1,80,99,1,1,13,0,0
1,10296,2,2,0,2,6,15,15,8,0,1,0,1,6,13,12,13012,4,2004,1LNHM86S44Y6,1,L,N,H,M,8,6,S,4,4,Y,6,0,0,0,000000000,00000000000,0,0,0,1,0,0,0,0,0,0,0,999,0,0,0,6,6,2,12,0,0,0,0,0,99997,7,6,97,7,6,7,998,997,998,998,998,998,998,98,9998,98,9998,8,0,0,0,0,1,2,55,1,5,2,1,0,0,0,53,0,0,0,98,0,0
1,10297,1,1,1,2,6,13,10,1,0,1,0,1,3,12,884,12884,62,1995,1FDWR82EXSVA,1,F,D,W,R,8,2,E,X,S,V,A,0,0,88,888888888,88888888888,2,1,2,1,0,0,0,0,0,0,0,45,0,1,1,0,6,2,1,0,0,0,1,1,35983,6,1,0,0,3,0,72,215,0,0,0,0,0,0,0,0,0,4,58,0,0,0,1,2,45,3,3,2,1,0,0,14,6,6,4,2,98,1,0
1,10298,1,2,1,1,6,14,5,12,6,1,0,1,2,73,709,73709,80,2005,JKAENVC125A1,J,K,A,E,N,V,C,1,2,5,A,1,0,0,0,000000000,00000000000,0,0,0,1,0,0,0,0,0,0,0,60,0,0,0,12,6,2,1,0,0,0,1,1,35046,1,1,0,0,2,0,73,220,0,1,0,0,0,9,2013,9,2013,3,0,0,0,0,1,2,45,2,6,2,1,0,0,14,62,3,2,1,69,1,0
1,10298,2,2,1,1,6,14,5,12,6,1,0,1,1,20,421,20421,15,2004,1GNEC13VX4R2,1,G,N,E,C,1,3,V,X,4,R,2,0,0,0,000000000,00000000000,0,0,0,1,0,0,0,0,0,0,0,5,0,0,0,5,2,5,12,0,0,0,1,1,35007,6,1,0,0,3,0,68,165,0,0,0,0,0,0,0,0,0,0,0,0,0,0,1,2,45,3,5,2,1,0,0,11,15,1,1,1,68,0,0
1,10299,1,1,3,1,6,1,15,42,0,1,0,1,2,12,37,12037,4,2007,1FAFP34N57W1,1,F,A,F,P,3,4,N,5,7,W,1,0,0,0,000000000,00000000000,0,0,0,1,0,0,0,0,0,0,0,70,0,1,5,2,6,2,42,0,0,0,1,1,35121,2,1,0,0,2,0,73,154,0,3,0,0,1,11,2011,11,2013,3,8,0,0,0,1,2,45,3,5,2,1,0,0,14,13,99,4,4,2,1,1
1,10300,1,3,2,1,6,3,13,34,0,1,0,1,2,35,47,35047,4,2005,1N4BL11D35C3,1,N,4,B,L,1,1,D,3,5,C,3,0,0,0,000000000,00000000000,0,0,0,1,0,0,0,0,0,0,0,70,0,1,3,12,6,2,1,0,0,0,1,1,36067,6,1,0,0,3,0,62,117,0,0,0,0,0,0,0,0,0,0,0,0,0,0,2,2,70,1,1,2,2,0,0,1,12,99,1,4,6,1,0
1,10300,2,3,1,1,6,3,13,34,0,1,0,99,9,2,404,2404,14,9999,999999999999,9,9,9,9,9,9,9,9,9,9,9,9,0,0,0,000000000,00000000000,0,0,0,1,0,0,0,0,0,0,0,998,0,0,0,19,8,8,54,0,0,0,1,1,35111,6,1,0,0,3,1,65,144,1,0,0,0,0,9,2012,9,2012,0,0,0,0,0,2,2,70,1,1,2,2,0,0,1,90,99,1,1,98,0,0
1,10300,3,3,1,1,6,3,13,34,0,1,1,99,9,99,999,99999,99,9999,999999999999,9,9,9,9,9,9,9,9,9,9,9,9,0,0,0,000000000,00000000000,0,0,0,1,0,0,0,0,0,0,0,998,0,0,0,19,9,5,54,0,0,0,1,99,99999,9,9,99,9,9,9,999,999,99,99,99,99,99,99,9999,99,9999,0,99,99,99,99,2,2,70,1,1,2,2,0,0,1,90,99,1,1,98,0,0
1,10301,1,2,1,31,5,10,5,12,6,1,0,12,1,18,2,18002,4,2003,1G4HR54KX3U2,1,G,4,H,R,5,4,K,X,3,U,2,0,0,0,000000000,00000000000,0,0,0,1,0,0,0,0,0,0,0,10,0,0,0,3,6,2,12,0,0,0,1,12,32440,6,1,0,0,3,0,63,999,0,0,0,1,0,1,2013,1,2013,0,38,0,0,0,2,2,65,1,1,2,1,21,3,11,15,1,1,1,68,1,0
1,10301,2,2,2,31,5,10,5,12,6,1,0,1,1,12,401,12401,14,2003,1FMZU67E93UC,1,F,M,Z,U,6,7,E,9,3,U,C,0,0,0,000000000,00000000000,0,0,0,1,0,0,0,0,0,0,0,65,0,0,0,12,6,2,12,0,0,0,1,1,36303,6,1,0,0,3,0,63,185,0,0,0,0,0,0,0,0,0,0,0,0,0,0,2,2,65,1,1,2,1,0,0,1,62,1,1,1,69,0,0
1,10302,1,2,1,29,5,15,50,12,6,1,0,1,1,35,472,35472,30,2000,1N6DD26S7YC3,1,N,6,D,D,2,6,S,7,Y,C,3,0,0,0,000000000,00000000000,0,0,0,1,0,0,0,0,0,0,0,5,0,0,0,3,6,2,12,0,0,0,1,1,36010,6,1,0,0,3,0,69,180,0,0,0,0,0,0,0,0,0,0,0,0,0,0,0,0,0,0,0,0,0,0,0,98,17,1,1,1,87,1,0
1,10302,2,2,1,29,5,15,50,12,6,1,0,1,1,20,481,20481,31,2002,2GCEC19V0213,2,G,C,E,C,1,9,V,0,2,1,3,0,0,0,000000000,00000000000,0,0,0,1,0,0,0,0,0,0,0,65,0,0,0,12,6,2,12,0,0,0,1,1,36117,6,1,0,0,3,0,73,250,0,0,0,0,0,0,0,0,0,0,0,0,0,0,5,5,65,1,1,2,1,0,0,1,71,99,1,1,86,0,0
1,10303,1,1,2,28,5,19,41,42,0,1,0,1,1,7,472,7472,30,2009,1D7HE38K29S7,1,D,7,H,E,3,8,K,2,9,S,7,0,0,0,000000000,00000000000,0,0,0,1,0,0,0,0,0,0,0,65,0,0,0,10,6,2,42,0,0,0,1,1,36604,6,1,0,0,3,1,74,198,0,0,0,0,1,2,2012,2,2012,3,0,0,0,0,1,4,55,1,1,2,2,0,0,1,6,99,4,4,7,1,0
1,10304,1,2,1,24,5,13,20,12,2,1,0,0,0,98,998,98998,92,2003,000000000000,0,0,0,0,0,0,0,0,0,0,0,0,0,0,0,000000000,00000000000,0,0,0,1,0,0,0,0,0,0,0,15,0,0,0,12,0,5,12,0,0,0,1,1,35773,6,1,6,0,1,0,68,178,0,0,0,1,0,7,2011,7,2011,0,38,0,0,0,1,2,40,1,1,2,1,0,0,11,10,1,1,1,68,0,0
1,10304,2,2,1,24,5,13,20,12,2,1,0,1,1,98,709,98709,80,2004,5L5TX0449410,5,L,5,T,X,0,4,4,9,4,1,0,0,0,0,000000000,00000000000,0,0,0,1,0,0,0,0,0,0,0,40,0,0,0,12,6,2,12,0,0,0,1,1,35773,6,1,0,0,3,0,71,265,0,1,0,0,0,4,2012,4,2012,0,89,0,0,0,1,2,40,1,1,2,1,0,0,1,62,99,1,1,69,1,0
1,10305,1,1,1,23,5,23,5,42,0,1,0,1,3,12,481,12481,31,2007,1FTRF12WX7NA,1,F,T,R,F,1,2,W,X,7,N,A,0,0,0,000000000,00000000000,0,0,0,1,0,0,0,0,0,0,0,55,0,0,0,12,6,2,42,0,0,1,1,1,35040,6,1,0,0,3,0,68,160,0,0,0,0,0,0,0,0,0,0,0,0,0,0,1,2,30,3,1,2,1,0,0,14,13,99,1,4,1,1,1
1,10306,1,2,0,19,5,15,25,12,1,1,0,21,6,87,884,87884,66,2007,1XP7DB9X57D6,1,X,P,7,D,B,9,X,5,7,D,6,1,1,57,2442470,572442470,3,6,1,1,0,0,0,0,0,0,0,0,0,0,0,6,6,2,12,0,0,0,0,0,99997,7,6,97,7,6,7,998,997,998,998,998,998,998,98,9998,98,9998,8,0,0,0,0,2,2,65,1,1,2,1,0,0,0,53,0,0,0,32,0,0
1,10306,2,2,1,19,5,15,25,12,1,1,0,1,2,20,481,20481,31,2005,1GBHC24295E2,1,G,B,H,C,2,4,2,9,5,E,2,0,0,0,000000000,00000000000,0,0,0,1,0,0,0,0,0,0,0,999,0,0,0,12,6,2,12,0,0,0,1,1,36305,6,1,0,0,3,0,71,141,0,0,0,1,0,4,2012,4,2012,0,0,0,0,0,2,2,65,1,1,2,1,0,0,1,50,99,1,1,32,1,0
1,10307,1,3,1,22,5,14,6,12,1,1,0,22,3,82,884,82884,66,2002,1FUJBBBD62LH,1,F,U,J,B,B,B,D,6,2,L,H,1,1,57,2167240,572167240,3,6,1,1,0,0,0,0,0,0,0,999,0,0,0,12,6,2,2,0,0,1,1,22,70748,6,1,6,0,3,1,69,180,0,1,0,0,0,9,2012,9,2012,9,99,99,99,99,3,2,70,1,5,1,1,0,0,1,50,1,1,1,20,1,0
1,10307,2,3,1,22,5,14,6,12,1,1,0,1,3,82,884,82884,66,2007,1FUJA6CK37LX,1,F,U,J,A,6,C,K,3,7,L,X,1,1,57,507542,57507542,3,6,1,1,0,0,0,0,0,0,0,0,0,0,0,6,6,2,2,0,0,1,1,1,36105,6,1,6,0,3,0,72,198,1,1,0,1,0,4,2012,8,2012,0,89,0,0,0,3,2,70,1,5,1,1,0,0,5,53,1,1,1,21,0,0
1,10307,3,3,1,22,5,14,6,12,1,1,0,37,2,49,402,49402,14,2004,JTEGD20V6400,J,T,E,G,D,2,0,V,6,4,0,0,0,0,0,000000000,00000000000,0,0,0,1,0,0,0,0,0,0,0,65,0,0,0,14,2,3,54,0,0,0,1,37,27707,6,1,0,0,3,1,64,999,0,0,0,0,0,0,0,0,0,0,0,0,0,0,3,2,70,1,5,1,1,0,0,1,90,1,1,1,98,0,0
1,10308,1,2,1,21,5,6,55,12,2,1,0,1,2,23,421,23421,15,2002,1GKEC13Z72J2,1,G,K,E,C,1,3,Z,7,2,J,2,0,0,0,000000000,00000000000,0,0,0,1,0,0,0,0,0,0,0,65,0,0,0,12,6,2,12,0,0,0,1,1,35055,6,1,0,0,3,0,75,210,0,0,0,0,0,0,0,0,0,0,28,0,0,0,5,5,55,1,1,2,1,3,3,1,10,1,1,2,50,0,0
1,10308,2,2,1,21,5,6,55,12,2,1,0,1,1,76,709,76709,80,2005,JYAVP11E05A0,J,Y,A,V,P,1,1,E,0,5,A,0,0,0,0,000000000,00000000000,0,0,0,1,0,0,0,0,0,0,0,35,0,0,0,12,6,2,12,0,0,0,1,1,35057,6,1,0,0,3,0,69,218,0,0,0,0,0,0,0,0,0,0,89,0,0,0,5,5,55,1,1,2,1,3,3,1,62,99,1,1,51,1,0
1,10309,1,1,1,18,5,15,18,42,0,1,0,1,2,20,36,20036,2,2006,2G1WK1514692,2,G,1,W,K,1,5,1,4,6,9,2,0,0,0,000000000,00000000000,0,0,0,1,0,0,0,0,0,0,0,50,0,0,0,12,6,2,42,0,0,0,1,1,35214,6,1,0,0,3,1,71,177,0,0,0,0,0,0,0,0,0,0,0,0,0,0,5,5,50,1,1,2,1,0,0,1,13,1,1,4,1,1,0
1,10310,1,1,2,12,5,22,30,34,0,1,0,1,1,22,20,22020,4,2002,1G2WP52K52F2,1,G,2,W,P,5,2,K,5,2,F,2,0,0,0,000000000,00000000000,0,0,0,1,0,0,0,0,0,0,0,80,0,1,5,1,6,2,1,0,0,0,1,1,35453,6,1,0,0,3,0,60,125,0,0,0,0,0,0,0,0,0,0,0,0,0,0,1,2,55,3,1,2,1,0,0,14,6,1,1,4,1,1,0
1,10311,1,1,1,2,5,10,30,18,0,1,0,1,1,13,1,13001,4,2003,1LNHM81W63Y6,1,L,N,H,M,8,1,W,6,3,Y,6,0,0,0,000000000,00000000000,0,0,0,1,0,0,0,0,0,0,0,999,0,0,0,12,6,2,18,0,0,0,1,1,36549,6,1,0,0,3,0,67,172,0,0,0,0,0,0,0,0,0,0,0,0,0,0,1,2,45,1,1,2,98,28,3,1,14,1,1,4,14,1,0
1,10312,1,1,1,2,5,11,20,1,0,1,0,1,1,73,709,73709,80,2007,JKBVNME117A0,J,K,B,V,N,M,E,1,1,7,A,0,0,0,0,000000000,00000000000,0,0,0,1,0,0,0,0,0,0,0,70,0,0,0,0,6,2,1,0,0,0,1,1,36784,6,1,0,0,3,0,69,250,0,0,0,1,0,11,2011,11,2011,3,8,0,0,0,1,2,55,3,1,2,1,0,0,14,6,1,2,4,2,1,0
1,10313,1,2,1,16,4,14,25,12,6,1,0,47,2,7,472,7472,30,2000,1B7FL26X6YS5,1,B,7,F,L,2,6,X,6,Y,S,5,0,0,0,000000000,00000000000,0,0,0,1,0,0,0,0,0,0,0,63,0,1,5,12,6,2,12,0,0,0,1,1,36580,1,1,0,0,2,1,69,146,0,4,0,0,0,10,2013,4,2014,0,8,37,0,0,1,5,45,3,1,2,1,3,3,14,17,1,1,1,86,0,1
1,10313,2,2,1,16,4,14,25,12,6,1,0,1,1,37,31,37031,2,1992,2HGEH2459NH5,2,H,G,E,H,2,4,5,9,N,H,5,0,0,0,000000000,00000000000,0,0,0,1,0,0,0,0,0,0,0,30,0,0,0,4,6,2,12,0,0,0,1,1,36535,6,1,0,0,3,1,69,235,0,0,0,0,0,0,0,0,0,0,89,0,0,0,1,5,40,1,5,2,1,0,0,1,66,99,1,1,87,1,0
1,10314,1,3,1,28,5,3,30,8,0,1,0,1,1,69,54,69054,3,2011,WMWSU3C57BT0,W,M,W,S,U,3,C,5,7,B,T,0,0,0,0,000000000,00000000000,0,0,0,1,0,0,0,0,0,0,0,999,0,0,0,12,6,2,8,0,0,0,1,1,35956,6,1,0,0,3,1,70,245,0,0,0,0,1,5,2013,5,2013,0,0,0,0,0,3,2,60,3,1,1,1,0,0,14,80,1,1,1,13,0,0
1,10314,2,3,0,28,5,3,30,8,0,1,0,1,6,49,50,49050,3,2008,JTKDE1674802,J,T,K,D,E,1,6,7,4,8,0,2,0,0,0,000000000,00000000000,0,0,0,1,0,0,0,0,0,0,0,0,0,0,0,9,6,2,12,0,0,0,0,0,99997,7,6,97,7,6,7,998,997,998,998,998,998,998,98,9998,98,9998,8,0,0,0,0,3,2,60,3,1,1,1,0,0,0,53,0,0,0,98,0,0
1,10314,3,3,1,28,5,3,30,8,0,1,0,1,1,20,481,20481,31,2006,1GCHK23D76F2,1,G,C,H,K,2,3,D,7,6,F,2,0,0,0,000000000,00000000000,0,0,0,1,0,0,0,0,0,0,0,999,0,0,0,14,0,5,8,0,0,0,1,1,35173,6,1,0,0,3,0,67,175,0,0,0,0,0,0,0,0,0,0,0,0,0,0,3,2,60,3,1,1,1,0,0,14,80,1,1,1,98,0,0
1,10315,1,4,1,29,5,18,50,12,2,1,0,1,1,13,421,13421,15,2008,5LMFL27548LJ,5,L,M,F,L,2,7,5,4,8,L,J,0,0,0,000000000,00000000000,0,0,0,1,0,0,0,0,0,0,0,999,0,1,1,12,6,2,12,0,0,0,1,1,35214,6,1,0,0,3,0,70,230,0,0,0,0,0,0,0,0,0,0,0,0,0,0,2,4,50,1,1,2,1,0,0,1,10,1,1,6,52,1,1
1,10315,2,4,1,29,5,18,50,12,2,1,0,1,2,55,33,55033,4,2009,5NPEU46CX9H4,5,N,P,E,U,4,6,C,X,9,H,4,0,0,0,000000000,00000000000,0,0,0,1,0,0,0,0,0,0,0,999,0,0,0,12,6,2,12,0,0,0,1,1,35180,6,1,0,0,3,1,61,220,0,0,0,0,0,0,0,0,0,0,89,0,0,0,2,4,50,1,1,2,1,0,0,1,62,1,1,1,52,1,0
1,10315,3,4,1,29,5,18,50,12,2,1,0,1,1,63,402,63402,14,2008,KNDJD7352858,K,N,D,J,D,7,3,5,2,8,5,8,0,0,0,000000000,00000000000,0,0,0,1,0,0,0,0,0,0,0,999,0,0,0,12,6,2,12,0,0,0,1,1,35127,6,1,0,0,3,1,63,147,0,1,0,2,0,7,2013,1,2014,0,0,0,0,0,2,4,50,1,1,2,1,0,0,1,62,99,1,1,98,0,0
1,10315,4,4,2,29,5,18,50,12,2,1,0,1,2,37,32,37032,4,2007,1HGCM56827A1,1,H,G,C,M,5,6,8,2,7,A,1,0,0,0,000000000,00000000000,0,0,0,1,0,0,0,0,0,0,0,999,0,0,0,12,6,2,12,0,0,0,1,1,35023,6,1,0,0,3,0,69,155,1,0,0,1,0,5,2012,7,2012,0,0,0,0,0,2,4,50,1,1,2,1,0,0,1,62,8,1,1,98,0,0
1,10316,1,3,1,31,5,23,5,12,8,1,0,1,1,20,39,20039,4,2009,KL1TG56E59B6,K,L,1,T,G,5,6,E,5,9,B,6,0,0,0,000000000,00000000000,0,0,0,1,0,0,0,0,0,0,0,55,0,0,0,11,6,2,12,0,0,0,1,1,36460,6,1,0,0,3,0,74,211,0,0,0,0,0,0,0,0,0,0,28,0,0,0,1,2,55,3,5,2,1,0,0,14,10,99,1,2,64,1,1
1,10316,2,3,3,31,5,23,5,12,8,1,0,92,0,7,482,7482,31,2014,3C7WRLEL4EG1,3,C,7,W,R,L,E,L,4,E,G,1,1,1,0,000000000,00000000000,0,0,0,1,0,0,0,0,0,0,0,55,0,0,0,11,6,2,12,0,0,0,1,1,36445,6,1,0,0,3,1,70,200,0,0,0,0,0,0,0,0,0,0,0,0,0,0,1,2,55,2,6,2,1,0,0,14,62,99,1,1,65,0,0
1,10316,3,3,4,31,5,23,5,12,8,1,0,1,2,12,23,12023,4,2013,3FA6P0H79DR2,3,F,A,6,P,0,H,7,9,D,R,2,0,0,0,000000000,00000000000,0,0,0,1,0,0,0,0,0,0,0,55,0,0,0,12,6,2,12,0,0,0,1,1,36460,6,1,0,0,3,0,66,125,0,0,0,0,0,0,0,0,0,0,0,0,0,0,1,2,55,2,6,2,1,0,0,14,62,99,1,1,98,2,0
1,10317,1,1,1,3,6,12,0,1,0,1,0,1,1,76,706,76706,80,2001,JYAVP11E01A0,J,Y,A,V,P,1,1,E,0,1,A,0,0,0,0,000000000,00000000000,0,0,0,1,0,0,0,0,0,0,0,999,0,0,0,0,6,2,42,0,0,0,1,1,36786,6,1,0,0,3,0,75,260,0,0,0,0,0,0,0,0,0,0,0,0,0,0,2,2,65,1,1,2,1,0,0,1,12,99,1,4,6,1,1
1,10318,1,1,1,2,6,20,30,42,0,1,0,17,3,82,884,82884,66,2007,1FUJA6CK57LY,1,F,U,J,A,6,C,K,5,7,L,Y,1,1,57,2309327,572309327,3,6,1,1,0,0,0,0,0,0,0,55,0,0,0,1,6,2,42,0,0,0,1,18,46552,6,1,6,0,3,0,71,285,0,0,0,0,1,1,2013,1,2013,0,99,99,99,99,1,2,55,1,6,2,1,0,0,1,12,99,1,4,6,1,0
1,10319,1,1,1,13,6,20,50,1,0,1,0,1,2,38,402,38402,14,1996,4S2CK58V4T43,4,S,2,C,K,5,8,V,4,T,4,3,0,0,0,000000000,00000000000,0,0,0,1,0,0,0,0,0,0,0,75,0,2,1,0,6,2,1,0,0,0,1,1,35216,2,1,0,0,2,0,67,205,0,0,0,0,0,0,0,0,0,0,8,27,0,0,2,2,70,1,1,2,2,0,0,15,98,99,3,2,98,1,0
1,10320,1,1,1,12,6,0,10,1,0,1,0,1,1,12,471,12471,30,1996,1FTCR10U9TUA,1,F,T,C,R,1,0,U,9,T,U,A,0,0,0,000000000,00000000000,0,0,0,1,0,0,0,0,0,0,0,40,0,1,5,0,6,2,1,0,0,0,1,1,36274,6,1,0,0,3,0,63,175,0,0,0,0,0,0,0,0,0,0,58,0,0,0,1,3,55,1,5,2,2,0,0,1,13,6,4,4,7,1,1
1,10321,1,1,1,13,6,3,35,30,0,1,0,1,2,49,40,49040,4,2008,4T1BE46K48U2,4,T,1,B,E,4,6,K,4,8,U,2,0,0,0,000000000,00000000000,0,0,0,1,0,0,0,0,0,0,0,999,0,0,0,12,6,2,30,0,0,0,1,1,35810,2,1,0,0,2,0,73,180,1,3,1,1,0,4,2012,4,2014,9,0,0,0,0,2,2,45,3,1,2,1,3,3,14,13,99,1,4,1,1,1
1,10322,1,2,2,14,6,15,55,12,6,1,0,1,1,37,32,37032,4,1990,JHMCB7663LC1,J,H,M,C,B,7,6,6,3,L,C,1,0,0,0,000000000,00000000000,0,0,0,1,0,0,0,0,0,0,0,7,0,0,0,9,6,2,12,0,0,0,1,1,35072,6,1,0,0,3,1,66,150,0,0,0,0,0,0,0,0,0,0,89,38,0,0,1,3,45,1,5,2,1,20,3,1,17,1,1,1,89,1,0
1,10322,2,2,1,14,6,15,55,12,6,1,0,1,1,19,21,19021,4,2011,1G6DW6ED0B01,1,G,6,D,W,6,E,D,0,B,0,1,0,0,0,000000000,00000000000,0,0,0,1,0,0,0,0,0,0,0,70,0,0,0,12,6,2,12,0,0,0,1,1,36869,6,1,0,0,3,1,67,140,0,0,0,0,0,0,0,0,0,3,89,0,0,0,2,4,65,1,6,2,1,0,0,1,66,8,1,1,88,0,0