STATE,ST_CASE,VEH_NO,VE_FORMS,NUMOCCS,DAY,MONTH,HOUR,MINUTE,HARM_EV,MAN_COLL,UNITTYPE,HIT_RUN,REG_STAT,OWNER,MAKE,MODEL,MAK_MOD,BODY_TYP,MOD_YEAR,VIN,VIN_1,VIN_2,VIN_3,VIN_4,VIN_5,VIN_6,VIN_7,VIN_8,VIN_9,VIN_10,VIN_11,VIN_12,TOW_VEH,J_KNIFE,MCARR_I1,MCARR_I2,MCARR_ID,GVWR,V_CONFIG,CARGO_BT,HAZ_INV,HAZ_PLAC,HAZ_ID,HAZ_CNO,HAZ_REL,BUS_USE,SPEC_USE,EMER_USE,TRAV_SP,UNDERIDE,ROLLOVER,ROLINLOC,IMPACT1,DEFORMED,TOWED,M_HARM,VEH_SC1,VEH_SC2,FIRE_EXP,DR_PRES,L_STATE,DR_ZIP,L_STATUS,L_TYPE,CDL_STAT,L_ENDORS,L_COMPL,L_RESTRI,DR_HGT,DR_WGT,PREV_ACC,PREV_SUS,PREV_DWI,PREV_SPD,PREV_OTH,FIRST_MO,FIRST_YR,LAST_MO,LAST_YR,SPEEDREL,DR_SF1,DR_SF2,DR_SF3,DR_SF4,VTRAFWAY,VNUM_LAN,VSPD_LIM,VALIGN,VPROFILE,VPAVETYP,VSURCOND,VTRAFCON,VTCONT_F,P_CRASH1,P_CRASH2,P_CRASH3,PCRASH4,PCRASH5,ACC_TYPE,DEATHS,DR_DRINK
1,10323,1,1,1,14,6,23,50,8,0,1,0,13,2,42,42,42042,4,2011,WDDGF5EB9BR1,W,D,D,G,F,5,E,B,9,B,R,1,0,0,0,000000000,00000000000,0,0,0,1,0,0,0,0,0,0,0,55,0,0,0,12,4,3,8,0,0,0,1,13,36856,6,1,6,0,3,0,69,208,98,0,0,0,0,0,0,0,0,0,0,0,0,0,1,2,55,2,3,2,1,0,0,14,80,2,1,1,13,0,0
1,10324,1,1,1,13,6,22,10,42,0,1,0,1,1,20,22,20022,2,2008,1G1AL18F2871,1,G,1,A,L,1,8,F,2,8,7,1,0,0,0,000000000,00000000000,0,0,0,1,0,0,0,0,0,0,0,65,0,0,0,12,6,2,42,0,0,0,1,1,35016,6,1,0,0,3,0,75,160,0,2,0,0,1,8,2011,10,2012,3,89,0,0,0,1,2,45,1,1,2,1,0,0,1,12,99,1,4,6,1,0
1,10325,1,3,1,13,6,13,46,12,2,1,0,1,1,20,481,20481,31,2007,2GCEC19J4716,2,G,C,E,C,1,9,J,4,7,1,6,0,0,0,000000000,00000000000,0,0,0,1,0,0,0,0,0,0,0,999,0,0,0,12,6,2,12,0,0,0,1,1,35010,6,1,0,0,3,1,73,215,1,0,0,0,0,12,2013,12,2013,0,28,0,0,0,1,4,55,1,1,2,1,0,0,1,10,1,1,2,50,1,0
1,10325,2,3,1,13,6,13,46,12,2,1,0,1,1,12,471,12471,30,1995,1FTCR14X4STA,1,F,T,C,R,1,4,X,4,S,T,A,0,0,0,000000000,00000000000,0,0,0,1,0,0,0,0,0,0,0,999,0,0,0,12,6,2,12,0,0,0,1,1,35150,6,1,6,0,3,1,70,170,0,0,0,0,0,0,0,0,0,0,0,0,0,0,1,4,55,1,1,2,1,0,0,1,62,99,1,1,51,0,0
1,10325,3,3,1,13,6,13,46,12,2,1,0,99,9,99,999,99999,99,9999,999999999999,9,9,9,9,9,9,9,9,9,9,9,9,0,0,0,000000000,00000000000,0,0,0,1,0,0,0,0,0,0,0,998,0,0,0,98,8,8,54,0,0,0,1,1,36830,6,1,0,0,3,0,65,165,0,0,0,1,0,2,2014,2,2014,0,0,0,0,0,1,4,55,1,1,2,1,0,0,99,98,99,9,9,98,0,0
1,10326,1,3,2,7,6,23,46,12,6,1,0,1,1,23,401,23401,14,2006,1GKDS13S4622,1,G,K,D,S,1,3,S,4,6,2,2,0,0,0,000000000,00000000000,0,0,0,1,0,0,0,0,0,0,0,999,0,0,0,12,6,2,12,0,0,0,1,1,35173,6,1,0,0,3,0,72,245,0,0,0,1,0,12,2012,12,2012,4,0,0,0,0,2,3,60,3,1,2,2,0,0,14,50,1,1,1,48,0,0
1,10326,2,3,1,7,6,23,46,12,6,1,0,1,1,54,35,54035,4,1998,JH4UA3644WC0,J,H,4,U,A,3,6,4,4,W,C,0,0,0,0,000000000,00000000000,0,0,0,1,0,0,0,0,0,0,0,0,0,0,0,3,6,2,12,0,0,0,1,1,35211,6,1,0,0,3,0,68,200,0,0,0,0,0,0,0,0,0,0,0,0,0,0,2,3,60,3,1,2,2,0,0,5,53,1,1,1,48,1,0
1,10326,3,3,1,7,6,23,46,12,6,1,0,1,1,49,40,49040,4,2006,4T1BE32K66U6,4,T,1,B,E,3,2,K,6,6,U,6,0,0,0,000000000,00000000000,0,0,0,1,0,0,0,0,0,0,0,0,0,0,0,6,6,2,12,0,0,0,1,1,35023,6,1,0,0,3,0,61,120,0,0,0,0,0,0,0,0,0,0,0,0,0,0,2,3,60,3,1,2,2,0,0,5,53,1,1,1,98,0,0
1,10327,1,1,1,2,6,16,53,1,0,1,0,1,3,85,884,85884,62,2011,1NKDXUTX7BJ2,1,N,K,D,X,U,T,X,7,B,J,2,0,0,57,0275148,570275148,2,2,4,1,0,0,0,0,0,0,0,61,0,1,5,0,6,2,1,0,0,0,1,1,36801,6,1,6,0,3,0,73,240,2,0,0,1,0,9,2012,2,2014,0,89,0,0,0,2,2,55,1,1,2,1,0,0,1,70,8,2,4,7,1,0
1,10328,1,1,1,15,6,9,15,10,0,1,0,1,2,12,401,12401,14,2003,1FMYU60E53UB,1,F,M,Y,U,6,0,E,5,3,U,B,0,0,0,000000000,00000000000,0,0,0,1,0,0,0,0,0,0,0,998,0,0,0,9,6,2,10,0,0,0,1,1,35020,0,0,0,0,0,0,999,999,0,0,0,0,0,0,0,0,0,0,0,0,0,0,1,2,98,1,8,2,1,65,3,1,91,1,1,1,15,1,0
1,10329,1,2,2,17,6,14,10,12,6,1,0,1,1,20,20,20020,4,1992,2G1WL54T6N91,2,G,1,W,L,5,4,T,6,N,9,1,0,0,0,000000000,00000000000,0,0,0,1,0,0,0,0,0,0,0,7,0,0,0,8,6,2,12,0,0,0,1,1,35650,6,1,0,0,3,0,63,115,0,0,0,0,0,0,0,0,0,0,38,0,0,0,1,2,45,1,1,2,1,20,3,11,15,1,1,1,82,1,0
1,10329,2,2,1,17,6,14,10,12,6,1,0,1,2,85,884,85884,66,1988,2XKWDB9XXJM5,2,X,K,W,D,B,9,X,X,J,M,5,1,1,57,301812,57301812,3,6,4,1,0,0,0,0,0,0,0,45,0,0,0,12,2,5,12,0,0,0,1,1,35504,6,1,6,0,3,0,67,170,0,0,0,0,0,0,0,0,0,0,89,0,0,0,1,2,55,1,1,2,1,4,3,1,67,99,1,1,83,0,0
1,10330,1,1,1,19,6,17,40,42,0,1,0,1,2,12,481,12481,31,2001,1FTZX17241NC,1,F,T,Z,X,1,7,2,4,1,N,C,0,0,0,000000000,00000000000,0,0,0,1,0,0,0,0,0,0,0,999,0,0,0,12,6,2,42,0,0,0,1,1,35023,2,1,0,0,2,1,69,150,0,0,0,0,0,0,0,0,0,9,99,99,99,99,1,2,30,1,1,2,1,0,0,1,12,1,1,4,6,1,0
1,10331,1,1,1,7,6,0,13,1,0,1,0,1,1,72,706,72706,80,2001,1HD1FBW171Y6,1,H,D,1,F,B,W,1,7,1,Y,6,0,0,0,000000000,00000000000,0,0,0,1,0,0,0,0,0,0,0,999,0,0,0,0,6,2,1,0,0,0,1,1,36551,6,1,0,0,3,0,71,300,0,0,0,0,0,0,0,0,0,0,89,0,0,0,2,2,70,1,5,2,1,0,0,1,13,99,1,4,1,1,0
1,10332,1,1,1,22,6,8,17,42,0,1,0,1,2,12,401,12401,14,1998,1FMYU22X4WUC,1,F,M,Y,U,2,2,X,4,W,U,C,0,0,0,000000000,00000000000,0,0,0,1,0,0,0,0,0,0,0,999,0,0,0,12,6,2,42,0,0,0,1,1,35601,0,0,0,0,0,0,63,130,0,0,0,0,0,0,0,0,0,9,99,99,99,99,1,2,45,3,6,2,1,0,0,14,13,99,1,4,1,1,0
1,10333,1,2,1,31,5,17,34,12,2,1,0,1,1,12,481,12481,31,2002,1FTRW08L72KC,1,F,T,R,W,0,8,L,7,2,K,C,0,0,0,000000000,00000000000,0,0,0,1,0,0,0,0,0,0,0,50,0,0,0,12,6,2,12,0,0,0,1,1,35613,6,1,0,0,3,0,68,230,0,0,0,1,0,7,2011,7,2011,0,28,0,0,0,1,2,35,2,6,2,1,0,0,14,10,3,1,2,50,0,1
1,10333,2,2,1,31,5,17,34,12,2,1,0,1,1,22,17,22017,4,1991,1G2AF54T9M62,1,G,2,A,F,5,4,T,9,M,6,2,0,0,0,000000000,00000000000,0,0,0,1,0,0,0,0,0,0,0,20,0,0,0,12,6,2,12,0,0,0,1,1,35613,6,1,0,0,3,0,72,240,0,0,0,0,0,0,0,0,0,0,0,0,0,0,1,2,35,3,5,2,1,0,0,14,62,1,1,1,51,1,0
1,10334,1,1,1,5,6,21,45,35,0,1,0,1,1,7,20,7020,4,2000,1B3ES46C0YD6,1,B,3,E,S,4,6,C,0,Y,D,6,0,0,0,000000000,00000000000,0,0,0,1,0,0,0,0,0,0,0,75,0,1,5,12,6,2,1,0,0,0,1,1,35121,6,1,0,0,3,1,66,260,0,0,0,1,0,4,2012,4,2012,3,0,0,0,0,1,2,55,1,1,2,2,0,0,1,12,99,1,4,6,1,1
1,10335,1,2,2,7,6,2,20,12,6,1,0,13,3,36,401,36401,14,2014,ZFBCFAAHXEZ0,Z,F,B,C,F,A,A,H,X,E,Z,0,0,0,0,000000000,00000000000,0,0,0,1,0,0,0,0,0,0,0,999,0,0,0,3,6,2,12,0,0,0,1,13,30093,6,1,0,0,3,0,68,200,98,0,0,0,0,0,0,0,0,0,38,0,0,0,1,5,45,1,1,2,1,0,0,11,15,1,1,1,68,0,0
1,10335,2,2,1,7,6,2,20,12,6,1,0,1,2,53,703,53703,80,2002,KM4MJ51A2212,K,M,4,M,J,5,1,A,2,2,1,2,0,0,0,000000000,00000000000,0,0,0,1,0,0,0,0,0,0,0,999,0,0,0,12,6,2,12,0,0,0,1,1,36609,6,1,0,0,3,0,71,245,2,0,0,0,0,7,2011,12,2012,9,0,0,0,0,1,5,45,1,1,2,1,0,0,1,62,99,1,1,69,1,1
1,10336,1,1,1,7,6,20,45,1,0,1,0,1,1,12,22,12022,6,2007,1FMDK02157GA,1,F,M,D,K,0,2,1,5,7,G,A,0,0,0,000000000,00000000000,0,0,0,1,0,0,0,0,0,0,0,999,0,1,5,0,6,2,1,0,0,0,1,1,35180,6,1,0,0,3,0,70,139,1,0,0,0,0,10,2013,10,2013,0,28,0,0,0,1,2,55,3,6,2,1,0,0,14,12,99,1,4,6,1,1
1,10337,1,1,1,8,6,19,21,34,0,1,0,1,2,35,47,35047,4,2003,1N4BL11EX3C2,1,N,4,B,L,1,1,E,X,3,C,2,0,0,0,000000000,00000000000,0,0,0,1,0,0,0,0,0,0,0,999,0,1,5,10,6,2,1,0,0,0,1,1,36582,6,1,0,0,3,1,67,203,0,2,1,0,1,3,2012,7,2012,9,28,0,0,0,1,2,45,2,1,2,1,0,0,1,12,99,1,4,6,1,1
1,10338,1,1,1,18,6,17,0,42,0,1,0,1,2,12,481,12481,31,2002,1FTRX07W22KB,1,F,T,R,X,0,7,W,2,2,K,B,0,0,0,000000000,00000000000,0,0,0,1,0,0,0,0,0,0,0,73,0,0,0,12,6,2,42,0,0,0,1,1,36005,6,1,0,0,3,0,72,360,1,0,0,0,0,6,2011,6,2011,3,28,0,0,0,1,2,45,1,6,2,1,0,0,1,12,99,1,4,6,1,0
1,10339,1,1,1,20,6,19,45,1,0,1,0,92,0,35,401,35401,14,2001,JN8DR09X71W5,J,N,8,D,R,0,9,X,7,1,W,5,0,0,0,000000000,00000000000,0,0,0,1,0,0,0,0,0,0,0,70,0,1,5,0,6,2,1,0,0,0,1,1,35593,6,1,0,0,3,0,72,165,0,0,0,0,0,0,0,0,0,3,58,0,0,0,1,2,55,3,5,2,1,0,0,14,6,6,4,4,7,1,0
1,10340,1,1,1,21,6,21,9,1,0,1,0,1,1,12,481,12481,31,2007,1FTPX12V57NA,1,F,T,P,X,1,2,V,5,7,N,A,0,0,0,000000000,00000000000,0,0,0,1,0,0,0,0,0,0,0,65,0,1,1,0,6,2,1,0,0,0,1,1,36081,6,1,6,0,3,0,70,210,1,0,0,0,0,6,2011,6,2011,3,58,28,0,0,1,2,45,1,6,2,1,0,0,1,13,6,2,6,98,1,1
1,10341,1,1,1,2,6,22,0,35,0,1,0,1,1,76,709,76709,80,2003,JYAVM01E23A0,J,Y,A,V,M,0,1,E,2,3,A,0,0,0,0,000000000,00000000000,0,0,0,1,0,0,0,0,0,0,0,999,0,0,0,12,6,2,35,0,0,0,1,1,35633,6,1,0,0,3,0,69,110,0,0,0,0,0,0,0,0,0,0,28,0,0,0,1,2,45,1,1,2,1,0,0,1,12,99,1,4,6,1,1
1,10343,1,1,2,21,6,20,15,59,0,1,0,1,1,20,481,20481,31,2006,1GCEC14V96Z1,1,G,C,E,C,1,4,V,9,6,Z,1,0,0,0,000000000,00000000000,0,0,0,1,0,0,0,0,0,0,0,999,0,0,0,11,6,2,59,0,0,0,1,1,36606,6,1,0,0,3,1,75,320,0,0,0,0,0,0,0,0,0,0,0,0,0,0,1,3,35,1,1,2,1,0,0,1,62,7,1,4,3,1,0
1,10344,1,1,1,24,6,4,50,8,0,1,0,1,2,22,20,22020,4,2002,1G2WK52J92F2,1,G,2,W,K,5,2,J,9,2,F,2,0,0,0,000000000,00000000000,0,0,0,1,0,0,0,0,0,0,0,999,0,0,0,12,6,2,8,0,0,0,1,1,35619,6,1,0,0,3,0,70,175,0,0,0,0,0,0,0,0,0,0,0,0,0,0,1,2,45,1,1,2,1,0,0,1,80,1,1,1,13,0,0
1,10345,1,2,1,25,6,18,39,12,6,1,0,1,1,63,37,63037,6,2013,KNDJT2A68D75,K,N,D,J,T,2,A,6,8,D,7,5,0,0,0,000000000,00000000000,0,0,0,1,0,0,0,0,0,0,0,999,0,1,1,3,6,2,12,0,0,0,1,1,35674,6,1,0,0,3,0,65,150,1,0,0,0,0,4,2013,4,2013,0,38,0,0,0,2,3,55,1,1,2,1,0,0,11,15,99,1,1,68,1,0
1,10345,2,2,1,25,6,18,39,12,6,1,0,1,2,37,32,37032,4,2000,1HGCG5554YA1,1,H,G,C,G,5,5,5,4,Y,A,1,0,0,0,000000000,00000000000,0,0,0,1,0,0,0,0,0,0,0,80,0,0,0,12,6,2,12,0,0,0,1,1,35674,6,1,0,0,3,0,72,265,0,0,0,0,0,0,0,0,0,3,0,0,0,0,2,4,55,1,1,2,1,0,0,1,62,10,1,1,69,0,0
1,10346,1,1,1,12,6,2,42,42,0,1,0,1,2,49,44,49044,2,2002,2T1CE22P82C0,2,T,1,C,E,2,2,P,8,2,C,0,0,0,0,000000000,00000000000,0,0,0,1,0,0,0,0,0,0,0,999,0,0,0,12,6,2,2,0,0,1,1,1,35005,6,1,0,0,3,0,71,185,2,1,1,0,1,9,2011,10,2012,0,0,0,0,0,1,2,35,3,6,2,1,0,0,1,13,1,1,4,1,1,0
1,10347,1,1,2,17,6,20,45,35,0,1,0,1,2,63,32,63032,4,2009,KNADE2230964,K,N,A,D,E,2,2,3,0,9,6,4,0,0,0,000000000,00000000000,0,0,0,1,0,0,0,0,0,0,0,45,0,1,5,9,6,2,35,0,0,0,1,1,35006,2,1,2,0,2,0,68,130,0,0,0,0,0,0,0,0,0,0,58,0,0,0,1,2,45,1,1,2,1,0,0,1,13,7,3,4,2,1,0
1,10348,1,2,2,17,5,20,14,12,6,1,0,1,1,7,481,7481,31,1973,D14AJ3S15058,D,1,4,A,J,3,S,1,5,0,5,8,0,0,0,000000000,00000000000,0,0,0,1,0,0,0,0,0,0,0,999,0,0,0,3,2,5,12,0,0,0,1,1,36530,6,1,0,0,3,1,79,270,0,0,1,0,0,5,2014,5,2014,0,89,0,0,0,1,2,45,1,1,2,1,0,0,11,15,1,1,1,68,0,1
1,10348,2,2,2,17,5,20,14,12,6,1,0,12,1,72,706,72706,80,2006,1HD1FCW116Y6,1,H,D,1,F,C,W,1,1,6,Y,6,0,0,0,000000000,00000000000,0,0,0,1,0,0,0,0,0,0,0,999,0,0,0,12,6,2,12,0,0,0,1,12,32534,6,1,0,0,3,0,72,999,0,0,0,0,0,0,0,0,0,0,0,0,0,0,1,2,45,1,1,2,1,0,0,1,62,99,1,1,69,1,0
1,10349,1,1,1,20,6,20,40,8,0,1,0,1,3,23,481,23481,31,2007,1GTHC29U97E1,1,G,T,H,C,2,9,U,9,7,E,1,0,0,0,000000000,00000000000,0,0,0,1,0,0,0,0,0,0,0,35,0,0,0,12,4,3,8,0,0,0,1,1,36541,6,1,0,0,3,0,77,260,0,0,0,1,1,5,2012,11,2013,0,0,0,0,0,1,2,45,2,6,2,1,0,0,14,80,1,1,1,13,0,0
1,10350,1,2,6,20,6,18,45,12,1,1,0,1,2,20,401,20401,14,2002,1GNDS13S4224,1,G,N,D,S,1,3,S,4,2,2,4,0,0,0,000000000,00000000000,0,0,0,1,0,0,0,0,0,0,0,999,0,1,5,12,6,2,1,0,0,0,1,1,36054,0,0,0,0,0,0,999,999,0,0,0,0,0,0,0,0,0,9,58,0,0,0,2,2,70,1,5,2,1,0,0,15,12,7,3,2,32,1,0
1,10350,2,2,1,20,6,18,45,12,1,1,0,1,1,49,40,49040,4,2012,4T1BD1FK3CU0,4,T,1,B,D,1,F,K,3,C,U,0,0,0,0,000000000,00000000000,0,0,0,1,0,0,0,0,0,0,0,999,0,0,0,6,6,2,12,0,0,0,1,1,35043,2,1,0,0,2,1,73,220,0,1,1,1,0,5,2012,2,2014,0,89,0,0,0,2,2,70,1,5,2,1,0,0,1,60,99,1,1,32,0,0
1,10351,1,1,1,18,6,15,40,8,0,1,0,1,1,20,481,20481,31,2007,2GCEK13M4716,2,G,C,E,K,1,3,M,4,7,1,6,0,0,0,000000000,00000000000,0,0,0,1,0,0,0,0,0,0,0,65,0,0,0,12,4,3,8,0,0,0,1,1,36572,6,1,0,0,3,0,68,180,2,0,0,0,1,10,2013,5,2014,0,91,0,0,0,2,2,65,1,1,2,1,0,0,1,13,1,1,4,1,0,0
1,10352,1,2,1,21,6,20,40,12,2,1,0,1,1,51,43,51043,6,2002,YV1SW61RX222,Y,V,1,S,W,6,1,R,X,2,2,2,0,0,0,000000000,00000000000,0,0,0,1,0,0,0,0,0,0,0,45,0,0,0,12,6,2,12,0,0,0,1,1,36608,6,1,0,0,3,1,66,190,1,0,0,0,0,8,2013,8,2013,0,28,0,0,0,5,5,45,1,1,2,1,0,0,1,10,1,1,2,50,1,0
1,10352,2,2,3,21,6,20,40,12,2,1,0,1,1,12,481,12481,31,2010,1FTEW1C83AFD,1,F,T,E,W,1,C,8,3,A,F,D,0,0,0,000000000,00000000000,0,0,0,1,0,0,0,0,0,0,0,5,0,0,0,12,6,2,12,0,0,0,1,1,36618,6,1,0,0,3,0,75,282,0,0,0,0,0,0,0,0,0,0,0,0,0,0,5,5,45,1,1,2,1,0,0,1,62,2,1,1,51,0,0
1,10353,1,2,1,24,6,1,55,12,9,1,0,1,3,45,42,45042,5,2011,WP0AA2A78BL0,W,P,0,A,A,2,A,7,8,B,L,0,0,0,0,000000000,00000000000,0,0,0,1,0,0,0,0,0,0,0,999,0,0,0,8,6,2,30,0,0,0,1,1,35223,6,1,0,0,3,1,73,190,0,0,0,1,0,10,2011,10,2011,3,0,0,0,0,3,3,55,1,1,2,1,40,3,1,6,9,3,2,45,1,0
1,10353,2,2,4,24,6,1,55,12,9,1,0,6,2,98,850,98850,73,1997,1GBLP37J5V33,1,G,B,L,P,3,7,J,5,V,3,3,0,0,0,000000000,00000000000,0,0,0,1,0,0,0,0,0,0,0,999,0,0,0,6,4,5,12,0,0,0,1,6,92870,6,1,0,0,3,0,66,115,0,0,0,1,0,5,2012,5,2012,0,0,0,0,0,3,3,55,1,1,2,1,40,3,1,61,1,1,1,44,0,0
1,10354,1,1,1,28,6,22,35,8,0,1,0,1,2,12,402,12402,14,2010,1FMCU0DG1AKC,1,F,M,C,U,0,D,G,1,A,K,C,0,0,0,000000000,00000000000,0,0,0,1,0,0,0,0,0,0,0,45,0,0,0,12,4,5,8,0,0,0,1,1,35956,6,1,0,0,3,0,65,165,1,0,0,1,0,12,2011,10,2013,0,0,0,0,0,1,2,50,1,3,2,1,0,0,1,80,8,1,1,13,0,0
1,10355,1,1,4,24,6,12,34,1,0,1,0,1,2,12,422,12422,15,2003,1FMPU17LX3LC,1,F,M,P,U,1,7,L,X,3,L,C,0,0,0,000000000,00000000000,0,0,0,1,0,0,0,0,0,0,0,999,0,1,1,0,6,2,1,0,0,0,1,1,35228,6,1,0,0,3,1,67,215,0,0,0,0,0,0,0,0,0,9,58,0,0,0,2,3,70,1,1,2,1,0,0,1,99,99,9,3,98,2,0
1,10356,1,2,1,18,4,9,5,12,6,1,0,1,1,49,32,49032,4,1992,1NXAE91A9NZ2,1,N,X,A,E,9,1,A,9,N,Z,2,0,0,0,000000000,00000000000,0,0,0,1,0,0,0,0,0,0,0,15,0,0,0,12,6,2,12,0,0,0,1,1,35618,6,1,0,0,3,0,63,104,1,0,0,0,0,6,2013,6,2013,0,39,0,0,0,1,2,45,1,1,2,1,3,3,1,17,1,1,1,88,1,0
1,10356,2,2,1,18,4,9,5,12,6,1,0,31,3,84,884,84884,66,2013,3HSDJSJRXDN3,3,H,S,D,J,S,J,R,X,D,N,3,1,1,57,065769,57065769,3,6,1,1,0,0,0,0,0,0,0,65,0,0,0,9,6,2,12,0,0,0,1,13,30311,6,1,6,0,3,0,71,175,98,0,0,0,0,0,0,0,0,0,0,0,0,0,2,2,65,1,1,2,1,3,3,1,66,1,1,1,89,0,0
1,10357,1,1,1,4,5,12,17,10,0,1,0,1,2,18,19,18019,4,2011,W04G15GV0B10,W,0,4,G,1,5,G,V,0,B,1,0,0,0,0,000000000,00000000000,0,0,0,1,0,0,0,0,0,0,0,999,0,0,0,10,6,2,10,0,0,0,1,1,35474,0,0,0,0,0,0,72,200,0,0,0,0,0,0,0,0,0,0,38,0,0,0,1,2,25,1,5,2,1,65,3,1,90,1,1,1,15,1,0
1,10358,1,2,1,1,6,10,25,12,2,1,0,1,1,41,37,41037,4,1998,1YVGF22C7W56,1,Y,V,G,F,2,2,C,7,W,5,6,0,0,0,000000000,00000000000,0,0,0,1,0,0,0,0,0,0,0,999,0,0,0,12,6,2,12,0,0,0,1,1,36695,6,1,0,0,3,0,63,130,0,0,0,0,0,0,0,0,0,0,28,0,0,0,1,2,45,3,6,2,1,0,0,14,10,99,1,2,50,1,0
1,10358,2,2,1,1,6,10,25,12,2,1,0,1,1,12,481,12481,31,2006,1FTRF12246NB,1,F,T,R,F,1,2,2,4,6,N,B,0,0,0,000000000,00000000000,0,0,0,1,0,0,0,0,0,0,0,40,0,0,0,12,6,2,12,0,0,0,1,1,36575,6,1,0,0,3,1,74,290,0,0,0,0,0,0,0,0,0,0,89,0,0,0,1,2,45,2,5,2,1,0,0,14,62,6,1,1,51,0,0
1,10359,1,2,1,15,6,20,20,12,6,1,0,1,1,18,7,18007,2,1998,2G4WS52M3W15,2,G,4,W,S,5,2,M,3,W,1,5,0,0,0,000000000,00000000000,0,0,0,1,0,0,0,0,0,0,0,10,0,0,0,3,6,2,12,0,0,0,1,1,35073,6,1,0,0,3,0,70,220,0,0,0,0,0,0,0,0,0,0,89,38,0,0,1,2,30,1,1,2,1,20,3,1,17,1,1,1,87,1,0
1,10359,2,2,1,15,6,20,20,12,6,1,0,48,3,93,981,93981,52,1999,1M8PDMRA0XP0,1,M,8,P,D,M,R,A,0,X,P,0,0,0,57,44110,5744110,3,21,22,1,0,0,0,0,6,3,0,55,0,0,0,12,6,2,12,0,0,0,1,13,30094,6,1,6,1,3,1,66,160,98,0,0,0,1,9,2012,9,2012,0,0,0,0,0,2,2,55,1,1,2,1,0,0,1,66,99,1,1,86,0,0
1,10360,1,1,1,21,6,15,20,34,0,1,0,1,1,76,709,76709,80,2014,JYARN33E5EA0,J,Y,A,R,N,3,3,E,5,E,A,0,0,0,0,000000000,00000000000,0,0,0,1,0,0,0,0,0,0,0,72,0,0,0,1,6,2,34,0,0,0,1,1,36037,1,1,1,0,2,0,67,195,0,2,0,1,2,9,2011,4,2013,3,8,0,0,0,1,2,25,2,1,2,1,0,0,14,6,99,1,4,1,1,0
1,10361,1,1,2,27,6,12,5,5,0,1,0,1,2,98,709,98709,82,1997,1E9HT5710VA1,1,E,9,H,T,5,7,1,0,V,A,1,0,0,0,000000000,00000000000,0,0,0,1,0,0,0,0,0,0,0,20,0,0,0,0,6,2,5,0,0,0,1,1,36877,6,1,0,0,2,0,68,135,0,0,0,0,0,0,0,0,0,0,0,0,0,0,1,2,30,1,1,5,1,0,0,1,4,1,1,4,0,1,0
1,10362,1,1,1,1,7,17,45,5,0,1,0,1,1,72,706,72706,80,2007,1HD1JL5197Y0,1,H,D,1,J,L,5,1,9,7,Y,0,0,0,0,000000000,00000000000,0,0,0,1,0,0,0,0,0,0,0,60,0,0,0,0,6,2,31,0,0,0,1,1,36203,6,1,6,0,3,0,71,230,0,0,0,0,0,0,0,0,0,3,8,0,0,0,1,2,35,3,1,2,1,0,0,14,98,7,1,4,0,1,0
1,10363,1,1,1,27,6,18,34,14,0,1,0,1,1,49,403,49403,14,2006,JTEDW21A4600,J,T,E,D,W,2,1,A,4,6,0,0,0,0,0,000000000,00000000000,0,0,0,1,0,0,0,0,0,0,0,999,0,0,0,12,6,2,14,0,0,0,1,1,35079,6,1,0,0,3,1,69,275,1,0,1,0,0,4,2013,4,2013,0,0,0,0,0,2,3,70,1,1,1,1,0,0,1,12,1,1,4,6,1,0
1,10364,1,1,3,25,6,1,55,53,0,1,0,1,2,14,17,14017,4,1996,1MELM50U0TA6,1,M,E,L,M,5,0,U,0,T,A,6,0,0,0,000000000,00000000000,0,0,0,1,0,0,0,0,0,0,0,999,0,1,5,12,6,2,1,0,0,0,1,1,36526,0,0,0,0,0,0,999,999,0,0,0,0,0,0,0,0,0,4,52,0,0,0,1,2,45,3,6,2,1,0,0,14,13,1,1,4,1,1,0
1,10365,1,2,2,4,7,11,23,12,1,1,0,12,3,20,481,20481,31,2004,1GCEC14V14Z1,1,G,C,E,C,1,4,V,1,4,Z,1,0,0,0,000000000,00000000000,0,0,0,1,0,0,0,0,0,0,0,999,0,0,0,12,6,2,12,0,0,0,1,12,33830,6,1,0,0,3,0,70,999,0,0,0,0,0,0,0,0,0,0,26,0,0,0,3,4,65,1,1,2,1,0,0,1,52,1,1,1,28,0,0
1,10365,2,2,3,4,7,11,23,12,1,1,0,48,2,49,32,49032,4,2012,5YFBU4EE5CP0,5,Y,F,B,U,4,E,E,5,C,P,0,0,0,0,000000000,00000000000,0,0,0,1,0,0,0,0,0,0,0,999,0,0,0,6,6,2,12,0,0,0,1,48,77520,6,1,0,0,3,0,999,999,0,0,0,0,1,9,2013,9,2013,0,0,0,0,0,3,4,65,1,1,2,1,0,0,2,53,1,1,1,29,1,0
1,10366,1,1,1,5,7,18,50,42,0,1,0,1,1,20,20,20020,4,1995,2G1WL52M7S93,2,G,1,W,L,5,2,M,7,S,9,3,0,0,0,000000000,00000000000,0,0,0,1,0,0,0,0,0,0,0,999,0,0,0,9,6,2,42,0,0,0,1,1,36756,6,1,0,0,3,1,68,165,0,0,0,0,0,0,0,0,0,3,28,0,0,0,1,2,55,3,6,2,1,0,0,14,6,99,4,4,7,1,1
1,10367,1,1,1,5,7,16,15,42,0,1,0,92,0,98,709,98709,80,2009,KM4MP6825916,K,M,4,M,P,6,8,2,5,9,1,6,0,0,0,000000000,00000000000,0,0,0,1,0,0,0,0,0,0,0,70,0,0,0,12,6,2,42,0,0,0,1,1,35501,6,1,0,0,3,0,70,180,0,0,0,0,1,4,2012,4,2012,3,89,0,0,0,1,2,45,2,1,2,1,0,0,14,6,99,2,4,7,1,0
1,10368,1,1,1,28,6,21,15,1,0,1,0,1,1,20,421,20421,15,2004,1GNEC13Z14J3,1,G,N,E,C,1,3,Z,1,4,J,3,0,0,0,000000000,00000000000,0,0,0,1,0,0,0,0,0,0,0,55,0,1,5,0,6,2,42,0,0,0,1,1,36726,6,1,0,0,3,0,76,195,0,0,0,2,0,5,2012,3,2014,0,28,0,0,0,1,2,55,2,1,2,1,0,0,14,12,99,1,4,1,1,1