STATE,ST_CASE,VEH_NO,VE_FORMS,NUMOCCS,DAY,MONTH,HOUR,MINUTE,HARM_EV,MAN_COLL,UNITTYPE,HIT_RUN,REG_STAT,OWNER,MAKE,MODEL,MAK_MOD,BODY_TYP,MOD_YEAR,VIN,VIN_1,VIN_2,VIN_3,VIN_4,VIN_5,VIN_6,VIN_7,VIN_8,VIN_9,VIN_10,VIN_11,VIN_12,TOW_VEH,J_KNIFE,MCARR_I1,MCARR_I2,MCARR_ID,GVWR,V_CONFIG,CARGO_BT,HAZ_INV,HAZ_PLAC,HAZ_ID,HAZ_CNO,HAZ_REL,BUS_USE,SPEC_USE,EMER_USE,TRAV_SP,UNDERIDE,ROLLOVER,ROLINLOC,IMPACT1,DEFORMED,TOWED,M_HARM,VEH_SC1,VEH_SC2,FIRE_EXP,DR_PRES,L_STATE,DR_ZIP,L_STATUS,L_TYPE,CDL_STAT,L_ENDORS,L_COMPL,L_RESTRI,DR_HGT,DR_WGT,PREV_ACC,PREV_SUS,PREV_DWI,PREV_SPD,PREV_OTH,FIRST_MO,FIRST_YR,LAST_MO,LAST_YR,SPEEDREL,DR_SF1,DR_SF2,DR_SF3,DR_SF4,VTRAFWAY,VNUM_LAN,VSPD_LIM,VALIGN,VPROFILE,VPAVETYP,VSURCOND,VTRAFCON,VTCONT_F,P_CRASH1,P_CRASH2,P_CRASH3,PCRASH4,PCRASH5,ACC_TYPE,DEATHS,DR_DRINK
1,10369,1,1,2,1,7,13,38,1,0,1,0,1,1,18,2,18002,4,1993,1G4HP53L2PH4,1,G,4,H,P,5,3,L,2,P,H,4,0,0,0,000000000,00000000000,0,0,0,1,0,0,0,0,0,0,0,999,0,1,5,0,6,2,1,0,0,0,1,1,35085,6,1,0,0,3,0,68,160,0,0,0,0,0,0,0,0,0,0,39,0,0,0,6,1,98,1,5,2,1,20,3,1,13,99,1,4,1,1,0
1,10370,1,2,1,2,7,8,5,12,6,1,0,1,1,20,481,20481,31,1990,1GCDC14K0LE1,1,G,C,D,C,1,4,K,0,L,E,1,0,0,0,000000000,00000000000,0,0,0,1,0,0,0,0,0,0,0,55,0,0,0,12,6,2,12,0,0,0,1,1,35650,6,1,0,0,3,0,73,200,0,0,0,0,0,0,0,0,0,0,39,0,0,0,2,2,55,1,1,2,1,3,3,1,17,1,1,1,83,0,0
1,10370,2,2,3,2,7,8,5,12,6,1,0,1,2,18,2,18002,4,2002,1G4HP54K2241,1,G,4,H,P,5,4,K,2,2,4,1,0,0,0,000000000,00000000000,0,0,0,1,0,0,0,0,0,0,0,5,0,0,0,8,6,2,12,0,0,0,1,1,35661,6,1,0,0,3,1,66,160,0,0,0,0,0,0,0,0,0,0,0,0,0,0,1,3,45,1,1,2,1,3,3,11,66,1,1,1,82,1,0
1,10371,1,1,4,5,7,5,35,24,0,1,0,1,2,37,441,37441,20,2004,5FNRL18834B1,5,F,N,R,L,1,8,8,3,4,B,1,0,0,0,000000000,00000000000,0,0,0,1,0,0,0,0,0,0,0,70,0,1,5,5,6,2,1,0,0,0,1,1,35401,1,1,0,0,2,0,61,165,0,1,0,0,1,7,2011,5,2013,0,58,0,0,0,3,2,70,1,1,2,1,0,0,1,12,7,3,4,2,1,1
1,10372,1,1,2,6,7,20,45,8,0,1,0,1,1,23,481,23481,31,2011,3GTP1VE02BG2,3,G,T,P,1,V,E,0,2,B,G,2,0,0,0,000000000,00000000000,0,0,0,1,0,0,0,0,0,0,0,45,0,0,0,12,4,5,8,0,0,0,1,1,36619,6,1,0,0,3,1,76,180,0,0,0,0,0,0,0,0,0,0,0,0,0,0,1,3,45,1,1,2,1,0,0,1,80,1,1,1,13,0,0
1,10373,1,1,1,12,7,99,99,42,0,1,0,1,2,12,37,12037,2,2004,3FAFP313X4R1,3,F,A,F,P,3,1,3,X,4,R,1,0,0,0,000000000,00000000000,0,0,0,1,0,0,0,0,0,0,0,60,0,0,0,13,6,2,42,0,0,0,1,1,36257,6,1,6,0,3,0,68,184,0,0,0,1,0,8,2012,8,2012,0,99,99,99,99,1,2,55,3,5,2,1,0,0,14,13,99,1,4,1,1,1
1,10374,1,1,1,12,7,3,57,43,0,1,0,1,2,20,471,20471,30,1989,1GCCS19Z7K81,1,G,C,C,S,1,9,Z,7,K,8,1,0,0,0,000000000,00000000000,0,0,0,1,0,0,0,0,0,0,0,999,0,0,0,12,6,2,43,0,0,0,1,1,35901,6,1,0,0,3,1,68,190,2,0,0,0,0,11,2012,8,2013,0,0,0,0,0,2,2,25,2,6,2,1,0,0,14,12,99,1,4,6,1,0
1,10375,1,1,1,11,7,12,26,32,0,1,0,1,2,63,441,63441,20,2005,KNDUP1313566,K,N,D,U,P,1,3,1,3,5,6,6,0,0,0,000000000,00000000000,0,0,0,1,0,0,0,0,0,0,0,60,0,0,0,12,6,2,32,0,0,0,1,1,35983,6,1,0,0,3,0,72,152,0,0,0,2,0,4,2012,5,2013,0,0,0,0,0,1,2,45,1,1,2,1,0,0,1,12,99,1,4,6,1,0
1,10376,1,1,1,3,7,16,11,8,0,1,0,1,1,37,32,37032,4,2003,1HGCM66573A0,1,H,G,C,M,6,6,5,7,3,A,0,0,0,0,000000000,00000000000,0,0,0,1,0,0,0,0,0,0,0,999,0,0,0,12,2,3,8,0,0,0,1,1,35045,6,1,0,0,3,0,68,170,0,0,0,0,0,0,0,0,0,0,0,0,0,0,1,2,20,1,1,2,1,0,0,1,80,1,1,1,13,0,0
1,10377,1,2,0,8,7,15,15,12,1,1,0,1,6,20,461,20461,21,2002,1GCEG15W7211,1,G,C,E,G,1,5,W,7,2,1,1,0,0,0,000000000,00000000000,0,0,0,1,0,0,0,0,0,0,0,0,0,0,0,6,6,2,12,0,0,0,0,0,99997,7,6,97,7,6,7,998,997,998,998,998,998,998,98,9998,98,9998,8,0,0,0,0,5,5,45,2,1,2,1,0,0,0,53,0,0,0,32,0,0
1,10377,2,2,1,8,7,15,15,12,1,1,0,1,1,52,34,52034,4,2003,4A3AA46G43E0,4,A,3,A,A,4,6,G,4,3,E,0,0,0,0,000000000,00000000000,0,0,0,1,0,0,0,0,0,0,0,45,0,0,0,12,6,2,8,0,0,0,1,1,36571,6,1,0,0,3,0,74,145,1,0,0,0,0,6,2013,6,2013,0,0,0,0,0,5,5,45,2,1,2,1,0,0,14,50,3,1,1,32,0,0
1,10378,1,2,1,7,7,5,22,12,2,1,0,1,2,12,481,12481,31,1999,1FTRX07L3XKA,1,F,T,R,X,0,7,L,3,X,K,A,0,0,0,000000000,00000000000,0,0,0,1,0,0,0,0,0,0,0,66,0,0,0,12,6,2,12,0,0,0,1,1,35215,0,0,0,0,0,0,999,999,0,0,0,0,0,0,0,0,0,3,28,8,0,0,1,2,30,1,5,2,1,0,0,1,10,99,1,2,50,0,0
1,10378,2,2,1,7,7,5,22,12,2,1,0,1,1,18,23,18023,4,2007,1G4HD57257U2,1,G,4,H,D,5,7,2,5,7,U,2,0,0,0,000000000,00000000000,0,0,0,1,0,0,0,0,0,0,0,999,0,0,0,12,6,2,12,0,0,0,1,1,35217,6,1,0,0,3,0,66,176,1,0,0,0,0,8,2011,8,2011,0,0,0,0,0,1,2,30,1,6,2,1,0,0,1,62,99,1,1,51,1,0
1,10379,1,1,1,6,7,5,0,42,0,1,0,1,2,37,32,37032,4,2001,1HGCG16591A0,1,H,G,C,G,1,6,5,9,1,A,0,0,0,0,000000000,00000000000,0,0,0,1,0,0,0,0,0,0,0,60,0,0,0,10,6,2,42,0,0,0,1,1,36477,6,1,0,0,3,0,70,165,1,0,0,1,0,12,2012,1,2014,3,28,0,0,0,1,2,45,3,6,2,1,0,0,14,12,1,3,4,2,1,1
1,10380,1,2,1,5,7,22,15,12,2,1,0,92,0,76,709,76709,80,2004,JYACE11Y34AD,J,Y,A,C,E,1,1,Y,3,4,A,D,0,0,0,000000000,00000000000,0,0,0,1,0,0,0,0,0,0,0,40,0,0,0,12,6,2,12,0,0,0,1,1,36037,0,0,0,0,0,0,58,70,0,0,0,0,0,0,0,0,0,4,0,0,0,0,1,2,35,1,1,5,1,0,0,1,54,1,1,1,52,1,0
1,10380,2,2,2,5,7,22,15,12,2,1,0,92,0,76,709,76709,80,2013,JYACG33C4DA0,J,Y,A,C,G,3,3,C,4,D,A,0,0,0,0,000000000,00000000000,0,0,0,1,0,0,0,0,0,0,0,40,0,0,0,12,6,2,12,0,0,0,1,1,36037,6,1,0,0,2,0,70,165,0,0,0,1,0,9,2012,9,2012,4,0,0,0,0,1,2,35,1,1,5,1,0,0,1,54,1,1,1,52,1,0
1,10381,1,3,3,7,7,16,41,12,6,1,0,1,2,37,421,37421,15,2009,5FNYF385X9B0,5,F,N,Y,F,3,8,5,X,9,B,0,0,0,0,000000000,00000000000,0,0,0,1,0,0,0,0,0,0,0,52,0,0,0,1,6,2,12,0,0,0,1,1,36467,6,1,0,0,3,1,65,160,0,0,0,0,0,0,0,0,0,0,89,39,0,0,1,3,55,1,1,2,1,20,3,1,17,1,1,1,87,1,0
1,10381,2,3,4,7,7,16,41,12,6,1,0,29,1,12,17,12017,4,2010,1FAHP2FWXAG1,1,F,A,H,P,2,F,W,X,A,G,1,0,0,0,000000000,00000000000,0,0,0,1,0,0,0,0,0,0,0,54,0,0,0,12,6,2,12,0,0,0,1,29,64772,6,1,0,0,3,0,74,225,0,0,0,0,0,0,0,0,0,0,0,0,0,0,1,2,55,1,6,2,1,4,3,1,66,99,1,1,86,0,0
1,10381,3,3,1,7,7,16,41,12,6,1,0,1,1,20,403,20403,14,2004,1GNDS13S3423,1,G,N,D,S,1,3,S,3,4,2,3,0,0,0,000000000,00000000000,0,0,0,1,0,0,0,0,0,0,0,52,0,0,0,12,6,2,12,0,0,0,1,1,36346,6,1,6,0,3,1,71,198,0,0,0,0,0,0,0,0,0,0,0,0,0,0,1,3,55,1,1,2,1,20,3,2,62,99,1,1,98,0,0
1,10382,1,2,1,3,6,9,36,12,6,1,0,1,1,12,471,12471,30,2009,1FTYR10D79PA,1,F,T,Y,R,1,0,D,7,9,P,A,0,0,0,000000000,00000000000,0,0,0,1,0,0,0,0,0,0,0,999,0,0,0,12,6,2,12,0,0,0,1,1,35630,6,1,0,0,3,0,71,180,0,0,0,0,0,0,0,0,0,0,39,0,0,0,2,3,50,1,1,2,1,3,3,1,17,1,1,1,86,0,0
1,10382,2,2,2,3,6,9,36,12,6,1,0,1,1,12,23,12023,4,2010,3FAHP0JG1AR1,3,F,A,H,P,0,J,G,1,A,R,1,0,0,0,000000000,00000000000,0,0,0,1,0,0,0,0,0,0,0,999,0,0,0,2,6,2,12,0,0,0,1,1,35648,6,1,0,0,3,0,75,175,0,0,0,0,0,0,0,0,0,0,89,0,0,0,1,3,45,1,6,2,1,3,3,1,66,99,1,1,87,1,0
1,10383,1,2,2,16,5,13,15,12,6,1,0,12,1,72,706,72706,80,2013,1HD1KGM18DB6,1,H,D,1,K,G,M,1,8,D,B,6,0,0,0,000000000,00000000000,0,0,0,1,0,0,0,0,0,0,0,999,0,0,0,9,6,2,12,0,0,0,1,12,32322,6,1,0,0,3,1,69,999,0,0,0,0,0,0,0,0,0,9,38,0,0,0,0,0,0,0,0,0,0,0,0,1,98,99,1,1,89,2,0
1,10383,2,2,1,16,5,13,15,12,6,1,0,1,1,49,40,49040,4,2013,4T1BF1FK7DU7,4,T,1,B,F,1,F,K,7,D,U,7,0,0,0,000000000,00000000000,0,0,0,1,0,0,0,0,0,0,0,999,0,0,0,12,6,2,12,0,0,0,1,1,35976,6,1,0,0,3,0,64,140,0,0,0,0,0,0,0,0,0,0,0,0,0,0,2,2,55,1,1,2,1,0,0,1,73,99,1,1,88,0,0
1,10384,1,1,1,6,7,0,47,42,0,1,0,1,2,53,709,53709,80,2001,JS1GN79A0121,J,S,1,G,N,7,9,A,0,1,2,1,0,0,0,000000000,00000000000,0,0,0,1,0,0,0,0,0,0,0,70,0,0,0,98,6,2,42,0,0,0,1,1,35125,2,1,0,0,2,0,73,130,0,3,0,0,0,8,2011,2,2012,3,8,37,0,0,1,2,45,2,3,2,1,0,0,14,6,3,2,4,7,1,1
1,10385,1,1,1,6,7,19,27,1,0,1,0,1,2,42,401,42401,14,2006,4JGBB86E46A0,4,J,G,B,B,8,6,E,4,6,A,0,0,0,0,000000000,00000000000,0,0,0,1,0,0,0,0,0,0,0,75,0,1,5,0,6,2,1,0,0,0,1,1,35040,1,1,0,0,2,0,71,185,8,1,0,4,1,7,2011,9,2013,0,89,58,0,0,2,2,65,2,1,2,1,0,0,14,13,1,1,4,1,1,0
1,10386,1,1,1,6,7,21,53,8,0,1,0,1,1,37,402,37402,14,2013,2HKRM4H79DH6,2,H,K,R,M,4,H,7,9,D,H,6,0,0,0,000000000,00000000000,0,0,0,1,0,0,0,0,0,0,0,999,0,0,0,12,2,3,8,0,0,0,1,1,36116,6,1,0,0,3,1,64,170,0,0,0,0,0,0,0,0,0,0,89,0,0,0,5,3,35,1,1,2,1,0,0,1,80,99,1,1,13,0,0
1,10387,1,1,1,3,7,20,36,9,0,1,0,92,0,12,24,12024,6,2007,2FMDK36C67BB,2,F,M,D,K,3,6,C,6,7,B,B,0,0,0,000000000,00000000000,0,0,0,1,0,0,0,0,0,0,0,30,0,0,0,12,2,3,9,0,0,0,1,1,36003,6,1,0,0,3,1,69,189,0,0,0,0,0,0,0,0,0,0,0,0,0,0,5,3,35,1,3,2,1,0,0,1,83,1,1,1,13,0,1
1,10388,1,1,2,11,7,16,20,30,0,1,0,1,1,19,20,19020,6,2008,1GYEE6370801,1,G,Y,E,E,6,3,7,0,8,0,1,0,0,0,000000000,00000000000,0,0,0,1,0,0,0,0,0,0,0,55,0,1,5,4,6,2,1,0,0,0,1,1,35651,6,1,0,0,3,0,71,270,0,0,0,0,0,0,0,0,0,0,0,0,0,0,1,2,55,3,1,2,1,0,0,14,13,1,1,4,1,1,0
1,10389,1,1,1,14,7,19,42,42,0,1,0,92,0,98,739,98739,90,2014,4XAMH57A1EA1,4,X,A,M,H,5,7,A,1,E,A,1,0,0,0,000000000,00000000000,0,0,0,1,0,0,0,0,0,0,0,40,0,1,1,11,6,2,42,0,0,0,1,1,36092,6,1,0,0,1,0,65,175,0,0,0,0,0,0,0,0,0,3,8,0,0,0,1,2,35,2,1,5,1,0,0,14,12,10,2,4,7,1,1
1,10390,1,1,2,15,7,21,5,5,0,1,0,92,0,98,739,98739,90,2008,4XAMN50A28B5,4,X,A,M,N,5,0,A,2,8,B,5,0,0,0,000000000,00000000000,0,0,0,1,0,0,0,0,0,0,0,30,0,0,0,0,0,5,5,0,0,0,1,1,36553,6,7,0,0,1,0,70,220,0,0,0,0,0,0,0,0,0,0,8,0,0,0,1,2,45,3,1,2,1,0,0,14,98,99,9,1,0,1,0
1,10391,1,1,1,16,7,20,37,8,0,1,0,1,1,34,34,34034,4,2001,WBAAV33481FV,W,B,A,A,V,3,3,4,8,1,F,V,0,0,0,000000000,00000000000,0,0,0,1,0,0,0,0,0,0,0,35,0,0,0,12,6,2,8,0,0,0,1,1,36201,6,1,0,0,3,1,66,145,1,0,0,0,0,2,2014,2,2014,0,0,0,0,0,5,7,35,1,1,2,1,0,0,1,80,1,1,1,13,0,0
1,10392,1,2,1,19,7,10,40,12,2,1,0,22,1,20,481,20481,31,2006,1GCHK23D96F2,1,G,C,H,K,2,3,D,9,6,F,2,0,0,0,000000000,00000000000,0,0,0,1,0,0,0,0,0,0,0,55,0,0,0,12,6,2,12,0,0,0,1,22,36033,6,1,0,0,3,0,68,210,0,0,0,0,0,0,0,0,0,0,28,0,0,0,1,2,45,1,3,2,1,0,0,1,10,99,1,2,50,1,0
1,10392,2,2,1,19,7,10,40,12,2,1,0,1,1,20,481,20481,31,2006,2GCEK13Z5612,2,G,C,E,K,1,3,Z,5,6,1,2,0,0,0,000000000,00000000000,0,0,0,1,0,0,0,0,0,0,0,55,0,0,0,12,6,2,12,0,0,0,1,1,36033,6,1,0,0,3,0,70,172,0,0,0,0,0,0,0,0,0,0,89,0,0,0,1,2,45,1,3,2,1,0,0,1,62,99,1,1,51,1,0
1,10393,1,1,1,24,6,19,30,1,0,1,0,1,2,35,43,35043,4,2004,3N1CB51DX4L8,3,N,1,C,B,5,1,D,X,4,L,8,0,0,0,000000000,00000000000,0,0,0,1,0,0,0,0,0,0,0,60,0,1,5,0,6,2,42,0,0,0,1,1,36201,6,1,0,0,3,0,63,122,1,0,0,0,0,7,2012,7,2012,0,0,0,0,0,1,2,40,3,6,2,1,0,0,14,13,1,1,4,1,1,1
1,10394,1,1,1,16,7,14,10,42,0,1,0,1,1,24,7,24007,4,2006,1G8AJ55F56Z1,1,G,8,A,J,5,5,F,5,6,Z,1,0,0,0,000000000,00000000000,0,0,0,1,0,0,0,0,0,0,0,55,0,0,0,12,6,2,42,0,0,0,1,1,36320,6,1,0,0,3,0,64,176,0,0,0,0,0,0,0,0,0,0,89,0,0,0,1,2,55,1,1,2,1,0,0,1,13,99,1,4,1,1,1
1,10395,1,1,1,5,7,0,15,42,0,1,0,1,2,20,403,20403,14,2007,1GNDS13SX722,1,G,N,D,S,1,3,S,X,7,2,2,0,0,0,000000000,00000000000,0,0,0,1,0,0,0,0,0,0,0,55,0,0,0,12,6,2,2,0,0,1,1,1,36502,6,1,0,0,3,1,73,230,0,0,0,0,1,7,2011,7,2011,0,0,0,0,0,1,2,45,2,1,2,1,0,0,14,12,99,1,4,6,1,0
1,10396,1,1,1,21,7,19,7,18,0,1,0,1,3,35,43,35043,4,2009,3N1AB61E79L6,3,N,1,A,B,6,1,E,7,9,L,6,0,0,0,000000000,00000000000,0,0,0,1,0,0,0,0,0,0,0,45,0,0,0,10,6,2,18,0,0,0,1,1,36420,6,1,0,0,3,0,61,170,0,1,0,0,0,7,2011,7,2011,0,0,0,0,0,1,2,45,1,1,2,1,0,0,1,13,99,1,4,1,1,0
1,10397,1,2,0,25,7,20,50,12,8,1,0,1,6,23,481,23481,31,2006,2GTEK13T4611,2,G,T,E,K,1,3,T,4,6,1,1,1,1,0,000000000,00000000000,0,0,0,1,0,0,0,0,0,0,0,0,0,0,0,11,2,3,12,0,0,0,0,0,99997,7,6,97,7,6,7,998,997,998,998,998,998,998,98,9998,98,9998,8,20,0,0,0,1,2,45,1,1,2,1,0,0,0,54,0,0,0,66,0,0
1,10397,2,2,1,25,7,20,50,12,8,1,0,1,3,82,890,82890,66,1996,1FUPFXYB8TH8,1,F,U,P,F,X,Y,B,8,T,H,8,1,1,57,992250,57992250,3,6,10,1,0,0,0,0,0,0,0,35,0,1,5,11,6,2,1,0,0,0,1,1,35594,6,1,6,0,3,1,71,400,2,0,0,0,0,9,2011,6,2012,0,0,0,0,0,1,2,45,1,1,2,1,0,0,1,50,9,1,1,66,0,1
1,10398,1,1,2,24,7,21,45,33,0,1,0,1,2,13,12,13012,4,2001,1LNHM87A51Y6,1,L,N,H,M,8,7,A,5,1,Y,6,0,0,0,000000000,00000000000,0,0,0,1,0,0,0,0,0,0,0,999,0,0,0,11,6,2,42,0,0,0,1,1,36116,0,0,0,0,0,0,73,190,0,0,0,0,0,0,0,0,0,9,99,99,99,99,1,2,35,2,1,2,1,0,0,14,12,99,1,4,6,1,1
1,10399,1,1,1,20,7,21,25,32,0,1,0,1,1,12,17,12017,4,1999,1FAFP52U7XA1,1,F,A,F,P,5,2,U,7,X,A,1,0,0,0,000000000,00000000000,0,0,0,1,0,0,0,0,0,0,0,999,0,1,5,12,6,2,1,0,0,0,1,1,36761,2,1,0,0,2,1,71,158,0,0,0,0,0,0,0,0,0,0,89,0,0,0,1,2,40,3,1,2,1,0,0,14,13,99,1,4,1,1,1
1,10400,1,1,1,17,7,16,35,30,0,1,0,1,1,20,461,20461,21,1996,1GCHG35K1TF1,1,G,C,H,G,3,5,K,1,T,F,1,0,0,0,000000000,00000000000,0,0,0,1,0,0,0,0,0,0,0,999,0,0,0,12,6,2,8,0,0,0,1,1,35214,6,1,0,0,3,0,70,185,1,0,0,0,0,1,2013,1,2013,0,0,0,0,0,5,5,40,1,1,2,1,0,0,1,13,1,3,4,2,0,1
1,10401,1,3,1,22,7,15,25,12,1,1,0,1,1,12,471,12471,30,2007,1FTYR10D17PA,1,F,T,Y,R,1,0,D,1,7,P,A,0,0,0,000000000,00000000000,0,0,0,1,0,0,0,0,0,0,0,55,0,0,0,12,6,2,12,0,0,0,1,1,36742,6,1,0,0,3,0,68,154,0,0,0,0,0,0,0,0,0,0,26,0,0,0,2,2,70,1,1,2,1,0,0,1,52,1,1,1,28,1,0
1,10401,2,3,2,22,7,15,25,12,1,1,0,1,2,12,24,12024,6,2007,2FMDK39C27BA,2,F,M,D,K,3,9,C,2,7,B,A,0,0,0,000000000,00000000000,0,0,0,1,0,0,0,0,0,0,0,5,0,0,0,6,6,2,12,0,0,0,1,1,35462,6,1,0,0,3,0,66,190,0,0,0,0,1,6,2012,6,2012,0,0,0,0,0,2,2,70,1,1,2,1,0,0,2,53,1,1,1,29,0,0
1,10401,3,3,2,22,7,15,25,12,1,1,0,48,1,12,24,12024,6,2011,2FMDK3GCXBBA,2,F,M,D,K,3,G,C,X,B,B,A,0,0,0,000000000,00000000000,0,0,0,1,0,0,0,0,0,0,0,5,0,0,0,6,6,2,12,0,0,0,1,48,76226,6,1,0,0,3,0,999,999,0,0,0,0,0,0,0,0,0,0,0,0,0,0,2,2,70,1,1,2,1,0,0,2,53,1,1,1,98,0,0
1,10402,1,2,3,27,7,19,5,12,6,1,0,48,1,35,39,35039,4,2000,JN1CA31D9YT7,J,N,1,C,A,3,1,D,9,Y,T,7,0,0,0,000000000,00000000000,0,0,0,1,0,0,0,0,0,0,0,5,0,0,0,9,6,2,12,0,0,0,1,1,36460,6,1,0,0,3,1,64,122,0,0,0,0,0,0,0,0,0,0,89,38,0,0,1,2,45,1,1,2,1,20,3,1,17,1,1,1,89,1,0
1,10402,2,2,1,27,7,19,5,12,6,1,0,1,2,2,406,2406,14,2010,1J4RH4GK7AC1,1,J,4,R,H,4,G,K,7,A,C,1,0,0,0,000000000,00000000000,0,0,0,1,0,0,0,0,0,0,0,70,0,0,0,12,6,2,12,0,0,0,1,1,36439,6,1,0,0,3,0,60,161,0,0,0,0,1,2,2014,2,2014,0,0,0,0,0,1,2,55,1,6,2,1,0,0,1,66,8,1,1,88,0,0
1,10403,1,2,2,25,7,12,4,12,2,1,0,1,2,6,18,6018,4,2012,1C3CCBBB0CN1,1,C,3,C,C,B,B,B,0,C,N,1,0,0,0,000000000,00000000000,0,0,0,1,0,0,0,0,0,0,0,999,0,0,0,12,6,2,12,0,0,0,1,1,36756,6,1,0,0,3,0,68,168,0,0,0,0,0,0,0,0,0,0,51,0,0,0,1,2,55,1,5,2,1,0,0,1,54,1,1,1,52,2,0
1,10403,2,2,2,25,7,12,4,12,2,1,0,1,2,20,482,20482,31,2004,3GNEC12T14G2,3,G,N,E,C,1,2,T,1,4,G,2,1,1,0,000000000,00000000000,0,0,0,1,0,0,0,0,0,0,0,999,0,1,1,12,6,2,12,0,0,0,1,1,35042,6,1,0,0,3,0,67,220,0,0,0,0,0,0,0,0,0,0,0,0,0,0,1,2,55,1,5,2,1,0,0,1,54,99,1,1,52,0,0
1,10404,1,1,1,30,7,9,25,1,0,1,0,1,3,84,884,84884,66,2006,1HSXRAPR96J2,1,H,S,X,R,A,P,R,9,6,J,2,1,1,57,866758,57866758,3,6,10,1,0,0,0,0,0,0,0,55,0,9,5,0,6,2,1,0,0,0,1,28,39355,6,1,6,0,3,1,69,150,98,0,0,0,0,0,0,0,0,0,99,99,99,99,1,2,55,1,6,2,1,0,0,1,12,99,1,4,6,1,0
1,10405,1,1,9,24,7,14,24,23,0,1,0,48,2,7,482,7482,31,2003,1D7HA18K43J5,1,D,7,H,A,1,8,K,4,3,J,5,0,0,0,000000000,00000000000,0,0,0,1,0,0,0,0,0,0,0,78,0,1,5,11,6,2,1,0,0,0,1,48,75115,6,1,0,0,3,0,999,999,0,0,0,0,0,0,0,0,0,0,58,0,0,0,3,2,70,2,1,2,2,0,0,14,12,7,1,4,6,1,0
1,10406,1,1,1,25,7,20,59,8,0,1,0,1,2,35,401,35401,14,2011,5N1AR1NN6BC6,5,N,1,A,R,1,N,N,6,B,C,6,0,0,0,000000000,00000000000,0,0,0,1,0,0,0,0,0,0,0,45,0,0,0,12,6,2,8,0,0,0,1,1,36305,6,1,0,0,3,0,67,125,0,0,0,0,0,0,0,0,0,0,0,0,0,0,1,2,40,1,1,2,1,0,0,1,80,6,1,1,13,0,0
1,10407,1,2,1,26,7,3,10,12,2,1,0,1,2,18,2,18002,4,2000,1G4HR54K8YU1,1,G,4,H,R,5,4,K,8,Y,U,1,0,0,0,000000000,00000000000,0,0,0,1,0,0,0,0,0,0,0,999,0,0,0,12,6,2,12,0,0,0,1,1,36041,2,1,0,0,2,0,67,115,0,8,1,1,1,9,2011,12,2013,9,28,0,0,0,1,2,55,1,1,2,1,0,0,1,13,99,1,6,52,1,1
1,10407,2,2,2,26,7,3,10,12,2,1,0,1,2,49,482,49482,31,2006,5TBDT44176S5,5,T,B,D,T,4,4,1,7,6,S,5,0,0,0,000000000,00000000000,0,0,0,1,0,0,0,0,0,0,0,999,0,1,1,12,6,2,12,0,0,0,1,1,36069,6,1,0,0,3,0,73,190,0,0,0,0,0,0,0,0,0,9,99,99,99,99,1,2,55,1,1,2,1,0,0,1,63,99,1,1,52,0,1
1,10408,1,1,2,27,7,19,45,42,0,1,0,1,2,37,421,37421,15,2006,5FNYF18506B0,5,F,N,Y,F,1,8,5,0,6,B,0,0,0,0,000000000,00000000000,0,0,0,1,0,0,0,0,0,0,0,999,0,0,0,12,6,2,42,0,0,0,1,1,35091,6,1,0,0,3,0,68,162,0,0,0,0,0,0,0,0,0,0,0,0,0,0,1,2,55,3,1,2,1,0,0,14,13,1,1,4,1,1,0
1,10409,1,1,1,26,7,11,50,35,0,1,0,1,2,2,404,2404,14,1996,1J4GZ78S7TC1,1,J,4,G,Z,7,8,S,7,T,C,1,0,0,0,000000000,00000000000,0,0,0,1,0,0,0,0,0,0,0,60,0,1,5,14,6,2,1,0,0,0,1,1,36870,6,1,0,0,3,0,64,180,0,1,0,0,0,4,2013,4,2013,3,0,0,0,0,1,2,45,2,6,2,1,0,0,14,12,6,4,4,7,1,1
1,10410,1,2,2,9,7,14,24,12,6,1,0,13,1,20,421,20421,15,2000,1GNCS13W4Y21,1,G,N,C,S,1,3,W,4,Y,2,1,0,0,0,000000000,00000000000,0,0,0,1,0,0,0,0,0,0,0,10,0,0,0,2,6,2,12,0,0,0,1,13,39854,6,1,0,0,3,0,68,223,98,0,0,0,0,0,0,0,0,0,38,0,0,0,2,2,65,1,1,2,1,0,0,11,15,1,1,1,68,2,0
1,10410,2,2,1,9,7,14,24,12,6,1,0,1,3,87,884,87884,66,2006,1XP5DB9X26D6,1,X,P,5,D,B,9,X,2,6,D,6,1,1,57,523910,57523910,3,6,4,1,0,0,0,0,0,0,0,65,0,0,0,12,2,3,12,0,0,0,1,1,36874,6,1,6,0,3,0,73,230,0,0,0,1,0,10,2013,10,2013,0,89,0,0,0,2,2,65,1,1,2,1,0,0,1,62,99,1,1,69,0,0
1,10411,1,1,2,30,7,23,0,1,0,1,0,1,1,49,401,49401,14,2002,JT3GN86R7202,J,T,3,G,N,8,6,R,7,2,0,2,0,0,0,000000000,00000000000,0,0,0,1,0,0,0,0,0,0,0,70,0,1,5,0,6,2,1,0,0,0,1,1,35906,6,1,0,0,3,0,74,195,0,1,0,0,0,8,2012,8,2012,0,89,0,0,0,2,2,70,1,1,2,1,0,0,1,12,7,2,4,2,1,0
1,10412,1,4,1,20,7,18,24,12,8,1,0,1,1,42,54,42054,4,2014,WDDSJ4EB6EN0,W,D,D,S,J,4,E,B,6,E,N,0,0,0,0,000000000,00000000000,0,0,0,1,0,0,0,0,0,0,0,999,0,1,3,7,6,2,12,0,0,0,1,1,35242,6,1,0,0,3,0,69,175,0,0,0,0,0,0,0,0,0,0,89,8,0,0,6,8,70,2,5,1,1,0,0,16,13,6,5,6,47,1,1