STATE,ST_CASE,VEH_NO,VE_FORMS,NUMOCCS,DAY,MONTH,HOUR,MINUTE,HARM_EV,MAN_COLL,UNITTYPE,HIT_RUN,REG_STAT,OWNER,MAKE,MODEL,MAK_MOD,BODY_TYP,MOD_YEAR,VIN,VIN_1,VIN_2,VIN_3,VIN_4,VIN_5,VIN_6,VIN_7,VIN_8,VIN_9,VIN_10,VIN_11,VIN_12,TOW_VEH,J_KNIFE,MCARR_I1,MCARR_I2,MCARR_ID,GVWR,V_CONFIG,CARGO_BT,HAZ_INV,HAZ_PLAC,HAZ_ID,HAZ_CNO,HAZ_REL,BUS_USE,SPEC_USE,EMER_USE,TRAV_SP,UNDERIDE,ROLLOVER,ROLINLOC,IMPACT1,DEFORMED,TOWED,M_HARM,VEH_SC1,VEH_SC2,FIRE_EXP,DR_PRES,L_STATE,DR_ZIP,L_STATUS,L_TYPE,CDL_STAT,L_ENDORS,L_COMPL,L_RESTRI,DR_HGT,DR_WGT,PREV_ACC,PREV_SUS,PREV_DWI,PREV_SPD,PREV_OTH,FIRST_MO,FIRST_YR,LAST_MO,LAST_YR,SPEEDREL,DR_SF1,DR_SF2,DR_SF3,DR_SF4,VTRAFWAY,VNUM_LAN,VSPD_LIM,VALIGN,VPROFILE,VPAVETYP,VSURCOND,VTRAFCON,VTCONT_F,P_CRASH1,P_CRASH2,P_CRASH3,PCRASH4,PCRASH5,ACC_TYPE,DEATHS,DR_DRINK
1,10412,2,4,4,20,7,18,24,12,8,1,0,1,1,20,37,20037,4,2013,1G11C5SA9DF1,1,G,1,1,C,5,S,A,9,D,F,1,0,0,0,000000000,00000000000,0,0,0,1,0,0,0,0,0,0,0,999,0,0,0,11,6,2,12,0,0,0,1,1,36066,6,1,0,0,3,0,60,170,0,0,0,1,0,6,2013,6,2013,0,0,0,0,0,3,3,70,1,5,1,1,0,0,1,61,99,1,1,45,0,0
1,10412,3,4,1,20,7,18,24,12,8,1,0,1,2,35,401,35401,14,2007,5N1AR18U87C6,5,N,1,A,R,1,8,U,8,7,C,6,0,0,0,000000000,00000000000,0,0,0,1,0,0,0,0,0,0,0,999,0,0,0,12,6,2,12,0,0,0,1,1,36003,1,1,0,0,2,0,68,250,0,1,0,0,0,4,2013,4,2013,0,0,0,0,0,3,3,70,1,5,1,1,0,0,1,61,99,1,1,98,0,0
1,10412,4,4,3,20,7,18,24,12,8,1,0,1,1,37,441,37441,20,2003,2HKRL18643H5,2,H,K,R,L,1,8,6,4,3,H,5,0,0,0,000000000,00000000000,0,0,0,1,0,0,0,0,0,0,0,999,0,0,0,12,2,5,12,0,0,0,1,1,36027,6,1,0,0,3,0,64,170,0,0,0,0,0,0,0,0,0,0,89,0,0,0,3,3,70,1,5,1,1,0,0,1,62,99,1,1,98,0,0
1,10413,1,1,1,4,7,3,53,8,0,1,0,1,1,49,40,49040,4,2005,4T1BE30K05U9,4,T,1,B,E,3,0,K,0,5,U,9,0,0,0,000000000,00000000000,0,0,0,1,0,0,0,0,0,0,0,999,0,0,0,12,6,2,8,0,0,0,1,1,35760,6,1,0,0,3,0,62,109,0,0,0,0,0,0,0,0,0,0,0,0,0,0,1,2,45,1,5,2,1,0,0,1,80,1,1,1,13,0,0
1,10414,1,2,1,16,7,16,6,12,1,1,0,92,0,98,739,98739,90,2012,3JBLKXP13CJ0,3,J,B,L,K,X,P,1,3,C,J,0,0,0,0,000000000,00000000000,0,0,0,1,0,0,0,0,0,0,0,45,0,0,0,12,6,2,12,0,0,0,1,1,36049,6,1,0,0,1,0,65,135,0,0,0,0,0,0,0,0,0,0,8,0,0,0,1,2,45,1,1,2,1,0,0,1,52,1,1,1,28,0,0
1,10414,2,2,1,16,7,16,6,12,1,1,0,92,0,76,709,76709,83,2006,9C6CE12Y1606,9,C,6,C,E,1,2,Y,1,6,0,6,0,0,0,000000000,00000000000,0,0,0,1,0,0,0,0,0,0,0,20,0,0,0,6,6,2,12,0,0,0,1,1,36037,6,1,0,0,1,0,72,185,0,0,0,0,0,0,0,0,0,0,42,0,0,0,1,2,45,1,1,2,1,0,0,2,53,1,1,1,30,1,0
1,10415,1,1,1,23,7,22,5,8,0,1,0,1,1,35,471,35471,30,1996,1N6SD11S3TC3,1,N,6,S,D,1,1,S,3,T,C,3,0,0,0,000000000,00000000000,0,0,0,1,0,0,0,0,0,0,0,60,0,0,0,12,6,2,8,0,0,0,1,1,36474,6,1,6,0,3,0,70,170,0,0,0,0,0,0,0,0,0,0,89,0,0,0,1,2,65,1,1,2,1,0,0,1,80,6,1,1,13,0,0
1,10416,1,1,1,26,7,20,15,1,0,1,0,1,2,49,401,49401,14,1998,JT3HN86R4W01,J,T,3,H,N,8,6,R,4,W,0,1,0,0,0,000000000,00000000000,0,0,0,1,0,0,0,0,0,0,0,70,0,1,5,0,6,2,1,0,0,0,1,1,36768,6,1,0,0,3,0,76,186,0,0,0,0,0,0,0,0,0,0,58,0,0,0,1,2,55,3,6,2,1,0,0,14,13,6,4,4,7,1,1
1,10417,1,2,1,29,7,8,31,12,6,1,0,1,2,12,16,12016,4,2004,2FAFP74W74X1,2,F,A,F,P,7,4,W,7,4,X,1,0,0,0,000000000,00000000000,0,0,0,1,0,0,0,0,0,0,0,3,0,0,0,9,6,2,12,0,0,0,1,1,35634,6,1,0,0,3,0,63,180,0,0,0,0,0,0,0,0,0,0,38,0,0,0,0,0,0,0,0,0,0,0,0,98,17,1,1,1,89,1,0
1,10417,2,2,1,29,7,8,31,12,6,1,0,1,2,37,401,37401,14,2001,4S6CK58W4144,4,S,6,C,K,5,8,W,4,1,4,4,0,0,0,000000000,00000000000,0,0,0,1,0,0,0,0,0,0,0,999,0,0,0,12,6,2,12,0,0,0,1,1,35630,6,1,0,0,3,1,67,112,0,0,0,0,0,0,0,0,0,0,0,0,0,0,2,2,50,1,1,2,1,0,0,1,71,99,1,1,88,0,0
1,10418,1,1,1,3,8,5,10,8,0,1,0,1,1,24,7,24007,4,2006,1G8AJ55F76Z1,1,G,8,A,J,5,5,F,7,6,Z,1,0,0,0,000000000,00000000000,0,0,0,1,0,0,0,0,0,0,0,35,0,0,0,98,0,5,8,0,0,0,1,1,36092,6,1,0,0,3,1,66,175,1,0,0,1,0,5,2012,5,2014,0,0,0,0,0,1,2,35,1,1,2,1,0,0,1,80,6,1,1,13,0,0
1,10419,1,1,1,2,8,22,5,1,0,1,0,1,1,53,709,53709,80,2007,JS1GW71A9721,J,S,1,G,W,7,1,A,9,7,2,1,0,0,0,000000000,00000000000,0,0,0,1,0,0,0,0,0,0,0,999,0,0,0,0,6,2,35,0,0,0,1,1,36456,6,1,6,0,3,0,69,230,1,0,0,1,0,8,2011,5,2014,3,0,0,0,0,1,2,35,3,1,2,1,0,0,14,13,99,1,4,1,1,0
1,10420,1,1,2,10,8,13,0,34,0,1,0,1,1,14,401,14401,14,2002,4M2ZU66W62ZJ,4,M,2,Z,U,6,6,W,6,2,Z,J,0,0,0,000000000,00000000000,0,0,0,1,0,0,0,0,0,0,0,100,0,1,5,9,6,2,42,0,0,0,1,1,36606,0,0,0,0,0,0,71,140,0,4,1,0,0,8,2013,5,2014,3,8,0,0,0,3,4,55,1,1,2,1,0,0,15,6,1,3,4,2,2,1
1,10421,1,2,1,7,8,7,36,12,2,1,0,1,1,20,9,20009,2,2011,2G1FS1EW3B91,2,G,1,F,S,1,E,W,3,B,9,1,0,0,0,000000000,00000000000,0,0,0,1,0,0,0,0,0,0,0,999,0,0,0,12,6,2,12,0,0,0,1,1,35806,6,1,0,0,3,0,67,180,0,0,0,0,0,0,0,0,0,0,89,8,0,0,2,3,70,1,1,2,1,0,0,1,12,99,1,6,50,0,0
1,10421,2,2,1,7,8,7,36,12,2,1,0,1,1,35,47,35047,4,2005,1N4AL11D35C2,1,N,4,A,L,1,1,D,3,5,C,2,0,0,0,000000000,00000000000,0,0,0,1,0,0,0,0,0,0,0,999,0,0,0,12,6,2,12,0,0,0,1,1,35758,6,1,0,0,3,0,65,175,0,0,0,0,0,0,0,0,0,0,0,0,0,0,2,3,70,1,1,2,1,0,0,1,62,1,1,1,51,1,0
1,10422,1,2,1,6,8,13,23,12,6,1,0,1,2,20,16,20016,4,2004,1G1JC52F7471,1,G,1,J,C,5,2,F,7,4,7,1,0,0,0,000000000,00000000000,0,0,0,1,0,0,0,0,0,0,0,999,3,0,0,12,6,2,12,0,0,0,1,1,36116,6,1,0,0,3,0,63,105,1,0,0,0,0,12,2013,12,2013,9,99,99,99,99,6,1,50,1,5,2,1,0,0,99,10,99,1,6,48,1,1
1,10422,2,2,1,6,8,13,23,12,6,1,0,18,4,82,890,82890,66,2012,1FUJGLDR7CSB,1,F,U,J,G,L,D,R,7,C,S,B,1,1,57,268015,57268015,3,6,1,1,0,0,0,0,0,0,0,999,0,0,0,4,6,2,12,0,0,0,1,13,30655,6,1,6,0,3,0,70,170,98,0,0,0,0,0,0,0,0,0,0,0,0,0,3,3,50,1,5,2,1,0,0,1,61,1,1,1,48,0,0
1,10424,1,1,1,13,1,19,13,8,0,1,0,1,2,20,461,20461,21,2004,1GBFG15T4412,1,G,B,F,G,1,5,T,4,4,1,2,0,0,0,000000000,00000000000,0,0,0,1,0,0,0,0,0,0,0,999,0,0,0,12,2,5,8,0,0,0,1,1,36441,6,1,0,0,3,1,69,153,1,0,0,2,0,2,2012,1,2014,0,0,0,0,0,1,2,25,1,1,2,2,0,0,1,80,1,1,1,13,0,0
1,10425,1,2,2,25,7,12,12,12,6,1,0,1,1,20,404,20404,14,2006,2CNDL63F0661,2,C,N,D,L,6,3,F,0,6,6,1,0,0,0,000000000,00000000000,0,0,0,1,0,0,0,0,0,0,0,15,0,1,2,10,6,2,12,0,0,0,1,1,35550,6,1,0,0,3,1,67,230,0,0,0,0,0,0,0,0,0,0,89,38,0,0,1,2,35,1,1,2,1,20,3,1,17,1,1,1,89,1,0
1,10425,2,2,4,25,7,12,12,12,6,1,0,1,1,18,20,18020,4,1999,2G4WB52K1X15,2,G,4,W,B,5,2,K,1,X,1,5,0,0,0,000000000,00000000000,0,0,0,1,0,0,0,0,0,0,0,55,0,0,0,12,6,2,12,0,0,0,1,1,35550,6,1,0,0,3,1,66,120,0,0,0,0,0,0,0,0,0,0,0,0,0,0,2,4,65,1,1,2,1,0,0,1,66,1,1,1,88,0,0
1,10426,1,2,1,1,8,8,20,12,6,1,0,1,2,12,17,12017,4,1996,1FALP52U1TG2,1,F,A,L,P,5,2,U,1,T,G,2,0,0,0,000000000,00000000000,0,0,0,1,0,0,0,0,0,0,0,6,0,0,0,1,6,2,12,0,0,0,1,1,35481,6,1,0,0,3,0,68,185,1,0,0,0,0,10,2013,10,2013,0,38,0,0,0,2,2,65,1,5,2,1,0,0,11,15,1,1,1,68,1,0
1,10426,2,2,1,1,8,8,20,12,6,1,0,1,1,87,881,87881,66,1996,1XP5DB8X3TN3,1,X,P,5,D,B,8,X,3,T,N,3,1,1,57,1046581,571046581,3,6,3,1,0,0,0,0,0,0,0,65,0,0,0,12,6,2,12,0,0,0,1,1,35768,6,1,6,0,3,1,72,150,0,0,0,0,0,0,0,0,0,0,0,0,0,0,2,2,65,1,5,2,1,0,0,1,62,1,1,1,69,0,0
1,10427,1,1,2,1,8,22,45,30,0,1,1,1,2,12,401,12401,14,2001,1FMZU63E51UB,1,F,M,Z,U,6,3,E,5,1,U,B,0,0,0,000000000,00000000000,0,0,0,1,0,0,0,0,0,0,0,40,0,0,0,1,2,3,30,0,0,0,1,1,35466,6,1,0,0,3,0,72,170,1,0,0,0,0,10,2013,10,2013,0,0,0,0,0,1,2,25,3,1,2,1,0,0,1,13,1,1,4,1,1,1
1,10428,1,1,1,2,8,14,30,9,0,1,0,1,2,7,442,7442,20,2005,2D4GP44LX5R2,2,D,4,G,P,4,4,L,X,5,R,2,0,0,0,000000000,00000000000,0,0,0,1,0,0,0,0,0,0,0,65,0,0,0,12,6,2,9,0,0,0,1,1,35803,6,1,0,0,3,1,61,130,0,0,0,0,0,0,0,0,0,0,0,0,0,0,2,2,65,1,1,2,1,0,0,1,83,1,1,1,13,0,0
1,10429,1,1,2,26,7,22,30,1,0,1,0,1,2,20,481,20481,31,2001,2GCEK19T8111,2,G,C,E,K,1,9,T,8,1,1,1,0,0,0,000000000,00000000000,0,0,0,1,0,0,0,0,0,0,0,60,0,1,5,0,6,2,1,0,0,0,1,1,36444,6,1,0,0,3,0,69,195,0,0,0,0,0,0,0,0,0,0,28,0,0,0,1,2,45,1,1,2,1,0,0,1,12,1,1,4,6,1,1
1,10430,1,1,1,5,8,17,35,42,0,1,0,1,1,18,20,18020,4,1995,2G4WD52L1S14,2,G,4,W,D,5,2,L,1,S,1,4,0,0,0,000000000,00000000000,0,0,0,1,0,0,0,0,0,0,0,65,0,1,5,9,6,2,42,0,0,0,1,1,35620,6,1,0,0,3,0,67,230,0,0,0,0,0,0,0,0,0,3,58,0,0,0,1,2,55,3,1,2,1,0,0,14,13,6,3,4,2,1,1
1,10431,1,1,1,6,8,1,35,42,0,1,0,1,2,49,43,49043,4,2004,4T1BF28B34U3,4,T,1,B,F,2,8,B,3,4,U,3,0,0,0,000000000,00000000000,0,0,0,1,0,0,0,0,0,0,0,60,0,0,0,12,6,2,42,0,0,0,1,1,35203,6,1,0,0,3,0,72,210,0,0,0,0,0,0,0,0,0,3,28,0,0,0,1,2,35,2,1,2,1,0,0,14,12,99,1,4,6,1,0
1,10432,1,1,2,12,8,17,58,25,0,1,0,92,0,72,706,72706,80,2008,1HD1FC4178Y6,1,H,D,1,F,C,4,1,7,8,Y,6,0,0,0,000000000,00000000000,0,0,0,1,0,0,0,0,0,0,0,90,0,0,0,98,6,2,58,0,0,0,1,28,36544,6,1,0,0,3,0,70,180,98,0,0,0,0,0,0,0,0,3,0,0,0,0,3,3,65,3,6,1,2,0,0,14,6,99,1,4,1,2,0
1,10433,1,1,1,15,7,16,23,8,0,1,0,1,2,2,404,2404,14,1997,1J4FX58S8VC5,1,J,4,F,X,5,8,S,8,V,C,5,0,0,0,000000000,00000000000,0,0,0,1,0,0,0,0,0,0,0,70,0,0,0,12,6,2,8,0,0,0,1,1,36312,6,1,0,0,3,0,68,160,0,0,0,0,0,0,0,0,0,0,38,0,0,0,2,2,65,1,1,2,1,0,0,15,52,7,1,2,13,0,0
1,10434,1,1,1,28,7,9,40,8,0,1,0,1,2,12,481,12481,31,2003,1FTRW07L83KC,1,F,T,R,W,0,7,L,8,3,K,C,0,0,0,000000000,00000000000,0,0,0,1,0,0,0,0,0,0,0,999,0,0,0,2,4,3,8,0,0,0,1,1,36560,6,1,0,0,3,0,70,190,1,0,0,1,1,8,2012,4,2014,0,0,0,0,0,5,5,40,1,1,2,1,0,0,1,81,99,1,4,13,0,0
1,10435,1,1,1,4,8,4,25,32,0,1,0,1,2,20,23,20023,6,2007,3GNDA23D97S5,3,G,N,D,A,2,3,D,9,7,S,5,0,0,0,000000000,00000000000,0,0,0,1,0,0,0,0,0,0,0,999,0,1,3,12,6,2,32,0,0,1,1,1,36067,6,1,0,0,3,0,60,115,0,0,0,0,0,0,0,0,0,9,99,99,99,99,2,2,50,3,1,2,1,0,0,14,13,1,9,4,10,1,1
1,10436,1,2,1,8,8,12,55,12,6,1,0,1,2,12,3,12003,2,2000,1FAFP4041YF2,1,F,A,F,P,4,0,4,1,Y,F,2,0,0,0,000000000,00000000000,0,0,0,1,0,0,0,0,0,0,0,10,0,0,0,2,6,2,12,0,0,0,1,1,35031,6,1,0,0,3,0,74,155,0,0,0,1,0,4,2014,4,2014,0,38,0,0,0,1,2,55,1,5,2,1,0,0,11,15,1,1,1,68,1,0
1,10436,2,2,1,8,8,12,55,12,6,1,0,1,2,12,471,12471,30,2002,1FTYR10D62TA,1,F,T,Y,R,1,0,D,6,2,T,A,0,0,0,000000000,00000000000,0,0,0,1,0,0,0,0,0,0,0,55,0,0,0,12,6,2,12,0,0,0,1,1,35031,6,1,0,0,3,0,69,195,0,0,0,1,0,1,2012,1,2012,0,0,0,0,0,1,2,55,3,6,2,1,0,0,14,62,1,1,1,69,0,0
1,10437,1,1,3,9,8,19,55,41,0,1,0,1,1,20,481,20481,31,2000,2GCEK19T2Y12,2,G,C,E,K,1,9,T,2,Y,1,2,0,0,0,000000000,00000000000,0,0,0,1,0,0,0,0,0,0,0,90,0,1,5,11,6,2,1,0,0,0,1,1,35062,6,1,0,0,3,0,72,270,1,0,0,1,1,12,2011,7,2013,3,8,58,0,0,1,2,35,2,1,2,1,0,0,14,12,7,1,4,1,1,1
1,10438,1,1,4,10,8,20,47,42,0,1,0,1,2,21,3,21003,4,1998,1G3HC52K8W48,1,G,3,H,C,5,2,K,8,W,4,8,0,0,0,000000000,00000000000,0,0,0,1,0,0,0,0,0,0,0,70,0,0,0,12,6,2,42,0,0,0,1,1,36078,6,7,0,0,3,1,69,145,0,0,0,0,0,0,0,0,0,3,58,0,0,0,1,2,55,1,1,2,1,0,0,1,13,6,2,4,2,1,0
1,10439,1,2,1,11,8,10,2,12,6,1,0,1,1,12,13,12013,4,2002,3FAFP13P92R1,3,F,A,F,P,1,3,P,9,2,R,1,0,0,0,000000000,00000000000,0,0,0,1,0,0,0,0,0,0,0,999,0,0,0,9,6,2,12,0,0,0,1,1,35216,6,1,0,0,3,1,61,125,0,0,0,0,0,0,0,0,0,0,38,0,0,0,1,6,35,1,5,2,1,3,1,11,15,1,1,1,82,1,0
1,10439,2,2,1,11,8,10,2,12,6,1,0,1,2,22,401,22401,14,2003,3G7DA03E73S5,3,G,7,D,A,0,3,E,7,3,S,5,0,0,0,000000000,00000000000,0,0,0,1,0,0,0,0,0,0,0,999,0,0,0,12,4,5,12,0,0,0,1,1,35214,6,1,0,0,3,0,69,183,1,0,0,0,0,1,2012,1,2012,0,0,0,0,0,2,4,55,1,6,2,1,3,1,1,67,3,1,1,83,0,0
1,10440,1,1,1,15,8,12,55,34,0,1,0,1,1,2,404,2404,14,2004,1J4GX48S44C2,1,J,4,G,X,4,8,S,4,4,C,2,0,0,0,000000000,00000000000,0,0,0,1,0,0,0,0,0,0,0,55,0,1,5,11,6,2,1,0,0,0,1,1,35464,2,1,0,0,2,0,70,180,0,2,0,0,0,1,2012,10,2013,0,89,58,0,0,1,2,55,1,6,2,1,0,0,1,13,6,1,4,6,1,1
1,10441,1,2,2,9,8,10,35,12,6,1,0,1,1,7,20,7020,4,2004,1B3ES56C04D5,1,B,3,E,S,5,6,C,0,4,D,5,0,0,0,000000000,00000000000,0,0,0,1,0,0,0,0,0,0,0,50,0,0,0,7,6,2,12,0,0,0,1,1,35750,6,1,0,0,3,1,67,160,0,0,0,0,0,0,0,0,0,0,89,38,0,0,2,2,50,1,1,2,1,0,0,11,15,1,1,1,68,2,0
1,10441,2,2,1,9,8,10,35,12,6,1,0,1,1,35,47,35047,4,2007,1N4AL21E47C2,1,N,4,A,L,2,1,E,4,7,C,2,0,0,0,000000000,00000000000,0,0,0,1,0,0,0,0,0,0,0,50,0,0,0,12,6,2,12,0,0,0,1,1,35749,6,1,0,0,3,0,63,110,0,0,0,0,0,0,0,0,0,0,0,0,0,0,2,3,50,1,1,2,1,0,0,1,62,1,1,1,69,0,0
1,10442,1,2,1,3,8,17,0,12,1,1,0,1,3,85,890,85890,66,2012,1XKAD49X0CJ3,1,X,K,A,D,4,9,X,0,C,J,3,1,1,57,292184,57292184,3,6,1,1,0,0,0,0,0,0,0,50,0,1,5,12,6,2,1,0,0,0,1,1,35179,6,1,6,0,3,0,76,173,0,0,0,3,4,10,2011,6,2014,0,89,26,0,0,2,2,55,1,1,2,1,3,3,1,52,4,1,1,28,1,0
1,10442,2,2,1,3,8,17,0,12,1,1,1,99,9,99,999,99999,99,9999,999999999999,9,9,9,9,9,9,9,9,9,9,9,9,0,0,0,000000000,00000000000,0,0,0,1,0,0,0,0,0,0,0,30,0,0,0,6,9,5,12,0,0,0,1,99,99999,9,9,99,9,9,9,999,999,99,99,99,99,99,99,9999,99,9999,0,99,99,99,99,2,2,55,1,1,2,1,0,0,2,53,99,1,1,31,0,0
1,10443,1,1,6,5,8,19,5,1,0,1,0,1,1,12,401,12401,14,1996,1FMDU32P4TZA,1,F,M,D,U,3,2,P,4,T,Z,A,0,0,0,000000000,00000000000,0,0,0,1,0,0,0,0,0,0,0,65,0,1,1,0,6,2,1,0,0,0,1,1,36606,2,1,0,0,2,0,73,165,0,8,0,0,2,9,2011,2,2014,0,89,58,0,0,3,2,70,1,5,1,1,0,0,1,1,6,1,6,98,1,0
1,10444,1,3,1,13,8,18,25,12,6,1,0,47,1,12,17,12017,4,2005,1FAFP56U65A1,1,F,A,F,P,5,6,U,6,5,A,1,0,0,0,000000000,00000000000,0,0,0,1,0,0,0,0,0,0,0,10,0,0,0,10,6,2,12,0,0,0,1,47,37334,6,1,0,0,3,0,60,190,2,0,0,0,0,2,2013,11,2013,0,39,0,0,0,1,2,45,1,1,2,1,20,3,1,17,1,1,1,89,1,0
1,10444,2,3,1,13,8,18,25,12,6,1,0,1,1,12,461,12461,21,1996,1FDEE14N0THA,1,F,D,E,E,1,4,N,0,T,H,A,0,0,0,000000000,00000000000,0,0,0,1,0,0,0,0,0,0,0,55,0,0,0,12,6,2,12,0,0,0,1,1,35620,6,1,6,0,3,0,66,195,0,0,0,0,0,0,0,0,0,0,0,0,0,0,1,2,55,1,1,2,1,0,0,1,66,1,1,1,88,0,0
1,10444,3,3,2,13,8,18,25,12,6,1,0,1,1,37,32,37032,4,2007,1HGCM56317A0,1,H,G,C,M,5,6,3,1,7,A,0,0,0,0,000000000,00000000000,0,0,0,1,0,0,0,0,0,0,0,0,0,0,0,12,2,5,12,0,0,0,1,1,35613,6,1,0,0,3,1,71,170,0,0,0,0,0,0,0,0,0,0,0,0,0,0,1,2,55,1,1,2,1,0,0,5,62,1,1,1,98,0,0
1,10445,1,1,1,12,8,23,51,8,0,1,0,1,2,22,18,22018,2,2003,1G2NV12E23C1,1,G,2,N,V,1,2,E,2,3,C,1,0,0,0,000000000,00000000000,0,0,0,1,0,0,0,0,0,0,0,55,0,0,0,12,6,2,8,0,0,0,1,1,35235,0,0,0,0,0,0,75,162,0,2,0,0,0,12,2011,12,2011,3,8,0,0,0,3,4,45,1,1,2,1,0,0,1,13,99,1,4,1,0,0
1,10446,1,2,1,19,8,17,30,12,6,1,0,1,1,54,36,54036,4,1997,JH4KA9640VC0,J,H,4,K,A,9,6,4,0,V,C,0,0,0,0,000000000,00000000000,0,0,0,1,0,0,0,0,0,0,0,10,0,0,0,2,6,2,12,0,0,0,1,1,35007,6,1,0,0,3,0,65,138,0,0,0,0,0,0,0,0,0,0,38,0,0,0,1,2,55,1,1,2,1,4,3,11,15,1,1,1,68,0,0
1,10446,2,2,1,19,8,17,30,12,6,1,0,1,2,72,706,72706,80,2011,1HD1FL411BB6,1,H,D,1,F,L,4,1,1,B,B,6,0,0,0,000000000,00000000000,0,0,0,1,0,0,0,0,0,0,0,60,0,0,0,12,6,2,12,0,0,0,1,1,35160,6,1,6,0,3,0,74,285,0,0,0,0,0,0,0,0,0,0,0,0,0,0,1,2,55,1,1,2,1,4,3,1,62,99,1,1,69,1,0
1,10447,1,1,1,14,8,10,30,42,0,1,0,1,1,35,402,35402,14,2001,5N1ED28Y11C5,5,N,1,E,D,2,8,Y,1,1,C,5,0,0,0,000000000,00000000000,0,0,0,1,0,0,0,0,0,0,0,55,0,0,0,12,6,2,42,0,0,0,1,1,36507,1,1,0,0,2,0,65,117,0,1,1,0,0,3,2014,4,2014,0,0,0,0,0,1,2,45,1,1,2,1,0,0,1,12,1,1,4,6,1,0
1,10448,1,2,1,16,8,16,30,12,6,1,0,1,1,35,481,35481,31,2008,1N6BA07D58N3,1,N,6,B,A,0,7,D,5,8,N,3,0,0,0,000000000,00000000000,0,0,0,1,0,0,0,0,0,0,0,40,0,0,0,1,6,2,12,0,0,0,1,1,35147,6,1,0,0,3,0,59,200,0,0,0,0,0,0,0,0,0,0,38,0,0,0,2,2,65,1,1,2,1,3,3,11,15,1,1,1,68,0,0
1,10448,2,2,2,16,8,16,30,12,6,1,0,1,1,20,443,20443,20,2004,1GNDX03E64D1,1,G,N,D,X,0,3,E,6,4,D,1,0,0,0,000000000,00000000000,0,0,0,1,0,0,0,0,0,0,0,60,0,0,0,12,6,2,12,0,0,0,1,1,35043,6,1,0,0,3,0,73,165,0,0,0,0,0,0,0,0,0,0,0,0,0,0,2,2,65,1,1,2,1,0,0,1,62,1,1,1,69,1,0
1,10449,1,2,1,16,8,10,28,12,2,1,0,1,1,12,402,12402,14,2009,1FMCU037X9KA,1,F,M,C,U,0,3,7,X,9,K,A,0,0,0,000000000,00000000000,0,0,0,1,0,0,0,0,0,0,0,35,0,0,0,12,6,2,12,0,0,0,1,1,35548,6,1,0,0,3,0,65,115,0,0,0,0,0,0,0,0,0,0,89,28,0,0,1,2,40,1,1,2,1,0,0,1,10,1,1,2,50,0,0
1,10449,2,2,2,16,8,10,28,12,2,1,0,1,1,73,709,73709,80,2006,JKBVNKG196A0,J,K,B,V,N,K,G,1,9,6,A,0,0,0,0,000000000,00000000000,0,0,0,1,0,0,0,0,0,0,0,35,0,0,0,12,6,2,12,0,0,0,1,1,35552,6,1,0,0,3,1,75,241,0,0,0,0,0,0,0,0,0,0,0,0,0,0,1,2,40,1,1,2,1,0,0,1,62,99,1,1,51,1,0
1,10450,1,2,2,18,8,21,15,12,2,1,0,1,1,12,481,12481,31,2006,1FTRW12W26KB,1,F,T,R,W,1,2,W,2,6,K,B,0,0,0,000000000,00000000000,0,0,0,1,0,0,0,0,0,0,0,75,0,0,0,12,6,2,12,0,0,0,1,1,35550,6,1,0,0,3,0,67,150,1,1,0,0,0,3,2012,5,2014,3,8,28,0,0,1,2,55,3,3,2,2,0,0,14,10,1,1,2,50,1,1
1,10450,2,2,1,18,8,21,15,12,2,1,0,1,1,20,481,20481,31,2007,2GCEC13V9711,2,G,C,E,C,1,3,V,9,7,1,1,0,0,0,000000000,00000000000,0,0,0,1,0,0,0,0,0,0,0,55,0,0,0,12,6,2,12,0,0,0,1,1,35504,6,1,0,0,3,0,71,200,0,0,0,0,0,0,0,0,0,0,0,0,0,0,1,2,55,2,3,2,2,0,0,14,62,1,1,1,51,1,0
1,10451,1,1,1,20,8,2,25,34,0,1,0,1,2,34,34,34034,4,2006,WBAVB33536PS,W,B,A,V,B,3,3,5,3,6,P,S,0,0,0,000000000,00000000000,0,0,0,1,0,0,0,0,0,0,0,65,0,0,0,12,6,2,34,0,0,0,1,1,35957,2,1,0,0,2,0,70,157,1,9,0,1,2,9,2011,8,2014,3,0,0,0,0,1,2,45,3,6,2,1,0,0,14,6,1,1,4,1,1,0
1,10452,1,1,1,20,8,5,50,9,0,1,0,1,3,6,18,6018,4,2014,1C3CCBAB3EN2,1,C,3,C,C,B,A,B,3,E,N,2,0,0,0,000000000,00000000000,0,0,0,1,0,0,0,0,0,0,0,999,0,0,0,12,2,3,9,0,0,0,1,1,36116,6,1,0,0,3,0,65,150,0,0,0,0,0,0,0,0,0,0,0,0,0,0,1,2,35,1,1,2,1,0,0,1,83,1,1,1,13,0,0
1,10453,1,1,1,21,8,19,30,42,0,1,0,92,0,73,734,73734,90,2003,JSAAK47A0321,J,S,A,A,K,4,7,A,0,3,2,1,0,0,0,000000000,00000000000,0,0,0,1,0,0,0,0,0,0,0,999,0,1,1,12,6,2,42,0,0,0,1,1,35672,2,1,0,0,1,0,71,154,0,1,0,0,0,9,2013,9,2013,9,8,0,0,0,1,2,40,2,1,2,1,0,0,14,12,99,1,4,6,1,1
1,10454,1,2,1,22,8,22,48,12,6,1,0,1,2,37,32,37032,4,2001,1HGCG56601A1,1,H,G,C,G,5,6,6,0,1,A,1,0,0,0,000000000,00000000000,0,0,0,1,0,0,0,0,0,0,0,999,0,0,0,9,6,2,12,0,0,0,1,1,35243,6,1,0,0,3,1,65,120,0,0,0,0,0,0,0,0,0,0,38,0,0,0,1,2,25,1,5,2,1,20,3,11,15,1,1,1,82,1,0