STATE,ST_CASE,VEH_NO,VE_FORMS,NUMOCCS,DAY,MONTH,HOUR,MINUTE,HARM_EV,MAN_COLL,UNITTYPE,HIT_RUN,REG_STAT,OWNER,MAKE,MODEL,MAK_MOD,BODY_TYP,MOD_YEAR,VIN,VIN_1,VIN_2,VIN_3,VIN_4,VIN_5,VIN_6,VIN_7,VIN_8,VIN_9,VIN_10,VIN_11,VIN_12,TOW_VEH,J_KNIFE,MCARR_I1,MCARR_I2,MCARR_ID,GVWR,V_CONFIG,CARGO_BT,HAZ_INV,HAZ_PLAC,HAZ_ID,HAZ_CNO,HAZ_REL,BUS_USE,SPEC_USE,EMER_USE,TRAV_SP,UNDERIDE,ROLLOVER,ROLINLOC,IMPACT1,DEFORMED,TOWED,M_HARM,VEH_SC1,VEH_SC2,FIRE_EXP,DR_PRES,L_STATE,DR_ZIP,L_STATUS,L_TYPE,CDL_STAT,L_ENDORS,L_COMPL,L_RESTRI,DR_HGT,DR_WGT,PREV_ACC,PREV_SUS,PREV_DWI,PREV_SPD,PREV_OTH,FIRST_MO,FIRST_YR,LAST_MO,LAST_YR,SPEEDREL,DR_SF1,DR_SF2,DR_SF3,DR_SF4,VTRAFWAY,VNUM_LAN,VSPD_LIM,VALIGN,VPROFILE,VPAVETYP,VSURCOND,VTRAFCON,VTCONT_F,P_CRASH1,P_CRASH2,P_CRASH3,PCRASH4,PCRASH5,ACC_TYPE,DEATHS,DR_DRINK
1,10454,2,2,4,22,8,22,48,12,6,1,0,1,2,2,403,2403,14,2008,1J4GA59188L5,1,J,4,G,A,5,9,1,8,8,L,5,0,0,0,000000000,00000000000,0,0,0,1,0,0,0,0,0,0,0,69,0,1,1,12,6,2,12,0,0,0,1,1,35243,6,2,0,0,3,0,69,165,0,0,0,0,0,0,0,0,0,3,0,0,0,0,1,2,35,1,1,2,1,0,0,1,67,99,1,1,83,0,0
1,10455,1,1,2,14,8,22,45,8,0,1,0,1,1,35,43,35043,4,1993,JN1EB31PXPU2,J,N,1,E,B,3,1,P,X,P,U,2,0,0,0,000000000,00000000000,0,0,0,1,0,0,0,0,0,0,0,70,0,0,0,10,4,5,8,0,0,0,1,1,36475,6,1,0,0,3,0,77,170,0,0,0,0,0,0,0,0,0,0,0,0,0,0,2,2,70,1,1,2,1,0,0,1,87,7,1,4,3,0,0
1,10456,1,2,1,15,8,4,12,12,1,1,0,1,1,2,403,2403,14,1998,1J4FY19S9WP7,1,J,4,F,Y,1,9,S,9,W,P,7,0,0,0,000000000,00000000000,0,0,0,1,0,0,0,0,0,0,0,40,0,1,5,6,6,2,1,0,0,0,1,1,35079,6,1,0,0,3,0,69,165,0,0,0,0,0,0,0,0,0,0,27,0,0,0,2,2,70,1,6,2,1,0,0,15,10,1,1,2,32,1,0
1,10456,2,2,1,15,8,4,12,12,1,1,0,18,3,85,890,85890,66,2013,1XKFDP9X2DJ3,1,X,K,F,D,P,9,X,2,D,J,3,1,1,57,1572050,571572050,3,6,1,1,0,0,0,0,0,0,0,65,0,1,5,12,6,2,12,0,0,0,1,49,84510,4,1,5,0,2,3,64,180,98,0,0,0,1,3,2013,3,2013,0,0,0,0,0,2,2,70,1,6,2,1,0,0,1,61,1,1,1,32,0,0
1,10457,1,2,1,6,8,9,8,12,1,1,0,1,3,12,481,12481,31,2012,1FT7W2BT0CEC,1,F,T,7,W,2,B,T,0,C,E,C,0,0,0,000000000,00000000000,0,0,0,1,0,0,0,0,0,0,0,999,0,0,0,6,4,5,12,0,0,0,1,1,36693,6,1,0,0,3,0,74,235,0,0,0,2,0,8,2011,2,2013,0,0,0,0,0,3,2,60,1,1,2,1,0,0,2,53,1,1,1,29,0,0
1,10457,2,2,2,6,8,9,8,12,1,1,0,1,2,20,16,20016,4,2004,1G1JF52F5471,1,G,1,J,F,5,2,F,5,4,7,1,0,0,0,000000000,00000000000,0,0,0,1,0,0,0,0,0,0,0,999,0,0,0,12,6,2,12,0,0,0,1,1,36525,6,1,0,0,3,1,65,141,0,0,0,0,0,0,0,0,0,0,26,0,0,0,3,2,60,1,1,2,1,0,0,1,52,1,1,1,28,1,0
1,10458,1,1,2,16,8,9,45,1,0,1,0,1,1,2,404,2404,14,1999,1J4G258S8XC7,1,J,4,G,2,5,8,S,8,X,C,7,0,0,0,000000000,00000000000,0,0,0,1,0,0,0,0,0,0,0,35,0,1,5,0,6,2,42,0,0,0,1,1,35120,6,1,0,0,3,0,61,127,1,0,0,0,0,11,2012,11,2012,0,0,0,0,0,1,2,35,3,6,2,1,0,0,14,13,1,1,4,1,1,0
1,10459,1,2,1,18,8,11,45,12,2,1,0,1,1,12,37,12037,4,2000,1FAFP3830YW1,1,F,A,F,P,3,8,3,0,Y,W,1,0,0,0,000000000,00000000000,0,0,0,1,0,0,0,0,0,0,0,999,0,0,0,12,6,2,12,0,0,0,1,1,35178,6,1,0,0,3,1,70,134,0,0,0,0,0,0,0,0,0,0,28,0,0,0,1,2,40,1,3,7,1,0,0,1,10,1,1,2,50,1,0
1,10459,2,2,2,18,8,11,45,12,2,1,0,1,1,7,482,7482,31,2014,1C6RR7LT4ES4,1,C,6,R,R,7,L,T,4,E,S,4,0,0,0,000000000,00000000000,0,0,0,1,0,0,0,0,0,0,0,999,0,0,0,12,6,2,12,0,0,0,1,1,35178,6,1,0,0,3,0,66,165,0,0,0,0,0,0,0,0,0,0,0,0,0,0,1,2,40,1,3,7,1,0,0,1,62,99,1,1,51,0,0
1,10460,1,1,1,23,8,17,0,34,0,1,0,1,2,37,709,37709,80,2003,JH2RC430X3M9,J,H,2,R,C,4,3,0,X,3,M,9,0,0,0,000000000,00000000000,0,0,0,1,0,0,0,0,0,0,0,65,0,0,0,12,6,2,34,0,0,0,1,1,35986,2,1,0,0,2,0,69,150,1,2,0,0,1,9,2011,4,2014,3,0,0,0,0,1,2,45,3,6,2,1,0,0,14,13,99,1,4,1,1,1
1,10461,1,1,1,2,8,23,10,8,0,1,0,47,1,20,421,20421,15,2004,1GNEK13ZX4R3,1,G,N,E,K,1,3,Z,X,4,R,3,0,0,0,000000000,00000000000,0,0,0,1,0,0,0,0,0,0,0,70,0,0,0,12,6,2,8,0,0,0,1,47,37211,6,1,0,0,3,0,72,260,0,0,0,0,0,0,0,0,0,0,0,0,0,0,2,2,70,1,1,2,1,0,0,1,80,1,1,1,13,0,0
1,10462,1,2,1,9,7,7,42,12,2,1,0,1,2,12,481,12481,31,1986,1FTEF14N9GNB,1,F,T,E,F,1,4,N,9,G,N,B,0,0,0,000000000,00000000000,0,0,0,1,0,0,0,0,0,0,0,999,0,0,0,12,6,2,12,0,0,0,1,1,35023,6,1,0,0,3,0,72,210,0,0,0,0,0,0,0,0,0,0,8,0,0,0,5,5,45,1,1,2,1,0,0,1,51,6,1,2,50,0,0
1,10462,2,2,1,9,7,7,42,12,2,1,0,1,1,9,442,9442,20,1998,2P4GP443XWR8,2,P,4,G,P,4,4,3,X,W,R,8,0,0,0,000000000,00000000000,0,0,0,1,0,0,0,0,0,0,0,999,0,0,0,12,6,2,12,0,0,0,1,1,35224,6,1,0,0,3,0,71,205,0,0,0,0,0,0,0,0,0,0,0,0,0,0,5,5,45,1,1,2,1,0,0,1,62,1,1,1,51,1,0
1,10463,1,2,2,18,8,15,50,12,6,1,0,1,1,18,23,18023,4,2007,1G4HD57207U2,1,G,4,H,D,5,7,2,0,7,U,2,0,0,0,000000000,00000000000,0,0,0,1,0,0,0,0,0,0,0,20,0,0,0,3,6,2,12,0,0,0,1,1,35188,6,1,0,0,3,0,65,160,0,0,0,0,0,0,0,0,0,0,38,0,0,0,1,2,40,1,1,2,1,20,3,1,17,1,1,1,87,1,0
1,10463,2,2,1,18,8,15,50,12,6,1,0,1,1,2,404,2404,14,2001,1J4GX48S51C6,1,J,4,G,X,4,8,S,5,1,C,6,0,0,0,000000000,00000000000,0,0,0,1,0,0,0,0,0,0,0,40,0,0,0,12,6,2,12,0,0,0,1,1,36067,6,1,0,0,3,0,63,197,0,0,0,0,0,0,0,0,0,0,0,0,0,0,1,2,40,1,1,2,1,0,0,1,66,99,1,1,86,0,0
1,10465,1,1,1,27,8,2,45,52,0,1,0,8,2,7,482,7482,31,1999,1B7KF23Z2XJ5,1,B,7,K,F,2,3,Z,2,X,J,5,0,0,0,000000000,00000000000,0,0,0,1,0,0,0,0,0,0,0,60,0,0,0,1,6,2,24,0,0,0,1,8,80017,6,1,0,0,3,0,72,210,0,1,1,0,0,11,2012,11,2012,0,58,0,0,0,1,2,45,1,6,2,1,0,0,1,13,6,1,4,1,1,0
1,10466,1,1,2,28,8,20,35,32,0,1,0,1,1,49,471,49471,31,1993,4TAVN01D3PZ1,4,T,A,V,N,0,1,D,3,P,Z,1,0,0,0,000000000,00000000000,0,0,0,1,0,0,0,0,0,0,0,65,0,1,5,12,6,2,1,0,0,0,1,1,36272,6,1,0,0,3,0,67,155,0,1,0,1,0,3,2013,8,2013,3,0,0,0,0,1,2,55,1,6,2,1,0,0,1,13,99,1,4,1,2,0
1,10467,1,2,1,29,8,15,3,12,1,1,0,1,1,20,403,20403,14,2004,1GNDS13S4422,1,G,N,D,S,1,3,S,4,4,2,2,0,0,0,000000000,00000000000,0,0,0,1,0,0,0,0,0,0,0,25,0,0,0,12,4,5,12,0,0,0,1,1,35004,6,1,0,0,3,0,71,195,0,0,0,0,0,0,0,0,0,0,89,0,0,0,1,2,25,1,1,2,1,3,3,1,52,1,1,1,28,0,0
1,10467,2,2,1,29,8,15,3,12,1,1,0,1,2,76,709,76709,80,2007,JYAVP24E17A0,J,Y,A,V,P,2,4,E,1,7,A,0,0,0,0,000000000,00000000000,0,0,0,1,0,0,0,0,0,0,0,5,0,0,0,6,6,2,12,0,0,0,1,1,35117,6,1,0,0,3,0,72,230,1,0,0,0,0,7,2013,7,2013,0,0,0,0,0,1,2,25,1,1,2,1,3,3,2,53,1,1,1,29,1,0
1,10468,1,1,1,1,9,12,5,42,0,1,0,1,2,20,481,20481,31,1997,1GCGC29R4VE1,1,G,C,G,C,2,9,R,4,V,E,1,0,0,0,000000000,00000000000,0,0,0,1,0,0,0,0,0,0,0,65,0,0,0,12,6,2,42,0,0,0,1,1,35540,6,1,0,0,3,2,65,124,2,0,0,2,0,3,2012,5,2012,0,89,74,0,0,1,2,45,3,1,2,1,0,0,14,13,99,1,4,1,1,0
1,10469,1,1,1,23,8,4,0,34,0,1,0,91,5,53,709,53709,80,2001,999999999999,9,9,9,9,9,9,9,9,9,9,9,9,0,0,0,000000000,00000000000,0,0,0,1,0,0,0,0,0,0,0,90,0,0,0,99,6,2,34,0,0,0,1,1,35462,1,1,0,0,2,0,69,185,0,1,0,0,0,8,2013,8,2013,3,37,0,0,0,1,2,98,1,1,1,1,0,0,1,12,1,1,4,6,1,0
1,10470,1,1,1,2,8,10,40,1,0,1,0,1,3,82,881,82881,66,2006,1FUJA6CG86PX,1,F,U,J,A,6,C,G,8,6,P,X,1,1,57,1237170,571237170,3,6,10,1,0,0,0,0,0,0,0,50,0,1,1,0,6,2,2,0,0,1,1,1,36752,6,1,6,0,3,0,76,260,0,0,0,0,0,0,0,0,0,0,0,0,0,0,1,2,45,3,1,2,1,0,0,14,13,6,1,6,98,1,0
1,10471,1,1,1,2,8,21,40,1,0,1,0,1,1,20,481,20481,31,2009,3GCEC33019G2,3,G,C,E,C,3,3,0,1,9,G,2,0,0,0,000000000,00000000000,0,0,0,1,0,0,0,0,0,0,0,999,0,1,5,0,6,2,1,0,0,0,1,1,36089,6,1,0,0,3,0,72,231,0,0,0,0,0,0,0,0,0,0,0,0,0,0,1,2,55,3,5,2,1,0,0,14,12,99,1,4,6,1,0
1,10472,1,1,1,22,8,11,59,34,0,1,0,1,1,20,403,20403,14,2004,1GNDS13S9421,1,G,N,D,S,1,3,S,9,4,2,1,0,0,0,000000000,00000000000,0,0,0,1,0,0,0,0,0,0,0,65,0,1,5,12,6,2,34,0,0,0,1,1,35581,6,1,0,0,3,0,72,134,0,0,0,0,0,0,0,0,0,3,58,0,0,0,1,2,45,1,6,2,1,0,0,1,13,6,1,4,6,1,0
1,10473,1,1,1,23,8,1,2,8,0,1,0,1,2,12,442,12442,20,2003,2FMZA50413BA,2,F,M,Z,A,5,0,4,1,3,B,A,0,0,0,000000000,00000000000,0,0,0,1,0,0,0,0,0,1,0,45,0,0,0,12,4,3,8,0,0,0,1,1,35216,6,1,0,0,3,0,74,275,0,0,0,1,1,1,2014,6,2014,0,0,0,0,0,5,5,45,1,1,2,1,0,0,1,80,1,1,1,13,0,0
1,10474,1,1,3,27,8,20,30,35,0,1,0,1,2,12,3,12003,2,1995,1FALP45T2SF1,1,F,A,L,P,4,5,T,2,S,F,1,0,0,0,000000000,00000000000,0,0,0,1,0,0,0,0,0,0,0,75,0,1,5,12,6,2,1,0,0,0,1,1,35151,6,1,0,0,3,0,69,210,0,0,0,0,0,0,0,0,0,3,0,0,0,0,2,2,65,1,6,2,1,0,0,1,13,99,1,4,1,1,1
1,10475,1,1,1,29,8,17,45,1,0,1,0,28,1,12,401,12401,14,1998,1FMZU32E6WZA,1,F,M,Z,U,3,2,E,6,W,Z,A,0,0,0,000000000,00000000000,0,0,0,1,0,0,0,0,0,0,0,999,0,1,3,0,6,2,1,0,0,0,1,28,39452,6,1,0,0,3,0,70,155,98,0,0,0,0,0,0,0,0,0,58,0,0,0,2,2,50,3,1,2,1,0,0,14,12,6,4,4,7,1,1
1,10476,1,1,2,29,8,21,27,8,0,1,0,1,1,49,40,49040,4,2010,4T1BF3EKXAU5,4,T,1,B,F,3,E,K,X,A,U,5,0,0,0,000000000,00000000000,0,0,0,1,0,0,0,0,0,0,0,45,0,0,0,12,2,5,8,0,0,0,1,1,36081,6,1,0,0,3,0,66,212,0,0,0,1,0,8,2012,8,2012,0,0,0,0,0,5,5,45,1,1,2,1,0,0,1,80,4,1,1,13,0,1
1,10477,1,1,1,1,9,8,20,9,0,1,0,1,1,53,36,53036,5,2008,KL5JD66ZX8K7,K,L,5,J,D,6,6,Z,X,8,K,7,0,0,0,000000000,00000000000,0,0,0,1,0,0,0,0,0,0,0,55,0,0,0,12,6,2,9,0,0,0,1,1,35652,6,1,0,0,3,0,74,180,0,0,0,0,0,0,0,0,0,0,0,0,0,0,1,2,55,1,1,2,1,0,0,1,83,1,1,1,13,0,0
1,10478,1,1,4,29,8,23,45,34,0,1,0,1,2,7,26,7026,4,2013,1C3CDZAG1DN7,1,C,3,C,D,Z,A,G,1,D,N,7,0,0,0,000000000,00000000000,0,0,0,1,0,0,0,0,0,0,0,70,0,0,0,12,6,2,42,0,0,0,1,1,35648,1,1,0,0,2,0,70,140,0,3,0,1,2,10,2011,8,2014,3,28,0,0,0,1,2,45,3,5,2,1,0,0,14,13,99,2,4,2,1,1
1,10479,1,1,1,2,9,22,10,1,0,1,0,1,2,37,709,37709,80,1990,1HFSC2207LA2,1,H,F,S,C,2,2,0,7,L,A,2,0,0,0,000000000,00000000000,0,0,0,1,0,0,0,0,0,0,0,45,0,0,0,0,6,2,1,0,0,0,1,1,35131,6,1,6,0,2,0,69,235,0,0,0,0,0,0,0,0,0,3,0,0,0,0,1,2,45,3,1,2,1,0,0,14,13,99,1,4,1,1,1
1,10480,1,1,1,28,8,19,15,18,0,1,0,28,2,52,401,52401,14,2002,JA4LS21H32J0,J,A,4,L,S,2,1,H,3,2,J,0,0,0,0,000000000,00000000000,0,0,0,1,0,0,0,0,0,0,0,80,0,1,5,2,6,2,1,0,0,0,1,28,39565,1,1,0,0,2,0,62,141,98,0,0,0,0,0,0,0,0,0,58,0,0,0,3,2,70,1,5,2,1,0,0,1,12,7,4,4,2,1,0
1,10481,1,1,1,30,8,1,15,9,0,1,0,1,2,22,401,22401,14,2004,3G7DA03E24S5,3,G,7,D,A,0,3,E,2,4,S,5,0,0,0,000000000,00000000000,0,0,0,1,0,0,0,0,0,0,0,30,0,0,0,12,4,5,9,0,0,0,1,1,36582,6,1,0,0,3,0,68,250,0,0,0,1,0,1,2014,1,2014,0,0,0,0,0,1,3,45,1,1,2,1,3,3,3,83,1,1,1,13,0,0
1,10482,1,1,1,31,8,17,27,35,0,1,0,1,3,20,481,20481,31,2013,3GCPKTE74DG1,3,G,C,P,K,T,E,7,4,D,G,1,0,0,0,000000000,00000000000,0,0,0,1,0,0,0,0,0,0,0,101,0,1,5,11,6,2,1,0,0,0,1,1,36092,6,1,0,0,2,0,73,238,0,0,0,0,0,0,0,0,0,0,0,0,0,0,1,2,45,3,1,2,1,0,0,14,12,1,4,4,7,1,0
1,10483,1,1,1,1,9,12,51,33,0,1,0,1,2,53,34,53034,4,2004,KL5JD52Z54K0,K,L,5,J,D,5,2,Z,5,4,K,0,0,0,0,000000000,00000000000,0,0,0,1,0,0,0,0,0,0,0,90,0,0,0,12,6,2,42,0,0,0,1,1,35603,6,1,0,0,3,0,68,140,0,0,0,0,1,7,2012,7,2012,9,99,99,99,99,1,2,30,2,1,2,1,0,0,14,12,99,1,4,6,1,0
1,10484,1,3,1,2,9,19,40,12,8,1,0,1,1,14,6,14006,4,2000,2MEFM74W1YX6,2,M,E,F,M,7,4,W,1,Y,X,6,0,0,0,000000000,00000000000,0,0,0,1,0,0,0,0,0,0,0,999,0,0,0,11,6,2,12,0,0,0,1,1,36575,2,1,0,0,2,0,64,150,2,3,0,0,0,7,2012,3,2014,0,28,0,0,0,1,2,55,3,6,2,1,0,0,14,10,1,1,2,64,1,0
1,10484,2,3,1,2,9,19,40,12,8,1,0,1,2,37,32,37032,4,2011,1HGCP2F6XBA0,1,H,G,C,P,2,F,6,X,B,A,0,0,0,0,000000000,00000000000,0,0,0,1,0,0,0,0,0,0,0,999,0,0,0,11,6,2,12,0,0,0,1,1,36521,6,1,0,0,3,0,63,128,1,0,0,0,0,4,2012,4,2012,0,0,0,0,0,1,2,55,2,5,2,1,0,0,14,62,7,1,1,65,0,0
1,10484,3,3,4,2,9,19,40,12,8,1,0,1,1,12,481,12481,31,2001,1FTNW20FX1ED,1,F,T,N,W,2,0,F,X,1,E,D,0,0,0,000000000,00000000000,0,0,0,1,0,0,0,0,0,0,0,999,0,1,1,12,6,2,12,0,0,0,1,1,36522,6,1,0,0,3,0,67,175,0,1,0,2,0,12,2011,5,2012,0,0,0,0,0,1,2,55,2,5,2,1,0,0,14,62,1,1,1,98,0,0
1,10485,1,1,1,5,9,22,35,33,0,1,0,92,0,76,709,76709,80,2002,JYARJ04E62A0,J,Y,A,R,J,0,4,E,6,2,A,0,0,0,0,000000000,00000000000,0,0,0,1,0,0,0,0,0,0,0,999,0,0,0,12,6,2,38,0,0,0,1,1,35224,6,1,0,0,2,0,69,156,1,0,0,0,0,10,2011,10,2011,9,0,0,0,0,1,2,25,1,1,2,1,0,0,1,13,99,1,4,1,1,0
1,10486,1,1,3,6,9,1,55,1,0,1,0,1,2,2,404,2404,14,1994,1J4FX58S9RC3,1,J,4,F,X,5,8,S,9,R,C,3,0,0,0,000000000,00000000000,0,0,0,1,0,0,0,0,0,0,0,75,0,1,1,0,6,2,1,0,0,0,1,1,35160,6,1,0,0,3,0,69,185,0,0,0,1,1,11,2011,7,2012,0,58,0,0,0,2,2,70,2,6,2,1,0,0,14,12,7,4,6,98,1,0
1,10487,1,1,1,6,9,19,45,1,0,1,0,1,2,20,481,20481,31,1991,1GCDC14K0MZ1,1,G,C,D,C,1,4,K,0,M,Z,1,0,0,0,000000000,00000000000,0,0,0,1,0,0,0,0,0,0,0,55,0,1,5,0,6,2,1,0,0,0,1,1,36323,1,1,0,0,2,0,64,150,0,1,0,0,0,7,2012,7,2012,0,89,28,0,0,1,2,45,1,6,2,1,0,0,1,12,1,1,4,6,1,1
1,10488,1,1,1,10,9,13,30,1,0,1,0,1,1,72,706,72706,80,2014,1HD1KEL16EB6,1,H,D,1,K,E,L,1,6,E,B,6,0,0,0,000000000,00000000000,0,0,0,1,0,0,0,0,0,0,0,70,0,0,0,0,6,2,1,0,0,0,1,1,35452,6,1,6,0,3,0,74,275,0,0,0,0,0,0,0,0,0,0,89,0,0,0,3,3,70,1,1,2,1,0,0,1,99,99,3,2,98,1,0
1,10489,1,1,1,31,8,15,5,58,0,1,0,92,0,76,739,76739,90,2008,JY4AM14Y68C0,J,Y,4,A,M,1,4,Y,6,8,C,0,0,0,0,000000000,00000000000,0,0,0,1,0,0,0,0,0,0,0,60,0,1,5,6,4,5,58,0,0,0,1,1,36560,6,1,0,0,1,0,76,245,0,0,0,0,0,0,0,0,0,0,8,0,0,0,1,2,45,1,6,2,1,0,0,98,98,1,1,1,98,1,0
1,10490,1,1,1,8,9,17,30,34,0,1,0,1,2,72,706,72706,80,1992,1HD1EML15NY1,1,H,D,1,E,M,L,1,5,N,Y,1,0,0,0,000000000,00000000000,0,0,0,1,0,0,0,0,0,0,0,30,0,0,0,12,6,2,34,0,0,0,1,1,35005,6,1,0,0,3,0,69,210,1,0,0,0,0,2,2013,2,2013,0,28,0,0,0,1,2,30,1,1,2,1,0,0,1,12,99,1,4,6,1,0
1,10491,1,1,1,2,9,20,10,8,0,1,0,1,2,20,421,20421,15,2000,1GNEK13T7YJ1,1,G,N,E,K,1,3,T,7,Y,J,1,0,0,0,000000000,00000000000,0,0,0,1,0,0,0,0,0,0,0,40,0,0,0,12,4,5,8,0,0,0,1,1,35647,6,1,0,0,3,1,61,130,1,0,0,0,0,6,2012,6,2012,0,0,0,0,0,1,2,45,1,1,2,1,0,0,1,80,1,1,1,13,0,0
1,10492,1,1,1,6,9,0,15,1,0,1,0,1,1,12,401,12401,14,1993,1FMDU32X8PUD,1,F,M,D,U,3,2,X,8,P,U,D,0,0,0,000000000,00000000000,0,0,0,1,0,0,0,0,0,0,0,65,0,1,5,0,6,2,42,0,0,0,1,1,36274,1,1,0,0,2,0,69,180,0,2,0,3,2,12,2011,4,2014,3,89,0,0,0,1,2,45,3,1,2,2,0,0,14,13,99,4,4,7,1,0
1,10493,1,1,1,8,9,22,40,11,0,1,0,1,1,20,421,20421,15,2001,1GNEC13T21J1,1,G,N,E,C,1,3,T,2,1,J,1,0,0,0,000000000,00000000000,0,0,0,1,0,0,0,0,0,0,0,64,0,1,5,12,6,2,1,0,0,0,1,1,35459,6,1,0,0,3,0,74,240,0,1,0,3,0,3,2012,2,2014,3,0,0,0,0,1,2,55,1,1,2,1,0,0,1,87,6,1,1,13,1,0
1,10494,1,1,1,13,9,2,44,8,0,1,0,40,1,85,890,85890,66,2007,1XKADB9X07J1,1,X,K,A,D,B,9,X,0,7,J,1,1,1,57,0273897,570273897,3,6,1,1,0,0,0,0,0,0,0,40,0,0,0,12,2,5,8,0,0,0,1,53,98422,6,1,6,0,3,1,71,275,0,0,0,0,0,0,0,0,0,0,0,0,0,0,3,4,50,1,1,2,1,0,0,1,80,1,1,1,13,0,0
1,10495,1,1,1,27,8,19,24,42,0,1,0,1,1,20,4,20004,2,1995,1G1YY22P0S51,1,G,1,Y,Y,2,2,P,0,S,5,1,0,0,0,000000000,00000000000,0,0,0,1,0,0,0,0,0,0,0,999,0,0,0,12,6,2,42,0,0,0,1,1,35127,6,1,0,0,3,0,65,150,0,0,0,0,0,0,0,0,0,0,8,0,0,0,1,2,45,2,6,2,1,0,0,14,13,99,2,4,2,1,1
1,10496,1,2,1,2,9,6,50,12,2,1,0,1,1,35,471,35471,30,1997,1N6SD16Y9VC3,1,N,6,S,D,1,6,Y,9,V,C,3,0,0,0,000000000,00000000000,0,0,0,1,0,0,0,0,0,0,0,10,0,0,0,12,6,2,12,0,0,0,1,1,36052,6,1,0,0,3,0,69,180,0,0,0,0,0,0,0,0,0,0,38,0,0,0,1,2,40,1,1,2,1,20,3,11,15,1,1,2,82,1,0
1,10496,2,2,1,2,9,6,50,12,2,1,0,1,2,20,481,20481,31,2003,1GCEK19T23Z1,1,G,C,E,K,1,9,T,2,3,Z,1,0,0,0,000000000,00000000000,0,0,0,1,0,0,0,0,0,0,0,50,0,0,0,12,6,2,12,0,0,0,1,1,36052,6,1,0,0,3,0,69,160,1,0,0,1,0,6,2012,11,2012,0,0,0,0,0,1,2,55,1,1,2,1,0,0,1,67,6,1,1,83,0,0
1,10497,1,1,3,10,9,18,15,1,0,1,0,1,2,63,402,63402,14,2004,KNDJD7338451,K,N,D,J,D,7,3,3,8,4,5,1,0,0,0,000000000,00000000000,0,0,0,1,0,0,0,0,0,0,0,75,0,1,5,0,6,2,1,0,0,0,1,1,36758,6,1,0,0,3,0,64,170,0,0,0,0,0,0,0,0,0,3,0,0,0,0,1,2,45,1,1,2,1,0,0,1,6,1,1,4,1,1,1
1,10498,1,3,1,9,9,10,50,12,1,1,0,1,1,20,25,20025,4,2012,1G1PF5SC4C73,1,G,1,P,F,5,S,C,4,C,7,3,0,0,0,000000000,00000000000,0,0,0,1,0,0,0,0,0,0,0,15,0,0,0,6,6,2,12,0,0,0,1,1,35950,6,1,0,0,3,0,73,190,0,0,0,0,0,0,0,0,0,0,89,38,0,0,1,2,50,1,5,2,1,20,3,10,16,1,1,1,78,1,0
1,10498,2,3,1,9,9,10,50,12,1,1,0,1,3,23,884,23884,61,1999,J8DE4B147X79,J,8,D,E,4,B,1,4,7,X,7,9,0,0,57,687736,57687736,2,1,3,1,0,0,0,0,0,0,0,55,0,0,0,12,4,5,12,0,0,0,1,1,35957,6,1,6,0,3,0,73,190,3,1,0,1,1,10,2011,3,2014,0,0,0,0,0,1,2,55,1,5,2,1,0,0,1,65,1,1,1,79,0,0
1,10498,3,3,1,9,9,10,50,12,1,1,0,1,2,53,405,53405,14,2008,2S3DB1178861,2,S,3,D,B,1,1,7,8,8,6,1,0,0,0,000000000,00000000000,0,0,0,1,0,0,0,0,0,0,0,50,0,0,0,12,6,2,12,0,0,0,1,1,35950,6,1,0,0,3,1,65,180,1,0,0,0,0,5,2013,5,2013,0,89,0,0,0,1,2,55,1,6,2,1,0,0,1,62,1,1,1,98,0,0
1,10499,1,1,1,12,9,17,49,8,0,1,0,1,2,54,35,54035,4,2001,19UUA56651A0,1,9,U,U,A,5,6,6,5,1,A,0,0,0,0,000000000,00000000000,0,0,0,1,0,0,0,0,0,0,0,999,0,0,0,12,4,3,8,0,0,0,1,1,35128,6,1,0,0,3,1,73,200,0,0,0,0,0,0,0,0,0,0,0,0,0,0,1,2,50,1,1,2,2,0,0,1,80,1,1,1,13,0,0
1,10500,1,2,2,19,6,7,20,12,6,1,0,1,2,20,403,20403,14,2003,1GNES16P6361,1,G,N,E,S,1,6,P,6,3,6,1,0,0,0,000000000,00000000000,0,0,0,1,0,0,0,0,0,0,0,64,0,0,0,12,6,2,12,0,0,0,1,1,35045,6,1,0,0,3,1,67,138,0,0,0,0,0,0,0,0,0,0,28,0,0,0,5,5,55,3,1,2,1,0,0,14,10,1,1,2,64,0,0
1,10500,2,2,1,19,6,7,20,12,6,1,0,1,1,12,4,12004,2,1997,1FALP62W2VH1,1,F,A,L,P,6,2,W,2,V,H,1,0,0,0,000000000,00000000000,0,0,0,1,0,0,0,0,0,0,0,50,0,0,0,10,6,2,12,0,0,0,1,1,35007,6,1,0,0,3,0,70,170,0,0,0,0,1,12,2012,12,2012,0,89,0,0,0,5,5,55,2,1,2,1,0,0,14,62,1,1,1,65,1,0
1,10501,1,2,1,14,9,12,45,12,2,1,0,1,1,37,709,37709,80,2003,JH2MC13053K9,J,H,2,M,C,1,3,0,5,3,K,9,0,0,0,000000000,00000000000,0,0,0,1,0,0,0,0,0,0,0,15,0,0,0,12,6,2,12,0,0,0,1,1,36278,6,1,0,0,3,1,71,200,0,0,0,0,0,0,0,0,0,0,38,0,0,0,0,0,0,0,0,0,0,0,0,98,98,1,1,1,82,1,0
1,10501,2,2,3,14,9,12,45,12,2,1,0,1,1,7,482,7482,31,2014,3C6UR5FL6EG2,3,C,6,U,R,5,F,L,6,E,G,2,0,0,0,000000000,00000000000,0,0,0,1,0,0,0,0,0,0,0,45,0,0,0,12,6,2,12,0,0,0,1,1,36278,6,1,6,0,3,0,70,165,0,0,0,0,0,0,0,0,0,0,0,0,0,0,1,2,45,2,1,2,1,0,0,14,72,6,1,2,83,0,0