STATE,ST_CASE,VEH_NO,VE_FORMS,NUMOCCS,DAY,MONTH,HOUR,MINUTE,HARM_EV,MAN_COLL,UNITTYPE,HIT_RUN,REG_STAT,OWNER,MAKE,MODEL,MAK_MOD,BODY_TYP,MOD_YEAR,VIN,VIN_1,VIN_2,VIN_3,VIN_4,VIN_5,VIN_6,VIN_7,VIN_8,VIN_9,VIN_10,VIN_11,VIN_12,TOW_VEH,J_KNIFE,MCARR_I1,MCARR_I2,MCARR_ID,GVWR,V_CONFIG,CARGO_BT,HAZ_INV,HAZ_PLAC,HAZ_ID,HAZ_CNO,HAZ_REL,BUS_USE,SPEC_USE,EMER_USE,TRAV_SP,UNDERIDE,ROLLOVER,ROLINLOC,IMPACT1,DEFORMED,TOWED,M_HARM,VEH_SC1,VEH_SC2,FIRE_EXP,DR_PRES,L_STATE,DR_ZIP,L_STATUS,L_TYPE,CDL_STAT,L_ENDORS,L_COMPL,L_RESTRI,DR_HGT,DR_WGT,PREV_ACC,PREV_SUS,PREV_DWI,PREV_SPD,PREV_OTH,FIRST_MO,FIRST_YR,LAST_MO,LAST_YR,SPEEDREL,DR_SF1,DR_SF2,DR_SF3,DR_SF4,VTRAFWAY,VNUM_LAN,VSPD_LIM,VALIGN,VPROFILE,VPAVETYP,VSURCOND,VTRAFCON,VTCONT_F,P_CRASH1,P_CRASH2,P_CRASH3,PCRASH4,PCRASH5,ACC_TYPE,DEATHS,DR_DRINK
1,10637,2,2,1,16,11,4,0,12,2,1,0,93,3,84,881,84881,66,2013,3HSDJSJR8DN2,3,H,S,D,J,S,J,R,8,D,N,2,1,1,57,1184128,571184128,3,6,1,1,0,0,0,0,0,0,0,70,0,0,0,12,6,2,12,0,0,0,1,48,78520,6,1,6,0,3,1,999,999,0,0,0,0,0,0,0,0,0,0,0,0,0,0,2,2,70,1,1,2,1,0,0,1,54,98,1,1,52,0,0
1,10638,1,1,2,23,11,3,45,57,0,1,0,55,2,51,881,51881,66,2007,4V4NC9GH57N4,4,V,4,N,C,9,G,H,5,7,N,4,1,2,57,00753551,5700753551,3,6,1,1,0,0,0,0,0,0,0,70,0,1,3,11,6,2,1,0,0,0,1,12,34233,6,1,6,0,3,0,76,999,0,0,0,1,1,1,2012,2,2013,0,58,0,0,0,3,2,70,1,1,2,2,0,0,1,61,9,2,4,7,1,0
1,10639,1,4,1,24,11,19,31,12,2,1,0,1,2,37,31,37031,2,2006,2HGFG128X6H5,2,H,G,F,G,1,2,8,X,6,H,5,0,0,0,000000000,00000000000,0,0,0,1,0,0,0,0,0,0,0,70,0,0,0,12,6,2,12,0,0,0,1,1,35117,6,1,0,0,3,1,68,168,1,0,0,0,0,5,2013,5,2013,0,8,0,0,0,2,2,70,1,1,2,1,0,0,1,9,99,3,2,52,1,0
1,10639,2,4,1,24,11,19,31,12,2,1,0,1,1,12,481,12481,31,2010,1FTEW1C89AFC,1,F,T,E,W,1,C,8,9,A,F,C,0,0,0,000000000,00000000000,0,0,0,1,0,0,0,0,0,0,0,70,0,0,0,12,6,2,12,0,0,0,1,1,35007,6,1,0,0,3,0,71,220,0,0,0,0,0,0,0,0,0,0,0,0,0,0,2,2,70,1,1,2,1,0,0,1,62,1,1,1,52,0,0
1,10639,3,4,1,24,11,19,31,12,2,1,0,1,1,18,7,18007,4,2003,2G4WS52JX312,2,G,4,W,S,5,2,J,X,3,1,2,0,0,0,000000000,00000000000,0,0,0,1,0,0,0,0,0,0,0,70,0,0,0,1,6,2,12,0,0,0,1,1,35111,6,1,0,0,3,0,60,165,1,0,0,0,0,8,2013,8,2013,0,0,0,0,0,2,2,70,1,1,2,1,0,0,1,62,1,1,1,98,0,0
1,10639,4,4,2,24,11,19,31,12,2,1,0,1,2,49,32,49032,4,2014,2T1BURHE4EC1,2,T,1,B,U,R,H,E,4,E,C,1,0,0,0,000000000,00000000000,0,0,0,1,0,0,0,0,0,0,0,70,0,0,0,12,6,2,12,0,0,0,1,1,36066,6,1,0,0,3,0,70,150,0,0,0,0,0,0,0,0,0,0,0,0,0,0,2,2,70,1,1,2,1,0,0,1,62,1,1,1,98,0,0
1,10640,1,2,1,15,8,22,42,12,6,1,0,1,2,20,9,20009,2,2011,2G1FS1EW7B91,2,G,1,F,S,1,E,W,7,B,9,1,0,0,0,000000000,00000000000,0,0,0,1,0,0,0,0,0,0,0,999,0,0,0,12,6,2,12,0,0,0,1,1,36553,1,1,1,0,2,0,72,180,0,1,0,1,0,8,2011,3,2014,3,0,0,0,0,1,2,55,1,1,2,1,3,3,1,17,1,1,1,88,0,1
1,10640,2,2,1,15,8,22,42,12,6,1,0,1,1,49,45,49045,4,2003,JTDAT1232302,J,T,D,A,T,1,2,3,2,3,0,2,0,0,0,000000000,00000000000,0,0,0,1,0,0,0,0,0,0,0,999,0,0,0,9,6,2,12,0,0,0,1,1,36560,6,1,0,0,3,1,63,170,0,0,0,0,0,0,0,0,0,0,0,0,0,0,1,2,98,1,1,2,1,3,3,1,66,99,1,1,89,1,0
1,10641,1,1,1,10,11,21,45,11,0,1,0,1,1,20,481,20481,31,1979,CCU149A11822,C,C,U,1,4,9,A,1,1,8,2,2,0,0,0,000000000,00000000000,0,0,0,1,0,0,0,0,0,0,0,55,0,1,5,12,6,2,1,0,0,0,1,1,36756,6,1,0,0,3,0,66,220,0,0,0,1,0,10,2013,10,2013,0,0,0,0,0,1,2,55,1,1,2,1,0,0,1,87,9,1,1,13,1,1
1,10642,1,2,1,1,10,12,19,12,6,1,0,1,1,14,4,14004,2,1994,1MELM62W1RH6,1,M,E,L,M,6,2,W,1,R,H,6,0,0,0,000000000,00000000000,0,0,0,1,0,0,0,0,0,0,0,999,0,0,0,9,6,2,12,0,0,0,1,1,35773,6,1,0,0,3,1,67,150,0,0,0,0,0,0,0,0,0,0,89,0,0,0,1,2,45,1,6,2,1,20,3,1,17,1,1,1,89,1,0
1,10642,2,2,1,1,10,12,19,12,6,1,0,1,3,86,884,86884,63,2009,1M2AV02C79M0,1,M,2,A,V,0,2,C,7,9,M,0,0,0,57,962089,57962089,3,1,4,1,0,0,0,0,0,0,0,70,0,0,0,12,4,3,12,0,0,0,1,1,35653,6,1,6,0,3,0,68,180,0,0,0,0,0,0,0,0,0,0,89,0,0,0,1,2,65,1,1,2,1,0,0,1,55,1,1,1,88,0,0
1,10643,1,1,1,19,11,12,30,42,0,1,0,1,3,38,884,38884,61,2004,JALB4B149470,J,A,L,B,4,B,1,4,9,4,7,0,0,0,57,1577456,571577456,2,1,3,1,0,0,0,0,0,0,0,65,0,0,0,11,6,2,42,0,0,0,1,1,36091,6,1,0,0,3,0,67,155,0,0,0,0,0,0,0,0,0,3,0,0,0,0,1,2,45,2,1,2,1,0,0,14,12,1,1,4,6,1,0
1,10644,1,1,1,20,11,19,10,53,0,1,0,12,1,12,481,12481,31,2004,1FTNW21PX4EC,1,F,T,N,W,2,1,P,X,4,E,C,0,0,0,000000000,00000000000,0,0,0,1,0,0,0,0,0,0,0,110,0,1,5,12,6,2,30,0,0,0,1,12,32464,6,1,6,0,3,1,69,999,0,0,0,0,0,0,0,0,0,0,58,8,0,0,1,2,55,1,6,2,1,0,0,1,13,99,1,4,1,1,1
1,10645,1,1,1,21,11,14,15,42,0,1,0,1,1,41,471,41471,30,2003,4F4YR12D13TM,4,F,4,Y,R,1,2,D,1,3,T,M,0,0,0,000000000,00000000000,0,0,0,1,0,0,0,0,0,0,0,60,0,1,5,12,6,2,1,0,0,0,1,1,36853,6,1,0,0,3,0,74,185,0,0,0,1,0,1,2014,1,2014,3,89,58,0,0,1,2,45,3,6,2,1,0,0,14,13,6,1,4,6,1,0
1,10646,1,1,1,22,11,1,35,53,0,1,0,92,0,35,47,35047,4,2007,1N4AL21E17N4,1,N,4,A,L,2,1,E,1,7,N,4,0,0,0,000000000,00000000000,0,0,0,1,0,0,0,0,0,0,0,75,0,0,0,8,6,2,42,0,0,0,1,1,35546,6,1,0,0,3,1,64,163,1,0,0,1,0,1,2012,9,2013,3,58,0,0,0,1,2,45,2,6,2,1,0,0,14,13,7,3,4,2,1,1
1,10647,1,1,2,22,11,22,20,24,0,1,0,1,2,37,31,37031,2,1994,2HGEJ112XRH5,2,H,G,E,J,1,1,2,X,R,H,5,0,0,0,000000000,00000000000,0,0,0,1,0,0,0,0,0,0,0,80,0,0,0,12,6,2,24,0,0,0,1,1,35150,1,1,0,0,2,0,67,130,0,1,0,2,0,2,2012,10,2014,3,0,0,0,0,1,2,45,2,1,2,2,0,0,14,13,1,1,4,1,1,1
1,10648,1,2,1,22,11,22,20,12,6,1,0,1,6,20,421,20421,15,2002,1GNCS13W82K1,1,G,N,C,S,1,3,W,8,2,K,1,0,0,0,000000000,00000000000,0,0,0,1,0,0,0,0,0,0,0,0,0,0,0,10,6,2,12,0,0,0,0,0,99997,7,6,97,7,6,7,998,997,998,998,998,998,998,98,9998,98,9998,8,20,0,0,0,1,2,55,1,1,2,2,0,0,0,54,0,0,0,66,0,0
1,10648,2,2,2,22,11,22,20,12,6,1,0,1,2,7,422,7422,15,2004,1D4HD58D84F1,1,D,4,H,D,5,8,D,8,4,F,1,0,0,0,000000000,00000000000,0,0,0,1,0,0,0,0,0,0,0,45,0,0,0,12,6,2,8,0,0,0,1,1,36064,6,1,0,0,3,0,64,135,1,0,0,0,0,4,2014,4,2014,0,0,0,0,0,1,2,55,1,1,2,2,0,0,1,50,1,1,1,66,0,0
1,10649,1,1,1,23,11,0,50,34,0,1,0,1,2,49,43,49043,4,1997,4T1BF12B6VU2,4,T,1,B,F,1,2,B,6,V,U,2,0,0,0,000000000,00000000000,0,0,0,1,0,0,0,0,0,0,0,60,0,1,5,12,6,2,21,0,0,0,1,1,35456,6,1,0,0,3,0,65,145,0,0,0,0,0,0,0,0,0,3,0,0,0,0,1,2,45,3,1,2,2,0,0,14,6,99,1,4,1,1,0
1,10650,1,2,1,24,11,8,5,12,2,1,0,1,1,35,50,35050,4,2007,3N1BC11E87L3,3,N,1,B,C,1,1,E,8,7,L,3,0,0,0,000000000,00000000000,0,0,0,1,0,0,0,0,0,0,0,0,0,0,0,12,6,2,12,0,0,0,1,1,35242,6,1,0,0,3,1,64,160,0,0,0,0,0,0,0,0,0,0,8,28,0,0,1,3,55,1,1,2,1,0,0,5,62,1,1,2,51,1,0
1,10650,2,2,1,24,11,8,5,12,2,1,0,1,3,12,481,12481,31,2008,1FTSW21R58EA,1,F,T,S,W,2,1,R,5,8,E,A,0,0,0,000000000,00000000000,0,0,0,1,0,0,0,0,0,0,0,55,0,0,0,12,6,2,12,0,0,0,1,1,35242,6,1,0,0,3,1,76,210,1,0,0,0,0,3,2013,3,2013,0,28,0,0,0,1,3,55,1,1,2,1,0,0,1,10,1,1,1,50,0,0
1,10651,1,2,1,25,11,13,50,12,2,1,0,1,2,49,43,49043,4,1999,4T1BF18B9XU3,4,T,1,B,F,1,8,B,9,X,U,3,0,0,0,000000000,00000000000,0,0,0,1,0,0,0,0,0,0,0,55,0,0,0,12,6,2,12,0,0,0,1,1,35473,6,1,0,0,3,0,67,180,1,0,0,0,0,2,2013,2,2013,0,28,0,0,0,1,2,55,1,1,1,1,0,0,1,10,1,1,2,50,1,0
1,10651,2,2,1,25,11,13,50,12,2,1,0,1,1,12,16,12016,4,2004,2FAFP74W74X1,2,F,A,F,P,7,4,W,7,4,X,1,0,0,0,000000000,00000000000,0,0,0,1,0,0,0,0,0,0,0,55,0,0,0,12,6,2,12,0,0,0,1,1,35550,6,1,0,0,3,0,60,135,0,0,0,0,0,0,0,0,0,0,0,0,0,0,1,2,55,1,1,1,1,0,0,1,62,1,1,1,51,1,0
1,10652,1,2,4,23,11,19,49,12,2,1,0,1,2,58,37,58037,2,2003,JNKCV54E73M2,J,N,K,C,V,5,4,E,7,3,M,2,0,0,0,000000000,00000000000,0,0,0,1,0,0,0,0,0,0,0,75,0,0,0,12,6,2,12,0,0,0,1,1,36093,6,2,0,0,3,0,73,186,0,0,0,0,0,0,0,0,0,3,28,0,0,0,1,2,45,1,6,2,2,0,0,1,10,1,1,2,50,3,0
1,10652,2,2,1,23,11,19,49,12,2,1,0,1,3,7,24,7024,4,2011,2B3CL1CT9BH5,2,B,3,C,L,1,C,T,9,B,H,5,0,0,0,000000000,00000000000,0,0,0,1,0,0,0,0,0,5,0,49,0,0,0,12,6,2,12,0,0,0,1,1,36024,6,1,6,0,3,0,74,225,0,0,0,0,0,0,0,0,0,0,16,0,0,0,1,2,45,1,5,2,2,0,0,1,62,1,1,1,51,1,0
1,10653,1,2,1,27,11,12,59,12,6,1,0,1,2,41,50,41050,4,2007,1YVHP80D575M,1,Y,V,H,P,8,0,D,5,7,5,M,0,0,0,000000000,00000000000,0,0,0,1,0,0,0,0,0,0,0,999,0,0,0,12,6,2,12,0,0,0,1,1,36108,0,0,0,0,0,0,66,160,0,0,0,0,0,0,0,0,0,0,39,0,0,0,1,2,30,1,1,2,1,20,3,1,17,1,1,1,88,0,1
1,10653,2,2,5,27,11,12,59,12,6,1,0,1,1,58,35,58035,4,2001,JNKCA31A51T0,J,N,K,C,A,3,1,A,5,1,T,0,0,0,0,000000000,00000000000,0,0,0,1,0,0,0,0,0,0,0,999,0,0,0,7,6,2,12,0,0,0,1,1,35204,6,1,0,0,3,0,71,185,3,0,0,1,0,10,2012,11,2013,0,0,0,0,0,1,2,30,1,1,2,1,20,3,1,66,1,1,1,89,2,0
1,10654,1,2,2,27,11,15,0,12,6,1,0,1,2,37,31,37031,4,2014,19XFB2F83EE0,1,9,X,F,B,2,F,8,3,E,E,0,0,0,0,000000000,00000000000,0,0,0,1,0,0,0,0,0,0,0,10,0,0,0,9,6,2,12,0,0,0,1,1,35023,6,1,0,0,3,0,61,150,0,0,0,0,0,0,0,0,0,0,38,0,0,0,1,2,45,1,1,2,1,20,3,1,17,1,1,1,89,1,0
1,10654,2,2,3,27,11,15,0,12,6,1,0,1,2,14,401,14401,14,1998,4M2ZU52E9WUJ,4,M,2,Z,U,5,2,E,9,W,U,J,0,0,0,000000000,00000000000,0,0,0,1,0,0,0,0,0,0,0,55,0,0,0,12,6,2,12,0,0,0,1,1,35023,6,1,0,0,3,0,65,160,2,0,0,0,0,4,2012,12,2013,0,0,0,0,0,1,2,45,1,1,2,1,20,3,1,66,6,1,1,88,0,0
1,10655,1,2,1,27,11,14,18,12,2,1,0,1,2,52,34,52034,4,2000,4A3AA46L2YE1,4,A,3,A,A,4,6,L,2,Y,E,1,0,0,0,000000000,00000000000,0,0,0,1,0,0,0,0,0,0,0,999,0,0,0,12,6,2,12,0,0,0,1,1,35806,6,7,0,0,3,2,71,195,1,0,0,0,0,8,2014,8,2014,9,28,73,0,0,5,5,45,1,1,2,1,0,0,1,10,1,1,2,50,1,0
1,10655,2,2,1,27,11,14,18,12,2,1,0,1,2,59,34,59034,4,2000,JT8BD68S1Y00,J,T,8,B,D,6,8,S,1,Y,0,0,0,0,0,000000000,00000000000,0,0,0,1,0,0,0,0,0,0,0,999,0,0,0,12,6,2,12,0,0,0,1,1,35749,6,1,0,0,3,1,68,160,1,0,0,0,0,10,2014,10,2014,0,0,0,0,0,5,5,45,1,1,2,1,0,0,1,62,1,1,1,51,0,0
1,10656,1,1,1,28,11,21,40,30,0,1,0,1,2,14,21,14021,4,2007,3MEHM08127R6,3,M,E,H,M,0,8,1,2,7,R,6,0,0,0,000000000,00000000000,0,0,0,1,0,0,0,0,0,0,0,65,0,1,5,2,6,2,30,0,0,0,1,1,36767,0,0,0,0,0,0,73,185,0,0,0,0,0,0,0,0,0,3,0,0,0,0,1,2,45,1,1,2,1,0,0,1,13,1,1,4,1,1,1
1,10657,1,1,1,30,11,9,22,1,0,1,0,1,2,12,401,12401,14,2004,1FMZU62K74UC,1,F,M,Z,U,6,2,K,7,4,U,C,0,0,0,000000000,00000000000,0,0,0,1,0,0,0,0,0,0,0,65,0,1,5,0,6,2,1,0,0,0,1,1,36088,0,0,0,0,0,0,999,999,0,0,0,0,0,0,0,0,0,3,8,37,0,0,1,2,35,3,1,2,1,0,0,14,6,1,4,4,2,1,0
1,10659,1,1,2,6,12,2,28,42,0,1,0,1,1,20,16,20016,4,2000,1G1JF5244Y71,1,G,1,J,F,5,2,4,4,Y,7,1,0,0,0,000000000,00000000000,0,0,0,1,0,0,0,0,0,0,0,60,0,0,0,9,6,2,42,0,0,0,1,1,35215,6,1,0,0,3,0,72,170,0,0,0,0,0,0,0,0,0,4,0,0,0,0,3,3,70,1,1,2,2,0,0,1,6,1,3,4,2,2,0
1,10660,1,2,1,14,11,13,23,12,7,1,0,13,3,82,881,82881,63,2003,1FVABPAK93HM,1,F,V,A,B,P,A,K,9,3,H,M,0,0,57,969965,57969965,3,2,3,1,0,0,0,0,0,0,0,55,0,1,5,11,6,2,1,0,0,0,1,13,31826,6,1,6,0,3,0,68,140,98,0,0,0,0,0,0,0,0,0,26,0,0,0,1,2,55,1,1,2,1,0,0,1,52,7,1,6,48,1,0
1,10660,2,2,3,14,11,13,23,12,7,1,0,12,1,23,421,23421,15,1998,1GKCS13W4W25,1,G,K,C,S,1,3,W,4,W,2,5,0,0,0,000000000,00000000000,0,0,0,1,0,0,0,0,0,0,0,20,0,0,0,3,6,2,12,0,0,0,1,12,36856,6,1,0,0,3,0,64,999,0,0,0,0,0,0,0,0,0,0,0,0,0,0,1,2,55,1,1,2,1,0,0,2,53,1,1,1,48,0,0
1,10661,1,2,1,16,11,18,3,12,2,1,0,1,1,20,481,20481,31,1995,2GBEC19K9S11,2,G,B,E,C,1,9,K,9,S,1,1,0,0,0,000000000,00000000000,0,0,0,1,0,0,0,0,0,0,0,10,0,0,0,12,6,2,12,0,0,0,1,1,35442,1,1,0,0,2,1,69,180,0,1,1,0,0,7,2013,10,2013,0,38,0,0,0,1,2,55,1,1,2,2,20,3,11,15,1,1,1,82,0,1
1,10661,2,2,2,16,11,18,3,12,2,1,0,28,1,23,461,23461,21,1992,2GDEG25Z9N45,2,G,D,E,G,2,5,Z,9,N,4,5,0,0,0,000000000,00000000000,0,0,0,1,0,0,0,0,0,0,0,999,0,0,0,12,6,2,12,0,0,0,1,1,35447,6,1,6,0,3,0,72,210,0,0,0,0,0,0,0,0,0,0,0,0,0,0,1,2,55,1,1,2,2,0,0,1,67,6,1,1,83,1,1
1,10662,1,2,1,19,11,6,20,12,6,1,0,47,2,20,2,20002,4,2001,2G1WH55K5191,2,G,1,W,H,5,5,K,5,1,9,1,0,0,0,000000000,00000000000,0,0,0,1,0,0,0,0,0,0,0,25,0,0,0,9,6,2,12,0,0,0,1,1,35057,2,1,0,0,2,0,73,175,0,2,0,1,0,4,2012,10,2014,0,39,0,0,0,1,2,30,1,5,2,1,20,3,1,17,99,1,1,89,1,0
1,10662,2,2,1,19,11,6,20,12,6,1,0,1,3,20,481,20481,31,2013,1GCNCPEA7DZ3,1,G,C,N,C,P,E,A,7,D,Z,3,1,3,0,000000000,00000000000,0,0,0,1,0,0,0,0,0,0,0,65,0,0,0,12,6,2,12,0,0,0,1,1,35653,6,1,0,0,3,1,73,220,0,0,0,0,0,0,0,0,0,0,0,0,0,0,2,2,65,1,1,2,1,0,0,1,66,1,1,1,88,0,0
1,10663,1,1,1,23,11,0,10,42,0,1,0,1,2,52,34,52034,4,2006,4A3AB36F26E0,4,A,3,A,B,3,6,F,2,6,E,0,0,0,0,000000000,00000000000,0,0,0,1,0,0,0,0,0,0,0,70,0,0,0,2,6,2,42,0,0,0,1,1,36037,6,1,0,0,3,0,72,200,0,0,0,0,0,0,0,0,0,3,0,0,0,0,1,2,55,1,1,2,2,0,0,1,12,99,1,4,6,1,1
1,10664,1,1,3,24,11,9,36,42,0,1,0,1,1,12,481,12481,31,2004,1FTPW14594KC,1,F,T,P,W,1,4,5,9,4,K,C,0,0,0,000000000,00000000000,0,0,0,1,0,0,0,0,0,0,0,999,0,0,0,12,6,2,42,0,0,0,1,1,36322,6,1,0,0,3,0,72,248,0,0,0,0,0,0,0,0,0,0,89,28,0,0,1,2,55,2,5,2,1,0,0,14,12,1,1,4,6,1,0
1,10665,1,1,4,25,11,18,10,8,0,1,1,28,1,18,401,18401,14,2004,3G5DA03E84S5,3,G,5,D,A,0,3,E,8,4,S,5,0,0,0,000000000,00000000000,0,0,0,1,0,0,0,0,0,0,0,56,0,0,0,12,4,3,8,0,0,0,1,1,36587,1,2,0,0,2,2,62,150,0,1,0,0,0,3,2014,3,2014,3,73,0,0,0,5,5,45,1,1,2,1,0,0,1,80,1,1,1,13,0,0
1,10666,1,2,2,25,11,19,0,12,6,1,0,1,1,18,2,18002,4,2000,1G4HP54KXY42,1,G,4,H,P,5,4,K,X,Y,4,2,0,0,0,000000000,00000000000,0,0,0,1,0,0,0,0,0,0,0,15,0,0,0,9,6,2,12,0,0,0,1,1,36303,6,1,0,0,3,0,72,175,0,0,0,0,0,0,0,0,0,0,38,0,0,0,1,2,45,1,1,2,2,20,3,1,17,1,1,1,89,1,0
1,10666,2,2,4,25,11,19,0,12,6,1,0,1,1,20,421,20421,15,2009,1GNEC23329R2,1,G,N,E,C,2,3,3,2,9,R,2,0,0,0,000000000,00000000000,0,0,0,1,0,0,0,0,0,0,0,60,0,0,0,12,6,2,12,0,0,0,1,1,36330,6,1,0,0,3,0,69,200,0,0,0,0,0,0,0,0,0,0,89,0,0,0,2,4,65,1,1,2,2,0,0,1,66,1,1,1,88,0,0
1,10667,1,2,2,29,11,17,45,12,1,1,0,92,0,98,998,98998,95,9999,000000000000,0,0,0,0,0,0,0,0,0,0,0,0,0,0,0,000000000,00000000000,0,0,0,1,0,0,0,0,0,0,0,15,0,0,0,6,6,2,12,0,0,0,1,1,35020,6,1,0,0,1,0,76,212,0,0,0,0,0,0,0,0,0,0,0,0,0,0,1,2,45,1,1,2,1,0,0,1,53,1,1,1,25,2,0
1,10667,2,2,3,29,11,17,45,12,1,1,0,1,1,19,421,19421,15,2007,1GYFK668X7R3,1,G,Y,F,K,6,6,8,X,7,R,3,0,0,0,000000000,00000000000,0,0,0,1,0,0,0,0,0,0,0,60,0,0,0,12,6,2,12,0,0,0,1,1,35062,6,1,0,0,3,0,67,185,1,0,0,0,0,10,2014,10,2014,0,0,0,0,0,1,2,45,1,1,2,1,0,0,1,51,1,1,1,24,0,0
1,10668,1,1,1,2,12,8,48,42,0,1,0,1,1,49,32,49032,4,2007,2T1BR32E67C7,2,T,1,B,R,3,2,E,6,7,C,7,0,0,0,000000000,00000000000,0,0,0,1,0,0,0,0,0,0,0,45,0,0,0,12,6,2,42,0,0,0,1,1,35098,6,1,0,0,3,1,65,145,0,0,0,0,0,0,0,0,0,4,89,0,0,0,1,2,45,3,6,2,2,0,0,14,13,1,1,4,1,1,0
1,10669,1,1,2,4,12,1,13,1,0,1,0,1,1,20,481,20481,31,2008,3GCEK13J08G3,3,G,C,E,K,1,3,J,0,8,G,3,0,0,0,000000000,00000000000,0,0,0,1,0,0,0,0,0,0,0,999,0,1,6,0,6,2,1,0,0,0,1,1,36580,6,1,0,0,3,0,66,190,0,0,0,0,0,0,0,0,0,3,58,0,0,0,1,2,45,1,1,2,1,0,0,1,12,7,4,4,7,1,1
1,10670,1,2,1,4,12,7,28,24,0,1,0,1,1,42,43,42043,4,2007,WDDNG71X07A0,W,D,D,N,G,7,1,X,0,7,A,0,0,0,0,000000000,00000000000,0,0,0,1,0,0,0,0,0,0,0,999,0,0,0,11,6,2,12,0,0,0,1,1,35216,6,1,0,0,3,0,74,225,0,0,0,0,0,0,0,0,0,0,0,0,0,0,3,2,40,1,6,2,1,0,0,1,13,1,1,4,1,1,0
1,10670,2,2,2,4,12,7,28,24,0,1,0,1,1,12,24,12024,6,2014,2FMDK3JC1EBA,2,F,M,D,K,3,J,C,1,E,B,A,0,0,0,000000000,00000000000,0,0,0,1,0,0,0,0,0,0,0,999,0,1,5,5,6,2,25,0,0,0,1,1,35216,6,1,0,0,3,0,73,220,0,0,0,0,0,0,0,0,0,0,0,0,0,0,3,2,40,1,6,2,1,0,0,1,61,1,1,1,98,0,0
1,10671,1,1,1,5,12,10,55,34,0,1,0,1,1,12,17,12017,4,1998,1FAFP52U4WA2,1,F,A,F,P,5,2,U,4,W,A,2,0,0,0,000000000,00000000000,0,0,0,1,0,0,0,0,0,0,0,55,0,0,0,14,6,2,42,0,0,0,1,1,35987,6,1,0,0,3,0,70,185,0,0,0,0,0,0,0,0,0,0,0,0,0,0,1,2,55,1,6,2,1,0,0,1,13,1,1,4,1,1,0
1,10672,1,1,1,7,12,0,5,42,0,1,0,1,2,49,40,49040,4,2014,4T1BF1FK1EU7,4,T,1,B,F,1,F,K,1,E,U,7,0,0,0,000000000,00000000000,0,0,0,1,0,0,0,0,0,0,0,50,0,0,0,12,6,2,42,0,0,0,1,1,36089,6,1,0,0,3,0,70,248,0,1,0,0,0,1,2012,1,2012,0,28,0,0,0,1,2,55,2,6,2,1,0,0,1,12,1,1,4,6,1,1
1,10673,1,1,1,7,12,6,5,32,0,1,0,1,1,12,401,12401,14,2002,1FMZU62E52UA,1,F,M,Z,U,6,2,E,5,2,U,A,0,0,0,000000000,00000000000,0,0,0,1,0,0,0,0,0,0,0,70,0,0,0,12,6,2,43,0,0,0,1,1,36532,1,1,0,0,2,1,64,120,0,6,0,0,0,4,2013,12,2014,0,89,0,0,0,5,5,55,1,1,2,1,0,0,1,13,1,1,4,1,1,0
1,10674,1,1,1,7,12,1,0,42,0,1,0,1,2,35,39,35039,4,1999,JN1CA21D7XT2,J,N,1,C,A,2,1,D,7,X,T,2,0,0,0,000000000,00000000000,0,0,0,1,0,0,0,0,0,0,0,999,0,0,0,12,6,2,42,0,0,0,1,1,35950,6,1,0,0,3,0,72,140,0,0,0,0,0,0,0,0,0,9,28,0,0,0,1,2,35,3,1,2,1,0,0,14,13,3,2,4,1,1,1
1,10675,1,1,1,9,12,21,0,42,0,1,0,1,1,20,421,20421,15,2004,1GNEC13Z54R2,1,G,N,E,C,1,3,Z,5,4,R,2,0,0,0,000000000,00000000000,0,0,0,1,0,0,0,0,0,0,0,999,0,0,0,11,6,2,42,0,0,0,1,1,35758,6,1,0,0,3,0,71,180,0,0,0,0,0,0,0,0,0,9,28,0,0,0,1,2,35,2,1,1,1,0,0,14,12,99,1,4,6,1,1
1,10676,1,2,1,11,12,5,40,12,2,1,0,1,2,12,3,12003,2,1995,1FALP4447SF2,1,F,A,L,P,4,4,4,7,S,F,2,0,0,0,000000000,00000000000,0,0,0,1,0,0,0,0,0,0,0,999,0,0,0,12,6,2,12,0,0,0,1,1,36605,2,1,0,0,2,0,69,180,0,2,0,0,0,12,2011,9,2014,0,0,0,0,0,2,4,55,1,1,2,1,0,0,1,54,1,1,1,52,1,1
1,10676,2,2,1,11,12,5,40,12,2,1,0,1,3,12,16,12016,4,2007,2FAFP71W27X1,2,F,A,F,P,7,1,W,2,7,X,1,0,0,0,000000000,00000000000,0,0,0,1,0,0,0,0,0,0,0,999,0,0,0,12,6,2,12,0,0,0,1,1,36619,6,1,0,0,3,0,75,190,0,0,0,0,0,0,0,0,0,0,89,0,0,0,2,4,55,1,1,2,1,0,0,1,54,1,1,1,52,0,0
1,10677,1,1,1,14,12,3,5,34,0,1,0,1,2,2,404,2404,14,2003,1J4GX58S93C6,1,J,4,G,X,5,8,S,9,3,C,6,0,0,0,000000000,00000000000,0,0,0,1,0,0,0,0,0,0,0,999,0,1,3,12,6,2,1,0,0,0,1,1,35806,2,1,0,0,2,0,74,175,0,6,0,0,0,1,2012,7,2014,0,0,0,0,0,2,2,65,1,1,2,1,0,0,1,12,99,1,4,6,1,1
1,10678,1,1,1,29,11,18,30,34,0,1,0,1,1,14,401,14401,14,2003,4M2DU66W53ZJ,4,M,2,D,U,6,6,W,5,3,Z,J,0,0,0,000000000,00000000000,0,0,0,1,0,0,0,0,0,0,0,70,0,1,5,12,6,2,1,0,0,0,1,1,36067,6,1,0,0,3,0,67,189,0,0,0,0,0,0,0,0,0,0,89,0,0,0,2,2,70,1,1,2,1,0,0,1,13,99,1,4,1,1,0