STATE,ST_CASE,VEH_NO,VE_FORMS,NUMOCCS,DAY,MONTH,HOUR,MINUTE,HARM_EV,MAN_COLL,UNITTYPE,HIT_RUN,REG_STAT,OWNER,MAKE,MODEL,MAK_MOD,BODY_TYP,MOD_YEAR,VIN,VIN_1,VIN_2,VIN_3,VIN_4,VIN_5,VIN_6,VIN_7,VIN_8,VIN_9,VIN_10,VIN_11,VIN_12,TOW_VEH,J_KNIFE,MCARR_I1,MCARR_I2,MCARR_ID,GVWR,V_CONFIG,CARGO_BT,HAZ_INV,HAZ_PLAC,HAZ_ID,HAZ_CNO,HAZ_REL,BUS_USE,SPEC_USE,EMER_USE,TRAV_SP,UNDERIDE,ROLLOVER,ROLINLOC,IMPACT1,DEFORMED,TOWED,M_HARM,VEH_SC1,VEH_SC2,FIRE_EXP,DR_PRES,L_STATE,DR_ZIP,L_STATUS,L_TYPE,CDL_STAT,L_ENDORS,L_COMPL,L_RESTRI,DR_HGT,DR_WGT,PREV_ACC,PREV_SUS,PREV_DWI,PREV_SPD,PREV_OTH,FIRST_MO,FIRST_YR,LAST_MO,LAST_YR,SPEEDREL,DR_SF1,DR_SF2,DR_SF3,DR_SF4,VTRAFWAY,VNUM_LAN,VSPD_LIM,VALIGN,VPROFILE,VPAVETYP,VSURCOND,VTRAFCON,VTCONT_F,P_CRASH1,P_CRASH2,P_CRASH3,PCRASH4,PCRASH5,ACC_TYPE,DEATHS,DR_DRINK
1,10679,1,2,1,12,12,14,45,24,0,1,0,17,3,51,881,51881,66,2006,4V4M19GF66N4,4,V,4,M,1,9,G,F,6,6,N,4,2,3,57,071821,57071821,3,7,1,1,0,0,0,0,0,0,0,999,0,0,0,11,6,2,12,0,0,0,1,13,30135,6,1,6,0,3,1,65,160,98,0,0,0,0,0,0,0,0,0,0,0,0,0,3,2,50,1,6,1,1,0,0,1,12,99,1,4,6,0,0
1,10679,2,2,1,12,12,14,45,24,0,1,0,1,1,35,481,35481,31,2008,1N6BA06F68N3,1,N,6,B,A,0,6,F,6,8,N,3,0,0,0,000000000,00000000000,0,0,0,1,0,0,0,0,0,0,0,999,0,0,0,12,6,2,12,0,0,0,1,1,35207,6,1,0,0,3,1,61,160,0,0,0,0,0,0,0,0,0,0,0,0,0,0,3,2,45,1,5,1,1,0,0,1,62,99,1,1,98,1,0
1,10680,1,1,1,13,12,17,37,8,0,1,0,12,3,98,988,98988,52,2000,1M8PDMPA0YP0,1,M,8,P,D,M,P,A,0,Y,P,0,0,0,57,518740,57518740,3,21,22,1,0,0,0,0,6,3,0,70,0,0,0,12,4,3,8,0,0,0,1,12,32505,6,1,6,3,3,0,74,999,0,0,0,0,2,11,2012,3,2013,0,0,0,0,0,2,2,70,1,1,2,1,0,0,1,80,1,1,1,13,0,0
1,10681,1,1,1,15,6,23,5,8,0,1,1,1,1,12,481,12481,31,2012,1FT7W2BT2CEA,1,F,T,7,W,2,B,T,2,C,E,A,0,0,0,000000000,00000000000,0,0,0,1,0,0,0,0,0,0,0,15,0,0,0,14,0,5,8,99,99,0,1,1,35956,6,1,0,0,3,0,68,222,0,0,0,0,0,0,0,0,0,0,89,0,0,0,1,2,35,2,6,2,1,0,0,14,80,99,1,1,13,0,1
1,10682,1,1,1,4,12,2,45,33,0,1,0,1,2,12,401,12401,14,1997,1FMDU32X9VUC,1,F,M,D,U,3,2,X,9,V,U,C,0,0,0,000000000,00000000000,0,0,0,1,0,0,0,0,0,0,0,60,0,1,5,10,6,2,1,0,0,0,1,1,36109,2,1,2,0,2,0,68,138,1,4,1,0,0,7,2012,3,2013,0,28,0,0,0,1,4,15,1,1,2,1,0,0,1,12,99,1,4,6,1,1
1,10683,1,1,2,4,12,23,35,11,0,1,0,1,1,49,40,49040,2,2000,2T1CG22P6YC3,2,T,1,C,G,2,2,P,6,Y,C,3,0,0,0,000000000,00000000000,0,0,0,1,0,0,0,0,0,0,0,45,0,0,0,12,6,2,11,0,0,0,1,1,35654,6,1,0,0,3,0,69,240,0,0,0,0,0,0,0,0,0,0,0,0,0,0,1,2,45,1,1,2,1,0,0,1,87,1,1,1,13,1,0
1,10684,1,1,1,5,12,17,43,42,0,1,0,1,1,54,31,54031,3,1998,JH4DC2380WS0,J,H,4,D,C,2,3,8,0,W,S,0,0,0,0,000000000,00000000000,0,0,0,1,0,0,0,0,0,0,0,90,0,0,0,3,6,2,42,0,0,0,1,1,36869,6,1,0,0,3,0,70,165,0,0,0,0,0,0,0,0,0,3,28,0,0,0,1,2,55,2,6,2,1,0,0,14,6,1,4,4,7,1,0
1,10685,1,2,1,8,12,18,35,12,2,1,0,1,1,12,401,12401,14,2000,1FMZU72X4YUB,1,F,M,Z,U,7,2,X,4,Y,U,B,0,0,0,000000000,00000000000,0,0,0,1,0,0,0,0,0,0,0,999,0,0,0,12,6,2,12,0,0,0,1,1,36330,6,1,0,0,3,1,67,125,0,0,1,0,0,8,2014,8,2014,9,28,0,0,0,1,2,40,1,1,2,1,0,0,1,10,1,1,2,50,1,1
1,10685,2,2,2,8,12,18,35,12,2,1,0,1,2,23,421,23421,15,2005,1GKEC13T05R2,1,G,K,E,C,1,3,T,0,5,R,2,0,0,0,000000000,00000000000,0,0,0,1,0,0,0,0,0,0,0,999,0,0,0,12,6,2,12,0,0,0,1,1,36467,6,1,0,0,3,0,69,173,0,0,0,1,0,2,2014,2,2014,0,89,0,0,0,1,2,40,1,1,2,1,0,0,1,62,1,1,1,51,0,0
1,10686,1,1,2,11,12,10,45,32,0,1,0,28,2,49,40,49040,4,2000,4T1BF28K5YU1,4,T,1,B,F,2,8,K,5,Y,U,1,0,0,0,000000000,00000000000,0,0,0,1,0,0,0,0,0,0,0,65,0,1,5,12,6,2,1,0,0,0,1,5,38614,1,1,0,0,2,0,69,145,0,2,1,0,0,4,2012,8,2012,0,28,0,0,0,1,2,45,2,6,2,1,0,0,14,12,1,1,4,6,1,1
1,10687,1,1,1,12,12,16,19,58,0,1,0,1,1,22,18,22018,4,2004,1G2NF52E04M6,1,G,2,N,F,5,2,E,0,4,M,6,0,0,0,000000000,00000000000,0,0,0,1,0,0,0,0,0,0,0,999,0,1,3,2,6,2,1,0,0,0,1,1,35601,6,1,0,0,3,0,69,155,0,0,0,1,0,8,2014,8,2014,0,39,0,0,0,2,3,45,1,1,2,1,3,3,1,12,1,1,4,6,1,0
1,10688,1,2,1,12,12,22,20,12,8,1,0,1,2,12,402,12402,14,2002,1FMCU03132KD,1,F,M,C,U,0,3,1,3,2,K,D,0,0,0,000000000,00000000000,0,0,0,1,0,0,0,0,0,0,0,75,0,1,5,11,6,2,1,0,0,0,1,1,36619,6,1,0,0,3,0,60,148,0,0,0,0,0,0,0,0,0,3,8,0,0,0,1,2,55,1,1,2,1,0,0,6,54,1,1,1,64,1,1
1,10688,2,2,1,12,12,22,20,12,8,1,0,1,1,20,9,20009,2,2011,2G1FS1EW7B91,2,G,1,F,S,1,E,W,7,B,9,1,0,0,0,000000000,00000000000,0,0,0,1,0,0,0,0,0,0,0,55,0,0,0,11,6,2,12,0,0,0,1,1,36544,6,1,0,0,3,0,75,230,0,0,0,0,0,0,0,0,0,0,0,0,0,0,1,2,55,1,1,2,1,0,0,1,62,7,1,1,65,0,0
1,10689,1,1,1,12,12,22,45,8,0,1,0,1,1,21,2,21002,4,1993,1G3HN53L5PH3,1,G,3,H,N,5,3,L,5,P,H,3,0,0,0,000000000,00000000000,0,0,0,1,0,0,0,0,0,0,0,45,0,0,0,1,4,5,8,0,0,0,1,1,36582,6,1,0,0,3,0,67,150,0,0,0,0,1,5,2012,5,2012,0,0,0,0,0,1,8,45,1,5,2,1,0,0,1,80,1,1,1,13,0,0
1,10690,1,1,1,13,12,0,30,35,0,1,0,1,1,49,482,49482,31,2000,5TBRT3819YS0,5,T,B,R,T,3,8,1,9,Y,S,0,0,0,0,000000000,00000000000,0,0,0,1,0,0,0,0,0,0,0,60,0,1,5,6,6,2,30,0,0,0,1,1,36695,6,1,0,0,3,0,69,160,0,0,0,1,0,3,2014,3,2014,0,89,0,0,0,1,2,45,2,1,2,1,0,0,14,13,99,4,4,7,1,1
1,10691,1,3,1,14,12,13,40,24,0,1,0,1,1,12,17,12017,4,1996,1FALP52U2TA1,1,F,A,L,P,5,2,U,2,T,A,1,0,0,0,000000000,00000000000,0,0,0,1,0,0,0,0,0,0,0,55,0,0,0,12,6,2,12,0,0,0,1,1,36028,6,1,0,0,3,0,71,220,0,0,0,0,0,0,0,0,0,0,28,0,0,0,1,2,55,3,1,2,1,0,0,14,10,1,1,2,98,1,0
1,10691,2,3,2,14,12,13,40,24,0,1,0,1,1,55,33,55033,4,2010,5NPEU4AC5AH6,5,N,P,E,U,4,A,C,5,A,H,6,0,0,0,000000000,00000000000,0,0,0,1,0,0,0,0,0,0,0,55,0,0,0,82,6,2,12,0,0,0,1,1,36028,6,1,0,0,3,0,66,140,0,0,0,0,0,0,0,0,0,0,89,0,0,0,1,2,55,2,1,2,1,0,0,14,62,9,1,4,3,0,0
1,10691,3,3,2,14,12,13,40,24,0,1,0,12,1,7,482,7482,31,1998,3B7HF12Z5WM2,3,B,7,H,F,1,2,Z,5,W,M,2,0,0,0,000000000,00000000000,0,0,0,1,0,0,0,0,0,0,0,35,0,0,0,12,6,2,12,0,0,0,1,12,32547,6,1,0,0,3,0,74,999,0,0,0,0,0,0,0,0,0,0,0,0,0,0,1,2,55,2,1,2,1,0,0,14,62,1,1,1,98,0,0
1,10692,1,1,1,15,12,17,25,42,0,1,0,1,3,18,22,18022,4,2012,1G4GA5ER8CF1,1,G,4,G,A,5,E,R,8,C,F,1,0,0,0,000000000,00000000000,0,0,0,1,0,0,0,0,0,0,0,65,0,0,0,12,6,2,42,0,0,0,1,1,36274,6,1,0,0,3,0,72,175,2,1,0,0,1,6,2013,1,2014,0,89,0,0,0,2,2,65,1,5,2,1,0,0,1,13,99,1,4,1,1,0
1,10693,1,1,1,16,12,1,44,34,0,1,0,1,1,53,34,53034,6,2005,KL5JD86Z45K1,K,L,5,J,D,8,6,Z,4,5,K,1,0,0,0,000000000,00000000000,0,0,0,1,0,0,0,0,0,0,0,999,0,0,0,12,6,2,34,0,0,0,1,1,36207,6,1,0,0,3,1,65,160,2,1,1,2,0,9,2012,4,2014,0,0,0,0,0,2,2,45,1,1,2,1,0,0,1,13,99,1,4,1,1,0
1,10694,1,1,1,15,12,17,56,8,0,1,0,1,1,12,481,12481,31,2000,1FTRX17W5YNA,1,F,T,R,X,1,7,W,5,Y,N,A,0,0,0,000000000,00000000000,0,0,0,1,0,0,0,0,0,0,0,999,0,0,0,12,4,5,8,0,0,0,1,1,35752,6,1,0,0,3,1,72,240,0,0,0,0,0,0,0,0,0,0,0,0,0,0,5,5,55,1,1,2,2,0,0,1,80,1,1,1,13,0,0
1,10695,1,1,3,17,12,13,45,34,0,1,0,1,1,49,40,49040,4,1995,4T1SK11E2S45,4,T,1,S,K,1,1,E,2,S,4,5,0,0,0,000000000,00000000000,0,0,0,1,0,0,0,0,0,0,0,50,0,1,5,14,6,2,42,0,0,0,1,1,35044,6,1,0,0,3,0,65,240,0,0,0,0,0,0,0,0,0,3,58,0,0,0,1,2,35,3,1,5,1,0,0,14,6,7,3,4,2,2,0
1,10696,1,1,5,14,12,0,48,53,0,1,0,1,1,12,16,12016,4,2005,2FAFP71W95X1,2,F,A,F,P,7,1,W,9,5,X,1,0,0,0,000000000,00000000000,0,0,0,1,0,0,0,0,0,0,0,75,0,0,0,8,6,2,42,0,0,1,1,1,36083,6,1,0,0,3,0,72,180,0,0,0,0,0,0,0,0,0,0,8,37,0,0,1,2,25,3,1,2,1,0,0,14,12,1,1,4,6,2,1
1,10697,1,1,1,25,11,21,35,8,0,1,0,1,2,6,52,6052,6,2002,3C4FY48B72T3,3,C,4,F,Y,4,8,B,7,2,T,3,0,0,0,000000000,00000000000,0,0,0,1,0,0,0,0,0,0,0,999,0,0,0,12,4,3,8,0,0,0,1,1,36108,6,1,0,0,3,0,63,185,1,0,0,0,0,1,2014,1,2014,0,0,0,0,0,1,2,30,1,1,2,1,0,0,1,80,1,1,1,13,0,0
1,10698,1,2,4,15,12,9,15,32,0,1,0,1,2,12,16,12016,4,1996,2FALP71W7TX1,2,F,A,L,P,7,1,W,7,T,X,1,0,0,0,000000000,00000000000,0,0,0,1,0,0,0,0,0,0,0,80,0,1,1,12,6,2,1,0,0,0,1,1,36110,0,0,0,0,0,0,68,135,0,0,0,0,0,0,0,0,0,3,8,0,0,0,1,2,40,3,1,2,1,0,0,14,6,1,1,4,1,1,0
1,10698,2,2,1,15,12,9,15,32,0,1,0,1,1,58,35,58035,4,1996,JNKCA21D0TT3,J,N,K,C,A,2,1,D,0,T,T,3,0,0,0,000000000,00000000000,0,0,0,1,0,0,0,0,0,0,0,10,0,0,0,12,6,2,12,0,0,0,1,1,36116,6,1,0,0,3,0,65,147,0,0,0,0,1,11,2013,11,2013,0,89,0,0,0,1,2,40,3,1,2,1,0,0,14,62,9,1,1,98,0,0
1,10699,1,2,1,16,12,23,39,12,1,1,0,40,3,82,881,82881,66,2012,1FUJGLBG0CLB,1,F,U,J,G,L,B,G,0,C,L,B,1,1,57,3327,573327,3,6,1,1,0,0,0,0,0,0,0,70,0,1,5,12,6,2,2,0,0,1,1,1,35901,6,1,6,0,3,0,69,245,0,0,0,0,0,0,0,0,0,0,99,99,99,99,2,2,70,1,1,2,1,0,0,1,51,99,1,1,24,1,0
1,10699,2,2,1,16,12,23,39,12,1,1,0,92,0,12,461,12461,21,1993,1FBJS31G0PHA,1,F,B,J,S,3,1,G,0,P,H,A,1,1,0,000000000,00000000000,0,0,0,1,0,0,0,0,0,0,0,55,0,0,0,6,6,2,12,0,0,0,1,13,30721,3,1,0,0,2,0,68,165,98,0,0,1,0,1,2012,5,2014,0,0,0,0,0,2,2,70,1,1,2,1,0,0,1,53,1,1,1,25,0,0
1,10700,1,4,2,18,12,20,50,12,1,1,0,37,1,12,402,12402,14,2002,1FMYU03152KA,1,F,M,Y,U,0,3,1,5,2,K,A,0,0,0,000000000,00000000000,0,0,0,1,0,0,0,0,0,0,0,65,0,1,1,12,6,2,1,0,0,0,1,37,27526,6,1,0,0,3,0,68,999,0,0,0,0,0,0,0,0,0,0,0,0,0,0,3,3,65,1,3,2,1,0,0,1,52,1,1,1,28,1,0
1,10700,2,4,4,18,12,20,50,12,1,1,0,92,0,52,34,52034,4,2008,4A3AB36F88E0,4,A,3,A,B,3,6,F,8,8,E,0,0,0,0,000000000,00000000000,0,0,0,1,0,0,0,0,0,0,0,0,0,0,0,6,6,2,12,0,0,0,1,1,36605,6,1,0,0,3,0,66,142,0,0,0,0,0,0,0,0,0,0,54,0,0,0,3,3,65,1,3,2,1,0,0,5,53,1,1,1,98,0,0
1,10700,3,4,1,18,12,20,50,12,1,1,0,1,2,20,421,20421,15,2001,1GNCS13W6121,1,G,N,C,S,1,3,W,6,1,2,1,0,0,0,000000000,00000000000,0,0,0,1,0,0,0,0,0,0,0,70,0,1,3,9,6,2,54,0,0,0,1,1,36611,6,1,0,0,3,1,68,180,0,0,0,0,0,0,0,0,0,0,0,0,0,0,3,3,65,1,3,2,1,0,0,1,90,6,1,1,98,0,0
1,10700,4,4,1,18,12,20,50,12,1,1,0,1,1,12,37,12037,4,2010,1FAHP3FN0AW2,1,F,A,H,P,3,F,N,0,A,W,2,0,0,0,000000000,00000000000,0,0,0,1,0,0,0,0,0,0,0,25,0,0,0,6,6,2,12,0,0,0,1,1,36605,6,1,0,0,3,0,62,120,0,0,0,0,0,0,0,0,0,0,0,0,0,0,3,3,65,1,3,2,1,0,0,2,50,4,1,1,29,0,0
1,10701,1,1,1,4,12,0,6,8,0,1,0,1,1,20,2,20002,4,2009,2G1WB57K0912,2,G,1,W,B,5,7,K,0,9,1,2,0,0,0,000000000,00000000000,0,0,0,1,0,0,0,0,0,0,0,999,0,0,0,12,2,5,8,0,0,0,1,1,35640,6,1,0,0,3,0,74,185,0,6,0,1,0,2,2012,3,2014,0,0,0,0,0,1,2,30,1,1,2,1,0,0,1,80,2,1,1,13,0,0
1,10702,1,1,4,8,12,22,5,42,0,1,0,1,1,7,7,7007,4,1988,1B3BG26P7JW1,1,B,3,B,G,2,6,P,7,J,W,1,0,0,0,000000000,00000000000,0,0,0,1,0,0,0,0,0,0,0,70,0,1,5,12,6,2,42,0,0,0,1,1,35652,6,1,0,0,3,0,70,155,0,0,0,0,0,0,0,0,0,3,0,0,0,0,1,2,45,3,1,2,1,0,0,14,13,1,1,4,1,1,0
1,10703,1,2,2,9,12,17,20,12,1,1,0,1,1,18,2,18002,4,2002,1G4HR54K42U1,1,G,4,H,R,5,4,K,4,2,U,1,0,0,0,000000000,00000000000,0,0,0,1,0,0,0,0,0,0,0,25,0,0,0,6,6,2,12,0,0,0,1,1,36507,6,1,0,0,3,0,75,230,2,0,0,0,0,8,2012,10,2013,0,38,0,0,0,2,2,65,1,1,2,1,0,0,1,53,1,1,1,25,1,0
1,10703,2,2,1,9,12,17,20,12,1,1,0,1,3,51,881,51881,66,2012,4V4NC9EH7CN5,4,V,4,N,C,9,E,H,7,C,N,5,1,1,57,22588,5722588,3,6,3,1,0,0,0,0,0,0,0,65,0,0,0,12,4,3,12,0,0,0,1,1,36701,6,1,6,0,3,0,74,185,0,0,0,3,0,4,2012,9,2014,0,89,0,0,0,2,2,65,1,1,2,1,0,0,1,51,1,1,1,24,0,0
1,10704,1,2,2,12,12,21,19,12,2,1,0,1,1,42,43,42043,4,2007,WDDNG71X47A0,W,D,D,N,G,7,1,X,4,7,A,0,0,0,0,000000000,00000000000,0,0,0,1,0,0,0,0,0,0,0,55,0,0,0,12,6,2,12,0,0,0,1,1,36451,6,1,0,0,3,0,62,130,0,0,0,0,0,0,0,0,0,0,0,0,0,0,1,2,55,1,1,2,1,0,0,1,62,1,1,1,50,0,0
1,10704,2,2,1,12,12,21,19,12,2,1,0,1,2,14,6,14006,4,1997,2MELM74W1VX6,2,M,E,L,M,7,4,W,1,V,X,6,0,0,0,000000000,00000000000,0,0,0,1,0,0,0,0,0,0,0,80,0,0,0,12,6,2,12,0,0,0,1,1,36545,6,1,0,0,3,0,73,230,0,0,0,0,0,0,0,0,0,0,89,0,0,0,1,2,55,1,1,2,1,0,0,1,10,3,1,2,51,1,1
1,10705,1,2,1,16,12,15,0,12,2,1,0,1,1,20,23,20023,6,2007,3GNDA23D37S5,3,G,N,D,A,2,3,D,3,7,S,5,0,0,0,000000000,00000000000,0,0,0,1,0,0,0,0,0,0,0,50,0,0,0,12,6,2,12,0,0,0,1,1,36749,6,1,0,0,3,1,75,298,0,0,0,0,0,0,0,0,0,0,28,0,0,0,1,2,55,2,1,2,1,0,0,14,10,1,1,2,50,0,0
1,10705,2,2,2,16,12,15,0,12,2,1,0,1,1,20,403,20403,14,2006,1GNDS13S4621,1,G,N,D,S,1,3,S,4,6,2,1,0,0,0,000000000,00000000000,0,0,0,1,0,0,0,0,0,0,0,45,0,1,5,12,6,2,12,0,0,0,1,1,36109,6,1,0,0,3,0,70,170,0,0,0,0,0,0,0,0,0,0,0,0,0,0,1,2,55,3,1,2,1,0,0,14,62,1,1,1,51,1,0
1,10706,1,1,1,16,12,19,30,8,0,1,0,1,2,49,472,49472,30,1998,4TANL42N4WZ1,4,T,A,N,L,4,2,N,4,W,Z,1,0,0,0,000000000,00000000000,0,0,0,1,0,0,0,0,0,0,0,999,0,0,0,12,6,2,8,0,0,0,1,1,36575,6,1,0,0,3,0,71,165,2,0,0,1,0,7,2012,8,2012,0,0,0,0,0,5,5,40,1,1,2,1,0,0,1,80,1,1,1,13,0,0
1,10707,1,2,1,16,12,17,26,12,1,1,0,1,1,20,481,20481,31,2005,2GCEK13T2512,2,G,C,E,K,1,3,T,2,5,1,2,0,0,0,000000000,00000000000,0,0,0,1,0,0,0,0,0,0,0,55,0,0,0,12,6,2,12,0,0,0,1,1,36695,6,1,0,0,3,0,71,170,0,0,0,1,0,6,2014,6,2014,0,0,0,0,0,1,2,55,1,1,2,1,0,0,1,51,1,1,1,24,0,0
1,10707,2,2,1,16,12,17,26,12,1,1,0,1,2,35,498,35498,30,1976,HL620846465,H,L,6,2,0,8,4,6,4,6,5,,0,0,0,000000000,00000000000,0,0,0,1,0,0,0,0,0,0,0,999,0,1,5,6,6,2,12,0,0,0,1,1,36541,0,0,0,0,0,0,67,130,0,0,0,0,0,0,0,0,0,0,0,0,0,0,1,2,55,1,1,2,1,0,0,1,53,1,1,1,25,1,0
1,10708,1,2,2,19,12,12,52,12,6,1,0,28,1,20,403,20403,14,2007,1GNDT13S9721,1,G,N,D,T,1,3,S,9,7,2,1,0,0,0,000000000,00000000000,0,0,0,1,0,0,0,0,0,0,0,20,0,1,5,3,6,2,12,0,0,0,1,28,38629,6,1,0,0,3,0,999,999,98,0,0,0,0,0,0,0,0,0,38,0,0,0,2,2,55,1,1,2,1,20,3,1,17,1,1,1,87,1,0
1,10708,2,2,1,19,12,12,52,12,6,1,0,1,1,41,471,41471,30,1987,JM2UF2133H01,J,M,2,U,F,2,1,3,3,H,0,1,0,0,0,000000000,00000000000,0,0,0,1,0,0,0,0,0,0,0,55,0,0,0,12,6,2,12,0,0,0,1,1,35058,6,1,0,0,3,0,71,160,0,0,0,0,0,0,0,0,0,0,0,0,0,0,2,2,55,1,1,2,1,0,0,1,66,1,1,1,86,0,0
1,10709,1,2,1,19,12,21,40,12,6,1,0,1,2,14,6,14006,4,2000,2MEFM74W6YX6,2,M,E,F,M,7,4,W,6,Y,X,6,0,0,0,000000000,00000000000,0,0,0,1,0,0,0,0,0,0,0,70,0,1,5,4,6,2,12,0,0,0,1,1,35054,6,1,0,0,3,1,72,250,0,0,0,0,0,0,0,0,0,4,89,8,28,0,1,2,55,3,1,2,2,0,0,14,6,1,4,2,64,1,0
1,10709,2,2,1,19,12,21,40,12,6,1,0,1,1,7,482,7482,31,2008,1D7HA18N78J1,1,D,7,H,A,1,8,N,7,8,J,1,0,0,0,000000000,00000000000,0,0,0,1,0,0,0,0,0,0,0,55,0,0,0,12,6,2,12,0,0,0,1,1,36203,6,1,0,0,3,1,75,210,0,0,0,1,0,3,2012,3,2012,0,0,0,0,0,1,2,55,1,1,2,2,0,0,1,62,1,1,1,65,0,0
1,10710,1,1,1,19,12,23,20,8,0,1,1,99,9,99,999,99999,99,9999,999999999999,9,9,9,9,9,9,9,9,9,9,9,9,9,0,0,000000000,00000000000,0,0,0,1,0,0,0,0,0,0,0,999,0,0,0,98,9,5,8,0,0,0,1,99,99999,9,9,99,9,9,9,999,999,99,99,99,99,99,99,9999,99,9999,9,99,99,99,99,1,2,35,1,1,1,2,0,0,99,99,99,9,9,13,0,0
1,10711,1,1,1,20,12,2,15,8,0,1,0,1,1,20,37,20037,4,2010,1G1ZC5E00AF1,1,G,1,Z,C,5,E,0,0,A,F,1,0,0,0,000000000,00000000000,0,0,0,1,0,0,0,0,0,0,0,999,0,0,0,12,4,5,8,0,0,0,1,1,36736,6,1,0,0,3,0,68,180,0,0,0,0,0,0,0,0,0,0,0,0,0,0,1,2,45,1,6,2,2,0,0,1,80,1,1,1,13,0,0
1,10712,1,1,1,20,12,11,0,59,0,1,0,1,2,49,40,49040,4,2002,4T1BE32K32U5,4,T,1,B,E,3,2,K,3,2,U,5,0,0,0,000000000,00000000000,0,0,0,1,0,0,0,0,0,0,0,999,0,1,5,4,6,2,21,0,0,0,1,1,36571,6,7,0,0,3,2,74,170,1,0,0,0,0,9,2014,9,2014,0,73,0,0,0,1,2,40,3,1,2,2,0,0,14,9,4,2,4,2,1,0
1,10713,1,1,1,21,12,21,20,8,0,1,0,1,1,13,12,13012,4,2006,1LNFM87AX6Y6,1,L,N,F,M,8,7,A,X,6,Y,6,0,0,0,000000000,00000000000,0,0,0,1,0,0,0,0,0,0,0,45,0,0,0,12,0,5,8,0,0,0,1,1,35043,6,1,0,0,3,0,63,155,0,0,0,0,0,0,0,0,0,0,0,0,0,0,2,4,45,1,5,2,1,0,0,1,80,1,1,1,13,0,0
1,10714,1,1,1,18,12,5,30,8,0,1,0,1,1,85,881,85881,66,2007,1XKWDB9X27J1,1,X,K,W,D,B,9,X,2,7,J,1,1,1,57,1808791,571808791,3,6,3,1,0,0,0,0,0,0,0,999,0,0,0,3,2,5,8,0,0,0,1,1,36116,6,1,6,0,3,0,72,135,1,0,0,0,0,12,2012,12,2012,0,0,0,0,0,5,5,35,1,1,2,1,0,0,1,80,1,1,1,13,0,0
1,10715,1,2,1,23,12,17,50,12,8,1,0,1,1,12,481,12481,31,2000,1FTNW21L9YEA,1,F,T,N,W,2,1,L,9,Y,E,A,0,0,0,000000000,00000000000,0,0,0,1,0,0,0,0,0,0,0,45,0,0,0,11,6,2,12,0,0,0,1,1,35453,6,1,0,0,3,0,70,280,0,0,0,0,0,0,0,0,0,0,0,0,0,0,2,2,35,1,1,2,2,0,0,1,10,1,1,4,66,0,0
1,10715,2,2,1,23,12,17,50,12,8,1,0,1,1,12,17,12017,4,2006,1FAFP53U86A1,1,F,A,F,P,5,3,U,8,6,A,1,0,0,0,000000000,00000000000,0,0,0,1,0,0,0,0,0,0,0,999,0,0,0,11,6,2,12,0,0,0,1,1,35405,6,1,0,0,3,0,73,205,0,0,0,1,0,3,2012,3,2012,0,0,0,0,0,2,2,35,1,1,2,2,0,0,1,62,99,1,1,66,1,0
1,10716,1,1,2,27,12,17,25,42,0,1,0,1,1,14,401,14401,14,2000,4M2ZU66P1YUJ,4,M,2,Z,U,6,6,P,1,Y,U,J,0,0,0,000000000,00000000000,0,0,0,1,0,0,0,0,0,0,0,60,0,0,0,12,6,2,42,0,0,0,1,1,36280,6,1,0,0,3,0,74,263,0,0,0,0,0,0,0,0,0,3,0,0,0,0,1,2,40,3,6,2,2,0,0,14,13,6,1,4,1,1,0
1,10717,1,1,1,8,12,19,48,8,0,1,0,1,2,23,870,23870,61,2002,1GDJG31R4212,1,G,D,J,G,3,1,R,4,2,1,2,0,0,88,888888888,88888888888,2,1,1,1,0,0,0,0,0,0,0,999,0,0,0,1,4,5,8,0,0,0,1,1,35007,6,1,0,0,3,1,71,195,0,0,0,0,0,0,0,0,0,0,89,0,0,0,5,5,40,3,1,2,1,0,0,14,80,1,1,1,13,0,0
1,10718,1,3,2,18,12,16,40,12,6,1,0,1,1,30,42,30042,3,1997,3VWDA81H6VM0,3,V,W,D,A,8,1,H,6,V,M,0,0,0,0,000000000,00000000000,0,0,0,1,0,0,0,0,0,0,0,999,0,0,0,3,6,2,12,0,0,0,1,1,36870,0,0,0,0,0,0,69,195,0,0,0,0,0,0,0,0,0,0,8,28,0,0,5,5,45,1,1,2,1,0,0,15,6,1,4,2,64,2,0
1,10718,2,3,2,18,12,16,40,12,6,1,0,1,1,7,482,7482,31,1999,3B7HC13Y0XM5,3,B,7,H,C,1,3,Y,0,X,M,5,0,0,0,000000000,00000000000,0,0,0,1,0,0,0,0,0,0,0,45,0,0,0,12,6,2,12,0,0,0,1,1,36870,6,1,0,0,3,0,64,140,0,0,0,0,0,0,0,0,0,0,0,0,0,0,5,5,45,1,1,2,1,0,0,1,62,1,1,1,65,0,0
1,10718,3,3,1,18,12,16,40,12,6,1,0,1,1,20,1,20001,1,1969,136379A34214,1,3,6,3,7,9,A,3,4,2,1,4,0,0,0,000000000,00000000000,0,0,0,1,0,0,0,0,0,0,0,45,0,0,0,10,2,3,12,0,0,0,1,1,36870,6,1,0,0,3,0,75,250,0,0,0,1,0,3,2012,3,2012,0,0,0,0,0,5,5,45,1,1,2,1,0,0,1,60,1,1,1,98,0,0
1,10719,1,2,5,17,12,2,40,12,7,1,0,12,1,12,442,12442,20,2002,2FMZA51472BB,2,F,M,Z,A,5,1,4,7,2,B,B,0,0,0,000000000,00000000000,0,0,0,1,0,0,0,0,0,0,0,999,0,1,1,3,6,2,1,0,0,0,1,12,33463,6,1,0,0,3,0,60,999,0,0,0,0,0,0,0,0,0,0,58,0,0,0,3,2,70,1,5,2,1,0,0,6,9,6,1,2,44,1,0