STATE,ST_CASE,VEH_NO,VE_FORMS,NUMOCCS,DAY,MONTH,HOUR,MINUTE,HARM_EV,MAN_COLL,UNITTYPE,HIT_RUN,REG_STAT,OWNER,MAKE,MODEL,MAK_MOD,BODY_TYP,MOD_YEAR,VIN,VIN_1,VIN_2,VIN_3,VIN_4,VIN_5,VIN_6,VIN_7,VIN_8,VIN_9,VIN_10,VIN_11,VIN_12,TOW_VEH,J_KNIFE,MCARR_I1,MCARR_I2,MCARR_ID,GVWR,V_CONFIG,CARGO_BT,HAZ_INV,HAZ_PLAC,HAZ_ID,HAZ_CNO,HAZ_REL,BUS_USE,SPEC_USE,EMER_USE,TRAV_SP,UNDERIDE,ROLLOVER,ROLINLOC,IMPACT1,DEFORMED,TOWED,M_HARM,VEH_SC1,VEH_SC2,FIRE_EXP,DR_PRES,L_STATE,DR_ZIP,L_STATUS,L_TYPE,CDL_STAT,L_ENDORS,L_COMPL,L_RESTRI,DR_HGT,DR_WGT,PREV_ACC,PREV_SUS,PREV_DWI,PREV_SPD,PREV_OTH,FIRST_MO,FIRST_YR,LAST_MO,LAST_YR,SPEEDREL,DR_SF1,DR_SF2,DR_SF3,DR_SF4,VTRAFWAY,VNUM_LAN,VSPD_LIM,VALIGN,VPROFILE,VPAVETYP,VSURCOND,VTRAFCON,VTCONT_F,P_CRASH1,P_CRASH2,P_CRASH3,PCRASH4,PCRASH5,ACC_TYPE,DEATHS,DR_DRINK
4,40279,1,1,2,5,6,5,15,1,0,1,0,92,0,9,20,9020,4,1995,1P3ES67C0SD1,1,P,3,E,S,6,7,C,0,S,D,1,0,0,0,000000000,00000000000,0,0,0,1,0,0,0,0,0,0,0,998,0,1,5,0,6,2,1,0,0,0,1,99,99999,9,9,99,0,9,9,999,999,99,99,99,99,99,99,9999,99,9999,3,0,0,0,0,1,2,55,1,1,2,1,0,0,1,6,7,3,4,2,2,0
4,40280,1,3,1,5,6,14,9,12,6,1,0,4,3,7,472,7472,30,1998,1B7FL26X4WS7,1,B,7,F,L,2,6,X,4,W,S,7,0,0,0,000000000,00000000000,0,0,0,1,0,0,0,0,0,0,0,998,0,0,0,12,6,2,12,0,0,0,1,4,85756,6,1,0,0,3,0,69,120,0,0,0,1,0,7,2013,7,2013,0,39,0,0,0,2,4,45,1,1,8,1,3,3,1,17,1,1,1,86,0,0
4,40280,2,3,1,5,6,14,9,12,6,1,0,4,1,72,706,72706,80,2002,1HD1FBW122Y6,1,H,D,1,F,B,W,1,2,2,Y,6,0,0,0,000000000,00000000000,0,0,0,1,0,0,0,0,0,0,0,998,0,0,0,81,6,2,12,0,0,0,1,4,85739,6,1,0,0,3,0,73,185,0,0,0,0,0,0,0,0,0,0,0,0,0,0,1,4,45,1,1,8,1,3,3,1,66,99,1,1,87,1,1
4,40280,3,3,1,5,6,14,9,12,6,1,0,4,2,12,471,12471,30,2008,1FTZR15EX8PB,1,F,T,Z,R,1,5,E,X,8,P,B,0,0,0,000000000,00000000000,0,0,0,1,0,0,0,0,0,0,0,998,0,0,0,63,4,5,12,0,0,0,1,4,85742,6,1,0,0,3,0,65,140,0,0,0,0,0,0,0,0,0,0,0,0,0,0,2,3,45,1,1,8,1,3,3,3,62,1,1,1,98,0,0
4,40281,1,1,1,6,6,12,0,8,0,1,0,4,3,7,472,7472,30,1998,1B7GL22Y5WS5,1,B,7,G,L,2,2,Y,5,W,S,5,0,0,0,000000000,00000000000,0,0,0,1,0,0,0,0,0,0,0,38,0,0,0,12,2,5,8,0,0,0,1,4,86409,6,1,0,0,3,0,71,200,0,0,0,0,0,0,0,0,0,0,0,0,0,0,5,5,35,1,1,8,1,0,0,1,80,3,1,1,13,0,0
4,40282,1,2,1,6,6,21,14,12,6,1,0,4,1,20,32,20032,4,1997,1Y1SK5260VZ4,1,Y,1,S,K,5,2,6,0,V,Z,4,0,0,0,000000000,00000000000,0,0,0,1,0,0,0,0,0,0,0,10,0,0,0,9,6,2,12,0,0,0,1,4,85282,6,1,0,0,3,3,64,196,0,0,0,0,0,0,0,0,0,0,39,0,0,0,1,5,45,1,1,8,1,3,3,3,17,99,1,1,89,1,0
4,40282,2,2,2,6,6,21,14,12,6,1,0,4,2,20,431,20431,16,1997,3GNFK16RXVG1,3,G,N,F,K,1,6,R,X,V,G,1,0,0,0,000000000,00000000000,0,0,0,1,0,0,0,0,0,0,0,40,0,0,0,12,6,2,12,0,0,0,1,4,85040,6,1,0,0,3,0,73,190,0,0,0,0,0,0,0,0,0,0,0,0,0,0,1,7,45,1,1,8,1,3,3,1,66,99,1,1,88,0,0
4,40283,1,1,2,8,6,2,57,41,0,1,0,6,1,20,443,20443,20,2002,1GNDX03E52D2,1,G,N,D,X,0,3,E,5,2,D,2,0,0,0,000000000,00000000000,0,0,0,1,0,0,0,0,0,0,0,65,0,1,3,99,6,2,1,0,0,0,1,6,92530,6,1,0,0,3,0,61,129,0,0,0,0,0,0,0,0,0,4,0,0,0,0,3,3,65,1,1,2,1,0,0,1,12,99,1,4,6,1,0
4,40284,1,4,1,9,6,5,13,12,1,1,0,4,1,49,404,49404,14,2014,JTEBU4BF8EK1,J,T,E,B,U,4,B,F,8,E,K,1,0,0,0,000000000,00000000000,0,0,0,1,0,0,0,0,0,0,0,90,0,1,1,12,6,2,12,0,0,0,1,4,85205,6,1,0,0,3,0,65,138,0,1,0,4,1,7,2011,12,2013,3,0,0,0,0,1,6,45,1,1,8,1,3,3,1,50,99,1,1,20,0,0
4,40284,2,4,2,9,6,5,13,12,1,1,0,4,1,20,37,20037,4,2005,1G1ZT54835F1,1,G,1,Z,T,5,4,8,3,5,F,1,0,0,0,000000000,00000000000,0,0,0,1,0,0,0,0,0,0,0,0,0,1,1,6,6,2,12,0,0,0,1,4,85210,6,1,0,0,3,0,62,154,0,0,0,1,0,5,2014,5,2014,0,0,0,0,0,1,6,45,1,1,8,1,3,3,5,53,99,1,1,21,2,0
4,40284,3,4,1,9,6,5,13,12,1,1,0,4,1,55,401,55401,14,2003,KM8SC13D33U3,K,M,8,S,C,1,3,D,3,3,U,3,0,0,0,000000000,00000000000,0,0,0,1,0,0,0,0,0,0,0,0,0,1,1,6,6,2,12,0,0,0,1,4,85205,6,1,0,0,3,0,67,190,0,0,0,0,0,0,0,0,0,0,0,0,0,0,1,6,45,1,1,8,1,3,3,5,50,99,1,1,98,0,0
4,40284,4,4,1,9,6,5,13,12,1,1,0,4,2,12,481,12481,31,1998,1FTZX17W3WNC,1,F,T,Z,X,1,7,W,3,W,N,C,0,0,0,000000000,00000000000,0,0,0,1,0,0,0,0,0,0,0,0,0,0,0,61,6,2,12,0,0,0,1,4,85205,6,1,0,0,3,0,62,115,0,0,0,0,0,0,0,0,0,0,0,0,0,0,1,6,45,1,1,8,1,3,3,5,60,99,1,1,98,0,0
4,40285,1,1,1,9,6,22,14,33,0,1,0,4,1,22,22,22022,2,2006,1G2ZM1516642,1,G,2,Z,M,1,5,1,6,6,4,2,0,0,0,000000000,00000000000,0,0,0,1,0,0,0,0,0,0,0,998,0,0,0,82,4,3,43,0,0,0,1,4,85122,6,1,0,0,3,3,62,170,0,0,0,0,0,0,0,0,0,4,0,0,0,0,8,8,45,3,1,8,1,0,0,14,6,99,9,4,2,1,1
4,40286,1,1,1,10,6,5,39,25,0,1,0,4,1,9,442,9442,20,1990,2P4FH4533LR7,2,P,4,F,H,4,5,3,3,L,R,7,0,0,0,000000000,00000000000,0,0,0,1,0,0,0,0,0,0,0,45,0,0,0,12,6,2,25,0,0,0,1,4,85022,6,1,0,0,3,3,63,160,0,0,0,1,1,5,2014,5,2014,0,0,0,0,0,3,4,65,1,1,2,1,0,0,1,9,6,9,4,7,1,0
4,40287,1,1,2,11,6,4,45,1,0,1,0,4,2,32,42,32042,4,2002,WAULT64B22N0,W,A,U,L,T,6,4,B,2,2,N,0,0,0,0,000000000,00000000000,0,0,0,1,0,0,0,0,0,0,0,70,0,1,5,0,6,2,1,32,0,0,1,8,80461,6,2,0,0,3,3,71,130,0,0,0,0,0,0,0,0,0,4,39,0,0,0,1,2,45,3,1,2,1,20,3,14,6,3,2,4,2,1,1
4,40288,1,1,1,12,6,5,46,9,0,1,0,4,3,51,881,51881,66,2005,4V4NC9GH05N4,4,V,4,N,C,9,G,H,0,5,N,4,1,1,99,999999999,99999999999,3,6,98,1,0,0,0,0,0,0,0,5,0,0,0,12,2,5,9,0,0,0,1,4,85053,6,1,6,0,3,0,65,162,0,0,0,0,0,0,0,0,0,0,0,0,0,0,1,4,45,1,1,8,1,3,3,11,83,99,1,1,13,0,0
4,40289,1,1,1,15,6,23,27,24,0,1,0,4,2,24,1,24001,4,1999,1G8ZH5285XZ1,1,G,8,Z,H,5,2,8,5,X,Z,1,0,0,0,000000000,00000000000,0,0,0,1,0,0,0,0,0,0,0,998,0,1,3,12,6,2,1,0,0,0,1,4,85201,0,0,0,0,0,0,999,999,0,0,0,0,1,5,2014,5,2014,4,0,0,0,0,3,4,65,2,1,2,1,0,0,14,9,99,9,4,7,1,1
4,40290,1,1,1,16,6,5,8,50,0,1,0,4,2,55,33,55033,4,1999,KMHWF35V7XA1,K,M,H,W,F,3,5,V,7,X,A,1,0,0,0,000000000,00000000000,0,0,0,1,0,0,0,0,0,0,0,998,0,0,0,12,6,2,50,0,0,1,1,4,85207,6,1,0,0,3,0,74,175,0,0,0,0,0,0,0,0,0,0,99,99,99,99,3,3,65,3,1,2,1,0,0,14,13,1,1,4,1,1,0
4,40291,1,1,1,16,6,23,20,35,0,1,0,4,1,12,481,12481,31,2004,1FTSF31P34EA,1,F,T,S,F,3,1,P,3,4,E,A,0,0,0,000000000,00000000000,0,0,0,1,0,0,0,0,0,0,0,998,0,1,5,12,6,2,1,35,0,0,1,4,86441,6,1,0,0,3,0,72,250,0,1,0,2,2,12,2012,4,2013,4,0,0,0,0,1,2,45,2,1,5,1,0,0,14,12,99,1,4,6,1,1
4,40292,1,1,1,18,6,5,53,9,0,1,0,4,1,32,43,32043,4,2001,WAUDH68D41A0,W,A,U,D,H,6,8,D,4,1,A,0,0,0,0,000000000,00000000000,0,0,0,1,0,0,0,0,0,0,0,47,0,0,0,12,6,2,9,0,0,0,1,4,85710,6,1,0,0,3,0,68,170,0,2,0,1,0,5,2013,6,2013,9,91,39,0,0,2,2,35,1,1,8,1,0,0,1,84,99,1,2,13,0,0
4,40293,1,1,1,20,6,20,58,35,0,1,0,4,1,12,401,12401,14,1998,1FMZU34E5WZA,1,F,M,Z,U,3,4,E,5,W,Z,A,0,0,0,000000000,00000000000,0,0,0,1,0,0,0,0,0,0,0,75,0,1,5,12,6,2,1,0,0,0,1,4,86333,6,1,0,0,3,0,72,210,0,0,0,0,0,0,0,0,0,4,0,0,0,0,2,2,75,3,5,2,1,0,0,14,13,99,1,4,1,1,1
4,40294,1,1,1,21,6,11,51,41,0,1,0,4,3,41,45,41045,1,2013,JM1NC2PFXD02,J,M,1,N,C,2,P,F,X,D,0,2,0,0,0,000000000,00000000000,0,0,0,1,0,0,0,0,0,0,0,998,0,0,0,62,6,2,39,0,0,0,1,4,85009,6,1,0,0,3,3,70,130,1,0,0,0,1,3,2012,3,2012,0,0,0,0,0,6,2,50,1,6,2,1,0,0,1,12,99,1,4,6,1,0
4,40295,1,1,1,23,6,1,2,1,0,1,0,4,2,20,39,20039,4,2005,KL1TD52605B3,K,L,1,T,D,5,2,6,0,5,B,3,0,0,0,000000000,00000000000,0,0,0,1,0,0,0,0,0,0,0,998,0,1,5,0,6,2,1,0,0,0,1,4,86321,6,1,0,0,3,0,66,225,0,0,0,0,0,0,0,0,0,9,99,99,99,99,1,2,45,2,1,2,1,0,0,14,9,99,3,4,2,1,1
4,40296,1,1,3,24,6,14,50,24,0,1,0,4,2,7,472,7472,31,2002,1B7HL38X02S5,1,B,7,H,L,3,8,X,0,2,S,5,0,0,0,000000000,00000000000,0,0,0,1,0,0,0,0,0,0,0,998,0,1,6,12,6,2,1,0,0,0,1,4,85634,0,0,0,0,0,0,63,210,0,0,0,0,0,0,0,0,0,3,58,0,0,0,1,2,50,3,1,2,1,0,0,14,6,6,9,4,7,1,1
4,40297,1,2,1,24,6,17,34,12,2,1,0,4,1,13,1,13001,4,2005,1LNHM81W65Y6,1,L,N,H,M,8,1,W,6,5,Y,6,0,0,0,000000000,00000000000,0,0,0,1,0,0,0,0,0,0,0,65,0,0,0,12,6,2,12,0,0,0,1,4,85302,6,1,0,0,3,0,66,230,1,0,0,1,0,8,2013,9,2013,0,28,0,0,0,1,2,65,1,1,2,1,0,0,1,10,99,1,2,50,1,0
4,40297,2,2,2,24,6,17,34,12,2,1,0,4,1,37,421,37421,15,2012,5FNYF4H48CB0,5,F,N,Y,F,4,H,4,8,C,B,0,0,0,0,000000000,00000000000,0,0,0,1,0,0,0,0,0,0,0,65,0,0,0,12,6,2,12,0,0,0,1,4,85388,6,1,0,0,3,3,61,110,0,0,0,0,0,0,0,0,0,0,0,0,0,0,1,2,65,1,1,2,1,0,0,1,62,2,1,1,51,0,0
4,40298,1,1,2,26,6,8,24,8,0,1,0,4,1,20,443,20443,20,2000,1GNDX03E2YD3,1,G,N,D,X,0,3,E,2,Y,D,3,0,0,0,000000000,00000000000,0,0,0,1,0,0,0,0,0,0,0,30,0,0,0,12,2,5,8,32,0,0,1,4,85303,6,1,0,0,3,0,63,111,0,0,0,0,0,0,0,0,0,0,82,0,0,0,5,6,45,1,1,8,1,0,0,1,80,2,1,1,13,0,0
4,40299,1,2,1,26,6,20,27,12,7,1,0,4,2,59,32,59032,4,2004,JTHBN36F8401,J,T,H,B,N,3,6,F,8,4,0,1,0,0,0,000000000,00000000000,0,0,0,1,0,0,0,0,0,0,0,75,0,1,1,82,6,2,12,0,0,0,1,4,85629,6,1,0,0,3,0,63,100,0,0,0,2,0,10,2012,5,2013,9,99,99,99,99,2,2,75,1,1,2,1,0,0,15,11,99,1,2,46,1,0
4,40299,2,2,1,26,6,20,27,12,7,1,0,4,3,82,884,82884,66,1998,1FUYSSZB2WP9,1,F,U,Y,S,S,Z,B,2,W,P,9,1,1,57,0210067,570210067,3,6,3,1,0,0,0,0,0,0,0,70,0,0,0,63,2,5,12,0,0,0,1,4,85706,6,1,6,0,3,3,66,250,0,0,0,0,0,0,0,0,0,0,0,0,0,0,2,2,75,1,1,2,1,0,0,1,60,99,1,1,45,0,0
4,40300,1,2,1,27,6,7,21,1,0,1,0,4,1,20,4,20004,1,1988,1G1YY318XJ51,1,G,1,Y,Y,3,1,8,X,J,5,1,0,0,0,000000000,00000000000,0,0,0,1,0,0,0,0,0,0,0,10,0,0,0,82,6,2,12,0,0,0,1,38,58401,6,1,0,0,3,3,67,225,0,0,0,0,0,0,0,0,0,0,38,0,0,0,1,5,45,1,1,2,1,0,0,11,15,99,1,1,98,0,0
4,40300,2,2,1,27,6,7,21,1,0,1,0,4,1,73,706,73706,80,1996,JKAZXBD17TB5,J,K,A,Z,X,B,D,1,7,T,B,5,0,0,0,000000000,00000000000,0,0,0,1,0,0,0,0,0,0,0,60,0,0,0,0,6,2,12,0,0,0,1,4,85201,6,1,0,0,3,0,74,210,0,2,0,0,0,11,2012,11,2012,4,0,0,0,0,1,5,45,1,1,2,1,0,0,1,62,98,7,9,98,1,0
4,40301,1,1,3,28,6,0,17,8,0,1,0,4,1,55,35,55035,4,2002,KMHDN45DX2U3,K,M,H,D,N,4,5,D,X,2,U,3,0,0,0,000000000,00000000000,0,0,0,1,0,0,0,0,0,0,0,40,0,0,0,12,6,2,8,0,0,0,1,4,85042,6,1,0,0,3,0,64,103,0,0,0,0,0,0,0,0,0,0,0,0,0,0,2,3,40,1,1,8,1,0,0,1,80,1,1,1,13,0,1
4,40302,1,1,2,28,6,21,45,1,0,1,0,4,2,7,20,7020,4,1997,1B3ES27C9VD1,1,B,3,E,S,2,7,C,9,V,D,1,0,0,0,000000000,00000000000,0,0,0,1,0,0,0,0,0,0,0,998,0,1,5,0,6,2,1,0,0,0,1,4,85937,6,1,0,0,3,0,64,175,0,1,1,0,0,9,2011,3,2012,4,0,0,0,0,2,2,65,1,1,2,1,0,0,1,13,99,1,4,1,1,1
4,40303,1,1,1,28,6,23,25,53,0,1,0,99,9,99,739,99739,90,9999,999999999999,9,9,9,9,9,9,9,9,9,9,9,9,0,0,0,000000000,00000000000,0,0,0,1,0,0,0,0,0,0,0,25,0,1,5,99,8,9,1,0,0,0,1,4,85743,6,1,0,0,3,0,67,120,0,0,0,0,0,0,0,0,0,4,0,0,0,0,1,2,25,1,1,8,1,0,0,1,14,99,1,4,14,1,1
4,40304,1,2,1,30,6,4,58,12,1,1,0,4,1,35,47,35047,4,2005,1N4AL11D75N4,1,N,4,A,L,1,1,D,7,5,N,4,0,0,0,000000000,00000000000,0,0,0,1,0,0,0,0,0,0,0,55,3,0,0,12,6,2,12,0,0,0,1,4,85379,6,1,0,0,3,0,69,175,0,0,0,0,0,0,0,0,0,9,99,99,99,99,6,2,65,1,1,2,1,0,0,1,50,6,1,2,42,1,0
4,40304,2,2,0,30,6,4,58,12,1,1,0,4,6,51,884,51884,63,1999,4VMDCMHE7XN7,4,V,M,D,C,M,H,E,7,X,N,7,0,0,57,0018916,570018916,3,2,7,1,0,0,0,0,0,0,0,0,0,0,0,6,6,2,12,0,0,0,0,0,99997,7,6,97,7,6,7,998,997,998,998,998,998,998,98,9998,98,9998,8,54,20,0,0,6,2,65,1,1,2,1,0,0,0,98,0,0,0,42,0,0
4,40306,1,2,1,30,6,20,34,12,6,1,0,4,1,53,705,53705,80,1998,JS1GR7DA3W21,J,S,1,G,R,7,D,A,3,W,2,1,0,0,0,000000000,00000000000,0,0,0,1,0,0,0,0,0,0,0,100,0,0,0,12,6,2,12,0,0,0,1,4,85716,6,1,0,0,3,0,72,220,0,1,0,1,1,2,2013,6,2014,4,0,0,0,0,2,3,35,1,5,8,1,0,0,1,17,99,1,1,83,1,0
4,40306,2,2,2,30,6,20,34,12,6,1,0,92,0,41,37,41037,4,2000,1YVGF22C2Y51,1,Y,V,G,F,2,2,C,2,Y,5,1,0,0,0,000000000,00000000000,0,0,0,1,0,0,0,0,0,0,0,10,0,0,0,63,6,2,12,0,0,0,1,4,85712,6,1,0,0,3,0,74,165,0,0,0,0,0,0,0,0,0,0,0,0,0,0,1,2,35,1,1,8,1,0,0,11,66,1,1,1,82,0,0
4,40307,1,1,1,1,5,8,17,8,0,1,0,4,1,12,3,12003,2,1998,1FAFP4042WF2,1,F,A,F,P,4,0,4,2,W,F,2,0,0,0,000000000,00000000000,0,0,0,1,0,0,0,0,0,0,0,37,0,0,0,12,2,5,8,0,0,0,1,4,85051,6,1,0,0,3,0,60,195,0,0,0,0,0,0,0,0,0,0,0,0,0,0,5,6,40,1,1,2,1,0,0,1,80,8,1,1,13,0,0
4,40308,1,1,1,1,5,18,14,8,0,1,0,4,1,12,23,12023,4,2006,3FAFP06Z96R1,3,F,A,F,P,0,6,Z,9,6,R,1,0,0,0,000000000,00000000000,0,0,0,1,0,0,0,0,0,0,0,49,0,0,0,12,2,3,8,0,0,0,1,4,85019,6,1,0,0,3,0,66,200,0,1,0,0,0,10,2011,10,2011,0,0,0,0,0,5,6,45,1,1,2,1,0,0,1,82,7,1,3,13,0,0
4,40310,1,2,1,2,5,5,0,12,6,1,0,4,1,76,705,76705,80,1995,JYA3UUC06SA0,J,Y,A,3,U,U,C,0,6,S,A,0,0,0,0,000000000,00000000000,0,0,0,1,0,0,0,0,0,0,0,52,0,0,0,12,6,2,12,0,0,0,1,4,85119,2,1,0,0,2,0,74,280,0,8,0,4,4,1,2012,4,2014,3,24,0,0,0,1,4,40,1,1,8,1,3,3,1,17,3,2,1,69,1,0
4,40310,2,2,1,2,5,5,0,12,6,1,0,4,3,85,884,85884,66,2012,1XKDDP9X6CJ3,1,X,K,D,D,P,9,X,6,C,J,3,1,1,57,00387102,5700387102,3,6,1,1,0,0,0,0,0,0,0,5,0,0,0,2,2,5,12,0,0,0,1,4,85340,6,1,6,0,3,3,68,165,0,0,0,0,0,0,0,0,0,0,0,0,0,0,1,4,40,1,1,8,1,3,3,11,63,99,1,1,68,0,0
4,40311,1,1,1,2,5,5,19,8,0,1,0,4,1,35,47,35047,4,2013,1N4AL3AP5DN5,1,N,4,A,L,3,A,P,5,D,N,5,0,0,0,000000000,00000000000,0,0,0,1,0,0,0,0,0,0,0,998,0,0,0,12,6,2,8,0,0,0,1,4,85383,6,1,0,0,3,2,71,185,1,2,0,1,0,4,2013,7,2013,0,74,0,0,0,4,2,45,1,1,1,1,0,0,1,80,1,1,1,13,0,0
4,40312,1,1,2,3,5,4,10,23,0,1,0,4,2,20,481,20481,31,2004,1GCEC14X04Z3,1,G,C,E,C,1,4,X,0,4,Z,3,0,0,0,000000000,00000000000,0,0,0,1,0,0,0,0,0,0,0,50,0,0,0,12,6,2,2,0,0,1,1,4,85041,0,0,0,0,0,0,65,180,0,0,0,0,0,0,0,0,0,4,37,0,0,0,6,3,45,1,1,8,1,3,3,1,6,99,9,4,2,1,1
4,40313,1,1,2,4,5,11,29,5,0,1,0,99,9,99,999,99999,99,9999,999999999999,9,9,9,9,9,9,9,9,9,9,9,9,0,0,0,000000000,00000000000,0,0,0,1,0,0,0,0,0,0,0,999,0,0,0,0,0,9,5,0,0,0,1,99,99999,9,9,99,0,9,9,999,999,99,99,99,99,99,99,9999,99,9999,9,99,99,99,99,9,9,99,9,9,8,99,99,9,99,98,99,9,9,0,1,0
4,40314,1,1,2,6,5,9,49,1,0,1,0,4,2,12,22,12022,6,2005,1FMZK02155GA,1,F,M,Z,K,0,2,1,5,5,G,A,0,0,0,000000000,00000000000,0,0,0,1,0,0,0,0,0,0,0,88,0,1,5,0,6,2,1,0,0,0,1,4,85042,1,1,0,0,2,0,60,130,0,0,0,0,0,0,0,0,0,3,91,0,0,0,2,3,45,1,1,8,1,0,0,1,6,1,4,4,7,1,0
4,40315,1,2,5,7,5,15,51,12,6,1,0,4,1,7,24,7024,4,2007,2B3KA43R07H8,2,B,3,K,A,4,3,R,0,7,H,8,0,0,0,000000000,00000000000,0,0,0,1,0,0,0,0,0,0,0,11,0,0,0,82,6,2,12,0,0,0,1,4,85009,6,1,0,0,3,0,57,110,1,0,0,0,1,8,2012,8,2012,0,38,91,0,0,2,4,45,1,1,8,1,3,3,11,15,99,1,1,68,0,0
4,40315,2,2,3,7,5,15,51,12,6,1,0,4,1,20,2,20002,4,2011,2G1WB5EK7B12,2,G,1,W,B,5,E,K,7,B,1,2,0,0,0,000000000,00000000000,0,0,0,1,0,0,0,0,0,0,0,64,0,0,0,12,6,2,12,0,0,0,1,4,85035,6,1,0,0,3,0,71,185,0,0,0,1,1,9,2011,10,2012,0,0,0,0,0,2,4,45,1,1,8,1,3,3,1,62,10,1,1,69,1,0
4,40316,1,1,1,23,6,3,52,8,0,1,0,4,3,84,884,84884,62,2013,3HAMMAAL4DL1,3,H,A,M,M,A,A,L,4,D,L,1,0,0,57,2179357,572179357,2,1,1,1,0,0,0,0,0,0,0,65,0,0,0,12,2,5,8,0,0,0,1,4,85014,6,1,0,0,8,0,72,275,0,0,0,0,0,0,0,0,0,0,0,0,0,0,3,4,65,1,1,2,1,0,0,1,80,6,1,3,13,0,0
4,40317,1,1,2,10,5,2,26,8,0,1,0,4,1,13,1,13001,4,2004,1LNHM81W24Y6,1,L,N,H,M,8,1,W,2,4,Y,6,0,0,0,000000000,00000000000,0,0,0,1,0,0,0,0,0,0,0,21,0,0,0,12,2,5,8,0,0,0,1,4,85008,6,1,0,0,3,0,71,180,0,0,0,0,0,0,0,0,0,0,86,0,0,0,2,3,40,1,1,8,1,0,0,1,80,6,1,3,13,0,0
4,40318,1,2,1,16,5,22,53,12,1,1,0,4,1,37,402,37402,14,2008,JHLRE38348C0,J,H,L,R,E,3,8,3,4,8,C,0,0,0,0,000000000,00000000000,0,0,0,1,0,0,0,0,0,0,0,25,0,0,0,6,6,2,12,32,0,0,1,4,85254,6,1,0,0,3,0,62,168,0,0,0,0,0,0,0,0,0,0,99,99,99,99,2,3,45,8,1,8,1,3,3,10,16,99,1,1,78,1,0
4,40318,2,2,1,16,5,22,53,12,1,1,0,4,1,35,43,35043,4,2004,3N1CB51D44L4,3,N,1,C,B,5,1,D,4,4,L,4,0,0,0,000000000,00000000000,0,0,0,1,0,0,0,0,0,0,0,45,0,0,0,12,6,2,12,0,0,0,1,4,85022,6,1,0,0,3,0,62,107,0,0,0,0,0,0,0,0,0,0,0,0,0,0,2,3,45,8,1,8,1,3,3,1,65,99,1,1,79,0,0
4,40319,1,2,2,17,5,13,35,12,2,1,0,4,2,6,43,6043,4,2006,1C3EL46X16N2,1,C,3,E,L,4,6,X,1,6,N,2,0,0,0,000000000,00000000000,0,0,0,1,0,0,0,0,0,0,0,998,0,0,0,12,6,2,12,0,0,0,1,4,85029,6,1,0,0,3,0,73,240,0,0,0,0,0,0,0,0,0,0,28,0,0,0,1,2,65,1,1,2,1,0,0,1,10,99,1,2,50,1,0
4,40319,2,2,1,17,5,13,35,12,2,1,0,4,2,12,3,12003,2,2003,1FAFP40413F3,1,F,A,F,P,4,0,4,1,3,F,3,0,0,0,000000000,00000000000,0,0,0,1,0,0,0,0,0,0,0,998,0,0,0,12,6,2,12,0,0,0,1,4,86033,1,1,0,0,2,0,67,200,0,2,0,0,0,6,2012,6,2012,0,0,0,0,0,1,2,65,1,1,2,1,0,0,1,62,99,1,1,51,0,0
4,40320,1,3,3,17,5,20,57,12,6,1,0,4,1,2,404,2404,14,2002,1J4GX48S72C3,1,J,4,G,X,4,8,S,7,2,C,3,0,0,0,000000000,00000000000,0,0,0,1,0,0,0,0,0,0,0,16,0,0,0,82,6,2,12,0,0,0,1,4,85041,6,1,0,0,3,0,68,170,0,0,0,0,0,0,0,0,0,0,38,91,0,0,1,5,40,1,1,8,1,3,3,11,15,1,1,1,68,0,0
4,40320,2,3,1,17,5,20,57,12,6,1,0,4,1,73,705,73705,80,2008,JKAZX4J178A0,J,K,A,Z,X,4,J,1,7,8,A,0,0,0,0,000000000,00000000000,0,0,0,1,0,0,0,0,0,0,0,53,0,0,0,12,6,2,12,0,0,0,1,4,85028,6,1,0,0,3,3,70,225,0,0,0,0,0,0,0,0,0,0,0,0,0,0,1,5,40,1,1,8,1,3,3,1,62,12,1,1,69,1,0
4,40320,3,3,4,17,5,20,57,12,6,1,0,4,2,23,481,23481,31,1999,1GTGK29U9XZ5,1,G,T,G,K,2,9,U,9,X,Z,5,0,0,0,000000000,00000000000,0,0,0,1,0,0,0,0,0,0,0,0,0,0,0,12,8,3,12,0,0,0,1,4,85041,6,1,0,0,3,0,66,135,0,0,0,0,0,0,0,0,0,0,0,0,0,0,1,3,25,1,1,8,1,3,3,5,67,99,1,1,98,0,0
4,40321,1,1,1,21,5,23,21,8,0,1,0,4,1,7,402,7402,14,1999,1B4HS28Y0XF5,1,B,4,H,S,2,8,Y,0,X,F,5,0,0,0,000000000,00000000000,0,0,0,1,0,0,0,0,0,0,0,37,0,0,0,12,2,5,8,0,0,0,1,4,85128,6,1,0,0,3,0,69,185,0,4,0,1,0,5,2011,11,2013,0,0,0,0,0,2,3,40,1,1,8,1,0,0,1,80,99,1,1,13,0,0
4,40323,1,1,1,28,5,14,0,99,0,1,0,99,9,99,999,99999,99,9999,999999999999,9,9,9,9,9,9,9,9,9,9,9,9,0,0,0,000000000,00000000000,0,0,0,1,0,0,0,0,0,0,0,999,0,0,0,99,9,9,99,0,0,0,1,4,86034,6,1,0,0,3,3,69,165,0,1,0,0,0,6,2011,6,2011,9,99,99,99,99,9,9,99,9,9,2,99,99,9,99,99,99,9,9,99,1,0
4,40324,1,1,1,28,5,22,14,8,0,1,9,99,9,99,999,99999,99,9999,999999999999,9,9,9,9,9,9,9,9,9,9,9,9,0,0,0,000000000,00000000000,0,0,0,1,0,0,0,0,0,0,0,999,0,0,0,99,9,9,8,0,0,0,1,99,99999,9,9,99,9,9,9,999,999,99,99,99,99,99,99,9999,99,9999,9,99,99,99,99,9,9,99,9,9,2,99,99,9,99,82,99,9,9,13,0,0