STATE,ST_CASE,VEH_NO,VE_FORMS,NUMOCCS,DAY,MONTH,HOUR,MINUTE,HARM_EV,MAN_COLL,UNITTYPE,HIT_RUN,REG_STAT,OWNER,MAKE,MODEL,MAK_MOD,BODY_TYP,MOD_YEAR,VIN,VIN_1,VIN_2,VIN_3,VIN_4,VIN_5,VIN_6,VIN_7,VIN_8,VIN_9,VIN_10,VIN_11,VIN_12,TOW_VEH,J_KNIFE,MCARR_I1,MCARR_I2,MCARR_ID,GVWR,V_CONFIG,CARGO_BT,HAZ_INV,HAZ_PLAC,HAZ_ID,HAZ_CNO,HAZ_REL,BUS_USE,SPEC_USE,EMER_USE,TRAV_SP,UNDERIDE,ROLLOVER,ROLINLOC,IMPACT1,DEFORMED,TOWED,M_HARM,VEH_SC1,VEH_SC2,FIRE_EXP,DR_PRES,L_STATE,DR_ZIP,L_STATUS,L_TYPE,CDL_STAT,L_ENDORS,L_COMPL,L_RESTRI,DR_HGT,DR_WGT,PREV_ACC,PREV_SUS,PREV_DWI,PREV_SPD,PREV_OTH,FIRST_MO,FIRST_YR,LAST_MO,LAST_YR,SPEEDREL,DR_SF1,DR_SF2,DR_SF3,DR_SF4,VTRAFWAY,VNUM_LAN,VSPD_LIM,VALIGN,VPROFILE,VPAVETYP,VSURCOND,VTRAFCON,VTCONT_F,P_CRASH1,P_CRASH2,P_CRASH3,PCRASH4,PCRASH5,ACC_TYPE,DEATHS,DR_DRINK
4,40368,1,2,3,28,7,10,40,12,2,1,0,4,1,35,43,35043,4,2013,3N1AB7AP9DL6,3,N,1,A,B,7,A,P,9,D,L,6,0,0,0,000000000,00000000000,0,0,0,1,0,0,0,0,0,0,0,998,0,0,0,12,6,2,12,0,0,0,1,4,85350,6,1,0,0,3,0,59,105,0,0,0,2,0,8,2013,3,2014,0,35,0,0,0,1,2,50,1,1,8,1,0,0,6,54,6,1,1,52,2,0
4,40368,2,2,1,28,7,10,40,12,2,1,0,4,2,37,32,37032,4,1997,1HGCD5638VA1,1,H,G,C,D,5,6,3,8,V,A,1,0,0,0,000000000,00000000000,0,0,0,1,0,0,0,0,0,0,0,998,0,0,0,12,6,2,12,0,0,0,1,4,85349,6,1,0,0,3,0,67,400,0,0,0,0,0,0,0,0,0,0,0,0,0,0,1,2,50,1,1,8,1,0,0,1,50,7,1,1,52,1,0
4,40369,1,1,1,7,6,2,21,59,0,1,0,4,1,20,16,20016,4,1999,1G1JF52T0X71,1,G,1,J,F,5,2,T,0,X,7,1,0,0,0,000000000,00000000000,0,0,0,1,0,0,0,0,0,0,0,55,0,1,5,99,6,2,1,0,0,1,1,4,85650,6,1,0,0,3,3,72,175,0,0,0,0,0,0,0,0,0,3,89,0,0,0,5,5,55,1,1,2,1,0,0,1,9,99,4,4,7,1,1
4,40370,1,2,4,13,6,21,28,12,1,1,0,4,2,18,23,18023,4,2010,1G4HC5EM7AU1,1,G,4,H,C,5,E,M,7,A,U,1,0,0,0,000000000,00000000000,0,0,0,1,0,0,0,0,0,0,0,999,0,1,5,12,6,2,1,0,0,0,1,4,86044,1,1,0,0,2,3,68,190,0,1,0,0,0,4,2014,4,2014,4,91,26,0,0,1,2,65,1,1,2,1,0,0,1,51,99,1,1,24,0,1
4,40370,2,2,3,13,6,21,28,12,1,1,0,4,1,18,2,18002,4,2004,1G4HR54K3441,1,G,4,H,R,5,4,K,3,4,4,1,0,0,0,000000000,00000000000,0,0,0,1,0,0,0,0,0,0,0,999,0,1,5,6,6,2,1,0,0,0,1,4,86053,6,1,0,0,3,3,66,180,0,0,0,1,0,5,2012,5,2012,0,0,0,0,0,1,2,65,1,1,2,1,0,0,1,53,99,1,1,25,1,0
4,40371,1,1,2,16,6,21,41,35,0,1,0,41,2,12,401,12401,14,1998,1FMYU22X1WUB,1,F,M,Y,U,2,2,X,1,W,U,B,0,0,0,000000000,00000000000,0,0,0,1,0,0,0,0,0,0,0,70,0,1,3,12,6,2,1,0,0,0,1,41,97479,6,1,0,0,3,0,68,140,0,0,0,1,2,3,2013,1,2014,0,80,0,0,0,2,2,75,1,1,2,1,0,0,1,1,4,9,4,7,1,0
4,40372,1,2,2,17,6,12,50,12,2,1,0,4,3,20,422,20422,15,2004,1GNFK16ZX4J1,1,G,N,F,K,1,6,Z,X,4,J,1,0,0,0,000000000,00000000000,0,0,0,1,0,0,0,0,0,0,0,65,0,0,0,12,6,2,12,32,0,0,1,4,86033,6,1,0,0,3,0,71,170,0,0,0,0,0,0,0,0,0,4,6,35,0,0,1,2,65,1,1,2,1,40,3,6,54,1,1,1,52,1,0
4,40372,2,2,1,17,6,12,50,12,2,1,0,4,2,22,22,22022,4,2009,1G2ZG57B2941,1,G,2,Z,G,5,7,B,2,9,4,1,0,0,0,000000000,00000000000,0,0,0,1,0,0,0,0,0,0,0,40,0,0,0,12,6,2,12,0,0,0,1,4,86535,6,1,0,0,3,3,69,200,0,0,0,0,0,0,0,0,0,0,0,0,0,0,1,2,65,1,1,2,1,0,0,1,54,1,1,1,52,1,0
4,40373,1,3,1,19,6,22,0,12,8,1,0,4,2,7,482,7482,31,2002,3B7KC23632M2,3,B,7,K,C,2,3,6,3,2,M,2,1,3,0,000000000,00000000000,0,0,0,1,0,0,0,0,0,0,0,999,0,1,1,82,6,2,12,0,0,1,1,4,85543,6,1,6,0,3,1,75,220,0,0,0,0,1,1,2014,1,2014,5,28,0,0,0,1,2,65,2,1,2,1,0,0,14,10,99,1,2,66,0,0
4,40373,2,3,5,19,6,22,0,12,8,1,0,4,2,37,31,37031,4,1995,JHMEG8545SS0,J,H,M,E,G,8,5,4,5,S,S,0,0,0,0,000000000,00000000000,0,0,0,1,0,0,0,0,0,0,0,999,0,0,0,82,6,2,12,0,0,0,1,4,85530,1,1,0,0,2,0,69,217,0,2,0,0,0,8,2013,8,2013,0,0,0,0,0,1,2,65,3,1,2,1,0,0,14,63,6,1,2,66,4,0
4,40373,3,3,1,19,6,22,0,12,8,1,0,4,1,12,481,12481,31,2012,1FTFW1ET0CKD,1,F,T,F,W,1,E,T,0,C,K,D,0,0,0,000000000,00000000000,0,0,0,1,0,0,0,0,0,0,0,999,0,0,0,12,6,2,12,0,0,1,1,4,85326,6,1,0,0,3,0,78,210,0,0,0,1,0,4,2014,4,2014,0,0,0,0,0,1,2,65,3,1,2,1,0,0,14,62,1,1,1,98,0,0
4,40374,1,2,2,20,6,18,57,12,6,1,0,48,2,12,23,12023,4,2013,3FA6P0LU7DR1,3,F,A,6,P,0,L,U,7,D,R,1,0,0,0,000000000,00000000000,0,0,0,1,0,0,0,0,0,0,0,45,0,0,0,81,6,2,12,32,0,0,1,48,79928,6,1,0,0,3,0,999,999,0,0,0,0,0,0,0,0,0,0,39,0,0,0,1,3,45,1,1,8,1,4,3,1,17,99,1,1,87,1,0
4,40374,2,2,1,20,6,18,57,12,6,1,0,4,3,12,881,12881,63,2012,3FRPF7FL7CV3,3,F,R,P,F,7,F,L,7,C,V,3,0,0,57,41539,5741539,3,1,3,1,0,0,0,0,0,0,0,35,0,0,0,12,6,2,12,0,0,0,1,4,85344,6,1,6,0,3,3,67,144,0,0,0,2,0,6,2012,6,2012,0,0,0,0,0,1,4,35,1,1,8,1,4,3,1,66,2,1,1,86,0,0
4,40375,1,1,2,23,6,0,40,43,0,1,0,99,9,99,999,99999,99,9999,999999999999,9,9,9,9,9,9,9,9,9,9,9,9,0,0,0,000000000,00000000000,0,0,0,1,0,0,0,0,0,0,0,999,0,0,0,12,9,9,43,0,0,0,1,4,86409,1,1,0,0,2,0,75,225,0,0,0,0,0,0,0,0,0,9,99,99,99,99,9,9,99,9,9,8,99,99,9,99,99,99,9,4,99,1,0
4,40376,1,1,1,28,6,5,44,43,0,1,0,4,1,76,706,76706,80,2013,JYARN23E5DA0,J,Y,A,R,N,2,3,E,5,D,A,0,0,0,0,000000000,00000000000,0,0,0,1,0,0,0,0,0,0,0,119,0,0,0,12,6,2,43,0,0,0,1,4,85339,6,1,0,0,3,0,71,200,0,0,0,1,0,5,2012,5,2012,3,0,0,0,0,1,2,45,1,1,2,1,0,0,1,6,1,5,4,7,1,1
4,40377,1,2,1,3,7,14,44,12,1,1,0,4,1,72,706,72706,80,2007,1HD1GM4167K3,1,H,D,1,G,M,4,1,6,7,K,3,0,0,0,000000000,00000000000,0,0,0,1,0,0,0,0,0,0,0,45,0,0,0,12,6,2,12,0,0,0,1,4,85139,6,1,0,0,3,3,67,150,0,0,0,0,0,0,0,0,0,4,84,0,0,0,5,4,45,1,1,2,1,0,0,1,51,2,1,1,24,1,0
4,40377,2,2,1,3,7,14,44,12,1,1,0,35,3,84,881,84881,66,1999,2HSFHAMR5XC0,2,H,S,F,H,A,M,R,5,X,C,0,1,1,57,1086616,571086616,3,6,8,1,0,0,0,0,0,0,0,20,0,0,0,6,2,5,12,0,0,0,1,96,0,6,1,6,1,3,9,999,999,99,99,99,99,99,99,9999,99,9999,0,91,0,0,0,5,4,45,1,1,2,1,0,0,1,53,1,1,1,25,0,0
4,40378,1,2,2,1,5,22,18,25,0,1,0,4,1,12,3,12003,2,1997,1FALP4049VF1,1,F,A,L,P,4,0,4,9,V,F,1,0,0,0,000000000,00000000000,0,0,0,1,0,0,0,0,0,0,0,998,0,0,0,82,6,2,12,0,0,0,1,4,85256,6,1,0,0,3,0,64,157,0,0,0,0,0,0,0,0,0,4,0,0,0,0,2,2,45,3,1,2,1,0,0,14,13,99,1,4,1,1,1
4,40378,2,2,1,1,5,22,18,25,0,1,0,4,1,20,421,20421,15,2002,1GNEK13ZX2R1,1,G,N,E,K,1,3,Z,X,2,R,1,0,0,0,000000000,00000000000,0,0,0,1,0,0,0,0,0,0,0,998,0,0,0,12,6,2,12,0,0,0,1,4,85256,6,1,0,0,3,0,69,250,0,0,0,0,0,0,0,0,0,0,0,0,0,0,2,2,45,2,1,2,1,0,0,14,62,99,1,1,98,0,0
4,40379,1,2,1,1,7,8,26,12,6,1,0,4,1,14,36,14036,6,1991,3MAPM15J7MR6,3,M,A,P,M,1,5,J,7,M,R,6,0,0,0,000000000,00000000000,0,0,0,1,0,0,0,0,0,0,0,45,0,0,0,12,6,2,12,35,0,0,1,4,85272,6,1,0,0,3,1,51,129,0,0,0,0,0,0,0,0,0,0,39,0,0,0,2,3,45,1,1,2,1,2,3,1,17,99,1,1,86,1,0
4,40379,2,2,1,1,7,8,26,12,6,1,0,4,3,98,804,98804,63,2008,5KKHAEDE58PA,5,K,K,H,A,E,D,E,5,8,P,A,0,0,88,888888888,88888888888,3,2,2,1,0,0,0,0,0,0,0,35,0,0,0,3,6,2,12,0,0,0,1,4,85222,6,1,6,1,3,3,67,300,0,4,0,0,0,1,2013,1,2014,0,0,0,0,0,1,3,45,1,1,2,1,2,3,1,66,3,1,1,87,0,0
4,40380,1,1,1,11,7,16,48,9,0,1,1,4,3,20,481,20481,31,2005,1GCEC14T15Z3,1,G,C,E,C,1,4,T,1,5,Z,3,0,0,0,000000000,00000000000,0,0,0,1,0,0,0,0,0,0,0,998,0,0,0,82,2,5,9,0,0,0,1,4,85208,6,1,0,0,3,0,69,175,1,5,0,2,0,7,2013,4,2014,0,91,27,0,0,2,3,60,1,1,2,1,0,0,15,83,1,1,2,13,0,0
4,40381,1,1,1,19,7,18,40,8,0,1,0,4,1,12,16,12016,4,2004,2FAFP73W94X1,2,F,A,F,P,7,3,W,9,4,X,1,0,0,0,000000000,00000000000,0,0,0,1,0,0,0,0,0,0,0,35,0,0,0,12,2,5,8,0,0,0,1,4,85718,6,1,0,0,3,0,65,200,0,0,0,1,0,7,2014,7,2014,0,0,0,0,0,5,3,45,1,1,8,1,0,0,1,80,1,1,1,13,0,0
4,40382,1,2,1,27,7,11,45,12,6,1,0,4,1,76,709,76709,80,1978,1E6206400,1,E,6,2,0,6,4,0,0,,,,0,0,0,000000000,00000000000,0,0,0,1,0,0,0,0,0,0,0,41,0,0,0,63,6,2,12,0,0,0,1,4,85086,6,1,0,0,3,3,71,200,0,0,0,0,0,0,0,0,0,0,39,0,0,0,1,2,45,1,1,2,1,20,3,1,17,99,1,1,89,1,0
4,40382,2,2,1,27,7,11,45,12,6,1,0,4,1,12,471,12471,30,2001,1FTYR14E41PB,1,F,T,Y,R,1,4,E,4,1,P,B,0,0,0,000000000,00000000000,0,0,0,1,0,0,0,0,0,0,0,42,0,0,0,12,6,2,12,0,0,0,1,4,85331,6,1,0,0,3,3,62,127,0,0,0,0,0,0,0,0,0,0,39,0,0,0,1,2,45,1,1,2,1,20,3,1,17,3,1,1,88,0,0
4,40383,1,1,2,26,7,17,45,1,0,1,0,4,2,98,734,98734,90,2004,4XAGJ50A2425,4,X,A,G,J,5,0,A,2,4,2,5,0,0,0,000000000,00000000000,0,0,0,1,0,0,0,0,0,0,0,25,0,1,5,0,6,2,1,0,0,0,1,4,85225,6,1,0,0,3,0,70,170,0,0,0,0,0,0,0,0,0,4,89,82,0,0,1,2,15,3,6,5,1,0,0,14,5,99,4,4,2,1,1
4,40384,1,1,1,1,8,19,58,8,0,1,0,4,2,23,431,23431,16,2001,1GKFK66U21J2,1,G,K,F,K,6,6,U,2,1,J,2,0,0,0,000000000,00000000000,0,0,0,1,0,0,0,0,0,0,0,50,0,0,0,12,6,2,8,0,0,0,1,4,85022,6,1,0,0,3,0,67,185,0,0,0,0,0,0,0,0,0,4,38,91,0,0,5,7,35,1,1,2,1,0,0,1,80,1,1,1,13,0,0
4,40385,1,1,2,1,8,7,0,1,0,1,0,4,1,2,405,2405,14,2005,1J4GL48KX5W7,1,J,4,G,L,4,8,K,X,5,W,7,0,0,0,000000000,00000000000,0,0,0,1,0,0,0,0,0,0,0,60,0,1,5,0,6,2,1,0,0,0,1,4,85901,6,1,0,0,3,0,72,210,0,0,0,0,0,0,0,0,0,4,89,0,0,0,1,3,55,2,6,2,2,40,3,14,6,6,3,4,2,1,0
4,40386,1,2,1,1,8,20,10,12,6,1,0,4,1,58,37,58037,4,2003,JNKCV51E23M3,J,N,K,C,V,5,1,E,2,3,M,3,0,0,0,000000000,00000000000,0,0,0,1,0,0,0,0,0,0,0,10,0,0,0,63,4,5,12,0,0,0,1,4,85295,6,1,0,0,3,0,64,134,0,0,0,0,0,0,0,0,0,0,38,0,0,0,8,8,45,1,1,8,1,20,3,11,15,99,1,1,82,0,0
4,40386,2,2,1,1,8,20,10,12,6,1,0,4,1,76,706,76706,80,2007,JYARN20E57A0,J,Y,A,R,N,2,0,E,5,7,A,0,0,0,0,000000000,00000000000,0,0,0,1,0,0,0,0,0,0,0,45,0,0,0,12,6,2,12,0,0,0,1,4,85233,6,1,0,0,3,3,71,198,1,0,0,3,1,3,2012,5,2014,0,0,0,0,0,8,8,45,1,1,8,1,0,0,1,67,99,1,1,83,1,0
4,40387,1,2,1,1,8,23,19,12,6,1,0,4,1,49,472,49472,30,2005,5TEUU42N25Z0,5,T,E,U,U,4,2,N,2,5,Z,0,0,0,0,000000000,00000000000,0,0,0,1,0,0,0,0,0,0,0,65,0,1,5,61,6,2,1,0,0,0,1,4,85745,6,1,0,0,3,3,64,138,0,0,0,0,0,0,0,0,0,0,0,0,0,0,2,2,65,1,1,2,1,0,0,1,9,99,9,4,98,1,0
4,40387,2,2,1,1,8,23,19,12,6,1,0,6,1,35,50,35050,4,2013,3N1CN7AP1DL8,3,N,1,C,N,7,A,P,1,D,L,8,0,0,0,000000000,00000000000,0,0,0,1,0,0,0,0,0,0,0,65,0,0,0,12,6,2,12,0,0,0,1,6,95215,6,1,0,0,3,0,75,170,0,0,0,0,0,0,0,0,0,0,0,0,0,0,2,2,65,1,1,2,1,0,0,1,62,1,1,1,98,0,0
4,40388,1,2,1,2,8,7,40,12,1,1,0,4,4,7,26,7026,4,2013,1C3CDZAB3DN6,1,C,3,C,D,Z,A,B,3,D,N,6,0,0,0,000000000,00000000000,0,0,0,1,0,0,0,0,0,0,0,71,0,0,0,12,6,2,12,0,0,0,1,4,85208,6,1,0,0,3,3,66,180,0,0,0,0,0,0,0,0,0,3,39,91,0,0,1,5,45,1,1,2,1,3,3,1,50,99,1,1,20,0,0
4,40388,2,2,1,2,8,7,40,12,1,1,0,4,1,37,703,37703,88,1986,JH2KF0120GK1,J,H,2,K,F,0,1,2,0,G,K,1,0,0,0,000000000,00000000000,0,0,0,1,0,0,0,0,0,0,0,0,0,0,0,6,6,2,12,0,0,0,1,4,85206,6,1,0,0,2,0,72,350,0,0,0,0,0,0,0,0,0,0,89,0,0,0,1,5,45,1,1,2,1,3,3,5,53,99,1,1,21,1,0
4,40389,1,1,1,3,8,6,8,18,0,1,0,4,2,20,37,20037,4,2011,1G1ZB5E16BF1,1,G,1,Z,B,5,E,1,6,B,F,1,0,0,0,000000000,00000000000,0,0,0,1,0,0,0,0,0,0,0,55,0,0,0,12,6,2,18,0,0,0,1,4,85027,6,1,0,0,3,3,70,170,0,0,0,0,0,0,0,0,0,4,28,0,0,0,1,2,25,1,1,8,1,0,0,1,90,99,1,1,12,1,1
4,40390,1,1,1,3,8,7,9,33,0,1,0,4,1,35,47,35047,4,2008,1N4AL21EX8C2,1,N,4,A,L,2,1,E,X,8,C,2,0,0,0,000000000,00000000000,0,0,0,1,0,0,0,0,0,0,0,90,0,0,0,99,6,2,42,0,0,0,1,4,85711,1,1,0,0,2,0,72,170,0,11,0,2,1,8,2011,6,2014,3,0,0,0,0,2,2,45,1,1,8,1,0,0,6,6,6,3,4,7,1,1
4,40391,1,2,3,7,8,10,45,12,99,1,0,6,1,37,32,37032,4,2006,JHMCM56136C0,J,H,M,C,M,5,6,1,3,6,C,0,0,0,0,000000000,00000000000,0,0,0,1,0,0,0,0,0,0,0,80,0,0,0,99,6,2,12,0,0,0,1,6,91307,6,1,0,0,3,3,64,125,0,0,0,0,0,0,0,0,0,0,0,0,0,0,2,2,75,1,1,2,1,0,0,1,99,99,9,4,99,3,0
4,40391,2,2,4,7,8,10,45,12,99,1,0,4,2,37,32,37032,4,2004,1HGCM56314A1,1,H,G,C,M,5,6,3,1,4,A,1,0,0,0,000000000,00000000000,0,0,0,1,0,0,0,0,0,0,0,75,0,0,0,99,6,2,12,0,0,0,1,4,86047,6,1,0,0,3,3,60,115,0,0,0,0,0,0,0,0,0,0,0,0,0,0,2,2,75,1,1,2,1,0,0,15,99,99,9,9,99,1,0
4,40392,1,1,1,8,8,11,27,35,0,1,0,4,2,20,37,20037,4,2005,1G1ND52F45M1,1,G,1,N,D,5,2,F,4,5,M,1,0,0,0,000000000,00000000000,0,0,0,1,0,0,0,0,0,0,0,65,0,1,5,99,6,2,1,0,0,0,1,4,86043,6,1,0,0,3,0,60,137,0,0,0,0,0,0,0,0,0,3,0,0,0,0,1,2,65,3,1,2,1,0,0,14,6,99,9,4,7,1,1
4,40393,1,1,1,8,8,20,32,15,0,1,0,4,1,18,7,18007,4,2003,2G4WS52J6312,2,G,4,W,S,5,2,J,6,3,1,2,0,0,0,000000000,00000000000,0,0,0,1,0,0,0,0,0,0,0,43,0,0,0,12,2,5,15,0,0,0,1,4,85345,6,1,0,0,3,0,62,150,0,0,0,0,1,6,2012,6,2012,0,99,99,99,99,1,7,40,1,1,8,1,0,0,1,83,3,2,1,13,0,0
4,40394,1,1,1,10,8,11,23,35,0,1,0,4,1,12,481,12481,31,2001,3FTNW21FX1MA,3,F,T,N,W,2,1,F,X,1,M,A,0,0,0,000000000,00000000000,0,0,0,1,0,0,0,0,0,0,0,998,0,1,5,12,6,2,1,0,0,0,1,4,86314,6,1,0,0,3,0,76,255,0,0,0,0,0,0,0,0,0,0,80,0,0,0,1,2,65,1,1,2,1,0,0,99,1,99,9,4,7,1,0
4,40395,1,2,1,11,8,3,42,1,0,1,0,18,3,84,884,84884,66,2011,3HSDJSJR0BN3,3,H,S,D,J,S,J,R,0,B,N,3,1,1,57,0063815,570063815,3,6,1,1,0,0,0,0,0,0,0,998,0,1,3,0,6,2,12,0,0,1,1,18,46241,6,1,6,0,3,3,72,200,0,0,0,0,0,0,0,0,0,9,99,99,99,99,2,2,65,1,1,2,1,0,0,99,12,1,1,4,6,1,0
4,40395,2,2,1,11,8,3,42,1,0,1,0,6,2,30,42,30042,5,2011,WVWHD7AJ2BW2,W,V,W,H,D,7,A,J,2,B,W,2,0,0,0,000000000,00000000000,0,0,0,1,0,0,0,0,0,0,0,998,0,0,0,99,6,2,2,0,0,1,1,6,92027,6,1,0,0,3,3,73,145,0,0,0,0,0,0,0,0,0,9,99,99,99,99,2,2,65,1,1,2,1,0,0,1,62,99,9,9,98,1,0
4,40396,1,2,2,14,8,9,16,12,6,1,0,92,0,35,471,35471,30,1980,HG720214653,H,G,7,2,0,2,1,4,6,5,3,,0,0,0,000000000,00000000000,0,0,0,1,0,0,0,0,0,0,0,998,0,0,0,81,6,2,12,0,0,0,1,4,85746,0,0,0,0,0,0,66,200,0,0,0,0,0,0,0,0,0,0,39,0,0,0,1,3,35,1,1,8,1,3,3,1,17,99,1,1,87,1,0
4,40396,2,2,1,14,8,9,16,12,6,1,0,4,4,82,881,82881,62,2014,3ALACWDT0EDF,3,A,L,A,C,W,D,T,0,E,D,F,0,0,57,198068,57198068,2,1,1,1,0,0,0,0,0,0,0,998,0,0,0,12,6,2,12,0,0,0,1,4,85735,6,1,3,0,2,2,68,160,0,6,0,0,0,12,2011,9,2013,0,74,0,0,0,2,3,40,1,1,8,1,3,3,1,66,1,1,1,86,0,0
4,40397,1,3,1,14,8,17,59,12,6,1,0,6,3,82,881,82881,66,2010,1FUJBBCK2ADA,1,F,U,J,B,B,C,K,2,A,D,A,1,1,57,0248259,570248259,3,6,1,1,0,0,0,0,0,0,0,998,0,0,0,2,6,2,12,0,0,0,1,6,91605,6,1,6,0,3,0,71,190,0,0,0,0,0,0,0,0,0,0,39,0,0,0,1,2,98,1,1,2,1,20,3,1,17,1,1,1,87,0,0
4,40397,2,3,1,14,8,17,59,12,6,1,0,4,1,49,32,49032,4,2007,JTDBR32E2701,J,T,D,B,R,3,2,E,2,7,0,1,0,0,0,000000000,00000000000,0,0,0,1,0,0,0,0,0,0,0,998,0,0,0,12,6,2,12,0,0,0,1,4,85392,6,1,0,0,3,0,59,98,0,0,0,1,0,7,2014,7,2014,0,84,0,0,0,2,4,55,1,1,2,1,0,0,1,66,4,2,1,86,1,0
4,40397,3,3,2,14,8,17,59,12,6,1,0,6,1,49,472,49472,30,2013,3TMKU4HN8DM0,3,T,M,K,U,4,H,N,8,D,M,0,0,0,0,000000000,00000000000,0,0,0,1,0,0,0,0,0,0,0,998,0,0,0,12,6,2,12,0,0,0,1,6,91977,6,1,0,0,3,0,66,180,0,0,0,0,0,0,0,0,0,0,84,0,0,0,2,4,55,1,1,2,1,0,0,1,66,4,2,1,98,0,0
4,40398,1,1,1,15,8,3,7,25,0,1,0,4,2,20,404,20404,14,2011,2GNALBEC2B13,2,G,N,A,L,B,E,C,2,B,1,3,0,0,0,000000000,00000000000,0,0,0,1,0,0,0,0,0,0,0,998,0,1,5,12,6,2,1,32,0,0,1,4,85324,6,1,0,0,3,0,68,200,0,0,0,0,0,0,0,0,0,0,51,0,0,0,6,1,75,3,1,2,1,0,0,14,13,99,1,4,1,1,0
4,40399,1,1,1,15,8,20,9,1,0,1,0,4,1,2,404,2404,14,1994,1J4FJ68S3RL2,1,J,4,F,J,6,8,S,3,R,L,2,0,0,0,000000000,00000000000,0,0,0,1,0,0,0,0,0,0,0,998,0,1,5,0,6,2,1,0,0,0,1,4,85924,6,1,0,0,3,3,68,160,0,0,0,0,0,0,0,0,0,0,0,0,0,0,1,2,55,1,1,2,1,0,0,6,6,10,4,4,7,1,1
4,40400,1,1,2,15,8,23,18,1,0,1,0,4,2,58,37,58037,4,2007,JNKBV61E07M7,J,N,K,B,V,6,1,E,0,7,M,7,0,0,0,000000000,00000000000,0,0,0,1,0,0,0,0,0,0,0,998,0,1,5,0,6,2,1,0,0,0,1,4,85308,6,1,0,0,3,0,74,127,0,0,0,0,0,0,0,0,0,3,91,0,0,0,3,4,65,1,1,2,1,0,0,1,6,2,5,4,2,1,0
4,40401,1,1,1,17,8,11,47,35,0,1,0,4,2,37,706,37706,80,2000,1HFSC4314YA0,1,H,F,S,C,4,3,1,4,Y,A,0,0,0,0,000000000,00000000000,0,0,0,1,0,0,0,0,0,0,0,25,0,0,0,12,6,2,1,0,0,0,1,41,97266,6,1,0,0,3,0,70,160,0,1,0,0,1,5,2013,4,2014,0,0,0,0,0,1,2,25,3,6,2,1,0,0,14,13,99,1,4,1,1,1
4,40402,1,1,1,17,8,12,54,35,0,1,0,4,1,37,705,37705,80,2006,JH2RC44496M0,J,H,2,R,C,4,4,4,9,6,M,0,0,0,0,000000000,00000000000,0,0,0,1,0,0,0,0,0,0,0,65,0,0,0,12,6,2,1,0,0,0,1,4,85083,6,1,0,0,3,0,70,186,0,0,0,0,0,0,0,0,0,4,89,0,0,0,2,2,65,1,6,2,1,0,0,1,12,1,1,4,6,1,0
4,40403,1,1,1,19,8,5,23,42,0,1,0,4,1,18,2,18002,4,2002,1G4HP54K12U1,1,G,4,H,P,5,4,K,1,2,U,1,0,0,0,000000000,00000000000,0,0,0,1,0,0,0,0,0,0,0,75,0,1,5,12,6,2,1,0,0,0,1,4,85712,1,1,0,0,2,0,77,200,0,4,0,2,0,8,2012,8,2014,0,0,0,0,0,2,2,75,1,1,2,1,0,0,1,13,99,1,4,1,1,0
4,40404,1,1,1,20,8,13,6,9,0,1,0,4,2,20,2,20002,4,2000,2G1WF52E7Y92,2,G,1,W,F,5,2,E,7,Y,9,2,0,0,0,000000000,00000000000,0,0,0,1,0,0,0,0,0,0,0,37,0,0,0,12,4,5,9,0,0,0,1,4,85711,1,1,0,0,2,1,68,145,0,4,0,0,2,10,2011,4,2014,0,0,0,0,0,2,4,40,1,1,2,1,3,3,1,83,4,1,1,13,0,0
4,40405,1,1,2,21,8,12,15,1,0,1,0,6,2,12,401,12401,14,2002,1FMYU60E42UB,1,F,M,Y,U,6,0,E,4,2,U,B,6,1,0,000000000,00000000000,0,0,0,1,0,0,0,0,0,0,0,45,0,1,5,0,6,2,1,0,0,0,1,6,90301,6,1,0,0,3,0,69,174,0,0,0,0,0,0,0,0,0,4,58,88,0,0,2,1,75,1,1,2,1,40,3,1,6,99,5,4,2,1,0
4,40406,1,1,1,23,8,5,4,3,0,1,0,4,1,49,401,49401,14,2005,JTEZU14R5500,J,T,E,Z,U,1,4,R,5,5,0,0,0,0,0,000000000,00000000000,0,0,0,1,0,0,0,0,0,0,0,40,0,1,5,0,6,2,3,0,0,0,1,4,85364,6,1,0,0,3,0,66,300,0,0,0,0,0,0,0,0,0,0,39,0,0,0,1,2,50,1,1,4,1,20,3,1,12,99,1,4,0,1,1
4,40408,1,2,3,24,8,23,56,12,6,1,0,4,1,7,482,7482,31,2013,3C6JR6AT4DG5,3,C,6,J,R,6,A,T,4,D,G,5,0,0,0,000000000,00000000000,0,0,0,1,0,0,0,0,0,0,0,998,0,0,0,12,6,2,12,0,0,0,1,4,85326,6,1,0,0,3,0,68,180,1,0,0,3,1,5,2012,6,2014,0,39,0,0,0,1,2,50,1,1,2,1,20,3,1,17,99,1,1,86,0,1
4,40408,2,2,2,24,8,23,56,12,6,1,0,4,2,30,47,30047,3,2006,3VWPG31C66M4,3,V,W,P,G,3,1,C,6,6,M,4,0,0,0,000000000,00000000000,0,0,0,1,0,0,0,0,0,0,0,998,0,0,0,81,6,2,12,0,0,0,1,4,85020,6,1,0,0,3,0,63,170,0,0,0,0,0,0,0,0,0,0,0,0,0,0,2,4,55,1,1,2,1,0,0,1,66,99,1,1,87,1,0
4,40409,1,4,1,25,8,11,2,12,1,1,0,6,1,82,881,82881,66,2007,1FUJA6CK97LU,1,F,U,J,A,6,C,K,9,7,L,U,1,3,57,1255951,571255951,3,6,1,1,0,0,0,0,0,0,0,60,0,0,0,12,6,2,12,0,0,0,1,6,93662,6,1,6,0,3,0,67,169,0,0,0,0,0,0,0,0,0,4,84,0,0,0,2,2,75,1,6,2,1,50,3,2,50,3,2,1,20,0,0
4,40409,2,4,2,25,8,11,2,12,1,1,0,48,4,20,405,20405,14,2014,3GNAL3EK0ES6,3,G,N,A,L,3,E,K,0,E,S,6,0,0,0,000000000,00000000000,0,0,0,1,0,0,0,0,0,0,0,0,3,1,1,6,6,2,1,0,0,0,1,97,0,9,9,99,0,9,9,72,165,99,99,99,99,99,99,9999,99,9999,0,0,0,0,0,2,2,75,1,6,2,1,50,3,5,53,99,1,1,21,1,0