STATE,ST_CASE,VEH_NO,VE_FORMS,NUMOCCS,DAY,MONTH,HOUR,MINUTE,HARM_EV,MAN_COLL,UNITTYPE,HIT_RUN,REG_STAT,OWNER,MAKE,MODEL,MAK_MOD,BODY_TYP,MOD_YEAR,VIN,VIN_1,VIN_2,VIN_3,VIN_4,VIN_5,VIN_6,VIN_7,VIN_8,VIN_9,VIN_10,VIN_11,VIN_12,TOW_VEH,J_KNIFE,MCARR_I1,MCARR_I2,MCARR_ID,GVWR,V_CONFIG,CARGO_BT,HAZ_INV,HAZ_PLAC,HAZ_ID,HAZ_CNO,HAZ_REL,BUS_USE,SPEC_USE,EMER_USE,TRAV_SP,UNDERIDE,ROLLOVER,ROLINLOC,IMPACT1,DEFORMED,TOWED,M_HARM,VEH_SC1,VEH_SC2,FIRE_EXP,DR_PRES,L_STATE,DR_ZIP,L_STATUS,L_TYPE,CDL_STAT,L_ENDORS,L_COMPL,L_RESTRI,DR_HGT,DR_WGT,PREV_ACC,PREV_SUS,PREV_DWI,PREV_SPD,PREV_OTH,FIRST_MO,FIRST_YR,LAST_MO,LAST_YR,SPEEDREL,DR_SF1,DR_SF2,DR_SF3,DR_SF4,VTRAFWAY,VNUM_LAN,VSPD_LIM,VALIGN,VPROFILE,VPAVETYP,VSURCOND,VTRAFCON,VTCONT_F,P_CRASH1,P_CRASH2,P_CRASH3,PCRASH4,PCRASH5,ACC_TYPE,DEATHS,DR_DRINK
4,40531,2,2,1,18,9,21,7,12,2,1,0,99,9,13,1,13001,4,1999,999999999999,9,9,9,9,9,9,9,9,9,9,9,9,0,0,0,000000000,00000000000,0,0,0,1,0,0,0,0,0,0,0,999,0,0,0,12,9,9,12,0,0,0,1,4,85033,0,0,0,0,0,0,999,999,0,0,0,0,0,0,0,0,0,9,99,99,99,99,9,9,99,9,9,8,99,99,9,99,99,99,9,9,51,1,0
4,40532,1,1,2,19,9,21,27,1,0,1,0,4,2,37,32,37032,2,2003,1HGCM82603A0,1,H,G,C,M,8,2,6,0,3,A,0,0,0,0,000000000,00000000000,0,0,0,1,0,0,0,0,0,0,0,45,0,1,5,0,6,2,1,0,0,0,1,4,85540,6,1,0,0,3,0,70,154,0,2,0,2,1,2,2012,3,2013,4,0,0,0,0,1,2,25,3,1,2,1,0,0,14,13,99,1,4,1,1,0
4,40533,1,2,2,24,9,19,26,12,6,1,0,4,1,18,22,18022,4,2010,1G4GC5EG9AF2,1,G,4,G,C,5,E,G,9,A,F,2,0,0,0,000000000,00000000000,0,0,0,1,0,0,0,0,0,0,0,21,0,0,0,3,6,2,12,0,0,0,1,4,85258,6,1,0,0,3,3,55,100,0,0,0,0,0,0,0,0,0,0,38,0,0,0,2,4,45,1,1,2,1,0,0,11,15,99,1,1,68,1,0
4,40533,2,2,1,24,9,19,26,12,6,1,0,4,1,69,40,69040,2,2011,ZAM45KLA0B00,Z,A,M,4,5,K,L,A,0,B,0,0,0,0,0,000000000,00000000000,0,0,0,1,0,0,0,0,0,0,0,43,0,0,0,12,6,2,12,0,0,0,1,4,85251,1,1,0,0,2,0,74,195,0,3,0,5,0,1,2012,3,2014,0,0,0,0,0,2,4,45,1,1,2,1,0,0,1,62,1,1,1,69,0,0
4,40534,1,1,1,30,9,13,45,33,0,1,0,99,9,77,709,77709,80,2012,999999999999,9,9,9,9,9,9,9,9,9,9,9,9,0,0,0,000000000,00000000000,0,0,0,1,0,0,0,0,0,0,0,999,0,0,0,99,9,9,24,0,0,0,1,4,85021,6,1,0,0,3,0,73,185,0,0,0,0,0,0,0,0,0,9,99,99,99,99,9,9,99,9,9,2,99,99,9,99,9,99,9,9,2,1,0
4,40535,1,2,1,6,10,5,35,8,0,1,1,4,1,12,481,12481,31,2006,1FTPX12526KA,1,F,T,P,X,1,2,5,2,6,K,A,0,0,0,000000000,00000000000,0,0,0,1,0,0,0,0,0,0,0,55,0,0,0,10,2,5,8,0,0,0,1,4,85350,6,1,0,0,3,0,65,160,0,0,0,0,0,0,0,0,0,0,91,0,0,0,5,5,55,2,1,2,1,0,0,14,80,1,1,1,13,0,0
4,40535,2,2,1,6,10,5,35,8,0,1,0,4,1,35,472,35472,30,2012,1N6AD0ER0CC4,1,N,6,A,D,0,E,R,0,C,C,4,0,0,0,000000000,00000000000,0,0,0,1,0,0,0,0,0,0,0,45,0,0,0,12,0,5,8,0,0,0,1,4,85350,6,1,6,0,3,0,71,280,0,0,0,0,0,0,0,0,0,0,89,0,0,0,5,5,55,2,1,2,1,0,0,14,80,99,1,1,98,0,0
4,40536,1,2,1,6,10,6,20,1,0,1,0,4,2,73,706,73706,80,2010,JKAZXCF14AA0,J,K,A,Z,X,C,F,1,4,A,A,0,0,0,0,000000000,00000000000,0,0,0,1,0,0,0,0,0,0,0,100,0,0,0,0,6,2,12,0,0,0,1,4,85022,6,1,0,0,3,0,71,185,0,0,0,0,0,0,0,0,0,3,84,0,0,0,2,3,45,1,1,8,1,0,0,1,6,98,7,3,98,1,0
4,40536,2,2,1,6,10,6,20,1,0,1,0,27,1,19,421,19421,15,2010,1GYUKAEF8AR1,1,G,Y,U,K,A,E,F,8,A,R,1,0,0,0,000000000,00000000000,0,0,0,1,0,0,0,0,0,0,0,15,0,0,0,83,2,3,12,0,0,0,1,27,55116,6,1,6,0,3,3,73,199,0,0,0,0,0,0,0,0,0,0,0,0,0,0,2,4,45,1,1,8,1,0,0,11,15,1,1,1,98,0,0
4,40537,1,2,1,13,10,10,24,12,1,1,0,6,1,51,884,51884,66,2008,4V4NC9TG48N2,4,V,4,N,C,9,T,G,4,8,N,2,1,1,57,00970938,5700970938,3,6,98,1,0,0,0,0,0,0,0,998,0,0,0,12,2,3,12,0,0,0,1,6,91205,6,1,6,0,3,3,66,160,0,0,0,0,0,0,0,0,0,4,99,99,99,99,2,2,75,1,1,2,1,0,0,1,51,1,1,1,24,0,0
4,40537,2,2,1,13,10,10,24,12,1,1,0,12,2,72,706,72706,80,2014,1HD1LC313EC4,1,H,D,1,L,C,3,1,3,E,C,4,0,0,0,000000000,00000000000,0,0,0,1,0,0,0,0,0,0,0,998,0,0,0,6,6,2,12,0,0,0,1,97,0,9,9,99,0,9,9,64,142,99,99,99,99,99,99,9999,99,9999,9,99,99,99,99,2,2,75,1,1,2,1,0,0,99,53,99,1,1,25,1,0
4,40538,1,4,2,14,10,17,46,12,6,1,0,4,1,18,2,18002,4,1992,1G4HR53L6NH4,1,G,4,H,R,5,3,L,6,N,H,4,0,0,0,000000000,00000000000,0,0,0,1,0,0,0,0,0,0,0,10,0,0,0,81,6,2,12,0,0,0,1,4,85257,6,1,0,0,3,3,67,126,0,0,0,0,0,0,0,0,0,0,48,0,0,0,8,8,25,1,1,8,1,3,3,11,15,99,1,1,68,1,0
4,40538,2,4,1,14,10,17,46,12,6,1,0,4,2,41,402,41402,14,2002,4F2YU09172KM,4,F,2,Y,U,0,9,1,7,2,K,M,0,0,0,000000000,00000000000,0,0,0,1,0,0,0,0,0,0,0,30,0,0,0,12,6,2,12,0,0,0,1,4,85281,6,1,0,0,3,0,67,160,0,0,0,0,0,0,0,0,0,0,0,0,0,0,8,8,30,1,1,8,1,3,3,1,62,4,1,1,69,0,0
4,40538,3,4,2,14,10,17,46,12,6,1,0,4,1,59,31,59031,4,2005,JTHBA30G9551,J,T,H,B,A,3,0,G,9,5,5,1,0,0,0,000000000,00000000000,0,0,0,1,0,0,0,0,0,0,0,0,0,0,0,12,2,5,12,0,0,0,1,4,85251,6,1,0,0,3,0,66,128,0,0,0,0,0,0,0,0,0,0,0,0,0,0,8,8,35,1,1,8,1,3,3,5,67,1,1,1,98,0,0
4,40538,4,4,1,14,10,17,46,12,6,1,0,4,2,18,2,18002,4,1998,1G4HR52K9WH5,1,G,4,H,R,5,2,K,9,W,H,5,0,0,0,000000000,00000000000,0,0,0,1,0,0,0,0,0,0,0,0,0,0,0,98,8,5,12,0,0,0,1,4,85281,6,1,0,0,3,0,76,230,0,0,0,0,0,0,0,0,0,0,0,0,0,0,8,8,25,1,1,8,1,3,3,5,78,99,9,9,98,0,0
4,40539,1,1,3,15,10,2,19,1,0,1,0,4,2,20,22,20022,2,2006,1G1AK15F9677,1,G,1,A,K,1,5,F,9,6,7,7,0,0,0,000000000,00000000000,0,0,0,1,0,0,0,0,0,0,0,65,0,1,5,0,6,2,1,0,0,0,1,4,86033,0,0,0,0,0,0,61,130,0,0,0,0,0,0,0,0,0,0,0,0,0,0,1,2,65,1,1,2,1,0,0,1,13,99,9,4,7,2,0
4,40540,1,2,1,23,10,5,17,24,0,1,0,4,3,82,881,82881,66,2007,1FUJA6CK37DY,1,F,U,J,A,6,C,K,3,7,D,Y,1,1,57,1762775,571762775,3,6,1,1,0,0,0,0,0,0,0,998,7,1,5,62,6,2,12,0,0,0,1,4,85009,6,1,6,0,3,0,69,280,0,0,0,0,0,0,0,0,0,0,0,0,0,0,3,2,75,1,1,2,1,0,0,1,12,1,1,4,6,0,0
4,40540,2,2,1,23,10,5,17,24,0,1,0,4,1,12,37,12037,4,2005,1FAFP34N55W2,1,F,A,F,P,3,4,N,5,5,W,2,0,0,0,000000000,00000000000,0,0,0,1,0,0,0,0,0,0,0,998,0,0,0,12,6,2,12,0,0,0,1,4,85203,6,1,0,0,3,0,66,185,0,1,0,0,1,10,2013,10,2013,0,0,0,0,0,3,2,75,1,1,2,1,0,0,1,64,99,1,3,98,1,0
4,40541,1,1,1,31,10,10,32,33,0,1,0,4,3,38,882,38882,62,2014,JALC4W163E70,J,A,L,C,4,W,1,6,3,E,7,0,0,0,99,999999999,99999999999,2,1,3,1,0,0,0,0,0,0,0,37,0,0,0,1,6,2,8,0,0,0,1,4,85283,6,1,0,0,3,0,73,160,0,0,0,0,0,0,0,0,0,0,91,0,0,0,2,3,40,3,1,8,1,0,0,14,13,1,1,4,1,0,0
4,40542,1,2,1,30,10,21,49,12,1,1,0,92,0,72,706,72706,80,2002,1HD1FCW1X2Y6,1,H,D,1,F,C,W,1,X,2,Y,6,0,0,0,000000000,00000000000,0,0,0,1,0,0,0,0,0,0,0,60,0,0,0,12,6,2,12,0,0,0,1,4,85238,6,1,0,0,3,0,70,195,0,7,2,1,0,1,2012,8,2013,4,26,0,0,0,1,2,45,1,1,8,1,0,0,1,51,99,1,1,24,1,1
4,40542,2,2,1,30,10,21,49,12,1,1,0,92,0,30,47,30047,3,2007,3VWEW31C07M5,3,V,W,E,W,3,1,C,0,7,M,5,0,0,0,000000000,00000000000,0,0,0,1,0,0,0,0,0,0,0,45,0,0,0,6,6,2,12,0,0,0,1,4,85281,6,1,0,0,3,3,67,165,0,2,2,1,0,6,2012,5,2014,0,0,0,0,0,1,2,45,1,1,8,1,0,0,1,53,99,1,1,25,0,0
4,40543,1,1,2,1,11,3,0,1,0,1,0,4,1,76,706,76706,80,2014,JYARN33E4EA0,J,Y,A,R,N,3,3,E,4,E,A,0,0,0,0,000000000,00000000000,0,0,0,1,0,0,0,0,0,0,0,999,0,0,0,0,6,2,1,0,0,0,1,4,85716,6,1,0,0,3,0,72,176,0,0,0,0,1,9,2014,9,2014,5,0,0,0,0,2,8,25,1,1,8,1,0,0,1,6,4,9,3,98,1,1
4,40544,1,1,1,1,11,22,15,9,0,1,0,4,3,35,401,35401,14,2012,5N1AR1NN0CC6,5,N,1,A,R,1,N,N,0,C,C,6,0,0,0,000000000,00000000000,0,0,0,1,0,0,0,0,0,0,0,999,0,0,0,12,4,3,9,0,0,0,1,4,85710,6,1,0,0,3,0,68,190,0,0,0,0,0,0,0,0,0,9,0,0,0,0,5,5,40,1,1,8,1,99,9,1,83,99,9,3,13,0,0
4,40545,1,1,1,2,11,20,55,8,0,1,0,4,2,37,31,37031,4,2001,1HGES257X1L0,1,H,G,E,S,2,5,7,X,1,L,0,0,0,0,000000000,00000000000,0,0,0,1,0,0,0,0,0,0,0,40,0,0,0,12,2,5,8,0,0,0,1,4,85737,6,1,0,0,3,0,68,185,0,0,0,0,0,0,0,0,0,0,0,0,0,0,5,5,40,1,1,8,1,0,0,1,80,2,1,1,13,0,0
4,40546,1,1,1,3,11,20,57,8,0,1,0,4,1,7,482,7482,31,2005,1D7HA18DX5S1,1,D,7,H,A,1,8,D,X,5,S,1,0,0,0,000000000,00000000000,0,0,0,1,0,0,0,0,0,0,0,25,0,0,0,12,2,3,8,0,0,0,1,4,86442,6,1,6,0,3,0,74,225,0,3,0,0,0,11,2013,12,2013,0,0,0,0,0,1,2,35,1,1,8,1,0,0,1,80,3,2,1,13,0,0
4,40547,1,2,1,5,11,5,38,12,6,1,0,4,1,55,39,55039,4,2008,KMHFC46F28A2,K,M,H,F,C,4,6,F,2,8,A,2,0,0,0,000000000,00000000000,0,0,0,1,0,0,0,0,0,0,0,998,3,0,0,12,6,2,12,0,0,0,1,4,85339,6,1,0,0,3,0,73,235,0,0,0,0,0,0,0,0,0,0,39,0,0,0,8,8,45,1,3,8,1,20,3,1,17,99,1,1,86,1,0
4,40547,2,2,1,5,11,5,38,12,6,1,0,4,3,82,884,82884,66,2007,1FUJA6CKX7LX,1,F,U,J,A,6,C,K,X,7,L,X,1,1,57,0237601,570237601,3,6,7,1,0,0,0,0,0,0,0,998,0,0,0,4,4,5,12,0,0,0,1,4,86314,6,1,6,0,3,0,70,280,0,0,0,0,0,0,0,0,0,0,0,0,0,0,2,4,55,1,3,2,1,0,0,1,66,6,1,2,87,0,0
4,40548,1,2,1,7,11,17,37,12,6,1,0,4,2,20,461,20461,21,2007,1GCGG25V9711,1,G,C,G,G,2,5,V,9,7,1,1,0,0,0,000000000,00000000000,0,0,0,1,0,0,0,0,0,0,0,10,0,0,0,3,6,2,12,0,0,0,1,37,27105,6,1,0,0,3,0,67,999,0,0,0,1,0,10,2014,10,2014,0,38,0,0,0,2,3,40,1,1,8,1,3,3,11,15,99,1,1,68,0,1
4,40548,2,2,1,7,11,17,37,12,6,1,0,48,1,72,706,72706,80,2013,1HD1KBM17DB6,1,H,D,1,K,B,M,1,7,D,B,6,0,0,0,000000000,00000000000,0,0,0,1,0,0,0,0,0,0,0,40,0,0,0,12,6,2,12,0,0,0,1,48,75033,6,1,0,0,3,0,75,200,0,0,0,0,0,0,0,0,0,0,0,0,0,0,2,4,40,1,1,8,1,3,3,1,62,99,9,3,69,1,1
4,40549,1,1,3,8,11,13,22,38,0,1,0,4,3,49,46,49046,5,2007,JTDKB20U6732,J,T,D,K,B,2,0,U,6,7,3,2,0,0,0,000000000,00000000000,0,0,0,1,0,0,0,0,0,1,0,998,0,0,0,12,6,2,31,0,0,1,1,4,85048,6,1,0,0,3,0,63,170,0,0,0,0,0,0,0,0,0,4,0,0,0,0,8,8,65,1,1,2,1,0,0,1,13,99,9,4,5,1,0
4,40550,1,1,1,9,11,0,48,41,0,1,0,4,1,72,706,72706,80,2003,1HD1BMY543Y0,1,H,D,1,B,M,Y,5,4,3,Y,0,0,0,0,000000000,00000000000,0,0,0,1,0,0,0,0,0,0,0,35,0,0,0,12,6,2,42,0,0,0,1,4,85552,6,1,6,0,3,0,66,180,0,2,0,0,0,7,2012,7,2012,0,0,0,0,0,1,2,35,3,3,2,1,0,0,14,13,99,1,4,1,1,1
4,40551,1,1,1,9,11,18,10,8,0,1,0,4,1,20,32,20032,4,1999,1Y1SK5286XZ4,1,Y,1,S,K,5,2,8,6,X,Z,4,0,0,0,000000000,00000000000,0,0,0,1,0,0,0,0,0,0,0,35,0,0,0,12,2,8,8,0,0,0,1,4,85364,6,1,0,0,3,1,63,175,0,0,0,0,0,0,0,0,0,0,0,0,0,0,5,5,35,1,1,8,1,0,0,1,80,1,1,1,13,0,1
4,40552,1,3,2,10,11,6,11,12,6,1,0,4,1,19,3,19003,4,2005,1G6KD54Y55U2,1,G,6,K,D,5,4,Y,5,5,U,2,0,0,0,000000000,00000000000,0,0,0,1,0,0,0,0,0,0,0,25,0,0,0,82,6,2,12,0,0,0,1,4,85338,6,1,0,0,3,0,68,140,0,0,0,0,0,0,0,0,0,0,38,0,0,0,2,5,45,1,1,8,1,3,3,11,15,11,1,1,68,1,0
4,40552,2,3,1,10,11,6,11,12,6,1,0,4,1,34,402,34402,14,2013,5UXWX9C54D0A,5,U,X,W,X,9,C,5,4,D,0,A,0,0,0,000000000,00000000000,0,0,0,1,0,0,0,0,0,0,0,45,0,0,0,12,6,2,12,0,0,0,1,4,85756,6,1,0,0,3,0,61,115,0,0,0,0,0,0,0,0,0,0,0,0,0,0,2,6,45,1,1,8,1,3,3,1,62,3,2,1,69,0,0
4,40552,3,3,1,10,11,6,11,12,6,1,0,4,1,20,443,20443,20,2004,1GNDX03E14D1,1,G,N,D,X,0,3,E,1,4,D,1,0,0,0,000000000,00000000000,0,0,0,1,0,0,0,0,0,0,0,45,0,0,0,82,4,3,12,0,0,0,1,4,85629,6,1,0,0,3,0,74,235,0,0,0,0,0,0,0,0,0,0,89,0,0,0,2,6,45,1,1,8,1,3,3,1,62,3,2,1,98,0,0
4,40553,1,2,1,10,11,17,10,12,2,1,0,4,1,49,32,49032,4,2014,2T1BURHE7EC0,2,T,1,B,U,R,H,E,7,E,C,0,0,0,0,000000000,00000000000,0,0,0,1,0,0,0,0,0,0,0,20,0,0,0,12,6,2,12,0,0,0,1,4,85015,6,1,0,0,3,0,66,146,0,0,0,0,0,0,0,0,0,0,28,0,0,0,1,4,35,1,1,8,1,0,0,1,10,99,1,2,50,1,0
4,40553,2,2,1,10,11,17,10,12,2,1,0,4,1,2,405,2405,14,2012,1C4PJMAK6CW1,1,C,4,P,J,M,A,K,6,C,W,1,0,0,0,000000000,00000000000,0,0,0,1,0,0,0,0,0,0,0,20,0,0,0,12,6,2,12,0,0,0,1,4,85020,6,1,0,0,3,3,69,175,0,0,0,0,0,0,0,0,0,0,0,0,0,0,1,4,35,1,1,8,1,0,0,1,62,99,1,1,51,0,0
4,40554,1,2,2,13,11,12,39,12,2,1,0,4,1,49,40,49040,4,2003,4T1BF32K43U0,4,T,1,B,F,3,2,K,4,3,U,0,0,0,0,000000000,00000000000,0,0,0,1,0,0,0,0,0,0,0,10,0,0,0,12,6,2,12,32,0,0,1,4,86429,6,1,0,0,3,3,62,160,0,0,0,0,1,11,2013,11,2013,0,91,28,0,0,1,5,45,1,1,2,1,0,0,11,15,99,1,2,68,0,0
4,40554,2,2,1,13,11,12,39,12,2,1,0,32,1,55,36,55036,5,2012,KMHCU5AEXCU0,K,M,H,C,U,5,A,E,X,C,U,0,0,0,0,000000000,00000000000,0,0,0,1,0,0,0,0,0,0,0,40,0,0,0,12,6,2,12,0,0,0,1,32,89029,6,1,0,0,3,0,69,120,0,0,0,0,0,0,0,0,0,0,0,0,0,0,1,5,45,1,1,2,1,0,0,1,62,99,1,1,69,1,0
4,40556,1,1,1,13,11,18,23,8,0,1,0,4,3,20,481,20481,31,2008,1GCHK29K88E1,1,G,C,H,K,2,9,K,8,8,E,1,0,0,0,000000000,00000000000,0,0,0,1,0,0,0,0,0,0,0,62,0,0,0,12,6,2,8,0,0,0,1,4,86404,6,1,0,0,3,3,74,270,0,0,0,0,1,11,2011,11,2011,0,0,0,0,0,1,2,65,1,1,2,1,0,0,1,80,1,1,1,13,0,0
4,40557,1,1,2,14,11,22,19,8,0,1,0,4,1,6,51,6051,4,2006,2C3KA53G86H4,2,C,3,K,A,5,3,G,8,6,H,4,0,0,0,000000000,00000000000,0,0,0,1,0,0,0,0,0,0,0,78,0,0,0,12,6,2,8,0,0,0,1,4,85306,6,1,0,0,3,0,66,180,0,0,0,0,0,0,0,0,0,0,0,0,0,0,2,2,75,1,1,2,1,0,0,1,80,1,1,1,13,0,0
4,40558,1,2,1,15,11,19,53,12,6,1,0,4,1,49,402,49402,14,2003,JTEGH20V9300,J,T,E,G,H,2,0,V,9,3,0,0,0,0,0,000000000,00000000000,0,0,0,1,0,0,0,0,0,0,0,40,0,0,0,82,6,2,12,0,0,0,1,4,85718,6,1,0,0,3,3,64,132,0,0,0,0,0,0,0,0,0,4,38,0,0,0,2,4,40,1,1,8,1,3,3,11,15,99,1,1,68,1,1
4,40558,2,2,3,15,11,19,53,12,6,1,0,4,1,6,43,6043,1,2008,1C3LC65M68N6,1,C,3,L,C,6,5,M,6,8,N,6,0,0,0,000000000,00000000000,0,0,0,1,0,0,0,0,0,0,0,40,0,0,0,12,6,2,12,0,0,0,1,4,85718,6,1,0,0,3,0,68,130,0,0,0,0,0,0,0,0,0,0,0,0,0,0,2,4,40,1,6,8,1,3,3,1,62,99,1,1,69,0,1
4,40559,1,2,1,17,11,16,2,12,6,1,0,4,1,14,4,14004,2,1994,1MELM6240RH6,1,M,E,L,M,6,2,4,0,R,H,6,0,0,0,000000000,00000000000,0,0,0,1,0,0,0,0,0,0,0,10,0,0,0,62,6,2,12,0,0,0,1,4,85621,6,1,0,0,3,0,71,220,0,0,0,0,0,0,0,0,0,0,38,0,0,0,1,3,40,1,5,2,1,20,3,11,15,99,1,1,82,1,0
4,40559,2,2,2,17,11,16,2,12,6,1,0,4,3,7,402,7402,14,2003,1D4HR48N13F6,1,D,4,H,R,4,8,N,1,3,F,6,0,0,0,000000000,00000000000,0,0,0,1,0,0,0,0,0,0,0,41,0,0,0,12,6,2,12,0,0,0,1,4,85719,6,1,0,0,3,3,76,210,0,0,0,0,0,0,0,0,0,0,0,0,0,0,1,5,45,1,6,2,1,0,0,1,67,3,2,1,83,0,0
4,40560,1,1,50,18,11,15,19,8,0,1,0,35,3,98,981,98981,51,2005,2PCH33492510,2,P,C,H,3,3,4,9,2,5,1,0,0,0,57,0027402,570027402,3,21,22,1,0,0,0,0,5,3,0,30,0,0,0,12,2,5,8,0,0,0,1,48,78542,6,1,3,0,2,0,999,999,0,2,0,1,0,2,2012,12,2012,0,0,0,0,0,2,2,45,1,1,8,1,0,0,1,80,4,1,1,13,0,0
4,40561,1,1,1,18,11,19,5,8,0,1,0,4,1,23,481,23481,31,1988,2GTFK29K4J15,2,G,T,F,K,2,9,K,4,J,1,5,0,0,0,000000000,00000000000,0,0,0,1,0,0,0,0,0,0,0,55,0,0,0,12,6,2,8,0,0,0,1,4,86409,6,1,0,0,3,3,63,130,0,0,0,0,1,2,2013,2,2013,0,0,0,0,0,5,5,55,1,1,2,1,0,0,1,80,4,9,1,13,0,0
4,40562,1,6,1,19,11,6,47,12,1,1,0,4,4,82,881,82881,66,2007,1FUJA6CK97LU,1,F,U,J,A,6,C,K,9,7,L,U,1,1,57,0033731,570033731,3,6,3,1,0,0,0,0,0,0,0,998,0,0,0,12,6,2,12,0,0,0,1,4,85023,6,1,6,0,3,0,72,250,0,0,0,0,0,0,0,0,0,4,91,0,0,0,3,4,65,1,1,2,1,0,0,1,52,99,9,1,24,0,0
4,40562,2,6,2,19,11,6,47,12,1,1,0,4,2,42,401,42401,14,2008,4JGBB22E28A3,4,J,G,B,B,2,2,E,2,8,A,3,0,0,0,000000000,00000000000,0,0,0,1,0,0,0,0,0,0,0,998,0,0,0,6,6,2,12,0,0,1,1,29,63303,6,1,0,0,3,0,72,145,0,0,0,0,0,0,0,0,0,0,0,0,0,0,3,4,65,1,1,2,1,0,0,99,53,99,9,1,25,1,0
4,40562,3,6,2,19,11,6,47,12,1,1,0,4,2,20,481,20481,31,2013,3GCPCREA3DG1,3,G,C,P,C,R,E,A,3,D,G,1,0,0,0,000000000,00000000000,0,0,0,1,0,0,0,0,0,0,0,0,0,1,1,6,6,2,1,0,0,0,1,4,85042,6,1,0,0,3,3,70,203,0,1,0,0,1,6,2014,6,2014,0,0,0,0,0,3,4,65,1,1,2,1,0,0,5,53,1,1,1,98,1,0
4,40562,4,6,1,19,11,6,47,12,1,1,0,4,1,55,35,55035,4,2003,KMHDN45D73U6,K,M,H,D,N,4,5,D,7,3,U,6,0,0,0,000000000,00000000000,0,0,0,1,0,0,0,0,0,0,0,998,0,0,0,6,6,2,12,0,0,0,1,4,85027,6,1,0,0,3,0,67,173,0,0,0,0,0,0,0,0,0,0,0,0,0,0,3,4,65,1,1,2,1,0,0,2,53,1,1,1,98,0,0
4,40562,5,6,1,19,11,6,47,12,1,1,0,4,2,49,40,49040,4,1997,4T1BG22K4VU0,4,T,1,B,G,2,2,K,4,V,U,0,0,0,0,000000000,00000000000,0,0,0,1,0,0,0,0,0,0,0,998,0,0,0,6,4,5,12,32,0,0,1,4,85009,6,1,0,0,3,0,66,180,0,0,0,0,0,0,0,0,0,0,0,0,0,0,3,4,65,1,1,2,1,0,0,2,53,1,1,1,98,0,0
4,40562,6,6,1,19,11,6,47,12,1,1,0,4,1,20,422,20422,15,2008,1GNFK163X8J2,1,G,N,F,K,1,6,3,X,8,J,2,0,0,0,000000000,00000000000,0,0,0,1,0,0,0,0,0,0,0,998,0,0,0,61,2,5,54,0,0,0,1,4,85041,6,1,0,0,3,3,70,180,0,0,0,0,0,0,0,0,0,0,89,0,0,0,3,4,65,1,1,2,1,0,0,1,98,1,1,1,98,0,0
4,40563,1,1,2,21,11,17,45,8,0,1,0,4,1,62,421,62421,15,2009,SALMF13479A3,S,A,L,M,F,1,3,4,7,9,A,3,0,0,0,000000000,00000000000,0,0,0,1,0,0,0,0,0,0,0,40,0,0,0,12,4,3,8,0,0,0,1,4,85259,6,1,0,0,3,0,67,160,0,0,0,0,0,0,0,0,0,0,0,0,0,0,2,2,40,1,1,2,1,0,0,1,80,1,1,1,13,0,0
4,40564,1,2,3,22,11,17,51,12,1,1,0,4,2,22,20,22020,4,2005,2G2WS5221513,2,G,2,W,S,5,2,2,1,5,1,3,0,0,0,000000000,00000000000,0,0,0,1,0,0,0,0,0,0,0,25,0,0,0,6,2,5,12,0,0,0,1,4,85008,6,1,0,0,3,0,65,138,0,0,0,0,0,0,0,0,0,0,27,84,0,0,3,6,65,2,1,2,1,0,0,15,53,1,1,2,25,0,0
4,40564,2,2,2,22,11,17,51,12,1,1,0,4,2,72,706,72706,80,2002,1HD1GDV1X2Y3,1,H,D,1,G,D,V,1,X,2,Y,3,0,0,0,000000000,00000000000,0,0,0,1,0,0,0,0,0,0,0,65,0,0,0,12,6,2,12,0,0,0,1,4,85031,6,1,0,0,3,3,70,160,0,1,0,0,0,4,2014,4,2014,0,89,0,0,0,3,5,65,2,1,2,1,0,0,14,51,3,2,1,24,1,0
4,40565,1,2,1,26,11,3,13,12,6,1,0,4,1,38,401,38401,14,1995,JACDJ58V6S79,J,A,C,D,J,5,8,V,6,S,7,9,0,0,0,000000000,00000000000,0,0,0,1,0,0,0,0,0,0,0,998,0,1,1,12,6,2,1,0,0,1,1,4,85233,6,1,0,0,3,0,71,155,1,1,0,2,1,3,2012,11,2013,9,39,0,0,0,2,4,45,1,1,2,1,3,3,1,17,99,1,1,86,1,1
4,40565,2,2,1,26,11,3,13,12,6,1,0,4,1,12,13,12013,2,2003,3FAFP11323R1,3,F,A,F,P,1,1,3,2,3,R,1,0,0,0,000000000,00000000000,0,0,0,1,0,0,0,0,0,0,0,998,0,0,0,82,6,2,12,0,0,0,1,4,85225,6,1,0,0,3,3,71,250,0,0,0,1,1,1,2012,11,2014,0,0,0,0,0,2,4,45,1,1,2,1,3,3,1,66,99,1,1,87,1,0
4,40566,1,1,1,27,11,10,25,9,0,1,0,4,2,35,472,35472,30,2012,1N6AD0ER2CC4,1,N,6,A,D,0,E,R,2,C,C,4,0,0,0,000000000,00000000000,0,0,0,1,0,0,0,0,0,0,0,25,0,0,0,12,2,5,9,0,0,0,1,4,85713,6,1,0,0,3,3,69,155,0,0,0,0,0,0,0,0,0,0,0,0,0,0,1,2,25,1,1,2,1,0,0,1,83,1,1,1,13,0,0
4,40567,1,1,1,28,11,20,13,35,0,1,0,95,1,20,4,20004,2,2014,1G1YB2D77E51,1,G,1,Y,B,2,D,7,7,E,5,1,0,0,0,000000000,00000000000,0,0,0,1,0,0,0,0,0,0,0,998,0,1,5,12,6,2,1,0,0,0,1,95,0,9,9,99,0,9,9,72,249,99,99,99,99,99,99,9999,99,9999,0,39,0,0,0,6,1,65,3,1,2,1,20,3,14,9,99,1,4,1,1,0