STATE,ST_CASE,VEH_NO,VE_FORMS,NUMOCCS,DAY,MONTH,HOUR,MINUTE,HARM_EV,MAN_COLL,UNITTYPE,HIT_RUN,REG_STAT,OWNER,MAKE,MODEL,MAK_MOD,BODY_TYP,MOD_YEAR,VIN,VIN_1,VIN_2,VIN_3,VIN_4,VIN_5,VIN_6,VIN_7,VIN_8,VIN_9,VIN_10,VIN_11,VIN_12,TOW_VEH,J_KNIFE,MCARR_I1,MCARR_I2,MCARR_ID,GVWR,V_CONFIG,CARGO_BT,HAZ_INV,HAZ_PLAC,HAZ_ID,HAZ_CNO,HAZ_REL,BUS_USE,SPEC_USE,EMER_USE,TRAV_SP,UNDERIDE,ROLLOVER,ROLINLOC,IMPACT1,DEFORMED,TOWED,M_HARM,VEH_SC1,VEH_SC2,FIRE_EXP,DR_PRES,L_STATE,DR_ZIP,L_STATUS,L_TYPE,CDL_STAT,L_ENDORS,L_COMPL,L_RESTRI,DR_HGT,DR_WGT,PREV_ACC,PREV_SUS,PREV_DWI,PREV_SPD,PREV_OTH,FIRST_MO,FIRST_YR,LAST_MO,LAST_YR,SPEEDREL,DR_SF1,DR_SF2,DR_SF3,DR_SF4,VTRAFWAY,VNUM_LAN,VSPD_LIM,VALIGN,VPROFILE,VPAVETYP,VSURCOND,VTRAFCON,VTCONT_F,P_CRASH1,P_CRASH2,P_CRASH3,PCRASH4,PCRASH5,ACC_TYPE,DEATHS,DR_DRINK
4,40568,1,2,3,29,11,11,0,12,6,1,0,4,2,12,471,12471,30,1998,1FTYR10C5WPB,1,F,T,Y,R,1,0,C,5,W,P,B,0,0,0,000000000,00000000000,0,0,0,1,0,0,0,0,0,0,0,10,0,1,5,3,6,2,12,0,0,0,1,4,86334,6,7,0,0,3,2,64,134,0,0,0,0,0,0,0,0,0,0,38,73,0,0,1,2,98,1,1,2,1,20,3,1,17,1,1,1,87,1,0
4,40568,2,2,1,29,11,11,0,12,6,1,0,4,1,72,706,72706,80,2010,1HD1KEM13AB6,1,H,D,1,K,E,M,1,3,A,B,6,0,0,0,000000000,00000000000,0,0,0,1,0,0,0,0,0,0,0,60,0,0,0,12,6,2,12,0,0,0,1,4,86334,6,1,0,0,2,0,69,170,0,0,0,0,0,0,0,0,0,0,0,0,0,0,1,3,65,1,1,2,1,0,0,1,66,99,1,1,86,1,0
4,40569,1,1,2,29,11,20,16,1,0,1,0,32,2,23,401,23401,14,2004,1GKES12S5461,1,G,K,E,S,1,2,S,5,4,6,1,0,0,0,000000000,00000000000,0,0,0,1,0,0,0,0,0,0,0,65,0,1,3,0,6,2,1,0,0,0,1,32,89130,6,1,0,0,3,0,65,165,0,0,0,0,0,0,0,0,0,0,80,0,0,0,2,2,65,1,1,2,1,0,0,1,1,99,9,4,7,1,0
4,40570,1,1,2,30,11,7,42,33,0,1,0,4,1,20,481,20481,31,2013,3GCPKSE78DG3,3,G,C,P,K,S,E,7,8,D,G,3,0,0,0,000000000,00000000000,0,0,0,1,0,0,0,0,0,0,0,998,0,0,0,62,6,2,24,0,0,0,1,4,85641,6,1,3,0,3,0,72,180,0,0,0,1,0,1,2012,1,2012,9,99,99,99,99,3,2,45,8,5,8,1,0,0,1,9,99,9,4,7,1,0
4,40571,1,1,2,30,11,11,24,1,0,1,0,4,2,20,401,20401,14,1999,1GNDT13W7X22,1,G,N,D,T,1,3,W,7,X,2,2,0,0,0,000000000,00000000000,0,0,0,1,0,0,0,0,0,0,0,65,0,1,1,0,6,2,1,0,0,0,1,4,86033,0,0,0,0,0,0,67,135,0,0,0,0,0,0,0,0,0,0,58,91,0,0,1,2,65,1,1,2,1,0,0,1,12,99,9,6,98,1,1
4,40572,1,1,2,30,11,19,17,21,0,1,0,4,1,7,24,7024,4,2007,2B3KA43R97H8,2,B,3,K,A,4,3,R,9,7,H,8,0,0,0,000000000,00000000000,0,0,0,1,0,0,0,0,0,0,0,55,0,0,0,99,6,2,21,0,0,0,1,4,85706,6,1,0,0,3,0,67,167,0,0,0,0,0,0,0,0,0,9,99,99,99,99,1,2,98,1,1,8,1,0,0,1,9,99,9,4,2,2,1
4,40573,1,2,1,1,12,17,39,12,1,1,0,4,1,12,461,12461,21,2003,1FTRE14273HA,1,F,T,R,E,1,4,2,7,3,H,A,0,0,0,000000000,00000000000,0,0,0,1,0,0,0,0,0,0,0,998,0,0,0,12,6,2,12,0,0,0,1,4,85043,6,1,0,0,3,0,65,195,2,8,0,3,2,12,2012,7,2014,4,0,0,0,0,6,1,65,1,5,1,1,0,0,1,51,99,1,1,24,1,0
4,40573,2,2,1,1,12,17,39,12,1,1,0,56,3,87,881,87881,66,2014,1XPTD40X6ED2,1,X,P,T,D,4,0,X,6,E,D,2,1,1,57,0158130,570158130,3,6,3,1,0,0,0,0,0,0,0,5,0,0,0,6,2,5,12,0,0,0,1,4,85208,6,1,6,0,3,3,66,157,0,0,0,2,0,6,2012,4,2013,0,0,0,0,0,6,1,65,1,5,1,1,0,0,2,53,1,1,1,25,0,0
4,40574,1,2,1,2,12,6,59,12,1,1,0,4,2,12,471,12471,30,1999,1FTYR14X2XPA,1,F,T,Y,R,1,4,X,2,X,P,A,0,0,0,000000000,00000000000,0,0,0,1,0,0,0,0,0,0,0,998,0,0,0,12,6,2,12,0,0,0,1,4,85365,6,1,0,0,3,1,67,125,0,0,0,0,0,0,0,0,0,4,27,85,0,0,2,2,65,1,1,2,1,0,0,15,11,9,9,2,38,0,0
4,40574,2,2,1,2,12,6,59,12,1,1,0,6,3,98,998,98998,92,2008,Z8JB10429,Z,8,J,B,1,0,4,2,9,,,,0,0,0,000000000,00000000000,0,0,0,1,0,0,0,0,0,0,0,998,0,1,1,6,6,2,12,0,0,0,1,4,85349,6,1,0,0,3,0,72,220,0,0,0,0,0,0,0,0,0,0,0,0,0,0,2,2,65,1,1,2,1,0,0,1,60,99,1,1,39,1,0
4,40575,1,1,1,3,12,19,5,8,0,1,0,40,2,49,482,49482,31,2008,5TFEV541X8X0,5,T,F,E,V,5,4,1,X,8,X,0,0,0,0,000000000,00000000000,0,0,0,1,0,0,0,0,0,0,0,40,0,0,0,12,4,5,8,0,0,0,1,4,85749,6,1,0,0,3,0,71,175,0,0,0,2,0,1,2012,9,2014,0,0,0,0,0,2,4,40,1,1,8,1,3,3,1,80,99,1,1,13,0,0
4,40576,1,1,2,3,12,19,10,8,0,1,0,4,2,55,35,55035,4,2011,5NPDH4AE8BH0,5,N,P,D,H,4,A,E,8,B,H,0,0,0,0,000000000,00000000000,0,0,0,1,0,0,0,0,0,0,0,25,0,0,0,12,2,5,8,0,0,0,1,4,85941,6,1,0,0,3,3,63,135,0,0,0,0,0,0,0,0,0,0,0,0,0,0,1,2,30,1,1,2,2,0,0,1,80,8,1,3,13,0,0
4,40577,1,1,1,5,12,5,4,33,0,1,0,4,2,20,461,20461,21,2006,1GCGG29V1611,1,G,C,G,G,2,9,V,1,6,1,1,0,0,0,000000000,00000000000,0,0,0,1,0,0,0,0,0,0,0,72,0,1,5,82,6,2,1,0,0,0,1,4,85353,6,1,0,0,3,0,70,350,0,0,0,0,0,0,0,0,0,4,0,0,0,0,2,2,45,3,1,2,2,0,0,14,13,99,1,4,1,1,0
4,40578,1,1,1,5,12,16,43,30,0,1,0,4,1,52,46,52046,4,2005,JA3AJ86E95U0,J,A,3,A,J,8,6,E,9,5,U,0,0,0,0,000000000,00000000000,0,0,0,1,0,0,0,0,0,0,0,999,0,0,0,12,6,2,30,0,0,0,1,4,85716,6,1,0,0,3,0,67,140,0,0,0,0,0,0,0,0,0,0,99,99,99,99,5,3,40,1,1,2,1,0,0,1,13,99,1,4,1,1,1
4,40579,1,1,1,7,12,0,23,33,0,1,0,4,1,76,705,76705,80,2009,JYARJ16E99A0,J,Y,A,R,J,1,6,E,9,9,A,0,0,0,0,000000000,00000000000,0,0,0,1,0,0,0,0,0,0,0,999,0,0,0,99,6,2,33,0,0,0,1,4,85707,6,1,0,0,3,0,68,160,0,0,0,0,0,0,0,0,0,4,89,53,0,0,5,5,25,2,1,8,1,0,0,14,6,3,2,4,7,1,0
4,40580,1,1,1,9,12,17,40,8,0,1,0,4,2,12,401,12401,14,1998,1FMZU32E8WZA,1,F,M,Z,U,3,2,E,8,W,Z,A,0,0,0,000000000,00000000000,0,0,0,1,0,0,0,0,0,0,0,45,0,0,0,12,2,5,8,0,0,0,1,4,85031,6,1,0,0,3,0,66,150,0,0,0,0,0,0,0,0,0,0,0,0,0,0,5,6,45,1,1,8,1,0,0,1,80,99,1,1,13,0,0
4,40581,1,1,1,12,12,23,26,1,0,1,0,4,2,12,401,12401,14,1997,1FMDU24EXVUD,1,F,M,D,U,2,4,E,X,V,U,D,0,0,0,000000000,00000000000,0,0,0,1,0,0,0,0,0,0,0,998,0,1,5,0,6,2,2,0,0,1,1,4,85541,6,1,0,0,3,0,71,135,0,0,0,0,0,0,0,0,0,4,99,99,99,99,1,2,55,2,1,2,2,0,0,14,6,99,5,4,7,1,0
4,40582,1,1,2,13,12,11,53,24,0,1,0,4,1,12,17,12017,4,2011,1FAHP2EW8BG1,1,F,A,H,P,2,E,W,8,B,G,1,0,0,0,000000000,00000000000,0,0,0,1,0,0,0,0,0,0,0,55,0,1,5,81,6,2,1,0,0,0,1,4,85941,6,1,0,0,3,3,60,120,0,0,0,0,0,0,0,0,0,4,87,0,0,0,1,2,65,2,6,2,6,40,3,14,6,1,9,4,2,1,0
4,40583,1,1,1,14,12,18,12,46,0,1,0,4,1,20,481,20481,31,2002,1GCEC14W42Z2,1,G,C,E,C,1,4,W,4,2,Z,2,0,0,0,000000000,00000000000,0,0,0,1,0,0,0,0,0,0,0,37,0,0,0,12,6,2,46,0,0,0,1,4,85713,6,1,0,0,3,0,71,240,0,0,0,0,0,0,0,0,0,0,0,0,0,0,5,4,35,1,1,8,1,3,3,1,12,99,1,4,6,1,0
4,40584,1,1,1,18,12,22,18,8,0,1,0,4,3,49,472,49472,30,2005,5TENX22N25Z0,5,T,E,N,X,2,2,N,2,5,Z,0,0,0,0,000000000,00000000000,0,0,0,1,0,0,0,0,0,0,0,40,0,0,0,12,6,2,8,0,0,0,1,4,85364,6,1,0,0,3,0,74,152,0,0,0,0,1,11,2012,11,2012,0,0,0,0,0,1,8,40,1,1,8,1,0,0,1,80,1,1,1,13,0,1
4,40585,1,2,1,23,12,5,53,12,6,1,0,36,1,22,32,22032,6,2004,5Y2SL62804Z4,5,Y,2,S,L,6,2,8,0,4,Z,4,0,0,0,000000000,00000000000,0,0,0,1,0,0,0,0,0,0,0,0,0,0,0,62,4,5,12,0,0,0,1,36,12212,6,1,0,0,3,3,66,999,0,0,0,0,0,0,0,0,0,0,91,38,0,0,0,0,0,0,0,0,0,0,0,11,15,2,1,1,82,0,0
4,40585,2,2,1,23,12,5,53,12,6,1,0,4,1,76,706,76706,80,2001,JYARN05EX1A0,J,Y,A,R,N,0,5,E,X,1,A,0,0,0,0,000000000,00000000000,0,0,0,1,0,0,0,0,0,0,0,40,0,0,0,12,6,2,12,0,0,0,1,4,85713,6,1,0,0,3,3,73,200,0,0,0,0,0,0,0,0,0,0,0,0,0,0,1,2,40,1,1,8,1,0,0,1,72,3,2,1,83,1,0
4,40586,1,1,2,11,8,3,15,5,0,1,9,99,9,99,999,99999,99,9999,999999999999,9,9,9,9,9,9,9,9,9,9,9,9,0,0,0,000000000,00000000000,0,0,0,1,0,0,0,0,0,0,0,999,0,0,0,0,0,9,5,0,0,0,1,99,99999,9,9,99,0,9,9,999,999,99,99,99,99,99,99,9999,99,9999,9,99,99,99,99,9,9,99,9,9,8,99,99,9,99,98,99,9,9,0,1,0
4,40587,1,1,2,30,8,16,4,99,99,1,9,99,9,99,999,99999,99,9999,999999999999,9,9,9,9,9,9,9,9,9,9,9,9,0,0,0,000000000,00000000000,0,0,0,1,0,0,0,0,0,0,0,999,0,0,0,99,9,9,99,0,0,0,1,99,99999,9,9,99,0,9,9,999,999,99,99,99,99,99,99,9999,99,9999,9,99,99,99,99,9,9,99,9,9,8,99,99,9,99,99,99,9,9,99,1,0
4,40588,1,1,1,8,9,11,33,33,0,1,0,4,1,98,998,98998,95,2007,2499700,2,4,9,9,7,0,0,,,,,,0,0,0,000000000,00000000000,0,0,0,1,0,0,0,0,0,0,0,29,0,0,0,82,6,2,42,0,0,0,1,4,85375,6,1,0,0,3,0,60,130,0,0,0,0,0,0,0,0,0,0,0,0,0,0,5,5,35,3,1,2,1,0,0,14,13,99,1,4,1,1,0
4,40589,1,1,1,16,9,22,51,8,0,1,9,99,9,99,999,99999,99,9999,999999999999,9,9,9,9,9,9,9,9,9,9,9,9,0,0,0,000000000,00000000000,0,0,0,1,0,0,0,0,0,0,0,999,0,0,0,99,9,9,8,0,0,0,1,99,99999,9,9,99,9,9,9,999,999,99,99,99,99,99,99,9999,99,9999,9,99,99,99,99,9,9,99,9,9,8,99,99,9,99,82,99,9,9,13,0,0
4,40590,1,1,2,20,9,16,22,99,99,1,0,99,9,99,709,99709,80,9999,999999999999,9,9,9,9,9,9,9,9,9,9,9,9,0,0,0,000000000,00000000000,0,0,0,1,0,0,0,0,0,0,0,999,0,0,0,99,9,9,99,0,0,0,1,99,99999,9,9,99,0,9,9,999,999,99,99,99,99,99,99,9999,99,9999,9,99,99,99,99,9,9,99,9,9,8,99,99,9,99,99,99,9,9,99,1,0
4,40591,1,1,1,27,9,17,40,1,0,1,0,99,9,99,999,99999,99,9999,999999999999,9,9,9,9,9,9,9,9,9,9,9,9,0,0,0,000000000,00000000000,0,0,0,1,0,0,0,0,0,0,0,999,0,1,9,0,9,9,1,0,0,0,1,4,86538,6,1,0,0,3,0,74,265,0,0,0,0,0,0,0,0,0,9,99,99,99,99,9,9,99,9,9,8,99,99,9,99,99,99,9,9,99,1,0
4,40592,1,1,1,1,10,7,0,99,99,1,0,99,9,99,999,99999,99,9999,999999999999,9,9,9,9,9,9,9,9,9,9,9,9,0,0,0,000000000,00000000000,0,0,0,1,0,0,0,0,0,0,0,999,0,0,0,99,9,9,99,0,0,0,1,4,85142,6,1,0,0,3,0,75,180,0,1,0,0,1,8,2012,8,2012,9,99,99,99,99,9,9,99,9,9,8,99,99,9,99,99,99,9,9,99,1,0
4,40593,1,1,1,2,10,99,99,9,0,1,9,99,9,99,999,99999,99,9999,999999999999,9,9,9,9,9,9,9,9,9,9,9,9,0,0,0,000000000,00000000000,0,0,0,1,0,0,0,0,0,0,0,999,0,0,0,99,9,9,9,0,0,0,1,99,99999,9,9,99,9,9,9,999,999,99,99,99,99,99,99,9999,99,9999,9,99,99,99,99,9,9,99,9,9,8,99,99,9,99,85,99,9,9,13,0,0
4,40594,1,1,1,4,10,2,4,8,0,1,1,99,9,99,999,99999,99,9999,999999999999,9,9,9,9,9,9,9,9,9,9,9,9,0,0,0,000000000,00000000000,0,0,0,1,0,0,0,0,0,0,0,999,0,0,0,99,9,5,8,0,0,0,1,99,99999,9,9,99,0,9,9,999,999,99,99,99,99,99,99,9999,99,9999,2,99,99,99,99,9,9,99,9,9,8,99,99,9,99,80,99,9,9,13,0,0
4,40595,1,1,7,4,10,7,0,1,0,1,0,99,9,20,999,20999,99,9999,999999999999,9,9,9,9,9,9,9,9,9,9,9,9,0,0,0,000000000,00000000000,0,0,0,1,0,0,0,0,0,0,0,999,0,1,9,0,9,9,1,0,0,0,1,99,99999,9,9,99,0,9,9,999,999,99,99,99,99,99,99,9999,99,9999,9,58,0,0,0,9,9,99,4,9,2,99,99,9,99,99,99,9,9,99,1,0
4,40596,1,2,2,4,10,20,14,12,6,1,0,4,1,20,2,20002,4,2002,2G1WF52E6291,2,G,1,W,F,5,2,E,6,2,9,1,0,0,0,000000000,00000000000,0,0,0,1,0,0,0,0,0,0,0,24,0,0,0,82,6,2,12,0,0,0,1,4,85004,0,0,0,0,0,0,62,220,0,0,0,0,0,0,0,0,0,0,91,38,0,0,5,5,35,1,1,2,1,0,0,11,15,1,1,1,68,0,0
4,40596,2,2,1,4,10,20,14,12,6,1,0,4,1,72,706,72706,80,2002,1HD1FSW132Y6,1,H,D,1,F,S,W,1,3,2,Y,6,0,0,0,000000000,00000000000,0,0,0,1,0,0,0,0,0,0,0,31,0,0,0,12,6,2,12,0,0,0,1,4,85339,6,1,0,0,3,3,68,210,0,0,0,0,0,0,0,0,0,0,0,0,0,0,5,5,35,1,1,2,1,0,0,1,62,3,2,1,69,1,0
4,40597,1,1,2,4,10,22,5,99,99,1,9,99,9,99,999,99999,99,9999,999999999999,9,9,9,9,9,9,9,9,9,9,9,9,0,0,0,000000000,00000000000,0,0,0,1,0,0,0,0,0,0,0,999,0,0,0,99,9,9,99,0,0,0,1,99,99999,9,9,99,9,9,9,999,999,99,99,99,99,99,99,9999,99,9999,9,99,99,99,99,9,9,99,9,9,8,99,99,9,99,99,99,9,9,99,1,0
4,40598,1,2,1,5,10,0,59,12,1,1,0,4,1,76,709,76709,80,2002,AZ348044,A,Z,3,4,8,0,4,4,,,,,0,0,0,000000000,00000000000,0,0,0,1,0,0,0,0,0,0,0,998,0,0,0,12,6,2,12,0,0,0,1,4,85295,6,1,0,0,2,0,73,185,0,0,0,0,0,0,0,0,0,4,0,0,0,0,1,7,40,1,1,2,1,3,3,1,51,99,9,1,24,1,1
4,40598,2,2,1,5,10,0,59,12,1,1,0,4,2,20,37,20037,4,2005,1G1ND52F15M1,1,G,1,N,D,5,2,F,1,5,M,1,0,0,0,000000000,00000000000,0,0,0,1,0,0,0,0,0,0,0,998,0,0,0,6,6,2,12,0,0,0,1,4,85224,6,1,0,0,3,3,72,270,0,0,0,0,0,0,0,0,0,0,0,0,0,0,1,7,40,1,1,2,1,3,3,3,53,1,1,1,25,0,0
4,40599,1,1,1,6,10,99,99,99,99,1,0,99,9,99,999,99999,99,9999,999999999999,9,9,9,9,9,9,9,9,9,9,9,9,0,0,0,000000000,00000000000,0,0,0,1,0,0,0,0,0,0,0,999,0,0,0,99,9,9,99,0,0,0,1,4,85147,1,1,0,0,2,3,61,165,0,1,0,0,1,9,2012,11,2012,9,99,99,99,99,9,9,99,9,9,8,99,99,9,99,99,99,9,9,99,1,1
4,40600,1,3,1,6,10,8,37,12,6,1,0,4,3,98,884,98884,61,1999,JHBFA4JG4X1S,J,H,B,F,A,4,J,G,4,X,1,S,0,0,77,777777777,77777777777,2,1,1,1,0,0,0,0,0,0,0,36,0,0,0,12,9,9,12,0,0,0,1,4,85201,6,1,0,0,3,0,73,265,0,0,0,0,0,0,0,0,0,0,89,39,0,0,3,3,40,1,1,2,1,3,3,1,17,99,1,1,88,0,0
4,40600,2,3,1,6,10,8,37,12,6,1,0,4,1,20,22,20022,4,2007,1G1AK55F1773,1,G,1,A,K,5,5,F,1,7,7,3,0,0,0,000000000,00000000000,0,0,0,1,0,0,0,0,0,0,0,44,0,0,0,61,6,2,12,0,0,0,1,4,85024,0,0,0,0,0,0,999,999,1,0,0,1,0,9,2012,10,2012,0,0,0,0,0,4,3,40,1,1,2,1,3,3,1,66,99,1,1,89,1,0
4,40600,3,3,1,6,10,8,37,12,6,1,0,4,1,67,35,67035,2,2013,JF1ZNAA14D27,J,F,1,Z,N,A,A,1,4,D,2,7,0,0,0,000000000,00000000000,0,0,0,1,0,0,0,0,0,0,0,0,0,0,0,62,4,5,12,0,0,0,1,4,85255,6,1,0,0,3,3,70,185,0,0,0,0,0,0,0,0,0,0,0,0,0,0,2,5,40,1,1,2,1,3,3,5,66,1,1,1,98,0,0
4,40601,1,2,1,8,10,8,53,1,0,1,0,4,3,35,472,35472,30,2011,1N6BD0CT5BC4,1,N,6,B,D,0,C,T,5,B,C,4,0,0,0,000000000,00000000000,0,0,0,1,0,0,0,0,0,0,0,10,0,0,0,63,4,5,12,0,0,0,1,4,85209,6,1,0,0,3,3,72,210,0,0,0,0,0,0,0,0,0,0,38,91,0,0,0,0,0,0,0,0,0,0,0,11,15,7,1,3,98,0,0
4,40601,2,2,1,8,10,8,53,1,0,1,0,4,2,72,706,72706,80,1986,1HD1EAL15GY1,1,H,D,1,E,A,L,1,5,G,Y,1,0,0,0,000000000,00000000000,0,0,0,1,0,0,0,0,0,0,0,38,0,0,0,0,6,2,12,0,0,0,1,4,85308,6,1,0,0,3,0,72,165,0,0,0,0,0,0,0,0,0,0,89,0,0,0,5,7,45,1,1,2,1,0,0,1,72,98,9,1,98,1,0
4,40602,1,2,1,15,10,18,59,12,6,1,0,4,2,12,443,12443,20,2005,2FMZA51685BA,2,F,M,Z,A,5,1,6,8,5,B,A,0,0,0,000000000,00000000000,0,0,0,1,0,0,0,0,0,0,0,10,0,0,0,83,6,2,12,0,0,0,1,4,85204,0,0,0,0,0,0,999,999,99,99,99,99,99,99,9999,99,9999,0,38,0,0,0,1,6,45,1,1,8,1,3,3,11,15,99,1,1,68,0,0
4,40602,2,2,1,15,10,18,59,12,6,1,0,4,1,53,705,53705,80,2000,JS1GR7HAXY21,J,S,1,G,R,7,H,A,X,Y,2,1,0,0,0,000000000,00000000000,0,0,0,1,0,0,0,0,0,0,0,70,0,0,0,12,6,2,12,0,0,0,1,4,85243,6,1,0,0,3,0,72,200,0,0,0,0,0,0,0,0,0,4,0,0,0,0,1,6,45,1,1,8,1,3,3,1,62,99,9,1,69,1,0
4,40603,1,2,2,20,11,20,10,12,6,1,0,4,1,63,33,63033,4,2003,KNAFB121X352,K,N,A,F,B,1,2,1,X,3,5,2,0,0,0,000000000,00000000000,0,0,0,1,0,0,0,0,0,0,0,15,0,0,0,62,6,2,12,0,0,0,1,4,85350,0,0,0,0,0,0,71,134,0,0,0,0,0,0,0,0,0,0,38,0,0,0,1,2,35,1,1,2,1,20,3,11,15,99,1,1,82,1,0
4,40603,2,2,1,20,11,20,10,12,6,1,0,4,1,2,403,2403,14,2006,1J4FA49S46P7,1,J,4,F,A,4,9,S,4,6,P,7,0,0,0,000000000,00000000000,0,0,0,1,0,0,0,0,0,0,0,45,0,1,1,12,6,2,12,0,0,0,1,4,85349,6,1,0,0,3,0,66,190,0,0,0,1,0,4,2013,4,2013,0,0,0,0,0,1,2,45,1,1,2,1,0,0,1,67,1,1,1,83,0,0
4,40604,1,1,1,2,12,2,20,33,0,1,0,4,2,12,481,12481,31,2000,1FTRF17W7YKB,1,F,T,R,F,1,7,W,7,Y,K,B,0,0,0,000000000,00000000000,0,0,0,1,0,0,0,0,0,0,0,999,0,0,0,12,6,2,19,0,0,0,1,42,85032,6,7,0,0,9,3,68,999,0,19,0,0,1,12,2011,4,2014,0,0,0,0,0,1,5,35,1,1,8,1,0,0,1,12,99,1,4,6,1,1
4,40605,1,1,1,3,12,20,13,1,0,1,0,4,1,98,703,98703,88,2009,ZAPM448F8950,Z,A,P,M,4,4,8,F,8,9,5,0,0,0,0,000000000,00000000000,0,0,0,1,0,0,0,0,0,0,0,40,0,0,0,0,4,3,1,0,0,0,1,4,85710,6,1,0,0,3,3,70,230,0,0,0,1,0,12,2013,12,2013,9,99,99,99,99,2,2,40,1,1,8,1,0,0,1,99,99,9,1,98,1,0
4,40606,1,3,1,6,12,9,58,12,2,1,0,4,2,12,17,12017,6,1998,1FAFP58S0WG1,1,F,A,F,P,5,8,S,0,W,G,1,0,0,0,000000000,00000000000,0,0,0,1,0,0,0,0,0,0,0,40,0,0,0,12,6,2,12,0,0,0,1,4,85340,1,1,0,0,2,0,71,195,1,1,0,0,1,8,2014,10,2014,0,28,0,0,0,2,3,35,1,2,2,1,0,0,1,10,99,1,2,50,0,0
4,40606,2,3,1,6,12,9,58,12,2,1,0,8,4,63,37,63037,6,2014,KNDJP3A56E70,K,N,D,J,P,3,A,5,6,E,7,0,0,0,0,000000000,00000000000,0,0,0,1,0,0,0,0,0,0,0,35,0,0,0,12,6,2,12,0,0,0,1,51,23838,6,1,0,0,3,0,67,140,0,0,0,0,0,0,0,0,0,0,0,0,0,0,2,3,35,1,6,2,1,0,0,1,62,99,1,1,51,1,0
4,40606,3,3,1,6,12,9,58,12,2,1,0,4,1,72,706,72706,80,2005,1HD1FRW355Y7,1,H,D,1,F,R,W,3,5,5,Y,7,0,0,0,000000000,00000000000,0,0,0,1,0,0,0,0,0,0,0,35,0,0,0,9,0,5,54,0,0,0,1,4,86303,6,1,0,0,3,3,74,200,0,0,0,0,0,0,0,0,0,0,89,0,0,0,2,3,35,1,6,2,1,0,0,1,98,1,1,1,98,0,0
4,40607,1,1,5,12,12,5,13,25,0,1,0,4,2,24,5,24005,4,2001,1G8JU54FX1Y5,1,G,8,J,U,5,4,F,X,1,Y,5,0,0,0,000000000,00000000000,0,0,0,1,0,0,0,0,0,0,0,998,0,0,0,61,6,2,25,0,0,0,1,4,85303,0,0,0,0,0,0,71,160,0,0,0,0,0,0,0,0,0,4,91,0,0,0,3,4,65,1,1,2,1,0,0,15,6,7,3,4,7,1,0
4,40608,1,2,1,22,12,15,1,12,2,1,0,4,2,22,18,22018,4,2000,1G2NF52E8YC5,1,G,2,N,F,5,2,E,8,Y,C,5,0,0,0,000000000,00000000000,0,0,0,1,0,0,0,0,0,0,0,60,0,0,0,12,6,2,12,0,0,0,1,4,86326,6,1,0,0,3,3,63,185,0,0,0,0,0,0,0,0,0,0,28,0,0,0,1,2,55,1,1,2,1,0,0,1,10,99,1,2,50,1,0
4,40608,2,2,1,22,12,15,1,12,2,1,0,4,3,82,884,82884,63,2002,1FVABTAK02HJ,1,F,V,A,B,T,A,K,0,2,H,J,0,0,57,02361843,5702361843,3,1,1,1,0,0,0,0,0,0,0,55,0,0,0,12,6,2,12,0,0,0,1,4,85022,6,1,6,1,3,0,72,230,0,0,0,0,0,0,0,0,0,0,0,0,0,0,1,2,55,1,1,2,1,0,0,1,62,2,1,1,51,0,0
4,40609,1,1,1,23,12,17,28,34,0,1,0,4,2,12,3,12003,2,2000,1FAFP4040YF1,1,F,A,F,P,4,0,4,0,Y,F,1,0,0,0,000000000,00000000000,0,0,0,1,0,0,0,0,0,0,0,70,0,1,5,81,6,2,1,0,0,0,1,4,85231,6,1,0,0,3,0,68,200,0,0,0,0,0,0,0,0,0,3,0,0,0,0,1,2,45,1,1,2,1,0,0,1,6,6,4,4,7,1,1
4,40610,1,1,1,28,10,0,23,41,0,1,0,4,2,20,401,20401,14,2004,1GNCS13X14K1,1,G,N,C,S,1,3,X,1,4,K,1,0,0,0,000000000,00000000000,0,0,0,1,0,0,0,0,0,0,0,998,0,1,5,12,6,2,1,0,0,1,1,4,85371,6,1,0,0,3,0,62,150,0,0,0,0,0,0,0,0,0,0,0,0,0,0,1,2,55,1,1,8,1,0,0,1,13,99,1,4,1,1,0
4,40611,1,3,1,28,10,13,25,12,6,1,0,4,2,2,404,2404,14,2011,1J4RS4GG8BC6,1,J,4,R,S,4,G,G,8,B,C,6,0,0,0,000000000,00000000000,0,0,0,1,0,0,0,0,0,0,0,45,0,0,0,12,2,3,12,0,0,0,1,4,85206,6,1,0,0,3,0,71,180,0,0,0,0,0,0,0,0,0,0,91,39,0,0,2,5,45,1,1,8,1,3,3,1,17,4,2,1,86,0,0
4,40611,2,3,1,28,10,13,25,12,6,1,0,4,1,73,705,73705,80,1999,JKAKLEA13XA0,J,K,A,K,L,E,A,1,3,X,A,0,0,0,0,000000000,00000000000,0,0,0,1,0,0,0,0,0,0,0,998,0,0,0,82,6,2,12,0,0,0,1,4,85234,6,1,0,0,3,3,73,180,0,0,0,0,0,0,0,0,0,0,0,0,0,0,2,4,45,1,1,8,1,3,3,1,66,1,1,1,87,1,0