STATE,ST_CASE,VEH_NO,VE_FORMS,NUMOCCS,DAY,MONTH,HOUR,MINUTE,HARM_EV,MAN_COLL,UNITTYPE,HIT_RUN,REG_STAT,OWNER,MAKE,MODEL,MAK_MOD,BODY_TYP,MOD_YEAR,VIN,VIN_1,VIN_2,VIN_3,VIN_4,VIN_5,VIN_6,VIN_7,VIN_8,VIN_9,VIN_10,VIN_11,VIN_12,TOW_VEH,J_KNIFE,MCARR_I1,MCARR_I2,MCARR_ID,GVWR,V_CONFIG,CARGO_BT,HAZ_INV,HAZ_PLAC,HAZ_ID,HAZ_CNO,HAZ_REL,BUS_USE,SPEC_USE,EMER_USE,TRAV_SP,UNDERIDE,ROLLOVER,ROLINLOC,IMPACT1,DEFORMED,TOWED,M_HARM,VEH_SC1,VEH_SC2,FIRE_EXP,DR_PRES,L_STATE,DR_ZIP,L_STATUS,L_TYPE,CDL_STAT,L_ENDORS,L_COMPL,L_RESTRI,DR_HGT,DR_WGT,PREV_ACC,PREV_SUS,PREV_DWI,PREV_SPD,PREV_OTH,FIRST_MO,FIRST_YR,LAST_MO,LAST_YR,SPEEDREL,DR_SF1,DR_SF2,DR_SF3,DR_SF4,VTRAFWAY,VNUM_LAN,VSPD_LIM,VALIGN,VPROFILE,VPAVETYP,VSURCOND,VTRAFCON,VTCONT_F,P_CRASH1,P_CRASH2,P_CRASH3,PCRASH4,PCRASH5,ACC_TYPE,DEATHS,DR_DRINK
4,40693,2,2,3,30,12,0,8,12,99,1,0,99,9,99,999,99999,99,9999,999999999999,9,9,9,9,9,9,9,9,9,9,9,9,0,0,0,000000000,00000000000,0,0,0,1,0,0,0,0,0,0,0,999,0,1,9,99,9,9,1,0,0,0,1,4,85208,6,1,0,0,3,0,71,190,0,0,0,0,0,0,0,0,0,9,99,99,99,99,9,9,99,9,9,8,99,99,9,99,99,99,9,9,99,1,0
4,40694,1,3,2,5,4,5,21,12,99,1,0,99,9,20,37,20037,4,2001,999999999999,9,9,9,9,9,9,9,9,9,9,9,9,0,0,0,000000000,00000000000,0,0,0,1,0,0,0,0,0,0,0,0,0,0,0,99,9,9,12,0,0,0,1,4,85017,0,0,0,0,0,0,999,999,0,0,0,0,0,0,0,0,0,0,91,0,0,0,3,4,99,1,1,2,1,0,0,5,99,99,9,9,99,1,0
4,40694,2,3,1,5,4,5,21,12,99,1,0,99,9,14,38,14038,2,2000,999999999999,9,9,9,9,9,9,9,9,9,9,9,9,0,0,0,000000000,00000000000,0,0,0,1,0,0,0,0,0,0,0,999,0,0,0,99,9,9,12,0,0,0,1,6,99999,9,9,99,0,9,9,999,999,99,99,99,99,99,99,9999,99,9999,9,84,0,0,0,3,4,99,1,1,2,99,0,0,1,99,99,9,9,99,0,0
4,40694,3,3,1,5,4,5,21,12,99,1,0,99,9,20,431,20431,16,1994,999999999999,9,9,9,9,9,9,9,9,9,9,9,9,0,0,0,000000000,00000000000,0,0,0,1,0,0,0,0,0,0,0,999,0,0,0,12,9,9,54,0,0,0,1,4,85015,6,1,0,0,3,0,65,180,0,0,0,0,0,0,0,0,0,9,99,99,99,99,3,4,99,1,1,2,1,0,0,99,99,99,9,9,98,0,0
4,40695,1,1,1,28,11,12,59,21,0,1,0,6,4,12,481,12481,31,2014,1FTEW1CM2EKE,1,F,T,E,W,1,C,M,2,E,K,E,0,0,0,000000000,00000000000,0,0,0,1,0,0,0,0,0,0,0,60,0,0,0,12,6,2,21,0,0,0,1,45,29407,6,1,0,0,3,0,68,120,1,0,0,0,0,9,2014,9,2014,9,99,99,99,99,8,8,65,1,1,2,1,0,0,99,13,99,9,4,5,1,0
4,40696,1,1,2,27,12,3,28,52,0,1,0,99,9,2,999,2999,49,2012,999999999999,9,9,9,9,9,9,9,9,9,9,9,9,0,0,0,000000000,00000000000,0,0,0,1,0,0,0,0,0,0,0,999,0,1,9,99,9,9,1,0,0,0,1,99,99999,9,9,99,0,9,9,999,999,99,99,99,99,99,99,9999,99,9999,9,99,99,99,99,9,9,99,9,9,2,99,99,9,99,99,99,9,9,99,1,0
4,40697,1,1,6,10,6,16,45,1,0,1,0,4,2,35,402,35402,14,2000,5N1ED28T5YC5,5,N,1,E,D,2,8,T,5,Y,C,5,0,0,0,000000000,00000000000,0,0,0,1,0,0,0,0,0,0,0,999,0,1,3,0,6,2,1,0,0,0,1,4,85374,6,1,0,0,3,0,66,145,0,0,0,0,0,0,0,0,0,4,58,0,0,0,3,7,65,1,1,2,1,0,0,1,6,6,4,4,7,1,1
4,40698,1,2,1,13,9,13,21,12,9,1,0,4,1,72,706,72706,80,2013,1HD1MAM12DB8,1,H,D,1,M,A,M,1,2,D,B,8,0,0,0,000000000,00000000000,0,0,0,1,0,0,0,0,0,0,0,55,0,0,0,63,6,2,12,0,0,0,1,4,85345,6,1,0,0,3,0,66,190,0,0,0,0,0,0,0,0,0,0,27,84,0,0,3,5,65,1,1,2,1,0,0,1,52,9,2,1,32,1,0
4,40698,2,2,1,13,9,13,21,12,9,1,0,4,1,37,31,37031,2,2002,1HGEM222X2L0,1,H,G,E,M,2,2,2,X,2,L,0,0,0,0,000000000,00000000000,0,0,0,1,0,0,0,0,0,0,0,40,0,0,0,6,6,2,12,0,0,0,1,48,76059,6,1,0,0,3,3,999,999,0,0,0,1,0,2,2013,2,2013,0,0,0,0,0,3,5,65,1,1,2,1,0,0,2,53,2,1,1,32,0,0
4,40699,1,2,1,15,9,1,9,12,1,1,0,18,3,86,881,86881,66,2011,1M1AW01Y7BM0,1,M,1,A,W,0,1,Y,7,B,M,0,1,1,57,00021800,5700021800,3,6,1,1,0,0,0,0,0,0,0,998,7,0,0,12,6,2,12,0,0,0,1,4,85338,6,1,6,0,3,0,71,300,0,0,0,0,0,0,0,0,0,4,0,0,0,0,2,2,75,1,1,2,1,0,0,1,51,1,1,1,24,0,0
4,40699,2,2,1,15,9,1,9,12,1,1,0,96,1,12,481,12481,31,1993,1FTEX15N9PKB,1,F,T,E,X,1,5,N,9,P,K,B,0,0,0,000000000,00000000000,0,0,0,1,0,0,0,0,0,0,0,998,0,0,0,6,6,2,42,0,0,0,1,96,0,9,9,99,0,9,9,999,999,99,99,99,99,99,99,9999,99,9999,0,0,0,0,0,2,2,75,1,1,2,1,0,0,1,53,99,1,1,25,1,0
4,40700,1,1,1,3,10,18,56,1,0,1,0,4,1,6,52,6052,6,2003,3C8FY78GX3T6,3,C,8,F,Y,7,8,G,X,3,T,6,0,0,0,000000000,00000000000,0,0,0,1,0,0,0,0,0,0,0,999,0,1,5,0,6,2,1,0,0,0,1,4,85531,6,1,0,0,3,0,63,138,0,0,0,0,0,0,0,0,0,4,0,0,0,0,2,3,65,1,1,2,1,0,0,1,6,7,3,4,2,1,0
4,40701,1,1,1,10,10,4,0,35,0,1,0,4,1,37,31,37031,4,2010,19XFA1F54AE0,1,9,X,F,A,1,F,5,4,A,E,0,0,0,0,000000000,00000000000,0,0,0,1,0,0,0,0,0,0,0,75,0,0,0,99,6,2,35,0,0,0,1,4,85251,6,1,0,0,3,0,68,190,0,2,1,0,0,12,2012,2,2013,4,0,0,0,0,1,2,35,2,6,2,1,40,3,14,6,7,3,4,7,1,1
4,40702,1,2,1,14,10,6,59,12,6,1,0,4,1,30,40,30040,4,2014,3VWD17AJ5EM4,3,V,W,D,1,7,A,J,5,E,M,4,0,0,0,000000000,00000000000,0,0,0,1,0,0,0,0,0,0,0,5,0,0,0,3,6,2,12,0,0,0,1,4,85142,6,1,6,0,3,3,66,122,0,0,0,0,1,11,2011,11,2011,0,38,0,0,0,2,4,65,3,1,2,1,0,0,11,15,1,1,1,68,0,0
4,40702,2,2,1,14,10,6,59,12,6,1,0,4,1,76,706,76706,80,2013,JYARN27EXDA0,J,Y,A,R,N,2,7,E,X,D,A,0,0,0,0,000000000,00000000000,0,0,0,1,0,0,0,0,0,0,0,998,0,0,0,12,6,2,12,0,0,0,1,4,85139,6,1,0,0,3,3,71,200,0,0,0,0,0,0,0,0,0,0,0,0,0,0,2,4,75,2,1,2,1,0,0,14,62,99,1,1,69,1,0
4,40703,1,1,1,30,10,12,13,9,0,1,0,4,1,12,880,12880,67,2006,1FTWW31P36EB,1,F,T,W,W,3,1,P,3,6,E,B,0,0,88,888888888,88888888888,2,1,97,1,0,0,0,0,0,0,0,999,0,0,0,82,2,5,9,0,0,0,1,4,85742,6,1,0,0,3,0,72,200,0,0,0,0,0,0,0,0,0,9,99,99,99,99,1,2,65,1,5,2,1,0,0,1,83,1,1,1,13,0,0
4,40704,1,2,1,7,11,12,21,12,2,1,0,4,3,7,482,7482,31,2014,1C6RR7KT3ES1,1,C,6,R,R,7,K,T,3,E,S,1,0,0,0,000000000,00000000000,0,0,0,1,0,0,0,0,0,0,0,55,0,1,1,12,6,2,12,0,0,0,1,4,85388,6,1,0,0,3,0,73,185,1,0,0,2,0,7,2014,9,2014,0,28,0,0,0,1,2,45,3,1,2,1,40,3,14,13,7,1,6,52,1,0
4,40704,2,2,1,7,11,12,21,12,2,1,0,4,4,84,881,84881,63,2005,1HTXLAHT35J1,1,H,T,X,L,A,H,T,3,5,J,1,0,0,57,0168028,570168028,3,2,5,1,0,0,0,0,0,0,0,45,0,0,0,12,6,2,12,0,0,0,1,4,85383,6,1,6,0,3,0,75,300,0,0,0,0,0,0,0,0,0,0,0,0,0,0,1,2,45,2,1,2,1,40,3,14,63,8,1,3,52,0,0
4,40705,1,1,1,17,11,13,7,8,0,1,1,99,9,42,42,42042,4,2000,999999999999,9,9,9,9,9,9,9,9,9,9,9,9,0,0,0,000000000,00000000000,0,0,0,1,0,0,0,0,0,0,0,999,0,0,0,12,2,5,8,0,0,0,1,99,99999,9,9,99,0,9,9,999,999,99,99,99,99,99,99,9999,99,9999,9,99,99,99,99,2,2,75,1,1,2,1,0,0,1,80,99,1,1,13,0,0
4,40706,1,1,3,18,11,5,24,42,0,1,1,4,2,23,402,23402,14,2013,2GKFLREK1D61,2,G,K,F,L,R,E,K,1,D,6,1,0,0,0,000000000,00000000000,0,0,0,1,0,0,0,0,0,0,0,999,0,0,0,99,6,2,58,0,0,0,1,99,99999,9,9,99,0,9,9,999,999,99,99,99,99,99,99,9999,99,9999,9,99,99,99,99,1,2,65,1,1,2,1,0,0,99,12,99,9,4,10,1,0
4,40707,1,1,3,28,11,16,46,1,0,1,9,99,9,99,999,99999,99,9999,999999999999,9,9,9,9,9,9,9,9,9,9,9,9,0,0,0,000000000,00000000000,0,0,0,1,0,0,0,0,0,0,0,999,0,1,9,0,9,9,1,0,0,0,1,99,99999,9,9,99,0,9,9,999,999,99,99,99,99,99,99,9999,99,9999,9,99,99,99,99,9,9,99,9,9,8,99,99,9,99,99,99,9,9,99,2,0
4,40708,1,2,1,3,12,6,13,12,1,1,0,4,2,20,481,20481,31,2005,2GCEK13T9513,2,G,C,E,K,1,3,T,9,5,1,3,0,0,0,000000000,00000000000,0,0,0,1,0,0,0,0,0,0,0,999,0,0,0,12,6,2,12,0,0,0,1,4,85273,6,1,0,0,3,3,73,230,0,0,0,0,0,0,0,0,0,4,0,0,0,0,2,2,65,1,1,2,1,0,0,1,51,99,1,1,24,1,0
4,40708,2,2,1,3,12,6,13,12,1,1,0,4,3,85,881,85881,66,1997,1XKDD99X0VR7,1,X,K,D,D,9,9,X,0,V,R,7,1,1,57,0167277,570167277,3,6,4,1,0,0,0,0,0,0,0,32,0,0,0,6,4,5,12,0,0,0,1,4,85128,6,1,6,0,3,3,71,245,0,2,0,0,0,6,2014,7,2014,0,0,0,0,0,2,2,65,1,1,2,1,0,0,1,53,1,1,1,25,0,0
4,40709,1,1,2,3,12,20,31,8,0,1,0,6,1,23,461,23461,21,1997,1GDFG15R6V10,1,G,D,F,G,1,5,R,6,V,1,0,0,0,0,000000000,00000000000,0,0,0,1,0,0,0,0,0,0,0,55,0,0,0,12,4,5,8,0,0,0,1,6,93662,6,1,0,0,3,0,64,220,0,0,0,0,0,0,0,0,0,0,0,0,0,0,2,3,75,1,1,2,1,0,0,1,80,1,1,1,13,0,0
4,40710,1,1,1,6,12,7,55,1,0,1,0,4,2,20,473,20473,30,2006,1GCDT1367682,1,G,C,D,T,1,3,6,7,6,8,2,0,0,0,000000000,00000000000,0,0,0,1,0,0,0,0,0,0,0,65,0,1,1,0,6,2,1,0,0,0,1,4,85901,6,1,0,0,3,0,65,140,0,0,0,0,0,0,0,0,0,4,0,0,0,0,1,2,65,1,6,2,1,0,0,1,13,6,4,6,98,1,0
4,40711,1,3,5,8,12,18,13,8,0,1,0,4,1,21,20,21020,4,1993,1G3AG54N4P64,1,G,3,A,G,5,4,N,4,P,6,4,0,0,0,000000000,00000000000,0,0,0,1,0,0,0,0,0,0,0,65,0,0,0,12,2,5,8,0,0,0,1,4,85635,6,1,0,0,3,0,69,265,0,0,0,0,0,0,0,0,0,0,0,0,0,0,1,2,65,1,1,2,1,0,0,1,80,99,1,1,13,0,0
4,40711,2,3,1,8,12,18,13,8,0,1,0,4,1,22,32,22032,6,2009,5Y2SP67849Z4,5,Y,2,S,P,6,7,8,4,9,Z,4,0,0,0,000000000,00000000000,0,0,0,1,0,0,0,0,0,0,0,60,0,0,0,12,2,5,8,0,0,0,1,4,85635,6,1,0,0,3,0,62,133,0,0,0,0,0,0,0,0,0,0,89,0,0,0,1,2,65,1,1,2,1,0,0,1,80,6,1,3,98,0,0
4,40711,3,3,2,8,12,18,13,8,0,1,0,4,3,20,481,20481,31,2006,1GBHC24U96E1,1,G,B,H,C,2,4,U,9,6,E,1,0,0,0,000000000,00000000000,0,0,0,1,0,0,0,0,0,0,0,55,0,0,0,12,0,5,8,0,0,0,1,4,85635,6,1,0,0,3,3,73,176,0,0,0,2,0,4,2013,2,2014,0,0,0,0,0,1,2,65,1,1,2,1,0,0,1,80,99,1,3,98,0,0
4,40712,1,1,1,10,12,16,16,1,0,1,0,4,2,20,481,20481,31,1989,1GCDC14K9KZ1,1,G,C,D,C,1,4,K,9,K,Z,1,0,0,0,000000000,00000000000,0,0,0,1,0,0,0,0,0,0,0,999,0,1,5,0,6,2,1,0,0,0,1,4,86505,6,1,5,0,3,0,70,210,0,0,0,0,0,0,0,0,0,4,0,0,0,0,1,2,65,1,5,2,1,0,0,1,13,7,1,4,1,1,1
4,40713,1,1,1,11,12,10,47,1,0,1,0,4,1,22,22,22022,4,2007,1G2ZG58N6741,1,G,2,Z,G,5,8,N,6,7,4,1,0,0,0,000000000,00000000000,0,0,0,1,0,0,0,0,0,0,0,998,0,1,3,0,6,2,1,0,0,0,1,4,85123,6,1,0,0,3,0,68,105,0,0,0,0,0,0,0,0,0,9,89,0,0,0,2,2,75,1,1,2,1,0,0,1,12,6,1,4,8,1,1
4,40714,1,1,6,12,12,1,47,41,0,1,0,4,1,7,482,7482,31,2003,1D7HU18N63S1,1,D,7,H,U,1,8,N,6,3,S,1,0,0,0,000000000,00000000000,0,0,0,1,0,0,0,0,0,0,0,998,0,1,5,99,6,2,1,0,0,0,1,4,86053,6,1,0,0,3,3,66,165,0,2,0,1,1,6,2012,5,2014,4,58,0,0,0,1,2,65,1,6,2,1,0,0,1,98,7,5,4,2,1,1
4,40715,1,1,1,14,12,8,1,8,0,1,0,4,2,20,481,20481,31,2003,1GCEK19V63E2,1,G,C,E,K,1,9,V,6,3,E,2,0,0,0,000000000,00000000000,0,0,0,1,0,0,0,0,0,0,0,67,0,1,5,99,6,2,8,0,0,0,1,4,85929,6,1,0,0,3,0,72,215,0,0,0,0,0,0,0,0,0,4,89,87,0,0,3,2,65,1,1,2,4,0,0,1,5,99,5,4,2,0,0
4,40716,1,1,3,28,12,11,23,42,0,1,0,4,2,12,481,12481,31,1997,1FTDX1721VKB,1,F,T,D,X,1,7,2,1,V,K,B,0,0,0,000000000,00000000000,0,0,0,1,0,0,0,0,0,0,0,999,0,1,5,99,6,2,1,0,0,0,1,4,86053,6,1,0,0,3,0,63,133,0,0,0,0,0,0,0,0,0,9,99,99,99,99,1,2,65,1,1,2,1,0,0,1,9,99,3,4,5,1,1
4,40717,1,1,1,7,12,17,58,99,99,1,0,99,9,99,709,99709,80,9999,999999999999,9,9,9,9,9,9,9,9,9,9,9,9,0,0,0,000000000,00000000000,0,0,0,1,0,0,0,0,0,0,0,999,0,0,0,0,9,9,99,0,0,0,1,4,85363,6,1,0,0,3,0,69,200,0,0,0,1,1,4,2014,6,2014,9,99,99,99,99,9,9,99,9,9,8,99,99,9,99,99,99,9,9,99,1,0
4,40718,1,1,1,30,11,21,44,99,0,1,0,4,1,49,471,49471,30,1993,4TARN01P5PZ1,4,T,A,R,N,0,1,P,5,P,Z,1,0,0,0,000000000,00000000000,0,0,0,1,0,0,0,0,0,0,0,60,0,0,0,99,6,2,2,0,0,1,1,4,85210,6,1,0,0,3,0,73,170,0,2,0,1,2,6,2013,11,2013,4,39,0,0,0,1,8,45,1,1,8,1,40,3,1,99,99,9,9,99,1,0
4,40719,1,1,1,4,11,18,45,8,0,1,0,4,1,20,471,20471,30,1988,1GCCS14Z4J22,1,G,C,C,S,1,4,Z,4,J,2,2,0,0,0,000000000,00000000000,0,0,0,1,0,0,0,0,0,0,0,15,0,0,0,12,2,5,8,0,0,0,1,4,85308,6,1,0,0,3,0,69,148,0,0,0,0,0,0,0,0,0,0,0,0,0,0,2,3,45,1,1,8,1,0,0,1,80,4,1,1,13,0,0
4,40720,1,1,2,10,10,19,5,9,0,1,0,4,1,52,47,52047,6,2014,4A4AP4AU2EE0,4,A,4,A,P,4,A,U,2,E,E,0,0,0,0,000000000,00000000000,0,0,0,1,0,0,0,0,0,0,0,37,0,0,0,12,4,5,9,0,0,0,1,4,85016,6,1,0,0,3,3,70,265,0,0,0,1,0,2,2012,2,2012,0,0,0,0,0,5,6,40,1,1,2,1,0,0,1,83,99,1,1,13,0,0
4,40721,1,1,2,23,6,99,99,1,0,1,0,99,9,99,709,99709,80,9999,999999999999,9,9,9,9,9,9,9,9,9,9,9,9,0,0,0,000000000,00000000000,0,0,0,1,0,0,0,0,0,0,0,999,0,0,0,0,9,9,1,0,0,0,1,4,85338,6,1,0,0,3,0,75,227,1,0,0,0,1,12,2012,8,2013,9,89,0,0,0,9,9,99,9,9,8,99,99,9,99,99,99,9,9,98,1,1
4,40722,1,1,2,10,12,16,30,99,99,1,0,99,9,99,999,99999,99,9999,999999999999,9,9,9,9,9,9,9,9,9,9,9,9,0,0,0,000000000,00000000000,0,0,0,1,0,0,0,0,0,0,0,999,0,0,0,99,9,9,99,0,0,0,1,4,85326,9,9,99,0,9,9,999,999,99,99,99,99,99,99,9999,99,9999,9,99,99,99,99,9,9,99,9,9,8,99,99,9,99,99,99,9,9,99,1,0
4,40723,1,1,3,10,7,20,26,9,0,1,0,4,1,37,32,37032,4,1993,JHMCB7651PC0,J,H,M,C,B,7,6,5,1,P,C,0,0,0,0,000000000,00000000000,0,0,0,1,0,0,0,0,0,0,0,45,0,0,0,12,6,2,9,0,0,0,1,4,85202,6,1,0,0,3,0,69,175,0,0,0,0,0,0,0,0,0,0,0,0,0,0,8,8,45,1,1,8,1,0,0,1,83,1,1,1,13,0,0
4,40724,1,2,8,2,5,23,36,12,2,1,0,4,2,23,421,23421,15,2003,1GKEC16T53R1,1,G,K,E,C,1,6,T,5,3,R,1,0,0,0,000000000,00000000000,0,0,0,1,0,0,0,0,0,0,0,17,0,0,0,12,6,2,12,0,0,0,1,4,85035,6,1,0,0,3,0,70,175,0,2,0,3,0,5,2011,5,2012,0,38,0,0,0,1,6,40,1,1,2,1,3,3,11,15,99,1,1,68,0,0
4,40724,2,2,1,2,5,23,36,12,2,1,0,4,2,37,706,37706,80,1996,1HFSC1801TA0,1,H,F,S,C,1,8,0,1,T,A,0,0,0,0,000000000,00000000000,0,0,0,1,0,0,0,0,0,0,0,31,0,0,0,12,6,2,12,0,0,0,1,4,85301,6,1,0,0,3,3,71,230,0,0,0,0,0,0,0,0,0,0,0,0,0,0,1,6,40,1,1,2,1,3,3,1,62,99,1,1,69,1,0
4,40725,1,1,1,22,3,99,99,3,0,1,0,99,9,99,999,99999,99,9999,999999999999,9,9,9,9,9,9,9,9,9,9,9,9,0,0,0,000000000,00000000000,0,0,0,1,0,0,0,0,0,0,0,999,0,0,0,0,9,9,3,0,0,0,1,4,85204,6,1,0,0,3,3,71,220,0,0,0,0,0,0,0,0,0,9,99,99,99,99,9,9,99,9,9,8,99,99,9,99,99,99,9,4,0,1,0
4,40726,1,1,2,3,4,15,56,8,0,1,0,4,2,12,481,12481,31,2010,1FTMF1E83AKE,1,F,T,M,F,1,E,8,3,A,K,E,0,0,0,000000000,00000000000,0,0,0,1,0,0,0,0,0,0,0,998,0,0,0,99,8,8,8,0,0,0,1,4,85941,1,1,0,0,2,0,60,174,0,0,0,0,0,0,0,0,0,0,99,99,99,99,0,0,0,0,0,0,0,0,0,13,80,1,1,7,98,0,0
4,40727,1,1,2,30,5,13,35,1,0,1,0,99,9,99,999,99999,99,9999,999999999999,9,9,9,9,9,9,9,9,9,9,9,9,0,0,0,000000000,00000000000,0,0,0,1,0,0,0,0,0,0,0,999,0,9,9,0,9,9,1,0,0,0,1,99,99999,9,9,99,9,9,9,999,999,99,99,99,99,99,99,9999,99,9999,9,99,99,99,99,9,9,99,9,9,2,99,99,9,99,99,99,9,9,99,1,0
4,40728,1,1,2,6,9,0,33,99,99,1,9,99,9,99,999,99999,99,9999,999999999999,9,9,9,9,9,9,9,9,9,9,9,9,0,0,0,000000000,00000000000,0,0,0,1,0,0,0,0,0,0,0,999,0,0,0,99,9,9,99,0,0,0,1,99,99999,9,9,99,9,9,9,999,999,99,99,99,99,99,99,9999,99,9999,9,99,99,99,99,9,9,99,9,9,8,99,99,9,99,99,99,9,9,99,1,0
5,50001,1,1,1,1,1,4,2,1,0,1,0,92,0,20,481,20481,31,2001,2GCEC19T7111,2,G,C,E,C,1,9,T,7,1,1,1,0,0,0,000000000,00000000000,0,0,0,1,0,0,0,0,0,0,0,998,0,1,6,0,6,2,1,0,0,0,1,5,72103,6,1,0,0,3,0,70,146,0,0,0,0,0,0,0,0,0,9,6,0,0,0,2,2,65,3,1,1,1,0,0,14,13,6,4,4,1,1,1
5,50002,1,2,1,3,1,7,30,12,6,1,0,5,1,82,884,82884,66,1996,1FUYDZYBXTH8,1,F,U,Y,D,Z,Y,B,X,T,H,8,1,1,57,672823,57672823,3,6,10,1,0,0,0,0,0,0,0,3,0,0,0,8,4,5,12,0,0,0,1,5,71655,6,1,6,0,3,3,64,170,0,0,0,0,0,0,0,0,0,0,0,0,0,0,1,2,45,1,1,2,1,4,3,11,15,98,1,1,82,0,0
5,50002,2,2,1,3,1,7,30,12,6,1,0,92,0,97,997,97997,98,9998,888888888888,8,8,8,8,8,8,8,8,8,8,8,8,0,0,0,000000000,00000000000,0,0,0,1,0,0,0,0,0,0,0,998,0,0,0,12,6,2,12,0,0,0,1,5,71655,6,1,0,0,3,3,65,140,0,0,0,0,0,0,0,0,0,9,0,0,0,0,1,2,45,1,1,2,1,0,0,1,67,99,1,1,83,1,0
5,50003,1,4,1,3,1,18,35,8,0,1,0,5,1,85,890,85890,66,2007,3WKADB9X07F1,3,W,K,A,D,B,9,X,0,7,F,1,1,1,57,000983878,57000983878,3,6,1,1,0,0,0,0,0,0,0,998,0,0,0,1,0,5,8,0,0,0,1,5,72012,6,1,6,0,3,0,68,185,0,0,0,0,0,0,0,0,0,0,0,0,0,0,2,2,65,1,1,2,1,0,0,1,80,8,1,1,13,0,0
5,50003,2,4,2,3,1,18,35,8,0,1,0,5,1,35,47,35047,4,2007,1N4BA41E77C8,1,N,4,B,A,4,1,E,7,7,C,8,0,0,0,000000000,00000000000,0,0,0,1,0,0,0,0,0,0,0,998,0,0,0,12,0,5,8,0,0,0,1,5,71654,6,1,0,0,3,0,63,136,0,0,0,0,0,0,0,0,0,0,0,0,0,0,2,2,65,1,1,2,1,0,0,1,80,99,1,1,98,0,0
5,50003,3,4,2,3,1,18,35,8,0,1,0,5,2,59,32,59032,4,2006,JTHBN36FX650,J,T,H,B,N,3,6,F,X,6,5,0,0,0,0,000000000,00000000000,0,0,0,1,0,0,0,0,0,0,0,998,0,0,0,12,0,5,8,0,0,0,1,5,71654,6,1,0,0,3,0,70,192,0,0,0,0,0,0,0,0,0,0,0,0,0,0,2,2,65,1,1,2,1,0,0,1,80,99,1,1,98,0,0
5,50003,4,4,5,3,1,18,35,8,0,1,0,5,1,12,402,12402,14,2002,1FMCU04142KB,1,F,M,C,U,0,4,1,4,2,K,B,0,0,0,000000000,00000000000,0,0,0,1,0,0,0,0,0,0,0,998,0,0,0,12,0,5,8,0,0,0,1,5,71654,6,1,6,0,3,3,66,200,0,0,0,0,0,0,0,0,0,0,0,0,0,0,2,2,65,1,1,2,1,0,0,1,80,99,1,1,98,0,0
5,50004,1,3,5,6,1,13,33,12,1,1,0,21,2,37,31,37031,2,2005,1HGEM21915LS,1,H,G,E,M,2,1,9,1,5,L,S,0,0,0,000000000,00000000000,0,0,0,1,0,0,0,0,0,0,0,998,0,0,0,12,6,5,12,0,0,0,1,21,42539,6,1,0,0,3,3,66,130,1,0,0,0,0,8,2011,8,2011,0,6,0,0,0,3,2,70,1,1,2,1,0,0,1,53,1,1,1,24,0,0
5,50004,2,3,1,6,1,13,33,12,1,1,0,26,1,63,402,63402,14,2007,KNDJD7366756,K,N,D,J,D,7,3,6,6,7,5,6,1,1,0,000000000,00000000000,0,0,0,1,0,0,0,0,0,0,0,998,0,0,0,6,4,3,12,0,0,0,1,26,48341,6,1,0,0,3,0,69,180,0,0,0,0,0,0,0,0,0,0,0,0,0,0,3,2,70,1,1,2,1,0,0,1,51,1,1,1,25,0,0
5,50004,3,3,2,6,1,13,33,12,1,1,0,26,1,20,423,20423,15,2013,1GNKRFED0DJ1,1,G,N,K,R,F,E,D,0,D,J,1,0,0,0,000000000,00000000000,0,0,0,1,0,0,0,0,0,0,0,998,0,1,3,98,6,2,1,0,0,0,1,26,48341,6,1,0,0,3,0,72,185,0,0,0,0,1,10,2011,10,2011,0,0,0,0,0,3,2,70,1,1,2,1,0,0,17,12,6,1,4,98,1,0
5,50005,1,3,2,8,1,12,7,23,0,1,0,5,1,49,472,49472,30,2008,5TETX22N28Z5,5,T,E,T,X,2,2,N,2,8,Z,5,0,0,0,000000000,00000000000,0,0,0,1,0,0,0,0,0,0,0,998,0,0,0,98,6,2,23,0,0,0,1,5,72057,6,1,0,0,3,3,65,118,0,0,0,0,0,0,0,0,0,4,0,0,0,0,1,2,55,1,1,1,4,0,0,1,5,98,7,4,1,0,0
5,50005,2,3,1,8,1,12,7,23,0,1,0,5,3,84,890,84890,66,2000,2HSCHAMR6YC0,2,H,S,C,H,A,M,R,6,Y,C,0,1,1,77,777777777,77777777777,3,6,10,1,0,0,0,0,0,0,0,998,0,0,0,5,6,2,12,0,0,0,1,5,72150,6,1,6,0,3,3,74,223,0,0,0,0,0,0,0,0,0,9,0,0,0,0,1,2,55,1,1,1,4,0,0,1,62,6,1,2,98,0,0
5,50005,3,3,3,8,1,12,7,23,0,1,0,5,2,12,481,12481,31,1997,1FTEX27L3VNB,1,F,T,E,X,2,7,L,3,V,N,B,0,0,0,000000000,00000000000,0,0,0,1,0,0,0,0,0,0,0,998,0,0,0,12,6,2,12,0,0,0,1,48,75062,6,1,0,0,3,0,68,160,0,0,0,0,0,0,0,0,0,9,0,0,0,0,1,2,55,1,1,1,4,0,0,1,62,2,2,1,98,1,0
5,50006,1,1,1,8,1,16,40,34,0,1,0,5,1,12,17,12017,4,2005,1FAFP56225A2,1,F,A,F,P,5,6,2,2,5,A,2,0,0,0,000000000,00000000000,0,0,0,1,0,0,0,0,0,0,0,998,0,0,0,11,6,2,42,0,0,0,1,5,72063,1,1,0,0,2,3,70,190,0,0,0,0,0,0,0,0,0,4,87,0,0,0,1,2,55,1,1,2,4,40,3,1,5,1,3,4,2,1,1