STATE,ST_CASE,VEH_NO,VE_FORMS,NUMOCCS,DAY,MONTH,HOUR,MINUTE,HARM_EV,MAN_COLL,UNITTYPE,HIT_RUN,REG_STAT,OWNER,MAKE,MODEL,MAK_MOD,BODY_TYP,MOD_YEAR,VIN,VIN_1,VIN_2,VIN_3,VIN_4,VIN_5,VIN_6,VIN_7,VIN_8,VIN_9,VIN_10,VIN_11,VIN_12,TOW_VEH,J_KNIFE,MCARR_I1,MCARR_I2,MCARR_ID,GVWR,V_CONFIG,CARGO_BT,HAZ_INV,HAZ_PLAC,HAZ_ID,HAZ_CNO,HAZ_REL,BUS_USE,SPEC_USE,EMER_USE,TRAV_SP,UNDERIDE,ROLLOVER,ROLINLOC,IMPACT1,DEFORMED,TOWED,M_HARM,VEH_SC1,VEH_SC2,FIRE_EXP,DR_PRES,L_STATE,DR_ZIP,L_STATUS,L_TYPE,CDL_STAT,L_ENDORS,L_COMPL,L_RESTRI,DR_HGT,DR_WGT,PREV_ACC,PREV_SUS,PREV_DWI,PREV_SPD,PREV_OTH,FIRST_MO,FIRST_YR,LAST_MO,LAST_YR,SPEEDREL,DR_SF1,DR_SF2,DR_SF3,DR_SF4,VTRAFWAY,VNUM_LAN,VSPD_LIM,VALIGN,VPROFILE,VPAVETYP,VSURCOND,VTRAFCON,VTCONT_F,P_CRASH1,P_CRASH2,P_CRASH3,PCRASH4,PCRASH5,ACC_TYPE,DEATHS,DR_DRINK
5,50007,1,2,1,8,1,17,14,12,2,1,0,5,1,12,471,12471,30,1998,1FTZR15U0WPA,1,F,T,Z,R,1,5,U,0,W,P,A,0,0,0,000000000,00000000000,0,0,0,1,0,0,0,0,0,0,0,998,0,0,0,12,6,2,12,0,0,0,1,5,72020,6,1,0,0,3,3,68,140,0,0,0,0,0,0,0,0,0,0,6,0,0,0,5,4,60,1,1,2,4,0,0,1,5,1,5,2,50,1,0
5,50007,2,2,2,8,1,17,14,12,2,1,0,5,2,49,40,49040,4,2000,4T1BG22K9YU7,4,T,1,B,G,2,2,K,9,Y,U,7,0,0,0,000000000,00000000000,0,0,0,1,0,0,0,0,0,0,0,998,0,0,0,12,6,2,12,0,0,0,1,5,72018,6,1,0,0,3,3,60,105,0,0,0,0,0,0,0,0,0,0,0,0,0,0,5,4,60,1,1,2,4,0,0,1,62,1,1,1,51,0,0
5,50008,1,2,1,10,1,10,20,12,6,1,0,19,3,85,884,85884,66,2008,1XKAD49X38J2,1,X,K,A,D,4,9,X,3,8,J,2,1,1,57,623116IA,57623116IA,3,6,8,1,0,0,0,0,0,0,0,998,0,1,1,2,6,2,12,0,0,0,1,27,56007,6,1,6,0,3,9,72,195,0,0,0,0,0,0,0,0,0,4,6,39,0,0,1,2,98,3,2,2,2,20,3,11,6,1,2,6,76,0,0
5,50008,2,2,1,10,1,10,20,12,6,1,0,5,1,49,46,49046,4,2010,JTDKN3DU6A11,J,T,D,K,N,3,D,U,6,A,1,1,0,0,0,000000000,00000000000,0,0,0,1,0,0,0,0,0,0,0,998,0,0,0,12,6,2,12,0,0,0,1,5,72419,6,1,6,0,3,0,75,186,1,0,0,0,0,4,2013,4,2013,0,0,0,0,0,5,4,60,2,2,2,2,0,0,14,65,1,1,1,77,1,0
5,50009,1,1,2,10,1,10,52,42,0,1,0,5,1,20,481,20481,31,1989,1GCDK14Z8KZ1,1,G,C,D,K,1,4,Z,8,K,Z,1,0,0,0,000000000,00000000000,0,0,0,1,0,0,0,0,0,0,0,998,0,0,0,12,6,2,42,0,0,0,1,5,72560,6,1,6,0,3,0,67,160,0,0,0,0,0,0,0,0,0,0,6,0,0,0,1,2,45,1,2,2,2,0,0,1,13,1,1,4,1,1,0
5,50010,1,2,1,11,1,16,26,12,1,1,0,17,3,51,884,51884,66,2004,4V4NC9TG54N3,4,V,4,N,C,9,T,G,5,4,N,3,1,1,57,1259801IL,571259801IL,3,6,1,1,0,0,0,0,0,0,0,998,0,0,0,6,6,2,12,0,0,0,1,17,60446,6,1,6,0,3,0,71,190,0,0,0,0,0,0,0,0,0,0,0,0,0,0,2,2,70,1,2,2,1,0,0,2,53,1,1,1,29,0,0
5,50010,2,2,1,11,1,16,26,12,1,1,0,48,1,59,31,59031,4,2008,JTHBK2626850,J,T,H,B,K,2,6,2,6,8,5,0,0,0,0,000000000,00000000000,0,0,0,1,0,0,0,0,0,0,0,998,1,0,0,12,6,2,12,0,0,0,1,48,77379,6,1,0,0,3,3,64,110,0,0,0,1,0,4,2013,4,2013,0,6,0,0,0,2,2,70,1,2,2,1,0,0,1,52,1,1,1,28,1,0
5,50011,1,1,2,12,1,14,50,1,0,1,0,92,0,73,739,73739,90,2012,999999999999,9,9,9,9,9,9,9,9,9,9,9,9,0,0,0,000000000,00000000000,0,0,0,1,0,0,0,0,0,0,0,998,0,1,1,0,6,5,1,0,0,0,1,5,72110,0,0,0,0,0,0,999,999,0,0,0,0,0,0,0,0,0,0,6,0,0,0,1,2,25,1,3,5,1,0,0,17,54,7,1,2,98,1,0
5,50012,1,1,2,12,1,20,22,33,0,1,0,8,4,7,28,7028,2,2012,2C3CDYBT4CH2,2,C,3,C,D,Y,B,T,4,C,H,2,0,0,0,000000000,00000000000,0,0,0,1,0,0,0,0,0,0,0,998,0,0,0,14,6,2,14,0,0,0,1,17,60619,6,1,0,0,3,0,72,175,0,0,0,0,0,0,0,0,0,4,6,37,0,0,6,1,98,2,1,1,1,0,0,14,6,1,1,4,6,1,0
5,50013,1,1,1,13,1,17,30,8,0,1,0,5,2,20,2,20002,4,2011,2G1WG5EK1B12,2,G,1,W,G,5,E,K,1,B,1,2,0,0,0,000000000,00000000000,0,0,0,1,0,0,0,0,0,0,0,998,0,0,0,7,4,3,8,0,0,0,1,5,72204,6,1,0,0,3,3,66,131,0,0,0,0,0,0,0,0,0,0,99,99,99,99,1,2,25,1,2,2,1,0,0,13,80,1,1,1,92,0,0
5,50014,1,1,1,14,1,9,5,52,0,1,0,40,3,82,884,82884,66,2001,1FUJA6CG91LH,1,F,U,J,A,6,C,G,9,1,L,H,1,3,57,3259OK,573259OK,3,6,4,1,0,0,0,0,0,0,0,998,0,0,0,12,6,2,2,0,0,1,1,5,72086,6,1,6,0,3,0,69,185,0,0,0,0,0,0,0,0,0,0,6,0,0,0,3,3,65,1,1,1,1,0,0,1,13,1,1,4,1,1,0
5,50015,1,1,2,15,1,8,57,42,0,1,0,5,2,12,401,12401,14,1996,1FMDU35P0TUD,1,F,M,D,U,3,5,P,0,T,U,D,0,0,0,000000000,00000000000,0,0,0,1,0,0,0,0,0,0,0,998,0,0,0,3,6,2,42,0,0,0,1,5,71857,6,1,0,0,3,0,67,128,0,0,0,0,0,0,0,0,0,0,6,0,0,0,1,2,55,1,1,2,1,0,0,1,13,1,1,4,1,1,0
5,50016,1,1,1,16,1,16,0,35,0,1,0,5,1,12,32,12032,5,2012,3FADP4FJ1CM1,3,F,A,D,P,4,F,J,1,C,M,1,0,0,0,000000000,00000000000,0,0,0,1,0,0,0,0,0,0,0,998,0,1,5,12,6,2,1,0,0,0,1,5,72655,6,1,0,0,3,0,64,200,0,0,0,0,0,0,0,0,0,9,6,0,0,0,1,2,55,3,2,2,1,28,3,14,13,99,1,4,1,1,0
5,50017,1,2,3,16,1,17,54,58,0,1,0,5,1,12,23,12023,4,2010,3FAHP0HA5AR1,3,F,A,H,P,0,H,A,5,A,R,1,0,0,0,000000000,00000000000,0,0,0,1,0,0,0,0,0,0,0,998,0,0,0,12,6,2,12,0,0,0,1,5,72404,6,1,0,0,3,0,62,100,0,0,0,1,0,3,2013,3,2013,9,6,0,0,0,2,2,70,2,1,2,1,0,0,1,12,99,1,4,6,1,0
5,50017,2,2,3,16,1,17,54,58,0,1,0,5,1,20,2,20002,4,2013,2G1WG5E30D11,2,G,1,W,G,5,E,3,0,D,1,1,0,0,0,000000000,00000000000,0,0,0,1,0,0,0,0,0,0,0,998,0,0,0,12,6,2,12,0,0,0,1,5,72432,6,1,0,0,3,0,73,190,0,2,0,0,0,10,2013,10,2013,0,0,0,0,0,2,2,70,3,1,2,1,0,0,1,62,9,1,1,98,0,0
5,50018,1,1,1,17,1,5,3,42,0,1,0,5,2,7,472,7472,31,1987,1B7FN14M8HS1,1,B,7,F,N,1,4,M,8,H,S,1,0,0,0,000000000,00000000000,0,0,0,1,0,0,0,0,0,0,0,998,0,0,0,12,6,2,42,0,0,0,1,5,72401,6,1,0,0,3,3,68,150,0,0,0,0,0,0,0,0,0,9,0,0,0,0,1,2,35,1,2,2,1,0,0,1,9,1,1,4,1,1,0
5,50019,1,1,1,17,1,7,0,30,0,1,0,5,1,18,2,18002,4,2005,1G4HP52K65U2,1,G,4,H,P,5,2,K,6,5,U,2,0,0,0,000000000,00000000000,0,0,0,1,0,0,0,0,0,0,0,998,0,1,4,11,6,2,1,0,0,0,1,5,71635,6,1,0,0,3,3,71,210,0,0,0,0,0,0,0,0,0,0,6,0,0,0,1,2,45,3,1,2,1,0,0,14,13,99,1,4,1,1,0
5,50020,1,2,1,18,1,20,55,12,2,1,0,5,1,21,22,21022,4,1998,1G3GR62C7W41,1,G,3,G,R,6,2,C,7,W,4,1,0,0,0,000000000,00000000000,0,0,0,1,0,0,0,0,0,0,0,998,0,0,0,12,6,2,12,0,0,0,1,5,72450,6,1,0,0,3,0,63,125,0,0,0,0,0,0,0,0,0,9,28,0,0,0,1,4,45,1,2,2,1,0,0,15,10,99,1,2,50,1,0
5,50020,2,2,1,18,1,20,55,12,2,1,0,5,1,52,37,52037,2,2009,4A3AK24F99E0,4,A,3,A,K,2,4,F,9,9,E,0,0,0,0,000000000,00000000000,0,0,0,1,0,0,0,0,0,0,0,998,0,0,0,12,6,2,12,0,0,0,1,5,72450,6,1,0,0,3,0,61,120,0,0,0,2,0,1,2013,12,2013,0,0,0,0,0,1,4,45,1,2,2,1,0,0,1,62,99,1,1,51,1,0
5,50022,1,1,1,21,1,19,27,38,0,1,0,5,1,7,482,7482,31,2004,1D7HA18N14J1,1,D,7,H,A,1,8,N,1,4,J,1,0,0,0,000000000,00000000000,0,0,0,1,0,0,0,0,0,0,0,998,0,0,0,82,6,2,42,0,0,0,1,5,72001,6,1,0,0,3,0,75,205,0,0,0,0,0,0,0,0,0,9,0,0,0,0,1,2,35,1,1,3,11,0,0,1,9,3,1,4,6,1,0
5,50023,1,1,1,22,1,11,33,38,0,1,0,5,3,7,472,7472,30,1999,1B7GL22X1XS1,1,B,7,G,L,2,2,X,1,X,S,1,0,0,0,000000000,00000000000,0,0,0,1,0,0,0,0,0,0,0,998,0,0,0,12,6,2,42,0,0,0,1,5,72519,6,1,0,0,3,3,68,165,0,0,0,0,0,0,0,0,0,9,6,58,0,0,1,2,55,1,1,2,1,0,0,1,12,6,1,4,6,1,0
5,50024,1,1,1,23,1,6,21,8,0,1,0,5,1,30,40,30040,4,2009,3VWJM71K09M0,3,V,W,J,M,7,1,K,0,9,M,0,0,0,0,000000000,00000000000,0,0,0,1,0,0,0,0,0,0,0,65,0,0,0,12,6,2,8,0,0,0,1,5,72832,6,1,0,0,3,0,69,200,0,0,0,0,0,0,0,0,0,0,0,0,0,0,2,2,70,1,1,2,1,0,0,1,80,1,1,1,13,0,0
5,50025,1,1,1,25,1,12,29,35,0,1,0,5,1,20,22,20022,4,2008,1G1AL58F7871,1,G,1,A,L,5,8,F,7,8,7,1,0,0,0,000000000,00000000000,0,0,0,1,0,0,0,0,0,0,0,998,0,0,0,12,6,2,35,0,0,0,1,5,72401,6,1,0,0,3,0,72,220,0,0,0,0,0,0,0,0,0,9,99,99,99,99,1,2,25,1,1,2,1,0,0,1,13,99,1,4,1,1,0
5,50026,1,2,1,30,1,18,20,12,1,1,0,5,1,89,890,89890,62,1995,4V1JDBRF4SR8,4,V,1,J,D,B,R,F,4,S,R,8,1,1,57,696643,57696643,3,4,97,1,0,0,0,0,0,0,0,998,0,0,0,6,0,5,12,0,0,0,1,5,72073,6,1,6,1,3,3,70,185,0,0,0,0,0,0,0,0,0,0,0,0,0,0,2,2,65,1,1,1,1,0,0,1,51,99,1,1,25,0,1
5,50026,2,2,1,30,1,18,20,12,1,1,0,5,1,20,2,20002,4,2002,2G1WH55K3292,2,G,1,W,H,5,5,K,3,2,9,2,0,0,0,000000000,00000000000,0,0,0,1,0,0,0,0,0,0,0,998,0,0,0,12,6,2,12,0,0,0,1,5,72023,6,1,0,0,3,0,69,220,1,0,0,0,0,2,2012,2,2012,9,99,99,99,99,2,2,65,1,1,1,1,0,0,1,53,99,1,1,24,1,0
5,50027,1,1,4,1,2,18,17,8,0,1,0,5,1,6,43,6043,2,2004,1C3EL55RX4N1,1,C,3,E,L,5,5,R,X,4,N,1,0,0,0,000000000,00000000000,0,0,0,1,0,0,0,0,0,0,0,998,0,0,0,12,6,2,8,0,0,0,1,5,71653,6,1,0,0,3,0,69,190,0,0,0,0,0,0,0,0,0,0,0,0,0,0,2,4,50,1,1,2,1,0,0,1,80,1,1,1,13,0,0
5,50028,1,2,2,1,2,21,6,12,6,1,0,20,2,6,43,6043,4,2005,1C3EL56R95N6,1,C,3,E,L,5,6,R,9,5,N,6,0,0,0,000000000,00000000000,0,0,0,1,0,0,0,0,0,0,0,998,0,0,0,12,6,2,12,0,0,0,1,5,72837,6,1,0,0,3,0,73,165,0,0,0,0,0,0,0,0,0,0,0,0,0,0,5,4,40,1,1,2,2,3,3,1,66,1,1,1,86,0,0
5,50028,2,2,4,1,2,21,6,12,6,1,0,5,1,20,482,20482,31,2002,3GNEK13T92G1,3,G,N,E,K,1,3,T,9,2,G,1,0,0,0,000000000,00000000000,0,0,0,1,0,0,0,0,0,0,0,998,0,0,0,3,6,2,12,0,0,0,1,5,72501,0,0,0,0,0,0,999,999,0,0,0,0,0,0,0,0,0,0,6,39,0,0,6,1,98,1,8,8,2,3,3,1,17,1,1,1,87,1,0
5,50029,1,2,1,2,2,13,11,12,2,1,0,5,1,23,8,23008,6,2012,1GKKVSED4CJ3,1,G,K,K,V,S,E,D,4,C,J,3,0,0,0,000000000,00000000000,0,0,0,1,0,0,0,0,0,0,0,998,0,0,0,12,6,2,12,0,0,0,1,5,72732,6,1,0,0,3,0,67,175,0,0,0,0,0,0,0,0,0,0,0,0,0,0,1,2,55,3,2,2,3,40,3,14,62,1,1,1,51,0,0
5,50029,2,2,1,2,2,13,11,12,2,1,0,5,1,20,471,20471,30,1999,1GCCS1442X81,1,G,C,C,S,1,4,4,2,X,8,1,0,0,0,000000000,00000000000,0,0,0,1,0,0,0,0,0,0,0,998,0,0,0,12,6,2,12,0,0,0,1,5,72639,6,1,0,0,3,3,68,155,0,0,0,0,0,0,0,0,0,0,28,0,0,0,1,2,55,2,2,2,3,40,3,14,5,1,2,2,50,1,0
5,50030,1,2,2,2,2,14,20,12,6,1,0,17,2,49,46,49046,4,2012,JTDKDTB35C15,J,T,D,K,D,T,B,3,5,C,1,5,0,0,0,000000000,00000000000,0,0,0,1,0,0,0,0,0,0,0,998,0,0,0,3,6,2,12,0,0,0,1,29,65201,6,1,0,0,3,0,74,250,0,0,0,0,0,0,0,0,0,0,6,0,0,0,2,4,60,1,1,2,4,0,0,1,5,1,4,2,66,1,0
5,50030,2,2,1,2,2,14,20,12,6,1,0,5,1,12,402,12402,14,2011,1FMCU0DG3BKB,1,F,M,C,U,0,D,G,3,B,K,B,0,0,0,000000000,00000000000,0,0,0,1,0,0,0,0,0,0,0,998,0,0,0,12,6,2,12,0,0,0,1,5,72002,6,1,0,0,3,0,61,140,0,0,0,0,0,0,0,0,0,0,0,0,0,0,2,4,60,1,1,2,4,0,0,1,62,1,1,1,66,0,0
5,50031,1,1,1,4,2,6,55,42,0,1,0,5,1,35,48,35048,2,2013,JN1AZ4EH1DM3,J,N,1,A,Z,4,E,H,1,D,M,3,0,0,0,000000000,00000000000,0,0,0,1,0,0,0,0,0,0,0,998,0,0,0,9,6,2,42,0,0,0,1,5,72040,6,1,0,0,3,3,72,180,0,0,0,0,0,0,0,0,0,0,6,0,0,0,3,2,70,1,1,2,4,0,0,1,5,1,3,4,2,1,0
5,50032,1,1,1,4,2,14,5,59,0,1,0,5,1,7,482,7482,31,2004,3D7KU28C64G2,3,D,7,K,U,2,8,C,6,4,G,2,0,0,0,000000000,00000000000,0,0,0,1,0,0,0,0,0,0,0,998,0,0,0,10,6,2,42,0,0,0,1,5,72727,6,1,6,0,3,3,69,235,0,0,0,0,0,0,0,0,0,4,6,0,0,0,1,2,98,2,1,2,4,0,0,14,6,1,3,4,7,1,1
5,50033,1,1,2,4,2,15,15,59,0,1,0,4,1,7,21,7021,6,2005,2D4FV48T75H5,2,D,4,F,V,4,8,T,7,5,H,5,0,0,0,000000000,00000000000,0,0,0,1,0,0,0,0,0,0,0,998,0,1,5,3,6,2,32,0,0,0,1,5,72537,6,1,0,0,3,3,65,160,0,0,0,0,0,0,0,0,0,4,0,0,0,0,1,2,55,3,2,2,10,40,3,14,6,1,4,4,7,1,0
5,50034,1,1,1,5,2,12,49,43,0,1,0,5,2,20,402,20402,14,1996,2CNBJ1863T69,2,C,N,B,J,1,8,6,3,T,6,9,0,0,0,000000000,00000000000,0,0,0,1,0,0,0,0,0,0,0,998,0,1,5,12,6,2,1,0,0,0,1,5,71953,6,1,0,0,3,3,73,240,0,0,0,0,0,0,0,0,0,0,6,0,0,0,1,2,45,1,2,2,1,0,0,1,13,1,1,4,1,1,0
5,50035,1,5,1,6,2,7,57,12,1,1,0,5,1,37,31,37031,4,2001,1HGES16511L0,1,H,G,E,S,1,6,5,1,1,L,0,0,0,0,000000000,00000000000,0,0,0,1,0,0,0,0,0,0,0,0,0,0,0,6,4,5,12,0,0,0,1,5,72015,6,1,0,0,3,0,66,156,1,0,0,0,0,7,2013,7,2013,0,0,0,0,0,3,3,70,1,1,1,1,0,0,5,50,1,1,1,98,0,0
5,50035,2,5,1,6,2,7,57,12,1,1,0,5,1,20,431,20431,16,1995,1GNEC16K2SJ3,1,G,N,E,C,1,6,K,2,S,J,3,0,0,0,000000000,00000000000,0,0,0,1,0,0,0,0,0,0,0,0,0,0,0,6,6,2,12,0,0,0,1,5,72209,6,1,0,0,3,0,72,185,0,0,0,2,0,11,2013,1,2014,0,0,0,0,0,3,3,70,1,1,1,1,0,0,5,50,1,1,1,98,0,0
5,50035,3,5,2,6,2,7,57,12,1,1,0,5,1,30,40,30040,4,2012,3VW2K7AJ1CM3,3,V,W,2,K,7,A,J,1,C,M,3,0,0,0,000000000,00000000000,0,0,0,1,0,0,0,0,0,0,0,0,0,0,0,6,4,3,12,0,0,0,1,5,72022,6,1,0,0,3,0,65,150,0,0,0,0,0,0,0,0,0,0,0,0,0,0,3,3,70,1,1,1,1,0,0,5,50,1,1,1,98,0,0
5,50035,4,5,1,6,2,7,57,12,1,1,0,5,3,20,461,20461,21,2007,1GCHG35U3712,1,G,C,H,G,3,5,U,3,7,1,2,0,0,0,000000000,00000000000,0,0,0,1,0,0,0,0,0,0,0,0,0,0,0,6,6,2,12,0,0,0,1,5,72019,6,1,0,0,3,0,72,190,0,0,0,0,0,0,0,0,0,0,0,0,0,0,3,3,70,1,1,1,1,0,0,5,53,1,1,1,21,0,0
5,50035,5,5,2,6,2,7,57,12,1,1,0,5,1,20,481,20481,31,1991,1GCDC14H0MZ2,1,G,C,D,C,1,4,H,0,M,Z,2,0,0,0,000000000,00000000000,0,0,0,1,0,0,0,0,0,0,0,998,0,0,0,12,6,2,12,0,0,0,1,5,72167,6,1,0,0,3,0,73,196,0,0,0,0,0,0,0,0,0,9,6,0,0,0,3,3,70,1,1,1,1,0,0,1,50,99,1,1,20,1,0
5,50036,1,1,1,6,2,15,5,1,0,1,0,5,2,20,421,20421,15,2004,1GNCS13X54K1,1,G,N,C,S,1,3,X,5,4,K,1,0,0,0,000000000,00000000000,0,0,0,1,0,0,0,0,0,0,0,998,0,1,1,0,6,2,1,0,0,0,1,28,38654,6,1,0,0,3,0,69,185,98,0,0,0,0,0,0,0,0,9,6,58,0,0,1,2,55,1,1,2,1,0,0,1,9,7,4,6,98,1,1
5,50037,1,1,2,7,2,22,12,42,0,1,0,48,1,7,442,7442,20,2002,2B4GP44332R6,2,B,4,G,P,4,4,3,3,2,R,6,0,0,0,000000000,00000000000,0,0,0,1,0,0,0,0,0,0,0,998,0,0,0,3,6,2,42,0,0,0,1,48,75501,6,1,0,0,3,0,73,240,0,0,0,0,0,0,0,0,0,4,0,0,0,0,1,2,55,3,2,2,4,0,0,14,5,99,4,4,6,1,0
5,50038,1,3,1,8,2,13,43,12,1,1,0,5,1,37,703,37703,80,2011,MLHMC4118B50,M,L,H,M,C,4,1,1,8,B,5,0,0,0,0,000000000,00000000000,0,0,0,1,0,0,0,0,0,0,0,998,0,0,0,12,6,2,12,0,0,0,1,5,72704,6,1,0,0,3,0,71,130,2,0,1,2,0,1,2012,9,2013,3,0,0,0,0,1,4,35,1,2,1,1,0,0,6,50,1,1,1,20,1,0
5,50038,2,3,2,8,2,13,43,12,1,1,0,5,2,49,32,49032,4,2007,2T1BR32E17C8,2,T,1,B,R,3,2,E,1,7,C,8,0,0,0,000000000,00000000000,0,0,0,1,0,0,0,0,0,0,0,0,0,0,0,6,4,3,12,0,0,0,1,5,72727,6,1,0,0,3,0,70,145,0,0,0,0,0,0,0,0,0,0,0,0,0,0,1,4,35,1,2,1,1,0,0,5,53,1,1,1,21,0,0
5,50038,3,3,1,8,2,13,43,12,1,1,0,5,2,35,402,35402,14,2007,5N1AN08W57C5,5,N,1,A,N,0,8,W,5,7,C,5,0,0,0,000000000,00000000000,0,0,0,1,0,0,0,0,0,0,0,0,0,0,0,12,4,5,12,0,0,0,1,5,72701,6,1,0,0,3,3,66,210,0,0,0,0,0,0,0,0,0,0,0,0,0,0,1,4,35,1,2,1,1,0,0,1,60,1,1,1,98,0,0
5,50039,1,3,1,11,2,15,10,12,1,1,0,5,1,12,471,12471,30,1998,1FTYR10U2WUB,1,F,T,Y,R,1,0,U,2,W,U,B,0,0,0,000000000,00000000000,0,0,0,1,0,0,0,0,0,0,0,0,0,0,0,6,6,2,12,0,0,0,1,5,72521,6,1,0,0,3,0,66,210,0,0,0,0,0,0,0,0,0,0,54,0,0,0,3,2,70,1,6,2,1,0,0,7,53,1,1,1,21,1,0
5,50039,2,3,1,11,2,15,10,12,1,1,0,5,2,12,481,12481,31,2003,1FTRW08L83KB,1,F,T,R,W,0,8,L,8,3,K,B,0,0,0,000000000,00000000000,0,0,0,1,0,0,0,0,0,0,0,998,0,0,0,12,6,2,12,0,0,0,1,5,72007,6,1,0,0,3,0,70,185,0,0,0,0,1,7,2012,7,2012,0,0,0,0,0,3,2,70,1,3,2,1,0,0,1,50,1,1,1,20,0,0
5,50039,3,3,1,11,2,15,10,12,1,1,0,17,3,85,884,85884,66,2013,1XKDP4TX0DJ3,1,X,K,D,P,4,T,X,0,D,J,3,1,1,57,00071433,5700071433,3,6,3,1,0,0,0,0,0,0,0,998,0,0,0,8,4,5,12,0,0,0,1,17,62626,6,1,6,0,3,3,65,200,0,0,0,0,0,0,0,0,0,0,0,0,0,0,3,2,70,1,3,2,1,0,0,1,61,1,1,1,98,0,0
5,50040,1,2,1,12,2,8,53,12,6,1,0,29,3,84,884,84884,66,2001,2HSCEAMR11C0,2,H,S,C,E,A,M,R,1,1,C,0,1,1,57,566503MO,57566503MO,3,6,8,1,0,0,0,0,0,0,0,998,0,0,0,12,6,2,12,0,0,0,1,5,63953,6,1,6,0,3,3,68,165,0,0,0,0,0,0,0,0,0,0,0,0,0,0,5,4,60,3,2,2,1,0,0,14,66,1,1,1,88,0,0
5,50040,2,2,1,12,2,8,53,12,6,1,0,5,1,12,422,12422,15,2007,1FMFU15507LA,1,F,M,F,U,1,5,5,0,7,L,A,0,0,0,000000000,00000000000,0,0,0,1,0,0,0,0,0,0,0,998,0,0,0,9,6,2,12,0,0,0,1,5,72455,6,1,0,0,3,0,62,299,0,0,0,0,5,2,2012,4,2013,0,38,39,0,0,1,2,98,1,1,2,1,20,3,1,15,1,1,1,89,1,0
5,50041,1,1,1,12,2,21,30,42,0,1,0,5,2,7,43,7043,4,2005,1B3EL46R55N6,1,B,3,E,L,4,6,R,5,5,N,6,0,0,0,000000000,00000000000,0,0,0,1,0,0,0,0,0,0,0,998,0,0,0,3,6,2,42,0,0,0,1,5,71953,1,1,0,0,2,0,63,130,0,0,0,0,0,0,0,0,0,9,99,99,99,99,1,2,55,1,1,2,1,0,0,98,13,99,4,4,6,1,1
5,50042,1,1,1,15,2,12,50,10,0,1,0,5,1,23,481,23481,31,2005,1GTEC19T35Z1,1,G,T,E,C,1,9,T,3,5,Z,1,0,0,0,000000000,00000000000,0,0,0,1,0,0,0,0,0,0,0,998,0,0,0,61,6,2,10,0,0,0,1,5,71937,6,1,0,0,3,0,70,180,0,0,0,0,0,0,0,0,0,0,6,0,0,0,1,2,30,1,2,2,1,65,3,1,91,1,1,1,15,1,0
5,50043,1,2,1,15,2,16,30,12,2,1,0,48,1,7,21,7021,6,2005,2D4GV58215H5,2,D,4,G,V,5,8,2,1,5,H,5,0,0,0,000000000,00000000000,0,0,0,1,0,0,0,0,0,0,0,998,0,0,0,12,6,2,12,0,0,1,1,48,75093,6,1,0,0,3,0,71,235,0,0,0,0,0,0,0,0,0,0,0,0,0,0,5,4,55,3,2,2,1,0,0,14,62,1,1,1,51,0,0
5,50043,2,2,1,15,2,16,30,12,2,1,0,5,1,37,709,37709,80,2006,JH2SC57086M2,J,H,2,S,C,5,7,0,8,6,M,2,0,0,0,000000000,00000000000,0,0,0,1,0,0,0,0,0,0,0,998,0,0,0,12,6,2,12,0,0,0,1,48,78745,6,1,6,0,3,0,72,230,0,0,0,1,1,9,2011,12,2011,0,6,0,0,0,5,4,55,2,2,2,1,0,0,14,10,1,1,2,50,1,1
5,50044,1,1,1,18,2,17,34,38,0,1,0,5,1,20,481,20481,31,2008,2GCEK1904812,2,G,C,E,K,1,9,0,4,8,1,2,0,0,0,000000000,00000000000,0,0,0,1,0,0,0,0,0,0,0,998,0,0,0,12,4,3,38,0,0,0,1,5,72663,6,1,0,0,3,3,68,215,0,0,0,0,0,0,0,0,0,0,99,99,99,99,1,2,35,2,2,2,1,0,0,14,12,1,1,4,6,1,0
5,50045,1,1,1,21,2,22,45,1,0,1,0,5,1,20,39,20039,4,2006,KL1TD66686B5,K,L,1,T,D,6,6,6,8,6,B,5,0,0,0,000000000,00000000000,0,0,0,1,0,0,0,0,0,0,0,998,0,2,5,0,6,2,1,0,0,0,1,5,72012,6,1,6,0,3,3,70,160,0,0,0,0,1,8,2011,8,2011,9,6,0,0,0,2,2,70,3,1,2,1,0,0,14,13,3,2,4,2,1,1
5,50046,1,2,2,24,2,18,6,12,6,1,0,5,3,49,482,49482,31,2011,5TFHW5F14BX1,5,T,F,H,W,5,F,1,4,B,X,1,0,0,0,000000000,00000000000,0,0,0,1,0,0,0,0,0,0,0,998,0,0,0,1,6,2,12,0,0,0,1,5,71762,6,1,0,0,3,3,74,240,0,0,0,0,0,0,0,0,0,0,38,0,0,0,2,2,65,1,2,2,1,20,3,1,17,99,1,1,88,0,0
5,50046,2,2,1,24,2,18,6,12,6,1,0,5,1,24,401,24401,14,2004,5GZCZ23D44S8,5,G,Z,C,Z,2,3,D,4,4,S,8,0,0,0,000000000,00000000000,0,0,0,1,0,0,0,0,0,0,0,998,0,0,0,11,6,2,12,0,0,0,1,5,71730,0,0,0,0,0,0,999,999,0,0,0,0,0,0,0,0,0,0,0,0,0,0,2,2,65,1,2,2,1,0,0,1,66,3,1,1,89,1,0
5,50047,1,1,1,25,2,21,55,35,0,1,0,5,2,49,472,49472,30,1997,4TAVL52N2VZ2,4,T,A,V,L,5,2,N,2,V,Z,2,0,0,0,000000000,00000000000,0,0,0,1,0,0,0,0,0,0,0,998,0,1,1,11,6,2,1,0,0,0,1,5,72058,6,1,0,0,3,3,68,140,0,0,0,0,0,0,0,0,0,9,6,0,0,0,1,2,40,1,1,2,1,0,0,1,12,99,4,4,6,1,0