STATE,ST_CASE,VEH_NO,VE_FORMS,NUMOCCS,DAY,MONTH,HOUR,MINUTE,HARM_EV,MAN_COLL,UNITTYPE,HIT_RUN,REG_STAT,OWNER,MAKE,MODEL,MAK_MOD,BODY_TYP,MOD_YEAR,VIN,VIN_1,VIN_2,VIN_3,VIN_4,VIN_5,VIN_6,VIN_7,VIN_8,VIN_9,VIN_10,VIN_11,VIN_12,TOW_VEH,J_KNIFE,MCARR_I1,MCARR_I2,MCARR_ID,GVWR,V_CONFIG,CARGO_BT,HAZ_INV,HAZ_PLAC,HAZ_ID,HAZ_CNO,HAZ_REL,BUS_USE,SPEC_USE,EMER_USE,TRAV_SP,UNDERIDE,ROLLOVER,ROLINLOC,IMPACT1,DEFORMED,TOWED,M_HARM,VEH_SC1,VEH_SC2,FIRE_EXP,DR_PRES,L_STATE,DR_ZIP,L_STATUS,L_TYPE,CDL_STAT,L_ENDORS,L_COMPL,L_RESTRI,DR_HGT,DR_WGT,PREV_ACC,PREV_SUS,PREV_DWI,PREV_SPD,PREV_OTH,FIRST_MO,FIRST_YR,LAST_MO,LAST_YR,SPEEDREL,DR_SF1,DR_SF2,DR_SF3,DR_SF4,VTRAFWAY,VNUM_LAN,VSPD_LIM,VALIGN,VPROFILE,VPAVETYP,VSURCOND,VTRAFCON,VTCONT_F,P_CRASH1,P_CRASH2,P_CRASH3,PCRASH4,PCRASH5,ACC_TYPE,DEATHS,DR_DRINK
5,50048,1,1,4,27,2,0,1,59,0,1,0,5,1,30,46,30046,4,2000,WVWMD23B2YE1,W,V,W,M,D,2,3,B,2,Y,E,1,0,0,0,000000000,00000000000,0,0,0,1,0,0,0,0,0,0,0,998,0,0,0,12,6,2,42,0,0,0,1,5,72342,6,1,0,0,3,0,72,160,0,0,0,0,1,9,2012,9,2012,9,6,0,0,0,1,2,45,2,1,2,1,0,0,14,13,99,2,4,1,1,0
5,50049,1,1,1,28,2,21,32,8,0,1,0,5,1,20,37,20037,4,2013,1G11F5RR7DF1,1,G,1,1,F,5,R,R,7,D,F,1,0,0,0,000000000,00000000000,0,0,0,1,0,0,0,0,0,0,0,998,0,0,0,12,4,5,8,0,0,0,1,5,72762,6,1,0,0,3,3,60,130,1,0,0,0,1,8,2013,9,2013,0,6,0,0,0,2,2,60,1,1,2,1,0,0,1,81,1,1,4,13,0,0
5,50050,1,1,3,1,3,0,10,35,0,1,0,5,1,49,472,49472,30,1999,4TASN92N7XZ4,4,T,A,S,N,9,2,N,7,X,Z,4,0,0,0,000000000,00000000000,0,0,0,1,0,0,0,0,0,0,0,998,0,1,5,12,6,2,32,0,0,0,1,5,72019,6,1,0,0,3,3,68,160,0,0,0,1,1,4,2013,4,2013,4,6,0,0,0,1,2,55,3,2,2,1,0,0,14,13,1,1,4,1,1,1
5,50051,1,2,1,1,3,11,49,12,6,1,0,5,2,37,709,37709,80,2012,MLHMC4100C52,M,L,H,M,C,4,1,0,0,C,5,2,0,0,0,000000000,00000000000,0,0,0,1,0,0,0,0,0,0,0,998,0,0,0,12,6,2,12,0,0,0,1,5,72821,6,1,0,0,2,3,68,153,0,0,0,0,0,0,0,0,0,3,6,37,39,36,1,2,98,1,1,2,1,20,3,1,17,2,2,1,86,1,0
5,50051,2,2,3,1,3,11,49,12,6,1,0,5,1,23,421,23421,15,2004,1GKEK63U44J2,1,G,K,E,K,6,3,U,4,4,J,2,0,0,0,000000000,00000000000,0,0,0,1,0,0,0,0,0,0,0,998,0,0,0,5,6,2,12,0,0,0,1,5,72903,6,1,0,0,3,0,74,250,0,0,0,0,0,0,0,0,0,0,0,0,0,0,1,2,25,1,1,2,1,0,0,1,66,1,1,1,87,0,0
5,50052,1,2,1,2,3,12,15,12,2,1,0,5,1,20,403,20403,14,2008,1GNDT13S1822,1,G,N,D,T,1,3,S,1,8,2,2,0,0,0,000000000,00000000000,0,0,0,1,0,0,0,0,0,0,0,998,0,1,1,12,6,2,12,0,0,0,1,5,71603,6,1,0,0,3,0,70,180,0,0,0,0,0,0,0,0,0,0,0,0,0,0,5,4,60,1,1,2,2,0,0,1,62,1,1,1,51,1,0
5,50052,2,2,1,2,3,12,15,12,2,1,0,5,2,12,481,12481,31,1995,1FDLF47G3SEA,1,F,D,L,F,4,7,G,3,S,E,A,0,0,0,000000000,00000000000,0,0,0,1,0,0,0,0,0,0,0,998,0,0,0,12,6,2,12,0,0,0,1,5,71671,6,1,0,0,3,0,72,200,0,0,0,0,0,0,0,0,0,0,28,0,0,0,5,4,60,1,1,2,2,0,0,1,9,1,1,2,50,0,0
5,50053,1,1,3,2,3,13,55,24,0,1,0,5,2,7,422,7422,15,2004,1D4HB48D14F1,1,D,4,H,B,4,8,D,1,4,F,1,0,0,0,000000000,00000000000,0,0,0,1,0,0,0,0,0,0,0,998,0,1,5,1,6,2,17,0,0,0,1,5,72762,6,1,0,0,3,0,63,150,0,0,0,0,0,0,0,0,0,4,6,0,0,0,3,2,70,1,1,2,4,0,0,6,5,1,4,4,7,1,0
5,50054,1,2,2,2,3,14,15,12,2,1,0,5,2,12,401,12401,14,1989,1FMCU14T4KUB,1,F,M,C,U,1,4,T,4,K,U,B,0,0,0,000000000,00000000000,0,0,0,1,0,0,0,0,0,0,0,998,0,0,0,12,6,2,12,0,0,0,1,5,72523,6,1,0,0,3,3,69,120,0,0,0,1,0,10,2011,10,2011,0,0,0,0,0,1,2,55,2,2,2,4,0,0,14,62,1,1,1,51,0,0
5,50054,2,2,1,2,3,14,15,12,2,1,0,22,2,20,401,20401,14,1999,1GNCS13W8X21,1,G,N,C,S,1,3,W,8,X,2,1,0,0,0,000000000,00000000000,0,0,0,1,0,0,0,0,0,0,0,998,0,0,0,12,6,2,12,0,0,0,1,22,70377,0,0,0,0,0,0,78,265,0,0,0,0,0,0,0,0,0,0,28,0,0,0,1,2,55,3,2,2,4,0,0,14,10,1,1,2,50,1,0
5,50055,1,2,1,2,3,17,40,12,6,1,0,5,1,6,43,6043,4,2008,1C3LC46K08N1,1,C,3,L,C,4,6,K,0,8,N,1,0,0,0,000000000,00000000000,0,0,0,1,0,0,0,0,0,0,0,998,0,0,0,4,6,2,12,0,0,0,1,5,72396,6,1,0,0,3,0,68,190,0,0,0,0,0,0,0,0,0,0,6,0,0,0,1,2,55,1,1,2,4,0,0,1,5,1,7,2,68,1,0
5,50055,2,2,1,2,3,17,40,12,6,1,0,5,2,2,404,2404,14,1999,1J4GW58S1XC5,1,J,4,G,W,5,8,S,1,X,C,5,0,0,0,000000000,00000000000,0,0,0,1,0,0,0,0,0,0,0,998,0,0,0,12,6,2,12,0,0,0,1,28,38852,6,1,0,0,3,0,67,122,98,0,0,0,0,0,0,0,0,0,0,0,0,0,1,2,55,1,1,2,4,0,0,1,62,2,1,1,69,0,0
5,50056,1,1,1,4,3,16,40,24,0,1,0,5,1,35,472,35472,30,2002,1N6DD26SX2C3,1,N,6,D,D,2,6,S,X,2,C,3,0,0,0,000000000,00000000000,0,0,0,1,0,0,0,0,0,0,0,998,0,1,5,11,6,2,1,0,0,0,1,5,71964,6,1,0,0,3,3,65,125,0,0,0,0,0,0,0,0,0,0,99,99,99,99,1,2,35,1,1,2,1,0,0,1,13,1,1,4,1,1,1
5,50057,1,4,1,6,3,7,26,12,1,1,0,5,1,20,482,20482,31,2012,3GNTKFE73CG1,3,G,N,T,K,F,E,7,3,C,G,1,0,0,0,000000000,00000000000,0,0,0,1,0,0,0,0,0,0,0,998,0,0,0,12,6,2,12,0,0,0,1,5,72714,6,1,0,0,3,0,71,130,0,0,0,0,0,0,0,0,0,0,6,0,0,0,3,2,55,1,1,2,1,0,0,1,50,4,1,1,20,0,0
5,50057,2,4,2,6,3,7,26,12,1,1,0,5,2,12,402,12402,14,2007,1FMYU03Z67KA,1,F,M,Y,U,0,3,Z,6,7,K,A,0,0,0,000000000,00000000000,0,0,0,1,0,0,0,0,0,0,0,0,0,0,0,6,6,2,12,0,0,0,1,5,72714,6,1,0,0,3,0,70,165,0,0,0,0,0,0,0,0,0,0,0,0,0,0,3,2,55,1,1,2,1,0,0,5,53,1,1,1,21,1,0
5,50057,3,4,1,6,3,7,26,12,1,1,0,5,1,20,421,20421,15,2004,1GNEK13Z94R1,1,G,N,E,K,1,3,Z,9,4,R,1,0,0,0,000000000,00000000000,0,0,0,1,0,0,0,0,0,0,0,0,0,0,0,6,4,5,12,0,0,0,1,5,72732,3,1,0,0,2,0,69,140,0,0,0,0,1,3,2013,3,2013,0,0,0,0,0,3,2,55,1,1,2,1,0,0,5,53,1,1,1,98,0,0
5,50057,4,4,1,6,3,7,26,12,1,1,0,5,1,7,482,7482,31,1999,1B7HC13ZXXJ6,1,B,7,H,C,1,3,Z,X,X,J,6,0,0,0,000000000,00000000000,0,0,0,1,0,0,0,0,0,0,0,0,0,0,0,6,4,5,12,0,0,0,1,5,72715,6,1,0,0,3,0,68,280,0,0,0,0,3,8,2012,1,2013,0,0,0,0,0,3,2,55,1,1,2,1,0,0,5,53,1,1,1,98,0,0
5,50058,1,2,1,6,3,7,28,12,2,1,0,5,1,20,481,20481,31,2013,1GCRCREA9DZ2,1,G,C,R,C,R,E,A,9,D,Z,2,0,0,0,000000000,00000000000,0,0,0,1,0,0,0,0,0,0,0,998,0,0,0,12,6,2,12,0,0,0,1,5,72937,6,1,0,0,3,0,72,220,0,0,0,0,0,0,0,0,0,0,0,0,0,0,1,5,45,1,3,2,1,0,0,1,62,99,1,1,51,0,0
5,50058,2,2,1,6,3,7,28,12,2,1,0,40,1,35,47,35047,4,2006,1N4AL11D36N4,1,N,4,A,L,1,1,D,3,6,N,4,0,0,0,000000000,00000000000,0,0,0,1,0,0,0,0,0,0,0,998,0,0,0,12,6,2,12,0,0,1,1,40,74902,6,1,0,0,3,3,61,175,0,0,0,0,0,0,0,0,0,9,99,99,99,99,1,5,45,1,3,2,1,0,0,1,10,1,1,2,50,1,0
5,50059,1,1,1,7,3,0,2,42,0,1,0,5,1,12,37,12037,4,2011,1FAHP3FN0BW1,1,F,A,H,P,3,F,N,0,B,W,1,0,0,0,000000000,00000000000,0,0,0,1,0,0,0,0,0,0,0,998,0,0,0,12,6,2,42,0,0,0,1,5,72103,6,1,0,0,3,0,65,103,0,0,0,0,0,0,0,0,0,9,99,99,99,99,1,2,45,2,4,2,1,40,3,14,12,99,1,4,6,1,1
5,50060,1,2,2,7,3,7,5,12,1,1,0,5,1,63,441,63441,20,2004,KNDUP1315465,K,N,D,U,P,1,3,1,5,4,6,5,0,0,0,000000000,00000000000,0,0,0,1,0,0,0,0,0,0,0,998,1,0,0,12,6,2,12,0,0,0,1,5,72061,6,1,0,0,3,0,68,205,0,0,0,0,0,0,0,0,0,0,6,0,0,0,1,2,55,1,1,2,1,0,0,1,50,1,1,1,20,1,0
5,50060,2,2,1,7,3,7,5,12,1,1,0,5,4,84,981,84981,50,2000,1HVBBABNXYH3,1,H,V,B,B,A,B,N,X,Y,H,3,0,0,88,888888888,88888888888,2,21,22,1,0,0,0,0,1,2,0,0,0,0,0,6,4,5,12,0,0,0,1,5,72131,6,1,6,1,3,0,72,215,0,0,0,0,0,0,0,0,0,0,0,0,0,0,1,2,55,1,1,2,1,0,0,5,53,1,1,1,21,0,0
5,50061,1,2,1,11,3,6,5,8,0,1,0,5,1,53,402,53402,14,2001,JS3TX92V9141,J,S,3,T,X,9,2,V,9,1,4,1,0,0,0,000000000,00000000000,0,0,0,1,0,0,0,0,0,0,0,998,0,0,0,1,4,5,8,0,0,0,1,5,72206,6,1,0,0,3,0,64,135,0,0,0,0,0,0,0,0,0,0,0,0,0,0,1,2,45,1,1,2,1,0,0,1,80,6,1,1,13,0,0
5,50061,2,2,2,11,3,6,5,8,0,1,0,5,1,23,8,23008,6,2009,1GKER23D39J2,1,G,K,E,R,2,3,D,3,9,J,2,0,0,0,000000000,00000000000,0,0,0,1,0,0,0,0,0,0,0,998,0,0,0,1,4,5,8,0,0,0,1,5,72206,6,1,8,0,3,3,75,200,0,0,0,0,0,0,0,0,0,0,0,0,0,0,1,2,45,1,1,2,1,0,0,1,80,1,1,1,98,0,0
5,50062,1,1,2,11,3,15,59,1,0,1,0,5,2,20,403,20403,14,2004,1GNDS13S4424,1,G,N,D,S,1,3,S,4,4,2,4,0,0,0,000000000,00000000000,0,0,0,1,0,0,0,0,0,0,0,998,0,1,5,0,6,2,1,0,0,0,1,5,72923,1,1,0,0,2,3,71,200,0,1,0,0,1,6,2012,2,2014,9,6,0,0,0,1,2,40,3,2,1,1,0,0,14,9,6,4,4,1,1,1
5,50063,1,2,1,15,3,17,0,7,0,1,0,24,2,72,706,72706,80,2007,1HD1HHZ1X7K8,1,H,D,1,H,H,Z,1,X,7,K,8,0,0,0,000000000,00000000000,0,0,0,1,0,0,0,0,0,0,0,998,0,0,0,0,6,2,12,0,0,0,1,5,72454,6,1,0,0,3,0,74,180,0,0,0,0,0,0,0,0,0,0,6,0,0,0,1,3,55,2,3,2,1,0,0,14,10,1,2,1,0,1,1
5,50063,2,2,2,15,3,17,0,7,0,1,0,5,1,7,442,7442,20,2014,2C4RDGBG3ER1,2,C,4,R,D,G,B,G,3,E,R,1,0,0,0,000000000,00000000000,0,0,0,1,0,0,0,0,0,0,0,998,0,0,0,1,4,5,12,0,0,0,1,5,72456,6,1,0,0,3,3,65,140,0,0,0,0,0,0,0,0,0,0,0,0,0,0,1,3,55,2,3,2,1,0,0,3,62,9,1,1,98,0,0
5,50064,1,3,2,17,3,14,45,12,8,1,0,5,3,7,403,7403,14,2009,1D8GT28K19W5,1,D,8,G,T,2,8,K,1,9,W,5,0,0,0,000000000,00000000000,0,0,0,1,0,0,0,0,0,5,0,998,0,0,0,11,6,2,12,0,0,0,1,5,71861,6,1,0,0,3,3,70,174,1,0,0,0,0,12,2012,12,2012,0,16,0,0,0,1,2,55,1,1,2,1,0,0,1,8,98,1,2,64,1,0
5,50064,2,3,2,17,3,14,45,12,8,1,0,5,1,49,402,49402,14,2012,2T3YF4DV6CW1,2,T,3,Y,F,4,D,V,6,C,W,1,0,0,0,000000000,00000000000,0,0,0,1,0,0,0,0,0,0,0,998,0,0,0,8,6,2,12,0,0,0,1,5,72132,6,1,0,0,3,3,63,200,0,0,0,0,0,0,0,0,0,0,0,0,0,0,1,2,55,1,1,2,1,0,0,1,62,99,1,1,65,0,0
5,50064,3,3,1,17,3,14,45,12,8,1,0,5,3,87,884,87884,66,2000,1XP5DB9X6YN5,1,X,P,5,D,B,9,X,6,Y,N,5,1,3,57,757799AR,57757799AR,3,6,3,1,0,0,0,0,0,0,0,998,0,0,0,11,6,2,12,0,0,0,1,5,71854,6,1,6,0,3,3,72,235,0,0,0,0,0,0,0,0,0,0,0,0,0,0,1,2,55,1,1,2,1,0,0,1,62,99,1,1,98,0,0
5,50065,1,2,1,18,3,7,42,12,6,1,0,48,2,49,40,49040,4,2002,JTDBE32K2201,J,T,D,B,E,3,2,K,2,2,0,1,0,0,0,000000000,00000000000,0,0,0,1,0,0,0,0,0,0,0,998,0,0,0,10,6,2,12,0,0,0,1,48,75559,1,1,0,0,2,9,71,185,0,0,0,0,0,0,0,0,0,0,35,0,0,0,1,2,55,2,1,2,1,0,0,6,8,7,3,2,64,1,0
5,50065,2,2,1,18,3,7,42,12,6,1,0,48,1,87,884,87884,66,2008,1XPXDB9X68D7,1,X,P,X,D,B,9,X,6,8,D,7,1,1,57,1573678TX,571573678TX,3,6,3,1,0,0,0,0,0,0,0,998,0,1,5,12,6,2,12,0,0,0,1,48,75436,6,1,6,0,3,0,70,160,0,0,0,0,0,0,0,0,0,0,0,0,0,0,1,2,55,3,1,2,1,0,0,14,62,7,1,1,65,0,0
5,50066,1,1,1,18,3,23,42,34,0,1,0,5,1,12,422,12422,15,2003,1FMFU17L63LB,1,F,M,F,U,1,7,L,6,3,L,B,0,0,0,000000000,00000000000,0,0,0,1,0,0,0,0,0,0,0,998,0,0,0,99,6,2,34,0,0,0,1,5,72005,6,1,0,0,3,0,72,175,0,0,0,0,0,0,0,0,0,9,39,0,0,0,1,2,55,1,1,2,1,20,3,1,12,99,1,4,6,1,0
5,50067,1,3,2,19,3,13,51,12,1,1,0,5,2,20,2,20002,4,2005,2G1WF52E5593,2,G,1,W,F,5,2,E,5,5,9,3,0,0,0,000000000,00000000000,0,0,0,1,0,0,0,0,0,0,0,998,0,0,0,6,6,2,12,0,0,0,1,5,72211,1,1,0,0,2,0,63,115,0,0,0,0,0,0,0,0,0,0,6,0,0,0,3,3,65,3,1,2,1,0,0,13,98,1,1,1,92,0,1
5,50067,2,3,1,19,3,13,51,12,1,1,0,40,3,82,884,82884,66,2009,1FUJGLDR19LA,1,F,U,J,G,L,D,R,1,9,L,A,1,3,57,688440OK,57688440OK,3,6,1,1,0,0,0,0,0,0,0,998,0,0,0,12,6,2,2,0,0,1,1,5,72076,6,1,6,0,3,0,74,290,0,0,0,0,0,0,0,0,0,0,0,0,0,0,3,3,65,3,1,2,1,0,0,14,56,1,1,1,93,1,0
5,50067,3,3,2,19,3,13,51,12,1,1,0,48,3,84,884,84884,66,2013,999999999999,9,9,9,9,9,9,9,9,9,9,9,9,1,1,57,2260800,572260800,3,6,1,1,0,0,0,0,0,0,0,998,0,0,0,2,6,2,2,0,0,1,1,96,0,9,9,99,0,9,9,999,999,99,99,99,99,99,99,9999,99,9999,0,0,0,0,0,3,3,65,3,1,2,1,0,0,14,60,1,1,1,98,0,0
5,50068,1,2,2,20,3,16,43,12,1,1,0,5,2,18,7,18007,4,1999,2G4WS52M2X14,2,G,4,W,S,5,2,M,2,X,1,4,0,0,0,000000000,00000000000,0,0,0,1,0,0,0,0,0,0,0,0,0,0,0,6,6,2,12,0,0,0,1,5,72104,6,1,0,0,3,0,66,125,0,0,0,0,0,0,0,0,0,0,0,0,0,0,1,4,55,1,1,2,1,0,0,5,53,1,1,1,22,1,0
5,50068,2,2,1,20,3,16,43,12,1,1,0,5,2,7,482,7482,31,2007,1D7KS28A77J5,1,D,7,K,S,2,8,A,7,7,J,5,0,0,0,000000000,00000000000,0,0,0,1,0,0,0,0,0,0,0,998,0,0,0,12,6,2,12,0,0,0,1,5,72015,6,1,0,0,3,0,72,200,0,0,0,0,0,0,0,0,0,0,6,0,0,0,1,4,55,1,1,2,1,0,0,1,50,1,1,1,20,0,0
5,50069,1,1,1,22,3,6,30,42,0,1,0,5,1,24,1,24001,4,1998,1G8ZH5280WZ1,1,G,8,Z,H,5,2,8,0,W,Z,1,0,0,0,000000000,00000000000,0,0,0,1,0,0,0,0,0,0,0,998,0,0,0,12,6,2,42,0,0,0,1,5,72015,6,1,0,0,3,0,71,185,0,0,0,2,0,3,2013,6,2013,9,99,99,99,99,1,2,35,3,2,2,2,0,0,14,99,99,9,4,1,1,1
5,50070,1,1,2,22,3,15,45,58,0,1,0,5,2,72,709,72709,80,2014,1HD1JDV14EB0,1,H,D,1,J,D,V,1,4,E,B,0,0,0,0,000000000,00000000000,0,0,0,1,0,0,0,0,0,0,0,998,0,0,0,9,6,2,42,0,0,0,1,5,72701,6,1,0,0,3,0,73,200,1,1,1,0,2,4,2012,11,2013,4,6,0,0,0,1,2,25,3,2,2,1,0,0,14,6,99,7,5,15,1,1
5,50071,1,1,1,22,3,16,3,42,0,1,0,5,2,20,471,20471,30,1987,1GCBS14R7H21,1,G,C,B,S,1,4,R,7,H,2,1,0,0,0,000000000,00000000000,0,0,0,1,0,0,0,0,0,0,0,998,0,0,0,12,6,2,42,0,0,0,1,29,63084,6,1,0,0,3,0,66,150,0,0,0,0,0,0,0,0,0,0,6,0,0,0,1,2,55,1,1,2,1,0,0,1,12,1,1,4,6,1,0
5,50072,1,1,1,26,3,17,20,42,0,1,0,5,2,14,20,14020,4,2007,999999999999,9,9,9,9,9,9,9,9,9,9,9,9,0,0,0,000000000,00000000000,0,0,0,1,0,0,0,0,0,0,0,998,0,0,0,9,6,2,42,0,0,0,1,5,71603,9,9,99,0,9,9,999,999,99,99,99,99,99,99,9999,99,9999,4,0,0,0,0,1,2,45,1,1,2,1,0,0,1,6,1,5,4,7,1,0
5,50073,1,1,1,30,3,7,44,35,0,1,0,5,1,52,401,52401,14,2003,JA4NW51S43J0,J,A,4,N,W,5,1,S,4,3,J,0,0,0,0,000000000,00000000000,0,0,0,1,0,0,0,0,0,0,0,998,0,1,5,14,6,2,58,0,0,0,1,5,72117,6,1,0,0,3,0,70,219,0,1,1,1,0,3,2012,1,2014,4,6,0,0,0,6,1,45,3,2,1,1,28,3,14,6,1,1,4,1,1,0
5,50074,1,1,1,30,3,11,0,34,0,1,0,5,1,53,709,53709,80,2003,JS1VX51L5321,J,S,1,V,X,5,1,L,5,3,2,1,0,0,0,000000000,00000000000,0,0,0,1,0,0,0,0,0,0,0,998,0,0,0,12,6,5,34,0,0,0,1,5,72764,6,1,0,0,3,3,65,165,0,0,0,0,0,0,0,0,0,4,6,0,0,0,1,2,55,3,1,2,1,0,0,14,13,1,1,4,1,1,0
5,50075,1,1,1,30,3,21,50,43,0,1,0,5,2,20,471,20471,30,1996,1GCCS14X2T81,1,G,C,C,S,1,4,X,2,T,8,1,0,0,0,000000000,00000000000,0,0,0,1,0,0,0,0,0,0,0,998,0,1,5,12,6,2,1,0,0,0,1,5,72501,1,1,0,0,2,3,62,175,0,0,0,0,0,0,0,0,0,9,6,0,0,0,1,2,55,3,1,2,1,0,0,14,13,1,1,4,1,1,1
5,50076,1,1,1,30,3,23,32,1,0,1,0,5,2,12,37,12037,4,2011,1FAHP3GN0BW1,1,F,A,H,P,3,G,N,0,B,W,1,0,0,0,000000000,00000000000,0,0,0,1,0,0,0,0,0,0,0,998,0,1,5,0,6,2,1,0,0,0,1,5,72401,6,1,0,0,3,0,73,200,0,0,0,0,0,0,0,0,0,9,99,99,99,99,4,1,55,2,2,1,1,0,0,14,12,1,1,4,6,1,0
5,50077,1,2,1,31,3,9,5,12,6,1,0,5,1,20,2,20002,4,2006,2G1WB58K3691,2,G,1,W,B,5,8,K,3,6,9,1,0,0,0,000000000,00000000000,0,0,0,1,0,0,0,0,0,0,0,998,0,0,0,10,6,2,12,0,0,0,1,5,72401,6,1,0,0,3,0,61,161,0,0,0,0,0,0,0,0,0,0,28,0,0,0,5,4,60,1,3,2,1,0,0,1,9,7,1,6,64,1,0
5,50077,2,2,1,31,3,9,5,12,6,1,0,5,3,20,481,20481,31,2012,1GCRCPEA5CZ1,1,G,C,R,C,P,E,A,5,C,Z,1,0,0,0,000000000,00000000000,0,0,0,1,0,0,0,0,0,0,0,998,0,0,0,12,6,2,12,0,0,0,1,5,72476,6,1,0,0,3,0,75,210,0,0,0,0,0,0,0,0,0,0,0,0,0,0,5,4,60,1,3,2,1,0,0,1,62,6,1,2,65,0,0
5,50078,1,2,1,31,3,14,26,12,6,1,0,5,2,7,482,7482,31,2002,1D7HA16K82J2,1,D,7,H,A,1,6,K,8,2,J,2,0,0,0,000000000,00000000000,0,0,0,1,0,0,0,0,0,0,0,998,0,0,0,12,6,2,12,0,0,0,1,5,72455,6,1,0,0,3,0,70,127,0,0,0,0,0,0,0,0,0,5,6,39,0,0,1,2,20,1,1,2,1,20,3,1,17,1,1,1,88,0,1
5,50078,2,2,1,31,3,14,26,12,6,1,0,5,1,49,43,49043,4,2008,4T1BK36B28U2,4,T,1,B,K,3,6,B,2,8,U,2,0,0,0,000000000,00000000000,0,0,0,1,0,0,0,0,0,0,0,998,0,0,0,9,6,2,12,0,0,0,1,5,72476,6,1,0,0,3,0,62,200,1,0,0,0,0,1,2014,1,2014,0,0,0,0,0,1,2,35,1,1,2,1,0,0,1,66,1,1,1,89,1,0
5,50079,1,2,1,2,4,20,12,12,2,1,0,5,1,7,482,7482,31,2008,1D7HA16K88J1,1,D,7,H,A,1,6,K,8,8,J,1,0,0,0,000000000,00000000000,0,0,0,1,0,0,0,0,0,0,0,998,0,0,0,12,6,2,12,0,0,0,1,5,71909,6,1,0,0,3,3,67,165,0,0,0,0,0,0,0,0,0,0,0,0,0,0,1,5,45,1,1,2,2,0,0,1,62,99,1,1,51,1,0
5,50079,2,2,1,2,4,20,12,12,2,1,0,5,1,20,2,20002,4,2009,2G1WU57MX911,2,G,1,W,U,5,7,M,X,9,1,1,0,0,0,000000000,00000000000,0,0,0,1,0,0,0,0,0,0,0,998,0,0,0,12,6,2,12,0,0,0,1,5,71949,6,1,0,0,3,3,64,180,0,0,0,0,0,0,0,0,0,0,6,28,0,0,1,5,45,1,1,2,2,0,0,1,10,99,1,1,50,0,0
5,50080,1,2,1,2,4,22,45,12,2,1,0,5,1,20,37,20037,4,1998,1G1NE52M9W61,1,G,1,N,E,5,2,M,9,W,6,1,0,0,0,000000000,00000000000,0,0,0,1,0,0,0,0,0,0,0,998,0,0,0,12,6,2,12,0,0,0,1,5,72301,6,1,0,0,3,0,67,161,0,0,0,0,2,9,2013,11,2013,0,6,28,0,0,1,2,45,1,1,1,1,0,0,1,10,1,1,2,50,1,0
5,50080,2,2,1,2,4,22,45,12,2,1,0,5,3,82,898,82898,78,1993,1FUYDCYB6PH4,1,F,U,Y,D,C,Y,B,6,P,H,4,0,0,57,659374AR,57659374AR,2,19,98,1,0,0,0,0,0,0,0,998,0,0,0,12,6,2,12,0,0,0,1,5,72301,6,1,6,0,3,0,73,205,0,0,0,0,0,0,0,0,0,0,0,0,0,0,1,2,45,1,1,1,1,0,0,1,62,1,1,1,51,0,0
5,50081,1,1,5,2,4,23,0,42,0,1,0,5,2,12,481,12481,31,1999,1FTNX20L2XEC,1,F,T,N,X,2,0,L,2,X,E,C,0,0,0,000000000,00000000000,0,0,0,1,0,0,0,0,0,0,0,998,0,0,0,12,6,2,42,0,0,0,1,5,71753,6,1,0,0,3,0,72,165,0,1,1,1,0,7,2013,9,2013,0,6,0,0,0,1,2,40,3,1,2,1,0,0,14,13,1,2,4,2,1,1
5,50082,1,1,1,4,4,20,23,38,0,1,0,5,2,63,33,63033,4,2005,KNAFE121X551,K,N,A,F,E,1,2,1,X,5,5,1,0,0,0,000000000,00000000000,0,0,0,1,0,0,0,0,0,0,0,998,0,0,0,12,6,2,42,0,0,0,1,5,71603,6,1,0,0,3,3,63,103,0,0,0,0,0,0,0,0,0,0,6,0,0,0,5,2,35,1,1,2,1,0,0,1,13,99,1,4,1,1,0
5,50083,1,1,1,5,4,15,34,1,0,1,0,5,2,49,40,49040,4,2003,4T1BE32KX3U2,4,T,1,B,E,3,2,K,X,3,U,2,0,0,0,000000000,00000000000,0,0,0,1,0,0,0,0,0,0,0,998,0,1,6,0,6,2,42,0,0,0,1,5,72104,1,1,0,0,2,3,66,200,0,0,0,0,0,0,0,0,0,9,6,0,0,0,1,2,45,2,1,2,1,0,0,14,9,6,4,4,7,1,1
5,50084,1,1,1,6,4,0,16,1,0,1,0,92,0,53,734,53734,90,2013,5SAAM45P7D71,5,S,A,A,M,4,5,P,7,D,7,1,0,0,0,000000000,00000000000,0,0,0,1,0,0,0,0,0,0,0,998,0,1,1,0,6,2,1,0,0,0,1,5,72118,6,1,0,0,3,0,71,179,0,0,0,0,0,0,0,0,0,0,0,0,0,0,1,2,25,1,2,2,1,0,0,2,9,1,2,3,98,1,1
5,50085,1,2,2,6,4,0,45,12,1,1,0,5,1,49,403,49403,14,2011,5TDZK3EH7BS0,5,T,D,Z,K,3,E,H,7,B,S,0,0,0,0,000000000,00000000000,0,0,0,1,0,0,0,0,0,0,0,998,0,1,5,6,6,2,12,0,0,0,1,5,71671,6,1,0,0,3,0,73,250,0,0,0,1,0,1,2014,1,2014,0,0,0,0,0,3,2,70,1,1,1,1,0,0,1,53,1,1,1,25,2,0
5,50085,2,2,4,6,4,0,45,12,1,1,0,5,2,49,40,49040,4,2005,4T1BE32K85U9,4,T,1,B,E,3,2,K,8,5,U,9,0,0,0,000000000,00000000000,0,0,0,1,0,0,0,0,0,0,0,998,0,0,0,12,6,2,2,0,0,1,1,5,72227,6,2,0,0,3,2,71,160,0,0,0,0,0,0,0,0,0,0,6,26,73,0,3,2,70,1,1,1,1,0,0,15,51,6,1,3,24,0,0
5,50086,1,2,1,6,4,13,55,12,6,1,0,47,3,85,884,85884,66,2013,1XKAD49X7DJ3,1,X,K,A,D,4,9,X,7,D,J,3,1,1,57,2367586TN,572367586TN,3,6,2,1,0,0,0,0,0,0,0,998,0,0,0,3,4,3,12,0,0,0,1,5,72921,6,1,6,0,3,3,70,200,1,0,0,2,1,4,2012,8,2012,0,38,0,0,0,3,4,65,1,2,2,1,21,3,11,15,1,1,1,68,0,0