STATE,ST_CASE,VEH_NO,VE_FORMS,NUMOCCS,DAY,MONTH,HOUR,MINUTE,HARM_EV,MAN_COLL,UNITTYPE,HIT_RUN,REG_STAT,OWNER,MAKE,MODEL,MAK_MOD,BODY_TYP,MOD_YEAR,VIN,VIN_1,VIN_2,VIN_3,VIN_4,VIN_5,VIN_6,VIN_7,VIN_8,VIN_9,VIN_10,VIN_11,VIN_12,TOW_VEH,J_KNIFE,MCARR_I1,MCARR_I2,MCARR_ID,GVWR,V_CONFIG,CARGO_BT,HAZ_INV,HAZ_PLAC,HAZ_ID,HAZ_CNO,HAZ_REL,BUS_USE,SPEC_USE,EMER_USE,TRAV_SP,UNDERIDE,ROLLOVER,ROLINLOC,IMPACT1,DEFORMED,TOWED,M_HARM,VEH_SC1,VEH_SC2,FIRE_EXP,DR_PRES,L_STATE,DR_ZIP,L_STATUS,L_TYPE,CDL_STAT,L_ENDORS,L_COMPL,L_RESTRI,DR_HGT,DR_WGT,PREV_ACC,PREV_SUS,PREV_DWI,PREV_SPD,PREV_OTH,FIRST_MO,FIRST_YR,LAST_MO,LAST_YR,SPEEDREL,DR_SF1,DR_SF2,DR_SF3,DR_SF4,VTRAFWAY,VNUM_LAN,VSPD_LIM,VALIGN,VPROFILE,VPAVETYP,VSURCOND,VTRAFCON,VTCONT_F,P_CRASH1,P_CRASH2,P_CRASH3,PCRASH4,PCRASH5,ACC_TYPE,DEATHS,DR_DRINK
5,50204,2,2,2,8,7,7,38,12,2,1,0,5,3,7,482,7482,31,2014,3C7WRLEL7EG1,3,C,7,W,R,L,E,L,7,E,G,1,0,0,0,000000000,00000000000,0,0,0,1,0,0,0,0,0,0,0,998,0,0,0,12,6,2,12,0,0,0,1,5,72758,6,1,0,0,3,0,69,140,0,0,0,0,0,0,0,0,0,0,6,0,0,0,1,2,55,1,1,2,1,0,0,1,10,99,1,2,50,0,0
5,50205,1,4,1,8,7,23,55,12,1,1,0,48,1,12,481,12481,31,2005,1FTWW31P95EB,1,F,T,W,W,3,1,P,9,5,E,B,0,0,0,000000000,00000000000,0,0,0,1,0,0,0,0,0,0,0,998,0,0,0,12,6,2,2,0,0,1,1,48,77590,6,1,6,0,3,9,74,195,0,0,0,0,0,0,0,0,0,0,99,99,99,99,2,2,70,1,1,2,1,0,0,1,52,8,2,1,28,0,0
5,50205,2,4,1,8,7,23,55,12,1,1,0,5,1,6,18,6018,4,2012,1C3CCBBB6CN1,1,C,3,C,C,B,B,B,6,C,N,1,0,0,0,000000000,00000000000,0,0,0,1,0,0,0,0,0,0,0,998,0,0,0,12,6,2,12,0,0,0,1,5,71923,1,1,0,0,2,0,68,140,0,1,0,0,2,9,2012,3,2014,0,99,99,99,99,2,2,70,1,1,2,1,0,0,1,10,8,1,2,98,1,0
5,50205,3,4,1,8,7,23,55,12,1,1,0,21,3,84,884,84884,66,2007,2HSCNAPR07C3,2,H,S,C,N,A,P,R,0,7,C,3,1,1,57,1390626KY,571390626KY,3,6,1,1,0,0,0,0,0,0,0,998,0,0,0,6,4,5,12,0,0,0,1,21,42257,6,1,6,0,3,3,63,185,0,0,0,0,1,1,2014,1,2014,0,99,99,99,99,2,2,70,1,1,2,1,0,0,2,18,2,1,1,29,0,0
5,50205,4,4,2,8,7,23,55,12,1,1,0,48,1,20,22,20022,4,2006,1G1AK55FX678,1,G,1,A,K,5,5,F,X,6,7,8,0,0,0,000000000,00000000000,0,0,0,1,0,0,0,0,0,0,0,998,0,0,0,12,6,2,12,0,0,0,1,18,47170,1,1,0,0,2,9,59,97,0,0,0,0,0,0,0,0,0,0,99,99,99,99,2,2,70,1,1,2,1,0,0,1,52,3,2,1,98,0,0
5,50206,1,1,2,9,7,4,19,8,0,1,0,5,1,20,481,20481,31,2008,1GCEC19C18Z1,1,G,C,E,C,1,9,C,1,8,Z,1,0,0,0,000000000,00000000000,0,0,0,1,0,0,0,0,0,0,0,998,0,0,0,12,4,5,8,0,0,0,1,5,71929,6,1,0,0,3,3,65,135,0,0,0,0,0,0,0,0,0,0,0,0,0,0,1,2,55,1,1,1,2,0,0,1,80,1,1,1,13,0,0
5,50207,1,1,1,9,7,15,37,59,0,1,0,5,1,20,2,20002,4,2000,2G1WF55EXY93,2,G,1,W,F,5,5,E,X,Y,9,3,0,0,0,000000000,00000000000,0,0,0,1,0,0,0,0,0,0,0,998,0,1,5,12,6,2,1,0,0,0,1,5,71730,6,1,0,0,3,0,67,198,0,0,0,0,0,0,0,0,0,0,99,99,99,99,1,2,25,1,2,2,1,0,0,1,9,1,1,4,6,1,0
5,50208,1,5,1,9,7,16,56,12,1,1,0,47,3,87,884,87884,66,2012,1XPVDP9X0CD1,1,X,P,V,D,P,9,X,0,C,D,1,1,1,57,247875TN,57247875TN,3,6,1,1,0,0,0,0,0,0,0,998,0,0,0,12,6,2,12,0,0,0,1,13,31602,6,1,6,0,3,3,68,275,98,0,0,0,2,3,2012,3,2012,0,26,0,0,0,3,3,70,1,1,1,1,0,0,1,52,4,1,1,24,0,0
5,50208,2,5,1,9,7,16,56,12,1,1,0,48,1,19,21,19021,4,9999,1G6DE5E5XC01,1,G,6,D,E,5,E,5,X,C,0,1,0,0,0,000000000,00000000000,0,0,0,1,0,0,0,0,0,0,0,998,3,0,0,6,6,2,12,0,0,0,1,48,75205,6,1,0,0,3,0,74,215,0,0,0,0,0,0,0,0,0,0,0,0,0,0,3,3,70,1,1,1,1,0,0,2,53,1,1,1,25,1,0
5,50208,3,5,1,9,7,16,56,12,1,1,0,5,3,82,884,82884,66,2007,1FUJA6CV87LY,1,F,U,J,A,6,C,V,8,7,L,Y,1,1,57,003348AR,57003348AR,3,6,1,1,0,0,0,0,0,0,0,998,0,0,0,6,6,2,12,0,0,0,1,5,72116,6,1,6,0,3,3,72,175,0,0,0,0,0,0,0,0,0,0,0,0,0,0,3,3,70,1,1,1,1,0,0,2,53,1,1,1,98,0,0
5,50208,4,5,1,9,7,16,56,12,1,1,0,95,3,51,884,51884,66,2005,4V4NC9GH75N3,4,V,4,N,C,9,G,H,7,5,N,3,1,1,57,1101422ON,571101422ON,3,6,1,1,0,0,0,0,0,0,0,0,0,0,0,6,4,5,12,0,0,0,1,95,602,9,9,99,0,9,9,999,999,99,99,99,99,99,99,9999,99,9999,0,0,0,0,0,3,3,70,1,1,1,1,0,0,5,53,1,1,1,98,0,0
5,50208,5,5,1,9,7,16,56,12,1,1,0,5,3,82,884,82884,66,2013,1FUJGEDV5DSB,1,F,U,J,G,E,D,V,5,D,S,B,1,1,57,891262,57891262,3,6,3,1,0,0,0,0,0,0,0,0,0,0,0,6,4,5,12,0,0,0,1,5,72034,6,1,6,0,3,0,75,210,0,0,0,0,0,0,0,0,0,0,0,0,0,0,3,3,70,1,1,1,1,0,0,5,53,1,1,1,98,0,0
5,50209,1,1,1,9,7,22,0,1,0,1,0,5,2,2,402,2402,14,1976,J6F83EH08175,J,6,F,8,3,E,H,0,8,1,7,5,0,0,0,000000000,00000000000,0,0,0,1,0,0,0,0,0,0,0,998,0,1,5,0,6,2,1,0,0,0,1,5,72764,1,1,0,0,2,3,73,210,1,2,2,0,0,3,2013,4,2014,0,6,0,0,0,1,2,25,2,2,2,1,0,0,14,9,6,1,4,1,1,1
5,50210,1,2,1,10,7,5,45,12,2,1,0,5,1,76,706,76706,80,1996,JYA3ALE07TA0,J,Y,A,3,A,L,E,0,7,T,A,0,0,0,0,000000000,00000000000,0,0,0,1,0,0,0,0,0,0,0,998,0,0,0,12,6,2,12,0,0,0,1,5,72083,6,1,0,0,3,0,73,163,0,0,0,0,3,10,2012,6,2014,0,0,0,0,0,1,2,55,1,1,2,1,0,0,1,62,7,1,1,51,1,0
5,50210,2,2,2,10,7,5,45,12,2,1,0,5,3,23,421,23421,15,2011,1GKS2CE02BR1,1,G,K,S,2,C,E,0,2,B,R,1,0,0,0,000000000,00000000000,0,0,0,1,0,0,0,0,0,0,0,998,0,0,0,12,6,2,12,0,0,0,1,5,72160,6,1,0,0,3,0,67,140,0,0,0,0,0,0,0,0,0,0,38,0,0,0,1,2,55,1,1,2,1,0,0,6,10,6,1,2,50,0,0
5,50211,1,1,1,10,7,5,46,8,0,1,0,5,1,35,39,35039,4,2000,JN1CA31D4YT5,J,N,1,C,A,3,1,D,4,Y,T,5,0,0,0,000000000,00000000000,0,0,0,1,0,0,0,0,0,0,0,998,0,0,0,12,4,5,8,0,0,0,1,5,72956,6,1,0,0,3,0,62,90,0,0,0,0,0,0,0,0,0,0,0,0,0,0,1,2,35,1,1,2,1,0,0,1,80,1,1,1,13,0,0
5,50212,1,2,1,10,7,20,6,12,2,1,0,5,2,49,481,49481,31,9999,JT4RN70D3G00,J,T,4,R,N,7,0,D,3,G,0,0,0,0,0,000000000,00000000000,0,0,0,1,0,0,0,0,0,0,0,998,0,0,0,12,6,2,12,0,0,0,1,5,72076,6,1,0,0,3,0,72,195,0,0,0,0,0,0,0,0,0,0,6,0,0,0,1,2,55,1,1,2,1,0,0,1,9,8,2,2,50,1,0
5,50212,2,2,1,10,7,20,6,12,2,1,0,5,2,7,399,7399,4,2007,1B3HB48B27D5,1,B,3,H,B,4,8,B,2,7,D,5,0,0,0,000000000,00000000000,0,0,0,1,0,0,0,0,0,0,0,998,0,0,0,12,6,2,12,0,0,0,1,5,72086,6,1,0,0,3,3,66,170,0,0,0,0,0,0,0,0,0,0,0,0,0,0,1,2,55,1,1,2,1,0,0,1,62,1,1,1,51,0,0
5,50213,1,1,1,10,7,22,23,34,0,1,0,5,1,34,35,34035,4,2002,WBADT63412CH,W,B,A,D,T,6,3,4,1,2,C,H,0,0,0,000000000,00000000000,0,0,0,1,0,0,0,0,0,0,0,998,0,1,5,14,6,2,1,0,0,0,1,5,72034,6,1,0,0,3,3,67,140,0,0,0,0,0,0,0,0,0,9,99,99,99,99,1,2,55,3,2,2,1,0,0,14,13,1,1,4,1,1,0
5,50214,1,1,1,11,7,8,30,11,0,1,0,5,1,72,706,72706,80,2001,1HD1BWB1X1Y0,1,H,D,1,B,W,B,1,X,1,Y,0,0,0,0,000000000,00000000000,0,0,0,1,0,0,0,0,0,0,0,998,0,0,0,12,6,2,11,0,0,0,1,5,72519,6,1,0,0,3,0,70,180,0,0,0,0,0,0,0,0,0,0,83,0,0,0,1,2,55,3,2,2,1,0,0,14,87,3,2,1,13,1,0
5,50215,2,1,1,12,7,4,38,14,0,1,0,5,1,34,34,34034,2,2005,WBSBL93405PN,W,B,S,B,L,9,3,4,0,5,P,N,0,0,0,000000000,00000000000,0,0,0,1,0,0,0,0,0,0,0,998,3,0,0,12,6,2,14,0,0,0,1,5,72118,6,1,0,0,3,0,69,155,0,0,0,0,0,0,0,0,0,0,6,0,0,0,3,3,65,1,2,1,1,0,0,1,9,1,1,4,11,1,1
5,50216,1,2,5,12,7,17,0,12,6,1,0,29,1,37,39,37039,5,2012,JHMGE8H3XCC0,J,H,M,G,E,8,H,3,X,C,C,0,0,0,0,000000000,00000000000,0,0,0,1,0,0,0,0,0,0,0,998,0,0,0,9,6,2,12,0,0,0,1,28,39208,6,1,0,0,3,0,66,115,98,0,0,0,0,0,0,0,0,0,48,0,0,0,1,3,55,4,2,2,1,0,0,12,98,1,1,1,98,0,0
5,50216,2,2,2,12,7,17,0,12,6,1,0,5,1,72,706,72706,80,2005,1HD1FCW195Y6,1,H,D,1,F,C,W,1,9,5,Y,6,0,0,0,000000000,00000000000,0,0,0,1,0,0,0,0,0,0,0,998,0,0,0,12,6,2,12,0,0,0,1,5,72949,6,1,6,0,3,0,72,220,0,0,0,0,0,0,0,0,0,0,0,0,0,0,1,3,55,1,2,2,1,0,0,1,60,4,2,1,98,1,0
5,50217,1,1,1,14,7,6,3,9,0,1,0,5,1,20,481,20481,31,2011,3GCPKTE39BG1,3,G,C,P,K,T,E,3,9,B,G,1,0,0,0,000000000,00000000000,0,0,0,1,0,0,0,0,0,0,0,998,0,0,0,12,6,5,9,0,0,0,1,5,72010,6,1,0,0,3,0,72,185,0,0,0,3,0,6,2012,7,2013,0,0,0,0,0,1,2,50,1,2,2,1,0,0,1,83,1,1,1,13,0,0
5,50218,1,1,1,15,7,7,41,8,0,1,0,5,1,2,404,2404,14,2001,1J4GX48NX1C5,1,J,4,G,X,4,8,N,X,1,C,5,0,0,0,000000000,00000000000,0,0,0,1,0,0,0,0,0,0,0,998,0,0,0,12,6,2,8,0,0,0,1,29,72753,6,1,0,0,3,0,72,190,0,2,0,0,0,2,2013,1,2014,0,6,0,0,0,5,4,55,1,1,2,1,0,0,1,13,1,1,4,13,0,0
5,50219,1,1,1,15,7,16,27,32,0,1,0,5,2,13,1,13001,4,1999,1LNHM81W5XY6,1,L,N,H,M,8,1,W,5,X,Y,6,0,0,0,000000000,00000000000,0,0,0,1,0,0,0,0,0,0,0,998,0,0,0,12,6,2,32,0,0,0,1,5,72032,6,1,0,0,3,3,68,185,1,0,0,0,1,1,2012,2,2012,0,6,0,0,0,1,2,35,3,2,2,1,0,0,14,13,1,1,4,1,1,0
5,50220,1,1,1,16,7,17,45,32,0,1,0,5,1,20,421,20421,15,2004,1GNEC13Z54R3,1,G,N,E,C,1,3,Z,5,4,R,3,0,0,0,000000000,00000000000,0,0,0,1,0,0,0,0,0,0,0,998,0,1,5,9,6,2,1,0,0,0,1,5,72104,6,1,0,0,3,0,62,250,0,0,0,0,0,0,0,0,0,0,6,0,0,0,1,2,55,1,1,2,1,0,0,1,13,6,1,4,1,1,0
5,50221,1,3,2,17,7,16,55,12,8,1,0,5,1,12,17,12017,4,2005,1FAFP53285A3,1,F,A,F,P,5,3,2,8,5,A,3,0,0,0,000000000,00000000000,0,0,0,1,0,0,0,0,0,0,0,998,0,0,0,11,6,2,12,0,0,0,1,5,72013,6,1,0,0,3,3,66,145,0,0,0,0,0,0,0,0,0,0,51,0,0,0,1,2,55,3,3,2,1,0,0,14,10,1,1,2,64,2,0
5,50221,2,3,1,17,7,16,55,12,8,1,0,5,3,87,884,87884,66,2008,1NPVAU7X28D7,1,N,P,V,A,U,7,X,2,8,D,7,1,1,88,888888888,88888888888,3,6,3,1,0,0,0,0,0,0,0,998,0,0,0,8,4,5,12,0,0,0,1,5,72543,6,1,6,0,3,3,72,165,0,0,0,0,0,0,0,0,0,0,0,0,0,0,1,2,55,2,3,2,1,0,0,14,62,7,1,1,65,0,0
5,50221,3,3,2,17,7,16,55,12,8,1,0,5,3,12,481,12481,31,2010,1FDWW3HR9AEB,1,F,D,W,W,3,H,R,9,A,E,B,1,1,0,000000000,00000000000,0,0,0,1,0,0,0,0,0,0,0,998,0,0,0,10,6,2,12,0,0,0,1,5,72034,6,1,6,0,3,0,73,295,0,0,0,1,1,1,2012,1,2012,0,0,0,0,0,1,2,55,2,3,2,1,0,0,14,62,4,1,1,98,0,0
5,50222,1,1,1,20,7,1,15,34,0,1,0,5,1,2,402,2402,14,1973,999999999999,9,9,9,9,9,9,9,9,9,9,9,9,0,0,0,000000000,00000000000,0,0,0,1,0,0,0,0,0,0,0,998,0,1,5,12,6,2,1,0,0,0,1,5,72738,6,1,0,0,3,0,72,266,0,0,0,0,0,0,0,0,0,0,6,0,0,0,1,2,55,3,5,2,1,0,0,14,13,4,2,4,1,1,1
5,50223,1,1,1,21,7,6,8,8,0,1,1,99,9,99,999,99999,99,9999,999999999999,9,9,9,9,9,9,9,9,9,9,9,9,0,0,0,000000000,00000000000,0,0,0,1,0,0,0,0,0,0,0,998,0,0,0,12,9,5,8,0,0,0,1,99,99999,9,9,99,9,9,9,999,999,99,99,99,99,99,99,9999,99,9999,0,0,0,0,0,1,2,25,1,1,2,1,0,0,99,9,99,9,9,13,0,0
5,50224,1,2,1,21,7,9,23,12,6,1,0,5,1,23,481,23481,31,2006,3GTEK14Z36G1,3,G,T,E,K,1,4,Z,3,6,G,1,0,0,0,000000000,00000000000,0,0,0,1,0,0,0,0,0,0,0,998,0,0,0,3,6,2,12,0,0,0,1,5,72472,6,1,0,0,3,0,71,180,0,0,0,0,0,0,0,0,0,0,6,51,0,0,2,2,70,3,4,2,1,0,0,14,9,6,1,6,66,1,0
5,50224,2,2,1,21,7,9,23,12,6,1,0,5,1,20,481,20481,31,2003,3GNEK13TX3G1,3,G,N,E,K,1,3,T,X,3,G,1,0,0,0,000000000,00000000000,0,0,0,1,0,0,0,0,0,0,0,998,0,0,0,12,6,2,12,0,0,0,1,5,72417,6,1,6,0,3,0,59,135,0,0,0,0,0,0,0,0,0,0,0,0,0,0,2,2,70,2,4,2,1,0,0,14,62,1,1,6,66,1,0
5,50225,1,1,1,21,7,18,39,42,0,1,0,5,1,53,706,53706,80,1994,JS1VX51L1R21,J,S,1,V,X,5,1,L,1,R,2,1,0,0,0,000000000,00000000000,0,0,0,1,0,0,0,0,0,0,0,998,0,0,0,12,6,2,42,0,0,0,1,5,72432,6,1,0,0,2,0,69,215,0,0,0,0,0,0,0,0,0,0,6,0,0,0,1,2,45,3,2,2,1,0,0,14,9,1,1,4,1,1,0
5,50226,1,1,2,24,7,23,35,8,0,1,0,1,2,7,482,7482,31,2012,3C63DRHL2CG3,3,C,6,3,D,R,H,L,2,C,G,3,0,0,0,000000000,00000000000,0,0,0,1,0,0,0,0,0,0,0,998,0,0,0,2,4,5,8,0,0,0,1,1,36352,6,1,6,0,3,3,72,250,0,0,0,0,0,0,0,0,0,0,0,0,0,0,1,2,55,1,1,1,1,0,0,1,80,1,1,1,13,0,0
5,50227,1,2,1,25,7,15,27,33,0,1,0,5,2,38,402,38402,14,2003,4S2CK58W6343,4,S,2,C,K,5,8,W,6,3,4,3,0,0,0,000000000,00000000000,0,0,0,1,0,0,0,0,0,0,0,998,0,0,0,2,6,2,12,0,0,0,1,5,72762,6,1,0,0,3,0,69,130,0,0,0,0,0,0,0,0,0,0,6,0,0,0,2,2,45,3,1,2,1,0,0,14,9,6,1,4,98,1,1
5,50227,2,2,1,25,7,15,27,33,0,1,0,5,3,12,422,12422,15,2001,1FMRU17L81LA,1,F,M,R,U,1,7,L,8,1,L,A,0,0,0,000000000,00000000000,0,0,0,1,0,0,0,0,0,0,0,998,0,0,0,12,6,2,12,0,0,0,1,5,72756,6,1,0,0,3,0,70,135,0,0,0,0,1,12,2013,12,2013,0,0,0,0,0,2,2,45,1,1,2,1,0,0,1,62,1,1,1,98,0,0
5,50228,1,1,3,26,7,1,18,32,0,1,0,5,1,12,3,12003,2,2006,1ZVHT82HX651,1,Z,V,H,T,8,2,H,X,6,5,1,0,0,0,000000000,00000000000,0,0,0,1,0,0,0,0,0,0,0,998,0,1,5,12,6,2,1,0,0,1,1,5,72142,1,1,0,0,2,3,74,175,1,0,0,0,7,1,2013,5,2014,5,6,0,0,0,1,2,55,1,1,2,1,0,0,1,13,1,1,4,1,3,1
5,50229,1,2,2,26,7,16,37,12,2,1,0,22,2,24,9,24009,4,2009,1G8ZX57769F1,1,G,8,Z,X,5,7,7,6,9,F,1,0,0,0,000000000,00000000000,0,0,0,1,0,0,0,0,0,0,0,998,0,0,0,12,6,2,2,0,0,1,1,22,71207,6,1,0,0,3,9,72,206,0,0,0,0,0,0,0,0,0,0,51,0,0,0,5,4,60,2,2,2,1,0,0,14,10,1,1,2,50,1,0
5,50229,2,2,2,26,7,16,37,12,2,1,0,5,1,82,884,82884,66,2000,1FUPCSEB1YDG,1,F,U,P,C,S,E,B,1,Y,D,G,1,1,57,1411014AR,571411014AR,3,6,1,1,0,0,0,0,0,0,0,998,0,0,0,12,6,2,12,0,0,0,1,5,72565,6,1,6,0,3,3,72,200,0,0,0,0,0,0,0,0,0,0,0,0,0,0,5,4,60,1,2,2,1,0,0,1,62,7,1,1,51,0,0
5,50230,1,1,1,27,7,11,45,32,0,1,0,5,1,35,47,35047,4,2012,1N4AL2AP8CN5,1,N,4,A,L,2,A,P,8,C,N,5,0,0,0,000000000,00000000000,0,0,0,1,0,0,0,0,0,0,0,998,0,0,0,12,6,2,32,0,0,0,1,5,72834,6,1,0,0,3,0,64,150,1,0,0,0,0,6,2014,6,2014,0,6,51,0,0,1,2,55,2,1,2,1,0,0,14,12,1,1,4,6,1,0
5,50231,1,2,2,27,7,16,53,12,6,1,0,5,1,73,706,73706,80,1997,JKAZX4C18VB5,J,K,A,Z,X,4,C,1,8,V,B,5,0,0,0,000000000,00000000000,0,0,0,1,0,0,0,0,0,0,0,998,0,0,0,12,6,2,12,0,0,0,1,5,72823,6,1,0,0,3,0,69,140,0,0,0,1,1,3,2014,6,2014,0,6,0,0,0,1,2,55,1,3,2,1,0,0,1,66,1,1,1,88,1,0
5,50231,2,2,1,27,7,16,53,12,6,1,0,5,2,20,481,20481,31,2000,1GCEC14W6YZ1,1,G,C,E,C,1,4,W,6,Y,Z,1,0,0,0,000000000,00000000000,0,0,0,1,0,0,0,0,0,0,0,998,0,0,0,8,6,2,12,0,0,0,1,5,72858,6,2,0,0,3,2,67,128,0,0,0,0,0,0,0,0,0,0,73,0,0,0,1,2,98,1,3,2,1,20,2,1,17,1,1,1,89,0,0
5,50232,1,2,2,28,7,14,19,12,6,1,0,5,3,20,481,20481,31,1984,1GBGC34J3EV1,1,G,B,G,C,3,4,J,3,E,V,1,1,1,0,000000000,00000000000,0,0,0,1,0,0,0,0,0,0,0,998,0,0,0,4,6,2,30,0,0,0,1,5,72205,1,1,0,0,2,3,72,185,0,0,0,0,0,0,0,0,0,0,6,0,0,0,1,4,45,1,1,2,1,3,3,1,8,6,1,2,87,1,0
5,50232,2,2,1,28,7,14,19,12,6,1,0,5,2,12,471,12471,30,2002,1FTYR14U02TA,1,F,T,Y,R,1,4,U,0,2,T,A,0,0,0,000000000,00000000000,0,0,0,1,0,0,0,0,0,0,0,998,0,0,0,11,4,5,12,0,0,0,1,5,72209,6,1,0,0,3,0,71,230,0,1,0,0,0,12,2012,12,2012,0,0,0,0,0,1,4,98,1,1,2,1,3,3,1,66,1,1,1,86,0,0
5,50233,1,1,2,29,7,0,30,24,0,1,0,5,2,2,403,2403,14,2010,1J4BA3H11AL1,1,J,4,B,A,3,H,1,1,A,L,1,0,0,0,000000000,00000000000,0,0,0,1,0,0,0,0,0,0,0,998,0,0,0,1,6,2,58,0,0,0,1,22,71052,0,0,0,0,0,0,999,999,99,99,99,99,99,99,9999,99,9999,4,99,99,99,99,1,2,35,3,1,4,1,0,0,14,6,3,2,4,2,1,1
5,50234,1,2,1,30,7,6,50,12,8,1,0,5,2,49,472,49472,30,2008,5TENX22N98Z5,5,T,E,N,X,2,2,N,9,8,Z,5,0,0,0,000000000,00000000000,0,0,0,1,0,0,0,0,0,0,0,998,0,0,0,11,6,2,12,0,0,0,1,5,71646,6,1,0,0,3,0,66,170,0,0,0,2,1,7,2012,12,2013,0,28,0,0,0,1,2,45,2,2,2,1,0,0,14,10,1,1,2,64,1,0
5,50234,2,2,1,30,7,6,50,12,8,1,0,5,3,87,884,87884,66,2013,1NPXGGGGX0D2,1,N,P,X,G,G,G,G,X,0,D,2,1,1,57,970497AR,57970497AR,3,6,10,1,0,0,0,0,0,0,0,998,0,0,0,8,4,5,12,0,0,0,1,5,71646,6,1,6,0,3,0,70,220,0,0,0,0,0,0,0,0,0,0,0,0,0,0,1,2,45,3,2,2,1,0,0,14,62,7,1,2,65,0,0
5,50235,1,1,1,31,7,2,0,8,0,1,1,5,1,23,481,23481,31,1993,1GTDC14Z8PZ5,1,G,T,D,C,1,4,Z,8,P,Z,5,0,0,0,000000000,00000000000,0,0,0,1,0,0,0,0,0,0,0,998,0,0,0,1,4,3,8,0,0,0,1,5,72327,6,1,0,0,3,0,72,210,1,0,0,0,1,12,2012,1,2014,0,99,99,99,99,1,2,45,1,1,2,1,0,0,1,80,99,1,1,13,0,0
5,50236,1,1,1,31,7,9,47,24,0,1,0,22,1,72,706,72706,80,2013,1HD1FCM15DB6,1,H,D,1,F,C,M,1,5,D,B,6,0,0,0,000000000,00000000000,0,0,0,1,0,0,0,0,0,0,0,998,0,0,0,11,6,2,24,0,0,0,1,22,71343,6,1,0,0,3,9,67,190,0,0,0,0,0,0,0,0,0,0,99,99,99,99,3,2,70,1,1,2,2,0,0,1,9,1,1,4,6,1,0
5,50237,1,1,3,31,7,21,30,34,0,1,0,92,0,35,401,35401,14,1997,JN8AR05YXVW1,J,N,8,A,R,0,5,Y,X,V,W,1,0,0,0,000000000,00000000000,0,0,0,1,0,0,0,0,0,0,0,998,0,1,5,10,6,2,1,0,0,0,1,5,71909,1,1,0,0,2,0,63,160,0,0,0,0,0,0,0,0,0,0,6,0,0,0,1,2,35,2,1,2,2,40,3,14,12,7,1,4,6,1,0
5,50238,1,1,1,31,7,23,25,35,0,1,0,92,0,20,471,20471,30,1991,1GCCS14R8M82,1,G,C,C,S,1,4,R,8,M,8,2,0,0,0,000000000,00000000000,0,0,0,1,0,0,0,0,0,0,0,998,0,1,5,11,6,2,1,0,0,0,1,5,71747,6,1,0,0,3,0,70,200,0,0,0,0,0,0,0,0,0,4,0,0,0,0,1,2,55,3,2,2,2,0,0,14,6,9,2,4,7,1,1
5,50239,1,1,1,5,2,15,21,53,0,1,0,5,2,23,481,23481,31,1998,1GTEC14M8WZ5,1,G,T,E,C,1,4,M,8,W,Z,5,0,0,0,000000000,00000000000,0,0,0,1,0,0,0,0,0,0,0,998,0,1,5,98,6,2,32,0,0,0,1,5,72032,6,1,0,0,2,0,70,175,0,0,0,0,0,0,0,0,0,0,99,99,99,99,1,2,35,1,2,2,1,0,0,1,9,3,2,4,2,1,0
5,50240,1,2,6,23,6,12,9,12,6,1,0,5,2,12,37,12037,4,2009,1FAHP35N89W2,1,F,A,H,P,3,5,N,8,9,W,2,0,0,0,000000000,00000000000,0,0,0,1,0,0,0,0,0,0,0,998,0,0,0,3,6,2,12,0,0,0,1,5,72433,6,1,0,0,3,0,60,101,0,0,0,0,0,0,0,0,0,0,38,0,0,0,1,2,98,1,1,2,1,20,3,1,17,1,1,1,87,1,0
5,50240,2,2,3,23,6,12,9,12,6,1,0,5,2,19,3,19003,4,1990,1G6CD5333L43,1,G,6,C,D,5,3,3,3,L,4,3,0,0,0,000000000,00000000000,0,0,0,1,0,0,0,0,0,0,0,998,0,0,0,12,6,2,12,0,0,0,1,5,72476,6,1,0,0,3,0,71,150,0,0,0,0,3,7,2012,5,2014,0,0,0,0,0,5,2,35,1,1,2,1,0,0,1,66,4,1,1,86,0,0
5,50241,1,1,2,1,8,3,0,59,0,1,0,5,2,37,32,37032,4,2002,1HGCG22582A0,1,H,G,C,G,2,2,5,8,2,A,0,0,0,0,000000000,00000000000,0,0,0,1,0,0,0,0,0,0,0,998,0,0,0,1,6,2,2,0,0,1,1,5,72117,1,1,0,0,2,3,59,110,0,0,0,0,0,0,0,0,0,4,0,0,0,0,1,2,55,3,1,2,2,0,0,14,13,1,1,4,1,1,0
5,50242,1,2,1,1,8,6,20,12,6,1,0,1,2,49,49,49049,6,2006,JTLKT3246640,J,T,L,K,T,3,2,4,6,6,4,0,0,0,0,000000000,00000000000,0,0,0,1,0,0,0,0,0,0,0,998,0,0,0,3,6,2,12,0,0,0,1,1,35570,6,1,0,0,3,3,64,102,0,0,0,0,0,0,0,0,0,4,28,0,0,0,1,2,98,3,2,2,2,40,3,14,6,1,4,2,66,1,0
5,50242,2,2,1,1,8,6,20,12,6,1,0,5,3,82,884,82884,78,2013,3ALXFB002EDF,3,A,L,X,F,B,0,0,2,E,D,F,1,1,88,888888888,88888888888,2,19,98,1,0,0,0,0,0,0,0,998,0,0,0,12,6,2,12,0,0,0,1,5,71744,6,1,6,0,3,3,64,170,1,0,0,0,0,4,2012,4,2012,0,0,0,0,0,1,2,98,2,2,2,2,40,3,14,62,1,1,1,66,0,0
5,50243,1,1,3,2,8,2,41,42,0,1,0,5,2,37,32,37032,4,1997,1HGCD5639VA1,1,H,G,C,D,5,6,3,9,V,A,1,0,0,0,000000000,00000000000,0,0,0,1,0,0,0,0,0,0,0,998,0,0,0,12,6,2,42,0,0,0,1,5,72455,1,1,0,0,2,3,67,150,0,0,0,0,1,3,2013,3,2013,0,6,0,0,0,1,2,30,1,2,2,1,0,0,1,12,1,1,4,6,1,1