STATE,ST_CASE,VEH_NO,VE_FORMS,NUMOCCS,DAY,MONTH,HOUR,MINUTE,HARM_EV,MAN_COLL,UNITTYPE,HIT_RUN,REG_STAT,OWNER,MAKE,MODEL,MAK_MOD,BODY_TYP,MOD_YEAR,VIN,VIN_1,VIN_2,VIN_3,VIN_4,VIN_5,VIN_6,VIN_7,VIN_8,VIN_9,VIN_10,VIN_11,VIN_12,TOW_VEH,J_KNIFE,MCARR_I1,MCARR_I2,MCARR_ID,GVWR,V_CONFIG,CARGO_BT,HAZ_INV,HAZ_PLAC,HAZ_ID,HAZ_CNO,HAZ_REL,BUS_USE,SPEC_USE,EMER_USE,TRAV_SP,UNDERIDE,ROLLOVER,ROLINLOC,IMPACT1,DEFORMED,TOWED,M_HARM,VEH_SC1,VEH_SC2,FIRE_EXP,DR_PRES,L_STATE,DR_ZIP,L_STATUS,L_TYPE,CDL_STAT,L_ENDORS,L_COMPL,L_RESTRI,DR_HGT,DR_WGT,PREV_ACC,PREV_SUS,PREV_DWI,PREV_SPD,PREV_OTH,FIRST_MO,FIRST_YR,LAST_MO,LAST_YR,SPEEDREL,DR_SF1,DR_SF2,DR_SF3,DR_SF4,VTRAFWAY,VNUM_LAN,VSPD_LIM,VALIGN,VPROFILE,VPAVETYP,VSURCOND,VTRAFCON,VTCONT_F,P_CRASH1,P_CRASH2,P_CRASH3,PCRASH4,PCRASH5,ACC_TYPE,DEATHS,DR_DRINK
5,50244,1,2,1,2,8,7,56,12,6,1,0,5,1,14,17,14017,4,2005,1MEHM55S75A6,1,M,E,H,M,5,5,S,7,5,A,6,0,0,0,000000000,00000000000,0,0,0,1,0,0,0,0,0,0,0,998,0,0,0,12,6,2,12,0,0,0,1,5,72482,6,1,0,0,3,0,73,255,0,0,0,0,1,10,2013,10,2013,0,38,0,0,0,1,2,98,1,1,4,1,20,3,1,17,1,1,1,88,0,0
5,50244,2,2,1,2,8,7,56,12,6,1,0,5,3,20,481,20481,31,2003,1GCHK29143E2,1,G,C,H,K,2,9,1,4,3,E,2,0,0,0,000000000,00000000000,0,0,0,1,0,0,0,0,0,0,0,998,0,0,0,9,6,2,12,0,0,0,1,5,72112,6,1,0,0,3,0,71,195,0,0,0,0,0,0,0,0,0,0,0,0,0,0,1,2,55,1,1,2,1,0,0,1,66,1,1,1,89,1,0
5,50245,1,2,2,3,8,12,45,12,6,1,0,5,2,2,407,2407,14,2009,1J4FT28BX9D1,1,J,4,F,T,2,8,B,X,9,D,1,0,0,0,000000000,00000000000,0,0,0,1,0,0,0,0,0,0,0,998,0,0,0,10,6,2,12,0,0,0,1,5,72136,6,1,0,0,3,3,63,135,0,0,0,0,0,0,0,0,0,0,38,0,0,0,5,2,55,1,2,2,1,0,0,12,15,1,1,1,98,1,0
5,50245,2,2,2,3,8,12,45,12,6,1,0,5,1,98,850,98850,73,2005,4UZAAHDCX5CV,4,U,Z,A,A,H,D,C,X,5,C,V,0,0,0,000000000,00000000000,0,0,0,1,0,0,0,0,0,0,0,998,0,0,0,12,6,2,12,0,0,0,1,5,72023,6,1,0,0,3,3,72,235,0,0,0,0,0,0,0,0,0,0,0,0,0,0,5,2,55,1,2,2,1,0,0,1,67,4,2,1,98,0,0
5,50246,1,1,1,3,8,20,0,34,0,1,0,5,2,20,404,20404,14,9999,1GNDS13S0224,1,G,N,D,S,1,3,S,0,2,2,4,0,0,0,000000000,00000000000,0,0,0,1,0,0,0,0,0,0,0,998,0,1,5,12,6,2,42,0,0,0,1,5,71940,6,1,0,0,3,0,75,165,0,1,1,0,0,10,2013,10,2013,0,6,0,0,0,1,2,55,3,2,2,1,0,0,14,13,8,1,4,1,1,0
5,50247,1,1,3,4,8,2,12,42,0,1,0,5,2,12,481,12481,31,2002,1FTRX17W52NB,1,F,T,R,X,1,7,W,5,2,N,B,0,0,0,000000000,00000000000,0,0,0,1,0,0,0,0,0,0,0,998,0,0,0,12,6,2,42,0,0,0,1,5,72002,6,2,0,0,3,3,68,230,0,0,0,1,0,12,2013,12,2013,0,6,0,0,0,1,2,35,1,3,2,1,0,0,1,13,1,1,4,1,1,0
5,50248,1,1,1,7,8,8,13,42,0,1,0,5,1,37,31,37031,2,1995,2HGEJ1125SH5,2,H,G,E,J,1,1,2,5,S,H,5,0,0,0,000000000,00000000000,0,0,0,1,0,0,0,0,0,0,0,998,0,0,0,9,6,2,42,0,0,0,1,5,72946,6,1,3,0,3,0,74,220,0,0,0,0,0,0,0,0,0,4,0,0,0,0,3,2,70,1,2,2,2,0,0,1,6,4,3,4,2,1,0
5,50249,1,2,1,7,8,18,7,12,8,1,0,5,2,49,32,49032,4,1993,1NXAE04E8PZ0,1,N,X,A,E,0,4,E,8,P,Z,0,0,0,0,000000000,00000000000,0,0,0,1,0,0,0,0,0,0,0,998,0,0,0,11,6,2,12,0,0,0,1,5,72617,6,1,0,0,3,0,71,230,0,0,0,0,0,0,0,0,0,0,28,6,0,0,1,2,55,2,2,2,1,0,0,14,10,1,2,1,64,1,1
5,50249,2,2,1,7,8,18,7,12,8,1,0,5,3,87,884,87884,66,2003,1XP5DB9X83D5,1,X,P,5,D,B,9,X,8,3,D,5,1,1,57,775216AR,57775216AR,3,6,8,1,0,0,0,0,0,0,0,998,0,0,0,11,6,2,12,0,0,0,1,5,72650,6,1,6,0,3,0,69,240,0,0,0,0,0,0,0,0,0,0,0,0,0,0,1,2,55,3,2,2,1,0,0,14,62,9,2,1,65,0,0
5,50250,1,2,1,7,8,22,11,9,0,1,0,5,2,20,37,20037,4,2000,1G1ND52J2Y63,1,G,1,N,D,5,2,J,2,Y,6,3,0,0,0,000000000,00000000000,0,0,0,1,0,0,0,0,0,0,0,998,0,0,0,10,4,5,9,0,0,0,1,5,72534,6,1,0,0,3,3,71,150,0,0,0,0,0,0,0,0,0,0,0,0,0,0,1,4,55,1,2,2,1,0,0,1,83,1,1,1,13,0,0
5,50250,2,2,2,7,8,22,11,9,0,1,0,5,2,22,2,22002,4,1999,1G2HX52K1XH2,1,G,2,H,X,5,2,K,1,X,H,2,0,0,0,000000000,00000000000,0,0,0,1,0,0,0,0,0,0,0,998,0,0,0,12,4,5,9,0,0,0,1,5,72501,6,1,0,0,3,0,63,166,0,0,0,0,0,0,0,0,0,0,0,0,0,0,1,4,55,1,2,2,1,0,0,1,83,1,1,1,98,0,0
5,50251,1,1,1,7,8,23,34,11,0,1,0,5,1,73,706,73706,80,2009,JKAEXMJ119DA,J,K,A,E,X,M,J,1,1,9,D,A,0,0,0,000000000,00000000000,0,0,0,1,0,0,0,0,0,0,0,998,0,0,0,12,6,2,11,0,0,0,1,5,71635,6,1,0,0,3,0,72,175,0,1,2,1,5,4,2012,3,2014,0,99,99,99,99,1,2,45,1,1,2,1,0,0,1,87,3,2,1,13,1,1
5,50252,1,1,5,11,8,3,58,33,0,1,0,5,2,20,401,20401,14,2005,1GNDS13S6523,1,G,N,D,S,1,3,S,6,5,2,3,0,0,0,000000000,00000000000,0,0,0,1,0,0,0,0,0,0,0,998,0,1,1,8,6,2,1,0,0,0,1,5,72764,0,0,0,0,0,0,999,999,99,99,99,99,99,99,9999,99,9999,0,6,0,0,0,1,2,25,3,2,2,1,0,0,14,9,3,2,4,7,1,1
5,50253,1,1,1,11,8,22,53,34,0,1,0,5,2,20,403,20403,14,2003,1GNDT13S7322,1,G,N,D,T,1,3,S,7,3,2,2,0,0,0,000000000,00000000000,0,0,0,1,0,0,0,0,0,0,0,998,0,1,5,10,6,2,1,0,0,0,1,5,72040,1,1,0,0,2,3,73,185,0,0,0,1,3,9,2013,11,2013,0,6,0,0,0,1,2,55,3,1,7,1,0,0,14,12,8,3,4,6,1,1
5,50254,1,1,1,12,8,15,15,35,0,1,0,5,1,12,481,12481,31,2004,1FTRF02W54KB,1,F,T,R,F,0,2,W,5,4,K,B,0,0,0,000000000,00000000000,0,0,0,1,0,0,0,0,0,0,0,998,0,0,0,12,6,2,42,32,0,0,1,5,72530,6,1,5,0,3,0,70,325,1,0,0,0,0,5,2013,5,2013,0,99,99,99,99,1,2,55,3,2,2,1,0,0,14,13,1,1,4,1,1,0
5,50255,1,2,2,12,8,15,28,12,2,1,0,5,1,18,401,18401,14,2003,3G5DB03EX3S5,3,G,5,D,B,0,3,E,X,3,S,5,0,0,0,000000000,00000000000,0,0,0,1,0,0,0,0,0,0,0,65,0,0,0,12,6,2,12,0,0,0,1,5,72601,3,7,0,0,2,0,61,119,0,0,0,0,0,0,0,0,0,3,51,0,0,0,1,2,55,1,2,2,1,40,3,1,10,7,1,2,50,1,0
5,50255,2,2,1,12,8,15,28,12,2,1,0,5,2,51,46,51046,4,2007,YV1MS3823723,Y,V,1,M,S,3,8,2,3,7,2,3,0,0,0,000000000,00000000000,0,0,0,1,0,0,0,0,0,0,0,998,0,0,0,12,6,2,12,0,0,0,1,5,72633,6,1,0,0,3,0,60,100,0,0,0,0,0,0,0,0,0,0,0,0,0,0,1,2,55,1,2,2,1,40,3,1,62,6,1,1,51,0,0
5,50256,1,1,1,13,8,12,23,52,0,1,0,5,1,13,1,13001,4,2002,1LNHM83W12Y6,1,L,N,H,M,8,3,W,1,2,Y,6,0,0,0,000000000,00000000000,0,0,0,1,0,0,0,0,0,0,0,998,0,1,5,12,6,2,52,32,0,0,1,5,72863,6,1,0,0,3,0,68,215,0,0,0,0,0,0,0,0,0,0,6,0,0,0,2,2,70,1,1,2,1,0,0,1,13,1,1,4,1,1,0
5,50257,1,3,1,14,8,9,55,12,7,1,0,5,3,20,473,20473,30,2012,1GCCSBF93C81,1,G,C,C,S,B,F,9,3,C,8,1,0,0,0,000000000,00000000000,0,0,0,1,0,0,0,0,0,0,0,998,0,0,0,61,6,2,12,0,0,0,1,5,72703,6,1,6,0,3,0,74,265,0,0,0,0,0,0,0,0,0,0,6,0,0,0,5,4,45,1,2,2,1,0,0,1,10,1,1,2,45,1,0
5,50257,2,3,1,14,8,9,55,12,7,1,0,5,1,37,31,37031,4,1998,2HGEJ6676WH5,2,H,G,E,J,6,6,7,6,W,H,5,0,0,0,000000000,00000000000,0,0,0,1,0,0,0,0,0,0,0,998,0,0,0,81,4,5,12,0,0,0,1,5,72762,6,1,0,0,3,3,61,121,0,0,0,0,0,0,0,0,0,0,0,0,0,0,5,4,45,1,2,2,1,0,0,1,61,1,1,1,44,0,0
5,50257,3,3,1,14,8,9,55,12,7,1,0,5,1,7,482,7482,31,2004,1D7HU18D04S6,1,D,7,H,U,1,8,D,0,4,S,6,0,0,0,000000000,00000000000,0,0,0,1,0,0,0,0,0,0,0,998,0,1,1,11,6,2,12,0,0,0,1,5,72701,6,1,0,0,3,0,71,170,0,0,0,0,0,0,0,0,0,0,0,0,0,0,5,4,45,1,2,2,1,0,0,1,62,1,1,1,98,0,0
5,50258,1,1,2,15,8,11,55,34,0,1,0,47,1,62,421,62421,15,1997,SALPV144XVA3,S,A,L,P,V,1,4,4,X,V,A,3,0,0,0,000000000,00000000000,0,0,0,1,0,0,0,0,0,0,0,998,0,1,5,12,6,2,1,0,0,0,1,47,38016,1,1,0,0,2,0,67,184,0,0,0,0,0,0,0,0,0,0,6,0,0,0,2,2,70,1,1,2,1,0,0,1,13,9,3,4,2,1,1
5,50259,1,1,2,15,8,16,30,34,0,1,0,5,1,49,32,49032,4,2000,1NXBR12E0YZ3,1,N,X,B,R,1,2,E,0,Y,Z,3,0,0,0,000000000,00000000000,0,0,0,1,0,0,0,0,0,0,0,998,0,1,5,12,6,2,34,0,0,0,1,5,72031,6,1,0,0,3,0,73,160,1,0,0,0,1,8,2012,9,2012,0,99,99,99,99,1,2,55,3,2,2,1,0,0,14,13,8,3,4,2,1,1
5,50260,1,1,1,16,8,4,0,32,0,1,0,5,1,20,481,20481,31,2000,2GCEK19T1Y13,2,G,C,E,K,1,9,T,1,Y,1,3,0,0,0,000000000,00000000000,0,0,0,1,0,0,0,0,0,0,0,998,0,0,0,12,6,2,42,0,0,0,1,5,72013,6,1,0,0,3,0,78,280,0,0,0,0,0,0,0,0,0,0,6,0,0,0,1,2,45,1,2,2,1,0,0,1,13,1,1,4,1,1,1
5,50261,1,1,1,16,8,16,24,1,0,1,0,5,2,20,481,20481,31,1989,1GCDC14KXKZ2,1,G,C,D,C,1,4,K,X,K,Z,2,0,0,0,000000000,00000000000,0,0,0,1,0,0,0,0,0,0,0,998,0,1,5,0,6,2,34,0,0,0,1,5,72366,1,1,0,0,2,0,65,150,0,1,1,0,0,1,2012,1,2012,0,80,0,0,0,1,2,55,1,1,2,1,0,0,1,1,9,3,4,2,1,1
5,50262,1,1,3,16,8,19,28,1,0,1,0,5,1,35,481,35481,31,2008,1N6BA06C38N3,1,N,6,B,A,0,6,C,3,8,N,3,0,0,0,000000000,00000000000,0,0,0,1,0,0,0,0,0,0,0,998,0,1,1,0,6,2,1,0,0,0,1,5,71602,6,1,0,0,3,0,69,170,0,0,0,0,0,0,0,0,0,4,0,0,0,0,1,2,45,1,1,2,1,0,0,17,80,7,1,6,98,1,0
5,50263,1,1,1,17,8,11,22,42,0,1,0,5,2,20,481,20481,31,1994,1GCDC14ZXRZ1,1,G,C,D,C,1,4,Z,X,R,Z,1,0,0,0,000000000,00000000000,0,0,0,1,0,0,0,0,0,0,0,998,0,0,0,9,6,2,42,0,0,0,1,5,72837,6,1,0,0,3,0,64,170,0,0,0,0,0,0,0,0,0,4,0,0,0,0,1,2,55,3,2,2,1,0,0,14,6,3,2,4,2,1,0
5,50264,1,2,1,17,8,13,30,12,6,1,0,5,2,12,481,12481,31,2007,1FTPX04537KC,1,F,T,P,X,0,4,5,3,7,K,C,0,0,0,000000000,00000000000,0,0,0,1,0,0,0,0,0,0,0,998,0,0,0,1,4,5,12,0,0,0,1,5,72112,6,2,0,0,3,3,65,130,0,0,0,0,1,10,2013,10,2013,0,38,0,0,0,1,2,55,1,1,2,1,0,0,11,15,1,1,1,68,0,0
5,50264,2,2,1,17,8,13,30,12,6,1,0,5,1,76,706,76706,80,2001,JYAVM01E01A0,J,Y,A,V,M,0,1,E,0,1,A,0,0,0,0,000000000,00000000000,0,0,0,1,0,0,0,0,0,0,0,998,0,0,0,12,6,2,12,0,0,0,1,5,72562,6,1,6,0,3,3,70,150,0,0,0,0,0,0,0,0,0,0,0,0,0,0,1,2,55,1,1,2,1,0,0,1,66,4,1,1,69,1,0
5,50265,1,1,1,18,8,11,3,38,0,1,0,5,1,58,37,58037,4,2009,JNKCV61E19M3,J,N,K,C,V,6,1,E,1,9,M,3,0,0,0,000000000,00000000000,0,0,0,1,0,0,0,0,0,0,0,82,0,0,0,98,6,2,42,0,0,0,1,5,71901,6,1,0,0,3,3,70,140,0,0,0,0,0,0,0,0,0,3,6,0,0,0,1,2,35,1,2,2,8,0,0,1,13,7,4,4,1,1,0
5,50266,1,1,1,19,8,0,8,1,0,1,0,5,2,20,481,20481,31,2004,1GCEK14T74Z2,1,G,C,E,K,1,4,T,7,4,Z,2,0,0,0,000000000,00000000000,0,0,0,1,0,0,0,0,0,0,0,998,0,1,5,0,6,2,34,0,0,0,1,5,71846,6,2,0,0,3,3,68,135,0,0,0,0,0,0,0,0,0,0,6,0,0,0,1,2,55,3,1,2,1,0,0,14,13,9,3,4,1,1,0
5,50267,1,1,1,19,8,16,35,1,0,1,0,5,1,23,471,23471,30,2003,1GTCS19X5381,1,G,T,C,S,1,9,X,5,3,8,1,0,0,0,000000000,00000000000,0,0,0,1,0,0,0,0,0,0,0,998,0,1,5,0,6,2,42,0,0,0,1,5,72751,6,1,0,0,3,0,71,180,0,0,0,0,0,0,0,0,0,0,6,0,0,0,1,2,35,3,2,2,1,0,0,14,13,4,1,4,1,1,1
5,50268,1,1,1,20,8,17,3,9,0,1,0,5,1,2,403,2403,14,2011,1J4BA5H16BL5,1,J,4,B,A,5,H,1,6,B,L,5,0,0,0,000000000,00000000000,0,0,0,1,0,0,0,0,0,0,0,998,0,0,0,1,4,5,9,0,0,0,1,5,72422,3,1,0,0,2,0,67,140,0,0,0,0,0,0,0,0,0,0,0,0,0,0,1,2,55,1,1,2,1,0,0,1,83,8,1,1,13,0,0
5,50269,1,1,1,16,8,11,4,42,0,1,0,5,1,55,33,55033,4,2004,KMHWF25S44A0,K,M,H,W,F,2,5,S,4,4,A,0,0,0,0,000000000,00000000000,0,0,0,1,0,0,0,0,0,0,0,998,0,1,5,1,4,3,42,0,0,0,1,5,72727,6,1,0,0,3,3,69,200,0,0,0,0,0,0,0,0,0,0,6,0,0,0,1,2,55,1,1,2,1,0,0,1,13,1,1,4,1,1,0
5,50270,1,1,1,22,8,22,23,38,0,1,0,5,1,20,481,20481,31,2001,1GCEK19T61E1,1,G,C,E,K,1,9,T,6,1,E,1,0,0,0,000000000,00000000000,0,0,0,1,0,0,0,0,0,0,0,998,0,1,6,12,6,2,1,0,0,0,1,5,72434,6,1,0,0,3,0,69,150,0,0,0,0,0,0,0,0,0,0,6,0,0,0,1,2,55,1,2,2,1,0,0,1,13,8,1,4,1,1,1
5,50271,1,2,1,22,8,16,55,12,2,1,0,5,2,20,37,20037,4,2004,1G1ZT64874F1,1,G,1,Z,T,6,4,8,7,4,F,1,0,0,0,000000000,00000000000,0,0,0,1,0,0,0,0,0,0,0,998,0,0,0,12,6,2,12,0,0,0,1,5,71701,6,1,0,0,3,0,67,140,0,0,0,0,0,0,0,0,0,0,33,0,0,0,1,2,55,1,4,2,1,0,0,6,12,6,1,4,50,0,0
5,50271,2,2,1,22,8,16,55,12,2,1,0,5,1,12,17,12017,4,1999,1FAFP53U4XA1,1,F,A,F,P,5,3,U,4,X,A,1,0,0,0,000000000,00000000000,0,0,0,1,0,0,0,0,0,0,0,998,0,0,0,12,6,2,12,0,0,0,1,5,71665,6,1,0,0,3,3,63,170,0,0,0,0,0,0,0,0,0,0,0,0,0,0,1,2,55,1,4,2,1,0,0,1,62,7,1,4,51,1,0
5,50272,1,1,3,23,8,18,13,34,0,1,0,40,2,18,402,18402,14,2004,5GAET13P6421,5,G,A,E,T,1,3,P,6,4,2,1,0,0,0,000000000,00000000000,0,0,0,1,0,0,0,0,0,0,0,998,0,1,5,98,6,2,1,0,0,0,1,40,74902,6,1,0,0,3,0,73,180,0,0,0,0,0,0,0,0,0,0,6,0,0,0,1,2,55,1,3,2,1,0,0,1,12,8,2,4,7,1,0
5,50273,1,1,1,23,8,18,45,35,0,1,0,5,1,20,481,20481,31,2000,1GCEC14T5YZ1,1,G,C,E,C,1,4,T,5,Y,Z,1,0,0,0,000000000,00000000000,0,0,0,1,0,0,0,0,0,0,0,998,0,1,5,10,6,2,1,0,0,0,1,5,71957,6,1,0,0,3,0,72,185,0,0,0,0,0,0,0,0,0,4,0,0,0,0,1,2,55,3,2,2,1,0,0,14,6,8,3,4,2,1,1
5,50274,1,1,2,24,8,1,50,34,0,1,0,5,2,12,401,12401,14,1998,1FMZU32E4WUB,1,F,M,Z,U,3,2,E,4,W,U,B,0,0,0,000000000,00000000000,0,0,0,1,0,0,0,0,0,0,0,998,0,1,5,12,6,2,1,0,0,0,1,5,71913,1,1,0,0,2,3,66,160,0,3,3,0,0,3,2012,8,2014,0,6,0,0,0,1,2,35,3,2,2,1,0,0,14,13,8,2,4,2,1,0
5,50275,1,2,1,24,8,18,30,12,1,1,0,47,2,23,471,23471,30,2003,1GTCS14X2381,1,G,T,C,S,1,4,X,2,3,8,1,0,0,0,000000000,00000000000,0,0,0,1,0,0,0,0,0,0,0,998,0,0,0,6,4,5,12,0,0,0,1,47,37072,6,1,0,0,3,9,66,125,0,0,0,0,0,0,0,0,0,0,0,0,0,0,3,2,70,1,1,2,1,0,0,1,53,1,1,1,25,0,0
5,50275,2,2,1,24,8,18,30,12,1,1,0,5,1,37,31,37031,4,2005,2HGES16595H5,2,H,G,E,S,1,6,5,9,5,H,5,0,0,0,000000000,00000000000,0,0,0,1,0,0,0,0,0,0,0,998,0,0,0,12,6,2,42,0,0,0,1,5,71854,6,1,0,0,3,3,61,202,0,0,0,0,0,0,0,0,0,0,6,0,0,0,3,2,70,1,1,2,1,0,0,15,51,1,1,1,24,1,0
5,50276,1,1,2,24,8,20,9,34,0,1,0,5,2,23,481,23481,31,1994,1GTDC14Z0RZ5,1,G,T,D,C,1,4,Z,0,R,Z,5,0,0,0,000000000,00000000000,0,0,0,1,0,0,0,0,0,0,0,998,0,1,5,12,6,2,1,0,0,0,1,5,72842,6,1,0,0,3,0,72,209,0,0,0,0,1,8,2014,8,2014,4,0,0,0,0,1,2,30,3,1,4,11,0,0,14,12,9,5,4,7,1,1
5,50277,1,2,1,25,8,5,30,12,2,1,0,5,3,12,461,12461,21,2010,1FTNE1EW4ADA,1,F,T,N,E,1,E,W,4,A,D,A,0,0,0,000000000,00000000000,0,0,0,1,0,0,0,0,0,0,0,998,0,1,5,12,6,2,12,0,0,0,1,5,72103,6,1,0,0,3,0,71,220,0,0,0,0,0,0,0,0,0,0,0,0,0,0,1,2,55,2,1,1,1,0,0,14,62,7,1,1,51,0,0
5,50277,2,2,1,25,8,5,30,12,2,1,0,5,1,55,33,55033,4,2008,5NPET46C58H3,5,N,P,E,T,4,6,C,5,8,H,3,0,0,0,000000000,00000000000,0,0,0,1,0,0,0,0,0,0,0,998,0,0,0,12,6,2,12,0,0,0,1,5,71655,6,1,0,0,3,3,66,197,0,0,0,0,0,0,0,0,0,0,6,51,0,0,1,2,55,3,1,1,1,0,0,14,10,1,1,2,50,1,0
5,50278,1,2,2,25,8,11,16,12,6,1,0,5,1,35,443,35443,20,2007,5N1BV28U17N1,5,N,1,B,V,2,8,U,1,7,N,1,0,0,0,000000000,00000000000,0,0,0,1,0,0,0,0,0,0,0,998,0,0,0,1,6,2,12,0,0,0,1,5,71603,6,1,0,0,3,3,72,175,0,0,0,0,0,0,0,0,0,0,99,99,99,99,5,4,40,1,1,2,1,3,3,11,15,1,1,1,68,1,0
5,50278,2,2,1,25,8,11,16,12,6,1,0,5,1,49,40,49040,4,1994,JT2SK12E4R02,J,T,2,S,K,1,2,E,4,R,0,2,0,0,0,000000000,00000000000,0,0,0,1,0,0,0,0,0,0,0,998,0,0,0,12,6,2,12,0,0,0,1,5,72335,6,1,0,0,3,0,64,120,0,0,0,0,0,0,0,0,0,0,99,99,99,99,5,4,40,1,1,2,1,3,3,1,66,1,1,1,69,0,0
5,50279,1,2,1,25,8,12,40,12,1,1,0,92,0,76,701,76701,88,2008,LPRSA33A08A1,L,P,R,S,A,3,3,A,0,8,A,1,0,0,0,000000000,00000000000,0,0,0,1,0,0,0,0,0,0,0,0,0,0,0,6,6,2,12,0,0,0,1,5,72032,6,1,0,0,3,3,65,220,0,0,0,0,1,6,2013,6,2013,0,0,0,0,0,1,4,35,1,1,2,1,0,0,5,53,1,1,1,21,1,0
5,50279,2,2,1,25,8,12,40,12,1,1,0,5,1,14,6,14006,4,1995,2MELM75W4SX6,2,M,E,L,M,7,5,W,4,S,X,6,0,0,0,000000000,00000000000,0,0,0,1,0,0,0,0,0,0,0,998,0,0,0,12,4,5,12,32,0,0,1,5,72032,6,1,0,0,3,3,69,190,0,0,0,0,0,0,0,0,0,0,6,0,0,0,1,4,35,1,1,2,1,0,0,1,50,1,1,1,20,0,0
5,50280,1,2,3,26,8,19,19,12,7,1,0,5,1,20,481,20481,31,1993,1GCEK14K2PZ1,1,G,C,E,K,1,4,K,2,P,Z,1,0,0,0,000000000,00000000000,0,0,0,1,0,0,0,0,0,0,0,998,0,1,5,3,6,2,1,0,0,0,1,5,72601,1,1,0,0,2,0,71,195,0,2,0,0,0,12,2013,8,2014,0,27,0,0,0,1,2,55,2,2,2,1,40,3,15,10,1,1,2,46,2,0
5,50280,2,2,2,26,8,19,19,12,7,1,0,5,2,59,401,59401,14,2001,JTJGF10U4100,J,T,J,G,F,1,0,U,4,1,0,0,0,0,0,000000000,00000000000,0,0,0,1,0,0,0,0,0,0,0,998,0,0,0,10,4,5,12,0,0,0,1,5,72601,6,1,0,0,3,0,74,210,0,0,0,0,0,0,0,0,0,0,0,0,0,0,1,2,55,2,2,2,1,40,3,14,60,4,2,1,45,0,0
5,50281,1,1,2,27,8,22,30,34,0,1,0,5,1,20,481,20481,31,1994,1GCEK19K9RE2,1,G,C,E,K,1,9,K,9,R,E,2,0,0,0,000000000,00000000000,0,0,0,1,0,0,0,0,0,0,0,998,0,1,5,12,6,2,2,0,0,1,1,5,72744,1,1,0,0,2,3,72,220,0,0,0,0,0,0,0,0,0,0,6,0,0,0,1,2,55,3,2,2,1,0,0,14,13,8,1,4,1,1,1
5,50282,1,2,1,28,8,11,59,12,6,1,0,5,2,2,404,2404,14,1988,1JCML782XJT1,1,J,C,M,L,7,8,2,X,J,T,1,0,0,0,000000000,00000000000,0,0,0,1,0,0,0,0,0,0,0,998,0,1,1,9,6,2,12,0,0,0,1,5,71841,6,1,0,0,3,0,69,175,0,0,0,0,0,0,0,0,0,0,38,0,0,0,1,2,55,1,2,2,1,0,0,12,10,1,1,1,98,1,0
5,50282,2,2,1,28,8,11,59,12,6,1,0,45,3,82,884,82884,66,2013,1FUJGLDR7DLB,1,F,U,J,G,L,D,R,7,D,L,B,1,1,99,999999999,99999999999,3,6,98,1,0,0,0,0,0,0,0,998,0,0,0,12,6,2,12,0,0,0,1,45,29170,6,1,6,0,3,0,67,250,0,0,0,0,0,0,0,0,0,0,0,0,0,0,1,2,55,1,2,2,1,0,0,1,64,8,2,1,98,0,0
5,50283,1,1,1,28,8,7,30,1,0,1,0,5,1,55,33,55033,4,1997,KMHCF24F6VU8,K,M,H,C,F,2,4,F,6,V,U,8,0,0,0,000000000,00000000000,0,0,0,1,0,0,0,0,0,0,0,998,0,1,5,0,6,2,3,0,0,0,1,5,72472,6,1,0,0,3,0,71,170,0,0,0,0,1,7,2013,7,2013,0,6,0,0,0,1,2,55,1,1,2,1,0,0,1,13,8,2,4,2,1,0
5,50284,1,1,1,28,8,99,99,1,0,1,0,5,1,2,406,2406,14,2006,1J8HG582X6C1,1,J,8,H,G,5,8,2,X,6,C,1,0,0,0,000000000,00000000000,0,0,0,1,0,0,0,0,0,0,0,998,0,1,5,0,6,2,1,0,0,0,1,5,72921,1,1,0,0,2,3,72,143,0,2,2,0,0,7,2013,2,2014,0,99,99,99,99,1,2,98,2,2,2,2,0,0,14,9,1,9,4,6,1,1
5,50285,1,1,2,29,8,15,5,1,0,1,0,5,1,59,401,59401,14,1999,JT6GF10U2X00,J,T,6,G,F,1,0,U,2,X,0,0,0,0,0,000000000,00000000000,0,0,0,1,0,0,0,0,0,0,0,998,0,1,3,0,6,2,1,32,0,0,1,5,72076,6,1,0,0,3,0,64,120,0,0,0,1,0,9,2013,9,2013,0,6,0,0,0,3,2,70,2,1,2,1,0,0,14,12,8,1,4,6,1,0
5,50286,1,2,2,2,1,12,25,12,2,1,0,5,1,20,23,20023,6,2008,3GNCA13D48S6,3,G,N,C,A,1,3,D,4,8,S,6,0,0,0,000000000,00000000000,0,0,0,1,0,0,0,0,0,0,0,998,0,0,0,12,6,2,12,0,0,0,1,5,71913,6,1,0,0,3,0,69,165,0,0,0,0,0,0,0,0,0,0,38,0,0,0,1,5,35,1,1,2,1,0,0,11,15,1,1,1,68,1,0
5,50286,2,2,1,2,1,12,25,12,2,1,0,5,1,49,401,49401,14,2000,JT3HN86R5Y02,J,T,3,H,N,8,6,R,5,Y,0,2,0,0,0,000000000,00000000000,0,0,0,1,0,0,0,0,0,0,0,998,0,0,0,12,6,2,12,0,0,0,1,5,71933,6,1,0,0,3,3,64,105,0,0,0,0,0,0,0,0,0,0,0,0,0,0,1,5,35,1,1,2,1,0,0,1,62,99,1,1,69,0,0
5,50287,1,2,1,1,9,16,3,12,2,1,0,48,2,20,9,20009,2,2011,2G1FA1ED7B91,2,G,1,F,A,1,E,D,7,B,9,1,0,0,0,000000000,00000000000,0,0,0,1,0,0,0,0,0,0,0,998,0,0,0,12,6,2,12,0,0,0,1,48,75457,6,1,0,0,3,3,67,130,0,0,0,0,1,8,2014,8,2014,0,51,0,0,0,1,2,55,1,3,2,1,0,0,1,10,1,1,2,50,0,0
5,50287,2,2,2,1,9,16,3,12,2,1,0,5,1,49,403,49403,14,2014,5TDDKRFH9ES0,5,T,D,D,K,R,F,H,9,E,S,0,0,0,0,000000000,00000000000,0,0,0,1,0,0,0,0,0,0,0,998,0,0,0,12,6,2,12,0,0,0,1,5,72638,6,1,0,0,3,3,73,235,0,0,0,0,0,0,0,0,0,0,0,0,0,0,1,2,55,1,3,2,1,0,0,1,62,1,1,1,51,1,0