STATE,ST_CASE,VEH_NO,VE_FORMS,NUMOCCS,DAY,MONTH,HOUR,MINUTE,HARM_EV,MAN_COLL,UNITTYPE,HIT_RUN,REG_STAT,OWNER,MAKE,MODEL,MAK_MOD,BODY_TYP,MOD_YEAR,VIN,VIN_1,VIN_2,VIN_3,VIN_4,VIN_5,VIN_6,VIN_7,VIN_8,VIN_9,VIN_10,VIN_11,VIN_12,TOW_VEH,J_KNIFE,MCARR_I1,MCARR_I2,MCARR_ID,GVWR,V_CONFIG,CARGO_BT,HAZ_INV,HAZ_PLAC,HAZ_ID,HAZ_CNO,HAZ_REL,BUS_USE,SPEC_USE,EMER_USE,TRAV_SP,UNDERIDE,ROLLOVER,ROLINLOC,IMPACT1,DEFORMED,TOWED,M_HARM,VEH_SC1,VEH_SC2,FIRE_EXP,DR_PRES,L_STATE,DR_ZIP,L_STATUS,L_TYPE,CDL_STAT,L_ENDORS,L_COMPL,L_RESTRI,DR_HGT,DR_WGT,PREV_ACC,PREV_SUS,PREV_DWI,PREV_SPD,PREV_OTH,FIRST_MO,FIRST_YR,LAST_MO,LAST_YR,SPEEDREL,DR_SF1,DR_SF2,DR_SF3,DR_SF4,VTRAFWAY,VNUM_LAN,VSPD_LIM,VALIGN,VPROFILE,VPAVETYP,VSURCOND,VTRAFCON,VTCONT_F,P_CRASH1,P_CRASH2,P_CRASH3,PCRASH4,PCRASH5,ACC_TYPE,DEATHS,DR_DRINK
5,50365,1,1,1,31,10,23,0,42,0,1,0,5,1,49,472,49472,30,1995,4TARN01P3RZ2,4,T,A,R,N,0,1,P,3,R,Z,2,0,0,0,000000000,00000000000,0,0,0,1,0,0,0,0,0,0,0,998,0,0,0,12,6,2,42,0,0,0,1,5,71701,0,0,0,0,0,0,999,999,0,1,1,0,0,5,2014,5,2014,0,6,0,0,0,1,2,55,1,1,2,1,0,0,1,13,1,1,4,1,1,0
5,50366,1,2,1,1,11,8,24,12,2,1,0,5,2,12,461,12461,21,2003,1FTNS24L53HA,1,F,T,N,S,2,4,L,5,3,H,A,0,0,0,000000000,00000000000,0,0,0,1,0,0,0,0,0,0,0,998,0,0,0,12,6,2,12,0,0,0,1,5,71603,6,1,0,0,3,0,74,170,0,0,0,0,0,0,0,0,0,0,28,0,0,0,1,2,55,1,1,2,1,0,0,1,10,1,1,2,50,0,0
5,50366,2,2,2,1,11,8,24,12,2,1,0,5,1,12,3,12003,2,2001,1FAFP40411F2,1,F,A,F,P,4,0,4,1,1,F,2,0,0,0,000000000,00000000000,0,0,0,1,0,0,0,0,0,0,0,998,0,0,0,12,6,2,12,0,0,0,1,5,72455,6,1,0,0,3,3,61,180,0,0,0,0,0,0,0,0,0,0,0,0,0,0,1,2,55,1,1,2,1,0,0,1,62,99,1,1,51,1,0
5,50367,1,2,2,1,11,17,54,12,6,1,0,5,1,6,54,6054,6,2004,2C8GF68454R2,2,C,8,G,F,6,8,4,5,4,R,2,0,0,0,000000000,00000000000,0,0,0,1,0,0,0,0,0,0,0,998,0,0,0,1,6,2,12,0,0,0,1,5,72401,6,1,0,0,3,0,64,180,0,0,0,0,0,0,0,0,0,0,38,0,0,0,5,4,45,1,1,1,1,3,3,11,15,99,1,1,68,1,0
5,50367,2,2,1,1,11,17,54,12,6,1,0,5,1,12,402,12402,14,2005,1FMYU03195KE,1,F,M,Y,U,0,3,1,9,5,K,E,0,0,0,000000000,00000000000,0,0,0,1,0,0,0,0,0,0,0,998,0,0,0,12,6,2,12,0,0,0,1,5,72454,6,1,0,0,3,3,70,165,0,0,0,0,0,0,0,0,0,0,0,0,0,0,5,4,45,1,1,1,1,3,3,1,66,99,1,1,69,0,0
5,50368,1,1,4,1,11,22,21,35,0,1,0,5,2,49,482,49482,31,2011,5TFUW5F11BX1,5,T,F,U,W,5,F,1,1,B,X,1,0,0,0,000000000,00000000000,0,0,0,1,0,0,0,0,0,0,0,998,0,1,5,12,6,2,1,0,0,0,1,5,72073,6,1,0,0,3,0,70,150,0,0,0,1,0,8,2013,8,2013,0,6,0,0,0,1,2,25,1,1,5,2,0,0,1,13,99,1,4,1,1,1
5,50369,1,1,1,2,11,9,20,38,0,1,0,5,1,12,471,12471,30,2008,1FTYR10D58PA,1,F,T,Y,R,1,0,D,5,8,P,A,0,0,0,000000000,00000000000,0,0,0,1,0,0,0,0,0,0,0,998,0,1,6,12,6,2,42,0,0,0,1,5,71854,6,1,0,0,3,0,60,125,0,0,0,0,0,0,0,0,0,0,99,99,99,99,1,2,40,1,1,2,1,0,0,1,8,1,1,4,1,1,0
5,50370,1,1,1,3,11,5,32,42,0,1,0,5,2,12,422,12422,15,1997,1FMEU17L8VLA,1,F,M,E,U,1,7,L,8,V,L,A,0,0,0,000000000,00000000000,0,0,0,1,0,0,0,0,0,0,0,998,0,0,0,12,6,2,42,0,0,0,1,5,72760,1,1,0,0,2,3,72,185,0,1,1,0,0,12,2012,12,2012,0,6,0,0,0,1,2,55,2,1,1,1,0,0,14,12,8,4,4,7,1,1
5,50371,1,1,1,3,11,19,50,35,0,1,0,5,1,20,481,20481,31,2003,1GCEK19V63E3,1,G,C,E,K,1,9,V,6,3,E,3,0,0,0,000000000,00000000000,0,0,0,1,0,0,0,0,0,0,0,998,0,0,0,12,6,2,35,0,0,0,1,5,72638,6,1,6,0,3,3,72,350,0,0,0,0,0,0,0,0,0,0,6,0,0,0,1,2,55,3,2,2,1,0,0,14,13,99,1,4,1,1,0
5,50372,1,1,1,4,11,9,6,52,0,1,0,5,2,12,37,12037,4,2003,1FAFP34333W2,1,F,A,F,P,3,4,3,3,3,W,2,0,0,0,000000000,00000000000,0,0,0,1,0,0,0,0,0,0,0,998,0,0,0,9,6,2,52,0,0,0,1,5,72948,1,1,0,0,2,3,66,130,0,0,0,0,0,0,0,0,0,4,6,0,0,0,1,2,55,2,2,2,2,0,0,14,6,7,2,4,2,1,1
5,50373,1,2,1,4,11,15,45,12,6,1,0,5,2,86,884,86884,66,1998,1M2AA18Y6WW0,1,M,2,A,A,1,8,Y,6,W,W,0,1,1,77,777777777,77777777777,3,6,10,1,0,0,0,0,0,0,0,998,0,0,0,7,6,2,12,0,0,0,1,5,71647,6,1,6,1,3,1,72,280,0,0,0,1,0,6,2013,6,2013,0,0,0,0,0,1,2,55,1,1,2,1,0,0,1,62,7,1,1,65,0,0
5,50373,2,2,1,4,11,15,45,12,6,1,0,5,2,7,472,7472,30,2002,1B7FL16X72S7,1,B,7,F,L,1,6,X,7,2,S,7,0,0,0,000000000,00000000000,0,0,0,1,0,0,0,0,0,0,0,998,0,0,0,12,6,2,12,0,0,0,1,5,71646,6,1,0,0,3,0,63,115,0,0,1,0,1,4,2013,4,2013,0,28,0,0,0,1,2,55,1,1,2,1,0,0,1,10,99,1,2,64,1,0
5,50374,1,2,5,4,11,18,35,12,6,1,0,5,2,7,442,7442,20,2010,2D4RN5DX9AR1,2,D,4,R,N,5,D,X,9,A,R,1,0,0,0,000000000,00000000000,0,0,0,1,0,0,0,0,0,0,0,998,0,0,0,9,6,2,12,0,0,0,1,18,47403,6,1,0,0,3,0,71,225,0,0,0,0,0,0,0,0,0,0,48,0,0,0,6,2,70,1,1,2,2,0,0,11,15,99,1,2,72,5,0
5,50374,2,2,1,4,11,18,35,12,6,1,0,55,3,82,884,82884,64,2011,1FVXAJCG9BDA,1,F,V,X,A,J,C,G,9,B,D,A,1,1,57,1002489,571002489,3,4,3,1,0,0,0,0,0,0,0,998,0,0,0,12,6,2,12,0,0,0,1,55,53549,6,1,6,0,3,0,72,300,0,0,0,0,0,0,0,0,0,0,0,0,0,0,6,2,70,1,1,2,2,0,0,1,60,98,1,1,73,0,0
5,50375,1,7,1,5,11,11,51,12,1,1,0,5,1,7,482,7482,31,2014,1C6RR6KG2ES2,1,C,6,R,R,6,K,G,2,E,S,2,0,0,0,000000000,00000000000,0,0,0,1,0,0,0,0,0,0,0,998,0,0,0,6,6,2,12,0,0,0,1,5,72364,6,1,6,0,3,0,69,235,0,0,0,0,0,0,0,0,0,0,0,0,0,0,3,2,65,1,1,2,2,0,0,2,53,1,1,1,25,0,0
5,50375,2,7,1,5,11,11,51,12,1,1,0,5,3,20,421,20421,15,2011,1GNLC2E07BR3,1,G,N,L,C,2,E,0,7,B,R,3,0,0,0,000000000,00000000000,0,0,0,1,0,0,0,0,0,0,0,0,0,0,0,6,4,5,12,0,0,0,1,5,72301,6,1,0,0,3,3,71,230,0,0,0,0,0,0,0,0,0,0,0,0,0,0,3,2,65,1,1,2,2,0,0,5,53,1,1,1,98,0,0
5,50375,3,7,1,5,11,11,51,12,1,1,0,47,3,82,884,82884,66,2010,1FUJGLCK5ASA,1,F,U,J,G,L,C,K,5,A,S,A,1,1,57,911405MS,57911405MS,3,6,1,1,0,0,0,0,0,0,0,998,0,0,0,12,6,2,2,0,0,1,1,48,77064,6,1,6,0,3,0,67,310,0,0,0,0,0,0,0,0,0,0,6,0,0,0,3,2,65,1,1,2,2,0,0,1,51,99,1,1,24,1,1
5,50375,4,7,4,5,11,11,51,12,1,1,0,28,3,12,442,12442,20,2003,1FBSS31F13HB,1,F,B,S,S,3,1,F,1,3,H,B,0,0,0,000000000,00000000000,0,0,0,1,0,0,0,0,0,0,0,998,0,0,0,6,6,2,2,0,0,1,1,28,38632,6,1,6,0,3,0,70,215,98,0,0,0,0,0,0,0,0,0,0,0,0,0,3,2,65,1,1,2,2,0,0,1,53,99,1,1,98,1,0
5,50375,5,7,1,5,11,11,51,12,1,1,0,28,3,51,884,51884,66,2006,4V4NC9TG06N4,4,V,4,N,C,9,T,G,0,6,N,4,1,1,57,911405MS,57911405MS,3,6,1,1,0,0,0,0,0,0,0,998,0,0,0,6,6,2,12,0,0,0,1,28,38654,6,1,6,0,3,3,66,189,98,0,0,0,0,0,0,0,0,0,0,0,0,0,3,2,65,1,1,2,2,0,0,2,53,99,1,1,98,0,0
5,50375,6,7,1,5,11,11,51,12,1,1,0,18,3,87,884,87884,66,2011,1XPHD49X6BD1,1,X,P,H,D,4,9,X,6,B,D,1,1,1,57,596190IN,57596190IN,3,6,1,1,0,0,0,0,0,0,0,998,0,0,0,7,4,5,12,0,0,0,1,18,46835,6,1,6,0,3,0,70,179,0,0,0,0,0,0,0,0,0,0,0,0,0,0,3,2,65,1,1,2,2,0,0,2,53,99,1,1,98,0,0
5,50375,7,7,1,5,11,11,51,12,1,1,0,6,3,87,884,87884,66,2012,1XP4D49X1CD1,1,X,P,4,D,4,9,X,1,C,D,1,1,1,57,413357CA,57413357CA,3,6,1,1,0,0,0,0,0,0,0,998,0,0,0,5,4,5,12,0,0,0,1,6,92804,6,1,6,0,3,0,70,159,0,0,0,0,0,0,0,0,0,0,0,0,0,0,3,2,65,1,1,2,2,0,0,2,53,99,1,1,98,0,0
5,50376,1,1,2,6,11,14,45,32,0,1,0,5,2,12,402,12402,14,2001,1FMYU01191KF,1,F,M,Y,U,0,1,1,9,1,K,F,0,0,0,000000000,00000000000,0,0,0,1,0,0,0,0,0,0,0,998,0,1,5,14,6,2,1,0,0,0,1,5,72946,1,1,0,0,2,0,73,153,0,3,0,0,0,11,2012,2,2014,9,6,0,0,0,1,2,55,3,2,2,1,0,0,14,9,99,2,4,2,1,1
5,50377,1,2,4,6,11,16,55,12,6,1,0,5,2,37,441,37441,20,2006,5FNRL38736B4,5,F,N,R,L,3,8,7,3,6,B,4,0,0,0,000000000,00000000000,0,0,0,1,0,0,0,0,0,0,0,998,0,0,0,11,6,2,12,0,0,0,1,5,72834,0,0,0,0,0,0,999,999,0,0,0,0,0,0,0,0,0,0,0,0,0,0,1,2,30,1,1,2,1,20,3,1,66,99,1,1,89,0,0
5,50377,2,2,1,6,11,16,55,12,6,1,0,5,2,53,706,53706,80,2004,JS1GR7GA4421,J,S,1,G,R,7,G,A,4,4,2,1,0,0,0,000000000,00000000000,0,0,0,1,0,0,0,0,0,0,0,998,0,0,0,12,6,2,12,0,0,0,1,37,28348,6,1,5,0,3,0,70,999,0,1,0,1,0,6,2013,6,2013,3,39,0,0,0,1,2,30,1,1,2,1,20,3,1,17,99,1,1,88,1,0
5,50378,1,2,1,6,11,19,10,12,6,1,0,5,1,12,481,12481,31,2005,1FTPX12555NA,1,F,T,P,X,1,2,5,5,5,N,A,0,0,0,000000000,00000000000,0,0,0,1,0,0,0,0,0,0,0,998,0,0,0,9,6,2,12,0,0,0,1,5,72389,6,1,0,0,3,0,72,170,0,0,0,0,0,0,0,0,0,0,6,0,0,0,1,2,98,1,1,9,1,0,0,11,15,99,1,1,68,1,1
5,50378,2,2,1,6,11,19,10,12,6,1,0,28,3,82,884,82884,66,2004,1FUJCRCKX4PM,1,F,U,J,C,R,C,K,X,4,P,M,1,1,57,477507MS,57477507MS,3,6,3,1,0,0,0,0,0,0,0,998,0,0,0,12,6,2,12,0,0,0,1,28,38606,6,1,6,0,3,0,71,236,98,0,0,0,0,0,0,0,0,0,0,0,0,0,1,4,55,1,1,2,1,0,0,1,72,8,1,2,69,0,0
5,50379,1,2,1,7,11,9,0,12,2,1,0,21,2,20,25,20025,4,2014,1G1PC5SB0E72,1,G,1,P,C,5,S,B,0,E,7,2,0,0,0,000000000,00000000000,0,0,0,1,0,0,0,0,0,0,0,998,0,0,0,12,6,2,12,0,0,0,1,21,40160,6,1,0,0,3,3,59,100,0,0,0,0,0,0,0,0,0,0,28,0,0,0,1,2,55,1,1,2,1,0,0,1,10,1,1,2,50,1,0
5,50379,2,2,2,7,11,9,0,12,2,1,0,5,1,20,481,20481,31,2000,1GCHK39J7YF4,1,G,C,H,K,3,9,J,7,Y,F,4,0,0,0,000000000,00000000000,0,0,0,1,0,0,0,0,0,0,0,998,0,0,0,12,6,2,12,0,0,0,1,5,72031,6,1,0,0,3,0,70,150,0,0,0,0,0,0,0,0,0,0,0,0,0,0,1,2,55,1,1,2,1,0,0,1,62,7,1,2,51,0,0
5,50380,1,2,1,8,11,13,59,12,6,1,0,5,2,72,706,72706,80,2004,1HD1FYW114Y7,1,H,D,1,F,Y,W,1,1,4,Y,7,0,0,0,000000000,00000000000,0,0,0,1,0,0,0,0,0,0,0,998,0,0,0,12,6,2,12,0,0,0,1,5,72949,1,1,0,0,2,3,70,200,0,0,0,0,0,0,0,0,0,9,6,0,0,0,1,2,55,1,3,2,1,0,0,1,10,4,2,2,64,1,1
5,50380,2,2,3,8,11,13,59,12,6,1,0,5,2,20,2,20002,4,2008,2G1WT55N8812,2,G,1,W,T,5,5,N,8,8,1,2,0,0,0,000000000,00000000000,0,0,0,1,0,0,0,0,0,0,0,998,0,0,0,9,6,2,12,0,0,0,1,5,72936,6,1,0,0,3,0,68,147,0,0,0,0,0,0,0,0,0,0,0,0,0,0,1,2,55,1,3,2,1,0,0,1,62,9,1,1,65,0,0
5,50381,1,1,2,8,11,18,1,8,0,1,0,5,1,20,37,20037,4,2000,1G1NE52J6Y61,1,G,1,N,E,5,2,J,6,Y,6,1,0,0,0,000000000,00000000000,0,0,0,1,0,0,0,0,0,0,0,998,0,0,0,11,6,5,8,0,0,0,1,5,72901,6,1,0,0,3,3,64,134,0,0,0,0,0,0,0,0,0,0,0,0,0,0,5,4,35,1,1,2,1,0,0,1,80,4,1,1,13,0,0
5,50382,1,2,2,9,11,13,52,12,2,1,0,5,1,20,481,20481,31,2006,1GCCS1363682,1,G,C,C,S,1,3,6,3,6,8,2,0,0,0,000000000,00000000000,0,0,0,1,0,0,0,0,0,0,0,998,0,0,0,12,6,2,12,0,0,0,1,5,72150,6,1,0,0,3,3,62,125,0,0,0,0,0,0,0,0,0,0,6,28,0,0,1,2,55,1,2,2,1,0,0,1,10,99,1,2,50,1,0
5,50382,2,2,2,9,11,13,52,12,2,1,0,5,1,37,441,37441,20,2014,5FNRL5H63EB0,5,F,N,R,L,5,H,6,3,E,B,0,0,0,0,000000000,00000000000,0,0,0,1,0,0,0,0,0,0,0,998,0,0,0,12,6,2,12,0,0,0,1,5,71602,6,1,0,0,3,0,63,150,0,0,0,0,0,0,0,0,0,0,0,0,0,0,1,2,55,1,2,2,1,0,0,1,62,99,1,1,51,0,0
5,50383,1,2,1,10,11,6,0,12,1,1,0,22,3,87,884,87884,66,2000,1XP5DB9X9YD5,1,X,P,5,D,B,9,X,9,Y,D,5,1,1,57,1725830LA,571725830LA,3,6,97,1,0,0,0,0,0,0,0,998,0,0,0,6,4,5,12,0,0,0,1,22,71040,6,1,6,0,3,9,72,200,0,0,0,0,0,0,0,0,0,0,0,0,0,0,2,4,55,1,1,2,1,0,0,2,53,1,1,1,25,0,0
5,50383,2,2,1,10,11,6,0,12,1,1,0,5,1,49,46,49046,4,2007,JTDKB20U2732,J,T,D,K,B,2,0,U,2,7,3,2,0,0,0,000000000,00000000000,0,0,0,1,0,0,0,0,0,0,0,998,0,0,0,12,6,2,12,0,0,0,1,5,72150,6,1,6,0,3,0,71,200,0,0,0,0,0,0,0,0,0,0,99,99,99,99,2,4,55,1,1,2,1,0,0,1,52,1,1,1,24,1,0
5,50384,1,2,1,10,11,15,17,12,6,1,0,5,3,12,481,12481,31,2011,1FDRF3HT9BEC,1,F,D,R,F,3,H,T,9,B,E,C,0,0,0,000000000,00000000000,0,0,0,1,0,0,0,0,0,0,0,998,0,0,0,9,6,2,12,0,0,0,1,5,72947,6,1,6,0,3,0,68,140,0,0,0,0,0,0,0,0,0,0,0,0,0,0,1,2,35,1,1,2,1,0,0,1,66,99,1,1,89,0,0
5,50384,2,2,1,10,11,15,17,12,6,1,0,5,1,12,401,12401,14,2003,1FMZU67E83UA,1,F,M,Z,U,6,7,E,8,3,U,A,0,0,0,000000000,00000000000,0,0,0,1,0,0,0,0,0,0,0,998,0,1,1,12,6,2,1,0,0,0,1,5,72947,6,1,0,0,3,3,63,155,0,0,0,0,0,0,0,0,0,0,38,0,0,0,1,2,98,1,1,2,1,20,3,1,17,1,1,1,88,1,0
5,50385,1,2,1,10,11,22,25,12,1,1,0,18,3,51,884,51884,66,2007,4V4NC9KK47N4,4,V,4,N,C,9,K,K,4,7,N,4,1,1,57,2474146IN,572474146IN,3,6,1,1,0,0,0,0,0,0,0,998,0,0,0,6,6,2,12,0,0,0,1,12,33617,6,1,6,0,3,0,73,999,0,1,0,0,2,12,2013,10,2014,0,80,0,0,0,3,2,70,1,1,2,1,0,0,1,53,99,1,1,25,0,0
5,50385,2,2,1,10,11,22,25,12,1,1,0,47,3,12,481,12481,31,2008,1FTSW215X8EC,1,F,T,S,W,2,1,5,X,8,E,C,0,0,0,000000000,00000000000,0,0,0,1,0,0,0,0,0,0,0,998,0,0,0,12,6,2,2,0,0,1,1,47,38023,6,1,6,0,3,0,72,205,0,0,0,0,0,0,0,0,0,0,99,99,99,99,3,2,70,1,1,2,1,0,0,1,51,99,1,1,24,1,0
5,50386,1,1,1,12,11,12,34,42,0,1,0,5,1,18,7,18007,4,2001,2G4WS52J4113,2,G,4,W,S,5,2,J,4,1,1,3,0,0,0,000000000,00000000000,0,0,0,1,0,0,0,0,0,0,0,998,0,0,0,12,6,2,42,0,0,0,1,5,72112,6,1,0,0,3,0,69,180,0,0,0,0,0,0,0,0,0,0,99,99,99,99,1,2,55,1,1,2,1,0,0,1,12,99,1,4,6,1,0
5,50387,1,2,1,13,11,4,35,8,0,1,0,5,1,7,24,7024,4,2012,2C3CDXHG6CH1,2,C,3,C,D,X,H,G,6,C,H,1,0,0,0,000000000,00000000000,0,0,0,1,0,0,0,0,0,0,0,998,0,0,0,12,6,2,8,0,0,0,1,5,72176,6,1,0,0,3,0,69,210,0,0,0,0,0,0,0,0,0,0,87,0,0,0,3,3,65,1,2,1,4,0,0,17,5,6,2,3,13,0,0
5,50387,2,2,1,13,11,4,35,8,0,1,0,5,1,20,37,20037,4,2012,1G1ZC5EU9CF3,1,G,1,Z,C,5,E,U,9,C,F,3,0,0,0,000000000,00000000000,0,0,0,1,0,0,0,0,0,0,0,998,0,0,0,11,6,2,12,0,0,0,1,5,72117,6,1,0,0,3,0,78,250,0,0,0,0,0,0,0,0,0,0,87,0,0,0,3,3,65,1,2,1,4,0,0,1,5,6,2,2,98,0,0
5,50388,1,5,1,13,11,5,54,12,8,1,0,5,1,22,18,22018,4,2004,2G2WS5228411,2,G,2,W,S,5,2,2,8,4,1,1,0,0,0,000000000,00000000000,0,0,0,1,0,0,0,0,0,0,0,998,0,0,0,11,6,2,2,0,0,1,1,5,72396,6,1,0,0,3,0,66,201,0,0,0,0,0,0,0,0,0,4,0,0,0,0,3,2,55,1,1,2,4,0,0,1,5,99,2,2,64,1,0
5,50388,2,5,2,13,11,5,54,12,8,1,0,5,1,7,482,7482,31,1997,3B7HF13YXVG8,3,B,7,H,F,1,3,Y,X,V,G,8,1,1,0,000000000,00000000000,0,0,0,1,0,0,0,0,0,0,0,998,0,0,0,11,6,2,12,0,0,0,1,5,72331,6,1,0,0,3,0,66,135,0,0,0,0,0,0,0,0,0,0,0,0,0,0,3,2,55,1,1,2,4,0,0,1,62,99,1,1,65,0,0
5,50388,3,5,1,13,11,5,54,12,8,1,0,6,3,84,884,84884,66,2010,3HSCUAPR1AN1,3,H,S,C,U,A,P,R,1,A,N,1,1,3,57,1328948CA,571328948CA,3,6,1,1,0,0,0,0,0,0,0,998,0,0,0,2,6,2,12,0,0,0,1,6,92127,6,1,6,0,3,3,72,195,0,0,0,0,0,0,0,0,0,0,0,0,0,0,3,2,55,1,1,2,4,0,0,99,5,99,2,2,98,0,0
5,50388,4,5,1,13,11,5,54,12,8,1,0,5,1,12,481,12481,31,2011,1FTFX1CTXBFB,1,F,T,F,X,1,C,T,X,B,F,B,0,0,0,000000000,00000000000,0,0,0,1,0,0,0,0,0,0,0,998,0,0,0,12,6,2,12,0,0,0,1,5,72396,6,1,0,0,3,0,68,150,0,0,0,0,0,0,0,0,0,0,0,0,0,0,3,2,55,1,1,2,4,0,0,1,5,99,1,1,98,0,0
5,50388,5,5,1,13,11,5,54,12,8,1,0,5,1,49,46,49046,4,2013,JTDKN3DU0D16,J,T,D,K,N,3,D,U,0,D,1,6,0,0,0,000000000,00000000000,0,0,0,1,0,0,0,0,0,0,0,998,0,0,0,12,6,2,12,0,0,0,1,5,72396,6,1,0,0,3,3,64,170,0,0,0,0,0,0,0,0,0,0,0,0,0,0,3,2,55,1,1,2,4,0,0,1,5,99,1,1,98,0,0
5,50389,1,2,1,13,11,19,20,12,1,1,0,40,3,86,884,86884,66,2014,1M1AN07Y8EM0,1,M,1,A,N,0,7,Y,8,E,M,0,1,1,57,003327OK,57003327OK,3,6,1,1,0,0,0,0,0,0,0,998,0,0,0,12,6,2,12,0,0,0,1,5,72206,6,1,6,0,3,0,75,228,1,0,0,0,0,3,2014,3,2014,0,0,0,0,0,3,2,70,1,1,2,1,0,0,1,60,99,1,1,32,0,0
5,50389,2,2,2,13,11,19,20,12,1,1,0,5,1,20,16,20016,4,2002,1G1JC5245272,1,G,1,J,C,5,2,4,5,2,7,2,0,0,0,000000000,00000000000,0,0,0,1,0,0,0,0,0,0,0,998,0,0,0,6,6,2,12,0,0,0,1,5,72801,6,1,0,0,3,3,71,200,2,0,0,0,0,4,2012,6,2013,0,6,0,0,0,3,2,70,1,1,2,1,0,0,15,2,99,1,2,32,1,0
5,50390,1,2,1,15,11,18,59,8,0,1,0,47,2,20,421,20421,15,2001,1GNDT13W31K2,1,G,N,D,T,1,3,W,3,1,K,2,0,0,0,000000000,00000000000,0,0,0,1,0,0,0,0,0,0,0,998,0,0,0,6,6,2,12,33,0,0,1,5,71603,0,0,0,0,0,0,63,115,0,0,0,0,0,0,0,0,0,0,0,0,0,0,1,4,45,1,1,2,1,0,0,98,53,99,1,1,98,0,0
5,50390,2,2,1,15,11,18,59,8,0,1,0,5,2,20,461,20461,21,2008,1GNDV23W28D1,1,G,N,D,V,2,3,W,2,8,D,1,0,0,0,000000000,00000000000,0,0,0,1,0,0,0,0,0,0,0,998,0,0,0,12,6,2,8,32,0,0,1,5,71603,6,1,0,0,3,0,68,229,0,0,0,0,0,0,0,0,0,0,0,0,0,0,1,4,45,1,1,2,1,0,0,1,51,99,1,1,13,0,0
5,50391,1,1,3,17,11,4,25,21,0,1,0,5,1,52,402,52402,14,2005,4A4MM21S55E0,4,A,4,M,M,2,1,S,5,5,E,0,0,0,0,000000000,00000000000,0,0,0,1,0,0,0,0,0,0,0,998,0,1,5,11,6,2,21,0,0,0,1,5,71742,6,1,0,0,3,3,72,190,0,0,0,1,0,3,2014,3,2014,0,6,0,0,0,1,2,55,2,1,2,2,97,8,14,9,99,3,4,2,1,0
5,50392,1,4,1,17,11,4,30,12,2,1,0,5,1,49,40,49040,4,2000,2T1BR12E4YC3,2,T,1,B,R,1,2,E,4,Y,C,3,0,0,0,000000000,00000000000,0,0,0,1,0,0,0,0,0,0,0,0,0,0,0,12,6,2,12,0,0,0,1,5,72315,6,1,0,0,3,0,66,115,0,0,0,0,0,0,0,0,0,0,6,0,0,0,3,2,70,1,2,1,4,40,3,5,53,1,1,1,98,1,0
5,50392,2,4,1,17,11,4,30,12,2,1,0,5,2,35,402,35402,14,2000,5N1ED28T1YC5,5,N,1,E,D,2,8,T,1,Y,C,5,0,0,0,000000000,00000000000,0,0,0,1,0,0,0,0,0,0,0,0,0,0,0,12,6,2,12,0,0,0,1,5,72315,6,1,0,0,3,0,66,120,0,0,0,0,0,0,0,0,0,0,6,0,0,0,3,2,70,1,2,1,4,40,3,5,53,1,1,1,55,0,0
5,50392,3,4,1,17,11,4,30,12,2,1,0,29,3,51,884,51884,66,2006,4V4NC9TG36N3,4,V,4,N,C,9,T,G,3,6,N,3,1,1,57,1949412MO,571949412MO,3,6,1,1,0,0,0,0,0,0,0,998,0,1,5,12,6,2,12,0,0,0,1,29,63801,6,1,6,0,3,3,72,295,0,0,0,1,0,4,2014,4,2014,0,6,0,0,0,3,2,70,1,2,1,4,40,3,1,5,99,2,1,54,0,0
5,50392,4,4,0,17,11,4,30,12,2,1,0,5,6,12,16,12016,4,2009,2FAHP71V59X1,2,F,A,H,P,7,1,V,5,9,X,1,0,0,0,000000000,00000000000,0,0,0,1,0,0,0,0,0,0,0,0,0,0,0,18,4,5,54,41,0,0,0,0,99997,7,6,97,7,6,7,998,997,998,998,998,998,998,98,9998,98,9998,8,0,0,0,0,3,2,70,1,2,1,4,40,3,0,53,0,0,0,98,0,0
5,50393,1,1,3,18,11,17,8,42,0,1,0,5,1,12,422,12422,15,2004,1FMRU17W14LB,1,F,M,R,U,1,7,W,1,4,L,B,0,0,0,000000000,00000000000,0,0,0,1,0,0,0,0,0,0,0,998,0,0,0,12,6,2,42,0,0,0,1,5,71730,6,1,0,0,3,3,66,240,1,0,0,0,0,9,2014,9,2014,0,99,99,99,99,1,2,35,1,2,2,1,0,0,1,9,99,2,4,7,1,0
5,50394,1,2,3,21,11,20,54,12,6,1,0,0,0,7,24,7024,4,2007,2B3KA53H97H8,2,B,3,K,A,5,3,H,9,7,H,8,0,0,0,000000000,00000000000,0,0,0,1,0,0,0,0,0,0,0,998,0,0,0,5,6,2,12,0,0,0,1,5,71957,6,2,0,0,3,3,61,104,0,0,0,0,0,0,0,0,0,0,6,0,0,0,5,4,30,1,1,2,2,0,0,1,9,99,2,2,64,1,0
5,50394,2,2,2,21,11,20,54,12,6,1,0,5,1,12,481,12481,31,2003,1FTRX17W13NA,1,F,T,R,X,1,7,W,1,3,N,A,0,0,0,000000000,00000000000,0,0,0,1,0,0,0,0,0,0,0,998,0,0,0,12,6,2,12,0,0,0,1,5,72104,6,1,0,0,3,0,64,200,0,0,0,0,0,0,0,0,0,0,0,0,0,0,5,4,30,1,1,2,2,0,0,1,62,99,1,1,65,0,0
5,50395,1,2,1,21,11,14,22,12,6,1,0,22,3,86,884,86884,66,1998,1M2AA18Y8WW0,1,M,2,A,A,1,8,Y,8,W,W,0,1,1,57,669155LA,57669155LA,3,6,10,1,0,0,0,0,0,0,0,998,0,0,0,12,6,2,12,0,0,0,1,22,71038,6,1,6,0,3,9,67,248,0,0,0,0,0,0,0,0,0,0,0,0,0,0,2,2,45,1,2,2,1,0,0,1,67,3,2,1,83,0,0