STATE,ST_CASE,VEH_NO,VE_FORMS,NUMOCCS,DAY,MONTH,HOUR,MINUTE,HARM_EV,MAN_COLL,UNITTYPE,HIT_RUN,REG_STAT,OWNER,MAKE,MODEL,MAK_MOD,BODY_TYP,MOD_YEAR,VIN,VIN_1,VIN_2,VIN_3,VIN_4,VIN_5,VIN_6,VIN_7,VIN_8,VIN_9,VIN_10,VIN_11,VIN_12,TOW_VEH,J_KNIFE,MCARR_I1,MCARR_I2,MCARR_ID,GVWR,V_CONFIG,CARGO_BT,HAZ_INV,HAZ_PLAC,HAZ_ID,HAZ_CNO,HAZ_REL,BUS_USE,SPEC_USE,EMER_USE,TRAV_SP,UNDERIDE,ROLLOVER,ROLINLOC,IMPACT1,DEFORMED,TOWED,M_HARM,VEH_SC1,VEH_SC2,FIRE_EXP,DR_PRES,L_STATE,DR_ZIP,L_STATUS,L_TYPE,CDL_STAT,L_ENDORS,L_COMPL,L_RESTRI,DR_HGT,DR_WGT,PREV_ACC,PREV_SUS,PREV_DWI,PREV_SPD,PREV_OTH,FIRST_MO,FIRST_YR,LAST_MO,LAST_YR,SPEEDREL,DR_SF1,DR_SF2,DR_SF3,DR_SF4,VTRAFWAY,VNUM_LAN,VSPD_LIM,VALIGN,VPROFILE,VPAVETYP,VSURCOND,VTRAFCON,VTCONT_F,P_CRASH1,P_CRASH2,P_CRASH3,PCRASH4,PCRASH5,ACC_TYPE,DEATHS,DR_DRINK
8,80044,3,3,1,20,2,11,26,12,6,1,0,53,1,6,51,6051,4,2008,2C3KA43R98H1,2,C,3,K,A,4,3,R,9,8,H,1,0,0,0,000000000,00000000000,0,0,0,1,0,0,0,0,0,0,0,0,0,0,0,11,6,2,12,0,0,0,1,8,80905,6,1,0,0,3,0,73,255,0,0,0,0,0,0,0,0,0,0,0,0,0,0,5,4,35,1,1,2,1,2,3,5,66,1,1,1,98,0,0
8,80045,1,1,1,11,1,2,0,35,0,1,0,8,2,49,40,49040,4,2007,4T1BE46K77U5,4,T,1,B,E,4,6,K,7,7,U,5,0,0,0,000000000,00000000000,0,0,0,1,0,0,0,0,0,0,0,82,0,1,6,62,6,2,35,0,0,0,1,8,81401,0,0,0,0,0,0,999,999,0,0,0,0,0,0,0,0,0,3,36,0,0,0,1,4,35,3,1,2,1,0,0,14,13,1,1,4,1,1,1
8,80046,1,2,1,30,1,21,26,12,2,1,0,8,1,7,422,7422,15,2005,1D4HB58D95F5,1,D,4,H,B,5,8,D,9,5,F,5,0,0,0,000000000,00000000000,0,0,0,1,0,0,0,0,0,0,0,37,0,0,0,12,6,2,12,0,0,0,1,8,80109,6,1,0,0,3,0,70,188,0,0,0,2,1,4,2012,2,2013,0,6,0,0,0,1,2,45,2,6,1,3,0,0,1,10,1,1,2,50,1,0
8,80046,2,2,2,30,1,21,26,12,2,1,0,8,1,12,481,12481,31,2011,1FT8W3BT4BEB,1,F,T,8,W,3,B,T,4,B,E,B,0,0,0,000000000,00000000000,0,0,0,1,0,0,0,0,0,0,0,39,0,0,0,12,6,2,12,0,0,0,1,8,80109,6,2,0,0,3,1,64,125,0,0,0,0,0,0,0,0,0,0,0,0,0,0,1,2,45,3,5,1,3,0,0,14,62,99,1,1,51,0,0
8,80047,1,1,1,3,3,7,59,8,0,1,0,8,3,90,981,90981,50,1997,1BAALCSA4VF0,1,B,A,A,L,C,S,A,4,V,F,0,0,0,88,888888888,88888888888,3,21,22,1,0,0,0,0,1,2,0,15,0,0,0,12,2,5,8,0,0,0,1,8,80233,6,1,6,1,3,1,74,243,0,0,0,0,0,0,0,0,0,0,6,0,0,0,2,3,25,1,6,2,1,2,3,11,80,3,2,1,13,0,0
8,80048,1,2,1,3,3,16,4,12,2,1,0,8,1,48,401,48401,14,1999,JF1SF635XXH7,J,F,1,S,F,6,3,5,X,X,H,7,0,0,0,000000000,00000000000,0,0,0,1,0,0,0,0,0,0,0,60,0,0,0,12,6,2,12,0,0,0,1,8,80304,6,2,0,0,3,0,67,125,0,0,0,0,0,0,0,0,0,0,6,0,0,0,1,2,60,2,6,2,1,28,3,1,10,1,1,2,50,0,0
8,80048,2,2,2,3,3,16,4,12,2,1,0,8,1,49,46,49046,5,2010,JTDKN3DU2A00,J,T,D,K,N,3,D,U,2,A,0,0,0,0,0,000000000,00000000000,0,0,0,1,0,0,0,0,0,0,0,60,0,0,0,12,6,2,12,0,0,0,1,8,80503,6,1,0,0,3,1,63,160,0,0,0,0,0,0,0,0,0,0,0,0,0,0,1,2,60,3,5,2,1,28,3,14,62,6,1,1,51,1,0
8,80049,1,2,2,3,3,16,30,12,2,1,0,8,1,35,47,35047,4,2008,1N4AL21E18C2,1,N,4,A,L,2,1,E,1,8,C,2,0,0,0,000000000,00000000000,0,0,0,1,0,0,0,0,0,0,0,55,0,0,0,12,6,2,12,0,0,0,1,8,81147,6,1,0,0,3,1,70,200,0,0,0,0,0,0,0,0,0,0,6,0,0,0,1,3,60,2,5,2,1,28,3,1,10,1,1,2,50,2,0
8,80049,2,2,1,3,3,16,30,12,2,1,0,35,3,85,881,85881,66,2012,1XKDP4EX1CJ3,1,X,K,D,P,4,E,X,1,C,J,3,1,1,57,183142,57183142,3,6,3,1,0,0,0,0,0,0,0,25,0,0,0,12,6,2,12,0,0,0,1,35,88021,6,1,6,1,3,0,68,300,98,0,0,0,0,0,0,0,0,0,0,0,0,0,1,3,60,3,6,2,1,28,3,14,62,9,1,1,51,0,0
8,80050,1,2,1,6,3,15,49,12,1,1,0,8,3,7,461,7461,21,1983,2B4HB21T5DK3,2,B,4,H,B,2,1,T,5,D,K,3,0,0,0,000000000,00000000000,0,0,0,1,0,0,0,0,0,0,0,50,1,0,0,12,6,2,12,0,0,0,1,8,80526,6,1,0,0,3,1,71,195,0,0,0,1,0,4,2012,4,2012,0,6,0,0,0,1,3,50,1,5,2,1,0,0,1,50,3,2,1,20,1,0
8,80050,2,2,1,6,3,15,49,12,1,1,0,8,3,86,881,86881,63,2003,1M2AC07C83M0,1,M,2,A,C,0,7,C,8,3,M,0,0,0,57,00388132,5700388132,3,2,7,1,0,0,0,0,0,0,0,0,0,0,0,6,2,3,12,0,0,0,1,8,80620,6,1,6,1,3,0,66,187,0,0,0,0,0,0,0,0,0,0,0,0,0,0,1,3,50,1,5,2,1,0,0,5,53,1,1,1,22,0,0
8,80051,1,2,1,7,3,19,33,12,2,1,0,8,2,41,471,41471,30,1998,4F4YR12C7WTM,4,F,4,Y,R,1,2,C,7,W,T,M,0,0,0,000000000,00000000000,0,0,0,1,0,0,0,0,0,0,0,998,0,1,1,12,6,2,12,0,0,0,1,8,80832,0,0,0,0,0,0,70,175,0,1,0,0,0,6,2013,6,2013,9,6,87,0,0,1,2,65,1,1,2,3,0,0,17,5,1,4,2,54,1,1
8,80051,2,2,2,7,3,19,33,12,2,1,0,8,1,54,38,54038,3,2006,JH4DC54816S0,J,H,4,D,C,5,4,8,1,6,S,0,0,0,0,000000000,00000000000,0,0,0,1,0,0,0,0,0,0,0,60,0,0,0,12,6,2,12,0,0,0,1,8,80808,6,2,0,0,3,0,67,110,0,0,0,1,0,9,2012,9,2012,4,0,0,0,0,1,2,65,1,1,2,3,0,0,1,62,6,1,1,55,0,0
8,80052,1,2,1,7,3,13,12,12,7,1,0,8,1,7,482,7482,31,2004,3D7KU28CX4G2,3,D,7,K,U,2,8,C,X,4,G,2,0,0,0,000000000,00000000000,0,0,0,1,0,0,0,0,0,0,0,40,0,0,0,83,6,2,8,0,0,0,1,48,80470,6,1,0,0,3,0,73,210,0,0,0,0,0,0,0,0,0,4,6,0,0,0,3,2,55,3,6,1,10,0,0,14,6,8,4,1,48,0,0
8,80052,2,2,0,7,3,13,12,12,7,1,0,8,6,12,870,12870,55,2003,1FDWE35F33HB,1,F,D,W,E,3,5,F,3,3,H,B,0,0,57,1098148,571098148,2,21,22,1,0,0,0,0,1,2,0,0,0,0,0,82,6,2,12,0,0,0,0,0,99997,7,6,97,7,6,7,998,997,998,998,998,998,998,98,9998,98,9998,8,20,0,0,0,3,2,55,3,6,1,10,0,0,0,53,0,0,0,48,0,0
8,80053,1,2,1,8,3,7,42,12,6,1,0,8,1,14,17,14017,4,2002,1MEFM50U52G6,1,M,E,F,M,5,0,U,5,2,G,6,0,0,0,000000000,00000000000,0,0,0,1,0,0,0,0,0,0,0,20,0,0,0,61,6,2,12,0,0,0,1,8,80631,6,1,0,0,3,0,65,145,0,0,0,0,1,9,2011,9,2011,0,6,39,0,0,1,4,30,1,1,1,1,2,3,11,17,1,1,1,82,1,0
8,80053,2,2,1,8,3,7,42,12,6,1,0,8,3,87,881,87881,66,2006,1XP5DB9XX6N8,1,X,P,5,D,B,9,X,X,6,N,8,1,1,57,652182,57652182,3,6,2,1,0,0,0,0,0,0,0,40,0,0,0,12,6,2,12,0,0,0,1,8,80427,6,1,6,1,3,0,73,265,0,0,0,0,1,7,2012,7,2012,0,0,0,0,0,2,3,45,1,1,1,1,2,3,1,66,3,2,1,83,0,0
8,80054,1,2,2,8,3,16,48,12,6,1,0,8,1,2,405,2405,14,2003,1J4GL48K63W7,1,J,4,G,L,4,8,K,6,3,W,7,0,0,0,000000000,00000000000,0,0,0,1,0,0,0,0,0,0,0,50,0,0,0,81,6,2,12,0,0,0,1,8,81416,6,1,0,0,3,0,61,135,0,0,0,0,0,0,0,0,0,0,6,91,0,0,1,2,60,1,1,2,1,0,0,1,10,8,4,6,66,1,1
8,80054,2,2,4,8,3,16,48,12,6,1,0,8,2,12,481,12481,31,1999,1FTNW21S0XEC,1,F,T,N,W,2,1,S,0,X,E,C,0,0,0,000000000,00000000000,0,0,0,1,0,0,0,0,0,0,0,60,0,0,0,12,6,2,12,0,0,0,1,8,81401,6,1,0,0,3,0,66,145,0,0,0,0,0,0,0,0,0,0,0,0,0,0,1,2,60,1,1,2,1,0,0,1,62,7,1,1,66,0,0
8,80055,1,2,3,8,3,22,52,8,0,1,0,8,2,54,421,54421,15,2012,2HNYD2H37CH5,2,H,N,Y,D,2,H,3,7,C,H,5,0,0,0,000000000,00000000000,0,0,0,1,0,0,0,0,0,0,0,35,0,0,0,12,6,2,8,0,0,0,1,8,80236,6,1,0,0,3,3,65,125,0,0,0,0,0,0,0,0,0,0,0,0,0,0,5,4,40,1,5,2,1,0,0,1,80,1,1,1,13,0,0
8,80055,2,2,1,8,3,22,52,8,0,1,1,8,2,37,441,37441,20,2000,2HKRL1869YH5,2,H,K,R,L,1,8,6,9,Y,H,5,0,0,0,000000000,00000000000,0,0,0,1,0,0,0,0,0,0,0,999,0,0,0,12,2,5,54,0,0,0,1,8,81652,0,0,0,0,0,0,999,999,0,1,0,0,1,10,2013,3,2014,9,6,0,0,0,5,4,40,1,6,2,1,0,0,1,90,1,1,1,98,0,1
8,80056,1,1,1,9,3,15,47,19,0,1,0,48,2,72,706,72706,80,2003,1HD1CGP173K4,1,H,D,1,C,G,P,1,7,3,K,4,0,0,0,000000000,00000000000,0,0,0,1,0,0,0,0,0,0,0,25,0,0,0,2,6,2,19,0,0,0,1,48,79706,6,1,0,0,2,0,999,999,0,3,0,0,0,3,2012,11,2012,0,6,48,52,0,2,3,35,1,1,2,1,0,0,11,13,1,1,4,1,1,1
8,80057,1,3,1,12,3,8,45,12,2,1,0,8,1,7,24,7024,4,2006,2B3KA53H16H3,2,B,3,K,A,5,3,H,1,6,H,3,0,0,0,000000000,00000000000,0,0,0,1,0,0,0,0,0,0,0,25,0,0,0,12,6,2,12,0,0,0,1,8,80465,6,1,0,0,3,0,70,180,0,0,0,0,1,12,2011,12,2011,0,6,0,0,0,1,2,45,2,6,1,1,28,3,1,10,1,1,2,50,0,0
8,80057,2,3,1,12,3,8,45,12,2,1,0,8,1,53,40,53040,4,2008,JS2YB4177851,J,S,2,Y,B,4,1,7,7,8,5,1,0,0,0,000000000,00000000000,0,0,0,1,0,0,0,0,0,0,0,45,0,1,1,12,6,2,12,0,0,0,1,8,80124,6,1,0,0,3,0,67,195,0,0,0,1,0,7,2011,7,2011,0,0,0,0,0,1,2,45,3,5,2,1,28,3,14,62,1,1,1,51,1,0
8,80057,3,3,1,12,3,8,45,12,2,1,0,8,1,12,481,12481,31,2010,1FTFW1EV3AFD,1,F,T,F,W,1,E,V,3,A,F,D,0,0,0,000000000,00000000000,0,0,0,1,0,0,0,0,0,0,0,10,0,0,0,11,2,5,12,0,0,0,1,8,80134,6,1,0,0,3,3,71,220,0,0,0,0,0,0,0,0,0,0,0,0,0,0,1,2,45,3,5,2,1,28,3,14,62,7,1,1,98,0,0
8,80058,1,3,1,14,3,18,27,12,1,1,0,8,1,72,706,72706,80,2013,1HD1TD914DB9,1,H,D,1,T,D,9,1,4,D,B,9,0,0,0,000000000,00000000000,0,0,0,1,0,0,0,0,0,0,0,998,0,0,0,12,2,3,12,0,0,0,1,8,80130,6,1,0,0,3,3,70,210,0,0,0,0,0,0,0,0,0,9,6,26,0,0,3,6,65,1,1,2,1,0,0,1,51,2,1,1,24,1,1
8,80058,2,3,1,14,3,18,27,12,1,1,0,30,1,7,482,7482,31,2008,3D7MX38A78G1,3,D,7,M,X,3,8,A,7,8,G,1,0,0,0,000000000,00000000000,0,0,0,1,0,0,0,0,0,0,0,998,0,0,0,6,2,5,12,0,0,0,1,8,80232,6,1,0,0,3,0,69,160,0,0,0,0,0,0,0,0,0,0,0,0,0,0,3,6,65,1,1,2,1,0,0,1,53,1,1,1,25,0,0
8,80058,3,3,1,14,3,18,27,12,1,1,0,8,3,84,881,84881,66,2010,3HSCUAPRXAN1,3,H,S,C,U,A,P,R,X,A,N,1,1,1,57,971464,57971464,3,6,1,1,0,0,0,0,0,0,0,998,0,0,0,5,2,5,73,0,0,0,1,8,80232,6,1,6,1,3,3,71,230,0,0,0,0,0,0,0,0,0,0,0,0,0,0,3,6,65,1,1,2,1,0,0,1,90,1,1,1,98,0,0
8,80059,1,1,2,14,3,20,20,17,0,1,0,92,0,23,481,23481,31,1984,1GTGK24M3EJ5,1,G,T,G,K,2,4,M,3,E,J,5,0,0,0,000000000,00000000000,0,0,0,1,0,0,0,0,0,0,0,65,0,1,5,11,6,2,1,0,0,0,1,8,80545,0,0,0,0,0,0,72,180,0,0,0,0,0,0,0,0,0,3,6,58,91,0,1,2,35,3,1,2,1,0,0,14,13,6,3,4,2,1,1
8,80060,1,1,2,14,3,21,16,1,0,1,0,8,1,48,45,48045,6,2012,4S4BRBKC7C32,4,S,4,B,R,B,K,C,7,C,3,2,0,0,0,000000000,00000000000,0,0,0,1,0,0,0,0,0,0,0,15,0,2,6,0,6,2,1,0,0,0,1,8,81212,6,1,0,0,3,3,71,180,0,0,0,1,0,8,2011,8,2011,0,6,0,0,0,1,2,15,3,1,5,1,0,0,14,12,1,1,4,6,1,1
8,80061,1,1,1,15,3,21,13,8,0,1,0,8,1,12,481,12481,31,2005,1FTWW31P15EB,1,F,T,W,W,3,1,P,1,5,E,B,0,0,0,000000000,00000000000,0,0,0,1,0,0,0,0,0,0,0,20,0,0,0,12,0,5,8,0,0,0,1,8,80227,3,1,0,0,2,0,75,225,0,0,0,0,1,10,2011,10,2011,0,0,0,0,0,5,5,35,1,1,2,1,2,3,11,80,1,1,1,13,0,0
8,80062,1,2,1,17,3,7,40,54,11,1,0,8,1,49,403,49403,14,2004,JTEEP21A0400,J,T,E,E,P,2,1,A,0,4,0,0,0,0,0,000000000,00000000000,0,0,0,1,0,0,0,0,0,0,0,17,0,0,0,1,6,2,12,0,0,0,1,8,80027,6,1,0,0,3,0,70,155,0,0,0,0,1,8,2011,8,2011,0,6,38,0,0,2,4,40,1,3,2,1,2,3,11,15,1,1,1,98,0,0
8,80062,2,2,1,17,3,7,40,54,11,1,0,8,1,53,705,53705,80,2009,JS1VP54A0921,J,S,1,V,P,5,4,A,0,9,2,1,0,0,0,000000000,00000000000,0,0,0,1,0,0,0,0,0,0,0,40,0,0,0,19,6,2,54,0,0,0,1,8,80026,6,1,0,0,3,0,75,190,0,0,0,0,0,0,0,0,0,0,0,0,0,0,2,4,40,1,3,2,1,2,3,1,62,3,2,1,98,1,0
8,80063,1,1,1,20,3,21,26,8,0,1,0,8,1,49,32,49032,4,2004,1NXBR32E34Z3,1,N,X,B,R,3,2,E,3,4,Z,3,0,0,0,000000000,00000000000,0,0,0,1,0,0,0,0,0,0,0,40,0,0,0,12,2,3,8,0,0,0,1,8,80014,6,1,0,0,3,0,64,115,0,0,0,0,1,3,2011,3,2011,0,0,0,0,0,5,6,40,1,1,2,1,2,3,1,80,8,1,1,13,0,0
8,80064,1,2,1,21,3,20,41,12,9,1,0,8,3,72,706,72706,80,2006,1HD1FRW186Y6,1,H,D,1,F,R,W,1,8,6,Y,6,0,0,0,000000000,00000000000,0,0,0,1,0,0,0,0,0,0,0,999,0,0,0,11,6,2,25,0,0,0,1,8,80011,6,1,0,0,3,3,72,180,0,1,0,0,0,6,2012,6,2012,9,6,0,0,0,3,3,35,2,1,2,1,0,0,14,9,7,3,2,32,1,0
8,80064,2,2,3,21,3,20,41,12,9,1,0,8,2,7,20,7020,4,2005,1B3ES56CX5D1,1,B,3,E,S,5,6,C,X,5,D,1,0,0,0,000000000,00000000000,0,0,0,1,0,0,0,0,0,0,0,30,0,0,0,6,2,5,12,0,0,0,1,8,80219,6,2,0,0,3,1,69,140,0,0,0,0,2,7,2013,1,2014,0,0,0,0,0,3,3,35,2,1,2,1,0,0,14,61,1,1,1,32,0,0
8,80065,1,2,1,22,3,16,37,12,6,1,0,8,2,18,401,18401,14,2002,3G5DA03E22S5,3,G,5,D,A,0,3,E,2,2,S,5,0,0,0,000000000,00000000000,0,0,0,1,0,0,0,0,0,0,0,5,0,0,0,62,6,2,12,0,0,0,1,8,81424,6,1,0,0,3,0,61,155,0,0,0,0,0,0,0,0,0,0,6,39,0,0,1,2,45,1,1,2,1,20,3,11,15,1,1,1,82,1,0
8,80065,2,2,1,22,3,16,37,12,6,1,0,8,1,12,481,12481,31,2001,1FTSW31F21EC,1,F,T,S,W,3,1,F,2,1,E,C,0,0,0,000000000,00000000000,0,0,0,1,0,0,0,0,0,0,0,45,0,0,0,12,6,2,12,0,0,0,1,8,81521,6,1,0,0,3,1,68,212,1,0,1,0,0,4,2011,4,2011,0,0,0,0,0,1,2,45,1,1,2,1,0,0,1,67,6,1,1,83,0,0
8,80066,1,1,1,22,3,20,45,31,0,1,0,8,1,32,42,32042,4,2000,WAUED24B2YN0,W,A,U,E,D,2,4,B,2,Y,N,0,0,0,0,000000000,00000000000,0,0,0,1,0,0,0,0,0,0,0,72,0,1,5,10,6,2,1,0,0,0,1,8,80423,2,2,0,0,2,0,75,200,0,7,2,0,0,8,2011,8,2012,3,36,0,0,0,1,2,40,2,6,2,1,0,0,1,6,9,3,4,7,1,1
8,80067,1,2,1,24,3,0,17,12,6,1,0,8,2,12,422,12422,15,2001,1FMEU15WX1LA,1,F,M,E,U,1,5,W,X,1,L,A,0,0,0,000000000,00000000000,0,0,0,1,0,0,0,0,0,0,0,80,0,0,0,12,6,2,12,0,0,0,1,8,80011,0,0,0,0,0,0,999,999,0,0,0,0,0,0,0,0,0,3,36,39,0,0,2,4,30,1,1,2,1,2,3,1,17,1,1,1,86,0,1
8,80067,2,2,1,24,3,0,17,12,6,1,0,8,2,20,9,20009,2,1999,2G1FP22K1X21,2,G,1,F,P,2,2,K,1,X,2,1,0,0,0,000000000,00000000000,0,0,0,1,0,0,0,0,0,0,0,15,0,0,0,81,6,2,12,0,0,0,1,8,80010,0,0,0,0,0,0,71,210,0,0,0,0,0,0,0,0,0,0,0,0,0,0,1,3,25,1,1,2,1,2,3,1,66,1,1,1,87,1,0
8,80068,1,2,1,24,3,14,29,12,8,1,0,8,1,12,471,12471,30,1991,1FTCR10A7MUC,1,F,T,C,R,1,0,A,7,M,U,C,0,0,0,000000000,00000000000,0,0,0,1,0,0,0,0,0,0,0,55,0,1,1,62,6,2,1,0,0,0,1,8,80624,6,1,0,0,3,1,61,160,0,0,0,0,0,0,0,0,0,0,6,0,0,0,1,2,55,1,1,2,1,0,0,1,10,1,1,2,64,1,0
8,80068,2,2,1,24,3,14,29,12,8,1,0,8,3,87,881,87881,66,2008,1XPTDB9X88D7,1,X,P,T,D,B,9,X,8,8,D,7,1,1,57,0775894,570775894,3,6,4,1,0,0,0,0,0,0,0,55,0,0,0,8,4,5,12,0,0,0,1,8,80631,6,1,6,1,3,1,64,240,0,0,0,0,2,9,2011,10,2011,0,0,0,0,0,1,2,55,1,1,2,1,0,0,1,62,9,1,1,65,0,0
8,80069,1,2,1,26,3,22,5,12,7,1,0,8,2,37,32,37032,4,1996,1HGCD5535TA2,1,H,G,C,D,5,5,3,5,T,A,2,0,0,0,000000000,00000000000,0,0,0,1,0,0,0,0,0,0,0,85,0,1,5,83,6,2,1,0,0,0,1,8,80524,0,0,0,0,0,0,999,999,0,0,0,0,0,0,0,0,0,3,36,0,0,0,3,2,75,1,6,2,1,0,0,15,11,1,1,2,46,1,1
8,80069,2,2,1,26,3,22,5,12,7,1,0,8,1,49,401,49401,14,2013,JTEBU5JR5D51,J,T,E,B,U,5,J,R,5,D,5,1,0,0,0,000000000,00000000000,0,0,0,1,0,0,0,0,0,0,0,70,0,0,0,11,2,5,12,0,0,0,1,8,80031,6,1,0,0,3,3,62,190,0,0,0,0,0,0,0,0,0,0,0,0,0,0,3,2,75,1,6,2,1,0,0,1,60,7,1,1,45,0,0
8,80070,1,2,1,30,3,14,6,12,2,1,0,8,1,71,706,71706,80,2012,ZDM14BPW8CB0,Z,D,M,1,4,B,P,W,8,C,B,0,0,0,0,000000000,00000000000,0,0,0,1,0,0,0,0,0,0,0,100,0,0,0,12,6,2,12,0,0,0,1,8,80524,6,1,0,0,3,1,67,125,0,0,0,0,0,0,0,0,0,3,36,0,0,0,1,2,40,1,1,2,1,0,0,6,51,3,2,2,58,1,1
8,80070,2,2,1,30,3,14,6,12,2,1,0,8,1,53,706,53706,80,2005,JS1GW71A3521,J,S,1,G,W,7,1,A,3,5,2,1,0,0,0,000000000,00000000000,0,0,0,1,0,0,0,0,0,0,0,40,0,0,0,12,6,2,12,0,0,0,1,8,80538,6,1,0,0,3,1,70,200,0,0,0,0,0,0,0,0,0,0,0,0,0,0,1,2,40,1,1,2,1,0,0,1,62,9,1,1,59,1,0
8,80071,1,1,1,30,3,16,55,1,0,1,0,8,2,37,705,37705,80,2010,JH2PC4042AK3,J,H,2,P,C,4,0,4,2,A,K,3,0,0,0,000000000,00000000000,0,0,0,1,0,0,0,0,0,0,0,80,0,0,0,0,6,2,35,0,0,0,1,8,81001,6,1,6,0,2,0,70,210,0,0,0,0,0,0,0,0,0,3,36,0,0,0,1,2,55,2,6,2,1,0,0,1,12,3,2,4,6,1,1
8,80072,1,1,2,31,3,9,55,38,0,1,0,8,1,22,18,22018,4,1999,1G2NE52E0XM8,1,G,2,N,E,5,2,E,0,X,M,8,0,0,0,000000000,00000000000,0,0,0,1,0,0,0,0,0,0,0,65,0,0,0,1,6,2,42,0,0,0,1,8,81089,4,1,0,0,2,0,67,290,0,1,0,0,0,10,2013,10,2013,0,6,0,0,0,3,2,65,3,1,2,1,0,0,1,13,1,1,4,1,1,0
8,80073,1,1,1,9,3,3,35,30,0,1,0,8,1,54,35,54035,4,2003,19UUA56673A0,1,9,U,U,A,5,6,6,7,3,A,0,0,0,0,000000000,00000000000,0,0,0,1,0,0,0,0,0,0,0,50,0,1,5,12,6,2,1,0,0,0,1,8,81507,6,1,0,0,3,0,67,125,0,0,0,0,0,0,0,0,0,0,6,0,0,0,1,2,45,3,1,2,1,28,3,1,13,1,1,4,1,1,1
8,80074,1,1,5,31,3,21,50,43,0,1,0,8,2,37,32,37032,4,1999,1HGCG5653XA1,1,H,G,C,G,5,6,5,3,X,A,1,0,0,0,000000000,00000000000,0,0,0,1,0,0,0,0,0,0,0,80,0,1,6,12,6,2,42,0,0,0,1,8,80620,6,7,0,0,3,1,70,120,0,0,0,0,0,0,0,0,0,3,36,0,0,0,1,2,35,3,1,2,1,40,3,1,13,3,2,4,2,1,1
8,80075,1,1,2,29,3,6,10,35,0,1,0,8,1,12,422,12422,15,1998,1FMRU1769WLA,1,F,M,R,U,1,7,6,9,W,L,A,0,0,0,000000000,00000000000,0,0,0,1,0,0,0,0,0,0,0,55,0,1,6,12,6,2,1,0,0,0,1,8,80537,6,1,6,0,3,0,70,270,0,0,0,0,0,0,0,0,0,0,6,0,0,0,1,2,55,2,6,4,1,0,0,1,12,7,1,4,6,1,0
8,80076,1,1,1,24,3,6,26,42,0,1,0,8,1,58,38,58038,4,2003,JNKAY41E23M0,J,N,K,A,Y,4,1,E,2,3,M,0,0,0,0,000000000,00000000000,0,0,0,1,0,0,0,0,0,0,0,998,0,1,6,12,6,2,42,0,0,0,1,8,80906,2,1,0,0,2,0,72,170,0,2,1,0,3,4,2011,3,2014,9,6,0,0,0,5,3,30,3,1,2,1,0,0,1,13,6,1,4,1,1,1
8,80077,1,1,1,19,3,15,8,5,0,1,0,8,2,72,706,72706,80,1998,1HD1BML15WY0,1,H,D,1,B,M,L,1,5,W,Y,0,0,0,0,000000000,00000000000,0,0,0,1,0,0,0,0,0,0,0,40,0,0,0,0,2,3,5,0,0,0,1,8,80504,6,1,0,0,3,3,72,250,0,0,0,0,0,0,0,0,0,0,85,0,0,0,5,4,45,1,5,2,1,2,3,1,98,3,2,1,0,1,0
8,80078,1,6,1,1,3,10,39,12,6,1,0,40,3,85,881,85881,66,2010,3WKAD49X4AF2,3,W,K,A,D,4,9,X,4,A,F,2,1,1,57,202381,57202381,3,6,1,1,0,0,0,0,0,0,0,998,0,0,0,12,4,5,12,0,0,0,1,4,85035,6,1,6,1,3,3,68,198,0,2,0,0,1,3,2012,2,2013,4,87,0,0,0,3,4,60,1,1,1,3,0,0,1,6,8,1,2,48,0,0
8,80078,2,6,2,1,3,10,39,12,6,1,0,8,1,49,53,49053,5,2013,4T3BK3BB4DU0,4,T,3,B,K,3,B,B,4,D,U,0,0,0,0,000000000,00000000000,0,0,0,1,0,0,0,0,0,0,0,998,0,0,0,62,6,2,12,0,0,0,1,8,80210,6,1,0,0,3,0,66,160,0,0,0,0,0,0,0,0,0,4,87,0,0,0,3,4,60,1,1,1,3,0,0,1,6,9,4,2,48,0,0
8,80078,3,6,1,1,3,10,39,12,6,1,0,8,1,37,402,37402,14,2013,5J6RM4H59DL0,5,J,6,R,M,4,H,5,9,D,L,0,0,0,0,000000000,00000000000,0,0,0,1,0,0,0,0,0,0,0,998,0,0,0,12,6,2,12,0,0,0,1,8,80015,6,1,0,0,3,0,69,142,0,0,0,0,0,0,0,0,0,4,87,0,0,0,3,4,60,1,1,1,3,0,0,1,6,9,1,2,98,0,0
8,80078,4,6,1,1,3,10,39,12,6,1,0,8,1,6,43,6043,4,2007,1C3LC46K67N5,1,C,3,L,C,4,6,K,6,7,N,5,0,0,0,000000000,00000000000,0,0,0,1,0,0,0,0,0,0,0,998,0,0,0,62,6,2,12,0,0,0,1,8,80226,4,1,0,0,2,3,71,175,0,2,0,1,0,12,2013,2,2014,4,87,0,0,0,3,4,60,1,1,1,3,0,0,1,6,9,4,2,98,0,0
8,80078,5,6,2,1,3,10,39,12,6,1,0,40,1,20,28,20028,5,2013,1G1JC6SH9D41,1,G,1,J,C,6,S,H,9,D,4,1,0,0,0,000000000,00000000000,0,0,0,1,0,0,0,0,0,0,0,998,1,0,0,12,6,2,12,0,0,0,1,40,74074,6,1,0,0,3,3,71,215,0,0,0,0,0,0,0,0,0,4,87,0,0,0,3,4,60,1,1,1,3,0,0,1,6,99,1,1,98,1,0
8,80078,6,6,1,1,3,10,39,12,6,1,0,8,1,49,472,49472,30,1998,4TAWN72N8WZ0,4,T,A,W,N,7,2,N,8,W,Z,0,0,0,0,000000000,00000000000,0,0,0,1,0,0,0,0,0,0,0,998,0,0,0,12,4,5,12,0,0,0,1,8,80904,6,1,0,0,3,0,74,190,0,0,0,0,0,0,0,0,0,4,87,0,0,0,3,4,60,1,1,1,3,0,0,1,6,99,1,2,98,0,0