STATE,ST_CASE,VEH_NO,VE_FORMS,NUMOCCS,DAY,MONTH,HOUR,MINUTE,HARM_EV,MAN_COLL,UNITTYPE,HIT_RUN,REG_STAT,OWNER,MAKE,MODEL,MAK_MOD,BODY_TYP,MOD_YEAR,VIN,VIN_1,VIN_2,VIN_3,VIN_4,VIN_5,VIN_6,VIN_7,VIN_8,VIN_9,VIN_10,VIN_11,VIN_12,TOW_VEH,J_KNIFE,MCARR_I1,MCARR_I2,MCARR_ID,GVWR,V_CONFIG,CARGO_BT,HAZ_INV,HAZ_PLAC,HAZ_ID,HAZ_CNO,HAZ_REL,BUS_USE,SPEC_USE,EMER_USE,TRAV_SP,UNDERIDE,ROLLOVER,ROLINLOC,IMPACT1,DEFORMED,TOWED,M_HARM,VEH_SC1,VEH_SC2,FIRE_EXP,DR_PRES,L_STATE,DR_ZIP,L_STATUS,L_TYPE,CDL_STAT,L_ENDORS,L_COMPL,L_RESTRI,DR_HGT,DR_WGT,PREV_ACC,PREV_SUS,PREV_DWI,PREV_SPD,PREV_OTH,FIRST_MO,FIRST_YR,LAST_MO,LAST_YR,SPEEDREL,DR_SF1,DR_SF2,DR_SF3,DR_SF4,VTRAFWAY,VNUM_LAN,VSPD_LIM,VALIGN,VPROFILE,VPAVETYP,VSURCOND,VTRAFCON,VTCONT_F,P_CRASH1,P_CRASH2,P_CRASH3,PCRASH4,PCRASH5,ACC_TYPE,DEATHS,DR_DRINK
8,80119,2,2,1,11,5,10,40,12,2,1,0,8,1,32,43,32043,4,2010,WAUHFAFL5AN0,W,A,U,H,F,A,F,L,5,A,N,0,0,0,0,000000000,00000000000,0,0,0,1,0,0,0,0,0,0,0,65,0,0,0,12,6,2,12,0,0,0,1,8,81230,6,1,0,0,3,1,71,150,0,0,0,0,0,0,0,0,0,0,0,0,0,0,1,2,65,1,6,2,10,0,0,1,62,1,1,1,51,1,0
8,80120,1,2,1,12,5,12,6,12,1,1,0,8,2,35,402,35402,14,2009,5N1AN08W59C5,5,N,1,A,N,0,8,W,5,9,C,5,0,0,0,000000000,00000000000,0,0,0,1,0,0,0,0,0,0,0,90,0,1,1,12,6,2,1,0,0,0,1,8,80013,6,1,0,0,3,0,69,185,0,0,0,0,0,0,0,0,0,3,36,0,0,0,3,2,75,1,6,2,1,0,0,15,51,6,1,1,24,1,1
8,80120,2,2,3,12,5,12,6,12,1,1,0,8,1,49,403,49403,14,2008,JTEEW44A3820,J,T,E,E,W,4,4,A,3,8,2,0,0,0,0,000000000,00000000000,0,0,0,1,0,0,0,0,0,0,0,75,0,0,0,6,4,5,12,0,0,0,1,8,80906,6,1,0,0,3,0,66,180,0,0,0,0,0,0,0,0,0,0,0,0,0,0,3,2,75,1,6,2,1,0,0,1,53,1,1,1,25,0,0
8,80121,1,1,1,13,5,8,56,1,0,1,0,8,2,12,481,12481,31,1999,1FTNW21F3XEA,1,F,T,N,W,2,1,F,3,X,E,A,0,0,0,000000000,00000000000,0,0,0,1,0,0,0,0,0,0,0,75,0,2,5,0,6,2,1,0,0,0,1,35,87520,6,1,0,0,3,0,999,999,98,0,0,2,0,9,2012,11,2012,3,36,58,0,0,1,2,65,1,1,2,2,0,0,1,13,6,4,4,7,1,1
8,80122,1,2,1,14,5,8,58,12,6,1,0,8,1,20,16,20016,2,2000,1G1JC1241Y73,1,G,1,J,C,1,2,4,1,Y,7,3,0,0,0,000000000,00000000000,0,0,0,1,0,0,0,0,0,0,0,35,0,0,0,63,6,2,12,0,0,0,1,8,80221,6,1,0,0,3,0,63,143,0,0,0,0,0,0,0,0,0,0,6,48,0,0,3,2,65,1,1,2,1,0,0,11,15,1,1,2,74,1,0
8,80122,2,2,1,14,5,8,58,12,6,1,0,47,3,85,881,85881,66,2011,1XKAD49X1BJ2,1,X,K,A,D,4,9,X,1,B,J,2,1,1,57,1786594,571786594,3,6,1,1,0,0,0,0,0,0,0,65,0,0,0,12,6,2,12,0,0,0,1,8,80239,6,1,6,1,3,0,72,207,0,0,0,0,2,3,2013,2,2014,0,0,0,0,0,3,2,65,1,1,2,1,0,0,1,61,8,1,1,74,0,0
8,80123,1,1,1,14,5,9,40,1,0,1,0,8,1,12,481,12481,31,2002,1FTRW08L02KB,1,F,T,R,W,0,8,L,0,2,K,B,0,0,0,000000000,00000000000,0,0,0,1,0,0,0,0,0,0,0,45,0,2,6,0,6,2,1,0,0,0,1,8,81416,6,1,0,0,3,1,69,185,0,0,0,1,0,6,2011,6,2011,3,8,36,0,0,1,2,20,2,6,4,1,0,0,14,6,9,3,4,7,1,1
8,80124,1,2,2,11,5,22,59,12,6,1,0,8,2,52,37,52037,3,2002,4A3AC54H52E0,4,A,3,A,C,5,4,H,5,2,E,0,0,0,0,000000000,00000000000,0,0,0,1,0,0,0,0,0,0,0,5,0,0,0,81,6,2,12,0,0,0,1,8,80620,0,0,0,0,0,0,66,100,0,2,0,1,0,5,2011,7,2011,0,6,38,52,0,1,2,55,1,1,2,2,20,3,4,17,1,1,1,87,1,0
8,80124,2,2,1,11,5,22,59,12,6,1,0,16,3,85,881,85881,66,2000,1XKADU9X9YR8,1,X,K,A,D,U,9,X,9,Y,R,8,1,1,57,01818741,5701818741,3,6,1,1,0,0,0,0,0,0,0,55,0,0,0,12,4,5,12,0,0,0,1,16,83221,6,1,6,1,3,0,70,325,0,0,0,1,0,4,2014,4,2014,0,0,0,0,0,1,2,55,1,1,2,2,0,0,1,66,2,1,1,86,0,0
8,80125,1,2,1,16,5,13,30,12,6,1,0,8,2,51,43,51043,6,2002,YV1SZ58D8210,Y,V,1,S,Z,5,8,D,8,2,1,0,0,0,0,000000000,00000000000,0,0,0,1,0,0,0,0,0,0,0,35,0,0,0,12,6,2,12,0,0,0,1,8,80016,6,1,0,0,3,0,75,225,0,0,0,0,0,0,0,0,0,0,6,39,0,0,2,2,40,1,1,2,1,2,3,1,17,1,1,1,83,0,1
8,80125,2,2,1,16,5,13,30,12,6,1,0,8,2,3,402,3402,14,2007,5GTDN13E3781,5,G,T,D,N,1,3,E,3,7,8,1,0,0,0,000000000,00000000000,0,0,0,1,0,0,0,0,0,0,0,15,0,0,0,62,6,2,8,0,0,0,1,8,80014,6,1,0,0,3,0,62,130,0,0,0,0,0,0,0,0,0,0,0,0,0,0,0,0,0,0,0,0,0,2,3,11,67,1,1,1,82,0,0
8,80126,1,1,1,18,5,19,50,11,0,1,0,8,1,72,706,72706,80,2008,1HD1FR4158Y6,1,H,D,1,F,R,4,1,5,8,Y,6,0,0,0,000000000,00000000000,0,0,0,1,0,0,0,0,0,0,0,50,0,0,0,12,6,2,11,0,0,0,1,8,80926,6,1,0,0,3,0,71,180,0,1,0,0,0,2,2013,2,2013,3,36,83,0,0,1,2,20,1,5,2,1,0,0,1,87,3,2,1,13,1,1
8,80127,1,2,1,18,5,15,35,12,2,1,0,8,1,98,703,98703,80,2012,RFVPAC208C10,R,F,V,P,A,C,2,0,8,C,1,0,0,0,0,000000000,00000000000,0,0,0,1,0,0,0,0,0,0,0,55,0,0,0,12,6,2,12,0,0,0,1,8,80020,6,1,0,0,2,0,64,110,0,0,0,0,0,0,0,0,0,0,6,52,0,0,1,3,55,1,1,2,1,28,3,1,10,1,1,2,50,1,0
8,80127,2,2,1,18,5,15,35,12,2,1,0,8,4,20,422,20422,15,2005,3GNGK26G05G2,3,G,N,G,K,2,6,G,0,5,G,2,0,0,0,000000000,00000000000,0,0,0,1,0,0,0,0,0,0,0,56,0,0,0,12,6,2,12,0,0,0,1,8,80238,6,1,0,0,3,0,70,190,0,0,0,0,0,0,0,0,0,0,0,0,0,0,1,3,55,1,1,2,1,28,3,1,62,3,2,1,51,0,0
8,80128,1,2,3,9,5,6,19,12,6,1,0,8,2,22,18,22018,4,1995,1G2NW55D5SC8,1,G,2,N,W,5,5,D,5,S,C,8,0,0,0,000000000,00000000000,0,0,0,1,0,0,0,0,0,0,0,15,0,0,0,62,6,2,12,0,0,0,1,8,80501,0,0,0,0,0,0,999,999,1,0,0,0,1,12,2013,12,2013,0,6,38,0,0,1,3,35,1,1,1,1,20,3,4,17,1,1,1,89,2,0
8,80128,2,2,1,9,5,6,19,12,6,1,0,8,1,2,405,2405,14,2011,1J4PN2GK6BW5,1,J,4,P,N,2,G,K,6,B,W,5,0,0,0,000000000,00000000000,0,0,0,1,0,0,0,0,0,0,0,55,0,0,0,12,6,2,12,0,0,0,1,8,80514,6,1,0,0,3,1,64,140,0,0,0,0,0,0,0,0,0,0,0,0,0,0,2,3,55,1,1,1,1,0,0,1,66,1,1,1,88,0,0
8,80129,1,1,1,16,5,1,25,33,0,1,0,8,2,38,402,38402,14,1995,4S2CM58V6S43,4,S,2,C,M,5,8,V,6,S,4,3,0,0,0,000000000,00000000000,0,0,0,1,0,0,0,0,0,0,0,50,0,0,0,12,6,2,46,0,0,0,1,8,80004,6,1,0,0,3,0,71,220,0,0,0,0,0,0,0,0,0,3,8,36,0,0,2,6,35,1,1,2,1,2,3,1,13,6,1,4,1,1,1
8,80130,1,3,1,21,5,20,45,12,8,1,0,8,2,23,881,23881,61,2004,1GDE4E1224F5,1,G,D,E,4,E,1,2,2,4,F,5,1,1,88,888888888,88888888888,2,4,1,1,0,0,0,0,0,0,0,25,0,0,0,8,4,3,12,0,0,0,1,8,80615,6,1,0,0,3,0,71,210,0,0,0,1,0,12,2012,12,2012,0,28,0,0,0,1,2,65,1,4,2,1,0,0,1,10,7,1,1,66,0,0
8,80130,2,3,1,21,5,20,45,12,8,1,0,8,1,7,43,7043,4,2006,1B3AL46T06N2,1,B,3,A,L,4,6,T,0,6,N,2,0,0,0,000000000,00000000000,0,0,0,1,0,0,0,0,0,0,0,65,0,0,0,62,6,2,12,0,0,0,1,8,80751,6,1,3,0,3,3,71,210,0,0,0,0,0,0,0,0,0,0,0,0,0,0,1,2,65,1,4,2,1,0,0,1,62,1,1,1,66,1,0
8,80130,3,3,1,21,5,20,45,12,8,1,0,8,1,20,481,20481,31,2011,1GC4K1C82BF2,1,G,C,4,K,1,C,8,2,B,F,2,0,0,0,000000000,00000000000,0,0,0,1,0,0,0,0,0,0,0,25,0,0,0,12,6,2,12,0,0,0,1,8,80915,6,1,6,0,3,0,70,150,0,0,0,1,1,8,2012,11,2013,0,0,0,0,0,1,2,65,1,4,2,1,0,0,1,62,1,1,1,98,0,0
8,80131,1,1,1,22,5,10,19,21,0,1,0,8,1,12,471,12471,30,1993,1FTCR11X5PPA,1,F,T,C,R,1,1,X,5,P,P,A,0,0,0,000000000,00000000000,0,0,0,1,0,0,0,0,0,0,0,55,0,1,5,12,6,2,21,0,0,0,1,8,80911,6,1,0,0,3,1,72,180,0,0,0,0,0,0,0,0,0,0,6,0,0,0,1,2,55,2,1,2,1,0,0,14,13,1,1,4,1,1,0
8,80132,1,2,1,22,5,17,25,12,8,1,0,49,1,72,706,72706,80,2012,1HD1KGM19CB6,1,H,D,1,K,G,M,1,9,C,B,6,0,0,0,000000000,00000000000,0,0,0,1,0,0,0,0,0,0,0,40,0,0,0,9,6,2,12,0,0,0,1,49,84106,6,1,0,0,3,3,73,185,98,0,0,0,0,0,0,0,0,0,6,53,0,0,1,2,40,2,5,2,1,0,0,1,10,1,1,2,64,1,0
8,80132,2,2,1,22,5,17,25,12,8,1,0,4,3,85,881,85881,66,1998,1XKWD69X4WJ7,1,X,K,W,D,6,9,X,4,W,J,7,1,1,57,2263801,572263801,3,6,3,1,0,0,0,0,0,0,0,20,0,0,0,1,2,5,12,0,0,0,1,4,85023,6,1,6,1,3,1,75,260,1,0,0,0,2,8,2013,2,2014,0,0,0,0,0,1,2,40,3,6,2,1,0,0,14,62,1,1,1,65,0,0
8,80133,1,2,1,23,5,1,47,12,6,1,0,22,1,7,28,7028,2,2013,2C3CDYAG8DH6,2,C,3,C,D,Y,A,G,8,D,H,6,0,0,0,000000000,00000000000,0,0,0,1,0,0,0,0,0,0,0,80,0,0,0,12,6,2,12,0,0,0,1,22,80004,3,1,0,0,2,3,75,230,0,2,0,0,0,1,2013,4,2013,3,36,39,0,0,2,4,30,1,1,2,1,2,3,1,17,1,1,1,88,0,1
8,80133,2,2,3,23,5,1,47,12,6,1,0,8,1,23,421,23421,15,1996,3GKEK18R7TG5,3,G,K,E,K,1,8,R,7,T,G,5,0,0,0,000000000,00000000000,0,0,0,1,0,0,0,0,0,0,0,50,0,0,0,63,6,2,12,0,0,0,1,8,80236,6,1,0,0,3,0,67,156,0,1,1,0,1,2,2013,10,2013,0,0,0,0,0,2,4,40,1,1,2,1,2,3,1,66,1,1,1,89,1,1
8,80134,1,1,6,23,5,11,35,31,0,1,0,8,1,12,423,12423,16,2000,1FMNU43S8YED,1,F,M,N,U,4,3,S,8,Y,E,D,1,2,0,000000000,00000000000,0,0,0,1,0,0,0,0,0,0,0,75,0,1,5,12,6,2,1,0,0,0,1,8,81211,6,1,0,0,3,0,66,140,0,0,0,2,0,5,2012,10,2012,3,36,52,88,0,3,2,65,1,6,2,1,0,0,1,4,9,3,4,2,1,0
8,80135,1,2,4,24,5,18,50,57,0,1,0,8,1,14,401,14401,14,1999,4M2ZU52P5XUJ,4,M,2,Z,U,5,2,P,5,X,U,J,0,0,0,000000000,00000000000,0,0,0,1,0,0,0,0,0,0,0,75,0,1,3,12,6,2,1,0,0,0,1,20,80011,6,1,0,0,3,0,64,200,0,0,0,0,0,0,0,0,0,0,80,0,0,0,3,2,75,1,1,1,1,0,0,15,1,7,4,4,7,1,0
8,80135,2,2,1,24,5,18,50,57,0,1,0,8,1,24,3,24003,6,2000,1G8ZN8277YZ1,1,G,8,Z,N,8,2,7,7,Y,Z,1,0,0,0,000000000,00000000000,0,0,0,1,0,0,0,0,0,0,0,70,0,0,0,13,6,2,12,0,0,0,1,8,80214,6,1,0,0,3,0,67,135,0,0,0,0,0,0,0,0,0,0,0,0,0,0,3,2,75,1,1,1,1,0,0,1,62,1,1,1,98,0,0
8,80136,1,1,1,27,5,16,43,57,0,1,0,40,1,37,706,37706,80,2006,JH2RC50026M2,J,H,2,R,C,5,0,0,2,6,M,2,0,0,0,000000000,00000000000,0,0,0,1,0,0,0,0,0,0,0,55,0,0,0,10,6,2,1,0,0,0,1,40,73933,6,1,0,0,3,0,69,200,0,0,0,0,0,0,0,0,0,0,6,0,0,0,3,2,55,2,5,1,1,28,3,1,12,1,1,4,6,1,0
8,80137,1,4,1,22,5,20,45,12,1,1,0,8,2,98,706,98706,80,2008,L4STCKDK8862,L,4,S,T,C,K,D,K,8,8,6,2,0,0,0,000000000,00000000000,0,0,0,1,0,0,0,0,0,0,0,75,0,0,0,6,4,3,12,0,0,0,1,8,81005,6,1,0,0,2,0,68,175,0,0,0,0,0,0,0,0,0,0,23,0,0,0,2,2,75,1,1,2,1,0,0,1,53,1,1,1,25,1,0
8,80137,2,4,1,22,5,20,45,12,1,1,0,8,1,30,42,30042,5,2001,9BWGP21J3140,9,B,W,G,P,2,1,J,3,1,4,0,0,0,0,000000000,00000000000,0,0,0,1,0,0,0,0,0,0,0,75,0,0,0,12,2,3,12,0,0,0,1,8,81008,6,1,0,0,3,0,68,180,0,0,0,0,0,0,0,0,0,0,0,0,0,0,2,2,75,1,1,2,1,0,0,1,51,1,1,1,24,0,0
8,80137,3,4,3,22,5,20,45,12,1,1,0,8,2,20,404,20404,14,2006,2CNDL63F4660,2,C,N,D,L,6,3,F,4,6,6,0,0,0,0,000000000,00000000000,0,0,0,1,0,0,0,0,0,0,0,75,0,2,1,0,6,2,1,0,0,0,1,8,81004,6,1,0,0,3,3,66,180,0,0,0,0,0,0,0,0,0,0,58,0,0,0,2,2,75,1,1,2,1,0,0,17,50,7,3,6,98,1,0
8,80137,4,4,4,22,5,20,45,12,1,1,1,8,1,23,481,23481,31,2008,2GTEK1336812,2,G,T,E,K,1,3,3,6,8,1,2,0,0,0,000000000,00000000000,0,0,0,1,0,0,0,0,0,0,0,75,0,0,0,12,2,5,73,0,0,0,1,8,80538,6,1,3,0,3,1,68,230,0,0,0,0,0,0,0,0,0,0,0,0,0,0,2,2,75,1,1,2,1,0,0,1,90,1,1,1,98,0,0
8,80138,1,1,1,30,5,12,30,35,0,1,0,8,1,48,401,48401,14,2013,JF2SHABC8DG4,J,F,2,S,H,A,B,C,8,D,G,4,0,0,0,000000000,00000000000,0,0,0,1,0,0,0,0,0,0,0,35,0,1,5,12,6,2,1,0,0,0,1,8,80403,6,1,0,0,3,0,70,160,1,0,0,0,1,11,2012,11,2012,0,6,0,0,0,1,2,40,3,6,2,1,0,0,1,12,1,1,4,6,1,0
8,80139,1,2,1,31,5,8,39,12,6,1,0,8,3,18,22,18022,4,2014,1G4GA5GR6EF1,1,G,4,G,A,5,G,R,6,E,F,1,0,0,0,000000000,00000000000,0,0,0,1,0,0,0,0,0,0,0,55,0,1,5,81,6,2,12,0,0,0,1,8,80631,6,1,0,0,3,3,67,175,0,0,0,0,0,0,0,0,0,0,6,39,0,0,1,3,55,1,1,2,1,1,3,1,17,1,1,1,87,1,1
8,80139,2,2,2,31,5,8,39,12,6,1,0,8,1,7,482,7482,31,2003,3D7LU38C03G7,3,D,7,L,U,3,8,C,0,3,G,7,0,0,0,000000000,00000000000,0,0,0,1,0,0,0,0,0,0,0,65,0,0,0,12,6,2,12,0,0,0,1,8,80645,6,1,0,0,3,0,77,180,0,0,0,0,0,0,0,0,0,0,0,0,0,0,1,3,65,1,1,2,1,1,3,1,66,1,1,1,86,0,0
8,80140,1,1,2,10,5,20,35,1,0,1,0,8,1,72,706,72706,80,2012,1HD1KEM19CB6,1,H,D,1,K,E,M,1,9,C,B,6,0,0,0,000000000,00000000000,0,0,0,1,0,0,0,0,0,0,0,40,0,0,0,0,6,2,1,0,0,0,1,8,80907,6,1,0,0,3,0,75,200,1,1,1,0,1,9,2011,5,2013,0,6,0,0,0,1,2,35,2,1,2,1,28,3,14,10,7,1,2,98,1,1
8,80141,1,2,1,31,5,11,1,12,7,1,0,8,1,12,13,12013,5,1993,1FAPP14J0PW1,1,F,A,P,P,1,4,J,0,P,W,1,0,0,0,000000000,00000000000,0,0,0,1,0,0,0,0,0,0,0,70,0,0,0,11,6,2,25,0,0,0,1,8,80504,6,1,0,0,3,0,68,190,0,0,0,1,0,1,2012,1,2012,3,8,36,0,0,3,5,55,1,1,1,1,0,0,15,10,9,1,2,47,1,1
8,80141,2,2,1,31,5,11,1,12,7,1,0,8,1,49,472,49472,30,2003,5TEVL52N63Z3,5,T,E,V,L,5,2,N,6,3,Z,3,0,0,0,000000000,00000000000,0,0,0,1,0,0,0,0,0,0,0,55,0,1,3,1,6,2,25,0,0,0,1,8,80503,6,1,0,0,3,0,72,222,0,0,0,0,1,8,2013,8,2013,0,0,0,0,0,3,5,55,1,1,1,1,0,0,1,61,1,1,1,45,0,0
8,80142,1,1,1,21,5,12,55,17,0,1,0,8,1,49,40,49040,4,2007,4T1BK46K27U0,4,T,1,B,K,4,6,K,2,7,U,0,0,0,0,000000000,00000000000,0,0,0,1,0,0,0,0,0,0,0,55,0,1,6,12,6,2,17,0,0,0,1,8,80401,6,1,0,0,3,0,67,140,0,0,0,0,2,5,2012,1,2013,0,6,0,0,0,3,3,65,2,6,2,1,40,3,14,13,1,1,4,1,1,0
8,80143,1,2,1,22,5,13,52,12,8,1,0,19,1,12,23,12023,4,2010,3FAHP0GA7AR1,3,F,A,H,P,0,G,A,7,A,R,1,0,0,0,000000000,00000000000,0,0,0,1,0,0,0,0,0,0,0,65,0,0,0,62,6,2,12,0,0,0,1,19,52501,6,1,6,0,3,0,70,220,0,0,0,0,0,0,0,0,0,0,6,0,0,0,1,2,65,1,1,2,1,0,0,1,10,1,1,2,64,1,0
8,80143,2,2,1,22,5,13,52,12,8,1,0,8,3,82,881,82881,66,2003,1FUJA6CG93LL,1,F,U,J,A,6,C,G,9,3,L,L,1,1,57,2480702,572480702,3,6,8,1,0,0,0,0,0,0,0,65,0,1,1,61,6,2,1,0,0,0,1,8,80701,6,1,6,1,3,0,70,230,0,0,0,0,0,0,0,0,0,0,0,0,0,0,1,2,65,1,1,2,1,0,0,1,62,7,1,1,65,0,0
8,80144,1,2,2,1,6,15,15,12,6,1,0,8,1,37,31,37031,3,1991,2HGED7365MH5,2,H,G,E,D,7,3,6,5,M,H,5,0,0,0,000000000,00000000000,0,0,0,1,0,0,0,0,0,0,0,40,0,0,0,62,6,2,12,0,0,0,1,8,80631,6,2,0,0,3,0,74,200,0,0,0,0,3,2,2012,9,2012,0,6,39,52,0,1,2,55,1,1,2,1,20,3,11,17,1,1,1,82,2,1
8,80144,2,2,1,1,6,15,15,12,6,1,0,8,2,35,47,35047,4,2013,1N4AL3AP0DN4,1,N,4,A,L,3,A,P,0,D,N,4,0,0,0,000000000,00000000000,0,0,0,1,0,0,0,0,0,0,0,65,0,0,0,12,6,2,12,0,0,0,1,8,80751,6,2,0,0,3,0,70,136,0,0,0,0,0,0,0,0,0,0,0,0,0,0,1,2,65,3,1,2,1,0,0,14,67,8,1,2,83,0,0
8,80145,1,2,1,1,6,16,55,12,7,1,0,8,1,72,706,72706,80,1988,1HD4CAM16JY1,1,H,D,4,C,A,M,1,6,J,Y,1,0,0,0,000000000,00000000000,0,0,0,1,0,0,0,0,0,0,0,999,0,0,0,61,6,2,23,0,0,0,1,8,80228,0,0,0,0,0,0,67,175,0,2,0,0,0,7,2013,3,2014,0,6,52,0,0,6,1,35,2,6,2,1,0,0,14,9,1,1,1,45,1,1
8,80145,2,2,1,1,6,16,55,12,7,1,0,8,1,72,706,72706,80,1993,1HD1EAL12PY1,1,H,D,1,E,A,L,1,2,P,Y,1,0,0,0,000000000,00000000000,0,0,0,1,0,0,0,0,0,0,0,999,0,0,0,98,6,2,23,0,0,0,1,8,80216,6,1,0,0,3,0,69,155,0,0,0,0,0,0,0,0,0,0,0,0,0,0,6,1,35,2,6,2,1,0,0,14,61,1,1,1,44,0,0
8,80146,1,2,1,1,6,21,1,12,2,1,0,20,1,20,421,20421,15,2008,1GNFK13058J1,1,G,N,F,K,1,3,0,5,8,J,1,0,0,0,000000000,00000000000,0,0,0,1,0,0,0,0,0,0,0,14,0,0,0,12,6,2,12,0,0,0,1,20,67502,6,1,0,0,3,3,75,217,1,0,0,0,1,9,2012,10,2012,0,6,38,0,0,5,6,35,1,1,2,1,0,0,11,15,1,1,1,68,0,0
8,80146,2,2,1,1,6,21,1,12,2,1,0,8,1,37,706,37706,80,2003,1HFSC46003A1,1,H,F,S,C,4,6,0,0,3,A,1,0,0,0,000000000,00000000000,0,0,0,1,0,0,0,0,0,0,0,33,0,0,0,12,6,2,12,0,0,0,1,8,80031,6,1,0,0,2,0,67,150,0,0,0,0,1,8,2013,8,2013,0,0,0,0,0,5,6,35,1,1,2,1,0,0,1,62,1,1,1,69,1,0
8,80147,1,2,1,4,6,6,6,12,2,1,0,8,1,59,31,59031,4,1996,JT8BF12G5T01,J,T,8,B,F,1,2,G,5,T,0,1,0,0,0,000000000,00000000000,0,0,0,1,0,0,0,0,0,0,0,80,0,1,5,12,6,2,12,0,0,0,1,8,80603,6,1,2,0,3,0,76,190,0,0,0,0,1,1,2014,1,2014,3,8,36,0,0,1,2,55,1,1,2,1,0,0,6,51,8,1,2,58,1,1
8,80147,2,2,3,4,6,6,6,12,2,1,0,8,3,7,482,7482,31,2012,3C7WD5HT4CG3,3,C,7,W,D,5,H,T,4,C,G,3,0,0,0,000000000,00000000000,0,0,0,1,0,0,0,0,0,0,0,55,0,0,0,12,6,2,12,0,0,0,1,8,80634,6,1,0,0,3,1,70,175,0,0,0,0,0,0,0,0,0,0,0,0,0,0,1,2,55,1,1,2,1,0,0,1,62,7,1,1,59,0,0
8,80148,1,1,1,4,6,11,35,52,0,1,0,8,1,41,52,41052,6,2007,JM1CR2934701,J,M,1,C,R,2,9,3,4,7,0,1,0,0,0,000000000,00000000000,0,0,0,1,0,0,0,0,0,0,0,66,0,1,5,9,6,2,52,0,0,0,1,8,80421,6,1,0,0,3,0,65,170,0,0,0,0,0,0,0,0,0,3,36,0,0,0,1,3,55,2,6,2,1,0,0,14,6,7,3,4,2,1,0
8,80149,1,1,1,5,6,21,53,18,0,1,1,8,2,20,481,20481,31,1990,2GCEC14H0L12,2,G,C,E,C,1,4,H,0,L,1,2,0,0,0,000000000,00000000000,0,0,0,1,0,0,0,0,0,0,0,998,0,0,0,6,6,2,8,0,0,0,1,8,80015,6,1,0,0,3,0,63,120,0,0,0,0,0,0,0,0,0,0,21,36,0,0,1,2,25,1,1,2,1,0,0,13,90,1,1,5,92,0,0
8,80150,1,2,1,7,6,19,8,12,6,1,0,8,2,49,32,49032,4,1996,1NXBB02E8TZ4,1,N,X,B,B,0,2,E,8,T,Z,4,0,0,0,000000000,00000000000,0,0,0,1,0,0,0,0,0,0,0,55,0,0,0,82,6,2,12,0,0,0,1,8,80112,6,2,0,0,3,1,68,130,0,0,0,0,1,2,2012,2,2012,0,6,58,0,0,1,2,55,3,6,2,1,28,3,14,10,6,4,2,66,1,0
8,80150,2,2,3,7,6,19,8,12,6,1,0,8,1,49,482,49482,31,2005,5TBDT44185S4,5,T,B,D,T,4,4,1,8,5,S,4,0,0,0,000000000,00000000000,0,0,0,1,0,0,0,0,0,0,0,45,0,0,0,12,6,2,12,0,0,0,1,8,80440,6,1,0,0,3,1,73,250,0,0,0,0,0,0,0,0,0,0,0,0,0,0,1,2,55,2,5,2,1,28,3,14,62,9,1,1,66,0,0
8,80151,1,1,3,7,6,21,0,1,0,1,0,55,1,49,401,49401,14,1999,JT3HN86R5X02,J,T,3,H,N,8,6,R,5,X,0,2,0,0,0,000000000,00000000000,0,0,0,1,0,0,0,0,0,0,0,40,0,2,5,0,6,2,1,0,0,0,1,55,53949,6,1,0,0,3,0,71,170,0,0,0,0,0,0,0,0,0,0,6,91,0,0,1,1,40,3,6,5,2,0,0,1,12,9,3,4,7,1,0
8,80152,1,1,4,9,6,23,0,34,0,1,0,8,2,32,40,32040,4,2005,WAUPL68E05A0,W,A,U,P,L,6,8,E,0,5,A,0,0,0,0,000000000,00000000000,0,0,0,1,0,0,0,0,0,0,0,80,0,1,6,12,6,2,1,0,0,0,1,8,81005,4,8,0,0,2,3,68,180,0,1,0,1,0,1,2014,3,2014,3,8,36,39,0,1,2,35,3,6,2,1,20,3,14,13,6,1,4,1,1,0
8,80153,1,1,4,10,6,22,15,58,0,1,0,8,1,37,31,37031,2,1996,1HGEJ8146TL0,1,H,G,E,J,8,1,4,6,T,L,0,0,0,0,000000000,00000000000,0,0,0,1,0,0,0,0,0,0,0,55,0,1,5,12,6,2,1,0,0,0,1,8,81637,1,1,0,0,2,0,68,160,0,1,0,0,0,1,2014,1,2014,0,58,83,0,0,1,2,55,1,6,2,1,28,3,1,87,6,3,4,3,1,0
8,80154,1,2,1,10,6,9,32,12,6,1,0,8,1,55,37,55037,2,2006,KMHHN65F06U1,K,M,H,H,N,6,5,F,0,6,U,1,0,0,0,000000000,00000000000,0,0,0,1,0,0,0,0,0,0,0,75,0,0,0,82,6,2,12,0,0,0,1,8,80911,6,2,0,0,3,0,62,105,0,0,0,0,1,5,2014,5,2014,3,36,0,0,0,1,2,50,2,1,2,1,0,0,14,6,1,4,2,66,1,0
8,80154,2,2,1,10,6,9,32,12,6,1,0,8,3,82,881,82881,63,2012,1FVACWDT4CDB,1,F,V,A,C,W,D,T,4,C,D,B,0,0,57,01091865,5701091865,3,2,7,1,0,0,0,0,0,0,0,40,0,0,0,12,6,2,12,0,0,0,1,8,80831,6,1,6,1,3,0,67,203,0,2,0,1,0,9,2011,4,2014,0,0,0,0,0,1,2,50,1,1,2,1,0,0,1,62,9,1,1,66,0,0
8,80155,1,2,1,13,6,14,14,12,6,1,0,8,1,37,706,37706,80,2003,1HFSC470X3A2,1,H,F,S,C,4,7,0,X,3,A,2,0,0,0,000000000,00000000000,0,0,0,1,0,0,0,0,0,0,0,50,0,0,0,12,6,2,1,0,0,0,1,8,81004,6,1,0,0,3,1,71,204,0,0,0,0,0,0,0,0,0,0,6,26,0,0,1,2,50,1,6,2,1,0,0,1,52,3,2,1,71,1,0
8,80155,2,2,1,13,6,14,14,12,6,1,0,8,3,98,881,98881,63,1974,72V374,7,2,V,3,7,4,,,,,,,0,0,57,727136,57727136,3,2,96,1,0,0,0,0,0,0,0,5,0,0,0,5,0,5,12,39,0,0,1,8,81252,2,1,2,2,2,0,72,200,0,1,0,0,0,11,2011,11,2011,0,0,0,0,0,1,2,50,1,6,2,1,0,0,10,16,1,1,1,70,0,0