STATE,ST_CASE,VEH_NO,VE_FORMS,NUMOCCS,DAY,MONTH,HOUR,MINUTE,HARM_EV,MAN_COLL,UNITTYPE,HIT_RUN,REG_STAT,OWNER,MAKE,MODEL,MAK_MOD,BODY_TYP,MOD_YEAR,VIN,VIN_1,VIN_2,VIN_3,VIN_4,VIN_5,VIN_6,VIN_7,VIN_8,VIN_9,VIN_10,VIN_11,VIN_12,TOW_VEH,J_KNIFE,MCARR_I1,MCARR_I2,MCARR_ID,GVWR,V_CONFIG,CARGO_BT,HAZ_INV,HAZ_PLAC,HAZ_ID,HAZ_CNO,HAZ_REL,BUS_USE,SPEC_USE,EMER_USE,TRAV_SP,UNDERIDE,ROLLOVER,ROLINLOC,IMPACT1,DEFORMED,TOWED,M_HARM,VEH_SC1,VEH_SC2,FIRE_EXP,DR_PRES,L_STATE,DR_ZIP,L_STATUS,L_TYPE,CDL_STAT,L_ENDORS,L_COMPL,L_RESTRI,DR_HGT,DR_WGT,PREV_ACC,PREV_SUS,PREV_DWI,PREV_SPD,PREV_OTH,FIRST_MO,FIRST_YR,LAST_MO,LAST_YR,SPEEDREL,DR_SF1,DR_SF2,DR_SF3,DR_SF4,VTRAFWAY,VNUM_LAN,VSPD_LIM,VALIGN,VPROFILE,VPAVETYP,VSURCOND,VTRAFCON,VTCONT_F,P_CRASH1,P_CRASH2,P_CRASH3,PCRASH4,PCRASH5,ACC_TYPE,DEATHS,DR_DRINK
8,80156,1,2,2,14,6,16,12,12,2,1,0,32,3,7,26,7026,4,2012,1C3CDZAB6CN3,1,C,3,C,D,Z,A,B,6,C,N,3,0,0,0,000000000,00000000000,0,0,0,1,0,0,0,0,0,0,0,65,0,0,0,12,6,2,12,0,0,0,1,97,81611,9,9,99,0,9,1,999,999,99,99,99,99,99,99,9999,99,9999,0,6,0,0,0,2,2,75,2,5,2,1,0,0,1,12,9,1,4,52,2,0
8,80156,2,2,2,14,6,16,12,12,2,1,0,8,2,20,481,20481,31,2001,1GCEK19T31Z1,1,G,C,E,K,1,9,T,3,1,Z,1,0,0,0,000000000,00000000000,0,0,0,1,0,0,0,0,0,0,0,75,0,0,0,12,6,2,12,0,0,0,1,8,80229,6,1,0,0,3,1,65,140,0,1,0,0,0,10,2011,10,2011,0,0,0,0,0,2,2,75,3,6,2,1,0,0,14,54,8,1,5,52,0,0
8,80157,1,1,2,14,6,23,15,42,0,1,1,8,1,20,481,20481,31,2005,1GCGK13U75F9,1,G,C,G,K,1,3,U,7,5,F,9,0,0,0,000000000,00000000000,0,0,0,1,0,0,0,0,0,0,0,70,0,1,5,82,6,2,42,0,0,0,1,8,81005,6,1,0,0,3,3,66,150,0,1,0,0,0,6,2013,6,2013,3,36,91,0,0,1,2,45,3,6,2,1,0,0,14,13,6,1,4,1,1,1
8,80158,1,3,1,15,6,12,11,12,8,1,0,8,1,49,46,49046,4,2012,JTDKN3DU2C54,J,T,D,K,N,3,D,U,2,C,5,4,0,0,0,000000000,00000000000,0,0,0,1,0,0,0,0,0,0,0,50,1,0,0,62,6,2,12,0,0,0,1,8,80220,6,1,0,0,3,3,73,168,0,0,0,0,0,0,0,0,0,0,6,0,0,0,1,2,55,1,1,2,1,0,0,1,10,1,1,2,64,1,0
8,80158,2,3,1,15,6,12,11,12,8,1,0,48,3,84,881,84881,66,1999,2HSFTASR3XC0,2,H,S,F,T,A,S,R,3,X,C,0,1,3,57,2368410,572368410,3,6,1,1,0,0,0,0,0,0,0,50,0,0,0,10,6,2,12,0,0,0,1,8,80443,6,1,6,1,3,0,73,230,0,0,0,0,1,8,2013,8,2013,0,0,0,0,0,1,2,55,1,1,2,1,0,0,1,62,9,1,1,65,0,0
8,80158,3,3,2,15,6,12,11,12,8,1,0,8,1,12,473,12473,30,2002,1FMZU77E32UB,1,F,M,Z,U,7,7,E,3,2,U,B,0,0,0,000000000,00000000000,0,0,0,1,0,0,0,0,0,0,0,50,0,0,0,12,4,5,12,0,0,0,1,8,80134,6,1,0,0,3,3,67,150,0,0,0,0,0,0,0,0,0,0,0,0,0,0,1,2,55,1,1,2,1,0,0,1,51,1,1,1,98,0,0
8,80159,1,1,4,13,6,2,24,46,0,1,1,8,2,19,3,19003,4,2002,1G6KD57Y32U2,1,G,6,K,D,5,7,Y,3,2,U,2,0,0,0,000000000,00000000000,0,0,0,1,0,0,0,0,0,0,0,70,0,0,0,4,6,2,30,0,0,0,1,8,81003,0,0,0,0,0,0,67,190,0,0,0,0,0,0,0,0,0,3,36,91,0,0,1,5,35,1,1,2,1,2,3,11,13,1,4,4,2,1,1
8,80160,1,1,0,14,6,19,18,8,0,1,0,8,6,48,34,48034,6,2001,4S3BH8060176,4,S,3,B,H,8,0,6,0,1,7,6,0,0,0,000000000,00000000000,0,0,0,1,0,0,0,0,0,0,0,5,0,0,0,14,2,3,8,0,0,0,0,0,99997,7,6,97,7,6,7,998,997,998,998,998,998,998,98,9998,98,9998,8,0,0,0,0,0,0,0,0,0,0,0,0,0,0,80,0,0,0,15,0,0
8,80161,1,2,4,14,6,15,45,12,6,1,0,8,1,7,482,7482,31,2011,3D73Y4CL8BG5,3,D,7,3,Y,4,C,L,8,B,G,5,1,1,0,000000000,00000000000,0,0,0,1,0,0,0,0,0,0,0,10,0,0,0,12,4,5,12,0,0,0,1,8,80224,6,1,0,0,3,0,66,107,0,0,0,0,0,0,0,0,0,0,6,38,0,0,1,2,45,1,1,2,1,20,3,11,15,1,1,1,82,0,0
8,80161,2,2,1,14,6,15,45,12,6,1,0,8,1,53,706,53706,80,2005,JS1VS56A5521,J,S,1,V,S,5,6,A,5,5,2,1,0,0,0,000000000,00000000000,0,0,0,1,0,0,0,0,0,0,0,45,0,0,0,82,6,2,12,0,0,0,1,8,80720,6,1,0,0,3,3,70,195,0,0,0,0,0,0,0,0,0,0,0,0,0,0,1,2,45,1,1,2,1,0,0,1,67,1,1,1,83,1,0
8,80162,1,1,4,17,6,23,30,35,0,1,0,8,2,12,17,12017,4,2000,1FAFP5325YA2,1,F,A,F,P,5,3,2,5,Y,A,2,0,0,0,000000000,00000000000,0,0,0,1,0,0,0,0,0,0,0,50,0,0,0,12,6,2,35,0,0,0,1,8,81610,6,2,0,0,3,3,69,190,0,0,0,0,0,0,0,0,0,3,36,39,0,0,1,2,30,1,1,2,1,20,3,1,14,3,2,4,14,1,0
8,80163,1,3,1,19,6,14,14,12,8,1,0,8,2,24,5,24005,4,2001,1G8JW54R21Y5,1,G,8,J,W,5,4,R,2,1,Y,5,0,0,0,000000000,00000000000,0,0,0,1,0,0,0,0,0,0,0,80,0,0,0,62,6,2,12,0,0,0,1,8,80634,6,2,0,0,3,0,70,150,0,0,0,1,0,3,2014,3,2014,3,36,51,0,0,2,2,65,1,1,1,1,0,0,1,54,1,1,1,64,1,0
8,80163,2,3,1,19,6,14,14,12,8,1,0,8,1,35,43,35043,4,2006,3N1CB51D26L5,3,N,1,C,B,5,1,D,2,6,L,5,0,0,0,000000000,00000000000,0,0,0,1,0,0,0,0,0,0,0,65,0,0,0,63,6,2,12,0,0,0,1,8,80634,6,1,0,0,3,1,63,220,0,0,0,0,0,0,0,0,0,0,0,0,0,0,2,2,65,1,1,1,1,0,0,1,54,7,1,1,65,0,0
8,80163,3,3,1,19,6,14,14,12,8,1,0,8,3,23,481,23481,31,2004,1GTEC14X84Z2,1,G,T,E,C,1,4,X,8,4,Z,2,0,0,0,000000000,00000000000,0,0,0,1,0,0,0,0,0,0,0,45,0,0,0,12,6,2,12,0,0,0,1,8,80550,6,1,0,0,3,1,71,160,0,0,0,0,0,0,0,0,0,0,0,0,0,0,2,2,65,1,1,1,1,0,0,1,54,9,1,1,98,0,0
8,80164,1,2,3,20,6,10,35,12,6,1,0,8,2,7,24,7024,4,2010,2B3CA3CV4AH2,2,B,3,C,A,3,C,V,4,A,H,2,0,0,0,000000000,00000000000,0,0,0,1,0,0,0,0,0,0,0,55,1,0,0,12,6,2,12,0,0,1,1,8,80615,4,2,0,0,2,0,67,145,0,2,0,0,1,7,2012,11,2013,0,6,39,0,0,1,2,55,1,1,2,1,20,3,1,17,1,1,1,86,3,0
8,80164,2,2,2,20,6,10,35,12,6,1,0,8,3,98,804,98804,66,2013,5KJNALBG1DPB,5,K,J,N,A,L,B,G,1,D,P,B,1,3,57,1196860,571196860,3,6,3,1,0,0,0,0,0,0,0,65,0,0,0,3,6,2,12,0,0,0,1,8,80631,6,1,6,1,3,0,68,190,0,0,0,1,0,7,2012,7,2012,0,0,0,0,0,1,2,65,1,1,2,1,0,0,1,66,1,1,1,87,0,0
8,80165,1,2,2,20,6,11,18,12,6,1,0,8,1,20,2,20002,4,2006,2G1WB55KX692,2,G,1,W,B,5,5,K,X,6,9,2,0,0,0,000000000,00000000000,0,0,0,1,0,0,0,0,0,0,0,15,0,0,0,9,6,2,12,0,0,0,1,8,81125,6,1,0,0,3,3,66,160,0,0,0,0,0,0,0,0,0,0,6,38,0,0,1,2,55,1,1,2,1,20,3,11,15,1,1,1,82,2,0
8,80165,2,2,2,20,6,11,18,12,6,1,0,16,1,49,402,49402,14,2012,JTMBF4DV8C50,J,T,M,B,F,4,D,V,8,C,5,0,0,0,0,000000000,00000000000,0,0,0,1,0,0,0,0,0,0,0,60,0,0,0,12,6,2,12,0,0,0,1,16,83402,6,1,0,0,3,3,64,185,0,0,0,0,0,0,0,0,0,0,0,0,0,0,1,2,65,1,1,2,1,0,0,1,67,1,1,1,83,0,0
8,80166,1,1,3,20,6,23,45,8,0,1,0,19,1,22,18,22018,4,2002,1G2NF52EX2M6,1,G,2,N,F,5,2,E,X,2,M,6,0,0,0,000000000,00000000000,0,0,0,1,0,0,0,0,0,0,0,55,0,0,0,12,4,3,8,0,0,0,1,19,51246,6,1,0,0,3,0,70,140,0,1,0,1,1,7,2012,4,2014,0,0,0,0,0,1,2,55,1,1,2,1,28,3,1,80,1,1,1,13,0,0
8,80167,1,2,1,21,6,7,30,12,7,1,0,8,1,20,22,20022,2,2006,1G1AL15F1677,1,G,1,A,L,1,5,F,1,6,7,7,0,0,0,000000000,00000000000,0,0,0,1,0,0,0,0,0,0,0,85,0,0,0,1,6,2,12,0,0,0,1,8,81001,6,1,0,0,3,0,61,108,0,0,0,0,0,0,0,0,0,0,6,0,0,0,2,2,75,2,1,2,1,0,0,1,12,7,1,6,44,0,0
8,80167,2,2,3,21,6,7,30,12,7,1,0,4,1,6,43,6043,4,2006,1C3AL56R26N1,1,C,3,A,L,5,6,R,2,6,N,1,0,0,0,000000000,00000000000,0,0,0,1,0,0,0,0,0,0,0,75,0,1,6,9,6,2,1,0,0,0,1,4,85201,6,1,0,0,3,3,63,130,0,0,0,0,0,0,0,0,0,0,0,0,0,0,2,2,75,2,1,2,1,0,0,14,60,7,1,1,45,1,0
8,80168,1,1,1,22,6,11,50,1,0,1,0,8,1,72,706,72706,80,2004,1HD1BXB194Y0,1,H,D,1,B,X,B,1,9,4,Y,0,0,0,0,000000000,00000000000,0,0,0,1,0,0,0,0,0,0,0,35,0,2,5,0,6,2,1,30,0,0,1,8,80864,6,1,0,0,2,0,70,172,0,0,0,0,0,0,0,0,0,0,6,0,0,0,1,2,35,2,1,5,1,0,0,1,14,9,3,4,14,1,1
8,80169,1,1,5,22,6,21,37,42,0,1,0,8,2,37,31,37031,4,1998,1HGEJ6671WL0,1,H,G,E,J,6,6,7,1,W,L,0,0,0,0,000000000,00000000000,0,0,0,1,0,0,0,0,0,0,0,65,0,1,3,12,6,2,42,0,0,0,1,8,80219,6,2,0,0,3,0,64,120,0,0,0,1,0,6,2012,6,2012,3,8,36,0,0,2,1,25,1,1,2,1,0,0,1,12,1,1,4,6,3,1
8,80170,1,2,1,23,6,11,35,12,8,1,0,8,2,12,37,12037,4,2009,1FAHP35N29W1,1,F,A,H,P,3,5,N,2,9,W,1,0,0,0,000000000,00000000000,0,0,0,1,0,0,0,0,0,0,0,65,1,0,0,62,6,2,12,0,0,0,1,8,81212,6,1,0,0,3,3,72,165,0,0,0,0,0,0,0,0,0,0,6,28,0,0,1,2,65,2,1,2,1,0,0,1,10,1,1,2,64,1,0
8,80170,2,2,1,23,6,11,35,12,8,1,0,40,3,82,881,82881,66,2003,1FUJA6CG83LK,1,F,U,J,A,6,C,G,8,3,L,K,1,1,57,0859109,570859109,3,6,1,1,0,0,0,0,0,0,0,65,0,0,0,8,6,2,12,0,0,0,1,12,34759,6,1,6,1,3,0,71,999,0,0,0,0,0,0,0,0,0,0,0,0,0,0,1,2,65,3,1,2,1,0,0,14,62,7,1,1,65,0,0
8,80171,1,3,1,14,6,16,23,12,6,1,0,8,1,7,482,7482,31,2008,1D7HU16288J1,1,D,7,H,U,1,6,2,8,8,J,1,0,0,0,000000000,00000000000,0,0,0,1,0,0,0,0,0,0,0,80,0,0,0,5,6,2,12,0,0,0,1,8,80233,6,1,0,0,3,0,71,180,0,0,0,1,0,4,2014,4,2014,3,8,36,0,0,1,6,45,1,6,2,1,0,0,1,70,6,1,1,79,0,0
8,80171,2,3,1,14,6,16,23,12,6,1,0,8,1,7,472,7472,30,2005,1D7HW48N15S2,1,D,7,H,W,4,8,N,1,5,S,2,0,0,0,000000000,00000000000,0,0,0,1,0,0,0,0,0,0,0,15,0,0,0,12,4,3,12,0,0,0,1,8,80601,6,1,6,0,3,0,66,180,0,0,0,0,0,0,0,0,0,0,6,48,0,0,0,0,0,0,0,0,0,20,3,10,16,1,1,1,78,0,0
8,80171,3,3,1,14,6,16,23,12,6,1,0,8,2,37,402,37402,14,1997,JHLRD185XVC0,J,H,L,R,D,1,8,5,X,V,C,0,0,0,0,000000000,00000000000,0,0,0,1,0,0,0,0,0,0,0,45,0,0,0,61,6,2,12,0,0,0,1,8,80229,0,0,0,0,0,0,999,999,0,0,0,0,0,0,0,0,0,0,0,0,0,0,1,6,45,1,5,2,1,0,0,1,62,1,1,1,98,1,0
8,80172,1,1,1,18,6,8,12,24,0,1,0,8,1,72,706,72706,80,2012,1HD4CR214CC4,1,H,D,4,C,R,2,1,4,C,C,4,0,0,0,000000000,00000000000,0,0,0,1,0,0,0,0,0,0,0,65,0,0,0,82,6,2,1,0,0,0,1,8,81328,6,1,0,0,3,0,63,130,1,0,0,2,0,12,2011,1,2012,0,6,52,0,0,1,3,65,3,6,2,1,0,0,1,13,1,1,4,1,1,0
8,80173,1,1,2,18,6,22,40,11,0,1,0,8,2,2,404,2404,14,1995,1J4FJ67S1SL6,1,J,4,F,J,6,7,S,1,S,L,6,0,0,0,000000000,00000000000,0,0,0,1,0,0,0,0,0,0,0,50,0,0,0,12,6,2,42,0,0,0,1,8,81122,6,2,0,0,3,0,75,153,0,0,0,0,0,0,0,0,0,0,83,0,0,0,1,2,55,1,1,2,1,0,0,1,87,1,1,1,13,1,0
8,80174,1,1,1,17,6,11,21,32,0,1,0,8,1,12,481,12481,31,1951,44974,4,4,9,7,4,,,,,,,,0,0,0,000000000,00000000000,0,0,0,1,0,0,0,0,0,0,0,55,0,2,5,12,6,2,32,0,0,0,1,8,80033,6,1,0,0,3,0,75,180,0,0,0,0,0,0,0,0,0,0,6,0,0,0,1,2,55,1,1,2,1,0,0,1,13,1,1,4,1,1,0
8,80175,1,2,1,26,6,16,0,12,6,1,0,8,1,7,481,7481,31,1993,3B7KM23C8PM1,3,B,7,K,M,2,3,C,8,P,M,1,1,1,0,000000000,00000000000,0,0,0,1,0,0,0,0,0,0,0,50,0,0,0,82,6,2,12,0,0,0,1,8,80022,6,1,6,0,3,1,65,135,0,0,0,0,0,0,0,0,0,0,6,39,0,0,1,2,55,1,1,4,1,20,3,1,17,3,2,1,87,1,1
8,80175,2,2,1,26,6,16,0,12,6,1,0,8,3,87,881,87881,66,1980,133142,1,3,3,1,4,2,,,,,,,1,1,57,02270880,5702270880,3,6,3,1,0,0,0,0,0,0,0,65,0,0,0,12,6,2,12,0,0,0,1,8,80864,6,1,6,1,3,1,69,204,0,0,0,0,0,0,0,0,0,0,0,0,0,0,1,2,65,1,1,2,1,0,0,1,66,9,1,1,86,0,0
8,80176,1,1,1,27,6,17,0,14,0,1,0,8,2,49,32,49032,4,2010,2T1BU4EE6AC4,2,T,1,B,U,4,E,E,6,A,C,4,0,0,0,000000000,00000000000,0,0,0,1,0,0,0,0,0,0,0,999,0,0,0,12,6,2,14,0,0,0,1,8,80221,6,1,0,0,3,0,67,170,0,0,0,0,0,0,0,0,0,0,6,0,0,0,1,2,25,1,1,2,1,0,0,1,8,1,1,4,11,1,0
8,80177,1,3,2,28,6,11,19,12,6,1,0,8,1,37,32,37032,4,1997,1HGCD563XVA0,1,H,G,C,D,5,6,3,X,V,A,0,0,0,0,000000000,00000000000,0,0,0,1,0,0,0,0,0,0,0,20,0,0,0,83,6,2,12,0,0,0,1,8,80210,6,1,0,0,3,0,66,180,0,0,0,0,0,0,0,0,0,0,6,38,0,0,2,3,35,1,1,2,1,2,3,11,15,1,1,1,68,1,0
8,80177,2,3,1,28,6,11,19,12,6,1,0,6,1,34,35,34035,4,1997,WBADD632XVBW,W,B,A,D,D,6,3,2,X,V,B,W,0,0,0,000000000,00000000000,0,0,0,1,0,0,0,0,0,0,0,35,0,0,0,12,6,2,12,0,0,0,1,8,80231,6,1,0,0,3,0,66,244,0,0,0,0,1,12,2011,12,2011,0,0,0,0,0,2,4,35,1,1,2,1,2,3,1,62,3,2,1,69,0,0
8,80177,3,3,1,28,6,11,19,12,6,1,0,8,1,12,481,12481,31,2013,1FTFW1EFXDKE,1,F,T,F,W,1,E,F,X,D,K,E,0,0,0,000000000,00000000000,0,0,0,1,0,0,0,0,0,0,0,0,0,0,0,12,2,5,12,0,0,0,1,8,80231,6,1,0,0,3,3,67,150,0,0,0,1,0,10,2013,10,2013,0,0,0,0,0,1,2,25,1,1,2,1,2,3,5,62,1,1,1,98,0,0
8,80178,1,1,2,29,6,0,12,1,0,1,0,8,1,12,401,12401,14,1999,1FMZU32P3XZA,1,F,M,Z,U,3,2,P,3,X,Z,A,0,0,0,000000000,00000000000,0,0,0,1,0,0,0,0,0,0,0,70,0,2,4,0,6,2,1,0,0,0,1,8,80516,0,0,0,0,0,0,66,175,0,0,0,1,2,9,2013,5,2014,0,6,91,0,0,3,2,65,2,1,2,1,0,0,14,9,9,3,4,2,1,0
8,80179,1,3,1,30,6,16,15,12,2,1,0,8,1,6,42,6042,4,1996,2C3HC56F3TH1,2,C,3,H,C,5,6,F,3,T,H,1,0,0,0,000000000,00000000000,0,0,0,1,0,0,0,0,0,0,0,65,0,0,0,12,6,2,12,0,0,0,1,8,80864,6,2,0,0,3,3,67,138,0,0,0,0,0,0,0,0,0,0,6,0,0,0,1,2,65,1,6,2,1,0,0,1,10,1,1,2,50,1,0
8,80179,2,3,1,30,6,16,15,12,2,1,0,48,2,7,24,7024,4,2008,2B3KA43R08H3,2,B,3,K,A,4,3,R,0,8,H,3,0,0,0,000000000,00000000000,0,0,0,1,0,0,0,0,0,0,0,65,0,0,0,12,6,2,12,0,0,0,1,8,80923,6,1,3,0,3,0,74,212,0,0,0,1,0,7,2011,7,2011,0,0,0,0,0,1,2,65,1,5,2,1,0,0,1,62,3,2,1,51,0,0
8,80179,3,3,1,30,6,16,15,12,2,1,0,8,3,23,421,23421,15,2003,1GKFK16Z33R1,1,G,K,F,K,1,6,Z,3,3,R,1,0,0,0,000000000,00000000000,0,0,0,1,0,0,0,0,0,0,0,65,0,0,0,12,6,2,12,0,0,0,1,8,80863,6,1,0,0,3,0,69,165,0,0,0,0,0,0,0,0,0,0,0,0,0,0,1,2,65,1,5,2,1,0,0,1,62,8,1,1,98,0,0
8,80180,1,1,1,29,6,19,49,9,0,1,0,18,2,35,39,35039,4,1995,JN1CA21D4ST0,J,N,1,C,A,2,1,D,4,S,T,0,0,0,0,000000000,00000000000,0,0,0,1,0,0,0,0,0,0,0,20,0,0,0,10,2,5,9,0,0,0,1,8,80631,6,7,0,0,3,2,61,145,1,0,0,0,1,10,2013,10,2013,0,73,0,0,0,2,3,35,1,1,2,1,2,3,1,83,3,1,1,13,0,0
8,80181,1,1,1,22,6,15,59,1,0,1,0,8,1,98,706,98706,80,2014,01C350024,0,1,C,3,5,0,0,2,4,,,,0,0,0,000000000,00000000000,0,0,0,1,0,0,0,0,0,0,0,65,0,0,0,0,4,3,1,35,0,0,1,8,80219,6,1,6,0,3,0,67,165,0,0,0,0,4,1,2014,3,2014,0,79,0,0,0,3,3,65,1,6,2,1,0,0,1,8,3,2,1,98,1,0
8,80182,1,1,3,29,6,0,0,23,0,1,0,8,2,12,3,12003,2,2004,1FAFP40424F1,1,F,A,F,P,4,0,4,2,4,F,1,0,0,0,000000000,00000000000,0,0,0,1,0,0,0,0,0,0,0,75,0,2,3,61,6,2,1,0,0,0,1,19,51534,6,1,0,0,3,3,74,999,0,0,0,0,0,0,0,0,0,0,6,0,0,0,3,2,75,1,1,2,1,0,0,1,12,7,4,4,7,1,0
8,80183,1,1,4,28,6,12,38,1,0,1,0,8,1,12,481,12481,31,1999,1FTNX21F5XED,1,F,T,N,X,2,1,F,5,X,E,D,1,2,0,000000000,00000000000,0,0,0,1,0,0,0,0,0,0,0,65,0,1,1,0,6,2,1,0,0,0,1,8,80831,6,1,0,0,3,0,72,180,0,0,0,1,0,7,2012,7,2012,0,77,88,0,0,2,2,75,1,1,2,1,0,0,1,8,7,3,2,98,1,0
8,80184,1,1,4,19,6,15,1,33,0,1,0,8,1,30,442,30442,20,2002,WV2MB47002H0,W,V,2,M,B,4,7,0,0,2,H,0,0,0,0,000000000,00000000000,0,0,0,1,0,0,0,0,0,0,0,50,0,0,0,12,6,2,42,0,0,0,1,8,80526,6,1,0,0,3,1,70,180,0,0,0,1,1,5,2012,10,2013,3,36,0,0,0,1,2,30,3,1,2,1,0,0,1,13,1,1,4,1,2,0
8,80185,1,1,1,9,6,21,25,9,0,1,0,8,1,20,401,20401,14,2002,1GNDT13S3222,1,G,N,D,T,1,3,S,3,2,2,2,0,0,0,000000000,00000000000,0,0,0,1,0,0,0,0,0,0,0,35,0,0,0,12,4,3,9,0,0,0,1,8,80917,6,1,0,0,3,0,66,150,0,0,0,0,1,2,2014,2,2014,0,0,0,0,0,1,4,35,1,1,2,1,0,0,1,83,2,1,1,13,0,0
8,80186,1,2,1,24,6,16,51,1,0,1,0,8,1,2,403,2403,14,2012,1C4BJWDG7CL2,1,C,4,B,J,W,D,G,7,C,L,2,0,0,0,000000000,00000000000,0,0,0,1,0,0,0,0,0,0,0,998,0,0,0,3,4,5,12,0,0,0,1,8,80904,6,1,0,0,3,3,67,194,0,0,0,1,1,11,2011,2,2012,0,6,38,0,0,2,5,45,1,6,2,2,2,3,11,15,1,1,1,98,0,0
8,80186,2,2,1,24,6,16,51,1,0,1,0,8,1,37,703,37703,80,2008,JH2MC24198K5,J,H,2,M,C,2,4,1,9,8,K,5,0,0,0,000000000,00000000000,0,0,0,1,0,0,0,0,0,0,0,998,0,0,0,0,8,8,12,0,0,0,1,8,80920,6,1,0,0,3,0,70,160,0,0,0,0,0,0,0,0,0,0,0,0,0,0,2,5,45,1,5,2,2,2,3,1,62,98,2,1,98,1,0
8,80187,1,1,1,27,6,21,44,8,0,1,0,8,2,48,34,48034,4,2013,4S3BMCC62D30,4,S,3,B,M,C,C,6,2,D,3,0,0,0,0,000000000,00000000000,0,0,0,1,0,0,0,0,0,0,0,45,0,0,0,12,6,2,8,0,0,0,1,8,80228,6,2,0,0,3,0,70,130,0,0,0,0,2,11,2011,11,2012,0,0,0,0,0,3,2,45,1,5,2,1,0,0,1,80,7,1,1,13,0,0
8,80188,1,1,1,7,6,12,33,1,0,1,0,8,1,53,706,53706,80,2007,JS1VY53A1721,J,S,1,V,Y,5,3,A,1,7,2,1,0,0,0,000000000,00000000000,0,0,0,1,0,0,0,0,0,0,0,20,0,0,0,0,4,8,1,0,0,0,1,8,80202,6,1,0,0,3,0,77,300,0,1,0,1,0,1,2012,3,2012,0,0,0,0,0,1,2,40,1,1,2,1,2,3,2,9,3,2,1,98,1,0
8,80189,1,1,1,26,6,17,54,33,0,1,0,8,1,72,706,72706,80,2004,1HD1CGP164K4,1,H,D,1,C,G,P,1,6,4,K,4,0,0,0,000000000,00000000000,0,0,0,1,0,0,0,0,0,0,0,55,0,0,0,12,2,3,33,0,0,0,1,8,80922,6,1,0,0,3,0,68,200,0,0,0,0,0,0,0,0,0,0,6,0,0,0,2,3,55,1,1,2,1,0,0,1,12,1,1,4,6,1,0
8,80190,1,1,1,28,6,11,7,23,0,1,0,8,1,72,706,72706,80,1981,1HD1BCK1XBY0,1,H,D,1,B,C,K,1,X,B,Y,0,0,0,0,000000000,00000000000,0,0,0,1,0,0,0,0,0,0,0,56,0,0,0,2,6,2,35,0,0,0,1,8,81226,6,1,0,0,3,0,66,135,0,0,0,0,0,0,0,0,0,3,8,36,51,0,1,2,30,3,5,2,1,0,0,1,9,1,5,4,2,1,1
8,80191,1,2,1,28,6,17,46,12,6,1,0,8,1,6,43,6043,1,2003,1C3EL55T33N5,1,C,3,E,L,5,5,T,3,3,N,5,0,0,0,000000000,00000000000,0,0,0,1,0,0,0,0,0,0,0,998,0,0,0,63,6,2,12,0,0,0,1,8,80537,6,1,0,0,3,0,65,220,0,0,0,0,0,0,0,0,0,0,6,39,0,0,1,4,35,1,1,2,1,2,3,2,17,2,1,1,89,1,0
8,80191,2,2,1,28,6,17,46,12,6,1,0,8,1,2,404,2404,14,1999,1J4GW58S0XC6,1,J,4,G,W,5,8,S,0,X,C,6,0,0,0,000000000,00000000000,0,0,0,1,0,0,0,0,0,0,0,998,0,0,0,12,6,2,12,0,0,0,1,8,80537,6,2,0,0,3,0,64,110,0,0,0,2,0,4,2012,7,2013,0,0,0,0,0,2,4,35,1,1,2,1,2,3,1,66,7,1,1,88,0,0
8,80192,1,3,4,2,5,20,45,12,6,1,1,8,1,21,22,21022,4,1997,1G3GR62C5V41,1,G,3,G,R,6,2,C,5,V,4,1,0,0,0,000000000,00000000000,0,0,0,1,0,0,0,0,0,0,0,60,0,0,0,12,6,2,12,0,0,0,1,8,80401,4,7,0,0,2,0,68,130,0,2,0,0,0,9,2013,12,2013,3,8,36,39,91,2,3,40,1,3,2,1,2,3,1,17,1,1,1,88,0,1
8,80192,2,3,1,2,5,20,45,12,6,1,0,8,1,21,2,21002,4,1991,1G3HN54C4MH3,1,G,3,H,N,5,4,C,4,M,H,3,0,0,0,000000000,00000000000,0,0,0,1,0,0,0,0,0,0,0,15,0,0,0,62,6,2,12,0,0,0,1,8,80033,6,2,0,0,3,0,72,140,0,0,0,0,0,0,0,0,0,0,0,0,0,0,1,3,30,1,1,2,1,2,3,1,65,99,1,1,89,1,0
8,80192,3,3,1,2,5,20,45,12,6,1,0,8,1,59,31,59031,4,2005,JTHBA30G5550,J,T,H,B,A,3,0,G,5,5,5,0,0,0,0,000000000,00000000000,0,0,0,1,0,0,0,0,0,0,0,0,0,0,0,62,6,2,12,0,0,0,1,8,80138,6,1,0,0,3,0,69,181,0,0,0,0,0,0,0,0,0,0,0,0,0,0,2,3,40,1,1,2,1,2,3,5,66,1,1,1,98,0,0
8,80193,1,1,1,3,7,11,13,1,0,1,0,8,1,12,471,12471,30,2007,1FTZR15E07PA,1,F,T,Z,R,1,5,E,0,7,P,A,0,0,0,000000000,00000000000,0,0,0,1,0,0,0,0,0,0,0,65,0,2,3,0,6,2,1,0,0,0,1,8,81007,6,1,0,0,3,0,69,185,0,0,0,0,0,0,0,0,0,0,6,58,0,0,2,2,65,1,1,2,1,0,0,1,12,7,3,4,7,1,0
8,80194,1,2,2,3,7,13,4,59,0,1,0,8,2,18,20,18020,4,2002,2G4WB55K5212,2,G,4,W,B,5,5,K,5,2,1,2,0,0,0,000000000,00000000000,0,0,0,1,0,0,0,0,0,0,0,90,0,1,6,7,6,2,1,0,0,0,1,8,81052,6,2,0,0,3,0,63,125,0,0,0,0,0,0,0,0,0,2,36,52,58,0,2,2,50,3,5,2,1,40,3,14,6,7,3,4,2,2,1