STATE,ST_CASE,VEH_NO,VE_FORMS,NUMOCCS,DAY,MONTH,HOUR,MINUTE,HARM_EV,MAN_COLL,UNITTYPE,HIT_RUN,REG_STAT,OWNER,MAKE,MODEL,MAK_MOD,BODY_TYP,MOD_YEAR,VIN,VIN_1,VIN_2,VIN_3,VIN_4,VIN_5,VIN_6,VIN_7,VIN_8,VIN_9,VIN_10,VIN_11,VIN_12,TOW_VEH,J_KNIFE,MCARR_I1,MCARR_I2,MCARR_ID,GVWR,V_CONFIG,CARGO_BT,HAZ_INV,HAZ_PLAC,HAZ_ID,HAZ_CNO,HAZ_REL,BUS_USE,SPEC_USE,EMER_USE,TRAV_SP,UNDERIDE,ROLLOVER,ROLINLOC,IMPACT1,DEFORMED,TOWED,M_HARM,VEH_SC1,VEH_SC2,FIRE_EXP,DR_PRES,L_STATE,DR_ZIP,L_STATUS,L_TYPE,CDL_STAT,L_ENDORS,L_COMPL,L_RESTRI,DR_HGT,DR_WGT,PREV_ACC,PREV_SUS,PREV_DWI,PREV_SPD,PREV_OTH,FIRST_MO,FIRST_YR,LAST_MO,LAST_YR,SPEEDREL,DR_SF1,DR_SF2,DR_SF3,DR_SF4,VTRAFWAY,VNUM_LAN,VSPD_LIM,VALIGN,VPROFILE,VPAVETYP,VSURCOND,VTRAFCON,VTCONT_F,P_CRASH1,P_CRASH2,P_CRASH3,PCRASH4,PCRASH5,ACC_TYPE,DEATHS,DR_DRINK
8,80194,2,2,2,3,7,13,4,59,0,1,0,8,1,52,46,52046,4,2003,JA3AJ86E53U0,J,A,3,A,J,8,6,E,5,3,U,0,0,0,0,000000000,00000000000,0,0,0,1,0,0,0,0,0,0,0,90,0,0,0,10,2,5,43,0,0,0,1,8,81052,6,7,0,0,3,2,65,120,0,0,0,0,0,0,0,0,0,2,36,73,91,0,2,2,50,3,5,2,1,40,3,14,6,3,2,4,98,0,0
8,80195,1,2,1,5,7,0,0,12,2,1,0,8,2,49,32,49032,4,1990,1NXAE94A0LZ0,1,N,X,A,E,9,4,A,0,L,Z,0,0,0,0,000000000,00000000000,0,0,0,1,0,0,0,0,0,0,0,35,0,0,0,12,6,2,12,0,0,0,1,8,81621,0,0,0,0,0,0,999,999,0,1,1,0,0,3,2013,4,2013,0,6,51,0,0,2,2,65,1,1,2,1,28,3,1,54,1,1,1,52,1,1
8,80195,2,2,1,5,7,0,0,12,2,1,0,8,1,49,401,49401,14,2008,JTEBU14R98K0,J,T,E,B,U,1,4,R,9,8,K,0,0,0,0,000000000,00000000000,0,0,0,1,0,0,0,0,0,0,0,65,0,0,0,12,6,2,12,0,0,0,1,8,81623,6,1,0,0,3,0,69,145,0,0,0,2,0,4,2014,4,2014,0,0,0,0,0,2,2,65,1,1,2,1,28,3,1,54,1,1,1,52,0,0
8,80196,1,1,4,5,7,1,40,59,0,1,0,8,1,20,25,20025,4,2011,1G1PC5SH8B71,1,G,1,P,C,5,S,H,8,B,7,1,0,0,0,000000000,00000000000,0,0,0,1,0,0,0,0,0,0,0,45,0,2,5,2,6,2,1,0,0,0,1,8,80906,6,1,0,0,3,0,69,165,0,0,0,0,0,0,0,0,0,0,6,0,0,0,1,2,40,3,6,2,1,0,0,1,13,8,1,4,1,3,1
8,80197,1,2,1,5,7,9,45,12,2,1,0,8,2,6,51,6051,4,2000,2C3HE66G5YH2,2,C,3,H,E,6,6,G,5,Y,H,2,0,0,0,000000000,00000000000,0,0,0,1,0,0,0,0,0,0,0,65,0,0,0,12,6,2,12,0,0,0,1,12,34761,0,0,0,0,0,0,60,125,1,5,0,0,0,3,2012,10,2012,0,6,0,0,0,1,2,65,1,1,2,1,0,0,1,10,7,1,1,52,0,0
8,80197,2,2,4,5,7,9,45,12,2,1,0,48,3,12,481,12481,31,2012,1FTFW1EF4CFC,1,F,T,F,W,1,E,F,4,C,F,C,0,0,0,000000000,00000000000,0,0,0,1,0,0,0,0,0,0,0,65,0,1,6,12,6,2,12,0,0,0,1,8,81082,0,0,0,0,0,0,48,79,0,0,0,0,0,0,0,0,0,0,0,0,0,0,1,2,65,1,1,2,1,0,0,1,62,6,1,2,52,1,0
8,80199,1,3,2,8,7,11,50,12,1,1,0,39,3,85,881,85881,63,2012,1NKDX4EX6CJ3,1,N,K,D,X,4,E,X,6,C,J,3,0,0,57,1996860,571996860,3,2,2,1,0,0,0,0,0,0,0,65,0,0,0,12,2,5,12,0,0,0,1,8,80631,6,1,6,1,3,0,65,140,0,0,0,0,1,6,2012,6,2012,0,6,0,0,0,1,2,65,1,1,2,1,0,0,2,52,2,1,1,28,0,0
8,80199,2,3,3,8,7,11,50,12,1,1,0,8,2,37,31,37031,2,2000,1HGEJ6124YL1,1,H,G,E,J,6,1,2,4,Y,L,1,0,0,0,000000000,00000000000,0,0,0,1,0,0,0,0,0,0,0,10,0,0,0,6,6,2,12,0,0,0,1,8,80631,0,0,0,0,0,0,999,999,0,0,0,0,0,0,0,0,0,0,0,0,0,0,1,2,65,1,1,2,1,0,0,2,53,1,1,1,30,1,0
8,80199,3,3,2,8,7,11,50,12,1,1,0,8,1,18,404,18404,14,2014,KL4CJCSB2EB5,K,L,4,C,J,C,S,B,2,E,B,5,0,0,0,000000000,00000000000,0,0,0,1,0,0,0,0,0,0,0,65,0,0,0,13,2,5,54,0,0,0,1,8,80624,6,1,0,0,3,3,67,201,0,0,0,0,0,0,0,0,0,0,0,0,0,0,1,2,65,1,1,2,1,0,0,1,91,1,1,1,98,0,0
8,80200,1,1,1,10,7,18,2,31,0,1,0,8,1,42,42,42042,4,2007,WDBRF92H67F8,W,D,B,R,F,9,2,H,6,7,F,8,0,0,0,000000000,00000000000,0,0,0,1,0,0,0,0,0,0,0,85,0,2,5,12,6,2,1,0,0,0,1,8,81253,6,1,0,0,3,0,68,130,0,0,0,1,0,4,2012,4,2012,3,36,0,0,0,1,2,65,3,6,2,1,0,0,1,13,6,1,4,1,1,1
8,80201,1,1,1,11,7,1,50,8,0,1,0,8,1,12,471,12471,30,2003,1FTZR45E03PB,1,F,T,Z,R,4,5,E,0,3,P,B,0,0,0,000000000,00000000000,0,0,0,1,0,0,0,0,0,0,0,45,0,0,0,12,6,2,8,0,0,0,1,8,81623,6,1,0,0,3,0,64,195,0,0,0,0,0,0,0,0,0,0,0,0,0,0,2,3,55,1,1,2,1,0,0,1,80,1,1,1,13,0,0
8,80202,1,2,1,11,7,12,15,12,6,1,0,8,1,2,404,2404,14,2000,1J4GW48S6YC3,1,J,4,G,W,4,8,S,6,Y,C,3,0,0,0,000000000,00000000000,0,0,0,1,0,0,0,0,0,0,0,55,0,0,0,83,6,2,12,0,0,0,1,8,80123,6,1,0,0,3,1,68,192,0,0,0,0,0,0,0,0,0,0,6,0,0,0,1,2,55,1,1,2,1,0,0,1,13,6,4,6,66,1,0
8,80202,2,2,1,11,7,12,15,12,6,1,0,35,1,20,402,20402,14,1999,2CNBE1869X69,2,C,N,B,E,1,8,6,9,X,6,9,0,0,0,000000000,00000000000,0,0,0,1,0,0,0,0,0,0,0,55,0,0,0,12,6,2,12,0,0,0,1,35,87701,6,1,0,0,3,1,65,145,98,0,0,0,0,0,0,0,0,0,0,0,0,0,1,2,55,1,1,2,1,0,0,1,62,1,1,1,66,0,0
8,80203,1,1,1,14,7,2,30,24,0,1,0,48,2,49,401,49401,14,2005,JTEZU14R8500,J,T,E,Z,U,1,4,R,8,5,0,0,0,0,0,000000000,00000000000,0,0,0,1,0,0,0,0,0,0,0,70,0,2,5,81,6,2,1,0,0,0,1,8,79510,2,1,0,0,2,0,62,125,0,0,0,0,0,0,0,0,0,0,6,0,0,0,1,2,65,1,6,1,1,0,0,1,13,6,1,4,1,1,0
8,80204,1,1,2,11,7,19,0,59,0,1,0,8,2,12,481,12481,31,2001,1FTNW21F61ED,1,F,T,N,W,2,1,F,6,1,E,D,0,0,0,000000000,00000000000,0,0,0,1,0,0,0,0,0,0,0,75,0,1,5,12,6,2,1,0,0,0,1,8,81601,6,1,0,0,3,0,70,170,0,0,0,0,0,0,0,0,0,3,36,0,0,0,1,2,55,3,1,2,1,40,3,14,13,1,1,4,1,1,1
8,80205,1,1,1,12,7,7,0,26,0,1,0,8,1,72,706,72706,80,2004,1HD1BVB174Y0,1,H,D,1,B,V,B,1,7,4,Y,0,0,0,0,000000000,00000000000,0,0,0,1,0,0,0,0,0,0,0,55,0,0,0,12,6,2,1,0,0,0,1,8,80542,6,1,0,0,2,0,72,180,0,0,0,0,1,9,2011,9,2011,0,6,39,0,0,1,2,55,1,1,2,1,40,3,1,14,3,2,4,14,1,1
8,80206,1,1,1,13,7,12,50,1,0,1,0,8,1,72,706,72706,80,2012,1HD1KBM17CB6,1,H,D,1,K,B,M,1,7,C,B,6,0,0,0,000000000,00000000000,0,0,0,1,0,0,0,0,0,0,0,45,0,0,0,0,6,2,1,0,0,0,1,8,80620,6,1,0,0,3,0,67,175,0,0,0,0,0,0,0,0,0,0,6,0,0,0,1,2,45,3,1,2,1,40,3,1,13,1,1,4,1,1,1
8,80207,1,1,1,15,7,20,15,59,0,1,0,4,1,53,705,53705,80,1999,JS1SP46A1X21,J,S,1,S,P,4,6,A,1,X,2,1,0,0,0,000000000,00000000000,0,0,0,1,0,0,0,0,0,0,0,60,0,0,0,1,6,2,35,0,0,0,1,4,85367,6,1,1,0,3,3,76,210,0,1,0,0,0,7,2014,7,2014,3,36,53,0,0,1,2,25,3,5,2,1,28,3,1,6,3,2,4,1,1,1
8,80208,1,2,1,16,7,11,50,12,6,1,0,8,3,98,809,98809,66,2006,2FWJAZCV56AU,2,F,W,J,A,Z,C,V,5,6,A,U,1,1,57,2021919,572021919,3,6,4,1,0,0,0,0,0,0,0,998,0,0,0,12,6,2,12,0,0,0,1,8,80501,6,1,6,1,3,0,72,315,0,0,0,2,1,11,2011,3,2013,0,6,39,0,0,1,2,55,1,1,2,1,20,3,1,17,3,2,1,86,0,0
8,80208,2,2,1,16,7,11,50,12,6,1,0,8,3,86,881,86881,63,2007,1M2K195C17M0,1,M,2,K,1,9,5,C,1,7,M,0,0,0,57,388132,57388132,3,2,2,1,0,0,0,0,0,0,0,998,0,1,5,82,6,2,1,0,0,0,1,8,80538,6,1,6,1,3,0,66,245,0,0,0,0,0,0,0,0,0,0,0,0,0,0,1,2,55,1,1,2,1,0,0,1,66,1,1,1,87,1,0
8,80209,1,3,2,16,7,14,10,12,6,1,0,8,3,12,481,12481,31,2006,1FTNF215X6EB,1,F,T,N,F,2,1,5,X,6,E,B,0,0,0,000000000,00000000000,0,0,0,1,0,0,0,0,0,0,0,10,0,0,0,62,6,2,12,0,0,0,1,8,80005,6,1,0,0,3,0,76,250,1,1,1,1,4,1,2012,6,2014,0,6,38,0,0,1,2,45,1,1,2,2,20,3,4,17,2,1,1,89,1,0
8,80209,2,3,1,16,7,14,10,12,6,1,0,27,3,85,881,85881,66,2011,1XKAD49X2BJ2,1,X,K,A,D,4,9,X,2,B,J,2,1,1,57,00124590,5700124590,3,6,11,1,0,0,0,0,0,0,0,60,0,0,0,12,6,2,12,0,0,0,1,55,54017,6,1,6,1,3,3,71,200,0,0,0,0,0,0,0,0,0,0,0,0,0,0,1,2,65,1,1,2,2,0,0,1,66,2,1,1,88,0,0
8,80209,3,3,1,16,7,14,10,12,6,1,0,8,3,12,481,12481,31,2013,1FT7W2B65DEA,1,F,T,7,W,2,B,6,5,D,E,A,0,0,0,000000000,00000000000,0,0,0,1,0,0,0,0,0,0,0,5,0,0,0,12,6,2,12,0,0,0,1,8,80642,6,1,6,0,3,1,70,206,0,0,0,0,0,0,0,0,0,0,0,0,0,0,1,2,65,1,1,2,2,0,0,2,54,3,2,1,98,0,0
8,80210,1,1,2,16,7,14,37,1,0,1,0,8,2,20,422,20422,15,2004,1GNFK16Z34J1,1,G,N,F,K,1,6,Z,3,4,J,1,0,0,0,000000000,00000000000,0,0,0,1,0,0,0,0,0,0,0,85,0,2,5,0,6,2,1,0,0,0,1,8,81003,3,2,0,0,2,0,66,130,0,0,0,0,0,0,0,0,0,0,8,36,0,0,2,2,75,1,1,2,2,0,0,6,6,7,3,4,2,1,0
8,80211,1,2,1,17,7,11,0,12,6,1,0,8,1,23,481,23481,31,2008,1GTEK19JX8E1,1,G,T,E,K,1,9,J,X,8,E,1,0,0,0,000000000,00000000000,0,0,0,1,0,0,0,0,0,0,0,50,0,1,6,12,6,2,12,0,0,0,1,8,80759,6,1,0,0,3,3,72,215,0,0,0,0,0,0,0,0,0,0,6,38,0,0,1,2,55,1,1,5,1,0,0,1,17,3,2,1,88,1,0
8,80211,2,2,1,17,7,11,0,12,6,1,0,8,3,20,481,20481,31,2012,1GC1KXC82CF1,1,G,C,1,K,X,C,8,2,C,F,1,0,0,0,000000000,00000000000,0,0,0,1,0,0,0,0,0,0,0,55,0,1,6,62,6,2,12,0,0,0,1,8,80751,6,1,0,0,3,0,71,185,0,0,0,0,0,0,0,0,0,0,0,0,0,0,1,2,55,1,1,5,1,0,0,1,66,1,1,1,89,0,0
8,80212,1,1,1,18,7,1,25,45,0,1,0,8,1,12,481,12481,31,2007,1FTPX14V37KC,1,F,T,P,X,1,4,V,3,7,K,C,0,0,0,000000000,00000000000,0,0,0,1,0,0,0,0,0,0,0,55,0,1,1,12,6,2,1,0,0,0,1,8,80921,6,1,0,0,3,0,72,170,0,0,0,0,0,0,0,0,0,0,6,0,0,0,3,4,55,3,1,2,1,40,3,14,50,1,1,2,15,1,1
8,80213,1,1,1,12,7,10,9,59,0,1,0,8,2,20,421,20421,15,2007,1GNFK13047J3,1,G,N,F,K,1,3,0,4,7,J,3,0,0,0,000000000,00000000000,0,0,0,1,0,0,0,0,0,0,0,999,0,0,0,12,6,2,8,0,0,0,1,8,80233,1,1,0,0,2,0,69,145,1,5,0,1,2,11,2012,2,2014,9,6,0,0,0,1,8,45,1,1,2,1,0,0,1,12,1,1,4,6,0,1
8,80214,1,1,1,18,7,12,49,31,0,1,0,8,1,72,706,72706,80,2006,1HD1FSW156Y6,1,H,D,1,F,S,W,1,5,6,Y,6,0,0,0,000000000,00000000000,0,0,0,1,0,0,0,0,0,0,0,80,0,0,0,4,6,2,1,0,0,0,1,8,80642,6,1,0,0,3,0,74,220,0,0,0,0,0,0,0,0,0,0,6,0,0,0,3,2,75,2,1,2,1,0,0,1,12,1,1,4,6,1,0
8,80215,1,1,1,19,7,5,40,1,0,1,0,8,1,20,481,20481,31,1993,2GCEK19K8P11,2,G,C,E,K,1,9,K,8,P,1,1,0,0,0,000000000,00000000000,0,0,0,1,0,0,0,0,0,0,0,45,0,2,6,0,6,2,1,0,0,0,1,8,80118,6,1,0,0,3,0,68,155,0,0,0,0,0,0,0,0,0,0,6,0,0,0,1,2,45,1,6,2,1,0,0,1,13,6,4,4,7,1,1
8,80216,1,2,1,19,7,16,0,12,1,1,0,8,1,72,706,72706,80,2012,1HD1BWV12CB0,1,H,D,1,B,W,V,1,2,C,B,0,0,0,0,000000000,00000000000,0,0,0,1,0,0,0,0,0,0,0,65,0,0,0,12,6,2,12,0,0,0,1,8,80421,2,8,0,0,2,0,72,200,0,2,1,0,0,5,2012,5,2013,0,6,26,0,0,1,2,65,1,1,2,1,0,0,1,52,7,1,1,24,1,0
8,80216,2,2,2,19,7,16,0,12,1,1,0,20,4,6,18,6018,4,2013,1C3CCBAB6DN6,1,C,3,C,C,B,A,B,6,D,N,6,0,0,0,000000000,00000000000,0,0,0,1,0,0,0,0,0,0,0,25,0,0,0,6,6,2,12,0,0,0,1,48,78028,6,1,0,0,3,1,999,999,0,0,0,0,0,0,0,0,0,0,0,0,0,0,1,2,65,1,1,2,1,0,0,2,53,1,1,1,26,0,0
8,80217,1,1,1,29,7,8,6,24,0,1,0,8,2,72,706,72706,80,2002,1HD1GDV152Y3,1,H,D,1,G,D,V,1,5,2,Y,3,0,0,0,000000000,00000000000,0,0,0,1,0,0,0,0,0,0,0,45,0,0,0,62,6,2,24,0,0,0,1,8,80214,1,1,0,0,2,0,71,185,0,7,1,0,0,11,2011,6,2014,0,6,8,0,0,6,1,45,2,6,2,1,40,3,14,12,1,1,4,6,1,0
8,80218,1,1,3,20,7,13,0,1,0,1,0,56,2,49,401,49401,14,1999,JT3HN87R3X90,J,T,3,H,N,8,7,R,3,X,9,0,0,0,0,000000000,00000000000,0,0,0,1,0,0,0,0,0,0,0,55,0,2,5,0,6,2,1,0,0,0,1,56,82054,0,0,0,0,0,0,999,999,0,0,0,0,0,0,0,0,0,0,6,58,0,0,1,2,55,1,1,5,1,0,0,1,12,7,3,4,2,1,1
8,80219,1,1,1,21,7,20,45,9,0,1,0,8,1,23,421,23421,15,2005,1GKEK63U35J2,1,G,K,E,K,6,3,U,3,5,J,2,0,0,0,000000000,00000000000,0,0,0,1,0,0,0,0,0,0,0,20,0,0,0,12,4,5,9,0,0,0,1,8,80127,6,1,0,0,3,3,70,180,0,0,0,0,0,0,0,0,0,0,0,0,0,0,1,3,35,1,5,2,1,40,3,11,83,1,1,1,13,0,0
8,80220,1,2,1,21,7,18,23,12,6,1,0,8,2,20,37,20037,4,2007,1G1ZT58F87F1,1,G,1,Z,T,5,8,F,8,7,F,1,0,0,0,000000000,00000000000,0,0,0,1,0,0,0,0,0,0,0,5,0,0,0,3,6,2,12,0,0,0,1,8,80239,6,1,0,0,3,1,69,220,0,0,0,0,0,0,0,0,0,0,6,38,0,0,2,4,40,1,1,2,1,1,3,11,17,1,1,1,68,0,0
8,80220,2,2,1,21,7,18,23,12,6,1,0,8,1,77,706,77706,80,1999,5VPCB15D2X30,5,V,P,C,B,1,5,D,2,X,3,0,0,0,0,000000000,00000000000,0,0,0,1,0,0,0,0,0,0,0,40,0,0,0,12,6,2,12,0,0,0,1,4,85138,6,1,0,0,3,0,74,185,0,0,0,1,0,1,2013,1,2013,0,0,0,0,0,2,4,40,1,1,2,1,1,3,1,62,99,1,1,69,1,0
8,80221,1,2,1,22,7,17,30,12,6,1,0,0,0,73,733,73733,90,1991,JKALF8C17MB5,J,K,A,L,F,8,C,1,7,M,B,5,0,0,0,000000000,00000000000,0,0,0,1,0,0,0,0,0,0,0,15,0,0,0,62,6,2,12,0,0,0,1,8,81152,6,7,0,0,1,0,64,143,0,0,0,0,0,0,0,0,0,0,6,38,52,0,0,0,0,0,0,0,0,0,0,11,15,1,1,1,82,1,0
8,80221,2,2,2,22,7,17,30,12,6,1,0,8,1,7,482,7482,31,2004,3D7LU38C24G1,3,D,7,L,U,3,8,C,2,4,G,1,1,3,0,000000000,00000000000,0,0,0,1,0,0,0,0,0,0,0,45,0,0,0,12,6,2,12,0,0,0,1,8,81101,6,1,0,0,3,3,70,175,0,0,0,0,0,0,0,0,0,0,0,0,0,0,1,2,45,1,1,2,1,0,0,1,72,8,1,2,83,0,0
8,80222,1,1,2,6,7,2,7,8,0,1,0,8,2,48,401,48401,14,2009,JF2SH646X9H7,J,F,2,S,H,6,4,6,X,9,H,7,0,0,0,000000000,00000000000,0,0,0,1,0,0,0,0,0,0,0,65,0,0,0,12,4,3,8,0,0,0,1,8,81601,6,1,0,0,3,0,72,195,0,0,0,0,0,0,0,0,0,0,0,0,0,0,2,2,65,1,6,2,1,0,0,1,80,3,2,1,13,0,0
8,80223,1,3,1,17,7,16,7,12,2,1,0,8,1,37,32,37032,4,1984,JHMAD7433EC1,J,H,M,A,D,7,4,3,3,E,C,1,0,0,0,000000000,00000000000,0,0,0,1,0,0,0,0,0,0,0,35,0,0,0,12,6,2,12,0,0,0,1,8,80720,6,1,6,0,3,1,62,200,0,0,0,0,1,7,2014,7,2014,0,6,28,0,0,1,2,35,3,1,2,1,0,0,14,10,1,1,2,50,1,0
8,80223,2,3,1,17,7,16,7,12,2,1,0,8,1,41,50,41050,5,2005,1YVHP84D055M,1,Y,V,H,P,8,4,D,0,5,5,M,0,0,0,000000000,00000000000,0,0,0,1,0,0,0,0,0,0,0,35,0,0,0,12,6,2,12,0,0,0,1,8,80723,6,1,0,0,3,0,69,220,0,0,0,0,1,9,2011,9,2011,0,0,0,0,0,1,2,35,2,1,2,1,0,0,14,62,1,1,1,51,0,0
8,80223,3,3,1,17,7,16,7,12,2,1,0,8,1,23,421,23421,15,2003,1GKEK13Z63J3,1,G,K,E,K,1,3,Z,6,3,J,3,0,0,0,000000000,00000000000,0,0,0,1,0,0,0,0,0,0,0,35,0,0,0,12,4,5,12,0,0,0,1,8,80723,6,1,0,0,3,0,71,205,0,2,0,1,0,11,2012,12,2013,0,0,0,0,0,1,2,35,2,1,2,1,0,0,14,50,3,2,1,98,0,0
8,80224,1,1,1,19,7,22,50,8,0,1,0,31,1,6,441,6441,20,2005,2C8GP64L15R4,2,C,8,G,P,6,4,L,1,5,R,4,0,0,0,000000000,00000000000,0,0,0,1,0,0,0,0,0,0,0,35,0,0,0,12,6,2,8,0,0,0,1,31,69343,6,1,0,0,3,0,64,145,0,0,0,0,0,0,0,0,0,0,0,0,0,0,2,4,35,1,1,2,1,28,3,1,80,1,1,1,13,0,0
8,80225,1,3,1,23,7,17,29,12,8,1,0,8,1,72,706,72706,80,1980,3A46674J0,3,A,4,6,6,7,4,J,0,,,,0,0,0,000000000,00000000000,0,0,0,1,0,0,0,0,0,0,0,55,0,0,0,61,6,2,54,0,0,0,1,8,80138,6,1,0,0,3,0,71,215,0,1,0,1,0,11,2012,1,2013,0,6,0,0,0,1,2,55,1,5,2,1,0,0,1,10,6,4,2,66,1,1
8,80225,2,3,4,23,7,17,29,12,8,1,0,8,1,37,32,37032,4,2003,JHMCM56643C0,J,H,M,C,M,5,6,6,4,3,C,0,0,0,0,000000000,00000000000,0,0,0,1,0,0,0,0,0,0,0,55,0,0,0,62,6,2,12,0,0,0,1,8,80920,6,1,0,0,3,0,66,195,0,0,0,0,0,0,0,0,0,0,0,0,0,0,1,2,55,1,6,2,1,0,0,1,62,9,1,1,66,0,0
8,80225,3,3,1,23,7,17,29,12,8,1,0,8,1,12,444,12444,20,2010,NM0LS7BN3AT0,N,M,0,L,S,7,B,N,3,A,T,0,0,0,0,000000000,00000000000,0,0,0,1,0,0,0,0,0,0,0,55,0,0,0,12,6,2,73,0,0,0,1,8,80117,6,1,0,0,3,0,72,200,1,0,0,0,1,6,2013,6,2013,0,0,0,0,0,1,2,55,1,6,2,1,0,0,1,62,9,1,1,98,0,0
8,80226,1,2,1,23,7,20,5,12,6,1,0,8,1,58,33,58033,4,2000,JNKCP11A3YT3,J,N,K,C,P,1,1,A,3,Y,T,3,0,0,0,000000000,00000000000,0,0,0,1,0,0,0,0,0,0,0,10,0,0,0,61,6,2,12,0,0,0,1,8,80524,6,1,0,0,3,1,68,164,0,0,0,0,0,0,0,0,0,0,6,38,0,0,1,2,45,1,1,2,1,20,3,11,15,1,1,1,82,1,0
8,80226,2,2,1,23,7,20,5,12,6,1,0,8,1,7,482,7482,31,2001,3B7KF23631G1,3,B,7,K,F,2,3,6,3,1,G,1,0,0,0,000000000,00000000000,0,0,0,1,0,0,0,0,0,0,0,45,0,0,0,12,6,2,12,0,0,0,1,8,80524,6,2,0,0,3,0,74,240,0,0,0,2,0,2,2012,7,2013,0,0,0,0,0,1,2,45,1,1,2,1,0,0,1,67,99,1,1,83,0,0
8,80227,1,1,1,12,7,14,30,1,0,1,0,8,1,34,705,34705,80,1987,WB1046201H61,W,B,1,0,4,6,2,0,1,H,6,1,0,0,0,000000000,00000000000,0,0,0,1,0,0,0,0,0,0,0,35,0,0,0,0,6,2,1,0,0,0,1,8,81621,6,1,0,0,3,0,68,165,0,0,0,1,0,2,2014,2,2014,0,6,0,0,0,1,2,35,3,6,2,1,40,3,14,13,1,1,4,1,1,0
8,80228,1,2,1,25,7,1,53,9,0,1,0,8,1,7,402,7402,14,2000,1B4HS28N7YF2,1,B,4,H,S,2,8,N,7,Y,F,2,0,0,0,000000000,00000000000,0,0,0,1,0,0,0,0,0,0,0,998,0,0,0,12,2,5,9,0,0,0,1,8,80219,6,1,0,0,3,0,61,190,0,0,0,0,0,0,0,0,0,0,0,0,0,0,6,1,40,2,6,2,1,0,0,14,83,1,1,1,13,0,0
8,80228,2,2,2,25,7,1,53,9,0,1,0,8,1,49,32,49032,4,1998,4T1BF18B6WU2,4,T,1,B,F,1,8,B,6,W,U,2,0,0,0,000000000,00000000000,0,0,0,1,0,0,0,0,0,0,0,998,0,0,0,14,0,5,18,0,0,0,1,8,80260,6,1,0,0,3,0,67,160,0,3,0,2,1,6,2012,4,2014,0,0,0,0,0,6,1,40,2,6,2,1,0,0,14,90,1,1,1,98,0,0
8,80229,1,2,1,26,7,9,35,12,1,1,0,8,1,77,706,77706,80,2002,5VPTD16D7230,5,V,P,T,D,1,6,D,7,2,3,0,0,0,0,000000000,00000000000,0,0,0,1,0,0,0,0,0,0,0,75,0,0,0,12,6,2,1,0,0,0,1,8,80514,6,1,0,0,3,0,69,200,1,0,0,1,0,10,2011,10,2011,0,6,0,0,0,3,3,75,1,1,1,1,0,0,1,51,1,1,1,24,1,0
8,80229,2,2,1,26,7,9,35,12,1,1,0,8,1,2,405,2405,14,2006,1J8GL48KX6W2,1,J,8,G,L,4,8,K,X,6,W,2,0,0,0,000000000,00000000000,0,0,0,1,0,0,0,0,0,0,0,55,0,0,0,6,2,5,12,0,0,0,1,8,80807,6,2,0,0,3,3,70,195,0,0,0,0,0,0,0,0,0,0,0,0,0,0,3,3,75,1,1,1,1,0,0,1,53,1,1,1,25,0,0
8,80230,1,2,1,27,7,2,30,12,2,1,0,8,1,49,401,49401,14,2006,JTEBU14R4680,J,T,E,B,U,1,4,R,4,6,8,0,0,0,0,000000000,00000000000,0,0,0,1,0,0,0,0,0,0,0,60,0,0,0,12,6,2,12,0,0,0,1,8,80304,6,1,0,0,3,0,73,185,0,0,0,0,0,0,0,0,0,0,6,0,0,0,1,2,55,1,6,2,1,0,0,1,10,7,1,2,50,0,1
8,80230,2,2,2,27,7,2,30,12,2,1,0,8,1,55,401,55401,14,2013,KM8SNDHFXDU0,K,M,8,S,N,D,H,F,X,D,U,0,0,0,0,000000000,00000000000,0,0,0,1,0,0,0,0,0,0,0,55,0,0,0,12,6,2,12,0,0,0,1,8,80503,6,1,0,0,3,0,68,175,0,0,0,0,3,5,2012,9,2013,0,0,0,0,0,1,2,55,1,5,2,1,0,0,1,62,1,1,1,51,1,1
8,80231,1,2,1,27,7,11,30,12,6,1,0,8,1,6,441,6441,20,2007,2A8GP54L37R1,2,A,8,G,P,5,4,L,3,7,R,1,0,0,0,000000000,00000000000,0,0,0,1,0,0,0,0,0,0,0,15,0,0,0,9,6,2,12,0,0,0,1,8,80003,6,1,0,0,3,0,65,140,0,0,0,0,0,0,0,0,0,0,6,38,0,0,0,0,0,0,0,0,0,20,3,11,15,1,1,1,82,0,0
8,80231,2,2,1,27,7,11,30,12,6,1,0,8,1,72,706,72706,80,2003,1HD4CEM183K4,1,H,D,4,C,E,M,1,8,3,K,4,0,0,0,000000000,00000000000,0,0,0,1,0,0,0,0,0,0,0,45,0,0,0,12,6,2,12,0,0,0,1,8,80498,6,1,0,0,3,0,68,160,0,0,0,2,0,8,2012,10,2013,0,0,0,0,0,1,7,45,1,1,2,1,0,0,1,72,3,2,1,83,1,1
8,80232,1,1,2,27,7,15,26,1,0,1,0,17,2,2,404,2404,14,1996,1J4GZ58S1TC1,1,J,4,G,Z,5,8,S,1,T,C,1,0,0,0,000000000,00000000000,0,0,0,1,0,0,0,0,0,0,0,75,0,2,3,0,6,2,1,0,0,0,1,17,61244,6,1,0,0,3,0,73,165,0,0,0,0,0,0,0,0,0,0,6,58,0,0,2,2,75,1,1,1,1,28,3,1,12,7,3,4,6,1,0
8,80233,1,1,1,27,7,18,42,35,0,1,0,8,1,72,706,72706,80,2001,1HD1FDV101Y6,1,H,D,1,F,D,V,1,0,1,Y,6,0,0,0,000000000,00000000000,0,0,0,1,0,0,0,0,0,0,0,144,0,0,0,12,6,2,35,0,0,0,1,8,80012,6,1,6,0,3,0,71,200,0,0,0,0,1,6,2014,6,2014,3,8,36,0,0,6,2,55,2,1,1,1,0,0,14,12,3,1,4,6,1,1