STATE,ST_CASE,VEH_NO,VE_FORMS,NUMOCCS,DAY,MONTH,HOUR,MINUTE,HARM_EV,MAN_COLL,UNITTYPE,HIT_RUN,REG_STAT,OWNER,MAKE,MODEL,MAK_MOD,BODY_TYP,MOD_YEAR,VIN,VIN_1,VIN_2,VIN_3,VIN_4,VIN_5,VIN_6,VIN_7,VIN_8,VIN_9,VIN_10,VIN_11,VIN_12,TOW_VEH,J_KNIFE,MCARR_I1,MCARR_I2,MCARR_ID,GVWR,V_CONFIG,CARGO_BT,HAZ_INV,HAZ_PLAC,HAZ_ID,HAZ_CNO,HAZ_REL,BUS_USE,SPEC_USE,EMER_USE,TRAV_SP,UNDERIDE,ROLLOVER,ROLINLOC,IMPACT1,DEFORMED,TOWED,M_HARM,VEH_SC1,VEH_SC2,FIRE_EXP,DR_PRES,L_STATE,DR_ZIP,L_STATUS,L_TYPE,CDL_STAT,L_ENDORS,L_COMPL,L_RESTRI,DR_HGT,DR_WGT,PREV_ACC,PREV_SUS,PREV_DWI,PREV_SPD,PREV_OTH,FIRST_MO,FIRST_YR,LAST_MO,LAST_YR,SPEEDREL,DR_SF1,DR_SF2,DR_SF3,DR_SF4,VTRAFWAY,VNUM_LAN,VSPD_LIM,VALIGN,VPROFILE,VPAVETYP,VSURCOND,VTRAFCON,VTCONT_F,P_CRASH1,P_CRASH2,P_CRASH3,PCRASH4,PCRASH5,ACC_TYPE,DEATHS,DR_DRINK
8,80274,2,2,1,23,8,7,0,12,6,1,0,8,1,23,8,23008,6,2007,1GKEV13707J1,1,G,K,E,V,1,3,7,0,7,J,1,0,0,0,000000000,00000000000,0,0,0,1,0,0,0,0,0,0,0,40,0,0,0,12,6,2,12,0,0,0,1,8,80249,6,1,0,0,3,0,64,135,0,0,0,0,1,10,2011,10,2011,0,0,0,0,0,2,2,40,1,1,1,1,2,3,1,62,1,1,1,69,0,0
8,80275,1,2,1,23,8,16,55,12,2,1,0,8,1,12,37,12037,6,2003,1FAFP36393W2,1,F,A,F,P,3,6,3,9,3,W,2,0,0,0,000000000,00000000000,0,0,0,1,0,0,0,0,0,0,0,55,0,0,0,12,6,2,12,0,0,0,1,8,81623,1,1,0,0,2,0,68,150,0,0,0,0,0,0,0,0,0,0,6,51,0,0,2,2,55,3,6,2,1,0,0,14,54,1,1,1,52,0,0
8,80275,2,2,1,23,8,16,55,12,2,1,0,8,1,71,706,71706,80,2002,ZDM1LC4N12B0,Z,D,M,1,L,C,4,N,1,2,B,0,0,0,0,000000000,00000000000,0,0,0,1,0,0,0,0,0,0,0,55,0,0,0,12,6,2,12,0,0,0,1,8,81611,6,1,0,0,3,0,68,212,0,0,0,0,0,0,0,0,0,0,0,0,0,0,3,2,55,2,5,2,1,0,0,14,54,3,2,1,52,1,0
8,80276,1,2,1,23,8,21,8,12,2,1,0,8,1,37,37,37037,5,2010,JHMZE2H73AS0,J,H,M,Z,E,2,H,7,3,A,S,0,0,0,0,000000000,00000000000,0,0,0,1,0,0,0,0,0,0,0,50,0,0,0,12,6,2,12,0,0,0,1,8,81621,6,1,0,0,3,0,67,130,0,0,0,3,0,10,2011,4,2014,0,6,0,0,0,1,2,50,3,1,2,1,28,3,1,10,1,1,2,50,0,0
8,80276,2,2,2,23,8,21,8,12,2,1,0,17,2,20,16,20016,2,1998,1G1JC1244W72,1,G,1,J,C,1,2,4,4,W,7,2,0,0,0,000000000,00000000000,0,0,0,1,0,0,0,0,0,0,0,50,0,0,0,12,6,2,12,0,0,0,1,17,60564,6,1,0,0,3,3,67,165,0,0,0,1,0,12,2013,12,2013,0,0,0,0,0,1,2,50,2,1,2,1,28,3,14,62,1,1,1,51,1,0
8,80277,1,1,1,24,8,2,57,52,0,1,0,8,1,2,404,2404,14,2005,1J4HR58235C6,1,J,4,H,R,5,8,2,3,5,C,6,0,0,0,000000000,00000000000,0,0,0,1,0,0,0,0,0,0,0,65,0,0,0,12,6,2,2,0,0,1,1,8,80817,6,1,0,0,3,0,69,180,1,0,0,0,1,11,2013,11,2013,3,36,0,0,0,2,3,55,1,1,2,1,0,0,1,12,7,1,4,6,1,1
8,80278,1,2,1,24,8,14,23,12,6,1,0,8,1,14,443,14443,20,1999,4M2XV11T1XDJ,4,M,2,X,V,1,1,T,1,X,D,J,0,0,0,000000000,00000000000,0,0,0,1,0,0,0,0,0,0,0,20,0,0,0,11,6,2,12,0,0,0,1,8,80634,6,1,0,0,3,0,69,155,0,0,0,1,0,9,2013,9,2013,0,6,38,0,0,1,2,40,1,1,2,1,20,3,4,17,1,1,1,89,0,0
8,80278,2,2,1,24,8,14,23,12,6,1,0,8,1,37,706,37706,80,1987,1HFSC1428HA3,1,H,F,S,C,1,4,2,8,H,A,3,0,0,0,000000000,00000000000,0,0,0,1,0,0,0,0,0,0,0,55,0,0,0,12,6,2,12,0,0,0,1,8,80615,6,1,6,0,3,3,73,200,0,0,0,0,0,0,0,0,0,0,0,0,0,0,2,4,55,1,6,1,1,0,0,1,66,1,1,1,88,1,0
8,80279,1,2,1,19,8,15,33,12,2,1,0,8,2,49,32,49032,6,1992,JT2AE94K7N35,J,T,2,A,E,9,4,K,7,N,3,5,0,0,0,000000000,00000000000,0,0,0,1,0,0,0,0,0,0,0,15,0,0,0,12,6,2,12,0,0,0,1,8,80122,6,2,0,0,3,3,63,91,0,0,0,0,0,0,0,0,0,0,6,38,52,0,2,4,40,3,6,1,1,2,3,11,15,1,1,1,68,0,0
8,80279,2,2,1,19,8,15,33,12,2,1,0,8,1,72,706,72706,80,2012,1HD1KGM1XCB6,1,H,D,1,K,G,M,1,X,C,B,6,0,0,0,000000000,00000000000,0,0,0,1,0,0,0,0,0,0,0,27,0,0,0,12,6,2,12,0,0,0,1,8,80108,6,1,0,0,3,0,73,175,0,0,0,2,0,3,2012,4,2013,0,0,0,0,0,2,4,40,1,6,1,1,2,3,1,62,1,1,1,69,1,0
8,80280,1,2,2,25,8,2,18,1,0,1,0,8,1,20,481,20481,31,2001,1GCHK29121E3,1,G,C,H,K,2,9,1,2,1,E,3,0,0,0,000000000,00000000000,0,0,0,1,0,0,0,0,0,0,0,25,0,0,0,12,4,5,54,0,0,0,1,8,80033,1,1,0,0,2,0,69,168,0,0,0,2,4,6,2012,8,2014,0,6,38,0,0,2,4,40,1,1,2,2,2,3,11,15,6,1,1,98,0,1
8,80280,2,2,1,25,8,2,18,1,0,1,0,8,1,76,706,76706,80,1982,JYA10L000CA0,J,Y,A,1,0,L,0,0,0,C,A,0,0,0,0,000000000,00000000000,0,0,0,1,0,0,0,0,0,0,0,40,0,0,0,0,6,2,54,0,0,0,1,8,80012,6,1,0,0,3,0,70,170,0,2,0,0,0,8,2012,9,2012,0,0,0,0,0,2,4,40,1,1,2,2,2,3,1,62,3,2,1,98,1,1
8,80281,1,1,2,21,8,20,17,9,0,1,0,8,1,12,401,12401,14,2007,1FMEU73E87UB,1,F,M,E,U,7,3,E,8,7,U,B,1,1,0,000000000,00000000000,0,0,0,1,0,0,0,0,0,0,0,998,0,0,0,7,2,5,9,0,0,0,1,8,80227,6,1,0,0,3,0,67,140,0,0,0,1,0,6,2014,6,2014,0,0,0,0,0,1,2,30,1,1,2,1,20,3,11,83,1,1,1,13,0,0
8,80282,1,2,1,15,8,14,25,1,0,1,0,8,2,12,401,12401,14,1992,1FMDU34X2NUB,1,F,M,D,U,3,4,X,2,N,U,B,0,0,0,000000000,00000000000,0,0,0,1,0,0,0,0,0,0,0,60,0,2,1,0,6,2,12,0,0,0,1,8,81401,6,1,0,0,3,0,72,180,0,0,0,0,0,0,0,0,0,0,6,0,0,0,1,2,60,3,5,2,1,0,0,1,13,8,4,6,98,0,0
8,80282,2,2,1,15,8,14,25,1,0,1,0,31,1,72,706,72706,80,2010,1HD1FC411AB6,1,H,D,1,F,C,4,1,1,A,B,6,0,0,0,000000000,00000000000,0,0,0,1,0,0,0,0,0,0,0,60,0,0,0,12,6,2,12,0,0,0,1,31,68510,6,1,0,0,3,0,71,160,0,0,0,0,0,0,0,0,0,0,0,0,0,0,1,2,60,2,6,2,1,0,0,14,54,7,1,1,98,1,0
8,80283,1,1,2,26,8,22,33,42,0,1,0,8,1,12,481,12481,31,2009,1FTPX14V69FA,1,F,T,P,X,1,4,V,6,9,F,A,0,0,0,000000000,00000000000,0,0,0,1,0,0,0,0,0,0,0,70,0,1,6,12,6,2,19,0,0,0,1,8,81007,6,1,0,0,3,0,73,210,0,0,0,0,0,0,0,0,0,3,36,0,0,0,1,2,30,2,1,2,1,0,0,1,12,1,1,4,6,1,1
8,80284,1,1,1,8,8,19,58,35,0,1,0,8,1,12,481,12481,31,1992,1FTDF15H2NKA,1,F,T,D,F,1,5,H,2,N,K,A,0,0,0,000000000,00000000000,0,0,0,1,0,0,0,0,0,0,0,55,0,1,6,12,6,2,1,0,0,0,1,8,80525,6,1,6,0,3,0,71,314,0,0,0,0,1,8,2012,8,2012,3,36,0,0,0,1,2,25,1,1,5,1,0,0,1,12,9,1,4,1,1,0
8,80285,1,1,1,9,8,17,14,1,0,1,0,8,1,72,706,72706,80,2004,1HD1FYW194Y7,1,H,D,1,F,Y,W,1,9,4,Y,7,0,0,0,000000000,00000000000,0,0,0,1,0,0,0,0,0,0,0,40,0,0,0,0,6,2,25,0,0,0,1,8,81504,6,1,6,0,3,0,74,240,0,0,0,0,0,0,0,0,0,0,6,0,0,0,2,2,35,3,1,2,1,0,0,1,9,3,2,1,98,1,1
8,80286,1,2,1,28,8,8,55,12,6,1,0,8,2,2,404,2404,14,1994,1J4GZ78Y1RC2,1,J,4,G,Z,7,8,Y,1,R,C,2,0,0,0,000000000,00000000000,0,0,0,1,0,0,0,0,0,0,0,55,0,1,5,62,6,2,12,0,0,0,1,8,80504,6,2,0,0,3,3,70,155,2,0,0,0,1,10,2013,1,2014,0,6,58,0,0,1,2,55,1,1,2,1,0,0,1,13,6,3,6,66,1,0
8,80286,2,2,1,28,8,8,55,12,6,1,0,8,1,20,29,20029,5,2014,KL8CB6S92EC5,K,L,8,C,B,6,S,9,2,E,C,5,0,0,0,000000000,00000000000,0,0,0,1,0,0,0,0,0,0,0,55,0,0,0,12,6,2,12,0,0,0,1,8,80233,6,2,0,0,3,0,65,135,0,0,0,0,0,0,0,0,0,0,0,0,0,0,1,2,55,1,1,2,1,0,0,1,62,1,1,1,66,0,0
8,80287,1,2,1,28,8,12,18,12,2,1,0,8,1,72,706,72706,80,2003,1HD1GHV163K3,1,H,D,1,G,H,V,1,6,3,K,3,0,0,0,000000000,00000000000,0,0,0,1,0,0,0,0,0,0,0,65,0,0,0,12,6,2,12,0,0,0,1,8,81630,6,1,0,0,3,0,72,240,0,0,0,0,0,0,0,0,0,3,8,33,36,0,1,2,40,2,6,2,1,0,0,17,51,9,1,2,58,1,0
8,80287,2,2,1,28,8,12,18,12,2,1,0,8,2,7,482,7482,31,2002,3D7HU18Z12G1,3,D,7,H,U,1,8,Z,1,2,G,1,0,0,0,000000000,00000000000,0,0,0,1,0,0,0,0,0,0,0,50,0,0,0,12,6,2,12,0,0,0,1,8,81233,6,1,0,0,3,0,63,165,0,0,0,0,0,0,0,0,0,0,0,0,0,0,1,2,50,3,5,2,1,0,0,14,62,9,1,1,59,0,0
8,80288,1,3,3,28,8,15,55,12,1,1,0,8,3,20,421,20421,15,2002,1GNEK13ZX2J3,1,G,N,E,K,1,3,Z,X,2,J,3,0,0,0,000000000,00000000000,0,0,0,1,0,0,0,0,0,0,0,65,0,0,0,12,6,2,12,0,0,0,1,8,81321,6,1,0,0,3,0,64,190,0,0,0,0,0,0,0,0,0,0,6,0,0,0,1,2,65,1,5,2,1,0,0,1,50,9,1,1,20,1,0
8,80288,2,3,1,28,8,15,55,12,1,1,0,8,3,86,881,86881,63,2008,1M2AX03C58M0,1,M,2,A,X,0,3,C,5,8,M,0,0,0,57,1606809,571606809,3,2,96,1,0,0,0,0,0,0,0,0,0,0,0,6,4,5,12,0,0,0,1,8,81328,6,1,6,1,3,0,70,195,0,0,0,0,2,4,2012,5,2012,0,0,0,0,0,1,2,65,1,5,2,1,0,0,5,53,1,1,1,22,0,0
8,80288,3,3,2,28,8,15,55,12,1,1,0,4,1,7,461,7461,21,1999,2B6HB11Z7XK5,2,B,6,H,B,1,1,Z,7,X,K,5,0,0,0,000000000,00000000000,0,0,0,1,0,0,0,0,0,0,0,25,0,0,0,61,4,5,12,0,0,0,1,4,85306,6,1,0,0,3,1,71,195,0,0,0,0,0,0,0,0,0,0,0,0,0,0,1,2,65,1,5,2,1,0,0,6,60,7,1,4,98,0,0
8,80289,1,1,1,28,8,22,15,1,0,1,0,8,1,20,2,20002,4,2006,2G1WT55K0691,2,G,1,W,T,5,5,K,0,6,9,1,0,0,0,000000000,00000000000,0,0,0,1,0,0,0,0,0,0,0,67,0,2,6,0,6,2,1,0,0,0,1,8,81041,6,1,0,0,3,0,66,160,0,0,0,0,1,8,2012,8,2012,3,36,0,0,0,1,2,55,2,1,4,1,0,0,14,12,9,3,4,7,1,1
8,80290,1,1,1,29,8,10,53,1,0,1,0,31,3,87,881,87881,63,2000,1XPFAB8X7YN5,1,X,P,F,A,B,8,X,7,Y,N,5,0,0,57,132329,57132329,3,2,2,1,0,0,0,0,0,0,0,65,0,2,5,0,6,2,1,0,0,0,1,8,80736,6,1,6,1,3,0,74,165,0,0,0,1,0,2,2014,2,2014,0,6,0,0,0,1,2,65,3,1,2,1,0,0,1,13,8,4,4,2,1,0
8,80291,1,2,1,29,8,17,40,12,2,1,0,8,1,52,37,52037,3,2002,4A3AC44G42E0,4,A,3,A,C,4,4,G,4,2,E,0,0,0,0,000000000,00000000000,0,0,0,1,0,0,0,0,0,0,0,80,0,0,0,12,6,2,12,0,0,0,1,8,81403,6,1,0,0,3,0,74,200,0,0,0,0,0,0,0,0,0,3,35,36,0,0,1,3,50,1,6,2,1,0,0,6,51,9,1,2,58,0,0
8,80291,2,2,2,29,8,17,40,12,2,1,0,6,1,37,32,37032,4,2012,1HGCP2F82CA0,1,H,G,C,P,2,F,8,2,C,A,0,0,0,0,000000000,00000000000,0,0,0,1,0,0,0,0,0,0,0,65,0,0,0,12,6,2,12,0,0,0,1,6,91730,6,1,0,0,3,0,80,235,0,0,0,0,0,0,0,0,0,3,36,0,0,0,1,3,50,1,5,2,1,0,0,1,62,6,1,2,59,1,0
8,80292,1,2,1,30,8,0,0,8,0,1,0,8,1,49,472,49472,30,2013,3TMLU4EN0DM1,3,T,M,L,U,4,E,N,0,D,M,1,0,0,0,000000000,00000000000,0,0,0,1,0,0,0,0,0,0,0,65,0,0,0,61,4,5,8,0,0,0,1,8,80219,6,1,0,0,3,0,65,130,0,0,0,0,0,0,0,0,0,0,0,0,0,0,2,2,65,1,1,2,1,0,0,1,80,1,1,1,13,0,0
8,80292,2,2,2,30,8,0,0,8,0,1,0,8,1,55,39,55039,4,2006,KMHFC46F56A0,K,M,H,F,C,4,6,F,5,6,A,0,0,0,0,000000000,00000000000,0,0,0,1,0,0,0,0,0,0,0,65,0,0,0,14,2,5,18,0,0,0,1,8,80905,6,1,0,0,3,1,64,140,0,0,0,0,0,0,0,0,0,0,0,0,0,0,2,2,65,1,1,2,1,0,0,1,90,1,1,1,98,0,0
8,80293,1,1,1,30,8,20,22,8,0,1,1,99,9,99,999,99999,99,9999,999999999999,9,9,9,9,9,9,9,9,9,9,9,9,0,0,0,000000000,00000000000,0,0,0,1,0,0,0,0,0,0,0,999,0,0,0,12,8,5,8,0,0,0,1,99,99999,9,9,99,0,9,9,999,999,99,99,99,99,99,99,9999,99,9999,9,0,0,0,0,1,2,25,1,1,2,1,0,0,1,80,1,1,1,13,0,0
8,80294,1,1,5,31,8,11,24,1,0,1,0,8,1,49,401,49401,14,1998,JT3HN86R4W01,J,T,3,H,N,8,6,R,4,W,0,1,0,0,0,000000000,00000000000,0,0,0,1,0,0,0,0,0,0,0,65,0,2,5,0,6,2,1,0,0,0,1,8,80237,6,1,0,0,3,1,71,170,0,0,0,0,0,0,0,0,0,0,6,58,0,0,1,2,60,3,1,2,1,40,3,14,13,8,4,4,7,1,0
8,80295,1,1,1,31,8,21,5,31,0,1,0,32,1,7,402,7402,14,1999,1B4HR28Y3XF5,1,B,4,H,R,2,8,Y,3,X,F,5,0,0,0,000000000,00000000000,0,0,0,1,0,0,0,0,0,0,0,75,0,1,3,12,6,2,1,0,0,0,1,32,89122,6,1,0,0,3,0,67,165,0,0,0,0,0,0,0,0,0,0,6,0,0,0,2,2,75,2,6,2,1,0,0,1,12,7,1,4,6,1,1
8,80296,1,1,1,8,8,16,19,8,0,1,0,8,1,48,401,48401,14,2010,JF2SH6CC0AH9,J,F,2,S,H,6,C,C,0,A,H,9,0,0,0,000000000,00000000000,0,0,0,1,0,0,0,0,0,0,0,5,0,0,0,12,0,5,8,0,0,0,1,8,80420,6,1,0,0,3,3,64,112,0,0,0,0,1,8,2011,8,2011,0,6,38,0,0,1,2,25,1,1,2,1,20,3,10,80,1,1,1,13,0,0
8,80297,1,2,1,24,8,0,25,12,2,1,0,8,2,7,43,7043,4,2002,1B3EL46X42N3,1,B,3,E,L,4,6,X,4,2,N,3,0,0,0,000000000,00000000000,0,0,0,1,0,0,0,0,0,0,0,30,0,0,0,12,6,2,12,0,0,0,1,8,80012,0,0,0,0,0,0,999,999,0,1,0,0,1,5,2014,6,2014,0,6,51,0,0,2,2,35,1,1,2,1,0,0,1,54,1,1,1,52,0,1
8,80297,2,2,1,24,8,0,25,12,2,1,0,8,1,55,33,55033,4,2005,KMHWF25S35A1,K,M,H,W,F,2,5,S,3,5,A,1,0,0,0,000000000,00000000000,0,0,0,1,0,0,0,0,0,0,0,35,0,0,0,12,6,2,12,0,0,0,1,8,80231,6,1,0,0,3,0,57,201,0,0,0,0,0,0,0,0,0,0,0,0,0,0,2,2,35,1,1,2,1,0,0,1,54,1,1,1,52,1,0
8,80298,1,2,1,2,8,1,42,12,6,1,0,8,1,73,705,73705,80,2003,JKAZX4K113A0,J,K,A,Z,X,4,K,1,1,3,A,0,0,0,0,000000000,00000000000,0,0,0,1,0,0,0,0,0,0,0,998,0,0,0,12,6,2,12,0,0,0,1,8,80911,6,1,0,0,2,0,69,150,1,1,0,1,2,12,2011,8,2013,5,36,37,39,0,1,5,40,1,6,2,1,2,3,1,17,1,1,1,88,1,1
8,80298,2,2,1,2,8,1,42,12,6,1,0,8,3,20,404,20404,14,2014,2GNFLFE33E61,2,G,N,F,L,F,E,3,3,E,6,1,0,0,0,000000000,00000000000,0,0,0,1,0,0,0,0,0,0,0,998,0,0,0,10,6,2,12,0,0,0,1,8,80909,6,1,0,0,3,1,70,190,0,0,0,0,0,0,0,0,0,0,0,0,0,0,1,4,30,1,6,2,1,2,3,1,66,1,1,1,89,0,0
8,80299,1,1,1,8,8,18,18,38,0,1,0,8,1,9,442,9442,20,1999,2P4GP44G4XR1,2,P,4,G,P,4,4,G,4,X,R,1,0,0,0,000000000,00000000000,0,0,0,1,0,0,0,0,0,0,0,75,0,1,6,81,6,2,1,0,0,0,1,8,80117,6,1,0,0,3,3,63,175,0,0,0,0,0,0,0,0,0,3,8,36,0,0,1,2,55,3,6,2,1,0,0,14,13,8,4,4,7,1,0
8,80300,1,2,4,21,8,15,30,33,0,1,0,8,2,37,32,37032,2,1993,1HGCB7151PA0,1,H,G,C,B,7,1,5,1,P,A,0,0,0,0,000000000,00000000000,0,0,0,1,0,0,0,0,0,0,0,998,0,0,0,12,6,2,12,0,0,0,1,8,80907,6,2,0,0,3,0,71,150,0,0,0,0,0,0,0,0,0,5,6,52,0,0,2,3,40,3,5,2,1,28,3,14,13,8,1,4,1,1,0
8,80300,2,2,1,21,8,15,30,33,0,1,0,8,1,6,54,6054,6,2007,2A8GF48X47R2,2,A,8,G,F,4,8,X,4,7,R,2,0,0,0,000000000,00000000000,0,0,0,1,0,0,0,0,0,0,0,998,0,0,0,12,6,2,12,0,0,0,1,8,80919,6,1,0,0,3,1,64,110,0,0,0,0,0,0,0,0,0,0,0,0,0,0,2,3,40,1,6,2,1,28,3,1,64,1,1,1,98,0,0
8,80301,1,3,1,22,8,17,44,12,6,1,0,8,1,20,481,20481,31,2004,1GCHK29154E1,1,G,C,H,K,2,9,1,5,4,E,1,0,0,0,000000000,00000000000,0,0,0,1,0,0,0,0,0,0,0,50,0,0,0,12,6,2,12,0,0,0,1,8,80525,6,1,0,0,3,0,73,175,0,0,0,2,0,8,2011,6,2012,3,36,91,0,0,2,4,35,1,4,2,1,0,0,1,67,8,1,1,83,0,1
8,80301,2,3,3,22,8,17,44,12,6,1,0,8,1,49,40,49040,4,1997,4T1BF22K5VU9,4,T,1,B,F,2,2,K,5,V,U,9,0,0,0,000000000,00000000000,0,0,0,1,0,0,0,0,0,0,0,15,0,0,0,61,6,2,12,0,0,0,1,8,80120,6,1,0,0,3,3,69,190,0,0,0,0,0,0,0,0,0,0,0,0,0,0,1,2,25,1,1,2,1,20,3,11,15,1,1,1,82,1,1
8,80301,3,3,1,22,8,17,44,12,6,1,0,8,2,35,43,35043,4,2002,3N1AB51D02L7,3,N,1,A,B,5,1,D,0,2,L,7,0,0,0,000000000,00000000000,0,0,0,1,0,0,0,0,0,0,0,0,0,0,0,12,2,5,12,0,0,0,1,8,80120,6,1,0,0,3,0,72,260,1,0,0,0,1,5,2012,3,2014,0,0,0,0,0,2,4,35,1,4,2,1,0,0,5,65,1,1,1,98,0,0
8,80302,1,1,1,24,8,2,27,33,0,1,0,8,5,53,705,53705,80,2003,JS1GR7HA7321,J,S,1,G,R,7,H,A,7,3,2,1,0,0,0,000000000,00000000000,0,0,0,1,0,0,0,0,0,0,0,998,0,0,0,12,6,2,59,0,0,0,1,8,80107,6,1,0,0,3,0,73,175,0,0,0,2,0,8,2011,6,2012,5,36,0,0,0,2,2,40,2,5,2,1,0,0,1,12,9,1,4,6,1,1
8,80303,1,1,1,25,8,20,48,8,0,1,0,8,1,12,481,12481,31,2006,1FTPW14576KA,1,F,T,P,W,1,4,5,7,6,K,A,0,0,0,000000000,00000000000,0,0,0,1,0,0,0,0,0,0,0,30,0,0,0,12,2,3,8,0,0,0,1,8,81504,6,1,0,0,3,3,62,230,1,0,0,0,0,5,2012,5,2012,0,0,0,0,0,5,5,30,1,1,2,1,0,0,1,80,6,1,2,13,0,0
8,80304,1,1,4,3,6,2,10,14,0,1,0,8,2,22,24,22024,4,2009,6G2EC57Y29L1,6,G,2,E,C,5,7,Y,2,9,L,1,0,0,0,000000000,00000000000,0,0,0,1,0,0,0,0,0,0,0,80,0,0,0,6,6,2,14,0,0,0,1,8,80603,0,0,0,0,0,0,999,999,0,0,0,0,0,0,0,0,0,3,8,36,91,0,1,2,25,1,1,2,1,0,0,10,6,9,3,4,15,1,0
8,80305,1,1,4,1,9,1,10,31,0,1,0,8,2,69,54,69054,1,2009,WMWMS33599TG,W,M,W,M,S,3,3,5,9,9,T,G,0,0,0,000000000,00000000000,0,0,0,1,0,0,0,0,0,0,0,80,0,0,0,12,6,2,42,0,0,0,1,8,80138,6,2,0,0,3,0,70,150,0,0,0,0,0,0,0,0,0,3,36,0,0,0,1,2,40,1,1,2,1,28,3,1,6,9,4,4,7,2,1
8,80306,1,3,1,2,9,18,55,12,1,1,0,20,2,49,40,49040,4,1992,JT2SK13E3N00,J,T,2,S,K,1,3,E,3,N,0,0,0,0,0,000000000,00000000000,0,0,0,1,0,0,0,0,0,0,0,75,0,0,0,12,6,2,12,0,0,0,1,20,66616,6,1,0,0,3,0,67,115,1,0,0,3,0,7,2012,9,2014,3,6,0,0,0,3,3,65,1,1,1,1,40,3,1,51,1,1,1,28,0,0
8,80306,2,3,1,2,9,18,55,12,1,1,0,8,1,72,706,72706,80,2006,1HD1GP1126K3,1,H,D,1,G,P,1,1,2,6,K,3,0,0,0,000000000,00000000000,0,0,0,1,0,0,0,0,0,0,0,55,0,0,0,6,6,2,12,0,0,0,1,8,80136,6,1,6,0,3,0,75,225,0,0,0,1,0,1,2012,1,2012,0,0,0,0,0,3,3,65,1,1,1,1,40,3,2,53,1,1,1,29,1,0
8,80306,3,3,1,2,9,18,55,12,1,1,0,8,1,20,481,20481,31,2006,1GCEK14X76Z1,1,G,C,E,K,1,4,X,7,6,Z,1,1,1,0,000000000,00000000000,0,0,0,1,0,0,0,0,0,0,0,55,0,0,0,6,6,2,12,0,0,0,1,8,80136,6,1,0,0,3,3,65,175,0,0,0,0,0,0,0,0,0,0,0,0,0,0,3,3,65,1,1,1,1,40,3,2,53,1,1,1,98,0,0
8,80307,1,2,2,7,9,19,35,12,6,1,0,8,2,6,54,6054,6,2005,2C4GM68425R5,2,C,4,G,M,6,8,4,2,5,R,5,0,0,0,000000000,00000000000,0,0,0,1,0,0,0,0,0,0,0,10,0,0,0,2,4,3,12,0,0,0,1,8,80229,6,1,0,0,3,1,70,170,0,0,0,0,3,3,2012,9,2013,0,6,38,53,0,2,4,35,1,1,2,1,2,3,11,15,1,1,1,68,0,0
8,80307,2,2,1,7,9,19,35,12,6,1,0,8,1,72,706,72706,80,1985,1HD1BEL18FY0,1,H,D,1,B,E,L,1,8,F,Y,0,0,0,0,000000000,00000000000,0,0,0,1,0,0,0,0,0,0,0,35,0,0,0,12,6,2,12,0,0,0,1,8,80014,6,1,0,0,3,3,67,175,0,0,0,0,0,0,0,0,0,0,0,0,0,0,2,4,35,1,1,2,1,2,3,1,62,1,1,1,69,1,0
8,80308,1,1,1,9,9,6,2,8,0,1,0,8,2,23,471,23471,30,1996,1GTCS1941T85,1,G,T,C,S,1,9,4,1,T,8,5,0,0,0,000000000,00000000000,0,0,0,1,0,0,0,0,0,0,0,19,0,0,0,12,2,3,8,0,0,0,1,35,87410,6,1,0,0,3,0,65,155,98,0,0,0,0,0,0,0,0,0,0,0,0,0,5,6,45,1,1,2,1,2,3,11,80,1,1,1,13,0,0
8,80309,1,1,1,8,9,6,10,9,0,1,0,8,2,49,33,49033,3,2001,JTDDR32T2101,J,T,D,D,R,3,2,T,2,1,0,1,0,0,0,000000000,00000000000,0,0,0,1,0,0,0,0,0,0,0,40,0,0,0,12,4,5,9,0,0,0,1,8,80224,6,1,0,0,3,0,70,175,0,0,0,1,0,1,2014,1,2014,0,0,0,0,0,5,5,35,1,1,1,1,0,0,1,83,1,1,1,13,0,0
8,80310,1,1,1,10,9,18,40,9,0,1,0,8,2,7,482,7482,31,2001,3B7HF13Y01G7,3,B,7,H,F,1,3,Y,0,1,G,7,0,0,0,000000000,00000000000,0,0,0,1,0,0,0,0,0,0,0,35,0,0,0,12,6,2,9,0,0,0,1,8,80108,6,1,0,0,3,0,63,140,0,0,0,0,0,0,0,0,0,0,6,39,0,0,2,3,40,1,1,2,1,2,3,1,83,1,1,1,13,0,1
8,80311,1,1,1,10,9,22,37,8,0,1,0,8,2,62,423,62423,15,2007,SALAE25437A4,S,A,L,A,E,2,5,4,3,7,A,4,0,0,0,000000000,00000000000,0,0,0,1,0,0,0,0,0,0,0,998,0,0,0,12,6,2,8,0,0,0,1,8,80238,6,1,0,0,3,0,66,133,0,0,0,0,1,1,2014,1,2014,0,0,0,0,0,3,2,55,3,1,2,1,0,0,14,80,1,1,1,13,0,1
8,80312,1,2,3,15,9,17,10,12,6,1,0,8,2,7,482,7482,31,2003,1D7HU18D23J6,1,D,7,H,U,1,8,D,2,3,J,6,0,0,0,000000000,00000000000,0,0,0,1,0,0,0,0,0,0,0,15,0,0,0,62,6,2,12,0,0,0,1,8,80631,6,1,0,0,3,0,60,101,0,0,0,0,0,0,0,0,0,0,6,38,0,0,1,2,55,1,1,2,1,20,3,11,15,1,1,1,82,2,0
8,80312,2,2,1,15,9,17,10,12,6,1,0,16,3,84,881,84881,66,2002,2HSCKAER12C0,2,H,S,C,K,A,E,R,1,2,C,0,1,1,57,2074990,572074990,3,6,9,1,0,0,0,0,0,0,0,60,0,1,5,12,6,2,12,0,0,0,1,49,84319,6,1,6,1,3,0,70,248,98,0,0,1,0,0,0,0,0,0,0,0,0,0,1,2,65,1,1,2,1,0,0,1,67,8,1,1,83,0,0
8,80313,1,2,1,1,9,13,10,12,8,1,0,27,1,37,706,37706,80,2000,1HFSC4101YA1,1,H,F,S,C,4,1,0,1,Y,A,1,0,0,0,000000000,00000000000,0,0,0,1,0,0,0,0,0,0,0,60,0,0,0,61,6,2,12,0,0,0,1,27,81227,6,1,0,0,3,0,71,205,0,0,0,0,0,0,0,0,0,0,8,28,36,0,1,3,50,2,5,2,1,0,0,1,10,1,1,2,64,1,0