STATE,ST_CASE,VEH_NO,VE_FORMS,NUMOCCS,DAY,MONTH,HOUR,MINUTE,HARM_EV,MAN_COLL,UNITTYPE,HIT_RUN,REG_STAT,OWNER,MAKE,MODEL,MAK_MOD,BODY_TYP,MOD_YEAR,VIN,VIN_1,VIN_2,VIN_3,VIN_4,VIN_5,VIN_6,VIN_7,VIN_8,VIN_9,VIN_10,VIN_11,VIN_12,TOW_VEH,J_KNIFE,MCARR_I1,MCARR_I2,MCARR_ID,GVWR,V_CONFIG,CARGO_BT,HAZ_INV,HAZ_PLAC,HAZ_ID,HAZ_CNO,HAZ_REL,BUS_USE,SPEC_USE,EMER_USE,TRAV_SP,UNDERIDE,ROLLOVER,ROLINLOC,IMPACT1,DEFORMED,TOWED,M_HARM,VEH_SC1,VEH_SC2,FIRE_EXP,DR_PRES,L_STATE,DR_ZIP,L_STATUS,L_TYPE,CDL_STAT,L_ENDORS,L_COMPL,L_RESTRI,DR_HGT,DR_WGT,PREV_ACC,PREV_SUS,PREV_DWI,PREV_SPD,PREV_OTH,FIRST_MO,FIRST_YR,LAST_MO,LAST_YR,SPEEDREL,DR_SF1,DR_SF2,DR_SF3,DR_SF4,VTRAFWAY,VNUM_LAN,VSPD_LIM,VALIGN,VPROFILE,VPAVETYP,VSURCOND,VTRAFCON,VTCONT_F,P_CRASH1,P_CRASH2,P_CRASH3,PCRASH4,PCRASH5,ACC_TYPE,DEATHS,DR_DRINK
8,80397,1,1,2,26,11,17,30,1,0,1,0,8,1,20,401,20401,14,2003,1GNDT13S3323,1,G,N,D,T,1,3,S,3,3,2,3,0,0,0,000000000,00000000000,0,0,0,1,0,0,0,0,0,0,0,65,0,2,4,0,6,2,1,0,0,0,1,8,80603,6,1,0,0,3,1,68,165,0,0,0,0,0,0,0,0,0,4,6,0,0,0,2,2,75,1,1,1,4,0,0,1,5,8,3,4,2,1,0
8,80398,1,1,1,26,11,20,55,8,0,1,0,8,2,12,481,12481,31,1988,1FTDF15Y4JPA,1,F,T,D,F,1,5,Y,4,J,P,A,0,0,0,000000000,00000000000,0,0,0,1,0,0,0,0,0,0,0,45,0,0,0,12,4,3,8,0,0,0,1,8,80204,1,1,0,0,2,0,77,215,0,1,0,2,2,3,2013,11,2014,0,0,0,0,0,1,2,45,1,1,2,1,0,0,1,80,9,1,1,13,0,0
8,80399,1,1,1,28,11,4,2,8,0,1,1,8,1,63,401,63401,14,2008,KNDJE7234874,K,N,D,J,E,7,2,3,4,8,7,4,0,0,0,000000000,00000000000,0,0,0,1,0,0,0,0,0,0,0,60,0,0,0,12,0,5,8,0,0,0,1,8,80926,6,1,0,0,3,0,64,150,0,0,0,0,0,0,0,0,0,0,0,0,0,0,2,2,60,2,1,2,1,0,0,14,80,6,1,1,13,0,0
8,80400,1,2,1,29,11,23,3,1,0,1,0,8,1,48,45,48045,6,2007,4S4BP61C1773,4,S,4,B,P,6,1,C,1,7,7,3,0,0,0,000000000,00000000000,0,0,0,1,0,0,0,0,0,0,0,75,0,2,3,0,6,2,1,0,0,0,1,8,81611,6,1,0,0,3,1,64,150,0,0,0,0,0,0,0,0,0,0,6,58,0,0,2,2,75,1,1,2,1,0,0,1,12,7,3,4,7,1,0
8,80400,2,2,1,29,11,23,3,1,0,1,0,31,3,84,881,84881,66,2013,1HSDJSJR2DJ2,1,H,S,D,J,S,J,R,2,D,J,2,1,1,57,73705,5773705,3,6,1,1,0,0,0,0,0,0,0,55,0,0,0,81,6,2,12,0,0,0,1,5,72209,6,1,6,1,3,0,70,317,0,0,0,0,0,0,0,0,0,0,0,0,0,0,2,2,75,1,1,2,1,0,0,1,50,6,1,2,98,0,0
8,80401,1,1,1,30,11,14,50,1,0,1,0,8,1,49,401,49401,14,1995,JT3VN39W3S02,J,T,3,V,N,3,9,W,3,S,0,2,0,0,0,000000000,00000000000,0,0,0,1,0,0,0,0,0,0,0,45,0,2,1,0,6,2,1,0,0,0,1,8,80910,6,1,0,0,3,0,69,135,0,0,0,0,0,0,0,0,0,0,6,58,0,0,1,2,45,1,1,2,1,0,0,1,13,8,3,6,98,1,1
8,80402,1,1,3,24,11,17,45,1,0,1,0,8,2,7,482,7482,31,1998,3B7HF13Z1WG2,3,B,7,H,F,1,3,Z,1,W,G,2,0,0,0,000000000,00000000000,0,0,0,1,0,0,0,0,0,0,0,55,0,2,3,0,6,2,1,0,0,0,1,8,80105,6,1,0,0,3,0,66,135,1,0,0,0,0,6,2014,6,2014,4,6,87,0,0,2,2,75,1,5,1,4,0,0,1,6,1,4,4,7,1,0
8,80403,1,1,1,1,11,1,35,8,0,1,0,8,1,51,34,51034,6,1988,YV1AX8853J17,Y,V,1,A,X,8,8,5,3,J,1,7,0,0,0,000000000,00000000000,0,0,0,1,0,0,0,0,0,0,0,60,0,0,0,11,2,3,8,0,0,0,1,8,80134,6,2,0,0,3,1,67,120,0,0,0,0,0,0,0,0,0,0,0,0,0,0,2,5,55,1,1,2,1,2,3,1,80,1,1,1,13,0,0
8,80404,1,1,1,22,11,3,0,24,0,1,0,8,1,34,34,34034,1,1999,WBABJ7332XEA,W,B,A,B,J,7,3,3,2,X,E,A,0,0,0,000000000,00000000000,0,0,0,1,0,0,0,0,0,0,0,35,0,1,6,12,6,2,35,0,0,0,1,8,81506,6,1,0,0,3,0,75,215,0,0,0,1,0,2,2013,2,2013,0,6,0,0,0,1,2,35,1,1,2,1,0,0,1,13,1,1,4,1,1,1
8,80405,1,2,1,1,11,22,56,12,6,1,0,8,1,76,706,76706,80,2007,JYARN17E37A0,J,Y,A,R,N,1,7,E,3,7,A,0,0,0,0,000000000,00000000000,0,0,0,1,0,0,0,0,0,0,0,998,0,0,0,12,6,2,12,0,0,0,1,8,80910,6,1,0,0,3,0,70,170,0,5,0,0,1,10,2012,9,2013,5,6,39,0,0,5,5,35,1,5,2,1,2,3,1,17,3,2,1,86,1,0
8,80405,2,2,1,1,11,22,56,12,6,1,0,8,1,35,43,35043,4,2003,3N1AB51A73L7,3,N,1,A,B,5,1,A,7,3,L,7,0,0,0,000000000,00000000000,0,0,0,1,0,0,0,0,0,0,0,998,0,0,0,81,6,2,12,0,0,0,1,8,80909,0,0,0,0,0,0,999,999,0,0,0,0,0,0,0,0,0,0,0,0,0,0,5,5,35,1,1,2,1,2,3,1,66,99,1,1,87,0,0
8,80406,1,1,1,1,11,2,40,1,0,1,0,4,2,7,472,7472,30,2005,1D7HW48N35S2,1,D,7,H,W,4,8,N,3,5,S,2,0,0,0,000000000,00000000000,0,0,0,1,0,0,0,0,0,0,0,60,0,2,6,0,6,2,1,0,0,0,1,4,86035,6,1,0,0,3,0,70,205,0,0,0,0,0,0,0,0,0,3,8,36,0,0,1,2,25,2,6,2,1,28,3,14,12,9,4,4,7,1,1
8,80407,1,2,1,7,11,15,47,12,6,1,0,8,1,12,24,12024,6,2007,2FMDK48C87BA,2,F,M,D,K,4,8,C,8,7,B,A,0,0,0,000000000,00000000000,0,0,0,1,0,0,0,0,0,0,0,25,0,0,0,1,6,2,12,0,0,0,1,8,80219,6,1,0,0,3,3,68,255,0,0,0,0,0,0,0,0,0,0,6,38,0,0,2,3,45,1,1,1,1,2,3,11,15,1,1,1,68,0,0
8,80407,2,2,1,7,11,15,47,12,6,1,0,8,1,63,32,63032,4,2001,KNADC1238165,K,N,A,D,C,1,2,3,8,1,6,5,0,0,0,000000000,00000000000,0,0,0,1,0,0,0,0,0,0,0,45,0,0,0,12,6,2,12,0,0,0,1,8,80249,6,1,6,0,3,0,69,188,0,0,0,0,0,0,0,0,0,0,0,0,0,0,2,3,45,1,1,1,1,2,3,1,62,1,1,1,69,1,0
8,80408,1,1,1,23,11,18,57,8,0,1,0,8,1,24,401,24401,14,2007,5GZCZ63477S8,5,G,Z,C,Z,6,3,4,7,7,S,8,0,0,0,000000000,00000000000,0,0,0,1,0,0,0,0,0,0,0,35,0,0,0,12,4,8,8,0,0,0,1,8,80033,6,1,0,0,3,3,72,210,0,0,0,0,0,0,0,0,0,0,91,0,0,0,1,4,35,1,1,2,1,0,0,1,80,8,1,1,13,0,1
8,80409,1,1,2,27,4,1,21,30,0,1,0,8,2,55,33,55033,4,1996,KMHJF24M0TU2,K,M,H,J,F,2,4,M,0,T,U,2,0,0,0,000000000,00000000000,0,0,0,1,0,0,0,0,0,0,0,55,0,0,0,3,6,2,30,0,0,0,1,8,80537,6,1,0,0,3,0,67,125,0,1,1,0,0,7,2011,9,2012,3,8,36,0,0,1,2,30,1,1,2,1,0,0,1,6,9,4,4,7,1,0
8,80410,1,1,2,1,8,2,5,21,0,1,0,8,1,2,403,2403,14,2004,1J4FA39S64P7,1,J,4,F,A,3,9,S,6,4,P,7,0,0,0,000000000,00000000000,0,0,0,1,0,0,0,0,0,0,0,50,0,0,0,12,6,2,21,0,0,0,1,8,81657,6,1,0,0,3,3,68,150,0,0,0,0,0,0,0,0,0,3,36,0,0,0,1,2,35,1,1,2,1,0,0,1,13,6,1,4,1,1,1
8,80411,1,2,2,8,8,11,51,12,6,1,0,8,1,12,3,12003,1,1991,1FACP45E0MF2,1,F,A,C,P,4,5,E,0,M,F,2,0,0,0,000000000,00000000000,0,0,0,1,0,0,0,0,0,0,0,998,0,0,0,12,6,2,12,0,0,0,1,8,80906,6,1,0,0,3,0,64,140,0,0,0,0,0,0,0,0,0,9,6,39,0,0,2,2,35,1,1,2,1,1,3,1,17,3,2,1,88,2,0
8,80411,2,2,1,8,8,11,51,12,6,1,0,8,1,7,482,7482,31,2012,3C6UD5DL2CG1,3,C,6,U,D,5,D,L,2,C,G,1,0,0,0,000000000,00000000000,0,0,0,1,0,0,0,0,0,0,0,998,0,1,1,61,6,2,12,0,0,0,1,8,80103,6,1,0,0,3,0,68,130,0,0,0,0,0,0,0,0,0,0,0,0,0,0,2,2,45,1,1,2,1,1,3,1,66,99,1,1,89,0,0
8,80412,1,1,1,2,9,20,52,8,0,1,0,8,1,58,37,58037,4,2011,JN1CV6ARXBM4,J,N,1,C,V,6,A,R,X,B,M,4,0,0,0,000000000,00000000000,0,0,0,1,0,0,0,0,0,0,0,40,0,0,0,12,2,5,8,0,0,0,1,8,80123,6,1,0,0,3,3,68,145,0,0,0,0,0,0,0,0,0,0,0,0,0,0,2,4,40,1,1,2,1,0,0,1,80,1,1,1,13,0,0
8,80413,1,1,1,24,9,22,46,33,0,1,0,8,1,41,402,41402,14,2004,4F2YZ92B94KM,4,F,2,Y,Z,9,2,B,9,4,K,M,0,0,0,000000000,00000000000,0,0,0,1,0,0,0,0,0,0,0,998,0,0,0,12,6,2,42,0,0,0,1,8,80829,6,1,0,0,3,3,71,215,0,0,0,4,0,2,2013,9,2014,9,6,0,0,0,1,4,25,1,1,2,1,0,0,1,12,1,1,4,6,1,1
8,80414,1,1,1,1,10,21,42,8,0,1,0,8,1,12,17,12017,6,1998,1FAFP57U6WA1,1,F,A,F,P,5,7,U,6,W,A,1,0,0,0,000000000,00000000000,0,0,0,1,0,0,0,0,0,0,0,35,0,0,0,12,4,5,8,0,0,0,1,8,81401,6,1,0,0,3,0,65,200,0,0,0,0,0,0,0,0,0,0,0,0,0,0,5,5,35,3,1,2,2,0,0,14,80,1,1,1,13,0,0
8,80415,1,1,1,21,10,22,49,15,0,1,0,8,1,30,40,30040,4,1994,3VWRA21H9RM0,3,V,W,R,A,2,1,H,9,R,M,0,0,0,0,000000000,00000000000,0,0,0,1,0,0,0,0,0,0,0,35,0,0,0,12,4,8,15,0,0,0,1,8,80033,6,1,0,0,3,0,69,148,0,0,0,0,1,5,2012,5,2012,3,36,0,0,0,1,2,25,3,5,2,1,0,0,14,83,3,2,1,13,0,1
8,80416,1,1,1,1,12,13,10,35,0,1,0,48,1,49,32,49032,4,2013,5YFBU4EE2DP1,5,Y,F,B,U,4,E,E,2,D,P,1,0,0,0,000000000,00000000000,0,0,0,1,0,0,0,0,0,0,0,75,0,0,0,12,6,2,35,0,0,0,1,48,75252,6,1,0,0,3,1,999,999,0,0,0,0,0,0,0,0,0,3,36,0,0,0,1,2,65,1,1,2,1,0,0,1,13,1,1,4,1,1,0
8,80417,1,2,4,1,12,21,37,31,0,1,0,8,2,12,401,12401,14,2003,1FMZU73K73ZB,1,F,M,Z,U,7,3,K,7,3,Z,B,0,0,0,000000000,00000000000,0,0,0,1,0,0,0,0,0,0,0,75,0,1,3,3,6,2,1,0,0,0,1,8,80211,6,1,0,0,3,0,74,235,0,0,0,0,1,6,2014,6,2014,0,6,0,0,0,3,2,75,1,1,2,1,28,3,1,12,8,4,4,7,2,0
8,80417,2,2,2,1,12,21,37,31,0,1,0,8,3,7,482,7482,31,2014,1C6RR7FT7ES3,1,C,6,R,R,7,F,T,7,E,S,3,0,0,0,000000000,00000000000,0,0,0,1,0,0,0,0,0,0,0,75,0,0,0,10,2,5,54,0,0,0,1,8,80033,6,1,0,0,3,1,75,193,0,0,0,1,1,8,2013,6,2014,0,0,0,0,0,3,2,75,1,1,2,1,28,3,1,91,1,1,1,98,0,0
8,80418,1,1,3,3,12,18,23,8,0,1,0,8,3,12,16,12016,4,2005,2FAFP71W05X1,2,F,A,F,P,7,1,W,0,5,X,1,0,0,0,000000000,00000000000,0,0,0,1,0,0,0,0,0,1,0,25,0,0,0,12,4,3,8,0,0,0,1,8,80004,6,1,0,0,3,3,74,280,1,0,0,0,1,12,2011,3,2013,0,0,0,0,0,1,2,25,1,1,2,1,0,0,1,80,99,1,1,13,0,0
8,80419,1,1,1,3,12,17,59,8,0,1,0,8,1,7,482,7482,31,2001,1B7HF16Z21S2,1,B,7,H,F,1,6,Z,2,1,S,2,0,0,0,000000000,00000000000,0,0,0,1,0,0,0,0,0,0,0,35,0,0,0,12,2,5,8,0,0,0,1,8,80021,6,1,0,0,3,3,69,200,0,0,0,0,0,0,0,0,0,0,0,0,0,0,5,5,30,1,1,2,1,0,0,1,80,9,1,1,13,0,0
8,80420,1,2,1,5,12,14,45,12,1,1,0,8,2,22,2,22002,4,1989,1G2AF51W8K62,1,G,2,A,F,5,1,W,8,K,6,2,0,0,0,000000000,00000000000,0,0,0,1,0,0,0,0,0,0,0,60,0,0,0,12,6,2,12,0,0,0,1,8,80728,6,1,0,0,3,0,72,228,0,0,0,0,1,8,2013,8,2013,0,6,0,0,0,1,2,65,1,1,2,1,0,0,1,52,3,2,1,24,1,0
8,80420,2,2,1,5,12,14,45,12,1,1,0,8,1,12,880,12880,67,2015,1FT8X3BT8FEA,1,F,T,8,X,3,B,T,8,F,E,A,0,0,88,888888888,88888888888,2,1,97,1,0,0,0,0,0,0,0,5,0,0,0,6,4,5,12,0,0,0,1,8,80758,6,1,0,0,3,0,71,190,0,0,0,0,0,0,0,0,0,0,0,0,0,0,1,2,65,1,1,2,1,0,0,10,53,1,1,1,27,0,0
8,80421,1,2,1,7,12,18,0,12,2,1,0,8,2,41,471,41471,30,1999,4F4YR12C1XTM,4,F,4,Y,R,1,2,C,1,X,T,M,0,0,0,000000000,00000000000,0,0,0,1,0,0,0,0,0,0,0,65,0,1,1,12,6,2,12,0,0,0,1,8,81004,6,1,0,0,3,0,66,165,0,0,0,0,0,0,0,0,0,0,6,51,91,0,2,2,65,1,1,2,1,0,0,1,54,1,1,1,52,0,1
8,80421,2,2,2,7,12,18,0,12,2,1,0,8,1,37,31,37031,4,1993,JHMEG865XPS0,J,H,M,E,G,8,6,5,X,P,S,0,0,0,0,000000000,00000000000,0,0,0,1,0,0,0,0,0,0,0,65,0,0,0,12,6,2,12,0,0,0,1,8,81007,6,1,0,0,3,0,74,190,0,0,0,0,0,0,0,0,0,0,0,0,0,0,2,2,65,1,1,2,1,0,0,1,54,7,1,1,52,1,0
8,80422,1,1,1,8,12,20,29,39,0,1,0,8,2,37,31,37031,4,1996,1HGEJ6526TL0,1,H,G,E,J,6,5,2,6,T,L,0,0,0,0,000000000,00000000000,0,0,0,1,0,0,0,0,0,0,0,60,0,0,0,12,6,2,39,0,0,0,1,8,80221,0,0,0,0,0,0,999,999,0,0,0,0,0,0,0,0,0,2,36,0,0,0,1,4,30,1,5,2,1,0,0,1,6,1,1,4,1,1,0
8,80423,1,1,1,11,12,23,4,14,0,1,0,8,2,30,47,30047,3,2007,3VWRW31C57M5,3,V,W,R,W,3,1,C,5,7,M,5,0,0,0,000000000,00000000000,0,0,0,1,0,0,0,0,0,0,0,60,0,0,0,12,6,2,14,0,0,0,1,8,80219,6,2,0,0,3,3,60,130,0,0,0,0,1,9,2014,9,2014,3,36,0,0,0,1,2,25,1,6,2,1,0,0,1,10,1,1,4,11,1,1
8,80424,1,1,1,12,12,19,15,43,0,1,0,8,2,20,431,20431,16,2002,3GNFK16Z02G2,3,G,N,F,K,1,6,Z,0,2,G,2,0,0,0,000000000,00000000000,0,0,0,1,0,0,0,0,0,0,0,80,0,1,6,12,6,2,1,0,0,0,1,8,80648,6,1,6,0,3,0,73,210,0,0,0,1,0,2,2014,2,2014,3,8,36,58,0,1,2,55,1,1,2,1,0,0,1,12,9,3,4,2,1,1
8,80425,1,1,3,13,12,6,15,14,0,1,0,8,2,32,42,32042,4,2001,WAUEH64B21N1,W,A,U,E,H,6,4,B,2,1,N,1,0,0,0,000000000,00000000000,0,0,0,1,0,0,0,0,0,0,0,70,0,0,0,62,6,2,14,0,0,0,1,8,80219,4,1,0,0,2,0,64,190,0,3,1,0,0,9,2013,8,2014,2,8,36,0,0,1,2,25,1,1,2,1,0,0,1,6,7,1,4,11,1,1
8,80426,1,2,3,13,12,17,15,12,2,1,0,4,2,6,54,6054,6,2006,2A4GM68456R7,2,A,4,G,M,6,8,4,5,6,R,7,0,0,0,000000000,00000000000,0,0,0,1,0,0,0,0,0,0,0,79,0,0,0,12,6,2,12,0,0,1,1,4,86033,1,1,0,0,2,0,60,151,0,2,1,0,0,3,2013,9,2013,3,36,91,0,0,1,2,40,2,6,2,2,0,0,14,10,1,1,2,50,0,1
8,80426,2,2,3,13,12,17,15,12,2,1,0,49,2,35,43,35043,4,2012,3N1AB6AP6CL6,3,N,1,A,B,6,A,P,6,C,L,6,0,0,0,000000000,00000000000,0,0,0,1,0,0,0,0,0,0,0,50,0,0,0,12,6,2,12,0,0,0,1,8,81326,0,0,0,0,0,0,64,230,0,0,0,0,0,0,0,0,0,3,36,0,0,0,1,2,40,1,5,2,1,0,0,1,62,7,1,1,51,2,0
8,80427,1,1,1,13,12,22,35,1,0,1,0,8,1,2,403,2403,14,1988,2BCCV81J7JB5,2,B,C,C,V,8,1,J,7,J,B,5,0,0,0,000000000,00000000000,0,0,0,1,0,0,0,0,0,0,0,30,0,2,6,0,6,2,1,0,0,0,1,8,81601,6,1,0,0,3,0,72,225,0,0,0,0,0,0,0,0,0,4,6,8,87,0,1,2,35,2,6,2,4,40,3,14,6,6,3,4,2,1,0
8,80428,1,2,2,4,12,17,39,12,6,1,0,8,2,12,17,12017,4,2001,1FAFP52U41G1,1,F,A,F,P,5,2,U,4,1,G,1,0,0,0,000000000,00000000000,0,0,0,1,0,0,0,0,0,0,0,998,0,0,0,81,6,2,12,0,0,0,1,49,80524,3,1,0,0,2,3,65,140,98,0,0,0,0,0,0,0,0,0,0,0,0,0,1,7,50,1,1,2,1,2,3,11,15,1,1,1,68,1,0
8,80428,2,2,1,4,12,17,39,12,6,1,0,8,2,7,482,7482,31,2005,3D7KS28C05G8,3,D,7,K,S,2,8,C,0,5,G,8,0,0,0,000000000,00000000000,0,0,0,1,0,0,0,0,0,0,0,998,0,0,0,12,6,2,12,0,0,0,1,8,80521,6,1,0,0,3,0,70,150,0,1,0,1,3,1,2012,7,2014,9,6,39,0,0,1,7,50,1,1,2,1,2,3,1,63,2,1,1,69,0,0
8,80429,1,1,1,16,12,8,20,1,0,1,0,8,1,12,471,12471,30,2005,1FTZR45E75PA,1,F,T,Z,R,4,5,E,7,5,P,A,0,0,0,000000000,00000000000,0,0,0,1,0,0,0,0,0,0,0,53,0,2,3,0,6,2,1,0,0,0,1,8,81650,6,1,0,0,3,0,63,135,0,0,0,0,0,0,0,0,0,4,6,87,0,0,2,2,75,3,6,1,3,0,0,14,6,7,4,4,7,1,0
8,80430,1,1,4,18,12,19,58,42,0,1,0,8,1,32,42,32042,4,2000,WAUED24B3YN1,W,A,U,E,D,2,4,B,3,Y,N,1,0,0,0,000000000,00000000000,0,0,0,1,0,0,0,0,0,0,0,70,0,0,0,12,6,2,42,0,0,0,1,8,80017,2,2,0,0,2,0,64,110,0,10,0,0,0,12,2011,11,2014,3,36,0,0,0,2,3,40,1,1,2,1,0,0,1,6,6,1,4,1,1,1
8,80431,1,2,1,19,12,14,50,12,8,1,0,8,1,12,481,12481,31,1997,1FTHX26F2VEC,1,F,T,H,X,2,6,F,2,V,E,C,0,0,0,000000000,00000000000,0,0,0,1,0,0,0,0,0,0,0,65,0,0,0,61,6,2,12,0,0,1,1,8,81625,6,2,0,0,3,0,71,160,0,0,0,2,1,3,2014,10,2014,0,6,0,0,0,1,2,65,1,1,2,1,28,3,1,10,1,1,2,64,1,0
8,80431,2,2,1,19,12,14,50,12,8,1,0,8,3,87,881,87881,66,2001,1XP5DB9X71D5,1,X,P,5,D,B,9,X,7,1,D,5,1,1,57,1697753,571697753,3,6,2,1,0,0,0,0,0,0,0,55,0,1,5,61,6,2,12,0,0,0,1,8,81625,6,1,6,1,3,1,73,230,0,0,0,0,0,0,0,0,0,0,0,0,0,0,1,2,65,1,1,2,1,28,3,1,62,1,1,1,65,0,0
8,80432,1,1,1,20,12,15,8,35,0,1,0,8,1,32,37,32037,6,1991,WAUHE544XMN0,W,A,U,H,E,5,4,4,X,M,N,0,0,0,0,000000000,00000000000,0,0,0,1,0,0,0,0,0,0,0,62,0,0,0,62,6,2,35,0,0,0,1,8,80517,6,2,0,0,3,0,68,140,0,0,0,2,0,4,2013,11,2014,3,8,36,58,0,1,2,45,2,6,2,1,0,0,14,12,7,3,4,7,1,0
8,80433,1,2,1,20,12,15,45,12,2,1,0,8,2,24,7,24007,4,2006,1G8AK58FX6Z1,1,G,8,A,K,5,8,F,X,6,Z,1,0,0,0,000000000,00000000000,0,0,0,1,0,0,0,0,0,0,0,65,0,0,0,12,6,2,12,0,0,0,1,8,80643,6,1,3,0,3,0,64,110,0,0,0,0,0,0,0,0,0,0,6,0,0,0,1,2,65,1,1,2,1,0,0,1,10,1,1,2,50,1,1
8,80433,2,2,2,20,12,15,45,12,2,1,0,8,2,12,481,12481,31,2005,1FTPX14535NA,1,F,T,P,X,1,4,5,3,5,N,A,0,0,0,000000000,00000000000,0,0,0,1,0,0,0,0,0,0,0,65,0,1,5,12,6,2,12,0,0,0,1,8,80652,6,2,0,0,3,0,68,135,0,0,0,0,0,0,0,0,0,0,0,0,0,0,1,2,65,1,1,2,1,0,0,1,62,1,1,1,51,0,0
8,80434,1,2,2,21,12,7,52,12,1,1,0,56,1,48,34,48034,6,1990,JF2BJ65C1LH9,J,F,2,B,J,6,5,C,1,L,H,9,0,0,0,000000000,00000000000,0,0,0,1,0,0,0,0,0,0,0,65,1,0,0,12,6,2,12,0,0,0,1,56,82072,6,1,0,0,3,0,70,155,0,0,0,1,0,6,2014,6,2014,0,6,0,0,0,1,4,65,1,5,2,1,28,3,1,51,1,1,1,24,2,0
8,80434,2,2,1,21,12,7,52,12,1,1,0,31,3,84,881,84881,66,2012,3HSDJSJR8CN5,3,H,S,D,J,S,J,R,8,C,N,5,1,1,57,53467,5753467,3,6,1,1,0,0,0,0,0,0,0,35,0,0,0,6,4,5,12,0,0,0,1,49,84118,6,1,6,1,3,1,69,148,98,0,0,0,1,1,2014,1,2014,0,0,0,0,0,1,4,65,1,5,2,1,28,3,1,53,1,1,1,25,0,0
8,80435,1,1,1,22,12,19,40,52,0,1,0,8,1,49,401,49401,14,2000,JT3HN86R6Y02,J,T,3,H,N,8,6,R,6,Y,0,2,0,0,0,000000000,00000000000,0,0,0,1,0,0,0,0,0,0,0,60,0,1,5,61,6,2,1,0,0,0,1,8,80134,6,1,0,0,3,0,69,180,0,0,0,0,0,0,0,0,0,4,6,87,0,0,3,2,75,1,1,1,4,0,0,1,6,1,3,4,2,1,1
8,80436,1,2,3,25,12,16,40,12,6,1,0,8,1,18,23,18023,4,2007,1G4HD57217U2,1,G,4,H,D,5,7,2,1,7,U,2,0,0,0,000000000,00000000000,0,0,0,1,0,0,0,0,0,0,0,50,0,0,0,83,6,2,12,0,0,0,1,8,80538,6,1,0,0,3,0,72,180,0,0,0,0,0,0,0,0,0,4,6,87,0,0,1,2,65,1,1,2,3,0,0,1,6,8,4,4,66,2,0
8,80436,2,2,2,25,12,16,40,12,6,1,0,8,1,18,22,18022,4,2012,1G4GF5E34CF2,1,G,4,G,F,5,E,3,4,C,F,2,0,0,0,000000000,00000000000,0,0,0,1,0,0,0,0,0,0,0,40,0,0,0,12,6,2,12,0,0,0,1,8,80701,6,1,0,0,3,0,67,155,0,0,0,1,0,10,2012,10,2012,0,0,0,0,0,1,2,65,1,1,2,3,0,0,1,62,9,1,4,66,0,0
8,80437,1,1,1,22,12,17,28,8,0,1,0,8,1,7,422,7422,15,2005,1D4HB48N35F5,1,D,4,H,B,4,8,N,3,5,F,5,0,0,0,000000000,00000000000,0,0,0,1,0,0,0,0,0,0,0,45,0,0,0,12,2,3,8,0,0,0,1,8,81504,6,1,0,0,3,3,75,175,0,0,0,1,0,6,2012,6,2012,0,0,0,0,0,2,4,45,1,1,2,2,2,3,1,80,99,1,1,13,0,0
8,80438,1,1,4,26,12,14,20,42,0,1,0,29,2,20,401,20401,14,2002,1GNDT13S5225,1,G,N,D,T,1,3,S,5,2,2,5,0,0,0,000000000,00000000000,0,0,0,1,0,0,0,0,0,0,0,75,0,0,0,61,6,2,42,0,0,0,1,20,67037,6,1,0,0,3,0,65,125,0,0,0,0,0,0,0,0,0,4,6,87,0,0,3,2,75,1,5,1,3,0,0,1,6,99,3,4,2,2,0
8,80439,1,1,2,30,12,17,20,31,0,1,0,8,1,41,441,41441,20,2003,JM3LW28A7303,J,M,3,L,W,2,8,A,7,3,0,3,0,0,0,000000000,00000000000,0,0,0,1,0,0,0,0,0,0,0,45,0,2,5,5,6,2,1,0,0,0,1,8,81422,6,1,0,0,3,1,65,130,0,0,0,1,0,2,2013,2,2013,4,6,58,87,0,1,2,55,2,6,2,4,0,0,14,6,7,4,4,2,1,0
8,80440,1,2,1,26,12,21,57,12,6,1,0,8,1,42,401,42401,14,2001,4JGAB54E91A2,4,J,G,A,B,5,4,E,9,1,A,2,0,0,0,000000000,00000000000,0,0,0,1,0,0,0,0,0,0,0,998,0,0,0,81,6,2,12,0,0,0,1,8,80012,6,1,0,0,3,0,72,185,0,0,0,0,0,0,0,0,0,0,6,38,0,0,2,3,45,1,1,1,4,0,0,11,15,1,1,1,68,1,0
8,80440,2,2,1,26,12,21,57,12,6,1,1,8,1,48,401,48401,14,2001,JF1SF63551G7,J,F,1,S,F,6,3,5,5,1,G,7,0,0,0,000000000,00000000000,0,0,0,1,0,0,0,0,0,0,0,998,0,0,0,12,6,2,12,0,0,0,1,8,80221,6,1,0,0,3,0,69,175,0,0,0,2,0,10,2014,12,2014,5,0,0,0,0,2,3,45,1,1,1,4,0,0,1,62,1,1,1,69,0,0
8,80441,1,3,1,30,12,12,0,12,7,1,0,8,1,49,471,49471,30,1995,4TAVN73F4SZ0,4,T,A,V,N,7,3,F,4,S,Z,0,0,0,0,000000000,00000000000,0,0,0,1,0,0,0,0,0,0,0,55,0,0,0,61,6,2,39,0,0,0,1,8,80033,6,1,0,0,3,1,66,160,0,0,0,0,0,0,0,0,0,4,6,87,0,0,2,3,65,1,1,2,4,0,0,1,6,7,4,2,45,1,0
8,80441,2,3,1,30,12,12,0,12,7,1,0,8,1,58,37,58037,4,2006,JNKCV51F26M6,J,N,K,C,V,5,1,F,2,6,M,6,0,0,0,000000000,00000000000,0,0,0,1,0,0,0,0,0,0,0,45,0,0,0,81,4,5,12,0,0,0,1,8,80439,6,1,0,0,3,0,67,150,0,0,0,0,0,0,0,0,0,0,0,0,0,0,2,3,65,1,1,2,4,0,0,1,61,1,1,1,44,0,0