STATE,ST_CASE,VEH_NO,VE_FORMS,NUMOCCS,DAY,MONTH,HOUR,MINUTE,HARM_EV,MAN_COLL,UNITTYPE,HIT_RUN,REG_STAT,OWNER,MAKE,MODEL,MAK_MOD,BODY_TYP,MOD_YEAR,VIN,VIN_1,VIN_2,VIN_3,VIN_4,VIN_5,VIN_6,VIN_7,VIN_8,VIN_9,VIN_10,VIN_11,VIN_12,TOW_VEH,J_KNIFE,MCARR_I1,MCARR_I2,MCARR_ID,GVWR,V_CONFIG,CARGO_BT,HAZ_INV,HAZ_PLAC,HAZ_ID,HAZ_CNO,HAZ_REL,BUS_USE,SPEC_USE,EMER_USE,TRAV_SP,UNDERIDE,ROLLOVER,ROLINLOC,IMPACT1,DEFORMED,TOWED,M_HARM,VEH_SC1,VEH_SC2,FIRE_EXP,DR_PRES,L_STATE,DR_ZIP,L_STATUS,L_TYPE,CDL_STAT,L_ENDORS,L_COMPL,L_RESTRI,DR_HGT,DR_WGT,PREV_ACC,PREV_SUS,PREV_DWI,PREV_SPD,PREV_OTH,FIRST_MO,FIRST_YR,LAST_MO,LAST_YR,SPEEDREL,DR_SF1,DR_SF2,DR_SF3,DR_SF4,VTRAFWAY,VNUM_LAN,VSPD_LIM,VALIGN,VPROFILE,VPAVETYP,VSURCOND,VTRAFCON,VTCONT_F,P_CRASH1,P_CRASH2,P_CRASH3,PCRASH4,PCRASH5,ACC_TYPE,DEATHS,DR_DRINK
9,90034,1,1,3,10,5,0,58,42,0,1,0,9,1,35,32,35032,2,1989,JN1HS34P9KW0,J,N,1,H,S,3,4,P,9,K,W,0,0,0,0,000000000,00000000000,0,0,0,1,0,0,0,0,0,0,0,998,0,0,0,11,6,2,42,0,0,0,1,9,6043,6,1,0,0,3,0,65,999,98,0,0,0,0,0,0,0,0,4,91,36,0,0,1,2,45,1,6,2,2,28,3,1,13,99,3,4,2,1,1
9,90035,1,4,1,9,5,16,9,12,2,1,0,25,1,12,471,12471,30,2005,1FTZR45E05PA,1,F,T,Z,R,4,5,E,0,5,P,A,0,0,0,000000000,00000000000,0,0,0,1,0,0,0,0,0,0,0,998,0,0,0,12,6,2,12,0,0,0,1,25,1257,6,1,6,0,3,0,72,999,0,0,0,0,1,10,2013,10,2013,0,28,0,0,0,1,2,45,1,9,2,2,0,0,1,10,99,9,2,50,0,0
9,90035,2,4,1,9,5,16,9,12,2,1,0,9,1,49,40,49040,4,1998,JT2BG22K9W01,J,T,2,B,G,2,2,K,9,W,0,1,0,0,0,000000000,00000000000,0,0,0,1,0,0,0,0,0,0,0,998,0,0,0,12,6,2,12,0,0,0,1,9,6763,6,1,0,0,3,0,62,999,98,0,0,0,0,0,0,0,0,9,0,0,0,0,1,2,45,1,9,2,2,0,0,1,62,99,1,1,51,1,0
9,90035,3,4,3,9,5,16,9,12,2,1,0,9,1,12,471,12471,30,2000,1FTYR10C0YTA,1,F,T,Y,R,1,0,C,0,Y,T,A,0,0,0,000000000,00000000000,0,0,0,1,0,0,0,0,0,0,0,998,0,0,0,12,6,2,12,0,0,0,1,9,6098,6,1,0,0,3,0,64,999,98,0,0,0,0,0,0,0,0,0,0,0,0,0,1,2,45,1,9,2,2,0,0,1,62,1,1,1,98,0,0
9,90035,4,4,3,9,5,16,9,12,2,1,0,9,2,2,404,2404,14,1998,1J4FJ68S8WL1,1,J,4,F,J,6,8,S,8,W,L,1,0,0,0,000000000,00000000000,0,0,0,1,0,0,0,0,0,0,0,998,0,0,0,12,6,2,12,0,0,0,1,9,6019,6,1,0,0,3,0,61,999,98,0,0,1,0,7,2012,7,2012,0,0,0,0,0,1,2,45,1,9,2,2,0,0,1,62,9,1,1,98,0,0
9,90036,1,2,1,11,5,22,1,12,6,1,0,92,0,98,701,98701,81,2006,LFETCK421670,L,F,E,T,C,K,4,2,1,6,7,0,0,0,0,000000000,00000000000,0,0,0,1,0,0,0,0,0,0,0,35,0,0,0,81,6,2,12,0,0,0,1,9,6066,0,0,0,0,0,0,74,999,98,0,0,0,0,0,0,0,0,9,0,0,0,0,1,2,25,2,6,2,1,0,0,14,10,4,4,2,62,1,1
9,90036,2,2,0,11,5,22,1,12,6,1,0,25,6,48,38,48038,6,1997,JF1GF4859VH8,J,F,1,G,F,4,8,5,9,V,H,8,0,0,0,000000000,00000000000,0,0,0,1,0,0,0,0,0,0,0,0,0,0,0,12,4,5,12,0,0,0,0,0,99997,7,6,97,7,6,7,998,997,998,998,998,998,998,98,9998,98,9998,8,0,0,0,0,1,2,25,3,5,2,1,0,0,0,62,0,0,0,62,0,0
9,90037,1,2,1,6,5,6,4,12,6,1,0,9,1,2,403,2403,14,2007,1J4GA64127L1,1,J,4,G,A,6,4,1,2,7,L,1,0,0,0,000000000,00000000000,0,0,0,1,0,0,0,0,0,0,0,998,0,0,0,12,6,2,12,0,0,0,1,9,6498,6,1,0,0,3,3,63,999,98,0,0,0,0,0,0,0,0,9,0,0,0,0,1,3,30,1,1,2,1,0,0,1,72,99,1,1,83,0,0
9,90037,2,2,1,6,5,6,4,12,6,1,0,9,1,37,31,37031,4,2009,2HGFA16589H3,2,H,G,F,A,1,6,5,8,9,H,3,0,0,0,000000000,00000000000,0,0,0,1,0,0,0,0,0,0,0,998,0,0,0,10,6,2,12,0,0,0,1,9,6355,6,1,0,0,3,3,70,999,98,0,0,0,0,0,0,0,0,0,38,0,0,0,1,3,30,1,1,2,1,0,0,11,15,1,1,1,82,1,0
9,90038,1,1,1,9,5,19,12,30,0,1,0,92,0,98,701,98701,88,2013,L9NTEAQB7D10,L,9,N,T,E,A,Q,B,7,D,1,0,0,0,0,000000000,00000000000,0,0,0,1,0,0,0,0,0,0,0,998,0,0,0,12,6,2,30,0,0,0,1,9,6280,6,1,0,0,3,0,66,999,98,1,1,1,0,10,2012,1,2013,9,0,0,0,0,1,2,25,1,1,2,1,0,0,1,13,1,1,4,1,1,1
9,90039,1,1,1,26,5,18,10,8,0,1,0,9,1,14,6,14006,4,1996,2MELM7566TX6,2,M,E,L,M,7,5,6,6,T,X,6,0,0,0,000000000,00000000000,0,0,0,1,0,0,0,0,0,0,0,998,0,0,0,12,4,3,8,0,0,0,1,9,6082,6,1,0,0,3,0,73,999,98,0,0,0,0,0,0,0,0,0,38,91,0,0,1,2,25,1,1,2,1,0,0,1,80,99,1,1,13,0,0
9,90040,1,1,1,30,5,9,36,8,0,1,0,9,1,42,42,42042,4,2013,WDDGF8AB1DR2,W,D,D,G,F,8,A,B,1,D,R,2,0,0,0,000000000,00000000000,0,0,0,1,0,0,0,0,0,0,0,998,0,0,0,12,2,5,8,0,0,0,1,9,6902,6,1,0,0,3,0,67,999,98,0,0,0,0,0,0,0,0,0,38,0,0,0,1,3,25,1,6,2,1,0,0,10,80,1,1,1,13,0,0
9,90041,1,3,1,12,5,10,28,12,8,1,0,9,1,6,52,6052,6,2002,3C4FY58B92T3,3,C,4,F,Y,5,8,B,9,2,T,3,0,0,0,000000000,00000000000,0,0,0,1,0,0,0,0,0,0,0,999,0,0,0,7,4,5,12,0,0,0,1,9,6010,6,1,0,0,3,0,72,999,98,0,0,0,0,0,0,0,0,0,0,0,0,0,1,3,40,3,2,2,1,28,3,14,62,9,1,1,65,0,0
9,90041,2,3,1,12,5,10,28,12,8,1,0,9,1,23,481,23481,31,2002,1GTHK29192E2,1,G,T,H,K,2,9,1,9,2,E,2,0,0,0,000000000,00000000000,0,0,0,1,0,0,0,0,0,0,0,999,0,0,0,12,6,2,12,0,0,0,1,9,6010,6,1,0,0,3,0,72,999,98,0,0,0,0,0,0,0,0,0,0,0,0,0,1,3,40,3,2,2,1,28,3,14,62,1,1,1,98,0,0
9,90041,3,3,1,12,5,10,28,12,8,1,0,9,1,18,2,18002,4,2000,1G4HP54K2Y41,1,G,4,H,P,5,4,K,2,Y,4,1,0,0,0,000000000,00000000000,0,0,0,1,0,0,0,0,0,0,0,999,0,0,0,11,6,2,12,0,0,0,1,9,6106,6,1,0,0,3,0,69,999,98,0,0,0,0,0,0,0,0,0,28,0,0,0,1,3,40,2,2,2,1,28,3,14,10,1,1,2,64,1,0
9,90042,1,1,1,20,5,15,34,33,0,1,0,92,0,98,709,98709,88,9999,LBBTAB202AB6,L,B,B,T,A,B,2,0,2,A,B,6,0,0,0,000000000,00000000000,0,0,0,1,0,0,0,0,0,0,0,998,0,0,0,11,2,3,33,0,0,0,1,9,6460,6,1,0,0,3,3,71,999,98,0,0,0,0,0,0,0,0,9,0,0,0,0,1,4,25,1,6,2,1,2,3,10,12,1,1,4,6,1,1
9,90043,1,2,1,3,6,1,0,12,1,1,0,9,1,53,706,53706,80,2012,JS1GX72A7C21,J,S,1,G,X,7,2,A,7,C,2,1,0,0,0,000000000,00000000000,0,0,0,1,0,0,0,0,0,0,0,998,0,0,0,6,6,2,12,0,0,0,1,9,6610,6,1,0,0,3,0,67,999,98,0,0,1,0,6,2013,6,2013,9,0,0,0,0,3,2,55,1,1,2,1,0,0,1,53,1,1,1,25,1,0
9,90043,2,2,1,3,6,1,0,12,1,1,0,9,1,98,706,98706,80,2014,ZD4RKUA4XES0,Z,D,4,R,K,U,A,4,X,E,S,0,0,0,0,000000000,00000000000,0,0,0,1,0,0,0,0,0,0,0,998,0,0,0,12,6,2,12,0,0,0,1,9,6516,6,1,0,0,3,0,66,999,98,0,0,0,0,0,0,0,0,9,26,0,0,0,3,2,55,1,1,2,1,0,0,1,51,99,1,1,24,0,0
9,90044,1,1,1,8,6,1,59,53,0,1,0,9,3,20,9,20009,1,2013,2G1FB3D32D91,2,G,1,F,B,3,D,3,2,D,9,1,0,0,0,000000000,00000000000,0,0,0,1,0,0,0,0,0,0,0,102,0,0,0,12,6,2,30,0,0,0,1,9,6074,6,1,0,0,3,0,68,999,98,0,0,0,1,6,2014,6,2014,3,36,0,0,0,1,2,40,4,2,2,1,28,3,14,13,2,1,4,1,1,1
9,90045,1,1,1,16,6,12,27,1,0,1,0,9,1,72,706,72706,80,2005,1HD1FRW185Y6,1,H,D,1,F,R,W,1,8,5,Y,6,0,0,0,000000000,00000000000,0,0,0,1,0,0,0,0,0,0,0,999,0,0,0,0,6,2,31,0,0,0,1,9,6359,6,1,0,0,3,0,66,999,98,0,0,0,0,0,0,0,0,9,0,0,0,0,6,1,25,2,5,2,1,40,3,14,9,1,9,4,98,1,0
9,90046,1,2,1,16,6,8,5,12,6,1,0,9,1,7,41,7041,4,1993,2B3ED46TXPH6,2,B,3,E,D,4,6,T,X,P,H,6,0,0,0,000000000,00000000000,0,0,0,1,0,0,0,0,0,0,0,999,0,0,0,10,6,2,12,0,0,0,1,9,6477,6,1,0,0,3,0,69,999,98,0,0,0,0,0,0,0,0,0,0,0,0,0,1,2,25,1,6,2,1,1,3,1,66,1,1,1,89,1,0
9,90046,2,2,1,16,6,8,5,12,6,1,0,9,2,35,49,35049,6,2005,JN8AZ08W25W4,J,N,8,A,Z,0,8,W,2,5,W,4,0,0,0,000000000,00000000000,0,0,0,1,0,0,0,0,0,0,0,999,0,0,0,12,6,2,12,0,0,0,1,9,6512,6,1,0,0,3,0,63,999,98,0,0,0,0,0,0,0,0,9,39,0,0,0,3,2,45,1,1,2,1,1,3,1,66,1,1,1,88,0,0
9,90047,1,1,1,17,6,16,58,42,0,1,0,53,1,37,705,37705,80,2008,JH2PC40048M1,J,H,2,P,C,4,0,0,4,8,M,1,0,0,0,000000000,00000000000,0,0,0,1,0,0,0,0,0,0,0,998,0,0,0,99,6,2,42,0,0,0,1,53,98311,6,1,0,0,3,0,72,176,0,0,0,0,0,0,0,0,0,9,0,0,0,0,1,2,25,4,8,2,1,0,0,14,12,99,1,4,6,1,0
9,90048,1,1,3,19,6,1,2,42,0,1,0,9,2,52,39,52039,3,1995,JA3AN74K3SY0,J,A,3,A,N,7,4,K,3,S,Y,0,0,0,0,000000000,00000000000,0,0,0,1,0,0,0,0,0,0,0,104,0,0,0,9,6,2,42,0,0,0,1,9,6382,6,1,0,0,3,0,72,999,98,0,0,0,0,0,0,0,0,3,0,0,0,0,1,2,40,1,1,2,1,0,0,1,13,9,3,4,2,3,1
9,90049,1,2,2,5,6,10,56,30,0,1,0,9,1,54,31,54031,3,1992,JH4DA9354NS0,J,H,4,D,A,9,3,5,4,N,S,0,0,0,0,000000000,00000000000,0,0,0,1,0,0,0,0,0,0,0,998,0,0,0,3,6,2,30,0,0,0,1,9,6053,0,0,0,0,0,0,68,999,98,0,0,0,1,9,2012,9,2012,5,0,0,0,0,1,2,25,1,1,2,2,0,0,1,12,1,4,4,7,1,0
9,90049,2,2,0,5,6,10,56,30,0,1,0,9,3,20,401,20401,14,1991,1GBCS10A7M29,1,G,B,C,S,1,0,A,7,M,2,9,0,0,0,000000000,00000000000,0,0,0,1,0,0,0,0,0,0,0,0,0,0,0,12,4,5,12,42,0,0,0,0,99997,7,6,97,7,6,7,998,997,998,998,998,998,998,98,9998,98,9998,8,0,0,0,0,1,2,25,1,1,2,2,0,0,0,64,0,0,0,98,0,0
9,90050,1,1,1,20,6,0,9,30,0,1,0,9,2,76,705,76705,80,2005,JYARJ06E55A0,J,Y,A,R,J,0,6,E,5,5,A,0,0,0,0,000000000,00000000000,0,0,0,1,0,0,0,0,0,0,0,998,0,0,0,12,6,2,30,0,0,0,1,9,6051,6,1,0,0,2,0,71,999,98,0,0,0,0,0,0,0,0,9,0,0,0,0,3,2,25,4,6,2,1,0,0,14,12,3,1,4,6,1,1
9,90051,1,2,2,19,6,20,30,31,0,1,0,9,2,35,39,35039,4,2004,1N4BA41E04C8,1,N,4,B,A,4,1,E,0,4,C,8,0,0,0,000000000,00000000000,0,0,0,1,0,0,0,0,0,0,0,998,0,0,0,12,6,2,30,0,0,1,1,9,6118,1,1,0,0,2,0,70,999,98,2,0,0,0,4,2013,2,2014,3,0,0,0,0,1,2,25,1,1,2,1,20,3,1,12,8,4,4,7,2,1
9,90051,2,2,1,19,6,20,30,31,0,1,0,9,1,52,402,52402,14,2008,4A4MN21S18E0,4,A,4,M,N,2,1,S,1,8,E,0,0,0,0,000000000,00000000000,0,0,0,1,0,0,0,0,0,0,0,35,0,0,0,3,6,2,12,0,0,0,1,9,6040,6,1,0,0,3,0,70,999,98,0,0,0,0,0,0,0,0,0,0,0,0,0,2,2,35,1,1,2,1,0,0,1,64,1,1,1,98,0,0
9,90052,1,4,1,20,6,16,28,12,1,1,1,99,9,99,999,99999,79,9999,999999999999,9,9,9,9,9,9,9,9,9,9,9,9,0,0,99,999999999,99999999999,9,1,1,1,0,0,0,0,0,0,0,999,0,0,0,6,9,5,12,0,0,0,1,99,99999,9,9,99,9,9,9,999,999,99,99,99,99,99,99,9999,99,9999,0,0,0,0,0,3,3,65,1,1,2,1,40,3,1,53,1,1,1,98,0,0
9,90052,2,4,1,20,6,16,28,12,1,1,0,9,2,49,32,49032,4,1997,2T1BB02E1VC1,2,T,1,B,B,0,2,E,1,V,C,1,0,0,0,000000000,00000000000,0,0,0,1,0,0,0,0,0,0,0,30,0,0,0,6,6,2,12,0,0,0,1,9,6410,6,1,0,0,3,0,70,999,98,0,0,0,0,0,0,0,0,0,0,0,0,0,3,3,65,1,1,2,1,40,3,2,53,1,1,1,29,0,0
9,90052,3,4,1,20,6,16,28,12,1,1,0,9,2,53,706,53706,80,2004,JS1GR7JAX421,J,S,1,G,R,7,J,A,X,4,2,1,0,0,0,000000000,00000000000,0,0,0,1,0,0,0,0,0,0,0,999,0,0,0,12,6,2,12,0,0,0,1,9,6010,0,0,0,0,0,0,72,999,98,0,0,0,1,1,2014,1,2014,9,0,0,0,0,3,3,65,1,1,2,1,40,3,1,52,1,1,1,28,1,0
9,90052,4,4,1,20,6,16,28,12,1,1,0,9,1,35,39,35039,4,2004,1N4BA41E74C9,1,N,4,B,A,4,1,E,7,4,C,9,0,0,0,000000000,00000000000,0,0,0,1,0,0,0,0,0,0,0,998,0,0,0,12,2,5,12,0,0,0,1,9,6438,6,1,0,0,3,3,63,999,98,0,0,0,1,10,2013,10,2013,0,0,0,0,0,3,3,65,1,1,2,1,40,3,1,61,99,1,1,98,0,0
9,90053,1,1,1,23,6,0,56,25,0,1,0,9,2,53,706,53706,80,2007,JS1GT77A9721,J,S,1,G,T,7,7,A,9,7,2,1,0,0,0,000000000,00000000000,0,0,0,1,0,0,0,0,0,0,0,998,0,0,0,12,6,2,25,0,0,0,1,9,6120,0,0,0,0,0,0,68,999,98,0,0,0,1,8,2013,8,2013,9,0,0,0,0,3,3,25,3,5,2,1,40,3,14,13,99,1,4,1,1,0
9,90054,1,1,1,24,6,5,2,30,0,1,0,9,2,37,706,37706,80,2003,JH2PC37093M0,J,H,2,P,C,3,7,0,9,3,M,0,0,0,0,000000000,00000000000,0,0,0,1,0,0,0,0,0,0,0,999,0,0,0,12,6,2,30,0,0,0,1,9,6514,6,1,0,0,2,0,71,999,98,0,0,0,0,0,0,0,0,9,0,0,0,0,2,2,65,2,1,2,1,0,0,14,12,1,1,4,6,1,1
9,90056,1,1,1,24,6,22,11,8,0,1,1,99,9,37,31,37031,9,9999,999999999999,9,9,9,9,9,9,9,9,9,9,9,9,0,0,0,000000000,00000000000,0,0,0,1,0,0,0,0,0,0,0,45,0,0,0,12,9,5,8,0,0,0,1,99,99999,9,9,99,9,9,9,999,999,99,99,99,99,99,99,9999,99,9999,9,0,0,0,0,1,2,35,1,1,2,1,0,0,1,80,9,1,1,13,0,0
9,90057,1,2,1,26,6,14,17,12,1,1,0,9,1,37,706,37706,80,1987,JH2PC1909HM0,J,H,2,P,C,1,9,0,9,H,M,0,0,0,0,000000000,00000000000,0,0,0,1,0,0,0,0,0,0,0,998,0,0,0,12,6,2,12,0,0,0,1,9,6776,6,1,0,0,3,0,62,999,98,0,0,0,0,0,0,0,0,9,26,0,0,0,1,2,40,1,1,2,1,0,0,1,50,3,1,1,20,1,0
9,90057,2,2,2,26,6,14,17,12,1,1,0,9,3,20,461,20461,22,2012,1GCWGFCA7C11,1,G,C,W,G,F,C,A,7,C,1,1,0,0,0,000000000,00000000000,0,0,0,1,0,0,0,0,0,0,0,0,0,0,0,6,4,5,12,0,0,0,1,9,6776,6,1,0,0,3,3,73,999,98,0,0,0,0,0,0,0,0,0,0,0,0,0,1,2,40,1,1,2,1,0,0,5,53,1,1,1,21,0,0
9,90058,1,1,1,10,5,20,1,30,0,1,0,9,1,73,705,73705,80,1982,JKAKZFC1XCB5,J,K,A,K,Z,F,C,1,X,C,B,5,0,0,0,000000000,00000000000,0,0,0,1,0,0,0,0,0,0,0,999,0,0,0,12,6,2,30,0,0,0,1,9,6120,6,1,0,0,2,0,67,999,98,0,0,0,0,0,0,0,0,3,36,0,0,0,1,2,45,3,5,2,2,0,0,14,13,1,1,4,1,1,0
9,90059,1,1,1,2,7,7,19,8,0,1,0,9,1,12,37,12037,4,2000,1FAFP3836YW2,1,F,A,F,P,3,8,3,6,Y,W,2,0,0,0,000000000,00000000000,0,0,0,1,0,0,0,0,0,0,0,36,0,0,0,12,6,2,8,0,0,0,1,9,6492,6,1,0,0,3,3,68,999,98,0,0,1,1,5,2013,2,2014,0,6,91,0,0,1,3,35,1,1,2,1,0,0,1,80,1,1,1,13,0,0
9,90060,1,2,1,27,6,16,1,12,6,1,0,9,1,76,706,76706,80,2013,JYARN23E4DA0,J,Y,A,R,N,2,3,E,4,D,A,0,0,0,0,000000000,00000000000,0,0,0,1,0,0,0,0,0,0,0,30,0,0,0,12,6,2,12,0,0,0,1,9,6902,6,1,6,0,3,0,68,999,98,0,0,0,0,0,0,0,0,0,0,0,0,0,1,2,30,1,1,2,1,0,0,1,62,3,1,1,69,1,0
9,90060,2,2,1,27,6,16,1,12,6,1,0,9,2,12,473,12473,30,2001,1FMZU67E01UA,1,F,M,Z,U,6,7,E,0,1,U,A,0,0,0,000000000,00000000000,0,0,0,1,0,0,0,0,0,0,0,15,0,0,0,3,4,5,12,0,0,0,1,9,6902,6,1,0,0,3,3,72,999,98,0,0,0,0,0,0,0,0,0,38,91,0,0,1,3,30,1,1,2,1,0,0,11,15,1,1,1,68,0,0
9,90061,1,1,1,6,7,4,47,42,0,1,0,9,2,41,37,41037,4,1997,1YVGE22D3V56,1,Y,V,G,E,2,2,D,3,V,5,6,0,0,0,000000000,00000000000,0,0,0,1,0,0,0,0,0,0,0,999,0,1,5,12,6,2,42,0,0,0,1,9,6850,4,1,0,0,2,0,61,999,98,0,0,0,0,0,0,0,0,3,0,0,0,0,1,2,30,1,1,2,1,0,0,1,13,99,1,4,1,1,1
9,90062,1,1,1,7,7,0,5,8,0,1,0,9,1,49,40,49040,4,1999,4T1BG22K0XU8,4,T,1,B,G,2,2,K,0,X,U,8,0,0,0,000000000,00000000000,0,0,0,1,0,0,0,0,0,0,0,999,0,0,0,12,6,2,8,0,0,0,1,9,6473,6,1,0,0,3,3,71,999,98,1,0,1,0,11,2012,1,2013,9,0,0,0,0,1,3,30,1,1,2,1,2,3,1,80,1,1,1,13,0,0
9,90063,1,2,1,13,7,4,11,12,98,1,0,9,1,72,706,72706,80,2005,1HD1FFW195Y6,1,H,D,1,F,F,W,1,9,5,Y,6,0,0,0,000000000,00000000000,0,0,0,1,0,0,0,0,0,0,0,999,0,0,0,12,6,2,12,0,0,0,1,9,6280,6,1,0,0,3,0,71,999,98,0,0,0,0,0,0,0,0,0,0,0,0,0,1,2,40,1,1,2,1,0,0,99,99,99,1,9,99,1,0
9,90063,2,2,3,13,7,4,11,12,98,1,0,9,1,49,401,49401,14,2005,JTEHD20V4560,J,T,E,H,D,2,0,V,4,5,6,0,0,0,0,000000000,00000000000,0,0,0,1,0,0,0,0,0,0,0,999,0,0,0,9,6,2,12,0,0,0,1,9,6360,6,1,0,0,3,3,72,999,98,0,0,0,0,0,0,0,0,0,0,0,0,0,1,2,40,1,1,2,1,0,0,99,99,99,9,9,99,0,0
9,90064,1,1,1,9,7,19,33,24,0,1,0,9,2,72,706,72706,80,2004,1HD1CGP164K4,1,H,D,1,C,G,P,1,6,4,K,4,0,0,0,000000000,00000000000,0,0,0,1,0,0,0,0,0,0,0,998,0,0,0,61,6,2,24,0,0,0,1,9,6074,1,1,0,0,2,0,67,999,98,0,0,0,0,0,0,0,0,3,0,0,0,0,1,1,30,2,5,2,1,40,3,14,12,99,1,4,6,1,1
9,90065,1,2,3,10,7,20,12,12,1,1,0,9,1,20,402,20402,14,2002,2CNBJ7343269,2,C,N,B,J,7,3,4,3,2,6,9,0,0,0,000000000,00000000000,0,0,0,1,0,0,0,0,0,0,0,998,0,0,0,6,6,2,12,0,0,0,1,9,6053,6,1,0,0,3,0,62,999,98,1,0,1,0,6,2012,8,2012,0,0,0,0,0,3,3,65,1,5,2,1,0,0,1,53,1,1,1,25,0,0
9,90065,2,2,1,10,7,20,12,12,1,1,0,9,1,76,706,76706,80,2009,JYARN23E39A0,J,Y,A,R,N,2,3,E,3,9,A,0,0,0,0,000000000,00000000000,0,0,0,1,0,0,0,0,0,0,0,998,0,0,0,12,6,2,12,0,0,0,1,9,6705,6,1,0,0,2,0,75,999,98,0,0,2,2,2,2012,12,2013,5,26,0,0,0,3,3,65,1,5,2,1,0,0,1,51,99,1,1,24,1,0
9,90066,1,1,1,14,7,13,56,8,0,1,0,9,1,87,881,87881,63,2004,1NP5XBTX64D8,1,N,P,5,X,B,T,X,6,4,D,8,0,0,57,664385,57664385,3,2,4,1,0,0,0,0,0,0,0,998,0,0,0,12,0,5,8,0,0,0,1,9,6460,6,1,6,0,3,0,68,999,98,0,0,0,0,0,0,0,0,0,53,0,0,0,1,2,25,1,1,2,1,0,0,1,80,1,1,1,13,0,0
9,90067,1,1,1,24,5,18,54,31,0,1,0,9,1,52,34,52034,4,2001,4A3AA46G41E0,4,A,3,A,A,4,6,G,4,1,E,0,0,0,0,000000000,00000000000,0,0,0,1,0,0,0,0,0,0,0,998,0,0,0,12,6,2,2,0,0,1,1,9,6512,6,1,0,0,3,0,69,999,98,0,0,1,0,3,2014,3,2014,9,0,0,0,0,4,2,35,1,1,2,1,0,0,1,13,99,9,4,1,1,0
9,90068,1,1,1,19,6,9,25,8,0,1,0,9,1,20,25,20025,4,2012,1G1PF5SC0C72,1,G,1,P,F,5,S,C,0,C,7,2,0,0,0,000000000,00000000000,0,0,0,1,0,0,0,0,0,0,0,998,0,0,0,12,6,2,8,0,0,0,1,9,6354,6,1,0,0,3,0,70,999,98,0,0,0,0,0,0,0,0,9,38,0,0,0,1,2,25,1,1,2,2,0,0,1,80,1,1,1,13,0,0
9,90069,1,4,2,6,1,11,28,12,1,1,0,9,1,54,31,54031,3,1995,JH4DC4457SS0,J,H,4,D,C,4,4,5,7,S,S,0,0,0,0,000000000,00000000000,0,0,0,1,0,0,0,0,0,0,0,0,0,0,0,6,6,2,12,0,0,0,1,9,6460,6,1,0,0,3,0,61,999,98,0,0,0,0,0,0,0,0,0,6,36,91,0,3,4,65,1,5,2,2,28,3,7,53,1,1,1,21,1,0
9,90069,2,4,1,6,1,11,28,12,1,1,0,44,4,82,881,82881,62,2012,1FVACWDT0CDB,1,F,V,A,C,W,D,T,0,C,D,B,0,0,57,1428962,571428962,2,1,1,1,0,0,0,0,0,0,0,999,0,0,0,12,6,2,12,0,0,0,1,44,2864,6,1,6,0,3,0,70,999,0,0,0,0,0,0,0,0,0,0,0,0,0,0,3,4,65,1,5,2,2,28,3,1,50,9,1,1,20,0,0
9,90069,3,4,1,6,1,11,28,12,1,1,0,25,1,12,24,12024,6,2010,2FMDK3GC0ABB,2,F,M,D,K,3,G,C,0,A,B,B,0,0,0,000000000,00000000000,0,0,0,1,0,0,0,0,0,0,0,999,0,0,0,5,6,2,12,0,0,0,1,25,2066,6,1,0,0,3,3,72,999,0,0,0,0,1,3,2013,3,2013,0,0,0,0,0,3,4,65,1,5,2,2,28,3,1,60,1,1,1,98,0,0
9,90069,4,4,1,6,1,11,28,12,1,1,0,9,1,19,3,19003,4,2003,1G6KS54Y93U2,1,G,6,K,S,5,4,Y,9,3,U,2,0,0,0,000000000,00000000000,0,0,0,1,0,0,0,0,0,0,0,999,0,0,0,12,4,5,12,0,0,0,1,9,6320,6,1,0,0,3,0,69,999,98,0,0,0,0,0,0,0,0,0,0,0,0,0,3,4,65,1,5,2,2,28,3,1,60,8,1,1,98,0,0
9,90071,1,2,1,23,1,11,30,12,2,1,0,9,1,12,471,12471,30,2009,1FTYR10D09PA,1,F,T,Y,R,1,0,D,0,9,P,A,0,0,0,000000000,00000000000,0,0,0,1,0,0,0,0,0,0,0,999,0,0,0,12,6,2,12,0,0,0,1,9,6790,6,1,0,0,3,0,74,999,98,0,0,0,0,0,0,0,0,0,0,0,0,0,1,2,40,1,5,2,1,0,0,1,62,99,1,1,51,0,0
9,90071,2,2,2,23,1,11,30,12,2,1,0,51,1,20,25,20025,4,2014,1G1PC5SB8E71,1,G,1,P,C,5,S,B,8,E,7,1,0,0,0,000000000,00000000000,0,0,0,1,0,0,0,0,0,0,0,998,0,0,0,12,6,2,12,0,0,0,1,12,32507,6,1,0,0,3,0,73,999,0,0,0,0,0,0,0,0,0,0,0,0,0,0,1,2,40,1,6,2,1,0,0,1,10,99,1,2,50,1,0
9,90072,1,1,1,26,1,2,8,24,0,1,0,9,1,59,31,59031,4,2001,JT8BF28G7103,J,T,8,B,F,2,8,G,7,1,0,3,0,0,0,000000000,00000000000,0,0,0,1,0,0,0,0,0,0,0,998,0,0,0,12,6,2,24,0,0,0,1,9,6357,6,1,0,0,3,0,69,999,98,0,0,0,0,0,0,0,0,0,39,0,0,0,1,2,40,2,6,2,2,4,3,14,14,99,1,4,14,1,0
9,90073,1,3,1,28,1,11,45,12,2,1,0,9,1,37,32,37032,4,2001,1HGCG16541A0,1,H,G,C,G,1,6,5,4,1,A,0,0,0,0,000000000,00000000000,0,0,0,1,0,0,0,0,0,0,0,999,0,0,0,12,6,2,12,0,0,0,1,9,6804,6,1,0,0,3,0,68,999,98,0,0,0,1,11,2013,11,2013,9,28,0,0,0,1,2,25,1,1,2,1,0,0,1,10,3,9,2,50,1,0