STATE,ST_CASE,VEH_NO,VE_FORMS,NUMOCCS,DAY,MONTH,HOUR,MINUTE,HARM_EV,MAN_COLL,UNITTYPE,HIT_RUN,REG_STAT,OWNER,MAKE,MODEL,MAK_MOD,BODY_TYP,MOD_YEAR,VIN,VIN_1,VIN_2,VIN_3,VIN_4,VIN_5,VIN_6,VIN_7,VIN_8,VIN_9,VIN_10,VIN_11,VIN_12,TOW_VEH,J_KNIFE,MCARR_I1,MCARR_I2,MCARR_ID,GVWR,V_CONFIG,CARGO_BT,HAZ_INV,HAZ_PLAC,HAZ_ID,HAZ_CNO,HAZ_REL,BUS_USE,SPEC_USE,EMER_USE,TRAV_SP,UNDERIDE,ROLLOVER,ROLINLOC,IMPACT1,DEFORMED,TOWED,M_HARM,VEH_SC1,VEH_SC2,FIRE_EXP,DR_PRES,L_STATE,DR_ZIP,L_STATUS,L_TYPE,CDL_STAT,L_ENDORS,L_COMPL,L_RESTRI,DR_HGT,DR_WGT,PREV_ACC,PREV_SUS,PREV_DWI,PREV_SPD,PREV_OTH,FIRST_MO,FIRST_YR,LAST_MO,LAST_YR,SPEEDREL,DR_SF1,DR_SF2,DR_SF3,DR_SF4,VTRAFWAY,VNUM_LAN,VSPD_LIM,VALIGN,VPROFILE,VPAVETYP,VSURCOND,VTRAFCON,VTCONT_F,P_CRASH1,P_CRASH2,P_CRASH3,PCRASH4,PCRASH5,ACC_TYPE,DEATHS,DR_DRINK
9,90195,5,7,2,12,10,21,26,12,1,1,0,9,2,35,47,35047,4,2011,1N4AL2AP6BN4,1,N,4,A,L,2,A,P,6,B,N,4,0,0,0,000000000,00000000000,0,0,0,1,0,0,0,0,0,0,0,999,0,0,0,6,6,2,12,0,0,0,1,9,6385,6,1,0,0,3,0,63,999,98,0,0,0,0,0,0,0,0,0,0,0,0,0,3,2,55,1,1,2,1,0,0,1,53,1,1,1,98,0,0
9,90195,6,7,2,12,10,21,26,12,1,1,0,36,1,34,34,34034,2,2008,WBAWC33578PU,W,B,A,W,C,3,3,5,7,8,P,U,0,0,0,000000000,00000000000,0,0,0,1,0,0,0,0,0,0,0,999,0,0,0,6,6,2,12,0,0,0,1,36,10128,6,1,0,0,3,0,65,999,1,0,0,1,0,3,2013,3,2013,0,0,0,0,0,3,2,55,1,1,2,1,0,0,1,53,1,1,1,25,1,0
9,90195,7,7,1,12,10,21,26,12,1,1,0,25,3,82,881,82881,66,2007,1FUJA6DE57LY,1,F,U,J,A,6,D,E,5,7,L,Y,1,1,57,0255677,570255677,3,6,1,1,0,0,0,0,0,0,0,999,0,0,0,12,6,2,12,0,0,0,1,25,2777,6,1,6,0,3,0,69,999,0,0,0,1,2,11,2012,8,2014,9,26,0,0,0,3,2,55,1,1,2,1,0,0,1,51,2,1,1,24,0,0
9,90196,1,1,1,6,10,6,26,59,0,1,0,9,0,76,705,76705,83,2014,JYACJ18C8EE0,J,Y,A,C,J,1,8,C,8,E,E,0,0,0,0,000000000,00000000000,0,0,0,1,0,0,0,0,0,0,0,999,0,0,0,2,6,2,59,0,0,0,1,25,1516,1,1,0,0,2,0,69,999,1,1,0,0,1,12,2012,8,2014,9,0,0,0,0,3,3,65,1,1,2,1,0,0,1,13,6,3,4,2,1,1
9,90197,1,1,1,8,10,5,40,8,0,1,0,9,1,20,36,20036,2,2000,2G1WX12K0Y93,2,G,1,W,X,1,2,K,0,Y,9,3,0,0,0,000000000,00000000000,0,0,0,1,0,0,0,0,0,0,0,998,0,0,0,12,6,2,8,0,0,0,1,9,6010,6,1,6,0,3,0,65,999,98,0,0,0,0,0,0,0,0,0,0,0,0,0,1,4,30,1,1,2,2,0,0,1,80,1,1,1,13,0,0
9,90198,1,1,1,15,7,18,32,42,0,1,0,9,1,20,471,20471,30,1999,1GCDT19X6X81,1,G,C,D,T,1,9,X,6,X,8,1,0,0,0,000000000,00000000000,0,0,0,1,0,0,0,0,0,0,0,998,0,0,0,13,6,2,30,0,0,0,1,9,6906,6,1,0,0,3,0,66,999,98,1,0,1,0,9,2012,5,2013,0,0,0,0,0,3,3,55,1,1,2,2,0,0,1,8,1,1,1,98,1,0
9,90199,2,2,0,1,11,2,28,12,6,1,0,36,6,55,37,55037,2,2006,KMHHM65D56U2,K,M,H,H,M,6,5,D,5,6,U,2,0,0,0,000000000,00000000000,0,0,0,1,0,0,0,0,0,0,0,0,0,0,0,3,6,2,8,0,0,0,0,0,99997,7,6,97,7,6,7,998,997,998,998,998,998,998,98,9998,98,9998,8,0,0,0,0,3,3,55,8,8,2,1,0,0,0,53,0,0,0,48,0,0
9,90199,3,2,1,1,11,2,28,12,6,1,0,36,1,37,31,37031,2,2000,1HGEJ8148YL1,1,H,G,E,J,8,1,4,8,Y,L,1,0,0,0,000000000,00000000000,0,0,0,1,0,0,0,0,0,0,0,998,0,0,0,12,6,2,12,0,0,0,1,36,10543,6,1,0,0,3,3,68,999,99,99,99,99,99,99,9999,99,9999,9,0,0,0,0,3,3,55,8,8,2,1,0,0,1,50,1,1,1,48,0,0
9,90200,1,1,1,3,11,15,35,8,0,1,0,9,1,51,43,51043,6,2004,YV1SZ59H6411,Y,V,1,S,Z,5,9,H,6,4,1,1,0,0,0,000000000,00000000000,0,0,0,1,0,0,0,0,0,0,0,999,0,0,0,12,6,2,8,0,0,0,1,9,6250,6,1,0,0,3,0,71,999,98,0,0,1,0,5,2013,5,2013,9,28,0,0,0,1,2,30,1,2,2,1,0,0,1,13,1,1,4,13,0,0
9,90201,1,2,1,5,11,13,44,12,2,1,0,9,2,49,46,49046,5,2013,JTDKN3DU4D56,J,T,D,K,N,3,D,U,4,D,5,6,0,0,0,000000000,00000000000,0,0,0,1,0,0,0,0,0,0,0,998,0,0,0,12,6,2,12,0,0,0,1,9,6355,6,1,0,0,3,3,66,999,98,0,0,0,0,0,0,0,0,0,0,0,0,0,1,2,50,1,1,2,1,0,0,1,62,4,1,1,51,1,0
9,90201,2,2,1,5,11,13,44,12,2,1,0,9,1,2,422,2422,15,2015,1C4RJFCG2FC6,1,C,4,R,J,F,C,G,2,F,C,6,0,0,0,000000000,00000000000,0,0,0,1,0,0,0,0,0,0,0,998,0,0,0,12,6,2,12,0,0,0,1,9,6106,6,1,0,0,3,3,67,999,98,0,0,0,1,6,2012,6,2012,9,28,0,0,0,1,2,50,1,1,2,1,0,0,1,10,1,1,2,50,0,0
9,90202,1,2,2,10,11,12,43,12,6,1,0,9,1,30,40,30040,4,2002,3VWSK69M02M0,3,V,W,S,K,6,9,M,0,2,M,0,0,0,0,000000000,00000000000,0,0,0,1,0,0,0,0,0,0,0,40,0,0,0,3,6,2,12,0,0,0,1,9,6074,6,1,0,0,3,0,75,999,98,0,0,0,0,0,0,0,0,0,38,0,0,0,2,2,40,1,1,2,1,2,3,11,15,1,1,1,68,1,0
9,90202,2,2,1,10,11,12,43,12,6,1,0,9,2,51,47,51047,4,2001,YV1RS61N2120,Y,V,1,R,S,6,1,N,2,1,2,0,0,0,0,000000000,00000000000,0,0,0,1,0,0,0,0,0,0,0,40,0,0,0,12,6,2,12,0,0,0,1,9,6118,0,0,0,0,0,0,999,999,98,0,0,0,0,0,0,0,0,9,0,0,0,0,2,2,40,1,1,2,1,2,3,1,62,3,2,1,69,0,0
9,90203,1,2,1,2,11,0,54,12,2,1,0,9,2,30,46,30046,4,1999,WVWMA63B6XE4,W,V,W,M,A,6,3,B,6,X,E,4,0,0,0,000000000,00000000000,0,0,0,1,0,0,0,0,0,0,0,998,0,0,0,12,6,2,12,0,0,0,1,9,6615,6,1,0,0,3,3,66,999,98,1,0,0,0,1,2013,1,2013,9,0,0,0,0,2,2,40,1,1,2,2,2,3,1,10,99,1,2,50,1,0
9,90203,2,2,1,2,11,0,54,12,2,1,0,9,2,20,401,20401,14,2000,1GNDT13W3Y21,1,G,N,D,T,1,3,W,3,Y,2,1,0,0,0,000000000,00000000000,0,0,0,1,0,0,0,0,0,0,0,998,0,0,0,12,6,2,12,0,0,0,1,9,6605,0,0,0,0,0,0,999,999,98,0,0,0,0,0,0,0,0,9,0,0,0,0,2,2,40,1,1,2,2,0,0,1,62,99,1,1,51,0,0
9,90204,1,2,2,7,11,20,47,12,6,1,1,9,1,35,47,35047,4,2002,1N4BL11E42C1,1,N,4,B,L,1,1,E,4,2,C,1,0,0,0,000000000,00000000000,0,0,0,1,0,0,0,0,0,0,0,998,0,0,0,12,6,2,12,0,0,0,1,9,6604,6,1,0,0,3,0,66,999,98,0,0,0,0,0,0,0,0,3,36,39,91,0,1,2,25,1,1,2,1,2,3,1,17,1,1,1,86,1,0
9,90204,2,2,2,7,11,20,47,12,6,1,0,9,1,34,34,34034,6,2007,WBAVT73557FZ,W,B,A,V,T,7,3,5,5,7,F,Z,0,0,0,000000000,00000000000,0,0,0,1,0,0,0,0,0,0,0,998,0,0,0,3,6,2,12,0,0,0,1,9,6807,6,1,0,0,3,3,71,999,98,0,0,0,0,0,0,0,0,0,0,0,0,0,1,3,35,1,1,2,1,2,3,1,66,1,1,1,87,1,0
9,90205,1,2,1,7,11,4,21,12,1,1,0,42,3,84,881,84881,66,2012,3HSDJSJR5CN0,3,H,S,D,J,S,J,R,5,C,N,0,1,1,57,38261,5738261,3,6,1,1,0,0,0,0,0,0,0,0,0,0,0,6,6,2,12,0,0,0,1,42,18519,6,1,6,0,3,0,72,999,0,0,0,0,0,0,0,0,0,0,0,0,0,0,3,3,65,1,5,2,99,0,0,5,53,1,1,1,21,0,0
9,90205,2,2,1,7,11,4,21,12,1,1,0,42,3,82,881,82881,66,2015,3AKJGLD54FSG,3,A,K,J,G,L,D,5,4,F,S,G,1,1,57,327574,57327574,3,6,1,1,0,0,0,0,0,0,0,998,0,0,0,12,6,2,12,0,0,0,1,42,18014,6,1,6,0,3,0,69,999,0,0,0,0,3,12,2011,9,2014,9,26,0,0,0,3,3,65,1,5,2,99,0,0,1,50,99,9,1,20,1,0
9,90206,1,1,1,8,11,0,3,8,0,1,1,99,9,99,999,99999,99,9999,999999999999,9,9,9,9,9,9,9,9,9,9,9,9,0,0,0,000000000,00000000000,0,0,0,1,0,0,0,0,0,0,0,999,0,0,0,12,9,5,8,0,0,0,1,99,99999,9,9,99,9,9,9,999,999,99,99,99,99,99,99,9999,99,9999,9,0,0,0,0,1,2,25,2,1,2,1,28,3,14,80,1,9,1,13,0,0
9,90207,1,1,1,20,11,18,24,8,0,1,0,9,1,49,46,49046,5,2012,JTDKN3DU4C15,J,T,D,K,N,3,D,U,4,C,1,5,0,0,0,000000000,00000000000,0,0,0,1,0,0,0,0,0,0,0,28,0,0,0,12,6,2,8,0,0,0,1,9,6410,6,1,0,0,3,0,61,999,98,0,0,0,0,0,0,0,0,0,0,0,0,0,1,2,35,1,1,2,1,0,0,1,80,1,1,1,13,0,0
9,90208,1,1,1,21,11,15,1,14,0,1,0,9,1,20,2,20002,4,2008,2G1WT58NX892,2,G,1,W,T,5,8,N,X,8,9,2,0,0,0,000000000,00000000000,0,0,0,1,0,0,0,0,0,0,0,28,0,0,0,12,4,3,14,0,0,0,1,9,6492,6,1,0,0,3,0,68,999,98,0,0,0,0,0,0,0,0,0,0,0,0,0,1,2,30,1,1,2,1,0,0,1,12,1,1,4,6,1,0
9,90209,1,1,1,20,11,22,27,30,0,1,0,9,1,23,481,23481,31,2005,1GTEK19BX5Z1,1,G,T,E,K,1,9,B,X,5,Z,1,0,0,0,000000000,00000000000,0,0,0,1,0,0,0,0,0,0,0,998,0,0,0,12,6,2,30,0,0,0,1,9,6111,6,1,0,0,3,0,73,999,98,0,0,0,0,0,0,0,0,9,0,0,0,0,2,4,55,2,1,2,1,40,3,14,12,1,1,4,6,1,1
9,90210,1,2,1,23,11,21,13,12,7,1,0,9,1,7,422,7422,15,2004,1D8HB58D74F1,1,D,8,H,B,5,8,D,7,4,F,1,0,0,0,000000000,00000000000,0,0,0,1,0,0,0,0,0,0,0,998,0,1,5,81,6,2,19,0,0,0,1,9,6109,6,1,0,0,3,0,68,999,98,0,0,0,0,0,0,0,0,3,33,39,0,0,1,2,35,1,1,2,1,1,3,6,50,3,1,1,44,1,1
9,90210,2,2,1,23,11,21,13,12,7,1,0,25,1,7,442,7442,20,2005,1D4GP24R75B2,1,D,4,G,P,2,4,R,7,5,B,2,0,0,0,000000000,00000000000,0,0,0,1,0,0,0,0,0,0,0,0,0,0,0,61,4,5,12,0,0,0,1,25,1109,6,1,0,0,3,0,66,999,0,0,0,0,0,0,0,0,0,0,0,0,0,0,1,2,35,1,1,2,1,1,3,5,61,1,1,1,45,0,0
9,90211,1,1,1,20,11,2,8,42,0,1,0,9,0,14,6,14006,4,1999,2MEFM75W1XX6,2,M,E,F,M,7,5,W,1,X,X,6,0,0,0,000000000,00000000000,0,0,0,1,0,0,0,0,0,0,0,998,0,1,5,4,6,2,1,0,0,0,1,9,6489,6,1,0,0,3,0,69,999,98,0,0,0,0,0,0,0,0,3,36,0,0,0,1,2,25,3,3,2,1,0,0,14,12,8,4,4,7,1,1
9,90212,1,1,2,24,10,20,24,14,0,1,1,9,3,20,481,20481,31,2002,1GCEK14V12Z2,1,G,C,E,K,1,4,V,1,2,Z,2,0,0,0,000000000,00000000000,0,0,0,1,0,0,0,0,0,0,0,998,0,0,0,12,6,2,8,0,0,0,1,9,6854,0,0,0,0,0,0,999,999,98,0,0,0,0,0,0,0,0,0,52,91,0,0,1,2,25,1,1,2,1,20,3,9,8,1,1,4,11,0,1
9,90213,1,2,1,11,5,10,17,12,1,1,0,9,1,67,32,67032,3,2012,JTKJF5C72C30,J,T,K,J,F,5,C,7,2,C,3,0,0,0,0,000000000,00000000000,0,0,0,1,0,0,0,0,0,0,0,998,0,0,0,12,6,2,12,0,0,0,1,9,6443,6,1,0,0,3,0,66,999,98,0,0,0,1,4,2013,4,2013,0,26,91,0,0,1,2,40,1,1,2,1,0,0,1,51,1,1,1,24,0,1
9,90213,2,2,1,11,5,10,17,12,1,1,0,9,1,53,706,53706,80,2000,JS1VS52A8Y21,J,S,1,V,S,5,2,A,8,Y,2,1,0,0,0,000000000,00000000000,0,0,0,1,0,0,0,0,0,0,0,998,0,0,0,6,6,2,12,0,0,0,1,9,6471,6,1,0,0,3,0,69,175,98,0,0,0,0,0,0,0,0,0,0,0,0,0,1,2,40,1,1,2,1,0,0,1,53,1,1,1,25,1,0
9,90214,1,2,1,6,5,12,27,12,2,1,0,9,2,35,47,35047,4,2005,1N4AL11D35C2,1,N,4,A,L,1,1,D,3,5,C,2,0,0,0,000000000,00000000000,0,0,0,1,0,0,0,0,0,0,0,998,0,0,0,12,6,2,12,0,0,1,1,9,6471,6,1,0,0,3,0,64,999,98,0,0,0,1,10,2013,10,2013,0,28,0,0,0,1,2,45,1,1,2,1,0,0,1,10,1,1,2,50,1,0
9,90214,2,2,1,6,5,12,27,12,2,1,0,9,3,86,881,86881,63,1988,1M2B197C7JW0,1,M,2,B,1,9,7,C,7,J,W,0,0,0,57,0759609,570759609,3,2,4,1,0,0,0,0,0,0,0,998,0,0,0,12,6,2,12,0,0,0,1,9,6492,6,1,6,0,3,3,72,999,98,0,0,0,0,0,0,0,0,0,0,0,0,0,1,2,45,1,1,2,1,0,0,1,62,9,1,1,51,0,0
9,90215,1,2,1,27,8,6,41,12,6,1,0,9,2,37,31,37031,3,1995,2HGEH236XSH5,2,H,G,E,H,2,3,6,X,S,H,5,0,0,0,000000000,00000000000,0,0,0,1,0,0,0,0,0,0,0,998,0,0,0,11,6,2,12,0,0,0,1,9,6706,0,0,0,0,0,0,999,999,98,0,0,0,0,0,0,0,0,0,39,36,0,0,4,2,35,2,1,2,1,20,3,11,15,1,1,1,82,1,0
9,90215,2,2,1,27,8,6,41,12,6,1,0,9,2,12,401,12401,14,1998,1FMYU24EXWUB,1,F,M,Y,U,2,4,E,X,W,U,B,0,0,0,000000000,00000000000,0,0,0,1,0,0,0,0,0,0,0,998,0,0,0,12,6,2,12,0,0,0,1,9,6770,0,0,0,0,0,0,67,999,98,1,0,0,1,9,2013,6,2014,0,0,0,0,0,1,4,40,1,1,2,1,0,0,1,67,1,1,1,83,0,0
9,90216,1,2,2,9,10,8,47,12,2,1,0,9,1,22,22,22022,4,2008,1G2ZF57B2841,1,G,2,Z,F,5,7,B,2,8,4,1,0,0,0,000000000,00000000000,0,0,0,1,0,0,0,0,0,0,0,998,0,0,0,12,6,2,12,0,0,0,1,9,6026,6,1,0,0,3,0,66,999,98,0,0,0,0,0,0,0,0,0,28,91,0,0,1,2,35,2,1,2,1,40,3,14,10,1,1,2,50,1,0
9,90216,2,2,2,9,10,8,47,12,2,1,0,10,3,12,881,12881,62,2000,3FDWF6587YMA,3,F,D,W,F,6,5,8,7,Y,M,A,0,0,57,6731,576731,2,1,1,1,0,0,0,0,0,0,0,998,0,0,0,12,6,2,12,0,0,0,1,25,1104,6,1,6,0,3,0,69,999,0,0,0,0,0,0,0,0,0,0,0,0,0,0,1,2,35,3,1,2,1,0,0,14,62,3,1,1,51,0,0
9,90217,1,1,2,17,10,9,54,39,0,1,0,9,2,37,401,37401,14,2000,JHLRD1843YC0,J,H,L,R,D,1,8,4,3,Y,C,0,0,0,0,000000000,00000000000,0,0,0,1,0,0,0,0,0,0,0,998,0,0,0,14,6,2,8,0,0,0,1,9,6424,6,1,0,0,3,0,63,999,98,0,0,0,0,0,0,0,0,0,28,0,0,0,1,2,30,1,1,2,1,0,0,1,12,1,1,4,6,0,0
9,90218,1,1,1,25,11,20,17,24,0,1,0,9,1,59,31,59031,4,2000,JT8BF28G3Y51,J,T,8,B,F,2,8,G,3,Y,5,1,0,0,0,000000000,00000000000,0,0,0,1,0,0,0,0,0,0,0,998,0,0,0,1,6,2,24,0,0,0,1,9,6855,6,1,0,0,3,0,65,999,98,0,0,0,2,12,2013,12,2013,3,0,0,0,0,3,3,55,1,1,2,1,0,0,1,11,1,1,4,1,1,1
9,90219,1,1,1,2,12,19,31,8,0,1,0,23,3,86,881,86881,66,2014,1M1AW21Y1EM0,1,M,1,A,W,2,1,Y,1,E,M,0,1,1,57,259249,57259249,3,6,1,1,0,0,0,0,0,0,0,998,0,0,0,12,2,5,8,0,0,0,1,23,4459,6,1,6,0,3,0,70,999,0,0,0,0,1,10,2012,10,2012,0,0,0,0,0,3,3,55,1,5,2,1,0,0,1,80,99,1,1,13,0,0
9,90220,1,2,1,4,12,6,30,12,1,1,1,9,1,34,402,34402,14,2012,5UXWX5C50CL7,5,U,X,W,X,5,C,5,0,C,L,7,0,0,0,000000000,00000000000,0,0,0,1,0,0,0,0,0,0,0,999,0,0,0,12,4,5,12,0,0,0,1,9,6610,6,1,0,0,3,0,67,999,98,0,0,0,0,0,0,0,0,9,26,91,0,0,2,2,25,1,1,2,1,0,0,1,51,1,1,1,24,0,0
9,90220,2,2,2,4,12,6,30,12,1,1,0,9,2,48,34,48034,6,1997,4S3BG6850V76,4,S,3,B,G,6,8,5,0,V,7,6,0,0,0,000000000,00000000000,0,0,0,1,0,0,0,0,0,0,0,999,0,0,0,6,6,2,42,0,0,0,1,9,6610,0,0,0,0,0,0,64,999,98,0,0,0,0,0,0,0,0,0,0,0,0,0,2,2,25,1,1,2,1,0,0,1,53,1,1,1,25,1,0
9,90221,1,1,1,5,12,17,46,8,0,1,0,9,1,7,472,7472,30,1997,1B7GG26X2VS2,1,B,7,G,G,2,6,X,2,V,S,2,0,0,0,000000000,00000000000,0,0,0,1,0,0,0,0,0,0,0,998,0,0,0,12,4,5,8,0,0,0,1,9,6281,6,1,0,0,3,0,67,999,98,0,0,0,0,0,0,0,0,0,0,0,0,0,1,2,35,1,1,2,1,0,0,1,80,99,1,1,13,0,0
9,90223,1,2,1,7,12,3,40,12,6,1,0,25,1,49,32,49032,4,2006,1NXBR32E06Z6,1,N,X,B,R,3,2,E,0,6,Z,6,0,0,0,000000000,00000000000,0,0,0,1,0,0,0,0,0,0,0,999,0,0,0,8,6,2,12,0,0,0,1,25,2382,6,1,0,0,3,3,64,999,0,0,0,0,1,4,2013,4,2013,0,48,0,0,0,1,3,50,1,1,2,1,0,0,12,53,1,1,2,72,1,1
9,90223,2,2,3,7,12,3,40,12,6,1,0,44,1,19,481,19481,31,2007,3GYFK62867G3,3,G,Y,F,K,6,2,8,6,7,G,3,0,0,0,000000000,00000000000,0,0,0,1,0,0,0,0,0,0,0,999,0,0,0,12,6,2,12,0,0,0,1,44,2864,6,1,0,0,3,0,72,999,0,0,0,1,2,2,2013,9,2014,9,0,0,0,0,1,3,50,1,1,2,1,0,0,1,51,8,1,2,73,0,1
9,90224,1,2,1,8,12,16,45,12,1,1,0,9,3,2,403,2403,14,2011,1J4RR6GG8BC5,1,J,4,R,R,6,G,G,8,B,C,5,0,0,0,000000000,00000000000,0,0,0,1,0,0,0,0,0,0,0,0,0,0,0,6,6,2,12,0,0,0,1,9,6890,6,1,0,0,3,0,68,999,98,0,0,0,0,0,0,0,0,0,0,0,0,0,3,3,55,1,1,2,1,0,0,5,53,1,1,1,21,0,0
9,90224,2,2,1,8,12,16,45,12,1,1,0,36,1,49,40,49040,4,1992,JT2SK12E6N00,J,T,2,S,K,1,2,E,6,N,0,0,0,0,0,000000000,00000000000,0,0,0,1,0,0,0,0,0,0,0,998,0,0,0,12,6,2,12,0,0,0,1,36,10573,6,1,0,0,3,0,66,999,1,0,0,0,1,4,2012,8,2012,9,26,0,0,0,3,3,55,1,1,2,1,0,0,1,50,1,1,1,20,1,0
9,90225,1,1,1,11,12,20,47,8,0,1,0,9,1,34,37,34037,4,1998,WBAGJ832XWDM,W,B,A,G,J,8,3,2,X,W,D,M,0,0,0,000000000,00000000000,0,0,0,1,0,0,0,0,0,0,0,998,0,0,0,12,6,2,8,0,0,0,1,9,6492,6,1,0,0,3,3,72,999,98,0,0,0,0,0,0,0,0,0,0,0,0,0,3,3,55,1,1,2,1,0,0,1,80,1,1,1,13,0,0
9,90226,1,1,2,13,12,2,16,30,0,1,0,9,2,52,46,52046,4,2012,JA32W8FV8CU0,J,A,3,2,W,8,F,V,8,C,U,0,0,0,0,000000000,00000000000,0,0,0,1,0,0,0,0,0,0,0,998,0,1,5,99,6,2,1,0,0,0,1,9,6037,6,1,0,0,3,0,68,999,98,0,0,1,0,9,2013,9,2013,3,91,0,0,0,3,2,65,2,5,2,1,0,0,14,13,99,1,4,1,1,1
9,90227,1,1,3,14,12,19,34,24,0,1,0,37,0,37,32,37032,4,2002,1HGCG22592A0,1,H,G,C,G,2,2,5,9,2,A,0,0,0,0,000000000,00000000000,0,0,0,1,0,0,0,0,0,0,0,998,0,1,5,99,6,2,1,0,0,0,1,25,1085,6,1,0,0,3,3,69,999,0,1,0,1,1,2,2012,10,2014,9,0,0,0,0,3,3,65,1,5,2,1,0,0,1,13,1,1,4,1,1,1
9,90228,1,1,1,19,12,18,31,8,0,1,0,9,1,37,32,37032,4,2007,1HGCM66587A0,1,H,G,C,M,6,6,5,8,7,A,0,0,0,0,000000000,00000000000,0,0,0,1,0,0,0,0,0,0,0,998,0,0,0,12,6,2,8,0,0,0,1,9,6790,6,1,0,0,3,0,71,999,98,0,0,0,0,0,0,0,0,0,0,0,0,0,1,2,35,1,1,2,1,0,0,1,80,1,1,1,13,0,0
9,90229,1,2,4,20,12,14,29,12,2,1,0,9,3,12,461,12461,21,2005,1FDXE45P55HB,1,F,D,X,E,4,5,P,5,5,H,B,0,0,0,000000000,00000000000,0,0,0,1,0,0,0,0,0,6,2,998,0,0,0,12,6,2,12,0,0,0,1,25,1106,6,1,6,0,3,0,67,999,0,0,0,0,0,0,0,0,0,0,0,0,0,0,1,2,30,1,1,2,1,0,0,1,62,99,1,1,51,0,0
9,90229,2,2,1,20,12,14,29,12,2,1,0,9,1,35,51,35051,6,2010,JN8AS5MV0AW6,J,N,8,A,S,5,M,V,0,A,W,6,0,0,0,000000000,00000000000,0,0,0,1,0,0,0,0,0,0,0,998,0,0,0,12,6,2,12,0,0,0,1,9,6016,6,1,0,0,3,0,70,999,98,0,0,0,0,0,0,0,0,0,28,0,0,0,1,2,30,1,1,2,1,0,0,1,10,1,1,2,50,1,1
9,90230,1,2,1,22,12,8,0,12,2,1,0,9,3,98,998,98998,97,2003,LAP201300299,L,A,P,2,0,1,3,0,0,2,9,9,0,0,0,000000000,00000000000,0,0,0,1,0,0,0,0,0,0,0,998,0,0,0,12,6,2,12,39,0,0,1,9,6426,6,1,6,0,3,0,71,999,98,0,0,0,0,0,0,0,0,0,0,0,0,0,1,2,30,3,1,2,2,40,3,14,62,1,1,1,51,0,0
9,90230,2,2,1,22,12,8,0,12,2,1,0,9,1,30,40,30040,4,2001,3VWSP29M01M0,3,V,W,S,P,2,9,M,0,1,M,0,0,0,0,000000000,00000000000,0,0,0,1,0,0,0,0,0,0,0,998,0,0,0,12,6,2,12,0,0,0,1,9,6417,6,1,0,0,3,0,72,999,98,0,0,0,0,0,0,0,0,9,28,0,0,0,1,2,30,2,1,2,2,0,0,14,10,99,9,2,50,1,0
9,90231,1,1,1,22,12,23,21,42,0,1,0,9,1,7,402,7402,14,2003,1D4HS38Z33F5,1,D,4,H,S,3,8,Z,3,3,F,5,0,0,0,000000000,00000000000,0,0,0,1,0,0,0,0,0,0,0,999,0,0,0,12,6,2,42,0,0,0,1,9,6249,6,1,6,0,3,0,68,999,98,0,0,0,0,0,0,0,0,9,0,0,0,0,1,2,25,3,1,2,1,0,0,14,13,3,1,4,1,1,1
9,90232,1,1,1,23,12,19,58,8,0,1,0,9,1,12,461,12461,21,2000,1FTNE24L3YHB,1,F,T,N,E,2,4,L,3,Y,H,B,0,0,0,000000000,00000000000,0,0,0,1,0,0,0,0,0,0,0,998,0,0,0,12,6,2,8,0,0,0,1,9,6762,6,1,0,0,3,0,74,999,98,0,0,0,0,0,0,0,0,0,0,0,0,0,2,2,65,1,1,2,2,0,0,1,80,99,1,1,13,0,0
9,90233,1,1,3,27,12,18,1,33,0,1,0,92,0,98,734,98734,90,2014,4XAZN8EAXEA1,4,X,A,Z,N,8,E,A,X,E,A,1,0,0,0,000000000,00000000000,0,0,0,1,0,0,0,0,0,0,0,999,0,1,5,14,6,2,1,0,0,0,1,9,6606,6,1,0,0,3,0,65,999,98,0,0,0,2,10,2013,7,2014,4,21,0,0,0,1,2,25,2,2,2,2,0,0,14,13,99,1,4,1,1,1
9,90234,1,2,3,28,12,2,32,12,1,1,0,9,2,58,37,58037,4,2011,JN1CV6AR0BM4,J,N,1,C,V,6,A,R,0,B,M,4,0,0,0,000000000,00000000000,0,0,0,1,0,0,0,0,0,0,0,998,0,0,0,6,6,2,12,0,0,0,1,9,6854,6,1,0,0,3,0,70,999,98,0,0,0,1,9,2013,9,2013,0,0,0,0,0,3,3,55,1,5,2,1,0,0,1,53,1,1,1,25,0,0
9,90234,2,2,1,28,12,2,32,12,1,1,0,9,2,35,402,35402,14,2000,5N1ED28Y9YC5,5,N,1,E,D,2,8,Y,9,Y,C,5,0,0,0,000000000,00000000000,0,0,0,1,0,0,0,0,0,0,0,998,0,1,1,12,6,2,1,0,0,0,1,9,6615,6,1,0,0,3,3,67,999,98,0,0,0,0,0,0,0,0,4,58,0,0,0,3,3,55,1,5,2,1,0,0,1,51,8,9,1,24,1,0
9,90235,1,1,1,4,12,18,59,8,0,1,0,9,1,20,481,20481,31,2012,1GCRKSE70CZ1,1,G,C,R,K,S,E,7,0,C,Z,1,0,0,0,000000000,00000000000,0,0,0,1,0,0,0,0,0,0,0,998,0,0,0,12,6,2,8,0,0,0,1,9,6333,6,1,0,0,3,0,66,999,98,0,0,0,0,0,0,0,0,0,0,0,0,0,1,2,35,1,1,2,1,0,0,1,80,99,1,1,13,0,0
9,90236,1,1,2,13,9,22,26,42,0,1,0,9,1,30,398,30398,3,2008,WVWKC71KX8W0,W,V,W,K,C,7,1,K,X,8,W,0,0,0,0,000000000,00000000000,0,0,0,1,0,0,0,0,0,0,0,998,0,1,5,99,6,2,1,0,0,0,1,9,6413,6,1,0,0,3,3,74,999,98,0,0,0,0,0,0,0,0,3,0,0,0,0,1,2,25,3,9,2,2,0,0,14,13,99,9,4,1,1,0