STATE,ST_CASE,VEH_NO,VE_FORMS,NUMOCCS,DAY,MONTH,HOUR,MINUTE,HARM_EV,MAN_COLL,UNITTYPE,HIT_RUN,REG_STAT,OWNER,MAKE,MODEL,MAK_MOD,BODY_TYP,MOD_YEAR,VIN,VIN_1,VIN_2,VIN_3,VIN_4,VIN_5,VIN_6,VIN_7,VIN_8,VIN_9,VIN_10,VIN_11,VIN_12,TOW_VEH,J_KNIFE,MCARR_I1,MCARR_I2,MCARR_ID,GVWR,V_CONFIG,CARGO_BT,HAZ_INV,HAZ_PLAC,HAZ_ID,HAZ_CNO,HAZ_REL,BUS_USE,SPEC_USE,EMER_USE,TRAV_SP,UNDERIDE,ROLLOVER,ROLINLOC,IMPACT1,DEFORMED,TOWED,M_HARM,VEH_SC1,VEH_SC2,FIRE_EXP,DR_PRES,L_STATE,DR_ZIP,L_STATUS,L_TYPE,CDL_STAT,L_ENDORS,L_COMPL,L_RESTRI,DR_HGT,DR_WGT,PREV_ACC,PREV_SUS,PREV_DWI,PREV_SPD,PREV_OTH,FIRST_MO,FIRST_YR,LAST_MO,LAST_YR,SPEEDREL,DR_SF1,DR_SF2,DR_SF3,DR_SF4,VTRAFWAY,VNUM_LAN,VSPD_LIM,VALIGN,VPROFILE,VPAVETYP,VSURCOND,VTRAFCON,VTCONT_F,P_CRASH1,P_CRASH2,P_CRASH3,PCRASH4,PCRASH5,ACC_TYPE,DEATHS,DR_DRINK
10,100072,1,1,1,23,9,11,20,8,0,1,0,10,1,7,482,7482,31,2005,1D7HU18N75S3,1,D,7,H,U,1,8,N,7,5,S,3,0,0,0,000000000,00000000000,0,0,0,1,0,0,0,0,0,0,0,26,0,0,0,12,2,5,8,0,0,0,1,10,19804,6,1,0,0,3,0,68,179,0,0,0,0,0,0,0,0,0,0,0,0,0,0,4,2,25,8,5,2,1,0,0,1,80,2,1,1,13,0,0
10,100073,1,2,2,2,10,21,12,12,6,1,0,10,2,22,22,22022,4,2006,1G2ZF55B9641,1,G,2,Z,F,5,5,B,9,6,4,1,0,0,0,000000000,00000000000,0,0,0,1,0,0,0,0,0,0,0,998,0,0,0,2,6,2,12,0,0,0,1,10,19802,1,1,0,0,2,0,68,140,0,0,0,0,0,0,0,0,0,0,0,0,0,0,2,4,35,8,8,8,1,3,3,1,17,1,1,1,87,1,0
10,100073,2,2,2,2,10,21,12,12,6,1,0,10,1,12,3,12003,2,1997,1FALP4041VF1,1,F,A,L,P,4,0,4,1,V,F,1,0,0,0,000000000,00000000000,0,0,0,1,0,0,0,0,0,0,0,998,0,0,0,12,6,2,12,0,0,0,1,10,19809,6,1,0,0,3,0,69,165,0,0,0,1,0,7,2012,7,2012,3,37,39,0,0,2,5,35,8,8,8,1,3,3,1,17,1,1,1,86,0,1
10,100074,1,1,1,4,10,1,56,42,0,1,0,36,4,2,404,2404,14,2014,1C4PJLAB1EW1,1,C,4,P,J,L,A,B,1,E,W,1,0,0,0,000000000,00000000000,0,0,0,1,0,0,0,0,0,0,0,998,0,0,0,12,6,2,42,0,0,1,1,10,19810,1,1,0,0,2,0,72,190,3,2,0,0,0,10,2011,7,2014,9,0,0,0,0,2,2,55,1,1,2,2,0,0,6,6,1,9,4,1,1,1
10,100075,1,1,1,5,10,21,15,8,0,1,0,42,1,49,40,49040,4,2014,4T1BF1FKXEU8,4,T,1,B,F,1,F,K,X,E,U,8,0,0,0,000000000,00000000000,0,0,0,1,0,0,0,0,0,0,0,998,0,0,0,12,6,2,8,0,0,0,1,42,19312,6,1,0,0,3,3,62,999,0,0,0,0,0,0,0,0,0,0,0,0,0,0,3,3,55,3,1,2,1,0,0,14,80,2,1,1,13,0,0
10,100076,1,2,1,15,10,0,59,8,0,1,1,10,1,12,16,12016,4,1997,2FALP73W4VX1,2,F,A,L,P,7,3,W,4,V,X,1,0,0,0,000000000,00000000000,0,0,0,1,0,0,0,0,0,0,0,998,0,0,0,12,6,2,8,0,0,0,1,10,19713,6,1,0,0,3,0,64,160,0,0,0,0,0,0,0,0,0,0,0,0,0,0,2,3,40,2,2,2,1,2,3,14,80,9,1,2,13,0,0
10,100076,2,2,3,15,10,0,59,8,0,1,0,10,3,82,898,82898,62,2004,1FVACWCT74HN,1,F,V,A,C,W,C,T,7,4,H,N,0,0,88,888888888,88888888888,2,1,1,1,0,0,0,0,0,6,4,44,0,0,0,12,6,2,12,0,0,0,1,10,19802,6,1,6,1,3,0,68,175,0,1,0,1,0,1,2013,6,2014,0,0,0,0,0,2,3,40,2,2,2,1,2,3,14,51,3,1,2,98,0,0
10,100077,1,2,2,17,10,0,3,12,2,1,0,42,2,32,43,32043,4,2001,WAUDH68D11A1,W,A,U,D,H,6,8,D,1,1,A,1,0,0,0,000000000,00000000000,0,0,0,1,0,0,0,0,0,0,0,998,0,1,1,12,6,2,12,0,0,0,1,10,19713,6,1,0,0,3,3,71,160,0,0,0,1,0,3,2013,3,2013,3,28,0,0,0,1,3,40,2,8,2,1,0,0,14,10,1,1,2,50,2,1
10,100077,2,2,1,17,10,0,3,12,2,1,0,10,1,20,422,20422,15,2011,1GNSKJE37BR1,1,G,N,S,K,J,E,3,7,B,R,1,0,0,0,000000000,00000000000,0,0,0,1,0,0,0,0,0,0,0,998,0,0,0,12,6,2,12,0,0,0,1,10,19711,6,1,0,0,3,0,70,214,0,0,0,0,0,0,0,0,0,0,0,0,0,0,1,3,40,3,8,2,1,0,0,14,54,1,1,1,51,0,1
10,100078,1,1,1,19,10,2,17,32,0,1,0,10,1,12,481,12481,31,2013,1FTFW1ET1DFB,1,F,T,F,W,1,E,T,1,D,F,B,0,0,0,000000000,00000000000,0,0,0,1,0,0,0,0,0,0,0,998,0,0,0,12,6,2,42,0,0,1,1,10,19709,6,1,6,0,3,0,73,231,0,0,0,1,0,4,2012,4,2012,9,0,0,0,0,1,2,45,1,8,2,1,0,0,1,9,1,1,4,6,1,1
10,100079,1,2,1,18,9,8,53,12,2,1,0,42,2,49,442,49442,20,2011,5TDKK3DCXBS0,5,T,D,K,K,3,D,C,X,B,S,0,0,0,0,000000000,00000000000,0,0,0,1,0,0,0,0,0,0,0,998,0,0,0,12,4,3,12,0,0,0,1,42,19720,6,1,0,0,3,0,61,999,0,0,0,0,0,0,0,0,0,0,48,0,0,0,1,2,35,8,8,2,1,0,0,11,15,1,1,2,68,0,0
10,100079,2,2,2,18,9,8,53,12,2,1,0,10,2,14,21,14021,4,2007,3MEHM08197R6,3,M,E,H,M,0,8,1,9,7,R,6,0,0,0,000000000,00000000000,0,0,0,1,0,0,0,0,0,0,0,998,0,0,0,12,4,3,12,0,0,0,1,10,19809,6,1,0,0,3,0,64,222,0,0,0,1,0,1,2014,1,2014,0,0,0,0,0,1,2,35,8,8,2,1,0,0,1,62,1,1,1,69,1,0
10,100080,1,1,1,12,10,1,7,8,0,1,0,10,1,35,47,35047,4,2009,1N4AL21EX9N5,1,N,4,A,L,2,1,E,X,9,N,5,0,0,0,000000000,00000000000,0,0,0,1,0,0,0,0,0,0,0,998,0,0,0,12,4,3,8,0,0,0,1,10,19711,6,1,6,0,3,0,72,230,0,0,0,0,0,0,0,0,0,0,0,0,0,0,1,2,35,3,8,2,1,0,0,14,80,7,1,4,13,0,1
10,100081,1,1,2,2,11,3,33,52,0,1,0,10,2,7,24,7024,4,2006,2B3LA43G46H4,2,B,3,L,A,4,3,G,4,6,H,4,0,0,0,000000000,00000000000,0,0,0,1,0,0,0,0,0,0,0,998,0,0,0,12,6,2,52,0,0,0,1,10,19809,6,1,0,0,3,0,76,220,0,2,0,2,1,3,2012,10,2012,5,0,0,0,0,2,3,50,1,1,1,1,0,0,1,9,6,1,4,6,1,1
10,100082,1,1,1,13,11,8,55,1,0,1,0,10,3,51,881,51881,63,2001,4V5JC8UF31N3,4,V,5,J,C,8,U,F,3,1,N,3,0,0,57,1227765,571227765,3,2,2,1,0,0,0,0,0,0,0,53,0,2,5,0,6,2,1,0,0,0,1,10,19963,6,1,6,1,3,0,72,225,0,0,0,0,0,0,0,0,0,0,0,0,0,0,1,2,50,3,8,2,10,0,0,14,11,1,1,4,4,1,0
10,100083,1,1,2,19,11,5,50,8,0,1,0,10,2,7,461,7461,21,2002,2B7HB11X32K1,2,B,7,H,B,1,1,X,3,2,K,1,0,0,0,000000000,00000000000,0,0,0,1,0,0,0,0,0,0,0,998,0,0,0,12,6,2,8,0,0,0,1,10,19973,6,1,0,0,3,0,72,198,0,4,0,0,0,1,2012,7,2014,0,0,0,0,0,1,2,40,8,8,2,1,0,0,1,80,1,1,1,13,0,0
10,100084,1,1,2,19,11,15,19,42,0,1,1,10,1,7,41,7041,4,1994,2B3ED56F2RH1,2,B,3,E,D,5,6,F,2,R,H,1,0,0,0,000000000,00000000000,0,0,0,1,0,0,0,0,0,0,0,998,0,0,0,12,6,2,42,0,0,0,1,10,19945,6,1,0,0,3,0,72,185,0,0,0,0,0,0,0,0,0,9,0,0,0,0,1,2,50,3,8,2,1,0,0,14,11,1,1,4,1,1,1
10,100085,1,1,2,25,11,7,59,1,0,1,0,24,2,35,401,35401,14,2003,JN8DR09Y13W8,J,N,8,D,R,0,9,Y,1,3,W,8,0,0,0,000000000,00000000000,0,0,0,1,0,0,0,0,0,0,0,998,0,1,5,0,6,2,42,0,0,0,1,24,21804,6,1,0,0,3,0,999,999,0,0,0,1,1,5,2013,5,2013,0,0,0,0,0,1,2,50,2,8,2,2,0,0,14,11,1,3,4,4,1,0
10,100086,1,2,1,14,7,10,21,12,2,1,0,10,5,12,401,12401,14,2003,1FMZU70E23UA,1,F,M,Z,U,7,0,E,2,3,U,A,0,0,0,000000000,00000000000,0,0,0,1,0,0,0,0,0,0,0,998,0,1,3,12,6,2,12,0,0,0,1,10,19939,6,1,0,0,3,0,67,135,0,0,0,0,2,5,2013,5,2013,3,37,0,0,0,2,2,55,1,1,2,1,0,0,15,10,1,1,6,50,1,0
10,100086,2,2,1,14,7,10,21,12,2,1,0,28,3,86,881,86881,63,2014,1M2AW02C0EM0,1,M,2,A,W,0,2,C,0,E,M,0,0,0,28,172787,28172787,3,2,97,1,0,0,0,0,0,0,0,998,0,0,0,12,6,2,12,0,0,0,1,10,19952,6,1,6,0,3,0,70,135,0,3,0,0,0,6,2012,10,2013,0,0,0,0,0,2,2,55,1,1,2,1,0,0,1,64,1,1,1,51,0,0
10,100087,1,1,1,26,9,20,16,8,0,1,0,10,1,2,1,2001,6,2008,1J8FF47W48D6,1,J,8,F,F,4,7,W,4,8,D,6,0,0,0,000000000,00000000000,0,0,0,1,0,0,0,0,0,0,0,998,0,0,0,12,2,5,8,0,0,0,1,10,19904,6,1,0,0,3,3,71,230,0,0,0,0,0,0,0,0,0,0,0,0,0,0,1,3,25,8,8,2,1,0,0,1,80,1,1,1,13,0,0
10,100088,1,2,2,1,8,16,15,12,6,1,0,42,3,85,881,85881,64,2014,1NKDLP0X8EJ4,1,N,K,D,L,P,0,X,8,E,J,4,0,0,42,00447632,4200447632,3,2,3,1,0,0,0,0,0,0,0,998,0,1,1,2,6,2,12,0,0,0,1,42,17519,6,1,6,0,3,0,73,999,1,0,0,0,0,11,2012,11,2012,0,0,0,0,0,3,2,55,8,8,2,2,0,0,1,60,1,1,1,48,1,0
10,100088,2,2,1,1,8,16,15,12,6,1,0,10,2,13,421,13421,15,2001,5LMFU28R31LJ,5,L,M,F,U,2,8,R,3,1,L,J,0,0,0,000000000,00000000000,0,0,0,1,0,0,0,0,0,0,0,998,0,0,0,12,6,2,12,0,0,0,1,10,19702,0,0,0,0,0,0,999,999,99,99,99,99,99,99,9999,99,9999,0,0,0,0,0,3,2,55,2,8,2,2,0,0,16,9,1,2,6,48,0,1
10,100089,1,2,1,16,8,14,15,12,6,1,0,10,2,72,706,72706,80,2005,1HD1CLP195K4,1,H,D,1,C,L,P,1,9,5,K,4,0,0,0,000000000,00000000000,0,0,0,1,0,0,0,0,0,0,0,998,0,0,0,1,6,2,12,0,0,0,1,10,19956,6,1,0,0,2,3,68,183,0,0,0,0,0,0,0,0,0,0,0,0,0,0,1,2,50,3,1,2,1,0,0,14,65,1,1,1,84,1,0
10,100089,2,2,1,16,8,14,15,12,6,1,0,10,2,19,3,19003,4,2002,1G6KD54Y82U1,1,G,6,K,D,5,4,Y,8,2,U,1,0,0,0,000000000,00000000000,0,0,0,1,0,0,0,0,0,0,0,998,0,0,0,12,4,5,12,0,0,0,1,24,21801,6,1,0,0,3,0,68,140,0,0,0,0,0,0,0,0,0,0,0,0,0,0,1,2,45,1,1,2,1,20,3,1,17,1,1,2,84,0,0
10,100090,1,2,1,6,12,19,12,8,0,1,0,10,1,37,32,37032,4,2008,1HGCP26308A0,1,H,G,C,P,2,6,3,0,8,A,0,0,0,0,000000000,00000000000,0,0,0,1,0,0,0,0,0,0,0,998,0,0,0,12,4,5,8,0,0,0,1,10,19702,6,1,0,0,3,0,65,131,0,0,0,1,0,3,2012,3,2012,0,0,0,0,0,3,4,55,1,1,2,2,0,0,1,80,1,1,1,13,0,0
10,100090,2,2,2,6,12,19,12,8,0,1,0,10,1,53,40,53040,4,2008,JS2YC4145851,J,S,2,Y,C,4,1,4,5,8,5,1,0,0,0,000000000,00000000000,0,0,0,1,0,0,0,0,0,0,0,998,0,0,0,12,4,5,8,0,0,0,1,10,19702,6,1,0,0,3,0,69,220,0,0,0,0,0,0,0,0,0,0,86,0,0,0,3,4,55,1,1,2,2,0,0,1,80,1,1,1,98,0,0
10,100091,1,1,1,10,12,17,47,8,0,1,1,10,1,12,471,12471,30,2000,1FTYR10X4YTB,1,F,T,Y,R,1,0,X,4,Y,T,B,0,0,0,000000000,00000000000,0,0,0,1,0,0,0,0,0,0,0,998,0,0,0,12,6,2,8,0,0,0,1,10,19720,6,1,0,0,3,0,70,160,0,0,0,0,0,0,0,0,0,0,86,0,0,0,3,2,50,8,8,2,2,0,0,1,80,1,1,1,13,0,0
10,100092,1,1,2,16,12,9,44,30,0,1,0,10,2,7,43,7043,4,2000,1B3EJ46X7YN3,1,B,3,E,J,4,6,X,7,Y,N,3,0,0,0,000000000,00000000000,0,0,0,1,0,0,0,0,0,0,0,998,0,0,0,12,6,2,30,0,0,0,1,10,19713,6,1,0,0,3,0,64,179,0,0,0,0,0,0,0,0,0,0,0,0,0,0,1,2,35,1,1,8,1,0,0,1,9,1,1,4,1,1,0
10,100093,1,1,4,9,12,11,41,52,0,1,0,10,1,49,402,49402,14,2014,2T3DFREV7EW2,2,T,3,D,F,R,E,V,7,E,W,2,0,0,0,000000000,00000000000,0,0,0,1,0,0,0,0,0,0,0,998,0,0,0,12,6,2,52,0,0,0,1,10,19720,6,1,0,0,3,0,68,180,0,0,0,0,0,0,0,0,0,0,36,0,0,0,2,2,55,8,8,1,2,0,0,1,10,1,1,4,6,1,0
10,100094,1,1,1,20,12,18,13,8,0,1,0,10,1,20,404,20404,14,2013,2GNALDEK7D61,2,G,N,A,L,D,E,K,7,D,6,1,0,0,0,000000000,00000000000,0,0,0,1,0,0,0,0,0,0,0,53,0,0,0,12,4,5,8,0,0,0,1,10,19720,6,1,0,0,3,0,66,140,0,0,0,0,0,0,0,0,0,0,86,0,0,0,1,2,50,1,1,2,1,0,0,1,80,1,1,1,13,0,0
10,100095,1,1,1,21,12,4,56,38,0,1,0,10,2,58,33,58033,4,2001,JNKCP11A21T4,J,N,K,C,P,1,1,A,2,1,T,4,0,0,0,000000000,00000000000,0,0,0,1,0,0,0,0,0,0,0,998,0,0,0,12,6,2,38,0,0,0,1,10,19720,2,1,0,0,2,0,75,190,0,0,0,0,0,0,0,0,0,0,0,0,0,0,2,4,55,1,1,2,1,0,0,1,9,1,1,4,1,1,0
10,100096,1,1,2,15,8,20,28,8,0,1,0,10,1,49,46,49046,3,2010,JTDKN3DU3A01,J,T,D,K,N,3,D,U,3,A,0,1,0,0,0,000000000,00000000000,0,0,0,1,0,0,0,0,0,0,0,998,0,0,0,12,6,2,8,0,0,0,1,10,19973,6,1,0,0,3,3,63,180,0,0,0,0,0,0,0,0,0,0,86,0,0,0,2,2,50,1,8,2,1,0,0,1,80,1,1,1,13,0,0
10,100097,1,2,2,8,11,19,49,8,0,1,0,10,1,19,22,19022,4,2008,1G6KD57Y28U1,1,G,6,K,D,5,7,Y,2,8,U,1,0,0,0,000000000,00000000000,0,0,0,1,0,0,0,0,0,0,0,998,0,0,0,12,2,5,8,0,0,0,1,10,19973,6,1,0,0,3,3,73,190,0,0,0,0,0,0,0,0,0,0,0,0,0,0,2,2,55,8,8,2,1,0,0,1,80,1,1,1,13,0,0
10,100097,2,2,1,8,11,19,49,8,0,1,0,10,1,34,37,34037,4,1997,WBAGF8327VDL,W,B,A,G,F,8,3,2,7,V,D,L,0,0,0,000000000,00000000000,0,0,0,1,0,0,0,0,0,0,0,998,0,0,0,12,2,5,8,0,0,0,1,10,19904,6,1,0,0,3,0,70,195,0,0,0,0,0,0,0,0,0,0,0,0,0,0,2,2,55,8,8,2,1,0,0,1,80,1,1,1,98,0,0
10,100098,1,2,2,2,9,11,4,12,6,1,0,10,1,63,441,63441,20,2014,KNDMG4C78E65,K,N,D,M,G,4,C,7,8,E,6,5,0,0,0,000000000,00000000000,0,0,0,1,0,0,0,0,0,0,0,998,0,0,0,2,4,3,12,0,0,0,1,10,19966,6,1,0,0,3,0,70,225,0,0,0,0,0,0,0,0,0,0,0,0,0,0,1,2,50,8,8,2,1,0,0,11,55,1,1,2,68,1,0
10,100098,2,2,1,2,9,11,4,12,6,1,0,10,3,20,481,20481,31,2003,1GCEC19T23E2,1,G,C,E,C,1,9,T,2,3,E,2,0,0,0,000000000,00000000000,0,0,0,1,0,0,0,0,0,0,0,998,0,0,0,12,6,2,12,0,0,0,1,10,19960,6,1,6,0,3,3,68,200,0,0,0,1,0,3,2014,3,2014,0,0,0,0,0,1,2,50,8,8,2,1,0,0,1,55,1,1,1,69,0,0
10,100099,1,1,2,21,7,19,8,30,0,1,0,10,3,20,881,20881,62,2001,1GBJ6H1C51J5,1,G,B,J,6,H,1,C,5,1,J,5,0,0,10,1377532,101377532,2,1,3,1,0,0,0,0,0,0,0,72,0,0,0,2,6,2,30,0,0,0,1,10,19901,3,1,0,0,2,0,71,230,0,1,0,1,0,3,2012,4,2012,3,0,0,0,0,1,2,50,2,8,2,1,0,0,14,13,1,1,4,1,2,1
10,100100,1,1,4,1,10,15,53,32,0,1,0,10,2,6,54,6054,6,2006,2A4GM684X6R6,2,A,4,G,M,6,8,4,X,6,R,6,0,0,0,000000000,00000000000,0,0,0,1,0,0,0,0,0,0,0,84,0,0,0,12,6,2,32,0,0,0,1,10,19941,6,7,0,0,3,0,66,168,0,0,0,0,0,0,0,0,0,3,58,0,0,0,1,2,50,1,1,2,1,0,0,1,9,1,7,4,2,1,0
10,100101,1,2,2,23,11,1,17,12,6,1,0,13,4,35,47,35047,4,2013,1N4AL2EP7DC2,1,N,4,A,L,2,E,P,7,D,C,2,0,0,0,000000000,00000000000,0,0,0,1,0,0,0,0,0,0,0,998,0,0,0,3,6,2,12,0,0,0,1,10,19804,6,1,0,0,3,3,66,180,0,0,0,0,0,0,0,0,0,0,0,0,0,0,2,2,50,1,8,2,1,2,3,11,66,1,1,1,68,1,0
10,100101,2,2,1,23,11,1,17,12,6,1,0,10,2,35,401,35401,14,2007,5N1AR18W47C6,5,N,1,A,R,1,8,W,4,7,C,6,0,0,0,000000000,00000000000,0,0,0,1,0,0,0,0,0,0,0,998,0,0,0,12,6,2,12,0,0,0,1,10,19701,6,1,0,0,3,0,68,150,0,0,0,0,0,0,0,0,0,3,39,0,0,0,2,2,50,1,8,2,1,2,3,1,17,1,1,1,69,0,1
10,100102,1,1,3,3,12,17,6,8,0,1,0,10,2,12,481,12481,31,1997,1FTHX26F4VEA,1,F,T,H,X,2,6,F,4,V,E,A,0,0,0,000000000,00000000000,0,0,0,1,0,0,0,0,0,0,0,998,0,0,0,12,0,5,8,0,0,0,1,10,19901,6,1,0,0,3,0,71,200,0,0,0,1,0,4,2014,4,2014,0,86,0,0,0,1,2,25,8,8,2,1,0,0,2,80,2,1,1,13,0,0
10,100103,1,2,1,11,12,20,46,8,0,1,0,10,1,18,7,18007,4,2002,2G4WS52J9211,2,G,4,W,S,5,2,J,9,2,1,1,0,0,0,000000000,00000000000,0,0,0,1,0,0,0,0,0,0,0,998,0,0,0,12,6,2,8,0,0,0,1,10,19701,6,1,6,0,3,0,64,126,1,1,0,0,1,9,2012,11,2014,0,0,0,0,0,3,3,45,1,1,2,1,0,0,1,80,1,1,1,13,0,0
10,100103,2,2,1,11,12,20,46,8,0,1,0,10,1,37,32,37032,4,2006,1HGCM564X6A0,1,H,G,C,M,5,6,4,X,6,A,0,0,0,0,000000000,00000000000,0,0,0,1,0,0,0,0,0,0,0,998,0,0,0,12,4,5,8,0,0,0,1,10,19805,6,1,0,0,3,3,65,180,0,0,0,0,0,0,0,0,0,0,0,0,0,0,3,3,45,1,1,2,1,0,0,1,80,1,1,1,98,0,0
10,100104,1,2,1,14,12,3,7,12,2,1,0,10,1,41,45,41045,1,1990,JM1NA3515L01,J,M,1,N,A,3,5,1,5,L,0,1,0,0,0,000000000,00000000000,0,0,0,1,0,0,0,0,0,0,0,998,0,0,0,12,6,2,12,0,0,0,1,10,19901,6,1,0,0,3,0,69,124,2,4,0,4,2,2,2012,9,2014,0,28,0,0,0,1,2,50,1,8,2,1,0,0,1,10,1,1,2,50,1,1
10,100104,2,2,1,14,12,3,7,12,2,1,0,10,1,14,444,14444,20,2007,2MRDA22257BJ,2,M,R,D,A,2,2,2,5,7,B,J,0,0,0,000000000,00000000000,0,0,0,1,0,0,0,0,0,0,0,998,0,0,0,12,6,2,12,0,0,0,1,10,19953,6,1,0,0,3,0,67,237,0,0,0,1,0,6,2012,6,2012,0,0,0,0,0,1,2,50,1,8,2,1,0,0,1,54,1,1,1,51,0,0
10,100105,1,1,2,22,12,18,55,8,0,1,0,10,2,24,1,24001,4,2001,1G8ZK52771Z2,1,G,8,Z,K,5,2,7,7,1,Z,2,0,0,0,000000000,00000000000,0,0,0,1,0,0,0,0,0,0,0,32,0,0,0,12,6,2,8,0,0,0,1,10,19977,6,1,0,0,3,0,68,128,0,0,0,0,0,0,0,0,0,0,0,0,0,0,1,2,25,1,8,2,2,0,0,1,80,2,1,1,13,0,0
10,100106,1,1,1,19,12,19,18,9,0,1,0,10,1,20,16,20016,2,2003,1G1JH12F5372,1,G,1,J,H,1,2,F,5,3,7,2,0,0,0,000000000,00000000000,0,0,0,1,0,0,0,0,0,0,0,998,0,0,0,12,6,2,9,0,0,0,1,10,19960,1,1,0,0,2,0,69,129,0,1,0,0,0,3,2014,3,2014,0,0,0,0,0,2,2,40,8,8,2,1,0,0,1,83,8,1,3,13,0,0
10,100107,1,2,1,20,11,20,10,12,2,1,0,10,1,59,402,59402,14,2006,JTJBT20X1601,J,T,J,B,T,2,0,X,1,6,0,1,0,0,0,000000000,00000000000,0,0,0,1,0,0,0,0,0,0,0,998,0,0,0,12,6,2,12,0,0,0,1,10,19958,6,1,0,0,3,0,67,180,0,0,0,0,0,0,0,0,0,0,0,0,0,0,1,2,50,1,1,2,1,0,0,1,62,1,1,1,51,0,0
10,100107,2,2,1,20,11,20,10,12,2,1,0,10,1,37,441,37441,20,1996,JHMRA1866TC0,J,H,M,R,A,1,8,6,6,T,C,0,0,0,0,000000000,00000000000,0,0,0,1,0,0,0,0,0,0,0,998,0,0,0,12,6,2,12,0,0,0,1,98,19947,0,0,0,0,0,0,999,999,99,99,99,99,99,99,9999,99,9999,0,0,0,0,0,1,2,50,1,1,2,1,0,0,1,10,1,1,2,50,1,1
10,100108,1,2,1,16,12,0,57,12,2,1,0,10,5,22,20,22020,4,2002,1G2WP52K22F2,1,G,2,W,P,5,2,K,2,2,F,2,0,0,0,000000000,00000000000,0,0,0,1,0,0,0,0,0,0,0,998,0,0,0,12,6,2,12,0,0,0,1,10,19947,0,0,0,0,0,0,72,140,1,3,0,0,0,7,2013,8,2014,3,28,0,0,0,1,2,50,3,8,2,1,0,0,14,10,1,1,2,50,1,1
10,100108,2,2,1,16,12,0,57,12,2,1,0,10,3,7,482,7482,31,2007,3D6WH46D27G8,3,D,6,W,H,4,6,D,2,7,G,8,0,0,0,000000000,00000000000,0,0,0,1,0,0,0,0,0,0,0,998,0,0,0,12,6,2,12,0,0,1,1,10,19966,6,1,6,0,3,1,73,221,0,0,0,1,1,5,2012,5,2014,0,0,0,0,0,1,2,50,2,8,2,1,0,0,14,62,1,1,1,51,0,0
10,100109,1,1,1,10,12,2,22,8,0,1,0,10,2,6,18,6018,4,2012,1C3CCBAB0CN3,1,C,3,C,C,B,A,B,0,C,N,3,0,0,0,000000000,00000000000,0,0,0,1,0,0,0,0,0,0,0,998,0,0,0,12,4,3,8,0,0,0,1,10,19901,6,1,0,0,3,0,73,210,0,2,0,0,0,11,2012,8,2013,9,86,0,0,0,1,2,40,8,8,8,98,0,0,1,80,1,1,1,13,0,0
11,110001,1,1,1,5,1,1,45,24,0,1,0,51,1,45,31,45031,2,1999,WP0AA2991XS6,W,P,0,A,A,2,9,9,1,X,S,6,0,0,0,000000000,00000000000,0,0,0,1,0,0,0,0,0,0,0,998,0,1,1,1,6,2,1,0,0,0,1,51,22201,6,1,0,0,3,0,69,150,0,0,0,0,0,0,0,0,0,3,36,0,0,0,6,2,98,3,1,2,1,0,0,14,11,1,4,4,2,1,1
11,110002,1,1,1,15,1,23,25,8,0,1,0,11,1,34,401,34401,14,2002,5UXFB33592LH,5,U,X,F,B,3,3,5,9,2,L,H,0,0,0,000000000,00000000000,0,0,0,1,0,0,0,0,0,0,0,998,0,0,0,12,6,2,8,0,0,0,1,11,20020,6,1,0,0,3,0,59,155,0,0,0,0,0,0,0,0,0,3,36,0,0,0,3,2,35,1,1,2,1,0,0,1,11,1,1,4,1,0,1
11,110003,1,1,1,17,1,4,28,8,0,1,0,51,1,86,898,86898,63,2007,1M2K189C07M0,1,M,2,K,1,8,9,C,0,7,M,0,0,0,99,999999999,99999999999,3,2,7,1,0,0,0,0,0,0,0,998,0,0,0,12,0,5,8,0,0,0,1,51,22312,6,1,6,0,3,0,68,160,0,0,0,0,0,0,0,0,0,0,0,0,0,0,1,2,25,1,1,2,1,2,3,11,80,1,1,1,13,0,0
11,110004,1,1,1,14,2,5,45,8,0,1,0,24,2,20,498,20498,31,2006,1GBHC24U16E1,1,G,B,H,C,2,4,U,1,6,E,1,0,0,0,000000000,00000000000,0,0,0,1,0,0,0,0,0,0,0,998,0,0,0,12,2,5,8,0,0,0,1,24,20634,6,1,0,0,3,0,67,215,0,0,0,0,0,0,0,0,0,0,0,0,0,0,3,2,25,1,1,2,3,0,0,1,80,8,1,1,13,0,0
11,110005,1,1,1,2,3,7,42,30,0,1,0,11,2,51,45,51045,4,2005,YV1TS5928514,Y,V,1,T,S,5,9,2,8,5,1,4,0,0,0,000000000,00000000000,0,0,0,1,0,0,0,0,0,0,0,998,0,0,0,12,6,2,30,0,0,0,1,11,20017,1,1,0,0,2,0,68,150,0,0,0,0,0,0,0,0,0,3,37,0,0,0,1,2,25,1,1,2,1,2,3,10,13,7,3,4,2,1,1
11,110006,1,1,1,7,3,2,54,26,0,1,0,51,1,34,402,34402,14,2006,WBXPA93416WG,W,B,X,P,A,9,3,4,1,6,W,G,0,0,0,000000000,00000000000,0,0,0,1,0,0,0,0,0,0,0,998,0,1,1,12,6,2,26,0,0,0,1,51,22102,6,1,0,0,3,0,68,175,0,0,0,0,0,0,0,0,0,3,40,0,0,0,1,2,25,1,1,2,1,2,3,1,17,1,1,1,12,1,1