STATE,ST_CASE,VEH_NO,VE_FORMS,NUMOCCS,DAY,MONTH,HOUR,MINUTE,HARM_EV,MAN_COLL,UNITTYPE,HIT_RUN,REG_STAT,OWNER,MAKE,MODEL,MAK_MOD,BODY_TYP,MOD_YEAR,VIN,VIN_1,VIN_2,VIN_3,VIN_4,VIN_5,VIN_6,VIN_7,VIN_8,VIN_9,VIN_10,VIN_11,VIN_12,TOW_VEH,J_KNIFE,MCARR_I1,MCARR_I2,MCARR_ID,GVWR,V_CONFIG,CARGO_BT,HAZ_INV,HAZ_PLAC,HAZ_ID,HAZ_CNO,HAZ_REL,BUS_USE,SPEC_USE,EMER_USE,TRAV_SP,UNDERIDE,ROLLOVER,ROLINLOC,IMPACT1,DEFORMED,TOWED,M_HARM,VEH_SC1,VEH_SC2,FIRE_EXP,DR_PRES,L_STATE,DR_ZIP,L_STATUS,L_TYPE,CDL_STAT,L_ENDORS,L_COMPL,L_RESTRI,DR_HGT,DR_WGT,PREV_ACC,PREV_SUS,PREV_DWI,PREV_SPD,PREV_OTH,FIRST_MO,FIRST_YR,LAST_MO,LAST_YR,SPEEDREL,DR_SF1,DR_SF2,DR_SF3,DR_SF4,VTRAFWAY,VNUM_LAN,VSPD_LIM,VALIGN,VPROFILE,VPAVETYP,VSURCOND,VTRAFCON,VTCONT_F,P_CRASH1,P_CRASH2,P_CRASH3,PCRASH4,PCRASH5,ACC_TYPE,DEATHS,DR_DRINK
12,120190,2,2,1,6,2,16,58,12,6,1,0,12,2,52,37,52037,3,1997,4A3AK34Y9VE0,4,A,3,A,K,3,4,Y,9,V,E,0,0,0,0,000000000,00000000000,0,0,0,1,0,0,0,0,0,0,0,35,0,0,0,9,6,2,12,0,0,0,1,12,33805,6,1,0,0,3,0,62,999,0,0,0,0,0,0,0,0,0,0,0,0,0,0,2,2,45,1,1,8,1,3,3,1,62,99,1,1,69,1,0
12,120191,1,1,1,7,2,22,58,42,0,1,0,12,1,12,3,12003,2,2004,1FAFP42X14F1,1,F,A,F,P,4,2,X,1,4,F,1,0,0,0,000000000,00000000000,0,0,0,1,0,0,0,0,0,0,0,75,0,1,9,11,6,2,1,0,0,0,1,12,32212,6,1,0,0,3,0,69,999,0,0,0,0,0,0,0,0,0,3,0,0,0,0,3,3,55,1,1,8,1,0,0,1,13,99,1,4,1,1,0
12,120192,1,1,2,7,2,2,18,59,0,1,0,12,1,20,2,20002,4,2002,2G1WH55K3292,2,G,1,W,H,5,5,K,3,2,9,2,0,0,0,000000000,00000000000,0,0,0,1,0,0,0,0,0,0,0,45,0,0,0,12,6,2,42,0,0,0,1,12,32714,6,1,0,0,3,0,66,999,1,0,0,0,1,2,2013,3,2013,0,6,0,0,0,2,2,45,1,1,8,1,0,0,1,12,99,1,4,6,1,1
12,120193,1,2,1,7,2,16,20,59,0,1,0,12,1,12,481,12481,31,2004,1FTPX12544NA,1,F,T,P,X,1,2,5,4,4,N,A,0,0,0,000000000,00000000000,0,0,0,1,0,0,0,0,0,0,0,45,0,1,3,98,6,2,1,0,0,0,1,12,33704,6,1,0,0,3,3,65,999,1,0,0,0,0,4,2013,4,2013,0,6,0,0,0,2,3,45,1,1,8,2,0,0,1,12,99,4,4,6,0,0
12,120193,2,2,1,7,2,16,20,59,0,1,0,12,1,24,1,24001,4,1998,1G8ZK5275WZ1,1,G,8,Z,K,5,2,7,5,W,Z,1,0,0,0,000000000,00000000000,0,0,0,1,0,0,0,0,0,0,0,45,0,0,0,9,6,2,12,0,0,0,1,12,33782,6,1,0,0,3,3,72,999,1,0,0,0,0,8,2012,8,2012,0,0,0,0,0,2,3,45,1,1,8,2,0,0,1,62,99,1,1,98,1,0
12,120194,1,1,2,7,2,22,46,8,0,1,0,12,2,12,401,12401,14,1999,1FMZU32X9XUC,1,F,M,Z,U,3,2,X,9,X,U,C,0,0,0,000000000,00000000000,0,0,0,1,0,0,0,0,0,0,0,60,0,0,0,12,4,5,8,0,0,0,1,12,33830,6,1,0,0,3,0,67,999,0,0,0,0,0,0,0,0,0,0,0,0,0,0,3,4,65,1,1,8,2,0,0,1,80,1,1,1,13,0,0
12,120195,1,2,2,7,2,10,36,12,6,1,0,12,2,14,6,14006,4,1997,2MELM74W9VX6,2,M,E,L,M,7,4,W,9,V,X,6,0,0,0,000000000,00000000000,0,0,0,1,0,0,0,0,0,0,0,10,0,0,0,11,6,2,12,0,0,0,1,12,34606,6,1,0,0,3,3,62,999,0,0,0,0,0,0,0,0,0,0,38,0,0,0,0,0,0,0,0,0,0,20,3,11,15,99,1,1,82,1,0
12,120195,2,2,2,7,2,10,36,12,6,1,0,12,2,12,401,12401,14,2005,1FMZU63K85UB,1,F,M,Z,U,6,3,K,8,5,U,B,0,0,0,000000000,00000000000,0,0,0,1,0,0,0,0,0,0,0,55,0,0,0,12,6,2,12,0,0,0,1,12,34608,6,1,0,0,3,0,65,999,0,0,0,1,1,2,2011,12,2012,0,0,0,0,0,3,5,55,1,1,8,2,0,0,1,67,99,1,1,83,0,0
12,120196,1,1,2,8,2,0,11,24,0,1,0,12,1,12,481,12481,31,2009,1FTSW21R69EA,1,F,T,S,W,2,1,R,6,9,E,A,0,0,0,000000000,00000000000,0,0,0,1,0,0,0,0,0,0,0,85,0,1,3,12,6,2,1,0,0,0,1,12,33565,6,1,0,0,3,0,67,999,0,0,0,2,3,11,2011,12,2013,0,0,0,0,0,3,3,70,1,1,8,2,0,0,1,12,99,1,4,6,1,1
12,120197,1,2,2,8,2,2,13,12,1,1,0,12,2,37,31,37031,2,1995,1HGEJ122XSL0,1,H,G,E,J,1,2,2,X,S,L,0,0,0,0,000000000,00000000000,0,0,0,1,0,0,0,0,0,0,0,90,0,0,0,12,6,2,12,0,0,0,1,12,34953,6,1,0,0,3,0,67,999,0,5,0,1,1,9,2011,1,2013,0,0,0,0,0,3,5,65,1,5,8,1,0,0,1,51,99,1,1,24,2,1
12,120197,2,2,1,8,2,2,13,12,1,1,0,12,1,12,884,12884,61,1997,1FDZS96T1VVA,1,F,D,Z,S,9,6,T,1,V,V,A,0,0,12,2413560,122413560,2,2,4,1,0,0,0,0,0,0,0,55,0,0,0,6,4,3,12,0,0,0,1,12,33177,6,1,6,0,3,0,68,999,0,0,0,0,0,0,0,0,0,0,0,0,0,0,3,5,65,1,5,8,1,0,0,1,53,99,1,1,25,0,0
12,120198,1,2,1,8,2,3,7,12,1,1,0,12,2,12,481,12481,31,2000,1FTRX17L6YNA,1,F,T,R,X,1,7,L,6,Y,N,A,0,0,0,000000000,00000000000,0,0,0,1,0,0,0,0,0,0,0,55,0,0,0,12,6,2,12,0,0,0,1,12,33460,0,0,0,0,0,0,64,999,0,2,0,0,0,1,2012,5,2012,0,6,0,0,0,3,4,45,1,1,8,1,3,3,1,50,99,1,1,20,1,1
12,120198,2,2,1,8,2,3,7,12,1,1,0,12,1,23,421,23421,15,2004,1GKEC13Z64R1,1,G,K,E,C,1,3,Z,6,4,R,1,0,0,0,000000000,00000000000,0,0,0,1,0,0,0,0,0,0,0,0,0,0,0,6,4,3,12,0,0,0,1,12,33437,1,1,0,0,2,0,71,999,0,1,0,0,0,12,2013,12,2013,0,0,0,0,0,3,4,45,1,1,8,1,0,0,5,53,1,1,1,21,0,0
12,120199,1,2,1,8,2,20,30,12,2,1,0,12,1,41,471,41471,30,1996,4F4CR12AXTTM,4,F,4,C,R,1,2,A,X,T,T,M,0,0,0,000000000,00000000000,0,0,0,1,0,0,0,0,0,0,0,0,0,0,0,12,6,2,12,0,0,0,1,12,32340,0,0,0,0,0,0,999,999,0,0,0,0,0,0,0,0,0,0,0,0,0,0,1,2,55,1,1,8,1,0,0,99,54,99,1,1,52,1,0
12,120199,2,2,2,8,2,20,30,12,2,1,0,12,3,20,481,20481,31,2014,1GC4K0C85EF1,1,G,C,4,K,0,C,8,5,E,F,1,0,0,0,000000000,00000000000,0,0,0,1,0,0,0,0,0,0,0,60,0,0,0,12,6,2,12,0,0,0,1,12,32060,6,1,0,0,3,3,70,999,0,0,0,0,0,0,0,0,0,0,0,0,0,0,1,2,55,1,1,8,1,0,0,1,54,99,1,1,52,0,0
12,120200,1,1,1,8,2,20,50,1,0,1,0,12,2,22,18,22018,2,1996,1G2NE12T6TC8,1,G,2,N,E,1,2,T,6,T,C,8,0,0,0,000000000,00000000000,0,0,0,1,0,0,0,0,0,0,0,50,0,1,2,0,6,2,1,0,0,0,1,12,33974,1,1,0,0,2,3,65,999,0,1,0,0,0,3,2011,3,2011,0,58,0,0,0,1,2,40,1,1,2,1,0,0,1,13,6,4,4,98,1,1
12,120201,1,1,1,8,2,23,5,32,0,1,0,12,2,2,403,2403,14,2013,1C4AJWAG6DL6,1,C,4,A,J,W,A,G,6,D,L,6,0,0,0,000000000,00000000000,0,0,0,1,0,0,0,0,0,0,0,58,0,1,5,98,6,2,1,0,0,0,1,12,32063,6,1,0,0,3,0,67,999,0,3,0,0,0,9,2012,9,2013,0,0,0,0,0,1,2,55,1,1,2,2,0,0,1,12,99,1,4,6,1,1
12,120202,1,1,1,8,2,7,7,24,0,1,0,12,2,73,709,73709,80,2000,JKAZX2E10YA0,J,K,A,Z,X,2,E,1,0,Y,A,0,0,0,0,000000000,00000000000,0,0,0,1,0,0,0,0,0,0,0,998,0,0,0,12,6,2,24,0,0,0,1,12,33181,0,0,0,0,0,0,999,999,0,0,0,0,0,0,0,0,0,0,6,0,0,0,2,2,55,2,5,2,1,0,0,14,12,99,1,4,6,1,0
12,120203,1,2,2,8,2,15,35,12,6,1,0,12,1,12,481,12481,31,2009,1FTRF12W29KB,1,F,T,R,F,1,2,W,2,9,K,B,0,0,0,000000000,00000000000,0,0,0,1,0,0,0,0,0,0,0,30,0,0,0,4,6,2,12,0,0,0,1,12,32539,6,1,0,0,3,3,70,999,0,0,0,0,0,0,0,0,0,0,38,0,0,0,1,3,30,1,1,8,1,20,3,1,17,99,1,1,87,1,0
12,120203,2,2,1,8,2,15,35,12,6,1,0,12,1,72,709,72709,80,2009,1HD1CZ3179K4,1,H,D,1,C,Z,3,1,7,9,K,4,0,0,0,000000000,00000000000,0,0,0,1,0,0,0,0,0,0,0,105,0,0,0,12,6,2,12,0,0,0,1,12,32536,6,1,0,0,3,0,72,999,0,0,0,0,0,0,0,0,0,3,0,0,0,0,2,3,55,2,1,8,1,0,0,14,66,99,1,1,86,1,0
12,120204,1,1,3,9,2,0,40,1,0,1,0,12,1,23,481,23481,31,2000,1GTEK19T4YZ3,1,G,T,E,K,1,9,T,4,Y,Z,3,0,0,0,000000000,00000000000,0,0,0,1,0,0,0,0,0,0,0,65,0,1,5,0,6,2,1,0,0,0,1,12,32621,6,1,0,0,3,3,65,999,0,0,0,1,0,1,2013,1,2013,0,6,0,0,0,1,2,55,3,1,8,1,0,0,14,12,1,3,4,7,1,1
12,120205,1,1,1,9,2,1,30,33,0,1,0,12,2,59,31,59031,4,1997,JT8BF22G5V00,J,T,8,B,F,2,2,G,5,V,0,0,0,0,0,000000000,00000000000,0,0,0,1,0,0,0,0,0,0,0,45,0,1,5,12,6,2,1,0,0,0,1,12,34266,6,1,6,0,3,0,70,999,0,0,0,0,0,0,0,0,0,0,6,0,0,0,1,2,45,1,1,2,1,4,3,1,13,1,1,4,1,1,1
12,120206,1,1,2,9,2,3,45,53,0,1,0,12,1,2,403,2403,14,2000,1J4FA29P3YP8,1,J,4,F,A,2,9,P,3,Y,P,8,0,0,0,000000000,00000000000,0,0,0,1,0,0,0,0,0,0,0,45,0,1,5,12,6,2,1,0,0,0,1,12,34470,6,1,0,0,3,3,74,999,0,0,0,0,0,0,0,0,0,0,6,0,0,0,1,2,45,1,1,8,1,0,0,1,13,1,1,4,1,2,0
12,120207,1,3,1,9,2,3,13,12,6,1,0,13,2,76,705,76705,80,2002,JYARJ04E82A0,J,Y,A,R,J,0,4,E,8,2,A,0,0,0,0,000000000,00000000000,0,0,0,1,0,0,0,0,0,0,0,75,0,0,0,11,6,2,12,0,0,0,1,12,33618,6,1,0,0,3,0,70,999,0,0,0,1,1,4,2011,4,2011,3,39,0,0,0,3,6,45,1,1,8,1,3,3,1,17,99,1,1,89,1,1
12,120207,2,3,1,9,2,3,13,12,6,1,0,12,2,55,33,55033,4,2002,KMHWF25H32A7,K,M,H,W,F,2,5,H,3,2,A,7,0,0,0,000000000,00000000000,0,0,0,1,0,0,0,0,0,0,0,15,0,0,0,12,6,2,12,0,0,0,1,12,33624,6,1,0,0,3,3,65,999,0,0,0,0,0,0,0,0,0,0,0,0,0,0,3,4,40,1,1,8,1,3,3,1,66,1,1,1,88,0,0
12,120207,3,3,1,9,2,3,13,12,6,1,0,12,2,20,404,20404,14,2013,2GNALDEK2D64,2,G,N,A,L,D,E,K,2,D,6,4,0,0,0,000000000,00000000000,0,0,0,1,0,0,0,0,0,0,0,0,0,0,0,9,4,3,12,0,0,0,1,12,33618,6,1,0,0,3,0,67,999,0,0,0,1,0,11,2012,11,2012,0,0,0,0,0,3,4,40,1,1,8,1,3,3,5,62,1,1,1,98,0,0
12,120208,1,1,2,9,2,4,48,33,0,1,0,12,2,39,32,39032,4,1996,SAJMX6347TC7,S,A,J,M,X,6,3,4,7,T,C,7,0,0,0,000000000,00000000000,0,0,0,1,0,0,0,0,0,0,0,88,0,0,0,12,6,2,30,0,0,1,1,12,33596,1,1,0,0,2,3,70,999,0,2,0,1,0,7,2012,12,2013,0,6,0,0,0,5,5,45,1,1,8,1,0,0,1,13,99,1,4,1,2,1
12,120209,1,2,1,9,2,8,47,53,0,1,0,12,2,12,481,12481,31,2006,1FTRF02286KC,1,F,T,R,F,0,2,2,8,6,K,C,0,0,0,000000000,00000000000,0,0,0,1,0,0,0,0,0,0,0,40,0,0,0,12,6,2,12,0,0,0,1,12,33556,6,1,0,0,3,0,72,999,0,0,0,0,0,0,0,0,0,0,28,0,0,0,1,2,40,1,1,8,1,0,0,1,13,99,1,4,1,0,0
12,120209,2,2,2,9,2,8,47,53,0,1,0,12,2,12,402,12402,14,2014,1FMCU0GX2EUB,1,F,M,C,U,0,G,X,2,E,U,B,0,0,0,000000000,00000000000,0,0,0,1,0,0,0,0,0,0,0,40,0,0,0,12,6,2,12,0,0,0,1,48,77591,6,1,0,0,3,0,999,999,0,0,0,0,0,0,0,0,0,0,0,0,0,0,1,2,40,1,1,8,1,0,0,1,62,99,1,1,98,1,0
12,120210,1,2,1,9,2,19,0,12,6,1,0,12,1,98,709,98709,81,2005,LFGTCKPL8510,L,F,G,T,C,K,P,L,8,5,1,0,0,0,0,000000000,00000000000,0,0,0,1,0,0,0,0,0,0,0,45,0,0,0,9,6,2,12,0,0,0,1,12,33032,6,7,0,0,2,0,68,999,0,0,0,0,0,0,0,0,0,0,39,0,0,0,3,4,45,1,1,8,1,3,3,11,15,99,1,1,82,1,1
12,120210,2,2,2,9,2,19,0,12,6,1,0,12,2,20,37,20037,4,2013,1G11B5SA9DF3,1,G,1,1,B,5,S,A,9,D,F,3,0,0,0,000000000,00000000000,0,0,0,1,0,0,0,0,0,0,0,35,0,0,0,12,6,2,12,0,0,0,1,48,75068,6,1,0,0,3,0,999,999,0,0,0,0,0,0,0,0,0,0,0,0,0,0,1,3,35,1,1,8,1,3,3,1,67,99,1,1,83,0,0
12,120212,1,1,1,9,2,1,6,8,0,1,1,99,9,99,999,99999,99,9999,999999999999,9,9,9,9,9,9,9,9,9,9,9,9,0,0,0,000000000,00000000000,0,0,0,1,0,0,0,0,0,0,0,999,0,0,0,12,4,5,8,0,0,0,1,99,99999,9,9,99,9,9,9,999,999,99,99,99,99,99,99,9999,99,9999,0,0,0,0,0,3,3,40,1,1,8,1,0,0,99,80,99,1,1,13,0,0
12,120213,1,2,1,10,2,6,17,12,6,1,0,12,2,55,35,55035,4,2011,5NPDH4AE2BH0,5,N,P,D,H,4,A,E,2,B,H,0,0,0,0,000000000,00000000000,0,0,0,1,0,0,0,0,0,0,0,55,0,0,0,3,6,2,12,0,0,0,1,12,32134,6,1,0,0,3,0,70,999,0,0,0,0,1,1,2014,1,2014,0,6,0,0,0,1,2,55,1,5,8,1,0,0,1,13,6,1,4,64,1,0
12,120213,2,2,1,10,2,6,17,12,6,1,0,12,1,23,481,23481,31,2005,2GTEK13T8512,2,G,T,E,K,1,3,T,8,5,1,2,0,0,0,000000000,00000000000,0,0,0,1,0,0,0,0,0,0,0,40,0,0,0,12,6,2,12,0,0,0,1,12,32134,6,1,6,0,3,3,68,999,0,0,0,0,0,0,0,0,0,0,0,0,0,0,1,2,55,1,6,8,1,0,0,1,62,9,1,4,65,0,0
12,120214,1,3,1,10,2,9,47,12,2,1,0,36,1,20,23,20023,6,2011,3GNBABFW9BS6,3,G,N,B,A,B,F,W,9,B,S,6,0,0,0,000000000,00000000000,0,0,0,1,0,0,0,0,0,0,0,72,0,0,0,12,6,2,12,0,0,0,1,36,13126,6,1,0,0,3,0,73,999,0,0,0,0,0,0,0,0,0,0,6,35,0,0,1,2,60,1,1,8,1,0,0,6,54,1,1,2,52,0,0
12,120214,2,3,1,10,2,9,47,12,2,1,0,12,2,37,31,37031,2,2003,1HGEM21963L0,1,H,G,E,M,2,1,9,6,3,L,0,0,0,0,000000000,00000000000,0,0,0,1,0,0,0,0,0,0,0,45,0,0,0,12,6,2,12,0,0,0,1,12,33619,6,1,0,0,3,0,68,999,0,0,0,0,0,0,0,0,0,0,0,0,0,0,1,2,60,1,1,8,1,0,0,1,54,1,1,1,52,1,0
12,120214,3,3,1,10,2,9,47,12,2,1,0,12,2,30,40,30040,4,2014,3VWLL7AJ6EM3,3,V,W,L,L,7,A,J,6,E,M,3,0,0,0,000000000,00000000000,0,0,0,1,0,0,0,0,0,0,0,45,0,0,0,13,2,5,54,0,0,0,1,12,33578,6,1,0,0,3,3,69,999,0,0,0,1,0,5,2012,5,2012,0,0,0,0,0,1,2,60,1,1,8,1,0,0,1,98,1,1,1,98,0,0
12,120215,1,1,1,10,2,7,55,9,0,1,0,12,2,6,43,6043,4,2010,1C3CC4FB9AN1,1,C,3,C,C,4,F,B,9,A,N,1,0,0,0,000000000,00000000000,0,0,0,1,0,0,0,0,0,0,0,40,0,0,0,12,4,3,9,0,0,0,1,12,34787,6,1,0,0,3,0,66,999,0,0,0,0,0,0,0,0,0,0,0,0,0,0,3,4,45,1,1,8,1,0,0,1,83,99,1,1,13,0,0
12,120216,1,1,1,11,2,10,30,42,0,1,0,22,1,7,482,7482,31,2001,3B7HC13Y61G1,3,B,7,H,C,1,3,Y,6,1,G,1,0,0,0,000000000,00000000000,0,0,0,1,0,0,0,0,0,0,0,45,0,0,0,12,6,2,42,0,0,1,1,12,33572,6,1,0,0,3,3,77,999,0,0,0,0,0,0,0,0,0,0,0,0,0,0,1,2,45,1,1,8,1,0,0,1,12,99,1,4,6,1,0
12,120217,1,2,1,11,2,11,35,12,2,1,0,12,2,18,2,18002,4,1999,1G4HP52K6XH4,1,G,4,H,P,5,2,K,6,X,H,4,0,0,0,000000000,00000000000,0,0,0,1,0,0,0,0,0,0,0,50,0,0,0,12,6,2,12,0,0,0,1,12,34219,6,1,0,0,3,3,72,999,0,0,0,0,0,0,0,0,0,0,51,0,0,0,2,2,50,2,1,8,1,0,0,14,54,99,1,1,52,1,0
12,120217,2,2,1,11,2,11,35,12,2,1,0,12,3,86,890,86890,66,1999,1M1AA13Y3XW1,1,M,1,A,A,1,3,Y,3,X,W,1,1,1,12,813366,12813366,3,6,1,1,0,0,0,0,0,0,0,50,0,0,0,12,6,2,12,0,0,0,1,12,33614,6,1,6,0,3,3,73,999,0,0,0,0,1,5,2012,5,2012,0,0,0,0,0,2,2,50,3,1,8,1,0,0,14,54,8,1,1,52,0,0
12,120218,1,1,1,11,2,15,0,42,0,1,0,12,2,12,481,12481,31,2003,1FTRF17223NA,1,F,T,R,F,1,7,2,2,3,N,A,0,0,0,000000000,00000000000,0,0,0,1,0,0,0,0,0,0,0,55,0,0,0,12,6,2,42,0,0,0,1,12,32060,6,1,0,0,3,0,70,999,0,0,0,0,0,0,0,0,0,0,6,0,0,0,1,2,55,3,5,2,1,0,0,14,13,1,1,4,1,1,0
12,120219,1,2,1,11,2,6,0,12,2,1,0,12,5,76,706,76706,80,2005,JYARN13E75A0,J,Y,A,R,N,1,3,E,7,5,A,0,0,0,0,000000000,00000000000,0,0,0,1,0,0,0,0,0,0,0,60,0,0,0,12,6,2,12,0,0,0,1,12,33594,2,1,0,0,2,0,72,999,0,1,0,0,0,6,2011,6,2011,0,33,0,0,0,1,2,60,3,4,8,1,0,0,6,10,99,1,2,50,1,0
12,120219,2,2,1,11,2,6,0,12,2,1,0,12,2,55,33,55033,4,2004,KMHWF25S14A9,K,M,H,W,F,2,5,S,1,4,A,9,0,0,0,000000000,00000000000,0,0,0,1,0,0,0,0,0,0,0,60,0,0,0,12,6,2,12,0,0,0,1,12,33545,6,1,0,0,3,3,62,999,0,0,0,0,0,0,0,0,0,0,0,0,0,0,1,2,60,2,4,8,1,0,0,14,62,99,1,1,51,0,0
12,120220,1,1,1,11,2,21,30,1,0,1,0,12,2,53,734,53734,90,2007,5SAAP41A5771,5,S,A,A,P,4,1,A,5,7,7,1,0,0,0,000000000,00000000000,0,0,0,1,0,0,0,0,0,0,0,45,0,1,1,0,6,2,1,0,0,0,1,12,32052,3,1,0,0,2,0,65,999,0,1,0,0,0,5,2011,5,2011,0,6,0,0,0,1,2,60,1,5,8,1,0,0,1,98,99,1,2,98,1,1
12,120221,1,2,1,12,2,2,36,12,1,1,0,12,3,51,881,51881,63,2006,4V4NC9GG56N4,4,V,4,N,C,9,G,G,5,6,N,4,1,1,12,817077,12817077,3,4,1,1,0,0,0,0,0,0,0,65,0,1,1,12,6,2,1,0,0,0,1,12,33805,6,1,6,0,3,0,70,999,0,0,0,2,0,2,2012,11,2013,0,0,0,0,0,3,4,70,1,1,8,1,0,0,1,51,8,1,1,28,0,0
12,120221,2,2,1,12,2,2,36,12,1,1,0,12,2,34,34,34034,4,2011,WBAPH7C53BE1,W,B,A,P,H,7,C,5,3,B,E,1,0,0,0,000000000,00000000000,0,0,0,1,0,0,0,0,0,0,0,20,0,0,0,6,6,2,3,0,0,0,1,12,34219,6,1,0,0,3,0,68,999,0,0,0,1,1,6,2011,1,2013,0,0,0,0,0,3,4,70,1,1,8,1,0,0,2,53,99,1,1,29,1,1
12,120222,1,1,1,12,2,9,38,34,0,1,0,12,2,12,481,12481,31,2002,1FTRX18W62NA,1,F,T,R,X,1,8,W,6,2,N,A,1,1,0,000000000,00000000000,0,0,0,1,0,0,0,0,0,0,0,45,0,0,0,12,6,2,3,0,0,0,1,12,32177,6,1,0,0,3,0,67,999,0,0,0,0,0,0,0,0,0,0,0,0,0,0,2,2,45,1,1,8,1,0,0,1,12,99,1,4,6,1,0
12,120223,1,1,1,12,2,18,11,8,0,1,0,45,3,12,481,12481,31,2010,1FTEX1CWXAFB,1,F,T,E,X,1,C,W,X,A,F,B,0,0,0,000000000,00000000000,0,0,0,1,0,0,0,0,0,0,0,30,0,0,0,12,4,3,8,0,0,0,1,12,32034,6,1,0,0,3,0,72,999,0,0,0,0,0,0,0,0,0,0,0,0,0,0,6,1,45,2,1,8,2,40,3,2,80,99,1,1,13,0,0
12,120224,1,2,1,12,2,20,6,12,6,1,0,12,1,23,441,23441,20,1996,1GKDM19W8TB5,1,G,K,D,M,1,9,W,8,T,B,5,0,0,0,000000000,00000000000,0,0,0,1,0,0,0,0,0,0,0,998,0,0,0,3,6,2,12,0,0,0,1,12,33012,1,1,0,0,2,0,70,999,0,4,0,0,0,8,2011,1,2014,0,38,0,0,0,1,4,30,1,1,8,1,3,3,11,15,6,1,1,68,0,0
12,120224,2,2,1,12,2,20,6,12,6,1,0,12,2,73,709,73709,80,2009,JKAVN2B129A0,J,K,A,V,N,2,B,1,2,9,A,0,0,0,0,000000000,00000000000,0,0,0,1,0,0,0,0,0,0,0,998,0,0,0,12,6,2,12,0,0,0,1,12,33012,6,1,6,0,3,0,70,999,0,0,0,0,1,6,2011,6,2011,0,0,0,0,0,1,4,30,1,1,8,1,3,3,1,10,99,1,2,69,1,0
12,120225,1,2,1,12,2,21,36,12,6,1,0,12,3,12,23,12023,4,2014,3FA6P0H99ER1,3,F,A,6,P,0,H,9,9,E,R,1,0,0,0,000000000,00000000000,0,0,0,1,0,0,0,0,0,0,0,45,0,0,0,12,6,2,12,0,0,0,1,12,33455,6,1,0,0,3,0,71,999,1,5,0,0,0,4,2011,1,2014,0,38,0,0,0,3,6,45,1,1,8,2,4,3,1,17,99,1,1,86,0,0
12,120225,2,2,3,12,2,21,36,12,6,1,0,12,1,54,31,54031,4,1990,JH4DB1656LS0,J,H,4,D,B,1,6,5,6,L,S,0,0,0,0,000000000,00000000000,0,0,0,1,0,0,0,0,0,0,0,30,0,0,0,3,6,2,12,0,0,0,1,12,33401,6,1,0,0,3,3,61,999,0,0,0,0,0,0,0,0,0,0,0,0,0,0,3,6,45,1,1,8,2,4,3,1,66,99,1,1,87,1,0
12,120226,1,1,1,13,2,23,15,42,0,1,0,12,1,30,40,30040,4,2010,3VWJZ7AJ3AM0,3,V,W,J,Z,7,A,J,3,A,M,0,0,0,0,000000000,00000000000,0,0,0,1,0,0,0,0,0,0,0,95,0,0,0,12,6,2,42,0,0,0,1,12,34119,6,1,0,0,3,0,75,999,0,0,0,0,0,0,0,0,0,3,6,0,0,0,2,2,35,3,1,8,1,0,0,14,13,6,4,5,7,1,1
12,120227,1,1,1,13,2,16,30,1,0,1,0,12,1,98,704,98704,88,2013,ZAPM690TXD50,Z,A,P,M,6,9,0,T,X,D,5,0,0,0,0,000000000,00000000000,0,0,0,1,0,0,0,0,0,0,0,40,0,0,0,0,4,3,1,0,0,0,1,12,34769,6,1,0,0,3,0,70,999,0,0,0,0,0,0,0,0,0,0,0,0,0,0,2,5,40,1,1,8,1,3,3,1,98,3,1,1,98,1,0
12,120228,1,1,1,14,2,9,40,21,0,1,0,12,1,49,402,49402,14,2000,JT3GP10V1Y70,J,T,3,G,P,1,0,V,1,Y,7,0,0,0,0,000000000,00000000000,0,0,0,1,0,0,0,0,0,0,0,70,0,0,0,12,6,2,21,0,0,0,1,12,34239,6,1,0,0,3,3,71,999,0,0,0,0,0,0,0,0,0,0,6,0,0,0,3,4,70,1,1,8,1,0,0,1,12,1,1,4,6,1,0
12,120230,1,1,1,8,2,3,25,42,0,1,0,12,2,49,40,49040,4,2002,4T1BF32K92U5,4,T,1,B,F,3,2,K,9,2,U,5,0,0,0,000000000,00000000000,0,0,0,1,0,0,0,0,0,0,0,80,0,0,0,11,6,2,42,0,0,0,1,12,32164,6,1,0,0,3,3,68,999,0,0,0,1,0,6,2012,6,2012,4,6,0,0,0,2,2,45,2,1,8,2,0,0,14,13,1,3,5,7,1,0
12,120231,1,1,1,14,2,4,5,8,0,1,0,12,1,6,441,6441,20,2005,2C4GP44R75R5,2,C,4,G,P,4,4,R,7,5,R,5,0,0,0,000000000,00000000000,0,0,0,1,0,0,0,0,0,0,0,45,0,0,0,12,6,2,8,0,0,0,1,12,34744,6,1,0,0,3,3,68,999,0,0,0,0,0,0,0,0,0,0,0,0,0,0,3,2,45,3,1,8,1,0,0,14,80,1,1,1,13,0,0
12,120232,1,1,3,14,2,19,58,15,0,1,0,12,1,55,38,55038,4,2004,KMHFU45E04A3,K,M,H,F,U,4,5,E,0,4,A,3,0,0,0,000000000,00000000000,0,0,0,1,0,0,0,0,0,0,0,40,0,0,0,98,4,5,15,0,0,0,1,12,32720,6,1,0,0,3,3,68,999,0,0,0,0,0,0,0,0,0,0,0,0,0,0,2,2,40,1,1,8,1,0,0,1,80,99,1,1,13,0,0