STATE,ST_CASE,VEH_NO,VE_FORMS,NUMOCCS,DAY,MONTH,HOUR,MINUTE,HARM_EV,MAN_COLL,UNITTYPE,HIT_RUN,REG_STAT,OWNER,MAKE,MODEL,MAK_MOD,BODY_TYP,MOD_YEAR,VIN,VIN_1,VIN_2,VIN_3,VIN_4,VIN_5,VIN_6,VIN_7,VIN_8,VIN_9,VIN_10,VIN_11,VIN_12,TOW_VEH,J_KNIFE,MCARR_I1,MCARR_I2,MCARR_ID,GVWR,V_CONFIG,CARGO_BT,HAZ_INV,HAZ_PLAC,HAZ_ID,HAZ_CNO,HAZ_REL,BUS_USE,SPEC_USE,EMER_USE,TRAV_SP,UNDERIDE,ROLLOVER,ROLINLOC,IMPACT1,DEFORMED,TOWED,M_HARM,VEH_SC1,VEH_SC2,FIRE_EXP,DR_PRES,L_STATE,DR_ZIP,L_STATUS,L_TYPE,CDL_STAT,L_ENDORS,L_COMPL,L_RESTRI,DR_HGT,DR_WGT,PREV_ACC,PREV_SUS,PREV_DWI,PREV_SPD,PREV_OTH,FIRST_MO,FIRST_YR,LAST_MO,LAST_YR,SPEEDREL,DR_SF1,DR_SF2,DR_SF3,DR_SF4,VTRAFWAY,VNUM_LAN,VSPD_LIM,VALIGN,VPROFILE,VPAVETYP,VSURCOND,VTRAFCON,VTCONT_F,P_CRASH1,P_CRASH2,P_CRASH3,PCRASH4,PCRASH5,ACC_TYPE,DEATHS,DR_DRINK
12,120401,1,1,2,7,4,22,3,8,0,1,0,12,2,12,24,12024,6,2013,2FMDK3JC2DBB,2,F,M,D,K,3,J,C,2,D,B,B,0,0,0,000000000,00000000000,0,0,0,1,0,0,0,0,0,0,0,40,0,0,0,12,2,3,8,0,0,0,1,12,34448,6,1,0,0,3,3,64,999,0,0,0,0,0,0,0,0,0,0,0,0,0,0,3,3,40,1,1,8,1,0,0,1,80,99,1,1,13,0,0
12,120402,1,1,2,7,4,22,39,8,0,1,0,12,2,49,40,49040,4,1999,4T1BG28K8XU4,4,T,1,B,G,2,8,K,8,X,U,4,0,0,0,000000000,00000000000,0,0,0,1,0,0,0,0,0,0,0,35,0,0,0,14,4,5,8,0,0,0,1,12,32835,6,1,0,0,3,0,65,999,0,0,0,0,0,0,0,0,0,0,0,0,0,0,3,3,45,1,1,8,2,3,3,15,50,7,1,2,13,0,0
12,120403,1,1,1,7,4,6,45,8,0,1,1,99,9,99,999,99999,99,9999,999999999999,9,9,9,9,9,9,9,9,9,9,9,9,0,0,0,000000000,00000000000,0,0,0,1,0,0,0,0,0,0,0,998,0,0,0,12,2,5,8,0,0,0,1,99,99999,9,9,99,9,9,9,999,999,99,99,99,99,99,99,9999,99,9999,0,0,0,0,0,1,2,98,1,1,8,1,0,0,1,80,99,9,9,13,0,0
12,120404,1,2,1,8,4,6,16,8,0,1,0,12,1,49,40,49040,2,1999,2T1CG22P4XC2,2,T,1,C,G,2,2,P,4,X,C,2,0,0,0,000000000,00000000000,0,0,0,1,0,0,0,0,0,0,0,45,0,0,0,12,4,3,8,0,0,0,1,12,33916,6,1,0,0,3,3,73,999,0,0,0,1,0,4,2014,4,2014,0,0,0,0,0,2,2,45,1,1,8,1,0,0,1,80,99,1,1,13,0,0
12,120404,2,2,1,8,4,6,16,8,0,1,1,99,9,99,999,99999,99,9999,999999999999,9,9,9,9,9,9,9,9,9,9,9,9,0,0,0,000000000,00000000000,0,0,0,1,0,0,0,0,0,0,0,998,0,0,0,98,9,9,8,0,0,0,1,99,99999,9,9,99,9,9,9,999,999,99,99,99,99,99,99,9999,99,9999,0,0,0,0,0,8,8,98,8,8,8,98,97,8,99,80,99,9,9,98,0,0
12,120405,1,1,2,9,4,19,38,42,0,1,0,12,2,49,40,49040,4,2012,4T1BF1FK5CU5,4,T,1,B,F,1,F,K,5,C,U,5,0,0,0,000000000,00000000000,0,0,0,1,0,0,0,0,0,0,0,70,0,0,0,12,6,2,42,0,0,0,1,12,32628,6,1,0,0,3,0,65,999,0,0,0,0,0,0,0,0,0,0,0,0,0,0,3,3,70,1,1,8,1,0,0,1,13,1,1,4,1,2,0
12,120406,1,2,1,9,4,20,18,12,6,1,0,12,3,12,481,12481,31,1999,1FDWF36L8XED,1,F,D,W,F,3,6,L,8,X,E,D,0,0,0,000000000,00000000000,0,0,0,1,0,0,0,0,0,0,0,8,0,0,0,5,2,3,12,0,0,0,1,12,33772,6,1,0,0,3,0,69,999,0,0,0,0,0,0,0,0,0,0,38,0,0,0,3,4,45,1,1,8,1,3,3,11,15,99,1,1,68,0,0
12,120406,2,2,1,9,4,20,18,12,6,1,0,12,2,73,705,73705,80,1997,JKAZX4F13VA0,J,K,A,Z,X,4,F,1,3,V,A,0,0,0,0,000000000,00000000000,0,0,0,1,0,0,0,0,0,0,0,55,0,0,0,12,6,2,12,0,0,0,1,12,33710,1,1,0,0,2,0,71,999,0,8,0,0,0,10,2011,6,2012,3,0,0,0,0,3,4,45,1,1,8,1,3,3,1,62,99,1,1,69,1,0
12,120407,1,1,3,9,4,18,28,38,0,1,0,12,2,37,31,37031,4,2008,2HGFA555X8H7,2,H,G,F,A,5,5,5,X,8,H,7,0,0,0,000000000,00000000000,0,0,0,1,0,0,0,0,0,0,0,45,0,0,0,12,6,2,38,0,0,0,1,12,34746,6,1,6,0,3,0,70,999,1,0,0,0,0,6,2011,6,2011,0,58,0,0,0,3,2,45,3,1,8,1,0,0,14,13,1,2,4,2,1,1
12,120408,1,1,2,9,4,20,1,33,0,1,0,12,1,37,706,37706,80,2005,JH2PC37025M2,J,H,2,P,C,3,7,0,2,5,M,2,0,0,0,000000000,00000000000,0,0,0,1,0,0,0,0,0,0,0,40,0,0,0,9,6,2,33,0,0,0,1,12,33511,6,1,0,0,2,0,69,999,0,0,0,0,0,0,0,0,0,0,0,0,0,0,2,2,40,2,1,8,1,0,0,6,12,99,1,4,6,1,1
12,120409,1,3,2,9,4,15,5,12,6,1,0,12,3,98,981,98981,50,2007,4DRBUAANX7A4,4,D,R,B,U,A,A,N,X,7,A,4,0,0,88,888888888,88888888888,3,21,22,1,0,0,0,0,1,2,0,45,0,0,0,12,6,2,12,0,0,0,1,12,33525,6,1,6,3,3,3,62,999,0,0,0,0,0,0,0,0,0,0,0,0,0,0,3,3,45,1,1,8,1,3,3,1,17,99,1,1,88,0,0
12,120409,2,3,1,9,4,15,5,12,6,1,0,12,2,65,31,65031,2,2008,WMEEK31X18K0,W,M,E,E,K,3,1,X,1,8,K,0,0,0,0,000000000,00000000000,0,0,0,1,0,0,0,0,0,0,0,0,0,0,0,9,6,2,12,0,0,0,1,1,33523,6,1,0,0,3,3,61,155,0,0,0,0,0,0,0,0,0,0,0,0,0,0,3,3,45,1,1,8,1,3,3,5,66,1,1,1,89,0,0
12,120409,3,3,3,9,4,15,5,12,6,1,0,12,1,20,37,20037,4,2000,1G1NE52J2Y61,1,G,1,N,E,5,2,J,2,Y,6,1,0,0,0,000000000,00000000000,0,0,0,1,0,0,0,0,0,0,0,998,0,0,0,9,6,2,12,0,0,0,1,12,33525,6,1,0,0,3,3,64,999,0,0,0,0,0,0,0,0,0,0,0,0,0,0,3,3,45,1,1,8,1,0,0,1,66,99,1,1,98,1,0
12,120410,1,2,1,9,4,15,5,12,1,1,0,12,2,7,422,7422,15,2005,1D4HD48D55F5,1,D,4,H,D,4,8,D,5,5,F,5,0,0,0,000000000,00000000000,0,0,0,1,0,0,0,0,0,0,0,40,0,0,0,12,4,3,12,0,0,0,1,12,32792,6,1,0,0,3,0,67,999,1,0,0,0,0,12,2013,12,2013,0,6,0,0,0,3,2,45,1,1,8,1,0,0,1,51,99,1,1,24,0,0
12,120410,2,2,2,9,4,15,5,12,1,1,0,12,2,49,44,49044,1,2006,4T1FA38P36U0,4,T,1,F,A,3,8,P,3,6,U,0,0,0,0,000000000,00000000000,0,0,0,1,0,0,0,0,0,0,0,30,0,0,0,6,4,3,8,0,0,0,1,12,32792,6,1,0,0,3,0,66,999,0,0,0,0,0,0,0,0,0,0,0,0,0,0,3,2,45,1,1,8,1,0,0,10,53,99,1,1,27,0,0
12,120411,1,2,1,9,4,16,47,12,6,1,0,12,2,20,2,20002,4,2000,2G1WH55K0Y92,2,G,1,W,H,5,5,K,0,Y,9,2,0,0,0,000000000,00000000000,0,0,0,1,0,0,0,0,0,0,0,5,0,0,0,7,6,2,12,0,0,0,1,12,32966,6,1,0,0,3,0,65,999,0,0,0,0,0,0,0,0,0,0,38,0,0,0,1,2,45,1,1,8,1,20,3,11,15,99,1,1,82,1,0
12,120411,2,2,1,9,4,16,47,12,6,1,0,12,3,85,881,85881,66,2009,1XKDD49X39J2,1,X,K,D,D,4,9,X,3,9,J,2,1,1,12,1054441,121054441,3,6,98,1,0,0,0,0,0,0,0,55,0,0,0,12,4,3,12,0,0,0,1,12,32967,6,1,6,0,3,0,67,999,0,0,0,0,0,0,0,0,0,0,0,0,0,0,1,2,55,1,1,8,1,0,0,1,67,8,1,2,83,0,0
12,120412,1,1,1,9,4,23,25,59,0,1,0,12,1,69,54,69054,3,2005,WMWRE33545TL,W,M,W,R,E,3,3,5,4,5,T,L,0,0,0,000000000,00000000000,0,0,0,1,0,0,0,0,0,0,0,45,0,1,5,3,6,2,1,0,0,0,1,12,34746,6,1,0,0,3,0,69,999,0,0,0,1,1,9,2011,12,2011,0,6,0,0,0,1,2,45,1,1,8,1,0,0,1,12,1,4,4,7,1,0
12,120413,1,1,1,9,4,22,50,8,0,1,0,12,1,49,50,49050,3,2007,JTKDE1771701,J,T,K,D,E,1,7,7,1,7,0,1,0,0,0,000000000,00000000000,0,0,0,1,0,0,0,0,0,0,0,45,0,0,0,12,2,5,8,0,0,0,1,12,33068,6,1,0,0,3,3,70,999,0,0,0,0,0,0,0,0,0,0,0,0,0,0,3,3,45,1,1,8,1,0,0,1,80,99,1,1,13,0,0
12,120414,1,2,1,10,4,8,50,12,6,1,0,12,2,20,16,20016,4,1996,1G1JF5240T72,1,G,1,J,F,5,2,4,0,T,7,2,0,0,0,000000000,00000000000,0,0,0,1,0,0,0,0,0,0,0,20,0,0,0,9,6,2,12,0,0,0,1,12,33407,0,0,0,0,0,0,999,999,0,0,0,0,0,0,0,0,0,0,6,0,0,0,3,6,65,1,1,8,1,0,0,15,11,99,1,2,47,1,0
12,120414,2,2,2,10,4,8,50,12,6,1,0,12,2,59,31,59031,4,2014,JTHBK1GG3E21,J,T,H,B,K,1,G,G,3,E,2,1,0,0,0,000000000,00000000000,0,0,0,1,0,0,0,0,0,0,0,65,0,0,0,12,6,2,12,0,0,0,1,36,14624,6,1,0,0,3,3,999,999,0,0,0,0,0,0,0,0,0,0,0,0,0,0,3,6,65,1,1,8,1,0,0,1,61,1,1,1,45,0,0
12,120415,1,2,1,11,4,20,39,8,0,1,0,6,3,87,884,87884,66,2000,1NP5LB9X4YD5,1,N,P,5,L,B,9,X,4,Y,D,5,1,1,17,568253,17568253,3,6,6,1,0,0,0,0,0,0,0,65,0,0,0,12,6,2,8,0,0,0,1,12,33331,6,1,6,0,3,3,68,999,0,0,0,0,0,0,0,0,0,0,0,0,0,0,3,3,70,1,1,8,1,0,0,1,80,99,1,1,13,0,0
12,120415,2,2,2,11,4,20,39,8,0,1,0,12,2,35,47,35047,4,2005,1N4AL11D55N4,1,N,4,A,L,1,1,D,5,5,N,4,0,0,0,000000000,00000000000,0,0,0,1,0,0,0,0,0,0,0,45,0,0,0,12,4,5,8,0,0,0,1,12,32819,6,1,0,0,3,0,70,999,0,0,0,0,0,0,0,0,0,0,0,0,0,0,3,3,70,1,1,8,1,0,0,1,80,99,1,1,98,0,0
12,120416,1,2,1,11,4,23,2,12,1,1,0,12,2,14,6,14006,4,2000,2MEFM74W3YX7,2,M,E,F,M,7,4,W,3,Y,X,7,0,0,0,000000000,00000000000,0,0,0,1,0,0,0,0,0,0,0,65,0,0,0,12,6,2,8,0,0,0,1,12,32206,6,1,0,0,3,0,69,999,0,0,0,0,0,0,0,0,0,0,6,0,0,0,3,2,45,1,5,1,1,0,0,1,50,99,1,1,32,0,0
12,120416,2,2,0,11,4,23,2,12,1,1,0,12,6,52,34,52034,4,2000,4A3AA46G8YE1,4,A,3,A,A,4,6,G,8,Y,E,1,0,0,0,000000000,00000000000,0,0,0,1,0,0,0,0,0,0,0,0,0,0,0,6,6,2,12,0,0,0,0,0,99997,7,6,97,7,6,7,998,997,998,998,998,998,998,98,9998,98,9998,8,20,0,0,0,3,2,45,1,5,1,1,0,0,0,53,0,0,0,32,0,0
12,120417,1,1,1,11,4,6,18,8,0,1,0,12,1,20,481,20481,31,2007,1GCEK19Z87Z1,1,G,C,E,K,1,9,Z,8,7,Z,1,0,0,0,000000000,00000000000,0,0,0,1,0,0,0,0,0,0,0,55,0,0,0,12,4,3,8,0,0,0,1,12,32666,6,1,6,0,3,3,72,999,0,0,0,1,0,6,2011,6,2011,0,0,0,0,0,1,2,55,1,6,8,1,0,0,1,80,99,1,4,1,0,0
12,120418,1,1,1,12,4,2,8,59,0,1,0,12,1,12,422,12422,15,1998,1FMRU1761WLC,1,F,M,R,U,1,7,6,1,W,L,C,0,0,0,000000000,00000000000,0,0,0,1,0,0,0,0,0,0,0,110,0,0,0,61,6,2,59,0,0,0,1,12,33157,1,1,0,0,2,0,67,999,1,4,0,0,1,3,2013,4,2014,3,6,0,0,0,2,3,45,1,1,8,1,0,0,1,12,99,1,4,6,1,1
12,120419,1,1,2,12,4,3,20,42,0,1,0,12,2,38,403,38403,14,1991,JAACR01E3M98,J,A,A,C,R,0,1,E,3,M,9,8,0,0,0,000000000,00000000000,0,0,0,1,0,0,0,0,0,0,0,50,0,1,5,1,6,2,1,0,0,0,1,12,33042,0,0,0,0,0,0,71,999,0,0,0,0,0,0,0,0,0,0,0,0,0,0,5,3,45,1,1,8,1,0,0,1,13,1,1,4,1,1,0
12,120420,1,1,2,12,4,8,0,8,0,1,0,12,1,12,471,12471,30,1999,1FTYR10C2XUB,1,F,T,Y,R,1,0,C,2,X,U,B,0,0,0,000000000,00000000000,0,0,0,1,0,0,0,0,0,0,0,998,0,1,5,12,6,2,8,0,0,0,1,12,33801,6,1,0,0,3,3,69,999,0,2,0,0,0,1,2013,1,2013,0,0,0,0,0,1,2,45,1,1,8,1,0,0,1,83,7,1,4,1,0,0
12,120421,1,2,2,12,4,18,8,12,6,1,0,12,2,49,481,49481,31,1994,JT4VD10AXR00,J,T,4,V,D,1,0,A,X,R,0,0,0,0,0,000000000,00000000000,0,0,0,1,0,0,0,0,0,0,0,55,0,0,0,81,6,2,12,0,0,0,1,12,32720,6,1,0,0,3,3,65,999,0,0,0,0,0,0,0,0,0,0,0,0,0,0,1,2,55,1,1,8,1,0,0,1,1,99,1,1,98,2,0
12,120421,2,2,1,12,4,18,8,12,6,1,0,12,1,20,481,20481,31,2001,2GCEC19T2113,2,G,C,E,C,1,9,T,2,1,1,3,0,0,0,000000000,00000000000,0,0,0,1,0,0,0,0,0,0,0,55,0,0,0,12,6,2,12,0,0,0,1,12,32736,6,1,0,0,3,3,70,999,0,0,0,0,0,0,0,0,0,0,0,0,0,0,1,2,55,1,1,8,1,0,0,1,62,99,1,1,98,0,0
12,120422,1,1,1,12,4,22,25,43,0,1,0,12,1,12,402,12402,14,2004,1FMCU03114KA,1,F,M,C,U,0,3,1,1,4,K,A,0,0,0,000000000,00000000000,0,0,0,1,0,0,0,0,0,0,0,30,0,0,0,12,6,2,42,0,0,0,1,12,32703,6,1,0,0,3,3,67,999,0,0,0,0,0,0,0,0,0,0,6,0,0,0,0,0,0,0,0,0,0,0,0,98,98,99,9,5,98,1,1
12,120423,1,1,1,12,4,3,0,8,0,1,1,12,1,20,481,20481,31,2008,2GCEC13J5811,2,G,C,E,C,1,3,J,5,8,1,1,0,0,0,000000000,00000000000,0,0,0,1,0,0,0,0,0,0,0,45,0,0,0,14,2,5,8,0,0,0,1,12,33617,4,1,5,0,2,0,68,999,0,0,0,0,0,0,0,0,0,0,0,0,0,0,3,3,45,1,1,8,1,0,0,1,80,99,1,1,13,0,0
12,120424,1,1,1,13,4,13,58,33,0,1,0,12,3,72,706,72706,80,2014,1HD1KBM16EB6,1,H,D,1,K,B,M,1,6,E,B,6,0,0,0,000000000,00000000000,0,0,0,1,0,0,0,0,0,0,0,35,0,0,0,11,6,2,38,0,0,0,1,12,34134,6,1,0,0,3,0,71,999,0,0,0,0,0,0,0,0,0,0,0,0,0,0,2,2,35,2,1,2,1,0,0,14,12,99,1,4,6,1,1
12,120425,1,2,1,13,4,3,10,8,0,1,0,12,1,63,38,63038,4,2010,KNAFU4A26A51,K,N,A,F,U,4,A,2,6,A,5,1,0,0,0,000000000,00000000000,0,0,0,1,0,0,0,0,0,0,0,999,0,0,0,12,6,2,8,0,0,0,1,12,33186,6,1,0,0,3,0,74,999,0,0,0,0,0,0,0,0,0,0,6,8,38,0,2,2,40,1,1,8,1,4,3,1,80,99,1,1,13,0,1
12,120425,2,2,1,13,4,3,10,8,0,1,0,12,1,20,404,20404,14,2006,2CNDL63FX660,2,C,N,D,L,6,3,F,X,6,6,0,0,0,0,000000000,00000000000,0,0,0,1,0,0,0,0,0,0,0,0,0,0,0,9,6,2,12,0,0,0,1,12,33184,6,1,0,0,3,3,68,999,0,0,0,0,0,0,0,0,0,0,0,0,0,0,2,2,40,1,1,8,1,4,3,5,62,1,1,1,98,0,0
12,120427,1,1,1,13,4,14,50,41,0,1,0,12,1,22,441,22441,20,2000,1GMDX03E0YD2,1,G,M,D,X,0,3,E,0,Y,D,2,0,0,0,000000000,00000000000,0,0,0,1,0,0,0,0,0,0,0,60,0,0,0,81,6,2,42,0,0,0,1,12,33127,6,1,0,0,3,0,69,999,0,0,0,0,1,7,2011,7,2011,0,6,0,0,0,3,6,60,1,1,1,1,0,0,1,13,99,1,4,1,1,1
12,120428,1,1,1,15,4,1,40,8,0,1,1,99,9,99,999,99999,99,9999,999999999999,9,9,9,9,9,9,9,9,9,9,9,9,0,0,0,000000000,00000000000,0,0,0,1,0,0,0,0,0,0,0,55,0,0,0,12,9,5,8,0,0,0,1,99,99999,9,9,99,9,9,9,999,999,99,99,99,99,99,99,9999,99,9999,0,0,0,0,0,1,2,55,1,1,8,1,0,0,1,80,99,1,1,13,0,0
12,120429,1,2,1,16,4,8,58,12,6,1,0,12,1,12,13,12013,3,1996,1FASP11J8TW1,1,F,A,S,P,1,1,J,8,T,W,1,0,0,0,000000000,00000000000,0,0,0,1,0,0,0,0,0,0,0,45,0,0,0,12,6,2,12,0,0,0,1,12,32506,6,1,0,0,3,3,63,999,0,0,0,0,0,0,0,0,0,0,59,0,0,0,2,3,45,1,1,8,1,3,3,1,17,99,1,1,83,1,0
12,120429,2,2,1,16,4,8,58,12,6,1,0,12,1,52,34,52034,4,2000,4A3AA46GXYE0,4,A,3,A,A,4,6,G,X,Y,E,0,0,0,0,000000000,00000000000,0,0,0,1,0,0,0,0,0,0,0,15,0,0,0,11,6,2,12,0,0,0,1,12,32506,6,1,0,0,3,0,60,999,0,0,0,0,0,0,0,0,0,0,0,0,0,0,1,2,25,1,1,8,1,3,3,11,66,99,1,1,82,0,0
12,120430,1,1,1,16,4,18,45,35,0,1,0,12,2,47,35,47035,1,1999,YS3DD78N3X70,Y,S,3,D,D,7,8,N,3,X,7,0,0,0,0,000000000,00000000000,0,0,0,1,0,0,0,0,0,0,0,93,0,1,5,14,6,2,1,0,0,0,1,12,32653,1,1,0,0,2,0,58,999,0,5,0,1,0,4,2011,1,2013,3,6,58,0,0,3,3,70,3,6,2,1,0,0,15,13,7,3,4,2,1,0
12,120431,1,2,2,16,4,20,11,12,2,1,0,12,1,7,472,7472,30,2008,1D7HE48N38S6,1,D,7,H,E,4,8,N,3,8,S,6,0,0,0,000000000,00000000000,0,0,0,1,0,0,0,0,0,0,0,5,0,0,0,12,6,2,12,0,0,0,1,12,32404,6,1,0,0,3,0,70,999,1,0,0,0,1,11,2011,12,2011,0,38,0,0,0,1,2,35,2,1,8,1,0,0,11,15,99,1,1,68,0,0
12,120431,2,2,1,16,4,20,11,12,2,1,0,12,1,72,706,72706,80,2005,1HD1BTY1X5Y0,1,H,D,1,B,T,Y,1,X,5,Y,0,0,0,0,000000000,00000000000,0,0,0,1,0,0,0,0,0,0,0,35,0,0,0,12,6,2,12,0,0,0,1,12,32428,6,1,0,0,3,0,75,999,0,0,0,1,0,3,2012,3,2012,0,0,0,0,0,1,2,35,3,1,8,1,0,0,14,62,99,1,1,69,1,0
12,120432,1,1,2,16,4,9,25,1,0,1,0,12,2,12,401,12401,14,2002,1FMZU63E12ZC,1,F,M,Z,U,6,3,E,1,2,Z,C,0,0,0,000000000,00000000000,0,0,0,1,0,0,0,0,0,0,0,55,0,1,5,0,6,2,1,0,0,0,1,12,33773,1,1,0,0,2,0,66,999,0,1,0,0,1,6,2011,2,2014,0,0,0,0,0,6,1,50,2,6,8,1,0,0,14,12,7,3,4,2,1,0
12,120433,1,1,1,17,4,11,45,34,0,1,0,12,1,12,481,12481,31,1993,1FTDF15Y4PNB,1,F,T,D,F,1,5,Y,4,P,N,B,0,0,0,000000000,00000000000,0,0,0,1,0,0,0,0,0,0,0,35,0,0,0,12,4,3,3,0,0,0,1,12,32583,6,1,0,0,3,0,71,999,0,0,0,1,0,3,2012,3,2012,0,6,0,0,0,1,2,35,1,1,2,1,0,0,1,12,1,1,4,6,1,1
12,120434,1,2,1,17,4,14,29,12,2,1,0,12,1,42,48,42048,4,2001,WDBJF65J11B2,W,D,B,J,F,6,5,J,1,1,B,2,0,0,0,000000000,00000000000,0,0,0,1,0,0,0,0,0,0,0,998,0,0,0,12,6,2,2,0,0,1,1,12,33629,6,1,0,0,3,0,64,999,0,0,0,1,0,12,2012,12,2012,0,51,0,0,0,1,2,55,1,1,8,1,0,0,1,10,99,1,1,50,1,1
12,120434,2,2,1,17,4,14,29,12,2,1,0,12,3,84,881,84881,66,2002,2HSCBAER42C0,2,H,S,C,B,A,E,R,4,2,C,0,1,1,12,1814902,121814902,3,6,1,1,0,0,0,0,0,0,0,998,0,0,0,12,6,2,12,0,0,0,1,12,34711,6,1,6,3,3,3,70,999,0,0,0,0,0,0,0,0,0,0,0,0,0,0,1,2,55,1,1,8,1,0,0,1,62,99,1,1,51,0,1
12,120435,1,1,1,18,4,0,0,34,0,1,0,12,1,20,421,20421,15,2000,1GNEK13R8YR1,1,G,N,E,K,1,3,R,8,Y,R,1,0,0,0,000000000,00000000000,0,0,0,1,0,0,0,0,0,0,0,45,0,1,5,98,6,2,34,0,0,0,1,12,32926,6,1,0,0,3,0,69,999,0,0,0,0,0,0,0,0,0,0,6,0,0,0,1,2,35,1,1,8,1,0,0,1,12,7,3,4,2,1,1
12,120436,1,2,4,18,4,20,38,12,2,1,0,12,1,55,35,55035,4,2010,KMHDU4AD6AU1,K,M,H,D,U,4,A,D,6,A,U,1,0,0,0,000000000,00000000000,0,0,0,1,0,0,0,0,0,0,0,15,0,0,0,12,6,2,12,0,0,0,1,12,32507,6,1,0,0,3,0,62,999,0,1,0,1,0,2,2013,7,2013,0,38,0,0,0,2,4,55,1,1,8,2,3,3,11,15,99,1,1,68,1,0
12,120436,2,2,2,18,4,20,38,12,2,1,0,1,1,6,441,6441,20,2005,2C4GP54L65R1,2,C,4,G,P,5,4,L,6,5,R,1,0,0,0,000000000,00000000000,0,0,0,1,0,0,0,0,0,0,0,55,0,0,0,12,6,2,12,0,0,0,1,1,36549,6,1,0,0,3,0,64,160,0,0,0,0,0,0,0,0,0,0,0,0,0,0,2,3,55,1,1,8,2,3,3,1,62,99,1,1,69,0,0
12,120437,1,1,3,12,1,18,24,8,0,1,0,12,1,52,401,52401,14,2001,JA4LS21H21P0,J,A,4,L,S,2,1,H,2,1,P,0,0,0,0,000000000,00000000000,0,0,0,1,0,0,0,0,0,0,0,48,0,0,0,12,4,3,8,0,0,0,1,12,33903,6,1,0,0,3,0,62,999,0,0,0,0,0,0,0,0,0,0,0,0,0,0,3,3,45,1,1,8,1,0,0,1,80,6,1,1,13,0,0
12,120438,1,1,1,13,1,19,36,8,0,1,0,45,1,35,47,35047,4,2001,1N4DL01D61C1,1,N,4,D,L,0,1,D,6,1,C,1,0,0,0,000000000,00000000000,0,0,0,1,0,0,0,0,0,0,0,45,0,0,0,2,4,3,8,0,0,0,1,45,29223,6,1,0,0,3,0,73,190,0,0,0,0,1,7,2011,7,2011,0,0,0,0,0,3,3,45,1,1,8,1,0,0,1,80,1,1,1,13,0,0
12,120439,1,1,2,26,1,23,45,52,0,1,0,12,1,30,46,30046,4,2003,WVWMD63B33P2,W,V,W,M,D,6,3,B,3,3,P,2,0,0,0,000000000,00000000000,0,0,0,1,0,0,0,0,0,0,0,70,0,0,0,11,6,2,52,0,0,0,1,12,33162,6,1,0,0,3,0,67,999,0,0,0,0,1,6,2012,6,2012,0,6,0,0,0,3,4,70,1,1,8,1,0,0,1,12,1,1,4,6,1,0
12,120440,1,1,1,29,1,0,13,8,0,1,0,12,1,23,481,23481,31,2014,1GTR1UEC1EZ1,1,G,T,R,1,U,E,C,1,E,Z,1,0,0,0,000000000,00000000000,0,0,0,1,0,0,0,0,0,0,0,5,0,0,0,12,2,3,8,0,0,0,1,12,34608,6,1,0,0,3,0,72,999,0,0,0,0,0,0,0,0,0,0,0,0,0,0,1,2,20,2,6,8,2,0,0,14,85,99,1,1,13,0,0
12,120441,1,2,1,30,1,15,15,12,6,1,0,12,1,37,32,37032,4,2011,1HGCP2F4XBA0,1,H,G,C,P,2,F,4,X,B,A,0,0,0,0,000000000,00000000000,0,0,0,1,0,0,0,0,0,0,0,998,0,0,0,3,6,2,12,0,0,0,1,12,33437,6,1,0,0,3,0,66,999,0,0,0,0,0,0,0,0,0,0,38,0,0,0,3,4,45,1,1,8,2,3,3,11,15,99,1,1,68,1,0
12,120441,2,2,1,30,1,15,15,12,6,1,0,12,2,37,32,37032,2,2011,1HGCS2B80BA0,1,H,G,C,S,2,B,8,0,B,A,0,0,0,0,000000000,00000000000,0,0,0,1,0,0,0,0,0,0,0,40,0,0,0,12,6,2,12,0,0,0,1,12,33496,6,1,0,0,3,0,62,999,0,0,0,0,0,0,0,0,0,0,0,0,0,0,3,4,45,1,1,8,2,3,3,1,62,99,1,1,69,0,0
12,120442,1,1,1,5,4,4,15,8,0,1,0,12,1,49,482,49482,31,2004,5TBRT34174S4,5,T,B,R,T,3,4,1,7,4,S,4,0,0,0,000000000,00000000000,0,0,0,1,0,0,0,0,0,0,0,45,0,0,0,12,6,2,8,0,0,0,1,12,32826,6,1,0,0,3,0,68,999,0,0,0,0,0,0,0,0,0,0,0,0,0,0,3,3,45,1,1,8,1,0,0,1,80,1,1,1,13,0,0
12,120443,1,5,1,4,4,23,44,12,2,1,0,12,2,18,7,18007,4,1993,1G4AG55N2P64,1,G,4,A,G,5,5,N,2,P,6,4,0,0,0,000000000,00000000000,0,0,0,1,0,0,0,0,0,0,0,70,0,0,0,12,6,2,12,0,0,0,1,12,32643,6,1,0,0,3,3,66,999,0,0,0,0,0,0,0,0,0,0,51,0,0,0,3,3,70,1,1,8,1,0,0,1,54,99,1,1,52,1,0
12,120443,2,5,1,4,4,23,44,12,2,1,0,12,1,12,422,12422,15,2013,1FMJK1J52DEF,1,F,M,J,K,1,J,5,2,D,E,F,0,0,0,000000000,00000000000,0,0,0,1,0,0,0,0,0,0,0,70,0,0,0,12,6,2,12,0,0,0,1,12,32174,6,1,0,0,3,0,71,999,0,0,0,0,0,0,0,0,0,0,0,0,0,0,3,3,70,1,1,8,1,0,0,1,54,99,1,1,52,1,0