STATE,ST_CASE,VEH_NO,VE_FORMS,NUMOCCS,DAY,MONTH,HOUR,MINUTE,HARM_EV,MAN_COLL,UNITTYPE,HIT_RUN,REG_STAT,OWNER,MAKE,MODEL,MAK_MOD,BODY_TYP,MOD_YEAR,VIN,VIN_1,VIN_2,VIN_3,VIN_4,VIN_5,VIN_6,VIN_7,VIN_8,VIN_9,VIN_10,VIN_11,VIN_12,TOW_VEH,J_KNIFE,MCARR_I1,MCARR_I2,MCARR_ID,GVWR,V_CONFIG,CARGO_BT,HAZ_INV,HAZ_PLAC,HAZ_ID,HAZ_CNO,HAZ_REL,BUS_USE,SPEC_USE,EMER_USE,TRAV_SP,UNDERIDE,ROLLOVER,ROLINLOC,IMPACT1,DEFORMED,TOWED,M_HARM,VEH_SC1,VEH_SC2,FIRE_EXP,DR_PRES,L_STATE,DR_ZIP,L_STATUS,L_TYPE,CDL_STAT,L_ENDORS,L_COMPL,L_RESTRI,DR_HGT,DR_WGT,PREV_ACC,PREV_SUS,PREV_DWI,PREV_SPD,PREV_OTH,FIRST_MO,FIRST_YR,LAST_MO,LAST_YR,SPEEDREL,DR_SF1,DR_SF2,DR_SF3,DR_SF4,VTRAFWAY,VNUM_LAN,VSPD_LIM,VALIGN,VPROFILE,VPAVETYP,VSURCOND,VTRAFCON,VTCONT_F,P_CRASH1,P_CRASH2,P_CRASH3,PCRASH4,PCRASH5,ACC_TYPE,DEATHS,DR_DRINK
12,120443,3,5,3,4,4,23,44,12,2,1,0,26,2,12,401,12401,14,2013,1FM5K8F83DGB,1,F,M,5,K,8,F,8,3,D,G,B,0,0,0,000000000,00000000000,0,0,0,1,0,0,0,0,0,0,0,70,0,0,0,12,6,2,12,0,0,0,1,26,49120,6,1,6,0,3,3,73,251,0,0,0,0,0,0,0,0,0,0,0,0,0,0,3,3,70,1,1,8,1,0,0,1,54,7,1,2,98,0,0
12,120443,4,5,41,4,4,23,44,12,2,1,0,48,3,98,988,98988,52,2000,1M8PDMRA3YP0,1,M,8,P,D,M,R,A,3,Y,P,0,0,0,48,441100,48441100,3,21,22,1,0,0,0,0,6,3,0,65,0,0,0,12,6,2,12,0,0,0,1,13,30248,6,1,6,3,3,3,68,265,98,0,0,0,0,0,0,0,0,0,0,0,0,0,3,3,70,1,1,8,1,0,0,1,60,7,1,1,98,0,0
12,120443,5,5,7,4,4,23,44,12,2,1,0,26,2,37,441,37441,20,2013,5FNRL5H66DB0,5,F,N,R,L,5,H,6,6,D,B,0,0,0,0,000000000,00000000000,0,0,0,1,0,0,0,0,0,0,0,60,0,0,0,13,4,5,54,0,0,0,1,18,46614,6,1,0,0,3,0,65,125,0,0,0,1,0,11,2013,11,2013,0,0,0,0,0,3,3,70,1,1,8,1,0,0,1,98,99,1,1,98,0,0
12,120444,1,1,1,5,4,15,14,8,0,1,0,12,1,49,32,49032,4,2003,1NXBR32E33Z1,1,N,X,B,R,3,2,E,3,3,Z,1,0,0,0,000000000,00000000000,0,0,0,1,0,0,0,0,0,0,0,5,0,0,0,12,0,3,8,0,0,0,1,12,33016,6,1,0,0,3,3,63,999,0,0,0,0,0,0,0,0,0,0,0,0,0,0,3,4,40,1,1,8,1,3,3,4,80,99,1,1,13,0,0
12,120445,1,2,2,17,4,16,27,12,6,1,0,12,1,63,31,63031,4,1999,KNAFB1210X57,K,N,A,F,B,1,2,1,0,X,5,7,0,0,0,000000000,00000000000,0,0,0,1,0,0,0,0,0,0,0,15,0,0,0,9,6,2,12,0,0,0,1,12,34473,6,1,0,0,3,3,71,999,0,0,0,0,0,0,0,0,0,0,38,0,0,0,1,3,45,1,1,8,1,20,3,11,15,99,1,1,82,1,0
12,120445,2,2,1,17,4,16,27,12,6,1,0,12,1,12,481,12481,31,2003,1FTRX18L53NB,1,F,T,R,X,1,8,L,5,3,N,B,0,0,0,000000000,00000000000,0,0,0,1,0,0,0,0,0,0,0,45,0,0,0,12,6,2,12,0,0,0,1,12,34434,6,1,0,0,3,0,73,999,0,0,0,0,0,0,0,0,0,0,0,0,0,0,1,3,45,1,1,8,1,0,0,1,67,6,1,1,83,0,0
12,120446,1,2,1,19,4,2,37,8,0,1,1,99,9,99,999,99999,99,9999,999999999999,9,9,9,9,9,9,9,9,9,9,9,9,0,0,0,000000000,00000000000,0,0,0,1,0,0,0,0,0,0,0,55,0,0,0,14,9,5,8,0,0,0,1,99,99999,9,9,99,9,9,9,999,999,99,99,99,99,99,99,9999,99,9999,0,0,0,0,0,3,3,55,1,1,8,2,0,0,1,80,99,9,9,13,0,0
12,120446,2,2,1,19,4,2,37,8,0,1,1,99,9,99,999,99999,99,9999,999999999999,9,9,9,9,9,9,9,9,9,9,9,9,0,0,0,000000000,00000000000,0,0,0,1,0,0,0,0,0,0,0,55,0,0,0,14,9,5,8,0,0,0,1,99,99999,9,9,99,9,9,9,999,999,99,99,99,99,99,99,9999,99,9999,0,0,0,0,0,3,3,55,1,1,8,2,0,0,1,80,99,9,9,98,0,0
12,120447,1,2,1,19,4,19,7,12,6,1,0,12,1,12,17,12017,4,1999,1FAFP53U8XG2,1,F,A,F,P,5,3,U,8,X,G,2,0,0,0,000000000,00000000000,0,0,0,1,0,0,0,0,0,0,0,58,0,0,0,9,6,2,12,0,0,0,1,12,34251,1,1,0,0,2,0,65,999,1,12,0,4,0,8,2012,2,2014,0,6,0,0,0,1,2,30,2,1,8,1,0,0,14,10,99,3,2,64,1,1
12,120447,2,2,1,19,4,19,7,12,6,1,0,12,1,30,40,30040,4,2006,3VWRT71K56M7,3,V,W,R,T,7,1,K,5,6,M,7,0,0,0,000000000,00000000000,0,0,0,1,0,0,0,0,0,0,0,40,0,0,0,12,6,2,12,0,0,0,1,12,34251,6,1,0,0,3,0,61,999,0,0,0,0,1,8,2013,8,2013,0,0,0,0,0,1,2,30,3,1,8,1,0,0,14,62,99,1,1,65,0,0
12,120448,1,1,1,19,4,22,0,42,0,1,0,12,1,37,403,37403,14,2003,5J6YH18693L0,5,J,6,Y,H,1,8,6,9,3,L,0,0,0,0,000000000,00000000000,0,0,0,1,0,0,0,0,0,0,0,55,0,0,0,11,6,2,42,0,0,0,1,12,32309,6,1,0,0,3,3,67,999,0,0,0,0,0,0,0,0,0,0,0,0,0,0,1,2,55,3,6,8,1,0,0,14,13,6,1,4,1,1,1
12,120449,1,1,1,19,4,22,41,8,0,1,0,12,1,37,402,37402,14,2009,5J6RE48789L0,5,J,6,R,E,4,8,7,8,9,L,0,0,0,0,000000000,00000000000,0,0,0,1,0,0,0,0,0,0,0,70,0,0,0,12,6,2,8,0,0,0,1,12,33983,6,1,0,0,3,3,62,999,0,0,0,0,0,0,0,0,0,0,0,0,0,0,3,2,70,1,1,8,1,0,0,1,80,99,1,1,13,0,0
12,120450,1,2,3,19,4,9,50,12,1,1,0,12,2,20,403,20403,14,2004,1GNDT13X34K1,1,G,N,D,T,1,3,X,3,4,K,1,0,0,0,000000000,00000000000,0,0,0,1,0,0,0,0,0,0,0,55,0,1,1,12,6,2,1,0,0,0,1,12,33540,6,1,0,0,3,0,76,999,0,0,0,2,0,7,2011,8,2012,0,6,0,0,0,3,2,55,1,1,8,1,0,0,1,50,1,1,1,20,1,0
12,120450,2,2,2,19,4,9,50,12,1,1,0,12,2,49,40,49040,4,2007,4T1BK46K17U5,4,T,1,B,K,4,6,K,1,7,U,5,0,0,0,000000000,00000000000,0,0,0,1,0,0,0,0,0,0,0,0,0,0,0,6,6,2,12,0,0,0,1,97,0,9,9,99,9,9,9,999,999,99,99,99,99,99,99,9999,99,9999,0,0,0,0,0,3,2,55,1,1,8,1,0,0,5,53,1,1,1,21,0,0
12,120451,1,1,2,20,4,2,12,8,0,1,0,12,2,37,31,37031,4,2008,1HGFA16598L0,1,H,G,F,A,1,6,5,9,8,L,0,0,0,0,000000000,00000000000,0,0,0,1,0,0,0,0,0,0,0,45,0,0,0,12,4,3,8,0,0,0,1,12,34116,6,1,0,0,3,0,67,999,0,0,0,0,0,0,0,0,0,0,0,0,0,0,3,3,45,1,1,8,1,0,0,1,80,99,1,1,13,0,0
12,120452,1,1,2,20,4,18,25,42,0,1,0,12,2,20,4,20004,2,1996,1G1YY2252T51,1,G,1,Y,Y,2,2,5,2,T,5,1,0,0,0,000000000,00000000000,0,0,0,1,0,0,0,0,0,0,0,80,0,0,0,3,6,2,42,0,0,0,1,12,32055,6,1,0,0,3,0,65,999,1,0,0,0,0,8,2012,8,2012,3,6,0,0,0,1,2,55,1,1,8,1,0,0,1,13,6,4,4,7,1,0
12,120453,1,1,2,20,4,20,9,8,0,1,0,12,2,35,443,35443,20,2004,5N1BV28U24N3,5,N,1,B,V,2,8,U,2,4,N,3,0,0,0,000000000,00000000000,0,0,0,1,0,0,0,0,0,0,0,45,0,0,0,12,6,2,8,0,0,0,1,12,33980,6,1,0,0,3,3,67,999,0,0,0,0,0,0,0,0,0,0,0,0,0,0,3,4,45,1,1,8,1,2,3,1,80,99,1,1,13,0,0
12,120454,1,2,1,21,4,2,33,12,1,1,0,12,1,50,705,50705,80,2007,SMTD00NS87J2,S,M,T,D,0,0,N,S,8,7,J,2,0,0,0,000000000,00000000000,0,0,0,1,0,0,0,0,0,0,0,998,0,0,0,12,6,2,12,0,0,0,1,12,32825,6,1,0,0,3,0,68,999,0,2,0,0,0,8,2013,1,2014,0,6,0,0,0,3,6,45,1,5,8,1,3,3,1,50,3,1,1,20,1,0
12,120454,2,2,1,21,4,2,33,12,1,1,0,40,3,84,883,84883,66,2007,2HSCNSCR37C3,2,H,S,C,N,S,C,R,3,7,C,3,1,1,40,448797,40448797,3,6,1,1,0,0,0,0,0,0,0,0,0,0,0,6,2,3,12,0,0,0,1,13,31792,6,1,6,3,3,3,70,999,98,0,0,0,0,0,0,0,0,0,0,0,0,0,3,6,45,1,5,8,1,3,3,5,53,1,1,1,21,0,0
12,120455,1,2,0,22,4,5,1,12,1,1,0,12,6,34,37,34037,4,2007,WBAHN83517DT,W,B,A,H,N,8,3,5,1,7,D,T,0,0,0,000000000,00000000000,0,0,0,1,0,0,0,0,0,0,0,0,0,0,0,6,6,2,12,0,0,0,0,0,99997,7,6,97,7,6,7,998,997,998,998,998,998,998,98,9998,98,9998,8,20,0,0,0,6,2,65,1,1,8,1,0,0,0,98,0,0,0,98,0,0
12,120455,2,2,1,22,4,5,1,12,1,1,0,12,1,59,31,59031,4,2003,JTHBF30GX301,J,T,H,B,F,3,0,G,X,3,0,1,0,0,0,000000000,00000000000,0,0,0,1,0,0,0,0,0,0,0,55,0,0,0,12,6,2,25,0,0,0,1,12,33311,6,1,0,0,3,0,67,999,1,0,0,0,0,12,2012,12,2012,0,0,0,0,0,6,2,65,1,1,8,1,0,0,15,50,6,1,1,98,0,0
12,120456,1,1,1,22,4,22,3,42,0,1,0,12,2,19,18,19018,4,2005,1G6DP5675501,1,G,6,D,P,5,6,7,5,5,0,1,0,0,0,000000000,00000000000,0,0,0,1,0,0,0,0,0,0,0,89,0,0,0,12,6,2,2,0,0,1,1,12,33065,1,1,0,0,2,0,72,999,0,2,0,0,0,9,2012,1,2013,3,36,0,0,0,2,2,40,1,1,8,1,0,0,1,12,1,1,4,6,1,0
12,120457,1,4,1,22,4,13,5,12,1,1,0,12,3,49,40,49040,4,2012,4T1BF1FKXCU0,4,T,1,B,F,1,F,K,X,C,U,0,0,0,0,000000000,00000000000,0,0,0,1,0,0,0,0,0,0,0,55,0,0,0,12,6,2,12,0,0,0,1,12,33772,6,1,0,0,3,3,66,999,0,1,0,0,0,1,2012,1,2012,0,6,0,0,0,3,2,65,1,1,8,1,0,0,1,50,99,1,1,20,0,0
12,120457,2,4,2,22,4,13,5,12,1,1,0,12,2,49,402,49402,14,1997,JT3GP10V4V00,J,T,3,G,P,1,0,V,4,V,0,0,0,0,0,000000000,00000000000,0,0,0,1,0,0,0,0,0,0,0,0,0,0,0,6,6,2,12,0,0,0,1,95,0,9,9,99,9,9,9,999,999,99,99,99,99,99,99,9999,99,9999,0,0,0,0,0,3,2,65,1,1,8,1,0,0,5,53,1,1,1,21,1,0
12,120457,3,4,1,22,4,13,5,12,1,1,0,12,1,55,33,55033,4,2012,5NPEC4AB8CH3,5,N,P,E,C,4,A,B,8,C,H,3,0,0,0,000000000,00000000000,0,0,0,1,0,0,0,0,0,0,0,0,0,0,0,6,4,5,12,0,0,0,1,12,33774,6,1,0,0,3,0,72,999,0,0,0,0,0,0,0,0,0,0,0,0,0,0,3,2,65,1,1,8,1,0,0,5,53,1,1,1,98,0,0
12,120457,4,4,5,22,4,13,5,12,1,1,0,12,3,20,37,20037,4,2014,1G11H5SL3EF1,1,G,1,1,H,5,S,L,3,E,F,1,0,0,0,000000000,00000000000,0,0,0,1,0,0,0,0,0,0,0,0,0,0,0,7,4,5,12,0,0,0,1,97,0,9,9,99,9,9,9,999,999,99,99,99,99,99,99,9999,99,9999,0,0,0,0,0,3,2,65,1,1,8,1,0,0,5,60,1,1,1,98,0,0
12,120458,1,2,1,22,4,6,41,12,2,1,0,12,1,37,705,37705,80,2011,JH2PC4007BK4,J,H,2,P,C,4,0,0,7,B,K,4,0,0,0,000000000,00000000000,0,0,0,1,0,0,0,0,0,0,0,45,0,0,0,12,6,2,12,0,0,0,1,12,33433,6,1,0,0,3,0,70,999,0,0,0,0,0,0,0,0,0,0,39,0,0,0,3,3,40,1,1,8,1,3,3,1,17,99,1,1,69,1,0
12,120458,2,2,1,22,4,6,41,12,2,1,0,12,1,67,31,67031,6,2012,JTLZE4FE5CJ0,J,T,L,Z,E,4,F,E,5,C,J,0,0,0,0,000000000,00000000000,0,0,0,1,0,0,0,0,0,0,0,15,0,0,0,12,6,2,12,0,0,0,1,12,33472,6,1,0,0,3,0,66,999,0,0,0,0,0,0,0,0,0,0,0,0,0,0,3,5,40,1,1,8,1,3,3,11,62,99,1,1,68,0,0
12,120459,1,1,1,23,4,20,25,8,0,1,0,12,1,19,18,19018,4,2009,1G6DV57V3901,1,G,6,D,V,5,7,V,3,9,0,1,0,0,0,000000000,00000000000,0,0,0,1,0,0,0,0,0,0,0,40,0,0,0,12,2,5,8,0,0,0,1,12,32951,6,1,0,0,3,3,67,999,0,0,0,0,0,0,0,0,0,0,0,0,0,0,1,2,40,1,1,8,1,0,0,1,80,99,1,1,13,0,1
12,120460,1,1,2,23,4,21,25,1,0,1,0,12,2,73,706,73706,80,2007,JKAZXCD167A0,J,K,A,Z,X,C,D,1,6,7,A,0,0,0,0,000000000,00000000000,0,0,0,1,0,0,0,0,0,0,0,100,0,0,0,0,2,3,1,0,0,0,1,12,33065,6,1,0,0,3,0,65,999,1,0,0,1,0,2,2014,3,2014,3,0,0,0,0,3,5,65,1,5,8,1,0,0,1,98,99,1,1,98,1,0
12,120462,1,2,1,25,4,16,25,12,6,1,0,12,1,7,41,7041,4,2004,2B3HD46V44H5,2,B,3,H,D,4,6,V,4,4,H,5,0,0,0,000000000,00000000000,0,0,0,1,0,0,0,0,0,0,0,10,0,0,0,7,4,3,12,0,0,0,1,12,34668,6,1,0,0,3,0,61,999,0,0,0,1,0,5,2011,5,2011,0,38,0,0,0,3,2,20,1,1,8,1,20,3,11,15,99,1,1,82,0,0
12,120462,2,2,1,25,4,16,25,12,6,1,0,46,2,72,706,72706,80,1989,1HD1BLL16KY0,1,H,D,1,B,L,L,1,6,K,Y,0,0,0,0,000000000,00000000000,0,0,0,1,0,0,0,0,0,0,0,45,0,0,0,12,6,2,12,0,0,0,1,12,34668,6,1,0,0,3,0,67,999,0,0,0,0,0,0,0,0,0,0,0,0,0,0,3,4,45,1,1,8,1,0,0,1,67,99,1,1,83,1,1
12,120463,1,1,1,25,4,23,30,8,0,1,0,12,3,22,2,22002,4,1986,1G2BT69Y4GX2,1,G,2,B,T,6,9,Y,4,G,X,2,0,0,0,000000000,00000000000,0,0,0,1,0,0,0,0,0,0,0,45,0,0,0,12,4,3,8,0,0,0,1,12,34743,6,1,0,0,3,3,69,999,0,1,0,0,0,3,2012,3,2012,0,0,0,0,0,2,3,45,1,1,8,1,0,0,1,80,99,1,1,13,0,0
12,120464,1,1,1,25,4,20,24,8,0,1,0,12,1,49,482,49482,31,2002,5TBBT44162S2,5,T,B,B,T,4,4,1,6,2,S,2,0,0,0,000000000,00000000000,0,0,0,1,0,0,0,0,0,0,0,35,0,0,0,12,4,3,8,0,0,0,1,12,32501,6,1,0,0,3,0,67,999,0,0,0,0,1,2,2014,2,2014,0,0,0,0,0,3,3,40,1,5,8,1,0,0,1,80,1,1,1,13,0,0
12,120465,1,1,1,26,4,15,18,53,0,1,0,12,1,53,706,53706,80,2002,JS1VS52A2221,J,S,1,V,S,5,2,A,2,2,2,1,0,0,0,000000000,00000000000,0,0,0,1,0,0,0,0,0,0,0,45,0,0,0,12,6,5,1,0,0,0,1,12,34203,4,1,0,0,2,0,66,999,0,0,0,0,0,0,0,0,0,0,6,0,0,0,1,2,30,3,1,8,1,0,0,14,13,99,1,4,1,1,1
12,120466,1,1,6,26,4,18,55,5,0,1,0,12,1,7,482,7482,31,2001,1B7MF33691J5,1,B,7,M,F,3,3,6,9,1,J,5,0,0,0,000000000,00000000000,0,0,0,1,0,0,0,0,0,0,0,10,0,0,0,0,0,5,5,0,0,0,1,12,32754,6,1,0,0,3,3,72,999,0,0,0,1,1,5,2011,7,2012,0,0,0,0,0,3,2,30,3,1,8,1,0,0,14,98,1,1,1,0,1,0
12,120467,1,1,1,27,4,15,28,33,0,1,0,12,2,7,18,7018,4,1991,1B3XC563XMD2,1,B,3,X,C,5,6,3,X,M,D,2,0,0,0,000000000,00000000000,0,0,0,1,0,0,0,0,0,0,0,80,0,1,5,1,6,2,42,0,0,0,1,12,32025,6,1,0,0,3,0,71,999,3,1,0,1,2,11,2011,3,2014,0,0,0,0,0,1,2,35,1,1,8,1,0,0,1,19,99,1,4,99,1,1
12,120468,1,2,1,28,4,14,36,12,7,1,0,12,2,53,706,53706,80,2007,JS1VT53A4721,J,S,1,V,T,5,3,A,4,7,2,1,0,0,0,000000000,00000000000,0,0,0,1,0,0,0,0,0,0,0,75,0,0,0,83,6,2,12,0,0,0,1,25,2642,2,1,0,0,2,0,72,999,0,0,0,0,0,0,0,0,0,3,0,0,0,0,3,2,40,1,5,8,1,0,0,15,11,99,1,2,46,1,0
12,120468,2,2,1,28,4,14,36,12,7,1,0,12,1,54,402,54402,14,2014,5J8TB3H52EL0,5,J,8,T,B,3,H,5,2,E,L,0,0,0,0,000000000,00000000000,0,0,0,1,0,0,0,0,0,0,0,40,0,0,0,62,4,5,12,0,0,0,1,12,33511,6,1,0,0,3,3,66,999,0,0,0,0,0,0,0,0,0,0,0,0,0,0,3,2,40,1,5,8,1,0,0,1,60,99,1,1,45,0,0
12,120469,1,1,2,29,4,19,0,1,0,1,0,12,2,12,471,12471,30,2002,1FTYR14V62PB,1,F,T,Y,R,1,4,V,6,2,P,B,0,0,0,000000000,00000000000,0,0,0,1,0,0,0,0,0,0,0,45,0,1,5,0,6,2,1,0,0,0,1,12,34744,1,1,0,0,2,0,67,999,0,1,0,1,1,2,2012,11,2012,0,6,0,0,0,2,2,45,1,1,8,2,0,0,1,12,7,1,4,1,1,0
12,120470,1,1,1,30,4,20,54,42,0,1,0,12,1,49,53,49053,5,2013,4T3ZA3BB2DU0,4,T,3,Z,A,3,B,B,2,D,U,0,0,0,0,000000000,00000000000,0,0,0,1,0,0,0,0,0,0,0,70,0,0,0,12,6,2,42,0,0,0,1,12,34285,6,1,0,0,3,3,67,999,0,0,0,0,0,0,0,0,0,3,6,0,0,0,6,2,70,3,1,2,1,0,0,14,13,99,1,4,1,1,1
12,120471,1,1,1,1,5,1,46,9,0,1,0,12,1,49,32,49032,4,2000,2T1BR12E2YC3,2,T,1,B,R,1,2,E,2,Y,C,3,0,0,0,000000000,00000000000,0,0,0,1,0,0,0,0,0,0,0,45,0,0,0,12,4,3,9,0,0,0,1,12,34769,6,1,0,0,3,0,71,999,1,0,0,0,0,12,2013,12,2013,0,0,0,0,0,2,3,45,1,1,8,1,0,0,1,83,99,1,1,13,0,0
12,120472,1,4,3,1,5,10,50,12,6,1,0,13,5,12,16,12016,4,2003,2FAHP71W53X1,2,F,A,H,P,7,1,W,5,3,X,1,0,0,0,000000000,00000000000,0,0,0,1,0,0,0,0,0,0,0,65,0,0,0,12,6,2,12,0,0,0,1,12,32224,0,0,0,0,0,0,67,999,0,0,0,0,0,0,0,0,0,0,39,0,0,0,2,4,45,1,1,8,1,3,3,1,17,99,1,1,86,1,0
12,120472,2,4,1,1,5,10,50,12,6,1,0,12,1,19,20,19020,6,2013,3GYFNCE37DS5,3,G,Y,F,N,C,E,3,7,D,S,5,0,0,0,000000000,00000000000,0,0,0,1,0,0,0,0,0,0,0,40,0,0,0,2,6,2,12,0,0,0,1,12,32225,6,1,0,0,3,0,64,999,0,0,0,0,0,0,0,0,0,0,0,0,0,0,3,3,45,1,1,8,1,3,3,1,66,99,1,1,87,0,0
12,120472,3,4,1,1,5,10,50,12,6,1,0,12,3,20,481,20481,31,2001,1GCEC14V41Z2,1,G,C,E,C,1,4,V,4,1,Z,2,0,0,0,000000000,00000000000,0,0,0,1,0,0,0,0,0,0,0,40,0,0,0,9,6,2,12,0,0,0,1,12,32205,6,1,0,0,3,0,72,999,0,0,0,0,0,0,0,0,0,0,0,0,0,0,3,5,45,1,1,8,1,3,3,1,63,99,1,1,98,0,0
12,120472,4,4,1,1,5,10,50,12,6,1,0,12,1,37,31,37031,3,2001,2HGES16581H5,2,H,G,E,S,1,6,5,8,1,H,5,0,0,0,000000000,00000000000,0,0,0,1,0,0,0,0,0,0,0,2,0,0,0,12,6,2,12,0,0,0,1,12,32225,6,7,0,0,3,0,71,999,0,3,0,1,0,12,2012,12,2013,0,0,0,0,0,3,5,45,1,1,8,1,3,3,1,68,99,1,1,98,0,0
12,120473,1,2,1,1,5,22,3,12,1,1,0,12,2,53,706,53706,80,2006,JS1GT76A5621,J,S,1,G,T,7,6,A,5,6,2,1,0,0,0,000000000,00000000000,0,0,0,1,0,0,0,0,0,0,0,50,0,0,0,12,6,2,12,0,0,0,1,12,33764,1,1,0,0,2,0,77,999,0,0,0,0,0,0,0,0,0,3,6,0,0,0,3,4,55,1,1,8,1,0,0,1,51,1,1,1,24,1,0
12,120473,2,2,5,1,5,22,3,12,1,1,0,12,1,49,472,49472,30,2007,3TMKU72N77M0,3,T,M,K,U,7,2,N,7,7,M,0,0,0,0,000000000,00000000000,0,0,0,1,0,0,0,0,0,0,0,30,0,0,0,6,6,2,12,0,0,0,1,12,34689,6,1,0,0,3,0,62,999,0,0,0,0,0,0,0,0,0,0,38,0,0,0,3,4,55,1,1,8,1,0,0,1,53,99,1,1,25,0,0
12,120474,1,1,1,2,5,3,33,42,0,1,0,12,2,37,31,37031,3,2007,2HGFG12637H5,2,H,G,F,G,1,2,6,3,7,H,5,0,0,0,000000000,00000000000,0,0,0,1,0,0,0,0,0,0,0,60,0,0,0,3,6,2,42,0,0,0,1,12,33624,6,1,0,0,3,0,71,999,1,0,0,0,0,8,2011,8,2011,3,0,0,0,0,2,2,45,1,1,8,1,0,0,1,12,99,4,4,7,1,1
12,120475,1,2,1,3,5,2,41,12,2,1,0,12,1,35,47,35047,4,2011,1N4AL2AP9BC1,1,N,4,A,L,2,A,P,9,B,C,1,0,0,0,000000000,00000000000,0,0,0,1,0,0,0,0,0,0,0,998,0,0,0,12,6,2,12,0,0,0,1,12,32256,6,1,0,0,3,0,66,999,0,3,0,1,0,8,2012,1,2014,0,0,0,0,0,1,2,35,1,1,8,2,0,0,99,99,99,9,9,99,1,1
12,120475,2,2,1,3,5,2,41,12,2,1,0,12,1,2,403,2403,14,1998,1J4FY29P9WP7,1,J,4,F,Y,2,9,P,9,W,P,7,0,0,0,000000000,00000000000,0,0,0,1,0,0,0,0,0,0,0,998,0,0,0,12,6,2,12,0,0,0,1,12,32277,6,1,0,0,3,0,70,999,0,1,1,0,0,2,2012,2,2012,0,0,0,0,0,1,2,35,1,1,8,2,0,0,99,99,99,9,9,99,0,1
12,120476,1,1,2,15,4,21,9,39,0,1,0,12,1,49,40,49040,4,2005,4T1BF30K15U0,4,T,1,B,F,3,0,K,1,5,U,0,0,0,0,000000000,00000000000,0,0,0,1,0,0,0,0,0,0,0,35,0,1,5,12,6,2,39,0,0,0,1,12,32832,6,1,0,0,3,3,69,999,0,0,0,0,0,0,0,0,0,0,0,0,0,0,2,1,35,1,1,8,1,97,8,1,13,99,1,4,1,2,0
12,120477,1,1,1,5,2,18,55,8,0,1,0,12,2,12,481,12481,31,1999,1FTSW30F1XEA,1,F,T,S,W,3,0,F,1,X,E,A,0,0,0,000000000,00000000000,0,0,0,1,0,0,0,0,0,0,0,55,0,0,0,12,2,5,8,0,0,0,1,12,34974,6,1,6,0,3,0,71,999,0,0,0,0,0,0,0,0,0,0,0,0,0,0,2,2,55,1,1,8,2,0,0,1,80,99,1,1,13,0,0
12,120478,1,1,1,5,2,19,35,8,0,1,0,12,2,49,32,49032,4,1992,JT2AE94A3N02,J,T,2,A,E,9,4,A,3,N,0,2,0,0,0,000000000,00000000000,0,0,0,1,0,0,0,0,0,0,0,998,0,0,0,12,4,3,8,0,0,0,1,12,32907,6,1,0,0,3,3,69,999,0,0,0,0,0,0,0,0,0,0,0,0,0,0,1,2,30,1,1,8,2,0,0,1,80,99,1,1,13,0,0
12,120479,1,1,1,16,2,16,26,1,0,1,0,12,1,53,705,53705,80,2007,JS1GR7KA0721,J,S,1,G,R,7,K,A,0,7,2,1,0,0,0,000000000,00000000000,0,0,0,1,0,0,0,0,0,0,0,50,0,0,0,0,6,2,1,0,0,0,1,12,33607,6,1,0,0,3,0,68,999,0,0,0,0,1,11,2012,11,2012,0,6,0,0,0,1,2,35,1,1,8,1,28,3,3,98,99,1,2,98,1,0
12,120480,1,2,1,18,2,11,25,73,0,1,0,12,3,84,881,84881,66,1995,1HTSCAAN7SH6,1,H,T,S,C,A,A,N,7,S,H,6,1,1,12,1418445,121418445,3,6,3,1,0,0,0,0,0,0,0,35,0,0,0,98,0,5,54,0,0,0,1,45,29715,6,1,0,0,3,0,73,999,0,0,0,0,0,0,0,0,0,0,21,0,0,0,1,2,55,1,1,8,1,0,0,1,98,99,1,1,98,0,0
12,120480,2,2,2,18,2,11,25,73,0,1,0,12,1,72,706,72706,80,2004,5HD1GHV1X4K3,5,H,D,1,G,H,V,1,X,4,K,3,0,0,0,000000000,00000000000,0,0,0,1,0,0,0,0,0,0,0,35,0,0,0,12,6,2,2,0,0,1,1,95,0,9,9,99,9,9,9,999,999,99,99,99,99,99,99,9999,99,9999,0,0,0,0,0,1,2,55,1,1,8,1,0,0,1,98,99,1,1,98,2,0
12,120481,1,2,2,19,2,9,55,12,6,1,0,12,1,6,16,6016,4,1994,3C3AA5637RT3,3,C,3,A,A,5,6,3,7,R,T,3,0,0,0,000000000,00000000000,0,0,0,1,0,0,0,0,0,0,0,20,0,0,0,83,6,2,12,0,0,0,1,12,32119,6,1,0,0,3,0,76,999,0,0,0,0,0,0,0,0,0,0,38,0,0,0,3,2,45,1,1,8,1,3,3,11,15,99,1,1,68,1,0
12,120481,2,2,1,19,2,9,55,12,6,1,0,12,1,23,481,23481,31,2003,1GTHC29U23E1,1,G,T,H,C,2,9,U,2,3,E,1,0,0,0,000000000,00000000000,0,0,0,1,0,0,0,0,0,0,0,30,0,0,0,12,6,2,12,0,0,0,1,12,32127,6,1,0,0,3,0,70,999,0,0,0,0,0,0,0,0,0,0,0,0,0,0,3,2,45,1,1,8,1,3,3,1,62,99,1,1,69,0,0