STATE,ST_CASE,VEH_NO,VE_FORMS,NUMOCCS,DAY,MONTH,HOUR,MINUTE,HARM_EV,MAN_COLL,UNITTYPE,HIT_RUN,REG_STAT,OWNER,MAKE,MODEL,MAK_MOD,BODY_TYP,MOD_YEAR,VIN,VIN_1,VIN_2,VIN_3,VIN_4,VIN_5,VIN_6,VIN_7,VIN_8,VIN_9,VIN_10,VIN_11,VIN_12,TOW_VEH,J_KNIFE,MCARR_I1,MCARR_I2,MCARR_ID,GVWR,V_CONFIG,CARGO_BT,HAZ_INV,HAZ_PLAC,HAZ_ID,HAZ_CNO,HAZ_REL,BUS_USE,SPEC_USE,EMER_USE,TRAV_SP,UNDERIDE,ROLLOVER,ROLINLOC,IMPACT1,DEFORMED,TOWED,M_HARM,VEH_SC1,VEH_SC2,FIRE_EXP,DR_PRES,L_STATE,DR_ZIP,L_STATUS,L_TYPE,CDL_STAT,L_ENDORS,L_COMPL,L_RESTRI,DR_HGT,DR_WGT,PREV_ACC,PREV_SUS,PREV_DWI,PREV_SPD,PREV_OTH,FIRST_MO,FIRST_YR,LAST_MO,LAST_YR,SPEEDREL,DR_SF1,DR_SF2,DR_SF3,DR_SF4,VTRAFWAY,VNUM_LAN,VSPD_LIM,VALIGN,VPROFILE,VPAVETYP,VSURCOND,VTRAFCON,VTCONT_F,P_CRASH1,P_CRASH2,P_CRASH3,PCRASH4,PCRASH5,ACC_TYPE,DEATHS,DR_DRINK
12,120483,1,1,2,23,2,20,34,8,0,1,0,12,2,20,37,20037,4,2011,1G1ZC5E19BF2,1,G,1,Z,C,5,E,1,9,B,F,2,0,0,0,000000000,00000000000,0,0,0,1,0,0,0,0,0,0,0,45,0,0,0,12,4,3,8,0,0,0,1,12,33703,6,1,0,0,3,3,74,999,0,0,0,0,0,0,0,0,0,0,0,0,0,0,2,3,45,1,1,8,1,0,0,1,80,99,1,1,13,0,0
12,120484,1,2,2,23,2,17,15,12,6,1,0,48,2,54,31,54031,3,1995,JH4DC2388SS0,J,H,4,D,C,2,3,8,8,S,S,0,0,0,0,000000000,00000000000,0,0,0,1,0,0,0,0,0,0,0,40,0,0,0,3,6,2,12,0,0,0,1,12,34761,1,1,0,0,2,0,75,999,0,1,0,0,1,7,2011,10,2013,0,6,0,0,0,2,2,40,3,1,8,1,0,0,14,12,99,4,4,64,2,0
12,120484,2,2,2,23,2,17,15,12,6,1,0,12,1,14,36,14036,4,1998,1MEFM10PXWW6,1,M,E,F,M,1,0,P,X,W,W,6,0,0,0,000000000,00000000000,0,0,0,1,0,0,0,0,0,0,0,40,0,0,0,12,6,2,12,0,0,0,1,12,34744,6,1,0,0,3,0,69,999,0,0,0,0,0,0,0,0,0,0,0,0,0,0,2,2,40,1,1,8,1,0,0,1,62,99,1,1,65,0,0
12,120485,1,1,1,26,2,10,25,53,0,1,0,24,1,22,22,22022,4,2009,1G2ZH57N9941,1,G,2,Z,H,5,7,N,9,9,4,1,0,0,0,000000000,00000000000,0,0,0,1,0,0,0,0,0,0,0,60,0,0,0,12,6,2,42,0,0,1,1,12,32839,6,1,0,0,3,0,74,999,0,0,0,0,0,0,0,0,0,0,6,0,0,0,1,2,60,2,1,8,1,0,0,14,12,1,1,4,6,1,0
12,120486,1,2,1,28,2,12,10,12,1,1,0,12,1,73,706,73706,80,2008,JKBZGNA198A0,J,K,B,Z,G,N,A,1,9,8,A,0,0,0,0,000000000,00000000000,0,0,0,1,0,0,0,0,0,0,0,55,0,0,0,12,6,2,12,0,0,0,1,12,32826,6,1,0,0,3,0,65,999,0,0,0,1,0,6,2012,6,2012,0,26,0,0,0,1,2,55,2,1,8,1,0,0,14,50,99,1,1,20,1,0
12,120486,2,2,2,28,2,12,10,12,1,1,0,21,3,12,481,12481,31,2012,1FT8W3BT2CEA,1,F,T,8,W,3,B,T,2,C,E,A,0,0,0,000000000,00000000000,0,0,0,1,0,0,0,0,0,0,0,0,0,0,0,6,4,3,12,0,0,0,1,21,40026,6,1,0,0,3,3,64,999,0,0,0,0,0,0,0,0,0,0,0,0,0,0,1,2,55,2,1,8,1,0,0,5,53,1,1,1,21,0,0
12,120487,1,1,1,28,2,22,20,8,0,1,0,12,2,9,442,9442,20,1995,2P4GH2538SR2,2,P,4,G,H,2,5,3,8,S,R,2,0,0,0,000000000,00000000000,0,0,0,1,0,0,0,0,0,0,0,55,0,0,0,12,4,3,8,0,0,0,1,12,32097,6,1,0,0,3,3,67,999,0,0,0,0,0,0,0,0,0,0,0,0,0,0,3,2,55,1,1,8,1,0,0,1,80,1,1,1,13,0,0
12,120488,1,2,1,28,2,22,34,8,0,1,0,12,2,37,31,37031,3,1993,2HGEJ2140PH5,2,H,G,E,J,2,1,4,0,P,H,5,0,0,0,000000000,00000000000,0,0,0,1,0,0,0,0,0,0,0,0,0,0,0,6,6,2,12,0,0,0,1,12,32714,6,1,0,0,3,0,68,999,0,0,0,0,0,0,0,0,0,0,0,0,0,0,5,4,45,1,1,8,1,0,0,7,98,99,1,1,98,0,0
12,120488,2,2,1,28,2,22,34,8,0,1,0,12,1,20,421,20421,15,2004,1GNCS18X24K1,1,G,N,C,S,1,8,X,2,4,K,1,0,0,0,000000000,00000000000,0,0,0,1,0,0,0,0,0,0,0,50,0,0,0,12,6,2,8,0,0,0,1,12,32703,6,1,0,0,3,0,71,999,0,0,0,1,1,10,2012,1,2013,0,0,0,0,0,5,4,45,1,1,8,1,0,0,1,80,99,1,1,13,0,0
12,120489,1,3,1,1,3,13,34,12,6,1,0,12,2,12,37,12037,4,2007,1FAFP34N87W2,1,F,A,F,P,3,4,N,8,7,W,2,0,0,0,000000000,00000000000,0,0,0,1,0,0,0,0,0,0,0,20,0,0,0,5,6,2,12,0,0,0,1,12,33587,6,1,0,0,3,3,71,999,0,0,0,0,0,0,0,0,0,0,38,0,0,0,2,5,45,1,1,8,1,3,3,11,15,99,1,1,68,0,0
12,120489,2,3,1,1,3,13,34,12,6,1,0,12,2,53,706,53706,80,1997,JS1GT73A4V21,J,S,1,G,T,7,3,A,4,V,2,1,0,0,0,000000000,00000000000,0,0,0,1,0,0,0,0,0,0,0,100,0,0,0,12,6,2,12,0,0,0,1,12,33610,6,1,0,0,2,0,69,999,1,1,1,1,0,2,2013,7,2013,3,0,0,0,0,3,5,45,1,1,8,1,3,3,1,62,99,1,1,69,1,0
12,120489,3,3,1,1,3,13,34,12,6,1,0,12,2,63,33,63033,4,2007,KNAFE1219754,K,N,A,F,E,1,2,1,9,7,5,4,0,0,0,000000000,00000000000,0,0,0,1,0,0,0,0,0,0,0,0,0,0,0,12,4,5,12,0,0,0,1,12,33583,3,1,0,0,2,3,65,999,0,0,0,0,0,0,0,0,0,0,0,0,0,0,1,3,45,1,1,8,1,3,3,5,67,1,1,1,98,0,0
12,120490,1,1,1,1,3,20,0,1,0,1,0,12,1,72,706,72706,80,2014,1HD1KEL12EB6,1,H,D,1,K,E,L,1,2,E,B,6,0,0,0,000000000,00000000000,0,0,0,1,0,0,0,0,0,0,0,45,0,0,0,0,6,2,1,0,0,0,1,12,33572,6,1,6,0,3,3,71,999,0,0,0,0,0,0,0,0,0,0,6,0,0,0,1,2,45,3,1,2,1,0,0,14,13,1,1,4,1,1,1
12,120491,1,2,1,1,3,23,58,12,6,1,0,12,2,12,3,12003,2,2002,1FAFP40472F2,1,F,A,F,P,4,0,4,7,2,F,2,0,0,0,000000000,00000000000,0,0,0,1,0,0,0,0,0,0,0,35,0,0,0,12,6,2,12,0,0,0,1,12,32920,6,1,0,0,3,0,63,999,0,0,0,1,0,6,2012,6,2012,0,6,0,0,0,2,2,45,1,1,8,1,0,0,1,12,99,1,4,64,0,1
12,120491,2,2,3,1,3,23,58,12,6,1,0,12,1,12,17,12017,4,2002,1FAFP56S02A1,1,F,A,F,P,5,6,S,0,2,A,1,0,0,0,000000000,00000000000,0,0,0,1,0,0,0,0,0,0,0,45,0,0,0,10,6,2,12,0,0,0,1,12,32796,6,1,0,0,3,0,65,999,0,0,0,0,0,0,0,0,0,0,0,0,0,0,2,2,45,1,1,8,1,0,0,1,62,99,1,1,65,1,0
12,120492,1,2,1,1,3,12,30,12,1,1,0,12,1,7,28,7028,2,2010,2B3CJ7DWXAH1,2,B,3,C,J,7,D,W,X,A,H,1,0,0,0,000000000,00000000000,0,0,0,1,0,0,0,0,0,0,0,100,0,1,2,12,6,2,12,0,0,1,1,12,32903,6,1,0,0,3,0,65,999,0,2,0,3,0,4,2011,9,2011,3,58,6,26,0,5,5,45,1,1,8,1,0,0,1,51,6,1,1,24,1,1
12,120492,2,2,1,1,3,12,30,12,1,1,0,24,2,51,42,51042,6,1996,YV1LW5725T22,Y,V,1,L,W,5,7,2,5,T,2,2,0,0,0,000000000,00000000000,0,0,0,1,0,0,0,0,0,0,0,40,0,0,0,6,6,2,12,0,0,0,1,24,21842,6,1,0,0,3,0,66,130,0,0,0,0,0,0,0,0,0,0,0,0,0,0,5,5,45,1,1,8,1,0,0,1,53,99,1,1,25,0,0
12,120493,1,1,1,1,3,22,55,8,0,1,0,12,2,37,441,37441,20,2007,5FNRL38747B0,5,F,N,R,L,3,8,7,4,7,B,0,0,0,0,000000000,00000000000,0,0,0,1,0,0,0,0,0,0,0,30,0,0,0,12,6,2,8,0,0,0,1,12,32095,6,1,0,0,3,3,67,999,0,0,0,0,0,0,0,0,0,0,0,0,0,0,3,2,30,1,1,8,1,0,0,1,80,99,1,1,13,0,0
12,120494,1,1,5,2,3,22,46,42,0,1,0,12,2,49,32,49032,4,2009,JTDBL40E29J0,J,T,D,B,L,4,0,E,2,9,J,0,0,0,0,000000000,00000000000,0,0,0,1,0,0,0,0,0,0,0,65,0,0,0,12,6,2,42,0,0,0,1,12,33407,6,1,0,0,3,0,69,999,0,0,0,1,0,4,2012,4,2012,0,0,0,0,0,3,5,65,1,1,8,1,0,0,1,13,99,1,4,1,2,0
12,120496,1,2,1,3,3,17,5,12,6,1,0,55,1,20,404,20404,14,2012,2GNALFEK5C13,2,G,N,A,L,F,E,K,5,C,1,3,0,0,0,000000000,00000000000,0,0,0,1,0,0,0,0,0,0,0,15,0,0,0,3,6,2,12,0,0,0,1,55,54601,6,1,0,0,3,3,62,144,0,0,0,0,0,0,0,0,0,0,48,0,0,0,1,2,35,1,1,8,1,0,0,11,15,99,1,1,68,0,0
12,120496,2,2,2,3,3,17,5,12,6,1,0,12,1,72,706,72706,80,1998,1HD1FRR12WY6,1,H,D,1,F,R,R,1,2,W,Y,6,0,0,0,000000000,00000000000,0,0,0,1,0,0,0,0,0,0,0,35,0,0,0,12,6,2,12,0,0,0,1,12,32408,6,1,0,0,3,0,69,999,0,1,0,0,1,11,2011,12,2011,0,0,0,0,0,1,2,35,1,1,8,1,0,0,1,62,1,1,1,69,2,0
12,120497,1,2,1,3,3,13,4,12,6,1,0,12,1,98,709,98709,80,2011,L9NTEACU8B10,L,9,N,T,E,A,C,U,8,B,1,0,0,0,0,000000000,00000000000,0,0,0,1,0,0,0,0,0,0,0,71,0,0,0,5,6,2,12,0,0,0,1,12,33018,3,1,0,0,2,0,67,999,0,0,0,0,0,0,0,0,0,0,35,0,0,0,2,2,50,1,1,8,1,0,0,15,11,99,1,2,46,1,0
12,120497,2,2,1,3,3,13,4,12,6,1,0,12,3,86,884,86884,66,1994,1M1AA07Y7RW0,1,M,1,A,A,0,7,Y,7,R,W,0,1,1,12,1747070,121747070,3,6,4,1,0,0,0,0,0,0,0,63,0,0,0,12,2,5,12,0,0,0,1,12,33147,6,1,6,3,3,3,66,999,0,0,0,0,0,0,0,0,0,0,0,0,0,0,2,2,50,1,1,8,1,0,0,1,60,99,1,1,45,0,0
12,120498,1,1,1,3,3,17,58,9,0,1,0,12,2,49,472,49472,30,2003,5TEGN92N83Z2,5,T,E,G,N,9,2,N,8,3,Z,2,0,0,0,000000000,00000000000,0,0,0,1,0,0,0,0,0,0,0,5,0,0,0,6,0,5,9,0,0,0,1,12,33830,6,1,0,0,3,0,68,999,0,0,0,0,0,0,0,0,0,0,0,0,0,0,0,0,0,0,0,0,0,0,0,13,98,99,1,1,13,0,0
12,120499,1,2,1,3,3,19,8,12,1,1,0,12,1,2,404,2404,14,2000,1J4FT48S6YL1,1,J,4,F,T,4,8,S,6,Y,L,1,0,0,0,000000000,00000000000,0,0,0,1,0,0,0,0,0,0,0,30,0,0,0,12,4,5,12,0,0,0,1,12,33032,6,1,0,0,3,3,69,999,1,0,0,0,0,11,2012,11,2012,0,0,0,0,0,1,2,30,1,1,8,1,0,0,1,51,99,1,1,24,0,0
12,120499,2,2,1,3,3,19,8,12,1,1,0,99,9,99,999,99999,99,9999,999999999999,9,9,9,9,9,9,9,9,9,9,9,9,0,0,0,000000000,00000000000,0,0,0,1,0,0,0,0,0,0,0,999,0,0,0,6,9,9,12,0,0,0,1,99,99999,9,9,99,9,9,9,999,999,99,99,99,99,99,99,9999,99,9999,0,0,0,0,0,1,2,30,1,1,8,1,0,0,1,53,99,1,1,25,1,0
12,120500,1,2,2,4,3,14,42,12,6,1,0,12,1,20,421,20421,15,1997,1GNEC13R8VJ3,1,G,N,E,C,1,3,R,8,V,J,3,0,0,0,000000000,00000000000,0,0,0,1,0,0,0,0,0,0,0,15,0,0,0,9,6,2,12,0,0,0,1,12,32631,6,1,0,0,3,3,75,999,0,0,0,1,0,8,2012,8,2012,0,38,0,0,0,1,2,55,2,5,8,1,0,0,11,15,99,1,1,82,0,0
12,120500,2,2,2,4,3,14,42,12,6,1,0,12,1,20,471,20471,30,2000,1GCCS1948Y81,1,G,C,C,S,1,9,4,8,Y,8,1,0,0,0,000000000,00000000000,0,0,0,1,0,0,0,0,0,0,0,55,0,0,0,12,6,2,12,0,0,0,1,12,32656,6,1,0,0,3,3,70,999,0,0,0,0,0,0,0,0,0,0,0,0,0,0,2,3,60,3,1,8,1,0,0,14,66,99,1,1,83,1,0
12,120501,1,1,1,4,3,9,17,8,0,1,1,12,3,99,999,99999,99,9999,999999999999,9,9,9,9,9,9,9,9,9,9,9,9,0,0,0,000000000,00000000000,0,0,0,1,0,0,0,0,0,0,0,3,0,0,0,12,6,2,8,0,0,0,1,99,99999,9,9,99,9,9,9,999,999,99,99,99,99,99,99,9999,99,9999,9,0,0,0,0,2,3,30,1,1,8,1,3,3,10,80,99,1,1,13,0,0
12,120502,1,1,1,4,3,22,56,33,0,1,0,12,1,24,5,24005,4,2003,1G8JW54R63Y5,1,G,8,J,W,5,4,R,6,3,Y,5,0,0,0,000000000,00000000000,0,0,0,1,0,0,0,0,0,0,0,55,0,1,5,12,6,2,1,0,0,0,1,12,33065,6,1,0,0,3,0,62,999,0,0,0,0,0,0,0,0,0,0,0,0,0,0,2,3,45,1,1,8,1,0,0,1,12,99,1,4,6,1,0
12,120503,1,3,1,5,3,15,44,12,6,1,0,12,1,6,441,6441,20,2007,2A8GP54L57R2,2,A,8,G,P,5,4,L,5,7,R,2,0,0,0,000000000,00000000000,0,0,0,1,0,0,0,0,0,0,0,998,0,0,0,3,6,2,12,0,0,0,1,27,56055,6,1,0,0,3,0,71,240,0,0,0,0,0,0,0,0,0,0,38,0,0,0,3,3,55,1,1,8,1,3,3,11,15,99,1,1,68,0,0
12,120503,2,3,1,5,3,15,44,12,6,1,0,12,2,53,706,53706,80,2002,JS1GR7HA5221,J,S,1,G,R,7,H,A,5,2,2,1,0,0,0,000000000,00000000000,0,0,0,1,0,0,0,0,0,0,0,998,0,0,0,12,6,2,12,0,0,0,1,12,33884,6,1,0,0,3,0,70,999,0,0,0,1,1,8,2012,4,2013,0,0,0,0,0,3,4,55,1,1,8,1,3,3,1,62,99,1,1,69,1,1
12,120503,3,3,1,5,3,15,44,12,6,1,0,12,1,73,705,73705,80,2006,JKAZX4J156A0,J,K,A,Z,X,4,J,1,5,6,A,0,0,0,0,000000000,00000000000,0,0,0,1,0,0,0,0,0,0,0,998,0,0,0,0,6,2,1,0,0,0,1,12,33884,6,1,0,0,2,0,68,999,0,0,0,1,0,7,2013,7,2013,0,0,0,0,0,3,4,55,1,1,8,1,3,3,1,98,6,1,1,98,0,0
12,120504,1,1,2,5,3,18,47,8,0,1,0,12,1,20,421,20421,15,1996,1GNCS18W6TK1,1,G,N,C,S,1,8,W,6,T,K,1,0,0,0,000000000,00000000000,0,0,0,1,0,0,0,0,0,0,0,35,0,0,0,12,4,5,8,0,0,0,1,12,32904,6,1,0,0,3,0,65,999,0,2,1,0,0,3,2011,3,2011,0,0,0,0,0,5,5,35,1,1,8,1,0,0,1,80,99,1,1,13,0,0
12,120505,1,1,1,5,3,22,24,8,0,1,0,12,1,6,442,6442,20,2000,2C4FJ25B4YR8,2,C,4,F,J,2,5,B,4,Y,R,8,0,0,0,000000000,00000000000,0,0,0,1,0,0,0,0,0,0,0,45,0,0,0,12,6,2,8,0,0,0,1,12,33056,6,1,0,0,3,0,67,999,0,0,0,0,0,0,0,0,0,0,0,0,0,0,3,3,45,1,1,8,1,0,0,1,80,99,1,1,13,0,0
12,120506,1,1,2,5,3,18,30,8,0,1,0,12,2,37,32,37032,4,1997,1HGCD563XVA2,1,H,G,C,D,5,6,3,X,V,A,2,0,0,0,000000000,00000000000,0,0,0,1,0,0,0,0,0,0,0,998,0,0,0,12,4,5,8,0,0,0,1,12,33773,6,1,0,0,3,0,69,999,0,0,0,0,0,0,0,0,0,0,0,0,0,0,1,2,35,1,1,8,1,0,0,1,80,99,1,1,13,0,0
12,120507,1,2,2,5,3,11,11,12,2,1,0,12,1,49,442,49442,20,2001,4T3ZF19C91U3,4,T,3,Z,F,1,9,C,9,1,U,3,0,0,0,000000000,00000000000,0,0,0,1,0,0,0,0,0,0,0,10,0,0,0,12,6,2,12,0,0,0,1,12,33313,6,1,0,0,3,0,60,999,0,0,0,0,0,0,0,0,0,0,38,0,0,0,1,2,30,1,1,8,1,3,3,11,15,99,1,1,68,0,0
12,120507,2,2,1,5,3,11,11,12,2,1,0,12,1,98,709,98709,88,2007,KMYSZ1BL47C0,K,M,Y,S,Z,1,B,L,4,7,C,0,0,0,0,000000000,00000000000,0,0,0,1,0,0,0,0,0,0,0,30,0,0,0,12,4,3,12,0,0,0,1,12,33172,6,1,0,0,3,0,71,999,0,0,0,0,0,0,0,0,0,0,0,0,0,0,1,2,30,1,1,8,1,3,3,1,62,99,1,1,69,1,0
12,120508,1,1,1,5,3,10,57,15,0,1,0,12,1,6,52,6052,6,2002,3C4FY58B52T3,3,C,4,F,Y,5,8,B,5,2,T,3,0,0,0,000000000,00000000000,0,0,0,1,0,0,0,0,0,0,0,50,0,0,0,12,4,5,15,0,0,0,1,12,32114,1,1,0,0,2,0,74,999,0,1,0,0,0,1,2013,1,2013,0,0,0,0,0,2,4,50,1,1,8,1,0,0,1,83,99,1,1,13,0,0
12,120509,1,3,1,6,3,12,35,12,6,1,0,12,1,12,481,12481,31,2012,1FTFX1CF5CFB,1,F,T,F,X,1,C,F,5,C,F,B,0,0,0,000000000,00000000000,0,0,0,1,0,0,0,0,0,0,0,998,0,0,0,12,6,2,12,0,0,0,1,12,33810,6,1,0,0,3,0,72,999,0,0,0,0,0,0,0,0,0,0,0,0,0,0,1,2,60,1,1,8,2,0,0,15,10,99,1,2,64,1,0
12,120509,2,3,1,6,3,12,35,12,6,1,0,12,3,84,881,84881,66,2002,2HSCEAMR02C0,2,H,S,C,E,A,M,R,0,2,C,0,1,1,12,812531,12812531,3,6,1,1,0,0,0,0,0,0,0,998,0,0,0,9,6,2,12,0,0,0,1,12,34473,6,1,6,0,3,0,73,999,0,0,0,0,0,0,0,0,0,0,0,0,0,0,1,2,60,1,1,8,2,0,0,1,62,7,1,1,65,0,0
12,120509,3,3,1,6,3,12,35,12,6,1,0,12,3,12,461,12461,21,2002,1FTNS24282HB,1,F,T,N,S,2,4,2,8,2,H,B,0,0,0,000000000,00000000000,0,0,0,1,0,0,0,0,0,0,0,998,0,0,0,12,2,3,54,0,0,0,1,12,34654,6,1,0,0,3,0,68,999,0,0,0,0,0,0,0,0,0,0,0,0,0,0,1,2,60,1,1,8,2,0,0,1,51,7,1,2,98,0,0
12,120510,1,2,1,6,3,20,21,12,7,1,0,12,1,6,43,6043,1,2004,1C3EL55R64N2,1,C,3,E,L,5,5,R,6,4,N,2,0,0,0,000000000,00000000000,0,0,0,1,0,0,0,0,0,0,0,0,0,0,0,7,6,2,12,0,0,0,1,12,32621,6,1,0,0,3,3,62,999,0,0,0,0,0,0,0,0,0,0,0,0,0,0,1,2,60,1,5,8,2,0,0,7,98,1,1,1,98,0,0
12,120510,2,2,1,6,3,20,21,12,7,1,0,12,1,20,37,20037,4,2010,1G1ZB5EB5AF2,1,G,1,Z,B,5,E,B,5,A,F,2,0,0,0,000000000,00000000000,0,0,0,1,0,0,0,0,0,0,0,60,0,0,0,1,6,2,8,0,0,0,1,12,32607,6,1,0,0,3,3,68,999,0,0,0,1,1,6,2011,5,2012,0,0,0,0,0,1,2,60,1,5,8,2,0,0,1,50,99,1,1,98,0,0
12,120511,1,1,1,6,3,23,56,33,0,1,0,12,1,39,36,39036,4,2003,SAJEA51D13XD,S,A,J,E,A,5,1,D,1,3,X,D,0,0,0,000000000,00000000000,0,0,0,1,0,0,0,0,0,0,0,58,0,0,0,12,6,2,42,0,0,0,1,12,33409,6,1,0,0,3,3,70,999,0,0,0,0,0,0,0,0,0,0,6,0,0,0,3,2,50,1,1,8,2,0,0,1,12,99,1,4,6,1,1
12,120512,1,1,2,6,3,18,44,33,0,1,0,12,1,54,31,54031,4,1997,JH4DB7550VS0,J,H,4,D,B,7,5,5,0,V,S,0,0,0,0,000000000,00000000000,0,0,0,1,0,0,0,0,0,0,0,50,0,0,0,9,6,2,42,0,0,0,1,12,33619,6,1,0,0,3,3,66,999,0,0,0,0,0,0,0,0,0,4,0,0,0,0,1,2,35,2,1,8,1,0,0,14,12,99,1,4,6,1,1
12,120513,1,1,1,7,3,22,3,8,0,1,0,12,1,6,52,6052,6,2002,3C4FY48B42T3,3,C,4,F,Y,4,8,B,4,2,T,3,0,0,0,000000000,00000000000,0,0,0,1,0,0,0,0,0,0,0,35,0,0,0,12,4,3,8,0,0,0,1,12,33773,6,1,0,0,3,0,71,999,0,2,0,0,0,10,2013,12,2013,0,6,0,0,0,1,3,35,1,1,8,1,0,0,1,80,99,1,1,13,0,0
12,120514,1,3,1,7,3,6,52,12,2,1,0,12,1,63,32,63032,4,2003,KNADC1250362,K,N,A,D,C,1,2,5,0,3,6,2,0,0,0,000000000,00000000000,0,0,0,1,0,0,0,0,0,0,0,40,0,0,0,12,6,2,12,0,0,0,1,12,33313,6,1,0,0,3,0,62,999,0,0,0,0,0,0,0,0,0,0,50,0,0,0,3,3,45,1,1,8,1,0,0,1,54,99,1,2,52,1,0
12,120514,2,3,1,7,3,6,52,12,2,1,0,12,3,30,52,30052,4,2013,WVWBP7AN1DE5,W,V,W,B,P,7,A,N,1,D,E,5,0,0,0,000000000,00000000000,0,0,0,1,0,0,0,0,0,0,0,40,0,0,0,12,6,2,12,0,0,0,1,12,33324,6,1,0,0,3,0,69,999,0,0,0,0,0,0,0,0,0,0,0,0,0,0,3,3,45,1,1,8,1,0,0,1,54,7,1,2,52,0,0
12,120514,3,3,1,7,3,6,52,12,2,1,0,12,3,12,24,12024,6,2011,2FMDK3KC1BBB,2,F,M,D,K,3,K,C,1,B,B,B,0,0,0,000000000,00000000000,0,0,0,1,0,0,0,0,0,0,0,40,0,0,0,12,2,5,12,0,0,0,1,12,33324,6,1,0,0,3,3,67,999,0,0,0,0,0,0,0,0,0,0,0,0,0,0,3,3,45,1,1,8,1,0,0,1,54,1,1,1,98,0,0
12,120515,1,1,1,7,3,10,46,1,0,1,0,92,0,98,709,98709,88,2013,SUP4B1500L02,S,U,P,4,B,1,5,0,0,L,0,2,0,0,0,000000000,00000000000,0,0,0,1,0,0,0,0,0,0,0,25,0,0,0,0,2,3,1,0,0,0,1,12,33825,6,1,0,0,3,0,70,999,0,0,0,0,0,0,0,0,0,0,0,0,0,0,1,2,25,1,1,8,1,0,0,12,98,99,1,1,98,1,0
12,120516,1,1,1,7,3,20,0,8,0,1,0,12,2,35,49,35049,6,2006,JN8AZ08T26W4,J,N,8,A,Z,0,8,T,2,6,W,4,0,0,0,000000000,00000000000,0,0,0,1,0,0,0,0,0,0,0,40,0,0,0,12,6,2,8,0,0,0,1,12,32401,6,1,0,0,3,3,68,999,0,0,0,0,0,0,0,0,0,0,0,0,0,0,5,5,45,1,1,8,1,0,0,1,80,99,1,1,13,0,0
12,120517,1,1,2,7,3,22,25,8,0,1,0,95,1,24,401,24401,14,2009,3GSCL53709S5,3,G,S,C,L,5,3,7,0,9,S,5,0,0,0,000000000,00000000000,0,0,0,1,0,0,0,0,0,0,0,45,0,0,0,12,9,3,8,0,0,0,1,95,0,9,9,99,9,9,9,999,999,99,99,99,99,99,99,9999,99,9999,0,0,0,0,0,3,3,45,1,1,8,1,0,0,1,80,99,1,1,13,0,0
12,120518,1,1,1,7,3,20,38,8,0,1,0,12,1,49,40,49040,4,2000,4T1BG22K7YU6,4,T,1,B,G,2,2,K,7,Y,U,6,0,0,0,000000000,00000000000,0,0,0,1,0,0,0,0,0,0,0,40,0,0,0,12,4,5,8,0,0,0,1,12,33020,6,1,0,0,3,0,62,999,0,0,0,0,0,0,0,0,0,0,0,0,0,0,3,7,45,1,1,8,1,0,0,1,80,99,1,1,13,0,0
12,120519,1,1,1,8,3,7,15,8,0,1,1,99,9,99,999,99999,99,9999,999999999999,9,9,9,9,9,9,9,9,9,9,9,9,0,0,0,000000000,00000000000,0,0,0,1,0,0,0,0,0,0,0,998,0,0,0,12,9,5,8,0,0,0,1,99,99999,9,9,99,9,9,9,999,999,99,99,99,99,99,99,9999,99,9999,0,0,0,0,0,1,2,55,8,8,8,1,0,0,1,80,99,1,1,13,0,0
12,120520,1,1,2,8,3,19,20,42,0,1,0,12,1,35,473,35473,31,2005,1N6AA06A85N5,1,N,6,A,A,0,6,A,8,5,N,5,0,0,0,000000000,00000000000,0,0,0,1,0,0,0,0,0,0,0,70,0,0,0,12,6,2,42,0,0,0,1,12,32958,6,1,0,0,3,0,61,999,0,0,0,0,0,0,0,0,0,0,6,0,0,0,1,1,25,1,1,5,11,0,0,1,13,6,4,4,7,1,0
12,120521,1,2,1,8,3,20,20,12,6,1,0,12,1,49,40,49040,4,1999,4T1BG22K4XU4,4,T,1,B,G,2,2,K,4,X,U,4,0,0,0,000000000,00000000000,0,0,0,1,0,0,0,0,0,0,0,10,0,0,0,1,6,2,12,0,0,0,1,12,32129,6,1,0,0,3,3,62,999,0,0,0,0,0,0,0,0,0,0,0,0,0,0,1,3,45,1,1,8,1,0,0,11,10,99,1,1,68,0,0
12,120521,2,2,1,8,3,20,20,12,6,1,0,36,1,72,706,72706,80,1997,1HD1BRL17VY0,1,H,D,1,B,R,L,1,7,V,Y,0,0,0,0,000000000,00000000000,0,0,0,1,0,0,0,0,0,0,0,45,0,0,0,12,6,2,12,0,0,0,1,36,12885,6,1,0,0,3,0,70,999,0,0,0,0,0,0,0,0,0,0,0,0,0,0,1,3,45,1,1,8,1,0,0,1,62,99,1,1,69,1,0
12,120522,1,2,1,8,3,8,20,12,1,1,1,99,9,99,999,99999,99,9999,999999999999,9,9,9,9,9,9,9,9,9,9,9,9,0,0,0,000000000,00000000000,0,0,0,1,0,0,0,0,0,0,0,35,0,0,0,12,9,5,12,0,0,0,1,99,99999,9,9,99,9,9,9,999,999,99,99,99,99,99,99,9999,99,9999,0,0,0,0,0,3,2,45,1,1,8,1,0,0,1,51,99,1,1,24,0,0
12,120522,2,2,2,8,3,8,20,12,1,1,0,12,1,13,1,13001,4,2008,2LNHM82V48X6,2,L,N,H,M,8,2,V,4,8,X,6,0,0,0,000000000,00000000000,0,0,0,1,0,0,0,0,0,0,0,40,0,1,5,6,6,2,1,0,0,0,1,12,32757,6,1,0,0,3,3,68,999,0,0,0,0,0,0,0,0,0,0,0,0,0,0,3,2,45,1,1,8,1,0,0,1,53,99,1,1,25,1,0