STATE,ST_CASE,VEH_NO,VE_FORMS,NUMOCCS,DAY,MONTH,HOUR,MINUTE,HARM_EV,MAN_COLL,UNITTYPE,HIT_RUN,REG_STAT,OWNER,MAKE,MODEL,MAK_MOD,BODY_TYP,MOD_YEAR,VIN,VIN_1,VIN_2,VIN_3,VIN_4,VIN_5,VIN_6,VIN_7,VIN_8,VIN_9,VIN_10,VIN_11,VIN_12,TOW_VEH,J_KNIFE,MCARR_I1,MCARR_I2,MCARR_ID,GVWR,V_CONFIG,CARGO_BT,HAZ_INV,HAZ_PLAC,HAZ_ID,HAZ_CNO,HAZ_REL,BUS_USE,SPEC_USE,EMER_USE,TRAV_SP,UNDERIDE,ROLLOVER,ROLINLOC,IMPACT1,DEFORMED,TOWED,M_HARM,VEH_SC1,VEH_SC2,FIRE_EXP,DR_PRES,L_STATE,DR_ZIP,L_STATUS,L_TYPE,CDL_STAT,L_ENDORS,L_COMPL,L_RESTRI,DR_HGT,DR_WGT,PREV_ACC,PREV_SUS,PREV_DWI,PREV_SPD,PREV_OTH,FIRST_MO,FIRST_YR,LAST_MO,LAST_YR,SPEEDREL,DR_SF1,DR_SF2,DR_SF3,DR_SF4,VTRAFWAY,VNUM_LAN,VSPD_LIM,VALIGN,VPROFILE,VPAVETYP,VSURCOND,VTRAFCON,VTCONT_F,P_CRASH1,P_CRASH2,P_CRASH3,PCRASH4,PCRASH5,ACC_TYPE,DEATHS,DR_DRINK
12,120523,1,1,2,9,3,18,54,42,0,1,0,12,2,49,471,49471,30,1992,4TARN81A9NZ0,4,T,A,R,N,8,1,A,9,N,Z,0,0,0,0,000000000,00000000000,0,0,0,1,0,0,0,0,0,0,0,45,0,0,0,12,6,2,42,0,0,0,1,12,32234,6,1,0,0,3,0,72,999,0,0,0,0,0,0,0,0,0,0,6,0,0,0,1,2,25,2,1,8,11,0,0,14,13,1,1,4,1,1,0
12,120524,1,1,2,9,3,13,2,25,0,1,0,12,1,72,706,72706,80,2002,1HD1FCW122Y6,1,H,D,1,F,C,W,1,2,2,Y,6,0,0,0,000000000,00000000000,0,0,0,1,0,0,0,0,0,0,0,70,0,0,0,98,6,2,25,0,0,0,1,12,33983,4,1,0,0,2,0,68,999,0,0,0,0,0,0,0,0,0,0,24,0,0,0,3,3,70,1,1,8,1,0,0,1,1,1,1,4,1,1,0
12,120525,1,1,2,9,3,0,30,3,0,1,0,12,2,20,404,20404,14,2007,2CNDL13F4762,2,C,N,D,L,1,3,F,4,7,6,2,0,0,0,000000000,00000000000,0,0,0,1,0,0,0,0,0,0,0,30,0,0,0,0,6,2,3,0,0,0,1,12,33470,6,1,0,0,3,0,72,999,0,0,0,0,0,0,0,0,0,0,28,0,0,0,1,2,30,1,1,5,11,28,3,1,98,99,1,4,0,1,1
12,120526,1,2,2,9,3,14,45,12,6,1,0,12,2,63,402,63402,14,2012,5XYKU4A69CG2,5,X,Y,K,U,4,A,6,9,C,G,2,0,0,0,000000000,00000000000,0,0,0,1,0,0,0,0,0,0,0,25,0,0,0,3,6,2,12,0,0,0,1,12,33950,6,1,0,0,3,3,65,999,0,0,0,0,0,0,0,0,0,0,39,0,0,0,1,2,25,1,1,8,1,20,3,1,17,1,1,1,87,1,0
12,120526,2,2,3,9,3,14,45,12,6,1,0,47,3,12,481,12481,31,2005,1FTSX20P55ED,1,F,T,S,X,2,0,P,5,5,E,D,0,0,0,000000000,00000000000,0,0,0,1,0,0,0,0,0,0,0,25,0,0,0,12,6,2,12,0,0,0,1,21,40447,6,1,0,0,3,0,68,999,0,0,0,0,0,0,0,0,0,0,0,0,0,0,4,3,35,1,1,8,1,0,0,1,66,99,1,1,86,0,0
12,120527,1,2,3,9,3,21,11,12,2,1,0,47,2,12,17,12017,4,2001,1FAFP53221A2,1,F,A,F,P,5,3,2,2,1,A,2,0,0,0,000000000,00000000000,0,0,0,1,0,0,0,0,0,0,0,998,0,0,0,12,2,3,12,0,0,0,1,47,37135,0,0,0,0,0,0,73,185,0,0,0,0,0,0,0,0,0,0,28,0,0,0,1,2,35,2,1,8,1,0,0,14,10,99,1,2,50,0,1
12,120527,2,2,2,9,3,21,11,12,2,1,0,12,3,98,709,98709,88,2013,1P9D0M205D15,1,P,9,D,0,M,2,0,5,D,1,5,0,0,0,000000000,00000000000,0,0,0,1,0,0,0,0,0,0,0,998,0,0,0,12,6,2,12,0,0,0,1,47,37932,6,1,0,0,3,3,64,140,0,0,0,0,0,0,0,0,0,0,0,0,0,0,5,2,35,3,1,8,1,0,0,14,62,99,1,1,51,1,1
12,120528,1,1,1,10,3,0,35,59,0,1,0,12,2,37,441,37441,20,2004,5FNRL189X4B0,5,F,N,R,L,1,8,9,X,4,B,0,0,0,0,000000000,00000000000,0,0,0,1,0,0,0,0,0,0,0,45,0,0,0,12,6,2,3,0,0,0,1,12,33716,6,1,0,0,3,0,69,999,0,0,0,0,0,0,0,0,0,0,0,0,0,0,2,3,45,2,1,8,1,0,0,14,12,99,1,4,6,1,0
12,120529,1,1,1,10,3,1,30,8,0,1,0,12,2,14,38,14038,2,2000,1ZWFT61L7Y56,1,Z,W,F,T,6,1,L,7,Y,5,6,0,0,0,000000000,00000000000,0,0,0,1,0,0,0,0,0,0,0,998,0,0,0,12,4,3,8,0,0,0,1,12,34685,6,1,0,0,3,0,71,999,0,0,0,0,0,0,0,0,0,0,0,0,0,0,3,3,40,1,1,8,1,0,0,1,80,99,1,1,13,0,0
12,120530,1,2,1,10,3,18,5,12,6,1,0,12,1,7,19,7019,4,1993,3B3XA4637PT5,3,B,3,X,A,4,6,3,7,P,T,5,0,0,0,000000000,00000000000,0,0,0,1,0,0,0,0,0,0,0,15,0,0,0,9,6,2,12,0,0,0,1,12,34472,6,1,0,0,3,3,69,999,0,0,0,0,0,0,0,0,0,0,38,0,0,0,1,2,30,1,1,8,1,20,3,1,17,99,1,1,89,1,0
12,120530,2,2,2,10,3,18,5,12,6,1,0,12,3,49,403,49403,14,2012,5TDZK3EH8CS0,5,T,D,Z,K,3,E,H,8,C,S,0,0,0,0,000000000,00000000000,0,0,0,1,0,0,0,0,0,0,0,67,0,0,0,12,6,2,12,0,0,0,1,12,34475,6,1,0,0,3,0,71,999,0,0,0,0,0,0,0,0,0,0,0,0,0,0,1,5,50,1,1,8,1,4,3,1,66,99,1,1,88,0,0
12,120531,1,2,1,10,3,16,30,1,0,1,0,12,3,98,982,98982,50,2006,4DRBUAAN36A1,4,D,R,B,U,A,A,N,3,6,A,1,0,0,88,888888888,88888888888,3,21,22,1,0,0,0,0,1,2,0,10,0,0,0,14,6,2,12,0,0,0,1,12,32505,6,1,6,3,3,3,64,999,2,0,0,0,2,10,2012,1,2013,0,38,0,0,0,1,2,35,1,1,8,1,20,3,11,15,99,1,1,98,0,0
12,120531,2,2,1,10,3,16,30,1,0,1,0,5,2,37,706,37706,80,1998,A23552491447,A,2,3,5,5,2,4,9,1,4,4,7,0,0,0,000000000,00000000000,0,0,0,1,0,0,0,0,0,0,0,50,0,0,0,0,6,2,12,0,0,0,1,12,32507,6,1,0,0,2,0,73,999,0,0,0,2,0,9,2012,9,2012,0,0,0,0,0,1,2,35,1,1,8,1,0,0,1,98,98,1,1,98,1,0
12,120532,1,2,6,11,3,0,10,12,6,1,0,12,2,18,7,18007,4,1998,2G4WS52M5W14,2,G,4,W,S,5,2,M,5,W,1,4,0,0,0,000000000,00000000000,0,0,0,1,0,0,0,0,0,0,0,998,0,0,0,12,6,2,12,0,0,0,1,12,33523,1,1,0,0,2,3,72,999,0,1,0,0,0,9,2013,9,2013,0,39,0,0,0,1,2,45,1,1,8,1,20,3,1,17,99,1,1,86,3,0
12,120532,2,2,1,11,3,0,10,12,6,1,0,12,1,87,881,87881,66,1999,1XP5DB9XXXD4,1,X,P,5,D,B,9,X,X,X,D,4,1,1,12,612401,12612401,3,6,1,1,0,0,0,0,0,0,0,999,0,0,0,3,4,3,12,0,0,0,1,12,33637,6,1,6,0,3,0,72,999,0,0,0,0,1,2,2012,2,2012,0,0,0,0,0,1,2,55,1,1,8,1,0,0,1,66,99,1,1,87,0,0
12,120533,1,1,1,11,3,4,29,8,0,1,0,12,1,12,441,12441,20,1997,1FMCA11U4VZB,1,F,M,C,A,1,1,U,4,V,Z,B,0,0,0,000000000,00000000000,0,0,0,1,0,0,0,0,0,0,0,35,0,0,0,12,4,5,8,0,0,0,1,12,33967,6,1,6,0,3,0,73,999,0,0,0,0,0,0,0,0,0,0,0,0,0,0,3,3,50,2,1,8,1,0,0,14,80,1,1,1,13,0,0
12,120534,1,4,1,11,3,6,56,12,2,1,0,37,2,20,22,20022,4,2005,1G1AL52F2575,1,G,1,A,L,5,2,F,2,5,7,5,0,0,0,000000000,00000000000,0,0,0,1,0,0,0,0,0,0,0,55,0,0,0,12,6,2,12,0,0,0,1,37,28304,6,1,0,0,3,0,72,999,0,0,0,0,1,6,2011,6,2011,0,27,0,0,0,3,4,55,1,6,8,1,0,0,1,52,7,4,2,42,0,0
12,120534,2,4,1,11,3,6,56,12,2,1,0,12,1,20,461,20461,21,2003,1GCGG25U2311,1,G,C,G,G,2,5,U,2,3,1,1,0,0,0,000000000,00000000000,0,0,0,1,0,0,0,0,0,0,0,55,0,0,0,12,6,2,12,0,0,0,1,12,32725,6,1,0,0,3,3,73,999,0,0,0,0,0,0,0,0,0,0,0,0,0,0,3,4,55,1,6,8,1,0,0,2,61,2,1,1,42,0,0
12,120534,3,4,1,11,3,6,56,12,2,1,0,12,3,20,481,20481,31,2006,1GBHK33D66F2,1,G,B,H,K,3,3,D,6,6,F,2,0,0,0,000000000,00000000000,0,0,0,1,0,0,0,0,0,0,0,55,0,0,0,12,6,8,12,0,0,0,1,12,33896,6,1,0,0,3,0,71,999,0,0,0,0,0,0,0,0,0,0,6,0,0,0,3,4,55,1,6,8,1,0,0,1,52,2,1,1,98,0,0
12,120534,4,4,1,11,3,6,56,12,2,1,0,12,1,41,55,41055,5,2011,JM1DE1HY6B01,J,M,1,D,E,1,H,Y,6,B,0,1,0,0,0,000000000,00000000000,0,0,0,1,0,0,0,0,0,0,0,55,0,0,0,12,6,2,12,0,0,0,1,12,33563,6,1,6,0,3,3,73,999,0,0,0,1,1,12,2011,2,2012,0,6,0,0,0,3,4,55,1,6,8,1,0,0,1,52,99,1,1,98,1,0
12,120536,1,2,1,12,3,19,36,12,1,1,0,12,2,37,35,37035,1,2002,JHMAP11442T0,J,H,M,A,P,1,1,4,4,2,T,0,0,0,0,000000000,00000000000,0,0,0,1,0,0,0,0,0,0,0,90,0,0,0,12,4,3,12,0,0,0,1,12,33064,6,1,0,0,3,0,70,999,0,0,0,0,0,0,0,0,0,0,6,0,0,0,3,5,65,3,6,8,1,0,0,14,10,99,4,2,32,0,0
12,120536,2,2,4,12,3,19,36,12,1,1,0,12,2,14,401,14401,14,1998,4M2ZU52P1WUJ,4,M,2,Z,U,5,2,P,1,W,U,J,0,0,0,000000000,00000000000,0,0,0,1,0,0,0,0,0,0,0,65,0,1,1,6,6,2,12,0,0,0,1,12,33319,0,0,0,0,0,0,999,999,0,0,0,0,0,0,0,0,0,0,0,0,0,0,3,5,65,3,6,8,1,0,0,14,61,99,1,1,32,1,0
12,120537,1,2,1,12,3,18,5,12,2,1,0,12,1,42,33,42033,2,1984,WDBAB53A5EA0,W,D,B,A,B,5,3,A,5,E,A,0,0,0,0,000000000,00000000000,0,0,0,1,0,0,0,0,0,0,0,998,0,0,0,12,4,3,12,0,0,0,1,12,32138,6,1,0,0,3,3,65,999,0,0,0,2,1,4,2011,6,2012,0,38,0,0,0,1,3,60,1,1,8,1,3,3,11,15,99,1,1,68,0,1
12,120537,2,2,2,12,3,18,5,12,2,1,0,12,1,72,706,72706,80,2004,1HD1PJE144Y9,1,H,D,1,P,J,E,1,4,4,Y,9,0,0,0,000000000,00000000000,0,0,0,1,0,0,0,0,0,0,0,55,0,0,0,12,6,2,12,0,0,0,1,12,32091,6,1,0,0,3,3,67,999,0,0,0,0,0,0,0,0,0,0,0,0,0,0,1,3,60,1,1,8,1,3,3,1,62,99,1,1,69,2,0
12,120538,1,1,1,12,3,16,59,8,0,1,0,12,1,12,471,12471,30,2003,1FTYR10D43PB,1,F,T,Y,R,1,0,D,4,3,P,B,0,0,0,000000000,00000000000,0,0,0,1,0,0,0,0,0,0,0,30,0,0,0,12,2,5,8,0,0,0,1,12,33436,6,1,0,0,3,3,67,999,0,0,0,0,0,0,0,0,0,0,0,0,0,0,5,8,45,1,1,8,1,0,0,1,80,99,1,1,13,0,0
12,120539,1,1,2,12,3,22,8,42,0,1,0,12,1,20,481,20481,31,2004,2GCEC19T1412,2,G,C,E,C,1,9,T,1,4,1,2,0,0,0,000000000,00000000000,0,0,0,1,0,0,0,0,0,0,0,60,0,1,6,98,6,2,1,0,0,0,1,12,34601,6,1,0,0,3,0,68,999,0,0,0,0,0,0,0,0,0,0,6,0,0,0,1,2,45,1,1,8,1,20,3,1,14,99,1,4,14,1,1
12,120540,1,2,1,13,3,7,50,12,2,1,0,12,1,7,482,7482,31,2001,1B7HF16Z71S7,1,B,7,H,F,1,6,Z,7,1,S,7,0,0,0,000000000,00000000000,0,0,0,1,0,0,0,0,0,0,0,35,0,0,0,12,6,2,12,0,0,0,1,12,32533,6,1,0,0,3,0,73,999,1,1,0,0,1,5,2013,7,2013,0,28,0,0,0,1,2,35,2,1,8,1,0,0,14,10,99,1,2,50,1,0
12,120540,2,2,1,13,3,7,50,12,2,1,0,12,3,98,805,98805,63,2006,10TDAAC256S0,1,0,T,D,A,A,C,2,5,6,S,0,0,0,12,1664398,121664398,3,1,5,1,0,0,0,0,0,0,0,35,0,0,0,12,6,2,12,0,0,0,1,12,32514,6,1,6,0,3,0,68,999,0,1,0,1,1,3,2011,2,2014,0,0,0,0,0,1,2,35,3,1,8,1,0,0,14,62,99,1,1,51,0,0
12,120541,1,6,1,28,1,21,46,12,1,1,0,13,3,82,884,82884,66,2012,1FUJGLDR2CSB,1,F,U,J,G,L,D,R,2,C,S,B,0,0,88,888888888,88888888888,3,5,96,1,0,0,0,0,0,0,0,60,0,0,0,12,6,2,12,0,0,0,1,12,33572,6,1,6,3,3,0,73,999,0,2,0,0,0,10,2012,1,2013,0,0,0,0,0,3,3,60,1,1,8,2,0,0,1,50,1,1,1,20,0,0
12,120541,2,6,1,28,1,21,46,12,1,1,0,12,2,49,48,49048,5,2005,JTKKT6240500,J,T,K,K,T,6,2,4,0,5,0,0,0,0,0,000000000,00000000000,0,0,0,1,0,0,0,0,0,0,0,0,0,0,0,6,6,2,12,0,0,1,1,12,33511,6,1,0,0,3,3,70,999,0,1,0,0,0,5,2012,5,2012,0,0,0,0,0,3,3,60,1,1,8,2,0,0,5,53,1,1,1,21,1,1
12,120541,3,6,1,28,1,21,46,12,1,1,0,12,1,49,32,49032,4,2010,1NXBU4EE0AZ3,1,N,X,B,U,4,E,E,0,A,Z,3,0,0,0,000000000,00000000000,0,0,0,1,0,0,0,0,0,0,0,0,0,0,0,6,6,2,12,0,0,0,1,12,33578,6,1,0,0,3,0,66,999,0,0,0,0,0,0,0,0,0,0,0,0,0,0,3,3,60,1,1,8,2,0,0,5,53,1,1,1,98,0,0
12,120541,4,6,2,28,1,21,46,12,1,1,0,42,4,35,47,35047,4,2013,1N4AL3AP3DN5,1,N,4,A,L,3,A,P,3,D,N,5,0,0,0,000000000,00000000000,0,0,0,1,0,0,0,0,0,0,0,0,0,0,0,6,6,2,12,0,0,0,1,42,15642,6,1,0,0,3,0,67,999,0,0,0,1,0,3,2013,3,2013,0,0,0,0,0,3,3,60,1,1,8,2,0,0,5,50,1,1,1,98,0,0
12,120541,5,6,4,28,1,21,46,12,1,1,0,12,2,49,403,49403,14,2009,JTEDA41A3920,J,T,E,D,A,4,1,A,3,9,2,0,0,0,0,000000000,00000000000,0,0,0,1,0,0,0,0,0,0,0,0,0,0,0,6,4,3,12,0,0,0,1,12,33569,6,1,0,0,3,0,66,999,0,0,0,0,0,0,0,0,0,0,0,0,0,0,3,3,60,1,1,8,2,0,0,5,53,1,1,1,98,0,0
12,120541,6,6,2,28,1,21,46,12,1,1,0,12,1,7,27,7027,6,2010,3D4PG4FB5AT1,3,D,4,P,G,4,F,B,5,A,T,1,0,0,0,000000000,00000000000,0,0,0,1,0,0,0,0,0,0,0,0,0,0,0,6,4,3,12,0,0,0,1,12,33578,6,1,0,0,3,3,69,999,1,0,0,0,0,9,2011,9,2011,0,0,0,0,0,3,3,60,1,1,8,2,0,0,5,53,1,1,1,98,0,0
12,120542,1,2,1,12,1,20,28,12,6,1,0,12,2,12,461,12461,21,2008,1FD4E45SX8DB,1,F,D,4,E,4,5,S,X,8,D,B,0,0,0,000000000,00000000000,0,0,0,1,0,0,0,0,0,0,0,15,0,0,0,63,4,3,12,0,0,0,1,12,33142,6,1,0,0,3,0,73,999,0,3,0,0,0,4,2013,5,2013,0,38,59,0,0,4,1,30,1,1,8,1,97,8,10,16,99,1,1,78,0,0
12,120542,2,2,1,12,1,20,28,12,6,1,0,12,1,73,706,73706,80,2007,JKAZXCD137A0,J,K,A,Z,X,C,D,1,3,7,A,0,0,0,0,000000000,00000000000,0,0,0,1,0,0,0,0,0,0,0,60,0,0,0,12,6,2,12,0,0,0,1,12,33002,6,1,6,0,3,3,67,999,0,0,0,0,0,0,0,0,0,0,0,0,0,0,3,3,45,1,1,8,1,0,0,1,65,99,1,1,79,1,0
12,120543,1,1,1,16,4,20,58,8,0,1,1,12,2,12,481,12481,31,1999,1FTWW32F5XEC,1,F,T,W,W,3,2,F,5,X,E,C,0,0,0,000000000,00000000000,0,0,0,1,0,0,0,0,0,0,0,45,0,0,0,12,8,8,8,0,0,0,1,12,33056,6,1,0,0,3,3,71,999,0,0,0,0,0,0,0,0,0,0,0,0,0,0,3,4,35,1,1,8,1,0,0,1,80,99,1,1,13,0,0
12,120544,1,1,1,28,2,1,10,8,0,1,0,12,2,53,405,53405,14,2008,2S3DB417X861,2,S,3,D,B,4,1,7,X,8,6,1,0,0,0,000000000,00000000000,0,0,0,1,0,0,0,0,0,0,0,998,0,0,0,12,4,3,8,0,0,0,1,12,34758,6,1,0,0,3,3,67,999,0,0,0,1,0,8,2013,8,2013,0,0,0,0,0,1,2,40,3,1,8,1,0,0,14,80,99,1,1,13,0,0
12,120545,1,1,1,9,3,5,0,8,0,1,0,12,3,84,881,84881,66,2005,2HSCNSBR05C0,2,H,S,C,N,S,B,R,0,5,C,0,1,1,12,90831,1290831,3,6,2,2,2,1203,3,1,0,0,0,998,0,0,0,12,4,3,8,0,0,0,1,12,33809,6,1,6,2,3,0,78,999,0,0,0,0,0,0,0,0,0,0,0,0,0,0,1,2,45,1,1,8,1,0,0,1,80,99,1,1,13,0,0
12,120546,1,1,1,2,3,2,28,30,0,1,0,12,2,35,47,35047,4,2008,1N4AL21EX8C1,1,N,4,A,L,2,1,E,X,8,C,1,0,0,0,000000000,00000000000,0,0,0,1,0,0,0,0,0,0,0,50,0,0,0,83,6,2,30,0,0,0,1,12,32808,1,1,0,0,2,0,67,999,3,0,0,0,0,3,2011,3,2013,0,0,0,0,0,2,2,30,1,1,8,1,0,0,1,12,99,1,4,6,1,1
12,120547,1,1,1,22,2,3,55,42,0,1,0,1,2,49,40,49040,4,2012,4T1BF1FKXCU1,4,T,1,B,F,1,F,K,X,C,U,1,0,0,0,000000000,00000000000,0,0,0,1,0,0,0,0,0,0,0,45,0,1,5,12,6,2,2,0,0,1,1,1,36441,6,1,0,0,3,0,999,999,0,0,0,0,0,0,0,0,0,0,6,0,0,0,1,2,45,2,1,8,1,0,0,14,12,99,1,4,6,1,1
12,120549,1,1,1,18,3,5,36,33,0,1,0,12,2,7,442,7442,20,1997,1B4GP44R3VB4,1,B,4,G,P,4,4,R,3,V,B,4,0,0,0,000000000,00000000000,0,0,0,1,0,0,0,0,0,0,0,45,0,1,5,12,6,2,33,0,0,0,1,12,33624,6,1,0,0,3,3,64,999,1,1,0,0,1,5,2013,1,2014,0,28,58,0,0,3,2,45,1,1,8,2,0,0,1,12,6,1,4,6,1,1
12,120550,1,1,2,18,3,7,18,8,0,1,0,12,1,49,40,49040,4,1999,4T1BG22K0XU5,4,T,1,B,G,2,2,K,0,X,U,5,0,0,0,000000000,00000000000,0,0,0,1,0,0,0,0,0,0,0,998,0,0,0,12,4,3,8,0,0,0,1,12,33614,6,1,0,0,3,0,65,999,0,0,0,0,0,0,0,0,0,0,0,0,0,0,2,3,40,1,1,8,1,0,0,1,80,99,1,1,13,0,0
12,120551,1,2,1,21,3,18,39,12,6,1,0,12,1,37,39,37039,5,2010,JHMGE8H26AC0,J,H,M,G,E,8,H,2,6,A,C,0,0,0,0,000000000,00000000000,0,0,0,1,0,0,0,0,0,0,0,998,0,0,0,8,6,2,12,0,0,0,1,12,33713,6,1,0,0,3,3,66,999,0,1,0,0,0,1,2014,1,2014,0,0,0,0,0,3,2,98,1,1,8,1,20,3,11,15,99,1,1,82,0,0
12,120551,2,2,1,21,3,18,39,12,6,1,0,12,1,53,705,53705,80,2005,JS1GN7CA2521,J,S,1,G,N,7,C,A,2,5,2,1,0,0,0,000000000,00000000000,0,0,0,1,0,0,0,0,0,0,0,998,0,0,0,12,6,2,12,0,0,0,1,12,33572,6,1,0,0,2,0,68,999,1,0,0,1,0,7,2011,3,2014,0,0,0,0,0,3,3,35,1,1,8,1,0,0,1,67,99,1,1,83,1,0
12,120552,1,1,1,21,3,11,40,8,0,1,0,12,1,2,404,2404,14,2007,1J8HR58267C6,1,J,8,H,R,5,8,2,6,7,C,6,0,0,0,000000000,00000000000,0,0,0,1,0,0,0,0,0,0,0,30,0,0,0,12,4,5,8,0,0,0,1,12,32837,6,1,0,0,3,3,67,999,0,0,0,0,0,0,0,0,0,0,0,0,0,0,3,3,45,1,1,8,1,0,0,1,80,1,1,1,13,0,0
12,120553,1,1,1,3,3,1,10,34,0,1,0,12,2,35,47,35047,4,2010,1N4AL2AP6AN5,1,N,4,A,L,2,A,P,6,A,N,5,0,0,0,000000000,00000000000,0,0,0,1,0,0,0,0,0,0,0,998,0,0,0,12,6,2,42,0,0,0,1,12,33815,6,1,0,0,3,0,67,999,0,0,0,0,0,0,0,0,0,0,0,0,0,0,1,2,35,3,1,8,1,0,0,14,13,99,1,4,1,1,1
12,120554,1,1,1,5,3,13,33,8,0,1,0,12,3,12,16,12016,4,2009,2FAHP71V59X1,2,F,A,H,P,7,1,V,5,9,X,1,0,0,0,000000000,00000000000,0,0,0,1,0,0,0,0,0,0,0,3,0,0,0,12,0,5,8,0,0,0,1,12,32724,6,1,6,0,3,0,69,999,0,0,0,0,0,0,0,0,0,0,38,0,0,0,1,2,30,1,1,8,1,0,0,11,80,99,1,1,13,0,0
12,120555,1,1,1,6,3,6,47,43,0,1,0,54,1,72,706,72706,80,2005,1HD1HBZ195K8,1,H,D,1,H,B,Z,1,9,5,K,8,0,0,0,000000000,00000000000,0,0,0,1,0,0,0,0,0,0,0,67,0,0,0,12,6,2,43,0,0,0,1,54,26062,6,1,0,0,3,0,64,999,0,0,0,0,0,0,0,0,0,0,0,0,0,0,2,2,65,3,1,8,1,0,0,14,13,1,1,4,1,1,1
12,120556,1,2,1,13,3,23,8,12,1,1,0,12,1,35,48,35048,1,2004,JN1AZ36A24M2,J,N,1,A,Z,3,6,A,2,4,M,2,0,0,0,000000000,00000000000,0,0,0,1,0,0,0,0,0,0,0,70,0,0,0,6,6,2,12,0,0,0,1,12,33511,6,1,0,0,3,0,74,999,0,0,0,0,0,0,0,0,0,0,0,0,0,0,1,2,55,1,1,8,1,0,0,1,10,99,4,2,62,1,1
12,120556,2,2,1,13,3,23,8,12,1,1,0,12,2,20,481,20481,31,2008,1GCHK23678F2,1,G,C,H,K,2,3,6,7,8,F,2,0,0,0,000000000,00000000000,0,0,0,1,0,0,0,0,0,0,0,55,0,0,0,12,6,2,12,0,0,0,1,12,33511,6,1,0,0,3,0,70,999,0,0,0,0,0,0,0,0,0,0,0,0,0,0,1,2,55,1,1,8,1,0,0,1,62,99,1,1,62,0,0
12,120557,1,1,3,13,3,15,57,8,0,1,0,12,1,20,481,20481,31,2006,2GCEC19V1613,2,G,C,E,C,1,9,V,1,6,1,3,0,0,0,000000000,00000000000,0,0,0,1,0,0,0,0,0,0,0,40,0,0,0,12,4,3,8,0,0,0,1,12,33610,6,1,0,0,3,3,68,999,0,0,0,0,0,0,0,0,0,0,0,0,0,0,2,5,45,1,1,8,1,0,0,1,80,99,1,1,13,0,0
12,120558,1,3,1,14,3,18,35,12,2,1,0,12,3,72,706,72706,80,2013,1HD1JNV19DB0,1,H,D,1,J,N,V,1,9,D,B,0,0,0,0,000000000,00000000000,0,0,0,1,0,0,0,0,0,0,0,34,0,0,0,12,6,2,12,0,0,0,1,38,58301,6,1,6,0,3,0,73,200,0,0,0,0,0,0,0,0,0,0,28,0,0,0,1,2,60,1,1,8,1,0,0,1,10,99,1,2,50,1,0
12,120558,2,3,2,14,3,18,35,12,2,1,0,12,1,24,401,24401,14,2006,5GZCZ63446S8,5,G,Z,C,Z,6,3,4,4,6,S,8,0,0,0,000000000,00000000000,0,0,0,1,0,0,0,0,0,0,0,39,0,0,0,12,6,2,12,0,0,0,1,12,32174,6,1,0,0,3,0,67,999,0,0,0,0,0,0,0,0,0,0,0,0,0,0,1,2,60,1,1,8,1,0,0,1,62,99,1,1,51,0,0
12,120558,3,3,1,14,3,18,35,12,2,1,0,12,1,35,49,35049,6,2009,JN8AZ18U19W1,J,N,8,A,Z,1,8,U,1,9,W,1,0,0,0,000000000,00000000000,0,0,0,1,0,0,0,0,0,0,0,55,0,0,0,12,6,2,12,0,0,0,1,12,32164,6,1,0,0,3,3,71,999,0,0,0,0,0,0,0,0,0,0,0,0,0,0,1,2,60,1,1,8,1,0,0,1,62,99,1,1,98,0,0
12,120559,1,1,1,14,3,20,57,8,0,1,0,12,2,20,471,20471,30,1999,1GCCS1944XK1,1,G,C,C,S,1,9,4,4,X,K,1,0,0,0,000000000,00000000000,0,0,0,1,0,0,0,0,0,0,0,40,0,0,0,12,6,2,8,0,0,0,1,12,33185,6,1,0,0,3,0,67,999,0,1,0,0,0,2,2013,2,2013,0,0,0,0,0,1,5,40,1,1,8,1,0,0,1,80,99,1,1,13,0,0
12,120560,1,2,1,14,3,21,26,8,0,1,0,12,1,37,706,37706,80,2004,1HFSC53384A0,1,H,F,S,C,5,3,3,8,4,A,0,0,0,0,000000000,00000000000,0,0,0,1,0,0,0,0,0,0,0,35,0,0,0,12,6,2,8,0,0,0,1,12,33912,6,1,0,0,3,3,70,999,0,1,0,0,0,7,2011,7,2011,0,0,0,0,0,3,5,35,1,1,8,1,0,0,1,80,99,1,1,13,0,0
12,120560,2,2,1,14,3,21,26,8,0,1,0,12,1,12,471,12471,30,2002,1FTYR44EX2PB,1,F,T,Y,R,4,4,E,X,2,P,B,0,0,0,000000000,00000000000,0,0,0,1,0,0,0,0,0,0,0,0,0,0,0,10,4,3,12,0,0,0,1,12,33914,6,1,0,0,3,0,67,999,0,0,0,0,0,0,0,0,0,0,0,0,0,0,3,4,35,1,1,8,1,3,3,5,66,1,1,1,98,0,0
12,120561,1,1,1,14,3,20,36,9,0,1,0,12,1,12,471,12471,30,1999,1FTYR10C8XTA,1,F,T,Y,R,1,0,C,8,X,T,A,0,0,0,000000000,00000000000,0,0,0,1,0,0,0,0,0,0,0,45,0,0,0,12,2,5,9,0,0,0,1,12,33904,6,1,0,0,3,3,66,999,0,0,0,1,0,2,2012,2,2012,0,0,0,0,0,5,7,45,2,1,8,1,0,0,14,83,99,1,1,13,0,0