STATE,ST_CASE,VEH_NO,VE_FORMS,NUMOCCS,DAY,MONTH,HOUR,MINUTE,HARM_EV,MAN_COLL,UNITTYPE,HIT_RUN,REG_STAT,OWNER,MAKE,MODEL,MAK_MOD,BODY_TYP,MOD_YEAR,VIN,VIN_1,VIN_2,VIN_3,VIN_4,VIN_5,VIN_6,VIN_7,VIN_8,VIN_9,VIN_10,VIN_11,VIN_12,TOW_VEH,J_KNIFE,MCARR_I1,MCARR_I2,MCARR_ID,GVWR,V_CONFIG,CARGO_BT,HAZ_INV,HAZ_PLAC,HAZ_ID,HAZ_CNO,HAZ_REL,BUS_USE,SPEC_USE,EMER_USE,TRAV_SP,UNDERIDE,ROLLOVER,ROLINLOC,IMPACT1,DEFORMED,TOWED,M_HARM,VEH_SC1,VEH_SC2,FIRE_EXP,DR_PRES,L_STATE,DR_ZIP,L_STATUS,L_TYPE,CDL_STAT,L_ENDORS,L_COMPL,L_RESTRI,DR_HGT,DR_WGT,PREV_ACC,PREV_SUS,PREV_DWI,PREV_SPD,PREV_OTH,FIRST_MO,FIRST_YR,LAST_MO,LAST_YR,SPEEDREL,DR_SF1,DR_SF2,DR_SF3,DR_SF4,VTRAFWAY,VNUM_LAN,VSPD_LIM,VALIGN,VPROFILE,VPAVETYP,VSURCOND,VTRAFCON,VTCONT_F,P_CRASH1,P_CRASH2,P_CRASH3,PCRASH4,PCRASH5,ACC_TYPE,DEATHS,DR_DRINK
12,120607,1,2,1,28,3,20,37,12,6,1,0,12,1,37,705,37705,80,2006,JH2PC37096M3,J,H,2,P,C,3,7,0,9,6,M,3,0,0,0,000000000,00000000000,0,0,0,1,0,0,0,0,0,0,0,100,0,0,0,12,6,2,12,0,0,0,1,12,33406,2,1,0,0,2,0,67,999,0,19,0,0,1,5,2011,12,2013,0,6,0,0,0,1,4,35,1,1,8,1,0,0,1,17,99,1,1,83,1,0
12,120607,2,2,1,28,3,20,37,12,6,1,0,12,1,20,461,20461,21,2001,1GCHG35R8111,1,G,C,H,G,3,5,R,8,1,1,1,0,0,0,000000000,00000000000,0,0,0,1,0,0,0,0,0,0,0,5,0,0,0,2,6,2,12,0,0,0,1,12,33460,6,1,0,0,3,0,70,999,0,0,0,0,0,0,0,0,0,0,38,0,0,0,1,2,35,1,1,8,1,0,0,11,66,99,1,1,82,0,0
12,120608,1,1,1,28,3,16,28,42,0,1,0,12,2,72,706,72706,80,2004,1HD1BWB164Y0,1,H,D,1,B,W,B,1,6,4,Y,0,0,0,0,000000000,00000000000,0,0,0,1,0,0,0,0,0,0,0,65,0,0,0,2,6,2,42,0,0,0,1,12,32087,6,1,0,0,3,0,72,999,0,0,0,0,0,0,0,0,0,3,6,0,0,0,1,2,55,3,1,2,1,0,0,14,13,99,1,4,1,1,1
12,120609,1,2,1,29,3,7,35,1,0,1,0,47,1,23,402,23402,14,2012,2GKALMEK3C61,2,G,K,A,L,M,E,K,3,C,6,1,0,0,0,000000000,00000000000,0,0,0,1,0,0,0,0,0,0,0,20,0,0,0,11,6,2,12,0,0,0,1,47,37127,6,1,0,0,3,3,65,179,1,0,0,0,0,9,2012,9,2012,0,38,39,0,0,0,0,0,0,0,0,0,0,0,16,98,99,1,1,98,0,0
12,120609,2,2,1,29,3,7,35,1,0,1,0,12,1,73,705,73705,80,2012,JKAVN2C15CA0,J,K,A,V,N,2,C,1,5,C,A,0,0,0,0,000000000,00000000000,0,0,0,1,0,0,0,0,0,0,0,55,0,0,0,0,6,2,1,0,0,0,1,12,32164,6,1,0,0,3,3,70,999,0,0,0,1,1,6,2011,3,2013,0,0,0,0,0,3,3,55,1,1,8,1,0,0,1,98,98,1,1,98,1,0
12,120610,1,1,1,11,3,22,45,59,0,1,0,12,1,12,481,12481,31,2002,1FTNW20F02EC,1,F,T,N,W,2,0,F,0,2,E,C,0,0,0,000000000,00000000000,0,0,0,1,0,0,0,0,0,0,0,58,0,0,0,9,6,2,42,0,0,0,1,12,32064,6,1,0,0,3,0,70,999,0,0,0,0,0,0,0,0,0,3,6,39,0,0,1,2,30,1,6,5,1,20,3,1,14,99,3,4,14,1,1
12,120611,1,1,1,18,3,19,23,33,0,1,0,12,2,49,32,49032,4,2010,1NXBU4EE6AZ2,1,N,X,B,U,4,E,E,6,A,Z,2,0,0,0,000000000,00000000000,0,0,0,1,0,0,0,0,0,0,0,998,0,0,0,14,6,2,59,0,0,0,1,12,33065,6,1,0,0,3,0,70,999,1,1,0,0,1,2,2012,11,2012,0,36,0,0,0,3,5,45,1,1,8,1,3,3,99,13,99,1,4,1,1,1
12,120612,1,1,2,21,3,14,47,8,0,1,0,12,2,7,26,7026,4,2013,1C3CDZABXDN5,1,C,3,C,D,Z,A,B,X,D,N,5,0,0,0,000000000,00000000000,0,0,0,1,0,0,0,0,0,0,0,999,0,0,0,12,4,5,8,0,0,0,1,12,33136,6,1,0,0,3,0,71,999,0,0,0,0,0,0,0,0,0,0,0,0,0,0,5,3,30,1,1,8,1,0,0,1,80,99,1,1,13,0,0
12,120613,1,1,1,9,3,15,56,8,0,1,0,12,1,62,401,62401,14,2004,SALTL194X4A8,S,A,L,T,L,1,9,4,X,4,A,8,0,0,0,000000000,00000000000,0,0,0,1,0,0,0,0,0,0,0,20,0,0,0,98,2,3,8,0,0,0,1,12,32789,6,1,0,0,3,0,68,999,0,0,0,1,0,1,2014,1,2014,0,0,0,0,0,3,2,35,1,1,8,1,0,0,1,80,99,1,1,13,0,0
12,120614,1,2,1,14,3,11,45,12,6,1,0,1,2,12,401,12401,14,2000,1FMYU60X9YUA,1,F,M,Y,U,6,0,X,9,Y,U,A,0,0,0,000000000,00000000000,0,0,0,1,0,0,0,0,0,0,0,80,0,1,5,12,6,2,12,0,0,0,1,1,35111,6,1,6,0,3,3,76,215,0,0,0,1,0,2,2014,2,2014,0,6,0,0,0,2,2,70,1,1,8,1,0,0,1,12,99,1,4,64,0,0
12,120614,2,2,8,14,3,11,45,12,6,1,0,37,3,12,461,12461,21,2013,1FBNE3BL7DDA,1,F,B,N,E,3,B,L,7,D,D,A,0,0,0,000000000,00000000000,0,0,0,1,0,0,0,0,0,0,0,70,0,1,5,8,6,2,12,0,0,0,1,37,27713,6,1,0,0,3,0,73,999,0,0,0,1,0,1,2013,1,2013,0,0,0,0,0,2,2,70,1,1,8,1,0,0,1,62,99,1,1,65,1,0
12,120615,1,2,1,18,6,4,40,12,1,1,0,12,1,55,41,55041,2,2012,KMHHT6KD1CU0,K,M,H,H,T,6,K,D,1,C,U,0,0,0,0,000000000,00000000000,0,0,0,1,0,0,0,0,0,0,0,70,0,1,5,12,6,2,1,0,0,0,1,12,33543,6,1,0,0,3,3,61,999,0,0,0,0,0,0,0,0,0,0,6,0,0,0,3,3,70,1,1,8,1,0,0,1,51,99,1,1,24,0,0
12,120615,2,2,1,18,6,4,40,12,1,1,0,12,2,20,461,20461,21,1987,1GBDG15Z4H71,1,G,B,D,G,1,5,Z,4,H,7,1,0,0,0,000000000,00000000000,0,0,0,1,0,0,0,0,0,0,0,70,0,1,5,6,6,2,1,0,0,0,1,12,32060,6,1,0,0,3,0,68,999,0,0,0,0,0,0,0,0,0,0,0,0,0,0,3,3,70,1,1,8,1,0,0,1,53,99,1,1,25,1,0
12,120616,1,2,1,13,4,21,37,12,6,1,0,12,1,18,7,18007,4,2001,2G4WS52J3111,2,G,4,W,S,5,2,J,3,1,1,1,0,0,0,000000000,00000000000,0,0,0,1,0,0,0,0,0,0,0,25,0,0,0,1,4,3,12,0,0,0,1,12,33755,6,1,0,0,3,0,66,999,0,0,0,0,0,0,0,0,0,0,38,0,0,0,5,3,40,1,1,8,1,3,3,11,15,99,1,1,82,0,1
12,120616,2,2,1,13,4,21,37,12,6,1,0,12,1,73,705,73705,80,2007,JKAEXVD117A1,J,K,A,E,X,V,D,1,1,7,A,1,0,0,0,000000000,00000000000,0,0,0,1,0,0,0,0,0,0,0,40,0,0,0,12,6,2,12,0,0,0,1,12,33755,6,1,0,0,3,0,73,999,0,1,0,0,0,8,2011,8,2011,0,0,0,0,0,3,4,40,1,1,8,1,3,3,1,67,99,1,1,83,1,0
12,120617,1,1,1,20,3,0,20,8,0,1,0,12,2,49,46,49046,4,2013,JTDKDTB37D15,J,T,D,K,D,T,B,3,7,D,1,5,0,0,0,000000000,00000000000,0,0,0,1,0,0,0,0,0,0,0,35,0,0,0,12,6,2,8,0,0,0,1,12,33033,6,1,0,0,3,3,72,999,0,0,0,0,0,0,0,0,0,0,0,0,0,0,2,6,45,1,1,2,1,0,0,1,80,99,1,1,13,0,0
12,120618,1,1,1,21,3,19,15,8,0,1,0,12,1,41,35,41035,4,2000,JM1BJ2225Y02,J,M,1,B,J,2,2,2,5,Y,0,2,0,0,0,000000000,00000000000,0,0,0,1,0,0,0,0,0,0,0,40,0,0,0,12,6,2,8,0,0,0,1,12,33071,6,1,0,0,3,0,69,999,0,3,0,0,1,3,2013,10,2013,0,0,0,0,0,3,4,40,1,1,8,1,0,0,1,80,99,1,1,13,0,1
12,120619,1,1,1,22,3,6,48,9,0,1,0,12,1,37,706,37706,80,2002,1HFSC18032A6,1,H,F,S,C,1,8,0,3,2,A,6,0,0,0,000000000,00000000000,0,0,0,1,0,0,0,0,0,0,0,45,0,0,0,12,4,3,9,0,0,0,1,12,33030,6,1,0,0,3,3,73,999,0,8,0,0,0,8,2011,9,2013,0,0,0,0,0,1,2,45,1,1,8,1,0,0,1,83,99,1,1,13,0,0
12,120620,1,1,1,29,3,23,24,1,0,1,0,12,1,76,706,76706,80,2003,JYARN10E83A0,J,Y,A,R,N,1,0,E,8,3,A,0,0,0,0,000000000,00000000000,0,0,0,1,0,0,0,0,0,0,0,66,0,0,0,0,6,2,1,0,0,0,1,12,32068,6,1,0,0,2,0,67,999,0,0,0,0,0,0,0,0,0,0,0,0,0,0,3,6,55,1,1,2,1,0,0,1,98,99,2,1,98,1,0
12,120621,1,1,2,21,3,20,15,1,0,1,0,12,1,37,705,37705,80,2001,JH2RC44321K5,J,H,2,R,C,4,4,3,2,1,K,5,0,0,0,000000000,00000000000,0,0,0,1,0,0,0,0,0,0,0,55,0,0,0,0,6,2,1,0,0,0,1,12,34951,6,1,0,0,3,3,73,999,0,0,0,0,0,0,0,0,0,0,6,0,0,0,3,3,55,2,6,8,1,0,0,14,13,99,1,4,1,1,0
12,120622,1,1,1,15,1,18,52,8,0,1,0,12,1,45,421,45421,15,2014,WP1AB2A23ELA,W,P,1,A,B,2,A,2,3,E,L,A,0,0,0,000000000,00000000000,0,0,0,1,0,0,0,0,0,0,0,998,0,0,0,12,4,3,8,0,0,0,1,12,33131,6,1,0,0,3,3,71,999,0,0,0,0,0,0,0,0,0,0,0,0,0,0,5,5,98,1,1,8,2,3,3,1,80,99,1,1,13,0,0
12,120623,1,1,1,24,2,6,15,59,0,1,0,13,1,13,5,13005,4,2002,1LNHM97V02Y6,1,L,N,H,M,9,7,V,0,2,Y,6,0,0,0,000000000,00000000000,0,0,0,1,0,0,0,0,0,0,0,75,0,0,0,9,6,2,3,0,0,0,1,12,32246,6,1,0,0,3,0,69,999,0,0,0,0,0,0,0,0,0,0,6,0,0,0,3,3,65,1,1,8,2,0,0,15,9,3,3,4,2,1,0
12,120626,1,2,1,3,3,15,10,1,0,1,0,12,1,53,705,53705,80,2001,JS1GN7BA4121,J,S,1,G,N,7,B,A,4,1,2,1,0,0,0,000000000,00000000000,0,0,0,1,0,0,0,0,0,0,0,80,0,0,0,0,6,2,12,0,0,0,1,12,33032,6,1,0,0,2,0,64,999,0,0,0,0,0,0,0,0,0,3,6,0,0,0,1,4,40,1,1,8,1,0,0,1,98,98,1,1,98,1,0
12,120626,2,2,1,3,3,15,10,1,0,1,0,12,3,82,884,82884,61,2001,1FV3HJACX1HG,1,F,V,3,H,J,A,C,X,1,H,G,1,1,88,888888888,88888888888,2,4,1,1,0,0,0,0,0,0,0,40,0,0,0,98,4,5,12,0,0,0,1,12,33160,6,1,0,0,3,0,72,999,0,0,0,0,1,3,2012,3,2012,0,0,0,0,0,1,4,40,1,1,8,1,0,0,11,15,99,1,1,98,0,0
12,120627,1,1,1,18,3,2,15,8,0,1,0,12,2,37,31,37031,2,1996,1HGEJ6125TL0,1,H,G,E,J,6,1,2,5,T,L,0,0,0,0,000000000,00000000000,0,0,0,1,0,0,0,0,0,0,0,40,0,0,0,12,8,5,8,0,0,0,1,12,32210,6,1,0,0,3,0,68,999,0,4,0,4,0,3,2012,12,2013,0,0,0,0,0,5,5,40,8,8,8,2,0,0,1,80,99,1,1,13,0,0
12,120628,1,2,1,28,3,18,56,12,6,1,0,12,1,35,43,35043,4,1998,3N1AB41D2WL0,3,N,1,A,B,4,1,D,2,W,L,0,0,0,0,000000000,00000000000,0,0,0,1,0,0,0,0,0,0,0,10,0,0,0,4,6,2,12,0,0,0,1,12,33136,6,1,0,0,3,3,69,999,0,0,0,0,0,0,0,0,0,0,0,0,0,0,1,4,40,1,1,8,1,3,3,11,66,99,1,1,68,0,0
12,120628,2,2,1,28,3,18,56,12,6,1,0,99,9,99,999,99999,99,9999,999999999999,9,9,9,9,9,9,9,9,9,9,9,9,0,0,0,000000000,00000000000,0,0,0,1,0,0,0,0,0,0,0,999,0,0,0,12,9,9,12,0,0,0,1,12,33009,6,1,0,0,2,0,61,999,0,4,0,0,0,9,2012,11,2012,0,39,0,0,0,2,4,99,8,8,8,1,3,3,1,17,99,1,1,69,1,0
12,120629,1,2,1,30,3,21,22,12,6,1,1,12,2,53,404,53404,14,2009,JS3TE0421941,J,S,3,T,E,0,4,2,1,9,4,1,0,0,0,000000000,00000000000,0,0,0,1,0,0,0,0,0,0,0,999,0,0,0,9,4,3,12,0,0,0,1,12,33125,6,1,0,0,3,0,75,999,0,0,0,0,0,0,0,0,0,0,38,0,0,0,2,2,40,1,1,8,1,20,3,1,17,99,1,1,89,0,0
12,120629,2,2,2,30,3,21,22,12,6,1,0,12,3,37,706,37706,80,2008,JH2SC59018M0,J,H,2,S,C,5,9,0,1,8,M,0,0,0,0,000000000,00000000000,0,0,0,1,0,0,0,0,0,0,0,999,0,0,0,12,6,2,12,0,0,0,1,12,33142,1,1,0,0,2,0,71,999,1,1,0,0,0,7,2013,2,2014,0,0,0,0,0,2,2,40,1,1,8,1,0,0,1,66,99,1,1,88,1,0
12,120630,1,2,1,1,4,15,31,12,6,1,0,12,2,12,17,12017,4,2003,1FAFP55233A2,1,F,A,F,P,5,5,2,3,3,A,2,0,0,0,000000000,00000000000,0,0,0,1,0,0,0,0,0,0,0,5,0,0,0,9,6,2,12,0,0,0,1,12,32708,6,1,0,0,3,0,67,999,0,0,0,0,0,0,0,0,0,0,38,0,0,0,1,2,25,1,1,8,1,20,3,11,15,99,1,1,82,1,0
12,120630,2,2,1,1,4,15,31,12,6,1,0,12,1,12,461,12461,21,2003,1FMNE31F33HA,1,F,M,N,E,3,1,F,3,3,H,A,0,0,0,000000000,00000000000,0,0,0,1,0,0,0,0,0,0,0,40,0,0,0,12,4,5,12,0,0,0,1,12,32732,6,1,0,0,3,3,74,999,0,0,0,0,0,0,0,0,0,0,0,0,0,0,1,2,40,1,1,8,1,0,0,1,67,99,1,1,83,0,0
12,120631,1,2,1,3,4,11,1,12,6,1,0,12,3,20,470,20470,29,2005,J8BB4B161570,J,8,B,B,4,B,1,6,1,5,7,0,0,0,0,000000000,00000000000,0,0,0,1,0,0,0,0,0,0,0,998,0,0,0,7,2,5,12,0,0,0,1,12,33853,6,1,0,0,3,0,72,999,0,0,0,0,0,0,0,0,0,0,6,0,0,0,1,2,55,1,1,8,1,0,0,11,15,99,1,1,82,0,0
12,120631,2,2,1,3,4,11,1,12,6,1,0,12,1,72,706,72706,80,2009,1HD1BW5179Y0,1,H,D,1,B,W,5,1,7,9,Y,0,0,0,0,000000000,00000000000,0,0,0,1,0,0,0,0,0,0,0,998,0,0,0,12,6,2,12,0,0,0,1,12,33884,6,1,6,0,3,0,75,999,0,0,0,0,0,0,0,0,0,0,0,0,0,0,1,3,55,1,1,8,1,0,0,1,67,8,1,1,83,1,0
12,120632,1,2,2,6,4,20,26,12,6,1,0,12,1,20,23,20023,6,2009,3GNCA23B39S5,3,G,N,C,A,2,3,B,3,9,S,5,0,0,0,000000000,00000000000,0,0,0,1,0,0,0,0,0,0,0,10,0,0,0,4,6,2,12,0,0,0,1,12,33710,6,1,0,0,3,3,68,999,0,0,0,0,0,0,0,0,0,0,38,0,0,0,1,4,35,1,1,8,1,0,0,11,15,99,1,1,68,0,0
12,120632,2,2,1,6,4,20,26,12,6,1,0,12,2,37,705,37705,80,1981,JH2RC0500BM2,J,H,2,R,C,0,5,0,0,B,M,2,0,0,0,000000000,00000000000,0,0,0,1,0,0,0,0,0,0,0,35,0,0,0,12,6,2,12,0,0,0,1,12,33701,6,1,0,0,2,0,72,999,0,0,0,0,0,0,0,0,0,0,0,0,0,0,1,4,35,1,1,8,1,0,0,1,62,99,1,1,69,1,0
12,120633,1,1,1,10,4,17,2,1,0,1,0,12,1,76,705,76705,80,2005,JYAVP11E95A0,J,Y,A,V,P,1,1,E,9,5,A,0,0,0,0,000000000,00000000000,0,0,0,1,0,0,0,0,0,0,0,40,0,0,0,0,6,2,1,0,0,0,1,12,32256,6,1,0,0,3,0,68,999,0,0,0,0,0,0,0,0,0,0,6,0,0,0,3,3,65,1,1,2,1,0,0,1,98,3,1,4,98,1,0
12,120634,1,4,1,11,4,15,0,12,1,1,0,12,1,82,884,82884,66,2003,1FUJBBCG13LK,1,F,U,J,B,B,C,G,1,3,L,K,1,1,12,763374,12763374,3,6,1,1,0,0,0,0,0,0,0,43,0,1,1,12,6,2,12,0,0,0,1,12,32218,6,1,6,0,3,0,75,999,0,0,0,0,0,0,0,0,0,0,6,0,0,0,5,3,45,1,1,8,1,8,3,1,50,99,1,1,20,0,0
12,120634,2,4,2,11,4,15,0,12,1,1,0,12,2,21,401,21401,14,2000,1GHDT13W1Y23,1,G,H,D,T,1,3,W,1,Y,2,3,0,0,0,000000000,00000000000,0,0,0,1,0,0,0,0,0,0,0,0,0,0,0,6,6,2,12,0,0,0,1,12,32218,6,1,0,0,3,0,67,999,0,0,0,1,0,9,2013,9,2013,0,0,0,0,0,1,3,45,1,1,8,1,8,3,5,53,99,1,1,21,2,0
12,120634,3,4,1,11,4,15,0,12,1,1,0,12,2,30,47,30047,3,2013,3VWVT7AT0DM6,3,V,W,V,T,7,A,T,0,D,M,6,0,0,0,000000000,00000000000,0,0,0,1,0,0,0,0,0,0,0,0,0,0,0,6,6,2,12,0,0,0,1,12,32046,6,1,0,0,3,3,65,999,0,0,0,0,0,0,0,0,0,0,0,0,0,0,5,3,45,1,1,8,1,8,3,5,53,99,1,1,98,0,0
12,120634,4,4,6,11,4,15,0,12,1,1,0,12,3,98,981,98981,50,2007,4DRBUAAN47A4,4,D,R,B,U,A,A,N,4,7,A,4,0,0,12,354406,12354406,3,21,22,1,0,0,0,0,1,2,0,0,0,0,0,6,4,3,12,0,0,0,1,12,32209,6,1,6,0,3,0,65,999,0,0,0,0,0,0,0,0,0,0,0,0,0,0,5,3,45,1,1,8,1,8,3,5,53,99,1,1,98,0,0
12,120635,1,1,1,11,4,23,47,8,0,1,1,12,1,51,46,51046,4,2007,YV1MS3820722,Y,V,1,M,S,3,8,2,0,7,2,2,0,0,0,000000000,00000000000,0,0,0,1,0,0,0,0,0,0,0,998,0,0,0,12,4,5,8,0,0,0,1,12,33602,6,1,0,0,3,0,64,999,0,0,0,0,0,0,0,0,0,0,0,0,0,0,5,5,40,1,1,8,1,0,0,1,80,99,1,1,13,0,1
12,120637,1,1,1,23,3,20,7,8,0,1,0,12,1,49,46,49046,4,2007,JTDKB20U7732,J,T,D,K,B,2,0,U,7,7,3,2,0,0,0,000000000,00000000000,0,0,0,1,0,0,0,0,0,0,0,30,0,0,0,12,2,5,8,0,0,0,1,12,33704,3,1,0,0,2,3,67,999,0,0,0,0,0,0,0,0,0,0,39,0,0,0,3,2,30,1,1,8,1,0,0,1,80,99,1,1,13,0,0
12,120638,1,3,1,13,4,21,45,12,7,1,0,12,2,37,421,37421,15,2005,5FNYF18605B0,5,F,N,Y,F,1,8,6,0,5,B,0,0,0,0,000000000,00000000000,0,0,0,1,0,0,0,0,0,0,0,70,0,0,0,12,6,2,12,0,0,0,1,12,32256,6,1,0,0,3,3,65,999,0,0,0,0,0,0,0,0,0,0,6,0,0,0,2,3,65,1,1,8,1,0,0,1,13,99,1,4,48,0,0
12,120638,2,3,4,13,4,21,45,12,7,1,0,44,1,6,441,6441,20,2005,2C4GP54LX5R2,2,C,4,G,P,5,4,L,X,5,R,2,0,0,0,000000000,00000000000,0,0,0,1,0,0,0,0,0,0,0,0,0,0,0,3,6,2,12,0,0,0,1,44,2892,6,1,0,0,3,3,64,999,0,0,0,0,0,0,0,0,0,0,0,0,0,0,2,3,65,1,1,8,1,0,0,7,61,1,1,5,48,1,0
12,120638,3,3,1,13,4,21,45,12,7,1,0,12,6,6,441,6441,20,1998,1C4GP64L0WB6,1,C,4,G,P,6,4,L,0,W,B,6,0,0,0,000000000,00000000000,0,0,0,1,0,0,0,0,0,0,0,0,0,0,0,3,4,3,12,0,0,0,0,0,99997,7,6,97,7,6,7,998,997,998,998,998,998,998,98,9998,98,9998,8,0,0,0,0,2,3,65,1,1,8,1,0,0,0,61,0,0,0,98,0,0
12,120639,1,1,1,13,4,21,26,39,0,1,0,91,1,99,709,99709,80,9999,999999999999,9,9,9,9,9,9,9,9,9,9,9,9,0,0,0,000000000,00000000000,0,0,0,1,0,0,0,0,0,0,0,20,0,0,0,98,6,2,39,0,0,0,1,12,33445,6,1,0,0,3,0,69,999,1,0,0,0,1,3,2013,4,2013,0,0,0,0,0,3,3,35,1,1,8,1,0,0,1,13,99,1,4,1,1,0
12,120640,1,1,1,14,4,21,15,8,0,1,0,12,1,19,480,19480,31,2002,1GYEC63T32R1,1,G,Y,E,C,6,3,T,3,2,R,1,0,0,0,000000000,00000000000,0,0,0,1,0,0,0,0,0,0,0,45,0,0,0,12,4,3,8,0,0,0,1,12,32819,6,1,0,0,3,0,68,999,0,0,0,0,0,0,0,0,0,0,0,0,0,0,3,3,45,1,1,8,1,0,0,1,80,6,1,1,13,0,0
12,120641,1,1,1,14,4,16,6,33,0,1,0,12,2,98,703,98703,88,2012,LC2U6G107CC0,L,C,2,U,6,G,1,0,7,C,C,0,0,0,0,000000000,00000000000,0,0,0,1,0,0,0,0,0,0,0,35,0,0,0,11,4,3,33,0,0,0,1,12,33060,6,1,0,0,3,0,69,999,0,0,0,0,0,0,0,0,0,0,0,0,0,0,3,2,35,1,1,8,1,0,0,1,12,99,1,4,6,1,0
12,120642,1,1,2,15,4,20,30,8,0,1,0,12,3,34,34,34034,4,2003,WBAEV53473KM,W,B,A,E,V,5,3,4,7,3,K,M,0,0,0,000000000,00000000000,0,0,0,1,0,0,0,0,0,0,0,45,0,0,0,12,4,3,8,0,0,0,1,12,33710,6,1,0,0,3,0,72,999,1,0,0,0,0,3,2014,3,2014,0,0,0,0,0,3,5,45,1,1,8,1,0,0,1,80,99,1,1,13,0,0
12,120643,1,1,3,19,4,20,27,9,0,1,0,12,1,35,47,35047,4,2000,1N4DL01D6YC1,1,N,4,D,L,0,1,D,6,Y,C,1,0,0,0,000000000,00000000000,0,0,0,1,0,0,0,0,0,0,0,45,0,0,0,12,6,2,9,0,0,0,1,12,33313,6,1,0,0,3,3,65,999,0,0,0,0,0,0,0,0,0,0,0,0,0,0,3,4,45,1,1,8,1,0,0,1,83,4,1,1,13,0,0
12,120644,1,1,4,20,4,0,55,8,0,1,0,12,2,49,482,49482,31,2010,5TFRY5F14AX0,5,T,F,R,Y,5,F,1,4,A,X,0,0,0,0,000000000,00000000000,0,0,0,1,0,0,0,0,0,0,0,35,0,0,0,12,4,5,8,0,0,0,1,12,33142,6,1,0,0,3,3,65,999,0,0,0,0,0,0,0,0,0,0,0,0,0,0,1,5,35,1,1,8,1,3,3,1,80,99,1,1,13,0,0
12,120645,1,2,1,20,4,14,38,12,6,1,0,12,1,20,498,20498,31,1995,2GCEK19K2S12,2,G,C,E,K,1,9,K,2,S,1,2,0,0,0,000000000,00000000000,0,0,0,1,0,0,0,0,0,0,0,998,0,0,0,12,6,2,12,0,0,0,1,12,33916,6,1,0,0,3,3,73,999,0,2,0,0,0,9,2012,12,2012,0,39,0,0,0,3,5,55,1,1,8,1,3,3,1,17,99,1,1,86,0,0
12,120645,2,2,2,20,4,14,38,12,6,1,0,12,2,20,16,20016,2,2002,1G1JS124X272,1,G,1,J,S,1,2,4,X,2,7,2,0,0,0,000000000,00000000000,0,0,0,1,0,0,0,0,0,0,0,998,0,0,0,3,6,2,12,0,0,0,1,12,33990,6,1,0,0,3,0,63,999,0,0,0,0,0,0,0,0,0,0,0,0,0,0,3,5,45,1,1,8,1,3,3,1,66,99,1,1,87,1,0
12,120646,1,2,1,21,4,6,8,12,6,1,0,47,1,82,881,82881,66,1998,1FUYSSEB8WL8,1,F,U,Y,S,S,E,B,8,W,L,8,1,1,77,777777777,77777777777,3,6,11,1,0,0,0,0,0,0,0,10,7,0,0,4,0,5,12,0,0,0,1,47,37763,6,1,6,3,3,0,72,999,0,0,0,0,0,0,0,0,0,0,38,0,0,0,3,3,40,1,1,8,1,0,0,12,98,99,1,1,98,0,0
12,120646,2,2,1,21,4,6,8,12,6,1,0,12,2,55,40,55040,4,2014,KMHGH4JH1EU0,K,M,H,G,H,4,J,H,1,E,U,0,0,0,0,000000000,00000000000,0,0,0,1,0,0,0,0,0,0,0,40,0,0,0,12,6,2,12,0,0,0,1,12,33431,6,1,0,0,3,3,69,999,0,0,0,0,0,0,0,0,0,0,6,0,0,0,3,3,40,1,1,8,1,0,0,1,62,1,1,1,98,1,0
12,120647,1,1,2,22,4,20,40,8,0,1,1,12,1,37,32,37032,4,2008,1HGCP36868A0,1,H,G,C,P,3,6,8,6,8,A,0,0,0,0,000000000,00000000000,0,0,0,1,0,0,0,0,0,0,0,55,0,0,0,12,4,5,8,0,0,0,1,12,32189,6,1,0,0,3,0,70,999,0,0,0,1,0,11,2012,11,2012,0,0,0,0,0,2,2,55,1,1,8,1,0,0,1,80,8,1,2,13,0,1
12,120648,1,2,4,22,4,10,41,12,6,1,0,12,2,30,40,30040,4,1999,3VWSC29M5XM0,3,V,W,S,C,2,9,M,5,X,M,0,0,0,0,000000000,00000000000,0,0,0,1,0,0,0,0,0,0,0,998,0,0,0,61,6,2,12,0,0,0,1,12,33805,1,1,0,0,2,0,68,999,0,1,0,0,0,1,2013,1,2013,0,0,0,0,0,1,4,50,1,1,8,1,3,3,1,17,99,1,1,89,1,0
12,120648,2,2,1,22,4,10,41,12,6,1,0,12,1,12,23,12023,4,2011,3FAHP0HA6BR1,3,F,A,H,P,0,H,A,6,B,R,1,0,0,0,000000000,00000000000,0,0,0,1,0,0,0,0,0,0,0,998,0,0,0,12,6,2,12,0,0,0,1,12,33823,6,1,0,0,3,0,63,999,0,0,0,0,1,5,2011,5,2011,0,0,0,0,0,1,4,45,1,1,8,1,3,3,1,66,99,1,1,88,0,0
12,120649,1,1,1,23,4,6,29,8,0,1,0,12,1,37,31,37031,2,2003,1HGEM22503L0,1,H,G,E,M,2,2,5,0,3,L,0,0,0,0,000000000,00000000000,0,0,0,1,0,0,0,0,0,0,0,45,0,0,0,12,6,2,8,0,0,0,1,12,33771,6,1,0,0,3,3,73,999,0,0,0,1,0,5,2013,5,2013,0,0,0,0,0,3,4,45,1,1,8,1,0,0,1,80,6,1,1,13,0,0