STATE,ST_CASE,VEH_NO,VE_FORMS,NUMOCCS,DAY,MONTH,HOUR,MINUTE,HARM_EV,MAN_COLL,UNITTYPE,HIT_RUN,REG_STAT,OWNER,MAKE,MODEL,MAK_MOD,BODY_TYP,MOD_YEAR,VIN,VIN_1,VIN_2,VIN_3,VIN_4,VIN_5,VIN_6,VIN_7,VIN_8,VIN_9,VIN_10,VIN_11,VIN_12,TOW_VEH,J_KNIFE,MCARR_I1,MCARR_I2,MCARR_ID,GVWR,V_CONFIG,CARGO_BT,HAZ_INV,HAZ_PLAC,HAZ_ID,HAZ_CNO,HAZ_REL,BUS_USE,SPEC_USE,EMER_USE,TRAV_SP,UNDERIDE,ROLLOVER,ROLINLOC,IMPACT1,DEFORMED,TOWED,M_HARM,VEH_SC1,VEH_SC2,FIRE_EXP,DR_PRES,L_STATE,DR_ZIP,L_STATUS,L_TYPE,CDL_STAT,L_ENDORS,L_COMPL,L_RESTRI,DR_HGT,DR_WGT,PREV_ACC,PREV_SUS,PREV_DWI,PREV_SPD,PREV_OTH,FIRST_MO,FIRST_YR,LAST_MO,LAST_YR,SPEEDREL,DR_SF1,DR_SF2,DR_SF3,DR_SF4,VTRAFWAY,VNUM_LAN,VSPD_LIM,VALIGN,VPROFILE,VPAVETYP,VSURCOND,VTRAFCON,VTCONT_F,P_CRASH1,P_CRASH2,P_CRASH3,PCRASH4,PCRASH5,ACC_TYPE,DEATHS,DR_DRINK
12,120684,1,1,1,29,4,21,20,34,0,1,0,12,1,42,42,42042,4,2005,WDBRF40J95F6,W,D,B,R,F,4,0,J,9,5,F,6,0,0,0,000000000,00000000000,0,0,0,1,0,0,0,0,0,0,0,20,0,0,0,12,6,2,3,0,0,0,1,12,32504,6,1,0,0,3,0,64,999,0,0,0,0,0,0,0,0,0,0,6,0,0,0,2,2,45,1,6,8,6,0,0,1,5,99,1,4,1,1,0
12,120685,1,1,1,22,4,23,34,8,0,1,0,12,1,58,37,58037,2,2010,JN1CV6EK6AM1,J,N,1,C,V,6,E,K,6,A,M,1,0,0,0,000000000,00000000000,0,0,0,1,0,0,0,0,0,0,0,65,0,0,0,12,4,3,8,0,0,0,1,12,33647,6,1,0,0,3,3,76,999,0,0,0,0,0,0,0,0,0,0,0,0,0,0,3,3,70,1,1,8,1,0,0,1,80,99,1,1,13,0,1
12,120686,1,1,1,17,2,7,32,9,0,1,1,12,9,49,482,49482,31,2007,5TBRU54187S4,5,T,B,R,U,5,4,1,8,7,S,4,0,0,0,000000000,00000000000,0,0,0,1,0,0,0,0,0,0,0,45,0,0,0,12,4,5,9,0,0,0,1,12,34953,6,1,0,0,3,0,62,999,0,0,0,0,0,0,0,0,0,0,0,0,0,0,1,2,40,1,1,8,1,0,0,1,11,99,1,2,13,0,0
12,120687,1,2,1,3,5,22,58,12,1,1,0,12,1,6,51,6051,4,2005,2C3JA63HX5H6,2,C,3,J,A,6,3,H,X,5,H,6,0,0,0,000000000,00000000000,0,0,0,1,0,0,0,0,0,0,0,45,0,0,0,12,6,2,12,0,0,0,1,12,33617,6,1,0,0,3,0,72,999,0,3,1,0,0,11,2013,3,2014,0,0,0,0,0,5,3,45,1,1,8,1,0,0,1,51,99,1,1,24,0,1
12,120687,2,2,1,3,5,22,58,12,1,1,0,99,9,99,709,99709,81,2015,999999999999,9,9,9,9,9,9,9,9,9,9,9,9,0,0,0,000000000,00000000000,0,0,0,1,0,0,0,0,0,0,0,30,0,0,0,6,6,2,12,0,0,0,1,12,33619,3,1,0,0,2,0,71,999,0,0,0,0,0,0,0,0,0,0,0,0,0,0,5,3,45,1,1,8,1,0,0,1,53,99,1,1,25,1,0
12,120688,1,1,1,4,5,21,32,15,0,1,0,12,1,20,4,20004,1,2004,1G1YY32G7451,1,G,1,Y,Y,3,2,G,7,4,5,1,0,0,0,000000000,00000000000,0,0,0,1,0,0,0,0,0,0,0,45,0,0,0,12,6,2,15,0,0,0,1,12,34251,6,1,0,0,3,0,77,999,0,0,0,0,0,0,0,0,0,0,0,0,0,0,3,2,45,1,1,8,1,0,0,1,80,1,1,1,13,0,0
12,120689,1,1,1,4,5,10,45,3,0,1,0,9,1,69,54,69054,3,2011,WMWSV3C58BTY,W,M,W,S,V,3,C,5,8,B,T,Y,0,0,0,000000000,00000000000,0,0,0,1,0,0,0,0,0,0,0,25,0,1,6,0,6,2,3,0,0,0,1,9,6897,6,1,0,0,3,0,67,999,98,0,0,0,0,0,0,0,0,0,6,0,0,0,1,2,25,1,1,2,1,0,0,1,98,1,1,4,0,1,1
12,120690,1,1,1,4,5,2,50,42,0,1,0,12,1,20,481,20481,31,2007,2GCEK1908716,2,G,C,E,K,1,9,0,8,7,1,6,0,0,0,000000000,00000000000,0,0,0,1,0,0,0,0,0,0,0,55,0,0,0,3,6,2,42,0,0,0,1,12,32347,6,1,0,0,3,3,69,999,0,0,0,1,0,10,2012,10,2012,0,28,0,0,0,1,2,55,3,1,8,1,0,0,14,12,6,4,4,7,1,1
12,120691,1,2,1,4,5,14,3,12,2,1,0,12,1,37,706,37706,80,2007,JH2SC57087M3,J,H,2,S,C,5,7,0,8,7,M,3,0,0,0,000000000,00000000000,0,0,0,1,0,0,0,0,0,0,0,50,0,0,0,12,6,2,12,0,0,0,1,12,33825,6,1,0,0,3,0,67,999,0,1,0,1,1,4,2012,4,2014,0,39,0,0,0,1,2,45,1,1,8,1,20,3,1,17,99,1,1,83,1,0
12,120691,2,2,1,4,5,14,3,12,2,1,0,12,2,63,402,63402,14,2012,5XYKU3A66CG2,5,X,Y,K,U,3,A,6,6,C,G,2,0,0,0,000000000,00000000000,0,0,0,1,0,0,0,0,0,0,0,20,0,0,0,12,6,2,12,0,0,0,1,12,33870,6,1,0,0,3,0,64,999,0,0,0,0,0,0,0,0,0,0,0,0,0,0,1,2,30,1,1,8,1,20,3,11,66,99,1,1,82,0,0
12,120692,1,2,2,4,5,16,8,12,6,1,0,12,2,37,441,37441,20,2003,5FNRL189X3B0,5,F,N,R,L,1,8,9,X,3,B,0,0,0,0,000000000,00000000000,0,0,0,1,0,0,0,0,0,0,0,10,0,0,0,4,4,5,12,0,0,0,1,12,32221,6,1,0,0,3,0,65,999,0,0,0,0,0,0,0,0,0,0,38,0,0,0,3,4,45,1,1,8,1,3,3,11,15,1,1,1,68,0,0
12,120692,2,2,2,4,5,16,8,12,6,1,0,12,1,76,706,76706,80,2006,JYAVP17E66A0,J,Y,A,V,P,1,7,E,6,6,A,0,0,0,0,000000000,00000000000,0,0,0,1,0,0,0,0,0,0,0,40,0,0,0,12,6,2,12,0,0,0,1,12,32217,6,1,0,0,3,0,71,999,0,0,0,0,0,0,0,0,0,0,0,0,0,0,3,4,45,1,1,8,1,3,3,1,62,3,1,1,69,1,0
12,120693,1,1,3,4,5,11,15,9,0,1,0,12,1,51,47,51047,4,2004,YV1RS61T8423,Y,V,1,R,S,6,1,T,8,4,2,3,0,0,0,000000000,00000000000,0,0,0,1,0,0,0,0,0,0,0,45,0,0,0,12,4,5,9,0,0,0,1,12,33912,6,1,0,0,3,0,69,999,0,1,0,0,1,7,2013,4,2014,0,0,0,0,0,3,5,50,1,1,8,1,0,0,1,83,99,1,1,13,0,0
12,120694,1,1,1,5,5,5,39,32,0,1,0,12,1,12,481,12481,31,2000,1FTZF1723YNB,1,F,T,Z,F,1,7,2,3,Y,N,B,0,0,0,000000000,00000000000,0,0,0,1,0,0,0,0,0,0,0,62,0,1,5,14,6,2,1,0,0,0,1,12,33948,6,1,0,0,3,0,76,999,0,0,0,1,1,7,2012,11,2013,0,0,0,0,0,2,1,55,1,1,8,1,0,0,1,13,1,1,4,1,1,0
12,120695,1,1,1,5,5,1,44,42,0,1,0,12,2,20,481,20481,31,2010,3GCRCSE0XAG1,3,G,C,R,C,S,E,0,X,A,G,1,0,0,0,000000000,00000000000,0,0,0,1,0,0,0,0,0,0,0,59,0,0,0,12,6,2,42,0,0,0,1,12,33974,6,1,0,0,3,0,74,999,0,0,0,2,2,8,2011,3,2014,0,6,0,0,0,1,2,45,1,1,2,1,0,0,99,9,99,1,4,6,1,1
12,120696,1,1,1,5,5,22,22,8,0,1,0,12,1,2,404,2404,14,2000,1J4G258N9YC3,1,J,4,G,2,5,8,N,9,Y,C,3,0,0,0,000000000,00000000000,0,0,0,1,0,0,0,0,0,0,0,45,0,0,0,12,6,2,8,0,0,0,1,12,33634,6,1,0,0,3,0,76,999,0,1,0,0,0,3,2014,3,2014,0,0,0,0,0,3,6,45,1,1,8,1,3,3,1,80,99,1,1,13,0,0
12,120697,1,1,1,5,5,15,28,33,0,1,0,12,1,12,481,12481,31,2005,1FTPW125X5FB,1,F,T,P,W,1,2,5,X,5,F,B,0,0,0,000000000,00000000000,0,0,0,1,0,0,0,0,0,0,0,65,0,0,0,12,6,2,8,0,0,0,1,12,32570,6,1,0,0,3,3,70,999,1,0,0,0,0,6,2013,6,2013,0,6,0,0,0,5,5,35,1,1,8,1,97,8,1,13,99,1,4,1,0,0
12,120698,1,2,1,5,5,9,5,12,6,1,0,12,1,14,6,14006,4,2000,2MEFM75W7YX7,2,M,E,F,M,7,5,W,7,Y,X,7,0,0,0,000000000,00000000000,0,0,0,1,0,0,0,0,0,0,0,998,0,0,0,83,6,2,12,0,0,0,1,12,33810,6,1,0,0,3,3,70,999,0,0,0,0,0,0,0,0,0,0,38,0,0,0,3,3,45,1,1,8,1,0,0,11,15,99,1,1,68,0,0
12,120698,2,2,1,5,5,9,5,12,6,1,0,41,3,73,705,73705,80,2008,JKAZX4P148A0,J,K,A,Z,X,4,P,1,4,8,A,0,0,0,0,000000000,00000000000,0,0,0,1,0,0,0,0,0,0,0,998,0,0,0,12,6,2,12,0,0,0,1,12,33810,6,1,0,0,3,3,68,999,0,0,0,0,0,0,0,0,0,4,0,0,0,0,3,3,45,1,1,8,1,0,0,1,62,99,1,1,69,1,0
12,120699,1,2,1,6,5,21,53,12,6,1,0,12,1,6,54,6054,6,2004,2C8GF68484R3,2,C,8,G,F,6,8,4,8,4,R,3,0,0,0,000000000,00000000000,0,0,0,1,0,0,0,0,0,0,0,5,0,0,0,12,6,2,12,0,0,0,1,12,34983,6,1,0,0,3,3,67,999,0,0,0,0,0,0,0,0,0,0,0,0,0,0,3,4,40,1,1,8,1,3,3,11,15,99,1,1,68,0,0
12,120699,2,2,3,6,5,21,53,12,6,1,0,12,1,6,52,6052,6,2004,3C4FY48B14T3,3,C,4,F,Y,4,8,B,1,4,T,3,0,0,0,000000000,00000000000,0,0,0,1,0,0,0,0,0,0,0,40,0,0,0,11,6,2,12,0,0,0,1,12,34953,6,1,0,0,3,0,67,999,0,0,0,0,0,0,0,0,0,0,0,0,0,0,3,3,40,1,1,8,1,3,3,1,62,99,1,1,69,2,0
12,120700,1,1,1,6,5,5,25,24,0,1,0,12,3,87,898,87898,63,1971,40178P,4,0,1,7,8,P,,,,,,,1,1,12,249514,12249514,3,4,97,1,0,0,0,0,0,0,0,65,0,1,3,11,6,2,1,0,0,0,1,12,34753,6,1,6,0,3,0,72,999,0,0,0,0,0,0,0,0,0,4,6,0,0,0,6,1,65,2,1,2,1,0,0,14,12,99,1,4,6,1,0
12,120701,1,1,1,6,5,10,43,9,0,1,0,12,1,12,24,12024,6,2008,2FMDK38C08BA,2,F,M,D,K,3,8,C,0,8,B,A,0,0,0,000000000,00000000000,0,0,0,1,0,0,0,0,0,0,0,30,0,0,0,12,4,3,9,0,0,0,1,12,34736,6,1,0,0,3,0,66,999,0,0,0,0,0,0,0,0,0,0,0,0,0,0,3,3,45,1,1,8,1,0,0,1,83,99,1,1,13,0,0
12,120702,1,1,1,6,5,23,30,34,0,1,0,12,1,59,34,59034,4,1999,JT8BD68SXX00,J,T,8,B,D,6,8,S,X,X,0,0,0,0,0,000000000,00000000000,0,0,0,1,0,0,0,0,0,0,0,55,0,0,0,12,6,2,32,0,0,0,1,12,32259,6,1,0,0,3,3,74,999,0,0,0,0,0,0,0,0,0,0,28,0,0,0,1,2,55,3,1,8,1,0,0,14,13,99,1,4,1,1,1
12,120703,1,1,1,6,5,21,28,9,0,1,0,12,1,14,6,14006,4,2001,2MEFM75W71X6,2,M,E,F,M,7,5,W,7,1,X,6,0,0,0,000000000,00000000000,0,0,0,1,0,0,0,0,0,0,0,45,0,0,0,12,6,2,9,0,0,0,1,12,32216,6,1,6,0,3,3,76,999,1,0,0,0,0,1,2013,1,2013,0,0,0,0,0,2,3,45,1,1,8,1,0,0,1,83,99,1,1,13,0,0
12,120704,1,1,1,6,5,15,55,1,0,1,0,12,1,98,734,98734,90,2002,4XACH50AX2C6,4,X,A,C,H,5,0,A,X,2,C,6,0,0,0,000000000,00000000000,0,0,0,1,0,0,0,0,0,0,0,30,0,1,1,0,4,3,1,0,0,0,1,12,32536,3,1,0,0,2,0,72,999,0,0,0,0,0,0,0,0,0,0,6,0,0,0,1,2,30,1,1,4,1,0,0,1,9,99,4,1,98,1,0
12,120705,1,2,1,6,5,10,30,12,7,1,0,12,2,98,701,98701,88,2010,LHJTLB2F8ABL,L,H,J,T,L,B,2,F,8,A,B,L,0,0,0,000000000,00000000000,0,0,0,1,0,0,0,0,0,0,0,0,0,0,0,9,6,2,12,0,0,0,1,12,32806,6,1,0,0,3,3,71,999,0,0,0,0,0,0,0,0,0,0,0,0,0,0,1,5,40,1,1,2,1,0,0,1,52,99,1,1,74,1,0
12,120705,2,2,1,6,5,10,30,12,7,1,0,12,3,86,890,86890,63,2007,1M2AG11C27M0,1,M,2,A,G,1,1,C,2,7,M,0,0,0,77,777777777,77777777777,3,2,7,1,0,0,0,0,0,0,0,15,0,0,0,3,2,3,12,0,0,0,1,12,32818,6,1,6,0,3,3,69,999,0,0,0,0,0,0,0,0,0,0,0,0,0,0,1,5,40,1,1,2,1,0,0,10,16,99,1,1,74,0,0
12,120706,1,1,1,6,5,21,45,8,0,1,1,12,1,49,472,49472,30,2010,3TMJU4GN2AM1,3,T,M,J,U,4,G,N,2,A,M,1,0,0,0,000000000,00000000000,0,0,0,1,0,0,0,0,0,0,0,999,0,0,0,12,4,5,8,0,0,0,1,12,32226,6,1,0,0,3,0,70,999,1,0,0,0,0,6,2012,6,2012,9,6,0,0,0,1,2,45,3,1,2,1,0,0,14,80,99,1,9,13,0,0
12,120707,1,1,1,7,5,16,25,9,0,1,0,12,1,7,482,7482,31,2013,1C6RR6LT6DS7,1,C,6,R,R,6,L,T,6,D,S,7,0,0,0,000000000,00000000000,0,0,0,1,0,0,0,0,0,0,0,50,0,0,0,12,4,3,9,0,0,0,1,12,32968,6,1,0,0,3,0,65,999,0,0,0,0,0,0,0,0,0,0,0,0,0,0,3,3,55,2,1,8,1,0,0,14,8,1,1,4,13,0,0
12,120708,1,1,1,8,5,21,46,8,0,1,0,12,1,20,471,20471,30,1995,1GCCS1940S81,1,G,C,C,S,1,9,4,0,S,8,1,0,0,0,000000000,00000000000,0,0,0,1,0,0,0,0,0,0,0,35,0,0,0,12,4,5,8,0,0,0,1,12,33023,6,1,0,0,3,3,74,999,0,0,0,0,0,0,0,0,0,0,0,0,0,0,3,3,45,1,1,8,1,0,0,1,80,99,1,1,13,0,0
12,120709,1,1,1,8,5,21,0,8,0,1,0,12,1,20,482,20482,31,2004,3GNEK12T64GZ,3,G,N,E,K,1,2,T,6,4,G,Z,0,0,0,000000000,00000000000,0,0,0,1,0,0,0,0,0,0,0,5,0,0,0,12,0,5,8,0,0,0,1,12,32233,6,1,0,0,3,0,71,999,0,0,0,0,1,6,2012,6,2012,0,0,0,0,0,0,0,0,0,0,0,0,20,3,1,80,99,1,1,13,0,0
12,120710,1,2,1,9,5,18,40,12,2,1,0,12,1,37,706,37706,80,2006,JH2SC57016M2,J,H,2,S,C,5,7,0,1,6,M,2,0,0,0,000000000,00000000000,0,0,0,1,0,0,0,0,0,0,0,35,0,0,0,12,6,2,12,0,0,0,1,13,31705,6,1,0,0,3,0,72,180,98,1,0,0,0,2,2013,2,2013,0,39,0,0,0,1,2,35,1,5,8,1,20,3,1,17,99,1,1,90,1,0
12,120710,2,2,2,9,5,18,40,12,2,1,0,12,2,63,38,63038,4,2012,KNAFU4A24C55,K,N,A,F,U,4,A,2,4,C,5,5,0,0,0,000000000,00000000000,0,0,0,1,0,0,0,0,0,0,0,30,0,0,0,12,6,2,12,0,0,0,1,12,32277,6,1,0,0,3,0,66,999,0,0,0,1,0,5,2012,5,2012,0,0,0,0,0,6,1,35,1,6,8,1,0,0,1,66,99,1,1,90,0,0
12,120711,1,2,1,9,5,17,6,12,2,1,0,12,2,2,404,2404,14,1999,1J4FT68S3XL5,1,J,4,F,T,6,8,S,3,X,L,5,0,0,0,000000000,00000000000,0,0,0,1,0,0,0,0,0,0,0,45,0,0,0,12,6,2,12,0,0,0,1,12,32907,6,1,0,0,3,0,74,999,0,2,0,2,0,8,2012,6,2013,0,6,0,0,0,5,7,45,1,1,8,1,0,0,1,10,99,1,2,50,1,0
12,120711,2,2,2,9,5,17,6,12,2,1,0,12,1,2,404,2404,14,2008,1J8GR48K78C1,1,J,8,G,R,4,8,K,7,8,C,1,0,0,0,000000000,00000000000,0,0,0,1,0,0,0,0,0,0,0,45,0,0,0,12,6,2,12,0,0,0,1,12,32905,6,1,0,0,3,0,68,999,0,0,0,0,0,0,0,0,0,0,0,0,0,0,5,7,45,1,1,8,1,0,0,1,62,7,1,1,51,0,0
12,120712,1,2,1,10,5,20,57,12,6,1,0,12,1,37,441,37441,20,2000,2HKRL1867YH5,2,H,K,R,L,1,8,6,7,Y,H,5,0,0,0,000000000,00000000000,0,0,0,1,0,0,0,0,0,0,0,3,0,0,0,7,4,3,12,0,0,0,1,12,32145,6,1,0,0,3,3,63,999,1,1,0,0,0,3,2013,2,2014,0,31,0,0,0,0,0,0,0,0,0,0,0,0,13,98,1,1,1,92,0,0
12,120712,2,2,1,10,5,20,57,12,6,1,0,12,2,37,705,37705,80,1995,JH2PC250XSM4,J,H,2,P,C,2,5,0,X,S,M,4,0,0,0,000000000,00000000000,0,0,0,1,0,0,0,0,0,0,0,45,0,0,0,12,6,2,12,0,0,0,1,12,32145,6,1,0,0,2,0,65,999,0,0,0,0,0,0,0,0,0,3,0,0,0,0,1,2,25,1,1,8,1,0,0,1,71,99,1,1,93,1,1
12,120713,1,2,2,17,1,10,33,12,98,1,0,12,2,20,20,20020,4,1997,2G1WL52M0V11,2,G,1,W,L,5,2,M,0,V,1,1,0,0,0,000000000,00000000000,0,0,0,1,0,0,0,0,0,0,0,1,0,0,0,98,6,2,12,0,0,0,1,12,33023,6,1,0,0,3,0,62,999,0,0,0,0,0,0,0,0,0,0,39,0,0,0,1,2,98,1,1,8,1,20,3,1,17,99,1,1,91,1,0
12,120713,2,2,2,17,1,10,33,12,98,1,0,12,1,7,25,7025,5,2007,1B3HB48B97D3,1,B,3,H,B,4,8,B,9,7,D,3,0,0,0,000000000,00000000000,0,0,0,1,0,0,0,0,0,0,0,35,0,0,0,12,6,2,12,0,0,0,1,12,33014,6,1,0,0,3,0,60,999,0,0,0,0,0,0,0,0,0,0,0,0,0,0,1,2,35,1,1,8,1,0,0,1,66,99,1,1,91,0,0
12,120714,1,2,3,9,2,11,28,12,6,1,0,12,3,12,481,12481,31,2007,1FTPW12V77KB,1,F,T,P,W,1,2,V,7,7,K,B,0,0,0,000000000,00000000000,0,0,0,1,0,0,0,0,0,0,0,998,0,0,0,4,4,3,12,0,0,0,1,12,34771,6,1,6,0,3,3,69,999,0,0,0,0,0,0,0,0,0,0,38,0,0,0,3,3,55,1,1,8,1,0,0,11,15,99,1,1,68,0,0
12,120714,2,2,1,9,2,11,28,12,6,1,0,12,1,72,706,72706,80,2008,1HD1BW5448Y0,1,H,D,1,B,W,5,4,4,8,Y,0,0,0,0,000000000,00000000000,0,0,0,1,0,0,0,0,0,0,0,998,0,0,0,12,6,2,12,0,0,0,1,12,34744,6,1,0,0,3,3,66,999,0,0,0,0,0,0,0,0,0,0,0,0,0,0,3,4,55,1,1,8,1,0,0,1,62,99,1,1,69,1,0
12,120715,1,1,1,20,2,14,0,59,0,1,0,12,2,21,2,21002,4,1997,1G3HN52K4V48,1,G,3,H,N,5,2,K,4,V,4,8,0,0,0,000000000,00000000000,0,0,0,1,0,0,0,0,0,0,0,80,0,1,3,12,6,2,1,0,0,0,1,12,32119,6,1,0,0,3,3,66,999,0,0,0,0,0,0,0,0,0,0,28,0,0,0,2,2,70,1,1,2,1,28,3,1,13,99,1,4,1,1,0
12,120716,1,1,1,18,4,21,30,53,0,1,0,12,3,12,401,12401,14,1998,1FMZU32X8WUD,1,F,M,Z,U,3,2,X,8,W,U,D,0,0,0,000000000,00000000000,0,0,0,1,0,0,0,0,0,0,0,30,0,1,5,9,6,2,42,0,0,0,1,12,32547,6,1,0,0,3,0,76,999,0,0,0,0,0,0,0,0,0,0,58,0,0,0,1,2,25,3,1,8,1,0,0,14,12,6,1,4,6,1,1
12,120717,1,1,1,25,4,21,30,8,0,1,0,12,1,2,405,2405,14,2003,1J4GK48KX3W6,1,J,4,G,K,4,8,K,X,3,W,6,0,0,0,000000000,00000000000,0,0,0,1,0,0,0,0,0,0,0,20,0,0,0,12,2,3,8,0,0,0,1,12,34453,6,1,0,0,3,3,65,999,0,0,0,2,0,4,2012,5,2012,0,0,0,0,0,1,2,25,1,1,8,1,0,0,1,80,99,1,1,13,0,1
12,120718,1,2,2,26,4,21,32,12,6,1,1,12,2,2,405,2405,14,2003,1J8GK58K93W5,1,J,8,G,K,5,8,K,9,3,W,5,0,0,0,000000000,00000000000,0,0,0,1,0,0,0,0,0,0,0,20,0,0,0,3,6,2,12,0,0,0,1,12,33155,6,1,0,0,3,0,63,999,0,0,0,1,0,3,2012,3,2012,0,38,0,0,0,1,5,40,1,1,8,1,0,0,11,15,1,1,1,68,0,0
12,120718,2,2,1,26,4,21,32,12,6,1,0,12,1,37,705,37705,80,2006,JH2PC37046M3,J,H,2,P,C,3,7,0,4,6,M,3,0,0,0,000000000,00000000000,0,0,0,1,0,0,0,0,0,0,0,40,0,0,0,12,6,2,12,0,0,0,1,12,33135,1,1,0,0,2,0,69,999,2,3,0,2,0,5,2011,3,2014,0,0,0,0,0,1,5,40,1,1,8,1,0,0,1,62,99,1,1,69,1,0
12,120719,1,2,2,10,4,23,48,8,0,1,0,12,2,37,31,37031,4,2000,1HGEJ6671YL0,1,H,G,E,J,6,6,7,1,Y,L,0,0,0,0,000000000,00000000000,0,0,0,1,0,0,0,0,0,0,0,45,0,0,0,12,4,3,8,0,0,0,1,12,32825,6,1,0,0,3,3,59,999,0,1,0,0,0,1,2013,1,2013,0,0,0,0,0,3,4,45,1,1,8,1,0,0,1,80,1,1,1,13,0,0
12,120719,2,2,2,10,4,23,48,8,0,1,0,12,1,49,40,49040,4,1998,4T1BG22K1WU2,4,T,1,B,G,2,2,K,1,W,U,2,0,0,0,000000000,00000000000,0,0,0,1,0,0,0,0,0,0,0,45,0,0,0,14,0,5,8,0,0,0,1,12,32822,6,1,0,0,3,0,69,999,1,0,0,0,1,12,2012,2,2013,0,0,0,0,0,3,4,45,1,1,8,1,3,3,1,80,99,1,1,98,0,0
12,120720,1,1,2,7,5,14,0,8,0,1,0,12,1,19,5,19005,2,2002,1G6EL12Y12B1,1,G,6,E,L,1,2,Y,1,2,B,1,0,0,0,000000000,00000000000,0,0,0,1,0,0,0,0,0,0,0,45,0,0,0,12,6,2,8,0,0,0,1,12,32804,6,1,0,0,3,0,69,999,0,0,0,0,0,0,0,0,0,0,0,0,0,0,5,5,45,1,1,8,1,0,0,1,80,1,1,1,13,0,0
12,120721,1,2,1,7,5,18,50,12,1,1,0,12,2,73,705,73705,80,2007,JKAEXEA107A0,J,K,A,E,X,E,A,1,0,7,A,0,0,0,0,000000000,00000000000,0,0,0,1,0,0,0,0,0,0,0,60,0,0,0,12,6,2,12,0,0,0,1,12,33534,1,1,0,0,2,0,65,999,0,9,0,0,1,5,2011,8,2013,0,6,0,0,0,2,2,45,3,1,8,1,0,0,15,51,99,1,1,24,1,0
12,120721,2,2,1,7,5,18,50,12,1,1,0,12,2,7,482,7482,31,2001,1B7HC13YX1J2,1,B,7,H,C,1,3,Y,X,1,J,2,0,0,0,000000000,00000000000,0,0,0,1,0,0,0,0,0,0,0,45,0,0,0,6,6,8,12,0,0,0,1,12,33534,6,1,6,0,3,3,70,999,0,1,0,0,1,11,2011,6,2012,0,0,0,0,0,2,2,45,3,1,8,1,0,0,14,53,99,1,1,25,0,0
12,120722,1,1,4,7,5,19,10,30,0,1,0,12,2,12,422,12422,15,1999,1FMRU17L5XLA,1,F,M,R,U,1,7,L,5,X,L,A,0,0,0,000000000,00000000000,0,0,0,1,0,0,0,0,0,0,0,65,0,1,5,3,6,2,1,0,0,0,1,12,32244,3,1,0,0,2,0,67,999,0,0,0,0,0,0,0,0,0,0,0,0,0,0,3,3,65,1,1,8,1,0,0,1,9,99,1,4,1,1,0
12,120723,1,1,1,10,5,2,30,1,0,1,0,12,1,22,403,22403,14,2008,2CKDL33F3860,2,C,K,D,L,3,3,F,3,8,6,0,0,0,0,000000000,00000000000,0,0,0,1,0,0,0,0,0,0,0,65,0,1,5,0,6,2,1,0,0,0,1,12,34472,6,1,0,0,3,3,64,999,0,0,0,1,0,6,2013,6,2013,3,6,58,0,0,1,2,45,1,1,2,1,0,0,1,13,6,3,4,2,1,0
12,120724,1,2,1,10,5,2,0,12,2,1,0,12,1,37,31,37031,2,2004,1HGEM22564L0,1,H,G,E,M,2,2,5,6,4,L,0,0,0,0,000000000,00000000000,0,0,0,1,0,0,0,0,0,0,0,68,0,0,0,12,6,2,12,0,0,0,1,12,32246,6,1,0,0,3,0,64,999,0,0,0,0,0,0,0,0,0,0,51,0,0,0,2,2,55,1,1,8,1,0,0,1,54,99,1,1,52,1,1
12,120724,2,2,4,10,5,2,0,12,2,1,0,12,3,20,2,20002,4,2014,1G1115SL8EU1,1,G,1,1,1,5,S,L,8,E,U,1,0,0,0,000000000,00000000000,0,0,0,1,0,0,0,0,0,0,0,46,0,0,0,12,6,2,12,0,0,0,1,12,32303,6,1,0,0,3,3,67,999,0,0,0,0,1,1,2014,1,2014,0,0,0,0,0,2,2,55,1,1,8,1,0,0,1,54,99,1,1,52,0,0
12,120725,1,2,2,10,5,11,45,12,6,1,0,12,4,12,23,12023,4,2014,3FA6P0H92ER2,3,F,A,6,P,0,H,9,2,E,R,2,0,0,0,000000000,00000000000,0,0,0,1,0,0,0,0,0,0,0,15,0,0,0,9,6,2,12,0,0,0,1,20,67235,6,1,0,0,3,0,72,999,0,0,0,0,0,0,0,0,0,0,38,0,0,0,1,2,30,1,1,8,1,20,3,11,15,1,1,1,82,1,0
12,120725,2,2,1,10,5,11,45,12,6,1,0,12,1,55,401,55401,14,2007,5NMSH73E67H0,5,N,M,S,H,7,3,E,6,7,H,0,0,0,0,000000000,00000000000,0,0,0,1,0,0,0,0,0,0,0,50,0,0,0,12,6,2,12,0,0,0,1,12,32164,6,1,0,0,3,0,64,999,0,0,0,0,0,0,0,0,0,0,0,0,0,0,2,2,50,1,1,8,1,0,0,1,67,99,1,1,83,0,0
12,120726,1,1,1,10,5,11,32,1,0,1,0,12,1,72,706,72706,80,1982,1HD1EAK14CY1,1,H,D,1,E,A,K,1,4,C,Y,1,0,0,0,000000000,00000000000,0,0,0,1,0,0,0,0,0,0,0,45,0,0,0,0,2,3,1,0,0,0,1,12,32060,4,1,0,0,2,3,73,999,0,0,0,0,0,0,0,0,0,0,0,0,0,0,3,4,45,1,1,8,1,28,3,1,98,99,2,1,98,1,0