STATE,ST_CASE,VEH_NO,VE_FORMS,NUMOCCS,DAY,MONTH,HOUR,MINUTE,HARM_EV,MAN_COLL,UNITTYPE,HIT_RUN,REG_STAT,OWNER,MAKE,MODEL,MAK_MOD,BODY_TYP,MOD_YEAR,VIN,VIN_1,VIN_2,VIN_3,VIN_4,VIN_5,VIN_6,VIN_7,VIN_8,VIN_9,VIN_10,VIN_11,VIN_12,TOW_VEH,J_KNIFE,MCARR_I1,MCARR_I2,MCARR_ID,GVWR,V_CONFIG,CARGO_BT,HAZ_INV,HAZ_PLAC,HAZ_ID,HAZ_CNO,HAZ_REL,BUS_USE,SPEC_USE,EMER_USE,TRAV_SP,UNDERIDE,ROLLOVER,ROLINLOC,IMPACT1,DEFORMED,TOWED,M_HARM,VEH_SC1,VEH_SC2,FIRE_EXP,DR_PRES,L_STATE,DR_ZIP,L_STATUS,L_TYPE,CDL_STAT,L_ENDORS,L_COMPL,L_RESTRI,DR_HGT,DR_WGT,PREV_ACC,PREV_SUS,PREV_DWI,PREV_SPD,PREV_OTH,FIRST_MO,FIRST_YR,LAST_MO,LAST_YR,SPEEDREL,DR_SF1,DR_SF2,DR_SF3,DR_SF4,VTRAFWAY,VNUM_LAN,VSPD_LIM,VALIGN,VPROFILE,VPAVETYP,VSURCOND,VTRAFCON,VTCONT_F,P_CRASH1,P_CRASH2,P_CRASH3,PCRASH4,PCRASH5,ACC_TYPE,DEATHS,DR_DRINK
12,120807,1,1,1,29,5,10,40,8,0,1,0,12,2,12,3,12003,2,2010,1ZVBP8ANXA51,1,Z,V,B,P,8,A,N,X,A,5,1,0,0,0,000000000,00000000000,0,0,0,1,0,0,0,0,0,0,0,35,0,0,0,12,0,5,8,0,0,0,1,12,32208,6,1,0,0,3,0,62,999,0,0,0,0,0,0,0,0,0,0,0,0,0,0,1,5,40,1,1,8,1,0,0,1,80,1,1,1,13,0,0
12,120808,1,2,2,30,5,21,30,12,6,1,0,12,1,20,444,20444,20,2006,1GBDV13L46D1,1,G,B,D,V,1,3,L,4,6,D,1,0,0,0,000000000,00000000000,0,0,0,1,0,0,0,0,0,0,0,55,0,0,0,3,6,2,12,0,0,0,1,12,32953,6,1,0,0,3,0,72,999,0,0,0,2,0,8,2013,12,2013,0,6,0,0,0,1,2,45,3,1,8,2,0,0,14,10,1,4,2,66,1,0
12,120808,2,2,3,30,5,21,30,12,6,1,0,12,2,20,481,20481,31,2008,3GCEK133X8G2,3,G,C,E,K,1,3,3,X,8,G,2,0,0,0,000000000,00000000000,0,0,0,1,0,0,0,0,0,0,0,45,0,0,0,12,6,2,12,0,0,0,1,12,32110,6,1,0,0,3,3,64,999,0,0,0,0,0,0,0,0,0,0,0,0,0,0,1,2,45,1,1,8,2,0,0,1,62,99,1,1,66,0,0
12,120809,1,2,1,31,5,17,38,12,6,1,0,12,2,53,706,53706,80,2006,JS1GR7KA1621,J,S,1,G,R,7,K,A,1,6,2,1,0,0,0,000000000,00000000000,0,0,0,1,0,0,0,0,0,0,0,80,0,0,0,12,6,2,12,0,0,0,1,12,34209,1,1,0,0,2,3,69,999,1,3,0,0,1,6,2011,4,2014,3,39,0,0,0,2,3,45,1,1,8,1,3,3,1,17,99,1,1,86,1,1
12,120809,2,2,1,31,5,17,38,12,6,1,0,12,1,49,402,49402,14,2012,2T3ZF4DV3CW1,2,T,3,Z,F,4,D,V,3,C,W,1,0,0,0,000000000,00000000000,0,0,0,1,0,0,0,0,0,0,0,10,0,0,0,4,6,2,12,0,0,0,1,12,34209,6,1,0,0,3,3,67,999,0,0,0,0,0,0,0,0,0,0,0,0,0,0,1,2,25,1,1,8,1,3,3,1,66,99,1,1,87,0,0
12,120810,1,1,2,1,6,6,30,35,0,1,0,12,2,2,404,2404,14,2005,1J4GS48K55C6,1,J,4,G,S,4,8,K,5,5,C,6,0,0,0,000000000,00000000000,0,0,0,1,0,0,0,0,0,0,0,35,0,1,6,98,6,2,35,0,0,0,1,12,32958,6,1,0,0,3,0,64,999,0,0,0,0,0,0,0,0,0,0,28,0,0,0,1,2,35,1,1,8,1,0,0,1,12,6,1,4,1,1,1
12,120811,1,2,1,1,6,3,49,12,6,1,0,12,2,14,17,14017,4,2005,1MEFM55S95A6,1,M,E,F,M,5,5,S,9,5,A,6,0,0,0,000000000,00000000000,0,0,0,1,0,0,0,0,0,0,0,998,0,0,0,3,6,2,12,0,0,0,1,12,34475,6,1,0,0,3,0,77,999,0,0,0,0,0,0,0,0,0,0,58,6,28,0,1,2,35,3,5,8,1,0,0,14,13,6,1,2,64,1,1
12,120811,2,2,1,1,6,3,49,12,6,1,0,12,1,37,31,37031,2,1995,2HGEJ1128SH5,2,H,G,E,J,1,1,2,8,S,H,5,0,0,0,000000000,00000000000,0,0,0,1,0,0,0,0,0,0,0,30,0,0,0,12,6,2,12,0,0,0,1,12,32304,6,1,0,0,3,0,60,999,0,0,0,1,0,5,2012,5,2012,0,0,0,0,0,1,2,35,2,6,8,1,0,0,14,62,99,1,1,65,0,0
12,120812,1,2,1,2,6,21,6,12,6,1,0,12,2,12,22,12022,6,2005,1FMZK01125GA,1,F,M,Z,K,0,1,1,2,5,G,A,0,0,0,000000000,00000000000,0,0,0,1,0,0,0,0,0,0,0,15,0,0,0,11,6,2,12,0,0,0,1,12,32703,6,1,0,0,3,0,69,999,0,0,0,0,0,0,0,0,0,0,38,0,0,0,3,2,25,1,1,8,1,20,3,11,15,99,1,1,82,0,0
12,120812,2,2,2,2,6,21,6,12,6,1,0,12,1,37,706,37706,80,2012,JH2SC61N4CK0,J,H,2,S,C,6,1,N,4,C,K,0,0,0,0,000000000,00000000000,0,0,0,1,0,0,0,0,0,0,0,40,0,0,0,1,6,2,12,0,0,0,1,12,32712,6,1,0,0,3,3,71,999,0,0,0,1,0,9,2013,9,2013,0,0,0,0,0,3,3,40,1,1,8,1,0,0,1,67,99,1,1,83,1,0
12,120813,1,2,1,2,6,10,36,12,6,1,0,12,1,12,37,12037,4,2012,1FAHP3F21CL2,1,F,A,H,P,3,F,2,1,C,L,2,0,0,0,000000000,00000000000,0,0,0,1,0,0,0,0,0,0,0,8,0,0,0,10,6,2,12,0,0,0,1,12,33810,6,1,0,0,3,3,67,999,0,0,0,0,0,0,0,0,0,0,38,0,0,0,2,1,98,1,1,8,1,20,3,11,15,99,1,1,82,1,0
12,120813,2,2,1,2,6,10,36,12,6,1,0,12,2,12,402,12402,14,2003,1FMCU04103KB,1,F,M,C,U,0,4,1,0,3,K,B,0,0,0,000000000,00000000000,0,0,0,1,0,0,0,0,0,0,0,45,0,0,0,12,6,2,12,0,0,0,1,12,33809,6,1,0,0,3,0,64,999,1,0,0,1,1,9,2011,4,2013,0,0,0,0,0,2,2,45,1,1,8,1,0,0,1,67,99,1,1,83,0,0
12,120814,1,1,1,3,6,16,12,24,0,1,0,12,1,73,706,73706,80,2000,JKAZX4J16YA0,J,K,A,Z,X,4,J,1,6,Y,A,0,0,0,0,000000000,00000000000,0,0,0,1,0,0,0,0,0,0,0,55,0,0,0,98,6,2,24,0,0,0,1,12,33023,6,1,0,0,2,0,71,999,0,1,0,1,0,11,2012,8,2013,0,6,0,0,0,6,2,65,1,1,8,1,0,0,1,13,99,1,4,1,1,0
12,120815,1,1,1,3,6,16,40,8,0,1,0,51,2,7,442,7442,20,2000,2B4GP44G0YR5,2,B,4,G,P,4,4,G,0,Y,R,5,0,0,0,000000000,00000000000,0,0,0,1,0,0,0,0,0,0,0,45,0,0,0,13,4,3,8,0,0,0,1,12,33177,0,0,0,0,0,0,999,999,0,0,0,0,0,0,0,0,0,0,0,0,0,0,3,6,45,1,1,8,1,0,0,15,80,99,1,2,13,0,0
12,120816,1,1,1,3,6,20,58,15,0,1,0,12,1,49,402,49402,14,2013,2T3WFREV6DW0,2,T,3,W,F,R,E,V,6,D,W,0,0,0,0,000000000,00000000000,0,0,0,1,0,0,0,0,0,0,0,45,0,0,0,12,6,2,15,0,0,0,1,12,33781,6,1,0,0,3,3,66,999,0,0,0,0,0,0,0,0,0,0,0,0,0,0,3,3,45,1,1,8,1,0,0,1,83,99,1,1,13,0,0
12,120817,1,2,1,4,6,12,48,1,0,1,0,12,2,12,473,12473,30,2002,1FMZU63K12ZC,1,F,M,Z,U,6,3,K,1,2,Z,C,0,0,0,000000000,00000000000,0,0,0,1,0,0,0,0,0,0,0,55,0,1,1,0,6,2,12,0,0,0,1,12,32821,6,1,0,0,3,0,67,999,0,0,0,0,0,0,0,0,0,0,28,0,0,0,6,1,55,2,1,8,1,0,0,14,98,99,1,6,98,1,0
12,120817,2,2,1,4,6,12,48,1,0,1,0,12,3,49,32,49032,4,2014,5YFBURHE1EP0,5,Y,F,B,U,R,H,E,1,E,P,0,0,0,0,000000000,00000000000,0,0,0,1,0,0,0,0,0,0,0,65,0,0,0,12,6,2,12,0,0,0,1,12,32216,6,1,0,0,3,3,67,999,0,0,0,1,0,12,2011,12,2011,0,0,0,0,0,3,3,65,1,1,8,1,0,0,1,74,99,1,1,98,0,0
12,120818,1,1,1,5,6,0,0,42,0,1,0,12,2,30,46,30046,4,2000,WVWMD23B3YP3,W,V,W,M,D,2,3,B,3,Y,P,3,0,0,0,000000000,00000000000,0,0,0,1,0,0,0,0,0,0,0,65,0,1,6,12,6,2,42,0,0,0,1,12,34986,6,1,0,0,3,3,66,999,0,0,0,0,0,0,0,0,0,0,6,0,0,0,1,2,50,1,1,8,1,20,3,1,13,1,1,4,1,1,1
12,120819,1,1,1,5,6,10,50,30,0,1,0,12,1,12,401,12401,14,1995,1FMDU32X5SUB,1,F,M,D,U,3,2,X,5,S,U,B,0,0,0,000000000,00000000000,0,0,0,1,0,0,0,0,0,0,0,35,0,0,0,12,6,2,30,0,0,0,1,12,34698,6,1,0,0,3,0,66,999,0,0,0,0,0,0,0,0,0,0,0,0,0,0,3,2,45,2,1,8,1,0,0,15,13,99,1,4,1,1,1
12,120820,1,1,1,6,6,2,41,33,0,1,0,12,2,53,705,53705,80,2006,JS1GN7DA9621,J,S,1,G,N,7,D,A,9,6,2,1,0,0,0,000000000,00000000000,0,0,0,1,0,0,0,0,0,0,0,80,0,0,0,12,6,2,33,0,0,0,1,12,32205,1,1,0,0,2,0,70,999,0,6,0,1,0,10,2012,3,2014,0,6,0,0,0,1,2,30,2,6,8,1,0,0,14,12,99,1,4,6,1,1
12,120821,1,1,1,6,6,15,21,8,0,1,0,12,2,35,47,35047,4,2010,1N4AL2AP2AC1,1,N,4,A,L,2,A,P,2,A,C,1,0,0,0,000000000,00000000000,0,0,0,1,0,0,0,0,0,0,0,45,0,0,0,12,4,3,8,0,0,0,1,12,32221,6,1,0,0,3,3,64,999,0,0,0,1,0,6,2014,6,2014,0,0,0,0,0,3,2,45,1,1,8,1,0,0,1,80,99,1,1,13,0,0
12,120822,1,1,1,6,6,17,43,8,0,1,0,12,1,49,40,49040,4,1996,4T1BG12K5TU6,4,T,1,B,G,1,2,K,5,T,U,6,0,0,0,000000000,00000000000,0,0,0,1,0,0,0,0,0,0,0,50,0,0,0,12,6,2,8,0,0,0,1,12,32331,6,1,0,0,3,0,67,999,0,0,0,0,0,0,0,0,0,0,0,0,0,0,1,2,50,3,6,8,1,0,0,14,80,1,1,1,13,0,0
12,120823,1,2,1,6,6,20,57,12,1,1,0,12,1,35,39,35039,4,2013,1N4AA5AP0DC8,1,N,4,A,A,5,A,P,0,D,C,8,0,0,0,000000000,00000000000,0,0,0,1,0,0,0,0,0,0,0,70,0,1,1,12,6,2,1,0,0,0,1,12,33484,6,1,0,0,3,0,72,999,0,0,0,0,0,0,0,0,0,0,28,0,0,0,3,2,60,1,1,8,1,0,0,1,51,99,1,2,24,1,0
12,120823,2,2,2,6,6,20,57,12,1,1,0,12,3,85,884,85884,66,1994,1XKADR9X8RJ6,1,X,K,A,D,R,9,X,8,R,J,6,1,1,12,2186667,122186667,3,6,3,1,0,0,0,0,0,0,0,55,0,0,0,6,6,2,12,0,0,0,1,12,33013,6,1,6,0,3,0,65,999,4,4,0,1,0,11,2011,4,2014,0,0,0,0,0,3,2,60,1,1,8,1,0,0,1,53,99,1,1,25,0,0
12,120824,1,1,1,6,6,2,38,23,0,1,0,12,1,37,705,37705,80,2002,JH2PC350X2M3,J,H,2,P,C,3,5,0,X,2,M,3,0,0,0,000000000,00000000000,0,0,0,1,0,0,0,0,0,0,0,39,0,0,0,12,6,2,23,0,0,0,1,12,33166,6,1,6,0,3,0,68,999,0,0,0,1,0,2,2012,2,2012,0,6,0,0,0,6,1,30,3,1,8,1,0,0,14,12,99,1,4,6,1,0
12,120825,1,3,1,8,6,22,50,12,6,1,0,12,1,53,705,53705,80,2008,JS1GR7LA9821,J,S,1,G,R,7,L,A,9,8,2,1,0,0,0,000000000,00000000000,0,0,0,1,0,0,0,0,0,0,0,998,0,0,0,12,6,2,2,0,0,1,1,12,33850,6,1,0,0,2,0,71,999,0,1,0,0,0,6,2013,6,2013,3,36,0,0,0,3,3,40,1,1,8,6,3,3,1,62,99,1,1,69,1,0
12,120825,2,3,2,8,6,22,50,12,6,1,0,12,1,35,47,35047,4,2002,1N4AL11D92C1,1,N,4,A,L,1,1,D,9,2,C,1,0,0,0,000000000,00000000000,0,0,0,1,0,0,0,0,0,0,0,998,0,0,0,1,6,2,12,0,0,0,1,12,33881,6,1,0,0,3,3,68,999,0,0,0,0,0,0,0,0,0,0,0,0,0,0,3,3,40,1,1,8,6,3,3,11,15,99,1,1,68,0,0
12,120825,3,3,2,8,6,22,50,12,6,1,0,12,4,35,47,35047,4,2013,1N4AL3AP5DN5,1,N,4,A,L,3,A,P,5,D,N,5,0,0,0,000000000,00000000000,0,0,0,1,0,0,0,0,0,0,0,0,0,0,0,1,6,2,12,0,0,0,1,12,33850,6,1,0,0,3,0,69,999,0,0,0,0,1,11,2011,11,2011,0,0,0,0,0,1,2,40,1,1,8,6,3,3,5,67,1,1,1,98,0,0
12,120826,1,1,1,8,6,1,15,11,0,1,0,12,1,76,705,76705,80,1983,JYA22U007DA0,J,Y,A,2,2,U,0,0,7,D,A,0,0,0,0,000000000,00000000000,0,0,0,1,0,0,0,0,0,0,0,50,0,0,0,12,6,2,11,0,0,0,1,12,33801,6,1,0,0,2,3,73,999,0,0,0,0,0,0,0,0,0,0,0,0,0,0,2,2,55,1,1,8,1,0,0,1,87,1,1,1,13,1,0
12,120827,1,1,1,10,6,18,31,1,0,1,0,12,1,72,706,72706,80,2006,1HD1GP1106K3,1,H,D,1,G,P,1,1,0,6,K,3,0,0,0,000000000,00000000000,0,0,0,1,0,0,0,0,0,0,0,55,0,0,0,0,6,2,1,0,0,0,1,12,34685,6,1,0,0,3,0,72,999,0,0,0,0,0,0,0,0,0,0,6,0,0,0,1,2,45,3,1,8,1,0,0,14,13,1,1,4,1,1,1
12,120828,1,1,2,12,6,22,20,42,0,1,0,12,2,12,13,12013,4,1999,1FAFP13P2XW1,1,F,A,F,P,1,3,P,2,X,W,1,0,0,0,000000000,00000000000,0,0,0,1,0,0,0,0,0,0,0,60,0,0,0,3,6,2,42,0,0,0,1,12,32808,1,1,0,0,2,0,63,999,1,3,0,0,0,5,2013,10,2013,0,6,0,0,0,2,2,45,2,1,8,1,0,0,14,12,1,4,4,7,1,1
12,120829,1,1,1,13,6,18,35,38,0,1,0,12,1,49,402,49402,14,2007,JTMZD33VX760,J,T,M,Z,D,3,3,V,X,7,6,0,0,0,0,000000000,00000000000,0,0,0,1,0,0,0,0,0,0,0,60,0,0,0,12,6,2,42,0,0,0,1,12,32094,6,1,0,0,3,0,72,999,0,0,0,1,0,8,2011,8,2011,0,28,0,0,0,1,2,35,2,1,8,1,0,0,14,12,1,1,4,6,1,1
12,120830,1,2,1,16,2,6,45,12,6,1,0,12,1,35,47,35047,4,2005,1N4AL11E35C2,1,N,4,A,L,1,1,E,3,5,C,2,0,0,0,000000000,00000000000,0,0,0,1,0,0,0,0,0,0,0,60,0,0,0,12,6,2,30,0,0,0,1,12,32808,6,1,0,0,3,0,70,999,0,0,0,2,2,7,2011,1,2014,0,6,0,0,0,3,3,45,1,1,8,1,0,0,1,10,99,1,2,48,1,0
12,120830,2,2,4,16,2,6,45,12,6,1,0,12,1,37,402,37402,14,2008,JHLRE38528C0,J,H,L,R,E,3,8,5,2,8,C,0,0,0,0,000000000,00000000000,0,0,0,1,0,0,0,0,0,0,0,45,0,0,0,5,6,2,12,0,0,0,1,12,34711,6,1,0,0,3,0,65,999,0,0,0,1,0,2,2014,2,2014,0,0,0,0,0,3,3,45,1,1,8,1,0,0,1,61,99,1,1,48,0,0
12,120831,1,1,1,2,3,3,10,8,0,1,1,99,9,99,999,99999,99,9999,999999999999,9,9,9,9,9,9,9,9,9,9,9,9,0,0,0,000000000,00000000000,0,0,0,1,0,0,0,0,0,0,0,35,0,0,0,12,4,5,8,0,0,0,1,99,99999,9,9,99,9,9,9,999,999,99,99,99,99,99,99,9999,99,9999,0,39,0,0,0,1,3,35,1,1,8,1,2,3,1,80,99,1,1,13,0,0
12,120832,1,1,1,11,4,6,30,42,0,1,0,12,1,20,481,20481,31,1993,1GCEC14K8PZ1,1,G,C,E,C,1,4,K,8,P,Z,1,0,0,0,000000000,00000000000,0,0,0,1,0,0,0,0,0,0,0,55,0,0,0,12,6,2,42,0,0,0,1,12,34481,6,1,0,0,3,3,72,999,0,0,0,0,0,0,0,0,0,0,6,0,0,0,1,2,35,3,5,8,1,0,0,14,10,9,1,4,1,1,0
12,120833,1,1,4,12,4,7,45,33,0,1,0,12,2,59,34,59034,4,2006,JTHBN96S2650,J,T,H,B,N,9,6,S,2,6,5,0,0,0,0,000000000,00000000000,0,0,0,1,0,0,0,0,0,0,0,50,0,1,5,12,6,2,1,0,0,0,1,6,92129,6,1,0,0,3,3,63,999,0,0,0,0,0,0,0,0,0,0,6,0,0,0,1,4,35,3,5,8,1,0,0,15,13,99,1,4,1,1,0
12,120834,1,1,1,16,4,0,32,8,0,1,1,12,3,12,401,12401,14,2008,1FMEU31E88UA,1,F,M,E,U,3,1,E,8,8,U,A,0,0,0,000000000,00000000000,0,0,0,1,0,0,0,0,0,0,0,50,0,0,0,12,6,2,8,0,0,0,1,12,34239,6,1,0,0,3,0,66,999,0,0,0,1,1,5,2011,11,2012,0,36,0,0,0,5,6,35,1,1,8,1,0,0,1,13,99,1,4,1,0,0
12,120835,1,2,1,18,4,2,25,12,2,1,0,12,1,49,40,49040,4,2009,4T1BE46K09U3,4,T,1,B,E,4,6,K,0,9,U,3,0,0,0,000000000,00000000000,0,0,0,1,0,0,0,0,0,0,0,40,0,0,0,12,6,2,12,0,0,0,1,12,32311,6,1,0,0,3,0,64,999,0,0,0,0,0,0,0,0,0,0,6,38,0,0,2,2,45,1,5,8,2,3,3,11,15,99,1,1,82,0,1
12,120835,2,2,23,18,4,2,25,12,2,1,0,12,3,82,989,82989,50,2013,4UZABRDT5DCB,4,U,Z,A,B,R,D,T,5,D,C,B,0,0,88,888888888,88888888888,3,21,22,1,0,0,0,0,1,2,0,45,0,0,0,12,6,2,12,0,0,0,1,12,32305,6,1,6,0,3,0,66,999,0,0,0,0,0,0,0,0,0,0,0,0,0,0,2,2,45,1,6,8,2,3,3,1,67,99,1,1,83,1,0
12,120836,1,1,1,19,4,3,16,38,0,1,0,12,1,21,21,21021,4,2000,1G3NL52TXYC3,1,G,3,N,L,5,2,T,X,Y,C,3,0,0,0,000000000,00000000000,0,0,0,1,0,0,0,0,0,0,0,60,0,0,0,12,6,2,19,0,0,0,1,12,33607,6,1,0,0,3,0,62,999,0,2,0,0,0,11,2012,12,2013,0,8,0,0,0,1,2,25,1,1,8,1,20,3,1,14,99,1,4,14,0,0
12,120837,1,1,1,24,4,11,1,18,0,1,0,12,1,35,47,35047,4,2013,1N4AL3AP3DC2,1,N,4,A,L,3,A,P,3,D,C,2,0,0,0,000000000,00000000000,0,0,0,1,0,0,0,0,0,0,0,35,0,0,0,12,6,2,10,0,0,0,1,12,33437,6,1,0,0,3,0,70,999,0,0,0,0,0,0,0,0,0,0,38,59,0,0,3,4,35,1,1,8,1,65,3,1,90,99,1,1,15,1,0
12,120838,1,1,1,29,4,1,50,30,0,1,0,12,1,7,28,7028,2,2010,2B3CJ7DW5AH1,2,B,3,C,J,7,D,W,5,A,H,1,0,0,0,000000000,00000000000,0,0,0,1,0,0,0,0,0,0,0,80,0,0,0,12,6,2,30,0,0,0,1,12,32137,6,1,0,0,3,0,70,999,0,0,0,1,0,9,2011,9,2011,3,6,0,0,0,3,4,45,1,1,2,1,3,3,1,13,99,1,4,1,1,1
12,120839,1,2,2,8,5,21,32,12,1,1,0,12,1,98,701,98701,80,2012,RFVPMP202C10,R,F,V,P,M,P,2,0,2,C,1,0,0,0,0,000000000,00000000000,0,0,0,1,0,0,0,0,0,0,0,25,0,0,0,6,6,2,12,0,0,0,1,12,32668,6,1,0,0,2,0,72,999,0,0,0,0,0,0,0,0,0,0,0,0,0,0,3,2,65,1,1,8,1,0,0,1,53,99,1,1,25,1,0
12,120839,2,2,2,8,5,21,32,12,1,1,0,12,1,63,38,63038,2,2012,KNAFU6A27C56,K,N,A,F,U,6,A,2,7,C,5,6,0,0,0,000000000,00000000000,0,0,0,1,0,0,0,0,0,0,0,65,0,0,0,12,6,2,12,0,0,0,1,12,34743,6,1,0,0,3,0,71,999,0,1,0,0,0,11,2013,11,2013,0,0,0,0,0,3,2,65,1,1,8,1,0,0,1,51,99,1,1,24,0,0
12,120840,1,1,1,12,5,1,33,8,0,1,0,12,1,7,482,7482,31,1994,1B7KC26Z6RS5,1,B,7,K,C,2,6,Z,6,R,S,5,0,0,0,000000000,00000000000,0,0,0,1,0,0,0,0,0,0,0,46,0,0,0,12,2,3,8,0,0,0,1,12,33610,6,1,0,0,3,3,70,999,0,0,0,0,0,0,0,0,0,3,38,0,0,0,4,2,30,1,1,8,1,0,0,1,80,99,1,1,13,0,1
12,120841,1,1,1,20,5,16,43,9,0,1,0,12,1,7,482,7482,31,2012,3C6UD5NL1CG2,3,C,6,U,D,5,N,L,1,C,G,2,0,0,0,000000000,00000000000,0,0,0,1,0,0,0,0,0,0,0,5,0,0,0,12,4,3,9,0,0,0,1,12,33033,6,1,0,0,3,0,73,999,0,0,0,0,0,0,0,0,0,0,6,38,0,0,6,2,40,1,1,8,1,20,3,10,83,99,1,1,13,0,0
12,120842,1,1,1,31,5,8,56,18,0,1,0,12,1,49,32,49032,4,2014,2T1BURHE3EC0,2,T,1,B,U,R,H,E,3,E,C,0,0,0,0,000000000,00000000000,0,0,0,1,0,0,0,0,0,0,0,20,0,0,0,7,6,2,10,0,0,0,1,12,33484,6,1,0,0,3,3,66,999,0,0,0,0,0,0,0,0,0,0,39,0,0,0,2,4,20,1,1,8,1,65,3,11,15,99,1,1,15,1,0
12,120843,1,1,1,2,6,23,20,8,0,1,0,18,3,82,890,82890,66,2012,1FUJGEDR3CSB,1,F,U,J,G,E,D,R,3,C,S,B,1,1,26,309893,26309893,3,6,1,1,0,0,0,0,0,0,0,55,0,0,0,12,6,2,8,0,0,0,1,12,33809,6,1,6,3,3,3,73,999,0,0,0,0,0,0,0,0,0,0,0,0,0,0,2,2,55,1,1,8,1,0,0,1,80,99,1,1,13,0,0
12,120844,1,1,1,5,6,21,28,8,0,1,0,12,2,2,405,2405,14,2003,1J4GK48K53W6,1,J,4,G,K,4,8,K,5,3,W,6,0,0,0,000000000,00000000000,0,0,0,1,0,0,0,0,0,0,0,45,0,0,0,12,6,2,8,0,0,0,1,12,32526,6,1,0,0,3,0,74,999,0,0,0,0,0,0,0,0,0,0,0,0,0,0,2,2,45,1,5,8,1,0,0,1,80,99,1,1,13,0,0
12,120845,1,1,2,7,6,3,50,42,0,1,0,12,1,14,6,14006,4,1998,2MEFM75W0WX6,2,M,E,F,M,7,5,W,0,W,X,6,0,0,0,000000000,00000000000,0,0,0,1,0,0,0,0,0,0,0,80,0,0,0,9,6,2,42,0,0,0,1,12,32218,6,1,0,0,3,0,72,999,0,2,0,1,0,11,2012,1,2014,0,6,0,0,0,3,2,65,1,1,8,2,0,0,1,13,99,4,4,2,2,1
12,120846,1,1,1,7,6,20,37,8,0,1,1,12,1,12,481,12481,31,2005,1FTRX12WX5NA,1,F,T,R,X,1,2,W,X,5,N,A,0,0,0,000000000,00000000000,0,0,0,1,0,0,0,0,0,0,0,30,0,0,0,12,2,3,8,0,0,0,1,12,32801,6,1,6,0,3,0,71,999,1,0,0,0,0,4,2014,4,2014,0,0,0,0,0,1,2,35,1,1,8,1,0,0,1,80,99,1,1,13,0,1
12,120847,1,1,1,8,6,7,46,24,0,1,0,12,1,35,47,35047,4,2007,1N4BL21E37C2,1,N,4,B,L,2,1,E,3,7,C,2,0,0,0,000000000,00000000000,0,0,0,1,0,0,0,0,0,0,0,83,0,0,0,12,6,2,24,0,0,0,1,12,32258,6,1,0,0,3,0,68,999,0,0,0,0,0,0,0,0,0,0,6,0,0,0,3,2,65,1,5,2,1,0,0,15,12,7,2,4,7,1,1
12,120848,1,1,1,8,6,3,23,35,0,1,0,12,1,54,32,54032,4,1992,JH4KA7664NC0,J,H,4,K,A,7,6,6,4,N,C,0,0,0,0,000000000,00000000000,0,0,0,1,0,0,0,0,0,0,0,66,0,1,5,14,6,2,1,0,0,0,1,12,32322,6,1,0,0,3,3,64,999,1,0,0,0,1,1,2013,3,2013,3,0,0,0,0,1,2,35,1,6,2,1,0,0,1,12,99,3,4,7,1,1
12,120850,1,1,1,11,6,21,20,1,0,1,0,12,1,12,471,12471,30,2002,1FTYR10U12PB,1,F,T,Y,R,1,0,U,1,2,P,B,0,0,0,000000000,00000000000,0,0,0,1,0,0,0,0,0,0,0,55,0,2,1,0,6,2,1,0,0,0,1,12,32567,6,1,6,0,3,3,62,999,0,0,0,0,0,0,0,0,0,0,6,0,0,0,1,2,55,3,1,8,1,0,0,14,98,6,4,6,98,1,1
12,120851,1,1,1,12,6,13,50,42,0,1,0,12,2,35,473,35473,31,2005,1N6BA07A25N5,1,N,6,B,A,0,7,A,2,5,N,5,0,0,0,000000000,00000000000,0,0,0,1,0,0,0,0,0,0,0,40,0,0,0,12,6,2,42,0,0,0,1,12,32810,6,1,0,0,3,0,69,999,0,0,0,0,0,0,0,0,0,0,0,0,0,0,1,2,30,1,1,8,1,0,0,1,99,7,1,4,6,1,0
12,120852,1,2,1,12,6,17,50,12,7,1,0,12,5,20,473,20473,30,2012,1GCESCF98C81,1,G,C,E,S,C,F,9,8,C,8,1,0,0,0,000000000,00000000000,0,0,0,1,0,0,0,0,0,0,0,70,0,0,0,1,6,2,42,0,0,0,1,12,32837,1,1,0,0,2,0,71,999,1,10,0,0,0,11,2011,11,2013,0,8,37,0,0,1,2,35,1,1,8,1,0,0,6,51,6,1,2,46,1,0
12,120852,2,2,1,12,6,17,50,12,7,1,0,12,1,37,402,37402,14,2005,SHSRD78835U3,S,H,S,R,D,7,8,8,3,5,U,3,0,0,0,000000000,00000000000,0,0,0,1,0,0,0,0,0,0,0,30,0,0,0,7,6,2,12,0,0,0,1,12,32779,6,1,0,0,3,0,66,999,0,0,0,0,0,0,0,0,0,0,0,0,0,0,1,2,35,1,1,8,1,0,0,1,60,99,1,1,45,0,0
12,120853,1,1,3,15,6,1,28,8,0,1,0,12,2,23,461,23461,21,2005,1GTGG29V9512,1,G,T,G,G,2,9,V,9,5,1,2,0,0,0,000000000,00000000000,0,0,0,1,0,0,0,0,0,0,0,50,0,0,0,14,0,5,8,0,0,0,1,48,77099,6,1,0,0,3,0,999,999,0,0,0,0,0,0,0,0,0,0,0,0,0,0,1,2,50,1,1,8,1,0,0,1,80,6,1,1,13,0,0