STATE,ST_CASE,VEH_NO,VE_FORMS,NUMOCCS,DAY,MONTH,HOUR,MINUTE,HARM_EV,MAN_COLL,UNITTYPE,HIT_RUN,REG_STAT,OWNER,MAKE,MODEL,MAK_MOD,BODY_TYP,MOD_YEAR,VIN,VIN_1,VIN_2,VIN_3,VIN_4,VIN_5,VIN_6,VIN_7,VIN_8,VIN_9,VIN_10,VIN_11,VIN_12,TOW_VEH,J_KNIFE,MCARR_I1,MCARR_I2,MCARR_ID,GVWR,V_CONFIG,CARGO_BT,HAZ_INV,HAZ_PLAC,HAZ_ID,HAZ_CNO,HAZ_REL,BUS_USE,SPEC_USE,EMER_USE,TRAV_SP,UNDERIDE,ROLLOVER,ROLINLOC,IMPACT1,DEFORMED,TOWED,M_HARM,VEH_SC1,VEH_SC2,FIRE_EXP,DR_PRES,L_STATE,DR_ZIP,L_STATUS,L_TYPE,CDL_STAT,L_ENDORS,L_COMPL,L_RESTRI,DR_HGT,DR_WGT,PREV_ACC,PREV_SUS,PREV_DWI,PREV_SPD,PREV_OTH,FIRST_MO,FIRST_YR,LAST_MO,LAST_YR,SPEEDREL,DR_SF1,DR_SF2,DR_SF3,DR_SF4,VTRAFWAY,VNUM_LAN,VSPD_LIM,VALIGN,VPROFILE,VPAVETYP,VSURCOND,VTRAFCON,VTCONT_F,P_CRASH1,P_CRASH2,P_CRASH3,PCRASH4,PCRASH5,ACC_TYPE,DEATHS,DR_DRINK
12,120854,1,1,5,15,6,16,40,1,0,1,0,13,1,12,401,12401,14,2002,1FMZU63E42UB,1,F,M,Z,U,6,3,E,4,2,U,B,0,0,0,000000000,00000000000,0,0,0,1,0,0,0,0,0,0,0,70,0,1,5,0,6,2,1,0,0,0,1,13,31030,6,1,0,0,3,3,64,230,98,0,0,0,0,0,0,0,0,0,6,0,0,0,3,3,70,3,5,8,1,0,0,14,1,1,1,4,98,1,0
12,120855,1,2,1,15,6,22,0,12,1,1,0,12,2,72,706,72706,80,2009,1HD4CR2199K4,1,H,D,4,C,R,2,1,9,9,K,4,0,0,0,000000000,00000000000,0,0,0,1,0,0,0,0,0,0,0,998,0,0,0,12,6,2,12,0,0,0,1,12,33033,1,1,0,0,2,0,67,999,0,0,0,0,0,0,0,0,0,0,6,0,0,0,2,5,50,1,1,8,1,3,3,1,50,99,1,1,20,1,0
12,120855,2,2,1,15,6,22,0,12,1,1,0,12,3,82,890,82890,66,2006,1FUJA6CK46LV,1,F,U,J,A,6,C,K,4,6,L,V,1,1,12,1559836,121559836,3,6,1,1,0,0,0,0,0,0,0,0,0,0,0,6,4,5,12,0,0,0,1,12,33174,6,1,6,3,3,0,72,999,1,0,0,0,0,8,2012,8,2012,0,0,0,0,0,2,5,50,1,1,8,1,3,3,5,53,1,1,1,21,0,0
12,120856,1,1,1,11,2,6,24,8,0,1,0,99,9,37,402,37402,14,2000,JHLRD2849YC0,J,H,L,R,D,2,8,4,9,Y,C,0,0,0,0,000000000,00000000000,0,0,0,1,0,0,0,0,0,0,0,40,0,0,0,12,4,5,8,0,0,0,1,99,99999,9,9,99,9,9,9,999,999,99,99,99,99,99,99,9999,99,9999,0,0,0,0,0,3,3,45,1,1,8,1,0,0,1,80,99,1,1,13,0,0
12,120857,1,2,1,28,2,23,4,12,1,1,0,12,1,49,472,49472,30,2004,5TEGM92N44Z3,5,T,E,G,M,9,2,N,4,4,Z,3,0,0,0,000000000,00000000000,0,0,0,1,0,0,0,0,0,0,0,40,0,0,0,12,6,2,12,0,0,0,1,12,33771,6,1,0,0,3,3,73,999,0,0,0,0,0,0,0,0,0,0,6,0,0,0,2,3,40,1,1,8,1,0,0,1,50,99,1,1,20,1,0
12,120857,2,2,1,28,2,23,4,12,1,1,0,12,1,12,481,12481,31,2005,1FTRF12545NA,1,F,T,R,F,1,2,5,4,5,N,A,0,0,0,000000000,00000000000,0,0,0,1,0,0,0,0,0,0,0,0,0,0,0,6,4,5,12,0,0,0,1,12,33763,6,1,0,0,3,0,72,999,0,0,0,0,0,0,0,0,0,0,0,0,0,0,2,3,40,1,1,8,1,0,0,5,53,1,1,1,21,0,0
12,120858,1,2,1,18,3,7,52,12,6,1,0,12,1,51,43,51043,1,2004,YV1NC63D44J0,Y,V,1,N,C,6,3,D,4,4,J,0,0,0,0,000000000,00000000000,0,0,0,1,0,0,0,0,0,0,0,15,0,0,0,9,6,2,12,0,0,0,1,12,33922,6,1,0,0,3,0,68,999,0,0,0,0,0,0,0,0,0,0,39,0,0,0,9,3,45,1,1,8,2,3,3,11,15,99,1,1,82,0,0
12,120858,2,2,1,18,3,7,52,12,6,1,0,12,1,49,40,49040,4,2000,JT2BF28K1Y02,J,T,2,B,F,2,8,K,1,Y,0,2,0,0,0,000000000,00000000000,0,0,0,1,0,0,0,0,0,0,0,40,0,0,0,12,6,2,12,0,0,0,1,12,33903,3,1,0,0,2,0,75,999,0,0,0,0,0,0,0,0,0,0,0,0,0,0,1,2,40,1,1,8,2,20,3,1,65,99,1,1,83,1,0
12,120859,1,1,1,23,4,15,2,33,0,1,0,12,1,12,481,12481,31,1995,1FTDF15Y7SNB,1,F,T,D,F,1,5,Y,7,S,N,B,0,0,0,000000000,00000000000,0,0,0,1,0,0,0,0,0,0,0,45,0,0,0,12,6,2,19,0,0,0,1,12,33023,4,1,4,0,2,0,66,999,0,0,0,0,0,0,0,0,0,0,0,0,0,0,3,3,45,1,1,8,1,0,0,1,13,99,1,4,1,1,0
12,120860,1,1,1,31,5,3,50,42,0,1,0,12,1,55,33,55033,4,2013,5NPEC4ABXDH7,5,N,P,E,C,4,A,B,X,D,H,7,0,0,0,000000000,00000000000,0,0,0,1,0,0,0,0,0,0,0,1,0,0,0,9,6,2,42,0,0,0,1,12,33028,6,1,0,0,3,0,72,999,0,0,0,0,0,0,0,0,0,0,0,0,0,0,2,2,45,1,1,8,1,0,0,99,99,99,1,4,6,1,0
12,120861,1,1,2,12,4,2,19,30,0,1,0,56,1,72,706,72706,80,2007,1HD1GX4167K3,1,H,D,1,G,X,4,1,6,7,K,3,0,0,0,000000000,00000000000,0,0,0,1,0,0,0,0,0,0,0,35,0,0,0,12,6,2,30,0,0,0,1,12,32534,6,1,0,0,3,0,74,999,0,0,0,0,0,0,0,0,0,0,0,0,0,0,5,5,35,1,1,8,1,0,0,1,13,99,1,4,1,1,1
12,120862,1,11,1,31,5,19,25,12,1,1,0,12,3,82,884,82884,66,2006,1FUJA6CK96LV,1,F,U,J,A,6,C,K,9,6,L,V,1,1,12,515176,12515176,3,6,1,1,0,0,0,0,0,0,0,70,0,0,0,12,6,2,12,0,0,0,1,12,33810,6,1,6,0,3,3,67,999,0,0,0,0,0,0,0,0,0,0,0,0,0,0,3,3,70,1,1,8,1,0,0,1,50,99,1,1,20,1,0
12,120862,2,11,1,31,5,19,25,12,1,1,0,12,2,20,29,20029,5,2013,KL8CB6S98DC5,K,L,8,C,B,6,S,9,8,D,C,5,0,0,0,000000000,00000000000,0,0,0,1,0,0,0,0,0,0,0,0,0,1,1,6,6,2,12,0,0,0,1,12,32136,6,1,0,0,3,3,65,999,0,0,0,0,0,0,0,0,0,0,0,0,0,0,3,3,70,1,1,8,1,0,0,5,53,99,1,1,21,1,0
12,120862,3,11,2,31,5,19,25,12,1,1,0,12,1,20,404,20404,14,2005,2CNDL13F0560,2,C,N,D,L,1,3,F,0,5,6,0,0,0,0,000000000,00000000000,0,0,0,1,0,0,0,0,0,0,0,0,0,0,0,6,6,2,12,0,0,0,1,12,32137,6,1,0,0,3,0,72,999,0,0,0,0,0,0,0,0,0,0,0,0,0,0,3,3,70,1,1,8,1,0,0,5,53,99,1,1,98,0,0
12,120862,4,11,2,31,5,19,25,12,1,1,0,45,1,18,7,18007,4,2001,2G4WS52J0111,2,G,4,W,S,5,2,J,0,1,1,1,0,0,0,000000000,00000000000,0,0,0,1,0,0,0,0,0,0,0,0,0,0,0,6,6,2,12,0,0,0,1,45,29607,6,1,0,0,3,0,70,155,0,0,0,1,0,5,2012,5,2012,0,0,0,0,0,3,3,70,1,1,8,1,0,0,5,53,99,1,1,98,0,0
12,120862,5,11,1,31,5,19,25,12,1,1,0,37,1,35,401,35401,14,2007,5N1AR18W07C6,5,N,1,A,R,1,8,W,0,7,C,6,0,0,0,000000000,00000000000,0,0,0,1,0,0,0,0,0,0,0,3,0,0,0,6,4,5,12,0,0,0,1,12,33033,6,1,0,0,3,3,68,999,0,0,0,0,0,0,0,0,0,0,0,0,0,0,3,3,70,1,1,8,1,0,0,1,53,99,1,1,98,0,0
12,120862,6,11,2,31,5,19,25,12,1,1,0,12,1,37,31,37031,4,1992,1HGEG8547NL0,1,H,G,E,G,8,5,4,7,N,L,0,0,0,0,000000000,00000000000,0,0,0,1,0,0,0,0,0,0,0,0,0,0,0,6,6,2,12,0,0,0,1,12,32164,6,1,0,0,3,0,69,999,0,1,0,0,1,3,2012,7,2012,0,0,0,0,0,3,3,70,1,1,8,1,0,0,5,53,99,1,1,98,2,0
12,120862,7,11,1,31,5,19,25,12,1,1,0,12,3,87,884,87884,66,2000,1XP5DR9X9YD5,1,X,P,5,D,R,9,X,9,Y,D,5,1,1,12,1061359,121061359,3,6,1,1,0,0,0,0,0,0,0,0,0,0,0,98,6,2,12,0,0,0,1,12,33055,6,1,6,0,3,0,71,999,0,0,0,0,0,0,0,0,0,0,0,0,0,0,3,3,70,1,1,8,1,0,0,5,53,99,1,1,98,0,0
12,120862,8,11,2,31,5,19,25,12,1,1,0,36,1,35,51,35051,6,2010,JN8AS5MV5AW6,J,N,8,A,S,5,M,V,5,A,W,6,0,0,0,000000000,00000000000,0,0,0,1,0,0,0,0,0,0,0,998,0,0,0,6,6,2,12,0,0,0,1,36,11542,6,1,0,0,3,0,70,999,0,0,0,0,0,0,0,0,0,0,0,0,0,0,3,3,70,1,1,8,1,0,0,1,53,99,1,1,98,0,0
12,120862,9,11,1,31,5,19,25,12,1,1,0,12,2,30,40,30040,6,2010,3VWTX7AJ5AM6,3,V,W,T,X,7,A,J,5,A,M,6,0,0,0,000000000,00000000000,0,0,0,1,0,0,0,0,0,0,0,0,0,0,0,6,6,2,12,0,0,0,1,12,32176,6,1,0,0,3,0,65,999,0,0,0,0,0,0,0,0,0,0,0,0,0,0,3,3,70,1,1,8,1,0,0,5,53,99,1,1,98,0,0
12,120862,10,11,1,31,5,19,25,12,1,1,0,6,3,98,809,98809,66,2005,2FZHCMCV25AU,2,F,Z,H,C,M,C,V,2,5,A,U,1,1,6,568253,06568253,3,6,6,1,0,0,0,0,0,0,0,0,0,0,0,98,4,5,12,0,0,0,1,12,33881,6,1,6,0,3,0,72,999,0,0,0,0,0,0,0,0,0,0,0,0,0,0,3,3,70,1,1,8,1,0,0,5,53,99,1,1,98,0,0
12,120862,11,11,3,31,5,19,25,12,1,1,0,37,1,49,422,49422,15,2008,5TDBY64A88S0,5,T,D,B,Y,6,4,A,8,8,S,0,0,0,0,000000000,00000000000,0,0,0,1,0,0,0,0,0,0,0,0,0,0,0,6,6,2,12,0,0,0,1,37,28327,6,1,0,0,3,0,73,999,0,0,0,0,0,0,0,0,0,0,0,0,0,0,3,3,70,1,1,8,1,0,0,5,53,99,1,1,98,0,0
12,120863,1,1,1,17,5,23,18,42,0,1,0,12,2,53,706,53706,80,2011,JS1GT78A3B21,J,S,1,G,T,7,8,A,3,B,2,1,0,0,0,000000000,00000000000,0,0,0,1,0,0,0,0,0,0,0,100,0,0,0,98,6,2,42,0,0,0,1,12,34668,6,1,0,0,3,0,63,999,0,1,0,0,0,11,2011,11,2011,0,6,0,0,0,2,3,55,2,6,8,1,0,0,14,12,99,1,4,6,1,0
12,120865,1,1,1,7,6,4,53,8,0,1,0,12,2,20,898,20898,62,1999,J8BC4B140X70,J,8,B,C,4,B,1,4,0,X,7,0,0,0,12,2460448,122460448,2,1,1,1,0,0,0,0,0,0,0,55,0,0,0,9,4,5,8,0,0,0,1,12,32344,6,1,0,0,3,0,73,999,0,0,0,0,0,0,0,0,0,0,0,0,0,0,2,2,55,1,6,8,2,0,0,1,80,7,1,2,13,0,0
12,120866,1,1,1,4,6,5,25,8,0,1,0,12,1,20,403,20403,14,2004,1GNDS13SX421,1,G,N,D,S,1,3,S,X,4,2,1,0,0,0,000000000,00000000000,0,0,0,1,0,0,0,0,0,0,0,40,0,0,0,12,4,3,8,0,0,0,1,12,33756,6,1,0,0,3,3,67,999,0,0,0,0,0,0,0,0,0,0,0,0,0,0,2,3,40,1,1,8,1,0,0,1,80,99,1,1,13,0,0
12,120868,1,2,3,11,5,17,12,12,2,1,0,12,1,12,423,12423,16,2005,1FMNU42P25ED,1,F,M,N,U,4,2,P,2,5,E,D,0,0,0,000000000,00000000000,0,0,0,1,0,0,0,0,0,0,0,998,0,0,0,12,6,2,12,0,0,0,1,12,33849,6,1,6,0,3,3,71,999,0,0,0,0,0,0,0,0,0,0,38,0,0,0,1,2,45,3,1,8,1,0,0,11,15,99,1,1,68,0,0
12,120868,2,2,1,11,5,17,12,12,2,1,0,12,2,53,705,53705,80,2005,VTTGM51A2521,V,T,T,G,M,5,1,A,2,5,2,1,0,0,0,000000000,00000000000,0,0,0,1,0,0,0,0,0,0,0,998,0,0,0,12,6,2,12,0,0,0,1,12,33860,6,1,0,0,3,0,68,999,0,2,0,0,0,6,2011,7,2012,0,0,0,0,0,1,2,45,1,1,8,1,0,0,1,62,99,1,1,69,1,0
12,120869,1,3,2,13,5,17,25,33,0,1,0,12,3,20,481,20481,31,2001,1GCHK29121E3,1,G,C,H,K,2,9,1,2,1,E,3,0,0,0,000000000,00000000000,0,0,0,1,0,0,0,0,0,0,0,70,0,0,0,12,6,2,12,0,0,0,1,12,32254,6,1,0,0,3,0,70,999,0,0,0,0,0,0,0,0,0,0,28,58,0,0,3,3,70,1,1,8,1,0,0,1,13,6,1,4,6,1,0
12,120869,2,3,1,13,5,17,25,33,0,1,0,12,2,37,31,37031,4,2008,2HGFA16538H5,2,H,G,F,A,1,6,5,3,8,H,5,0,0,0,000000000,00000000000,0,0,0,1,0,0,0,0,0,0,0,70,0,0,0,13,6,2,12,0,0,0,1,12,32092,6,1,0,0,3,3,68,999,0,0,0,0,0,0,0,0,0,0,0,0,0,0,3,3,70,1,1,8,1,0,0,1,62,99,1,1,98,1,0
12,120869,3,3,2,13,5,17,25,33,0,1,0,12,1,20,481,20481,31,2005,1GCEC14T95Z1,1,G,C,E,C,1,4,T,9,5,Z,1,0,0,0,000000000,00000000000,0,0,0,1,0,0,0,0,0,0,0,70,0,0,0,12,6,2,12,0,0,0,1,12,33437,6,1,0,0,3,3,71,999,0,0,0,0,0,0,0,0,0,0,0,0,0,0,3,3,70,1,1,8,1,0,0,1,62,99,1,1,98,0,0
12,120870,1,2,1,25,5,3,0,12,2,1,0,12,1,37,703,37703,80,2007,JH2MC13017K3,J,H,2,M,C,1,3,0,1,7,K,3,0,0,0,000000000,00000000000,0,0,0,1,0,0,0,0,0,0,0,45,0,0,0,12,6,2,12,0,0,0,1,12,32804,6,1,0,0,3,0,72,999,0,0,0,0,0,0,0,0,0,0,39,0,0,0,3,3,45,1,1,8,1,3,3,1,62,99,1,1,69,1,1
12,120870,2,2,1,25,5,3,0,12,2,1,0,34,2,20,443,20443,20,2003,1GNDU03E53D1,1,G,N,D,U,0,3,E,5,3,D,1,0,0,0,000000000,00000000000,0,0,0,1,0,0,0,0,0,0,0,30,0,0,0,12,4,3,12,0,0,0,1,12,32807,6,1,0,0,3,0,68,999,1,0,0,0,0,12,2013,12,2013,0,0,0,0,0,3,3,45,1,1,8,1,3,3,11,15,99,1,1,68,0,0
12,120871,1,1,1,29,5,13,7,30,0,1,0,12,1,20,423,20423,15,2013,1GNKRLKD8DJ1,1,G,N,K,R,L,K,D,8,D,J,1,0,0,0,000000000,00000000000,0,0,0,1,0,0,0,0,0,0,0,45,0,0,0,12,6,2,30,0,0,0,1,12,34219,6,1,0,0,3,3,69,999,0,0,0,0,0,0,0,0,0,0,0,0,0,0,2,2,45,3,1,2,1,0,0,14,12,99,1,4,6,1,0
12,120872,1,1,1,29,5,20,4,5,0,1,0,12,2,53,705,53705,80,2013,JS1GN7FA0D21,J,S,1,G,N,7,F,A,0,D,2,1,0,0,0,000000000,00000000000,0,0,0,1,0,0,0,0,0,0,0,100,0,0,0,0,6,2,5,0,0,0,1,12,33147,6,1,0,0,2,0,68,999,0,0,0,0,0,0,0,0,0,0,6,0,0,0,1,3,40,1,1,8,1,0,0,1,98,99,1,1,0,1,0
12,120873,1,2,1,1,6,22,30,8,0,1,1,12,1,37,31,37031,4,2001,2HGES16561H5,2,H,G,E,S,1,6,5,6,1,H,5,0,0,0,000000000,00000000000,0,0,0,1,0,0,0,0,0,0,0,45,0,0,0,12,2,3,8,0,0,0,1,12,33707,6,1,0,0,3,0,71,999,0,0,0,0,0,0,0,0,0,0,0,0,0,0,3,3,45,1,1,8,2,0,0,1,80,99,1,1,13,0,0
12,120873,2,2,3,1,6,22,30,8,0,1,0,12,3,12,481,12481,31,2006,1FTRX12W76NB,1,F,T,R,X,1,2,W,7,6,N,B,0,0,0,000000000,00000000000,0,0,0,1,0,0,0,0,0,0,0,45,0,0,0,14,2,5,8,0,0,0,1,12,33760,6,1,0,0,3,3,62,999,0,0,0,0,0,0,0,0,0,0,0,0,0,0,3,3,45,1,1,8,2,0,0,1,80,99,1,1,98,0,0
12,120874,1,1,1,1,6,12,10,34,0,1,0,12,2,20,2,20002,4,2013,2G1WG5E30D12,2,G,1,W,G,5,E,3,0,D,1,2,0,0,0,000000000,00000000000,0,0,0,1,0,0,0,0,0,0,0,45,0,0,0,11,6,2,35,0,0,0,1,12,33811,6,1,0,0,3,3,73,999,0,0,0,0,0,0,0,0,0,0,0,0,0,0,3,2,45,1,1,8,1,0,0,1,12,99,1,4,6,1,0
12,120875,1,2,1,3,6,22,15,12,7,1,0,12,1,12,401,12401,14,2004,1FMDU63K64UB,1,F,M,D,U,6,3,K,6,4,U,B,0,0,0,000000000,00000000000,0,0,0,1,0,0,0,0,0,0,0,1,0,0,0,9,4,3,12,0,0,0,1,12,34428,6,1,0,0,3,3,61,999,0,0,0,1,0,2,2013,2,2013,0,38,0,0,0,1,2,55,1,1,8,1,0,0,11,61,99,1,1,72,0,0
12,120875,2,2,1,3,6,22,15,12,7,1,0,12,1,72,706,72706,80,2001,1HD1GDV161Y3,1,H,D,1,G,D,V,1,6,1,Y,3,0,0,0,000000000,00000000000,0,0,0,1,0,0,0,0,0,0,0,1,0,0,0,1,6,2,12,0,0,0,1,12,34428,6,1,0,0,2,0,72,999,0,0,0,0,0,0,0,0,0,0,0,0,0,0,1,2,55,1,1,8,1,0,0,6,11,99,1,2,73,1,1
12,120876,1,2,1,4,6,13,18,12,6,1,0,12,1,76,706,76706,80,2000,JYAVP11E6YA0,J,Y,A,V,P,1,1,E,6,Y,A,0,0,0,0,000000000,00000000000,0,0,0,1,0,0,0,0,0,0,0,15,0,0,0,3,6,2,12,0,0,0,1,12,34606,6,1,0,0,3,3,69,999,0,0,0,0,0,0,0,0,0,0,38,0,0,0,3,3,50,1,1,8,1,0,0,11,15,99,1,1,68,1,0
12,120876,2,2,7,4,6,13,18,12,6,1,0,12,1,52,47,52047,6,2011,JA4AR4AU9BZ0,J,A,4,A,R,4,A,U,9,B,Z,0,0,0,0,000000000,00000000000,0,0,0,1,0,0,0,0,0,0,0,45,0,1,1,12,6,2,1,0,0,0,1,12,34606,6,1,0,0,3,3,68,999,0,0,0,0,0,0,0,0,0,0,21,0,0,0,3,3,60,1,1,8,1,0,0,1,62,99,1,1,69,0,0
12,120877,1,1,1,4,6,22,10,8,0,1,0,12,1,18,2,18002,4,2001,1G4HP54K8141,1,G,4,H,P,5,4,K,8,1,4,1,0,0,0,000000000,00000000000,0,0,0,1,0,0,0,0,0,0,0,998,0,0,0,13,4,3,8,0,0,0,1,12,32211,6,1,0,0,3,3,71,999,0,0,0,0,0,0,0,0,0,0,0,0,0,0,2,3,45,1,1,8,1,0,0,1,80,99,1,1,13,0,0
12,120878,1,1,1,6,6,1,5,1,0,1,0,12,2,37,705,37705,80,2009,JH2PC40439K2,J,H,2,P,C,4,0,4,3,9,K,2,0,0,0,000000000,00000000000,0,0,0,1,0,0,0,0,0,0,0,73,0,0,0,0,6,2,1,0,0,0,1,12,32244,6,1,0,0,3,0,65,999,0,0,0,1,0,11,2011,11,2011,0,0,0,0,0,3,3,55,1,1,8,1,0,0,1,98,7,1,4,98,1,1
12,120879,1,1,1,7,6,10,41,42,0,1,0,12,1,32,47,32047,6,2004,WA1YD64B04N0,W,A,1,Y,D,6,4,B,0,4,N,0,0,0,0,000000000,00000000000,0,0,0,1,0,0,0,0,0,0,0,55,0,0,0,12,6,2,42,0,0,0,1,12,32034,6,1,0,0,3,0,73,999,0,0,0,0,0,0,0,0,0,0,0,0,0,0,1,2,60,1,1,8,1,0,0,1,13,99,1,4,1,1,0
12,120880,1,1,2,7,6,16,45,8,0,1,0,12,1,59,31,59031,4,2005,JTHBA30G9550,J,T,H,B,A,3,0,G,9,5,5,0,0,0,0,000000000,00000000000,0,0,0,1,0,0,0,0,0,0,0,40,0,0,0,12,4,3,8,0,0,0,1,12,33325,6,1,0,0,3,3,66,999,0,0,0,0,0,0,0,0,0,0,0,0,0,0,3,3,45,1,1,8,1,0,0,1,80,99,1,1,13,0,0
12,120881,1,1,2,7,6,17,15,9,0,1,0,12,2,41,53,41053,5,2011,JM3ER2A5XB03,J,M,3,E,R,2,A,5,X,B,0,3,0,0,0,000000000,00000000000,0,0,0,1,0,0,0,0,0,0,0,55,0,0,0,11,4,5,9,0,0,0,1,12,32563,6,1,0,0,3,0,72,999,0,0,0,0,0,0,0,0,0,0,0,0,0,0,2,2,55,1,1,8,1,0,0,1,83,9,1,2,13,0,0
12,120882,1,1,1,9,6,23,45,1,0,1,0,12,2,23,481,23481,31,1997,2GTEK19R8V15,2,G,T,E,K,1,9,R,8,V,1,5,0,0,0,000000000,00000000000,0,0,0,1,0,0,0,0,0,0,0,90,0,1,6,0,6,2,2,0,0,1,1,12,32664,6,1,0,0,3,0,73,999,0,0,0,1,0,9,2011,9,2011,3,6,0,0,0,2,2,60,1,6,2,1,0,0,1,12,7,3,4,2,1,1
12,120883,1,1,3,10,6,18,0,38,0,1,0,12,2,12,23,12023,4,2010,3FAHP0HA8AR2,3,F,A,H,P,0,H,A,8,A,R,2,0,0,0,000000000,00000000000,0,0,0,1,0,0,0,0,0,0,0,65,0,0,0,12,6,2,38,0,0,0,1,12,34746,6,1,0,0,3,3,72,999,0,0,0,1,0,3,2014,3,2014,4,6,0,0,0,2,3,70,2,1,8,2,0,0,14,13,7,3,4,2,1,1
12,120884,1,1,1,13,6,19,49,33,0,1,0,12,1,22,18,22018,2,2000,1G2NW12E1YM7,1,G,2,N,W,1,2,E,1,Y,M,7,0,0,0,000000000,00000000000,0,0,0,1,0,0,0,0,0,0,0,65,0,0,0,98,6,2,30,0,0,0,1,12,32503,6,1,0,0,3,0,65,999,1,0,0,1,1,8,2011,10,2011,0,0,0,0,0,1,4,35,1,1,2,1,0,0,1,13,99,1,4,1,1,1
12,120885,1,3,2,13,6,19,12,12,6,1,0,12,2,30,40,30040,4,2004,3VWRK69M54M1,3,V,W,R,K,6,9,M,5,4,M,1,0,0,0,000000000,00000000000,0,0,0,1,0,0,0,0,0,0,0,15,0,0,0,12,6,2,12,0,0,0,1,12,34695,6,1,0,0,3,0,70,999,0,0,0,0,0,0,0,0,0,0,6,0,0,0,1,7,45,1,1,8,1,3,3,11,15,99,1,1,68,1,0
12,120885,2,3,2,13,6,19,12,12,6,1,0,12,1,55,33,55033,4,2010,5NPET4AC0AH6,5,N,P,E,T,4,A,C,0,A,H,6,0,0,0,000000000,00000000000,0,0,0,1,0,0,0,0,0,0,0,35,0,0,0,8,6,2,30,0,0,0,1,12,33763,6,1,0,0,3,0,64,999,0,0,0,0,0,0,0,0,0,0,0,0,0,0,1,7,45,1,1,8,1,3,3,1,62,99,1,1,69,0,0
12,120885,3,3,2,13,6,19,12,12,6,1,0,12,1,49,402,49402,14,2005,JTEHD20VX500,J,T,E,H,D,2,0,V,X,5,0,0,0,0,0,000000000,00000000000,0,0,0,1,0,0,0,0,0,0,0,0,0,0,0,12,6,2,12,0,0,0,1,12,33759,6,1,0,0,3,0,68,999,0,0,0,0,0,0,0,0,0,0,0,0,0,0,0,0,0,0,0,0,0,3,3,5,66,99,1,1,98,0,0
12,120886,1,1,2,18,6,0,45,1,0,1,0,12,1,12,401,12401,14,2000,1FMZU73E9YZA,1,F,M,Z,U,7,3,E,9,Y,Z,A,0,0,0,000000000,00000000000,0,0,0,1,0,0,0,0,0,0,0,70,0,2,5,0,6,2,1,0,0,0,1,12,33868,6,1,0,0,3,0,71,999,0,0,0,0,0,0,0,0,0,0,58,0,0,0,3,3,70,1,1,8,1,0,0,1,1,99,1,4,1,1,0
12,120888,1,1,3,19,6,8,55,34,0,1,0,12,2,49,40,49040,4,2001,4T1BG22K31U8,4,T,1,B,G,2,2,K,3,1,U,8,0,0,0,000000000,00000000000,0,0,0,1,0,0,0,0,0,0,0,40,0,0,0,63,6,2,30,0,0,0,1,12,32506,1,1,0,0,2,0,64,999,0,4,0,0,0,1,2013,6,2014,0,6,0,0,0,1,2,40,1,1,8,1,0,0,1,13,6,3,4,2,1,0
12,120889,1,2,2,21,6,2,33,12,2,1,0,12,2,12,481,12481,31,2003,1FTRF07293KC,1,F,T,R,F,0,7,2,9,3,K,C,0,0,0,000000000,00000000000,0,0,0,1,0,0,0,0,0,0,0,50,0,0,0,12,6,2,12,0,0,0,1,12,32210,6,1,0,0,3,0,70,999,0,0,0,1,0,1,2012,1,2012,0,6,39,0,0,1,2,30,1,1,8,1,20,3,1,17,99,1,1,90,0,0
12,120889,2,2,1,21,6,2,33,12,2,1,0,12,1,37,31,37031,2,2004,1HGEM21184L0,1,H,G,E,M,2,1,1,8,4,L,0,0,0,0,000000000,00000000000,0,0,0,1,0,0,0,0,0,0,0,30,0,0,0,12,6,2,12,0,0,0,1,12,32244,6,1,0,0,3,3,66,999,0,0,0,0,0,0,0,0,0,0,0,0,0,0,1,2,30,1,1,8,1,0,0,1,66,99,1,1,90,1,1
12,120890,1,1,1,22,6,12,50,30,0,1,0,12,1,2,405,2405,14,2003,1J4GK58K83W5,1,J,4,G,K,5,8,K,8,3,W,5,0,0,0,000000000,00000000000,0,0,0,1,0,0,0,0,0,0,0,70,0,1,1,1,6,2,1,0,0,0,1,12,32119,6,1,0,0,3,0,65,999,0,0,0,0,0,0,0,0,0,0,0,0,0,0,3,3,70,3,1,8,1,0,0,14,13,99,1,4,1,1,0
12,120891,1,2,2,24,2,7,15,12,6,1,0,12,1,98,709,98709,88,2010,L5YACBPA4A11,L,5,Y,A,C,B,P,A,4,A,1,1,0,0,0,000000000,00000000000,0,0,0,1,0,0,0,0,0,0,0,10,0,0,0,3,6,2,12,0,0,0,1,12,33415,6,7,0,0,2,3,65,999,0,0,0,0,0,0,0,0,0,0,38,0,0,0,1,2,25,1,1,8,1,20,3,11,15,99,1,1,82,1,0
12,120891,2,2,3,24,2,7,15,12,6,1,0,12,1,42,401,42401,14,1999,4JGAB54E7XA0,4,J,G,A,B,5,4,E,7,X,A,0,0,0,0,000000000,00000000000,0,0,0,1,0,0,0,0,0,0,0,999,0,0,0,12,6,2,12,0,0,0,1,12,33411,6,1,0,0,3,0,61,999,0,0,0,0,0,0,0,0,0,0,0,0,0,0,2,3,98,1,1,8,1,0,0,1,66,7,1,1,83,0,0
12,120892,1,2,1,24,4,8,3,12,2,1,0,26,1,37,32,37032,2,1992,1HGCB715XNA0,1,H,G,C,B,7,1,5,X,N,A,0,0,0,0,000000000,00000000000,0,0,0,1,0,0,0,0,0,0,0,60,0,0,0,12,6,2,12,0,0,0,1,26,48240,6,1,0,0,3,0,70,999,0,0,0,0,0,0,0,0,0,0,35,0,0,0,1,2,60,1,1,8,1,0,0,6,10,99,1,2,50,1,0