STATE,ST_CASE,VEH_NO,VE_FORMS,NUMOCCS,DAY,MONTH,HOUR,MINUTE,HARM_EV,MAN_COLL,UNITTYPE,HIT_RUN,REG_STAT,OWNER,MAKE,MODEL,MAK_MOD,BODY_TYP,MOD_YEAR,VIN,VIN_1,VIN_2,VIN_3,VIN_4,VIN_5,VIN_6,VIN_7,VIN_8,VIN_9,VIN_10,VIN_11,VIN_12,TOW_VEH,J_KNIFE,MCARR_I1,MCARR_I2,MCARR_ID,GVWR,V_CONFIG,CARGO_BT,HAZ_INV,HAZ_PLAC,HAZ_ID,HAZ_CNO,HAZ_REL,BUS_USE,SPEC_USE,EMER_USE,TRAV_SP,UNDERIDE,ROLLOVER,ROLINLOC,IMPACT1,DEFORMED,TOWED,M_HARM,VEH_SC1,VEH_SC2,FIRE_EXP,DR_PRES,L_STATE,DR_ZIP,L_STATUS,L_TYPE,CDL_STAT,L_ENDORS,L_COMPL,L_RESTRI,DR_HGT,DR_WGT,PREV_ACC,PREV_SUS,PREV_DWI,PREV_SPD,PREV_OTH,FIRST_MO,FIRST_YR,LAST_MO,LAST_YR,SPEEDREL,DR_SF1,DR_SF2,DR_SF3,DR_SF4,VTRAFWAY,VNUM_LAN,VSPD_LIM,VALIGN,VPROFILE,VPAVETYP,VSURCOND,VTRAFCON,VTCONT_F,P_CRASH1,P_CRASH2,P_CRASH3,PCRASH4,PCRASH5,ACC_TYPE,DEATHS,DR_DRINK
12,120892,2,2,1,24,4,8,3,12,2,1,0,12,3,7,482,7482,31,1996,1B6MC36CXTS6,1,B,6,M,C,3,6,C,X,T,S,6,0,0,0,000000000,00000000000,0,0,0,1,0,0,0,0,0,0,0,55,0,0,0,12,6,2,12,0,0,0,1,42,19142,6,1,6,0,3,0,64,999,0,0,0,0,1,12,2013,12,2013,0,0,0,0,0,1,2,60,1,1,8,1,0,0,1,62,99,1,1,51,0,0
12,120893,1,1,1,16,5,21,47,9,0,1,0,12,1,7,482,7482,31,2011,3D7UT2CL1BG6,3,D,7,U,T,2,C,L,1,B,G,6,0,0,0,000000000,00000000000,0,0,0,1,0,0,0,0,0,0,0,10,0,0,0,12,2,3,9,0,0,0,1,12,33635,6,1,0,0,3,3,68,999,0,0,0,0,0,0,0,0,0,0,6,0,0,0,3,3,45,1,1,8,1,0,0,10,83,99,1,1,13,0,1
12,120894,1,2,1,17,5,19,32,12,2,1,0,12,1,55,35,55035,4,2000,KMHJF35F3YU9,K,M,H,J,F,3,5,F,3,Y,U,9,0,0,0,000000000,00000000000,0,0,0,1,0,0,0,0,0,0,0,15,0,0,0,12,6,2,12,0,0,0,1,12,33179,6,1,0,0,3,3,71,999,1,0,0,0,0,4,2014,4,2014,0,48,38,0,0,3,3,35,1,1,8,1,3,3,11,15,99,1,1,82,0,0
12,120894,2,2,1,17,5,19,32,12,2,1,0,12,2,98,709,98709,80,2009,RFBS4K1909B3,R,F,B,S,4,K,1,9,0,9,B,3,0,0,0,000000000,00000000000,0,0,0,1,0,0,0,0,0,0,0,30,0,0,0,12,6,2,12,0,0,0,1,12,33142,3,1,0,0,2,0,65,999,0,0,0,0,0,0,0,0,0,0,0,0,0,0,3,3,35,1,1,8,1,3,3,1,62,99,1,1,83,1,0
12,120895,1,1,1,17,5,17,24,1,0,1,0,12,1,72,706,72706,80,1994,1HD4CEM18RY2,1,H,D,4,C,E,M,1,8,R,Y,2,0,0,0,000000000,00000000000,0,0,0,1,0,0,0,0,0,0,0,998,0,0,0,0,2,3,1,0,0,0,1,12,34209,6,1,0,0,2,3,67,999,0,0,0,0,0,0,0,0,0,0,0,0,0,0,6,1,35,3,1,8,1,0,0,14,13,99,1,4,1,1,0
12,120896,1,2,2,18,5,20,38,1,0,1,0,12,1,49,40,49040,4,2005,4T1BE32K15U6,4,T,1,B,E,3,2,K,1,5,U,6,0,0,0,000000000,00000000000,0,0,0,1,0,0,0,0,0,0,0,10,0,0,0,12,4,3,12,0,0,0,1,12,33056,6,1,0,0,3,0,64,999,0,0,0,0,0,0,0,0,0,0,0,0,0,0,1,2,30,1,1,8,1,0,0,11,15,99,1,1,98,0,0
12,120896,2,2,1,18,5,20,38,1,0,1,0,99,9,99,709,99709,83,9999,999999999999,9,9,9,9,9,9,9,9,9,9,9,9,0,0,0,000000000,00000000000,0,0,0,1,0,0,0,0,0,0,0,999,0,0,0,0,8,3,12,0,0,0,1,12,33056,6,1,0,0,2,0,69,999,0,8,0,0,0,6,2012,4,2013,0,0,0,0,0,1,2,30,1,1,8,1,0,0,1,98,98,1,1,98,1,0
12,120897,1,1,1,23,5,18,16,38,0,1,0,12,2,24,1,24001,4,1997,1G8ZK527XVZ1,1,G,8,Z,K,5,2,7,X,V,Z,1,0,0,0,000000000,00000000000,0,0,0,1,0,0,0,0,0,0,0,50,0,1,5,81,6,2,1,0,0,0,1,12,34436,6,1,0,0,3,0,65,999,0,1,0,0,0,4,2012,4,2012,0,58,0,0,0,1,2,50,3,1,8,1,0,0,14,13,6,4,4,7,1,0
12,120898,1,2,1,24,5,9,57,12,1,1,0,12,1,12,422,12422,15,2004,1FMPU15L24LA,1,F,M,P,U,1,5,L,2,4,L,A,0,0,0,000000000,00000000000,0,0,0,1,0,0,0,0,0,0,0,65,0,0,0,12,6,2,12,0,0,0,1,12,32720,6,1,0,0,3,0,67,999,0,0,0,0,0,0,0,0,0,0,0,0,0,0,2,2,65,1,1,8,1,0,0,1,50,99,1,1,32,0,0
12,120898,2,2,0,24,5,9,57,12,1,1,0,12,6,55,401,55401,14,2009,5NMSG13D19H2,5,N,M,S,G,1,3,D,1,9,H,2,0,0,0,000000000,00000000000,0,0,0,1,0,0,0,0,0,0,0,0,0,0,0,6,6,2,12,0,0,0,0,0,99997,7,6,97,7,6,7,998,997,998,998,998,998,998,98,9998,98,9998,8,20,0,0,0,2,2,65,1,1,8,1,0,0,0,53,0,0,0,32,0,0
12,120899,1,1,3,26,5,16,7,1,0,1,0,12,1,37,33,37033,2,1998,JHMBB6141WC0,J,H,M,B,B,6,1,4,1,W,C,0,0,0,0,000000000,00000000000,0,0,0,1,0,0,0,0,0,0,0,65,0,1,1,0,6,2,1,0,0,0,1,12,34974,6,1,0,0,3,0,71,999,0,0,0,0,1,7,2011,7,2011,3,0,0,0,0,2,2,65,1,1,8,1,0,0,6,12,99,9,4,98,1,1
12,120901,1,1,2,19,4,0,9,1,0,1,0,12,2,52,401,52401,14,1998,JA4LS31P9WP0,J,A,4,L,S,3,1,P,9,W,P,0,0,0,0,000000000,00000000000,0,0,0,1,0,0,0,0,0,0,0,45,0,1,5,0,6,2,1,0,0,0,1,12,32669,2,1,0,0,2,0,67,999,0,0,0,0,0,0,0,0,0,0,0,0,0,0,1,2,60,1,1,8,1,0,0,1,13,99,1,4,1,1,1
12,120902,1,1,1,15,3,1,30,33,0,1,0,12,1,12,422,12422,15,2000,1FMRU15L2YLB,1,F,M,R,U,1,5,L,2,Y,L,B,0,0,0,000000000,00000000000,0,0,0,1,0,0,0,0,0,0,0,65,0,0,0,14,6,2,42,0,0,0,1,12,33189,6,1,6,0,3,0,72,999,0,1,0,0,0,12,2011,12,2011,0,6,0,0,0,2,3,45,1,1,8,1,0,0,99,9,99,1,4,6,1,0
12,120903,1,1,2,11,5,1,21,30,0,1,0,12,1,32,42,32042,4,2008,WAUAH74F68N0,W,A,U,A,H,7,4,F,6,8,N,0,0,0,0,000000000,00000000000,0,0,0,1,0,0,0,0,0,0,0,55,0,1,5,5,6,2,1,0,0,0,1,12,33194,6,1,0,0,3,0,74,999,0,1,0,1,0,7,2012,10,2012,0,6,0,0,0,2,2,55,3,1,8,1,0,0,14,13,99,1,4,1,1,1
12,120904,1,1,3,13,5,1,22,42,0,1,0,13,9,19,18,19018,4,2003,1G6DM57N7301,1,G,6,D,M,5,7,N,7,3,0,1,0,0,0,000000000,00000000000,0,0,0,1,0,0,0,0,0,0,0,70,0,1,5,12,6,2,42,0,0,0,1,12,33834,6,7,0,0,3,0,69,999,0,0,0,0,0,0,0,0,0,0,6,0,0,0,1,2,60,1,1,8,1,0,0,1,12,99,1,4,6,2,0
12,120905,1,2,1,1,6,19,10,12,6,1,1,12,2,30,421,30421,15,2004,WVGBC77L54D0,W,V,G,B,C,7,7,L,5,4,D,0,0,0,0,000000000,00000000000,0,0,0,1,0,0,0,0,0,0,0,45,0,0,0,12,6,2,12,0,0,0,1,12,32808,0,0,0,0,0,0,999,999,0,7,0,0,0,8,2011,5,2014,0,39,0,0,0,1,3,45,1,1,8,2,3,3,1,17,99,1,1,88,0,0
12,120905,2,2,2,1,6,19,10,12,6,1,0,12,1,49,40,49040,4,2005,4T1BE32K25U0,4,T,1,B,E,3,2,K,2,5,U,0,0,0,0,000000000,00000000000,0,0,0,1,0,0,0,0,0,0,0,15,0,0,0,9,6,2,12,0,0,0,1,12,32811,6,1,0,0,3,0,63,999,0,0,0,0,0,0,0,0,0,0,0,0,0,0,1,2,30,1,1,8,2,3,3,1,66,99,1,1,89,2,0
12,120906,1,1,1,7,6,2,50,33,0,1,0,37,1,55,35,55035,2,2013,KMHDH6AE9DU0,K,M,H,D,H,6,A,E,9,D,U,0,0,0,0,000000000,00000000000,0,0,0,1,0,0,0,0,0,0,0,50,0,0,0,12,6,2,30,0,0,0,1,37,28551,6,1,0,0,3,0,65,999,0,0,0,0,0,0,0,0,0,4,0,0,0,0,2,3,50,1,1,8,2,0,0,1,13,99,3,4,1,1,1
12,120907,1,1,1,7,6,23,19,8,0,1,1,99,9,99,999,99999,99,9999,999999999999,9,9,9,9,9,9,9,9,9,9,9,9,0,0,0,000000000,00000000000,0,0,0,1,0,0,0,0,0,0,0,45,0,0,0,12,4,5,8,0,0,0,1,99,99999,9,9,99,9,9,9,999,999,99,99,99,99,99,99,9999,99,9999,0,0,0,0,0,3,4,45,1,1,8,1,0,0,1,80,99,1,1,13,0,0
12,120908,1,1,1,11,6,20,23,42,0,1,0,12,2,35,473,35473,31,2004,1N6AA07A84N5,1,N,6,A,A,0,7,A,8,4,N,5,0,0,0,000000000,00000000000,0,0,0,1,0,0,0,0,0,0,0,56,0,0,0,3,6,2,42,0,0,0,1,12,32117,6,1,6,0,3,0,72,999,0,0,0,0,0,0,0,0,0,0,0,0,0,0,2,2,70,3,1,2,2,0,0,14,12,99,3,4,7,1,0
12,120909,1,2,2,11,6,12,13,12,6,1,0,12,1,12,481,12481,31,1984,1FTEF14Y2ENA,1,F,T,E,F,1,4,Y,2,E,N,A,0,0,0,000000000,00000000000,0,0,0,1,0,0,0,0,0,0,0,25,0,0,0,3,6,2,12,0,0,0,1,12,34639,6,1,0,0,3,3,69,999,0,0,0,0,0,0,0,0,0,0,6,38,0,0,2,5,45,1,1,8,2,0,0,11,15,99,1,1,68,1,0
12,120909,2,2,1,11,6,12,13,12,6,1,0,12,3,12,481,12481,31,2008,1FDXF46Y78EB,1,F,D,X,F,4,6,Y,7,8,E,B,0,0,0,000000000,00000000000,0,0,0,1,0,0,0,0,0,0,0,45,0,0,0,12,6,2,12,0,0,0,1,12,34667,6,1,6,0,3,0,69,999,0,0,0,1,0,11,2011,11,2011,0,0,0,0,0,2,5,45,1,1,8,2,0,0,1,62,99,1,1,69,0,0
12,120910,1,2,1,12,6,13,0,12,1,1,0,12,2,12,481,12481,31,2009,1FTRF02W19KB,1,F,T,R,F,0,2,W,1,9,K,B,0,0,0,000000000,00000000000,0,0,0,1,0,0,0,0,0,0,0,70,0,1,5,12,6,2,1,0,0,0,1,12,33579,6,1,0,0,3,0,72,999,0,0,0,0,0,0,0,0,0,0,6,0,0,0,3,3,70,1,1,8,1,0,0,15,11,99,1,2,32,1,0
12,120910,2,2,1,12,6,13,0,12,1,1,0,12,1,85,898,85898,66,2000,1XKWDB9X8YR8,1,X,K,W,D,B,9,X,8,Y,R,8,1,1,12,1953308,121953308,3,6,1,1,0,0,0,0,0,0,0,65,0,0,0,6,4,5,12,0,0,0,1,12,33511,6,1,6,0,3,0,66,999,0,0,0,0,0,0,0,0,0,0,0,0,0,0,3,3,70,1,1,8,1,0,0,1,60,99,1,1,32,0,0
12,120911,1,1,1,12,6,18,35,8,0,1,1,12,1,49,401,49401,14,2000,JT3GN86R4Y01,J,T,3,G,N,8,6,R,4,Y,0,1,0,0,0,000000000,00000000000,0,0,0,1,0,0,0,0,0,0,0,45,0,0,0,12,4,3,8,0,0,0,1,12,32459,6,1,0,0,3,0,70,999,0,0,0,0,0,0,0,0,0,0,28,0,0,0,1,2,45,1,1,8,1,0,0,1,11,99,1,4,13,0,1
12,120912,1,2,4,12,6,12,50,12,6,1,0,12,2,12,25,12025,6,2010,2FMGK5CC5ABA,2,F,M,G,K,5,C,C,5,A,B,A,0,0,0,000000000,00000000000,0,0,0,1,0,0,0,0,0,0,0,75,0,0,0,7,6,2,12,0,0,0,1,12,32221,6,1,0,0,3,3,67,999,0,0,0,2,0,7,2011,3,2013,0,6,0,0,0,3,3,70,1,1,8,6,0,0,1,5,99,5,2,48,1,0
12,120912,2,2,1,12,6,12,50,12,6,1,0,17,3,51,884,51884,66,2003,4V4NC9TJ63N3,4,V,4,N,C,9,T,J,6,3,N,3,1,1,17,241572,17241572,3,6,6,1,0,0,0,0,0,0,0,65,0,0,0,12,4,5,12,0,0,0,1,21,40071,6,1,6,3,3,0,74,270,0,0,0,0,0,0,0,0,0,0,0,0,0,0,3,3,70,1,1,8,2,0,0,1,60,99,1,1,48,0,0
12,120913,1,1,2,13,6,21,30,8,0,1,0,12,2,20,421,20421,15,1998,1GNCS13W6W22,1,G,N,C,S,1,3,W,6,W,2,2,0,0,0,000000000,00000000000,0,0,0,1,0,0,0,0,0,0,0,25,0,0,0,12,4,5,8,0,0,0,1,12,34743,6,1,0,0,3,0,74,999,0,0,0,0,1,2,2013,2,2013,0,0,0,0,0,5,5,45,1,1,8,1,0,0,2,80,1,1,1,13,0,0
12,120914,1,2,2,13,6,6,6,12,2,1,0,12,2,7,20,7020,4,2005,1B3ES56C05D1,1,B,3,E,S,5,6,C,0,5,D,1,0,0,0,000000000,00000000000,0,0,0,1,0,0,0,0,0,0,0,77,0,1,5,12,6,2,12,0,0,0,1,12,34669,6,1,0,0,3,0,74,999,0,1,0,0,0,3,2014,3,2014,0,39,38,0,0,3,4,45,1,1,8,1,3,3,1,17,99,1,1,90,1,1
12,120914,2,2,1,13,6,6,6,12,2,1,0,12,1,12,3,12003,2,2001,1FAFP44491F2,1,F,A,F,P,4,4,4,9,1,F,2,0,0,0,000000000,00000000000,0,0,0,1,0,0,0,0,0,0,0,23,0,0,0,12,6,2,12,0,0,0,1,12,34668,6,1,0,0,3,3,63,999,0,1,0,0,0,2,2013,2,2013,0,0,0,0,0,1,4,30,1,1,8,1,3,3,1,66,99,1,1,90,0,0
12,120915,1,1,3,14,6,22,29,30,0,1,0,99,9,99,999,99999,99,9999,999999999999,9,9,9,9,9,9,9,9,9,9,9,9,0,0,0,000000000,00000000000,0,0,0,1,0,0,0,0,0,0,0,85,0,0,0,98,6,2,2,0,0,1,1,12,33913,6,1,0,0,3,0,73,999,0,1,0,0,1,1,2014,4,2014,4,0,0,0,0,8,4,50,8,8,8,1,97,8,1,13,99,2,4,2,3,0
12,120916,1,2,1,15,6,13,31,12,6,1,0,12,1,76,705,76705,80,1999,JYA5AHE02XA0,J,Y,A,5,A,H,E,0,2,X,A,0,0,0,0,000000000,00000000000,0,0,0,1,0,0,0,0,0,0,0,35,0,0,0,12,6,2,12,0,0,0,1,12,32808,6,1,0,0,3,0,65,999,0,0,0,1,0,4,2013,4,2013,0,59,0,0,0,1,2,35,1,6,8,1,20,3,1,17,99,1,1,86,1,0
12,120916,2,2,1,15,6,13,31,12,6,1,0,12,1,49,472,49472,30,2010,3TMJU4GN4AM0,3,T,M,J,U,4,G,N,4,A,M,0,0,0,0,000000000,00000000000,0,0,0,1,0,0,0,0,0,0,0,55,0,1,1,3,6,2,1,0,0,0,1,12,34748,6,1,0,0,3,0,73,999,0,0,0,0,0,0,0,0,0,0,0,0,0,0,1,2,35,1,6,8,1,0,0,1,66,99,1,1,87,0,0
12,120917,1,3,1,17,6,22,41,8,0,1,0,12,2,20,481,20481,31,2003,1GCHC29U13E3,1,G,C,H,C,2,9,U,1,3,E,3,0,0,0,000000000,00000000000,0,0,0,1,0,0,0,0,0,0,0,45,0,0,0,12,4,3,8,0,0,0,1,12,33030,6,1,0,0,3,3,61,999,0,0,0,0,0,0,0,0,0,0,0,0,0,0,2,2,45,3,1,8,2,0,0,14,80,6,1,1,13,0,0
12,120917,2,3,1,17,6,22,41,8,0,1,0,12,2,2,404,2404,14,2001,1J4FF48S81L5,1,J,4,F,F,4,8,S,8,1,L,5,0,0,0,000000000,00000000000,0,0,0,1,0,0,0,0,0,0,0,45,0,0,0,14,2,3,8,0,0,0,1,12,33037,6,1,0,0,3,0,72,999,0,2,0,0,0,11,2012,11,2012,0,0,0,0,0,2,2,45,3,1,8,2,0,0,14,80,99,1,1,98,0,0
12,120917,3,3,1,17,6,22,41,8,0,1,1,99,9,99,999,99999,99,9999,999999999999,9,9,9,9,9,9,9,9,9,9,9,9,0,0,0,000000000,00000000000,0,0,0,1,0,0,0,0,0,0,0,998,0,0,0,14,8,5,8,0,0,0,1,99,99999,9,9,99,9,9,9,999,999,99,99,99,99,99,99,9999,99,9999,0,0,0,0,0,2,2,45,3,1,8,2,0,0,99,80,99,1,1,98,0,0
12,120918,1,1,1,17,6,22,51,8,0,1,0,12,1,12,471,12471,30,1993,1FTCR10A0PPA,1,F,T,C,R,1,0,A,0,P,P,A,0,0,0,000000000,00000000000,0,0,0,1,0,0,0,0,0,0,0,36,0,0,0,12,4,5,8,0,0,0,1,12,33065,6,1,0,0,3,0,68,999,0,9,0,0,0,12,2012,9,2013,0,0,0,0,0,4,3,35,1,1,8,2,0,0,1,80,99,1,1,13,0,0
12,120919,1,1,1,18,6,12,35,59,0,1,0,12,2,82,884,82884,66,2001,1FUJA6CG41LJ,1,F,U,J,A,6,C,G,4,1,L,J,1,1,12,325905,12325905,3,6,1,1,0,0,0,0,0,0,0,55,0,1,5,12,6,2,1,0,0,0,1,12,32425,6,1,6,0,3,0,67,999,0,0,0,0,0,0,0,0,0,0,28,0,0,0,1,2,35,1,1,8,1,0,0,1,13,99,1,4,1,1,0
12,120920,1,1,1,18,6,21,36,8,0,1,0,12,1,72,706,72706,80,2006,1HD1FCW166Y6,1,H,D,1,F,C,W,1,6,6,Y,6,0,0,0,000000000,00000000000,0,0,0,1,0,0,0,0,0,0,0,1,0,0,0,12,4,3,8,0,0,0,1,12,33431,6,1,0,0,3,3,70,999,0,0,0,0,0,0,0,0,0,0,0,0,0,0,2,3,45,1,1,8,1,0,0,1,80,99,1,1,13,0,0
12,120921,1,1,2,20,6,7,28,1,0,1,0,12,1,63,402,63402,14,2003,KNDJD7334350,K,N,D,J,D,7,3,3,4,3,5,0,0,0,0,000000000,00000000000,0,0,0,1,0,0,0,0,0,0,0,60,0,1,5,0,6,2,1,0,0,0,1,12,33971,6,1,0,0,3,0,71,999,0,1,0,0,0,7,2013,7,2013,0,6,0,0,0,1,2,45,3,1,8,1,40,3,14,13,99,1,4,1,2,0
12,120922,1,2,2,20,6,11,57,12,6,1,0,12,3,37,32,37032,4,2013,1HGCR2F81DA1,1,H,G,C,R,2,F,8,1,D,A,1,0,0,0,000000000,00000000000,0,0,0,1,0,0,0,0,0,0,0,20,0,0,0,11,6,2,12,0,0,0,1,12,33811,6,1,0,0,3,0,69,999,0,0,0,0,0,0,0,0,0,0,38,0,0,0,1,2,25,1,1,2,1,20,3,1,17,99,1,1,89,0,0
12,120922,2,2,1,20,6,11,57,12,6,1,0,12,2,37,705,37705,80,2004,JH2PC35064M5,J,H,2,P,C,3,5,0,6,4,M,5,0,0,0,000000000,00000000000,0,0,0,1,0,0,0,0,0,0,0,998,0,0,0,12,6,2,12,0,0,0,1,12,33813,6,1,0,0,3,0,71,999,0,0,0,0,0,0,0,0,0,0,0,0,0,0,3,3,45,1,1,8,1,0,0,1,66,99,1,1,88,1,0
12,120923,1,3,1,21,6,8,8,12,2,1,0,12,2,20,421,20421,15,2009,1GNFC33009R1,1,G,N,F,C,3,3,0,0,9,R,1,0,0,0,000000000,00000000000,0,0,0,1,0,0,0,0,0,0,0,55,0,0,0,12,6,2,12,0,0,0,1,12,34141,6,1,0,0,3,3,73,999,0,0,0,0,2,1,2012,8,2012,0,35,0,0,0,1,2,55,1,1,8,1,0,0,6,10,99,1,2,50,1,1
12,120923,2,3,1,21,6,8,8,12,2,1,0,12,2,62,421,62421,15,2011,SALMF1E48BA3,S,A,L,M,F,1,E,4,8,B,A,3,0,0,0,000000000,00000000000,0,0,0,1,0,0,0,0,0,0,0,55,0,0,0,12,6,2,12,0,0,0,1,12,34141,6,1,0,0,3,3,62,999,0,0,0,0,0,0,0,0,0,0,0,0,0,0,1,2,55,1,1,8,1,0,0,1,62,99,1,1,51,1,0
12,120923,3,3,1,21,6,8,8,12,2,1,0,12,1,49,32,49032,4,2009,1NXBU40E79Z0,1,N,X,B,U,4,0,E,7,9,Z,0,0,0,0,000000000,00000000000,0,0,0,1,0,0,0,0,0,0,0,50,0,0,0,11,2,5,54,0,0,0,1,12,33030,6,1,0,0,3,3,68,999,0,0,0,0,0,0,0,0,0,0,0,0,0,0,1,2,55,1,1,8,1,0,0,1,98,7,1,1,98,0,0
12,120924,1,2,1,21,6,15,18,12,6,1,0,12,1,19,22,19022,4,2007,1G6KD57Y07U2,1,G,6,K,D,5,7,Y,0,7,U,2,0,0,0,000000000,00000000000,0,0,0,1,0,0,0,0,0,0,0,25,0,0,0,3,6,2,12,0,0,0,1,12,32926,6,1,0,0,3,3,67,999,0,0,0,0,0,0,0,0,0,0,38,0,0,0,1,2,35,1,1,8,1,20,3,1,17,99,1,1,87,1,0
12,120924,2,2,2,21,6,15,18,12,6,1,0,12,2,12,481,12481,31,1999,1FTWW33F5XEA,1,F,T,W,W,3,3,F,5,X,E,A,0,0,0,000000000,00000000000,0,0,0,1,0,0,0,0,0,0,0,50,0,0,0,12,6,2,12,0,0,0,1,12,32833,6,1,6,0,3,0,69,999,0,0,0,0,0,0,0,0,0,0,0,0,0,0,3,2,50,1,1,8,1,0,0,1,66,99,1,1,86,0,0
12,120925,1,2,2,22,6,17,7,12,7,1,0,12,1,37,32,37032,4,2007,3HGCM56497G7,3,H,G,C,M,5,6,4,9,7,G,7,0,0,0,000000000,00000000000,0,0,0,1,0,0,0,0,0,0,0,65,0,0,0,81,6,2,12,0,0,0,1,12,33496,6,1,0,0,3,3,72,999,0,0,0,0,0,0,0,0,0,0,28,0,0,0,3,5,65,2,3,8,1,0,0,15,11,99,1,2,46,1,0
12,120925,2,2,4,22,6,17,7,12,7,1,0,12,2,52,46,52046,4,2003,JA3AJ86E63U1,J,A,3,A,J,8,6,E,6,3,U,1,0,0,0,000000000,00000000000,0,0,0,1,0,0,0,0,0,0,0,65,0,0,0,61,4,5,12,0,0,0,1,12,33435,6,1,0,0,3,0,67,999,0,0,0,0,0,0,0,0,0,0,0,0,0,0,3,5,65,2,3,8,1,0,0,14,60,1,1,1,45,0,0
12,120926,1,2,1,22,6,13,58,12,6,1,0,12,1,12,37,12037,2,2006,1FAFP31N56W2,1,F,A,F,P,3,1,N,5,6,W,2,0,0,0,000000000,00000000000,0,0,0,1,0,0,0,0,0,0,0,20,0,0,0,1,6,2,12,0,0,0,1,12,34997,6,1,0,0,3,3,60,999,0,0,0,0,0,0,0,0,0,0,38,0,0,0,3,2,45,1,1,8,1,0,0,11,15,99,1,1,68,1,0
12,120926,2,2,3,22,6,13,58,12,6,1,0,12,2,2,405,2405,14,2002,1J4GK48K32W2,1,J,4,G,K,4,8,K,3,2,W,2,0,0,0,000000000,00000000000,0,0,0,1,0,0,0,0,0,0,0,45,0,0,0,12,6,2,12,0,0,0,1,12,33454,0,0,0,0,0,0,999,999,0,0,0,0,0,0,0,0,0,0,0,0,0,0,3,2,45,1,1,8,1,0,0,1,62,99,1,1,69,0,0
12,120927,1,1,1,23,6,19,3,30,0,1,0,12,2,76,705,76705,80,2005,JY4AM01Y55C0,J,Y,4,A,M,0,1,Y,5,5,C,0,0,0,0,000000000,00000000000,0,0,0,1,0,0,0,0,0,0,0,999,0,0,0,11,6,2,30,0,0,0,1,12,33054,6,1,0,0,3,3,74,999,0,0,0,2,0,6,2013,8,2013,0,6,0,0,0,1,2,30,1,1,8,1,0,0,1,12,99,1,4,6,1,0
12,120928,1,1,1,24,6,21,27,38,0,1,0,12,2,35,39,35039,4,2002,JN1DA31D82T2,J,N,1,D,A,3,1,D,8,2,T,2,0,0,0,000000000,00000000000,0,0,0,1,0,0,0,0,0,0,0,63,0,0,0,12,6,2,19,0,0,0,1,12,32168,6,1,6,0,3,0,69,999,0,0,0,0,0,0,0,0,0,0,6,0,0,0,1,2,10,1,1,8,1,97,8,1,12,99,1,4,6,0,1
12,120929,1,2,1,26,6,0,50,12,1,1,0,12,2,37,32,37032,4,2001,1HGCG66851A1,1,H,G,C,G,6,6,8,5,1,A,1,0,0,0,000000000,00000000000,0,0,0,1,0,0,0,0,0,0,0,5,0,0,0,6,6,2,12,0,0,0,1,12,33569,6,1,0,0,3,0,73,999,0,0,0,1,0,3,2013,3,2013,0,0,0,0,0,3,3,35,1,1,8,1,0,0,1,53,99,1,1,25,1,1
12,120929,2,2,1,26,6,0,50,12,1,1,0,12,1,35,401,35401,14,2006,5N1AR18W76C6,5,N,1,A,R,1,8,W,7,6,C,6,0,0,0,000000000,00000000000,0,0,0,1,0,0,0,0,0,0,0,35,0,0,0,12,6,2,12,0,0,0,1,12,33569,6,1,0,0,3,0,73,999,0,0,0,0,0,0,0,0,0,0,0,0,0,0,3,3,35,1,1,8,1,0,0,1,51,1,1,1,24,0,0
12,120930,1,1,2,26,6,2,37,35,0,1,0,12,2,35,402,35402,14,2006,5N1AN08W16C5,5,N,1,A,N,0,8,W,1,6,C,5,0,0,0,000000000,00000000000,0,0,0,1,0,0,0,0,0,0,0,60,0,1,5,98,6,2,1,0,0,0,1,12,32097,6,1,0,0,3,3,69,999,0,0,0,0,0,0,0,0,0,0,6,0,0,0,1,2,60,1,1,8,2,0,0,1,13,99,1,4,1,1,1
12,120931,1,1,1,26,6,17,46,23,0,1,0,12,2,37,705,37705,80,2011,JH2PC4046BK4,J,H,2,P,C,4,0,4,6,B,K,4,0,0,0,000000000,00000000000,0,0,0,1,0,0,0,0,0,0,0,85,0,0,0,12,4,3,23,0,0,0,1,12,33470,1,1,0,0,2,0,70,999,0,1,0,0,0,12,2013,12,2013,0,36,37,0,0,6,1,65,2,5,8,1,0,0,14,12,99,1,4,6,1,0
12,120932,1,1,1,28,6,5,59,15,0,1,0,12,1,18,7,18007,4,1994,3G4AG55M1RS6,3,G,4,A,G,5,5,M,1,R,S,6,0,0,0,000000000,00000000000,0,0,0,1,0,0,0,0,0,0,0,30,0,0,0,12,4,3,15,0,0,0,1,12,32935,1,1,0,0,2,0,61,999,0,1,0,0,0,11,2013,11,2013,0,6,0,0,0,1,2,25,1,1,8,1,0,0,1,83,99,1,2,13,0,1
12,120933,1,1,2,29,6,16,50,34,0,1,0,12,2,20,2,20002,4,2001,2G1WH55K4193,2,G,1,W,H,5,5,K,4,1,9,3,0,0,0,000000000,00000000000,0,0,0,1,0,0,0,0,0,0,0,45,0,1,9,12,6,2,1,0,0,0,1,12,32535,6,1,0,0,3,3,65,999,0,0,0,0,0,0,0,0,0,4,6,0,0,0,1,2,55,1,1,5,11,0,0,1,13,6,4,4,6,1,0