STATE,ST_CASE,VEH_NO,VE_FORMS,NUMOCCS,DAY,MONTH,HOUR,MINUTE,HARM_EV,MAN_COLL,UNITTYPE,HIT_RUN,REG_STAT,OWNER,MAKE,MODEL,MAK_MOD,BODY_TYP,MOD_YEAR,VIN,VIN_1,VIN_2,VIN_3,VIN_4,VIN_5,VIN_6,VIN_7,VIN_8,VIN_9,VIN_10,VIN_11,VIN_12,TOW_VEH,J_KNIFE,MCARR_I1,MCARR_I2,MCARR_ID,GVWR,V_CONFIG,CARGO_BT,HAZ_INV,HAZ_PLAC,HAZ_ID,HAZ_CNO,HAZ_REL,BUS_USE,SPEC_USE,EMER_USE,TRAV_SP,UNDERIDE,ROLLOVER,ROLINLOC,IMPACT1,DEFORMED,TOWED,M_HARM,VEH_SC1,VEH_SC2,FIRE_EXP,DR_PRES,L_STATE,DR_ZIP,L_STATUS,L_TYPE,CDL_STAT,L_ENDORS,L_COMPL,L_RESTRI,DR_HGT,DR_WGT,PREV_ACC,PREV_SUS,PREV_DWI,PREV_SPD,PREV_OTH,FIRST_MO,FIRST_YR,LAST_MO,LAST_YR,SPEEDREL,DR_SF1,DR_SF2,DR_SF3,DR_SF4,VTRAFWAY,VNUM_LAN,VSPD_LIM,VALIGN,VPROFILE,VPAVETYP,VSURCOND,VTRAFCON,VTCONT_F,P_CRASH1,P_CRASH2,P_CRASH3,PCRASH4,PCRASH5,ACC_TYPE,DEATHS,DR_DRINK
12,120934,1,1,3,7,2,3,20,34,0,1,0,12,3,35,47,35047,2,2012,1N4AL2EP9CC2,1,N,4,A,L,2,E,P,9,C,C,2,0,0,0,000000000,00000000000,0,0,0,1,0,0,0,0,0,0,0,45,0,1,5,5,6,2,1,0,0,0,1,12,32732,2,1,0,0,2,0,74,999,0,0,0,0,0,0,0,0,0,0,0,0,0,0,1,2,45,3,1,8,1,0,0,14,13,1,1,4,1,1,1
12,120935,1,3,3,2,1,14,52,12,6,1,0,12,2,49,51,49051,4,2008,JTDBT9232812,J,T,D,B,T,9,2,3,2,8,1,2,0,0,0,000000000,00000000000,0,0,0,1,0,0,0,0,0,0,0,30,0,0,0,3,6,2,12,0,0,0,1,12,33156,6,1,0,0,3,3,62,999,0,0,0,0,0,0,0,0,0,0,38,0,0,0,3,2,40,1,1,8,1,3,3,11,15,99,1,1,68,1,0
12,120935,2,3,1,2,1,14,52,12,6,1,0,1,3,49,32,49032,4,2011,2T1BU4EE3BC7,2,T,1,B,U,4,E,E,3,B,C,7,0,0,0,000000000,00000000000,0,0,0,1,0,0,0,0,0,0,0,30,0,0,0,12,6,2,12,0,0,0,1,12,33173,6,1,0,0,3,3,60,999,0,0,0,0,0,0,0,0,0,0,0,0,0,0,3,2,40,1,1,8,1,3,3,1,67,99,1,1,69,0,0
12,120935,3,3,2,2,1,14,52,12,6,1,0,12,2,6,43,6043,4,2007,1C3LC46K77N6,1,C,3,L,C,4,6,K,7,7,N,6,0,0,0,000000000,00000000000,0,0,0,1,0,0,0,0,0,0,0,0,0,0,0,12,4,5,12,0,0,0,1,12,33143,6,1,0,0,3,0,70,999,0,0,0,0,0,0,0,0,0,0,0,0,0,0,3,2,40,1,1,8,1,3,3,5,62,99,1,1,98,0,0
12,120936,1,2,1,8,4,21,13,8,0,1,0,12,1,37,32,37032,4,2010,5KBCP3F84AB0,5,K,B,C,P,3,F,8,4,A,B,0,0,0,0,000000000,00000000000,0,0,0,1,0,0,0,0,0,0,0,998,0,0,0,1,2,5,8,0,0,0,1,12,33880,6,1,0,0,3,3,72,999,0,1,0,1,0,12,2012,12,2013,0,0,0,0,0,3,2,45,1,1,8,1,0,0,1,80,1,1,1,13,0,0
12,120936,2,2,1,8,4,21,13,8,0,1,0,12,1,19,20,19020,6,2011,3GYFNAEY6BS5,3,G,Y,F,N,A,E,Y,6,B,S,5,0,0,0,000000000,00000000000,0,0,0,1,0,0,0,0,0,0,0,998,0,0,0,14,2,5,8,0,0,0,1,12,33881,6,1,0,0,3,3,65,999,0,0,0,0,0,0,0,0,0,0,0,0,0,0,3,2,45,1,1,8,1,0,0,1,80,99,1,1,98,0,0
12,120937,1,1,1,3,6,13,46,8,0,1,0,12,1,12,401,12401,14,2001,1FMYU60EX1UC,1,F,M,Y,U,6,0,E,X,1,U,C,0,0,0,000000000,00000000000,0,0,0,1,0,0,0,0,0,0,0,30,0,0,0,12,4,3,8,0,0,0,1,12,33012,6,1,0,0,3,3,68,999,0,2,0,0,0,12,2012,1,2014,0,0,0,0,0,1,4,30,1,1,8,1,0,0,1,80,99,1,1,13,0,0
12,120938,1,1,1,4,6,22,0,1,0,1,0,12,2,12,471,12471,30,1997,1FTCR10A4VUA,1,F,T,C,R,1,0,A,4,V,U,A,0,0,0,000000000,00000000000,0,0,0,1,0,0,0,0,0,0,0,50,0,1,1,0,6,2,1,0,0,0,1,12,34482,6,1,0,0,3,0,70,999,0,1,0,0,0,7,2011,7,2011,3,6,28,0,0,1,2,30,1,6,8,1,0,0,1,13,7,4,6,98,1,0
12,120939,1,1,1,4,6,13,54,9,0,1,0,42,4,82,884,82884,61,2013,3ALACXDT5DDF,3,A,L,A,C,X,D,T,5,D,D,F,0,0,88,888888888,88888888888,2,1,1,1,0,0,0,0,0,0,0,10,0,0,0,3,0,5,9,0,0,0,1,12,33619,6,1,6,0,3,0,71,999,0,0,0,0,0,0,0,0,0,0,38,0,0,0,1,2,30,1,1,8,1,0,0,10,16,99,1,1,13,0,0
12,120940,1,1,1,6,6,0,4,9,0,1,1,99,9,99,999,99999,99,9999,999999999999,9,9,9,9,9,9,9,9,9,9,9,9,0,0,0,000000000,00000000000,0,0,0,1,0,0,0,0,0,0,0,45,0,0,0,98,9,5,9,0,0,0,1,99,99999,9,9,99,9,9,9,999,999,99,99,99,99,99,99,9999,99,9999,0,0,0,0,0,1,2,45,1,1,8,1,0,0,1,83,99,1,4,13,0,0
12,120941,1,1,1,7,6,0,0,33,0,1,0,12,2,37,706,37706,80,2006,1HFSC46066A4,1,H,F,S,C,4,6,0,6,6,A,4,0,0,0,000000000,00000000000,0,0,0,1,0,0,0,0,0,0,0,998,0,0,0,12,6,2,30,0,0,0,1,12,32217,6,1,6,0,3,3,73,999,0,0,0,0,0,0,0,0,0,0,0,0,0,0,5,3,35,2,1,2,1,0,0,14,13,99,1,4,1,1,1
12,120942,1,1,1,11,6,16,3,9,0,1,0,12,1,20,2,20002,4,2004,2G1WH52K2492,2,G,1,W,H,5,2,K,2,4,9,2,0,0,0,000000000,00000000000,0,0,0,1,0,0,0,0,0,0,0,40,0,0,0,12,6,2,9,0,0,0,1,12,33610,6,1,0,0,3,0,72,999,0,0,0,0,0,0,0,0,0,0,0,0,0,0,6,2,45,2,1,8,2,0,0,17,11,1,1,4,13,0,0
12,120943,1,1,1,17,6,0,25,42,0,1,0,12,1,52,34,52034,4,2002,4A3AA46G92E1,4,A,3,A,A,4,6,G,9,2,E,1,0,0,0,000000000,00000000000,0,0,0,1,0,0,0,0,0,0,0,85,0,0,0,12,6,2,42,0,0,0,1,12,32608,6,1,0,0,3,0,70,999,0,0,0,0,0,0,0,0,0,3,8,0,0,0,2,3,55,1,1,2,1,0,0,1,12,1,1,4,6,1,0
12,120944,1,2,1,17,6,4,40,12,1,1,0,12,3,86,884,86884,66,2003,1M1AE06Y33W0,1,M,1,A,E,0,6,Y,3,3,W,0,1,1,12,2084931,122084931,3,6,4,1,0,0,0,0,0,0,0,45,0,0,0,6,6,2,12,0,0,0,1,12,32805,6,1,6,0,3,0,68,999,0,1,0,0,0,9,2011,9,2011,0,0,0,0,0,3,4,70,1,1,8,1,0,0,1,53,99,1,1,25,0,0
12,120944,2,2,2,17,6,4,40,12,1,1,0,12,3,82,884,82884,66,2013,3AKJGLDR4DSF,3,A,K,J,G,L,D,R,4,D,S,F,1,1,12,1097043,121097043,3,6,1,1,0,0,0,0,0,0,0,60,0,0,0,12,6,2,12,0,0,0,1,12,33023,6,1,6,0,3,0,66,999,0,0,0,0,0,0,0,0,0,0,0,0,0,0,3,4,70,1,1,8,1,0,0,1,51,7,1,1,24,2,0
12,120945,1,1,1,20,6,5,59,8,0,1,0,12,3,20,2,20002,4,2007,2G1WS58R2792,2,G,1,W,S,5,8,R,2,7,9,2,0,0,0,000000000,00000000000,0,0,0,1,0,0,0,0,0,5,0,998,0,0,0,12,4,3,8,0,0,0,1,12,33880,6,1,0,0,3,0,64,999,0,0,0,0,0,0,0,0,0,0,16,0,0,0,3,4,45,1,1,8,1,3,3,1,80,6,1,1,13,0,0
12,120946,1,1,1,20,6,17,30,38,0,1,0,12,3,7,402,7402,14,2000,1B4HR28YXYF1,1,B,4,H,R,2,8,Y,X,Y,F,1,0,0,0,000000000,00000000000,0,0,0,1,0,0,0,0,0,0,0,80,0,0,0,9,6,2,42,0,0,0,1,12,33619,6,1,0,0,3,0,71,999,0,0,0,0,0,0,0,0,0,0,6,0,0,0,1,2,55,3,1,2,1,0,0,14,10,7,3,4,2,1,1
12,120947,1,2,1,22,6,9,38,12,1,1,0,12,2,73,703,73703,80,2007,JKAEXMF187DA,J,K,A,E,X,M,F,1,8,7,D,A,0,0,0,000000000,00000000000,0,0,0,1,0,0,0,0,0,0,0,70,0,0,0,12,6,2,12,0,0,0,1,12,33541,0,0,0,0,0,0,999,999,0,0,0,0,0,0,0,0,0,0,6,0,0,0,3,3,55,1,1,8,1,0,0,1,52,99,1,1,28,1,0
12,120947,2,2,1,22,6,9,38,12,1,1,0,12,2,6,441,6441,20,1998,1C4GP54L1WB5,1,C,4,G,P,5,4,L,1,W,B,5,0,0,0,000000000,00000000000,0,0,0,1,0,0,0,0,0,0,0,35,0,0,0,6,4,3,12,0,0,0,1,12,32182,6,1,0,0,3,0,70,999,0,0,0,0,0,0,0,0,0,0,0,0,0,0,3,3,55,1,1,8,1,0,0,2,53,99,1,1,29,0,0
12,120949,1,2,1,19,6,10,24,12,1,1,0,12,3,82,884,82884,66,1997,1FUYDSEBXVH8,1,F,U,Y,D,S,E,B,X,V,H,8,1,1,12,2369030,122369030,3,6,1,1,0,0,0,0,0,0,0,998,0,0,0,12,6,2,12,0,0,0,1,12,33013,6,1,6,0,3,0,66,999,0,0,0,0,0,0,0,0,0,0,6,0,0,0,3,2,65,1,5,8,1,0,0,1,51,99,1,1,24,0,0
12,120949,2,2,1,19,6,10,24,12,1,1,0,92,0,98,998,98998,92,2012,B2544,B,2,5,4,4,,,,,,,,1,2,88,888888888,88888888888,3,4,1,1,0,0,0,0,0,0,0,998,0,1,1,6,6,2,12,0,0,0,1,12,33843,4,1,4,0,2,0,66,999,0,0,0,0,0,0,0,0,0,0,0,0,0,0,3,2,65,1,5,8,1,0,0,1,53,99,1,1,25,1,0
12,120950,1,1,3,20,6,21,28,1,0,1,0,12,1,35,39,35039,4,2007,1N4BA41E77C8,1,N,4,B,A,4,1,E,7,7,C,8,0,0,0,000000000,00000000000,0,0,0,1,0,0,0,0,0,0,0,79,0,1,5,0,6,2,9,0,0,0,1,12,33952,6,1,0,0,3,0,68,999,0,0,0,0,1,6,2013,6,2013,0,6,0,0,0,1,2,35,1,1,8,1,0,0,6,9,99,3,4,2,0,0
12,120951,1,2,2,22,6,16,23,12,2,1,0,12,2,37,31,37031,4,2001,2HGES15561H5,2,H,G,E,S,1,5,5,6,1,H,5,0,0,0,000000000,00000000000,0,0,0,1,0,0,0,0,0,0,0,45,0,0,0,12,6,2,12,0,0,0,1,12,34951,6,1,0,0,3,3,73,999,0,1,0,0,0,1,2013,1,2013,0,28,0,0,0,1,2,45,1,1,8,1,0,0,1,10,7,1,1,51,2,0
12,120951,2,2,1,22,6,16,23,12,2,1,0,12,1,63,441,63441,20,2008,KNDMB233X862,K,N,D,M,B,2,3,3,X,8,6,2,0,0,0,000000000,00000000000,0,0,0,1,0,0,0,0,0,0,0,45,0,0,0,12,6,2,12,0,0,0,1,12,34951,6,1,0,0,3,0,75,999,0,0,0,0,0,0,0,0,0,0,0,0,0,0,1,2,45,1,1,8,1,0,0,1,10,6,1,2,50,0,0
12,120952,1,1,1,25,6,8,5,53,0,1,0,12,1,12,481,12481,31,2001,1FTZX07221KF,1,F,T,Z,X,0,7,2,2,1,K,F,0,0,0,000000000,00000000000,0,0,0,1,0,0,0,0,0,0,0,10,0,0,0,9,4,3,30,0,0,0,1,12,34223,6,1,0,0,3,3,65,999,0,0,0,0,0,0,0,0,0,0,6,0,0,0,1,2,30,1,1,8,1,0,0,13,12,99,4,4,98,1,0
12,120953,1,1,1,26,6,20,10,8,0,1,0,12,2,72,706,72706,80,2001,1HD1FRW171Y6,1,H,D,1,F,R,W,1,7,1,Y,6,0,0,0,000000000,00000000000,0,0,0,1,0,0,0,0,0,0,0,45,0,0,0,12,6,2,8,0,0,0,1,12,32807,1,1,0,0,2,0,72,999,0,2,0,0,0,1,2013,4,2014,0,0,0,0,0,3,2,45,1,1,8,2,0,0,1,80,99,1,1,13,0,0
12,120954,1,2,2,27,6,10,38,12,6,1,0,12,1,20,2,20002,4,2004,2G1WF52E8493,2,G,1,W,F,5,2,E,8,4,9,3,0,0,0,000000000,00000000000,0,0,0,1,0,0,0,0,0,0,0,70,0,0,0,12,6,2,14,0,0,0,1,12,32780,6,1,0,0,3,0,67,999,1,0,0,0,1,7,2011,9,2011,0,28,0,0,0,3,3,70,1,1,8,1,0,0,16,11,99,1,2,46,1,0
12,120954,2,2,1,27,6,10,38,12,6,1,0,12,2,49,401,49401,14,2002,JT3GN86R8202,J,T,3,G,N,8,6,R,8,2,0,2,0,0,0,000000000,00000000000,0,0,0,1,0,0,0,0,0,0,0,70,0,0,0,9,4,3,12,0,0,0,1,12,32796,6,1,0,0,3,0,70,999,0,0,0,0,0,0,0,0,0,0,0,0,0,0,3,3,70,1,1,8,1,0,0,1,61,99,1,1,45,0,0
12,120955,1,2,1,27,6,12,30,12,6,1,0,12,1,37,31,37031,4,1999,1HGEJ6670XL0,1,H,G,E,J,6,6,7,0,X,L,0,0,0,0,000000000,00000000000,0,0,0,1,0,0,0,0,0,0,0,10,0,0,0,9,6,2,12,0,0,0,1,12,34223,6,1,0,0,3,3,68,999,0,0,0,0,0,0,0,0,0,0,38,0,0,0,1,2,30,3,1,8,1,20,3,10,16,99,1,1,78,1,0
12,120955,2,2,1,27,6,12,30,12,6,1,0,12,3,84,881,84881,63,2005,1HTMMAAN85H1,1,H,T,M,M,A,A,N,8,5,H,1,0,0,12,388004,12388004,3,1,1,2,2,1075,2,1,0,0,0,45,0,0,0,12,4,3,12,0,0,0,1,12,33948,6,1,6,3,3,3,68,999,0,0,0,0,0,0,0,0,0,0,0,0,0,0,5,3,45,3,1,8,1,0,0,14,65,8,1,1,79,0,0
12,120956,1,1,1,27,6,23,10,42,0,1,0,12,2,12,481,12481,31,2000,1FTZF1725YNB,1,F,T,Z,F,1,7,2,5,Y,N,B,0,0,0,000000000,00000000000,0,0,0,1,0,0,0,0,0,0,0,60,0,0,0,9,6,2,42,0,0,0,1,12,32448,6,1,0,0,3,0,70,999,0,0,0,0,0,0,0,0,0,0,58,0,0,0,1,2,60,1,1,8,1,0,0,1,13,6,3,4,2,1,0
12,120957,1,2,1,28,6,16,25,12,2,1,0,12,2,41,52,41052,6,2007,JM1BK34L8717,J,M,1,B,K,3,4,L,8,7,1,7,0,0,0,000000000,00000000000,0,0,0,1,0,0,0,0,0,0,0,55,0,1,5,12,6,2,12,0,0,0,1,12,34491,6,1,0,0,3,0,70,999,0,0,0,0,0,0,0,0,0,0,6,28,0,0,1,2,55,1,1,8,1,0,0,1,10,99,1,2,50,1,1
12,120957,2,2,1,28,6,16,25,12,2,1,0,12,1,6,442,6442,20,2002,1C8GJ45352B6,1,C,8,G,J,4,5,3,5,2,B,6,0,0,0,000000000,00000000000,0,0,0,1,0,0,0,0,0,0,0,55,0,0,0,12,6,2,12,0,0,0,1,12,32113,6,1,0,0,3,3,62,999,0,0,0,0,0,0,0,0,0,0,0,0,0,0,1,2,55,1,1,8,1,0,0,1,62,99,1,1,51,0,0
12,120958,1,1,1,28,6,16,51,1,0,1,0,12,1,20,481,20481,31,1990,1GCDK14KXLE2,1,G,C,D,K,1,4,K,X,L,E,2,0,0,0,000000000,00000000000,0,0,0,1,0,0,0,0,0,0,0,50,0,1,5,0,6,2,1,0,0,0,1,12,32926,6,1,0,0,3,0,75,999,0,0,0,0,0,0,0,0,0,0,58,0,0,0,1,2,50,1,1,2,1,0,0,1,13,7,4,4,2,1,1
12,120959,1,1,1,28,6,23,30,8,0,1,0,12,2,12,422,12422,15,2002,1FMRU17L22LA,1,F,M,R,U,1,7,L,2,2,L,A,0,0,0,000000000,00000000000,0,0,0,1,0,0,0,0,0,0,0,45,0,0,0,12,4,3,8,0,0,0,1,12,33617,6,1,0,0,3,0,71,999,0,0,0,0,0,0,0,0,0,0,0,0,0,0,2,3,45,1,1,8,1,0,0,1,80,99,1,1,13,0,0
12,120960,1,2,1,29,6,7,14,12,6,1,0,12,3,12,16,12016,4,2011,2FABP7BV6BX1,2,F,A,B,P,7,B,V,6,B,X,1,0,0,0,000000000,00000000000,0,0,0,1,0,0,0,0,0,0,0,45,0,0,0,12,6,2,8,0,0,0,1,12,33801,6,1,6,0,3,3,70,999,0,0,0,0,0,0,0,0,0,0,0,0,0,0,3,2,45,1,1,8,1,97,8,1,50,99,1,1,48,0,0
12,120960,2,2,0,29,6,7,14,12,6,1,0,12,6,53,33,53033,4,2005,JS2RA62S4552,J,S,2,R,A,6,2,S,4,5,5,2,0,0,0,000000000,00000000000,0,0,0,1,0,0,0,0,0,0,0,0,0,0,0,9,6,2,12,0,0,0,0,0,99997,7,6,97,7,6,7,998,997,998,998,998,998,998,98,9998,98,9998,8,20,0,0,0,3,2,45,1,1,8,1,97,8,0,53,0,0,0,48,0,0
12,120961,1,2,1,29,6,2,10,12,1,1,0,12,2,49,398,49398,5,2013,JTLZE4FE3DJ0,J,T,L,Z,E,4,F,E,3,D,J,0,0,0,0,000000000,00000000000,0,0,0,1,0,0,0,0,0,0,0,10,0,0,0,6,6,2,12,0,0,0,1,12,33610,6,1,0,0,3,0,66,999,0,0,0,1,0,5,2014,5,2014,0,31,0,0,0,3,2,65,1,1,8,1,97,8,13,53,99,1,1,92,1,0
12,120961,2,2,1,29,6,2,10,12,1,1,0,12,3,7,27,7027,6,2012,3C4PDDDG6CT2,3,C,4,P,D,D,D,G,6,C,T,2,0,0,0,000000000,00000000000,0,0,0,1,0,0,0,0,0,0,0,65,0,0,0,12,6,2,12,0,0,0,1,12,34221,6,1,0,0,3,3,72,999,1,0,0,0,0,10,2013,10,2013,0,0,0,0,0,3,2,65,1,1,8,1,97,8,1,56,99,1,1,93,0,0
12,120962,1,2,1,2,7,9,30,12,2,1,0,12,1,49,40,49040,4,2000,4T1BG22K5YU7,4,T,1,B,G,2,2,K,5,Y,U,7,0,0,0,000000000,00000000000,0,0,0,1,0,0,0,0,0,0,0,55,0,0,0,12,6,2,12,0,0,0,1,12,32428,6,1,0,0,3,3,63,999,0,0,0,0,0,0,0,0,0,0,28,0,0,0,1,2,55,1,1,8,1,0,0,1,13,99,1,6,50,1,0
12,120962,2,2,1,2,7,9,30,12,2,1,0,12,3,12,481,12481,40,2000,1FDAF57F1YED,1,F,D,A,F,5,7,F,1,Y,E,D,0,0,88,888888888,88888888888,2,2,96,1,0,0,0,0,0,0,0,55,0,0,0,12,6,2,12,0,0,0,1,12,32433,6,1,6,0,3,0,70,999,0,0,0,0,0,0,0,0,0,0,0,0,0,0,1,2,55,1,1,8,1,0,0,1,62,99,1,1,51,0,0
12,120964,1,1,3,5,7,0,3,8,0,1,0,36,1,22,20,22020,4,2008,2G2WP552X811,2,G,2,W,P,5,5,2,X,8,1,1,0,0,0,000000000,00000000000,0,0,0,1,0,0,0,0,0,0,0,40,0,0,0,11,6,2,8,0,0,0,1,12,33907,6,1,0,0,3,3,75,999,0,1,0,1,0,12,2013,12,2013,0,0,0,0,0,1,4,40,1,1,8,1,0,0,1,80,99,1,1,13,0,0
12,120965,1,2,1,5,7,2,10,12,1,1,0,12,1,53,706,53706,80,2009,JS1GX72A3921,J,S,1,G,X,7,2,A,3,9,2,1,0,0,0,000000000,00000000000,0,0,0,1,0,0,0,0,0,0,0,120,0,0,0,12,6,2,12,0,0,0,1,12,33322,6,1,0,0,3,0,68,999,0,1,0,1,0,8,2012,1,2013,0,36,0,0,0,3,5,65,1,6,8,2,0,0,1,51,99,1,1,24,1,1
12,120965,2,2,1,5,7,2,10,12,1,1,0,12,3,20,27,20027,4,2012,6G1MK5U2XCL6,6,G,1,M,K,5,U,2,X,C,L,6,0,0,0,000000000,00000000000,0,0,0,1,0,0,0,0,0,0,0,70,0,0,0,6,6,2,12,0,0,0,1,12,33312,6,1,0,0,3,0,68,999,0,0,0,0,0,0,0,0,0,0,0,0,0,0,3,5,65,1,6,8,2,0,0,1,53,99,1,1,25,0,0
12,120966,1,1,2,5,7,18,35,1,0,1,0,51,1,20,461,20461,21,1994,1GBEG25K8RF1,1,G,B,E,G,2,5,K,8,R,F,1,0,0,0,000000000,00000000000,0,0,0,1,0,0,0,0,0,0,0,70,0,1,3,0,6,2,1,0,0,0,1,51,22303,6,1,0,0,3,0,71,999,1,0,0,0,1,1,2012,3,2012,0,6,0,0,0,2,2,70,1,6,8,1,0,0,1,13,6,1,4,6,1,1
12,120967,1,2,1,6,7,20,35,12,6,1,0,12,1,37,734,37734,90,2007,1HFTE340X740,1,H,F,T,E,3,4,0,X,7,4,0,0,0,0,000000000,00000000000,0,0,0,1,0,0,0,0,0,0,0,10,0,0,0,3,6,2,12,0,0,0,1,12,32446,2,1,0,0,2,0,74,999,0,1,0,0,0,3,2012,3,2012,0,38,0,0,0,1,2,55,1,1,8,1,0,0,1,17,99,1,1,87,1,0
12,120967,2,2,1,6,7,20,35,12,6,1,0,12,1,49,32,49032,4,2006,1NXBR32E16Z6,1,N,X,B,R,3,2,E,1,6,Z,6,0,0,0,000000000,00000000000,0,0,0,1,0,0,0,0,0,0,0,55,0,0,0,12,6,2,12,0,0,0,1,12,32460,6,1,0,0,3,3,62,999,0,0,0,0,0,0,0,0,0,0,0,0,0,0,1,2,55,1,1,8,1,0,0,1,66,99,1,1,86,0,0
12,120968,1,1,1,27,4,20,38,9,0,1,1,12,1,23,401,23401,14,2007,1GKES63M0722,1,G,K,E,S,6,3,M,0,7,2,2,0,0,0,000000000,00000000000,0,0,0,1,0,0,0,0,0,0,0,999,0,0,0,12,4,3,9,0,0,0,1,12,33062,6,1,0,0,3,0,69,999,0,0,0,0,0,0,0,0,0,0,0,0,0,0,2,3,45,1,1,8,1,0,0,1,13,99,1,4,1,0,1
12,120969,1,1,1,29,4,15,30,5,0,1,0,12,1,98,709,98709,88,2007,KM4CA1048716,K,M,4,C,A,1,0,4,8,7,1,6,0,0,0,000000000,00000000000,0,0,0,1,0,0,0,0,0,0,0,15,0,0,0,0,4,3,5,0,0,0,1,12,32065,1,1,0,0,2,0,67,999,0,0,0,0,0,0,0,0,0,0,58,0,0,0,1,2,15,1,1,8,1,0,0,1,98,99,1,1,0,1,0
12,120970,1,2,1,14,5,0,18,12,1,1,0,12,1,23,471,23471,30,1994,1GTCS14W3RK5,1,G,T,C,S,1,4,W,3,R,K,5,0,0,0,000000000,00000000000,0,0,0,1,0,0,0,0,0,0,0,75,0,1,1,12,6,2,12,0,0,0,1,12,33880,1,1,0,0,2,0,72,999,0,1,0,0,1,3,2013,7,2013,0,6,8,0,0,3,3,45,1,1,8,1,0,0,1,51,1,1,1,24,1,0
12,120970,2,2,1,14,5,0,18,12,1,1,0,12,1,49,40,49040,4,2012,4T1BF1FKXCU0,4,T,1,B,F,1,F,K,X,C,U,0,0,0,0,000000000,00000000000,0,0,0,1,0,0,0,0,0,0,0,40,0,0,0,6,4,5,12,0,0,0,1,12,33158,6,1,0,0,3,3,66,999,0,0,0,0,0,0,0,0,0,0,0,0,0,0,3,3,45,1,1,8,1,0,0,1,53,1,1,1,25,0,0
12,120971,1,2,1,18,5,11,43,12,6,1,0,12,1,12,3,12003,2,2002,1FAFP42X22F1,1,F,A,F,P,4,2,X,2,2,F,1,0,0,0,000000000,00000000000,0,0,0,1,0,0,0,0,0,0,0,45,0,0,0,12,6,2,12,0,0,0,1,12,33825,6,1,0,0,3,0,72,999,0,0,0,0,0,0,0,0,0,0,51,0,0,0,3,3,45,1,1,8,1,0,0,1,54,99,1,1,66,1,0
12,120971,2,2,1,18,5,11,43,12,6,1,0,12,3,49,32,49032,4,2014,5YFBURHE1EP0,5,Y,F,B,U,R,H,E,1,E,P,0,0,0,0,000000000,00000000000,0,0,0,1,0,0,0,0,0,0,0,45,0,1,5,9,6,2,12,0,0,0,1,99,99999,9,9,99,9,9,9,999,999,99,99,99,99,99,99,9999,99,9999,0,0,0,0,0,3,3,45,1,1,8,1,0,0,1,54,99,1,1,66,0,0
12,120972,1,2,3,20,5,8,52,12,6,1,1,12,4,19,23,19023,4,2014,2G61M5S33E92,2,G,6,1,M,5,S,3,3,E,9,2,0,0,0,000000000,00000000000,0,0,0,1,0,0,0,0,0,0,0,72,0,0,0,9,6,2,8,0,0,0,1,12,33755,2,1,0,0,2,0,69,999,0,5,0,1,1,10,2011,3,2012,3,39,0,0,0,3,4,40,1,1,8,1,3,3,1,17,99,1,1,69,0,0
12,120972,2,2,1,20,5,8,52,12,6,1,0,12,1,37,32,37032,4,1997,1HGCD5609VA1,1,H,G,C,D,5,6,0,9,V,A,1,0,0,0,000000000,00000000000,0,0,0,1,0,0,0,0,0,0,0,10,0,0,0,12,6,2,12,0,0,0,1,12,33755,6,1,0,0,3,0,63,999,0,0,0,0,0,0,0,0,0,0,0,0,0,0,3,4,40,1,1,8,1,3,3,11,60,99,1,1,68,0,0
12,120973,1,2,1,23,5,0,5,12,1,1,0,12,1,12,481,12481,31,2003,1FTRX07W43KB,1,F,T,R,X,0,7,W,4,3,K,B,0,0,0,000000000,00000000000,0,0,0,1,0,0,0,0,0,0,0,998,0,0,0,12,6,2,12,0,0,0,1,95,0,9,9,99,9,9,9,999,999,99,99,99,99,99,99,9999,99,9999,0,26,0,0,0,3,5,50,1,1,8,1,3,3,1,50,1,1,1,20,0,1
12,120973,2,2,1,23,5,0,5,12,1,1,0,12,1,14,6,14006,4,2000,2MEFM74W6YX6,2,M,E,F,M,7,4,W,6,Y,X,6,0,0,0,000000000,00000000000,0,0,0,1,0,0,0,0,0,0,0,0,0,0,0,6,6,2,12,0,0,0,1,12,33877,6,1,0,0,3,3,67,999,0,0,0,0,0,0,0,0,0,0,0,0,0,0,3,5,50,1,1,8,1,3,3,5,53,99,1,1,21,1,0
12,120974,1,2,1,24,5,1,58,12,2,1,1,13,2,7,26,7026,4,2008,1B3LC56K28N6,1,B,3,L,C,5,6,K,2,8,N,6,0,0,0,000000000,00000000000,0,0,0,1,0,0,0,0,0,0,0,40,0,0,0,12,6,2,12,0,0,0,1,12,33952,1,1,0,0,2,0,64,999,0,6,1,0,0,9,2011,11,2013,0,36,0,0,0,3,4,40,2,1,8,1,0,0,14,54,99,1,1,52,0,0
12,120974,2,2,5,24,5,1,58,12,2,1,0,12,2,13,1,13001,4,2000,1LNHM81W1YY8,1,L,N,H,M,8,1,W,1,Y,Y,8,0,0,0,000000000,00000000000,0,0,0,1,0,0,0,0,0,0,0,40,0,0,0,12,6,2,12,0,0,0,1,12,34239,6,1,0,0,3,0,67,999,0,0,0,0,0,0,0,0,0,0,0,0,0,0,3,4,40,3,1,8,1,0,0,14,54,8,1,1,52,1,0
12,120975,1,2,1,19,6,22,27,12,6,1,0,1,1,2,404,2404,14,1996,1J4FX58S2TC3,1,J,4,F,X,5,8,S,2,T,C,3,0,0,0,000000000,00000000000,0,0,0,1,0,0,0,0,0,0,0,80,0,0,0,12,6,2,12,0,0,0,1,1,36301,6,1,6,0,3,0,73,175,0,0,0,0,0,0,0,0,0,0,39,0,0,0,1,2,40,1,1,8,1,20,3,1,17,99,1,1,69,0,1