STATE,ST_CASE,VEH_NO,VE_FORMS,NUMOCCS,DAY,MONTH,HOUR,MINUTE,HARM_EV,MAN_COLL,UNITTYPE,HIT_RUN,REG_STAT,OWNER,MAKE,MODEL,MAK_MOD,BODY_TYP,MOD_YEAR,VIN,VIN_1,VIN_2,VIN_3,VIN_4,VIN_5,VIN_6,VIN_7,VIN_8,VIN_9,VIN_10,VIN_11,VIN_12,TOW_VEH,J_KNIFE,MCARR_I1,MCARR_I2,MCARR_ID,GVWR,V_CONFIG,CARGO_BT,HAZ_INV,HAZ_PLAC,HAZ_ID,HAZ_CNO,HAZ_REL,BUS_USE,SPEC_USE,EMER_USE,TRAV_SP,UNDERIDE,ROLLOVER,ROLINLOC,IMPACT1,DEFORMED,TOWED,M_HARM,VEH_SC1,VEH_SC2,FIRE_EXP,DR_PRES,L_STATE,DR_ZIP,L_STATUS,L_TYPE,CDL_STAT,L_ENDORS,L_COMPL,L_RESTRI,DR_HGT,DR_WGT,PREV_ACC,PREV_SUS,PREV_DWI,PREV_SPD,PREV_OTH,FIRST_MO,FIRST_YR,LAST_MO,LAST_YR,SPEEDREL,DR_SF1,DR_SF2,DR_SF3,DR_SF4,VTRAFWAY,VNUM_LAN,VSPD_LIM,VALIGN,VPROFILE,VPAVETYP,VSURCOND,VTRAFCON,VTCONT_F,P_CRASH1,P_CRASH2,P_CRASH3,PCRASH4,PCRASH5,ACC_TYPE,DEATHS,DR_DRINK
12,120975,2,2,1,19,6,22,27,12,6,1,0,12,1,53,402,53402,14,2002,JS3TY92V9241,J,S,3,T,Y,9,2,V,9,2,4,1,0,0,0,000000000,00000000000,0,0,0,1,0,0,0,0,0,0,0,10,0,0,0,81,6,2,12,0,0,0,1,12,34953,6,1,0,0,3,0,74,999,0,0,0,0,0,0,0,0,0,0,0,0,0,0,1,2,40,1,1,8,1,20,3,11,63,99,1,1,68,1,1
12,120976,1,2,2,30,3,20,30,12,6,1,0,12,2,54,421,54421,15,2005,2HNYD18985H5,2,H,N,Y,D,1,8,9,8,5,H,5,0,0,0,000000000,00000000000,0,0,0,1,0,0,0,0,0,0,0,10,0,0,0,5,6,2,12,0,0,0,1,51,22302,6,1,0,0,3,3,71,160,0,0,0,0,0,0,0,0,0,0,38,0,0,0,3,4,35,1,1,8,1,0,0,11,15,99,1,1,68,0,0
12,120976,2,2,1,30,3,20,30,12,6,1,0,12,1,73,706,73706,80,2005,JKAZXCC195A0,J,K,A,Z,X,C,C,1,9,5,A,0,0,0,0,000000000,00000000000,0,0,0,1,0,0,0,0,0,0,0,45,0,0,0,12,6,2,12,0,0,0,1,12,33064,6,1,0,0,3,0,73,999,0,0,0,0,0,0,0,0,0,0,0,0,0,0,3,4,35,1,1,8,1,0,0,1,62,99,1,1,69,1,0
12,120977,1,1,1,25,3,22,36,8,0,1,0,12,1,58,32,58032,4,1996,JNKNG01D2TM4,J,N,K,N,G,0,1,D,2,T,M,4,0,0,0,000000000,00000000000,0,0,0,1,0,0,0,0,0,0,0,55,0,0,0,12,6,2,8,0,0,0,1,12,32763,6,1,0,0,3,0,72,999,0,0,0,0,1,3,2014,3,2014,0,0,0,0,0,2,2,55,1,1,8,1,0,0,1,80,99,1,1,13,0,0
12,120978,1,1,1,25,3,4,22,43,0,1,0,12,1,35,48,35048,2,2006,JN1AZ34D66M3,J,N,1,A,Z,3,4,D,6,6,M,3,0,0,0,000000000,00000000000,0,0,0,1,0,0,0,0,0,0,0,100,0,0,0,12,6,2,42,0,0,0,1,12,33781,6,1,0,0,3,0,66,999,0,0,0,0,0,0,0,0,0,0,6,0,0,0,1,4,35,1,1,8,2,0,0,99,13,99,1,4,1,1,0
12,120979,1,3,1,27,3,9,46,12,1,1,0,12,2,37,31,37031,4,1998,2HGEJ6673WH5,2,H,G,E,J,6,6,7,3,W,H,5,0,0,0,000000000,00000000000,0,0,0,1,0,0,0,0,0,0,0,10,0,0,0,12,6,2,12,0,0,0,1,12,33714,6,1,0,0,3,0,60,999,0,0,0,0,0,0,0,0,0,0,38,0,0,0,3,2,40,1,1,8,1,3,3,11,15,99,1,1,68,0,0
12,120979,2,3,1,27,3,9,46,12,1,1,0,12,1,12,402,12402,14,2001,1FMYU03141KB,1,F,M,Y,U,0,3,1,4,1,K,B,0,0,0,000000000,00000000000,0,0,0,1,0,0,0,0,0,0,0,40,0,1,3,6,6,2,12,0,0,0,1,12,33713,6,1,0,0,3,3,65,999,0,0,0,0,1,4,2013,4,2013,0,0,0,0,0,3,2,40,1,1,8,1,3,3,1,62,99,1,1,69,1,0
12,120979,3,3,2,27,3,9,46,12,1,1,0,12,1,12,481,12481,31,2010,1FTVX1CV2AKE,1,F,T,V,X,1,C,V,2,A,K,E,0,0,0,000000000,00000000000,0,0,0,1,0,0,0,0,0,0,0,15,0,0,0,11,6,2,12,0,0,0,1,12,33709,6,1,0,0,3,0,73,999,0,0,0,0,0,0,0,0,0,0,0,0,0,0,3,2,40,1,1,8,1,3,3,1,62,99,1,1,98,0,0
12,120980,1,3,1,14,5,17,38,12,1,1,0,12,1,7,482,7482,31,2010,1D7RB1CT5AS1,1,D,7,R,B,1,C,T,5,A,S,1,0,0,0,000000000,00000000000,0,0,0,1,0,0,0,0,0,0,0,998,0,0,0,12,6,2,12,0,0,0,1,12,33527,6,1,0,0,3,3,67,999,0,0,0,0,0,0,0,0,0,0,6,0,0,0,1,2,45,1,1,8,1,0,0,1,50,99,1,1,20,0,0
12,120980,2,3,1,14,5,17,38,12,1,1,0,12,2,20,9,20009,2,2002,2G1FP22G0221,2,G,1,F,P,2,2,G,0,2,2,1,0,0,0,000000000,00000000000,0,0,0,1,0,0,0,0,0,0,0,0,0,0,0,6,6,2,12,0,0,0,1,12,33860,6,1,0,0,3,0,66,999,0,0,0,0,0,0,0,0,0,0,0,0,0,0,1,2,45,1,1,8,1,0,0,5,53,99,1,1,21,1,0
12,120980,3,3,1,14,5,17,38,12,1,1,0,17,1,20,16,20016,2,2000,1G1JF12T8Y72,1,G,1,J,F,1,2,T,8,Y,7,2,0,0,0,000000000,00000000000,0,0,0,1,0,0,0,0,0,0,0,998,0,0,0,12,6,2,12,0,0,0,1,12,34207,6,1,0,0,3,0,68,999,0,0,0,1,0,2,2014,2,2014,0,0,0,0,0,1,2,45,1,1,8,1,0,0,1,62,99,1,1,98,0,0
12,120981,1,2,1,15,6,0,5,12,1,1,0,12,1,54,39,54039,4,2013,JH4CU2F81DC0,J,H,4,C,U,2,F,8,1,D,C,0,0,0,0,000000000,00000000000,0,0,0,1,0,0,0,0,0,0,0,80,0,1,5,12,6,2,1,0,0,0,1,12,33811,6,1,0,0,3,0,70,999,0,0,0,0,1,11,2013,11,2013,0,6,0,0,0,3,3,70,1,1,8,1,0,0,1,51,99,1,1,24,1,1
12,120981,2,2,2,15,6,0,5,12,1,1,0,12,2,37,402,37402,14,2013,3CZRM3H30DG7,3,C,Z,R,M,3,H,3,0,D,G,7,0,0,0,000000000,00000000000,0,0,0,1,0,0,0,0,0,0,0,70,0,0,0,6,2,3,12,0,0,0,1,12,33716,6,1,0,0,3,0,73,999,0,0,0,0,0,0,0,0,0,0,0,0,0,0,3,3,70,1,1,8,1,0,0,1,53,99,1,1,25,0,0
12,120982,1,1,1,22,6,20,54,8,0,1,0,12,1,37,32,37032,4,2002,JHMCG56722C0,J,H,M,C,G,5,6,7,2,2,C,0,0,0,0,000000000,00000000000,0,0,0,1,0,0,0,0,0,0,0,40,0,0,0,12,6,2,8,0,0,0,1,12,33150,6,1,0,0,3,0,67,999,0,0,0,0,0,0,0,0,0,0,0,0,0,0,4,3,35,1,1,8,2,0,0,1,80,99,1,1,13,0,0
12,120983,1,1,3,11,5,6,6,46,0,1,0,12,1,14,6,14006,4,1998,2MEFM75W5WX6,2,M,E,F,M,7,5,W,5,W,X,6,0,0,0,000000000,00000000000,0,0,0,1,0,0,0,0,0,0,0,50,0,0,0,12,6,2,46,0,0,0,1,12,33411,6,1,0,0,3,0,69,999,0,0,0,0,0,0,0,0,0,0,6,0,0,0,3,6,50,1,1,8,1,3,3,1,13,99,1,4,1,2,0
12,120984,1,3,2,17,5,21,35,12,2,1,0,12,1,20,421,20421,15,2004,1GNEK13Z54J1,1,G,N,E,K,1,3,Z,5,4,J,1,0,0,0,000000000,00000000000,0,0,0,1,0,0,0,0,0,0,0,68,0,0,0,12,6,2,12,0,0,0,1,12,33706,6,1,0,0,3,0,72,999,0,0,0,0,0,0,0,0,0,0,28,0,0,0,1,2,35,2,5,8,1,0,0,14,10,99,1,2,50,1,1
12,120984,2,3,1,17,5,21,35,12,2,1,0,8,1,12,481,12481,31,1992,1FTHX25G3NKA,1,F,T,H,X,2,5,G,3,N,K,A,0,0,0,000000000,00000000000,0,0,0,1,0,0,0,0,0,0,0,30,0,0,0,12,6,2,12,0,0,0,1,56,82072,3,1,0,0,2,3,65,195,0,0,0,0,0,0,0,0,0,0,0,0,0,0,1,2,30,3,5,8,1,0,0,14,62,99,1,1,51,1,0
12,120984,3,3,2,17,5,21,35,12,2,1,0,12,1,37,32,37032,4,2008,JHMCP26748C0,J,H,M,C,P,2,6,7,4,8,C,0,0,0,0,000000000,00000000000,0,0,0,1,0,0,0,0,0,0,0,25,0,0,0,12,4,3,12,0,0,0,1,12,33715,6,1,0,0,3,0,71,999,0,0,0,0,0,0,0,0,0,0,0,0,0,0,1,2,30,3,5,8,1,0,0,14,51,99,1,1,98,0,0
12,120985,1,2,1,2,6,20,22,1,0,1,0,12,1,37,31,37031,4,2006,1HGFA16536L1,1,H,G,F,A,1,6,5,3,6,L,1,0,0,0,000000000,00000000000,0,0,0,1,0,0,0,0,0,0,0,15,0,0,0,83,6,2,12,0,0,0,1,12,33418,6,1,0,0,3,3,68,999,0,0,0,0,0,0,0,0,0,0,6,38,0,0,3,5,40,1,1,8,1,3,3,11,15,99,1,1,98,0,0
12,120985,2,2,1,2,6,20,22,1,0,1,0,12,1,53,705,53705,80,1996,JS1GN72A0T21,J,S,1,G,N,7,2,A,0,T,2,1,0,0,0,000000000,00000000000,0,0,0,1,0,0,0,0,0,0,0,55,0,0,0,0,6,5,1,0,0,0,1,12,33411,6,1,0,0,3,0,70,999,0,0,0,0,0,0,0,0,0,0,0,0,0,0,3,4,40,1,1,8,1,3,3,1,62,98,1,1,98,1,1
12,120986,1,2,1,12,6,11,21,12,6,1,0,37,2,35,473,35473,31,2006,1N6BA06A36N5,1,N,6,B,A,0,6,A,3,6,N,5,0,0,0,000000000,00000000000,0,0,0,1,0,0,0,0,0,0,0,40,0,0,0,12,6,2,12,0,0,0,1,12,32246,6,1,0,0,3,0,73,999,0,0,0,0,0,0,0,0,0,0,0,0,0,0,2,3,45,1,1,8,1,97,8,1,12,99,1,4,64,0,0
12,120986,2,2,1,12,6,11,21,12,6,1,0,12,2,20,37,20037,4,2006,1G1ZU53896F1,1,G,1,Z,U,5,3,8,9,6,F,1,0,0,0,000000000,00000000000,0,0,0,1,0,0,0,0,0,0,0,40,0,0,0,9,6,2,12,0,0,0,1,12,32004,6,1,0,0,3,3,61,999,0,0,0,0,0,0,0,0,0,0,0,0,0,0,2,2,45,1,1,8,1,0,0,1,62,99,1,1,65,1,0
12,120987,1,2,1,17,6,17,15,12,1,1,0,12,2,49,40,49040,4,2007,4T1BE46K37U5,4,T,1,B,E,4,6,K,3,7,U,5,0,0,0,000000000,00000000000,0,0,0,1,0,0,0,0,0,0,0,45,0,0,0,12,6,2,12,0,0,0,1,12,33415,6,1,0,0,3,3,68,999,1,0,0,0,0,5,2014,5,2014,0,0,0,0,0,8,8,40,8,8,8,1,97,8,1,51,99,1,1,24,1,0
12,120987,2,2,1,17,6,17,15,12,1,1,0,12,1,58,37,58037,2,2004,JNKCV54EX4M8,J,N,K,C,V,5,4,E,X,4,M,8,0,0,0,000000000,00000000000,0,0,0,1,0,0,0,0,0,0,0,5,0,0,0,6,6,2,12,0,0,0,1,12,33413,6,1,0,0,3,0,72,999,0,1,0,1,1,3,2013,1,2014,0,0,0,0,0,8,8,40,8,8,8,1,97,8,1,53,99,1,1,25,0,0
12,120989,1,2,1,24,6,22,8,12,6,1,0,12,2,49,32,49032,4,2010,1NXBU4EE0AZ3,1,N,X,B,U,4,E,E,0,A,Z,3,0,0,0,000000000,00000000000,0,0,0,1,0,0,0,0,0,0,0,10,0,0,0,3,6,2,12,0,0,0,1,12,32250,6,1,0,0,3,0,74,999,0,0,0,0,0,0,0,0,0,0,38,0,0,0,3,4,50,1,1,8,1,3,3,11,15,99,1,1,68,1,0
12,120989,2,2,1,24,6,22,8,12,6,1,0,47,3,84,884,84884,66,2014,1HSDHSNR9EH7,1,H,S,D,H,S,N,R,9,E,H,7,1,1,47,63419,4763419,3,6,1,1,0,0,0,0,0,0,0,50,0,0,0,12,6,2,12,0,0,0,1,1,36861,6,1,6,3,3,0,72,260,0,0,0,0,0,0,0,0,0,0,0,0,0,0,3,4,50,1,1,8,1,3,3,1,62,99,1,1,69,0,1
12,120990,1,1,2,28,6,16,43,33,0,1,0,12,2,52,34,52034,4,2009,4A3AB36F59E0,4,A,3,A,B,3,6,F,5,9,E,0,0,0,0,000000000,00000000000,0,0,0,1,0,0,0,0,0,0,0,50,0,1,5,14,6,2,30,0,0,0,1,12,34653,1,1,0,0,2,0,66,999,1,1,0,0,0,4,2014,6,2014,0,6,0,0,0,3,3,50,3,1,8,1,0,0,14,9,99,1,4,1,1,0
12,120991,1,1,1,29,6,14,54,18,0,1,0,12,1,73,706,73706,80,2009,JKAEXEC119DA,J,K,A,E,X,E,C,1,1,9,D,A,0,0,0,000000000,00000000000,0,0,0,1,0,0,0,0,0,0,0,100,0,0,0,12,6,2,18,0,0,0,1,12,33137,6,1,6,0,3,0,72,999,0,0,0,0,0,0,0,0,0,0,6,0,0,0,3,4,65,1,1,8,1,7,3,1,90,99,1,1,12,1,0
12,120992,1,3,1,1,7,17,35,12,2,1,0,12,1,14,401,14401,14,1999,4M2ZU52P9XUJ,4,M,2,Z,U,5,2,P,9,X,U,J,0,0,0,000000000,00000000000,0,0,0,1,0,0,0,0,0,0,0,45,0,0,0,12,6,2,12,0,0,0,1,12,32757,6,1,0,0,3,0,75,999,1,0,0,0,0,10,2012,10,2012,0,28,0,0,0,1,2,45,1,4,8,1,0,0,1,10,99,1,2,50,1,0
12,120992,2,3,1,1,7,17,35,12,2,1,0,12,3,20,481,20481,31,2014,3GCUKREC3EG3,3,G,C,U,K,R,E,C,3,E,G,3,0,0,0,000000000,00000000000,0,0,0,1,0,0,0,0,0,0,0,45,0,0,0,12,6,2,12,0,0,0,1,12,32771,6,1,6,0,3,0,71,999,0,0,0,0,0,0,0,0,0,0,0,0,0,0,1,2,45,1,4,8,1,0,0,1,62,99,1,1,51,1,0
12,120992,3,3,1,1,7,17,35,12,2,1,0,12,1,6,52,6052,1,2007,3C3JY45X47T6,3,C,3,J,Y,4,5,X,4,7,T,6,0,0,0,000000000,00000000000,0,0,0,1,0,0,0,0,0,0,0,45,0,0,0,12,6,2,12,0,0,0,1,12,32750,6,1,0,0,3,3,65,999,0,0,0,2,0,2,2012,1,2014,0,0,0,0,0,1,2,45,1,4,8,1,0,0,1,61,99,1,1,98,0,0
12,120993,1,1,1,2,7,5,13,8,0,1,0,12,2,20,481,20481,31,1992,1GCDC14ZXNZ2,1,G,C,D,C,1,4,Z,X,N,Z,2,0,0,0,000000000,00000000000,0,0,0,1,0,0,0,0,0,0,0,45,0,0,0,12,4,3,8,0,0,0,1,12,32238,6,1,0,0,3,0,77,999,0,1,0,0,0,1,2012,1,2012,0,0,0,0,0,5,7,45,1,1,8,1,3,3,1,80,99,1,1,13,0,0
12,120994,1,1,1,2,7,23,32,8,0,1,0,17,3,51,881,51881,63,2008,4V4M19GF28N4,4,V,4,M,1,9,G,F,2,8,N,4,1,1,17,71821,1771821,3,4,1,1,0,0,0,0,0,0,0,55,0,0,0,12,6,2,8,0,0,0,1,13,30108,6,1,6,3,3,3,71,999,98,0,0,0,0,0,0,0,0,0,0,0,0,0,3,2,65,1,1,8,1,0,0,1,80,99,1,1,13,0,0
12,120995,1,1,1,5,7,0,7,8,0,1,0,12,1,20,23,20023,6,2007,3GNDA23D77S5,3,G,N,D,A,2,3,D,7,7,S,5,0,0,0,000000000,00000000000,0,0,0,1,0,0,0,0,0,0,0,50,0,0,0,12,6,2,8,0,0,0,1,12,34208,6,1,0,0,3,0,69,999,0,0,0,0,0,0,0,0,0,0,0,0,0,0,1,6,45,1,1,8,1,0,0,1,80,99,1,1,13,0,0
12,120996,1,2,2,5,7,21,15,12,6,1,0,99,9,76,739,76739,90,2000,999999999999,9,9,9,9,9,9,9,9,9,9,9,9,0,0,0,000000000,00000000000,0,0,0,1,0,0,0,0,0,0,0,10,0,1,1,3,6,2,12,0,0,0,1,12,32757,6,1,0,0,3,0,67,999,0,0,0,1,0,3,2013,3,2013,0,38,0,0,0,1,2,55,1,1,8,2,0,0,1,10,99,1,1,98,2,1
12,120996,2,2,1,5,7,21,15,12,6,1,0,12,2,49,472,49472,30,2004,5TEGN92N64Z4,5,T,E,G,N,9,2,N,6,4,Z,4,0,0,0,000000000,00000000000,0,0,0,1,0,0,0,0,0,0,0,55,0,0,0,12,4,3,12,0,0,0,1,12,32736,6,1,0,0,3,3,63,999,0,0,0,0,0,0,0,0,0,0,0,0,0,0,1,2,55,1,1,8,2,0,0,1,64,99,1,1,98,0,0
12,120997,1,1,2,6,7,18,48,8,0,1,0,12,2,7,482,7482,31,1998,1B7KC23D9WJ1,1,B,7,K,C,2,3,D,9,W,J,1,0,0,0,000000000,00000000000,0,0,0,1,0,0,0,0,0,0,0,55,0,0,0,12,4,5,8,0,0,0,1,12,34654,6,1,0,0,3,3,72,999,0,0,0,0,0,0,0,0,0,0,0,0,0,0,3,4,55,1,1,8,1,0,0,1,80,3,1,1,13,0,0
12,120998,1,1,1,8,7,6,38,9,0,1,0,12,1,12,17,12017,4,2010,1FAHP2DW3AG1,1,F,A,H,P,2,D,W,3,A,G,1,0,0,0,000000000,00000000000,0,0,0,1,0,0,0,0,0,0,0,35,0,0,0,12,4,5,9,0,0,0,1,12,32053,6,1,0,0,3,3,70,999,0,0,0,0,0,0,0,0,0,0,38,0,0,0,1,2,35,1,1,8,1,0,0,1,83,99,1,1,13,0,0
12,120999,1,1,2,8,7,18,47,32,0,1,0,12,2,53,705,53705,80,2003,JS1GN7BA4321,J,S,1,G,N,7,B,A,4,3,2,1,0,0,0,000000000,00000000000,0,0,0,1,0,0,0,0,0,0,0,57,0,0,0,98,6,2,30,0,0,0,1,12,32808,1,1,0,0,2,0,73,999,0,0,0,0,0,0,0,0,0,0,6,0,0,0,1,2,40,3,1,8,2,0,0,14,13,99,1,4,1,1,1
12,121000,1,2,1,8,7,19,30,12,2,1,0,12,2,24,7,24007,4,2006,1G8AW15B76Z1,1,G,8,A,W,1,5,B,7,6,Z,1,0,0,0,000000000,00000000000,0,0,0,1,0,0,0,0,0,0,0,10,0,0,0,12,6,2,12,0,0,0,1,12,33803,6,1,0,0,3,0,67,999,0,0,0,0,0,0,0,0,0,0,38,0,0,0,1,2,45,1,1,8,1,0,0,11,15,99,1,1,68,0,0
12,121000,2,2,1,8,7,19,30,12,2,1,0,12,2,53,706,53706,80,2000,JS1GV75A9Y21,J,S,1,G,V,7,5,A,9,Y,2,1,0,0,0,000000000,00000000000,0,0,0,1,0,0,0,0,0,0,0,100,0,0,0,12,6,2,12,0,0,0,1,12,33566,2,1,0,0,2,0,72,999,0,0,0,0,0,0,0,0,0,0,0,0,0,0,1,2,45,1,1,8,1,0,0,1,62,99,1,1,69,1,1
12,121001,1,1,1,8,7,20,48,8,0,1,0,12,2,20,26,20026,5,2014,1G1RD6E44EU1,1,G,1,R,D,6,E,4,4,E,U,1,0,0,0,000000000,00000000000,0,0,0,1,0,0,0,0,0,0,0,20,0,0,0,12,4,5,8,0,0,0,1,12,32526,6,1,0,0,3,0,68,999,0,0,0,0,0,0,0,0,0,0,0,0,0,0,2,2,35,1,1,8,1,0,0,1,80,1,1,1,13,0,0
12,121002,1,1,6,9,7,13,30,9,0,1,0,12,2,23,498,23498,20,1991,1GDEG25K5M75,1,G,D,E,G,2,5,K,5,M,7,5,0,0,0,000000000,00000000000,0,0,0,1,0,0,0,0,0,0,0,40,0,0,0,12,4,5,9,0,0,0,1,12,34761,6,1,0,0,3,0,66,999,0,0,0,0,1,6,2012,6,2012,0,0,0,0,0,3,4,45,1,1,8,1,3,3,1,83,99,1,1,13,0,0
12,121003,1,6,2,1,2,8,0,12,6,1,0,12,1,7,482,7482,31,2004,1D7HU16D74J2,1,D,7,H,U,1,6,D,7,4,J,2,0,0,0,000000000,00000000000,0,0,0,1,0,0,0,0,0,0,0,40,0,1,1,12,6,2,12,0,0,0,1,12,33428,6,1,0,0,3,3,67,999,0,0,0,1,0,3,2013,3,2013,0,39,0,0,0,3,4,40,1,1,8,1,3,3,1,17,99,1,1,88,1,0
12,121003,2,6,1,1,2,8,0,12,6,1,0,12,2,52,34,52034,4,2007,4A3AB36F77E0,4,A,3,A,B,3,6,F,7,7,E,0,0,0,0,000000000,00000000000,0,0,0,1,0,0,0,0,0,0,0,35,0,0,0,9,6,2,12,0,0,0,1,12,33025,6,1,0,0,3,0,70,999,0,0,0,0,0,0,0,0,0,0,0,0,0,0,3,2,35,1,1,8,1,3,3,1,66,99,1,1,89,0,0
12,121003,3,6,3,1,2,8,0,12,6,1,0,12,1,30,40,30040,4,2013,3VWDX7AJ3DM2,3,V,W,D,X,7,A,J,3,D,M,2,0,0,0,000000000,00000000000,0,0,0,1,0,0,0,0,0,0,0,0,0,0,0,8,6,2,12,0,0,0,1,12,33024,6,1,6,0,3,0,66,999,0,0,0,0,0,0,0,0,0,0,0,0,0,0,3,3,35,1,1,8,1,3,3,5,67,99,1,1,98,0,0
12,121003,4,6,1,1,2,8,0,12,6,1,0,12,2,37,32,37032,4,2000,1HGCG5664YA0,1,H,G,C,G,5,6,6,4,Y,A,0,0,0,0,000000000,00000000000,0,0,0,1,0,0,0,0,0,0,0,0,0,0,0,11,6,2,12,0,0,0,1,12,33024,6,1,0,0,3,0,65,999,0,0,0,0,0,0,0,0,0,0,0,0,0,0,3,3,35,1,1,8,1,3,3,5,66,99,1,1,98,0,0
12,121003,5,6,2,1,2,8,0,12,6,1,0,12,1,55,33,55033,4,2007,5NPET46C17H2,5,N,P,E,T,4,6,C,1,7,H,2,0,0,0,000000000,00000000000,0,0,0,1,0,0,0,0,0,0,0,0,0,0,0,12,6,2,12,0,0,0,1,12,33024,6,1,0,0,3,3,64,999,0,0,0,0,0,0,0,0,0,0,0,0,0,0,3,3,35,1,1,8,1,3,3,5,66,99,1,1,98,0,0
12,121003,6,6,2,1,2,8,0,12,6,1,0,12,2,34,401,34401,14,2006,5UXFA13516LY,5,U,X,F,A,1,3,5,1,6,L,Y,0,0,0,000000000,00000000000,0,0,0,1,0,0,0,0,0,0,0,35,0,0,0,19,2,5,54,0,0,0,1,12,33025,6,1,0,0,3,0,62,999,0,1,0,0,0,7,2013,7,2013,0,0,0,0,0,3,3,35,1,1,8,1,3,3,1,98,99,1,1,98,0,0
12,121004,1,2,1,30,4,16,1,12,6,1,0,12,1,20,16,20016,4,2002,1G1JC5240272,1,G,1,J,C,5,2,4,0,2,7,2,0,0,0,000000000,00000000000,0,0,0,1,0,0,0,0,0,0,0,10,0,0,0,9,6,2,12,0,0,0,1,12,33573,6,1,0,0,3,3,71,999,0,0,0,0,0,0,0,0,0,0,38,0,0,0,3,2,55,2,1,8,1,0,0,14,17,99,1,1,89,1,0
12,121004,2,2,1,30,4,16,1,12,6,1,0,12,1,54,31,54031,3,1995,JH4DC4356SS0,J,H,4,D,C,4,3,5,6,S,S,0,0,0,0,000000000,00000000000,0,0,0,1,0,0,0,0,0,0,0,45,0,0,0,12,6,2,12,0,0,0,1,12,33570,6,1,6,0,3,3,67,999,0,0,0,0,0,0,0,0,0,0,0,0,0,0,3,2,55,2,1,8,1,0,0,14,66,2,1,1,88,0,0
12,121005,1,1,1,20,6,6,0,9,0,1,0,12,1,20,481,20481,31,2001,1GCHK23151F1,1,G,C,H,K,2,3,1,5,1,F,1,0,0,0,000000000,00000000000,0,0,0,1,0,0,0,0,0,0,0,5,0,0,0,12,0,5,9,0,0,0,1,12,32073,6,1,0,0,3,0,74,999,0,0,0,2,0,10,2011,1,2013,0,38,0,0,0,3,2,25,1,1,8,1,3,3,10,83,99,1,1,13,0,1
12,121006,1,2,1,20,6,10,14,12,6,1,0,12,2,12,481,12481,31,2002,1FTWW33F12EB,1,F,T,W,W,3,3,F,1,2,E,B,0,0,0,000000000,00000000000,0,0,0,1,0,0,0,0,0,0,0,998,0,0,0,12,4,5,12,0,0,0,1,12,34769,6,1,0,0,3,0,72,999,0,0,0,1,0,8,2011,8,2011,0,38,0,0,0,3,2,60,1,5,8,1,0,0,1,17,99,1,1,88,0,0
12,121006,2,2,1,20,6,10,14,12,6,1,0,12,1,37,706,37706,80,2005,1HFSC47485A4,1,H,F,S,C,4,7,4,8,5,A,4,0,0,0,000000000,00000000000,0,0,0,1,0,0,0,0,0,0,0,998,0,0,0,11,6,2,12,0,0,0,1,12,34714,6,1,0,0,3,0,69,999,0,0,0,0,0,0,0,0,0,0,0,0,0,0,3,4,60,1,5,8,1,0,0,1,66,99,1,1,89,1,1
12,121007,1,1,2,22,6,22,3,8,0,1,0,12,1,49,401,49401,14,2001,JT3GN87R3101,J,T,3,G,N,8,7,R,3,1,0,1,0,0,0,000000000,00000000000,0,0,0,1,0,0,0,0,0,0,0,65,0,0,0,12,6,2,8,0,0,0,1,12,33055,6,1,0,0,3,3,64,999,0,0,0,0,0,0,0,0,0,0,0,0,0,0,3,2,70,1,1,8,1,0,0,1,80,99,1,1,13,0,0
12,121008,1,1,1,22,6,17,31,9,0,1,0,12,1,35,472,35472,30,2008,1N6AD07U48C4,1,N,6,A,D,0,7,U,4,8,C,4,0,0,0,000000000,00000000000,0,0,0,1,0,0,0,0,0,0,0,10,0,0,0,12,4,5,9,0,0,0,1,12,32807,6,1,0,0,3,0,67,999,0,0,0,0,0,0,0,0,0,0,0,0,0,0,1,2,20,1,1,8,1,0,0,1,83,99,1,1,13,0,0
12,121009,1,2,1,23,6,3,6,12,1,1,0,12,1,49,34,49034,3,1983,JT2MA67L2D00,J,T,2,M,A,6,7,L,2,D,0,0,0,0,0,000000000,00000000000,0,0,0,1,0,0,0,0,0,0,0,0,0,0,0,6,6,2,12,0,0,0,1,12,33029,6,1,0,0,3,3,68,999,0,0,0,0,0,0,0,0,0,0,0,0,0,0,3,3,70,1,1,8,2,0,0,5,53,1,1,1,21,1,0
12,121009,2,2,1,23,6,3,6,12,1,1,0,12,1,82,884,82884,66,1999,1FUYSWEB7XLA,1,F,U,Y,S,W,E,B,7,X,L,A,1,1,12,9577200,129577200,3,6,1,1,0,0,0,0,0,0,0,58,0,0,0,12,6,2,12,0,0,0,1,12,33187,6,1,6,3,3,3,69,999,0,0,0,0,0,0,0,0,0,0,0,0,0,0,3,3,70,1,1,8,2,0,0,1,50,6,1,1,20,0,0
12,121010,1,2,1,27,6,15,48,12,6,1,0,12,2,49,49,49049,6,2006,JTLKT3245640,J,T,L,K,T,3,2,4,5,6,4,0,0,0,0,000000000,00000000000,0,0,0,1,0,0,0,0,0,0,0,5,0,0,0,9,6,2,12,0,0,0,1,12,34224,6,1,0,0,3,3,63,999,0,0,0,0,0,0,0,0,0,0,38,0,0,0,0,0,0,0,0,0,0,0,0,10,16,99,1,1,78,1,0