STATE,ST_CASE,VEH_NO,VE_FORMS,NUMOCCS,DAY,MONTH,HOUR,MINUTE,HARM_EV,MAN_COLL,UNITTYPE,HIT_RUN,REG_STAT,OWNER,MAKE,MODEL,MAK_MOD,BODY_TYP,MOD_YEAR,VIN,VIN_1,VIN_2,VIN_3,VIN_4,VIN_5,VIN_6,VIN_7,VIN_8,VIN_9,VIN_10,VIN_11,VIN_12,TOW_VEH,J_KNIFE,MCARR_I1,MCARR_I2,MCARR_ID,GVWR,V_CONFIG,CARGO_BT,HAZ_INV,HAZ_PLAC,HAZ_ID,HAZ_CNO,HAZ_REL,BUS_USE,SPEC_USE,EMER_USE,TRAV_SP,UNDERIDE,ROLLOVER,ROLINLOC,IMPACT1,DEFORMED,TOWED,M_HARM,VEH_SC1,VEH_SC2,FIRE_EXP,DR_PRES,L_STATE,DR_ZIP,L_STATUS,L_TYPE,CDL_STAT,L_ENDORS,L_COMPL,L_RESTRI,DR_HGT,DR_WGT,PREV_ACC,PREV_SUS,PREV_DWI,PREV_SPD,PREV_OTH,FIRST_MO,FIRST_YR,LAST_MO,LAST_YR,SPEEDREL,DR_SF1,DR_SF2,DR_SF3,DR_SF4,VTRAFWAY,VNUM_LAN,VSPD_LIM,VALIGN,VPROFILE,VPAVETYP,VSURCOND,VTRAFCON,VTCONT_F,P_CRASH1,P_CRASH2,P_CRASH3,PCRASH4,PCRASH5,ACC_TYPE,DEATHS,DR_DRINK
12,121010,2,2,2,27,6,15,48,12,6,1,0,12,2,37,441,37441,20,2005,5FNRL38625B4,5,F,N,R,L,3,8,6,2,5,B,4,0,0,0,000000000,00000000000,0,0,0,1,0,0,0,0,0,0,0,45,0,0,0,12,6,2,12,0,0,0,1,12,33981,6,1,0,0,3,0,72,999,0,0,0,0,0,0,0,0,0,0,0,0,0,0,3,3,45,1,1,8,1,0,0,11,67,99,1,1,79,0,0
12,121011,1,1,1,3,7,20,20,34,0,1,0,12,1,37,441,37441,20,2000,2HKRL1862YH5,2,H,K,R,L,1,8,6,2,Y,H,5,0,0,0,000000000,00000000000,0,0,0,1,0,0,0,0,0,0,0,37,0,1,5,98,6,2,42,0,0,0,1,12,33701,6,1,0,0,3,3,64,999,0,0,0,0,0,0,0,0,0,0,0,0,0,0,2,2,65,1,1,8,2,0,0,1,13,99,1,4,1,1,0
12,121012,1,1,2,4,7,18,55,24,0,1,0,12,1,73,706,73706,80,2012,JKAEXEE17CDA,J,K,A,E,X,E,E,1,7,C,D,A,0,0,0,000000000,00000000000,0,0,0,1,0,0,0,0,0,0,0,55,0,0,0,11,6,2,24,0,0,0,1,12,32548,6,1,0,0,3,0,71,999,0,0,0,0,0,0,0,0,0,0,6,0,0,0,6,2,55,2,5,8,1,0,0,14,12,99,1,4,6,1,0
12,121013,1,1,3,6,7,23,44,42,0,1,0,12,1,6,54,6054,6,2004,2C8GF68464R1,2,C,8,G,F,6,8,4,6,4,R,1,0,0,0,000000000,00000000000,0,0,0,1,0,0,0,0,0,0,0,70,0,0,0,12,6,2,42,0,0,0,1,12,34205,6,1,0,0,3,0,76,999,0,0,0,1,0,11,2012,11,2012,0,0,0,0,0,2,2,70,1,6,8,1,0,0,1,12,99,1,4,6,1,0
12,121014,1,2,2,8,7,18,44,12,6,1,0,12,2,49,40,49040,4,2003,4T1BF32K23U0,4,T,1,B,F,3,2,K,2,3,U,0,0,0,0,000000000,00000000000,0,0,0,1,0,0,0,0,0,0,0,15,0,0,0,3,6,2,12,0,0,0,1,12,34698,6,1,0,0,3,3,71,999,0,0,0,0,0,0,0,0,0,0,6,0,0,0,2,2,40,1,1,8,1,20,3,1,17,99,1,1,87,0,0
12,121014,2,2,1,8,7,18,44,12,6,1,0,12,2,53,706,53706,80,2012,JS1GT78A5C21,J,S,1,G,T,7,8,A,5,C,2,1,0,0,0,000000000,00000000000,0,0,0,1,0,0,0,0,0,0,0,40,0,0,0,12,6,2,12,0,0,0,1,12,33602,6,1,0,0,3,0,69,999,0,0,0,0,0,0,0,0,0,0,0,0,0,0,2,3,40,1,1,8,1,0,0,1,66,99,1,1,86,1,0
12,121015,1,2,1,10,7,16,38,12,1,1,0,12,1,37,31,37031,4,2004,2HGES16544H5,2,H,G,E,S,1,6,5,4,4,H,5,0,0,0,000000000,00000000000,0,0,0,1,0,0,0,0,0,0,0,70,0,0,0,12,6,2,12,0,0,0,1,12,33455,6,1,0,0,3,3,70,999,0,0,0,0,0,0,0,0,0,0,6,0,0,0,3,2,55,1,3,8,1,0,0,1,51,99,1,1,24,1,0
12,121015,2,2,1,10,7,16,38,12,1,1,0,12,3,84,884,84884,61,2005,1HTMMAAM15H6,1,H,T,M,M,A,A,M,1,5,H,6,0,0,88,888888888,88888888888,2,1,96,1,0,0,0,0,0,0,0,40,0,0,0,6,4,5,12,0,0,0,1,12,33470,6,1,0,0,3,0,66,999,0,0,0,0,0,0,0,0,0,0,0,0,0,0,3,2,55,1,3,8,1,0,0,1,53,99,1,1,25,0,0
12,121016,1,3,4,10,5,20,44,12,7,1,0,12,2,49,401,49401,14,1997,JT3GN86R7V00,J,T,3,G,N,8,6,R,7,V,0,0,0,0,0,000000000,00000000000,0,0,0,1,0,0,0,0,0,0,0,60,0,1,5,11,6,2,1,0,0,0,1,12,34956,0,0,0,0,0,0,999,999,0,0,0,0,0,0,0,0,0,0,0,0,0,0,3,2,55,2,1,8,1,0,0,15,10,99,1,2,47,1,1
12,121016,2,3,2,10,5,20,44,12,7,1,0,12,2,32,43,32043,1,2008,WAUDF48H78K0,W,A,U,D,F,4,8,H,7,8,K,0,0,0,0,000000000,00000000000,0,0,0,1,0,0,0,0,0,0,0,55,0,0,0,5,4,3,12,0,0,0,1,12,34997,6,1,0,0,3,3,71,999,0,0,0,0,0,0,0,0,0,0,0,0,0,0,3,2,55,2,1,8,1,0,0,14,61,99,1,1,45,0,0
12,121016,3,3,2,10,5,20,44,12,7,1,0,12,2,19,5,19005,2,2000,1G6ET1291YU1,1,G,6,E,T,1,2,9,1,Y,U,1,0,0,0,000000000,00000000000,0,0,0,1,0,0,0,0,0,0,0,55,0,0,0,12,2,3,12,0,0,0,1,12,34957,6,1,6,0,3,0,69,999,0,0,0,0,0,0,0,0,0,0,0,0,0,0,3,2,55,2,1,8,1,0,0,14,61,99,1,1,98,0,0
12,121017,1,2,1,18,2,14,50,12,6,1,0,12,3,12,481,12481,31,2010,1FTEW1C84AFD,1,F,T,E,W,1,C,8,4,A,F,D,0,0,0,000000000,00000000000,0,0,0,1,0,0,0,0,0,0,0,999,0,0,0,11,4,3,12,0,0,0,1,12,33308,6,1,0,0,3,0,72,999,0,0,0,0,0,0,0,0,0,0,0,0,0,0,1,2,30,1,1,8,1,20,3,1,17,99,1,1,89,1,0
12,121017,2,2,1,18,2,14,50,12,6,1,0,12,1,20,481,20481,31,1999,2GCEC19T2X12,2,G,C,E,C,1,9,T,2,X,1,2,0,0,0,000000000,00000000000,0,0,0,1,0,0,0,0,0,0,0,999,0,0,0,12,6,2,12,0,0,0,1,12,33334,6,1,0,0,3,0,68,999,0,0,0,0,1,10,2011,10,2011,0,0,0,0,0,1,2,30,1,1,8,1,0,0,1,66,99,1,1,88,0,0
12,121018,1,2,1,28,3,20,10,12,6,1,0,12,1,53,705,53705,80,1995,JS1GM51A0S21,J,S,1,G,M,5,1,A,0,S,2,1,0,0,0,000000000,00000000000,0,0,0,1,0,0,0,0,0,0,0,50,0,0,0,11,6,2,12,0,0,0,1,12,33990,6,1,0,0,3,0,67,999,0,1,0,1,2,4,2012,5,2013,0,0,0,0,0,3,5,50,2,1,8,1,0,0,14,62,99,1,1,69,1,0
12,121018,2,2,2,28,3,20,10,12,6,1,0,12,1,7,442,7442,20,2014,2C4RDGEG5ER1,2,C,4,R,D,G,E,G,5,E,R,1,0,0,0,000000000,00000000000,0,0,0,1,0,0,0,0,0,0,0,35,0,0,0,12,4,5,12,0,0,0,1,12,33909,6,1,0,0,3,3,74,999,0,0,0,0,0,0,0,0,0,0,0,0,0,0,3,5,50,2,1,8,1,0,0,11,15,99,1,1,68,0,0
12,121019,1,1,1,4,4,9,15,42,0,1,0,12,2,18,2,18002,4,2002,1G4HR54K92U1,1,G,4,H,R,5,4,K,9,2,U,1,0,0,0,000000000,00000000000,0,0,0,1,0,0,0,0,0,0,0,61,0,0,0,12,4,3,42,0,0,0,1,12,34231,1,1,1,0,2,3,74,999,0,0,0,0,0,0,0,0,0,0,6,0,0,0,1,2,35,1,5,8,1,28,3,1,12,99,1,4,6,1,1
12,121020,1,1,1,8,6,21,40,9,0,1,1,99,9,99,999,99999,99,9999,999999999999,9,9,9,9,9,9,9,9,9,9,9,9,0,0,0,000000000,00000000000,0,0,0,1,0,0,0,0,0,0,0,999,0,0,0,12,9,9,9,0,0,0,1,99,99999,9,9,99,9,9,9,999,999,99,99,99,99,99,99,9999,99,9999,0,0,0,0,0,1,2,98,8,8,8,1,0,0,1,83,99,1,1,13,0,0
12,121021,1,1,1,10,6,22,6,8,0,1,0,12,1,35,471,35471,30,1995,1N6SD11S7SC4,1,N,6,S,D,1,1,S,7,S,C,4,0,0,0,000000000,00000000000,0,0,0,1,0,0,0,0,0,0,0,38,0,0,0,12,4,3,8,0,0,0,1,12,34475,6,1,0,0,3,0,70,999,0,1,0,1,0,7,2013,10,2013,0,0,0,0,0,1,7,35,1,1,8,2,3,3,1,80,99,1,1,13,0,0
12,121022,1,1,1,13,6,10,45,42,0,1,0,12,2,12,16,12016,4,2003,2FAFP71W73X1,2,F,A,F,P,7,1,W,7,3,X,1,0,0,0,000000000,00000000000,0,0,0,1,0,0,0,0,0,0,0,80,0,1,5,12,6,2,42,0,0,0,1,12,34772,6,1,0,0,3,0,67,999,0,0,0,0,0,0,0,0,0,0,6,0,0,0,1,2,60,1,1,2,1,0,0,1,10,7,3,4,2,1,0
12,121023,1,1,1,18,7,9,9,42,0,1,0,12,1,12,481,12481,31,1998,1FTZX1769WNB,1,F,T,Z,X,1,7,6,9,W,N,B,0,0,0,000000000,00000000000,0,0,0,1,0,0,0,0,0,0,0,35,0,0,0,12,6,2,42,0,0,0,1,12,33809,6,1,6,0,3,0,71,999,0,1,0,0,0,3,2012,3,2012,0,0,0,0,0,3,2,40,1,1,8,1,0,0,99,13,99,1,4,1,1,0
12,121024,1,1,2,23,6,12,44,31,0,1,0,12,2,38,402,38402,14,2004,4S2CK58WX443,4,S,2,C,K,5,8,W,X,4,4,3,1,1,0,000000000,00000000000,0,0,0,1,0,0,0,0,0,0,0,60,0,1,5,12,6,2,30,0,0,0,1,12,33332,6,1,0,0,3,0,63,999,0,0,0,0,0,0,0,0,0,0,0,0,0,0,5,3,45,1,1,8,1,0,0,1,13,99,1,4,1,1,0
12,121025,1,2,1,25,6,15,40,12,6,1,0,12,1,7,442,7442,20,2006,2D4GP44L46R7,2,D,4,G,P,4,4,L,4,6,R,7,0,0,0,000000000,00000000000,0,0,0,1,0,0,0,0,0,0,0,1,0,0,0,1,6,2,12,0,0,0,1,12,33063,6,1,0,0,3,3,64,999,0,0,0,0,0,0,0,0,0,0,0,0,0,0,3,4,45,1,1,8,1,0,0,11,15,99,1,1,68,0,0
12,121025,2,2,1,25,6,15,40,12,6,1,0,12,1,53,706,53706,80,2006,JS1GT76A1621,J,S,1,G,T,7,6,A,1,6,2,1,0,0,0,000000000,00000000000,0,0,0,1,0,0,0,0,0,0,0,1,0,0,0,12,6,2,12,0,0,0,1,12,33314,6,1,0,0,3,0,67,999,1,0,0,0,0,6,2013,6,2013,0,0,0,0,0,3,4,45,1,1,8,1,0,0,1,62,99,1,1,69,1,0
12,121026,1,1,1,3,7,10,47,8,0,1,0,12,3,12,481,12481,31,2012,1FD7X2B62CED,1,F,D,7,X,2,B,6,2,C,E,D,0,0,0,000000000,00000000000,0,0,0,1,0,0,0,0,0,0,0,65,0,0,0,3,2,5,8,0,0,0,1,12,32348,6,1,6,0,3,0,73,999,0,1,0,1,0,12,2013,12,2013,0,6,0,0,0,3,2,65,1,1,8,1,0,0,1,13,7,1,4,13,0,0
12,121027,1,1,1,3,7,21,47,8,0,1,0,12,1,12,422,12422,15,1999,1FMRU1761XLC,1,F,M,R,U,1,7,6,1,X,L,C,0,0,0,000000000,00000000000,0,0,0,1,0,0,0,0,0,0,0,45,0,0,0,12,6,2,8,0,0,0,1,12,33415,6,1,0,0,3,0,71,999,0,2,0,0,0,4,2012,5,2013,0,0,0,0,0,3,4,45,1,1,8,1,0,0,1,80,99,1,1,13,0,0
12,121028,1,1,1,3,7,7,35,30,0,1,0,12,2,12,3,12003,2,2004,1FAFP42X54F1,1,F,A,F,P,4,2,X,5,4,F,1,0,0,0,000000000,00000000000,0,0,0,1,0,0,0,0,0,0,0,77,0,0,0,3,6,2,42,0,0,0,1,12,33912,6,1,0,0,3,0,73,999,0,0,0,0,0,0,0,0,0,4,6,0,0,0,2,2,50,3,1,8,1,0,0,6,12,99,4,4,7,1,0
12,121029,1,2,1,6,7,20,0,1,0,1,0,12,2,53,706,53706,80,2000,JS1VS53A9Y21,J,S,1,V,S,5,3,A,9,Y,2,1,0,0,0,000000000,00000000000,0,0,0,1,0,0,0,0,0,0,0,45,0,0,0,0,4,3,1,0,0,0,1,12,32211,6,1,0,0,3,0,62,999,0,0,0,0,0,0,0,0,0,0,6,0,0,0,1,2,45,3,1,8,1,0,0,14,13,99,1,4,1,1,1
12,121029,2,2,2,6,7,20,0,1,0,1,0,12,2,37,706,37706,80,2002,JH2PC21382M3,J,H,2,P,C,2,1,3,8,2,M,3,0,0,0,000000000,00000000000,0,0,0,1,0,0,0,0,0,0,0,45,0,0,0,98,4,3,24,0,0,0,1,12,32211,1,1,0,0,2,0,72,999,0,4,0,1,0,2,2013,4,2014,0,6,0,0,0,1,2,45,3,1,8,1,0,0,14,13,7,1,4,98,0,1
12,121030,1,2,2,7,7,6,20,12,2,1,0,12,1,12,442,12442,20,1999,2FMZA5247XBC,2,F,M,Z,A,5,2,4,7,X,B,C,0,0,0,000000000,00000000000,0,0,0,1,0,0,0,0,0,0,0,66,0,0,0,12,6,2,12,0,0,0,1,12,32222,6,1,0,0,3,3,68,999,0,0,0,0,0,0,0,0,0,0,51,0,0,0,5,6,65,1,1,8,1,0,0,1,13,6,1,6,50,2,0
12,121030,2,2,1,7,7,6,20,12,2,1,0,12,3,86,884,86884,66,2014,1M1AN09Y5EM0,1,M,1,A,N,0,9,Y,5,E,M,0,1,1,12,158592,12158592,3,6,8,1,0,0,0,0,0,0,0,62,0,0,0,12,6,2,12,0,0,0,1,12,32640,6,1,6,0,3,0,69,999,0,0,0,0,0,0,0,0,0,0,0,0,0,0,5,6,65,1,1,8,1,0,0,1,62,99,1,1,51,0,0
12,121031,1,3,1,8,7,0,32,12,1,1,0,12,2,49,40,49040,4,2014,4T1BF1FKXEU7,4,T,1,B,F,1,F,K,X,E,U,7,0,0,0,000000000,00000000000,0,0,0,1,0,0,0,0,0,0,0,70,0,0,0,12,6,2,12,0,0,0,1,12,33020,1,1,0,0,2,0,74,999,0,1,0,0,0,5,2013,5,2013,3,6,8,0,0,2,4,35,1,1,8,1,0,0,1,51,99,1,1,24,0,1
12,121031,2,3,1,8,7,0,32,12,1,1,0,12,1,98,701,98701,80,2013,LHJTLBBN9DB2,L,H,J,T,L,B,B,N,9,D,B,2,0,0,0,000000000,00000000000,0,0,0,1,0,0,0,0,0,0,0,30,0,0,0,6,6,2,12,0,0,0,1,12,33004,1,1,0,0,2,0,74,999,0,1,0,0,0,10,2013,10,2013,0,0,0,0,0,2,4,35,1,1,8,1,0,0,1,53,99,1,1,25,1,0
12,121031,3,3,3,8,7,0,32,12,1,1,0,12,2,37,32,37032,4,2006,1HGCM56436A0,1,H,G,C,M,5,6,4,3,6,A,0,0,0,0,000000000,00000000000,0,0,0,1,0,0,0,0,0,0,0,15,0,0,0,6,2,3,12,0,0,0,1,12,33020,6,1,0,0,3,0,65,999,0,0,0,0,0,0,0,0,0,0,0,0,0,0,2,4,35,1,1,8,1,0,0,2,60,99,1,1,98,0,0
12,121032,1,1,1,8,7,23,30,1,0,1,0,12,1,72,706,72706,80,2010,1HD1FB414AB6,1,H,D,1,F,B,4,1,4,A,B,6,0,0,0,000000000,00000000000,0,0,0,1,0,0,0,0,0,0,0,50,0,0,0,0,4,3,30,0,0,0,1,12,34224,6,1,6,0,3,0,72,999,0,0,0,0,0,0,0,0,0,0,0,0,0,0,1,2,30,3,1,8,1,0,0,14,13,99,1,4,1,1,1
12,121033,1,2,2,8,7,19,40,12,6,1,0,12,2,63,33,63033,4,2003,KNAFB1614351,K,N,A,F,B,1,6,1,4,3,5,1,0,0,0,000000000,00000000000,0,0,0,1,0,0,0,0,0,0,0,45,0,0,0,12,6,2,12,0,0,0,1,12,32958,6,1,0,0,3,0,73,999,0,2,0,0,1,10,2012,3,2014,0,59,39,0,0,1,2,45,1,1,8,2,20,3,1,17,99,1,1,86,0,1
12,121033,2,2,1,8,7,19,40,12,6,1,0,12,1,35,49,35049,6,2004,JN8AZ08T64W2,J,N,8,A,Z,0,8,T,6,4,W,2,0,0,0,000000000,00000000000,0,0,0,1,0,0,0,0,0,0,0,45,0,0,0,3,6,2,12,0,0,0,1,12,32967,6,1,0,0,3,3,68,999,0,0,0,0,0,0,0,0,0,0,0,0,0,0,1,2,45,1,1,8,2,0,0,1,66,99,1,1,87,1,0
12,121034,1,1,2,11,7,7,48,8,0,1,0,12,1,24,9,24009,4,2007,1G8ZS57N27F1,1,G,8,Z,S,5,7,N,2,7,F,1,0,0,0,000000000,00000000000,0,0,0,1,0,0,0,0,0,0,0,5,0,0,0,12,2,3,8,0,0,0,1,12,33027,6,1,0,0,3,3,68,999,0,0,0,0,0,0,0,0,0,0,6,0,0,0,3,5,25,1,1,8,1,20,3,10,80,99,1,1,13,0,0
12,121035,1,2,2,12,7,9,36,12,6,1,0,12,2,30,47,30047,3,2005,3VWCK31C45M4,3,V,W,C,K,3,1,C,4,5,M,4,0,0,0,000000000,00000000000,0,0,0,1,0,0,0,0,0,0,0,15,0,1,5,12,6,2,12,0,0,0,1,12,32216,6,1,0,0,3,3,66,999,0,0,0,1,0,1,2013,1,2013,0,38,0,0,0,1,2,55,1,1,8,1,0,0,11,15,99,1,1,68,1,0
12,121035,2,2,1,12,7,9,36,12,6,1,0,12,1,20,9,20009,2,1998,2G1FP22GXW21,2,G,1,F,P,2,2,G,X,W,2,1,0,0,0,000000000,00000000000,0,0,0,1,0,0,0,0,0,0,0,55,0,0,0,8,6,2,12,0,0,0,1,12,32043,6,1,0,0,3,3,68,999,0,0,0,0,0,0,0,0,0,3,38,0,0,0,1,2,55,1,1,8,1,0,0,1,62,7,3,2,69,0,0
12,121036,1,1,1,12,7,21,50,8,0,1,0,12,2,41,51,41051,4,2008,JM1BK12F4817,J,M,1,B,K,1,2,F,4,8,1,7,0,0,0,000000000,00000000000,0,0,0,1,0,0,0,0,0,0,0,70,0,0,0,12,4,3,8,0,0,0,1,12,32940,6,1,0,0,3,3,67,999,0,0,0,0,0,0,0,0,0,0,0,0,0,0,3,3,70,1,1,8,1,0,0,1,80,99,1,1,13,0,0
12,121037,1,2,2,13,7,9,45,12,6,1,0,12,2,20,471,20471,30,1999,1GCCS1448X81,1,G,C,C,S,1,4,4,8,X,8,1,0,0,0,000000000,00000000000,0,0,0,1,0,0,0,0,0,0,0,15,0,0,0,9,4,3,12,0,0,0,1,12,32164,6,1,0,0,3,0,72,999,0,0,0,0,0,0,0,0,0,0,38,0,0,0,1,2,45,1,1,8,1,20,3,1,17,99,1,1,89,0,0
12,121037,2,2,1,13,7,9,45,12,6,1,0,12,1,37,706,37706,80,2006,1HFSC47H66A5,1,H,F,S,C,4,7,H,6,6,A,5,0,0,0,000000000,00000000000,0,0,0,1,0,0,0,0,0,0,0,45,0,0,0,12,6,2,12,0,0,0,1,12,32164,6,1,0,0,3,0,68,999,0,0,0,0,0,0,0,0,0,0,0,0,0,0,3,4,45,1,1,8,1,20,3,1,66,3,1,1,88,1,0
12,121038,1,1,2,14,7,14,14,8,0,1,0,12,1,2,422,2422,15,2014,1C4RJEBG2EC4,1,C,4,R,J,E,B,G,2,E,C,4,0,0,0,000000000,00000000000,0,0,0,1,0,0,0,0,0,0,0,20,0,0,0,12,2,5,8,0,0,0,1,12,32806,6,1,0,0,3,0,74,999,0,1,0,1,0,2,2012,6,2014,0,0,0,0,0,5,5,30,1,1,8,1,0,0,1,80,99,1,1,13,0,0
12,121039,1,1,1,14,7,8,50,1,0,1,0,12,1,37,706,37706,80,2009,1HFSC52T79A6,1,H,F,S,C,5,2,T,7,9,A,6,0,0,0,000000000,00000000000,0,0,0,1,0,0,0,0,0,0,0,70,0,0,0,0,6,2,1,0,0,0,1,12,34222,6,1,0,0,3,3,72,999,0,0,0,0,0,0,0,0,0,0,6,0,0,0,3,2,70,1,1,2,1,0,0,1,98,6,1,2,98,1,0
12,121040,1,1,1,15,7,2,0,8,0,1,1,99,9,99,999,99999,99,9999,999999999999,9,9,9,9,9,9,9,9,9,9,9,9,0,0,0,000000000,00000000000,0,0,0,1,0,0,0,0,0,0,0,998,0,0,0,98,9,5,8,0,0,0,1,99,99999,9,9,99,9,9,9,999,999,99,99,99,99,99,99,9999,99,9999,9,0,0,0,0,1,2,35,1,1,8,1,0,0,1,80,99,1,9,13,0,0
12,121041,1,1,2,15,7,21,5,8,0,1,0,12,1,12,17,12017,4,2001,1FAFP55U11A2,1,F,A,F,P,5,5,U,1,1,A,2,0,0,0,000000000,00000000000,0,0,0,1,0,0,0,0,0,0,0,50,0,0,0,12,4,3,8,0,0,0,1,12,32011,6,1,0,0,3,3,66,999,0,1,0,1,0,3,2012,3,2012,0,0,0,0,0,1,2,45,1,1,8,1,0,0,1,80,99,1,1,13,0,0
12,121042,1,2,1,2,3,17,55,1,0,1,0,12,1,38,402,38402,14,1998,4S2CK58W4W43,4,S,2,C,K,5,8,W,4,W,4,3,0,0,0,000000000,00000000000,0,0,0,1,0,0,0,0,0,0,0,15,0,0,0,9,4,3,12,0,0,0,1,12,33417,6,1,0,0,3,0,70,999,0,0,0,0,0,0,0,0,0,0,38,0,0,0,0,0,0,0,0,0,0,0,0,11,15,99,1,1,98,0,0
12,121042,2,2,1,2,3,17,55,1,0,1,0,12,2,73,703,73703,80,2011,JKAEXMJ1XBDA,J,K,A,E,X,M,J,1,X,B,D,A,0,0,0,000000000,00000000000,0,0,0,1,0,0,0,0,0,0,0,40,0,0,0,0,6,2,1,0,0,0,1,12,33415,9,9,99,9,9,9,999,999,99,99,99,99,99,99,9999,99,9999,0,0,0,0,0,5,6,40,1,1,8,1,0,0,1,72,98,2,2,98,1,0
12,121044,1,2,1,4,4,20,38,12,7,1,0,12,1,12,17,12017,4,2007,1FAFP56UX7A1,1,F,A,F,P,5,6,U,X,7,A,1,0,0,0,000000000,00000000000,0,0,0,1,0,0,0,0,0,0,0,999,0,1,5,8,6,2,12,0,0,0,1,12,33467,6,1,0,0,3,0,70,999,0,0,0,0,1,11,2012,11,2012,0,6,0,0,0,2,2,45,1,1,8,1,0,0,1,51,4,1,1,48,1,1
12,121044,2,2,2,4,4,20,38,12,7,1,0,12,2,2,405,2405,14,2005,1J4GL48K75W5,1,J,4,G,L,4,8,K,7,5,W,5,0,0,0,000000000,00000000000,0,0,0,1,0,0,0,0,0,0,0,999,0,0,0,5,2,5,12,0,0,0,1,12,33467,6,1,0,0,3,3,69,999,0,0,0,0,0,0,0,0,0,0,0,0,0,0,2,2,45,1,1,8,1,0,0,1,53,99,1,1,48,0,0
12,121045,1,1,1,9,4,9,7,9,0,1,0,12,1,6,441,6441,20,2009,2A8HR44E79R6,2,A,8,H,R,4,4,E,7,9,R,6,0,0,0,000000000,00000000000,0,0,0,1,0,0,0,0,0,0,0,45,0,0,0,12,4,3,9,0,0,0,1,12,33434,6,1,0,0,3,3,62,999,1,0,0,0,1,11,2011,1,2012,0,28,0,0,0,1,2,45,1,1,8,1,0,0,1,13,99,1,4,1,0,0
12,121046,1,1,1,11,4,15,24,8,0,1,0,12,1,24,1,24001,4,2001,1G8ZK54701Z2,1,G,8,Z,K,5,4,7,0,1,Z,2,0,0,0,000000000,00000000000,0,0,0,1,0,0,0,0,0,0,0,998,0,0,0,12,2,5,8,0,0,0,1,12,33417,6,1,0,0,3,3,70,999,0,0,0,0,0,0,0,0,0,0,0,0,0,0,1,2,98,1,1,8,2,0,0,1,80,99,1,1,13,0,0
12,121047,1,1,1,25,4,20,50,33,0,1,0,12,1,37,706,37706,80,2006,1HFSC52036A3,1,H,F,S,C,5,2,0,3,6,A,3,0,0,0,000000000,00000000000,0,0,0,1,0,0,0,0,0,0,0,45,0,0,0,12,6,2,33,0,0,0,1,12,33412,6,1,0,0,3,3,62,999,0,0,0,0,0,0,0,0,0,0,0,0,0,0,2,2,55,1,1,8,1,0,0,1,12,99,1,4,6,1,0
12,121049,1,1,1,8,5,10,40,24,0,1,0,12,2,37,706,37706,80,2007,1HFSC55097A3,1,H,F,S,C,5,5,0,9,7,A,3,0,0,0,000000000,00000000000,0,0,0,1,0,0,0,0,0,0,0,70,0,0,0,11,6,2,24,0,0,0,1,12,32832,6,1,0,0,2,3,67,999,0,0,0,0,0,0,0,0,0,4,0,0,0,0,6,2,45,2,1,2,1,0,0,14,12,99,1,4,6,1,0
12,121050,1,1,1,18,6,7,41,8,0,1,0,12,3,20,461,20461,21,2014,1GCSGAFX3E11,1,G,C,S,G,A,F,X,3,E,1,1,0,0,0,000000000,00000000000,0,0,0,1,0,0,0,0,0,0,0,30,0,0,0,12,2,5,15,0,0,0,1,12,34639,6,1,0,0,3,0,71,999,0,0,0,0,0,0,0,0,0,0,6,0,0,0,1,2,30,3,1,8,1,0,0,14,80,99,1,1,13,0,0
12,121051,1,2,1,23,6,2,35,12,6,1,0,12,1,12,471,12471,30,1999,1FTYR14V7XPB,1,F,T,Y,R,1,4,V,7,X,P,B,0,0,0,000000000,00000000000,0,0,0,1,0,0,0,0,0,0,0,10,0,0,0,12,6,2,12,0,0,0,1,12,33021,6,1,0,0,3,3,67,999,0,0,0,0,0,0,0,0,0,0,6,28,0,0,3,3,40,1,1,8,1,0,0,15,10,99,1,2,47,1,0
12,121051,2,2,1,23,6,2,35,12,6,1,0,12,1,23,481,23481,31,2011,3GTP2VE3XBG3,3,G,T,P,2,V,E,3,X,B,G,3,0,0,0,000000000,00000000000,0,0,0,1,0,0,0,0,0,0,0,35,0,0,0,1,4,5,12,0,0,0,1,12,33331,6,1,0,0,3,0,68,999,0,1,0,0,0,5,2013,5,2013,0,0,0,0,0,3,3,40,1,1,8,1,0,0,1,61,99,1,1,45,0,0
12,121052,1,3,1,25,6,7,35,12,1,1,0,12,1,12,481,12481,31,2001,1FTZX17281NB,1,F,T,Z,X,1,7,2,8,1,N,B,0,0,0,000000000,00000000000,0,0,0,1,0,0,0,0,0,0,0,40,0,0,0,12,6,2,39,0,0,0,1,12,33611,6,1,0,0,3,0,72,999,0,0,0,0,0,0,0,0,0,0,0,0,0,0,3,3,50,1,1,8,1,3,3,3,50,99,1,1,20,1,0
12,121052,2,3,1,25,6,7,35,12,1,1,0,12,1,49,422,49422,15,2002,5TDZT34A92S0,5,T,D,Z,T,3,4,A,9,2,S,0,0,0,0,000000000,00000000000,0,0,0,1,0,0,0,0,0,0,0,0,0,0,0,6,4,5,12,0,0,0,1,12,33615,6,1,0,0,3,3,63,999,0,0,0,0,0,0,0,0,0,0,0,0,0,0,3,3,50,1,1,8,1,3,3,5,53,99,1,1,21,0,0
12,121052,3,3,1,25,6,7,35,12,1,1,0,12,2,12,422,12422,15,2003,1FMRU15W33LB,1,F,M,R,U,1,5,W,3,3,L,B,0,0,0,000000000,00000000000,0,0,0,1,0,0,0,0,0,0,0,0,0,0,0,6,2,5,12,0,0,0,1,12,33614,6,1,0,0,3,0,67,999,0,3,0,0,1,7,2011,3,2014,0,0,0,0,0,3,3,50,1,1,8,1,3,3,5,50,99,1,1,98,0,0