STATE,ST_CASE,VEH_NO,VE_FORMS,NUMOCCS,DAY,MONTH,HOUR,MINUTE,HARM_EV,MAN_COLL,UNITTYPE,HIT_RUN,REG_STAT,OWNER,MAKE,MODEL,MAK_MOD,BODY_TYP,MOD_YEAR,VIN,VIN_1,VIN_2,VIN_3,VIN_4,VIN_5,VIN_6,VIN_7,VIN_8,VIN_9,VIN_10,VIN_11,VIN_12,TOW_VEH,J_KNIFE,MCARR_I1,MCARR_I2,MCARR_ID,GVWR,V_CONFIG,CARGO_BT,HAZ_INV,HAZ_PLAC,HAZ_ID,HAZ_CNO,HAZ_REL,BUS_USE,SPEC_USE,EMER_USE,TRAV_SP,UNDERIDE,ROLLOVER,ROLINLOC,IMPACT1,DEFORMED,TOWED,M_HARM,VEH_SC1,VEH_SC2,FIRE_EXP,DR_PRES,L_STATE,DR_ZIP,L_STATUS,L_TYPE,CDL_STAT,L_ENDORS,L_COMPL,L_RESTRI,DR_HGT,DR_WGT,PREV_ACC,PREV_SUS,PREV_DWI,PREV_SPD,PREV_OTH,FIRST_MO,FIRST_YR,LAST_MO,LAST_YR,SPEEDREL,DR_SF1,DR_SF2,DR_SF3,DR_SF4,VTRAFWAY,VNUM_LAN,VSPD_LIM,VALIGN,VPROFILE,VPAVETYP,VSURCOND,VTRAFCON,VTCONT_F,P_CRASH1,P_CRASH2,P_CRASH3,PCRASH4,PCRASH5,ACC_TYPE,DEATHS,DR_DRINK
12,121095,2,2,2,16,7,16,50,12,6,1,0,12,2,49,401,49401,14,2002,JT3GN87R0290,J,T,3,G,N,8,7,R,0,2,9,0,0,0,0,000000000,00000000000,0,0,0,1,0,0,0,0,0,0,0,65,0,0,0,12,6,2,12,0,0,0,1,12,32404,6,1,0,0,3,0,72,999,0,0,0,0,0,0,0,0,0,0,0,0,0,0,3,2,65,1,1,8,2,0,0,1,62,99,1,1,65,0,0
12,121096,1,2,3,16,7,21,52,8,0,1,0,12,1,6,18,6018,4,2011,1C3BC1FB3BN5,1,C,3,B,C,1,F,B,3,B,N,5,0,0,0,000000000,00000000000,0,0,0,1,0,0,0,0,0,0,0,35,0,0,0,12,4,5,8,0,0,0,1,12,33401,6,1,0,0,3,3,64,999,0,0,0,0,0,0,0,0,0,0,0,0,0,0,5,5,40,1,1,8,1,0,0,1,80,99,1,1,98,0,0
12,121096,2,2,1,16,7,21,52,8,0,1,0,12,1,12,481,12481,31,2006,1FTPW125X6KA,1,F,T,P,W,1,2,5,X,6,K,A,0,0,0,000000000,00000000000,0,0,0,1,0,0,0,0,0,0,0,25,0,0,0,12,2,5,8,0,0,0,1,12,33407,6,1,0,0,3,3,70,999,0,1,0,0,0,4,2014,4,2014,0,0,0,0,0,5,5,40,1,1,8,1,0,0,1,80,99,1,1,13,0,0
12,121097,1,1,1,17,7,5,45,8,0,1,0,12,2,35,472,35472,30,2010,1N6AD0ER5AC4,1,N,6,A,D,0,E,R,5,A,C,4,0,0,0,000000000,00000000000,0,0,0,1,0,0,0,0,0,0,0,45,0,0,0,12,4,5,8,0,0,0,1,12,33445,6,1,0,0,3,3,68,999,0,0,0,0,0,0,0,0,0,0,0,0,0,0,3,5,45,1,1,8,1,3,3,1,80,99,1,1,13,0,0
12,121098,1,2,1,17,7,14,53,12,6,1,0,12,1,37,441,37441,20,2004,5FNRL18064B0,5,F,N,R,L,1,8,0,6,4,B,0,0,0,0,000000000,00000000000,0,0,0,1,0,0,0,0,0,0,0,30,0,0,0,12,6,2,12,0,0,0,1,12,33478,6,1,0,0,3,3,65,999,0,0,0,0,0,0,0,0,0,0,39,38,0,0,1,2,30,1,1,8,1,20,3,1,17,99,1,1,88,1,0
12,121098,2,2,1,17,7,14,53,12,6,1,0,12,1,55,35,55035,4,2012,KMHDH4AE7CU4,K,M,H,D,H,4,A,E,7,C,U,4,0,0,0,000000000,00000000000,0,0,0,1,0,0,0,0,0,0,0,30,0,1,5,9,6,2,1,0,0,0,1,12,33478,6,1,0,0,3,0,66,999,0,0,0,0,0,0,0,0,0,0,0,0,0,0,1,2,30,1,1,8,1,0,0,1,66,99,1,1,89,0,0
12,121099,1,1,6,18,7,13,45,24,0,1,0,48,2,20,422,20422,15,2004,1GNEC16Z04R2,1,G,N,E,C,1,6,Z,0,4,R,2,0,0,0,000000000,00000000000,0,0,0,1,0,0,0,0,0,0,0,70,0,0,0,98,6,2,24,0,0,0,1,48,77338,6,1,0,0,3,0,999,999,1,0,0,0,0,9,2012,9,2012,0,58,0,0,0,3,2,70,1,5,8,1,0,0,1,1,6,4,4,7,1,0
12,121100,1,1,1,18,7,15,15,42,0,1,0,12,2,35,43,35043,4,2007,3N1AB61E47L6,3,N,1,A,B,6,1,E,4,7,L,6,0,0,0,000000000,00000000000,0,0,0,1,0,0,0,0,0,0,0,998,0,1,6,61,6,2,1,0,0,0,1,12,33810,6,1,0,0,3,0,66,999,0,0,0,0,0,0,0,0,0,0,0,0,0,0,1,2,55,1,1,8,1,0,0,1,8,99,2,4,2,1,1
12,121101,1,1,1,19,7,15,25,26,0,1,0,12,1,73,705,73705,80,2000,JKAZX4J18YA0,J,K,A,Z,X,4,J,1,8,Y,A,0,0,0,0,000000000,00000000000,0,0,0,1,0,0,0,0,0,0,0,133,0,0,0,12,6,2,25,0,0,0,1,12,33071,6,1,0,0,3,0,67,999,1,0,0,0,2,12,2012,8,2013,0,36,0,0,0,6,1,45,3,6,8,1,0,0,14,12,3,1,4,6,1,0
12,121102,1,2,1,19,7,21,50,12,1,1,0,12,1,12,481,12481,31,2004,2FTRX18W14CA,2,F,T,R,X,1,8,W,1,4,C,A,0,0,0,000000000,00000000000,0,0,0,1,0,0,0,0,0,0,0,50,0,0,0,12,6,2,8,0,0,0,1,12,34203,6,1,0,0,3,0,70,999,0,1,0,0,0,11,2011,11,2011,0,6,0,0,0,3,5,50,1,1,8,1,3,3,1,50,99,1,1,32,0,1
12,121102,2,2,0,19,7,21,50,12,1,1,0,23,6,12,442,12442,20,2002,2FMZA50442BB,2,F,M,Z,A,5,0,4,4,2,B,B,1,1,0,000000000,00000000000,0,0,0,1,0,0,0,0,0,0,0,0,0,0,0,6,6,2,12,0,0,0,0,0,99997,7,6,97,7,6,7,998,997,998,998,998,998,998,98,9998,98,9998,8,20,0,0,0,3,5,50,1,1,8,1,3,3,0,53,0,0,0,32,0,0
12,121103,1,2,1,21,7,1,0,12,6,1,0,12,1,23,402,23402,14,2011,2CTFLREC9B63,2,C,T,F,L,R,E,C,9,B,6,3,0,0,0,000000000,00000000000,0,0,0,1,0,0,0,0,0,0,0,999,0,0,0,12,6,2,12,0,0,0,1,12,33433,6,1,0,0,3,3,66,999,1,0,0,0,0,3,2012,3,2012,0,6,39,0,0,3,6,45,1,1,8,1,3,3,1,17,99,1,1,88,0,1
12,121103,2,2,1,21,7,1,0,12,6,1,0,12,1,14,36,14036,5,1998,3MEFM15P6WR6,3,M,E,F,M,1,5,P,6,W,R,6,0,0,0,000000000,00000000000,0,0,0,1,0,0,0,0,0,0,0,999,0,0,0,9,6,2,12,0,0,0,1,12,33460,6,1,0,0,3,3,68,999,0,0,0,0,0,0,0,0,0,0,0,0,0,0,3,6,45,1,1,8,1,0,0,1,66,99,1,1,89,1,0
12,121104,1,2,1,22,7,1,30,12,2,1,0,12,1,34,35,34035,4,2002,WBADT634X2CK,W,B,A,D,T,6,3,4,X,2,C,K,0,0,0,000000000,00000000000,0,0,0,1,0,0,0,0,0,0,0,55,0,0,0,12,6,2,12,0,0,0,1,12,32413,6,1,0,0,3,0,69,999,0,0,0,2,0,3,2014,3,2014,0,28,0,0,0,1,2,55,1,1,8,2,0,0,1,10,99,1,2,50,1,0
12,121104,2,2,1,22,7,1,30,12,2,1,0,12,1,49,52,49052,5,2008,JTKKU10428J0,J,T,K,K,U,1,0,4,2,8,J,0,0,0,0,000000000,00000000000,0,0,0,1,0,0,0,0,0,0,0,35,0,0,0,12,6,2,12,0,0,0,1,12,32428,6,1,6,0,3,0,67,999,0,0,0,0,0,0,0,0,0,0,0,0,0,0,1,2,55,1,1,8,2,0,0,1,62,99,1,1,51,1,0
12,121105,1,1,1,26,7,1,12,8,0,1,0,12,1,12,481,12481,31,1997,1FTHF26F6VEC,1,F,T,H,F,2,6,F,6,V,E,C,0,0,0,000000000,00000000000,0,0,0,1,0,0,0,0,0,0,0,49,0,0,0,12,6,2,8,0,0,0,1,12,34117,6,1,6,0,3,0,72,999,0,1,0,0,0,5,2014,5,2014,0,0,0,0,0,3,2,45,1,1,8,1,0,0,1,80,99,1,1,13,0,0
12,121106,1,1,1,26,7,22,17,8,0,1,0,12,1,54,35,54035,4,2004,19UUA66234A0,1,9,U,U,A,6,6,2,3,4,A,0,0,0,0,000000000,00000000000,0,0,0,1,0,0,0,0,0,0,0,55,0,0,0,12,6,2,8,0,0,0,1,12,32776,6,1,0,0,3,0,73,999,0,1,0,0,2,9,2012,2,2014,0,0,0,0,0,1,2,55,1,6,8,1,97,8,1,80,99,1,1,13,0,1
12,121107,1,2,1,29,7,6,45,12,1,1,0,12,1,42,31,42031,4,1982,WDBCB20A5CB0,W,D,B,C,B,2,0,A,5,C,B,0,0,0,0,000000000,00000000000,0,0,0,1,0,0,0,0,0,0,0,55,0,0,0,12,6,2,12,0,0,0,1,12,33034,6,1,6,0,3,0,67,999,1,0,0,0,0,7,2014,7,2014,0,6,0,0,0,3,2,55,1,1,8,1,0,0,1,52,1,1,1,28,1,0
12,121107,2,2,1,29,7,6,45,12,1,1,0,12,3,51,884,51884,61,1998,4VA7BAPFXWN7,4,V,A,7,B,A,P,F,X,W,N,7,1,1,12,2487410,122487410,2,4,4,1,0,0,0,0,0,0,0,55,0,0,0,6,6,2,12,0,0,0,1,12,33174,6,1,6,0,3,0,68,999,0,0,0,0,0,0,0,0,0,0,0,0,0,0,3,2,55,1,1,8,1,0,0,2,53,99,1,1,29,0,0
12,121108,1,1,2,29,7,23,45,42,0,1,0,12,1,49,40,49040,4,2002,4T1BE32K92U5,4,T,1,B,E,3,2,K,9,2,U,5,0,0,0,000000000,00000000000,0,0,0,1,0,0,0,0,0,0,0,45,0,1,5,12,6,2,42,0,0,0,1,12,33034,0,0,0,0,0,0,999,999,0,0,0,0,0,0,0,0,0,0,6,0,0,0,1,2,45,1,1,8,1,0,0,1,13,99,3,4,2,1,1
12,121109,1,2,1,23,5,22,0,12,6,1,0,13,2,12,481,12481,31,2009,1FTRF12859KC,1,F,T,R,F,1,2,8,5,9,K,C,0,0,0,000000000,00000000000,0,0,0,1,0,0,0,0,0,0,0,28,0,0,0,3,6,2,12,0,0,0,1,12,32025,6,1,0,0,3,3,69,999,0,0,0,1,0,3,2012,3,2012,0,38,0,0,0,1,2,45,1,1,8,1,20,3,1,17,99,1,1,87,0,0
12,121109,2,2,2,23,5,22,0,12,6,1,0,12,2,35,49,35049,6,2003,JN8AZ08T93W1,J,N,8,A,Z,0,8,T,9,3,W,1,0,0,0,000000000,00000000000,0,0,0,1,0,0,0,0,0,0,0,48,0,0,0,12,6,2,12,0,0,0,1,12,32064,0,0,0,0,0,0,999,999,0,0,0,0,0,0,0,0,0,0,24,0,0,0,1,2,55,1,1,8,1,0,0,1,66,99,1,1,86,1,0
12,121110,1,1,1,28,6,3,15,8,0,1,0,18,3,82,898,82898,66,2014,1FUJGLD59ELF,1,F,U,J,G,L,D,5,9,E,L,F,1,1,4,54283,0454283,3,6,1,1,0,0,0,0,0,0,0,63,0,0,0,14,2,5,8,0,0,0,1,12,32063,6,1,6,0,3,0,66,999,1,0,0,3,0,5,2012,6,2014,0,28,0,0,0,3,4,70,1,1,8,1,97,8,1,13,6,1,4,1,0,0
12,121111,1,2,1,2,7,13,15,12,6,1,0,12,1,37,31,37031,4,2000,2HGEJ6619YH5,2,H,G,E,J,6,6,1,9,Y,H,5,0,0,0,000000000,00000000000,0,0,0,1,0,0,0,0,0,0,0,40,0,0,0,3,6,2,12,0,0,0,1,12,33603,6,1,0,0,3,0,64,999,0,0,0,0,0,0,0,0,0,0,39,0,0,0,1,2,30,1,1,8,1,20,3,1,17,99,1,1,87,1,0
12,121111,2,2,2,2,7,13,15,12,6,1,0,12,1,37,441,37441,20,2007,5FNRL38667B4,5,F,N,R,L,3,8,6,6,7,B,4,0,0,0,000000000,00000000000,0,0,0,1,0,0,0,0,0,0,0,30,0,0,0,12,4,5,12,0,0,0,1,12,33607,6,1,0,0,3,3,63,999,0,0,0,0,0,0,0,0,0,0,0,0,0,0,1,2,30,1,1,8,1,0,0,1,66,99,1,1,86,0,0
12,121112,1,2,1,17,7,15,55,12,6,1,0,12,2,76,706,76706,80,2001,JYARN05N61A0,J,Y,A,R,N,0,5,N,6,1,A,0,0,0,0,000000000,00000000000,0,0,0,1,0,0,0,0,0,0,0,100,0,0,0,12,6,2,12,0,0,0,1,12,33541,3,1,0,0,2,0,64,999,0,0,0,0,0,0,0,0,0,0,36,0,0,0,2,4,50,1,1,8,1,0,0,1,17,99,1,1,69,1,0
12,121112,2,2,1,17,7,15,55,12,6,1,0,12,1,49,403,49403,14,2005,JTEGD21A9501,J,T,E,G,D,2,1,A,9,5,0,1,0,0,0,000000000,00000000000,0,0,0,1,0,0,0,0,0,0,0,15,0,0,0,3,6,2,12,0,0,0,1,12,34639,6,1,0,0,3,3,64,999,0,0,0,0,0,0,0,0,0,0,38,0,0,0,2,4,50,1,1,8,1,0,0,11,63,99,1,1,68,0,0
12,121113,1,1,3,22,7,21,0,9,0,1,0,95,1,12,443,12443,20,2004,2FMDA582X4BB,2,F,M,D,A,5,8,2,X,4,B,B,0,0,0,000000000,00000000000,0,0,0,1,0,0,0,0,0,0,0,40,0,0,0,12,2,5,9,0,0,0,1,95,0,0,0,0,0,0,0,999,999,0,0,0,0,0,0,0,0,0,0,0,0,0,0,1,2,45,1,1,8,1,0,0,1,83,99,1,1,13,0,0
12,121114,1,2,1,24,7,10,52,12,1,1,0,12,2,12,422,12422,15,2009,1FMFK15519LA,1,F,M,F,K,1,5,5,1,9,L,A,0,0,0,000000000,00000000000,0,0,0,1,0,0,0,0,0,0,0,65,0,0,0,12,6,2,12,0,0,0,1,12,32091,6,1,0,0,3,0,67,999,0,0,0,0,0,0,0,0,0,0,6,0,0,0,3,2,65,1,1,8,1,97,8,1,50,99,1,1,20,0,0
12,121114,2,2,4,24,7,10,52,12,1,1,0,39,3,63,37,63037,6,2014,KNDJP3A50E77,K,N,D,J,P,3,A,5,0,E,7,7,0,0,0,000000000,00000000000,0,0,0,1,0,0,0,0,0,0,0,0,0,0,0,6,6,2,12,0,0,0,1,36,11226,6,1,6,3,3,0,70,999,1,1,0,0,1,3,2012,12,2012,0,54,0,0,0,3,2,65,1,1,8,1,97,8,5,53,99,1,1,21,1,0
12,121115,1,1,1,25,7,6,20,8,0,1,0,12,1,24,1,24001,4,2001,1G8ZH52881Z2,1,G,8,Z,H,5,2,8,8,1,Z,2,0,0,0,000000000,00000000000,0,0,0,1,0,0,0,0,0,0,0,40,0,0,0,12,4,3,8,0,0,0,1,12,33024,6,1,0,0,3,3,67,999,0,0,0,0,0,0,0,0,0,0,0,0,0,0,2,3,45,1,1,8,2,0,0,1,80,99,1,1,13,0,0
12,121116,1,1,2,26,7,0,25,52,0,1,0,12,1,23,422,23422,15,2008,1GKFK66868J1,1,G,K,F,K,6,6,8,6,8,J,1,0,0,0,000000000,00000000000,0,0,0,1,0,0,0,0,0,0,0,45,0,1,5,12,6,2,3,0,0,0,1,12,33418,6,1,0,0,3,0,71,999,0,1,0,0,0,9,2013,9,2013,0,6,0,0,0,1,2,30,1,1,8,1,0,0,1,13,99,1,4,1,1,1
12,121117,1,2,1,28,7,7,15,12,2,1,0,12,1,12,3,12003,2,2013,1ZVBP8CF0D52,1,Z,V,B,P,8,C,F,0,D,5,2,0,0,0,000000000,00000000000,0,0,0,1,0,0,0,0,0,0,0,70,0,0,0,12,6,2,12,0,0,0,1,12,34141,1,1,0,0,2,0,69,999,0,2,0,1,0,4,2012,9,2013,3,28,0,0,0,1,2,55,1,1,8,1,0,0,15,10,99,1,2,50,1,0
12,121117,2,2,1,28,7,7,15,12,2,1,0,12,1,20,481,20481,31,2002,1GCEC19V12Z2,1,G,C,E,C,1,9,V,1,2,Z,2,0,0,0,000000000,00000000000,0,0,0,1,0,0,0,0,0,0,0,55,0,0,0,12,6,2,12,0,0,0,1,12,33157,6,1,0,0,3,0,73,999,0,0,0,0,0,0,0,0,0,0,0,0,0,0,1,2,55,1,1,8,1,0,0,1,62,99,1,1,51,1,0
12,121118,1,1,2,28,7,13,33,43,0,1,0,12,1,37,32,37032,4,2007,1HGCM56367A0,1,H,G,C,M,5,6,3,6,7,A,0,0,0,0,000000000,00000000000,0,0,0,1,0,0,0,0,0,0,0,35,0,0,0,13,6,2,43,0,0,0,1,12,33460,6,1,0,0,3,0,62,999,0,0,0,0,0,0,0,0,0,0,6,0,0,0,1,2,30,1,1,8,1,0,0,1,13,99,1,4,1,1,0
12,121119,1,3,1,28,7,9,11,12,2,1,0,12,3,49,40,49040,4,2004,4T1BE32K74U3,4,T,1,B,E,3,2,K,7,4,U,3,0,0,0,000000000,00000000000,0,0,0,1,0,0,0,0,0,0,0,15,0,0,0,12,6,2,12,0,0,0,1,12,32825,6,1,0,0,3,3,59,999,0,0,0,0,0,0,0,0,0,0,38,0,0,0,2,3,45,1,1,8,1,3,3,11,15,99,1,1,68,1,0
12,121119,2,3,1,28,7,9,11,12,2,1,0,12,1,49,32,49032,4,2003,1NXBR32E43Z0,1,N,X,B,R,3,2,E,4,3,Z,0,0,0,0,000000000,00000000000,0,0,0,1,0,0,0,0,0,0,0,45,0,0,0,12,6,2,12,0,0,0,1,12,32825,6,1,0,0,3,0,67,999,0,1,0,0,0,8,2013,8,2013,0,0,0,0,0,2,3,45,1,1,8,1,3,3,1,62,99,1,1,69,0,0
12,121119,3,3,1,28,7,9,11,12,2,1,0,12,1,12,481,12481,31,1999,1FTWW32F5XEB,1,F,T,W,W,3,2,F,5,X,E,B,1,1,0,000000000,00000000000,0,0,0,1,0,0,0,0,0,0,0,0,0,0,0,12,4,5,12,0,0,0,1,12,32825,6,1,0,0,3,0,66,999,0,0,0,0,0,0,0,0,0,0,0,0,0,0,1,3,45,1,1,8,1,3,3,5,66,1,1,1,98,0,0
12,121120,1,3,3,29,7,15,24,12,7,1,0,1,2,20,2,20002,4,2007,2G1WC58R7792,2,G,1,W,C,5,8,R,7,7,9,2,0,0,0,000000000,00000000000,0,0,0,1,0,0,0,0,0,0,0,70,0,0,0,7,6,2,12,0,0,0,1,1,36784,6,1,0,0,3,0,63,999,1,0,0,0,0,6,2013,6,2013,0,28,0,0,0,2,2,70,1,6,8,1,0,0,1,10,99,1,2,45,3,0
12,121120,2,3,2,29,7,15,24,12,7,1,0,12,2,37,32,37032,4,2013,1HGCR2F86DA1,1,H,G,C,R,2,F,8,6,D,A,1,0,0,0,000000000,00000000000,0,0,0,1,0,0,0,0,0,0,0,70,0,0,0,1,2,3,12,0,0,0,1,12,32311,6,1,0,0,3,3,67,999,0,0,0,0,0,0,0,0,0,0,0,0,0,0,2,2,70,1,6,8,1,0,0,1,61,99,1,1,44,0,0
12,121120,3,3,2,29,7,15,24,12,7,1,0,40,2,82,881,82881,66,2007,1FUJA6CK67LX,1,F,U,J,A,6,C,K,6,7,L,X,1,1,40,2135269,402135269,3,6,1,1,0,0,0,0,0,0,0,45,0,0,0,12,6,2,12,0,0,0,1,29,65803,6,1,6,3,3,0,70,999,0,0,0,0,0,0,0,0,0,0,0,0,0,0,2,2,60,1,5,8,1,0,0,1,62,99,1,1,98,0,0
12,121121,1,2,1,31,7,7,25,12,6,1,0,12,1,73,703,73703,80,2014,JKAEX8A13EA0,J,K,A,E,X,8,A,1,3,E,A,0,0,0,0,000000000,00000000000,0,0,0,1,0,0,0,0,0,0,0,60,0,0,0,12,6,2,12,0,0,0,1,12,33619,6,1,0,0,3,0,64,999,0,0,0,0,0,0,0,0,0,3,0,0,0,0,5,5,45,1,1,8,1,0,0,1,72,99,1,1,83,1,0
12,121121,2,2,2,31,7,7,25,12,6,1,0,12,1,9,442,9442,20,1999,2P4GP24G3XR1,2,P,4,G,P,2,4,G,3,X,R,1,0,0,0,000000000,00000000000,0,0,0,1,0,0,0,0,0,0,0,10,0,0,0,11,6,2,12,0,0,0,1,12,33603,6,1,0,0,3,3,68,999,0,0,0,0,0,0,0,0,0,0,38,0,0,0,0,0,0,0,0,0,0,0,0,11,15,99,1,1,82,0,0
12,121122,1,2,1,31,7,19,4,12,6,1,0,12,2,20,10,20010,2,1987,1G1GZ11H6HR1,1,G,1,G,Z,1,1,H,6,H,R,1,0,0,0,000000000,00000000000,0,0,0,1,0,0,0,0,0,0,0,80,0,0,0,5,6,2,12,0,0,0,1,12,33444,6,1,0,0,3,0,68,999,1,9,0,1,1,10,2011,6,2014,4,39,0,0,0,1,2,25,1,1,8,1,20,3,1,17,99,1,1,83,1,0
12,121122,2,2,1,31,7,19,4,12,6,1,0,12,1,35,401,35401,14,1998,JN8AR05YXWW2,J,N,8,A,R,0,5,Y,X,W,W,2,0,0,0,000000000,00000000000,0,0,0,1,0,0,0,0,0,0,0,5,0,0,0,12,6,2,12,0,0,0,1,12,33460,6,1,6,0,3,0,70,999,0,0,0,0,0,0,0,0,0,0,0,0,0,0,1,2,25,1,1,8,1,20,3,11,15,99,1,1,82,0,0
12,121123,1,1,1,1,8,0,25,3,0,1,0,12,1,49,49,49049,6,2008,JTLKE50E8810,J,T,L,K,E,5,0,E,8,8,1,0,0,0,0,000000000,00000000000,0,0,0,1,0,0,0,0,0,0,0,10,0,0,0,0,6,2,3,0,0,0,1,12,32257,6,1,0,0,3,3,72,999,1,0,0,0,0,7,2014,7,2014,0,0,0,0,0,1,2,25,1,1,8,1,0,0,1,98,99,1,4,0,1,0
12,121124,1,2,2,1,8,21,17,1,0,1,0,12,2,72,706,72706,80,2011,1HD1JN516BB0,1,H,D,1,J,N,5,1,6,B,B,0,0,0,0,000000000,00000000000,0,0,0,1,0,0,0,0,0,0,0,90,0,0,0,0,6,2,12,0,0,0,1,12,33186,6,1,0,0,3,0,67,999,0,0,0,0,0,0,0,0,0,0,6,0,0,0,2,2,70,1,1,2,1,0,0,1,98,3,2,1,98,2,0
12,121124,2,2,2,1,8,21,17,1,0,1,0,12,1,20,481,20481,31,2003,1GCHK23113F1,1,G,C,H,K,2,3,1,1,3,F,1,1,1,0,000000000,00000000000,0,0,0,1,0,0,0,0,0,0,0,65,0,0,0,12,2,5,12,0,0,0,1,12,32217,6,1,0,0,3,3,71,999,0,0,0,0,0,0,0,0,0,0,0,0,0,0,2,2,70,1,1,2,1,0,0,1,50,4,1,1,98,0,0
12,121125,1,2,1,2,8,16,7,12,1,1,0,12,2,98,709,98709,80,2012,L9NTELKE5C10,L,9,N,T,E,L,K,E,5,C,1,0,0,0,0,000000000,00000000000,0,0,0,1,0,0,0,0,0,0,0,35,0,0,0,12,6,2,12,0,0,0,1,12,33823,1,1,0,0,2,0,66,999,0,0,0,0,0,0,0,0,0,0,6,0,0,0,3,3,45,1,1,8,1,0,0,1,50,99,1,1,20,1,1
12,121125,2,2,3,2,8,16,7,12,1,1,0,12,3,84,884,84884,62,2007,1HTMMAAM27H5,1,H,T,M,M,A,A,M,2,7,H,5,0,0,12,2171065,122171065,2,1,1,1,0,0,0,0,0,0,0,0,0,0,0,6,2,5,12,0,0,0,1,12,32811,6,1,0,0,3,0,72,999,0,0,0,0,0,0,0,0,0,0,0,0,0,0,3,3,45,1,1,8,1,0,0,5,53,99,1,1,21,0,0
12,121126,1,2,1,2,8,2,56,12,6,1,0,12,1,53,705,53705,80,2006,JS1GN7DA8621,J,S,1,G,N,7,D,A,8,6,2,1,0,0,0,000000000,00000000000,0,0,0,1,0,0,0,0,0,0,0,45,0,0,0,5,6,2,12,0,0,0,1,12,33604,6,1,0,0,2,0,67,999,0,2,0,2,0,2,2012,3,2014,0,33,0,0,0,1,2,30,1,1,8,1,0,0,6,10,99,1,1,73,1,1
12,121126,2,2,1,2,8,2,56,12,6,1,0,12,1,37,32,37032,4,2002,1HGCG56762A0,1,H,G,C,G,5,6,7,6,2,A,0,0,0,0,000000000,00000000000,0,0,0,1,0,0,0,0,0,0,0,10,0,0,0,12,6,2,12,0,0,0,1,12,33615,6,1,0,0,3,0,64,999,0,2,0,1,0,11,2011,2,2013,0,0,0,0,0,1,2,30,1,1,8,1,0,0,11,60,99,1,1,72,0,1
12,121127,1,2,1,2,8,23,25,12,6,1,0,12,1,55,401,55401,14,2006,KM8SC13D66U1,K,M,8,S,C,1,3,D,6,6,U,1,0,0,0,000000000,00000000000,0,0,0,1,0,0,0,0,0,0,0,90,0,0,0,12,6,2,12,0,0,0,1,12,32905,6,1,0,0,3,0,68,999,0,0,0,0,0,0,0,0,0,4,39,0,0,0,3,4,45,1,1,8,1,3,3,1,17,99,1,1,86,1,1
12,121127,2,2,1,2,8,23,25,12,6,1,0,12,2,35,43,35043,4,1994,JN1EB31P1RU3,J,N,1,E,B,3,1,P,1,R,U,3,0,0,0,000000000,00000000000,0,0,0,1,0,0,0,0,0,0,0,35,0,0,0,1,6,2,12,0,0,0,1,12,32935,6,1,0,0,3,3,59,999,0,0,0,0,0,0,0,0,0,0,0,0,0,0,3,3,40,1,1,8,1,3,3,1,66,99,1,1,87,1,0
12,121128,1,2,1,4,8,10,51,12,2,1,0,12,1,53,706,53706,80,1999,JS1VS52A2X21,J,S,1,V,S,5,2,A,2,X,2,1,0,0,0,000000000,00000000000,0,0,0,1,0,0,0,0,0,0,0,60,0,0,0,12,6,2,12,0,0,0,1,12,32664,1,1,0,0,2,0,74,999,0,3,0,0,0,10,2012,6,2014,0,28,0,0,0,1,2,60,1,1,8,1,0,0,1,10,99,1,2,50,1,0
12,121128,2,2,1,4,8,10,51,12,2,1,0,12,3,51,884,51884,63,2000,4V5JC2UF7YN8,4,V,5,J,C,2,U,F,7,Y,N,8,0,0,12,935750,12935750,3,2,4,1,0,0,0,0,0,0,0,55,0,1,5,12,6,2,12,0,0,0,1,12,32025,6,1,6,0,3,0,73,999,0,0,0,0,0,0,0,0,0,0,0,0,0,0,1,2,60,1,1,8,1,0,0,1,62,99,1,1,51,0,0
12,121129,1,2,3,4,8,22,0,12,6,1,0,12,2,20,25,20025,4,2012,1G1PJ5SC9C72,1,G,1,P,J,5,S,C,9,C,7,2,0,0,0,000000000,00000000000,0,0,0,1,0,0,0,0,0,0,0,15,0,0,0,4,6,2,12,0,0,0,1,12,32935,6,1,0,0,3,0,67,999,0,0,0,0,0,0,0,0,0,0,38,0,0,0,2,3,35,1,1,8,1,3,3,11,15,99,1,1,68,1,0
12,121129,2,2,1,4,8,22,0,12,6,1,0,12,2,12,481,12481,31,1999,2FTRF17W2XCB,2,F,T,R,F,1,7,W,2,X,C,B,0,0,0,000000000,00000000000,0,0,0,1,0,0,0,0,0,0,0,35,0,0,0,12,6,2,12,0,0,0,1,12,32951,6,1,0,0,3,0,71,999,0,1,0,3,0,9,2012,6,2014,0,0,0,0,0,5,4,35,1,1,8,1,3,3,1,62,99,1,1,69,0,0
12,121130,1,2,3,5,8,13,1,12,6,1,0,12,2,12,3,12003,2,2005,1ZVFT80N5552,1,Z,V,F,T,8,0,N,5,5,5,2,0,0,0,000000000,00000000000,0,0,0,1,0,0,0,0,0,0,0,55,0,0,0,5,6,2,12,0,0,0,1,12,32570,6,1,0,0,3,3,63,999,0,0,0,1,0,12,2013,12,2013,0,6,0,0,0,1,2,55,1,1,8,2,0,0,1,13,6,4,2,64,1,0
12,121130,2,2,1,5,8,13,1,12,6,1,0,22,3,86,884,86884,63,2005,1M2AG11CX5M0,1,M,2,A,G,1,1,C,X,5,M,0,0,0,22,1344667,221344667,3,2,4,1,0,0,0,0,0,0,0,55,0,0,0,12,6,2,12,0,0,0,1,12,32570,6,1,6,0,3,0,75,999,0,0,0,0,1,2,2013,2,2013,0,0,0,0,0,1,2,55,1,1,8,2,0,0,1,62,99,1,1,65,0,0