STATE,ST_CASE,VEH_NO,VE_FORMS,NUMOCCS,DAY,MONTH,HOUR,MINUTE,HARM_EV,MAN_COLL,UNITTYPE,HIT_RUN,REG_STAT,OWNER,MAKE,MODEL,MAK_MOD,BODY_TYP,MOD_YEAR,VIN,VIN_1,VIN_2,VIN_3,VIN_4,VIN_5,VIN_6,VIN_7,VIN_8,VIN_9,VIN_10,VIN_11,VIN_12,TOW_VEH,J_KNIFE,MCARR_I1,MCARR_I2,MCARR_ID,GVWR,V_CONFIG,CARGO_BT,HAZ_INV,HAZ_PLAC,HAZ_ID,HAZ_CNO,HAZ_REL,BUS_USE,SPEC_USE,EMER_USE,TRAV_SP,UNDERIDE,ROLLOVER,ROLINLOC,IMPACT1,DEFORMED,TOWED,M_HARM,VEH_SC1,VEH_SC2,FIRE_EXP,DR_PRES,L_STATE,DR_ZIP,L_STATUS,L_TYPE,CDL_STAT,L_ENDORS,L_COMPL,L_RESTRI,DR_HGT,DR_WGT,PREV_ACC,PREV_SUS,PREV_DWI,PREV_SPD,PREV_OTH,FIRST_MO,FIRST_YR,LAST_MO,LAST_YR,SPEEDREL,DR_SF1,DR_SF2,DR_SF3,DR_SF4,VTRAFWAY,VNUM_LAN,VSPD_LIM,VALIGN,VPROFILE,VPAVETYP,VSURCOND,VTRAFCON,VTCONT_F,P_CRASH1,P_CRASH2,P_CRASH3,PCRASH4,PCRASH5,ACC_TYPE,DEATHS,DR_DRINK
12,121131,1,1,2,31,1,9,55,8,0,1,0,12,1,20,481,20481,31,2000,2GCEC19T9Y12,2,G,C,E,C,1,9,T,9,Y,1,2,0,0,0,000000000,00000000000,0,0,0,1,0,0,0,0,0,0,0,35,0,0,0,12,4,5,8,0,0,0,1,12,33012,6,1,0,0,3,3,69,999,1,0,0,0,0,10,2012,10,2012,0,39,38,0,0,2,4,40,1,1,8,1,3,3,1,80,99,1,1,13,0,0
12,121132,1,2,1,8,3,0,7,12,98,1,0,25,1,72,706,72706,80,2009,1HD1FC4149Y6,1,H,D,1,F,C,4,1,4,9,Y,6,0,0,0,000000000,00000000000,0,0,0,1,0,0,0,0,0,0,0,80,0,0,0,98,6,2,30,0,0,0,1,25,1109,6,1,0,0,3,0,69,999,0,0,0,0,0,0,0,0,0,3,33,6,0,0,1,2,40,2,4,8,1,3,3,6,6,99,1,1,98,1,1
12,121132,2,2,1,8,3,0,7,12,98,1,0,25,1,72,706,72706,80,2012,1HD1JNV12CB0,1,H,D,1,J,N,V,1,2,C,B,0,0,0,0,000000000,00000000000,0,0,0,1,0,0,0,0,0,0,0,80,0,0,0,98,6,2,30,0,0,0,1,25,1129,6,1,7,0,3,0,65,999,0,0,0,0,0,0,0,0,0,3,35,6,0,0,1,2,40,2,4,8,1,3,3,6,6,99,1,1,98,0,0
12,121133,1,1,4,21,4,15,34,42,0,1,0,12,2,20,9,20009,9,2012,2G1FB3D32C91,2,G,1,F,B,3,D,3,2,C,9,1,0,0,0,000000000,00000000000,0,0,0,1,0,0,0,0,0,0,0,60,0,0,0,98,6,2,42,0,0,0,1,12,33172,1,1,0,0,2,0,73,999,0,6,0,0,0,11,2011,12,2013,3,6,0,0,0,2,3,45,2,1,8,1,0,0,14,12,99,1,4,6,1,0
12,121134,1,1,2,20,8,10,23,42,0,1,0,12,2,54,38,54038,3,2003,JH4DC53093C0,J,H,4,D,C,5,3,0,9,3,C,0,0,0,0,000000000,00000000000,0,0,0,1,0,0,0,0,0,0,0,75,0,0,0,81,6,2,42,0,0,0,1,12,34953,6,1,0,0,3,0,63,999,0,0,0,0,0,0,0,0,0,0,0,0,0,0,2,3,70,1,1,8,1,0,0,1,13,99,1,4,1,1,0
12,121135,1,1,1,6,8,12,30,42,0,1,0,12,1,12,401,12401,14,2006,1FMEU64826UA,1,F,M,E,U,6,4,8,2,6,U,A,0,0,0,000000000,00000000000,0,0,0,1,0,0,0,0,0,0,0,55,0,0,0,12,6,2,42,0,0,1,1,12,32443,6,1,0,0,3,3,62,999,0,0,0,0,0,0,0,0,0,0,0,0,0,0,1,2,55,1,1,8,1,0,0,1,13,99,1,4,1,1,0
12,121136,1,2,1,5,5,13,1,12,1,1,0,12,1,72,706,72706,80,2013,1HD1LC310DC4,1,H,D,1,L,C,3,1,0,D,C,4,0,0,0,000000000,00000000000,0,0,0,1,0,0,0,0,0,0,0,45,0,0,0,12,6,2,12,0,0,0,1,12,34787,6,1,0,0,3,3,73,999,0,0,0,0,0,0,0,0,0,0,6,0,0,0,4,3,45,1,1,2,1,0,0,1,50,1,1,1,32,1,0
12,121136,2,2,0,5,5,13,1,12,1,1,0,12,6,82,881,82881,63,2014,3ALACXDT3EDF,3,A,L,A,C,X,D,T,3,E,D,F,0,0,12,586681,12586681,3,1,1,1,0,0,0,0,0,0,0,0,0,0,0,6,2,3,12,0,0,0,0,0,99997,7,6,97,7,6,7,998,997,998,998,998,998,998,98,9998,98,9998,8,20,0,0,0,4,3,45,1,1,2,1,0,0,0,98,0,0,0,32,0,0
12,121137,1,1,1,8,6,17,23,53,0,1,0,12,2,20,403,20403,14,2003,1GNES16SX361,1,G,N,E,S,1,6,S,X,3,6,1,0,0,0,000000000,00000000000,0,0,0,1,0,0,0,0,0,0,0,45,0,1,5,12,6,2,42,0,0,0,1,12,34788,6,1,0,0,3,3,66,999,0,0,0,0,0,0,0,0,0,0,6,0,0,0,1,2,45,1,1,2,2,0,0,1,12,3,1,4,6,1,1
12,121138,1,2,2,30,6,16,58,12,6,1,0,12,1,63,401,63401,14,2007,KNDJF7233773,K,N,D,J,F,7,2,3,3,7,7,3,0,0,0,000000000,00000000000,0,0,0,1,0,0,0,0,0,0,0,998,0,0,0,12,6,2,12,0,0,0,1,12,34429,6,1,0,0,3,3,64,999,0,0,0,0,0,0,0,0,0,0,6,0,0,0,1,2,98,1,1,8,1,20,3,10,16,99,1,1,78,1,0
12,121138,2,2,2,30,6,16,58,12,6,1,0,12,1,7,482,7482,31,2006,3D7LX38C86G1,3,D,7,L,X,3,8,C,8,6,G,1,1,1,0,000000000,00000000000,0,0,0,1,0,0,0,0,0,0,0,998,0,0,0,5,6,2,12,0,0,0,1,12,34476,6,1,6,0,3,0,74,999,0,0,0,0,0,0,0,0,0,0,0,0,0,0,2,3,45,1,1,8,1,0,0,1,65,99,1,1,79,0,0
12,121140,1,2,1,13,7,0,25,12,6,1,0,12,1,76,709,76709,80,2001,JYARN05E41A0,J,Y,A,R,N,0,5,E,4,1,A,0,0,0,0,000000000,00000000000,0,0,0,1,0,0,0,0,0,0,0,85,0,0,0,12,6,2,12,0,0,0,1,12,34690,6,1,0,0,3,3,74,999,0,1,0,3,0,5,2012,5,2014,3,39,0,0,0,2,5,55,1,1,8,1,3,3,1,17,99,1,1,69,1,0
12,121140,2,2,2,13,7,0,25,12,6,1,0,12,4,12,23,12023,4,2013,3FA6P0K91DR3,3,F,A,6,P,0,K,9,1,D,R,3,0,0,0,000000000,00000000000,0,0,0,1,0,0,0,0,0,0,0,15,0,0,0,5,6,2,12,0,0,0,1,12,33778,6,1,0,0,3,0,68,999,1,1,0,0,0,9,2011,11,2011,0,0,0,0,0,2,6,45,1,1,8,1,3,3,11,63,99,1,1,68,0,0
12,121141,1,1,1,17,7,6,7,34,0,1,0,12,1,20,481,20481,31,2001,1GCEK14V31Z1,1,G,C,E,K,1,4,V,3,1,Z,1,0,0,0,000000000,00000000000,0,0,0,1,0,0,0,0,0,0,0,65,0,1,5,12,6,2,1,0,0,0,1,12,32007,6,1,0,0,3,0,72,999,0,0,0,0,0,0,0,0,0,0,6,0,0,0,1,4,60,1,1,8,1,0,0,1,13,99,1,4,1,1,1
12,121143,1,2,6,20,7,12,15,12,6,1,0,12,2,12,422,12422,15,2005,1FMFU17585LA,1,F,M,F,U,1,7,5,8,5,L,A,0,0,0,000000000,00000000000,0,0,0,1,0,0,0,0,0,0,0,70,0,1,5,12,6,2,1,0,0,0,1,12,33324,6,1,0,0,3,0,67,999,0,0,0,0,0,0,0,0,0,0,6,58,0,0,3,2,70,1,1,8,1,0,0,1,98,99,1,2,98,1,0
12,121143,2,2,2,20,7,12,15,12,6,1,0,12,1,82,850,82850,65,2001,4UZAAHAK31CJ,4,U,Z,A,A,H,A,K,3,1,C,J,0,0,0,000000000,00000000000,0,0,0,1,0,0,0,0,0,0,0,60,0,0,0,7,4,5,12,0,0,0,1,12,34667,6,1,0,0,3,0,71,999,0,0,0,0,0,0,0,0,0,0,0,0,0,0,3,2,70,1,1,8,1,0,0,1,60,99,1,1,98,0,0
12,121144,1,1,1,23,7,22,48,9,0,1,0,12,2,20,39,20039,4,2010,KL1TD5DE5AB0,K,L,1,T,D,5,D,E,5,A,B,0,0,0,0,000000000,00000000000,0,0,0,1,0,0,0,0,0,0,0,45,0,0,0,12,4,3,9,0,0,0,1,12,34606,6,1,0,0,3,0,64,999,0,0,0,0,0,0,0,0,0,0,0,0,0,0,5,5,45,1,1,8,1,0,0,1,80,99,1,1,13,0,0
12,121145,1,1,2,26,7,0,1,8,0,1,0,47,2,7,482,7482,31,1994,1B7HC16Z7RS7,1,B,7,H,C,1,6,Z,7,R,S,7,0,0,0,000000000,00000000000,0,0,0,1,0,0,0,0,0,0,0,45,0,0,0,12,0,5,8,0,0,0,1,12,33567,6,1,0,0,3,0,64,999,0,0,0,0,0,0,0,0,0,0,0,0,0,0,1,2,45,1,1,8,1,0,0,1,80,1,1,1,13,0,0
12,121146,1,1,1,27,7,21,0,8,0,1,0,12,1,35,401,35401,14,2008,5N1AR18U78C6,5,N,1,A,R,1,8,U,7,8,C,6,0,0,0,000000000,00000000000,0,0,0,1,0,0,0,0,0,0,0,65,0,0,0,12,4,3,8,0,0,0,1,12,33928,6,1,0,0,3,3,68,999,0,0,0,0,0,0,0,0,0,0,28,0,0,0,3,2,70,1,1,8,1,0,0,1,10,1,1,4,13,0,0
12,121147,1,3,1,30,7,8,44,12,6,1,0,12,1,37,32,37032,2,2013,1HGCT1B85DA0,1,H,G,C,T,1,B,8,5,D,A,0,0,0,0,000000000,00000000000,0,0,0,1,0,0,0,0,0,0,0,15,0,0,0,4,6,2,12,0,0,0,1,37,28210,6,1,0,0,3,0,64,999,0,0,0,0,0,0,0,0,0,0,38,0,0,0,3,3,45,1,1,8,1,0,0,11,15,99,1,1,68,0,0
12,121147,2,3,1,30,7,8,44,12,6,1,0,12,1,76,705,76705,80,2009,JYAVM01E89A1,J,Y,A,V,M,0,1,E,8,9,A,1,0,0,0,000000000,00000000000,0,0,0,1,0,0,0,0,0,0,0,50,0,0,0,12,6,2,12,0,0,0,1,12,33702,6,1,0,0,3,0,68,999,1,1,0,1,1,12,2012,12,2013,0,0,0,0,0,3,3,45,1,1,8,1,0,0,1,62,99,1,1,69,1,0
12,121147,3,3,1,30,7,8,44,12,6,1,0,12,1,23,423,23423,15,2013,1GKKRRKD9DJ1,1,G,K,K,R,R,K,D,9,D,J,1,0,0,0,000000000,00000000000,0,0,0,1,0,0,0,0,0,0,0,50,0,0,0,12,4,5,12,0,0,0,1,12,33704,6,1,0,0,3,0,66,999,0,0,0,0,0,0,0,0,0,0,0,0,0,0,3,3,45,1,1,8,1,0,0,1,62,99,1,1,98,0,0
12,121148,1,1,1,30,7,20,46,42,0,1,0,12,3,12,481,12481,31,2005,1FDNF205X5EB,1,F,D,N,F,2,0,5,X,5,E,B,0,0,0,000000000,00000000000,0,0,0,1,0,0,0,0,0,0,0,55,0,1,5,12,6,2,42,0,0,0,1,12,33054,6,1,0,0,3,0,65,999,0,0,0,0,0,0,0,0,0,0,6,0,0,0,3,6,55,1,6,8,2,0,0,1,9,99,3,4,2,1,0
12,121149,1,1,6,31,7,10,40,1,0,1,0,12,2,38,421,38421,15,2005,4NUES16S2567,4,N,U,E,S,1,6,S,2,5,6,7,0,0,0,000000000,00000000000,0,0,0,1,0,0,0,0,0,0,0,70,0,1,5,0,6,2,1,0,0,0,1,12,33313,6,1,0,0,3,0,66,999,0,0,0,0,0,0,0,0,0,0,6,0,0,0,3,2,70,1,1,8,1,0,0,1,1,7,1,4,1,1,0
12,121150,1,3,1,2,8,1,29,12,2,1,0,12,1,20,22,20022,2,2007,1G1AK15F0771,1,G,1,A,K,1,5,F,0,7,7,1,0,0,0,000000000,00000000000,0,0,0,1,0,0,0,0,0,0,0,55,0,0,0,12,6,2,12,0,0,0,1,12,34761,6,1,0,0,3,0,72,999,0,1,0,0,0,11,2013,11,2013,0,51,0,0,0,3,4,55,2,1,8,1,0,0,14,54,99,1,1,53,1,0
12,121150,2,3,1,2,8,1,29,12,2,1,0,12,1,30,40,30040,4,2011,3VWDX7AJ3BM3,3,V,W,D,X,7,A,J,3,B,M,3,0,0,0,000000000,00000000000,0,0,0,1,0,0,0,0,0,0,0,55,0,0,0,12,6,2,12,0,0,0,1,12,32714,6,1,0,0,3,3,62,999,0,0,0,0,0,0,0,0,0,0,0,0,0,0,3,4,55,2,1,8,1,0,0,14,54,99,1,1,53,0,0
12,121150,3,3,1,2,8,1,29,12,2,1,0,12,2,49,32,49032,4,2004,1NXBR32E14Z3,1,N,X,B,R,3,2,E,1,4,Z,3,0,0,0,000000000,00000000000,0,0,0,1,0,0,0,0,0,0,0,55,0,0,0,12,4,3,12,0,0,0,1,12,32779,6,1,0,0,3,0,64,999,0,0,0,1,0,12,2013,12,2013,0,0,0,0,0,3,4,55,2,1,8,1,0,0,14,11,7,1,2,98,0,0
12,121151,1,1,1,3,8,21,12,9,0,1,0,12,1,37,402,37402,14,2008,3CZRE38338G7,3,C,Z,R,E,3,8,3,3,8,G,7,0,0,0,000000000,00000000000,0,0,0,1,0,0,0,0,0,0,0,45,0,0,0,12,4,5,9,0,0,0,1,12,33033,6,1,0,0,3,0,64,999,0,0,0,0,0,0,0,0,0,0,6,0,0,0,1,2,45,1,1,8,1,0,0,1,13,99,1,4,1,0,1
12,121152,1,2,1,11,1,15,15,12,2,1,0,12,1,73,706,73706,80,2004,JKAZXCC104A0,J,K,A,Z,X,C,C,1,0,4,A,0,0,0,0,000000000,00000000000,0,0,0,1,0,0,0,0,0,0,0,60,0,0,0,12,6,2,12,0,0,0,1,12,33176,6,1,0,0,2,0,67,999,0,0,0,0,0,0,0,0,0,0,6,0,0,0,1,2,40,1,1,8,1,0,0,1,10,99,1,2,50,1,0
12,121152,2,2,1,11,1,15,15,12,2,1,0,12,1,35,402,35402,14,2005,5N1AN08U65C6,5,N,1,A,N,0,8,U,6,5,C,6,0,0,0,000000000,00000000000,0,0,0,1,0,0,0,0,0,0,0,30,0,0,0,12,4,3,12,0,0,0,1,12,33032,0,0,0,0,0,0,999,999,0,0,0,0,0,0,0,0,0,0,0,0,0,0,1,2,40,1,1,8,1,0,0,1,54,99,1,1,51,0,0
12,121153,1,3,1,1,2,22,15,12,6,1,0,12,2,58,39,58039,6,2005,JNRAS08U55X1,J,N,R,A,S,0,8,U,5,5,X,1,0,0,0,000000000,00000000000,0,0,0,1,0,0,0,0,0,0,0,998,0,0,0,1,6,2,12,0,0,0,1,12,33147,1,1,1,0,2,0,70,999,0,7,0,0,2,3,2012,1,2014,0,38,0,0,0,2,4,98,1,1,8,1,3,3,1,17,99,1,1,87,1,1
12,121153,2,3,2,1,2,22,15,12,6,1,0,12,3,82,881,82881,62,2007,1FVACWCS37HX,1,F,V,A,C,W,C,S,3,7,H,X,0,0,88,888888888,88888888888,2,1,96,1,0,0,0,0,0,0,0,998,0,0,0,12,6,2,12,0,0,0,1,12,33068,4,1,5,0,2,3,67,999,0,1,0,0,0,4,2013,4,2013,0,0,0,0,0,2,5,98,1,1,8,1,3,3,1,66,99,1,1,86,0,0
12,121153,3,3,1,1,2,22,15,12,6,1,0,12,1,20,441,20441,20,2000,1GCDM19W8YB1,1,G,C,D,M,1,9,W,8,Y,B,1,0,0,0,000000000,00000000000,0,0,0,1,0,0,0,0,0,0,0,998,0,0,0,12,6,2,12,0,0,0,1,12,33147,6,1,0,0,3,3,72,999,0,0,0,0,0,0,0,0,0,0,0,0,0,0,5,7,98,1,1,8,1,3,3,1,61,99,1,1,98,0,0
12,121154,1,2,3,6,2,14,24,12,2,1,0,12,2,49,402,49402,14,2013,2T3YFREV3DW0,2,T,3,Y,F,R,E,V,3,D,W,0,0,0,0,000000000,00000000000,0,0,0,1,0,0,0,0,0,0,0,6,0,0,0,12,6,2,12,0,0,0,1,12,33614,6,1,0,0,3,0,63,999,0,0,0,0,0,0,0,0,0,0,38,0,0,0,1,2,25,1,1,8,1,20,3,1,17,99,1,1,90,0,0
12,121154,2,2,1,6,2,14,24,12,2,1,0,12,1,76,706,76706,80,1997,JYA5AHE08VA0,J,Y,A,5,A,H,E,0,8,V,A,0,0,0,0,000000000,00000000000,0,0,0,1,0,0,0,0,0,0,0,998,0,0,0,12,6,2,12,0,0,0,1,12,33607,6,1,0,0,3,0,61,999,0,2,0,0,0,2,2013,9,2013,0,0,0,0,0,1,2,30,1,1,8,1,0,0,1,66,99,1,1,90,1,0
12,121155,1,1,1,8,2,22,28,1,0,1,0,12,1,14,21,14021,4,2008,3MEHM07188R6,3,M,E,H,M,0,7,1,8,8,R,6,0,0,0,000000000,00000000000,0,0,0,1,0,0,0,0,0,0,0,45,0,1,5,0,6,2,1,0,0,0,1,12,33903,6,1,0,0,3,3,66,999,0,2,0,0,0,11,2011,11,2013,0,0,0,0,0,1,2,45,1,1,8,1,0,0,1,13,99,1,4,6,1,0
12,121156,1,1,1,19,2,16,45,33,0,1,0,12,1,98,709,98709,80,2004,1C9PF0829CS7,1,C,9,P,F,0,8,2,9,C,S,7,0,0,0,000000000,00000000000,0,0,0,1,0,0,0,0,0,0,0,40,0,0,0,12,6,2,42,0,0,0,1,95,0,9,9,99,9,9,9,999,999,99,99,99,99,99,99,9999,99,9999,0,0,0,0,0,3,3,40,1,1,8,1,0,0,1,13,99,1,4,1,1,0
12,121157,1,2,1,20,2,20,12,8,0,1,0,12,1,49,422,49422,15,2002,5TDZT38AX2S0,5,T,D,Z,T,3,8,A,X,2,S,0,0,0,0,000000000,00000000000,0,0,0,1,0,0,0,0,0,0,0,35,0,0,0,12,2,3,8,0,0,0,1,12,32703,6,1,0,0,3,3,66,999,0,0,0,1,0,7,2012,7,2012,0,0,0,0,0,1,2,35,1,1,8,1,0,0,1,80,99,1,1,13,0,0
12,121157,2,2,1,20,2,20,12,8,0,1,0,12,1,49,40,49040,4,2011,4T1BF3EK3BU2,4,T,1,B,F,3,E,K,3,B,U,2,0,0,0,000000000,00000000000,0,0,0,1,0,0,0,0,0,0,0,35,0,0,0,14,0,3,8,0,0,0,1,12,32818,6,1,0,0,3,0,67,999,0,0,0,0,0,0,0,0,0,0,0,0,0,0,1,2,35,1,1,8,1,0,0,1,80,99,1,1,98,0,0
12,121158,1,2,1,19,2,23,17,12,6,1,1,47,4,23,421,23421,15,2014,1GKS2CE06ER1,1,G,K,S,2,C,E,0,6,E,R,1,0,0,0,000000000,00000000000,0,0,0,1,0,0,0,0,0,0,0,81,0,0,0,12,6,2,12,0,0,0,1,12,33619,2,1,0,0,2,0,75,999,0,0,0,0,0,0,0,0,0,3,37,39,8,0,1,3,25,1,1,8,1,3,3,1,17,99,1,1,86,0,0
12,121158,2,2,1,19,2,23,17,12,6,1,0,12,1,7,26,7026,4,2013,1C3CDZAB4DN5,1,C,3,C,D,Z,A,B,4,D,N,5,0,0,0,000000000,00000000000,0,0,0,1,0,0,0,0,0,0,0,42,0,0,0,3,6,2,12,0,0,0,1,12,33614,6,1,0,0,3,3,72,999,0,0,0,1,1,12,2011,6,2012,0,0,0,0,0,3,4,45,1,1,8,1,3,3,1,66,99,1,1,87,1,0
12,121159,1,3,1,22,2,16,24,12,8,1,0,12,1,37,32,37032,2,1999,1HGCG225XXA0,1,H,G,C,G,2,2,5,X,X,A,0,0,0,0,000000000,00000000000,0,0,0,1,0,0,0,0,0,0,0,998,0,0,0,61,6,2,12,0,0,0,1,12,33025,6,1,0,0,3,3,65,999,0,0,0,0,0,0,0,0,0,0,0,0,0,0,3,2,40,3,1,8,1,0,0,14,10,99,1,4,64,1,0
12,121159,2,3,2,22,2,16,24,12,8,1,0,12,2,37,32,37032,2,2012,1HGCS1B72CA0,1,H,G,C,S,1,B,7,2,C,A,0,0,0,0,000000000,00000000000,0,0,0,1,0,0,0,0,0,0,0,998,0,0,0,63,4,5,12,0,0,0,1,12,33126,6,1,0,0,3,0,67,999,0,0,0,0,0,0,0,0,0,0,0,0,0,0,3,2,40,2,1,8,1,0,0,14,62,99,1,1,65,0,0
12,121159,3,3,3,22,2,16,24,12,8,1,0,12,1,49,32,49032,4,2012,5YFBU4EE7CP0,5,Y,F,B,U,4,E,E,7,C,P,0,0,0,0,000000000,00000000000,0,0,0,1,0,0,0,0,0,0,0,998,0,0,0,98,6,2,12,0,0,0,1,12,33125,6,1,0,0,3,0,62,999,0,0,0,0,0,0,0,0,0,0,0,0,0,0,3,2,40,2,1,8,1,0,0,14,62,99,1,1,98,1,0
12,121160,1,1,1,26,1,14,41,42,0,1,0,12,1,53,706,53706,80,2002,JS1GW71A0221,J,S,1,G,W,7,1,A,0,2,2,1,0,0,0,000000000,00000000000,0,0,0,1,0,0,0,0,0,0,0,70,0,0,0,12,6,2,42,0,0,0,1,12,33312,6,1,0,0,2,3,68,999,0,1,0,0,0,11,2011,11,2011,0,6,0,0,0,1,2,55,3,6,8,1,0,0,14,9,99,1,4,1,1,1
12,121161,1,1,1,21,2,2,40,18,0,1,0,12,2,98,702,98702,88,2013,LC2U9A04XDC1,L,C,2,U,9,A,0,4,X,D,C,1,0,0,0,000000000,00000000000,0,0,0,1,0,0,0,0,0,0,0,35,0,0,0,12,6,2,18,0,0,0,1,96,0,0,0,0,0,0,0,999,999,99,99,99,99,99,99,9999,99,9999,0,0,0,0,0,2,4,40,1,1,8,1,0,0,1,90,99,1,1,12,1,1
12,121162,1,1,1,22,2,10,35,8,0,1,0,12,2,52,47,52047,6,2007,JA4MS31X27Z0,J,A,4,M,S,3,1,X,2,7,Z,0,0,0,0,000000000,00000000000,0,0,0,1,0,0,0,0,0,0,0,30,0,0,0,11,2,3,8,0,0,0,1,12,33056,6,1,0,0,3,3,65,999,0,0,0,0,0,0,0,0,0,0,0,0,0,0,3,3,45,1,1,8,1,3,3,1,80,9,1,2,13,0,0
12,121163,1,1,2,22,2,21,30,8,0,1,1,12,2,20,471,20471,30,2000,1GCCS1459YK2,1,G,C,C,S,1,4,5,9,Y,K,2,0,0,0,000000000,00000000000,0,0,0,1,0,0,0,0,0,0,0,25,0,0,0,12,9,5,8,0,0,0,1,12,32145,6,1,0,0,3,0,67,999,0,0,0,0,0,0,0,0,0,0,0,0,0,0,1,2,25,1,1,8,1,0,0,1,80,99,1,1,13,0,0
12,121164,1,1,1,24,2,2,30,14,0,1,0,95,1,72,706,72706,80,2013,1HD1PR814DB9,1,H,D,1,P,R,8,1,4,D,B,9,0,0,0,000000000,00000000000,0,0,0,1,0,0,0,0,0,0,0,60,0,0,0,12,6,2,14,0,0,0,1,12,33055,6,1,6,0,3,3,70,999,0,0,0,0,0,0,0,0,0,0,0,0,0,0,2,2,45,1,1,8,1,0,0,1,12,99,1,4,6,1,1
12,121165,1,1,1,25,2,19,3,8,0,1,0,12,1,20,471,20471,30,1998,1GCCS1444WK2,1,G,C,C,S,1,4,4,4,W,K,2,0,0,0,000000000,00000000000,0,0,0,1,0,0,0,0,0,0,0,40,0,0,0,12,4,3,8,0,0,0,1,12,33033,6,1,0,0,3,0,68,999,1,5,1,0,0,3,2011,12,2013,0,0,0,0,0,1,2,40,1,1,8,1,0,0,1,80,99,1,1,13,0,0
12,121166,1,1,1,25,2,19,47,8,0,1,0,12,1,22,22,22022,4,2006,1G2ZH5581641,1,G,2,Z,H,5,5,8,1,6,4,1,0,0,0,000000000,00000000000,0,0,0,1,0,0,0,0,0,0,0,999,0,0,0,12,6,2,8,0,0,0,1,26,49301,6,1,0,0,3,3,65,999,0,0,0,0,0,0,0,0,0,0,0,0,0,0,3,2,98,1,1,8,1,0,0,1,80,99,1,1,13,0,0
12,121167,1,3,1,28,2,19,33,12,2,1,0,12,1,19,3,19003,4,1998,1G6KD54Y5WU8,1,G,6,K,D,5,4,Y,5,W,U,8,0,0,0,000000000,00000000000,0,0,0,1,0,0,0,0,0,0,0,70,0,0,0,12,6,2,12,0,0,0,1,12,33161,1,1,0,0,2,3,73,999,2,6,0,0,2,10,2013,2,2014,0,6,0,0,0,2,3,30,1,1,8,1,0,0,1,10,99,1,2,50,0,0
12,121167,2,3,1,28,2,19,33,12,2,1,0,12,2,37,32,37032,4,1996,1HGCD5553TA0,1,H,G,C,D,5,5,5,3,T,A,0,0,0,0,000000000,00000000000,0,0,0,1,0,0,0,0,0,0,0,30,0,0,0,12,6,2,12,0,0,0,1,12,33147,6,1,0,0,3,0,66,999,0,0,0,0,0,0,0,0,0,0,0,0,0,0,2,3,30,1,1,8,1,0,0,1,62,99,1,1,51,1,0
12,121167,3,3,1,28,2,19,33,12,2,1,0,12,1,58,35,58035,4,1998,JNKCA21A1WT6,J,N,K,C,A,2,1,A,1,W,T,6,0,0,0,000000000,00000000000,0,0,0,1,0,0,0,0,0,0,0,30,0,0,0,12,6,2,12,0,0,0,1,12,33054,6,1,0,0,3,0,69,999,0,0,0,0,0,0,0,0,0,0,0,0,0,0,2,3,30,1,1,8,1,0,0,1,62,99,1,1,98,0,0
12,121168,1,3,2,1,3,3,0,32,0,1,0,12,2,42,45,42045,1,1998,WDBKK47F5WF0,W,D,B,K,K,4,7,F,5,W,F,0,0,0,0,000000000,00000000000,0,0,0,1,0,0,0,0,0,0,0,120,0,1,6,12,6,2,3,0,0,0,1,42,17111,3,1,0,0,2,0,70,999,0,0,0,0,1,10,2011,10,2011,3,8,0,0,0,2,2,55,1,1,8,1,0,0,1,13,99,1,4,1,2,1
12,121168,2,3,1,1,3,3,0,32,0,1,0,12,1,41,402,41402,14,2002,4F2YU08112KM,4,F,2,Y,U,0,8,1,1,2,K,M,0,0,0,000000000,00000000000,0,0,0,1,0,0,0,0,0,0,0,50,0,0,0,19,6,2,18,0,0,0,1,12,34655,6,1,0,0,3,0,66,999,1,0,0,0,0,9,2013,9,2013,0,0,0,0,0,2,2,55,1,1,8,1,0,0,1,90,99,1,1,98,0,0
12,121168,3,3,3,1,3,3,0,32,0,1,0,99,9,99,999,99999,99,9999,999999999999,9,9,9,9,9,9,9,9,9,9,9,9,0,0,0,000000000,00000000000,0,0,0,1,0,0,0,0,0,0,0,40,0,0,0,19,6,2,18,0,0,0,1,99,99999,9,9,99,9,9,9,999,999,99,99,99,99,99,99,9999,99,9999,0,0,0,0,0,2,2,55,1,1,8,1,0,0,1,90,99,1,1,98,0,0
12,121169,1,1,1,2,3,1,26,34,0,1,0,12,1,72,706,72706,80,2004,1HD1FCW324Y6,1,H,D,1,F,C,W,3,2,4,Y,6,0,0,0,000000000,00000000000,0,0,0,1,0,0,0,0,0,0,0,45,0,0,0,12,6,2,14,0,0,0,1,12,33967,6,1,0,0,3,0,69,999,0,0,0,0,0,0,0,0,0,0,6,0,0,0,1,2,30,3,1,8,1,0,0,14,13,99,1,4,1,1,1
12,121170,1,1,1,3,3,9,0,9,0,1,0,12,2,49,40,49040,4,1999,JT2BG22K5X03,J,T,2,B,G,2,2,K,5,X,0,3,0,0,0,000000000,00000000000,0,0,0,1,0,0,0,0,0,0,0,999,0,0,0,19,6,2,9,0,0,0,1,12,32696,6,1,6,0,3,3,73,999,0,0,0,1,0,2,2012,2,2012,0,0,0,0,0,1,2,45,1,1,8,1,0,0,1,98,99,1,4,98,0,0