STATE,ST_CASE,VEH_NO,VE_FORMS,NUMOCCS,DAY,MONTH,HOUR,MINUTE,HARM_EV,MAN_COLL,UNITTYPE,HIT_RUN,REG_STAT,OWNER,MAKE,MODEL,MAK_MOD,BODY_TYP,MOD_YEAR,VIN,VIN_1,VIN_2,VIN_3,VIN_4,VIN_5,VIN_6,VIN_7,VIN_8,VIN_9,VIN_10,VIN_11,VIN_12,TOW_VEH,J_KNIFE,MCARR_I1,MCARR_I2,MCARR_ID,GVWR,V_CONFIG,CARGO_BT,HAZ_INV,HAZ_PLAC,HAZ_ID,HAZ_CNO,HAZ_REL,BUS_USE,SPEC_USE,EMER_USE,TRAV_SP,UNDERIDE,ROLLOVER,ROLINLOC,IMPACT1,DEFORMED,TOWED,M_HARM,VEH_SC1,VEH_SC2,FIRE_EXP,DR_PRES,L_STATE,DR_ZIP,L_STATUS,L_TYPE,CDL_STAT,L_ENDORS,L_COMPL,L_RESTRI,DR_HGT,DR_WGT,PREV_ACC,PREV_SUS,PREV_DWI,PREV_SPD,PREV_OTH,FIRST_MO,FIRST_YR,LAST_MO,LAST_YR,SPEEDREL,DR_SF1,DR_SF2,DR_SF3,DR_SF4,VTRAFWAY,VNUM_LAN,VSPD_LIM,VALIGN,VPROFILE,VPAVETYP,VSURCOND,VTRAFCON,VTCONT_F,P_CRASH1,P_CRASH2,P_CRASH3,PCRASH4,PCRASH5,ACC_TYPE,DEATHS,DR_DRINK
12,121225,1,5,1,8,7,7,44,12,1,1,0,12,3,12,461,12461,21,2006,1FTNS24W96HA,1,F,T,N,S,2,4,W,9,6,H,A,0,0,0,000000000,00000000000,0,0,0,1,0,0,0,0,0,0,0,55,0,0,0,12,6,2,12,0,0,0,1,12,33991,6,1,6,0,3,0,74,999,1,0,0,0,1,6,2014,6,2014,0,6,0,0,0,3,2,55,1,1,8,1,0,0,1,52,9,1,1,28,0,0
12,121225,2,5,1,8,7,7,44,12,1,1,0,12,1,72,706,72706,80,2001,1HD1BXB191Y0,1,H,D,1,B,X,B,1,9,1,Y,0,0,0,0,000000000,00000000000,0,0,0,1,0,0,0,0,0,0,0,10,0,0,0,6,6,2,12,0,0,0,1,12,33990,6,1,0,0,3,0,67,999,0,0,0,0,0,0,0,0,0,0,0,0,0,0,3,2,55,1,1,8,1,0,0,2,53,1,1,1,29,1,0
12,121225,3,5,1,8,7,7,44,12,1,1,0,12,1,49,40,49040,4,2011,4T4BF3EK4BR1,4,T,4,B,F,3,E,K,4,B,R,1,0,0,0,000000000,00000000000,0,0,0,1,0,0,0,0,0,0,0,0,0,0,0,6,6,2,12,0,0,0,1,12,33991,6,1,0,0,3,3,70,999,0,0,0,0,0,0,0,0,0,0,0,0,0,0,3,2,55,1,1,8,1,0,0,5,53,1,1,1,98,0,0
12,121225,4,5,1,8,7,7,44,12,1,1,0,12,1,52,34,52034,4,2005,4A3AB36F55E0,4,A,3,A,B,3,6,F,5,5,E,0,0,0,0,000000000,00000000000,0,0,0,1,0,0,0,0,0,0,0,0,0,0,0,6,6,2,12,0,0,0,1,12,33914,6,1,0,0,3,3,69,999,0,1,0,0,1,12,2012,8,2013,0,0,0,0,0,3,2,55,1,1,8,1,0,0,5,53,1,1,1,98,0,0
12,121225,5,5,2,8,7,7,44,12,1,1,0,12,3,20,481,20481,39,2005,1GBJC34205E2,1,G,B,J,C,3,4,2,0,5,E,2,0,0,0,000000000,00000000000,0,0,0,1,0,0,0,0,0,0,0,0,0,0,0,6,4,5,12,0,0,0,1,12,33955,6,1,0,0,3,0,71,999,0,0,0,0,0,0,0,0,0,0,0,0,0,0,3,2,55,1,1,8,1,0,0,5,53,1,1,1,98,0,0
12,121226,1,2,1,1,6,1,54,12,2,1,0,12,2,23,461,23461,21,2004,1GTGG29U0411,1,G,T,G,G,2,9,U,0,4,1,1,0,0,0,000000000,00000000000,0,0,0,1,0,0,0,0,0,0,0,40,0,0,0,12,6,2,12,0,0,0,1,12,33033,0,0,0,0,0,0,999,999,0,0,0,0,0,0,0,0,0,0,28,0,0,0,1,2,40,1,1,8,1,0,0,1,12,7,1,6,53,0,0
12,121226,2,2,2,1,6,1,54,12,2,1,0,12,2,37,32,37032,2,2012,1HGCS2B88CA0,1,H,G,C,S,2,B,8,8,C,A,0,0,0,0,000000000,00000000000,0,0,0,1,0,0,0,0,0,0,0,35,0,0,0,12,6,2,12,0,0,0,1,12,33187,6,1,0,0,3,3,68,999,0,0,0,0,0,0,0,0,0,0,0,0,0,0,1,2,40,1,1,8,1,0,0,1,54,6,1,2,53,1,0
12,121227,1,1,1,2,6,12,34,30,0,1,0,12,2,37,31,37031,4,2002,2HGES26752H5,2,H,G,E,S,2,6,7,5,2,H,5,0,0,0,000000000,00000000000,0,0,0,1,0,0,0,0,0,0,0,65,0,0,0,9,6,2,30,0,0,0,1,12,33026,6,1,0,0,3,0,68,999,0,0,0,0,0,0,0,0,0,0,0,0,0,0,1,2,45,3,1,2,1,28,3,14,13,6,3,4,2,1,0
12,121228,1,3,1,2,6,13,21,12,6,1,0,12,1,18,2,18002,4,2004,1G4HP52K94U2,1,G,4,H,P,5,2,K,9,4,U,2,0,0,0,000000000,00000000000,0,0,0,1,0,0,0,0,0,0,0,5,0,0,0,9,6,2,12,0,0,0,1,12,34488,6,1,0,0,3,3,70,999,1,0,0,0,1,1,2012,2,2012,0,38,0,0,0,1,2,10,1,1,8,1,20,3,1,17,99,1,1,89,1,0
12,121228,2,3,1,2,6,13,21,12,6,1,0,12,1,20,441,20441,20,1997,1GCDM19W6VB2,1,G,C,D,M,1,9,W,6,V,B,2,0,0,0,000000000,00000000000,0,0,0,1,0,0,0,0,0,0,0,45,0,0,0,12,6,2,12,0,0,0,1,12,34471,6,1,0,0,3,0,70,999,0,0,0,0,0,0,0,0,0,0,0,0,0,0,2,4,45,1,1,8,1,0,0,1,71,99,1,1,88,0,0
12,121228,3,3,1,2,6,13,21,12,6,1,0,12,1,52,34,52034,4,2012,4A32B3FF8CE0,4,A,3,2,B,3,F,F,8,C,E,0,0,0,0,000000000,00000000000,0,0,0,1,0,0,0,0,0,0,0,0,0,0,0,6,4,5,12,0,0,0,1,12,34479,6,1,0,0,3,0,72,999,0,0,0,0,0,0,0,0,0,0,0,0,0,0,1,2,45,1,1,8,1,0,0,5,62,99,1,1,98,0,0
12,121230,1,2,1,14,8,11,39,12,2,1,0,12,3,82,881,82881,63,2007,1FVMC5DE37HX,1,F,V,M,C,5,D,E,3,7,H,X,0,0,77,777777777,77777777777,3,2,4,1,0,0,0,0,0,0,0,50,0,1,5,12,6,2,12,0,0,0,1,12,32724,6,1,6,3,3,3,72,999,0,0,0,0,0,0,0,0,0,0,0,0,0,0,1,2,55,2,1,8,1,0,0,14,98,99,1,2,50,0,0
12,121230,2,2,2,14,8,11,39,12,2,1,0,12,2,12,401,12401,14,1994,1FMDU34X8RUD,1,F,M,D,U,3,4,X,8,R,U,D,0,0,0,000000000,00000000000,0,0,0,1,0,0,0,0,0,0,0,55,0,0,0,12,6,2,12,0,0,0,1,12,32102,6,1,0,0,3,3,62,999,0,0,0,0,0,0,0,0,0,0,0,0,0,0,1,2,55,3,1,8,1,0,0,14,62,99,1,1,51,2,1
12,121231,1,1,2,7,6,22,30,34,0,1,0,12,1,12,401,12401,14,1999,1FMZU32E7XZB,1,F,M,Z,U,3,2,E,7,X,Z,B,0,0,0,000000000,00000000000,0,0,0,1,0,0,0,0,0,0,0,90,0,1,5,98,6,2,1,0,0,0,1,5,72461,6,1,0,0,3,0,68,999,0,0,0,0,0,0,0,0,0,0,6,0,0,0,1,2,55,1,1,8,1,0,0,1,12,7,4,4,7,1,1
12,121232,1,2,1,7,6,23,37,12,1,1,0,12,1,20,481,20481,31,2013,1GCRKPEA2DZ2,1,G,C,R,K,P,E,A,2,D,Z,2,0,0,0,000000000,00000000000,0,0,0,1,0,0,0,0,0,0,0,998,0,0,0,12,6,2,12,0,0,0,1,12,32746,6,1,0,0,3,0,65,999,0,1,0,0,1,5,2012,7,2013,0,6,0,0,0,3,4,98,1,1,8,1,3,3,1,50,6,1,3,20,0,0
12,121232,2,2,1,7,6,23,37,12,1,1,0,12,1,72,706,72706,80,2001,1HD1GHV161Y3,1,H,D,1,G,H,V,1,6,1,Y,3,0,0,0,000000000,00000000000,0,0,0,1,0,0,0,0,0,0,0,0,0,0,0,6,6,2,12,0,0,0,1,12,32771,6,1,0,0,3,0,60,999,0,0,0,1,1,3,2012,10,2013,0,0,0,0,0,3,4,98,1,1,8,1,3,3,5,53,99,1,1,21,1,0
12,121233,1,1,2,14,6,13,50,8,0,1,0,12,1,6,441,6441,20,2009,2A8HR44E49R5,2,A,8,H,R,4,4,E,4,9,R,5,0,0,0,000000000,00000000000,0,0,0,1,0,0,0,0,0,0,0,25,0,0,0,12,4,5,8,0,0,0,1,12,33147,6,1,0,0,3,0,63,999,0,0,0,0,1,10,2011,10,2011,0,0,0,0,0,5,5,35,1,1,8,1,3,3,1,80,99,1,1,13,0,0
12,121234,1,1,2,16,6,19,5,34,0,1,0,12,2,37,32,37032,4,1993,1HGCB7695PA1,1,H,G,C,B,7,6,9,5,P,A,1,0,0,0,000000000,00000000000,0,0,0,1,0,0,0,0,0,0,0,55,0,1,5,98,6,2,34,0,0,0,1,12,32425,0,0,0,0,0,0,999,999,0,0,0,0,0,0,0,0,0,0,6,0,0,0,1,2,55,1,6,8,1,0,0,1,12,1,4,4,7,1,1
12,121236,1,1,1,21,6,21,0,8,0,1,0,12,3,7,442,7442,20,2013,2C4RDGCG2DR5,2,C,4,R,D,G,C,G,2,D,R,5,0,0,0,000000000,00000000000,0,0,0,1,0,0,0,0,0,0,0,30,0,0,0,12,4,5,8,0,0,0,1,12,33149,6,1,0,0,3,0,67,999,0,0,0,0,0,0,0,0,0,0,0,0,0,0,3,2,30,1,1,8,1,0,0,1,80,99,1,1,13,0,0
12,121237,1,1,1,21,6,5,5,8,0,1,1,99,9,99,999,99999,99,9999,999999999999,9,9,9,9,9,9,9,9,9,9,9,9,0,0,0,000000000,00000000000,0,0,0,1,0,0,0,0,0,0,0,40,0,0,0,98,9,5,8,0,0,0,1,99,99999,9,9,99,9,9,9,999,999,99,99,99,99,99,99,9999,99,9999,0,0,0,0,0,5,4,40,1,1,8,1,3,3,99,82,99,1,9,13,0,0
12,121238,1,2,1,22,6,7,35,33,0,1,0,18,3,51,881,51881,63,2014,4V4NC9EG7EN1,4,V,4,N,C,9,E,G,7,E,N,1,1,3,18,54283,1854283,3,4,1,1,0,0,0,0,0,0,0,60,0,0,0,12,6,2,12,0,0,0,1,12,32220,6,1,6,0,3,0,67,999,0,0,0,1,0,5,2013,5,2013,3,6,0,0,0,3,3,45,3,1,8,2,0,0,14,13,6,1,4,6,0,0
12,121238,2,2,1,22,6,7,35,33,0,1,0,12,1,7,482,7482,31,2003,3D7MA48633G7,3,D,7,M,A,4,8,6,3,3,G,7,0,0,0,000000000,00000000000,0,0,0,1,0,0,0,0,0,0,0,40,0,0,0,11,6,2,12,0,0,0,1,12,32640,6,1,0,0,3,0,69,999,0,0,0,0,0,0,0,0,0,0,0,0,0,0,3,3,45,3,1,8,2,0,0,14,62,99,1,1,98,1,0
12,121240,1,2,1,25,8,6,0,12,6,1,0,12,2,58,37,58037,4,2006,JNKCV51E86M5,J,N,K,C,V,5,1,E,8,6,M,5,0,0,0,000000000,00000000000,0,0,0,1,0,0,0,0,0,0,0,10,0,0,0,9,6,2,12,0,0,0,1,12,32413,6,1,0,0,3,0,62,999,0,0,0,0,0,0,0,0,0,0,39,0,0,0,3,2,20,1,1,8,1,20,3,1,17,99,1,1,89,1,1
12,121240,2,2,1,25,8,6,0,12,6,1,0,12,1,35,472,35472,30,1998,1N6DD26S2WC3,1,N,6,D,D,2,6,S,2,W,C,3,0,0,0,000000000,00000000000,0,0,0,1,0,0,0,0,0,0,0,60,0,0,0,12,6,2,12,0,0,0,1,12,32404,6,1,0,0,3,0,76,999,0,0,0,1,0,6,2012,6,2012,0,0,0,0,0,3,2,55,1,1,8,1,0,0,1,66,99,1,1,88,0,0
12,121243,1,1,1,28,6,9,26,8,0,1,0,12,1,7,402,7402,14,2003,1D4HS58N33F5,1,D,4,H,S,5,8,N,3,3,F,5,0,0,0,000000000,00000000000,0,0,0,1,0,0,0,0,0,0,0,10,0,0,0,6,0,5,8,0,0,0,1,12,32820,6,1,0,0,3,0,71,999,0,2,0,1,1,8,2012,2,2014,0,31,0,0,0,0,0,0,0,0,0,0,0,0,13,80,1,1,1,92,0,0
12,121244,1,1,1,29,6,8,38,9,0,1,0,12,1,48,401,48401,14,2014,JF2SJAAC8EH4,J,F,2,S,J,A,A,C,8,E,H,4,0,0,0,000000000,00000000000,0,0,0,1,0,0,0,0,0,0,0,45,0,0,0,12,4,3,9,0,0,0,1,12,32117,6,1,0,0,3,0,63,999,0,0,0,0,0,0,0,0,0,0,0,0,0,0,2,4,45,1,1,8,1,0,0,1,83,99,1,1,13,0,0
12,121245,1,1,1,2,7,10,0,42,0,1,0,12,2,41,402,41402,14,2001,4F2YU09171KM,4,F,2,Y,U,0,9,1,7,1,K,M,0,0,0,000000000,00000000000,0,0,0,1,0,0,0,0,0,0,0,50,0,0,0,12,6,2,42,0,0,0,1,12,33196,6,1,0,0,3,0,73,999,0,0,0,0,0,0,0,0,0,0,6,0,0,0,2,3,40,1,1,8,1,0,0,1,12,99,1,4,6,1,0
12,121247,1,3,1,2,7,17,40,12,6,1,0,12,1,30,47,30047,3,2004,3VWBK31C34M4,3,V,W,B,K,3,1,C,3,4,M,4,0,0,0,000000000,00000000000,0,0,0,1,0,0,0,0,0,0,0,20,0,0,0,1,6,2,12,0,0,0,1,12,33181,6,1,0,0,3,0,61,999,0,0,0,0,0,0,0,0,0,0,0,0,0,0,1,7,35,1,1,8,1,3,3,11,15,1,1,1,68,0,0
12,121247,2,3,1,2,7,17,40,12,6,1,0,12,1,37,705,37705,80,2005,JH2PC37005M2,J,H,2,P,C,3,7,0,0,5,M,2,0,0,0,000000000,00000000000,0,0,0,1,0,0,0,0,0,0,0,999,0,0,0,98,6,2,12,0,0,0,1,12,33014,6,1,0,0,3,0,68,999,0,2,0,0,0,10,2012,2,2013,0,0,0,0,0,1,7,35,1,1,8,1,3,3,1,62,99,1,1,69,1,0
12,121247,3,3,1,2,7,17,40,12,6,1,0,12,1,35,47,35047,4,2008,1N4AL21E48N4,1,N,4,A,L,2,1,E,4,8,N,4,0,0,0,000000000,00000000000,0,0,0,1,0,0,0,0,0,0,0,0,0,0,0,12,4,5,12,0,0,0,1,12,33169,6,1,0,0,3,3,69,999,0,0,0,0,0,0,0,0,0,0,0,0,0,0,1,4,30,1,1,8,1,3,3,5,67,99,1,1,98,0,0
12,121248,1,1,1,4,7,22,9,8,0,1,0,12,1,23,466,23466,29,1995,1GDEG25K5SF5,1,G,D,E,G,2,5,K,5,S,F,5,0,0,0,000000000,00000000000,0,0,0,1,0,0,0,0,0,0,0,25,0,0,0,12,2,5,8,0,0,0,1,12,33312,6,1,0,0,3,3,66,999,0,0,0,0,0,0,0,0,0,0,0,0,0,0,8,2,25,1,1,8,1,0,0,1,80,99,1,1,13,0,0
12,121249,1,1,2,4,7,20,30,8,0,1,0,12,1,6,52,6052,6,2002,3C8FY68B12T3,3,C,8,F,Y,6,8,B,1,2,T,3,0,0,0,000000000,00000000000,0,0,0,1,0,0,0,0,0,0,0,30,0,0,0,12,6,2,8,0,0,0,1,12,33401,6,1,0,0,3,3,68,999,0,1,0,1,0,7,2011,5,2012,0,0,0,0,0,1,5,30,1,6,8,1,0,0,1,80,8,1,1,13,0,0
12,121250,1,1,1,5,7,1,44,8,0,1,1,12,1,42,45,42045,1,2002,WDBKK49F72F2,W,D,B,K,K,4,9,F,7,2,F,2,0,0,0,000000000,00000000000,0,0,0,1,0,0,0,0,0,0,0,999,0,0,0,98,4,5,8,0,0,0,1,12,32246,6,1,0,0,3,0,68,999,0,0,0,1,0,7,2011,7,2011,0,0,0,0,0,3,2,35,1,1,8,1,0,0,99,80,99,1,1,13,0,0
12,121251,1,2,1,28,2,4,10,12,2,1,0,12,1,21,20,21020,4,1993,1G3AG55N3P63,1,G,3,A,G,5,5,N,3,P,6,3,0,0,0,000000000,00000000000,0,0,0,1,0,0,0,0,0,0,0,20,0,0,0,12,6,2,12,0,0,0,1,12,33126,6,1,0,0,3,0,69,999,0,0,0,0,0,0,0,0,0,0,38,0,0,0,5,6,45,1,1,8,2,3,3,11,15,99,1,1,68,1,0
12,121251,2,2,2,28,2,4,10,12,2,1,0,12,2,20,9,20009,2,2011,2G1FA1ED0B91,2,G,1,F,A,1,E,D,0,B,9,1,0,0,0,000000000,00000000000,0,0,0,1,0,0,0,0,0,0,0,70,0,0,0,12,6,2,12,0,0,0,1,12,33193,6,1,0,0,3,0,63,999,1,0,0,0,0,2,2013,2,2013,3,6,0,0,0,5,6,45,1,1,8,2,3,3,1,62,99,1,1,69,0,1
12,121252,1,2,1,5,7,20,16,12,2,1,0,12,1,12,442,12442,20,2003,2FMZA51463BB,2,F,M,Z,A,5,1,4,6,3,B,B,0,0,0,000000000,00000000000,0,0,0,1,0,0,0,0,0,0,0,20,0,0,0,12,6,2,12,0,0,1,1,12,33410,6,1,0,0,3,3,67,999,0,0,0,0,1,4,2013,4,2013,0,38,0,0,0,1,2,45,1,1,8,1,0,0,11,15,99,1,1,68,0,0
12,121252,2,2,1,5,7,20,16,12,2,1,0,12,1,73,706,73706,80,1993,JKAZXDL16PA0,J,K,A,Z,X,D,L,1,6,P,A,0,0,0,0,000000000,00000000000,0,0,0,1,0,0,0,0,0,0,0,45,0,0,0,12,6,2,12,0,0,0,1,12,33470,6,1,0,0,3,0,69,999,0,0,0,0,0,0,0,0,0,0,0,0,0,0,1,2,45,1,1,8,1,0,0,1,62,99,1,1,69,1,0
12,121253,1,1,2,5,7,0,46,19,0,1,0,12,1,72,706,72706,80,2009,1HD1JA5149Y0,1,H,D,1,J,A,5,1,4,9,Y,0,0,0,0,000000000,00000000000,0,0,0,1,0,0,0,0,0,0,0,999,0,0,0,12,6,2,19,0,0,0,1,12,33033,6,1,0,0,3,0,70,999,0,0,0,0,0,0,0,0,0,0,6,0,0,0,1,2,98,1,1,8,1,20,3,1,13,99,1,4,1,1,1
12,121255,1,2,3,7,9,6,9,12,2,1,0,12,2,37,32,37032,4,1995,1HGCD5635SA1,1,H,G,C,D,5,6,3,5,S,A,1,0,0,0,000000000,00000000000,0,0,0,1,0,0,0,0,0,0,0,60,0,0,0,12,6,2,12,0,0,0,1,12,33647,6,1,0,0,3,3,63,999,0,2,0,0,0,8,2013,2,2014,0,51,0,0,0,3,4,65,1,1,8,1,0,0,1,54,99,1,1,52,3,1
12,121255,2,2,1,7,9,6,9,12,2,1,0,40,3,82,881,82881,66,2012,1FUJGEDV2CSB,1,F,U,J,G,E,D,V,2,C,S,B,1,1,40,913300,40913300,3,6,2,2,2,1203,3,1,0,0,0,60,0,0,0,12,6,2,12,0,0,0,1,12,33813,6,1,6,3,3,0,69,999,0,0,0,0,0,0,0,0,0,0,0,0,0,0,3,4,65,1,1,8,1,0,0,1,54,99,1,1,52,0,0
12,121257,1,1,1,8,7,23,55,8,0,1,1,12,9,49,482,49482,31,2001,5TBRN341X1S1,5,T,B,R,N,3,4,1,X,1,S,1,0,0,0,000000000,00000000000,0,0,0,1,0,0,0,0,0,0,0,35,0,0,0,12,4,3,8,0,0,0,1,12,32080,6,1,0,0,3,0,72,999,0,0,0,0,0,0,0,0,0,0,0,0,0,0,3,2,45,1,1,8,1,0,0,1,80,99,1,1,13,0,1
12,121258,1,1,1,9,7,5,20,8,0,1,0,12,2,12,401,12401,14,2003,1FMDU65W23ZB,1,F,M,D,U,6,5,W,2,3,Z,B,0,0,0,000000000,00000000000,0,0,0,1,0,0,0,0,0,0,0,55,0,0,0,12,2,3,8,0,0,0,1,12,34748,6,1,0,0,3,0,75,999,0,0,0,1,0,1,2014,1,2014,0,0,0,0,0,3,2,55,1,5,8,1,0,0,1,80,99,1,1,13,0,0
12,121259,1,1,1,11,7,21,1,33,0,1,0,12,2,98,701,98701,80,2009,LHJTLB2J29BL,L,H,J,T,L,B,2,J,2,9,B,L,0,0,0,000000000,00000000000,0,0,0,1,0,0,0,0,0,0,0,999,0,0,0,12,6,2,33,0,0,0,1,12,33311,0,0,0,0,0,0,999,999,0,0,0,0,0,0,0,0,0,0,28,0,0,0,3,2,99,1,1,8,1,0,0,1,12,99,1,4,6,1,0
12,121260,1,1,1,26,6,2,21,30,0,1,0,12,1,35,39,35039,4,2014,1N4AA5AP9EC4,1,N,4,A,A,5,A,P,9,E,C,4,0,0,0,000000000,00000000000,0,0,0,1,0,0,0,0,0,0,0,998,0,0,0,12,6,2,42,0,0,0,1,12,33809,6,1,0,0,3,0,65,999,0,0,0,0,0,0,0,0,0,0,0,0,0,0,1,2,45,3,1,8,1,0,0,14,13,99,1,4,1,1,1
12,121261,1,1,3,13,7,21,6,8,0,1,0,12,1,20,481,20481,31,2007,2GCEC13V9711,2,G,C,E,C,1,3,V,9,7,1,1,0,0,0,000000000,00000000000,0,0,0,1,0,0,0,0,0,0,0,45,0,0,0,12,4,3,8,0,0,0,1,12,34669,6,1,0,0,3,0,69,999,0,1,0,0,0,10,2012,10,2012,0,0,0,0,0,1,2,45,1,1,8,1,0,0,1,80,99,1,1,13,0,0
12,121262,1,2,1,16,7,7,50,12,6,1,0,12,1,49,50,49050,3,2006,JTKDE1772601,J,T,K,D,E,1,7,7,2,6,0,1,0,0,0,000000000,00000000000,0,0,0,1,0,0,0,0,0,0,0,65,0,0,0,12,9,2,12,0,0,0,1,12,32256,6,1,0,0,3,0,67,999,0,0,0,1,0,3,2014,3,2014,0,0,0,0,0,3,4,65,1,1,8,2,0,0,1,11,99,1,2,44,0,0
12,121262,2,2,1,16,7,7,50,12,6,1,0,12,1,12,471,12471,30,1988,1FTCR14A4JPB,1,F,T,C,R,1,4,A,4,J,P,B,0,0,0,000000000,00000000000,0,0,0,1,0,0,0,0,0,0,0,50,0,1,5,1,6,2,12,0,0,0,1,12,32257,6,1,6,0,3,0,72,999,0,0,0,0,1,1,2013,1,2013,0,0,0,0,0,3,4,65,1,1,8,2,0,0,1,60,99,1,1,45,1,0
12,121263,1,2,1,17,7,22,41,12,6,1,0,12,2,41,403,41403,14,2014,JM3KE2CY3E03,J,M,3,K,E,2,C,Y,3,E,0,3,0,0,0,000000000,00000000000,0,0,0,1,0,0,0,0,0,0,0,998,0,0,0,12,6,2,12,0,0,0,1,12,33172,6,1,0,0,3,3,70,999,0,0,0,0,0,0,0,0,0,0,85,0,0,0,3,3,40,1,1,8,1,3,3,1,17,99,1,1,88,0,1
12,121263,2,2,1,17,7,22,41,12,6,1,0,12,1,55,37,55037,2,2004,KMHHM65D34U1,K,M,H,H,M,6,5,D,3,4,U,1,0,0,0,000000000,00000000000,0,0,0,1,0,0,0,0,0,0,0,35,0,0,0,9,6,2,12,0,0,0,1,12,33183,6,1,0,0,3,0,75,999,0,0,0,0,0,0,0,0,0,0,0,0,0,0,3,2,35,1,1,8,1,3,3,1,66,99,1,1,89,1,0
12,121264,1,1,1,19,7,23,53,33,0,1,0,12,1,72,706,72706,80,2006,1HD1FMW166Y6,1,H,D,1,F,M,W,1,6,6,Y,6,0,0,0,000000000,00000000000,0,0,0,1,0,0,0,0,0,0,0,60,0,0,0,12,6,2,33,0,0,0,1,12,32765,6,1,0,0,3,0,70,999,0,0,0,0,0,0,0,0,0,3,0,0,0,0,2,2,45,3,1,2,1,0,0,14,13,99,1,4,1,1,1
12,121265,1,1,3,21,7,0,5,8,0,1,0,28,3,7,26,7026,4,2013,1C3CDZAB6DN5,1,C,3,C,D,Z,A,B,6,D,N,5,0,0,0,000000000,00000000000,0,0,0,1,0,0,0,0,0,0,0,45,0,0,0,12,6,2,8,0,0,0,1,28,39301,6,1,0,0,3,0,71,163,98,0,0,0,0,0,0,0,0,0,0,0,0,0,3,3,55,1,1,8,2,0,0,1,80,99,1,1,13,0,0
12,121266,1,2,1,23,7,5,47,12,6,1,0,13,2,35,43,35043,4,1998,1N4AB41D9WC7,1,N,4,A,B,4,1,D,9,W,C,7,0,0,0,000000000,00000000000,0,0,0,1,0,0,0,0,0,0,0,45,0,0,0,12,6,2,12,0,0,0,1,13,31562,6,1,0,0,3,0,71,210,98,0,0,1,0,12,2011,12,2011,0,28,0,0,0,1,2,30,2,1,8,1,0,0,14,10,99,1,2,64,1,0
12,121266,2,2,1,23,7,5,47,12,6,1,0,45,3,82,884,82884,66,2006,1FUJA6CV56DU,1,F,U,J,A,6,C,V,5,6,D,U,1,1,13,71097,1371097,3,6,1,1,0,0,0,0,0,0,0,35,0,0,0,7,2,3,12,0,0,0,1,13,31503,6,1,6,0,3,0,68,220,98,0,0,0,0,0,0,0,0,0,0,0,0,0,1,2,30,3,1,8,1,0,0,14,62,99,1,1,65,0,0
12,121267,1,1,1,23,7,2,6,18,0,1,1,12,2,2,403,2403,14,2006,1J4FA39S46P7,1,J,4,F,A,3,9,S,4,6,P,7,0,0,0,000000000,00000000000,0,0,0,1,0,0,0,0,0,0,0,35,0,0,0,12,9,5,8,0,0,0,1,12,33813,6,1,0,0,3,0,69,999,0,0,0,0,0,0,0,0,0,0,0,0,0,0,2,3,40,1,1,8,1,28,3,99,90,99,1,4,6,0,1
12,121268,1,4,2,24,7,11,40,12,6,1,0,12,1,12,17,12017,4,2006,1FAFP56U06A2,1,F,A,F,P,5,6,U,0,6,A,2,0,0,0,000000000,00000000000,0,0,0,1,0,0,0,0,0,0,0,10,0,0,0,3,6,2,12,0,0,0,1,12,34667,6,1,0,0,3,0,71,999,0,0,0,0,0,0,0,0,0,0,38,0,0,0,3,4,45,1,1,8,1,0,0,11,15,99,1,1,68,2,0
12,121268,2,4,2,24,7,11,40,12,6,1,0,12,1,7,24,7024,4,2006,2B3KA53H96H1,2,B,3,K,A,5,3,H,9,6,H,1,0,0,0,000000000,00000000000,0,0,0,1,0,0,0,0,0,0,0,45,0,0,0,12,6,2,12,0,0,0,1,12,34667,6,1,0,0,3,0,67,999,0,0,0,0,0,0,0,0,0,0,39,0,0,0,3,4,45,1,1,8,1,0,0,1,17,7,1,2,69,0,0
12,121268,3,4,1,24,7,11,40,12,6,1,0,12,1,37,31,37031,2,2003,1HGEM225X3L0,1,H,G,E,M,2,2,5,X,3,L,0,0,0,0,000000000,00000000000,0,0,0,1,0,0,0,0,0,0,0,45,0,0,0,12,6,2,12,0,0,0,1,12,34668,6,1,0,0,3,0,70,999,1,0,0,0,1,10,2013,11,2013,0,39,0,0,0,3,4,45,1,1,8,1,0,0,1,17,3,3,2,98,0,0
12,121268,4,4,1,24,7,11,40,12,6,1,0,12,2,35,47,35047,4,2003,1N4AL11D13C1,1,N,4,A,L,1,1,D,1,3,C,1,0,0,0,000000000,00000000000,0,0,0,1,0,0,0,0,0,0,0,45,0,0,0,11,4,5,12,0,0,0,1,12,34667,6,1,0,0,3,3,75,999,0,0,0,0,1,7,2014,7,2014,0,0,0,0,0,3,4,45,1,1,8,1,0,0,1,50,3,3,2,98,0,0
12,121269,1,2,2,25,7,10,9,12,6,1,0,12,1,58,34,58034,4,1996,JNKAY21D1TM3,J,N,K,A,Y,2,1,D,1,T,M,3,0,0,0,000000000,00000000000,0,0,0,1,0,0,0,0,0,0,0,20,0,0,0,9,6,2,12,0,0,0,1,12,33837,6,1,0,0,3,0,66,999,0,0,0,0,0,0,0,0,0,0,38,0,0,0,1,2,30,1,1,8,1,20,3,11,15,99,1,1,82,2,1
12,121269,2,2,1,25,7,10,9,12,6,1,0,12,3,87,881,87881,63,1995,1XPALA0X0SN3,1,X,P,A,L,A,0,X,0,S,N,3,0,0,12,2102772,122102772,3,2,4,1,0,0,0,0,0,0,0,45,0,0,0,12,6,2,12,0,0,0,1,12,32701,6,1,6,0,3,3,67,999,0,1,0,0,0,11,2012,11,2012,0,0,0,0,0,1,2,45,1,1,8,1,0,0,1,66,99,1,1,83,0,0