STATE,ST_CASE,VEH_NO,VE_FORMS,NUMOCCS,DAY,MONTH,HOUR,MINUTE,HARM_EV,MAN_COLL,UNITTYPE,HIT_RUN,REG_STAT,OWNER,MAKE,MODEL,MAK_MOD,BODY_TYP,MOD_YEAR,VIN,VIN_1,VIN_2,VIN_3,VIN_4,VIN_5,VIN_6,VIN_7,VIN_8,VIN_9,VIN_10,VIN_11,VIN_12,TOW_VEH,J_KNIFE,MCARR_I1,MCARR_I2,MCARR_ID,GVWR,V_CONFIG,CARGO_BT,HAZ_INV,HAZ_PLAC,HAZ_ID,HAZ_CNO,HAZ_REL,BUS_USE,SPEC_USE,EMER_USE,TRAV_SP,UNDERIDE,ROLLOVER,ROLINLOC,IMPACT1,DEFORMED,TOWED,M_HARM,VEH_SC1,VEH_SC2,FIRE_EXP,DR_PRES,L_STATE,DR_ZIP,L_STATUS,L_TYPE,CDL_STAT,L_ENDORS,L_COMPL,L_RESTRI,DR_HGT,DR_WGT,PREV_ACC,PREV_SUS,PREV_DWI,PREV_SPD,PREV_OTH,FIRST_MO,FIRST_YR,LAST_MO,LAST_YR,SPEEDREL,DR_SF1,DR_SF2,DR_SF3,DR_SF4,VTRAFWAY,VNUM_LAN,VSPD_LIM,VALIGN,VPROFILE,VPAVETYP,VSURCOND,VTRAFCON,VTCONT_F,P_CRASH1,P_CRASH2,P_CRASH3,PCRASH4,PCRASH5,ACC_TYPE,DEATHS,DR_DRINK
12,121315,2,2,1,8,8,16,5,21,0,1,0,12,2,12,422,12422,15,2002,1FMEU16W32LA,1,F,M,E,U,1,6,W,3,2,L,A,0,0,0,000000000,00000000000,0,0,0,1,0,0,0,0,0,0,0,998,0,0,0,12,2,3,12,0,0,0,1,12,32225,6,1,0,0,3,0,70,999,0,0,0,0,0,0,0,0,0,0,0,0,0,0,1,4,35,1,3,8,2,0,0,1,62,1,1,1,98,0,0
12,121316,1,2,1,15,8,17,40,12,6,1,0,12,1,63,441,63441,20,2006,KNDMB2336660,K,N,D,M,B,2,3,3,6,6,6,0,0,0,0,000000000,00000000000,0,0,0,1,0,0,0,0,0,0,0,30,0,0,0,9,6,2,12,0,0,0,1,12,32218,6,1,0,0,3,3,68,999,0,0,0,0,0,0,0,0,0,0,39,0,0,0,1,2,45,1,1,2,1,20,3,1,17,99,1,1,89,1,0
12,121316,2,2,5,15,8,17,40,12,6,1,0,12,1,20,422,20422,15,2008,1GNFC16J28J2,1,G,N,F,C,1,6,J,2,8,J,2,0,0,0,000000000,00000000000,0,0,0,1,0,0,0,0,0,0,0,45,0,0,0,12,6,2,12,0,0,0,1,12,32218,6,1,0,0,3,0,66,999,0,0,0,0,0,0,0,0,0,0,0,0,0,0,1,2,45,1,1,2,1,0,0,1,67,99,1,1,88,0,0
12,121319,1,2,1,23,8,1,50,12,2,1,0,12,1,35,43,35043,4,1997,1N4AB41D1VC7,1,N,4,A,B,4,1,D,1,V,C,7,0,0,0,000000000,00000000000,0,0,0,1,0,0,0,0,0,0,0,65,0,0,0,12,6,2,12,0,0,0,1,12,32801,6,1,0,0,3,0,65,999,0,1,0,0,0,11,2012,11,2012,0,50,0,0,0,3,2,65,1,6,8,1,0,0,1,54,99,1,1,52,1,1
12,121319,2,2,1,23,8,1,50,12,2,1,0,12,1,35,48,35048,2,2011,JN1AZ4EHXBM5,J,N,1,A,Z,4,E,H,X,B,M,5,0,0,0,000000000,00000000000,0,0,0,1,0,0,0,0,0,0,0,65,0,0,0,12,6,2,12,0,0,0,1,12,32828,6,1,0,0,3,3,70,999,0,0,0,0,0,0,0,0,0,0,0,0,0,0,3,2,65,1,6,8,1,0,0,1,54,99,1,1,52,1,0
12,121320,1,1,2,13,8,22,32,3,0,1,0,12,2,12,13,12013,4,1998,1FAFP10P9WW2,1,F,A,F,P,1,0,P,9,W,W,2,0,0,0,000000000,00000000000,0,0,0,1,0,0,0,0,0,0,0,25,0,0,0,0,6,2,3,0,0,0,1,12,32177,1,1,0,0,2,0,74,999,0,0,0,0,0,0,0,0,0,0,6,0,0,0,4,1,45,1,6,8,2,0,0,1,98,99,1,4,0,1,1
12,121321,1,1,1,15,8,8,37,18,0,1,1,12,1,12,401,12401,14,1998,1FMZU32X6WUD,1,F,M,Z,U,3,2,X,6,W,U,D,0,0,0,000000000,00000000000,0,0,0,1,0,0,0,0,0,0,0,50,0,0,0,12,9,3,53,0,0,0,1,12,34772,6,1,0,0,3,0,65,999,0,0,0,0,0,0,0,0,0,0,6,36,0,0,1,2,50,1,1,2,1,0,0,1,12,99,1,4,6,1,1
12,121322,1,2,1,12,8,22,22,12,2,1,0,12,2,20,2,20002,4,2003,2G1WF52E4393,2,G,1,W,F,5,2,E,4,3,9,3,0,0,0,000000000,00000000000,0,0,0,1,0,0,0,0,0,0,0,998,0,1,5,12,6,2,12,0,0,0,1,12,32771,1,1,0,0,2,0,66,999,0,0,0,0,0,0,0,0,0,0,6,0,0,0,1,2,98,1,1,8,1,0,0,1,10,99,1,2,50,1,0
12,121322,2,2,5,12,8,22,22,12,2,1,0,12,2,49,40,49040,4,2005,4T1BE32K35U6,4,T,1,B,E,3,2,K,3,5,U,6,0,0,0,000000000,00000000000,0,0,0,1,0,0,0,0,0,0,0,998,0,0,0,12,6,2,12,0,0,0,1,12,32773,6,1,0,0,3,0,66,999,0,0,0,0,0,0,0,0,0,0,0,0,0,0,1,2,98,1,1,8,1,0,0,1,62,99,1,1,51,0,0
12,121323,1,1,1,31,7,9,29,8,0,1,0,12,1,7,442,7442,20,2008,2D8HN44HX8R7,2,D,8,H,N,4,4,H,X,8,R,7,0,0,0,000000000,00000000000,0,0,0,1,0,0,0,0,0,0,0,20,0,0,0,12,2,3,8,0,0,0,1,12,34653,6,1,0,0,3,3,63,999,0,0,0,0,0,0,0,0,0,0,0,0,0,0,1,2,35,1,1,8,1,0,0,1,80,99,1,1,13,0,0
12,121324,1,1,6,2,8,23,37,34,0,1,0,12,1,20,481,20481,31,1995,1GCEC14H2SE2,1,G,C,E,C,1,4,H,2,S,E,2,0,0,0,000000000,00000000000,0,0,0,1,0,0,0,0,0,0,0,43,0,0,0,12,6,2,32,0,0,0,1,12,32180,6,1,0,0,3,0,73,999,0,0,0,0,0,0,0,0,0,0,6,0,0,0,2,2,55,1,1,8,1,0,0,1,13,1,1,4,1,1,1
12,121325,1,1,2,3,8,4,13,30,0,1,0,12,1,12,21,12021,4,2006,1FAFP251X6G1,1,F,A,F,P,2,5,1,X,6,G,1,0,0,0,000000000,00000000000,0,0,0,1,0,0,0,0,0,0,0,998,0,0,0,12,6,2,30,0,0,0,1,12,33014,6,1,0,0,3,0,64,999,1,0,0,0,0,3,2012,3,2012,0,6,0,0,0,2,3,45,1,1,8,1,0,0,1,9,99,1,4,6,1,0
12,121326,1,1,1,3,8,0,50,8,0,1,0,12,2,59,34,59034,4,2014,JTHCE1BLXE50,J,T,H,C,E,1,B,L,X,E,5,0,0,0,0,000000000,00000000000,0,0,0,1,0,0,0,0,0,0,0,70,0,0,0,12,6,2,8,0,0,0,1,12,33027,6,1,0,0,3,0,69,999,0,0,0,0,0,0,0,0,0,0,0,0,0,0,3,4,70,1,1,8,2,0,0,1,80,99,1,1,13,0,0
12,121327,1,2,2,5,8,14,20,12,6,1,0,12,2,13,1,13001,4,2003,1LNHM83W43Y6,1,L,N,H,M,8,3,W,4,3,Y,6,0,0,0,000000000,00000000000,0,0,0,1,0,0,0,0,0,0,0,15,0,0,0,3,6,2,12,0,0,0,1,12,34241,6,1,0,0,3,3,72,999,0,0,0,0,0,0,0,0,0,0,38,0,0,0,3,4,45,1,1,8,1,3,3,11,15,99,1,1,68,0,0
12,121327,2,2,2,5,8,14,20,12,6,1,0,12,1,53,705,53705,80,2007,JS1GN7DA7721,J,S,1,G,N,7,D,A,7,7,2,1,0,0,0,000000000,00000000000,0,0,0,1,0,0,0,0,0,0,0,45,0,0,0,12,6,2,12,0,0,0,1,12,34293,6,1,0,0,3,0,67,999,0,0,0,0,0,0,0,0,0,0,0,0,0,0,3,4,45,1,1,8,1,3,3,1,62,3,1,1,69,1,0
12,121328,1,1,1,5,8,21,46,34,0,1,0,12,1,49,32,49032,4,1995,JT2AE09B1S00,J,T,2,A,E,0,9,B,1,S,0,0,0,0,0,000000000,00000000000,0,0,0,1,0,0,0,0,0,0,0,30,0,0,0,12,6,2,3,0,0,0,1,12,34113,6,1,0,0,3,0,71,999,0,0,0,0,0,0,0,0,0,0,0,0,0,0,1,2,30,1,1,8,1,20,3,1,14,99,1,4,14,1,0
12,121329,1,3,2,5,8,16,30,12,6,1,0,12,2,63,441,63441,20,2007,KNDMB1330761,K,N,D,M,B,1,3,3,0,7,6,1,0,0,0,000000000,00000000000,0,0,0,1,0,0,0,0,0,0,0,55,0,0,0,12,6,2,32,0,0,0,1,12,32145,6,1,0,0,3,3,71,999,0,0,0,0,0,0,0,0,0,0,6,0,0,0,3,3,45,1,1,8,1,0,0,1,13,12,1,4,84,1,0
12,121329,2,3,1,5,8,16,30,12,6,1,0,12,1,20,29,20029,5,2013,KL8CB6S99DC5,K,L,8,C,B,6,S,9,9,D,C,5,0,0,0,000000000,00000000000,0,0,0,1,0,0,0,0,0,0,0,7,0,0,0,1,6,2,12,0,0,0,1,12,32131,6,1,6,0,3,0,71,999,0,0,0,0,0,0,0,0,0,0,0,0,0,0,3,3,45,1,1,8,1,0,0,10,61,99,1,1,84,0,0
12,121329,3,3,1,5,8,16,30,12,6,1,0,12,1,35,472,35472,30,2000,1N6ED27T3YC4,1,N,6,E,D,2,7,T,3,Y,C,4,0,0,0,000000000,00000000000,0,0,0,1,0,0,0,0,0,0,0,0,0,0,0,9,4,5,12,0,0,0,1,12,32177,6,1,0,0,3,0,72,999,0,0,0,0,1,4,2012,4,2012,0,0,0,0,0,1,2,25,1,1,8,1,20,3,5,67,99,1,1,98,0,0
12,121330,1,1,2,7,8,6,44,8,0,1,0,12,2,12,461,12461,21,2005,1FTRE14W85HA,1,F,T,R,E,1,4,W,8,5,H,A,0,0,0,000000000,00000000000,0,0,0,1,0,0,0,0,0,0,0,30,0,0,0,12,2,5,8,0,0,0,1,12,34142,6,1,6,0,3,0,71,999,0,0,0,1,0,3,2013,3,2013,0,0,0,0,0,1,2,30,1,1,8,1,0,0,1,80,99,1,1,13,0,0
12,121331,1,2,1,7,8,4,53,8,0,1,0,12,1,32,42,32042,4,2013,WAUFFAFC9DN1,W,A,U,F,F,A,F,C,9,D,N,1,0,0,0,000000000,00000000000,0,0,0,1,0,0,0,0,0,0,0,65,0,0,0,12,6,2,8,0,0,0,1,12,33138,6,1,0,0,3,0,71,999,0,0,0,1,0,10,2011,10,2011,0,0,0,0,0,3,3,65,1,1,8,1,0,0,1,80,1,1,1,13,0,0
12,121331,2,2,1,7,8,4,53,8,0,1,0,12,2,12,481,12481,31,2001,1FTZX172X1NB,1,F,T,Z,X,1,7,2,X,1,N,B,0,0,0,000000000,00000000000,0,0,0,1,0,0,0,0,0,0,0,65,0,0,0,12,6,2,12,0,0,0,1,12,33313,6,1,0,0,3,0,67,999,0,1,0,0,0,9,2011,9,2011,0,6,0,0,0,3,3,65,1,1,8,1,0,0,1,51,1,1,1,98,0,0
12,121332,1,1,1,7,8,22,25,24,0,1,0,12,2,23,481,23481,31,2004,1GTEK14T14Z1,1,G,T,E,K,1,4,T,1,4,Z,1,0,0,0,000000000,00000000000,0,0,0,1,0,0,0,0,0,0,0,55,0,1,6,1,6,2,35,0,0,0,1,12,32060,6,1,0,0,3,0,65,999,0,0,0,0,0,0,0,0,0,0,6,58,0,0,1,2,60,1,1,8,1,0,0,1,13,99,1,4,1,1,1
12,121333,1,1,1,8,8,10,37,42,0,1,0,12,2,19,421,19421,15,2010,1GYUKAEF2AR1,1,G,Y,U,K,A,E,F,2,A,R,1,0,0,0,000000000,00000000000,0,0,0,1,0,0,0,0,0,0,0,50,0,0,0,12,6,2,42,0,0,0,1,12,32408,6,1,0,0,3,3,65,999,1,0,0,0,0,6,2013,6,2013,0,6,0,0,0,2,2,45,1,1,8,1,0,0,15,12,99,1,4,6,1,0
12,121334,1,2,1,8,8,21,50,8,0,1,0,12,1,7,498,7498,29,1993,2B6HB21Y8PK5,2,B,6,H,B,2,1,Y,8,P,K,5,0,0,0,000000000,00000000000,0,0,0,1,0,0,0,0,0,0,0,10,0,0,0,12,4,3,8,0,0,0,1,12,32505,6,1,0,0,3,0,68,999,0,0,0,0,0,0,0,0,0,0,0,0,0,0,1,2,25,1,1,8,1,20,3,10,80,99,1,1,13,0,0
12,121334,2,2,1,8,8,21,50,8,0,1,0,12,1,35,471,35471,30,1987,1N6ND11S5HC3,1,N,6,N,D,1,1,S,5,H,C,3,0,0,0,000000000,00000000000,0,0,0,1,0,0,0,0,0,0,0,40,0,0,0,12,4,5,8,0,0,0,1,12,32506,6,1,0,0,3,0,76,999,1,0,0,0,0,9,2011,9,2011,0,0,0,0,0,3,2,40,3,1,8,1,0,0,14,80,99,1,1,98,0,0
12,121335,1,2,2,8,8,22,2,8,0,1,0,12,1,59,31,59031,4,2013,JTHBK1GG0D20,J,T,H,B,K,1,G,G,0,D,2,0,0,0,0,000000000,00000000000,0,0,0,1,0,0,0,0,0,0,0,45,0,0,0,12,6,2,8,0,0,0,1,12,34655,6,1,0,0,3,3,66,999,0,0,0,0,0,0,0,0,0,0,0,0,0,0,2,4,45,1,1,8,1,0,0,1,80,99,1,1,13,0,0
12,121335,2,2,3,8,8,22,2,8,0,1,0,12,1,63,33,63033,4,2007,KNAFE1218754,K,N,A,F,E,1,2,1,8,7,5,4,0,0,0,000000000,00000000000,0,0,0,1,0,0,0,0,0,0,0,40,0,0,0,14,2,5,8,0,0,0,1,12,34691,6,1,0,0,3,0,59,999,0,2,0,1,0,11,2013,1,2014,0,0,0,0,0,2,4,45,1,1,8,1,0,0,1,80,99,1,1,98,0,0
12,121336,1,2,2,8,8,2,33,9,0,1,1,12,1,49,472,49472,30,1997,4TAWN72N1VZ2,4,T,A,W,N,7,2,N,1,V,Z,2,0,0,0,000000000,00000000000,0,0,0,1,0,0,0,0,0,0,0,55,0,0,0,12,4,5,9,0,0,0,1,12,32796,6,1,0,0,3,0,75,999,0,8,0,0,2,5,2012,7,2014,0,0,0,0,0,3,2,55,1,1,8,1,0,0,1,80,99,1,1,13,0,1
12,121336,2,2,1,8,8,2,33,9,0,1,0,12,1,37,31,37031,4,2012,19XFB2F51CE1,1,9,X,F,B,2,F,5,1,C,E,1,0,0,0,000000000,00000000000,0,0,0,1,0,0,0,0,0,0,0,55,0,0,0,14,4,3,9,0,0,0,1,12,32833,6,1,0,0,3,0,62,999,0,1,0,1,0,8,2012,3,2014,0,0,0,0,0,3,2,55,1,1,8,1,0,0,1,80,1,1,1,98,0,1
12,121337,1,1,1,8,8,20,35,8,0,1,0,12,2,12,481,12481,31,1997,1FTEF1765VNC,1,F,T,E,F,1,7,6,5,V,N,C,0,0,0,000000000,00000000000,0,0,0,1,0,0,0,0,0,0,0,45,0,0,0,12,4,5,8,0,0,0,1,12,34207,6,1,0,0,3,0,71,999,0,0,0,0,0,0,0,0,0,0,0,0,0,0,1,2,45,1,1,8,1,0,0,1,80,99,1,1,13,0,0
12,121339,1,2,1,11,8,19,8,12,6,1,0,26,1,14,17,14017,4,2005,1MEFM55S85A6,1,M,E,F,M,5,5,S,8,5,A,6,0,0,0,000000000,00000000000,0,0,0,1,0,0,0,0,0,0,0,25,0,0,0,11,6,2,12,0,0,0,1,26,48183,6,1,6,3,3,3,66,999,0,0,0,0,0,0,0,0,0,0,0,0,0,0,3,2,25,1,1,8,1,3,3,11,15,99,1,1,82,1,0
12,121339,2,2,2,11,8,19,8,12,6,1,0,12,2,35,402,35402,14,2006,5N1AN08U06C5,5,N,1,A,N,0,8,U,0,6,C,5,0,0,0,000000000,00000000000,0,0,0,1,0,0,0,0,0,0,0,45,0,0,0,12,6,2,12,0,0,0,1,12,34112,6,1,0,0,3,3,65,999,0,0,0,0,0,0,0,0,0,0,0,0,0,0,3,2,45,1,1,8,1,3,3,1,67,6,1,2,83,0,0
12,121340,1,1,1,11,8,4,17,8,0,1,0,12,1,12,481,12481,31,2007,1FTRF122X7NA,1,F,T,R,F,1,2,2,X,7,N,A,0,0,0,000000000,00000000000,0,0,0,1,0,0,0,0,0,0,0,45,0,0,0,12,4,3,8,0,0,0,1,12,33570,6,1,0,0,3,0,73,999,2,0,0,0,1,6,2013,2,2014,0,0,0,0,0,3,2,50,1,1,8,1,0,0,1,80,99,1,1,13,0,0
12,121341,1,2,1,12,8,6,20,12,2,1,0,12,1,49,472,49472,30,2006,3TMLU42N26M0,3,T,M,L,U,4,2,N,2,6,M,0,0,0,0,000000000,00000000000,0,0,0,1,0,0,0,0,0,0,0,60,0,0,0,12,6,2,12,0,0,0,1,12,32340,6,1,0,0,3,0,72,999,0,0,0,0,0,0,0,0,0,0,28,0,0,0,1,2,60,1,1,8,1,0,0,1,10,99,1,2,50,0,1
12,121341,2,2,1,12,8,6,20,12,2,1,0,13,1,49,401,49401,14,2009,JTEBU14R29K0,J,T,E,B,U,1,4,R,2,9,K,0,0,0,0,000000000,00000000000,0,0,0,1,0,0,0,0,0,0,0,60,0,0,0,12,6,2,12,0,0,0,1,13,31632,6,1,0,0,3,3,68,999,98,0,0,0,0,0,0,0,0,0,0,0,0,0,1,2,60,1,1,8,1,0,0,1,62,99,1,1,51,1,0
12,121342,1,2,1,12,8,6,15,12,6,1,0,12,2,49,32,49032,4,1997,2T1BA02EXVC1,2,T,1,B,A,0,2,E,X,V,C,1,0,0,0,000000000,00000000000,0,0,0,1,0,0,0,0,0,0,0,30,0,0,0,62,6,2,12,0,0,0,1,12,33147,6,1,0,0,3,3,72,999,0,0,0,0,0,0,0,0,0,0,39,0,0,0,1,2,30,1,1,8,1,3,3,1,17,99,1,1,89,1,0
12,121342,2,2,1,12,8,6,15,12,6,1,0,12,1,12,461,12461,21,2006,1FBSS31L26DA,1,F,B,S,S,3,1,L,2,6,D,A,0,0,0,000000000,00000000000,0,0,0,1,0,0,0,0,0,0,0,30,0,0,0,12,4,5,12,0,0,0,1,12,33150,6,1,6,0,3,3,68,999,0,0,0,0,0,0,0,0,0,0,0,0,0,0,5,5,30,1,1,8,1,3,3,1,66,99,1,1,88,0,0
12,121343,1,1,1,14,8,21,0,9,0,1,0,12,3,20,481,20481,31,2012,1GCRCSE09CZ2,1,G,C,R,C,S,E,0,9,C,Z,2,0,0,0,000000000,00000000000,0,0,0,1,0,0,0,0,0,0,0,45,0,0,0,12,6,2,9,0,0,0,1,12,32431,6,1,6,0,3,3,71,999,0,1,0,0,0,6,2013,6,2013,0,0,0,0,0,1,2,55,1,1,8,1,0,0,1,83,1,1,1,13,0,0
12,121345,1,2,1,14,8,22,15,12,2,1,0,12,1,12,443,12443,20,2006,2FMZA51636BA,2,F,M,Z,A,5,1,6,3,6,B,A,0,0,0,000000000,00000000000,0,0,0,1,0,0,0,0,0,0,0,20,0,0,0,12,6,2,12,0,0,0,1,12,32233,6,1,0,0,3,0,72,999,0,0,0,0,0,0,0,0,0,0,48,0,0,0,5,6,40,1,1,8,1,0,0,11,15,99,1,1,68,0,1
12,121345,2,2,2,14,8,22,15,12,2,1,0,24,1,72,706,72706,80,2014,1HD1KRM18EB6,1,H,D,1,K,R,M,1,8,E,B,6,0,0,0,000000000,00000000000,0,0,0,1,0,0,0,0,0,0,0,40,0,0,0,12,6,2,12,0,0,0,1,12,32205,3,1,0,0,2,0,70,999,0,0,0,0,0,0,0,0,0,0,0,0,0,0,5,6,40,1,1,8,1,0,0,1,62,99,1,1,69,2,1
12,121346,1,1,1,15,8,4,0,34,0,1,0,12,2,23,472,23472,30,2006,1GTDS1362681,1,G,T,D,S,1,3,6,2,6,8,1,0,0,0,000000000,00000000000,0,0,0,1,0,0,0,0,0,0,0,75,0,0,0,12,6,2,42,0,0,0,1,12,33844,6,1,0,0,3,0,69,999,1,2,0,0,1,9,2011,4,2013,0,6,0,0,0,4,2,45,2,1,8,2,0,0,14,12,99,1,4,6,1,1
12,121347,1,1,4,15,8,7,0,42,0,1,0,12,1,32,404,32404,14,2014,WA1CGAFP8EA0,W,A,1,C,G,A,F,P,8,E,A,0,0,0,0,000000000,00000000000,0,0,0,1,0,0,0,0,0,0,0,90,0,1,5,12,6,2,42,0,0,0,1,12,34974,6,1,0,0,3,3,65,999,0,0,0,0,1,6,2014,6,2014,3,91,0,0,0,1,2,25,3,1,2,1,0,0,14,13,99,1,4,1,1,1
12,121348,1,2,2,15,8,14,45,9,0,1,0,45,3,12,481,12481,31,2005,1FTWW31P65EA,1,F,T,W,W,3,1,P,6,5,E,A,0,0,0,000000000,00000000000,0,0,0,1,0,0,0,0,0,0,0,50,0,0,0,12,2,5,9,0,0,0,1,12,33440,6,1,0,0,3,0,70,999,0,0,0,1,0,10,2011,10,2011,0,0,0,0,0,1,3,50,1,5,8,1,0,0,1,83,99,1,1,13,0,0
12,121348,2,2,1,15,8,14,45,9,0,1,0,12,1,20,37,20037,4,2004,1G1ND52F74M5,1,G,1,N,D,5,2,F,7,4,M,5,0,0,0,000000000,00000000000,0,0,0,1,0,0,0,0,0,0,0,0,0,0,0,9,2,5,54,0,0,0,1,12,33471,6,1,0,0,3,3,70,999,0,0,0,0,0,0,0,0,0,0,0,0,0,0,1,3,50,1,6,8,1,0,0,5,98,99,1,1,98,0,0
12,121349,1,1,2,16,8,0,18,43,0,1,0,12,1,20,481,20481,31,2006,1GCEC19T06Z2,1,G,C,E,C,1,9,T,0,6,Z,2,0,0,0,000000000,00000000000,0,0,0,1,0,0,0,0,0,0,0,55,0,1,5,7,6,2,30,0,0,0,1,12,32327,6,1,0,0,3,0,69,999,0,4,0,2,0,10,2013,6,2014,0,6,0,0,0,1,2,55,1,1,8,1,0,0,1,12,7,3,4,7,1,1
12,121350,1,1,5,17,8,4,33,34,0,1,0,12,4,20,2,20002,4,2013,2G1WG5E36D12,2,G,1,W,G,5,E,3,6,D,1,2,0,0,0,000000000,00000000000,0,0,0,1,0,0,0,0,0,0,0,102,0,1,5,5,6,2,42,0,0,0,1,12,33606,2,1,0,0,2,0,62,999,0,9,0,3,0,4,2012,8,2014,3,6,0,0,0,6,1,70,2,1,8,1,0,0,14,12,99,1,4,6,1,0
12,121351,1,2,1,20,8,22,14,12,2,1,0,30,1,13,1,13001,4,1998,1LNFM82W9WY6,1,L,N,F,M,8,2,W,9,W,Y,6,0,0,0,000000000,00000000000,0,0,0,1,0,0,0,0,0,0,0,20,0,0,0,12,6,2,12,0,0,0,1,30,59457,6,1,0,0,3,3,62,135,98,0,0,0,0,0,0,0,0,0,51,0,0,0,2,2,55,1,1,8,1,0,0,1,54,99,1,1,52,1,0
12,121351,2,2,1,20,8,22,14,12,2,1,0,12,2,23,481,23481,31,2010,3GTRKUEA5AG2,3,G,T,R,K,U,E,A,5,A,G,2,0,0,0,000000000,00000000000,0,0,0,1,0,0,0,0,0,0,0,55,0,1,5,12,6,2,12,0,0,0,1,12,32577,6,1,0,0,3,3,73,999,0,0,0,0,0,0,0,0,0,0,0,0,0,0,2,2,55,1,1,8,1,0,0,1,54,99,1,1,52,0,0
12,121354,1,6,1,22,8,16,14,12,1,1,0,47,3,85,884,85884,66,2014,1XKYD49X0EJ3,1,X,K,Y,D,4,9,X,0,E,J,3,1,1,47,655796,47655796,3,6,1,1,0,0,0,0,0,0,0,60,0,0,0,12,6,2,12,0,0,0,1,22,70128,6,1,6,0,3,3,73,206,0,1,0,1,0,6,2012,12,2012,0,6,0,0,0,3,3,70,1,6,8,1,0,0,1,50,99,1,1,20,0,0
12,121354,2,6,2,22,8,16,14,12,1,1,0,12,3,12,461,12461,21,2005,1FTNE24W35HB,1,F,T,N,E,2,4,W,3,5,H,B,0,0,0,000000000,00000000000,0,0,0,1,0,0,0,0,0,0,0,0,0,0,0,6,6,2,12,0,0,0,1,12,34232,6,1,0,0,3,0,72,999,0,0,0,0,0,0,0,0,0,0,0,0,0,0,3,3,70,1,6,8,1,0,0,5,53,6,1,1,21,0,0
12,121354,3,6,1,22,8,16,14,12,1,1,0,12,9,13,421,13421,15,1998,5LMPU28L2WLJ,5,L,M,P,U,2,8,L,2,W,L,J,0,0,0,000000000,00000000000,0,0,0,1,0,0,0,0,0,0,0,0,0,0,0,6,6,2,2,0,0,1,1,12,33125,4,1,0,0,2,0,68,999,0,0,0,0,0,0,0,0,0,0,0,0,0,0,3,3,70,1,6,8,1,0,0,5,53,99,1,1,98,1,0
12,121354,4,6,1,22,8,16,14,12,1,1,0,12,3,12,23,12023,4,2014,3FA6P0HD8ER1,3,F,A,6,P,0,H,D,8,E,R,1,0,0,0,000000000,00000000000,0,0,0,1,0,0,0,0,0,0,0,0,0,0,0,61,4,5,12,0,0,0,1,12,34275,6,1,0,0,3,0,66,999,0,0,0,0,0,0,0,0,0,0,0,0,0,0,3,3,70,1,6,8,1,0,0,5,53,99,1,1,98,0,0
12,121354,5,6,2,22,8,16,14,12,1,1,0,12,2,12,442,12442,20,2003,2FMZA51493BB,2,F,M,Z,A,5,1,4,9,3,B,B,0,0,0,000000000,00000000000,0,0,0,1,0,0,0,0,0,0,0,0,0,0,0,6,6,2,12,0,0,0,1,12,34221,6,1,0,0,3,0,63,999,0,0,0,0,0,0,0,0,0,0,0,0,0,0,3,3,70,1,6,8,1,0,0,5,53,99,1,1,98,0,0
12,121354,6,6,2,22,8,16,14,12,1,1,0,12,1,49,403,49403,14,2008,JTEDS43AX820,J,T,E,D,S,4,3,A,X,8,2,0,0,0,0,000000000,00000000000,0,0,0,1,0,0,0,0,0,0,0,0,0,0,0,6,6,2,12,0,0,0,1,12,34219,6,1,0,0,3,0,72,999,0,0,0,0,0,0,0,0,0,0,0,0,0,0,3,3,70,1,6,8,1,0,0,5,53,99,1,1,98,0,0
12,121355,1,1,1,31,7,19,14,1,0,1,0,12,1,20,421,20421,15,1999,1GNEK13R7XJ3,1,G,N,E,K,1,3,R,7,X,J,3,0,0,0,000000000,00000000000,0,0,0,1,0,0,0,0,0,0,0,70,0,1,5,0,6,2,1,0,0,0,1,12,32086,6,1,0,0,3,3,67,999,0,0,0,0,0,0,0,0,0,0,58,0,0,0,2,4,70,1,1,8,1,0,0,1,1,99,3,4,2,1,0
12,121356,1,5,1,31,7,22,43,12,6,1,0,12,1,37,32,37032,2,1998,1HGCG2246WA0,1,H,G,C,G,2,2,4,6,W,A,0,0,0,0,000000000,00000000000,0,0,0,1,0,0,0,0,0,0,0,45,0,0,0,12,6,2,12,0,0,0,1,12,34104,6,1,0,0,3,0,71,999,0,0,0,0,0,0,0,0,0,0,39,0,0,0,2,5,45,1,1,8,1,3,3,1,17,99,1,1,88,0,1
12,121356,2,5,3,31,7,22,43,12,6,1,0,12,2,2,405,2405,14,2007,1J4GK48K97W5,1,J,4,G,K,4,8,K,9,7,W,5,0,0,0,000000000,00000000000,0,0,0,1,0,0,0,0,0,0,0,45,0,0,0,9,6,2,12,0,0,0,1,12,34113,6,1,0,0,3,0,69,999,0,0,0,0,0,0,0,0,0,0,0,0,0,0,2,5,45,1,1,8,1,3,3,1,66,99,1,1,89,1,0
12,121356,3,5,1,31,7,22,43,12,6,1,0,12,1,54,39,54039,4,2009,JH4CU26609C0,J,H,4,C,U,2,6,6,0,9,C,0,0,0,0,000000000,00000000000,0,0,0,1,0,0,0,0,0,0,0,25,0,0,0,6,2,5,12,0,0,0,1,12,34116,6,1,0,0,3,0,63,999,0,0,0,0,0,0,0,0,0,0,0,0,0,0,2,5,45,1,1,8,1,3,3,1,66,99,1,1,98,0,0
12,121356,4,5,1,31,7,22,43,12,6,1,0,12,1,37,32,37032,2,2008,1HGCS12308A0,1,H,G,C,S,1,2,3,0,8,A,0,0,0,0,000000000,00000000000,0,0,0,1,0,0,0,0,0,0,0,0,0,0,0,12,6,2,12,0,0,0,1,12,34117,6,1,0,0,3,0,63,999,0,0,0,0,0,0,0,0,0,0,0,0,0,0,2,5,45,1,1,8,1,3,3,5,66,99,1,1,98,0,0