STATE,ST_CASE,VEH_NO,VE_FORMS,NUMOCCS,DAY,MONTH,HOUR,MINUTE,HARM_EV,MAN_COLL,UNITTYPE,HIT_RUN,REG_STAT,OWNER,MAKE,MODEL,MAK_MOD,BODY_TYP,MOD_YEAR,VIN,VIN_1,VIN_2,VIN_3,VIN_4,VIN_5,VIN_6,VIN_7,VIN_8,VIN_9,VIN_10,VIN_11,VIN_12,TOW_VEH,J_KNIFE,MCARR_I1,MCARR_I2,MCARR_ID,GVWR,V_CONFIG,CARGO_BT,HAZ_INV,HAZ_PLAC,HAZ_ID,HAZ_CNO,HAZ_REL,BUS_USE,SPEC_USE,EMER_USE,TRAV_SP,UNDERIDE,ROLLOVER,ROLINLOC,IMPACT1,DEFORMED,TOWED,M_HARM,VEH_SC1,VEH_SC2,FIRE_EXP,DR_PRES,L_STATE,DR_ZIP,L_STATUS,L_TYPE,CDL_STAT,L_ENDORS,L_COMPL,L_RESTRI,DR_HGT,DR_WGT,PREV_ACC,PREV_SUS,PREV_DWI,PREV_SPD,PREV_OTH,FIRST_MO,FIRST_YR,LAST_MO,LAST_YR,SPEEDREL,DR_SF1,DR_SF2,DR_SF3,DR_SF4,VTRAFWAY,VNUM_LAN,VSPD_LIM,VALIGN,VPROFILE,VPAVETYP,VSURCOND,VTRAFCON,VTCONT_F,P_CRASH1,P_CRASH2,P_CRASH3,PCRASH4,PCRASH5,ACC_TYPE,DEATHS,DR_DRINK
12,121356,5,5,1,31,7,22,43,12,6,1,0,12,1,35,47,35047,4,2003,1N4AL11D73C1,1,N,4,A,L,1,1,D,7,3,C,1,0,0,0,000000000,00000000000,0,0,0,1,0,0,0,0,0,0,0,0,0,0,0,12,2,5,12,0,0,0,1,12,34117,6,1,0,0,3,0,62,999,0,0,0,0,1,9,2012,9,2012,0,0,0,0,0,2,5,45,1,1,8,1,3,3,5,66,99,1,1,98,0,0
12,121357,1,1,2,3,9,9,0,35,0,1,0,12,1,12,471,12471,30,2003,1FTYR44E43PA,1,F,T,Y,R,4,4,E,4,3,P,A,0,0,0,000000000,00000000000,0,0,0,1,0,0,0,0,0,0,0,55,0,1,5,3,6,2,35,0,0,0,1,12,32334,6,1,0,0,3,0,71,999,0,0,0,0,0,0,0,0,0,0,6,0,0,0,1,2,55,1,5,8,1,0,0,1,13,6,4,4,6,1,0
12,121358,1,1,1,29,7,11,49,8,0,1,0,12,1,86,881,86881,63,2000,1M1AE06Y5YW0,1,M,1,A,E,0,6,Y,5,Y,W,0,0,0,12,1433490,121433490,3,1,4,1,0,0,0,0,0,0,0,60,0,0,0,12,2,5,8,0,0,0,1,12,33014,6,1,6,0,3,0,67,999,0,0,0,0,0,0,0,0,0,0,6,0,0,0,6,1,70,3,5,8,1,0,0,14,80,99,1,4,13,0,1
12,121359,1,2,1,21,8,12,4,12,2,1,0,12,2,12,16,12016,4,2004,2FAHP74W34X1,2,F,A,H,P,7,4,W,3,4,X,1,0,0,0,000000000,00000000000,0,0,0,1,0,0,0,0,0,0,0,55,0,0,0,12,6,2,12,0,0,0,1,12,34951,6,1,0,0,3,3,69,999,0,0,0,0,0,0,0,0,0,0,6,0,0,0,1,2,55,1,1,8,1,0,0,15,10,99,1,2,50,1,0
12,121359,2,2,2,21,8,12,4,12,2,1,0,12,2,30,40,30040,4,2006,3VWRF71K96M6,3,V,W,R,F,7,1,K,9,6,M,6,0,0,0,000000000,00000000000,0,0,0,1,0,0,0,0,0,0,0,55,0,0,0,12,6,2,12,0,0,0,1,12,34951,6,1,0,0,3,0,69,999,0,0,0,0,0,0,0,0,0,0,0,0,0,0,1,2,55,1,1,8,1,0,0,1,62,7,1,2,51,1,0
12,121360,1,2,2,25,1,19,17,12,1,1,0,12,2,54,35,54035,4,2000,19UUA5679YA0,1,9,U,U,A,5,6,7,9,Y,A,0,0,0,0,000000000,00000000000,0,0,0,1,0,0,0,0,0,0,0,25,0,0,0,12,2,3,12,0,0,0,1,12,32034,3,1,0,0,2,0,66,999,0,0,0,0,0,0,0,0,0,0,6,0,0,0,1,2,25,1,5,8,1,0,0,1,50,99,1,1,20,1,1
12,121360,2,2,2,25,1,19,17,12,1,1,0,12,1,13,12,13012,4,2002,1LNHM86S02Y6,1,L,N,H,M,8,6,S,0,2,Y,6,0,0,0,000000000,00000000000,0,0,0,1,0,0,0,0,0,0,0,0,0,0,0,6,4,3,12,0,0,0,1,12,32097,6,1,6,0,3,0,69,999,0,0,0,0,0,0,0,0,0,0,0,0,0,0,1,2,25,1,5,8,1,3,3,1,53,99,1,1,21,0,0
12,121361,1,2,1,3,4,13,1,12,6,1,0,12,2,49,442,49442,20,2003,4T3ZF19C73U5,4,T,3,Z,F,1,9,C,7,3,U,5,0,0,0,000000000,00000000000,0,0,0,1,0,0,0,0,0,0,0,998,0,0,0,12,6,2,12,0,0,0,1,12,33165,6,1,0,0,3,0,67,999,0,0,0,1,0,6,2012,6,2012,0,0,0,0,0,1,2,30,1,1,8,1,0,0,1,64,99,1,1,98,0,0
12,121361,2,2,1,3,4,13,1,12,6,1,0,12,2,49,48,49048,5,2005,JTKKT6240500,J,T,K,K,T,6,2,4,0,5,0,0,0,0,0,000000000,00000000000,0,0,0,1,0,0,0,0,0,0,0,998,0,0,0,11,6,2,12,0,0,0,1,12,33125,0,0,0,0,0,0,999,999,0,0,0,0,0,0,0,0,0,0,0,0,0,0,1,2,30,1,1,8,1,0,0,98,98,99,1,7,98,1,0
12,121362,1,1,1,23,4,23,16,8,0,1,1,12,1,49,442,49442,20,2001,4T3ZF19C81U3,4,T,3,Z,F,1,9,C,8,1,U,3,0,0,0,000000000,00000000000,0,0,0,1,0,0,0,0,0,0,0,999,0,0,0,12,4,5,8,0,0,0,1,12,33304,6,1,0,0,3,0,67,999,2,0,0,0,0,1,2014,4,2014,0,0,0,0,0,3,3,35,1,1,8,1,0,0,1,80,99,1,1,13,0,0
12,121363,1,1,2,13,8,22,35,8,0,1,0,12,1,49,32,49032,4,2013,2T1BU4EE2DC9,2,T,1,B,U,4,E,E,2,D,C,9,0,0,0,000000000,00000000000,0,0,0,1,0,0,0,0,0,0,0,45,0,0,0,12,4,5,8,0,0,0,1,12,32703,6,1,0,0,3,3,62,999,0,0,0,0,0,0,0,0,0,0,0,0,0,0,3,3,45,1,1,8,1,0,0,1,80,1,1,1,13,0,0
12,121364,1,1,5,27,6,23,17,8,0,1,0,12,3,12,401,12401,14,2014,1FM5K7F86EGA,1,F,M,5,K,7,F,8,6,E,G,A,0,0,0,000000000,00000000000,0,0,0,1,0,0,0,0,0,0,0,40,0,0,0,12,4,3,8,0,0,0,1,13,30354,6,1,0,0,3,0,64,170,98,0,0,0,0,0,0,0,0,0,0,0,0,0,1,5,40,1,1,8,1,3,3,1,80,99,1,1,13,0,0
12,121365,1,2,1,29,6,3,15,12,6,1,0,12,2,20,16,20016,4,1999,1G1JC5242X72,1,G,1,J,C,5,2,4,2,X,7,2,0,0,0,000000000,00000000000,0,0,0,1,0,0,0,0,0,0,0,998,0,0,0,3,6,2,12,0,0,0,1,12,33844,1,1,0,0,2,0,70,999,0,3,1,1,3,3,2012,6,2014,0,0,0,0,0,3,6,60,1,1,8,1,3,3,11,15,99,1,1,68,0,1
12,121365,2,2,2,29,6,3,15,12,6,1,0,12,2,35,47,35047,4,2006,1N4AL11D86C2,1,N,4,A,L,1,1,D,8,6,C,2,0,0,0,000000000,00000000000,0,0,0,1,0,0,0,0,0,0,0,998,0,0,0,12,6,2,12,0,0,0,1,99,99999,9,9,99,9,9,9,999,999,99,99,99,99,99,99,9999,99,9999,0,0,0,0,0,3,5,60,1,1,8,1,3,3,1,62,99,1,1,69,1,0
12,121366,1,1,1,17,7,0,30,38,0,1,0,12,2,55,35,55035,4,2000,KMHJF35F9YU0,K,M,H,J,F,3,5,F,9,Y,U,0,0,0,0,000000000,00000000000,0,0,0,1,0,0,0,0,0,0,0,40,0,0,0,5,6,2,38,0,0,0,1,12,32179,1,1,0,0,2,0,72,999,1,2,0,0,0,12,2013,4,2014,4,6,0,0,0,1,2,20,3,5,2,2,0,0,14,13,99,4,4,2,1,0
12,121367,1,1,1,18,7,18,25,33,0,1,0,12,1,12,3,12003,2,2004,1FAFP40694F2,1,F,A,F,P,4,0,6,9,4,F,2,0,0,0,000000000,00000000000,0,0,0,1,0,0,0,0,0,0,0,41,0,0,0,12,6,2,42,0,0,0,1,12,34655,6,1,6,0,3,0,72,999,1,1,0,0,0,9,2012,12,2013,0,6,0,0,0,2,3,30,2,6,2,1,28,3,14,12,99,1,4,6,1,1
12,121368,1,1,1,26,7,12,32,42,0,1,0,12,1,72,706,72706,80,2008,1HD1FB4118Y6,1,H,D,1,F,B,4,1,1,8,Y,6,0,0,0,000000000,00000000000,0,0,0,1,0,0,0,0,0,0,0,36,0,0,0,12,2,3,42,0,0,0,1,12,32825,6,1,0,0,3,0,70,999,0,0,0,0,0,0,0,0,0,3,39,0,0,0,1,2,25,1,1,2,1,20,3,1,13,99,1,4,1,1,0
12,121369,1,2,2,31,7,11,39,12,2,1,0,12,2,35,43,35043,4,2007,3N1AB61E27L6,3,N,1,A,B,6,1,E,2,7,L,6,0,0,0,000000000,00000000000,0,0,0,1,0,0,0,0,0,0,0,35,0,0,0,12,6,2,12,0,0,0,1,12,32505,1,1,0,0,2,0,70,999,0,3,1,0,0,12,2013,1,2014,0,39,0,0,0,2,3,35,1,1,8,1,3,3,1,17,99,1,1,69,0,1
12,121369,2,2,2,31,7,11,39,12,2,1,0,12,1,37,32,37032,2,2006,1HGCM72726A0,1,H,G,C,M,7,2,7,2,6,A,0,0,0,0,000000000,00000000000,0,0,0,1,0,0,0,0,0,0,0,30,0,0,0,12,6,2,12,0,0,0,1,12,32507,6,1,0,0,3,3,65,999,0,0,0,0,0,0,0,0,0,0,0,0,0,0,2,3,35,1,1,8,1,3,3,11,62,99,1,1,68,1,0
12,121370,1,1,1,2,8,22,17,9,0,1,0,12,2,24,7,24007,4,2004,1G8AW14F34Z1,1,G,8,A,W,1,4,F,3,4,Z,1,0,0,0,000000000,00000000000,0,0,0,1,0,0,0,0,0,0,0,55,0,0,0,12,6,2,9,0,0,0,1,12,33470,6,1,0,0,3,0,67,999,0,0,0,0,0,0,0,0,0,0,0,0,0,0,2,2,55,1,1,8,1,0,0,1,83,99,1,1,13,0,0
12,121371,1,1,6,3,8,1,22,1,0,1,0,12,1,55,441,55441,20,2008,KNDMC2336860,K,N,D,M,C,2,3,3,6,8,6,0,0,0,0,000000000,00000000000,0,0,0,1,0,0,0,0,0,0,0,70,0,1,5,0,6,2,1,0,0,0,1,12,33545,6,1,0,0,3,0,73,999,0,2,0,0,0,7,2012,1,2014,4,28,0,0,0,3,4,70,1,6,8,2,0,0,15,13,99,1,4,1,2,0
12,121372,1,1,1,6,8,10,50,42,0,1,0,12,1,30,42,30042,1,1996,WVWBB81EXTK0,W,V,W,B,B,8,1,E,X,T,K,0,0,0,0,000000000,00000000000,0,0,0,1,0,0,0,0,0,0,0,35,0,0,0,12,6,2,42,0,0,0,1,12,32771,6,1,0,0,3,0,76,999,0,0,0,0,0,0,0,0,0,0,6,0,0,0,1,2,35,1,1,8,1,0,0,1,13,99,1,4,1,1,0
12,121373,1,1,1,7,8,0,49,33,0,1,0,12,2,42,42,42042,4,1998,WDBHA23G7WA6,W,D,B,H,A,2,3,G,7,W,A,6,0,0,0,000000000,00000000000,0,0,0,1,0,0,0,0,0,0,0,85,0,0,0,98,6,2,23,0,0,0,1,12,33463,6,1,0,0,3,0,69,999,0,0,0,0,0,0,0,0,0,4,0,0,0,0,2,2,40,1,1,8,1,0,0,1,13,99,1,4,1,1,1
12,121374,1,1,1,8,8,21,47,8,0,1,0,12,1,7,442,7442,20,2000,1B4GP44G9YB7,1,B,4,G,P,4,4,G,9,Y,B,7,0,0,0,000000000,00000000000,0,0,0,1,0,0,0,0,0,0,0,998,0,0,0,12,2,3,8,0,0,0,1,12,34652,6,1,0,0,3,0,74,999,0,0,0,0,0,0,0,0,0,0,0,0,0,0,3,3,45,1,1,8,1,0,0,1,80,99,1,1,13,0,0
12,121375,1,1,1,29,5,23,0,25,0,1,0,12,2,37,39,37039,5,2010,JHMGE8H48AS0,J,H,M,G,E,8,H,4,8,A,S,0,0,0,0,000000000,00000000000,0,0,0,1,0,0,0,0,0,0,0,70,0,0,0,14,6,2,21,0,0,0,1,12,32216,6,1,0,0,3,0,72,999,0,0,0,0,0,0,0,0,0,0,6,0,0,0,3,2,45,2,1,8,1,0,0,14,12,99,1,4,6,1,0
12,121376,1,1,1,8,8,4,23,58,0,1,0,12,1,7,21,7021,6,2005,2D4GV58225H1,2,D,4,G,V,5,8,2,2,5,H,1,0,0,0,000000000,00000000000,0,0,0,1,0,0,0,0,0,0,0,80,0,0,0,14,6,2,42,0,0,0,1,12,33025,6,1,0,0,3,3,73,999,0,0,0,1,0,8,2013,8,2013,4,0,0,0,0,1,2,30,1,6,8,2,0,0,1,6,99,1,1,98,1,1
12,121377,1,1,1,9,8,22,15,18,0,1,0,12,1,98,709,98709,82,2011,L8YTCKPA7BS0,L,8,Y,T,C,K,P,A,7,B,S,0,0,0,0,000000000,00000000000,0,0,0,1,0,0,0,0,0,0,0,55,0,0,0,11,4,3,18,0,0,0,1,12,33463,6,1,0,0,3,0,67,999,0,0,0,0,0,0,0,0,0,0,39,0,0,0,2,3,55,1,1,8,1,28,3,1,12,99,1,4,6,1,0
12,121378,1,2,1,10,8,22,2,12,2,1,0,12,2,12,481,12481,31,2000,1FTNF21LXYEB,1,F,T,N,F,2,1,L,X,Y,E,B,0,0,0,000000000,00000000000,0,0,0,1,0,0,0,0,0,0,0,50,0,0,0,12,6,2,12,0,0,0,1,12,33619,0,0,0,0,0,0,999,999,0,0,0,0,0,0,0,0,0,0,0,0,0,0,1,2,50,1,1,8,1,0,0,1,54,99,1,1,53,0,1
12,121378,2,2,2,10,8,22,2,12,2,1,0,12,1,54,39,54039,4,2006,JH4CL96806C0,J,H,4,C,L,9,6,8,0,6,C,0,0,0,0,000000000,00000000000,0,0,0,1,0,0,0,0,0,0,0,50,0,0,0,12,6,2,12,0,0,0,1,12,34491,6,1,0,0,3,0,72,999,0,3,0,0,0,1,2012,6,2013,0,0,0,0,0,1,2,50,1,1,8,1,0,0,1,54,99,1,1,53,1,1
12,121379,1,2,1,11,8,2,58,8,0,1,0,13,3,30,40,30040,8,2014,3VWD17AJ5EM2,3,V,W,D,1,7,A,J,5,E,M,2,0,0,0,000000000,00000000000,0,0,0,1,0,0,0,0,0,0,0,70,0,0,0,12,4,3,8,0,0,0,1,12,34953,6,1,0,0,3,0,71,999,0,1,0,1,0,5,2014,5,2014,0,0,0,0,0,3,2,70,3,1,8,2,0,0,14,80,99,1,1,13,0,0
12,121379,2,2,1,11,8,2,58,8,0,1,1,99,9,99,999,99999,99,9999,999999999999,9,9,9,9,9,9,9,9,9,9,9,9,0,0,0,000000000,00000000000,0,0,0,1,0,0,0,0,0,0,0,999,0,0,0,12,9,9,8,0,0,0,1,99,99999,9,9,99,9,9,9,999,999,99,99,99,99,99,99,9999,99,9999,0,0,0,0,0,3,2,70,3,1,8,2,0,0,14,80,99,1,1,98,0,0
12,121380,1,3,1,11,8,18,48,12,6,1,0,12,1,37,705,37705,80,2009,JH2PC40039K2,J,H,2,P,C,4,0,0,3,9,K,2,0,0,0,000000000,00000000000,0,0,0,1,0,0,0,0,0,0,0,70,0,0,0,12,6,2,12,0,0,0,1,12,33414,6,1,0,0,3,3,68,999,0,3,0,1,2,11,2011,10,2013,0,6,0,0,0,1,6,45,1,1,8,1,3,3,1,62,99,1,1,69,1,1
12,121380,2,3,1,11,8,18,48,12,6,1,0,12,1,49,32,49032,4,2014,2T1BURHE2EC1,2,T,1,B,U,R,H,E,2,E,C,1,0,0,0,000000000,00000000000,0,0,0,1,0,0,0,0,0,0,0,15,0,0,0,1,6,2,12,0,0,0,1,12,33415,6,1,0,0,3,0,64,999,0,0,0,0,0,0,0,0,0,0,0,0,0,0,1,6,45,1,1,8,1,3,3,11,15,99,1,1,68,0,0
12,121380,3,3,1,11,8,18,48,12,6,1,0,12,1,37,421,37421,15,2004,2HKYF18124H5,2,H,K,Y,F,1,8,1,2,4,H,5,0,0,0,000000000,00000000000,0,0,0,1,0,0,0,0,0,0,0,45,0,0,0,98,2,5,54,0,0,0,1,12,33415,6,1,0,0,3,0,67,999,0,0,0,0,0,0,0,0,0,0,0,0,0,0,1,6,45,1,1,8,1,3,3,1,98,99,1,1,98,0,0
12,121381,1,1,1,11,8,11,39,14,0,1,0,12,1,42,48,42048,4,2007,WDBUF56XX7B0,W,D,B,U,F,5,6,X,X,7,B,0,0,0,0,000000000,00000000000,0,0,0,1,0,0,0,0,0,0,0,998,0,0,0,12,2,5,14,0,0,0,1,12,33881,6,1,0,0,3,0,67,999,0,0,0,0,0,0,0,0,0,0,0,0,0,0,1,2,98,1,1,8,2,0,0,1,12,99,1,4,6,1,0
12,121382,1,3,1,11,8,6,37,12,1,1,0,12,1,7,472,7472,30,2004,1D7HL48N74S7,1,D,7,H,L,4,8,N,7,4,S,7,0,0,0,000000000,00000000000,0,0,0,1,0,0,0,0,0,0,0,70,0,0,0,12,6,2,12,0,0,0,1,12,34602,6,1,0,0,3,0,74,999,0,0,0,0,0,0,0,0,0,0,6,0,0,0,3,3,70,1,1,8,2,0,0,1,10,99,1,2,24,1,0
12,121382,2,3,1,11,8,6,37,12,1,1,0,17,3,87,881,87881,66,2005,1XP5DB9X15D8,1,X,P,5,D,B,9,X,1,5,D,8,1,1,17,154712,17154712,3,6,3,1,0,0,0,0,0,0,0,57,0,0,0,6,4,5,12,0,0,0,1,18,46737,6,1,6,3,3,0,73,999,0,0,0,0,0,0,0,0,0,0,0,0,0,0,3,3,70,1,1,8,2,0,0,1,53,99,1,1,25,0,0
12,121382,3,3,1,11,8,6,37,12,1,1,0,40,3,87,881,87881,66,2012,1XP4D49X7CD1,1,X,P,4,D,4,9,X,7,C,D,1,1,1,40,333591,40333591,3,6,1,1,0,0,0,0,0,0,0,63,0,0,0,12,6,2,12,0,0,0,1,40,73110,6,1,6,3,3,0,70,999,0,0,0,0,1,6,2012,6,2012,0,0,0,0,0,3,3,70,1,1,8,2,0,0,1,61,99,1,1,98,0,0
12,121383,1,1,1,11,8,0,0,30,0,1,0,12,1,37,32,37032,2,2001,1HGCG22591A0,1,H,G,C,G,2,2,5,9,1,A,0,0,0,0,000000000,00000000000,0,0,0,1,0,0,0,0,0,0,0,55,0,0,0,11,6,2,42,0,0,0,1,12,32514,6,1,0,0,3,3,63,999,0,0,0,0,0,0,0,0,0,0,6,0,0,0,1,2,55,2,1,8,1,28,3,14,12,99,1,4,6,1,0
12,121384,1,1,1,1,7,20,18,30,0,1,0,12,1,39,32,39032,4,2011,SAJWA1CB6BLV,S,A,J,W,A,1,C,B,6,B,L,V,0,0,0,000000000,00000000000,0,0,0,1,0,0,0,0,0,0,0,50,0,0,0,12,6,2,30,0,0,0,1,12,32963,6,1,0,0,3,3,74,999,0,0,0,0,0,0,0,0,0,4,6,0,0,0,1,3,35,1,1,8,2,0,0,1,12,1,1,4,6,1,1
12,121385,1,1,1,12,8,21,15,8,0,1,0,12,1,32,55,32055,4,2013,WAUBGAFLXDA2,W,A,U,B,G,A,F,L,X,D,A,2,0,0,0,000000000,00000000000,0,0,0,1,0,0,0,0,0,0,0,45,0,0,0,12,4,3,8,0,0,0,1,12,33180,6,1,0,0,3,0,72,999,0,0,0,0,0,0,0,0,0,0,0,0,0,0,3,3,35,1,1,8,1,0,0,1,80,99,1,1,13,0,1
12,121386,1,1,1,30,4,18,9,8,0,1,0,12,2,35,443,35443,20,2008,5N1BV28U08N1,5,N,1,B,V,2,8,U,0,8,N,1,0,0,0,000000000,00000000000,0,0,0,1,0,0,0,0,0,0,0,10,0,0,0,9,6,2,8,0,0,0,1,12,34287,0,0,0,0,0,0,999,999,0,0,0,0,0,0,0,0,0,0,0,0,0,0,0,0,0,0,0,0,0,0,0,13,80,99,1,1,92,0,0
12,121387,1,2,1,18,4,22,20,12,6,1,1,29,2,20,482,20482,31,2003,3GNEK13T53G1,3,G,N,E,K,1,3,T,5,3,G,1,0,0,0,000000000,00000000000,0,0,0,1,0,0,0,0,0,0,0,40,0,0,0,12,6,2,12,0,0,0,1,12,34474,0,0,0,0,0,0,999,999,0,0,0,0,0,0,0,0,0,0,39,0,0,0,2,4,45,1,1,8,2,3,3,1,17,99,1,1,88,0,0
12,121387,2,2,1,18,4,22,20,12,6,1,0,12,1,37,402,37402,14,2002,JHLRD68432C0,J,H,L,R,D,6,8,4,3,2,C,0,0,0,0,000000000,00000000000,0,0,0,1,0,0,0,0,0,0,0,40,0,0,0,9,6,2,12,0,0,0,1,12,34471,6,1,0,0,3,0,67,999,0,0,0,0,0,0,0,0,0,3,0,0,0,0,2,4,45,1,1,8,2,3,3,1,66,99,1,1,89,1,1
12,121388,1,2,1,4,6,21,11,12,6,1,1,12,4,35,47,35047,4,2014,1N4AL3AP6EN3,1,N,4,A,L,3,A,P,6,E,N,3,0,0,0,000000000,00000000000,0,0,0,1,0,0,0,0,0,0,0,48,0,0,0,12,6,2,12,0,0,0,1,12,33711,0,0,0,0,0,0,72,999,0,0,0,0,0,0,0,0,0,3,8,39,0,0,1,2,25,1,1,8,1,20,3,1,17,99,1,1,86,0,0
12,121388,2,2,3,4,6,21,11,12,6,1,0,12,1,49,40,49040,4,1997,4T1BG22K3VU8,4,T,1,B,G,2,2,K,3,V,U,8,0,0,0,000000000,00000000000,0,0,0,1,0,0,0,0,0,0,0,24,0,1,5,3,6,2,12,0,0,0,1,12,33712,6,1,0,0,3,0,60,999,0,0,0,0,0,0,0,0,0,0,0,0,0,0,1,2,25,1,1,8,1,0,0,1,66,99,1,1,87,1,0
12,121390,1,2,1,12,8,17,43,12,2,1,0,12,2,7,442,7442,20,2003,1D4GP243X3B2,1,D,4,G,P,2,4,3,X,3,B,2,0,0,0,000000000,00000000000,0,0,0,1,0,0,0,0,0,0,0,998,0,0,0,12,6,2,12,0,0,0,1,22,70466,6,1,0,0,3,0,69,150,0,0,0,0,0,0,0,0,0,0,28,0,0,0,1,2,45,1,1,8,1,0,0,1,10,1,1,2,50,0,0
12,121390,2,2,2,12,8,17,43,12,2,1,0,12,1,35,43,35043,4,2010,3N1AB6AP4AL7,3,N,1,A,B,6,A,P,4,A,L,7,0,0,0,000000000,00000000000,0,0,0,1,0,0,0,0,0,0,0,998,0,0,0,12,6,2,12,0,0,0,1,12,33830,6,1,0,0,3,0,65,999,0,0,0,0,0,0,0,0,0,0,0,0,0,0,1,2,45,1,1,8,1,0,0,1,62,99,1,1,51,1,0
12,121391,1,1,1,13,8,9,45,9,0,1,0,12,3,86,884,86884,63,2007,1M2AC07C97M0,1,M,2,A,C,0,7,C,9,7,M,0,0,0,12,463595,12463595,3,2,7,1,0,0,0,0,0,0,0,15,0,0,0,3,4,3,9,42,0,0,1,12,33415,6,1,6,3,3,3,66,999,0,0,0,0,0,0,0,0,0,0,0,0,0,0,3,2,25,1,1,8,1,20,3,10,83,99,1,1,13,0,0
12,121392,1,2,1,13,8,12,55,12,6,1,0,12,1,37,706,37706,80,2013,JH2SC5955DK5,J,H,2,S,C,5,9,5,5,D,K,5,0,0,0,000000000,00000000000,0,0,0,1,0,0,0,0,0,0,0,35,0,0,0,12,6,2,12,0,0,0,1,12,33162,6,1,0,0,3,0,68,999,0,0,0,0,0,0,0,0,0,0,0,0,0,0,3,3,35,1,1,8,1,0,0,1,62,99,1,1,69,1,0
12,121392,2,2,2,13,8,12,55,12,6,1,0,12,1,49,40,49040,4,2010,4T1BF3EK7AU0,4,T,1,B,F,3,E,K,7,A,U,0,0,0,0,000000000,00000000000,0,0,0,1,0,0,0,0,0,0,0,35,0,0,0,81,6,2,12,0,0,0,1,12,33162,6,1,0,0,3,0,71,999,0,1,0,0,0,11,2012,11,2012,0,0,0,0,0,3,4,35,1,1,8,1,0,0,11,15,99,1,1,68,0,0
12,121393,1,2,1,15,8,2,44,12,2,1,0,12,2,37,32,37032,4,1997,1HGCD5607VA0,1,H,G,C,D,5,6,0,7,V,A,0,0,0,0,000000000,00000000000,0,0,0,1,0,0,0,0,0,0,0,55,0,0,0,12,6,2,12,0,0,0,1,12,33619,6,1,0,0,3,0,69,999,0,2,0,0,0,10,2013,7,2014,0,51,0,0,0,3,3,55,1,1,8,1,0,0,1,54,99,1,1,52,1,1
12,121393,2,2,2,15,8,2,44,12,2,1,0,12,3,12,461,12461,21,2007,1FDXE45P57DA,1,F,D,X,E,4,5,P,5,7,D,A,0,0,0,000000000,00000000000,0,0,0,1,0,0,0,0,0,6,0,55,0,1,1,12,6,2,12,0,0,0,1,12,33545,6,1,0,0,3,0,66,999,2,0,0,0,0,2,2012,2,2014,0,0,0,0,0,3,3,55,1,1,8,1,0,0,1,54,99,1,1,52,0,0
12,121394,1,1,1,16,8,9,10,42,0,1,0,12,2,49,32,49032,4,1995,1NXAE04B6SZ3,1,N,X,A,E,0,4,B,6,S,Z,3,0,0,0,000000000,00000000000,0,0,0,1,0,0,0,0,0,0,0,53,0,0,0,9,6,2,42,0,0,0,1,12,32065,6,1,0,0,3,0,68,999,0,0,0,0,0,0,0,0,0,0,0,0,0,0,3,2,45,2,1,8,1,0,0,14,13,7,3,4,2,1,0
12,121395,1,1,2,16,8,23,15,33,0,1,0,12,2,12,3,12003,2,2011,1ZVBP8CF8B51,1,Z,V,B,P,8,C,F,8,B,5,1,0,0,0,000000000,00000000000,0,0,0,1,0,0,0,0,0,0,0,30,0,0,0,62,6,2,5,0,0,0,1,12,33066,6,1,0,0,3,0,66,999,0,0,0,0,0,0,0,0,0,0,6,0,0,0,1,2,25,2,1,8,1,0,0,14,12,99,1,4,6,1,1
12,121396,1,1,1,17,8,16,12,33,0,1,0,12,1,12,37,12037,4,2013,1FADP3F2XDL3,1,F,A,D,P,3,F,2,X,D,L,3,0,0,0,000000000,00000000000,0,0,0,1,0,0,0,0,0,0,0,998,0,0,0,1,6,2,38,0,0,0,1,12,33844,6,1,0,0,3,3,62,999,0,0,0,0,0,0,0,0,0,0,0,0,0,0,3,3,40,1,1,8,1,0,0,1,13,99,1,4,1,1,0
12,121397,1,2,1,17,8,21,7,12,1,1,0,12,2,35,472,35472,30,1998,1N6DD26S7WC3,1,N,6,D,D,2,6,S,7,W,C,3,0,0,0,000000000,00000000000,0,0,0,1,0,0,0,0,0,0,0,83,0,0,0,12,6,2,12,0,0,0,1,12,32565,0,0,0,0,0,0,68,999,0,1,0,0,0,7,2013,7,2013,3,6,0,0,0,1,2,55,1,1,8,1,0,0,1,51,99,1,1,24,0,1
12,121397,2,2,5,17,8,21,7,12,1,1,0,12,2,7,20,7020,4,2002,1B3ES56C42D6,1,B,3,E,S,5,6,C,4,2,D,6,0,0,0,000000000,00000000000,0,0,0,1,0,0,0,0,0,0,0,45,0,0,0,6,6,2,12,0,0,0,1,12,32531,6,1,0,0,3,3,66,999,0,3,0,1,0,7,2012,2,2014,0,0,0,0,0,1,2,55,1,1,8,1,0,0,1,53,99,1,1,25,1,0
12,121398,1,1,1,19,8,22,50,8,0,1,0,12,1,63,34,63034,4,2014,5XXGN4A70EG2,5,X,X,G,N,4,A,7,0,E,G,2,0,0,0,000000000,00000000000,0,0,0,1,0,0,0,0,0,0,0,45,0,0,0,12,4,3,8,0,0,0,1,12,33449,6,1,0,0,3,0,63,999,0,1,0,0,0,2,2013,2,2013,0,0,0,0,0,3,5,45,1,1,8,1,3,3,1,80,99,1,1,13,0,0