STATE,ST_CASE,VEH_NO,VE_FORMS,NUMOCCS,DAY,MONTH,HOUR,MINUTE,HARM_EV,MAN_COLL,UNITTYPE,HIT_RUN,REG_STAT,OWNER,MAKE,MODEL,MAK_MOD,BODY_TYP,MOD_YEAR,VIN,VIN_1,VIN_2,VIN_3,VIN_4,VIN_5,VIN_6,VIN_7,VIN_8,VIN_9,VIN_10,VIN_11,VIN_12,TOW_VEH,J_KNIFE,MCARR_I1,MCARR_I2,MCARR_ID,GVWR,V_CONFIG,CARGO_BT,HAZ_INV,HAZ_PLAC,HAZ_ID,HAZ_CNO,HAZ_REL,BUS_USE,SPEC_USE,EMER_USE,TRAV_SP,UNDERIDE,ROLLOVER,ROLINLOC,IMPACT1,DEFORMED,TOWED,M_HARM,VEH_SC1,VEH_SC2,FIRE_EXP,DR_PRES,L_STATE,DR_ZIP,L_STATUS,L_TYPE,CDL_STAT,L_ENDORS,L_COMPL,L_RESTRI,DR_HGT,DR_WGT,PREV_ACC,PREV_SUS,PREV_DWI,PREV_SPD,PREV_OTH,FIRST_MO,FIRST_YR,LAST_MO,LAST_YR,SPEEDREL,DR_SF1,DR_SF2,DR_SF3,DR_SF4,VTRAFWAY,VNUM_LAN,VSPD_LIM,VALIGN,VPROFILE,VPAVETYP,VSURCOND,VTRAFCON,VTCONT_F,P_CRASH1,P_CRASH2,P_CRASH3,PCRASH4,PCRASH5,ACC_TYPE,DEATHS,DR_DRINK
12,121442,2,2,1,4,9,14,35,12,6,1,0,12,1,37,705,37705,80,1996,JH2RC4317TM2,J,H,2,R,C,4,3,1,7,T,M,2,0,0,0,000000000,00000000000,0,0,0,1,0,0,0,0,0,0,0,50,0,0,0,12,6,2,12,0,0,0,1,12,34788,6,1,0,0,3,0,72,999,0,0,0,0,0,0,0,0,0,0,0,0,0,0,1,2,50,1,1,8,1,0,0,1,72,99,1,1,83,1,0
12,121443,1,1,1,5,9,20,35,8,0,1,0,12,1,6,441,6441,20,2005,2C4GP44R15R5,2,C,4,G,P,4,4,R,1,5,R,5,0,0,0,000000000,00000000000,0,0,0,1,0,0,0,0,0,0,0,998,0,0,0,12,4,5,8,0,0,0,1,12,33157,6,1,0,0,3,0,62,999,0,0,0,0,0,0,0,0,0,0,0,0,0,0,5,5,40,1,1,8,1,0,0,1,80,99,1,1,13,0,0
12,121444,1,2,1,6,9,15,12,12,2,1,0,12,1,20,421,20421,15,2000,1GNCS13W0Y21,1,G,N,C,S,1,3,W,0,Y,2,1,0,0,0,000000000,00000000000,0,0,0,1,0,0,0,0,0,0,0,30,0,0,0,12,6,2,12,0,0,0,1,12,32564,6,1,0,0,3,3,62,999,0,0,0,0,0,0,0,0,0,0,28,0,0,0,1,2,30,2,1,8,1,0,0,14,10,99,1,2,50,1,1
12,121444,2,2,1,6,9,15,12,12,2,1,0,12,1,63,402,63402,14,2008,KNDJC736X858,K,N,D,J,C,7,3,6,X,8,5,8,0,0,0,000000000,00000000000,0,0,0,1,0,0,0,0,0,0,0,30,0,0,0,12,6,2,12,0,0,0,1,12,32539,6,1,0,0,3,3,73,999,0,0,0,0,0,0,0,0,0,0,0,0,0,0,1,2,30,3,1,8,1,0,0,14,62,99,1,1,51,0,0
12,121446,1,2,1,8,9,15,0,12,1,1,0,12,1,35,43,35043,4,2005,3N1AB51D05L5,3,N,1,A,B,5,1,D,0,5,L,5,0,0,0,000000000,00000000000,0,0,0,1,0,0,0,0,0,0,0,65,0,0,0,6,6,2,12,0,0,0,1,12,32968,6,1,0,0,3,3,75,999,0,0,0,0,0,0,0,0,0,0,6,58,0,0,2,2,65,1,1,8,1,0,0,1,13,6,4,4,64,1,1
12,121446,2,2,1,8,9,15,0,12,1,1,0,12,3,82,884,82884,66,2013,1FUJC5DX7DHF,1,F,U,J,C,5,D,X,7,D,H,F,1,3,12,1196553,121196553,3,6,1,1,0,0,0,0,0,0,0,65,0,0,0,12,6,2,12,0,0,0,1,12,33809,6,1,6,3,3,3,77,999,0,0,0,0,0,0,0,0,0,0,0,0,0,0,2,2,65,1,1,8,1,0,0,1,62,99,1,1,65,0,0
12,121447,1,1,2,8,9,12,49,1,0,1,0,12,3,23,481,23481,31,2006,1GTEC19T66Z2,1,G,T,E,C,1,9,T,6,6,Z,2,0,0,0,000000000,00000000000,0,0,0,1,0,0,0,0,0,0,0,70,0,1,5,0,6,2,42,0,0,0,1,12,32531,6,1,0,0,3,0,72,999,0,0,0,0,0,0,0,0,0,0,6,0,0,0,3,2,70,1,1,8,2,0,0,1,12,7,3,4,2,2,0
12,121448,1,1,1,5,3,19,57,8,0,1,1,99,9,99,999,99999,99,9999,999999999999,9,9,9,9,9,9,9,9,9,9,9,9,0,0,0,000000000,00000000000,0,0,0,1,0,0,0,0,0,0,0,999,0,0,0,12,9,5,8,0,0,0,1,99,99999,9,9,99,9,9,9,999,999,99,99,99,99,99,99,9999,99,9999,0,0,0,0,0,9,9,99,8,8,8,1,97,8,1,80,99,1,9,13,0,0
12,121449,1,1,1,20,3,7,27,42,0,1,0,12,1,12,13,12013,2,1998,3FAKP113XWR2,3,F,A,K,P,1,1,3,X,W,R,2,0,0,0,000000000,00000000000,0,0,0,1,0,0,0,0,0,0,0,30,0,0,0,12,6,2,42,0,0,0,1,12,33844,6,1,0,0,3,3,73,999,0,0,0,0,0,0,0,0,0,0,0,0,0,0,1,2,25,1,5,8,1,20,3,1,80,7,1,4,1,1,0
12,121450,1,2,1,6,4,0,0,12,6,1,0,12,2,41,51,41051,5,2004,JM1BK343X411,J,M,1,B,K,3,4,3,X,4,1,1,0,0,0,000000000,00000000000,0,0,0,1,0,0,0,0,0,0,0,98,0,0,0,9,6,2,12,0,0,0,1,12,32701,0,0,0,0,0,0,999,999,0,0,0,0,0,0,0,0,0,0,6,0,0,0,2,2,65,2,1,8,1,0,0,14,12,99,4,4,64,1,1
12,121450,2,2,1,6,4,0,0,12,6,1,0,12,1,63,402,63402,14,2013,5XYKT4A25DG3,5,X,Y,K,T,4,A,2,5,D,G,3,0,0,0,000000000,00000000000,0,0,0,1,0,0,0,0,0,0,0,65,0,0,0,12,6,2,12,0,0,0,1,12,34711,6,1,0,0,3,0,72,999,0,0,0,0,0,0,0,0,0,0,0,0,0,0,2,2,65,2,1,8,1,0,0,14,62,99,1,1,65,0,0
12,121451,1,1,1,10,4,2,30,8,0,1,1,12,1,55,35,55035,4,2002,KMHDN45D32U4,K,M,H,D,N,4,5,D,3,2,U,4,0,0,0,000000000,00000000000,0,0,0,1,0,0,0,0,0,0,0,35,0,0,0,12,4,3,8,0,0,0,1,12,33174,6,1,0,0,3,3,70,999,0,0,0,0,0,0,0,0,0,0,0,0,0,0,2,2,35,1,1,8,1,0,0,1,80,99,1,1,13,0,0
12,121452,1,1,1,17,5,12,21,9,0,1,0,40,3,20,37,20037,4,2014,1G11E5SL2EF1,1,G,1,1,E,5,S,L,2,E,F,1,0,0,0,000000000,00000000000,0,0,0,1,0,0,0,0,0,0,0,42,0,0,0,12,6,2,9,0,0,0,1,12,32720,6,1,0,0,3,3,63,999,0,0,0,2,2,6,2011,12,2012,0,0,0,0,0,3,4,45,1,1,8,1,0,0,1,83,99,1,2,13,0,0
12,121453,1,1,1,24,5,8,46,8,0,1,0,12,1,7,482,7482,31,2011,1D7RB1GT2BS5,1,D,7,R,B,1,G,T,2,B,S,5,0,0,0,000000000,00000000000,0,0,0,1,0,0,0,0,0,0,0,15,0,0,0,12,4,5,8,0,0,0,1,12,33462,6,1,0,0,3,0,72,999,0,0,0,0,0,0,0,0,0,0,0,0,0,0,1,2,25,1,1,8,1,3,3,11,80,2,1,1,13,0,0
12,121454,1,3,1,6,6,21,32,12,1,1,0,12,1,76,705,76705,80,2006,JYARJ06E36A0,J,Y,A,R,J,0,6,E,3,6,A,0,0,0,0,000000000,00000000000,0,0,0,1,0,0,0,0,0,0,0,60,0,0,0,12,6,2,12,0,0,0,1,12,33435,6,1,0,0,3,0,66,999,0,2,0,0,2,11,2013,4,2014,0,6,0,0,0,1,2,40,1,1,8,1,3,3,1,50,1,1,1,20,1,0
12,121454,2,3,1,6,6,21,32,12,1,1,0,12,1,37,402,37402,14,1997,JHLRD1840VC0,J,H,L,R,D,1,8,4,0,V,C,0,0,0,0,000000000,00000000000,0,0,0,1,0,0,0,0,0,0,0,0,0,0,0,6,6,2,12,0,0,0,1,12,33161,6,1,0,0,3,0,67,999,0,0,0,0,0,0,0,0,0,0,0,0,0,0,1,2,40,1,1,8,1,3,3,5,53,99,1,1,21,0,0
12,121454,3,3,1,6,6,21,32,12,1,1,0,12,1,12,461,12461,21,2002,1FDWE35S72HB,1,F,D,W,E,3,5,S,7,2,H,B,0,0,0,000000000,00000000000,0,0,0,1,0,0,0,0,0,0,0,0,0,0,0,6,4,5,12,0,0,0,1,12,33162,6,1,6,0,3,3,66,999,1,1,0,0,0,2,2013,5,2013,0,0,0,0,0,1,2,40,1,1,8,1,3,3,5,53,99,1,1,98,0,0
12,121455,1,2,1,9,6,21,43,12,1,1,0,12,2,35,401,35401,14,2014,5N1AR2MN5EC6,5,N,1,A,R,2,M,N,5,E,C,6,0,0,0,000000000,00000000000,0,0,0,1,0,0,0,0,0,0,0,68,0,0,0,12,6,2,12,0,0,0,1,12,33704,6,1,0,0,3,0,71,999,0,1,0,0,0,3,2014,3,2014,3,6,0,0,0,1,5,40,1,1,8,1,0,0,1,51,99,1,1,24,1,1
12,121455,2,2,1,9,6,21,43,12,1,1,0,37,1,2,403,2403,14,1991,2J4FY19P0MJ1,2,J,4,F,Y,1,9,P,0,M,J,1,0,0,0,000000000,00000000000,0,0,0,1,0,0,0,0,0,0,0,40,0,1,5,6,6,2,12,0,0,0,1,12,33707,6,1,0,0,3,0,69,999,0,0,0,0,0,0,0,0,0,0,0,0,0,0,1,5,40,1,1,8,1,0,0,1,53,99,1,1,25,0,0
12,121456,1,2,1,25,6,15,19,12,6,1,0,12,1,76,706,76706,80,2005,JYAVP11E55A0,J,Y,A,V,P,1,1,E,5,5,A,0,0,0,0,000000000,00000000000,0,0,0,1,0,0,0,0,0,0,0,55,0,0,0,5,6,2,12,0,0,0,1,12,32801,6,1,0,0,3,0,72,999,0,1,0,0,0,4,2013,4,2013,0,58,0,0,0,2,4,55,1,1,8,1,0,0,1,61,6,1,4,64,1,0
12,121456,2,2,1,25,6,15,19,12,6,1,0,12,1,14,402,14402,14,2005,4M2CU56195DJ,4,M,2,C,U,5,6,1,9,5,D,J,0,0,0,000000000,00000000000,0,0,0,1,0,0,0,0,0,0,0,55,0,0,0,12,6,2,12,0,0,0,1,12,34655,6,1,0,0,3,3,70,999,0,0,0,0,0,0,0,0,0,0,0,0,0,0,2,4,55,1,1,8,1,0,0,1,62,99,1,1,65,0,0
12,121457,1,1,1,30,6,9,35,15,0,1,0,12,1,12,471,12471,30,1991,1FTCR10A6MUB,1,F,T,C,R,1,0,A,6,M,U,B,0,0,0,000000000,00000000000,0,0,0,1,0,0,0,0,0,0,0,25,0,0,0,12,4,3,15,0,0,0,1,12,33030,6,1,0,0,3,3,60,999,0,2,0,0,0,9,2011,6,2013,0,0,0,0,0,1,2,30,1,1,8,1,0,0,1,83,1,1,1,13,0,0
12,121458,1,2,7,5,7,19,24,12,1,1,0,12,1,12,422,12422,15,2003,1FMRU17W43LB,1,F,M,R,U,1,7,W,4,3,L,B,0,0,0,000000000,00000000000,0,0,0,1,0,0,0,0,0,0,0,998,0,1,5,12,6,2,1,0,0,0,1,12,34758,6,1,0,0,3,0,64,999,0,2,0,0,0,7,2012,11,2012,4,0,0,0,0,6,2,45,2,5,8,2,0,0,14,51,9,2,1,34,1,0
12,121458,2,2,4,5,7,19,24,12,1,1,0,12,1,12,481,12481,31,2006,1FTPX125X6FA,1,F,T,P,X,1,2,5,X,6,F,A,0,0,0,000000000,00000000000,0,0,0,1,0,0,0,0,0,0,0,998,0,0,0,6,2,5,12,0,0,0,1,12,33570,6,1,0,0,3,3,74,999,0,0,0,0,0,0,0,0,0,0,0,0,0,0,6,2,45,2,5,8,2,0,0,14,53,99,1,1,35,0,0
12,121459,1,1,2,8,7,17,0,5,0,1,0,12,1,37,739,37739,90,1999,999999999999,9,9,9,9,9,9,9,9,9,9,9,9,0,0,0,000000000,00000000000,0,0,0,1,0,0,0,0,0,0,0,15,0,0,0,0,0,5,5,0,0,0,1,12,34205,0,0,0,0,0,0,999,999,0,0,0,0,0,0,0,0,0,0,6,0,0,0,1,2,30,1,1,8,1,0,0,12,98,99,1,1,0,1,0
12,121460,1,1,1,12,7,20,45,1,0,1,0,12,3,23,481,23481,31,2005,2GTEK63N5513,2,G,T,E,K,6,3,N,5,5,1,3,0,0,0,000000000,00000000000,0,0,0,1,0,0,0,0,0,0,0,60,0,1,5,0,6,2,1,0,0,0,1,12,34474,6,1,0,0,3,3,63,999,1,1,0,1,2,11,2011,5,2014,0,6,0,0,0,1,2,45,2,1,8,1,0,0,14,12,7,4,4,2,1,1
12,121461,1,4,2,14,7,10,4,12,6,1,0,12,1,20,16,20016,2,1998,3G1JC1240WS8,3,G,1,J,C,1,2,4,0,W,S,8,0,0,0,000000000,00000000000,0,0,0,1,0,0,0,0,0,0,0,45,0,0,0,63,6,2,12,0,0,0,1,12,34983,6,1,0,0,3,3,63,999,0,2,0,1,0,10,2012,12,2013,0,38,36,0,0,2,3,45,1,1,8,1,0,0,15,10,99,1,2,47,1,0
12,121461,2,4,1,14,7,10,4,12,6,1,0,12,1,6,18,6018,4,2012,1C3CCBBG3CN2,1,C,3,C,C,B,B,G,3,C,N,2,0,0,0,000000000,00000000000,0,0,0,1,0,0,0,0,0,0,0,45,0,0,0,12,4,5,12,0,0,0,1,12,34953,6,1,0,0,3,0,71,999,0,0,0,0,0,0,0,0,0,0,0,0,0,0,2,3,45,1,1,8,1,0,0,1,61,99,1,1,45,0,0
12,121461,3,4,2,14,7,10,4,12,6,1,0,42,1,12,422,12422,15,2004,1FMFU18L84LB,1,F,M,F,U,1,8,L,8,4,L,B,0,0,0,000000000,00000000000,0,0,0,1,0,0,0,0,0,0,0,45,0,0,0,61,4,5,12,0,0,0,1,42,19465,6,1,0,0,3,0,69,999,0,0,0,0,0,0,0,0,0,0,0,0,0,0,2,3,45,1,1,8,1,0,0,1,62,99,1,1,98,0,0
12,121461,4,4,2,14,7,10,4,12,6,1,0,12,1,49,48,49048,5,2005,JTKKT6246501,J,T,K,K,T,6,2,4,6,5,0,1,0,0,0,000000000,00000000000,0,0,0,1,0,0,0,0,0,0,0,45,0,0,0,12,6,2,12,0,0,0,1,12,34984,6,1,0,0,3,3,66,999,0,0,0,0,0,0,0,0,0,0,0,0,0,0,2,3,45,1,1,8,1,0,0,1,62,99,1,1,98,0,0
12,121462,1,2,1,15,7,15,4,12,6,1,0,12,2,7,482,7482,31,2002,1D7HA16K82J2,1,D,7,H,A,1,6,K,8,2,J,2,0,0,0,000000000,00000000000,0,0,0,1,0,0,0,0,0,0,0,998,0,0,0,62,6,2,12,0,0,0,1,12,32224,6,1,0,0,3,3,68,999,0,0,0,0,0,0,0,0,0,5,6,0,0,0,3,8,98,1,8,8,2,0,0,1,12,99,1,4,48,0,0
12,121462,2,2,4,15,7,15,4,12,6,1,0,42,4,30,40,30040,4,2012,3VW2K7AJ9CM3,3,V,W,2,K,7,A,J,9,C,M,3,0,0,0,000000000,00000000000,0,0,0,1,0,0,0,0,0,0,0,998,0,0,0,12,6,2,12,0,0,0,1,34,7075,6,1,0,0,3,0,66,999,1,0,0,1,1,11,2012,3,2013,0,0,0,0,0,2,3,98,1,3,8,2,0,0,1,61,99,1,1,48,1,0
12,121463,1,1,1,19,7,10,54,33,0,1,0,12,2,12,401,12401,14,1999,1FMYU22E6XUA,1,F,M,Y,U,2,2,E,6,X,U,A,0,0,0,000000000,00000000000,0,0,0,1,0,0,0,0,0,0,0,40,0,1,5,12,6,2,1,0,0,0,1,12,33810,6,1,0,0,3,0,73,999,0,1,0,0,0,12,2013,12,2013,0,0,0,0,0,3,2,40,1,1,8,1,0,0,1,13,4,1,4,1,1,0
12,121464,1,1,1,20,7,9,2,33,0,1,0,12,1,34,706,34706,80,2000,WB10554A5YZA,W,B,1,0,5,5,4,A,5,Y,Z,A,0,0,0,000000000,00000000000,0,0,0,1,0,0,0,0,0,0,0,998,0,0,0,98,6,2,33,0,0,0,1,12,33013,6,1,6,0,3,3,67,999,0,0,0,0,0,0,0,0,0,0,6,0,0,0,3,2,98,3,1,8,1,0,0,14,13,99,1,4,1,1,0
12,121465,1,1,1,1,8,14,0,9,0,1,0,12,1,58,37,58037,4,2007,JNKBV61EX7M7,J,N,K,B,V,6,1,E,X,7,M,7,0,0,0,000000000,00000000000,0,0,0,1,0,0,0,0,0,0,0,30,0,0,0,12,6,2,9,0,0,0,1,12,33127,6,1,0,0,3,0,66,999,0,1,0,1,1,6,2012,6,2014,0,0,0,0,0,2,3,40,1,1,8,1,0,0,1,83,99,1,1,13,0,0
12,121466,1,1,1,2,8,1,0,15,0,1,0,12,2,34,706,34706,80,2012,WB1053409CZL,W,B,1,0,5,3,4,0,9,C,Z,L,0,0,0,000000000,00000000000,0,0,0,1,0,0,0,0,0,0,0,82,0,0,0,12,6,2,15,0,0,0,1,12,32257,1,1,0,0,2,0,69,999,0,1,0,2,2,10,2011,7,2014,0,91,0,0,0,1,2,35,1,1,8,1,0,0,1,83,99,1,1,13,0,1
12,121467,1,2,1,2,8,1,40,12,2,1,0,12,2,34,37,34037,4,2011,WBAKB4C57BC5,W,B,A,K,B,4,C,5,7,B,C,5,0,0,0,000000000,00000000000,0,0,0,1,0,0,0,0,0,0,0,998,0,0,0,12,6,2,12,0,0,0,1,12,33167,6,1,0,0,3,0,67,999,0,0,0,1,2,1,2012,11,2012,0,0,0,0,0,9,5,40,1,1,8,1,97,8,99,19,99,9,9,99,0,1
12,121467,2,2,1,2,8,1,40,12,2,1,0,12,1,63,402,63402,14,2011,5XYKT4A15BG1,5,X,Y,K,T,4,A,1,5,B,G,1,0,0,0,000000000,00000000000,0,0,0,1,0,0,0,0,0,0,0,998,0,0,0,12,6,2,12,0,0,0,1,12,33167,6,1,0,0,3,0,66,999,0,0,0,0,0,0,0,0,0,0,0,0,0,0,9,5,40,1,1,8,1,97,8,99,19,99,9,9,99,1,0
12,121468,1,1,1,3,8,5,5,9,0,1,0,12,1,12,401,12401,14,2002,1FMYU60E02UB,1,F,M,Y,U,6,0,E,0,2,U,B,0,0,0,000000000,00000000000,0,0,0,1,0,0,0,0,0,0,0,45,0,0,0,14,2,5,9,0,0,0,1,12,33634,6,1,6,0,3,0,76,999,0,0,0,0,0,0,0,0,0,0,0,0,0,0,3,3,45,1,1,8,1,0,0,1,83,99,1,1,13,0,0
12,121470,1,1,1,4,8,12,17,18,0,1,0,12,1,63,33,63033,4,2007,KNAFE121X753,K,N,A,F,E,1,2,1,X,7,5,3,0,0,0,000000000,00000000000,0,0,0,1,0,0,0,0,0,0,0,30,0,0,0,1,6,2,10,0,0,0,1,12,33462,6,1,0,0,3,3,65,999,0,0,0,0,0,0,0,0,0,0,38,0,0,0,1,4,30,1,1,8,1,65,3,1,90,99,1,1,12,1,0
12,121471,1,1,1,5,8,18,50,42,0,1,0,91,2,53,734,53734,90,2006,JSAAL41A7621,J,S,A,A,L,4,1,A,7,6,2,1,0,0,0,000000000,00000000000,0,0,0,1,0,0,0,0,0,0,0,30,0,0,0,12,6,2,42,0,0,0,1,12,33183,6,1,0,0,3,3,68,999,0,0,0,0,0,0,0,0,0,0,6,0,0,0,1,2,30,1,1,8,1,0,0,1,13,99,1,4,1,1,0
12,121472,1,1,1,8,8,3,5,42,0,1,0,12,2,24,9,24009,4,2008,1G8ZS57N58F2,1,G,8,Z,S,5,7,N,5,8,F,2,0,0,0,000000000,00000000000,0,0,0,1,0,0,0,0,0,0,0,60,0,0,0,12,6,2,42,0,0,0,1,12,32219,6,1,0,0,3,3,67,999,0,0,0,0,0,0,0,0,0,0,6,0,0,0,6,1,65,1,1,8,1,0,0,1,12,99,1,4,6,1,1
12,121473,1,2,1,8,8,17,18,12,6,1,0,12,1,30,46,30046,4,2004,WVWLK63B24E2,W,V,W,L,K,6,3,B,2,4,E,2,0,0,0,000000000,00000000000,0,0,0,1,0,0,0,0,0,0,0,10,0,0,0,4,6,2,12,0,0,0,1,12,34695,6,1,0,0,3,0,72,999,0,0,0,1,0,2,2012,2,2012,0,6,0,0,0,2,2,35,1,1,8,1,0,0,11,15,99,1,1,68,0,0
12,121473,2,2,1,8,8,17,18,12,6,1,0,12,1,73,705,73705,80,1993,JKAENVA18PA0,J,K,A,E,N,V,A,1,8,P,A,0,0,0,0,000000000,00000000000,0,0,0,1,0,0,0,0,0,0,0,35,0,0,0,12,6,2,12,0,0,0,1,12,34677,6,1,0,0,3,0,70,999,0,0,0,1,0,1,2013,1,2013,0,0,0,0,0,2,2,35,1,1,8,1,0,0,1,63,99,1,1,69,1,0
12,121474,1,1,1,9,8,5,0,32,0,1,0,12,2,20,481,20481,31,1998,2GCEC19M5W11,2,G,C,E,C,1,9,M,5,W,1,1,0,0,0,000000000,00000000000,0,0,0,1,0,0,0,0,0,0,0,998,0,0,0,98,6,2,30,0,0,0,1,12,33823,6,1,0,0,3,0,69,999,0,0,0,0,0,0,0,0,0,0,58,0,0,0,1,2,45,1,1,8,1,0,0,1,12,6,1,4,6,1,1
12,121475,1,1,1,9,8,2,17,8,0,1,0,12,1,6,43,6043,4,2010,1C3CC4FBXAN1,1,C,3,C,C,4,F,B,X,A,N,1,0,0,0,000000000,00000000000,0,0,0,1,0,0,0,0,0,0,0,998,0,0,0,14,2,5,8,0,0,0,1,12,33880,6,1,0,0,3,3,70,999,0,0,0,0,0,0,0,0,0,0,0,0,0,0,3,2,55,1,1,8,1,0,0,1,80,99,1,1,13,0,0
12,121476,1,2,1,9,8,0,24,12,1,1,1,12,5,49,40,49040,4,2011,4T1BF3EK3BU7,4,T,1,B,F,3,E,K,3,B,U,7,0,0,0,000000000,00000000000,0,0,0,1,0,0,0,0,0,0,0,45,0,0,0,12,6,2,12,0,0,0,1,99,99999,9,9,99,9,9,9,999,999,99,99,99,99,99,99,9999,99,9999,9,0,0,0,0,1,2,45,1,1,8,1,0,0,1,51,99,1,1,24,0,0
12,121476,2,2,1,9,8,0,24,12,1,1,0,12,4,99,709,99709,80,2008,LFGTCKPM0810,L,F,G,T,C,K,P,M,0,8,1,0,0,0,0,000000000,00000000000,0,0,0,1,0,0,0,0,0,0,0,45,0,0,0,6,6,2,12,0,0,0,1,12,33165,2,1,0,0,2,0,70,999,0,1,0,0,0,7,2014,7,2014,0,0,0,0,0,1,2,45,1,1,8,1,0,0,1,53,99,1,1,25,1,0
12,121477,1,1,1,11,8,20,18,8,0,1,0,12,1,49,401,49401,14,2011,JTEZU5JRXB50,J,T,E,Z,U,5,J,R,X,B,5,0,0,0,0,000000000,00000000000,0,0,0,1,0,0,0,0,0,0,0,20,0,0,0,12,4,5,8,0,0,0,1,12,33441,6,1,0,0,3,3,70,999,0,0,0,0,0,0,0,0,0,0,0,0,0,0,3,3,45,1,1,8,1,0,0,1,80,99,1,1,13,0,0
12,121478,1,2,1,12,8,3,33,12,1,1,0,12,2,49,40,49040,4,2003,4T1BE32K13U6,4,T,1,B,E,3,2,K,1,3,U,6,0,0,0,000000000,00000000000,0,0,0,1,0,0,0,0,0,0,0,110,0,0,0,12,6,2,2,0,0,1,1,12,33458,6,1,0,0,3,3,69,999,0,0,0,0,0,0,0,0,0,0,6,0,0,0,1,4,35,1,1,8,1,0,0,1,51,99,1,1,24,0,1
12,121478,2,2,1,12,8,3,33,12,1,1,0,12,1,12,37,12037,2,2003,3FAFP31303R1,3,F,A,F,P,3,1,3,0,3,R,1,0,0,0,000000000,00000000000,0,0,0,1,0,0,0,0,0,0,0,35,0,0,0,6,6,2,12,0,0,0,1,12,33405,6,1,0,0,3,3,66,999,0,0,0,0,0,0,0,0,0,0,0,0,0,0,1,4,35,1,1,8,1,0,0,1,53,99,1,1,25,1,1
12,121479,1,2,1,12,8,6,40,12,2,1,0,12,1,35,47,35047,4,2008,1N4AL21E38N4,1,N,4,A,L,2,1,E,3,8,N,4,0,0,0,000000000,00000000000,0,0,0,1,0,0,0,0,0,0,0,35,0,0,0,12,6,2,12,0,0,0,1,12,33521,6,1,0,0,3,3,62,999,0,0,0,0,0,0,0,0,0,0,38,0,0,0,1,2,55,1,1,8,2,0,0,11,15,99,1,1,68,0,0
12,121479,2,2,1,12,8,6,40,12,2,1,0,12,1,72,706,72706,80,2006,1HD1FCW136Y6,1,H,D,1,F,C,W,1,3,6,Y,6,0,0,0,000000000,00000000000,0,0,0,1,0,0,0,0,0,0,0,55,0,0,0,12,6,2,12,0,0,0,1,12,34748,6,1,0,0,3,0,68,999,0,0,0,0,0,0,0,0,0,0,0,0,0,0,1,3,55,1,1,8,1,0,0,1,62,99,1,1,69,1,0
12,121480,1,1,2,12,8,6,16,8,0,1,0,12,1,20,402,20402,14,2003,2CNBE13C1369,2,C,N,B,E,1,3,C,1,3,6,9,0,0,0,000000000,00000000000,0,0,0,1,0,0,0,0,0,0,0,40,0,0,0,12,4,5,8,0,0,0,1,12,33175,6,1,6,0,3,0,73,999,0,0,0,0,0,0,0,0,0,0,0,0,0,0,3,2,40,1,1,8,1,3,3,1,80,99,1,1,13,0,0
12,121481,1,1,1,14,8,4,34,8,0,1,0,12,2,37,31,37031,4,2008,2HGFA16588H3,2,H,G,F,A,1,6,5,8,8,H,3,0,0,0,000000000,00000000000,0,0,0,1,0,0,0,0,0,0,0,45,0,0,0,12,6,2,8,0,0,0,1,12,32310,6,1,0,0,3,0,65,999,0,0,0,0,0,0,0,0,0,0,0,0,0,0,3,5,45,1,1,8,1,3,3,1,80,7,1,1,13,0,0
12,121482,1,2,1,14,8,17,20,12,2,1,0,12,2,12,422,12422,15,1997,1FMFU18L8VLA,1,F,M,F,U,1,8,L,8,V,L,A,0,0,0,000000000,00000000000,0,0,0,1,0,0,0,0,0,0,0,50,0,0,0,12,6,2,12,0,0,0,1,12,33598,0,0,0,0,0,0,999,999,0,0,0,0,0,0,0,0,0,0,28,0,0,0,1,2,55,1,1,8,2,0,0,1,10,99,1,2,50,0,0
12,121482,2,2,1,14,8,17,20,12,2,1,0,12,1,20,37,20037,4,2002,1G1ND52J22M6,1,G,1,N,D,5,2,J,2,2,M,6,0,0,0,000000000,00000000000,0,0,0,1,0,0,0,0,0,0,0,50,0,0,0,12,6,2,12,0,0,0,1,12,34251,6,1,0,0,3,3,63,999,0,0,0,0,0,0,0,0,0,0,0,0,0,0,1,2,55,1,1,8,2,0,0,1,62,99,1,1,51,1,0
12,121483,1,2,1,14,8,21,49,1,0,1,0,12,1,53,706,53706,80,2009,JS1GR7LA3921,J,S,1,G,R,7,L,A,3,9,2,1,0,0,0,000000000,00000000000,0,0,0,1,0,0,0,0,0,0,0,70,0,0,0,0,6,2,12,0,0,0,1,12,32404,1,1,0,0,2,0,74,999,0,0,0,0,0,0,0,0,0,0,6,0,0,0,2,2,55,1,1,8,1,0,0,1,98,98,1,1,98,1,1
12,121483,2,2,1,14,8,21,49,1,0,1,0,12,1,52,37,52037,2,2008,4A3AK64F48E0,4,A,3,A,K,6,4,F,4,8,E,0,0,0,0,000000000,00000000000,0,0,0,1,0,0,0,0,0,0,0,55,0,0,0,6,6,2,12,0,0,0,1,12,33611,6,1,0,0,3,3,63,999,0,0,0,0,0,0,0,0,0,0,0,0,0,0,2,2,55,1,1,8,1,0,0,1,53,99,1,1,98,0,0