STATE,ST_CASE,VEH_NO,VE_FORMS,NUMOCCS,DAY,MONTH,HOUR,MINUTE,HARM_EV,MAN_COLL,UNITTYPE,HIT_RUN,REG_STAT,OWNER,MAKE,MODEL,MAK_MOD,BODY_TYP,MOD_YEAR,VIN,VIN_1,VIN_2,VIN_3,VIN_4,VIN_5,VIN_6,VIN_7,VIN_8,VIN_9,VIN_10,VIN_11,VIN_12,TOW_VEH,J_KNIFE,MCARR_I1,MCARR_I2,MCARR_ID,GVWR,V_CONFIG,CARGO_BT,HAZ_INV,HAZ_PLAC,HAZ_ID,HAZ_CNO,HAZ_REL,BUS_USE,SPEC_USE,EMER_USE,TRAV_SP,UNDERIDE,ROLLOVER,ROLINLOC,IMPACT1,DEFORMED,TOWED,M_HARM,VEH_SC1,VEH_SC2,FIRE_EXP,DR_PRES,L_STATE,DR_ZIP,L_STATUS,L_TYPE,CDL_STAT,L_ENDORS,L_COMPL,L_RESTRI,DR_HGT,DR_WGT,PREV_ACC,PREV_SUS,PREV_DWI,PREV_SPD,PREV_OTH,FIRST_MO,FIRST_YR,LAST_MO,LAST_YR,SPEEDREL,DR_SF1,DR_SF2,DR_SF3,DR_SF4,VTRAFWAY,VNUM_LAN,VSPD_LIM,VALIGN,VPROFILE,VPAVETYP,VSURCOND,VTRAFCON,VTCONT_F,P_CRASH1,P_CRASH2,P_CRASH3,PCRASH4,PCRASH5,ACC_TYPE,DEATHS,DR_DRINK
12,121528,3,3,1,8,9,20,27,12,6,1,0,12,1,20,481,20481,31,2000,1GBKC34F6YF5,1,G,B,K,C,3,4,F,6,Y,F,5,0,0,0,000000000,00000000000,0,0,0,1,0,0,0,0,0,0,0,30,0,0,0,7,4,3,12,0,0,0,1,12,33179,6,1,0,0,3,0,74,999,0,0,0,0,0,0,0,0,0,0,0,0,0,0,3,2,45,1,1,8,1,3,3,1,62,99,1,1,98,0,0
12,121529,1,1,1,8,9,2,35,33,0,1,0,12,1,37,32,37032,2,2006,1HGCM71716A0,1,H,G,C,M,7,1,7,1,6,A,0,0,0,0,000000000,00000000000,0,0,0,1,0,0,0,0,0,0,0,999,0,0,0,12,6,2,19,0,0,0,1,12,33143,6,1,0,0,3,0,68,999,0,0,0,0,0,0,0,0,0,3,39,0,0,0,2,2,35,1,5,8,1,0,0,1,13,99,1,4,1,1,0
12,121530,1,3,3,9,9,15,50,12,1,1,0,12,2,52,46,52046,4,2008,JA3AU86U38U0,J,A,3,A,U,8,6,U,3,8,U,0,0,0,0,000000000,00000000000,0,0,0,1,0,0,0,0,0,0,0,75,0,0,0,12,6,2,12,0,0,0,1,12,33317,2,1,0,0,2,3,65,999,1,4,0,0,0,2,2014,4,2014,0,0,0,0,0,3,3,70,1,1,8,2,0,0,1,9,99,1,2,98,0,0
12,121530,2,3,1,9,9,15,50,12,1,1,0,12,1,35,481,35481,31,2008,1N6BA07D88N3,1,N,6,B,A,0,7,D,8,8,N,3,0,0,0,000000000,00000000000,0,0,0,1,0,0,0,0,0,0,0,70,0,0,0,6,6,2,12,0,0,0,1,12,32068,6,1,0,0,3,3,67,999,0,0,0,1,0,6,2013,6,2013,0,0,0,0,0,3,3,70,1,1,8,2,0,0,1,60,99,1,1,98,1,0
12,121530,3,3,1,9,9,15,50,12,1,1,0,6,3,51,884,51884,63,2011,4V5RC9EH8BN5,4,V,5,R,C,9,E,H,8,B,N,5,0,0,6,568253,06568253,3,2,6,1,0,0,0,0,0,0,0,65,0,0,0,12,2,5,12,0,0,0,1,12,32218,6,1,6,0,3,0,71,999,0,0,0,0,0,0,0,0,0,0,0,0,0,0,3,3,70,1,1,8,2,0,0,1,61,6,1,3,98,0,0
12,121531,1,2,1,9,9,1,35,12,1,1,0,12,2,37,32,37032,4,2003,1HGCM56683A0,1,H,G,C,M,5,6,6,8,3,A,0,0,0,0,000000000,00000000000,0,0,0,1,0,0,0,0,0,0,0,55,0,0,0,12,6,2,12,0,0,0,1,12,33269,6,1,0,0,3,0,72,999,0,0,0,1,0,11,2012,11,2012,0,6,0,0,0,3,5,55,1,1,8,1,0,0,1,50,99,1,1,32,1,0
12,121531,2,2,0,9,9,1,35,12,1,1,0,12,6,84,881,84881,61,2005,1HTMMAAM75H1,1,H,T,M,M,A,A,M,7,5,H,1,0,0,77,777777777,77777777777,2,2,3,1,0,0,0,0,0,0,0,0,0,0,0,6,6,2,12,0,0,0,0,0,99997,7,6,97,7,6,7,998,997,998,998,998,998,998,98,9998,98,9998,8,20,0,0,0,3,5,55,1,1,8,1,0,0,0,53,0,0,0,32,0,0
12,121532,1,1,1,10,9,15,50,72,0,1,0,12,3,82,881,82881,66,2004,1FUJA6CV74LM,1,F,U,J,A,6,C,V,7,4,L,M,1,1,12,2301859,122301859,3,6,3,1,0,0,0,0,0,0,0,999,0,0,0,0,6,2,72,0,0,0,1,12,32832,6,1,6,0,3,0,67,999,1,0,0,0,0,7,2014,7,2014,0,0,0,0,0,3,2,45,1,1,8,1,0,0,1,98,99,1,1,0,1,0
12,121533,1,5,1,10,9,16,32,12,6,1,0,12,2,55,35,55035,4,2008,KMHDU46D78U3,K,M,H,D,U,4,6,D,7,8,U,3,0,0,0,000000000,00000000000,0,0,0,1,0,0,0,0,0,0,0,60,0,0,0,8,6,2,12,0,0,0,1,12,34698,6,1,0,0,3,3,67,999,0,0,0,0,0,0,0,0,0,0,27,0,0,0,3,3,50,1,1,8,1,0,0,15,10,99,1,2,47,1,0
12,121533,2,5,3,10,9,16,32,12,6,1,0,12,3,12,481,12481,31,2012,1FT7X2BT9CEC,1,F,T,7,X,2,B,T,9,C,E,C,1,1,0,000000000,00000000000,0,0,0,1,0,0,0,0,0,0,0,45,0,0,0,12,2,5,12,0,0,0,1,12,33544,6,1,0,0,3,0,68,999,0,0,0,0,0,0,0,0,0,0,0,0,0,0,3,3,50,1,1,8,1,0,0,1,61,99,1,1,45,0,0
12,121533,3,5,3,10,9,16,32,12,6,1,0,12,2,6,18,6018,4,2012,1C3CCBBB8CN2,1,C,3,C,C,B,B,B,8,C,N,2,0,0,0,000000000,00000000000,0,0,0,1,0,0,0,0,0,0,0,45,0,0,0,12,6,2,12,0,0,0,1,12,33626,6,1,0,0,3,0,65,999,0,0,0,0,0,0,0,0,0,0,0,0,0,0,3,3,50,1,1,8,1,0,0,1,98,99,1,1,98,0,0
12,121533,4,5,1,10,9,16,32,12,6,1,0,12,1,34,402,34402,14,2014,5UXWX9C51E0D,5,U,X,W,X,9,C,5,1,E,0,D,0,0,0,000000000,00000000000,0,0,0,1,0,0,0,0,0,0,0,50,0,0,0,13,4,5,54,0,0,0,1,12,33615,6,1,0,0,3,3,67,999,0,0,0,0,0,0,0,0,0,0,0,0,0,0,3,3,50,1,1,8,1,0,0,1,98,99,1,1,98,0,0
12,121533,5,5,1,10,9,16,32,12,6,1,0,12,1,12,24,12024,6,2008,2FMDK39C68BA,2,F,M,D,K,3,9,C,6,8,B,A,0,0,0,000000000,00000000000,0,0,0,1,0,0,0,0,0,0,0,45,0,0,0,13,2,5,54,0,0,0,1,12,33635,6,1,0,0,3,0,76,999,0,0,0,1,1,1,2012,3,2012,0,0,0,0,0,3,3,50,1,1,8,1,0,0,1,98,99,1,1,98,0,0
12,121534,1,1,1,10,9,9,10,1,0,1,0,12,2,73,706,73706,80,2005,JKAZXCC125A0,J,K,A,Z,X,C,C,1,2,5,A,0,0,0,0,000000000,00000000000,0,0,0,1,0,0,0,0,0,0,0,50,0,0,0,0,6,2,1,0,0,0,1,12,33180,6,1,6,0,3,0,72,999,0,0,0,0,0,0,0,0,0,0,6,0,0,0,1,2,25,2,1,8,1,0,0,14,98,99,4,4,7,1,0
12,121535,1,2,2,10,9,17,23,12,6,1,0,12,2,14,6,14006,4,2010,2MEBM7FV5AX6,2,M,E,B,M,7,F,V,5,A,X,6,0,0,0,000000000,00000000000,0,0,0,1,0,0,0,0,0,0,0,10,0,0,0,11,6,2,12,0,0,0,1,12,32680,6,1,6,0,3,3,68,999,0,0,0,0,0,0,0,0,0,0,38,0,0,0,1,2,45,1,1,8,2,0,0,11,15,99,1,1,82,1,0
12,121535,2,2,1,10,9,17,23,12,6,1,0,12,2,2,403,2403,14,2005,1J4HS58N55C6,1,J,4,H,S,5,8,N,5,5,C,6,0,0,0,000000000,00000000000,0,0,0,1,0,0,0,0,0,0,0,33,0,0,0,12,6,2,12,0,0,0,1,12,32693,6,1,0,0,3,0,69,999,0,0,0,0,1,2,2012,2,2012,0,0,0,0,0,1,5,45,1,1,8,2,0,0,1,67,99,1,1,83,0,0
12,121536,1,3,1,11,9,20,20,12,8,1,0,12,1,42,48,42048,4,2009,WDBUF56X89B4,W,D,B,U,F,5,6,X,8,9,B,4,0,0,0,000000000,00000000000,0,0,0,1,0,0,0,0,0,0,0,55,0,0,0,11,6,2,12,0,0,0,1,12,32566,6,1,0,0,3,0,74,999,0,0,0,0,0,0,0,0,0,0,28,36,0,0,2,2,55,1,1,8,1,0,0,1,10,99,1,2,64,0,0
12,121536,2,3,1,11,9,20,20,12,8,1,0,12,2,20,22,20022,4,2008,1G1AL58F1872,1,G,1,A,L,5,8,F,1,8,7,2,0,0,0,000000000,00000000000,0,0,0,1,0,0,0,0,0,0,0,55,0,0,0,9,6,2,12,0,0,0,1,12,32541,6,1,0,0,3,0,64,999,0,0,0,1,0,2,2014,2,2014,0,0,0,0,0,2,2,55,1,1,8,1,0,0,1,62,99,1,1,65,0,0
12,121536,3,3,1,11,9,20,20,12,8,1,0,12,1,12,402,12402,14,2003,1FMYU03143KA,1,F,M,Y,U,0,3,1,4,3,K,A,0,0,0,000000000,00000000000,0,0,0,1,0,0,0,0,0,0,0,55,0,1,5,11,6,2,12,0,0,0,1,12,32566,6,1,0,0,3,3,64,999,0,0,0,1,0,3,2012,3,2012,0,0,0,0,0,2,2,55,1,1,8,1,0,0,1,62,99,1,1,98,1,0
12,121537,1,1,6,12,9,13,15,1,0,1,0,13,2,14,401,14401,14,2003,4M2ZU66K73ZJ,4,M,2,Z,U,6,6,K,7,3,Z,J,0,0,0,000000000,00000000000,0,0,0,1,0,0,0,0,0,0,0,70,0,9,1,0,6,2,1,0,0,0,1,13,31036,6,1,0,0,3,0,66,999,98,0,0,0,0,0,0,0,0,0,6,0,0,0,3,2,70,1,1,8,1,0,0,1,9,6,1,2,98,1,0
12,121538,1,1,1,11,9,19,46,15,0,1,0,12,1,20,36,20036,2,2006,2G1WK1519693,2,G,1,W,K,1,5,1,9,6,9,3,0,0,0,000000000,00000000000,0,0,0,1,0,0,0,0,0,0,0,30,0,0,0,12,2,3,15,0,0,0,1,12,33142,6,1,6,0,3,3,73,999,0,1,0,0,0,7,2012,7,2012,0,0,0,0,0,1,2,30,1,1,8,2,0,0,1,83,99,1,1,13,0,0
12,121539,1,1,1,12,9,8,40,8,0,1,0,12,3,12,481,12481,31,2012,1FDUF5HT2CEA,1,F,D,U,F,5,H,T,2,C,E,A,0,0,0,000000000,00000000000,0,0,0,1,0,0,0,0,0,0,0,25,0,0,0,12,0,5,8,0,0,0,1,12,32712,6,1,6,0,3,0,71,999,0,0,0,0,0,0,0,0,0,0,0,0,0,0,1,2,25,3,1,8,1,0,0,14,80,99,1,1,13,0,0
12,121540,1,3,2,12,9,15,40,12,6,1,0,12,2,55,33,55033,4,2010,5NPET4AC7AH6,5,N,P,E,T,4,A,C,7,A,H,6,0,0,0,000000000,00000000000,0,0,0,1,0,0,0,0,0,0,0,15,0,0,0,3,6,2,12,0,0,0,1,12,34655,6,1,0,0,3,0,64,999,0,0,0,0,0,0,0,0,0,0,38,0,0,0,3,4,45,1,1,8,2,0,0,11,15,99,1,1,68,1,0
12,121540,2,3,1,12,9,15,40,12,6,1,0,12,2,35,39,35039,4,2006,1N4BA41E86C8,1,N,4,B,A,4,1,E,8,6,C,8,0,0,0,000000000,00000000000,0,0,0,1,0,0,0,0,0,0,0,40,0,0,0,12,6,2,12,0,0,0,1,12,34655,6,1,0,0,3,0,68,999,0,0,0,0,0,0,0,0,0,0,0,0,0,0,3,3,45,1,1,8,2,0,0,1,62,99,1,1,69,0,0
12,121540,3,3,4,12,9,15,40,12,6,1,0,12,1,49,40,49040,4,2009,4T1BE46K09U9,4,T,1,B,E,4,6,K,0,9,U,9,0,0,0,000000000,00000000000,0,0,0,1,0,0,0,0,0,0,0,0,0,0,0,12,4,5,12,0,0,0,1,12,34655,6,1,0,0,3,3,64,999,0,0,0,0,0,0,0,0,0,0,0,0,0,0,3,2,15,1,1,8,2,20,3,5,62,99,1,1,98,0,0
12,121541,1,2,1,13,9,20,7,1,0,1,0,12,1,18,5,18005,2,1995,1G4GD2211S47,1,G,4,G,D,2,2,1,1,S,4,7,0,0,0,000000000,00000000000,0,0,0,1,0,0,0,0,0,0,0,50,0,0,0,12,6,2,12,0,0,0,1,12,34748,6,1,0,0,3,3,66,999,0,0,0,0,0,0,0,0,0,0,51,0,0,0,3,2,55,1,1,8,1,0,0,1,54,99,1,1,98,0,0
12,121541,2,2,1,13,9,20,7,1,0,1,0,12,1,37,705,37705,80,2001,JH2RC44621M4,J,H,2,R,C,4,4,6,2,1,M,4,0,0,0,000000000,00000000000,0,0,0,1,0,0,0,0,0,0,0,50,0,0,0,0,6,2,12,0,0,0,1,12,34748,6,1,6,0,3,3,68,999,0,0,0,0,0,0,0,0,0,0,0,0,0,0,3,2,55,1,1,8,1,0,0,1,54,98,1,1,98,1,1
12,121542,1,1,1,13,9,23,20,8,0,1,0,12,1,32,42,32042,4,2002,WAUJT64B52N0,W,A,U,J,T,6,4,B,5,2,N,0,0,0,0,000000000,00000000000,0,0,0,1,0,0,0,0,0,0,0,55,0,0,0,12,4,3,8,0,0,0,1,12,34711,6,1,0,0,3,0,71,999,0,1,0,1,0,3,2013,1,2014,0,0,0,0,0,3,3,55,1,1,8,1,3,3,1,80,99,1,1,13,0,0
12,121543,1,1,1,13,9,6,27,9,0,1,1,99,9,99,999,99999,99,9999,999999999999,9,9,9,9,9,9,9,9,9,9,9,9,0,0,0,000000000,00000000000,0,0,0,1,0,0,0,0,0,0,0,50,0,0,0,12,4,5,9,0,0,0,1,99,99999,9,9,99,9,9,9,999,999,99,99,99,99,99,99,9999,99,9999,0,0,0,0,0,5,5,30,1,1,8,2,0,0,1,83,99,1,1,13,0,0
12,121544,1,1,1,13,9,9,50,33,0,1,0,12,1,53,706,53706,80,1995,JS1VS52A2S21,J,S,1,V,S,5,2,A,2,S,2,1,0,0,0,000000000,00000000000,0,0,0,1,0,0,0,0,0,0,0,40,0,0,0,12,6,2,42,0,0,0,1,12,34232,6,1,0,0,3,3,68,999,0,0,0,0,0,0,0,0,0,0,6,0,0,0,3,2,35,2,1,8,1,0,0,14,12,99,1,4,6,1,1
12,121545,1,9,1,13,9,18,40,25,0,1,0,12,3,82,881,82881,63,2000,1FUYSDYB6YLF,1,F,U,Y,S,D,Y,B,6,Y,L,F,1,1,12,242097,12242097,3,4,1,1,0,0,0,0,0,0,0,60,0,0,0,11,6,2,2,0,0,1,1,12,33440,6,1,6,0,3,3,65,999,0,0,0,0,0,0,0,0,0,0,0,0,0,0,3,4,70,1,1,8,1,0,0,1,12,99,1,4,6,1,0
12,121545,2,9,2,13,9,18,40,25,0,1,0,48,3,35,47,35047,2,2012,1N4AL2AP0CN5,1,N,4,A,L,2,A,P,0,C,N,5,0,0,0,000000000,00000000000,0,0,0,1,0,0,0,0,0,0,0,0,0,0,0,9,4,5,12,0,0,0,1,12,33020,6,1,0,0,3,3,65,999,0,0,0,0,0,0,0,0,0,0,0,0,0,0,3,4,70,1,1,8,1,0,0,5,61,99,1,1,98,0,0
12,121545,3,9,1,13,9,18,40,25,0,1,0,12,1,20,2,20002,4,2014,2G1125S32E91,2,G,1,1,2,5,S,3,2,E,9,1,0,0,0,000000000,00000000000,0,0,0,1,0,0,0,0,0,0,0,0,0,0,0,7,6,2,12,0,0,0,1,12,32141,6,1,0,0,3,0,73,999,0,0,0,0,0,0,0,0,0,0,0,0,0,0,3,4,70,1,1,8,1,0,0,5,61,99,1,1,98,0,0
12,121545,4,9,3,13,9,18,40,25,0,1,0,12,1,20,23,20023,6,2008,3GNDA13D98S5,3,G,N,D,A,1,3,D,9,8,S,5,0,0,0,000000000,00000000000,0,0,0,1,0,0,0,0,0,0,0,0,0,0,0,9,4,5,12,0,0,0,1,12,32780,6,1,0,0,3,0,67,999,0,1,0,0,0,3,2012,3,2012,0,0,0,0,0,3,4,70,1,1,8,1,0,0,5,61,99,1,1,98,0,0
12,121545,5,9,2,13,9,18,40,25,0,1,0,12,1,49,40,49040,4,2004,4T1BE32K34U8,4,T,1,B,E,3,2,K,3,4,U,8,0,0,0,000000000,00000000000,0,0,0,1,0,0,0,0,0,0,0,0,0,0,0,9,6,2,12,0,0,0,1,12,34982,6,1,0,0,3,0,69,999,0,0,0,0,0,0,0,0,0,0,0,0,0,0,3,4,70,1,1,8,1,0,0,5,61,99,1,1,98,0,0
12,121545,6,9,1,13,9,18,40,25,0,1,0,39,3,84,881,84881,63,2010,3HSCUAPR3AN2,3,H,S,C,U,A,P,R,3,A,N,2,1,1,39,251206,39251206,3,4,1,1,0,0,0,0,0,0,0,0,0,0,0,6,6,2,12,0,0,0,1,39,45891,6,1,6,3,3,0,72,999,0,0,0,0,0,0,0,0,0,0,0,0,0,0,3,4,70,1,1,8,1,0,0,5,53,99,1,1,98,0,0
12,121545,7,9,6,13,9,18,40,25,0,1,0,12,2,20,24,20024,6,2011,1GNKREED5BJ4,1,G,N,K,R,E,E,D,5,B,J,4,0,0,0,000000000,00000000000,0,0,0,1,0,0,0,0,0,0,0,0,0,0,0,9,6,2,12,0,0,0,1,12,32771,6,1,0,0,3,3,62,999,0,0,0,0,0,0,0,0,0,0,0,0,0,0,3,4,70,1,1,8,1,0,0,5,61,99,1,1,98,0,0
12,121545,8,9,1,13,9,18,40,25,0,1,0,12,1,37,31,37031,2,2006,2HGFG12866H5,2,H,G,F,G,1,2,8,6,6,H,5,0,0,0,000000000,00000000000,0,0,0,1,0,0,0,0,0,0,0,0,0,0,0,6,6,2,2,0,0,1,1,12,34982,6,1,0,0,3,3,57,999,0,0,0,0,0,0,0,0,0,0,0,0,0,0,3,4,70,1,1,8,1,0,0,5,61,99,1,1,98,0,0
12,121545,9,9,1,13,9,18,40,25,0,1,0,12,1,20,402,20402,14,2003,2CNBE13C6369,2,C,N,B,E,1,3,C,6,3,6,9,0,0,0,000000000,00000000000,0,0,0,1,0,0,0,0,0,0,0,0,0,0,0,6,4,5,54,0,0,0,1,12,32796,6,1,0,0,3,3,68,999,0,0,0,0,0,0,0,0,0,0,0,0,0,0,3,4,70,1,1,8,1,0,0,5,98,99,1,1,98,0,0
12,121546,1,2,1,13,9,3,12,12,6,1,0,12,1,20,461,20461,21,2007,1GAHG39U5711,1,G,A,H,G,3,9,U,5,7,1,1,0,0,0,000000000,00000000000,0,0,0,1,0,0,0,0,0,0,0,45,0,0,0,12,6,2,12,0,0,0,1,12,33412,6,1,0,0,3,0,67,999,0,1,0,0,0,11,2012,11,2012,3,39,0,0,0,3,5,45,1,1,8,2,3,3,11,15,99,1,1,82,1,1
12,121546,2,2,1,13,9,3,12,12,6,1,0,12,1,12,481,12481,42,2014,1FDUF4GT0EEA,1,F,D,U,F,4,G,T,0,E,E,A,0,0,0,000000000,00000000000,0,0,0,1,0,0,0,0,0,0,0,20,0,0,0,9,6,2,12,0,0,0,1,12,33401,1,1,0,0,2,0,72,999,0,2,0,0,0,3,2014,8,2014,0,0,0,0,0,3,3,30,1,1,8,2,3,3,1,66,99,1,1,83,0,0
12,121547,1,1,2,13,9,21,35,8,0,1,0,12,2,7,461,7461,21,2000,2B7JB21Y8YK1,2,B,7,J,B,2,1,Y,8,Y,K,1,0,0,0,000000000,00000000000,0,0,0,1,0,0,0,0,0,0,0,35,0,0,0,12,4,5,8,0,0,0,1,12,34668,6,1,0,0,3,3,70,999,0,0,0,0,0,0,0,0,0,0,0,0,0,0,3,3,45,1,1,8,1,0,0,1,80,99,1,1,13,0,0
12,121548,1,2,1,14,9,0,35,12,1,1,0,12,3,51,881,51881,66,2007,4V4NC9GH27N4,4,V,4,N,C,9,G,H,2,7,N,4,1,1,12,900606,12900606,3,6,1,1,0,0,0,0,0,0,0,2,0,0,0,6,6,2,12,0,0,0,1,12,33174,6,1,6,3,3,3,68,999,0,0,0,0,0,0,0,0,0,0,0,0,0,0,3,5,65,1,1,8,2,0,0,2,53,1,1,1,29,0,0
12,121548,2,2,2,14,9,0,35,12,1,1,0,12,1,49,33,49033,3,1996,JT2DB02T2T00,J,T,2,D,B,0,2,T,2,T,0,0,0,0,0,000000000,00000000000,0,0,0,1,0,0,0,0,0,0,0,60,0,0,0,12,6,2,12,0,0,0,1,12,34952,6,1,0,0,3,0,67,999,0,0,0,2,0,11,2013,6,2014,0,0,0,0,0,3,5,65,1,1,8,2,0,0,1,52,99,1,1,28,1,1
12,121549,1,1,1,14,9,1,45,24,0,1,0,12,2,20,9,20009,2,1994,2G1FP22P7R21,2,G,1,F,P,2,2,P,7,R,2,1,0,0,0,000000000,00000000000,0,0,0,1,0,0,0,0,0,0,0,85,0,1,5,12,6,2,20,0,0,0,1,12,33510,1,1,0,0,2,0,69,999,0,7,0,1,0,10,2013,9,2014,4,0,0,0,0,3,3,55,1,5,8,1,28,3,1,13,99,1,4,1,1,0
12,121550,1,1,1,14,9,23,20,1,0,1,0,12,1,53,706,53706,80,2004,JS1GT75A2421,J,S,1,G,T,7,5,A,2,4,2,1,0,0,0,000000000,00000000000,0,0,0,1,0,0,0,0,0,0,0,100,0,0,0,0,6,2,2,0,0,1,1,12,32526,6,1,0,0,3,0,69,999,0,2,0,0,0,6,2012,11,2013,3,8,0,0,0,5,5,40,1,5,8,1,0,0,1,98,99,3,2,98,1,1
12,121551,1,2,1,14,9,18,9,12,6,1,0,12,1,49,402,49402,14,2008,JTMZD33V9851,J,T,M,Z,D,3,3,V,9,8,5,1,0,0,0,000000000,00000000000,0,0,0,1,0,0,0,0,0,0,0,15,0,0,0,11,6,2,12,0,0,0,1,12,32162,6,1,0,0,3,3,64,999,0,0,0,0,0,0,0,0,0,0,38,0,0,0,1,2,35,1,1,8,1,20,3,1,17,99,1,1,89,0,0
12,121551,2,2,1,14,9,18,9,12,6,1,0,12,2,53,705,53705,80,2006,JS1GN7DAX621,J,S,1,G,N,7,D,A,X,6,2,1,0,0,0,000000000,00000000000,0,0,0,1,0,0,0,0,0,0,0,40,0,0,0,12,6,2,12,0,0,0,1,12,34715,6,1,0,0,3,0,69,999,0,0,0,0,0,0,0,0,0,0,0,0,0,0,3,2,40,1,6,8,1,0,0,1,66,99,1,1,88,1,0
12,121552,1,2,2,14,9,14,55,12,6,1,0,40,3,2,1,2001,6,2014,1C4NJCBAXED8,1,C,4,N,J,C,B,A,X,E,D,8,0,0,0,000000000,00000000000,0,0,0,1,0,0,0,0,0,0,0,0,0,0,0,1,6,2,12,0,0,0,1,95,0,9,9,99,9,9,9,999,999,99,99,99,99,99,99,9999,99,9999,0,6,38,39,0,3,6,98,1,1,8,1,3,3,5,15,1,1,1,74,1,0
12,121552,2,2,1,14,9,14,55,12,6,1,0,12,1,35,47,35047,4,2006,1N4BL11D46C2,1,N,4,B,L,1,1,D,4,6,C,2,0,0,0,000000000,00000000000,0,0,0,1,0,0,0,0,0,0,0,998,0,0,0,12,6,2,12,0,0,0,1,12,32819,6,1,0,0,3,0,66,999,0,0,0,0,0,0,0,0,0,0,0,0,0,0,3,5,98,1,1,8,1,3,3,1,50,4,1,1,74,0,0
12,121553,1,1,1,15,9,12,8,14,0,1,1,12,3,86,884,86884,66,2006,1M1AJ06Y96N0,1,M,1,A,J,0,6,Y,9,6,N,0,1,1,12,620656,12620656,3,6,3,1,0,0,0,0,0,0,0,60,0,0,0,98,4,5,8,0,0,0,1,12,32351,6,1,6,3,3,3,72,999,0,0,0,0,0,0,0,0,0,0,6,0,0,0,3,3,70,1,3,8,2,0,0,1,13,99,1,4,1,0,0
12,121554,1,1,1,15,9,1,40,8,0,1,0,45,3,84,884,84884,62,2014,1HTJSSKHXEH7,1,H,T,J,S,S,K,H,X,E,H,7,0,0,45,601092,45601092,2,1,3,1,0,0,0,0,0,0,0,40,0,0,0,2,4,5,8,0,0,0,1,45,29429,6,1,0,0,3,0,72,191,0,0,0,0,0,0,0,0,0,0,0,0,0,0,3,3,50,1,1,8,1,0,0,1,80,98,1,1,13,0,0
12,121555,1,1,1,15,9,21,0,8,0,1,0,12,1,7,482,7482,31,2013,1C6RR6GP9DS6,1,C,6,R,R,6,G,P,9,D,S,6,0,0,0,000000000,00000000000,0,0,0,1,0,0,0,0,0,0,0,35,0,0,0,12,4,3,8,0,0,0,1,12,32174,6,1,0,0,3,0,69,999,0,0,0,0,1,6,2014,6,2014,0,0,0,0,0,1,2,35,1,1,8,1,0,0,1,80,99,1,1,13,0,0
12,121556,1,1,1,15,9,8,10,32,0,1,0,12,2,21,2,21002,4,1987,1G3CW5134H43,1,G,3,C,W,5,1,3,4,H,4,3,0,0,0,000000000,00000000000,0,0,0,1,0,0,0,0,0,0,0,55,0,1,5,14,6,5,1,0,0,0,1,12,32421,6,1,0,0,3,0,65,999,0,0,0,0,0,0,0,0,0,0,0,0,0,0,1,2,55,2,1,8,1,0,0,14,13,6,1,4,6,1,0
12,121557,1,1,1,16,9,12,32,35,0,1,0,12,1,12,401,12401,14,2002,1FMZU63K12UD,1,F,M,Z,U,6,3,K,1,2,U,D,0,0,0,000000000,00000000000,0,0,0,1,0,0,0,0,0,0,0,60,0,1,5,6,6,2,3,0,0,0,1,12,34972,6,1,0,0,3,0,67,999,0,0,0,0,1,11,2011,11,2011,4,0,0,0,0,1,2,60,1,1,8,6,0,0,1,5,7,3,4,2,1,0
12,121558,1,2,1,16,9,7,43,12,6,1,0,12,3,12,461,12461,21,2008,1FTNE24W88DA,1,F,T,N,E,2,4,W,8,8,D,A,0,0,0,000000000,00000000000,0,0,0,1,0,0,0,0,0,0,0,10,0,0,0,9,6,2,12,0,0,0,1,12,32046,6,1,0,0,3,3,72,999,0,0,0,0,0,0,0,0,0,0,38,0,0,0,2,1,45,1,1,8,1,20,3,11,15,99,1,1,82,1,0
12,121558,2,2,1,16,9,7,43,12,6,1,0,13,3,84,884,84884,66,1999,1HSRSAMR2XH6,1,H,S,R,S,A,M,R,2,X,H,6,1,1,13,8604420,138604420,3,6,1,1,0,0,0,0,0,0,0,45,0,0,0,12,6,2,12,0,0,0,1,13,31567,6,1,6,3,3,0,70,225,98,0,0,0,0,0,0,0,0,0,0,0,0,0,2,3,45,3,1,8,1,0,0,14,66,6,1,1,83,0,0
12,121559,1,1,1,16,9,15,37,15,0,1,0,12,1,49,32,49032,4,2000,2T1BR12E6YC3,2,T,1,B,R,1,2,E,6,Y,C,3,0,0,0,000000000,00000000000,0,0,0,1,0,0,0,0,0,0,0,998,0,0,0,98,9,3,15,0,0,0,1,12,34952,6,1,0,0,3,0,62,999,0,0,0,0,0,0,0,0,0,0,0,0,0,0,3,3,35,3,1,8,1,97,8,17,83,99,1,1,13,0,0
12,121560,1,2,1,16,9,12,51,12,6,1,0,12,1,20,20,20020,4,1996,2G1WL52M2T91,2,G,1,W,L,5,2,M,2,T,9,1,0,0,0,000000000,00000000000,0,0,0,1,0,0,0,0,0,0,0,20,0,0,0,1,6,2,12,0,0,0,1,12,33511,6,1,0,0,3,0,72,999,0,0,0,0,0,0,0,0,0,0,38,0,0,0,3,2,50,1,1,8,1,28,3,11,15,99,1,1,84,1,0