STATE,ST_CASE,VEH_NO,VE_FORMS,NUMOCCS,DAY,MONTH,HOUR,MINUTE,HARM_EV,MAN_COLL,UNITTYPE,HIT_RUN,REG_STAT,OWNER,MAKE,MODEL,MAK_MOD,BODY_TYP,MOD_YEAR,VIN,VIN_1,VIN_2,VIN_3,VIN_4,VIN_5,VIN_6,VIN_7,VIN_8,VIN_9,VIN_10,VIN_11,VIN_12,TOW_VEH,J_KNIFE,MCARR_I1,MCARR_I2,MCARR_ID,GVWR,V_CONFIG,CARGO_BT,HAZ_INV,HAZ_PLAC,HAZ_ID,HAZ_CNO,HAZ_REL,BUS_USE,SPEC_USE,EMER_USE,TRAV_SP,UNDERIDE,ROLLOVER,ROLINLOC,IMPACT1,DEFORMED,TOWED,M_HARM,VEH_SC1,VEH_SC2,FIRE_EXP,DR_PRES,L_STATE,DR_ZIP,L_STATUS,L_TYPE,CDL_STAT,L_ENDORS,L_COMPL,L_RESTRI,DR_HGT,DR_WGT,PREV_ACC,PREV_SUS,PREV_DWI,PREV_SPD,PREV_OTH,FIRST_MO,FIRST_YR,LAST_MO,LAST_YR,SPEEDREL,DR_SF1,DR_SF2,DR_SF3,DR_SF4,VTRAFWAY,VNUM_LAN,VSPD_LIM,VALIGN,VPROFILE,VPAVETYP,VSURCOND,VTRAFCON,VTCONT_F,P_CRASH1,P_CRASH2,P_CRASH3,PCRASH4,PCRASH5,ACC_TYPE,DEATHS,DR_DRINK
12,121560,2,2,1,16,9,12,51,12,6,1,0,12,2,42,45,42045,1,2010,WDBWK5JA6AF2,W,D,B,W,K,5,J,A,6,A,F,2,0,0,0,000000000,00000000000,0,0,0,1,0,0,0,0,0,0,0,40,0,0,0,12,6,2,12,0,0,0,1,12,33647,6,1,0,0,3,3,64,999,0,0,0,0,0,0,0,0,0,0,0,0,0,0,2,2,50,1,1,8,1,0,0,1,66,99,1,1,84,0,0
12,121561,1,1,1,16,9,16,0,23,0,1,0,12,2,12,471,12471,30,2003,1FTYR14U43PB,1,F,T,Y,R,1,4,U,4,3,P,B,0,0,0,000000000,00000000000,0,0,0,1,0,0,0,0,0,0,0,70,0,0,0,1,6,2,23,0,0,0,1,12,33742,6,1,0,0,3,0,62,999,0,0,0,0,0,0,0,0,0,0,0,0,0,0,6,2,70,1,1,8,1,0,0,1,8,99,1,4,1,1,0
12,121562,1,1,1,17,9,5,45,8,0,1,0,1,1,12,481,12481,31,2003,1FTRX17233NA,1,F,T,R,X,1,7,2,3,3,N,A,0,0,0,000000000,00000000000,0,0,0,1,0,0,0,0,0,0,0,40,0,0,0,12,6,2,8,0,0,0,1,1,36580,6,1,0,0,3,3,71,218,0,0,0,1,0,9,2011,9,2011,0,0,0,0,0,5,7,40,1,1,8,1,0,0,1,80,99,1,1,13,0,0
12,121563,1,4,4,17,9,12,19,12,1,1,0,12,2,20,431,20431,16,2001,3GNFK16TX1G2,3,G,N,F,K,1,6,T,X,1,G,2,0,0,0,000000000,00000000000,0,0,0,1,0,0,0,0,0,0,0,60,0,0,0,12,6,2,12,0,0,0,1,48,77002,0,0,0,0,0,0,999,999,0,0,0,0,0,0,0,0,0,0,6,0,0,0,3,3,70,1,5,8,2,0,0,1,52,1,1,1,28,0,0
12,121563,2,4,4,17,9,12,19,12,1,1,0,12,2,6,441,6441,20,2003,2C4GP54L13R1,2,C,4,G,P,5,4,L,1,3,R,1,0,0,0,000000000,00000000000,0,0,0,1,0,0,0,0,0,0,0,20,0,0,0,6,6,2,12,0,0,0,1,12,32920,6,1,6,0,3,3,72,999,0,0,0,0,0,0,0,0,0,0,0,0,0,0,3,3,70,1,5,8,2,0,0,2,53,1,1,1,29,1,0
12,121563,3,4,1,17,9,12,19,12,1,1,0,12,1,20,441,20441,20,2003,1GNDM19X83B1,1,G,N,D,M,1,9,X,8,3,B,1,0,0,0,000000000,00000000000,0,0,0,1,0,0,0,0,0,0,0,20,0,0,0,6,4,5,12,0,0,0,1,12,33618,6,1,0,0,3,3,69,999,0,0,0,0,0,0,0,0,0,0,0,0,0,0,3,3,70,1,5,8,2,0,0,2,53,1,1,1,98,0,0
12,121563,4,4,1,17,9,12,19,12,1,1,0,12,1,49,46,49046,5,2008,JTDKB20U5877,J,T,D,K,B,2,0,U,5,8,7,7,0,0,0,000000000,00000000000,0,0,0,1,0,0,0,0,0,0,0,20,0,0,0,6,4,5,12,0,0,0,1,12,33774,6,1,0,0,3,3,64,999,0,0,0,0,0,0,0,0,0,0,0,0,0,0,3,3,70,1,5,8,2,0,0,2,53,1,1,1,98,0,0
12,121564,1,3,2,17,9,17,21,12,6,1,0,12,2,49,482,49482,31,2003,5TBRT34183S4,5,T,B,R,T,3,4,1,8,3,S,4,0,0,0,000000000,00000000000,0,0,0,1,0,0,0,0,0,0,0,70,0,0,0,8,6,2,12,0,0,0,1,12,33313,1,1,0,0,2,0,71,999,0,2,0,0,1,5,2013,6,2013,0,6,0,0,0,3,3,70,1,1,8,2,0,0,1,10,99,3,2,64,0,1
12,121564,2,3,1,17,9,17,21,12,6,1,0,12,2,49,50,49050,3,2007,JTKDE1775702,J,T,K,D,E,1,7,7,5,7,0,2,0,0,0,000000000,00000000000,0,0,0,1,0,0,0,0,0,0,0,70,0,0,0,12,6,2,12,0,0,0,1,12,34997,6,1,0,0,3,0,61,999,0,0,0,0,1,5,2013,5,2013,0,0,0,0,0,3,3,70,1,1,8,2,0,0,1,62,1,1,1,65,1,0
12,121564,3,3,1,17,9,17,21,12,6,1,0,12,1,55,33,55033,4,2008,5NPET46C88H3,5,N,P,E,T,4,6,C,8,8,H,3,0,0,0,000000000,00000000000,0,0,0,1,0,0,0,0,0,0,0,70,0,0,0,12,6,2,12,0,0,0,1,12,33410,6,1,0,0,3,3,63,999,0,0,0,0,0,0,0,0,0,0,0,0,0,0,3,3,70,1,1,8,2,0,0,1,62,7,1,2,98,0,0
12,121565,1,2,2,18,9,17,32,12,6,1,0,12,1,7,442,7442,20,2000,2B4GP44G7YR5,2,B,4,G,P,4,4,G,7,Y,R,5,0,0,0,000000000,00000000000,0,0,0,1,0,0,0,0,0,0,0,999,0,0,0,3,6,2,12,0,0,0,1,12,33467,6,1,0,0,3,3,69,999,0,0,0,0,0,0,0,0,0,0,0,0,0,0,3,3,50,1,1,8,1,3,3,11,15,99,1,1,68,0,0
12,121565,2,2,1,18,9,17,32,12,6,1,0,12,2,37,703,37703,80,2013,MLHMC4109D53,M,L,H,M,C,4,1,0,9,D,5,3,0,0,0,000000000,00000000000,0,0,0,1,0,0,0,0,0,0,0,999,0,0,0,12,6,2,12,0,0,0,1,12,33415,6,1,0,0,3,3,68,999,0,0,0,0,0,0,0,0,0,3,0,0,0,0,3,3,50,1,1,8,1,3,3,1,62,99,1,1,69,1,0
12,121566,1,2,1,18,9,17,42,12,6,1,0,12,1,12,17,12017,4,2006,1FAFP53UX6A2,1,F,A,F,P,5,3,U,X,6,A,2,0,0,0,000000000,00000000000,0,0,0,1,0,0,0,0,0,0,0,15,0,0,0,9,6,2,12,0,0,0,1,12,33563,6,1,0,0,3,0,68,999,0,0,0,0,0,0,0,0,0,0,38,0,0,0,1,2,35,1,1,8,1,20,3,11,15,99,1,1,82,1,0
12,121566,2,2,1,18,9,17,42,12,6,1,0,12,1,18,401,18401,14,2003,3G5DA03E43S6,3,G,5,D,A,0,3,E,4,3,S,6,0,0,0,000000000,00000000000,0,0,0,1,0,0,0,0,0,0,0,80,0,0,0,12,6,2,12,0,0,0,1,12,33594,6,1,0,0,3,3,71,999,0,0,0,0,0,0,0,0,0,0,0,0,0,0,3,2,60,1,1,8,1,0,0,1,67,2,1,1,83,0,0
12,121567,1,3,1,19,9,17,2,72,0,1,0,12,3,85,881,85881,63,2004,1NKDXUTX94J0,1,N,K,D,X,U,T,X,9,4,J,0,0,0,12,816126,12816126,3,2,98,1,0,0,0,0,0,0,0,60,0,0,0,0,6,2,72,0,0,0,1,12,32117,6,1,6,0,3,0,71,999,0,1,0,0,0,12,2011,12,2011,0,80,0,0,0,3,3,70,1,6,8,1,0,0,1,98,99,1,1,0,0,0
12,121567,2,3,2,19,9,17,2,72,0,1,0,12,2,52,46,52046,4,2005,JA3AJ26E45U0,J,A,3,A,J,2,6,E,4,5,U,0,0,0,0,000000000,00000000000,0,0,0,1,0,0,0,0,0,0,0,70,0,0,0,13,6,2,54,0,0,0,1,12,32082,6,1,0,0,3,3,77,999,0,0,0,0,0,0,0,0,0,0,0,0,0,0,3,3,70,1,6,8,1,0,0,1,98,99,1,1,98,1,0
12,121567,3,3,2,19,9,17,2,72,0,1,0,47,2,67,32,67032,3,2013,JTKJF5C75D30,J,T,K,J,F,5,C,7,5,D,3,0,0,0,0,000000000,00000000000,0,0,0,1,0,0,0,0,0,0,0,70,0,0,0,4,2,5,54,0,0,0,1,12,32127,6,1,0,0,3,0,74,999,0,0,0,0,0,0,0,0,0,0,0,0,0,0,3,3,70,1,6,8,1,0,0,1,98,99,1,1,98,0,0
12,121568,1,2,1,20,9,8,20,12,6,1,0,12,3,20,2,20002,4,2009,2G1WT57K2912,2,G,1,W,T,5,7,K,2,9,1,2,0,0,0,000000000,00000000000,0,0,0,1,0,0,0,0,0,0,0,45,0,0,0,9,6,2,12,0,0,0,1,12,32226,6,1,0,0,3,0,71,999,0,0,0,0,1,8,2014,8,2014,0,0,0,0,0,2,2,45,1,5,8,2,0,0,99,12,99,1,4,64,1,0
12,121568,2,2,1,20,9,8,20,12,6,1,0,12,4,6,441,6441,20,2013,2C4RC1BGXDR6,2,C,4,R,C,1,B,G,X,D,R,6,0,0,0,000000000,00000000000,0,0,0,1,0,0,0,0,0,0,0,60,0,0,0,12,6,2,12,0,0,0,1,6,92603,6,1,0,0,3,0,66,200,0,0,0,0,0,0,0,0,0,0,0,0,0,0,2,2,45,1,6,8,2,0,0,1,62,99,1,1,65,0,0
12,121569,1,3,1,20,9,0,46,12,1,1,0,12,1,35,39,35039,4,2004,1N4BA41E54C8,1,N,4,B,A,4,1,E,5,4,C,8,0,0,0,000000000,00000000000,0,0,0,1,0,0,0,0,0,0,0,50,0,0,0,12,2,3,12,0,0,0,1,12,33714,6,1,0,0,3,0,66,999,0,0,0,0,0,0,0,0,0,0,6,0,0,0,3,5,50,1,1,8,2,0,0,1,51,99,1,1,24,0,0
12,121569,2,3,1,20,9,0,46,12,1,1,0,12,2,98,709,98709,88,2014,LHJTLBBN3EB0,L,H,J,T,L,B,B,N,3,E,B,0,0,0,0,000000000,00000000000,0,0,0,1,0,0,0,0,0,0,0,50,0,0,0,6,6,8,12,0,0,0,1,12,33771,1,1,0,0,2,0,71,999,0,1,0,0,0,12,2013,12,2013,0,0,0,0,0,3,5,50,1,1,8,2,0,0,1,53,99,1,1,25,1,1
12,121569,3,3,1,20,9,0,46,12,1,1,1,99,9,99,999,99999,99,9999,999999999999,9,9,9,9,9,9,9,9,9,9,9,9,0,0,0,000000000,00000000000,0,0,0,1,0,0,0,0,0,0,0,50,0,0,0,98,8,5,12,0,0,0,1,99,99999,9,9,99,9,9,9,999,999,99,99,99,99,99,99,9999,99,9999,0,0,0,0,0,3,5,50,1,1,8,2,0,0,1,61,99,1,1,98,0,0
12,121570,1,2,2,20,9,11,48,12,6,1,0,12,2,20,2,20002,4,2005,2G1WF52E4593,2,G,1,W,F,5,2,E,4,5,9,3,0,0,0,000000000,00000000000,0,0,0,1,0,0,0,0,0,0,0,45,0,0,0,12,6,2,12,0,0,0,1,12,34667,6,1,0,0,3,3,64,999,0,5,0,0,2,9,2011,6,2014,0,38,0,0,0,1,2,45,1,1,8,1,20,3,1,17,99,1,1,88,0,0
12,121570,2,2,4,20,9,11,48,12,6,1,0,12,2,12,442,12442,20,2002,2FMZA51402BB,2,F,M,Z,A,5,1,4,0,2,B,B,0,0,0,000000000,00000000000,0,0,0,1,0,0,0,0,0,0,0,50,0,1,2,9,6,2,1,0,0,0,1,12,34654,6,1,6,0,3,3,65,999,0,0,0,0,0,0,0,0,0,0,0,0,0,0,2,3,50,1,1,8,1,0,0,1,66,99,1,1,89,1,0
12,121571,1,1,1,20,9,2,53,18,0,1,0,12,1,49,33,49033,3,2001,JTDDR32T5100,J,T,D,D,R,3,2,T,5,1,0,0,0,0,0,000000000,00000000000,0,0,0,1,0,0,0,0,0,0,0,70,0,1,5,12,6,8,1,0,0,0,1,12,33624,6,1,0,0,3,3,66,999,1,0,0,2,0,1,2014,5,2014,0,6,0,0,0,3,2,45,2,6,8,2,0,0,6,13,99,1,4,1,1,1
12,121572,1,1,1,21,9,0,34,8,0,1,1,99,9,99,999,99999,99,9999,999999999999,9,9,9,9,9,9,9,9,9,9,9,9,0,0,0,000000000,00000000000,0,0,0,1,0,0,0,0,0,0,0,70,0,0,0,98,0,5,8,0,0,0,1,99,99999,9,9,99,9,9,9,999,999,99,99,99,99,99,99,9999,99,9999,0,0,0,0,0,3,2,70,1,1,8,1,0,0,1,80,99,1,1,13,0,0
12,121573,1,1,1,21,9,11,10,42,0,1,0,12,2,12,481,12481,31,2005,1FTRF122X5NB,1,F,T,R,F,1,2,2,X,5,N,B,0,0,0,000000000,00000000000,0,0,0,1,0,0,0,0,0,0,0,55,0,0,0,3,6,2,42,0,0,0,1,12,32565,6,1,0,0,3,0,60,999,0,0,0,1,1,7,2012,2,2013,0,6,0,0,0,1,2,55,3,6,2,1,0,0,14,13,6,4,4,6,1,0
12,121574,1,1,4,21,9,3,22,8,0,1,0,12,2,19,18,19018,4,2010,1G6DJ5EV3A01,1,G,6,D,J,5,E,V,3,A,0,1,0,0,0,000000000,00000000000,0,0,0,1,0,0,0,0,0,0,0,998,0,0,0,12,4,3,8,0,0,0,1,12,32304,6,1,0,0,3,0,73,999,0,1,0,0,0,3,2012,3,2012,0,0,0,0,0,3,3,35,1,1,8,1,0,0,1,80,99,1,1,13,0,0
12,121575,1,2,1,22,9,21,55,12,6,1,0,91,1,53,733,53733,90,1998,999999999999,9,9,9,9,9,9,9,9,9,9,9,9,0,0,0,000000000,00000000000,0,0,0,1,0,0,0,0,0,0,0,5,0,1,1,3,6,2,12,0,0,0,1,12,33540,1,1,0,0,2,0,72,999,0,2,0,1,0,11,2012,8,2014,0,0,0,0,0,5,2,5,1,1,8,1,0,0,11,15,99,1,1,68,1,0
12,121575,2,2,1,22,9,21,55,12,6,1,0,12,1,82,881,82881,63,2004,1FUJA6CV44LL,1,F,U,J,A,6,C,V,4,4,L,L,1,1,12,360109,12360109,3,4,1,1,0,0,0,0,0,0,0,65,0,0,0,12,2,5,12,0,0,0,1,12,33714,6,1,6,3,3,3,66,999,1,0,0,0,0,8,2014,8,2014,0,0,0,0,0,5,2,65,1,1,8,1,0,0,1,62,99,1,1,69,0,0
12,121576,1,2,1,22,9,4,30,12,8,1,0,12,1,35,47,35047,4,2012,1N4AL2APXCN4,1,N,4,A,L,2,A,P,X,C,N,4,0,0,0,000000000,00000000000,0,0,0,1,0,0,0,0,0,0,0,70,0,0,0,11,6,2,12,0,0,0,1,12,33647,6,1,0,0,3,0,68,999,0,1,0,0,0,6,2012,6,2012,0,51,0,0,0,3,2,70,1,1,8,1,0,0,1,10,99,1,2,64,1,1
12,121576,2,2,1,22,9,4,30,12,8,1,0,17,3,51,881,51881,63,2012,4V4NC9TJ6CN5,4,V,4,N,C,9,T,J,6,C,N,5,1,1,17,758399,17758399,3,4,1,1,0,0,0,0,0,0,0,70,0,0,0,11,6,2,12,0,0,0,1,12,34983,6,1,6,0,3,0,73,999,0,0,0,0,0,0,0,0,0,0,0,0,0,0,3,2,70,1,1,8,1,0,0,1,62,7,1,1,65,0,0
12,121577,1,1,4,23,9,6,45,8,0,1,0,12,1,7,442,7442,20,2008,2D8HN44H68R6,2,D,8,H,N,4,4,H,6,8,R,6,0,0,0,000000000,00000000000,0,0,0,1,0,0,0,0,0,0,0,45,0,0,0,12,4,3,8,0,0,0,1,12,32210,6,1,0,0,3,0,69,999,0,1,0,0,0,1,2013,1,2013,0,0,0,0,0,3,2,45,1,1,8,2,0,0,1,80,6,1,2,13,0,0
12,121578,1,2,1,23,9,19,40,12,6,1,0,12,1,23,471,23471,30,2003,1GTCS19X0381,1,G,T,C,S,1,9,X,0,3,8,1,0,0,0,000000000,00000000000,0,0,0,1,0,0,0,0,0,0,0,15,0,0,0,9,6,2,12,0,0,0,1,12,32668,3,1,0,0,2,3,70,999,0,0,0,0,0,0,0,0,0,0,38,0,0,0,1,2,45,1,1,8,1,20,3,1,17,99,1,1,89,1,1
12,121578,2,2,1,23,9,19,40,12,6,1,0,12,1,82,884,82884,66,1998,1FUPCSZB3WL8,1,F,U,P,C,S,Z,B,3,W,L,8,1,1,12,314990,12314990,3,6,1,1,0,0,0,0,0,0,0,45,0,0,0,12,6,2,12,0,0,0,1,12,32210,6,1,6,0,3,0,66,999,0,0,0,0,0,0,0,0,0,0,0,0,0,0,3,3,45,1,1,8,1,0,0,1,66,6,1,1,88,0,0
12,121579,1,1,1,23,9,99,99,34,0,1,0,12,2,49,471,49471,30,1986,JT4RN50RXG01,J,T,4,R,N,5,0,R,X,G,0,1,0,0,0,000000000,00000000000,0,0,0,1,0,0,0,0,0,0,0,52,0,0,0,12,6,2,42,0,0,0,1,12,32324,6,1,0,0,3,0,71,999,0,0,0,0,0,0,0,0,0,0,39,0,0,0,1,2,45,1,1,8,1,20,3,1,13,99,1,4,1,1,0
12,121580,1,2,2,23,9,18,25,59,0,1,0,12,2,24,7,24007,4,2007,1G8AL58B17Z1,1,G,8,A,L,5,8,B,1,7,Z,1,0,0,0,000000000,00000000000,0,0,0,1,0,0,0,0,0,0,0,40,0,0,0,3,6,2,12,0,0,0,1,12,33169,6,1,0,0,3,0,74,999,0,0,0,0,0,0,0,0,0,4,0,0,0,0,2,2,40,3,1,8,2,0,0,14,6,99,4,4,7,2,0
12,121580,2,2,1,23,9,18,25,59,0,1,0,12,1,37,421,37421,15,2011,5FNYF3H71BB0,5,F,N,Y,F,3,H,7,1,B,B,0,0,0,0,000000000,00000000000,0,0,0,1,0,0,0,0,0,0,0,20,0,0,0,12,6,2,12,0,0,0,1,12,34741,6,1,0,0,3,0,69,999,0,0,0,0,0,0,0,0,0,0,0,0,0,0,2,2,40,2,1,8,2,0,0,14,62,99,1,1,98,0,0
12,121581,1,2,1,23,9,10,33,12,1,1,0,12,1,12,17,12017,4,1990,1FACP50U6LA1,1,F,A,C,P,5,0,U,6,L,A,1,0,0,0,000000000,00000000000,0,0,0,1,0,0,0,0,0,0,0,35,0,0,0,12,6,2,12,0,0,0,1,12,32405,0,0,0,0,0,0,999,999,0,0,0,0,0,0,0,0,0,0,0,0,0,0,3,2,45,1,1,8,1,0,0,1,52,99,1,1,28,1,0
12,121581,2,2,1,23,9,10,33,12,1,1,0,12,1,12,401,12401,14,2002,1FMZU75E42ZA,1,F,M,Z,U,7,5,E,4,2,Z,A,0,0,0,000000000,00000000000,0,0,0,1,0,0,0,0,0,0,0,35,0,0,0,6,6,2,12,0,0,0,1,12,32444,1,1,0,0,2,3,65,999,0,2,0,0,0,1,2014,5,2014,0,0,0,0,0,3,2,45,1,1,8,1,0,0,2,53,99,1,1,29,0,0
12,121582,1,3,1,24,9,10,40,23,0,1,0,12,1,73,703,73703,80,2007,JKAEXMF157DA,J,K,A,E,X,M,F,1,5,7,D,A,0,0,0,000000000,00000000000,0,0,0,1,0,0,0,0,0,0,0,45,0,0,0,12,4,3,23,0,0,0,1,12,33317,6,1,0,0,3,0,70,999,0,0,0,0,0,0,0,0,0,4,0,0,0,0,6,2,45,3,6,8,1,0,0,14,13,99,1,4,1,1,1
12,121582,2,3,1,24,9,10,40,23,0,1,0,12,1,30,52,30052,4,2013,1VWCH7A30DC0,1,V,W,C,H,7,A,3,0,D,C,0,0,0,0,000000000,00000000000,0,0,0,1,0,0,0,0,0,0,0,65,0,0,0,12,2,3,12,0,0,0,1,12,33165,6,1,0,0,3,0,66,999,1,1,0,1,0,9,2012,6,2014,0,0,0,0,0,3,3,65,1,1,8,1,0,0,1,98,99,1,1,98,0,0
12,121582,3,3,1,24,9,10,40,23,0,1,0,12,1,85,881,85881,63,1996,1XKAD69X7TJ6,1,X,K,A,D,6,9,X,7,T,J,6,1,1,12,1772447,121772447,3,4,1,1,0,0,0,0,0,0,0,60,0,0,0,14,0,5,12,0,0,0,1,12,33027,6,1,6,3,3,0,67,999,0,1,0,0,0,8,2014,8,2014,0,0,0,0,0,3,3,65,1,1,8,1,0,0,1,98,99,1,1,98,0,0
12,121583,1,1,1,24,9,23,55,34,0,1,0,12,2,55,401,55401,14,2001,KM8SC83D41U0,K,M,8,S,C,8,3,D,4,1,U,0,0,0,0,000000000,00000000000,0,0,0,1,0,0,0,0,0,0,0,57,0,0,0,9,6,2,42,0,0,0,1,13,31605,6,1,0,0,3,3,65,999,98,5,2,0,0,8,2012,3,2013,0,28,0,0,0,1,2,50,3,1,2,1,0,0,14,10,7,3,4,1,1,1
12,121584,1,2,1,24,9,21,49,12,6,1,0,12,2,20,431,20431,16,2003,1GNEC16ZX3J2,1,G,N,E,C,1,6,Z,X,3,J,2,0,0,0,000000000,00000000000,0,0,0,1,0,0,0,0,0,0,0,10,0,0,0,8,6,2,12,0,0,0,1,12,32183,6,7,0,0,3,0,64,999,0,0,0,0,0,0,0,0,0,0,38,0,0,0,1,2,15,1,1,8,1,20,3,11,15,99,1,1,82,0,0
12,121584,2,2,1,24,9,21,49,12,6,1,0,12,2,72,706,72706,80,2005,1HD1BXB1X5Y0,1,H,D,1,B,X,B,1,X,5,Y,0,0,0,0,000000000,00000000000,0,0,0,1,0,0,0,0,0,0,0,40,0,0,0,12,6,2,12,0,0,0,1,12,34471,6,1,0,0,3,0,70,999,0,0,0,0,0,0,0,0,0,0,0,0,0,0,1,2,40,1,1,8,1,0,0,1,67,99,1,1,83,1,0
12,121585,1,2,1,25,9,19,48,8,0,1,0,12,1,7,461,7461,21,1997,2B6HB21X6VK6,2,B,6,H,B,2,1,X,6,V,K,6,0,0,0,000000000,00000000000,0,0,0,1,0,0,0,0,0,0,0,25,0,0,0,12,2,5,8,0,0,0,1,12,33610,6,1,0,0,3,0,69,999,0,0,0,0,0,0,0,0,0,0,0,0,0,0,1,2,45,1,1,8,2,0,0,1,80,99,1,1,13,0,0
12,121585,2,2,3,25,9,19,48,8,0,1,0,12,1,49,482,49482,31,2002,5TBBT44162S2,5,T,B,B,T,4,4,1,6,2,S,2,0,0,0,000000000,00000000000,0,0,0,1,0,0,0,0,0,0,0,35,0,0,0,12,2,5,8,0,0,0,1,12,33510,6,1,0,0,3,0,64,999,0,0,0,0,0,0,0,0,0,0,0,0,0,0,1,2,45,1,1,8,2,0,0,1,80,99,1,1,98,0,0
12,121586,1,1,1,25,9,2,22,8,0,1,1,12,9,41,53,41053,5,2007,JM3ER2935701,J,M,3,E,R,2,9,3,5,7,0,1,0,0,0,000000000,00000000000,0,0,0,1,0,0,0,0,0,0,0,50,0,0,0,12,4,5,8,0,0,0,1,99,99999,9,9,99,9,9,9,999,999,99,99,99,99,99,99,9999,99,9999,0,0,0,0,0,3,5,50,1,1,8,1,0,0,1,80,99,1,1,13,0,0
12,121587,1,1,1,25,9,20,30,8,0,1,0,12,1,20,471,20471,30,1996,1GCCS1443TK1,1,G,C,C,S,1,4,4,3,T,K,1,0,0,0,000000000,00000000000,0,0,0,1,0,0,0,0,0,0,0,40,0,0,0,12,4,3,8,0,0,0,1,12,32502,6,1,0,0,3,0,72,999,0,1,0,0,1,10,2013,5,2014,0,0,0,0,0,5,5,40,1,1,8,1,0,0,1,80,99,1,1,13,0,0
12,121588,1,1,1,26,9,4,27,43,0,1,0,1,1,12,3,12003,2,2008,1ZVHT80N8851,1,Z,V,H,T,8,0,N,8,8,5,1,0,0,0,000000000,00000000000,0,0,0,1,0,0,0,0,0,0,0,55,0,0,0,12,6,2,42,0,0,0,1,1,36562,6,1,0,0,3,0,71,180,0,1,1,0,1,4,2012,11,2013,0,0,0,0,0,1,2,55,3,1,8,1,0,0,14,13,99,1,4,1,1,1
12,121589,1,1,1,26,9,2,30,42,0,1,0,12,1,41,51,41051,5,2012,JM1BL1M76C16,J,M,1,B,L,1,M,7,6,C,1,6,0,0,0,000000000,00000000000,0,0,0,1,0,0,0,0,0,0,0,45,0,1,5,11,6,2,1,0,0,0,1,12,33155,6,1,0,0,3,0,65,999,1,0,0,0,0,1,2013,1,2013,0,6,0,0,0,6,1,60,2,6,8,1,0,0,14,12,99,3,4,7,1,0
12,121590,1,2,1,26,9,16,5,12,6,1,0,12,1,98,709,98709,80,2000,LXYPCML0970K,L,X,Y,P,C,M,L,0,9,7,0,K,0,0,0,000000000,00000000000,0,0,0,1,0,0,0,0,0,0,0,20,0,0,0,4,6,2,12,0,0,0,1,12,33705,3,1,0,0,2,0,69,999,0,3,0,0,0,12,2013,4,2014,0,38,0,0,0,2,2,25,1,1,8,1,20,3,1,17,99,1,1,87,1,0
12,121590,2,2,1,26,9,16,5,12,6,1,0,12,1,35,401,35401,14,2004,JN8DR09X24W8,J,N,8,D,R,0,9,X,2,4,W,8,0,0,0,000000000,00000000000,0,0,0,1,0,0,0,0,0,0,0,30,0,0,0,12,4,5,12,0,0,0,1,12,33782,6,1,0,0,3,3,62,999,0,0,0,0,0,0,0,0,0,0,0,0,0,0,2,4,40,1,1,8,1,0,0,1,66,99,1,1,86,0,0
12,121591,1,2,2,27,9,21,0,12,1,1,0,12,1,76,706,76706,80,2009,JYAVP27E99A0,J,Y,A,V,P,2,7,E,9,9,A,0,0,0,0,000000000,00000000000,0,0,0,1,0,0,0,0,0,0,0,60,0,0,0,12,6,2,12,0,0,0,1,12,34946,6,1,0,0,3,3,67,999,0,0,0,0,0,0,0,0,0,0,6,0,0,0,3,2,40,1,1,8,1,0,0,1,51,99,1,1,24,2,1
12,121591,2,2,3,27,9,21,0,12,1,1,0,12,3,23,461,23461,21,2003,1GTHG35U0311,1,G,T,H,G,3,5,U,0,3,1,1,0,0,0,000000000,00000000000,0,0,0,1,0,0,0,0,0,0,0,40,0,0,0,6,4,3,12,0,0,0,1,25,2720,3,1,0,0,2,0,71,999,0,0,0,0,0,0,0,0,0,0,0,0,0,0,3,2,40,1,1,8,1,0,0,1,53,99,1,1,25,0,0
12,121592,1,1,1,27,9,6,55,8,0,1,0,12,2,20,421,20421,15,2003,1GNEC13Z73R1,1,G,N,E,C,1,3,Z,7,3,R,1,0,0,0,000000000,00000000000,0,0,0,1,0,0,0,0,0,0,0,30,0,0,0,12,4,3,8,0,0,0,1,12,33971,6,1,0,0,3,3,67,999,0,0,0,3,0,6,2013,9,2013,0,6,0,0,0,1,2,30,1,1,8,1,0,0,1,80,7,1,1,13,0,0
12,121593,1,1,4,27,9,2,0,42,0,1,0,12,2,35,47,35047,4,2008,1N4AL21E28C2,1,N,4,A,L,2,1,E,2,8,C,2,0,0,0,000000000,00000000000,0,0,0,1,0,0,0,0,0,0,0,60,0,0,0,7,6,2,42,0,0,0,1,12,34736,6,1,0,0,3,0,73,999,0,0,0,0,0,0,0,0,0,0,39,0,0,0,1,2,45,1,1,8,1,20,3,1,13,99,1,4,1,1,1
12,121594,1,1,1,27,9,21,55,8,0,1,0,12,2,63,401,63401,14,2006,KNDJF7247672,K,N,D,J,F,7,2,4,7,6,7,2,0,0,0,000000000,00000000000,0,0,0,1,0,0,0,0,0,0,0,40,0,0,0,12,4,3,8,0,0,0,1,12,32317,6,1,0,0,3,0,68,999,0,0,0,0,0,0,0,0,0,0,0,0,0,0,1,2,45,1,1,8,1,0,0,1,80,99,1,1,13,0,0
12,121595,1,1,2,28,9,21,30,43,0,1,0,12,2,20,4,20004,2,2000,1G1YY22G4Y51,1,G,1,Y,Y,2,2,G,4,Y,5,1,0,0,0,000000000,00000000000,0,0,0,1,0,0,0,0,0,0,0,85,0,0,0,9,6,2,42,0,0,0,1,12,32962,6,1,0,0,3,0,71,999,0,0,0,0,0,0,0,0,0,0,6,0,0,0,1,2,35,2,1,8,1,0,0,14,13,6,4,4,7,1,1