STATE,ST_CASE,VEH_NO,VE_FORMS,NUMOCCS,DAY,MONTH,HOUR,MINUTE,HARM_EV,MAN_COLL,UNITTYPE,HIT_RUN,REG_STAT,OWNER,MAKE,MODEL,MAK_MOD,BODY_TYP,MOD_YEAR,VIN,VIN_1,VIN_2,VIN_3,VIN_4,VIN_5,VIN_6,VIN_7,VIN_8,VIN_9,VIN_10,VIN_11,VIN_12,TOW_VEH,J_KNIFE,MCARR_I1,MCARR_I2,MCARR_ID,GVWR,V_CONFIG,CARGO_BT,HAZ_INV,HAZ_PLAC,HAZ_ID,HAZ_CNO,HAZ_REL,BUS_USE,SPEC_USE,EMER_USE,TRAV_SP,UNDERIDE,ROLLOVER,ROLINLOC,IMPACT1,DEFORMED,TOWED,M_HARM,VEH_SC1,VEH_SC2,FIRE_EXP,DR_PRES,L_STATE,DR_ZIP,L_STATUS,L_TYPE,CDL_STAT,L_ENDORS,L_COMPL,L_RESTRI,DR_HGT,DR_WGT,PREV_ACC,PREV_SUS,PREV_DWI,PREV_SPD,PREV_OTH,FIRST_MO,FIRST_YR,LAST_MO,LAST_YR,SPEEDREL,DR_SF1,DR_SF2,DR_SF3,DR_SF4,VTRAFWAY,VNUM_LAN,VSPD_LIM,VALIGN,VPROFILE,VPAVETYP,VSURCOND,VTRAFCON,VTCONT_F,P_CRASH1,P_CRASH2,P_CRASH3,PCRASH4,PCRASH5,ACC_TYPE,DEATHS,DR_DRINK
12,121596,1,1,1,29,9,6,42,8,0,1,0,12,2,20,481,20481,31,2006,1GCEC19V06Z2,1,G,C,E,C,1,9,V,0,6,Z,2,0,0,0,000000000,00000000000,0,0,0,1,0,0,0,0,0,0,0,45,0,0,0,12,4,3,8,0,0,0,1,12,33598,6,1,0,0,3,3,69,999,1,0,0,0,0,11,2011,11,2011,0,0,0,0,0,3,4,45,1,1,8,2,0,0,1,80,99,1,1,13,0,0
12,121598,1,1,3,29,9,19,55,8,0,1,0,12,1,12,21,12021,4,2005,1FAFP251X5G1,1,F,A,F,P,2,5,1,X,5,G,1,0,0,0,000000000,00000000000,0,0,0,1,0,0,0,0,0,0,0,25,0,0,0,12,4,5,8,0,0,0,1,12,33875,6,1,0,0,3,0,70,999,0,0,0,1,0,10,2013,10,2013,0,0,0,0,0,1,2,25,1,1,8,1,0,0,1,80,99,1,1,13,0,0
12,121599,1,1,1,30,9,16,20,9,0,1,0,12,1,12,21,12021,4,2006,1FAHP24126G1,1,F,A,H,P,2,4,1,2,6,G,1,0,0,0,000000000,00000000000,0,0,0,1,0,0,0,0,0,0,0,55,0,0,0,12,4,5,9,0,0,0,1,12,32724,6,1,0,0,3,0,69,999,0,1,0,1,1,5,2013,9,2014,0,0,0,0,0,2,2,65,1,1,8,1,0,0,1,80,99,1,1,13,0,0
12,121600,1,2,1,30,9,18,20,12,6,1,0,12,1,37,441,37441,20,1997,JHMRA1849VC0,J,H,M,R,A,1,8,4,9,V,C,0,0,0,0,000000000,00000000000,0,0,0,1,0,0,0,0,0,0,0,15,0,0,0,1,4,3,12,0,0,0,1,12,32962,6,1,0,0,3,0,73,999,0,1,0,0,0,10,2013,10,2013,0,38,0,0,0,3,2,45,1,1,8,1,0,0,11,15,99,1,1,68,1,0
12,121600,2,2,2,30,9,18,20,12,6,1,0,34,1,12,402,12402,14,2005,1FMYU93125KA,1,F,M,Y,U,9,3,1,2,5,K,A,0,0,0,000000000,00000000000,0,0,0,1,0,0,0,0,0,0,0,45,0,0,0,12,6,2,12,0,0,0,1,12,34983,6,1,0,0,3,0,63,999,0,0,0,0,0,0,0,0,0,0,6,0,0,0,3,2,45,1,1,8,1,0,0,1,62,99,1,1,69,0,0
12,121601,1,2,1,30,9,6,55,12,1,1,0,12,1,55,33,55033,4,2007,5NPET46C67H2,5,N,P,E,T,4,6,C,6,7,H,2,0,0,0,000000000,00000000000,0,0,0,1,0,0,0,0,0,0,0,60,0,0,0,12,6,2,12,0,0,0,1,12,33426,6,1,0,0,3,0,63,999,0,0,0,0,0,0,0,0,0,0,6,0,0,0,3,2,65,1,1,8,1,0,0,1,52,9,1,1,28,0,0
12,121601,2,2,1,30,9,6,55,12,1,1,0,12,2,49,402,49402,14,2011,2T3ZF4DV1BW0,2,T,3,Z,F,4,D,V,1,B,W,0,0,0,0,000000000,00000000000,0,0,0,1,0,0,0,0,0,0,0,50,0,0,0,6,4,3,12,0,0,0,1,12,33406,6,1,0,0,3,0,64,999,0,0,0,0,0,0,0,0,0,0,0,0,0,0,3,2,65,1,1,8,1,0,0,2,53,99,1,1,29,0,0
12,121602,1,1,1,30,9,13,13,8,0,1,0,12,1,12,481,12481,31,2008,1FDSF34518EC,1,F,D,S,F,3,4,5,1,8,E,C,0,0,0,000000000,00000000000,0,0,0,1,0,0,0,0,0,0,0,5,0,0,0,5,0,5,8,0,0,0,1,12,33907,6,1,0,0,3,0,66,999,0,0,0,0,0,0,0,0,0,0,38,0,0,0,0,0,0,0,0,0,0,0,0,10,80,99,1,1,13,0,0
12,121603,1,2,1,30,9,18,8,12,6,1,0,12,1,98,998,98998,95,2013,5095104,5,0,9,5,1,0,4,,,,,,0,0,0,000000000,00000000000,0,0,0,1,0,0,0,0,0,0,0,10,0,0,0,5,6,2,12,0,0,0,1,12,32955,2,1,0,0,2,3,65,999,1,3,1,0,0,9,2012,3,2013,0,38,0,0,0,3,2,45,1,1,8,1,20,3,1,17,99,1,1,87,1,0
12,121603,2,2,1,30,9,18,8,12,6,1,0,12,1,35,47,35047,4,2008,1N4AL21E48N4,1,N,4,A,L,2,1,E,4,8,N,4,0,0,0,000000000,00000000000,0,0,0,1,0,0,0,0,0,0,0,35,0,0,0,12,4,3,12,0,0,0,1,12,32940,6,1,0,0,3,3,69,999,0,0,0,0,0,0,0,0,0,0,0,0,0,0,3,4,45,1,1,8,1,0,0,1,66,99,1,1,86,0,0
12,121604,1,1,1,4,10,23,0,8,0,1,0,12,1,38,403,38403,14,1989,JAABL01E3K58,J,A,A,B,L,0,1,E,3,K,5,8,0,0,0,000000000,00000000000,0,0,0,1,0,0,0,0,0,0,0,40,0,0,0,12,6,2,8,0,0,0,1,12,32901,6,1,0,0,3,3,72,999,0,0,0,0,0,0,0,0,0,0,0,0,0,0,5,5,40,1,1,8,1,3,3,1,80,8,1,1,13,0,0
12,121605,1,1,1,5,10,5,50,59,0,1,0,12,1,38,402,38402,14,1999,4S2CK58W0X43,4,S,2,C,K,5,8,W,0,X,4,3,0,0,0,000000000,00000000000,0,0,0,1,0,0,0,0,0,0,0,65,0,0,0,12,6,2,42,0,0,0,1,12,33055,6,1,0,0,3,0,62,999,0,0,0,0,0,0,0,0,0,0,0,0,0,0,3,4,45,3,1,8,1,0,0,14,13,99,1,4,1,1,1
12,121606,1,2,1,5,10,0,59,1,0,1,0,45,1,37,706,37706,80,2008,1HFSC550X8A4,1,H,F,S,C,5,5,0,X,8,A,4,0,0,0,000000000,00000000000,0,0,0,1,0,0,0,0,0,0,0,998,0,0,0,0,4,3,1,0,0,0,1,45,29154,6,1,0,0,3,0,71,999,0,0,0,0,0,0,0,0,0,0,36,0,0,0,2,2,45,1,1,2,1,4,3,1,98,99,1,1,98,1,1
12,121606,2,2,1,5,10,0,59,1,0,1,1,99,9,99,999,99999,99,9999,999999999999,9,9,9,9,9,9,9,9,9,9,9,9,0,0,0,000000000,00000000000,0,0,0,1,0,0,0,0,0,0,0,999,0,0,0,98,0,5,12,0,0,0,1,99,99999,9,9,99,9,9,9,999,999,99,99,99,99,99,99,9999,99,9999,0,0,0,0,0,2,2,45,1,1,2,1,4,3,99,99,99,9,9,98,0,0
12,121607,1,2,1,27,8,16,46,12,6,1,0,12,1,12,481,12481,31,2006,1FTRW04W16KC,1,F,T,R,W,0,4,W,1,6,K,C,0,0,0,000000000,00000000000,0,0,0,1,0,0,0,0,0,0,0,15,0,0,0,4,4,5,12,0,0,0,1,12,33611,6,1,0,0,3,0,70,999,0,1,0,0,0,6,2013,6,2013,0,0,0,0,0,3,2,20,1,1,8,1,0,0,1,68,99,1,1,87,0,0
12,121607,2,2,1,27,8,16,46,12,6,1,0,12,2,73,703,73703,80,2014,JKAEX8A1XEA0,J,K,A,E,X,8,A,1,X,E,A,0,0,0,0,000000000,00000000000,0,0,0,1,0,0,0,0,0,0,0,85,0,0,0,12,6,2,12,0,0,0,1,12,33805,6,1,0,0,3,0,74,999,0,1,0,2,0,10,2011,3,2014,3,0,0,0,0,3,2,55,1,1,8,1,0,0,1,17,99,1,2,86,1,0
12,121608,1,1,1,6,9,1,0,42,0,1,0,12,2,19,14,19014,4,1993,1G6KS52B3PU8,1,G,6,K,S,5,2,B,3,P,U,8,0,0,0,000000000,00000000000,0,0,0,1,0,0,0,0,0,0,0,998,0,1,3,98,6,2,1,0,0,0,1,12,33841,2,1,0,0,2,0,65,999,0,4,0,0,0,6,2012,10,2012,0,36,0,0,0,3,2,65,1,1,8,99,0,0,1,12,99,1,4,1,1,0
12,121609,1,1,1,11,9,21,0,8,0,1,0,12,4,7,26,7026,4,2013,1C3CDZCB5DN6,1,C,3,C,D,Z,C,B,5,D,N,6,0,0,0,000000000,00000000000,0,0,0,1,0,0,0,0,0,0,0,998,0,0,0,12,6,2,8,0,0,0,1,12,33810,6,1,0,0,3,0,69,999,1,1,0,0,1,10,2012,1,2013,0,0,0,0,0,3,2,45,1,1,8,1,0,0,1,80,99,1,1,13,0,0
12,121610,1,2,1,11,9,8,8,12,6,1,0,12,2,54,38,54038,3,2004,JH4DC54854S0,J,H,4,D,C,5,4,8,5,4,S,0,0,0,0,000000000,00000000000,0,0,0,1,0,0,0,0,0,0,0,10,0,0,0,9,6,2,12,0,0,0,1,12,33545,6,1,0,0,3,0,70,999,0,0,0,0,0,0,0,0,0,0,38,0,0,0,1,2,20,1,1,8,1,20,3,11,15,99,1,1,82,1,0
12,121610,2,2,1,11,9,8,8,12,6,1,0,12,3,82,884,82884,63,1999,1FVXTWDB9XHA,1,F,V,X,T,W,D,B,9,X,H,A,0,0,12,1219706,121219706,3,2,4,1,0,0,0,0,0,0,0,45,0,0,0,12,6,2,12,0,0,0,1,12,34638,6,1,6,3,3,3,66,999,0,0,0,0,0,0,0,0,0,0,0,0,0,0,5,3,50,1,1,8,1,0,0,1,67,8,1,1,83,0,0
12,121611,1,1,1,23,9,20,19,8,0,1,0,12,1,12,401,12401,14,2001,1FMYU60E81UC,1,F,M,Y,U,6,0,E,8,1,U,C,0,0,0,000000000,00000000000,0,0,0,1,0,0,0,0,0,0,0,35,0,0,0,12,4,3,8,0,0,0,1,12,32174,6,1,0,0,3,0,70,999,0,0,0,0,0,0,0,0,0,0,0,0,0,0,5,5,45,1,1,2,2,0,0,1,80,99,1,1,13,0,0
12,121612,1,1,1,25,1,23,11,8,0,1,0,12,1,49,442,49442,20,1999,4T3ZF13CXXU0,4,T,3,Z,F,1,3,C,X,X,U,0,0,0,0,000000000,00000000000,0,0,0,1,0,0,0,0,0,0,0,30,0,0,0,12,6,2,8,0,0,0,1,12,33177,6,1,0,0,3,0,67,999,0,0,0,0,0,0,0,0,0,0,0,0,0,0,3,3,40,1,1,8,1,3,3,1,80,99,1,1,13,0,0
12,121613,1,3,2,29,6,5,24,12,1,1,0,12,2,42,43,42043,4,2007,WDDNG71X17A1,W,D,D,N,G,7,1,X,1,7,A,1,0,0,0,000000000,00000000000,0,0,0,1,0,0,0,0,0,0,0,90,0,0,0,12,6,2,12,0,0,0,1,12,33055,6,1,0,0,3,0,68,999,0,0,0,0,0,0,0,0,0,3,8,0,0,0,1,4,40,1,1,8,1,0,0,1,51,99,1,1,24,2,1
12,121613,2,3,1,29,6,5,24,12,1,1,0,12,2,6,52,6052,6,2003,3C4FY48B83T5,3,C,4,F,Y,4,8,B,8,3,T,5,0,0,0,000000000,00000000000,0,0,0,1,0,0,0,0,0,0,0,40,0,0,0,6,6,2,12,0,0,1,1,12,33055,6,1,0,0,3,3,67,999,0,0,0,0,0,0,0,0,0,0,0,0,0,0,1,4,40,1,1,8,1,0,0,1,53,99,1,1,25,1,0
12,121613,3,3,1,29,6,5,24,12,1,1,0,12,1,12,481,12481,31,2006,1FTPW12V96KD,1,F,T,P,W,1,2,V,9,6,K,D,0,0,0,000000000,00000000000,0,0,0,1,0,0,0,0,0,0,0,998,0,0,0,1,6,2,12,0,0,0,1,12,33055,6,1,0,0,3,0,71,999,0,3,0,1,0,10,2011,8,2012,0,0,0,0,0,1,4,40,1,1,8,1,0,0,1,53,99,1,1,98,0,0
12,121614,1,2,1,16,8,22,10,12,6,1,0,12,1,35,47,35047,4,2009,1N4AL21E09N5,1,N,4,A,L,2,1,E,0,9,N,5,0,0,0,000000000,00000000000,0,0,0,1,0,0,0,0,0,0,0,16,0,0,0,9,6,2,12,0,0,0,1,12,33143,6,1,0,0,3,3,67,999,0,0,0,0,0,0,0,0,0,0,38,0,0,0,3,3,45,1,1,8,1,20,3,10,16,99,1,1,78,0,0
12,121614,2,2,1,16,8,22,10,12,6,1,0,12,3,34,706,34706,80,2009,WB10468089ZS,W,B,1,0,4,6,8,0,8,9,Z,S,0,0,0,000000000,00000000000,0,0,0,1,0,0,0,0,0,0,0,48,0,0,0,12,6,2,12,0,0,0,1,12,33014,0,0,0,0,0,0,999,999,0,7,0,0,0,11,2011,5,2013,0,0,0,0,0,3,4,45,1,1,8,1,0,0,1,70,99,1,1,79,1,0
12,121615,1,4,3,6,9,1,48,8,0,1,0,12,1,24,401,24401,14,2006,5GZCZ33D46S8,5,G,Z,C,Z,3,3,D,4,6,S,8,0,0,0,000000000,00000000000,0,0,0,1,0,0,0,0,0,0,0,45,0,0,0,12,4,3,8,0,0,0,1,12,32219,6,1,0,0,3,0,66,999,0,1,0,1,0,3,2013,7,2014,0,0,0,0,0,3,4,45,1,1,8,1,0,0,1,80,99,1,1,13,0,1
12,121615,2,4,1,6,9,1,48,8,0,1,0,12,2,6,52,6052,6,2007,3A4FY58B87T5,3,A,4,F,Y,5,8,B,8,7,T,5,0,0,0,000000000,00000000000,0,0,0,1,0,0,0,0,0,0,0,45,0,0,0,14,0,5,8,0,0,0,1,12,32257,6,1,0,0,3,3,66,999,0,0,0,0,1,11,2011,11,2011,0,0,0,0,0,3,4,45,1,1,8,1,0,0,1,80,99,1,1,98,0,0
12,121615,3,4,1,6,9,1,48,8,0,1,0,12,1,42,42,42042,4,2010,WDDGF7HB0AF3,W,D,D,G,F,7,H,B,0,A,F,3,0,0,0,000000000,00000000000,0,0,0,1,0,0,0,0,0,0,0,45,0,0,0,14,2,5,8,0,0,0,1,12,32210,6,1,0,0,3,0,69,999,1,1,0,0,1,10,2011,5,2013,0,0,0,0,0,3,4,45,1,1,8,1,0,0,1,80,99,1,1,98,0,0
12,121615,4,4,1,6,9,1,48,8,0,1,0,12,1,38,402,38402,14,1997,4S2CK58V1V43,4,S,2,C,K,5,8,V,1,V,4,3,0,0,0,000000000,00000000000,0,0,0,1,0,0,0,0,0,0,0,45,0,0,0,14,0,5,8,0,0,0,1,12,32207,6,1,0,0,3,0,68,999,0,0,0,0,0,0,0,0,0,0,0,0,0,0,3,4,45,1,1,8,1,0,0,1,80,99,1,1,98,0,0
12,121616,1,1,1,12,9,21,0,1,0,1,0,12,2,49,482,49482,31,2003,5TBBT44103S4,5,T,B,B,T,4,4,1,0,3,S,4,0,0,0,000000000,00000000000,0,0,0,1,0,0,0,0,0,0,0,55,0,1,5,0,6,2,1,0,0,0,1,12,32134,6,1,0,0,3,0,68,999,0,0,0,2,0,3,2013,3,2013,0,6,0,0,0,1,2,55,3,1,8,1,0,0,14,13,6,4,4,6,1,1
12,121617,1,1,2,14,9,1,8,1,0,1,0,12,1,55,42,55042,3,2013,KMHTC6AE9DU1,K,M,H,T,C,6,A,E,9,D,U,1,0,0,0,000000000,00000000000,0,0,0,1,0,0,0,0,0,0,0,80,0,1,5,0,6,2,1,0,0,0,1,12,34465,6,1,0,0,3,3,68,999,0,0,0,0,0,0,0,0,0,0,0,0,0,0,1,2,55,3,1,8,1,0,0,14,13,99,1,4,1,1,0
12,121618,1,1,3,18,9,7,45,8,0,1,0,12,1,12,481,12481,31,2000,1FTRX18L6YNB,1,F,T,R,X,1,8,L,6,Y,N,B,0,0,0,000000000,00000000000,0,0,0,1,0,0,0,0,0,0,0,15,0,0,0,12,2,5,8,0,0,0,1,12,34613,6,1,0,0,3,0,73,999,0,1,0,1,0,9,2012,7,2014,0,0,0,0,0,1,2,30,1,5,8,1,0,0,1,80,99,1,1,13,0,0
12,121619,1,2,1,20,9,18,11,12,1,1,0,12,2,35,472,35472,30,2007,1N6AD07U07C4,1,N,6,A,D,0,7,U,0,7,C,4,0,0,0,000000000,00000000000,0,0,0,1,0,0,0,0,0,0,0,50,0,0,0,12,6,2,12,0,0,0,1,12,32003,6,1,0,0,3,0,71,999,0,0,0,0,0,0,0,0,0,0,6,0,0,0,3,3,50,1,1,8,2,0,0,1,50,6,2,1,20,0,0
12,121619,2,2,1,20,9,18,11,12,1,1,0,12,2,49,40,49040,4,1999,4T1BG22K6XU5,4,T,1,B,G,2,2,K,6,X,U,5,0,0,0,000000000,00000000000,0,0,0,1,0,0,0,0,0,0,0,0,0,0,0,6,6,2,12,0,0,0,1,12,32073,6,1,0,0,3,3,61,999,0,0,0,0,0,0,0,0,0,0,0,0,0,0,3,3,50,1,1,8,2,0,0,5,53,1,1,1,21,0,0
12,121620,1,1,1,23,9,0,40,8,0,1,0,45,1,82,881,82881,63,2004,1FUJBBCV74LM,1,F,U,J,B,B,C,V,7,4,L,M,1,1,45,1036086,451036086,3,4,2,1,0,0,0,0,0,0,0,55,0,0,0,12,6,2,8,0,0,0,1,45,29512,6,1,6,3,3,0,72,999,0,1,0,0,1,7,2013,4,2014,0,0,0,0,0,3,2,55,1,1,8,1,0,0,1,80,4,1,1,13,0,0
12,121621,1,2,1,24,9,23,46,12,1,1,0,13,2,82,881,82881,63,2001,1FUJBBCG61PB,1,F,U,J,B,B,C,G,6,1,P,B,1,1,13,362112,13362112,3,4,1,1,0,0,0,0,0,0,0,65,0,0,0,12,6,2,12,0,0,0,1,12,32244,6,1,6,0,3,0,70,999,0,2,0,0,0,10,2012,8,2014,0,6,0,0,0,3,2,65,1,1,8,1,0,0,1,51,99,1,1,24,0,0
12,121621,2,2,1,24,9,23,46,12,1,1,0,12,3,12,880,12880,67,1995,1FDNF82C4SVA,1,F,D,N,F,8,2,C,4,S,V,A,0,0,88,888888888,88888888888,2,1,97,1,0,0,0,0,0,0,0,28,0,0,0,6,6,2,42,0,0,0,1,12,32246,6,1,0,0,3,0,72,999,0,0,0,0,0,0,0,0,0,0,0,0,0,0,3,2,65,1,1,8,1,0,0,1,53,99,1,1,25,1,0
12,121622,1,1,1,26,9,8,6,59,0,1,0,12,1,34,34,34034,4,2012,WBA3A5C57CF3,W,B,A,3,A,5,C,5,7,C,F,3,0,0,0,000000000,00000000000,0,0,0,1,0,0,0,0,0,0,0,75,0,0,0,12,6,2,59,0,0,0,1,12,33578,6,1,0,0,3,0,71,999,0,0,0,0,0,0,0,0,0,0,6,0,0,0,3,3,70,1,1,8,1,0,0,1,13,99,1,4,1,1,0
12,121623,1,1,1,26,9,5,58,8,0,1,0,12,2,12,402,12402,14,2002,1FMCU03192KB,1,F,M,C,U,0,3,1,9,2,K,B,0,0,0,000000000,00000000000,0,0,0,1,0,0,0,0,0,0,0,60,0,0,0,14,0,5,8,0,0,0,1,12,33952,6,1,6,0,3,0,69,999,0,0,0,0,0,0,0,0,0,0,0,0,0,0,3,2,60,1,1,8,2,0,0,1,80,1,1,1,13,0,0
12,121624,1,1,2,26,9,12,40,9,0,1,0,12,1,12,481,12481,31,2009,1FTPW14V59FB,1,F,T,P,W,1,4,V,5,9,F,B,0,0,0,000000000,00000000000,0,0,0,1,0,0,0,0,0,0,0,15,0,0,0,12,2,5,9,0,0,0,1,12,32308,6,1,0,0,3,0,72,999,0,0,0,0,1,6,2012,6,2012,0,38,0,0,0,3,3,45,1,1,8,1,20,3,10,16,99,1,1,13,0,0
12,121625,1,1,2,27,9,23,40,9,0,1,0,12,1,2,404,2404,14,2001,1J4GX48S41C5,1,J,4,G,X,4,8,S,4,1,C,5,0,0,0,000000000,00000000000,0,0,0,1,0,0,0,0,0,0,0,60,0,0,0,12,6,2,9,0,0,0,1,12,32668,6,1,0,0,3,3,70,999,0,0,0,0,0,0,0,0,0,0,0,0,0,0,1,2,60,1,1,8,1,0,0,1,83,1,1,1,13,0,0
12,121626,1,1,1,27,9,1,50,9,0,1,0,12,1,37,32,37032,4,2008,JHMCP26388C0,J,H,M,C,P,2,6,3,8,8,C,0,0,0,0,000000000,00000000000,0,0,0,1,0,0,0,0,0,0,0,45,0,0,0,12,4,3,9,0,0,0,1,12,32960,1,1,0,0,2,0,66,999,0,0,0,0,0,0,0,0,0,0,0,0,0,0,3,2,45,1,5,8,2,0,0,1,13,1,1,4,1,0,1
12,121627,1,1,1,27,9,3,10,33,0,1,0,12,1,14,401,14401,14,2004,4M2ZU86W84UJ,4,M,2,Z,U,8,6,W,8,4,U,J,0,0,0,000000000,00000000000,0,0,0,1,0,0,0,0,0,0,0,55,0,1,5,12,6,2,30,0,0,0,1,12,33136,6,1,6,0,3,0,70,999,0,1,0,0,1,10,2011,4,2013,0,6,0,0,0,3,3,35,3,1,8,1,0,0,15,13,99,1,4,6,1,0
12,121628,1,1,1,27,9,21,30,8,0,1,0,12,2,55,35,55035,4,2006,KMHDN46D46U3,K,M,H,D,N,4,6,D,4,6,U,3,0,0,0,000000000,00000000000,0,0,0,1,0,0,0,0,0,0,0,40,0,0,0,12,4,3,8,0,0,0,1,12,33009,6,1,0,0,3,0,69,999,0,0,0,0,0,0,0,0,0,0,0,0,0,0,3,2,40,1,1,8,2,0,0,1,80,99,1,1,13,0,0
12,121629,1,2,1,28,9,19,15,12,2,1,0,1,2,38,471,38471,30,1992,JAACL11L9N72,J,A,A,C,L,1,1,L,9,N,7,2,0,0,0,000000000,00000000000,0,0,0,1,0,0,0,0,0,0,0,25,0,0,0,12,6,2,12,0,0,0,1,12,33603,6,1,0,0,3,0,75,999,0,0,0,1,0,7,2014,7,2014,0,38,0,0,0,1,3,35,1,1,8,2,3,3,11,15,99,1,1,68,0,0
12,121629,2,2,1,28,9,19,15,12,2,1,0,12,1,73,703,73703,80,2003,JKAEXMF103A0,J,K,A,E,X,M,F,1,0,3,A,0,0,0,0,000000000,00000000000,0,0,0,1,0,0,0,0,0,0,0,50,0,0,0,12,6,2,12,0,0,0,1,12,33617,6,1,0,0,3,0,73,999,1,3,0,1,1,3,2013,7,2014,3,0,0,0,0,1,3,35,1,1,8,2,3,3,1,62,99,1,1,69,1,0
12,121630,1,3,1,28,9,13,48,12,2,1,0,12,1,12,23,12023,4,2010,3FAHP0KC4AR1,3,F,A,H,P,0,K,C,4,A,R,1,0,0,0,000000000,00000000000,0,0,0,1,0,0,0,0,0,0,0,999,0,1,1,12,6,2,2,0,0,1,1,12,33436,6,1,0,0,3,3,68,999,0,0,0,1,0,11,2013,11,2013,0,28,0,0,0,2,4,45,1,1,8,1,0,0,1,12,4,1,4,50,1,0
12,121630,2,3,2,28,9,13,48,12,2,1,0,12,1,54,39,54039,4,2014,JH4CU2F42EC0,J,H,4,C,U,2,F,4,2,E,C,0,0,0,0,000000000,00000000000,0,0,0,1,0,0,0,0,0,0,0,999,0,0,0,12,6,2,12,0,0,0,1,12,33445,6,1,0,0,3,0,66,999,0,0,0,0,0,0,0,0,0,0,0,0,0,0,2,4,45,1,1,8,1,0,0,1,62,99,1,1,51,2,0
12,121630,3,3,2,28,9,13,48,12,2,1,0,12,1,49,40,49040,4,2008,4T1BE46K98U7,4,T,1,B,E,4,6,K,9,8,U,7,0,0,0,000000000,00000000000,0,0,0,1,0,0,0,0,0,0,0,999,0,0,0,12,6,2,12,0,0,0,1,12,33437,6,1,0,0,3,3,69,999,0,0,0,0,0,0,0,0,0,0,0,0,0,0,2,4,45,1,1,8,1,0,0,1,62,99,1,1,98,0,0
12,121631,1,2,1,28,9,0,52,12,1,1,0,12,1,73,706,73706,80,2006,JKBZXNA116A0,J,K,B,Z,X,N,A,1,1,6,A,0,0,0,0,000000000,00000000000,0,0,0,1,0,0,0,0,0,0,0,999,0,0,0,12,6,2,2,0,0,1,1,12,32073,6,1,6,0,3,3,69,999,1,0,0,0,0,11,2011,11,2011,4,0,0,0,0,1,2,35,1,1,2,1,0,0,1,17,3,1,1,69,1,0
12,121631,2,2,1,28,9,0,52,12,1,1,0,12,1,20,498,20498,39,1968,CS148B134141,C,S,1,4,8,B,1,3,4,1,4,1,0,0,0,000000000,00000000000,0,0,0,1,0,0,0,0,0,0,0,999,0,0,0,6,2,5,12,0,0,0,1,12,32222,6,1,0,0,3,0,72,999,0,0,0,0,0,0,0,0,0,0,0,0,0,0,1,2,35,1,1,2,1,0,0,11,66,99,1,1,68,0,0
12,121632,1,1,1,29,9,21,10,9,0,1,0,12,2,37,402,37402,14,2000,JHLRD1863YC0,J,H,L,R,D,1,8,6,3,Y,C,0,0,0,0,000000000,00000000000,0,0,0,1,0,0,0,0,0,0,0,50,0,0,0,12,4,3,9,0,0,0,1,12,32086,6,1,0,0,3,0,64,999,0,0,0,0,0,0,0,0,0,0,0,0,0,0,3,2,45,3,1,8,2,0,0,14,83,1,1,1,13,0,0
12,121633,1,2,1,30,9,5,39,12,6,1,0,12,1,22,32,22032,6,2009,5Y2SP670X9Z4,5,Y,2,S,P,6,7,0,X,9,Z,4,0,0,0,000000000,00000000000,0,0,0,1,0,0,0,0,0,0,0,998,0,0,0,9,6,2,12,0,0,0,1,12,34759,6,1,0,0,3,0,72,999,0,0,0,0,0,0,0,0,0,0,38,0,0,0,2,1,55,1,1,8,2,20,3,11,15,99,1,1,82,0,0
12,121633,2,2,1,30,9,5,39,12,6,1,0,12,1,72,706,72706,80,2007,1HD1PR81X7Y9,1,H,D,1,P,R,8,1,X,7,Y,9,0,0,0,000000000,00000000000,0,0,0,1,0,0,0,0,0,0,0,998,0,0,0,12,6,2,12,0,0,0,1,12,33881,6,1,6,0,3,3,73,999,0,0,0,0,0,0,0,0,0,0,0,0,0,0,2,2,55,1,1,8,2,0,0,1,67,99,1,1,83,1,0
12,121634,1,2,2,1,10,14,33,33,0,1,0,12,2,52,37,52037,2,2006,4A3AK24FX6E0,4,A,3,A,K,2,4,F,X,6,E,0,0,0,0,000000000,00000000000,0,0,0,1,0,0,0,0,0,0,0,65,0,0,0,98,6,2,12,0,0,0,1,12,32176,1,1,0,0,2,0,70,999,0,0,0,0,0,0,0,0,0,4,6,0,0,0,2,2,40,1,1,8,1,3,3,6,6,6,2,4,7,1,1
12,121634,2,2,1,1,10,14,33,33,0,1,0,12,1,7,482,7482,31,2003,3D7MU48683G7,3,D,7,M,U,4,8,6,8,3,G,7,0,0,0,000000000,00000000000,0,0,0,1,0,0,0,0,0,0,0,0,0,0,0,12,6,2,12,0,0,0,1,12,32174,6,1,6,0,3,0,65,999,0,0,0,0,0,0,0,0,0,0,0,0,0,0,2,2,40,1,1,8,1,3,3,5,62,99,1,1,98,0,0
12,121635,1,1,1,2,10,22,30,59,0,1,0,12,1,12,481,12481,31,2005,1FTPW14585KE,1,F,T,P,W,1,4,5,8,5,K,E,0,0,0,000000000,00000000000,0,0,0,1,0,0,0,0,0,0,0,50,0,1,5,98,6,2,1,0,0,0,1,12,32446,6,1,0,0,3,0,70,999,1,0,0,0,1,6,2013,7,2013,0,0,0,0,0,1,2,25,3,1,8,1,0,0,14,13,99,1,4,1,1,1