STATE,ST_CASE,VEH_NO,VE_FORMS,NUMOCCS,DAY,MONTH,HOUR,MINUTE,HARM_EV,MAN_COLL,UNITTYPE,HIT_RUN,REG_STAT,OWNER,MAKE,MODEL,MAK_MOD,BODY_TYP,MOD_YEAR,VIN,VIN_1,VIN_2,VIN_3,VIN_4,VIN_5,VIN_6,VIN_7,VIN_8,VIN_9,VIN_10,VIN_11,VIN_12,TOW_VEH,J_KNIFE,MCARR_I1,MCARR_I2,MCARR_ID,GVWR,V_CONFIG,CARGO_BT,HAZ_INV,HAZ_PLAC,HAZ_ID,HAZ_CNO,HAZ_REL,BUS_USE,SPEC_USE,EMER_USE,TRAV_SP,UNDERIDE,ROLLOVER,ROLINLOC,IMPACT1,DEFORMED,TOWED,M_HARM,VEH_SC1,VEH_SC2,FIRE_EXP,DR_PRES,L_STATE,DR_ZIP,L_STATUS,L_TYPE,CDL_STAT,L_ENDORS,L_COMPL,L_RESTRI,DR_HGT,DR_WGT,PREV_ACC,PREV_SUS,PREV_DWI,PREV_SPD,PREV_OTH,FIRST_MO,FIRST_YR,LAST_MO,LAST_YR,SPEEDREL,DR_SF1,DR_SF2,DR_SF3,DR_SF4,VTRAFWAY,VNUM_LAN,VSPD_LIM,VALIGN,VPROFILE,VPAVETYP,VSURCOND,VTRAFCON,VTCONT_F,P_CRASH1,P_CRASH2,P_CRASH3,PCRASH4,PCRASH5,ACC_TYPE,DEATHS,DR_DRINK
12,121636,1,1,2,2,10,13,45,42,0,1,0,13,1,20,471,20471,30,1999,1GCCS19X9X81,1,G,C,C,S,1,9,X,9,X,8,1,0,0,0,000000000,00000000000,0,0,0,1,0,0,0,0,0,0,0,50,0,0,0,12,6,2,42,0,0,0,1,13,31794,6,1,0,0,3,3,69,218,98,0,0,0,1,11,2011,11,2011,0,6,0,0,0,1,2,60,3,1,8,1,0,0,14,13,99,1,4,1,1,0
12,121637,1,1,1,2,10,6,28,8,0,1,0,12,1,54,35,54035,4,2005,19UUA66265A0,1,9,U,U,A,6,6,2,6,5,A,0,0,0,0,000000000,00000000000,0,0,0,1,0,0,0,0,0,0,0,40,0,0,0,12,4,5,8,0,0,0,1,12,33069,6,1,6,0,3,0,69,999,0,0,0,0,0,0,0,0,0,0,0,0,0,0,3,3,45,1,1,8,1,0,0,1,80,99,1,1,13,0,0
12,121638,1,1,1,3,10,23,40,8,0,1,1,99,9,99,999,99999,99,9999,999999999999,9,9,9,9,9,9,9,9,9,9,9,9,0,0,0,000000000,00000000000,0,0,0,1,0,0,0,0,0,0,0,10,0,0,0,12,9,5,8,0,0,0,1,99,99999,9,9,99,9,9,9,999,999,99,99,99,99,99,99,9999,99,9999,0,0,0,0,0,1,2,30,1,1,8,1,0,0,10,80,99,1,1,13,0,0
12,121639,1,1,1,4,10,19,38,8,0,1,0,12,1,38,402,38402,14,1999,4S2CK58W6X43,4,S,2,C,K,5,8,W,6,X,4,3,0,0,0,000000000,00000000000,0,0,0,1,0,0,0,0,0,0,0,45,0,0,0,12,6,2,8,0,0,0,1,12,33771,6,1,0,0,3,3,68,999,0,0,0,0,0,0,0,0,0,0,6,0,0,0,3,5,45,1,1,8,1,3,3,1,80,99,1,1,13,0,0
12,121640,1,1,1,5,10,0,45,9,0,1,0,12,3,20,2,20002,4,2007,2G1WS55R0792,2,G,1,W,S,5,5,R,0,7,9,2,0,0,0,000000000,00000000000,0,0,0,1,0,0,0,0,0,5,0,70,0,0,0,12,4,5,9,0,0,0,1,12,32572,6,1,0,0,3,3,69,999,0,0,0,0,0,0,0,0,0,0,16,0,0,0,1,2,55,2,1,8,1,0,0,14,83,99,1,1,13,0,0
12,121641,1,1,4,5,10,20,30,9,0,1,0,12,2,21,441,21441,20,2001,1GHDX03E71D1,1,G,H,D,X,0,3,E,7,1,D,1,0,0,0,000000000,00000000000,0,0,0,1,0,0,0,0,0,0,0,45,0,0,0,12,6,2,9,0,0,0,1,12,34208,0,0,0,0,0,0,999,999,0,0,0,0,0,0,0,0,0,0,0,0,0,0,1,2,55,1,1,8,1,0,0,1,83,99,1,1,13,0,0
12,121642,1,1,1,7,10,2,43,42,0,1,0,12,2,35,43,35043,4,2007,3N1AB61E77L7,3,N,1,A,B,6,1,E,7,7,L,7,0,0,0,000000000,00000000000,0,0,0,1,0,0,0,0,0,0,0,998,0,0,0,9,6,2,42,0,0,0,1,6,90006,6,1,0,0,3,3,69,999,0,0,0,0,0,0,0,0,0,0,58,0,0,0,1,2,35,3,1,8,1,0,0,14,13,6,1,4,6,1,1
12,121643,1,2,1,8,10,11,26,12,6,1,0,12,1,18,7,18007,4,2001,2G4WY55J7113,2,G,4,W,Y,5,5,J,7,1,1,3,0,0,0,000000000,00000000000,0,0,0,1,0,0,0,0,0,0,0,15,0,0,0,9,6,2,12,0,0,0,1,12,32258,6,1,0,0,3,3,66,999,0,0,0,0,0,0,0,0,0,0,0,0,0,0,1,2,30,1,1,8,1,20,3,1,17,99,1,1,89,1,0
12,121643,2,2,1,8,10,11,26,12,6,1,0,12,2,20,421,20421,15,1999,1GNCS18W4XK1,1,G,N,C,S,1,8,W,4,X,K,1,0,0,0,000000000,00000000000,0,0,0,1,0,0,0,0,0,0,0,43,0,0,0,12,6,2,12,0,0,0,1,12,32258,6,1,0,0,3,0,76,999,0,0,0,0,0,0,0,0,0,0,0,0,0,0,5,5,45,1,1,8,1,0,0,1,66,99,1,1,88,0,0
12,121644,1,2,1,20,1,13,43,12,6,1,0,12,1,6,17,6017,2,1995,1C3EU4538SF6,1,C,3,E,U,4,5,3,8,S,F,6,0,0,0,000000000,00000000000,0,0,0,1,0,0,0,0,0,0,0,998,0,0,0,12,6,2,12,0,0,0,1,12,34990,6,1,0,0,3,0,62,999,0,0,0,0,0,0,0,0,0,0,39,0,0,0,3,4,98,1,1,8,1,3,3,1,17,99,1,1,83,0,0
12,121644,2,2,2,20,1,13,43,12,6,1,0,12,1,55,41,55041,4,2010,KMHGC4DE0AU1,K,M,H,G,C,4,D,E,0,A,U,1,0,0,0,000000000,00000000000,0,0,0,1,0,0,0,0,0,0,0,998,0,0,0,11,6,2,12,0,0,0,1,12,33455,6,1,0,0,3,0,76,999,0,0,0,0,0,0,0,0,0,0,0,0,0,0,3,3,98,1,1,8,1,3,3,11,66,99,1,1,82,1,0
12,121645,1,1,5,13,7,22,30,8,0,1,0,12,2,37,421,37421,15,2008,5FNYF28638B0,5,F,N,Y,F,2,8,6,3,8,B,0,0,0,0,000000000,00000000000,0,0,0,1,0,0,0,0,0,0,0,40,0,0,0,1,4,5,8,0,0,0,1,12,33176,6,1,0,0,3,0,60,999,0,0,0,0,0,0,0,0,0,0,0,0,0,0,3,2,45,1,1,8,1,0,0,1,80,99,1,1,13,0,0
12,121646,1,1,1,9,8,6,40,8,0,1,1,99,9,99,999,99999,99,9999,999999999999,9,9,9,9,9,9,9,9,9,9,9,9,0,0,0,000000000,00000000000,0,0,0,1,0,0,0,0,0,0,0,999,0,0,0,12,2,5,8,0,0,0,1,99,99999,9,9,99,9,9,9,999,999,99,99,99,99,99,99,9999,99,9999,9,0,0,0,0,1,2,98,1,5,8,1,0,0,1,80,99,1,1,13,0,0
12,121648,1,1,1,25,8,2,45,1,0,1,0,99,9,99,739,99739,90,9999,999999999999,9,9,9,9,9,9,9,9,9,9,9,9,0,0,0,000000000,00000000000,0,0,0,1,0,0,0,0,0,0,0,998,0,1,5,0,9,5,1,0,0,0,1,12,33012,6,1,6,0,3,0,66,999,0,0,0,0,0,0,0,0,0,0,0,0,0,0,4,1,98,1,1,8,11,0,0,1,9,99,1,4,1,1,1
12,121649,1,2,1,2,9,20,32,12,1,1,0,12,1,20,481,20481,31,1997,2GCEK19R8V12,2,G,C,E,K,1,9,R,8,V,1,2,0,0,0,000000000,00000000000,0,0,0,1,0,0,0,0,0,0,0,55,0,0,0,12,6,2,12,0,0,0,1,12,32060,6,1,0,0,3,0,65,999,0,1,0,0,0,6,2012,6,2012,0,0,0,0,0,2,2,45,1,5,8,2,0,0,1,51,1,1,1,24,0,0
12,121649,2,2,1,2,9,20,32,12,1,1,0,12,4,20,2,20002,4,2009,2G1WB57KX912,2,G,1,W,B,5,7,K,X,9,1,2,0,0,0,000000000,00000000000,0,0,0,1,0,0,0,0,0,0,0,34,0,0,0,6,6,2,12,0,0,0,1,12,33619,3,1,0,0,2,0,65,999,0,0,0,0,0,0,0,0,0,0,0,0,0,0,2,2,45,1,5,8,2,0,0,1,53,99,1,1,25,1,0
12,121651,1,1,1,12,9,15,31,42,0,1,0,12,2,18,401,18401,14,2002,3G5DB03E52S6,3,G,5,D,B,0,3,E,5,2,S,6,0,0,0,000000000,00000000000,0,0,0,1,0,0,0,0,0,0,0,80,0,0,0,9,6,2,42,0,0,0,1,12,33830,6,1,0,0,3,0,64,999,0,0,0,0,0,0,0,0,0,3,36,0,0,0,1,2,35,3,5,8,1,0,0,14,13,6,1,4,6,1,1
12,121652,1,2,1,15,9,23,6,12,1,1,0,12,2,76,705,76705,80,2012,JYARJ16E7CA0,J,Y,A,R,J,1,6,E,7,C,A,0,0,0,0,000000000,00000000000,0,0,0,1,0,0,0,0,0,0,0,70,0,0,0,12,6,2,12,0,0,0,1,12,33071,1,1,0,0,2,3,74,999,0,8,0,0,0,4,2012,6,2012,0,6,0,0,0,3,3,45,1,1,8,1,0,0,1,51,99,1,1,24,1,0
12,121652,2,2,1,15,9,23,6,12,1,1,0,12,2,49,51,49051,4,2007,JTDBT9231711,J,T,D,B,T,9,2,3,1,7,1,1,0,0,0,000000000,00000000000,0,0,0,1,0,0,0,0,0,0,0,40,0,0,0,6,6,2,12,0,0,0,1,12,33319,6,1,0,0,3,3,68,999,0,0,0,0,0,0,0,0,0,0,0,0,0,0,3,3,45,1,1,8,1,0,0,1,53,99,1,1,25,0,0
12,121653,1,1,1,16,9,13,28,8,0,1,0,12,3,98,988,98988,52,2003,1N90401763A1,1,N,9,0,4,0,1,7,6,3,A,1,0,0,77,777777777,77777777777,3,21,22,1,0,0,0,0,6,3,0,30,0,0,0,5,0,3,8,0,0,0,1,12,33167,6,1,6,3,3,0,71,999,0,0,0,0,0,0,0,0,0,0,39,0,0,0,3,3,40,1,1,8,1,0,0,1,80,99,1,1,13,0,0
12,121654,1,1,4,16,9,23,30,42,0,1,0,12,2,20,36,20036,2,1997,2G1WW12M9V92,2,G,1,W,W,1,2,M,9,V,9,2,0,0,0,000000000,00000000000,0,0,0,1,0,0,0,0,0,0,0,998,0,0,0,12,6,2,42,0,0,0,1,12,34759,0,0,0,0,0,0,69,999,0,0,0,0,0,0,0,0,0,0,6,0,0,0,5,5,98,3,1,8,1,0,0,14,13,99,1,4,1,1,0
12,121655,1,1,5,20,9,20,15,8,0,1,0,12,2,12,37,12037,4,2002,1FAFP33PX2W2,1,F,A,F,P,3,3,P,X,2,W,2,0,0,0,000000000,00000000000,0,0,0,1,0,0,0,0,0,0,0,40,0,0,0,12,6,2,8,0,0,0,1,12,32570,6,1,0,0,3,3,69,999,0,0,0,0,0,0,0,0,0,0,0,0,0,0,3,2,45,1,1,8,1,0,0,1,80,1,1,1,13,0,0
12,121656,1,1,1,21,9,17,38,24,0,1,0,12,1,72,706,72706,80,2013,1HD4LE211DC4,1,H,D,4,L,E,2,1,1,D,C,4,0,0,0,000000000,00000000000,0,0,0,1,0,0,0,0,0,0,0,30,0,0,0,98,6,2,24,0,0,0,1,12,32909,6,1,0,0,3,0,65,999,0,0,0,0,0,0,0,0,0,0,0,0,0,0,1,2,30,2,1,8,2,0,0,14,13,99,1,4,1,1,1
12,121657,1,2,2,22,9,16,5,12,2,1,0,12,1,55,33,55033,4,2003,KMHWF35H03A8,K,M,H,W,F,3,5,H,0,3,A,8,0,0,0,000000000,00000000000,0,0,0,1,0,0,0,0,0,0,0,55,0,0,0,12,6,2,12,0,0,0,1,12,33603,6,1,0,0,3,3,68,999,1,0,0,0,1,2,2014,3,2014,0,0,0,0,0,1,2,55,1,1,8,2,0,0,1,10,99,1,6,50,1,0
12,121657,2,2,1,22,9,16,5,12,2,1,0,12,1,59,403,59403,14,2010,2T2ZK1BA5AC0,2,T,2,Z,K,1,B,A,5,A,C,0,0,0,0,000000000,00000000000,0,0,0,1,0,0,0,0,0,0,0,55,0,0,0,12,6,2,12,0,0,0,1,12,34711,6,1,0,0,3,0,63,999,0,0,0,0,0,0,0,0,0,0,0,0,0,0,1,2,55,1,1,8,2,0,0,1,62,99,1,1,51,0,0
12,121658,1,2,1,25,9,17,44,12,6,1,0,12,1,34,401,34401,14,2008,5UXFE43558L0,5,U,X,F,E,4,3,5,5,8,L,0,0,0,0,000000000,00000000000,0,0,0,1,0,0,0,0,0,0,0,25,0,0,0,3,6,2,12,0,0,0,1,12,33142,6,1,6,0,3,0,70,999,1,0,0,0,0,6,2012,6,2012,0,38,0,0,0,1,2,30,1,1,8,2,20,3,1,17,99,1,1,87,0,0
12,121658,2,2,1,25,9,17,44,12,6,1,0,12,1,71,706,71706,80,2011,ZDM1YACR7BB0,Z,D,M,1,Y,A,C,R,7,B,B,0,0,0,0,000000000,00000000000,0,0,0,1,0,0,0,0,0,0,0,40,0,0,0,12,6,2,12,0,0,0,1,12,33139,1,1,0,0,2,3,69,999,0,6,0,0,0,3,2014,9,2014,0,0,0,0,0,5,5,40,1,1,8,2,0,0,1,67,99,1,1,86,1,0
12,121659,1,1,1,27,9,15,0,33,0,1,0,12,1,55,37,55037,2,2003,KMHHN65F33U1,K,M,H,H,N,6,5,F,3,3,U,1,0,0,0,000000000,00000000000,0,0,0,1,0,0,0,0,0,0,0,65,0,0,0,14,6,2,3,0,0,0,1,12,32259,6,1,0,0,3,0,63,999,0,0,0,0,0,0,0,0,0,3,0,0,0,0,1,2,35,3,1,8,2,0,0,14,13,99,1,4,1,1,1
12,121660,1,2,2,28,9,3,13,12,1,1,0,12,0,52,34,52034,4,2000,4A3AA46G9YE1,4,A,3,A,A,4,6,G,9,Y,E,1,1,1,0,000000000,00000000000,0,0,0,1,0,0,0,0,0,0,0,0,0,0,0,6,6,2,12,0,0,0,1,12,33173,6,7,0,0,3,0,66,999,0,0,0,0,0,0,0,0,0,0,0,0,0,0,3,2,70,1,5,8,2,0,0,7,53,99,1,1,21,1,0
12,121660,2,2,1,28,9,3,13,12,1,1,0,12,3,82,881,82881,63,2012,1FUJGBDV7CLB,1,F,U,J,G,B,D,V,7,C,L,B,1,1,12,439262,12439262,3,4,1,1,0,0,0,0,0,0,0,64,0,0,0,12,6,2,12,0,0,0,1,12,33810,6,1,6,0,3,0,69,999,0,0,0,0,0,0,0,0,0,0,6,0,0,0,3,2,70,1,5,8,2,0,0,1,50,99,1,1,20,0,0
12,121662,1,2,1,29,9,19,55,12,6,1,0,12,1,37,32,37032,4,2001,1HGCG165X1A0,1,H,G,C,G,1,6,5,X,1,A,0,0,0,0,000000000,00000000000,0,0,0,1,0,0,0,0,0,0,0,35,0,0,0,12,6,2,12,0,0,0,1,12,32822,6,1,0,0,3,0,60,999,0,0,0,0,0,0,0,0,0,0,0,0,0,0,1,2,40,1,1,8,2,3,3,11,15,99,1,1,68,1,0
12,121662,2,2,1,29,9,19,55,12,6,1,0,12,2,7,43,7043,4,2006,1B3AL46T46N2,1,B,3,A,L,4,6,T,4,6,N,2,0,0,0,000000000,00000000000,0,0,0,1,0,0,0,0,0,0,0,35,0,0,0,11,6,2,12,0,0,0,1,12,32807,6,1,0,0,3,3,66,999,0,0,0,0,1,6,2014,6,2014,0,0,0,0,0,1,2,40,1,1,8,2,3,3,1,67,99,1,1,69,0,0
12,121663,1,1,1,2,10,6,39,8,0,1,0,12,3,12,461,12461,21,2000,1FDWE35L5YHA,1,F,D,W,E,3,5,L,5,Y,H,A,0,0,0,000000000,00000000000,0,0,0,1,0,0,0,0,0,0,0,35,0,0,0,12,2,3,8,0,0,0,1,12,33983,6,1,0,0,3,3,70,999,0,0,0,0,0,0,0,0,0,0,0,0,0,0,1,2,35,1,1,8,1,0,0,1,80,99,1,1,13,0,0
12,121664,1,2,1,2,10,10,40,31,0,1,0,12,3,35,50,35050,4,2014,3N1CE2CP1EL3,3,N,1,C,E,2,C,P,1,E,L,3,0,0,0,000000000,00000000000,0,0,0,1,0,0,0,0,0,0,0,50,0,0,0,12,6,2,12,0,0,0,1,39,45123,6,1,0,0,3,0,68,999,0,2,0,0,0,10,2011,10,2012,0,6,51,0,0,2,4,55,3,1,8,1,0,0,14,12,99,1,4,6,0,0
12,121664,2,2,2,2,10,10,40,31,0,1,0,12,1,12,23,12023,4,2010,3FAHP0GA8AR4,3,F,A,H,P,0,G,A,8,A,R,4,0,0,0,000000000,00000000000,0,0,0,1,0,0,0,0,0,0,0,50,0,0,0,12,6,2,12,0,0,0,1,12,32578,6,1,0,0,3,3,74,999,0,0,0,0,0,0,0,0,0,0,0,0,0,0,2,4,55,3,1,8,1,0,0,14,62,99,1,1,98,1,0
12,121665,1,1,2,3,10,17,21,34,0,1,0,12,2,53,706,53706,80,2013,JS1GX72B2D21,J,S,1,G,X,7,2,B,2,D,2,1,0,0,0,000000000,00000000000,0,0,0,1,0,0,0,0,0,0,0,100,0,0,0,99,6,2,1,0,0,0,1,12,32725,6,1,0,0,3,0,67,999,0,0,0,0,0,0,0,0,0,0,28,0,0,0,3,2,60,2,1,8,1,0,0,14,12,99,1,4,6,1,0
12,121666,1,1,1,9,10,14,8,42,0,1,0,12,1,49,40,49040,4,2002,4T1BE32K92U0,4,T,1,B,E,3,2,K,9,2,U,0,0,0,0,000000000,00000000000,0,0,0,1,0,0,0,0,0,0,0,50,0,0,0,12,6,2,42,0,0,0,1,12,32439,6,1,0,0,3,0,63,999,0,0,0,0,1,10,2012,10,2012,3,6,0,0,0,1,2,30,2,1,4,1,28,3,14,12,3,2,4,7,1,1
12,121667,1,1,1,10,10,1,30,30,0,1,0,12,2,21,22,21022,4,2001,1G3GS64C0142,1,G,3,G,S,6,4,C,0,1,4,2,0,0,0,000000000,00000000000,0,0,0,1,0,0,0,0,0,0,0,75,0,0,0,3,6,2,30,0,0,0,1,12,34234,6,1,0,0,3,0,59,999,0,0,0,2,0,6,2013,10,2014,0,6,0,0,0,1,6,50,3,1,8,1,0,0,14,12,99,4,4,7,1,1
12,121669,1,1,5,11,10,20,16,15,0,1,0,47,1,13,421,13421,15,2007,5LMFU27587LJ,5,L,M,F,U,2,7,5,8,7,L,J,0,0,0,000000000,00000000000,0,0,0,1,0,0,0,0,0,0,0,45,0,0,0,12,4,5,15,0,0,0,1,47,37801,6,1,0,0,3,0,74,999,0,0,0,0,0,0,0,0,0,0,0,0,0,0,3,3,45,1,1,8,1,0,0,1,83,8,1,1,13,0,0
12,121670,1,2,2,12,10,12,8,12,6,1,0,12,1,35,51,35051,6,2008,JN8AS58TX8W0,J,N,8,A,S,5,8,T,X,8,W,0,0,0,0,000000000,00000000000,0,0,0,1,0,0,0,0,0,0,0,5,0,0,0,12,4,5,12,0,0,0,1,12,34208,6,1,0,0,3,3,60,999,0,0,0,0,0,0,0,0,0,0,38,0,0,0,3,2,25,1,1,8,1,3,3,11,15,99,1,1,82,0,0
12,121670,2,2,1,12,10,12,8,12,6,1,0,12,1,49,442,49442,20,2005,5TDZA22C95S3,5,T,D,Z,A,2,2,C,9,5,S,3,0,0,0,000000000,00000000000,0,0,0,1,0,0,0,0,0,0,0,45,0,0,0,4,6,2,12,0,0,0,1,12,34235,6,1,0,0,3,3,65,999,0,0,0,0,0,0,0,0,0,0,0,0,0,0,3,3,45,1,1,8,1,3,3,1,66,99,1,1,83,0,0
12,121671,1,1,1,19,3,12,50,42,0,1,0,12,2,21,2,21002,4,1996,1G3HY52K1T48,1,G,3,H,Y,5,2,K,1,T,4,8,0,0,0,000000000,00000000000,0,0,0,1,0,0,0,0,0,0,0,20,0,0,0,12,6,2,19,0,0,0,1,12,32348,6,1,0,0,3,3,70,999,0,0,0,0,0,0,0,0,0,0,0,0,0,0,1,2,30,1,1,8,1,0,0,1,12,99,1,4,6,1,0
12,121673,1,2,2,24,6,16,52,12,1,1,0,12,1,20,16,20016,2,2004,1G1JF12F6472,1,G,1,J,F,1,2,F,6,4,7,2,0,0,0,000000000,00000000000,0,0,0,1,0,0,0,0,0,0,0,30,0,0,0,12,4,5,12,0,0,0,1,12,33027,6,1,0,0,3,3,67,999,0,0,0,0,0,0,0,0,0,0,6,0,0,0,3,4,45,1,1,8,1,0,0,1,50,99,1,1,20,1,0
12,121673,2,2,1,24,6,16,52,12,1,1,0,12,1,63,37,63037,6,2014,KNDJX3A58E77,K,N,D,J,X,3,A,5,8,E,7,7,0,0,0,000000000,00000000000,0,0,0,1,0,0,0,0,0,0,0,0,0,0,0,6,4,5,12,0,0,0,1,12,33326,6,1,0,0,3,3,64,999,0,0,0,0,0,0,0,0,0,0,0,0,0,0,3,4,45,1,1,8,1,0,0,5,53,99,1,1,21,0,0
12,121674,1,1,1,19,7,21,45,8,0,1,1,99,9,99,999,99999,99,9999,999999999999,9,9,9,9,9,9,9,9,9,9,9,9,0,0,0,000000000,00000000000,0,0,0,1,0,0,0,0,0,0,0,40,0,0,0,5,8,5,8,0,0,0,1,99,99999,9,9,99,9,9,9,999,999,99,99,99,99,99,99,9999,99,9999,0,0,0,0,0,5,5,40,1,1,8,1,0,0,1,80,99,1,1,13,0,0
12,121675,1,1,3,19,7,5,55,8,0,1,0,12,1,37,31,37031,2,2002,1HGEM21502L0,1,H,G,E,M,2,1,5,0,2,L,0,0,0,0,000000000,00000000000,0,0,0,1,0,0,0,0,0,0,0,40,0,0,0,12,4,5,8,0,0,0,1,12,33619,6,1,0,0,3,0,67,999,0,0,0,0,0,0,0,0,0,0,0,0,0,0,3,3,50,1,1,8,1,0,0,1,80,99,1,1,13,0,0
12,121676,1,1,2,26,7,3,38,43,0,1,0,12,5,37,31,37031,4,2007,1HGFA16577L0,1,H,G,F,A,1,6,5,7,7,L,0,0,0,0,000000000,00000000000,0,0,0,1,0,0,0,0,0,0,0,70,0,1,5,6,6,2,1,0,0,0,1,12,33604,1,1,0,0,2,0,70,999,0,3,0,1,3,10,2011,3,2014,3,36,0,0,0,1,2,25,3,1,8,1,0,0,14,12,99,1,4,6,2,1
12,121677,1,1,1,31,7,11,59,33,0,1,0,12,1,12,17,12017,4,2007,1FAFP53U27A2,1,F,A,F,P,5,3,U,2,7,A,2,0,0,0,000000000,00000000000,0,0,0,1,0,0,0,0,0,0,0,998,0,0,0,12,6,2,42,0,0,0,1,12,33308,6,1,0,0,3,3,65,999,0,0,0,0,0,0,0,0,0,0,0,0,0,0,2,2,98,2,1,8,1,0,0,14,12,99,1,4,6,1,0
12,121678,1,1,1,16,6,18,0,16,0,1,0,12,2,7,471,7471,30,1989,JB7FL24D5KP0,J,B,7,F,L,2,4,D,5,K,P,0,0,0,0,000000000,00000000000,0,0,0,1,0,0,0,0,0,0,0,28,0,0,0,0,6,2,16,0,0,0,1,12,34601,6,1,6,0,3,3,74,999,0,0,0,0,0,0,0,0,0,0,0,0,0,0,1,2,50,1,1,8,2,0,0,1,98,1,1,1,0,1,0
12,121679,1,1,1,14,8,8,35,8,0,1,0,12,1,7,24,7024,4,2010,2B3CA5CT6AH1,2,B,3,C,A,5,C,T,6,A,H,1,0,0,0,000000000,00000000000,0,0,0,1,0,0,0,0,0,0,0,5,0,0,0,12,0,5,8,0,0,0,1,12,33179,6,1,0,0,3,0,74,999,0,0,0,1,0,2,2012,2,2012,0,38,0,0,0,1,2,98,1,1,8,1,0,0,10,80,99,1,1,13,0,0
12,121680,1,1,1,28,8,20,35,8,0,1,0,12,3,12,481,12481,31,2010,1FDWF3G50AEA,1,F,D,W,F,3,G,5,0,A,E,A,0,0,0,000000000,00000000000,0,0,0,1,0,0,0,0,0,0,0,10,0,0,0,12,0,3,8,0,0,0,1,12,33606,6,1,6,0,3,0,74,999,0,0,0,0,0,0,0,0,0,0,0,0,0,0,1,2,25,1,1,8,1,0,0,1,80,99,1,1,13,0,0
12,121681,1,1,1,29,8,23,15,1,0,1,0,12,2,37,706,37706,80,2004,1HFSC49F24A2,1,H,F,S,C,4,9,F,2,4,A,2,0,0,0,000000000,00000000000,0,0,0,1,0,0,0,0,0,0,0,998,0,0,0,0,6,2,1,0,0,0,1,12,33803,4,1,5,0,2,3,71,999,0,0,0,0,0,0,0,0,0,0,6,0,0,0,5,3,60,1,1,8,1,0,0,1,98,99,1,1,98,1,1
12,121682,1,1,2,1,9,10,29,1,0,1,0,12,1,72,706,72706,80,2001,1HD1FHW151Y6,1,H,D,1,F,H,W,1,5,1,Y,6,0,0,0,000000000,00000000000,0,0,0,1,0,0,0,0,0,0,0,70,0,0,0,0,6,2,1,0,0,0,1,12,32244,6,1,6,0,3,3,69,999,0,0,0,0,0,0,0,0,0,0,0,0,0,0,3,3,70,1,1,8,1,0,0,1,1,1,1,1,98,1,0
12,121683,1,2,1,4,9,11,56,33,0,1,0,12,2,73,705,73705,80,2007,JKAZX4P197A0,J,K,A,Z,X,4,P,1,9,7,A,0,0,0,0,000000000,00000000000,0,0,0,1,0,0,0,0,0,0,0,60,0,0,0,12,6,2,12,0,0,0,1,12,33702,6,1,0,0,3,0,69,999,1,0,0,0,2,12,2012,9,2013,3,36,0,0,0,2,2,35,1,1,8,1,0,0,1,13,6,4,4,1,1,0
12,121683,2,2,2,4,9,11,56,33,0,1,0,42,1,7,482,7482,31,2012,1C6RD7NT8CS3,1,C,6,R,D,7,N,T,8,C,S,3,0,0,0,000000000,00000000000,0,0,0,1,0,0,0,0,0,0,0,20,0,0,0,3,2,3,12,0,0,0,1,12,33710,6,1,0,0,3,0,73,999,0,0,0,0,0,0,0,0,0,0,0,0,0,0,1,2,25,1,1,8,1,20,3,10,60,99,1,1,98,0,0
12,121684,1,2,1,11,9,16,46,12,6,1,0,12,1,2,1,2001,6,2012,1C4NJCBA2CD6,1,C,4,N,J,C,B,A,2,C,D,6,0,0,0,000000000,00000000000,0,0,0,1,0,0,0,0,0,0,0,50,0,0,0,3,6,2,12,0,0,0,1,12,32136,6,1,0,0,3,0,66,999,0,0,0,1,0,6,2014,6,2014,0,39,0,0,0,1,2,55,1,1,8,1,20,3,1,17,99,1,1,87,1,0
12,121684,2,2,1,11,9,16,46,12,6,1,0,12,4,23,422,23422,15,2012,1GKS2HE74CR2,1,G,K,S,2,H,E,7,4,C,R,2,0,0,0,000000000,00000000000,0,0,0,1,0,0,0,0,0,0,0,55,0,0,0,12,6,2,12,0,0,0,1,12,32205,4,1,5,0,2,0,69,999,0,0,0,1,0,2,2014,2,2014,0,0,0,0,0,1,2,55,1,1,8,1,0,0,1,66,99,1,1,86,0,0
12,121685,1,1,1,11,9,18,33,43,0,1,0,12,1,55,36,55036,3,2007,KMHCM36C37U0,K,M,H,C,M,3,6,C,3,7,U,0,0,0,0,000000000,00000000000,0,0,0,1,0,0,0,0,0,0,0,40,0,0,0,12,2,3,43,0,0,0,1,12,33486,6,1,0,0,3,3,60,999,0,0,0,0,0,0,0,0,0,0,0,0,0,0,3,2,25,1,1,8,2,0,0,1,90,99,1,1,12,1,0
12,121686,1,1,2,14,9,2,25,42,0,1,0,12,2,35,47,35047,4,2005,1N4AL11E45C3,1,N,4,A,L,1,1,E,4,5,C,3,0,0,0,000000000,00000000000,0,0,0,1,0,0,0,0,0,0,0,60,0,0,0,1,6,2,42,0,0,0,1,12,32137,1,1,0,0,2,0,70,999,0,1,0,1,0,11,2012,8,2014,0,6,0,0,0,6,1,70,2,1,8,1,0,0,14,12,99,1,4,6,1,1