STATE,ST_CASE,VEH_NO,VE_FORMS,NUMOCCS,DAY,MONTH,HOUR,MINUTE,HARM_EV,MAN_COLL,UNITTYPE,HIT_RUN,REG_STAT,OWNER,MAKE,MODEL,MAK_MOD,BODY_TYP,MOD_YEAR,VIN,VIN_1,VIN_2,VIN_3,VIN_4,VIN_5,VIN_6,VIN_7,VIN_8,VIN_9,VIN_10,VIN_11,VIN_12,TOW_VEH,J_KNIFE,MCARR_I1,MCARR_I2,MCARR_ID,GVWR,V_CONFIG,CARGO_BT,HAZ_INV,HAZ_PLAC,HAZ_ID,HAZ_CNO,HAZ_REL,BUS_USE,SPEC_USE,EMER_USE,TRAV_SP,UNDERIDE,ROLLOVER,ROLINLOC,IMPACT1,DEFORMED,TOWED,M_HARM,VEH_SC1,VEH_SC2,FIRE_EXP,DR_PRES,L_STATE,DR_ZIP,L_STATUS,L_TYPE,CDL_STAT,L_ENDORS,L_COMPL,L_RESTRI,DR_HGT,DR_WGT,PREV_ACC,PREV_SUS,PREV_DWI,PREV_SPD,PREV_OTH,FIRST_MO,FIRST_YR,LAST_MO,LAST_YR,SPEEDREL,DR_SF1,DR_SF2,DR_SF3,DR_SF4,VTRAFWAY,VNUM_LAN,VSPD_LIM,VALIGN,VPROFILE,VPAVETYP,VSURCOND,VTRAFCON,VTCONT_F,P_CRASH1,P_CRASH2,P_CRASH3,PCRASH4,PCRASH5,ACC_TYPE,DEATHS,DR_DRINK
12,121819,1,1,1,3,11,18,20,1,0,1,0,12,1,38,402,38402,14,2002,4S2CK58D2243,4,S,2,C,K,5,8,D,2,2,4,3,0,0,0,000000000,00000000000,0,0,0,1,0,0,0,0,0,0,0,70,0,1,1,0,6,2,1,0,0,0,1,12,34208,6,1,0,0,3,0,72,999,0,0,0,0,0,0,0,0,0,0,6,0,0,0,3,6,70,1,1,8,1,0,0,15,98,7,3,2,98,1,0
12,121820,1,1,1,12,9,0,0,21,0,1,0,12,1,41,51,41051,4,2014,JM1BM1U72E11,J,M,1,B,M,1,U,7,2,E,1,1,0,0,0,000000000,00000000000,0,0,0,1,0,0,0,0,0,0,0,85,0,0,0,12,6,2,21,0,0,1,1,12,32807,6,1,0,0,3,0,68,999,0,0,0,0,0,0,0,0,0,0,8,28,0,0,6,2,45,1,1,2,1,28,3,1,12,1,1,4,6,1,1
12,121821,1,1,2,14,10,20,50,8,0,1,0,12,1,82,850,82850,73,2005,4UZAAHDC75CU,4,U,Z,A,A,H,D,C,7,5,C,U,1,1,0,000000000,00000000000,0,0,0,1,0,0,0,0,0,0,0,40,0,0,0,12,0,5,8,0,0,0,1,12,34428,6,1,0,0,3,3,68,999,0,0,0,1,0,2,2013,2,2013,0,0,0,0,0,2,2,60,1,1,8,2,0,0,1,80,1,1,1,13,0,0
12,121822,1,1,1,31,10,7,10,8,0,1,1,51,1,12,481,12481,31,2012,1FTFW1CF7CFC,1,F,T,F,W,1,C,F,7,C,F,C,0,0,0,000000000,00000000000,0,0,0,1,0,0,0,0,0,0,0,45,0,0,0,98,9,5,8,0,0,0,1,12,34238,6,1,0,0,3,3,70,999,0,0,0,1,0,11,2011,11,2011,0,0,0,0,0,3,2,45,1,1,8,2,0,0,1,13,99,1,4,1,0,0
12,121823,1,3,2,31,10,22,15,12,1,1,1,12,1,35,47,35047,4,2006,1N4AL11D86N3,1,N,4,A,L,1,1,D,8,6,N,3,0,0,0,000000000,00000000000,0,0,0,1,0,0,0,0,0,0,0,40,0,0,0,12,6,2,12,0,0,1,1,12,33042,6,1,0,0,3,0,70,999,0,0,0,0,0,0,0,0,0,0,36,0,0,0,5,5,35,1,1,8,1,0,0,1,51,99,1,1,24,0,1
12,121823,2,3,2,31,10,22,15,12,1,1,0,12,2,76,701,76701,88,2001,VG54UYA061A1,V,G,5,4,U,Y,A,0,6,1,A,1,0,0,0,000000000,00000000000,0,0,0,1,0,0,0,0,0,0,0,35,0,0,0,6,4,3,12,0,0,0,1,12,33040,6,1,0,0,3,0,67,999,0,0,0,0,0,0,0,0,0,0,0,0,0,0,5,5,35,1,1,8,1,0,0,1,53,99,1,1,25,0,0
12,121823,3,3,2,31,10,22,15,12,1,1,0,12,1,98,709,98709,80,2011,LY8TCAPG0BY0,L,Y,8,T,C,A,P,G,0,B,Y,0,0,0,0,000000000,00000000000,0,0,0,1,0,0,0,0,0,0,0,35,0,0,0,6,6,2,12,0,0,0,1,12,33040,6,1,0,0,2,3,69,999,0,0,0,0,0,0,0,0,0,0,0,0,0,0,5,5,35,1,1,8,1,0,0,1,53,99,1,1,98,1,0
12,121824,1,2,1,31,10,8,49,12,2,1,0,12,2,23,421,23421,15,2000,3GKEC16T3YG2,3,G,K,E,C,1,6,T,3,Y,G,2,0,0,0,000000000,00000000000,0,0,0,1,0,0,0,0,0,0,0,55,0,0,0,12,6,2,12,0,0,0,1,12,34715,6,1,0,0,3,3,66,999,0,0,0,0,0,0,0,0,0,0,38,0,0,0,1,2,55,1,1,8,1,0,0,11,15,99,1,1,68,0,0
12,121824,2,2,2,31,10,8,49,12,2,1,0,12,1,54,35,54035,4,2002,19UUA56652A0,1,9,U,U,A,5,6,6,5,2,A,0,0,0,0,000000000,00000000000,0,0,0,1,0,0,0,0,0,0,0,55,0,0,0,12,6,2,12,0,0,0,1,12,32724,6,1,0,0,3,3,67,999,0,0,0,1,0,8,2012,8,2012,0,0,0,0,0,1,2,55,1,1,8,1,0,0,1,62,99,1,1,69,1,0
12,121825,1,1,1,1,11,2,11,8,0,1,0,48,1,20,443,20443,20,2005,1GNDV23EX5D1,1,G,N,D,V,2,3,E,X,5,D,1,0,0,0,000000000,00000000000,0,0,0,1,0,0,0,0,0,0,0,40,0,0,0,12,4,3,8,0,0,0,1,97,0,9,9,99,9,9,9,999,999,99,99,99,99,99,99,9999,99,9999,0,0,0,0,0,5,3,40,1,1,8,1,0,0,1,80,99,1,1,13,0,0
12,121826,1,1,2,1,11,5,30,33,0,1,0,12,1,73,703,73703,80,2009,JKAEXMJ179DA,J,K,A,E,X,M,J,1,7,9,D,A,0,0,0,000000000,00000000000,0,0,0,1,0,0,0,0,0,0,0,35,0,0,0,3,6,2,42,0,0,0,1,12,32828,6,1,0,0,3,0,68,999,0,0,0,0,0,0,0,0,0,0,0,0,0,0,3,2,35,3,1,8,1,0,0,14,13,99,1,4,1,1,1
12,121827,1,1,1,1,11,0,16,8,0,1,0,12,2,12,37,12037,4,2009,1FAHP36N69W1,1,F,A,H,P,3,6,N,6,9,W,1,0,0,0,000000000,00000000000,0,0,0,1,0,0,0,0,0,0,0,45,0,0,0,12,4,3,8,0,0,0,1,12,32837,6,1,0,0,3,3,70,999,0,0,0,0,0,0,0,0,0,0,0,0,0,0,3,3,45,1,1,8,1,0,0,1,80,99,1,1,13,0,0
12,121828,1,1,2,2,11,21,48,32,0,1,0,12,2,12,481,12481,31,2008,1FTRW12W08FB,1,F,T,R,W,1,2,W,0,8,F,B,0,0,0,000000000,00000000000,0,0,0,1,0,0,0,0,0,0,0,55,0,1,5,12,6,2,1,0,0,0,1,12,32433,6,1,0,0,3,0,68,999,0,0,0,0,1,9,2012,9,2012,0,28,0,0,0,1,2,55,2,1,8,1,0,0,14,13,99,1,4,1,1,0
12,121829,1,2,1,4,11,15,5,12,7,1,0,12,1,35,43,35043,4,2002,3N1CB51D42L6,3,N,1,C,B,5,1,D,4,2,L,6,0,0,0,000000000,00000000000,0,0,0,1,0,0,0,0,0,0,0,20,0,0,0,3,6,2,12,0,0,0,1,12,32208,6,1,0,0,3,3,61,999,0,0,0,0,0,0,0,0,0,0,38,0,0,0,3,2,45,1,1,8,1,3,3,11,15,99,1,1,76,0,0
12,121829,2,2,1,4,11,15,5,12,7,1,0,12,2,76,706,76706,80,2013,JYAVP33E0DA0,J,Y,A,V,P,3,3,E,0,D,A,0,0,0,0,000000000,00000000000,0,0,0,1,0,0,0,0,0,0,0,35,0,0,0,9,6,2,12,0,0,0,1,12,32216,6,1,0,0,3,3,76,999,0,1,0,0,0,5,2014,5,2014,0,0,0,0,0,3,2,45,1,1,8,1,3,3,1,65,99,1,1,77,1,0
12,121830,1,1,1,26,9,0,12,30,0,1,0,12,1,20,2,20002,4,2008,2G1WB58K3892,2,G,1,W,B,5,8,K,3,8,9,2,0,0,0,000000000,00000000000,0,0,0,1,0,0,0,0,0,0,0,65,0,0,0,9,6,2,30,0,0,0,1,12,33896,6,1,0,0,3,3,61,999,0,0,0,0,0,0,0,0,0,0,6,0,0,0,3,2,65,1,1,2,1,0,0,1,12,99,3,4,6,1,1
12,121831,1,1,1,27,9,23,30,8,0,1,1,12,1,12,481,12481,31,2004,1FTPX14574NB,1,F,T,P,X,1,4,5,7,4,N,B,0,0,0,000000000,00000000000,0,0,0,1,0,0,0,0,0,0,0,998,0,0,0,12,2,5,8,0,0,0,1,12,33823,6,1,6,0,3,0,70,999,0,0,0,0,0,0,0,0,0,0,6,0,0,0,2,2,55,1,1,8,1,0,0,1,13,99,1,4,1,0,0
12,121832,1,2,1,12,10,17,41,12,2,1,0,12,1,6,41,6041,4,2000,2C3HD36J8YH3,2,C,3,H,D,3,6,J,8,Y,H,3,0,0,0,000000000,00000000000,0,0,0,1,0,0,0,0,0,0,0,998,0,0,0,12,6,2,12,0,0,0,1,12,34759,6,1,0,0,3,0,69,999,0,0,0,0,0,0,0,0,0,0,33,38,28,0,1,2,55,3,1,8,1,97,8,6,10,99,1,2,50,0,1
12,121832,2,2,1,12,10,17,41,12,2,1,0,12,2,98,706,98706,80,2012,1T9SR26822S8,1,T,9,S,R,2,6,8,2,2,S,8,0,0,0,000000000,00000000000,0,0,0,1,0,0,0,0,0,0,0,998,0,0,0,12,6,2,12,0,0,0,1,12,33872,6,1,6,0,3,0,69,999,0,0,0,0,0,0,0,0,0,0,0,0,0,0,1,2,55,3,1,8,1,0,0,14,62,99,1,1,51,1,0
12,121833,1,2,2,14,10,18,2,12,6,1,0,12,1,41,50,41050,4,2004,1YVFP80D245N,1,Y,V,F,P,8,0,D,2,4,5,N,0,0,0,000000000,00000000000,0,0,0,1,0,0,0,0,0,0,0,5,0,0,0,9,4,3,12,0,0,0,1,12,32084,6,1,0,0,3,0,63,999,0,0,0,1,0,3,2012,3,2012,0,48,0,0,0,1,2,55,1,1,8,2,0,0,12,98,99,1,1,98,0,0
12,121833,2,2,1,14,10,18,2,12,6,1,0,12,1,76,705,76705,80,2002,JYAVM01E02A0,J,Y,A,V,M,0,1,E,0,2,A,0,0,0,0,000000000,00000000000,0,0,0,1,0,0,0,0,0,0,0,35,0,0,0,12,6,2,12,0,0,1,1,12,32148,6,1,0,0,3,0,70,999,0,0,0,0,0,0,0,0,0,0,0,0,0,0,1,2,55,1,1,8,2,0,0,1,61,99,1,1,98,1,1
12,121834,1,2,1,24,10,6,38,12,6,1,1,12,3,98,498,98498,14,2000,2FZXKPYB8YAB,2,F,Z,X,K,P,Y,B,8,Y,A,B,1,1,0,000000000,00000000000,0,0,0,1,0,0,0,0,0,0,0,10,0,0,0,5,2,5,12,0,0,0,1,12,33569,4,1,4,0,2,0,69,999,0,0,0,0,0,0,0,0,0,0,38,0,0,0,3,2,35,1,1,8,1,21,3,11,15,99,1,1,68,0,0
12,121834,2,2,1,24,10,6,38,12,6,1,0,12,2,76,703,76703,80,2009,JYAVG04E99A0,J,Y,A,V,G,0,4,E,9,9,A,0,0,0,0,000000000,00000000000,0,0,0,1,0,0,0,0,0,0,0,60,0,0,0,12,6,2,12,0,0,0,1,12,33592,1,1,0,0,2,0,69,999,0,0,0,0,0,0,0,0,0,0,0,0,0,0,3,2,35,1,1,8,1,0,0,1,62,99,1,1,69,1,0
12,121835,1,1,1,26,10,21,40,8,0,1,0,12,2,30,47,30047,1,2006,3VWPF31Y46M3,3,V,W,P,F,3,1,Y,4,6,M,3,0,0,0,000000000,00000000000,0,0,0,1,0,0,0,0,0,0,0,35,0,0,0,12,6,2,8,0,0,0,1,12,32909,6,1,0,0,3,0,70,999,1,0,0,0,0,5,2014,5,2014,0,0,0,0,0,1,2,35,1,1,8,1,0,0,1,80,99,1,1,13,0,0
12,121836,1,1,2,27,10,23,29,53,0,1,0,12,2,35,39,35039,4,2006,1N4BA41E06C8,1,N,4,B,A,4,1,E,0,6,C,8,0,0,0,000000000,00000000000,0,0,0,1,0,0,0,0,0,0,0,70,0,1,5,12,6,2,1,0,0,0,1,12,34120,6,1,0,0,3,0,70,999,0,0,0,0,0,0,0,0,0,0,28,0,0,0,1,2,45,1,1,8,1,0,0,1,12,99,1,4,6,1,1
12,121837,1,2,1,28,10,11,19,1,0,1,0,12,1,53,706,53706,80,2011,JS1GT78A1B21,J,S,1,G,T,7,8,A,1,B,2,1,0,0,0,000000000,00000000000,0,0,0,1,0,0,0,0,0,0,0,60,0,0,0,0,6,2,12,0,0,0,1,12,33952,6,1,0,0,3,0,69,999,0,0,0,1,0,5,2012,5,2012,3,0,0,0,0,1,2,40,1,1,8,1,0,0,1,62,99,1,1,98,1,0
12,121837,2,2,1,28,10,11,19,1,0,1,0,12,3,23,461,23461,21,2004,1GDGG31V4419,1,G,D,G,G,3,1,V,4,4,1,9,0,0,0,000000000,00000000000,0,0,0,1,0,0,0,0,0,0,0,5,0,0,0,1,6,2,12,0,0,0,1,12,33974,6,1,0,0,3,0,73,999,0,0,0,0,0,0,0,0,0,0,0,0,0,0,1,2,40,1,1,8,1,0,0,11,15,99,1,1,98,0,0
12,121838,1,2,2,28,10,20,35,1,0,1,0,6,4,82,881,82881,62,2014,3ALACWDT6EDF,3,A,L,A,C,W,D,T,6,E,D,F,0,0,77,777777777,77777777777,2,1,1,1,0,0,0,0,0,0,0,8,0,0,0,6,2,5,12,0,0,0,1,12,34205,6,1,0,0,3,0,70,999,0,0,0,0,0,0,0,0,0,0,0,0,0,0,3,5,40,1,1,8,1,3,3,12,98,99,1,1,98,0,0
12,121838,2,2,1,28,10,20,35,1,0,1,0,12,2,76,705,76705,80,2014,JYARJ16E6EA0,J,Y,A,R,J,1,6,E,6,E,A,0,0,0,0,000000000,00000000000,0,0,0,1,0,0,0,0,0,0,0,998,0,0,0,0,6,2,12,0,0,0,1,12,33610,6,1,0,0,3,0,72,999,1,7,0,2,2,2,2012,7,2014,0,0,0,0,0,3,4,45,1,1,8,1,3,3,1,62,99,1,1,98,1,0
12,121839,1,1,1,29,10,9,40,25,0,1,0,12,3,98,809,98809,63,2006,2FZHAZCV16AV,2,F,Z,H,A,Z,C,V,1,6,A,V,0,0,12,91690,1291690,3,2,4,1,0,0,0,0,0,0,0,55,0,1,3,12,6,2,31,0,0,0,1,12,32818,6,1,6,0,3,0,71,999,0,0,0,0,0,0,0,0,0,0,0,0,0,0,3,6,55,1,1,2,1,0,0,1,1,99,1,4,98,1,0
12,121840,1,4,1,29,10,2,9,12,1,1,0,12,1,53,706,53706,80,2014,JS1GT78A1E21,J,S,1,G,T,7,8,A,1,E,2,1,0,0,0,000000000,00000000000,0,0,0,1,0,0,0,0,0,0,0,80,0,0,0,12,6,2,12,0,0,0,1,12,32738,6,1,0,0,3,0,70,999,0,3,1,0,0,2,2013,7,2013,3,0,0,0,0,3,3,65,1,1,8,1,0,0,1,51,99,1,1,24,1,1
12,121840,2,4,1,29,10,2,9,12,1,1,0,12,2,49,40,49040,4,1997,4T1BG22KXVU1,4,T,1,B,G,2,2,K,X,V,U,1,0,0,0,000000000,00000000000,0,0,0,1,0,0,0,0,0,0,0,65,0,0,0,6,6,2,12,0,0,0,1,12,32065,6,1,6,0,3,0,65,999,0,0,0,2,0,6,2012,6,2013,0,0,0,0,0,3,3,65,1,1,8,1,0,0,1,53,99,1,1,25,0,0
12,121840,3,4,1,29,10,2,9,12,1,1,0,12,1,52,46,52046,4,2002,JA3AJ26E32U0,J,A,3,A,J,2,6,E,3,2,U,0,0,0,0,000000000,00000000000,0,0,0,1,0,0,0,0,0,0,0,65,0,0,0,14,6,2,54,0,0,0,1,12,32114,6,1,0,0,3,0,64,999,0,0,0,0,0,0,0,0,0,0,0,0,0,0,3,3,65,1,1,8,1,0,0,1,98,7,1,2,98,0,0
12,121840,4,4,4,29,10,2,9,12,1,1,0,12,1,49,50,49050,3,2006,JTKDE1777601,J,T,K,D,E,1,7,7,7,6,0,1,0,0,0,000000000,00000000000,0,0,0,1,0,0,0,0,0,0,0,65,0,0,0,12,6,2,24,0,0,0,1,12,32095,6,1,0,0,3,0,64,999,0,0,0,0,0,0,0,0,0,0,0,0,0,0,3,3,65,1,1,8,1,0,0,1,98,7,1,2,98,0,0
12,121841,1,1,1,29,10,20,39,8,0,1,0,12,1,49,482,49482,31,2004,5TBJN32154S4,5,T,B,J,N,3,2,1,5,4,S,4,0,0,0,000000000,00000000000,0,0,0,1,0,0,0,0,0,0,0,45,0,0,0,12,4,5,8,0,0,0,1,12,33917,6,1,0,0,3,3,70,999,0,0,0,0,0,0,0,0,0,0,0,0,0,0,5,5,50,1,1,8,1,0,0,1,80,99,1,1,13,0,0
12,121842,1,2,1,29,10,18,50,12,6,1,0,12,1,49,32,49032,4,1997,1NXBA02E6VZ6,1,N,X,B,A,0,2,E,6,V,Z,6,0,0,0,000000000,00000000000,0,0,0,1,0,0,0,0,0,0,0,5,0,0,0,9,6,2,12,0,0,0,1,12,32952,6,1,0,0,3,3,60,999,0,0,0,0,0,0,0,0,0,0,38,0,0,0,1,2,15,1,1,8,1,20,3,11,15,99,1,1,82,1,0
12,121842,2,2,3,29,10,18,50,12,6,1,0,12,2,12,481,12481,31,2001,1FTRX17L31NA,1,F,T,R,X,1,7,L,3,1,N,A,0,0,0,000000000,00000000000,0,0,0,1,0,0,0,0,0,0,0,45,0,0,0,12,6,2,12,0,0,0,1,12,32920,6,1,0,0,3,0,66,999,0,0,0,0,0,0,0,0,0,0,0,0,0,0,3,2,45,1,1,8,1,0,0,1,67,99,1,1,83,0,0
12,121843,1,1,1,30,10,18,5,59,0,1,0,12,1,72,706,72706,80,2013,1HD1BWV16DB0,1,H,D,1,B,W,V,1,6,D,B,0,0,0,0,000000000,00000000000,0,0,0,1,0,0,0,0,0,0,0,59,0,0,0,12,6,2,24,0,0,0,1,12,34221,6,1,0,0,3,0,69,999,0,0,0,0,0,0,0,0,0,0,36,0,0,0,3,3,50,1,1,8,1,28,3,6,13,99,1,4,1,1,1
12,121844,1,2,1,31,10,8,50,12,6,1,0,12,1,20,481,20481,31,2014,1GCRCREC2EZ3,1,G,C,R,C,R,E,C,2,E,Z,3,0,0,0,000000000,00000000000,0,0,0,1,0,0,0,0,0,0,0,50,0,0,0,12,6,2,12,0,0,0,1,12,32680,6,1,0,0,3,0,69,999,0,0,0,0,0,0,0,0,0,0,39,0,0,0,1,2,35,1,1,8,1,20,3,1,17,99,1,1,86,0,0
12,121844,2,2,2,31,10,8,50,12,6,1,0,12,2,12,481,12481,31,1995,1FTEF15N8SNA,1,F,T,E,F,1,5,N,8,S,N,A,1,1,0,000000000,00000000000,0,0,0,1,0,0,0,0,0,0,0,60,0,1,5,3,6,2,12,0,0,0,1,12,32025,6,1,6,0,3,0,73,999,0,0,0,0,0,0,0,0,0,0,0,0,0,0,1,3,60,1,1,8,1,0,0,1,66,99,1,1,87,1,0
12,121845,1,2,1,31,10,4,10,12,2,1,0,12,1,37,705,37705,80,2009,JH2RC500X9K5,J,H,2,R,C,5,0,0,X,9,K,5,0,0,0,000000000,00000000000,0,0,0,1,0,0,0,0,0,0,0,45,0,0,0,12,6,2,12,0,0,0,1,12,33774,6,1,0,0,3,3,71,999,0,0,0,0,0,0,0,0,0,0,39,0,0,0,3,4,45,1,1,8,1,3,3,1,17,99,1,1,69,1,0
12,121845,2,2,1,31,10,4,10,12,2,1,0,12,1,12,481,12481,31,2009,1FTPW12V29FA,1,F,T,P,W,1,2,V,2,9,F,A,0,0,0,000000000,00000000000,0,0,0,1,0,0,0,0,0,0,0,16,0,0,0,12,6,2,12,0,0,0,1,12,33709,6,1,0,0,3,0,70,999,0,0,0,0,1,4,2012,4,2012,0,0,0,0,0,3,3,45,1,1,8,1,3,3,11,62,99,1,1,68,0,1
12,121846,1,1,1,31,10,10,29,9,0,1,0,12,3,86,884,86884,64,1989,1M2B192C6KM0,1,M,2,B,1,9,2,C,6,K,M,0,0,0,12,1194957,121194957,3,2,7,1,0,0,0,0,0,0,0,15,0,0,0,83,4,3,9,0,0,0,1,12,33055,6,1,6,0,3,0,71,999,0,0,0,0,0,0,0,0,0,0,48,0,0,0,3,1,30,1,1,8,1,0,0,1,83,99,1,1,13,0,0
12,121847,1,1,1,2,11,16,30,1,0,1,0,12,1,37,705,37705,80,2004,JH2PC37014M1,J,H,2,P,C,3,7,0,1,4,M,1,0,0,0,000000000,00000000000,0,0,0,1,0,0,0,0,0,0,0,91,0,0,0,0,6,2,38,0,0,0,1,12,33976,1,1,0,0,2,0,66,999,1,3,0,2,5,10,2012,9,2014,0,6,0,0,0,1,2,30,3,1,2,1,97,8,14,98,99,1,1,98,1,0
12,121848,1,1,1,2,11,2,0,1,0,1,0,12,2,20,20,20020,4,1999,2G1WL52M2X92,2,G,1,W,L,5,2,M,2,X,9,2,0,0,0,000000000,00000000000,0,0,0,1,0,0,0,0,0,0,0,998,0,1,5,0,6,2,30,0,0,0,1,12,32771,6,1,0,0,3,3,70,999,0,0,0,0,1,10,2014,10,2014,0,6,0,0,0,1,2,45,1,1,8,1,0,0,1,13,99,1,4,1,1,0
12,121849,1,2,2,4,11,12,23,12,2,1,0,12,3,12,37,12037,4,2014,1FADP3F20EL3,1,F,A,D,P,3,F,2,0,E,L,3,0,0,0,000000000,00000000000,0,0,0,1,0,0,0,0,0,0,0,10,0,0,0,12,6,2,12,0,0,0,1,48,77450,6,1,0,0,3,0,999,999,0,0,0,0,0,0,0,0,0,0,39,0,0,0,6,1,45,1,4,8,1,20,3,1,17,99,1,1,90,1,0
12,121849,2,2,1,4,11,12,23,12,2,1,0,12,2,20,481,20481,31,2005,2GCEK13T0511,2,G,C,E,K,1,3,T,0,5,1,1,0,0,0,000000000,00000000000,0,0,0,1,0,0,0,0,0,0,0,45,0,0,0,12,6,2,12,0,0,0,1,12,32336,6,1,0,0,3,3,74,999,0,0,0,0,0,0,0,0,0,0,0,0,0,0,2,2,45,1,1,8,1,0,0,1,66,6,1,1,90,0,0
12,121850,1,1,1,4,11,18,50,8,0,1,1,12,1,12,3,12003,2,2004,1FAFP40644F1,1,F,A,F,P,4,0,6,4,4,F,1,0,0,0,000000000,00000000000,0,0,0,1,0,0,0,0,0,0,0,25,0,0,0,12,4,5,8,0,0,0,1,12,32922,6,1,0,0,3,0,74,999,0,0,0,0,0,0,0,0,0,0,6,0,0,0,1,2,25,1,1,8,1,0,0,1,80,99,1,1,13,0,1
12,121851,1,2,1,4,11,13,4,12,2,1,0,12,3,82,462,82462,22,2005,4UZAANCP85CU,4,U,Z,A,A,N,C,P,8,5,C,U,0,0,0,000000000,00000000000,0,0,0,1,0,0,0,0,0,0,0,2,0,0,0,12,4,5,12,0,0,0,1,12,33811,6,1,0,0,3,0,71,999,0,0,0,0,0,0,0,0,0,0,51,0,0,0,1,2,45,1,1,8,1,0,0,2,54,99,1,2,52,0,0
12,121851,2,2,1,4,11,13,4,12,2,1,0,12,1,37,706,37706,80,1998,1HFSC1802WA2,1,H,F,S,C,1,8,0,2,W,A,2,0,0,0,000000000,00000000000,0,0,0,1,0,0,0,0,0,0,0,45,0,0,0,12,6,2,12,0,0,0,1,12,33567,6,1,0,0,3,0,68,999,1,0,0,0,1,3,2012,4,2012,0,0,0,0,0,1,2,45,1,1,8,1,0,0,1,54,8,1,1,52,1,0
12,121853,1,1,1,6,11,8,50,30,0,1,0,12,1,20,481,20481,31,2007,2GCEC19C8716,2,G,C,E,C,1,9,C,8,7,1,6,0,0,0,000000000,00000000000,0,0,0,1,0,0,0,0,0,0,0,35,0,0,0,12,4,3,30,0,0,0,1,12,32533,6,1,0,0,3,0,67,999,0,0,0,0,0,0,0,0,0,0,6,0,0,0,1,2,35,1,1,2,1,0,0,1,12,99,1,4,6,1,0
12,121854,1,2,1,7,11,13,42,12,2,1,0,12,2,37,32,37032,4,2002,1HGCF86612A0,1,H,G,C,F,8,6,6,1,2,A,0,0,0,0,000000000,00000000000,0,0,0,1,0,0,0,0,0,0,0,55,0,0,0,12,6,2,12,0,0,0,1,12,33917,6,1,0,0,3,3,66,999,0,0,0,0,0,0,0,0,0,0,51,0,0,0,2,3,45,1,1,8,1,0,0,1,54,99,1,1,53,0,0
12,121854,2,2,1,7,11,13,42,12,2,1,0,12,1,19,14,19014,4,1999,1G6KY5497XU9,1,G,6,K,Y,5,4,9,7,X,U,9,0,0,0,000000000,00000000000,0,0,0,1,0,0,0,0,0,0,0,45,0,0,0,12,6,2,12,0,0,0,1,12,33920,6,1,0,0,3,0,67,999,0,0,0,0,0,0,0,0,0,0,0,0,0,0,2,3,45,1,1,8,1,0,0,1,54,99,1,1,53,1,0
12,121855,1,2,1,7,11,12,18,12,1,1,0,12,3,12,481,12481,31,2002,1FTNE24L02HA,1,F,T,N,E,2,4,L,0,2,H,A,0,0,0,000000000,00000000000,0,0,0,1,0,0,0,0,0,0,0,998,0,0,0,12,2,3,12,0,0,0,1,12,32327,6,1,0,0,3,0,67,999,0,0,0,0,0,0,0,0,0,0,6,0,0,0,1,2,35,1,1,8,1,0,0,1,51,2,1,1,24,0,0
12,121855,2,2,1,7,11,12,18,12,1,1,0,12,1,37,705,37705,80,1984,JH2PC1009EM1,J,H,2,P,C,1,0,0,9,E,M,1,0,0,0,000000000,00000000000,0,0,0,1,0,0,0,0,0,0,0,25,0,0,0,6,6,2,12,0,0,0,1,12,32303,6,1,0,0,3,0,71,999,0,0,0,0,0,0,0,0,0,0,0,0,0,0,1,2,35,1,1,8,1,0,0,1,53,99,1,1,25,1,0
12,121856,1,1,1,7,11,13,3,10,0,1,0,12,1,23,481,23481,31,2002,1GTEC14WX2Z2,1,G,T,E,C,1,4,W,X,2,Z,2,0,0,0,000000000,00000000000,0,0,0,1,0,0,0,0,0,0,0,5,0,0,0,1,6,2,10,0,0,0,1,12,32180,6,1,0,0,3,0,67,999,0,0,0,0,0,0,0,0,0,0,38,0,0,0,1,2,45,1,1,8,1,65,3,1,90,99,1,1,15,1,0
12,121857,1,1,1,30,5,18,5,8,0,1,0,12,2,39,37,39037,4,2012,SAJWA0FB2CLS,S,A,J,W,A,0,F,B,2,C,L,S,0,0,0,000000000,00000000000,0,0,0,1,0,0,0,0,0,0,0,5,0,0,0,81,0,5,8,0,0,0,1,12,33071,6,1,0,0,3,3,60,999,0,0,0,0,0,0,0,0,0,0,0,0,0,0,1,2,25,1,1,8,1,0,0,6,80,99,1,2,13,0,0
12,121858,1,1,1,21,9,18,40,1,0,1,0,12,1,72,706,72706,80,2013,1HD1KEM1XDB6,1,H,D,1,K,E,M,1,X,D,B,6,0,0,0,000000000,00000000000,0,0,0,1,0,0,0,0,0,0,0,75,0,0,0,0,6,2,1,0,0,0,1,12,34731,6,1,0,0,2,0,71,999,0,0,0,0,0,0,0,0,0,0,0,0,0,0,2,2,65,3,1,8,1,0,0,14,12,99,1,4,6,1,1
12,121859,1,1,1,28,9,11,25,3,0,1,0,12,1,49,402,49402,14,2013,JTMZFREV1D50,J,T,M,Z,F,R,E,V,1,D,5,0,0,0,0,000000000,00000000000,0,0,0,1,0,0,0,0,0,0,0,15,0,0,0,0,6,2,3,0,0,0,1,12,33919,6,1,0,0,3,0,67,999,0,0,0,0,1,1,2013,1,2013,0,0,0,0,0,1,2,25,1,1,8,99,0,0,99,98,99,1,4,0,1,0
12,121860,1,3,1,14,10,16,19,12,6,1,0,12,1,49,40,49040,4,2013,4T1BF1FK2DU2,4,T,1,B,F,1,F,K,2,D,U,2,0,0,0,000000000,00000000000,0,0,0,1,0,0,0,0,0,0,0,10,0,0,0,3,6,2,12,0,0,0,1,12,33012,6,1,0,0,3,0,63,999,1,0,0,0,0,4,2014,4,2014,0,0,0,0,0,3,3,40,1,1,8,1,3,3,11,15,99,1,1,68,0,0