STATE,ST_CASE,VEH_NO,VE_FORMS,NUMOCCS,DAY,MONTH,HOUR,MINUTE,HARM_EV,MAN_COLL,UNITTYPE,HIT_RUN,REG_STAT,OWNER,MAKE,MODEL,MAK_MOD,BODY_TYP,MOD_YEAR,VIN,VIN_1,VIN_2,VIN_3,VIN_4,VIN_5,VIN_6,VIN_7,VIN_8,VIN_9,VIN_10,VIN_11,VIN_12,TOW_VEH,J_KNIFE,MCARR_I1,MCARR_I2,MCARR_ID,GVWR,V_CONFIG,CARGO_BT,HAZ_INV,HAZ_PLAC,HAZ_ID,HAZ_CNO,HAZ_REL,BUS_USE,SPEC_USE,EMER_USE,TRAV_SP,UNDERIDE,ROLLOVER,ROLINLOC,IMPACT1,DEFORMED,TOWED,M_HARM,VEH_SC1,VEH_SC2,FIRE_EXP,DR_PRES,L_STATE,DR_ZIP,L_STATUS,L_TYPE,CDL_STAT,L_ENDORS,L_COMPL,L_RESTRI,DR_HGT,DR_WGT,PREV_ACC,PREV_SUS,PREV_DWI,PREV_SPD,PREV_OTH,FIRST_MO,FIRST_YR,LAST_MO,LAST_YR,SPEEDREL,DR_SF1,DR_SF2,DR_SF3,DR_SF4,VTRAFWAY,VNUM_LAN,VSPD_LIM,VALIGN,VPROFILE,VPAVETYP,VSURCOND,VTRAFCON,VTCONT_F,P_CRASH1,P_CRASH2,P_CRASH3,PCRASH4,PCRASH5,ACC_TYPE,DEATHS,DR_DRINK
12,121860,2,3,1,14,10,16,19,12,6,1,0,12,1,37,705,37705,80,2001,JH2PC35081M2,J,H,2,P,C,3,5,0,8,1,M,2,0,0,0,000000000,00000000000,0,0,0,1,0,0,0,0,0,0,0,40,0,0,0,12,6,2,12,0,0,1,1,12,33014,6,7,0,0,2,0,66,999,0,0,0,0,0,0,0,0,0,0,0,0,0,0,3,3,40,1,1,8,1,3,3,1,62,99,1,1,69,1,0
12,121860,3,3,1,14,10,16,19,12,6,1,0,12,1,48,401,48401,14,2011,JF2SHBBC9BH7,J,F,2,S,H,B,B,C,9,B,H,7,0,0,0,000000000,00000000000,0,0,0,1,0,0,0,0,0,0,0,0,0,0,0,12,4,5,12,0,0,0,1,12,33029,6,1,0,0,3,0,64,999,0,0,0,0,0,0,0,0,0,0,0,0,0,0,2,2,30,1,1,8,1,3,3,5,67,99,1,1,98,0,0
12,121861,1,1,1,14,10,22,28,8,0,1,0,12,1,63,34,63034,4,2008,KNAGE1237852,K,N,A,G,E,1,2,3,7,8,5,2,0,0,0,000000000,00000000000,0,0,0,1,0,0,0,0,0,0,0,55,0,0,0,12,6,2,8,0,0,0,1,12,34714,6,1,0,0,3,3,64,999,0,0,0,0,0,0,0,0,0,0,0,0,0,0,2,2,55,1,1,8,2,28,3,1,80,1,1,1,13,0,0
12,121862,1,1,1,18,10,3,58,30,0,1,0,12,2,49,40,49040,4,2000,4T1BF28K7YU0,4,T,1,B,F,2,8,K,7,Y,U,0,0,0,0,000000000,00000000000,0,0,0,1,0,0,0,0,0,0,0,35,0,0,0,9,6,2,30,0,0,0,1,12,34212,6,1,0,0,3,0,63,999,0,0,0,0,0,0,0,0,0,0,6,0,0,0,3,2,35,3,1,8,1,0,0,14,51,7,3,4,2,1,1
12,121863,1,2,1,20,10,13,56,12,1,1,0,12,1,35,43,35043,4,1999,3N1AB41D8XL0,3,N,1,A,B,4,1,D,8,X,L,0,0,0,0,000000000,00000000000,0,0,0,1,0,0,0,0,0,0,0,30,0,0,0,12,6,2,12,0,0,0,1,12,33139,6,1,0,0,3,3,63,999,0,0,0,0,0,0,0,0,0,0,6,0,0,0,1,5,30,1,1,8,1,3,3,1,50,99,1,1,20,0,0
12,121863,2,2,2,20,10,13,56,12,1,1,0,12,1,52,47,52047,6,2006,JA4LX31F46U0,J,A,4,L,X,3,1,F,4,6,U,0,0,0,0,000000000,00000000000,0,0,0,1,0,0,0,0,0,0,0,0,0,0,0,6,6,2,12,0,0,0,1,12,33169,6,1,0,0,3,3,63,999,0,0,0,0,0,0,0,0,0,0,0,0,0,0,1,5,30,1,1,8,1,3,3,5,53,99,1,1,22,1,0
12,121864,1,1,1,23,10,3,50,24,0,1,0,12,1,76,705,76705,80,2007,JYARJ12E07A0,J,Y,A,R,J,1,2,E,0,7,A,0,0,0,0,000000000,00000000000,0,0,0,1,0,0,0,0,0,0,0,100,0,0,0,9,6,2,24,0,0,0,1,12,33334,1,1,0,0,2,0,72,999,1,4,0,0,0,7,2013,10,2014,0,6,0,0,0,6,2,65,2,6,8,1,0,0,14,12,99,1,4,6,1,0
12,121865,1,1,1,24,10,19,48,30,0,1,0,12,2,20,22,20022,4,2005,1G1AL52F8576,1,G,1,A,L,5,2,F,8,5,7,6,0,0,0,000000000,00000000000,0,0,0,1,0,0,0,0,0,0,0,55,0,0,0,12,6,2,42,0,0,0,1,12,32431,2,1,0,0,2,0,67,999,0,0,0,0,0,0,0,0,0,0,6,0,0,0,1,2,35,3,6,8,1,0,0,14,12,99,1,4,6,1,0
12,121866,1,2,1,25,10,23,57,12,2,1,0,12,1,37,32,37032,4,2009,1HGCP264X9A0,1,H,G,C,P,2,6,4,X,9,A,0,0,0,0,000000000,00000000000,0,0,0,1,0,0,0,0,0,0,0,998,0,0,0,12,6,2,12,0,0,0,1,12,32256,4,1,0,0,2,0,77,999,0,1,0,0,0,12,2012,12,2012,0,28,6,0,0,2,2,35,1,1,8,1,97,8,1,12,99,1,4,50,1,1
12,121866,2,2,1,25,10,23,57,12,2,1,0,12,1,30,42,30042,5,2011,WVWDM7AJ8BW1,W,V,W,D,M,7,A,J,8,B,W,1,0,0,0,000000000,00000000000,0,0,0,1,0,0,0,0,0,0,0,998,0,0,0,12,2,3,12,0,0,0,1,12,32244,6,1,0,0,3,3,60,999,0,0,0,0,0,0,0,0,0,0,0,0,0,0,2,2,35,1,1,8,1,97,8,1,62,99,1,1,51,1,1
12,121867,1,1,1,25,10,6,45,9,0,1,1,99,9,99,999,99999,99,9999,999999999999,9,9,9,9,9,9,9,9,9,9,9,9,0,0,0,000000000,00000000000,0,0,0,1,0,0,0,0,0,0,0,30,0,0,0,12,4,5,9,0,0,0,1,99,99999,9,9,99,9,9,9,999,999,99,99,99,99,99,99,9999,99,9999,0,6,0,0,0,1,2,30,1,1,8,1,3,3,1,83,99,1,1,13,0,0
12,121868,1,2,1,25,10,12,31,12,6,1,0,12,1,55,41,55041,4,2010,KMHGC4DE1AU0,K,M,H,G,C,4,D,E,1,A,U,0,0,0,0,000000000,00000000000,0,0,0,1,0,0,0,0,0,0,0,45,0,0,0,12,6,2,12,0,0,0,1,12,33445,6,1,0,0,3,0,69,999,0,1,0,0,0,1,2014,1,2014,0,39,0,0,0,1,2,35,1,1,8,1,3,3,1,17,99,1,1,86,0,0
12,121868,2,2,1,25,10,12,31,12,6,1,0,12,1,55,35,55035,4,2006,KMHDN56D86U1,K,M,H,D,N,5,6,D,8,6,U,1,0,0,0,000000000,00000000000,0,0,0,1,0,0,0,0,0,0,0,15,0,0,0,3,6,2,12,0,0,0,1,12,33437,6,1,0,0,3,3,60,999,0,0,0,0,0,0,0,0,0,0,0,0,0,0,1,2,35,1,1,8,1,3,3,1,66,99,1,1,87,1,0
12,121869,1,2,2,25,10,5,50,25,0,1,0,12,1,24,9,24009,4,2007,1G8ZV57777F1,1,G,8,Z,V,5,7,7,7,7,F,1,0,0,0,000000000,00000000000,0,0,0,1,0,0,0,0,0,0,0,998,0,0,0,12,6,2,12,0,0,0,1,12,33142,1,7,0,0,2,0,64,999,0,5,0,0,0,9,2012,10,2014,0,0,0,0,0,3,3,55,1,5,8,1,0,0,1,12,7,4,4,6,1,0
12,121869,2,2,1,25,10,5,50,25,0,1,0,12,1,12,402,12402,14,2001,1FMYU03181KB,1,F,M,Y,U,0,3,1,8,1,K,B,0,0,0,000000000,00000000000,0,0,0,1,0,0,0,0,0,0,0,998,0,0,0,12,6,2,12,0,0,0,1,12,33179,6,1,0,0,3,0,69,999,0,0,0,0,0,0,0,0,0,0,0,0,0,0,3,3,55,1,5,8,1,0,0,1,54,99,1,1,98,0,0
12,121870,1,2,1,27,10,21,45,12,2,1,0,12,1,35,402,35402,14,2002,5N1ED28T92C5,5,N,1,E,D,2,8,T,9,2,C,5,0,0,0,000000000,00000000000,0,0,0,1,0,0,0,0,0,0,0,55,0,0,0,12,6,2,12,0,0,0,1,12,33308,6,1,0,0,3,0,72,999,0,0,0,0,0,0,0,0,0,0,51,0,0,0,3,2,55,1,1,8,1,0,0,1,54,99,1,1,53,0,1
12,121870,2,2,2,27,10,21,45,12,2,1,0,18,2,20,23,20023,6,2009,3GNCA23B99S5,3,G,N,C,A,2,3,B,9,9,S,5,0,0,0,000000000,00000000000,0,0,0,1,0,0,0,0,0,0,0,55,0,0,0,12,6,2,12,0,0,0,1,29,65714,6,1,0,0,3,3,64,999,0,0,0,0,0,0,0,0,0,0,0,0,0,0,3,2,55,1,1,8,1,0,0,1,54,99,1,1,53,2,0
12,121871,1,2,1,29,10,10,55,12,6,1,0,12,1,12,481,12481,31,2010,1FTFX1CV7AKE,1,F,T,F,X,1,C,V,7,A,K,E,0,0,0,000000000,00000000000,0,0,0,1,0,0,0,0,0,0,0,20,0,0,0,12,6,2,12,0,0,0,1,12,34434,6,1,0,0,3,0,74,999,0,0,0,0,0,0,0,0,0,0,38,0,0,0,1,2,55,1,1,8,1,3,3,11,15,99,1,1,68,0,0
12,121871,2,2,4,29,10,10,55,12,6,1,0,12,1,14,36,14036,4,1997,1MELM13P5VW6,1,M,E,L,M,1,3,P,5,V,W,6,0,0,0,000000000,00000000000,0,0,0,1,0,0,0,0,0,0,0,50,0,0,0,11,6,2,12,0,0,0,1,12,34450,6,1,0,0,3,0,70,999,0,0,0,0,0,0,0,0,0,0,0,0,0,0,1,2,55,1,1,8,1,3,3,1,62,99,1,1,69,1,0
12,121872,1,2,1,3,11,5,45,12,2,1,0,12,3,86,890,86890,66,1991,1M2AA13Y4MW0,1,M,2,A,A,1,3,Y,4,M,W,0,1,1,77,777777777,77777777777,3,6,10,1,0,0,0,0,0,0,0,60,0,0,0,12,6,2,12,0,0,0,1,12,32401,6,1,6,0,3,0,71,999,0,0,0,0,0,0,0,0,0,0,6,0,0,0,1,2,60,1,1,8,1,0,0,11,15,7,1,2,68,0,0
12,121872,2,2,1,3,11,5,45,12,2,1,0,12,2,49,46,49046,4,2008,JTDKB20U8877,J,T,D,K,B,2,0,U,8,8,7,7,0,0,0,000000000,00000000000,0,0,0,1,0,0,0,0,0,0,0,60,0,0,0,12,6,2,12,0,0,0,1,12,32444,6,1,0,0,3,0,64,999,0,0,0,0,0,0,0,0,0,0,0,0,0,0,1,2,60,1,1,8,1,0,0,1,62,7,1,1,69,1,0
12,121873,1,1,1,3,11,20,39,8,0,1,0,12,1,6,51,6051,4,2006,2C3KA43RX6H3,2,C,3,K,A,4,3,R,X,6,H,3,0,0,0,000000000,00000000000,0,0,0,1,0,0,0,0,0,0,0,30,0,0,0,12,4,3,8,0,0,0,1,12,32129,6,1,0,0,3,0,64,999,0,0,0,0,0,0,0,0,0,0,0,0,0,0,1,2,35,1,1,2,1,0,0,1,80,1,1,1,13,0,0
12,121874,1,1,1,5,11,9,37,30,0,1,0,12,1,30,52,30052,4,2013,1VWBN7A34DC0,1,V,W,B,N,7,A,3,4,D,C,0,0,0,0,000000000,00000000000,0,0,0,1,0,0,0,0,0,0,0,35,0,0,0,12,6,2,42,0,0,0,1,12,33024,6,1,6,0,3,0,73,999,0,0,0,0,0,0,0,0,0,0,0,0,0,0,1,2,30,1,1,8,1,0,0,1,12,1,1,4,6,1,0
12,121875,1,2,1,5,11,16,0,12,6,1,0,12,1,30,52,30052,4,2014,1VWAS7A32EC0,1,V,W,A,S,7,A,3,2,E,C,0,0,0,0,000000000,00000000000,0,0,0,1,0,0,0,0,0,0,0,20,0,0,0,9,6,2,12,0,0,0,1,12,34472,6,1,0,0,3,0,68,999,0,0,0,0,0,0,0,0,0,0,38,0,0,0,2,3,50,1,1,8,1,20,3,11,15,99,1,1,82,1,0
12,121875,2,2,1,5,11,16,0,12,6,1,0,12,2,54,36,54036,4,1999,JH4KA9662XC0,J,H,4,K,A,9,6,6,2,X,C,0,0,0,0,000000000,00000000000,0,0,0,1,0,0,0,0,0,0,0,50,0,0,0,12,6,2,12,0,0,0,1,12,34471,6,1,0,0,3,0,72,999,1,0,0,0,1,3,2013,3,2013,0,0,0,0,0,5,4,50,1,1,8,1,0,0,1,67,99,1,1,83,0,0
12,121876,1,2,1,6,11,17,15,12,2,1,0,12,1,23,481,23481,31,2004,2GTEC19T7412,2,G,T,E,C,1,9,T,7,4,1,2,0,0,0,000000000,00000000000,0,0,0,1,0,0,0,0,0,0,0,62,0,0,0,12,6,2,12,0,0,0,1,12,32064,6,1,0,0,3,3,74,999,0,0,0,0,0,0,0,0,0,0,27,0,0,0,1,2,60,1,1,8,1,0,0,6,10,1,1,2,52,1,0
12,121876,2,2,1,6,11,17,15,12,2,1,0,12,1,20,481,20481,31,1993,1GBDC14K8PZ1,1,G,B,D,C,1,4,K,8,P,Z,1,0,0,0,000000000,00000000000,0,0,0,1,0,0,0,0,0,0,0,22,0,0,0,12,6,2,12,0,0,0,1,12,32060,6,1,0,0,3,0,68,999,0,0,0,0,0,0,0,0,0,0,0,0,0,0,1,2,60,1,1,8,1,0,0,1,62,99,1,1,52,1,0
12,121877,1,1,1,6,11,18,38,8,0,1,0,12,1,63,34,63034,4,2012,5XXGM4A7XCG0,5,X,X,G,M,4,A,7,X,C,G,0,0,0,0,000000000,00000000000,0,0,0,1,0,0,0,0,0,0,0,30,0,0,0,12,4,5,8,0,0,0,1,12,33189,6,1,0,0,3,3,71,999,0,0,0,0,0,0,0,0,0,0,6,0,0,0,2,2,30,1,1,8,1,0,0,1,80,99,1,1,13,0,0
12,121878,1,1,2,6,11,2,26,42,0,1,1,99,9,99,999,99999,99,9999,999999999999,9,9,9,9,9,9,9,9,9,9,9,9,0,0,0,000000000,00000000000,0,0,0,1,0,0,0,0,0,0,0,75,0,1,5,12,6,2,2,0,0,1,1,99,99999,9,9,99,9,9,9,999,999,99,99,99,99,99,99,9999,99,9999,0,0,0,0,0,1,2,40,1,1,8,1,0,0,99,12,99,1,4,6,1,0
12,121879,1,2,1,7,11,10,47,12,1,1,0,12,1,12,471,12471,30,1993,1FTCR14X9PPB,1,F,T,C,R,1,4,X,9,P,P,B,0,0,0,000000000,00000000000,0,0,0,1,0,0,0,0,0,0,0,45,0,0,0,12,4,3,12,0,0,0,1,12,34743,6,1,0,0,3,3,72,999,0,0,0,0,0,0,0,0,0,0,6,0,0,0,3,5,50,1,1,8,1,3,3,1,50,99,1,1,20,1,0
12,121879,2,2,1,7,11,10,47,12,1,1,0,12,1,7,442,7442,20,2009,1D8HN44EX9B5,1,D,8,H,N,4,4,E,X,9,B,5,0,0,0,000000000,00000000000,0,0,0,1,0,0,0,0,0,0,0,0,0,0,0,6,4,3,12,0,0,0,1,12,34741,6,1,0,0,3,0,68,999,0,0,0,0,0,0,0,0,0,0,0,0,0,0,3,5,50,1,1,8,1,3,3,5,53,99,1,1,21,0,0
12,121880,1,2,2,7,11,16,5,12,6,1,0,1,2,55,33,55033,4,2011,5NPEC4AC6BH2,5,N,P,E,C,4,A,C,6,B,H,2,0,0,0,000000000,00000000000,0,0,0,1,0,0,0,0,0,0,0,6,0,0,0,3,6,2,12,0,0,0,1,1,36502,6,1,0,0,3,3,68,999,0,0,0,0,0,0,0,0,0,0,38,0,0,0,0,0,0,0,0,0,0,20,3,3,17,99,1,1,87,1,0
12,121880,2,2,2,7,11,16,5,12,6,1,0,12,1,12,481,12481,31,2012,1FT7W2BT1CEA,1,F,T,7,W,2,B,T,1,C,E,A,0,0,0,000000000,00000000000,0,0,0,1,0,0,0,0,0,0,0,50,0,0,0,12,6,2,12,0,0,0,1,12,32535,6,1,0,0,3,0,71,999,0,0,0,0,0,0,0,0,0,0,0,0,0,0,2,4,55,1,1,8,1,4,3,1,66,99,1,1,86,0,0
12,121881,1,2,1,9,11,20,3,12,2,1,0,12,2,49,442,49442,20,2003,4T3ZF13C33U5,4,T,3,Z,F,1,3,C,3,3,U,5,0,0,0,000000000,00000000000,0,0,0,1,0,0,0,0,0,0,0,50,0,0,0,12,6,2,12,0,0,0,1,12,33811,6,1,0,0,3,0,63,999,0,0,0,0,0,0,0,0,0,0,28,0,0,0,1,2,60,1,1,8,1,0,0,1,10,99,1,2,50,0,0
12,121881,2,2,3,9,11,20,3,12,2,1,0,12,1,12,37,12037,4,2001,1FAFP34311W2,1,F,A,F,P,3,4,3,1,1,W,2,0,0,0,000000000,00000000000,0,0,0,1,0,0,0,0,0,0,0,45,0,0,0,12,6,2,12,0,0,0,1,12,33805,6,1,0,0,3,3,69,999,0,0,0,1,0,2,2012,2,2012,0,0,0,0,0,1,2,60,1,1,8,1,0,0,1,62,99,1,1,51,1,0
12,121882,1,1,1,9,11,20,16,9,0,1,1,12,1,55,401,55401,14,2003,KM8SC13D73U3,K,M,8,S,C,1,3,D,7,3,U,3,0,0,0,000000000,00000000000,0,0,0,1,0,0,0,0,0,0,0,40,0,0,0,12,8,5,9,0,0,0,1,12,32804,6,1,0,0,3,0,63,999,1,0,0,1,0,4,2012,8,2012,0,6,0,0,0,1,5,40,1,1,2,1,0,0,1,83,99,1,1,13,0,1
12,121883,1,1,2,9,11,19,8,42,0,1,0,17,2,12,17,12017,4,1998,1FAFP52U9WA2,1,F,A,F,P,5,2,U,9,W,A,2,0,0,0,000000000,00000000000,0,0,0,1,0,0,0,0,0,0,0,80,0,0,0,9,6,2,42,0,0,0,1,12,33570,3,1,0,0,2,0,70,999,0,0,0,0,0,0,0,0,0,4,0,0,0,0,3,2,45,1,1,8,1,0,0,1,65,9,3,4,2,1,1
12,121884,1,2,1,10,11,18,20,12,6,1,0,12,1,55,33,55033,4,2006,5NPET46CX6H1,5,N,P,E,T,4,6,C,X,6,H,1,0,0,0,000000000,00000000000,0,0,0,1,0,0,0,0,0,0,0,35,0,0,0,3,6,2,12,0,0,0,1,12,32904,6,1,0,0,3,0,65,999,0,0,0,0,1,12,2011,12,2011,0,38,0,0,0,3,2,45,1,1,8,1,3,3,11,15,99,1,1,68,0,0
12,121884,2,2,1,10,11,18,20,12,6,1,0,12,1,73,705,73705,80,2004,JKBZXJB184A0,J,K,B,Z,X,J,B,1,8,4,A,0,0,0,0,000000000,00000000000,0,0,0,1,0,0,0,0,0,0,0,45,0,0,0,12,6,2,12,0,0,0,1,12,32907,6,1,0,0,3,3,74,999,0,0,0,0,1,3,2013,3,2013,0,0,0,0,0,3,2,45,1,1,8,1,3,3,1,62,99,1,1,69,1,0
12,121885,1,1,1,10,11,19,40,3,0,1,0,12,3,12,23,12023,4,2014,3FA6P0K99ER2,3,F,A,6,P,0,K,9,9,E,R,2,0,0,0,000000000,00000000000,0,0,0,1,0,0,0,0,0,0,0,75,0,0,0,0,6,2,3,0,0,0,1,12,33409,6,1,0,0,3,0,70,999,1,1,0,0,0,7,2013,10,2014,0,6,0,0,0,1,2,35,3,1,8,1,0,0,14,98,99,1,4,0,1,0
12,121886,1,1,1,10,11,20,40,8,0,1,0,12,2,7,482,7482,31,2003,1D7HA18N03J6,1,D,7,H,A,1,8,N,0,3,J,6,0,0,0,000000000,00000000000,0,0,0,1,0,0,0,0,0,0,0,35,0,0,0,12,4,5,8,0,0,0,1,12,33055,6,1,6,0,3,3,69,999,0,0,0,0,0,0,0,0,0,0,0,0,0,0,3,4,45,1,1,8,1,3,3,1,80,6,1,2,13,0,0
12,121887,1,2,2,11,11,11,50,12,6,1,0,12,1,2,404,2404,14,2004,1J4GW58N14C2,1,J,4,G,W,5,8,N,1,4,C,2,0,0,0,000000000,00000000000,0,0,0,1,0,0,0,0,0,0,0,10,0,0,0,11,6,2,12,0,0,0,1,12,34748,6,1,0,0,3,0,66,999,1,0,0,0,0,10,2014,10,2014,0,38,0,0,0,1,3,55,1,1,8,1,20,3,1,17,99,1,1,89,0,0
12,121887,2,2,1,11,11,11,50,12,6,1,0,12,1,12,441,12441,20,1993,1FMCA11U1PZC,1,F,M,C,A,1,1,U,1,P,Z,C,0,0,0,000000000,00000000000,0,0,0,1,0,0,0,0,0,0,0,55,0,0,0,12,6,2,12,0,0,0,1,12,34748,6,1,0,0,3,0,74,999,0,0,0,0,0,0,0,0,0,0,0,0,0,0,3,3,55,1,1,8,1,0,0,1,17,99,1,1,88,1,0
12,121888,1,1,2,13,11,2,5,33,0,1,0,12,2,12,481,12481,31,2006,1FTPW12V96KD,1,F,T,P,W,1,2,V,9,6,K,D,0,0,0,000000000,00000000000,0,0,0,1,0,0,0,0,0,0,0,998,0,0,0,12,6,2,33,0,0,0,1,12,32225,0,0,0,0,0,0,999,999,0,0,0,0,0,0,0,0,0,0,0,0,0,0,3,2,45,1,1,8,1,0,0,1,13,99,1,4,1,2,0
12,121889,1,1,2,28,9,15,37,9,0,1,0,12,1,20,4,20004,1,2002,1G1YY32G2251,1,G,1,Y,Y,3,2,G,2,2,5,1,0,0,0,000000000,00000000000,0,0,0,1,0,0,0,0,0,0,0,100,0,0,0,12,6,2,9,0,0,0,1,12,33909,6,1,0,0,3,0,62,999,0,3,1,0,2,2,2013,5,2014,0,0,0,0,0,3,2,45,3,1,8,1,0,0,14,83,99,1,1,13,0,0
12,121890,1,2,1,10,10,3,29,12,6,1,0,12,3,82,881,82881,63,2012,1FUJGEDV6CSB,1,F,U,J,G,E,D,V,6,C,S,B,1,1,12,582788,12582788,3,4,3,1,0,0,0,0,0,0,0,5,0,0,0,7,6,2,12,0,0,0,1,12,34689,6,1,6,0,3,0,72,999,0,0,0,0,0,0,0,0,0,0,38,0,0,0,1,2,5,1,1,8,1,0,0,11,15,99,1,1,82,0,0
12,121890,2,2,1,10,10,3,29,12,6,1,0,12,1,37,32,37032,4,1996,1HGCE6676TA0,1,H,G,C,E,6,6,7,6,T,A,0,0,0,0,000000000,00000000000,0,0,0,1,0,0,0,0,0,0,0,45,0,0,0,12,6,2,12,0,0,0,1,12,34690,6,1,0,0,3,0,73,999,0,0,0,0,0,0,0,0,0,0,0,0,0,0,1,2,45,1,1,8,1,0,0,1,71,99,1,1,83,1,1
12,121891,1,1,1,11,10,22,8,34,0,1,0,12,2,76,706,76706,80,2000,JYAVP07E9YA0,J,Y,A,V,P,0,7,E,9,Y,A,0,0,0,0,000000000,00000000000,0,0,0,1,0,0,0,0,0,0,0,998,0,0,0,12,6,2,34,0,0,0,1,12,33825,6,1,6,0,2,0,68,999,0,0,0,0,0,0,0,0,0,0,0,0,0,0,1,2,50,3,1,8,1,0,0,14,13,99,1,4,1,1,1
12,121892,1,1,1,28,3,12,44,8,0,1,0,12,3,12,461,12461,21,2006,1FDXE45S56HB,1,F,D,X,E,4,5,S,5,6,H,B,0,0,0,000000000,00000000000,0,0,0,1,0,0,0,0,0,0,0,10,0,0,0,14,6,2,8,0,0,0,1,12,33170,6,1,6,0,3,3,66,999,0,0,0,0,0,0,0,0,0,0,6,0,0,0,2,2,20,1,1,8,1,0,0,1,80,1,1,1,13,0,0
12,121893,1,2,1,24,9,14,9,12,6,1,0,12,3,84,982,84982,50,2006,4DRBWAAN16A1,4,D,R,B,W,A,A,N,1,6,A,1,0,0,88,888888888,88888888888,3,21,22,1,0,0,0,0,1,2,0,25,0,0,0,5,4,3,12,0,0,0,1,12,33905,6,1,3,3,3,3,70,999,0,0,0,0,0,0,0,0,0,0,39,0,0,0,1,2,25,1,1,8,1,20,3,1,17,99,1,1,87,0,0
12,121893,2,2,1,24,9,14,9,12,6,1,0,12,3,12,481,12481,31,2005,1FDNF20505ED,1,F,D,N,F,2,0,5,0,5,E,D,0,0,0,000000000,00000000000,0,0,0,1,0,0,0,0,0,0,0,25,0,0,0,12,6,2,12,0,0,0,1,12,33905,6,1,6,0,3,0,71,999,0,0,0,0,0,0,0,0,0,0,0,0,0,0,1,2,25,1,1,8,1,0,0,1,66,99,1,1,86,1,0
12,121894,1,2,1,24,9,13,49,12,6,1,0,12,1,34,34,34034,4,2009,WBAPH57599NL,W,B,A,P,H,5,7,5,9,9,N,L,0,0,0,000000000,00000000000,0,0,0,1,0,0,0,0,0,0,0,15,0,0,0,9,6,2,12,0,0,0,1,12,33186,6,1,0,0,3,3,68,999,0,0,0,0,0,0,0,0,0,0,38,0,0,0,1,2,40,1,1,8,1,0,0,11,15,99,1,1,82,0,0
12,121894,2,2,1,24,9,13,49,12,6,1,0,12,1,76,705,76705,80,2014,JYARJ16E1EA0,J,Y,A,R,J,1,6,E,1,E,A,0,0,0,0,000000000,00000000000,0,0,0,1,0,0,0,0,0,0,0,60,0,0,0,12,6,2,12,0,0,0,1,12,33157,6,1,0,0,3,3,68,999,0,0,0,1,1,9,2012,7,2014,4,0,0,0,0,3,6,40,1,1,8,1,0,0,1,67,99,1,1,83,1,0
12,121895,1,2,1,30,9,13,11,12,2,1,0,12,1,49,32,49032,4,2010,1NXBU4EE7AZ2,1,N,X,B,U,4,E,E,7,A,Z,2,0,0,0,000000000,00000000000,0,0,0,1,0,0,0,0,0,0,0,15,0,0,0,12,6,2,12,0,0,0,1,12,33309,6,1,0,0,3,3,70,999,0,0,0,0,0,0,0,0,0,0,0,0,0,0,3,3,45,1,1,8,1,3,3,11,15,99,1,1,68,0,0
12,121895,2,2,2,30,9,13,11,12,2,1,0,12,2,49,40,49040,4,2007,4T1BE46KX7U5,4,T,1,B,E,4,6,K,X,7,U,5,0,0,0,000000000,00000000000,0,0,0,1,0,0,0,0,0,0,0,55,0,0,0,12,6,2,12,0,0,0,1,12,33313,0,0,0,0,0,0,999,999,0,0,0,0,0,0,0,0,0,0,0,0,0,0,3,3,45,1,1,8,1,3,3,1,62,99,1,1,69,1,0
12,121896,1,1,3,1,10,21,1,8,0,1,0,12,3,12,461,12461,21,2010,1FDWE3FL6ADA,1,F,D,W,E,3,F,L,6,A,D,A,0,0,0,000000000,00000000000,0,0,0,1,0,0,0,0,0,0,0,998,0,0,0,12,4,5,8,0,0,0,1,12,33313,6,1,0,0,3,3,72,999,0,0,0,0,1,3,2013,3,2013,0,0,0,0,0,3,3,45,1,1,8,1,0,0,1,80,99,1,1,13,0,0
12,121897,1,1,1,3,10,16,30,42,0,1,0,12,2,72,706,72706,80,2009,1HD1MAM1X9Y8,1,H,D,1,M,A,M,1,X,9,Y,8,0,0,0,000000000,00000000000,0,0,0,1,0,0,0,0,0,0,0,15,0,0,0,12,6,2,42,0,0,0,1,12,32958,6,1,0,0,3,3,72,999,0,0,0,0,1,3,2013,3,2013,0,0,0,0,0,1,2,30,1,1,8,1,0,0,1,12,99,1,4,6,1,1
12,121898,1,1,1,8,10,19,38,9,0,1,1,12,2,55,401,55401,14,2002,KM8SC13D62U2,K,M,8,S,C,1,3,D,6,2,U,2,0,0,0,000000000,00000000000,0,0,0,1,0,0,0,0,0,0,0,35,0,0,0,98,9,5,9,0,0,0,1,12,33147,1,1,0,0,2,3,70,999,0,3,0,0,0,8,2014,9,2014,0,35,0,0,0,8,8,98,8,8,8,1,97,8,1,11,99,1,4,13,0,1
12,121899,1,1,1,8,10,6,44,9,0,1,0,12,3,98,988,98988,58,2003,LN90401703A1,L,N,9,0,4,0,1,7,0,3,A,1,0,0,77,777777777,77777777777,3,21,22,1,0,0,0,0,98,0,0,25,0,0,0,12,2,5,9,0,0,0,1,12,33196,6,1,6,3,3,0,67,999,0,0,0,0,0,0,0,0,0,0,0,0,0,0,1,2,45,1,1,8,1,0,0,1,83,99,1,1,13,0,0