STATE,ST_CASE,VEH_NO,VE_FORMS,NUMOCCS,DAY,MONTH,HOUR,MINUTE,HARM_EV,MAN_COLL,UNITTYPE,HIT_RUN,REG_STAT,OWNER,MAKE,MODEL,MAK_MOD,BODY_TYP,MOD_YEAR,VIN,VIN_1,VIN_2,VIN_3,VIN_4,VIN_5,VIN_6,VIN_7,VIN_8,VIN_9,VIN_10,VIN_11,VIN_12,TOW_VEH,J_KNIFE,MCARR_I1,MCARR_I2,MCARR_ID,GVWR,V_CONFIG,CARGO_BT,HAZ_INV,HAZ_PLAC,HAZ_ID,HAZ_CNO,HAZ_REL,BUS_USE,SPEC_USE,EMER_USE,TRAV_SP,UNDERIDE,ROLLOVER,ROLINLOC,IMPACT1,DEFORMED,TOWED,M_HARM,VEH_SC1,VEH_SC2,FIRE_EXP,DR_PRES,L_STATE,DR_ZIP,L_STATUS,L_TYPE,CDL_STAT,L_ENDORS,L_COMPL,L_RESTRI,DR_HGT,DR_WGT,PREV_ACC,PREV_SUS,PREV_DWI,PREV_SPD,PREV_OTH,FIRST_MO,FIRST_YR,LAST_MO,LAST_YR,SPEEDREL,DR_SF1,DR_SF2,DR_SF3,DR_SF4,VTRAFWAY,VNUM_LAN,VSPD_LIM,VALIGN,VPROFILE,VPAVETYP,VSURCOND,VTRAFCON,VTCONT_F,P_CRASH1,P_CRASH2,P_CRASH3,PCRASH4,PCRASH5,ACC_TYPE,DEATHS,DR_DRINK
12,121944,1,1,1,2,11,5,20,8,0,1,0,12,1,20,24,20024,6,2012,1GNKRGED5CJ1,1,G,N,K,R,G,E,D,5,C,J,1,0,0,0,000000000,00000000000,0,0,0,1,0,0,0,0,0,0,0,55,0,0,0,12,6,2,8,0,0,0,1,12,33162,6,1,0,0,3,0,71,999,0,0,0,0,0,0,0,0,0,0,0,0,0,0,3,3,55,1,5,8,1,0,0,1,80,1,1,1,13,0,0
12,121945,1,3,1,3,11,18,42,12,7,1,0,12,2,49,38,49038,2,1996,JT2AC52LXT01,J,T,2,A,C,5,2,L,X,T,0,1,0,0,0,000000000,00000000000,0,0,0,1,0,0,0,0,0,0,0,20,0,0,0,9,2,3,12,0,0,0,1,12,32713,6,1,0,0,3,3,73,999,0,0,0,0,1,3,2012,3,2012,4,38,0,0,0,3,2,45,1,1,8,1,0,0,15,10,99,1,2,47,0,0
12,121945,2,3,1,3,11,18,42,12,7,1,0,12,1,73,703,73703,80,2010,JKAEXMJ16ADA,J,K,A,E,X,M,J,1,6,A,D,A,0,0,0,000000000,00000000000,0,0,0,1,0,0,0,0,0,0,0,40,0,0,0,98,6,2,12,0,0,0,1,12,32725,6,1,0,0,3,0,69,999,0,0,0,0,0,0,0,0,0,0,0,0,0,0,3,2,45,1,1,8,1,0,0,1,61,99,1,1,45,1,0
12,121945,3,3,1,3,11,18,42,12,7,1,0,12,1,52,46,52046,4,2014,JA32U8FW3EU0,J,A,3,2,U,8,F,W,3,E,U,0,0,0,0,000000000,00000000000,0,0,0,1,0,0,0,0,0,0,0,45,0,0,0,14,6,2,12,0,0,0,1,12,32738,6,1,0,0,3,0,69,999,0,0,0,0,0,0,0,0,0,0,0,0,0,0,3,2,45,1,1,8,1,0,0,1,60,99,1,1,98,0,0
12,121946,1,1,1,4,11,20,49,8,0,1,0,12,2,65,31,65031,2,2008,WMEEJ31X78K1,W,M,E,E,J,3,1,X,7,8,K,1,0,0,0,000000000,00000000000,0,0,0,1,0,0,0,0,0,0,0,40,0,0,0,12,4,3,8,0,0,0,1,12,32839,6,1,0,0,3,3,66,999,0,0,0,0,0,0,0,0,0,0,0,0,0,0,5,5,45,1,1,8,1,0,0,1,83,99,1,1,13,0,0
12,121947,1,2,1,7,11,6,26,12,6,1,0,12,2,12,3,12003,2,2008,1ZVHT82H0851,1,Z,V,H,T,8,2,H,0,8,5,1,0,0,0,000000000,00000000000,0,0,0,1,0,0,0,0,0,0,0,20,0,0,0,5,4,3,12,0,0,0,1,12,34222,6,1,0,0,3,0,63,999,0,0,0,0,0,0,0,0,0,0,38,0,0,0,3,2,45,1,1,8,1,3,3,11,15,99,1,1,68,0,0
12,121947,2,2,1,7,11,6,26,12,6,1,0,12,1,72,706,72706,80,2003,1HD1HAZ4X3K8,1,H,D,1,H,A,Z,4,X,3,K,8,0,0,0,000000000,00000000000,0,0,0,1,0,0,0,0,0,0,0,45,0,0,0,12,6,2,12,0,0,0,1,12,34211,6,1,6,0,3,0,73,999,0,0,0,0,0,0,0,0,0,0,0,0,0,0,3,2,45,1,1,8,1,3,3,1,62,99,1,1,69,1,0
12,121948,1,1,1,7,11,14,36,8,0,1,0,12,1,7,442,7442,20,2008,2D8HN44H38R1,2,D,8,H,N,4,4,H,3,8,R,1,0,0,0,000000000,00000000000,0,0,0,1,0,0,0,0,0,0,0,40,0,0,0,12,4,5,8,0,0,0,1,12,33763,6,1,0,0,3,3,70,999,0,0,0,0,0,0,0,0,0,0,0,0,0,0,3,4,55,1,1,8,1,0,0,1,80,99,1,1,13,0,0
12,121949,1,1,1,8,11,1,40,8,0,1,0,55,3,98,981,98981,51,2012,2PCH33496CC7,2,P,C,H,3,3,4,9,6,C,C,7,0,0,55,100115,55100115,3,21,22,1,0,0,0,0,5,3,0,55,0,0,0,12,2,5,8,0,0,0,1,12,32159,6,1,6,0,3,0,71,999,0,0,0,0,0,0,0,0,0,0,0,0,0,0,3,2,55,1,1,8,1,0,0,1,80,99,1,1,13,0,0
12,121950,1,2,1,2,10,13,17,12,6,1,0,12,1,7,21,7021,6,2005,2D8GV58225H6,2,D,8,G,V,5,8,2,2,5,H,6,0,0,0,000000000,00000000000,0,0,0,1,0,0,0,0,0,0,0,30,0,0,0,12,6,2,12,0,0,0,1,12,33055,6,1,0,0,3,0,72,999,0,1,0,1,0,3,2013,5,2014,0,0,0,0,0,2,3,40,1,1,8,1,0,0,11,15,99,1,1,68,0,0
12,121950,2,2,2,2,10,13,17,12,6,1,0,12,2,99,709,99709,80,2012,L8YTCKPM5CY9,L,8,Y,T,C,K,P,M,5,C,Y,9,0,0,0,000000000,00000000000,0,0,0,1,0,0,0,0,0,0,0,40,0,0,0,9,6,2,12,0,0,0,1,12,33162,0,0,0,0,0,0,999,999,0,0,0,0,0,0,0,0,0,0,0,0,0,0,2,3,40,1,1,8,1,0,0,1,17,99,1,1,69,1,0
12,121951,1,2,1,9,11,22,40,12,2,1,0,12,1,12,481,12481,31,2013,1FTFW1EF9DFD,1,F,T,F,W,1,E,F,9,D,F,D,0,0,0,000000000,00000000000,0,0,0,1,0,0,0,0,0,0,0,65,0,0,0,12,6,2,12,0,0,0,1,12,32713,6,1,0,0,3,3,67,999,0,0,0,0,0,0,0,0,0,0,35,0,0,0,1,2,60,1,1,8,1,0,0,6,10,99,1,2,50,0,0
12,121951,2,2,2,9,11,22,40,12,2,1,0,12,1,49,43,49043,4,2000,4T1BF28B3YU0,4,T,1,B,F,2,8,B,3,Y,U,0,0,0,0,000000000,00000000000,0,0,0,1,0,0,0,0,0,0,0,55,0,0,0,12,6,2,12,0,0,0,1,12,34266,6,1,0,0,3,0,67,999,0,0,0,0,2,1,2013,10,2013,0,0,0,0,0,1,2,60,1,1,8,1,0,0,1,62,99,1,1,51,1,0
12,121952,1,2,1,10,11,0,32,12,1,1,1,45,2,35,401,35401,14,2005,5N1AR18UX5C7,5,N,1,A,R,1,8,U,X,5,C,7,0,0,0,000000000,00000000000,0,0,0,1,0,0,0,0,0,0,0,55,0,0,0,12,4,3,12,0,0,0,1,12,32234,1,1,0,0,2,0,66,999,0,6,0,0,0,11,2011,10,2012,0,0,0,0,0,3,3,55,1,1,8,1,0,0,1,51,99,1,1,24,0,0
12,121952,2,2,1,10,11,0,32,12,1,1,0,12,2,98,701,98701,88,2012,LC2D1A041CC1,L,C,2,D,1,A,0,4,1,C,C,1,0,0,0,000000000,00000000000,0,0,0,1,0,0,0,0,0,0,0,45,0,0,0,6,6,2,12,0,0,0,1,12,32073,6,1,0,0,3,3,66,999,0,0,0,0,0,0,0,0,0,0,0,0,0,0,3,3,55,1,1,8,1,0,0,1,53,99,1,1,25,1,0
12,121953,1,1,1,10,11,7,5,1,0,1,0,12,3,82,882,82882,66,2004,1FUJA6AV24LM,1,F,U,J,A,6,A,V,2,4,L,M,1,1,77,777777777,77777777777,3,6,3,1,0,0,0,0,0,0,0,998,0,1,5,0,6,2,1,0,0,0,1,12,33860,6,1,6,3,3,3,75,999,0,0,0,0,0,0,0,0,0,0,0,0,0,0,1,2,55,3,1,8,1,0,0,14,13,99,2,4,2,1,0
12,121954,1,3,1,10,11,11,56,25,0,1,0,12,1,12,3,12003,2,1989,1FABP42E7KF3,1,F,A,B,P,4,2,E,7,K,F,3,0,0,0,000000000,00000000000,0,0,0,1,0,0,0,0,0,0,0,70,0,0,0,12,6,2,25,0,0,0,1,12,33462,6,1,6,0,3,0,69,999,0,0,0,0,0,0,0,0,0,0,6,0,0,0,3,7,65,1,1,8,2,0,0,15,6,99,4,4,2,1,0
12,121954,2,3,2,10,11,11,56,25,0,1,0,12,2,20,36,20036,2,2005,2G1WX15K1592,2,G,1,W,X,1,5,K,1,5,9,2,0,0,0,000000000,00000000000,0,0,0,1,0,0,0,0,0,0,0,65,0,0,0,12,6,2,12,0,0,0,1,12,33161,6,1,0,0,3,0,61,999,1,1,0,0,0,10,2013,12,2013,0,0,0,0,0,3,7,65,1,1,8,2,0,0,1,60,99,1,1,98,0,0
12,121954,3,3,1,10,11,11,56,25,0,1,0,12,1,18,22,18022,4,2013,1G4GA5ER4DF1,1,G,4,G,A,5,E,R,4,D,F,1,0,0,0,000000000,00000000000,0,0,0,1,0,0,0,0,0,0,0,65,0,0,0,7,4,5,12,0,0,0,1,12,33470,6,1,0,0,3,0,69,999,0,0,0,0,0,0,0,0,0,0,0,0,0,0,3,7,65,1,1,8,2,0,0,1,60,7,1,1,98,0,0
12,121955,1,3,1,11,11,17,32,12,2,1,0,12,1,49,32,49032,4,2006,2T1BR32E26C7,2,T,1,B,R,3,2,E,2,6,C,7,0,0,0,000000000,00000000000,0,0,0,1,0,0,0,0,0,0,0,40,0,0,0,12,6,2,12,0,0,0,1,12,32810,6,1,0,0,3,0,68,999,0,0,0,0,0,0,0,0,0,0,28,0,0,0,5,5,40,1,1,8,1,0,0,1,10,99,1,3,50,1,0
12,121955,2,3,1,11,11,17,32,12,2,1,0,12,1,37,32,37032,2,1998,1HGCG3251WA0,1,H,G,C,G,3,2,5,1,W,A,0,0,0,0,000000000,00000000000,0,0,0,1,0,0,0,0,0,0,0,40,0,0,0,12,6,2,12,0,0,0,1,12,32808,6,1,0,0,3,0,68,999,0,1,0,0,0,1,2012,1,2012,0,0,0,0,0,5,5,40,1,1,8,1,0,0,1,62,99,1,1,51,1,0
12,121955,3,3,1,11,11,17,32,12,2,1,0,12,1,12,17,12017,4,2010,1FAHP2KT9AG1,1,F,A,H,P,2,K,T,9,A,G,1,0,0,0,000000000,00000000000,0,0,0,1,0,0,0,0,0,0,0,40,0,0,0,3,4,5,12,0,0,0,1,12,34711,6,1,0,0,3,3,74,999,0,0,0,0,0,0,0,0,0,0,0,0,0,0,5,5,40,1,1,8,1,0,0,1,62,7,1,1,98,0,0
12,121956,1,2,1,11,11,16,7,12,2,1,0,12,1,37,421,37421,15,2013,EFNYF3H40DB0,E,F,N,Y,F,3,H,4,0,D,B,0,0,0,0,000000000,00000000000,0,0,0,1,0,0,0,0,0,0,0,35,0,0,0,12,6,2,12,0,0,0,1,12,33414,6,1,0,0,3,0,65,999,0,3,0,0,0,7,2012,3,2014,0,28,0,0,0,1,2,35,1,1,8,1,0,0,15,10,99,1,2,50,1,0
12,121956,2,2,1,11,11,16,7,12,2,1,0,12,1,12,884,12884,63,1992,1FDYY90R1NVA,1,F,D,Y,Y,9,0,R,1,N,V,A,0,0,12,01232323,1201232323,3,2,4,1,0,0,0,0,0,0,0,998,0,0,0,12,6,2,12,0,0,0,1,12,33463,6,1,6,0,3,0,68,999,0,1,0,1,1,12,2011,5,2014,0,0,0,0,0,1,2,35,1,1,8,1,0,0,1,62,1,1,1,51,0,0
12,121957,1,1,2,12,11,20,47,8,0,1,0,12,2,63,401,63401,14,2005,KNDJF7243570,K,N,D,J,F,7,2,4,3,5,7,0,0,0,0,000000000,00000000000,0,0,0,1,0,0,0,0,0,0,0,45,0,0,0,12,6,2,8,0,0,0,1,12,32405,6,1,0,0,3,0,64,999,0,0,0,0,0,0,0,0,0,0,0,0,0,0,5,5,45,1,1,8,1,0,0,1,80,99,1,1,13,0,0
12,121958,1,1,1,12,11,20,53,15,0,1,0,12,2,12,37,12037,4,2003,1FAFP34P43W2,1,F,A,F,P,3,4,P,4,3,W,2,0,0,0,000000000,00000000000,0,0,0,1,0,0,0,0,0,0,0,20,0,0,0,12,4,5,15,0,0,0,1,12,33062,6,1,0,0,3,3,65,999,0,0,0,0,0,0,0,0,0,0,0,0,0,0,1,2,25,1,1,8,1,0,0,1,80,99,1,1,13,0,0
12,121959,1,2,2,12,11,10,50,12,6,1,0,12,1,20,16,20016,2,2002,1G1JS1242272,1,G,1,J,S,1,2,4,2,2,7,2,0,0,0,000000000,00000000000,0,0,0,1,0,0,0,0,0,0,0,30,0,0,0,8,6,2,12,0,0,0,1,12,34448,6,1,0,0,3,3,70,999,0,0,0,0,0,0,0,0,0,0,6,0,0,0,1,2,30,1,1,8,1,20,3,11,15,99,1,1,82,1,0
12,121959,2,2,1,12,11,10,50,12,6,1,0,12,1,37,706,37706,80,2000,1HFSC3432YA3,1,H,F,S,C,3,4,3,2,Y,A,3,0,0,0,000000000,00000000000,0,0,0,1,0,0,0,0,0,0,0,45,0,0,0,12,6,2,12,0,0,0,1,12,34448,6,1,0,0,3,0,72,999,0,0,0,0,0,0,0,0,0,0,0,0,0,0,1,2,45,1,1,8,1,0,0,1,67,99,1,1,83,0,0
12,121960,1,1,2,14,11,14,9,31,0,1,0,12,1,20,39,20039,4,2008,KL1TD66618B1,K,L,1,T,D,6,6,6,1,8,B,1,0,0,0,000000000,00000000000,0,0,0,1,0,0,0,0,0,0,0,50,0,0,0,1,6,2,32,0,0,0,1,12,33543,6,1,0,0,3,3,68,999,0,0,0,0,0,0,0,0,0,0,0,0,0,0,1,2,15,1,1,8,1,0,0,1,13,99,1,4,1,2,0
12,121961,1,1,2,14,11,4,15,8,0,1,0,12,1,35,51,35051,6,2010,JN8AS5MT1AW5,J,N,8,A,S,5,M,T,1,A,W,5,0,0,0,000000000,00000000000,0,0,0,1,0,0,0,0,0,0,0,45,0,0,0,12,4,3,8,0,0,0,1,12,32425,6,1,0,0,3,3,65,999,0,1,0,1,0,2,2012,11,2013,0,0,0,0,0,1,2,55,1,1,8,1,0,0,1,80,99,1,1,13,0,0
12,121962,1,1,1,14,11,17,20,43,0,1,0,12,2,72,706,72706,80,2006,1HD1CLP156K4,1,H,D,1,C,L,P,1,5,6,K,4,0,0,0,000000000,00000000000,0,0,0,1,0,0,0,0,0,0,0,77,0,0,0,9,2,3,43,0,0,0,1,12,32097,6,1,0,0,3,0,69,999,0,1,0,0,0,8,2013,8,2013,0,6,0,0,0,1,2,45,1,1,8,1,0,0,1,10,99,1,2,12,1,1
12,121963,1,2,3,14,11,19,5,8,0,1,0,26,1,7,482,7482,31,2011,3D73Y3CL4BG5,3,D,7,3,Y,3,C,L,4,B,G,5,0,0,0,000000000,00000000000,0,0,0,1,0,0,0,0,0,0,0,50,0,0,0,12,4,3,8,0,0,0,1,26,48855,6,1,0,0,3,0,72,215,0,0,0,0,0,0,0,0,0,0,0,0,0,0,1,3,55,1,1,8,1,0,0,1,80,99,1,1,13,0,0
12,121963,2,2,2,14,11,19,5,8,0,1,0,12,4,7,26,7026,4,2013,1C3CDZAB6DN6,1,C,3,C,D,Z,A,B,6,D,N,6,0,0,0,000000000,00000000000,0,0,0,1,0,0,0,0,0,0,0,45,0,0,0,14,2,5,8,0,0,0,1,11,20003,6,1,0,0,9,0,72,185,0,0,0,0,0,0,0,0,0,0,0,0,0,0,1,3,55,1,1,8,1,0,0,1,51,6,1,2,98,0,0
12,121964,1,2,3,14,11,11,43,12,6,1,0,12,2,37,32,37032,4,2002,1HGCG56652A0,1,H,G,C,G,5,6,6,5,2,A,0,0,0,0,000000000,00000000000,0,0,0,1,0,0,0,0,0,0,0,10,0,0,0,11,4,3,12,0,0,0,1,12,32817,6,1,0,0,3,0,65,999,0,0,0,0,0,0,0,0,0,0,38,0,0,0,1,2,15,1,1,8,1,20,3,11,15,99,1,1,82,0,0
12,121964,2,2,1,14,11,11,43,12,6,1,0,12,2,53,706,53706,80,2014,JS1GX72B3E21,J,S,1,G,X,7,2,B,3,E,2,1,0,0,0,000000000,00000000000,0,0,0,1,0,0,0,0,0,0,0,40,0,0,0,12,6,2,12,0,0,0,1,12,32822,6,1,6,0,3,0,66,999,0,0,0,0,0,0,0,0,0,0,0,0,0,0,5,3,45,1,1,8,1,0,0,1,67,99,1,1,83,1,0
12,121965,1,1,1,14,11,5,24,21,0,1,0,12,1,52,34,52034,4,2009,4A3AB36FX9E0,4,A,3,A,B,3,6,F,X,9,E,0,0,0,0,000000000,00000000000,0,0,0,1,0,0,0,0,0,0,0,70,0,0,0,11,6,2,21,0,0,0,1,34,33613,6,1,0,0,3,3,74,999,0,0,0,0,1,9,2012,9,2012,0,58,0,0,0,3,4,70,2,1,8,1,0,0,14,60,7,3,4,2,1,1
12,121966,1,1,2,15,11,1,58,42,0,1,0,12,1,55,41,55041,2,2011,KMHHT6KD4BU0,K,M,H,H,T,6,K,D,4,B,U,0,0,0,0,000000000,00000000000,0,0,0,1,0,0,0,0,0,0,0,60,0,0,0,12,6,2,42,0,0,0,1,12,33321,6,1,0,0,3,3,67,999,0,0,0,0,0,0,0,0,0,0,6,0,0,0,2,2,35,1,1,8,1,0,0,1,9,99,2,4,7,1,1
12,121967,1,1,1,15,11,3,22,8,0,1,0,12,1,54,31,54031,3,1996,JH4DC4457TS0,J,H,4,D,C,4,4,5,7,T,S,0,0,0,0,000000000,00000000000,0,0,0,1,0,0,0,0,0,0,0,45,0,0,0,12,2,3,8,0,0,0,1,12,33773,6,1,0,0,3,0,67,999,0,0,0,0,0,0,0,0,0,0,0,0,0,0,3,4,45,1,1,8,1,0,0,1,80,1,1,1,13,0,0
12,121968,1,1,1,16,11,8,25,9,0,1,0,18,3,82,999,82999,99,2013,1ZEVAC2M5BA0,1,Z,E,V,A,C,2,M,5,B,A,0,1,1,99,999999999,99999999999,3,99,99,1,0,0,0,0,0,0,0,10,0,0,0,7,0,5,9,0,0,0,1,12,33127,6,1,6,0,3,0,70,999,0,0,0,0,0,0,0,0,0,0,0,0,0,0,2,2,55,1,1,8,1,0,0,1,83,9,1,1,13,0,0
12,121969,1,2,1,17,11,9,33,12,6,1,0,12,2,49,32,49032,4,1999,1NXBR12E1XZ2,1,N,X,B,R,1,2,E,1,X,Z,2,0,0,0,000000000,00000000000,0,0,0,1,0,0,0,0,0,0,0,5,0,0,0,8,6,2,12,0,0,0,1,12,33183,6,1,0,0,3,3,68,999,0,0,0,0,0,0,0,0,0,0,6,0,0,0,1,2,35,1,1,8,1,0,0,10,16,99,1,1,78,1,0
12,121969,2,2,1,17,11,9,33,12,6,1,0,12,1,12,402,12402,14,2002,1FMYU01112KD,1,F,M,Y,U,0,1,1,1,2,K,D,0,0,0,000000000,00000000000,0,0,0,1,0,0,0,0,0,0,0,40,0,0,0,12,6,2,12,0,0,0,1,12,33193,6,1,0,0,3,0,66,999,0,0,0,0,0,0,0,0,0,0,0,0,0,0,2,3,40,1,1,8,1,0,0,1,65,99,1,1,79,0,0
12,121970,1,2,1,19,11,15,30,12,2,1,0,12,1,7,472,7472,30,2007,1D3HW42P07S1,1,D,3,H,W,4,2,P,0,7,S,1,0,0,0,000000000,00000000000,0,0,0,1,0,0,0,0,0,0,0,55,0,1,1,12,6,2,12,0,0,0,1,12,32567,6,1,0,0,3,0,62,999,0,0,0,0,0,0,0,0,0,0,51,28,0,0,1,2,55,1,1,8,1,0,0,1,10,99,1,2,50,0,1
12,121970,2,2,2,19,11,15,30,12,2,1,1,12,1,35,498,35498,31,1994,1N6SD11S2RC3,1,N,6,S,D,1,1,S,2,R,C,3,0,0,0,000000000,00000000000,0,0,0,1,0,0,0,0,0,0,0,20,0,0,0,12,6,2,12,0,0,0,1,12,32433,6,1,0,0,3,3,71,999,0,0,0,0,0,0,0,0,0,0,0,0,0,0,1,2,55,1,1,8,1,0,0,1,62,99,1,1,51,1,0
12,121971,1,2,1,19,11,22,15,12,1,1,1,12,3,35,39,35039,4,2014,1N4AA5AP9EC4,1,N,4,A,A,5,A,P,9,E,C,4,0,0,0,000000000,00000000000,0,0,0,1,0,0,0,0,0,0,0,55,0,1,5,12,6,2,12,0,0,0,1,99,99999,9,9,99,9,9,9,999,999,99,99,99,99,99,99,9999,99,9999,0,0,0,0,0,1,2,45,1,1,8,1,0,0,1,51,99,1,1,24,0,0
12,121971,2,2,1,19,11,22,15,12,1,1,0,12,2,98,701,98701,88,2010,LHJTLB2J4ABL,L,H,J,T,L,B,2,J,4,A,B,L,0,0,0,000000000,00000000000,0,0,0,1,0,0,0,0,0,0,0,30,0,0,0,6,6,2,12,0,0,1,1,12,32617,6,1,0,0,2,0,71,999,0,0,0,0,0,0,0,0,0,0,0,0,0,0,1,2,45,1,1,8,1,0,0,1,53,99,1,1,25,1,0
12,121972,1,1,2,20,11,23,29,8,0,1,1,12,2,20,421,20421,15,1996,1GNEK13R4TJ4,1,G,N,E,K,1,3,R,4,T,J,4,0,0,0,000000000,00000000000,0,0,0,1,0,0,0,0,0,0,0,45,0,0,0,12,9,5,8,0,0,0,1,12,32210,1,1,1,0,2,0,73,999,0,1,0,0,0,2,2013,2,2013,0,28,0,0,0,1,2,35,1,1,2,1,0,0,1,80,99,1,9,13,0,0
12,121973,1,1,2,20,11,19,3,8,0,1,0,12,2,20,36,20036,2,2003,2G1WW12E0391,2,G,1,W,W,1,2,E,0,3,9,1,0,0,0,000000000,00000000000,0,0,0,1,0,0,0,0,0,0,0,35,0,0,0,12,6,2,8,0,0,0,1,12,33405,6,1,0,0,3,0,66,999,0,0,0,0,0,0,0,0,0,0,0,0,0,0,1,2,35,1,1,8,1,0,0,1,80,8,1,1,13,0,0
12,121974,1,2,2,19,1,11,24,12,6,1,0,12,2,41,55,41055,5,2011,JM1DE1HY6B01,J,M,1,D,E,1,H,Y,6,B,0,1,0,0,0,000000000,00000000000,0,0,0,1,0,0,0,0,0,0,0,5,0,0,0,3,6,2,12,0,0,0,1,12,32807,6,1,0,0,3,3,65,999,0,0,0,0,0,0,0,0,0,0,38,0,0,0,3,3,35,1,1,8,1,3,3,11,15,99,1,1,68,1,0
12,121974,2,2,2,19,1,11,24,12,6,1,0,48,2,35,43,35043,4,2007,3N1BB61EX7L7,3,N,1,B,B,6,1,E,X,7,L,7,0,0,0,000000000,00000000000,0,0,0,1,0,0,0,0,0,0,0,35,0,0,0,12,6,2,12,0,0,0,1,30,59875,6,1,0,0,3,0,70,999,98,0,0,0,0,0,0,0,0,0,0,0,0,0,3,2,35,1,1,8,1,3,3,1,62,99,1,1,69,0,0
12,121975,1,1,1,6,10,13,55,42,0,1,0,12,3,86,890,86890,66,1998,1M1AA13Y9WW0,1,M,1,A,A,1,3,Y,9,W,W,0,1,1,12,887855,12887855,3,6,2,1,0,0,0,0,0,0,0,55,0,0,0,12,6,2,42,0,0,0,1,12,34476,6,1,6,3,3,0,70,999,0,0,0,0,0,0,0,0,0,0,0,0,0,0,1,2,60,1,6,2,1,0,0,1,12,1,1,4,6,1,0
12,121976,1,1,3,9,10,15,31,30,0,1,0,12,2,63,402,63402,14,2012,5XYKT3A19CG2,5,X,Y,K,T,3,A,1,9,C,G,2,0,0,0,000000000,00000000000,0,0,0,1,0,0,0,0,0,0,0,47,0,0,0,12,6,2,30,0,0,0,1,12,33177,6,1,0,0,3,0,63,999,0,0,0,0,0,0,0,0,0,0,6,0,0,0,3,2,45,1,1,8,1,0,0,1,13,1,1,4,1,1,0
12,121977,1,1,1,1,11,21,51,9,0,1,0,12,2,41,51,41051,4,2007,JM1BK12F7716,J,M,1,B,K,1,2,F,7,7,1,6,0,0,0,000000000,00000000000,0,0,0,1,0,0,0,0,0,0,0,55,0,0,0,12,6,2,9,0,0,0,1,12,32404,6,1,0,0,3,3,68,999,0,0,0,0,0,0,0,0,0,0,0,0,0,0,2,2,55,1,1,8,1,0,0,1,83,99,1,1,13,0,0
12,121978,1,2,1,4,11,6,12,12,2,1,0,12,1,49,472,49472,30,2000,5TEWN72N7YZ6,5,T,E,W,N,7,2,N,7,Y,Z,6,0,0,0,000000000,00000000000,0,0,0,1,0,0,0,0,0,0,0,60,0,0,0,12,6,2,12,0,0,1,1,12,32720,6,1,0,0,3,0,70,999,0,0,0,0,0,0,0,0,0,0,33,0,0,0,1,2,60,1,1,8,1,0,0,6,54,99,1,1,52,0,1
12,121978,2,2,1,4,11,6,12,12,2,1,0,12,1,76,706,76706,80,2001,JYAVP07EX1A0,J,Y,A,V,P,0,7,E,X,1,A,0,0,0,0,000000000,00000000000,0,0,0,1,0,0,0,0,0,0,0,60,0,0,0,12,6,2,12,0,0,1,1,12,32137,6,1,0,0,3,0,70,999,0,0,0,0,0,0,0,0,0,0,0,0,0,0,1,2,60,1,1,8,1,0,0,1,54,99,1,1,52,1,0
12,121979,1,1,1,5,11,8,5,8,0,1,0,12,1,12,471,12471,30,1996,1FTCR10A1TUD,1,F,T,C,R,1,0,A,1,T,U,D,0,0,0,000000000,00000000000,0,0,0,1,0,0,0,0,0,0,0,20,0,0,0,12,0,5,8,0,0,0,1,12,33703,6,1,0,0,3,3,68,999,0,0,0,0,0,0,0,0,0,0,38,0,0,0,1,4,20,1,1,8,1,0,0,11,80,99,1,1,13,0,0
12,121980,1,2,1,6,11,12,38,12,1,1,0,12,2,50,706,50706,80,2005,SMT915RN95J2,S,M,T,9,1,5,R,N,9,5,J,2,0,0,0,000000000,00000000000,0,0,0,1,0,0,0,0,0,0,0,40,0,0,0,12,6,2,12,0,0,0,1,12,32806,6,1,0,0,3,0,70,999,0,0,0,0,0,0,0,0,0,0,6,0,0,0,3,3,45,1,1,8,1,3,3,1,52,99,1,1,28,1,0
12,121980,2,2,2,6,11,12,38,12,1,1,0,12,3,84,884,84884,66,2001,1HSSDAAN91H3,1,H,S,S,D,A,A,N,9,1,H,3,1,1,18,692947,18692947,3,6,1,1,0,0,0,0,0,0,0,10,0,0,0,6,2,3,12,0,0,0,1,12,34744,6,1,6,3,3,3,71,999,0,0,0,0,1,8,2013,8,2013,0,0,0,0,0,3,3,45,1,1,8,1,3,3,2,53,99,1,1,31,0,0
12,121981,1,1,1,6,11,4,55,42,0,1,0,12,2,13,1,13001,4,2001,1LNHM82W51Y7,1,L,N,H,M,8,2,W,5,1,Y,7,0,0,0,000000000,00000000000,0,0,0,1,0,0,0,0,0,0,0,55,0,0,0,5,6,2,42,0,0,0,1,12,32189,6,1,0,0,3,0,67,999,0,0,0,1,1,12,2012,8,2013,0,0,0,0,0,1,2,55,3,1,8,1,0,0,14,13,6,9,4,6,1,1
12,121982,1,2,1,6,11,18,25,12,6,1,0,12,1,12,481,12481,31,2000,1FTRX08L3YKA,1,F,T,R,X,0,8,L,3,Y,K,A,0,0,0,000000000,00000000000,0,0,0,1,0,0,0,0,0,0,0,20,0,0,0,12,6,2,12,0,0,0,1,12,34601,6,1,6,0,3,0,69,999,0,0,0,0,0,0,0,0,0,0,6,0,0,0,5,5,45,1,1,8,1,0,0,11,15,99,1,1,68,0,0
12,121982,2,2,2,6,11,18,25,12,6,1,0,39,1,98,709,98709,80,2002,1E9R357162A1,1,E,9,R,3,5,7,1,6,2,A,1,0,0,0,000000000,00000000000,0,0,0,1,0,0,0,0,0,0,0,45,0,0,0,63,6,2,12,0,0,0,1,39,44266,6,1,0,0,3,3,69,200,0,0,0,1,0,5,2013,5,2013,0,0,0,0,0,5,4,45,1,1,8,1,0,0,1,62,99,1,1,69,1,0