STATE,ST_CASE,VEH_NO,VE_FORMS,NUMOCCS,DAY,MONTH,HOUR,MINUTE,HARM_EV,MAN_COLL,UNITTYPE,HIT_RUN,REG_STAT,OWNER,MAKE,MODEL,MAK_MOD,BODY_TYP,MOD_YEAR,VIN,VIN_1,VIN_2,VIN_3,VIN_4,VIN_5,VIN_6,VIN_7,VIN_8,VIN_9,VIN_10,VIN_11,VIN_12,TOW_VEH,J_KNIFE,MCARR_I1,MCARR_I2,MCARR_ID,GVWR,V_CONFIG,CARGO_BT,HAZ_INV,HAZ_PLAC,HAZ_ID,HAZ_CNO,HAZ_REL,BUS_USE,SPEC_USE,EMER_USE,TRAV_SP,UNDERIDE,ROLLOVER,ROLINLOC,IMPACT1,DEFORMED,TOWED,M_HARM,VEH_SC1,VEH_SC2,FIRE_EXP,DR_PRES,L_STATE,DR_ZIP,L_STATUS,L_TYPE,CDL_STAT,L_ENDORS,L_COMPL,L_RESTRI,DR_HGT,DR_WGT,PREV_ACC,PREV_SUS,PREV_DWI,PREV_SPD,PREV_OTH,FIRST_MO,FIRST_YR,LAST_MO,LAST_YR,SPEEDREL,DR_SF1,DR_SF2,DR_SF3,DR_SF4,VTRAFWAY,VNUM_LAN,VSPD_LIM,VALIGN,VPROFILE,VPAVETYP,VSURCOND,VTRAFCON,VTCONT_F,P_CRASH1,P_CRASH2,P_CRASH3,PCRASH4,PCRASH5,ACC_TYPE,DEATHS,DR_DRINK
12,121983,1,1,1,7,11,0,29,9,0,1,0,12,2,49,403,49403,14,2005,JTEGD21AX501,J,T,E,G,D,2,1,A,X,5,0,1,0,0,0,000000000,00000000000,0,0,0,1,0,0,0,0,0,0,0,998,0,0,0,12,4,3,9,0,0,0,1,12,32832,6,1,0,0,3,0,67,999,1,0,0,0,1,10,2012,11,2012,0,6,0,0,0,3,2,45,2,1,8,1,0,0,14,83,99,1,1,13,0,0
12,121984,1,1,1,7,11,23,10,9,0,1,1,99,9,99,999,99999,99,9999,999999999999,9,9,9,9,9,9,9,9,9,9,9,9,0,0,0,000000000,00000000000,0,0,0,1,0,0,0,0,0,0,0,45,0,0,0,12,9,5,9,0,0,0,1,99,99999,9,9,99,9,9,9,999,999,99,99,99,99,99,99,9999,99,9999,0,0,0,0,0,5,3,45,1,1,8,1,0,0,1,83,99,1,1,13,0,0
12,121985,1,1,1,7,11,19,20,9,0,1,0,12,3,12,481,12481,31,2001,1FTWX32F81EB,1,F,T,W,X,3,2,F,8,1,E,B,0,0,0,000000000,00000000000,0,0,0,1,0,0,0,0,0,0,0,29,0,0,0,12,2,3,9,0,0,0,1,12,32003,6,1,0,0,3,0,72,999,1,0,0,1,1,12,2011,12,2013,0,0,0,0,0,1,2,30,1,1,8,1,0,0,1,83,99,1,1,13,0,0
12,121986,1,3,1,8,11,10,2,12,6,1,0,12,2,35,47,35047,4,2006,1N4AL11D66N3,1,N,4,A,L,1,1,D,6,6,N,3,0,0,0,000000000,00000000000,0,0,0,1,0,0,0,0,0,0,0,15,0,0,0,1,6,2,12,0,0,0,1,12,33484,6,1,0,0,3,3,61,999,0,0,0,0,0,0,0,0,0,0,38,0,0,0,3,4,45,1,1,8,1,0,0,11,15,99,1,1,68,1,0
12,121986,2,3,2,8,11,10,2,12,6,1,0,12,1,37,32,37032,4,2005,1HGCM56145A1,1,H,G,C,M,5,6,1,4,5,A,1,0,0,0,000000000,00000000000,0,0,0,1,0,0,0,0,0,0,0,45,0,0,0,12,6,2,12,0,0,0,1,12,33435,6,1,0,0,3,0,61,999,0,0,0,0,0,0,0,0,0,0,0,0,0,0,3,4,45,1,1,8,1,0,0,1,62,99,1,1,69,0,0
12,121986,3,3,1,8,11,10,2,12,6,1,0,12,1,41,51,41051,5,2013,JM1BL1L75D17,J,M,1,B,L,1,L,7,5,D,1,7,0,0,0,000000000,00000000000,0,0,0,1,0,0,0,0,0,0,0,0,0,0,0,11,4,3,12,0,0,0,1,12,33484,6,1,0,0,3,0,64,999,0,0,0,0,0,0,0,0,0,0,0,0,0,0,2,2,25,1,1,8,1,20,3,5,66,99,1,1,98,0,0
12,121987,1,1,1,9,11,16,58,8,0,1,1,99,9,99,999,99999,99,9999,999999999999,9,9,9,9,9,9,9,9,9,9,9,9,0,0,0,000000000,00000000000,0,0,0,1,0,0,0,0,0,0,0,15,0,0,0,12,9,9,8,0,0,0,1,99,99999,9,9,99,9,9,9,999,999,99,99,99,99,99,99,9999,99,9999,0,0,0,0,0,1,2,15,1,1,8,2,20,3,1,80,99,1,1,13,0,0
12,121988,1,1,1,14,11,22,30,30,0,1,0,12,1,42,48,42048,4,1997,WDBJF55F0VA3,W,D,B,J,F,5,5,F,0,V,A,3,0,0,0,000000000,00000000000,0,0,0,1,0,0,0,0,0,0,0,65,0,0,0,9,6,2,30,0,0,0,1,12,33852,6,1,0,0,3,0,65,999,0,0,0,0,0,0,0,0,0,0,6,0,0,0,1,2,55,1,1,8,1,0,0,1,13,99,3,4,1,1,0
12,121989,1,1,1,15,11,12,24,25,0,1,0,12,1,37,706,37706,80,2000,JH2SC4402YM0,J,H,2,S,C,4,4,0,2,Y,M,0,0,0,0,000000000,00000000000,0,0,0,1,0,0,0,0,0,0,0,80,0,0,0,11,6,2,25,0,0,0,1,12,32514,1,1,0,0,2,0,72,999,0,3,0,0,1,1,2013,9,2013,0,6,0,0,0,3,2,45,2,5,8,1,0,0,14,12,99,1,4,6,1,0
12,121990,1,1,1,15,11,3,1,35,0,1,0,12,1,49,40,49040,4,2011,4T1BF3EK1BU1,4,T,1,B,F,3,E,K,1,B,U,1,0,0,0,000000000,00000000000,0,0,0,1,0,0,0,0,0,0,0,35,0,0,0,12,6,2,35,0,0,0,1,12,34688,6,1,0,0,3,0,61,999,1,0,0,0,0,7,2014,7,2014,0,0,0,0,0,1,2,35,3,1,8,1,40,3,14,13,99,1,4,1,1,1
12,121991,1,2,3,16,11,19,30,12,2,1,0,99,2,7,442,7442,20,2001,2B4GP44361R2,2,B,4,G,P,4,4,3,6,1,R,2,0,0,0,000000000,00000000000,0,0,0,1,0,0,0,0,0,0,0,25,0,0,0,12,6,2,12,0,0,0,1,12,24221,0,0,0,0,0,0,999,999,0,0,0,0,0,0,0,0,0,0,51,0,0,0,3,3,55,1,1,8,1,0,0,1,54,99,1,1,53,0,1
12,121991,2,2,1,16,11,19,30,12,2,1,0,12,1,20,22,20022,2,2006,1G1AK15F8678,1,G,1,A,K,1,5,F,8,6,7,8,0,0,0,000000000,00000000000,0,0,0,1,0,0,0,0,0,0,0,55,0,0,0,12,6,2,12,0,0,0,1,12,33770,6,1,0,0,3,3,70,999,0,2,0,0,0,1,2012,6,2012,0,0,0,0,0,3,3,55,1,1,8,1,0,0,1,54,99,1,1,53,1,0
12,121992,1,2,1,17,11,14,50,24,0,1,0,12,1,37,32,37032,4,2000,1HGCG5661YA1,1,H,G,C,G,5,6,6,1,Y,A,1,0,0,0,000000000,00000000000,0,0,0,1,0,0,0,0,0,0,0,40,0,0,0,9,6,2,12,0,0,0,1,12,33410,6,1,0,0,3,3,70,999,0,1,0,1,0,11,2013,3,2014,0,6,0,0,0,6,1,70,2,1,8,2,0,0,14,13,99,1,4,1,1,0
12,121992,2,2,2,17,11,14,50,24,0,1,0,95,1,20,461,20461,21,2000,1GBFG15R8Y12,1,G,B,F,G,1,5,R,8,Y,1,2,0,0,0,000000000,00000000000,0,0,0,1,0,0,0,0,0,0,0,45,0,0,0,12,6,2,12,0,0,0,1,95,0,9,9,99,9,9,9,999,999,99,99,99,99,99,99,9999,99,9999,0,0,0,0,0,3,3,70,1,1,8,2,0,0,1,61,99,1,1,98,0,0
12,121993,1,1,1,18,11,20,29,30,0,1,0,12,3,63,34,63034,4,2015,5XXGM4A70FG4,5,X,X,G,M,4,A,7,0,F,G,4,0,0,0,000000000,00000000000,0,0,0,1,0,0,0,0,0,0,0,70,0,0,0,12,6,2,30,0,0,0,1,12,32707,1,1,0,0,2,0,70,999,0,2,0,0,0,6,2014,9,2014,0,0,0,0,0,3,3,70,1,1,8,1,0,0,1,13,99,1,4,1,1,0
12,121994,1,2,1,18,11,12,40,12,6,1,0,12,2,20,2,20002,4,2014,2G1WB5E34E11,2,G,1,W,B,5,E,3,4,E,1,1,0,0,0,000000000,00000000000,0,0,0,1,0,0,0,0,0,0,0,52,0,0,0,61,6,2,12,0,0,0,1,12,32164,6,1,0,0,3,0,67,999,0,0,0,0,1,10,2014,10,2014,3,37,39,0,0,3,2,35,1,1,8,1,3,3,1,17,99,1,1,89,1,0
12,121994,2,2,2,18,11,12,40,12,6,1,0,26,1,7,482,7482,31,2002,3B7KC23672M2,3,B,7,K,C,2,3,6,7,2,M,2,0,0,0,000000000,00000000000,0,0,0,1,0,0,0,0,0,0,0,34,0,0,0,12,6,2,12,0,0,0,1,12,32181,6,1,0,0,3,0,70,999,0,0,0,0,0,0,0,0,0,0,0,0,0,0,1,2,35,1,1,8,1,3,3,1,66,99,1,1,88,0,0
12,121995,1,1,1,18,11,3,22,45,0,1,0,12,1,49,32,49032,4,1997,1NXBA02E8VZ6,1,N,X,B,A,0,2,E,8,V,Z,6,0,0,0,000000000,00000000000,0,0,0,1,0,0,0,0,0,0,0,85,0,0,0,12,6,2,45,0,0,0,1,12,32114,6,1,0,0,3,3,71,999,1,1,0,0,0,11,2013,5,2014,0,6,0,0,0,3,3,50,1,1,8,1,0,0,1,51,99,1,1,15,1,1
12,121996,1,1,1,18,11,18,8,8,0,1,0,12,2,7,482,7482,31,2000,1B7HC13Y6YJ1,1,B,7,H,C,1,3,Y,6,Y,J,1,0,0,0,000000000,00000000000,0,0,0,1,0,0,0,0,0,0,0,35,0,0,0,12,4,3,8,0,0,0,1,12,33815,6,1,0,0,3,3,71,999,0,0,0,0,0,0,0,0,0,0,0,0,0,0,3,3,40,1,1,8,1,0,0,1,80,1,1,1,13,0,0
12,121997,1,2,1,19,11,16,58,24,0,1,0,12,1,63,32,63032,4,2009,KNADE2430965,K,N,A,D,E,2,4,3,0,9,6,5,0,0,0,000000000,00000000000,0,0,0,1,0,0,0,0,0,0,0,45,0,0,0,12,6,2,12,0,0,0,1,12,32180,6,1,0,0,3,3,63,999,0,0,0,0,0,0,0,0,0,0,28,0,0,0,1,2,45,3,1,8,1,0,0,14,13,99,1,4,1,1,0
12,121997,2,2,1,19,11,16,58,24,0,1,0,12,1,20,473,20473,30,2004,1GCCS1363481,1,G,C,C,S,1,3,6,3,4,8,1,0,0,0,000000000,00000000000,0,0,0,1,0,0,0,0,0,0,0,45,0,0,0,12,6,2,12,0,0,0,1,12,32763,6,1,0,0,3,0,71,999,0,0,0,1,2,11,2011,1,2014,0,0,0,0,0,1,2,45,2,1,8,1,0,0,14,62,99,1,1,98,0,0
12,121998,1,1,1,28,10,22,35,25,0,1,0,12,1,37,705,37705,80,2005,JH2PC370X5M2,J,H,2,P,C,3,7,0,X,5,M,2,0,0,0,000000000,00000000000,0,0,0,1,0,0,0,0,0,0,0,80,0,0,0,12,6,2,30,0,0,1,1,12,33161,6,1,0,0,3,0,72,999,0,1,0,0,0,1,2014,1,2014,4,0,0,0,0,3,4,55,3,1,8,1,0,0,14,13,1,1,4,1,1,0
12,121999,1,1,2,28,10,20,55,8,0,1,0,12,2,12,481,12481,31,2002,1FTRF17212NB,1,F,T,R,F,1,7,2,1,2,N,B,1,1,0,000000000,00000000000,0,0,0,1,0,0,0,0,0,0,0,60,0,0,0,10,2,5,8,0,0,0,1,12,33935,6,1,0,0,3,0,67,999,0,0,0,1,3,1,2012,10,2014,0,0,0,0,0,1,2,60,1,1,8,1,0,0,1,80,99,1,1,13,0,0
12,122001,1,2,2,9,11,6,31,12,6,1,0,12,2,35,39,35039,4,2001,JN1CA31DX1T8,J,N,1,C,A,3,1,D,X,1,T,8,0,0,0,000000000,00000000000,0,0,0,1,0,0,0,0,0,0,0,15,0,0,0,12,4,3,12,0,0,0,1,12,33056,6,1,0,0,3,0,64,999,0,0,0,0,0,0,0,0,0,0,38,0,0,0,5,6,45,1,1,8,1,0,0,11,15,99,1,1,68,0,0
12,122001,2,2,1,9,11,6,31,12,6,1,0,12,1,37,32,37032,4,1998,1HGCG5541WA2,1,H,G,C,G,5,5,4,1,W,A,2,0,0,0,000000000,00000000000,0,0,0,1,0,0,0,0,0,0,0,45,0,0,0,9,6,2,12,0,0,0,1,12,33024,6,1,0,0,3,0,67,999,0,0,0,0,0,0,0,0,0,0,0,0,0,0,5,6,45,1,1,8,1,0,0,1,62,99,1,1,69,0,0
12,122002,1,3,1,9,11,18,27,12,2,1,0,12,2,55,33,55033,4,2012,5NPEB4AC8CH3,5,N,P,E,B,4,A,C,8,C,H,3,0,0,0,000000000,00000000000,0,0,0,1,0,0,0,0,0,0,0,25,0,0,0,12,6,2,12,0,0,0,1,12,33324,6,1,0,0,3,3,68,999,0,0,0,0,0,0,0,0,0,0,38,0,0,0,3,4,45,1,1,8,2,3,3,11,15,99,1,1,68,1,0
12,122002,2,3,2,9,11,18,27,12,2,1,0,12,1,35,50,35050,5,2012,3N1BC1CPXCK2,3,N,1,B,C,1,C,P,X,C,K,2,0,0,0,000000000,00000000000,0,0,0,1,0,0,0,0,0,0,0,45,0,0,0,12,6,2,12,0,0,0,1,12,33614,6,1,0,0,3,0,67,999,0,0,0,0,1,11,2011,11,2011,0,0,0,0,0,3,4,45,1,1,8,2,3,3,1,62,4,1,1,69,0,0
12,122002,3,3,1,9,11,18,27,12,2,1,0,13,1,24,9,24009,4,2007,1G8ZS57N67F1,1,G,8,Z,S,5,7,N,6,7,F,1,0,0,0,000000000,00000000000,0,0,0,1,0,0,0,0,0,0,0,0,0,0,0,12,2,5,12,0,0,0,1,13,30101,6,1,0,0,3,0,66,999,98,0,0,0,0,0,0,0,0,0,0,0,0,0,3,4,45,1,1,8,2,3,3,5,68,99,1,1,98,0,0
12,122003,1,1,1,10,11,21,54,8,0,1,0,12,2,12,461,12461,21,2008,1FTNE24W78DA,1,F,T,N,E,2,4,W,7,8,D,A,0,0,0,000000000,00000000000,0,0,0,1,0,0,0,0,0,0,0,45,0,0,0,12,6,2,8,0,0,0,1,12,34684,6,1,0,0,3,0,73,999,0,1,0,1,0,1,2014,1,2014,0,0,0,0,0,3,3,45,1,1,8,1,0,0,1,80,99,1,1,13,0,0
12,122004,1,2,1,11,11,11,54,12,6,1,0,12,1,12,24,12024,6,2010,2FMDK3GCXABB,2,F,M,D,K,3,G,C,X,A,B,B,0,0,0,000000000,00000000000,0,0,0,1,0,0,0,0,0,0,0,5,0,0,0,8,6,2,12,0,0,0,1,12,33411,6,1,0,0,3,3,65,999,0,0,0,0,0,0,0,0,0,0,0,0,0,0,0,0,0,0,0,0,0,20,3,11,15,99,1,1,82,0,0
12,122004,2,2,1,11,11,11,54,12,6,1,0,12,2,37,706,37706,80,2005,JH2SC57075M1,J,H,2,S,C,5,7,0,7,5,M,1,0,0,0,000000000,00000000000,0,0,0,1,0,0,0,0,0,0,0,998,0,0,0,12,6,2,12,0,0,0,1,12,33410,6,1,0,0,2,0,70,999,0,0,0,0,0,0,0,0,0,0,0,0,0,0,3,5,50,1,1,8,1,0,0,1,67,99,1,1,83,1,0
12,122005,1,2,1,12,11,22,36,12,6,1,0,12,1,35,421,35421,15,2005,5N1AA08A35N7,5,N,1,A,A,0,8,A,3,5,N,7,0,0,0,000000000,00000000000,0,0,0,1,0,0,0,0,0,0,0,15,0,0,0,4,4,3,12,0,0,0,1,12,33511,6,1,0,0,3,3,67,999,1,1,0,0,0,5,2012,4,2013,0,38,48,0,0,1,2,45,1,1,8,1,20,3,11,15,99,1,1,76,0,0
12,122005,2,2,1,12,11,22,36,12,6,1,0,12,2,53,706,53706,80,2005,JS1GW71A2521,J,S,1,G,W,7,1,A,2,5,2,1,0,0,0,000000000,00000000000,0,0,0,1,0,0,0,0,0,0,0,45,0,0,0,12,6,2,12,0,0,0,1,12,33566,2,1,0,0,2,0,70,999,1,5,0,0,0,2,2012,6,2014,0,0,0,0,0,2,4,45,1,1,8,1,3,3,1,65,99,1,1,77,1,0
12,122006,1,1,1,12,11,1,26,30,0,1,0,12,1,20,498,20498,30,1997,1GCGK24F3VZ1,1,G,C,G,K,2,4,F,3,V,Z,1,0,0,0,000000000,00000000000,0,0,0,1,0,0,0,0,0,0,0,83,0,0,0,12,6,2,30,0,0,0,1,12,32043,6,1,0,0,3,0,77,999,0,0,0,0,0,0,0,0,0,0,6,0,0,0,2,1,30,1,1,8,1,0,0,1,13,99,1,4,1,1,1
12,122007,1,1,1,13,11,20,53,8,0,1,0,12,1,49,472,49472,30,2000,5TENM92N4YZ6,5,T,E,N,M,9,2,N,4,Y,Z,6,0,0,0,000000000,00000000000,0,0,0,1,0,0,0,0,0,0,0,30,0,0,0,12,6,2,8,0,0,0,1,12,32211,6,1,0,0,3,3,67,999,0,0,0,0,0,0,0,0,0,0,0,0,0,0,2,1,35,1,1,2,1,3,3,1,80,6,1,1,13,0,0
12,122008,1,2,1,14,11,5,48,12,1,1,0,12,3,12,461,12461,21,2012,1FDWE3FL5CDA,1,F,D,W,E,3,F,L,5,C,D,A,0,0,0,000000000,00000000000,0,0,0,1,0,0,0,0,0,0,0,70,0,0,0,12,6,2,12,0,0,0,1,12,32714,6,1,6,0,3,3,70,999,3,1,0,1,3,7,2012,7,2014,0,6,0,0,0,3,4,70,1,1,8,1,0,0,1,52,99,1,1,28,0,0
12,122008,2,2,1,14,11,5,48,12,1,1,0,12,1,2,403,2403,14,2000,1J4FA49S6YP7,1,J,4,F,A,4,9,S,6,Y,P,7,0,0,0,000000000,00000000000,0,0,0,1,0,0,0,0,0,0,0,5,0,1,3,6,6,2,1,0,0,0,1,12,33805,6,1,0,0,3,0,68,999,0,0,0,0,0,0,0,0,0,0,0,0,0,0,3,4,70,1,1,8,1,0,0,2,53,99,1,1,29,1,0
12,122009,1,1,1,14,11,19,43,8,0,1,0,12,4,20,2,20002,4,2013,2G1WG5E30D12,2,G,1,W,G,5,E,3,0,D,1,2,0,0,0,000000000,00000000000,0,0,0,1,0,0,0,0,0,0,0,35,0,0,0,12,4,3,8,0,0,0,1,12,34952,6,1,0,0,3,0,69,999,0,0,0,0,0,0,0,0,0,0,0,0,0,0,3,5,35,1,1,8,1,3,3,1,80,99,1,1,13,0,0
12,122011,1,1,4,15,11,18,28,8,0,1,0,12,1,12,481,12481,31,2005,1FTRX12WX5NB,1,F,T,R,X,1,2,W,X,5,N,B,0,0,0,000000000,00000000000,0,0,0,1,0,0,0,0,0,0,0,65,0,0,0,12,6,2,8,0,0,0,1,12,34106,3,1,0,0,2,0,62,999,0,0,0,0,0,0,0,0,0,0,0,0,0,0,1,2,60,1,1,8,1,0,0,1,80,99,1,1,13,0,0
12,122012,1,2,1,15,11,23,10,12,2,1,0,12,2,58,37,58037,4,2004,JNKCV51E44M1,J,N,K,C,V,5,1,E,4,4,M,1,0,0,0,000000000,00000000000,0,0,0,1,0,0,0,0,0,0,0,88,0,1,1,12,6,2,12,0,0,0,1,12,32703,6,1,0,0,3,0,68,999,0,3,0,1,0,12,2012,3,2014,0,35,0,0,0,1,2,45,1,1,8,1,0,0,6,54,99,1,1,52,1,1
12,122012,2,2,1,15,11,23,10,12,2,1,0,12,2,54,35,54035,4,2000,19UUA5662YA0,1,9,U,U,A,5,6,6,2,Y,A,0,0,0,0,000000000,00000000000,0,0,0,1,0,0,0,0,0,0,0,45,0,0,0,12,6,2,12,0,0,0,1,12,32808,6,1,0,0,3,0,67,999,0,0,0,0,0,0,0,0,0,0,0,0,0,0,1,2,45,1,1,8,1,0,0,1,54,99,1,1,52,1,0
12,122014,1,1,2,16,11,5,55,8,0,1,0,12,3,12,17,12017,4,2011,1FAHP2DW2BG1,1,F,A,H,P,2,D,W,2,B,G,1,0,0,0,000000000,00000000000,0,0,0,1,0,0,0,0,0,0,0,35,0,0,0,12,4,3,8,0,0,0,1,12,32828,6,1,0,0,3,3,69,999,0,0,0,0,1,12,2013,12,2013,0,0,0,0,0,1,2,35,1,5,8,1,0,0,1,80,99,1,1,13,0,0
12,122015,1,1,1,17,11,14,0,42,0,1,0,12,2,7,472,7472,30,2003,1D7HL38X23S2,1,D,7,H,L,3,8,X,2,3,S,2,0,0,0,000000000,00000000000,0,0,0,1,0,0,0,0,0,0,0,59,0,0,0,12,6,2,42,0,0,0,1,12,34994,6,1,0,0,3,0,66,999,0,0,0,0,0,0,0,0,0,0,28,0,0,0,1,2,60,1,1,2,1,0,0,1,13,99,1,4,1,1,0
12,122016,1,4,1,17,11,18,0,12,1,1,0,12,3,87,881,87881,66,2006,1XP5DB9X86N6,1,X,P,5,D,B,9,X,8,6,N,6,1,1,12,2504096,122504096,3,6,1,1,0,0,0,0,0,0,0,5,0,0,0,6,2,5,12,0,0,0,1,12,33615,6,1,6,0,3,0,75,999,0,1,0,0,0,11,2011,11,2011,0,38,0,0,0,3,3,55,1,1,8,2,0,0,12,98,99,1,2,98,0,0
12,122016,2,4,1,17,11,18,0,12,1,1,0,12,2,72,706,72706,80,2000,1HD1CGP19YK1,1,H,D,1,C,G,P,1,9,Y,K,1,0,0,0,000000000,00000000000,0,0,0,1,0,0,0,0,0,0,0,45,0,0,0,12,6,2,12,0,0,0,1,12,33716,6,1,6,0,3,0,70,999,0,0,0,1,0,3,2013,3,2013,0,0,0,0,0,3,3,55,1,1,8,2,0,0,1,62,6,1,1,98,1,1
12,122016,3,4,3,17,11,18,0,12,1,1,0,12,1,12,25,12025,6,2009,2FMDK51C69BA,2,F,M,D,K,5,1,C,6,9,B,A,0,0,0,000000000,00000000000,0,0,0,1,0,0,0,0,0,0,0,45,0,0,0,9,4,5,12,0,0,0,1,12,33572,6,1,0,0,3,3,66,999,0,0,0,0,0,0,0,0,0,0,0,0,0,0,3,3,55,1,1,8,2,0,0,1,62,99,1,1,98,0,0
12,122016,4,4,4,17,11,18,0,12,1,1,0,12,2,12,461,12461,21,1994,1FBJS31H5RHB,1,F,B,J,S,3,1,H,5,R,H,B,0,0,0,000000000,00000000000,0,0,0,1,0,0,0,0,0,0,0,45,0,0,0,12,2,5,12,0,0,0,1,12,33610,6,1,0,0,3,0,71,999,1,0,0,0,1,2,2013,3,2013,0,0,0,0,0,3,3,55,1,1,8,2,0,0,1,62,99,1,1,98,0,0
12,122017,1,2,2,17,11,18,46,12,6,1,0,12,2,23,401,23401,14,2003,1GKDS13S3321,1,G,K,D,S,1,3,S,3,3,2,1,0,0,0,000000000,00000000000,0,0,0,1,0,0,0,0,0,0,0,97,0,0,0,12,6,2,12,0,0,0,1,1,36784,2,1,0,0,2,0,68,999,0,0,0,0,0,0,0,0,0,3,36,37,0,0,1,2,45,1,1,8,1,0,0,1,62,99,1,1,69,0,0
12,122017,2,2,1,17,11,18,46,12,6,1,0,12,1,18,7,18007,4,1998,2G4WS52M5W15,2,G,4,W,S,5,2,M,5,W,1,5,0,0,0,000000000,00000000000,0,0,0,1,0,0,0,0,0,0,0,10,0,0,0,3,6,2,12,0,0,0,1,12,32428,6,1,0,0,3,0,65,999,0,0,0,0,0,0,0,0,0,0,0,0,0,0,1,2,45,1,1,8,1,0,0,11,10,99,1,1,68,1,0
12,122018,1,1,1,17,11,4,20,42,0,1,0,12,1,20,498,20498,31,1977,CCU147F30499,C,C,U,1,4,7,F,3,0,4,9,9,0,0,0,000000000,00000000000,0,0,0,1,0,0,0,0,0,0,0,56,0,0,0,12,6,2,42,0,0,0,1,12,32008,6,1,0,0,3,0,71,999,0,0,0,0,0,0,0,0,0,0,6,0,0,0,1,2,60,1,1,2,1,0,0,1,12,1,1,4,6,1,1
12,122019,1,1,1,18,11,11,39,9,0,1,0,12,1,12,32,12032,3,2013,3FADP4EJ4DM2,3,F,A,D,P,4,E,J,4,D,M,2,0,0,0,000000000,00000000000,0,0,0,1,0,0,0,0,0,0,0,15,0,0,0,12,2,5,9,0,0,0,1,12,33635,6,1,0,0,3,3,63,999,0,0,0,0,0,0,0,0,0,0,6,0,0,0,1,2,30,1,1,8,1,20,3,10,83,99,1,1,13,0,0
12,122020,1,3,1,19,11,20,18,12,2,1,0,12,1,7,498,7498,31,2013,1C6RR6GP4DS6,1,C,6,R,R,6,G,P,4,D,S,6,0,0,0,000000000,00000000000,0,0,0,1,0,0,0,0,0,0,0,20,0,0,0,12,6,2,12,0,0,0,1,12,34219,6,1,0,0,3,0,74,999,0,0,0,0,0,0,0,0,0,0,38,0,0,0,1,2,55,1,1,8,1,0,0,11,15,99,1,1,68,0,1
12,122020,2,3,4,19,11,20,18,12,2,1,0,12,2,20,2,20002,4,2001,2G1WF52E1191,2,G,1,W,F,5,2,E,1,1,9,1,0,0,0,000000000,00000000000,0,0,0,1,0,0,0,0,0,0,0,68,0,0,0,12,6,2,12,0,0,0,1,12,34209,6,1,0,0,3,0,70,999,0,0,0,0,0,0,0,0,0,0,0,0,0,0,1,2,55,1,1,8,1,0,0,1,62,99,1,1,69,3,0
12,122020,3,3,1,19,11,20,18,12,2,1,0,12,1,58,37,58037,2,2005,JNKCV54EX5M4,J,N,K,C,V,5,4,E,X,5,M,4,0,0,0,000000000,00000000000,0,0,0,1,0,0,0,0,0,0,0,68,0,0,0,12,6,2,12,0,0,0,1,12,34219,6,1,0,0,3,0,70,999,0,2,0,0,2,12,2012,8,2014,0,0,0,0,0,1,2,55,1,1,8,1,0,0,1,51,6,1,2,98,0,0
12,122021,1,2,1,20,11,9,23,24,0,1,0,12,3,84,884,84884,63,1986,1HSRDT4R8GHB,1,H,S,R,D,T,4,R,8,G,H,B,0,0,12,53411,1253411,3,2,96,1,0,0,0,0,0,0,0,60,0,1,3,12,6,2,12,0,0,0,1,12,32812,6,1,6,0,3,0,71,999,0,0,0,1,0,4,2013,4,2013,0,6,0,0,0,3,4,70,1,3,8,1,0,0,1,1,99,1,4,6,0,0
12,122021,2,2,2,20,11,9,23,24,0,1,0,12,1,23,481,23481,31,2010,1GTPCTEX1AZ1,1,G,T,P,C,T,E,X,1,A,Z,1,0,0,0,000000000,00000000000,0,0,0,1,0,0,0,0,0,0,0,70,0,0,0,12,6,2,12,0,0,0,1,12,33001,6,1,0,0,3,0,72,999,0,0,0,0,0,0,0,0,0,0,0,0,0,0,3,4,70,1,3,8,1,0,0,1,62,99,1,1,98,2,0
12,122022,1,2,1,20,11,2,3,12,6,1,0,12,5,12,401,12401,14,2003,1FMZU63K63UC,1,F,M,Z,U,6,3,K,6,3,U,C,0,0,0,000000000,00000000000,0,0,0,1,0,0,0,0,0,0,0,60,0,0,0,12,6,2,12,0,0,0,1,12,34208,0,0,0,0,0,0,999,999,0,2,0,0,0,7,2013,5,2014,3,39,0,0,0,1,2,40,1,1,8,1,3,3,1,17,99,1,1,88,0,0
12,122022,2,2,2,20,11,2,3,12,6,1,0,12,1,30,52,30052,4,2012,1VWCH7A39CC0,1,V,W,C,H,7,A,3,9,C,C,0,0,0,0,000000000,00000000000,0,0,0,1,0,0,0,0,0,0,0,40,0,0,0,9,6,2,12,0,0,0,1,12,34217,6,1,0,0,3,3,64,999,0,0,0,1,0,4,2013,4,2013,0,0,0,0,0,1,4,40,1,1,8,1,3,3,1,66,99,1,1,89,2,0