STATE,ST_CASE,VEH_NO,VE_FORMS,NUMOCCS,DAY,MONTH,HOUR,MINUTE,HARM_EV,MAN_COLL,UNITTYPE,HIT_RUN,REG_STAT,OWNER,MAKE,MODEL,MAK_MOD,BODY_TYP,MOD_YEAR,VIN,VIN_1,VIN_2,VIN_3,VIN_4,VIN_5,VIN_6,VIN_7,VIN_8,VIN_9,VIN_10,VIN_11,VIN_12,TOW_VEH,J_KNIFE,MCARR_I1,MCARR_I2,MCARR_ID,GVWR,V_CONFIG,CARGO_BT,HAZ_INV,HAZ_PLAC,HAZ_ID,HAZ_CNO,HAZ_REL,BUS_USE,SPEC_USE,EMER_USE,TRAV_SP,UNDERIDE,ROLLOVER,ROLINLOC,IMPACT1,DEFORMED,TOWED,M_HARM,VEH_SC1,VEH_SC2,FIRE_EXP,DR_PRES,L_STATE,DR_ZIP,L_STATUS,L_TYPE,CDL_STAT,L_ENDORS,L_COMPL,L_RESTRI,DR_HGT,DR_WGT,PREV_ACC,PREV_SUS,PREV_DWI,PREV_SPD,PREV_OTH,FIRST_MO,FIRST_YR,LAST_MO,LAST_YR,SPEEDREL,DR_SF1,DR_SF2,DR_SF3,DR_SF4,VTRAFWAY,VNUM_LAN,VSPD_LIM,VALIGN,VPROFILE,VPAVETYP,VSURCOND,VTRAFCON,VTCONT_F,P_CRASH1,P_CRASH2,P_CRASH3,PCRASH4,PCRASH5,ACC_TYPE,DEATHS,DR_DRINK
12,122023,1,2,1,20,11,12,35,12,6,1,0,12,1,20,2,20002,4,2000,2G1WF55E3Y92,2,G,1,W,F,5,5,E,3,Y,9,2,0,0,0,000000000,00000000000,0,0,0,1,0,0,0,0,0,0,0,20,0,0,0,3,6,2,12,0,0,0,1,12,34119,6,1,0,0,3,3,65,999,0,0,0,0,0,0,0,0,0,0,0,0,0,0,3,4,45,1,1,8,1,3,3,11,15,99,1,1,68,1,0
12,122023,2,2,1,20,11,12,35,12,6,1,0,12,3,86,884,86884,63,1994,1M2AD09CXRW0,1,M,2,A,D,0,9,C,X,R,W,0,0,0,12,2453422,122453422,3,2,4,1,0,0,0,0,0,0,0,50,0,0,0,12,4,3,12,0,0,0,1,12,34120,6,1,6,0,3,0,69,999,0,0,0,0,0,0,0,0,0,0,39,0,0,0,3,5,45,1,1,8,1,3,3,1,62,99,1,1,69,0,0
12,122024,1,2,1,20,11,20,47,12,6,1,0,12,1,2,404,2404,14,1995,1J4FT68S9SL6,1,J,4,F,T,6,8,S,9,S,L,6,0,0,0,000000000,00000000000,0,0,0,1,0,0,0,0,0,0,0,5,0,0,0,4,6,2,12,0,0,0,1,12,33193,6,1,0,0,3,0,72,999,1,0,0,0,0,1,2014,1,2014,0,38,0,0,0,3,4,45,1,1,8,1,0,0,11,15,99,1,1,68,1,0
12,122024,2,2,2,20,11,20,47,12,6,1,0,12,1,20,461,20461,21,2005,1GCGG25V9511,1,G,C,G,G,2,5,V,9,5,1,1,0,0,0,000000000,00000000000,0,0,0,1,0,0,0,0,0,0,0,998,0,0,0,12,6,2,12,0,0,0,1,12,33012,6,1,0,0,3,0,65,999,0,0,0,0,0,0,0,0,0,0,0,0,0,0,3,4,45,1,1,8,1,0,0,1,62,99,1,1,69,0,0
12,122025,1,1,1,20,11,13,7,20,0,1,0,12,1,20,481,20481,31,2014,1GCRCSEJ0EZ2,1,G,C,R,C,S,E,J,0,E,Z,2,0,0,0,000000000,00000000000,0,0,0,1,0,0,0,0,0,0,0,72,0,1,5,12,6,2,1,0,0,0,1,12,34652,6,1,6,0,3,0,67,999,0,0,0,1,0,8,2013,8,2013,3,6,0,0,0,3,2,60,1,6,2,1,0,0,1,13,99,1,4,1,1,0
12,122026,1,2,4,20,11,22,9,12,2,1,0,24,2,6,51,6051,4,2005,2C3AA53G95H5,2,C,3,A,A,5,3,G,9,5,H,5,0,0,0,000000000,00000000000,0,0,0,1,0,0,0,0,0,0,0,55,0,0,0,12,6,2,12,0,0,0,1,24,20650,6,1,0,0,3,3,66,150,0,2,0,0,0,10,2014,10,2014,0,51,0,0,0,1,2,55,1,3,8,1,0,0,1,54,7,1,2,52,1,0
12,122026,2,2,2,20,11,22,9,12,2,1,0,48,1,6,441,6441,20,2007,1A4GP44R07B1,1,A,4,G,P,4,4,R,0,7,B,1,0,0,0,000000000,00000000000,0,0,0,1,0,0,0,0,0,0,0,55,0,0,0,12,6,2,12,0,0,0,1,48,75803,6,1,0,0,3,3,999,999,0,0,0,0,0,0,0,0,0,0,0,0,0,0,1,2,55,1,3,8,1,0,0,1,54,6,1,2,52,0,0
12,122027,1,2,1,20,11,19,40,5,0,1,1,99,9,99,999,99999,99,9999,999999999999,9,9,9,9,9,9,9,9,9,9,9,9,0,0,0,000000000,00000000000,0,0,0,1,0,0,0,0,0,0,0,10,0,0,0,5,4,5,12,0,0,0,1,99,99999,9,9,99,9,9,9,999,999,99,99,99,99,99,99,9999,99,9999,0,38,0,0,0,1,7,40,1,1,8,1,3,3,11,15,99,1,1,98,0,0
12,122027,2,2,1,20,11,19,40,5,0,1,0,12,1,73,706,73706,80,2006,JKAZGCA146B5,J,K,A,Z,G,C,A,1,4,6,B,5,0,0,0,000000000,00000000000,0,0,0,1,0,0,0,0,0,0,0,48,0,0,0,0,4,3,12,0,0,0,1,12,33763,6,1,0,0,3,0,71,999,1,2,0,3,0,8,2013,2,2014,0,0,0,0,0,1,7,40,1,1,8,1,3,3,1,62,3,1,1,0,1,0
12,122028,1,2,1,21,11,21,0,12,6,1,0,12,1,49,404,49404,14,2009,JTEBU11F79K0,J,T,E,B,U,1,1,F,7,9,K,0,0,0,0,000000000,00000000000,0,0,0,1,0,0,0,0,0,0,0,45,0,0,0,12,6,2,12,0,0,0,1,12,34207,6,1,0,0,3,0,74,999,0,0,0,0,0,0,0,0,0,0,6,0,0,0,1,2,45,1,1,8,2,0,0,1,54,99,1,1,65,1,1
12,122028,2,2,2,21,11,21,0,12,6,1,0,12,3,82,881,82881,63,1999,1FUPCSZB2XPA,1,F,U,P,C,S,Z,B,2,X,P,A,1,1,12,1144497,121144497,3,4,3,1,0,0,0,0,0,0,0,45,0,0,0,9,6,2,12,0,0,0,1,12,34266,6,1,6,3,3,3,69,999,0,0,0,0,0,0,0,0,0,0,0,0,0,0,1,2,45,1,1,8,2,0,0,1,54,9,1,2,64,0,0
12,122029,1,2,1,21,11,18,36,12,2,1,0,12,1,72,706,72706,80,2011,1HD1JP527BB0,1,H,D,1,J,P,5,2,7,B,B,0,0,0,0,000000000,00000000000,0,0,0,1,0,0,0,0,0,0,0,45,0,0,0,12,6,2,12,0,0,0,1,12,32738,6,1,0,0,3,0,70,999,0,0,0,0,0,0,0,0,0,0,0,0,0,0,1,2,55,2,1,8,1,0,0,14,10,99,1,2,50,1,1
12,122029,2,2,2,21,11,18,36,12,2,1,0,12,1,7,402,7402,14,1999,1B4HR28Y2XF6,1,B,4,H,R,2,8,Y,2,X,F,6,0,0,0,000000000,00000000000,0,0,0,1,0,0,0,0,0,0,0,45,0,0,0,12,6,2,12,0,0,0,1,12,32713,6,1,0,0,3,0,64,999,0,0,0,0,0,0,0,0,0,0,0,0,0,0,1,2,55,2,1,8,1,0,0,14,54,9,1,2,51,0,0
12,122030,1,1,5,22,11,8,20,1,0,1,0,22,2,20,481,20481,31,2007,1GCHC23K27F5,1,G,C,H,C,2,3,K,2,7,F,5,0,0,0,000000000,00000000000,0,0,0,1,0,0,0,0,0,0,0,75,0,1,3,0,6,2,1,0,0,0,1,22,70816,6,1,0,0,3,3,65,999,0,0,0,0,1,2,2013,2,2013,0,6,0,0,0,2,2,70,1,1,8,1,0,0,1,12,7,1,4,6,1,0
12,122031,1,1,1,22,11,6,20,14,0,1,1,99,9,99,999,99999,99,9999,999999999999,9,9,9,9,9,9,9,9,9,9,9,9,0,0,0,000000000,00000000000,0,0,0,1,0,0,0,0,0,0,0,70,0,0,0,12,9,5,14,0,0,0,1,99,99999,9,9,99,9,9,9,999,999,99,99,99,99,99,99,9999,99,9999,0,0,0,0,0,3,3,70,1,1,8,1,0,0,1,13,99,1,4,1,0,0
12,122032,1,3,1,22,11,19,42,12,6,1,0,9,2,37,31,37031,2,1994,2HGEJ1125RH5,2,H,G,E,J,1,1,2,5,R,H,5,0,0,0,000000000,00000000000,0,0,0,1,0,0,0,0,0,0,0,10,0,0,0,11,6,2,12,0,0,0,1,12,33913,1,1,0,0,2,0,71,999,0,0,0,0,0,0,0,0,0,0,38,0,0,0,1,2,30,1,1,8,2,20,3,11,15,99,1,1,82,1,1
12,122032,2,3,1,22,11,19,42,12,6,1,0,12,2,35,472,35472,30,1999,1N6ED26Y0XC3,1,N,6,E,D,2,6,Y,0,X,C,3,0,0,0,000000000,00000000000,0,0,0,1,0,0,0,0,0,0,0,60,0,0,0,12,6,2,12,0,0,0,1,12,34142,6,1,0,0,3,0,60,999,0,0,0,0,0,0,0,0,0,0,0,0,0,0,1,2,60,1,1,8,2,0,0,1,67,99,1,1,83,0,0
12,122032,3,3,2,22,11,19,42,12,6,1,0,12,3,82,881,82881,66,1997,2FUYDSEB2VA8,2,F,U,Y,D,S,E,B,2,V,A,8,1,3,12,1419617,121419617,3,6,3,1,0,0,0,0,0,0,0,50,0,0,0,12,6,2,12,0,0,0,1,12,34142,6,1,6,0,3,0,66,999,0,0,0,0,0,0,0,0,0,0,0,0,0,0,1,2,60,1,1,8,2,0,0,1,50,99,1,1,98,0,0
12,122033,1,1,1,22,11,18,35,8,0,1,0,12,1,34,34,34034,4,2014,WBY1Z2C51EVX,W,B,Y,1,Z,2,C,5,1,E,V,X,0,0,0,000000000,00000000000,0,0,0,1,0,0,0,0,0,0,0,45,0,0,0,12,4,3,8,0,0,0,1,12,33431,6,1,0,0,3,0,61,999,0,0,0,0,0,0,0,0,0,0,0,0,0,0,6,1,65,2,5,8,2,0,0,14,80,99,1,1,13,0,0
12,122034,1,1,1,22,11,17,44,9,0,1,1,99,9,99,999,99999,99,9999,999999999999,9,9,9,9,9,9,9,9,9,9,9,9,0,0,0,000000000,00000000000,0,0,0,1,0,0,0,0,0,0,0,55,0,0,0,12,9,5,9,0,0,0,1,99,99999,9,9,99,9,9,9,999,999,99,99,99,99,99,99,9999,99,9999,9,0,0,0,0,2,2,55,1,1,8,2,0,0,1,83,99,1,2,13,0,0
12,122035,1,2,1,22,11,22,32,12,1,1,0,12,1,41,51,41051,4,2010,JM1BL1SF4A13,J,M,1,B,L,1,S,F,4,A,1,3,0,0,0,000000000,00000000000,0,0,0,1,0,0,0,0,0,0,0,50,0,0,0,12,6,2,12,0,0,0,1,12,34769,6,1,0,0,3,3,69,999,0,0,0,1,0,5,2014,5,2014,0,6,0,0,0,3,4,50,1,1,8,1,0,0,1,52,1,1,1,28,1,0
12,122035,2,2,1,22,11,22,32,12,1,1,0,12,1,12,481,12481,31,2012,1FT7W2BT5CEA,1,F,T,7,W,2,B,T,5,C,E,A,0,0,0,000000000,00000000000,0,0,0,1,0,0,0,0,0,0,0,10,0,0,0,6,6,2,12,0,0,0,1,12,33544,6,1,6,0,3,0,68,999,0,0,0,0,0,0,0,0,0,0,0,0,0,0,3,4,50,1,1,8,1,0,0,2,53,1,1,1,29,0,0
12,122036,1,2,1,22,11,12,40,12,6,1,0,12,1,58,38,58038,4,2009,JNKCY01E49M8,J,N,K,C,Y,0,1,E,4,9,M,8,0,0,0,000000000,00000000000,0,0,0,1,0,0,0,0,0,0,0,15,0,0,0,8,6,2,12,0,0,0,1,48,77379,6,1,0,0,3,3,999,999,0,0,0,0,0,0,0,0,0,0,38,0,0,0,1,2,25,1,1,8,2,20,3,1,17,1,1,1,89,1,0
12,122036,2,2,2,22,11,12,40,12,6,1,0,12,1,35,47,35047,4,2005,1N4BL11D55C1,1,N,4,B,L,1,1,D,5,5,C,1,0,0,0,000000000,00000000000,0,0,0,1,0,0,0,0,0,0,0,55,0,0,0,12,6,2,12,0,0,0,1,12,34711,6,1,0,0,3,3,69,999,0,0,0,0,0,0,0,0,0,0,0,0,0,0,3,2,55,1,1,8,2,0,0,1,66,1,1,1,88,0,0
12,122037,1,1,2,23,11,19,57,8,0,1,0,95,1,7,482,7482,31,2012,1C6RD7GT3CS1,1,C,6,R,D,7,G,T,3,C,S,1,0,0,0,000000000,00000000000,0,0,0,1,0,0,0,0,0,0,0,50,0,0,0,12,4,5,8,0,0,0,1,95,0,9,9,99,9,9,9,999,999,99,99,99,99,99,99,9999,99,9999,0,0,0,0,0,1,2,50,1,1,8,2,0,0,1,80,1,1,1,13,0,0
12,122038,1,1,1,23,11,6,56,25,0,1,0,12,1,53,705,53705,80,2007,JS1GN7DA3721,J,S,1,G,N,7,D,A,3,7,2,1,0,0,0,000000000,00000000000,0,0,0,1,0,0,0,0,0,0,0,90,0,0,0,12,6,2,25,0,0,0,1,12,33023,6,1,0,0,3,0,70,999,0,0,0,0,0,0,0,0,0,0,6,0,0,0,6,2,65,3,5,8,1,0,0,14,13,1,1,4,1,1,0
12,122039,1,1,1,23,11,19,27,8,0,1,0,12,1,63,35,63035,4,2005,KNALD1243550,K,N,A,L,D,1,2,4,3,5,5,0,0,0,0,000000000,00000000000,0,0,0,1,0,0,0,0,0,0,0,30,0,0,0,12,4,3,8,0,0,0,1,12,33825,6,1,0,0,3,3,63,999,0,0,0,1,0,2,2012,2,2012,0,0,0,0,0,3,4,55,1,1,8,1,0,0,1,80,1,1,1,13,0,0
12,122040,1,1,1,23,11,6,25,8,0,1,1,12,2,49,403,49403,14,2006,JTEDP21A6600,J,T,E,D,P,2,1,A,6,6,0,0,0,0,0,000000000,00000000000,0,0,0,1,0,0,0,0,0,0,0,35,0,0,0,12,4,5,8,0,0,0,1,12,32566,6,1,0,0,3,3,70,999,0,0,0,0,0,0,0,0,0,0,6,0,0,0,1,2,25,1,1,8,2,0,0,1,12,99,1,4,6,0,0
12,122041,1,1,2,23,11,3,35,33,0,1,0,12,2,2,405,2405,14,2010,1J4PP2GK3AW1,1,J,4,P,P,2,G,K,3,A,W,1,0,0,0,000000000,00000000000,0,0,0,1,0,0,0,0,0,0,0,45,0,0,0,12,6,2,30,0,0,0,1,12,33484,6,1,0,0,3,0,68,999,1,0,0,0,1,2,2013,8,2014,0,6,0,0,0,3,3,45,1,1,8,1,0,0,1,13,99,1,4,1,2,1
12,122042,1,1,1,23,11,6,52,9,0,1,1,12,2,63,37,63037,6,2014,KNDJP3A59E70,K,N,D,J,P,3,A,5,9,E,7,0,0,0,0,000000000,00000000000,0,0,0,1,0,0,0,0,0,0,0,25,0,0,0,12,4,5,9,0,0,0,1,12,32086,6,1,0,0,3,0,73,999,0,0,0,3,0,11,2012,10,2014,0,6,0,0,0,1,2,25,1,1,2,1,0,0,1,83,99,1,1,13,0,0
12,122043,1,2,2,23,11,9,30,12,6,1,0,12,2,19,24,19024,4,2014,1G6AA5RX2E01,1,G,6,A,A,5,R,X,2,E,0,1,0,0,0,000000000,00000000000,0,0,0,1,0,0,0,0,0,0,0,15,0,0,0,4,6,2,12,0,0,0,1,12,34105,6,1,0,0,3,0,67,999,0,0,0,0,0,0,0,0,0,0,39,0,0,0,3,5,50,1,1,8,1,3,3,10,16,99,1,2,70,0,0
12,122043,2,2,1,23,11,9,30,12,6,1,0,12,2,37,703,37703,80,2013,MLHMC4104D53,M,L,H,M,C,4,1,0,4,D,5,3,0,0,0,000000000,00000000000,0,0,0,1,0,0,0,0,0,0,0,45,0,0,0,12,6,2,12,0,0,0,1,12,33914,6,1,0,0,3,0,64,999,0,0,0,0,0,0,0,0,0,0,0,0,0,0,3,5,50,1,1,8,1,3,3,1,60,99,1,1,71,1,0
12,122045,1,1,1,24,11,8,50,8,0,1,0,47,1,35,47,35047,4,2008,1N4AL24E38C1,1,N,4,A,L,2,4,E,3,8,C,1,0,0,0,000000000,00000000000,0,0,0,1,0,0,0,0,0,0,0,45,0,0,0,12,6,2,8,0,0,0,1,47,38120,6,1,0,0,3,0,64,155,1,0,0,2,0,3,2012,1,2014,0,0,0,0,0,3,3,45,1,1,8,2,0,0,1,80,99,1,1,13,0,0
12,122046,1,3,1,24,11,3,45,12,1,1,0,12,2,37,705,37705,80,2007,JH2PC21437M8,J,H,2,P,C,2,1,4,3,7,M,8,0,0,0,000000000,00000000000,0,0,0,1,0,0,0,0,0,0,0,60,0,0,0,12,6,2,12,0,0,0,1,12,33761,6,1,0,0,3,0,72,999,1,0,0,1,3,6,2012,11,2013,0,36,0,0,0,3,2,45,1,1,8,1,0,0,15,51,99,1,1,24,1,1
12,122046,2,3,1,24,11,3,45,12,1,1,0,12,3,35,898,35898,61,2007,JNAUX51J27A4,J,N,A,U,X,5,1,J,2,7,A,4,0,0,77,777777777,77777777777,2,1,98,1,0,0,0,0,0,0,0,25,0,0,0,6,4,5,12,0,0,0,1,12,34652,6,1,0,0,3,0,69,999,0,0,0,0,0,0,0,0,0,0,0,0,0,0,3,2,45,1,1,8,1,0,0,1,53,99,1,1,25,0,0
12,122046,3,3,1,24,11,3,45,12,1,1,0,12,1,32,43,32043,4,2008,WAUDH78E18A1,W,A,U,D,H,7,8,E,1,8,A,1,0,0,0,000000000,00000000000,0,0,0,1,0,0,0,0,0,0,0,40,0,0,0,12,2,5,12,0,0,0,1,12,33782,6,1,0,0,3,3,67,999,0,0,0,0,0,0,0,0,0,0,0,0,0,0,3,2,45,1,1,8,1,0,0,1,61,99,1,1,98,0,0
12,122047,1,2,1,24,11,21,40,8,0,1,0,12,1,2,422,2422,15,2015,1C4RJEAG8FC6,1,C,4,R,J,E,A,G,8,F,C,6,0,0,0,000000000,00000000000,0,0,0,1,0,0,0,0,0,0,0,40,0,0,0,12,4,5,8,0,0,0,1,12,32086,6,1,0,0,3,0,62,999,0,0,0,0,0,0,0,0,0,0,0,0,0,0,2,4,55,1,1,8,1,3,3,1,80,99,1,1,13,0,0
12,122047,2,2,1,24,11,21,40,8,0,1,0,12,1,49,472,49472,30,2005,5TEJU62N15Z0,5,T,E,J,U,6,2,N,1,5,Z,0,0,0,0,000000000,00000000000,0,0,0,1,0,0,0,0,0,0,0,40,0,0,0,12,4,5,8,0,0,0,1,12,32086,6,1,0,0,3,0,72,999,0,0,0,0,0,0,0,0,0,0,0,0,0,0,2,4,55,1,1,8,1,3,3,1,80,99,1,1,98,0,0
12,122048,1,2,2,25,11,17,18,12,6,1,0,12,2,6,51,6051,4,2006,2C3LA43R96H4,2,C,3,L,A,4,3,R,9,6,H,4,0,0,0,000000000,00000000000,0,0,0,1,0,0,0,0,0,0,0,998,0,0,0,3,6,2,12,0,0,0,1,12,33614,6,1,0,0,3,0,65,999,0,0,0,0,0,0,0,0,0,0,0,0,0,0,3,3,45,1,1,8,2,0,0,11,15,99,1,1,68,0,0
12,122048,2,2,1,25,11,17,18,12,6,1,0,12,2,53,705,53705,80,2014,JS1GN7FA9E21,J,S,1,G,N,7,F,A,9,E,2,1,0,0,0,000000000,00000000000,0,0,0,1,0,0,0,0,0,0,0,998,0,0,0,12,6,2,12,0,0,0,1,12,33607,6,1,0,0,3,0,70,999,0,0,0,0,0,0,0,0,0,0,0,0,0,0,3,3,45,1,1,8,2,0,0,1,62,99,1,1,69,1,0
12,122049,1,1,2,25,11,10,10,42,0,1,0,12,2,55,402,55402,14,2013,KM8JU3ACXDU5,K,M,8,J,U,3,A,C,X,D,U,5,0,0,0,000000000,00000000000,0,0,0,1,0,0,0,0,0,0,0,25,0,0,0,12,6,2,42,0,0,0,1,12,32526,6,1,0,0,3,0,61,999,0,0,0,0,0,0,0,0,0,0,6,0,0,0,3,2,25,2,1,8,1,0,0,14,12,1,1,4,6,1,0
12,122050,1,2,1,26,11,13,0,12,6,1,0,12,3,98,498,98498,40,2000,1HTSCAAM8YH2,1,H,T,S,C,A,A,M,8,Y,H,2,0,0,0,000000000,00000000000,0,0,0,1,0,0,0,0,0,0,0,0,0,0,0,5,9,9,12,0,0,0,1,12,32218,6,1,0,0,3,3,72,999,0,0,0,0,0,0,0,0,0,0,31,0,0,0,1,2,25,1,1,8,1,0,0,99,99,99,1,9,99,0,0
12,122050,2,2,2,26,11,13,0,12,6,1,0,12,1,59,32,59032,4,2005,JTHBN36F8550,J,T,H,B,N,3,6,F,8,5,5,0,0,0,0,000000000,00000000000,0,0,0,1,0,0,0,0,0,0,0,998,0,0,0,12,6,2,12,0,0,0,1,12,32082,6,1,0,0,3,3,70,999,0,0,0,0,0,0,0,0,0,0,0,0,0,0,1,2,98,1,1,8,1,0,0,1,99,99,9,9,99,1,0
12,122051,1,1,1,26,11,16,40,5,0,1,0,12,1,53,705,53705,80,2006,JS1GN79A8621,J,S,1,G,N,7,9,A,8,6,2,1,0,0,0,000000000,00000000000,0,0,0,1,0,0,0,0,0,0,0,998,0,0,0,0,0,3,5,0,0,0,1,12,32708,6,1,0,0,3,0,70,999,0,0,0,1,1,8,2012,9,2013,0,6,0,0,0,2,2,35,1,1,8,1,0,0,1,98,99,1,1,0,1,0
12,122052,1,2,1,26,11,20,25,8,0,1,0,12,1,35,473,35473,31,2004,1N6AA07A74N5,1,N,6,A,A,0,7,A,7,4,N,5,0,0,0,000000000,00000000000,0,0,0,1,0,0,0,0,0,0,0,50,0,0,0,12,4,3,8,0,0,0,1,12,32960,6,1,0,0,3,0,69,999,0,0,0,0,0,0,0,0,0,0,0,0,0,0,2,2,50,1,1,8,1,0,0,6,80,99,1,1,13,0,0
12,122052,2,2,1,26,11,20,25,8,0,1,1,99,9,99,999,99999,99,9999,999999999999,9,9,9,9,9,9,9,9,9,9,9,9,0,0,0,000000000,00000000000,0,0,0,1,0,0,0,0,0,0,0,999,0,0,0,14,9,9,8,0,0,0,1,99,99999,9,9,99,9,9,9,999,999,99,99,99,99,99,99,9999,99,9999,0,0,0,0,0,2,2,50,1,1,8,1,0,0,1,80,99,1,1,98,0,0
12,122053,1,1,3,27,11,15,49,43,0,1,0,12,2,12,401,12401,14,2002,1FMZU63E62UA,1,F,M,Z,U,6,3,E,6,2,U,A,0,0,0,000000000,00000000000,0,0,0,1,0,0,0,0,0,0,0,35,0,1,6,11,6,2,43,0,0,0,1,12,33461,1,1,0,0,2,3,69,999,0,1,0,1,0,4,2012,11,2014,0,6,0,0,0,1,2,35,1,1,8,1,0,0,1,12,1,1,4,6,1,1
12,122054,1,1,1,27,11,18,27,8,0,1,0,12,1,37,31,37031,4,2003,JHMES95673S0,J,H,M,E,S,9,5,6,7,3,S,0,0,0,0,000000000,00000000000,0,0,0,1,0,0,0,0,0,0,0,55,0,0,0,14,4,3,8,0,0,0,1,37,28788,6,1,0,0,3,3,66,999,0,0,0,0,0,0,0,0,0,0,0,0,0,0,1,2,60,1,1,8,1,0,0,1,80,6,1,1,13,0,0
12,122055,1,2,4,28,11,18,4,12,6,1,0,12,2,55,33,55033,4,2007,5NPET46CX7H2,5,N,P,E,T,4,6,C,X,7,H,2,0,0,0,000000000,00000000000,0,0,0,1,0,0,0,0,0,0,0,15,0,0,0,2,6,2,12,0,0,0,1,12,32810,6,1,0,0,3,0,66,999,0,0,0,2,0,1,2013,8,2013,0,38,0,0,0,3,3,55,1,1,8,1,21,3,11,15,99,1,1,68,0,0
12,122055,2,2,1,28,11,18,4,12,6,1,0,12,1,37,703,37703,80,1986,JH2MC1302GK1,J,H,2,M,C,1,3,0,2,G,K,1,0,0,0,000000000,00000000000,0,0,0,1,0,0,0,0,0,0,0,55,0,0,0,12,6,2,12,0,0,0,1,12,32714,6,1,0,0,3,0,65,999,1,3,1,0,1,11,2012,1,2014,0,0,0,0,0,3,3,55,1,1,8,1,0,0,1,62,99,1,1,69,1,0
12,122057,1,2,1,29,11,0,45,12,2,1,0,12,1,2,404,2404,14,2013,1C4RJEAG9DC6,1,C,4,R,J,E,A,G,9,D,C,6,0,0,0,000000000,00000000000,0,0,0,1,0,0,0,0,0,0,0,90,0,0,0,12,6,2,12,0,0,0,1,12,32960,6,1,0,0,3,0,68,999,0,0,0,0,0,0,0,0,0,0,51,0,0,0,3,2,65,1,1,8,1,0,0,1,54,99,1,1,52,1,1
12,122057,2,2,1,29,11,0,45,12,2,1,0,12,2,7,24,7024,4,2007,2B3KA43G77H6,2,B,3,K,A,4,3,G,7,7,H,6,0,0,0,000000000,00000000000,0,0,0,1,0,0,0,0,0,0,0,65,0,0,0,12,6,2,12,0,0,0,1,12,32703,6,1,0,0,3,0,70,999,0,0,0,0,1,10,2012,10,2012,0,0,0,0,0,3,2,65,1,1,8,1,0,0,1,54,99,1,1,52,1,0
12,122058,1,2,1,29,11,23,43,9,0,1,0,12,1,12,481,12481,31,2008,1FTSX21R18EA,1,F,T,S,X,2,1,R,1,8,E,A,0,0,0,000000000,00000000000,0,0,0,1,0,0,0,0,0,0,0,40,0,0,0,12,2,5,9,0,0,0,1,12,33064,6,1,0,0,3,0,70,999,0,0,0,0,0,0,0,0,0,0,0,0,0,0,3,3,45,1,1,8,1,4,3,1,83,99,1,1,13,0,0
12,122058,2,2,1,29,11,23,43,9,0,1,1,99,9,99,999,99999,99,9999,999999999999,9,9,9,9,9,9,9,9,9,9,9,9,0,0,0,000000000,00000000000,0,0,0,1,0,0,0,0,0,0,0,999,0,0,0,98,9,5,9,0,0,0,1,99,99999,9,9,99,9,9,9,999,999,99,99,99,99,99,99,9999,99,9999,0,0,0,0,0,3,3,45,1,1,8,1,4,3,1,83,99,1,1,98,0,0
12,122059,1,2,1,29,11,15,8,12,6,1,0,12,1,24,2,24002,2,2001,1G8ZP12851Z1,1,G,8,Z,P,1,2,8,5,1,Z,1,0,0,0,000000000,00000000000,0,0,0,1,0,0,0,0,0,0,0,30,0,0,0,4,6,2,12,0,0,0,1,12,34232,6,1,0,0,3,3,64,999,0,0,0,0,0,0,0,0,0,0,38,0,0,0,3,3,30,1,1,8,1,3,3,11,15,99,1,1,68,0,0
12,122059,2,2,1,29,11,15,8,12,6,1,0,12,1,76,706,76706,80,2002,JYARN10E12A0,J,Y,A,R,N,1,0,E,1,2,A,0,0,0,0,000000000,00000000000,0,0,0,1,0,0,0,0,0,0,0,40,0,0,0,12,6,2,12,0,0,0,1,12,34231,6,1,0,0,3,0,67,999,0,0,0,0,0,0,0,0,0,0,0,0,0,0,3,3,40,1,1,8,1,3,3,1,62,99,1,1,69,1,0
12,122060,1,1,1,30,11,10,42,1,0,1,0,12,1,72,706,72706,80,2012,1HD1BWV16CB0,1,H,D,1,B,W,V,1,6,C,B,0,0,0,0,000000000,00000000000,0,0,0,1,0,0,0,0,0,0,0,50,0,0,0,0,6,2,1,0,0,0,1,12,34737,6,1,0,0,3,3,68,999,0,0,0,1,0,8,2013,8,2013,0,0,0,0,0,1,2,50,3,1,8,1,0,0,14,13,7,1,4,3,1,0
12,122061,1,1,1,30,11,3,10,8,0,1,0,28,1,12,481,12481,31,2005,1FTRX12W25FB,1,F,T,R,X,1,2,W,2,5,F,B,0,0,0,000000000,00000000000,0,0,0,1,0,0,0,0,0,0,0,70,0,0,0,12,6,2,8,0,0,0,1,28,39305,6,1,0,0,3,0,72,140,98,1,0,1,0,1,2013,1,2013,0,0,0,0,0,3,2,70,1,5,8,1,0,0,1,80,99,1,9,13,0,0
12,122062,1,2,3,1,12,6,0,12,2,1,0,12,1,63,441,63441,20,2008,KNDMB2334862,K,N,D,M,B,2,3,3,4,8,6,2,0,0,0,000000000,00000000000,0,0,0,1,0,0,0,0,0,0,0,65,0,0,0,12,6,2,12,0,0,0,1,12,33936,6,1,0,0,3,0,62,999,0,0,0,0,0,0,0,0,0,0,28,0,0,0,1,2,60,1,1,8,1,0,0,1,10,99,1,2,50,1,0