STATE,ST_CASE,VEH_NO,VE_FORMS,NUMOCCS,DAY,MONTH,HOUR,MINUTE,HARM_EV,MAN_COLL,UNITTYPE,HIT_RUN,REG_STAT,OWNER,MAKE,MODEL,MAK_MOD,BODY_TYP,MOD_YEAR,VIN,VIN_1,VIN_2,VIN_3,VIN_4,VIN_5,VIN_6,VIN_7,VIN_8,VIN_9,VIN_10,VIN_11,VIN_12,TOW_VEH,J_KNIFE,MCARR_I1,MCARR_I2,MCARR_ID,GVWR,V_CONFIG,CARGO_BT,HAZ_INV,HAZ_PLAC,HAZ_ID,HAZ_CNO,HAZ_REL,BUS_USE,SPEC_USE,EMER_USE,TRAV_SP,UNDERIDE,ROLLOVER,ROLINLOC,IMPACT1,DEFORMED,TOWED,M_HARM,VEH_SC1,VEH_SC2,FIRE_EXP,DR_PRES,L_STATE,DR_ZIP,L_STATUS,L_TYPE,CDL_STAT,L_ENDORS,L_COMPL,L_RESTRI,DR_HGT,DR_WGT,PREV_ACC,PREV_SUS,PREV_DWI,PREV_SPD,PREV_OTH,FIRST_MO,FIRST_YR,LAST_MO,LAST_YR,SPEEDREL,DR_SF1,DR_SF2,DR_SF3,DR_SF4,VTRAFWAY,VNUM_LAN,VSPD_LIM,VALIGN,VPROFILE,VPAVETYP,VSURCOND,VTRAFCON,VTCONT_F,P_CRASH1,P_CRASH2,P_CRASH3,PCRASH4,PCRASH5,ACC_TYPE,DEATHS,DR_DRINK
12,122141,1,2,1,17,10,7,20,12,2,1,0,12,1,37,32,37032,4,2000,1HGCG6655YA0,1,H,G,C,G,6,6,5,5,Y,A,0,0,0,0,000000000,00000000000,0,0,0,1,0,0,0,0,0,0,0,15,0,0,0,12,4,3,12,0,0,0,1,12,33594,6,1,6,0,3,3,74,999,0,4,0,0,0,2,2014,9,2014,0,38,0,0,0,3,2,50,1,1,8,1,0,0,12,98,99,1,1,98,0,0
12,122141,2,2,1,17,10,7,20,12,2,1,0,12,1,53,709,53709,80,1980,GS75X514020,G,S,7,5,X,5,1,4,0,2,0,,0,0,0,000000000,00000000000,0,0,0,1,0,0,0,0,0,0,0,25,0,0,0,12,6,2,12,0,0,0,1,12,33610,6,1,0,0,3,0,74,999,0,2,0,0,0,7,2012,7,2013,0,0,0,0,0,3,2,50,1,1,8,1,0,0,1,63,99,1,1,98,1,0
12,122142,1,3,2,14,12,9,52,12,6,1,0,12,1,55,401,55401,14,2013,5XYZU3LB2DG0,5,X,Y,Z,U,3,L,B,2,D,G,0,0,0,0,000000000,00000000000,0,0,0,1,0,0,0,0,0,0,0,10,0,0,0,7,6,2,12,0,0,0,1,12,34652,6,1,0,0,3,3,67,999,0,0,0,0,0,0,0,0,0,0,0,0,0,0,1,2,30,1,1,8,1,20,3,1,17,99,1,1,89,1,0
12,122142,2,3,1,14,12,9,52,12,6,1,0,12,1,24,401,24401,14,2006,5GZCZ53446S8,5,G,Z,C,Z,5,3,4,4,6,S,8,0,0,0,000000000,00000000000,0,0,0,1,0,0,0,0,0,0,0,45,0,0,0,12,6,2,12,0,0,0,1,12,33781,6,1,0,0,3,0,68,999,1,0,0,0,0,9,2014,9,2014,0,0,0,0,0,3,3,45,1,1,8,1,0,0,1,66,99,1,1,88,0,1
12,122142,3,3,4,14,12,9,52,12,6,1,0,12,2,63,402,63402,14,2011,5XYKT4A13BG0,5,X,Y,K,T,4,A,1,3,B,G,0,0,0,0,000000000,00000000000,0,0,0,1,0,0,0,0,0,0,0,45,0,0,0,12,4,5,54,0,0,0,1,12,34652,6,1,0,0,3,3,67,999,0,0,0,0,0,0,0,0,0,0,0,0,0,0,3,3,45,1,1,8,1,0,0,1,98,1,1,1,98,0,0
12,122143,1,1,2,22,12,18,24,8,0,1,0,12,1,20,4,20004,2,2001,1G1YY32G1151,1,G,1,Y,Y,3,2,G,1,1,5,1,0,0,0,000000000,00000000000,0,0,0,1,0,0,0,0,0,0,0,40,0,0,0,12,6,2,8,0,0,0,1,12,32720,6,1,0,0,3,0,63,999,0,0,0,0,0,0,0,0,0,0,0,0,0,0,2,4,45,1,6,8,1,0,0,1,80,99,1,1,13,0,0
12,122145,1,1,1,30,12,5,49,8,0,1,0,12,1,12,481,12481,31,1997,1FTDX0766VKA,1,F,T,D,X,0,7,6,6,V,K,A,0,0,0,000000000,00000000000,0,0,0,1,0,0,0,0,0,0,0,25,0,0,0,12,2,5,8,0,0,0,1,12,34947,6,1,6,0,3,0,76,999,0,0,0,0,0,0,0,0,0,0,0,0,0,0,1,2,25,1,1,8,1,2,2,1,80,99,1,1,13,0,0
12,122146,1,1,2,22,11,18,5,8,0,1,0,12,1,63,441,63441,20,2012,KNDMG4C75C64,K,N,D,M,G,4,C,7,5,C,6,4,0,0,0,000000000,00000000000,0,0,0,1,0,0,0,0,0,0,0,45,0,0,0,12,6,2,8,0,0,0,1,12,32068,6,1,0,0,3,3,72,999,0,0,0,1,0,6,2014,6,2014,0,0,0,0,0,2,3,45,1,1,8,2,0,0,1,80,8,1,1,13,0,0
12,122147,1,2,1,15,12,5,19,12,6,1,0,12,1,12,481,12481,31,2002,1FTNW21FX2EA,1,F,T,N,W,2,1,F,X,2,E,A,0,0,0,000000000,00000000000,0,0,0,1,0,0,0,0,0,0,0,35,0,1,1,3,6,2,1,0,0,0,1,12,32571,6,1,0,0,3,0,73,999,0,1,0,1,0,6,2012,11,2012,0,38,39,0,0,1,2,55,1,5,8,1,20,3,1,17,99,1,1,87,0,0
12,122147,2,2,1,15,12,5,19,12,6,1,0,12,1,14,6,14006,4,2000,2MEFM75W0YX6,2,M,E,F,M,7,5,W,0,Y,X,6,0,0,0,000000000,00000000000,0,0,0,1,0,0,0,0,0,0,0,55,0,0,0,12,6,2,12,0,0,0,1,12,32565,3,1,0,0,2,0,70,999,0,0,0,0,0,0,0,0,0,0,0,0,0,0,1,2,55,1,5,8,1,0,0,1,66,99,1,1,86,1,0
12,122148,1,1,1,22,12,20,55,8,0,1,0,12,1,49,43,49043,4,2000,4T1BF28B2YU0,4,T,1,B,F,2,8,B,2,Y,U,0,0,0,0,000000000,00000000000,0,0,0,1,0,0,0,0,0,0,0,45,0,0,0,12,4,3,8,0,0,0,1,12,33544,6,1,0,0,3,0,66,999,0,0,0,0,0,0,0,0,0,0,0,0,0,0,3,4,45,1,1,8,1,3,3,1,80,99,1,1,13,0,0
12,122149,1,1,1,26,12,16,10,8,0,1,0,12,2,12,23,12023,4,2011,3FAHP0HA3BR1,3,F,A,H,P,0,H,A,3,B,R,1,0,0,0,000000000,00000000000,0,0,0,1,0,0,0,0,0,0,0,35,0,0,0,12,4,5,8,0,0,0,1,12,33444,6,1,0,0,3,0,69,999,0,0,0,0,0,0,0,0,0,0,0,0,0,0,1,2,35,1,1,8,2,0,0,1,80,99,1,1,13,0,0
12,122150,1,2,1,26,12,19,1,12,6,1,0,12,1,37,31,37031,4,2003,2HGES15513H5,2,H,G,E,S,1,5,5,1,3,H,5,0,0,0,000000000,00000000000,0,0,0,1,0,0,0,0,0,0,0,5,0,0,0,1,6,2,12,0,0,0,1,12,34475,6,1,6,0,3,0,65,999,0,0,0,0,0,0,0,0,0,0,38,0,0,0,1,2,55,1,1,8,1,20,3,1,17,99,1,1,87,1,1
12,122150,2,2,1,26,12,19,1,12,6,1,0,12,1,12,23,12023,4,2007,3FAHP07ZX7R2,3,F,A,H,P,0,7,Z,X,7,R,2,0,0,0,000000000,00000000000,0,0,0,1,0,0,0,0,0,0,0,55,0,0,0,12,6,2,12,0,0,0,1,12,32681,6,1,0,0,3,0,60,999,0,0,0,0,0,0,0,0,0,0,0,0,0,0,1,2,55,1,1,8,1,0,0,1,66,99,1,1,86,0,0
12,122151,1,1,1,5,10,3,8,42,0,1,0,13,2,37,32,37032,4,2005,1HGCM55785A1,1,H,G,C,M,5,5,7,8,5,A,1,0,0,0,000000000,00000000000,0,0,0,1,0,0,0,0,0,0,0,63,0,0,0,3,6,2,42,0,0,0,1,12,33545,6,1,0,0,3,0,72,999,1,0,0,0,1,10,2013,1,2014,0,58,0,0,0,1,2,55,3,1,2,1,0,0,14,13,6,4,4,7,1,0
12,122152,1,3,1,5,11,13,51,12,1,1,0,12,3,98,806,98806,61,2006,5PVNE8JT562S,5,P,V,N,E,8,J,T,5,6,2,S,0,0,88,888888888,88888888888,2,1,1,1,0,0,0,0,0,0,0,998,0,1,1,12,6,2,12,0,0,0,1,12,33543,6,1,6,0,3,0,67,999,0,0,0,0,0,0,0,0,0,0,39,0,0,0,3,2,65,1,1,8,1,4,3,1,51,99,1,1,24,1,0
12,122152,2,3,2,5,11,13,51,12,1,1,0,12,3,84,884,84884,62,1996,1HTSCABN8TH3,1,H,T,S,C,A,B,N,8,T,H,3,0,0,88,888888888,88888888888,2,1,1,1,0,0,0,0,0,0,0,998,0,0,0,6,6,2,12,0,0,0,1,12,33868,6,1,6,0,3,0,71,999,0,0,0,0,0,0,0,0,0,0,0,0,0,0,3,2,65,1,1,8,1,4,3,1,53,99,1,1,25,0,0
12,122152,3,3,2,5,11,13,51,12,1,1,0,12,3,12,884,12884,63,1993,1FDXK74C5PVA,1,F,D,X,K,7,4,C,5,P,V,A,0,0,88,888888888,88888888888,3,1,96,1,0,0,0,0,0,0,0,998,0,0,0,6,4,5,12,0,0,0,1,12,33830,6,1,6,0,3,3,70,999,0,0,0,0,0,0,0,0,0,0,0,0,0,0,3,2,65,1,1,8,1,4,3,1,53,99,1,1,98,0,0
12,122153,1,2,1,7,11,3,25,12,2,1,0,12,1,20,22,20022,2,2008,1G1AM18B2871,1,G,1,A,M,1,8,B,2,8,7,1,0,0,0,000000000,00000000000,0,0,0,1,0,0,0,0,0,0,0,70,0,0,0,12,6,2,12,0,0,0,1,12,33928,6,1,0,0,3,3,69,999,0,0,0,4,0,11,2011,2,2013,0,50,0,0,0,3,2,70,1,1,8,1,0,0,1,54,99,1,1,52,1,0
12,122153,2,2,2,7,11,3,25,12,2,1,0,12,2,41,51,41051,4,2006,JM1BK1238615,J,M,1,B,K,1,2,3,8,6,1,5,0,0,0,000000000,00000000000,0,0,0,1,0,0,0,0,0,0,0,70,0,0,0,12,6,2,12,0,0,0,1,12,33647,6,1,0,0,3,0,64,999,0,2,1,1,0,1,2013,8,2013,0,0,0,0,0,3,2,70,1,1,8,1,0,0,1,54,99,1,1,52,1,0
12,122154,1,1,1,10,11,18,26,8,0,1,0,12,2,34,34,34034,1,2003,WBABS53483JU,W,B,A,B,S,5,3,4,8,3,J,U,0,0,0,000000000,00000000000,0,0,0,1,0,0,0,0,0,0,0,40,0,0,0,12,4,3,8,0,0,0,1,97,0,0,0,0,0,0,0,999,999,99,99,99,99,99,99,9999,99,9999,0,0,0,0,0,3,3,40,1,1,8,1,0,0,1,80,99,1,1,13,0,0
12,122155,1,1,1,30,12,4,2,34,0,1,0,12,2,19,421,19421,15,2005,1GYEC63T55R1,1,G,Y,E,C,6,3,T,5,5,R,1,0,0,0,000000000,00000000000,0,0,0,1,0,0,0,0,0,0,0,45,0,0,0,12,6,2,42,0,0,0,1,12,33543,3,1,0,0,2,0,74,999,1,1,0,0,0,6,2013,1,2014,0,6,0,0,0,1,2,45,3,1,2,2,0,0,14,13,99,1,4,1,1,1
12,122156,1,1,1,21,11,6,22,8,0,1,0,12,1,49,402,49402,14,2011,2T3ZF4DV4BW0,2,T,3,Z,F,4,D,V,4,B,W,0,0,0,0,000000000,00000000000,0,0,0,1,0,0,0,0,0,0,0,45,0,0,0,12,6,2,8,0,0,0,1,12,33076,6,1,0,0,3,0,71,999,0,0,0,1,0,7,2013,7,2013,0,0,0,0,0,3,2,40,1,1,8,1,3,3,1,80,99,1,1,13,0,0
12,122157,1,1,1,21,11,12,38,15,0,1,0,12,3,35,472,35472,30,2013,1N6BD0CT9DN7,1,N,6,B,D,0,C,T,9,D,N,7,0,0,0,000000000,00000000000,0,0,0,1,0,0,0,0,0,0,0,5,0,0,0,12,4,5,15,0,0,0,1,12,34655,6,1,0,0,3,0,67,999,0,0,0,0,0,0,0,0,0,0,38,0,0,0,3,2,45,1,1,8,1,20,3,1,83,99,1,1,13,0,0
12,122158,1,1,1,21,11,22,13,8,0,1,0,12,1,12,422,12422,15,2002,1FMRU17L42LA,1,F,M,R,U,1,7,L,4,2,L,A,0,0,0,000000000,00000000000,0,0,0,1,0,0,0,0,0,0,0,40,0,0,0,12,2,3,8,0,0,0,1,12,33756,6,1,0,0,3,3,63,999,0,0,0,0,0,0,0,0,0,0,0,0,0,0,1,2,35,1,1,8,1,0,0,1,80,99,1,1,13,0,0
12,122159,1,1,1,22,11,0,35,8,0,1,1,99,9,99,999,99999,99,9999,999999999999,9,9,9,9,9,9,9,9,9,9,9,9,0,0,0,000000000,00000000000,0,0,0,1,0,0,0,0,0,0,0,30,0,0,0,12,9,5,8,0,0,0,1,99,99999,9,9,99,9,9,9,999,999,99,99,99,99,99,99,9999,99,9999,0,0,0,0,0,1,2,30,1,1,8,2,0,0,1,80,99,1,9,13,0,0
12,122160,1,1,1,22,11,21,6,8,0,1,0,12,2,2,1,2001,6,2010,1J4NT1FB0AD6,1,J,4,N,T,1,F,B,0,A,D,6,0,0,0,000000000,00000000000,0,0,0,1,0,0,0,0,0,0,0,50,0,0,0,12,6,2,8,0,0,0,1,12,33162,6,1,0,0,3,0,66,999,0,0,0,0,0,0,0,0,0,0,6,0,0,0,3,3,35,1,1,8,1,0,0,1,80,1,1,1,13,0,0
12,122161,1,1,1,23,11,19,50,59,0,1,0,12,2,12,481,12481,31,2000,1FTRX17L3YNB,1,F,T,R,X,1,7,L,3,Y,N,B,0,0,0,000000000,00000000000,0,0,0,1,0,0,0,0,0,0,0,30,0,0,0,12,6,2,42,0,0,0,1,12,32178,6,1,0,0,3,0,70,999,0,0,0,0,0,0,0,0,0,0,0,0,0,0,1,2,35,1,1,8,1,0,0,1,87,7,1,4,1,1,1
12,122162,1,1,1,23,11,22,59,8,0,1,0,12,1,59,34,59034,4,1993,JT8JS47E3P00,J,T,8,J,S,4,7,E,3,P,0,0,0,0,0,000000000,00000000000,0,0,0,1,0,0,0,0,0,0,0,30,0,0,0,12,4,5,8,0,0,0,1,12,33027,6,1,0,0,3,3,65,999,0,0,0,0,0,0,0,0,0,0,0,0,0,0,5,5,35,1,1,8,1,0,0,1,80,1,1,1,13,0,0
12,122163,1,1,1,23,11,5,50,30,0,1,0,12,1,53,706,53706,80,2006,JS1GT76A3621,J,S,1,G,T,7,6,A,3,6,2,1,0,0,0,000000000,00000000000,0,0,0,1,0,0,0,0,0,0,0,100,0,0,0,12,6,2,2,0,0,1,1,12,33312,6,1,6,0,3,0,76,999,0,0,0,0,0,0,0,0,0,3,0,0,0,0,2,3,45,1,1,8,1,0,0,1,13,99,1,4,1,1,0
12,122164,1,1,1,24,11,23,55,42,0,1,0,12,1,35,48,35048,2,2005,JN1AZ34D95M6,J,N,1,A,Z,3,4,D,9,5,M,6,0,0,0,000000000,00000000000,0,0,0,1,0,0,0,0,0,0,0,113,0,1,5,3,6,2,42,0,0,1,1,12,33408,6,1,0,0,3,3,71,999,0,0,0,0,0,0,0,0,0,3,0,0,0,0,1,2,55,1,1,8,1,0,0,1,12,1,5,4,7,1,0
12,122165,1,1,2,23,11,19,49,8,0,1,0,12,2,63,34,63034,4,2012,5XXGR4A67CG0,5,X,X,G,R,4,A,6,7,C,G,0,0,0,0,000000000,00000000000,0,0,0,1,0,0,0,0,0,0,0,40,0,0,0,12,2,3,8,0,0,0,1,12,32708,6,1,0,0,3,3,74,999,0,0,0,0,0,0,0,0,0,0,0,0,0,0,3,2,45,1,1,8,1,0,0,1,80,1,1,1,13,0,0
12,122166,1,1,1,25,11,8,49,42,0,1,0,12,1,20,431,20431,16,1993,1GNGC26N3PJ4,1,G,N,G,C,2,6,N,3,P,J,4,0,0,0,000000000,00000000000,0,0,0,1,0,0,0,0,0,0,0,45,0,0,0,12,6,5,42,0,0,0,1,12,32224,6,1,0,0,3,3,74,999,2,1,0,1,3,9,2012,8,2014,0,0,0,0,0,1,2,35,1,1,8,2,0,0,1,12,99,1,4,6,1,0
12,122167,1,1,1,26,11,0,5,34,0,1,0,12,1,37,32,37032,4,2004,1HGCM56604A1,1,H,G,C,M,5,6,6,0,4,A,1,0,0,0,000000000,00000000000,0,0,0,1,0,0,0,0,0,0,0,998,0,1,5,12,6,2,1,0,0,0,1,12,32308,6,1,6,0,3,0,69,999,0,0,0,1,0,11,2014,11,2014,0,0,0,0,0,1,2,98,1,6,8,2,20,3,99,14,99,1,4,14,1,0
12,122168,1,1,1,26,11,23,15,42,0,1,0,12,2,35,43,35043,4,2006,3N1CB51DX6L4,3,N,1,C,B,5,1,D,X,6,L,4,0,0,0,000000000,00000000000,0,0,0,1,0,0,0,0,0,0,0,85,0,0,0,3,6,2,42,0,0,0,1,12,33403,6,1,0,0,3,0,64,999,0,0,0,0,0,0,0,0,0,0,6,0,0,0,1,2,60,1,1,2,1,0,0,1,12,99,4,4,7,1,0
12,122169,1,1,1,27,11,18,35,8,0,1,0,12,1,20,404,20404,14,2012,2GNALDEK0C61,2,G,N,A,L,D,E,K,0,C,6,1,0,0,0,000000000,00000000000,0,0,0,1,0,0,0,0,0,0,0,53,0,0,0,12,4,3,8,0,0,0,1,12,32952,6,1,0,0,3,3,69,999,0,0,0,0,0,0,0,0,0,0,0,0,0,0,3,2,55,1,1,8,1,0,0,1,80,99,1,1,13,0,0
12,122170,1,2,1,28,11,14,55,12,6,1,0,12,1,12,481,12481,31,2000,1FTRX17L7YNB,1,F,T,R,X,1,7,L,7,Y,N,B,0,0,0,000000000,00000000000,0,0,0,1,0,0,0,0,0,0,0,60,0,1,1,11,6,2,12,0,0,0,1,12,32043,6,1,0,0,3,0,69,999,0,0,0,0,2,11,2014,11,2014,0,51,0,0,0,2,3,55,1,1,8,1,0,0,1,12,7,1,4,64,1,1
12,122170,2,2,3,28,11,14,55,12,6,1,0,12,2,59,403,59403,14,2008,2T2HK31U38C0,2,T,2,H,K,3,1,U,3,8,C,0,0,0,0,000000000,00000000000,0,0,0,1,0,0,0,0,0,0,0,50,0,1,3,12,6,2,12,0,0,0,1,12,32003,6,1,0,0,3,3,61,999,0,0,0,0,0,0,0,0,0,0,0,0,0,0,2,3,55,1,1,8,1,0,0,1,62,99,1,1,65,1,0
12,122171,1,2,1,28,11,20,19,12,6,1,0,12,2,37,701,37701,88,2006,JH2AF60656K2,J,H,2,A,F,6,0,6,5,6,K,2,0,0,0,000000000,00000000000,0,0,0,1,0,0,0,0,0,0,0,15,0,0,0,1,6,5,12,0,0,0,1,12,32502,4,1,5,0,2,3,69,999,0,0,0,0,1,9,2012,9,2012,0,38,0,0,0,3,3,35,2,1,8,1,3,3,11,15,99,1,1,68,1,0
12,122171,2,2,1,28,11,20,19,12,6,1,0,12,1,72,706,72706,80,2014,1HD1KBM13EB6,1,H,D,1,K,B,M,1,3,E,B,6,0,0,0,000000000,00000000000,0,0,0,1,0,0,0,0,0,0,0,35,0,0,0,12,6,5,12,0,0,0,1,12,32505,6,1,0,0,3,0,72,999,0,0,0,0,0,0,0,0,0,0,0,0,0,0,3,3,35,3,1,8,1,3,3,14,62,99,1,1,69,0,1
12,122172,1,2,1,28,11,3,19,12,1,1,0,12,1,37,32,37032,4,2003,1HGCM66513A0,1,H,G,C,M,6,6,5,1,3,A,0,0,0,0,000000000,00000000000,0,0,0,1,0,0,0,0,0,0,0,70,0,0,0,12,6,2,12,0,0,0,1,12,33135,6,1,0,0,3,0,65,999,0,0,0,0,0,0,0,0,0,0,6,0,0,0,2,5,45,3,1,8,1,3,3,14,51,99,1,1,24,1,0
12,122172,2,2,2,28,11,3,19,12,1,1,0,12,1,30,42,30042,5,2003,9BWFK61J0340,9,B,W,F,K,6,1,J,0,3,4,0,0,0,0,000000000,00000000000,0,0,0,1,0,0,0,0,0,0,0,40,0,0,0,6,6,2,12,0,0,0,1,12,33143,6,1,0,0,3,0,66,999,0,7,0,0,2,6,2012,4,2014,0,0,0,0,0,2,5,45,3,1,8,1,3,3,14,53,99,1,1,25,0,0
12,122173,1,1,2,29,11,9,31,42,0,1,0,12,2,34,47,34047,2,2014,WBA3R1C50EK1,W,B,A,3,R,1,C,5,0,E,K,1,0,0,0,000000000,00000000000,0,0,0,1,0,0,0,0,0,0,0,88,0,0,0,3,6,2,42,0,0,1,1,12,33458,3,1,0,0,2,0,70,999,0,3,0,1,0,5,2014,9,2014,4,6,0,0,0,1,2,25,3,1,8,1,0,0,14,13,99,1,4,1,1,1
12,122174,1,1,1,29,11,12,55,14,0,1,0,12,3,84,884,84884,62,2007,1HTMMAAL57H4,1,H,T,M,M,A,A,L,5,7,H,4,0,0,88,888888888,88888888888,2,1,98,1,0,0,0,0,0,0,0,65,0,1,1,12,6,2,14,0,0,0,1,12,33063,6,1,6,0,3,0,69,999,0,0,0,0,0,0,0,0,0,0,48,0,0,0,6,1,98,1,1,8,1,0,0,15,90,6,1,4,6,0,0
12,122175,1,1,1,29,11,6,1,8,0,1,1,99,9,99,999,99999,99,9999,999999999999,9,9,9,9,9,9,9,9,9,9,9,9,0,0,0,000000000,00000000000,0,0,0,1,0,0,0,0,0,0,0,998,0,0,0,98,9,5,8,0,0,0,1,99,99999,9,9,99,9,9,9,999,999,99,99,99,99,99,99,9999,99,9999,0,0,0,0,0,5,5,98,1,1,8,1,0,0,99,80,99,1,1,13,0,0
12,122176,1,1,1,30,11,2,50,33,0,1,0,12,1,12,481,12481,31,2006,1FTPX14566FB,1,F,T,P,X,1,4,5,6,6,F,B,0,0,0,000000000,00000000000,0,0,0,1,0,0,0,0,0,0,0,999,0,1,5,9,6,2,33,0,0,0,1,12,33062,6,1,6,0,3,0,74,999,0,0,0,0,0,0,0,0,0,0,6,0,0,0,3,3,45,1,1,8,1,0,0,1,13,99,3,4,2,1,1
12,122177,1,1,2,2,12,19,15,8,0,1,0,12,1,49,482,49482,31,2006,5TBET34106S5,5,T,B,E,T,3,4,1,0,6,S,5,0,0,0,000000000,00000000000,0,0,0,1,0,0,0,0,0,0,0,45,0,0,0,12,4,5,8,0,0,0,1,12,32812,6,1,0,0,3,0,71,999,0,0,0,0,0,0,0,0,0,0,0,0,0,0,3,4,45,1,1,8,1,3,3,1,80,99,1,1,13,0,0
12,122178,1,1,1,3,12,18,59,8,0,1,0,12,1,20,481,20481,31,1997,2GCEC19R9V11,2,G,C,E,C,1,9,R,9,V,1,1,0,0,0,000000000,00000000000,0,0,0,1,0,0,0,0,0,0,0,40,0,0,0,12,2,5,8,0,0,0,1,12,33462,6,1,0,0,3,0,73,999,0,0,0,0,0,0,0,0,0,0,0,0,0,0,5,5,40,1,1,8,2,0,0,1,80,99,1,1,13,0,0
12,122179,1,1,1,3,12,20,51,8,0,1,0,12,2,37,32,37032,4,2006,1HGCM66516A0,1,H,G,C,M,6,6,5,1,6,A,0,0,0,0,000000000,00000000000,0,0,0,1,0,0,0,0,0,0,0,55,0,0,0,12,6,2,8,0,0,0,1,12,33771,6,1,0,0,3,0,68,999,0,0,0,0,0,0,0,0,0,0,0,0,0,0,3,5,55,1,1,8,1,0,0,1,80,99,1,1,13,0,1
12,122180,1,2,2,3,12,11,28,12,6,1,0,12,2,35,43,35043,4,2013,3N1AB7AP9DL7,3,N,1,A,B,7,A,P,9,D,L,7,0,0,0,000000000,00000000000,0,0,0,1,0,0,0,0,0,0,0,30,0,0,0,9,6,2,12,0,0,0,1,12,33177,6,1,0,0,3,0,63,999,0,0,0,0,0,0,0,0,0,0,0,0,0,0,1,2,40,1,1,8,1,0,0,12,98,99,1,1,98,1,0
12,122180,2,2,1,3,12,11,28,12,6,1,0,12,2,20,461,20461,21,2004,1GBFG15T7411,1,G,B,F,G,1,5,T,7,4,1,1,0,0,0,000000000,00000000000,0,0,0,1,0,0,0,0,0,0,0,40,0,0,0,12,6,2,12,0,0,0,1,12,33187,6,1,0,0,3,0,60,999,0,0,0,0,0,0,0,0,0,0,0,0,0,0,1,2,40,1,1,8,1,0,0,1,64,99,1,1,98,0,0
12,122181,1,2,2,3,12,17,20,12,6,1,0,12,1,20,481,20481,31,1991,1GCEC14ZXME2,1,G,C,E,C,1,4,Z,X,M,E,2,0,0,0,000000000,00000000000,0,0,0,1,0,0,0,0,0,0,0,15,0,0,0,9,6,2,12,0,0,0,1,12,32668,6,1,0,0,3,0,68,999,0,0,0,0,0,0,0,0,0,0,6,0,0,0,1,2,60,1,1,8,1,20,3,1,17,99,1,1,89,1,0
12,122181,2,2,1,3,12,17,20,12,6,1,0,12,2,52,37,52037,2,2003,4A3AC44G53E1,4,A,3,A,C,4,4,G,5,3,E,1,0,0,0,000000000,00000000000,0,0,0,1,0,0,0,0,0,0,0,60,0,0,0,12,6,2,12,0,0,0,1,12,32668,6,1,0,0,3,0,63,999,0,0,0,0,0,0,0,0,0,0,0,0,0,0,1,2,60,1,1,8,1,0,0,1,66,99,1,1,88,0,0
12,122182,1,2,1,4,12,14,7,12,6,1,0,12,1,12,399,12399,1,1929,000000000000,0,0,0,0,0,0,0,0,0,0,0,0,0,0,0,000000000,00000000000,0,0,0,1,0,0,0,0,0,0,0,20,0,0,0,1,6,2,12,0,0,0,1,12,34990,6,1,6,0,3,0,73,999,0,0,0,0,0,0,0,0,0,0,0,0,0,0,1,2,40,1,1,8,2,0,0,1,10,99,1,2,64,1,0
12,122182,2,2,2,4,12,14,7,12,6,1,0,12,2,6,441,6441,20,2001,2C8GP64L71R2,2,C,8,G,P,6,4,L,7,1,R,2,0,0,0,000000000,00000000000,0,0,0,1,0,0,0,0,0,0,0,40,0,0,0,12,6,2,12,0,0,0,1,12,34953,6,1,0,0,3,0,67,999,0,1,0,0,0,10,2014,10,2014,0,0,0,0,0,1,2,40,1,1,8,2,0,0,1,62,99,1,1,65,0,0
12,122184,1,2,1,5,12,12,55,12,6,1,0,12,1,55,36,55036,4,2012,KMHCT4AE7CU2,K,M,H,C,T,4,A,E,7,C,U,2,0,0,0,000000000,00000000000,0,0,0,1,0,0,0,0,0,0,0,5,0,0,0,9,6,2,12,0,0,0,1,36,13148,6,1,0,0,3,3,63,999,0,0,0,0,0,0,0,0,0,0,38,0,0,0,1,5,45,1,1,8,1,0,0,11,15,99,1,1,82,1,0
12,122184,2,2,1,5,12,12,55,12,6,1,0,12,1,12,17,12017,4,2008,1FAHP24W68G1,1,F,A,H,P,2,4,W,6,8,G,1,0,0,0,000000000,00000000000,0,0,0,1,0,0,0,0,0,0,0,50,0,0,0,12,6,2,12,0,0,0,1,12,33881,6,1,0,0,3,3,74,999,0,0,0,0,0,0,0,0,0,0,0,0,0,0,1,5,45,1,1,8,1,0,0,1,72,99,1,1,83,0,0
12,122185,1,2,1,5,12,6,55,1,0,1,0,12,1,12,471,12471,30,2003,1FTYR14V03TA,1,F,T,Y,R,1,4,V,0,3,T,A,0,0,0,000000000,00000000000,0,0,0,1,0,0,0,0,0,0,0,60,0,1,3,0,6,2,1,0,0,0,1,12,32177,6,1,0,0,3,0,70,999,0,1,0,0,0,10,2014,10,2014,0,6,0,0,0,2,2,60,1,1,8,1,0,0,1,9,1,4,4,7,1,0
12,122185,2,2,21,5,12,6,55,1,0,1,0,12,3,94,982,94982,50,2014,1T7YR4F2XE11,1,T,7,Y,R,4,F,2,X,E,1,1,0,0,88,888888888,88888888888,3,21,22,1,0,0,0,0,1,2,0,50,0,0,0,13,2,5,54,0,0,0,1,12,32177,6,1,6,3,3,0,69,999,0,0,0,0,0,0,0,0,0,0,0,0,0,0,2,2,60,1,1,8,1,0,0,1,98,1,1,1,98,0,0