STATE,ST_CASE,VEH_NO,VE_FORMS,NUMOCCS,DAY,MONTH,HOUR,MINUTE,HARM_EV,MAN_COLL,UNITTYPE,HIT_RUN,REG_STAT,OWNER,MAKE,MODEL,MAK_MOD,BODY_TYP,MOD_YEAR,VIN,VIN_1,VIN_2,VIN_3,VIN_4,VIN_5,VIN_6,VIN_7,VIN_8,VIN_9,VIN_10,VIN_11,VIN_12,TOW_VEH,J_KNIFE,MCARR_I1,MCARR_I2,MCARR_ID,GVWR,V_CONFIG,CARGO_BT,HAZ_INV,HAZ_PLAC,HAZ_ID,HAZ_CNO,HAZ_REL,BUS_USE,SPEC_USE,EMER_USE,TRAV_SP,UNDERIDE,ROLLOVER,ROLINLOC,IMPACT1,DEFORMED,TOWED,M_HARM,VEH_SC1,VEH_SC2,FIRE_EXP,DR_PRES,L_STATE,DR_ZIP,L_STATUS,L_TYPE,CDL_STAT,L_ENDORS,L_COMPL,L_RESTRI,DR_HGT,DR_WGT,PREV_ACC,PREV_SUS,PREV_DWI,PREV_SPD,PREV_OTH,FIRST_MO,FIRST_YR,LAST_MO,LAST_YR,SPEEDREL,DR_SF1,DR_SF2,DR_SF3,DR_SF4,VTRAFWAY,VNUM_LAN,VSPD_LIM,VALIGN,VPROFILE,VPAVETYP,VSURCOND,VTRAFCON,VTCONT_F,P_CRASH1,P_CRASH2,P_CRASH3,PCRASH4,PCRASH5,ACC_TYPE,DEATHS,DR_DRINK
12,122186,1,1,1,5,12,21,38,8,0,1,1,12,2,20,421,20421,15,2002,1GNCS18W82K1,1,G,N,C,S,1,8,W,8,2,K,1,0,0,0,000000000,00000000000,0,0,0,1,0,0,0,0,0,0,0,998,0,0,0,12,6,2,8,0,0,0,1,12,33713,6,1,0,0,3,0,66,999,0,0,0,0,0,0,0,0,0,0,0,0,0,0,1,2,35,1,1,8,1,0,0,1,80,99,1,1,13,0,0
12,122187,1,2,1,31,12,17,10,12,6,1,0,12,1,34,402,34402,14,2006,WBXPA93436WG,W,B,X,P,A,9,3,4,3,6,W,G,0,0,0,000000000,00000000000,0,0,0,1,0,0,0,0,0,0,0,15,0,0,0,5,4,5,12,0,0,0,1,12,34229,6,1,0,0,3,3,62,999,0,0,0,0,0,0,0,0,0,0,6,0,0,0,3,4,55,1,1,8,1,0,0,11,15,7,1,2,76,0,0
12,122187,2,2,1,31,12,17,10,12,6,1,0,12,1,72,706,72706,80,2002,1HD1FRW122Y6,1,H,D,1,F,R,W,1,2,2,Y,6,0,0,0,000000000,00000000000,0,0,0,1,0,0,0,0,0,0,0,55,0,0,0,12,6,2,12,0,0,0,1,12,34275,6,1,0,0,3,0,66,999,0,0,0,0,0,0,0,0,0,0,6,0,0,0,3,4,55,1,1,8,1,0,0,1,65,7,1,1,77,1,1
12,122188,1,1,1,6,12,3,47,8,0,1,0,12,1,37,31,37031,4,2009,2HGFA15529H3,2,H,G,F,A,1,5,5,2,9,H,3,0,0,0,000000000,00000000000,0,0,0,1,0,0,0,0,0,0,0,55,0,0,0,12,6,2,8,0,0,0,1,12,33327,6,1,0,0,3,3,71,999,0,0,0,0,0,0,0,0,0,0,0,0,0,0,3,4,70,1,1,8,1,0,0,1,80,99,1,1,13,0,0
12,122190,1,2,1,6,12,13,35,1,0,1,0,12,1,49,32,49032,4,1995,1NXAE09B2SZ2,1,N,X,A,E,0,9,B,2,S,Z,2,0,0,0,000000000,00000000000,0,0,0,1,0,0,0,0,0,0,0,15,0,0,0,12,6,2,12,0,0,0,1,12,33954,6,1,6,0,3,3,70,999,0,0,0,0,0,0,0,0,0,0,38,0,0,0,1,2,55,1,1,8,1,0,0,11,15,99,1,1,98,0,0
12,122190,2,2,1,6,12,13,35,1,0,1,0,12,1,37,705,37705,80,2008,JH2RC53458M1,J,H,2,R,C,5,3,4,5,8,M,1,0,0,0,000000000,00000000000,0,0,0,1,0,0,0,0,0,0,0,55,0,0,0,0,6,2,1,0,0,0,1,12,33901,6,1,0,0,3,3,65,999,0,0,0,0,0,0,0,0,0,0,0,0,0,0,1,2,55,1,1,8,1,0,0,1,98,7,1,1,98,1,0
12,122192,1,1,1,6,12,17,55,9,0,1,0,12,1,24,7,24007,4,2004,1G8AJ52F74Z1,1,G,8,A,J,5,2,F,7,4,Z,1,0,0,0,000000000,00000000000,0,0,0,1,0,0,0,0,0,0,0,40,0,0,0,12,4,3,9,0,0,0,1,12,32506,6,1,0,0,3,3,71,999,0,0,0,0,0,0,0,0,0,0,0,0,0,0,5,3,40,1,1,8,2,0,0,1,80,99,1,1,13,0,0
12,122193,1,2,1,6,12,12,49,12,6,1,0,12,1,76,706,76706,80,2006,JYAVP11EX6A0,J,Y,A,V,P,1,1,E,X,6,A,0,0,0,0,000000000,00000000000,0,0,0,1,0,0,0,0,0,0,0,45,0,0,0,9,6,2,12,0,0,0,1,12,32836,6,1,0,0,3,3,71,999,2,0,0,0,0,8,2012,6,2013,0,39,0,0,0,3,5,50,1,1,8,1,3,3,1,17,99,1,1,89,1,0
12,122193,2,2,1,6,12,12,49,12,6,1,0,12,1,52,47,52047,6,2013,JA4AS2AW1DU0,J,A,4,A,S,2,A,W,1,D,U,0,0,0,0,000000000,00000000000,0,0,0,1,0,0,0,0,0,0,0,35,0,0,0,12,6,2,12,0,0,0,1,12,32837,6,1,0,0,3,3,65,999,0,0,0,0,0,0,0,0,0,0,0,0,0,0,3,5,50,1,1,8,1,3,3,1,66,99,1,1,88,0,0
12,122194,1,1,1,7,12,17,58,8,0,1,0,12,1,13,1,13001,4,2001,1LNHM81W41Y6,1,L,N,H,M,8,1,W,4,1,Y,6,0,0,0,000000000,00000000000,0,0,0,1,0,0,0,0,0,0,0,45,0,0,0,12,4,5,8,0,0,0,1,12,34207,6,1,0,0,3,3,68,999,0,0,0,0,0,0,0,0,0,0,0,0,0,0,2,4,45,1,1,8,1,0,0,1,80,1,1,1,13,0,0
12,122195,1,1,2,7,12,21,8,8,0,1,0,12,1,49,401,49401,14,1997,JT3GN86R2V00,J,T,3,G,N,8,6,R,2,V,0,0,0,0,0,000000000,00000000000,0,0,0,1,0,0,0,0,0,0,0,45,0,0,0,12,4,3,8,0,0,0,1,12,33702,6,1,0,0,3,0,60,999,0,0,0,0,0,0,0,0,0,0,0,0,0,0,1,8,45,3,1,8,1,0,0,14,80,99,1,1,13,0,0
12,122196,1,2,1,8,12,8,55,12,2,1,0,1,2,35,401,35401,14,1994,JN8HD17Y0RW2,J,N,8,H,D,1,7,Y,0,R,W,2,0,0,0,000000000,00000000000,0,0,0,1,0,0,0,0,0,0,0,15,0,0,0,12,6,2,12,0,0,0,1,12,32568,6,1,0,0,3,0,69,999,0,0,0,0,0,0,0,0,0,0,38,0,0,0,2,2,65,1,5,8,1,0,0,11,15,99,1,1,68,1,0
12,122196,2,2,6,8,12,8,55,12,2,1,0,1,2,23,422,23422,15,2007,1GKFC16JX7R1,1,G,K,F,C,1,6,J,X,7,R,1,0,0,0,000000000,00000000000,0,0,0,1,0,0,0,0,0,0,0,65,0,0,0,12,6,2,12,0,0,0,1,1,36441,6,1,0,0,3,0,67,160,0,0,0,0,0,0,0,0,0,0,0,0,0,0,2,2,65,1,6,8,1,0,0,1,64,99,1,1,69,0,0
12,122197,1,1,2,9,12,0,3,8,0,1,0,12,1,63,402,63402,14,2014,5XYKT3A69EG4,5,X,Y,K,T,3,A,6,9,E,G,4,0,0,0,000000000,00000000000,0,0,0,1,0,0,0,0,0,0,0,45,0,0,0,12,4,3,8,0,0,0,1,12,32084,6,1,0,0,3,0,68,999,1,0,0,0,0,7,2013,7,2013,0,0,0,0,0,2,3,55,1,1,8,1,0,0,15,13,99,1,4,1,0,0
12,122198,1,3,1,9,12,19,46,8,0,1,1,12,2,2,404,2404,14,1997,1J4GX58Y6VC5,1,J,4,G,X,5,8,Y,6,V,C,5,0,0,0,000000000,00000000000,0,0,0,1,0,0,0,0,0,0,0,45,0,0,0,12,2,3,8,0,0,0,1,12,32818,6,1,0,0,3,3,64,999,0,2,0,0,0,6,2012,6,2014,0,0,0,0,0,2,4,45,1,1,8,1,0,0,1,80,99,1,1,13,0,0
12,122198,2,3,1,9,12,19,46,8,0,1,1,12,2,38,402,38402,14,1995,4S2CG58E2S43,4,S,2,C,G,5,8,E,2,S,4,3,0,0,0,000000000,00000000000,0,0,0,1,0,0,0,0,0,0,0,45,0,0,0,12,8,8,8,0,0,0,1,12,32808,1,1,0,0,2,0,59,999,0,1,0,0,0,10,2014,10,2014,0,6,0,0,0,2,4,45,1,1,8,1,0,0,1,80,99,1,1,98,0,0
12,122198,3,3,1,9,12,19,46,8,0,1,1,99,9,99,999,99999,99,9999,999999999999,9,9,9,9,9,9,9,9,9,9,9,9,0,0,0,000000000,00000000000,0,0,0,1,0,0,0,0,0,0,0,45,0,0,0,12,8,5,8,0,0,0,1,99,99999,9,9,99,9,9,9,999,999,99,99,99,99,99,99,9999,99,9999,0,0,0,0,0,2,4,45,1,1,8,1,0,0,1,80,99,1,1,98,0,0
12,122199,1,2,1,9,12,10,38,12,6,1,0,12,1,35,39,35039,4,2014,1N4AA5AP8EC4,1,N,4,A,A,5,A,P,8,E,C,4,0,0,0,000000000,00000000000,0,0,0,1,0,0,0,0,0,0,0,40,0,1,5,3,6,2,12,0,0,0,1,12,34785,6,1,0,0,3,3,68,999,0,0,0,0,0,0,0,0,0,0,38,0,0,0,1,2,55,1,1,8,1,20,3,1,17,99,1,1,87,1,0
12,122199,2,2,1,9,12,10,38,12,6,1,0,12,3,23,481,23481,31,2015,1GT424EG8FF1,1,G,T,4,2,4,E,G,8,F,F,1,0,0,0,000000000,00000000000,0,0,0,1,0,0,0,0,0,0,0,55,0,0,0,12,6,2,12,0,0,0,1,12,33813,6,1,0,0,3,3,70,999,0,0,0,0,0,0,0,0,0,0,0,0,0,0,5,3,55,1,1,8,1,0,0,1,66,99,1,1,86,0,0
12,122200,1,3,1,9,12,15,20,12,6,1,0,12,2,37,705,37705,80,2003,JH2PC37003M0,J,H,2,P,C,3,7,0,0,3,M,0,0,0,0,000000000,00000000000,0,0,0,1,0,0,0,0,0,0,0,998,0,0,0,1,6,2,12,0,0,0,1,12,33064,6,1,0,0,2,0,68,999,0,4,0,0,0,9,2013,12,2013,0,0,0,0,0,3,2,40,1,1,8,1,0,0,1,17,99,1,1,69,1,0
12,122200,2,3,1,9,12,15,20,12,6,1,0,12,1,49,399,49399,6,2006,JTLKT3343641,J,T,L,K,T,3,3,4,3,6,4,1,0,0,0,000000000,00000000000,0,0,0,1,0,0,0,0,0,0,0,15,0,0,0,12,6,2,12,0,0,0,1,12,33064,6,1,0,0,3,0,67,999,1,1,0,0,0,6,2012,6,2014,0,0,0,0,0,3,2,40,1,1,8,1,0,0,11,15,99,1,1,68,0,0
12,122200,3,3,6,9,12,15,20,12,6,1,0,12,1,37,441,37441,20,2005,5FNRL38845B0,5,F,N,R,L,3,8,8,4,5,B,0,0,0,0,000000000,00000000000,0,0,0,1,0,0,0,0,0,0,0,0,0,0,0,12,6,2,12,0,0,0,1,12,33064,6,1,0,0,3,0,64,999,0,0,0,0,0,0,0,0,0,0,0,0,0,0,3,2,40,1,1,8,1,20,3,5,78,1,1,1,98,0,0
12,122201,1,3,1,10,12,1,0,12,2,1,0,12,1,18,22,18022,4,2006,2G4WD5822612,2,G,4,W,D,5,8,2,2,6,1,2,0,0,0,000000000,00000000000,0,0,0,1,0,0,0,0,0,0,0,55,0,0,0,12,6,2,12,0,0,0,1,12,34771,4,1,5,0,2,3,71,999,0,0,0,0,0,0,0,0,0,0,50,0,0,0,2,2,55,1,1,8,1,0,0,1,54,99,1,1,52,1,1
12,122201,2,3,2,10,12,1,0,12,2,1,0,12,1,12,401,12401,14,2002,1FMZU63K22ZC,1,F,M,Z,U,6,3,K,2,2,Z,C,0,0,0,000000000,00000000000,0,0,0,1,0,0,0,0,0,0,0,55,0,1,1,12,4,3,12,0,0,0,1,12,33803,6,1,0,0,3,0,73,999,0,0,0,0,0,0,0,0,0,0,0,0,0,0,2,2,55,1,1,8,1,0,0,1,54,99,1,1,52,0,0
12,122201,3,3,1,10,12,1,0,12,2,1,0,12,1,2,404,2404,14,2011,1J4RS4GG4BC5,1,J,4,R,S,4,G,G,4,B,C,5,0,0,0,000000000,00000000000,0,0,0,1,0,0,0,0,0,0,0,55,0,0,0,12,6,2,12,0,0,0,1,12,33323,6,1,0,0,3,0,67,999,0,0,0,0,0,0,0,0,0,0,0,0,0,0,2,2,55,1,1,8,1,0,0,1,51,99,1,1,98,0,0
12,122202,1,2,2,10,12,18,45,12,2,1,0,12,1,59,35,59035,4,2001,JTHBD182X100,J,T,H,B,D,1,8,2,X,1,0,0,0,0,0,000000000,00000000000,0,0,0,1,0,0,0,0,0,0,0,55,0,0,0,12,6,2,12,0,0,0,1,12,33029,6,1,0,0,3,0,71,999,0,1,0,0,0,12,2013,12,2013,0,35,0,0,0,1,2,55,1,1,8,1,0,0,6,10,99,1,2,50,1,1
12,122202,2,2,2,10,12,18,45,12,2,1,0,12,3,2,407,2407,14,2015,1C4NJPBA2FD1,1,C,4,N,J,P,B,A,2,F,D,1,0,0,0,000000000,00000000000,0,0,0,1,0,0,0,0,0,0,0,55,0,1,5,12,6,2,12,0,0,0,1,97,0,9,9,99,9,9,9,999,999,99,99,99,99,99,99,9999,99,9999,0,0,0,0,0,1,2,55,1,1,8,1,0,0,1,54,99,1,1,51,2,0
12,122203,1,1,2,10,12,0,15,42,0,1,0,12,2,19,20,19020,6,2005,1GYEE6372501,1,G,Y,E,E,6,3,7,2,5,0,1,0,0,0,000000000,00000000000,0,0,0,1,0,0,0,0,0,0,0,45,0,0,0,12,6,2,42,0,0,0,1,12,33569,1,1,0,0,2,0,75,999,1,5,0,0,0,1,2013,10,2014,0,6,0,0,0,1,2,45,1,1,8,1,0,0,1,10,7,3,4,1,1,1
12,122204,1,2,2,11,12,13,15,12,2,1,0,12,4,20,25,20025,4,2014,1G1PG5SB9E72,1,G,1,P,G,5,S,B,9,E,7,2,0,0,0,000000000,00000000000,0,0,0,1,0,0,0,0,0,0,0,50,0,0,0,12,6,2,12,0,0,0,1,12,34608,6,1,0,0,3,0,70,999,0,0,0,0,0,0,0,0,0,0,28,0,0,0,1,2,55,1,1,8,1,0,0,1,10,99,1,2,50,1,0
12,122204,2,2,1,11,12,13,15,12,2,1,0,12,1,20,22,20022,4,2010,1G1AB5F53A72,1,G,1,A,B,5,F,5,3,A,7,2,0,0,0,000000000,00000000000,0,0,0,1,0,0,0,0,0,0,0,45,0,0,0,12,6,2,12,0,0,0,1,12,33629,6,1,0,0,3,0,71,999,0,0,0,0,0,0,0,0,0,0,0,0,0,0,1,2,55,1,1,8,1,0,0,1,62,99,1,1,51,0,0
12,122205,1,2,1,11,12,7,36,12,6,1,0,12,2,58,398,58398,4,2011,JN1BY1AP9BM3,J,N,1,B,Y,1,A,P,9,B,M,3,0,0,0,000000000,00000000000,0,0,0,1,0,0,0,0,0,0,0,999,0,0,0,12,6,2,12,0,0,0,1,12,33449,6,1,0,0,3,3,69,999,0,0,0,0,0,0,0,0,0,0,38,0,0,0,3,2,30,1,1,8,1,3,3,11,15,99,1,1,68,0,0
12,122205,2,2,1,11,12,7,36,12,6,1,0,12,1,21,441,21441,20,1994,1GHDU06L9RT3,1,G,H,D,U,0,6,L,9,R,T,3,0,0,0,000000000,00000000000,0,0,0,1,0,0,0,0,0,0,0,999,0,1,5,9,6,2,12,0,0,0,1,12,33428,6,1,0,0,3,3,71,999,0,0,0,0,0,0,0,0,0,0,0,0,0,0,3,3,45,1,1,8,1,3,3,1,62,99,1,1,69,1,1
12,122206,1,3,1,11,12,4,35,12,7,1,0,12,9,99,709,99709,80,9999,999999999999,9,9,9,9,9,9,9,9,9,9,9,9,0,0,0,000000000,00000000000,0,0,0,1,0,0,0,0,0,0,0,998,0,0,0,61,6,2,12,0,0,1,1,97,0,0,0,0,0,0,0,999,999,99,99,99,99,99,99,9999,99,9999,0,6,0,0,0,3,2,98,1,1,8,1,0,0,1,10,99,1,2,45,1,0
12,122206,2,3,2,11,12,4,35,12,7,1,0,12,1,35,472,35472,30,2011,1N6AD0ER1BC4,1,N,6,A,D,0,E,R,1,B,C,4,0,0,0,000000000,00000000000,0,0,0,1,0,0,0,0,0,0,0,35,0,0,0,81,4,5,12,0,0,0,1,12,33175,6,1,0,0,3,0,62,999,0,0,0,0,0,0,0,0,0,0,0,0,0,0,3,2,35,1,1,8,1,0,0,1,61,99,1,1,44,0,0
12,122206,3,3,1,11,12,4,35,12,7,1,0,12,9,98,988,98988,59,2002,1N90401772A1,1,N,9,0,4,0,1,7,7,2,A,1,0,0,88,888888888,88888888888,3,21,22,1,0,0,0,0,99,0,0,998,0,0,0,6,6,2,12,0,0,1,1,12,33170,6,1,6,0,3,0,67,999,0,0,0,0,0,0,0,0,0,0,0,0,0,0,3,2,98,1,1,8,1,0,0,1,53,99,1,1,98,0,0
12,122207,1,2,2,11,12,16,20,12,2,1,0,12,3,38,898,38898,61,2011,JALB4W179B74,J,A,L,B,4,W,1,7,9,B,7,4,0,0,12,1038521,121038521,2,1,1,1,0,0,0,0,0,0,0,45,0,0,0,12,6,2,12,0,0,0,1,12,32408,1,1,0,0,2,0,72,999,0,1,0,0,0,12,2013,12,2013,0,28,0,0,0,1,2,45,1,1,8,1,0,0,1,10,99,1,2,50,1,0
12,122207,2,2,2,11,12,16,20,12,2,1,0,1,1,12,481,12481,31,2010,1FTFW1CV8AFC,1,F,T,F,W,1,C,V,8,A,F,C,0,0,0,000000000,00000000000,0,0,0,1,0,0,0,0,0,0,0,45,0,0,0,12,6,2,12,0,0,0,1,1,36010,6,1,0,0,3,0,67,999,0,0,0,0,0,0,0,0,0,0,0,0,0,0,1,2,45,1,1,8,1,0,0,1,62,99,1,1,51,1,0
12,122208,1,1,2,12,12,0,5,42,0,1,0,12,1,12,471,12471,30,2004,1FTYR14E24PB,1,F,T,Y,R,1,4,E,2,4,P,B,0,0,0,000000000,00000000000,0,0,0,1,0,0,0,0,0,0,0,101,0,1,3,12,6,2,1,0,0,0,1,12,34113,6,1,0,0,3,0,72,999,0,0,0,0,0,0,0,0,0,3,58,0,0,0,3,3,55,3,1,8,1,0,0,14,13,6,4,4,6,1,1
12,122209,1,1,1,12,12,12,53,35,0,1,0,12,1,12,37,12037,3,2004,3FAFP31Z44R1,3,F,A,F,P,3,1,Z,4,4,R,1,0,0,0,000000000,00000000000,0,0,0,1,0,0,0,0,0,0,0,52,0,0,0,12,6,2,42,0,0,0,1,12,34711,6,1,0,0,3,0,73,999,0,0,0,0,1,5,2012,5,2012,0,6,0,0,0,1,2,35,3,5,2,1,0,0,14,13,99,1,4,1,1,0
12,122210,1,1,1,12,12,4,10,9,0,1,1,99,9,99,999,99999,99,9999,999999999999,9,9,9,9,9,9,9,9,9,9,9,9,0,0,0,000000000,00000000000,0,0,0,1,0,0,0,0,0,0,0,999,0,0,0,12,9,5,9,0,0,0,1,99,99999,9,9,99,9,9,9,999,999,99,99,99,99,99,99,9999,99,9999,9,0,0,0,0,3,3,98,1,1,8,1,0,0,1,83,99,1,1,13,0,0
12,122211,1,2,2,12,12,17,48,12,6,1,0,12,1,35,47,35047,4,2014,1N4AL3AP6EC3,1,N,4,A,L,3,A,P,6,E,C,3,0,0,0,000000000,00000000000,0,0,0,1,0,0,0,0,0,0,0,10,0,1,1,9,6,2,12,0,0,0,1,12,34470,6,1,0,0,3,0,62,999,0,0,0,0,0,0,0,0,0,0,38,0,0,0,1,2,55,1,1,8,1,20,3,11,15,99,1,1,82,2,1
12,122211,2,2,4,12,12,17,48,12,6,1,0,12,2,12,481,12481,31,2001,1FTNX21LX1EA,1,F,T,N,X,2,1,L,X,1,E,A,0,0,0,000000000,00000000000,0,0,0,1,0,0,0,0,0,0,0,55,0,0,0,12,4,3,12,0,0,0,1,12,32686,0,0,0,0,0,0,999,999,0,0,0,0,0,0,0,0,0,0,0,0,0,0,1,2,55,1,1,8,1,4,3,1,67,99,1,1,83,0,1
12,122212,1,1,1,12,12,19,42,30,0,1,0,12,3,49,50,49050,3,2007,JTKDE1670701,J,T,K,D,E,1,6,7,0,7,0,1,0,0,0,000000000,00000000000,0,0,0,1,0,0,0,0,0,0,0,65,0,0,0,12,6,2,42,0,0,0,1,12,32246,6,1,0,0,3,0,68,999,0,0,0,0,0,0,0,0,0,0,6,0,0,0,3,2,65,1,1,8,1,0,0,1,13,1,3,4,2,1,0
12,122214,1,1,1,13,12,15,15,8,0,1,0,12,2,20,481,20481,31,1997,1GCEC19W1VE2,1,G,C,E,C,1,9,W,1,V,E,2,0,0,0,000000000,00000000000,0,0,0,1,0,0,0,0,0,0,0,5,0,0,0,14,4,5,8,0,0,0,1,12,33461,0,0,0,0,0,0,999,999,0,0,0,0,0,0,0,0,0,0,0,0,0,0,0,0,0,0,0,0,0,0,0,1,80,1,1,1,13,0,0
12,122215,1,2,1,13,12,18,59,12,2,1,0,12,1,12,17,12017,4,2000,1FAFP52U9YG2,1,F,A,F,P,5,2,U,9,Y,G,2,0,0,0,000000000,00000000000,0,0,0,1,0,0,0,0,0,0,0,55,0,0,0,12,6,2,12,0,0,0,1,12,33585,6,1,0,0,3,0,67,999,0,0,0,0,0,0,0,0,0,0,51,0,0,0,1,2,55,1,1,8,1,0,0,1,10,1,1,2,52,1,0
12,122215,2,2,1,13,12,18,59,12,2,1,0,12,3,51,881,51881,66,2015,4V4NC9EH4FN1,4,V,4,N,C,9,E,H,4,F,N,1,1,1,17,1790575,171790575,3,6,1,1,0,0,0,0,0,0,0,55,0,0,0,12,6,2,34,0,0,0,1,12,33810,6,1,6,0,3,0,69,999,0,0,0,0,0,0,0,0,0,0,0,0,0,0,1,2,55,1,1,8,1,0,0,1,54,1,1,1,52,0,0
12,122216,1,2,1,13,12,22,42,12,2,1,0,12,1,55,36,55036,4,2012,KMHCT4AE7CU0,K,M,H,C,T,4,A,E,7,C,U,0,0,0,0,000000000,00000000000,0,0,0,1,0,0,0,0,0,0,0,45,0,0,0,12,6,2,12,0,0,0,1,12,33567,6,1,0,0,3,0,67,999,0,0,0,1,0,8,2014,8,2014,0,39,0,0,0,3,4,50,1,1,8,1,3,3,1,17,1,1,1,90,1,0
12,122216,2,2,2,13,12,22,42,12,2,1,0,12,2,20,481,20481,31,2002,1GCHC29G02E1,1,G,C,H,C,2,9,G,0,2,E,1,1,3,0,000000000,00000000000,0,0,0,1,0,0,0,0,0,0,0,45,0,1,5,12,6,2,12,0,0,0,1,12,33594,6,1,6,0,3,0,71,999,0,0,0,0,0,0,0,0,0,0,0,0,0,0,3,4,50,1,1,8,1,3,3,1,66,99,1,1,90,0,0
12,122217,1,2,3,13,12,22,16,12,2,1,0,12,1,55,35,55035,4,2004,KMHDN46D14U8,K,M,H,D,N,4,6,D,1,4,U,8,0,0,0,000000000,00000000000,0,0,0,1,0,0,0,0,0,0,0,70,0,0,0,12,6,2,12,0,0,0,1,12,32653,6,1,0,0,3,0,71,999,0,0,0,0,0,0,0,0,0,0,35,0,0,0,1,2,40,1,1,8,1,0,0,6,54,99,1,1,52,2,1
12,122217,2,2,3,13,12,22,16,12,2,1,0,12,1,20,421,20421,15,2002,1GNEC13Z32R1,1,G,N,E,C,1,3,Z,3,2,R,1,0,0,0,000000000,00000000000,0,0,0,1,0,0,0,0,0,0,0,40,0,0,0,12,6,2,12,0,0,0,1,12,32605,6,1,0,0,3,3,65,999,0,0,0,0,0,0,0,0,0,0,0,0,0,0,1,2,40,1,1,8,1,0,0,1,54,7,1,1,52,0,0
12,122218,1,2,1,13,12,16,15,12,6,1,0,45,1,18,22,18022,4,2005,2G4WC5320512,2,G,4,W,C,5,3,2,0,5,1,2,0,0,0,000000000,00000000000,0,0,0,1,0,0,0,0,0,0,0,10,0,0,0,9,6,2,12,0,0,0,1,45,29651,6,1,6,0,3,0,69,240,1,0,0,0,0,7,2014,7,2014,0,38,0,0,0,1,2,30,1,1,8,1,20,3,11,15,99,1,1,82,1,0
12,122218,2,2,2,13,12,16,15,12,6,1,0,12,1,2,404,2404,14,2005,1J4GR48K65C6,1,J,4,G,R,4,8,K,6,5,C,6,0,0,0,000000000,00000000000,0,0,0,1,0,0,0,0,0,0,0,45,0,0,0,12,6,2,12,0,0,0,1,12,34251,6,1,0,0,3,0,66,999,0,0,0,0,0,0,0,0,0,0,0,0,0,0,3,4,45,1,1,8,1,0,0,1,67,99,1,1,83,0,0
12,122219,1,1,1,14,12,1,29,1,0,1,0,12,1,12,481,12481,31,2006,1FTSW21P06EB,1,F,T,S,W,2,1,P,0,6,E,B,0,0,0,000000000,00000000000,0,0,0,1,0,0,0,0,0,0,0,45,0,2,5,0,6,2,1,0,0,0,1,12,34224,6,1,0,0,3,0,76,999,0,0,0,0,0,0,0,0,0,0,36,0,0,0,1,2,35,3,1,8,1,0,0,14,13,6,4,4,7,1,1
12,122220,1,1,1,14,12,17,15,8,0,1,0,12,2,18,2,18002,4,2004,1G4HP52K5441,1,G,4,H,P,5,2,K,5,4,4,1,0,0,0,000000000,00000000000,0,0,0,1,0,0,0,0,0,0,0,35,0,0,0,12,4,5,8,0,0,0,1,12,32534,6,1,0,0,3,3,61,999,0,0,0,0,0,0,0,0,0,0,0,0,0,0,1,2,45,1,1,8,1,0,0,1,80,99,1,1,13,0,0
12,122221,1,2,1,14,12,21,3,12,2,1,0,12,2,23,401,23401,14,1997,1GKCS13W4V25,1,G,K,C,S,1,3,W,4,V,2,5,0,0,0,000000000,00000000000,0,0,0,1,0,0,0,0,0,0,0,50,0,0,0,12,6,2,12,0,0,0,1,12,32801,6,1,0,0,3,0,71,999,0,2,0,1,1,5,2013,4,2014,0,51,0,0,0,2,2,50,1,1,8,1,0,0,1,54,99,1,1,52,1,1
12,122221,2,2,3,14,12,21,3,12,2,1,0,12,2,37,31,37031,4,1999,1HGEJ6673XL0,1,H,G,E,J,6,6,7,3,X,L,0,0,0,0,000000000,00000000000,0,0,0,1,0,0,0,0,0,0,0,50,0,0,0,12,6,2,12,0,0,0,1,12,32926,6,1,0,0,3,0,75,999,0,0,0,1,0,2,2012,2,2012,0,0,0,0,0,2,2,50,1,1,8,1,0,0,1,54,99,1,1,52,3,0
12,122222,1,1,1,14,12,21,43,42,0,1,0,12,2,12,3,12003,2,2007,1ZVFT80N7752,1,Z,V,F,T,8,0,N,7,7,5,2,0,0,0,000000000,00000000000,0,0,0,1,0,0,0,0,0,0,0,70,0,0,0,9,6,2,42,0,0,0,1,12,34109,6,1,0,0,3,0,70,999,0,0,0,0,0,0,0,0,0,0,6,0,0,0,3,3,70,3,1,8,1,0,0,14,13,99,3,4,2,1,1
12,122223,1,1,1,14,12,22,7,8,0,1,0,12,1,35,39,35039,4,1999,JN1CA21D8XT8,J,N,1,C,A,2,1,D,8,X,T,8,0,0,0,000000000,00000000000,0,0,0,1,0,0,0,0,0,0,0,45,0,0,0,12,6,2,8,0,0,0,1,12,32801,6,1,0,0,3,0,73,999,0,6,0,1,1,8,2013,11,2014,0,0,0,0,0,2,3,45,1,1,8,1,0,0,1,80,99,1,1,13,0,0
12,122224,1,3,1,15,12,0,57,12,6,1,0,12,1,37,402,37402,14,2001,JHLRD18641C0,J,H,L,R,D,1,8,6,4,1,C,0,0,0,0,000000000,00000000000,0,0,0,1,0,0,0,0,0,0,0,35,0,0,0,9,6,2,12,0,0,0,1,12,34786,6,1,0,0,3,3,64,999,0,0,0,0,0,0,0,0,0,0,39,0,0,0,3,3,35,1,1,8,1,3,3,11,15,99,1,1,82,1,0