STATE,ST_CASE,VEH_NO,VE_FORMS,NUMOCCS,DAY,MONTH,HOUR,MINUTE,HARM_EV,MAN_COLL,UNITTYPE,HIT_RUN,REG_STAT,OWNER,MAKE,MODEL,MAK_MOD,BODY_TYP,MOD_YEAR,VIN,VIN_1,VIN_2,VIN_3,VIN_4,VIN_5,VIN_6,VIN_7,VIN_8,VIN_9,VIN_10,VIN_11,VIN_12,TOW_VEH,J_KNIFE,MCARR_I1,MCARR_I2,MCARR_ID,GVWR,V_CONFIG,CARGO_BT,HAZ_INV,HAZ_PLAC,HAZ_ID,HAZ_CNO,HAZ_REL,BUS_USE,SPEC_USE,EMER_USE,TRAV_SP,UNDERIDE,ROLLOVER,ROLINLOC,IMPACT1,DEFORMED,TOWED,M_HARM,VEH_SC1,VEH_SC2,FIRE_EXP,DR_PRES,L_STATE,DR_ZIP,L_STATUS,L_TYPE,CDL_STAT,L_ENDORS,L_COMPL,L_RESTRI,DR_HGT,DR_WGT,PREV_ACC,PREV_SUS,PREV_DWI,PREV_SPD,PREV_OTH,FIRST_MO,FIRST_YR,LAST_MO,LAST_YR,SPEEDREL,DR_SF1,DR_SF2,DR_SF3,DR_SF4,VTRAFWAY,VNUM_LAN,VSPD_LIM,VALIGN,VPROFILE,VPAVETYP,VSURCOND,VTRAFCON,VTCONT_F,P_CRASH1,P_CRASH2,P_CRASH3,PCRASH4,PCRASH5,ACC_TYPE,DEATHS,DR_DRINK
12,122224,2,3,1,15,12,0,57,12,6,1,0,12,3,92,981,92981,58,2012,15GGD2712C11,1,5,G,G,D,2,7,1,2,C,1,1,0,0,12,1025131,121025131,2,21,22,1,0,0,0,0,98,0,0,45,0,0,0,12,6,2,12,0,0,0,1,12,32836,6,1,6,3,3,3,68,999,0,0,0,0,0,0,0,0,0,0,0,0,0,0,3,3,45,1,1,8,1,3,3,1,67,99,1,1,83,0,0
12,122224,3,3,2,15,12,0,57,12,6,1,0,12,3,20,25,20025,4,2015,1G1PE5SBXF71,1,G,1,P,E,5,S,B,X,F,7,1,0,0,0,000000000,00000000000,0,0,0,1,0,0,0,0,0,0,0,45,0,0,0,1,4,5,12,0,0,0,1,22,70070,6,1,0,0,3,3,67,140,0,0,0,1,0,11,2012,11,2012,0,0,0,0,0,3,3,45,1,1,8,1,3,3,1,67,99,1,1,98,0,0
12,122225,1,1,1,15,12,5,42,1,0,1,0,12,3,87,884,87884,66,2015,1XPBDP9X5FD2,1,X,P,B,D,P,9,X,5,F,D,2,1,1,12,94760,1294760,3,6,3,1,0,0,0,0,0,0,0,60,0,1,1,0,6,2,1,0,0,0,1,12,32949,6,1,6,0,3,0,74,999,1,1,0,0,1,5,2012,8,2012,0,0,0,0,0,1,2,60,1,1,2,1,0,0,1,12,6,1,6,98,1,0
12,122226,1,1,2,15,12,9,57,1,0,1,0,12,1,12,471,12471,30,1998,1FTYR10U5WUB,1,F,T,Y,R,1,0,U,5,W,U,B,0,0,0,000000000,00000000000,0,0,0,1,0,0,0,0,0,0,0,60,0,1,3,0,6,2,1,0,0,0,1,12,32219,6,1,0,0,3,0,66,999,0,0,0,0,0,0,0,0,0,0,58,0,0,0,3,4,60,1,1,8,1,0,0,1,13,7,1,4,6,1,0
12,122227,1,2,2,15,12,14,50,12,6,1,0,12,1,12,17,12017,4,2004,1FAFP53U64A1,1,F,A,F,P,5,3,U,6,4,A,1,0,0,0,000000000,00000000000,0,0,0,1,0,0,0,0,0,0,0,10,0,0,0,9,6,2,12,0,0,0,1,36,14094,6,1,0,0,3,0,74,999,0,0,0,0,0,0,0,0,0,0,38,0,0,0,1,2,30,1,6,8,1,20,3,11,15,99,1,1,82,1,0
12,122227,2,2,1,15,12,14,50,12,6,1,0,12,4,20,25,20025,4,2015,1G1PG5SB4F71,1,G,1,P,G,5,S,B,4,F,7,1,0,0,0,000000000,00000000000,0,0,0,1,0,0,0,0,0,0,0,60,0,0,0,12,6,2,12,0,0,0,1,12,34205,6,1,0,0,3,0,67,999,0,0,0,0,0,0,0,0,0,0,0,0,0,0,3,2,60,3,1,8,1,0,0,14,67,99,1,1,83,0,0
12,122228,1,1,1,15,12,21,46,8,0,1,0,12,1,20,421,20421,15,2004,1GNEC13Z04R2,1,G,N,E,C,1,3,Z,0,4,R,2,0,0,0,000000000,00000000000,0,0,0,1,0,0,0,0,0,0,0,40,0,0,0,12,6,2,8,0,0,0,1,12,32259,6,1,0,0,3,0,61,999,0,0,0,0,0,0,0,0,0,0,0,0,0,0,3,3,45,1,1,8,1,0,0,1,80,99,1,1,13,0,0
12,122229,1,1,1,15,12,6,13,8,0,1,0,12,2,6,42,6042,4,2001,2C3HC56G41H5,2,C,3,H,C,5,6,G,4,1,H,5,0,0,0,000000000,00000000000,0,0,0,1,0,0,0,0,0,0,0,45,0,0,0,12,4,5,8,0,0,0,1,12,33805,6,1,0,0,3,3,74,999,0,0,0,0,0,0,0,0,0,0,0,0,0,0,1,2,45,1,1,8,1,0,0,1,80,1,1,1,13,0,0
12,122230,1,2,2,15,12,18,20,12,6,1,0,12,1,49,43,49043,4,2005,4T1BK36B45U0,4,T,1,B,K,3,6,B,4,5,U,0,0,0,0,000000000,00000000000,0,0,0,1,0,0,0,0,0,0,0,5,0,0,0,3,6,2,12,0,0,0,1,12,32080,6,1,0,0,3,3,68,999,0,0,0,0,0,0,0,0,0,0,6,0,0,0,3,2,40,1,1,8,1,0,0,11,15,99,1,1,68,0,0
12,122230,2,2,1,15,12,18,20,12,6,1,0,12,1,72,706,72706,80,2002,1HD1BMY102Y0,1,H,D,1,B,M,Y,1,0,2,Y,0,0,0,0,000000000,00000000000,0,0,0,1,0,0,0,0,0,0,0,45,0,0,0,12,6,2,12,0,0,0,1,12,32086,6,1,0,0,3,0,75,999,0,0,0,1,1,1,2013,1,2014,0,0,0,0,0,3,2,40,1,1,8,1,0,0,1,62,99,1,1,69,1,0
12,122231,1,3,2,15,12,13,46,12,6,1,0,12,1,12,401,12401,14,2001,1FMZU62E01ZA,1,F,M,Z,U,6,2,E,0,1,Z,A,0,0,0,000000000,00000000000,0,0,0,1,0,0,0,0,0,0,0,25,0,1,1,1,6,2,12,0,0,0,1,12,34759,6,1,0,0,3,0,66,999,0,0,0,0,0,0,0,0,0,0,38,0,0,0,3,2,45,1,1,8,1,3,3,11,15,99,1,1,68,0,0
12,122231,2,3,2,15,12,13,46,12,6,1,0,12,2,7,43,7043,4,2004,1B3EL36R44N3,1,B,3,E,L,3,6,R,4,4,N,3,0,0,0,000000000,00000000000,0,0,0,1,0,0,0,0,0,0,0,45,0,0,0,12,6,2,12,0,0,0,1,12,34744,6,1,0,0,3,0,63,999,0,0,0,0,0,0,0,0,0,0,39,0,0,0,3,2,45,1,1,8,1,3,3,1,62,99,1,1,69,1,0
12,122231,3,3,1,15,12,13,46,12,6,1,0,12,3,12,461,12461,21,2009,1FTNE14W89DA,1,F,T,N,E,1,4,W,8,9,D,A,0,0,0,000000000,00000000000,0,0,0,1,0,0,0,0,0,0,0,5,0,0,0,7,4,5,12,0,0,0,1,12,33850,6,1,0,0,3,3,72,999,0,0,0,0,0,0,0,0,0,0,39,0,0,0,3,2,45,1,1,8,1,3,3,10,62,99,1,1,98,0,0
12,122232,1,1,1,16,12,18,57,8,0,1,0,12,1,22,403,22403,14,2008,2CKDL43F9863,2,C,K,D,L,4,3,F,9,8,6,3,0,0,0,000000000,00000000000,0,0,0,1,0,0,0,0,0,0,0,45,0,0,0,12,6,2,8,0,0,0,1,12,34652,6,1,0,0,3,3,69,999,0,0,0,0,0,0,0,0,0,0,0,0,0,0,2,3,45,1,1,8,1,0,0,1,80,99,1,1,13,0,0
12,122233,1,1,1,16,12,19,40,8,0,1,0,12,1,12,35,12035,4,1998,1FAFP6538WK2,1,F,A,F,P,6,5,3,8,W,K,2,0,0,0,000000000,00000000000,0,0,0,1,0,0,0,0,0,0,0,55,0,0,0,12,6,2,8,0,0,0,1,12,32805,6,1,0,0,3,0,66,999,0,0,0,0,0,0,0,0,0,0,0,0,0,0,3,4,55,2,1,8,1,0,0,14,80,1,1,1,13,0,0
12,122234,1,1,1,14,12,8,48,33,0,1,0,12,2,53,706,53706,80,2007,JS1GT77AX721,J,S,1,G,T,7,7,A,X,7,2,1,0,0,0,000000000,00000000000,0,0,0,1,0,0,0,0,0,0,0,100,0,0,0,12,6,2,42,0,0,0,1,12,33021,2,1,0,0,2,0,61,999,0,0,0,0,0,0,0,0,0,0,36,0,0,0,3,3,45,1,1,8,1,0,0,1,13,99,1,4,1,1,0
12,122235,1,1,1,16,12,1,40,33,0,1,0,12,1,19,17,19017,4,2001,W06VR54R11R0,W,0,6,V,R,5,4,R,1,1,R,0,0,0,0,000000000,00000000000,0,0,0,1,0,0,0,0,0,0,0,85,0,0,0,6,6,2,39,0,0,0,1,12,34119,6,1,0,0,3,0,68,999,0,0,0,0,0,0,0,0,0,0,0,0,0,0,3,2,45,3,1,2,1,0,0,14,12,7,3,4,1,1,1
12,122236,1,2,1,16,12,11,15,12,6,1,0,12,1,99,709,99709,80,2013,000000000000,0,0,0,0,0,0,0,0,0,0,0,0,0,0,0,000000000,00000000000,0,0,0,1,0,0,0,0,0,0,0,10,0,0,0,12,2,5,12,35,0,0,1,12,32127,6,1,6,0,3,0,73,999,0,0,0,0,0,0,0,0,0,0,6,0,0,0,2,2,55,1,1,8,1,0,0,1,51,6,1,4,98,1,0
12,122236,2,2,2,16,12,11,15,12,6,1,0,51,1,37,32,37032,4,2013,1HGCR2F30DA1,1,H,G,C,R,2,F,3,0,D,A,1,0,0,0,000000000,00000000000,0,0,0,1,0,0,0,0,0,0,0,10,0,0,0,9,4,5,12,0,0,0,1,51,23116,6,1,0,0,3,0,68,999,1,0,0,0,0,2,2014,2,2014,0,0,0,0,0,2,2,55,1,1,8,1,0,0,12,98,99,1,4,98,0,0
12,122237,1,1,1,16,12,19,9,8,0,1,0,12,2,20,2,20002,4,2009,2G1WT57KX912,2,G,1,W,T,5,7,K,X,9,1,2,0,0,0,000000000,00000000000,0,0,0,1,0,0,0,0,0,0,0,25,0,0,0,12,4,5,8,0,0,0,1,12,32579,6,1,0,0,3,0,65,999,0,0,0,0,0,0,0,0,0,0,0,0,0,0,1,2,25,1,1,8,1,0,0,1,80,99,1,1,13,0,0
12,122239,1,1,1,27,12,20,0,8,0,1,1,99,9,99,999,99999,99,9999,999999999999,9,9,9,9,9,9,9,9,9,9,9,9,0,0,0,000000000,00000000000,0,0,0,1,0,0,0,0,0,0,0,999,0,0,0,12,9,5,8,0,0,0,1,99,99999,9,9,99,9,9,9,999,999,99,99,99,99,99,99,9999,99,9999,0,0,0,0,0,2,2,45,1,1,8,1,0,0,99,80,99,1,1,13,0,0
12,122240,1,2,1,17,12,9,20,8,0,1,0,12,2,18,22,18022,4,2005,2G4WC5320512,2,G,4,W,C,5,3,2,0,5,1,2,0,0,0,000000000,00000000000,0,0,0,1,0,0,0,0,0,0,0,45,0,0,0,12,6,2,8,0,0,0,1,12,33472,6,1,0,0,3,3,66,999,0,0,0,0,0,0,0,0,0,0,0,0,0,0,2,3,45,1,1,8,1,0,0,1,62,7,1,2,13,0,0
12,122240,2,2,1,17,12,9,20,8,0,1,0,12,1,7,442,7442,20,2001,1B4GP25B21B2,1,B,4,G,P,2,5,B,2,1,B,2,0,0,0,000000000,00000000000,0,0,0,1,0,0,0,0,0,0,0,40,0,0,0,82,4,5,12,0,0,0,1,12,33467,6,1,0,0,3,0,67,999,0,0,0,0,0,0,0,0,0,0,0,0,0,0,2,3,45,1,1,8,1,0,0,1,80,7,1,2,98,0,0
12,122241,1,1,1,18,12,22,20,8,0,1,0,12,1,22,20,22020,4,2006,2G2WP5525612,2,G,2,W,P,5,5,2,5,6,1,2,0,0,0,000000000,00000000000,0,0,0,1,0,0,0,0,0,0,0,40,0,0,0,12,2,3,8,0,0,0,1,12,32068,6,1,0,0,3,0,67,999,0,1,0,0,1,12,2011,5,2014,0,0,0,0,0,1,4,40,1,6,2,1,0,0,1,80,99,1,1,13,0,0
12,122242,1,1,1,18,12,0,40,1,0,1,0,12,2,72,706,72706,80,2008,1HD1KB4448Y6,1,H,D,1,K,B,4,4,4,8,Y,6,0,0,0,000000000,00000000000,0,0,0,1,0,0,0,0,0,0,0,35,0,0,0,0,6,2,1,0,0,0,1,12,33705,6,1,6,0,3,3,72,999,0,0,0,0,0,0,0,0,0,0,6,0,0,0,6,2,35,2,5,8,1,21,3,14,12,99,1,4,6,1,1
12,122243,1,1,1,18,12,21,12,25,0,1,0,12,1,12,442,12442,20,1999,2FMDA5249XBB,2,F,M,D,A,5,2,4,9,X,B,B,0,0,0,000000000,00000000000,0,0,0,1,0,0,0,0,0,0,0,60,0,0,0,12,6,2,25,0,0,0,1,12,34221,6,1,0,0,3,3,72,999,0,0,0,0,0,0,0,0,0,0,0,0,0,0,3,2,50,1,1,8,1,0,0,1,12,7,3,4,2,1,1
12,122244,1,1,1,19,12,17,10,8,0,1,0,12,1,63,33,63033,4,2009,KNAFE221X956,K,N,A,F,E,2,2,1,X,9,5,6,0,0,0,000000000,00000000000,0,0,0,1,0,0,0,0,0,0,0,45,0,0,0,12,2,5,8,0,0,0,1,12,32407,6,1,0,0,3,3,68,999,0,0,0,0,0,0,0,0,0,0,0,0,0,0,1,2,45,1,1,8,2,0,0,1,80,99,1,1,13,0,0
12,122245,1,2,1,19,12,17,19,1,0,1,0,12,2,53,702,53702,80,2012,RFDRD17C7C11,R,F,D,R,D,1,7,C,7,C,1,1,0,0,0,000000000,00000000000,0,0,0,1,0,0,0,0,0,0,0,55,0,0,0,0,6,2,12,0,0,0,1,12,33430,1,1,0,0,2,0,63,999,0,15,0,0,0,2,2012,11,2014,0,6,33,0,0,1,2,55,1,1,8,1,0,0,6,98,98,1,1,98,1,0
12,122245,2,2,2,19,12,17,19,1,0,1,0,12,3,12,481,12481,31,2006,1FDWW36P76ED,1,F,D,W,W,3,6,P,7,6,E,D,0,0,0,000000000,00000000000,0,0,0,1,0,0,0,0,0,0,0,10,0,0,0,7,2,3,12,0,0,0,1,12,33430,3,1,0,0,2,0,64,999,0,0,0,0,0,0,0,0,0,0,0,0,0,0,1,2,55,1,1,8,1,0,0,11,15,99,1,1,98,0,0
12,122246,1,2,3,29,12,17,0,12,2,1,0,12,1,12,402,12402,14,2014,1FMCU0JX9EUA,1,F,M,C,U,0,J,X,9,E,U,A,0,0,0,000000000,00000000000,0,0,0,1,0,0,0,0,0,0,0,5,0,0,0,12,6,2,12,0,0,0,1,12,34221,6,1,0,0,3,0,69,999,0,0,0,0,0,0,0,0,0,0,38,0,0,0,1,2,25,1,1,8,1,20,3,11,15,1,1,1,82,0,0
12,122246,2,2,1,29,12,17,0,12,2,1,0,12,1,53,706,53706,80,2002,JS1GV77A8221,J,S,1,G,V,7,7,A,8,2,2,1,0,0,0,000000000,00000000000,0,0,0,1,0,0,0,0,0,0,0,70,0,0,0,12,6,2,12,0,0,0,1,12,33619,6,1,0,0,3,0,69,999,0,1,0,0,0,7,2013,7,2013,4,0,0,0,0,5,5,45,1,1,8,1,0,0,1,67,99,1,1,83,1,1
12,122247,1,1,1,20,12,2,55,8,0,1,1,99,9,99,999,99999,99,9999,999999999999,9,9,9,9,9,9,9,9,9,9,9,9,0,0,0,000000000,00000000000,0,0,0,1,0,0,0,0,0,0,0,999,0,0,0,98,8,5,8,0,0,0,1,99,99999,9,9,99,9,9,9,999,999,99,99,99,99,99,99,9999,99,9999,0,0,0,0,0,1,2,30,1,1,8,1,0,0,99,80,99,1,1,13,0,0
12,122248,1,2,1,20,12,20,25,12,2,1,0,12,1,49,401,49401,14,2005,JTEZU14R0500,J,T,E,Z,U,1,4,R,0,5,0,0,0,0,0,000000000,00000000000,0,0,0,1,0,0,0,0,0,0,0,70,0,0,0,12,6,2,12,0,0,0,1,12,32968,6,1,0,0,3,0,68,999,0,0,0,0,0,0,0,0,0,0,50,0,0,0,2,2,65,1,1,8,1,0,0,1,54,99,1,1,52,0,1
12,122248,2,2,1,20,12,20,25,12,2,1,0,12,1,14,6,14006,4,2010,2MEBM7FV6AX6,2,M,E,B,M,7,F,V,6,A,X,6,0,0,0,000000000,00000000000,0,0,0,1,0,0,0,0,0,0,0,55,0,0,0,12,6,2,12,0,0,0,1,12,33805,6,1,0,0,3,3,68,999,0,0,0,0,0,0,0,0,0,0,0,0,0,0,2,2,55,1,1,8,1,0,0,1,54,99,1,1,52,1,0
12,122249,1,2,1,20,12,4,21,12,2,1,0,12,3,12,481,12481,31,2014,1FT7W2BT7EEB,1,F,T,7,W,2,B,T,7,E,E,B,0,0,0,000000000,00000000000,0,0,0,1,0,0,0,0,0,0,0,60,0,1,5,12,6,2,12,0,0,0,1,12,33511,6,1,0,0,3,0,73,999,0,0,0,1,0,1,2013,1,2013,0,51,0,0,0,3,2,60,1,1,8,1,0,0,1,10,99,1,1,50,1,0
12,122249,2,2,1,20,12,4,21,12,2,1,0,12,1,12,481,12481,31,2005,1FTSW21P25EC,1,F,T,S,W,2,1,P,2,5,E,C,0,0,0,000000000,00000000000,0,0,0,1,0,0,0,0,0,0,0,60,0,0,0,12,6,2,12,0,0,0,1,12,33547,6,1,0,0,3,0,73,999,0,0,0,0,1,2,2014,2,2014,0,0,0,0,0,3,2,60,1,1,8,1,0,0,1,54,99,1,1,51,0,0
12,122250,1,2,2,20,12,8,10,12,6,1,0,12,1,12,481,12481,31,2002,1FTSW31F92EA,1,F,T,S,W,3,1,F,9,2,E,A,0,0,0,000000000,00000000000,0,0,0,1,0,0,0,0,0,0,0,10,0,0,0,5,2,5,12,0,0,0,1,12,32736,6,1,0,0,3,0,66,999,0,0,0,0,0,0,0,0,0,0,38,0,0,0,1,3,55,2,1,8,1,0,0,11,15,99,1,1,68,0,0
12,122250,2,2,1,20,12,8,10,12,6,1,0,12,1,53,705,53705,80,2009,JS1GN7EA7921,J,S,1,G,N,7,E,A,7,9,2,1,0,0,0,000000000,00000000000,0,0,0,1,0,0,0,0,0,0,0,55,0,0,0,12,6,2,12,0,0,0,1,12,32804,6,1,0,0,3,0,71,999,1,1,0,0,1,12,2013,9,2014,0,0,0,0,0,1,3,55,2,1,8,1,0,0,14,62,99,1,1,69,1,0
12,122251,1,1,1,20,12,19,25,8,0,1,0,12,1,12,16,12016,4,2000,2FAFP71W2YX1,2,F,A,F,P,7,1,W,2,Y,X,1,0,0,0,000000000,00000000000,0,0,0,1,0,0,0,0,0,0,0,45,0,0,0,12,4,5,8,0,0,0,1,12,34471,6,1,0,0,3,0,72,999,0,0,0,0,0,0,0,0,0,0,0,0,0,0,2,2,45,1,1,8,1,0,0,1,80,99,1,1,13,0,0
12,122252,1,2,1,20,12,11,15,12,1,1,0,12,1,7,29,7029,4,2015,1C3CDFBB5FD1,1,C,3,C,D,F,B,B,5,F,D,1,0,0,0,000000000,00000000000,0,0,0,1,0,0,0,0,0,0,0,50,0,0,0,12,4,5,12,0,0,0,1,12,34669,6,1,0,0,3,0,72,999,0,0,0,0,0,0,0,0,0,0,6,0,0,0,3,2,55,1,6,8,1,0,0,1,51,99,1,1,24,0,0
12,122252,2,2,2,20,12,11,15,12,1,1,0,12,1,72,706,72706,80,2013,1HD1MAM11DB8,1,H,D,1,M,A,M,1,1,D,B,8,0,0,0,000000000,00000000000,0,0,0,1,0,0,0,0,0,0,0,25,0,0,0,6,6,2,12,0,0,0,1,29,65038,6,1,0,0,3,0,72,999,0,0,0,0,0,0,0,0,0,0,0,0,0,0,3,2,55,1,6,8,1,0,0,2,53,99,1,1,25,1,0
12,122253,1,3,1,20,12,0,47,12,6,1,0,12,2,37,32,37032,4,2005,1HGCM56455A1,1,H,G,C,M,5,6,4,5,5,A,1,0,0,0,000000000,00000000000,0,0,0,1,0,0,0,0,0,0,0,998,0,1,3,9,6,2,12,0,0,0,1,12,33185,6,1,0,0,3,3,74,999,0,0,0,0,0,0,0,0,0,0,36,0,0,0,3,6,60,2,1,8,1,0,0,15,10,99,1,2,47,1,0
12,122253,2,3,1,20,12,0,47,12,6,1,0,12,1,49,40,49040,4,2011,4T1BF3EK1BU1,4,T,1,B,F,3,E,K,1,B,U,1,0,0,0,000000000,00000000000,0,0,0,1,0,0,0,0,0,0,0,998,0,0,0,12,6,2,12,0,0,0,1,12,33196,6,1,0,0,3,3,65,999,0,0,0,0,0,0,0,0,0,0,0,0,0,0,3,6,60,2,1,8,1,0,0,14,61,99,1,1,45,0,0
12,122253,3,3,1,20,12,0,47,12,6,1,0,12,1,49,40,49040,4,1994,JT2GK12E0R00,J,T,2,G,K,1,2,E,0,R,0,0,0,0,0,000000000,00000000000,0,0,0,1,0,0,0,0,0,0,0,998,0,0,0,12,4,5,12,0,0,0,1,12,33324,6,1,0,0,3,0,73,999,0,0,0,0,0,0,0,0,0,0,0,0,0,0,3,6,60,2,1,8,1,0,0,14,60,99,1,1,98,0,0
12,122254,1,1,1,21,12,10,4,9,0,1,0,12,1,35,39,35039,4,2001,JN1CA31D31T8,J,N,1,C,A,3,1,D,3,1,T,8,0,0,0,000000000,00000000000,0,0,0,1,0,0,0,0,0,0,0,55,0,0,0,12,6,2,9,0,0,0,1,51,23502,6,1,0,0,3,3,73,175,0,0,0,1,0,6,2014,6,2014,0,0,0,0,0,3,3,50,1,6,8,1,0,0,1,83,1,1,1,13,0,0
12,122255,1,1,1,21,12,21,10,8,0,1,0,12,1,20,404,20404,14,2011,2CNALBEC0B62,2,C,N,A,L,B,E,C,0,B,6,2,0,0,0,000000000,00000000000,0,0,0,1,0,0,0,0,0,0,0,45,0,0,0,12,4,3,8,0,0,0,1,12,33037,6,1,0,0,3,0,62,999,1,0,0,0,0,3,2013,3,2013,0,0,0,0,0,3,2,45,1,1,8,1,0,0,1,80,99,1,1,13,0,0
12,122256,1,1,1,21,12,19,0,33,0,1,1,12,9,23,441,23441,20,2003,1GKDM19X33B5,1,G,K,D,M,1,9,X,3,3,B,5,0,0,0,000000000,00000000000,0,0,0,1,0,0,0,0,0,0,0,50,0,0,0,98,4,3,8,0,0,0,1,99,99999,9,9,99,9,9,9,999,999,99,99,99,99,99,99,9999,99,9999,0,0,0,0,0,3,3,45,1,1,8,1,0,0,1,13,99,1,4,1,0,0
12,122257,1,1,2,21,12,2,23,43,0,1,0,12,2,76,705,76705,80,2006,JYARJ12E36A0,J,Y,A,R,J,1,2,E,3,6,A,0,0,0,0,000000000,00000000000,0,0,0,1,0,0,0,0,0,0,0,998,0,0,0,98,6,2,43,0,0,0,1,12,32839,6,1,0,0,3,0,63,999,0,0,0,0,0,0,0,0,0,3,0,0,0,0,3,2,98,1,1,8,1,0,0,1,13,99,1,4,1,1,0
12,122258,1,3,2,22,12,12,50,12,6,1,0,12,1,12,402,12402,14,2013,1FMCU0HX5DUA,1,F,M,C,U,0,H,X,5,D,U,A,0,0,0,000000000,00000000000,0,0,0,1,0,0,0,0,0,0,0,15,0,0,0,11,6,2,12,0,0,0,1,12,33825,6,1,0,0,3,3,65,999,0,0,0,0,0,0,0,0,0,0,38,0,0,0,1,3,15,1,1,8,1,20,3,11,15,99,1,1,76,1,0
12,122258,2,3,1,22,12,12,50,12,6,1,0,12,2,7,442,7442,20,1998,2B4FP25B0WR7,2,B,4,F,P,2,5,B,0,W,R,7,0,0,0,000000000,00000000000,0,0,0,1,0,0,0,0,0,0,0,54,0,0,0,12,6,2,12,0,0,0,1,12,33875,6,1,0,0,3,0,67,999,0,1,0,0,0,7,2014,7,2014,0,0,0,0,0,2,3,55,1,1,8,1,0,0,1,65,99,1,1,77,0,0
12,122258,3,3,2,22,12,12,50,12,6,1,0,12,1,20,421,20421,15,2011,1GNSCCE03BR3,1,G,N,S,C,C,E,0,3,B,R,3,0,0,0,000000000,00000000000,0,0,0,1,0,0,0,0,0,0,0,998,0,0,0,12,6,2,12,0,0,0,1,12,33870,6,1,0,0,3,3,61,999,0,0,0,0,0,0,0,0,0,0,0,0,0,0,2,3,55,1,1,8,1,0,0,11,65,99,1,1,98,0,0
12,122259,1,2,3,22,12,14,9,12,6,1,0,50,2,49,32,49032,4,2014,2T1BURHE3EC1,2,T,1,B,U,R,H,E,3,E,C,1,0,0,0,000000000,00000000000,0,0,0,1,0,0,0,0,0,0,0,15,0,0,0,5,4,5,12,0,0,0,1,12,33870,6,1,0,0,3,0,65,999,0,0,0,0,0,0,0,0,0,0,38,0,0,0,3,3,50,3,1,8,1,0,0,11,15,99,1,1,68,0,0
12,122259,2,2,1,22,12,14,9,12,6,1,0,12,1,76,705,76705,80,2000,JYARJ04E6YA0,J,Y,A,R,J,0,4,E,6,Y,A,0,0,0,0,000000000,00000000000,0,0,0,1,0,0,0,0,0,0,0,66,0,0,0,12,6,2,12,0,0,0,1,26,48442,6,1,0,0,2,0,69,115,2,0,0,1,0,12,2013,1,2014,0,0,0,0,0,3,3,50,2,1,8,1,0,0,14,62,99,1,1,69,1,0
12,122260,1,1,1,22,12,20,16,8,0,1,0,12,2,55,35,55035,4,2014,KMHDH4AH2EU0,K,M,H,D,H,4,A,H,2,E,U,0,0,0,0,000000000,00000000000,0,0,0,1,0,0,0,0,0,0,0,45,0,0,0,12,4,5,8,0,0,0,1,12,33770,6,1,0,0,3,3,72,999,0,0,0,0,1,6,2014,6,2014,0,0,0,0,0,3,3,45,1,1,8,1,4,3,1,80,6,1,1,13,0,0
12,122261,1,2,1,22,12,6,56,12,2,1,0,12,1,12,471,12471,30,1999,1FTZR15V5XTA,1,F,T,Z,R,1,5,V,5,X,T,A,0,0,0,000000000,00000000000,0,0,0,1,0,0,0,0,0,0,0,45,0,0,0,12,6,2,12,0,0,0,1,12,32405,6,1,0,0,3,3,73,999,0,0,0,0,0,0,0,0,0,0,28,0,0,0,5,5,45,1,1,8,2,0,0,1,13,6,1,6,50,1,0
12,122261,2,2,3,22,12,6,56,12,2,1,0,12,3,12,401,12401,14,2004,1FMZU63K64UB,1,F,M,Z,U,6,3,K,6,4,U,B,0,0,0,000000000,00000000000,0,0,0,1,0,0,0,0,0,0,0,45,0,0,0,12,6,2,12,0,0,0,1,12,32428,6,1,0,0,3,0,70,999,0,0,0,0,0,0,0,0,0,0,0,0,0,0,5,5,45,1,1,8,2,0,0,1,62,99,1,1,51,0,0
12,122262,1,2,1,22,12,12,16,12,6,1,0,12,1,14,6,14006,4,2004,2MEFM74W34X6,2,M,E,F,M,7,4,W,3,4,X,6,0,0,0,000000000,00000000000,0,0,0,1,0,0,0,0,0,0,0,50,0,0,0,12,6,2,12,0,0,1,1,12,32792,1,1,0,0,2,3,68,999,0,1,0,0,0,6,2014,6,2014,0,6,0,0,0,2,3,45,1,1,8,1,0,0,1,12,99,1,4,64,0,0
12,122262,2,2,3,22,12,12,16,12,6,1,0,12,3,38,884,38884,61,2012,54DC4J1B3CS8,5,4,D,C,4,J,1,B,3,C,S,8,0,0,88,888888888,88888888888,2,1,96,1,0,0,0,0,0,0,0,35,0,0,0,7,6,2,12,0,0,1,1,12,33844,6,1,0,0,3,0,74,999,0,0,0,1,2,4,2014,12,2014,0,0,0,0,0,2,3,45,1,1,8,1,0,0,1,62,99,1,1,65,1,0
12,122263,1,1,1,23,12,17,58,1,0,1,0,12,1,73,706,73706,80,2014,JKBVNRK12EA0,J,K,B,V,N,R,K,1,2,E,A,0,0,0,0,000000000,00000000000,0,0,0,1,0,0,0,0,0,0,0,75,0,0,0,0,6,2,1,0,0,0,1,12,34974,6,1,0,0,3,0,70,999,0,0,0,0,0,0,0,0,0,0,6,0,0,0,1,2,55,3,1,8,1,0,0,14,13,99,1,4,1,1,1