STATE,ST_CASE,VEH_NO,VE_FORMS,NUMOCCS,DAY,MONTH,HOUR,MINUTE,HARM_EV,MAN_COLL,UNITTYPE,HIT_RUN,REG_STAT,OWNER,MAKE,MODEL,MAK_MOD,BODY_TYP,MOD_YEAR,VIN,VIN_1,VIN_2,VIN_3,VIN_4,VIN_5,VIN_6,VIN_7,VIN_8,VIN_9,VIN_10,VIN_11,VIN_12,TOW_VEH,J_KNIFE,MCARR_I1,MCARR_I2,MCARR_ID,GVWR,V_CONFIG,CARGO_BT,HAZ_INV,HAZ_PLAC,HAZ_ID,HAZ_CNO,HAZ_REL,BUS_USE,SPEC_USE,EMER_USE,TRAV_SP,UNDERIDE,ROLLOVER,ROLINLOC,IMPACT1,DEFORMED,TOWED,M_HARM,VEH_SC1,VEH_SC2,FIRE_EXP,DR_PRES,L_STATE,DR_ZIP,L_STATUS,L_TYPE,CDL_STAT,L_ENDORS,L_COMPL,L_RESTRI,DR_HGT,DR_WGT,PREV_ACC,PREV_SUS,PREV_DWI,PREV_SPD,PREV_OTH,FIRST_MO,FIRST_YR,LAST_MO,LAST_YR,SPEEDREL,DR_SF1,DR_SF2,DR_SF3,DR_SF4,VTRAFWAY,VNUM_LAN,VSPD_LIM,VALIGN,VPROFILE,VPAVETYP,VSURCOND,VTRAFCON,VTCONT_F,P_CRASH1,P_CRASH2,P_CRASH3,PCRASH4,PCRASH5,ACC_TYPE,DEATHS,DR_DRINK
12,122305,1,1,3,30,12,19,40,8,0,1,0,12,2,12,401,12401,14,1994,1FMDU32X8RUA,1,F,M,D,U,3,2,X,8,R,U,A,0,0,0,000000000,00000000000,0,0,0,1,0,0,0,0,0,0,0,45,0,0,0,12,4,5,8,0,0,0,1,12,34482,6,1,0,0,3,0,69,999,0,0,0,0,0,0,0,0,0,0,0,0,0,0,1,2,45,1,1,8,1,0,0,1,80,99,1,1,13,0,0
12,122306,1,4,1,31,12,19,15,12,1,1,0,12,1,12,13,12013,6,1997,3FALP15P8VR1,3,F,A,L,P,1,5,P,8,V,R,1,0,0,0,000000000,00000000000,0,0,0,1,0,0,0,0,0,0,0,40,0,0,0,12,6,2,12,0,0,0,1,12,34205,1,1,0,0,2,0,66,999,0,1,0,0,0,12,2014,12,2014,0,6,0,0,0,1,4,40,1,1,8,1,0,0,1,50,99,1,1,20,1,1
12,122306,2,4,1,31,12,19,15,12,1,1,0,12,1,35,48,35048,2,2014,JN1AZ4EH8EM6,J,N,1,A,Z,4,E,H,8,E,M,6,0,0,0,000000000,00000000000,0,0,0,1,0,0,0,0,0,0,0,0,0,0,0,6,6,2,12,0,0,0,1,12,34203,6,1,0,0,3,0,68,999,0,0,0,0,0,0,0,0,0,0,0,0,0,0,1,4,40,1,1,8,1,0,0,5,53,1,1,1,21,0,0
12,122306,3,4,2,31,12,19,15,12,1,1,0,37,3,12,3,12003,2,2014,1ZVBP8EM3E53,1,Z,V,B,P,8,E,M,3,E,5,3,0,0,0,000000000,00000000000,0,0,0,1,0,0,0,0,0,0,0,0,0,0,0,6,6,2,12,0,0,0,1,51,22932,6,1,0,0,3,0,74,230,0,0,0,0,0,0,0,0,0,0,0,0,0,0,1,4,40,1,1,8,1,0,0,5,53,1,1,1,98,0,0
12,122306,4,4,2,31,12,19,15,12,1,1,0,12,2,6,43,6043,1,1997,3C3EL45X7VT5,3,C,3,E,L,4,5,X,7,V,T,5,0,0,0,000000000,00000000000,0,0,0,1,0,0,0,0,0,0,0,0,0,0,0,6,4,5,54,0,0,0,1,12,34231,6,1,0,0,3,0,68,999,0,0,0,0,0,0,0,0,0,0,0,0,0,0,1,4,40,1,1,8,1,0,0,5,98,1,1,1,98,0,0
12,122307,1,1,1,31,12,7,58,18,0,1,0,12,2,20,481,20481,31,1994,2GCEC19K9R12,2,G,C,E,C,1,9,K,9,R,1,2,0,0,0,000000000,00000000000,0,0,0,1,0,0,0,0,0,0,0,60,0,0,0,1,6,2,42,0,0,0,1,12,32433,6,1,0,0,3,3,62,999,0,0,0,0,0,0,0,0,0,3,6,0,0,0,1,2,45,3,1,8,1,0,0,14,13,99,1,4,1,1,0
12,122308,1,1,1,21,12,22,45,1,0,1,0,12,1,49,442,49442,20,2000,4T3ZF19C8YU2,4,T,3,Z,F,1,9,C,8,Y,U,2,0,0,0,000000000,00000000000,0,0,0,1,0,0,0,0,0,0,0,70,0,1,5,0,6,2,1,0,0,0,1,12,32696,6,1,0,0,3,0,69,999,0,0,0,1,0,1,2012,1,2012,4,6,0,0,0,1,2,45,1,4,2,2,0,0,1,13,7,4,4,7,1,1
12,122309,1,1,1,24,12,23,40,58,0,1,0,12,2,37,706,37706,80,2005,JH2SC57045M1,J,H,2,S,C,5,7,0,4,5,M,1,0,0,0,000000000,00000000000,0,0,0,1,0,0,0,0,0,0,0,95,0,0,0,98,6,2,58,0,0,0,1,12,33147,6,1,0,0,2,0,67,999,0,2,0,0,0,3,2014,5,2014,0,6,58,0,0,3,3,40,1,1,8,1,0,0,1,6,99,1,1,98,1,0
12,122310,1,2,5,27,12,23,49,33,0,1,0,12,3,12,23,12023,4,2014,3FA6P0H99ER2,3,F,A,6,P,0,H,9,9,E,R,2,0,0,0,000000000,00000000000,0,0,0,1,0,0,0,0,0,0,0,998,0,0,0,12,6,2,12,0,0,0,1,12,33147,0,0,0,0,0,0,61,999,0,1,0,0,0,5,2013,5,2013,4,6,0,0,0,2,2,40,1,1,8,1,0,0,1,12,99,1,4,6,0,1
12,122310,2,2,1,27,12,23,49,33,0,1,0,12,2,41,37,41037,4,2000,1YVGF22C2Y51,1,Y,V,G,F,2,2,C,2,Y,5,1,0,0,0,000000000,00000000000,0,0,0,1,0,0,0,0,0,0,0,998,0,0,0,12,6,2,12,0,0,0,1,12,33023,6,1,0,0,3,0,62,999,0,0,0,0,0,0,0,0,0,0,0,0,0,0,2,2,40,1,1,8,1,0,0,1,62,99,1,1,98,1,0
12,122311,1,1,1,20,12,23,16,8,0,1,1,12,2,42,42,42042,2,2002,WDBRN47J72A2,W,D,B,R,N,4,7,J,7,2,A,2,0,0,0,000000000,00000000000,0,0,0,1,0,0,0,0,0,0,0,30,0,0,0,12,4,5,8,0,0,0,1,12,33415,6,1,0,0,3,3,68,999,0,0,0,3,0,2,2012,4,2014,0,0,0,0,0,3,2,30,3,1,8,1,0,0,14,80,99,1,1,13,0,0
12,122312,1,1,1,26,11,12,57,1,0,1,0,0,0,98,734,98734,90,2006,4XAGJ50A9620,4,X,A,G,J,5,0,A,9,6,2,0,0,0,0,000000000,00000000000,0,0,0,1,0,0,0,0,0,0,0,32,0,1,5,0,4,3,1,0,0,0,1,12,33898,6,1,0,0,3,3,72,999,0,0,0,0,0,0,0,0,0,0,0,0,0,0,1,2,25,1,1,4,1,0,0,1,9,99,2,4,7,1,0
12,122313,1,1,1,8,12,23,37,8,0,1,0,12,1,54,41,54041,4,2013,19VDE1F72DE0,1,9,V,D,E,1,F,7,2,D,E,0,0,0,0,000000000,00000000000,0,0,0,1,0,0,0,0,0,0,0,38,0,0,0,12,6,2,8,0,0,0,1,12,32050,6,1,0,0,3,0,66,999,1,0,0,1,1,7,2013,2,2014,0,0,0,0,0,3,3,45,1,1,8,1,3,3,1,80,99,1,1,13,0,0
12,122314,1,1,2,14,12,5,0,38,0,1,0,12,1,59,31,59031,4,1997,JT8BF22G3V00,J,T,8,B,F,2,2,G,3,V,0,0,0,0,0,000000000,00000000000,0,0,0,1,0,0,0,0,0,0,0,114,0,0,0,9,6,2,42,0,0,0,1,12,32744,6,1,0,0,3,0,67,999,0,0,0,0,0,0,0,0,0,0,0,0,0,0,3,3,65,1,1,8,1,0,0,1,13,99,3,4,2,2,1
12,122315,1,2,1,26,12,14,12,12,2,1,0,12,1,37,705,37705,80,1999,JH2PC3502XM0,J,H,2,P,C,3,5,0,2,X,M,0,0,0,0,000000000,00000000000,0,0,0,1,0,0,0,0,0,0,0,60,0,0,0,12,6,2,12,0,0,0,1,12,32738,6,1,0,0,3,3,70,999,0,0,0,0,0,0,0,0,0,0,36,0,0,0,2,3,45,3,1,8,1,0,0,14,12,99,1,4,50,1,1
12,122315,2,2,1,26,12,14,12,12,2,1,0,12,2,7,422,7422,15,2005,1D4HD58D95F5,1,D,4,H,D,5,8,D,9,5,F,5,0,0,0,000000000,00000000000,0,0,0,1,0,0,0,0,0,0,0,25,0,0,0,12,6,2,12,0,0,0,1,12,32725,6,1,0,0,3,3,61,999,0,0,0,0,0,0,0,0,0,0,0,0,0,0,2,3,45,1,1,8,1,0,0,1,62,99,1,1,51,0,0
12,122316,1,1,1,27,12,2,16,34,0,1,0,12,9,12,423,12423,16,2002,1FMNU42S22ED,1,F,M,N,U,4,2,S,2,2,E,D,0,0,0,000000000,00000000000,0,0,0,1,0,0,0,0,0,0,0,50,0,1,6,98,6,2,2,0,0,1,1,12,33967,6,1,0,0,3,0,70,999,0,0,0,0,0,0,0,0,0,0,6,0,0,0,1,2,50,2,1,8,1,0,0,14,12,99,1,4,6,1,0
12,122317,1,2,1,11,12,3,30,12,1,1,0,12,2,59,403,59403,14,2004,2T2HA31UX4C0,2,T,2,H,A,3,1,U,X,4,C,0,0,0,0,000000000,00000000000,0,0,0,1,0,0,0,0,0,0,0,65,0,0,0,12,6,2,12,0,0,0,1,12,33813,6,1,0,0,3,3,71,999,0,0,0,0,0,0,0,0,0,0,6,0,0,0,3,4,65,1,1,8,1,0,0,1,50,1,1,1,20,1,0
12,122317,2,2,1,11,12,3,30,12,1,1,0,12,1,86,884,86884,66,1999,1M1AA08X7XW0,1,M,1,A,A,0,8,X,7,X,W,0,1,1,12,333724,12333724,3,6,4,1,0,0,0,0,0,0,0,0,0,0,0,6,6,2,12,0,0,0,1,12,33607,6,1,6,0,3,0,66,999,0,0,0,0,0,0,0,0,0,0,0,0,0,0,3,4,65,1,1,8,1,7,3,5,53,1,1,1,21,0,0
12,122318,1,3,1,15,12,12,15,12,6,1,0,12,1,6,43,6043,1,2002,1C3EL55R62N2,1,C,3,E,L,5,5,R,6,2,N,2,0,0,0,000000000,00000000000,0,0,0,1,0,0,0,0,0,0,0,20,0,0,0,9,6,2,12,0,0,0,1,44,2852,6,1,0,0,3,0,70,185,0,0,0,0,0,0,0,0,0,0,38,0,0,0,3,2,25,1,1,8,1,20,3,11,15,99,1,1,82,1,1
12,122318,2,3,1,15,12,12,15,12,6,1,0,12,1,12,6,12006,4,1986,2FABP43F3GX1,2,F,A,B,P,4,3,F,3,G,X,1,0,0,0,000000000,00000000000,0,0,0,1,0,0,0,0,0,0,0,40,0,0,0,12,6,2,12,0,0,0,1,12,34113,6,1,0,0,3,0,69,999,0,1,0,0,0,9,2014,9,2014,0,0,0,0,0,3,5,45,1,1,8,1,0,0,1,67,1,1,1,83,0,0
12,122318,3,3,1,15,12,12,15,12,6,1,0,12,1,30,402,30402,14,2014,WVGBV3AX7EW1,W,V,G,B,V,3,A,X,7,E,W,1,0,0,0,000000000,00000000000,0,0,0,1,0,0,0,0,0,0,0,35,0,0,0,12,6,2,12,0,0,0,1,12,34114,6,1,0,0,3,3,70,999,0,0,0,0,0,0,0,0,0,0,0,0,0,0,3,5,45,1,1,8,1,0,0,1,51,1,1,1,98,0,0
12,122319,1,2,1,29,12,12,18,12,6,1,0,12,3,12,481,12481,31,2013,1FT7W2BT0DEB,1,F,T,7,W,2,B,T,0,D,E,B,0,0,0,000000000,00000000000,0,0,0,1,0,0,0,0,0,0,0,40,0,0,0,12,6,2,12,0,0,0,1,12,33458,6,1,0,0,3,3,71,999,0,0,0,0,0,0,0,0,0,0,0,0,0,0,3,3,45,1,1,8,1,3,3,1,67,99,1,1,83,0,0
12,122319,2,2,2,29,12,12,18,12,6,1,0,12,1,24,1,24001,4,2000,1G8ZH528XYZ1,1,G,8,Z,H,5,2,8,X,Y,Z,1,0,0,0,000000000,00000000000,0,0,0,1,0,0,0,0,0,0,0,10,0,0,0,9,6,2,12,0,0,0,1,12,33023,6,1,0,0,3,3,68,999,0,1,0,0,0,10,2013,10,2013,0,0,0,0,0,3,3,30,1,1,8,1,3,3,11,15,99,1,1,82,1,0
12,122320,1,1,1,17,10,1,41,42,0,1,0,12,1,72,706,72706,80,2014,1HD1KBM18EB6,1,H,D,1,K,B,M,1,8,E,B,6,0,0,0,000000000,00000000000,0,0,0,1,0,0,0,0,0,0,0,35,0,0,0,12,6,2,42,0,0,0,1,12,32132,6,1,0,0,3,0,73,999,0,0,0,0,0,0,0,0,0,0,0,0,0,0,1,2,25,1,1,8,1,0,0,1,12,99,1,4,6,1,0
12,122321,1,2,1,13,11,22,5,12,6,1,0,12,1,2,403,2403,14,1994,1J4GZ68SXRC2,1,J,4,G,Z,6,8,S,X,R,C,2,0,0,0,000000000,00000000000,0,0,0,1,0,0,0,0,0,0,0,25,0,0,0,11,6,2,12,0,0,0,1,12,34614,6,1,0,0,3,0,73,999,0,0,0,0,0,0,0,0,0,0,38,0,0,0,1,2,40,3,1,8,1,0,0,11,15,99,1,1,82,0,0
12,122321,2,2,1,13,11,22,5,12,6,1,0,12,1,98,709,98709,80,2009,RFCRD11119Y1,R,F,C,R,D,1,1,1,1,9,Y,1,0,0,0,000000000,00000000000,0,0,0,1,0,0,0,0,0,0,0,40,0,0,0,12,6,2,12,0,0,0,1,12,33756,6,1,0,0,3,3,66,999,1,0,0,0,1,3,2013,8,2014,0,0,0,0,0,1,2,40,1,1,8,1,0,0,1,67,99,1,1,83,1,0
12,122322,1,1,1,29,11,3,9,42,0,1,0,12,1,37,31,37031,4,2000,2HGEJ6676YH5,2,H,G,E,J,6,6,7,6,Y,H,5,0,0,0,000000000,00000000000,0,0,0,1,0,0,0,0,0,0,0,998,0,0,0,12,6,2,42,0,0,0,1,12,33810,6,1,0,0,3,3,66,999,0,0,0,0,0,0,0,0,0,0,6,0,0,0,1,2,45,3,1,8,1,0,0,14,13,1,1,4,1,1,1
12,122324,1,2,1,16,12,0,19,12,6,1,0,12,1,37,706,37706,80,2014,ZDCSC6014EF2,Z,D,C,S,C,6,0,1,4,E,F,2,0,0,0,000000000,00000000000,0,0,0,1,0,0,0,0,0,0,0,80,0,0,0,12,6,2,12,0,0,0,1,12,34695,6,1,0,0,3,0,68,999,0,0,0,0,1,3,2014,3,2014,4,0,0,0,0,3,3,45,1,1,8,1,0,0,1,61,99,1,1,45,1,1
12,122324,2,2,1,16,12,0,19,12,6,1,0,12,1,22,16,22016,2,1997,3G2JB1243VS8,3,G,2,J,B,1,2,4,3,V,S,8,0,0,0,000000000,00000000000,0,0,0,1,0,0,0,0,0,0,0,60,0,0,0,5,2,3,12,0,0,0,1,12,34655,6,1,0,0,3,3,69,999,0,0,0,0,0,0,0,0,0,0,0,0,0,0,3,3,45,1,1,8,1,0,0,15,11,99,1,1,46,0,0
12,122325,1,1,2,21,12,13,51,33,0,1,0,12,1,12,16,12016,4,1988,2FABP74FXJX1,2,F,A,B,P,7,4,F,X,J,X,1,0,0,0,000000000,00000000000,0,0,0,1,0,0,0,0,0,0,0,40,0,0,0,14,6,2,30,0,0,0,1,12,33317,6,1,0,0,3,3,73,999,0,0,0,0,0,0,0,0,0,0,0,0,0,0,3,5,40,1,1,8,1,0,0,1,13,1,1,4,1,1,1
12,122326,1,1,1,24,12,19,38,15,0,1,0,12,1,59,403,59403,14,2005,2T2GA31U55C0,2,T,2,G,A,3,1,U,5,5,C,0,0,0,0,000000000,00000000000,0,0,0,1,0,0,0,0,0,0,0,35,0,0,0,12,4,3,15,0,0,0,1,12,33024,6,1,0,0,3,3,64,999,1,0,0,0,0,12,2013,12,2013,0,0,0,0,0,1,4,40,1,1,8,2,0,0,1,83,1,1,1,13,0,0
12,122327,1,3,1,24,12,18,27,12,7,1,0,12,1,63,32,63032,4,2013,KNADM4A38D61,K,N,A,D,M,4,A,3,8,D,6,1,0,0,0,000000000,00000000000,0,0,0,1,0,0,0,0,0,0,0,998,0,0,0,62,6,2,12,0,0,0,1,12,33813,6,1,0,0,3,0,66,999,0,0,0,0,0,0,0,0,0,0,6,0,0,0,1,2,55,1,1,8,2,0,0,6,10,1,1,2,47,1,1
12,122327,2,3,3,24,12,18,27,12,7,1,0,12,1,49,482,49482,31,2004,5TBET34134S4,5,T,B,E,T,3,4,1,3,4,S,4,0,0,0,000000000,00000000000,0,0,0,1,0,0,0,0,0,0,0,998,0,0,0,63,2,5,12,0,0,0,1,12,33540,6,1,6,0,3,0,73,999,0,0,0,0,0,0,0,0,0,0,0,0,0,0,1,2,55,1,1,8,2,0,0,1,61,1,1,1,45,0,0
12,122327,3,3,4,24,12,18,27,12,7,1,0,12,2,14,17,14017,4,1998,1MEFM53S5WA6,1,M,E,F,M,5,3,S,5,W,A,6,0,0,0,000000000,00000000000,0,0,0,1,0,0,0,0,0,0,0,998,0,0,0,12,6,2,12,0,0,0,1,12,33809,6,1,0,0,3,0,68,999,0,0,0,0,1,10,2012,10,2012,0,0,0,0,0,1,2,55,1,1,8,2,0,0,1,54,1,1,1,98,1,0
12,122328,1,3,6,24,12,23,47,12,7,1,0,12,2,23,422,23422,15,2013,1GKS1MEF6DR3,1,G,K,S,1,M,E,F,6,D,R,3,0,0,0,000000000,00000000000,0,0,0,1,0,0,0,0,0,0,0,50,0,1,1,1,6,2,12,0,0,0,1,12,32082,6,1,0,0,3,0,72,999,0,0,0,1,0,6,2013,6,2013,0,38,0,0,0,3,3,45,1,1,8,1,0,0,15,11,1,1,2,47,1,0
12,122328,2,3,1,24,12,23,47,12,7,1,0,12,2,37,31,37031,4,2004,2HGES16564H5,2,H,G,E,S,1,6,5,6,4,H,5,0,0,0,000000000,00000000000,0,0,0,1,0,0,0,0,0,0,0,50,0,0,0,11,6,2,12,0,0,0,1,12,32065,6,1,0,0,3,3,61,999,0,0,0,1,0,12,2014,12,2014,0,0,0,0,0,3,3,45,1,1,8,1,0,0,1,60,1,1,1,45,0,0
12,122328,3,3,1,24,12,23,47,12,7,1,0,12,1,37,402,37402,14,2007,JHLRE48517C0,J,H,L,R,E,4,8,5,1,7,C,0,0,0,0,000000000,00000000000,0,0,0,1,0,0,0,0,0,0,0,45,0,0,0,12,6,2,12,0,0,0,1,12,32216,6,1,0,0,3,0,66,999,0,0,0,0,0,0,0,0,0,0,0,0,0,0,3,3,45,1,1,8,1,0,0,1,62,7,1,1,98,0,0
12,122329,1,2,1,27,12,0,34,12,6,1,0,12,1,53,705,53705,80,2014,JS1GN7FA3E21,J,S,1,G,N,7,F,A,3,E,2,1,0,0,0,000000000,00000000000,0,0,0,1,0,0,0,0,0,0,0,65,0,0,0,12,6,2,12,0,0,0,1,12,34135,6,1,0,0,3,0,71,999,0,0,0,0,0,0,0,0,0,3,0,0,0,0,3,3,45,1,1,8,1,0,0,1,62,99,1,1,69,1,1
12,122329,2,2,1,27,12,0,34,12,6,1,0,12,2,12,481,12481,31,2013,1FTEX1CM5DFA,1,F,T,E,X,1,C,M,5,D,F,A,0,0,0,000000000,00000000000,0,0,0,1,0,0,0,0,0,0,0,15,0,0,0,11,6,2,12,0,0,0,1,12,33907,6,1,0,0,3,0,66,999,0,0,0,0,0,0,0,0,0,0,0,0,0,0,3,3,45,1,1,8,1,0,0,11,15,99,1,1,68,0,0
12,122330,1,1,2,28,12,1,41,33,0,1,0,12,1,23,401,23401,14,2003,1GKDS13S2323,1,G,K,D,S,1,3,S,2,3,2,3,0,0,0,000000000,00000000000,0,0,0,1,0,0,0,0,0,0,0,40,0,0,0,14,6,2,59,0,0,0,1,12,33177,6,1,6,0,3,0,66,999,1,1,0,0,0,6,2014,11,2014,0,0,0,0,0,2,2,40,1,1,8,1,0,0,1,12,6,4,4,7,1,0
12,122332,1,3,1,30,3,22,31,12,1,1,0,12,1,49,38,49038,2,1990,JT2EL31F0L04,J,T,2,E,L,3,1,F,0,L,0,4,0,0,0,000000000,00000000000,0,0,0,1,0,0,0,0,0,0,0,45,0,0,0,12,6,2,12,0,0,0,1,12,32329,6,1,0,0,3,0,68,999,0,0,0,0,0,0,0,0,0,0,0,0,0,0,3,2,45,1,1,8,1,3,3,1,50,1,1,1,20,1,0
12,122332,2,3,1,30,3,22,31,12,1,1,0,12,1,14,6,14006,4,2003,2MEFM74W73X6,2,M,E,F,M,7,4,W,7,3,X,6,0,0,0,000000000,00000000000,0,0,0,1,0,0,0,0,0,0,0,0,0,0,0,6,6,2,12,0,0,0,1,12,32955,6,1,0,0,3,0,68,999,0,0,0,1,0,3,2014,3,2014,0,0,0,0,0,3,2,45,1,1,8,1,3,3,5,53,1,1,1,21,0,0
12,122332,3,3,1,30,3,22,31,12,1,1,0,12,1,37,32,37032,2,2009,1HGCS12899A0,1,H,G,C,S,1,2,8,9,9,A,0,0,0,0,000000000,00000000000,0,0,0,1,0,0,0,0,0,0,0,0,0,0,0,6,4,5,12,0,0,0,1,12,32955,6,1,0,0,3,0,69,999,0,0,0,0,0,0,0,0,0,0,0,0,0,0,3,2,45,1,1,8,1,3,3,5,53,1,1,1,98,0,0
12,122333,1,2,1,9,12,6,50,12,6,1,0,12,2,49,40,49040,4,1995,4T1SK12E5SU8,4,T,1,S,K,1,2,E,5,S,U,8,0,0,0,000000000,00000000000,0,0,0,1,0,0,0,0,0,0,0,25,0,0,0,9,6,2,12,0,0,0,1,12,34479,6,1,0,0,3,0,72,999,0,0,0,0,0,0,0,0,0,0,39,38,0,0,1,2,55,1,1,8,1,20,3,11,15,1,1,1,82,1,0
12,122333,2,2,2,9,12,6,50,12,6,1,0,12,1,12,481,12481,31,1999,1FTNW21FXXED,1,F,T,N,W,2,1,F,X,X,E,D,0,0,0,000000000,00000000000,0,0,0,1,0,0,0,0,0,0,0,55,0,1,5,12,6,2,12,0,0,0,1,12,32179,6,1,0,0,3,0,74,999,0,0,0,1,1,4,2013,5,2013,0,0,0,0,0,1,3,55,1,1,8,1,0,0,1,62,6,1,1,83,0,0
12,122334,1,1,1,28,11,21,40,8,0,1,0,12,1,7,442,7442,20,2010,2D4RN5D15AR3,2,D,4,R,N,5,D,1,5,A,R,3,0,0,0,000000000,00000000000,0,0,0,1,0,0,0,0,0,0,0,35,0,0,0,12,4,3,8,0,0,0,1,12,34293,6,1,0,0,3,3,73,999,1,0,0,0,1,8,2012,9,2012,0,0,0,0,0,3,3,45,1,1,8,1,0,0,1,80,99,1,1,13,0,0
12,122335,1,1,1,28,11,7,30,8,0,1,0,12,1,37,441,37441,20,2007,5FNRL38457B0,5,F,N,R,L,3,8,4,5,7,B,0,0,0,0,000000000,00000000000,0,0,0,1,0,0,0,0,0,0,0,30,0,0,0,12,4,3,8,0,0,0,1,12,33125,3,1,0,0,2,0,70,999,0,0,0,0,0,0,0,0,0,0,0,0,0,0,3,2,30,1,1,8,1,0,0,1,80,99,1,1,13,0,0
12,122336,1,1,1,28,11,9,5,30,0,1,0,12,1,54,34,54034,4,1992,JH4CC264XNC0,J,H,4,C,C,2,6,4,X,N,C,0,0,0,0,000000000,00000000000,0,0,0,1,0,0,0,0,0,0,0,55,0,0,0,98,6,2,30,0,0,0,1,12,33033,6,1,0,0,3,0,66,999,0,0,0,0,0,0,0,0,0,0,0,0,0,0,1,2,55,1,1,8,1,0,0,1,12,99,1,4,6,1,0
12,122337,1,1,1,1,12,18,53,8,0,1,0,12,3,34,403,34403,14,2013,WBAVL1C56DVR,W,B,A,V,L,1,C,5,6,D,V,R,0,0,0,000000000,00000000000,0,0,0,1,0,0,0,0,0,0,0,20,0,0,0,12,4,5,8,0,0,0,1,12,33305,6,1,0,0,3,0,72,999,0,2,0,0,0,1,2014,1,2014,0,0,0,0,0,3,2,40,1,1,8,2,0,0,1,80,99,1,1,13,0,0
12,122338,1,1,1,2,12,23,12,9,0,1,0,12,2,35,47,35047,4,2008,1N4AL21EX8N4,1,N,4,A,L,2,1,E,X,8,N,4,0,0,0,000000000,00000000000,0,0,0,1,0,0,0,0,0,0,0,35,0,0,0,1,2,5,9,0,0,0,1,12,33125,6,1,0,0,3,0,61,999,0,0,0,0,0,0,0,0,0,0,0,0,0,0,3,4,30,1,1,2,2,3,3,1,83,1,1,1,13,0,0
12,122339,1,2,1,4,12,14,25,12,2,1,0,12,1,20,17,20017,4,1983,1G1AW19X1DG1,1,G,1,A,W,1,9,X,1,D,G,1,0,0,0,000000000,00000000000,0,0,0,1,0,0,0,0,0,0,0,999,0,0,0,12,6,2,12,0,0,0,1,12,33815,6,1,0,0,3,0,69,999,0,0,0,0,0,0,0,0,0,0,38,0,0,0,1,2,35,1,1,8,1,0,0,11,15,99,1,2,82,1,0
12,122339,2,2,1,4,12,14,25,12,2,1,0,12,2,12,471,12471,30,2003,1FTYR10U53PB,1,F,T,Y,R,1,0,U,5,3,P,B,0,0,0,000000000,00000000000,0,0,0,1,0,0,0,0,0,0,0,999,0,0,0,12,6,2,12,0,0,0,1,12,33803,6,1,0,0,3,0,64,999,0,0,0,0,0,0,0,0,0,0,0,0,0,0,1,2,35,1,1,8,1,0,0,1,67,99,1,1,83,0,0
12,122340,1,2,1,4,12,13,42,12,6,1,0,12,3,23,461,23461,21,2005,1GTGG25VX519,1,G,T,G,G,2,5,V,X,5,1,9,0,0,0,000000000,00000000000,0,0,0,1,0,0,0,0,0,0,0,70,0,1,5,12,6,2,12,0,0,0,1,12,34482,4,1,0,0,2,0,76,999,0,0,0,0,0,0,0,0,0,3,6,0,0,0,3,4,55,1,1,8,1,3,3,1,62,1,1,1,69,0,0
12,122340,2,2,2,4,12,13,42,12,6,1,0,12,1,63,34,63034,4,2015,5XXGN4A73FG3,5,X,X,G,N,4,A,7,3,F,G,3,0,0,0,000000000,00000000000,0,0,0,1,0,0,0,0,0,0,0,55,0,0,0,3,6,2,12,0,0,0,1,12,34748,6,1,0,0,3,0,66,999,0,0,0,0,0,0,0,0,0,0,6,0,0,0,3,4,55,1,1,8,1,3,3,11,15,1,1,1,68,2,0
12,122341,1,2,3,5,12,14,15,12,6,1,0,12,2,63,38,63038,5,2012,KNAFW5A31C54,K,N,A,F,W,5,A,3,1,C,5,4,0,0,0,000000000,00000000000,0,0,0,1,0,0,0,0,0,0,0,5,0,0,0,82,6,2,12,0,0,0,1,12,33914,6,1,0,0,3,3,60,999,0,0,0,0,0,0,0,0,0,0,38,0,0,0,6,1,50,1,1,8,1,0,0,1,10,99,1,1,48,1,0
12,122341,2,2,1,5,12,14,15,12,6,1,0,12,1,12,3,12003,2,2012,1ZVBP8CF6C52,1,Z,V,B,P,8,C,F,6,C,5,2,0,0,0,000000000,00000000000,0,0,0,1,0,0,0,0,0,0,0,50,0,0,0,12,6,2,12,0,0,0,1,12,33971,6,1,0,0,3,0,66,999,0,0,0,0,0,0,0,0,0,0,0,0,0,0,3,3,50,1,1,8,1,0,0,1,60,1,1,1,48,0,0
12,122343,1,1,2,8,12,0,33,8,0,1,0,12,2,12,3,12003,2,1999,1FAFP4045XF1,1,F,A,F,P,4,0,4,5,X,F,1,0,0,0,000000000,00000000000,0,0,0,1,0,0,0,0,0,0,0,50,0,0,0,12,4,3,8,0,0,0,1,12,32958,6,1,0,0,3,0,71,999,0,0,0,1,0,4,2013,4,2013,0,0,0,0,0,3,2,45,1,1,8,1,3,3,1,80,99,1,1,13,0,0
12,122344,1,1,1,8,12,18,56,8,0,1,1,99,9,99,999,99999,99,9999,999999999999,9,9,9,9,9,9,9,9,9,9,9,9,0,0,0,000000000,00000000000,0,0,0,1,0,0,0,0,0,0,0,999,0,0,0,12,9,5,8,0,0,0,1,99,99999,9,9,99,9,9,9,999,999,99,99,99,99,99,99,9999,99,9999,0,0,0,0,0,1,2,35,1,1,8,1,0,0,1,82,99,1,9,13,0,0