STATE,ST_CASE,VEH_NO,VE_FORMS,NUMOCCS,DAY,MONTH,HOUR,MINUTE,HARM_EV,MAN_COLL,UNITTYPE,HIT_RUN,REG_STAT,OWNER,MAKE,MODEL,MAK_MOD,BODY_TYP,MOD_YEAR,VIN,VIN_1,VIN_2,VIN_3,VIN_4,VIN_5,VIN_6,VIN_7,VIN_8,VIN_9,VIN_10,VIN_11,VIN_12,TOW_VEH,J_KNIFE,MCARR_I1,MCARR_I2,MCARR_ID,GVWR,V_CONFIG,CARGO_BT,HAZ_INV,HAZ_PLAC,HAZ_ID,HAZ_CNO,HAZ_REL,BUS_USE,SPEC_USE,EMER_USE,TRAV_SP,UNDERIDE,ROLLOVER,ROLINLOC,IMPACT1,DEFORMED,TOWED,M_HARM,VEH_SC1,VEH_SC2,FIRE_EXP,DR_PRES,L_STATE,DR_ZIP,L_STATUS,L_TYPE,CDL_STAT,L_ENDORS,L_COMPL,L_RESTRI,DR_HGT,DR_WGT,PREV_ACC,PREV_SUS,PREV_DWI,PREV_SPD,PREV_OTH,FIRST_MO,FIRST_YR,LAST_MO,LAST_YR,SPEEDREL,DR_SF1,DR_SF2,DR_SF3,DR_SF4,VTRAFWAY,VNUM_LAN,VSPD_LIM,VALIGN,VPROFILE,VPAVETYP,VSURCOND,VTRAFCON,VTCONT_F,P_CRASH1,P_CRASH2,P_CRASH3,PCRASH4,PCRASH5,ACC_TYPE,DEATHS,DR_DRINK
12,122345,1,1,1,8,12,13,48,8,0,1,0,12,1,12,37,12037,4,2007,1FAFP34N77W2,1,F,A,F,P,3,4,N,7,7,W,2,0,0,0,000000000,00000000000,0,0,0,1,0,0,0,0,0,0,0,999,0,0,0,12,4,3,8,0,0,0,1,12,32966,6,1,0,0,3,0,65,999,0,2,1,0,0,3,2014,7,2014,0,0,0,0,0,3,3,45,1,1,8,2,0,0,1,80,2,1,1,13,0,0
12,122346,1,1,1,10,12,12,32,33,0,1,0,12,1,13,1,13001,4,2004,1LNHM83W94Y6,1,L,N,H,M,8,3,W,9,4,Y,6,0,0,0,000000000,00000000000,0,0,0,1,0,0,0,0,0,0,0,10,0,0,0,12,6,2,3,0,0,0,1,12,34986,6,1,0,0,3,3,63,999,0,0,0,0,0,0,0,0,0,0,0,0,0,0,1,2,30,1,1,8,1,20,3,99,12,1,1,4,6,1,0
12,122347,1,2,1,14,12,17,29,12,6,1,0,12,1,76,705,76705,80,2014,JYARJ16E4EA0,J,Y,A,R,J,1,6,E,4,E,A,0,0,0,0,000000000,00000000000,0,0,0,1,0,0,0,0,0,0,0,75,0,0,0,12,6,2,12,0,0,0,1,12,33311,6,1,6,0,2,0,70,999,0,0,0,0,0,0,0,0,0,0,0,0,0,0,1,4,40,1,1,8,1,3,3,1,62,99,1,1,69,1,0
12,122347,2,2,1,14,12,17,29,12,6,1,0,12,1,49,482,49482,31,2000,5TBRT3410YS0,5,T,B,R,T,3,4,1,0,Y,S,0,0,0,0,000000000,00000000000,0,0,0,1,0,0,0,0,0,0,0,30,0,0,0,5,6,2,12,0,0,0,1,24,20706,6,1,0,0,3,0,64,999,0,0,0,0,0,0,0,0,0,0,0,0,0,0,1,4,40,1,1,8,1,3,3,11,15,99,1,1,68,0,0
12,122348,1,1,1,17,12,19,6,8,0,1,0,12,2,59,403,59403,14,2007,2T2GK31U87C0,2,T,2,G,K,3,1,U,8,7,C,0,0,0,0,000000000,00000000000,0,0,0,1,0,0,0,0,0,0,0,30,0,0,0,12,4,3,8,0,0,0,1,12,33432,6,1,0,0,3,3,73,999,0,0,0,0,0,0,0,0,0,0,0,0,0,0,1,2,30,1,1,8,1,0,0,1,80,99,1,1,13,0,0
12,122349,1,1,1,19,12,21,27,8,0,1,0,12,1,37,402,37402,14,2014,3CZRM3H30EG7,3,C,Z,R,M,3,H,3,0,E,G,7,0,0,0,000000000,00000000000,0,0,0,1,0,0,0,0,0,0,0,40,0,0,0,12,4,3,8,0,0,0,1,12,32955,6,1,0,0,3,0,63,999,0,0,0,0,0,0,0,0,0,0,0,0,0,0,5,7,45,2,1,8,1,3,3,14,80,99,1,1,13,0,0
12,122350,1,1,1,19,12,18,36,8,0,1,0,12,1,12,401,12401,14,2000,1FMZU63E7YUB,1,F,M,Z,U,6,3,E,7,Y,U,B,0,0,0,000000000,00000000000,0,0,0,1,0,0,0,0,0,0,0,35,0,0,0,12,4,3,8,0,0,0,1,12,32904,6,1,0,0,3,0,64,999,0,0,0,0,0,0,0,0,0,0,0,0,0,0,1,4,30,1,1,2,1,0,0,1,80,99,1,1,13,0,1
12,122351,1,1,2,21,12,16,22,33,0,1,0,12,1,98,703,98703,88,2014,L9NTELKD8E10,L,9,N,T,E,L,K,D,8,E,1,0,0,0,0,000000000,00000000000,0,0,0,1,0,0,0,0,0,0,0,40,0,0,0,12,6,2,24,0,0,0,1,12,33141,6,1,0,0,2,3,66,999,0,0,0,0,0,0,0,0,0,3,0,0,0,0,3,2,25,2,6,8,1,0,0,14,6,99,1,4,6,1,0
12,122352,1,1,1,21,12,0,28,33,0,1,0,12,1,72,706,72706,80,1998,1HD1GDL14WY3,1,H,D,1,G,D,L,1,4,W,Y,3,0,0,0,000000000,00000000000,0,0,0,1,0,0,0,0,0,0,0,998,0,0,0,98,6,2,33,0,0,0,1,12,34997,6,1,0,0,2,0,68,999,0,0,0,0,0,0,0,0,0,0,6,0,0,0,1,1,98,2,1,8,1,0,0,14,12,99,1,4,6,1,0
12,122353,1,1,1,21,12,10,3,38,0,1,0,12,2,37,705,37705,80,2006,JH2PC37066M3,J,H,2,P,C,3,7,0,6,6,M,3,0,0,0,000000000,00000000000,0,0,0,1,0,0,0,0,0,0,0,40,0,0,0,12,9,3,38,0,0,0,1,12,33172,6,1,0,0,3,0,70,999,0,2,0,1,0,11,2012,1,2014,0,6,0,0,0,1,2,40,1,1,8,1,20,3,1,9,99,1,4,14,1,0
12,122354,1,1,1,25,12,0,36,31,0,1,0,12,2,35,47,35047,4,1997,1N4BU31D9VC2,1,N,4,B,U,3,1,D,9,V,C,2,0,0,0,000000000,00000000000,0,0,0,1,0,0,0,0,0,0,0,60,0,0,0,12,6,2,31,0,0,0,1,12,33971,6,1,0,0,3,0,69,999,0,0,0,0,1,11,2014,11,2014,4,0,0,0,0,3,3,45,1,1,8,2,0,0,1,6,7,1,4,1,1,0
12,122355,1,2,4,7,12,18,58,12,2,1,0,12,2,42,54,42054,4,2014,WDDSJ5CB8EN1,W,D,D,S,J,5,C,B,8,E,N,1,0,0,0,000000000,00000000000,0,0,0,1,0,0,0,0,0,0,0,60,0,1,5,12,6,2,14,0,0,0,1,12,33024,6,1,0,0,3,0,71,999,0,4,0,0,0,3,2014,8,2014,3,0,0,0,0,1,2,45,1,1,8,1,0,0,1,50,99,1,1,98,0,0
12,122355,2,2,0,7,12,18,58,12,2,1,0,12,6,13,421,13421,15,2010,5LMJJ3H57AEJ,5,L,M,J,J,3,H,5,7,A,E,J,0,0,0,000000000,00000000000,0,0,0,1,0,0,0,0,0,0,0,0,0,0,0,12,6,2,12,0,0,0,0,0,99997,7,6,97,7,6,7,998,997,998,998,998,998,998,98,9998,98,9998,8,20,0,0,0,1,2,45,1,1,8,1,0,0,0,98,0,0,0,98,0,0
12,122356,1,1,1,25,11,19,0,8,0,1,0,12,2,20,403,20403,14,2006,1GNES16S2661,1,G,N,E,S,1,6,S,2,6,6,1,0,0,0,000000000,00000000000,0,0,0,1,0,0,0,0,0,0,0,55,0,0,0,12,6,2,8,0,0,0,1,12,33859,6,1,0,0,3,0,63,999,0,1,0,0,0,8,2014,8,2014,0,0,0,0,0,3,2,55,1,1,8,2,0,0,1,80,1,1,1,13,0,0
12,122357,1,1,1,21,8,20,46,42,0,1,0,12,1,37,31,37031,4,2006,1HGFA16876L0,1,H,G,F,A,1,6,8,7,6,L,0,0,0,0,000000000,00000000000,0,0,0,1,0,0,0,0,0,0,0,998,0,0,0,9,6,2,42,0,0,0,1,12,33844,6,1,0,0,3,0,70,999,0,0,0,0,1,10,2013,10,2013,4,0,0,0,0,3,2,30,1,1,8,2,0,0,1,13,99,1,4,1,1,0
12,122358,1,2,1,29,8,21,41,12,1,1,0,12,2,63,31,63031,4,1999,KNAFB1219X57,K,N,A,F,B,1,2,1,9,X,5,7,0,0,0,000000000,00000000000,0,0,0,1,0,0,0,0,0,0,0,998,0,0,0,12,6,2,12,0,0,0,1,12,33186,1,1,0,0,2,0,67,999,1,1,0,0,0,7,2014,7,2014,0,6,0,0,0,3,2,40,1,1,8,1,0,0,1,51,99,1,1,24,0,0
12,122358,2,2,6,29,8,21,41,12,1,1,0,12,1,2,1,2001,6,2012,1C4NJCBA4CD6,1,C,4,N,J,C,B,A,4,C,D,6,0,0,0,000000000,00000000000,0,0,0,1,0,0,0,0,0,0,0,998,0,0,0,6,4,5,12,0,0,0,1,12,33314,6,1,0,0,3,0,64,999,0,0,0,0,0,0,0,0,0,0,0,0,0,0,3,2,40,1,1,8,1,0,0,1,53,99,1,1,25,0,0
12,122359,1,1,1,26,9,12,56,8,0,1,0,12,2,42,42,42042,4,1999,WDBHA24G6XA7,W,D,B,H,A,2,4,G,6,X,A,7,0,0,0,000000000,00000000000,0,0,0,1,0,0,0,0,0,0,0,45,0,0,0,1,4,5,8,0,0,0,1,12,33708,6,1,0,0,3,3,70,999,0,1,0,0,1,7,2012,6,2014,0,0,0,0,0,3,3,45,1,1,8,1,0,0,1,80,8,1,1,13,0,0
12,122360,1,1,2,22,11,0,20,8,0,1,0,12,1,12,481,12481,31,2006,1FTSW21P96EA,1,F,T,S,W,2,1,P,9,6,E,A,0,0,0,000000000,00000000000,0,0,0,1,0,0,0,0,0,0,0,998,0,0,0,12,4,3,8,0,0,0,1,12,33813,6,1,0,0,3,0,69,999,0,0,0,0,0,0,0,0,0,0,0,0,0,0,1,2,45,1,6,8,1,0,0,1,80,99,1,1,13,0,0
12,122361,1,1,1,20,12,5,39,59,0,1,0,12,2,49,32,49032,4,1995,2T1AE09B7SC1,2,T,1,A,E,0,9,B,7,S,C,1,0,0,0,000000000,00000000000,0,0,0,1,0,0,0,0,0,0,0,998,0,0,0,12,6,2,42,0,0,0,1,12,33850,6,1,0,0,3,0,69,999,0,0,0,2,0,4,2012,1,2014,0,0,0,0,0,1,2,55,1,1,8,1,0,0,1,12,99,1,4,6,1,0
12,122362,1,1,1,26,12,22,9,38,0,1,0,12,2,20,401,20401,14,2002,1GNDS13S3223,1,G,N,D,S,1,3,S,3,2,2,3,0,0,0,000000000,00000000000,0,0,0,1,0,0,0,0,0,0,0,998,0,1,6,12,6,2,18,0,0,0,1,12,33567,0,0,0,0,0,0,999,999,0,0,0,0,0,0,0,0,0,0,6,0,0,0,2,2,60,3,5,8,1,0,0,14,13,99,1,4,1,1,1
12,122363,1,1,1,22,8,20,14,8,0,1,0,12,2,37,32,37032,4,2002,1HGCG16502A0,1,H,G,C,G,1,6,5,0,2,A,0,0,0,0,000000000,00000000000,0,0,0,1,0,0,0,0,0,0,0,30,0,0,0,12,6,2,8,0,0,0,1,12,33186,6,1,0,0,3,0,72,999,0,0,0,0,0,0,0,0,0,0,0,0,0,0,1,2,30,1,1,8,1,0,0,1,80,99,1,1,13,0,0
12,122365,1,1,1,5,7,18,40,8,0,1,0,12,1,20,402,20402,14,2001,2CNBJ13C0169,2,C,N,B,J,1,3,C,0,1,6,9,0,0,0,000000000,00000000000,0,0,0,1,0,0,0,0,0,0,0,15,0,0,0,12,2,3,8,0,0,0,1,12,33068,6,1,0,0,3,0,68,999,1,1,0,0,1,9,2011,8,2013,0,8,0,0,0,1,2,25,1,1,8,1,0,0,1,13,1,1,4,1,0,0
12,122366,1,3,1,20,10,18,18,12,1,1,0,13,1,12,481,12481,31,2006,1FTRX04W76KC,1,F,T,R,X,0,4,W,7,6,K,C,0,0,0,000000000,00000000000,0,0,0,1,0,0,0,0,0,0,0,60,0,0,0,12,6,2,12,0,0,0,1,13,30701,6,1,0,0,3,0,70,999,98,1,0,1,0,3,2014,7,2014,0,6,0,0,0,1,2,60,1,1,8,1,97,8,1,50,1,1,1,20,0,1
12,122366,2,3,1,20,10,18,18,12,1,1,0,12,1,55,33,55033,4,2009,5NPET46C19H4,5,N,P,E,T,4,6,C,1,9,H,4,0,0,0,000000000,00000000000,0,0,0,1,0,0,0,0,0,0,0,0,0,0,0,6,6,2,12,0,0,0,1,12,32164,6,1,0,0,3,3,61,999,0,0,0,0,0,0,0,0,0,0,0,0,0,0,1,2,60,1,1,8,1,97,8,5,53,1,1,1,21,0,0
12,122366,3,3,3,20,10,18,18,12,1,1,0,12,2,20,22,20022,4,2006,1G1AZ55F5677,1,G,1,A,Z,5,5,F,5,6,7,7,0,0,0,000000000,00000000000,0,0,0,1,0,0,0,0,0,0,0,55,0,0,0,12,6,2,12,0,0,0,1,12,34983,6,1,6,0,3,3,68,999,0,0,0,0,0,0,0,0,0,0,0,0,0,0,1,2,60,1,1,8,1,97,8,1,62,1,1,1,98,2,0
12,122367,1,1,1,1,11,23,15,9,0,1,1,12,9,42,48,42048,4,2005,WDBUF70J15A6,W,D,B,U,F,7,0,J,1,5,A,6,0,0,0,000000000,00000000000,0,0,0,1,0,0,0,0,0,0,0,40,0,0,0,12,4,5,9,0,0,0,1,99,99999,9,9,99,9,9,9,999,999,99,99,99,99,99,99,9999,99,9999,9,0,0,0,0,2,2,55,1,1,8,1,0,0,1,11,1,1,4,1,0,0
12,122368,1,1,1,6,11,1,56,14,0,1,0,12,1,73,705,73705,80,2013,JKBZXJE16DA0,J,K,B,Z,X,J,E,1,6,D,A,0,0,0,0,000000000,00000000000,0,0,0,1,0,0,0,0,0,0,0,100,0,0,0,12,6,2,14,0,0,0,1,12,33904,6,1,0,0,3,0,68,999,0,0,0,0,1,8,2014,8,2014,3,8,0,0,0,3,2,35,3,1,8,1,0,0,14,13,1,1,4,1,1,1
12,122369,1,2,2,25,11,15,11,12,1,1,0,12,2,23,401,23401,14,2003,1GKDS13S8322,1,G,K,D,S,1,3,S,8,3,2,2,0,0,0,000000000,00000000000,0,0,0,1,0,0,0,0,0,0,0,39,0,0,0,6,6,2,12,0,0,0,1,12,32180,6,1,6,0,3,3,75,999,0,0,0,0,0,0,0,0,0,0,28,0,0,0,1,2,60,1,1,8,2,0,0,1,9,1,4,3,98,2,0
12,122369,2,2,1,25,11,15,11,12,1,1,0,12,1,12,481,12481,31,2007,1FTRF12207NA,1,F,T,R,F,1,2,2,0,7,N,A,0,0,0,000000000,00000000000,0,0,0,1,0,0,0,0,0,0,0,50,0,0,0,12,6,2,12,0,0,0,1,12,32190,6,1,0,0,3,0,71,999,0,0,0,1,0,8,2012,8,2012,0,0,0,0,0,1,2,60,1,1,8,2,0,0,1,62,1,1,1,98,0,0
12,122371,1,1,2,25,12,10,25,1,0,1,0,12,1,20,401,20401,14,2002,1GNDS13S1222,1,G,N,D,S,1,3,S,1,2,2,2,0,0,0,000000000,00000000000,0,0,0,1,0,0,0,0,0,0,0,55,0,2,4,0,6,2,1,0,0,0,1,12,33144,3,1,0,0,2,0,66,999,0,0,0,0,0,0,0,0,0,4,0,0,0,0,6,1,70,2,1,8,1,0,0,14,13,6,2,4,7,1,0
12,122372,1,2,1,2,3,2,30,12,6,1,0,12,2,20,36,20036,2,2003,2G1WW12E4393,2,G,1,W,W,1,2,E,4,3,9,3,0,0,0,000000000,00000000000,0,0,0,1,0,0,0,0,0,0,0,70,0,0,0,11,6,2,12,0,0,0,1,12,33189,6,1,0,0,3,0,68,999,0,0,0,0,0,0,0,0,0,0,51,0,0,0,3,2,65,3,6,8,1,0,0,14,54,99,1,1,66,1,1
12,122372,2,2,34,2,3,2,30,12,6,1,0,12,3,98,908,98908,58,1997,YE2TC76B1V20,Y,E,2,T,C,7,6,B,1,V,2,0,0,0,12,1198208,121198208,3,21,22,1,0,0,0,0,5,3,0,65,0,0,0,12,6,2,12,0,0,0,1,12,33185,6,1,6,3,3,3,66,999,0,1,0,0,0,7,2013,7,2013,0,6,0,0,0,3,2,65,3,6,8,1,0,0,14,54,7,1,1,66,0,0
12,122373,1,1,4,14,11,18,12,8,0,1,0,12,1,49,40,49040,4,2002,JTDBE30K3201,J,T,D,B,E,3,0,K,3,2,0,1,0,0,0,000000000,00000000000,0,0,0,1,0,0,0,0,0,0,0,45,0,0,0,12,4,5,8,0,0,0,1,12,33463,6,1,0,0,3,0,74,999,0,0,0,0,0,0,0,0,0,0,0,0,0,0,3,3,45,1,1,8,1,0,0,1,80,99,1,1,13,0,0
12,122374,1,1,1,15,11,7,21,1,0,1,0,12,1,34,709,34709,80,1971,2980545,2,9,8,0,5,4,5,,,,,,0,0,0,000000000,00000000000,0,0,0,1,0,0,0,0,0,0,0,45,0,0,0,0,4,3,1,0,0,0,1,12,33467,6,1,0,0,3,3,76,999,0,0,0,0,0,0,0,0,0,0,0,0,0,0,1,2,45,1,1,8,1,0,0,1,98,98,1,1,98,1,0
12,122375,1,1,1,26,11,22,25,8,0,1,0,12,1,12,481,12481,31,1995,1FTEX15NXSKB,1,F,T,E,X,1,5,N,X,S,K,B,0,0,0,000000000,00000000000,0,0,0,1,0,0,0,0,0,0,0,998,0,0,0,12,6,2,8,0,0,0,1,12,33801,6,1,0,0,3,0,67,999,0,3,0,0,0,12,2013,9,2014,0,6,0,0,0,3,4,50,1,1,8,1,0,0,1,80,1,1,1,13,0,1
12,122376,1,1,1,29,11,21,40,8,0,1,0,48,1,6,52,6052,6,2004,3C4FY58874T2,3,C,4,F,Y,5,8,8,7,4,T,2,0,0,0,000000000,00000000000,0,0,0,1,0,0,0,0,0,0,0,50,0,0,0,12,2,5,8,0,0,0,1,47,37310,6,1,0,0,3,0,64,126,0,0,0,0,0,0,0,0,0,0,0,0,0,0,3,2,45,1,1,8,1,0,0,1,80,1,1,1,13,0,0
12,122377,1,2,1,27,11,21,6,12,6,1,0,12,1,49,40,49040,4,1996,4T1BG12K3TU8,4,T,1,B,G,1,2,K,3,T,U,8,0,0,0,000000000,00000000000,0,0,0,1,0,0,0,0,0,0,0,45,0,0,0,61,6,2,12,0,0,0,1,12,33169,6,1,0,0,3,0,67,999,0,0,0,0,0,0,0,0,0,0,6,0,0,0,5,5,45,1,1,8,1,0,0,12,98,99,1,2,98,1,0
12,122377,2,2,1,27,11,21,6,12,6,1,0,12,1,7,482,7482,31,2004,1D7HA18N14J1,1,D,7,H,A,1,8,N,1,4,J,1,0,0,0,000000000,00000000000,0,0,0,1,0,0,0,0,0,0,0,55,0,0,0,12,6,2,12,0,0,0,1,12,33127,6,1,0,0,3,0,75,999,2,3,0,1,2,7,2012,5,2014,0,0,0,0,0,5,5,45,1,1,8,1,0,0,1,61,99,1,1,98,0,0
12,122378,1,2,4,29,12,21,35,12,6,1,0,12,1,49,32,49032,4,2001,1NXBR12E91Z4,1,N,X,B,R,1,2,E,9,1,Z,4,0,0,0,000000000,00000000000,0,0,0,1,0,0,0,0,0,0,0,10,0,0,0,83,6,2,12,0,0,0,1,12,33160,6,1,0,0,3,3,57,999,0,0,0,0,0,0,0,0,0,0,38,0,0,0,3,4,35,1,1,8,1,3,3,11,15,99,1,1,68,1,0
12,122378,2,2,1,29,12,21,35,12,6,1,0,12,2,55,35,55035,4,2003,KMHDN45D53U5,K,M,H,D,N,4,5,D,5,3,U,5,0,0,0,000000000,00000000000,0,0,0,1,0,0,0,0,0,0,0,30,0,0,0,12,6,2,12,0,0,0,1,12,33162,6,1,0,0,3,0,58,999,0,0,0,0,0,0,0,0,0,0,0,0,0,0,3,4,35,1,1,8,1,3,3,1,62,99,1,1,69,0,0
12,122379,1,1,3,27,8,9,46,33,0,1,0,12,2,12,16,12016,4,1994,2FALP74W7RX1,2,F,A,L,P,7,4,W,7,R,X,1,0,0,0,000000000,00000000000,0,0,0,1,0,0,0,0,0,0,0,60,0,0,0,12,6,2,33,0,0,0,1,12,32210,0,0,0,0,0,0,999,999,0,0,0,0,0,0,0,0,0,4,8,0,0,0,3,2,40,3,1,2,1,0,0,14,13,99,1,4,1,1,0
12,122380,1,1,1,5,12,8,59,15,0,1,0,12,1,7,442,7442,20,2006,1D4GP24R16B5,1,D,4,G,P,2,4,R,1,6,B,5,0,0,0,000000000,00000000000,0,0,0,1,0,0,0,0,0,0,0,998,0,0,0,12,4,3,15,0,0,0,1,12,33010,6,1,0,0,3,3,62,999,0,0,0,0,0,0,0,0,0,0,0,0,0,0,3,3,30,1,1,8,1,0,0,1,83,99,1,1,13,0,0
12,122381,1,1,2,5,12,1,20,8,0,1,0,12,4,20,37,20037,4,2013,1G11E5SA2DF3,1,G,1,1,E,5,S,A,2,D,F,3,0,0,0,000000000,00000000000,0,0,0,1,0,0,0,0,0,5,5,5,0,0,0,1,2,3,8,0,0,0,1,12,33128,6,1,0,0,3,3,66,999,0,0,0,0,0,0,0,0,0,0,16,37,0,0,2,2,30,1,1,8,1,0,0,10,80,99,1,1,13,0,0
12,122382,1,1,1,7,12,12,24,8,0,1,0,12,2,76,706,76706,80,2001,JYAVP02E81A0,J,Y,A,V,P,0,2,E,8,1,A,0,0,0,0,000000000,00000000000,0,0,0,1,0,0,0,0,0,0,0,25,0,0,0,12,4,3,8,0,0,0,1,12,32940,6,1,0,0,3,0,71,999,0,0,0,0,0,0,0,0,0,0,0,0,0,0,3,5,35,1,1,8,1,3,3,11,13,99,1,4,1,0,1
12,122383,1,1,1,8,12,1,1,33,0,1,0,12,2,49,472,49472,30,2006,5TEKU72N56Z1,5,T,E,K,U,7,2,N,5,6,Z,1,0,0,0,000000000,00000000000,0,0,0,1,0,0,0,0,0,0,0,60,0,1,5,12,6,2,42,0,0,0,1,12,33909,6,1,0,0,3,0,70,999,0,1,0,0,0,3,2012,3,2012,0,0,0,0,0,3,3,45,1,1,8,2,0,0,1,12,7,3,4,6,1,0
12,122384,1,3,1,13,12,18,50,12,2,1,0,12,2,12,444,12444,20,2012,NM0LS7DN0CT0,N,M,0,L,S,7,D,N,0,C,T,0,0,0,0,000000000,00000000000,0,0,0,1,0,0,0,0,0,0,0,50,0,0,0,12,6,2,12,0,0,0,1,12,33547,1,7,0,0,2,0,69,999,0,9,0,0,0,4,2012,7,2014,0,28,0,0,0,1,2,50,1,1,8,1,0,0,1,10,99,1,2,50,1,0
12,122384,2,3,2,13,12,18,50,12,2,1,0,12,2,20,2,20002,4,2004,2G1WF52E7491,2,G,1,W,F,5,2,E,7,4,9,1,0,0,0,000000000,00000000000,0,0,0,1,0,0,0,0,0,0,0,50,0,0,0,12,6,2,12,0,0,0,1,12,33570,6,1,0,0,3,0,70,999,0,0,0,0,0,0,0,0,0,0,0,0,0,0,1,2,50,1,1,8,1,0,0,1,62,99,1,1,51,1,0
12,122384,3,3,3,13,12,18,50,12,2,1,0,12,1,37,31,37031,4,2011,2HGFA1F54BH5,2,H,G,F,A,1,F,5,4,B,H,5,0,0,0,000000000,00000000000,0,0,0,1,0,0,0,0,0,0,0,50,0,0,0,12,2,3,12,0,0,0,1,12,33567,6,1,0,0,3,3,60,999,0,0,0,0,0,0,0,0,0,0,0,0,0,0,1,2,50,1,1,8,1,0,0,1,62,99,1,1,98,0,0
12,122385,1,1,1,14,12,3,14,33,0,1,0,12,2,19,18,19018,4,2003,1G6DM57N4301,1,G,6,D,M,5,7,N,4,3,0,1,0,0,0,000000000,00000000000,0,0,0,1,0,0,0,0,0,0,0,35,0,0,0,12,6,2,42,0,0,1,1,12,33510,6,1,0,0,3,3,60,999,0,0,0,0,0,0,0,0,0,3,0,0,0,0,2,2,35,3,1,8,1,0,0,14,12,99,1,4,6,1,1
12,122386,1,1,1,14,12,21,53,8,0,1,0,12,1,24,7,24007,4,2007,1G8AJ55F47Z1,1,G,8,A,J,5,5,F,4,7,Z,1,0,0,0,000000000,00000000000,0,0,0,1,0,0,0,0,0,0,0,45,0,0,0,12,6,2,8,0,0,0,1,12,32223,6,1,0,0,3,3,72,999,0,0,0,1,0,11,2012,11,2012,0,0,0,0,0,2,3,45,1,1,2,1,0,0,1,80,99,1,1,13,0,0
12,122387,1,1,1,15,12,18,30,8,0,1,0,12,1,55,33,55033,4,2000,KMHWF35V2YA1,K,M,H,W,F,3,5,V,2,Y,A,1,0,0,0,000000000,00000000000,0,0,0,1,0,0,0,0,0,0,0,45,0,0,0,12,4,5,8,0,0,0,1,12,32839,6,1,0,0,3,3,66,999,0,0,0,0,0,0,0,0,0,0,0,0,0,0,2,3,45,1,1,8,1,0,0,1,80,1,1,1,13,0,0
12,122388,1,2,1,17,12,11,4,12,1,1,0,12,1,20,25,20025,4,2014,1G1PA5SH0E71,1,G,1,P,A,5,S,H,0,E,7,1,0,0,0,000000000,00000000000,0,0,0,1,0,0,0,0,0,0,0,30,0,0,0,12,4,3,12,0,0,0,1,12,33161,6,1,0,0,3,3,72,999,0,0,0,0,0,0,0,0,0,0,0,0,0,0,1,4,40,1,1,8,1,0,0,1,51,1,1,1,24,1,0
12,122388,2,2,2,17,12,11,4,12,1,1,0,12,2,37,441,37441,20,2009,5FNRL38699B0,5,F,N,R,L,3,8,6,9,9,B,0,0,0,0,000000000,00000000000,0,0,0,1,0,0,0,0,0,0,0,30,0,0,0,6,4,3,12,0,0,0,1,12,33162,6,1,0,0,3,0,64,999,0,0,0,0,0,0,0,0,0,0,0,0,0,0,1,4,40,1,1,8,1,0,0,1,53,99,1,1,25,0,0
12,122389,1,1,1,17,12,18,35,8,0,1,0,12,2,55,33,55033,4,2013,5NPEC4AB5DH6,5,N,P,E,C,4,A,B,5,D,H,6,0,0,0,000000000,00000000000,0,0,0,1,0,0,0,0,0,0,0,35,0,0,0,12,4,3,8,0,0,0,1,12,33009,6,1,0,0,3,3,67,999,0,0,0,0,0,0,0,0,0,0,0,0,0,0,1,4,35,1,1,8,1,0,0,1,80,99,1,1,13,0,0
12,122390,1,1,1,17,12,18,15,8,0,1,0,12,1,12,402,12402,14,2013,1FMCU0J96DUA,1,F,M,C,U,0,J,9,6,D,U,A,0,0,0,000000000,00000000000,0,0,0,1,0,0,0,0,0,0,0,10,0,0,0,11,2,3,8,0,0,0,1,12,34748,6,1,0,0,3,0,67,999,0,0,0,0,0,0,0,0,0,0,0,0,0,0,1,2,10,1,1,8,1,20,3,11,80,1,1,1,13,0,0
12,122391,1,1,2,19,12,9,30,9,0,1,0,12,2,42,42,42042,4,2009,WDDGF81X69F2,W,D,D,G,F,8,1,X,6,9,F,2,0,0,0,000000000,00000000000,0,0,0,1,0,0,0,0,0,0,0,25,0,0,0,3,2,3,9,0,0,0,1,12,33406,6,1,0,0,3,0,65,999,0,0,0,0,0,0,0,0,0,0,0,0,0,0,1,2,25,1,1,8,1,3,3,1,83,1,1,1,13,0,0
12,122392,1,2,1,21,12,0,51,12,1,1,0,12,2,20,27,20027,4,2013,6G1MK5U30DL8,6,G,1,M,K,5,U,3,0,D,L,8,0,0,0,000000000,00000000000,0,0,0,1,0,0,0,0,0,0,0,65,0,0,0,12,6,2,12,0,0,0,1,12,32139,6,1,0,0,3,3,68,999,0,0,0,0,0,0,0,0,0,0,6,0,0,0,2,4,50,1,1,8,1,0,0,1,51,1,1,1,24,0,0
12,122392,2,2,1,21,12,0,51,12,1,1,0,12,2,98,701,98701,80,2013,LHJTLBBN4DB6,L,H,J,T,L,B,B,N,4,D,B,6,0,0,0,000000000,00000000000,0,0,0,1,0,0,0,0,0,0,0,30,0,0,0,6,6,2,12,0,0,0,1,51,23518,0,0,0,0,0,0,66,999,0,0,0,0,0,0,0,0,0,0,0,0,0,0,2,4,50,1,1,8,1,0,0,1,53,1,1,1,25,1,0