STATE,ST_CASE,VEH_NO,VE_FORMS,NUMOCCS,DAY,MONTH,HOUR,MINUTE,HARM_EV,MAN_COLL,UNITTYPE,HIT_RUN,REG_STAT,OWNER,MAKE,MODEL,MAK_MOD,BODY_TYP,MOD_YEAR,VIN,VIN_1,VIN_2,VIN_3,VIN_4,VIN_5,VIN_6,VIN_7,VIN_8,VIN_9,VIN_10,VIN_11,VIN_12,TOW_VEH,J_KNIFE,MCARR_I1,MCARR_I2,MCARR_ID,GVWR,V_CONFIG,CARGO_BT,HAZ_INV,HAZ_PLAC,HAZ_ID,HAZ_CNO,HAZ_REL,BUS_USE,SPEC_USE,EMER_USE,TRAV_SP,UNDERIDE,ROLLOVER,ROLINLOC,IMPACT1,DEFORMED,TOWED,M_HARM,VEH_SC1,VEH_SC2,FIRE_EXP,DR_PRES,L_STATE,DR_ZIP,L_STATUS,L_TYPE,CDL_STAT,L_ENDORS,L_COMPL,L_RESTRI,DR_HGT,DR_WGT,PREV_ACC,PREV_SUS,PREV_DWI,PREV_SPD,PREV_OTH,FIRST_MO,FIRST_YR,LAST_MO,LAST_YR,SPEEDREL,DR_SF1,DR_SF2,DR_SF3,DR_SF4,VTRAFWAY,VNUM_LAN,VSPD_LIM,VALIGN,VPROFILE,VPAVETYP,VSURCOND,VTRAFCON,VTCONT_F,P_CRASH1,P_CRASH2,P_CRASH3,PCRASH4,PCRASH5,ACC_TYPE,DEATHS,DR_DRINK
13,130009,2,2,1,6,1,11,10,12,1,1,0,13,3,82,884,82884,63,2010,1FVACXBS4ADA,1,F,V,A,C,X,B,S,4,A,D,A,0,0,88,888888888,88888888888,3,2,98,1,0,0,0,0,0,0,0,998,0,0,0,6,2,5,12,0,0,0,1,13,31029,6,1,6,0,3,0,70,190,98,0,0,0,0,0,0,0,0,0,0,0,0,0,1,2,45,1,1,2,1,0,0,2,53,5,1,1,29,0,0
13,130010,1,2,1,6,1,13,28,12,2,1,0,48,2,22,18,22018,4,1999,1G2NE52T7XM9,1,G,2,N,E,5,2,T,7,X,M,9,0,0,0,000000000,00000000000,0,0,0,1,0,0,0,0,0,0,0,998,0,0,0,12,6,2,12,0,0,0,1,13,31206,6,1,0,0,3,3,62,135,98,1,0,0,0,11,2012,11,2012,0,0,0,0,0,1,2,45,1,2,2,1,0,0,1,62,99,1,1,51,0,0
13,130010,2,2,1,6,1,13,28,12,2,1,0,13,1,18,2,18002,4,1998,1G4CW52KXW46,1,G,4,C,W,5,2,K,X,W,4,6,0,0,0,000000000,00000000000,0,0,0,1,0,0,0,0,0,0,0,998,0,0,0,12,6,2,12,0,0,0,1,13,31052,0,0,0,0,0,0,999,999,98,0,0,0,0,0,0,0,0,0,28,0,0,0,1,2,45,1,2,2,1,0,0,1,10,99,1,2,50,1,0
13,130011,1,5,1,8,1,18,20,12,7,1,1,99,9,99,999,99999,99,9999,999999999999,9,9,9,9,9,9,9,9,9,9,9,9,0,0,0,000000000,00000000000,0,0,0,1,0,0,0,0,0,0,0,998,0,0,0,1,2,5,12,0,0,0,1,99,99999,9,9,99,9,9,9,999,999,99,99,99,99,99,99,9999,99,9999,9,27,0,0,0,3,5,65,1,2,2,1,0,0,15,11,99,9,2,44,0,0
13,130011,2,5,1,8,1,18,20,12,7,1,0,13,1,35,47,35047,4,2008,1N4AL21E18N5,1,N,4,A,L,2,1,E,1,8,N,5,0,0,0,000000000,00000000000,0,0,0,1,0,0,0,0,0,0,0,998,0,0,0,7,6,2,12,0,0,0,1,13,30288,6,1,0,0,3,0,70,170,98,0,0,0,1,7,2011,7,2011,0,0,0,0,0,3,5,65,1,2,2,1,0,0,1,60,99,9,1,45,0,0
13,130011,3,5,2,8,1,18,20,12,7,1,0,13,3,12,481,12481,31,2002,1FTNX20L52EB,1,F,T,N,X,2,0,L,5,2,E,B,0,0,0,000000000,00000000000,0,0,0,1,0,0,0,0,0,0,0,998,0,1,1,3,6,2,12,0,0,0,1,13,30016,6,1,0,0,3,0,71,195,98,0,0,0,0,0,0,0,0,0,0,0,0,0,3,5,65,1,2,2,1,0,0,1,61,99,9,1,98,1,0
13,130011,4,5,1,8,1,18,20,12,7,1,0,13,1,20,37,20037,4,2003,1G1ND52J73M6,1,G,1,N,D,5,2,J,7,3,M,6,0,0,0,000000000,00000000000,0,0,0,1,0,0,0,0,0,0,0,998,0,0,0,6,4,3,12,0,0,0,1,13,30331,6,1,0,0,3,3,70,275,98,0,0,0,0,0,0,0,0,0,0,0,0,0,3,5,65,1,2,2,1,0,0,1,60,99,9,1,98,0,0
13,130011,5,5,2,8,1,18,20,12,7,1,0,93,3,84,881,84881,66,2007,2HSCNAPR27C3,2,H,S,C,N,A,P,R,2,7,C,3,1,1,57,740036,57740036,3,6,1,1,0,0,0,0,0,0,0,998,0,0,0,7,2,5,12,0,0,0,1,13,30815,6,1,6,0,3,0,62,172,98,0,0,0,0,0,0,0,0,0,0,0,0,0,3,5,65,1,2,2,1,0,0,1,78,10,1,1,98,0,0
13,130013,1,2,1,8,1,14,37,12,6,1,0,13,1,49,32,49032,4,1990,1NXAE94A1LZ0,1,N,X,A,E,9,4,A,1,L,Z,0,0,0,0,000000000,00000000000,0,0,0,1,0,0,0,0,0,0,0,998,0,0,0,12,6,2,12,0,0,0,1,13,30721,6,1,0,0,3,0,71,180,98,0,0,0,0,0,0,0,0,3,36,0,0,0,1,5,45,1,1,2,1,0,0,1,17,8,2,2,83,1,0
13,130013,2,2,1,8,1,14,37,12,6,1,0,13,1,20,431,20431,16,2001,3GNFK16T31G1,3,G,N,F,K,1,6,T,3,1,G,1,0,0,0,000000000,00000000000,0,0,0,1,0,0,0,0,0,0,0,998,0,1,5,8,6,2,12,0,0,0,1,13,30701,6,1,0,0,3,0,76,205,98,0,0,1,1,9,2013,10,2013,0,0,0,0,0,1,4,45,1,1,2,1,0,0,11,15,1,1,1,82,0,0
13,130014,1,1,2,8,1,14,26,32,0,1,0,13,1,49,472,49472,30,1995,4TAUN53B6SZ0,4,T,A,U,N,5,3,B,6,S,Z,0,0,0,0,000000000,00000000000,0,0,0,1,0,0,0,0,0,0,0,998,0,0,0,12,4,3,32,0,0,0,1,13,30705,6,1,0,0,3,0,74,180,98,0,0,0,0,0,0,0,0,0,0,0,0,0,1,2,45,1,1,2,1,0,0,1,13,1,1,4,5,1,0
13,130015,1,2,2,9,1,8,16,12,2,1,0,13,2,20,16,20016,4,2004,1G1JC52F3472,1,G,1,J,C,5,2,F,3,4,7,2,0,0,0,000000000,00000000000,0,0,0,1,0,0,0,0,0,0,0,998,0,0,0,12,6,2,12,0,0,0,1,13,30180,0,0,0,0,0,0,999,999,98,0,0,0,0,0,0,0,0,0,38,0,0,0,1,2,45,1,1,2,1,3,3,11,15,99,9,1,84,1,0
13,130015,2,2,1,9,1,8,16,12,2,1,0,13,1,7,21,7021,6,2006,2D4FV47VX6H4,2,D,4,F,V,4,7,V,X,6,H,4,0,0,0,000000000,00000000000,0,0,0,1,0,0,0,0,0,0,0,998,0,0,0,12,6,2,12,0,0,0,1,13,30180,6,1,0,0,3,0,72,200,98,0,0,0,1,11,2011,11,2011,0,0,0,0,0,1,2,45,1,1,2,1,3,3,1,17,99,9,1,84,0,0
13,130016,1,1,1,10,1,3,53,33,0,1,0,13,2,37,31,37031,4,2010,2HGFA1F55AH5,2,H,G,F,A,1,F,5,5,A,H,5,0,0,0,000000000,00000000000,0,0,0,1,0,0,0,0,0,0,0,998,0,0,0,14,6,2,30,0,0,0,1,13,30060,6,1,0,0,3,0,69,155,98,1,0,1,0,11,2012,9,2013,0,0,0,0,0,1,6,55,2,2,1,2,3,3,14,13,1,3,4,2,1,0
13,130017,1,1,1,10,1,15,20,10,0,1,0,13,3,12,481,12481,31,2007,1FTSF21P77EA,1,F,T,S,F,2,1,P,7,7,E,A,0,0,0,000000000,00000000000,0,0,0,1,0,0,0,0,0,0,0,998,0,0,0,8,4,3,10,0,0,0,1,13,31794,6,1,0,0,3,0,71,170,98,0,0,0,0,0,0,0,0,0,38,0,0,0,1,2,35,1,1,2,2,65,3,1,90,1,1,1,15,1,0
13,130018,1,1,4,10,1,14,14,14,0,1,0,13,2,42,401,42401,14,2012,4JGDA5HB5CA0,4,J,G,D,A,5,H,B,5,C,A,0,0,0,0,000000000,00000000000,0,0,0,1,0,0,0,0,0,0,0,998,0,0,0,12,6,2,14,0,0,0,1,13,30553,6,1,6,0,3,3,66,160,98,0,0,0,0,0,0,0,0,0,0,0,0,0,3,4,70,1,5,1,2,0,0,1,11,1,1,4,1,1,0
13,130019,1,2,2,11,1,15,2,12,6,1,0,13,2,37,31,37031,4,2013,19XFB2F81DE0,1,9,X,F,B,2,F,8,1,D,E,0,0,0,0,000000000,00000000000,0,0,0,1,0,0,0,0,0,0,0,998,0,0,0,9,6,2,12,0,0,0,1,13,30102,6,1,0,0,3,3,60,105,98,0,0,0,0,0,0,0,0,0,38,12,0,0,1,2,45,1,1,2,2,20,3,11,15,99,1,1,82,1,0
13,130019,2,2,1,11,1,15,2,12,6,1,0,13,1,35,472,35472,30,2012,1N6AD0EV9CC4,1,N,6,A,D,0,E,V,9,C,C,4,0,0,0,000000000,00000000000,0,0,0,1,0,0,0,0,0,0,0,998,0,0,0,12,6,2,12,0,0,0,1,13,30102,6,1,0,0,3,0,65,160,98,0,0,1,0,11,2013,11,2013,0,0,0,0,0,1,2,45,3,1,2,2,0,0,14,17,99,1,1,83,0,0
13,130020,1,2,2,11,1,15,2,12,2,1,0,13,1,49,32,49032,4,2005,2T1BR32E55C5,2,T,1,B,R,3,2,E,5,5,C,5,0,0,0,000000000,00000000000,0,0,0,1,0,0,0,0,0,0,0,998,0,0,0,12,6,2,12,32,0,0,1,13,30144,6,1,0,0,3,3,61,120,98,0,0,0,0,0,0,0,0,0,38,0,0,0,2,2,45,1,1,2,1,3,3,11,15,1,1,1,84,1,0
13,130020,2,2,1,11,1,15,2,12,2,1,0,13,1,14,401,14401,14,1999,4M2ZU52P1XUJ,4,M,2,Z,U,5,2,P,1,X,U,J,0,0,0,000000000,00000000000,0,0,0,1,0,0,0,0,0,0,0,998,0,0,0,12,4,3,12,0,0,0,1,13,30144,6,1,0,0,3,0,67,223,98,0,0,0,0,0,0,0,0,0,0,0,0,0,2,2,45,1,1,2,1,3,3,1,17,9,1,3,84,0,0
13,130021,1,1,1,11,1,22,8,44,0,1,0,0,0,37,734,37734,90,2007,000000000000,0,0,0,0,0,0,0,0,0,0,0,0,0,0,0,000000000,00000000000,0,0,0,1,0,0,0,0,0,0,0,998,0,1,1,0,4,3,1,0,0,0,1,13,30624,6,1,6,0,1,0,70,165,98,5,0,0,0,12,2011,9,2013,4,0,0,0,0,1,2,35,1,1,5,11,0,0,1,98,1,1,1,0,1,1
13,130022,1,1,1,11,1,10,20,42,0,1,0,13,1,20,481,20481,31,1995,1GCGC29K0SE1,1,G,C,G,C,2,9,K,0,S,E,1,0,0,0,000000000,00000000000,0,0,0,1,0,0,0,0,0,0,0,998,0,0,0,10,6,2,42,0,0,0,1,13,30523,2,1,0,0,2,0,69,190,98,1,0,0,1,3,2011,8,2011,0,0,0,0,0,6,1,65,3,6,2,2,98,3,14,13,7,3,4,2,1,0
13,130023,1,1,1,11,1,13,27,32,0,1,0,13,2,34,34,34034,4,2008,WBAVC53588F0,W,B,A,V,C,5,3,5,8,8,F,0,0,0,0,000000000,00000000000,0,0,0,1,0,0,0,0,0,0,0,998,0,0,0,14,6,2,42,0,0,0,1,13,31008,6,1,0,0,3,0,67,145,98,1,0,2,1,12,2011,5,2012,0,0,0,0,0,3,2,70,1,1,1,2,0,0,1,12,6,4,4,7,1,0
13,130024,1,2,3,11,1,16,18,12,6,1,0,13,2,37,31,37031,2,1999,1HGEJ8243XL0,1,H,G,E,J,8,2,4,3,X,L,0,0,0,0,000000000,00000000000,0,0,0,1,0,0,0,0,0,0,0,998,0,0,0,2,4,3,12,0,0,0,1,13,30035,6,2,0,0,3,0,58,103,98,0,0,0,0,0,0,0,0,0,28,0,0,0,1,2,35,3,4,2,2,98,3,14,10,9,4,2,64,1,0
13,130024,2,2,3,11,1,16,18,12,6,1,0,92,0,7,482,7482,31,2003,1D7HU18D03J6,1,D,7,H,U,1,8,D,0,3,J,6,0,0,0,000000000,00000000000,0,0,0,1,0,0,0,0,0,0,0,998,0,0,0,12,6,2,12,0,0,0,1,13,30012,6,1,0,0,3,0,66,180,98,0,0,0,1,9,2013,9,2013,0,0,0,0,0,1,2,35,1,6,2,2,98,3,1,62,99,9,1,65,0,0
13,130025,1,1,1,11,1,23,42,35,0,1,0,13,1,20,471,20471,30,1995,1GCCS1445SK1,1,G,C,C,S,1,4,4,5,S,K,1,0,0,0,000000000,00000000000,0,0,0,1,0,0,0,0,0,0,0,998,0,1,5,14,6,2,1,0,0,0,1,13,31825,6,1,6,0,3,3,69,165,98,2,0,0,4,4,2011,10,2013,0,58,0,0,0,1,2,55,1,1,2,1,0,0,1,13,6,4,4,7,1,1
13,130026,1,1,1,12,1,16,10,1,0,1,0,13,1,98,706,98706,80,2003,ZD4RPC0323S0,Z,D,4,R,P,C,0,3,2,3,S,0,0,0,0,000000000,00000000000,0,0,0,1,0,0,0,0,0,0,0,998,0,0,0,0,6,2,1,0,0,0,1,13,30080,6,1,0,0,3,3,69,150,98,0,0,0,0,0,0,0,0,0,0,0,0,0,1,2,55,1,5,2,1,98,3,1,13,1,4,4,2,1,0
13,130027,1,5,1,12,1,18,20,12,7,1,0,13,1,35,47,35047,2,2008,1N4AL24E78C2,1,N,4,A,L,2,4,E,7,8,C,2,0,0,0,000000000,00000000000,0,0,0,1,0,0,0,0,0,0,0,998,0,0,0,1,6,2,12,0,0,0,1,13,30265,6,1,0,0,3,0,72,215,98,1,0,0,0,5,2013,5,2013,0,58,27,0,0,3,4,70,1,1,2,1,0,0,15,11,99,9,2,44,1,0
13,130027,2,5,2,12,1,18,20,12,7,1,0,13,1,37,402,37402,14,2007,JHLRE48577C0,J,H,L,R,E,4,8,5,7,7,C,0,0,0,0,000000000,00000000000,0,0,0,1,0,0,0,0,0,0,0,998,0,0,0,7,6,2,12,0,0,0,1,13,30291,6,1,0,0,3,0,61,110,98,1,0,1,1,8,2011,2,2012,0,0,0,0,0,3,4,70,1,1,2,1,0,0,1,60,99,9,1,45,0,0
13,130027,3,5,1,12,1,18,20,12,7,1,0,13,1,12,481,12481,31,1997,1FTDX1764VND,1,F,T,D,X,1,7,6,4,V,N,D,0,0,0,000000000,00000000000,0,0,0,1,0,0,0,0,0,0,0,998,0,0,0,12,6,2,12,0,0,0,1,13,31705,6,1,0,0,3,3,71,295,98,0,0,0,0,0,0,0,0,0,0,0,0,0,3,4,70,1,1,2,1,0,0,1,50,99,9,1,98,0,0
13,130027,4,5,2,12,1,18,20,12,7,1,0,13,1,58,37,58037,2,2004,JNKCV54E44M8,J,N,K,C,V,5,4,E,4,4,M,8,0,0,0,000000000,00000000000,0,0,0,1,0,0,0,0,0,0,0,998,0,0,0,12,6,2,12,0,0,0,1,13,30277,6,1,0,0,3,0,70,270,98,2,0,0,5,9,2011,6,2013,0,26,0,0,0,3,4,70,1,1,2,1,0,0,1,52,99,9,1,98,0,0
13,130027,5,5,2,12,1,18,20,12,7,1,0,13,2,2,404,2404,14,1998,1J4FJ68S7WL1,1,J,4,F,J,6,8,S,7,W,L,1,0,0,0,000000000,00000000000,0,0,0,1,0,0,0,0,0,0,0,998,0,0,0,12,6,2,12,0,0,0,1,13,30241,6,2,0,0,3,3,70,145,98,0,0,0,0,0,0,0,0,0,26,0,0,0,3,4,70,1,1,2,1,0,0,1,52,99,9,1,98,0,0
13,130028,1,1,3,12,1,3,30,42,0,1,0,13,1,37,32,37032,4,2005,1HGCM56405A0,1,H,G,C,M,5,6,4,0,5,A,0,0,0,0,000000000,00000000000,0,0,0,1,0,0,0,0,0,0,0,998,0,0,0,12,6,2,42,0,0,0,1,13,30350,6,1,0,0,3,0,73,176,98,1,0,0,0,10,2013,10,2013,0,0,0,0,0,1,2,25,1,1,1,1,0,0,1,13,1,1,4,1,1,0
13,130029,1,1,2,13,1,19,42,8,0,1,0,13,3,23,481,23481,31,2006,2GTEC13T8612,2,G,T,E,C,1,3,T,8,6,1,2,0,0,0,000000000,00000000000,0,0,0,1,0,0,0,0,0,0,0,998,0,0,0,12,4,3,8,0,0,0,1,13,30252,6,1,0,0,3,0,67,165,98,3,0,3,1,1,2013,9,2013,0,0,0,0,0,1,2,55,1,1,2,2,0,0,1,80,1,1,1,13,0,0
13,130030,1,1,1,13,1,21,25,8,0,1,0,13,2,20,421,20421,15,1998,1GNEK13R9WJ3,1,G,N,E,K,1,3,R,9,W,J,3,0,0,0,000000000,00000000000,0,0,0,1,0,0,0,0,0,0,0,998,0,0,0,12,4,5,8,0,0,0,1,13,30906,6,1,0,0,3,0,73,140,98,0,0,0,1,7,2013,7,2013,0,0,0,0,0,5,5,45,1,1,2,2,0,0,1,80,1,1,1,13,0,0
13,130031,1,1,1,14,1,22,32,8,0,1,0,13,2,20,473,20473,30,2007,1GCCS19E8781,1,G,C,C,S,1,9,E,8,7,8,1,0,0,0,000000000,00000000000,0,0,0,1,0,0,0,0,0,0,0,998,0,0,0,12,6,2,8,0,0,0,1,13,30184,6,2,0,0,3,3,64,112,98,0,0,0,0,0,0,0,0,0,27,0,0,0,3,3,55,1,1,2,1,0,0,15,80,8,1,1,13,0,0
13,130032,1,1,1,14,1,15,21,25,0,1,0,13,2,37,32,37032,2,1996,1HGCD7256TA0,1,H,G,C,D,7,2,5,6,T,A,0,0,0,0,000000000,00000000000,0,0,0,1,0,0,0,0,0,0,0,998,0,0,0,10,6,2,42,0,0,0,1,13,30290,6,1,0,0,3,0,72,195,98,0,0,0,0,0,0,0,0,0,0,0,0,0,3,4,55,1,1,2,1,0,0,1,12,1,1,4,6,1,0
13,130033,1,3,2,14,1,10,24,12,1,1,0,12,1,23,401,23401,14,2009,1GKDS43S2921,1,G,K,D,S,4,3,S,2,9,2,1,0,0,0,000000000,00000000000,0,0,0,1,0,0,0,0,0,0,0,998,0,0,0,12,6,2,12,0,0,0,1,12,34442,6,1,0,0,3,3,69,999,0,0,0,0,0,0,0,0,0,0,26,0,0,0,3,3,70,1,1,2,2,0,0,1,50,99,9,1,20,1,0
13,130033,2,3,1,14,1,10,24,12,1,1,0,12,1,49,46,49046,5,2008,JTDKB20U5877,J,T,D,K,B,2,0,U,5,8,7,7,0,0,0,000000000,00000000000,0,0,0,1,0,0,0,0,0,0,0,0,0,0,0,6,6,2,12,0,0,0,1,12,32825,6,1,0,0,3,0,70,999,0,0,0,1,0,7,2011,7,2011,0,0,0,0,0,3,3,70,1,1,2,2,0,0,5,53,1,1,1,21,1,0
13,130033,3,3,1,14,1,10,24,12,1,1,0,18,3,85,881,85881,66,2014,1XKYD49X0EJ4,1,X,K,Y,D,4,9,X,0,E,J,4,1,1,57,239039,57239039,3,6,1,1,0,0,0,0,0,0,0,0,0,0,0,6,2,3,12,0,0,0,1,13,30260,6,1,6,0,3,3,72,205,98,0,0,0,0,0,0,0,0,0,0,0,0,0,3,3,70,1,1,2,2,0,0,5,53,1,1,1,98,0,0
13,130034,1,3,1,15,1,15,6,12,7,1,0,13,1,53,706,53706,80,2007,JS1GT77A8721,J,S,1,G,T,7,7,A,8,7,2,1,0,0,0,000000000,00000000000,0,0,0,1,0,0,0,0,0,0,0,998,0,0,0,1,6,2,12,0,0,0,1,13,31322,6,1,6,0,3,2,74,193,98,1,0,0,0,9,2013,9,2013,3,34,36,74,0,3,2,55,1,2,1,1,0,0,6,11,99,1,2,44,1,0
13,130034,2,3,2,15,1,15,6,12,7,1,0,13,2,22,22,22022,4,2007,1G2ZF58B6741,1,G,2,Z,F,5,8,B,6,7,4,1,0,0,0,000000000,00000000000,0,0,0,1,0,0,0,0,0,0,0,998,0,0,0,7,4,5,12,0,0,0,1,13,31419,6,1,0,0,3,0,66,170,98,1,0,0,0,5,2013,5,2013,0,0,0,0,0,3,2,55,1,2,1,1,0,0,1,60,99,1,1,45,0,0
13,130034,3,3,2,15,1,15,6,12,7,1,0,13,2,7,28,7028,2,2010,2B3CJ4DV4AH1,2,B,3,C,J,4,D,V,4,A,H,1,0,0,0,000000000,00000000000,0,0,0,1,0,0,0,0,0,0,0,998,0,0,0,6,4,3,12,0,0,0,1,13,31419,6,1,0,0,3,0,71,185,98,0,0,1,0,7,2012,7,2012,0,0,0,0,0,3,2,55,1,2,1,1,0,0,1,53,99,1,1,98,0,0
13,130035,1,2,1,15,1,22,23,12,1,1,0,13,2,55,33,55033,4,2011,5NPEB4AC2BH1,5,N,P,E,B,4,A,C,2,B,H,1,0,0,0,000000000,00000000000,0,0,0,1,0,0,0,0,0,0,0,998,0,0,0,12,4,3,12,0,0,0,1,13,30041,6,2,0,0,3,3,70,150,98,0,0,0,0,0,0,0,0,0,26,0,0,0,1,2,40,2,1,2,1,0,0,14,52,99,1,1,28,0,0
13,130035,2,2,1,15,1,22,23,12,1,1,0,12,2,37,701,37701,88,1996,3H1AF1605TD7,3,H,1,A,F,1,6,0,5,T,D,7,0,0,0,000000000,00000000000,0,0,0,1,0,0,0,0,0,0,0,998,0,0,0,6,6,2,12,0,0,0,1,13,30635,6,1,0,0,3,3,70,150,98,0,0,0,0,0,0,0,0,0,0,0,0,0,1,2,40,2,1,2,1,0,0,2,53,99,1,1,29,1,0
13,130036,1,2,1,15,1,17,31,12,6,1,0,13,2,22,16,22016,2,2004,1G2JB12F7472,1,G,2,J,B,1,2,F,7,4,7,2,0,0,0,000000000,00000000000,0,0,0,1,0,0,0,0,0,0,0,998,0,0,0,2,6,2,12,0,0,0,1,13,31525,1,1,0,0,2,0,67,170,98,3,0,0,2,6,2011,1,2014,0,28,0,0,0,1,3,55,1,1,2,1,0,0,1,10,1,1,2,64,1,0
13,130036,2,2,1,15,1,17,31,12,6,1,0,13,1,12,481,12481,31,2005,1FTPW12535KE,1,F,T,P,W,1,2,5,3,5,K,E,0,0,0,000000000,00000000000,0,0,0,1,0,0,0,0,0,0,0,998,0,0,0,12,6,2,12,0,0,0,1,13,31523,6,1,0,0,3,0,69,180,98,0,0,0,0,0,0,0,0,0,0,0,0,0,1,3,55,1,1,2,1,0,0,1,62,2,2,1,65,0,0
13,130037,1,1,1,15,1,19,38,8,0,1,0,13,1,55,33,55033,4,1999,KMHWF25V3XA0,K,M,H,W,F,2,5,V,3,X,A,0,0,0,0,000000000,00000000000,0,0,0,1,0,0,0,0,0,0,0,998,0,0,0,12,4,3,8,0,0,0,1,13,31313,6,1,0,0,3,0,70,175,98,0,0,0,0,0,0,0,0,0,0,0,0,0,1,5,40,1,1,2,1,3,3,1,80,1,1,1,13,0,0
13,130038,1,2,2,25,1,18,21,12,6,1,0,13,1,21,401,21401,14,1996,1GHDT13W6T27,1,G,H,D,T,1,3,W,6,T,2,7,0,0,0,000000000,00000000000,0,0,0,1,0,0,0,0,0,0,0,998,0,1,1,12,6,2,12,0,0,0,1,13,31029,6,1,0,0,3,0,60,135,98,2,0,0,0,2,2012,2,2012,4,39,0,0,0,1,4,35,1,2,2,1,3,3,1,17,99,1,1,88,0,0
13,130038,2,2,1,25,1,18,21,12,6,1,0,13,1,37,402,37402,14,2003,SHSRD68453U1,S,H,S,R,D,6,8,4,5,3,U,1,0,0,0,000000000,00000000000,0,0,0,1,0,0,0,0,0,0,0,998,0,0,0,11,6,2,12,0,0,0,1,13,31029,6,1,0,0,3,3,65,155,98,0,0,0,0,0,0,0,0,0,0,0,0,0,1,4,35,1,2,2,1,3,3,1,17,99,1,1,89,1,0
13,130039,1,2,2,16,1,4,8,12,1,1,0,13,2,35,50,35050,4,2011,3N1BC1CP3BL4,3,N,1,B,C,1,C,P,3,B,L,4,0,0,0,000000000,00000000000,0,0,0,1,0,0,0,0,0,0,0,998,0,1,5,12,6,2,42,0,0,0,1,13,30039,6,1,0,0,3,0,66,145,98,2,1,0,2,6,2011,11,2012,0,26,0,0,0,1,2,45,2,1,2,1,28,3,14,51,99,1,1,24,0,1
13,130039,2,2,1,16,1,4,8,12,1,1,0,0,0,98,701,98701,88,2013,000000000000,0,0,0,0,0,0,0,0,0,0,0,0,0,0,0,000000000,00000000000,0,0,0,1,0,0,0,0,0,0,0,998,0,0,0,6,6,2,12,0,0,0,1,13,30012,0,0,0,0,0,0,999,999,98,0,0,0,0,0,0,0,0,0,0,0,0,0,1,2,45,2,1,2,1,28,3,14,53,99,1,1,25,1,0
13,130040,1,1,1,16,1,22,1,33,0,1,0,13,1,53,705,53705,80,2002,JS1GR7HA6221,J,S,1,G,R,7,H,A,6,2,2,1,0,0,0,000000000,00000000000,0,0,0,1,0,0,0,0,0,0,0,998,0,0,0,12,6,2,33,0,0,0,1,13,30016,6,1,0,0,3,2,66,170,98,1,0,1,0,9,2011,9,2011,3,39,74,0,0,2,2,45,1,1,2,1,20,3,1,10,1,1,4,98,1,0
13,130041,1,3,1,17,1,17,25,12,2,1,0,13,1,20,481,20481,31,2001,1GCEC14W11Z1,1,G,C,E,C,1,4,W,1,1,Z,1,0,0,0,000000000,00000000000,0,0,0,1,0,0,0,0,0,0,0,998,0,0,0,12,6,2,12,0,0,0,1,13,31789,6,1,0,0,3,9,72,250,98,0,0,0,0,0,0,0,0,0,38,0,0,0,1,2,55,1,1,2,1,20,3,11,15,99,1,1,82,1,0
13,130041,2,3,1,17,1,17,25,12,2,1,0,13,1,82,881,82881,66,2000,1FUPCDZB6YLB,1,F,U,P,C,D,Z,B,6,Y,L,B,1,3,57,1687101,571687101,3,6,1,1,0,0,0,0,0,0,0,998,0,0,0,12,6,2,12,0,0,0,1,13,31539,6,1,6,9,3,0,74,325,98,1,0,0,0,10,2012,10,2012,0,0,0,0,0,1,2,55,1,1,2,1,0,0,1,67,2,1,1,83,0,0
13,130041,3,3,1,17,1,17,25,12,2,1,0,13,2,12,481,12481,31,1998,1FTZX1763WNB,1,F,T,Z,X,1,7,6,3,W,N,B,0,0,0,000000000,00000000000,0,0,0,1,0,0,0,0,0,0,0,998,0,0,0,12,6,2,12,0,0,0,1,13,31744,6,1,0,0,3,0,71,145,98,0,0,0,1,3,2013,3,2013,0,0,0,0,0,1,2,55,2,3,2,1,0,0,14,62,99,1,1,98,1,0
13,130042,1,2,1,18,1,15,41,25,0,1,0,13,1,23,481,23481,31,2003,1GTHK29U33E2,1,G,T,H,K,2,9,U,3,3,E,2,0,0,0,000000000,00000000000,0,0,0,1,0,0,0,0,0,0,0,0,0,0,0,2,6,2,12,0,0,0,1,13,30004,6,1,0,0,3,0,75,185,98,0,0,0,0,0,0,0,0,0,0,0,0,0,3,7,55,1,1,2,1,0,0,5,8,99,1,4,98,1,1
13,130042,2,2,3,18,1,15,41,25,0,1,0,13,1,35,43,35043,4,2012,3N1AB6AP8CL6,3,N,1,A,B,6,A,P,8,C,L,6,0,0,0,000000000,00000000000,0,0,0,1,0,0,0,0,0,0,0,998,0,0,0,6,4,5,12,0,0,0,1,13,30034,6,1,0,0,3,3,59,130,98,0,0,1,0,12,2013,12,2013,0,0,0,0,0,3,7,55,1,1,2,1,0,0,1,53,99,1,1,98,0,0