STATE,ST_CASE,VEH_NO,VE_FORMS,NUMOCCS,DAY,MONTH,HOUR,MINUTE,HARM_EV,MAN_COLL,UNITTYPE,HIT_RUN,REG_STAT,OWNER,MAKE,MODEL,MAK_MOD,BODY_TYP,MOD_YEAR,VIN,VIN_1,VIN_2,VIN_3,VIN_4,VIN_5,VIN_6,VIN_7,VIN_8,VIN_9,VIN_10,VIN_11,VIN_12,TOW_VEH,J_KNIFE,MCARR_I1,MCARR_I2,MCARR_ID,GVWR,V_CONFIG,CARGO_BT,HAZ_INV,HAZ_PLAC,HAZ_ID,HAZ_CNO,HAZ_REL,BUS_USE,SPEC_USE,EMER_USE,TRAV_SP,UNDERIDE,ROLLOVER,ROLINLOC,IMPACT1,DEFORMED,TOWED,M_HARM,VEH_SC1,VEH_SC2,FIRE_EXP,DR_PRES,L_STATE,DR_ZIP,L_STATUS,L_TYPE,CDL_STAT,L_ENDORS,L_COMPL,L_RESTRI,DR_HGT,DR_WGT,PREV_ACC,PREV_SUS,PREV_DWI,PREV_SPD,PREV_OTH,FIRST_MO,FIRST_YR,LAST_MO,LAST_YR,SPEEDREL,DR_SF1,DR_SF2,DR_SF3,DR_SF4,VTRAFWAY,VNUM_LAN,VSPD_LIM,VALIGN,VPROFILE,VPAVETYP,VSURCOND,VTRAFCON,VTCONT_F,P_CRASH1,P_CRASH2,P_CRASH3,PCRASH4,PCRASH5,ACC_TYPE,DEATHS,DR_DRINK
13,130043,1,1,3,18,1,19,0,42,0,1,0,13,2,12,3,12003,2,2014,1ZVBP8AM3E52,1,Z,V,B,P,8,A,M,3,E,5,2,0,0,0,000000000,00000000000,0,0,0,1,0,0,0,0,0,0,0,998,0,0,0,3,6,2,42,0,0,0,1,13,30533,6,1,0,0,3,0,69,165,98,0,0,0,0,0,0,0,0,0,28,0,0,0,1,2,40,2,6,2,1,28,3,14,12,1,1,4,6,1,0
13,130044,1,1,1,19,1,23,23,58,0,1,0,13,1,12,481,12481,31,2004,1FTNW21PX4EC,1,F,T,N,W,2,1,P,X,4,E,C,0,0,0,000000000,00000000000,0,0,0,1,0,0,0,0,0,0,0,998,0,1,6,14,6,2,42,0,0,0,1,13,30813,6,1,5,0,3,0,74,185,98,0,0,0,0,0,0,0,0,0,58,0,0,0,1,2,55,3,2,2,1,28,3,14,13,6,7,4,1,1,1
13,130045,1,1,1,19,1,7,2,8,0,1,0,13,1,18,3,18003,4,1999,1G4CU5214X46,1,G,4,C,U,5,2,1,4,X,4,6,0,0,0,000000000,00000000000,0,0,0,1,0,0,0,0,0,0,0,998,0,0,0,12,4,3,8,0,0,0,1,13,30002,6,1,0,0,3,3,73,270,98,2,0,2,0,9,2011,7,2013,0,0,0,0,0,1,4,25,1,1,1,1,0,0,1,80,1,1,1,13,0,0
13,130046,1,2,1,19,1,3,22,12,2,1,0,13,2,20,403,20403,14,2004,1GNDS13S1421,1,G,N,D,S,1,3,S,1,4,2,1,0,0,0,000000000,00000000000,0,0,0,1,0,0,0,0,0,0,0,998,0,0,0,12,6,2,12,0,0,0,1,13,30253,6,1,0,0,3,0,76,220,98,0,0,0,0,0,0,0,0,0,0,0,0,0,1,2,55,2,2,2,1,0,0,14,10,99,1,1,50,0,1
13,130046,2,2,1,19,1,3,22,12,2,1,0,13,2,37,32,37032,2,2002,1HGCG22522A0,1,H,G,C,G,2,2,5,2,2,A,0,0,0,0,000000000,00000000000,0,0,0,1,0,0,0,0,0,0,0,998,0,0,0,12,6,2,12,0,0,0,1,13,30016,6,1,0,0,3,3,75,210,98,0,0,0,1,1,2011,1,2011,0,0,0,0,0,1,2,55,3,2,2,1,0,0,14,62,99,1,1,51,1,0
13,130047,1,3,1,19,1,3,35,12,2,1,0,13,2,37,31,37031,4,2012,2HGFB2F5XCH5,2,H,G,F,B,2,F,5,X,C,H,5,0,0,0,000000000,00000000000,0,0,0,1,0,0,0,0,0,0,0,998,0,0,0,12,6,2,12,0,0,0,1,13,30308,1,1,0,0,2,0,70,190,98,7,3,0,2,3,2011,11,2012,0,51,0,0,0,2,6,65,1,2,2,1,0,0,1,54,99,1,1,52,1,1
13,130047,2,3,4,19,1,3,35,12,2,1,0,12,2,13,421,13421,15,2012,5LMJJ2J5XCEL,5,L,M,J,J,2,J,5,X,C,E,L,0,0,0,000000000,00000000000,0,0,0,1,0,0,0,0,0,0,0,998,0,0,0,12,6,2,12,0,0,0,1,12,33014,6,1,0,0,3,0,69,999,0,1,0,0,0,1,2011,1,2011,0,0,0,0,0,2,6,65,1,2,2,1,0,0,1,54,99,1,1,52,0,0
13,130047,3,3,1,19,1,3,35,12,2,1,0,13,1,63,401,63401,14,2006,KNDJF7233672,K,N,D,J,F,7,2,3,3,6,7,2,0,0,0,000000000,00000000000,0,0,0,1,0,0,0,0,0,0,0,998,0,0,0,13,2,5,18,0,0,0,1,13,30017,6,1,0,0,3,0,65,240,98,0,0,0,0,0,0,0,0,0,0,0,0,0,2,6,65,1,2,2,1,0,0,1,90,99,1,1,98,0,0
13,130048,1,1,1,20,1,17,1,40,0,1,0,13,1,12,471,12471,30,1997,1FTCR14X7VTA,1,F,T,C,R,1,4,X,7,V,T,A,0,0,0,000000000,00000000000,0,0,0,1,0,0,0,0,0,0,0,998,0,0,0,1,6,2,53,0,0,0,1,13,30161,6,1,0,0,3,0,65,160,98,0,0,0,2,9,2012,4,2013,0,0,0,0,0,1,2,40,1,1,2,1,0,0,1,8,1,1,4,1,1,0
13,130049,1,1,1,20,1,2,43,33,0,1,0,13,4,6,18,6018,4,2013,1C3CCBBG9DN5,1,C,3,C,C,B,B,G,9,D,N,5,0,0,0,000000000,00000000000,0,0,0,1,0,0,0,0,0,0,0,998,0,1,3,12,6,2,42,0,0,0,1,42,19341,6,1,0,0,3,1,70,999,0,0,0,0,0,0,0,0,0,3,0,0,0,0,2,6,45,2,6,2,1,0,0,14,10,1,1,4,6,1,1
13,130050,1,2,1,21,1,6,55,12,6,1,0,13,1,52,37,52037,2,2000,4A3AC44G4YE1,4,A,3,A,C,4,4,G,4,Y,E,1,0,0,0,000000000,00000000000,0,0,0,1,0,0,0,0,0,0,0,998,0,0,0,9,6,2,12,0,0,0,1,13,30044,6,1,0,0,3,0,60,135,98,0,0,0,0,0,0,0,0,0,38,0,0,0,1,2,25,1,1,2,1,20,3,11,15,99,1,1,68,1,0
13,130050,2,2,3,21,1,6,55,12,6,1,0,13,1,52,401,52401,14,2001,JA4LS21H41P0,J,A,4,L,S,2,1,H,4,1,P,0,0,0,0,000000000,00000000000,0,0,0,1,0,0,0,0,0,0,0,998,0,0,0,12,4,3,12,0,0,0,1,13,30044,1,1,0,0,2,0,66,183,98,1,0,0,0,2,2013,2,2013,0,0,0,0,0,1,3,45,1,1,2,1,0,0,1,67,99,1,1,69,0,0
13,130051,1,2,1,21,1,10,15,12,6,1,0,13,1,49,32,49032,4,2007,1NXBR32E47Z7,1,N,X,B,R,3,2,E,4,7,Z,7,0,0,0,000000000,00000000000,0,0,0,1,0,0,0,0,0,0,0,998,0,0,0,9,6,2,12,0,0,0,1,13,30095,6,1,0,0,3,0,71,250,98,0,0,0,0,0,0,0,0,0,39,0,0,0,1,4,25,1,1,2,1,3,3,1,17,99,1,1,89,1,0
13,130051,2,2,1,21,1,10,15,12,6,1,0,13,2,7,482,7482,31,2001,3B7KC23691G1,3,B,7,K,C,2,3,6,9,1,G,1,0,0,0,000000000,00000000000,0,0,0,1,0,0,0,0,0,0,0,998,0,0,0,12,6,2,12,0,0,0,1,13,30011,6,1,6,0,3,0,73,235,98,0,0,0,0,0,0,0,0,0,0,0,0,0,3,2,45,1,1,2,1,3,3,1,66,99,1,1,88,0,0
13,130052,1,2,3,21,1,7,48,12,6,1,0,13,1,20,2,20002,4,2003,2G1WF52E2392,2,G,1,W,F,5,2,E,2,3,9,2,0,0,0,000000000,00000000000,0,0,0,1,0,0,0,0,0,0,0,998,0,0,0,9,6,2,12,0,0,0,1,13,30442,6,1,0,0,3,0,64,187,98,0,0,0,0,0,0,0,0,0,38,0,0,0,0,0,0,0,0,0,0,0,0,11,98,99,1,1,68,1,0
13,130052,2,2,1,21,1,7,48,12,6,1,0,13,1,20,481,20481,31,1998,1GCEC14R1WZ1,1,G,C,E,C,1,4,R,1,W,Z,1,0,0,0,000000000,00000000000,0,0,0,1,0,0,0,0,0,0,0,998,0,0,0,12,6,2,12,0,0,0,1,13,30442,6,1,0,0,3,0,72,245,98,0,0,0,3,5,2012,5,2013,0,0,0,0,0,5,4,45,1,1,2,1,0,0,1,72,99,1,1,69,0,0
13,130053,1,3,1,22,1,6,8,12,6,1,0,13,1,20,25,20025,4,2013,1G1PC5SB5D72,1,G,1,P,C,5,S,B,5,D,7,2,0,0,0,000000000,00000000000,0,0,0,1,0,0,0,0,0,0,0,998,0,0,0,8,6,2,12,0,0,0,1,13,31312,6,1,0,0,3,3,61,165,98,0,0,0,0,0,0,0,0,0,0,0,0,0,2,4,55,1,1,2,1,0,0,1,62,99,1,1,66,0,0
13,130053,2,3,1,22,1,6,8,12,6,1,0,13,1,20,481,20481,31,2010,3GCRKSE39AG2,3,G,C,R,K,S,E,3,9,A,G,2,0,0,0,000000000,00000000000,0,0,0,1,0,0,0,0,0,0,0,998,0,0,0,12,6,2,12,0,0,0,1,13,31326,6,1,0,0,3,0,70,185,98,0,0,0,0,0,0,0,0,0,0,0,0,0,2,4,55,1,1,2,1,0,0,1,62,9,9,1,98,0,0
13,130053,3,3,1,22,1,6,8,12,6,1,0,13,1,12,402,12402,14,2006,1FMYU93166KA,1,F,M,Y,U,9,3,1,6,6,K,A,0,0,0,000000000,00000000000,0,0,0,1,0,0,0,0,0,0,0,998,0,0,0,12,6,2,12,32,0,0,1,13,31407,6,1,0,0,3,1,72,300,98,0,0,1,0,2,2013,2,2013,0,0,0,0,0,2,4,45,1,1,2,1,0,0,1,10,99,1,1,66,1,0
13,130054,1,1,2,22,1,12,30,8,0,1,0,13,1,13,1,13001,4,2006,1LNHM83V66Y6,1,L,N,H,M,8,3,V,6,6,Y,6,0,0,0,000000000,00000000000,0,0,0,1,0,0,0,0,0,0,0,998,0,0,0,12,6,2,8,0,0,0,1,13,30047,6,1,0,0,3,0,73,180,98,0,0,0,1,7,2013,7,2013,0,0,0,0,0,3,7,55,1,1,2,1,0,0,1,80,1,1,1,13,0,0
13,130055,1,2,1,23,1,17,22,12,2,1,0,13,2,49,481,49481,31,1995,JT4UD10D5S00,J,T,4,U,D,1,0,D,5,S,0,0,0,0,0,000000000,00000000000,0,0,0,1,0,0,0,0,0,0,0,998,0,0,0,12,6,2,12,0,0,0,1,13,30549,6,1,6,0,3,0,69,141,98,0,0,0,1,8,2011,8,2011,0,28,0,0,0,1,2,45,1,1,2,1,0,0,1,10,99,1,1,50,1,0
13,130055,2,2,1,23,1,17,22,12,2,1,0,13,2,6,54,6054,6,2006,2A4GM68416R9,2,A,4,G,M,6,8,4,1,6,R,9,0,0,0,000000000,00000000000,0,0,0,1,0,0,0,0,0,0,0,998,0,0,0,12,6,2,12,0,0,0,1,13,30549,6,1,0,0,3,0,63,145,98,0,0,0,0,0,0,0,0,0,0,0,0,0,1,2,45,1,1,2,1,0,0,1,62,1,1,1,51,0,0
13,130056,1,2,1,24,1,20,38,8,0,1,0,13,1,20,403,20403,14,2008,1GNDS13S3821,1,G,N,D,S,1,3,S,3,8,2,1,0,0,0,000000000,00000000000,0,0,0,1,0,0,0,0,0,0,0,998,0,0,0,12,6,2,8,0,0,0,1,13,31028,6,1,0,0,3,0,66,150,98,0,0,0,0,0,0,0,0,0,0,0,0,0,2,6,55,1,2,2,1,0,0,1,80,1,1,1,13,0,0
13,130056,2,2,1,24,1,20,38,8,0,1,0,13,1,37,31,37031,2,2004,1HGEM21554L0,1,H,G,E,M,2,1,5,5,4,L,0,0,0,0,000000000,00000000000,0,0,0,1,0,0,0,0,0,0,0,998,0,0,0,12,2,5,8,0,0,0,1,13,31204,6,1,0,0,3,3,76,240,98,0,0,0,0,0,0,0,0,0,0,0,0,0,2,6,55,1,2,2,1,0,0,1,80,1,1,1,98,0,0
13,130057,1,1,1,24,1,18,55,8,0,1,0,13,1,20,473,20473,30,2005,1GCCS1483582,1,G,C,C,S,1,4,8,3,5,8,2,0,0,0,000000000,00000000000,0,0,0,1,0,0,0,0,0,0,0,998,0,0,0,11,6,2,8,0,0,0,1,13,31321,6,1,0,0,3,0,65,165,98,0,0,0,0,0,0,0,0,0,0,0,0,0,1,2,55,1,1,2,1,0,0,6,12,1,1,4,13,0,1
13,130058,1,2,1,24,1,18,14,12,2,1,0,13,2,35,47,35047,4,1998,1N4DL01D4WC2,1,N,4,D,L,0,1,D,4,W,C,2,0,0,0,000000000,00000000000,0,0,0,1,0,0,0,0,0,0,0,998,0,0,0,12,6,2,12,0,0,0,1,13,30084,6,1,0,0,3,0,65,130,98,2,0,1,1,6,2011,3,2012,0,58,0,0,0,1,2,40,1,2,2,1,0,0,1,10,99,1,2,50,1,1
13,130058,2,2,2,24,1,18,14,12,2,1,0,13,3,7,472,7472,30,2000,1B7GL22X5YS7,1,B,7,G,L,2,2,X,5,Y,S,7,0,0,0,000000000,00000000000,0,0,0,1,0,0,0,0,0,0,0,998,0,0,0,12,6,2,12,0,0,0,1,13,30360,6,1,5,0,3,0,65,190,98,1,0,0,1,5,2013,5,2013,0,0,0,0,0,1,2,40,1,2,2,1,0,0,1,62,99,1,1,51,0,0
13,130059,1,2,1,24,1,19,29,12,6,1,0,1,3,51,881,51881,66,2012,4V4NC9EH2CN5,4,V,4,N,C,9,E,H,2,C,N,5,1,1,57,325932,57325932,3,6,1,1,0,0,0,0,0,0,0,998,0,0,0,4,6,2,12,0,0,0,1,13,39813,6,1,6,0,3,0,74,200,98,0,0,0,0,0,0,0,0,0,39,0,0,0,1,2,55,1,1,2,1,20,3,1,17,99,1,1,87,0,0
13,130059,2,2,2,24,1,19,29,12,6,1,0,13,2,20,403,20403,14,2003,1GNDS13S2322,1,G,N,D,S,1,3,S,2,3,2,2,0,0,0,000000000,00000000000,0,0,0,1,0,0,0,0,0,0,0,998,1,0,0,12,6,2,12,0,0,0,1,13,31768,6,1,0,0,3,0,66,130,98,0,0,1,1,7,2011,6,2012,0,0,0,0,0,1,2,55,1,2,2,1,0,0,1,66,1,1,1,86,2,0
13,130060,1,1,1,25,1,14,52,42,0,1,0,13,1,12,16,12016,4,2003,2FAHP71W23X2,2,F,A,H,P,7,1,W,2,3,X,2,0,0,0,000000000,00000000000,0,0,0,1,0,0,0,0,0,0,0,998,0,0,0,12,6,2,42,0,0,0,1,13,39817,6,1,0,0,3,0,66,185,98,1,0,0,0,12,2011,12,2011,0,0,0,0,0,1,2,35,1,1,2,1,0,0,1,12,1,1,4,6,1,0
13,130061,1,1,1,25,1,0,22,33,0,1,0,13,1,37,706,37706,80,1996,1HFSC1806TA0,1,H,F,S,C,1,8,0,6,T,A,0,0,0,0,000000000,00000000000,0,0,0,1,0,0,0,0,0,0,0,998,0,0,0,12,6,2,33,0,0,0,1,13,30906,6,1,0,0,3,2,71,240,98,0,0,0,1,11,2013,11,2013,0,74,0,0,0,2,6,45,1,2,2,1,0,0,1,12,99,1,4,6,1,1
13,130062,1,3,2,27,1,17,20,12,6,1,0,1,3,84,881,84881,62,2006,1HTMMAAM36H1,1,H,T,M,M,A,A,M,3,6,H,1,5,1,57,437420,57437420,2,2,8,1,0,0,0,0,0,0,0,998,0,1,6,12,6,2,1,0,0,0,1,13,30341,6,1,0,0,3,0,70,200,98,0,0,0,1,2,2013,2,2013,0,58,0,0,0,1,2,55,3,1,2,1,28,3,14,10,6,1,2,66,0,0
13,130062,2,3,1,27,1,17,20,12,6,1,0,13,1,41,471,41471,30,2001,4F4YR12UX1TM,4,F,4,Y,R,1,2,U,X,1,T,M,0,0,0,000000000,00000000000,0,0,0,1,0,0,0,0,0,0,0,998,0,0,0,11,6,2,12,0,0,0,1,13,31078,6,1,0,0,3,3,71,185,98,0,0,0,1,3,2012,3,2012,0,0,0,0,0,1,2,55,2,1,2,1,28,3,14,62,99,1,1,66,1,0
13,130062,3,3,1,27,1,17,20,12,6,1,0,13,1,37,31,37031,4,1998,2HGEJ8647WH5,2,H,G,E,J,8,6,4,7,W,H,5,0,0,0,000000000,00000000000,0,0,0,1,0,0,0,0,0,0,0,998,0,0,0,61,6,2,12,0,0,0,1,13,31078,6,1,0,0,3,0,74,180,98,0,0,1,0,6,2012,6,2012,0,0,0,0,0,1,2,55,2,1,2,1,28,3,14,62,7,1,1,98,0,0
13,130063,1,1,1,27,1,7,45,42,0,1,0,13,2,35,472,35472,30,2006,1N6AD07U56C4,1,N,6,A,D,0,7,U,5,6,C,4,0,0,0,000000000,00000000000,0,0,0,1,0,0,0,0,0,0,0,998,0,0,0,11,6,2,42,0,0,0,1,13,30533,1,1,0,0,2,0,70,160,98,1,0,0,0,10,2013,10,2013,0,87,0,0,0,1,2,55,1,1,2,4,28,3,1,5,1,1,4,6,1,0
13,130064,1,2,1,27,1,0,13,8,0,1,0,13,2,35,51,35051,6,2012,JN8AS5MT3CW6,J,N,8,A,S,5,M,T,3,C,W,6,0,0,0,000000000,00000000000,0,0,0,1,0,0,0,0,0,0,0,998,0,0,0,12,4,3,8,0,0,0,1,13,30349,6,1,0,0,3,3,63,250,98,0,0,0,0,0,0,0,0,0,86,0,0,0,1,4,40,1,1,2,1,0,0,1,80,7,1,1,13,0,0
13,130064,2,2,1,27,1,0,13,8,0,1,0,13,2,20,2,20002,4,2006,2G1WC5814691,2,G,1,W,C,5,8,1,4,6,9,1,0,0,0,000000000,00000000000,0,0,0,1,0,0,0,0,0,0,0,998,0,0,0,14,2,5,8,0,0,0,1,13,30349,6,1,0,0,3,0,66,299,98,0,0,0,0,0,0,0,0,0,0,0,0,0,1,4,40,1,1,2,1,0,0,1,80,1,1,1,98,0,0
13,130065,1,1,1,27,1,18,30,8,0,1,0,13,1,23,441,23441,20,1989,1GDDM15Z4KB5,1,G,D,D,M,1,5,Z,4,K,B,5,0,0,0,000000000,00000000000,0,0,0,1,0,0,0,0,0,0,0,998,0,0,0,1,4,5,8,0,0,0,1,13,30274,6,1,0,0,3,0,62,200,98,0,0,0,0,0,0,0,0,0,0,0,0,0,1,4,35,1,1,2,1,0,0,1,80,98,1,1,13,0,0
13,130066,1,2,1,28,1,21,15,12,6,1,0,13,1,12,471,12471,30,2002,1FTYR14V82PB,1,F,T,Y,R,1,4,V,8,2,P,B,0,0,0,000000000,00000000000,0,0,0,1,0,0,0,0,0,0,0,998,0,0,0,12,6,2,12,0,0,0,1,13,31791,6,1,0,0,3,0,72,155,98,0,0,1,3,5,2012,11,2013,0,39,0,0,0,1,2,55,1,1,2,2,20,3,1,17,99,1,1,86,1,1
13,130066,2,2,1,28,1,21,15,12,6,1,0,47,3,85,881,85881,66,2013,1XKAD48X5DJ3,1,X,K,A,D,4,8,X,5,D,J,3,1,1,57,091805,57091805,3,6,1,2,2,1203,3,2,0,0,0,998,0,0,0,4,6,2,12,0,0,0,1,13,31603,6,1,6,1,3,0,68,245,98,2,0,0,1,3,2012,1,2014,0,0,0,0,0,1,2,55,1,1,2,2,0,0,1,66,99,1,1,87,0,0
13,130067,1,1,1,28,1,13,4,34,0,1,0,13,2,12,401,12401,14,1997,1FMDU32X2VZB,1,F,M,D,U,3,2,X,2,V,Z,B,0,0,0,000000000,00000000000,0,0,0,1,0,0,0,0,0,0,0,998,0,1,6,12,6,2,1,0,0,0,1,13,30223,6,1,0,0,3,0,65,280,98,0,0,0,0,0,0,0,0,4,87,0,0,0,1,2,55,1,5,2,3,0,0,1,6,1,1,4,1,1,0
13,130068,1,1,5,28,1,17,28,42,0,1,0,13,2,12,471,12471,30,2004,1FTYR44U14PB,1,F,T,Y,R,4,4,U,1,4,P,B,0,0,0,000000000,00000000000,0,0,0,1,0,0,0,0,0,0,0,998,0,0,0,12,6,2,42,0,0,0,1,13,30252,6,2,0,0,3,2,67,130,98,0,0,0,0,0,0,0,0,4,87,73,0,0,1,2,45,2,2,2,4,0,0,14,6,1,1,4,1,1,0
13,130069,1,1,1,30,1,14,0,24,0,1,0,47,3,85,881,85881,66,2013,1XKAD49X4DJ3,1,X,K,A,D,4,9,X,4,D,J,3,1,1,57,339774,57339774,3,6,1,1,0,0,0,0,0,0,0,998,0,1,1,12,6,2,21,0,0,0,1,47,37072,6,1,6,0,3,0,70,223,0,0,0,1,1,8,2011,8,2013,0,87,0,0,0,3,3,70,3,2,2,4,0,0,14,5,1,2,4,7,1,0
13,130070,1,2,2,30,1,19,14,12,2,1,0,13,2,2,403,2403,14,2000,1J4FA49S4YP7,1,J,4,F,A,4,9,S,4,Y,P,7,0,0,0,000000000,00000000000,0,0,0,1,0,0,0,0,0,0,0,998,0,0,0,12,6,2,12,0,0,0,1,13,30248,6,1,0,0,3,0,72,173,98,0,0,0,0,0,0,0,0,0,0,0,0,0,2,4,65,1,1,1,1,0,0,1,62,99,1,6,51,0,0
13,130070,2,2,1,30,1,19,14,12,2,1,0,45,1,37,32,37032,4,2002,1HGCG56732A0,1,H,G,C,G,5,6,7,3,2,A,0,0,0,0,000000000,00000000000,0,0,0,1,0,0,0,0,0,0,0,998,0,0,0,12,6,2,12,0,0,0,1,45,29910,6,1,0,0,3,0,61,110,0,0,0,0,2,4,2012,1,2013,0,0,0,0,0,2,4,65,1,1,1,1,0,0,1,10,99,1,1,50,1,1
13,130071,1,1,1,30,1,20,32,8,0,1,0,13,2,12,481,12481,31,1999,1FTRX17L0XNA,1,F,T,R,X,1,7,L,0,X,N,A,0,0,0,000000000,00000000000,0,0,0,1,0,0,0,0,0,0,0,998,0,0,0,12,4,5,8,0,0,0,1,13,31406,6,1,0,0,3,3,69,195,98,0,0,0,0,0,0,0,0,0,99,99,99,99,2,4,50,1,1,2,1,0,0,1,80,1,1,1,13,0,0
13,130072,1,1,1,30,1,7,58,35,0,1,0,13,1,12,481,12481,31,2001,1FTRX17W81NB,1,F,T,R,X,1,7,W,8,1,N,B,0,0,0,000000000,00000000000,0,0,0,1,0,0,0,0,0,0,0,998,0,0,0,14,6,2,42,0,0,0,1,13,39818,6,1,0,0,3,0,74,200,98,0,0,0,0,0,0,0,0,0,0,0,0,0,1,2,35,1,1,2,1,0,0,1,13,1,1,4,1,1,1
13,130073,1,2,1,30,1,14,12,12,2,1,0,13,1,49,442,49442,20,2004,5TDZA22C94S1,5,T,D,Z,A,2,2,C,9,4,S,1,0,0,0,000000000,00000000000,0,0,0,1,0,0,0,0,0,0,0,998,0,0,0,12,6,2,12,0,0,0,1,13,31093,6,1,0,0,3,0,60,168,98,0,0,1,0,11,2013,11,2013,0,0,0,0,0,1,2,55,1,1,2,1,28,3,1,10,99,1,1,50,1,0
13,130073,2,2,1,30,1,14,12,12,2,1,0,37,3,84,881,84881,63,2007,1HSHXAHR27J0,1,H,S,H,X,A,H,R,2,7,J,0,1,1,57,121018,57121018,3,4,1,1,0,0,0,0,0,0,0,998,0,0,0,12,6,2,12,0,0,0,1,13,31707,6,1,6,9,3,0,67,190,98,0,0,0,1,2,2011,2,2011,0,0,0,0,0,1,2,55,1,1,2,1,28,3,1,62,99,1,1,51,0,0
13,130074,1,2,1,31,1,18,36,12,6,1,0,13,2,37,32,37032,4,1992,1HGCB7670NA0,1,H,G,C,B,7,6,7,0,N,A,0,0,0,0,000000000,00000000000,0,0,0,1,0,0,0,0,0,0,0,998,0,0,0,9,6,2,12,0,0,0,1,13,30507,6,7,0,0,3,3,62,142,98,0,0,0,0,0,0,0,0,0,38,0,0,0,1,2,35,1,1,2,1,20,3,11,15,99,1,1,68,1,0
13,130074,2,2,2,31,1,18,36,12,6,1,0,13,2,13,401,13401,14,2003,5LMEU78H43ZJ,5,L,M,E,U,7,8,H,4,3,Z,J,0,0,0,000000000,00000000000,0,0,0,1,0,0,0,0,0,0,0,998,0,0,0,12,6,2,12,0,0,0,1,13,30507,6,1,0,0,3,0,65,210,98,0,0,0,1,2,2011,2,2011,0,0,0,0,0,2,4,55,3,1,2,1,0,0,14,67,99,1,1,69,0,0
13,130075,1,1,2,31,1,15,45,35,0,1,0,13,2,20,20,20020,4,1999,2G1WN52K8X91,2,G,1,W,N,5,2,K,8,X,9,1,0,0,0,000000000,00000000000,0,0,0,1,0,0,0,0,0,0,0,998,0,1,6,3,6,2,3,0,0,0,1,13,30455,6,1,0,0,3,0,70,210,98,0,0,0,0,0,0,0,0,4,0,0,0,0,1,2,35,3,1,2,1,0,0,14,13,1,1,4,1,2,1
13,130076,1,1,1,1,2,22,14,24,0,1,0,13,2,20,2,20002,4,1995,1G1BL52W6SR1,1,G,1,B,L,5,2,W,6,S,R,1,0,0,0,000000000,00000000000,0,0,0,1,0,0,0,0,0,0,0,998,0,0,0,8,6,2,42,0,0,0,1,13,30103,6,1,0,0,3,0,74,245,98,2,1,1,0,7,2011,3,2012,0,0,0,0,0,3,3,70,2,5,2,2,0,0,14,12,7,1,4,10,1,1
13,130077,1,1,1,1,2,8,27,42,0,1,0,13,2,23,472,23472,30,2006,1GTCS1363681,1,G,T,C,S,1,3,6,3,6,8,1,0,0,0,000000000,00000000000,0,0,0,1,0,0,0,0,0,0,0,998,0,0,0,9,6,2,42,0,0,0,1,13,30458,6,1,0,0,3,3,65,190,98,0,0,0,0,0,0,0,0,4,0,0,0,0,1,2,55,3,1,2,2,0,0,14,12,6,4,4,7,1,0
13,130078,1,1,1,1,2,4,58,8,0,1,0,99,9,84,881,84881,66,2005,2HSCESBR35C1,2,H,S,C,E,S,B,R,3,5,C,1,1,1,57,63419,5763419,3,6,1,1,0,0,0,0,0,0,0,998,0,0,0,12,4,5,8,0,0,0,1,13,30097,6,1,6,0,3,0,68,200,98,1,0,0,0,10,2013,10,2013,0,0,0,0,0,3,3,45,1,1,2,1,0,0,1,80,1,1,1,13,0,0
13,130079,1,3,1,1,2,18,16,12,6,1,0,13,1,7,402,7402,14,2001,1B4HS28N61F5,1,B,4,H,S,2,8,N,6,1,F,5,0,0,0,000000000,00000000000,0,0,0,1,0,0,0,0,0,0,0,998,0,0,0,12,6,2,12,0,0,0,1,13,30268,6,1,0,0,3,3,70,172,98,0,0,0,1,5,2012,5,2012,0,28,0,0,0,1,2,35,1,1,2,1,0,0,1,10,99,1,2,64,1,0
13,130079,2,3,1,1,2,18,16,12,6,1,0,13,1,12,481,12481,31,2001,1FTRW07L01KB,1,F,T,R,W,0,7,L,0,1,K,B,0,0,0,000000000,00000000000,0,0,0,1,0,0,0,0,0,0,0,998,0,0,0,5,2,5,12,0,0,0,1,13,30215,6,1,0,0,3,0,66,170,98,0,0,0,0,0,0,0,0,0,0,0,0,0,1,2,35,1,1,2,1,0,0,1,62,6,1,2,65,0,0
13,130079,3,3,1,1,2,18,16,12,6,1,0,13,3,7,482,7482,31,2012,3C6JD6AP1CG1,3,C,6,J,D,6,A,P,1,C,G,1,0,0,0,000000000,00000000000,0,0,0,1,0,0,0,0,0,0,0,998,0,0,0,12,6,2,12,0,0,1,1,13,30263,6,1,0,0,3,0,69,195,98,0,0,0,0,0,0,0,0,0,0,0,0,0,1,2,35,1,1,2,1,0,0,1,54,99,1,1,98,0,0
13,130080,1,2,1,1,2,19,12,12,1,1,0,13,1,35,39,35039,4,1998,JN1CA21D6WM9,J,N,1,C,A,2,1,D,6,W,M,9,0,0,0,000000000,00000000000,0,0,0,1,0,0,0,0,0,0,0,998,0,1,1,6,6,2,12,0,0,0,1,13,30043,6,1,0,0,3,0,74,200,98,0,0,0,1,8,2012,8,2012,0,29,35,0,0,2,2,45,1,2,2,1,0,0,6,12,7,3,7,98,0,0