STATE,ST_CASE,VEH_NO,VE_FORMS,NUMOCCS,DAY,MONTH,HOUR,MINUTE,HARM_EV,MAN_COLL,UNITTYPE,HIT_RUN,REG_STAT,OWNER,MAKE,MODEL,MAK_MOD,BODY_TYP,MOD_YEAR,VIN,VIN_1,VIN_2,VIN_3,VIN_4,VIN_5,VIN_6,VIN_7,VIN_8,VIN_9,VIN_10,VIN_11,VIN_12,TOW_VEH,J_KNIFE,MCARR_I1,MCARR_I2,MCARR_ID,GVWR,V_CONFIG,CARGO_BT,HAZ_INV,HAZ_PLAC,HAZ_ID,HAZ_CNO,HAZ_REL,BUS_USE,SPEC_USE,EMER_USE,TRAV_SP,UNDERIDE,ROLLOVER,ROLINLOC,IMPACT1,DEFORMED,TOWED,M_HARM,VEH_SC1,VEH_SC2,FIRE_EXP,DR_PRES,L_STATE,DR_ZIP,L_STATUS,L_TYPE,CDL_STAT,L_ENDORS,L_COMPL,L_RESTRI,DR_HGT,DR_WGT,PREV_ACC,PREV_SUS,PREV_DWI,PREV_SPD,PREV_OTH,FIRST_MO,FIRST_YR,LAST_MO,LAST_YR,SPEEDREL,DR_SF1,DR_SF2,DR_SF3,DR_SF4,VTRAFWAY,VNUM_LAN,VSPD_LIM,VALIGN,VPROFILE,VPAVETYP,VSURCOND,VTRAFCON,VTCONT_F,P_CRASH1,P_CRASH2,P_CRASH3,PCRASH4,PCRASH5,ACC_TYPE,DEATHS,DR_DRINK
13,130273,2,2,2,13,4,12,29,12,2,1,0,13,1,37,706,37706,80,2005,1HFSC52045A2,1,H,F,S,C,5,2,0,4,5,A,2,0,0,0,000000000,00000000000,0,0,0,1,0,0,0,0,0,0,0,998,0,0,0,12,6,2,12,0,0,0,1,13,30560,6,1,0,0,3,0,70,185,98,0,0,0,0,0,0,0,0,0,0,0,0,0,1,2,50,1,5,2,1,0,0,1,62,99,9,1,51,1,0
13,130274,1,2,1,13,4,22,56,12,6,1,0,13,1,37,32,37032,4,1993,JHMCB7685PC0,J,H,M,C,B,7,6,8,5,P,C,0,0,0,0,000000000,00000000000,0,0,0,1,0,0,0,0,0,0,0,998,0,0,0,9,6,2,12,0,0,0,1,13,30168,6,1,0,0,3,0,68,165,98,1,0,1,0,6,2012,7,2012,0,48,0,0,0,5,5,35,3,2,1,1,0,0,12,10,1,1,2,98,1,1
13,130274,2,2,2,13,4,22,56,12,6,1,0,13,2,20,2,20002,4,2004,2G1WF52E8492,2,G,1,W,F,5,2,E,8,4,9,2,0,0,0,000000000,00000000000,0,0,0,1,0,0,0,0,0,0,0,998,0,0,0,12,6,2,12,0,0,0,1,17,60411,1,1,0,0,2,0,73,190,0,3,0,0,3,9,2013,3,2014,0,0,0,0,0,5,5,35,3,2,1,1,0,0,14,60,3,2,9,98,0,0
13,130275,1,1,1,13,4,18,13,8,0,1,1,13,1,12,481,12481,31,1999,1FTZX0724XKA,1,F,T,Z,X,0,7,2,4,X,K,A,0,0,0,000000000,00000000000,0,0,0,1,0,0,0,0,0,0,0,998,0,0,0,12,2,3,8,0,0,0,1,47,37174,0,0,0,0,0,0,65,188,0,0,0,0,0,0,0,0,0,0,39,91,0,0,1,2,25,1,2,2,1,20,3,10,80,1,1,1,13,0,0
13,130276,1,2,1,13,4,19,53,1,0,1,0,13,1,53,706,53706,80,2006,JS1GW71A3621,J,S,1,G,W,7,1,A,3,6,2,1,0,0,0,000000000,00000000000,0,0,0,1,0,0,0,0,0,0,0,998,0,0,0,0,6,2,12,0,0,0,1,13,30677,1,1,0,0,2,3,75,195,98,7,1,2,2,5,2012,5,2013,0,39,36,28,0,1,2,45,1,1,2,1,20,3,10,10,99,1,2,98,1,0
13,130276,2,2,3,13,4,19,53,1,0,1,0,13,1,13,13,13013,4,2008,3LNHM26T18R6,3,L,N,H,M,2,6,T,1,8,R,6,0,0,0,000000000,00000000000,0,0,0,1,0,0,0,0,0,0,0,998,0,0,0,12,6,2,12,0,0,0,1,13,30669,6,1,0,0,3,3,62,230,98,1,0,0,0,6,2011,6,2011,0,0,0,0,0,1,2,55,1,1,2,1,0,0,1,62,99,1,1,98,0,0
13,130277,1,1,1,13,4,13,14,34,0,1,0,13,2,20,421,20421,15,2004,1GNEC13Z74J1,1,G,N,E,C,1,3,Z,7,4,J,1,0,0,0,000000000,00000000000,0,0,0,1,0,0,0,0,0,0,0,998,0,1,1,14,6,2,1,0,0,0,1,13,31763,0,0,0,0,0,0,65,140,98,0,0,0,0,0,0,0,0,0,58,0,0,0,1,2,55,3,1,2,1,0,0,14,13,6,1,4,1,1,1
13,130278,1,1,1,14,4,21,24,34,0,1,0,13,2,14,6,14006,4,2008,2MEFM74V18X6,2,M,E,F,M,7,4,V,1,8,X,6,0,0,0,000000000,00000000000,0,0,0,1,0,0,0,0,0,0,0,998,0,0,0,12,6,2,42,0,0,0,1,13,31007,6,1,0,0,3,3,71,160,98,1,0,0,1,4,2011,4,2011,0,28,0,0,0,1,2,55,3,3,2,1,0,0,14,13,99,1,4,1,1,0
13,130279,1,2,1,15,4,22,37,12,8,1,0,13,1,7,482,7482,31,2011,1D7RB1GP3BS6,1,D,7,R,B,1,G,P,3,B,S,6,0,0,0,000000000,00000000000,0,0,0,1,0,0,0,0,0,0,0,998,0,0,0,11,6,2,12,0,0,0,1,13,30233,6,1,6,0,3,0,71,280,98,0,0,0,0,0,0,0,0,0,28,0,0,0,1,2,55,1,1,2,1,28,3,1,10,99,1,2,64,1,0
13,130279,2,2,1,15,4,22,37,12,8,1,0,93,3,82,884,82884,66,2007,1FUJA6CK47DX,1,F,U,J,A,6,C,K,4,7,D,X,1,1,57,522194,57522194,3,6,1,1,0,0,0,0,0,0,0,998,0,1,6,10,6,2,12,0,0,0,1,13,30058,6,1,6,9,3,0,73,205,98,0,0,0,0,0,0,0,0,0,0,0,0,0,1,2,55,1,1,2,1,28,3,1,62,9,1,1,65,0,0
13,130280,1,2,1,15,4,17,46,12,2,1,0,13,2,37,705,37705,80,1994,1HFSC1814RA8,1,H,F,S,C,1,8,1,4,R,A,8,0,0,0,000000000,00000000000,0,0,0,1,0,0,0,0,0,0,0,998,0,0,0,12,6,2,12,0,0,0,1,13,30901,1,1,5,0,2,0,73,175,98,4,1,0,1,11,2012,11,2012,0,0,0,0,0,1,2,45,2,2,2,1,0,0,14,10,1,1,1,50,1,0
13,130280,2,2,2,15,4,17,46,12,2,1,0,13,2,12,3,12003,2,1998,1FAFP4049WF1,1,F,A,F,P,4,0,4,9,W,F,1,0,0,0,000000000,00000000000,0,0,0,1,0,0,0,0,0,0,0,998,0,0,0,12,6,2,12,0,0,0,1,13,30805,6,1,0,0,3,0,66,180,98,0,0,0,0,0,0,0,0,0,0,0,0,0,1,2,45,3,2,2,1,0,0,14,62,99,1,1,51,0,0
13,130281,1,1,1,16,4,5,48,8,0,1,0,13,1,12,17,12017,4,2006,1FAFP53U66A1,1,F,A,F,P,5,3,U,6,6,A,1,0,0,0,000000000,00000000000,0,0,0,1,0,0,0,0,0,0,0,998,0,0,0,12,4,5,8,0,0,0,1,13,30144,6,1,0,0,3,0,70,178,98,0,0,0,0,0,0,0,0,0,0,0,0,0,3,2,55,1,2,2,1,0,0,1,80,6,1,1,13,0,0
13,130282,1,1,1,16,4,22,31,9,0,1,0,13,1,63,33,63033,4,2009,KNAFE221X956,K,N,A,F,E,2,2,1,X,9,5,6,0,0,0,000000000,00000000000,0,0,0,1,0,0,0,0,0,0,0,998,0,0,0,12,4,5,9,0,0,0,1,13,30161,6,1,0,0,3,3,70,250,98,0,0,0,1,4,2014,4,2014,0,0,0,0,0,3,2,55,1,1,2,1,0,0,1,80,1,1,1,13,0,0
13,130283,1,3,1,16,4,18,25,12,8,1,0,13,2,35,47,35047,4,1998,1N4DL01D6WC2,1,N,4,D,L,0,1,D,6,W,C,2,0,0,0,000000000,00000000000,0,0,0,1,0,0,0,0,0,0,0,998,0,0,0,11,6,2,12,0,0,0,1,13,30233,6,2,0,0,3,0,72,150,98,0,0,0,0,0,0,0,0,0,0,0,0,0,1,2,55,2,6,2,1,28,3,14,10,99,1,2,64,1,0
13,130283,2,3,1,16,4,18,25,12,8,1,0,13,1,41,52,41052,6,2013,JM1CW2BL3D01,J,M,1,C,W,2,B,L,3,D,0,1,0,0,0,000000000,00000000000,0,0,0,1,0,0,0,0,0,0,0,998,0,1,1,8,6,2,1,0,0,0,1,13,30248,6,1,0,0,3,0,65,135,98,0,0,0,0,0,0,0,0,0,0,0,0,0,1,2,55,3,5,2,1,28,3,14,62,99,1,1,65,0,0
13,130283,3,3,3,16,4,18,25,12,8,1,0,13,1,7,482,7482,31,2006,3D7KS28C36G1,3,D,7,K,S,2,8,C,3,6,G,1,0,0,0,000000000,00000000000,0,0,0,1,0,0,0,0,0,0,0,998,0,0,0,12,6,2,12,0,0,0,1,13,30248,6,1,0,0,3,0,74,215,98,0,0,0,0,0,0,0,0,0,0,0,0,0,1,2,55,3,5,2,1,28,3,14,62,99,1,1,98,0,0
13,130284,1,2,1,17,4,11,51,12,6,1,0,12,1,12,422,12422,15,2002,1FMFU16L22LA,1,F,M,F,U,1,6,L,2,2,L,A,0,0,0,000000000,00000000000,0,0,0,1,0,0,0,0,0,0,0,998,0,0,0,9,6,2,12,0,0,0,1,13,30106,6,1,0,0,3,3,69,160,98,0,0,0,0,0,0,0,0,0,48,0,0,0,1,4,45,1,1,2,1,0,0,12,98,1,1,2,98,1,0
13,130284,2,2,1,17,4,11,51,12,6,1,0,13,3,98,898,98898,63,2008,5VCDC6BE68H2,5,V,C,D,C,6,B,E,6,8,H,2,0,0,5,7198696,057198696,3,2,1,1,0,0,0,0,0,0,0,998,0,0,0,12,4,3,12,0,0,0,1,13,30134,6,1,6,0,3,0,71,260,98,0,0,0,0,0,0,0,0,0,0,0,0,0,1,2,45,1,1,2,1,0,0,1,61,99,1,1,98,0,0
13,130285,1,3,1,17,4,12,17,12,6,1,0,13,1,20,16,20016,2,2001,1G1JC1248171,1,G,1,J,C,1,2,4,8,1,7,1,0,0,0,000000000,00000000000,0,0,0,1,0,0,0,0,0,0,0,998,0,0,0,9,6,2,12,0,0,0,1,13,31721,6,1,0,0,3,1,64,180,98,0,0,0,0,0,0,0,0,0,38,0,0,0,0,0,0,0,0,0,0,20,3,11,15,99,1,1,68,1,0
13,130285,2,3,2,17,4,12,17,12,6,1,0,13,2,23,421,23421,15,2001,1GKEC13T61R1,1,G,K,E,C,1,3,T,6,1,R,1,0,0,0,000000000,00000000000,0,0,0,1,0,0,0,0,0,0,0,998,0,0,0,12,6,2,12,0,0,0,1,13,31721,6,1,0,0,3,0,70,190,98,0,0,0,2,11,2011,8,2012,0,0,0,0,0,1,4,45,1,1,2,1,0,0,1,72,99,1,1,69,0,0
13,130285,3,3,2,17,4,12,17,12,6,1,0,37,2,35,481,35481,31,2007,1N6BA07B77N2,1,N,6,B,A,0,7,B,7,7,N,2,0,0,0,000000000,00000000000,0,0,0,1,0,0,0,0,0,0,0,998,0,0,0,9,4,5,12,0,0,0,1,13,31763,6,1,0,0,3,0,69,140,98,0,0,0,0,0,0,0,0,0,0,0,0,0,1,4,45,1,1,2,1,0,0,1,62,99,1,1,98,0,0
13,130286,1,2,1,17,4,16,21,12,2,1,0,13,1,20,37,20037,4,2003,1G1NE52J73M6,1,G,1,N,E,5,2,J,7,3,M,6,0,0,0,000000000,00000000000,0,0,0,1,0,0,0,0,0,0,0,998,0,0,0,12,6,2,12,0,0,0,1,13,30004,6,1,0,0,3,3,73,286,98,0,0,0,0,0,0,0,0,0,0,0,0,0,1,2,45,4,2,2,1,0,0,14,10,99,1,2,50,1,1
13,130286,2,2,1,17,4,16,21,12,2,1,0,13,1,12,461,12461,21,2004,1FTNE24W64HA,1,F,T,N,E,2,4,W,6,4,H,A,0,0,0,000000000,00000000000,0,0,0,1,0,0,0,0,0,0,0,998,0,0,0,12,6,2,12,0,0,0,1,13,30047,6,1,0,0,3,0,74,225,98,1,0,0,0,4,2011,4,2011,0,0,0,0,0,1,2,45,4,2,2,1,0,0,14,62,99,1,1,51,0,0
13,130287,1,1,1,17,4,23,39,33,0,1,0,13,1,76,706,76706,80,2012,JYARN23E6CA0,J,Y,A,R,N,2,3,E,6,C,A,0,0,0,0,000000000,00000000000,0,0,0,1,0,0,0,0,0,0,0,998,0,0,0,99,6,2,30,0,0,0,1,13,30047,6,1,0,0,3,0,71,200,98,0,0,0,0,0,0,0,0,4,0,0,0,0,1,2,25,1,2,2,1,0,0,1,13,99,2,4,1,1,1
13,130288,1,2,2,17,4,17,55,12,2,1,0,13,1,20,23,20023,6,2006,3GNDA23D76S6,3,G,N,D,A,2,3,D,7,6,S,6,0,0,0,000000000,00000000000,0,0,0,1,0,0,0,0,0,0,0,998,0,0,0,12,6,2,12,0,0,0,1,13,30179,6,1,0,0,3,0,65,157,98,0,0,0,1,8,2011,8,2011,0,0,0,0,0,1,2,55,1,1,2,1,0,0,1,9,99,1,2,50,1,0
13,130288,2,2,2,17,4,17,55,12,2,1,0,13,1,20,421,20421,15,1998,1GNCS13W3W22,1,G,N,C,S,1,3,W,3,W,2,2,0,0,0,000000000,00000000000,0,0,0,1,0,0,0,0,0,0,0,998,0,0,0,12,6,2,12,32,0,0,1,13,30179,6,1,0,0,3,0,63,280,98,0,0,0,0,0,0,0,0,0,0,0,0,0,1,2,55,1,1,2,1,0,0,1,62,99,1,1,51,0,0
13,130289,1,1,2,17,4,20,36,8,0,1,0,13,1,7,442,7442,20,1994,2B4GH45R5RR7,2,B,4,G,H,4,5,R,5,R,R,7,0,0,0,000000000,00000000000,0,0,0,1,0,0,0,0,0,0,0,998,0,0,0,12,4,3,8,0,0,0,1,13,30904,6,1,0,0,3,3,70,220,98,0,0,0,1,1,2013,1,2013,0,0,0,0,0,5,4,45,1,1,2,1,0,0,1,80,99,1,1,13,0,0
13,130290,1,1,1,17,4,3,50,42,0,1,0,13,1,12,442,12442,20,1998,2FMDA5142WBA,2,F,M,D,A,5,1,4,2,W,B,A,0,0,0,000000000,00000000000,0,0,0,1,0,0,0,0,0,0,0,998,0,1,6,12,6,2,42,0,0,0,1,13,30011,6,1,6,0,3,1,74,300,98,0,0,0,0,0,0,0,0,0,58,0,0,0,3,2,55,2,6,2,1,28,3,14,12,99,1,4,6,1,0
13,130291,1,1,1,17,4,17,29,8,0,1,0,13,3,98,898,98898,63,2000,KMFVC88D4YC0,K,M,F,V,C,8,8,D,4,Y,C,0,0,0,57,588192,57588192,3,2,5,1,0,0,0,0,0,0,0,998,0,0,0,12,2,5,8,0,0,0,1,13,31560,6,1,6,0,3,0,68,148,98,0,0,1,0,8,2012,8,2012,0,86,0,0,0,5,4,35,1,1,2,1,0,0,1,80,6,1,1,13,0,0
13,130292,1,2,1,18,4,16,11,12,8,1,0,13,3,84,881,84881,66,2003,3HSCEAPR13N0,3,H,S,C,E,A,P,R,1,3,N,0,1,1,57,341239,57341239,3,6,3,1,0,0,0,0,0,0,0,998,0,0,0,7,2,5,12,0,0,0,1,13,30906,6,1,6,0,3,0,71,230,98,0,0,0,1,1,2014,1,2014,0,0,0,0,0,1,4,45,1,1,2,2,0,0,1,62,99,1,1,66,0,0
13,130292,2,2,1,18,4,16,11,12,8,1,0,0,0,99,709,99709,81,2012,000000000000,0,0,0,0,0,0,0,0,0,0,0,0,0,0,0,000000000,00000000000,0,0,0,1,0,0,0,0,0,0,0,998,0,0,0,11,6,2,12,0,0,0,1,13,30907,6,7,0,0,1,0,69,195,98,0,0,0,0,0,0,0,0,4,87,0,0,0,1,4,45,1,1,2,2,0,0,1,10,99,1,1,66,1,0
13,130293,1,1,2,18,4,15,49,42,0,1,0,13,3,87,882,87882,62,2003,1NPZL00X53D7,1,N,P,Z,L,0,0,X,5,3,D,7,0,0,57,198696,57198696,2,2,7,1,0,0,0,0,0,0,0,998,0,0,0,12,6,2,42,0,0,0,1,13,30058,6,1,6,0,3,0,67,160,98,0,0,0,0,0,0,0,0,4,0,0,0,0,1,2,45,3,1,2,2,0,0,14,13,99,1,4,1,1,0
13,130294,1,2,4,18,4,20,11,12,1,1,0,13,1,53,402,53402,14,1998,2S3TC02C3W64,2,S,3,T,C,0,2,C,3,W,6,4,0,0,0,000000000,00000000000,0,0,0,1,0,0,0,0,0,0,0,998,0,1,6,6,6,2,12,0,0,0,1,13,30117,6,1,0,0,3,0,66,250,98,2,0,2,2,5,2011,3,2014,4,0,0,0,0,1,2,50,2,6,2,2,0,0,14,10,99,3,2,66,2,0
13,130294,2,2,1,18,4,20,11,12,1,1,0,13,3,82,884,82884,66,1993,1FUYDZYB6PH4,1,F,U,Y,D,Z,Y,B,6,P,H,4,1,3,57,1678940,571678940,3,6,1,1,0,0,0,0,0,0,0,998,0,0,0,12,6,2,12,0,0,0,1,1,36269,6,1,6,0,3,3,73,220,0,0,0,1,0,8,2011,8,2011,0,84,0,0,0,1,2,50,3,5,2,2,0,0,14,62,98,1,1,66,0,0
13,130295,1,1,1,19,4,13,33,33,0,1,0,13,2,23,481,23481,31,1996,1GTEC14MXTE5,1,G,T,E,C,1,4,M,X,T,E,5,0,0,0,000000000,00000000000,0,0,0,1,0,0,0,0,0,0,0,998,0,0,0,98,6,2,8,0,0,0,1,13,31217,6,2,0,0,3,0,69,204,98,0,0,0,0,0,0,0,0,0,0,0,0,0,5,4,45,1,1,1,1,0,0,1,9,99,7,4,2,0,0
13,130296,1,2,1,19,4,0,56,12,6,1,0,13,1,12,3,12003,2,1989,1FABP42E4KF3,1,F,A,B,P,4,2,E,4,K,F,3,0,0,0,000000000,00000000000,0,0,0,1,0,0,0,0,0,0,0,0,0,0,0,2,6,2,12,0,0,0,1,13,30103,6,1,0,0,3,0,67,240,98,0,0,0,2,8,2012,9,2012,0,54,0,0,0,3,3,70,1,6,2,2,0,0,5,98,1,1,1,48,1,1
13,130296,2,2,4,19,4,0,56,12,6,1,0,13,2,7,881,7881,61,2012,3C63DRGL3CG1,3,C,6,3,D,R,G,L,3,C,G,1,5,1,88,888888888,88888888888,2,1,1,1,0,0,0,0,0,0,0,998,0,0,0,12,6,2,12,0,0,0,1,13,30734,6,1,0,0,3,0,73,170,98,0,0,0,0,0,0,0,0,0,0,0,0,0,3,3,70,1,6,2,2,0,0,1,50,1,1,1,48,0,0
13,130297,1,1,5,19,4,22,26,18,0,1,0,13,2,35,39,35039,4,1999,JN1CA21D2XM4,J,N,1,C,A,2,1,D,2,X,M,4,0,0,0,000000000,00000000000,0,0,0,1,0,0,0,0,0,0,0,998,0,0,0,12,6,2,18,0,0,0,1,13,30427,6,1,0,0,3,0,57,140,98,0,0,0,0,0,0,0,0,0,0,0,0,0,1,2,45,1,1,2,2,0,0,1,90,1,1,1,12,1,0
13,130298,1,1,1,19,4,11,0,24,0,1,0,47,3,85,884,85884,66,2012,1XKAD49X0CJ3,1,X,K,A,D,4,9,X,0,C,J,3,1,1,57,0058068,570058068,3,6,1,1,0,0,0,0,0,0,0,998,0,0,0,1,6,2,24,0,0,0,1,13,30720,6,1,6,0,3,0,74,265,98,2,0,1,2,5,2011,3,2014,0,0,0,0,0,3,3,70,1,1,2,1,0,0,1,13,99,1,4,1,1,1
13,130299,1,1,2,20,4,3,42,30,0,1,0,13,2,52,34,52034,4,2003,4A3AA46G43E0,4,A,3,A,A,4,6,G,4,3,E,0,0,0,0,000000000,00000000000,0,0,0,1,0,0,0,0,0,0,0,998,0,0,0,12,6,2,30,0,0,0,1,13,30276,6,1,5,0,3,0,65,210,98,1,0,2,0,10,2013,1,2014,0,0,0,0,0,1,4,35,1,1,2,1,0,0,1,13,1,1,4,1,1,0
13,130300,1,1,1,20,4,10,12,32,0,1,0,13,2,30,47,30047,1,2006,3VWRF31Y76M3,3,V,W,R,F,3,1,Y,7,6,M,3,0,0,0,000000000,00000000000,0,0,0,1,0,0,0,0,0,0,0,998,0,0,0,12,6,2,32,0,0,0,1,13,30512,6,1,0,0,3,0,64,175,98,0,0,0,0,0,0,0,0,0,0,0,0,0,1,2,55,3,4,2,1,28,3,14,13,99,1,4,1,1,0
13,130301,1,1,1,20,4,4,44,8,0,1,0,13,2,22,2,22002,4,1994,1G2HX52L8R42,1,G,2,H,X,5,2,L,8,R,4,2,0,0,0,000000000,00000000000,0,0,0,1,0,0,0,0,0,0,0,998,0,0,0,3,4,3,8,0,0,0,1,13,30349,6,1,5,0,3,0,63,170,98,3,0,2,0,6,2011,9,2013,0,27,0,0,0,3,4,55,1,1,1,1,0,0,15,80,99,1,1,13,0,1
13,130302,1,1,1,20,4,18,43,42,0,1,0,0,0,98,739,98739,90,2006,000000000000,0,0,0,0,0,0,0,0,0,0,0,0,0,0,0,000000000,00000000000,0,0,0,1,0,0,0,0,0,0,0,998,0,0,0,12,6,2,42,0,0,0,1,13,31313,1,1,0,0,1,0,73,175,98,3,0,0,0,10,2012,8,2013,0,0,0,0,0,1,2,10,2,1,2,1,0,0,14,12,99,1,4,6,1,1
13,130303,1,1,1,21,4,0,8,8,0,1,1,99,9,99,999,99999,99,9999,999999999999,9,9,9,9,9,9,9,9,9,9,9,9,0,0,0,000000000,00000000000,0,0,0,1,0,0,0,0,0,0,0,999,0,0,0,12,9,5,8,0,0,0,1,13,31415,6,1,0,0,3,0,61,185,98,0,0,0,0,0,0,0,0,9,99,99,99,99,1,4,35,1,1,2,1,0,0,1,80,99,1,1,13,0,0
13,130304,1,3,1,21,4,13,32,12,6,1,0,13,1,49,442,49442,20,2011,5TDXK3DC4BS0,5,T,D,X,K,3,D,C,4,B,S,0,0,0,0,000000000,00000000000,0,0,0,1,0,0,0,0,0,0,0,998,0,0,0,3,6,2,12,0,0,0,1,13,30064,6,1,0,0,3,0,71,200,98,0,0,0,0,0,0,0,0,0,38,0,0,0,3,3,45,1,1,2,1,3,3,11,15,99,1,1,68,0,0
13,130304,2,3,2,21,4,13,32,12,6,1,0,13,1,49,40,49040,6,1993,4T1SK12W9PU2,4,T,1,S,K,1,2,W,9,P,U,2,0,0,0,000000000,00000000000,0,0,0,1,0,0,0,0,0,0,0,998,0,0,0,12,6,2,12,0,0,0,1,13,30354,6,1,0,0,3,0,62,110,98,0,0,0,0,0,0,0,0,0,0,0,0,0,3,3,45,1,1,2,1,3,3,1,62,99,1,1,69,1,0
13,130304,3,3,2,21,4,13,32,12,6,1,0,13,1,20,403,20403,14,2008,1GNDS13S8821,1,G,N,D,S,1,3,S,8,8,2,1,0,0,0,000000000,00000000000,0,0,0,1,0,0,0,0,0,0,0,0,0,0,0,1,2,5,12,0,0,0,1,13,30127,6,1,0,0,3,0,63,220,98,4,0,0,0,6,2011,6,2011,0,0,0,0,0,1,2,45,1,1,2,1,3,3,5,78,99,1,1,98,0,0
13,130305,1,1,3,21,4,4,13,40,0,1,0,13,2,12,16,12016,4,2002,2FAFP73W42X1,2,F,A,F,P,7,3,W,4,2,X,1,0,0,0,000000000,00000000000,0,0,0,1,0,0,0,0,0,0,0,998,0,1,6,8,6,2,30,0,0,0,1,13,30415,1,1,5,0,2,0,72,200,98,3,1,0,0,2,2012,2,2012,0,0,0,0,0,5,4,55,3,1,2,1,0,0,14,13,99,1,4,1,1,0
13,130306,1,1,1,21,4,15,24,1,0,1,0,13,1,18,22,18022,4,2005,2G4WC5627512,2,G,4,W,C,5,6,2,7,5,1,2,0,0,0,000000000,00000000000,0,0,0,1,0,0,0,0,0,0,0,998,0,1,5,0,6,2,1,0,0,0,1,13,30646,6,1,0,0,3,0,75,245,98,0,0,0,0,0,0,0,0,0,0,0,0,0,1,2,45,3,6,2,1,28,3,14,13,99,1,4,1,1,0
13,130307,1,2,2,22,4,16,28,12,6,1,0,13,1,47,35,47035,4,2008,YS3FH41U8811,Y,S,3,F,H,4,1,U,8,8,1,1,0,0,0,000000000,00000000000,0,0,0,1,0,0,0,0,0,0,0,998,0,0,0,9,6,2,12,0,0,0,1,13,30188,6,1,0,0,3,3,65,165,98,0,0,0,0,0,0,0,0,0,39,0,0,0,1,3,45,1,1,2,8,20,3,11,15,99,1,1,68,1,0
13,130307,2,2,1,22,4,16,28,12,6,1,0,13,1,2,404,2404,14,2000,1J4G248S4YC1,1,J,4,G,2,4,8,S,4,Y,C,1,0,0,0,000000000,00000000000,0,0,0,1,0,0,0,0,0,0,0,998,0,0,0,12,6,2,12,0,0,0,1,13,30066,6,1,0,0,3,0,71,190,98,0,0,0,1,9,2011,9,2011,0,0,0,0,0,2,2,45,3,1,2,1,0,0,14,67,99,1,1,69,0,0
13,130308,1,2,1,23,4,6,21,12,2,1,0,13,1,53,706,53706,80,2011,JS1GT78A1B21,J,S,1,G,T,7,8,A,1,B,2,1,0,0,0,000000000,00000000000,0,0,0,1,0,0,0,0,0,0,0,998,0,0,0,12,6,2,12,0,0,0,1,13,31312,6,1,0,0,3,3,73,205,98,0,0,0,2,2,2012,2,2012,5,36,0,0,0,1,2,55,1,1,2,1,0,0,6,10,99,1,2,50,1,0
13,130308,2,2,1,23,4,6,21,12,2,1,0,13,1,37,705,37705,80,2005,JH2PC213X5M6,J,H,2,P,C,2,1,3,X,5,M,6,0,0,0,000000000,00000000000,0,0,0,1,0,0,0,0,0,0,0,998,0,0,0,12,6,2,12,0,0,0,1,13,30415,6,1,0,0,3,1,73,210,98,0,0,0,0,0,0,0,0,0,0,0,0,0,1,2,55,1,1,2,1,0,0,1,62,99,1,1,51,0,0
13,130309,1,1,1,23,4,12,30,42,0,1,0,13,1,22,16,22016,2,2003,1G2JB12F0372,1,G,2,J,B,1,2,F,0,3,7,2,0,0,0,000000000,00000000000,0,0,0,1,0,0,0,0,0,0,0,998,0,0,0,9,6,2,42,0,0,0,1,13,30535,6,1,0,0,3,3,63,110,98,0,0,0,0,0,0,0,0,3,58,0,0,0,1,2,55,1,6,2,1,28,3,1,13,99,3,4,2,1,0
13,130310,1,2,1,23,4,10,32,12,6,1,0,94,3,12,481,12481,31,2002,1FTRF17WX2NB,1,F,T,R,F,1,7,W,X,2,N,B,0,0,0,000000000,00000000000,0,0,0,1,0,0,0,0,0,0,0,998,0,0,0,12,6,2,12,0,0,0,1,13,30241,6,1,0,0,3,0,68,170,98,0,0,0,0,0,0,0,0,0,0,0,0,0,1,2,55,2,1,2,1,28,3,14,10,99,1,2,66,1,0
13,130310,2,2,1,23,4,10,32,12,6,1,0,93,3,84,881,84881,66,2005,2HSCESBR85C1,2,H,S,C,E,S,B,R,8,5,C,1,1,1,57,1925655,571925655,3,6,1,1,0,0,0,0,0,0,0,998,0,0,0,11,6,2,12,0,0,0,1,13,30230,6,1,6,0,3,1,70,210,98,0,0,0,0,0,0,0,0,0,0,0,0,0,1,2,55,3,1,2,1,28,3,14,62,99,1,1,66,0,0
13,130311,1,2,1,24,4,6,0,12,6,1,0,37,2,6,441,6441,20,2001,2C4GP54L21R4,2,C,4,G,P,5,4,L,2,1,R,4,0,0,0,000000000,00000000000,0,0,0,1,0,0,0,0,0,0,0,998,0,0,0,9,6,2,12,0,0,0,1,13,30143,1,1,0,0,2,0,74,165,98,0,0,0,0,0,0,0,0,0,0,0,0,0,1,2,55,1,6,2,1,20,3,11,15,99,1,1,68,1,1
13,130311,2,2,1,24,4,6,0,12,6,1,0,13,3,82,884,82884,64,1995,1FUYDSYB9SP7,1,F,U,Y,D,S,Y,B,9,S,P,7,0,0,57,1378964,571378964,3,2,1,1,0,0,0,0,0,0,0,998,0,0,0,12,6,2,12,0,0,0,1,13,30115,6,1,6,9,3,1,67,158,98,0,0,0,0,0,0,0,0,0,0,0,0,0,1,2,55,1,6,2,1,28,3,1,67,99,1,1,69,0,0