STATE,ST_CASE,VEH_NO,VE_FORMS,NUMOCCS,DAY,MONTH,HOUR,MINUTE,HARM_EV,MAN_COLL,UNITTYPE,HIT_RUN,REG_STAT,OWNER,MAKE,MODEL,MAK_MOD,BODY_TYP,MOD_YEAR,VIN,VIN_1,VIN_2,VIN_3,VIN_4,VIN_5,VIN_6,VIN_7,VIN_8,VIN_9,VIN_10,VIN_11,VIN_12,TOW_VEH,J_KNIFE,MCARR_I1,MCARR_I2,MCARR_ID,GVWR,V_CONFIG,CARGO_BT,HAZ_INV,HAZ_PLAC,HAZ_ID,HAZ_CNO,HAZ_REL,BUS_USE,SPEC_USE,EMER_USE,TRAV_SP,UNDERIDE,ROLLOVER,ROLINLOC,IMPACT1,DEFORMED,TOWED,M_HARM,VEH_SC1,VEH_SC2,FIRE_EXP,DR_PRES,L_STATE,DR_ZIP,L_STATUS,L_TYPE,CDL_STAT,L_ENDORS,L_COMPL,L_RESTRI,DR_HGT,DR_WGT,PREV_ACC,PREV_SUS,PREV_DWI,PREV_SPD,PREV_OTH,FIRST_MO,FIRST_YR,LAST_MO,LAST_YR,SPEEDREL,DR_SF1,DR_SF2,DR_SF3,DR_SF4,VTRAFWAY,VNUM_LAN,VSPD_LIM,VALIGN,VPROFILE,VPAVETYP,VSURCOND,VTRAFCON,VTCONT_F,P_CRASH1,P_CRASH2,P_CRASH3,PCRASH4,PCRASH5,ACC_TYPE,DEATHS,DR_DRINK
13,130312,1,2,1,25,4,23,29,12,2,1,0,51,1,20,481,20481,32,2002,2GCEK19T6212,2,G,C,E,K,1,9,T,6,2,1,2,0,0,0,000000000,00000000000,0,0,0,1,0,0,0,0,0,0,0,998,0,0,0,12,6,2,12,0,0,0,1,12,32210,6,1,0,0,3,0,66,999,0,0,0,1,0,7,2013,7,2013,0,0,0,0,0,1,2,55,1,1,2,1,28,3,1,10,99,1,1,50,0,0
13,130312,2,2,3,25,4,23,29,12,2,1,0,13,2,9,20,9020,4,2001,1P3ES46C21D2,1,P,3,E,S,4,6,C,2,1,D,2,0,0,0,000000000,00000000000,0,0,0,1,0,0,0,0,0,0,0,998,0,0,0,12,6,2,12,0,0,0,1,13,31516,6,1,0,0,3,0,66,198,98,0,0,0,0,0,0,0,0,0,0,0,0,0,1,2,55,1,1,2,1,28,3,1,62,99,1,1,51,2,0
13,130313,1,2,1,25,4,19,0,12,7,1,0,13,1,53,709,53709,80,2006,JS1GN7DA1621,J,S,1,G,N,7,D,A,1,6,2,1,0,0,0,000000000,00000000000,0,0,0,1,0,0,0,0,0,0,0,998,0,0,0,7,6,2,12,0,0,0,1,13,30041,6,1,0,0,3,0,68,140,98,1,0,1,2,9,2012,3,2013,0,0,0,0,0,2,2,35,1,1,1,1,0,0,15,10,99,1,2,47,1,0
13,130313,2,2,1,25,4,19,0,12,7,1,0,13,3,12,422,12422,15,2008,1FMFU15558LA,1,F,M,F,U,1,5,5,5,8,L,A,0,0,0,000000000,00000000000,0,0,0,1,0,0,0,0,0,0,0,998,0,0,0,1,2,3,12,0,0,0,1,13,30024,6,1,0,0,3,0,69,175,98,0,0,1,0,5,2012,5,2012,0,0,0,0,0,2,2,35,1,1,1,1,0,0,1,62,99,1,1,45,0,0
13,130314,1,1,3,26,4,8,24,30,0,1,0,13,4,63,401,63401,14,2014,KNDPB3AC5E75,K,N,D,P,B,3,A,C,5,E,7,5,0,0,0,000000000,00000000000,0,0,0,1,0,0,0,0,0,0,0,998,0,0,0,12,6,2,30,0,0,0,1,13,30161,6,1,0,0,3,0,65,215,98,1,0,1,1,12,2012,12,2012,0,0,0,0,0,5,4,40,1,1,2,1,0,0,1,12,99,1,4,6,1,0
13,130315,1,4,1,26,4,2,38,12,1,1,0,13,1,12,23,12023,4,2010,3FAHP0JG3AR2,3,F,A,H,P,0,J,G,3,A,R,2,0,0,0,000000000,00000000000,0,0,0,1,0,0,0,0,0,0,0,998,0,0,0,12,4,3,12,0,0,0,1,13,30043,6,1,0,0,3,0,61,115,98,0,0,0,0,0,0,0,0,2,36,0,0,0,1,2,25,3,1,2,1,0,0,10,51,99,1,1,24,0,0
13,130315,2,4,1,26,4,2,38,12,1,1,0,13,2,73,709,73709,89,2005,JKAEXMF195DA,J,K,A,E,X,M,F,1,9,5,D,A,0,0,0,000000000,00000000000,0,0,0,1,0,0,0,0,0,0,0,998,0,0,0,6,6,2,12,0,0,0,1,13,30043,6,1,5,0,3,3,69,150,98,4,2,1,1,11,2011,3,2014,0,0,0,0,0,1,2,25,3,1,2,1,0,0,10,53,99,1,1,27,1,0
13,130315,3,4,1,26,4,2,38,12,1,1,0,13,2,37,31,37031,2,2004,SHHEP335X4U5,S,H,H,E,P,3,3,5,X,4,U,5,0,0,0,000000000,00000000000,0,0,0,1,0,0,0,0,0,0,0,998,0,0,0,12,4,3,18,0,0,0,1,13,30519,6,1,0,0,3,3,67,260,98,0,0,1,0,1,2014,1,2014,2,36,0,0,0,1,2,25,3,1,2,1,0,0,14,90,99,1,1,98,0,0
13,130315,4,4,1,26,4,2,38,12,1,1,0,13,1,37,31,37031,2,1995,1HGEJ2126SL0,1,H,G,E,J,2,1,2,6,S,L,0,0,0,0,000000000,00000000000,0,0,0,1,0,0,0,0,0,0,0,998,0,0,0,12,4,5,12,0,0,0,1,13,30519,6,1,0,0,3,0,63,130,98,0,0,0,0,0,0,0,0,3,91,0,0,0,1,2,25,3,1,2,1,0,0,14,99,99,1,1,98,0,0
13,130316,1,2,2,26,4,21,58,12,6,1,0,13,2,12,481,12481,31,2002,1FTRW08L72KE,1,F,T,R,W,0,8,L,7,2,K,E,0,0,0,000000000,00000000000,0,0,0,1,0,0,0,0,0,0,0,998,0,0,0,12,6,2,12,0,0,0,1,13,31503,6,2,0,0,3,0,63,120,98,0,0,0,1,2,2013,2,2013,0,39,0,0,0,1,2,55,1,1,2,1,20,3,1,17,99,1,1,88,0,0
13,130316,2,2,5,26,4,21,58,12,6,1,0,13,3,12,461,12461,21,1999,1FBSS31L0XHB,1,F,B,S,S,3,1,L,0,X,H,B,0,0,0,000000000,00000000000,0,0,0,1,0,0,0,0,0,0,0,998,0,0,0,9,6,2,12,0,0,0,1,13,31769,6,1,0,0,3,0,74,352,98,0,0,0,0,0,0,0,0,0,0,0,0,0,1,2,55,1,5,2,1,0,0,1,66,99,1,1,89,1,0
13,130317,1,1,1,27,4,18,1,42,0,1,0,13,2,37,706,37706,80,1990,JH2SC2404LM0,J,H,2,S,C,2,4,0,4,L,M,0,0,0,0,000000000,00000000000,0,0,0,1,0,0,0,0,0,0,0,998,0,0,0,12,6,2,42,0,0,0,1,13,31643,1,1,0,0,2,0,73,225,98,2,0,0,1,5,2011,2,2013,4,0,0,0,0,1,2,55,3,1,2,1,0,0,14,13,99,1,4,1,1,1
13,130318,1,1,1,27,4,0,54,30,0,1,0,13,1,37,709,37709,80,2000,1HFSC1807YA4,1,H,F,S,C,1,8,0,7,Y,A,4,0,0,0,000000000,00000000000,0,0,0,1,0,0,0,0,0,0,0,998,0,0,0,12,6,2,30,0,0,0,1,13,30316,6,1,0,0,3,0,72,230,98,0,0,0,1,4,2012,4,2012,0,99,99,99,99,1,2,25,3,1,2,1,0,0,14,13,99,1,4,1,1,0
13,130319,1,1,1,27,4,19,5,8,0,1,0,13,1,14,6,14006,4,2003,2MEFM75WX3X6,2,M,E,F,M,7,5,W,X,3,X,6,0,0,0,000000000,00000000000,0,0,0,1,0,0,0,0,0,0,0,998,0,0,0,12,2,5,8,0,0,0,1,13,30635,6,1,0,0,3,0,72,220,98,0,0,0,0,0,0,0,0,0,0,0,0,0,1,2,55,1,1,2,1,0,0,1,80,99,1,1,13,0,0
13,130320,1,1,1,27,4,1,33,58,0,1,0,13,1,72,709,72709,80,2008,1HD1FF4198Y6,1,H,D,1,F,F,4,1,9,8,Y,6,0,0,0,000000000,00000000000,0,0,0,1,0,0,0,0,0,0,0,998,0,0,0,81,2,3,58,0,0,0,1,13,30076,6,1,6,0,3,0,71,180,98,0,0,0,0,0,0,0,0,0,79,0,0,0,1,2,35,3,2,2,11,0,0,14,5,99,2,1,98,1,1
13,130321,1,2,1,27,4,16,25,12,6,1,0,13,1,49,46,49046,4,2006,JTDKB20U2631,J,T,D,K,B,2,0,U,2,6,3,1,0,0,0,000000000,00000000000,0,0,0,1,0,0,0,0,0,0,0,998,0,0,0,12,2,5,12,0,0,0,1,13,30306,6,1,0,0,3,0,68,150,98,0,0,0,2,1,2012,4,2013,0,38,0,0,0,0,0,0,0,0,0,0,0,0,11,98,99,1,1,74,0,0
13,130321,2,2,1,27,4,16,25,12,6,1,0,13,1,73,706,73706,80,2004,JKAZGCA104B5,J,K,A,Z,G,C,A,1,0,4,B,5,0,0,0,000000000,00000000000,0,0,0,1,0,0,0,0,0,0,0,998,0,0,0,9,6,2,12,0,0,0,1,13,30549,6,1,0,0,3,3,72,220,98,0,0,0,0,0,0,0,0,0,0,0,0,0,1,2,45,3,5,2,1,28,3,14,72,99,1,1,74,1,0
13,130322,1,1,1,27,4,17,30,34,0,1,0,13,1,35,39,35039,4,2002,JN1DA31D12T2,J,N,1,D,A,3,1,D,1,2,T,2,0,0,0,000000000,00000000000,0,0,0,1,0,0,0,0,0,0,0,998,0,1,6,11,6,2,34,0,0,0,1,13,30223,6,1,0,0,3,0,71,165,98,0,0,0,0,0,0,0,0,0,58,0,0,0,1,2,45,3,6,2,1,0,0,14,12,99,1,4,6,1,0
13,130323,1,1,2,28,4,6,0,40,0,1,0,13,4,2,407,2407,14,2014,1C4NJPCB0ED7,1,C,4,N,J,P,C,B,0,E,D,7,0,0,0,000000000,00000000000,0,0,0,1,0,0,0,0,0,0,0,998,0,0,0,11,6,2,30,0,0,0,1,13,30349,0,0,0,0,0,0,76,205,98,0,0,0,0,0,0,0,0,3,36,0,0,0,1,2,35,1,1,2,1,0,0,1,13,99,1,4,1,2,1
13,130324,1,1,2,28,4,19,15,21,0,1,0,1,2,59,35,59035,4,2008,JTHBK2625820,J,T,H,B,K,2,6,2,5,8,2,0,0,0,0,000000000,00000000000,0,0,0,1,0,0,0,0,0,0,0,998,0,0,0,3,6,2,21,0,0,0,1,13,30720,1,1,0,0,2,0,72,205,98,2,0,0,0,3,2014,4,2014,4,0,0,0,0,3,2,70,1,5,2,2,0,0,1,12,99,4,4,7,1,0
13,130325,1,1,1,29,4,8,38,32,0,1,0,13,1,20,481,20481,31,1993,2GCEC19K3P12,2,G,C,E,C,1,9,K,3,P,1,2,0,0,0,000000000,00000000000,0,0,0,1,0,0,0,0,0,0,0,998,0,1,6,14,6,2,1,0,0,0,1,13,30401,6,1,5,0,3,0,66,120,98,1,0,0,0,3,2013,3,2013,0,0,0,0,0,1,2,55,1,1,2,1,28,3,1,13,99,1,4,1,1,0
13,130326,1,1,1,29,4,20,45,8,0,1,1,13,1,23,481,23481,31,2009,3GTEK33399G2,3,G,T,E,K,3,3,3,9,9,G,2,0,0,0,000000000,00000000000,0,0,0,1,0,0,0,0,0,0,0,998,0,0,0,12,4,5,8,0,0,0,1,13,31324,6,1,0,0,3,0,72,230,98,0,0,0,0,0,0,0,0,0,36,0,0,0,1,2,35,1,1,2,1,0,0,99,80,99,1,1,13,0,1
13,130327,1,2,1,20,1,7,13,12,6,1,0,13,2,6,43,6043,4,2006,1C3EL46X76N1,1,C,3,E,L,4,6,X,7,6,N,1,0,0,0,000000000,00000000000,0,0,0,1,0,0,0,0,0,0,0,998,0,0,0,9,6,2,12,0,0,0,1,13,30045,6,1,0,0,3,0,64,150,98,0,0,0,0,0,0,0,0,0,38,0,0,0,1,2,45,1,1,2,1,20,3,11,15,99,1,1,82,1,0
13,130327,2,2,1,20,1,7,13,12,6,1,0,13,3,84,882,84882,63,2007,3HTWYAHT07N4,3,H,T,W,Y,A,H,T,0,7,N,4,0,0,57,632124,57632124,3,2,4,1,0,0,0,0,0,0,0,998,0,0,0,12,2,3,12,0,0,0,1,13,30542,6,1,6,0,3,0,72,230,98,0,0,0,0,0,0,0,0,0,24,0,0,0,5,5,45,1,1,2,1,0,0,1,67,99,1,1,83,0,0
13,130328,1,2,2,2,4,19,12,12,6,1,0,13,2,35,472,35472,30,2004,1N6ED27TX4C4,1,N,6,E,D,2,7,T,X,4,C,4,0,0,0,000000000,00000000000,0,0,0,1,0,0,0,0,0,0,0,998,0,0,0,12,6,2,12,0,0,0,1,13,30753,6,2,0,0,3,0,73,205,98,0,0,0,0,0,0,0,0,0,0,0,0,0,5,5,55,1,1,2,1,0,0,1,71,99,1,1,88,0,1
13,130328,2,2,1,2,4,19,12,12,6,1,0,13,1,49,40,49040,4,1996,4T1BG12K7TU7,4,T,1,B,G,1,2,K,7,T,U,7,0,0,0,000000000,00000000000,0,0,0,1,0,0,0,0,0,0,0,998,0,0,0,10,6,2,12,0,0,0,1,13,30165,6,1,0,0,3,0,63,140,98,0,0,0,0,0,0,0,0,0,38,0,0,0,1,2,99,3,2,2,1,0,0,98,19,10,1,1,89,1,0
13,130329,1,1,1,2,5,7,15,59,0,1,0,13,2,53,706,53706,80,2008,JS1GT77A2821,J,S,1,G,T,7,7,A,2,8,2,1,0,0,0,000000000,00000000000,0,0,0,1,0,0,0,0,0,0,0,70,0,0,0,12,6,2,59,0,0,0,1,13,30017,6,1,0,0,3,0,66,165,98,2,0,0,1,8,2012,1,2013,3,36,35,0,0,5,3,45,3,1,2,1,50,3,6,13,99,9,4,2,1,1
13,130330,1,1,2,2,5,15,28,1,0,1,0,13,1,20,421,20421,15,1996,1GNEK13R5TJ3,1,G,N,E,K,1,3,R,5,T,J,3,0,0,0,000000000,00000000000,0,0,0,1,0,0,0,0,0,0,0,998,0,2,5,0,6,2,1,0,0,0,1,13,30110,1,1,5,0,2,3,69,155,98,1,0,0,2,1,2012,5,2014,4,58,0,0,0,1,2,35,1,5,2,1,0,0,1,12,7,3,4,2,1,1
13,130331,1,1,1,3,5,0,56,8,0,1,1,99,9,99,999,99999,99,9999,999999999999,9,9,9,9,9,9,9,9,9,9,9,9,0,0,0,000000000,00000000000,0,0,0,1,0,0,0,0,0,0,0,998,0,0,0,99,9,5,8,0,0,0,1,99,99999,9,9,99,9,9,9,999,999,99,99,99,99,99,99,9999,99,9999,0,99,99,99,99,9,9,40,1,1,2,1,0,0,99,80,99,9,9,13,0,0
13,130332,1,1,2,3,5,2,15,39,0,1,1,13,2,37,32,37032,4,1998,1HGCG5652WA1,1,H,G,C,G,5,6,5,2,W,A,1,0,0,0,000000000,00000000000,0,0,0,1,0,0,0,0,0,0,0,998,0,0,0,12,6,2,39,0,0,0,1,99,99999,9,9,99,9,9,9,999,999,99,99,99,99,99,99,9999,99,9999,4,35,0,0,0,1,2,40,1,1,2,1,3,3,6,14,99,9,4,14,1,0
13,130333,1,1,1,3,5,0,50,25,0,1,0,13,1,37,706,37706,80,2002,1HFSC49042A0,1,H,F,S,C,4,9,0,4,2,A,0,0,0,0,000000000,00000000000,0,0,0,1,0,0,0,0,0,0,0,998,0,0,0,12,6,2,25,0,0,0,1,13,30135,6,1,0,0,3,0,68,190,98,0,0,0,0,0,0,0,0,0,58,0,0,0,3,2,45,2,5,2,1,0,0,14,12,99,9,4,7,1,1
13,130334,1,1,2,4,5,0,30,1,0,1,0,13,1,20,471,20471,30,1998,1GCCS14X8WK1,1,G,C,C,S,1,4,X,8,W,K,1,0,0,0,000000000,00000000000,0,0,0,1,0,0,0,0,0,0,0,998,0,2,1,0,6,2,1,0,0,0,1,13,31050,6,1,0,0,3,2,70,165,98,4,1,0,4,8,2011,1,2014,4,19,74,0,0,1,2,45,3,6,2,1,0,0,14,13,6,4,6,98,1,1
13,130335,1,1,1,4,5,21,48,1,0,1,0,13,2,12,471,12471,30,1988,1FTCR14T2JPB,1,F,T,C,R,1,4,T,2,J,P,B,0,0,0,000000000,00000000000,0,0,0,1,0,0,0,0,0,0,0,998,0,2,1,0,6,2,1,0,0,0,1,13,31077,1,1,1,0,2,0,72,157,98,0,0,0,0,0,0,0,0,0,58,0,0,0,1,2,55,3,1,2,1,0,0,14,13,6,3,6,98,1,0
13,130336,1,2,1,5,5,19,40,12,6,1,0,13,2,20,405,20405,14,2014,3GNAL4EK3ES5,3,G,N,A,L,4,E,K,3,E,S,5,0,0,0,000000000,00000000000,0,0,0,1,0,0,0,0,0,0,0,998,0,1,1,12,6,2,12,32,0,0,1,13,30110,6,1,0,0,3,3,68,165,98,0,0,1,0,12,2012,12,2012,3,39,0,0,0,3,2,55,3,6,2,2,3,3,14,67,99,9,1,83,1,0
13,130336,2,2,1,5,5,19,40,12,6,1,0,13,2,24,1,24001,4,2001,1G8ZK52711Z3,1,G,8,Z,K,5,2,7,1,1,Z,3,0,0,0,000000000,00000000000,0,0,0,1,0,0,0,0,0,0,0,998,0,1,1,11,6,2,12,0,0,0,1,13,30116,6,1,6,0,3,0,72,230,98,0,0,0,0,0,0,0,0,0,0,0,0,0,1,2,35,1,2,2,2,3,3,11,15,99,9,1,82,1,0
13,130337,1,1,1,5,5,18,3,42,0,1,0,13,1,37,32,37032,4,2000,JHMCG5677YC0,J,H,M,C,G,5,6,7,7,Y,C,0,0,0,0,000000000,00000000000,0,0,0,1,0,0,0,0,0,0,0,998,0,0,0,12,6,2,35,0,0,0,1,13,30039,6,1,0,0,3,0,69,160,98,0,0,1,0,12,2013,12,2013,0,0,0,0,0,6,2,55,2,1,2,1,0,0,14,13,99,9,4,1,1,0
13,130338,1,2,2,5,5,17,0,12,6,1,0,13,2,20,403,20403,14,2003,1GNDS13S7323,1,G,N,D,S,1,3,S,7,3,2,3,0,0,0,000000000,00000000000,0,0,0,1,0,0,0,0,0,0,0,998,0,0,0,4,6,2,12,0,0,0,1,13,31320,6,1,0,0,3,3,70,185,98,2,0,0,0,2,2013,9,2013,0,38,0,0,0,1,4,55,1,1,2,1,0,0,11,15,99,9,9,68,0,0
13,130338,2,2,1,5,5,17,0,12,6,1,0,13,2,37,706,37706,80,2004,JH2SC57044M0,J,H,2,S,C,5,7,0,4,4,M,0,0,0,0,000000000,00000000000,0,0,0,1,0,0,0,0,0,0,0,998,0,0,0,12,6,2,12,0,0,0,1,13,31791,6,1,0,0,2,0,74,200,98,0,0,0,0,0,0,0,0,0,0,0,0,0,1,4,55,1,1,2,1,0,0,1,62,99,9,9,69,1,0
13,130339,1,1,1,5,5,1,50,42,0,1,0,13,1,7,482,7482,31,2008,1D7HA18N18J2,1,D,7,H,A,1,8,N,1,8,J,2,0,0,0,000000000,00000000000,0,0,0,1,0,0,0,0,0,0,0,998,0,0,0,11,6,2,42,32,0,0,1,13,31735,6,1,0,0,3,3,72,220,98,0,0,0,0,0,0,0,0,0,99,99,99,99,1,2,55,1,1,2,1,0,0,1,13,99,9,4,5,1,0
13,130340,1,1,2,5,5,15,52,32,0,1,0,13,2,12,481,12481,31,1990,1FTDF15N3LNB,1,F,T,D,F,1,5,N,3,L,N,B,0,0,0,000000000,00000000000,0,0,0,1,0,0,0,0,0,0,0,998,0,0,0,12,6,2,42,0,0,1,1,12,33033,6,1,0,0,3,0,70,999,0,0,0,0,1,10,2011,10,2011,0,99,99,99,99,1,2,55,1,6,2,1,0,0,1,13,99,9,4,5,1,0
13,130341,1,2,3,6,5,12,38,12,6,1,0,13,1,7,21,7021,6,2005,2D8GZ48V75H5,2,D,8,G,Z,4,8,V,7,5,H,5,0,0,0,000000000,00000000000,0,0,0,1,0,0,0,0,0,0,0,998,0,1,5,12,6,2,12,0,0,0,1,13,31776,6,1,0,0,3,0,68,175,98,1,0,0,2,11,2012,6,2013,0,39,0,0,0,1,2,35,1,1,2,1,20,3,1,17,99,9,1,88,1,0
13,130341,2,2,1,6,5,12,38,12,6,1,0,13,1,20,403,20403,14,2004,1GNET16SX462,1,G,N,E,T,1,6,S,X,4,6,2,0,0,0,000000000,00000000000,0,0,0,1,0,0,0,0,0,0,0,998,0,0,0,11,6,2,12,0,0,0,1,13,31635,6,1,0,0,3,0,65,200,98,0,0,0,0,0,0,0,0,0,0,0,0,0,1,2,35,1,1,2,1,0,0,1,17,99,9,1,89,0,0
13,130342,1,1,3,7,5,15,41,35,0,1,0,13,2,35,39,35039,4,2006,1N4BA41E96C8,1,N,4,B,A,4,1,E,9,6,C,8,0,0,0,000000000,00000000000,0,0,0,1,0,0,0,0,0,0,0,998,0,1,6,14,6,2,1,0,0,0,1,13,30281,6,2,0,0,3,0,67,150,98,0,0,0,1,9,2013,9,2013,3,0,0,0,0,1,2,45,3,2,2,1,0,0,14,13,99,9,4,2,1,0
13,130343,1,1,1,8,5,9,24,9,0,1,0,0,0,98,998,98998,92,2000,000000000000,0,0,0,0,0,0,0,0,0,0,0,0,0,0,0,000000000,00000000000,0,0,0,1,0,0,0,0,0,0,0,0,0,0,0,6,0,5,9,0,0,0,1,13,31322,6,1,6,0,1,0,75,363,98,0,0,0,0,0,0,0,0,0,54,0,0,0,1,2,99,3,1,2,1,98,3,5,98,1,1,1,13,0,0
13,130344,1,1,1,8,5,2,23,8,0,1,1,99,9,99,999,99999,99,9999,999999999999,9,9,9,9,9,9,9,9,9,9,9,9,0,0,0,000000000,00000000000,0,0,0,1,0,0,0,0,0,0,0,998,0,0,0,12,4,5,8,0,0,0,1,99,99999,9,9,99,9,9,9,999,999,99,99,99,99,99,99,9999,99,9999,9,0,0,0,0,5,6,40,1,2,1,1,0,0,1,80,99,9,3,13,0,0
13,130345,1,3,1,8,5,13,29,12,7,1,0,12,3,82,884,82884,66,2013,3AKJGLDR0DSF,3,A,K,J,G,L,D,R,0,D,S,F,1,1,57,1097043,571097043,3,6,1,1,0,0,0,0,0,0,0,998,0,0,0,11,4,5,12,0,0,0,1,12,33176,6,1,6,0,3,3,74,999,0,0,0,0,1,8,2013,8,2013,0,26,27,0,0,3,3,70,1,1,2,1,0,0,15,10,99,9,2,47,0,0
13,130345,2,3,2,8,5,13,29,12,7,1,0,12,2,13,1,13001,4,2008,3LNHM26T38R6,3,L,N,H,M,2,6,T,3,8,R,6,0,0,0,000000000,00000000000,0,0,0,1,0,0,0,0,0,0,0,998,0,0,0,4,6,2,24,0,0,0,1,12,34452,6,1,0,0,3,0,58,999,0,0,0,0,0,0,0,0,0,0,0,0,0,0,3,3,70,1,1,2,1,0,0,1,61,99,1,1,45,1,0
13,130345,3,3,2,8,5,13,29,12,7,1,0,12,3,82,881,82881,66,2014,3AKJGLD53ESF,3,A,K,J,G,L,D,5,3,E,S,F,2,1,57,165420,57165420,3,7,1,1,0,0,0,0,0,0,0,998,0,0,0,9,4,5,12,0,0,0,1,12,32063,6,1,6,0,3,0,78,999,0,0,0,0,0,0,0,0,0,0,0,0,0,0,3,3,70,1,1,2,1,0,0,1,60,99,9,9,98,0,0
13,130346,1,1,1,8,5,21,22,8,0,1,0,13,1,35,39,35039,4,1995,JN1CA21DXST0,J,N,1,C,A,2,1,D,X,S,T,0,0,0,0,000000000,00000000000,0,0,0,1,0,0,0,0,0,0,0,998,0,0,0,12,4,3,8,0,0,0,1,13,31088,6,1,0,0,3,0,68,160,98,1,0,1,0,9,2011,9,2011,0,0,0,0,0,1,2,45,1,1,2,1,0,0,6,80,99,9,2,13,0,1
13,130347,1,2,2,8,5,18,34,12,6,1,0,13,2,49,46,49046,4,2007,JTDKB20UX732,J,T,D,K,B,2,0,U,X,7,3,2,0,0,0,000000000,00000000000,0,0,0,1,0,0,0,0,0,0,0,998,0,0,0,3,4,3,12,0,0,0,1,13,30240,6,7,0,0,3,0,73,133,98,0,0,0,0,0,0,0,0,0,38,0,0,0,1,4,45,1,1,2,1,3,3,11,15,99,9,1,68,0,0
13,130347,2,2,1,8,5,18,34,12,6,1,0,13,2,72,706,72706,80,2003,1HD1HAZ113K8,1,H,D,1,H,A,Z,1,1,3,K,8,0,0,0,000000000,00000000000,0,0,0,1,0,0,0,0,0,0,0,998,0,0,0,12,6,2,12,0,0,0,1,13,30240,6,1,6,0,2,0,73,220,98,1,0,0,1,11,2011,1,2012,0,0,0,0,0,1,4,45,1,1,2,1,3,3,1,62,3,2,1,69,1,0
13,130348,1,1,2,9,5,22,18,34,0,1,0,13,2,7,472,7472,30,2000,1B7HG2AZ4YS7,1,B,7,H,G,2,A,Z,4,Y,S,7,0,0,0,000000000,00000000000,0,0,0,1,0,0,0,0,0,0,0,998,0,1,6,4,6,2,42,0,0,0,1,13,30450,0,0,0,0,0,0,999,999,98,0,0,0,0,0,0,0,0,0,0,0,0,0,1,2,55,1,1,2,1,0,0,1,12,7,9,4,7,1,1
13,130349,1,1,1,9,5,6,33,34,0,1,0,92,0,20,401,20401,14,1997,1GNDT13W1V22,1,G,N,D,T,1,3,W,1,V,2,2,0,0,0,000000000,00000000000,0,0,0,1,0,0,0,0,0,0,0,998,0,1,6,6,6,2,34,0,0,0,1,13,31001,3,1,0,0,2,0,73,170,98,2,0,2,0,10,2012,3,2013,0,58,0,0,0,1,3,55,1,2,2,1,0,0,1,13,8,4,4,7,1,0
13,130350,1,1,1,9,5,12,13,34,0,1,0,13,2,12,17,12017,4,1997,1FALP52U4VA1,1,F,A,L,P,5,2,U,4,V,A,1,0,0,0,000000000,00000000000,0,0,0,1,0,0,0,0,0,0,0,998,0,0,0,1,4,3,34,0,0,0,1,13,31554,6,1,0,0,3,0,71,210,98,0,0,0,0,0,0,0,0,0,0,0,0,0,1,2,35,1,2,5,1,0,0,1,13,99,9,4,2,1,0
13,130351,1,1,1,10,5,21,40,8,0,1,0,13,1,6,41,6041,4,2000,2C3HD36J4YH2,2,C,3,H,D,3,6,J,4,Y,H,2,0,0,0,000000000,00000000000,0,0,0,1,0,0,0,0,0,0,0,998,0,0,0,1,4,8,8,0,0,0,1,13,30236,6,1,0,0,3,0,65,165,98,0,0,0,0,0,0,0,0,0,0,0,0,0,1,2,35,1,1,2,1,0,0,1,80,99,1,1,13,0,0
13,130352,1,2,1,10,5,9,0,12,2,1,0,13,1,51,39,51039,4,1988,YV1FX8841J22,Y,V,1,F,X,8,8,4,1,J,2,2,0,0,0,000000000,00000000000,0,0,0,1,0,0,0,0,0,0,0,998,0,0,0,12,6,2,12,0,0,0,1,13,30349,6,1,0,0,3,3,67,239,98,0,0,0,0,0,0,0,0,0,28,0,0,0,1,2,45,1,1,2,1,0,0,1,13,8,2,6,50,1,0
13,130352,2,2,1,10,5,9,0,12,2,1,0,13,1,34,34,34034,4,2010,WBAPH5G56ANM,W,B,A,P,H,5,G,5,6,A,N,M,0,0,0,000000000,00000000000,0,0,0,1,0,0,0,0,0,0,0,998,0,0,0,12,6,2,12,0,0,0,1,13,30294,6,1,0,0,3,0,64,150,98,0,0,0,0,0,0,0,0,0,0,0,0,0,1,2,45,1,1,2,1,0,0,1,62,99,1,1,51,0,0
13,130353,1,1,2,10,5,3,18,1,0,1,0,92,0,12,23,12023,4,2012,3FAHP0HG6CR3,3,F,A,H,P,0,H,G,6,C,R,3,0,0,0,000000000,00000000000,0,0,0,1,0,0,0,0,0,0,0,998,0,2,5,0,6,2,1,0,0,0,1,99,99999,9,9,99,0,9,9,999,999,99,99,99,99,99,99,9999,99,9999,9,0,0,0,0,1,2,55,3,1,2,1,0,0,14,13,99,9,4,5,1,0
13,130354,1,2,1,10,5,11,20,5,0,1,0,94,3,12,401,12401,14,2000,1FCMU69K710A,1,F,C,M,U,6,9,K,7,1,0,A,0,0,0,000000000,00000000000,0,0,0,1,0,0,0,0,0,0,0,998,0,0,0,0,2,3,5,42,0,0,1,13,30734,6,1,6,0,3,3,67,118,98,0,0,0,0,0,0,0,0,0,99,99,99,99,1,2,25,1,2,2,1,0,0,13,98,99,1,2,0,1,0