STATE,ST_CASE,VEH_NO,VE_FORMS,NUMOCCS,DAY,MONTH,HOUR,MINUTE,HARM_EV,MAN_COLL,UNITTYPE,HIT_RUN,REG_STAT,OWNER,MAKE,MODEL,MAK_MOD,BODY_TYP,MOD_YEAR,VIN,VIN_1,VIN_2,VIN_3,VIN_4,VIN_5,VIN_6,VIN_7,VIN_8,VIN_9,VIN_10,VIN_11,VIN_12,TOW_VEH,J_KNIFE,MCARR_I1,MCARR_I2,MCARR_ID,GVWR,V_CONFIG,CARGO_BT,HAZ_INV,HAZ_PLAC,HAZ_ID,HAZ_CNO,HAZ_REL,BUS_USE,SPEC_USE,EMER_USE,TRAV_SP,UNDERIDE,ROLLOVER,ROLINLOC,IMPACT1,DEFORMED,TOWED,M_HARM,VEH_SC1,VEH_SC2,FIRE_EXP,DR_PRES,L_STATE,DR_ZIP,L_STATUS,L_TYPE,CDL_STAT,L_ENDORS,L_COMPL,L_RESTRI,DR_HGT,DR_WGT,PREV_ACC,PREV_SUS,PREV_DWI,PREV_SPD,PREV_OTH,FIRST_MO,FIRST_YR,LAST_MO,LAST_YR,SPEEDREL,DR_SF1,DR_SF2,DR_SF3,DR_SF4,VTRAFWAY,VNUM_LAN,VSPD_LIM,VALIGN,VPROFILE,VPAVETYP,VSURCOND,VTRAFCON,VTCONT_F,P_CRASH1,P_CRASH2,P_CRASH3,PCRASH4,PCRASH5,ACC_TYPE,DEATHS,DR_DRINK
13,130354,2,2,0,10,5,11,20,5,0,1,0,13,6,49,40,49040,4,1997,4T1BG22K7VU7,4,T,1,B,G,2,2,K,7,V,U,7,0,0,0,000000000,00000000000,0,0,0,1,0,0,0,0,0,0,0,0,0,0,0,12,2,9,12,0,0,0,0,0,99997,7,6,97,7,6,7,998,997,998,998,998,998,998,98,9998,98,9998,8,0,0,0,0,1,2,25,1,2,2,1,0,0,0,98,0,0,0,98,0,0
13,130355,1,1,2,11,5,2,13,30,0,1,0,13,2,51,401,51401,14,2003,YV1CZ91H8310,Y,V,1,C,Z,9,1,H,8,3,1,0,0,0,0,000000000,00000000000,0,0,0,1,0,0,0,0,0,0,0,998,0,0,0,1,6,2,42,0,0,1,1,13,31404,1,1,0,0,2,0,67,175,98,0,0,0,0,0,0,0,0,4,87,0,0,0,2,2,98,1,1,2,2,0,0,1,6,8,4,4,7,1,0
13,130356,1,1,2,11,5,21,52,8,0,1,0,13,2,58,37,58037,2,2006,JNKCV54EX6M7,J,N,K,C,V,5,4,E,X,6,M,7,0,0,0,000000000,00000000000,0,0,0,1,0,0,0,0,0,0,0,998,0,0,0,12,6,2,8,0,0,0,1,13,30622,6,1,5,0,3,3,70,185,98,1,0,3,0,10,2012,4,2013,0,91,0,0,0,2,2,65,1,1,1,1,0,0,1,80,99,1,1,13,0,0
13,130357,1,2,1,11,5,16,40,12,6,1,0,13,1,54,31,54031,3,1995,JH4DC4351SS0,J,H,4,D,C,4,3,5,1,S,S,0,0,0,0,000000000,00000000000,0,0,0,1,0,0,0,0,0,0,0,998,0,0,0,3,6,2,12,0,0,0,1,13,30116,6,1,0,0,3,0,70,165,98,0,0,0,0,0,0,0,0,4,28,0,0,0,1,2,40,3,3,2,1,0,0,14,13,6,4,6,64,1,0
13,130357,2,2,5,11,5,16,40,12,6,1,0,13,1,12,481,12481,31,1988,1FTHX25G0JKA,1,F,T,H,X,2,5,G,0,J,K,A,0,0,0,000000000,00000000000,0,0,0,1,0,0,0,0,0,0,0,998,0,0,0,12,6,2,12,0,0,0,1,13,30153,6,1,0,0,3,0,58,140,98,1,0,0,1,3,2012,11,2013,0,0,0,0,0,1,2,40,2,3,2,1,0,0,14,62,3,1,1,65,0,0
13,130358,1,1,2,12,5,14,58,42,0,1,0,13,1,12,481,12481,31,1995,1FTDF15Y7SNB,1,F,T,D,F,1,5,Y,7,S,N,B,0,0,0,000000000,00000000000,0,0,0,1,0,0,0,0,0,0,0,998,0,0,0,7,6,2,42,0,0,0,1,13,30052,6,1,0,0,3,0,64,200,98,0,0,0,0,0,0,0,0,0,99,99,99,99,1,2,55,1,5,2,1,0,0,1,13,7,3,4,5,1,0
13,130359,1,1,1,12,5,5,26,8,0,1,0,13,1,20,481,20481,31,2012,3GCPCSE02CG2,3,G,C,P,C,S,E,0,2,C,G,2,0,0,0,000000000,00000000000,0,0,0,1,0,0,0,0,0,0,0,998,0,0,0,12,4,5,8,0,0,0,1,13,31768,6,1,0,0,3,3,69,180,98,0,0,0,0,0,0,0,0,0,0,0,0,0,5,6,45,1,1,2,1,0,0,1,80,2,2,1,13,0,0
13,130360,1,1,1,12,5,21,35,42,0,1,0,13,1,35,47,35047,4,2006,1N4AL11D76C2,1,N,4,A,L,1,1,D,7,6,C,2,0,0,0,000000000,00000000000,0,0,0,1,0,0,0,0,0,0,0,998,0,1,5,12,6,2,1,0,0,0,1,13,31326,6,1,0,0,3,0,72,195,98,0,0,0,1,6,2013,6,2013,3,36,0,0,0,1,2,55,2,1,2,1,0,0,14,13,7,2,4,2,1,1
13,130361,1,1,2,12,5,6,30,42,0,1,0,13,1,6,441,6441,20,2009,2A8HR44E69R5,2,A,8,H,R,4,4,E,6,9,R,5,0,0,0,000000000,00000000000,0,0,0,1,0,0,0,0,0,0,0,998,0,0,0,6,6,2,35,32,44,0,1,13,30528,6,1,0,0,3,0,74,220,98,0,0,0,0,0,0,0,0,0,0,0,0,0,1,2,45,1,5,2,1,0,0,13,8,1,1,4,98,1,0
13,130362,1,1,1,12,5,0,40,33,0,1,0,92,0,37,706,37706,80,2000,JH2RC4605YM2,J,H,2,R,C,4,6,0,5,Y,M,2,0,0,0,000000000,00000000000,0,0,0,1,0,0,0,0,0,0,0,998,0,0,0,12,6,2,30,0,0,0,1,13,31907,0,0,0,0,0,0,78,300,98,1,0,0,1,9,2013,9,2013,4,99,99,99,99,1,2,30,2,1,2,1,0,0,14,12,99,1,4,6,1,0
13,130363,1,2,2,13,5,10,25,12,6,1,0,13,1,51,884,51884,66,1997,4VAVBBJF4VN7,4,V,A,V,B,B,J,F,4,V,N,7,1,1,13,2493046,132493046,3,6,1,1,0,0,0,0,0,0,0,998,0,0,0,12,6,2,12,0,0,0,1,13,31024,6,1,6,0,3,0,67,210,98,1,0,0,0,9,2013,9,2013,0,0,0,0,0,5,5,55,1,1,2,1,0,0,1,62,3,2,1,65,0,0
13,130363,2,2,1,13,5,10,25,12,6,1,0,13,1,2,404,2404,14,1998,1J4GX48Y1WC2,1,J,4,G,X,4,8,Y,1,W,C,2,0,0,0,000000000,00000000000,0,0,0,1,0,0,0,0,0,0,0,998,0,0,0,4,6,2,12,0,0,0,1,13,31061,6,1,0,0,3,0,72,185,98,0,0,0,0,0,0,0,0,0,28,0,0,0,5,5,55,1,1,2,1,0,0,1,10,99,9,2,64,1,0
13,130364,1,1,1,13,5,15,15,42,0,1,0,13,1,20,2,20002,4,2011,2G1WB5EK9B11,2,G,1,W,B,5,E,K,9,B,1,1,0,0,0,000000000,00000000000,0,0,0,1,0,0,0,0,0,0,0,998,0,0,0,12,6,2,42,0,0,0,1,13,30017,6,1,0,0,3,3,70,240,98,0,0,0,0,0,0,0,0,0,99,99,99,99,2,3,70,1,1,1,1,0,0,1,12,99,1,4,10,1,0
13,130365,1,1,1,13,5,11,53,23,0,1,0,13,1,14,6,14006,4,2000,2MEFM74W6YX6,2,M,E,F,M,7,4,W,6,Y,X,6,0,0,0,000000000,00000000000,0,0,0,1,0,0,0,0,0,0,0,998,0,0,0,1,6,2,23,0,0,0,1,13,30294,6,1,0,0,3,0,69,178,98,0,0,0,0,0,0,0,0,0,99,99,99,99,5,5,35,1,2,2,1,0,0,1,12,99,1,4,10,1,0
13,130366,1,1,1,13,5,21,29,35,0,1,0,13,1,37,32,37032,2,2007,1HGCM72637A0,1,H,G,C,M,7,2,6,3,7,A,0,0,0,0,000000000,00000000000,0,0,0,1,0,0,0,0,0,0,0,998,0,1,5,12,6,2,1,0,0,0,1,13,30558,6,1,5,0,3,3,66,135,98,3,0,3,0,8,2011,4,2014,0,58,0,0,0,1,2,40,3,6,2,1,0,0,14,12,7,4,4,7,1,1
13,130367,1,1,1,14,5,19,54,8,0,1,0,13,1,20,481,20481,31,2001,1GNEC16T81J2,1,G,N,E,C,1,6,T,8,1,J,2,0,0,0,000000000,00000000000,0,0,0,1,0,0,0,0,0,0,0,998,0,0,0,12,0,3,8,0,0,0,1,13,30134,6,1,0,0,3,0,66,206,98,0,0,0,1,12,2013,12,2013,0,0,0,0,0,1,2,25,1,2,2,2,0,0,1,80,1,1,1,13,0,0
13,130368,1,3,1,14,5,12,33,12,6,1,0,13,2,35,32,35032,2,1991,JN1MS36P6MW0,J,N,1,M,S,3,6,P,6,M,W,0,0,0,0,000000000,00000000000,0,0,0,1,0,0,0,0,0,0,0,998,0,0,0,12,6,2,12,0,0,0,1,13,30147,6,1,0,0,3,0,62,135,98,0,0,0,0,0,0,0,0,0,26,0,0,0,1,2,55,1,1,2,1,0,0,1,52,9,2,1,98,0,0
13,130368,2,3,1,14,5,12,33,12,6,1,0,13,1,12,3,12003,2,1987,1FABP42E7HF2,1,F,A,B,P,4,2,E,7,H,F,2,0,0,0,000000000,00000000000,0,0,0,1,0,0,0,0,0,0,0,998,0,0,0,1,4,3,12,0,0,0,1,13,30161,6,1,0,0,3,0,67,182,98,0,0,0,2,4,2013,9,2013,0,0,0,0,0,1,2,55,1,1,2,1,0,0,10,53,99,1,1,98,0,0
13,130368,3,3,1,14,5,12,33,12,6,1,0,13,1,37,31,37031,2,1991,2HGED6351MH5,2,H,G,E,D,6,3,5,1,M,H,5,0,0,0,000000000,00000000000,0,0,0,1,0,0,0,0,0,0,0,0,0,1,5,8,6,2,12,0,0,1,1,13,30104,6,1,0,0,3,0,67,200,98,0,0,0,0,0,0,0,0,0,0,0,0,0,1,2,35,1,1,2,1,20,3,5,62,1,1,1,98,1,0
13,130369,1,1,2,14,5,7,38,1,0,1,0,93,3,85,881,85881,63,2014,1NKDX4EX8EJ3,1,N,K,D,X,4,E,X,8,E,J,3,0,0,5,7052909,057052909,3,2,97,1,0,0,0,0,0,0,0,998,0,2,1,0,6,2,1,0,0,0,1,13,30817,6,1,6,0,3,3,68,180,98,1,0,0,1,10,2013,4,2014,0,39,0,0,0,1,2,35,1,1,2,1,20,3,11,15,1,1,1,98,1,0
13,130370,1,2,1,15,5,12,0,12,2,1,0,13,1,20,37,20037,4,2003,1G1ND52J93M6,1,G,1,N,D,5,2,J,9,3,M,6,0,0,0,000000000,00000000000,0,0,0,1,0,0,0,0,0,0,0,998,0,0,0,12,6,2,12,32,0,0,1,13,30701,6,1,0,0,3,3,63,160,98,0,0,0,0,0,0,0,0,0,28,0,0,0,5,5,55,3,6,2,1,0,0,14,10,1,1,2,50,1,0
13,130370,2,2,2,15,5,12,0,12,2,1,0,93,3,84,884,84884,66,2015,3HSDJAPR1FN5,3,H,S,D,J,A,P,R,1,F,N,5,0,0,57,275259,57275259,3,5,96,1,0,0,0,0,0,0,0,998,0,0,0,12,6,2,12,0,0,0,1,13,30721,6,1,6,0,3,3,71,195,98,1,0,0,1,6,2011,8,2013,0,0,0,0,0,5,5,55,1,5,2,1,0,0,1,62,4,2,1,51,0,0
13,130371,1,1,1,16,5,1,0,8,0,1,0,13,3,12,16,12016,4,2008,2FAFP71V88X1,2,F,A,F,P,7,1,V,8,8,X,1,0,0,0,000000000,00000000000,0,0,0,1,0,0,0,0,0,5,2,998,0,0,0,12,6,2,8,0,0,0,1,13,30204,6,1,0,0,3,3,72,250,98,0,0,0,0,0,0,0,0,3,16,0,0,0,2,2,55,1,6,2,1,0,0,1,80,6,9,3,13,0,0
13,130372,1,1,1,17,5,7,50,53,0,1,0,13,1,20,404,20404,14,2013,2GNALDEKXD11,2,G,N,A,L,D,E,K,X,D,1,1,0,0,0,000000000,00000000000,0,0,0,1,0,0,0,0,0,0,0,998,0,1,6,12,6,2,42,0,0,0,1,13,30223,6,1,0,0,3,3,68,230,98,0,0,0,0,0,0,0,0,0,0,0,0,0,1,2,35,3,6,2,1,0,0,14,12,99,9,4,6,1,0
13,130373,1,2,1,23,5,19,10,12,2,1,0,13,1,19,24,19024,4,2013,1G6AB5R36D01,1,G,6,A,B,5,R,3,6,D,0,1,0,0,0,000000000,00000000000,0,0,0,1,0,0,0,0,0,0,0,998,0,0,0,12,6,2,12,0,0,0,1,13,30068,6,1,0,0,3,3,65,150,98,0,0,0,1,3,2013,3,2013,0,38,0,0,0,3,3,40,1,1,2,1,3,3,11,15,99,9,9,68,1,0
13,130373,2,2,1,23,5,19,10,12,2,1,0,13,1,54,421,54421,15,2011,2HNYD2H6XBH5,2,H,N,Y,D,2,H,6,X,B,H,5,0,0,0,000000000,00000000000,0,0,0,1,0,0,0,0,0,0,0,998,0,0,0,12,6,2,12,0,0,0,1,13,30067,6,1,0,0,3,0,72,260,98,0,0,0,1,10,2012,10,2012,0,0,0,0,0,3,3,40,1,1,2,1,3,3,1,62,99,9,3,69,0,0
13,130374,1,4,3,30,3,8,21,12,6,1,0,13,1,55,41,55041,2,2012,KMHHT6KD2CU0,K,M,H,H,T,6,K,D,2,C,U,0,0,0,0,000000000,00000000000,0,0,0,1,0,0,0,0,0,0,0,998,0,0,0,10,6,2,12,0,0,0,1,13,30076,6,1,0,0,3,3,69,160,98,2,0,1,1,8,2012,1,2013,0,39,0,0,0,2,4,45,1,1,2,1,3,3,1,17,99,1,1,89,1,0
13,130374,2,4,1,30,3,8,21,12,6,1,0,13,1,12,422,12422,15,2008,1FMFU17548LA,1,F,M,F,U,1,7,5,4,8,L,A,0,0,0,000000000,00000000000,0,0,0,1,0,0,0,0,0,0,0,998,0,0,0,12,6,2,12,0,0,0,1,13,30024,6,1,0,0,3,0,70,145,98,0,0,0,0,0,0,0,0,0,0,0,0,0,2,4,45,1,1,2,1,3,3,1,66,99,1,1,88,0,0
13,130374,3,4,1,30,3,8,21,12,6,1,0,13,2,12,422,12422,15,2003,1FMRU15W53LB,1,F,M,R,U,1,5,W,5,3,L,B,0,0,0,000000000,00000000000,0,0,0,1,0,0,0,0,0,0,0,0,0,0,0,12,4,5,12,0,0,0,1,37,28732,3,1,0,0,2,0,64,999,0,0,0,0,0,0,0,0,0,0,0,0,0,0,2,4,45,1,1,2,1,3,3,5,78,99,1,1,98,0,0
13,130374,4,4,1,30,3,8,21,12,6,1,0,13,2,30,40,30040,4,2003,3VWSK69M13M1,3,V,W,S,K,6,9,M,1,3,M,1,0,0,0,000000000,00000000000,0,0,0,1,0,0,0,0,0,0,0,0,0,0,0,12,6,2,12,0,0,0,1,13,30518,6,2,0,0,3,3,63,118,98,0,0,0,0,0,0,0,0,0,0,0,0,0,2,4,45,1,1,2,2,3,3,1,78,99,1,1,98,0,0
13,130375,1,3,1,1,4,6,59,12,1,1,0,13,2,20,36,20036,2,2004,2G1WX12KX492,2,G,1,W,X,1,2,K,X,4,9,2,0,0,0,000000000,00000000000,0,0,0,1,0,0,0,0,0,0,0,998,0,1,1,12,6,2,12,0,0,0,1,13,31407,6,1,0,0,3,0,73,255,98,0,0,0,0,0,0,0,0,3,35,0,0,0,1,2,45,1,1,1,1,0,0,6,52,98,1,1,24,1,0
13,130375,2,3,1,1,4,6,59,12,1,1,0,47,4,19,24,19024,4,2013,1G6AB5R33D01,1,G,6,A,B,5,R,3,3,D,0,1,0,0,0,000000000,00000000000,0,0,0,1,0,0,0,0,0,0,0,998,0,0,0,6,4,3,12,0,0,0,1,13,30272,1,1,0,0,2,0,65,190,98,4,0,0,0,6,2011,9,2011,0,0,0,0,0,1,2,45,1,1,1,1,0,0,2,53,99,1,1,25,0,0
13,130375,3,3,1,1,4,6,59,12,1,1,0,13,4,12,481,12481,31,2008,1FDSF34518EC,1,F,D,S,F,3,4,5,1,8,E,C,0,0,0,000000000,00000000000,0,0,0,1,0,0,0,0,0,0,0,998,0,0,0,12,6,2,12,0,0,0,1,13,30442,6,1,0,0,3,0,71,265,98,0,0,0,1,11,2013,11,2013,0,0,0,0,0,1,2,45,1,1,1,1,0,0,1,62,99,1,1,98,0,0
13,130376,1,2,1,27,4,8,40,12,6,1,0,13,1,9,20,9020,4,1998,1P3ES47C5WD5,1,P,3,E,S,4,7,C,5,W,D,5,0,0,0,000000000,00000000000,0,0,0,1,0,0,0,0,0,0,0,998,0,0,0,9,6,2,12,0,0,0,1,13,31904,6,1,0,0,3,3,64,115,98,0,0,0,0,0,0,0,0,0,39,0,0,0,1,4,45,1,1,2,1,3,3,1,17,99,1,1,89,1,0
13,130376,2,2,2,27,4,8,40,12,6,1,0,1,3,20,461,20461,21,2011,1GCWGFCA8B11,1,G,C,W,G,F,C,A,8,B,1,1,0,0,0,000000000,00000000000,0,0,0,1,0,0,0,0,0,0,0,998,0,0,0,12,2,5,12,0,0,0,1,13,31081,6,1,0,0,3,0,75,150,98,0,0,0,0,0,0,0,0,0,0,0,0,0,1,2,45,1,1,2,1,3,3,1,66,99,1,1,88,0,0
13,130377,1,2,2,1,5,14,8,12,6,1,0,1,2,20,39,20039,4,2008,KL1TD56618B0,K,L,1,T,D,5,6,6,1,8,B,0,0,0,0,000000000,00000000000,0,0,0,1,0,0,0,0,0,0,0,998,0,0,0,3,6,2,12,0,0,0,1,1,36269,6,1,0,0,3,0,999,999,99,99,99,99,99,99,9999,99,9999,0,38,0,0,0,1,4,55,1,1,2,1,3,3,11,15,99,1,1,68,1,0
13,130377,2,2,1,1,5,14,8,12,6,1,0,94,3,98,998,98998,93,2005,000000000000,0,0,0,0,0,0,0,0,0,0,0,0,0,0,88,888888888,88888888888,2,2,97,1,0,0,0,0,0,0,0,998,0,0,0,12,4,3,12,0,0,0,1,13,30165,6,1,6,0,3,3,73,220,98,0,0,0,0,0,0,0,0,0,0,0,0,0,1,2,55,1,1,2,1,3,3,1,62,99,1,1,69,0,0
13,130378,1,4,1,18,5,23,24,8,0,1,1,13,2,24,401,24401,14,2004,5GZCZ23DX4S8,5,G,Z,C,Z,2,3,D,X,4,S,8,0,0,0,000000000,00000000000,0,0,0,1,0,0,0,0,0,0,0,999,0,0,0,12,6,2,8,0,0,0,1,13,30126,0,0,0,0,0,0,72,185,98,3,1,0,0,11,2013,12,2013,9,99,99,99,99,3,4,55,1,2,2,2,0,0,99,80,99,1,1,13,0,0
13,130378,2,4,1,18,5,23,24,8,0,1,0,13,1,6,51,6051,4,2000,2C3HE66G7YH2,2,C,3,H,E,6,6,G,7,Y,H,2,0,0,0,000000000,00000000000,0,0,0,1,0,0,0,0,0,0,0,998,0,0,0,14,2,5,8,0,0,0,1,13,30311,6,1,0,0,3,0,69,170,98,0,0,0,0,0,0,0,0,0,0,0,0,0,3,5,55,1,2,2,2,0,0,1,80,99,1,1,98,0,0
13,130378,3,4,1,18,5,23,24,8,0,1,0,13,1,7,21,7021,6,2008,2D4FV47T88H1,2,D,4,F,V,4,7,T,8,8,H,1,0,0,0,000000000,00000000000,0,0,0,1,0,0,0,0,0,0,0,998,0,0,0,14,4,5,8,0,0,0,1,13,30339,6,1,0,0,3,0,76,215,98,0,0,0,0,0,0,0,0,0,0,0,0,0,3,5,55,1,2,2,2,0,0,99,80,99,1,1,98,0,0
13,130378,4,4,1,18,5,23,24,8,0,1,0,13,1,12,24,12024,6,2007,2FMDK39C97BA,2,F,M,D,K,3,9,C,9,7,B,A,0,0,0,000000000,00000000000,0,0,0,1,0,0,0,0,0,0,0,998,0,0,0,14,0,5,8,0,0,0,1,13,30008,6,1,0,0,3,0,74,245,98,0,0,0,0,0,0,0,0,0,0,0,0,0,3,5,55,1,2,2,2,0,0,1,80,99,1,1,98,0,0
13,130379,1,1,4,18,5,14,5,42,0,1,0,13,2,52,34,52034,4,2003,4A3AA46G33E1,4,A,3,A,A,4,6,G,3,3,E,1,0,0,0,000000000,00000000000,0,0,0,1,0,0,0,0,0,0,0,998,0,0,0,7,6,2,42,0,0,0,1,13,30180,6,1,0,0,3,3,69,170,98,0,0,0,0,0,0,0,0,0,0,0,0,0,1,3,55,1,6,2,1,0,0,1,13,99,3,4,2,1,0
13,130380,1,1,1,18,5,18,7,19,0,1,0,92,0,51,41,51041,4,1996,YV1KS9602T10,Y,V,1,K,S,9,6,0,2,T,1,0,0,0,0,000000000,00000000000,0,0,0,1,0,0,0,0,0,0,0,998,0,0,0,6,6,2,19,0,0,0,1,13,30331,6,1,0,0,3,3,67,280,98,0,0,0,0,0,0,0,0,0,0,0,0,0,1,2,25,1,1,2,1,0,0,1,8,99,9,4,99,1,0
13,130381,1,1,1,19,5,22,31,8,0,1,0,13,1,49,32,49032,4,1998,1NXBR12E7WZ1,1,N,X,B,R,1,2,E,7,W,Z,1,0,0,0,000000000,00000000000,0,0,0,1,0,0,0,0,0,0,0,998,0,0,0,12,4,5,8,0,0,0,1,13,30606,6,1,0,0,3,3,64,130,98,0,0,0,0,0,0,0,0,0,0,0,0,0,5,6,40,1,6,2,1,28,3,1,80,99,1,1,13,0,0
13,130382,1,1,1,19,5,20,3,52,0,1,0,92,0,73,709,73709,89,2008,JKAZX4J178A0,J,K,A,Z,X,4,J,1,7,8,A,0,0,0,0,000000000,00000000000,0,0,0,1,0,0,0,0,0,0,0,998,0,0,0,12,6,2,52,0,0,0,1,13,30092,6,1,6,0,3,0,70,145,98,2,0,1,0,6,2012,10,2012,3,0,0,0,0,2,2,40,3,1,2,1,0,0,14,13,99,1,4,1,1,0
13,130383,1,2,1,20,5,13,29,12,6,1,0,13,1,49,32,49032,4,2009,JTDBL40EX990,J,T,D,B,L,4,0,E,X,9,9,0,0,0,0,000000000,00000000000,0,0,0,1,0,0,0,0,0,0,0,998,0,0,0,12,6,2,12,0,0,0,1,13,30345,6,1,0,0,3,3,62,114,98,0,0,0,0,0,0,0,0,0,0,0,0,0,1,2,35,1,1,2,1,0,0,1,10,99,1,1,66,1,0
13,130383,2,2,3,20,5,13,29,12,6,1,0,13,3,12,481,12481,31,2008,1FDXW46R78EA,1,F,D,X,W,4,6,R,7,8,E,A,0,0,0,000000000,00000000000,0,0,0,1,0,0,0,0,0,0,0,998,0,0,0,3,6,2,12,0,0,0,1,13,30012,6,1,0,0,3,0,77,250,98,0,0,1,0,2,2013,2,2013,0,0,0,0,0,1,2,35,1,1,2,1,0,0,1,62,7,1,2,66,0,0
13,130384,1,1,1,20,5,11,38,30,0,1,0,13,3,12,461,12461,21,2006,1FTNE24W46HA,1,F,T,N,E,2,4,W,4,6,H,A,0,0,0,000000000,00000000000,0,0,0,1,0,0,0,0,0,0,0,998,0,0,0,12,6,2,30,0,0,0,1,13,30909,6,1,0,0,3,0,70,235,98,0,0,0,1,2,2013,2,2013,0,0,0,0,0,1,2,35,3,2,2,1,0,0,6,13,99,1,4,1,1,0
13,130385,1,1,1,21,5,11,21,42,0,1,0,13,2,12,471,12471,30,2001,1FTYR10D31PB,1,F,T,Y,R,1,0,D,3,1,P,B,0,0,0,000000000,00000000000,0,0,0,1,0,0,0,0,0,0,0,998,0,1,6,12,6,2,1,0,0,1,1,13,30624,6,1,0,0,3,3,71,210,98,0,0,0,0,0,0,0,0,0,0,0,0,0,1,2,55,3,1,2,1,28,3,14,13,99,1,4,1,1,1
13,130386,1,1,1,21,5,20,54,1,0,1,0,94,3,12,16,12016,4,2010,2FABP7BV5AX1,2,F,A,B,P,7,B,V,5,A,X,1,0,0,0,000000000,00000000000,0,0,0,1,0,0,0,0,0,0,0,998,0,2,5,0,6,2,42,0,0,0,1,13,30520,6,1,0,0,3,0,69,176,98,0,0,0,0,0,0,0,0,0,16,58,0,0,3,4,70,1,1,2,1,0,0,1,13,6,9,4,4,1,0
13,130387,1,1,4,22,5,11,47,42,0,1,0,13,2,52,37,52037,2,2003,4A3AC74H53E0,4,A,3,A,C,7,4,H,5,3,E,0,0,0,0,000000000,00000000000,0,0,0,1,0,0,0,0,0,0,0,998,0,0,0,9,6,2,42,0,0,0,1,13,30263,6,2,0,0,3,0,62,130,98,0,0,0,0,0,0,0,0,4,51,0,0,0,1,2,45,1,6,2,1,0,0,1,13,99,5,4,2,1,0
13,130388,1,1,1,22,5,15,35,9,0,1,0,94,4,84,981,84981,50,2004,4DRBRAAP84B9,4,D,R,B,R,A,A,P,8,4,B,9,0,0,88,888888888,88888888888,2,21,22,1,0,0,0,0,1,2,0,998,0,0,0,12,4,5,9,0,0,0,1,13,30032,6,1,6,9,3,0,71,270,98,0,0,0,0,0,0,0,0,0,0,0,0,0,1,2,35,1,2,2,1,0,0,1,83,99,1,1,13,0,0
13,130389,1,1,1,22,5,21,31,42,0,1,0,13,1,12,13,12013,2,1996,3FASP11J3TR1,3,F,A,S,P,1,1,J,3,T,R,1,0,0,0,000000000,00000000000,0,0,0,1,0,0,0,0,0,0,0,998,0,0,0,9,6,2,42,0,0,0,1,13,30281,6,1,0,0,3,3,68,150,98,0,0,0,0,0,0,0,0,0,0,0,0,0,1,2,25,4,1,2,1,0,0,14,12,99,1,4,6,1,1
13,130390,1,2,2,22,5,1,30,12,7,1,0,93,2,51,884,51884,66,1998,4VG7DARH4WN7,4,V,G,7,D,A,R,H,4,W,N,7,1,1,57,2431732,572431732,3,6,1,1,0,0,0,0,0,0,0,998,0,1,6,1,6,2,1,0,0,0,1,13,31636,6,1,6,9,3,0,71,250,98,0,0,0,0,0,0,0,0,4,39,36,0,0,6,1,55,1,5,2,1,2,3,11,15,99,1,1,76,1,0
13,130390,2,2,1,22,5,1,30,12,7,1,0,13,1,2,405,2405,14,2004,1J4GL48K34W1,1,J,4,G,L,4,8,K,3,4,W,1,0,0,0,000000000,00000000000,0,0,0,1,0,0,0,0,0,0,0,998,0,1,6,10,6,2,12,0,0,0,1,13,31602,6,1,0,0,3,0,68,160,98,0,0,0,0,0,0,0,0,0,0,0,0,0,1,4,35,1,5,2,1,0,0,1,65,99,1,1,77,0,0
13,130391,1,1,1,23,5,11,30,8,0,1,1,13,1,7,20,7020,4,2004,1B3ES56C44D6,1,B,3,E,S,5,6,C,4,4,D,6,0,0,0,000000000,00000000000,0,0,0,1,0,0,0,0,0,0,0,998,0,0,0,12,4,3,8,0,0,0,1,13,30701,6,1,0,0,3,0,69,180,98,2,1,0,0,10,2012,10,2012,0,28,0,0,0,1,2,25,3,5,2,1,0,0,14,13,99,1,4,1,0,0
13,130392,1,1,2,24,5,16,12,32,0,1,0,12,2,22,22,22022,4,2008,1G2ZG57B5842,1,G,2,Z,G,5,7,B,5,8,4,2,0,0,0,000000000,00000000000,0,0,0,1,0,0,0,0,0,0,0,998,0,0,0,10,6,2,42,0,0,0,1,13,30179,6,1,0,0,3,0,72,195,98,0,0,1,0,8,2013,8,2013,4,28,0,0,0,1,2,45,3,1,2,1,0,0,14,13,99,4,4,2,1,1
13,130393,1,2,1,24,5,21,54,12,2,1,0,13,2,49,482,49482,31,2010,5TFEY5F16AX0,5,T,F,E,Y,5,F,1,6,A,X,0,0,0,0,000000000,00000000000,0,0,0,1,0,0,0,0,0,0,0,998,0,1,1,12,6,2,12,0,0,0,1,13,30277,1,1,5,0,2,3,70,150,98,3,0,1,1,11,2013,5,2014,0,28,0,0,0,1,2,45,1,1,2,1,0,0,1,10,99,1,2,50,0,0
13,130393,2,2,1,24,5,21,54,12,2,1,0,13,1,55,33,55033,4,2009,5NPET46C49H4,5,N,P,E,T,4,6,C,4,9,H,4,0,0,0,000000000,00000000000,0,0,0,1,0,0,0,0,0,0,0,998,0,0,0,12,6,2,12,0,0,0,1,13,30269,6,1,0,0,3,0,76,220,98,0,0,0,0,0,0,0,0,0,0,0,0,0,1,2,45,3,1,2,1,0,0,14,62,99,1,1,51,1,1