STATE,ST_CASE,VEH_NO,VE_FORMS,NUMOCCS,DAY,MONTH,HOUR,MINUTE,HARM_EV,MAN_COLL,UNITTYPE,HIT_RUN,REG_STAT,OWNER,MAKE,MODEL,MAK_MOD,BODY_TYP,MOD_YEAR,VIN,VIN_1,VIN_2,VIN_3,VIN_4,VIN_5,VIN_6,VIN_7,VIN_8,VIN_9,VIN_10,VIN_11,VIN_12,TOW_VEH,J_KNIFE,MCARR_I1,MCARR_I2,MCARR_ID,GVWR,V_CONFIG,CARGO_BT,HAZ_INV,HAZ_PLAC,HAZ_ID,HAZ_CNO,HAZ_REL,BUS_USE,SPEC_USE,EMER_USE,TRAV_SP,UNDERIDE,ROLLOVER,ROLINLOC,IMPACT1,DEFORMED,TOWED,M_HARM,VEH_SC1,VEH_SC2,FIRE_EXP,DR_PRES,L_STATE,DR_ZIP,L_STATUS,L_TYPE,CDL_STAT,L_ENDORS,L_COMPL,L_RESTRI,DR_HGT,DR_WGT,PREV_ACC,PREV_SUS,PREV_DWI,PREV_SPD,PREV_OTH,FIRST_MO,FIRST_YR,LAST_MO,LAST_YR,SPEEDREL,DR_SF1,DR_SF2,DR_SF3,DR_SF4,VTRAFWAY,VNUM_LAN,VSPD_LIM,VALIGN,VPROFILE,VPAVETYP,VSURCOND,VTRAFCON,VTCONT_F,P_CRASH1,P_CRASH2,P_CRASH3,PCRASH4,PCRASH5,ACC_TYPE,DEATHS,DR_DRINK
13,130394,1,2,1,24,5,10,16,12,7,1,0,0,0,98,998,98998,95,9999,000000000000,0,0,0,0,0,0,0,0,0,0,0,0,0,0,0,000000000,00000000000,0,0,0,1,0,0,0,0,0,0,0,998,0,0,0,7,6,2,12,0,0,0,1,13,31648,0,0,0,0,1,0,999,999,98,0,0,0,0,0,0,0,0,0,28,0,0,0,1,2,35,3,6,2,1,0,0,14,10,99,1,2,48,1,1
13,130394,2,2,2,24,5,10,16,12,7,1,0,12,1,49,472,49472,30,1997,4TAWM72N9VZ2,4,T,A,W,M,7,2,N,9,V,Z,2,0,0,0,000000000,00000000000,0,0,0,1,0,0,0,0,0,0,0,998,0,0,0,1,2,3,12,0,0,0,1,12,33460,6,1,0,0,3,0,62,999,0,0,0,1,0,7,2012,7,2012,0,84,0,0,0,1,2,35,3,6,2,1,0,0,6,10,8,1,2,48,0,0
13,130395,1,1,2,24,5,0,11,34,0,1,0,45,2,37,31,37031,4,2011,19XFA1F63BE0,1,9,X,F,A,1,F,6,3,B,E,0,0,0,0,000000000,00000000000,0,0,0,1,0,0,0,0,0,0,0,998,0,1,5,14,6,2,42,0,0,0,1,45,29625,1,1,5,0,2,0,63,145,1,2,0,0,0,1,2012,4,2014,4,37,58,0,0,1,2,45,2,6,2,1,0,0,14,12,99,9,4,7,1,0
13,130396,1,2,1,24,5,13,16,12,6,1,0,37,1,54,35,54035,4,2002,19UUA56692A0,1,9,U,U,A,5,6,6,9,2,A,0,0,0,0,000000000,00000000000,0,0,0,1,0,0,0,0,0,0,0,998,0,0,0,11,6,2,12,0,0,0,1,37,28904,6,1,0,0,3,0,68,999,0,0,0,0,0,0,0,0,0,0,38,0,0,0,0,0,0,0,0,0,0,0,0,11,98,99,1,1,68,0,0
13,130396,2,2,1,24,5,13,16,12,6,1,0,13,1,76,709,76709,89,2006,JYAVM01E56A0,J,Y,A,V,M,0,1,E,5,6,A,0,0,0,0,000000000,00000000000,0,0,0,1,0,0,0,0,0,0,0,998,0,0,0,12,6,2,12,0,0,0,1,13,30540,6,1,0,0,3,1,67,200,98,0,0,0,0,0,0,0,0,0,0,0,0,0,1,2,55,1,1,2,1,0,0,1,72,99,1,1,69,1,0
13,130397,1,2,1,24,5,19,5,12,6,1,0,13,1,12,37,12037,4,2007,1FAFP34N47W1,1,F,A,F,P,3,4,N,4,7,W,1,0,0,0,000000000,00000000000,0,0,0,1,0,0,0,0,0,0,0,998,0,0,0,10,6,2,12,32,0,0,1,13,31791,6,1,5,0,3,0,64,180,98,2,1,0,0,9,2013,9,2013,0,39,0,0,0,1,2,55,1,1,2,1,20,3,1,17,99,1,1,89,1,0
13,130397,2,2,3,24,5,19,5,12,6,1,0,13,1,20,481,20481,31,2012,3GCPKSE71CG1,3,G,C,P,K,S,E,7,1,C,G,1,0,0,0,000000000,00000000000,0,0,0,1,0,0,0,0,0,0,0,998,0,0,0,12,6,2,12,0,0,0,1,13,31795,6,1,0,0,3,0,74,185,98,0,0,1,0,5,2014,5,2014,0,0,0,0,0,1,2,55,1,1,2,1,0,0,1,66,99,1,1,88,0,0
13,130398,1,2,1,25,5,3,33,12,2,1,0,92,0,62,401,62401,14,2003,SALTY16483A7,S,A,L,T,Y,1,6,4,8,3,A,7,0,0,0,000000000,00000000000,0,0,0,1,0,0,0,0,0,0,0,998,0,0,0,12,6,2,12,0,0,0,1,13,31201,1,1,5,0,2,0,69,200,98,2,1,0,0,8,2013,8,2013,0,0,0,0,0,1,2,45,1,2,2,1,0,0,1,10,99,1,2,50,0,1
13,130398,2,2,4,25,5,3,33,12,2,1,0,13,1,20,481,20481,31,1999,3GNEC16R5XG2,3,G,N,E,C,1,6,R,5,X,G,2,0,0,0,000000000,00000000000,0,0,0,1,0,0,0,0,0,0,0,998,0,0,0,12,6,2,12,0,0,0,1,13,31206,6,1,0,0,3,0,66,195,98,0,0,0,0,0,0,0,0,0,0,0,0,0,1,2,45,1,2,2,1,0,0,1,62,99,1,1,51,1,0
13,130399,1,1,1,25,5,19,18,8,0,1,1,13,2,35,48,35048,2,2004,JN1AZ34D84T1,J,N,1,A,Z,3,4,D,8,4,T,1,0,0,0,000000000,00000000000,0,0,0,1,0,0,0,0,0,0,0,998,0,0,0,9,6,2,8,0,0,0,1,13,30309,6,1,0,0,3,0,67,150,98,0,0,0,0,0,0,0,0,3,36,0,0,0,4,2,40,2,2,2,1,0,0,14,13,99,3,4,1,0,0
13,130400,1,7,1,25,5,15,17,12,7,1,0,13,1,38,402,38402,14,1998,4S2CK58W1W43,4,S,2,C,K,5,8,W,1,W,4,3,0,0,0,000000000,00000000000,0,0,0,1,0,0,0,0,0,0,0,998,0,0,0,11,6,2,12,0,0,0,1,13,30043,0,0,0,0,0,0,67,209,98,0,0,0,0,0,0,0,0,0,34,0,0,0,2,2,55,1,2,2,1,0,0,6,10,99,1,2,47,0,0
13,130400,2,7,2,25,5,15,17,12,7,1,0,13,2,55,33,55033,4,2006,5NPEU46FX6H0,5,N,P,E,U,4,6,F,X,6,H,0,0,0,0,000000000,00000000000,0,0,0,1,0,0,0,0,0,0,0,998,0,0,0,5,2,5,12,0,0,0,1,13,30045,6,1,0,0,3,0,72,215,98,0,0,1,0,3,2014,3,2014,0,0,0,0,0,2,2,55,1,2,2,1,0,0,1,61,99,1,1,45,0,0
13,130400,3,7,1,25,5,15,17,12,7,1,0,13,2,20,481,20481,31,2011,1GCRCSE06BZ4,1,G,C,R,C,S,E,0,6,B,Z,4,0,0,0,000000000,00000000000,0,0,0,1,0,0,0,0,0,0,0,998,0,1,1,11,6,2,12,0,0,0,1,13,30215,6,1,0,0,3,3,66,165,98,0,0,0,0,0,0,0,0,0,0,0,0,0,2,2,55,1,2,2,1,0,0,1,78,99,1,1,98,0,0
13,130400,4,7,2,25,5,15,17,12,7,1,0,13,1,35,50,35050,4,2013,3N1CN7AP3DL8,3,N,1,C,N,7,A,P,3,D,L,8,0,0,0,000000000,00000000000,0,0,0,1,0,0,0,0,0,0,0,998,0,0,0,5,2,3,12,0,0,0,1,13,30044,6,1,6,0,3,0,66,190,98,0,0,0,0,0,0,0,0,0,0,0,0,0,2,2,55,1,2,2,1,0,0,1,78,99,1,1,98,1,0
13,130400,5,7,1,25,5,15,17,12,7,1,0,13,1,37,32,37032,2,2001,1HGCG31501A0,1,H,G,C,G,3,1,5,0,1,A,0,0,0,0,000000000,00000000000,0,0,0,1,0,0,0,0,0,0,0,998,0,0,0,12,6,2,12,0,0,0,1,13,30605,6,1,0,0,3,0,62,125,98,0,0,0,1,12,2013,12,2013,0,0,0,0,0,2,2,55,1,2,2,1,0,0,1,78,99,1,1,98,0,0
13,130400,6,7,1,25,5,15,17,12,7,1,0,13,1,20,20,20020,4,1997,2G1WL52M8V91,2,G,1,W,L,5,2,M,8,V,9,1,0,0,0,000000000,00000000000,0,0,0,1,0,0,0,0,0,0,0,998,0,0,0,12,4,3,12,0,0,0,1,13,30096,6,1,0,0,3,0,69,330,98,1,0,0,1,3,2013,1,2014,0,0,0,0,0,2,2,55,1,2,2,1,0,0,1,51,99,1,1,98,0,0
13,130400,7,7,2,25,5,15,17,12,7,1,0,13,1,12,481,12481,31,2010,1FTFW1CVXAKE,1,F,T,F,W,1,C,V,X,A,K,E,0,0,0,000000000,00000000000,0,0,0,1,0,0,0,0,0,0,0,998,0,0,0,6,2,5,12,0,0,0,1,13,30315,6,1,0,0,3,0,70,210,98,1,0,0,0,6,2011,6,2011,0,0,0,0,0,2,2,55,1,2,2,1,0,0,1,53,99,1,1,98,0,0
13,130401,1,1,1,25,5,23,52,23,0,1,0,13,2,12,442,12442,20,1999,2FMDA5245XBB,2,F,M,D,A,5,2,4,5,X,B,B,0,0,0,000000000,00000000000,0,0,0,1,0,0,0,0,0,0,0,998,0,1,1,5,6,2,42,32,0,0,1,13,30525,1,1,0,0,2,0,72,250,98,6,3,0,3,10,2011,3,2013,0,58,0,0,0,1,2,55,2,1,2,1,28,3,14,13,6,1,4,1,1,1
13,130402,1,2,2,25,5,16,54,12,6,1,0,45,1,37,31,37031,4,1997,2HGEJ667XVH5,2,H,G,E,J,6,6,7,X,V,H,5,0,0,0,000000000,00000000000,0,0,0,1,0,0,0,0,0,0,0,998,0,0,0,3,6,2,12,0,0,1,1,45,29710,6,1,0,0,3,3,57,135,0,0,0,0,0,0,0,0,0,0,39,0,0,0,1,2,55,1,6,2,1,20,3,1,17,99,1,1,87,1,0
13,130402,2,2,2,25,5,16,54,12,6,1,0,13,1,35,401,35401,14,2013,5N1AR2MN3DC6,5,N,1,A,R,2,M,N,3,D,C,6,0,0,0,000000000,00000000000,0,0,0,1,0,0,0,0,0,0,0,998,0,0,0,12,6,2,12,0,0,0,1,13,31060,6,1,0,0,3,3,66,155,98,0,0,0,0,0,0,0,0,0,0,0,0,0,2,4,65,1,5,2,1,0,0,1,66,99,1,1,86,0,0
13,130403,1,2,3,26,5,15,14,12,6,1,0,13,1,20,481,20481,31,1992,1GCDC14K5NZ1,1,G,C,D,C,1,4,K,5,N,Z,1,0,0,0,000000000,00000000000,0,0,0,1,0,0,0,0,0,0,0,998,0,0,0,3,6,2,12,0,0,0,1,13,31513,6,1,0,0,3,3,71,200,98,0,0,0,0,0,0,0,0,0,38,0,0,0,1,2,45,1,1,2,1,20,3,1,17,99,1,1,87,1,0
13,130403,2,2,1,26,5,15,14,12,6,1,0,13,3,82,884,82884,66,2003,1FUJA6CG03LL,1,F,U,J,A,6,C,G,0,3,L,L,1,1,57,483708,57483708,3,6,1,1,0,0,0,0,0,0,0,998,0,0,0,12,4,3,12,0,0,0,1,13,31510,6,1,6,0,3,0,71,240,98,1,0,0,0,10,2013,10,2013,0,0,0,0,0,5,5,45,1,1,2,1,0,0,1,66,7,1,1,86,0,0
13,130404,1,1,1,26,5,16,21,32,0,1,0,13,1,37,32,37032,4,2000,1HGCG5549YA1,1,H,G,C,G,5,5,4,9,Y,A,1,0,0,0,000000000,00000000000,0,0,0,1,0,0,0,0,0,0,0,998,0,1,5,12,6,2,32,0,0,0,1,13,31763,1,1,5,0,2,0,62,160,98,3,1,0,3,8,2011,5,2014,0,0,0,0,0,1,2,55,1,1,2,1,0,0,1,9,99,1,4,6,1,0
13,130405,1,1,3,26,5,0,8,34,0,1,0,13,2,2,404,2404,14,1999,1J4FT68S3XL6,1,J,4,F,T,6,8,S,3,X,L,6,0,0,0,000000000,00000000000,0,0,0,1,0,0,0,0,0,0,0,998,0,1,6,12,6,2,17,0,0,0,1,13,30224,2,1,0,0,2,0,71,174,98,4,2,0,2,8,2013,11,2013,4,91,0,0,0,1,2,55,2,1,2,1,0,0,14,12,99,1,4,6,1,1
13,130406,1,1,1,27,5,13,15,35,0,1,0,13,1,23,401,23401,14,2001,1GKCS13W8121,1,G,K,C,S,1,3,W,8,1,2,1,0,0,0,000000000,00000000000,0,0,0,1,0,0,0,0,0,0,0,998,0,1,2,12,6,2,1,32,0,0,1,13,30286,6,1,6,0,3,0,70,270,98,0,0,0,0,0,0,0,0,0,0,0,0,0,1,2,55,3,1,2,1,28,3,14,12,99,1,4,6,1,0
13,130407,1,1,4,27,5,20,27,1,0,1,0,13,2,12,401,12401,14,2001,1FMYU60E01UA,1,F,M,Y,U,6,0,E,0,1,U,A,0,0,0,000000000,00000000000,0,0,0,1,0,0,0,0,0,0,0,998,0,2,1,0,6,2,1,0,0,0,1,13,30102,6,2,0,0,3,0,63,125,98,0,0,0,0,0,0,0,0,0,0,0,0,0,3,5,55,1,2,2,1,0,0,1,98,7,7,2,98,2,0
13,130408,1,1,1,27,5,21,15,8,0,1,0,13,2,37,31,37031,2,2005,1HGEM22965L0,1,H,G,E,M,2,2,9,6,5,L,0,0,0,0,000000000,00000000000,0,0,0,1,0,0,0,0,0,0,0,998,0,0,0,12,4,3,8,0,0,0,1,13,30339,6,1,0,0,3,3,64,114,98,0,0,0,0,0,0,0,0,0,0,0,0,0,1,5,45,1,1,1,1,3,3,1,80,1,1,1,13,0,0
13,130409,1,3,3,27,5,10,56,12,7,1,0,13,1,9,442,9442,20,1999,1P4GP44G8XB9,1,P,4,G,P,4,4,G,8,X,B,9,0,0,0,000000000,00000000000,0,0,0,1,0,0,0,0,0,0,0,998,0,0,0,8,6,2,12,32,0,0,1,13,30705,6,1,0,0,3,3,71,250,98,0,0,0,0,0,0,0,0,0,28,0,0,0,3,5,55,1,3,2,1,0,0,15,10,99,1,1,47,1,0
13,130409,2,3,1,27,5,10,56,12,7,1,0,12,3,82,884,82884,62,2005,1FVACWCS35HU,1,F,V,A,C,W,C,S,3,5,H,U,0,0,57,171419,57171419,2,1,97,1,0,0,0,0,0,0,0,998,0,0,0,1,4,5,12,0,0,0,1,13,30052,6,1,6,9,3,0,73,285,98,0,0,0,0,0,0,0,0,0,0,0,0,0,3,5,55,1,3,2,1,0,0,1,63,99,1,1,45,0,0
13,130409,3,3,2,27,5,10,56,12,7,1,0,13,1,37,31,37031,4,2003,1HGES16503L0,1,H,G,E,S,1,6,5,0,3,L,0,0,0,0,000000000,00000000000,0,0,0,1,0,0,0,0,0,0,0,998,0,0,0,12,4,5,12,0,0,0,1,13,30126,6,1,0,0,3,0,59,110,98,0,0,0,1,3,2012,3,2012,0,0,0,0,0,3,5,55,1,3,2,1,0,0,1,60,99,1,1,98,0,0
13,130410,1,1,1,28,5,18,33,42,0,1,0,13,1,13,1,13001,4,1997,1LNLM82W0VY7,1,L,N,L,M,8,2,W,0,V,Y,7,0,0,0,000000000,00000000000,0,0,0,1,0,0,0,0,0,0,0,998,0,0,0,12,6,2,42,0,0,0,1,13,30662,6,1,0,0,3,0,68,225,98,0,0,0,0,0,0,0,0,0,0,0,0,0,1,2,55,2,1,2,1,28,3,14,12,1,1,4,6,1,0
13,130411,1,2,3,29,5,11,54,12,6,1,0,13,1,20,25,20025,4,2013,1G1PA5SH4D72,1,G,1,P,A,5,S,H,4,D,7,2,0,0,0,000000000,00000000000,0,0,0,1,0,0,0,0,0,0,0,998,0,0,0,9,6,2,12,0,0,0,1,13,30310,6,1,6,0,3,0,62,165,98,0,0,0,0,0,0,0,0,0,38,0,0,0,1,2,35,1,6,2,1,20,3,1,17,99,1,1,89,3,0
13,130411,2,2,1,29,5,11,54,12,6,1,0,97,3,84,884,84884,66,2014,3HSDJSJRXEN0,3,H,S,D,J,S,J,R,X,E,N,0,1,1,57,008636,57008636,3,6,1,1,0,0,0,0,0,0,0,998,0,0,0,12,6,2,12,0,0,0,1,97,0,6,1,6,9,3,0,999,999,99,99,99,99,99,99,9999,99,9999,0,0,0,0,0,3,2,55,3,5,2,1,0,0,14,66,8,1,1,88,0,0
13,130412,1,1,1,30,5,5,7,1,0,1,0,13,1,12,401,12401,14,2001,1FMZU73E31ZA,1,F,M,Z,U,7,3,E,3,1,Z,A,0,0,0,000000000,00000000000,0,0,0,1,0,0,0,0,0,0,0,998,0,2,1,0,6,2,1,0,0,0,1,13,31563,6,1,0,0,3,3,64,212,98,0,0,0,0,0,0,0,0,0,58,0,0,0,2,2,55,2,1,2,1,0,0,14,12,7,1,6,98,1,0
13,130413,1,2,1,30,5,15,18,12,6,1,0,13,2,49,40,49040,4,2001,4T1BG22K91U8,4,T,1,B,G,2,2,K,9,1,U,8,0,0,0,000000000,00000000000,0,0,0,1,0,0,0,0,0,0,0,998,0,0,0,9,6,2,12,0,0,0,1,13,30127,6,1,0,0,3,0,67,120,98,0,0,0,0,0,0,0,0,0,38,0,0,0,0,0,0,0,0,0,0,0,0,11,98,99,1,1,68,0,0
13,130413,2,2,1,30,5,15,18,12,6,1,0,13,1,7,20,7020,2,1999,1B3ES42Y5XD1,1,B,3,E,S,4,2,Y,5,X,D,1,0,0,0,000000000,00000000000,0,0,0,1,0,0,0,0,0,0,0,998,0,0,0,12,6,2,12,0,0,0,1,13,30127,6,1,0,0,3,0,59,210,98,0,0,0,0,0,0,0,0,0,0,0,0,0,1,2,35,1,1,2,1,0,0,1,72,99,1,1,69,1,0
13,130414,1,1,1,30,5,23,3,9,0,1,0,13,1,35,39,35039,4,2000,JN1CA31D3YT7,J,N,1,C,A,3,1,D,3,Y,T,7,0,0,0,000000000,00000000000,0,0,0,1,0,0,0,0,0,0,0,998,0,0,0,12,6,2,9,0,0,0,1,13,31639,6,1,0,0,3,3,74,160,98,0,0,0,5,11,2011,3,2013,0,0,0,0,0,1,2,45,1,1,2,1,28,3,1,83,99,1,1,13,0,1
13,130415,1,3,1,30,5,7,31,12,8,1,0,13,1,41,402,41402,14,2003,4F2YZ041X3KM,4,F,2,Y,Z,0,4,1,X,3,K,M,0,0,0,000000000,00000000000,0,0,0,1,0,0,0,0,0,0,0,998,0,0,0,9,6,2,12,0,0,0,1,13,30296,6,1,0,0,3,0,61,285,98,0,0,0,0,0,0,0,0,0,28,0,0,0,1,2,55,2,2,2,1,28,3,14,10,99,1,2,66,1,0
13,130415,2,3,1,30,5,7,31,12,8,1,0,45,1,7,24,7024,4,2007,2B3KA43R27H7,2,B,3,K,A,4,3,R,2,7,H,7,0,0,0,000000000,00000000000,0,0,0,1,0,0,0,0,0,0,0,998,0,0,0,7,6,2,12,0,0,0,1,13,30238,6,1,0,0,3,3,75,245,98,0,0,0,0,0,0,0,0,0,0,0,0,0,1,2,55,3,2,2,1,28,3,14,62,99,1,1,66,0,0
13,130415,3,3,1,30,5,7,31,12,8,1,0,13,1,20,37,20037,4,2013,1G11E5SAXDF1,1,G,1,1,E,5,S,A,X,D,F,1,0,0,0,000000000,00000000000,0,0,0,1,0,0,0,0,0,0,0,998,0,0,0,12,4,5,12,0,0,0,1,13,30236,6,1,0,0,3,3,75,205,98,0,0,0,0,0,0,0,0,0,0,0,0,0,1,2,55,3,2,2,1,28,3,14,62,99,1,1,98,0,0
13,130416,1,2,5,30,5,9,38,12,6,1,0,13,1,49,40,49040,4,1992,4T1VK12E8NU0,4,T,1,V,K,1,2,E,8,N,U,0,0,0,0,000000000,00000000000,0,0,0,1,0,0,0,0,0,0,0,998,0,0,0,3,6,2,12,0,0,0,1,13,30291,6,1,0,0,3,3,65,174,98,0,0,0,0,0,0,0,0,0,38,0,0,0,1,2,25,1,2,2,1,3,3,11,15,99,1,1,68,1,0
13,130416,2,2,1,30,5,9,38,12,6,1,0,51,1,23,481,23481,31,2001,2GTEK69U7112,2,G,T,E,K,6,9,U,7,1,1,2,0,0,0,000000000,00000000000,0,0,0,1,0,0,0,0,0,0,0,998,0,0,0,12,6,2,12,0,0,0,1,13,30214,6,1,0,0,3,0,72,180,98,0,0,0,1,8,2011,8,2011,0,91,0,0,0,3,2,50,1,2,2,1,3,3,1,67,99,1,1,69,0,0
13,130417,1,1,1,30,5,19,15,33,0,1,0,13,1,72,709,72709,80,2008,1HD1PT9118Y9,1,H,D,1,P,T,9,1,1,8,Y,9,0,0,0,000000000,00000000000,0,0,0,1,0,0,0,0,0,0,0,998,0,0,0,12,6,2,33,0,0,0,1,13,30047,6,1,6,0,3,0,70,220,98,0,0,0,0,0,0,0,0,5,0,0,0,0,1,2,25,2,1,2,2,20,3,14,12,99,1,4,6,1,1
13,130418,1,2,1,30,5,14,15,12,2,1,0,13,1,49,403,49403,14,2003,JTEGF21A3300,J,T,E,G,F,2,1,A,3,3,0,0,0,0,0,000000000,00000000000,0,0,0,1,0,0,0,0,0,0,0,998,0,0,0,12,6,2,12,0,0,0,1,13,30904,6,1,0,0,3,3,70,200,98,0,0,0,0,0,0,0,0,0,28,0,0,0,1,2,30,1,2,2,1,0,0,1,10,1,1,2,50,0,0
13,130418,2,2,1,30,5,14,15,12,2,1,0,13,1,18,2,18002,4,1998,1G4HP52K0WH5,1,G,4,H,P,5,2,K,0,W,H,5,0,0,0,000000000,00000000000,0,0,0,1,0,0,0,0,0,0,0,998,0,0,0,12,6,2,12,0,0,0,1,13,30909,6,1,0,0,3,0,62,120,98,0,0,0,0,0,0,0,0,0,0,0,0,0,1,2,30,1,2,2,1,0,0,1,62,99,1,1,51,1,0
13,130419,1,1,1,31,5,22,2,35,0,1,0,13,1,12,13,12013,4,1998,1FAFP10P6WW2,1,F,A,F,P,1,0,P,6,W,W,2,0,0,0,000000000,00000000000,0,0,0,1,0,0,0,0,0,0,0,998,0,0,0,1,6,2,35,0,0,0,1,13,31029,6,1,0,0,3,0,76,300,98,0,0,0,0,0,0,0,0,0,28,0,0,0,1,2,35,4,1,2,1,0,0,14,12,99,5,4,7,1,1
13,130420,1,1,2,31,5,13,7,59,0,1,0,13,2,20,481,20481,31,2007,1GCEC14XX7Z1,1,G,C,E,C,1,4,X,X,7,Z,1,0,0,0,000000000,00000000000,0,0,0,1,0,0,0,0,0,0,0,998,0,1,4,2,6,2,1,0,0,0,1,13,31024,1,1,0,0,2,3,70,200,98,1,0,0,0,6,2013,6,2013,4,87,0,0,0,2,2,55,1,2,2,2,0,0,15,6,99,3,4,2,1,0
13,130421,1,1,1,31,5,2,28,30,0,1,0,13,1,7,482,7482,31,2003,1D7HA16K43J5,1,D,7,H,A,1,6,K,4,3,J,5,0,0,0,000000000,00000000000,0,0,0,1,0,0,0,0,0,0,0,998,0,0,0,12,4,3,30,0,0,0,1,13,30721,6,1,0,0,3,0,67,190,98,0,0,1,0,9,2011,9,2011,0,0,0,0,0,1,2,30,1,1,1,1,0,0,1,13,99,1,4,1,1,0
13,130422,1,1,1,31,5,21,20,42,0,1,0,13,1,20,481,20481,31,1995,1GCEC14Z3SZ2,1,G,C,E,C,1,4,Z,3,S,Z,2,0,0,0,000000000,00000000000,0,0,0,1,0,0,0,0,0,0,0,998,0,0,0,3,6,2,42,0,0,0,1,13,31781,3,1,0,0,2,0,66,240,98,1,0,1,1,1,2012,1,2012,4,0,0,0,0,1,2,55,3,3,2,2,0,0,14,12,99,5,4,7,1,1
13,130423,1,1,1,19,5,10,20,38,0,1,0,13,3,12,481,12481,31,2012,1FTEX1CM1CKD,1,F,T,E,X,1,C,M,1,C,K,D,0,0,0,000000000,00000000000,0,0,0,1,0,0,0,0,0,0,0,998,0,0,0,12,6,2,19,0,0,0,1,13,30252,6,1,0,0,3,0,71,245,98,0,0,0,0,0,0,0,0,0,0,0,0,0,1,2,40,1,1,2,1,0,0,1,13,99,1,4,1,1,0
13,130424,1,2,1,29,5,17,45,12,1,1,0,13,1,24,1,24001,4,1997,1G8ZK5276VZ2,1,G,8,Z,K,5,2,7,6,V,Z,2,0,0,0,000000000,00000000000,0,0,0,1,0,0,0,0,0,0,0,998,0,0,0,12,9,9,12,0,0,0,1,13,30741,6,1,0,0,3,0,65,280,98,0,0,0,1,7,2013,7,2013,0,0,0,0,0,1,2,25,2,1,2,1,0,0,14,50,1,1,1,20,1,0
13,130424,2,2,1,29,5,17,45,12,1,1,0,47,1,12,3,12003,2,9999,999999999999,9,9,9,9,9,9,9,9,9,9,9,9,0,0,0,000000000,00000000000,0,0,0,1,0,0,0,0,0,0,0,0,0,0,0,6,9,9,12,0,0,0,1,13,30707,6,1,0,0,3,0,69,198,98,0,0,0,0,0,0,0,0,0,0,0,0,0,1,2,25,2,1,2,1,0,0,5,53,99,1,1,21,0,0
13,130425,1,1,1,19,2,1,41,34,0,1,0,13,2,49,401,49401,14,1999,JT3GN86R0X01,J,T,3,G,N,8,6,R,0,X,0,1,0,0,0,000000000,00000000000,0,0,0,1,0,0,0,0,0,0,0,998,0,0,0,12,4,3,32,0,0,0,1,13,31750,6,1,0,0,3,0,72,270,98,0,0,0,0,0,0,0,0,0,0,0,0,0,1,2,30,1,1,2,1,0,0,1,13,99,1,4,1,1,0
13,130426,1,1,3,8,5,17,17,8,0,1,0,13,1,35,472,35472,30,2000,1N6DD26SXYC3,1,N,6,D,D,2,6,S,X,Y,C,3,0,0,0,000000000,00000000000,0,0,0,1,0,0,0,0,0,0,0,998,0,0,0,11,4,3,8,0,0,0,1,13,31021,6,1,0,0,3,0,61,160,98,0,0,0,0,0,0,0,0,0,0,0,0,0,5,5,55,2,1,2,1,0,0,14,80,9,2,3,13,0,0
13,130427,1,1,1,24,5,1,14,42,0,1,0,92,0,73,703,73703,80,2009,JKAEXMJ109DA,J,K,A,E,X,M,J,1,0,9,D,A,0,0,0,000000000,00000000000,0,0,0,1,0,0,0,0,0,0,0,998,0,0,0,7,6,2,42,0,0,0,1,13,31326,6,1,5,0,3,2,70,175,98,2,0,1,0,3,2014,4,2014,3,74,0,0,0,1,2,45,2,1,2,1,0,0,14,12,99,1,4,6,1,1
13,130428,1,1,1,1,6,10,32,53,0,1,0,13,1,12,481,12481,31,2003,1FTNW21S53ED,1,F,T,N,W,2,1,S,5,3,E,D,0,0,0,000000000,00000000000,0,0,0,1,0,0,0,0,0,0,0,998,0,0,0,9,6,2,42,0,0,0,1,13,31721,1,1,0,0,2,0,71,210,98,20,0,2,8,7,2011,7,2013,4,0,0,0,0,1,2,30,2,2,2,1,0,0,14,12,7,3,4,7,1,0
13,130429,1,1,2,1,6,7,32,42,0,1,0,13,2,12,422,12422,15,2004,1FMPU15L54LB,1,F,M,P,U,1,5,L,5,4,L,B,0,0,0,000000000,00000000000,0,0,0,1,0,0,0,0,0,0,0,998,0,1,5,12,6,2,1,0,0,0,1,13,30215,6,1,0,0,3,0,71,230,98,0,0,0,2,1,2012,8,2012,3,0,0,0,0,1,2,30,1,2,5,1,0,0,1,12,99,9,4,7,1,0
13,130430,1,1,5,1,6,1,18,33,0,1,0,13,2,7,482,7482,31,2011,1D7RV1CT0BS7,1,D,7,R,V,1,C,T,0,B,S,7,0,0,0,000000000,00000000000,0,0,0,1,0,0,0,0,0,0,0,998,0,0,0,14,6,2,30,0,0,0,1,13,30534,6,2,0,0,3,3,73,155,98,0,0,0,1,4,2014,4,2014,4,0,0,0,0,1,2,40,3,2,2,1,0,0,14,6,99,9,4,2,1,1
13,130431,1,1,1,1,6,3,20,1,0,1,0,13,2,12,401,12401,14,1996,1FMDU32X3TUC,1,F,M,D,U,3,2,X,3,T,U,C,0,0,0,000000000,00000000000,0,0,0,1,0,0,0,0,0,0,0,998,0,2,3,0,6,2,1,0,0,0,1,13,30436,0,0,0,0,0,0,999,999,98,0,0,0,0,0,0,0,0,0,0,0,0,0,2,2,70,1,1,1,1,0,0,1,12,99,9,4,7,1,0