STATE,ST_CASE,VEH_NO,VE_FORMS,NUMOCCS,DAY,MONTH,HOUR,MINUTE,HARM_EV,MAN_COLL,UNITTYPE,HIT_RUN,REG_STAT,OWNER,MAKE,MODEL,MAK_MOD,BODY_TYP,MOD_YEAR,VIN,VIN_1,VIN_2,VIN_3,VIN_4,VIN_5,VIN_6,VIN_7,VIN_8,VIN_9,VIN_10,VIN_11,VIN_12,TOW_VEH,J_KNIFE,MCARR_I1,MCARR_I2,MCARR_ID,GVWR,V_CONFIG,CARGO_BT,HAZ_INV,HAZ_PLAC,HAZ_ID,HAZ_CNO,HAZ_REL,BUS_USE,SPEC_USE,EMER_USE,TRAV_SP,UNDERIDE,ROLLOVER,ROLINLOC,IMPACT1,DEFORMED,TOWED,M_HARM,VEH_SC1,VEH_SC2,FIRE_EXP,DR_PRES,L_STATE,DR_ZIP,L_STATUS,L_TYPE,CDL_STAT,L_ENDORS,L_COMPL,L_RESTRI,DR_HGT,DR_WGT,PREV_ACC,PREV_SUS,PREV_DWI,PREV_SPD,PREV_OTH,FIRST_MO,FIRST_YR,LAST_MO,LAST_YR,SPEEDREL,DR_SF1,DR_SF2,DR_SF3,DR_SF4,VTRAFWAY,VNUM_LAN,VSPD_LIM,VALIGN,VPROFILE,VPAVETYP,VSURCOND,VTRAFCON,VTCONT_F,P_CRASH1,P_CRASH2,P_CRASH3,PCRASH4,PCRASH5,ACC_TYPE,DEATHS,DR_DRINK
13,130432,1,1,1,2,6,11,47,8,0,1,0,13,3,20,461,20461,21,2008,1GCHG35C5812,1,G,C,H,G,3,5,C,5,8,1,2,0,0,0,000000000,00000000000,0,0,0,1,0,0,0,0,0,0,0,998,0,0,0,12,0,3,8,0,0,0,1,13,30043,6,1,0,0,3,0,70,240,98,0,0,0,0,0,0,0,0,0,38,0,0,0,2,2,25,1,1,2,1,20,3,1,80,99,1,3,13,0,0
13,130433,1,2,1,2,6,10,26,12,2,1,0,13,1,49,40,49040,4,2005,4T1BE32K05U0,4,T,1,B,E,3,2,K,0,5,U,0,0,0,0,000000000,00000000000,0,0,0,1,0,0,0,0,0,0,0,998,0,0,0,12,6,2,12,0,0,0,1,13,30228,6,1,0,0,3,3,72,250,98,0,0,0,0,0,0,0,0,0,28,0,0,0,1,2,55,1,1,2,1,0,0,1,10,99,1,2,50,0,0
13,130433,2,2,1,2,6,10,26,12,2,1,0,13,1,35,471,35471,30,1997,1N6SD16S8VC3,1,N,6,S,D,1,6,S,8,V,C,3,0,0,0,000000000,00000000000,0,0,0,1,0,0,0,0,0,0,0,998,0,0,0,12,6,2,12,0,0,0,1,13,30228,6,1,0,0,3,3,69,230,98,0,0,0,2,6,2011,3,2013,0,0,0,0,0,1,2,55,1,1,2,1,0,0,1,62,99,1,1,51,1,0
13,130434,1,1,2,2,6,5,37,32,0,1,0,13,1,35,402,35402,14,2000,5N1ED28T3YC5,5,N,1,E,D,2,8,T,3,Y,C,5,0,0,0,000000000,00000000000,0,0,0,1,0,0,0,0,0,0,0,998,0,1,5,12,6,2,32,0,0,0,1,13,31749,6,1,0,0,3,0,62,185,98,0,0,0,0,0,0,0,0,0,0,0,0,0,1,2,55,3,6,2,1,0,0,14,13,99,9,4,5,1,0
13,130435,1,2,2,3,6,13,40,12,6,1,0,13,1,7,482,7482,31,1998,1B7HC16Y2WS6,1,B,7,H,C,1,6,Y,2,W,S,6,0,0,0,000000000,00000000000,0,0,0,1,0,0,0,0,0,0,0,998,0,0,0,12,6,2,12,0,0,0,1,13,31555,6,1,0,0,3,0,69,280,98,0,0,0,0,0,0,0,0,0,38,39,0,0,1,2,35,1,1,2,1,20,3,1,17,99,9,1,88,1,0
13,130435,2,2,3,3,6,13,40,12,6,1,0,13,3,63,441,63441,20,2004,KNDUP1314465,K,N,D,U,P,1,3,1,4,4,6,5,0,0,0,000000000,00000000000,0,0,0,1,0,0,0,0,0,0,0,998,0,0,0,9,6,2,12,0,0,0,1,13,31598,6,1,0,0,3,3,69,220,98,0,0,0,0,0,0,0,0,0,0,0,0,0,1,2,35,1,1,2,1,0,0,1,17,99,9,1,89,0,0
13,130436,1,4,1,4,6,13,30,12,1,1,0,18,3,82,884,82884,66,2012,1FUJGLBG9CSB,1,F,U,J,G,L,B,G,9,C,S,B,1,3,47,646204,47646204,3,6,97,1,0,0,0,0,0,0,0,998,0,0,0,12,6,2,12,0,0,0,1,47,37130,6,1,6,0,3,0,68,205,0,0,0,2,1,11,2011,9,2013,0,26,0,0,0,3,2,65,1,6,1,1,0,0,1,52,99,9,1,24,0,0
13,130436,2,4,1,4,6,13,30,12,1,1,0,13,1,7,471,7471,30,1989,JB7FL24D7KP0,J,B,7,F,L,2,4,D,7,K,P,0,0,0,0,000000000,00000000000,0,0,0,1,0,0,0,0,0,0,0,998,0,1,1,6,6,2,12,0,0,0,1,13,30680,0,0,0,0,0,0,999,999,98,0,0,0,0,0,0,0,0,0,0,0,0,0,3,2,65,1,6,1,1,0,0,2,53,99,1,1,25,1,0
13,130436,3,4,1,4,6,13,30,12,1,1,0,13,1,7,482,7482,31,2006,3D7MX48C16G2,3,D,7,M,X,4,8,C,1,6,G,2,0,0,0,000000000,00000000000,0,0,0,1,0,0,0,0,0,0,0,0,0,1,1,6,6,2,12,0,0,0,1,13,30607,6,1,6,0,3,0,74,225,98,0,0,0,2,8,2013,5,2014,0,0,0,0,0,3,2,65,1,6,1,1,0,0,5,53,1,1,1,98,0,0
13,130436,4,4,1,4,6,13,30,12,1,1,0,0,0,98,998,98998,92,9999,000000000000,0,0,0,0,0,0,0,0,0,0,0,0,0,0,0,000000000,00000000000,0,0,0,1,0,0,0,0,0,0,0,998,0,1,5,6,6,2,12,0,0,0,1,13,30452,0,0,0,0,1,0,68,190,98,0,0,0,0,0,0,0,0,0,0,0,0,0,3,2,65,1,6,1,1,0,0,1,18,1,1,1,98,0,0
13,130437,1,1,1,4,6,7,6,11,0,1,0,13,2,37,706,37706,80,2006,JH2SC57076M2,J,H,2,S,C,5,7,0,7,6,M,2,0,0,0,000000000,00000000000,0,0,0,1,0,0,0,0,0,0,0,998,0,0,0,12,6,2,42,0,0,0,1,13,30642,6,1,0,0,3,3,68,250,98,0,0,0,1,10,2013,10,2013,0,83,0,0,0,1,2,55,1,1,2,1,0,0,1,88,99,9,1,13,1,0
13,130438,1,1,3,4,6,5,5,35,0,1,0,47,2,12,16,12016,4,2000,2FAFP74W8YX2,2,F,A,F,P,7,4,W,8,Y,X,2,0,0,0,000000000,00000000000,0,0,0,1,0,0,0,0,0,0,0,998,0,1,5,14,6,2,1,0,0,0,1,47,37415,1,1,1,0,2,0,59,140,0,2,0,0,0,5,2012,5,2012,0,80,0,0,0,3,3,70,1,1,2,1,0,0,1,1,1,3,4,2,1,1
13,130439,1,3,1,5,6,13,41,12,1,1,0,13,2,20,37,20037,4,2001,1G1ND52J0161,1,G,1,N,D,5,2,J,0,1,6,1,0,0,0,000000000,00000000000,0,0,0,1,0,0,0,0,0,0,0,998,0,0,0,12,4,3,12,0,0,0,1,48,76542,6,1,0,0,3,3,999,999,0,0,0,0,0,0,0,0,0,0,26,27,0,0,3,5,55,1,1,2,1,0,0,1,51,9,2,1,24,0,0
13,130439,2,3,2,5,6,13,41,12,1,1,0,13,1,12,37,12037,4,2012,1FAHP3M22CL2,1,F,A,H,P,3,M,2,2,C,L,2,0,0,0,000000000,00000000000,0,0,0,1,0,0,0,0,0,0,0,998,0,0,0,6,2,5,12,0,0,0,1,13,30039,6,1,0,0,3,3,64,170,98,0,0,0,0,0,0,0,0,0,0,0,0,0,3,5,55,1,1,2,1,0,0,1,53,99,9,1,25,0,0
13,130439,3,3,1,5,6,13,41,12,1,1,0,13,1,72,706,72706,80,2009,1HD1FMM119Y6,1,H,D,1,F,M,M,1,1,9,Y,6,0,0,0,000000000,00000000000,0,0,0,1,0,0,0,0,0,0,0,998,0,0,0,12,4,3,12,0,0,0,1,13,30228,6,1,0,0,3,0,70,195,98,0,0,0,0,0,0,0,0,0,16,0,0,0,3,5,55,1,1,2,1,0,0,1,60,99,1,1,98,1,0
13,130440,1,1,1,5,6,11,28,38,0,1,0,13,2,35,39,35039,4,2000,JN1CA31A2YT2,J,N,1,C,A,3,1,A,2,Y,T,2,0,0,0,000000000,00000000000,0,0,0,1,0,0,0,0,0,0,0,998,0,0,0,1,6,2,42,0,0,0,1,13,30519,6,1,0,0,3,0,68,150,98,1,0,0,0,5,2013,5,2013,0,58,0,0,0,1,2,45,1,1,2,1,0,0,1,13,99,4,4,7,1,0
13,130441,1,1,1,5,6,6,31,42,0,1,0,13,2,37,31,37031,4,1994,1HGEG8658RL0,1,H,G,E,G,8,6,5,8,R,L,0,0,0,0,000000000,00000000000,0,0,0,1,0,0,0,0,0,0,0,998,0,0,0,3,6,2,42,0,0,0,1,13,30662,6,2,0,0,3,0,71,140,98,0,0,0,0,0,0,0,0,0,58,0,0,0,1,2,45,1,1,2,1,0,0,1,13,6,4,4,7,1,0
13,130442,1,2,1,5,6,13,8,12,2,1,0,92,0,73,702,73702,80,1993,JKAKXWT12PA0,J,K,A,K,X,W,T,1,2,P,A,0,0,0,0,000000000,00000000000,0,0,0,1,0,0,0,0,0,0,0,32,0,0,0,12,6,2,12,0,0,0,1,13,30055,0,0,0,0,0,0,999,999,98,0,0,0,0,0,0,0,0,0,51,0,0,0,1,2,25,1,5,4,1,0,0,1,54,99,9,1,52,1,0
13,130442,2,2,1,5,6,13,8,12,2,1,0,92,0,20,481,20481,31,1998,1GCHK33F7WF0,1,G,C,H,K,3,3,F,7,W,F,0,0,0,0,000000000,00000000000,0,0,0,1,0,0,0,0,0,0,0,998,0,0,0,12,4,5,12,0,0,0,1,13,30055,6,1,6,0,3,0,70,220,98,0,0,0,0,0,0,0,0,0,0,0,0,0,1,2,25,1,6,4,1,0,0,1,54,1,1,1,52,0,0
13,130443,1,1,1,5,6,9,42,35,0,1,0,13,1,49,40,49040,4,2011,4T1BK3EKXBU1,4,T,1,B,K,3,E,K,X,B,U,1,0,0,0,000000000,00000000000,0,0,0,1,0,0,0,0,0,0,0,998,0,1,6,9,6,2,30,0,0,0,1,13,30038,6,1,0,0,3,3,66,180,98,0,0,0,0,0,0,0,0,0,58,0,0,0,1,2,45,2,1,2,1,0,0,14,12,7,3,4,7,1,0
13,130444,1,2,1,5,6,16,30,1,0,1,0,42,1,37,706,37706,80,1992,1HFSC220XNA4,1,H,F,S,C,2,2,0,X,N,A,4,0,0,0,000000000,00000000000,0,0,0,1,0,0,0,0,0,0,0,998,0,0,0,0,6,2,12,0,0,0,1,42,15215,6,1,0,0,2,0,74,999,1,0,0,0,0,10,2012,10,2012,0,28,0,0,0,1,2,35,2,5,2,1,0,0,14,10,99,9,2,98,1,0
13,130444,2,2,1,5,6,16,30,1,0,1,0,13,3,20,482,20482,31,2008,3GNFK12358G2,3,G,N,F,K,1,2,3,5,8,G,2,0,0,0,000000000,00000000000,0,0,0,1,0,0,0,0,0,5,8,998,0,0,0,12,6,2,12,0,0,0,1,13,30577,6,1,0,0,3,0,75,205,98,0,0,0,0,0,0,0,0,0,16,0,0,0,1,2,35,3,6,2,1,0,0,14,62,9,2,1,98,0,0
13,130445,1,2,1,6,6,14,48,12,2,1,0,13,2,2,405,2405,14,2006,1J4GK48K86W2,1,J,4,G,K,4,8,K,8,6,W,2,0,0,0,000000000,00000000000,0,0,0,1,0,0,0,0,0,0,0,998,0,1,5,12,6,2,12,0,0,0,1,13,31302,0,0,0,0,0,0,71,175,98,0,0,0,0,0,0,0,0,0,28,0,0,0,1,2,55,1,1,2,1,0,0,1,10,99,1,2,50,0,1
13,130445,2,2,2,6,6,14,48,12,2,1,0,13,1,52,46,52046,4,2011,JA32U2FU9BU0,J,A,3,2,U,2,F,U,9,B,U,0,0,0,0,000000000,00000000000,0,0,0,1,0,0,0,0,0,0,0,998,0,0,0,12,6,2,12,0,0,0,1,13,31312,6,1,0,0,3,0,63,110,98,0,0,0,2,9,2011,9,2011,0,0,0,0,0,1,2,55,1,1,2,1,0,0,1,62,99,9,1,51,1,0
13,130446,1,1,4,6,6,2,35,34,0,1,0,13,2,34,34,34034,4,2007,WBAVA33507PV,W,B,A,V,A,3,3,5,0,7,P,V,0,0,0,000000000,00000000000,0,0,0,1,0,0,0,0,0,0,0,998,0,1,9,11,6,2,1,0,0,0,1,13,31632,1,1,0,0,2,0,62,120,98,0,0,0,2,10,2011,3,2014,0,0,0,0,0,1,2,30,2,1,2,1,0,0,14,12,99,9,4,6,1,1
13,130447,1,1,1,6,6,17,19,42,0,1,0,13,1,19,18,19018,4,2005,1G6DP567X501,1,G,6,D,P,5,6,7,X,5,0,1,0,0,0,000000000,00000000000,0,0,0,1,0,0,0,0,0,0,0,998,0,0,0,10,6,2,42,0,0,0,1,13,30655,6,1,6,0,3,0,73,195,98,0,0,0,0,0,0,0,0,0,85,0,0,0,1,3,45,1,6,2,2,0,0,1,61,99,9,4,7,1,0
13,130448,1,2,3,6,6,17,27,12,6,1,0,13,2,7,402,7402,14,2001,1B4HR28Z61F5,1,B,4,H,R,2,8,Z,6,1,F,5,0,0,0,000000000,00000000000,0,0,0,1,0,0,0,0,0,0,0,998,0,0,0,4,6,2,12,0,0,0,1,13,30655,6,1,0,0,3,0,68,155,98,0,0,0,0,0,0,0,0,0,28,0,0,0,1,2,55,3,6,2,2,0,0,14,10,99,4,2,64,1,0
13,130448,2,2,4,6,6,17,27,12,6,1,0,13,2,54,35,54035,4,2008,19UUA66278A0,1,9,U,U,A,6,6,2,7,8,A,0,0,0,0,000000000,00000000000,0,0,0,1,0,0,0,0,0,0,0,998,0,0,0,12,6,2,12,0,0,0,1,13,30673,6,1,0,0,3,3,65,150,98,0,0,0,0,0,0,0,0,0,0,0,0,0,1,2,55,2,1,2,2,0,0,14,62,99,9,1,65,0,0
13,130449,1,2,1,7,6,9,40,12,2,1,0,13,2,20,444,20444,20,2005,1GNDV33L45D1,1,G,N,D,V,3,3,L,4,5,D,1,0,0,0,000000000,00000000000,0,0,0,1,0,0,0,0,0,0,0,998,0,0,0,12,6,2,12,0,0,0,1,13,30711,6,1,0,0,3,0,73,260,98,0,0,0,0,0,0,0,0,0,28,35,0,0,1,2,55,1,1,2,1,0,0,6,10,99,9,2,50,1,0
13,130449,2,2,3,7,6,9,40,12,2,1,0,13,1,12,481,12481,31,2005,1FTSW21P75EB,1,F,T,S,W,2,1,P,7,5,E,B,0,0,0,000000000,00000000000,0,0,0,1,0,0,0,0,0,0,0,998,0,0,0,12,6,2,12,0,0,0,1,13,30701,6,1,0,0,3,3,70,200,98,1,0,2,3,6,2011,10,2013,0,24,0,0,0,1,2,55,1,1,2,1,0,0,1,62,99,9,1,51,0,0
13,130450,1,1,1,7,6,9,50,53,0,1,0,13,1,41,45,41045,1,1991,JM1NA351XM12,J,M,1,N,A,3,5,1,X,M,1,2,0,0,0,000000000,00000000000,0,0,0,1,0,0,0,0,0,0,0,998,0,1,1,12,6,2,1,0,0,0,1,13,30728,6,1,6,0,3,0,70,190,98,1,0,0,0,2,2014,2,2014,0,58,0,0,0,1,2,55,2,1,2,1,0,0,14,10,6,4,4,2,1,0
13,130451,1,1,1,7,6,22,38,8,0,1,0,12,1,14,6,14006,4,2003,2MEFM75W93X6,2,M,E,F,M,7,5,W,9,3,X,6,0,0,0,000000000,00000000000,0,0,0,1,0,0,0,0,0,0,0,998,0,0,0,1,6,2,8,0,0,0,1,12,32097,6,1,0,0,3,3,74,999,0,0,0,0,0,0,0,0,0,0,0,0,0,0,5,5,55,1,1,2,1,0,0,1,80,1,1,1,13,0,0
13,130452,1,2,1,7,6,11,21,12,6,1,0,13,2,12,481,12481,31,2002,1FTRW08662KE,1,F,T,R,W,0,8,6,6,2,K,E,0,0,0,000000000,00000000000,0,0,0,1,0,0,0,0,0,0,0,998,0,0,0,12,6,2,12,0,0,0,1,13,31705,6,1,0,0,3,0,74,300,98,1,0,1,1,10,2012,5,2013,0,39,0,0,0,1,2,45,1,1,2,1,20,3,1,17,1,1,1,86,1,0
13,130452,2,2,2,7,6,11,21,12,6,1,0,13,2,7,421,7421,15,1988,3B4GD12Y7JM8,3,B,4,G,D,1,2,Y,7,J,M,8,0,0,0,000000000,00000000000,0,0,0,1,0,0,0,0,0,0,0,998,0,0,0,2,6,2,12,0,0,0,1,13,31763,6,1,0,0,3,0,69,170,98,0,0,1,1,12,2013,2,2014,0,0,0,0,0,1,2,35,1,1,2,1,0,0,1,17,1,1,1,87,1,0
13,130453,1,1,1,7,6,19,1,34,0,1,0,13,1,20,481,20481,31,1995,2GCEC19K8S11,2,G,C,E,C,1,9,K,8,S,1,1,0,0,0,000000000,00000000000,0,0,0,1,0,0,0,0,0,0,0,998,0,1,5,14,6,2,1,0,0,0,1,13,31778,6,1,0,0,3,0,73,305,98,0,0,0,1,3,2013,3,2013,0,0,0,0,0,1,2,55,3,1,2,1,0,0,14,13,99,9,4,2,1,1
13,130454,1,1,1,8,6,21,25,34,0,1,0,13,2,2,404,2404,14,1998,1J4FX58S9WC2,1,J,4,F,X,5,8,S,9,W,C,2,0,0,0,000000000,00000000000,0,0,0,1,0,0,0,0,0,0,0,998,0,1,5,14,6,2,1,0,0,1,1,13,31768,6,1,0,0,3,0,72,200,98,0,0,0,1,11,2013,11,2013,0,0,0,0,0,1,2,55,3,1,2,1,0,0,14,13,7,4,4,2,1,0
13,130455,1,1,1,8,6,1,59,32,0,1,0,13,1,35,43,35043,4,2012,3N1AB6AP3CL6,3,N,1,A,B,6,A,P,3,C,L,6,0,0,0,000000000,00000000000,0,0,0,1,0,0,0,0,0,0,0,998,0,1,5,99,6,2,1,0,0,0,1,13,30032,6,1,0,0,3,0,70,158,98,0,0,0,0,0,0,0,0,4,87,0,0,0,3,9,55,2,1,2,2,0,0,14,6,4,2,4,2,1,0
13,130456,1,1,1,10,6,99,99,34,0,1,0,13,1,49,472,49472,30,1999,4TASM92N2XZ5,4,T,A,S,M,9,2,N,2,X,Z,5,0,0,0,000000000,00000000000,0,0,0,1,0,0,0,0,0,0,0,998,0,1,5,14,6,2,34,0,0,0,1,13,30445,6,1,0,0,3,0,72,180,98,0,0,0,0,0,0,0,0,0,58,0,0,0,1,2,55,2,1,2,1,0,0,14,12,99,3,4,7,1,1
13,130457,1,1,1,10,6,5,7,42,0,1,0,13,2,37,31,37031,2,1997,1HGEJ6225VL0,1,H,G,E,J,6,2,2,5,V,L,0,0,0,0,000000000,00000000000,0,0,0,1,0,0,0,0,0,0,0,998,0,0,0,12,6,2,42,0,0,0,1,13,30705,6,1,6,0,3,3,69,165,98,0,0,0,0,0,0,0,0,0,0,0,0,0,5,5,55,1,1,1,2,0,0,1,12,99,1,4,6,1,0
13,130458,1,1,3,11,6,2,30,42,0,1,0,13,1,7,481,7481,31,1976,W25BJ6S25126,W,2,5,B,J,6,S,2,5,1,2,6,0,0,0,000000000,00000000000,0,0,0,1,0,0,0,0,0,0,0,998,0,1,1,12,6,2,1,0,0,0,1,13,30747,6,1,0,0,3,0,76,250,98,0,0,1,0,7,2013,7,2013,4,58,0,0,0,1,2,35,3,5,2,2,0,0,14,13,99,4,4,7,1,1
13,130459,1,2,2,12,6,19,9,12,7,1,0,17,3,82,884,82884,66,2006,1FUJA6CK46LX,1,F,U,J,A,6,C,K,4,6,L,X,1,3,13,0230460,130230460,3,6,1,1,0,0,0,0,0,0,0,998,0,0,0,11,6,2,21,0,0,0,1,13,30315,6,1,6,0,3,0,71,215,98,2,0,0,2,3,2012,4,2014,0,27,0,0,0,3,2,70,1,1,1,1,0,0,15,10,99,9,2,47,2,0
13,130459,2,2,2,12,6,19,9,12,7,1,0,13,2,19,20,19020,6,2006,1GYEE6374601,1,G,Y,E,E,6,3,7,4,6,0,1,0,0,0,000000000,00000000000,0,0,0,1,0,0,0,0,0,0,0,998,0,0,0,3,6,2,12,0,0,0,1,13,30135,6,1,5,0,3,3,70,185,98,1,0,2,1,7,2011,7,2012,0,36,0,0,0,3,2,70,1,1,1,1,0,0,1,61,99,9,1,45,0,0
13,130460,1,2,1,13,6,13,40,12,1,1,0,93,3,84,884,84884,66,2013,3HSDJAPR0DN3,3,H,S,D,J,A,P,R,0,D,N,3,1,1,57,297334,57297334,3,6,1,1,0,0,0,0,0,0,0,998,0,0,0,12,6,2,12,0,0,0,1,13,30096,6,1,6,0,3,0,72,170,98,1,0,0,0,5,2014,5,2014,0,26,0,0,0,3,2,70,1,6,2,2,0,0,1,52,99,9,1,28,0,0
13,130460,2,2,5,13,6,13,40,12,1,1,0,13,1,20,2,20002,4,2013,2G1WG5E33D11,2,G,1,W,G,5,E,3,3,D,1,1,0,0,0,000000000,00000000000,0,0,0,1,0,0,0,0,0,0,0,998,0,0,0,6,6,2,12,0,0,0,1,1,36330,6,1,0,0,3,0,69,186,1,0,0,2,0,1,2013,4,2014,0,0,0,0,0,3,2,70,1,6,2,2,0,0,2,53,99,9,1,29,1,0
13,130461,1,1,2,14,6,3,50,35,0,1,0,13,2,22,22,22022,4,2009,1G2ZG57B4941,1,G,2,Z,G,5,7,B,4,9,4,1,0,0,0,000000000,00000000000,0,0,0,1,0,0,0,0,0,0,0,998,0,0,0,12,6,2,42,0,0,0,1,13,30471,6,1,0,0,3,0,73,220,98,0,0,0,0,0,0,0,0,0,0,0,0,0,1,2,55,1,6,2,1,0,0,1,13,7,3,4,2,2,1
13,130463,1,1,1,15,6,20,5,1,0,1,0,0,0,37,703,37703,88,2004,000000000000,0,0,0,0,0,0,0,0,0,0,0,0,0,0,0,000000000,00000000000,0,0,0,1,0,0,0,0,0,0,0,998,0,0,0,0,6,2,1,0,0,0,1,13,30276,6,1,0,0,3,0,63,180,98,0,0,1,1,8,2013,10,2013,4,36,0,0,0,1,2,45,1,1,2,1,0,0,1,6,99,1,1,98,1,1
13,130464,1,2,1,15,6,12,27,12,6,1,0,13,1,20,481,20481,31,1996,1GCEK19R2TE1,1,G,C,E,K,1,9,R,2,T,E,1,0,0,0,000000000,00000000000,0,0,0,1,0,0,0,0,0,0,0,998,0,0,0,5,4,3,12,0,0,0,1,13,30680,6,1,0,0,3,3,62,100,98,0,0,0,0,0,0,0,0,0,38,0,0,0,1,2,25,1,1,2,1,0,0,11,15,99,1,1,68,0,0
13,130464,2,2,2,15,6,12,27,12,6,1,0,92,0,76,706,76706,80,2003,JYARJ06E03A0,J,Y,A,R,J,0,6,E,0,3,A,0,0,0,0,000000000,00000000000,0,0,0,1,0,0,0,0,0,0,0,998,0,0,0,12,6,2,12,0,0,0,1,13,30622,1,1,0,0,2,0,73,180,98,0,0,0,1,1,2014,1,2014,3,0,0,0,0,1,2,25,1,1,2,1,0,0,1,62,3,2,1,69,1,0
13,130465,1,1,1,16,6,8,54,34,0,1,0,13,1,9,38,9038,4,1997,1P3EJ46C2VN6,1,P,3,E,J,4,6,C,2,V,N,6,0,0,0,000000000,00000000000,0,0,0,1,0,0,0,0,0,0,0,998,0,0,0,14,6,2,42,0,0,0,1,13,30040,6,1,6,0,3,0,67,150,98,2,1,1,2,9,2011,1,2014,3,58,0,0,0,1,9,40,2,2,2,2,0,0,14,13,99,9,4,2,1,0
13,130466,1,1,1,16,6,3,52,8,0,1,1,99,9,99,884,99884,66,9999,999999999999,9,9,9,9,9,9,9,9,9,9,9,9,1,1,99,999999999,99999999999,3,6,1,1,0,0,0,0,0,0,0,998,0,0,0,81,9,5,8,0,0,0,1,99,99999,9,9,99,9,9,9,999,999,99,99,99,99,99,99,9999,99,9999,0,99,99,99,99,3,3,70,1,1,2,1,0,0,15,80,6,1,2,13,0,0
13,130467,1,1,1,16,6,2,50,8,0,1,1,1,1,22,20,22020,2,2000,1G2WR1216YF2,1,G,2,W,R,1,2,1,6,Y,F,2,0,0,0,000000000,00000000000,0,0,0,1,0,0,0,0,0,0,0,998,0,0,0,12,4,5,8,0,0,0,1,1,36863,1,1,0,0,2,0,74,200,0,1,1,0,0,2,2014,4,2014,0,91,0,0,0,2,2,70,1,1,2,1,0,0,99,80,99,9,9,13,0,0
13,130468,1,2,1,17,6,18,20,12,6,1,0,13,2,20,37,20037,4,2009,1G1ZH57B39F1,1,G,1,Z,H,5,7,B,3,9,F,1,0,0,0,000000000,00000000000,0,0,0,1,0,0,0,0,0,0,0,998,0,0,0,12,6,2,12,0,0,0,1,13,30216,6,1,0,0,3,0,65,160,98,1,0,0,0,12,2012,12,2012,0,38,0,0,0,1,2,55,1,1,2,1,0,0,1,17,99,9,1,88,1,0
13,130468,2,2,1,17,6,18,20,12,6,1,0,93,3,84,881,84881,66,2001,2HSCBAHR21C0,2,H,S,C,B,A,H,R,2,1,C,0,1,1,57,61655,5761655,3,6,1,1,0,0,0,0,0,0,0,998,0,0,0,8,6,2,12,0,0,0,1,13,31021,6,1,6,0,3,0,69,215,98,1,0,0,0,1,2013,1,2013,0,0,0,0,0,3,2,55,1,1,2,1,0,0,1,17,99,9,1,89,0,0
13,130469,1,1,1,17,6,4,29,8,0,1,0,13,2,12,422,12422,15,2001,1FMRU17L11LA,1,F,M,R,U,1,7,L,1,1,L,A,0,0,0,000000000,00000000000,0,0,0,1,0,0,0,0,0,0,0,998,0,0,0,12,2,5,8,0,0,0,1,13,30813,6,1,0,0,3,3,71,190,98,0,0,1,0,8,2013,8,2013,0,0,0,0,0,1,2,45,1,1,2,1,0,0,1,80,1,1,1,13,0,0
13,130470,1,1,1,17,6,8,44,1,0,1,0,13,2,49,472,49472,30,1999,4TAWN72N9XZ5,4,T,A,W,N,7,2,N,9,X,Z,5,0,0,0,000000000,00000000000,0,0,0,1,0,0,0,0,0,0,0,998,0,1,5,0,6,2,1,0,0,0,1,13,30421,6,1,0,0,3,3,67,170,98,0,0,0,0,0,0,0,0,0,58,0,0,0,1,2,55,3,1,2,1,0,0,14,13,6,4,4,2,1,0
13,130471,1,2,1,18,6,11,28,12,1,1,0,13,2,7,482,7482,31,2007,1D7HA18P27S1,1,D,7,H,A,1,8,P,2,7,S,1,0,0,0,000000000,00000000000,0,0,0,1,0,0,0,0,0,0,0,998,0,0,0,12,6,2,12,0,0,0,1,13,30180,6,1,0,0,3,0,68,206,98,3,0,0,2,12,2011,2,2014,0,26,0,0,0,2,2,55,1,1,2,1,3,3,1,50,1,1,1,20,1,0
13,130471,2,2,1,18,6,11,28,12,1,1,0,13,3,12,881,12881,63,1995,1FDYU82E0SVA,1,F,D,Y,U,8,2,E,0,S,V,A,0,0,57,908493,57908493,3,1,1,1,0,0,0,0,0,0,0,0,0,0,0,6,6,2,12,0,0,0,1,13,30116,6,1,6,0,3,3,70,180,98,0,0,0,0,0,0,0,0,0,0,0,0,0,2,2,55,1,1,2,1,3,3,5,53,1,1,1,21,0,0
13,130472,1,2,1,21,5,15,23,12,6,1,0,13,1,41,471,41471,30,2003,4F4YR16V33TM,4,F,4,Y,R,1,6,V,3,3,T,M,0,0,0,000000000,00000000000,0,0,0,1,0,0,0,0,0,0,0,998,0,1,1,11,6,2,12,0,0,0,1,13,30735,6,1,0,0,3,0,68,210,98,0,0,0,0,0,0,0,0,0,39,0,0,0,1,2,45,1,1,2,1,20,3,1,17,99,1,1,89,0,0
13,130472,2,2,2,21,5,15,23,12,6,1,0,13,2,37,32,37032,4,2005,1HGCM66375A0,1,H,G,C,M,6,6,3,7,5,A,0,0,0,0,000000000,00000000000,0,0,0,1,0,0,0,0,0,0,0,998,0,0,0,12,6,2,12,0,0,0,1,13,30721,6,1,0,0,3,3,62,170,98,0,0,0,0,0,0,0,0,0,0,0,0,0,1,2,35,1,1,2,1,28,3,1,66,99,1,1,88,1,0