STATE,ST_CASE,VEH_NO,VE_FORMS,NUMOCCS,DAY,MONTH,HOUR,MINUTE,HARM_EV,MAN_COLL,UNITTYPE,HIT_RUN,REG_STAT,OWNER,MAKE,MODEL,MAK_MOD,BODY_TYP,MOD_YEAR,VIN,VIN_1,VIN_2,VIN_3,VIN_4,VIN_5,VIN_6,VIN_7,VIN_8,VIN_9,VIN_10,VIN_11,VIN_12,TOW_VEH,J_KNIFE,MCARR_I1,MCARR_I2,MCARR_ID,GVWR,V_CONFIG,CARGO_BT,HAZ_INV,HAZ_PLAC,HAZ_ID,HAZ_CNO,HAZ_REL,BUS_USE,SPEC_USE,EMER_USE,TRAV_SP,UNDERIDE,ROLLOVER,ROLINLOC,IMPACT1,DEFORMED,TOWED,M_HARM,VEH_SC1,VEH_SC2,FIRE_EXP,DR_PRES,L_STATE,DR_ZIP,L_STATUS,L_TYPE,CDL_STAT,L_ENDORS,L_COMPL,L_RESTRI,DR_HGT,DR_WGT,PREV_ACC,PREV_SUS,PREV_DWI,PREV_SPD,PREV_OTH,FIRST_MO,FIRST_YR,LAST_MO,LAST_YR,SPEEDREL,DR_SF1,DR_SF2,DR_SF3,DR_SF4,VTRAFWAY,VNUM_LAN,VSPD_LIM,VALIGN,VPROFILE,VPAVETYP,VSURCOND,VTRAFCON,VTCONT_F,P_CRASH1,P_CRASH2,P_CRASH3,PCRASH4,PCRASH5,ACC_TYPE,DEATHS,DR_DRINK
13,130513,1,1,6,30,6,17,55,1,0,1,0,45,1,12,422,12422,15,2004,1FMRU17W74LA,1,F,M,R,U,1,7,W,7,4,L,A,0,0,0,000000000,00000000000,0,0,0,1,0,0,0,0,0,0,0,998,0,2,4,0,6,2,1,0,0,0,1,45,29334,6,1,0,0,3,0,999,999,0,0,0,0,0,0,0,0,0,0,80,0,0,0,3,3,70,1,1,2,1,0,0,1,1,99,3,4,98,1,0
13,130514,1,2,5,30,6,10,46,12,2,1,0,13,1,12,401,12401,14,1996,1FMDU32P7TZB,1,F,M,D,U,3,2,P,7,T,Z,B,0,0,0,000000000,00000000000,0,0,0,1,0,0,0,0,0,0,0,998,0,0,0,12,6,2,12,0,0,0,1,13,30506,6,1,0,0,3,0,63,127,98,0,0,0,0,0,0,0,0,0,28,36,0,0,2,4,55,2,5,2,2,28,3,14,10,99,1,6,50,5,0
13,130514,2,2,1,30,6,10,46,12,2,1,0,93,3,82,884,82884,66,2005,1FUJA6DEX5LN,1,F,U,J,A,6,D,E,X,5,L,N,1,1,57,0006325,570006325,3,6,1,1,0,0,0,0,0,0,0,998,0,0,0,12,6,2,12,0,0,0,1,13,30635,6,1,6,9,3,0,73,210,98,0,0,0,1,10,2012,10,2012,0,0,0,0,0,2,4,55,3,6,2,2,0,0,14,62,99,1,1,51,0,0
13,130515,1,3,1,1,7,14,14,12,2,1,0,13,2,59,403,59403,14,2010,2T2ZK1BA5AC0,2,T,2,Z,K,1,B,A,5,A,C,0,0,0,0,000000000,00000000000,0,0,0,1,0,0,0,0,0,0,0,998,0,0,0,12,4,3,12,0,0,0,1,13,30809,6,1,0,0,3,0,61,120,98,0,0,0,0,0,0,0,0,0,0,0,0,0,1,4,45,1,1,2,1,0,0,1,62,99,1,1,51,0,0
13,130515,2,3,1,1,7,14,14,12,2,1,0,13,1,12,401,12401,14,2007,1FMCU49H57KA,1,F,M,C,U,4,9,H,5,7,K,A,0,0,0,000000000,00000000000,0,0,0,1,0,0,0,0,0,0,0,998,0,0,0,12,4,3,12,0,0,0,1,13,30809,6,1,0,0,3,0,69,172,98,0,0,0,0,0,0,0,0,0,0,0,0,0,1,4,45,1,1,2,1,0,0,1,62,99,1,1,98,0,0
13,130515,3,3,1,1,7,14,14,12,2,1,0,13,1,49,43,49043,4,2006,4T1BK36B96U1,4,T,1,B,K,3,6,B,9,6,U,1,0,0,0,000000000,00000000000,0,0,0,1,0,0,0,0,0,0,0,998,0,0,0,12,6,2,12,0,0,0,1,13,30907,6,1,0,0,3,3,60,120,98,0,0,0,0,0,0,0,0,0,28,0,0,0,1,4,45,1,1,2,1,0,0,1,10,99,1,2,50,1,0
13,130516,1,1,1,1,7,4,55,8,0,1,0,13,1,20,481,20481,31,2015,1GC1KWE80FF1,1,G,C,1,K,W,E,8,0,F,F,1,0,0,0,000000000,00000000000,0,0,0,1,0,0,0,0,0,0,0,998,0,0,0,12,6,2,8,0,0,0,1,13,30340,6,1,0,0,3,0,68,188,98,0,0,0,2,8,2011,8,2011,0,0,0,0,0,3,4,55,1,1,2,1,0,0,1,80,99,1,1,13,0,0
13,130517,1,1,2,1,7,1,30,42,0,1,0,13,2,35,47,35047,2,2012,1N4BL2EP7CC2,1,N,4,B,L,2,E,P,7,C,C,2,0,0,0,000000000,00000000000,0,0,0,1,0,0,0,0,0,0,0,998,0,1,5,12,6,2,42,0,0,0,1,13,30286,6,1,0,0,3,0,66,128,98,0,0,0,0,0,0,0,0,0,0,0,0,0,1,2,55,2,1,2,1,0,0,14,13,99,9,4,1,1,1
13,130518,1,2,1,1,7,23,19,12,2,1,0,13,1,37,32,37032,2,2008,1HGCS12778A0,1,H,G,C,S,1,2,7,7,8,A,0,0,0,0,000000000,00000000000,0,0,0,1,0,0,0,0,0,0,0,998,0,0,0,12,6,2,12,0,0,1,1,13,31093,1,2,0,0,2,0,74,175,98,6,0,2,4,9,2012,6,2014,0,28,0,0,0,1,2,55,1,1,2,1,0,0,1,10,99,1,2,50,0,0
13,130518,2,2,1,1,7,23,19,12,2,1,0,13,1,37,32,37032,4,1991,1HGCB7654MA0,1,H,G,C,B,7,6,5,4,M,A,0,0,0,0,000000000,00000000000,0,0,0,1,0,0,0,0,0,0,0,998,0,0,0,12,6,2,12,0,0,0,1,13,31211,6,1,0,0,3,3,69,168,98,0,0,0,0,0,0,0,0,0,0,0,0,0,1,2,55,1,1,2,1,0,0,1,62,99,1,1,51,1,0
13,130519,1,2,2,1,7,19,13,12,2,1,0,13,2,12,37,12037,2,2006,1FAFP31N26W2,1,F,A,F,P,3,1,N,2,6,W,2,0,0,0,000000000,00000000000,0,0,0,1,0,0,0,0,0,0,0,998,0,0,0,12,6,2,12,32,0,0,1,13,30721,6,1,0,0,3,3,64,169,98,0,0,0,0,0,0,0,0,0,28,0,0,0,1,2,55,1,1,2,1,0,0,1,10,99,9,2,50,2,1
13,130519,2,2,1,1,7,19,13,12,2,1,0,13,3,12,481,12481,31,2003,1FDWX36S73EC,1,F,D,W,X,3,6,S,7,3,E,C,0,0,0,000000000,00000000000,0,0,0,1,0,0,0,0,0,0,0,998,0,0,0,12,6,2,12,0,0,0,1,13,30121,6,1,0,0,3,0,73,175,98,2,1,0,1,4,2012,7,2013,0,0,0,0,0,1,2,55,1,1,2,1,0,0,1,62,4,2,1,51,0,0
13,130520,1,2,1,1,7,7,44,12,2,1,0,13,1,37,32,37032,4,1996,1HGCD5638TA1,1,H,G,C,D,5,6,3,8,T,A,1,0,0,0,000000000,00000000000,0,0,0,1,0,0,0,0,0,0,0,998,0,0,0,12,6,2,12,0,0,0,1,13,31827,6,1,0,0,3,0,72,165,98,0,0,0,0,0,0,0,0,0,28,0,0,0,1,2,55,1,6,2,1,0,0,1,10,99,9,2,50,1,0
13,130520,2,2,1,1,7,7,44,12,2,1,0,93,3,86,881,86881,66,2015,1M1AN09Y0FM0,1,M,1,A,N,0,9,Y,0,F,M,0,1,3,57,2491648,572491648,3,6,1,1,0,0,0,0,0,0,0,998,0,0,0,12,6,2,12,0,0,0,1,13,31803,6,1,6,0,3,3,72,280,98,1,0,0,0,10,2012,10,2012,0,0,0,0,0,1,2,55,1,5,2,1,0,0,1,62,9,2,1,51,0,0
13,130521,1,1,1,2,7,18,11,33,0,1,0,13,1,37,31,37031,2,1995,1HGEJ1122SL0,1,H,G,E,J,1,1,2,2,S,L,0,0,0,0,000000000,00000000000,0,0,0,1,0,0,0,0,0,0,0,998,0,1,1,14,6,2,33,0,0,0,1,13,31419,6,1,0,0,3,0,72,150,98,2,0,0,0,4,2012,4,2013,4,0,0,0,0,2,2,55,2,1,1,1,0,0,14,3,99,9,4,7,1,0
13,130522,1,1,1,2,7,19,38,1,0,1,0,13,1,12,401,12401,14,2000,1FMZU64P1YZA,1,F,M,Z,U,6,4,P,1,Y,Z,A,0,0,0,000000000,00000000000,0,0,0,1,0,0,0,0,0,0,0,998,0,2,1,0,6,2,1,0,0,0,1,13,30040,6,1,0,0,3,0,66,270,98,0,0,0,2,8,2012,8,2012,0,58,0,0,0,3,2,65,2,1,1,1,0,0,14,12,7,3,6,98,1,0
13,130523,1,1,1,3,7,1,36,8,0,1,0,13,1,22,22,22022,4,2009,1G2ZH57N5941,1,G,2,Z,H,5,7,N,5,9,4,1,0,0,0,000000000,00000000000,0,0,0,1,0,0,0,0,0,0,0,998,0,0,0,12,6,2,8,0,0,0,1,13,30215,6,1,0,0,3,0,61,227,98,3,0,2,0,7,2011,10,2012,0,0,0,0,0,3,3,45,1,1,2,1,0,0,1,80,1,1,1,13,0,0
13,130524,1,1,3,3,7,8,36,30,0,1,0,13,1,22,18,22018,4,2000,1G2NW52E3YC5,1,G,2,N,W,5,2,E,3,Y,C,5,0,0,0,000000000,00000000000,0,0,0,1,0,0,0,0,0,0,0,998,0,0,0,12,6,2,30,0,0,0,1,13,30506,6,1,0,0,3,0,64,151,98,0,0,0,1,4,2012,4,2012,0,0,0,0,0,1,2,55,3,1,2,1,0,0,14,12,99,9,4,6,1,0
13,130525,1,1,1,3,7,8,8,41,0,1,0,13,3,7,482,7482,31,2001,1B7KC23Z71J5,1,B,7,K,C,2,3,Z,7,1,J,5,0,0,0,000000000,00000000000,0,0,0,1,0,0,0,0,0,0,0,998,0,0,0,12,6,2,35,0,0,0,1,13,30286,6,1,0,0,3,3,74,230,98,0,0,0,1,1,2014,1,2014,0,0,0,0,0,1,2,55,1,5,2,1,0,0,1,12,99,1,4,10,1,0
13,130526,1,2,1,4,7,17,0,12,1,1,0,17,3,51,881,51881,66,2007,4V4NC9THX7N4,4,V,4,N,C,9,T,H,X,7,N,4,1,1,57,2199190,572199190,3,6,1,1,0,0,0,0,0,0,0,998,0,0,0,12,4,3,12,0,0,0,1,13,30095,6,1,6,0,3,0,67,250,98,0,0,0,0,0,0,0,0,0,26,0,0,0,3,2,70,1,1,1,1,0,0,1,51,99,9,1,24,0,0
13,130526,2,2,5,4,7,17,0,12,1,1,0,13,2,2,404,2404,14,1996,1J4FX58S8TC2,1,J,4,F,X,5,8,S,8,T,C,2,0,0,0,000000000,00000000000,0,0,0,1,0,0,0,0,0,0,0,998,0,1,5,6,6,2,1,0,0,0,1,13,30318,0,0,0,0,0,0,999,999,98,0,0,0,0,0,0,0,0,0,0,0,0,0,3,2,70,1,1,1,1,0,0,1,53,99,9,1,25,1,0
13,130527,1,2,4,4,7,6,30,12,1,1,0,13,1,37,441,37441,20,2007,5FNRL38857B1,5,F,N,R,L,3,8,8,5,7,B,1,0,0,0,000000000,00000000000,0,0,0,1,0,0,0,0,0,0,0,998,0,0,0,12,6,2,12,0,0,0,1,13,30022,6,1,0,0,3,0,62,160,98,2,0,2,0,6,2012,10,2012,4,26,0,0,0,3,4,55,1,1,2,1,0,0,1,52,99,9,1,28,2,0
13,130527,2,2,1,4,7,6,30,12,1,1,0,93,3,51,881,51881,66,2007,4V4M19GF77N4,4,V,4,M,1,9,G,F,7,7,N,4,2,1,57,092261,57092261,3,7,1,1,0,0,0,0,0,0,0,998,0,0,0,6,6,2,12,0,0,0,1,13,30017,6,1,6,0,3,0,71,235,98,0,0,1,0,10,2012,10,2012,0,0,0,0,0,3,4,55,1,1,2,1,0,0,2,53,1,2,1,29,0,0
13,130528,1,1,1,4,7,21,53,8,0,1,1,99,9,99,999,99999,99,9999,999999999999,9,9,9,9,9,9,9,9,9,9,9,9,0,0,0,000000000,00000000000,0,0,0,1,0,0,0,0,0,0,0,998,0,0,0,12,9,5,8,0,0,0,1,99,99999,9,9,99,9,9,9,999,999,99,99,99,99,99,99,9999,99,9999,9,0,0,0,0,3,3,55,1,1,2,1,0,0,99,80,99,9,9,13,0,0
13,130529,1,2,1,4,7,13,12,12,2,1,0,13,1,49,402,49402,14,1997,JT3GP10V5V70,J,T,3,G,P,1,0,V,5,V,7,0,0,0,0,000000000,00000000000,0,0,0,1,0,0,0,0,0,0,0,998,0,0,0,12,6,2,12,0,0,0,1,13,30655,6,1,6,0,3,3,68,180,98,0,0,0,0,0,0,0,0,0,28,0,0,0,5,5,55,1,2,2,1,0,0,1,10,99,1,2,50,1,0
13,130529,2,2,1,4,7,13,12,12,2,1,0,13,1,6,441,6441,20,2007,2A4GP54L97R1,2,A,4,G,P,5,4,L,9,7,R,1,0,0,0,000000000,00000000000,0,0,0,1,0,0,0,0,0,0,0,998,0,0,0,12,6,2,12,0,0,0,1,13,30052,6,1,6,0,3,3,65,200,98,0,0,1,0,10,2012,10,2012,0,0,0,0,0,5,5,55,1,2,2,1,0,0,1,62,99,1,1,51,0,0
13,130530,1,1,1,4,7,10,0,18,0,1,0,92,0,76,705,76705,80,2003,JYARJ06E33A0,J,Y,A,R,J,0,6,E,3,3,A,0,0,0,0,000000000,00000000000,0,0,0,1,0,0,0,0,0,0,0,998,0,0,0,12,6,2,35,0,0,0,1,22,71459,6,1,0,0,2,0,76,190,1,0,0,1,0,11,2013,11,2013,0,99,99,99,99,1,2,45,1,1,2,1,0,0,1,13,99,9,4,5,1,0
13,130531,1,1,2,5,7,18,20,42,0,1,0,13,2,20,471,20471,30,2000,1GCCS14W7Y81,1,G,C,C,S,1,4,W,7,Y,8,1,0,0,0,000000000,00000000000,0,0,0,1,0,0,0,0,0,0,0,998,0,0,0,3,6,2,42,0,0,0,1,13,30467,6,1,0,0,3,0,69,150,98,0,0,0,1,8,2013,8,2013,4,58,36,0,0,1,2,35,2,1,2,1,0,0,14,6,99,9,4,7,1,1
13,130532,1,1,6,5,7,18,16,34,0,1,0,12,2,12,401,12401,14,2003,1FMEU17W83LB,1,F,M,E,U,1,7,W,8,3,L,B,0,0,0,000000000,00000000000,0,0,0,1,0,0,0,0,0,0,0,998,0,1,5,12,6,2,1,0,0,0,1,12,33890,6,1,0,0,3,0,73,999,0,0,0,1,0,8,2011,8,2011,0,58,0,0,0,1,2,55,3,3,2,1,0,0,14,13,6,4,4,7,1,0
13,130533,1,2,2,6,7,16,31,12,6,1,0,13,1,23,8,23008,6,2012,1GKKRNED1CJ2,1,G,K,K,R,N,E,D,1,C,J,2,0,0,0,000000000,00000000000,0,0,0,1,0,0,0,0,0,0,0,998,0,0,0,2,4,3,12,0,0,0,1,13,30168,6,1,0,0,3,0,67,175,98,0,0,0,0,0,0,0,0,0,38,0,0,0,3,2,45,1,1,2,1,3,3,11,15,99,1,1,68,0,0
13,130533,2,2,1,6,7,16,31,12,6,1,0,13,2,72,706,72706,80,2010,1HD1KB415AB6,1,H,D,1,K,B,4,1,5,A,B,6,0,0,0,000000000,00000000000,0,0,0,1,0,0,0,0,0,0,0,998,0,0,0,12,6,2,12,0,0,0,1,13,30126,6,1,0,0,3,0,72,285,98,0,0,1,0,3,2014,3,2014,0,0,0,0,0,3,2,45,1,1,2,1,3,3,1,62,99,1,1,69,1,0
13,130534,1,1,1,6,7,2,7,24,0,1,0,13,3,42,399,42399,9,1994,WDBFA67E9RF0,W,D,B,F,A,6,7,E,9,R,F,0,0,0,0,000000000,00000000000,0,0,0,1,0,0,0,0,0,0,0,998,0,0,0,99,6,2,24,0,0,0,1,13,30016,6,1,0,0,3,0,69,175,98,0,0,1,0,7,2013,7,2013,4,0,0,0,0,6,3,99,2,1,1,1,0,0,14,12,99,9,4,7,1,1
13,130535,1,1,1,7,7,8,13,42,0,1,0,13,2,12,481,12481,31,1997,1FTEX18L7VNC,1,F,T,E,X,1,8,L,7,V,N,C,0,0,0,000000000,00000000000,0,0,0,1,0,0,0,0,0,0,0,998,0,0,0,12,6,2,42,0,0,0,1,13,39842,6,1,0,0,3,0,73,285,98,0,0,0,1,8,2013,8,2013,0,99,99,99,99,1,2,55,1,3,2,1,0,0,1,12,99,9,4,10,1,0
13,130536,1,1,1,8,7,20,38,1,0,1,0,13,1,53,706,53706,80,2002,JS1GR7GA9221,J,S,1,G,R,7,G,A,9,2,2,1,0,0,0,000000000,00000000000,0,0,0,1,0,0,0,0,0,0,0,998,0,0,0,0,6,2,1,0,0,0,1,13,30529,6,1,0,0,3,0,69,155,98,0,0,0,1,9,2013,9,2013,3,36,0,0,0,1,2,45,3,3,2,1,0,0,14,6,4,2,1,98,1,0
13,130537,1,1,1,8,7,22,22,8,0,1,0,13,1,35,39,35039,4,2006,1N4BA41E36C8,1,N,4,B,A,4,1,E,3,6,C,8,0,0,0,000000000,00000000000,0,0,0,1,0,0,0,0,0,0,0,998,0,0,0,12,4,3,8,0,0,0,1,13,31201,6,1,0,0,3,0,67,150,98,7,1,0,2,8,2011,2,2013,0,0,0,0,0,1,4,45,1,2,2,1,0,0,1,80,1,1,1,13,0,0
13,130538,1,1,2,8,7,0,37,15,0,1,0,13,2,20,422,20422,15,2007,3GNFC16J47G3,3,G,N,F,C,1,6,J,4,7,G,3,0,0,0,000000000,00000000000,0,0,0,1,0,0,0,0,0,0,0,998,0,0,0,1,4,5,15,0,0,0,1,13,30214,6,1,0,0,3,0,73,190,98,0,0,0,0,0,0,0,0,0,0,0,0,0,1,2,35,1,1,1,1,0,0,1,80,6,1,2,13,0,0
13,130539,1,1,1,8,7,9,13,33,0,1,0,13,1,37,706,37706,80,2007,JH2SC57067M3,J,H,2,S,C,5,7,0,6,7,M,3,0,0,0,000000000,00000000000,0,0,0,1,0,0,0,0,0,0,0,998,0,0,0,9,4,3,33,0,0,0,1,39,43110,3,1,0,0,2,3,71,195,0,0,0,1,0,8,2011,8,2011,0,99,99,99,99,1,2,30,1,1,2,1,0,0,1,12,99,9,4,10,1,0
13,130540,1,2,1,8,7,15,15,12,2,1,0,13,2,49,32,49032,4,2003,1NXBR32EX3Z1,1,N,X,B,R,3,2,E,X,3,Z,1,0,0,0,000000000,00000000000,0,0,0,1,0,0,0,0,0,0,0,998,0,1,5,12,6,2,12,0,0,0,1,13,31722,6,1,0,0,3,0,66,211,98,0,0,0,1,6,2014,6,2014,0,33,28,0,0,1,3,55,1,1,2,1,0,0,6,10,99,9,2,50,1,0
13,130540,2,2,1,8,7,15,15,12,2,1,0,13,3,7,482,7482,31,2010,1D7RV1GT8AS2,1,D,7,R,V,1,G,T,8,A,S,2,0,0,0,000000000,00000000000,0,0,0,1,0,0,0,0,0,0,0,998,0,1,5,12,6,2,12,0,0,0,1,13,31773,6,1,6,0,3,0,71,190,98,1,0,0,0,11,2012,11,2012,0,0,0,0,0,1,3,55,1,1,2,1,0,0,1,62,7,1,1,51,0,0
13,130541,1,1,3,9,7,18,15,18,0,1,0,51,4,55,33,55033,4,2014,5NPEB4AC7EH8,5,N,P,E,B,4,A,C,7,E,H,8,0,0,0,000000000,00000000000,0,0,0,1,0,0,0,0,0,0,0,998,0,1,5,5,6,2,42,0,0,0,1,13,31548,6,1,0,0,3,0,71,187,98,0,0,0,0,0,0,0,0,3,36,58,0,0,2,3,45,3,1,2,1,0,0,14,6,6,4,4,2,1,1
13,130542,1,1,1,9,7,5,49,1,0,1,0,13,1,53,705,53705,80,2007,JS1GN7DA6721,J,S,1,G,N,7,D,A,6,7,2,1,0,0,0,000000000,00000000000,0,0,0,1,0,0,0,0,0,0,0,998,0,0,0,0,6,2,34,0,0,0,1,13,31756,6,1,0,0,3,0,68,180,98,0,0,0,1,4,2014,4,2014,4,0,0,0,0,1,2,55,3,1,2,1,0,0,14,6,99,9,1,98,1,0
13,130543,1,4,1,11,7,7,58,12,6,1,0,55,1,12,3,12003,2,2006,1ZVFT80N7652,1,Z,V,F,T,8,0,N,7,6,5,2,0,0,0,000000000,00000000000,0,0,0,1,0,0,0,0,0,0,0,998,0,0,0,3,6,2,12,0,0,0,1,55,53140,6,1,0,0,3,3,67,145,0,0,0,0,0,0,0,0,0,0,0,0,0,0,2,2,65,3,6,2,1,0,0,14,12,99,9,7,64,1,0
13,130543,2,4,1,11,7,7,58,12,6,1,0,13,1,20,401,20401,14,2003,1GNDS13S5324,1,G,N,D,S,1,3,S,5,3,2,4,0,0,0,000000000,00000000000,0,0,0,1,0,0,0,0,0,0,0,998,0,0,0,12,6,2,12,0,0,0,1,13,30752,6,1,0,0,3,0,68,170,98,0,0,0,0,0,0,0,0,0,0,0,0,0,2,3,65,2,5,2,1,0,0,14,64,99,9,1,65,0,0
13,130543,3,4,1,11,7,7,58,12,6,1,0,1,2,35,47,35047,4,2010,1N4AL2AP0AN5,1,N,4,A,L,2,A,P,0,A,N,5,0,0,0,000000000,00000000000,0,0,0,1,0,0,0,0,0,0,0,998,0,0,0,9,6,2,12,0,0,0,1,1,35769,6,1,0,0,3,0,64,170,0,0,0,1,0,2,2013,2,2013,0,0,0,0,0,2,3,65,2,5,2,1,0,0,14,64,99,9,1,98,1,0
13,130543,4,4,1,11,7,7,58,12,6,1,0,1,2,2,407,2407,14,2009,1J4FT28B19D1,1,J,4,F,T,2,8,B,1,9,D,1,0,0,0,000000000,00000000000,0,0,0,1,0,0,0,0,0,0,0,998,0,1,1,9,6,2,12,0,0,0,1,1,35966,6,1,0,0,3,0,69,273,0,0,0,0,0,0,0,0,0,0,0,0,0,0,2,3,65,2,5,2,1,0,0,14,60,99,9,3,98,0,0
13,130544,1,1,1,11,7,17,32,32,0,1,0,13,1,72,706,72706,80,2008,1HD1GX4178K3,1,H,D,1,G,X,4,1,7,8,K,3,0,0,0,000000000,00000000000,0,0,0,1,0,0,0,0,0,0,0,998,0,0,0,10,6,2,32,0,0,0,1,13,31028,6,1,6,0,3,0,72,220,98,0,0,1,0,10,2012,10,2012,4,0,0,0,0,1,2,25,2,2,2,1,0,0,14,13,3,2,4,1,1,1
13,130545,1,1,4,11,7,0,30,1,0,1,0,92,0,23,481,23481,31,2008,1GTEK19098E1,1,G,T,E,K,1,9,0,9,8,E,1,0,0,0,000000000,00000000000,0,0,0,1,0,0,0,0,0,0,0,998,0,9,5,0,6,2,1,0,0,0,1,13,31791,6,1,0,0,3,0,77,240,98,0,0,1,0,5,2014,5,2014,0,36,0,0,0,1,2,35,1,1,5,11,0,0,1,12,99,9,4,7,1,1
13,130546,1,2,2,12,7,16,50,12,6,1,0,18,1,20,422,20422,15,2007,3GNFK16337G1,3,G,N,F,K,1,6,3,3,7,G,1,0,0,0,000000000,00000000000,0,0,0,1,0,0,0,0,0,0,0,998,0,0,0,12,6,2,12,0,0,0,1,18,46112,6,1,0,0,3,0,999,999,0,0,0,0,0,0,0,0,0,0,26,0,0,0,3,3,70,1,1,2,1,0,0,15,51,99,9,2,48,0,0
13,130546,2,2,1,12,7,16,50,12,6,1,0,13,2,49,472,49472,30,2006,5TENX22NX6Z2,5,T,E,N,X,2,2,N,X,6,Z,2,0,0,0,000000000,00000000000,0,0,0,1,0,0,0,0,0,0,0,998,0,0,0,7,6,2,12,0,0,0,1,12,32034,6,1,6,0,3,3,72,999,0,0,0,0,1,6,2012,6,2012,0,0,0,0,0,3,3,70,1,1,2,1,0,0,1,53,99,9,1,48,1,0
13,130547,1,1,1,12,7,1,47,33,0,1,0,92,0,73,706,73706,80,2003,JKAZX2F123A0,J,K,A,Z,X,2,F,1,2,3,A,0,0,0,0,000000000,00000000000,0,0,0,1,0,0,0,0,0,0,0,998,0,0,0,12,6,2,19,0,0,0,1,13,30311,6,1,0,0,3,2,72,280,98,0,0,0,0,0,0,0,0,4,39,74,0,0,1,2,30,1,2,2,1,20,3,1,14,3,2,4,14,1,1
13,130548,1,1,1,12,7,6,35,33,0,1,0,24,4,6,18,6018,4,2013,1C3CCBBB0DN6,1,C,3,C,C,B,B,B,0,D,N,6,0,0,0,000000000,00000000000,0,0,0,1,0,0,0,0,0,0,0,55,0,1,5,12,6,2,1,0,0,0,1,13,30213,6,1,0,0,3,0,66,160,98,0,0,0,2,4,2012,6,2014,3,0,0,0,0,1,2,35,2,2,2,1,0,0,14,13,6,9,4,7,1,1
13,130549,1,1,1,12,7,19,25,35,0,1,0,0,0,73,734,73734,90,2002,JK1AFCE182B5,J,K,1,A,F,C,E,1,8,2,B,5,0,0,0,000000000,00000000000,0,0,0,1,0,0,0,0,0,0,0,998,0,0,0,11,6,2,35,0,0,0,1,13,31798,0,0,0,0,0,0,70,155,98,0,0,0,0,0,0,0,0,0,99,99,99,99,1,2,35,1,1,2,1,0,0,1,12,99,9,4,10,1,1
13,130550,1,1,6,12,7,18,50,42,0,1,0,13,2,20,481,20481,31,2002,1GCEC14V52Z1,1,G,C,E,C,1,4,V,5,2,Z,1,0,0,0,000000000,00000000000,0,0,0,1,0,0,0,0,0,0,0,998,0,0,0,3,6,2,42,0,0,0,1,13,30474,0,0,0,0,0,0,999,999,98,0,0,0,0,0,0,0,0,0,36,0,0,0,1,2,35,3,6,2,11,0,0,14,13,99,9,4,2,1,0
13,130551,1,1,3,13,7,1,53,5,0,1,0,13,2,12,401,12401,14,1986,1FMDU15H1GLB,1,F,M,D,U,1,5,H,1,G,L,B,0,0,0,000000000,00000000000,0,0,0,1,0,0,0,0,0,0,0,998,0,0,0,0,0,3,5,35,0,0,1,13,30052,6,1,0,0,3,3,74,226,98,1,0,2,2,8,2012,11,2013,5,36,0,0,0,1,2,55,1,1,2,1,0,0,8,98,99,1,7,0,1,0
13,130552,1,2,1,13,7,0,52,12,1,1,0,13,1,72,706,72706,80,2013,1HD1KBM17DB6,1,H,D,1,K,B,M,1,7,D,B,6,0,0,0,000000000,00000000000,0,0,0,1,0,0,0,0,0,0,0,998,0,0,0,12,6,2,12,0,0,0,1,13,30248,6,1,0,0,3,0,69,220,98,0,0,0,1,3,2014,3,2014,0,26,0,0,0,3,6,65,1,1,2,1,0,0,1,51,99,1,1,24,1,1
13,130552,2,2,1,13,7,0,52,12,1,1,0,13,3,86,884,86884,63,2004,1M2AG11C24M0,1,M,2,A,G,1,1,C,2,4,M,0,0,0,88,888888888,88888888888,3,1,1,1,0,0,0,0,0,0,0,998,0,0,0,6,4,9,12,0,0,0,1,13,30038,6,1,6,0,3,3,67,220,98,3,0,1,0,12,2012,12,2013,0,0,0,0,0,3,6,65,1,1,2,1,0,0,1,53,99,1,1,25,0,0
13,130553,1,2,1,14,7,10,57,1,0,1,0,13,3,82,881,82881,66,2000,1FUYDXYB4YLH,1,F,U,Y,D,X,Y,B,4,Y,L,H,1,1,57,1393081,571393081,3,6,3,1,0,0,0,0,0,0,0,998,0,2,1,0,6,2,54,0,0,0,1,13,31024,6,1,6,0,3,1,67,140,98,1,0,0,1,9,2013,2,2014,0,0,0,0,0,1,2,55,2,1,2,1,0,0,14,10,99,9,2,98,0,0
13,130553,2,2,1,14,7,10,57,1,0,1,0,13,3,23,481,23481,31,2001,1GTHC29U01E3,1,G,T,H,C,2,9,U,0,1,E,3,0,0,0,000000000,00000000000,0,0,0,1,0,0,0,0,0,0,0,998,0,0,0,11,6,2,54,0,0,0,1,13,31030,1,1,0,0,2,0,71,150,98,2,0,3,0,10,2011,6,2014,0,0,0,0,0,1,2,55,3,1,2,1,0,0,14,62,99,9,1,98,1,0
13,130554,1,1,2,14,7,2,20,35,0,1,0,13,2,20,401,20401,14,2003,1GNDS13S3321,1,G,N,D,S,1,3,S,3,3,2,1,0,0,0,000000000,00000000000,0,0,0,1,0,0,0,0,0,0,0,998,0,1,4,12,6,2,35,0,0,0,1,13,30360,0,0,0,0,0,0,999,999,98,0,0,0,1,9,2011,9,2011,0,0,0,0,0,6,9,35,1,1,2,1,0,0,1,12,99,9,4,7,1,1