STATE,ST_CASE,VEH_NO,VE_FORMS,NUMOCCS,DAY,MONTH,HOUR,MINUTE,HARM_EV,MAN_COLL,UNITTYPE,HIT_RUN,REG_STAT,OWNER,MAKE,MODEL,MAK_MOD,BODY_TYP,MOD_YEAR,VIN,VIN_1,VIN_2,VIN_3,VIN_4,VIN_5,VIN_6,VIN_7,VIN_8,VIN_9,VIN_10,VIN_11,VIN_12,TOW_VEH,J_KNIFE,MCARR_I1,MCARR_I2,MCARR_ID,GVWR,V_CONFIG,CARGO_BT,HAZ_INV,HAZ_PLAC,HAZ_ID,HAZ_CNO,HAZ_REL,BUS_USE,SPEC_USE,EMER_USE,TRAV_SP,UNDERIDE,ROLLOVER,ROLINLOC,IMPACT1,DEFORMED,TOWED,M_HARM,VEH_SC1,VEH_SC2,FIRE_EXP,DR_PRES,L_STATE,DR_ZIP,L_STATUS,L_TYPE,CDL_STAT,L_ENDORS,L_COMPL,L_RESTRI,DR_HGT,DR_WGT,PREV_ACC,PREV_SUS,PREV_DWI,PREV_SPD,PREV_OTH,FIRST_MO,FIRST_YR,LAST_MO,LAST_YR,SPEEDREL,DR_SF1,DR_SF2,DR_SF3,DR_SF4,VTRAFWAY,VNUM_LAN,VSPD_LIM,VALIGN,VPROFILE,VPAVETYP,VSURCOND,VTRAFCON,VTCONT_F,P_CRASH1,P_CRASH2,P_CRASH3,PCRASH4,PCRASH5,ACC_TYPE,DEATHS,DR_DRINK
13,130555,1,2,1,14,7,11,6,12,6,1,0,13,1,2,403,2403,14,2009,1J8GR48K09C5,1,J,8,G,R,4,8,K,0,9,C,5,0,0,0,000000000,00000000000,0,0,0,1,0,0,0,0,0,0,0,998,0,0,0,9,6,2,12,0,0,0,1,13,31032,6,1,0,0,3,3,60,150,98,0,0,0,0,0,0,0,0,0,38,48,0,0,1,2,55,1,2,2,1,0,0,12,53,99,1,2,98,1,0
13,130555,2,2,1,14,7,11,6,12,6,1,0,21,1,12,481,12481,31,1999,1FTSX30F6XEC,1,F,T,S,X,3,0,F,6,X,E,C,0,0,0,000000000,00000000000,0,0,0,1,0,0,0,0,0,0,0,998,0,0,0,12,6,2,12,0,0,0,1,21,40222,6,1,0,0,3,0,74,180,0,0,0,0,0,0,0,0,0,0,0,0,0,0,1,2,55,1,2,2,1,0,0,1,52,6,2,2,98,0,0
13,130556,1,1,1,14,7,12,51,8,0,1,1,99,9,99,999,99999,99,9999,999999999999,9,9,9,9,9,9,9,9,9,9,9,9,0,0,0,000000000,00000000000,0,0,0,1,0,0,0,0,0,0,0,998,0,0,0,18,0,5,8,0,0,0,1,99,99999,9,9,99,9,9,9,999,999,99,99,99,99,99,99,9999,99,9999,9,0,0,0,0,3,3,65,1,1,2,1,0,0,98,98,99,1,4,98,0,0
13,130557,1,1,1,16,7,17,5,34,0,1,0,92,0,98,709,98709,80,2005,5KMMCG2V9551,5,K,M,M,C,G,2,V,9,5,5,1,0,0,0,000000000,00000000000,0,0,0,1,0,0,0,0,0,0,0,998,0,0,0,99,6,2,34,0,0,0,1,47,37412,6,1,0,0,3,3,66,295,0,0,0,0,0,0,0,0,0,0,0,0,0,0,1,2,35,3,2,2,1,0,0,14,13,3,2,4,2,1,0
13,130558,1,1,4,16,7,20,3,1,0,1,0,13,1,3,402,3402,14,2008,5GTEN13E4881,5,G,T,E,N,1,3,E,4,8,8,1,0,0,0,000000000,00000000000,0,0,0,1,0,0,0,0,0,0,0,998,0,2,1,0,6,2,1,0,0,0,1,13,30518,1,1,0,0,2,3,63,110,98,5,1,0,5,9,2013,3,2014,0,58,0,0,0,1,2,40,3,2,2,1,0,0,14,13,6,3,2,98,1,1
13,130559,1,2,1,16,7,13,8,12,1,1,0,13,1,23,472,23472,30,2005,1GTCS1488582,1,G,T,C,S,1,4,8,8,5,8,2,0,0,0,000000000,00000000000,0,0,0,1,0,0,0,0,0,0,0,998,0,0,0,12,6,2,12,0,0,0,1,13,39817,6,1,0,0,3,0,68,130,98,0,0,0,1,9,2011,9,2011,0,26,0,0,0,2,2,65,1,1,2,1,0,0,1,51,99,9,1,24,0,0
13,130559,2,2,1,16,7,13,8,12,1,1,0,0,0,12,998,12998,92,1974,000000000000,0,0,0,0,0,0,0,0,0,0,0,0,0,0,0,000000000,00000000000,0,0,0,1,0,0,0,0,0,0,0,998,0,0,0,6,6,2,12,0,0,0,1,13,31716,0,0,0,0,1,0,999,999,98,0,0,0,0,0,0,0,0,0,0,0,0,0,2,2,65,1,1,2,1,0,0,1,53,99,9,1,25,1,0
13,130560,1,1,1,16,7,1,39,34,0,1,0,13,1,49,40,49040,4,2007,JTNBK46K7730,J,T,N,B,K,4,6,K,7,7,3,0,0,0,0,000000000,00000000000,0,0,0,1,0,0,0,0,0,0,0,998,0,0,0,14,6,2,42,0,0,0,1,13,31078,6,1,0,0,3,0,69,140,98,1,0,0,1,3,2012,3,2012,4,58,0,0,0,1,2,55,2,2,2,2,0,0,14,13,7,3,4,2,1,0
13,130561,1,1,1,17,7,2,30,10,0,1,0,13,2,12,481,12481,31,2002,1FTRF17L02NA,1,F,T,R,F,1,7,L,0,2,N,A,0,0,0,000000000,00000000000,0,0,0,1,0,0,0,0,0,0,0,998,0,0,0,9,6,2,10,0,0,0,1,13,31326,6,1,0,0,3,0,76,290,98,1,0,1,0,8,2011,10,2012,0,39,0,0,0,1,4,45,1,1,1,1,65,3,1,91,99,1,1,15,1,1
13,130562,1,1,1,17,7,21,18,8,0,1,0,13,1,12,37,12037,4,2000,1FAFP3438YW1,1,F,A,F,P,3,4,3,8,Y,W,1,0,0,0,000000000,00000000000,0,0,0,1,0,0,0,0,0,0,0,998,0,0,0,12,4,5,8,0,0,0,1,13,31312,6,1,0,0,3,0,70,130,98,0,0,0,6,4,2012,3,2014,0,0,0,0,0,1,2,35,1,1,2,1,0,0,1,80,99,1,1,13,0,1
13,130563,1,2,1,17,7,19,2,12,6,1,0,13,1,7,21,7021,6,2005,2D4GV58205H1,2,D,4,G,V,5,8,2,0,5,H,1,0,0,0,000000000,00000000000,0,0,0,1,0,0,0,0,0,0,0,998,0,0,0,12,6,2,12,0,0,0,1,13,30805,1,1,0,0,2,0,72,170,98,0,0,0,0,0,0,0,0,3,36,0,0,0,2,6,45,1,3,2,1,0,0,1,67,99,1,1,69,0,1
13,130563,2,2,1,17,7,19,2,12,6,1,0,13,1,53,402,53402,14,2001,JS3TE62V6141,J,S,3,T,E,6,2,V,6,1,4,1,0,0,0,000000000,00000000000,0,0,0,1,0,0,0,0,0,0,0,998,0,0,0,9,6,2,12,0,0,0,1,13,30906,6,1,0,0,3,0,64,220,98,0,0,1,0,9,2013,9,2013,0,38,0,0,0,1,2,45,1,1,2,1,20,3,11,15,99,1,1,68,1,1
13,130564,1,1,1,18,7,20,45,1,0,1,0,0,0,37,739,37739,90,2007,000000000000,0,0,0,0,0,0,0,0,0,0,0,0,0,0,0,000000000,00000000000,0,0,0,1,0,0,0,0,0,0,0,998,0,2,1,0,6,2,1,0,0,0,1,13,39870,6,1,6,0,3,3,72,270,98,0,0,0,1,2,2013,2,2013,0,81,0,0,0,1,2,55,1,1,2,1,0,0,17,90,6,1,2,98,1,0
13,130565,1,2,1,18,7,20,53,12,6,1,0,12,1,3,431,3431,16,2009,5GNEN13E7981,5,G,N,E,N,1,3,E,7,9,8,1,0,0,0,000000000,00000000000,0,0,0,1,0,0,0,0,0,0,0,998,0,0,0,1,6,2,12,0,0,0,1,12,31558,6,1,0,0,3,0,999,999,99,99,99,99,99,99,9999,99,9999,0,38,0,0,0,5,4,45,1,1,2,1,3,3,11,62,99,1,1,68,0,0
13,130565,2,2,2,18,7,20,53,12,6,1,0,12,1,72,709,72709,80,1994,1HD1BJL42RY0,1,H,D,1,B,J,L,4,2,R,Y,0,0,0,0,000000000,00000000000,0,0,0,1,0,0,0,0,0,0,0,998,0,0,0,12,6,2,12,0,0,0,1,12,32083,6,1,6,0,3,0,72,999,0,0,0,0,0,0,0,0,0,0,0,0,0,0,2,4,45,1,1,2,1,3,3,1,17,99,1,1,69,1,0
13,130566,1,2,2,18,7,15,30,12,6,1,0,13,1,12,481,12481,32,2007,1FTWW31P47EA,1,F,T,W,W,3,1,P,4,7,E,A,1,1,0,000000000,00000000000,0,0,0,1,0,0,0,0,0,0,0,998,0,0,0,12,4,3,12,0,0,0,1,13,30125,6,1,0,0,3,3,66,175,98,0,0,0,0,0,0,0,0,0,0,0,0,0,3,3,40,1,2,2,1,0,0,1,61,7,1,1,69,0,0
13,130566,2,2,2,18,7,15,30,12,6,1,0,13,1,12,3,12003,2,1999,1FAFP4044XF1,1,F,A,F,P,4,0,4,4,X,F,1,0,0,0,000000000,00000000000,0,0,0,1,0,0,0,0,0,0,0,998,0,0,0,3,6,2,12,0,0,0,1,99,30176,9,9,99,9,9,9,999,999,99,99,99,99,99,99,9999,99,9999,0,0,0,0,0,3,3,40,1,2,2,1,20,3,11,15,99,1,1,68,1,0
13,130567,1,1,1,18,7,23,21,35,0,1,0,13,1,63,38,63038,4,2014,KNAFK4A63E50,K,N,A,F,K,4,A,6,3,E,5,0,0,0,0,000000000,00000000000,0,0,0,1,0,0,0,0,0,0,0,998,0,1,5,98,6,2,1,0,0,0,1,13,30294,6,1,0,0,3,0,69,240,98,0,0,0,0,0,0,0,0,0,0,0,0,0,1,2,40,1,1,2,1,0,0,1,13,99,1,4,1,1,1
13,130568,1,1,1,19,7,4,5,8,0,1,0,13,1,41,471,41471,30,1999,4F4YR16VXXTM,4,F,4,Y,R,1,6,V,X,X,T,M,0,0,0,000000000,00000000000,0,0,0,1,0,0,0,0,0,0,0,998,0,0,0,12,4,3,8,0,0,0,1,13,30047,6,1,0,0,3,0,72,180,98,0,0,0,0,0,0,0,0,0,0,0,0,0,3,4,55,1,1,1,2,0,0,1,80,99,1,1,13,0,0
13,130569,1,1,1,19,7,13,34,25,0,1,0,12,2,12,481,12481,31,2013,1FTFW1ET3DKF,1,F,T,F,W,1,E,T,3,D,K,F,0,0,0,000000000,00000000000,0,0,0,1,0,0,0,0,0,0,0,998,0,0,0,11,6,2,25,0,0,0,1,13,30252,6,1,0,0,3,0,72,195,98,3,0,2,3,8,2011,5,2014,3,0,0,0,0,3,3,65,1,1,1,2,0,0,1,12,99,1,4,6,1,0
13,130570,1,1,2,19,7,22,39,59,0,1,0,13,1,35,39,35039,4,2004,1N4BA41E44C8,1,N,4,B,A,4,1,E,4,4,C,8,0,0,0,000000000,00000000000,0,0,0,1,0,0,0,0,0,0,0,998,0,0,0,9,6,2,23,0,0,0,1,13,30213,6,1,0,0,3,0,71,190,98,1,0,1,0,4,2012,5,2012,3,28,0,0,0,1,2,25,3,2,2,2,0,0,14,13,99,1,4,1,1,0
13,130571,1,1,1,19,7,7,23,1,0,1,0,48,0,49,401,49401,14,1999,JT3GN87R6X00,J,T,3,G,N,8,7,R,6,X,0,0,0,0,0,000000000,00000000000,0,0,0,1,0,0,0,0,0,0,0,998,0,2,1,0,6,2,1,0,0,0,1,6,31763,1,1,0,0,2,0,63,180,0,0,0,0,0,0,0,0,0,0,0,0,0,0,1,2,55,1,1,2,1,0,0,1,12,99,1,6,98,1,0
13,130572,1,1,3,19,7,7,40,1,0,1,0,12,2,20,461,20461,21,1998,1GCFG25R1W10,1,G,C,F,G,2,5,R,1,W,1,0,0,0,0,000000000,00000000000,0,0,0,1,0,0,0,0,0,0,0,998,0,1,5,0,6,2,1,0,0,0,1,99,99999,9,9,99,9,9,9,999,999,99,99,99,99,99,99,9999,99,9999,0,80,0,0,0,3,3,70,1,1,1,1,0,0,1,1,99,1,4,1,1,0
13,130573,1,1,1,20,7,5,0,8,0,1,0,99,9,99,999,99999,99,9999,999999999999,9,9,9,9,9,9,9,9,9,9,9,9,0,0,0,000000000,00000000000,0,0,0,1,0,0,0,0,0,0,0,998,0,0,0,12,9,9,8,0,0,0,1,13,30135,6,1,0,0,3,0,69,190,98,0,0,0,0,0,0,0,0,0,0,0,0,0,1,2,40,2,1,2,1,0,0,14,80,99,1,1,13,0,0
13,130574,1,1,1,20,7,0,26,42,0,1,0,13,1,20,431,20431,16,1999,1GCEK19R2XR1,1,G,C,E,K,1,9,R,2,X,R,1,0,0,0,000000000,00000000000,0,0,0,1,0,0,0,0,0,0,0,998,0,0,0,11,6,2,42,0,0,0,1,13,31543,1,1,0,0,2,0,72,180,98,1,0,0,1,5,2014,5,2014,3,28,36,0,0,1,2,35,2,1,2,1,0,0,14,6,99,3,4,7,1,1
13,130575,1,1,2,20,7,21,15,8,0,1,0,13,4,20,25,20025,4,2014,1G1PE5SB0E73,1,G,1,P,E,5,S,B,0,E,7,3,0,0,0,000000000,00000000000,0,0,0,1,0,0,0,0,0,0,0,998,0,0,0,12,4,5,8,0,0,0,1,13,30309,6,1,0,0,3,3,74,220,98,0,0,0,0,0,0,0,0,0,0,0,0,0,2,4,55,1,1,2,1,28,3,1,80,1,1,1,13,0,0
13,130576,1,1,1,20,7,12,20,1,0,1,0,13,2,37,402,37402,14,2003,SHSRD78853U1,S,H,S,R,D,7,8,8,5,3,U,1,0,0,0,000000000,00000000000,0,0,0,1,0,0,0,0,0,0,0,998,0,2,5,0,6,2,1,0,0,0,1,13,30455,6,1,0,0,3,0,67,150,98,0,0,1,0,7,2012,7,2012,0,0,0,0,0,1,2,55,1,1,2,2,0,0,1,13,99,3,4,2,1,1
13,130577,1,1,1,20,7,1,21,38,0,1,0,13,2,23,431,23431,16,1994,1GKEC16K4RJ7,1,G,K,E,C,1,6,K,4,R,J,7,0,0,0,000000000,00000000000,0,0,0,1,0,0,0,0,0,0,0,998,0,1,6,1,6,2,1,0,0,0,1,13,31066,1,1,0,0,2,0,72,173,98,0,0,0,0,0,0,0,0,0,58,0,0,0,1,2,55,1,6,2,1,28,3,1,13,6,4,4,7,1,1
13,130578,1,2,2,21,7,10,47,12,6,1,0,13,2,20,37,20037,4,2009,1G1ZG57B49F2,1,G,1,Z,G,5,7,B,4,9,F,2,0,0,0,000000000,00000000000,0,0,0,1,0,0,0,0,0,0,0,998,0,0,0,9,6,2,12,0,0,0,1,13,30175,6,2,0,0,3,3,61,115,98,0,0,0,0,0,0,0,0,0,38,0,0,0,1,2,65,1,1,2,2,20,3,1,19,99,1,1,89,2,0
13,130578,2,2,2,21,7,10,47,12,6,1,0,13,1,49,421,49421,15,2002,JTEHT05J1220,J,T,E,H,T,0,5,J,1,2,2,0,0,0,0,000000000,00000000000,0,0,0,1,0,0,0,0,0,0,0,998,0,0,0,12,6,2,12,0,0,0,1,13,30307,6,1,0,0,3,0,68,160,98,0,0,0,0,0,0,0,0,0,0,0,0,0,2,4,65,1,6,2,2,0,0,1,68,1,1,1,88,0,0
13,130579,1,1,1,22,7,19,40,18,0,1,0,13,1,73,709,73709,80,2009,JKAEXEC1X9DA,J,K,A,E,X,E,C,1,X,9,D,A,0,0,0,000000000,00000000000,0,0,0,1,0,0,0,0,0,0,0,998,0,0,0,12,6,2,18,0,0,0,1,13,31069,6,1,0,0,3,1,75,180,98,0,0,1,0,12,2011,12,2011,3,36,37,0,0,1,4,50,3,1,2,1,3,3,14,13,99,1,4,1,1,0
13,130580,1,1,1,22,7,13,48,14,0,1,0,13,3,20,481,20481,31,2011,1GB3CZCG6BF2,1,G,B,3,C,Z,C,G,6,B,F,2,0,0,0,000000000,00000000000,0,0,0,1,0,0,0,0,0,0,0,998,0,0,0,1,6,2,8,0,0,0,1,13,30134,6,1,0,0,3,3,75,240,98,0,0,0,2,9,2013,5,2014,0,0,0,0,0,3,5,55,3,1,2,1,0,0,14,11,99,1,4,1,0,0
13,130581,1,1,2,23,7,23,47,42,0,1,0,13,2,35,47,35047,4,2008,1N4AL21E48N4,1,N,4,A,L,2,1,E,4,8,N,4,0,0,0,000000000,00000000000,0,0,0,1,0,0,0,0,0,0,0,68,0,1,5,62,6,2,42,0,0,0,1,13,31220,6,2,0,0,3,0,73,155,98,0,0,0,0,0,0,0,0,3,0,0,0,0,1,2,45,2,1,2,1,0,0,14,6,99,7,4,7,1,0
13,130582,1,1,1,23,7,23,0,2,0,1,0,13,2,37,32,37032,2,1998,1HGCG2259WA8,1,H,G,C,G,2,2,5,9,W,A,8,0,0,0,000000000,00000000000,0,0,0,1,0,0,0,0,0,0,0,998,0,0,0,0,6,2,2,0,0,1,1,13,30096,6,1,0,0,3,3,70,230,98,0,0,0,2,1,2012,1,2014,0,0,0,0,0,1,2,55,3,5,2,1,28,3,14,98,99,1,1,0,1,0
13,130583,1,2,3,23,7,11,50,12,6,1,0,13,1,48,38,48038,4,2013,JF1GJAC62DH0,J,F,1,G,J,A,C,6,2,D,H,0,0,0,0,000000000,00000000000,0,0,0,1,0,0,0,0,0,0,0,998,0,0,0,3,6,2,12,0,0,0,1,13,31523,6,1,0,0,3,0,72,240,98,0,0,1,0,12,2013,12,2013,0,38,0,0,0,5,4,55,1,1,2,1,0,0,11,15,99,1,1,68,3,0
13,130583,2,2,1,23,7,11,50,12,6,1,0,1,1,87,884,87884,66,1998,1XP5DR9XXWN4,1,X,P,5,D,R,9,X,X,W,N,4,1,1,57,2180663,572180663,3,6,1,1,0,0,0,0,0,0,0,998,0,0,0,12,6,2,12,0,0,0,1,1,36345,6,1,6,0,3,3,73,214,0,0,0,1,0,11,2012,11,2012,0,0,0,0,0,5,4,55,1,1,2,1,0,0,1,63,7,1,2,69,0,0
13,130584,1,1,2,23,7,13,23,19,0,1,0,13,1,23,481,23481,31,2007,3GTEK13M77G5,3,G,T,E,K,1,3,M,7,7,G,5,0,0,0,000000000,00000000000,0,0,0,1,0,0,0,0,0,0,0,998,0,0,0,12,6,2,19,0,0,0,1,13,31096,6,1,0,0,3,0,74,330,98,0,0,0,0,0,0,0,0,0,0,0,0,0,1,2,35,1,1,2,1,0,0,1,8,99,1,4,6,1,0
13,130585,1,1,1,24,7,14,31,1,0,1,0,13,3,86,898,86898,62,2006,1M2AG11C16M0,1,M,2,A,G,1,1,C,1,6,M,0,0,0,57,814931,57814931,2,2,4,1,0,0,0,0,0,0,0,998,0,2,5,0,6,2,30,0,0,0,1,13,30066,6,1,6,1,3,3,71,190,98,0,0,0,0,0,0,0,0,0,0,0,0,0,1,2,45,3,2,2,2,0,0,14,13,7,5,4,2,1,1
13,130586,1,2,1,24,7,5,21,12,1,1,0,13,2,7,482,7482,31,1998,3B7KC22Z7WG1,3,B,7,K,C,2,2,Z,7,W,G,1,0,0,0,000000000,00000000000,0,0,0,1,0,0,0,0,0,0,0,998,0,0,0,12,6,2,12,0,0,0,1,13,30909,6,1,0,0,3,0,74,360,98,0,0,1,1,2,2013,6,2013,0,26,0,0,0,5,4,55,3,1,2,1,0,0,14,51,99,1,1,24,1,0
13,130586,2,2,1,24,7,5,21,12,1,1,0,13,1,63,402,63402,14,2003,KNDJD7333350,K,N,D,J,D,7,3,3,3,3,5,0,0,0,0,000000000,00000000000,0,0,0,1,0,0,0,0,0,0,0,998,0,0,0,6,4,5,12,0,0,0,1,13,30456,1,1,5,0,2,0,66,135,98,8,0,3,2,3,2012,5,2014,0,0,0,0,0,5,4,55,3,1,2,1,0,0,14,53,99,1,1,25,0,0
13,130587,1,1,1,25,7,14,42,1,0,1,0,0,0,37,739,37739,90,2012,000000000000,0,0,0,0,0,0,0,0,0,0,0,0,0,0,0,000000000,00000000000,0,0,0,1,0,0,0,0,0,0,0,998,0,2,1,0,2,5,1,0,0,0,1,13,30560,6,1,4,0,1,0,72,230,98,1,0,0,1,2,2012,8,2013,0,58,0,0,0,1,2,25,1,1,2,1,0,0,1,98,99,1,2,98,1,0
13,130588,1,1,1,25,7,4,9,11,0,1,0,13,1,87,884,87884,66,2006,1XP5DB9X96D8,1,X,P,5,D,B,9,X,9,6,D,8,1,1,57,725894,57725894,3,6,10,1,0,0,0,0,0,0,0,998,0,1,1,12,6,2,1,0,0,0,1,13,30673,6,1,6,0,3,0,69,175,98,0,0,0,0,0,0,0,0,0,0,0,0,0,1,2,55,1,6,2,1,28,3,1,87,1,1,1,13,1,0
13,130589,1,2,1,26,7,13,6,12,1,1,0,13,1,77,709,77709,80,2005,5VPHB26D6530,5,V,P,H,B,2,6,D,6,5,3,0,0,0,0,000000000,00000000000,0,0,0,1,0,0,0,0,0,0,0,998,0,0,0,12,6,2,12,0,0,0,1,13,30533,6,1,6,0,3,1,71,295,98,0,0,0,0,0,0,0,0,0,26,0,0,0,2,4,65,1,1,2,1,3,3,1,51,3,2,1,24,1,0
13,130589,2,2,1,26,7,13,6,12,1,1,0,13,1,30,40,30040,4,2010,3VWRX7AJXAM0,3,V,W,R,X,7,A,J,X,A,M,0,0,0,0,000000000,00000000000,0,0,0,1,0,0,0,0,0,0,0,998,0,0,0,6,4,5,12,0,0,0,1,13,30534,6,2,5,0,3,0,75,140,98,0,0,1,0,6,2013,6,2013,0,0,0,0,0,2,4,65,1,1,2,1,3,3,2,53,99,1,1,25,0,0
13,130590,1,1,2,27,7,18,48,42,0,1,0,13,1,23,421,23421,15,1990,1GKCS18Z3L85,1,G,K,C,S,1,8,Z,3,L,8,5,0,0,0,000000000,00000000000,0,0,0,1,0,0,0,0,0,0,0,998,0,0,0,12,6,2,42,0,0,0,1,13,30236,6,1,0,0,3,0,60,215,98,0,0,0,0,0,0,0,0,0,0,0,0,0,1,2,25,2,2,2,1,0,0,14,12,99,1,4,6,1,0
13,130591,1,1,1,27,7,17,43,34,0,1,0,0,0,76,739,76739,90,2002,000000000000,0,0,0,0,0,0,0,0,0,0,0,0,0,0,0,000000000,00000000000,0,0,0,1,0,0,0,0,0,0,0,998,0,0,0,14,2,5,34,0,0,0,1,13,30233,6,1,0,0,3,0,69,140,98,0,0,1,0,3,2013,3,2013,3,0,0,0,0,1,2,35,2,1,5,1,0,0,14,12,99,1,4,6,1,0
13,130592,1,1,1,27,7,15,30,35,0,1,0,13,2,53,705,53705,80,2006,JS1NP41A1621,J,S,1,N,P,4,1,A,1,6,2,1,0,0,0,000000000,00000000000,0,0,0,1,0,0,0,0,0,0,0,998,0,0,0,12,4,3,35,0,0,0,1,13,30721,6,1,0,0,3,0,65,165,98,0,0,0,0,0,0,0,0,0,0,0,0,0,1,2,45,3,1,2,1,0,0,14,13,99,1,4,1,1,0
13,130593,1,2,1,28,7,1,44,8,0,1,0,18,3,82,884,82884,66,2013,3AKJGEDV8DSF,3,A,K,J,G,E,D,V,8,D,S,F,1,1,57,245896,57245896,3,6,1,1,0,0,0,0,0,0,0,998,0,0,0,12,6,2,8,0,0,0,1,13,30281,6,1,6,9,3,1,66,190,98,0,0,1,2,11,2013,1,2014,0,0,0,0,0,3,3,70,1,6,2,1,28,3,1,80,99,1,1,13,0,0
13,130593,2,2,0,28,7,1,44,8,0,1,0,12,6,12,17,12017,4,2004,1FAFP55U14A1,1,F,A,F,P,5,5,U,1,4,A,1,0,0,0,000000000,00000000000,0,0,0,1,0,0,0,0,0,0,0,0,0,0,0,9,6,2,12,0,0,0,0,0,99997,7,6,97,7,6,7,998,997,998,998,998,998,998,98,9998,98,9998,8,54,0,0,0,3,3,70,1,6,2,1,28,3,0,98,0,0,0,98,0,0
13,130594,1,2,1,29,7,6,13,8,0,1,0,13,1,37,402,37402,14,2010,5J6RE3H30AL0,5,J,6,R,E,3,H,3,0,A,L,0,0,0,0,000000000,00000000000,0,0,0,1,0,0,0,0,0,0,0,998,0,0,0,12,6,2,8,0,0,0,1,13,30084,6,1,0,0,3,0,65,133,98,0,0,0,0,0,0,0,0,0,0,0,0,0,1,4,35,1,1,2,1,0,0,1,80,1,1,1,13,0,0
13,130594,2,2,1,29,7,6,13,8,0,1,0,13,3,82,884,82884,61,2012,1FVACWBS4CDB,1,F,V,A,C,W,B,S,4,C,D,B,0,0,88,888888888,88888888888,2,1,1,1,0,0,0,0,0,0,0,998,0,0,0,14,0,5,8,0,0,0,1,13,30173,6,1,6,9,3,3,72,275,98,0,0,0,0,0,0,0,0,0,0,0,0,0,1,4,35,1,1,2,1,0,0,1,80,2,1,1,98,0,0
13,130595,1,2,1,29,7,17,20,12,2,1,0,13,1,12,481,12481,31,1996,1FTEF15N3TLB,1,F,T,E,F,1,5,N,3,T,L,B,0,0,0,000000000,00000000000,0,0,0,1,0,0,0,0,0,0,0,998,0,0,0,12,6,2,12,0,0,0,1,13,30635,6,1,0,0,3,3,71,300,98,0,0,0,0,0,0,0,0,0,38,0,0,0,5,4,55,1,1,2,1,0,0,1,10,99,1,2,50,0,0
13,130595,2,2,1,29,7,17,20,12,2,1,0,13,1,53,709,53709,89,2004,JS1GT75A7421,J,S,1,G,T,7,5,A,7,4,2,1,0,0,0,000000000,00000000000,0,0,0,1,0,0,0,0,0,0,0,998,0,0,0,12,6,2,12,0,0,0,1,13,30628,6,1,0,0,3,1,74,190,98,0,0,0,0,0,0,0,0,0,0,0,0,0,5,4,55,1,1,2,1,0,0,1,62,99,1,1,51,1,0
13,130596,1,1,4,29,7,11,18,1,0,1,0,13,2,12,401,12401,14,2002,1FMZU62K62ZC,1,F,M,Z,U,6,2,K,6,2,Z,C,0,0,0,000000000,00000000000,0,0,0,1,0,0,0,0,0,0,0,998,0,2,5,0,6,2,1,32,0,0,1,13,31516,0,0,0,0,0,0,999,999,98,0,0,0,0,0,0,0,0,0,58,28,0,0,3,2,55,1,1,2,1,0,0,6,13,99,1,4,1,1,1
13,130597,1,2,1,30,7,17,44,12,2,1,0,13,2,76,705,76705,80,2002,JYAVM01E12A0,J,Y,A,V,M,0,1,E,1,2,A,0,0,0,0,000000000,00000000000,0,0,0,1,0,0,0,0,0,0,0,998,0,0,0,12,6,2,12,0,0,0,1,13,30511,6,1,0,0,3,0,71,175,98,0,0,0,3,4,2012,9,2013,0,28,0,0,0,1,2,45,2,5,2,1,28,3,14,10,99,1,2,50,1,0
13,130597,2,2,1,30,7,17,44,12,2,1,0,13,2,12,401,12401,14,2004,1FMZU67KX4UA,1,F,M,Z,U,6,7,K,X,4,U,A,0,0,0,000000000,00000000000,0,0,0,1,0,0,0,0,0,0,0,998,0,0,0,12,6,2,12,0,0,0,1,13,30534,6,1,0,0,3,0,71,230,98,0,0,0,0,0,0,0,0,0,0,0,0,0,1,2,45,3,6,2,1,28,3,14,62,7,1,1,51,0,0
13,130598,1,1,1,30,7,21,21,8,0,1,0,13,1,59,403,59403,14,2010,2T2ZK1BA8AC0,2,T,2,Z,K,1,B,A,8,A,C,0,0,0,0,000000000,00000000000,0,0,0,1,0,0,0,0,0,0,0,998,0,0,0,12,6,2,8,0,0,0,1,13,30165,6,1,0,0,3,0,73,175,98,1,0,1,3,9,2011,3,2013,0,0,0,0,0,5,4,40,1,1,2,1,0,0,1,80,1,1,1,13,0,0
13,130599,1,1,1,30,7,14,23,8,0,1,0,13,2,22,20,22020,4,2005,2G2WP5229512,2,G,2,W,P,5,2,2,9,5,1,2,0,0,0,000000000,00000000000,0,0,0,1,0,0,0,0,0,0,0,998,0,0,0,11,2,3,8,0,0,0,1,13,31779,6,1,0,0,3,0,71,170,98,2,0,1,3,9,2011,1,2014,0,0,0,0,0,1,2,20,1,1,2,1,20,3,13,80,1,1,1,92,0,0
13,130600,1,1,1,30,7,7,27,3,0,1,0,13,1,37,402,37402,14,2000,JHLRD1861YC0,J,H,L,R,D,1,8,6,1,Y,C,0,0,0,0,000000000,00000000000,0,0,0,1,0,0,0,0,0,0,0,998,0,0,0,0,6,2,3,0,0,0,1,13,30096,6,1,0,0,3,3,65,120,98,0,0,0,0,0,0,0,0,0,0,0,0,0,2,4,40,1,1,2,1,0,0,1,13,99,1,4,0,1,0