STATE,ST_CASE,VEH_NO,VE_FORMS,NUMOCCS,DAY,MONTH,HOUR,MINUTE,HARM_EV,MAN_COLL,UNITTYPE,HIT_RUN,REG_STAT,OWNER,MAKE,MODEL,MAK_MOD,BODY_TYP,MOD_YEAR,VIN,VIN_1,VIN_2,VIN_3,VIN_4,VIN_5,VIN_6,VIN_7,VIN_8,VIN_9,VIN_10,VIN_11,VIN_12,TOW_VEH,J_KNIFE,MCARR_I1,MCARR_I2,MCARR_ID,GVWR,V_CONFIG,CARGO_BT,HAZ_INV,HAZ_PLAC,HAZ_ID,HAZ_CNO,HAZ_REL,BUS_USE,SPEC_USE,EMER_USE,TRAV_SP,UNDERIDE,ROLLOVER,ROLINLOC,IMPACT1,DEFORMED,TOWED,M_HARM,VEH_SC1,VEH_SC2,FIRE_EXP,DR_PRES,L_STATE,DR_ZIP,L_STATUS,L_TYPE,CDL_STAT,L_ENDORS,L_COMPL,L_RESTRI,DR_HGT,DR_WGT,PREV_ACC,PREV_SUS,PREV_DWI,PREV_SPD,PREV_OTH,FIRST_MO,FIRST_YR,LAST_MO,LAST_YR,SPEEDREL,DR_SF1,DR_SF2,DR_SF3,DR_SF4,VTRAFWAY,VNUM_LAN,VSPD_LIM,VALIGN,VPROFILE,VPAVETYP,VSURCOND,VTRAFCON,VTCONT_F,P_CRASH1,P_CRASH2,P_CRASH3,PCRASH4,PCRASH5,ACC_TYPE,DEATHS,DR_DRINK
13,130601,1,1,5,30,7,15,50,59,0,1,0,13,2,37,32,37032,4,1998,1HGCF8649WA1,1,H,G,C,F,8,6,4,9,W,A,1,0,0,0,000000000,00000000000,0,0,0,1,0,0,0,0,0,0,0,998,0,0,0,12,6,2,59,0,0,0,1,13,30093,0,0,0,0,0,0,999,999,98,0,0,0,0,0,0,0,0,0,91,0,0,0,3,4,65,1,2,2,1,0,0,1,13,99,1,4,1,1,0
13,130602,1,2,1,31,7,19,0,12,6,1,0,13,1,12,481,12481,31,1993,1FTEF15Y0PNA,1,F,T,E,F,1,5,Y,0,P,N,A,0,0,0,000000000,00000000000,0,0,0,1,0,0,0,0,0,0,0,998,0,0,0,2,6,2,12,0,0,0,1,13,30417,6,1,5,0,3,0,68,220,98,2,1,0,0,2,2013,10,2013,0,38,0,0,0,1,2,55,1,1,2,1,20,3,1,17,99,1,1,87,1,1
13,130602,2,2,1,31,7,19,0,12,6,1,0,13,1,20,481,20481,31,1994,2GCEC19K3R11,2,G,C,E,C,1,9,K,3,R,1,1,0,0,0,000000000,00000000000,0,0,0,1,0,0,0,0,0,0,0,998,0,0,0,12,6,2,12,0,0,0,1,13,30427,6,1,0,0,3,0,70,195,98,0,0,0,0,0,0,0,0,0,0,0,0,0,1,2,55,1,1,2,1,28,3,1,66,99,1,1,86,0,0
13,130603,1,1,2,31,7,18,55,35,0,1,0,13,1,6,51,6051,4,2001,2C3HE66G41H6,2,C,3,H,E,6,6,G,4,1,H,6,0,0,0,000000000,00000000000,0,0,0,1,0,0,0,0,0,0,0,998,0,1,5,12,6,2,1,0,0,0,1,13,31058,6,1,0,0,3,0,72,170,98,0,0,0,0,0,0,0,0,4,0,0,0,0,1,2,35,1,5,2,1,0,0,1,6,99,4,4,7,1,1
13,130604,1,1,1,31,7,2,38,42,0,1,0,47,1,12,471,12471,30,1992,1FTCR10A9NUC,1,F,T,C,R,1,0,A,9,N,U,C,0,0,0,000000000,00000000000,0,0,0,1,0,0,0,0,0,0,0,998,0,0,0,12,6,2,42,0,0,0,1,47,37307,6,1,0,0,3,3,72,160,0,0,0,0,0,0,0,0,0,0,0,0,0,0,1,2,55,1,6,2,1,0,0,1,13,99,1,4,1,1,0
13,130605,1,1,1,1,8,15,36,32,0,1,0,13,1,35,50,35050,4,2009,3N1BC13E79L4,3,N,1,B,C,1,3,E,7,9,L,4,0,0,0,000000000,00000000000,0,0,0,1,0,0,0,0,0,0,0,998,0,1,5,14,6,2,1,32,0,0,1,13,30747,6,1,0,0,3,3,66,145,98,0,0,1,0,10,2013,10,2013,0,0,0,0,0,1,2,55,1,3,2,1,0,0,1,13,99,9,4,5,1,0
13,130606,1,2,0,1,8,5,39,12,1,1,0,18,6,87,884,87884,66,2009,1XPHD49X39D7,1,X,P,H,D,4,9,X,3,9,D,7,1,1,57,545167,57545167,3,6,1,1,0,0,0,0,0,0,0,0,0,0,0,6,4,3,12,0,0,0,0,0,99997,7,6,97,7,6,7,998,997,998,998,998,998,998,98,9998,98,9998,8,20,0,0,0,3,4,65,1,1,2,1,0,0,0,53,0,0,0,98,0,0
13,130606,2,2,1,1,8,5,39,12,1,1,0,13,1,7,482,7482,31,2002,1D7HA16N22J2,1,D,7,H,A,1,6,N,2,2,J,2,0,0,0,000000000,00000000000,0,0,0,1,0,0,0,0,0,0,0,998,3,0,0,12,6,2,12,0,0,0,1,13,30038,6,1,0,0,3,0,72,220,98,0,0,1,4,5,2012,3,2014,0,84,0,0,0,3,4,65,1,1,2,1,0,0,1,50,99,1,1,98,1,0
13,130607,1,2,2,2,8,21,6,12,6,1,0,1,2,37,441,37441,20,2008,5FNRL38948B0,5,F,N,R,L,3,8,9,4,8,B,0,0,0,0,000000000,00000000000,0,0,0,1,0,0,0,0,0,0,0,998,0,0,0,11,4,3,12,0,0,0,1,1,36201,6,2,0,0,3,3,63,999,0,0,0,0,0,0,0,0,0,0,38,0,0,0,1,2,55,1,1,2,1,20,3,11,15,99,9,1,82,0,0
13,130607,2,2,1,2,8,21,6,12,6,1,0,13,1,76,706,76706,80,2001,JYAVP02E41A0,J,Y,A,V,P,0,2,E,4,1,A,0,0,0,0,000000000,00000000000,0,0,0,1,0,0,0,0,0,0,0,998,0,0,0,12,4,3,12,0,0,0,1,13,30263,6,1,0,0,3,0,68,190,98,0,0,0,0,0,0,0,0,0,0,0,0,0,1,2,55,1,1,2,1,0,0,1,17,98,9,1,83,1,0
13,130608,1,1,1,2,8,8,16,8,0,1,1,99,9,99,999,99999,99,9999,999999999999,9,9,9,9,9,9,9,9,9,9,9,9,0,0,0,000000000,00000000000,0,0,0,1,0,0,0,0,0,0,0,999,0,0,0,1,9,5,8,0,0,0,1,99,99999,9,9,99,9,9,9,999,999,99,99,99,99,99,99,9999,99,9999,9,99,99,99,99,3,3,45,1,1,2,1,0,0,99,13,99,9,4,2,0,0
13,130609,1,1,1,2,8,4,14,8,0,1,1,99,9,99,999,99999,99,9999,999999999999,9,9,9,9,9,9,9,9,9,9,9,9,0,0,0,000000000,00000000000,0,0,0,1,0,0,0,0,0,0,0,999,0,0,0,99,9,5,8,0,0,0,1,99,99999,9,9,99,9,9,9,999,999,99,99,99,99,99,99,9999,99,9999,9,99,99,99,99,1,2,99,1,1,2,2,0,0,99,80,99,9,9,13,0,0
13,130610,1,1,2,2,8,22,3,42,0,1,0,13,2,2,405,2405,14,2003,1J4GK48K63W5,1,J,4,G,K,4,8,K,6,3,W,5,0,0,0,000000000,00000000000,0,0,0,1,0,0,0,0,0,0,0,998,0,0,0,12,6,2,42,0,0,0,1,13,30331,6,2,0,0,3,0,64,160,98,0,0,0,0,0,0,0,0,0,0,0,0,0,1,3,55,1,1,2,1,0,0,1,12,99,9,4,7,1,0
13,130611,1,1,1,2,8,0,55,33,0,1,0,13,1,37,706,37706,80,2008,JH2SC59088M0,J,H,2,S,C,5,9,0,8,8,M,0,0,0,0,000000000,00000000000,0,0,0,1,0,0,0,0,0,0,0,998,0,0,0,12,4,3,43,0,0,0,1,13,30106,6,1,0,0,3,0,72,202,98,1,0,1,3,1,2014,5,2014,3,27,0,0,0,2,3,35,1,2,2,1,3,3,15,12,3,2,4,7,1,0
13,130612,1,1,2,2,8,3,49,59,0,1,0,13,2,20,39,20039,4,2008,KL1TD56688B1,K,L,1,T,D,5,6,6,8,8,B,1,0,0,0,000000000,00000000000,0,0,0,1,0,0,0,0,0,0,0,998,0,1,5,12,6,2,42,0,0,0,1,13,30518,6,7,0,0,3,0,76,132,98,0,0,0,0,0,0,0,0,3,0,0,0,0,1,2,40,2,1,2,1,0,0,14,12,99,3,4,7,1,0
13,130613,1,1,3,2,8,6,0,1,0,1,0,13,2,12,401,12401,14,2003,1FMZU67E23UC,1,F,M,Z,U,6,7,E,2,3,U,C,0,0,0,000000000,00000000000,0,0,0,1,0,0,0,0,0,0,0,70,0,2,5,0,6,2,1,0,0,0,1,13,31795,0,0,0,0,0,0,999,999,98,1,0,0,0,11,2013,11,2013,3,36,0,0,0,1,2,35,1,1,2,1,0,0,1,12,6,4,4,7,1,1
13,130614,1,1,1,3,8,4,30,41,0,1,0,13,2,76,705,76705,80,2014,JYARJ16E7EA0,J,Y,A,R,J,1,6,E,7,E,A,0,0,0,0,000000000,00000000000,0,0,0,1,0,0,0,0,0,0,0,998,0,0,0,11,6,2,53,0,0,0,1,13,30234,6,1,6,0,3,0,75,320,98,0,0,1,1,11,2011,12,2012,0,99,99,99,99,1,2,45,3,2,2,1,40,3,14,13,99,9,4,5,1,1
13,130615,1,1,1,3,8,4,34,52,0,1,0,13,2,35,473,35473,31,2004,1N6AA06B04N5,1,N,6,A,A,0,6,B,0,4,N,5,0,0,0,000000000,00000000000,0,0,0,1,0,0,0,0,0,0,0,998,0,1,5,11,6,2,59,0,0,0,1,13,30102,6,1,0,0,3,0,72,250,98,2,1,0,1,2,2012,7,2014,0,0,0,0,0,3,3,65,1,2,1,1,0,0,1,13,99,1,4,1,1,1
13,130616,1,1,2,5,8,3,21,32,0,1,0,13,1,20,2,20002,4,2008,2G1WS5538812,2,G,1,W,S,5,5,3,8,8,1,2,0,0,0,000000000,00000000000,0,0,0,1,0,0,0,0,0,0,0,998,0,1,5,12,6,2,32,0,0,0,1,13,39845,6,1,0,0,3,0,64,242,98,0,0,1,2,3,2012,1,2014,0,0,0,0,0,1,2,55,3,1,2,1,0,0,14,13,99,9,4,1,1,1
13,130617,1,2,1,5,8,0,55,8,0,1,0,13,1,22,18,22018,4,2004,1G2NF52E74M5,1,G,2,N,F,5,2,E,7,4,M,5,0,0,0,000000000,00000000000,0,0,0,1,0,0,0,0,0,0,0,998,0,0,0,12,6,2,8,0,0,0,1,13,31602,6,1,0,0,3,0,64,130,98,9,0,2,4,10,2011,5,2014,0,0,0,0,0,3,3,65,1,1,2,1,0,0,1,80,1,1,1,13,0,0
13,130617,2,2,1,5,8,0,55,8,0,1,0,13,1,63,37,63037,6,2013,KNDJT2A57D75,K,N,D,J,T,2,A,5,7,D,7,5,0,0,0,000000000,00000000000,0,0,0,1,0,0,0,0,0,0,0,998,0,0,0,14,0,5,8,0,0,0,1,13,30189,6,1,0,0,3,0,69,130,98,0,0,0,0,0,0,0,0,0,0,0,0,0,3,3,65,1,1,2,1,0,0,1,80,7,9,1,98,0,0
13,130618,1,1,1,6,8,15,43,9,0,1,0,13,3,12,461,12461,21,2006,1FTNS24W06HA,1,F,T,N,S,2,4,W,0,6,H,A,0,0,0,000000000,00000000000,0,0,0,1,0,0,0,0,0,0,0,998,0,0,0,12,2,3,9,0,0,0,1,13,30606,6,1,0,0,3,3,71,190,98,0,0,0,0,0,0,0,0,0,0,0,0,0,1,2,25,1,1,2,1,0,0,1,80,8,2,1,13,0,0
13,130619,1,1,1,6,8,10,3,34,0,1,0,13,1,18,3,18003,4,1998,1G4CW52K8W46,1,G,4,C,W,5,2,K,8,W,4,6,0,0,0,000000000,00000000000,0,0,0,1,0,0,0,0,0,0,0,998,0,1,5,12,6,2,32,32,0,0,1,13,31027,6,1,0,0,3,3,63,270,98,0,0,0,0,0,0,0,0,0,0,0,0,0,1,2,55,1,1,2,1,0,0,1,12,99,9,4,6,1,0
13,130620,1,1,4,7,8,3,38,42,0,1,1,13,1,12,16,12016,4,1989,2FABP74F3KX2,2,F,A,B,P,7,4,F,3,K,X,2,0,0,0,000000000,00000000000,0,0,0,1,0,0,0,0,0,0,0,998,0,0,0,1,6,2,42,0,0,0,1,13,31410,6,1,0,0,3,0,71,170,98,0,0,0,0,0,0,0,0,4,0,0,0,0,3,2,25,3,1,2,1,0,0,14,6,99,9,4,2,1,0
13,130621,1,3,2,7,8,6,12,12,7,1,0,13,1,7,482,7482,31,2013,1C6RR6FT1DS6,1,C,6,R,R,6,F,T,1,D,S,6,0,0,0,000000000,00000000000,0,0,0,1,0,0,0,0,0,0,0,998,0,0,0,1,6,2,12,0,0,0,1,13,30132,6,1,0,0,3,0,71,210,98,0,0,1,0,7,2012,7,2012,0,27,0,0,0,1,3,40,2,2,2,1,0,0,15,11,1,1,2,46,0,0
13,130621,2,3,1,7,8,6,12,12,7,1,0,13,1,41,51,41051,4,2010,JM1BL1SF7A13,J,M,1,B,L,1,S,F,7,A,1,3,0,0,0,000000000,00000000000,0,0,0,1,0,0,0,0,0,0,0,998,0,0,0,8,2,5,12,0,0,0,1,13,30120,6,1,6,0,3,0,74,145,98,0,0,0,0,0,0,0,0,0,0,0,0,0,1,3,40,2,2,2,1,0,0,14,60,99,1,1,45,0,0
13,130621,3,3,1,7,8,6,12,12,7,1,0,13,1,35,47,35047,4,2003,1N4AL11D73C2,1,N,4,A,L,1,1,D,7,3,C,2,0,0,0,000000000,00000000000,0,0,0,1,0,0,0,0,0,0,0,998,0,0,0,12,6,2,12,0,0,0,1,13,30101,6,1,0,0,3,0,68,180,98,0,0,0,0,0,0,0,0,0,0,0,0,0,1,3,40,2,2,2,1,0,0,14,62,99,1,3,98,1,1
13,130622,1,1,1,7,8,23,54,33,0,1,0,13,1,20,20,20020,4,1997,2G1WL52M5V11,2,G,1,W,L,5,2,M,5,V,1,1,0,0,0,000000000,00000000000,0,0,0,1,0,0,0,0,0,0,0,998,0,0,0,14,6,2,39,0,0,0,1,13,30058,1,1,0,0,2,0,69,190,98,2,0,0,1,1,2012,3,2014,0,99,99,99,99,1,2,45,1,2,2,2,0,0,1,13,99,9,4,5,1,0
13,130623,1,2,1,7,8,21,32,12,2,1,0,13,2,7,402,7402,14,2000,1B4HR28Y6YF1,1,B,4,H,R,2,8,Y,6,Y,F,1,0,0,0,000000000,00000000000,0,0,0,1,0,0,0,0,0,0,0,998,0,0,0,12,6,2,12,32,0,0,1,13,31525,6,1,0,0,3,3,72,270,98,1,0,2,0,2,2012,5,2012,0,28,0,0,0,1,2,35,1,1,2,1,0,0,1,10,99,1,2,50,0,0
13,130623,2,2,1,7,8,21,32,12,2,1,0,13,1,12,32,12032,4,2012,3FADP4AJ9CM1,3,F,A,D,P,4,A,J,9,C,M,1,0,0,0,000000000,00000000000,0,0,0,1,0,0,0,0,0,0,0,998,0,0,0,12,6,2,12,0,0,0,1,13,31523,1,1,0,0,2,0,72,280,98,1,0,0,0,12,2011,12,2011,0,0,0,0,0,1,2,35,1,1,2,1,0,0,1,62,99,9,1,51,1,0
13,130624,1,2,3,7,8,0,20,12,2,1,0,13,1,19,18,19018,4,2003,1G6DM57N0301,1,G,6,D,M,5,7,N,0,3,0,1,0,0,0,000000000,00000000000,0,0,0,1,0,0,0,0,0,0,0,998,0,0,0,12,6,2,12,0,0,0,1,13,31301,1,1,0,0,2,0,68,190,98,1,0,2,1,9,2013,7,2014,0,28,36,0,0,1,2,55,2,1,2,1,0,0,14,10,99,9,2,50,2,1
13,130624,2,2,1,7,8,0,20,12,2,1,0,20,1,59,401,59401,14,2002,JTJGF10U3201,J,T,J,G,F,1,0,U,3,2,0,1,0,0,0,000000000,00000000000,0,0,0,1,0,0,0,0,0,0,0,998,0,0,0,12,6,2,12,0,0,0,1,1,36206,6,1,0,0,3,0,72,999,0,0,0,1,0,7,2013,7,2013,0,0,0,0,0,1,2,55,1,1,2,1,0,0,1,62,99,9,1,51,1,0
13,130625,1,1,1,8,8,21,41,42,0,1,0,92,0,12,3,12003,2,1987,1FABP42E1HF1,1,F,A,B,P,4,2,E,1,H,F,1,0,0,0,000000000,00000000000,0,0,0,1,0,0,0,0,0,0,0,998,0,0,0,12,6,2,42,35,0,1,1,13,30286,6,1,6,0,3,0,73,210,98,1,0,0,1,3,2013,3,2013,0,0,0,0,0,1,2,55,1,1,2,1,0,0,1,12,8,4,4,7,1,1
13,130626,1,1,1,8,8,21,18,8,0,1,1,13,2,12,471,12471,30,1994,1FTCR14U2RPC,1,F,T,C,R,1,4,U,2,R,P,C,0,0,0,000000000,00000000000,0,0,0,1,0,0,0,0,0,0,0,998,0,0,0,1,4,3,8,0,0,0,1,13,30016,6,1,0,0,3,0,70,224,98,0,0,0,0,0,0,0,0,0,0,0,0,0,5,5,45,3,1,2,2,0,0,14,80,99,9,1,13,0,0
13,130627,1,1,1,8,8,14,29,34,0,1,0,13,1,55,33,55033,4,2008,5NPEU46C38H3,5,N,P,E,U,4,6,C,3,8,H,3,0,0,0,000000000,00000000000,0,0,0,1,0,0,0,0,0,0,0,998,0,0,0,12,6,2,42,0,0,1,1,13,30228,6,1,6,0,3,0,67,165,98,0,0,0,0,0,0,0,0,0,99,99,99,99,1,9,55,1,1,2,2,0,0,1,12,99,9,4,10,1,0
13,130628,1,2,1,8,8,12,23,12,6,1,0,13,1,6,54,6054,6,2006,2A4GM68446R7,2,A,4,G,M,6,8,4,4,6,R,7,0,0,0,000000000,00000000000,0,0,0,1,0,0,0,0,0,0,0,998,0,0,0,12,6,2,12,0,0,0,1,13,30538,6,1,0,0,3,0,61,120,98,0,0,0,1,7,2013,7,2013,0,38,0,0,0,1,2,30,1,5,2,2,20,3,1,17,99,9,1,88,0,0
13,130628,2,2,2,8,8,12,23,12,6,1,0,29,1,72,706,72706,80,2007,1HD1FC4167Y6,1,H,D,1,F,C,4,1,6,7,Y,6,0,0,0,000000000,00000000000,0,0,0,1,0,0,0,0,0,0,0,998,0,0,0,10,6,2,12,0,0,0,1,29,63662,6,1,0,0,3,0,71,200,0,0,0,0,0,0,0,0,0,0,0,0,0,0,2,2,55,1,6,2,2,0,0,1,66,99,9,1,89,1,0
13,130629,1,1,1,8,8,7,11,42,0,1,0,13,1,20,471,20471,30,1995,1GCCS19Z8S82,1,G,C,C,S,1,9,Z,8,S,8,2,0,0,0,000000000,00000000000,0,0,0,1,0,0,0,0,0,0,0,998,0,0,0,4,6,2,42,0,0,0,1,13,31525,6,1,0,0,3,0,72,170,98,0,0,0,0,0,0,0,0,0,58,0,0,0,3,2,55,1,1,2,1,0,0,1,12,7,3,4,2,1,0
13,130630,1,1,2,9,8,16,35,32,0,1,0,13,3,12,481,12481,31,2005,1FTRF12255KF,1,F,T,R,F,1,2,2,5,5,K,F,0,0,0,000000000,00000000000,0,0,0,1,0,0,0,0,0,0,0,998,0,1,5,12,6,2,1,0,0,0,1,13,30179,6,1,0,0,3,0,78,180,98,0,0,0,3,5,2012,2,2013,0,0,0,0,0,1,2,45,3,1,2,1,0,0,14,13,99,9,4,1,1,1
13,130631,1,2,1,9,8,4,55,12,1,1,0,12,1,20,481,20481,31,1998,1GCEC14W6WZ1,1,G,C,E,C,1,4,W,6,W,Z,1,0,0,0,000000000,00000000000,0,0,0,1,0,0,0,0,0,0,0,998,0,0,0,12,6,2,12,0,0,0,1,12,32835,6,1,0,0,3,3,73,999,0,0,0,0,0,0,0,0,0,0,27,26,0,0,3,2,60,1,1,1,1,0,0,15,51,99,9,2,24,1,0
13,130631,2,2,1,9,8,4,55,12,1,1,0,13,1,86,884,86884,63,1998,1M2P331CXWM0,1,M,2,P,3,3,1,C,X,W,M,0,0,0,57,2386276,572386276,3,2,1,1,0,0,0,0,0,0,0,998,0,0,0,6,6,2,12,0,0,0,1,13,31204,6,1,6,0,3,0,69,280,98,2,0,0,0,8,2013,12,2013,0,0,0,0,0,3,2,60,1,1,1,1,0,0,1,53,99,1,1,25,0,0
13,130632,1,1,2,9,8,3,41,8,0,1,0,13,2,7,482,7482,31,2006,3D7HA18H16G2,3,D,7,H,A,1,8,H,1,6,G,2,0,0,0,000000000,00000000000,0,0,0,1,0,0,0,0,0,0,0,998,0,0,0,12,6,2,8,0,0,0,1,13,30313,1,1,0,0,2,0,67,240,98,6,0,0,2,5,2012,6,2014,4,36,0,0,0,6,2,55,3,2,1,2,0,0,14,12,6,4,4,7,0,1
13,130633,1,1,1,10,8,99,99,32,0,1,0,13,2,20,482,20482,31,2002,3GNEK13T92G2,3,G,N,E,K,1,3,T,9,2,G,2,0,0,0,000000000,00000000000,0,0,0,1,0,0,0,0,0,0,0,998,0,1,5,12,6,2,1,0,0,0,1,13,30233,6,1,0,0,3,0,63,170,98,4,0,2,1,12,2011,12,2013,0,99,99,99,99,1,2,55,2,4,2,1,0,0,14,13,7,3,4,5,1,0
13,130634,1,1,1,10,8,20,43,24,0,1,0,12,2,99,703,99703,88,2013,LHJTLKBR4DB0,L,H,J,T,L,K,B,R,4,D,B,0,0,0,0,000000000,00000000000,0,0,0,1,0,0,0,0,0,0,0,998,0,0,0,1,6,2,24,0,0,0,1,12,32225,6,1,0,0,3,3,68,999,0,2,0,0,0,8,2011,8,2011,0,0,0,0,0,1,2,45,3,2,2,1,0,0,14,13,99,1,4,1,1,1
13,130635,1,8,1,10,8,22,49,12,1,1,0,93,3,82,884,82884,63,2007,1FVXFB0047PZ,1,F,V,X,F,B,0,0,4,7,P,Z,0,0,29,2041842,292041842,3,2,1,1,0,0,0,0,0,0,0,998,0,0,0,12,6,2,12,0,0,0,1,29,63123,6,1,6,0,3,0,72,999,0,0,0,0,0,0,0,0,0,0,26,0,0,0,3,3,70,1,1,2,2,0,0,1,52,99,1,1,28,0,0
13,130635,2,8,3,10,8,22,49,12,1,1,0,47,1,20,2,20002,4,2011,2G1WG5EK8B11,2,G,1,W,G,5,E,K,8,B,1,1,0,0,0,000000000,00000000000,0,0,0,1,0,0,0,0,0,0,0,998,0,0,0,6,6,2,12,0,0,0,1,47,37110,6,1,0,0,3,0,72,999,0,0,0,0,0,0,0,0,0,0,0,0,0,0,3,3,70,1,1,2,2,0,0,2,53,99,1,1,29,3,0
13,130635,3,8,2,10,8,22,49,12,1,1,0,12,1,12,481,12481,31,2001,1FTNX20FX1EB,1,F,T,N,X,2,0,F,X,1,E,B,0,0,0,000000000,00000000000,0,0,0,1,0,0,0,0,0,0,0,0,0,0,0,6,6,2,12,0,0,0,1,12,32926,6,1,0,0,3,0,70,999,0,0,0,0,0,0,0,0,0,0,0,0,0,0,3,3,70,1,1,2,2,0,0,5,50,99,1,1,98,1,0
13,130635,4,8,1,10,8,22,49,12,1,1,0,19,3,51,884,51884,66,2005,4V4NC9TJX5N3,4,V,4,N,C,9,T,J,X,5,N,3,1,1,19,1749827,191749827,3,6,1,1,0,0,0,0,0,0,0,0,0,0,0,6,4,3,12,0,0,0,1,19,51503,6,1,6,0,3,0,71,999,1,0,0,0,0,11,2011,11,2011,0,0,0,0,0,3,3,70,1,1,2,2,0,0,5,50,99,1,1,98,0,0
13,130635,5,8,2,10,8,22,49,12,1,1,0,12,1,62,423,62423,15,2008,SALAG25438A4,S,A,L,A,G,2,5,4,3,8,A,4,0,0,0,000000000,00000000000,0,0,0,1,0,0,0,0,0,0,0,0,0,0,0,6,4,3,12,0,0,0,1,13,30342,6,1,0,0,3,3,65,125,98,0,0,0,0,0,0,0,0,0,0,0,0,0,3,3,70,1,1,2,2,0,0,5,50,99,1,1,98,0,0
13,130635,6,8,1,10,8,22,49,12,1,1,0,4,3,12,461,12461,21,2009,1FDXE45S09DA,1,F,D,X,E,4,5,S,0,9,D,A,0,0,0,000000000,00000000000,0,0,0,1,0,0,0,0,0,0,0,0,0,0,0,6,4,3,12,0,0,0,1,12,32082,6,1,0,0,3,0,70,999,0,0,0,0,0,0,0,0,0,0,0,0,0,0,3,3,70,1,1,2,2,0,0,5,50,99,1,1,98,0,0
13,130635,7,8,2,10,8,22,49,12,1,1,0,17,1,6,441,6441,20,2008,2A8HR64X58R1,2,A,8,H,R,6,4,X,5,8,R,1,0,0,0,000000000,00000000000,0,0,0,1,0,0,0,0,0,0,0,998,0,0,0,18,4,5,54,0,0,0,1,17,61231,6,1,0,0,3,3,63,200,0,0,0,0,0,0,0,0,0,0,0,0,0,0,3,3,70,1,1,2,2,0,0,1,61,99,9,3,98,0,0
13,130635,8,8,1,10,8,22,49,12,1,1,0,17,3,51,884,51884,63,2006,4V4NC9TH97N4,4,V,4,N,C,9,T,H,9,7,N,4,0,0,57,2285240,572285240,3,1,1,1,0,0,0,0,0,0,0,998,0,0,0,3,4,3,12,0,0,0,1,17,60513,6,1,6,0,3,0,79,275,0,0,0,0,2,3,2012,4,2012,0,0,0,0,0,3,3,70,1,1,2,2,0,0,1,61,99,9,3,98,0,0
13,130636,1,2,1,11,8,16,41,12,6,1,0,13,1,49,401,49401,14,1999,JT3GN86R4X01,J,T,3,G,N,8,6,R,4,X,0,1,0,0,0,000000000,00000000000,0,0,0,1,0,0,0,0,0,0,0,998,0,1,5,12,6,2,12,0,0,0,1,13,31768,3,1,0,0,2,3,66,143,98,0,0,0,0,0,0,0,0,4,0,0,0,0,3,2,45,1,1,2,1,3,3,10,13,99,9,6,84,1,1
13,130636,2,2,1,11,8,16,41,12,6,1,0,13,1,23,8,23008,6,2011,1GKKRRED9BJ4,1,G,K,K,R,R,E,D,9,B,J,4,0,0,0,000000000,00000000000,0,0,0,1,0,0,0,0,0,0,0,0,0,0,0,11,6,2,12,0,0,0,1,13,31768,6,1,0,0,3,0,65,132,98,0,0,0,0,0,0,0,0,0,0,0,0,0,1,2,45,1,1,2,1,3,3,5,67,1,1,1,84,0,0
13,130637,1,1,1,11,8,22,32,8,0,1,0,13,1,34,35,34035,4,2008,WBANU53558CT,W,B,A,N,U,5,3,5,5,8,C,T,0,0,0,000000000,00000000000,0,0,0,1,0,0,0,0,0,0,0,998,0,0,0,12,4,3,8,0,0,0,1,13,30047,6,1,0,0,3,0,65,196,98,1,0,1,1,11,2011,7,2013,0,0,0,0,0,2,3,45,1,2,2,1,0,0,1,80,99,1,1,13,0,0
13,130638,1,2,1,11,8,22,40,12,6,1,0,12,1,82,884,82884,66,2004,1FUJAPCK34DM,1,F,U,J,A,P,C,K,3,4,D,M,1,1,12,86042,1286042,3,6,1,1,0,0,0,0,0,0,0,998,0,1,5,2,6,2,12,0,0,0,1,12,32218,6,1,6,0,3,0,67,999,0,1,0,0,0,12,2012,12,2012,0,39,0,0,0,2,2,55,2,1,2,1,20,3,14,66,99,9,3,87,0,0
13,130638,2,2,1,11,8,22,40,12,6,1,0,93,3,82,884,82884,66,2013,1FUJGEBG4DSB,1,F,U,J,G,E,B,G,4,D,S,B,1,1,57,165420,57165420,3,6,1,1,0,0,0,0,0,0,0,998,0,0,0,12,6,2,12,0,0,0,1,13,30434,6,1,6,0,3,0,73,280,98,0,0,0,1,11,2013,11,2013,0,0,0,0,0,1,2,55,1,1,2,1,0,0,1,17,99,9,1,86,1,0
13,130639,1,1,2,11,8,8,36,43,0,1,0,13,3,86,884,86884,63,2013,1M2AU14C0DM0,1,M,2,A,U,1,4,C,0,D,M,0,0,0,57,1227587,571227587,3,2,7,1,0,0,0,0,0,0,0,998,0,1,5,12,6,2,42,0,0,0,1,13,30906,6,1,6,0,3,0,73,173,98,0,0,0,0,0,0,0,0,0,0,0,0,0,1,2,35,2,2,5,8,0,0,14,3,99,9,4,7,1,0
13,130640,1,1,1,13,8,19,30,1,0,1,0,0,0,12,998,12998,92,1960,000000000000,0,0,0,0,0,0,0,0,0,0,0,0,0,0,0,000000000,00000000000,0,0,0,1,0,0,0,0,0,0,0,998,0,2,5,0,4,3,1,0,0,0,1,13,30041,6,1,0,0,1,0,72,215,98,0,0,0,0,0,0,0,0,0,0,0,0,0,1,2,35,1,6,2,1,0,0,12,12,99,9,4,98,1,0