STATE,ST_CASE,VEH_NO,VE_FORMS,NUMOCCS,DAY,MONTH,HOUR,MINUTE,HARM_EV,MAN_COLL,UNITTYPE,HIT_RUN,REG_STAT,OWNER,MAKE,MODEL,MAK_MOD,BODY_TYP,MOD_YEAR,VIN,VIN_1,VIN_2,VIN_3,VIN_4,VIN_5,VIN_6,VIN_7,VIN_8,VIN_9,VIN_10,VIN_11,VIN_12,TOW_VEH,J_KNIFE,MCARR_I1,MCARR_I2,MCARR_ID,GVWR,V_CONFIG,CARGO_BT,HAZ_INV,HAZ_PLAC,HAZ_ID,HAZ_CNO,HAZ_REL,BUS_USE,SPEC_USE,EMER_USE,TRAV_SP,UNDERIDE,ROLLOVER,ROLINLOC,IMPACT1,DEFORMED,TOWED,M_HARM,VEH_SC1,VEH_SC2,FIRE_EXP,DR_PRES,L_STATE,DR_ZIP,L_STATUS,L_TYPE,CDL_STAT,L_ENDORS,L_COMPL,L_RESTRI,DR_HGT,DR_WGT,PREV_ACC,PREV_SUS,PREV_DWI,PREV_SPD,PREV_OTH,FIRST_MO,FIRST_YR,LAST_MO,LAST_YR,SPEEDREL,DR_SF1,DR_SF2,DR_SF3,DR_SF4,VTRAFWAY,VNUM_LAN,VSPD_LIM,VALIGN,VPROFILE,VPAVETYP,VSURCOND,VTRAFCON,VTCONT_F,P_CRASH1,P_CRASH2,P_CRASH3,PCRASH4,PCRASH5,ACC_TYPE,DEATHS,DR_DRINK
13,130641,1,1,1,13,8,10,9,24,0,1,0,13,1,19,480,19480,31,2002,3GYEK63N22G2,3,G,Y,E,K,6,3,N,2,2,G,2,0,0,0,000000000,00000000000,0,0,0,1,0,0,0,0,0,0,0,998,0,1,5,1,6,2,24,0,0,0,1,13,30039,6,1,0,0,3,3,73,210,98,0,0,0,0,0,0,0,0,0,99,99,99,99,3,3,55,1,1,2,1,0,0,1,13,99,1,4,5,1,0
13,130642,1,1,1,13,8,22,20,24,0,1,0,13,2,20,403,20403,14,2004,1GNDT13S8422,1,G,N,D,T,1,3,S,8,4,2,2,0,0,0,000000000,00000000000,0,0,0,1,0,0,0,0,0,0,0,998,0,1,5,12,6,2,1,0,0,0,1,13,30540,6,1,0,0,3,3,65,130,98,0,0,0,0,0,0,0,0,0,58,0,0,0,1,2,55,3,6,2,1,0,0,14,13,7,3,4,2,1,0
13,130643,1,1,1,13,8,2,9,8,0,1,1,99,9,99,999,99999,99,9999,999999999999,9,9,9,9,9,9,9,9,9,9,9,9,0,0,0,000000000,00000000000,0,0,0,1,0,0,0,0,0,0,0,998,0,0,0,99,9,5,8,0,0,0,1,99,99999,9,9,99,9,9,9,999,999,99,99,99,99,99,99,9999,99,9999,9,99,99,99,99,1,2,99,1,1,2,1,0,0,99,99,99,9,9,13,0,0
13,130644,1,1,1,13,8,20,50,8,0,1,0,13,1,58,33,58033,4,2000,JNKCP11A7YT3,J,N,K,C,P,1,1,A,7,Y,T,3,0,0,0,000000000,00000000000,0,0,0,1,0,0,0,0,0,0,0,998,0,0,0,12,4,3,8,0,0,0,1,13,30223,6,1,0,0,3,0,62,150,98,0,0,0,0,0,0,0,0,0,0,0,0,0,1,2,45,2,5,2,1,0,0,14,80,99,9,1,13,0,0
13,130645,1,1,1,14,8,12,40,1,0,1,0,12,1,7,461,7461,21,1999,2B6KB31Z8XK5,2,B,6,K,B,3,1,Z,8,X,K,5,0,0,0,000000000,00000000000,0,0,0,1,0,0,0,0,0,0,0,998,0,2,1,0,6,2,1,0,0,1,1,12,33952,6,1,0,0,3,3,66,999,0,0,0,0,0,0,0,0,0,0,0,0,0,0,3,3,70,1,1,2,1,0,0,1,1,99,9,3,98,1,0
13,130646,1,1,1,14,8,7,58,8,0,1,0,13,1,35,473,35473,31,2004,1N6AA06B84N5,1,N,6,A,A,0,6,B,8,4,N,5,0,0,0,000000000,00000000000,0,0,0,1,0,0,0,0,0,0,0,998,0,0,0,12,4,5,8,0,0,0,1,13,30064,6,1,0,0,3,0,76,220,98,0,0,0,0,0,0,0,0,0,0,0,0,0,1,2,35,1,1,2,1,3,3,1,80,9,2,3,13,0,0
13,130647,1,1,1,14,8,16,23,53,0,1,0,13,1,7,28,7028,2,2013,2C3CDYBT7DH5,2,C,3,C,D,Y,B,T,7,D,H,5,0,0,0,000000000,00000000000,0,0,0,1,0,0,0,0,0,0,0,998,0,0,0,12,6,2,38,0,0,1,1,13,30820,6,1,0,0,3,0,62,130,98,0,0,1,0,3,2013,3,2013,0,99,99,99,99,1,2,55,1,1,2,1,0,0,1,13,99,9,4,5,1,1
13,130648,1,1,2,15,8,7,53,35,0,1,0,13,1,22,19,22019,2,2007,1G2AL15F5772,1,G,2,A,L,1,5,F,5,7,7,2,0,0,0,000000000,00000000000,0,0,0,1,0,0,0,0,0,0,0,998,0,1,5,12,6,2,1,0,0,0,1,13,31076,6,1,0,0,3,0,69,200,98,0,0,0,0,0,0,0,0,0,83,0,0,0,1,2,55,1,6,2,1,0,0,1,87,7,4,4,7,1,0
13,130649,1,1,1,15,8,11,35,32,0,1,0,13,1,18,2,18002,4,1997,1G4HP52K6VH4,1,G,4,H,P,5,2,K,6,V,H,4,0,0,0,000000000,00000000000,0,0,0,1,0,0,0,0,0,0,0,998,0,1,5,14,6,2,1,0,0,0,1,13,30471,6,1,0,0,3,3,72,130,98,0,0,0,0,0,0,0,0,0,99,99,99,99,1,2,55,3,1,2,1,0,0,14,13,99,1,4,5,1,0
13,130650,1,1,1,16,8,20,41,42,0,1,0,13,1,20,403,20403,14,2005,1GNDT13S4521,1,G,N,D,T,1,3,S,4,5,2,1,0,0,0,000000000,00000000000,0,0,0,1,0,0,0,0,0,0,0,998,0,0,0,6,6,2,42,0,0,0,1,13,30179,6,1,0,0,3,0,75,215,98,4,0,1,6,12,2011,6,2014,0,27,58,0,0,3,2,70,1,1,1,1,0,0,15,13,7,4,4,2,1,1
13,130651,1,1,1,16,8,18,50,18,0,1,0,13,2,76,706,76706,80,2007,JYAVP19E77A0,J,Y,A,V,P,1,9,E,7,7,A,0,0,0,0,000000000,00000000000,0,0,0,1,0,0,0,0,0,0,0,998,0,0,0,12,6,2,18,0,0,0,1,13,30281,6,1,6,0,3,1,70,187,98,2,0,0,1,2,2013,1,2014,4,99,99,99,99,1,2,30,1,3,2,1,0,0,1,13,99,9,4,5,1,0
13,130652,1,2,2,26,8,12,55,12,6,1,0,0,0,98,998,98998,97,1990,000000000000,0,0,0,0,0,0,0,0,0,0,0,0,0,0,0,000000000,00000000000,0,0,0,1,0,0,0,0,0,0,0,998,0,0,0,11,6,9,12,0,0,0,1,13,30161,6,1,0,0,1,0,74,185,98,0,0,0,0,0,0,0,0,0,38,0,0,0,1,2,35,1,1,2,1,0,0,99,19,99,9,7,89,1,1
13,130652,2,2,1,26,8,12,55,12,6,1,0,13,2,12,37,12037,4,2000,1FAFP3430YW2,1,F,A,F,P,3,4,3,0,Y,W,2,0,0,0,000000000,00000000000,0,0,0,1,0,0,0,0,0,0,0,998,0,0,0,12,6,2,12,0,0,0,1,13,30161,6,1,0,0,3,3,66,240,98,0,0,1,0,1,2013,1,2013,0,0,0,0,0,1,2,35,1,1,2,1,0,0,1,73,99,9,1,88,0,0
13,130653,1,2,1,10,4,14,0,12,6,1,0,13,2,2,404,2404,14,2000,1J4G258N7YC3,1,J,4,G,2,5,8,N,7,Y,C,3,0,0,0,000000000,00000000000,0,0,0,1,0,0,0,0,0,0,0,998,0,0,0,1,6,2,12,0,0,0,1,13,30530,6,1,0,0,3,0,62,195,98,0,0,0,0,0,0,0,0,0,39,0,0,0,2,4,55,1,2,2,1,20,3,1,17,99,1,1,87,0,0
13,130653,2,2,2,10,4,14,0,12,6,1,0,13,1,37,32,37032,4,1990,JHMCB7668LC1,J,H,M,C,B,7,6,6,8,L,C,1,0,0,0,000000000,00000000000,0,0,0,1,0,0,0,0,0,0,0,998,0,0,0,12,6,2,12,0,0,0,1,13,30565,6,1,0,0,3,3,68,165,98,0,0,0,0,0,0,0,0,0,0,0,0,0,1,2,55,1,1,2,1,20,3,1,66,99,1,1,86,1,0
13,130654,1,2,1,16,4,12,30,12,2,1,0,99,9,99,999,99999,99,9999,999999999999,9,9,9,9,9,9,9,9,9,9,9,9,0,0,0,000000000,00000000000,0,0,0,1,0,0,0,0,0,0,0,999,0,0,0,12,6,2,12,0,0,0,1,13,30461,6,1,6,0,3,3,67,180,98,0,0,0,0,0,0,0,0,0,0,0,0,0,1,2,35,1,1,2,1,0,0,1,62,99,1,1,51,1,0
13,130654,2,2,2,16,4,12,30,12,2,1,0,94,3,99,999,99999,99,9999,999999999999,9,9,9,9,9,9,9,9,9,9,9,9,0,0,0,000000000,00000000000,0,0,0,1,0,0,0,0,0,4,0,999,0,0,0,12,9,9,12,0,0,0,1,99,31314,9,9,99,9,9,9,999,999,99,99,99,99,99,99,9999,99,9999,0,85,0,0,0,1,2,35,1,1,2,1,0,0,1,10,99,1,2,50,0,0
13,130655,1,2,1,16,8,22,18,12,6,1,0,13,1,34,35,34035,4,2001,WBADT43441GF,W,B,A,D,T,4,3,4,4,1,G,F,0,0,0,000000000,00000000000,0,0,0,1,0,0,0,0,0,0,0,998,0,0,0,12,6,2,12,0,0,0,1,13,31721,6,1,0,0,3,0,69,170,98,0,0,1,0,8,2014,8,2014,0,58,0,0,0,1,4,55,1,6,2,1,28,3,1,10,99,1,1,66,1,1
13,130655,2,2,2,16,8,22,18,12,6,1,0,13,1,12,481,12481,31,2006,1FTRF12W96NA,1,F,T,R,F,1,2,W,9,6,N,A,0,0,0,000000000,00000000000,0,0,0,1,0,0,0,0,0,0,0,998,0,0,0,11,6,2,12,0,0,0,1,13,31793,6,1,0,0,3,0,72,260,98,0,0,0,0,0,0,0,0,0,0,0,0,0,1,4,55,1,5,2,1,28,3,1,62,99,1,1,66,0,0
13,130656,1,1,4,16,8,14,10,1,0,1,0,13,1,12,16,12016,4,2000,2FAFP71WXYX2,2,F,A,F,P,7,1,W,X,Y,X,2,0,0,0,000000000,00000000000,0,0,0,1,0,0,0,0,0,0,0,998,0,2,5,0,6,2,1,0,0,0,1,13,39840,6,1,0,0,3,0,67,240,98,1,0,2,0,5,2012,7,2013,0,28,58,0,0,1,2,55,1,6,2,1,0,0,1,13,99,3,4,2,2,0
13,130657,1,1,1,16,8,19,51,42,0,1,0,13,2,12,422,12422,15,2001,1FMPU16L71LB,1,F,M,P,U,1,6,L,7,1,L,B,0,0,0,000000000,00000000000,0,0,0,1,0,0,0,0,0,0,0,998,0,0,0,3,6,2,42,0,0,0,1,13,30557,1,1,0,0,2,0,67,185,98,0,0,0,0,0,0,0,0,3,0,0,0,0,1,2,45,3,6,2,1,0,0,14,6,99,4,4,7,1,1
13,130658,1,1,1,17,8,13,30,42,0,1,0,13,1,20,481,20481,31,2001,2GCEK19T4113,2,G,C,E,K,1,9,T,4,1,1,3,0,0,0,000000000,00000000000,0,0,0,1,0,0,0,0,0,0,0,998,0,1,5,9,6,2,1,0,0,0,1,13,31408,6,1,0,0,3,0,70,215,98,0,0,0,0,0,0,0,0,0,0,0,0,0,1,2,55,3,1,2,1,0,0,14,13,99,3,4,2,1,1
13,130659,1,1,2,17,8,20,35,34,0,1,0,28,2,35,48,35048,1,2007,JN1BZ36A97M6,J,N,1,B,Z,3,6,A,9,7,M,6,0,0,0,000000000,00000000000,0,0,0,1,0,0,0,0,0,0,0,998,0,1,4,12,6,2,1,0,0,0,1,13,30680,6,1,0,0,3,0,70,140,98,0,0,1,0,7,2014,7,2014,4,0,0,0,0,1,2,35,2,2,2,1,0,0,14,6,99,1,4,6,1,1
13,130660,1,1,1,17,8,6,18,8,0,1,0,13,1,35,47,35047,4,2007,1N4AL21E67N4,1,N,4,A,L,2,1,E,6,7,N,4,0,0,0,000000000,00000000000,0,0,0,1,0,0,0,0,0,0,0,55,0,0,0,12,6,2,8,0,0,0,1,13,30165,6,1,0,0,3,0,64,180,98,0,0,0,0,0,0,0,0,0,0,0,0,0,5,4,55,1,1,2,1,0,0,1,80,1,1,1,13,0,0
13,130661,1,1,1,18,8,22,27,34,0,1,0,13,1,20,431,20431,16,2001,1GNEK13TX1R1,1,G,N,E,K,1,3,T,X,1,R,1,0,0,0,000000000,00000000000,0,0,0,1,0,0,0,0,0,0,0,998,0,1,5,14,6,2,1,0,0,0,1,13,30268,6,1,0,0,3,0,76,180,98,3,0,0,0,8,2013,3,2014,0,0,0,0,0,1,2,45,3,2,2,2,0,0,14,12,99,1,4,6,1,0
13,130662,1,2,1,18,8,13,50,12,6,1,0,13,1,41,403,41403,14,2014,JM3KE2BE1E03,J,M,3,K,E,2,B,E,1,E,0,3,0,0,0,000000000,00000000000,0,0,0,1,0,0,0,0,0,0,0,998,0,0,0,9,6,2,12,0,0,0,1,13,30044,6,1,0,0,3,3,70,200,98,0,0,0,0,0,0,0,0,0,38,0,0,0,2,4,45,1,1,2,1,20,3,11,15,99,1,1,82,1,0
13,130662,2,2,1,18,8,13,50,12,6,1,0,13,2,12,481,12481,31,2001,1FTRW08L11KF,1,F,T,R,W,0,8,L,1,1,K,F,0,0,0,000000000,00000000000,0,0,0,1,0,0,0,0,0,0,0,998,0,0,0,12,6,2,12,0,0,0,1,13,30024,6,2,0,0,3,0,74,220,98,0,0,0,0,0,0,0,0,0,0,0,0,0,1,2,25,1,1,2,1,0,0,1,67,99,1,1,83,0,0
13,130663,1,1,1,19,8,8,39,35,0,1,0,13,1,37,32,37032,4,2000,1HGCG5646YA1,1,H,G,C,G,5,6,4,6,Y,A,1,0,0,0,000000000,00000000000,0,0,0,1,0,0,0,0,0,0,0,998,0,0,0,14,6,2,42,0,0,0,1,13,30504,6,1,0,0,3,0,71,208,98,0,0,0,0,0,0,0,0,0,58,0,0,0,1,2,35,1,1,2,2,28,3,1,8,7,1,4,6,1,0
13,130664,1,2,2,20,8,15,10,12,2,1,0,13,1,12,18,12018,3,1997,1ZVLT22BXV51,1,Z,V,L,T,2,2,B,X,V,5,1,0,0,0,000000000,00000000000,0,0,0,1,0,0,0,0,0,0,0,998,0,0,0,12,6,2,12,0,0,0,1,13,30439,6,1,0,0,3,3,61,150,98,0,0,0,0,0,0,0,0,0,58,0,0,0,1,2,45,1,1,2,1,0,0,1,10,99,1,2,50,2,0
13,130664,2,2,1,20,8,15,10,12,2,1,0,45,3,82,884,82884,66,1997,1FUYSWEB9VL8,1,F,U,Y,S,W,E,B,9,V,L,8,1,1,57,710976,57710976,3,6,1,1,0,0,0,0,0,0,0,998,0,0,0,12,6,2,12,0,0,0,1,13,30401,6,1,6,9,3,3,68,210,98,0,0,0,0,0,0,0,0,0,0,0,0,0,1,2,45,1,1,2,1,0,0,1,62,99,1,1,51,0,0
13,130665,1,1,1,20,8,14,2,59,0,1,0,13,1,49,471,49471,30,1986,JT4RN50R4G01,J,T,4,R,N,5,0,R,4,G,0,1,0,0,0,000000000,00000000000,0,0,0,1,0,0,0,0,0,0,0,998,0,0,0,12,6,2,42,0,0,0,1,13,30458,1,1,5,0,2,0,76,215,98,0,0,0,0,0,0,0,0,0,0,0,0,0,1,2,55,3,1,2,99,28,3,14,13,99,1,4,1,1,0
13,130666,1,2,1,20,8,19,57,12,6,1,0,13,1,73,706,73706,80,2003,JKAZRCA153A0,J,K,A,Z,R,C,A,1,5,3,A,0,0,0,0,000000000,00000000000,0,0,0,1,0,0,0,0,0,0,0,998,0,0,0,3,4,3,12,0,0,0,1,13,30075,6,1,5,0,3,0,69,185,98,1,0,1,3,7,2012,5,2014,0,34,0,0,0,1,2,45,1,1,2,1,0,0,6,10,99,1,2,66,1,1
13,130666,2,2,1,20,8,19,57,12,6,1,0,13,2,35,401,35401,14,2008,5N1BR18B48C6,5,N,1,B,R,1,8,B,4,8,C,6,0,0,0,000000000,00000000000,0,0,0,1,0,0,0,0,0,0,0,998,0,0,0,12,4,3,12,0,0,0,1,13,30075,6,1,0,0,3,0,76,198,98,0,0,0,0,0,0,0,0,0,0,0,0,0,1,2,40,1,1,2,1,0,0,1,62,99,1,1,66,0,0
13,130667,1,1,1,21,8,22,33,42,0,1,0,13,1,45,31,45031,2,2009,WP0AB29919S7,W,P,0,A,B,2,9,9,1,9,S,7,0,0,0,000000000,00000000000,0,0,0,1,0,0,0,0,0,0,0,998,0,0,0,9,6,2,42,0,0,0,1,13,31721,6,1,0,0,3,0,70,180,98,0,0,0,0,0,0,0,0,4,0,0,0,0,1,2,55,3,1,2,1,0,0,14,13,99,1,4,1,1,0
13,130668,1,2,1,21,8,18,9,12,6,1,0,0,0,98,701,98701,88,2008,999999999999,9,9,9,9,9,9,9,9,9,9,9,9,0,0,0,000000000,00000000000,0,0,0,1,0,0,0,0,0,0,0,998,0,0,0,3,6,2,12,0,0,0,1,13,30606,6,1,6,0,3,3,70,220,98,2,0,0,3,1,2012,3,2013,0,38,0,0,0,3,3,35,1,2,2,1,3,3,11,15,99,1,1,68,1,0
13,130668,2,2,1,21,8,18,9,12,6,1,0,13,2,12,481,12481,31,1984,1FTEF15Y4ENA,1,F,T,E,F,1,5,Y,4,E,N,A,0,0,0,000000000,00000000000,0,0,0,1,0,0,0,0,0,0,0,998,0,0,0,12,4,3,12,0,0,0,1,48,75074,6,1,0,0,3,0,999,999,0,0,0,0,0,0,0,0,0,0,0,0,0,0,3,2,35,1,2,2,1,3,3,1,62,99,1,1,69,0,0
13,130669,1,2,2,21,8,7,10,12,6,1,0,13,1,20,481,20481,31,1991,2GCEC19K1M11,2,G,C,E,C,1,9,K,1,M,1,1,0,0,0,000000000,00000000000,0,0,0,1,0,0,0,0,0,0,0,998,0,0,0,12,6,2,12,0,0,0,1,13,31021,6,1,0,0,3,1,70,185,98,0,0,0,0,0,0,0,0,0,38,0,0,0,1,2,55,1,6,2,1,20,3,1,17,99,1,1,86,1,0
13,130669,2,2,1,21,8,7,10,12,6,1,0,13,2,20,481,20481,31,1996,1GCEK19MXTE2,1,G,C,E,K,1,9,M,X,T,E,2,0,0,0,000000000,00000000000,0,0,0,1,0,0,0,0,0,0,0,998,0,0,0,2,6,2,12,0,0,0,1,13,30434,6,2,0,0,3,0,69,162,98,0,0,0,0,0,0,0,0,0,0,0,0,0,1,2,45,3,1,2,1,28,3,14,66,99,1,1,87,0,0
13,130670,1,1,1,22,8,21,9,34,0,1,0,13,2,12,481,12481,31,2002,1FTNW21F92EC,1,F,T,N,W,2,1,F,9,2,E,C,0,0,0,000000000,00000000000,0,0,0,1,0,0,0,0,0,0,0,998,0,1,5,1,6,2,1,0,0,1,1,13,31015,1,1,0,0,2,0,67,190,98,0,0,0,0,0,0,0,0,0,80,0,0,0,1,2,55,1,1,2,1,0,0,1,1,99,4,4,7,1,0
13,130671,1,2,3,22,8,13,0,12,2,1,0,13,1,24,7,24007,4,2005,1G8AJ52F95Z1,1,G,8,A,J,5,2,F,9,5,Z,1,0,0,0,000000000,00000000000,0,0,0,1,0,0,0,0,0,0,0,998,0,0,0,12,6,2,12,0,0,1,1,13,30909,6,1,0,0,3,0,77,265,98,1,0,0,0,6,2014,6,2014,0,58,0,0,0,1,2,55,3,1,2,1,28,3,14,13,7,1,6,50,3,0
13,130671,2,2,2,22,8,13,0,12,2,1,0,93,3,84,884,84884,66,2011,3HSCUAPR7BN3,3,H,S,C,U,A,P,R,7,B,N,3,1,1,57,226618,57226618,3,6,1,1,0,0,0,0,0,0,0,998,0,0,0,12,6,2,12,0,0,0,1,13,31061,6,1,6,9,3,0,72,295,98,0,0,0,0,0,0,0,0,0,0,0,0,0,1,2,55,2,1,2,1,28,3,14,62,3,1,1,51,0,0
13,130672,1,1,1,22,8,3,8,8,0,1,0,13,3,20,461,20461,21,2004,1GCGG29V4412,1,G,C,G,G,2,9,V,4,4,1,2,0,0,0,000000000,00000000000,0,0,0,1,0,0,0,0,0,0,0,998,0,0,0,12,2,3,8,0,0,0,1,13,31811,6,1,0,0,3,0,64,160,98,0,0,0,0,0,0,0,0,0,99,99,99,99,1,4,35,1,1,2,1,3,3,1,80,99,1,1,13,0,0
13,130673,1,2,1,22,8,23,28,12,9,1,0,13,1,13,1,13001,4,1996,1LNLM83W5TY6,1,L,N,L,M,8,3,W,5,T,Y,6,0,0,0,000000000,00000000000,0,0,0,1,0,0,0,0,0,0,0,998,0,0,0,3,6,2,12,0,0,0,1,13,31907,6,8,0,0,2,3,63,120,98,2,0,0,0,8,2011,9,2011,0,48,0,0,0,3,3,45,1,1,2,1,0,0,11,15,99,1,1,74,0,0
13,130673,2,2,1,22,8,23,28,12,9,1,0,13,1,73,706,73706,80,2008,JKAZXCE168A0,J,K,A,Z,X,C,E,1,6,8,A,0,0,0,0,000000000,00000000000,0,0,0,1,0,0,0,0,0,0,0,998,0,0,0,6,6,2,12,0,0,1,1,13,31903,6,1,0,0,3,0,66,195,98,3,1,0,0,6,2013,6,2013,0,0,0,0,0,3,3,45,1,1,2,1,0,0,1,62,99,1,1,74,1,1
13,130674,1,1,1,23,8,12,20,42,0,1,0,13,2,76,706,76706,80,2003,JYAVP07E43A0,J,Y,A,V,P,0,7,E,4,3,A,0,0,0,0,000000000,00000000000,0,0,0,1,0,0,0,0,0,0,0,998,0,0,0,12,6,2,42,0,0,0,1,13,30016,6,1,6,0,3,0,68,240,98,0,0,0,0,0,0,0,0,0,0,0,0,0,2,4,70,1,1,2,1,0,0,1,13,99,1,4,1,1,0
13,130675,1,1,1,24,8,22,25,24,0,1,0,1,1,20,36,20036,2,2000,2G1WW12E6Y92,2,G,1,W,W,1,2,E,6,Y,9,2,0,0,0,000000000,00000000000,0,0,0,1,0,0,0,0,0,0,0,998,0,0,0,1,6,2,42,0,0,0,1,1,36863,6,1,0,0,3,0,999,999,0,0,0,2,0,2,2013,10,2013,0,36,0,0,0,1,2,55,3,1,2,1,28,3,14,9,99,1,4,1,1,1
13,130676,1,1,2,25,8,3,5,34,0,1,0,12,1,20,481,20481,31,2000,1GCEC14V5YE4,1,G,C,E,C,1,4,V,5,Y,E,4,0,0,0,000000000,00000000000,0,0,0,1,0,0,0,0,0,0,0,998,0,1,5,12,6,2,1,0,0,0,1,12,32927,1,1,0,0,2,0,71,999,0,3,0,0,1,9,2012,12,2013,4,36,0,0,0,1,2,35,1,6,2,1,0,0,1,13,99,3,4,2,1,1
13,130677,1,1,1,25,8,10,12,8,0,1,0,13,3,20,461,20461,21,2013,1GCZGUCA1D11,1,G,C,Z,G,U,C,A,1,D,1,1,0,0,0,000000000,00000000000,0,0,0,1,0,0,0,0,0,0,0,998,0,0,0,12,0,5,8,0,0,0,1,13,30087,6,1,0,0,3,0,70,190,98,0,0,0,0,0,0,0,0,0,38,0,0,0,1,4,35,1,1,2,1,2,3,10,80,1,1,1,13,0,0
13,130678,1,1,1,25,8,14,10,8,0,1,0,13,2,24,401,24401,14,2004,5GZCZ534X4S8,5,G,Z,C,Z,5,3,4,X,4,S,8,0,0,0,000000000,00000000000,0,0,0,1,0,0,0,0,0,0,0,998,0,0,0,1,4,3,8,0,0,0,1,13,30565,6,1,0,0,3,0,70,205,98,0,0,0,0,0,0,0,0,0,0,0,0,0,1,2,45,1,1,2,1,0,0,1,80,99,1,1,13,0,0
13,130679,1,1,1,25,8,8,57,8,0,1,0,13,2,37,31,37031,4,2008,1HGFA16808L0,1,H,G,F,A,1,6,8,0,8,L,0,0,0,0,000000000,00000000000,0,0,0,1,0,0,0,0,0,0,0,998,0,0,0,12,6,2,8,0,0,0,1,13,30666,6,1,0,0,3,0,63,120,98,0,0,0,0,0,0,0,0,0,0,0,0,0,1,2,40,2,1,2,1,28,3,14,80,99,1,1,13,0,0
13,130680,1,1,1,26,8,16,5,34,0,1,0,13,1,12,471,12471,30,2000,1FTZR15V5YPB,1,F,T,Z,R,1,5,V,5,Y,P,B,0,0,0,000000000,00000000000,0,0,0,1,0,0,0,0,0,0,0,998,0,1,5,1,6,2,1,0,0,0,1,13,30110,6,1,0,0,3,0,71,155,98,0,0,0,0,0,0,0,0,0,0,0,0,0,1,2,45,3,6,2,1,0,0,14,12,99,1,4,6,1,0
13,130681,1,2,1,27,8,9,51,12,1,1,0,13,1,20,481,20481,31,2007,1GBHC24K47E5,1,G,B,H,C,2,4,K,4,7,E,5,0,0,0,000000000,00000000000,0,0,0,1,0,0,0,0,0,0,0,998,0,0,0,12,6,2,12,0,0,0,1,13,31093,6,1,0,0,3,3,69,261,98,0,0,0,0,0,0,0,0,0,0,0,0,0,3,5,65,1,1,1,1,0,0,1,50,99,1,1,20,1,0
13,130681,2,2,1,27,8,9,51,12,1,1,0,17,3,82,884,82884,66,2007,1FUJA6AV27LX,1,F,U,J,A,6,A,V,2,7,L,X,1,1,57,009640,57009640,3,6,1,1,0,0,0,0,0,0,0,0,0,0,0,6,2,3,12,0,0,0,1,12,33881,6,1,6,0,3,0,73,999,0,0,0,0,0,0,0,0,0,0,0,0,0,0,3,5,65,1,1,1,1,0,0,5,53,99,1,1,21,0,0
13,130682,1,2,1,27,8,20,41,12,6,1,0,13,1,73,706,73706,80,2005,JKBVNAN1X5A0,J,K,B,V,N,A,N,1,X,5,A,0,0,0,0,000000000,00000000000,0,0,0,1,0,0,0,0,0,0,0,998,0,0,0,3,6,2,12,0,0,0,1,13,31406,6,1,0,0,3,0,67,210,98,0,0,0,0,0,0,0,0,0,38,0,0,0,2,4,30,1,1,2,1,0,0,11,15,99,1,1,68,1,0
13,130682,2,2,1,27,8,20,41,12,6,1,0,34,2,23,401,23401,14,1997,1GKDT13W3V25,1,G,K,D,T,1,3,W,3,V,2,5,0,0,0,000000000,00000000000,0,0,0,1,0,0,0,0,0,0,0,998,0,0,0,12,6,2,12,0,0,0,1,34,31406,6,2,0,0,3,3,63,999,0,0,0,0,1,8,2013,8,2013,0,0,0,0,0,2,4,30,1,1,2,1,0,0,1,63,99,1,1,69,0,0
13,130683,1,1,1,27,8,14,0,30,0,1,0,13,1,12,402,12402,14,2002,1FMYU03152KD,1,F,M,Y,U,0,3,1,5,2,K,D,0,0,0,000000000,00000000000,0,0,0,1,0,0,0,0,0,0,0,998,0,0,0,12,6,2,30,0,0,0,1,13,30143,6,1,0,0,3,3,74,192,98,0,0,0,0,0,0,0,0,0,28,0,0,0,1,2,35,2,6,2,1,28,3,14,12,99,1,4,6,1,0
13,130684,1,1,1,27,8,15,58,1,0,1,0,13,3,12,880,12880,67,2000,1FDAF56F1YEC,1,F,D,A,F,5,6,F,1,Y,E,C,0,0,57,0199125,570199125,2,1,97,2,1,8888,88,2,0,0,0,998,0,1,1,0,6,2,1,0,0,0,1,45,29620,6,1,6,1,3,1,73,290,0,0,0,0,0,0,0,0,0,0,58,0,0,0,1,2,55,3,6,2,1,28,3,14,1,99,1,1,98,1,0
13,130685,1,3,1,28,8,19,30,12,2,1,0,13,1,20,481,20481,31,1994,2GCFC29K7R12,2,G,C,F,C,2,9,K,7,R,1,2,0,0,0,000000000,00000000000,0,0,0,1,0,0,0,0,0,0,0,998,0,0,0,12,6,2,12,0,0,0,1,13,30288,6,1,0,0,3,0,68,200,98,0,0,1,0,3,2012,3,2012,0,51,0,0,0,2,4,45,1,2,2,1,0,0,1,54,99,1,1,52,1,0