STATE,ST_CASE,VEH_NO,VE_FORMS,NUMOCCS,DAY,MONTH,HOUR,MINUTE,HARM_EV,MAN_COLL,UNITTYPE,HIT_RUN,REG_STAT,OWNER,MAKE,MODEL,MAK_MOD,BODY_TYP,MOD_YEAR,VIN,VIN_1,VIN_2,VIN_3,VIN_4,VIN_5,VIN_6,VIN_7,VIN_8,VIN_9,VIN_10,VIN_11,VIN_12,TOW_VEH,J_KNIFE,MCARR_I1,MCARR_I2,MCARR_ID,GVWR,V_CONFIG,CARGO_BT,HAZ_INV,HAZ_PLAC,HAZ_ID,HAZ_CNO,HAZ_REL,BUS_USE,SPEC_USE,EMER_USE,TRAV_SP,UNDERIDE,ROLLOVER,ROLINLOC,IMPACT1,DEFORMED,TOWED,M_HARM,VEH_SC1,VEH_SC2,FIRE_EXP,DR_PRES,L_STATE,DR_ZIP,L_STATUS,L_TYPE,CDL_STAT,L_ENDORS,L_COMPL,L_RESTRI,DR_HGT,DR_WGT,PREV_ACC,PREV_SUS,PREV_DWI,PREV_SPD,PREV_OTH,FIRST_MO,FIRST_YR,LAST_MO,LAST_YR,SPEEDREL,DR_SF1,DR_SF2,DR_SF3,DR_SF4,VTRAFWAY,VNUM_LAN,VSPD_LIM,VALIGN,VPROFILE,VPAVETYP,VSURCOND,VTRAFCON,VTCONT_F,P_CRASH1,P_CRASH2,P_CRASH3,PCRASH4,PCRASH5,ACC_TYPE,DEATHS,DR_DRINK
13,130685,2,3,1,28,8,19,30,12,2,1,0,93,3,82,884,82884,66,2007,1FUJBBAV87LY,1,F,U,J,B,B,A,V,8,7,L,Y,0,0,57,2447601,572447601,3,5,96,1,0,0,0,0,0,0,0,998,0,0,0,12,6,2,12,0,0,0,1,13,30058,6,1,6,9,3,3,71,225,98,0,0,0,0,0,0,0,0,0,0,0,0,0,2,4,45,1,2,2,1,0,0,1,54,99,1,1,52,0,0
13,130685,3,3,2,28,8,19,30,12,2,1,0,13,2,58,38,58038,4,2012,JN1BY1AP7CM3,J,N,1,B,Y,1,A,P,7,C,M,3,0,0,0,000000000,00000000000,0,0,0,1,0,0,0,0,0,0,0,998,0,0,0,12,6,2,12,0,0,0,1,13,30080,6,1,0,0,3,0,73,175,98,0,0,2,1,10,2012,9,2013,0,0,0,0,0,2,4,45,1,2,2,1,0,0,1,50,99,1,1,98,0,0
13,130686,1,1,1,28,8,3,30,1,0,1,0,13,1,12,21,12021,4,2005,1FAFP23165G1,1,F,A,F,P,2,3,1,6,5,G,1,0,0,0,000000000,00000000000,0,0,0,1,0,0,0,0,0,0,0,998,0,2,5,0,6,2,1,32,0,0,1,13,31763,6,1,0,0,3,0,64,160,98,0,0,0,0,0,0,0,0,0,0,0,0,0,3,2,70,1,1,2,1,0,0,1,13,99,1,4,1,1,0
13,130687,1,2,1,28,8,15,28,12,6,1,0,13,1,52,472,52472,31,2006,1Z7HC22K76S5,1,Z,7,H,C,2,2,K,7,6,S,5,0,0,0,000000000,00000000000,0,0,0,1,0,0,0,0,0,0,0,998,0,0,0,1,6,2,12,0,0,0,1,13,30529,6,1,0,0,3,3,64,108,98,0,0,0,0,0,0,0,0,0,38,0,0,0,2,4,45,1,1,2,1,3,3,11,15,99,1,1,68,1,0
13,130687,2,2,1,28,8,15,28,12,6,1,0,13,1,20,471,20471,30,1998,1GCCS1445WK2,1,G,C,C,S,1,4,4,5,W,K,2,0,0,0,000000000,00000000000,0,0,0,1,0,0,0,0,0,0,0,998,0,0,0,12,6,2,12,0,0,0,1,13,30543,6,2,0,0,3,0,68,150,98,0,0,0,0,0,0,0,0,0,0,0,0,0,2,4,45,1,1,2,1,3,3,1,63,99,1,1,69,0,0
13,130688,1,2,4,28,8,17,18,1,0,1,0,13,2,35,473,35473,31,2006,1N6BA06B36N5,1,N,6,B,A,0,6,B,3,6,N,5,0,0,0,000000000,00000000000,0,0,0,1,0,0,0,0,0,0,0,998,0,2,1,0,6,2,1,0,0,0,1,13,30705,6,2,0,0,3,0,76,230,98,0,0,0,0,0,0,0,0,4,28,0,0,0,1,2,45,3,1,2,1,0,0,14,98,99,4,2,98,3,0
13,130688,2,2,1,28,8,17,18,1,0,1,0,0,0,98,998,98998,92,9999,000000000000,0,0,0,0,0,0,0,0,0,0,0,0,0,0,0,000000000,00000000000,0,0,0,1,0,0,0,0,0,0,0,998,0,0,0,13,6,2,12,0,0,0,1,13,30722,6,1,0,0,1,0,66,180,98,0,0,0,1,5,2014,5,2014,0,0,0,0,0,1,2,45,3,1,2,1,0,0,99,78,1,1,1,98,1,0
13,130689,1,2,4,29,8,8,6,12,6,1,0,13,2,37,421,37421,15,2006,5FNYF28606B0,5,F,N,Y,F,2,8,6,0,6,B,0,0,0,0,000000000,00000000000,0,0,0,1,0,0,0,0,0,0,0,998,0,0,0,12,6,2,12,0,0,0,1,13,31015,6,1,0,0,3,0,61,112,98,0,0,0,0,0,0,0,0,0,39,0,0,0,1,2,55,1,1,2,1,20,3,1,17,99,1,1,86,0,0
13,130689,2,2,1,29,8,8,6,12,6,1,0,13,1,7,482,7482,31,2006,3D7KS26C26G2,3,D,7,K,S,2,6,C,2,6,G,2,0,0,0,000000000,00000000000,0,0,0,1,0,0,0,0,0,0,0,998,0,1,1,3,6,2,12,0,0,0,1,13,31015,6,1,0,0,3,3,71,260,98,0,0,0,1,12,2011,12,2011,0,0,0,0,0,1,2,55,1,3,2,1,28,3,1,66,99,1,1,87,1,0
13,130690,1,1,1,29,8,23,45,8,0,1,0,13,2,49,32,49032,4,1994,1NXAE09B9RZ1,1,N,X,A,E,0,9,B,9,R,Z,1,0,0,0,000000000,00000000000,0,0,0,1,0,0,0,0,0,0,0,998,0,0,0,12,6,2,8,0,0,0,1,13,30281,6,1,0,0,3,0,71,220,98,0,0,0,0,0,0,0,0,0,0,0,0,0,2,4,55,1,2,2,1,0,0,1,80,99,1,1,13,0,0
13,130691,1,1,2,29,8,3,48,8,0,1,0,13,2,12,16,12016,4,2005,2FAFP71W95X1,2,F,A,F,P,7,1,W,9,5,X,1,0,0,0,000000000,00000000000,0,0,0,1,0,0,0,0,0,0,0,998,0,0,0,12,4,5,8,0,0,0,1,13,31719,6,1,0,0,3,0,70,160,98,0,0,0,0,0,0,0,0,0,0,0,0,0,3,2,55,1,6,2,1,0,0,1,80,99,1,1,13,0,0
13,130692,1,2,1,30,8,16,26,12,6,1,0,13,1,23,421,23421,15,2005,1GKEK63UX5J2,1,G,K,E,K,6,3,U,X,5,J,2,0,0,0,000000000,00000000000,0,0,0,1,0,0,0,0,0,0,0,998,0,1,5,12,6,2,12,0,0,0,1,13,31634,6,1,0,0,3,0,75,220,98,3,0,2,0,9,2012,12,2013,0,39,0,0,0,1,2,55,1,1,2,1,20,3,1,17,99,1,1,86,0,1
13,130692,2,2,2,30,8,16,26,12,6,1,0,13,1,20,481,20481,31,1996,1GCEC19R0TE2,1,G,C,E,C,1,9,R,0,T,E,2,0,0,0,000000000,00000000000,0,0,0,1,0,0,0,0,0,0,0,998,0,0,0,2,6,2,12,0,0,0,1,13,31635,6,1,0,0,3,0,72,180,98,0,0,0,1,2,2012,2,2012,0,0,0,0,0,1,2,55,1,6,2,1,0,0,1,66,99,1,1,87,1,0
13,130693,1,1,1,30,8,23,26,43,0,1,0,13,2,21,1,21001,2,1980,3K47RAM46428,3,K,4,7,R,A,M,4,6,4,2,8,0,0,0,000000000,00000000000,0,0,0,1,0,0,0,0,0,0,0,998,0,0,0,12,2,3,43,0,0,0,1,13,31904,6,1,0,0,3,0,68,125,98,0,0,1,0,7,2012,7,2012,0,0,0,0,0,1,2,30,1,2,2,1,0,0,1,13,99,1,4,1,1,0
13,130694,1,2,2,30,8,17,49,12,6,1,0,13,1,35,471,35471,30,1991,1N6SD11S9MC4,1,N,6,S,D,1,1,S,9,M,C,4,0,0,0,000000000,00000000000,0,0,0,1,0,0,0,0,0,0,0,998,0,0,0,8,6,2,12,0,0,0,1,13,30576,6,1,0,0,3,0,66,186,98,0,0,0,0,0,0,0,0,0,87,0,0,0,2,4,55,1,5,2,2,0,0,1,12,99,4,6,66,1,0
13,130694,2,2,5,30,8,17,49,12,6,1,0,13,2,20,431,20431,16,2001,1GNEK13T21R1,1,G,N,E,K,1,3,T,2,1,R,1,0,0,0,000000000,00000000000,0,0,0,1,0,0,0,0,0,0,0,998,0,0,0,12,6,2,12,0,0,0,1,22,30576,6,1,0,0,3,0,65,125,0,0,0,0,0,0,0,0,0,0,0,0,0,0,2,4,55,1,5,2,2,0,0,1,62,99,1,1,66,0,0
13,130695,1,4,3,31,8,19,39,12,1,1,0,13,6,37,32,37032,4,1993,1HGCB7671PA0,1,H,G,C,B,7,6,7,1,P,A,0,0,0,0,000000000,00000000000,0,0,0,1,0,0,0,0,0,0,0,0,0,0,0,6,6,2,12,0,0,0,0,0,99997,7,6,97,7,6,7,998,997,998,998,998,998,998,98,9998,98,9998,8,54,0,0,0,3,6,65,1,2,2,1,0,0,0,53,0,0,0,32,1,0
13,130695,2,4,1,31,8,19,39,12,1,1,0,13,1,2,403,2403,14,2008,1J4GA59168L5,1,J,4,G,A,5,9,1,6,8,L,5,0,0,0,000000000,00000000000,0,0,0,1,0,0,0,0,0,0,0,998,0,1,1,12,6,2,12,0,0,0,1,13,30178,6,1,6,0,3,0,74,330,98,0,0,0,0,0,0,0,0,0,84,0,0,0,3,6,65,1,2,2,1,0,0,1,50,98,1,1,32,0,0
13,130695,3,4,1,31,8,19,39,12,1,1,0,13,1,12,32,12032,4,2013,3FADP4BJ7DM2,3,F,A,D,P,4,B,J,7,D,M,2,0,0,0,000000000,00000000000,0,0,0,1,0,0,0,0,0,0,0,998,0,0,0,98,4,3,12,0,0,0,1,13,30114,6,1,0,0,3,0,63,160,98,0,0,0,0,0,0,0,0,0,0,0,0,0,3,6,65,1,2,2,1,0,0,1,78,99,1,1,98,0,0
13,130695,4,4,2,31,8,19,39,12,1,1,0,13,4,35,47,35047,4,9999,1N4AL3AP1FN3,1,N,4,A,L,3,A,P,1,F,N,3,0,0,0,000000000,00000000000,0,0,0,1,0,0,0,0,0,0,0,998,0,0,0,12,4,3,12,0,0,0,1,13,30342,6,1,0,0,3,0,66,156,98,0,0,0,0,0,0,0,0,0,0,0,0,0,3,6,65,1,2,2,1,0,0,1,59,99,1,1,98,0,0
13,130696,1,1,1,31,8,4,26,24,0,1,0,13,2,55,33,55033,4,2011,5NPEC4AC1BH0,5,N,P,E,C,4,A,C,1,B,H,0,0,0,0,000000000,00000000000,0,0,0,1,0,0,0,0,0,0,0,998,0,1,5,1,6,2,1,0,0,0,1,13,31326,6,2,0,0,3,1,64,200,98,0,0,0,0,0,0,0,0,0,0,0,0,0,2,4,45,3,6,2,1,0,0,1,13,6,1,4,1,1,0
13,130697,1,1,1,31,8,17,15,30,0,1,0,13,1,12,16,12016,4,2003,2FAFP74W83X1,2,F,A,F,P,7,4,W,8,3,X,1,0,0,0,000000000,00000000000,0,0,0,1,0,0,0,0,0,0,0,998,0,0,0,12,6,2,30,0,0,0,1,13,31329,6,1,0,0,3,3,64,140,98,0,0,0,0,0,0,0,0,0,0,0,0,0,1,3,35,3,1,2,1,0,0,14,13,99,1,4,1,1,0
13,130698,1,2,1,31,8,4,44,12,2,1,0,13,2,35,443,35443,20,2006,5N1BV28U46N1,5,N,1,B,V,2,8,U,4,6,N,1,0,0,0,000000000,00000000000,0,0,0,1,0,0,0,0,0,0,0,998,0,0,0,12,6,2,12,0,0,0,1,13,30311,6,1,0,0,3,0,64,165,98,0,0,0,0,0,0,0,0,0,38,0,0,0,1,3,35,1,1,2,1,0,0,11,15,99,1,1,74,0,1
13,130698,2,2,2,31,8,4,44,12,2,1,0,13,2,39,36,39036,4,2003,SAJEA51C83WD,S,A,J,E,A,5,1,C,8,3,W,D,0,0,0,000000000,00000000000,0,0,0,1,0,0,0,0,0,0,0,998,0,0,0,12,6,2,12,0,0,0,1,13,30318,0,0,0,0,0,0,66,280,98,0,0,0,0,0,0,0,0,0,0,0,0,0,1,3,35,1,1,2,1,0,0,1,62,99,1,1,74,1,1
13,130699,1,1,1,31,8,18,6,32,0,1,0,13,1,41,50,41050,4,2004,1YVHP80D845N,1,Y,V,H,P,8,0,D,8,4,5,N,0,0,0,000000000,00000000000,0,0,0,1,0,0,0,0,0,0,0,998,0,0,0,12,6,2,32,0,0,0,1,13,30705,6,1,0,0,3,0,62,125,98,1,0,1,0,2,2012,2,2012,0,0,0,0,0,1,2,55,3,5,2,1,0,0,14,13,99,1,4,1,1,0
13,130700,1,1,1,1,9,2,6,42,0,1,0,13,2,20,401,20401,14,2002,1GNDT13S5224,1,G,N,D,T,1,3,S,5,2,2,4,0,0,0,000000000,00000000000,0,0,0,1,0,0,0,0,0,0,0,998,0,0,0,12,6,2,42,0,0,0,1,13,30047,6,1,0,0,3,0,72,180,98,0,0,0,0,0,0,0,0,5,0,0,0,0,1,2,40,3,2,2,1,0,0,14,13,99,1,4,1,1,0
13,130701,1,1,2,1,9,11,28,9,0,1,0,13,2,58,37,58037,4,2004,JNKCV51E64M1,J,N,K,C,V,5,1,E,6,4,M,1,0,0,0,000000000,00000000000,0,0,0,1,0,0,0,0,0,0,0,998,0,0,0,12,6,2,9,0,0,0,1,13,30138,6,2,0,0,3,0,64,94,98,0,0,0,0,0,0,0,0,0,0,0,0,0,1,2,35,1,1,2,1,0,0,1,80,1,1,1,13,0,0
13,130702,1,2,1,2,9,17,17,12,1,1,0,13,1,18,5,18005,2,1996,1G4GD2213T47,1,G,4,G,D,2,2,1,3,T,4,7,0,0,0,000000000,00000000000,0,0,0,1,0,0,0,0,0,0,0,998,0,0,0,12,6,2,12,0,0,0,1,13,30120,6,1,0,0,3,0,65,145,98,0,0,0,0,0,0,0,0,0,99,99,99,99,1,2,45,1,5,2,1,0,0,1,13,99,9,4,32,1,0
13,130702,2,2,1,2,9,17,17,12,1,1,0,0,0,98,998,98998,92,9999,000000000000,0,0,0,0,0,0,0,0,0,0,0,0,0,0,0,000000000,00000000000,0,0,0,1,0,0,0,0,0,0,0,998,0,0,0,6,6,8,12,0,0,0,1,13,30120,6,1,0,0,1,0,73,210,98,2,0,0,2,6,2013,1,2014,0,29,0,0,0,1,2,45,1,5,2,1,0,0,1,98,99,9,5,32,1,0
13,130703,1,2,1,2,9,9,3,12,11,1,0,93,3,86,881,86881,66,2007,1M1AK06Y67N0,1,M,1,A,K,0,6,Y,6,7,N,0,1,1,57,1345873,571345873,3,6,3,1,0,0,0,0,0,0,0,998,0,0,0,7,2,3,12,0,0,0,1,13,30263,6,1,6,0,3,0,74,195,98,0,0,0,1,9,2011,9,2011,0,48,0,0,0,1,4,35,1,2,1,1,3,3,12,53,99,1,2,98,0,0
13,130703,2,2,1,2,9,9,3,12,11,1,0,13,1,72,706,72706,80,2013,1HD1KHM19DB6,1,H,D,1,K,H,M,1,9,D,B,6,0,0,0,000000000,00000000000,0,0,0,1,0,0,0,0,0,0,0,998,0,0,0,4,4,3,12,0,0,0,1,13,30058,6,1,0,0,3,0,71,195,98,0,0,0,0,0,0,0,0,3,0,0,0,0,1,4,35,1,2,1,1,3,3,1,17,3,2,3,98,1,0
13,130704,1,1,3,2,9,7,46,34,0,1,0,13,2,14,17,14017,4,1998,1MEFM53S1WA6,1,M,E,F,M,5,3,S,1,W,A,6,0,0,0,000000000,00000000000,0,0,0,1,0,0,0,0,0,0,0,998,0,1,5,12,6,2,35,0,0,0,1,13,30125,6,2,0,0,3,0,67,150,98,0,0,0,0,0,0,0,0,0,58,0,0,0,1,9,35,4,2,2,1,0,0,14,73,7,5,4,7,1,0
13,130705,1,2,2,3,9,17,45,12,6,1,0,13,1,7,442,7442,20,2005,1D4GP45R55B3,1,D,4,G,P,4,5,R,5,5,B,3,0,0,0,000000000,00000000000,0,0,0,1,0,0,0,0,0,0,0,998,0,0,0,10,6,2,12,0,0,0,1,13,30530,6,1,0,0,3,0,69,220,98,0,0,0,0,0,0,0,0,0,38,0,0,0,5,5,45,1,1,2,1,20,3,11,15,99,9,7,82,1,0
13,130705,2,2,1,3,9,17,45,12,6,1,0,13,1,37,32,37032,4,1998,1HGCG5540WA0,1,H,G,C,G,5,5,4,0,W,A,0,0,0,0,000000000,00000000000,0,0,0,1,0,0,0,0,0,0,0,998,0,0,0,12,6,2,12,0,0,0,1,13,30530,6,1,0,0,3,0,61,150,98,1,0,1,0,10,2011,2,2012,0,0,0,0,0,5,5,45,1,1,2,1,0,0,1,72,99,9,1,83,0,0
13,130706,1,2,1,3,9,10,55,12,1,1,0,13,1,86,881,86881,63,1984,1M2N187Y1EA0,1,M,2,N,1,8,7,Y,1,E,A,0,0,0,57,1252933,571252933,3,2,4,1,0,0,0,0,0,0,0,998,0,1,5,12,6,2,12,0,0,0,1,13,31078,6,1,6,0,3,0,67,200,98,0,0,0,0,0,0,0,0,0,0,0,0,0,5,5,45,1,1,2,1,0,0,1,61,99,9,1,28,0,0
13,130706,2,2,2,3,9,10,55,12,1,1,0,13,1,35,47,35047,4,2012,1N4AL2AP7CC1,1,N,4,A,L,2,A,P,7,C,C,1,0,0,0,000000000,00000000000,0,0,0,1,0,0,0,0,0,0,0,998,0,0,0,6,6,2,12,0,0,0,1,13,31216,6,1,0,0,3,0,63,170,98,0,0,0,0,0,0,0,0,0,38,27,0,0,5,5,45,1,1,2,1,0,0,2,53,99,9,2,30,1,0
13,130707,1,1,1,3,9,14,28,33,0,1,0,92,0,37,702,37702,88,2000,JH2HE0303YK9,J,H,2,H,E,0,3,0,3,Y,K,9,0,0,0,000000000,00000000000,0,0,0,1,0,0,0,0,0,0,0,998,0,0,0,12,6,2,1,0,0,0,1,13,30135,0,0,0,0,0,0,999,999,98,0,0,0,0,0,0,0,0,4,0,0,0,0,1,2,45,3,5,2,1,0,0,14,13,99,9,4,1,1,0
13,130708,1,1,1,3,9,22,51,14,0,1,0,13,1,13,1,13001,4,2008,2LNHM85V88X6,2,L,N,H,M,8,5,V,8,8,X,6,0,0,0,000000000,00000000000,0,0,0,1,0,0,0,0,0,0,0,998,0,0,0,12,6,2,42,0,0,0,1,13,30324,6,1,0,0,3,3,71,190,98,1,0,1,0,7,2013,7,2013,0,99,99,99,99,1,2,25,1,1,1,1,0,0,1,13,99,9,4,5,1,0
13,130709,1,2,1,3,9,16,30,12,6,1,0,13,1,20,481,20481,31,2000,1GCEK19T0YE2,1,G,C,E,K,1,9,T,0,Y,E,2,0,0,0,000000000,00000000000,0,0,0,1,0,0,0,0,0,0,0,998,0,0,0,12,6,2,12,0,0,0,1,13,30527,6,1,6,0,3,0,70,210,98,0,0,0,0,0,0,0,0,0,39,36,0,0,3,2,45,1,1,2,1,3,3,1,17,99,9,1,69,1,1
13,130709,2,2,1,3,9,16,30,12,6,1,0,13,3,82,881,82881,63,1994,1FUYDXYB9RH5,1,F,U,Y,D,X,Y,B,9,R,H,5,0,0,5,7836286,057836286,3,1,1,1,0,0,0,0,0,0,0,998,0,0,0,1,6,2,12,0,0,0,1,13,30531,6,1,6,0,3,3,70,231,98,0,0,0,0,0,0,0,0,0,0,0,0,0,3,2,45,1,1,2,1,3,3,11,15,99,9,1,68,0,0
13,130710,1,2,1,3,9,18,0,12,6,1,0,13,1,6,52,6052,6,2004,3C4FY58B54T2,3,C,4,F,Y,5,8,B,5,4,T,2,0,0,0,000000000,00000000000,0,0,0,1,0,0,0,0,0,0,0,998,0,1,5,2,6,2,12,0,0,0,1,13,31601,6,1,0,0,3,0,65,150,98,0,0,0,0,0,0,0,0,4,28,0,0,0,1,2,55,1,1,2,2,0,0,1,10,99,4,2,64,1,0
13,130710,2,2,1,3,9,18,0,12,6,1,0,13,2,20,7,20007,10,1979,1W80M9D51918,1,W,8,0,M,9,D,5,1,9,1,8,0,0,0,000000000,00000000000,0,0,0,1,0,0,0,0,0,0,0,998,0,0,0,12,6,2,12,0,0,0,1,13,31601,6,1,0,0,3,0,67,145,98,1,0,0,0,9,2011,9,2011,0,0,0,0,0,1,2,55,1,1,2,2,0,0,1,62,3,2,1,65,1,0
13,130711,1,1,1,17,9,10,53,42,0,1,0,13,2,41,45,41045,1,1991,JM1NA3510M02,J,M,1,N,A,3,5,1,0,M,0,2,0,0,0,000000000,00000000000,0,0,0,1,0,0,0,0,0,0,0,998,0,0,0,9,6,2,42,0,0,0,1,13,30171,6,1,0,0,3,0,68,160,98,0,0,0,0,0,0,0,0,0,99,99,99,99,3,3,65,1,1,1,1,0,0,1,12,99,1,4,6,1,0
13,130712,1,1,1,4,9,0,53,8,0,1,1,13,1,12,481,12481,31,2006,1FTRX12W06NA,1,F,T,R,X,1,2,W,0,6,N,A,0,0,0,000000000,00000000000,0,0,0,1,0,0,0,0,0,0,0,998,0,0,0,12,4,5,8,0,0,0,1,13,31716,6,1,0,0,3,0,75,160,98,4,0,0,0,2,2012,3,2013,0,91,0,0,0,1,2,55,1,1,2,1,0,0,1,80,99,9,1,13,0,1
13,130713,1,1,1,4,9,10,46,42,0,1,0,13,1,35,471,35471,30,1990,1N6HD16S8LC4,1,N,6,H,D,1,6,S,8,L,C,4,0,0,0,000000000,00000000000,0,0,0,1,0,0,0,0,0,0,0,998,0,0,0,12,6,2,42,32,0,0,1,13,30683,6,1,0,0,3,3,65,285,98,0,0,1,0,4,2012,4,2012,0,0,0,0,0,1,2,35,2,6,2,1,0,0,14,12,99,1,4,6,1,0
13,130714,1,1,1,5,9,10,46,34,0,1,0,13,2,20,401,20401,14,2002,1GNES16S1261,1,G,N,E,S,1,6,S,1,2,6,1,0,0,0,000000000,00000000000,0,0,0,1,0,0,0,0,0,0,0,998,0,1,5,12,6,2,1,0,0,0,1,13,30511,6,1,0,0,3,0,65,165,98,2,0,1,0,2,2012,4,2013,0,0,0,0,0,1,2,35,3,5,2,1,0,0,14,13,6,4,4,2,1,1
13,130715,1,1,1,5,9,20,25,19,0,1,0,13,1,20,481,20481,31,2011,1GCRCPEX2BZ1,1,G,C,R,C,P,E,X,2,B,Z,1,0,0,0,000000000,00000000000,0,0,0,1,0,0,0,0,0,0,0,998,0,0,0,12,6,2,19,0,0,0,1,13,30805,6,1,0,0,3,3,70,245,98,0,0,0,0,0,0,0,0,0,0,0,0,0,1,2,25,1,1,5,1,0,0,1,12,99,1,4,6,1,0
13,130716,1,1,1,6,9,19,29,9,0,1,1,13,2,20,421,20421,15,2013,1GNSCAE05DR3,1,G,N,S,C,A,E,0,5,D,R,3,0,0,0,000000000,00000000000,0,0,0,1,0,0,0,0,0,0,0,998,0,0,0,12,4,3,9,0,0,0,1,13,31326,6,1,0,0,3,0,64,165,98,0,0,2,0,2,2014,6,2014,0,0,0,0,0,2,2,55,1,1,2,1,0,0,1,13,99,9,4,13,0,1
13,130717,1,1,2,6,9,7,17,1,0,1,0,13,2,53,706,53706,80,2006,JS1GT76A7621,J,S,1,G,T,7,6,A,7,6,2,1,0,0,0,000000000,00000000000,0,0,0,1,0,0,0,0,0,0,0,998,0,0,0,0,6,2,1,0,0,0,1,13,30501,6,1,6,0,3,0,67,175,98,2,0,0,2,12,2011,8,2014,3,0,0,0,0,2,2,65,2,6,1,1,0,0,14,12,99,9,4,7,2,1
13,130718,1,1,1,6,9,22,5,42,0,1,0,92,0,20,401,20401,14,2000,1GNCS13W0Y23,1,G,N,C,S,1,3,W,0,Y,2,3,0,0,0,000000000,00000000000,0,0,0,1,0,0,0,0,0,0,0,998,0,0,0,11,6,2,42,0,0,0,1,13,31773,1,1,0,0,2,0,66,210,98,3,0,0,0,4,2013,9,2014,0,27,0,0,0,2,2,65,2,1,2,2,0,0,14,12,7,3,4,2,1,0
13,130719,1,2,1,7,9,16,1,12,6,1,0,13,1,72,706,72706,80,2002,1HD1FDV172Y6,1,H,D,1,F,D,V,1,7,2,Y,6,0,0,0,000000000,00000000000,0,0,0,1,0,0,0,0,0,0,0,998,0,0,0,8,6,2,12,0,0,0,1,13,30132,6,1,6,0,3,0,67,240,98,1,0,0,1,9,2011,10,2011,0,38,0,0,0,1,2,55,3,5,2,1,0,0,16,53,99,9,7,84,1,0
13,130719,2,2,1,7,9,16,1,12,6,1,0,13,1,19,3,19003,2,1940,000000000000,0,0,0,0,0,0,0,0,0,0,0,0,0,0,0,000000000,00000000000,0,0,0,1,0,0,0,0,0,0,0,998,0,0,0,12,6,2,12,0,0,0,1,13,30122,6,1,0,0,3,3,71,205,98,0,0,0,1,10,2013,10,2013,0,0,0,0,0,1,2,55,3,5,2,1,0,0,14,70,99,9,1,84,0,0
13,130720,1,3,1,7,9,15,45,12,7,1,0,13,2,12,17,12017,4,2001,1FAHP56S81A2,1,F,A,H,P,5,6,S,8,1,A,2,0,0,0,000000000,00000000000,0,0,0,1,0,0,0,0,0,0,0,998,0,0,0,3,4,5,12,0,0,0,1,13,31326,6,2,0,0,3,0,71,170,98,0,0,0,0,0,0,0,0,0,28,0,0,0,1,2,55,3,6,2,1,0,0,6,10,7,9,2,46,0,0
13,130720,2,3,2,7,9,15,45,12,7,1,0,13,2,7,482,7482,31,2006,1D7HA18266S6,1,D,7,H,A,1,8,2,6,6,S,6,0,0,0,000000000,00000000000,0,0,0,1,0,0,0,0,0,0,0,998,0,1,1,9,6,2,12,0,0,0,1,13,31329,6,1,0,0,3,0,66,97,98,0,0,0,0,0,0,0,0,0,99,99,99,99,1,2,55,3,6,2,1,0,0,14,60,99,9,1,45,1,0
13,130720,3,3,2,7,9,15,45,12,7,1,0,13,1,20,423,20423,15,2013,1GNKRGKD6DJ2,1,G,N,K,R,G,K,D,6,D,J,2,0,0,0,000000000,00000000000,0,0,0,1,0,0,0,0,0,0,0,998,0,1,5,12,6,2,12,0,0,0,1,13,31326,6,1,0,0,3,0,68,120,98,0,0,0,0,0,0,0,0,0,0,0,0,0,1,2,55,1,5,2,1,0,0,1,62,99,9,1,98,2,0
13,130721,1,1,1,7,9,18,25,1,0,1,0,12,1,53,706,53706,80,2005,JS1VS56A5521,J,S,1,V,S,5,6,A,5,5,2,1,0,0,0,000000000,00000000000,0,0,0,1,0,0,0,0,0,0,0,998,0,0,0,0,6,2,42,0,0,0,1,12,33830,6,1,0,0,3,0,70,999,0,0,0,0,1,3,2013,3,2013,3,36,37,0,0,1,2,55,3,4,2,1,0,0,14,13,99,9,4,2,1,1
13,130722,1,1,1,7,9,17,45,8,0,1,1,99,9,99,999,99999,99,9999,999999999999,9,9,9,9,9,9,9,9,9,9,9,9,0,0,0,000000000,00000000000,0,0,0,1,0,0,0,0,0,0,0,998,0,0,0,99,9,5,8,0,0,0,1,99,99999,9,9,99,9,9,9,999,999,99,99,99,99,99,99,9999,99,9999,9,99,99,99,99,1,2,55,1,9,9,2,0,0,99,99,99,9,9,13,0,0
13,130723,1,2,1,8,9,18,14,12,6,1,0,99,9,51,881,51881,66,2012,4V4NC9EG2DN1,4,V,4,N,C,9,E,G,2,D,N,1,1,1,57,859115,57859115,3,6,1,1,0,0,0,0,0,0,0,998,7,0,0,12,2,3,12,0,0,0,1,13,31093,6,1,6,0,3,0,69,200,98,0,0,0,0,0,0,0,0,0,39,0,0,0,1,2,25,1,1,2,1,20,3,1,66,99,9,1,88,0,0
13,130723,2,2,1,8,9,18,14,12,6,1,0,0,0,98,709,98709,81,2013,000000000000,0,0,0,0,0,0,0,0,0,0,0,0,0,0,0,000000000,00000000000,0,0,0,1,0,0,0,0,0,0,0,998,0,0,0,9,6,2,12,0,0,0,1,13,31030,1,1,0,0,1,0,66,130,98,0,0,0,0,0,0,0,0,0,0,0,0,0,1,2,35,1,1,2,1,0,0,1,17,99,9,1,89,1,0