STATE,ST_CASE,VEH_NO,VE_FORMS,NUMOCCS,DAY,MONTH,HOUR,MINUTE,HARM_EV,MAN_COLL,UNITTYPE,HIT_RUN,REG_STAT,OWNER,MAKE,MODEL,MAK_MOD,BODY_TYP,MOD_YEAR,VIN,VIN_1,VIN_2,VIN_3,VIN_4,VIN_5,VIN_6,VIN_7,VIN_8,VIN_9,VIN_10,VIN_11,VIN_12,TOW_VEH,J_KNIFE,MCARR_I1,MCARR_I2,MCARR_ID,GVWR,V_CONFIG,CARGO_BT,HAZ_INV,HAZ_PLAC,HAZ_ID,HAZ_CNO,HAZ_REL,BUS_USE,SPEC_USE,EMER_USE,TRAV_SP,UNDERIDE,ROLLOVER,ROLINLOC,IMPACT1,DEFORMED,TOWED,M_HARM,VEH_SC1,VEH_SC2,FIRE_EXP,DR_PRES,L_STATE,DR_ZIP,L_STATUS,L_TYPE,CDL_STAT,L_ENDORS,L_COMPL,L_RESTRI,DR_HGT,DR_WGT,PREV_ACC,PREV_SUS,PREV_DWI,PREV_SPD,PREV_OTH,FIRST_MO,FIRST_YR,LAST_MO,LAST_YR,SPEEDREL,DR_SF1,DR_SF2,DR_SF3,DR_SF4,VTRAFWAY,VNUM_LAN,VSPD_LIM,VALIGN,VPROFILE,VPAVETYP,VSURCOND,VTRAFCON,VTCONT_F,P_CRASH1,P_CRASH2,P_CRASH3,PCRASH4,PCRASH5,ACC_TYPE,DEATHS,DR_DRINK
13,130829,1,2,1,10,10,21,40,12,1,1,0,13,1,53,706,53706,80,2005,JS1VS55A9521,J,S,1,V,S,5,5,A,9,5,2,1,0,0,0,000000000,00000000000,0,0,0,1,0,0,0,0,0,0,0,998,0,0,0,12,6,2,1,0,0,0,1,13,30528,6,1,0,0,3,3,69,180,98,0,0,1,0,9,2013,9,2013,0,26,35,0,0,1,2,55,1,1,2,1,0,0,6,51,99,9,2,32,1,0
13,130829,2,2,1,10,10,21,40,12,1,1,0,13,2,23,401,23401,14,1995,1GKDT13W5S25,1,G,K,D,T,1,3,W,5,S,2,5,0,0,0,000000000,00000000000,0,0,0,1,0,0,0,0,0,0,0,998,0,0,0,6,2,5,12,0,0,0,1,13,30534,6,1,0,0,3,3,64,140,98,0,0,0,0,0,0,0,0,0,0,0,0,0,1,2,55,1,1,2,1,0,0,6,53,99,1,2,32,0,0
13,130830,1,2,1,10,10,18,40,12,6,1,0,13,2,12,471,12471,30,2002,1FTYR14V52PB,1,F,T,Y,R,1,4,V,5,2,P,B,0,0,0,000000000,00000000000,0,0,0,1,0,0,0,0,0,0,0,998,0,0,0,12,6,2,12,0,0,0,1,13,30547,6,2,0,0,3,3,69,112,98,0,0,1,0,1,2014,1,2014,0,39,0,0,0,1,2,55,1,1,2,1,20,3,1,17,1,1,1,86,1,0
13,130830,2,2,1,10,10,18,40,12,6,1,0,13,2,20,421,20421,15,2005,1GNEK13T95R1,1,G,N,E,K,1,3,T,9,5,R,1,0,0,0,000000000,00000000000,0,0,0,1,0,0,0,0,0,0,0,998,0,0,0,4,6,2,12,0,0,0,1,13,30016,6,1,0,0,3,0,72,200,98,0,0,0,0,0,0,0,0,0,0,0,0,0,1,2,55,1,1,2,1,0,0,1,17,99,9,1,87,0,0
13,130831,1,1,2,11,10,23,35,8,0,1,0,13,1,12,401,12401,14,2001,1FMZU62EX1ZA,1,F,M,Z,U,6,2,E,X,1,Z,A,0,0,0,000000000,00000000000,0,0,0,1,0,0,0,0,0,0,0,998,0,0,0,12,4,3,8,0,0,0,1,13,31044,6,1,0,0,3,0,66,278,98,0,0,0,0,0,0,0,0,0,0,0,0,0,5,5,45,1,2,2,1,0,0,1,80,7,1,1,13,0,0
13,130832,1,1,1,11,10,20,45,8,0,1,0,92,0,12,481,12481,31,2000,1FTRX17WXYKA,1,F,T,R,X,1,7,W,X,Y,K,A,0,0,0,000000000,00000000000,0,0,0,1,0,0,0,0,0,0,0,998,0,0,0,12,4,5,8,0,0,0,1,13,30108,6,1,0,0,3,0,64,121,98,0,0,0,0,0,0,0,0,0,0,0,0,0,1,2,55,1,1,2,1,0,0,1,80,99,9,1,13,0,0
13,130833,1,1,1,11,10,5,54,11,0,1,0,13,2,9,19,9019,4,1993,3P3XA4637PT6,3,P,3,X,A,4,6,3,7,P,T,6,0,0,0,000000000,00000000000,0,0,0,1,0,0,0,0,0,0,0,998,0,0,0,12,6,2,11,0,0,0,1,13,30113,6,1,6,0,3,3,72,204,98,0,0,0,0,0,0,0,0,0,0,0,0,0,1,2,55,1,6,2,1,0,0,1,87,99,9,1,13,1,0
13,130834,1,2,1,12,10,8,38,12,2,1,0,12,1,6,43,6043,1,1996,3C3EL55H0TT2,3,C,3,E,L,5,5,H,0,T,T,2,0,0,0,000000000,00000000000,0,0,0,1,0,0,0,0,0,0,0,998,0,0,0,12,6,2,12,0,0,0,1,12,33973,6,1,0,0,3,0,68,999,0,1,0,0,0,1,2013,1,2013,0,28,0,0,0,1,2,45,1,1,2,2,0,0,1,10,99,9,2,50,1,0
13,130834,2,2,5,12,10,8,38,12,2,1,0,13,3,98,981,98981,52,2004,5FYD2GV174U0,5,F,Y,D,2,G,V,1,7,4,U,0,0,0,57,2338,572338,3,21,22,1,0,0,0,0,6,3,0,998,0,0,0,12,6,2,12,0,0,0,1,13,30297,6,1,6,1,3,0,67,200,98,0,0,0,1,7,2012,7,2012,0,0,0,0,0,1,2,45,1,1,2,2,0,0,1,62,99,9,1,51,0,0
13,130835,1,1,2,12,10,19,50,42,0,1,0,4,3,23,461,23461,21,2010,1GD1G2AA6A19,1,G,D,1,G,2,A,A,6,A,1,9,0,0,0,000000000,00000000000,0,0,0,1,0,0,0,0,0,0,0,998,0,0,0,1,6,2,42,0,0,0,1,13,30646,1,1,0,0,2,0,66,237,98,1,0,1,1,4,2012,8,2014,0,91,0,0,0,1,2,55,1,1,2,1,0,0,1,13,99,9,4,1,1,0
13,130836,1,1,1,12,10,13,0,35,0,1,0,13,2,12,481,12481,31,2000,3FTZF1724YMA,3,F,T,Z,F,1,7,2,4,Y,M,A,0,0,0,000000000,00000000000,0,0,0,1,0,0,0,0,0,0,0,998,0,1,5,14,6,2,42,0,0,0,1,13,39897,6,1,0,0,3,0,77,206,98,0,0,0,0,0,0,0,0,0,0,0,0,0,1,2,55,1,1,2,1,0,0,1,12,7,3,4,2,1,1
13,130837,1,2,1,13,10,13,46,12,1,1,0,13,1,6,421,6421,15,2007,1A8HX58217F5,1,A,8,H,X,5,8,2,1,7,F,5,0,0,0,000000000,00000000000,0,0,0,1,0,0,0,0,0,0,0,998,9,0,0,12,6,2,12,0,0,0,1,13,30097,6,1,0,0,3,0,75,240,98,1,0,1,1,11,2013,1,2014,0,26,0,0,0,3,4,65,1,1,1,1,0,0,1,50,7,9,2,20,1,0
13,130837,2,2,2,13,10,13,46,12,1,1,0,93,3,82,881,82881,66,1999,1FUYDSEB9XDA,1,F,U,Y,D,S,E,B,9,X,D,A,1,1,47,2206164,472206164,3,6,1,1,0,0,0,0,0,0,0,0,0,0,0,6,4,5,12,0,0,0,1,47,37354,6,1,6,0,3,0,68,220,0,0,0,0,0,0,0,0,0,0,0,0,0,0,3,4,65,1,1,1,1,0,0,5,53,1,1,1,21,0,0
13,130838,1,1,1,13,10,22,33,8,0,1,0,13,1,37,31,37031,2,1997,2HGEJ6442VH1,2,H,G,E,J,6,4,4,2,V,H,1,0,0,0,000000000,00000000000,0,0,0,1,0,0,0,0,0,0,0,998,0,0,0,12,6,2,8,0,0,0,1,13,31088,6,1,0,0,3,3,70,175,98,0,0,0,0,0,0,0,0,0,0,0,0,0,5,5,45,1,1,2,1,0,0,1,80,3,2,1,13,0,0
13,130839,1,1,1,13,10,1,52,25,0,1,0,13,1,72,706,72706,80,2000,1HD1FDV18YY6,1,H,D,1,F,D,V,1,8,Y,Y,6,0,0,0,000000000,00000000000,0,0,0,1,0,0,0,0,0,0,0,998,0,0,0,12,6,2,1,0,0,0,1,13,30907,6,1,6,0,2,0,70,185,98,0,0,0,0,0,0,0,0,0,0,0,0,0,3,2,45,3,1,2,1,3,3,14,12,99,1,4,6,1,1
13,130840,1,1,2,13,10,1,43,8,0,1,0,13,1,20,2,20002,4,2002,2G1WH55KX292,2,G,1,W,H,5,5,K,X,2,9,2,0,0,0,000000000,00000000000,0,0,0,1,0,0,0,0,0,0,0,998,0,0,0,12,4,5,8,0,0,0,1,13,30906,6,1,0,0,3,3,66,225,98,2,0,3,0,7,2012,9,2013,0,0,0,0,0,1,2,40,1,2,2,1,3,3,1,80,1,1,1,13,0,0
13,130841,1,1,3,14,10,22,1,1,0,1,0,13,2,12,401,12401,14,1996,1FMDU34X3TMA,1,F,M,D,U,3,4,X,3,T,M,A,0,0,0,000000000,00000000000,0,0,0,1,0,0,0,0,0,0,0,998,0,2,1,0,6,2,1,0,0,0,1,13,30286,0,0,0,0,0,0,81,250,98,4,1,0,0,12,2011,3,2012,3,99,99,99,99,3,9,55,1,1,2,1,0,0,1,9,7,3,2,98,1,0
13,130842,1,1,2,14,10,12,58,24,0,1,0,13,2,12,481,12481,31,2002,1FTRX17W62NB,1,F,T,R,X,1,7,W,6,2,N,B,0,0,0,000000000,00000000000,0,0,0,1,0,0,0,0,0,0,0,998,0,1,6,9,6,2,1,0,0,0,1,13,30076,6,1,0,0,3,3,73,185,98,0,0,0,1,9,2014,9,2014,4,87,0,0,0,3,4,55,1,2,1,2,0,0,1,6,6,4,4,7,1,0
13,130843,1,1,1,14,10,9,10,42,0,1,0,13,1,12,3,12003,2,2004,1FAFP42X64F1,1,F,A,F,P,4,2,X,6,4,F,1,0,0,0,000000000,00000000000,0,0,0,1,0,0,0,0,0,0,0,998,0,0,0,9,6,2,42,0,0,0,1,13,30263,6,1,6,0,3,0,61,150,98,0,0,0,0,0,0,0,0,4,0,0,0,0,3,2,70,1,6,2,2,28,3,1,6,99,3,4,2,1,0
13,130844,1,2,1,14,10,19,37,12,6,1,0,13,1,53,709,53709,80,2002,JS1GN7BA2221,J,S,1,G,N,7,B,A,2,2,2,1,0,0,0,000000000,00000000000,0,0,0,1,0,0,0,0,0,0,0,998,0,0,0,12,6,2,12,0,0,0,1,13,30252,6,1,0,0,3,0,72,170,98,1,0,1,1,12,2011,1,2013,4,0,0,0,0,1,2,45,1,1,2,1,0,0,1,17,99,1,1,69,1,0
13,130844,2,2,3,14,10,19,37,12,6,1,0,47,4,49,46,49046,5,2014,JTDKN3DU3E03,J,T,D,K,N,3,D,U,3,E,0,3,0,0,0,000000000,00000000000,0,0,0,1,0,0,0,0,0,0,0,998,0,0,0,11,4,3,12,0,0,0,1,13,30253,6,1,0,0,3,0,69,150,98,0,0,0,1,6,2013,6,2013,0,0,0,0,0,1,2,45,1,1,2,1,0,0,11,15,99,1,1,68,0,0
13,130845,1,2,1,14,10,10,24,12,6,1,0,13,2,35,47,35047,4,2002,1N4AL11D42C1,1,N,4,A,L,1,1,D,4,2,C,1,0,0,0,000000000,00000000000,0,0,0,1,0,0,0,0,0,0,0,998,0,0,0,9,6,2,12,0,0,0,1,13,30426,0,0,0,0,0,0,999,999,98,0,0,0,0,0,0,0,0,0,0,0,0,0,1,2,55,1,1,2,1,0,0,1,66,99,1,1,89,1,0
13,130845,2,2,3,14,10,10,24,12,6,1,0,13,1,41,50,41050,4,2006,1YVFP80C365M,1,Y,V,F,P,8,0,C,3,6,5,M,0,0,0,000000000,00000000000,0,0,0,1,0,0,0,0,0,0,0,998,0,0,0,12,6,2,12,0,0,0,1,13,31539,6,1,0,0,3,3,65,200,98,0,0,0,0,0,0,0,0,0,39,0,0,0,1,2,55,1,1,2,1,20,3,1,17,99,1,1,88,0,0
13,130846,1,1,2,14,10,15,50,42,0,1,0,13,2,2,404,2404,14,2002,1J4GW48S32C1,1,J,4,G,W,4,8,S,3,2,C,1,0,0,0,000000000,00000000000,0,0,0,1,0,0,0,0,0,0,0,998,0,0,0,12,6,2,42,0,0,0,1,13,31002,6,2,0,0,3,0,62,136,98,0,0,0,0,0,0,0,0,0,0,0,0,0,1,2,55,2,1,2,2,28,3,14,12,7,1,4,1,1,0
13,130847,1,2,1,14,10,12,6,12,6,1,0,13,1,49,32,49032,4,2013,5YFBU4EE0DP2,5,Y,F,B,U,4,E,E,0,D,P,2,0,0,0,000000000,00000000000,0,0,0,1,0,0,0,0,0,0,0,998,0,0,0,9,6,2,12,0,0,0,1,13,30809,6,1,0,0,3,0,67,125,98,0,0,0,0,0,0,0,0,0,0,0,0,0,1,3,55,1,1,2,2,28,3,12,98,99,1,2,98,1,0
13,130847,2,2,1,14,10,12,6,12,6,1,0,93,1,87,884,87884,66,1984,1XP9DB9X2EN1,1,X,P,9,D,B,9,X,2,E,N,1,1,1,57,539402,57539402,3,6,1,1,0,0,0,0,0,0,0,998,0,0,0,12,6,2,12,0,0,0,1,13,30233,6,1,6,0,3,1,69,165,98,0,0,0,0,0,0,0,0,0,0,0,0,0,1,3,55,1,1,2,2,28,3,15,63,99,1,1,98,0,0
13,130848,1,1,1,15,10,99,99,8,0,1,1,99,9,99,999,99999,99,9999,999999999999,9,9,9,9,9,9,9,9,9,9,9,9,0,0,0,000000000,00000000000,0,0,0,1,0,0,0,0,0,0,0,999,0,0,0,12,2,5,8,0,0,0,1,99,99999,9,9,99,9,9,9,999,999,99,99,99,99,99,99,9999,99,9999,9,99,99,99,99,1,2,25,2,2,2,1,0,0,14,80,99,9,9,13,0,0
13,130849,1,2,1,15,10,15,12,12,6,1,0,13,1,35,471,35471,30,1995,1N6SD11S5SC4,1,N,6,S,D,1,1,S,5,S,C,4,0,0,0,000000000,00000000000,0,0,0,1,0,0,0,0,0,0,0,998,0,0,0,9,6,2,12,32,0,0,1,13,30582,6,1,0,0,3,3,69,145,98,0,0,0,0,0,0,0,0,0,38,0,0,0,0,0,0,0,0,0,0,0,0,11,98,99,1,1,68,1,0
13,130849,2,2,1,15,10,15,12,12,6,1,0,37,2,12,401,12401,14,2005,1FMZU75W85ZA,1,F,M,Z,U,7,5,W,8,5,Z,A,0,0,0,000000000,00000000000,0,0,0,1,0,0,0,0,0,0,0,998,0,0,0,12,6,2,12,0,0,0,1,37,28904,6,1,0,0,3,0,70,999,0,0,0,0,0,0,0,0,0,0,0,0,0,0,2,4,55,1,5,2,2,0,0,1,72,99,1,1,69,0,0
13,130850,1,1,1,16,10,15,36,42,0,1,0,13,2,13,1,13001,4,1999,1LNHM81W7XY7,1,L,N,H,M,8,1,W,7,X,Y,7,0,0,0,000000000,00000000000,0,0,0,1,0,0,0,0,0,0,0,998,0,0,0,3,6,2,42,0,0,0,1,13,30529,6,1,0,0,3,1,69,190,98,1,0,1,0,1,2012,1,2012,0,0,0,0,0,1,2,55,3,1,2,1,28,3,14,12,99,4,4,7,1,0
13,130851,1,2,3,16,10,6,45,12,6,1,0,13,1,12,422,12422,15,2004,1FMFU17L84LA,1,F,M,F,U,1,7,L,8,4,L,A,0,0,0,000000000,00000000000,0,0,0,1,0,0,0,0,0,0,0,998,0,0,0,3,4,3,12,0,0,0,1,13,30035,6,1,0,0,3,0,68,130,98,0,0,0,0,0,0,0,0,0,38,0,0,0,5,4,45,1,1,2,1,3,3,11,15,99,1,1,68,0,0
13,130851,2,2,1,16,10,6,45,12,6,1,0,13,2,72,709,72709,80,2010,1HD1GX419AC3,1,H,D,1,G,X,4,1,9,A,C,3,0,0,0,000000000,00000000000,0,0,0,1,0,0,0,0,0,0,0,998,0,0,0,12,6,2,12,0,0,0,1,13,30252,6,1,5,0,3,0,69,185,98,1,0,2,0,11,2013,9,2014,0,0,0,0,0,5,4,45,1,1,2,1,3,3,1,62,99,1,1,69,1,0
13,130852,1,4,1,16,10,6,58,12,2,1,0,13,1,18,19,18019,4,2011,W04GU5GCXB10,W,0,4,G,U,5,G,C,X,B,1,0,0,0,0,000000000,00000000000,0,0,0,1,0,0,0,0,0,0,0,998,0,0,0,12,6,2,12,0,0,0,1,13,31406,1,1,0,0,2,3,69,210,98,2,1,1,0,2,2013,10,2014,0,36,0,0,0,2,4,55,1,1,2,1,3,3,1,10,99,1,2,50,1,0
13,130852,2,4,1,16,10,6,58,12,2,1,0,13,1,24,10,24010,6,2007,5GZER13787J1,5,G,Z,E,R,1,3,7,8,7,J,1,0,0,0,000000000,00000000000,0,0,0,1,0,0,0,0,0,0,0,998,0,0,0,12,6,2,12,0,0,0,1,13,31329,6,1,0,0,3,0,60,130,98,0,0,0,1,9,2012,9,2012,0,0,0,0,0,2,4,55,1,1,2,1,3,3,1,62,99,1,1,51,0,0
13,130852,3,4,1,16,10,6,58,12,2,1,0,13,2,51,43,51043,6,2004,YV1SZ59H0411,Y,V,1,S,Z,5,9,H,0,4,1,1,0,0,0,000000000,00000000000,0,0,0,1,0,0,0,0,0,0,0,998,0,0,0,12,6,2,12,0,0,0,1,13,31329,6,1,0,0,3,0,71,185,98,0,0,0,0,0,0,0,0,0,0,0,0,0,2,4,55,1,1,2,1,3,3,1,78,99,1,1,98,0,0
13,130852,4,4,3,16,10,6,58,12,2,1,0,13,1,12,401,12401,14,2014,1FM5K7D83EGB,1,F,M,5,K,7,D,8,3,E,G,B,0,0,0,000000000,00000000000,0,0,0,1,0,0,0,0,0,0,0,998,0,0,0,98,6,2,12,0,0,0,1,13,31329,6,1,0,0,3,0,59,118,98,0,0,0,0,0,0,0,0,0,0,0,0,0,2,4,55,1,1,2,1,3,3,1,78,7,1,1,98,0,0
13,130853,1,1,1,16,10,22,44,8,0,1,0,13,1,20,25,20025,4,2014,1G1PA5SH0E74,1,G,1,P,A,5,S,H,0,E,7,4,0,0,0,000000000,00000000000,0,0,0,1,0,0,0,0,0,0,0,998,0,0,0,11,2,3,8,0,0,0,1,13,30096,6,2,0,0,3,0,65,156,98,1,0,2,0,12,2013,4,2014,0,0,0,0,0,2,3,45,1,1,2,1,3,3,1,80,99,1,1,13,0,0
13,130854,1,2,3,17,10,1,38,12,2,1,0,13,2,20,37,20037,4,2003,1G1ND52JX3M6,1,G,1,N,D,5,2,J,X,3,M,6,0,0,0,000000000,00000000000,0,0,0,1,0,0,0,0,0,0,0,998,0,0,0,12,6,2,12,0,0,0,1,13,30316,6,1,0,0,3,3,63,252,98,0,0,0,0,0,0,0,0,0,51,0,0,0,3,3,65,1,2,2,1,0,0,1,54,99,1,1,52,1,0
13,130854,2,2,1,17,10,1,38,12,2,1,0,12,2,52,35,52035,2,2002,JA3AY31C52U0,J,A,3,A,Y,3,1,C,5,2,U,0,0,0,0,000000000,00000000000,0,0,0,1,0,0,0,0,0,0,0,998,0,0,0,12,6,2,12,0,0,0,1,12,34221,6,1,0,0,3,3,64,999,0,0,0,0,0,0,0,0,0,0,0,0,0,0,3,3,65,1,2,2,1,0,0,1,54,99,1,1,52,1,0
13,130855,1,2,4,18,10,11,4,12,6,1,0,13,2,35,39,35039,4,2006,1N4BA41E46C8,1,N,4,B,A,4,1,E,4,6,C,8,0,0,0,000000000,00000000000,0,0,0,1,0,0,0,0,0,0,0,998,0,0,0,3,6,2,12,0,0,0,1,42,30511,3,1,0,0,2,1,66,999,0,0,0,0,0,0,0,0,0,0,58,0,0,0,2,4,65,2,1,2,1,28,3,14,10,99,1,2,66,2,0
13,130855,2,2,2,18,10,11,4,12,6,1,0,13,1,37,421,37421,15,2008,5FNYF28588B0,5,F,N,Y,F,2,8,5,8,8,B,0,0,0,0,000000000,00000000000,0,0,0,1,0,0,0,0,0,0,0,998,0,0,0,12,6,2,12,0,0,0,1,13,30571,6,1,0,0,3,1,66,190,98,0,0,0,0,0,0,0,0,0,0,0,0,0,2,4,65,1,1,2,1,28,3,1,62,99,1,1,66,0,0
13,130856,1,1,1,18,10,2,20,42,0,1,0,45,1,63,38,63038,2,2012,KNAFU6A21C56,K,N,A,F,U,6,A,2,1,C,5,6,0,0,0,000000000,00000000000,0,0,0,1,0,0,0,0,0,0,0,998,0,0,0,12,6,2,42,0,0,0,1,13,31410,6,1,0,0,3,0,69,148,98,0,0,0,0,0,0,0,0,0,0,0,0,0,1,2,35,1,1,2,1,0,0,1,14,99,1,4,14,1,1
13,130857,1,1,1,18,10,15,31,42,0,1,0,13,2,53,34,53034,6,2006,KL5JD86Z16K3,K,L,5,J,D,8,6,Z,1,6,K,3,0,0,0,000000000,00000000000,0,0,0,1,0,0,0,0,0,0,0,998,0,0,0,12,6,2,42,0,0,1,1,13,30417,6,1,0,0,3,0,75,193,98,0,0,0,0,0,0,0,0,0,0,0,0,0,1,2,55,3,1,2,1,28,3,14,12,99,1,4,6,1,0
13,130858,1,3,3,18,10,15,0,12,6,1,0,13,2,7,20,7020,4,2000,1B3ES46C4YD6,1,B,3,E,S,4,6,C,4,Y,D,6,0,0,0,000000000,00000000000,0,0,0,1,0,0,0,0,0,0,0,998,0,0,0,12,6,2,12,0,0,0,1,13,30331,0,0,0,0,0,0,999,999,98,0,0,0,0,0,0,0,0,0,36,33,37,39,1,4,35,1,1,2,1,3,3,6,17,99,1,1,86,0,0
13,130858,2,3,2,18,10,15,0,12,6,1,0,13,1,12,3,12003,1,2006,1ZVFT84NX651,1,Z,V,F,T,8,4,N,X,6,5,1,0,0,0,000000000,00000000000,0,0,0,1,0,0,0,0,0,0,0,998,0,0,0,3,6,2,12,0,0,0,1,13,30084,6,1,0,0,3,3,73,330,98,0,0,0,0,0,0,0,0,0,0,0,0,0,1,4,45,1,1,2,1,3,3,1,66,99,1,1,87,1,0
13,130858,3,3,2,18,10,15,0,12,6,1,0,13,1,7,24,7024,4,2010,2B3CA3CV9AH1,2,B,3,C,A,3,C,V,9,A,H,1,0,0,0,000000000,00000000000,0,0,0,1,0,0,0,0,0,0,0,998,0,0,0,12,6,2,12,0,0,0,1,13,30331,6,1,0,0,3,3,65,140,98,0,0,0,0,0,0,0,0,0,0,0,0,0,1,4,45,1,1,2,1,3,3,1,78,99,1,1,98,0,0
13,130859,1,2,2,18,10,13,54,12,6,1,0,48,2,37,31,37031,4,2008,999999999999,9,9,9,9,9,9,9,9,9,9,9,9,0,0,0,000000000,00000000000,0,0,0,1,0,0,0,0,0,0,0,998,0,0,0,3,6,2,12,0,0,0,1,13,30507,0,0,0,0,0,0,999,999,98,0,0,0,0,0,0,0,0,0,0,0,0,0,2,4,70,1,1,2,1,0,0,1,10,99,1,1,66,2,0
13,130859,2,2,1,18,10,13,54,12,6,1,0,13,2,7,26,7026,4,2008,1B3LC46KX8N6,1,B,3,L,C,4,6,K,X,8,N,6,0,0,0,000000000,00000000000,0,0,0,1,0,0,0,0,0,0,0,998,0,0,0,12,6,2,12,0,0,0,1,13,30519,6,1,0,0,3,3,65,125,98,0,0,0,1,12,2013,12,2013,0,0,0,0,0,2,4,70,1,1,2,1,0,0,1,62,99,1,1,66,0,0
13,130860,1,3,2,18,10,18,45,12,6,1,0,13,1,48,46,48046,3,2014,JF1ZCAC19E96,J,F,1,Z,C,A,C,1,9,E,9,6,0,0,0,000000000,00000000000,0,0,0,1,0,0,0,0,0,0,0,998,0,0,0,1,4,3,12,0,0,0,1,13,30021,6,1,0,0,3,0,66,118,98,1,0,1,0,9,2012,1,2013,0,38,0,0,0,5,4,45,1,1,2,2,20,3,11,15,99,1,1,68,0,0
13,130860,2,3,1,18,10,18,45,12,6,1,0,13,1,12,481,12481,31,2004,1FTWX33P84EB,1,F,T,W,X,3,3,P,8,4,E,B,0,0,0,000000000,00000000000,0,0,0,1,0,0,0,0,0,0,0,998,0,0,0,12,4,3,12,0,0,0,1,13,30096,6,1,0,0,3,0,70,160,98,0,0,0,0,0,0,0,0,0,0,0,0,0,5,4,45,1,1,2,1,0,0,1,65,99,1,1,69,0,0
13,130860,3,3,1,18,10,18,45,12,6,1,0,13,1,49,40,49040,4,2003,4T1BF32K03U5,4,T,1,B,F,3,2,K,0,3,U,5,0,0,0,000000000,00000000000,0,0,0,1,0,0,0,0,0,0,0,998,0,0,0,9,6,2,12,0,0,0,1,13,30044,6,1,0,0,3,3,64,155,98,0,0,0,1,12,2012,12,2012,0,0,0,0,0,5,4,45,1,1,2,1,0,0,1,62,99,1,1,98,1,0
13,130861,1,1,1,18,10,1,59,17,0,1,0,13,2,20,401,20401,14,1996,1GNCS13W7T22,1,G,N,C,S,1,3,W,7,T,2,2,0,0,0,000000000,00000000000,0,0,0,1,0,0,0,0,0,0,0,998,0,1,5,14,6,2,42,0,0,0,1,13,30705,6,1,0,0,3,0,69,155,98,0,0,0,0,0,0,0,0,0,0,0,0,0,1,2,55,3,2,2,1,0,0,14,12,99,1,4,6,1,0
13,130862,1,1,1,18,10,0,27,8,0,1,0,13,1,2,404,2404,14,2006,1J4HS58N76C3,1,J,4,H,S,5,8,N,7,6,C,3,0,0,0,000000000,00000000000,0,0,0,1,0,0,0,0,0,0,0,998,0,0,0,12,6,2,8,0,0,0,1,13,30127,6,1,0,0,3,3,70,160,98,0,0,0,0,0,0,0,0,0,0,0,0,0,1,2,45,1,1,2,1,0,0,1,80,99,1,1,13,0,0
13,130863,1,1,2,19,10,16,40,25,0,1,0,31,2,12,481,12481,31,2002,1FTNW21F52EA,1,F,T,N,W,2,1,F,5,2,E,A,0,0,0,000000000,00000000000,0,0,0,1,0,0,0,0,0,0,0,998,0,0,0,11,6,2,25,0,0,0,1,31,69101,6,1,0,0,3,0,69,173,0,0,0,0,0,0,0,0,0,0,80,0,0,0,3,3,70,1,1,2,1,0,0,1,1,99,1,4,6,1,0
13,130864,1,1,1,20,10,18,0,1,0,1,0,0,0,98,998,98998,92,1972,000000000000,0,0,0,0,0,0,0,0,0,0,0,0,0,0,0,000000000,00000000000,0,0,0,1,0,0,0,0,0,0,0,998,0,2,5,0,6,2,3,0,0,0,1,13,31533,1,1,0,0,1,0,71,155,98,2,0,0,0,6,2012,6,2012,4,36,0,0,0,0,0,0,0,0,0,0,0,0,10,98,99,1,4,98,1,1
13,130865,1,2,1,21,10,20,35,12,6,1,0,13,1,37,31,37031,2,2007,2HGFG21537H7,2,H,G,F,G,2,1,5,3,7,H,7,0,0,0,000000000,00000000000,0,0,0,1,0,0,0,0,0,0,0,998,0,0,0,12,6,2,12,0,0,0,1,13,30066,6,1,0,0,3,0,74,165,98,0,0,0,1,10,2013,10,2013,0,26,0,0,0,2,4,45,1,2,2,1,0,0,1,59,99,1,1,98,1,0
13,130865,2,2,1,21,10,20,35,12,6,1,0,13,3,84,884,84884,66,2002,2HSCEAERX2C0,2,H,S,C,E,A,E,R,X,2,C,0,1,1,57,356573,57356573,3,6,3,1,0,0,0,0,0,0,0,998,0,0,0,7,2,3,12,0,0,0,1,13,30507,6,1,6,9,3,0,70,185,98,0,0,0,1,9,2012,9,2012,0,24,0,0,0,2,4,45,1,2,2,1,0,0,12,98,99,1,1,98,0,0
13,130866,1,2,1,22,10,10,35,12,7,1,0,12,4,12,24,12024,6,2014,2FMDK3KC1EBA,2,F,M,D,K,3,K,C,1,E,B,A,0,0,0,000000000,00000000000,0,0,0,1,0,0,0,0,0,0,0,998,0,0,0,5,6,2,12,0,0,0,1,13,31302,6,1,0,0,3,0,72,165,98,1,0,0,0,8,2012,8,2012,0,35,0,0,0,3,4,55,1,1,2,1,0,0,15,10,99,1,1,46,1,0
13,130866,2,2,1,22,10,10,35,12,7,1,0,13,1,20,37,20037,4,2007,1G1ZS58F47F1,1,G,1,Z,S,5,8,F,4,7,F,1,0,0,0,000000000,00000000000,0,0,0,1,0,0,0,0,0,0,0,998,0,0,0,11,6,2,12,0,0,0,1,13,31407,6,1,0,0,3,0,65,142,98,0,0,0,0,0,0,0,0,0,0,0,0,0,3,4,55,1,1,2,1,0,0,1,60,99,1,1,45,0,0