STATE,ST_CASE,VEH_NO,VE_FORMS,NUMOCCS,DAY,MONTH,HOUR,MINUTE,HARM_EV,MAN_COLL,UNITTYPE,HIT_RUN,REG_STAT,OWNER,MAKE,MODEL,MAK_MOD,BODY_TYP,MOD_YEAR,VIN,VIN_1,VIN_2,VIN_3,VIN_4,VIN_5,VIN_6,VIN_7,VIN_8,VIN_9,VIN_10,VIN_11,VIN_12,TOW_VEH,J_KNIFE,MCARR_I1,MCARR_I2,MCARR_ID,GVWR,V_CONFIG,CARGO_BT,HAZ_INV,HAZ_PLAC,HAZ_ID,HAZ_CNO,HAZ_REL,BUS_USE,SPEC_USE,EMER_USE,TRAV_SP,UNDERIDE,ROLLOVER,ROLINLOC,IMPACT1,DEFORMED,TOWED,M_HARM,VEH_SC1,VEH_SC2,FIRE_EXP,DR_PRES,L_STATE,DR_ZIP,L_STATUS,L_TYPE,CDL_STAT,L_ENDORS,L_COMPL,L_RESTRI,DR_HGT,DR_WGT,PREV_ACC,PREV_SUS,PREV_DWI,PREV_SPD,PREV_OTH,FIRST_MO,FIRST_YR,LAST_MO,LAST_YR,SPEEDREL,DR_SF1,DR_SF2,DR_SF3,DR_SF4,VTRAFWAY,VNUM_LAN,VSPD_LIM,VALIGN,VPROFILE,VPAVETYP,VSURCOND,VTRAFCON,VTCONT_F,P_CRASH1,P_CRASH2,P_CRASH3,PCRASH4,PCRASH5,ACC_TYPE,DEATHS,DR_DRINK
13,130904,2,2,1,3,11,7,31,12,2,1,0,13,3,7,482,7482,31,2014,3C7WRTBL3EG1,3,C,7,W,R,T,B,L,3,E,G,1,0,0,0,000000000,00000000000,0,0,0,1,0,0,0,0,0,0,0,998,0,0,0,12,6,2,12,0,0,0,1,13,31774,6,1,6,0,3,3,71,210,98,0,0,0,2,4,2012,4,2012,0,0,0,0,0,1,2,55,1,1,2,1,0,0,1,62,99,9,1,51,0,0
13,130905,1,2,1,4,11,8,45,12,2,1,0,13,2,49,402,49402,14,2010,JTMBF4DV5A50,J,T,M,B,F,4,D,V,5,A,5,0,0,0,0,000000000,00000000000,0,0,0,1,0,0,0,0,0,0,0,998,0,0,0,12,6,2,12,0,0,0,1,13,30117,6,1,6,0,3,0,74,240,98,1,0,0,2,9,2012,2,2013,0,28,36,0,0,1,2,55,2,1,2,1,0,0,14,10,99,9,2,50,1,1
13,130905,2,2,1,4,11,8,45,12,2,1,0,13,3,82,881,82881,63,2000,1FUYSSEB3YLB,1,F,U,Y,S,S,E,B,3,Y,L,B,0,0,13,421550,13421550,3,2,1,1,0,0,0,0,0,0,0,998,0,0,0,12,6,2,12,0,0,0,1,13,30066,6,1,6,0,3,1,69,200,98,0,0,0,0,0,0,0,0,0,0,0,0,0,1,2,55,3,1,2,1,0,0,14,62,99,9,1,51,0,0
13,130906,1,1,2,5,11,12,45,1,0,1,0,13,2,12,481,12481,31,2001,2FTRX17L31CB,2,F,T,R,X,1,7,L,3,1,C,B,0,0,0,000000000,00000000000,0,0,0,1,0,0,0,0,0,0,0,998,0,2,1,0,6,2,1,0,0,0,1,13,30078,6,1,0,0,3,0,73,230,98,2,0,2,0,7,2012,7,2014,4,91,0,0,0,1,2,35,2,2,2,1,0,0,14,6,7,3,2,98,1,0
13,130907,1,3,1,6,11,20,19,12,1,1,0,13,2,12,461,12461,21,2006,1FBNE31L46DA,1,F,B,N,E,3,1,L,4,6,D,A,0,0,0,000000000,00000000000,0,0,0,1,0,0,0,0,0,0,0,998,0,0,0,12,4,3,12,0,0,0,1,13,30473,6,1,0,0,3,0,72,240,98,0,0,0,0,0,0,0,0,0,26,91,0,0,3,2,55,1,1,2,2,3,3,1,50,4,2,1,20,0,0
13,130907,2,3,1,6,11,20,19,12,1,1,0,13,1,30,47,30047,1,2008,3VWRF31Y28M4,3,V,W,R,F,3,1,Y,2,8,M,4,0,0,0,000000000,00000000000,0,0,0,1,0,0,0,0,0,0,0,0,0,0,0,6,6,2,12,0,0,0,1,13,31705,6,1,0,0,3,3,60,110,98,1,0,2,0,6,2012,1,2013,0,0,0,0,0,3,2,55,1,1,2,2,3,3,5,53,1,1,1,21,1,0
13,130907,3,3,1,6,11,20,19,12,1,1,0,92,0,12,21,12021,4,2006,1FAFP24136G1,1,F,A,F,P,2,4,1,3,6,G,1,0,0,0,000000000,00000000000,0,0,0,1,0,0,0,0,0,0,0,0,0,0,0,6,4,3,12,0,0,0,1,13,31773,6,1,0,0,3,3,68,200,98,0,0,0,0,0,0,0,0,0,0,0,0,0,3,2,55,1,1,2,2,3,3,5,53,1,1,1,98,0,0
13,130908,1,1,2,6,11,17,22,9,0,1,0,13,2,2,404,2404,14,1999,1J4FT68S9XL5,1,J,4,F,T,6,8,S,9,X,L,5,0,0,0,000000000,00000000000,0,0,0,1,0,0,0,0,0,0,0,998,0,0,0,8,2,3,9,0,0,0,1,13,30161,3,7,0,0,2,3,71,173,98,1,0,0,0,3,2014,3,2014,0,0,0,0,0,1,2,25,1,1,2,1,0,0,1,83,7,9,1,13,0,0
13,130909,1,2,1,6,11,16,7,12,2,1,0,13,2,12,422,12422,15,2002,1FMRU15W62LA,1,F,M,R,U,1,5,W,6,2,L,A,0,0,0,000000000,00000000000,0,0,0,1,0,0,0,0,0,0,0,998,0,0,0,12,6,2,12,0,0,0,1,13,30628,1,1,0,0,2,0,65,120,98,4,0,0,1,5,2012,7,2012,0,28,0,0,0,1,2,45,3,1,2,1,0,0,14,10,99,9,2,50,0,0
13,130909,2,2,1,6,11,16,7,12,2,1,0,13,1,12,17,12017,4,1998,1FAFP52S1WA2,1,F,A,F,P,5,2,S,1,W,A,2,0,0,0,000000000,00000000000,0,0,0,1,0,0,0,0,0,0,0,998,0,0,0,12,6,2,12,0,0,0,1,13,30530,6,1,0,0,3,0,68,160,98,0,0,0,0,0,0,0,0,0,0,0,0,0,1,2,45,1,1,2,1,0,0,1,62,99,9,1,51,1,0
13,130910,1,2,2,6,11,10,37,12,1,1,0,13,2,12,21,12021,4,2007,1FAFP24147G1,1,F,A,F,P,2,4,1,4,7,G,1,0,0,0,000000000,00000000000,0,0,0,1,0,0,0,0,0,0,0,998,0,0,0,12,6,2,12,0,0,0,1,13,30909,6,1,0,0,3,3,68,170,98,0,0,0,0,0,0,0,0,0,26,0,0,0,3,2,55,1,2,1,1,3,3,1,50,1,1,1,20,1,0
13,130910,2,2,1,6,11,10,37,12,1,1,0,13,2,63,402,63402,14,2013,5XYKW4A21DG3,5,X,Y,K,W,4,A,2,1,D,G,3,0,0,0,000000000,00000000000,0,0,0,1,0,0,0,0,0,0,0,0,0,0,0,6,6,2,12,0,0,0,1,13,30905,6,2,0,0,3,0,71,210,98,0,0,0,0,0,0,0,0,0,0,0,0,0,3,2,55,1,2,1,1,3,3,5,53,1,1,1,21,0,0
13,130911,1,2,1,7,11,21,30,12,6,1,0,13,1,72,706,72706,80,1981,1HD1CAH11BY0,1,H,D,1,C,A,H,1,1,B,Y,0,0,0,0,000000000,00000000000,0,0,0,1,0,0,0,0,0,0,0,998,0,0,0,12,6,2,12,0,0,0,1,13,31401,6,1,0,0,3,2,70,200,98,0,0,0,0,0,0,0,0,0,74,0,0,0,1,2,30,1,1,2,1,0,0,1,66,3,2,1,88,1,0
13,130911,2,2,2,7,11,21,30,12,6,1,0,13,1,54,421,54421,15,2014,5FRYD3H46EB0,5,F,R,Y,D,3,H,4,6,E,B,0,0,0,0,000000000,00000000000,0,0,0,1,0,0,0,0,0,0,0,998,0,0,0,9,4,3,12,0,0,0,1,13,31411,6,1,0,0,3,3,73,175,98,0,0,0,0,0,0,0,0,0,38,0,0,0,1,2,25,1,1,2,1,20,3,1,17,99,1,1,89,0,0
13,130912,1,3,1,7,11,18,53,12,6,1,0,13,1,53,705,53705,80,2008,JS1VP54B4821,J,S,1,V,P,5,4,B,4,8,2,1,0,0,0,000000000,00000000000,0,0,0,1,0,0,0,0,0,0,0,998,0,0,0,3,6,2,12,0,0,0,1,13,30101,6,1,0,0,3,3,72,185,98,0,0,0,1,11,2013,11,2013,0,38,0,0,0,6,2,40,1,1,2,1,3,3,11,15,99,1,1,68,1,0
13,130912,2,3,1,7,11,18,53,12,6,1,0,13,2,49,482,49482,31,2000,5TBJN3218YS1,5,T,B,J,N,3,2,1,8,Y,S,1,0,0,0,000000000,00000000000,0,0,0,1,0,0,0,0,0,0,0,998,0,0,0,12,6,2,12,0,0,0,1,13,30144,6,1,0,0,3,0,71,150,98,0,0,1,3,6,2012,3,2014,0,0,0,0,0,6,2,40,1,1,2,1,3,3,1,17,10,1,1,69,0,0
13,130912,3,3,2,7,11,18,53,12,6,1,0,13,1,48,401,48401,14,2010,JF2SH6DC3AH7,J,F,2,S,H,6,D,C,3,A,H,7,0,0,0,000000000,00000000000,0,0,0,1,0,0,0,0,0,0,0,998,0,0,0,18,4,3,54,0,0,0,1,13,30144,6,1,0,0,3,0,74,230,98,0,0,0,0,0,0,0,0,0,0,0,0,0,6,2,40,1,1,2,1,3,3,1,17,99,1,9,98,0,0
13,130913,1,1,1,7,11,23,24,31,0,1,0,13,1,54,31,54031,3,1998,JH4DC445XWS0,J,H,4,D,C,4,4,5,X,W,S,0,0,0,0,000000000,00000000000,0,0,0,1,0,0,0,0,0,0,0,998,0,0,0,9,6,2,42,0,0,0,1,13,30096,6,1,0,0,3,3,70,175,98,0,0,0,1,12,2011,12,2011,3,0,0,0,0,3,4,70,1,1,1,1,0,0,1,8,7,4,4,2,1,1
13,130914,1,2,1,8,11,11,20,12,99,1,0,13,2,76,706,76706,80,2005,JYAVP17E35A0,J,Y,A,V,P,1,7,E,3,5,A,0,0,0,0,000000000,00000000000,0,0,0,1,0,0,0,0,0,0,0,998,0,0,0,11,6,2,12,0,0,0,1,13,31023,6,1,0,0,3,1,71,280,98,0,0,0,0,0,0,0,0,0,99,99,99,99,1,2,55,1,6,2,1,0,0,1,99,99,9,9,99,1,0
13,130914,2,2,1,8,11,11,20,12,99,1,9,99,9,49,472,49472,30,9999,999999999999,9,9,9,9,9,9,9,9,9,9,9,9,0,0,0,000000000,00000000000,0,0,0,1,0,0,0,0,0,0,0,998,0,0,0,99,9,5,12,0,0,0,1,99,99999,9,9,99,0,9,9,999,999,99,99,99,99,99,99,9999,99,9999,9,99,99,99,99,1,2,55,1,5,2,1,0,0,99,99,99,9,9,99,0,0
13,130915,1,2,1,8,11,16,23,12,1,1,0,13,1,72,706,72706,80,2005,1HD1BJY1X5Y0,1,H,D,1,B,J,Y,1,X,5,Y,0,0,0,0,000000000,00000000000,0,0,0,1,0,0,0,0,0,0,0,998,0,0,0,12,6,2,12,0,0,0,1,13,30276,1,1,0,0,2,0,70,175,98,0,0,1,2,11,2011,7,2014,0,26,0,0,0,1,2,55,1,6,2,1,0,0,1,50,99,9,1,20,1,0
13,130915,2,2,3,8,11,16,23,12,1,1,0,13,1,23,422,23422,15,2006,1GKEK63U26J1,1,G,K,E,K,6,3,U,2,6,J,1,0,0,0,000000000,00000000000,0,0,0,1,0,0,0,0,0,0,0,0,0,0,0,6,4,5,12,0,0,0,1,13,30223,6,2,0,0,3,0,68,140,98,0,0,0,0,0,0,0,0,0,0,0,0,0,1,2,55,1,6,2,1,0,0,5,53,1,1,1,21,0,0
13,130916,1,1,1,9,11,16,33,32,0,1,0,13,1,12,23,12023,4,2008,3FAHP07Z18R1,3,F,A,H,P,0,7,Z,1,8,R,1,0,0,0,000000000,00000000000,0,0,0,1,0,0,0,0,0,0,0,998,0,1,5,12,6,2,32,0,0,0,1,13,30666,6,1,6,0,3,0,70,270,98,0,0,0,0,0,0,0,0,0,99,99,99,99,1,2,45,1,1,2,1,0,0,1,12,99,9,4,10,1,0
13,130917,1,1,4,9,11,17,53,38,0,1,0,13,3,49,32,49032,4,2014,5YFBURHE0EP0,5,Y,F,B,U,R,H,E,0,E,P,0,0,0,0,000000000,00000000000,0,0,0,1,0,0,0,0,0,0,0,998,0,1,5,12,6,2,30,0,0,0,1,13,30683,6,1,0,0,3,0,68,245,98,0,0,0,1,8,2012,8,2012,0,83,0,0,0,1,2,45,1,1,1,1,0,0,1,88,7,9,4,3,1,0
13,130918,1,1,1,9,11,0,38,1,0,1,0,13,1,20,481,20481,31,1998,2GCEC19R6W12,2,G,C,E,C,1,9,R,6,W,1,2,0,0,0,000000000,00000000000,0,0,0,1,0,0,0,0,0,0,0,998,0,2,5,0,6,2,1,0,0,0,1,13,31023,6,1,0,0,3,0,74,245,98,0,0,1,0,3,2012,3,2012,0,58,0,0,0,1,2,55,1,5,2,1,0,0,1,12,7,4,4,2,1,1
13,130919,1,2,4,9,11,13,56,12,2,1,0,13,2,35,47,35047,4,2012,1N4AL2AP1CC1,1,N,4,A,L,2,A,P,1,C,C,1,0,0,0,000000000,00000000000,0,0,0,1,0,0,0,0,0,0,0,998,0,0,0,12,6,2,12,32,0,0,1,13,30179,6,1,0,0,3,0,65,200,98,0,0,0,0,0,0,0,0,0,28,0,0,0,1,2,45,2,3,2,1,0,0,14,10,99,9,2,50,0,0
13,130919,2,2,1,9,11,13,56,12,2,1,0,13,1,37,706,37706,80,1978,GL14005186,G,L,1,4,0,0,5,1,8,6,,,0,0,0,000000000,00000000000,0,0,0,1,0,0,0,0,0,0,0,998,0,0,0,12,6,2,12,0,0,0,1,13,30110,6,1,0,0,3,0,72,184,98,0,0,0,0,0,0,0,0,0,0,0,0,0,1,2,45,3,3,2,1,0,0,14,62,99,9,1,51,1,0
13,130920,1,1,1,9,11,6,59,42,0,1,0,13,2,12,401,12401,14,1994,1FMCU22X9RUD,1,F,M,C,U,2,2,X,9,R,U,D,0,0,0,000000000,00000000000,0,0,0,1,0,0,0,0,0,0,0,998,0,0,0,12,4,3,42,0,0,0,1,13,31097,6,1,0,0,3,0,69,230,98,6,0,1,2,12,2011,10,2013,0,0,0,0,0,1,3,55,3,2,2,1,0,0,14,12,1,1,4,6,1,0
13,130921,1,2,1,9,11,10,10,12,1,1,0,13,2,37,31,37031,2,2002,1HGEM22952L1,1,H,G,E,M,2,2,9,5,2,L,1,0,0,0,000000000,00000000000,0,0,0,1,0,0,0,0,0,0,0,998,0,0,0,12,2,8,12,0,0,0,1,13,30622,6,1,0,0,3,0,60,160,98,0,0,0,0,0,0,0,0,0,26,0,0,0,1,2,45,1,6,2,1,0,0,1,50,99,9,1,20,1,0
13,130921,2,2,2,9,11,10,10,12,1,1,0,13,1,37,402,37402,14,2013,3CZRM3H34DG7,3,C,Z,R,M,3,H,3,4,D,G,7,0,0,0,000000000,00000000000,0,0,0,1,0,0,0,0,0,0,0,0,0,0,0,6,2,5,12,0,0,0,1,13,30677,6,1,0,0,3,3,63,184,98,0,0,0,0,0,0,0,0,0,0,0,0,0,1,2,45,1,6,2,1,0,0,5,53,1,1,1,21,0,0
13,130922,1,1,1,10,11,23,0,42,0,1,0,13,1,20,422,20422,15,2004,3GNEC16Z34G3,3,G,N,E,C,1,6,Z,3,4,G,3,0,0,0,000000000,00000000000,0,0,0,1,0,0,0,0,0,0,0,998,0,0,0,12,6,2,42,0,0,0,1,13,30429,6,2,0,0,3,0,58,98,98,0,0,0,0,0,0,0,0,0,0,0,0,0,1,2,45,2,1,2,1,0,0,1,12,99,1,4,6,1,0
13,130923,1,1,1,10,11,15,21,1,0,1,0,13,1,20,403,20403,14,2007,1GNDS13S9722,1,G,N,D,S,1,3,S,9,7,2,2,0,0,0,000000000,00000000000,0,0,0,1,0,0,0,0,0,0,0,998,0,2,5,0,6,2,34,0,0,0,1,13,30134,6,1,0,0,3,0,63,130,98,0,0,0,0,0,0,0,0,9,0,0,0,0,1,2,45,3,1,2,1,0,0,14,13,6,9,4,7,1,0
13,130924,1,1,1,11,11,13,50,42,0,1,0,13,1,73,705,73705,80,2005,JKBZXJC135A0,J,K,B,Z,X,J,C,1,3,5,A,0,0,0,0,000000000,00000000000,0,0,0,1,0,0,0,0,0,0,0,998,0,0,0,12,6,2,42,0,0,0,1,13,30183,6,1,0,0,3,0,72,225,98,4,0,1,4,7,2012,10,2013,3,0,0,0,0,1,2,55,2,3,2,1,0,0,14,12,99,1,4,6,1,0
13,130925,1,1,1,11,11,13,40,8,0,1,0,13,2,12,401,12401,14,1994,1FMCU24X7RUB,1,F,M,C,U,2,4,X,7,R,U,B,0,0,0,000000000,00000000000,0,0,0,1,0,0,0,0,0,0,0,35,0,0,0,12,4,3,8,32,0,0,1,13,30720,6,1,0,0,3,3,67,230,98,0,0,0,1,8,2014,8,2014,0,0,0,0,0,5,5,40,1,1,2,1,0,0,1,81,99,1,3,13,0,0
13,130926,1,1,1,12,11,5,30,24,0,1,0,13,1,20,481,20481,31,1997,1GCEC14R1VZ1,1,G,C,E,C,1,4,R,1,V,Z,1,0,0,0,000000000,00000000000,0,0,0,1,0,0,0,0,0,0,0,998,0,0,0,12,6,2,24,32,0,0,1,13,30755,6,1,0,0,3,0,71,199,98,0,0,0,0,0,0,0,0,0,0,0,0,0,3,3,65,2,6,2,1,0,0,14,8,99,9,4,6,1,0
13,130927,1,2,1,12,11,9,5,12,2,1,0,13,2,30,47,30047,3,1998,3VWBB61C5WM0,3,V,W,B,B,6,1,C,5,W,M,0,0,0,0,000000000,00000000000,0,0,0,1,0,0,0,0,0,0,0,998,0,0,0,12,6,2,12,0,0,0,1,13,30633,6,1,0,0,3,0,57,108,98,0,0,0,0,0,0,0,0,0,28,0,0,0,1,2,55,1,1,2,1,0,0,1,10,99,9,2,50,1,0
13,130927,2,2,1,12,11,9,5,12,2,1,0,13,2,6,54,6054,6,2004,2C8GF68474R5,2,C,8,G,F,6,8,4,7,4,R,5,0,0,0,000000000,00000000000,0,0,0,1,0,0,0,0,0,0,0,998,0,0,0,12,6,2,12,0,0,0,1,13,30633,6,1,0,0,3,0,65,191,98,0,0,0,0,0,0,0,0,0,0,0,0,0,1,2,55,1,1,2,1,0,0,1,62,1,1,1,51,0,0
13,130928,1,1,1,12,11,18,4,8,0,1,0,13,1,12,422,12422,15,2003,1FMFU17L83LB,1,F,M,F,U,1,7,L,8,3,L,B,0,0,0,000000000,00000000000,0,0,0,1,0,0,0,0,0,0,0,35,0,0,0,12,2,3,8,0,0,0,1,13,31808,6,1,0,0,3,3,66,175,98,0,0,0,0,0,0,0,0,0,0,0,0,0,1,4,35,1,1,2,1,0,0,1,80,1,1,1,13,0,0
13,130929,1,2,1,14,11,12,50,12,11,1,0,13,1,20,481,20481,31,2002,2GCEC19V5211,2,G,C,E,C,1,9,V,5,2,1,1,0,0,0,000000000,00000000000,0,0,0,1,0,0,0,0,0,0,0,998,0,0,0,99,6,2,12,0,0,0,1,13,39819,6,1,0,0,3,3,70,145,98,0,0,0,0,0,0,0,0,0,22,28,0,0,1,2,55,1,1,2,1,0,0,2,10,1,1,2,64,0,0
13,130929,2,2,1,14,11,12,50,12,11,1,0,12,1,12,3,12003,2,1990,1FACP42E5LF1,1,F,A,C,P,4,2,E,5,L,F,1,0,0,0,000000000,00000000000,0,0,0,1,0,0,0,0,0,0,0,998,0,0,0,11,6,2,12,0,0,0,1,12,32351,6,1,6,0,3,0,69,999,0,1,0,1,1,3,2013,7,2014,0,0,0,0,0,1,2,55,1,1,2,1,0,0,1,62,99,9,1,65,1,0
13,130930,1,1,2,14,11,18,0,33,0,1,0,13,1,55,33,55033,4,2009,5NPEU46F19H4,5,N,P,E,U,4,6,F,1,9,H,4,0,0,0,000000000,00000000000,0,0,0,1,0,0,0,0,0,0,0,998,0,0,0,12,6,2,42,0,0,0,1,13,30269,6,1,0,0,3,3,67,250,98,0,0,0,0,0,0,0,0,0,0,0,0,0,2,2,40,2,1,2,1,0,0,14,12,1,1,4,6,1,0
13,130931,1,2,2,14,11,19,25,12,2,1,0,13,1,55,33,55033,4,2008,5NPEU46CX8H3,5,N,P,E,U,4,6,C,X,8,H,3,0,0,0,000000000,00000000000,0,0,0,1,0,0,0,0,0,0,0,998,0,0,0,12,6,2,12,0,0,0,1,13,31827,6,1,0,0,3,0,79,240,98,2,1,0,3,2,2012,2,2012,0,51,0,0,0,1,4,45,1,2,2,1,0,0,1,54,99,9,1,52,1,1
13,130931,2,2,1,14,11,19,25,12,2,1,0,13,1,63,402,63402,14,2011,5XYKT4A14BG1,5,X,Y,K,T,4,A,1,4,B,G,1,0,0,0,000000000,00000000000,0,0,0,1,0,0,0,0,0,0,0,998,0,0,0,12,6,2,12,0,0,0,1,13,31605,6,1,0,0,3,3,65,166,98,2,0,1,0,3,2012,8,2012,0,0,0,0,0,1,4,45,1,2,2,1,0,0,1,54,99,1,1,52,0,0
13,130932,1,1,2,14,11,5,21,1,0,1,0,13,1,37,32,37032,4,2007,1HGCM56337A1,1,H,G,C,M,5,6,3,3,7,A,1,0,0,0,000000000,00000000000,0,0,0,1,0,0,0,0,0,0,0,998,0,2,5,0,6,2,1,0,0,0,1,13,31719,0,0,0,0,0,0,66,145,98,0,0,0,0,0,0,0,0,5,37,58,36,0,1,2,55,3,1,2,1,0,0,14,6,99,3,4,2,1,0
13,130933,1,1,2,15,11,22,55,42,0,1,0,13,1,35,39,35039,4,1994,JN1HJ01F4RT2,J,N,1,H,J,0,1,F,4,R,T,2,0,0,0,000000000,00000000000,0,0,0,1,0,0,0,0,0,0,0,998,0,0,0,12,6,2,42,0,0,0,1,13,30135,6,1,0,0,3,0,64,120,98,0,0,0,0,0,0,0,0,0,0,0,0,0,1,2,45,2,1,2,1,0,0,14,13,99,9,4,1,1,1
13,130934,1,1,1,15,11,10,30,42,0,1,0,13,2,49,32,49032,4,2000,2T1BR12EXYC3,2,T,1,B,R,1,2,E,X,Y,C,3,0,0,0,000000000,00000000000,0,0,0,1,0,0,0,0,0,0,0,998,0,1,5,1,6,2,42,0,0,0,1,13,30087,6,1,0,0,3,3,59,170,98,1,0,0,2,5,2013,1,2014,0,0,0,0,0,1,2,40,1,1,2,1,0,0,1,12,3,2,4,7,1,0
13,130935,1,2,1,15,11,13,8,12,6,1,0,39,1,12,17,12017,4,2000,1FAFP53U6YG2,1,F,A,F,P,5,3,U,6,Y,G,2,0,0,0,000000000,00000000000,0,0,0,1,0,0,0,0,0,0,0,998,0,0,0,10,6,2,12,0,0,0,1,39,43570,6,1,0,0,3,3,66,210,0,0,0,0,0,0,0,0,0,0,39,0,0,0,1,4,30,1,1,2,1,3,3,1,17,99,9,9,89,0,0
13,130935,2,2,6,15,11,13,8,12,6,1,0,94,3,3,499,3499,39,1988,999999999999,9,9,9,9,9,9,9,9,9,9,9,9,0,0,0,000000000,00000000000,0,0,0,1,0,0,0,0,0,4,0,998,0,1,1,12,6,2,12,0,0,0,1,45,29569,6,1,0,0,3,3,66,200,0,1,0,0,0,11,2013,11,2013,0,0,0,0,0,2,2,30,1,1,2,1,3,3,1,66,99,9,9,88,1,0
13,130936,1,1,1,15,11,0,19,1,0,1,0,13,1,20,421,20421,15,2003,1GNEK13Z93R2,1,G,N,E,K,1,3,Z,9,3,R,2,0,0,0,000000000,00000000000,0,0,0,1,0,0,0,0,0,0,0,998,0,2,5,0,6,2,1,0,0,0,1,13,31801,6,1,0,0,3,0,67,240,98,0,0,0,0,0,0,0,0,0,58,0,0,0,1,2,55,1,5,2,1,0,0,1,12,99,4,4,7,1,1
13,130937,1,1,4,16,11,2,34,33,0,1,0,12,5,63,34,63034,4,2013,5XXGM4A71DG2,5,X,X,G,M,4,A,7,1,D,G,2,0,0,0,000000000,00000000000,0,0,0,1,0,0,0,0,0,0,0,998,0,0,0,12,6,2,42,0,0,0,1,13,30318,0,0,0,0,0,0,64,160,98,0,0,0,0,0,0,0,0,4,37,39,0,0,1,2,25,1,2,2,1,20,3,1,1,99,1,4,1,1,0
13,130938,1,1,3,16,11,3,58,9,0,1,0,18,3,6,441,6441,20,2010,2A4RR5D13AR4,2,A,4,R,R,5,D,1,3,A,R,4,0,0,0,000000000,00000000000,0,0,0,1,0,0,0,0,0,0,0,998,0,0,0,1,4,3,9,0,0,0,1,13,31545,6,1,0,0,3,3,67,195,98,0,0,1,0,5,2013,5,2013,0,0,0,0,0,1,2,55,1,5,2,1,0,0,1,83,6,1,1,13,0,0
13,130939,1,2,1,16,11,15,15,12,6,1,0,13,1,14,6,14006,4,1999,2MEFM75W7XX6,2,M,E,F,M,7,5,W,7,X,X,6,0,0,0,000000000,00000000000,0,0,0,1,0,0,0,0,0,0,0,998,0,0,0,12,6,2,12,0,0,0,1,13,31061,6,1,0,0,3,0,70,175,98,0,0,0,1,9,2014,9,2014,0,58,28,0,0,1,2,55,3,6,2,1,0,0,14,13,6,4,6,64,0,0
13,130939,2,2,1,16,11,15,15,12,6,1,0,13,1,35,47,35047,4,2012,1N4AL2AP6CC2,1,N,4,A,L,2,A,P,6,C,C,2,0,0,0,000000000,00000000000,0,0,0,1,0,0,0,0,0,0,0,998,0,0,0,11,6,2,12,0,0,0,1,13,31061,6,1,0,0,3,0,69,200,98,0,0,0,0,0,0,0,0,0,0,0,0,0,1,2,55,2,5,2,1,0,0,14,62,99,9,1,65,1,0
13,130940,1,2,1,17,11,22,26,12,6,1,0,13,2,54,38,54038,3,2002,JH4DC53002C0,J,H,4,D,C,5,3,0,0,2,C,0,0,0,0,000000000,00000000000,0,0,0,1,0,0,0,0,0,0,0,998,0,0,0,10,6,2,12,0,0,0,1,13,30044,6,1,0,0,3,0,74,165,98,2,0,2,1,4,2012,7,2014,5,28,0,0,0,1,2,40,2,2,2,1,0,0,14,10,9,3,2,64,1,0
13,130940,2,2,1,17,11,22,26,12,6,1,0,13,2,59,34,59034,4,2006,JTHBH96S0650,J,T,H,B,H,9,6,S,0,6,5,0,0,0,0,000000000,00000000000,0,0,0,1,0,0,0,0,0,0,0,998,0,0,0,12,6,2,12,0,0,0,1,13,30044,6,1,0,0,3,0,68,198,98,0,0,0,0,0,0,0,0,0,0,0,0,0,1,2,40,3,2,2,1,0,0,14,62,1,1,1,65,0,0
13,130941,1,2,2,18,10,1,26,12,1,1,0,13,1,21,2,21002,4,1989,1G3HN54C6KW3,1,G,3,H,N,5,4,C,6,K,W,3,0,0,0,000000000,00000000000,0,0,0,1,0,0,0,0,0,0,0,0,0,0,0,6,6,2,12,0,0,1,1,13,30331,6,1,0,0,3,0,65,160,98,1,0,1,0,8,2014,8,2014,0,0,0,0,0,3,4,55,1,1,1,1,0,0,5,53,99,1,1,21,2,0
13,130941,2,2,1,18,10,1,26,12,1,1,0,93,3,87,884,87884,66,2006,1XP5DB9XX6N6,1,X,P,5,D,B,9,X,X,6,N,6,1,1,57,0601760,570601760,3,6,1,1,0,0,0,0,0,0,0,998,0,0,0,12,4,3,12,0,0,0,1,47,37725,0,0,0,0,0,0,999,999,0,0,0,0,0,0,0,0,0,0,0,0,0,0,3,4,55,1,1,1,4,0,0,1,50,99,1,1,20,0,0
13,130942,1,4,1,7,11,16,8,12,6,1,0,13,0,2,482,2482,31,1988,1JTHS6412JT2,1,J,T,H,S,6,4,1,2,J,T,2,0,0,0,000000000,00000000000,0,0,0,1,0,0,0,0,0,0,0,998,0,0,0,1,6,2,12,0,0,0,1,13,31095,6,1,6,0,3,1,63,155,98,0,0,0,0,0,0,0,0,0,38,0,0,0,2,4,55,1,1,2,1,0,0,11,15,99,1,1,68,1,0