STATE,ST_CASE,VEH_NO,VE_FORMS,NUMOCCS,DAY,MONTH,HOUR,MINUTE,HARM_EV,MAN_COLL,UNITTYPE,HIT_RUN,REG_STAT,OWNER,MAKE,MODEL,MAK_MOD,BODY_TYP,MOD_YEAR,VIN,VIN_1,VIN_2,VIN_3,VIN_4,VIN_5,VIN_6,VIN_7,VIN_8,VIN_9,VIN_10,VIN_11,VIN_12,TOW_VEH,J_KNIFE,MCARR_I1,MCARR_I2,MCARR_ID,GVWR,V_CONFIG,CARGO_BT,HAZ_INV,HAZ_PLAC,HAZ_ID,HAZ_CNO,HAZ_REL,BUS_USE,SPEC_USE,EMER_USE,TRAV_SP,UNDERIDE,ROLLOVER,ROLINLOC,IMPACT1,DEFORMED,TOWED,M_HARM,VEH_SC1,VEH_SC2,FIRE_EXP,DR_PRES,L_STATE,DR_ZIP,L_STATUS,L_TYPE,CDL_STAT,L_ENDORS,L_COMPL,L_RESTRI,DR_HGT,DR_WGT,PREV_ACC,PREV_SUS,PREV_DWI,PREV_SPD,PREV_OTH,FIRST_MO,FIRST_YR,LAST_MO,LAST_YR,SPEEDREL,DR_SF1,DR_SF2,DR_SF3,DR_SF4,VTRAFWAY,VNUM_LAN,VSPD_LIM,VALIGN,VPROFILE,VPAVETYP,VSURCOND,VTRAFCON,VTCONT_F,P_CRASH1,P_CRASH2,P_CRASH3,PCRASH4,PCRASH5,ACC_TYPE,DEATHS,DR_DRINK
13,130985,2,2,1,30,11,19,16,12,6,1,0,13,2,12,3,12003,2,2007,1ZVFT80N9752,1,Z,V,F,T,8,0,N,9,7,5,2,0,0,0,000000000,00000000000,0,0,0,1,0,0,0,0,0,0,0,998,0,1,5,12,6,2,12,0,0,0,1,13,30233,6,2,0,0,3,0,64,117,98,0,0,0,0,0,0,0,0,0,0,0,0,0,1,2,55,1,2,2,1,0,0,1,66,99,1,1,88,0,0
13,130986,1,1,1,25,8,8,17,35,0,1,0,13,2,54,35,54035,4,2003,19UUA56773A0,1,9,U,U,A,5,6,7,7,3,A,0,0,0,0,000000000,00000000000,0,0,0,1,0,0,0,0,0,0,0,998,0,1,5,14,6,2,42,0,0,0,1,13,30294,6,1,0,0,3,3,70,110,98,0,0,0,1,12,2013,12,2013,3,0,0,0,0,1,2,45,2,2,2,1,0,0,14,13,9,3,4,2,1,0
13,130987,1,1,2,13,9,22,22,42,0,1,0,13,1,22,22,22022,4,2008,1G2ZG57N5841,1,G,2,Z,G,5,7,N,5,8,4,1,0,0,0,000000000,00000000000,0,0,0,1,0,0,0,0,0,0,0,998,0,1,3,3,6,2,42,0,0,0,1,13,30213,6,1,0,0,3,3,72,160,98,0,0,0,0,0,0,0,0,3,80,0,0,0,2,2,55,1,2,1,1,98,3,1,1,99,2,4,7,1,0
13,130988,1,2,1,22,9,7,2,12,2,1,0,13,1,12,3,12003,2,2006,1ZVFT80N0651,1,Z,V,F,T,8,0,N,0,6,5,1,0,0,0,000000000,00000000000,0,0,0,1,0,0,0,0,0,0,0,998,0,0,0,12,6,2,12,0,0,0,1,13,30238,6,1,0,0,3,3,64,165,98,0,0,1,0,8,2014,8,2014,0,28,0,0,0,5,5,55,1,1,2,2,0,0,1,10,99,1,2,50,0,1
13,130988,2,2,1,22,9,7,2,12,2,1,0,13,1,6,14,6014,4,1989,1C3BC4632KD4,1,C,3,B,C,4,6,3,2,K,D,4,0,0,0,000000000,00000000000,0,0,0,1,0,0,0,0,0,0,0,998,0,0,0,12,6,2,12,0,0,0,1,13,30296,6,1,6,0,3,3,71,200,98,0,0,0,0,0,0,0,0,0,0,0,0,0,5,5,55,1,1,2,2,0,0,1,62,99,1,1,51,1,0
13,130989,1,1,1,22,9,10,19,33,0,1,0,13,2,12,401,12401,14,1998,1FMZU32P7WZA,1,F,M,Z,U,3,2,P,7,W,Z,A,0,0,0,000000000,00000000000,0,0,0,1,0,0,0,0,0,0,0,998,0,1,5,14,6,2,39,32,0,0,1,13,30165,6,1,0,0,3,0,71,210,98,3,0,0,2,1,2012,6,2014,4,37,36,58,0,1,2,35,2,5,2,1,0,0,14,13,6,4,4,2,1,0
13,130990,1,1,1,25,11,12,10,42,0,1,0,13,1,41,51,41051,4,2010,JM1BL1SFXA12,J,M,1,B,L,1,S,F,X,A,1,2,0,0,0,000000000,00000000000,0,0,0,1,0,0,0,0,0,0,0,998,0,0,0,12,6,2,42,0,0,0,1,13,30546,6,1,0,0,3,3,74,240,98,0,0,0,1,10,2012,10,2012,0,0,0,0,0,1,2,45,2,1,2,1,0,0,14,12,1,1,4,6,1,0
13,130991,1,1,1,1,12,9,49,34,0,1,0,13,1,23,481,23481,31,2014,3GTU2VEC7EG4,3,G,T,U,2,V,E,C,7,E,G,4,0,0,0,000000000,00000000000,0,0,0,1,0,0,0,0,0,0,0,998,0,0,0,14,6,2,34,0,0,0,1,13,30276,6,1,0,0,3,0,72,165,98,0,0,0,0,0,0,0,0,0,0,0,0,0,1,2,55,1,6,2,1,0,0,1,12,99,9,4,6,1,0
13,130992,1,1,1,1,12,12,17,42,0,1,9,13,3,82,881,82881,66,2001,1FUJACAS61LJ,1,F,U,J,A,C,A,S,6,1,L,J,1,1,13,2193563,132193563,3,6,1,1,0,0,0,0,0,0,0,998,0,1,5,12,6,2,42,0,0,0,1,1,35951,6,1,6,0,3,3,70,162,0,0,0,0,0,0,0,0,0,0,0,0,0,0,1,2,55,3,5,2,1,0,0,14,13,99,9,4,1,1,0
13,130993,1,2,1,2,12,10,22,12,6,1,0,13,1,20,422,20422,15,2012,1GNSCHE04CR2,1,G,N,S,C,H,E,0,4,C,R,2,0,0,0,000000000,00000000000,0,0,0,1,0,0,0,0,0,0,0,998,0,0,0,1,6,2,12,0,0,0,1,13,31216,6,1,0,0,3,3,69,220,98,0,0,0,0,0,0,0,0,0,0,0,0,0,6,2,99,1,2,1,1,3,3,11,15,99,1,1,68,0,0
13,130993,2,2,1,2,12,10,22,12,6,1,0,13,2,52,35,52035,4,2001,JA3AY26C61U0,J,A,3,A,Y,2,6,C,6,1,U,0,0,0,0,000000000,00000000000,0,0,0,1,0,0,0,0,0,0,0,998,0,0,0,12,6,2,12,0,0,0,1,13,31216,1,1,0,0,2,0,75,197,98,0,0,0,0,0,0,0,0,3,39,0,0,0,2,2,99,1,2,1,1,3,3,1,66,99,1,1,69,1,1
13,130994,1,1,2,2,12,10,24,8,0,1,0,13,2,23,481,23481,31,1998,1GTGC29R6WE5,1,G,T,G,C,2,9,R,6,W,E,5,0,0,0,000000000,00000000000,0,0,0,1,0,0,0,0,0,0,0,998,0,0,0,12,2,5,8,0,0,0,1,13,30087,6,1,0,0,3,0,70,225,98,1,0,0,2,5,2014,5,2014,0,0,0,0,0,1,2,35,1,2,2,1,0,0,1,80,99,1,1,13,0,0
13,130995,1,1,2,3,12,4,22,35,0,1,0,92,0,37,32,37032,4,2009,1HGCP36809A0,1,H,G,C,P,3,6,8,0,9,A,0,0,0,0,000000000,00000000000,0,0,0,1,0,0,0,0,0,0,0,998,0,0,0,12,6,2,42,0,0,1,1,13,31906,6,1,0,0,3,0,71,155,98,0,0,1,0,2,2013,2,2013,0,37,36,0,0,3,2,70,1,5,2,1,0,0,1,13,99,9,4,2,1,0
13,130996,1,2,1,3,12,17,30,12,6,1,0,13,1,20,23,20023,6,2006,3GNDA13D86S6,3,G,N,D,A,1,3,D,8,6,S,6,0,0,0,000000000,00000000000,0,0,0,1,0,0,0,0,0,0,0,998,0,0,0,11,6,2,12,0,0,0,1,13,30646,6,1,0,0,3,3,66,185,98,0,0,0,0,0,0,0,0,0,38,0,0,0,1,2,35,1,1,2,1,20,3,1,17,99,9,1,89,1,0
13,130996,2,2,1,3,12,17,30,12,6,1,0,13,1,7,482,7482,31,1998,1B7MF3361WJ2,1,B,7,M,F,3,3,6,1,W,J,2,0,0,0,000000000,00000000000,0,0,0,1,0,0,0,0,0,0,0,998,0,0,0,12,6,2,12,0,0,0,1,13,30628,6,1,0,0,3,0,64,115,98,0,0,1,3,8,2012,1,2013,0,0,0,0,0,1,4,55,1,1,2,1,0,0,1,66,99,9,1,88,0,0
13,130997,1,3,1,3,12,20,20,12,2,1,0,13,1,12,481,12481,31,1985,1FTCF15FXFLA,1,F,T,C,F,1,5,F,X,F,L,A,0,0,0,000000000,00000000000,0,0,0,1,0,0,0,0,0,0,0,998,0,1,5,12,6,2,12,0,0,0,1,13,30510,6,1,0,0,3,3,71,205,98,0,0,1,0,8,2013,8,2013,0,28,0,0,0,1,2,55,2,5,2,1,0,0,14,10,99,9,2,50,1,0
13,130997,2,3,1,3,12,20,20,12,2,1,0,13,1,12,401,12401,14,2008,1FMEU63E18UA,1,F,M,E,U,6,3,E,1,8,U,A,0,0,0,000000000,00000000000,0,0,0,1,0,0,0,0,0,0,0,998,0,0,0,12,6,2,12,0,0,0,1,13,30528,6,1,0,0,3,0,64,180,98,0,0,1,0,10,2013,10,2013,0,0,0,0,0,1,2,55,3,6,2,1,0,0,14,62,7,9,1,51,0,0
13,130997,3,3,1,3,12,20,20,12,2,1,0,13,1,59,421,59421,15,2001,JTJHT00W9135,J,T,J,H,T,0,0,W,9,1,3,5,0,0,0,000000000,00000000000,0,0,0,1,0,0,0,0,0,0,0,998,0,0,0,12,6,2,12,0,0,0,1,13,30523,6,1,0,0,3,0,72,155,98,0,0,0,0,0,0,0,0,0,0,0,0,0,1,2,55,3,6,2,1,0,0,14,62,7,9,4,98,0,0
13,130998,1,1,1,4,12,22,4,8,0,1,0,92,0,34,34,34034,2,2002,WBABN33442PG,W,B,A,B,N,3,3,4,4,2,P,G,0,0,0,000000000,00000000000,0,0,0,1,0,0,0,0,0,0,0,998,0,0,0,12,4,3,8,0,0,0,1,13,30034,6,1,0,0,3,0,72,240,98,0,0,0,0,0,0,0,0,0,0,0,0,0,1,2,35,1,1,2,1,0,0,1,80,1,1,1,13,0,0
13,130999,1,1,1,4,12,6,43,8,0,1,0,13,1,13,1,13001,4,1999,1LNHM83WXXY6,1,L,N,H,M,8,3,W,X,X,Y,6,0,0,0,000000000,00000000000,0,0,0,1,0,0,0,0,0,0,0,998,0,0,0,12,6,2,8,0,0,0,1,13,31904,6,1,0,0,3,0,71,250,98,0,0,0,0,0,0,0,0,0,0,0,0,0,2,2,65,1,1,2,1,0,0,15,80,6,1,1,13,0,0
13,131000,1,1,1,4,12,3,48,42,0,1,0,13,1,12,17,12017,4,2004,1FAFP55U04A1,1,F,A,F,P,5,5,U,0,4,A,1,0,0,0,000000000,00000000000,0,0,0,1,0,0,0,0,0,0,0,998,0,1,5,10,6,2,1,0,0,0,1,13,31024,6,1,0,0,3,0,72,185,98,0,0,1,0,9,2014,9,2014,0,0,0,0,0,1,2,55,2,1,2,1,0,0,14,12,1,1,4,6,1,0
13,131001,1,1,3,5,12,17,50,42,0,1,0,92,0,2,404,2404,14,2005,1J4HR48N05C6,1,J,4,H,R,4,8,N,0,5,C,6,0,0,0,000000000,00000000000,0,0,0,1,0,0,0,0,0,0,0,998,0,0,0,12,6,2,42,0,0,0,1,13,30286,6,1,0,0,3,3,69,170,98,0,0,0,0,0,0,0,0,0,0,0,0,0,1,2,45,3,1,2,1,0,0,14,13,1,1,4,1,1,0
13,131002,1,1,1,6,12,17,34,1,0,1,0,13,1,72,706,72706,80,2005,1HD1FXV125Y7,1,H,D,1,F,X,V,1,2,5,Y,7,0,0,0,000000000,00000000000,0,0,0,1,0,0,0,0,0,0,0,998,0,0,0,0,6,2,1,0,0,0,1,13,31329,6,1,6,0,3,0,70,180,98,0,0,0,0,0,0,0,0,0,0,0,0,0,1,2,45,3,1,2,1,0,0,14,13,99,9,4,2,1,1
13,131003,1,1,1,6,12,13,50,42,0,1,0,13,1,23,481,23481,31,1993,1GTDC14H3PZ5,1,G,T,D,C,1,4,H,3,P,Z,5,0,0,0,000000000,00000000000,0,0,0,1,0,0,0,0,0,0,0,998,0,0,0,9,6,2,42,0,0,0,1,13,30705,6,1,0,0,3,0,71,250,98,1,0,0,0,5,2013,5,2013,4,87,0,0,0,1,2,40,2,5,2,2,0,0,14,6,7,3,4,2,1,0
13,131004,1,1,8,7,12,15,15,1,0,1,0,13,1,7,402,7402,14,2003,1D4HR48N63F6,1,D,4,H,R,4,8,N,6,3,F,6,0,0,0,000000000,00000000000,0,0,0,1,0,0,0,0,0,0,0,998,0,2,1,0,6,2,1,0,0,0,1,13,30134,6,1,99,9,3,9,65,185,98,0,0,0,0,0,0,0,0,0,58,0,0,0,3,3,65,1,5,2,1,0,0,1,9,99,5,3,98,1,0
13,131005,1,2,1,7,12,21,22,12,2,1,0,13,1,20,471,20471,30,1995,1GCCS14Z8SK2,1,G,C,C,S,1,4,Z,8,S,K,2,0,0,0,000000000,00000000000,0,0,0,1,0,0,0,0,0,0,0,998,0,0,0,12,6,2,12,0,0,0,1,13,30233,1,1,0,0,2,0,73,220,98,4,0,1,2,11,2013,11,2014,0,28,0,0,0,1,2,55,2,2,2,1,0,0,14,10,99,1,2,50,0,0
13,131005,2,2,2,7,12,21,22,12,2,1,0,13,2,20,471,20471,30,1989,1GCBS14EXK21,1,G,C,B,S,1,4,E,X,K,2,1,0,0,0,000000000,00000000000,0,0,0,1,0,0,0,0,0,0,0,998,0,0,0,12,6,2,12,32,0,0,1,13,30252,6,2,0,0,3,3,68,210,98,0,0,0,0,0,0,0,0,0,0,0,0,0,1,2,55,3,2,2,1,0,0,14,62,99,1,1,51,1,0
13,131006,1,2,3,7,12,14,25,12,2,1,0,13,2,59,34,59034,4,2006,JTHBN96SX650,J,T,H,B,N,9,6,S,X,6,5,0,0,0,0,000000000,00000000000,0,0,0,1,0,0,0,0,0,0,0,998,0,1,1,12,6,2,12,0,0,0,1,13,30824,6,7,0,0,3,0,74,250,98,0,0,0,1,11,2014,11,2014,3,28,36,0,0,1,2,55,2,1,2,1,0,0,14,10,99,9,2,50,3,1
13,131006,2,2,2,7,12,14,25,12,2,1,0,13,1,49,403,49403,14,2005,JTEGD21A3501,J,T,E,G,D,2,1,A,3,5,0,1,0,0,0,000000000,00000000000,0,0,0,1,0,0,0,0,0,0,0,998,0,0,0,12,6,2,12,0,0,0,1,13,30815,6,1,0,0,3,0,64,140,98,0,0,1,0,9,2012,9,2012,0,0,0,0,0,1,2,55,3,1,2,1,0,0,14,62,99,9,1,51,1,0
13,131007,1,3,1,8,12,9,5,12,2,1,0,12,1,12,17,12017,4,1999,1FAFP53U9XA1,1,F,A,F,P,5,3,U,9,X,A,1,0,0,0,000000000,00000000000,0,0,0,1,0,0,0,0,0,0,0,998,0,0,0,12,6,2,12,0,0,0,1,12,32763,6,1,0,0,3,0,72,999,0,1,0,2,1,1,2013,7,2014,4,28,36,0,0,1,4,35,1,1,2,1,0,0,1,10,99,1,2,50,0,0
13,131007,2,3,1,8,12,9,5,12,2,1,0,92,0,63,34,63034,4,2013,5XXGN4A71DG2,5,X,X,G,N,4,A,7,1,D,G,2,0,0,0,000000000,00000000000,0,0,0,1,0,0,0,0,0,0,0,998,0,0,0,12,6,2,12,0,0,0,1,13,30317,6,1,0,0,3,3,65,120,98,0,0,1,0,8,2013,8,2013,0,0,0,0,0,1,4,35,1,1,2,1,0,0,1,62,99,1,1,51,0,0
13,131007,3,3,1,8,12,9,5,12,2,1,0,13,1,55,36,55036,4,2009,KMHCN46C39U3,K,M,H,C,N,4,6,C,3,9,U,3,0,0,0,000000000,00000000000,0,0,0,1,0,0,0,0,0,0,0,998,0,0,0,12,6,2,12,0,0,0,1,13,30317,6,1,0,0,3,3,61,107,98,0,0,1,0,2,2014,2,2014,0,0,0,0,0,1,4,35,1,1,2,1,0,0,1,62,99,1,1,98,1,0
13,131008,1,2,1,8,12,6,32,12,1,1,0,13,1,12,37,12037,4,2005,1FAFP34N75W2,1,F,A,F,P,3,4,N,7,5,W,2,0,0,0,000000000,00000000000,0,0,0,1,0,0,0,0,0,0,0,0,0,0,0,6,6,2,12,0,0,0,1,13,31632,6,1,0,0,3,0,70,190,98,0,0,0,0,0,0,0,0,0,54,0,0,0,3,3,70,1,1,2,1,0,0,5,53,1,1,1,21,1,0
13,131008,2,2,1,8,12,6,32,12,1,1,0,18,3,82,881,82881,66,2013,3ALXA700XDDF,3,A,L,X,A,7,0,0,X,D,D,F,1,1,57,264184,57264184,3,6,1,1,0,0,0,0,0,0,0,998,7,1,6,12,6,2,12,0,0,0,1,13,31705,6,1,6,0,3,0,66,250,98,0,0,0,0,0,0,0,0,0,0,0,0,0,3,3,70,1,1,2,1,0,0,1,50,1,1,1,20,0,0
13,131009,1,1,1,8,12,20,27,8,0,1,0,13,2,12,401,12401,14,2003,1FMZU63K43UA,1,F,M,Z,U,6,3,K,4,3,U,A,0,0,0,000000000,00000000000,0,0,0,1,0,0,0,0,0,0,0,998,0,0,0,12,6,2,8,0,0,0,1,13,30013,6,1,0,0,3,0,61,120,98,0,0,0,0,0,0,0,0,0,0,0,0,0,1,2,45,1,1,2,1,0,0,1,80,99,9,1,13,0,0
13,131010,1,1,1,8,12,12,5,14,0,1,0,13,2,6,41,6041,4,1999,2C3HD46R6XH7,2,C,3,H,D,4,6,R,6,X,H,7,0,0,0,000000000,00000000000,0,0,0,1,0,0,0,0,0,0,0,998,0,0,0,12,6,2,14,0,0,1,1,13,30189,6,1,5,0,3,0,67,165,98,4,1,0,3,5,2012,9,2013,0,99,99,99,99,3,3,70,1,1,2,1,0,0,1,12,99,9,4,10,1,0
13,131011,1,1,1,9,12,8,50,24,0,1,0,13,1,12,37,12037,4,2012,1FAHP3F2XCL3,1,F,A,H,P,3,F,2,X,C,L,3,0,0,0,000000000,00000000000,0,0,0,1,0,0,0,0,0,0,0,998,0,0,0,11,6,2,21,0,0,0,1,13,30265,6,1,0,0,3,3,67,140,98,0,0,0,1,9,2014,9,2014,0,99,99,99,99,3,3,65,1,5,2,1,0,0,1,9,99,9,4,10,1,0
13,131012,1,2,2,10,12,17,2,12,6,1,0,13,1,20,36,20036,2,2007,2G1WK15K3792,2,G,1,W,K,1,5,K,3,7,9,2,0,0,0,000000000,00000000000,0,0,0,1,0,0,0,0,0,0,0,998,0,0,0,2,6,2,12,0,0,0,1,13,30666,6,1,0,0,3,0,65,150,98,0,0,0,0,0,0,0,0,0,38,0,0,0,2,2,65,1,4,1,1,3,3,11,15,99,9,1,68,1,0
13,131012,2,2,1,10,12,17,2,12,6,1,0,93,3,82,881,82881,66,2003,1FUJA6AV43LK,1,F,U,J,A,6,A,V,4,3,L,K,1,1,57,640863,57640863,3,6,1,1,0,0,0,0,0,0,0,998,0,0,0,12,6,2,12,0,0,0,1,13,30458,6,1,6,0,3,3,76,240,98,0,0,0,0,0,0,0,0,0,0,0,0,0,2,2,65,1,4,1,1,3,3,1,62,99,9,1,69,0,0
13,131013,1,1,1,10,12,19,15,8,0,1,0,13,2,82,881,82881,66,2000,1FUYDSEB2YLG,1,F,U,Y,D,S,E,B,2,Y,L,G,1,1,57,1462654,571462654,3,6,3,1,0,0,0,0,0,0,0,998,0,0,0,12,2,3,8,0,0,0,1,13,31054,6,1,6,0,3,0,65,155,98,0,0,1,1,12,2011,12,2011,0,0,0,0,0,1,4,55,1,2,2,1,0,0,1,80,3,2,1,13,0,0
13,131014,1,1,1,10,12,6,58,8,0,1,0,13,1,12,481,12481,31,1996,1FTHF25H8TLA,1,F,T,H,F,2,5,H,8,T,L,A,0,0,0,000000000,00000000000,0,0,0,1,0,0,0,0,0,0,0,998,0,0,0,12,2,5,8,0,0,0,1,13,30083,6,1,0,0,3,3,73,245,98,0,0,0,0,0,0,0,0,0,0,0,0,0,1,4,40,1,1,2,1,0,0,1,80,1,1,1,13,0,0
13,131015,1,1,3,10,12,7,55,35,0,1,0,13,2,22,18,22018,4,2004,1G2NF52E24C2,1,G,2,N,F,5,2,E,2,4,C,2,0,0,0,000000000,00000000000,0,0,0,1,0,0,0,0,0,0,0,998,0,1,5,99,6,2,1,0,0,0,1,13,31035,6,1,0,0,3,0,67,161,98,0,0,0,0,0,0,0,0,0,58,0,0,0,1,2,45,1,1,2,1,0,0,1,12,99,9,4,10,1,0
13,131016,1,2,1,11,12,20,44,12,2,1,0,13,1,49,32,49032,4,2004,1NXBR32EX4Z2,1,N,X,B,R,3,2,E,X,4,Z,2,0,0,0,000000000,00000000000,0,0,0,1,0,0,0,0,0,0,0,80,0,0,0,12,6,2,12,0,0,0,1,13,31771,6,1,0,0,3,0,67,155,98,1,0,0,1,10,2012,3,2014,3,28,0,0,0,1,2,55,1,6,2,1,0,0,1,10,99,9,2,50,1,0
13,131016,2,2,1,11,12,20,44,12,2,1,0,13,2,41,35,41035,4,2002,JM1BJ2456216,J,M,1,B,J,2,4,5,6,2,1,6,0,0,0,000000000,00000000000,0,0,0,1,0,0,0,0,0,0,0,998,0,1,5,12,6,2,12,0,0,0,1,13,31747,0,0,0,0,0,0,60,140,98,0,0,0,0,0,0,0,0,0,0,0,0,0,1,2,55,1,5,2,1,0,0,2,62,99,9,1,51,1,0
13,131017,1,1,2,12,12,18,50,8,0,1,0,13,1,12,471,12471,30,1996,1FTCR14A8TT1,1,F,T,C,R,1,4,A,8,T,T,1,0,0,0,000000000,00000000000,0,0,0,1,0,0,0,0,0,0,0,998,0,0,0,12,2,3,8,0,0,0,1,13,30258,6,1,0,0,3,0,75,210,98,2,0,3,3,3,2012,9,2013,0,0,0,0,0,1,2,35,1,6,2,1,0,0,1,80,6,9,2,13,0,0
13,131018,1,2,2,12,12,20,40,12,6,1,0,13,1,12,401,12401,14,2002,1FMZU62E12ZC,1,F,M,Z,U,6,2,E,1,2,Z,C,0,0,0,000000000,00000000000,0,0,0,1,0,0,0,0,0,0,0,998,0,0,0,1,6,2,12,0,0,0,1,13,30721,6,1,0,0,3,3,71,200,98,0,0,0,0,0,0,0,0,0,38,0,0,0,1,2,45,1,1,2,1,0,0,11,15,99,9,1,68,0,0
13,131018,2,2,1,12,12,20,40,12,6,1,0,0,0,73,709,73709,88,2006,JKALX8A196DA,J,K,A,L,X,8,A,1,9,6,D,A,0,0,0,000000000,00000000000,0,0,0,1,0,0,0,0,0,0,0,998,0,0,0,12,6,2,12,0,0,0,1,13,30705,6,1,0,0,2,0,71,255,98,0,0,0,1,7,2014,7,2014,0,36,24,0,0,1,2,45,1,1,2,1,0,0,1,62,99,9,1,69,1,0
13,131019,1,2,1,13,12,8,19,12,6,1,0,13,2,49,40,49040,4,2000,4T1BG22KXY49,4,T,1,B,G,2,2,K,X,Y,4,9,0,0,0,000000000,00000000000,0,0,0,1,0,0,0,0,0,0,0,998,0,0,0,3,6,2,12,0,0,0,1,13,31329,6,2,0,0,3,3,68,125,98,0,0,0,0,0,0,0,0,0,39,0,0,0,1,2,35,1,1,2,1,20,3,1,17,99,9,1,87,1,0
13,131019,2,2,1,13,12,8,19,12,6,1,0,12,3,82,881,82881,66,2008,1FUJBBCK98LY,1,F,U,J,B,B,C,K,9,8,L,Y,0,0,57,2529657,572529657,3,5,96,1,0,0,0,0,0,0,0,998,0,1,5,12,6,2,12,0,0,0,1,13,30909,6,1,6,0,3,0,72,221,98,0,0,0,0,0,0,0,0,0,0,0,0,0,1,2,55,1,1,2,1,0,0,1,66,99,9,1,86,0,0
13,131020,1,1,1,13,12,3,19,53,0,1,0,13,1,19,3,19003,4,2000,1G6KD54Y2YU2,1,G,6,K,D,5,4,Y,2,Y,U,2,0,0,0,000000000,00000000000,0,0,0,1,0,0,0,0,0,0,0,998,0,1,6,12,6,2,1,0,0,0,1,13,30683,6,1,0,0,3,0,71,200,98,0,0,0,0,0,0,0,0,0,0,0,0,0,1,2,55,2,3,2,1,0,0,14,12,99,1,4,6,1,0
13,131021,1,3,1,13,12,19,5,12,6,1,0,47,2,58,37,58037,4,2004,JNKCV54E34M8,J,N,K,C,V,5,4,E,3,4,M,8,0,0,0,000000000,00000000000,0,0,0,1,0,0,0,0,0,0,0,998,0,0,0,12,6,2,12,0,0,0,1,13,30728,6,1,0,0,3,0,66,125,98,0,0,0,0,0,0,0,0,0,39,38,0,0,1,2,55,1,1,2,1,20,3,1,17,99,9,9,86,0,0
13,131021,2,3,1,13,12,19,5,12,6,1,0,1,3,20,404,20404,14,2014,2GNALBEK4E61,2,G,N,A,L,B,E,K,4,E,6,1,0,0,0,000000000,00000000000,0,0,0,1,0,0,0,0,0,0,0,998,0,1,1,1,6,2,12,0,0,0,1,13,30736,6,1,0,0,3,3,70,215,98,0,0,1,0,4,2014,4,2014,0,0,0,0,0,2,2,55,1,1,2,1,0,0,1,66,99,9,9,87,1,0
13,131021,3,3,2,13,12,19,5,12,6,1,0,13,2,37,402,37402,14,1997,JHLRD1852VC0,J,H,L,R,D,1,8,5,2,V,C,0,0,0,0,000000000,00000000000,0,0,0,1,0,0,0,0,0,0,0,998,0,0,0,12,6,2,12,0,0,0,1,13,30753,6,1,0,0,3,0,71,208,98,0,0,0,1,9,2012,9,2012,0,0,0,0,0,2,2,55,1,1,2,1,0,0,1,64,99,9,9,98,0,0
13,131022,1,1,1,14,12,3,3,33,0,1,0,13,2,20,22,20022,4,2008,1G1AL58F9872,1,G,1,A,L,5,8,F,9,8,7,2,0,0,0,000000000,00000000000,0,0,0,1,0,0,0,0,0,0,0,76,0,1,5,14,6,2,42,0,0,0,1,13,30120,6,1,0,0,3,0,72,180,98,0,0,1,0,11,2013,11,2013,3,0,0,0,0,2,2,35,2,2,2,1,0,0,14,13,99,3,4,2,1,1
13,131023,1,2,1,14,12,12,42,12,6,1,0,13,1,12,17,12017,4,2003,1FAHP56S03A2,1,F,A,H,P,5,6,S,0,3,A,2,0,0,0,000000000,00000000000,0,0,0,1,0,0,0,0,0,0,0,998,0,0,0,3,6,2,12,32,0,0,1,13,30004,6,1,0,0,3,3,75,215,98,0,0,0,0,0,0,0,0,0,38,0,0,0,5,5,45,1,2,2,1,0,0,11,15,99,1,1,68,1,0
13,131023,2,2,3,14,12,12,42,12,6,1,1,92,0,34,35,34035,4,2014,WBAKN9C5XED6,W,B,A,K,N,9,C,5,X,E,D,6,0,0,0,000000000,00000000000,0,0,0,1,0,0,0,0,0,0,0,998,0,0,0,12,6,2,12,0,0,0,1,13,30040,6,1,0,0,3,0,74,215,98,1,0,0,0,3,2013,3,2013,0,0,0,0,0,5,5,45,1,2,2,1,0,0,1,62,99,9,1,69,0,0
13,131024,1,2,1,15,12,23,19,12,7,1,0,13,1,12,481,12481,31,2001,1FTRW07L61KA,1,F,T,R,W,0,7,L,6,1,K,A,0,0,0,000000000,00000000000,0,0,0,1,0,0,0,0,0,0,0,998,0,0,0,1,6,2,2,0,0,1,1,13,30677,1,1,1,0,2,0,70,180,98,3,0,1,3,12,2011,10,2014,4,84,0,0,0,1,2,35,1,1,1,1,0,0,6,65,6,1,2,46,1,1
13,131024,2,2,1,15,12,23,19,12,7,1,0,19,1,37,31,37031,4,2000,JHMEJ6677YS0,J,H,M,E,J,6,6,7,7,Y,S,0,0,0,0,000000000,00000000000,0,0,0,1,0,0,0,0,0,0,0,998,0,0,0,7,4,3,12,0,0,0,1,19,52302,6,1,0,0,3,3,71,160,0,0,0,0,0,0,0,0,0,0,38,0,0,0,1,2,35,1,1,1,1,0,0,1,53,99,1,7,45,0,0
13,131025,1,3,1,15,12,7,38,12,6,1,0,13,1,37,402,37402,14,2013,3CZRM3H30DG7,3,C,Z,R,M,3,H,3,0,D,G,7,0,0,0,000000000,00000000000,0,0,0,1,0,0,0,0,0,0,0,998,0,0,0,12,4,3,12,0,0,0,1,13,30126,6,1,0,0,3,0,61,108,98,0,0,0,1,6,2013,6,2013,0,38,91,0,0,5,5,45,1,2,2,1,20,3,1,19,99,1,7,90,0,0