STATE,ST_CASE,VEH_NO,VE_FORMS,NUMOCCS,DAY,MONTH,HOUR,MINUTE,HARM_EV,MAN_COLL,UNITTYPE,HIT_RUN,REG_STAT,OWNER,MAKE,MODEL,MAK_MOD,BODY_TYP,MOD_YEAR,VIN,VIN_1,VIN_2,VIN_3,VIN_4,VIN_5,VIN_6,VIN_7,VIN_8,VIN_9,VIN_10,VIN_11,VIN_12,TOW_VEH,J_KNIFE,MCARR_I1,MCARR_I2,MCARR_ID,GVWR,V_CONFIG,CARGO_BT,HAZ_INV,HAZ_PLAC,HAZ_ID,HAZ_CNO,HAZ_REL,BUS_USE,SPEC_USE,EMER_USE,TRAV_SP,UNDERIDE,ROLLOVER,ROLINLOC,IMPACT1,DEFORMED,TOWED,M_HARM,VEH_SC1,VEH_SC2,FIRE_EXP,DR_PRES,L_STATE,DR_ZIP,L_STATUS,L_TYPE,CDL_STAT,L_ENDORS,L_COMPL,L_RESTRI,DR_HGT,DR_WGT,PREV_ACC,PREV_SUS,PREV_DWI,PREV_SPD,PREV_OTH,FIRST_MO,FIRST_YR,LAST_MO,LAST_YR,SPEEDREL,DR_SF1,DR_SF2,DR_SF3,DR_SF4,VTRAFWAY,VNUM_LAN,VSPD_LIM,VALIGN,VPROFILE,VPAVETYP,VSURCOND,VTRAFCON,VTCONT_F,P_CRASH1,P_CRASH2,P_CRASH3,PCRASH4,PCRASH5,ACC_TYPE,DEATHS,DR_DRINK
13,131025,2,3,1,15,12,7,38,12,6,1,0,13,3,54,35,54035,4,1999,19UUA5657XA0,1,9,U,U,A,5,6,5,7,X,A,0,0,0,0,000000000,00000000000,0,0,0,1,0,0,0,0,0,0,0,998,0,0,0,1,6,2,12,0,0,0,1,13,30168,6,1,0,0,3,3,68,190,98,5,0,3,2,1,2012,11,2013,0,12,0,0,0,5,5,45,1,2,2,1,0,0,1,73,99,1,1,90,1,0
13,131025,3,3,1,15,12,7,38,12,6,1,0,13,1,19,3,19003,4,2005,1G6KD54Y45U1,1,G,6,K,D,5,4,Y,4,5,U,1,0,0,0,000000000,00000000000,0,0,0,1,0,0,0,0,0,0,0,998,0,0,0,12,6,2,12,0,0,0,1,13,30126,6,1,0,0,3,3,61,111,98,0,0,0,0,0,0,0,0,0,0,0,0,0,5,5,45,1,2,2,1,0,0,1,62,99,1,1,98,0,0
13,131026,1,1,1,15,12,13,43,34,0,1,0,13,1,2,403,2403,14,2001,1J4FA29P81P3,1,J,4,F,A,2,9,P,8,1,P,3,0,0,0,000000000,00000000000,0,0,0,1,0,0,0,0,0,0,0,998,0,1,5,1,6,2,1,0,0,0,1,13,31771,6,1,6,0,3,0,71,210,98,0,0,0,0,0,0,0,0,0,58,0,0,0,1,2,55,2,1,2,1,0,0,14,13,6,4,4,7,1,0
13,131027,1,2,1,15,12,20,52,12,6,1,0,13,1,7,442,7442,20,2000,1B4GP44R6YB5,1,B,4,G,P,4,4,R,6,Y,B,5,0,0,0,000000000,00000000000,0,0,0,1,0,0,0,0,0,0,0,998,0,0,0,1,6,2,12,32,0,0,1,13,30041,6,1,0,0,3,3,71,190,98,0,0,0,0,0,0,0,0,0,38,0,0,0,1,3,45,1,3,2,2,3,3,11,15,99,1,1,84,1,0
13,131027,2,2,2,15,12,20,52,12,6,1,0,13,1,12,401,12401,14,1996,1FMEU15H5TLB,1,F,M,E,U,1,5,H,5,T,L,B,0,0,0,000000000,00000000000,0,0,0,1,0,0,0,0,0,0,0,998,0,0,0,12,6,2,12,0,0,0,1,13,30534,6,1,0,0,3,0,67,130,98,0,0,0,0,0,0,0,0,0,0,0,0,0,1,4,45,1,3,2,2,3,3,1,65,99,1,1,84,0,0
13,131028,1,2,2,15,12,12,52,12,6,1,0,13,1,20,4,20004,2,1999,1G1YY12G1X51,1,G,1,Y,Y,1,2,G,1,X,5,1,0,0,0,000000000,00000000000,0,0,0,1,0,0,0,0,0,0,0,998,0,0,0,9,6,2,12,0,0,0,1,13,30281,6,1,0,0,3,0,70,210,98,0,0,0,1,7,2013,7,2013,0,38,0,0,0,1,2,45,1,2,2,1,0,0,11,15,99,1,1,82,2,0
13,131028,2,2,1,15,12,12,52,12,6,1,0,34,2,7,24,7024,4,2014,2C3CDXCT7EH1,2,C,3,C,D,X,C,T,7,E,H,1,0,0,0,000000000,00000000000,0,0,0,1,0,0,0,0,0,0,0,998,0,0,0,12,6,2,12,0,0,0,1,13,30281,6,1,0,0,3,0,71,210,98,0,0,0,2,2,2012,10,2013,3,0,0,0,0,1,2,45,1,2,2,1,0,0,1,72,3,2,1,83,0,0
13,131029,1,3,2,15,12,16,19,12,1,1,0,13,1,20,2,20002,4,2006,2G1WT58K9691,2,G,1,W,T,5,8,K,9,6,9,1,0,0,0,000000000,00000000000,0,0,0,1,0,0,0,0,0,0,0,998,0,0,0,12,4,3,12,0,0,0,1,13,31907,6,1,0,0,3,0,71,176,98,0,0,0,0,0,0,0,0,0,26,39,0,0,1,3,35,1,1,2,1,3,3,1,50,6,1,1,20,1,0
13,131029,2,3,1,15,12,16,19,12,1,1,0,13,1,49,40,49040,4,1998,4T1BG22K1WU2,4,T,1,B,G,2,2,K,1,W,U,2,0,0,0,000000000,00000000000,0,0,0,1,0,0,0,0,0,0,0,0,0,0,0,6,6,2,12,0,0,0,1,13,31906,6,1,0,0,3,3,64,170,98,0,0,0,0,0,0,0,0,0,0,0,0,0,1,3,35,1,1,2,1,3,3,5,53,1,1,1,21,0,0
13,131029,3,3,1,15,12,16,19,12,1,1,0,13,1,23,401,23401,14,2003,1GKDS13S0323,1,G,K,D,S,1,3,S,0,3,2,3,0,0,0,000000000,00000000000,0,0,0,1,0,0,0,0,0,0,0,0,0,0,0,12,2,3,12,0,0,0,1,13,31906,1,1,0,0,2,0,66,170,98,0,0,0,0,0,0,0,0,0,0,0,0,0,1,2,35,1,2,2,1,3,3,5,62,2,1,1,98,0,0
13,131030,1,2,1,16,12,12,19,12,6,1,0,13,1,2,404,2404,14,2004,1J4GX58S74C1,1,J,4,G,X,5,8,S,7,4,C,1,0,0,0,000000000,00000000000,0,0,0,1,0,0,0,0,0,0,0,998,0,0,0,9,6,2,12,0,0,0,1,13,30830,6,1,0,0,3,3,64,150,98,0,0,0,0,0,0,0,0,0,39,0,0,0,5,5,45,1,1,2,2,3,3,1,17,99,9,1,89,1,0
13,131030,2,2,1,16,12,12,19,12,6,1,0,93,1,82,881,82881,66,1998,2FUPFDYB5WA9,2,F,U,P,F,D,Y,B,5,W,A,9,1,1,13,847797,13847797,3,6,1,1,0,0,0,0,0,0,0,998,0,0,0,12,6,2,12,0,0,0,1,13,30467,6,1,6,0,3,0,74,270,98,0,0,0,0,0,0,0,0,0,0,0,0,0,2,2,55,1,1,2,2,3,3,1,66,99,9,1,88,0,0
13,131031,1,2,1,16,12,21,35,12,8,1,0,13,2,12,37,12037,2,2001,3FAFP31341R2,3,F,A,F,P,3,1,3,4,1,R,2,0,0,0,000000000,00000000000,0,0,0,1,0,0,0,0,0,0,0,998,0,0,0,11,6,2,12,0,0,0,1,13,30223,6,1,0,0,3,0,68,200,98,0,0,0,0,0,0,0,0,0,28,0,0,0,1,2,55,1,1,2,1,0,0,1,10,99,9,2,64,1,0
13,131031,2,2,1,16,12,21,35,12,8,1,0,13,1,41,51,41051,4,2005,JM1BK1234513,J,M,1,B,K,1,2,3,4,5,1,3,0,0,0,000000000,00000000000,0,0,0,1,0,0,0,0,0,0,0,998,0,0,0,11,6,2,12,0,0,0,1,13,30224,6,1,0,0,3,0,60,150,98,0,0,0,0,0,0,0,0,0,0,0,0,0,1,2,55,1,1,2,1,0,0,1,62,99,9,1,65,0,0
13,131032,1,1,1,16,12,18,52,8,0,1,0,13,1,20,36,20036,2,2003,2G1WX12K4391,2,G,1,W,X,1,2,K,4,3,9,1,0,0,0,000000000,00000000000,0,0,0,1,0,0,0,0,0,0,0,64,0,0,0,12,6,2,8,0,0,0,1,13,30253,6,1,0,0,3,0,68,218,98,3,0,2,0,5,2012,11,2012,3,0,0,0,0,1,2,45,1,2,2,1,0,0,1,80,99,1,1,13,0,0
13,131033,1,2,2,16,12,14,6,12,6,1,0,13,1,37,32,37032,4,2001,1HGCG16561A0,1,H,G,C,G,1,6,5,6,1,A,0,0,0,0,000000000,00000000000,0,0,0,1,0,0,0,0,0,0,0,998,0,0,0,3,6,2,12,0,0,0,1,13,31005,6,1,0,0,3,0,66,189,98,0,0,0,0,0,0,0,0,0,38,0,0,0,5,5,45,1,1,2,1,3,3,11,15,99,9,1,68,1,0
13,131033,2,2,1,16,12,14,6,12,6,1,0,13,1,12,471,12471,30,1997,1FTCR14AXVPA,1,F,T,C,R,1,4,A,X,V,P,A,0,0,0,000000000,00000000000,0,0,0,1,0,0,0,0,0,0,0,998,0,0,0,12,6,2,12,32,0,0,1,13,31028,6,1,0,0,3,0,70,212,98,0,0,0,0,0,0,0,0,0,0,0,0,0,5,5,45,1,1,2,1,3,3,1,62,99,9,1,69,0,0
13,131034,1,1,1,26,8,3,46,42,0,1,0,13,3,20,481,20481,31,2001,1GCHK29G51E3,1,G,C,H,K,2,9,G,5,1,E,3,0,0,0,000000000,00000000000,0,0,0,1,0,0,0,0,0,0,0,998,0,1,5,5,6,2,1,0,0,0,1,13,31904,6,1,0,0,3,0,72,170,98,0,0,0,0,0,0,0,0,3,0,0,0,0,1,2,35,3,1,2,1,0,0,14,13,99,1,4,1,1,0
13,131035,1,2,1,26,9,15,9,12,6,1,0,13,1,13,421,13421,15,2005,5LMFU27545LJ,5,L,M,F,U,2,7,5,4,5,L,J,0,0,0,000000000,00000000000,0,0,0,1,0,0,0,0,0,0,0,998,0,0,0,9,8,3,12,0,0,0,1,13,31326,6,1,0,0,3,3,69,150,98,0,0,0,0,0,0,0,0,0,38,0,0,0,1,2,35,1,1,2,1,20,3,11,15,99,1,1,82,0,0
13,131035,2,2,1,26,9,15,9,12,6,1,0,13,2,53,706,53706,80,2003,JS1VS52A2321,J,S,1,V,S,5,2,A,2,3,2,1,0,0,0,000000000,00000000000,0,0,0,1,0,0,0,0,0,0,0,998,0,0,0,12,8,2,12,0,0,0,1,13,31407,6,1,0,0,3,0,66,160,98,1,0,0,0,11,2011,11,2011,0,0,0,0,0,1,2,45,1,1,2,1,0,0,6,67,99,1,1,83,1,0
13,131036,1,3,1,15,10,8,5,12,1,1,0,13,2,18,2,18002,4,2000,1G4HR54K5YU3,1,G,4,H,R,5,4,K,5,Y,U,3,0,0,0,000000000,00000000000,0,0,0,1,0,0,0,0,0,0,0,998,0,0,0,12,6,2,12,0,0,0,1,13,31907,6,1,0,0,3,0,73,270,98,0,0,0,0,0,0,0,0,0,26,0,0,0,2,4,40,1,2,1,1,0,0,1,50,2,1,1,20,1,0
13,131036,2,3,1,15,10,8,5,12,1,1,0,13,1,63,402,63402,14,2009,KNDJD7357958,K,N,D,J,D,7,3,5,7,9,5,8,0,0,0,000000000,00000000000,0,0,0,1,0,0,0,0,0,0,0,0,0,0,0,6,4,5,12,0,0,0,1,13,31903,6,1,0,0,3,0,67,175,98,0,0,0,0,0,0,0,0,0,0,0,0,0,2,4,40,1,2,1,1,0,0,5,53,99,1,1,21,0,0
13,131036,3,3,2,15,10,8,5,12,1,1,0,1,2,37,32,37032,4,2002,3HGCG56452G7,3,H,G,C,G,5,6,4,5,2,G,7,0,0,0,000000000,00000000000,0,0,0,1,0,0,0,0,0,0,0,0,0,0,0,6,2,3,12,0,0,0,1,1,36877,0,0,0,0,0,0,74,215,0,1,0,0,1,11,2011,1,2012,0,0,0,0,0,2,4,40,1,2,1,1,0,0,5,53,1,1,1,98,0,0
13,131037,1,1,1,24,10,3,30,24,0,1,0,13,2,63,34,63034,4,2013,5XXGM4A74DG1,5,X,X,G,M,4,A,7,4,D,G,1,0,0,0,000000000,00000000000,0,0,0,1,0,0,0,0,0,0,0,998,0,1,5,11,6,2,1,0,0,0,1,13,30734,6,1,0,0,3,0,71,170,98,0,0,1,2,7,2012,10,2014,0,28,58,0,0,1,3,55,2,5,2,1,28,3,14,12,99,1,4,6,1,0
13,131038,1,2,1,24,11,20,45,12,6,1,0,13,1,37,31,37031,4,2011,19XFA1F56BE0,1,9,X,F,A,1,F,5,6,B,E,0,0,0,0,000000000,00000000000,0,0,0,1,0,0,0,0,0,0,0,998,0,1,1,1,6,2,12,0,0,0,1,13,30507,6,1,0,0,3,0,69,250,98,1,0,0,1,3,2013,4,2013,0,99,99,99,99,1,2,45,1,2,2,1,0,0,1,10,99,1,2,64,1,0
13,131038,2,2,2,24,11,20,45,12,6,1,0,13,1,34,43,34043,2,2011,WBAUP7C54BVK,W,B,A,U,P,7,C,5,4,B,V,K,0,0,0,000000000,00000000000,0,0,0,1,0,0,0,0,0,0,0,998,0,0,0,12,6,2,12,0,0,0,1,13,30040,6,1,0,0,3,3,70,160,98,0,0,0,0,0,0,0,0,0,0,0,0,0,1,3,45,1,2,2,1,0,0,1,62,99,1,1,65,0,0
13,131039,1,2,1,25,11,6,32,12,6,1,0,13,1,2,404,2404,14,1997,1J4FX58S1VC7,1,J,4,F,X,5,8,S,1,V,C,7,0,0,0,000000000,00000000000,0,0,0,1,0,0,0,0,0,0,0,998,0,0,0,3,6,2,12,0,0,0,1,13,30907,6,1,0,0,3,0,64,125,98,0,0,0,0,0,0,0,0,4,87,0,0,0,5,4,55,3,2,2,2,0,0,14,10,99,4,2,64,1,0
13,131039,2,2,1,25,11,6,32,12,6,1,0,13,3,82,881,82881,66,2006,1FUJA6CV36LW,1,F,U,J,A,6,C,V,3,6,L,W,1,1,57,1098489,571098489,3,6,10,1,0,0,0,0,0,0,0,998,0,0,0,12,6,2,12,0,0,0,1,13,31082,6,1,6,0,3,3,74,200,98,0,0,0,0,0,0,0,0,0,0,0,0,0,5,4,55,2,2,2,2,0,0,14,62,7,1,1,65,0,0
13,131040,1,3,1,13,12,4,7,12,2,1,0,13,2,23,481,23481,31,2005,2GTEK13T0511,2,G,T,E,K,1,3,T,0,5,1,1,0,0,0,000000000,00000000000,0,0,0,1,0,0,0,0,0,0,0,998,0,1,1,12,6,2,12,0,0,0,1,13,30228,6,1,0,0,3,0,75,183,98,0,0,0,0,0,0,0,0,0,51,0,0,0,3,3,55,1,1,2,1,0,0,1,54,99,1,1,52,1,0
13,131040,2,3,1,13,12,4,7,12,2,1,0,13,1,6,51,6051,4,2006,2C3LA53G76H1,2,C,3,L,A,5,3,G,7,6,H,1,0,0,0,000000000,00000000000,0,0,0,1,0,0,0,0,0,0,0,998,0,0,0,12,6,2,12,0,0,0,1,13,30238,6,1,0,0,3,0,61,150,98,0,0,0,0,0,0,0,0,0,0,0,0,0,3,3,55,1,1,2,1,0,0,1,54,98,1,1,52,0,0
13,131040,3,3,1,13,12,4,7,12,2,1,0,13,1,34,34,34034,2,1999,WBABF7333XEH,W,B,A,B,F,7,3,3,3,X,E,H,0,0,0,000000000,00000000000,0,0,0,1,0,0,0,0,0,0,0,998,0,0,0,12,6,2,12,0,0,1,1,13,30238,6,1,0,0,3,0,68,180,98,0,0,0,1,11,2012,11,2012,0,0,0,0,0,3,3,55,1,1,2,1,0,0,1,54,1,1,1,98,0,0
13,131041,1,2,1,16,12,12,0,12,6,1,0,13,1,7,482,7482,31,2000,1B7MC3363YJ1,1,B,7,M,C,3,3,6,3,Y,J,1,5,3,88,888888888,88888888888,2,1,12,1,0,0,0,0,0,0,0,998,0,0,0,9,6,2,12,0,0,0,1,13,31021,0,0,0,0,0,0,999,999,98,0,0,0,0,0,0,0,0,4,39,0,0,0,1,2,55,1,1,2,2,20,3,1,17,2,1,1,89,1,0
13,131041,2,2,1,16,12,12,0,12,6,1,0,13,3,82,884,82884,66,2005,1FUJA6CK85LN,1,F,U,J,A,6,C,K,8,5,L,N,1,1,57,1396566,571396566,3,6,1,1,0,0,0,0,0,0,0,998,0,0,0,12,6,2,12,0,0,0,1,13,31790,6,1,6,0,3,0,70,200,98,0,0,0,0,0,0,0,0,0,0,0,0,0,1,2,55,1,1,2,2,0,0,1,66,99,1,1,88,0,0
13,131042,1,1,1,17,12,0,1,42,0,1,0,13,2,30,47,30047,3,2000,3VWCA21C2YM4,3,V,W,C,A,2,1,C,2,Y,M,4,0,0,0,000000000,00000000000,0,0,0,1,0,0,0,0,0,0,0,998,0,1,5,9,6,2,42,0,0,0,1,13,30427,6,1,0,0,3,0,77,180,98,0,0,0,0,0,0,0,0,0,0,0,0,0,1,2,55,3,1,2,1,0,0,14,13,99,1,4,1,1,0
13,131043,1,2,1,17,12,11,6,12,6,1,0,13,2,35,39,35039,4,1997,JN1CA21D2VT8,J,N,1,C,A,2,1,D,2,V,T,8,0,0,0,000000000,00000000000,0,0,0,1,0,0,0,0,0,0,0,998,0,0,0,9,6,2,12,0,0,0,1,13,30721,6,1,0,0,3,1,61,235,98,3,0,0,0,3,2012,12,2013,0,38,0,0,0,0,0,0,0,0,0,0,0,0,99,98,99,1,1,84,1,0
13,131043,2,2,1,17,12,11,6,12,6,1,0,13,1,12,471,12471,30,2002,1FTYR44V42PB,1,F,T,Y,R,4,4,V,4,2,P,B,0,0,0,000000000,00000000000,0,0,0,1,0,0,0,0,0,0,0,998,0,0,0,12,6,2,12,0,0,0,1,13,30728,6,1,0,0,3,1,62,150,98,0,0,0,0,0,0,0,0,0,0,0,0,0,1,2,40,1,5,2,1,28,3,1,73,99,1,1,84,0,0
13,131044,1,3,1,18,12,16,57,24,0,1,0,13,1,55,38,55038,4,2005,KMHFU45EX5A4,K,M,H,F,U,4,5,E,X,5,A,4,0,0,0,000000000,00000000000,0,0,0,1,0,0,0,0,0,0,0,998,0,0,0,81,6,2,12,0,0,0,1,13,30742,6,1,0,0,3,3,72,230,98,0,0,0,0,0,0,0,0,0,0,0,0,0,2,4,40,3,2,2,1,0,0,14,8,99,7,4,1,1,0
13,131044,2,3,2,18,12,16,57,24,0,1,0,13,1,12,23,12023,4,2011,3FAHP0HG8BR1,3,F,A,H,P,0,H,G,8,B,R,1,0,0,0,000000000,00000000000,0,0,0,1,0,0,0,0,0,0,0,998,0,0,0,9,6,2,12,0,0,0,1,13,30741,6,1,0,0,3,0,70,195,98,0,0,0,0,0,0,0,0,0,0,0,0,0,2,4,40,2,2,2,1,0,0,14,62,99,1,1,98,0,0
13,131044,3,3,2,18,12,16,57,24,0,1,0,92,0,30,47,30047,3,2006,3VWPW31C86M4,3,V,W,P,W,3,1,C,8,6,M,4,0,0,0,000000000,00000000000,0,0,0,1,0,0,0,0,0,0,0,998,0,0,0,12,6,2,12,0,0,0,1,47,37311,6,1,0,0,3,3,61,115,0,0,0,2,0,9,2013,4,2014,0,0,0,0,0,2,4,40,2,2,2,1,0,0,14,62,99,1,1,98,0,0
13,131045,1,2,1,18,12,11,33,1,0,1,0,17,3,82,881,82881,66,2012,1FUJGEBG1CSB,1,F,U,J,G,E,B,G,1,C,S,B,1,1,57,191496,57191496,3,6,1,1,0,0,0,0,0,0,0,998,0,2,1,0,6,2,12,0,0,0,1,13,30566,6,1,6,9,3,0,73,230,98,0,0,0,0,0,0,0,0,0,28,58,0,0,1,3,55,2,5,2,1,28,3,14,13,99,1,6,98,1,0
13,131045,2,2,3,18,12,11,33,1,0,1,0,13,2,20,2,20002,4,2001,2G1WH55K9191,2,G,1,W,H,5,5,K,9,1,9,1,0,0,0,000000000,00000000000,0,0,0,1,0,0,0,0,0,0,0,998,0,0,0,12,6,2,12,0,0,0,1,13,30534,6,1,0,0,3,0,63,130,98,0,0,0,0,0,0,0,0,0,0,0,0,0,1,3,55,3,6,2,1,28,3,14,62,99,1,1,98,0,0
13,131046,1,1,1,18,12,16,36,8,0,1,0,13,2,38,402,38402,14,2001,4S2CK58WX143,4,S,2,C,K,5,8,W,X,1,4,3,0,0,0,000000000,00000000000,0,0,0,1,0,0,0,0,0,0,0,998,0,0,0,12,6,2,8,0,0,0,1,13,31522,6,1,0,0,3,0,62,120,98,0,0,0,0,0,0,0,0,0,0,0,0,0,2,4,45,2,1,2,1,0,0,14,80,1,1,1,13,0,0
13,131047,1,1,1,18,12,2,0,33,0,1,0,13,1,76,706,76706,80,2005,JYAVP14E65A0,J,Y,A,V,P,1,4,E,6,5,A,0,0,0,0,000000000,00000000000,0,0,0,1,0,0,0,0,0,0,0,998,0,0,0,12,6,2,1,0,0,0,1,13,30012,6,1,0,0,3,0,71,205,98,0,0,0,0,0,0,0,0,0,0,0,0,0,1,2,35,3,1,2,1,28,3,14,13,99,1,4,1,1,1
13,131048,1,1,1,19,12,22,3,59,0,1,0,13,2,23,481,23481,31,2007,2GTEC19C1716,2,G,T,E,C,1,9,C,1,7,1,6,0,0,0,000000000,00000000000,0,0,0,1,0,0,0,0,0,0,0,998,0,0,0,12,6,2,42,0,0,0,1,13,30446,1,1,5,0,2,0,71,160,98,5,2,0,0,4,2014,7,2014,0,0,0,0,0,1,2,55,2,1,2,1,0,0,14,12,99,1,4,6,1,1
13,131049,1,1,1,19,12,4,17,24,0,1,0,13,1,37,32,37032,4,2012,1HGCP2F48CA1,1,H,G,C,P,2,F,4,8,C,A,1,0,0,0,000000000,00000000000,0,0,0,1,0,0,0,0,0,0,0,998,0,0,0,1,6,2,24,0,0,0,1,13,30083,6,1,0,0,3,0,71,165,98,0,0,0,0,0,0,0,0,0,0,0,0,0,1,4,30,3,1,2,1,0,0,14,13,99,1,4,1,1,1
13,131050,1,1,1,19,12,7,49,30,0,1,0,13,1,34,35,34035,4,2010,WBSNB9C59AC0,W,B,S,N,B,9,C,5,9,A,C,0,0,0,0,000000000,00000000000,0,0,0,1,0,0,0,0,0,0,0,95,0,1,5,12,6,2,1,0,0,0,1,13,31314,6,1,0,0,3,0,70,173,98,0,0,0,0,0,0,0,0,4,0,0,0,0,5,4,45,3,1,2,1,0,0,14,13,99,1,4,1,1,1
13,131051,1,1,1,20,12,0,45,32,0,1,0,13,1,12,471,12471,31,1994,1FTCR14U2RPB,1,F,T,C,R,1,4,U,2,R,P,B,0,0,0,000000000,00000000000,0,0,0,1,0,0,0,0,0,0,0,998,0,1,5,12,6,2,1,0,0,0,1,13,31563,6,1,6,0,3,1,71,250,98,0,0,0,1,1,2014,1,2014,0,0,0,0,0,1,2,55,2,6,2,2,0,0,14,12,99,1,4,6,1,0
13,131052,1,2,1,20,12,19,36,12,6,1,0,13,1,58,36,58036,4,2002,JNKDA31A92T0,J,N,K,D,A,3,1,A,9,2,T,0,0,0,0,000000000,00000000000,0,0,0,1,0,0,0,0,0,0,0,998,0,0,0,9,4,3,12,0,0,0,1,13,30066,6,1,0,0,3,0,67,200,98,0,0,0,3,1,2012,2,2012,0,38,0,0,0,0,0,0,0,0,0,0,0,0,11,98,99,1,1,82,0,0
13,131052,2,2,1,20,12,19,36,12,6,1,0,13,1,53,709,53709,80,2003,JS1VT54A9321,J,S,1,V,T,5,4,A,9,3,2,1,0,0,0,000000000,00000000000,0,0,0,1,0,0,0,0,0,0,0,998,0,0,0,12,6,2,12,0,0,0,1,13,30068,6,1,0,0,3,0,66,195,98,0,0,1,1,11,2013,11,2014,0,0,0,0,0,1,4,35,1,2,2,1,0,0,1,72,99,1,1,83,1,0
13,131053,1,2,1,20,12,20,9,12,2,1,0,13,1,12,17,12017,4,2001,1FAFP52UX1G1,1,F,A,F,P,5,2,U,X,1,G,1,0,0,0,000000000,00000000000,0,0,0,1,0,0,0,0,0,0,0,998,0,0,0,12,6,2,12,0,0,0,1,13,31792,6,1,0,0,3,0,68,165,98,0,0,0,0,0,0,0,0,0,0,0,0,0,1,2,55,2,5,2,2,28,3,14,10,99,1,2,50,1,0
13,131053,2,2,2,20,12,20,9,12,2,1,0,13,1,7,482,7482,31,2011,1D7RV1CT1BS6,1,D,7,R,V,1,C,T,1,B,S,6,0,0,0,000000000,00000000000,0,0,0,1,0,0,0,0,0,0,0,998,0,0,0,12,6,2,12,0,0,0,1,13,31629,6,1,5,0,3,0,69,200,98,0,0,2,1,3,2012,12,2014,0,0,0,0,0,1,2,55,1,5,2,2,0,0,1,62,99,1,1,51,0,0
13,131054,1,1,1,21,12,0,20,42,0,1,0,13,2,12,481,12481,31,2007,1FTPX12597NA,1,F,T,P,X,1,2,5,9,7,N,A,0,0,0,000000000,00000000000,0,0,0,1,0,0,0,0,0,0,0,998,0,0,0,12,2,3,42,0,0,0,1,13,30350,1,1,0,0,2,3,76,240,98,1,0,0,0,3,2014,3,2014,0,99,99,99,99,5,4,40,1,2,2,1,0,0,1,13,99,1,4,1,1,0
13,131055,1,1,1,21,12,3,29,30,0,1,0,13,2,7,482,7482,31,2003,1D7HA18D43S3,1,D,7,H,A,1,8,D,4,3,S,3,0,0,0,000000000,00000000000,0,0,0,1,0,0,0,0,0,0,0,998,0,0,0,11,6,2,42,0,0,0,1,13,30344,6,1,0,0,3,0,65,147,98,1,0,0,0,8,2014,8,2014,3,0,0,0,0,1,4,35,1,1,2,1,0,0,1,13,99,4,4,2,1,1
13,131056,1,2,1,22,12,8,45,12,7,1,0,13,2,38,471,38471,30,1989,JAACL11E9K72,J,A,A,C,L,1,1,E,9,K,7,2,0,0,0,000000000,00000000000,0,0,0,1,0,0,0,0,0,0,0,998,0,0,0,1,6,2,12,0,0,0,1,13,31322,6,1,0,0,3,3,73,261,98,0,0,0,0,0,0,0,0,4,0,0,0,0,1,2,55,1,1,2,2,0,0,1,10,99,4,2,48,1,0
13,131056,2,2,3,22,12,8,45,12,7,1,0,13,2,7,482,7482,31,2012,3C63DRGL8CG3,3,C,6,3,D,R,G,L,8,C,G,3,0,0,0,000000000,00000000000,0,0,0,1,0,0,0,0,0,0,0,998,0,0,0,11,6,2,12,0,0,0,1,13,31532,6,1,5,0,3,0,68,140,98,0,0,0,0,0,0,0,0,0,0,0,0,0,1,2,55,1,1,2,2,0,0,1,60,99,1,1,48,0,0
13,131057,1,1,2,22,12,5,55,9,0,1,0,13,1,21,20,21020,4,1999,1G3NB52M8X63,1,G,3,N,B,5,2,M,8,X,6,3,0,0,0,000000000,00000000000,0,0,0,1,0,0,0,0,0,0,0,998,0,0,0,12,4,3,9,0,0,0,1,13,31701,1,1,0,0,2,1,67,168,98,3,0,0,0,11,2014,11,2014,0,0,0,0,0,5,4,55,1,1,2,2,0,0,1,83,99,1,1,13,0,0
13,131058,1,1,1,23,12,9,17,42,0,1,0,13,2,59,33,59033,2,1997,JT8CH32Y7V00,J,T,8,C,H,3,2,Y,7,V,0,0,0,0,0,000000000,00000000000,0,0,0,1,0,0,0,0,0,0,0,998,0,0,0,11,6,2,42,0,0,0,1,13,31029,6,7,0,0,3,0,65,125,98,0,0,1,0,4,2013,4,2013,4,0,0,0,0,1,2,55,1,3,2,2,0,0,1,6,99,4,4,7,1,0
13,131059,1,1,1,24,12,23,58,42,0,1,0,47,1,12,3,12003,2,1994,1FALP45T9RF2,1,F,A,L,P,4,5,T,9,R,F,2,0,0,0,000000000,00000000000,0,0,0,1,0,0,0,0,0,0,0,998,0,0,0,12,6,2,42,0,0,0,1,47,37110,6,1,0,0,3,0,70,155,0,0,0,0,0,0,0,0,0,5,0,0,0,0,1,2,45,1,1,2,1,0,0,1,13,6,1,4,6,1,0
13,131060,1,1,1,24,12,17,43,30,0,1,0,12,2,12,481,12481,31,2006,1FTRF12266NA,1,F,T,R,F,1,2,2,6,6,N,A,0,0,0,000000000,00000000000,0,0,0,1,0,0,0,0,0,0,0,998,0,1,5,9,6,2,30,0,0,0,1,13,31830,6,1,6,0,3,0,71,165,98,1,0,1,0,4,2013,5,2013,0,58,0,0,0,1,2,55,3,6,2,1,0,0,14,10,7,3,4,2,1,1