STATE,ST_CASE,VEH_NO,VE_FORMS,NUMOCCS,DAY,MONTH,HOUR,MINUTE,HARM_EV,MAN_COLL,UNITTYPE,HIT_RUN,REG_STAT,OWNER,MAKE,MODEL,MAK_MOD,BODY_TYP,MOD_YEAR,VIN,VIN_1,VIN_2,VIN_3,VIN_4,VIN_5,VIN_6,VIN_7,VIN_8,VIN_9,VIN_10,VIN_11,VIN_12,TOW_VEH,J_KNIFE,MCARR_I1,MCARR_I2,MCARR_ID,GVWR,V_CONFIG,CARGO_BT,HAZ_INV,HAZ_PLAC,HAZ_ID,HAZ_CNO,HAZ_REL,BUS_USE,SPEC_USE,EMER_USE,TRAV_SP,UNDERIDE,ROLLOVER,ROLINLOC,IMPACT1,DEFORMED,TOWED,M_HARM,VEH_SC1,VEH_SC2,FIRE_EXP,DR_PRES,L_STATE,DR_ZIP,L_STATUS,L_TYPE,CDL_STAT,L_ENDORS,L_COMPL,L_RESTRI,DR_HGT,DR_WGT,PREV_ACC,PREV_SUS,PREV_DWI,PREV_SPD,PREV_OTH,FIRST_MO,FIRST_YR,LAST_MO,LAST_YR,SPEEDREL,DR_SF1,DR_SF2,DR_SF3,DR_SF4,VTRAFWAY,VNUM_LAN,VSPD_LIM,VALIGN,VPROFILE,VPAVETYP,VSURCOND,VTRAFCON,VTCONT_F,P_CRASH1,P_CRASH2,P_CRASH3,PCRASH4,PCRASH5,ACC_TYPE,DEATHS,DR_DRINK
13,131061,1,1,1,24,12,19,11,8,0,1,0,13,1,49,38,49038,2,1998,JT2AC52L7W03,J,T,2,A,C,5,2,L,7,W,0,3,0,0,0,000000000,00000000000,0,0,0,1,0,0,0,0,0,0,0,998,0,0,0,12,2,3,8,0,0,0,1,13,31047,6,1,0,0,3,0,72,180,98,0,0,0,0,0,0,0,0,0,0,0,0,0,5,4,35,1,6,2,2,0,0,1,80,3,2,1,13,0,0
13,131062,1,1,1,24,12,23,20,53,0,1,0,45,1,12,422,12422,15,1999,1FMPU18L3XLB,1,F,M,P,U,1,8,L,3,X,L,B,0,0,0,000000000,00000000000,0,0,0,1,0,0,0,0,0,0,0,998,0,1,5,12,6,2,1,0,0,0,1,45,29706,6,1,0,0,3,0,73,260,0,0,0,0,1,2,2012,2,2012,4,0,0,0,0,1,2,55,3,3,2,1,28,3,14,6,99,1,4,1,1,1
13,131063,1,1,2,25,12,15,48,34,0,1,0,13,2,20,23,20023,6,2009,3GNCA23B09S5,3,G,N,C,A,2,3,B,0,9,S,5,0,0,0,000000000,00000000000,0,0,0,1,0,0,0,0,0,0,0,998,0,1,5,12,6,2,42,0,0,0,1,13,31768,6,1,0,0,3,0,65,145,98,1,0,0,3,7,2013,12,2013,0,83,0,0,0,1,2,55,1,5,2,1,0,0,17,87,6,1,4,6,1,0
13,131064,1,2,1,26,12,4,39,12,1,1,0,13,2,20,2,20002,4,2010,2G1WA5EK4A11,2,G,1,W,A,5,E,K,4,A,1,1,0,0,0,000000000,00000000000,0,0,0,1,0,0,0,0,0,0,0,998,0,0,0,12,6,2,12,0,0,0,1,13,30427,6,1,0,0,3,0,74,220,98,0,0,0,0,0,0,0,0,0,26,0,0,0,1,5,55,1,1,2,1,0,0,1,51,99,1,1,24,1,0
13,131064,2,2,2,26,12,4,39,12,1,1,0,13,3,82,884,82884,66,1997,1FUYSSEB7VL8,1,F,U,Y,S,S,E,B,7,V,L,8,0,0,57,939303,57939303,3,5,96,1,0,0,0,0,0,0,0,998,0,0,0,6,6,2,12,0,0,0,1,13,30458,6,1,6,0,3,0,69,182,98,6,0,0,0,10,2012,11,2014,0,0,0,0,0,1,5,55,1,1,2,1,0,0,1,53,99,1,1,25,0,0
13,131065,1,2,4,26,12,8,48,12,2,1,0,13,2,49,32,49032,4,2006,1NXBR32E76Z7,1,N,X,B,R,3,2,E,7,6,Z,7,0,0,0,000000000,00000000000,0,0,0,1,0,0,0,0,0,0,0,998,0,0,0,12,6,2,12,0,0,0,1,13,30116,6,2,0,0,3,0,63,123,98,0,0,0,0,0,0,0,0,0,28,0,0,0,1,2,55,1,6,2,1,0,0,1,10,99,1,2,50,3,0
13,131065,2,2,1,26,12,8,48,12,2,1,0,13,1,49,472,49472,30,2002,5TEWM72N32Z0,5,T,E,W,M,7,2,N,3,2,Z,0,0,0,0,000000000,00000000000,0,0,0,1,0,0,0,0,0,0,0,998,0,0,0,12,6,2,12,0,0,0,1,13,30179,6,1,0,0,3,3,70,166,98,0,0,0,0,0,0,0,0,0,0,0,0,0,1,2,55,1,6,2,1,0,0,1,62,99,1,1,51,0,0
13,131066,1,1,2,26,12,23,53,43,0,1,0,47,2,63,402,63402,14,2006,KNDJD7330656,K,N,D,J,D,7,3,3,0,6,5,6,0,0,0,000000000,00000000000,0,0,0,1,0,0,0,0,0,0,0,998,0,1,6,1,6,2,1,0,0,0,1,13,30705,6,1,0,0,3,0,71,190,98,0,0,0,1,10,2013,10,2013,0,0,0,0,0,1,2,55,2,1,2,1,28,3,14,13,99,7,4,2,1,1
13,131067,1,1,1,26,12,9,11,42,0,1,0,13,1,12,481,12481,31,1984,2FDKF3711ECB,2,F,D,K,F,3,7,1,1,E,C,B,0,0,0,000000000,00000000000,0,0,0,1,0,0,0,0,0,0,0,998,0,1,5,12,6,2,42,0,0,0,1,13,30538,6,1,0,0,3,3,67,274,98,0,0,0,1,7,2014,7,2014,0,0,0,0,0,1,2,55,1,6,2,1,0,0,1,9,99,1,4,1,1,0
13,131068,1,1,1,27,12,5,12,32,0,1,0,13,2,18,7,18007,4,2005,2G4WS52J1511,2,G,4,W,S,5,2,J,1,5,1,1,0,0,0,000000000,00000000000,0,0,0,1,0,0,0,0,0,0,0,998,0,1,5,12,6,2,1,0,0,0,1,13,30268,6,1,0,0,3,0,66,175,98,0,0,0,0,0,0,0,0,0,0,0,0,0,1,2,40,1,1,2,1,0,0,1,13,99,1,4,1,1,1
13,131069,1,1,1,27,12,20,16,33,0,1,0,13,2,12,37,12037,6,2001,1FAFP36331W1,1,F,A,F,P,3,6,3,3,1,W,1,0,0,0,000000000,00000000000,0,0,0,1,0,0,0,0,0,0,0,998,0,0,0,12,6,2,42,0,0,0,1,13,30252,0,0,0,0,0,0,999,999,98,0,0,0,0,0,0,0,0,4,87,0,0,0,1,2,25,1,2,2,2,0,0,1,6,99,5,4,7,1,0
13,131070,1,1,1,27,12,12,31,42,0,1,0,13,3,84,881,84881,66,2007,2HSCEAPR77C3,2,H,S,C,E,A,P,R,7,7,C,3,1,1,57,0015077,570015077,3,6,1,1,0,0,0,0,0,0,0,998,0,0,0,12,6,2,35,0,0,0,1,13,30417,6,1,6,1,3,0,71,270,98,0,0,0,0,0,0,0,0,0,0,0,0,0,3,4,65,4,2,1,1,0,0,14,13,99,1,4,1,1,0
13,131071,1,1,1,27,12,19,36,33,0,1,0,45,1,72,706,72706,80,1994,1HD1GGL1XRY3,1,H,D,1,G,G,L,1,X,R,Y,3,0,0,0,000000000,00000000000,0,0,0,1,0,0,0,0,0,0,0,998,0,0,0,7,2,3,1,0,0,0,1,45,29841,6,1,0,0,3,0,72,165,0,0,0,1,0,1,2014,1,2014,0,28,0,0,0,6,1,45,2,2,1,1,0,0,14,12,99,1,4,6,1,0
13,131072,1,2,1,27,12,9,53,12,2,1,0,13,1,12,481,12481,31,2008,1FTPW14V78KB,1,F,T,P,W,1,4,V,7,8,K,B,0,0,0,000000000,00000000000,0,0,0,1,0,0,0,0,0,0,0,998,0,0,0,12,6,2,12,0,0,0,1,13,39842,6,1,6,0,3,0,72,190,98,4,1,0,5,7,2012,11,2014,0,0,0,0,0,1,2,55,1,1,2,1,0,0,1,10,99,1,2,50,1,0
13,131072,2,2,1,27,12,9,53,12,2,1,0,93,1,82,881,82881,66,2001,1FUJAHCG01PF,1,F,U,J,A,H,C,G,0,1,P,F,1,1,57,92529,5792529,3,6,1,1,0,0,0,0,0,0,0,998,0,0,0,12,6,2,12,0,0,0,1,13,31744,6,1,6,9,3,0,75,298,98,0,0,0,0,0,0,0,0,0,0,0,0,0,1,2,55,1,1,2,1,0,0,1,62,99,1,1,51,0,0
13,131073,1,1,1,28,12,1,45,32,0,1,0,13,1,54,35,54035,4,1999,19UUA5646XA0,1,9,U,U,A,5,6,4,6,X,A,0,0,0,0,000000000,00000000000,0,0,0,1,0,0,0,0,0,0,0,998,0,1,5,12,6,2,1,0,0,0,1,13,30830,6,1,0,0,3,0,72,235,98,1,0,1,0,12,2013,10,2014,0,0,0,0,0,1,2,55,2,1,2,2,0,0,14,12,99,1,4,6,1,1
13,131074,1,1,1,28,12,2,11,30,0,1,0,13,1,13,1,13001,4,2000,1LNHM82W0YY9,1,L,N,H,M,8,2,W,0,Y,Y,9,0,0,0,000000000,00000000000,0,0,0,1,0,0,0,0,0,0,0,998,0,0,0,3,6,2,30,0,0,0,1,13,30088,6,1,0,0,3,0,66,214,98,0,0,1,0,6,2013,6,2013,4,0,0,0,0,1,4,45,1,1,2,2,0,0,1,6,99,9,4,1,1,1
13,131075,1,1,1,28,12,18,0,8,0,1,1,99,9,37,402,37402,14,9999,999999999999,9,9,9,9,9,9,9,9,9,9,9,9,0,0,0,000000000,00000000000,0,0,0,1,0,0,0,0,0,0,0,999,0,0,0,12,4,5,8,0,0,0,1,99,99999,9,9,99,9,9,9,999,999,99,99,99,99,99,99,9999,99,9999,9,99,99,99,99,1,2,25,1,1,2,1,0,0,99,80,99,1,1,13,0,0
13,131076,1,1,4,28,12,17,35,5,0,1,0,13,1,49,32,49032,4,2010,2T1BU4EE5AC5,2,T,1,B,U,4,E,E,5,A,C,5,0,0,0,000000000,00000000000,0,0,0,1,0,0,0,0,0,0,0,998,0,0,0,0,0,5,5,0,0,0,1,13,30305,6,1,0,0,3,3,68,182,98,0,0,0,0,0,0,0,0,0,0,0,0,0,1,3,35,1,1,2,1,0,0,1,98,99,1,1,0,1,0
13,131077,1,1,3,29,12,15,52,8,0,1,0,8,2,20,25,20025,4,2011,1G1PG5S95B71,1,G,1,P,G,5,S,9,5,B,7,1,0,0,0,000000000,00000000000,0,0,0,1,0,0,0,0,0,0,0,998,0,0,0,1,4,5,8,0,0,0,1,13,30066,6,1,0,0,3,0,65,155,98,1,0,0,1,5,2014,9,2014,0,0,0,0,0,1,2,30,3,6,2,1,0,0,14,13,1,1,4,13,0,0
13,131078,1,1,1,29,12,4,30,3,0,1,0,23,2,35,402,35402,14,2000,5N1ED28Y1YC5,5,N,1,E,D,2,8,Y,1,Y,C,5,0,0,0,000000000,00000000000,0,0,0,1,0,0,0,0,0,0,0,998,0,0,0,0,6,2,3,0,0,0,1,13,30350,6,1,0,0,3,3,67,180,98,0,0,0,0,0,0,0,0,0,0,0,0,0,1,2,25,2,1,2,2,0,0,14,13,99,1,4,0,1,0
13,131079,1,2,1,29,12,15,6,12,6,1,0,13,1,55,33,55033,4,2011,5NPEB4ACXBH1,5,N,P,E,B,4,A,C,X,B,H,1,0,0,0,000000000,00000000000,0,0,0,1,0,0,0,0,0,0,0,998,0,0,0,1,6,2,12,0,0,0,1,13,30087,6,1,0,0,3,0,69,270,98,0,0,0,1,4,2012,4,2012,0,38,0,0,0,1,2,45,1,1,2,1,3,3,11,15,99,1,1,68,1,0
13,131079,2,2,1,29,12,15,6,12,6,1,0,13,3,20,481,20481,31,2014,1GNSCKE05ER1,1,G,N,S,C,K,E,0,5,E,R,1,0,0,0,000000000,00000000000,0,0,0,1,0,0,0,0,0,0,0,998,0,0,0,12,6,2,12,0,0,0,1,13,30078,6,1,6,0,3,0,74,200,98,0,0,0,0,0,0,0,0,0,0,0,0,0,1,2,45,1,1,2,1,3,3,1,62,99,1,1,69,0,0
13,131080,1,1,2,30,12,21,27,42,0,1,0,92,0,35,48,35048,2,2006,JN1AZ34D66M3,J,N,1,A,Z,3,4,D,6,6,M,3,0,0,0,000000000,00000000000,0,0,0,1,0,0,0,0,0,0,0,998,0,0,0,3,6,2,42,0,0,0,1,13,30530,6,1,6,0,3,0,65,185,98,0,0,0,1,8,2012,8,2012,0,36,0,0,0,1,2,55,3,1,2,1,28,3,14,13,99,1,4,1,1,1
13,131081,1,1,2,30,12,18,18,1,0,1,0,13,1,23,421,23421,15,2004,1GKEC13V24R1,1,G,K,E,C,1,3,V,2,4,R,1,0,0,0,000000000,00000000000,0,0,0,1,0,0,0,0,0,0,0,998,0,2,1,0,6,2,1,0,0,0,1,13,30635,6,1,0,0,3,0,76,210,98,0,0,1,0,3,2014,3,2014,0,58,0,0,0,1,2,55,1,5,2,1,28,3,17,87,7,9,2,98,1,0
13,131082,1,1,1,31,12,22,26,8,0,1,0,13,1,35,39,35039,4,2010,1N4AA5AP3AC8,1,N,4,A,A,5,A,P,3,A,C,8,0,0,0,000000000,00000000000,0,0,0,1,0,0,0,0,0,0,0,998,0,0,0,12,4,3,8,0,0,0,1,13,30317,6,1,0,0,3,0,70,150,98,0,0,0,0,0,0,0,0,0,0,0,0,0,1,4,35,1,1,2,1,0,0,1,80,1,1,1,13,0,0
13,131083,1,1,3,31,12,22,35,8,0,1,0,13,1,49,472,49472,30,2011,5TFTX4CN4BX0,5,T,F,T,X,4,C,N,4,B,X,0,0,0,0,000000000,00000000000,0,0,0,1,0,0,0,0,0,0,0,998,0,0,0,12,4,3,8,0,0,0,1,13,30248,6,1,0,0,3,0,64,205,98,0,0,0,0,0,0,0,0,0,0,0,0,0,1,4,45,1,2,2,1,0,0,1,80,99,1,1,13,0,0
13,131084,1,1,1,24,1,21,16,8,0,1,0,13,1,42,48,42048,4,2002,WDBJF65J72B4,W,D,B,J,F,6,5,J,7,2,B,4,0,0,0,000000000,00000000000,0,0,0,1,0,0,0,0,0,0,0,998,0,0,0,12,6,2,8,0,0,0,1,13,30126,6,1,0,0,3,0,68,240,98,0,0,0,0,0,0,0,0,0,0,0,0,0,5,4,45,1,1,2,1,0,0,1,80,99,1,1,13,0,0
13,131085,1,1,1,18,3,6,48,11,0,1,0,13,1,20,403,20403,14,2005,1GNDS13S8522,1,G,N,D,S,1,3,S,8,5,2,2,0,0,0,000000000,00000000000,0,0,0,1,0,0,0,0,0,0,0,75,0,0,0,12,6,2,42,0,0,0,1,13,30056,6,1,0,0,3,3,67,130,98,0,0,0,0,0,0,0,0,4,83,0,0,0,1,2,55,1,1,2,2,0,0,1,88,6,1,1,13,1,0
15,150001,1,1,2,3,1,12,41,8,0,1,0,15,1,12,401,12401,14,2005,1FMZU63E55ZA,1,F,M,Z,U,6,3,E,5,5,Z,A,0,0,0,000000000,00000000000,0,0,0,1,0,0,0,0,0,0,0,23,0,0,0,12,4,3,8,0,0,0,1,15,96734,6,1,0,0,3,3,67,150,0,0,0,0,0,0,0,0,0,0,38,0,0,0,1,2,25,1,1,2,1,2,3,11,80,1,1,1,13,0,0
15,150002,1,2,1,4,1,20,29,12,2,1,0,15,1,14,17,14017,4,2001,1MEFM50U61G6,1,M,E,F,M,5,0,U,6,1,G,6,0,0,0,000000000,00000000000,0,0,0,1,0,0,0,0,0,0,0,999,0,0,0,12,6,2,12,0,0,0,1,15,96749,6,1,0,0,3,0,63,145,0,0,0,0,0,0,0,0,0,3,51,0,0,0,2,2,35,1,1,2,1,0,0,1,10,1,1,2,50,1,0
15,150002,2,2,2,4,1,20,29,12,2,1,0,15,1,42,401,42401,14,1999,4JGAB54E4XA0,4,J,G,A,B,5,4,E,4,X,A,0,0,0,0,000000000,00000000000,0,0,0,1,0,0,0,0,0,0,0,999,0,0,0,12,6,2,12,0,0,0,1,15,96749,6,1,0,0,3,0,61,125,0,0,0,0,0,0,0,0,0,0,0,0,0,0,2,2,35,1,1,2,1,0,0,99,64,99,1,1,51,0,0
15,150003,1,1,2,5,1,12,30,5,0,1,0,15,2,12,471,12471,30,2000,1FTYR14V5YPB,1,F,T,Y,R,1,4,V,5,Y,P,B,0,0,0,000000000,00000000000,0,0,0,1,0,0,0,0,0,0,0,999,0,0,0,0,0,5,5,0,0,0,1,15,96818,6,1,0,0,3,0,68,130,0,0,0,5,2,3,2011,11,2012,0,0,0,0,0,3,2,30,1,6,2,1,0,0,1,98,1,1,1,0,1,1
15,150004,1,1,1,7,1,1,49,38,0,1,0,15,1,42,48,42048,4,2006,WDBUF83JX6X1,W,D,B,U,F,8,3,J,X,6,X,1,0,0,0,000000000,00000000000,0,0,0,1,0,0,0,0,0,0,0,999,0,0,0,12,6,2,38,0,0,0,1,15,96720,6,1,0,0,3,0,73,245,0,0,0,0,0,0,0,0,0,5,0,0,0,0,1,2,35,2,5,2,2,0,0,14,12,1,1,4,6,1,1
15,150005,1,1,2,8,1,18,30,42,0,1,0,15,2,49,32,49032,6,1995,JT2AE09VXS01,J,T,2,A,E,0,9,V,X,S,0,1,0,0,0,000000000,00000000000,0,0,0,1,0,0,0,0,0,0,0,999,0,0,0,12,6,2,42,0,0,0,1,15,96744,0,0,0,0,0,0,63,110,0,0,0,0,0,0,0,0,0,0,0,0,0,0,1,2,25,1,5,2,2,0,0,1,13,1,1,4,1,1,0
15,150006,1,2,1,16,1,14,44,12,6,1,0,15,2,98,709,98709,81,2013,L5YACBPA2D11,L,5,Y,A,C,B,P,A,2,D,1,1,0,0,0,000000000,00000000000,0,0,0,1,0,0,0,0,0,0,0,999,0,0,0,12,4,5,12,0,0,0,1,15,96701,6,1,0,0,3,3,72,150,0,0,0,0,0,0,0,0,0,9,28,36,0,0,1,4,35,1,6,2,1,0,0,1,10,1,1,2,64,1,0
15,150006,2,2,1,16,1,14,44,12,6,1,0,15,1,35,472,35472,30,2004,1N6DD26T64C4,1,N,6,D,D,2,6,T,6,4,C,4,0,0,0,000000000,00000000000,0,0,0,1,0,0,0,0,0,0,0,0,0,0,0,11,2,5,12,0,0,0,1,15,96786,6,1,0,0,3,0,69,275,0,0,0,0,0,0,0,0,0,0,0,0,0,0,1,4,35,1,5,2,1,0,0,5,62,1,1,1,65,0,0
15,150007,1,1,2,16,1,19,12,34,0,1,0,15,1,41,45,41045,1,1994,JM1NA3538R05,J,M,1,N,A,3,5,3,8,R,0,5,0,0,0,000000000,00000000000,0,0,0,1,0,0,0,0,0,0,0,999,0,1,1,12,6,2,24,0,0,0,1,14,96786,6,1,0,0,3,9,999,999,0,0,0,0,0,0,0,0,0,4,0,0,0,0,3,3,55,1,5,2,1,0,0,98,13,1,9,4,1,1,0
15,150008,1,2,1,17,1,18,49,12,2,1,0,15,2,12,481,12481,31,1996,1FTEF15Z7TLB,1,F,T,E,F,1,5,Z,7,T,L,B,0,0,0,000000000,00000000000,0,0,0,1,0,0,0,0,0,0,0,999,0,0,0,12,4,3,12,0,0,0,1,15,96786,6,1,0,0,3,0,65,180,0,0,0,1,1,2,2012,5,2012,0,0,0,0,0,1,2,25,1,1,2,1,0,0,9,10,1,1,1,50,0,0
15,150008,2,2,1,17,1,18,49,12,2,1,0,99,9,98,709,98709,81,9999,RKPV10BF64B1,R,K,P,V,1,0,B,F,6,4,B,1,0,0,0,000000000,00000000000,0,0,0,1,0,0,0,0,0,0,0,999,0,0,0,12,6,2,12,0,0,0,1,15,96786,6,7,0,0,2,0,63,118,0,0,0,0,1,11,2013,11,2013,4,0,0,0,0,1,2,25,1,1,2,1,0,0,1,62,99,9,1,51,1,0
15,150009,1,1,1,18,1,8,47,9,0,1,0,15,3,84,881,84881,78,1995,2HSFMAHR5SC0,2,H,S,F,M,A,H,R,5,S,C,0,1,1,57,62963,5762963,3,4,1,1,0,0,0,0,0,0,0,999,0,0,0,14,0,3,9,0,0,0,1,15,96720,6,1,6,1,3,0,66,182,1,0,0,0,1,7,2011,8,2011,0,0,0,0,0,1,2,45,1,1,2,1,0,0,1,83,1,1,1,13,0,0
15,150011,1,1,1,22,1,4,31,8,0,1,0,15,3,23,870,23870,61,2005,4KDC4B1U15J8,4,K,D,C,4,B,1,U,1,5,J,8,0,0,99,999999999,99999999999,2,1,1,1,0,0,0,0,0,0,0,999,0,0,0,12,6,2,8,0,0,0,1,15,96790,6,1,0,0,3,2,67,167,0,0,0,0,0,0,0,0,0,0,74,0,0,0,1,2,20,1,5,2,2,0,0,1,80,1,1,1,13,0,0
15,150012,1,2,3,23,1,15,27,12,2,1,0,15,1,49,402,49402,14,2010,JTMZK4DV5AD0,J,T,M,Z,K,4,D,V,5,A,D,0,0,0,0,000000000,00000000000,0,0,0,1,0,0,0,0,0,0,0,36,0,0,0,12,9,9,12,0,0,0,1,15,96762,6,1,0,0,3,9,63,133,0,0,0,0,0,0,0,0,0,0,28,0,0,0,1,2,35,2,1,2,1,0,0,14,10,1,1,2,50,1,0
15,150012,2,2,1,23,1,15,27,12,2,1,0,15,1,35,421,35421,15,2010,5N1AA0ND6AN6,5,N,1,A,A,0,N,D,6,A,N,6,0,0,0,000000000,00000000000,0,0,0,1,0,0,0,0,0,0,0,999,0,0,0,12,9,9,12,0,0,0,1,15,96731,6,1,0,0,3,3,67,178,0,0,0,1,0,11,2013,11,2013,0,0,0,0,0,1,2,35,3,1,2,1,0,0,14,54,1,1,1,51,0,0
15,150013,1,1,1,29,1,17,30,30,0,1,0,15,1,49,40,49040,4,1994,JT2SK12E0R02,J,T,2,S,K,1,2,E,0,R,0,2,0,0,0,000000000,00000000000,0,0,0,1,0,0,0,0,0,0,0,999,0,0,0,12,6,2,30,0,0,0,1,15,96786,6,1,0,0,3,3,64,110,1,0,0,0,0,1,2014,1,2014,9,0,0,0,0,1,2,25,2,1,2,2,0,0,14,13,1,1,4,1,1,1
15,150014,1,1,1,4,2,6,0,8,0,1,0,15,1,20,481,20481,31,2006,1GCEC19V76Z1,1,G,C,E,C,1,9,V,7,6,Z,1,0,0,0,000000000,00000000000,0,0,0,1,0,0,0,0,0,0,0,35,0,0,0,12,4,3,8,0,0,0,1,15,96819,6,1,0,0,3,0,68,165,0,0,0,1,0,3,2012,3,2012,4,38,0,0,0,1,4,25,1,1,2,2,0,0,1,80,1,1,1,13,0,0
15,150015,1,1,2,13,2,10,45,8,0,1,0,15,1,37,402,37402,14,2007,JHLRE38557C0,J,H,L,R,E,3,8,5,5,7,C,0,0,0,0,000000000,00000000000,0,0,0,1,0,0,0,0,0,0,0,999,0,0,0,12,2,5,8,0,0,0,1,15,96717,6,1,0,0,3,3,66,162,0,0,0,2,0,9,2011,1,2014,9,0,0,0,0,1,2,25,1,1,2,1,0,0,11,80,1,1,1,13,0,0
15,150016,1,1,1,15,2,4,22,8,0,1,0,15,2,52,34,52034,4,2004,4A3AB56S24E0,4,A,3,A,B,5,6,S,2,4,E,0,0,0,0,000000000,00000000000,0,0,0,1,0,0,0,0,0,0,0,999,0,0,0,12,4,3,8,0,0,0,1,15,96701,6,1,0,0,3,0,64,142,0,0,0,0,1,3,2011,3,2011,0,0,0,0,0,3,3,35,1,1,2,2,0,0,1,80,1,1,1,13,0,0
15,150017,1,1,1,20,2,9,20,8,0,1,0,15,1,49,472,49472,30,1998,4TAVL52N3WZ0,4,T,A,V,L,5,2,N,3,W,Z,0,0,0,0,000000000,00000000000,0,0,0,1,0,0,0,0,0,0,0,27,0,0,0,12,2,5,8,0,0,0,1,15,96701,6,1,0,0,3,0,67,195,0,0,0,0,0,0,0,0,0,0,91,0,0,0,1,4,35,1,1,2,1,2,3,1,80,1,1,1,13,0,0
15,150018,1,1,1,27,2,5,49,8,0,1,0,15,3,89,890,89890,63,2012,5VCACR8F7CH2,5,V,C,A,C,R,8,F,7,C,H,2,0,0,57,500000000,57500000000,3,2,7,1,0,0,0,0,0,0,0,999,0,0,0,12,0,5,8,0,0,0,1,15,96792,6,1,6,0,3,3,61,210,0,0,0,1,0,11,2011,11,2011,0,0,0,0,0,1,4,25,1,1,2,1,2,3,11,80,1,1,1,13,0,0
15,150019,1,2,1,1,3,12,50,12,2,1,0,15,1,35,50,35050,4,2008,3N1BC11E98L4,3,N,1,B,C,1,1,E,9,8,L,4,0,0,0,000000000,00000000000,0,0,0,1,0,0,0,0,0,0,0,999,0,0,0,12,6,2,12,0,0,0,1,15,96768,6,1,0,0,3,3,73,190,99,99,99,99,99,99,9999,99,9999,0,28,0,0,0,1,2,30,2,5,2,1,0,0,14,10,1,1,2,50,0,0
15,150019,2,2,1,1,3,12,50,12,2,1,0,15,1,73,705,73705,80,2013,JKAKLEE15DDA,J,K,A,K,L,E,E,1,5,D,D,A,0,0,0,000000000,00000000000,0,0,0,1,0,0,0,0,0,0,0,999,0,0,0,12,6,2,12,0,0,0,1,15,96768,6,1,0,0,2,1,68,160,0,0,0,1,0,7,2011,7,2011,0,0,0,0,0,1,2,30,3,6,2,1,0,0,14,62,1,1,1,51,1,0
15,150020,1,1,1,4,3,9,33,8,0,1,0,15,3,92,983,92983,58,2000,15GGD2215Y10,1,5,G,G,D,2,2,1,5,Y,1,0,0,0,57,1660739,571660739,3,21,22,1,0,0,0,0,5,3,0,11,0,0,0,12,2,3,8,0,0,0,1,15,96782,6,1,6,1,3,3,64,245,0,0,0,1,0,9,2013,9,2013,0,0,0,0,0,1,5,25,1,1,2,1,0,0,1,80,1,1,1,13,0,0
15,150021,1,3,1,4,3,19,20,12,8,1,0,15,3,12,481,12481,31,2008,1FTSW31R68EC,1,F,T,S,W,3,1,R,6,8,E,C,0,0,0,000000000,00000000000,0,0,0,1,0,0,0,0,0,0,0,999,0,0,0,11,6,2,12,0,0,0,1,15,96754,6,1,0,0,3,0,67,142,0,0,0,0,0,0,0,0,0,0,28,36,0,0,1,2,50,1,1,2,2,0,0,1,10,1,1,2,64,0,1
15,150021,2,3,4,4,3,19,20,12,8,1,0,15,2,2,404,2404,14,1996,1J4GZ78Y5TC3,1,J,4,G,Z,7,8,Y,5,T,C,3,0,0,0,000000000,00000000000,0,0,0,1,0,0,0,0,0,0,0,999,0,0,0,7,6,2,12,0,0,0,1,15,96754,6,1,0,0,3,3,68,135,0,0,0,0,0,0,0,0,0,0,0,0,0,0,1,2,50,1,1,2,2,0,0,1,62,1,1,1,65,0,0
15,150021,3,3,2,4,3,19,20,12,8,1,0,15,1,7,403,7403,14,2007,1D8GU28KX7W7,1,D,8,G,U,2,8,K,X,7,W,7,0,0,0,000000000,00000000000,0,0,0,1,0,0,0,0,0,0,0,999,0,1,5,12,6,2,12,0,0,0,1,15,96703,6,1,0,0,3,3,72,177,0,0,0,1,1,3,2012,11,2012,0,0,0,0,0,1,2,50,1,1,2,2,0,0,1,62,1,1,1,98,1,0
15,150022,1,1,1,8,3,0,24,8,0,1,1,99,9,99,999,99999,99,9999,999999999999,9,9,9,9,9,9,9,9,9,9,9,9,9,0,0,000000000,00000000000,9,0,0,1,0,0,0,0,99,99,9,999,0,0,0,12,9,5,8,0,0,0,1,99,99999,9,9,99,9,9,9,999,999,99,99,99,99,99,99,9999,99,9999,9,99,99,99,99,2,3,35,1,1,2,2,0,0,1,80,1,1,1,13,0,0
15,150023,1,1,1,14,3,3,50,33,0,1,0,15,1,49,471,49471,30,1986,JT4RN63B5G50,J,T,4,R,N,6,3,B,5,G,5,0,0,0,0,000000000,00000000000,0,0,0,1,0,0,0,0,0,0,0,39,0,0,0,5,6,2,30,0,0,0,1,15,96766,6,1,0,0,3,0,71,140,1,0,0,1,0,10,2012,10,2012,3,58,0,0,0,1,4,25,3,1,2,1,0,0,14,6,9,4,4,1,1,1
15,150024,1,3,1,16,3,14,44,12,2,1,0,15,2,59,31,59031,4,2002,JTHBF30G0200,J,T,H,B,F,3,0,G,0,2,0,0,0,0,0,000000000,00000000000,0,0,0,1,0,0,0,0,0,0,0,999,0,0,0,12,4,3,12,0,0,0,1,15,96819,6,1,0,0,3,0,70,170,0,0,0,0,1,3,2014,3,2014,0,28,0,0,0,1,4,35,1,1,2,1,0,0,1,10,1,1,2,50,0,0