STATE,ST_CASE,VEH_NO,VE_FORMS,NUMOCCS,DAY,MONTH,HOUR,MINUTE,HARM_EV,MAN_COLL,UNITTYPE,HIT_RUN,REG_STAT,OWNER,MAKE,MODEL,MAK_MOD,BODY_TYP,MOD_YEAR,VIN,VIN_1,VIN_2,VIN_3,VIN_4,VIN_5,VIN_6,VIN_7,VIN_8,VIN_9,VIN_10,VIN_11,VIN_12,TOW_VEH,J_KNIFE,MCARR_I1,MCARR_I2,MCARR_ID,GVWR,V_CONFIG,CARGO_BT,HAZ_INV,HAZ_PLAC,HAZ_ID,HAZ_CNO,HAZ_REL,BUS_USE,SPEC_USE,EMER_USE,TRAV_SP,UNDERIDE,ROLLOVER,ROLINLOC,IMPACT1,DEFORMED,TOWED,M_HARM,VEH_SC1,VEH_SC2,FIRE_EXP,DR_PRES,L_STATE,DR_ZIP,L_STATUS,L_TYPE,CDL_STAT,L_ENDORS,L_COMPL,L_RESTRI,DR_HGT,DR_WGT,PREV_ACC,PREV_SUS,PREV_DWI,PREV_SPD,PREV_OTH,FIRST_MO,FIRST_YR,LAST_MO,LAST_YR,SPEEDREL,DR_SF1,DR_SF2,DR_SF3,DR_SF4,VTRAFWAY,VNUM_LAN,VSPD_LIM,VALIGN,VPROFILE,VPAVETYP,VSURCOND,VTRAFCON,VTCONT_F,P_CRASH1,P_CRASH2,P_CRASH3,PCRASH4,PCRASH5,ACC_TYPE,DEATHS,DR_DRINK
17,170019,2,3,1,15,1,17,48,12,6,1,0,17,3,87,881,87881,66,2010,1XPHD49X2AD1,1,X,P,H,D,4,9,X,2,A,D,1,1,1,57,009640,57009640,3,6,1,1,0,0,0,0,0,0,0,998,0,0,0,12,6,2,12,0,0,0,1,17,61111,6,1,6,0,3,0,67,220,0,0,0,0,0,0,0,0,0,0,0,0,0,0,1,4,55,1,1,2,1,3,3,1,62,1,1,1,69,0,0
17,170019,3,3,1,15,1,17,48,12,6,1,0,17,1,12,24,12024,6,2011,2FMDK4KC0BBA,2,F,M,D,K,4,K,C,0,B,B,A,0,0,0,000000000,00000000000,0,0,0,1,0,0,0,0,0,0,0,0,0,0,0,12,6,2,12,0,0,0,1,17,60146,6,1,0,0,3,3,68,200,0,0,0,0,0,0,0,0,0,0,0,0,0,0,1,5,55,1,1,2,1,3,3,5,62,1,1,1,98,0,0
17,170020,1,2,1,30,1,4,19,12,6,1,0,19,1,18,2,18002,4,1999,1G4HP52K2XH4,1,G,4,H,P,5,2,K,2,X,H,4,0,0,0,000000000,00000000000,0,0,0,1,0,0,0,0,0,0,0,998,0,0,0,3,9,2,12,0,0,0,1,19,52003,6,1,0,0,3,0,75,275,0,0,0,3,0,6,2011,6,2012,0,38,0,0,0,1,2,98,1,1,2,1,21,3,1,17,1,1,1,87,1,0
17,170020,2,2,1,30,1,4,19,12,6,1,0,19,3,51,881,51881,66,2013,4V4NC9EG8DN5,4,V,4,N,C,9,E,G,8,D,N,5,1,1,57,647378,57647378,3,6,1,1,0,0,0,0,0,0,0,998,0,0,0,12,9,2,12,0,0,0,1,55,53812,6,1,6,0,3,0,69,160,0,0,0,0,0,0,0,0,0,0,0,0,0,0,2,2,65,1,1,2,1,0,0,1,66,1,1,1,86,0,0
17,170021,1,1,1,14,1,13,42,9,0,1,0,17,1,18,19,18019,4,2012,2G4GU5GVXC91,2,G,4,G,U,5,G,V,X,C,9,1,0,0,0,000000000,00000000000,0,0,0,1,0,0,0,0,0,0,0,31,0,0,0,12,2,5,9,0,0,0,1,17,60506,6,1,0,0,3,0,66,140,0,0,0,0,0,0,0,0,0,0,0,0,0,0,2,2,35,1,1,2,3,0,0,1,83,1,1,1,13,0,0
17,170022,1,2,1,23,1,9,20,12,2,1,0,17,2,63,402,63402,14,2012,5XYKT3A18CG2,5,X,Y,K,T,3,A,1,8,C,G,2,0,0,0,000000000,00000000000,0,0,0,1,0,0,0,0,0,0,0,998,0,0,0,12,6,2,12,0,0,0,1,17,62526,6,1,0,0,3,3,63,130,0,0,0,0,0,0,0,0,0,0,28,0,0,0,1,2,55,1,1,2,1,0,0,1,10,1,1,2,50,1,0
17,170022,2,2,1,23,1,9,20,12,2,1,0,17,1,7,442,7442,20,2007,2D4GP44L87R3,2,D,4,G,P,4,4,L,8,7,R,3,0,0,0,000000000,00000000000,0,0,0,1,0,0,0,0,0,0,0,998,0,0,0,12,6,2,12,0,0,0,1,17,61336,6,1,0,0,3,0,61,120,0,0,0,0,0,0,0,0,0,0,0,0,0,0,1,2,55,1,1,2,1,0,0,1,62,1,1,1,51,0,0
17,170023,1,2,2,24,1,16,8,12,6,1,0,17,2,37,441,37441,20,2007,5FNRL38247B1,5,F,N,R,L,3,8,2,4,7,B,1,0,0,0,000000000,00000000000,0,0,0,1,0,0,0,0,0,0,0,998,0,0,0,12,6,2,12,0,0,0,1,17,62427,6,1,0,0,3,0,64,178,0,0,0,0,0,0,0,0,0,0,28,58,0,0,1,2,55,1,3,2,1,0,0,1,13,6,4,6,66,1,0
17,170023,2,2,1,24,1,16,8,12,6,1,0,17,1,23,481,23481,31,1993,1GTEK14K6PZ5,1,G,T,E,K,1,4,K,6,P,Z,5,0,0,0,000000000,00000000000,0,0,0,1,0,0,0,0,0,0,0,998,0,0,0,62,6,2,12,0,0,0,1,17,62439,6,1,0,0,3,0,71,200,0,0,0,0,0,0,0,0,0,0,0,0,0,0,1,2,55,1,3,2,1,0,0,1,62,7,1,1,66,0,0
17,170024,1,1,2,24,1,16,15,30,0,1,0,17,1,12,471,12471,30,1991,1FTCR10AXMUB,1,F,T,C,R,1,0,A,X,M,U,B,0,0,0,000000000,00000000000,0,0,0,1,0,0,0,0,0,0,0,998,0,0,0,62,6,2,30,0,0,0,1,17,62512,6,1,6,0,3,0,72,150,0,0,0,0,0,0,0,0,0,4,87,0,0,0,1,2,25,1,1,2,4,0,0,1,5,1,3,4,2,1,1
17,170025,1,1,5,7,1,0,30,34,0,1,0,17,2,23,481,23481,31,2003,1GTHK29G13E2,1,G,T,H,K,2,9,G,1,3,E,2,0,0,0,000000000,00000000000,0,0,0,1,0,0,0,0,0,0,0,47,0,1,5,82,6,2,1,0,0,0,1,17,62821,1,1,0,0,2,0,70,160,1,3,0,3,0,5,2012,11,2013,4,28,0,0,0,1,2,55,1,1,2,4,0,0,1,6,1,4,4,7,1,1
17,170026,1,2,2,27,1,11,31,12,6,1,0,17,1,20,471,20471,30,1998,1GCCS19X2W81,1,G,C,C,S,1,9,X,2,W,8,1,0,0,0,000000000,00000000000,0,0,0,1,0,0,0,0,0,0,0,998,0,0,0,12,6,2,12,0,0,0,1,17,60557,6,1,0,0,3,0,69,180,0,0,0,0,0,0,0,0,0,4,87,39,0,0,1,2,55,1,1,2,4,20,3,2,5,4,2,1,86,1,0
17,170026,2,2,1,27,1,11,31,12,6,1,0,29,3,87,881,87881,66,2009,1XPHD49X09D7,1,X,P,H,D,4,9,X,0,9,D,7,1,1,57,214623,57214623,3,6,1,1,0,0,0,0,0,0,0,998,0,0,0,5,0,5,12,0,0,0,1,5,72714,6,1,6,0,3,0,70,190,0,0,0,0,0,0,0,0,0,0,87,0,0,0,1,2,55,1,1,2,4,0,0,1,66,1,1,1,87,0,0
17,170027,1,1,1,4,2,18,33,42,0,1,0,17,1,49,482,49482,31,2012,5TFHW5F19CX2,5,T,F,H,W,5,F,1,9,C,X,2,0,0,0,000000000,00000000000,0,0,0,1,0,0,0,0,0,0,0,998,0,0,0,62,6,2,30,0,0,0,1,17,61858,6,1,0,0,3,3,71,200,0,0,0,0,1,5,2012,5,2012,4,87,39,0,0,1,2,55,1,1,2,3,20,3,1,5,3,2,4,14,1,0
17,170028,1,2,1,25,1,8,45,12,6,1,0,17,1,12,481,12481,31,2002,1FTRX18WX2NB,1,F,T,R,X,1,8,W,X,2,N,B,0,0,0,000000000,00000000000,0,0,0,1,0,0,0,0,0,0,0,998,0,0,0,3,6,2,12,0,0,0,1,17,60444,6,1,0,0,3,3,67,210,0,0,0,0,0,0,0,0,0,4,28,0,0,0,1,2,55,1,1,2,4,0,0,1,10,1,1,4,66,1,0
17,170028,2,2,1,25,1,8,45,12,6,1,0,17,1,12,471,12471,31,2000,1FTZR15V6YPA,1,F,T,Z,R,1,5,V,6,Y,P,A,0,0,0,000000000,00000000000,0,0,0,1,0,0,0,0,0,0,0,998,0,1,5,12,6,2,12,0,0,0,1,17,60450,6,1,0,0,3,0,67,175,0,0,0,0,0,0,0,0,0,0,0,0,0,0,1,2,55,1,1,2,4,0,0,1,62,9,1,4,66,0,0
17,170029,1,2,1,8,2,11,16,12,2,1,0,17,3,82,881,82881,66,2003,1FUJBBCG03LL,1,F,U,J,B,B,C,G,0,3,L,L,1,3,57,1872810,571872810,3,6,1,1,0,0,0,0,0,0,0,998,0,0,0,12,6,2,12,0,0,0,1,17,60656,6,1,6,0,3,0,72,210,0,0,0,4,0,6,2013,12,2013,0,28,52,0,0,2,2,70,1,1,2,2,0,0,1,10,1,1,6,50,1,0
17,170029,2,2,1,8,2,11,16,12,2,1,0,55,3,51,881,51881,66,2013,4V4NC9EH4DN1,4,V,4,N,C,9,E,H,4,D,N,1,1,1,57,534403,57534403,3,6,1,1,0,0,0,0,0,0,0,998,0,1,5,12,6,2,12,0,0,0,1,55,54110,6,1,6,0,3,3,76,300,0,0,0,0,0,0,0,0,0,0,0,0,0,0,2,2,70,1,1,2,2,0,0,1,62,7,1,3,51,0,0
17,170030,1,1,1,9,2,3,2,8,0,1,1,17,1,7,24,7024,4,2006,2B3KA53H06H3,2,B,3,K,A,5,3,H,0,6,H,3,0,0,0,000000000,00000000000,0,0,0,1,0,0,0,0,0,0,0,998,0,0,0,12,8,5,8,0,0,0,1,17,61265,1,1,0,0,2,0,999,999,0,2,0,3,0,3,2011,7,2011,0,6,0,0,0,6,1,55,1,2,2,4,0,0,1,80,1,1,1,13,0,1
17,170031,1,1,2,24,1,20,27,24,0,1,0,17,1,20,23,20023,6,2011,3GNBACFU8BS5,3,G,N,B,A,C,F,U,8,B,S,5,0,0,0,000000000,00000000000,0,0,0,1,0,0,0,0,0,0,0,998,0,0,0,12,6,2,24,0,0,0,1,17,62254,6,1,6,0,3,3,74,220,0,0,0,0,0,0,0,0,0,0,28,0,0,0,3,3,55,3,2,2,1,0,0,14,13,1,1,4,1,1,1
17,170032,1,2,2,26,1,16,59,12,6,1,0,17,1,7,472,7472,31,2006,1D7HE48N96S5,1,D,7,H,E,4,8,N,9,6,S,5,0,0,0,000000000,00000000000,0,0,0,1,0,0,0,0,0,0,0,998,0,0,0,83,6,2,12,0,0,0,1,17,60115,6,1,0,0,3,0,63,157,0,0,0,0,0,0,0,0,0,4,87,28,0,0,1,2,55,1,1,2,4,0,0,1,5,1,2,2,66,0,0
17,170032,2,2,1,26,1,16,59,12,6,1,0,17,1,12,422,12422,15,2001,1FMFU18L21LA,1,F,M,F,U,1,8,L,2,1,L,A,0,0,0,000000000,00000000000,0,0,0,1,0,0,0,0,0,0,0,998,0,0,0,12,6,2,12,0,0,0,1,17,60115,6,1,6,0,3,0,70,190,0,0,0,0,0,0,0,0,0,0,0,0,0,0,1,2,55,1,1,2,4,0,0,1,62,1,1,1,66,1,0
17,170033,1,2,1,25,1,10,25,12,2,1,0,17,1,20,25,20025,4,2013,1G1PC5SB1D73,1,G,1,P,C,5,S,B,1,D,7,3,0,0,0,000000000,00000000000,0,0,0,1,0,0,0,0,0,0,0,30,0,0,0,12,6,2,12,0,0,0,1,17,60586,6,1,0,0,3,0,67,150,0,0,0,0,0,0,0,0,0,0,85,87,28,0,1,2,30,3,2,2,4,0,0,17,70,4,2,2,54,0,0
17,170033,2,2,1,25,1,10,25,12,2,1,0,17,1,24,1,24001,4,2001,1G8ZH52881Z3,1,G,8,Z,H,5,2,8,8,1,Z,3,0,0,0,000000000,00000000000,0,0,0,1,0,0,0,0,0,0,0,30,0,0,0,12,6,2,12,0,0,0,1,17,60435,6,1,0,0,3,0,65,160,0,0,0,0,0,0,0,0,0,0,0,0,0,0,1,2,30,2,2,2,4,0,0,14,62,1,1,1,55,1,0
17,170034,1,2,1,30,1,1,37,12,6,1,0,17,2,48,401,48401,14,2003,JF1SG65603H7,J,F,1,S,G,6,5,6,0,3,H,7,0,0,0,000000000,00000000000,0,0,0,1,0,0,0,0,0,0,0,998,0,0,0,3,6,2,12,0,0,0,1,17,60047,6,1,0,0,3,3,61,103,0,0,0,0,0,0,0,0,0,0,58,28,0,0,1,2,40,3,2,2,1,40,3,14,13,6,4,6,66,1,1
17,170034,2,2,3,30,1,1,37,12,6,1,0,17,1,49,403,49403,14,2013,5TDDK3EH8DS2,5,T,D,D,K,3,E,H,8,D,S,2,0,0,0,000000000,00000000000,0,0,0,1,0,0,0,0,0,0,0,998,0,0,0,12,6,2,12,0,0,0,1,17,60067,6,1,0,0,3,3,70,180,0,0,0,1,0,10,2012,10,2012,0,0,0,0,0,1,2,40,2,2,2,1,40,3,14,62,4,1,1,66,0,0
17,170035,1,2,2,29,1,15,15,12,6,1,0,17,1,30,40,30040,4,2000,3VWSA29M5YM0,3,V,W,S,A,2,9,M,5,Y,M,0,0,0,0,000000000,00000000000,0,0,0,1,0,0,0,0,0,0,0,998,0,0,0,62,6,2,12,0,0,0,1,17,61571,6,1,0,0,3,0,69,165,0,0,0,0,0,0,0,0,0,0,27,38,0,0,3,2,65,1,1,2,1,0,0,15,10,1,1,7,47,1,0
17,170035,2,2,3,29,1,15,15,12,6,1,0,17,1,20,443,20443,20,2002,1GNDX03E32D1,1,G,N,D,X,0,3,E,3,2,D,1,0,0,0,000000000,00000000000,0,0,0,1,0,0,0,0,0,0,0,998,0,0,0,12,6,2,12,0,0,0,1,17,61517,6,1,0,0,3,0,71,180,0,0,0,0,0,0,0,0,0,0,0,0,0,0,3,2,65,1,1,2,1,0,0,1,61,1,1,1,45,0,0
17,170036,1,3,1,25,1,12,24,12,6,1,0,17,1,37,31,37031,4,2006,1HGFA16546L1,1,H,G,F,A,1,6,5,4,6,L,1,0,0,0,000000000,00000000000,0,0,0,1,0,0,0,0,0,0,0,998,0,0,0,82,6,2,12,0,0,0,1,17,60506,6,1,0,0,3,0,65,145,0,0,0,0,0,0,0,0,0,0,38,0,0,0,2,3,45,1,1,2,2,2,3,11,15,1,1,1,68,1,0
17,170036,2,3,2,25,1,12,24,12,6,1,0,17,3,54,421,54421,15,2014,5FRYD4H21EB0,5,F,R,Y,D,4,H,2,1,E,B,0,0,0,0,000000000,00000000000,0,0,0,1,0,0,0,0,0,0,0,998,0,0,0,12,6,2,12,0,0,0,1,17,60544,6,1,0,0,3,0,70,250,0,0,0,2,0,11,2011,5,2012,0,0,0,0,0,2,2,45,1,1,2,2,2,3,1,62,1,1,1,69,0,0
17,170036,3,3,6,25,1,12,24,12,6,1,0,17,2,37,441,37441,20,2005,5FNRL38695B1,5,F,N,R,L,3,8,6,9,5,B,1,0,0,0,000000000,00000000000,0,0,0,1,0,0,0,0,0,0,0,0,0,0,0,63,2,5,12,0,0,0,1,17,60504,6,1,0,0,3,0,68,150,0,0,0,0,0,0,0,0,0,0,0,0,0,0,2,4,45,1,1,2,2,2,3,5,66,1,1,1,98,0,0
17,170037,1,1,1,25,1,6,55,34,0,1,0,17,1,20,481,20481,31,2004,1GCHC29U24E3,1,G,C,H,C,2,9,U,2,4,E,3,0,0,0,000000000,00000000000,0,0,0,1,0,0,0,0,0,0,0,998,0,1,5,12,6,2,34,0,0,0,1,17,62354,6,1,0,0,3,0,70,250,0,0,0,0,0,0,0,0,0,0,87,0,0,0,1,2,55,1,1,2,4,0,0,1,5,1,2,4,2,1,0
17,170038,1,1,1,25,1,9,6,35,0,1,0,18,3,51,881,51881,66,2005,4V4NC9GH15N3,4,V,4,N,C,9,G,H,1,5,N,3,1,1,57,2076282,572076282,3,6,1,1,0,0,0,0,0,0,0,998,0,0,0,12,6,2,31,0,0,0,1,17,60429,6,1,6,0,3,0,71,273,0,0,0,0,0,0,0,0,0,4,0,0,0,0,2,2,65,1,1,2,2,0,0,1,12,1,1,4,6,1,0
17,170039,1,5,1,27,1,21,20,12,1,1,0,17,3,82,881,82881,66,2004,1FUJA6CV64LN,1,F,U,J,A,6,C,V,6,4,L,N,1,1,57,1434005,571434005,3,6,3,1,0,0,0,0,0,0,0,60,0,0,0,12,6,2,12,0,0,1,1,17,60133,6,1,6,0,3,3,71,220,1,0,0,0,0,3,2012,3,2012,4,41,26,0,0,3,3,55,1,1,2,1,8,3,1,50,1,1,1,20,0,0
17,170039,2,5,1,27,1,21,20,12,1,1,0,17,3,12,16,12016,4,2011,2FABP7BV7BX1,2,F,A,B,P,7,B,V,7,B,X,1,0,0,0,000000000,00000000000,0,0,0,1,0,0,0,0,0,5,5,0,0,0,0,6,6,2,12,41,0,1,1,17,60543,6,1,0,0,3,0,72,215,0,0,0,0,0,0,0,0,0,0,16,54,0,0,3,3,55,1,1,2,1,8,3,5,53,1,1,1,21,0,0
17,170039,3,5,2,27,1,21,20,12,1,1,0,17,3,84,881,84881,62,2010,1HTMNAAL5AH1,1,H,T,M,N,A,A,L,5,A,H,1,0,0,88,888888888,88888888888,2,1,97,1,0,0,0,0,0,13,0,0,0,0,0,6,6,2,12,0,0,1,1,17,60090,6,1,6,0,3,0,67,180,0,0,0,0,0,0,0,0,0,0,54,0,0,0,3,3,55,1,1,2,1,8,3,5,50,1,1,1,98,1,0
17,170039,4,5,0,27,1,21,20,12,1,1,0,26,3,51,883,51883,66,2000,4V4ND1RH0YN7,4,V,4,N,D,1,R,H,0,Y,N,7,1,1,57,65512,5765512,3,6,1,1,0,0,0,0,0,0,0,0,0,0,0,6,6,2,12,0,0,0,0,0,99997,7,6,97,7,6,7,998,997,998,998,998,998,998,98,9998,98,9998,8,0,0,0,0,3,3,55,1,1,2,1,8,3,0,50,0,0,0,98,0,0
17,170039,5,5,0,27,1,21,20,12,1,1,0,17,3,89,881,89881,66,1991,4V2JCBLFXMR8,4,V,2,J,C,B,L,F,X,M,R,8,1,1,57,589770,57589770,3,6,97,1,0,0,0,0,0,0,0,0,0,0,0,6,2,5,12,40,0,0,0,0,99997,7,6,97,7,6,7,998,997,998,998,998,998,998,98,9998,98,9998,8,0,0,0,0,3,3,55,1,1,2,1,8,3,0,50,0,0,0,98,0,0
17,170040,1,1,3,26,1,16,41,1,0,1,0,17,1,20,403,20403,14,2005,1GNET16S9561,1,G,N,E,T,1,6,S,9,5,6,1,0,0,0,000000000,00000000000,0,0,0,1,0,0,0,0,0,0,0,998,0,2,5,0,6,2,1,0,0,0,1,17,61103,6,1,0,0,3,0,71,250,0,0,0,0,0,0,0,0,0,4,87,0,0,0,1,2,55,1,1,2,4,0,0,1,5,1,9,4,2,1,0
17,170041,1,1,1,29,1,6,57,8,0,1,0,17,3,89,882,89882,63,2014,5VCACSUF5EH2,5,V,C,A,C,S,U,F,5,E,H,2,0,0,57,289606,57289606,3,2,7,1,0,0,0,0,0,0,0,998,0,0,0,12,0,5,8,42,0,0,1,17,62558,6,1,6,0,3,3,70,155,0,0,0,0,0,0,0,0,0,0,0,0,0,0,1,2,10,1,2,2,1,0,0,1,80,1,1,1,13,0,0
17,170042,1,1,1,2,2,3,58,8,0,1,0,17,1,52,47,52047,6,2006,JA4LX31F46U0,J,A,4,L,X,3,1,F,4,6,U,0,0,0,0,000000000,00000000000,0,0,0,1,0,0,0,0,0,0,0,998,0,0,0,12,6,2,8,0,0,0,1,17,60538,6,1,0,0,3,3,63,135,0,0,0,1,3,12,2011,12,2013,4,0,0,0,0,1,4,35,1,1,2,3,0,0,1,80,1,1,1,13,0,1
17,170043,1,2,1,11,2,21,5,12,6,1,0,17,1,63,441,63441,20,2005,KNDUP131X566,K,N,D,U,P,1,3,1,X,5,6,6,0,0,0,000000000,00000000000,0,0,0,1,0,0,0,0,0,0,0,998,0,0,0,82,6,2,12,0,0,0,1,17,61016,6,1,0,0,3,3,70,165,0,0,0,0,0,0,0,0,0,0,38,0,0,0,2,3,65,1,1,2,1,0,0,11,15,1,1,1,68,0,0
17,170043,2,2,1,11,2,21,5,12,6,1,0,17,1,37,31,37031,2,2001,1HGEM22551L0,1,H,G,E,M,2,2,5,5,1,L,0,0,0,0,000000000,00000000000,0,0,0,1,0,0,0,0,0,0,0,998,0,0,0,12,6,2,12,0,0,0,1,17,61016,6,1,0,0,3,0,70,230,0,0,0,0,0,0,0,0,0,0,0,0,0,0,2,2,65,1,1,2,1,0,0,1,62,1,1,1,69,1,0
17,170044,1,2,2,12,2,2,45,12,6,1,0,17,1,20,37,20037,4,2005,1G1ZT62835F1,1,G,1,Z,T,6,2,8,3,5,F,1,0,0,0,000000000,00000000000,0,0,0,1,0,0,0,0,0,0,0,998,0,0,0,3,6,2,12,0,0,0,1,17,62704,6,1,0,0,3,0,64,150,0,0,0,0,0,0,0,0,0,0,38,0,0,0,2,4,35,1,1,2,1,1,3,11,15,1,1,1,68,1,0
17,170044,2,2,2,12,2,2,45,12,6,1,0,18,3,82,881,82881,66,2012,1FUJGLDR3CSB,1,F,U,J,G,L,D,R,3,C,S,B,1,1,57,327574,57327574,3,6,1,1,0,0,0,0,0,0,0,998,0,0,0,12,6,2,12,0,0,0,1,17,62808,6,1,6,0,3,0,69,210,0,0,0,1,0,1,2012,1,2012,0,0,0,0,0,2,2,35,1,1,2,1,1,3,1,62,99,1,3,69,0,0
17,170045,1,1,1,3,2,18,45,8,0,1,0,17,1,13,401,13401,14,2004,5LMEU88H24ZJ,5,L,M,E,U,8,8,H,2,4,Z,J,0,0,0,000000000,00000000000,0,0,0,1,0,0,0,0,0,0,0,998,0,0,0,12,2,5,8,0,0,0,1,17,60491,6,1,0,0,3,0,69,175,0,0,0,0,0,0,0,0,0,4,85,0,0,0,3,4,45,1,1,2,1,0,0,17,80,1,1,2,13,0,0
17,170046,1,2,1,22,2,19,0,12,6,1,0,17,1,37,31,37031,4,1999,1HGEJ8645XL0,1,H,G,E,J,8,6,4,5,X,L,0,0,0,0,000000000,00000000000,0,0,0,1,0,0,0,0,0,0,0,2,0,0,0,3,6,2,12,0,0,0,1,17,61920,6,1,0,0,3,0,66,160,0,0,0,0,0,0,0,0,0,0,38,0,0,0,1,2,98,1,2,2,1,20,3,1,17,1,1,1,87,1,1
17,170046,2,2,1,22,2,19,0,12,6,1,0,29,3,84,881,84881,66,2014,3HSDHSJR1EN7,3,H,S,D,H,S,J,R,1,E,N,7,1,1,57,3706,573706,3,6,1,1,0,0,0,0,0,0,0,998,0,0,0,12,6,2,12,0,0,0,1,17,62363,6,1,6,0,3,0,69,250,0,0,0,0,0,0,0,0,0,0,0,0,0,0,1,2,98,1,2,2,1,0,0,1,66,4,1,1,86,0,0
17,170047,1,1,1,22,2,23,56,8,0,1,1,17,9,20,37,20037,4,2000,1G1NE52J5Y61,1,G,1,N,E,5,2,J,5,Y,6,1,0,0,0,000000000,00000000000,0,0,0,1,0,0,0,0,0,0,0,998,0,0,0,12,4,5,8,0,0,0,1,99,99999,9,9,99,0,9,9,999,999,99,99,99,99,99,99,9999,99,9999,9,99,99,99,99,1,2,30,1,1,2,4,0,0,99,80,99,9,3,13,0,0
17,170048,1,1,1,6,3,4,10,8,0,1,0,17,1,12,17,12017,4,2003,1FAFP55U33G1,1,F,A,F,P,5,5,U,3,3,G,1,0,0,0,000000000,00000000000,0,0,0,1,0,0,0,0,0,0,0,38,0,0,0,12,4,3,8,0,0,0,1,17,60506,6,1,0,0,3,3,64,228,0,0,0,0,0,0,0,0,0,0,0,0,0,0,1,2,35,1,1,2,2,0,0,1,80,1,1,1,13,0,0
17,170049,1,2,1,27,2,4,50,12,6,1,0,18,1,20,25,20025,4,2012,1G1PF5SC4C72,1,G,1,P,F,5,S,C,4,C,7,2,0,0,0,000000000,00000000000,0,0,0,1,0,0,0,0,0,0,0,998,0,0,0,82,6,2,12,0,0,0,1,18,46311,6,1,0,0,3,3,65,135,0,0,0,1,0,7,2012,7,2012,0,38,39,0,0,1,2,55,1,1,2,1,20,3,1,17,1,1,1,87,1,1
17,170049,2,2,1,27,2,4,50,12,6,1,0,17,3,87,881,87881,66,2007,1XPGDU9X27N6,1,X,P,G,D,U,9,X,2,7,N,6,1,1,57,76483,5776483,3,6,2,2,2,8888,88,1,0,0,0,998,0,1,5,12,6,2,12,0,0,0,1,55,53081,6,1,6,1,3,0,70,210,0,0,0,0,0,0,0,0,0,0,0,0,0,0,2,2,55,1,1,2,1,0,0,1,66,1,1,1,86,0,0
17,170050,1,1,2,1,2,11,57,31,0,1,0,42,1,7,43,7043,4,1999,1B3EJ46X3XN6,1,B,3,E,J,4,6,X,3,X,N,6,0,0,0,000000000,00000000000,0,0,0,1,0,0,0,0,0,0,0,998,0,0,0,81,6,2,30,0,0,0,1,42,17110,6,1,0,0,3,0,75,999,0,0,0,0,0,0,0,0,0,4,87,0,0,0,6,1,65,3,1,2,3,0,0,14,5,1,4,4,2,1,0
17,170051,1,1,1,16,2,1,52,19,0,1,0,17,2,12,422,12422,15,2000,1FMPU18L4YLB,1,F,M,P,U,1,8,L,4,Y,L,B,0,0,0,000000000,00000000000,0,0,0,1,0,0,0,0,0,0,0,998,0,0,0,12,6,2,19,0,0,0,1,17,60440,1,1,0,0,2,0,999,999,1,1,0,0,0,2,2013,2,2013,4,0,0,0,0,1,2,25,1,2,2,3,0,0,11,13,1,1,4,1,1,1
17,170052,1,3,1,12,2,9,14,12,2,1,0,17,2,63,32,63032,4,2010,KNADH5A30A66,K,N,A,D,H,5,A,3,0,A,6,6,0,0,0,000000000,00000000000,0,0,0,1,0,0,0,0,0,0,0,998,0,0,0,12,6,2,12,0,0,0,1,17,60452,6,1,0,0,3,3,67,205,0,0,0,0,0,0,0,0,0,0,51,0,0,0,2,2,35,1,1,2,1,0,0,1,10,1,1,2,50,1,0
17,170052,2,3,2,12,2,9,14,12,2,1,0,17,3,12,988,12988,52,2010,1FDFE4FP5ADA,1,F,D,F,E,4,F,P,5,A,D,A,0,0,88,888888888,88888888888,2,21,22,1,0,0,0,0,6,3,0,998,0,0,0,12,6,2,12,0,0,0,1,17,60958,6,1,6,1,3,3,71,230,0,0,0,1,0,2,2013,2,2013,0,0,0,0,0,2,1,35,1,1,2,1,0,0,1,62,1,1,1,51,0,0
17,170052,3,3,1,12,2,9,14,12,2,1,0,17,3,12,23,12023,4,2012,3FAHP0HG5CR3,3,F,A,H,P,0,H,G,5,C,R,3,0,0,0,000000000,00000000000,0,0,0,1,0,0,0,0,0,0,0,998,0,0,0,9,6,2,12,0,0,0,1,17,60586,6,1,0,0,3,3,70,200,0,0,0,0,0,0,0,0,0,0,0,0,0,0,2,1,35,1,1,2,1,0,0,1,60,1,1,1,98,0,0
17,170053,1,1,1,13,2,9,7,35,0,1,0,17,2,6,441,6441,20,2000,1C4GP64L0YB5,1,C,4,G,P,6,4,L,0,Y,B,5,0,0,0,000000000,00000000000,0,0,0,1,0,0,0,0,0,0,0,998,0,0,0,12,6,2,35,0,0,0,1,17,62233,6,1,0,0,3,3,62,140,0,0,0,0,0,0,0,0,0,9,99,99,99,99,1,2,55,1,1,2,99,0,0,1,12,99,9,4,10,1,0
17,170054,1,1,3,9,2,7,40,25,0,1,0,17,2,49,32,49032,4,2003,JTDBR32E5300,J,T,D,B,R,3,2,E,5,3,0,0,0,0,0,000000000,00000000000,0,0,0,1,0,0,0,0,0,0,0,998,0,1,3,12,6,2,30,0,0,0,1,17,60616,6,1,0,0,3,0,66,150,0,0,0,0,0,0,0,0,0,4,87,0,0,0,3,3,55,1,1,2,4,0,0,1,5,1,2,4,7,2,0
17,170055,1,2,1,7,2,0,47,12,6,1,0,17,3,20,422,20422,15,2010,1GNUKKE37AR2,1,G,N,U,K,K,E,3,7,A,R,2,0,0,0,000000000,00000000000,0,0,0,1,0,0,0,0,0,0,0,998,0,0,0,12,6,2,12,0,0,0,1,17,60068,6,1,0,0,3,0,72,190,0,0,0,0,0,0,0,0,0,0,0,0,0,0,1,4,50,1,1,2,4,0,0,1,62,1,1,1,66,0,0