STATE,ST_CASE,VEH_NO,VE_FORMS,NUMOCCS,DAY,MONTH,HOUR,MINUTE,HARM_EV,MAN_COLL,UNITTYPE,HIT_RUN,REG_STAT,OWNER,MAKE,MODEL,MAK_MOD,BODY_TYP,MOD_YEAR,VIN,VIN_1,VIN_2,VIN_3,VIN_4,VIN_5,VIN_6,VIN_7,VIN_8,VIN_9,VIN_10,VIN_11,VIN_12,TOW_VEH,J_KNIFE,MCARR_I1,MCARR_I2,MCARR_ID,GVWR,V_CONFIG,CARGO_BT,HAZ_INV,HAZ_PLAC,HAZ_ID,HAZ_CNO,HAZ_REL,BUS_USE,SPEC_USE,EMER_USE,TRAV_SP,UNDERIDE,ROLLOVER,ROLINLOC,IMPACT1,DEFORMED,TOWED,M_HARM,VEH_SC1,VEH_SC2,FIRE_EXP,DR_PRES,L_STATE,DR_ZIP,L_STATUS,L_TYPE,CDL_STAT,L_ENDORS,L_COMPL,L_RESTRI,DR_HGT,DR_WGT,PREV_ACC,PREV_SUS,PREV_DWI,PREV_SPD,PREV_OTH,FIRST_MO,FIRST_YR,LAST_MO,LAST_YR,SPEEDREL,DR_SF1,DR_SF2,DR_SF3,DR_SF4,VTRAFWAY,VNUM_LAN,VSPD_LIM,VALIGN,VPROFILE,VPAVETYP,VSURCOND,VTRAFCON,VTCONT_F,P_CRASH1,P_CRASH2,P_CRASH3,PCRASH4,PCRASH5,ACC_TYPE,DEATHS,DR_DRINK
17,170055,2,2,2,7,2,0,47,12,6,1,0,17,1,7,472,7472,31,2008,1D7HW58N38S6,1,D,7,H,W,5,8,N,3,8,S,6,0,0,0,000000000,00000000000,0,0,0,1,0,0,0,0,0,0,0,998,0,0,0,3,6,2,12,0,0,0,1,17,60120,6,1,0,0,3,0,60,110,0,0,0,0,0,0,0,0,0,0,87,28,0,0,1,4,50,1,1,2,4,0,0,1,5,1,4,2,66,1,0
17,170056,1,1,2,14,2,11,30,10,0,1,0,17,2,20,481,20481,31,1997,1GCEC19M1VE2,1,G,C,E,C,1,9,M,1,V,E,2,0,0,0,000000000,00000000000,0,0,0,1,0,0,0,0,0,0,0,998,0,0,0,62,6,2,10,0,0,0,1,17,62056,6,1,0,0,3,0,67,180,0,0,0,1,2,7,2013,10,2013,0,39,0,0,0,1,2,55,1,1,2,3,65,3,1,90,1,1,1,15,1,0
17,170057,1,1,1,11,3,15,2,1,0,1,0,17,1,76,706,76706,80,2007,JYARN20E37A0,J,Y,A,R,N,2,0,E,3,7,A,0,0,0,0,000000000,00000000000,0,0,0,1,0,0,0,0,0,0,0,998,0,0,0,0,6,2,24,0,0,0,1,17,62052,6,1,0,0,3,0,66,140,0,0,0,0,0,0,0,0,0,4,36,0,0,0,6,1,98,3,2,2,1,0,0,98,9,1,7,4,98,1,0
17,170058,1,3,1,3,2,7,21,12,8,1,0,17,1,22,20,22020,4,2003,1G2NF52E43M5,1,G,2,N,F,5,2,E,4,3,M,5,0,0,0,000000000,00000000000,0,0,0,1,0,0,0,0,0,0,0,998,0,0,0,62,6,2,12,0,0,0,1,17,60185,6,1,0,0,3,0,73,210,0,0,0,0,0,0,0,0,0,0,51,0,0,0,2,2,50,1,1,2,1,0,0,1,10,1,1,6,64,1,0
17,170058,2,3,1,3,2,7,21,12,8,1,0,17,1,37,31,37031,4,1999,2HGEJ6689XH9,2,H,G,E,J,6,6,8,9,X,H,9,0,0,0,000000000,00000000000,0,0,0,1,0,0,0,0,0,0,0,998,0,0,0,63,2,5,12,0,0,0,1,17,60564,6,1,0,0,3,0,62,115,0,0,0,1,0,8,2013,8,2013,0,0,0,0,0,2,2,50,1,1,2,1,0,0,1,62,1,1,1,65,0,0
17,170058,3,3,1,3,2,7,21,12,8,1,0,17,1,35,403,35403,14,2012,JN8AF5MV8CT1,J,N,8,A,F,5,M,V,8,C,T,1,0,0,0,000000000,00000000000,0,0,0,1,0,0,0,0,0,0,0,998,0,0,0,12,6,2,12,0,0,0,1,17,60558,6,1,0,0,3,0,71,150,0,0,0,0,0,0,0,0,0,0,0,0,0,0,2,2,50,1,1,2,1,0,0,1,62,1,1,1,98,0,0
17,170059,1,2,2,8,1,11,5,12,6,1,0,17,2,14,6,14006,4,2001,2MEFM74W91X6,2,M,E,F,M,7,4,W,9,1,X,6,0,0,0,000000000,00000000000,0,0,0,1,0,0,0,0,0,0,0,998,0,0,0,11,6,2,12,0,0,0,1,17,60426,6,1,0,0,3,3,62,167,0,0,0,0,0,0,0,0,0,0,38,0,0,0,1,4,30,1,1,2,2,2,3,11,15,1,1,1,68,1,0
17,170059,2,2,1,8,1,11,5,12,6,1,0,17,3,85,881,85881,66,2007,1XKWDB9X77J1,1,X,K,W,D,B,9,X,7,7,J,1,1,1,57,0244827,570244827,3,6,4,1,0,0,0,0,0,0,0,998,0,0,0,12,6,2,12,0,0,0,1,17,60430,6,1,6,0,3,3,71,230,0,0,0,0,0,0,0,0,0,0,0,0,0,0,1,4,25,1,1,2,2,2,3,4,62,1,1,1,69,0,0
17,170060,1,1,1,17,1,4,36,14,0,1,0,17,2,12,422,12422,15,2006,1FMPU16556LA,1,F,M,P,U,1,6,5,5,6,L,A,0,0,0,000000000,00000000000,0,0,0,1,0,0,0,0,0,0,0,998,0,1,5,98,6,2,14,0,0,0,1,17,62204,6,1,0,0,3,0,66,200,0,0,0,0,0,0,0,0,0,3,0,0,0,0,1,2,40,1,1,2,1,0,0,1,13,1,1,4,1,1,1
17,170061,1,1,1,25,1,15,41,8,0,1,1,99,9,99,399,99399,10,9999,999999999999,9,9,9,9,9,9,9,9,9,9,9,9,0,0,0,000000000,00000000000,0,0,0,1,0,0,0,0,0,0,0,998,0,0,0,12,2,5,8,0,0,0,1,99,99999,9,9,99,9,9,9,999,999,99,99,99,99,99,99,9999,99,9999,9,99,99,99,99,1,2,35,1,1,2,2,20,3,1,80,1,1,1,13,0,0
17,170062,1,2,1,18,1,11,7,12,6,1,0,19,3,82,881,82881,66,2007,1FUJA6CV97LX,1,F,U,J,A,6,C,V,9,7,L,X,1,1,57,974808,57974808,3,6,1,1,0,0,0,0,0,0,0,30,0,0,0,12,6,2,12,0,0,0,1,19,60435,6,1,6,0,3,0,71,250,1,0,0,0,1,8,2011,9,2011,4,51,0,0,0,1,2,30,1,2,2,3,0,0,6,60,6,1,1,73,0,0
17,170062,2,2,2,18,1,11,7,12,6,1,0,13,2,55,35,55035,4,2005,KMHDN46D85U0,K,M,H,D,N,4,6,D,8,5,U,0,0,0,0,000000000,00000000000,0,0,0,1,0,0,0,0,0,0,0,998,0,0,0,9,6,2,12,0,0,0,1,17,61350,6,1,0,0,3,0,66,220,0,0,0,0,0,0,0,0,0,0,87,0,0,0,1,2,30,1,2,2,3,0,0,11,15,1,1,1,72,1,0
17,170063,1,1,1,1,2,22,29,8,0,1,0,17,1,2,403,2403,14,1995,1J4GZ78Y7SC7,1,J,4,G,Z,7,8,Y,7,S,C,7,0,0,0,000000000,00000000000,0,0,0,1,0,0,0,0,0,0,0,998,0,0,0,12,2,5,8,0,0,0,1,17,61102,6,1,0,0,3,0,66,195,0,0,0,0,2,9,2013,10,2013,0,0,0,0,0,2,2,45,1,1,2,2,0,0,1,80,1,1,1,13,0,0
17,170064,1,1,2,27,1,22,43,38,0,1,0,17,2,23,401,23401,14,2004,1GKET12S3461,1,G,K,E,T,1,2,S,3,4,6,1,0,0,0,000000000,00000000000,0,0,0,1,0,0,0,0,0,0,0,998,0,1,5,1,6,2,30,0,0,0,1,17,60608,6,1,0,0,3,0,69,168,0,0,0,0,0,0,0,0,0,4,36,0,0,0,1,4,98,1,1,2,1,0,0,1,6,1,1,4,1,2,0
17,170065,1,1,1,12,1,19,48,34,0,1,0,17,1,20,499,20499,31,2004,2GCEK13T0413,2,G,C,E,K,1,3,T,0,4,1,3,0,0,0,000000000,00000000000,0,0,0,1,0,0,0,0,0,0,0,999,0,0,0,12,6,2,35,0,0,0,1,17,62571,6,1,0,0,3,0,69,160,0,0,0,0,2,7,2013,7,2013,9,0,0,0,0,1,2,55,1,1,2,2,0,0,1,99,2,1,4,14,1,1
17,170066,1,2,1,31,1,14,54,12,6,1,0,17,1,35,48,35048,2,2006,JN1AZ34D86M3,J,N,1,A,Z,3,4,D,8,6,M,3,0,0,0,000000000,00000000000,0,0,0,1,0,0,0,0,0,0,0,998,0,0,0,82,6,2,12,0,0,0,1,17,61704,6,1,0,0,3,3,72,200,0,0,0,1,0,4,2011,4,2011,4,28,0,0,0,1,2,55,1,1,2,2,0,0,1,9,1,4,2,66,0,0
17,170066,2,2,2,31,1,14,54,12,6,1,0,17,2,7,482,7482,31,1995,1B7MC36C5SS2,1,B,7,M,C,3,6,C,5,S,S,2,1,3,0,000000000,00000000000,0,0,0,1,0,0,0,0,0,0,0,998,0,0,0,12,6,2,12,0,0,0,1,17,61370,6,1,6,0,3,0,68,220,0,0,0,0,0,0,0,0,0,0,0,0,0,0,1,2,55,1,1,2,2,0,0,1,62,1,1,1,66,1,0
17,170067,1,1,1,3,2,11,55,35,0,1,0,17,1,19,18,19018,4,2004,1G6DM5771401,1,G,6,D,M,5,7,7,1,4,0,1,0,0,0,000000000,00000000000,0,0,0,1,0,0,0,0,0,0,0,998,0,1,5,12,6,2,42,0,0,0,1,17,62208,6,1,0,0,3,3,65,140,0,0,0,0,0,0,0,0,0,9,99,99,99,99,1,2,50,1,2,2,1,0,0,1,9,99,2,4,7,1,0
17,170068,1,1,1,14,3,5,11,48,0,1,0,17,1,20,403,20403,14,2006,1GNET13H9623,1,G,N,E,T,1,3,H,9,6,2,3,0,0,0,000000000,00000000000,0,0,0,1,0,0,0,0,0,0,0,998,0,1,5,12,6,2,1,0,0,0,1,17,60442,6,1,0,0,3,9,70,240,0,0,0,0,0,0,0,0,0,0,0,0,0,0,1,2,55,1,1,2,3,0,0,1,6,1,2,4,7,1,1
17,170070,1,1,1,11,3,0,26,8,0,1,0,17,2,59,31,59031,4,1996,JT8BF12G9T01,J,T,8,B,F,1,2,G,9,T,0,1,0,0,0,000000000,00000000000,0,0,0,1,0,0,0,0,0,0,0,998,0,0,0,12,6,2,8,0,0,0,1,17,60115,1,1,0,0,2,0,999,999,0,0,0,0,0,0,0,0,0,0,0,0,0,0,1,2,55,1,3,2,1,0,0,1,80,1,1,1,13,0,0
17,170071,1,1,1,9,3,17,11,32,0,1,0,17,2,20,404,20404,14,2007,2CNDL13F0760,2,C,N,D,L,1,3,F,0,7,6,0,0,0,0,000000000,00000000000,0,0,0,1,0,0,0,0,0,0,0,998,0,0,0,12,6,2,19,0,0,1,1,17,62201,6,1,0,0,3,1,61,145,0,0,0,0,0,0,0,0,0,3,36,6,0,0,1,4,99,2,1,1,1,0,0,14,6,1,2,4,2,1,1
17,170072,1,2,1,25,1,10,8,12,2,1,0,17,1,20,421,20421,15,2001,1GNDT13W5121,1,G,N,D,T,1,3,W,5,1,2,1,0,0,0,000000000,00000000000,0,0,0,1,0,0,0,0,0,0,0,998,0,0,0,12,6,2,12,0,0,0,1,17,60050,6,1,0,0,3,0,63,177,0,0,0,0,0,0,0,0,0,0,28,87,79,0,1,2,55,1,1,2,4,0,0,1,10,1,1,2,53,1,0
17,170072,2,2,1,25,1,10,8,12,2,1,0,17,1,37,402,37402,14,2006,JHLRD78846C0,J,H,L,R,D,7,8,8,4,6,C,0,0,0,0,000000000,00000000000,0,0,0,1,0,0,0,0,0,0,0,998,0,0,0,12,6,2,12,0,0,0,1,17,60033,6,1,0,0,3,0,71,218,0,0,0,0,0,0,0,0,0,0,87,79,0,0,1,2,55,1,1,2,4,0,0,1,54,1,1,1,53,0,0
17,170073,1,1,2,8,3,19,26,8,0,1,1,17,1,20,421,20421,15,2001,1GNEK13T01J1,1,G,N,E,K,1,3,T,0,1,J,1,0,0,0,000000000,00000000000,0,0,0,1,0,0,0,0,0,99,9,999,0,0,0,99,9,5,8,99,99,0,1,17,61102,6,1,0,0,3,0,62,168,0,0,0,0,0,0,0,0,0,0,86,0,0,0,2,2,70,1,1,2,1,0,0,99,80,99,9,9,13,0,0
17,170074,1,1,2,14,2,9,27,14,0,1,0,17,1,18,3,18003,4,1999,1G4CW52K0X46,1,G,4,C,W,5,2,K,0,X,4,6,0,0,0,000000000,00000000000,0,0,0,1,0,0,0,0,0,0,0,998,0,0,0,1,4,3,8,0,0,0,1,17,61483,6,1,0,0,3,3,71,200,0,0,0,0,0,0,0,0,0,9,87,0,0,0,1,2,55,1,1,2,3,40,3,1,50,1,2,4,7,0,0
17,170075,1,1,3,8,3,2,19,33,0,1,0,17,2,20,403,20403,14,2004,1GNDS13S1424,1,G,N,D,S,1,3,S,1,4,2,4,0,0,0,000000000,00000000000,0,0,0,1,0,0,0,0,0,0,0,999,0,1,5,9,6,2,46,0,0,0,1,17,62002,6,1,0,0,3,1,72,200,0,0,0,0,0,0,0,0,0,3,0,0,0,0,1,3,45,1,1,2,1,1,3,1,6,1,3,4,2,1,1
17,170076,1,2,1,21,2,15,53,12,2,1,0,17,1,19,18,19018,4,2003,1G6DM57N9301,1,G,6,D,M,5,7,N,9,3,0,1,0,0,0,000000000,00000000000,0,0,0,1,0,0,0,0,0,0,0,85,0,0,0,12,6,2,12,0,0,1,1,17,60438,6,1,0,0,3,0,76,226,0,0,0,0,1,2,2012,2,2012,3,28,0,0,0,1,4,35,1,2,2,1,0,0,1,10,1,1,2,50,1,0
17,170076,2,2,1,21,2,15,53,12,2,1,0,17,1,49,402,49402,14,2009,2T3ZK32V79W0,2,T,3,Z,K,3,2,V,7,9,W,0,0,0,0,000000000,00000000000,0,0,0,1,0,0,0,0,0,0,0,0,0,0,0,12,6,2,12,0,0,0,1,17,60406,2,1,0,0,2,0,999,999,0,0,0,0,0,0,0,0,0,0,0,0,0,0,1,4,35,1,2,2,1,0,0,5,62,1,1,1,51,0,0
17,170077,1,2,7,3,2,5,30,12,6,1,0,17,2,41,35,41035,4,2001,JM1BJ2256104,J,M,1,B,J,2,2,5,6,1,0,4,0,0,0,000000000,00000000000,0,0,0,1,0,0,0,0,0,0,0,998,0,0,0,9,6,2,12,0,0,0,1,17,60639,1,1,0,0,1,0,72,225,0,1,0,0,0,6,2012,6,2012,0,21,39,0,0,1,3,20,1,1,2,2,2,3,1,17,1,1,1,89,1,1
17,170077,2,2,1,3,2,5,30,12,6,1,0,17,2,18,2,18002,4,2003,1G4HR54K93U2,1,G,4,H,R,5,4,K,9,3,U,2,0,0,0,000000000,00000000000,0,0,0,1,0,0,0,0,0,0,0,998,0,0,0,12,6,2,12,0,0,0,1,17,60622,6,1,0,0,3,0,70,240,0,0,0,0,0,0,0,0,0,0,0,0,0,0,1,5,30,1,1,2,2,2,3,1,17,1,1,1,88,0,0
17,170078,1,1,1,6,3,19,18,30,0,1,0,17,2,6,52,6052,6,2006,3A4FY58B46T3,3,A,4,F,Y,5,8,B,4,6,T,3,0,0,0,000000000,00000000000,0,0,0,1,0,0,0,0,0,0,0,999,0,1,6,82,6,2,30,0,0,0,1,17,61953,6,2,0,0,3,1,68,155,0,0,0,0,0,0,0,0,0,4,0,0,0,0,1,2,55,1,1,2,1,0,0,1,12,1,1,4,6,1,0
17,170079,1,2,2,5,3,17,2,12,2,1,0,17,3,12,461,12461,21,2009,1FDSS34P59DA,1,F,D,S,S,3,4,P,5,9,D,A,0,0,0,000000000,00000000000,0,0,0,1,0,0,0,0,0,6,2,998,0,1,1,12,6,2,12,0,0,0,1,17,61354,6,1,6,0,3,0,72,265,0,0,0,0,0,0,0,0,0,4,87,28,0,0,1,2,55,1,1,2,4,0,0,1,5,1,2,2,50,0,0
17,170079,2,2,1,5,3,17,2,12,2,1,0,17,1,14,20,14020,4,2007,1MEHM40177G6,1,M,E,H,M,4,0,1,7,7,G,6,0,0,0,000000000,00000000000,0,0,0,1,0,0,0,0,0,0,0,998,0,0,0,12,6,2,12,0,0,0,1,17,61548,6,1,0,0,3,3,66,150,0,0,0,0,0,0,0,0,0,0,0,0,0,0,1,2,55,1,1,2,4,0,0,1,62,1,1,1,51,1,0
17,170080,1,1,1,8,3,1,15,24,0,1,0,17,2,12,401,12401,14,2000,1FMZU73E3YUA,1,F,M,Z,U,7,3,E,3,Y,U,A,0,0,0,000000000,00000000000,0,0,0,1,0,0,0,0,0,0,0,998,0,1,5,1,6,2,24,0,0,0,1,17,60628,6,1,0,0,3,0,66,156,0,0,0,0,0,0,0,0,0,3,36,28,0,0,3,3,98,3,2,2,1,0,0,14,6,1,2,4,2,1,1
17,170081,1,1,3,4,3,0,49,33,0,1,0,17,2,20,36,20036,2,1997,2G1WW12M6V92,2,G,1,W,W,1,2,M,6,V,9,2,0,0,0,000000000,00000000000,0,0,0,1,0,0,0,0,0,0,0,999,0,1,5,9,6,2,42,0,0,0,1,17,61104,1,1,0,0,2,2,77,222,0,1,0,0,1,12,2013,12,2013,4,74,0,0,0,1,2,30,1,1,2,1,0,0,1,6,3,2,4,2,1,0
17,170082,1,1,1,21,3,16,45,34,0,1,0,17,2,12,3,12003,2,2007,1ZVFT82HX752,1,Z,V,F,T,8,2,H,X,7,5,2,0,0,0,000000000,00000000000,0,0,0,1,0,0,0,0,0,0,0,998,0,1,5,9,6,2,1,0,0,0,1,17,62460,6,1,0,0,3,0,72,220,0,0,0,0,0,0,0,0,0,0,58,0,0,0,1,2,55,1,1,2,1,0,0,1,12,7,3,4,7,1,1
17,170083,1,1,1,2,3,8,45,18,0,1,0,17,1,37,32,37032,4,1998,1HGCG5657WA2,1,H,G,C,G,5,6,5,7,W,A,2,0,0,0,000000000,00000000000,0,0,0,1,0,0,0,0,0,0,0,998,0,0,0,7,6,2,42,0,0,0,1,17,61008,6,1,0,0,3,9,68,160,0,0,0,0,0,0,0,0,0,9,79,87,0,0,1,2,98,3,1,2,3,0,0,14,5,1,3,4,2,1,1
17,170084,1,1,1,22,2,2,51,34,0,1,0,17,1,49,402,49402,14,2006,JTMBD32V9650,J,T,M,B,D,3,2,V,9,6,5,0,0,0,0,000000000,00000000000,0,0,0,1,0,0,0,0,0,0,0,999,0,1,5,12,6,2,1,0,0,0,1,17,62521,6,1,0,0,3,1,62,185,0,0,0,0,0,0,0,0,0,9,0,0,0,0,1,2,55,1,1,2,1,0,0,1,9,1,2,4,7,1,1
17,170085,1,2,1,11,3,9,20,72,0,1,0,17,3,84,884,84884,66,2006,2HSCNAPRX6C2,2,H,S,C,N,A,P,R,X,6,C,2,1,1,57,926724,57926724,3,6,1,1,0,0,0,0,0,0,0,998,0,0,0,0,0,5,72,0,0,0,1,17,62964,2,1,6,2,2,2,68,140,0,0,0,0,2,3,2012,6,2012,0,74,89,0,0,1,2,55,1,1,2,1,0,0,1,98,1,1,1,0,0,0
17,170085,2,2,1,11,3,9,20,72,0,1,0,17,3,98,881,98881,66,2014,5KKXAFCG0EPF,5,K,K,X,A,F,C,G,0,E,P,F,1,1,57,618269,57618269,3,6,4,1,0,0,0,0,0,0,0,998,0,1,5,12,6,2,2,0,0,1,1,17,62984,6,1,6,1,3,0,71,200,0,0,0,0,0,0,0,0,0,0,0,0,0,0,1,2,55,1,1,2,1,0,0,1,90,1,1,1,98,1,0
17,170086,1,2,1,24,3,6,2,12,7,1,0,17,2,20,2,20002,4,2004,2G1WF52E1492,2,G,1,W,F,5,2,E,1,4,9,2,0,0,0,000000000,00000000000,0,0,0,1,0,0,0,0,0,0,0,998,0,1,2,82,6,2,25,0,0,0,1,17,0,6,1,0,0,3,0,65,142,0,0,0,0,0,0,0,0,0,9,27,0,0,0,3,5,55,1,1,2,1,0,0,15,11,4,1,2,46,1,1
17,170086,2,2,1,24,3,6,2,12,7,1,0,17,3,85,883,85883,63,1997,1NKDL29X4VJ7,1,N,K,D,L,2,9,X,4,V,J,7,0,0,57,285333,57285333,3,2,97,1,0,0,0,0,0,0,0,998,0,0,0,62,6,2,25,42,0,0,1,17,60452,6,1,6,0,3,0,69,300,0,0,0,0,1,7,2011,7,2011,0,0,0,0,0,3,5,55,1,1,2,1,0,0,1,60,1,1,1,45,0,0
17,170087,1,3,2,18,1,15,44,57,0,1,0,29,3,84,890,84890,63,2012,1HTMMAAL3CH4,1,H,T,M,M,A,A,L,3,C,H,4,0,0,77,777777777,77777777777,3,2,1,1,0,0,0,0,0,0,0,998,0,0,0,12,6,2,57,0,0,0,1,17,61801,6,1,99,9,2,9,75,225,0,0,0,0,0,0,0,0,0,4,28,0,0,0,3,2,70,1,1,1,3,0,0,1,6,1,4,4,7,0,0
17,170087,2,3,2,18,1,15,44,57,0,1,0,17,1,12,461,12461,21,2007,1FTNS24W37DA,1,F,T,N,S,2,4,W,3,7,D,A,0,0,0,000000000,00000000000,0,0,0,1,0,0,0,0,0,0,0,998,0,0,0,12,6,2,12,0,0,0,1,17,61817,6,1,0,0,3,1,71,150,1,0,0,1,0,9,2011,9,2011,0,0,0,0,0,3,4,70,1,1,1,3,0,0,1,10,6,1,2,98,1,0
17,170087,3,3,2,18,1,15,44,57,0,1,0,17,1,55,39,55039,4,2006,KMHFC46F66A0,K,M,H,F,C,4,6,F,6,6,A,0,0,0,0,000000000,00000000000,0,0,0,1,0,0,0,0,0,0,0,998,0,0,0,12,6,2,18,0,0,0,1,17,61820,6,1,0,0,3,1,74,260,0,0,0,0,0,0,0,0,0,0,0,0,0,0,3,2,70,1,1,1,3,0,0,1,18,8,1,1,98,0,0
17,170088,1,2,1,18,3,15,30,12,6,1,0,17,1,73,706,73706,80,2012,JKBZGNC18CA0,J,K,B,Z,G,N,C,1,8,C,A,0,0,0,0,000000000,00000000000,0,0,0,1,0,0,0,0,0,0,0,998,0,0,0,12,6,2,12,0,0,0,1,17,60586,6,1,0,0,3,3,73,210,0,0,0,0,0,0,0,0,0,4,35,0,0,0,1,2,45,1,1,2,1,0,0,6,61,1,1,1,73,1,0
17,170088,2,2,2,18,3,15,30,12,6,1,0,17,2,20,421,20421,15,2002,1GNDT13W22K1,1,G,N,D,T,1,3,W,2,2,K,1,0,0,0,000000000,00000000000,0,0,0,1,0,0,0,0,0,0,0,998,0,0,0,9,6,2,12,0,0,0,1,17,60404,6,2,0,0,3,3,64,100,0,0,0,0,0,0,0,0,0,0,0,0,0,0,1,2,45,1,1,2,1,0,0,11,15,1,1,1,72,0,0
17,170089,1,2,1,31,1,12,55,12,7,1,0,17,1,41,50,41050,5,2005,1YVHP82D255M,1,Y,V,H,P,8,2,D,2,5,5,M,0,0,0,000000000,00000000000,0,0,0,1,0,0,0,0,0,0,0,998,0,0,0,1,6,2,48,0,0,0,1,17,60002,6,1,0,0,3,3,68,225,0,0,0,0,0,0,0,0,0,5,27,52,0,0,3,4,55,1,1,2,1,0,0,15,9,1,2,2,46,1,0
17,170089,2,2,1,31,1,12,55,12,7,1,0,55,3,12,471,12471,30,2001,1FTYR14U91PB,1,F,T,Y,R,1,4,U,9,1,P,B,0,0,0,000000000,00000000000,0,0,0,1,0,0,0,0,0,0,0,998,0,0,0,11,4,3,12,0,0,0,1,55,53132,6,1,0,0,3,0,61,205,0,0,0,0,0,0,0,0,0,0,0,0,0,0,3,4,55,1,1,2,1,0,0,1,60,1,1,1,45,0,0
17,170090,1,2,2,13,3,7,37,12,2,1,0,17,1,6,44,6044,4,1998,1C3EJ56H0WN2,1,C,3,E,J,5,6,H,0,W,N,2,0,0,0,000000000,00000000000,0,0,0,1,0,0,0,0,0,0,0,998,0,0,0,12,6,2,12,0,0,0,1,17,60954,6,1,0,0,3,3,63,140,0,0,0,0,0,0,0,0,0,0,28,0,0,0,1,2,55,1,1,2,1,0,0,1,10,1,1,2,50,1,0
17,170090,2,2,1,13,3,7,37,12,2,1,0,17,1,12,402,12402,14,2011,1FMCU0D75BKA,1,F,M,C,U,0,D,7,5,B,K,A,0,0,0,000000000,00000000000,0,0,0,1,0,0,0,0,0,0,0,62,0,1,5,12,6,2,12,0,0,0,1,17,60954,6,1,6,0,3,3,66,175,0,0,0,0,0,0,0,0,0,0,0,0,0,0,1,2,55,1,1,2,1,0,0,1,62,1,1,1,51,0,0
17,170091,1,1,3,23,2,2,16,42,0,1,0,17,2,20,2,20002,4,2007,2G1WB58K7793,2,G,1,W,B,5,8,K,7,7,9,3,0,0,0,000000000,00000000000,0,0,0,1,0,0,0,0,0,0,0,998,0,0,0,1,6,2,42,0,0,0,1,17,61104,1,1,0,0,2,0,999,999,0,3,0,0,3,7,2012,8,2013,3,0,0,0,0,1,2,30,1,2,2,1,0,0,1,9,1,2,4,2,1,1
17,170092,1,2,1,18,2,16,55,12,1,1,0,17,1,12,481,12481,31,2004,1FTSW31P34EA,1,F,T,S,W,3,1,P,3,4,E,A,0,0,0,000000000,00000000000,0,0,0,1,0,0,0,0,0,0,0,998,0,0,0,12,6,2,12,0,0,0,1,17,61350,6,1,0,0,3,3,74,240,0,0,0,1,0,9,2012,9,2012,4,26,0,0,0,3,2,65,1,1,2,2,0,0,6,52,4,1,1,28,0,0
17,170092,2,2,2,18,2,16,55,12,1,1,0,17,2,20,421,20421,15,2001,1GNCT18W91K2,1,G,N,C,T,1,8,W,9,1,K,2,0,0,0,000000000,00000000000,0,0,0,1,0,0,0,0,0,0,0,998,0,1,3,6,6,2,12,0,0,0,1,17,61354,6,1,0,0,3,3,73,230,0,0,0,0,0,0,0,0,0,0,0,0,0,0,3,2,65,1,1,2,2,0,0,2,53,1,1,1,29,1,0
17,170093,1,2,2,23,1,5,24,14,0,1,0,17,2,12,481,12481,31,2004,1FTPX14524NC,1,F,T,P,X,1,4,5,2,4,N,C,0,0,0,000000000,00000000000,0,0,0,1,0,0,0,0,0,0,0,32,0,0,0,12,6,2,14,0,0,0,1,17,60457,6,1,0,0,3,0,72,176,0,1,0,1,0,3,2013,5,2013,4,28,89,0,0,3,2,70,1,1,2,1,0,0,1,11,1,1,4,11,1,1
17,170093,3,2,1,23,1,5,24,14,0,1,0,17,1,59,403,59403,14,2005,2T2HA31U25C0,2,T,2,H,A,3,1,U,2,5,C,0,0,0,0,000000000,00000000000,0,0,0,1,0,0,0,0,0,0,0,998,0,0,0,11,6,2,52,0,0,0,1,17,60403,6,1,0,0,3,3,66,165,0,0,1,0,0,2,2012,2,2012,0,0,0,0,0,3,2,70,1,1,2,1,0,0,1,52,6,2,4,98,0,0
17,170094,1,2,2,9,2,10,16,12,8,1,0,17,1,12,461,12461,21,2009,1FTNE14W59DA,1,F,T,N,E,1,4,W,5,9,D,A,0,0,0,000000000,00000000000,0,0,0,1,0,0,0,0,0,0,0,999,0,0,0,1,6,2,12,0,0,0,1,17,60302,6,1,0,0,3,1,70,180,0,0,0,0,0,0,0,0,0,4,87,28,0,0,5,2,50,1,1,2,3,0,0,1,10,3,1,2,64,0,0
17,170094,2,2,1,9,2,10,16,12,8,1,0,17,2,20,481,20481,31,2004,2GCEK13T2413,2,G,C,E,K,1,3,T,2,4,1,3,0,0,0,000000000,00000000000,0,0,0,1,0,0,0,0,0,0,0,999,0,1,5,62,6,2,12,0,0,0,1,17,60087,6,1,0,0,3,0,72,200,0,0,0,1,0,3,2012,3,2012,9,0,0,0,0,5,2,55,1,2,2,3,0,0,1,62,1,1,1,65,1,0
17,170095,1,2,2,22,1,17,51,18,0,1,0,17,1,62,498,62498,14,2006,SALSF25416A9,S,A,L,S,F,2,5,4,1,6,A,9,0,0,0,000000000,00000000000,0,0,0,1,0,0,0,0,0,0,0,999,0,0,0,12,6,2,10,0,0,0,1,17,60042,6,1,0,0,3,9,67,125,0,0,0,0,0,0,0,0,0,0,39,40,0,0,1,2,30,1,1,2,3,65,3,1,19,1,1,9,15,2,1