STATE,ST_CASE,VEH_NO,VE_FORMS,NUMOCCS,DAY,MONTH,HOUR,MINUTE,HARM_EV,MAN_COLL,UNITTYPE,HIT_RUN,REG_STAT,OWNER,MAKE,MODEL,MAK_MOD,BODY_TYP,MOD_YEAR,VIN,VIN_1,VIN_2,VIN_3,VIN_4,VIN_5,VIN_6,VIN_7,VIN_8,VIN_9,VIN_10,VIN_11,VIN_12,TOW_VEH,J_KNIFE,MCARR_I1,MCARR_I2,MCARR_ID,GVWR,V_CONFIG,CARGO_BT,HAZ_INV,HAZ_PLAC,HAZ_ID,HAZ_CNO,HAZ_REL,BUS_USE,SPEC_USE,EMER_USE,TRAV_SP,UNDERIDE,ROLLOVER,ROLINLOC,IMPACT1,DEFORMED,TOWED,M_HARM,VEH_SC1,VEH_SC2,FIRE_EXP,DR_PRES,L_STATE,DR_ZIP,L_STATUS,L_TYPE,CDL_STAT,L_ENDORS,L_COMPL,L_RESTRI,DR_HGT,DR_WGT,PREV_ACC,PREV_SUS,PREV_DWI,PREV_SPD,PREV_OTH,FIRST_MO,FIRST_YR,LAST_MO,LAST_YR,SPEEDREL,DR_SF1,DR_SF2,DR_SF3,DR_SF4,VTRAFWAY,VNUM_LAN,VSPD_LIM,VALIGN,VPROFILE,VPAVETYP,VSURCOND,VTRAFCON,VTCONT_F,P_CRASH1,P_CRASH2,P_CRASH3,PCRASH4,PCRASH5,ACC_TYPE,DEATHS,DR_DRINK
17,170095,2,2,4,22,1,17,51,18,0,1,0,17,2,12,999,12999,49,1999,1FMZU34E6XZB,1,F,M,Z,U,3,4,E,6,X,Z,B,0,0,0,000000000,00000000000,0,0,0,1,0,0,0,0,0,0,0,0,0,0,0,1,6,2,12,0,0,0,1,17,60073,6,1,0,0,3,0,63,173,0,0,0,0,0,0,0,0,0,0,0,0,0,0,1,2,30,1,1,2,3,65,3,5,78,1,9,1,98,0,0
17,170096,1,1,1,19,1,10,40,8,0,1,0,17,2,55,35,55035,4,2005,KMHDN46D75U0,K,M,H,D,N,4,6,D,7,5,U,0,0,0,0,000000000,00000000000,0,0,0,1,0,0,0,0,0,0,0,998,0,0,0,6,6,2,14,0,0,0,1,17,62704,6,2,0,0,3,3,66,114,0,0,0,0,0,0,0,0,0,4,87,0,0,0,1,2,45,3,1,2,4,40,3,14,5,1,4,4,98,0,0
17,170097,1,1,1,17,1,22,35,8,0,1,1,99,9,18,399,18399,4,9999,999999999999,9,9,9,9,9,9,9,9,9,9,9,9,0,0,0,000000000,00000000000,0,0,0,1,0,0,0,0,0,0,0,998,0,0,0,12,4,5,8,0,0,0,1,99,99999,9,9,99,9,9,9,999,999,99,99,99,99,99,99,9999,99,9999,9,99,99,99,99,1,2,99,1,1,2,3,0,0,1,80,1,1,1,13,0,0
17,170098,1,2,2,6,2,3,20,12,6,1,0,28,1,37,401,37401,14,1997,4S6CK58V6V44,4,S,6,C,K,5,8,V,6,V,4,4,0,0,0,000000000,00000000000,0,0,0,1,0,0,0,0,0,0,0,0,0,0,0,81,6,2,12,0,0,0,1,28,39705,6,1,0,0,3,9,999,999,98,0,0,0,0,0,0,0,0,4,84,0,0,0,2,2,70,1,6,1,3,0,0,1,5,4,3,2,48,1,0
17,170098,2,2,1,6,2,3,20,12,6,1,0,17,2,85,883,85883,66,2003,1XKTDB9X43J7,1,X,K,T,D,B,9,X,4,3,J,7,1,1,18,04573,1804573,3,6,1,1,0,0,0,0,0,0,0,999,0,0,0,12,6,2,12,0,0,0,1,17,60629,6,1,6,9,3,1,70,235,0,0,0,0,0,0,0,0,0,9,84,87,0,0,2,2,70,1,6,1,4,0,0,1,50,1,1,1,48,0,0
17,170099,1,3,1,6,2,10,34,12,6,1,0,17,1,55,36,55036,4,2010,KMHCN4AC0AU4,K,M,H,C,N,4,A,C,0,A,U,4,0,0,0,000000000,00000000000,0,0,0,1,0,0,0,0,0,0,0,999,0,0,0,12,6,2,12,0,0,0,1,17,60016,6,1,6,0,3,0,70,165,0,0,0,0,0,0,0,0,0,0,39,0,0,0,5,4,35,1,1,2,2,3,3,1,17,1,1,1,88,0,0
17,170099,2,3,1,6,2,10,34,12,6,1,0,17,1,20,16,20016,4,2002,1G1JC5248271,1,G,1,J,C,5,2,4,8,2,7,1,0,0,0,000000000,00000000000,0,0,0,1,0,0,0,0,0,0,0,999,0,0,0,9,6,2,12,0,0,0,1,17,60077,6,1,0,0,3,1,67,128,0,0,0,0,0,0,0,0,0,0,0,0,0,0,1,2,35,1,1,2,2,1,3,1,66,1,1,1,89,1,0
17,170099,3,3,1,6,2,10,34,12,6,1,0,17,1,37,402,37402,14,2004,JHLRD788X4C0,J,H,L,R,D,7,8,8,X,4,C,0,0,0,0,000000000,00000000000,0,0,0,1,0,0,0,0,0,0,0,0,0,0,0,12,2,5,12,0,0,0,1,17,60712,6,1,0,0,3,0,64,130,0,0,0,0,0,0,0,0,0,0,0,0,0,0,5,4,35,1,1,2,2,3,3,5,56,1,1,1,98,0,0
17,170100,1,1,1,8,3,14,21,8,0,1,0,17,1,19,20,19020,6,2010,3GYFNDEY9AS6,3,G,Y,F,N,D,E,Y,9,A,S,6,0,0,0,000000000,00000000000,0,0,0,1,0,0,0,0,0,0,0,998,0,0,0,12,2,5,8,0,0,0,1,17,60304,6,1,0,0,3,3,64,130,0,0,0,0,0,0,0,0,0,0,0,0,0,0,1,2,30,1,2,2,1,0,0,1,80,1,1,1,13,0,0
17,170101,1,2,1,8,2,1,3,12,1,1,0,17,3,7,24,7024,4,2011,2B3CL3CG6BH5,2,B,3,C,L,3,C,G,6,B,H,5,0,0,0,000000000,00000000000,0,0,0,1,0,0,0,0,0,0,0,48,0,0,0,12,6,2,12,0,0,0,1,17,60457,6,1,0,0,3,0,72,200,0,0,0,0,0,0,0,0,0,3,84,54,41,0,1,4,45,1,2,2,1,0,0,1,50,1,1,1,32,0,1
17,170101,2,2,3,8,2,1,3,12,1,1,0,17,2,20,443,20443,20,2002,1GNDV03E52D1,1,G,N,D,V,0,3,E,5,2,D,1,0,0,0,000000000,00000000000,0,0,0,1,0,0,0,0,0,0,0,998,0,0,0,6,6,2,12,33,0,0,1,17,60647,0,0,0,0,0,0,64,195,0,0,0,0,0,0,0,0,0,0,0,0,0,0,1,4,45,1,2,2,1,0,0,98,98,1,1,1,32,1,0
17,170102,1,1,1,14,2,22,2,8,0,1,1,99,9,99,999,99999,99,9999,999999999999,9,9,9,9,9,9,9,9,9,9,9,9,0,0,0,000000000,00000000000,0,0,0,1,0,0,0,0,0,0,0,999,0,0,0,12,9,9,8,0,0,0,1,99,99999,9,9,99,9,9,9,999,999,99,99,99,99,99,99,9999,99,9999,0,99,99,99,99,1,2,30,1,1,1,2,0,0,99,80,1,1,9,13,0,0
17,170103,1,2,1,12,3,20,27,24,0,1,0,17,1,12,471,12471,30,1999,1FTZR15VXXTA,1,F,T,Z,R,1,5,V,X,X,T,A,0,0,0,000000000,00000000000,0,0,0,1,0,0,0,0,0,0,0,999,0,2,2,1,6,2,1,0,0,0,1,17,62443,6,1,0,0,3,1,76,210,0,0,0,0,0,0,0,0,0,4,87,0,0,0,3,4,70,1,1,1,4,0,0,1,6,1,2,4,98,1,0
17,170103,2,2,1,12,3,20,27,24,0,1,0,47,2,85,881,85881,66,2007,999999999999,9,9,9,9,9,9,9,9,9,9,9,9,1,1,57,551310,57551310,3,6,1,1,0,0,0,0,0,0,0,66,0,0,0,19,0,5,18,0,0,0,1,47,38341,6,1,6,1,9,1,72,215,0,0,0,0,0,0,0,0,0,0,0,0,0,0,3,4,70,1,1,1,4,0,0,2,90,1,1,1,98,0,0
17,170104,1,1,1,11,3,11,31,38,0,1,0,17,1,12,471,12471,30,1997,1FTCR10A2VUC,1,F,T,C,R,1,0,A,2,V,U,C,0,0,0,000000000,00000000000,0,0,0,1,0,0,0,0,0,0,0,998,0,0,0,6,4,3,42,0,0,0,1,17,62036,6,1,0,0,3,0,65,200,0,0,0,0,0,0,0,0,0,0,0,0,0,0,1,2,55,1,1,4,1,0,0,13,13,1,1,4,92,1,0
17,170105,1,2,2,16,3,16,31,12,6,1,0,17,1,7,442,7442,20,2007,2D4GP44L17R2,2,D,4,G,P,4,4,L,1,7,R,2,0,0,0,000000000,00000000000,0,0,0,1,0,0,0,0,0,0,0,40,0,0,0,9,4,3,12,0,0,0,1,17,62931,6,1,0,0,3,0,63,140,0,0,0,0,0,0,0,0,0,4,79,87,0,0,1,2,98,1,1,2,3,0,0,1,6,1,4,4,64,1,0
17,170105,2,2,3,16,3,16,31,12,6,1,0,17,1,2,403,2403,14,2014,1C4BJWFG0EL1,1,C,4,B,J,W,F,G,0,E,L,1,0,0,0,000000000,00000000000,0,0,0,1,0,0,0,0,0,0,0,998,0,0,0,12,4,3,12,0,0,0,1,17,62960,6,1,0,0,3,0,76,280,0,0,0,0,0,0,0,0,0,0,87,79,0,0,1,2,98,1,1,2,3,0,0,2,13,9,1,4,65,0,0
17,170106,1,2,1,10,3,6,24,8,0,1,0,17,1,35,39,35039,4,1995,JN1CA21D2ST6,J,N,1,C,A,2,1,D,2,S,T,6,0,0,0,000000000,00000000000,0,0,0,1,0,0,0,0,0,0,0,998,0,0,0,12,4,3,8,0,0,0,1,17,60639,6,1,0,0,3,3,71,190,0,0,0,0,0,0,0,0,0,4,0,0,0,0,1,5,35,1,1,2,1,2,3,1,80,1,1,3,13,0,0
17,170106,2,2,1,10,3,6,24,8,0,1,0,17,1,55,38,55038,4,2003,KMHFU45E63A2,K,M,H,F,U,4,5,E,6,3,A,2,0,0,0,000000000,00000000000,0,0,0,1,0,0,0,0,0,0,0,998,0,0,0,12,4,3,18,0,0,0,1,17,60651,6,1,0,0,3,1,63,125,0,0,0,0,0,0,0,0,0,0,0,0,0,0,1,5,35,1,1,2,1,2,3,1,80,1,1,1,98,0,0
17,170107,1,1,1,27,3,5,50,8,0,1,0,17,1,35,47,35047,4,2003,1N4AL11DX3C1,1,N,4,A,L,1,1,D,X,3,C,1,0,0,0,000000000,00000000000,0,0,0,1,0,0,0,0,0,0,0,999,0,0,0,11,9,3,8,0,0,0,1,17,60634,6,1,0,0,3,1,66,150,0,0,0,0,0,0,0,0,0,0,0,0,0,0,1,4,99,1,1,1,2,0,0,1,80,1,1,1,13,0,0
17,170108,1,1,3,21,3,17,19,8,0,1,0,17,3,82,981,82981,50,2006,4UZAAXCT46CV,4,U,Z,A,A,X,C,T,4,6,C,V,0,0,88,888888888,88888888888,3,21,22,1,0,0,0,0,1,2,0,998,0,0,0,3,2,5,8,0,0,0,1,17,60644,6,1,6,1,3,1,70,200,0,0,0,0,0,0,0,0,0,0,86,0,0,0,1,2,98,1,1,2,1,0,0,1,80,1,1,1,13,0,0
17,170109,1,2,1,15,3,4,39,12,6,1,0,17,1,35,48,35048,2,2009,JN1AZ44E89M4,J,N,1,A,Z,4,4,E,8,9,M,4,0,0,0,000000000,00000000000,0,0,0,1,0,0,0,0,0,0,0,34,1,0,0,12,6,2,12,0,0,0,1,17,61843,6,1,0,0,3,0,72,195,0,0,0,0,1,1,2013,1,2013,5,39,0,0,0,5,4,45,1,1,2,1,1,3,1,17,1,1,1,88,1,1
17,170109,2,2,1,15,3,4,39,12,6,1,0,18,2,85,883,85883,66,2013,1XKAA48X0DJ3,1,X,K,A,A,4,8,X,0,D,J,3,2,1,57,00239039,5700239039,3,7,1,1,0,0,0,0,0,0,0,998,0,0,0,61,4,5,12,0,0,0,1,18,46375,6,1,6,1,3,1,66,130,0,0,0,0,0,0,0,0,0,0,0,0,0,0,1,4,45,1,1,2,1,1,3,1,17,1,1,1,89,0,0
17,170110,1,2,1,4,4,7,7,12,8,1,0,17,2,63,38,63038,4,2014,KNAFX4A60E50,K,N,A,F,X,4,A,6,0,E,5,0,0,0,0,000000000,00000000000,0,0,0,1,0,0,0,0,0,0,0,999,0,0,0,11,6,2,12,0,0,0,1,17,60954,6,1,0,0,3,1,64,120,0,0,0,0,0,0,0,0,0,0,28,0,0,0,1,2,55,1,1,2,2,0,0,1,10,1,1,2,64,1,0
17,170110,2,2,1,4,4,7,7,12,8,1,0,18,1,18,22,18022,4,2010,1G4GE5EV3AF2,1,G,4,G,E,5,E,V,3,A,F,2,0,0,0,000000000,00000000000,0,0,0,1,0,0,0,0,0,0,0,53,0,0,0,11,6,2,12,0,0,0,1,18,60034,6,1,0,0,3,1,68,190,0,0,0,0,0,0,0,0,0,0,0,0,0,0,1,2,55,1,1,2,2,0,0,1,54,1,1,1,65,0,0
17,170111,1,1,3,1,1,4,43,33,0,1,0,17,1,12,16,12016,4,2008,2FAFP71V38X1,2,F,A,F,P,7,1,V,3,8,X,1,0,0,0,000000000,00000000000,0,0,0,1,0,0,0,0,0,0,0,998,0,0,0,12,6,2,30,0,0,1,1,17,60644,6,1,0,0,3,0,68,180,0,0,0,0,0,0,0,0,0,5,6,36,79,87,1,4,30,1,1,2,3,0,0,1,6,99,3,4,2,3,1
17,170112,1,1,5,28,1,11,25,8,0,1,0,17,1,2,405,2405,14,2003,1J4GL48K23W5,1,J,4,G,L,4,8,K,2,3,W,5,0,0,0,000000000,00000000000,0,0,0,1,0,0,0,0,0,0,0,999,0,0,0,12,2,5,8,0,0,0,1,17,60540,6,1,0,0,3,0,64,160,0,0,0,0,0,0,0,0,0,0,38,0,0,0,1,2,30,1,1,1,4,2,3,11,80,2,1,1,13,0,0
17,170113,1,2,2,31,1,18,55,12,6,1,0,17,1,24,7,24007,4,2005,1G8AG52F85Z1,1,G,8,A,G,5,2,F,8,5,Z,1,0,0,0,000000000,00000000000,0,0,0,1,0,0,0,0,0,0,0,25,0,0,0,4,4,3,12,0,0,0,1,17,60632,6,1,0,0,3,0,71,187,1,0,0,0,0,3,2012,3,2012,0,28,48,79,87,1,5,30,1,1,2,3,0,0,1,54,8,2,2,64,1,0
17,170113,2,2,2,31,1,18,55,12,6,1,0,17,1,20,441,20441,20,1995,1GBDM19W8SB2,1,G,B,D,M,1,9,W,8,S,B,2,0,0,0,000000000,00000000000,0,0,0,1,0,0,0,0,0,0,0,26,0,0,0,12,4,3,12,0,0,0,1,17,60632,6,1,0,0,3,0,69,200,0,0,0,0,0,0,0,0,0,0,79,87,0,0,1,5,30,1,1,2,3,0,0,1,54,2,1,1,65,0,0
17,170114,1,1,1,15,1,10,36,8,0,1,0,17,1,52,34,52034,4,1999,4A3AA46G7XE1,4,A,3,A,A,4,6,G,7,X,E,1,0,0,0,000000000,00000000000,0,0,0,1,0,0,0,0,0,0,0,998,0,0,0,2,2,5,8,0,0,0,1,17,60641,6,1,0,0,3,0,69,130,0,0,0,0,0,0,0,0,0,0,38,0,0,0,1,2,30,1,1,2,1,2,3,1,80,1,1,1,13,0,0
17,170115,1,1,2,3,2,14,42,5,0,1,0,17,1,6,43,6043,4,2004,1C3EL46X34N2,1,C,3,E,L,4,6,X,3,4,N,2,0,0,0,000000000,00000000000,0,0,0,1,0,0,0,0,0,0,0,999,0,0,0,0,0,5,5,0,0,0,1,17,60443,6,1,0,0,3,0,63,140,0,0,0,0,0,0,0,0,0,0,6,36,0,0,1,2,25,1,1,2,2,0,0,1,98,1,1,1,0,1,0
17,170116,1,1,1,2,3,5,5,8,0,1,0,17,1,7,482,7482,31,2001,1B7KC23W01J5,1,B,7,K,C,2,3,W,0,1,J,5,0,0,0,000000000,00000000000,0,0,0,1,0,0,0,0,0,0,0,999,0,0,0,11,6,2,8,0,0,0,1,17,61722,6,1,6,0,3,1,72,198,0,0,0,0,0,0,0,0,0,0,0,0,0,0,1,2,55,1,1,2,3,0,0,1,80,1,1,1,13,0,0
17,170117,1,2,1,5,3,17,43,12,6,1,0,17,1,52,402,52402,14,2006,4A4MN31S56E0,4,A,4,M,N,3,1,S,5,6,E,0,0,0,0,000000000,00000000000,0,0,0,1,0,0,0,0,0,0,0,68,0,0,0,81,6,2,12,0,0,0,1,17,61764,6,1,0,0,3,1,68,170,0,0,0,0,0,0,0,0,0,4,87,28,79,0,2,2,70,1,1,1,3,0,0,17,5,1,4,2,66,1,0
17,170117,2,2,1,5,3,17,43,12,6,1,0,17,2,82,883,82883,66,2010,1FUGGLDR5ASA,1,F,U,G,G,L,D,R,5,A,S,A,1,1,57,894615,57894615,3,6,1,1,0,0,0,0,0,0,0,998,0,0,0,12,6,2,12,0,0,0,1,17,60480,6,1,6,0,3,1,65,160,0,0,0,1,0,2,2012,2,2012,0,0,0,0,0,2,2,70,1,1,1,3,0,0,1,55,1,1,1,66,0,0
17,170118,1,1,1,11,3,21,15,34,0,1,0,17,2,23,461,23461,21,1999,1GDFG15R1X11,1,G,D,F,G,1,5,R,1,X,1,1,0,0,0,000000000,00000000000,0,0,0,1,0,0,0,0,0,0,0,999,0,1,5,1,6,2,30,0,0,0,1,17,62025,6,1,0,0,3,1,72,220,0,0,0,1,0,11,2011,11,2011,0,0,0,0,0,1,2,55,1,1,2,1,0,0,1,9,1,7,4,2,1,1
17,170119,1,3,1,17,3,18,15,12,1,1,0,17,2,22,20,22020,4,2005,2G2WP5220512,2,G,2,W,P,5,2,2,0,5,1,2,0,0,0,000000000,00000000000,0,0,0,1,0,0,0,0,0,0,0,998,0,1,1,12,6,2,1,0,0,0,1,17,62271,6,1,0,0,3,0,77,250,0,0,0,0,0,0,0,0,0,0,52,0,0,0,3,4,70,1,1,1,1,0,0,1,52,1,2,2,24,1,0
17,170119,2,3,1,17,3,18,15,12,1,1,0,17,2,82,883,82883,63,2005,1FUJA6CK05DV,1,F,U,J,A,6,C,K,0,5,D,V,1,1,57,1709911,571709911,3,4,1,1,0,0,0,0,0,0,0,998,0,0,0,6,2,5,12,0,0,0,1,17,62268,6,1,6,1,3,1,71,185,0,0,0,0,0,0,0,0,0,0,0,0,0,0,2,4,70,1,1,1,1,0,0,2,18,1,1,1,25,0,0
17,170119,3,3,1,17,3,18,15,12,1,1,0,17,1,49,32,49032,4,2012,5YFBU4EE3CP0,5,Y,F,B,U,4,E,E,3,C,P,0,0,0,0,000000000,00000000000,0,0,0,1,0,0,0,0,0,0,0,999,0,0,0,7,6,2,12,0,0,0,1,17,62265,6,1,0,0,1,0,62,150,0,0,0,0,0,0,0,0,0,0,0,0,0,0,2,4,70,1,1,1,1,0,0,1,61,1,1,1,98,0,0
17,170121,1,5,1,10,3,12,14,12,8,1,0,17,1,20,473,20473,30,2006,1GCCS1361682,1,G,C,C,S,1,3,6,1,6,8,2,0,0,0,000000000,00000000000,0,0,0,1,0,0,0,0,0,0,0,999,0,1,1,12,6,2,12,0,0,0,1,17,60074,6,1,0,0,3,1,67,180,0,0,0,0,0,0,0,0,0,5,28,0,0,0,2,5,35,1,1,2,1,0,0,1,10,1,1,2,66,1,0
17,170121,2,5,1,10,3,12,14,12,8,1,0,17,1,30,42,30042,5,2011,WVWDM7AJ8BW2,W,V,W,D,M,7,A,J,8,B,W,2,0,0,0,000000000,00000000000,0,0,0,1,0,0,0,0,0,0,0,998,0,0,0,1,6,2,12,0,0,0,1,17,60061,6,1,0,0,3,0,69,200,0,0,0,0,0,0,0,0,0,0,0,0,0,0,2,5,35,1,1,2,1,0,0,1,64,1,1,1,66,1,0
17,170121,3,5,1,10,3,12,14,12,8,1,0,17,1,37,31,37031,4,2002,1HGES165X2L0,1,H,G,E,S,1,6,5,X,2,L,0,0,0,0,000000000,00000000000,0,0,0,1,0,0,0,0,0,0,0,998,0,0,0,1,6,2,12,0,0,0,1,17,60004,6,1,0,0,3,0,67,160,0,0,0,0,0,0,0,0,0,0,0,0,0,0,2,5,35,1,1,2,1,0,0,1,62,1,1,1,98,0,0
17,170121,4,5,1,10,3,12,14,12,8,1,0,17,1,49,442,49442,20,2001,4T3ZF13C81U4,4,T,3,Z,F,1,3,C,8,1,U,4,0,0,0,000000000,00000000000,0,0,0,1,0,0,0,0,0,0,0,998,0,0,0,1,6,2,12,0,0,0,1,17,60004,6,1,0,0,3,1,67,170,0,0,0,0,0,0,0,0,0,0,0,0,0,0,2,5,35,1,1,2,1,0,0,1,62,1,1,1,98,0,0
17,170121,5,5,1,10,3,12,14,12,8,1,0,17,1,55,35,55035,4,2013,KMHD35LE6DU1,K,M,H,D,3,5,L,E,6,D,U,1,0,0,0,000000000,00000000000,0,0,0,1,0,0,0,0,0,0,0,998,0,0,0,12,6,2,12,0,0,0,1,17,60061,6,1,0,0,3,1,65,200,0,0,0,0,0,0,0,0,0,0,0,0,0,0,2,5,35,1,1,2,1,0,0,2,51,2,1,1,98,0,0
17,170122,1,2,5,18,3,18,13,12,6,1,0,17,1,7,442,7442,20,2010,2D4RN5D19AR1,2,D,4,R,N,5,D,1,9,A,R,1,0,0,0,000000000,00000000000,0,0,0,1,0,0,0,0,0,0,0,32,0,0,0,5,6,2,12,0,0,0,1,17,60403,6,1,0,0,3,0,64,110,0,0,0,0,0,0,0,0,0,3,38,0,0,0,2,5,55,1,1,2,1,20,3,10,51,10,1,1,70,1,1
17,170122,2,2,1,18,3,18,13,12,6,1,0,17,2,51,890,51890,66,2012,4V4NC9EH6CN5,4,V,4,N,C,9,E,H,6,C,N,5,1,1,57,1029214,571029214,3,6,97,1,0,0,0,0,0,0,0,35,0,0,0,12,6,2,12,0,0,0,1,17,60106,6,1,6,1,3,0,67,165,0,0,0,0,0,0,0,0,0,0,0,0,0,0,2,5,55,1,1,2,1,0,0,1,66,1,1,1,71,0,0
17,170123,1,2,1,19,3,18,5,12,2,1,0,17,2,24,1,24001,4,2000,1G8ZK5274YZ2,1,G,8,Z,K,5,2,7,4,Y,Z,2,0,0,0,000000000,00000000000,0,0,0,1,0,0,0,0,0,0,0,998,0,0,0,12,6,2,12,0,0,1,1,17,62014,6,1,0,0,3,0,68,165,0,0,0,0,0,0,0,0,0,0,28,51,0,0,1,2,55,1,1,2,1,0,0,1,10,1,1,2,62,1,0
17,170123,2,2,1,19,3,18,5,12,2,1,0,17,2,84,883,84883,63,2002,2HSCBAER02C0,2,H,S,C,B,A,E,R,0,2,C,0,1,1,57,379924,57379924,3,4,98,1,0,0,0,0,0,0,0,998,0,0,0,12,6,2,12,0,0,0,1,17,62088,6,1,6,0,3,0,69,220,0,0,0,0,0,0,0,0,0,0,0,0,0,0,1,2,55,1,1,2,1,0,0,1,62,1,1,1,62,0,0
17,170124,1,2,1,21,3,1,17,12,7,1,0,17,1,2,405,2405,14,2003,1J4GL58K83W5,1,J,4,G,L,5,8,K,8,3,W,5,0,0,0,000000000,00000000000,0,0,0,1,0,0,0,0,0,0,0,998,0,1,2,1,6,2,12,0,0,0,1,17,62471,6,1,0,0,3,0,72,150,0,0,0,1,0,7,2013,7,2013,0,6,28,0,0,3,4,70,1,1,1,1,0,0,6,11,1,1,2,44,1,1
17,170124,2,2,1,21,3,1,17,12,7,1,0,17,1,7,402,7402,14,2000,1B4HS28N6YF2,1,B,4,H,S,2,8,N,6,Y,F,2,0,0,0,000000000,00000000000,0,0,0,1,0,0,0,0,0,0,0,998,0,0,0,10,6,2,12,0,0,0,1,17,62812,6,1,0,0,3,3,75,280,0,0,0,0,0,0,0,0,0,0,0,0,0,0,3,4,70,1,1,1,1,0,0,1,62,1,2,1,45,0,0
17,170125,1,1,4,23,3,2,2,1,0,1,0,17,2,20,20,20020,4,1998,2G1WL52M6W92,2,G,1,W,L,5,2,M,6,W,9,2,0,0,0,000000000,00000000000,0,0,0,1,0,0,0,0,0,0,0,998,0,1,5,0,6,2,1,0,0,0,1,17,61104,1,1,0,0,2,0,62,178,0,0,0,0,1,10,2012,10,2012,3,0,0,0,0,1,2,30,1,2,2,1,0,0,3,6,1,4,4,2,1,1
17,170126,1,1,3,21,3,22,41,33,0,1,0,17,2,20,404,20404,14,2005,2CNDL63F3560,2,C,N,D,L,6,3,F,3,5,6,0,0,0,0,000000000,00000000000,0,0,0,1,0,0,0,0,0,0,0,998,0,0,0,12,6,2,19,0,0,0,1,17,62703,6,2,0,0,3,0,60,168,0,0,0,0,0,0,0,0,0,4,0,0,0,0,1,2,30,1,1,2,1,0,0,1,12,1,1,4,6,1,0
17,170127,1,2,1,12,3,18,40,12,6,1,0,17,1,41,45,41045,1,1993,JM1NA3518P04,J,M,1,N,A,3,5,1,8,P,0,4,0,0,0,000000000,00000000000,0,0,0,1,0,0,0,0,0,0,0,998,0,0,0,3,4,3,12,0,0,0,1,17,60504,6,1,0,0,3,1,68,170,0,0,0,0,0,0,0,0,0,0,51,87,0,0,2,2,50,1,2,2,4,0,0,1,5,1,2,2,64,1,0
17,170127,2,2,2,12,3,18,40,12,6,1,0,17,1,23,8,23008,6,2008,1GKER33788J2,1,G,K,E,R,3,3,7,8,8,J,2,0,0,0,000000000,00000000000,0,0,0,1,0,0,0,0,0,0,0,45,0,0,0,12,4,3,12,0,0,0,1,17,60585,6,1,0,0,3,1,65,125,1,0,0,0,0,6,2012,6,2012,0,0,0,0,0,2,2,50,1,2,2,4,0,0,1,54,1,1,1,65,0,0
17,170128,1,1,2,22,3,16,50,7,0,1,1,99,9,99,399,99399,2,9999,999999999999,9,9,9,9,9,9,9,9,9,9,9,9,0,0,0,000000000,00000000000,0,0,0,1,0,0,0,0,0,0,0,998,0,0,0,0,9,9,7,0,0,0,1,17,60068,6,1,6,0,3,0,71,180,0,0,0,0,0,0,0,0,0,0,36,0,0,0,1,2,30,1,1,2,1,0,0,1,98,1,1,1,0,1,1
17,170129,1,1,1,24,3,13,35,10,0,1,0,17,2,12,481,12481,31,2005,1FTRX14W25FA,1,F,T,R,X,1,4,W,2,5,F,A,0,0,0,000000000,00000000000,0,0,0,1,0,0,0,0,0,0,0,998,0,0,0,11,6,2,10,0,0,0,1,17,62832,6,1,0,0,3,0,68,185,0,0,0,0,0,0,0,0,0,0,0,0,0,0,1,2,55,1,5,2,1,65,3,1,92,1,1,1,15,1,0
17,170130,1,2,1,30,3,1,46,12,1,1,1,17,1,32,43,32043,4,2001,WAURD68D01A1,W,A,U,R,D,6,8,D,0,1,A,1,0,0,0,000000000,00000000000,0,0,0,1,0,0,0,0,0,0,0,100,0,0,0,12,6,2,12,0,0,0,1,17,60712,6,1,0,0,3,0,69,160,0,0,0,0,0,0,0,0,0,5,28,26,36,0,3,3,55,1,1,1,1,0,0,1,51,1,1,1,24,0,1
17,170130,2,2,1,30,3,1,46,12,1,1,0,27,2,20,402,20402,14,2003,999999999999,9,9,9,9,9,9,9,9,9,9,9,9,0,0,0,000000000,00000000000,0,0,0,1,0,0,0,0,0,0,0,998,0,0,0,6,6,2,12,0,0,0,1,27,56001,6,1,0,0,3,3,68,165,0,0,0,2,0,9,2012,9,2012,0,0,0,0,0,3,6,55,1,1,1,1,0,0,1,53,1,1,1,25,1,0
17,170131,1,1,1,25,3,4,34,1,0,1,0,17,1,12,481,12481,31,2004,1FTNXZ1L14EA,1,F,T,N,X,Z,1,L,1,4,E,A,0,0,0,000000000,00000000000,0,0,0,1,0,0,0,0,0,0,0,998,0,1,3,0,6,2,1,0,0,0,1,17,60460,6,1,0,0,3,1,72,210,0,0,0,0,0,0,0,0,0,4,87,79,0,0,3,2,65,1,1,2,3,0,0,1,5,1,2,4,7,1,0
17,170133,1,1,1,27,3,23,51,8,0,1,0,17,2,12,401,12401,14,1998,1FMZU34E6WZA,1,F,M,Z,U,3,4,E,6,W,Z,A,0,0,0,000000000,00000000000,0,0,0,1,0,0,0,0,0,0,0,43,0,0,0,12,4,3,8,0,0,0,1,17,60433,6,1,0,0,3,0,65,147,0,0,0,0,0,0,0,0,0,0,0,0,0,0,2,4,40,1,1,2,2,0,0,1,80,1,1,1,13,0,0
17,170134,1,2,2,29,3,2,0,12,6,1,0,17,2,20,9,20009,2,2013,2G1FB1E38D92,2,G,1,F,B,1,E,3,8,D,9,2,0,0,0,000000000,00000000000,0,0,0,1,0,0,0,0,0,0,0,998,0,0,0,11,6,2,12,0,0,0,1,17,61701,6,1,0,0,3,0,66,130,0,0,0,0,0,0,0,0,0,3,39,0,0,0,4,3,30,1,1,2,1,2,3,1,17,1,1,1,89,0,1