STATE,ST_CASE,VEH_NO,VE_FORMS,NUMOCCS,DAY,MONTH,HOUR,MINUTE,HARM_EV,MAN_COLL,UNITTYPE,HIT_RUN,REG_STAT,OWNER,MAKE,MODEL,MAK_MOD,BODY_TYP,MOD_YEAR,VIN,VIN_1,VIN_2,VIN_3,VIN_4,VIN_5,VIN_6,VIN_7,VIN_8,VIN_9,VIN_10,VIN_11,VIN_12,TOW_VEH,J_KNIFE,MCARR_I1,MCARR_I2,MCARR_ID,GVWR,V_CONFIG,CARGO_BT,HAZ_INV,HAZ_PLAC,HAZ_ID,HAZ_CNO,HAZ_REL,BUS_USE,SPEC_USE,EMER_USE,TRAV_SP,UNDERIDE,ROLLOVER,ROLINLOC,IMPACT1,DEFORMED,TOWED,M_HARM,VEH_SC1,VEH_SC2,FIRE_EXP,DR_PRES,L_STATE,DR_ZIP,L_STATUS,L_TYPE,CDL_STAT,L_ENDORS,L_COMPL,L_RESTRI,DR_HGT,DR_WGT,PREV_ACC,PREV_SUS,PREV_DWI,PREV_SPD,PREV_OTH,FIRST_MO,FIRST_YR,LAST_MO,LAST_YR,SPEEDREL,DR_SF1,DR_SF2,DR_SF3,DR_SF4,VTRAFWAY,VNUM_LAN,VSPD_LIM,VALIGN,VPROFILE,VPAVETYP,VSURCOND,VTRAFCON,VTCONT_F,P_CRASH1,P_CRASH2,P_CRASH3,PCRASH4,PCRASH5,ACC_TYPE,DEATHS,DR_DRINK
17,170134,2,2,4,29,3,2,0,12,6,1,0,17,1,49,40,49040,4,2007,4T1BE46K67U1,4,T,1,B,E,4,6,K,6,7,U,1,0,0,0,000000000,00000000000,0,0,0,1,0,0,0,0,0,0,0,998,0,0,0,12,6,2,12,0,0,0,1,17,61761,6,1,0,0,3,0,68,120,0,0,0,0,0,0,0,0,0,0,0,0,0,0,1,3,30,1,1,2,1,2,3,1,55,1,1,1,88,1,0
17,170135,1,1,1,24,3,0,4,23,0,1,0,17,2,22,20,22020,4,2001,1G2WP52K91F1,1,G,2,W,P,5,2,K,9,1,F,1,0,0,0,000000000,00000000000,0,0,0,1,0,0,0,0,0,0,0,998,0,0,0,1,6,2,23,0,0,1,1,17,60472,6,1,0,0,3,0,75,260,0,0,0,0,0,0,0,0,0,0,0,0,0,0,1,4,35,1,5,1,1,0,0,1,13,4,1,4,1,1,1
17,170136,1,2,1,29,3,16,23,12,6,1,0,17,2,49,32,49032,4,1997,1NXBA02E0VZ6,1,N,X,B,A,0,2,E,0,V,Z,6,0,0,0,000000000,00000000000,0,0,0,1,0,0,0,0,0,0,0,998,0,0,0,3,6,2,12,0,0,0,1,17,60004,6,1,0,0,3,0,71,195,0,2,0,0,0,7,2012,7,2013,0,28,0,0,0,1,2,55,1,2,2,1,0,0,1,13,6,4,6,64,1,1
17,170136,2,2,3,29,3,16,23,12,6,1,0,17,1,34,401,34401,14,2004,5UXFA135X4LU,5,U,X,F,A,1,3,5,X,4,L,U,0,0,0,000000000,00000000000,0,0,0,1,0,0,0,0,0,0,0,998,0,0,0,12,6,2,12,0,0,0,1,17,60031,6,1,0,0,3,0,76,240,0,0,0,1,0,7,2012,7,2012,0,0,0,0,0,1,2,55,1,2,2,1,0,0,1,54,1,1,1,65,0,0
17,170137,1,1,1,28,3,22,34,31,0,1,0,17,1,20,431,20431,16,2000,1GNEK13T0YJ1,1,G,N,E,K,1,3,T,0,Y,J,1,0,0,0,000000000,00000000000,0,0,0,1,0,0,0,0,0,0,0,998,0,0,0,12,6,2,19,0,0,0,1,17,60438,6,1,0,0,3,1,71,160,0,0,0,0,0,0,0,0,0,0,0,0,0,0,1,2,25,1,1,2,1,21,3,1,10,1,1,4,6,1,1
17,170138,1,1,1,30,3,3,39,32,0,1,0,17,2,23,481,23481,31,1995,2GTGK24K2SE5,2,G,T,G,K,2,4,K,2,S,E,5,0,0,0,000000000,00000000000,0,0,0,1,0,0,0,0,0,0,0,998,0,1,5,12,6,2,1,0,0,0,1,17,60098,6,1,6,1,3,1,69,200,0,0,0,1,0,6,2012,6,2012,0,28,0,0,0,1,2,55,1,1,2,1,0,0,1,13,1,1,5,1,1,1
17,170139,1,1,2,12,4,3,39,38,0,1,0,17,1,37,32,37032,4,1994,1HGCD5633RA0,1,H,G,C,D,5,6,3,3,R,A,0,0,0,0,000000000,00000000000,0,0,0,1,0,0,0,0,0,0,0,998,0,1,6,1,6,2,1,0,0,0,1,17,60115,6,1,0,0,3,0,70,135,0,0,0,0,0,0,0,0,0,0,0,0,0,0,1,2,55,3,3,2,1,0,0,14,13,1,1,4,1,1,1
17,170140,1,2,1,29,3,16,36,12,2,1,0,17,1,34,34,34034,1,2003,WBSBR93483PK,W,B,S,B,R,9,3,4,8,3,P,K,0,0,0,000000000,00000000000,0,0,0,1,0,0,0,0,0,0,0,998,0,0,0,12,6,2,12,0,0,0,1,17,60142,6,1,0,0,3,0,71,210,0,0,0,0,0,0,0,0,0,0,38,0,0,0,1,2,50,1,1,2,1,0,0,11,15,1,1,1,68,0,0
17,170140,2,2,3,29,3,16,36,12,2,1,0,17,2,7,442,7442,20,1998,1B4GP44G5WB6,1,B,4,G,P,4,4,G,5,W,B,6,0,0,0,000000000,00000000000,0,0,0,1,0,0,0,0,0,0,0,998,0,1,1,12,6,2,12,0,0,0,1,17,60142,6,1,0,0,3,0,71,200,0,0,0,0,0,0,0,0,0,0,0,0,0,0,1,2,50,1,1,2,1,0,0,1,66,1,1,1,69,1,1
17,170141,1,1,2,12,4,4,45,14,0,1,0,17,2,53,40,53040,4,2012,JS2YC5A30C63,J,S,2,Y,C,5,A,3,0,C,6,3,0,0,0,000000000,00000000000,0,0,0,1,0,0,0,0,0,0,0,998,0,0,0,12,6,2,14,0,0,0,1,17,60073,3,1,0,0,2,0,68,149,0,0,0,0,0,0,0,0,0,0,0,0,0,0,3,4,55,1,1,2,1,0,0,1,11,1,1,4,98,1,1
17,170142,1,1,1,10,3,9,43,25,0,1,0,17,2,49,32,49032,4,2002,1NXBR12E32Z6,1,N,X,B,R,1,2,E,3,2,Z,6,0,0,0,000000000,00000000000,0,0,0,1,0,0,0,0,0,0,0,998,0,0,0,12,6,2,21,0,0,0,1,17,60657,0,0,0,0,0,0,69,211,0,0,0,0,0,0,0,0,0,0,28,0,0,0,3,6,55,1,1,2,1,0,0,1,9,1,7,4,7,1,1
17,170143,1,1,2,30,3,16,24,30,0,1,0,99,9,99,709,99709,80,9999,1HD1BH12Y221,1,H,D,1,B,H,1,2,Y,2,2,1,0,0,0,000000000,00000000000,0,0,0,1,0,0,0,0,0,0,0,998,0,0,0,99,6,2,30,0,0,0,1,17,62239,6,1,0,0,3,0,72,215,0,0,0,0,0,0,0,0,0,5,0,0,0,0,1,2,30,1,1,2,1,0,0,1,6,6,7,4,7,1,1
17,170145,1,1,1,30,3,23,55,8,0,1,1,99,9,99,999,99999,99,9999,999999999999,9,9,9,9,9,9,9,9,9,9,9,9,0,0,0,000000000,00000000000,0,0,0,1,0,0,0,0,0,0,0,999,0,0,0,12,9,5,8,99,99,0,1,99,99999,9,9,99,9,9,9,999,999,99,99,99,99,99,99,9999,99,9999,9,0,0,0,0,1,2,15,1,1,2,1,0,0,1,80,1,1,1,13,0,0
17,170146,1,1,1,2,4,14,55,42,0,1,0,17,1,12,461,12461,21,1999,1FTYR10C0XUB,1,F,T,Y,R,1,0,C,0,X,U,B,0,0,0,000000000,00000000000,0,0,0,1,0,0,0,0,0,0,0,998,0,0,0,12,6,2,42,0,0,1,1,17,61272,6,1,0,0,3,0,73,225,0,0,0,0,0,0,0,0,0,0,0,0,0,0,3,2,55,1,1,2,2,0,0,1,13,1,1,4,1,1,0
17,170147,1,2,2,31,3,10,49,12,6,1,0,17,1,20,37,20037,4,2008,1G1ZG57B9843,1,G,1,Z,G,5,7,B,9,8,4,3,0,0,0,000000000,00000000000,0,0,0,1,0,0,0,0,0,0,0,20,0,0,0,3,4,3,12,0,0,0,1,17,60194,6,1,0,0,3,0,65,150,0,0,0,0,0,0,0,0,0,0,38,0,0,0,1,3,35,1,1,2,1,0,0,11,15,1,1,1,82,1,0
17,170147,2,2,1,31,3,10,49,12,6,1,0,17,1,20,421,20421,15,2007,1GNFK13047J1,1,G,N,F,K,1,3,0,4,7,J,1,0,0,0,000000000,00000000000,0,0,0,1,0,0,0,0,0,0,0,45,0,0,0,12,4,3,12,0,0,0,1,17,60194,6,1,0,0,3,0,71,250,0,0,0,0,0,0,0,0,0,3,0,0,0,0,1,2,35,1,1,2,1,0,0,1,62,1,1,1,83,0,0
17,170148,1,2,1,3,4,13,1,12,2,1,0,17,1,20,481,20481,31,2001,2GCEK19TX112,2,G,C,E,K,1,9,T,X,1,1,2,0,0,0,000000000,00000000000,0,0,0,1,0,0,0,0,0,0,0,998,0,1,1,12,6,2,12,0,0,0,1,17,62681,6,1,0,0,3,1,67,117,0,0,0,0,0,0,0,0,0,0,58,0,0,0,1,2,55,3,1,2,2,0,0,14,13,6,2,2,50,1,0
17,170148,2,2,1,3,4,13,1,12,2,1,0,17,1,23,481,23481,31,2007,1GTHK29D97E1,1,G,T,H,K,2,9,D,9,7,E,1,0,0,0,000000000,00000000000,0,0,0,1,0,0,0,0,0,0,0,998,0,0,0,12,6,2,12,0,0,0,1,17,62681,6,1,6,0,3,1,68,210,0,0,0,0,0,0,0,0,0,0,0,0,0,0,1,2,55,2,1,2,2,0,0,14,54,1,1,1,51,0,0
17,170149,1,2,1,2,4,14,41,24,0,1,0,17,2,12,3,12003,2,1996,1FALP4443TF1,1,F,A,L,P,4,4,4,3,T,F,1,0,0,0,000000000,00000000000,0,0,0,1,0,0,0,0,0,0,0,998,3,0,0,1,6,2,12,0,0,0,1,17,62439,6,1,0,0,3,0,69,175,0,0,0,0,0,0,0,0,0,0,28,87,0,0,1,2,55,1,1,2,2,0,0,1,5,1,1,4,1,1,0
17,170149,2,2,1,2,4,14,41,24,0,1,0,17,2,12,461,12461,21,2011,1FDSS3EL2BDA,1,F,D,S,S,3,E,L,2,B,D,A,0,0,0,000000000,00000000000,0,0,0,1,0,0,0,0,0,0,0,998,0,0,0,12,6,2,12,0,0,0,1,18,47591,6,1,0,0,3,0,999,999,0,0,0,0,0,0,0,0,0,0,0,0,0,0,1,2,55,1,1,2,2,0,0,1,54,1,1,1,98,0,0
17,170150,1,1,1,3,4,17,9,34,0,1,0,17,1,6,51,6051,4,2006,2C3LA63HX6H1,2,C,3,L,A,6,3,H,X,6,H,1,0,0,0,000000000,00000000000,0,0,0,1,0,0,0,0,0,0,0,60,0,0,0,1,6,2,42,0,0,0,1,17,60142,1,1,0,0,2,0,67,125,0,0,0,0,0,0,0,0,0,4,0,0,0,0,1,2,55,1,1,2,1,0,0,1,6,1,1,4,1,1,1
17,170151,1,1,1,3,4,21,17,8,0,1,0,17,1,12,422,12422,15,2004,1FMFU18L34LA,1,F,M,F,U,1,8,L,3,4,L,A,0,0,0,000000000,00000000000,0,0,0,1,0,0,0,0,0,0,0,998,0,0,0,12,2,5,8,0,0,0,1,17,61865,6,1,0,0,3,1,62,125,0,0,0,0,0,0,0,0,0,0,86,0,0,0,1,2,55,1,1,2,2,0,0,1,80,1,1,1,13,0,0
17,170152,1,2,2,1,4,12,17,12,6,1,0,17,1,20,37,20037,4,2014,1G11B5SL1EF1,1,G,1,1,B,5,S,L,1,E,F,1,0,0,0,000000000,00000000000,0,0,0,1,0,0,0,0,0,0,0,998,0,0,0,12,6,2,12,0,0,0,1,17,62263,6,1,0,0,3,0,67,120,0,0,0,0,0,0,0,0,0,0,39,38,0,0,1,2,55,1,1,2,1,20,3,1,17,1,1,1,88,2,0
17,170152,2,2,1,1,4,12,17,12,6,1,0,17,3,84,898,84898,66,2012,1HSHXSJR5CJ5,1,H,S,H,X,S,J,R,5,C,J,5,1,1,34,4560,344560,3,6,1,1,0,0,0,0,0,0,0,998,0,0,0,63,6,2,12,0,0,1,1,17,62265,6,1,6,1,3,0,68,160,0,0,0,0,0,0,0,0,0,0,0,0,0,0,1,2,55,1,1,2,1,0,0,1,66,1,1,1,89,0,0
17,170154,1,1,1,7,4,13,21,1,0,1,0,17,3,20,481,20481,31,2000,1GBJ7H1B9YJ5,1,G,B,J,7,H,1,B,9,Y,J,5,0,0,0,000000000,00000000000,0,0,0,1,0,0,0,0,0,0,0,998,0,1,1,0,6,2,1,0,0,0,1,17,61430,6,1,0,0,3,0,70,295,0,0,0,0,0,0,0,0,0,0,58,0,0,0,1,2,55,1,1,2,1,0,0,1,13,6,4,6,98,1,0
17,170155,1,4,1,9,4,14,43,12,1,1,0,17,2,23,883,23883,61,2006,J8DB4B161670,J,8,D,B,4,B,1,6,1,6,7,0,0,0,57,1849044,571849044,2,1,1,1,0,0,0,0,0,0,0,998,0,0,0,12,6,2,12,0,0,0,1,17,60446,6,1,6,0,3,0,70,300,0,0,0,0,0,0,0,0,0,0,38,26,0,0,3,3,65,1,1,2,1,0,0,1,50,1,1,1,20,1,0
17,170155,2,4,2,9,4,14,43,12,1,1,0,13,2,51,890,51890,66,2006,4V4LC9TK76N4,4,V,4,L,C,9,T,K,7,6,N,4,1,1,57,2271291,572271291,3,6,1,1,0,0,0,0,0,0,0,0,0,0,0,6,6,2,12,0,0,0,1,13,30553,6,1,6,3,3,0,64,200,98,0,0,0,0,0,0,0,0,0,0,0,0,0,3,3,65,1,1,2,1,0,0,2,50,2,1,1,21,0,0
17,170155,3,4,2,9,4,14,43,12,1,1,0,17,1,49,404,49404,14,2007,JTEBU11F3700,J,T,E,B,U,1,1,F,3,7,0,0,0,0,0,000000000,00000000000,0,0,0,1,0,0,0,0,0,0,0,998,0,0,0,6,6,2,12,0,0,0,1,17,60435,6,1,0,0,3,0,68,140,0,0,0,0,0,0,0,0,0,0,0,0,0,0,3,3,65,1,1,2,1,0,0,2,50,2,1,1,98,0,0
17,170155,4,4,1,9,4,14,43,12,1,1,1,99,9,99,399,99399,9,9999,999999999999,9,9,9,9,9,9,9,9,9,9,9,9,0,0,0,000000000,00000000000,0,0,0,1,0,0,0,0,0,0,0,0,0,0,0,6,2,5,12,0,0,0,1,99,99999,9,9,99,9,9,9,999,999,99,99,99,99,99,99,9999,99,9999,0,99,99,99,99,3,3,65,1,1,2,1,0,0,5,50,1,1,1,98,0,0
17,170156,1,1,1,16,4,4,53,43,0,1,0,17,2,18,2,18002,4,2003,1G4HP52K23U1,1,G,4,H,P,5,2,K,2,3,U,1,0,0,0,000000000,00000000000,0,0,0,1,0,0,0,0,0,0,0,998,0,1,6,12,6,2,1,0,0,0,1,17,62675,6,1,0,0,3,0,69,170,0,1,1,2,0,1,2013,1,2013,0,0,0,0,0,1,2,45,3,1,2,1,0,0,14,13,1,1,5,1,1,1
17,170157,1,1,3,18,4,2,7,35,0,1,0,17,1,7,482,7482,31,1998,3B7HC12Y3WM2,3,B,7,H,C,1,2,Y,3,W,M,2,0,0,0,000000000,00000000000,0,0,0,1,0,0,0,0,0,0,0,998,0,1,6,12,6,2,1,0,0,0,1,17,62234,6,1,0,0,3,0,69,220,0,0,0,0,0,0,0,0,0,0,28,0,0,0,1,2,55,3,1,2,1,40,3,14,13,1,1,5,1,1,1
17,170158,1,1,3,9,4,20,22,8,0,1,0,55,1,2,404,2404,14,1999,1J4FF68S8XL6,1,J,4,F,F,6,8,S,8,X,L,6,0,0,0,000000000,00000000000,0,0,0,1,0,0,0,0,0,0,0,998,0,0,0,12,6,2,8,0,0,0,1,17,60041,6,1,0,0,3,0,67,145,0,0,0,0,0,0,0,0,0,0,0,0,0,0,2,4,35,1,1,2,1,0,0,1,80,1,1,1,13,0,1
17,170159,1,2,2,19,4,11,30,12,6,1,0,17,2,14,401,14401,14,2000,4M2ZU86P8YUJ,4,M,2,Z,U,8,6,P,8,Y,U,J,0,0,0,000000000,00000000000,0,0,0,1,0,0,0,0,0,0,0,998,0,0,0,11,6,2,12,0,0,0,1,17,60940,6,1,0,0,3,0,60,105,0,0,0,0,0,0,0,0,0,5,38,0,0,0,2,2,55,1,1,2,1,20,3,1,17,1,1,1,89,0,0
17,170159,2,2,2,19,4,11,30,12,6,1,0,17,2,18,3,18003,4,1995,1G4CW52K1SH6,1,G,4,C,W,5,2,K,1,S,H,6,0,0,0,000000000,00000000000,0,0,0,1,0,0,0,0,0,0,0,998,0,1,3,12,6,2,12,0,0,0,1,17,60964,6,1,0,0,3,0,69,240,0,0,0,0,0,0,0,0,0,0,0,0,0,0,2,2,55,1,1,2,1,0,0,1,66,1,1,1,88,1,0
17,170160,1,2,1,21,4,14,46,12,2,1,0,17,1,20,9,20009,2,1994,2G1FP32P8R21,2,G,1,F,P,3,2,P,8,R,2,1,0,0,0,000000000,00000000000,0,0,0,1,0,0,0,0,0,0,0,67,0,0,0,12,6,2,12,0,0,0,1,17,60549,6,1,0,0,3,1,64,110,0,0,0,0,0,0,0,0,0,0,51,0,0,0,1,2,55,1,1,2,1,0,0,1,10,1,1,2,50,0,1
17,170160,2,2,2,21,4,14,46,12,2,1,0,17,1,20,481,20481,31,2006,1GCEC19T46Z1,1,G,C,E,C,1,9,T,4,6,Z,1,0,0,0,000000000,00000000000,0,0,0,1,0,0,0,0,0,0,0,67,0,0,0,12,6,2,12,0,0,0,1,17,60435,6,1,0,0,3,1,73,210,0,0,0,0,0,0,0,0,0,0,0,0,0,0,1,2,55,1,1,2,1,0,0,1,62,1,1,1,51,1,0
17,170161,1,1,1,13,4,1,40,32,0,1,0,17,2,20,2,20002,4,2008,2G1WT58N3891,2,G,1,W,T,5,8,N,3,8,9,1,0,0,0,000000000,00000000000,0,0,0,1,0,0,0,0,0,0,0,94,0,0,0,12,6,2,35,0,0,0,1,17,62988,6,1,6,1,3,1,72,200,0,0,0,0,0,0,0,0,0,0,58,0,0,0,1,2,55,3,3,2,1,40,3,15,13,6,2,4,1,1,1
17,170162,1,1,2,24,4,5,8,30,0,1,0,17,1,20,404,20404,14,2013,2GNALFEK3D61,2,G,N,A,L,F,E,K,3,D,6,1,0,0,0,000000000,00000000000,0,0,0,1,0,0,0,0,0,0,0,998,0,0,0,12,6,2,30,0,0,0,1,17,62249,6,1,0,0,3,1,60,124,0,0,0,1,0,2,2012,2,2012,0,0,0,0,0,1,2,55,1,2,2,1,0,0,1,89,6,1,4,8,1,0
17,170163,1,2,1,17,3,14,14,12,6,1,0,17,3,12,16,12016,4,2009,2FAHP71V39X1,2,F,A,H,P,7,1,V,3,9,X,1,0,0,0,000000000,00000000000,0,0,0,1,0,0,0,0,0,5,4,998,0,0,0,9,6,2,12,0,0,0,1,17,60452,6,1,0,0,3,1,71,240,0,0,0,0,0,0,0,0,0,0,16,37,24,38,1,4,20,1,2,2,1,20,3,11,15,1,1,1,68,1,0
17,170163,2,2,1,17,3,14,14,12,6,1,0,17,4,12,23,12023,4,2014,3FA6P0H93ER2,3,F,A,6,P,0,H,9,3,E,R,2,0,0,0,000000000,00000000000,0,0,0,1,0,0,0,0,0,0,0,51,0,0,0,12,6,2,12,0,0,0,1,13,30062,6,1,0,0,3,1,73,235,98,0,0,0,0,0,0,0,0,0,0,0,0,0,1,4,45,1,2,2,1,0,0,1,67,1,1,1,69,0,0
17,170164,1,1,2,21,3,2,59,34,0,1,0,17,1,12,481,12481,31,2009,1FTPW14VX9FB,1,F,T,P,W,1,4,V,X,9,F,B,0,0,0,000000000,00000000000,0,0,0,1,0,0,0,0,0,0,0,998,0,0,0,12,6,2,30,0,0,0,1,17,62526,6,1,0,0,3,1,71,220,0,0,0,0,0,0,0,0,0,0,39,0,0,0,1,2,55,1,1,2,1,20,3,1,13,1,1,4,1,1,1
17,170165,1,1,1,22,3,16,11,34,0,1,0,17,1,12,471,12471,30,2000,1FTYR10V8YPA,1,F,T,Y,R,1,0,V,8,Y,P,A,0,0,0,000000000,00000000000,0,0,0,1,0,0,0,0,0,0,0,998,0,1,5,12,6,2,34,0,0,0,1,17,61244,6,1,0,0,3,0,68,280,0,0,0,0,0,0,0,0,0,3,0,0,0,0,1,2,30,1,1,2,1,0,0,1,12,1,1,4,6,1,0
17,170166,1,2,1,8,4,13,11,12,2,1,0,18,1,14,17,14017,4,2001,1MEFM50U51G6,1,M,E,F,M,5,0,U,5,1,G,6,0,0,0,000000000,00000000000,0,0,0,1,0,0,0,0,0,0,0,998,0,0,0,12,6,2,12,0,0,0,1,18,47978,6,1,0,0,3,3,68,225,0,0,0,0,0,0,0,0,0,0,28,51,0,0,1,2,55,1,1,2,1,0,0,1,10,1,1,2,50,1,0
17,170166,2,2,2,8,4,13,11,12,2,1,0,18,2,12,461,12461,21,2013,1FDXE4FS2DDB,1,F,D,X,E,4,F,S,2,D,D,B,0,0,0,000000000,00000000000,0,0,0,1,0,0,0,0,0,0,0,998,0,0,0,12,6,2,12,0,0,0,1,18,46574,6,1,0,0,3,9,999,999,0,0,0,0,0,0,0,0,0,0,0,0,0,0,1,2,55,1,1,2,1,0,0,1,62,9,1,1,51,0,0
17,170167,1,2,1,18,3,6,10,8,0,1,0,17,2,7,442,7442,20,1997,1B4GP44R6VB3,1,B,4,G,P,4,4,R,6,V,B,3,0,0,0,000000000,00000000000,0,0,0,1,0,0,0,0,0,0,0,998,0,0,0,11,2,5,8,0,0,0,1,17,60664,6,1,6,0,3,1,60,200,0,0,0,0,1,1,2013,1,2013,0,38,0,0,0,2,3,35,1,1,2,1,2,3,11,15,1,1,1,13,0,0
17,170167,2,2,1,18,3,6,10,8,0,1,0,17,2,86,883,86883,63,2004,1M1AA13Y84N1,1,M,1,A,A,1,3,Y,8,4,N,1,1,1,57,127721,57127721,3,4,1,1,0,0,0,0,0,0,0,998,0,0,0,12,2,5,8,0,0,0,1,17,60106,6,1,6,1,3,0,69,165,0,0,0,0,0,0,0,0,0,0,0,0,0,0,2,3,35,1,1,2,1,2,3,1,80,7,1,2,98,0,0
17,170168,1,3,1,4,4,23,32,12,2,1,0,17,1,20,404,20404,14,2010,2CNALBEW7A63,2,C,N,A,L,B,E,W,7,A,6,3,0,0,0,000000000,00000000000,0,0,0,1,0,0,0,0,0,0,0,63,0,0,0,12,6,2,12,0,0,0,1,17,61252,6,1,0,0,3,0,72,220,0,0,0,0,0,0,0,0,0,0,33,35,39,0,1,2,55,2,1,2,1,40,3,14,10,7,1,2,50,1,1
17,170168,2,3,1,4,4,23,32,12,2,1,0,18,3,82,898,82898,66,2014,3AKJGLD52ESF,3,A,K,J,G,L,D,5,2,E,S,F,1,1,99,999999999,99999999999,3,6,1,1,0,0,0,0,0,0,0,43,0,0,0,12,6,2,12,0,0,0,1,17,60625,6,1,6,1,3,0,68,180,0,0,0,0,0,0,0,0,0,0,0,0,0,0,1,2,55,1,2,2,1,0,0,1,54,8,1,1,51,0,0
17,170168,3,3,1,4,4,23,32,12,2,1,0,17,2,21,3,21003,4,1994,1G3CW52L5R43,1,G,3,C,W,5,2,L,5,R,4,3,0,0,0,000000000,00000000000,0,0,0,1,0,0,0,0,0,0,0,998,0,1,5,61,6,2,12,0,0,0,1,17,61085,6,1,0,0,3,0,65,220,0,0,0,0,0,0,0,0,0,0,0,0,0,0,1,2,55,2,1,2,1,40,3,14,13,7,1,4,98,0,0
17,170169,1,2,1,11,4,15,0,12,6,1,0,17,1,52,34,52034,4,2012,4A32B3FFXCE0,4,A,3,2,B,3,F,F,X,C,E,0,0,0,0,000000000,00000000000,0,0,0,1,0,0,0,0,0,0,0,998,0,0,0,3,4,3,12,0,0,0,1,17,60443,6,1,0,0,3,0,66,155,0,0,0,0,0,0,0,0,0,4,38,0,0,0,3,6,45,1,1,2,1,1,3,11,15,1,1,1,68,0,0
17,170169,2,2,2,11,4,15,0,12,6,1,0,17,1,73,706,73706,80,2013,JKAZXCG17DA0,J,K,A,Z,X,C,G,1,7,D,A,0,0,0,0,000000000,00000000000,0,0,0,1,0,0,0,0,0,0,0,998,0,0,0,12,6,2,12,0,0,0,1,17,62223,6,1,0,0,3,1,72,225,0,0,0,0,0,0,0,0,0,0,0,0,0,0,3,6,45,1,1,2,1,1,3,1,66,1,1,1,69,1,0
17,170170,1,1,2,10,4,11,15,1,0,1,0,18,1,37,706,37706,80,2012,JH2SC68G4CK0,J,H,2,S,C,6,8,G,4,C,K,0,0,0,0,000000000,00000000000,0,0,0,1,0,0,0,0,0,0,0,998,0,0,0,0,2,3,1,0,0,0,1,18,47441,6,1,0,0,3,0,76,190,0,0,0,0,0,0,0,0,0,0,28,0,0,0,1,2,55,3,2,2,1,0,0,14,13,1,1,4,1,1,0
17,170171,1,1,2,30,3,14,37,24,0,1,0,17,2,21,23,21023,4,1998,1G3WS52K5WF4,1,G,3,W,S,5,2,K,5,W,F,4,0,0,0,000000000,00000000000,0,0,0,1,0,0,0,0,0,0,0,48,0,0,0,12,6,2,24,0,0,0,1,17,60803,6,2,0,0,3,0,62,138,0,0,0,0,0,0,0,0,0,3,35,58,0,0,1,2,40,1,1,2,1,0,0,6,54,7,3,4,3,1,0
17,170172,1,1,1,10,4,1,7,34,0,1,0,17,1,20,470,20470,28,1995,1GBDM19W9SB2,1,G,B,D,M,1,9,W,9,S,B,2,0,0,0,000000000,00000000000,0,0,0,1,0,0,0,0,0,0,0,998,0,0,0,98,6,2,2,0,0,1,1,17,62246,6,1,0,0,3,0,70,185,0,0,0,0,0,0,0,0,0,0,0,0,0,0,1,2,55,1,1,2,1,0,0,1,9,1,1,4,1,1,1
17,170173,1,3,1,12,4,20,38,12,2,1,0,17,1,18,20,18020,2,1993,2G4WB14L3P14,2,G,4,W,B,1,4,L,3,P,1,4,0,0,0,000000000,00000000000,0,0,0,1,0,0,0,0,0,0,0,998,0,0,0,12,6,2,12,0,0,0,1,17,61301,6,1,0,0,3,1,63,110,0,0,0,0,0,0,0,0,0,0,23,28,36,51,2,2,70,1,1,2,1,0,0,1,98,1,1,6,50,1,0
17,170173,2,3,2,12,4,20,38,12,2,1,0,17,1,22,18,22018,4,2004,1G2NF52E74M5,1,G,2,N,F,5,2,E,7,4,M,5,0,0,0,000000000,00000000000,0,0,0,1,0,0,0,0,0,0,0,70,0,0,0,12,6,2,12,0,0,0,1,17,61072,6,1,0,0,3,1,76,205,0,0,0,1,0,7,2013,7,2013,0,0,0,0,0,2,2,70,1,1,2,1,0,0,1,54,1,1,1,51,0,0
17,170173,3,3,2,12,4,20,38,12,2,1,0,17,1,20,37,20037,4,2007,1G1ZS58F67F2,1,G,1,Z,S,5,8,F,6,7,F,2,0,0,0,000000000,00000000000,0,0,0,1,0,0,0,0,0,0,0,998,0,0,0,9,6,2,12,0,0,0,1,17,61364,6,1,0,0,3,1,76,280,0,0,0,0,0,0,0,0,0,0,84,0,0,0,2,2,70,1,1,2,1,0,0,1,54,7,1,1,98,0,0
17,170174,1,3,1,18,4,20,7,12,1,1,0,18,2,82,882,82882,66,2000,1FUYSSEB3YPG,1,F,U,Y,S,S,E,B,3,Y,P,G,1,1,57,540837,57540837,3,6,97,1,0,0,0,0,0,0,0,998,0,0,0,6,6,2,12,0,0,1,1,17,60628,6,1,6,1,3,1,69,300,0,0,0,1,0,7,2013,7,2013,5,45,0,0,0,2,4,70,1,1,2,1,0,0,1,18,1,1,1,25,0,0
17,170174,2,3,1,18,4,20,7,12,1,1,0,18,2,87,881,87881,66,2014,1XPHD49X4ED2,1,X,P,H,D,4,9,X,4,E,D,2,1,1,57,74432,5774432,3,6,1,1,0,0,0,0,0,0,0,998,0,0,0,12,6,2,12,0,0,1,1,48,76266,6,1,6,0,3,1,999,999,0,0,0,0,0,0,0,0,0,0,0,0,0,0,2,4,70,1,1,2,1,0,0,1,51,1,1,1,24,1,0
17,170174,3,3,2,18,4,20,7,12,1,1,0,18,2,82,882,82882,63,2010,1FUJGLDR2ALA,1,F,U,J,G,L,D,R,2,A,L,A,1,1,57,54283,5754283,3,4,1,1,0,0,0,0,0,0,0,998,0,0,0,1,6,2,2,0,0,1,1,55,54739,6,1,6,0,3,0,72,235,0,0,0,0,0,0,0,0,0,0,0,0,0,0,2,4,70,1,1,2,1,0,0,1,51,7,1,4,98,0,0