STATE,ST_CASE,VEH_NO,VE_FORMS,NUMOCCS,DAY,MONTH,HOUR,MINUTE,HARM_EV,MAN_COLL,UNITTYPE,HIT_RUN,REG_STAT,OWNER,MAKE,MODEL,MAK_MOD,BODY_TYP,MOD_YEAR,VIN,VIN_1,VIN_2,VIN_3,VIN_4,VIN_5,VIN_6,VIN_7,VIN_8,VIN_9,VIN_10,VIN_11,VIN_12,TOW_VEH,J_KNIFE,MCARR_I1,MCARR_I2,MCARR_ID,GVWR,V_CONFIG,CARGO_BT,HAZ_INV,HAZ_PLAC,HAZ_ID,HAZ_CNO,HAZ_REL,BUS_USE,SPEC_USE,EMER_USE,TRAV_SP,UNDERIDE,ROLLOVER,ROLINLOC,IMPACT1,DEFORMED,TOWED,M_HARM,VEH_SC1,VEH_SC2,FIRE_EXP,DR_PRES,L_STATE,DR_ZIP,L_STATUS,L_TYPE,CDL_STAT,L_ENDORS,L_COMPL,L_RESTRI,DR_HGT,DR_WGT,PREV_ACC,PREV_SUS,PREV_DWI,PREV_SPD,PREV_OTH,FIRST_MO,FIRST_YR,LAST_MO,LAST_YR,SPEEDREL,DR_SF1,DR_SF2,DR_SF3,DR_SF4,VTRAFWAY,VNUM_LAN,VSPD_LIM,VALIGN,VPROFILE,VPAVETYP,VSURCOND,VTRAFCON,VTCONT_F,P_CRASH1,P_CRASH2,P_CRASH3,PCRASH4,PCRASH5,ACC_TYPE,DEATHS,DR_DRINK
17,170216,3,3,1,5,5,6,57,12,2,1,0,17,2,21,21,21021,4,1999,1G3NL52T3XC3,1,G,3,N,L,5,2,T,3,X,C,3,0,0,0,000000000,00000000000,0,0,0,1,0,0,0,0,0,0,0,998,0,0,0,12,6,2,12,0,0,0,1,17,62025,6,2,0,0,3,1,64,140,0,0,0,0,0,0,0,0,0,0,0,0,0,0,1,2,40,1,1,2,1,0,0,1,62,1,1,1,98,0,0
17,170217,1,1,1,10,5,3,53,42,0,1,0,17,1,12,3,12003,2,2010,1ZVBP8CH4A51,1,Z,V,B,P,8,C,H,4,A,5,1,0,0,0,000000000,00000000000,0,0,0,1,0,0,0,0,0,0,0,64,0,0,0,9,6,2,42,0,0,0,1,17,62454,6,1,0,0,3,0,70,195,0,0,0,0,0,0,0,0,0,4,28,36,0,0,1,2,55,2,5,2,1,0,0,14,6,1,2,4,7,1,0
17,170218,1,2,1,13,5,23,40,12,1,1,0,17,1,20,9,20009,2,2010,2G1FT1EW9A92,2,G,1,F,T,1,E,W,9,A,9,2,0,0,0,000000000,00000000000,0,0,0,1,0,0,0,0,0,0,0,998,0,0,0,12,6,2,42,0,0,0,1,17,62417,6,1,6,0,3,1,68,220,0,0,0,0,4,9,2012,1,2014,3,36,89,35,0,2,2,65,1,1,2,1,0,0,1,51,6,1,2,24,1,1
17,170218,2,2,1,13,5,23,40,12,1,1,0,17,1,6,441,6441,20,2013,2C4RC1BG7DR5,2,C,4,R,C,1,B,G,7,D,R,5,0,0,0,000000000,00000000000,0,0,0,1,0,0,0,0,0,0,0,998,0,0,0,6,6,2,12,0,0,0,1,17,62417,6,1,0,0,3,1,67,180,0,0,0,0,0,0,0,0,0,0,0,0,0,0,2,2,65,1,1,2,1,0,0,1,53,1,1,1,25,0,0
17,170219,1,2,1,3,5,16,3,12,6,1,0,17,1,14,6,14006,4,1993,2MELM74W3PX6,2,M,E,L,M,7,4,W,3,P,X,6,0,0,0,000000000,00000000000,0,0,0,1,0,0,0,0,0,0,0,998,0,0,0,11,4,5,12,0,0,0,1,17,60634,6,1,0,0,3,1,66,165,0,0,0,0,0,0,0,0,0,0,0,0,0,0,1,2,30,1,1,2,1,20,3,11,64,1,1,1,82,0,0
17,170219,2,2,1,3,5,16,3,12,6,1,1,17,1,37,705,37705,80,2004,JH2PC37054M1,J,H,2,P,C,3,7,0,5,4,M,1,0,0,0,000000000,00000000000,0,0,0,1,0,0,0,0,0,0,0,998,0,0,0,12,6,2,12,0,0,0,1,17,60634,6,1,0,0,3,0,68,130,0,1,0,0,2,8,2013,1,2014,3,29,38,0,0,1,2,30,1,1,2,1,0,0,1,67,1,1,2,83,1,0
17,170220,1,1,2,26,4,14,44,34,0,1,0,17,1,20,4,20004,2,1990,1G1YY2387L51,1,G,1,Y,Y,2,3,8,7,L,5,1,0,0,0,000000000,00000000000,0,0,0,1,0,0,0,0,0,0,0,998,0,1,5,12,6,2,1,0,0,0,1,17,62002,6,1,0,0,3,0,72,226,0,0,0,0,0,0,0,0,0,2,8,36,0,0,3,2,55,2,1,2,1,0,0,14,51,2,2,4,2,1,1
17,170221,1,1,1,3,4,13,15,42,0,1,0,17,1,52,46,52046,4,2006,JA3AJ26EX6U0,J,A,3,A,J,2,6,E,X,6,U,0,0,0,0,000000000,00000000000,0,0,0,1,0,0,0,0,0,0,0,998,0,0,0,12,6,2,42,0,0,0,1,17,60415,6,1,0,0,3,1,70,120,0,0,0,0,0,0,0,0,0,0,0,0,0,0,1,4,35,1,1,2,1,0,0,1,11,1,1,5,1,1,0
17,170222,1,1,1,6,5,18,3,34,0,1,0,17,2,53,402,53402,14,1994,JS3TD03V5R41,J,S,3,T,D,0,3,V,5,R,4,1,0,0,0,000000000,00000000000,0,0,0,1,0,0,0,0,0,0,0,998,0,1,5,12,6,2,30,0,0,0,1,17,61856,6,1,0,0,3,0,72,158,0,0,0,0,0,0,0,0,0,0,58,52,28,0,1,2,55,3,1,2,1,0,0,14,13,6,2,4,1,1,0
17,170223,1,1,1,11,5,3,49,24,0,1,0,17,2,18,3,18003,4,2002,1G4CW54K5241,1,G,4,C,W,5,4,K,5,2,4,1,0,0,0,000000000,00000000000,0,0,0,1,0,0,0,0,0,0,0,998,0,0,0,12,6,2,24,0,0,0,1,17,62226,6,1,0,0,3,0,72,162,0,0,0,1,0,2,2013,2,2013,3,28,36,0,0,3,2,55,3,1,2,1,0,0,14,13,3,2,4,2,1,1
17,170224,1,1,2,11,5,17,38,1,0,1,0,17,2,72,706,72706,80,2003,1HD1FBW103Y7,1,H,D,1,F,B,W,1,0,3,Y,7,0,0,0,000000000,00000000000,0,0,0,1,0,0,0,0,0,0,0,998,0,0,0,0,6,2,1,0,0,0,1,17,62035,6,1,0,0,3,0,73,185,0,0,0,1,0,4,2012,4,2012,0,0,0,0,0,1,2,55,1,1,2,1,0,0,1,3,1,2,1,98,1,0
17,170225,1,1,1,13,4,3,28,33,0,1,0,17,1,20,37,20037,4,2002,1G1NE52J52M6,1,G,1,N,E,5,2,J,5,2,M,6,0,0,0,000000000,00000000000,0,0,0,1,0,0,0,0,0,0,0,998,0,0,0,12,6,2,42,0,0,0,1,17,60115,6,1,0,0,3,1,63,120,0,0,0,0,0,0,0,0,0,4,28,79,87,0,1,2,30,2,1,2,2,40,3,14,12,1,1,4,6,1,1
17,170226,1,1,1,19,5,17,27,1,0,1,0,17,1,21,23,21023,4,2001,1G3WS52H61F2,1,G,3,W,S,5,2,H,6,1,F,2,0,0,0,000000000,00000000000,0,0,0,1,0,0,0,0,0,0,0,998,0,2,5,0,6,2,1,0,0,0,1,17,62664,6,1,0,0,3,1,65,190,0,0,0,1,0,2,2013,2,2013,4,0,0,0,0,1,2,55,1,1,2,1,0,0,1,10,1,1,5,6,1,0
17,170227,1,4,1,15,5,10,25,73,0,1,0,17,2,84,881,84881,63,2007,1HTWDAARX7J5,1,H,T,W,D,A,A,R,X,7,J,5,0,0,77,777777777,77777777777,3,1,4,1,0,0,0,0,0,0,0,998,0,0,0,6,2,5,73,0,0,0,1,17,62002,6,1,6,9,3,0,75,250,0,0,0,0,0,0,0,0,0,0,0,0,0,0,1,2,55,1,1,2,1,0,0,1,98,1,1,1,15,0,0
17,170227,2,4,1,15,5,10,25,73,0,1,0,17,2,86,883,86883,66,2006,1M1AK06Y36N0,1,M,1,A,K,0,6,Y,3,6,N,0,1,1,57,316516,57316516,3,6,2,1,0,0,0,0,0,0,0,998,7,1,1,12,6,2,12,0,0,0,1,17,62014,6,1,6,9,3,0,67,205,0,0,0,0,0,0,0,0,0,0,81,0,0,0,1,2,55,1,1,2,1,0,0,1,98,1,4,2,98,0,0
17,170227,3,4,1,15,5,10,25,73,0,1,0,17,1,12,24,12024,6,2011,2FMDK3GC0BBB,2,F,M,D,K,3,G,C,0,B,B,B,0,0,0,000000000,00000000000,0,0,0,1,0,0,0,0,0,0,0,998,3,0,0,12,6,2,12,0,0,0,1,17,62046,6,1,0,0,3,0,66,185,0,0,0,0,0,0,0,0,0,0,0,0,0,0,1,2,55,1,1,2,1,0,0,1,62,1,1,1,98,1,0
17,170227,4,4,2,15,5,10,25,73,0,1,0,17,1,21,21,21021,4,2004,1G3NL52EX4C1,1,G,3,N,L,5,2,E,X,4,C,1,0,0,0,000000000,00000000000,0,0,0,1,0,0,0,0,0,0,0,998,0,0,0,12,6,2,12,0,0,0,1,17,62273,6,1,0,0,3,0,60,176,0,0,0,0,0,0,0,0,0,0,0,0,0,0,1,2,55,1,1,2,1,0,0,1,62,1,1,1,98,0,0
17,170228,1,2,1,16,5,20,44,12,2,1,0,17,1,18,2,18002,4,2003,2G4WS52J8311,2,G,4,W,S,5,2,J,8,3,1,1,0,0,0,000000000,00000000000,0,0,0,1,0,0,0,0,0,0,0,998,0,0,0,12,4,3,12,0,0,0,1,17,61801,6,1,0,0,3,1,65,205,0,0,0,0,0,0,0,0,0,0,38,0,0,0,5,4,35,1,1,2,1,2,3,11,10,1,1,1,68,0,0
17,170228,2,2,1,16,5,20,44,12,2,1,0,17,1,72,706,72706,80,2003,1HD1BSY113Y1,1,H,D,1,B,S,Y,1,1,3,Y,1,0,0,0,000000000,00000000000,0,0,0,1,0,0,0,0,0,0,0,998,0,0,0,12,6,2,12,0,0,0,1,17,60439,6,1,0,0,3,0,78,230,0,0,0,0,0,0,0,0,0,0,0,0,0,0,5,4,35,1,1,2,1,2,3,1,62,4,2,1,69,1,0
17,170229,1,1,1,17,5,1,58,34,0,1,0,55,3,18,19,18019,4,2012,2G4GV5GV8C91,2,G,4,G,V,5,G,V,8,C,9,1,0,0,0,000000000,00000000000,0,0,0,1,0,0,0,0,0,0,0,148,0,1,5,12,6,2,1,0,0,0,1,17,61001,6,1,0,0,3,1,73,180,0,0,0,0,0,0,0,0,0,3,28,36,0,0,1,2,55,1,3,2,1,0,0,1,6,1,4,4,7,1,1
17,170230,1,1,2,2,5,22,2,8,0,1,0,17,2,12,481,12481,31,2004,1FTSW31S84EA,1,F,T,S,W,3,1,S,8,4,E,A,0,0,0,000000000,00000000000,0,0,0,1,0,0,0,0,0,0,0,998,0,0,0,12,2,5,8,0,0,0,1,17,61032,6,1,6,1,3,0,73,200,0,0,0,0,0,0,0,0,0,0,86,0,0,0,1,2,55,2,1,2,1,0,0,14,80,1,1,1,13,0,0
17,170231,1,1,3,20,5,18,3,35,0,1,0,17,1,37,31,37031,2,1993,1HGEJ1167PL0,1,H,G,E,J,1,1,6,7,P,L,0,0,0,0,000000000,00000000000,0,0,0,1,0,0,0,0,0,0,0,998,0,1,6,12,6,2,1,0,0,0,1,17,61727,6,1,0,0,3,0,67,290,0,0,0,0,0,0,0,0,0,4,52,58,28,0,1,2,55,1,1,2,1,0,0,1,13,6,2,4,7,1,0
17,170232,1,2,4,18,5,12,55,12,6,1,0,17,1,6,43,6043,4,2007,1C3LC46K87N5,1,C,3,L,C,4,6,K,8,7,N,5,0,0,0,000000000,00000000000,0,0,0,1,0,0,0,0,0,0,0,998,0,0,0,12,2,5,12,0,0,0,1,17,62258,6,1,0,0,3,0,70,180,0,0,0,1,1,11,2012,5,2013,0,39,0,0,0,1,2,30,1,1,2,1,20,3,1,17,1,1,1,88,0,1
17,170232,2,2,1,18,5,12,55,12,6,1,0,17,1,72,706,72706,80,2006,1HD1KBW1X6Y6,1,H,D,1,K,B,W,1,X,6,Y,6,0,0,0,000000000,00000000000,0,0,0,1,0,0,0,0,0,0,0,998,0,0,0,9,6,2,12,0,0,0,1,17,62220,6,1,0,0,3,1,76,210,0,0,0,0,0,0,0,0,0,0,0,0,0,0,4,2,30,1,1,2,1,0,0,1,66,1,1,1,89,1,0
17,170233,1,1,1,23,5,21,18,25,0,1,0,17,1,37,31,37031,4,2002,1HGES16592L0,1,H,G,E,S,1,6,5,9,2,L,0,0,0,0,000000000,00000000000,0,0,0,1,0,0,0,0,0,0,0,998,0,0,0,12,6,2,25,0,0,0,1,17,60631,6,1,0,0,3,1,61,120,0,1,1,0,0,7,2011,9,2011,0,28,0,0,0,3,3,55,1,1,2,1,0,0,1,9,1,2,4,7,1,1
17,170234,1,2,4,18,5,15,10,12,6,1,0,17,1,20,403,20403,14,2003,1GNDT13S6321,1,G,N,D,T,1,3,S,6,3,2,1,0,0,0,000000000,00000000000,0,0,0,1,0,0,0,0,0,0,0,998,0,0,0,12,6,2,12,0,0,0,1,17,62467,6,1,0,0,3,0,73,185,0,0,0,0,0,0,0,0,0,0,28,0,0,0,1,2,55,1,1,2,1,0,0,1,10,7,1,6,64,0,0
17,170234,2,2,4,18,5,15,10,12,6,1,0,17,1,7,442,7442,20,2014,2C4RDGCG2ER2,2,C,4,R,D,G,C,G,2,E,R,2,0,0,0,000000000,00000000000,0,0,0,1,0,0,0,0,0,0,0,28,0,0,0,1,6,2,12,0,0,0,1,17,62468,6,1,6,0,3,0,74,250,0,0,0,0,0,0,0,0,0,0,0,0,0,0,1,2,55,1,1,2,1,0,0,2,54,6,1,1,65,1,0
17,170236,1,2,1,26,5,22,18,12,11,1,0,99,9,98,998,98998,92,9999,RW8850H00522,R,W,8,8,5,0,H,0,0,5,2,2,1,1,0,000000000,00000000000,0,0,0,1,0,0,0,0,0,0,0,998,0,0,0,83,4,5,12,0,0,0,1,17,62468,6,1,6,0,3,0,73,200,0,0,0,0,2,8,2011,4,2012,0,54,0,0,0,1,2,55,1,1,2,1,0,0,11,17,1,1,1,68,0,0
17,170236,2,2,1,26,5,22,18,12,11,1,0,17,1,6,441,6441,20,2006,2A8GP64L86R6,2,A,8,G,P,6,4,L,8,6,R,6,0,0,0,000000000,00000000000,0,0,0,1,0,0,0,0,0,0,0,998,1,0,0,13,6,2,12,0,0,0,1,17,62428,6,1,0,0,3,0,71,155,0,0,0,0,0,0,0,0,0,0,0,0,0,0,1,2,55,1,1,2,1,0,0,1,50,1,1,1,69,1,0
17,170237,1,1,1,26,5,23,0,34,0,1,0,17,2,22,22,22022,4,2005,1G2ZG5287541,1,G,2,Z,G,5,2,8,7,5,4,1,0,0,0,000000000,00000000000,0,0,0,1,0,0,0,0,0,0,0,998,0,1,5,12,6,2,42,0,0,0,1,17,60410,6,1,0,0,3,1,61,115,0,0,0,0,0,0,0,0,0,3,24,28,0,0,1,2,45,3,1,2,98,0,0,14,6,1,3,4,2,1,0
17,170238,1,1,1,19,5,16,42,42,0,1,0,17,1,22,22,22022,2,2008,1G2ZH17N3843,1,G,2,Z,H,1,7,N,3,8,4,3,0,0,0,000000000,00000000000,0,0,0,1,0,0,0,0,0,0,0,998,0,0,0,12,6,2,42,0,0,1,1,17,60050,6,1,0,0,3,1,70,180,0,0,0,0,0,0,0,0,0,0,0,0,0,0,1,2,35,1,2,2,1,0,0,1,13,1,1,4,1,1,0
17,170239,1,2,2,20,5,21,26,12,1,1,0,17,1,49,40,49040,4,2009,4T1BE46K59U8,4,T,1,B,E,4,6,K,5,9,U,8,0,0,0,000000000,00000000000,0,0,0,1,0,0,0,0,0,0,0,70,0,0,0,12,6,2,12,0,0,0,1,17,61832,6,1,0,0,3,1,63,200,0,0,0,0,0,0,0,0,0,5,0,0,0,0,2,4,70,1,1,2,1,0,0,1,51,1,1,1,24,0,1
17,170239,2,2,1,20,5,21,26,12,1,1,0,27,1,7,472,7472,30,1994,1B7HL26X6RS5,1,B,7,H,L,2,6,X,6,R,S,5,0,0,0,000000000,00000000000,0,0,0,1,0,0,0,0,0,0,0,998,0,0,0,6,6,2,12,0,0,0,1,27,55040,6,1,0,0,3,2,66,180,0,0,0,0,0,0,0,0,0,0,45,74,0,0,2,4,70,1,1,2,1,0,0,1,53,1,1,1,25,1,0
17,170240,1,1,1,24,5,9,23,33,0,1,0,17,3,12,402,12402,14,2012,1FMCU4K31CKA,1,F,M,C,U,4,K,3,1,C,K,A,0,0,0,000000000,00000000000,0,0,0,1,0,0,0,0,0,1,0,998,0,0,0,12,6,2,26,0,0,0,1,17,60446,6,1,0,0,3,0,68,175,0,0,0,0,0,0,0,0,0,0,0,0,0,0,1,2,30,1,1,2,1,20,3,1,14,1,1,4,14,1,0
17,170242,1,1,1,8,5,2,43,33,0,1,0,17,1,72,706,72706,80,2006,1HD1BWB156Y0,1,H,D,1,B,W,B,1,5,6,Y,0,0,0,0,000000000,00000000000,0,0,0,1,0,0,0,0,0,0,0,998,0,0,0,1,6,2,33,0,0,0,1,17,62040,6,1,0,0,3,0,72,220,0,0,0,0,0,0,0,0,0,0,36,0,0,0,1,2,30,3,1,2,1,0,0,14,9,1,1,4,1,1,1
17,170243,1,1,1,27,5,7,58,53,0,1,0,19,3,82,881,82881,66,2013,1FVXA700XDLF,1,F,V,X,A,7,0,0,X,D,L,F,1,1,57,1591112,571591112,3,6,1,1,0,0,0,0,0,0,0,55,0,0,0,12,6,2,42,0,0,1,1,19,50643,6,1,8,2,3,1,74,160,1,0,0,0,0,2,2012,2,2012,0,28,0,0,0,1,2,55,1,3,2,1,0,0,1,13,1,1,4,1,1,0
17,170244,1,1,1,27,5,22,0,34,0,1,0,17,2,55,38,55038,4,2005,KMHFU45E05A4,K,M,H,F,U,4,5,E,0,5,A,4,0,0,0,000000000,00000000000,0,0,0,1,0,0,0,0,0,0,0,998,0,1,6,12,6,2,1,0,0,0,1,17,61770,6,1,0,0,3,0,60,130,0,0,0,0,0,0,0,0,0,0,58,0,0,0,1,2,55,1,1,2,1,0,0,1,13,6,2,4,1,1,1
17,170245,1,2,1,31,5,10,9,12,6,1,0,17,2,12,481,12481,31,1991,1FTDF15N7MNB,1,F,T,D,F,1,5,N,7,M,N,B,0,0,0,000000000,00000000000,0,0,0,1,0,0,0,0,0,0,0,998,0,0,0,5,2,3,12,0,0,0,1,17,62253,6,1,0,0,3,0,64,175,0,0,0,0,0,0,0,0,0,0,38,0,0,0,1,2,35,1,1,2,1,20,3,4,17,1,1,1,87,0,0
17,170245,2,2,1,31,5,10,9,12,6,1,0,17,2,98,706,98706,82,2009,2BXJAXA159V0,2,B,X,J,A,X,A,1,5,9,V,0,0,0,0,000000000,00000000000,0,0,0,1,0,0,0,0,0,0,0,998,0,0,0,12,6,2,12,0,0,0,1,17,62231,6,1,0,9,3,3,61,152,0,0,0,0,0,0,0,0,0,0,0,0,0,0,1,2,35,1,1,2,1,20,3,1,66,1,1,1,86,1,0
17,170246,1,1,1,4,5,2,55,8,0,1,0,17,1,12,17,12017,4,2007,1FAFP53U17A1,1,F,A,F,P,5,3,U,1,7,A,1,0,0,0,000000000,00000000000,0,0,0,1,0,0,0,0,0,0,0,998,0,0,0,12,4,5,8,0,0,0,1,17,60616,6,1,0,0,3,0,67,203,0,0,0,0,0,0,0,0,0,0,0,0,0,0,3,3,55,2,1,2,1,0,0,14,80,1,1,1,13,0,0
17,170247,1,2,1,20,5,4,47,33,0,1,1,17,2,20,2,20002,4,2000,2G1WF55E4Y91,2,G,1,W,F,5,5,E,4,Y,9,1,0,0,0,000000000,00000000000,0,0,0,1,0,0,0,0,0,0,0,998,7,0,0,12,6,2,12,0,0,0,1,17,61201,1,1,0,0,3,0,74,195,0,1,0,0,0,5,2012,5,2012,3,6,36,0,0,2,2,40,2,6,2,1,0,0,14,6,1,2,4,7,0,1
17,170247,2,2,1,20,5,4,47,33,0,1,0,17,1,20,471,20471,30,1998,1GCCS1440W81,1,G,C,C,S,1,4,4,0,W,8,1,0,0,0,000000000,00000000000,0,0,0,1,0,0,0,0,0,0,0,998,0,0,0,13,6,2,12,0,0,0,1,17,61114,6,1,0,0,3,1,74,220,0,0,0,0,0,0,0,0,0,0,0,0,0,0,2,2,40,3,5,2,1,0,0,14,62,1,1,1,98,1,0
17,170248,1,2,2,25,5,14,37,12,2,1,0,29,1,20,2,20002,4,2007,2G1WT55N7793,2,G,1,W,T,5,5,N,7,7,9,3,0,0,0,000000000,00000000000,0,0,0,1,0,0,0,0,0,0,0,998,0,0,0,12,6,2,12,0,0,0,1,29,63010,6,1,0,0,3,1,70,230,0,0,0,0,0,0,0,0,0,0,51,0,0,0,1,2,55,1,1,2,1,0,0,1,50,6,1,2,50,2,0
17,170248,2,2,2,25,5,14,37,12,2,1,0,17,1,12,21,12021,4,2005,1FAHP24195G1,1,F,A,H,P,2,4,1,9,5,G,1,0,0,0,000000000,00000000000,0,0,0,1,0,0,0,0,0,0,0,998,0,0,0,12,6,2,12,0,0,0,1,17,62217,6,1,0,0,3,1,65,155,0,0,0,0,0,0,0,0,0,0,0,0,0,0,1,2,55,1,1,2,1,0,0,1,62,1,1,1,51,1,0
17,170249,1,1,1,29,5,0,48,33,0,1,0,17,1,19,3,19003,4,2000,1G6KD54Y6YU2,1,G,6,K,D,5,4,Y,6,Y,U,2,0,0,0,000000000,00000000000,0,0,0,1,0,0,0,0,0,0,0,30,0,1,6,12,6,2,1,0,0,0,1,17,60462,6,1,0,0,3,0,66,190,0,0,0,0,0,0,0,0,0,3,28,37,36,0,2,2,50,2,1,2,1,40,3,14,12,2,2,4,6,1,0
17,170250,1,2,1,1,6,1,31,12,2,1,0,17,2,19,480,19480,31,2002,1GYEK63N02R1,1,G,Y,E,K,6,3,N,0,2,R,1,0,0,0,000000000,00000000000,0,0,0,1,0,0,0,0,0,0,0,48,0,0,0,12,6,2,12,0,0,0,1,17,60453,6,1,0,0,3,1,68,270,0,0,0,0,0,0,0,0,0,0,51,28,0,0,1,2,40,1,1,2,1,0,0,1,10,1,1,2,50,0,1
17,170250,2,2,2,1,6,1,31,12,2,1,0,17,1,72,706,72706,80,2013,1HD1JDV11DB0,1,H,D,1,J,D,V,1,1,D,B,0,0,0,0,000000000,00000000000,0,0,0,1,0,0,0,0,0,0,0,998,0,0,0,12,6,2,12,0,0,0,1,17,60632,6,1,0,0,3,0,67,160,0,0,0,0,0,0,0,0,0,0,0,0,0,0,2,2,40,1,1,2,1,0,0,1,54,1,1,1,51,2,1
17,170251,1,1,1,31,5,18,46,1,0,1,0,17,1,7,20,7020,4,2004,1B3ES66S44D5,1,B,3,E,S,6,6,S,4,4,D,5,0,0,0,000000000,00000000000,0,0,0,1,0,0,0,0,0,0,0,998,0,1,5,0,6,2,30,0,0,1,1,17,60491,6,1,0,0,3,1,68,130,0,0,0,0,0,0,0,0,0,3,36,27,0,0,1,2,40,1,1,2,1,0,0,1,6,1,2,4,2,1,0
17,170252,1,2,2,19,5,5,13,12,6,1,0,17,2,7,442,7442,20,2005,1D4GP24R15B3,1,D,4,G,P,2,4,R,1,5,B,3,0,0,0,000000000,00000000000,0,0,0,1,0,0,0,0,0,0,0,998,0,0,0,12,6,2,12,0,0,0,1,17,60403,6,1,0,0,3,0,71,170,0,0,0,0,0,0,0,0,0,0,39,0,0,0,1,5,45,1,1,2,1,1,3,1,17,1,1,1,83,0,1
17,170252,2,2,2,19,5,5,13,12,6,1,0,17,1,52,47,52047,6,2010,JA4AS3AW5AZ0,J,A,4,A,S,3,A,W,5,A,Z,0,0,0,0,000000000,00000000000,0,0,0,1,0,0,0,0,0,0,0,998,0,0,0,9,6,2,12,0,0,0,1,17,60446,6,1,0,0,3,0,65,200,0,0,0,0,0,0,0,0,0,0,0,0,0,0,1,3,45,1,1,2,1,1,3,11,66,1,1,1,82,1,0
17,170253,1,3,2,27,5,17,15,12,6,1,0,17,2,35,39,35039,4,2011,1N4AA5AP8BC8,1,N,4,A,A,5,A,P,8,B,C,8,0,0,0,000000000,00000000000,0,0,0,1,0,0,0,0,0,0,0,998,0,0,0,12,6,2,12,0,0,0,1,17,60120,1,1,0,0,2,0,70,155,0,1,0,0,0,1,2013,1,2013,3,39,24,36,37,1,2,30,1,1,2,1,20,3,1,17,1,1,1,88,0,0
17,170253,2,3,1,27,5,17,15,12,6,1,0,17,1,41,441,41441,20,2002,JM3LW28A4203,J,M,3,L,W,2,8,A,4,2,0,3,0,0,0,000000000,00000000000,0,0,0,1,0,0,0,0,0,0,0,998,0,1,6,9,6,2,12,0,0,0,1,17,60010,1,1,0,0,1,0,999,999,0,1,0,0,0,9,2012,9,2012,0,0,0,0,0,1,2,30,1,1,2,1,0,0,1,66,1,1,1,89,1,0
17,170253,3,3,1,27,5,17,15,12,6,1,0,17,2,23,431,23431,16,1997,1GDFK16R8VJ7,1,G,D,F,K,1,6,R,8,V,J,7,0,0,0,000000000,00000000000,0,0,0,1,0,0,0,0,0,0,0,998,0,0,0,12,2,5,54,0,0,0,1,17,60110,0,0,0,0,0,0,999,999,0,0,0,0,0,0,0,0,0,0,0,0,0,0,1,2,30,1,1,2,1,0,0,1,66,1,1,1,98,0,0
17,170254,1,2,8,24,5,14,15,12,6,1,0,17,2,12,461,12461,21,2014,1FBSS3BL8EDA,1,F,B,S,S,3,B,L,8,E,D,A,0,0,0,000000000,00000000000,0,0,0,1,0,0,0,0,0,0,0,998,0,1,1,83,6,2,12,0,0,0,1,17,61310,6,1,0,0,3,0,63,175,0,0,0,1,0,1,2012,1,2012,0,38,0,0,0,1,2,55,1,1,2,1,20,3,4,17,1,1,1,87,0,0
17,170254,2,2,2,24,5,14,15,12,6,1,0,17,1,72,706,72706,80,2002,1HD1FCW192Y6,1,H,D,1,F,C,W,1,9,2,Y,6,0,0,0,000000000,00000000000,0,0,0,1,0,0,0,0,0,0,0,998,0,0,0,12,6,2,12,0,0,0,1,17,61310,6,1,0,0,3,0,75,280,0,0,1,0,0,5,2013,5,2013,0,0,0,0,0,1,2,55,1,1,2,1,0,0,1,66,1,1,1,86,1,1
17,170255,1,1,2,30,5,1,20,34,0,1,0,17,1,22,18,22018,4,2004,1G2NW52E74C1,1,G,2,N,W,5,2,E,7,4,C,1,0,0,0,000000000,00000000000,0,0,0,1,0,0,0,0,0,0,0,79,0,1,5,6,6,2,1,0,0,0,1,17,62049,6,1,0,0,3,1,73,200,0,1,1,1,1,7,2011,2,2014,3,36,0,0,0,1,2,55,1,1,2,1,0,0,1,6,1,2,4,7,2,1
17,170256,1,1,2,31,5,2,46,23,0,1,0,17,1,72,706,72706,80,2001,1HD4CAM391K1,1,H,D,4,C,A,M,3,9,1,K,1,0,0,0,000000000,00000000000,0,0,0,1,0,0,0,0,0,0,0,998,0,0,0,12,6,2,5,0,0,0,1,17,61755,6,1,0,0,3,0,66,164,0,0,0,0,0,0,0,0,0,4,28,0,0,0,6,1,30,2,2,2,1,0,0,14,8,1,2,4,7,1,1
17,170257,1,1,1,1,6,11,46,34,0,1,0,17,2,2,404,2404,14,2004,1J8GW68J94C1,1,J,8,G,W,6,8,J,9,4,C,1,0,0,0,000000000,00000000000,0,0,0,1,0,0,0,0,0,0,0,998,0,0,0,12,6,2,42,0,0,0,1,17,62439,6,1,0,0,3,0,70,170,0,0,0,0,0,0,0,0,0,0,28,0,0,0,1,2,55,1,1,2,1,0,0,1,12,1,1,4,6,1,0
17,170258,1,1,4,19,4,3,33,8,0,1,0,17,1,20,22,20022,4,2010,1G1AD5F55A71,1,G,1,A,D,5,F,5,5,A,7,1,0,0,0,000000000,00000000000,0,0,0,1,0,0,0,0,0,0,0,42,0,0,0,12,6,2,8,0,0,0,1,17,62084,6,1,0,0,3,0,65,110,0,0,0,0,0,0,0,0,0,0,0,0,0,0,1,3,45,3,1,2,1,0,0,14,80,7,1,1,13,0,1