STATE,ST_CASE,VEH_NO,VE_FORMS,NUMOCCS,DAY,MONTH,HOUR,MINUTE,HARM_EV,MAN_COLL,UNITTYPE,HIT_RUN,REG_STAT,OWNER,MAKE,MODEL,MAK_MOD,BODY_TYP,MOD_YEAR,VIN,VIN_1,VIN_2,VIN_3,VIN_4,VIN_5,VIN_6,VIN_7,VIN_8,VIN_9,VIN_10,VIN_11,VIN_12,TOW_VEH,J_KNIFE,MCARR_I1,MCARR_I2,MCARR_ID,GVWR,V_CONFIG,CARGO_BT,HAZ_INV,HAZ_PLAC,HAZ_ID,HAZ_CNO,HAZ_REL,BUS_USE,SPEC_USE,EMER_USE,TRAV_SP,UNDERIDE,ROLLOVER,ROLINLOC,IMPACT1,DEFORMED,TOWED,M_HARM,VEH_SC1,VEH_SC2,FIRE_EXP,DR_PRES,L_STATE,DR_ZIP,L_STATUS,L_TYPE,CDL_STAT,L_ENDORS,L_COMPL,L_RESTRI,DR_HGT,DR_WGT,PREV_ACC,PREV_SUS,PREV_DWI,PREV_SPD,PREV_OTH,FIRST_MO,FIRST_YR,LAST_MO,LAST_YR,SPEEDREL,DR_SF1,DR_SF2,DR_SF3,DR_SF4,VTRAFWAY,VNUM_LAN,VSPD_LIM,VALIGN,VPROFILE,VPAVETYP,VSURCOND,VTRAFCON,VTCONT_F,P_CRASH1,P_CRASH2,P_CRASH3,PCRASH4,PCRASH5,ACC_TYPE,DEATHS,DR_DRINK
17,170337,1,1,1,6,7,14,44,34,0,1,0,17,1,18,3,18003,4,2005,1G4CW54K9541,1,G,4,C,W,5,4,K,9,5,4,1,0,0,0,000000000,00000000000,0,0,0,1,0,0,0,0,0,0,0,998,0,1,5,99,6,2,1,0,0,0,1,17,61851,6,1,0,0,3,0,63,180,0,0,0,0,0,0,0,0,0,4,0,0,0,0,1,2,55,3,1,2,1,0,0,14,6,1,2,4,2,1,0
17,170338,1,1,1,25,4,20,27,43,0,1,0,17,1,72,706,72706,80,2000,1HD1CAP15YK1,1,H,D,1,C,A,P,1,5,Y,K,1,0,0,0,000000000,00000000000,0,0,0,1,0,0,0,0,0,0,0,998,0,0,0,12,6,2,38,0,0,0,1,17,61448,6,1,6,0,3,0,77,220,0,0,0,0,0,0,0,0,0,0,35,0,0,0,1,2,45,2,1,2,1,0,0,6,9,1,2,4,2,1,1
17,170339,1,2,4,31,5,16,30,12,6,1,0,17,1,7,402,7402,14,1999,1B4HS28Y0XF6,1,B,4,H,S,2,8,Y,0,X,F,6,0,0,0,000000000,00000000000,0,0,0,1,0,0,0,0,0,0,0,998,0,0,0,1,6,2,12,0,0,0,1,17,61109,6,1,0,0,3,3,70,195,0,0,0,0,0,0,0,0,0,0,38,0,0,0,2,3,45,1,1,2,1,2,3,11,17,1,1,1,68,0,0
17,170339,2,2,4,31,5,16,30,12,6,1,0,17,2,37,31,37031,4,2013,19XFB2F85DE0,1,9,X,F,B,2,F,8,5,D,E,0,0,0,0,000000000,00000000000,0,0,0,1,0,0,0,0,0,0,0,998,0,0,0,11,6,2,12,0,0,0,1,6,93035,6,1,0,0,3,0,72,165,0,0,0,0,0,0,0,0,0,0,0,0,0,0,2,3,45,1,1,2,1,2,3,1,62,1,1,1,69,1,0
17,170340,1,1,2,7,7,2,0,34,0,1,0,17,2,22,22,22022,2,2009,1G2AL18H2971,1,G,2,A,L,1,8,H,2,9,7,1,0,0,0,000000000,00000000000,0,0,0,1,0,0,0,0,0,0,0,998,0,1,6,11,6,2,42,0,0,0,1,17,62930,1,1,0,0,2,3,62,120,0,1,0,0,0,5,2013,5,2013,0,0,0,0,0,1,2,55,1,1,2,1,0,0,1,12,1,1,4,6,1,0
17,170341,1,1,2,22,6,12,8,34,0,1,0,17,2,12,481,12481,31,2004,1FTPX14574NA,1,F,T,P,X,1,4,5,7,4,N,A,0,0,0,000000000,00000000000,0,0,0,1,0,0,0,0,0,0,0,998,0,1,5,11,6,2,3,0,0,0,1,17,62946,6,1,0,0,3,1,73,190,0,0,0,0,0,0,0,0,0,0,0,0,0,0,1,2,55,1,1,2,1,0,0,1,12,1,1,4,6,1,0
17,170342,1,1,2,11,5,8,0,33,0,1,0,17,1,49,32,49032,4,2006,1NXBR32E16Z6,1,N,X,B,R,3,2,E,1,6,Z,6,0,0,0,000000000,00000000000,0,0,0,1,0,0,0,0,0,0,0,998,0,0,0,12,6,2,42,0,0,0,1,17,60609,6,1,0,0,3,0,67,145,0,0,0,0,0,0,0,0,0,0,28,0,0,0,1,4,30,1,1,2,1,0,0,1,13,1,1,4,1,1,0
17,170343,1,1,1,11,7,21,47,8,0,1,0,17,1,14,17,14017,4,1995,1MELM50U5SA6,1,M,E,L,M,5,0,U,5,S,A,6,0,0,0,000000000,00000000000,0,0,0,1,0,0,0,0,0,0,0,998,0,0,0,12,6,2,8,0,0,0,1,17,62366,6,2,0,0,3,0,62,115,0,0,0,0,0,0,0,0,0,0,0,0,0,0,1,2,55,1,1,2,1,0,0,1,80,1,1,1,13,0,0
17,170344,1,1,1,12,7,2,23,31,0,1,0,17,1,35,402,35402,14,2007,5N1AN08W97C5,5,N,1,A,N,0,8,W,9,7,C,5,0,0,0,000000000,00000000000,0,0,0,1,0,0,0,0,0,0,0,998,0,0,0,11,6,2,30,0,0,0,1,17,60067,6,1,0,0,3,0,74,230,0,0,0,0,0,0,0,0,0,0,0,0,0,0,2,2,40,1,1,2,1,0,0,1,10,1,1,4,6,1,1
17,170345,1,1,1,28,6,1,49,42,0,1,0,17,1,14,6,14006,4,2005,2MEFM74W35X6,2,M,E,F,M,7,4,W,3,5,X,6,0,0,0,000000000,00000000000,0,0,0,1,0,0,0,0,0,0,0,998,0,0,0,62,6,2,42,0,0,0,1,17,62901,6,1,0,0,3,0,69,135,0,0,0,0,0,0,0,0,0,3,0,0,0,0,1,2,30,1,9,2,1,0,0,1,6,1,2,4,2,1,1
17,170346,1,2,2,4,7,17,25,12,2,1,0,17,2,20,9,20009,2,2010,2G1FC1EV2A92,2,G,1,F,C,1,E,V,2,A,9,2,0,0,0,000000000,00000000000,0,0,0,1,0,0,0,0,0,0,0,101,0,0,0,12,6,2,12,0,0,1,1,17,60482,6,1,0,0,3,0,70,150,0,0,0,1,1,2,2012,6,2013,3,36,28,0,0,2,2,40,1,1,2,1,0,0,15,6,1,1,2,50,2,0
17,170346,2,2,3,4,7,17,25,12,2,1,0,17,2,7,472,7472,30,1991,1B7GL26X9MS2,1,B,7,G,L,2,6,X,9,M,S,2,0,0,0,000000000,00000000000,0,0,0,1,0,0,0,0,0,0,0,37,0,0,0,12,6,2,12,0,0,1,1,17,60652,0,0,0,0,0,0,999,999,99,99,99,99,99,99,9999,99,9999,0,0,0,0,0,2,2,40,1,1,2,1,0,0,1,62,1,1,1,51,2,0
17,170347,1,2,3,4,7,19,12,12,6,1,0,17,2,20,461,20461,21,1999,1GCHG39R0X11,1,G,C,H,G,3,9,R,0,X,1,1,0,0,0,000000000,00000000000,0,0,0,1,0,0,0,0,0,0,0,998,0,0,0,1,6,2,12,0,0,0,1,17,60139,6,1,0,0,3,0,68,165,0,0,0,0,0,0,0,0,0,0,38,0,0,0,1,2,55,1,1,2,1,20,3,4,55,1,1,1,88,0,0
17,170347,2,2,1,4,7,19,12,12,6,1,0,17,1,72,706,72706,80,1994,1HD4CAM12RY2,1,H,D,4,C,A,M,1,2,R,Y,2,0,0,0,000000000,00000000000,0,0,0,1,0,0,0,0,0,0,0,998,0,0,0,61,6,2,12,0,0,0,1,17,60516,6,1,0,0,3,0,67,182,0,0,0,0,0,0,0,0,0,0,0,0,0,0,1,2,55,1,1,2,1,20,3,1,66,1,1,3,89,1,0
17,170348,1,2,1,27,6,19,44,12,2,1,0,17,2,7,402,7402,14,1998,1B4HS28Z8WF1,1,B,4,H,S,2,8,Z,8,W,F,1,0,0,0,000000000,00000000000,0,0,0,1,0,0,0,0,0,0,0,998,0,0,0,12,6,2,12,0,0,0,1,17,62838,6,1,0,0,3,0,63,110,0,0,0,0,0,0,0,0,0,0,28,0,0,0,1,2,40,1,1,2,1,0,0,1,10,1,1,2,50,0,0
17,170348,2,2,1,27,6,19,44,12,2,1,0,17,1,22,2,22002,4,1988,1G2HX54C3JW2,1,G,2,H,X,5,4,C,3,J,W,2,0,0,0,000000000,00000000000,0,0,0,1,0,0,0,0,0,0,0,998,0,0,0,12,6,2,12,0,0,0,1,17,62471,6,1,0,0,3,0,58,120,0,0,0,0,0,0,0,0,0,0,0,0,0,0,1,2,40,1,1,2,1,0,0,1,60,7,1,1,51,1,0
17,170349,1,2,1,27,6,20,24,12,6,1,0,17,1,20,481,20481,31,2005,1GCEK19B55Z1,1,G,C,E,K,1,9,B,5,5,Z,1,0,0,0,000000000,00000000000,0,0,0,1,0,0,0,0,0,0,0,998,0,0,0,7,2,3,12,0,0,0,1,17,60051,6,1,0,0,3,0,71,215,0,0,0,0,0,0,0,0,0,0,0,0,0,0,1,2,35,1,1,1,1,20,3,1,17,1,1,3,89,0,0
17,170349,2,2,1,27,6,20,24,12,6,1,0,17,1,53,706,53706,80,2011,JS1GR7MA0B21,J,S,1,G,R,7,M,A,0,B,2,1,0,0,0,000000000,00000000000,0,0,0,1,0,0,0,0,0,0,0,998,0,0,0,12,6,2,12,0,0,0,1,17,60050,6,1,0,0,3,0,72,170,0,0,0,1,0,5,2012,5,2012,0,0,0,0,0,1,2,35,1,1,1,1,0,0,6,55,2,1,3,88,1,0
17,170350,1,1,1,29,6,16,22,8,0,1,0,17,1,49,32,49032,4,2010,1NXBU4EE3AZ2,1,N,X,B,U,4,E,E,3,A,Z,2,0,0,0,000000000,00000000000,0,0,0,1,0,0,0,0,0,0,0,3,0,0,0,12,0,5,8,0,0,0,1,17,62896,6,1,0,0,3,0,63,140,0,0,0,0,0,0,0,0,0,0,0,0,0,0,1,2,30,1,1,2,1,0,0,1,80,1,1,1,13,0,0
17,170351,1,1,2,6,7,14,33,31,0,1,1,17,1,72,706,72706,80,2004,1HD1FCW114Y6,1,H,D,1,F,C,W,1,1,4,Y,6,0,0,0,000000000,00000000000,0,0,0,1,0,0,0,0,0,0,0,998,0,0,0,11,6,2,31,0,0,0,1,17,61761,6,1,6,0,3,0,76,270,0,0,0,0,0,0,0,0,0,0,0,0,0,0,2,2,65,1,1,2,1,0,0,1,9,8,1,4,6,2,0
17,170352,1,1,1,16,6,19,0,35,0,1,0,17,2,20,2,20002,4,2008,2G1WB55K2891,2,G,1,W,B,5,5,K,2,8,9,1,0,0,0,000000000,00000000000,0,0,0,1,0,0,0,0,0,0,0,998,0,0,0,12,6,2,38,0,0,1,1,17,61301,6,2,0,0,3,3,73,135,0,0,0,0,0,0,0,0,0,3,39,36,0,0,1,2,25,1,1,9,1,20,3,3,14,1,1,4,14,1,0
17,170353,1,1,1,20,6,11,10,42,0,1,0,17,1,20,421,20421,15,1995,1GNDT13WXS22,1,G,N,D,T,1,3,W,X,S,2,2,0,0,0,000000000,00000000000,0,0,0,1,0,0,0,0,0,0,0,998,0,0,0,99,6,2,42,0,0,0,1,17,61074,6,2,0,0,3,0,64,184,0,0,0,0,0,0,0,0,0,3,52,0,0,0,1,2,55,1,1,2,1,0,0,1,6,1,5,4,2,1,0
17,170354,1,2,5,4,7,14,22,12,2,1,0,17,2,63,37,63037,6,2010,KNDJT2A2XA70,K,N,D,J,T,2,A,2,X,A,7,0,0,0,0,000000000,00000000000,0,0,0,1,0,0,0,0,0,0,0,998,0,0,0,12,6,2,12,0,0,0,1,17,61012,6,1,0,0,3,0,64,130,0,0,0,0,0,0,0,0,0,0,35,0,0,0,1,2,55,1,3,2,1,0,0,17,10,1,1,2,50,2,0
17,170354,2,2,3,4,7,14,22,12,2,1,0,17,2,12,402,12402,14,2014,1FMCU0G91EUA,1,F,M,C,U,0,G,9,1,E,U,A,0,0,0,000000000,00000000000,0,0,0,1,0,0,0,0,0,0,0,998,0,0,0,12,6,2,12,0,0,0,1,17,61111,6,1,0,0,3,0,63,120,0,0,0,0,0,0,0,0,0,0,0,0,0,0,1,2,55,1,3,2,1,0,0,1,62,1,1,1,51,0,0
17,170355,1,1,1,9,7,20,36,9,0,1,0,17,1,41,45,41045,1,2006,JM1NC25F2601,J,M,1,N,C,2,5,F,2,6,0,1,0,0,0,000000000,00000000000,0,0,0,1,0,0,0,0,0,0,0,998,0,0,0,12,6,2,9,0,0,0,1,17,60659,6,1,0,0,3,0,64,140,0,0,0,1,0,11,2013,11,2013,0,0,0,0,0,1,4,30,1,1,2,1,0,0,1,85,6,1,3,13,0,0
17,170356,1,1,1,13,7,1,49,8,0,1,0,17,2,2,404,2404,14,1998,1J4FJ68SXWL2,1,J,4,F,J,6,8,S,X,W,L,2,0,0,0,000000000,00000000000,0,0,0,1,0,0,0,0,0,0,0,998,0,0,0,12,6,2,8,0,0,0,1,17,60174,6,1,0,0,3,0,69,130,0,1,0,1,1,10,2011,6,2013,0,0,0,0,0,2,3,65,1,1,2,2,0,0,1,80,1,1,2,13,0,0
17,170357,1,1,1,16,7,6,29,21,0,1,0,17,1,72,706,72706,80,2002,1HD1GEV132Y3,1,H,D,1,G,E,V,1,3,2,Y,3,0,0,0,000000000,00000000000,0,0,0,1,0,0,0,0,0,0,0,998,0,0,0,12,6,2,21,0,0,0,1,17,62254,6,1,0,0,3,0,69,200,0,0,0,0,0,0,0,0,0,0,0,0,0,0,1,2,45,1,1,1,1,0,0,1,9,1,2,4,2,1,0
17,170358,1,3,2,16,7,19,12,12,1,1,0,17,1,49,40,49040,4,1991,4T1SV22E2MU3,4,T,1,S,V,2,2,E,2,M,U,3,0,0,0,000000000,00000000000,0,0,0,1,0,0,0,0,0,0,0,998,3,0,0,12,6,2,12,0,0,0,1,17,61115,6,1,0,0,3,0,71,163,0,0,0,1,0,4,2012,4,2012,0,0,0,0,0,2,4,45,1,1,2,1,1,3,1,50,1,1,3,20,1,0
17,170358,2,3,1,16,7,19,12,12,1,1,0,17,1,20,422,20422,15,2008,1GNFK16328J2,1,G,N,F,K,1,6,3,2,8,J,2,0,0,0,000000000,00000000000,0,0,0,1,0,0,0,0,0,0,0,0,0,0,0,6,6,2,12,0,0,0,1,17,61073,6,1,0,0,3,1,63,140,0,0,0,0,0,0,0,0,0,0,0,0,0,0,2,4,45,1,1,2,1,1,3,5,53,1,1,1,21,0,0
17,170358,3,3,1,16,7,19,12,12,1,1,0,17,1,12,402,12402,14,2011,1FMCU9EG4BKA,1,F,M,C,U,9,E,G,4,B,K,A,0,0,0,000000000,00000000000,0,0,0,1,0,0,0,0,0,0,0,0,0,0,0,6,6,2,12,0,0,0,1,17,61073,6,1,6,0,3,0,66,123,0,0,0,1,0,8,2013,8,2013,0,0,0,0,0,2,4,45,1,1,2,1,1,3,5,50,1,1,1,98,0,0
17,170359,1,2,6,8,7,16,13,12,1,1,0,17,1,14,443,14443,20,1999,4M2XV11T5XDJ,4,M,2,X,V,1,1,T,5,X,D,J,0,0,0,000000000,00000000000,0,0,0,1,0,0,0,0,0,0,0,998,0,0,0,12,6,2,12,0,0,0,1,17,62901,6,1,0,0,3,1,67,165,0,0,0,0,0,0,0,0,0,0,6,0,0,0,1,2,45,1,1,2,1,0,0,1,51,1,1,1,24,0,0
17,170359,2,2,1,8,7,16,13,12,1,1,0,92,0,98,701,98701,81,2013,999999999999,9,9,9,9,9,9,9,9,9,9,9,9,0,0,0,000000000,00000000000,0,0,0,1,0,0,0,0,0,0,0,998,0,0,0,6,6,2,12,0,0,0,1,17,61354,1,1,0,0,2,9,70,140,1,1,1,1,0,11,2011,1,2014,0,0,0,0,0,1,2,45,1,1,2,1,0,0,1,53,1,1,3,25,1,0
17,170360,1,1,4,20,7,23,13,1,0,1,0,17,2,7,402,7402,14,2003,1D8HS78Z63F5,1,D,8,H,S,7,8,Z,6,3,F,5,0,0,0,000000000,00000000000,0,0,0,1,0,0,0,0,0,0,0,91,0,2,1,0,6,2,1,0,0,0,1,17,60404,6,1,0,0,3,0,74,187,0,0,0,0,0,0,0,0,0,3,58,0,0,0,1,2,55,1,1,2,1,0,0,6,6,6,3,6,98,2,1
17,170361,1,1,1,19,7,5,50,34,0,1,0,17,2,7,442,7442,20,2005,2D8GP44L65R1,2,D,8,G,P,4,4,L,6,5,R,1,0,0,0,000000000,00000000000,0,0,0,1,0,0,0,0,0,0,0,63,0,1,6,12,6,2,1,0,0,0,1,17,62363,6,1,0,0,3,0,69,140,0,0,0,0,0,0,0,0,0,0,0,0,0,0,1,2,55,1,1,2,1,28,3,1,9,3,2,4,2,1,1
17,170362,1,1,3,5,7,21,11,14,0,1,0,17,5,49,40,49040,4,2006,4T1BE32K16U7,4,T,1,B,E,3,2,K,1,6,U,7,0,0,0,000000000,00000000000,0,0,0,1,0,0,0,0,0,0,0,998,0,1,5,12,6,2,14,0,0,0,1,17,60473,1,1,0,0,2,0,72,280,0,1,0,0,0,6,2012,6,2012,3,37,0,0,0,1,2,30,1,1,2,1,0,0,3,6,1,2,4,2,2,0
17,170363,1,4,1,11,7,13,32,12,1,1,0,17,2,49,401,49401,14,1997,JT3HN87RXV90,J,T,3,H,N,8,7,R,X,V,9,0,0,0,0,000000000,00000000000,0,0,0,1,0,0,0,0,0,0,0,73,0,0,0,12,6,2,12,0,0,0,1,17,60430,6,1,0,0,3,1,69,180,0,0,0,0,0,0,0,0,0,3,52,0,0,0,2,3,55,1,1,2,1,0,0,1,51,1,1,1,24,0,0
17,170363,2,4,1,11,7,13,32,12,1,1,0,17,1,7,11,7011,4,1984,1B3BD26C1EC2,1,B,3,B,D,2,6,C,1,E,C,2,0,0,0,000000000,00000000000,0,0,0,1,0,0,0,0,0,0,0,30,0,0,0,6,6,2,12,0,0,0,1,17,60619,6,1,0,0,3,0,69,190,0,0,0,0,0,0,0,0,0,0,0,0,0,0,2,3,55,1,1,2,1,0,0,1,53,1,1,1,25,1,0
17,170363,3,4,2,11,7,13,32,12,1,1,0,17,1,22,20,22020,4,2004,2G2WS5427413,2,G,2,W,S,5,4,2,7,4,1,3,0,0,0,000000000,00000000000,0,0,0,1,0,0,0,0,0,0,0,998,0,0,0,99,2,5,12,0,0,0,1,17,60430,6,1,0,0,3,1,60,160,0,0,0,0,0,0,0,0,0,0,0,0,0,0,2,3,55,1,1,2,1,0,0,1,60,1,1,3,98,0,0
17,170363,4,4,1,11,7,13,32,12,1,1,0,17,1,55,33,55033,4,1999,KMHWF35V1XA1,K,M,H,W,F,3,5,V,1,X,A,1,0,0,0,000000000,00000000000,0,0,0,1,0,0,0,0,0,0,0,998,0,0,0,6,4,5,12,0,0,0,1,17,60443,6,1,0,0,3,1,62,145,0,0,0,0,0,0,0,0,0,0,0,0,0,0,2,3,55,1,1,2,1,0,0,1,53,1,1,1,98,0,0
17,170364,1,2,3,4,6,15,43,12,6,1,0,17,1,2,404,2404,14,1996,1J4GZ58S1TC2,1,J,4,G,Z,5,8,S,1,T,C,2,0,0,0,000000000,00000000000,0,0,0,1,0,0,0,0,0,0,0,998,0,0,0,10,6,2,12,0,0,0,1,17,61201,6,1,0,0,3,0,72,220,0,0,0,0,0,0,0,0,0,0,48,38,0,0,1,2,55,1,1,2,1,20,3,12,17,1,1,3,98,1,0
17,170364,2,2,1,4,6,15,43,12,6,1,0,17,2,86,881,86881,63,2011,1M2AX04C8BM0,1,M,2,A,X,0,4,C,8,B,M,0,0,0,57,1750062,571750062,3,2,4,1,0,0,0,0,0,0,0,998,0,0,0,1,6,2,12,0,0,0,1,17,62644,6,1,6,9,3,1,70,220,0,0,0,0,0,0,0,0,0,0,0,0,0,0,1,2,55,1,1,2,1,20,3,1,66,1,1,1,98,0,0
17,170365,1,1,1,11,7,16,15,33,0,1,0,17,1,20,37,20037,4,2009,1G1ZK57729F2,1,G,1,Z,K,5,7,7,2,9,F,2,0,0,0,000000000,00000000000,0,0,0,1,0,0,0,0,0,0,0,998,0,0,0,1,6,2,46,0,0,1,1,17,60441,6,1,0,0,3,0,68,165,0,0,0,0,0,0,0,0,0,4,0,0,0,0,1,2,35,2,1,1,1,1,3,14,9,1,2,4,2,1,0
17,170366,1,1,1,6,7,1,59,1,0,1,0,17,2,73,706,73706,80,2006,JKAZXCD136A0,J,K,A,Z,X,C,D,1,3,6,A,0,0,0,0,000000000,00000000000,0,0,0,1,0,0,0,0,0,0,0,998,0,0,0,0,6,2,1,0,0,0,1,17,61102,6,1,0,0,2,0,68,145,0,0,0,0,0,0,0,0,0,3,0,0,0,0,1,2,30,2,1,2,1,0,0,14,6,1,2,4,7,1,1
17,170367,1,2,3,23,4,0,45,12,6,1,0,17,1,22,441,22441,20,1999,1GMDU03E7XD1,1,G,M,D,U,0,3,E,7,X,D,1,0,0,0,000000000,00000000000,0,0,0,1,0,0,0,0,0,0,0,998,0,0,0,12,6,2,12,0,0,1,1,17,60617,6,1,0,0,3,0,75,285,0,0,0,0,0,0,0,0,0,3,0,0,0,0,1,2,30,1,1,2,1,2,3,1,17,1,1,1,86,1,0
17,170367,2,2,1,23,4,0,45,12,6,1,0,17,3,98,983,98983,51,2007,5FYD4FS1X7B0,5,F,Y,D,4,F,S,1,X,7,B,0,0,0,77,777777777,77777777777,3,21,22,1,0,0,0,0,4,3,0,998,0,0,0,5,6,2,12,0,0,0,1,17,60452,6,1,6,9,3,3,68,178,0,0,0,0,0,0,0,0,0,0,0,0,0,0,1,2,30,1,1,2,1,2,3,1,66,1,1,1,87,0,0
17,170368,1,2,1,20,7,9,13,12,2,1,0,17,1,20,404,20404,14,2013,1GNALPEK8DZ1,1,G,N,A,L,P,E,K,8,D,Z,1,0,0,0,000000000,00000000000,0,0,0,1,0,0,0,0,0,0,0,998,0,0,0,12,6,2,12,0,0,0,1,17,62320,6,1,0,0,3,0,70,180,0,0,0,0,0,0,0,0,0,0,28,0,0,0,1,2,55,1,1,2,1,0,0,1,10,1,1,2,50,0,0
17,170368,2,2,2,20,7,9,13,12,2,1,0,17,1,72,706,72706,80,2003,1HD1PGE183Y9,1,H,D,1,P,G,E,1,8,3,Y,9,0,0,0,000000000,00000000000,0,0,0,1,0,0,0,0,0,0,0,998,0,0,0,12,6,2,12,0,0,0,1,17,60415,6,1,0,0,3,0,74,200,0,0,0,0,0,0,0,0,0,0,0,0,0,0,1,2,55,1,1,2,1,0,0,1,62,1,1,1,51,1,0
17,170369,1,2,3,20,7,14,13,12,1,1,0,17,1,22,19,22019,2,2007,1G2AL15F1771,1,G,2,A,L,1,5,F,1,7,7,1,0,0,0,000000000,00000000000,0,0,0,1,0,0,0,0,0,0,0,56,0,0,0,6,6,2,12,0,0,0,1,17,60619,6,1,0,0,3,0,69,230,0,0,0,0,0,0,0,0,0,0,36,27,52,33,6,2,55,1,1,1,1,98,3,16,55,1,1,3,25,0,0
17,170369,2,2,1,20,7,14,13,12,1,1,0,17,1,53,706,53706,80,2009,JS1GT78AX921,J,S,1,G,T,7,8,A,X,9,2,1,0,0,0,000000000,00000000000,0,0,0,1,0,0,0,0,0,0,0,61,0,0,0,12,6,2,12,0,0,0,1,17,60644,6,1,0,0,3,0,65,165,0,0,0,0,0,0,0,0,0,0,0,0,0,0,6,2,55,1,1,1,1,98,3,1,55,1,1,3,24,1,0
17,170370,1,1,1,19,7,8,57,25,0,1,0,17,3,86,881,86881,64,2007,1M1AK06Y37N0,1,M,1,A,K,0,6,Y,3,7,N,0,0,0,57,01068518,5701068518,3,2,4,1,0,0,0,0,0,0,0,46,0,1,1,11,6,2,25,0,0,1,1,17,60636,6,1,6,9,3,0,71,195,0,0,0,0,0,0,0,0,0,9,99,99,99,99,3,3,55,1,1,2,1,0,0,1,11,1,1,4,1,1,0
17,170371,1,1,1,21,6,3,45,10,0,1,0,17,2,37,403,37403,14,2004,5J6YH18534L0,5,J,6,Y,H,1,8,5,3,4,L,0,0,0,0,000000000,00000000000,0,0,0,1,0,0,0,0,0,0,0,0,0,0,0,81,6,2,10,0,0,0,1,17,62895,6,1,0,0,3,0,72,200,0,0,0,0,0,0,0,0,0,0,39,0,0,0,1,2,55,1,2,9,1,65,3,5,91,1,9,9,15,1,1
17,170372,1,2,1,21,7,14,28,12,1,1,0,17,1,82,881,82881,66,1999,1FUYSXYB7XLA,1,F,U,Y,S,X,Y,B,7,X,L,A,1,1,57,673488,57673488,3,6,1,1,0,0,0,0,0,0,0,998,0,0,0,12,6,2,12,0,0,0,1,17,60561,6,1,6,9,3,0,73,230,0,0,0,0,0,0,0,0,0,0,26,6,0,0,2,2,55,1,5,2,1,0,0,1,51,1,1,1,24,1,1
17,170372,2,2,1,21,7,14,28,12,1,1,0,18,3,87,881,87881,66,2014,1XPBA49X7ED2,1,X,P,B,A,4,9,X,7,E,D,2,1,1,57,124260,57124260,3,6,1,1,0,0,0,0,0,0,0,998,0,0,0,6,6,2,12,0,0,0,1,17,62615,6,1,6,9,3,3,66,145,0,0,0,0,0,0,0,0,0,0,0,0,0,0,2,2,55,1,5,2,1,0,0,2,53,1,1,1,25,0,0
17,170373,1,5,1,21,7,14,15,12,1,1,0,18,1,82,881,82881,66,2004,1FUJAPCK84DM,1,F,U,J,A,P,C,K,8,4,D,M,1,1,57,2170514,572170514,3,6,3,1,0,0,0,0,0,0,0,65,0,0,0,12,6,2,12,0,0,1,1,18,46538,6,1,6,2,2,2,67,166,0,0,0,3,0,11,2011,11,2013,4,26,6,74,91,2,2,55,1,1,2,1,40,3,15,51,8,1,1,20,0,0
17,170373,2,5,3,21,7,14,15,12,1,1,0,17,1,63,37,63037,6,2012,KNDJT2A65C74,K,N,D,J,T,2,A,6,5,C,7,4,0,0,0,000000000,00000000000,0,0,0,1,0,0,0,0,0,0,0,0,0,1,1,6,6,2,12,0,0,1,1,17,61801,6,1,0,0,3,3,67,170,0,0,0,0,0,0,0,0,0,0,0,0,0,0,2,2,55,1,1,2,1,40,3,5,53,1,1,3,21,3,0
17,170373,3,5,4,21,7,14,15,12,1,1,0,17,2,20,441,20441,20,2000,1GBDM19W9YB1,1,G,B,D,M,1,9,W,9,Y,B,1,0,0,0,000000000,00000000000,0,0,0,1,0,0,0,0,0,0,0,0,0,0,0,6,6,2,12,0,0,1,1,17,60410,6,2,0,0,3,3,67,130,0,0,0,0,0,0,0,0,0,0,0,0,0,0,2,2,55,1,1,2,1,40,3,5,53,1,1,2,98,1,0
17,170373,4,5,1,21,7,14,15,12,1,1,0,17,1,7,26,7026,4,2008,1B3LD76MX8N6,1,B,3,L,D,7,6,M,X,8,N,6,0,0,0,000000000,00000000000,0,0,0,1,0,0,0,0,0,0,0,0,0,0,0,99,6,2,12,0,0,1,1,17,61801,6,1,6,0,3,0,67,175,0,0,0,0,0,0,0,0,0,0,0,0,0,0,2,2,55,1,1,2,1,40,3,5,53,1,1,2,98,1,0
17,170373,5,5,1,21,7,14,15,12,1,1,0,17,3,86,884,86884,66,2003,1M1AA18Y83W1,1,M,1,A,A,1,8,Y,8,3,W,1,1,1,57,1311046,571311046,3,6,7,1,0,0,0,0,0,0,0,0,0,0,0,61,6,2,12,0,0,1,1,17,60433,6,1,6,9,3,9,66,215,0,0,0,0,0,0,0,0,0,0,0,0,0,0,2,2,55,1,1,2,1,40,3,5,53,1,1,3,98,0,0
17,170374,1,2,1,23,7,5,50,54,11,1,0,17,2,20,421,20421,15,1997,1GNDT13W4V21,1,G,N,D,T,1,3,W,4,V,2,1,0,0,0,000000000,00000000000,0,0,0,1,0,0,0,0,0,0,0,998,0,0,0,18,6,2,54,0,0,0,1,18,46324,6,1,0,0,3,0,61,136,0,0,0,1,0,7,2012,7,2012,0,24,0,0,0,3,3,55,2,1,2,1,0,0,14,98,1,1,1,98,0,0
17,170374,2,2,1,23,7,5,50,54,11,1,0,18,1,35,50,35050,4,2011,3N1BC1CP3BL5,3,N,1,B,C,1,C,P,3,B,L,5,0,0,0,000000000,00000000000,0,0,0,1,0,0,0,0,0,0,0,998,0,0,0,13,6,2,54,0,0,0,1,18,46375,6,1,0,0,3,3,68,150,0,0,0,0,0,0,0,0,0,0,81,0,0,0,3,3,55,3,1,2,1,0,0,14,98,1,1,1,98,1,0