STATE,ST_CASE,VEH_NO,VE_FORMS,NUMOCCS,DAY,MONTH,HOUR,MINUTE,HARM_EV,MAN_COLL,UNITTYPE,HIT_RUN,REG_STAT,OWNER,MAKE,MODEL,MAK_MOD,BODY_TYP,MOD_YEAR,VIN,VIN_1,VIN_2,VIN_3,VIN_4,VIN_5,VIN_6,VIN_7,VIN_8,VIN_9,VIN_10,VIN_11,VIN_12,TOW_VEH,J_KNIFE,MCARR_I1,MCARR_I2,MCARR_ID,GVWR,V_CONFIG,CARGO_BT,HAZ_INV,HAZ_PLAC,HAZ_ID,HAZ_CNO,HAZ_REL,BUS_USE,SPEC_USE,EMER_USE,TRAV_SP,UNDERIDE,ROLLOVER,ROLINLOC,IMPACT1,DEFORMED,TOWED,M_HARM,VEH_SC1,VEH_SC2,FIRE_EXP,DR_PRES,L_STATE,DR_ZIP,L_STATUS,L_TYPE,CDL_STAT,L_ENDORS,L_COMPL,L_RESTRI,DR_HGT,DR_WGT,PREV_ACC,PREV_SUS,PREV_DWI,PREV_SPD,PREV_OTH,FIRST_MO,FIRST_YR,LAST_MO,LAST_YR,SPEEDREL,DR_SF1,DR_SF2,DR_SF3,DR_SF4,VTRAFWAY,VNUM_LAN,VSPD_LIM,VALIGN,VPROFILE,VPAVETYP,VSURCOND,VTRAFCON,VTCONT_F,P_CRASH1,P_CRASH2,P_CRASH3,PCRASH4,PCRASH5,ACC_TYPE,DEATHS,DR_DRINK
17,170375,1,1,1,29,3,4,55,30,0,1,0,17,2,49,32,49032,4,2007,1NXBR32E67Z7,1,N,X,B,R,3,2,E,6,7,Z,7,0,0,0,000000000,00000000000,0,0,0,1,0,0,0,0,0,0,0,998,0,0,0,12,6,2,30,0,0,0,1,17,60621,6,1,0,0,3,0,73,178,0,0,0,0,0,0,0,0,0,0,0,0,0,0,1,5,98,1,1,2,1,2,1,1,12,1,1,4,6,1,0
17,170376,1,2,2,14,3,0,51,12,6,1,0,17,2,12,461,12461,21,2005,1FTNS24W65HB,1,F,T,N,S,2,4,W,6,5,H,B,0,0,0,000000000,00000000000,0,0,0,1,0,0,0,0,0,0,0,998,0,0,0,12,6,2,12,0,0,0,1,17,60610,1,1,0,0,2,0,999,999,0,3,0,1,2,5,2012,11,2013,0,38,0,0,0,2,2,30,1,1,2,1,21,3,1,55,1,1,1,86,0,0
17,170376,2,2,1,14,3,0,51,12,6,1,0,17,1,59,34,59034,4,1999,JT8BD6853X00,J,T,8,B,D,6,8,5,3,X,0,0,0,0,0,000000000,00000000000,0,0,0,1,0,0,0,0,0,0,0,998,0,0,0,81,6,2,12,0,0,0,1,17,60652,6,1,0,0,3,0,71,165,0,0,0,0,0,0,0,0,0,0,0,0,0,0,2,2,30,1,1,2,1,21,3,1,17,1,1,1,87,1,0
17,170377,1,1,1,28,3,2,54,14,0,1,0,17,2,22,401,22401,14,2003,3G7DA03E23S5,3,G,7,D,A,0,3,E,2,3,S,5,0,0,0,000000000,00000000000,0,0,0,1,0,0,0,0,0,0,0,998,0,0,0,12,6,2,25,0,0,0,1,17,60621,3,1,0,0,2,0,71,150,0,0,0,0,0,0,0,0,0,3,36,39,0,0,1,2,25,1,2,2,2,0,0,1,14,1,2,4,14,1,1
17,170378,1,1,1,25,4,15,40,8,0,1,0,17,1,6,441,6441,20,2010,2A4RR8DX8AR3,2,A,4,R,R,8,D,X,8,A,R,3,0,0,0,000000000,00000000000,0,0,0,1,0,0,0,0,0,0,0,998,0,0,0,12,2,5,8,0,0,0,1,17,60620,6,1,0,0,3,0,67,320,0,0,0,0,0,0,0,0,0,0,0,0,0,0,1,2,25,1,1,2,1,0,0,1,80,1,1,1,13,0,0
17,170379,1,1,1,8,4,20,2,8,0,1,0,17,1,7,461,7461,21,2000,2B6HB11X0YK1,2,B,6,H,B,1,1,X,0,Y,K,1,0,0,0,000000000,00000000000,0,0,0,1,0,0,0,0,0,0,0,998,0,0,0,12,6,2,8,0,0,0,1,17,60624,0,0,0,0,0,0,71,270,0,0,0,0,0,0,0,0,0,0,0,0,0,0,1,2,98,1,1,2,1,0,0,1,80,1,1,1,13,0,0
17,170380,1,1,1,8,7,15,15,33,0,1,0,17,1,12,423,12423,16,2002,1FMNU40L72EA,1,F,M,N,U,4,0,L,7,2,E,A,0,0,0,000000000,00000000000,0,0,0,1,0,0,0,0,0,0,0,998,0,0,0,12,6,2,46,0,0,0,1,17,60631,6,1,0,0,3,1,66,207,0,0,0,0,0,0,0,0,0,3,0,0,0,0,4,2,30,1,1,2,1,1,2,1,12,1,1,4,6,1,0
17,170381,1,1,2,12,6,23,10,7,0,1,0,17,3,7,482,7482,40,2010,3D6WC6EL9AG1,3,D,6,W,C,6,E,L,9,A,G,1,5,1,99,999999999,99999999999,2,4,12,1,0,0,0,0,0,0,0,998,0,0,0,0,2,5,7,0,0,0,1,17,61103,6,1,6,0,3,1,73,215,0,0,0,1,0,9,2012,9,2012,0,0,0,0,0,1,2,30,1,1,2,1,0,0,1,98,1,1,1,0,1,0
17,170382,1,1,1,22,6,23,0,31,0,1,0,17,2,72,706,72706,80,2007,1HD1FL41X7Y6,1,H,D,1,F,L,4,1,X,7,Y,6,0,0,0,000000000,00000000000,0,0,0,1,0,0,0,0,0,0,0,998,0,0,0,99,6,2,42,0,0,0,1,17,60477,1,1,0,0,2,2,70,180,0,0,0,0,0,0,0,0,0,3,36,74,0,0,6,1,35,2,1,2,1,0,0,14,6,1,1,4,6,1,1
17,170383,1,2,1,25,7,14,6,12,1,1,0,17,1,18,2,18002,4,2005,1G4HR54K35U1,1,G,4,H,R,5,4,K,3,5,U,1,0,0,0,000000000,00000000000,0,0,0,1,0,0,0,0,0,0,0,998,0,0,0,12,6,2,24,0,0,0,1,17,61938,6,1,0,0,3,0,69,230,0,0,0,0,0,0,0,0,0,0,26,0,0,0,2,2,45,1,1,2,1,0,0,1,51,1,1,1,24,1,0
17,170383,2,2,1,25,7,14,6,12,1,1,0,17,1,20,37,20037,4,2009,1G1ZG57BX9F1,1,G,1,Z,G,5,7,B,X,9,F,1,0,0,0,000000000,00000000000,0,0,0,1,0,0,0,0,0,0,0,998,0,0,0,6,6,2,12,0,0,0,1,17,61822,6,1,6,0,3,1,66,140,0,0,0,0,0,0,0,0,0,0,0,0,0,0,2,2,45,1,1,2,1,0,0,1,53,1,1,1,25,0,0
17,170384,1,1,1,19,7,12,43,34,0,1,0,29,1,7,482,7482,31,2006,3D7KR29C26G2,3,D,7,K,R,2,9,C,2,6,G,2,0,0,0,000000000,00000000000,0,0,0,1,0,0,0,0,0,0,0,998,0,0,0,12,6,2,34,0,0,0,1,29,63125,6,1,0,0,3,1,77,340,0,0,0,0,0,0,0,0,0,9,0,0,0,0,1,2,55,3,1,2,1,0,0,14,13,1,1,4,1,1,0
17,170385,1,1,1,20,4,21,42,8,0,1,0,40,4,12,37,12037,4,2013,1FADP3K25DL2,1,F,A,D,P,3,K,2,5,D,L,2,0,0,0,000000000,00000000000,0,0,0,1,0,0,0,0,0,0,0,998,0,0,0,11,6,2,8,0,0,0,1,99,99999,9,9,99,9,9,9,999,999,99,99,99,99,99,99,9999,99,9999,0,0,0,0,0,1,2,98,1,1,1,1,0,0,1,80,1,1,3,13,0,0
17,170386,1,1,1,23,5,18,30,8,0,1,0,17,1,49,482,49482,31,2008,5TFDV58138X0,5,T,F,D,V,5,8,1,3,8,X,0,0,0,0,000000000,00000000000,0,0,0,1,0,0,0,0,0,0,0,998,0,0,0,6,2,5,8,0,0,0,1,17,60647,6,1,0,0,3,0,68,185,0,0,0,0,0,0,0,0,0,0,31,0,0,0,4,1,20,1,1,2,1,28,3,13,80,1,1,1,92,0,0
17,170387,1,2,1,5,4,8,57,12,6,1,0,17,3,12,461,12461,21,2013,NM0LS7BN4DT1,N,M,0,L,S,7,B,N,4,D,T,1,0,0,0,000000000,00000000000,0,0,0,1,0,0,0,0,0,0,0,998,0,0,0,12,6,2,12,0,0,0,1,17,62650,6,1,0,0,3,0,71,216,0,0,0,0,0,0,0,0,0,0,38,0,0,0,1,3,55,2,1,2,1,0,0,11,15,1,1,1,68,0,0
17,170387,2,2,2,5,4,8,57,12,6,1,0,17,2,55,33,55033,4,2014,5NPEB4AC1EH8,5,N,P,E,B,4,A,C,1,E,H,8,0,0,0,000000000,00000000000,0,0,0,1,0,0,0,0,0,0,0,998,0,0,0,1,6,2,12,0,0,0,1,17,62627,6,1,0,0,3,0,71,175,0,0,0,0,0,0,0,0,0,0,0,0,0,0,1,3,55,3,1,2,1,0,0,14,62,7,1,1,69,1,0
17,170388,1,2,1,2,5,1,50,12,2,1,0,17,1,48,403,48403,14,2014,JF2GPACCXE92,J,F,2,G,P,A,C,C,X,E,9,2,0,0,0,000000000,00000000000,0,0,0,1,0,0,0,0,0,0,0,998,0,0,0,12,6,2,12,0,0,0,1,17,60657,6,1,0,0,3,0,74,180,0,0,0,0,0,0,0,0,0,0,50,0,0,0,3,4,40,2,2,2,1,0,0,14,54,1,1,1,50,0,1
17,170388,2,2,3,2,5,1,50,12,2,1,0,17,3,49,46,49046,4,2013,JTDKN3DU8D55,J,T,D,K,N,3,D,U,8,D,5,5,0,0,0,000000000,00000000000,0,0,0,1,0,0,0,0,0,1,0,998,0,0,0,12,6,2,12,0,0,0,1,17,60477,6,1,0,0,3,0,70,267,0,0,0,0,0,0,0,0,0,0,0,0,0,0,3,4,40,2,2,2,1,0,0,14,54,1,1,1,51,1,0
17,170389,1,1,2,21,5,18,35,9,0,1,0,17,2,49,32,49032,4,2010,2T1BU4EEXAC2,2,T,1,B,U,4,E,E,X,A,C,2,0,0,0,000000000,00000000000,0,0,0,1,0,0,0,0,0,0,0,15,0,0,0,12,2,5,9,0,0,0,1,17,62901,6,1,0,0,3,0,66,135,0,0,0,1,0,1,2013,1,2013,0,0,0,0,0,1,2,98,1,1,2,1,0,0,1,81,2,1,1,13,0,0
17,170390,1,1,1,29,5,16,23,19,0,1,0,17,1,37,31,37031,2,1991,2HGED6455MH5,2,H,G,E,D,6,4,5,5,M,H,5,0,0,0,000000000,00000000000,0,0,0,1,0,0,0,0,0,0,0,998,0,0,0,12,6,2,19,0,0,0,1,17,60646,6,1,0,0,3,0,63,125,0,0,0,0,0,0,0,0,0,4,0,0,0,0,1,2,98,1,1,2,1,0,0,1,13,1,2,4,2,1,0
17,170391,1,1,1,1,6,22,30,9,0,1,1,17,1,37,32,37032,2,2000,1HGCG324XYA0,1,H,G,C,G,3,2,4,X,Y,A,0,0,0,0,000000000,00000000000,0,0,0,1,0,0,0,0,0,0,0,65,0,0,0,12,2,5,9,0,0,0,1,99,99999,9,9,99,9,9,9,999,999,99,99,99,99,99,99,9999,99,9999,3,99,99,99,99,1,2,35,1,1,2,1,0,0,1,83,1,1,3,13,0,0
17,170392,1,2,1,1,6,6,10,12,6,1,0,17,1,30,421,30421,15,2004,WVGCM77L94D0,W,V,G,C,M,7,7,L,9,4,D,0,0,0,0,000000000,00000000000,0,0,0,1,0,0,0,0,0,0,0,998,0,1,1,12,6,2,12,0,0,0,1,17,60652,6,8,0,0,3,0,66,142,0,0,0,0,0,0,0,0,0,0,39,0,0,0,1,4,30,1,1,2,1,2,3,1,17,1,1,1,88,0,1
17,170392,2,2,2,1,6,6,10,12,6,1,0,17,2,49,40,49040,4,1993,JT2SK12E4P01,J,T,2,S,K,1,2,E,4,P,0,1,0,0,0,000000000,00000000000,0,0,0,1,0,0,0,0,0,0,0,998,0,0,0,11,6,2,12,0,0,0,1,17,60642,6,2,0,0,3,1,68,204,0,0,0,0,0,0,0,0,0,0,0,0,0,0,4,2,30,1,6,2,1,2,3,1,55,1,1,1,89,0,0
17,170393,1,1,1,7,6,4,0,34,0,1,0,17,2,49,40,49040,4,1998,JT2BG22K5W02,J,T,2,B,G,2,2,K,5,W,0,2,0,0,0,000000000,00000000000,0,0,0,1,0,0,0,0,0,0,0,998,0,1,2,12,6,2,1,0,0,1,1,17,61517,6,1,0,0,3,0,70,154,0,0,0,1,0,4,2014,4,2014,3,36,0,0,0,1,2,55,1,1,2,1,0,0,1,6,1,2,4,2,1,1
17,170394,1,1,5,12,6,3,10,39,0,1,0,17,1,34,34,34034,4,2011,WBAPK7C54BA9,W,B,A,P,K,7,C,5,4,B,A,9,0,0,0,000000000,00000000000,0,0,0,1,0,0,0,0,0,0,0,998,0,0,0,12,6,2,39,0,0,0,1,17,60639,6,1,0,0,3,3,63,115,0,0,0,0,1,7,2013,7,2013,3,36,0,0,0,1,2,98,1,3,2,1,0,0,1,13,1,2,4,2,4,1
17,170395,1,1,1,14,6,0,45,8,0,1,0,17,1,35,50,35050,4,2013,3N1CN7APXDL8,3,N,1,C,N,7,A,P,X,D,L,8,0,0,0,000000000,00000000000,0,0,0,1,0,0,0,0,0,0,0,998,0,0,0,1,6,2,8,0,0,0,1,17,60618,6,1,0,0,3,0,66,180,0,0,0,0,0,0,0,0,0,0,0,0,0,0,1,2,30,1,1,2,1,0,0,1,80,1,1,1,13,0,0
17,170396,1,1,1,18,6,23,18,8,0,1,0,17,2,55,402,55402,14,2009,KM8JM12B29U0,K,M,8,J,M,1,2,B,2,9,U,0,0,0,0,000000000,00000000000,0,0,0,1,0,0,0,0,0,0,0,998,0,0,0,12,6,2,8,0,0,0,1,17,60466,1,1,0,0,2,1,75,240,0,0,0,0,0,0,0,0,0,0,0,0,0,0,2,2,45,1,1,2,1,0,0,1,83,8,1,2,13,0,0
17,170397,1,1,4,11,4,21,45,33,0,1,0,17,2,6,52,6052,6,2004,3C4FY48B64T3,3,C,4,F,Y,4,8,B,6,4,T,3,0,0,0,000000000,00000000000,0,0,0,1,0,0,0,0,0,0,0,998,0,0,0,12,6,2,30,0,0,0,1,17,60171,1,1,0,0,2,0,66,220,0,3,0,0,3,11,2011,12,2013,3,36,0,0,0,1,2,30,1,1,2,1,0,0,1,13,1,1,4,1,1,1
17,170398,1,1,1,10,5,7,40,33,0,1,0,17,1,53,705,53705,80,2000,JS1GN78A0Y21,J,S,1,G,N,7,8,A,0,Y,2,1,0,0,0,000000000,00000000000,0,0,0,1,0,0,0,0,0,0,0,69,0,0,0,99,6,2,33,0,0,0,1,17,60647,1,1,0,0,2,3,70,150,0,1,0,0,0,2,2014,2,2014,3,36,0,0,0,2,2,30,1,1,2,1,0,0,1,6,4,2,4,2,1,1
17,170399,1,1,1,26,5,15,15,8,0,1,0,17,3,98,983,98983,52,2012,5FYH5YU12CB0,5,F,Y,H,5,Y,U,1,2,C,B,0,0,0,77,777777777,77777777777,3,21,22,1,0,0,0,0,6,3,0,998,0,0,0,3,2,5,8,0,0,0,1,17,60680,6,1,6,9,3,1,65,200,0,0,0,0,0,0,0,0,0,0,0,0,0,0,1,2,30,1,1,2,1,0,0,1,80,6,1,2,13,0,0
17,170400,1,1,1,19,5,0,36,33,0,1,0,17,1,76,706,76706,80,2009,JYARN23E99A0,J,Y,A,R,N,2,3,E,9,9,A,0,0,0,0,000000000,00000000000,0,0,0,1,0,0,0,0,0,0,0,998,0,0,0,99,6,2,33,0,0,0,1,17,60640,6,1,6,0,2,0,71,140,0,0,0,0,0,0,0,0,0,3,36,0,0,0,1,2,30,3,1,2,1,2,3,14,6,1,2,4,7,1,0
17,170401,1,1,1,29,5,17,35,9,0,1,1,17,3,23,470,23470,28,2012,1GTW7FBA6C11,1,G,T,W,7,F,B,A,6,C,1,1,0,0,0,000000000,00000000000,0,0,0,1,0,0,0,0,0,0,0,998,0,0,0,12,9,5,9,99,99,0,1,99,99999,9,9,99,9,9,9,999,999,99,99,99,99,99,99,9999,99,9999,9,0,0,0,0,1,2,25,1,1,2,1,20,3,11,80,1,1,1,13,0,0
17,170402,1,2,1,30,6,0,39,12,1,1,0,17,2,20,2,20002,4,2005,2G1WF52E5591,2,G,1,W,F,5,2,E,5,5,9,1,0,0,0,000000000,00000000000,0,0,0,1,0,0,0,0,0,0,0,998,0,0,0,12,6,2,12,0,0,0,1,17,61102,6,1,0,0,3,0,63,141,0,0,0,1,2,6,2012,2,2014,0,6,0,0,0,1,2,45,1,1,2,2,1,3,1,51,1,1,1,24,1,1
17,170402,2,2,1,30,6,0,39,12,1,1,0,17,3,84,881,84881,66,2000,2HSFMAXR3YC0,2,H,S,F,M,A,X,R,3,Y,C,0,1,1,57,076375,57076375,3,6,1,1,0,0,0,0,0,0,0,998,0,0,0,6,2,5,12,0,0,0,1,17,60187,6,1,6,1,3,1,71,190,0,0,0,0,0,0,0,0,0,0,0,0,0,0,1,2,45,1,1,2,2,1,3,4,53,1,1,1,25,0,0
17,170403,1,1,1,27,6,13,51,11,0,1,0,17,1,72,706,72706,80,2013,1HD1KHM10DB6,1,H,D,1,K,H,M,1,0,D,B,6,0,0,0,000000000,00000000000,0,0,0,1,0,0,0,0,0,0,0,998,0,0,0,12,6,2,11,0,0,0,1,17,62353,6,1,0,0,3,0,67,240,0,0,0,0,0,0,0,0,0,0,0,0,0,0,1,2,55,1,1,2,1,0,0,1,87,1,2,1,13,1,0
17,170404,1,1,1,7,6,15,9,33,0,1,0,17,1,72,706,72706,80,2008,1HD1FR4178Y6,1,H,D,1,F,R,4,1,7,8,Y,6,0,0,0,000000000,00000000000,0,0,0,1,0,0,0,0,0,0,0,998,0,0,0,61,6,2,33,0,0,0,1,55,54914,6,1,0,0,3,3,64,125,0,0,0,1,1,2,2012,10,2012,0,0,0,0,0,2,2,45,1,1,2,1,0,0,1,9,1,1,4,6,1,0
17,170405,1,1,1,28,6,6,12,33,0,1,0,17,1,37,705,37705,80,2013,MLHPC4417D50,M,L,H,P,C,4,4,1,7,D,5,0,0,0,0,000000000,00000000000,0,0,0,1,0,0,0,0,0,0,0,998,0,0,0,12,6,2,1,0,0,0,1,17,60115,6,1,0,0,3,3,75,194,0,0,0,2,1,7,2012,12,2012,0,27,36,0,0,1,4,35,1,2,2,1,0,0,6,6,12,2,4,2,1,0
17,170406,1,2,1,23,6,13,33,12,2,1,0,17,1,7,442,7442,20,2006,1D4GP45R16B5,1,D,4,G,P,4,5,R,1,6,B,5,0,0,0,000000000,00000000000,0,0,0,1,0,0,0,0,0,0,0,998,0,0,0,12,6,2,12,0,0,0,1,17,62264,6,1,0,0,3,0,66,160,0,0,0,0,0,0,0,0,0,0,28,79,0,0,1,2,55,1,1,2,2,0,0,1,10,1,2,2,50,1,0
17,170406,2,2,1,23,6,13,33,12,2,1,0,17,1,7,422,7422,15,2005,1D4HB58D65F5,1,D,4,H,B,5,8,D,6,5,F,5,0,0,0,000000000,00000000000,0,0,0,1,0,0,0,0,0,0,0,998,0,0,0,12,6,2,12,0,0,0,1,17,62286,6,1,0,0,3,0,68,210,0,0,0,0,0,0,0,0,0,0,0,0,0,0,1,2,55,1,1,2,2,0,0,1,54,1,1,1,51,0,0
17,170407,1,1,1,3,7,10,0,9,0,1,0,17,3,85,881,85881,64,2007,1NKWL00X97J1,1,N,K,W,L,0,0,X,9,7,J,1,0,0,99,999999999,99999999999,3,2,5,1,0,0,0,0,0,0,0,998,0,0,0,3,2,5,9,0,0,0,1,17,60153,6,1,6,0,3,0,66,200,0,0,0,0,0,0,0,0,0,0,0,0,0,0,1,2,30,1,1,2,1,2,3,10,83,1,1,3,13,0,0
17,170408,1,1,1,8,7,7,22,9,0,1,0,17,1,12,481,12481,31,1996,1FTEF15Y1TLB,1,F,T,E,F,1,5,Y,1,T,L,B,0,0,0,000000000,00000000000,0,0,0,1,0,0,0,0,0,0,0,998,0,0,0,12,2,5,9,0,0,0,1,17,62812,6,1,0,0,3,3,73,195,0,0,0,0,0,0,0,0,0,0,39,0,0,0,1,3,40,1,1,2,1,1,3,1,80,1,1,1,13,0,0
17,170409,1,2,1,11,7,19,7,12,6,1,0,17,1,20,481,20481,31,2004,2GCEK19T4412,2,G,C,E,K,1,9,T,4,4,1,2,0,0,0,000000000,00000000000,0,0,0,1,0,0,0,0,0,0,0,998,0,0,0,1,2,5,12,0,0,0,1,17,60435,6,1,0,0,3,3,63,160,0,0,0,0,0,0,0,0,0,0,38,0,0,0,1,5,30,1,1,2,1,2,3,11,15,1,1,1,68,0,0
17,170409,2,2,1,11,7,19,7,12,6,1,0,17,1,53,705,53705,80,2005,JS1GR7JA4521,J,S,1,G,R,7,J,A,4,5,2,1,0,0,0,000000000,00000000000,0,0,0,1,0,0,0,0,0,0,0,998,0,0,0,12,6,2,12,0,0,0,1,17,60435,0,0,0,0,0,0,67,210,0,0,0,0,0,0,0,0,0,0,0,0,0,0,1,5,30,1,1,2,1,2,3,1,62,1,1,1,69,1,0
17,170410,1,1,1,16,7,12,0,34,0,1,0,17,1,37,32,37032,2,2000,1HGCG2253YA0,1,H,G,C,G,2,2,5,3,Y,A,0,0,0,0,000000000,00000000000,0,0,0,1,0,0,0,0,0,0,0,999,0,1,6,12,6,2,1,0,0,0,1,17,60942,6,1,0,0,3,1,66,141,0,0,0,0,0,0,0,0,0,0,0,0,0,0,1,2,55,1,1,2,1,0,0,1,9,1,2,4,2,1,0
17,170411,1,2,1,17,7,0,18,12,2,1,0,17,2,12,481,12481,31,2003,2FTRF17233CA,2,F,T,R,F,1,7,2,3,3,C,A,0,0,0,000000000,00000000000,0,0,0,1,0,0,0,0,0,0,0,998,0,0,0,12,6,2,12,0,0,0,1,17,60140,6,1,0,0,3,0,66,130,0,0,0,0,0,0,0,0,0,0,28,0,0,0,1,2,55,3,1,2,1,0,0,14,10,1,1,2,50,1,0
17,170411,2,2,1,17,7,0,18,12,2,1,0,39,1,12,461,12461,21,2013,1FTNS2EW4DDA,1,F,T,N,S,2,E,W,4,D,D,A,0,0,0,000000000,00000000000,0,0,0,1,0,0,0,0,0,0,0,998,0,0,0,12,6,2,12,0,0,0,1,39,45148,6,1,6,0,3,0,69,242,0,0,0,0,0,0,0,0,0,0,0,0,0,0,1,2,55,2,1,2,1,0,0,14,62,1,1,1,51,0,0
17,170412,1,2,1,20,7,9,27,12,6,1,0,17,1,72,706,72706,80,2011,1HD1LH320BC4,1,H,D,1,L,H,3,2,0,B,C,4,0,0,0,000000000,00000000000,0,0,0,1,0,0,0,0,0,0,0,998,0,0,0,12,6,2,12,0,0,0,1,17,60020,6,1,0,0,3,3,72,230,1,0,0,0,0,5,2012,5,2012,0,0,0,0,0,1,2,55,1,1,2,1,0,0,1,52,6,2,2,73,1,0
17,170412,2,2,2,20,7,9,27,12,6,1,0,17,2,7,442,7442,20,1994,1B4GH54R4RX3,1,B,4,G,H,5,4,R,4,R,X,3,0,0,0,000000000,00000000000,0,0,0,1,0,0,0,0,0,0,0,998,0,0,0,63,2,5,12,0,0,0,1,17,60081,6,1,3,2,3,0,69,240,0,0,0,0,2,1,2013,4,2014,0,0,0,0,0,1,2,55,1,1,2,1,0,0,11,15,1,1,1,72,0,0
17,170413,1,2,1,24,7,20,32,12,6,1,0,17,1,73,705,73705,80,1998,JKAZX4G12WA0,J,K,A,Z,X,4,G,1,2,W,A,0,0,0,0,000000000,00000000000,0,0,0,1,0,0,0,0,0,0,0,93,0,0,0,12,6,2,12,0,0,1,1,17,61021,6,1,0,0,3,0,65,150,0,0,0,0,0,0,0,0,0,3,36,52,0,0,2,2,65,1,2,2,1,0,0,6,66,3,2,1,88,1,1
17,170413,2,2,2,24,7,20,32,12,6,1,0,17,3,82,884,82884,66,2007,1FVHAWCK87LX,1,F,V,H,A,W,C,K,8,7,L,X,1,1,57,177022,57177022,3,6,1,1,0,0,0,0,0,0,0,998,0,0,0,7,6,2,12,0,0,1,1,17,61032,6,1,6,0,3,3,77,220,0,0,0,1,0,12,2011,12,2011,0,0,0,0,0,1,2,55,1,1,2,1,21,3,4,17,1,1,1,89,0,0
17,170414,1,1,4,26,7,19,53,33,0,1,0,17,2,22,9,22009,2,1996,2G2FS22K7T22,2,G,2,F,S,2,2,K,7,T,2,2,0,0,0,000000000,00000000000,0,0,0,1,0,0,0,0,0,0,0,998,0,0,0,7,6,2,42,0,0,0,1,17,62526,1,1,0,0,2,0,69,150,0,2,0,0,1,12,2012,3,2014,0,36,0,0,0,1,2,30,1,1,2,2,0,0,1,6,1,5,4,2,1,1
17,170415,1,3,1,30,6,21,30,12,6,1,0,41,1,22,9,22009,3,1999,2G2FV22G5X22,2,G,2,F,V,2,2,G,5,X,2,2,0,0,0,000000000,00000000000,0,0,0,1,0,0,0,0,0,0,0,133,0,1,2,12,6,2,12,0,0,1,1,41,62901,6,1,0,0,3,3,68,150,0,0,0,0,0,0,0,0,0,2,36,0,0,0,2,5,55,1,1,2,1,0,0,1,66,1,1,1,69,1,0
17,170415,2,3,1,30,6,21,30,12,6,1,0,17,1,45,31,45031,2,2006,WP0AB29976S7,W,P,0,A,B,2,9,9,7,6,S,7,0,0,0,000000000,00000000000,0,0,0,1,0,0,0,0,0,0,0,112,0,1,6,11,6,2,3,0,0,0,1,17,62901,6,1,0,0,3,3,68,210,0,0,0,0,0,0,0,0,0,2,36,81,0,0,2,5,55,1,1,2,1,0,0,2,6,3,2,4,98,1,0
17,170415,3,3,2,30,6,21,30,12,6,1,0,54,1,49,50,49050,3,2007,JTKDE1776701,J,T,K,D,E,1,7,7,6,7,0,1,0,0,0,000000000,00000000000,0,0,0,1,0,0,0,0,0,0,0,998,0,0,0,1,6,2,12,0,0,0,1,17,62959,6,1,0,0,3,0,63,180,0,0,0,0,0,0,0,0,0,0,0,0,0,0,2,5,55,1,1,2,1,28,3,11,15,3,1,1,68,1,0
17,170416,1,2,1,25,7,7,43,12,1,1,0,17,1,73,705,73705,80,2007,JKAKLEA137DA,J,K,A,K,L,E,A,1,3,7,D,A,0,0,0,000000000,00000000000,0,0,0,1,0,0,0,0,0,0,0,998,0,0,0,6,6,2,12,0,0,0,1,17,62922,6,1,0,0,3,0,66,180,0,0,0,0,0,0,0,0,0,0,27,0,0,0,1,4,65,1,1,2,1,0,0,15,18,1,1,2,47,1,1
17,170416,2,2,1,25,7,7,43,12,1,1,0,17,1,48,401,48401,14,2010,JF2SH6DC0AH7,J,F,2,S,H,6,D,C,0,A,H,7,0,0,0,000000000,00000000000,0,0,0,1,0,0,0,0,0,0,0,998,0,0,0,12,6,2,12,0,0,0,1,17,62946,6,1,6,0,3,1,60,125,0,0,0,0,0,0,0,0,0,0,27,0,0,0,1,4,65,1,1,2,1,0,0,15,51,1,1,2,45,0,0
17,170417,1,1,3,26,7,19,50,8,0,1,0,17,1,37,32,37032,4,2004,1HGCM66564A0,1,H,G,C,M,6,6,5,6,4,A,0,0,0,0,000000000,00000000000,0,0,0,1,0,0,0,0,0,0,0,998,0,0,0,12,2,5,8,0,0,0,1,17,60402,6,1,0,0,3,0,60,130,0,0,0,0,0,0,0,0,0,0,86,0,0,0,3,5,55,1,1,2,1,0,0,1,80,1,1,1,13,0,0
17,170418,1,2,1,16,6,9,0,12,1,1,0,17,1,7,41,7041,4,2000,2B3HD46R0YH1,2,B,3,H,D,4,6,R,0,Y,H,1,0,0,0,000000000,00000000000,0,0,0,1,0,0,0,0,0,0,0,998,0,0,0,12,6,2,12,0,0,0,1,17,62230,6,1,0,0,3,1,69,130,0,0,0,0,0,0,0,0,0,0,0,0,0,0,1,2,45,1,1,2,2,0,0,1,51,1,1,1,24,1,0
17,170418,2,2,1,16,6,9,0,12,1,1,0,17,3,84,881,84881,66,2007,2HSCEAHRX7C4,2,H,S,C,E,A,H,R,X,7,C,4,1,1,57,423413,57423413,3,6,97,1,0,0,0,0,0,0,0,998,0,0,0,6,4,5,12,0,0,0,1,17,62246,6,1,6,0,3,0,74,230,0,0,0,0,0,0,0,0,0,0,0,0,0,0,1,2,45,1,1,2,2,0,0,2,53,1,1,1,25,0,0
17,170419,1,2,2,10,4,19,14,12,6,1,0,17,2,30,46,30046,4,2009,WVWGU73C99E5,W,V,W,G,U,7,3,C,9,9,E,5,0,0,0,000000000,00000000000,0,0,0,1,0,0,0,0,0,0,0,70,0,0,0,12,6,2,12,0,0,0,1,17,60628,1,1,0,0,2,0,76,170,0,4,0,1,0,6,2011,6,2013,3,36,37,39,89,1,2,30,1,1,2,1,2,3,1,17,1,1,1,88,2,0