STATE,ST_CASE,VEH_NO,VE_FORMS,NUMOCCS,DAY,MONTH,HOUR,MINUTE,HARM_EV,MAN_COLL,UNITTYPE,HIT_RUN,REG_STAT,OWNER,MAKE,MODEL,MAK_MOD,BODY_TYP,MOD_YEAR,VIN,VIN_1,VIN_2,VIN_3,VIN_4,VIN_5,VIN_6,VIN_7,VIN_8,VIN_9,VIN_10,VIN_11,VIN_12,TOW_VEH,J_KNIFE,MCARR_I1,MCARR_I2,MCARR_ID,GVWR,V_CONFIG,CARGO_BT,HAZ_INV,HAZ_PLAC,HAZ_ID,HAZ_CNO,HAZ_REL,BUS_USE,SPEC_USE,EMER_USE,TRAV_SP,UNDERIDE,ROLLOVER,ROLINLOC,IMPACT1,DEFORMED,TOWED,M_HARM,VEH_SC1,VEH_SC2,FIRE_EXP,DR_PRES,L_STATE,DR_ZIP,L_STATUS,L_TYPE,CDL_STAT,L_ENDORS,L_COMPL,L_RESTRI,DR_HGT,DR_WGT,PREV_ACC,PREV_SUS,PREV_DWI,PREV_SPD,PREV_OTH,FIRST_MO,FIRST_YR,LAST_MO,LAST_YR,SPEEDREL,DR_SF1,DR_SF2,DR_SF3,DR_SF4,VTRAFWAY,VNUM_LAN,VSPD_LIM,VALIGN,VPROFILE,VPAVETYP,VSURCOND,VTRAFCON,VTCONT_F,P_CRASH1,P_CRASH2,P_CRASH3,PCRASH4,PCRASH5,ACC_TYPE,DEATHS,DR_DRINK
17,170503,1,2,1,30,8,0,45,12,7,1,0,17,1,37,31,37031,2,1995,2HGEJ2222SH5,2,H,G,E,J,2,2,2,2,S,H,5,0,0,0,000000000,00000000000,0,0,0,1,0,0,0,0,0,0,0,58,0,0,0,11,6,2,30,0,0,0,1,17,60626,6,1,0,0,3,0,69,180,0,0,0,0,0,0,0,0,0,5,28,0,0,0,3,3,55,1,1,2,1,0,0,1,9,1,2,2,45,1,0
17,170503,2,2,3,30,8,0,45,12,7,1,0,17,3,12,461,12461,21,1999,1FDWE37L2XHA,1,F,D,W,E,3,7,L,2,X,H,A,0,0,0,000000000,00000000000,0,0,0,1,0,0,0,0,0,0,0,998,0,0,0,3,2,5,12,0,0,0,1,17,60051,6,1,0,0,3,0,71,200,0,1,0,2,1,10,2011,3,2013,0,0,0,0,0,3,3,55,1,1,2,1,0,0,1,61,1,1,1,44,0,0
17,170504,1,3,5,1,9,16,8,12,7,1,0,17,1,22,403,22403,14,2006,2CKDL63F3660,2,C,K,D,L,6,3,F,3,6,6,0,0,0,0,000000000,00000000000,0,0,0,1,0,0,0,0,0,0,0,998,0,1,1,62,6,2,1,0,0,0,1,17,60106,6,1,0,0,3,0,60,153,0,0,0,0,0,0,0,0,0,0,52,28,0,0,2,3,65,1,1,2,1,0,0,1,10,1,4,2,45,0,0
17,170504,2,3,1,1,9,16,8,12,7,1,0,17,2,20,481,20481,31,1998,2GCEK19R4W11,2,G,C,E,K,1,9,R,4,W,1,1,0,0,0,000000000,00000000000,0,0,0,1,0,0,0,0,0,0,0,998,0,1,3,82,6,2,12,0,0,0,1,17,62221,6,1,0,0,3,1,65,190,0,0,0,0,0,0,0,0,0,0,0,0,0,0,2,3,65,1,1,2,1,0,0,1,60,1,2,2,44,0,0
17,170504,3,3,2,1,9,16,8,12,7,1,0,29,1,20,2,20002,4,2008,2G1WB58K3892,2,G,1,W,B,5,8,K,3,8,9,2,0,0,0,000000000,00000000000,0,0,0,1,0,0,0,0,0,0,0,75,0,0,0,12,6,2,12,0,0,0,1,29,63129,6,1,0,0,3,0,69,180,0,0,0,0,0,0,0,0,0,0,0,0,0,0,2,3,65,1,1,2,1,0,0,1,62,1,1,1,98,2,0
17,170505,1,2,1,2,9,21,27,12,2,1,0,17,1,35,43,35043,4,2011,3N1AB6AP9BL6,3,N,1,A,B,6,A,P,9,B,L,6,0,0,0,000000000,00000000000,0,0,0,1,0,0,0,0,0,0,0,998,0,0,0,12,6,2,12,0,0,0,1,17,60504,6,1,0,0,3,3,66,150,0,0,0,0,0,0,0,0,0,0,38,0,0,0,1,3,40,1,1,2,1,1,3,11,15,1,1,1,68,0,0
17,170505,2,2,2,2,9,21,27,12,2,1,0,17,1,76,705,76705,80,2005,JYARJ06E45A0,J,Y,A,R,J,0,6,E,4,5,A,0,0,0,0,000000000,00000000000,0,0,0,1,0,0,0,0,0,0,0,32,0,0,0,12,6,2,12,0,0,0,1,17,60505,1,1,0,0,2,0,71,200,0,2,0,2,4,3,2012,6,2014,3,36,0,0,0,1,3,40,1,1,2,1,1,3,1,62,1,1,1,69,1,1
17,170506,1,3,1,4,9,21,10,12,6,1,0,17,2,20,2,20002,4,2002,2G1WF52E9292,2,G,1,W,F,5,2,E,9,2,9,2,0,0,0,000000000,00000000000,0,0,0,1,0,0,0,0,0,0,0,998,0,0,0,9,6,2,12,0,0,0,1,17,60450,6,1,0,0,3,0,67,111,0,0,0,0,1,3,2014,3,2014,0,38,39,0,0,1,2,55,1,1,2,1,20,3,3,17,1,1,1,89,1,1
17,170506,2,3,1,4,9,21,10,12,6,1,0,18,3,82,898,82898,63,2012,1FUJGHDV1CLB,1,F,U,J,G,H,D,V,1,C,L,B,1,1,57,85840,5785840,3,4,1,1,0,0,0,0,0,0,0,998,0,0,0,12,6,2,12,0,0,0,1,29,63123,6,1,6,1,3,0,73,325,0,0,0,1,0,12,2012,12,2012,0,0,0,0,0,1,2,55,1,1,2,1,0,0,1,66,4,1,1,88,0,0
17,170506,3,3,1,4,9,21,10,12,6,1,0,17,1,12,37,12037,4,2013,1FADP3F24DL3,1,F,A,D,P,3,F,2,4,D,L,3,0,0,0,000000000,00000000000,0,0,0,1,0,0,0,0,0,0,0,0,0,0,0,63,2,5,54,0,0,0,1,17,60481,6,1,0,0,3,0,61,150,0,0,0,1,0,11,2011,11,2011,0,0,0,0,0,1,2,55,1,1,2,1,0,0,5,98,1,1,1,98,0,0
17,170507,1,1,1,8,4,14,49,8,0,1,0,17,1,59,403,59403,14,2008,2T2HK31U68C0,2,T,2,H,K,3,1,U,6,8,C,0,0,0,0,000000000,00000000000,0,0,0,1,0,0,0,0,0,0,0,998,0,0,0,98,9,5,8,0,0,0,1,17,60639,6,1,0,0,3,0,68,150,0,0,0,0,0,0,0,0,0,0,86,0,0,0,1,2,30,1,2,2,1,0,0,11,80,2,1,1,13,0,0
17,170508,1,1,2,19,7,16,7,9,0,1,0,17,2,12,23,12023,4,2007,3FAHP08Z27R2,3,F,A,H,P,0,8,Z,2,7,R,2,0,0,0,000000000,00000000000,0,0,0,1,0,0,0,0,0,0,0,51,0,0,0,12,2,5,9,0,0,0,1,17,61764,6,1,0,0,3,3,66,187,0,0,0,0,0,0,0,0,0,0,86,0,0,0,1,2,35,1,1,2,1,0,0,1,83,3,2,1,13,0,0
17,170509,1,2,1,28,7,12,53,12,2,1,0,17,1,12,17,12017,4,2003,1FAFP55253G2,1,F,A,F,P,5,5,2,5,3,G,2,0,0,0,000000000,00000000000,0,0,0,1,0,0,0,0,0,0,0,998,0,0,0,12,6,2,12,0,0,0,1,17,60193,6,1,0,0,3,3,67,143,0,0,0,0,0,0,0,0,0,0,38,0,0,0,1,5,40,1,1,2,1,2,3,11,15,1,1,1,68,0,0
17,170509,2,2,1,28,7,12,53,12,2,1,0,17,1,72,706,72706,80,2013,1HD1GX415DC3,1,H,D,1,G,X,4,1,5,D,C,3,0,0,0,000000000,00000000000,0,0,0,1,0,0,0,0,0,0,0,998,0,0,0,12,6,2,12,0,0,0,1,17,60169,6,1,0,0,3,0,69,150,0,0,0,0,0,0,0,0,0,4,0,0,0,0,1,5,40,1,1,2,1,2,3,1,62,1,1,1,69,1,0
17,170510,1,1,1,7,8,21,8,8,0,1,0,17,2,12,25,12025,6,2010,2FMGK5CC1ABB,2,F,M,G,K,5,C,C,1,A,B,B,0,0,0,000000000,00000000000,0,0,0,1,0,0,0,0,0,0,0,998,0,0,0,12,2,5,8,0,0,0,1,17,60087,6,1,0,0,3,0,67,165,0,0,0,0,0,0,0,0,0,0,86,0,0,0,2,4,35,1,1,2,1,0,0,1,80,7,1,1,13,0,0
17,170511,1,2,1,25,8,6,44,12,2,1,0,4,1,12,37,12037,4,2006,1FAHP34N26W1,1,F,A,H,P,3,4,N,2,6,W,1,0,0,0,000000000,00000000000,0,0,0,1,0,0,0,0,0,0,0,998,0,0,0,12,6,2,12,0,0,0,1,17,60180,6,1,0,0,3,0,69,150,0,0,0,0,0,0,0,0,0,5,28,0,0,0,1,2,55,1,3,2,1,0,0,1,10,1,1,2,50,1,0
17,170511,2,2,1,25,8,6,44,12,2,1,0,17,3,84,981,84981,50,2009,4DRBUAAPX9B6,4,D,R,B,U,A,A,P,X,9,B,6,0,0,77,777777777,77777777777,3,21,22,1,0,0,0,0,1,2,0,998,0,0,0,12,6,2,12,0,0,0,1,17,60180,6,1,6,1,3,1,68,180,0,0,0,0,0,0,0,0,0,0,0,0,0,0,1,2,55,1,3,2,1,0,0,1,62,1,1,1,51,0,0
17,170512,1,2,1,31,8,13,52,12,2,1,0,17,1,20,404,20404,14,2010,2CNALPEW0A63,2,C,N,A,L,P,E,W,0,A,6,3,0,0,0,000000000,00000000000,0,0,0,1,0,0,0,0,0,0,0,998,0,0,0,12,6,2,12,0,0,0,1,17,62885,6,1,0,0,3,3,66,180,0,0,0,1,0,1,2012,1,2012,0,30,39,51,0,6,2,70,1,1,2,1,40,3,1,54,7,1,1,50,1,0
17,170512,2,2,1,31,8,13,52,12,2,1,0,17,3,84,881,84881,66,2014,3HSDJSNR9EN1,3,H,S,D,J,S,N,R,9,E,N,1,1,1,57,1848462,571848462,3,6,1,1,0,0,0,0,0,0,0,998,0,0,0,12,6,2,12,0,0,1,1,17,60656,6,1,6,1,3,1,71,165,0,0,0,0,0,0,0,0,0,0,0,0,0,0,6,2,70,1,1,2,1,40,3,1,54,6,1,1,51,0,0
17,170513,1,1,2,21,8,18,14,1,0,1,0,17,1,76,705,76705,80,2009,JYAVM01E09A1,J,Y,A,V,M,0,1,E,0,9,A,1,0,0,0,000000000,00000000000,0,0,0,1,0,0,0,0,0,0,0,998,0,0,0,0,6,2,1,0,0,0,1,17,61244,6,1,0,0,3,0,73,245,0,0,0,0,0,0,0,0,0,0,79,57,87,0,1,2,45,1,1,2,2,1,3,2,4,1,2,1,98,1,0
17,170514,1,2,1,27,8,14,14,12,6,1,0,17,1,13,14,13014,6,2011,2LMDJ6JK9BBJ,2,L,M,D,J,6,J,K,9,B,B,J,0,0,0,000000000,00000000000,0,0,0,1,0,0,0,0,0,0,0,998,0,0,0,82,6,2,12,0,0,0,1,17,62711,6,1,0,0,3,1,67,150,0,0,0,0,0,0,0,0,0,0,38,0,0,0,1,2,40,1,1,2,1,2,3,11,55,1,1,3,68,1,1
17,170514,2,2,2,27,8,14,14,12,6,1,0,17,3,12,481,12481,31,2014,1FT7X2B65EEA,1,F,T,7,X,2,B,6,5,E,E,A,0,0,0,000000000,00000000000,0,0,0,1,0,0,0,0,0,0,0,998,0,0,0,12,6,2,12,0,0,0,1,17,62703,6,1,0,0,3,0,73,190,0,0,0,0,0,0,0,0,0,0,0,0,0,0,1,2,40,1,1,2,1,2,3,1,67,1,1,1,69,0,0
17,170515,1,1,6,15,5,4,35,34,0,1,0,17,1,12,402,12402,14,2002,1FMYU03152KA,1,F,M,Y,U,0,3,1,5,2,K,A,0,0,0,000000000,00000000000,0,0,0,1,0,0,0,0,0,0,0,998,0,1,6,99,6,2,41,0,0,0,1,99,99999,9,9,99,9,9,9,999,999,99,99,99,99,99,99,9999,99,9999,3,99,99,99,99,1,2,55,1,1,2,1,0,0,1,6,1,2,4,7,4,0
17,170516,1,1,1,13,7,13,49,32,0,1,0,17,1,73,706,73706,80,2001,JKAZX9A111A0,J,K,A,Z,X,9,A,1,1,1,A,0,0,0,0,000000000,00000000000,0,0,0,1,0,0,0,0,0,0,0,998,0,0,0,99,6,2,32,0,0,0,1,17,61101,1,1,0,0,2,3,71,210,0,1,0,1,0,11,2012,4,2014,3,0,0,0,0,1,2,55,1,6,2,1,40,3,1,6,3,2,4,7,1,0
17,170517,1,1,1,7,9,6,30,30,0,1,0,17,1,12,17,12017,4,2011,1FAHP2KT8BG1,1,F,A,H,P,2,K,T,8,B,G,1,0,0,0,000000000,00000000000,0,0,0,1,0,0,0,0,0,0,0,115,0,0,0,12,6,2,30,0,0,0,1,17,60950,6,1,6,1,3,0,76,235,0,0,0,0,0,0,0,0,0,3,36,0,0,0,3,2,65,1,1,2,1,0,0,1,13,1,1,4,1,1,1
17,170518,1,1,1,24,6,20,39,1,0,1,0,17,1,98,739,98739,90,9999,999999999999,9,9,9,9,9,9,9,9,9,9,9,9,0,0,0,000000000,00000000000,0,0,0,1,0,0,0,0,0,0,0,998,0,1,5,0,2,3,1,0,0,0,1,17,62231,6,1,0,0,3,0,71,200,0,0,0,0,0,0,0,0,0,4,18,0,0,0,1,2,55,1,2,2,1,0,0,1,13,6,2,4,1,1,0
17,170519,1,1,2,13,7,1,30,34,0,1,0,17,1,7,482,7482,31,2003,1D7HU18N43S1,1,D,7,H,U,1,8,N,4,3,S,1,0,0,0,000000000,00000000000,0,0,0,1,0,0,0,0,0,0,0,998,0,1,5,12,6,2,1,0,0,0,1,17,61548,6,1,0,0,3,3,68,140,0,0,2,0,1,4,2012,5,2012,3,0,0,0,0,1,2,45,1,5,2,2,28,3,1,6,1,2,4,7,1,1
17,170520,1,1,2,4,9,23,2,9,0,1,0,17,1,2,403,2403,14,2004,1J4FA69SX4P7,1,J,4,F,A,6,9,S,X,4,P,7,0,0,0,000000000,00000000000,0,0,0,1,0,0,0,0,0,0,0,998,0,0,0,9,2,3,9,0,0,0,1,17,60616,6,1,0,0,3,0,70,190,0,0,0,1,0,10,2013,10,2013,0,0,0,0,0,4,2,35,1,1,2,1,1,3,4,80,1,1,1,13,0,0
17,170521,1,1,2,8,8,1,20,33,0,1,0,17,1,53,706,53706,80,1983,JS1GU73A1D21,J,S,1,G,U,7,3,A,1,D,2,1,0,0,0,000000000,00000000000,0,0,0,1,0,0,0,0,0,0,0,998,0,0,0,12,6,2,33,0,0,0,1,17,60410,6,1,0,0,3,0,69,165,0,0,0,0,0,0,0,0,0,0,36,28,0,0,1,2,98,1,3,2,1,0,0,1,6,1,2,4,2,1,1
17,170522,1,1,1,3,2,16,28,8,0,1,0,17,1,49,401,49401,14,2005,JTEBT17R8500,J,T,E,B,T,1,7,R,8,5,0,0,0,0,0,000000000,00000000000,0,0,0,1,0,0,0,0,0,0,0,25,0,0,0,12,2,3,8,0,0,0,1,17,60013,6,1,0,0,3,0,69,195,0,0,0,0,0,0,0,0,0,0,86,0,0,0,1,5,45,1,1,2,1,1,3,1,80,1,1,1,13,0,0
17,170523,1,2,2,2,7,12,55,12,6,1,0,17,2,48,401,48401,14,9999,JF2SJAHC1FH4,J,F,2,S,J,A,H,C,1,F,H,4,0,0,0,000000000,00000000000,0,0,0,1,0,0,0,0,0,0,0,998,0,0,0,1,4,3,12,0,0,0,1,17,60504,6,1,0,0,3,1,70,151,0,0,0,0,0,0,0,0,0,0,38,0,0,0,1,5,35,2,2,2,1,2,3,11,15,1,1,1,68,0,0
17,170523,2,2,2,2,7,12,55,12,6,1,0,27,1,72,706,72706,80,2007,1HD1FC4157Y7,1,H,D,1,F,C,4,1,5,7,Y,7,0,0,0,000000000,00000000000,0,0,0,1,0,0,0,0,0,0,0,998,0,0,0,9,6,2,12,0,0,0,1,27,55304,6,1,6,0,3,0,73,220,0,0,0,0,1,1,2012,1,2012,0,0,0,0,0,1,5,35,3,2,2,1,2,3,3,62,3,2,1,69,1,0
17,170524,1,2,1,7,7,21,36,12,6,1,0,17,2,12,401,12401,14,2002,1FMZU74W52ZA,1,F,M,Z,U,7,4,W,5,2,Z,A,0,0,0,000000000,00000000000,0,0,0,1,0,0,0,0,0,0,0,998,0,0,0,5,6,2,12,0,0,0,1,17,60044,6,1,0,0,3,0,66,160,0,0,0,0,0,0,0,0,0,0,38,0,0,0,1,5,40,1,2,2,1,2,3,11,15,1,1,1,68,0,0
17,170524,2,2,1,7,7,21,36,12,6,1,0,55,1,53,705,53705,80,2003,JS1GN7BA0321,J,S,1,G,N,7,B,A,0,3,2,1,0,0,0,000000000,00000000000,0,0,0,1,0,0,0,0,0,0,0,998,0,0,0,12,6,2,12,0,0,0,1,17,60085,6,1,6,1,3,0,72,262,0,0,0,0,1,5,2013,5,2013,4,39,0,0,0,1,5,40,1,2,2,1,2,3,1,55,1,1,1,69,1,1
17,170525,1,1,1,26,7,23,45,33,0,1,0,17,1,73,705,73705,80,2006,JKBZXJC156A0,J,K,B,Z,X,J,C,1,5,6,A,0,0,0,0,000000000,00000000000,0,0,0,1,0,0,0,0,0,0,0,998,0,0,0,12,6,2,42,0,0,0,1,17,60480,6,1,0,0,3,0,68,150,0,0,0,0,0,0,0,0,0,4,36,0,0,0,1,4,35,3,2,2,1,0,0,14,6,1,2,4,2,1,1
17,170527,1,1,2,20,8,14,45,1,0,1,0,17,1,53,705,53705,88,2007,JS1CP51A4721,J,S,1,C,P,5,1,A,4,7,2,1,0,0,0,000000000,00000000000,0,0,0,1,0,0,0,0,0,0,0,998,0,0,0,0,6,2,1,0,0,0,1,17,62901,6,1,0,0,3,0,72,350,0,0,0,1,0,12,2012,12,2012,0,0,0,0,0,1,2,45,1,1,2,1,0,0,1,9,1,2,3,98,1,0
17,170528,1,2,1,6,9,5,31,12,2,1,0,17,1,49,32,49032,4,2006,2T1BR32E66C6,2,T,1,B,R,3,2,E,6,6,C,6,0,0,0,000000000,00000000000,0,0,0,1,0,0,0,0,0,0,0,998,0,1,1,12,6,2,12,0,0,0,1,17,62982,6,1,0,0,3,0,67,180,0,0,0,0,0,0,0,0,0,0,28,0,0,0,1,2,55,1,3,2,2,28,3,1,10,1,1,2,50,1,0
17,170528,2,2,1,6,9,5,31,12,2,1,0,17,3,98,881,98881,66,2014,5KJJAVDV2EPF,5,K,J,J,A,V,D,V,2,E,P,F,1,1,57,1297283,571297283,3,6,4,1,0,0,0,0,0,0,0,998,0,0,0,12,6,2,12,0,0,0,1,17,62972,6,1,6,1,3,0,67,140,0,0,0,0,0,0,0,0,0,0,0,0,0,0,1,2,55,1,3,2,2,28,3,1,62,1,1,1,51,0,0
17,170529,1,2,1,7,9,19,0,12,7,1,0,17,2,34,401,34401,14,2002,5UXFA53592LP,5,U,X,F,A,5,3,5,9,2,L,P,0,0,0,000000000,00000000000,0,0,0,1,0,0,0,0,0,0,0,998,0,1,5,82,6,2,12,0,0,0,1,17,60615,0,0,0,0,0,0,999,999,0,0,0,0,0,0,0,0,0,4,28,27,36,0,3,5,55,1,1,1,1,0,0,15,11,1,1,2,46,0,1
17,170529,2,2,1,7,9,19,0,12,7,1,0,17,1,2,403,2403,14,2003,1J4FA39S73P3,1,J,4,F,A,3,9,S,7,3,P,3,0,0,0,000000000,00000000000,0,0,0,1,0,0,0,0,0,0,0,998,0,1,5,63,6,2,1,0,0,0,1,17,60625,6,1,0,0,3,3,67,200,0,0,0,1,0,11,2011,11,2011,0,0,0,0,0,3,5,55,1,1,1,1,0,0,1,60,1,1,1,45,1,0
17,170530,1,1,1,18,8,0,1,10,0,1,0,17,1,49,32,49032,4,2011,2T1BU4EE2BC7,2,T,1,B,U,4,E,E,2,B,C,7,0,0,0,000000000,00000000000,0,0,0,1,0,0,0,0,0,0,0,998,0,0,0,11,6,2,10,0,0,0,1,17,61822,6,1,0,0,3,0,67,130,0,0,0,0,0,0,0,0,0,0,39,79,87,0,1,2,55,1,1,2,2,65,3,1,90,3,2,1,15,1,1
17,170531,1,2,3,29,8,14,59,12,7,1,0,17,1,7,442,7442,20,2001,2B4GP44301R2,2,B,4,G,P,4,4,3,0,1,R,2,0,0,0,000000000,00000000000,0,0,0,1,0,0,0,0,0,0,0,998,0,1,5,5,6,2,1,0,0,0,1,17,61101,6,1,0,0,3,0,69,300,0,0,0,1,0,6,2013,6,2013,4,36,35,0,0,1,2,35,1,1,2,1,0,0,6,61,1,1,2,73,1,1
17,170531,2,2,1,29,8,14,59,12,7,1,0,17,2,37,421,37421,15,2009,5FNYF48939B0,5,F,N,Y,F,4,8,9,3,9,B,0,0,0,0,000000000,00000000000,0,0,0,1,0,0,0,0,0,0,0,998,0,0,0,11,2,5,12,0,0,0,1,17,61102,6,1,0,0,3,0,68,170,0,0,0,0,0,0,0,0,0,0,0,0,0,0,1,2,35,1,1,2,1,0,0,11,15,1,1,1,72,0,0
17,170533,1,1,2,8,9,15,2,38,0,1,0,6,2,12,401,12401,14,1998,1FMZU34E1WZA,1,F,M,Z,U,3,4,E,1,W,Z,A,0,0,0,000000000,00000000000,0,0,0,1,0,0,0,0,0,0,0,998,0,1,6,11,6,2,1,0,0,0,1,6,93940,1,1,0,0,2,0,67,165,0,0,0,0,0,0,0,0,0,0,52,28,27,58,3,3,70,1,1,2,1,0,0,15,10,7,3,4,2,1,1
17,170534,1,1,1,3,9,4,22,34,0,1,0,17,2,22,9,22009,2,1995,2G2FS22S5S22,2,G,2,F,S,2,2,S,5,S,2,2,0,0,0,000000000,00000000000,0,0,0,1,0,0,0,0,0,0,0,998,0,1,6,12,6,2,32,0,0,0,1,17,61375,1,1,0,0,2,9,999,999,1,1,0,1,1,9,2012,3,2014,4,0,0,0,0,1,2,55,1,1,8,1,0,0,1,6,1,2,4,7,1,1
17,170535,1,1,2,7,9,8,10,1,0,1,0,17,1,12,401,12401,14,1994,1FMDU34X1RUD,1,F,M,D,U,3,4,X,1,R,U,D,0,0,0,000000000,00000000000,0,0,0,1,0,0,0,0,0,0,0,998,0,2,1,0,6,2,1,0,0,0,1,17,60061,6,1,0,0,3,0,67,135,0,0,0,0,0,0,0,0,0,4,50,37,0,0,2,1,30,3,1,2,1,0,0,14,6,6,2,1,98,1,1
17,170536,1,1,1,10,9,18,7,33,0,1,0,17,1,55,35,55035,4,2009,KMHDU46D99U6,K,M,H,D,U,4,6,D,9,9,U,6,0,0,0,000000000,00000000000,0,0,0,1,0,0,0,0,0,0,0,998,0,1,5,12,6,2,1,0,0,0,1,17,60031,6,1,0,0,3,3,67,170,0,0,0,0,0,0,0,0,0,0,0,0,0,0,1,5,40,1,1,2,2,1,3,1,9,6,2,4,2,1,0
17,170537,1,1,1,7,9,19,55,21,0,1,0,17,1,30,46,30046,4,2012,1VWBH7A3XCC0,1,V,W,B,H,7,A,3,X,C,C,0,0,0,0,000000000,00000000000,0,0,0,1,0,0,0,0,0,0,0,998,0,0,0,12,6,2,21,0,0,0,1,17,60527,6,1,0,0,3,3,74,250,0,0,0,0,0,0,0,0,0,3,35,36,0,0,1,2,25,1,2,2,1,4,3,1,10,1,1,2,12,1,1
17,170538,1,1,1,9,9,10,56,24,0,1,0,29,1,72,706,72706,80,2003,1HD1PGE1X3Y9,1,H,D,1,P,G,E,1,X,3,Y,9,0,0,0,000000000,00000000000,0,0,0,1,0,0,0,0,0,0,0,998,0,0,0,99,6,2,24,0,0,0,1,17,62704,6,1,0,0,3,0,72,215,0,0,0,0,0,0,0,0,0,0,0,0,0,0,6,1,65,3,1,2,1,0,0,14,6,1,2,4,2,1,0
17,170539,1,2,1,12,9,0,49,12,2,1,0,17,2,52,34,52034,4,2002,4A3AA46H32E1,4,A,3,A,A,4,6,H,3,2,E,1,0,0,0,000000000,00000000000,0,0,0,1,0,0,0,0,0,0,0,998,0,0,0,12,6,2,12,0,0,0,1,17,60115,1,1,0,0,2,0,62,153,0,0,0,0,1,1,2014,1,2014,0,50,0,0,0,3,2,70,1,1,2,1,0,0,1,54,1,1,1,50,1,1
17,170539,2,2,1,12,9,0,49,12,2,1,0,17,1,49,40,49040,4,2012,4T1BF1FK6CU2,4,T,1,B,F,1,F,K,6,C,U,2,0,0,0,000000000,00000000000,0,0,0,1,0,0,0,0,0,0,0,998,0,0,0,12,6,2,12,0,0,0,1,17,61081,6,1,0,0,3,0,67,149,0,0,0,1,0,7,2014,7,2014,0,0,0,0,0,3,2,70,1,1,2,1,0,0,1,54,1,1,1,51,0,0
17,170540,1,2,2,20,7,3,20,33,0,1,0,17,2,7,27,7027,6,2014,3C4PDCBG7ET2,3,C,4,P,D,C,B,G,7,E,T,2,0,0,0,000000000,00000000000,0,0,0,1,0,0,0,0,0,0,0,55,0,0,0,12,6,2,12,0,0,0,1,17,60478,6,1,6,3,3,3,67,147,0,0,0,2,1,9,2011,8,2012,0,39,36,0,0,1,6,25,1,1,2,1,2,3,1,17,4,1,4,1,1,1
17,170540,2,2,1,20,7,3,20,33,0,1,0,40,3,86,881,86881,66,2013,1M1AW01X1DM0,1,M,1,A,W,0,1,X,1,D,M,0,0,0,57,82866,5782866,3,5,96,1,0,0,0,0,0,0,0,41,0,0,0,12,6,2,12,0,0,0,1,18,46307,6,1,6,9,9,9,999,999,99,99,99,99,99,99,9999,99,9999,0,0,0,0,0,1,6,25,1,1,2,1,2,3,1,66,9,2,1,98,0,0
17,170541,1,1,1,23,8,6,20,34,0,1,0,17,1,2,404,2404,14,2002,1J4GL58K42W1,1,J,4,G,L,5,8,K,4,2,W,1,0,0,0,000000000,00000000000,0,0,0,1,0,0,0,0,0,0,0,998,0,1,5,12,6,2,1,0,0,0,1,17,61943,6,1,6,0,3,0,71,260,0,0,0,0,0,0,0,0,0,0,0,0,0,0,1,2,55,1,1,2,1,0,0,1,10,1,2,4,7,1,1
17,170542,1,2,1,1,8,1,48,12,1,1,0,17,2,53,704,53704,80,2006,VTTGM51A4621,V,T,T,G,M,5,1,A,4,6,2,1,0,0,0,000000000,00000000000,0,0,0,1,0,0,0,0,0,0,0,998,0,0,0,12,6,2,12,0,0,0,1,17,60178,6,1,0,0,3,0,73,170,0,0,0,0,0,0,0,0,0,0,0,0,0,0,1,2,50,1,1,2,1,28,3,1,51,4,1,1,24,1,1
17,170542,2,2,1,1,8,1,48,12,1,1,0,17,2,53,706,53706,80,2006,JS1VS55A6621,J,S,1,V,S,5,5,A,6,6,2,1,0,0,0,000000000,00000000000,0,0,0,1,0,0,0,0,0,0,0,998,0,0,0,6,6,2,12,0,0,1,1,17,60124,6,1,6,0,3,0,75,180,0,0,0,0,0,0,0,0,0,0,0,0,0,0,1,2,50,1,1,2,1,28,3,1,53,1,1,1,25,0,1
17,170543,1,1,1,12,9,1,0,14,0,1,0,17,2,72,706,72706,80,1976,9D45370H6,9,D,4,5,3,7,0,H,6,,,,0,0,0,000000000,00000000000,0,0,0,1,0,0,0,0,0,0,0,998,0,0,0,99,6,2,1,0,0,0,1,17,60616,6,1,0,0,2,0,69,210,0,0,0,0,1,10,2013,10,2013,0,48,52,28,0,1,2,30,1,1,2,1,0,0,1,9,1,2,4,98,1,1
17,170544,1,1,1,31,8,2,58,8,0,1,0,17,1,12,401,12401,14,2004,1FMZU73KX4UB,1,F,M,Z,U,7,3,K,X,4,U,B,0,0,0,000000000,00000000000,0,0,0,1,0,0,0,0,0,0,0,998,0,0,0,1,2,5,8,0,0,0,1,17,61752,6,1,0,0,3,0,78,300,0,0,0,0,0,0,0,0,0,0,86,0,0,0,1,2,55,1,1,2,1,0,0,1,80,1,1,1,13,0,0
17,170545,1,1,1,1,9,5,54,35,0,1,0,17,2,49,40,49040,4,2002,4T1BF32K62U5,4,T,1,B,F,3,2,K,6,2,U,5,0,0,0,000000000,00000000000,0,0,0,1,0,0,0,0,0,0,0,998,0,1,6,12,6,2,42,0,0,0,1,17,62471,6,1,0,0,3,3,72,195,0,0,0,0,0,0,0,0,0,0,0,0,0,0,1,2,55,3,1,2,1,0,0,14,13,6,2,4,1,1,1
17,170546,1,1,1,14,9,2,0,34,0,1,0,17,1,20,403,20403,14,2003,1GNDT13S2321,1,G,N,D,T,1,3,S,2,3,2,1,0,0,0,000000000,00000000000,0,0,0,1,0,0,0,0,0,0,0,998,0,1,5,99,6,2,34,0,0,0,1,17,62264,6,1,0,0,3,0,73,190,0,0,0,0,0,0,0,0,0,0,28,0,0,0,1,2,55,1,1,2,1,0,0,1,12,1,1,4,6,1,1