STATE,ST_CASE,VEH_NO,VE_FORMS,NUMOCCS,DAY,MONTH,HOUR,MINUTE,HARM_EV,MAN_COLL,UNITTYPE,HIT_RUN,REG_STAT,OWNER,MAKE,MODEL,MAK_MOD,BODY_TYP,MOD_YEAR,VIN,VIN_1,VIN_2,VIN_3,VIN_4,VIN_5,VIN_6,VIN_7,VIN_8,VIN_9,VIN_10,VIN_11,VIN_12,TOW_VEH,J_KNIFE,MCARR_I1,MCARR_I2,MCARR_ID,GVWR,V_CONFIG,CARGO_BT,HAZ_INV,HAZ_PLAC,HAZ_ID,HAZ_CNO,HAZ_REL,BUS_USE,SPEC_USE,EMER_USE,TRAV_SP,UNDERIDE,ROLLOVER,ROLINLOC,IMPACT1,DEFORMED,TOWED,M_HARM,VEH_SC1,VEH_SC2,FIRE_EXP,DR_PRES,L_STATE,DR_ZIP,L_STATUS,L_TYPE,CDL_STAT,L_ENDORS,L_COMPL,L_RESTRI,DR_HGT,DR_WGT,PREV_ACC,PREV_SUS,PREV_DWI,PREV_SPD,PREV_OTH,FIRST_MO,FIRST_YR,LAST_MO,LAST_YR,SPEEDREL,DR_SF1,DR_SF2,DR_SF3,DR_SF4,VTRAFWAY,VNUM_LAN,VSPD_LIM,VALIGN,VPROFILE,VPAVETYP,VSURCOND,VTRAFCON,VTCONT_F,P_CRASH1,P_CRASH2,P_CRASH3,PCRASH4,PCRASH5,ACC_TYPE,DEATHS,DR_DRINK
17,170592,2,2,1,3,10,8,55,12,6,1,0,17,1,37,32,37032,4,1999,1HGCG1652XA0,1,H,G,C,G,1,6,5,2,X,A,0,0,0,0,000000000,00000000000,0,0,0,1,0,0,0,0,0,0,0,998,0,0,0,12,6,2,12,0,0,0,1,17,60103,6,1,0,0,3,0,63,150,0,0,0,0,0,0,0,0,0,0,0,0,0,0,1,4,40,3,1,2,2,28,3,14,62,1,1,1,65,0,0
17,170593,1,3,1,30,9,16,15,12,8,1,1,17,3,12,481,12481,31,1986,1FDKF3812GKA,1,F,D,K,F,3,8,1,2,G,K,A,0,0,0,000000000,00000000000,0,0,0,1,0,0,0,0,0,0,0,998,0,0,0,11,6,2,12,0,0,0,1,17,60962,6,1,0,0,3,1,71,200,0,0,0,0,0,0,0,0,0,0,80,0,0,0,1,2,55,1,1,2,1,0,0,1,1,1,2,2,64,1,0
17,170593,2,3,1,30,9,16,15,12,8,1,0,26,3,87,881,87881,66,2000,1XP5DB0X3YN5,1,X,P,5,D,B,0,X,3,Y,N,5,1,1,57,854744,57854744,3,6,97,1,0,0,0,0,0,0,0,998,0,0,0,7,4,5,12,0,0,0,1,18,46825,6,1,6,3,3,9,72,270,0,0,0,0,0,0,0,0,0,0,0,0,0,0,1,2,55,1,1,2,1,0,0,1,62,7,1,1,65,0,0
17,170593,3,3,1,30,9,16,15,12,8,1,0,18,1,7,482,7482,31,2009,1D3HV13T19S7,1,D,3,H,V,1,3,T,1,9,S,7,0,0,0,000000000,00000000000,0,0,0,1,0,0,0,0,0,0,0,49,0,0,0,12,6,2,12,0,0,0,1,18,46825,6,1,0,0,3,9,61,130,0,0,0,0,1,11,2012,11,2012,0,0,0,0,0,1,2,55,1,1,2,1,0,0,1,62,1,1,1,98,1,0
17,170594,1,11,1,5,10,16,27,12,2,1,0,17,1,12,481,12481,31,2004,1FTPW14564KB,1,F,T,P,W,1,4,5,6,4,K,B,0,0,0,000000000,00000000000,0,0,0,1,0,0,0,0,0,0,0,91,0,1,1,12,6,2,12,0,0,0,1,17,60643,6,1,0,0,3,0,77,297,0,0,0,0,0,0,0,0,0,3,28,36,39,51,1,7,30,1,1,2,1,2,3,1,50,1,1,1,50,1,1
17,170594,2,11,3,5,10,16,27,12,2,1,0,17,3,49,40,49040,4,2007,JTNBE46K1731,J,T,N,B,E,4,6,K,1,7,3,1,0,0,0,000000000,00000000000,0,0,0,1,0,0,0,0,0,0,0,0,0,0,0,12,6,2,12,0,0,0,1,17,60805,6,1,0,0,3,1,62,140,0,0,0,0,0,0,0,0,0,0,0,0,0,0,1,7,30,1,1,2,1,2,3,5,54,1,1,1,51,2,0
17,170594,3,11,3,5,10,16,27,12,2,1,0,17,1,37,441,37441,20,2011,5FNRL5H60BB0,5,F,N,R,L,5,H,6,0,B,B,0,0,0,0,000000000,00000000000,0,0,0,1,0,0,0,0,0,0,0,0,0,0,0,12,6,2,12,0,0,0,1,17,60453,6,1,0,0,3,1,67,130,0,0,0,0,0,0,0,0,0,0,0,0,0,0,1,7,30,1,1,2,1,2,3,5,54,1,1,1,98,0,0
17,170594,4,11,1,5,10,16,27,12,2,1,0,17,1,35,50,35050,4,2011,3N1BC1CP8BL4,3,N,1,B,C,1,C,P,8,B,L,4,0,0,0,000000000,00000000000,0,0,0,1,0,0,0,0,0,0,0,0,0,0,0,62,6,2,12,0,0,0,1,17,60655,6,1,0,0,3,0,66,125,0,0,0,0,0,0,0,0,0,0,0,0,0,0,1,7,30,1,1,2,1,2,3,5,62,1,1,1,98,0,0
17,170594,5,11,3,5,10,16,27,12,2,1,0,17,1,55,33,55033,4,2008,5NPET46CX8H4,5,N,P,E,T,4,6,C,X,8,H,4,0,0,0,000000000,00000000000,0,0,0,1,0,0,0,0,0,0,0,0,0,0,0,62,6,2,12,0,0,0,1,17,60429,6,1,0,0,3,1,69,230,0,0,0,0,0,0,0,0,0,0,0,0,0,0,1,7,30,1,1,2,1,2,3,5,54,1,1,1,98,0,0
17,170594,6,11,2,5,10,16,27,12,2,1,0,17,1,55,35,55035,4,2014,5NPDH4AE9EH4,5,N,P,D,H,4,A,E,9,E,H,4,0,0,0,000000000,00000000000,0,0,0,1,0,0,0,0,0,0,0,0,0,0,0,1,6,2,12,0,0,0,1,17,60652,6,1,6,0,3,3,74,167,0,0,0,0,0,0,0,0,0,0,0,0,0,0,1,7,30,1,1,2,1,2,3,5,54,1,1,1,98,0,0
17,170594,7,11,1,5,10,16,27,12,2,1,0,17,1,48,38,48038,4,2012,JF1GJAD69CH0,J,F,1,G,J,A,D,6,9,C,H,0,0,0,0,000000000,00000000000,0,0,0,1,0,0,0,0,0,0,0,0,0,0,0,12,6,2,12,0,0,0,1,17,60453,6,1,0,0,3,0,67,140,0,0,0,0,0,0,0,0,0,0,0,0,0,0,1,7,30,1,1,2,1,2,3,5,63,1,1,1,98,0,0
17,170594,8,11,1,5,10,16,27,12,2,1,0,17,1,20,22,20022,2,2007,1G1AL15F8771,1,G,1,A,L,1,5,F,8,7,7,1,0,0,0,000000000,00000000000,0,0,0,1,0,0,0,0,0,0,0,0,0,0,0,12,6,2,12,0,0,0,1,17,60655,3,1,0,0,2,0,73,185,0,0,0,0,0,0,0,0,0,0,0,0,0,0,1,7,30,1,1,2,1,2,3,5,54,1,1,1,98,0,0
17,170594,9,11,1,5,10,16,27,12,2,1,0,17,1,12,471,12471,30,2006,1FTYR10D46PA,1,F,T,Y,R,1,0,D,4,6,P,A,0,0,0,000000000,00000000000,0,0,0,1,0,0,0,0,0,0,0,0,0,0,0,82,6,2,12,0,0,0,1,17,60805,6,1,6,0,3,3,71,215,0,0,0,0,0,0,0,0,0,0,0,0,0,0,1,7,30,1,1,2,1,2,3,5,63,1,1,1,98,0,0
17,170594,10,11,2,5,10,16,27,12,2,1,0,17,1,30,52,30052,4,2013,WVWRN7AN2DE5,W,V,W,R,N,7,A,N,2,D,E,5,0,0,0,000000000,00000000000,0,0,0,1,0,0,0,0,0,0,0,0,0,0,0,62,6,2,12,0,0,0,1,17,60453,6,1,0,0,3,0,61,115,0,0,0,0,1,8,2012,8,2012,0,0,0,0,0,1,7,30,1,1,2,1,2,3,5,54,1,1,1,98,0,0
17,170594,11,11,4,5,10,16,27,12,2,1,0,17,1,35,49,35049,6,2006,JN8AZ08T46W4,J,N,8,A,Z,0,8,T,4,6,W,4,0,0,0,000000000,00000000000,0,0,0,1,0,0,0,0,0,0,0,0,0,0,0,12,6,2,12,0,0,0,1,17,60629,6,1,0,0,3,0,67,165,0,0,0,0,0,0,0,0,0,0,0,0,0,0,1,7,30,1,1,2,1,2,3,1,63,1,1,1,98,0,0
17,170595,1,2,1,1,7,18,45,12,2,1,0,17,2,35,47,35047,4,2003,1N4AL11D43C3,1,N,4,A,L,1,1,D,4,3,C,3,0,0,0,000000000,00000000000,0,0,0,1,0,0,0,0,0,0,0,998,0,0,0,12,6,2,12,0,0,0,1,17,60457,6,1,6,0,3,1,68,180,0,0,0,0,0,0,0,0,0,0,28,51,0,0,2,2,35,1,1,2,1,0,0,6,10,1,1,2,50,0,1
17,170595,2,2,2,1,7,18,45,12,2,1,0,17,1,12,17,12017,4,2002,1FAFP53U72G1,1,F,A,F,P,5,3,U,7,2,G,1,0,0,0,000000000,00000000000,0,0,0,1,0,0,0,0,0,0,0,998,0,0,0,12,6,2,12,0,0,0,1,17,60652,6,1,0,0,3,1,63,180,0,0,0,0,0,0,0,0,0,0,0,0,0,0,2,2,35,1,1,2,1,0,0,1,62,1,1,1,51,1,0
17,170596,1,3,1,7,10,6,45,12,2,1,0,17,2,6,441,6441,20,2006,1A4GP45R96B7,1,A,4,G,P,4,5,R,9,6,B,7,0,0,0,000000000,00000000000,0,0,0,1,0,0,0,0,0,0,0,36,0,0,0,12,6,2,12,0,0,0,1,17,60443,6,1,0,0,3,0,67,200,0,0,0,0,0,0,0,0,0,5,28,0,0,0,1,2,45,1,1,2,1,0,0,1,10,1,1,2,50,1,0
17,170596,2,3,1,7,10,6,45,12,2,1,0,17,1,12,17,12017,4,2007,1FAFP53U07A1,1,F,A,F,P,5,3,U,0,7,A,1,0,0,0,000000000,00000000000,0,0,0,1,0,0,0,0,0,0,0,50,0,0,0,12,6,2,12,0,0,0,1,17,60466,6,1,6,3,3,3,70,250,0,0,0,0,0,0,0,0,0,0,0,0,0,0,1,2,45,1,1,2,1,0,0,1,62,7,1,1,51,1,0
17,170596,3,3,1,7,10,6,45,12,2,1,0,18,1,20,2,20002,4,2012,2G1WB5E36C11,2,G,1,W,B,5,E,3,6,C,1,1,0,0,0,000000000,00000000000,0,0,0,1,0,0,0,0,0,0,0,998,0,0,0,12,6,2,54,0,0,0,1,18,46311,6,1,0,0,3,0,72,190,0,0,0,0,0,0,0,0,0,0,0,0,0,0,1,2,45,1,1,2,1,0,0,1,62,7,1,4,98,0,0
17,170597,1,2,1,15,8,0,30,12,2,1,0,17,1,12,37,12037,4,2010,1FAHP3FN3AW1,1,F,A,H,P,3,F,N,3,A,W,1,0,0,0,000000000,00000000000,0,0,0,1,0,0,0,0,0,0,0,998,0,0,0,12,6,2,12,0,0,0,1,17,62959,6,1,0,0,3,0,65,146,0,0,0,0,0,0,0,0,0,0,0,0,0,0,1,2,55,1,2,2,1,28,3,1,10,1,1,2,50,1,0
17,170597,2,2,2,15,8,0,30,12,2,1,0,17,2,7,472,7472,31,2002,1B7GG16X52S6,1,B,7,G,G,1,6,X,5,2,S,6,0,0,0,000000000,00000000000,0,0,0,1,0,0,0,0,0,0,0,998,0,0,0,12,6,2,12,0,0,0,1,17,62985,6,1,0,0,3,1,77,160,0,0,0,0,0,0,0,0,0,0,0,0,0,0,1,2,55,1,2,2,1,28,3,1,62,1,1,1,51,0,0
17,170598,1,1,1,14,7,4,58,8,0,1,0,17,1,35,50,35050,4,2013,3N1CN7AP9DL8,3,N,1,C,N,7,A,P,9,D,L,8,0,0,0,000000000,00000000000,0,0,0,1,0,0,0,0,0,0,0,998,0,0,0,12,6,2,8,0,0,0,1,17,60192,6,1,0,0,3,0,73,180,0,0,0,1,0,8,2013,8,2013,0,38,0,0,0,1,2,50,1,1,2,1,0,0,1,80,1,1,1,13,0,0
17,170600,1,1,2,20,8,2,44,33,0,1,1,17,1,2,405,2405,14,2005,1J4GL58K15W5,1,J,4,G,L,5,8,K,1,5,W,5,0,0,0,000000000,00000000000,0,0,0,1,0,0,0,0,0,0,0,998,0,1,5,99,6,2,31,0,0,0,1,17,60804,6,1,6,0,3,1,65,170,0,0,0,0,0,0,0,0,0,3,99,99,99,99,1,2,35,1,1,2,1,0,0,1,6,1,2,4,2,1,0
17,170601,1,1,1,21,8,20,14,9,0,1,0,17,2,7,442,7442,20,2002,1B4GP25322B7,1,B,4,G,P,2,5,3,2,2,B,7,0,0,0,000000000,00000000000,0,0,0,1,0,0,0,0,0,0,0,998,0,0,0,12,6,2,9,0,0,0,1,17,60096,6,2,0,0,3,0,65,130,0,0,0,0,0,0,0,0,0,0,0,0,0,0,1,2,30,1,1,2,1,0,0,1,83,1,1,1,13,0,0
17,170602,1,3,2,11,9,10,13,12,1,1,0,17,1,49,40,49040,4,1993,4T1SK12E8PU2,4,T,1,S,K,1,2,E,8,P,U,2,0,0,0,000000000,00000000000,0,0,0,1,0,0,0,0,0,0,0,998,0,0,0,12,6,2,12,0,0,0,1,17,60453,6,1,0,0,3,0,65,175,0,0,0,0,0,0,0,0,0,3,39,0,0,0,1,4,35,1,1,2,1,1,3,1,50,1,1,1,20,1,0
17,170602,2,3,1,11,9,10,13,12,1,1,0,17,1,41,50,41050,4,2007,1YVHP80C475M,1,Y,V,H,P,8,0,C,4,7,5,M,0,0,0,000000000,00000000000,0,0,0,1,0,0,0,0,0,0,0,0,0,0,0,6,6,2,12,0,0,0,1,17,60452,6,1,0,0,3,1,64,140,0,0,0,0,0,0,0,0,0,0,0,0,0,0,1,4,35,1,1,2,1,1,3,5,53,1,1,1,21,0,0
17,170602,3,3,2,11,9,10,13,12,1,1,0,17,3,84,981,84981,50,2012,4DRBUSKM5CB6,4,D,R,B,U,S,K,M,5,C,B,6,0,0,88,888888888,88888888888,2,21,22,1,0,0,0,0,1,2,0,998,0,0,0,11,2,5,12,0,0,0,1,17,60655,6,1,6,1,3,1,66,165,0,0,0,0,0,0,0,0,0,0,0,0,0,0,1,4,35,1,1,2,1,1,3,1,66,1,1,1,98,0,0
17,170603,1,2,2,24,9,21,6,12,7,1,0,17,1,72,706,72706,80,2006,1HD1GX1136K3,1,H,D,1,G,X,1,1,3,6,K,3,0,0,0,000000000,00000000000,0,0,0,1,0,0,0,0,0,0,0,998,0,0,0,83,6,2,12,0,0,0,1,17,60433,6,1,6,0,3,1,67,170,0,0,0,0,0,0,0,0,0,0,28,0,0,0,1,2,45,1,1,2,1,0,0,1,10,1,2,3,44,1,1
17,170603,2,2,2,24,9,21,6,12,7,1,0,17,1,58,37,58037,2,2003,JNKCV54EX3M2,J,N,K,C,V,5,4,E,X,3,M,2,0,0,0,000000000,00000000000,0,0,0,1,0,0,0,0,0,0,0,998,0,0,0,62,6,2,12,0,0,0,1,17,60436,6,1,0,0,3,0,70,150,0,0,0,1,0,11,2013,11,2013,0,0,0,0,0,1,2,45,1,1,2,1,0,0,1,60,1,1,1,45,0,0
17,170604,1,2,1,30,9,7,0,12,2,1,0,17,1,35,47,35047,4,2005,1N4AL11D55C1,1,N,4,A,L,1,1,D,5,5,C,1,0,0,0,000000000,00000000000,0,0,0,1,0,0,0,0,0,0,0,998,0,0,0,12,6,2,12,0,0,0,1,17,60120,6,1,0,0,3,0,59,100,0,0,0,0,0,0,0,0,0,0,12,28,0,0,1,2,30,1,1,2,1,0,0,1,10,1,1,2,50,1,0
17,170604,2,2,1,30,9,7,0,12,2,1,0,17,1,37,31,37031,4,2014,19XFB2F83EE0,1,9,X,F,B,2,F,8,3,E,E,0,0,0,0,000000000,00000000000,0,0,0,1,0,0,0,0,0,0,0,998,0,0,0,12,6,2,12,0,0,0,1,17,60120,6,1,0,0,3,1,68,125,0,0,0,0,0,0,0,0,0,0,0,0,0,0,1,2,30,1,1,2,1,0,0,1,62,1,1,1,51,0,0
17,170605,1,2,1,30,9,18,46,12,2,1,0,17,1,72,706,72706,80,1989,1HD4CFM14KY1,1,H,D,4,C,F,M,1,4,K,Y,1,0,0,0,000000000,00000000000,0,0,0,1,0,0,0,0,0,0,0,998,0,0,0,12,6,2,12,0,0,0,1,17,60014,6,1,0,0,3,0,72,200,0,0,0,0,0,0,0,0,0,0,27,35,0,0,1,2,40,1,1,2,1,0,0,6,10,1,2,3,50,1,1
17,170605,2,2,1,30,9,18,46,12,2,1,0,17,1,54,39,54039,4,2010,JH4CU2E65AC0,J,H,4,C,U,2,E,6,5,A,C,0,0,0,0,000000000,00000000000,0,0,0,1,0,0,0,0,0,0,0,998,0,0,0,12,6,2,12,0,0,0,1,17,60098,6,1,0,0,3,1,68,150,0,0,0,1,0,6,2014,6,2014,0,0,0,0,0,1,2,40,1,1,2,1,0,0,1,62,1,1,3,51,0,0
17,170606,1,1,1,4,10,15,39,34,0,1,0,17,2,22,20,22020,4,2004,2G2WS5421412,2,G,2,W,S,5,4,2,1,4,1,2,0,0,0,000000000,00000000000,0,0,0,1,0,0,0,0,0,0,0,998,0,1,6,12,6,2,1,0,0,0,1,17,61814,6,1,0,0,3,0,67,270,0,0,0,0,0,0,0,0,0,3,36,0,0,0,1,2,55,2,1,2,1,0,0,6,6,1,2,4,7,1,1
17,170607,1,2,1,1,10,14,25,12,2,1,0,17,1,35,51,35051,6,2013,JN8AS5MV0DW6,J,N,8,A,S,5,M,V,0,D,W,6,0,0,0,000000000,00000000000,0,0,0,1,0,0,0,0,0,0,0,71,0,0,0,12,6,2,2,0,0,1,1,17,60046,6,1,0,0,3,3,70,294,0,1,0,1,0,12,2011,5,2014,0,28,51,0,0,2,2,70,1,1,2,1,0,0,1,54,1,1,6,50,1,0
17,170607,2,2,1,1,10,14,25,12,2,1,0,17,3,82,881,82881,66,2007,1FUBA5CK77LX,1,F,U,B,A,5,C,K,7,7,L,X,1,3,57,19949,5719949,3,6,97,1,0,0,0,0,0,0,0,998,0,0,0,12,6,2,12,0,0,0,1,17,61367,6,1,6,1,3,0,75,230,0,0,0,0,0,0,0,0,0,0,0,0,0,0,2,2,70,1,1,2,1,0,0,1,62,3,1,1,51,0,0
17,170608,1,1,1,29,9,22,12,24,0,1,0,17,1,20,2,20002,4,2001,2G1WF52E2192,2,G,1,W,F,5,2,E,2,1,9,2,0,0,0,000000000,00000000000,0,0,0,1,0,0,0,0,0,0,0,998,0,0,0,11,6,2,24,0,0,1,1,17,60423,1,1,0,0,2,0,75,190,0,2,1,0,0,8,2013,9,2013,4,0,0,0,0,1,2,55,1,1,2,1,0,0,1,6,1,2,4,2,1,1
17,170609,1,2,2,5,10,2,24,12,1,1,0,17,4,20,2,20002,4,2014,2G1115SL2E92,2,G,1,1,1,5,S,L,2,E,9,2,0,0,0,000000000,00000000000,0,0,0,1,0,0,0,0,0,0,0,998,3,0,0,12,6,2,12,0,0,0,1,17,60643,6,1,0,0,3,0,73,180,0,0,0,0,0,0,0,0,0,4,0,0,0,0,3,2,98,1,1,2,1,0,0,1,52,1,1,1,28,2,1
17,170609,2,2,1,5,10,2,24,12,1,1,0,37,3,87,881,87881,66,2010,1XP7D49X7AD1,1,X,P,7,D,4,9,X,7,A,D,1,1,1,57,1565028,571565028,3,6,1,1,0,0,0,0,0,0,0,998,0,0,0,6,2,5,12,0,0,0,1,27,55425,6,1,6,0,3,0,999,999,0,0,0,0,0,0,0,0,0,0,0,0,0,0,3,2,98,1,1,2,1,0,0,2,53,1,1,1,29,0,0
17,170610,1,1,1,22,9,16,0,33,0,1,0,17,1,72,706,72706,80,2006,1HD1CWP486K4,1,H,D,1,C,W,P,4,8,6,K,4,0,0,0,000000000,00000000000,0,0,0,1,0,0,0,0,0,0,0,998,0,0,0,12,6,2,30,0,0,0,1,17,60136,6,1,6,1,2,3,67,115,0,0,0,0,0,0,0,0,0,4,0,0,0,0,2,2,30,2,1,2,1,0,0,14,6,1,2,4,7,1,1
17,170611,1,1,1,9,10,17,27,1,0,1,0,17,1,20,23,20023,6,2006,3GNDA23PX6S5,3,G,N,D,A,2,3,P,X,6,S,5,0,0,0,000000000,00000000000,0,0,0,1,0,0,0,0,0,0,0,998,0,1,6,0,6,2,1,0,0,0,1,17,60004,6,1,0,0,3,1,73,215,0,0,0,0,0,0,0,0,0,3,0,0,0,0,1,2,35,1,1,2,1,65,3,1,6,1,2,4,2,1,0
17,170612,1,1,1,10,10,2,46,8,0,1,1,17,1,55,33,55033,4,2012,5NPEC4AC5CH3,5,N,P,E,C,4,A,C,5,C,H,3,0,0,0,000000000,00000000000,0,0,0,1,0,0,0,0,0,0,0,40,0,0,0,12,2,5,8,0,0,0,1,17,62568,6,1,0,0,3,0,71,180,0,0,0,1,0,2,2014,2,2014,9,0,0,0,0,1,2,55,1,1,2,2,0,0,1,80,99,1,1,13,0,0
17,170613,1,2,1,10,10,9,49,12,2,1,0,17,1,12,15,12015,4,1993,2FAPP36U3PB1,2,F,A,P,P,3,6,U,3,P,B,1,0,0,0,000000000,00000000000,0,0,0,1,0,0,0,0,0,0,0,998,0,0,0,12,6,2,12,0,0,0,1,17,62401,6,1,0,0,3,0,62,170,0,0,0,0,5,7,2012,3,2014,4,28,0,0,0,1,2,55,3,1,2,2,40,3,14,10,1,1,2,50,1,0
17,170613,2,2,1,10,10,9,49,12,2,1,0,17,1,20,481,20481,31,2001,1GCEK19V51E1,1,G,C,E,K,1,9,V,5,1,E,1,0,0,0,000000000,00000000000,0,0,0,1,0,0,0,0,0,0,0,998,0,1,1,12,6,2,12,0,0,0,1,17,62422,6,1,0,0,3,9,67,274,0,0,0,0,0,0,0,0,0,0,0,0,0,0,1,2,55,3,1,2,2,40,3,14,62,99,1,2,51,0,0
17,170614,1,2,1,10,10,23,25,12,2,1,0,17,1,20,471,20471,30,2000,1GCCS19W3Y81,1,G,C,C,S,1,9,W,3,Y,8,1,0,0,0,000000000,00000000000,0,0,0,1,0,0,0,0,0,0,0,998,0,0,0,12,6,2,12,0,0,0,1,17,61063,6,1,0,0,3,1,75,360,0,0,0,0,0,0,0,0,0,0,35,0,0,0,1,2,55,1,1,2,1,0,0,6,10,1,1,3,50,1,1
17,170614,2,2,2,10,10,23,25,12,2,1,0,17,1,7,442,7442,20,2001,1B4GP25351B2,1,B,4,G,P,2,5,3,5,1,B,2,0,0,0,000000000,00000000000,0,0,0,1,0,0,0,0,0,0,0,998,0,0,0,12,6,2,12,0,0,0,1,55,53530,0,0,0,0,0,0,65,140,0,0,0,1,0,2,2013,2,2013,0,0,0,0,0,1,2,55,1,1,2,1,0,0,1,62,1,1,1,51,0,0
17,170615,1,2,2,21,8,22,7,12,6,1,0,17,2,7,442,7442,20,2004,1D8GP45R64B5,1,D,8,G,P,4,5,R,6,4,B,5,0,0,0,000000000,00000000000,0,0,0,1,0,0,0,0,0,0,0,998,0,1,5,11,6,2,12,0,0,0,1,17,61761,6,1,0,0,3,2,77,210,0,1,0,0,0,9,2011,9,2011,0,39,74,0,0,1,2,55,1,1,2,1,20,3,1,17,1,1,1,86,1,1
17,170615,2,2,2,21,8,22,7,12,6,1,0,17,2,52,402,52402,14,2011,4A4JN2AS8BE0,4,A,4,J,N,2,A,S,8,B,E,0,0,0,0,000000000,00000000000,0,0,0,1,0,0,0,0,0,0,0,998,0,1,5,1,6,2,12,0,0,0,1,17,61752,6,1,0,0,3,0,68,190,0,0,0,0,0,0,0,0,0,0,0,0,0,0,1,2,55,1,1,2,1,0,0,1,66,1,1,1,87,0,0
17,170616,1,2,2,29,9,13,27,12,1,1,0,17,3,20,481,20481,31,2009,1GCHK69K09E1,1,G,C,H,K,6,9,K,0,9,E,1,0,0,0,000000000,00000000000,0,0,0,1,0,0,0,0,0,0,0,55,0,0,0,12,4,5,12,0,0,0,1,18,46375,6,1,0,0,3,0,71,190,0,0,0,0,2,3,2012,6,2014,4,53,26,0,0,3,4,45,1,1,1,1,0,0,1,51,1,1,1,28,0,0
17,170616,2,2,1,29,9,13,27,12,1,1,0,26,1,49,403,49403,14,2012,5TDDK3EH9CS1,5,T,D,D,K,3,E,H,9,C,S,1,0,0,0,000000000,00000000000,0,0,0,1,0,0,0,0,0,0,0,998,0,0,0,6,6,2,12,0,0,0,1,26,48009,6,1,0,0,3,3,63,139,1,0,0,0,0,5,2012,5,2012,0,53,0,0,0,3,4,45,1,1,1,1,0,0,2,52,1,1,2,29,0,0
17,170617,1,1,1,30,9,19,24,15,0,1,0,17,1,7,482,7482,31,2001,1B7HC16XX1S7,1,B,7,H,C,1,6,X,X,1,S,7,0,0,0,000000000,00000000000,0,0,0,1,0,0,0,0,0,0,0,998,0,0,0,12,2,5,15,0,0,0,1,17,62521,6,1,0,0,3,1,70,285,0,0,0,0,0,0,0,0,0,0,86,0,0,0,1,2,30,1,1,2,1,0,0,1,80,1,1,1,13,0,0
17,170618,1,2,1,4,10,11,0,12,6,1,0,17,1,12,16,12016,4,2004,2FAFP74W64X1,2,F,A,F,P,7,4,W,6,4,X,1,0,0,0,000000000,00000000000,0,0,0,1,0,0,0,0,0,0,0,998,0,0,0,61,6,2,12,0,0,0,1,17,61533,6,1,0,0,3,1,70,180,0,0,0,0,0,0,0,0,0,0,38,0,0,0,1,2,65,1,1,2,1,20,3,1,17,1,1,3,89,1,0
17,170618,2,2,1,4,10,11,0,12,6,1,0,17,1,87,881,87881,66,2000,1XP5DB9X3YN5,1,X,P,5,D,B,9,X,3,Y,N,5,1,1,57,212346,57212346,3,6,1,1,0,0,0,0,0,0,0,51,0,0,0,12,6,2,12,0,0,0,1,17,62633,6,1,6,9,3,0,71,180,0,0,0,0,0,0,0,0,0,0,0,0,0,0,1,2,65,1,1,2,1,0,0,1,66,6,2,2,88,0,0
17,170619,1,1,1,6,10,21,50,8,0,1,1,17,1,22,20,22020,4,2001,1G2WP52K61F2,1,G,2,W,P,5,2,K,6,1,F,2,0,0,0,000000000,00000000000,0,0,0,1,0,0,0,0,0,0,0,998,0,0,0,1,9,5,8,0,0,0,1,17,62060,1,1,0,0,2,0,66,145,0,1,0,1,1,4,2012,8,2013,5,36,86,0,0,1,4,98,1,1,2,1,0,0,1,80,1,1,1,13,0,0
17,170620,1,1,1,10,10,11,42,34,0,1,0,17,1,20,481,20481,31,2004,1GCHK24274E2,1,G,C,H,K,2,4,2,7,4,E,2,0,0,0,000000000,00000000000,0,0,0,1,0,0,0,0,0,0,0,998,0,1,5,12,6,2,1,0,0,0,1,17,61065,6,1,6,0,3,1,72,280,0,0,0,0,0,0,0,0,0,3,28,0,0,0,1,2,55,2,1,9,1,40,3,14,6,7,2,4,2,1,1
17,170621,1,1,1,3,10,5,58,15,0,1,0,17,3,82,881,82881,66,2014,1FUBCXCY1EHF,1,F,U,B,C,X,C,Y,1,E,H,F,1,1,57,1765150,571765150,3,6,98,1,0,0,0,0,0,0,0,38,0,0,0,12,2,5,15,0,0,0,1,17,62704,6,1,6,3,3,0,71,130,0,0,0,1,0,3,2013,3,2013,0,87,86,0,0,1,2,40,3,2,2,2,0,0,14,80,2,1,1,13,0,0
17,170622,1,2,1,8,10,10,12,12,6,1,0,17,1,7,442,7442,20,2006,2D4GP44L86R7,2,D,4,G,P,4,4,L,8,6,R,7,0,0,0,000000000,00000000000,0,0,0,1,0,0,0,0,0,0,0,998,0,0,0,7,6,2,8,0,0,0,1,17,60506,6,1,0,0,3,0,64,140,0,0,0,0,0,0,0,0,0,0,6,31,0,0,1,2,25,2,1,2,1,0,0,13,17,1,7,2,92,0,0
17,170622,2,2,1,8,10,10,12,12,6,1,0,17,1,20,36,20036,2,1998,2G1WW12M6W91,2,G,1,W,W,1,2,M,6,W,9,1,0,0,0,000000000,00000000000,0,0,0,1,0,0,0,0,0,0,0,998,0,0,0,12,4,5,12,0,0,0,1,17,60506,6,1,0,0,3,0,69,145,0,0,0,0,0,0,0,0,0,0,0,0,0,0,1,2,25,1,1,2,1,0,0,1,56,2,1,1,93,0,0
17,170623,1,1,4,27,7,1,50,33,0,1,0,17,5,24,5,24005,4,2000,1G8JS52F3YY6,1,G,8,J,S,5,2,F,3,Y,Y,6,0,0,0,000000000,00000000000,0,0,0,1,0,0,0,0,0,0,0,63,0,0,0,99,6,2,30,0,0,0,1,17,60827,0,0,0,0,0,0,68,146,0,0,0,0,0,0,0,0,0,3,36,0,0,0,1,4,35,1,1,2,1,0,0,15,51,7,3,4,3,2,0