STATE,ST_CASE,VEH_NO,VE_FORMS,NUMOCCS,DAY,MONTH,HOUR,MINUTE,HARM_EV,MAN_COLL,UNITTYPE,HIT_RUN,REG_STAT,OWNER,MAKE,MODEL,MAK_MOD,BODY_TYP,MOD_YEAR,VIN,VIN_1,VIN_2,VIN_3,VIN_4,VIN_5,VIN_6,VIN_7,VIN_8,VIN_9,VIN_10,VIN_11,VIN_12,TOW_VEH,J_KNIFE,MCARR_I1,MCARR_I2,MCARR_ID,GVWR,V_CONFIG,CARGO_BT,HAZ_INV,HAZ_PLAC,HAZ_ID,HAZ_CNO,HAZ_REL,BUS_USE,SPEC_USE,EMER_USE,TRAV_SP,UNDERIDE,ROLLOVER,ROLINLOC,IMPACT1,DEFORMED,TOWED,M_HARM,VEH_SC1,VEH_SC2,FIRE_EXP,DR_PRES,L_STATE,DR_ZIP,L_STATUS,L_TYPE,CDL_STAT,L_ENDORS,L_COMPL,L_RESTRI,DR_HGT,DR_WGT,PREV_ACC,PREV_SUS,PREV_DWI,PREV_SPD,PREV_OTH,FIRST_MO,FIRST_YR,LAST_MO,LAST_YR,SPEEDREL,DR_SF1,DR_SF2,DR_SF3,DR_SF4,VTRAFWAY,VNUM_LAN,VSPD_LIM,VALIGN,VPROFILE,VPAVETYP,VSURCOND,VTRAFCON,VTCONT_F,P_CRASH1,P_CRASH2,P_CRASH3,PCRASH4,PCRASH5,ACC_TYPE,DEATHS,DR_DRINK
17,170624,1,2,1,17,9,17,43,12,6,1,0,18,1,7,41,7041,4,1996,1B3HD46T7TF1,1,B,3,H,D,4,6,T,7,T,F,1,0,0,0,000000000,00000000000,0,0,0,1,0,0,0,0,0,0,0,998,0,0,0,1,4,3,12,0,0,0,1,18,47859,6,1,0,0,3,3,67,120,0,0,0,0,0,0,0,0,0,0,38,53,0,0,1,5,35,1,1,2,1,2,3,11,15,1,1,1,68,0,0
17,170624,2,2,1,17,9,17,43,12,6,1,0,17,1,72,706,72706,80,2000,1HD4CJM12YK1,1,H,D,4,C,J,M,1,2,Y,K,1,0,0,0,000000000,00000000000,0,0,0,1,0,0,0,0,0,0,0,35,0,0,0,12,6,2,12,0,0,0,1,17,61833,6,1,0,0,3,0,68,150,0,0,0,0,0,0,0,0,0,0,0,0,0,0,1,5,35,1,1,2,1,2,3,1,62,3,2,1,69,1,0
17,170625,1,3,2,26,9,11,49,12,6,1,0,17,1,20,481,20481,31,2005,1GCEC19T25Z1,1,G,C,E,C,1,9,T,2,5,Z,1,0,0,0,000000000,00000000000,0,0,0,1,0,0,0,0,0,0,0,998,0,0,0,12,6,2,12,0,0,0,1,17,61920,6,1,0,0,3,1,67,145,0,0,0,0,0,0,0,0,0,0,38,0,0,0,2,2,55,1,1,2,1,0,0,11,15,1,1,1,68,1,0
17,170625,2,3,1,26,9,11,49,12,6,1,0,21,1,7,482,7482,31,2006,3D7LL39C56G2,3,D,7,L,L,3,9,C,5,6,G,2,0,0,0,000000000,00000000000,0,0,0,1,0,0,0,0,0,0,0,998,0,0,0,63,6,2,12,0,0,0,1,21,42303,6,1,0,0,3,0,70,220,0,0,0,0,0,0,0,0,0,0,0,0,0,0,2,2,55,1,1,2,1,0,0,1,62,7,1,2,69,0,0
17,170625,3,3,1,26,9,11,49,12,6,1,0,17,1,35,47,35047,4,2013,1N4AL3AP6DC9,1,N,4,A,L,3,A,P,6,D,C,9,0,0,0,000000000,00000000000,0,0,0,1,0,0,0,0,0,0,0,0,0,0,0,12,2,5,54,0,0,0,1,17,61938,6,1,0,0,3,1,66,150,0,0,0,0,0,0,0,0,0,0,0,0,0,0,2,2,55,1,1,2,1,20,3,5,98,1,1,1,98,0,0
17,170626,1,1,2,7,10,4,30,35,0,1,0,17,1,14,401,14401,14,2002,4M2ZU86E62ZJ,4,M,2,Z,U,8,6,E,6,2,Z,J,0,0,0,000000000,00000000000,0,0,0,1,0,0,0,0,0,0,0,998,0,1,5,1,6,2,1,0,0,0,1,17,61085,6,1,0,0,3,0,68,180,0,0,0,0,0,0,0,0,0,0,83,58,0,0,1,2,55,1,6,2,1,0,0,1,87,6,2,4,2,1,0
17,170627,1,1,1,3,10,1,10,34,0,1,0,17,1,12,481,12481,31,2002,1FTSF31F82EC,1,F,T,S,F,3,1,F,8,2,E,C,0,0,0,000000000,00000000000,0,0,0,1,0,0,0,0,0,0,0,998,0,1,5,11,6,2,1,0,0,0,1,17,61944,6,1,0,0,3,1,75,180,0,0,0,1,0,6,2012,6,2012,0,0,0,0,0,1,2,55,1,1,2,2,0,0,1,6,1,3,4,2,1,0
17,170628,1,1,1,8,10,19,20,8,0,1,0,17,2,19,18,19018,4,2009,1G6DT57V4901,1,G,6,D,T,5,7,V,4,9,0,1,0,0,0,000000000,00000000000,0,0,0,1,0,0,0,0,0,0,0,35,0,0,0,12,4,5,8,0,0,0,1,17,60068,6,1,0,0,3,1,65,150,0,0,0,0,0,0,0,0,0,0,0,0,0,0,1,2,35,1,1,2,1,0,0,1,81,1,1,3,13,0,0
17,170629,1,2,1,10,10,19,24,8,0,1,0,17,2,7,402,7402,14,2001,1B4HS28N51F6,1,B,4,H,S,2,8,N,5,1,F,6,0,0,0,000000000,00000000000,0,0,0,1,0,0,0,0,0,0,0,998,0,0,0,11,6,2,8,0,0,0,1,6,92653,6,1,0,0,3,0,73,190,0,0,0,0,0,0,0,0,0,0,0,0,0,0,2,2,55,1,1,2,1,0,0,1,80,7,1,3,13,0,0
17,170629,2,2,1,10,10,19,24,8,0,1,0,17,1,22,16,22016,4,1998,1G2JB524XW75,1,G,2,J,B,5,2,4,X,W,7,5,0,0,0,000000000,00000000000,0,0,0,1,0,0,0,0,0,0,0,998,0,0,0,12,6,2,8,0,0,0,1,17,61523,6,1,0,0,3,1,77,220,0,0,0,2,0,6,2013,7,2013,0,0,0,0,0,2,2,55,1,1,2,1,0,0,1,80,1,1,3,98,0,0
17,170630,1,1,1,14,10,23,50,8,0,1,1,99,9,99,399,99399,9,9999,999999999999,9,9,9,9,9,9,9,9,9,9,9,9,0,0,0,000000000,00000000000,0,0,0,1,0,0,0,0,0,0,0,998,0,0,0,12,9,5,8,0,0,0,1,99,99999,9,9,99,9,9,9,999,999,99,99,99,99,99,99,9999,99,9999,9,99,99,99,99,2,2,98,1,1,2,2,0,0,1,80,1,1,3,13,0,0
17,170631,1,1,1,11,10,21,48,8,0,1,0,17,1,24,401,24401,14,2003,5GZCZ33D03S8,5,G,Z,C,Z,3,3,D,0,3,S,8,0,0,0,000000000,00000000000,0,0,0,1,0,0,0,0,0,0,0,998,0,0,0,11,6,2,8,0,0,0,1,17,60403,6,1,0,0,3,0,72,198,0,0,0,0,0,0,0,0,0,0,0,0,0,0,1,2,40,1,1,2,1,0,0,1,80,1,1,1,13,0,0
17,170632,1,1,1,13,9,22,58,42,0,1,0,17,1,6,43,6043,4,2004,1C3EL46X04N1,1,C,3,E,L,4,6,X,0,4,N,1,0,0,0,000000000,00000000000,0,0,0,1,0,0,0,0,0,0,0,998,0,0,0,12,6,2,42,0,0,0,1,17,62907,6,1,0,0,3,0,71,140,0,0,0,1,1,12,2011,12,2012,3,0,0,0,0,1,2,55,3,9,2,1,0,0,14,6,3,2,4,7,1,1
17,170633,1,1,1,7,10,8,35,32,0,1,0,17,2,52,37,52037,2,2006,4A3AK44T16E0,4,A,3,A,K,4,4,T,1,6,E,0,0,0,0,000000000,00000000000,0,0,0,1,0,0,0,0,0,0,0,998,0,1,5,99,6,2,32,0,0,0,1,17,60548,6,1,0,0,3,1,74,220,0,0,0,2,0,5,2012,9,2012,3,27,33,0,0,1,2,55,2,1,2,1,40,3,6,6,3,2,4,7,1,0
17,170634,1,1,1,15,10,18,55,14,0,1,0,17,2,37,706,37706,80,2003,1HFSC49373A1,1,H,F,S,C,4,9,3,7,3,A,1,0,0,0,000000000,00000000000,0,0,0,1,0,0,0,0,0,0,0,998,0,0,0,12,6,2,14,0,0,0,1,17,60636,1,1,0,0,2,9,72,205,0,1,0,0,0,3,2014,3,2014,3,50,0,0,0,4,1,30,1,1,2,2,0,0,1,6,1,1,4,11,1,0
17,170635,1,1,1,9,10,6,45,33,0,1,0,17,2,55,33,55033,4,2010,5NPET4AC9AH6,5,N,P,E,T,4,A,C,9,A,H,6,0,0,0,000000000,00000000000,0,0,0,1,0,0,0,0,0,0,0,998,0,1,6,1,6,2,42,0,0,0,1,17,60090,6,1,0,0,3,3,60,175,0,0,0,0,0,0,0,0,0,5,36,0,0,0,1,2,35,3,1,2,1,0,0,14,13,1,1,4,1,1,0
17,170636,1,1,1,11,10,10,30,35,0,1,0,17,1,54,421,54421,15,2002,2HNYD18692H5,2,H,N,Y,D,1,8,6,9,2,H,5,0,0,0,000000000,00000000000,0,0,0,1,0,0,0,0,0,0,0,998,0,1,6,12,6,2,1,0,0,1,1,17,61721,6,1,6,1,3,1,69,175,0,0,0,1,0,8,2012,8,2012,3,58,0,0,0,1,2,55,3,3,2,1,0,0,14,13,6,2,4,1,1,1
17,170637,1,1,2,17,10,17,13,8,0,1,0,17,2,52,37,52037,2,2007,4A3AK24F07E0,4,A,3,A,K,2,4,F,0,7,E,0,0,0,0,000000000,00000000000,0,0,0,1,0,0,0,0,0,0,0,998,0,0,0,12,2,3,8,0,0,0,1,17,61605,1,1,0,0,2,0,65,120,2,1,0,0,1,11,2012,3,2014,0,86,0,0,0,5,4,35,1,2,2,1,0,0,1,80,2,1,1,13,0,0
17,170638,1,2,1,16,10,17,5,12,6,1,0,17,1,49,32,49032,4,2013,2T1BU4EE6DC9,2,T,1,B,U,4,E,E,6,D,C,9,0,0,0,000000000,00000000000,0,0,0,1,0,0,0,0,0,0,0,998,0,0,0,3,6,2,12,0,0,0,1,17,62420,6,1,0,0,3,3,62,127,0,0,0,0,0,0,0,0,0,0,39,0,0,0,1,2,55,1,1,2,1,20,3,1,17,1,1,1,87,1,0
17,170638,2,2,1,16,10,17,5,12,6,1,0,17,2,12,461,12461,21,2005,1FBNE31L85HA,1,F,B,N,E,3,1,L,8,5,H,A,0,0,0,000000000,00000000000,0,0,0,1,0,0,0,0,0,0,0,998,0,0,0,12,6,2,12,0,0,0,1,17,61943,6,1,0,0,3,1,69,220,0,0,0,0,0,0,0,0,0,0,0,0,0,0,1,2,55,1,1,2,1,0,0,1,66,1,1,1,86,0,0
17,170639,1,1,2,12,10,13,5,34,0,1,0,17,1,12,481,12481,31,2004,1FTPX12514NC,1,F,T,P,X,1,2,5,1,4,N,C,0,0,0,000000000,00000000000,0,0,0,1,0,0,0,0,0,0,0,998,0,0,0,12,6,2,32,0,0,0,1,17,62675,6,1,0,0,3,0,66,180,0,0,0,0,0,0,0,0,0,0,0,0,0,0,1,2,55,3,1,2,2,40,3,14,9,1,1,4,6,2,0
17,170640,1,1,1,3,8,4,0,35,0,1,0,17,1,34,34,34034,4,2011,WBAPH7G51BNN,W,B,A,P,H,7,G,5,1,B,N,N,0,0,0,000000000,00000000000,0,0,0,1,0,0,0,0,0,0,0,998,0,1,3,14,6,2,1,0,0,0,1,17,61525,6,1,0,0,3,3,71,160,0,0,0,0,0,0,0,0,0,3,39,0,0,0,2,2,65,2,1,2,1,0,0,14,12,1,1,4,6,1,1
17,170641,1,1,1,30,7,12,34,8,0,1,0,17,0,37,402,37402,14,2012,5J6RM4H76CL0,5,J,6,R,M,4,H,7,6,C,L,0,0,0,0,000000000,00000000000,0,0,0,1,0,0,0,0,0,0,0,998,0,0,0,11,9,2,8,0,0,0,1,17,61201,6,1,0,0,3,1,69,145,0,0,0,0,0,0,0,0,0,0,0,0,0,0,1,2,30,1,1,2,1,0,0,1,80,99,1,1,13,0,0
17,170642,1,1,1,17,8,4,39,25,0,1,0,17,1,76,705,76705,80,2002,JYAVP14E32A0,J,Y,A,V,P,1,4,E,3,2,A,0,0,0,0,000000000,00000000000,0,0,0,1,0,0,0,0,0,0,0,998,0,0,0,11,6,2,25,0,0,0,1,17,60181,6,1,0,0,2,0,75,180,0,0,0,0,0,0,0,0,0,4,28,0,0,0,6,1,98,4,2,1,1,0,0,14,6,99,2,4,6,1,1
17,170643,1,1,1,29,8,9,12,9,0,1,0,17,2,42,401,42401,14,2014,4JGDA5HB2EA3,4,J,G,D,A,5,H,B,2,E,A,3,0,0,0,000000000,00000000000,0,0,0,1,0,0,0,0,0,0,0,10,0,0,0,6,2,5,9,0,0,0,1,17,60540,6,1,0,0,3,0,66,147,0,0,0,0,0,0,0,0,0,0,86,38,31,0,1,2,98,1,1,2,1,0,0,13,83,10,1,7,98,0,0
17,170644,1,1,3,2,10,15,10,42,0,1,0,17,2,7,402,7402,14,2001,1B4HS28Z61F6,1,B,4,H,S,2,8,Z,6,1,F,6,0,0,0,000000000,00000000000,0,0,0,1,0,0,0,0,0,0,0,45,0,0,0,9,6,2,42,0,0,0,1,17,62959,6,1,0,0,3,0,69,130,0,0,0,0,0,0,0,0,0,4,52,0,0,0,1,2,55,1,2,2,2,0,0,1,51,6,3,4,7,2,0
17,170645,1,2,2,3,10,16,43,12,6,1,0,17,2,12,3,12003,2,1970,01F131480XXX,0,1,F,1,3,1,4,8,0,X,X,X,0,0,0,000000000,00000000000,0,0,0,1,0,0,0,0,0,0,0,998,0,0,0,3,6,2,12,0,0,0,1,17,62025,6,2,0,0,3,0,68,185,0,0,0,0,0,0,0,0,0,4,36,0,0,0,5,2,45,1,1,2,2,0,0,3,6,99,4,2,64,1,0
17,170645,2,2,1,3,10,16,43,12,6,1,0,17,1,35,403,35403,14,2012,JN8AF5MV0CT1,J,N,8,A,F,5,M,V,0,C,T,1,0,0,0,000000000,00000000000,0,0,0,1,0,0,0,0,0,0,0,998,0,0,0,12,6,2,12,0,0,0,1,17,62025,6,1,0,0,3,1,64,150,0,0,0,0,0,0,0,0,0,0,0,0,0,0,5,2,45,1,1,2,2,0,0,1,62,99,1,1,65,0,0
17,170646,1,2,1,16,10,9,10,12,6,1,0,17,1,23,421,23421,15,1997,1GKEK13R0VJ7,1,G,K,E,K,1,3,R,0,V,J,7,0,0,0,000000000,00000000000,0,0,0,1,0,0,0,0,0,0,0,998,0,0,0,9,6,2,12,0,0,0,1,17,61410,6,1,0,0,3,3,67,140,0,0,0,0,0,0,0,0,0,0,38,24,0,0,1,2,55,1,1,2,1,0,0,10,16,1,1,1,78,1,0
17,170646,2,2,2,16,10,9,10,12,6,1,0,17,1,22,20,22020,4,2005,2G2WS5220511,2,G,2,W,S,5,2,2,0,5,1,1,0,0,0,000000000,00000000000,0,0,0,1,0,0,0,0,0,0,0,38,0,0,0,12,6,2,12,0,0,0,1,17,61410,6,1,0,0,3,0,61,120,0,0,0,0,0,0,0,0,0,0,0,0,0,0,1,2,55,1,1,2,1,0,0,1,70,1,1,1,79,0,0
17,170647,1,2,1,22,10,22,39,12,6,1,0,17,3,7,24,7024,4,2010,2B3AA4CV0AH2,2,B,3,A,A,4,C,V,0,A,H,2,0,0,0,000000000,00000000000,0,0,0,1,0,0,0,0,0,5,5,89,0,0,0,12,6,2,12,0,0,0,1,17,62234,6,1,0,0,3,0,70,175,0,0,0,0,0,0,0,0,0,0,16,37,0,0,1,2,40,1,1,2,1,0,0,6,61,6,1,2,73,0,0
17,170647,2,2,1,22,10,22,39,12,6,1,0,17,1,12,16,12016,4,1999,2FAFP71W6XX2,2,F,A,F,P,7,1,W,6,X,X,2,0,0,0,000000000,00000000000,0,0,0,1,0,0,0,0,0,0,0,998,0,0,0,9,6,2,30,0,0,0,1,17,62232,6,1,6,1,3,0,73,350,0,0,0,0,0,0,0,0,0,0,0,0,0,0,1,2,40,1,1,2,1,0,0,11,15,1,1,1,72,1,0
17,170649,1,1,2,11,10,16,8,34,0,1,0,17,1,7,482,7482,31,2005,1D7HU18D45S1,1,D,7,H,U,1,8,D,4,5,S,1,0,0,0,000000000,00000000000,0,0,0,1,0,0,0,0,0,0,0,998,0,1,5,98,6,2,1,0,0,0,1,17,61501,6,1,0,0,3,0,70,170,0,0,0,0,0,0,0,0,0,0,0,0,0,0,1,2,55,1,1,2,1,0,0,1,12,1,1,4,6,1,0
17,170650,1,1,2,8,10,1,43,39,0,1,0,17,2,49,40,49040,4,2004,4T1BE32K74U3,4,T,1,B,E,3,2,K,7,4,U,3,0,0,0,000000000,00000000000,0,0,0,1,0,0,0,0,0,0,0,998,0,0,0,12,6,2,39,0,0,0,1,17,60618,0,0,0,0,0,0,69,226,0,0,0,0,0,0,0,0,0,3,36,0,0,0,1,2,30,2,1,2,1,0,0,14,6,1,2,4,7,1,0
17,170652,1,2,2,17,10,15,32,12,1,1,0,17,3,51,881,51881,66,2006,4V4NC9TG16N4,4,V,4,N,C,9,T,G,1,6,N,4,1,1,57,578794,57578794,3,6,1,1,0,0,0,0,0,0,0,998,0,0,0,6,2,3,12,0,0,0,1,17,62621,6,1,6,1,3,1,69,195,0,0,0,1,2,2,2013,8,2014,0,39,45,48,89,2,2,70,1,1,2,1,0,0,2,53,1,1,1,98,0,0
17,170652,2,2,1,17,10,15,32,12,1,1,0,17,2,20,398,20398,8,2005,1G1ND52F55M1,1,G,1,N,D,5,2,F,5,5,M,1,0,0,0,000000000,00000000000,0,0,0,1,0,0,0,0,0,0,0,71,0,0,0,12,6,2,12,0,0,0,1,17,62401,6,1,0,0,3,0,62,122,0,0,0,0,0,0,0,0,0,0,0,0,0,0,2,2,70,1,1,2,1,0,0,1,52,7,2,1,98,1,0
17,170653,1,1,2,7,10,20,58,9,0,1,0,17,1,55,421,55421,15,2012,KM8NU4CC8CU1,K,M,8,N,U,4,C,C,8,C,U,1,0,0,0,000000000,00000000000,0,0,0,1,0,0,0,0,0,0,0,36,0,0,0,12,2,5,9,0,0,0,1,17,60123,6,1,0,0,3,0,72,170,0,0,0,0,0,0,0,0,0,0,86,0,0,0,1,4,35,1,1,2,1,0,0,1,80,1,1,1,13,0,0
17,170654,1,1,1,23,10,7,1,34,0,1,0,17,1,35,43,35043,4,2009,3N1BC11E19L4,3,N,1,B,C,1,1,E,1,9,L,4,0,0,0,000000000,00000000000,0,0,0,1,0,0,0,0,0,0,0,998,0,1,5,99,6,2,34,0,0,0,1,17,62668,6,1,0,0,3,0,66,180,0,0,0,0,0,0,0,0,0,9,0,0,0,0,1,2,55,1,1,2,1,0,0,1,9,99,2,4,2,1,0
17,170655,1,3,2,10,10,13,26,12,6,1,1,17,1,35,47,35047,4,2001,1N4DL01D71C2,1,N,4,D,L,0,1,D,7,1,C,2,0,0,0,000000000,00000000000,0,0,0,1,0,0,0,0,0,0,0,998,0,0,0,3,6,2,12,0,0,0,1,17,61856,6,1,0,0,3,0,74,200,0,0,0,0,0,0,0,0,0,0,0,0,0,0,1,4,35,1,1,2,1,2,3,1,17,1,1,1,87,1,0
17,170655,2,3,1,10,10,13,26,12,6,1,0,17,4,7,880,7880,67,2012,3C7WDNBL9CG2,3,C,7,W,D,N,B,L,9,C,G,2,0,0,88,888888888,88888888888,2,1,97,1,0,0,0,0,0,0,0,998,0,0,0,12,2,5,12,0,0,0,1,17,61864,6,1,6,1,3,0,68,165,0,0,0,0,0,0,0,0,0,0,0,0,0,0,5,4,35,1,1,2,1,2,3,1,66,3,1,1,86,0,0
17,170655,3,3,1,10,10,13,26,12,6,1,0,17,1,35,52,35052,6,2009,JN8AZ28R09T1,J,N,8,A,Z,2,8,R,0,9,T,1,0,0,0,000000000,00000000000,0,0,0,1,0,0,0,0,0,0,0,0,0,0,0,11,2,5,12,0,0,0,1,17,61822,6,1,0,0,3,0,63,161,1,0,0,1,0,10,2013,10,2013,0,0,0,0,0,5,4,35,1,1,2,1,2,3,5,62,1,1,1,98,0,0
17,170656,1,3,3,25,10,22,30,12,6,1,0,17,1,55,33,55033,4,2011,5NPEB4AC5BH0,5,N,P,E,B,4,A,C,5,B,H,0,0,0,0,000000000,00000000000,0,0,0,1,0,0,0,0,0,0,0,64,0,0,0,12,6,2,12,0,0,0,1,17,62704,6,1,0,0,3,3,64,115,0,0,0,0,0,0,0,0,0,3,26,27,35,33,1,2,55,1,1,2,1,0,0,6,10,1,1,2,65,1,1
17,170656,2,3,1,25,10,22,30,12,6,1,0,17,1,6,43,6043,4,2004,1C3EL56R54N1,1,C,3,E,L,5,6,R,5,4,N,1,0,0,0,000000000,00000000000,0,0,0,1,0,0,0,0,0,0,0,49,0,0,0,3,6,2,12,0,0,0,1,17,62677,6,2,0,0,3,0,59,120,0,0,0,0,0,0,0,0,0,0,0,0,0,0,1,2,55,1,1,2,1,0,0,17,8,1,2,6,64,1,0
17,170656,3,3,5,25,10,22,30,12,6,1,0,17,1,48,34,48034,6,2006,4S4BP61C5673,4,S,4,B,P,6,1,C,5,6,7,3,0,0,0,000000000,00000000000,0,0,0,1,0,0,0,0,0,0,0,998,0,0,0,14,2,5,54,0,0,0,1,17,62703,6,1,0,0,3,0,57,120,0,0,0,0,0,0,0,0,0,0,81,84,0,0,1,2,55,1,1,2,1,0,0,1,90,7,1,4,98,0,0
17,170657,1,1,1,25,10,18,14,14,0,1,0,17,1,72,706,72706,80,2005,1HD1BWB165Y0,1,H,D,1,B,W,B,1,6,5,Y,0,0,0,0,000000000,00000000000,0,0,0,1,0,0,0,0,0,0,0,998,0,0,0,12,6,2,14,0,0,0,1,17,62306,6,1,0,0,3,0,68,180,0,0,0,0,0,0,0,0,0,0,28,0,0,0,1,2,30,3,2,2,1,0,0,14,13,1,1,4,98,1,1
17,170658,1,1,1,2,9,15,32,33,0,1,0,17,1,12,401,12401,14,2002,1FMZU73W12UD,1,F,M,Z,U,7,3,W,1,2,U,D,0,0,0,000000000,00000000000,0,0,0,1,0,0,0,0,0,0,0,998,0,0,0,98,6,2,35,0,0,0,1,17,62207,6,1,0,0,3,3,68,203,0,0,0,0,0,0,0,0,0,0,99,99,99,99,1,4,98,1,1,2,1,0,0,1,99,99,9,4,10,1,0
17,170659,1,4,2,26,10,14,14,12,6,1,0,17,1,18,4,18004,4,1994,1G4BN52P4RR4,1,G,4,B,N,5,2,P,4,R,R,4,0,0,0,000000000,00000000000,0,0,0,1,0,0,0,0,0,0,0,76,0,0,0,12,6,2,12,0,0,0,1,17,61611,6,1,0,0,3,3,63,90,0,0,0,0,0,0,0,0,0,5,39,0,0,0,2,2,55,1,1,2,1,1,3,1,66,1,1,1,88,0,0
17,170659,2,4,1,26,10,14,14,12,6,1,0,17,2,12,16,12016,4,1997,2FALP74W3VX1,2,F,A,L,P,7,4,W,3,V,X,1,0,0,0,000000000,00000000000,0,0,0,1,0,0,0,0,0,0,0,16,0,0,0,9,6,2,12,0,0,0,1,17,61571,6,1,0,0,3,3,67,235,0,0,0,0,0,0,0,0,0,0,0,0,0,0,1,2,55,1,1,2,1,1,3,4,66,1,1,1,89,1,0
17,170659,3,4,2,26,10,14,14,12,6,1,0,17,1,49,51,49051,4,2007,JTDBT9235711,J,T,D,B,T,9,2,3,5,7,1,1,0,0,0,000000000,00000000000,0,0,0,1,0,0,0,0,0,0,0,0,0,0,0,12,6,2,12,0,0,0,1,17,61570,6,1,6,0,3,3,66,120,0,0,0,0,0,0,0,0,0,0,0,0,0,0,2,2,55,1,1,2,1,1,3,5,62,1,1,1,98,0,0
17,170659,4,4,1,26,10,14,14,12,6,1,0,17,3,20,481,20481,31,2012,1GCNCPE05CZ1,1,G,C,N,C,P,E,0,5,C,Z,1,0,0,0,000000000,00000000000,0,0,0,1,0,0,0,0,0,0,0,0,0,0,0,7,6,2,12,0,0,0,1,17,61548,6,1,0,0,3,3,74,270,0,0,0,1,0,3,2014,3,2014,0,0,0,0,0,2,2,55,1,1,2,1,1,3,5,62,1,1,1,98,0,0
17,170660,1,2,1,26,10,16,14,12,2,1,0,17,1,14,6,14006,4,2003,2MEFM74W63X6,2,M,E,F,M,7,4,W,6,3,X,6,0,0,0,000000000,00000000000,0,0,0,1,0,0,0,0,0,0,0,998,0,0,0,12,6,2,12,0,0,0,1,17,61554,6,1,0,0,3,9,65,159,0,0,0,0,0,0,0,0,0,0,28,0,0,0,2,2,55,1,1,2,1,0,0,1,10,1,1,3,50,1,0
17,170660,2,2,2,26,10,16,14,12,2,1,0,17,1,12,471,12471,30,2011,1FTKR4EE3BPB,1,F,T,K,R,4,E,E,3,B,P,B,0,0,0,000000000,00000000000,0,0,0,1,0,0,0,0,0,0,0,998,0,0,0,12,6,2,12,0,0,0,1,17,61554,6,1,0,0,3,0,70,195,0,0,0,0,0,0,0,0,0,0,0,0,0,0,2,2,55,1,1,2,1,0,0,1,62,4,1,3,51,1,0
17,170661,1,2,3,20,8,19,35,12,6,1,0,17,2,22,18,22018,2,2000,1G2NW12E3YM8,1,G,2,N,W,1,2,E,3,Y,M,8,0,0,0,000000000,00000000000,0,0,0,1,0,0,0,0,0,0,0,61,0,0,0,12,6,2,12,0,0,0,1,17,61108,6,1,0,0,3,0,73,197,0,0,0,1,1,9,2013,7,2014,0,36,37,39,0,3,2,45,1,1,1,1,3,3,1,17,99,1,2,88,0,0
17,170661,2,2,1,20,8,19,35,12,6,1,0,17,1,37,31,37031,4,2001,JHMES26761S0,J,H,M,E,S,2,6,7,6,1,S,0,0,0,0,000000000,00000000000,0,0,0,1,0,0,0,0,0,0,0,33,0,0,0,61,6,2,12,0,0,0,1,17,61109,6,1,0,0,3,0,69,145,0,0,0,0,0,0,0,0,0,0,0,0,0,0,3,2,45,1,1,1,1,3,3,4,66,99,1,1,89,1,0
17,170662,1,1,2,25,10,22,30,24,0,1,0,17,2,6,16,6016,2,1994,1C3EU4538RF3,1,C,3,E,U,4,5,3,8,R,F,3,0,0,0,000000000,00000000000,0,0,0,1,0,0,0,0,0,0,0,998,0,1,5,12,6,2,1,0,0,1,1,17,61250,6,2,0,0,3,0,61,96,0,0,0,0,0,0,0,0,0,3,53,0,0,0,1,2,55,2,1,2,1,0,0,14,6,8,2,4,7,2,0
17,170663,1,1,1,20,9,5,52,8,0,1,0,17,1,20,37,20037,4,2012,1G1ZD5EU3CF1,1,G,1,Z,D,5,E,U,3,C,F,1,0,0,0,000000000,00000000000,0,0,0,1,0,0,0,0,0,0,0,998,0,0,0,12,6,2,8,0,0,0,1,17,60411,6,1,0,0,3,3,61,148,1,0,0,2,1,2,2012,10,2013,0,86,6,0,0,1,2,98,1,2,2,1,0,0,1,80,1,1,1,13,0,0
17,170664,1,2,1,18,10,16,4,33,0,1,0,17,1,20,22,20022,2,2007,1G1AL15F5771,1,G,1,A,L,1,5,F,5,7,7,1,0,0,0,000000000,00000000000,0,0,0,1,0,0,0,0,0,0,0,998,0,1,1,12,6,2,1,0,0,1,1,17,60014,6,1,0,0,3,0,66,180,0,0,0,0,0,0,0,0,0,0,28,0,0,0,2,2,55,2,1,2,1,1,3,14,9,1,2,4,7,1,0
17,170664,2,2,2,18,10,16,4,33,0,1,0,17,1,54,421,54421,15,2008,2HNYD28308H5,2,H,N,Y,D,2,8,3,0,8,H,5,0,0,0,000000000,00000000000,0,0,0,1,0,0,0,0,0,0,0,998,0,0,0,12,6,2,12,0,0,0,1,17,60098,6,1,0,0,3,0,68,196,0,0,0,0,0,0,0,0,0,0,0,0,0,0,2,2,55,3,1,2,1,1,3,14,62,1,1,1,98,0,0
17,170665,1,1,2,13,10,19,45,8,0,1,0,17,1,37,32,37032,4,2007,1HGCM56787A0,1,H,G,C,M,5,6,7,8,7,A,0,0,0,0,000000000,00000000000,0,0,0,1,0,0,0,0,0,0,0,998,0,0,0,12,6,2,8,0,0,0,1,17,61846,6,1,0,0,3,0,62,130,0,0,0,0,0,0,0,0,0,0,0,0,0,0,1,2,40,1,1,2,2,0,0,1,80,1,1,1,13,0,0