STATE,ST_CASE,VEH_NO,VE_FORMS,NUMOCCS,DAY,MONTH,HOUR,MINUTE,HARM_EV,MAN_COLL,UNITTYPE,HIT_RUN,REG_STAT,OWNER,MAKE,MODEL,MAK_MOD,BODY_TYP,MOD_YEAR,VIN,VIN_1,VIN_2,VIN_3,VIN_4,VIN_5,VIN_6,VIN_7,VIN_8,VIN_9,VIN_10,VIN_11,VIN_12,TOW_VEH,J_KNIFE,MCARR_I1,MCARR_I2,MCARR_ID,GVWR,V_CONFIG,CARGO_BT,HAZ_INV,HAZ_PLAC,HAZ_ID,HAZ_CNO,HAZ_REL,BUS_USE,SPEC_USE,EMER_USE,TRAV_SP,UNDERIDE,ROLLOVER,ROLINLOC,IMPACT1,DEFORMED,TOWED,M_HARM,VEH_SC1,VEH_SC2,FIRE_EXP,DR_PRES,L_STATE,DR_ZIP,L_STATUS,L_TYPE,CDL_STAT,L_ENDORS,L_COMPL,L_RESTRI,DR_HGT,DR_WGT,PREV_ACC,PREV_SUS,PREV_DWI,PREV_SPD,PREV_OTH,FIRST_MO,FIRST_YR,LAST_MO,LAST_YR,SPEEDREL,DR_SF1,DR_SF2,DR_SF3,DR_SF4,VTRAFWAY,VNUM_LAN,VSPD_LIM,VALIGN,VPROFILE,VPAVETYP,VSURCOND,VTRAFCON,VTCONT_F,P_CRASH1,P_CRASH2,P_CRASH3,PCRASH4,PCRASH5,ACC_TYPE,DEATHS,DR_DRINK
17,170755,1,2,1,26,11,4,38,12,2,1,0,17,1,22,22,22022,4,2008,1G2ZG57N6841,1,G,2,Z,G,5,7,N,6,8,4,1,0,0,0,000000000,00000000000,0,0,0,1,0,0,0,0,0,0,0,998,0,0,0,12,6,2,12,0,0,0,1,17,62521,6,1,0,0,3,3,66,230,0,0,0,0,0,0,0,0,0,4,0,0,0,0,1,2,35,1,1,2,1,0,0,1,10,99,1,2,50,1,1
17,170755,2,2,1,26,11,4,38,12,2,1,0,17,1,20,25,20025,4,2011,1G1PD5SH0B71,1,G,1,P,D,5,S,H,0,B,7,1,0,0,0,000000000,00000000000,0,0,0,1,0,0,0,0,0,0,0,998,0,0,0,12,6,2,12,0,0,0,1,17,62521,6,1,0,0,3,0,73,230,0,0,0,0,0,0,0,0,0,0,0,0,0,0,1,2,35,1,1,9,1,0,0,1,62,99,1,1,51,0,0
17,170756,1,1,1,23,10,18,41,15,0,1,1,17,1,12,481,12481,31,1995,1FTEX15Y6SKB,1,F,T,E,X,1,5,Y,6,S,K,B,0,0,0,000000000,00000000000,0,0,0,1,0,0,0,0,0,0,0,998,0,0,0,12,4,5,15,0,0,0,1,17,61704,6,1,0,0,3,3,72,180,0,0,0,0,0,0,0,0,0,0,0,0,0,0,1,2,45,1,1,2,1,0,0,1,80,99,1,1,13,0,0
17,170757,1,2,1,27,11,12,54,12,6,1,0,17,2,55,33,55033,4,2009,5NPET46C49H4,5,N,P,E,T,4,6,C,4,9,H,4,0,0,0,000000000,00000000000,0,0,0,1,0,0,0,0,0,0,0,998,0,0,0,5,6,2,12,0,0,0,1,17,60491,6,1,0,0,3,0,70,178,0,0,0,0,0,0,0,0,0,4,38,0,0,0,1,2,55,1,1,2,3,0,0,11,15,99,9,3,68,0,0
17,170757,2,2,3,27,11,12,54,12,6,1,0,17,1,19,22,19022,4,2007,1G6KD57Y27U1,1,G,6,K,D,5,7,Y,2,7,U,1,0,0,0,000000000,00000000000,0,0,0,1,0,0,0,0,0,0,0,998,0,0,0,12,6,2,12,0,0,0,1,17,60120,6,1,0,0,3,0,71,220,0,0,0,0,0,0,0,0,0,0,0,0,0,0,1,2,55,1,1,2,3,0,0,1,55,99,9,3,69,1,0
17,170758,1,2,1,28,11,16,34,12,6,1,0,17,1,12,17,12017,6,1999,1FAFP58U7XG2,1,F,A,F,P,5,8,U,7,X,G,2,0,0,0,000000000,00000000000,0,0,0,1,0,0,0,0,0,0,0,998,0,0,0,3,6,2,12,0,0,0,1,17,60504,6,1,0,0,3,0,64,115,0,0,0,0,0,0,0,0,0,0,39,0,0,0,1,2,55,1,1,9,1,20,3,1,17,1,3,2,87,1,1
17,170758,2,2,1,28,11,16,34,12,6,1,0,17,1,13,5,13005,4,2002,1LNHM97V42Y6,1,L,N,H,M,9,7,V,4,2,Y,6,0,0,0,000000000,00000000000,0,0,0,1,0,0,0,0,0,0,0,998,0,0,0,12,6,2,12,0,0,0,1,17,60450,6,1,0,0,3,3,68,170,0,0,0,0,0,0,0,0,0,0,0,0,0,0,1,2,55,1,1,9,1,0,0,1,55,1,4,2,86,0,0
17,170759,1,1,2,13,11,17,43,9,0,1,0,17,2,7,482,7482,31,2005,1D7HU18D35S2,1,D,7,H,U,1,8,D,3,5,S,2,0,0,0,000000000,00000000000,0,0,0,1,0,0,0,0,0,0,0,40,0,0,0,12,2,3,9,0,0,0,1,17,61565,4,1,4,1,2,1,69,240,0,1,0,0,0,8,2014,8,2014,0,0,0,0,0,5,5,45,1,1,2,1,0,0,15,80,99,1,1,13,0,0
17,170760,1,1,1,22,11,2,50,1,0,1,0,17,1,20,402,20402,14,1994,2CNBJ1866R69,2,C,N,B,J,1,8,6,6,R,6,9,0,0,0,000000000,00000000000,0,0,0,1,0,0,0,0,0,0,0,998,0,1,5,0,6,2,34,0,0,0,1,17,60505,6,1,0,0,3,0,62,140,0,0,0,0,0,0,0,0,0,4,87,0,0,0,1,2,55,1,1,2,4,0,0,1,6,99,9,5,7,1,0
17,170761,1,2,2,26,11,19,15,12,6,1,0,17,1,2,404,2404,14,9999,999999999999,9,9,9,9,9,9,9,9,9,9,9,9,0,0,0,000000000,00000000000,0,0,0,1,0,0,0,0,0,0,0,998,3,0,0,12,6,2,12,0,0,0,1,17,62466,6,1,0,0,3,0,71,145,0,0,0,1,0,9,2013,9,2013,0,39,0,0,0,1,2,55,1,1,2,2,20,3,1,17,99,1,1,86,2,0
17,170761,2,2,1,26,11,19,15,12,6,1,0,17,1,85,881,85881,63,1990,2XKADB9X2LM5,2,X,K,A,D,B,9,X,2,L,M,5,1,3,57,01225259,5701225259,3,4,98,1,0,0,0,0,0,0,0,998,0,1,1,5,6,2,12,0,0,0,1,17,62481,6,1,6,3,3,0,69,150,0,0,0,0,0,0,0,0,0,0,0,0,0,0,1,2,55,1,1,2,2,99,9,1,55,99,4,2,87,0,0
17,170762,1,2,1,17,11,8,10,12,2,1,0,17,1,20,37,20037,4,2012,1G1ZE5E0XCF2,1,G,1,Z,E,5,E,0,X,C,F,2,0,0,0,000000000,00000000000,0,0,0,1,0,0,0,0,0,0,0,998,0,0,0,12,6,2,12,0,0,0,1,17,60084,6,1,0,0,3,0,74,235,0,0,0,0,0,0,0,0,0,0,28,0,0,0,1,2,40,3,2,2,1,0,0,14,10,99,9,3,50,1,0
17,170762,2,2,1,17,11,8,10,12,2,1,0,17,1,12,481,12481,31,2004,1FTNF20LX4EC,1,F,T,N,F,2,0,L,X,4,E,C,0,0,0,000000000,00000000000,0,0,0,1,0,0,0,0,0,0,0,998,0,0,0,12,6,2,12,0,0,1,1,17,60073,6,1,0,0,3,0,73,225,0,0,0,0,0,0,0,0,0,0,0,0,0,0,1,2,40,3,2,2,1,0,0,14,62,99,9,3,51,0,0
17,170763,1,1,1,5,7,23,45,8,0,1,0,99,9,51,881,51881,66,2005,4V4NC9TG65N3,4,V,4,N,C,9,T,G,6,5,N,3,0,0,57,540864,57540864,3,5,96,1,0,0,0,0,0,0,0,998,0,0,0,99,0,5,8,0,0,0,1,17,60656,6,1,6,9,3,0,67,160,0,0,0,0,0,0,0,0,0,0,0,0,0,0,1,2,35,1,1,2,1,2,3,1,81,99,1,1,13,0,0
17,170764,1,3,2,2,11,19,1,12,6,1,0,17,2,52,34,52034,4,1999,4A3AA56L1XE1,4,A,3,A,A,5,6,L,1,X,E,1,0,0,0,000000000,00000000000,0,0,0,1,0,0,0,0,0,0,0,998,0,0,0,12,9,5,12,0,0,0,1,17,62249,6,2,0,0,3,3,62,125,0,0,0,0,0,0,0,0,0,0,39,38,0,0,1,2,55,1,1,2,1,20,3,1,17,99,1,1,88,0,0
17,170764,2,3,1,2,11,19,1,12,6,1,0,17,2,2,404,2404,14,1996,1J4FX58S5TC2,1,J,4,F,X,5,8,S,5,T,C,2,0,0,0,000000000,00000000000,0,0,0,1,0,0,0,0,0,0,0,998,0,1,1,61,6,2,12,0,0,0,1,17,62249,6,1,0,0,3,3,62,185,0,0,0,0,0,0,0,0,0,0,0,0,0,0,1,2,55,1,1,2,1,0,0,1,66,99,3,3,89,1,0
17,170764,3,3,1,2,11,19,1,12,6,1,0,20,3,85,881,85881,63,2007,1XKADB8X27J0,1,X,K,A,D,B,8,X,2,7,J,0,1,1,57,291843,57291843,3,4,2,1,0,0,0,0,0,0,0,998,0,0,0,12,9,5,12,0,0,0,1,17,62025,6,1,6,9,3,0,72,230,0,0,0,0,0,0,0,0,0,0,0,0,0,0,1,2,55,1,1,2,1,0,0,1,51,99,1,1,98,0,0
17,170765,1,1,1,2,12,7,45,42,0,1,0,17,1,20,481,20481,31,2004,2GCEK13T1413,2,G,C,E,K,1,3,T,1,4,1,3,0,0,0,000000000,00000000000,0,0,0,1,0,0,0,0,0,0,0,998,0,0,0,6,6,2,42,0,0,0,1,17,62821,6,1,0,0,3,0,63,135,0,0,0,0,0,0,0,0,0,0,79,87,0,0,1,2,55,1,1,2,4,0,0,1,5,99,4,4,7,1,0
17,170766,1,1,1,28,9,15,46,32,0,1,0,17,1,72,706,72706,80,1993,1HD1DPL15PY5,1,H,D,1,D,P,L,1,5,P,Y,5,0,0,0,000000000,00000000000,0,0,0,1,0,0,0,0,0,0,0,998,0,0,0,12,6,2,32,0,0,0,1,17,61342,6,1,6,0,3,3,69,180,0,0,0,0,0,0,0,0,0,0,0,0,0,0,1,2,55,3,2,2,1,28,3,14,13,1,1,4,1,1,0
17,170767,1,1,1,3,12,9,14,10,0,1,0,17,1,98,881,98881,66,2006,2FWJA3DE26AW,2,F,W,J,A,3,D,E,2,6,A,W,1,1,57,215478,57215478,3,6,4,1,0,0,0,0,0,0,0,0,0,0,0,62,6,2,10,0,0,0,1,17,61103,6,1,6,9,3,0,69,200,0,0,0,0,0,0,0,0,0,0,38,0,0,0,1,2,55,1,1,2,1,65,3,5,91,1,1,1,15,1,0
17,170768,1,1,1,19,4,6,35,8,0,1,0,18,3,87,881,87881,66,1986,1XP9DB9X5GD2,1,X,P,9,D,B,9,X,5,G,D,2,1,1,77,777777777,77777777777,3,6,98,1,0,0,0,0,0,0,0,998,0,0,0,98,8,8,8,0,0,0,1,18,46349,6,1,6,0,3,0,67,200,0,0,0,0,0,0,0,0,0,0,86,84,0,0,1,4,30,1,1,2,1,0,0,6,80,1,1,1,13,0,0
17,170769,1,3,1,19,9,18,45,12,1,1,0,17,1,49,40,49040,4,1999,JT2GB22K5X03,J,T,2,G,B,2,2,K,5,X,0,3,0,0,0,000000000,00000000000,0,0,0,1,0,0,0,0,0,0,0,998,0,0,0,12,6,2,12,0,0,0,1,17,61550,6,1,0,0,3,1,67,185,0,0,0,0,0,0,0,0,0,5,39,84,0,0,1,2,55,1,2,2,1,65,9,1,50,1,1,1,20,1,0
17,170769,2,3,3,19,9,18,45,12,1,1,0,17,1,23,421,23421,15,2004,1GKFK66U04J2,1,G,K,F,K,6,6,U,0,4,J,2,0,0,0,000000000,00000000000,0,0,0,1,0,0,0,0,0,0,0,0,0,0,0,6,6,2,12,0,0,0,1,17,61571,6,1,0,0,3,0,72,210,0,0,0,0,0,0,0,0,0,0,54,84,0,0,1,2,55,1,2,2,1,65,9,5,53,1,1,1,21,0,0
17,170769,3,3,1,19,9,18,45,12,1,1,0,17,1,20,481,20481,31,2014,1GC1KXCGXEF1,1,G,C,1,K,X,C,G,X,E,F,1,0,0,0,000000000,00000000000,0,0,0,1,0,0,0,0,0,0,0,0,0,0,0,6,2,5,12,0,0,0,1,17,61550,6,1,6,0,3,0,72,240,0,0,0,0,0,0,0,0,0,0,54,0,0,0,1,2,55,1,2,2,1,65,9,5,53,1,1,1,98,0,0
17,170770,1,1,3,19,11,23,34,1,0,1,0,17,2,12,37,12037,4,2005,3FAFP37N25R1,3,F,A,F,P,3,7,N,2,5,R,1,0,0,0,000000000,00000000000,0,0,0,1,0,0,0,0,0,0,0,998,0,1,6,0,6,2,1,0,0,0,1,17,62801,6,1,0,0,3,0,63,153,0,0,0,0,0,0,0,0,0,4,27,6,0,0,1,2,55,1,2,2,1,0,0,99,6,99,9,4,7,1,1
17,170771,1,1,1,20,11,4,2,8,0,1,0,55,3,82,884,82884,66,2007,1FUJA6CV87DX,1,F,U,J,A,6,C,V,8,7,D,X,1,1,57,352237,57352237,3,6,97,1,0,0,0,0,0,0,0,998,0,0,0,12,2,5,8,0,0,0,1,18,47586,6,1,6,1,3,1,67,220,0,0,0,0,0,0,0,0,0,0,86,0,0,0,2,2,70,1,1,2,1,0,0,1,80,99,1,1,13,0,0
17,170772,1,2,1,28,11,14,5,12,2,1,0,17,2,55,401,55401,14,2003,KM8SC73E13U4,K,M,8,S,C,7,3,E,1,3,U,4,0,0,0,000000000,00000000000,0,0,0,1,0,0,0,0,0,0,0,998,0,0,0,12,6,2,12,0,0,0,1,17,60174,2,1,0,0,2,9,999,999,0,0,0,0,0,0,0,0,0,0,28,51,0,0,2,2,45,1,1,2,1,28,3,1,10,99,1,2,50,0,1
17,170772,2,2,1,28,11,14,5,12,2,1,0,17,1,49,32,49032,4,2004,1NXBR32E04Z2,1,N,X,B,R,3,2,E,0,4,Z,2,0,0,0,000000000,00000000000,0,0,0,1,0,0,0,0,0,0,0,998,0,0,0,12,6,2,12,0,0,0,1,17,60175,6,1,0,0,3,0,63,130,0,0,0,0,0,0,0,0,0,0,0,0,0,0,2,2,45,1,1,2,1,28,3,1,62,99,1,1,51,1,0
17,170773,1,1,1,5,12,0,0,35,0,1,0,17,1,7,482,7482,31,1999,1B7KF2362XJ5,1,B,7,K,F,2,3,6,2,X,J,5,0,0,0,000000000,00000000000,0,0,0,1,0,0,0,0,0,0,0,998,0,1,5,12,6,2,1,0,0,0,1,17,62707,6,1,0,0,3,0,66,140,0,0,0,0,1,4,2013,4,2013,4,58,87,0,0,1,2,55,3,1,2,2,0,0,14,13,6,4,4,7,1,1
17,170775,1,1,1,7,10,18,58,8,0,1,0,17,1,35,47,35047,4,2010,1N4AL2AP8AN5,1,N,4,A,L,2,A,P,8,A,N,5,0,0,0,000000000,00000000000,0,0,0,1,0,0,0,0,0,0,0,998,0,0,0,12,4,3,8,0,0,0,1,17,60203,6,1,0,0,3,3,65,180,0,0,0,0,0,0,0,0,0,0,38,86,0,0,1,2,25,1,1,2,1,0,0,1,80,1,1,1,13,0,0
17,170776,1,2,1,25,11,18,54,12,6,1,0,17,3,82,884,82884,66,2011,1FUJGLBG0BLA,1,F,U,J,G,L,B,G,0,B,L,A,1,1,57,571479620,57571479620,3,6,1,1,0,0,0,0,0,0,0,998,0,0,0,63,6,2,12,0,0,0,1,36,11218,6,1,6,1,3,3,68,999,1,2,0,0,1,3,2014,11,2014,0,38,0,0,0,1,2,98,1,1,2,1,20,3,11,15,1,1,1,82,0,0
17,170776,2,2,2,25,11,18,54,12,6,1,0,17,1,20,404,20404,14,2013,2GNALDEK5D11,2,G,N,A,L,D,E,K,5,D,1,1,0,0,0,000000000,00000000000,0,0,0,1,0,0,0,0,0,0,0,998,0,0,0,12,6,2,12,0,0,0,1,17,60525,6,1,0,0,3,0,73,260,0,0,0,0,0,0,0,0,0,0,0,0,0,0,2,4,45,1,1,2,1,0,0,1,67,99,1,1,83,1,0
17,170777,1,2,1,29,11,17,58,12,6,1,0,17,1,7,482,7482,31,1996,3B7MF33C1TM1,3,B,7,M,F,3,3,C,1,T,M,1,1,1,0,000000000,00000000000,0,0,0,1,0,0,0,0,0,0,0,998,0,0,0,9,4,5,12,0,0,0,1,17,62521,6,1,6,0,3,3,72,190,0,0,0,0,1,3,2014,3,2014,0,30,38,0,0,5,5,45,1,1,2,1,0,0,13,54,1,1,6,92,0,0
17,170777,2,2,3,29,11,17,58,12,6,1,0,17,1,18,23,18023,4,2008,1G4HP57268U1,1,G,4,H,P,5,7,2,6,8,U,1,0,0,0,000000000,00000000000,0,0,0,1,0,0,0,0,0,0,0,998,0,0,0,12,6,2,12,0,0,0,1,17,62521,6,1,0,0,3,1,76,175,0,0,0,0,0,0,0,0,0,0,0,0,0,0,5,5,45,1,1,2,1,0,0,1,54,99,1,1,93,1,0
17,170778,1,2,1,7,11,17,14,12,6,1,0,17,1,30,42,30042,3,2011,WVWFV7AJ4BW3,W,V,W,F,V,7,A,J,4,B,W,3,0,0,0,000000000,00000000000,0,0,0,1,0,0,0,0,0,0,0,998,0,0,0,1,6,2,12,0,0,0,1,17,60465,6,1,0,0,3,3,71,150,0,0,0,0,0,0,0,0,0,0,38,0,0,0,1,2,45,1,1,2,1,2,3,11,15,99,1,3,68,0,0
17,170778,2,2,2,7,11,17,14,12,6,1,0,17,1,7,43,7043,4,2004,1B3EL56R14N2,1,B,3,E,L,5,6,R,1,4,N,2,0,0,0,000000000,00000000000,0,0,0,1,0,0,0,0,0,0,0,998,0,0,0,11,6,2,12,0,0,0,1,17,60465,6,1,0,0,3,3,71,150,0,0,0,0,0,0,0,0,0,0,38,0,0,0,1,2,45,1,1,2,1,2,3,1,67,99,1,1,69,1,0
17,170779,1,1,1,7,12,2,19,9,0,1,0,17,1,37,32,37032,2,2009,1HGCS12779A0,1,H,G,C,S,1,2,7,7,9,A,0,0,0,0,000000000,00000000000,0,0,0,1,0,0,0,0,0,0,0,24,0,0,0,1,4,3,9,0,0,0,1,17,60481,6,1,0,0,3,0,67,140,0,0,0,0,0,0,0,0,0,5,86,0,0,0,1,2,55,1,1,2,1,0,0,1,83,1,1,1,13,0,0
17,170780,1,3,1,28,11,23,11,12,7,1,1,99,9,47,35,47035,4,2004,YS3FB49S4410,Y,S,3,F,B,4,9,S,4,4,1,0,0,0,0,000000000,00000000000,0,0,0,1,0,0,0,0,0,0,0,998,0,0,0,61,6,2,12,0,0,0,1,99,99999,9,9,99,9,9,9,999,999,99,99,99,99,99,99,9999,99,9999,9,0,0,0,0,3,4,65,1,1,2,1,0,0,15,10,99,1,3,46,0,0
17,170780,2,3,2,28,11,23,11,12,7,1,0,17,1,24,401,24401,14,2008,3GSCL33P08S5,3,G,S,C,L,3,3,P,0,8,S,5,0,0,0,000000000,00000000000,0,0,0,1,0,0,0,0,0,0,0,998,0,0,0,81,6,2,12,0,0,0,1,17,60074,6,1,0,0,3,3,65,135,0,0,0,0,0,0,0,0,0,0,0,0,0,0,3,4,65,1,1,2,1,0,0,1,60,99,4,2,45,1,0
17,170780,3,3,1,28,11,23,11,12,7,1,0,8,3,12,37,12037,4,2014,1FADP3F23EL1,1,F,A,D,P,3,F,2,3,E,L,1,0,0,0,000000000,00000000000,0,0,0,1,0,0,0,0,0,0,0,998,0,0,0,14,4,5,18,0,0,0,1,8,80235,6,1,0,9,3,3,65,155,0,0,0,0,1,1,2012,1,2012,0,0,0,0,0,3,4,65,1,1,2,1,0,0,1,90,99,1,1,98,0,0
17,170781,1,2,1,8,12,15,35,12,2,1,1,17,1,35,47,35047,4,2001,1N4DL01D11C1,1,N,4,D,L,0,1,D,1,1,C,1,0,0,0,000000000,00000000000,0,0,0,1,0,0,0,0,0,0,0,998,0,0,0,12,6,2,12,0,0,0,1,17,61533,6,1,0,0,3,0,71,300,0,0,0,0,0,0,0,0,0,0,28,0,0,0,1,2,55,2,1,2,2,0,0,14,9,99,1,2,50,1,0
17,170781,2,2,1,8,12,15,35,12,2,1,0,17,3,20,481,20481,31,2010,1GCSCSE06AZ1,1,G,C,S,C,S,E,0,6,A,Z,1,0,0,0,000000000,00000000000,0,0,0,1,0,0,0,0,0,0,0,998,0,0,0,12,6,2,12,0,0,0,1,17,61611,6,1,0,0,3,0,68,170,0,0,0,0,0,0,0,0,0,0,0,0,0,0,1,2,55,2,1,2,2,0,0,14,62,99,1,1,51,0,0
17,170782,1,1,1,7,12,1,26,8,0,1,1,17,1,20,37,20037,4,1999,1G1ND52T8XY1,1,G,1,N,D,5,2,T,8,X,Y,1,0,0,0,000000000,00000000000,0,0,0,1,0,0,0,0,0,0,0,998,0,0,0,12,4,3,8,0,0,0,1,17,60433,6,1,0,0,3,0,67,290,0,0,0,0,0,0,0,0,0,0,0,0,0,0,1,2,25,1,1,2,1,0,0,1,80,99,1,3,13,0,0
17,170783,1,2,1,22,11,17,9,8,0,1,0,17,2,20,2,20002,4,2000,2G1WH55K6Y92,2,G,1,W,H,5,5,K,6,Y,9,2,0,0,0,000000000,00000000000,0,0,0,1,0,0,0,0,0,0,0,32,0,0,0,11,2,5,8,0,0,0,1,17,60133,6,2,0,0,3,3,70,150,0,0,0,0,0,0,0,0,0,0,86,0,0,0,1,5,35,1,1,2,2,0,0,1,80,99,1,1,13,0,0
17,170783,2,2,3,22,11,17,9,8,0,1,0,17,1,42,401,42401,14,2009,4JGBB86E89A4,4,J,G,B,B,8,6,E,8,9,A,4,0,0,0,000000000,00000000000,0,0,0,1,0,0,0,0,0,0,0,999,0,0,0,14,2,5,8,0,0,0,1,17,60187,6,1,0,0,3,3,72,160,0,0,0,0,0,0,0,0,0,0,86,0,0,0,1,5,35,1,1,2,2,0,0,1,80,99,1,1,98,0,0
17,170784,1,2,1,8,12,15,37,12,2,1,0,17,2,20,22,20022,4,2005,1G1AL52F5575,1,G,1,A,L,5,2,F,5,5,7,5,0,0,0,000000000,00000000000,0,0,0,1,0,0,0,0,0,0,0,998,0,0,0,12,6,2,12,0,0,0,1,17,62424,6,2,0,0,3,3,69,169,0,0,0,0,0,0,0,0,0,0,28,87,0,0,1,2,55,1,1,2,2,0,0,1,10,1,1,2,50,1,0
17,170784,2,2,1,8,12,15,37,12,2,1,0,29,3,84,884,84884,66,2014,3HSDHSJR7EN7,3,H,S,D,H,S,J,R,7,E,N,7,1,1,57,00003706,5700003706,3,6,1,1,0,0,0,0,0,0,0,998,0,0,0,12,8,2,12,0,0,0,1,17,62480,6,1,6,0,3,0,75,245,0,0,0,0,0,0,0,0,0,0,0,0,0,0,1,2,55,1,1,2,2,0,0,1,62,7,1,2,51,0,0
17,170785,1,2,1,6,12,16,10,12,6,1,0,17,2,12,401,12401,14,2007,1FMEU73E97UA,1,F,M,E,U,7,3,E,9,7,U,A,0,0,0,000000000,00000000000,0,0,0,1,0,0,0,0,0,0,0,998,0,0,0,9,6,2,12,0,0,0,1,17,61853,6,1,0,0,3,0,66,140,0,0,0,0,0,0,0,0,0,0,38,0,0,0,1,2,35,1,1,2,1,0,0,11,15,99,2,4,68,1,0
17,170785,2,2,2,6,12,16,10,12,6,1,0,17,3,84,881,84881,63,2007,1HTMMAAM47H3,1,H,T,M,M,A,A,M,4,7,H,3,0,0,57,1896266,571896266,3,1,1,1,0,0,0,0,0,0,0,998,0,0,0,12,6,2,12,0,0,0,1,17,61822,6,1,6,9,3,0,70,290,0,0,0,0,0,0,0,0,0,0,0,0,0,0,1,2,35,1,1,2,1,0,0,1,72,1,2,9,69,0,0
17,170786,1,2,2,5,12,23,5,12,6,1,0,17,2,30,46,30046,4,2000,WVWMA23BXYP1,W,V,W,M,A,2,3,B,X,Y,P,1,0,0,0,000000000,00000000000,0,0,0,1,0,0,0,0,0,0,0,102,0,0,0,12,6,2,12,0,0,1,1,17,60185,6,1,0,0,3,0,70,177,0,0,0,0,0,0,0,0,0,5,0,0,0,0,1,5,45,3,1,2,2,0,0,14,67,1,1,3,83,0,1
17,170786,2,2,1,5,12,23,5,12,6,1,0,17,2,37,32,37032,4,1994,JHMCD563XRC0,J,H,M,C,D,5,6,3,X,R,C,0,0,0,0,000000000,00000000000,0,0,0,1,0,0,0,0,0,0,0,22,0,0,0,9,6,2,12,0,0,1,1,17,60555,3,1,0,0,2,0,68,165,0,0,0,0,0,0,0,0,0,0,0,0,0,0,1,2,98,3,1,2,2,20,3,11,15,1,1,1,82,1,0
17,170788,1,1,1,10,12,19,30,1,0,1,0,17,1,12,481,12481,31,1999,1FTNX21F7XEC,1,F,T,N,X,2,1,F,7,X,E,C,0,0,0,000000000,00000000000,0,0,0,1,0,0,0,0,0,0,0,70,0,1,3,0,6,2,1,0,0,0,1,17,60450,6,1,0,0,3,0,75,200,0,0,0,0,3,3,2013,7,2014,0,24,85,89,0,3,3,65,1,1,2,1,0,0,1,61,6,2,4,8,1,0
17,170790,1,2,1,10,12,16,5,12,6,1,0,17,1,12,23,12023,4,2011,3FAHP0HA5BR1,3,F,A,H,P,0,H,A,5,B,R,1,0,0,0,000000000,00000000000,0,0,0,1,0,0,0,0,0,0,0,998,0,0,0,11,6,2,12,0,0,0,1,17,61615,6,1,0,0,3,3,58,107,0,0,0,0,0,0,0,0,0,0,38,0,0,0,1,2,98,1,1,2,1,20,3,11,15,1,1,1,82,1,0
17,170790,2,2,1,10,12,16,5,12,6,1,0,17,1,7,442,7442,20,2011,2D4RN4DG2BR7,2,D,4,R,N,4,D,G,2,B,R,7,0,0,0,000000000,00000000000,0,0,0,1,0,0,0,0,0,0,0,998,0,0,0,12,6,2,12,0,0,0,1,17,61614,6,1,0,0,3,1,65,170,0,0,0,0,0,0,0,0,0,0,0,0,0,0,2,5,45,1,1,2,1,0,0,1,67,1,1,1,83,0,0
17,170791,1,1,1,1,12,5,34,52,0,1,0,17,1,12,24,12024,6,2007,2FMDK36C17BA,2,F,M,D,K,3,6,C,1,7,B,A,0,0,0,000000000,00000000000,0,0,0,1,0,0,0,0,0,0,0,998,0,0,0,12,6,2,52,0,0,0,1,17,62401,6,1,0,0,3,0,73,225,0,0,0,0,0,0,0,0,0,0,87,0,0,0,2,4,55,1,1,2,2,0,0,1,9,99,2,4,2,1,0
17,170792,1,1,1,9,12,11,30,38,0,1,0,17,1,19,3,19003,4,1988,1G6CD5154J43,1,G,6,C,D,5,1,5,4,J,4,3,0,0,0,000000000,00000000000,0,0,0,1,0,0,0,0,0,0,0,998,0,0,0,12,6,2,14,0,0,0,1,17,60148,6,1,0,0,3,3,61,125,0,0,0,0,0,0,0,0,0,0,0,0,0,0,1,2,98,1,1,2,2,0,0,1,9,1,1,4,6,1,0
17,170793,1,1,1,11,12,17,53,8,0,1,0,17,2,37,402,37402,14,2003,JHLRD78433C0,J,H,L,R,D,7,8,4,3,3,C,0,0,0,0,000000000,00000000000,0,0,0,1,0,0,0,0,0,0,0,998,0,0,0,12,0,3,8,0,0,0,1,17,60659,6,1,0,0,3,3,64,125,0,0,0,0,0,0,0,0,0,0,86,0,0,0,1,6,35,1,1,2,1,2,3,1,80,6,1,1,13,0,0
17,170794,1,2,1,24,12,10,14,12,2,1,0,17,2,20,471,20471,30,1990,1GCDK14KXLZ1,1,G,C,D,K,1,4,K,X,L,Z,1,0,0,0,000000000,00000000000,0,0,0,1,0,0,0,0,0,0,0,998,0,0,0,12,6,2,12,0,0,0,1,17,61013,6,2,0,0,3,0,66,140,0,0,0,0,0,0,0,0,0,0,28,35,0,0,1,2,55,1,2,2,1,0,0,1,10,6,1,2,50,0,0
17,170794,2,2,2,24,12,10,14,12,2,1,0,17,1,12,23,12023,4,2015,3FA6P0K96FR1,3,F,A,6,P,0,K,9,6,F,R,1,0,0,0,000000000,00000000000,0,0,0,1,0,0,0,0,0,0,0,998,0,0,0,12,6,2,12,0,0,0,1,17,61111,6,1,0,0,3,0,68,220,0,0,0,0,0,0,0,0,0,0,0,0,0,0,1,2,55,1,2,2,1,0,0,1,62,1,1,1,51,1,0