STATE,ST_CASE,VEH_NO,VE_FORMS,NUMOCCS,DAY,MONTH,HOUR,MINUTE,HARM_EV,MAN_COLL,UNITTYPE,HIT_RUN,REG_STAT,OWNER,MAKE,MODEL,MAK_MOD,BODY_TYP,MOD_YEAR,VIN,VIN_1,VIN_2,VIN_3,VIN_4,VIN_5,VIN_6,VIN_7,VIN_8,VIN_9,VIN_10,VIN_11,VIN_12,TOW_VEH,J_KNIFE,MCARR_I1,MCARR_I2,MCARR_ID,GVWR,V_CONFIG,CARGO_BT,HAZ_INV,HAZ_PLAC,HAZ_ID,HAZ_CNO,HAZ_REL,BUS_USE,SPEC_USE,EMER_USE,TRAV_SP,UNDERIDE,ROLLOVER,ROLINLOC,IMPACT1,DEFORMED,TOWED,M_HARM,VEH_SC1,VEH_SC2,FIRE_EXP,DR_PRES,L_STATE,DR_ZIP,L_STATUS,L_TYPE,CDL_STAT,L_ENDORS,L_COMPL,L_RESTRI,DR_HGT,DR_WGT,PREV_ACC,PREV_SUS,PREV_DWI,PREV_SPD,PREV_OTH,FIRST_MO,FIRST_YR,LAST_MO,LAST_YR,SPEEDREL,DR_SF1,DR_SF2,DR_SF3,DR_SF4,VTRAFWAY,VNUM_LAN,VSPD_LIM,VALIGN,VPROFILE,VPAVETYP,VSURCOND,VTRAFCON,VTCONT_F,P_CRASH1,P_CRASH2,P_CRASH3,PCRASH4,PCRASH5,ACC_TYPE,DEATHS,DR_DRINK
17,170839,2,2,1,29,11,14,15,12,6,1,0,17,2,49,43,49043,4,2006,4T1BK36B56U1,4,T,1,B,K,3,6,B,5,6,U,1,0,0,0,000000000,00000000000,0,0,0,1,0,0,0,0,0,0,0,998,0,0,0,11,6,2,12,0,0,0,1,17,62901,6,1,6,0,3,0,72,215,0,0,0,1,0,5,2014,5,2014,0,0,0,0,0,2,2,45,1,1,8,1,3,3,1,65,99,1,1,69,0,0
17,170840,1,2,1,15,12,14,0,12,6,1,0,17,1,13,1,13001,4,2003,1LNHM81W43Y6,1,L,N,H,M,8,1,W,4,3,Y,6,0,0,0,000000000,00000000000,0,0,0,1,0,0,0,0,0,0,0,998,0,0,0,9,6,2,12,0,0,0,1,17,62565,6,1,0,0,3,3,69,160,0,0,0,0,0,0,0,0,0,0,38,0,0,0,1,2,30,1,1,2,2,20,3,11,15,99,1,1,68,1,0
17,170840,2,2,2,15,12,14,0,12,6,1,0,17,1,18,402,18402,14,2006,5GADT13SX622,5,G,A,D,T,1,3,S,X,6,2,2,0,0,0,000000000,00000000000,0,0,0,1,0,0,0,0,0,0,0,998,0,0,0,12,6,2,12,0,0,0,1,17,62565,6,1,0,0,3,3,66,150,0,0,0,0,0,0,0,0,0,0,0,0,0,0,1,2,30,1,1,2,2,20,3,1,55,99,1,1,69,0,0
17,170841,1,1,1,21,12,7,55,30,0,1,0,17,2,35,47,35047,4,2004,1N4AL11D44C1,1,N,4,A,L,1,1,D,4,4,C,1,0,0,0,000000000,00000000000,0,0,0,1,0,0,0,0,0,0,0,998,0,0,0,12,6,2,30,0,0,0,1,17,60625,6,1,0,0,3,0,62,112,0,1,0,0,0,5,2013,5,2013,9,99,99,99,99,1,2,30,1,9,2,1,0,0,1,11,99,1,4,1,1,1
17,170842,1,3,1,22,12,2,40,12,8,1,0,17,1,35,43,35043,4,2001,3N1CB51D61L4,3,N,1,C,B,5,1,D,6,1,L,4,0,0,0,000000000,00000000000,0,0,0,1,0,0,0,0,0,0,0,998,0,0,0,99,6,2,12,0,0,0,1,17,60625,1,1,0,0,2,0,66,170,0,1,0,0,3,3,2014,6,2014,9,51,0,0,0,3,4,45,1,1,1,1,0,0,1,54,99,1,3,64,1,1
17,170842,2,3,2,22,12,2,40,12,8,1,0,17,1,12,23,12023,4,2011,3FAHP0HA9BR3,3,F,A,H,P,0,H,A,9,B,R,3,0,0,0,000000000,00000000000,0,0,0,1,0,0,0,0,0,0,0,998,0,0,0,1,6,2,12,0,0,0,1,17,60473,6,1,0,0,3,3,63,120,0,0,0,0,0,0,0,0,0,0,0,0,0,0,3,4,45,1,1,1,1,0,0,1,62,6,1,3,65,0,0
17,170842,3,3,4,22,12,2,40,12,8,1,0,17,1,20,2,20002,4,2012,2G1WG5E34C12,2,G,1,W,G,5,E,3,4,C,1,2,0,0,0,000000000,00000000000,0,0,0,1,0,0,0,0,0,0,0,998,0,0,0,12,6,2,12,0,0,0,1,17,60653,2,1,0,0,2,3,72,185,0,2,0,2,0,1,2012,5,2012,0,0,0,0,0,3,4,45,1,1,1,1,0,0,1,62,99,1,3,98,0,0
17,170843,1,2,1,24,12,9,20,12,6,1,0,17,1,49,402,49402,14,2005,JTEHD20V4500,J,T,E,H,D,2,0,V,4,5,0,0,0,0,0,000000000,00000000000,0,0,0,1,0,0,0,0,0,0,0,998,0,0,0,11,6,2,12,0,0,0,1,17,60452,6,1,0,0,3,0,67,145,0,0,0,0,0,0,0,0,0,0,38,87,0,0,1,3,98,1,2,2,2,20,3,11,15,1,1,1,82,1,1
17,170843,2,2,1,24,12,9,20,12,6,1,0,17,1,49,402,49402,14,1999,JT3HP10VXX71,J,T,3,H,P,1,0,V,X,X,7,1,0,0,0,000000000,00000000000,0,0,0,1,0,0,0,0,0,0,0,998,0,0,0,12,6,2,12,0,0,0,1,17,60517,6,1,0,0,3,0,66,135,0,0,0,0,1,7,2014,7,2014,0,0,0,0,0,1,4,35,1,2,2,2,0,0,1,67,99,9,1,83,0,0
17,170844,1,2,2,25,12,18,13,12,6,1,0,17,1,6,51,6051,4,2006,2C3KA53G06H1,2,C,3,K,A,5,3,G,0,6,H,1,0,0,0,000000000,00000000000,0,0,0,1,0,0,0,0,0,0,0,998,0,0,0,1,6,2,12,0,0,0,1,17,60062,6,1,0,0,3,0,65,159,0,0,0,0,0,0,0,0,0,0,38,0,0,0,1,5,40,1,1,2,1,1,3,11,15,1,1,1,68,2,0
17,170844,2,2,3,25,12,18,13,12,6,1,0,17,3,54,35,54035,4,2006,19UUA66206A0,1,9,U,U,A,6,6,2,0,6,A,0,0,0,0,000000000,00000000000,0,0,0,1,0,0,0,0,0,0,0,998,0,0,0,12,6,2,12,0,0,0,1,17,60025,6,1,0,0,3,1,68,185,0,0,0,0,0,0,0,0,0,0,0,0,0,0,1,5,40,1,1,2,1,1,3,1,67,1,1,1,69,0,0
17,170845,1,1,1,28,12,22,52,53,0,1,0,17,1,12,402,12402,14,2006,1FMYU04146KA,1,F,M,Y,U,0,4,1,4,6,K,A,0,0,0,000000000,00000000000,0,0,0,1,0,0,0,0,0,0,0,998,0,0,0,12,6,2,42,0,0,0,1,17,61761,6,1,0,0,3,3,70,350,0,0,0,0,0,0,0,0,0,3,0,0,0,0,1,2,55,1,1,2,1,0,0,1,12,1,1,4,6,1,1
17,170846,1,1,2,8,12,19,37,8,0,1,0,17,1,35,403,35403,14,2011,JN8AF5MV8BT0,J,N,8,A,F,5,M,V,8,B,T,0,0,0,0,000000000,00000000000,0,0,0,1,0,0,0,0,0,0,0,998,0,0,0,11,2,5,8,0,0,0,1,17,60523,6,1,0,0,3,3,67,110,0,0,0,0,0,0,0,0,0,0,86,0,0,0,1,3,30,1,1,2,2,0,0,11,80,1,1,1,13,0,0
17,170847,1,1,1,11,12,13,32,34,0,1,0,17,1,20,37,20037,4,2005,1G1ZT648X5F1,1,G,1,Z,T,6,4,8,X,5,F,1,0,0,0,000000000,00000000000,0,0,0,1,0,0,0,0,0,0,0,998,0,0,0,12,6,2,34,0,0,0,1,17,62237,6,1,0,0,3,3,65,160,0,0,0,0,0,0,0,0,0,0,39,0,0,0,1,2,55,1,2,2,1,20,3,1,14,99,1,4,14,1,0
17,170848,1,2,4,7,12,3,27,12,2,1,0,99,9,20,421,20421,15,2000,1GNEK13T2YJ1,1,G,N,E,K,1,3,T,2,Y,J,1,0,0,0,000000000,00000000000,0,0,0,1,0,0,0,0,0,0,0,998,0,0,0,12,6,2,42,0,0,0,1,99,99999,9,9,99,9,9,9,999,999,99,99,99,99,99,99,9999,99,9999,3,51,0,0,0,1,2,98,1,3,1,1,0,0,1,12,99,1,2,62,2,1
17,170848,2,2,3,7,12,3,27,12,2,1,0,17,2,63,32,63032,4,2012,KNADM4A32C60,K,N,A,D,M,4,A,3,2,C,6,0,0,0,0,000000000,00000000000,0,0,0,1,0,0,0,0,0,0,0,998,0,0,0,12,6,2,12,0,0,0,1,17,60617,6,1,0,0,3,3,67,160,0,0,0,3,0,2,2013,3,2014,0,0,0,0,0,1,2,98,1,3,1,1,0,0,1,19,99,1,1,62,0,0
17,170849,1,1,1,5,12,21,36,30,0,1,0,17,1,20,481,20481,31,2000,1GCGK24U3YE1,1,G,C,G,K,2,4,U,3,Y,E,1,0,0,0,000000000,00000000000,0,0,0,1,0,0,0,0,0,0,0,998,0,0,0,12,6,2,30,0,0,0,1,17,62016,6,1,0,0,3,3,73,220,0,0,0,0,0,0,0,0,0,0,0,0,0,0,1,2,55,1,1,2,2,0,0,1,10,99,2,4,1,1,1
17,170850,1,2,2,17,11,2,29,12,2,1,0,19,1,48,45,48045,4,2005,4S3BL6162572,4,S,3,B,L,6,1,6,2,5,7,2,0,0,0,000000000,00000000000,0,0,0,1,0,0,0,0,0,0,0,998,0,0,0,12,6,2,12,0,0,0,1,19,52039,6,1,0,0,3,0,66,125,1,0,0,0,1,5,2012,5,2012,0,51,28,0,0,2,2,30,1,6,2,1,28,3,1,10,99,2,2,50,1,1
17,170850,2,2,1,17,11,2,29,12,2,1,0,18,3,51,881,51881,63,2014,4V4MC9DG7EN1,4,V,4,M,C,9,D,G,7,E,N,1,1,1,57,00175852,5700175852,3,4,1,1,0,0,0,0,0,0,0,998,0,0,0,12,6,2,12,0,0,0,1,17,61073,6,1,6,0,3,0,82,285,0,0,0,0,0,0,0,0,0,0,0,0,0,0,2,2,30,1,6,2,1,28,3,1,62,99,1,3,51,0,0
17,170851,1,2,1,9,12,15,47,12,6,1,0,17,3,12,481,12481,31,2007,1FTRF12207KD,1,F,T,R,F,1,2,2,0,7,K,D,0,0,0,000000000,00000000000,0,0,0,1,0,0,0,0,0,0,0,998,0,0,0,12,6,2,12,0,0,0,1,17,61802,1,1,0,0,2,0,72,170,0,0,0,1,0,12,2012,12,2012,0,39,0,0,0,1,2,35,1,1,2,1,1,3,1,17,99,1,1,69,0,0
17,170851,2,2,3,9,12,15,47,12,6,1,0,17,1,20,2,20002,4,2010,2G1WB5EK2A11,2,G,1,W,B,5,E,K,2,A,1,1,0,0,0,000000000,00000000000,0,0,0,1,0,0,0,0,0,0,0,998,0,0,0,3,6,2,12,0,0,0,1,17,61853,6,1,0,0,3,0,69,220,0,0,0,1,0,8,2013,8,2013,0,0,0,0,0,1,2,35,1,1,2,1,2,3,11,55,99,1,3,68,1,0
17,170852,1,1,1,17,12,15,31,24,0,1,0,17,1,20,421,20421,15,1997,1GNCS13W5V21,1,G,N,C,S,1,3,W,5,V,2,1,0,0,0,000000000,00000000000,0,0,0,1,0,0,0,0,0,0,0,998,0,1,6,1,6,2,1,0,0,0,1,17,62236,6,1,0,0,3,0,73,195,0,0,0,0,0,0,0,0,0,5,0,0,0,0,1,2,55,1,2,2,1,0,0,1,12,1,1,4,6,1,1
17,170853,1,1,1,29,12,22,4,8,0,1,0,17,1,12,401,12401,14,2000,1FMZU73E4YZC,1,F,M,Z,U,7,3,E,4,Y,Z,C,0,0,0,000000000,00000000000,0,0,0,1,0,0,0,0,0,0,0,998,0,0,0,12,6,2,8,0,0,0,1,17,60085,6,1,0,0,3,3,65,198,0,0,0,0,0,0,0,0,0,5,86,84,0,0,3,2,55,1,1,2,1,0,0,1,80,1,1,1,13,0,0
17,170854,1,2,1,19,12,6,48,12,8,1,0,17,2,34,34,34034,4,2001,WBAAV33431FV,W,B,A,A,V,3,3,4,3,1,F,V,0,0,0,000000000,00000000000,0,0,0,1,0,0,0,0,0,0,0,998,0,0,0,11,6,2,12,0,0,0,1,17,62864,6,1,0,0,3,0,67,170,0,0,0,0,0,0,0,0,0,0,28,0,0,0,2,2,55,1,1,2,1,0,0,1,10,99,1,2,64,1,0
17,170854,2,2,1,19,12,6,48,12,8,1,0,23,3,98,870,98870,63,2008,1DW1A53278B0,1,D,W,1,A,5,3,2,7,8,B,0,1,1,57,215732,57215732,3,4,1,1,0,0,0,0,0,0,0,998,0,0,0,8,9,2,12,0,0,0,1,20,66103,6,1,6,0,3,0,69,235,0,0,0,0,0,0,0,0,0,0,0,0,0,0,1,2,55,1,1,2,1,0,0,1,62,7,1,1,65,0,0
17,170855,1,1,2,25,10,20,23,5,0,1,0,17,1,37,403,37403,14,2003,5J6YH28503L0,5,J,6,Y,H,2,8,5,0,3,L,0,0,0,0,000000000,00000000000,0,0,0,1,0,0,0,0,0,0,0,998,0,0,0,0,0,5,5,99,99,0,1,17,62226,0,0,0,0,0,0,999,999,99,99,99,99,99,99,9999,99,9999,0,0,0,0,0,1,2,30,1,1,2,1,0,0,1,98,99,1,9,0,1,0
17,170856,1,1,1,1,11,18,25,8,0,1,0,17,2,98,998,98998,92,9999,1H09770SCA07,1,H,0,9,7,7,0,S,C,A,0,7,0,0,0,000000000,00000000000,0,0,0,1,0,0,0,0,0,0,0,998,0,0,0,1,2,5,8,0,0,0,1,17,61064,6,1,0,0,3,3,78,230,0,0,0,1,1,9,2012,11,2012,0,86,0,0,0,1,2,55,1,1,2,8,0,0,17,80,1,1,3,13,0,0
17,170857,1,2,1,25,9,12,35,12,6,1,0,17,1,20,20,20020,4,1999,2G1WL52M0X91,2,G,1,W,L,5,2,M,0,X,9,1,0,0,0,000000000,00000000000,0,0,0,1,0,0,0,0,0,0,0,998,0,0,0,12,6,2,12,0,0,0,1,17,62471,6,1,0,0,3,3,65,130,0,0,0,2,0,4,2012,5,2014,0,39,0,0,0,1,3,45,1,1,2,1,1,3,1,17,1,1,1,86,0,0
17,170857,2,2,2,25,9,12,35,12,6,1,0,17,1,18,22,18022,4,2011,1G4GC5ED0BF2,1,G,4,G,C,5,E,D,0,B,F,2,0,0,0,000000000,00000000000,0,0,0,1,0,0,0,0,0,0,0,998,0,0,0,3,6,2,12,0,0,0,1,17,62458,6,1,0,0,3,1,65,194,0,0,0,0,0,0,0,0,0,0,0,0,0,0,1,3,45,1,1,2,1,1,3,1,66,1,1,1,87,1,0
17,170858,1,1,1,12,8,10,16,8,0,1,0,17,4,20,29,20029,5,2014,KL8CD6S94EC5,K,L,8,C,D,6,S,9,4,E,C,5,0,0,0,000000000,00000000000,0,0,0,1,0,0,0,0,0,0,0,32,0,0,0,12,2,3,8,0,0,0,1,12,34715,6,1,0,0,3,3,60,999,0,0,0,0,0,0,0,0,0,4,6,38,86,0,2,2,30,1,1,2,1,28,3,1,80,3,1,1,13,0,0
17,170859,1,1,1,14,9,5,42,8,0,1,0,17,3,12,401,12401,14,2014,1FM5K8AR5EGC,1,F,M,5,K,8,A,R,5,E,G,C,0,0,0,000000000,00000000000,0,0,0,1,0,0,0,0,0,5,4,108,0,0,0,1,6,2,8,0,0,0,1,17,60090,6,1,0,0,3,0,70,185,0,0,0,0,0,0,0,0,0,0,16,86,24,0,2,5,35,1,2,2,1,0,0,3,80,3,2,1,13,0,0
17,170860,1,1,4,11,11,15,38,9,0,1,1,17,2,22,20,22020,4,2005,2G2WP5421513,2,G,2,W,P,5,4,2,1,5,1,3,0,0,0,000000000,00000000000,0,0,0,1,0,0,0,0,0,0,0,998,0,0,0,12,9,5,9,0,0,0,1,17,61701,6,1,0,0,3,0,63,112,0,0,0,0,0,0,0,0,0,0,99,99,99,99,4,1,30,1,1,2,1,0,0,99,83,99,9,9,13,0,0
17,170861,1,1,2,17,6,18,52,42,0,1,0,17,2,20,421,20421,15,2001,1GNDT13W1121,1,G,N,D,T,1,3,W,1,1,2,1,0,0,0,000000000,00000000000,0,0,0,1,0,0,0,0,0,0,0,998,0,0,0,12,6,2,42,0,0,0,1,17,60120,0,0,0,0,0,0,999,999,99,99,99,99,99,99,9999,99,9999,5,0,0,0,0,1,2,30,1,1,2,1,0,0,1,6,4,2,4,2,1,0
17,170862,1,2,3,15,8,5,46,12,2,1,0,17,1,49,32,49032,4,1996,1NXBA02E6TZ4,1,N,X,B,A,0,2,E,6,T,Z,4,0,0,0,000000000,00000000000,0,0,0,1,0,0,0,0,0,0,0,998,0,0,0,12,9,2,12,0,0,0,1,17,60085,0,0,0,0,0,0,999,999,99,99,99,99,99,99,9999,99,9999,0,38,0,0,0,2,3,45,1,1,2,1,3,3,11,15,99,1,3,68,1,0
17,170862,2,2,1,15,8,5,46,12,2,1,0,17,0,22,18,22018,4,2001,1G2NE52TX1M5,1,G,2,N,E,5,2,T,X,1,M,5,0,0,0,000000000,00000000000,0,0,0,1,0,0,0,0,0,0,0,998,0,0,0,12,9,2,12,0,0,0,1,17,60085,6,1,0,0,3,3,69,200,0,0,0,1,0,4,2014,4,2014,0,0,0,0,0,2,2,45,1,1,2,1,3,3,1,55,99,1,1,69,0,0
17,170863,1,1,1,30,10,5,37,8,0,1,0,17,3,38,898,38898,61,2015,JALC4W162F70,J,A,L,C,4,W,1,6,2,F,7,0,0,0,99,999999999,99999999999,2,1,1,1,0,0,0,0,0,0,0,998,0,0,0,1,4,5,14,0,0,0,1,17,60018,6,1,0,0,3,0,73,245,0,0,0,0,0,0,0,0,0,4,0,0,0,0,2,2,45,1,1,2,1,0,0,1,98,6,1,1,13,0,0
17,170864,1,1,2,11,10,13,0,33,0,1,0,17,2,7,41,7041,4,1996,2B3HD46T2TH2,2,B,3,H,D,4,6,T,2,T,H,2,0,0,0,000000000,00000000000,0,0,0,1,0,0,0,0,0,0,0,998,0,0,0,12,6,2,33,0,0,0,1,17,60637,0,0,0,0,0,0,999,999,0,0,0,0,0,0,0,0,0,0,0,0,0,0,1,2,30,1,1,2,1,0,0,1,9,99,2,4,2,1,1
17,170865,1,2,2,21,10,21,20,12,6,1,0,17,2,37,441,37441,20,2010,5FNRL3H4XAB1,5,F,N,R,L,3,H,4,X,A,B,1,0,0,0,000000000,00000000000,0,0,0,1,0,0,0,0,0,0,0,998,0,0,0,11,6,2,12,0,0,0,1,17,60620,9,9,99,9,9,9,999,999,99,99,99,99,99,99,9999,99,9999,3,39,36,37,0,1,2,30,1,1,2,1,2,3,1,17,99,1,3,89,0,0
17,170865,2,2,1,21,10,21,20,12,6,1,0,17,1,20,22,20022,4,2007,1G1AK55F8773,1,G,1,A,K,5,5,F,8,7,7,3,0,0,0,000000000,00000000000,0,0,0,1,0,0,0,0,0,0,0,998,0,0,0,1,6,2,12,0,0,0,1,99,99999,9,9,99,9,9,9,999,999,99,99,99,99,99,99,9999,99,9999,0,0,0,0,0,1,2,30,1,1,2,1,2,3,1,55,99,1,3,88,1,0
17,170866,1,3,1,4,11,18,45,12,6,1,0,28,1,20,421,20421,15,2000,1GNDT13WXY22,1,G,N,D,T,1,3,W,X,Y,2,2,0,0,0,000000000,00000000000,0,0,0,1,0,0,0,0,0,0,0,998,0,0,0,12,6,2,12,0,0,0,1,17,60641,0,0,0,0,0,0,999,999,99,99,99,99,99,99,9999,99,9999,3,0,0,0,0,1,2,98,1,1,2,1,3,3,11,15,99,9,9,68,0,1
17,170866,2,3,1,4,11,18,45,12,6,1,0,17,1,20,421,20421,15,2001,1GNDT13W0122,1,G,N,D,T,1,3,W,0,1,2,2,0,0,0,000000000,00000000000,0,0,0,1,0,0,0,0,0,0,0,998,0,0,0,7,9,5,12,0,0,0,1,17,60634,6,1,0,0,3,0,60,98,0,0,0,0,0,0,0,0,0,0,0,0,0,0,1,2,98,1,1,2,1,3,3,1,55,99,9,9,69,0,0
17,170866,3,3,1,4,11,18,45,12,6,1,0,17,1,12,402,12402,14,2008,1FMCU94198KA,1,F,M,C,U,9,4,1,9,8,K,A,0,0,0,000000000,00000000000,0,0,0,1,0,0,0,0,0,0,0,998,0,0,0,12,9,5,12,0,0,0,1,17,60641,6,1,0,0,3,0,64,115,0,0,0,0,0,0,0,0,0,0,0,0,0,0,1,2,98,1,1,2,1,3,3,1,52,99,9,9,98,0,0
17,170867,1,1,1,17,11,14,0,50,0,1,0,17,1,53,402,53402,14,2001,2S3TD52V4161,2,S,3,T,D,5,2,V,4,1,6,1,0,0,0,000000000,00000000000,0,0,0,1,0,0,0,0,0,0,0,998,0,0,0,12,6,2,50,0,0,0,1,17,60466,6,1,0,0,3,0,63,167,0,0,0,0,0,0,0,0,0,0,0,0,0,0,1,2,30,1,1,2,1,0,0,1,8,1,1,2,98,1,0
17,170868,1,2,2,7,12,7,51,12,2,1,1,55,5,37,402,37402,14,2010,5J6RE4H70AL0,5,J,6,R,E,4,H,7,0,A,L,0,0,0,0,000000000,00000000000,0,0,0,1,0,0,0,0,0,0,0,998,0,0,0,12,6,2,12,0,0,0,1,99,99999,9,9,99,9,9,9,999,999,99,99,99,99,99,99,9999,99,9999,0,28,35,39,0,1,2,30,1,1,2,1,20,3,6,10,99,9,2,50,0,0
17,170868,2,2,1,7,12,7,51,12,2,1,0,17,2,12,13,12013,4,1993,3FAPP13JXPR1,3,F,A,P,P,1,3,J,X,P,R,1,6,2,0,000000000,00000000000,0,0,0,1,0,0,0,0,0,0,0,998,0,0,0,12,6,2,12,0,0,0,1,17,60651,6,1,0,0,3,3,67,135,0,0,0,0,1,5,2012,5,2012,0,0,0,0,0,1,2,30,1,1,2,1,20,3,1,62,99,1,1,51,1,0
17,170869,1,1,4,21,12,3,10,8,0,1,0,17,1,20,2,20002,4,2006,2G1WB58K8691,2,G,1,W,B,5,8,K,8,6,9,1,0,0,0,000000000,00000000000,0,0,0,1,0,0,0,0,0,0,0,998,0,0,0,12,6,2,8,0,0,0,1,17,60620,6,1,0,0,3,0,65,170,0,0,0,0,0,0,0,0,0,0,36,86,0,0,1,4,30,1,1,2,1,0,0,1,98,1,1,4,13,0,1
17,170870,1,1,1,17,8,13,25,30,0,1,0,17,1,12,23,12023,4,2006,3FAFP07156R1,3,F,A,F,P,0,7,1,5,6,R,1,0,0,0,000000000,00000000000,0,0,0,1,0,0,0,0,0,0,0,998,0,0,0,12,8,2,30,0,0,0,1,17,60621,6,1,0,0,3,3,66,270,0,0,0,0,0,0,0,0,0,0,0,0,0,0,2,2,30,1,1,2,1,0,0,1,13,99,1,4,1,1,0
17,170871,1,2,2,19,10,23,3,12,2,1,0,17,1,34,401,34401,14,2001,WBAFB33501LH,W,B,A,F,B,3,3,5,0,1,L,H,0,0,0,000000000,00000000000,0,0,0,1,0,0,0,0,0,0,0,998,0,0,0,12,8,2,19,0,0,0,1,17,60120,2,1,0,0,2,3,67,170,0,0,0,0,0,0,0,0,0,3,36,37,0,0,1,2,30,1,1,2,1,2,3,1,10,99,1,2,50,2,1
17,170871,2,2,1,19,10,23,3,12,2,1,0,17,3,12,401,12401,14,2014,1FM5K8AR8EGA,1,F,M,5,K,8,A,R,8,E,G,A,0,0,0,000000000,00000000000,0,0,0,1,0,0,0,0,0,0,0,998,0,0,0,12,8,2,12,0,0,0,1,17,60623,6,1,0,0,3,0,64,155,0,0,0,0,0,0,0,0,0,0,16,0,0,0,1,2,30,1,1,2,1,2,3,1,62,99,1,3,51,0,0
17,170872,1,1,1,8,11,4,30,11,0,1,0,17,1,12,17,12017,4,1998,1FAFP53S7WG1,1,F,A,F,P,5,3,S,7,W,G,1,0,0,0,000000000,00000000000,0,0,0,1,0,0,0,0,0,0,0,998,0,0,0,12,4,5,11,0,0,0,1,17,61846,6,1,0,0,3,3,64,225,0,0,0,0,0,0,0,0,0,0,83,0,0,0,2,2,70,1,1,2,1,0,0,1,88,99,1,3,13,1,0
17,170873,1,1,1,4,12,2,6,30,0,1,0,17,1,7,20,7020,4,2003,1B3ES56C03D2,1,B,3,E,S,5,6,C,0,3,D,2,0,0,0,000000000,00000000000,0,0,0,1,0,0,0,0,0,0,0,998,0,1,5,12,8,2,1,0,0,0,1,99,99999,9,9,99,9,9,9,999,999,99,99,99,99,99,99,9999,99,9999,0,99,99,99,99,2,2,35,1,1,1,1,0,0,99,13,99,1,4,1,1,1
17,170874,1,1,3,21,12,2,44,30,0,1,0,99,9,2,999,2999,49,2013,999999999999,9,9,9,9,9,9,9,9,9,9,9,9,0,0,0,000000000,00000000000,0,0,0,1,0,0,0,0,0,0,0,998,0,0,0,99,8,2,30,0,0,1,1,17,60620,6,1,0,0,3,0,63,270,0,0,0,1,0,9,2014,9,2014,5,99,99,99,99,1,2,35,1,1,2,1,2,3,1,13,99,1,4,1,2,1
17,170875,1,2,1,21,12,17,55,12,2,1,0,17,3,12,442,12442,20,2003,999999999999,9,9,9,9,9,9,9,9,9,9,9,9,0,0,0,000000000,00000000000,0,0,0,1,0,0,0,0,0,0,0,998,0,0,0,12,8,5,12,0,0,0,1,17,60624,6,1,0,0,3,0,72,170,0,0,0,0,0,0,0,0,0,0,99,99,99,99,1,2,25,1,1,2,1,0,0,1,10,99,1,2,50,1,0
17,170875,2,2,1,21,12,17,55,12,2,1,0,17,1,37,421,37421,15,2010,999999999999,9,9,9,9,9,9,9,9,9,9,9,9,0,0,0,000000000,00000000000,0,0,0,1,0,0,0,0,0,0,0,0,0,0,0,12,8,5,12,0,0,0,1,17,60622,6,1,0,0,3,0,69,150,0,0,0,0,0,0,0,0,0,0,99,99,99,99,1,2,25,1,1,2,1,0,0,5,62,99,1,1,51,0,0
17,170876,1,2,2,2,12,14,2,12,6,1,0,17,1,20,16,20016,2,2005,1G1JC12F4571,1,G,1,J,C,1,2,F,4,5,7,1,0,0,0,000000000,00000000000,0,0,0,1,0,0,0,0,0,0,0,998,0,0,0,9,8,2,12,0,0,0,1,17,60134,6,1,0,0,3,0,70,170,0,0,0,0,0,0,0,0,0,0,38,0,0,0,2,2,45,1,1,2,1,20,3,1,17,99,1,1,89,1,0
17,170876,2,2,1,2,12,14,2,12,6,1,0,17,2,34,35,34035,4,1998,WBADD6328WGT,W,B,A,D,D,6,3,2,8,W,G,T,0,0,0,000000000,00000000000,0,0,0,1,0,0,0,0,0,0,0,998,0,0,0,12,8,2,12,0,0,0,1,17,60463,6,1,0,0,3,0,68,150,0,0,0,0,0,0,0,0,0,0,0,0,0,0,2,2,45,1,1,2,1,0,0,1,66,99,1,1,88,0,0
17,170878,1,1,5,31,12,17,40,42,0,1,0,17,1,12,25,12025,6,2011,2FMGK5BC1BBD,2,F,M,G,K,5,B,C,1,B,B,D,0,0,0,000000000,00000000000,0,0,0,1,0,0,0,0,0,0,0,26,0,0,0,12,8,2,42,0,0,0,1,17,60031,6,1,0,0,3,0,71,165,0,0,0,0,0,0,0,0,0,0,0,0,0,0,1,2,25,2,1,2,1,0,0,14,12,1,1,4,6,1,0
17,170879,1,2,1,13,11,15,50,12,6,1,0,17,2,20,22,20022,4,2010,1G1AB5F50A71,1,G,1,A,B,5,F,5,0,A,7,1,0,0,0,000000000,00000000000,0,0,0,1,0,0,0,0,0,0,0,91,0,0,0,3,6,2,12,0,0,0,1,17,60050,6,1,0,0,3,0,74,180,0,0,0,0,1,2,2013,2,2013,3,36,0,0,0,1,2,40,2,1,2,1,0,0,14,6,4,4,2,64,1,0