STATE,ST_CASE,VEH_NO,VE_FORMS,NUMOCCS,DAY,MONTH,HOUR,MINUTE,HARM_EV,MAN_COLL,UNITTYPE,HIT_RUN,REG_STAT,OWNER,MAKE,MODEL,MAK_MOD,BODY_TYP,MOD_YEAR,VIN,VIN_1,VIN_2,VIN_3,VIN_4,VIN_5,VIN_6,VIN_7,VIN_8,VIN_9,VIN_10,VIN_11,VIN_12,TOW_VEH,J_KNIFE,MCARR_I1,MCARR_I2,MCARR_ID,GVWR,V_CONFIG,CARGO_BT,HAZ_INV,HAZ_PLAC,HAZ_ID,HAZ_CNO,HAZ_REL,BUS_USE,SPEC_USE,EMER_USE,TRAV_SP,UNDERIDE,ROLLOVER,ROLINLOC,IMPACT1,DEFORMED,TOWED,M_HARM,VEH_SC1,VEH_SC2,FIRE_EXP,DR_PRES,L_STATE,DR_ZIP,L_STATUS,L_TYPE,CDL_STAT,L_ENDORS,L_COMPL,L_RESTRI,DR_HGT,DR_WGT,PREV_ACC,PREV_SUS,PREV_DWI,PREV_SPD,PREV_OTH,FIRST_MO,FIRST_YR,LAST_MO,LAST_YR,SPEEDREL,DR_SF1,DR_SF2,DR_SF3,DR_SF4,VTRAFWAY,VNUM_LAN,VSPD_LIM,VALIGN,VPROFILE,VPAVETYP,VSURCOND,VTRAFCON,VTCONT_F,P_CRASH1,P_CRASH2,P_CRASH3,PCRASH4,PCRASH5,ACC_TYPE,DEATHS,DR_DRINK
18,180046,2,2,1,2,2,8,40,12,6,1,0,18,2,23,481,23481,31,2000,1GTGK24R3YR1,1,G,T,G,K,2,4,R,3,Y,R,1,0,0,0,000000000,00000000000,0,0,0,1,0,0,0,0,0,0,0,998,0,0,0,12,6,2,12,0,0,0,1,18,47003,6,1,0,0,3,3,76,300,0,0,0,0,0,0,0,0,0,0,87,0,0,0,1,2,45,1,1,2,1,0,0,1,62,4,1,1,65,0,0
18,180047,1,2,1,19,2,7,32,12,6,1,0,18,1,49,51,49051,4,2008,JTDBT9236812,J,T,D,B,T,9,2,3,6,8,1,2,0,0,0,000000000,00000000000,0,0,0,1,0,0,0,0,0,0,0,998,0,0,0,3,6,2,12,0,0,0,1,4,86001,6,1,0,0,3,0,62,127,0,0,0,1,0,3,2012,3,2012,0,28,87,0,0,1,2,45,3,1,2,4,0,0,14,10,1,2,2,64,1,0
18,180047,2,2,1,19,2,7,32,12,6,1,0,18,1,37,39,37039,5,2011,JHMGE8H57BC0,J,H,M,G,E,8,H,5,7,B,C,0,0,0,0,000000000,00000000000,0,0,0,1,0,0,0,0,0,0,0,998,0,0,0,12,6,2,12,0,0,0,1,18,47201,6,1,0,0,3,3,64,124,0,0,0,0,0,0,0,0,0,0,87,0,0,0,1,2,45,2,1,2,4,0,0,14,62,1,1,1,65,0,0
18,180048,1,2,2,13,2,17,20,12,2,1,0,18,2,22,18,22018,4,2004,1G2NF52E54M5,1,G,2,N,F,5,2,E,5,4,M,5,0,0,0,000000000,00000000000,0,0,0,1,0,0,0,0,0,0,0,998,0,0,0,12,6,2,12,0,0,0,1,18,46992,1,1,0,0,2,0,70,220,0,2,0,0,2,9,2012,9,2012,0,28,0,0,0,1,2,45,3,1,2,1,28,3,14,10,1,1,2,50,1,0
18,180048,2,2,1,13,2,17,20,12,2,1,0,21,2,12,444,12444,20,2011,NM0LS7CN4BT0,N,M,0,L,S,7,C,N,4,B,T,0,0,0,0,000000000,00000000000,0,0,0,1,0,0,0,0,0,0,0,998,0,0,0,12,6,2,12,0,0,0,1,18,46750,6,1,0,0,3,0,66,195,0,0,0,0,0,0,0,0,0,0,0,0,0,0,1,2,45,2,1,2,1,28,3,14,62,1,1,1,51,0,0
18,180049,1,2,1,16,2,20,33,12,2,1,0,18,2,20,37,20037,4,2002,1G1ND52J02M5,1,G,1,N,D,5,2,J,0,2,M,5,0,0,0,000000000,00000000000,0,0,0,1,0,0,0,0,0,0,0,998,0,0,0,12,6,2,12,0,0,0,1,18,46342,1,1,0,0,2,0,66,140,0,1,0,0,2,1,2013,1,2013,0,28,0,0,0,1,2,55,2,2,2,1,28,3,14,10,1,1,2,50,1,1
18,180049,2,2,2,16,2,20,33,12,2,1,0,18,2,18,2,18002,4,2000,1G4HP54K6YU3,1,G,4,H,P,5,4,K,6,Y,U,3,0,0,0,000000000,00000000000,0,0,0,1,0,0,0,0,0,0,0,998,0,0,0,12,6,2,12,0,0,0,1,18,46385,6,1,0,0,3,2,66,150,0,0,0,0,0,0,0,0,0,0,74,0,0,0,1,2,55,3,2,2,1,0,0,14,62,1,1,1,51,1,0
18,180050,1,2,1,3,2,1,8,12,1,1,0,17,1,49,40,49040,4,2011,4T4BF3EK6BR1,4,T,4,B,F,3,E,K,6,B,R,1,0,0,0,000000000,00000000000,0,0,0,1,0,0,0,0,0,0,0,998,0,0,0,12,6,2,12,0,0,0,1,17,60473,6,1,0,0,3,0,74,260,0,0,0,0,0,0,0,0,0,3,26,8,0,0,3,4,55,1,1,1,1,0,0,1,51,1,1,1,24,1,1
18,180050,2,2,1,3,2,1,8,12,1,1,1,99,9,99,999,99999,79,9999,999999999999,9,9,9,9,9,9,9,9,9,9,9,9,1,1,99,999999999,99999999999,9,99,99,1,0,0,0,0,0,0,0,998,0,0,0,6,9,5,12,0,0,0,1,99,99999,9,9,99,9,9,9,999,999,99,99,99,99,99,99,9999,99,9999,0,0,0,0,0,3,4,55,1,1,1,1,0,0,1,53,1,1,1,25,0,0
18,180051,1,1,1,22,2,6,13,8,0,1,0,18,1,49,45,49045,4,2000,JTDBT1232Y00,J,T,D,B,T,1,2,3,2,Y,0,0,0,0,0,000000000,00000000000,0,0,0,1,0,0,0,0,0,0,0,998,0,0,0,12,6,2,8,0,0,0,1,18,46835,6,1,0,0,3,0,65,120,0,0,0,0,0,0,0,0,0,0,0,0,0,0,3,5,40,1,2,2,4,0,0,1,80,1,1,1,13,0,0
18,180052,1,1,1,19,2,21,38,40,0,1,0,18,2,20,2,20002,4,2005,2G1WF52E7591,2,G,1,W,F,5,2,E,7,5,9,1,0,0,0,000000000,00000000000,0,0,0,1,0,0,0,0,0,0,0,998,0,0,0,3,6,2,30,0,0,0,1,18,46241,6,7,0,0,3,0,67,140,0,0,0,0,0,0,0,0,0,0,28,58,0,0,2,4,35,1,1,2,1,0,0,1,9,99,2,4,7,1,0
18,180053,1,1,2,22,2,2,30,42,0,1,0,18,1,7,39,7039,3,1991,JB3XE74C5MY0,J,B,3,X,E,7,4,C,5,M,Y,0,0,0,0,000000000,00000000000,0,0,0,1,0,0,0,0,0,0,0,998,0,1,5,12,6,2,1,0,0,0,1,18,46385,1,1,0,0,2,2,76,176,0,0,0,0,0,0,0,0,0,4,87,74,0,0,1,2,40,1,2,2,4,28,3,1,12,99,1,4,6,1,1
18,180054,1,2,1,24,2,2,59,12,1,1,0,18,1,32,42,32042,4,2008,WAUEH74F18N0,W,A,U,E,H,7,4,F,1,8,N,0,0,0,0,000000000,00000000000,0,0,0,1,0,0,0,0,0,0,0,998,0,0,0,12,6,2,12,0,0,0,1,18,46226,6,1,0,0,3,0,67,150,1,1,0,1,1,3,2011,8,2013,0,39,0,0,0,2,4,40,1,1,2,1,3,3,1,50,1,1,1,20,0,0
18,180054,2,2,1,24,2,2,59,12,1,1,0,18,1,20,2,20002,4,2009,2G1WT57N3911,2,G,1,W,T,5,7,N,3,9,1,1,0,0,0,000000000,00000000000,0,0,0,1,0,0,0,0,0,0,0,0,0,0,0,6,6,2,12,0,0,0,1,18,46218,6,1,0,0,3,3,66,210,0,0,0,0,0,0,0,0,0,0,0,0,0,0,2,4,40,1,1,2,1,3,3,5,53,1,1,1,21,1,0
18,180055,1,2,3,22,2,0,46,12,2,1,0,24,4,6,51,6051,4,2012,2C3CCACG5CH2,2,C,3,C,C,A,C,G,5,C,H,2,0,0,0,000000000,00000000000,0,0,0,1,0,0,0,0,0,0,0,998,0,0,0,12,6,2,12,0,0,0,1,17,61820,6,1,0,0,3,3,62,115,0,0,0,0,0,0,0,0,0,0,28,0,0,0,1,2,55,4,2,2,1,0,0,14,62,99,1,2,51,0,0
18,180055,2,2,2,22,2,0,46,12,2,1,0,18,1,20,16,20016,2,2005,1G1JC12F3571,1,G,1,J,C,1,2,F,3,5,7,1,0,0,0,000000000,00000000000,0,0,0,1,0,0,0,0,0,0,0,998,0,0,0,12,6,2,12,0,0,0,1,18,47433,6,1,0,0,3,0,67,179,0,0,0,0,2,6,2011,9,2011,0,28,0,0,0,1,2,55,4,2,2,1,0,0,14,10,99,1,2,50,1,0
18,180056,1,1,1,18,2,20,42,8,0,1,1,99,9,99,999,99999,99,9999,999999999999,9,9,9,9,9,9,9,9,9,9,9,9,0,0,0,000000000,00000000000,0,0,0,1,0,0,0,0,0,0,0,998,0,0,0,12,9,5,8,0,0,0,1,99,99999,9,9,99,9,9,9,999,999,99,99,99,99,99,99,9999,99,9999,0,0,0,0,0,1,2,99,1,1,2,1,0,0,1,80,1,1,1,13,0,0
18,180057,1,1,1,12,2,11,3,42,0,1,0,18,2,12,471,12471,31,1999,1FTYR10XXXPA,1,F,T,Y,R,1,0,X,X,X,P,A,0,0,0,000000000,00000000000,0,0,0,1,0,0,0,0,0,0,0,998,0,0,0,12,6,2,42,0,0,0,1,18,46360,6,1,0,0,3,0,74,185,0,1,0,0,1,7,2011,10,2011,0,0,0,0,0,1,2,40,1,1,2,1,28,3,1,13,99,1,4,1,1,0
18,180058,1,1,1,2,3,2,4,42,0,1,0,18,1,22,18,22018,2,2000,1G2NV12E9YM8,1,G,2,N,V,1,2,E,9,Y,M,8,0,0,0,000000000,00000000000,0,0,0,1,0,0,0,0,0,0,0,998,0,0,0,10,6,2,42,0,0,1,1,18,47201,1,1,0,0,2,2,67,180,0,1,1,0,0,8,2012,12,2012,4,87,74,0,0,1,3,30,1,1,2,2,0,0,1,13,99,1,4,1,1,0
18,180059,1,2,1,27,2,15,36,12,6,1,0,18,3,20,499,20499,40,2006,1GBJG31U5611,1,G,B,J,G,3,1,U,5,6,1,1,0,0,57,000941172,57000941172,2,19,97,1,0,0,0,0,0,0,0,998,0,0,0,12,6,2,12,0,0,0,1,18,47710,6,1,0,0,3,0,70,147,0,0,0,0,0,0,0,0,0,0,0,0,0,0,1,2,35,1,1,2,1,0,0,1,17,4,1,1,86,0,0
18,180059,2,2,1,27,2,15,36,12,6,1,0,21,1,18,2,18002,4,1997,1G4HR52K9VH5,1,G,4,H,R,5,2,K,9,V,H,5,0,0,0,000000000,00000000000,0,0,0,1,0,0,0,0,0,0,0,998,0,0,0,3,6,2,12,0,0,0,1,21,42101,6,1,0,0,3,3,76,153,0,0,0,0,0,0,0,0,0,0,39,0,0,0,1,2,35,1,1,2,1,20,3,1,17,99,1,1,87,1,0
18,180060,1,1,1,28,2,11,26,35,0,1,0,18,2,49,472,49472,30,2011,5TFLU4ENXBX0,5,T,F,L,U,4,E,N,X,B,X,0,0,0,0,000000000,00000000000,0,0,0,1,0,0,0,0,0,0,0,998,0,1,5,12,6,2,1,0,0,0,1,18,47601,6,1,0,0,3,0,64,107,0,0,0,0,0,0,0,0,0,3,58,0,0,0,1,2,30,1,3,2,1,0,0,1,13,4,1,4,6,1,0
18,180061,1,1,2,2,3,17,20,42,0,1,0,18,2,22,20,22020,4,2003,1G2WP52K43F1,1,G,2,W,P,5,2,K,4,3,F,1,0,0,0,000000000,00000000000,0,0,0,1,0,0,0,0,0,0,0,998,0,0,0,12,6,2,42,0,0,0,1,18,46307,1,1,0,0,2,0,65,120,0,0,0,1,2,3,2011,8,2011,4,28,87,0,0,1,2,40,1,1,2,1,28,3,1,12,4,1,4,6,1,1
18,180062,1,2,1,25,1,10,29,12,6,1,0,18,1,20,20,20020,4,1995,2G1WN52XXS92,2,G,1,W,N,5,2,X,X,S,9,2,0,0,0,000000000,00000000000,0,0,0,1,0,0,0,0,0,0,0,998,0,0,0,12,6,2,12,0,0,0,1,18,46807,6,1,0,0,3,3,66,134,0,0,0,0,0,0,0,0,0,4,87,0,0,0,3,3,55,1,1,2,4,20,3,2,17,99,2,1,86,1,0
18,180062,2,2,1,25,1,10,29,12,6,1,0,40,3,84,881,84881,66,2012,1HSDHSJR6CJ0,1,H,S,D,H,S,J,R,6,C,J,0,1,1,57,000080806,57000080806,3,6,1,1,0,0,0,0,0,0,0,998,7,0,0,4,4,3,12,0,0,0,1,1,35209,6,1,6,0,3,0,71,190,0,0,0,0,0,0,0,0,0,0,87,0,0,0,3,3,55,1,1,2,4,0,0,1,68,6,1,1,87,0,0
18,180064,1,2,2,2,2,19,21,12,2,1,0,21,1,12,402,12402,14,2011,1FMCU9D71BKA,1,F,M,C,U,9,D,7,1,B,K,A,0,0,0,000000000,00000000000,0,0,0,1,0,0,0,0,0,0,0,998,0,0,0,12,6,2,12,0,0,0,1,21,41095,6,1,0,0,3,3,74,250,0,0,0,0,0,0,0,0,0,0,0,0,0,0,1,2,55,1,1,2,2,0,0,1,62,1,1,1,51,0,0
18,180064,2,2,1,2,2,19,21,12,2,1,0,18,2,12,471,12471,30,1993,1FTCR10A8PUA,1,F,T,C,R,1,0,A,8,P,U,A,0,0,0,000000000,00000000000,0,0,0,1,0,0,0,0,0,0,0,998,0,0,0,12,6,2,12,0,0,0,1,18,47020,1,1,0,0,2,3,72,250,0,0,0,0,0,0,0,0,0,3,28,0,0,0,1,2,55,1,1,2,2,0,0,1,10,1,1,2,50,1,0
18,180065,1,1,1,5,3,20,7,35,0,1,0,18,1,37,31,37031,4,2001,1HGES16511L0,1,H,G,E,S,1,6,5,1,1,L,0,0,0,0,000000000,00000000000,0,0,0,1,0,0,0,0,0,0,0,998,0,1,5,14,6,2,42,0,0,0,1,18,47446,6,1,0,0,3,3,66,170,0,0,0,0,0,0,0,0,0,0,0,0,0,0,1,2,55,3,2,2,1,0,0,14,13,99,1,4,1,1,1
18,180066,1,1,1,27,2,22,22,38,0,1,0,18,2,12,22,12022,6,2005,1FMZK02145GA,1,F,M,Z,K,0,2,1,4,5,G,A,0,0,0,000000000,00000000000,0,0,0,1,0,0,0,0,0,0,0,998,0,1,5,9,6,2,42,0,0,0,1,18,46032,1,7,0,0,2,0,72,180,0,6,0,0,6,3,2012,3,2013,0,58,0,0,0,1,2,45,1,2,2,1,28,3,1,13,7,2,4,2,1,0
18,180067,1,2,2,4,3,22,53,12,1,1,1,18,2,7,24,7024,4,2010,2B3CA3CV9AH2,2,B,3,C,A,3,C,V,9,A,H,2,0,0,0,000000000,00000000000,0,0,0,1,0,0,0,0,0,0,0,998,0,1,1,12,6,2,12,0,0,0,1,18,46201,1,1,0,0,2,0,73,265,0,7,1,0,4,9,2011,10,2013,3,35,91,0,0,2,3,55,1,2,2,1,0,0,15,51,1,1,1,32,0,0
18,180067,2,2,5,4,3,22,53,12,1,1,0,17,2,20,398,20398,5,2013,KL8CD6S91DC5,K,L,8,C,D,6,S,9,1,D,C,5,0,0,0,000000000,00000000000,0,0,0,1,0,0,0,0,0,0,0,998,0,1,5,6,6,2,1,0,0,0,1,17,60628,6,1,0,0,3,0,69,132,0,0,0,0,1,2,2012,2,2012,0,0,0,0,0,2,3,55,1,2,2,1,0,0,1,53,1,1,1,32,1,0
18,180068,1,2,2,6,3,11,35,12,6,1,0,18,1,20,481,20481,31,2013,1GCNCPEX1DZ3,1,G,C,N,C,P,E,X,1,D,Z,3,0,0,0,000000000,00000000000,0,0,0,1,0,0,0,0,0,0,0,998,0,0,0,81,6,2,12,0,0,0,1,18,46994,6,1,0,0,3,3,72,270,0,0,0,0,0,0,0,0,0,0,38,0,0,0,1,2,55,1,1,1,1,20,3,1,17,1,1,1,87,1,0
18,180068,2,2,1,6,3,11,35,12,6,1,0,18,3,82,884,82884,66,1989,1FUPASYB5KH3,1,F,U,P,A,S,Y,B,5,K,H,3,0,0,57,000678523,57000678523,3,5,96,1,0,0,0,0,0,0,0,998,0,0,0,12,6,2,12,0,0,0,1,18,47394,6,1,6,0,3,3,67,154,0,0,0,0,0,0,0,0,0,0,0,0,0,0,1,2,55,1,1,1,1,0,0,1,66,1,1,1,86,0,0
18,180069,1,1,1,7,3,11,59,8,0,1,0,18,1,7,482,7482,31,1999,1B7KF2366XJ6,1,B,7,K,F,2,3,6,6,X,J,6,0,0,0,000000000,00000000000,0,0,0,1,0,0,0,0,0,0,0,998,0,0,0,12,4,3,8,0,0,0,1,18,46219,6,1,0,0,3,0,66,115,0,0,0,0,2,4,2012,4,2012,0,0,0,0,0,5,4,35,1,1,2,1,1,3,11,80,1,1,1,13,0,0
18,180070,1,1,1,7,3,20,37,8,0,1,0,18,1,35,401,35401,14,2007,5N1AR18W77C6,5,N,1,A,R,1,8,W,7,7,C,6,0,0,0,000000000,00000000000,0,0,0,1,0,0,0,0,0,0,0,998,0,0,0,12,4,3,8,0,0,0,1,18,46808,6,1,0,0,3,3,75,195,0,0,0,0,0,0,0,0,0,0,0,0,0,0,1,2,30,1,1,2,1,0,0,1,80,1,1,1,13,0,0
18,180071,1,3,1,19,2,8,49,12,6,1,0,18,2,22,18,22018,4,2002,1G2NF52E32M6,1,G,2,N,F,5,2,E,3,2,M,6,0,0,0,000000000,00000000000,0,0,0,1,0,0,0,0,0,0,0,998,0,0,0,12,6,2,12,0,0,0,1,18,46224,6,1,0,0,3,0,69,190,0,0,0,0,0,0,0,0,0,0,0,0,0,0,1,6,40,1,1,2,1,0,0,1,65,1,1,1,77,0,0
18,180071,2,3,2,19,2,8,49,12,6,1,0,18,2,20,22,20022,4,2008,1G1AK58F7872,1,G,1,A,K,5,8,F,7,8,7,2,0,0,0,000000000,00000000000,0,0,0,1,0,0,0,0,0,0,0,998,0,1,1,81,6,2,12,0,0,0,1,18,47408,6,1,0,0,3,0,70,150,0,0,0,2,1,3,2013,7,2013,0,38,0,0,0,1,2,40,1,1,2,1,0,0,11,15,1,1,1,76,1,0
18,180071,3,3,1,19,2,8,49,12,6,1,0,18,1,63,37,63037,6,2011,KNDJT2A1XB72,K,N,D,J,T,2,A,1,X,B,7,2,0,0,0,000000000,00000000000,0,0,0,1,0,0,0,0,0,0,0,0,0,0,0,62,2,3,12,0,0,0,1,18,46060,6,1,0,0,3,0,71,200,0,0,0,0,0,0,0,0,0,0,0,0,0,0,1,6,40,1,1,2,1,0,0,5,98,1,1,1,98,0,0
18,180072,1,1,2,10,3,12,3,31,0,1,0,18,1,37,39,37039,5,2011,JHMGE8H56BC0,J,H,M,G,E,8,H,5,6,B,C,0,0,0,0,000000000,00000000000,0,0,0,1,0,0,0,0,0,0,0,998,0,0,0,12,6,2,30,0,0,0,1,18,47281,6,1,0,0,3,0,70,155,0,0,0,0,0,0,0,0,0,0,0,0,0,0,1,2,55,3,2,2,1,28,3,14,13,99,1,4,1,1,0
18,180073,1,1,1,25,2,10,54,30,0,1,0,18,1,7,442,7442,20,2007,2D4GP44L87R1,2,D,4,G,P,4,4,L,8,7,R,1,0,0,0,000000000,00000000000,0,0,0,1,0,0,0,0,0,0,0,998,0,0,0,12,6,2,30,0,0,0,1,18,47501,6,1,0,0,3,3,66,217,0,0,0,0,0,0,0,0,0,3,28,39,58,0,1,2,25,2,1,2,1,20,3,14,12,99,1,4,6,1,0
18,180074,1,2,2,7,3,6,20,12,8,1,0,18,1,7,442,7442,20,2005,1D4GP24R35B1,1,D,4,G,P,2,4,R,3,5,B,1,0,0,0,000000000,00000000000,0,0,0,1,0,0,0,0,0,0,0,998,0,0,0,61,6,2,12,0,0,0,1,18,47451,6,1,6,0,3,3,69,158,0,1,0,0,0,4,2012,4,2012,0,28,0,0,0,1,2,55,1,2,2,1,0,0,1,10,99,1,2,66,1,0
18,180074,2,2,1,7,3,6,20,12,8,1,0,18,1,82,881,82881,66,2001,1FUJAPCG41LH,1,F,U,J,A,P,C,G,4,1,L,H,1,1,57,000754650,57000754650,3,6,1,1,0,0,0,0,0,0,0,998,0,0,0,63,2,5,12,0,0,0,1,18,47421,6,1,6,1,3,0,73,235,0,0,0,0,0,0,0,0,0,0,0,0,0,0,1,2,55,1,2,2,1,28,3,1,62,7,1,1,66,0,0
18,180075,1,1,2,11,3,17,13,1,0,1,0,18,1,37,706,37706,80,2006,1HFSC52656A3,1,H,F,S,C,5,2,6,5,6,A,3,0,0,0,000000000,00000000000,0,0,0,1,0,0,0,0,0,0,0,998,0,0,0,0,6,2,1,0,0,0,1,18,46052,6,1,0,0,3,3,71,200,0,0,0,0,0,0,0,0,0,0,58,0,0,0,2,4,40,1,1,1,1,0,0,1,98,3,1,1,98,1,0
18,180076,1,2,2,12,3,15,25,12,6,1,0,18,1,23,481,23481,31,2006,1GTEK14T76Z1,1,G,T,E,K,1,4,T,7,6,Z,1,0,0,0,000000000,00000000000,0,0,0,1,0,0,0,0,0,0,0,998,0,0,0,12,6,2,12,0,0,0,1,18,46516,6,1,0,0,3,3,69,166,0,0,0,0,0,0,0,0,0,0,38,0,0,0,5,4,35,1,1,1,3,1,3,1,66,1,1,1,88,0,0
18,180076,2,2,2,12,3,15,25,12,6,1,0,26,2,49,40,49040,4,1995,4T1SK12E0SU5,4,T,1,S,K,1,2,E,0,S,U,5,0,0,0,000000000,00000000000,0,0,0,1,0,0,0,0,0,0,0,998,0,0,0,61,6,2,12,0,0,0,1,26,49112,6,1,0,0,3,3,71,240,0,0,0,0,0,0,0,0,0,0,0,0,0,0,5,4,35,1,1,1,3,1,3,1,17,1,1,1,89,1,0
18,180077,1,1,1,10,3,13,36,42,0,1,0,18,2,20,481,20481,31,2010,1GCPKSE01AZ1,1,G,C,P,K,S,E,0,1,A,Z,1,0,0,0,000000000,00000000000,0,0,0,1,0,0,0,0,0,0,0,998,0,0,0,12,6,2,42,0,0,0,1,18,47164,6,1,0,0,3,3,67,160,0,0,0,0,0,0,0,0,0,0,0,0,0,0,1,2,55,1,2,2,1,28,3,1,13,99,1,4,1,1,0
18,180078,1,2,1,13,3,7,11,12,1,1,0,18,3,20,461,20461,21,2004,1GCGG25V0411,1,G,C,G,G,2,5,V,0,4,1,1,0,0,0,000000000,00000000000,0,0,0,1,0,0,0,0,0,0,0,998,0,0,0,12,6,2,12,0,0,0,1,18,46151,6,1,0,0,3,0,72,200,0,1,0,0,1,1,2012,4,2012,3,8,0,0,0,1,2,60,1,1,2,1,0,0,1,51,1,1,1,32,1,0
18,180078,2,2,1,13,3,7,11,12,1,1,0,18,1,82,881,82881,62,2001,1FVABSCT81HH,1,F,V,A,B,S,C,T,8,1,H,H,0,0,99,999999999,99999999999,2,1,3,1,0,0,0,0,0,0,0,998,0,0,0,6,2,5,12,0,0,0,1,18,46151,6,1,0,0,3,0,72,200,0,0,0,0,0,0,0,0,0,0,0,0,0,0,1,2,60,1,1,2,1,0,0,1,53,1,1,1,32,0,0
18,180079,1,1,1,12,3,10,44,8,0,1,0,18,1,20,481,20481,31,2002,1GCHK29U92E1,1,G,C,H,K,2,9,U,9,2,E,1,0,0,0,000000000,00000000000,0,0,0,1,0,0,0,0,0,0,0,998,0,0,0,3,2,5,8,0,0,0,1,18,46825,6,1,0,0,3,0,71,174,0,12,0,4,7,7,2011,12,2013,4,28,38,91,87,1,2,50,3,1,2,3,28,3,14,80,3,2,2,13,0,0
18,180080,1,2,1,11,3,20,8,12,1,1,0,18,1,12,32,12032,4,2012,3FADP4BJ1CM1,3,F,A,D,P,4,B,J,1,C,M,1,0,0,0,000000000,00000000000,0,0,0,1,0,0,0,0,0,0,0,998,1,0,0,12,6,2,12,0,0,0,1,18,46184,6,1,0,0,3,3,71,200,0,0,0,2,0,3,2012,12,2013,3,41,0,0,0,3,2,70,1,1,2,1,0,0,1,50,1,1,1,20,1,0
18,180080,2,2,1,11,3,20,8,12,1,1,0,17,1,85,881,85881,66,2010,1XKAD49X3AJ2,1,X,K,A,D,4,9,X,3,A,J,2,1,1,57,000900944,57000900944,3,6,1,1,0,0,0,0,0,0,0,0,0,0,0,6,4,5,12,0,0,0,1,17,61108,6,1,6,0,3,0,71,350,0,0,0,0,0,0,0,0,0,0,0,0,0,0,3,2,70,1,1,2,1,0,0,5,53,1,1,1,21,0,0
18,180081,1,1,1,14,3,8,7,42,0,1,0,18,1,23,401,23401,14,2001,1GKDT13W1121,1,G,K,D,T,1,3,W,1,1,2,1,0,0,0,000000000,00000000000,0,0,0,1,0,0,0,0,0,0,0,998,0,0,0,81,6,2,3,0,0,0,1,18,46217,1,1,0,0,2,3,63,122,1,4,0,1,1,5,2013,2,2014,0,39,0,0,0,1,4,40,1,1,2,1,1,3,1,14,99,1,4,14,1,0
18,180082,1,1,2,16,3,1,0,42,0,1,0,18,2,37,31,37031,2,1993,2HGEH2366PH5,2,H,G,E,H,2,3,6,6,P,H,5,0,0,0,000000000,00000000000,0,0,0,1,0,0,0,0,0,0,0,998,0,0,0,12,6,2,42,0,0,0,1,18,46102,1,1,0,0,2,3,69,160,0,1,0,1,1,10,2013,2,2014,3,8,0,0,0,1,2,40,1,2,2,1,28,3,1,19,99,1,4,99,2,0
18,180083,1,2,1,24,2,9,37,12,6,1,0,18,3,24,7,24007,4,2004,1G8AM12F34Z1,1,G,8,A,M,1,2,F,3,4,Z,1,0,0,0,000000000,00000000000,0,0,0,1,0,0,0,0,0,0,0,998,0,0,0,61,6,2,12,0,0,0,1,97,0,9,9,99,9,9,9,999,999,99,99,99,99,99,99,9999,99,9999,0,39,0,0,0,2,4,55,1,1,2,1,1,3,1,17,1,1,1,89,1,1
18,180083,2,2,1,24,2,9,37,12,6,1,0,26,2,86,881,86881,66,1999,1M1AD62Y5XW0,1,M,1,A,D,6,2,Y,5,X,W,0,1,1,57,000956022,57000956022,3,6,3,1,0,0,0,0,0,0,0,998,0,0,0,12,6,2,12,0,0,0,1,26,49098,6,1,6,1,3,0,70,220,0,0,0,0,0,0,0,0,0,0,0,0,0,0,2,4,55,1,1,2,1,1,3,1,66,1,1,1,88,0,0
18,180084,1,1,1,12,3,7,37,30,0,1,0,18,1,20,442,20442,20,1995,1GNDU06D1ST1,1,G,N,D,U,0,6,D,1,S,T,1,0,0,0,000000000,00000000000,0,0,0,1,0,0,0,0,0,0,0,998,0,0,0,12,6,2,30,0,0,0,1,18,47348,1,1,0,0,2,3,66,175,0,0,0,0,1,5,2011,5,2011,4,28,87,0,0,1,2,55,1,3,2,3,0,0,1,10,99,1,4,6,1,0
18,180085,1,2,1,13,2,3,20,12,6,1,0,18,1,2,404,2404,14,2010,1J4PR4GK9AC1,1,J,4,P,R,4,G,K,9,A,C,1,0,0,0,000000000,00000000000,0,0,0,1,0,0,0,0,0,0,0,998,0,0,0,62,6,2,12,0,0,0,1,18,46226,6,1,0,0,3,0,69,149,0,0,0,1,0,6,2012,6,2012,0,48,0,0,0,3,4,55,1,1,2,1,0,0,15,10,99,1,2,44,1,0
18,180085,2,2,1,13,2,3,20,12,6,1,0,39,1,85,881,85881,66,2001,1XKTD69X91J8,1,X,K,T,D,6,9,X,9,1,J,8,1,1,99,999999999,99999999999,3,6,1,1,0,0,0,0,0,0,0,998,0,0,0,12,6,2,12,0,0,0,1,39,45309,6,1,6,0,3,0,78,230,0,0,0,0,0,0,0,0,0,0,0,0,0,0,3,4,55,1,1,2,1,0,0,1,62,6,1,1,45,0,0
18,180086,1,1,1,17,3,18,39,14,0,1,0,18,1,98,701,98701,81,2010,L2BB03200AB5,L,2,B,B,0,3,2,0,0,A,B,5,0,0,0,000000000,00000000000,0,0,0,1,0,0,0,0,0,0,0,998,0,0,0,12,4,5,14,0,0,0,1,18,46947,1,1,0,0,1,0,70,230,0,0,0,0,0,0,0,0,0,0,28,0,0,0,1,2,30,1,2,2,1,0,0,1,13,1,1,4,1,1,1