STATE,ST_CASE,VEH_NO,VE_FORMS,NUMOCCS,DAY,MONTH,HOUR,MINUTE,HARM_EV,MAN_COLL,UNITTYPE,HIT_RUN,REG_STAT,OWNER,MAKE,MODEL,MAK_MOD,BODY_TYP,MOD_YEAR,VIN,VIN_1,VIN_2,VIN_3,VIN_4,VIN_5,VIN_6,VIN_7,VIN_8,VIN_9,VIN_10,VIN_11,VIN_12,TOW_VEH,J_KNIFE,MCARR_I1,MCARR_I2,MCARR_ID,GVWR,V_CONFIG,CARGO_BT,HAZ_INV,HAZ_PLAC,HAZ_ID,HAZ_CNO,HAZ_REL,BUS_USE,SPEC_USE,EMER_USE,TRAV_SP,UNDERIDE,ROLLOVER,ROLINLOC,IMPACT1,DEFORMED,TOWED,M_HARM,VEH_SC1,VEH_SC2,FIRE_EXP,DR_PRES,L_STATE,DR_ZIP,L_STATUS,L_TYPE,CDL_STAT,L_ENDORS,L_COMPL,L_RESTRI,DR_HGT,DR_WGT,PREV_ACC,PREV_SUS,PREV_DWI,PREV_SPD,PREV_OTH,FIRST_MO,FIRST_YR,LAST_MO,LAST_YR,SPEEDREL,DR_SF1,DR_SF2,DR_SF3,DR_SF4,VTRAFWAY,VNUM_LAN,VSPD_LIM,VALIGN,VPROFILE,VPAVETYP,VSURCOND,VTRAFCON,VTCONT_F,P_CRASH1,P_CRASH2,P_CRASH3,PCRASH4,PCRASH5,ACC_TYPE,DEATHS,DR_DRINK
18,180124,2,2,1,31,3,20,20,12,6,1,0,18,2,37,31,37031,2,1994,2HGEJ1124RH5,2,H,G,E,J,1,1,2,4,R,H,5,0,0,0,000000000,00000000000,0,0,0,1,0,0,0,0,0,0,0,998,0,0,0,9,6,2,12,0,0,0,1,18,46235,6,1,0,0,3,0,69,185,0,3,0,0,2,2,2012,7,2013,0,0,0,0,0,2,5,40,1,1,2,1,1,3,1,62,99,1,1,69,1,0
18,180125,1,2,1,12,4,22,0,12,2,1,0,18,1,49,401,49401,14,1998,JT3HN87RXW90,J,T,3,H,N,8,7,R,X,W,9,0,0,0,0,000000000,00000000000,0,0,0,1,0,0,0,0,0,0,0,998,0,0,0,12,6,2,12,0,0,0,1,18,47172,6,1,0,0,3,3,68,160,0,0,0,0,0,0,0,0,0,0,28,0,0,0,1,2,55,1,1,2,1,0,0,1,10,99,1,2,50,0,0
18,180125,2,2,1,12,4,22,0,12,2,1,0,18,1,23,481,23481,31,1999,1GTEK19T0XZ5,1,G,T,E,K,1,9,T,0,X,Z,5,0,0,0,000000000,00000000000,0,0,0,1,0,0,0,0,0,0,0,998,0,0,0,12,6,2,12,0,0,0,1,18,47043,6,1,0,0,3,0,70,220,0,0,0,0,0,0,0,0,0,0,0,0,0,0,1,2,55,1,1,2,1,0,0,1,62,7,1,1,51,1,0
18,180126,1,2,3,13,4,21,0,12,6,1,0,18,1,20,37,20037,4,2004,1G1ZT64844F1,1,G,1,Z,T,6,4,8,4,4,F,1,0,0,0,000000000,00000000000,0,0,0,1,0,0,0,0,0,0,0,998,0,0,0,63,4,3,12,0,0,0,1,18,46226,6,1,0,0,3,0,60,195,0,0,0,0,0,0,0,0,0,0,38,0,0,0,1,2,35,1,1,2,1,0,0,11,15,1,1,1,68,0,0
18,180126,2,2,1,13,4,21,0,12,6,1,0,18,1,76,709,76709,83,2008,JYACJ10C58A0,J,Y,A,C,J,1,0,C,5,8,A,0,0,0,0,000000000,00000000000,0,0,0,1,0,0,0,0,0,0,0,998,0,0,0,12,6,2,12,0,0,0,1,18,46208,1,1,0,0,2,0,73,200,0,2,0,0,2,6,2013,6,2013,0,0,0,0,0,1,2,35,1,1,2,1,0,0,1,67,1,1,1,69,1,0
18,180127,1,2,4,14,4,23,39,12,1,1,0,18,1,49,422,49422,15,2008,5TDBY64A18S0,5,T,D,B,Y,6,4,A,1,8,S,0,0,0,0,000000000,00000000000,0,0,0,1,0,0,0,0,0,0,0,998,1,0,0,12,6,2,12,0,0,0,1,18,47978,6,1,0,0,3,0,68,180,0,0,0,0,0,0,0,0,0,0,26,87,0,0,2,3,70,1,1,2,2,0,0,1,52,1,1,1,28,3,0
18,180127,2,2,1,14,4,23,39,12,1,1,0,53,1,51,881,51881,66,2003,4V4NC9GH73N3,4,V,4,N,C,9,G,H,7,3,N,3,1,1,57,001742576,57001742576,3,6,1,1,0,0,0,0,0,0,0,998,0,0,0,6,2,3,12,0,0,0,1,53,98604,6,1,6,1,3,0,68,160,0,0,0,0,0,0,0,0,0,0,0,0,0,0,2,3,65,1,1,2,2,0,0,2,53,1,1,1,29,0,0
18,180128,1,1,1,11,4,20,40,9,0,1,0,18,1,23,441,23441,20,1996,1GKDM19WXTB5,1,G,K,D,M,1,9,W,X,T,B,5,0,0,0,000000000,00000000000,0,0,0,1,0,0,0,0,0,0,0,998,0,0,0,12,4,3,9,0,0,0,1,18,46001,6,1,6,0,3,0,74,255,0,0,0,0,1,5,2012,5,2012,0,26,0,0,0,2,3,50,1,1,2,1,0,0,17,83,6,1,1,13,0,0
18,180129,1,1,1,18,4,14,42,1,0,1,0,18,1,76,706,76706,80,2006,JYAVP17E16A0,J,Y,A,V,P,1,7,E,1,6,A,0,0,0,0,000000000,00000000000,0,0,0,1,0,0,0,0,0,0,0,998,0,0,0,0,6,2,1,0,0,0,1,18,47591,6,1,6,0,2,3,70,185,0,0,0,0,0,0,0,0,0,0,28,0,0,0,1,2,55,2,2,2,1,0,0,17,12,3,1,4,6,1,1
18,180130,1,2,2,20,4,17,30,12,6,1,0,18,2,12,481,12481,31,2004,1FTRX14W14KD,1,F,T,R,X,1,4,W,1,4,K,D,0,0,0,000000000,00000000000,0,0,0,1,0,0,0,0,0,0,0,998,0,0,0,82,4,3,12,0,0,0,1,18,46628,6,2,0,0,3,3,68,225,0,0,0,0,0,0,0,0,0,0,38,0,0,0,1,2,40,1,1,2,1,0,0,11,15,1,1,1,68,0,0
18,180130,2,2,1,20,4,17,30,12,6,1,0,18,1,53,706,53706,80,2003,JS1GT75A0321,J,S,1,G,T,7,5,A,0,3,2,1,0,0,0,000000000,00000000000,0,0,0,1,0,0,0,0,0,0,0,998,0,0,0,12,6,2,12,0,0,0,1,18,46628,6,1,0,0,2,0,66,119,0,0,0,0,0,0,0,0,0,5,0,0,0,0,1,2,40,1,1,2,1,0,0,1,67,1,1,1,69,1,0
18,180131,1,2,1,20,4,12,34,12,6,1,0,18,2,12,37,12037,4,2013,1FADP3E25DL2,1,F,A,D,P,3,E,2,5,D,L,2,0,0,0,000000000,00000000000,0,0,0,1,0,0,0,0,0,0,0,998,0,0,0,83,6,2,12,0,0,0,1,18,46514,6,1,0,0,3,3,64,210,0,0,0,0,0,0,0,0,0,0,38,0,0,0,1,2,55,1,1,2,1,0,0,11,15,1,1,1,68,0,0
18,180131,2,2,1,20,4,12,34,12,6,1,0,18,1,72,706,72706,80,2009,1HD1KB4149Y6,1,H,D,1,K,B,4,1,4,9,Y,6,0,0,0,000000000,00000000000,0,0,0,1,0,0,0,0,0,0,0,998,0,0,0,12,6,2,12,0,0,0,1,48,79022,6,1,0,0,2,0,999,999,0,0,0,0,0,0,0,0,0,0,0,0,0,0,1,2,55,1,1,2,1,0,0,1,67,1,1,1,69,1,0
18,180132,1,1,2,18,4,21,15,1,0,1,0,18,2,6,441,6441,20,1999,1C4GP54L8XB5,1,C,4,G,P,5,4,L,8,X,B,5,0,0,0,000000000,00000000000,0,0,0,1,0,0,0,0,0,0,0,998,0,2,1,0,6,2,1,0,0,0,1,18,47807,0,0,0,0,0,0,69,195,0,3,0,0,3,5,2012,5,2012,0,0,0,0,0,2,4,60,3,3,2,1,0,0,14,98,99,2,2,98,1,1
18,180133,1,1,1,20,4,19,39,44,0,1,0,18,2,53,706,53706,80,2002,JS1VP52A9221,J,S,1,V,P,5,2,A,9,2,2,1,0,0,0,000000000,00000000000,0,0,0,1,0,0,0,0,0,0,0,998,0,0,0,0,6,2,44,0,0,0,1,18,46259,6,1,6,0,3,3,70,230,0,0,0,0,0,0,0,0,0,0,82,0,0,0,1,2,40,1,1,2,1,0,0,1,5,99,1,1,0,1,0
18,180134,1,2,2,22,4,12,40,12,2,1,0,18,1,12,401,12401,14,2000,1FMYU70E9YUA,1,F,M,Y,U,7,0,E,9,Y,U,A,0,0,0,000000000,00000000000,0,0,0,1,0,0,0,0,0,0,0,998,0,1,5,12,6,2,12,0,0,0,1,18,46222,1,1,0,0,2,0,63,140,0,1,0,0,2,9,2011,3,2014,0,28,0,0,0,1,2,35,1,1,2,1,0,0,1,10,1,1,2,50,2,0
18,180134,2,2,1,22,4,12,40,12,2,1,0,18,1,20,34,20034,4,2000,1Y1SK5287YZ4,1,Y,1,S,K,5,2,8,7,Y,Z,4,0,0,0,000000000,00000000000,0,0,0,1,0,0,0,0,0,0,0,998,0,0,0,12,6,2,12,0,0,0,1,18,46077,6,1,0,0,3,3,70,140,0,0,0,0,0,0,0,0,0,0,0,0,0,0,1,2,35,1,1,2,1,0,0,1,62,1,1,1,51,0,0
18,180135,1,1,1,22,4,19,39,42,0,1,0,18,1,7,403,7403,14,2011,1D4PU4GK9BW6,1,D,4,P,U,4,G,K,9,B,W,6,0,0,0,000000000,00000000000,0,0,0,1,0,0,0,0,0,0,0,998,0,1,5,12,6,2,42,0,0,0,1,18,47235,6,1,0,0,3,3,73,205,0,0,0,0,0,0,0,0,0,0,28,58,0,0,1,2,50,1,1,2,1,0,0,1,12,99,1,4,6,1,0
18,180136,1,1,1,9,4,23,13,35,0,1,0,18,1,12,481,12481,31,1993,1FTEF14YXPLA,1,F,T,E,F,1,4,Y,X,P,L,A,0,0,0,000000000,00000000000,0,0,0,1,0,0,0,0,0,0,0,998,0,0,0,14,6,2,2,0,0,1,1,18,47165,6,1,0,0,3,0,72,145,0,1,0,0,0,10,2011,10,2011,0,28,0,0,0,1,2,55,1,1,2,1,0,0,1,12,99,1,4,6,1,0
18,180137,1,1,2,24,4,7,26,9,0,1,0,18,3,94,982,94982,50,2011,1T88T4E2XB11,1,T,8,8,T,4,E,2,X,B,1,1,0,0,57,000350651,57000350651,3,21,22,1,0,0,0,0,1,2,0,998,0,0,0,12,2,5,9,0,0,0,1,18,46205,6,1,6,0,3,3,65,160,0,0,0,0,0,0,0,0,0,0,38,0,0,0,1,2,40,1,1,2,1,3,3,11,84,1,1,1,13,0,0
18,180138,1,2,2,24,4,17,20,12,2,1,0,18,1,41,441,41441,20,2001,JM3LW28Y2101,J,M,3,L,W,2,8,Y,2,1,0,1,0,0,0,000000000,00000000000,0,0,0,1,0,0,0,0,0,0,0,998,0,0,0,12,6,2,12,0,0,0,1,18,46068,1,1,0,0,2,0,72,165,0,2,0,0,0,4,2014,4,2014,0,28,0,0,0,1,2,55,1,1,2,1,0,0,1,10,1,1,2,50,1,0
18,180138,2,2,4,24,4,17,20,12,2,1,0,18,2,49,442,49442,20,2005,5TDZA23C05S2,5,T,D,Z,A,2,3,C,0,5,S,2,0,0,0,000000000,00000000000,0,0,0,1,0,0,0,0,0,0,0,998,0,0,0,12,6,2,12,0,0,0,1,18,46240,6,1,0,0,3,0,67,130,0,1,0,0,0,12,2012,12,2012,0,0,0,0,0,1,2,55,1,1,2,1,0,0,1,62,1,1,1,51,0,0
18,180139,1,1,1,25,4,18,21,42,0,1,0,18,1,20,481,20481,31,2005,1GCEC14X65Z1,1,G,C,E,C,1,4,X,6,5,Z,1,0,0,0,000000000,00000000000,0,0,0,1,0,0,0,0,0,0,0,998,0,0,0,2,6,2,42,0,0,0,1,18,46776,1,1,0,0,2,3,66,140,0,0,0,0,0,0,0,0,0,4,28,58,0,0,1,2,50,1,2,4,1,0,0,1,6,6,4,4,7,1,1
18,180140,1,1,1,26,4,1,5,42,0,1,0,18,1,35,34,35034,2,1991,JN1CZ24H2MX5,J,N,1,C,Z,2,4,H,2,M,X,5,0,0,0,000000000,00000000000,0,0,0,1,0,0,0,0,0,0,0,998,0,0,0,12,6,2,42,0,0,0,1,18,46614,1,1,0,0,2,3,73,200,0,0,0,0,0,0,0,0,0,3,8,37,0,0,1,2,30,1,3,2,1,20,3,1,14,99,1,4,14,1,1
18,180141,1,1,1,26,4,17,10,59,0,1,0,26,1,72,706,72706,80,2007,1HD1FF4147Y6,1,H,D,1,F,F,4,1,4,7,Y,6,0,0,0,000000000,00000000000,0,0,0,1,0,0,0,0,0,0,0,998,0,0,0,12,6,2,59,0,0,0,1,26,49082,6,1,0,0,3,0,70,175,0,0,0,0,0,0,0,0,0,3,27,0,0,0,1,2,50,2,2,2,1,0,0,14,12,99,1,4,6,1,1
18,180143,1,1,1,27,4,18,1,42,0,1,0,18,2,37,706,37706,80,2006,JH2PC35016M7,J,H,2,P,C,3,5,0,1,6,M,7,0,0,0,000000000,00000000000,0,0,0,1,0,0,0,0,0,0,0,998,0,0,0,12,6,2,42,0,0,0,1,18,47129,0,0,0,0,0,0,71,179,0,0,0,0,0,0,0,0,0,3,28,0,0,0,1,2,55,3,3,2,1,0,0,14,12,99,1,4,6,1,0
18,180144,1,1,1,26,4,6,26,1,0,1,0,18,2,20,443,20443,20,2001,1GNDX03E91D1,1,G,N,D,X,0,3,E,9,1,D,1,0,0,0,000000000,00000000000,0,0,0,1,0,0,0,0,0,0,0,998,0,2,5,0,6,2,1,0,0,0,1,18,47281,6,1,0,0,3,0,64,130,0,0,0,0,0,0,0,0,0,0,28,0,0,0,1,2,55,1,1,2,1,0,0,1,19,99,1,4,98,1,0
18,180145,1,1,1,16,4,4,0,31,0,1,0,18,1,18,20,18020,4,1996,2G4WF52K4T15,2,G,4,W,F,5,2,K,4,T,1,5,0,0,0,000000000,00000000000,0,0,0,1,0,0,0,0,0,0,0,998,0,1,5,12,6,2,42,0,0,0,1,18,47302,6,1,0,0,3,0,68,125,0,0,0,0,0,0,0,0,0,3,8,0,0,0,1,2,45,3,2,2,1,28,3,14,12,99,1,4,6,1,1
18,180146,1,1,2,15,4,21,29,32,0,1,0,18,1,20,421,20421,15,1989,1GNCT18Z3K01,1,G,N,C,T,1,8,Z,3,K,0,1,0,0,0,000000000,00000000000,0,0,0,1,0,0,0,0,0,0,0,998,0,1,5,12,6,2,32,0,0,0,1,18,47424,6,1,0,0,3,0,74,175,0,0,0,0,0,0,0,0,0,0,28,0,0,0,1,2,50,4,2,2,1,0,0,14,12,99,1,4,6,1,1
18,180148,1,2,1,25,4,15,58,12,6,1,0,18,1,12,422,12422,15,1997,1FMFU18L1VLB,1,F,M,F,U,1,8,L,1,V,L,B,0,0,0,000000000,00000000000,0,0,0,1,0,0,0,0,0,0,0,998,0,0,0,83,4,3,12,0,0,0,1,18,47905,6,1,0,0,3,0,73,295,0,4,0,0,5,4,2012,2,2013,0,38,0,0,0,2,4,45,1,1,2,1,0,0,11,15,2,1,1,68,0,0
18,180148,2,2,1,25,4,15,58,12,6,1,0,18,1,76,706,76706,80,2003,JYARN10E33A0,J,Y,A,R,N,1,0,E,3,3,A,0,0,0,0,000000000,00000000000,0,0,0,1,0,0,0,0,0,0,0,998,0,0,0,12,4,3,12,0,0,0,1,18,47909,6,1,0,0,2,0,73,180,0,1,0,1,1,9,2011,6,2013,5,0,0,0,0,2,4,45,1,1,2,1,0,0,1,67,99,1,1,69,1,0
18,180149,1,3,1,28,4,12,0,12,8,1,0,18,1,24,5,24005,4,2000,1G8JW52R1YY6,1,G,8,J,W,5,2,R,1,Y,Y,6,0,0,0,000000000,00000000000,0,0,0,1,0,0,0,0,0,0,0,998,0,0,0,62,6,2,12,0,0,0,1,18,46714,6,1,0,0,3,3,74,190,0,0,0,0,1,6,2011,6,2011,0,28,0,0,0,1,2,55,2,1,2,1,28,3,14,10,1,1,2,66,1,0
18,180149,2,3,1,28,4,12,0,12,8,1,0,21,3,82,881,82881,66,2010,1FUJGLDR1ASA,1,F,U,J,G,L,D,R,1,A,S,A,1,1,57,000105008,57000105008,3,6,1,1,0,0,0,0,0,0,0,998,0,0,0,63,6,2,12,0,0,0,1,21,40004,6,1,6,1,3,3,70,175,1,0,0,0,0,9,2013,9,2013,0,0,0,0,0,1,2,55,3,1,2,1,28,3,14,62,1,1,1,66,0,0
18,180149,3,3,1,28,4,12,0,12,8,1,0,18,2,12,422,12422,15,2011,1FMJU1G54BEF,1,F,M,J,U,1,G,5,4,B,E,F,0,0,0,000000000,00000000000,0,0,0,1,0,0,0,0,0,0,0,998,0,0,0,12,6,2,12,0,0,0,1,18,46150,6,1,0,0,3,0,71,180,0,0,0,0,0,0,0,0,0,0,0,0,0,0,1,2,55,3,1,2,1,28,3,14,62,1,1,1,98,0,0
18,180150,1,3,2,29,4,18,21,12,2,1,0,18,2,22,18,22018,2,2001,1G2NW12E41M5,1,G,2,N,W,1,2,E,4,1,M,5,0,0,0,000000000,00000000000,0,0,0,1,0,0,0,0,0,0,0,998,0,0,0,12,6,2,12,0,0,0,1,18,46714,6,2,0,0,3,0,70,255,0,0,0,0,0,0,0,0,0,0,28,91,0,0,1,2,55,1,1,2,1,0,0,1,10,99,1,2,50,0,0
18,180150,2,3,1,29,4,18,21,12,2,1,0,18,2,12,442,12442,20,2002,2FMZA50422BB,2,F,M,Z,A,5,0,4,2,2,B,B,0,0,0,000000000,00000000000,0,0,0,1,0,0,0,0,0,0,0,998,0,0,0,12,6,2,12,0,0,0,1,18,47336,6,1,0,0,3,0,62,135,0,0,0,0,0,0,0,0,0,0,0,0,0,0,1,2,55,1,1,2,1,0,0,1,62,1,1,1,51,1,0
18,180150,3,3,4,29,4,18,21,12,2,1,0,18,2,23,422,23422,15,2007,1GKFK63857J3,1,G,K,F,K,6,3,8,5,7,J,3,0,0,0,000000000,00000000000,0,0,0,1,0,0,0,0,0,0,0,998,0,0,0,12,2,5,12,0,0,0,1,18,46714,6,1,0,0,3,3,63,120,0,0,0,1,0,9,2011,9,2011,0,0,0,0,0,1,2,55,1,1,2,1,0,0,17,50,7,1,4,98,0,0
18,180151,1,1,1,12,4,20,10,33,0,1,1,18,3,20,481,20481,31,1996,2GCEK19R9T12,2,G,C,E,K,1,9,R,9,T,1,2,0,0,0,000000000,00000000000,0,0,0,1,0,0,0,0,0,0,0,998,0,0,0,14,9,5,8,0,0,0,1,99,99999,9,9,99,9,9,9,999,999,99,99,99,99,99,99,9999,99,9999,5,0,0,0,0,1,2,20,1,1,2,1,0,0,1,12,99,1,4,6,0,0
18,180152,1,1,1,16,4,15,15,8,0,1,0,19,1,84,881,84881,66,2007,2HSCKSCR87C3,2,H,S,C,K,S,C,R,8,7,C,3,1,1,57,000053824,57000053824,3,6,3,1,0,0,0,0,0,0,0,998,0,0,0,83,4,3,8,0,0,0,1,19,50246,6,1,6,0,3,3,71,200,0,0,0,0,0,0,0,0,0,0,0,0,0,0,2,4,30,1,1,1,1,0,0,15,80,1,1,1,13,0,0
18,180153,1,1,1,27,4,3,0,42,0,1,0,18,1,7,472,7472,31,2003,1D7HL32N43S2,1,D,7,H,L,3,2,N,4,3,S,2,0,0,0,000000000,00000000000,0,0,0,1,0,0,0,0,0,0,0,998,0,1,5,12,6,2,42,0,0,1,1,18,46168,6,1,0,0,3,3,67,120,0,3,0,0,5,8,2011,3,2013,3,8,0,0,0,1,2,35,1,1,2,1,0,0,1,13,99,1,4,1,1,1
18,180154,1,1,1,1,5,20,50,10,0,1,0,18,1,20,481,20481,31,1993,1GCGC29F3PE1,1,G,C,G,C,2,9,F,3,P,E,1,0,0,0,000000000,00000000000,0,0,0,1,0,0,0,0,0,0,0,998,0,0,0,12,6,2,10,0,0,0,1,18,47978,6,1,0,0,3,3,68,125,0,0,0,0,0,0,0,0,0,0,0,0,0,0,1,2,55,1,2,4,2,65,9,1,98,99,1,2,98,1,0
18,180155,1,2,2,30,4,11,41,12,2,1,0,18,2,12,481,12481,31,2006,1FTRX12W76KC,1,F,T,R,X,1,2,W,7,6,K,C,0,0,0,000000000,00000000000,0,0,0,1,0,0,0,0,0,0,0,998,0,0,0,12,6,2,12,0,0,0,1,18,47424,1,1,0,0,2,0,67,150,0,0,0,0,0,0,0,0,0,0,28,0,0,0,1,2,50,3,1,2,1,0,0,14,10,1,1,2,50,0,0
18,180155,2,2,1,30,4,11,41,12,2,1,0,18,1,37,706,37706,80,1986,1HFSC1462GA2,1,H,F,S,C,1,4,6,2,G,A,2,0,0,0,000000000,00000000000,0,0,0,1,0,0,0,0,0,0,0,998,0,0,0,12,6,2,12,0,0,0,1,18,47403,6,1,0,0,3,3,71,190,0,0,0,0,0,0,0,0,0,0,28,0,0,0,1,2,50,2,1,2,1,28,3,14,62,1,1,1,51,1,0
18,180157,1,3,1,1,5,17,15,12,2,1,0,18,2,20,481,20481,31,2001,1GCEK19T71E1,1,G,C,E,K,1,9,T,7,1,E,1,0,0,0,000000000,00000000000,0,0,0,1,0,0,0,0,0,0,0,998,0,0,0,12,6,2,12,0,0,0,1,18,46975,6,1,5,0,3,0,63,150,0,0,0,0,0,0,0,0,0,0,28,0,0,0,1,2,55,1,1,2,1,0,0,1,11,1,1,2,50,1,0
18,180157,2,3,1,1,5,17,15,12,2,1,0,18,3,84,881,84881,66,2013,1HTMMAAN7DH1,1,H,T,M,M,A,A,N,7,D,H,1,1,1,57,000423552,57000423552,3,6,1,1,0,0,0,0,0,0,0,998,0,0,0,12,6,2,12,0,0,0,1,18,46947,6,1,6,1,3,3,66,212,0,0,0,0,0,0,0,0,0,0,0,0,0,0,1,2,55,1,1,2,1,0,0,1,62,1,1,1,51,0,0
18,180157,3,3,1,1,5,17,15,12,2,1,0,18,2,20,481,20481,31,2010,1GCSKSE33AZ2,1,G,C,S,K,S,E,3,3,A,Z,2,0,0,0,000000000,00000000000,0,0,0,1,0,0,0,0,0,0,0,998,0,0,0,18,2,5,54,0,0,0,1,18,46931,6,1,0,0,3,0,61,128,0,0,0,0,0,0,0,0,0,0,0,0,0,0,1,2,55,1,1,2,1,0,0,1,62,1,1,1,98,0,0
18,180158,1,1,3,2,5,1,45,30,0,1,0,21,1,37,32,37032,4,1996,1HGCD5637TA1,1,H,G,C,D,5,6,3,7,T,A,1,0,0,0,000000000,00000000000,0,0,0,1,0,0,0,0,0,0,0,998,0,0,0,82,6,2,30,0,0,0,1,99,99999,9,9,99,9,9,9,999,999,99,99,99,99,99,99,9999,99,9999,0,28,0,0,0,1,2,55,1,1,2,1,0,0,1,12,4,1,4,6,1,0
18,180159,1,3,1,30,4,13,55,12,1,1,0,18,1,42,401,42401,14,2000,4JGAB72E8YA1,4,J,G,A,B,7,2,E,8,Y,A,1,0,0,0,000000000,00000000000,0,0,0,1,0,0,0,0,0,0,0,998,0,0,0,12,6,2,12,0,0,0,1,18,46226,6,1,6,0,3,3,70,220,0,0,0,2,1,5,2012,8,2013,3,0,0,0,0,2,2,45,1,1,2,1,1,3,1,50,1,1,1,20,1,0
18,180159,2,3,2,30,4,13,55,12,1,1,0,18,3,84,883,84883,62,2005,1HTMMAAM65H1,1,H,T,M,M,A,A,M,6,5,H,1,0,0,57,000744798,57000744798,2,1,1,1,0,0,0,0,0,0,0,0,0,0,0,6,4,5,12,0,0,0,1,18,46158,6,1,5,0,3,0,77,210,0,0,0,0,0,0,0,0,0,0,0,0,0,0,2,2,45,1,1,2,1,1,3,5,53,1,1,1,21,0,0
18,180159,3,3,2,30,4,13,55,12,1,1,0,18,2,55,35,55035,4,2002,KMHDN45D82U2,K,M,H,D,N,4,5,D,8,2,U,2,0,0,0,000000000,00000000000,0,0,0,1,0,0,0,0,0,0,0,0,0,0,0,6,4,5,12,0,0,0,1,18,46201,6,1,0,0,3,0,68,255,0,0,0,0,0,0,0,0,0,0,0,0,0,0,2,2,45,1,1,2,1,1,3,5,53,1,1,1,98,0,0
18,180160,1,1,1,6,5,14,45,18,0,1,0,18,1,6,441,6441,20,2005,1C4GP45R75B4,1,C,4,G,P,4,5,R,7,5,B,4,0,0,0,000000000,00000000000,0,0,0,1,0,0,0,0,0,0,0,998,0,0,0,12,6,2,30,0,0,0,1,18,46143,6,1,0,0,3,3,72,215,0,0,0,0,0,0,0,0,0,0,0,0,0,0,1,2,55,1,1,2,1,0,0,1,13,99,1,4,1,1,0
18,180161,1,1,1,27,4,20,39,32,0,1,0,18,1,37,31,37031,2,2008,2HGFG12958H5,2,H,G,F,G,1,2,9,5,8,H,5,0,0,0,000000000,00000000000,0,0,0,1,0,0,0,0,0,0,0,998,0,0,0,12,6,2,42,0,0,0,1,18,46237,6,1,0,0,3,0,68,125,0,0,0,1,4,11,2012,10,2013,3,0,0,0,0,1,2,35,3,1,2,1,0,0,14,13,99,1,4,1,1,0
18,180162,1,2,1,30,4,12,9,12,6,1,0,18,1,23,481,23481,31,2006,1GTEK19B66Z1,1,G,T,E,K,1,9,B,6,6,Z,1,0,0,0,000000000,00000000000,0,0,0,1,0,0,0,0,0,0,0,998,0,0,0,12,6,2,12,0,0,0,1,18,46324,6,1,0,0,3,3,69,220,0,0,0,0,0,0,0,0,0,0,0,0,0,0,2,2,35,1,1,2,1,0,0,1,70,1,1,1,79,0,0
18,180162,2,2,1,30,4,12,9,12,6,1,0,17,1,18,7,18007,4,2005,2G4WS52JX511,2,G,4,W,S,5,2,J,X,5,1,1,0,0,0,000000000,00000000000,0,0,0,1,0,0,0,0,0,0,0,998,0,0,0,9,6,2,12,0,0,0,1,17,60411,6,1,0,0,3,3,65,190,0,0,0,0,0,0,0,0,0,0,38,0,0,0,2,2,35,1,1,2,1,20,3,10,16,1,1,1,78,1,0
18,180163,1,2,1,6,5,16,23,12,6,1,0,18,3,94,982,94982,50,2011,1T88T4E28B11,1,T,8,8,T,4,E,2,8,B,1,1,0,0,57,000049015,57000049015,2,21,22,1,0,0,0,0,1,2,0,998,0,0,0,83,2,5,12,0,0,0,1,18,46208,6,1,6,1,3,0,61,115,0,0,0,0,0,0,0,0,0,0,38,0,0,0,5,3,45,1,1,2,1,1,3,11,15,1,1,1,68,0,0
18,180163,2,2,1,6,5,16,23,12,6,1,0,18,1,73,706,73706,80,2006,JKBZXJD126A0,J,K,B,Z,X,J,D,1,2,6,A,0,0,0,0,000000000,00000000000,0,0,0,1,0,0,0,0,0,0,0,998,0,0,0,12,6,2,12,0,0,0,1,18,46205,6,1,0,0,3,0,68,145,0,0,0,2,1,10,2011,10,2013,0,0,0,0,0,5,3,45,1,1,2,1,1,3,1,67,1,1,1,69,1,0
18,180164,1,1,1,7,5,9,7,38,0,1,0,17,2,82,881,82881,63,2007,1FVHC5CV37HX,1,F,V,H,C,5,C,V,3,7,H,X,0,0,57,000031386,57000031386,3,2,3,1,0,0,0,0,0,0,0,998,0,0,0,12,6,2,42,0,0,0,1,18,46143,6,1,6,1,3,3,67,145,0,0,0,0,0,0,0,0,0,0,28,0,0,0,1,2,55,1,1,2,1,0,0,1,12,99,1,4,6,1,0
18,180165,1,1,1,4,5,19,0,30,0,1,0,18,2,49,402,49402,14,2004,JTEGD20V3400,J,T,E,G,D,2,0,V,3,4,0,0,0,0,0,000000000,00000000000,0,0,0,1,0,0,0,0,0,0,0,998,0,1,5,12,6,2,1,0,0,0,1,18,47804,1,1,0,0,2,3,69,190,0,0,0,0,0,0,0,0,0,0,28,0,0,0,1,2,45,1,1,2,1,0,0,1,12,99,1,4,6,1,0
18,180166,1,1,1,3,5,22,15,15,0,1,0,18,2,13,14,13014,6,2009,2LMDU68C39BJ,2,L,M,D,U,6,8,C,3,9,B,J,0,0,0,000000000,00000000000,0,0,0,1,0,0,0,0,0,0,0,998,0,0,0,1,2,5,15,32,44,0,1,18,46113,6,1,0,0,3,3,65,200,0,0,0,0,0,0,0,0,0,0,0,0,0,0,1,2,30,1,1,2,1,28,3,1,83,1,1,1,13,0,0