STATE,ST_CASE,VEH_NO,VE_FORMS,NUMOCCS,DAY,MONTH,HOUR,MINUTE,HARM_EV,MAN_COLL,UNITTYPE,HIT_RUN,REG_STAT,OWNER,MAKE,MODEL,MAK_MOD,BODY_TYP,MOD_YEAR,VIN,VIN_1,VIN_2,VIN_3,VIN_4,VIN_5,VIN_6,VIN_7,VIN_8,VIN_9,VIN_10,VIN_11,VIN_12,TOW_VEH,J_KNIFE,MCARR_I1,MCARR_I2,MCARR_ID,GVWR,V_CONFIG,CARGO_BT,HAZ_INV,HAZ_PLAC,HAZ_ID,HAZ_CNO,HAZ_REL,BUS_USE,SPEC_USE,EMER_USE,TRAV_SP,UNDERIDE,ROLLOVER,ROLINLOC,IMPACT1,DEFORMED,TOWED,M_HARM,VEH_SC1,VEH_SC2,FIRE_EXP,DR_PRES,L_STATE,DR_ZIP,L_STATUS,L_TYPE,CDL_STAT,L_ENDORS,L_COMPL,L_RESTRI,DR_HGT,DR_WGT,PREV_ACC,PREV_SUS,PREV_DWI,PREV_SPD,PREV_OTH,FIRST_MO,FIRST_YR,LAST_MO,LAST_YR,SPEEDREL,DR_SF1,DR_SF2,DR_SF3,DR_SF4,VTRAFWAY,VNUM_LAN,VSPD_LIM,VALIGN,VPROFILE,VPAVETYP,VSURCOND,VTRAFCON,VTCONT_F,P_CRASH1,P_CRASH2,P_CRASH3,PCRASH4,PCRASH5,ACC_TYPE,DEATHS,DR_DRINK
18,180167,1,1,2,19,4,16,14,35,0,1,0,18,2,30,40,30040,4,2012,1VWBP7A36CC0,1,V,W,B,P,7,A,3,6,C,C,0,0,0,0,000000000,00000000000,0,0,0,1,0,0,0,0,0,0,0,998,0,1,5,12,6,2,1,0,0,0,1,18,47150,6,1,0,0,3,0,71,190,0,2,0,0,2,10,2012,12,2012,3,8,0,0,0,3,2,55,1,2,1,1,0,0,1,13,99,1,4,1,1,0
18,180168,1,1,1,6,5,19,5,10,0,1,0,18,2,12,998,12998,92,1990,D450799,D,4,5,0,7,9,9,,,,,,0,0,0,000000000,00000000000,0,0,0,1,0,0,0,0,0,0,0,998,0,0,0,82,6,2,10,0,0,0,1,18,47591,6,1,8,0,3,0,68,220,0,0,0,0,0,0,0,0,0,0,38,0,0,0,1,2,55,4,1,4,1,65,3,14,90,98,1,1,15,1,0
18,180169,1,1,1,6,5,18,39,33,0,1,0,18,1,76,706,76706,80,1998,JYA5AHE05WA0,J,Y,A,5,A,H,E,0,5,W,A,0,0,0,0,000000000,00000000000,0,0,0,1,0,0,0,0,0,0,0,998,0,0,0,12,4,5,8,0,0,0,1,18,46360,6,1,0,0,2,0,71,140,0,0,0,0,0,0,0,0,0,0,38,91,0,0,3,4,35,1,3,2,1,20,3,1,80,8,1,4,6,0,1
18,180170,1,1,1,8,5,7,36,34,0,1,0,18,1,12,481,12481,31,1999,1FTRX18L7XNA,1,F,T,R,X,1,8,L,7,X,N,A,0,0,0,000000000,00000000000,0,0,0,1,0,0,0,0,0,0,0,998,0,1,5,12,6,2,1,0,0,0,1,18,46218,6,1,0,0,3,0,74,215,0,0,0,0,0,0,0,0,0,0,0,0,0,0,1,2,99,1,1,2,99,0,0,1,12,99,1,4,6,1,0
18,180171,1,2,1,10,5,21,50,12,6,1,0,18,1,72,706,72706,80,2013,1HD1KEM13DB6,1,H,D,1,K,E,M,1,3,D,B,6,0,0,0,000000000,00000000000,0,0,0,1,0,0,0,0,0,0,0,998,0,0,0,12,6,2,12,0,0,0,1,18,46776,6,1,8,0,3,3,66,185,0,0,0,0,1,7,2011,7,2011,0,0,0,0,0,1,2,55,1,1,2,1,0,0,1,67,1,1,1,69,1,1
18,180171,2,2,2,10,5,21,50,12,6,1,0,39,1,20,404,20404,14,2014,2GNALCEK5E61,2,G,N,A,L,C,E,K,5,E,6,1,0,0,0,000000000,00000000000,0,0,0,1,0,0,0,0,0,0,0,998,0,0,0,9,6,2,12,0,0,0,1,39,43512,6,1,0,0,3,3,69,185,0,0,0,0,0,0,0,0,0,0,39,0,0,0,1,2,55,1,1,2,1,20,3,11,15,1,1,1,68,0,1
18,180172,1,2,1,7,5,10,35,12,6,1,0,18,1,20,481,20481,31,1999,1GCEK14V6XE1,1,G,C,E,K,1,4,V,6,X,E,1,0,0,0,000000000,00000000000,0,0,0,1,0,0,0,0,0,0,0,998,0,0,0,82,6,2,12,0,0,0,1,18,47501,6,1,0,0,3,3,68,200,0,0,0,0,0,0,0,0,0,0,38,91,0,0,1,2,35,1,1,2,1,20,3,1,17,1,1,1,87,0,0
18,180172,2,2,1,7,5,10,35,12,6,1,0,18,1,76,706,76706,80,2008,JYAVP11E28A1,J,Y,A,V,P,1,1,E,2,8,A,1,0,0,0,000000000,00000000000,0,0,0,1,0,0,0,0,0,0,0,998,0,0,0,12,6,2,12,0,0,0,1,18,47591,6,1,0,0,2,3,70,235,0,0,0,1,0,1,2012,1,2012,0,0,0,0,0,1,2,35,1,1,2,1,0,0,1,66,1,1,1,86,1,0
18,180173,1,2,1,10,5,8,40,12,6,1,0,18,1,20,481,20481,31,1989,2GCDC14H3K11,2,G,C,D,C,1,4,H,3,K,1,1,0,0,0,000000000,00000000000,0,0,0,1,0,0,0,0,0,0,0,998,0,0,0,12,6,2,12,0,0,0,1,18,46787,6,1,5,0,3,3,65,185,0,0,0,0,3,3,2012,11,2013,0,38,39,0,0,1,2,55,1,1,2,1,20,3,1,17,1,1,1,88,1,0
18,180173,2,2,1,10,5,8,40,12,6,1,0,18,2,20,481,20481,31,2014,1GC0KVCG8EF1,1,G,C,0,K,V,C,G,8,E,F,1,0,0,0,000000000,00000000000,0,0,0,1,0,0,0,0,0,0,0,998,0,1,5,62,6,2,12,0,0,0,1,18,46550,6,1,0,0,3,3,72,175,0,0,0,0,0,0,0,0,0,0,0,0,0,0,1,2,55,1,1,2,1,0,0,1,66,1,1,1,89,0,0
18,180174,1,1,2,10,5,13,25,34,0,1,0,12,1,34,34,34034,2,2007,WBAWB73547P1,W,B,A,W,B,7,3,5,4,7,P,1,0,0,0,000000000,00000000000,0,0,0,1,0,0,0,0,0,0,0,998,0,1,5,14,6,2,1,0,0,0,1,12,32210,6,1,0,0,3,0,73,999,0,0,0,0,0,0,0,0,0,0,8,28,0,0,1,2,55,1,3,2,1,0,0,1,12,6,1,4,6,2,1
18,180175,1,2,1,12,5,10,19,12,6,1,0,18,3,86,881,86881,66,2000,1M1AA13Y0YW1,1,M,1,A,A,1,3,Y,0,Y,W,1,1,1,57,000675705,57000675705,3,6,1,1,0,0,0,0,0,0,0,998,0,0,0,4,4,5,12,0,0,0,1,18,46582,6,1,6,0,3,3,74,190,0,0,0,0,0,0,0,0,0,0,0,0,0,0,5,4,35,1,1,2,1,3,3,1,17,98,1,1,87,0,0
18,180175,2,2,1,12,5,10,19,12,6,1,0,92,0,98,701,98701,81,2012,L9NTEACT0C10,L,9,N,T,E,A,C,T,0,C,1,0,0,0,0,000000000,00000000000,0,0,0,1,0,0,0,0,0,0,0,998,0,0,0,12,6,2,12,0,0,0,1,18,46615,1,1,0,0,1,0,66,135,0,0,0,0,0,0,0,0,0,0,39,0,0,0,5,4,35,1,1,2,1,3,3,1,17,99,1,1,86,1,0
18,180176,1,2,1,8,5,18,41,12,6,1,0,18,2,53,733,53733,90,1997,KM4AG43A8V11,K,M,4,A,G,4,3,A,8,V,1,1,0,0,0,000000000,00000000000,0,0,0,1,0,0,0,0,0,0,0,998,0,0,0,81,6,2,12,0,0,0,1,18,47201,0,0,0,0,0,0,999,999,0,0,0,0,0,0,0,0,0,0,38,0,0,0,0,0,0,0,0,0,0,0,0,1,19,1,1,7,64,1,0
18,180176,2,2,1,8,5,18,41,12,6,1,0,18,1,73,706,73706,80,1999,JKAZXDP18XA0,J,K,A,Z,X,D,P,1,8,X,A,0,0,0,0,000000000,00000000000,0,0,0,1,0,0,0,0,0,0,0,998,0,0,0,12,6,2,12,0,0,0,1,18,47201,6,1,0,0,3,0,68,180,0,0,0,0,1,7,2011,7,2011,0,0,0,0,0,1,2,55,1,1,2,1,0,0,1,64,1,1,1,65,0,0
18,180177,1,1,1,10,5,18,35,1,0,1,0,18,1,72,706,72706,80,2009,1HD1FS4149Y6,1,H,D,1,F,S,4,1,4,9,Y,6,0,0,0,000000000,00000000000,0,0,0,1,0,0,0,0,0,0,0,998,0,0,0,0,6,2,9,0,0,0,1,18,46992,6,1,0,0,3,3,72,210,0,0,0,0,0,0,0,0,0,0,0,0,0,0,1,2,30,1,1,2,1,0,0,1,83,3,1,1,98,0,1
18,180178,1,4,1,13,5,19,20,12,1,1,0,18,1,7,472,7472,31,2005,1D7HE28K75S3,1,D,7,H,E,2,8,K,7,5,S,3,0,0,0,000000000,00000000000,0,0,0,1,0,0,0,0,0,0,0,998,0,0,0,12,6,2,12,0,0,0,1,18,46310,6,1,0,0,3,3,72,260,0,1,0,1,1,7,2012,12,2012,0,0,0,0,0,1,2,55,1,1,2,1,0,0,1,50,9,1,1,20,0,0
18,180178,2,4,1,13,5,19,20,12,1,1,0,18,1,20,9,20009,2,1987,1G1FP21S3HN1,1,G,1,F,P,2,1,S,3,H,N,1,0,0,0,000000000,00000000000,0,0,0,1,0,0,0,0,0,0,0,0,0,0,0,6,6,2,12,0,0,0,1,18,47978,6,1,0,0,3,0,68,135,0,0,0,0,0,0,0,0,0,0,28,0,0,0,1,2,55,1,1,2,1,0,0,5,53,99,1,1,21,0,0
18,180178,3,4,1,13,5,19,20,12,1,1,0,18,1,20,403,20403,14,2006,1GNDS13S2622,1,G,N,D,S,1,3,S,2,6,2,2,0,0,0,000000000,00000000000,0,0,0,1,0,0,0,0,0,0,0,998,0,1,1,12,6,2,12,0,0,0,1,18,47944,6,1,0,0,3,0,63,150,0,0,0,0,0,0,0,0,0,0,0,0,0,0,1,2,55,1,1,2,1,0,0,1,62,99,1,1,98,1,0
18,180178,4,4,1,13,5,19,20,12,1,1,0,18,1,20,422,20422,15,2005,1GNDT13S4523,1,G,N,D,T,1,3,S,4,5,2,3,0,0,0,000000000,00000000000,0,0,0,1,0,0,0,0,0,0,0,998,0,0,0,12,6,2,12,0,0,0,1,18,47978,6,1,0,0,3,0,66,115,0,0,0,0,0,0,0,0,0,0,0,0,0,0,1,2,55,1,1,2,1,0,0,1,62,98,1,1,98,0,0
18,180179,1,2,1,6,5,13,38,12,6,1,0,18,1,22,20,22020,4,2004,2G2WS5221412,2,G,2,W,S,5,2,2,1,4,1,2,0,0,0,000000000,00000000000,0,0,0,1,0,0,0,0,0,0,0,998,0,0,0,3,6,2,12,0,0,0,1,18,47240,6,1,0,0,3,0,66,192,0,1,0,0,1,6,2011,10,2011,0,38,0,0,0,2,4,55,1,1,1,1,3,3,11,15,1,1,1,68,1,0
18,180179,2,2,1,6,5,13,38,12,6,1,0,18,3,82,881,82881,66,2012,1FUJGLDR1CSB,1,F,U,J,G,L,D,R,1,C,S,B,1,1,57,000312282,57000312282,3,6,1,1,0,0,0,0,0,0,0,998,0,0,0,12,6,2,12,0,0,0,1,18,47129,6,1,6,1,3,3,67,200,0,0,0,0,0,0,0,0,0,0,0,0,0,0,2,4,55,1,1,1,1,3,3,1,67,1,1,1,69,0,0
18,180181,1,1,2,13,5,17,2,34,0,1,0,18,1,7,43,7043,4,2003,1B3EL36X93N5,1,B,3,E,L,3,6,X,9,3,N,5,0,0,0,000000000,00000000000,0,0,0,1,0,0,0,0,0,0,0,998,0,1,5,14,6,2,1,0,0,0,1,18,46714,1,1,0,0,2,3,63,124,1,5,0,4,3,8,2011,1,2014,0,58,28,87,0,1,2,55,1,1,2,2,0,0,1,8,8,2,4,7,1,0
18,180182,1,1,1,4,5,16,50,35,0,1,0,18,1,21,21,21021,4,1999,1G3NF52E6XC4,1,G,3,N,F,5,2,E,6,X,C,4,0,0,0,000000000,00000000000,0,0,0,1,0,0,0,0,0,0,0,998,0,1,5,6,6,2,1,0,0,0,1,18,46565,6,7,0,0,3,0,61,160,0,0,0,0,0,0,0,0,0,3,28,0,0,0,1,2,55,1,2,4,8,0,0,1,13,4,2,4,2,1,0
18,180183,1,2,1,12,5,23,27,12,1,1,0,18,2,37,706,37706,80,2002,JH2SC35072M5,J,H,2,S,C,3,5,0,7,2,M,5,0,0,0,000000000,00000000000,0,0,0,1,0,0,0,0,0,0,0,998,0,0,0,12,6,2,12,0,0,0,1,18,46406,6,1,0,0,3,3,68,190,0,0,0,0,0,0,0,0,0,0,58,0,0,0,6,2,45,2,2,1,1,0,0,14,10,1,1,2,32,1,0
18,180183,2,2,1,12,5,23,27,12,1,1,1,99,9,99,999,99999,99,9999,999999999999,9,9,9,9,9,9,9,9,9,9,9,9,0,0,0,000000000,00000000000,0,0,0,1,0,0,0,0,0,0,0,998,0,0,0,6,2,5,12,0,0,0,1,99,99999,9,9,99,9,9,9,999,999,99,99,99,99,99,99,9999,99,9999,0,0,0,0,0,3,3,55,1,1,1,1,0,0,15,60,1,1,1,32,0,0
18,180184,1,2,1,13,5,17,0,12,2,1,0,18,1,20,482,20482,31,2011,3GNMCFE08BG1,3,G,N,M,C,F,E,0,8,B,G,1,0,0,0,000000000,00000000000,0,0,0,1,0,0,0,0,0,0,0,998,0,0,0,12,6,2,12,0,0,0,1,18,46383,6,1,0,0,3,3,75,260,0,0,0,0,0,0,0,0,0,0,28,0,0,0,1,2,55,1,2,2,1,0,0,1,10,6,1,2,50,1,0
18,180184,2,2,5,13,5,17,0,12,2,1,0,49,3,84,881,84881,66,2013,3HSDJSJR1DN1,3,H,S,D,J,S,J,R,1,D,N,1,1,1,57,000028406,57000028406,3,6,1,1,0,0,0,0,0,0,0,998,0,0,0,12,6,2,12,0,0,0,1,17,60450,6,1,6,0,3,0,71,185,0,0,0,0,0,0,0,0,0,0,0,0,0,0,1,2,55,1,2,2,1,0,0,1,62,98,1,1,51,0,0
18,180185,1,2,1,8,5,19,23,12,8,1,0,18,1,12,881,12881,61,1999,1FDAF57F2XEC,1,F,D,A,F,5,7,F,2,X,E,C,0,0,99,999999999,99999999999,2,1,96,1,0,0,0,0,0,0,0,998,0,0,0,62,2,5,12,0,0,0,1,18,47926,6,1,6,0,3,3,75,280,0,0,0,0,0,0,0,0,0,0,0,0,0,0,1,2,55,3,1,2,1,0,0,14,99,1,1,1,66,0,0
18,180185,2,2,1,8,5,19,23,12,8,1,0,18,1,98,701,98701,81,2002,RFBSHAAE52B9,R,F,B,S,H,A,A,E,5,2,B,9,0,0,0,000000000,00000000000,0,0,0,1,0,0,0,0,0,0,0,998,0,0,0,99,4,3,12,0,0,0,1,18,47904,0,0,0,0,0,0,72,195,0,0,0,0,0,0,0,0,0,0,0,0,0,0,1,2,55,2,1,2,1,0,0,14,99,1,1,1,66,1,0
18,180186,1,1,1,18,5,16,12,5,0,1,0,18,1,53,706,53706,80,2007,JS1VS55A5721,J,S,1,V,S,5,5,A,5,7,2,1,0,0,0,000000000,00000000000,0,0,0,1,0,0,0,0,0,0,0,998,0,0,0,0,4,5,5,0,0,0,1,18,46350,6,1,0,0,3,3,69,300,0,0,0,0,0,0,0,0,0,0,28,0,0,0,1,2,30,1,1,2,1,0,0,1,98,99,7,4,0,1,0
18,180187,1,2,1,20,5,8,20,12,6,1,0,18,2,20,36,20036,2,2002,2G1WX15K6292,2,G,1,W,X,1,5,K,6,2,9,2,0,0,0,000000000,00000000000,0,0,0,1,0,0,0,0,0,0,0,998,0,0,0,9,6,2,12,0,0,0,1,18,46062,6,1,0,0,3,0,72,150,0,0,0,0,0,0,0,0,0,0,38,0,0,0,1,2,25,1,1,2,1,20,3,11,15,1,1,1,68,1,0
18,180187,2,2,1,20,5,8,20,12,6,1,0,18,2,20,461,20461,21,2012,1GCWGFCA9C11,1,G,C,W,G,F,C,A,9,C,1,1,0,0,0,000000000,00000000000,0,0,0,1,0,0,0,0,0,0,0,998,0,0,0,12,4,3,12,0,0,0,1,18,46140,6,1,0,0,3,0,67,150,0,0,0,0,0,0,0,0,0,0,0,0,0,0,1,2,40,1,1,2,1,0,0,1,67,1,1,1,69,0,0
18,180188,1,1,1,8,5,5,40,45,0,1,0,18,1,12,481,12481,31,1996,1FTHX26F1TEB,1,F,T,H,X,2,6,F,1,T,E,B,0,0,0,000000000,00000000000,0,0,0,1,0,0,0,0,0,0,0,998,0,0,0,12,6,2,8,0,0,0,1,18,46040,6,1,0,0,3,0,70,225,0,1,0,0,2,8,2011,8,2011,0,38,41,8,91,3,3,99,1,1,2,1,0,0,1,50,1,1,1,15,0,0
18,180189,1,1,1,16,5,17,29,26,0,1,0,31,3,87,881,87881,66,2007,1XP5DB9X97D6,1,X,P,5,D,B,9,X,9,7,D,6,1,1,57,000073148,57000073148,3,6,1,1,0,0,0,0,0,0,0,998,0,0,0,12,6,2,21,0,0,0,1,39,44609,6,1,6,0,3,0,67,280,0,0,0,0,0,0,0,0,0,0,28,87,0,0,2,3,65,1,1,1,6,0,0,1,12,99,1,4,6,1,0
18,180190,1,2,1,20,5,15,47,12,2,1,0,18,2,19,3,19003,2,1992,1G6CD13B3N42,1,G,6,C,D,1,3,B,3,N,4,2,0,0,0,000000000,00000000000,0,0,0,1,0,0,0,0,0,0,0,998,0,0,0,12,6,2,12,0,0,0,1,18,47302,1,1,0,0,2,3,66,115,0,0,0,0,0,0,0,0,0,0,28,0,0,0,1,2,45,1,1,2,1,0,0,1,10,99,1,2,50,1,0
18,180190,2,2,1,20,5,15,47,12,2,1,0,18,3,84,881,84881,66,2004,2HSCKAPR84C0,2,H,S,C,K,A,P,R,8,4,C,0,1,1,57,000402124,57000402124,3,6,1,1,0,0,0,0,0,0,0,998,0,0,0,12,6,2,12,0,0,0,1,18,47303,6,1,6,0,3,3,66,235,0,0,0,0,0,0,0,0,0,0,0,0,0,0,1,2,45,1,1,2,1,0,0,1,62,7,1,1,51,0,0
18,180191,1,1,1,17,5,6,13,8,0,1,1,18,3,94,982,94982,50,2012,1T7YR4E22C11,1,T,7,Y,R,4,E,2,2,C,1,1,0,0,88,888888888,88888888888,3,21,22,1,0,0,0,0,1,2,0,998,0,0,0,12,2,5,8,0,0,0,1,18,46220,6,1,6,0,3,3,67,220,0,0,0,0,0,0,0,0,0,0,38,0,0,0,2,5,40,1,1,2,1,20,3,10,81,1,1,1,13,0,0
18,180192,1,1,1,18,5,4,28,53,0,1,0,18,1,72,706,72706,80,2012,1HD1KBM17CB6,1,H,D,1,K,B,M,1,7,C,B,6,0,0,0,000000000,00000000000,0,0,0,1,0,0,0,0,0,0,0,998,0,0,0,12,6,2,53,0,0,0,1,18,46506,1,1,0,0,2,3,66,260,0,0,0,0,0,0,0,0,0,0,28,0,0,0,1,2,45,1,1,2,1,0,0,1,12,99,1,4,6,1,1
18,180193,1,2,1,23,5,12,16,12,6,1,0,18,1,37,706,37706,80,2007,1HFSC52647A4,1,H,F,S,C,5,2,6,4,7,A,4,0,0,0,000000000,00000000000,0,0,0,1,0,0,0,0,0,0,0,998,0,0,0,12,6,2,12,0,0,0,1,18,46142,6,1,0,0,3,0,71,200,0,0,0,0,0,0,0,0,0,0,28,0,0,0,1,2,40,2,1,2,1,0,0,14,8,3,2,2,64,1,0
18,180193,2,2,1,23,5,12,16,12,6,1,0,18,3,98,998,98998,93,2007,DW672DX61215,D,W,6,7,2,D,X,6,1,2,1,5,0,0,0,000000000,00000000000,0,0,0,1,0,0,0,0,0,0,0,998,0,0,0,10,4,5,12,39,0,0,1,18,46160,6,1,6,0,3,0,72,168,0,0,0,0,0,0,0,0,0,0,0,0,0,0,1,2,40,3,1,2,1,0,0,14,54,7,1,1,65,0,0
18,180194,1,1,2,24,5,7,40,1,0,1,0,17,3,98,881,98881,63,2007,2FZAAVDJ77AY,2,F,Z,A,A,V,D,J,7,7,A,Y,0,0,57,001709877,57001709877,3,1,7,1,0,0,0,0,0,0,0,997,0,1,1,0,6,2,1,0,0,0,1,17,62417,6,1,6,0,3,3,66,105,0,0,0,0,0,0,0,0,0,0,28,0,0,0,1,2,55,1,1,2,1,0,0,1,8,9,4,2,98,1,0
18,180195,1,2,2,24,5,15,27,12,6,1,0,18,2,53,40,53040,5,2007,JS2YB4177751,J,S,2,Y,B,4,1,7,7,7,5,1,0,0,0,000000000,00000000000,0,0,0,1,0,0,0,0,0,0,0,998,0,0,0,9,6,2,12,0,0,0,1,18,46573,6,1,0,0,3,0,63,180,0,0,0,0,0,0,0,0,0,0,48,0,0,0,1,2,55,1,1,2,1,0,0,11,15,1,1,1,72,0,0
18,180195,2,2,1,24,5,15,27,12,6,1,0,26,1,73,706,73706,80,2008,JKBVNKD168A0,J,K,B,V,N,K,D,1,6,8,A,0,0,0,0,000000000,00000000000,0,0,0,1,0,0,0,0,0,0,0,998,0,0,0,12,6,2,12,0,0,0,1,26,49770,6,1,0,0,3,0,70,247,0,0,0,0,0,0,0,0,0,0,84,0,0,0,1,2,55,1,1,2,1,0,0,1,17,1,1,1,73,1,0
18,180196,1,1,1,25,5,13,5,24,0,1,0,18,1,37,706,37706,80,2006,1HFSC18046A0,1,H,F,S,C,1,8,0,4,6,A,0,0,0,0,000000000,00000000000,0,0,0,1,0,0,0,0,0,0,0,998,0,0,0,12,6,2,24,0,0,0,1,18,47711,6,1,0,0,3,0,71,220,0,0,0,0,0,0,0,0,0,0,28,0,0,0,6,1,30,1,1,1,1,0,0,1,13,99,1,4,1,1,1
18,180197,1,2,1,23,5,7,41,12,6,1,0,18,1,6,43,6043,1,2002,1C3EL45R22N2,1,C,3,E,L,4,5,R,2,2,N,2,0,0,0,000000000,00000000000,0,0,0,1,0,0,0,0,0,0,0,998,0,0,0,83,6,2,12,0,0,0,1,18,46176,6,1,0,0,3,3,66,200,0,0,0,0,0,0,0,0,0,0,28,58,0,0,1,2,55,1,1,2,1,28,3,17,10,6,2,2,64,1,0
18,180197,2,2,1,23,5,7,41,12,6,1,0,18,1,63,441,63441,20,2005,KNDUP1321566,K,N,D,U,P,1,3,2,1,5,6,6,0,0,0,000000000,00000000000,0,0,0,1,0,0,0,0,0,0,0,998,0,0,0,12,6,2,12,0,0,0,1,18,47234,6,1,0,0,3,3,62,130,0,0,0,0,1,6,2011,6,2011,0,0,0,0,0,1,2,55,1,1,2,1,28,3,1,62,1,1,1,65,0,0
18,180198,1,3,1,20,5,19,15,12,1,1,0,19,3,87,881,87881,66,2004,1XP5DB9X44D8,1,X,P,5,D,B,9,X,4,4,D,8,1,1,57,000600792,57000600792,3,6,1,1,0,0,0,0,0,0,0,998,7,0,0,12,6,2,12,0,0,0,1,19,51360,6,1,6,1,3,3,66,175,0,0,0,1,0,4,2014,4,2014,0,26,0,0,0,3,3,65,1,1,2,1,0,0,1,51,99,1,1,32,0,0
18,180198,2,3,2,20,5,19,15,12,1,1,0,25,1,72,706,72706,80,2013,1HD1MAM26DB8,1,H,D,1,M,A,M,2,6,D,B,8,0,0,0,000000000,00000000000,0,0,0,1,0,0,0,0,0,0,0,998,0,0,0,6,6,2,12,0,0,0,1,25,1864,6,1,6,0,3,0,74,999,1,0,0,1,0,4,2013,5,2014,0,0,0,0,0,3,3,70,1,1,2,1,0,0,1,53,99,1,1,32,2,0
18,180198,3,3,1,20,5,19,15,12,1,1,0,37,1,7,442,7442,20,1992,1B4GH44R6NX2,1,B,4,G,H,4,4,R,6,N,X,2,0,0,0,000000000,00000000000,0,0,0,1,0,0,0,0,0,0,0,998,0,0,0,18,2,3,54,0,0,0,1,37,28546,6,1,0,0,3,3,64,999,0,0,0,1,0,12,2013,12,2013,0,0,0,0,0,3,3,65,1,1,2,1,0,0,1,53,1,1,1,98,0,0
18,180199,1,2,1,20,5,12,46,12,6,1,0,18,1,12,401,12401,14,1996,1FMDU34X8TZB,1,F,M,D,U,3,4,X,8,T,Z,B,0,0,0,000000000,00000000000,0,0,0,1,0,0,0,0,0,0,0,998,0,0,0,12,6,2,12,0,0,0,1,18,46241,6,1,0,0,3,0,66,185,0,0,0,0,0,0,0,0,0,0,0,0,0,0,1,2,25,1,1,2,1,0,0,1,66,1,1,1,88,0,0
18,180199,2,2,1,20,5,12,46,12,6,1,0,18,1,37,31,37031,2,2006,2HGFG12836H5,2,H,G,F,G,1,2,8,3,6,H,5,0,0,0,000000000,00000000000,0,0,0,1,0,0,0,0,0,0,0,998,0,0,0,9,6,2,12,0,0,0,1,18,46122,6,1,0,0,3,0,60,105,0,0,0,0,0,0,0,0,0,0,38,0,0,0,1,2,25,1,1,2,1,20,3,1,17,1,1,1,89,1,0
18,180200,1,1,2,27,5,3,29,42,0,1,0,18,2,7,28,7028,2,2010,2B3CJ5DT4AH1,2,B,3,C,J,5,D,T,4,A,H,1,0,0,0,000000000,00000000000,0,0,0,1,0,0,0,0,0,0,0,998,0,0,0,12,6,2,42,0,0,1,1,18,46807,6,1,6,0,3,0,67,145,0,0,0,2,0,3,2012,12,2013,0,0,0,0,0,1,2,25,3,1,2,2,0,0,14,13,99,1,4,1,2,1
18,180201,1,1,1,21,5,3,54,8,0,1,0,24,3,82,881,82881,66,2007,1FUJA6CK37LX,1,F,U,J,A,6,C,K,3,7,L,X,1,1,57,001710349,57001710349,3,6,1,1,0,0,0,0,0,0,0,65,0,0,0,12,2,3,8,0,0,0,1,17,61802,6,1,6,0,3,3,74,220,0,0,0,0,1,9,2012,9,2012,0,0,0,0,0,3,3,55,1,2,1,1,0,0,1,80,1,1,1,13,0,0
18,180202,1,1,4,26,5,21,53,35,0,1,0,18,2,12,402,12402,14,2003,1FMYU93123KB,1,F,M,Y,U,9,3,1,2,3,K,B,0,0,0,000000000,00000000000,0,0,0,1,0,0,0,0,0,0,0,998,0,1,5,14,6,2,1,0,0,0,1,18,47720,6,1,0,0,3,3,65,103,0,0,0,0,0,0,0,0,0,3,58,28,0,0,2,2,60,1,1,2,1,0,0,1,13,8,3,4,2,1,0
18,180203,1,1,2,27,5,6,15,52,0,1,0,18,1,20,16,20016,4,2000,1G1JF5241Y72,1,G,1,J,F,5,2,4,1,Y,7,2,0,0,0,000000000,00000000000,0,0,0,1,0,0,0,0,0,0,0,998,0,1,5,12,6,2,1,0,0,0,1,18,46992,6,1,0,0,3,3,63,125,0,0,0,0,0,0,0,0,0,0,83,0,0,0,1,2,55,1,1,2,1,0,0,1,87,7,2,4,2,1,0
18,180204,1,2,1,15,5,1,49,12,2,1,0,18,1,49,46,49046,4,2010,JTDKN3DU5A00,J,T,D,K,N,3,D,U,5,A,0,0,0,0,0,000000000,00000000000,0,0,0,1,0,0,0,0,0,0,0,998,0,0,0,12,6,2,12,0,0,0,1,18,46341,6,1,0,0,3,0,74,210,0,0,0,0,0,0,0,0,0,0,0,0,0,0,5,4,35,1,1,1,2,0,0,1,62,1,1,1,51,1,0
18,180204,2,2,1,15,5,1,49,12,2,1,0,18,1,20,9,20009,2,2012,2G1FC1E3XC92,2,G,1,F,C,1,E,3,X,C,9,2,0,0,0,000000000,00000000000,0,0,0,1,0,0,0,0,0,0,0,998,0,0,0,12,6,2,12,0,0,0,1,18,46356,6,1,0,0,3,0,65,200,0,0,0,0,0,0,0,0,0,0,28,0,0,0,5,4,35,1,1,1,2,0,0,1,10,1,1,2,50,0,0
18,180205,1,1,1,28,5,16,45,21,0,1,0,18,1,12,17,12017,4,1992,1FACP50U5NG2,1,F,A,C,P,5,0,U,5,N,G,2,0,0,0,000000000,00000000000,0,0,0,1,0,0,0,0,0,0,0,998,0,0,0,12,6,2,21,0,0,0,1,18,46143,6,1,0,0,3,3,69,159,0,0,0,0,0,0,0,0,0,0,0,0,0,0,6,2,55,2,1,1,1,0,0,14,12,99,1,4,6,1,0