STATE,ST_CASE,VEH_NO,VE_FORMS,NUMOCCS,DAY,MONTH,HOUR,MINUTE,HARM_EV,MAN_COLL,UNITTYPE,HIT_RUN,REG_STAT,OWNER,MAKE,MODEL,MAK_MOD,BODY_TYP,MOD_YEAR,VIN,VIN_1,VIN_2,VIN_3,VIN_4,VIN_5,VIN_6,VIN_7,VIN_8,VIN_9,VIN_10,VIN_11,VIN_12,TOW_VEH,J_KNIFE,MCARR_I1,MCARR_I2,MCARR_ID,GVWR,V_CONFIG,CARGO_BT,HAZ_INV,HAZ_PLAC,HAZ_ID,HAZ_CNO,HAZ_REL,BUS_USE,SPEC_USE,EMER_USE,TRAV_SP,UNDERIDE,ROLLOVER,ROLINLOC,IMPACT1,DEFORMED,TOWED,M_HARM,VEH_SC1,VEH_SC2,FIRE_EXP,DR_PRES,L_STATE,DR_ZIP,L_STATUS,L_TYPE,CDL_STAT,L_ENDORS,L_COMPL,L_RESTRI,DR_HGT,DR_WGT,PREV_ACC,PREV_SUS,PREV_DWI,PREV_SPD,PREV_OTH,FIRST_MO,FIRST_YR,LAST_MO,LAST_YR,SPEEDREL,DR_SF1,DR_SF2,DR_SF3,DR_SF4,VTRAFWAY,VNUM_LAN,VSPD_LIM,VALIGN,VPROFILE,VPAVETYP,VSURCOND,VTRAFCON,VTCONT_F,P_CRASH1,P_CRASH2,P_CRASH3,PCRASH4,PCRASH5,ACC_TYPE,DEATHS,DR_DRINK
18,180206,1,2,1,9,5,8,43,12,7,1,0,18,2,76,706,76706,80,1994,JYA3ALE02RA0,J,Y,A,3,A,L,E,0,2,R,A,0,0,0,0,000000000,00000000000,0,0,0,1,0,0,0,0,0,0,0,998,0,0,0,61,6,2,12,0,0,0,1,18,47201,6,1,0,0,2,3,66,120,0,0,0,1,1,7,2011,7,2011,3,38,0,0,0,6,2,70,1,1,1,1,0,0,16,10,1,1,2,48,1,0
18,180206,2,2,1,9,5,8,43,12,7,1,0,18,3,84,881,84881,66,2005,2HSCESBR85C0,2,H,S,C,E,S,B,R,8,5,C,0,1,1,57,000090308,57000090308,3,6,3,1,0,0,0,0,0,0,0,998,7,0,0,83,2,5,12,0,0,0,1,18,47126,6,1,6,1,3,3,72,220,0,0,0,0,0,0,0,0,0,0,0,0,0,0,2,2,65,1,1,1,1,0,0,1,60,1,1,1,48,0,0
18,180207,1,1,1,27,5,8,58,8,0,1,0,18,1,12,24,12024,6,2012,2FMDK4KC6CBA,2,F,M,D,K,4,K,C,6,C,B,A,0,0,0,000000000,00000000000,0,0,0,1,0,0,0,0,0,0,0,998,0,0,0,12,4,5,8,0,0,0,1,18,47331,6,1,0,0,3,3,66,180,0,0,0,0,0,0,0,0,0,0,0,0,0,0,1,2,30,1,2,2,1,0,0,1,80,8,1,1,13,0,0
18,180208,1,1,1,29,5,12,31,33,0,1,0,18,1,20,16,20016,2,1999,1G1JC1243X71,1,G,1,J,C,1,2,4,3,X,7,1,0,0,0,000000000,00000000000,0,0,0,1,0,0,0,0,0,0,0,998,0,0,0,12,6,2,43,0,0,0,1,18,46260,6,1,0,0,3,3,62,150,0,0,0,0,0,0,0,0,0,0,0,0,0,0,1,2,30,1,1,2,1,0,0,1,12,99,1,4,6,1,0
18,180209,1,1,2,31,5,16,55,42,0,1,0,18,1,53,401,53401,14,1988,JS4JC51C4J42,J,S,4,J,C,5,1,C,4,J,4,2,0,0,0,000000000,00000000000,0,0,0,1,0,0,0,0,0,0,0,998,0,1,1,12,6,2,42,0,0,0,1,18,47136,1,1,0,0,2,0,73,145,0,1,0,1,1,9,2013,1,2014,0,0,0,0,0,1,2,55,1,2,2,1,0,0,1,12,99,1,4,6,1,0
18,180210,1,1,2,31,5,21,34,8,0,1,0,18,1,49,32,49032,4,2003,1NXBR38E83Z1,1,N,X,B,R,3,8,E,8,3,Z,1,0,0,0,000000000,00000000000,0,0,0,1,0,0,0,0,0,0,0,998,0,0,0,12,6,2,8,0,0,0,1,18,47150,6,1,0,0,3,0,60,135,0,0,0,0,0,0,0,0,0,0,0,0,0,0,1,2,45,1,1,2,1,0,0,1,80,1,1,1,13,0,0
18,180211,1,1,1,26,5,16,49,42,0,1,0,18,1,2,403,2403,14,2009,1J4FA541X9L7,1,J,4,F,A,5,4,1,X,9,L,7,0,0,0,000000000,00000000000,0,0,0,1,0,0,0,0,0,0,0,998,0,0,0,12,6,2,42,0,0,0,1,18,46385,6,1,0,0,3,0,74,280,0,0,0,0,0,0,0,0,0,0,0,0,0,0,1,2,40,1,2,2,1,0,0,1,12,99,1,4,6,1,0
18,180212,1,1,1,27,5,10,35,1,0,1,0,18,2,22,20,22020,4,2004,2G2WS5222412,2,G,2,W,S,5,2,2,2,4,1,2,0,0,0,000000000,00000000000,0,0,0,1,0,0,0,0,0,0,0,998,0,2,5,0,6,2,1,0,0,0,1,18,46962,6,1,0,0,3,0,65,135,0,0,0,0,0,0,0,0,0,0,28,58,0,0,1,2,55,1,3,2,1,0,0,1,13,99,1,4,1,1,0
18,180213,1,2,3,1,6,10,26,12,6,1,1,18,2,49,40,49040,4,1997,4T1BG22K9VU1,4,T,1,B,G,2,2,K,9,V,U,1,0,0,0,000000000,00000000000,0,0,0,1,0,0,0,0,0,0,0,998,0,0,0,12,6,2,12,0,0,0,1,18,46201,0,0,0,0,0,0,66,130,0,1,0,0,1,10,2012,1,2013,3,37,39,38,91,5,4,35,1,1,2,1,1,3,1,17,1,1,1,88,0,0
18,180213,2,2,1,1,6,10,26,12,6,1,0,18,1,37,32,37032,4,2000,1HGCG1658YA0,1,H,G,C,G,1,6,5,8,Y,A,0,0,0,0,000000000,00000000000,0,0,0,1,0,0,0,0,0,0,0,998,0,0,0,61,6,2,12,0,0,0,1,18,46228,1,1,0,0,2,3,69,198,0,0,0,0,0,0,0,0,0,0,0,0,0,0,5,4,35,1,1,2,1,1,3,1,66,1,1,1,89,1,0
18,180214,1,1,3,11,5,23,47,35,0,1,0,18,2,20,401,20401,14,2002,1GNDT13S7224,1,G,N,D,T,1,3,S,7,2,2,4,0,0,0,000000000,00000000000,0,0,0,1,0,0,0,0,0,0,0,998,0,1,5,14,6,2,1,0,0,0,1,18,46124,6,2,0,0,3,0,58,95,0,0,0,0,0,0,0,0,0,0,28,0,0,0,1,2,45,3,2,2,1,0,0,14,13,99,1,4,1,1,0
18,180215,1,1,5,1,6,0,54,42,0,1,0,18,1,23,401,23401,14,2003,1GKDT13S1322,1,G,K,D,T,1,3,S,1,3,2,2,0,0,0,000000000,00000000000,0,0,0,1,0,0,0,0,0,0,0,998,0,0,0,3,6,2,42,0,0,0,1,18,46953,6,1,0,0,3,0,71,200,1,1,0,0,0,7,2011,10,2013,0,83,58,0,0,1,2,55,1,1,2,1,0,0,17,87,3,3,4,2,1,0
18,180216,1,2,1,21,5,18,35,12,1,1,0,18,1,72,706,72706,80,2007,1HD1FC4177Y6,1,H,D,1,F,C,4,1,7,7,Y,6,0,0,0,000000000,00000000000,0,0,0,1,0,0,0,0,0,0,0,998,0,0,0,12,6,2,12,0,0,0,1,18,46567,6,1,5,0,3,0,69,185,0,1,0,0,0,2,2014,2,2014,0,26,0,0,0,1,2,50,1,1,2,1,0,0,1,52,3,2,1,28,1,1
18,180216,2,2,2,21,5,18,35,12,1,1,0,18,1,12,481,12481,31,2010,1FTSX2B50AEB,1,F,T,S,X,2,B,5,0,A,E,B,1,1,0,000000000,00000000000,0,0,0,1,0,0,0,0,0,0,0,998,0,0,0,6,2,5,12,0,0,0,1,18,46542,6,1,6,0,3,0,70,150,0,0,0,0,0,0,0,0,0,0,0,0,0,0,1,2,50,1,1,2,1,0,0,2,53,1,1,1,29,0,0
18,180217,1,1,1,26,5,15,48,34,0,1,0,18,1,73,706,73706,80,2006,JKAVNDA146B5,J,K,A,V,N,D,A,1,4,6,B,5,0,0,0,000000000,00000000000,0,0,0,1,0,0,0,0,0,0,0,998,0,0,0,12,6,2,32,0,0,0,1,18,47265,6,1,0,0,2,0,66,240,0,0,0,0,0,0,0,0,0,0,28,0,0,0,1,2,55,3,1,2,1,28,3,14,13,99,1,4,1,1,0
18,180218,1,3,1,4,6,20,15,12,6,1,0,45,3,87,881,87881,66,2006,1XP7D49X06D8,1,X,P,7,D,4,9,X,0,6,D,8,1,1,57,001844731,57001844731,3,6,1,1,0,0,0,0,0,0,0,998,0,0,0,12,6,2,12,0,0,0,1,45,29609,6,1,6,0,3,3,70,220,0,0,0,1,1,3,2013,3,2014,0,39,89,0,0,1,2,55,1,1,2,1,4,3,1,17,99,1,1,86,0,0
18,180218,2,3,1,4,6,20,15,12,6,1,0,17,3,84,898,84898,63,2012,3HAMMAAL8CL6,3,H,A,M,M,A,A,L,8,C,L,6,0,0,57,001410819,57001410819,3,1,3,1,0,0,0,0,0,0,0,998,0,0,0,4,6,2,12,0,0,0,1,17,60963,6,1,6,0,3,0,73,254,0,0,0,0,1,11,2012,11,2012,0,89,0,0,0,1,2,55,1,1,2,1,4,3,1,17,99,1,1,87,0,0
18,180218,3,3,2,4,6,20,15,12,6,1,0,18,1,6,441,6441,20,2005,1C4GP45R55B2,1,C,4,G,P,4,5,R,5,5,B,2,0,0,0,000000000,00000000000,0,0,0,1,0,0,0,0,0,0,0,998,0,0,0,12,6,2,12,0,0,0,1,18,47933,6,1,0,0,3,0,66,265,0,0,0,0,0,0,0,0,0,0,0,0,0,0,1,2,55,1,1,2,1,4,3,1,62,99,1,1,98,1,0
18,180219,1,1,2,31,5,4,40,14,0,1,0,18,2,20,2,20002,4,2005,2G1WF52E6592,2,G,1,W,F,5,2,E,6,5,9,2,0,0,0,000000000,00000000000,0,0,0,1,0,0,0,0,0,0,0,998,4,0,0,12,6,2,14,0,0,0,1,18,46327,6,1,0,0,3,0,68,160,0,2,0,1,0,3,2012,3,2013,0,27,0,0,0,3,5,55,1,1,1,1,0,0,1,13,1,1,4,1,1,1
18,180221,1,2,3,5,6,14,3,12,6,1,0,18,1,20,421,20421,15,1999,1GNEK13R7XJ3,1,G,N,E,K,1,3,R,7,X,J,3,0,0,0,000000000,00000000000,0,0,0,1,0,0,0,0,0,0,0,998,0,0,0,63,6,2,12,0,0,0,1,18,46052,6,1,0,0,3,3,60,170,0,0,0,0,0,0,0,0,0,0,8,38,0,0,1,2,30,1,1,2,1,20,3,1,17,1,1,1,89,1,0
18,180221,2,2,2,5,6,14,3,12,6,1,0,18,2,23,421,23421,15,2009,1GKFK33019R2,1,G,K,F,K,3,3,0,1,9,R,2,0,0,0,000000000,00000000000,0,0,0,1,0,0,0,0,0,0,0,998,0,0,0,12,6,2,12,0,0,0,1,18,46128,6,1,0,0,3,0,61,120,0,0,0,1,0,5,2014,5,2014,0,0,0,0,0,1,2,45,1,1,2,1,0,0,1,66,1,1,1,88,0,0
18,180222,1,2,1,7,6,20,48,12,6,1,0,18,1,98,701,98701,81,2010,999999999999,9,9,9,9,9,9,9,9,9,9,9,9,0,0,0,000000000,00000000000,0,0,0,1,0,0,0,0,0,0,0,998,0,0,0,12,6,2,12,0,0,0,1,18,46903,6,1,5,0,3,0,70,140,0,0,0,0,0,0,0,0,0,0,0,0,0,0,1,2,30,1,1,2,1,0,0,1,17,99,1,1,88,1,1
18,180222,2,2,2,7,6,20,48,12,6,1,0,24,1,35,443,35443,20,2002,4N2ZN15T22D8,4,N,2,Z,N,1,5,T,2,2,D,8,0,0,0,000000000,00000000000,0,0,0,1,0,0,0,0,0,0,0,998,0,0,0,61,2,5,12,0,0,0,1,24,20886,6,1,0,0,3,0,72,210,0,0,0,0,0,0,0,0,0,0,38,0,0,0,1,2,30,1,1,2,1,20,3,1,66,99,1,1,89,0,0
18,180223,1,2,5,3,6,11,46,12,1,1,0,18,2,6,51,6051,4,2002,2C3HE66GX2H3,2,C,3,H,E,6,6,G,X,2,H,3,0,0,0,000000000,00000000000,0,0,0,1,0,0,0,0,0,0,0,0,0,1,5,6,6,2,12,0,0,0,1,18,46226,6,1,0,0,3,0,61,135,0,3,0,1,1,12,2012,4,2013,0,54,80,0,0,3,3,70,1,1,1,1,0,0,5,53,99,1,1,21,1,1
18,180223,2,2,2,3,6,11,46,12,1,1,0,26,1,7,482,7482,31,2004,1D7HU18D94S5,1,D,7,H,U,1,8,D,9,4,S,5,0,0,0,000000000,00000000000,0,0,0,1,0,0,0,0,0,0,0,998,0,0,0,12,6,2,12,0,0,0,1,26,49656,6,1,0,0,3,0,73,300,0,0,0,0,0,0,0,0,0,0,84,0,0,0,3,3,70,1,1,1,1,0,0,1,50,99,1,1,20,0,0
18,180224,1,1,1,29,5,16,5,57,0,1,0,18,1,7,41,7041,4,2002,2B3HD46R32H1,2,B,3,H,D,4,6,R,3,2,H,1,0,0,0,000000000,00000000000,0,0,0,1,0,0,0,0,0,0,0,998,0,0,0,12,6,2,35,0,0,0,1,18,46038,6,1,0,0,3,3,63,190,0,0,0,1,0,5,2012,5,2012,0,0,0,0,0,3,2,70,1,1,2,1,0,0,1,13,99,1,4,1,1,0
18,180225,1,1,1,5,6,22,58,8,0,1,0,18,2,14,17,14017,4,2000,1MEFM55S8YG6,1,M,E,F,M,5,5,S,8,Y,G,6,0,0,0,000000000,00000000000,0,0,0,1,0,0,0,0,0,0,0,998,0,0,0,12,4,3,8,0,0,0,1,18,46803,0,0,0,0,0,0,69,230,0,0,0,0,0,0,0,0,0,0,0,0,0,0,1,2,30,1,1,2,1,0,0,1,80,6,1,1,13,0,0
18,180226,1,1,1,7,6,2,42,33,0,1,0,18,1,72,706,72706,80,2001,1HD1BXB161Y0,1,H,D,1,B,X,B,1,6,1,Y,0,0,0,0,000000000,00000000000,0,0,0,1,0,0,0,0,0,0,0,998,0,0,0,12,6,2,31,0,0,0,1,18,46324,1,1,0,0,2,0,69,180,0,4,0,2,0,9,2012,3,2014,0,0,0,0,0,1,2,35,2,1,2,1,0,0,14,12,99,1,4,6,1,1
18,180227,1,2,1,7,6,14,10,12,6,1,0,18,1,12,13,12013,6,1999,3FAFP15P1XR1,3,F,A,F,P,1,5,P,1,X,R,1,0,0,0,000000000,00000000000,0,0,0,1,0,0,0,0,0,0,0,998,0,1,5,3,6,2,12,0,0,0,1,18,47371,6,1,6,0,3,3,70,170,0,0,0,0,0,0,0,0,0,0,39,0,0,0,1,2,55,1,1,2,1,20,3,1,17,99,1,1,87,0,0
18,180227,2,2,2,7,6,14,10,12,6,1,0,18,1,72,706,72706,80,2008,1HD1FC4158Y7,1,H,D,1,F,C,4,1,5,8,Y,7,0,0,0,000000000,00000000000,0,0,0,1,0,0,0,0,0,0,0,998,0,0,0,12,6,2,12,0,0,0,1,18,47302,1,1,0,0,2,3,70,210,0,0,0,0,0,0,0,0,0,0,0,0,0,0,1,2,55,1,1,2,1,0,0,1,17,99,1,1,86,2,0
18,180228,1,2,1,10,6,14,13,12,6,1,0,18,1,7,482,7482,31,2002,3B7KF23632M2,3,B,7,K,F,2,3,6,3,2,M,2,0,0,0,000000000,00000000000,0,0,0,1,0,0,0,0,0,0,0,998,0,0,0,12,6,2,12,0,0,0,1,18,46929,6,1,0,0,3,0,72,178,0,0,0,1,0,4,2014,4,2014,0,26,0,0,0,1,2,55,1,1,2,1,0,0,1,52,99,1,1,73,0,0
18,180228,2,2,1,10,6,14,13,12,6,1,0,18,1,24,5,24005,4,2001,1G8JU52F01Y5,1,G,8,J,U,5,2,F,0,1,Y,5,0,0,0,000000000,00000000000,0,0,0,1,0,0,0,0,0,0,0,998,0,0,0,7,6,2,12,0,0,0,1,18,46904,6,1,0,0,3,3,66,168,0,0,0,1,0,4,2013,4,2013,0,27,0,0,0,1,2,55,1,1,2,1,0,0,11,53,99,1,1,72,1,0
18,180229,1,1,1,6,6,23,4,24,0,1,0,18,2,73,706,73706,80,2005,JKAZXCC145A0,J,K,A,Z,X,C,C,1,4,5,A,0,0,0,0,000000000,00000000000,0,0,0,1,0,0,0,0,0,0,0,998,0,0,0,12,6,2,24,0,0,0,1,18,46807,1,1,0,0,2,3,69,145,0,5,1,0,0,4,2012,4,2012,3,0,0,0,0,1,2,35,3,1,2,1,0,0,14,8,99,2,4,2,1,0
18,180230,1,1,1,30,5,21,0,34,0,1,0,18,1,72,709,72709,80,2008,1HD1JA5118Y0,1,H,D,1,J,A,5,1,1,8,Y,0,0,0,0,000000000,00000000000,0,0,0,1,0,0,0,0,0,0,0,998,0,0,0,12,6,2,34,0,0,0,1,18,46901,6,1,5,0,3,3,70,180,0,0,0,0,0,0,0,0,0,0,0,0,0,0,1,2,55,3,1,2,1,0,0,14,13,99,1,4,1,1,0
18,180231,1,2,2,6,6,9,13,12,6,1,0,18,1,20,34,20034,4,1995,1Y1SK528XSZ0,1,Y,1,S,K,5,2,8,X,S,Z,0,0,0,0,000000000,00000000000,0,0,0,1,0,0,0,0,0,0,0,998,0,0,0,9,6,2,12,0,0,0,1,18,47991,1,1,0,0,2,0,70,165,0,1,0,0,0,6,2012,6,2012,0,38,0,0,0,2,2,55,1,2,2,1,0,0,1,17,1,1,1,89,1,0
18,180231,2,2,1,6,6,9,13,12,6,1,0,18,2,85,881,85881,66,2014,1XKWD49X2EJ4,1,X,K,W,D,4,9,X,2,E,J,4,1,1,57,000500510,57000500510,3,6,8,1,0,0,0,0,0,0,0,998,0,0,0,12,6,2,12,0,0,0,1,17,60942,6,1,6,1,3,0,75,250,0,1,0,0,3,6,2011,2,2014,0,0,0,0,0,2,2,55,1,2,2,1,0,0,1,66,1,1,1,88,0,0
18,180232,1,1,1,10,6,10,30,24,0,1,0,93,3,82,881,82881,66,2010,1FUJGLDR7ASA,1,F,U,J,G,L,D,R,7,A,S,A,1,1,57,000003706,57000003706,3,6,3,1,0,0,0,0,0,0,0,998,0,0,0,12,4,3,24,0,0,0,1,26,49247,6,1,0,0,2,0,74,220,0,0,0,0,0,0,0,0,0,0,0,0,0,0,3,4,55,1,1,1,1,0,0,1,13,99,1,4,1,1,0
18,180233,1,2,2,14,6,18,42,12,6,1,0,18,1,20,28,20028,4,2013,1G1JA5SHXD41,1,G,1,J,A,5,S,H,X,D,4,1,0,0,0,000000000,00000000000,0,0,0,1,0,0,0,0,0,0,0,998,0,0,0,12,6,2,12,0,0,0,1,18,46065,6,1,0,0,3,3,63,113,0,0,0,0,0,0,0,0,0,3,39,0,0,0,2,2,55,1,1,2,1,20,3,1,66,1,1,1,88,0,1
18,180233,2,2,4,14,6,18,42,12,6,1,0,18,1,20,2,20002,4,2011,2G1WB5EK9B11,2,G,1,W,B,5,E,K,9,B,1,1,0,0,0,000000000,00000000000,0,0,0,1,0,0,0,0,0,0,0,998,0,0,0,9,6,2,12,0,0,0,1,18,46901,6,1,0,0,3,3,68,180,0,0,0,0,0,0,0,0,0,0,0,0,0,0,2,2,60,1,1,2,1,0,0,1,17,1,1,1,89,1,0
18,180234,1,1,1,31,5,16,45,34,0,1,0,18,2,2,404,2404,14,1998,1J4GZ58S2WC1,1,J,4,G,Z,5,8,S,2,W,C,1,0,0,0,000000000,00000000000,0,0,0,1,0,0,0,0,0,0,0,998,0,1,4,12,6,2,1,0,0,0,1,18,47597,6,1,0,0,3,3,72,220,0,0,0,0,0,0,0,0,0,0,0,0,0,0,1,2,55,4,1,2,1,0,0,14,12,99,1,4,6,1,0
18,180235,1,1,2,31,5,13,40,42,0,1,0,18,2,49,471,49471,31,1989,JT4RN82S5K00,J,T,4,R,N,8,2,S,5,K,0,0,0,0,0,000000000,00000000000,0,0,0,1,0,0,0,0,0,0,0,998,0,0,0,82,6,2,42,0,0,0,1,18,47933,0,0,0,0,0,0,67,163,0,0,0,0,0,0,0,0,0,0,91,0,0,0,1,2,55,1,2,2,1,0,0,1,13,99,1,4,1,1,0
18,180236,1,2,1,15,6,5,30,12,2,1,0,18,1,7,403,7403,14,2007,1D8GU28K37W7,1,D,8,G,U,2,8,K,3,7,W,7,0,0,0,000000000,00000000000,0,0,0,1,0,0,0,0,0,0,0,998,0,0,0,12,6,2,12,0,0,0,1,18,46375,6,1,0,0,3,3,71,215,0,0,0,0,0,0,0,0,0,0,28,0,0,0,1,2,55,1,1,2,1,0,0,1,10,1,1,1,50,0,1
18,180236,2,2,1,15,6,5,30,12,2,1,0,18,1,12,32,12032,4,2012,3FADP4BJ5CM1,3,F,A,D,P,4,B,J,5,C,M,1,0,0,0,000000000,00000000000,0,0,0,1,0,0,0,0,0,0,0,998,0,0,0,12,6,2,12,0,0,0,1,18,46356,6,1,0,0,3,0,64,126,0,0,0,0,0,0,0,0,0,0,0,0,0,0,1,2,55,1,1,2,1,0,0,1,62,1,1,1,51,1,0
18,180237,1,4,1,13,6,21,25,12,8,1,0,18,1,37,706,37706,80,2007,JH2PC40027M0,J,H,2,P,C,4,0,0,2,7,M,0,0,0,0,000000000,00000000000,0,0,0,1,0,0,0,0,0,0,0,998,0,0,0,62,6,2,12,0,0,0,1,18,46250,6,1,0,0,3,0,68,170,0,0,0,0,0,0,0,0,0,3,8,35,0,0,1,2,40,1,2,2,1,0,0,6,10,1,1,2,66,1,0
18,180237,2,4,2,13,6,21,25,12,8,1,0,18,1,20,482,20482,31,2012,3GNTKGE73CG2,3,G,N,T,K,G,E,7,3,C,G,2,0,0,0,000000000,00000000000,0,0,0,1,0,0,0,0,0,0,0,998,0,0,0,62,4,3,12,0,0,0,1,12,34211,6,1,0,0,3,0,66,999,0,0,0,0,0,0,0,0,0,0,91,0,0,0,1,2,40,1,2,2,1,0,0,1,62,1,1,1,66,0,1
18,180237,3,4,1,13,6,21,25,12,8,1,0,18,1,20,4,20004,1,2001,1G1YY32G6151,1,G,1,Y,Y,3,2,G,6,1,5,1,0,0,0,000000000,00000000000,0,0,0,1,0,0,0,0,0,0,0,998,0,0,0,12,2,3,12,0,0,0,1,18,46037,6,1,0,0,3,0,67,145,0,0,0,1,0,9,2013,9,2013,0,0,0,0,0,1,2,40,1,2,2,1,0,0,1,62,1,1,1,98,0,0
18,180237,4,4,1,13,6,21,25,12,8,1,0,18,1,12,481,12481,31,2004,1FTPX145X4NB,1,F,T,P,X,1,4,5,X,4,N,B,0,0,0,000000000,00000000000,0,0,0,1,0,0,0,0,0,0,0,998,0,0,0,12,2,3,12,0,0,0,1,18,46236,6,1,6,0,3,3,64,125,0,0,0,0,0,0,0,0,0,0,0,0,0,0,1,2,40,1,2,2,1,0,0,1,62,1,1,1,98,0,0
18,180238,1,3,4,13,6,15,56,12,6,1,0,18,2,12,401,12401,14,2002,1FMZU74E42ZA,1,F,M,Z,U,7,4,E,4,2,Z,A,0,0,0,000000000,00000000000,0,0,0,1,0,0,0,0,0,0,0,998,0,0,0,82,6,2,12,0,0,0,1,17,60401,6,1,0,0,3,0,63,155,0,0,0,0,0,0,0,0,0,0,38,0,0,0,1,2,30,1,1,2,1,21,3,1,17,99,1,1,87,0,0
18,180238,2,3,1,13,6,15,56,12,6,1,0,18,1,72,709,72709,80,1980,9G47091J0,9,G,4,7,0,9,1,J,0,,,,0,0,0,000000000,00000000000,0,0,0,1,0,0,0,0,0,0,0,998,0,0,0,12,6,2,12,0,0,0,1,18,46349,6,1,0,0,3,3,70,210,0,0,0,1,1,11,2013,11,2013,0,0,0,0,0,1,2,55,1,1,2,1,0,0,1,66,99,1,1,86,1,0
18,180238,3,3,4,13,6,15,56,12,6,1,0,17,1,37,441,37441,20,2012,5FNRL5H69CB1,5,F,N,R,L,5,H,6,9,C,B,1,0,0,0,000000000,00000000000,0,0,0,1,0,0,0,0,0,0,0,0,0,0,0,62,2,5,12,0,0,0,1,17,60401,6,1,0,0,3,0,999,999,0,0,0,0,0,0,0,0,0,0,0,0,0,0,1,2,30,1,1,2,1,20,3,5,63,99,1,1,98,0,0
18,180239,1,1,1,5,6,1,6,30,0,1,0,21,2,53,706,53706,80,2003,JS1GN7BA9321,J,S,1,G,N,7,B,A,9,3,2,1,0,0,0,000000000,00000000000,0,0,0,1,0,0,0,0,0,0,0,998,0,0,0,12,6,2,42,0,0,0,1,21,40175,1,1,0,0,2,3,70,155,0,1,0,0,0,11,2013,11,2013,4,8,28,0,0,1,2,45,2,1,2,1,0,0,14,12,99,1,4,6,1,1
18,180240,1,2,1,12,6,19,0,12,1,1,0,18,2,34,35,34035,4,1994,WBAHE1314RGE,W,B,A,H,E,1,3,1,4,R,G,E,0,0,0,000000000,00000000000,0,0,0,1,0,0,0,0,0,0,0,998,3,0,0,12,6,2,12,0,0,0,1,18,47201,1,1,0,0,2,3,63,105,1,3,1,1,0,2,2013,12,2013,3,41,0,0,0,3,3,70,1,1,2,1,0,0,1,51,99,1,1,24,1,0
18,180240,2,2,2,12,6,19,0,12,1,1,0,12,3,51,881,51881,66,2009,4V4NC9EJ39N2,4,V,4,N,C,9,E,J,3,9,N,2,1,1,57,002417602,57002417602,3,6,1,1,0,0,0,0,0,0,0,50,0,0,0,6,4,5,12,0,0,0,1,12,33470,6,1,6,0,3,3,66,999,0,0,0,0,0,0,0,0,0,0,0,0,0,0,3,3,70,1,1,2,1,0,0,1,53,99,1,1,25,0,0
18,180241,1,1,1,15,6,17,21,30,0,1,0,18,1,53,706,53706,80,1981,JS1GT71L9B21,J,S,1,G,T,7,1,L,9,B,2,1,0,0,0,000000000,00000000000,0,0,0,1,0,0,0,0,0,0,0,998,0,0,0,12,6,2,30,0,0,0,1,18,47042,6,1,0,0,3,3,76,200,0,0,0,0,0,0,0,0,0,3,28,0,0,0,1,2,35,1,1,2,1,0,0,1,12,99,1,4,6,1,1
18,180242,1,2,1,29,5,17,12,12,6,1,0,18,1,20,444,20444,20,2005,1GNDV03L85D3,1,G,N,D,V,0,3,L,8,5,D,3,0,0,0,000000000,00000000000,0,0,0,1,0,0,0,0,0,0,0,50,0,0,0,12,6,2,12,0,0,0,1,18,47274,6,1,0,0,3,3,70,215,0,0,0,0,0,0,0,0,0,0,0,0,0,0,1,2,55,1,1,2,1,0,0,1,17,1,1,1,86,0,0
18,180242,2,2,2,29,5,17,12,12,6,1,0,18,1,49,32,49032,4,2008,1NXBR32E88Z0,1,N,X,B,R,3,2,E,8,8,Z,0,0,0,0,000000000,00000000000,0,0,0,1,0,0,0,0,0,0,0,998,0,0,0,3,6,2,12,0,0,0,1,18,47102,6,1,0,0,3,3,66,195,0,0,0,0,0,0,0,0,0,0,39,0,0,0,1,2,55,1,1,2,1,20,3,1,17,1,1,1,87,1,0
18,180243,1,1,5,15,6,4,40,31,0,1,1,18,2,22,441,22441,20,2001,1GMDX03E61D2,1,G,M,D,X,0,3,E,6,1,D,2,0,0,0,000000000,00000000000,0,0,0,1,0,0,0,0,0,0,0,998,0,0,0,3,4,3,31,0,0,0,1,18,46544,0,0,0,0,0,0,999,999,99,99,99,99,99,99,9999,99,9999,0,8,91,0,0,1,2,30,1,1,2,1,0,0,12,13,99,1,4,98,1,1
18,180244,1,2,2,15,6,20,0,24,0,1,0,17,1,37,31,37031,4,2010,19XFA1F50AE0,1,9,X,F,A,1,F,5,0,A,E,0,0,0,0,000000000,00000000000,0,0,0,1,0,0,0,0,0,0,0,998,0,0,0,99,6,2,12,0,0,0,1,17,60504,6,1,0,0,3,3,61,130,0,0,0,0,0,0,0,0,0,0,27,58,91,0,2,3,70,1,1,2,1,0,0,15,13,99,1,4,1,1,0
18,180244,2,2,1,15,6,20,0,24,0,1,0,93,3,82,881,82881,66,2011,1FUJGLDR8BSB,1,F,U,J,G,L,D,R,8,B,S,B,1,1,57,000075250,57000075250,3,6,1,1,0,0,0,0,0,0,0,998,0,0,0,12,6,2,12,0,0,0,1,27,55808,6,1,6,1,3,3,71,200,0,0,0,0,0,0,0,0,0,0,0,0,0,0,2,3,65,1,1,2,1,0,0,1,62,8,1,1,98,0,0
18,180245,1,1,1,11,6,5,26,8,0,1,0,18,1,2,405,2405,14,2002,1J4GL48K72W2,1,J,4,G,L,4,8,K,7,2,W,2,0,0,0,000000000,00000000000,0,0,0,1,0,0,0,0,0,0,0,998,0,0,0,12,4,5,8,0,0,0,1,18,46582,6,1,0,0,3,3,69,140,0,0,0,0,0,0,0,0,0,0,0,0,0,0,1,2,55,1,2,2,2,0,0,1,80,8,1,1,13,0,0