STATE,ST_CASE,VEH_NO,VE_FORMS,NUMOCCS,DAY,MONTH,HOUR,MINUTE,HARM_EV,MAN_COLL,UNITTYPE,HIT_RUN,REG_STAT,OWNER,MAKE,MODEL,MAK_MOD,BODY_TYP,MOD_YEAR,VIN,VIN_1,VIN_2,VIN_3,VIN_4,VIN_5,VIN_6,VIN_7,VIN_8,VIN_9,VIN_10,VIN_11,VIN_12,TOW_VEH,J_KNIFE,MCARR_I1,MCARR_I2,MCARR_ID,GVWR,V_CONFIG,CARGO_BT,HAZ_INV,HAZ_PLAC,HAZ_ID,HAZ_CNO,HAZ_REL,BUS_USE,SPEC_USE,EMER_USE,TRAV_SP,UNDERIDE,ROLLOVER,ROLINLOC,IMPACT1,DEFORMED,TOWED,M_HARM,VEH_SC1,VEH_SC2,FIRE_EXP,DR_PRES,L_STATE,DR_ZIP,L_STATUS,L_TYPE,CDL_STAT,L_ENDORS,L_COMPL,L_RESTRI,DR_HGT,DR_WGT,PREV_ACC,PREV_SUS,PREV_DWI,PREV_SPD,PREV_OTH,FIRST_MO,FIRST_YR,LAST_MO,LAST_YR,SPEEDREL,DR_SF1,DR_SF2,DR_SF3,DR_SF4,VTRAFWAY,VNUM_LAN,VSPD_LIM,VALIGN,VPROFILE,VPAVETYP,VSURCOND,VTRAFCON,VTCONT_F,P_CRASH1,P_CRASH2,P_CRASH3,PCRASH4,PCRASH5,ACC_TYPE,DEATHS,DR_DRINK
18,180246,1,2,1,17,6,15,19,12,8,1,0,18,2,9,20,9020,2,1996,1P3ES22C5TD6,1,P,3,E,S,2,2,C,5,T,D,6,0,0,0,000000000,00000000000,0,0,0,1,0,0,0,0,0,0,0,998,0,0,0,62,6,2,12,0,0,0,1,18,47950,0,0,0,0,0,0,999,999,0,0,0,0,0,0,0,0,0,0,28,91,0,0,1,2,30,1,1,2,1,0,0,1,10,1,1,2,66,0,0
18,180246,2,2,1,17,6,15,19,12,8,1,0,18,1,72,706,72706,80,2006,1HD1BZB186Y0,1,H,D,1,B,Z,B,1,8,6,Y,0,0,0,0,000000000,00000000000,0,0,0,1,0,0,0,0,0,0,0,998,0,0,0,63,6,2,12,0,0,0,1,18,46996,6,1,0,0,2,0,66,180,0,0,0,0,0,0,0,0,0,0,0,0,0,0,1,2,20,1,1,2,1,0,0,1,62,1,1,1,66,1,0
18,180247,1,1,1,18,6,13,42,8,0,1,0,21,3,82,881,82881,63,2001,1FVABSAK31HH,1,F,V,A,B,S,A,K,3,1,H,H,0,0,57,001472062,57001472062,3,2,3,1,0,0,0,0,0,0,0,998,0,0,0,12,4,3,8,0,0,0,1,21,40272,6,1,0,0,2,0,79,400,0,0,0,0,0,0,0,0,0,0,0,0,0,0,1,2,35,1,1,2,1,0,0,1,80,4,1,1,13,0,0
18,180248,1,1,1,22,6,18,30,31,0,1,0,18,1,72,706,72706,80,2012,1HD1FBM11CB6,1,H,D,1,F,B,M,1,1,C,B,6,0,0,0,000000000,00000000000,0,0,0,1,0,0,0,0,0,0,0,998,0,0,0,12,6,2,5,0,0,0,1,18,46356,6,1,0,0,3,0,75,210,0,0,0,0,1,12,2011,12,2011,0,0,0,0,0,2,2,60,2,1,2,1,0,0,14,12,4,1,4,6,1,1
18,180249,1,2,2,7,6,10,40,12,1,1,0,18,1,72,706,72706,80,2006,1HD1KAV1X6Y6,1,H,D,1,K,A,V,1,X,6,Y,6,0,0,0,000000000,00000000000,0,0,0,1,0,0,0,0,0,0,0,998,0,0,0,12,4,5,12,0,0,0,1,18,46140,6,1,0,0,3,0,73,205,0,0,0,1,0,6,2013,6,2013,0,0,0,0,0,1,2,55,1,1,2,1,0,0,1,51,99,1,1,32,1,0
18,180249,2,2,1,7,6,10,40,12,1,1,0,18,1,20,37,20037,4,2011,1G1ZD5E17BF2,1,G,1,Z,D,5,E,1,7,B,F,2,0,0,0,000000000,00000000000,0,0,0,1,0,0,0,0,0,0,0,998,0,0,0,6,2,5,12,0,0,0,1,18,46148,6,1,0,0,3,0,66,190,0,0,0,0,0,0,0,0,0,0,0,0,0,0,1,2,55,1,1,2,1,0,0,11,53,99,1,1,32,0,0
18,180250,1,4,1,21,6,12,13,12,1,1,0,39,3,82,881,82881,66,2007,1FVXFB0097PZ,1,F,V,X,F,B,0,0,9,7,P,Z,1,1,57,000028525,57000028525,3,6,1,1,0,0,0,0,0,0,0,998,0,0,0,12,6,2,12,0,0,0,1,18,46229,6,1,6,1,3,3,68,219,0,0,0,1,0,10,2013,10,2013,0,0,0,0,0,3,2,65,1,1,2,1,0,0,1,50,1,1,1,20,0,0
18,180250,2,4,3,21,6,12,13,12,1,1,0,27,1,49,402,49402,14,2012,2T3DK4DV5CW0,2,T,3,D,K,4,D,V,5,C,W,0,0,0,0,000000000,00000000000,0,0,0,1,0,0,0,0,0,0,0,0,0,0,0,6,6,2,12,0,0,0,1,27,55112,6,1,0,0,3,3,64,135,0,0,0,0,0,0,0,0,0,0,0,0,0,0,3,2,70,1,1,2,1,0,0,5,53,1,1,1,21,2,0
18,180250,3,4,1,21,6,12,13,12,1,1,0,12,3,82,881,82881,66,2007,1FUJA6CK07LX,1,F,U,J,A,6,C,K,0,7,L,X,1,1,57,002078664,57002078664,3,6,1,1,0,0,0,0,0,0,0,0,0,0,0,6,2,5,12,0,0,0,1,12,32926,6,1,6,0,3,0,70,999,0,0,0,0,0,0,0,0,0,0,0,0,0,0,3,2,65,1,1,2,1,0,0,5,53,1,1,1,98,0,0
18,180250,4,4,1,21,6,12,13,12,1,1,0,18,2,34,34,34034,6,2002,WBAEN33472PC,W,B,A,E,N,3,3,4,7,2,P,C,0,0,0,000000000,00000000000,0,0,0,1,0,0,0,0,0,0,0,0,0,0,0,82,6,2,12,0,0,0,1,18,46220,6,1,0,0,3,0,68,150,0,0,0,0,0,0,0,0,0,0,0,0,0,0,3,2,70,1,1,2,1,0,0,5,53,1,1,1,98,0,0
18,180251,1,1,1,8,4,1,57,14,0,1,0,18,1,20,999,20999,49,1947,000000000000,0,0,0,0,0,0,0,0,0,0,0,0,0,0,0,000000000,00000000000,0,0,0,1,0,0,0,0,0,0,0,998,0,0,0,12,6,2,14,0,0,0,1,18,47639,6,1,0,0,3,3,72,155,0,0,0,0,0,0,0,0,0,0,0,0,0,0,1,2,30,1,1,2,2,0,0,1,12,1,1,4,6,1,1
18,180252,1,2,4,21,6,16,30,12,6,1,0,18,2,20,421,20421,15,2000,1GNDT13WXY22,1,G,N,D,T,1,3,W,X,Y,2,2,0,0,0,000000000,00000000000,0,0,0,1,0,0,0,0,0,0,0,998,0,0,0,9,6,2,12,32,0,0,1,18,47930,6,1,0,0,3,0,62,100,0,0,0,0,3,5,2012,3,2014,0,8,39,0,0,1,2,50,1,3,2,1,20,3,1,17,10,1,1,89,1,0
18,180252,2,2,1,21,6,16,30,12,6,1,0,17,1,20,404,20404,14,2011,2CNFLCEC4B62,2,C,N,F,L,C,E,C,4,B,6,2,0,0,0,000000000,00000000000,0,0,0,1,0,0,0,0,0,0,0,998,0,0,0,12,6,2,12,0,0,0,1,17,60401,6,1,0,0,3,0,999,999,0,0,0,0,0,0,0,0,0,0,0,0,0,0,1,2,50,1,3,2,1,0,0,1,66,1,1,1,88,0,0
18,180253,1,2,1,23,6,13,22,12,2,1,0,18,1,23,431,23431,16,1994,1GKEC16K0RJ7,1,G,K,E,C,1,6,K,0,R,J,7,0,0,0,000000000,00000000000,0,0,0,1,0,0,0,0,0,0,0,998,0,0,0,12,4,3,12,0,0,0,1,17,60601,3,1,5,0,2,3,71,245,0,0,0,0,0,0,0,0,0,0,38,0,0,0,1,4,25,1,1,2,1,0,0,11,15,2,1,2,68,0,0
18,180253,2,2,1,23,6,13,22,12,2,1,0,18,1,73,706,73706,80,2009,JKAZX4R149A0,J,K,A,Z,X,4,R,1,4,9,A,0,0,0,0,000000000,00000000000,0,0,0,1,0,0,0,0,0,0,0,998,0,0,0,12,6,2,12,0,0,0,1,18,46327,6,1,0,0,3,0,69,174,0,0,0,0,1,11,2013,11,2013,3,0,0,0,0,1,4,25,1,1,2,1,0,0,1,62,3,2,1,69,1,0
18,180254,1,2,2,22,6,18,1,5,0,1,0,18,1,76,706,76706,80,2006,JYAVP11E86A0,J,Y,A,V,P,1,1,E,8,6,A,0,0,0,0,000000000,00000000000,0,0,0,1,0,0,0,0,0,0,0,998,0,0,0,0,0,3,54,0,0,0,1,18,47161,6,1,0,0,3,0,71,195,0,0,0,1,0,1,2012,1,2012,3,28,0,0,0,1,2,40,2,1,2,1,0,0,14,98,1,1,2,0,1,0
18,180254,2,2,2,22,6,18,1,5,0,1,0,18,1,63,37,63037,6,2013,KNDJT2A69D75,K,N,D,J,T,2,A,6,9,D,7,5,0,0,0,000000000,00000000000,0,0,0,1,0,0,0,0,0,0,0,998,0,0,0,99,9,5,54,0,0,0,1,18,47122,6,1,0,0,3,0,77,215,0,0,0,0,0,0,0,0,0,0,0,0,0,0,1,2,40,3,1,2,1,0,0,14,98,1,1,1,98,0,0
18,180255,1,2,1,23,6,14,16,12,6,1,0,18,2,12,471,12471,30,1999,1FTYR10CXXUA,1,F,T,Y,R,1,0,C,X,X,U,A,0,0,0,000000000,00000000000,0,0,0,1,0,0,0,0,0,0,0,998,0,1,1,62,6,2,12,0,0,0,1,18,46928,6,1,0,0,3,3,63,130,0,0,0,0,0,0,0,0,0,0,38,0,0,0,1,2,45,1,1,2,1,20,3,1,17,1,1,1,89,1,0
18,180255,2,2,2,23,6,14,16,12,6,1,0,18,1,20,2,20002,4,2010,2G1WB5EK8A12,2,G,1,W,B,5,E,K,8,A,1,2,0,0,0,000000000,00000000000,0,0,0,1,0,0,0,0,0,0,0,998,0,0,0,12,6,2,12,0,0,0,1,26,49045,6,1,0,0,3,0,69,175,0,0,0,0,0,0,0,0,0,0,0,0,0,0,1,2,60,1,1,2,1,0,0,1,66,1,1,1,88,0,0
18,180256,1,2,2,25,6,18,39,12,2,1,0,18,1,12,13,12013,6,1993,1FAPP15J5PW2,1,F,A,P,P,1,5,J,5,P,W,2,0,0,0,000000000,00000000000,0,0,0,1,0,0,0,0,0,0,0,998,0,0,0,12,6,2,12,0,0,0,1,18,46151,6,1,6,0,3,0,66,150,0,1,1,0,2,9,2012,5,2014,0,38,0,0,0,1,2,45,1,1,2,1,0,0,11,15,1,1,1,84,0,0
18,180256,2,2,1,25,6,18,39,12,2,1,0,18,1,53,706,53706,80,2012,JS1VP56A2C21,J,S,1,V,P,5,6,A,2,C,2,1,0,0,0,000000000,00000000000,0,0,0,1,0,0,0,0,0,0,0,998,0,0,0,12,6,2,12,0,0,0,1,18,46158,6,1,0,0,3,0,74,280,0,0,0,0,0,0,0,0,0,0,0,0,0,0,1,2,45,1,1,2,1,0,0,1,67,1,1,1,84,1,0
18,180257,1,1,1,19,6,21,55,10,0,1,0,18,1,20,481,20481,31,1994,1GCEC14Z6RZ1,1,G,C,E,C,1,4,Z,6,R,Z,1,0,0,0,000000000,00000000000,0,0,0,1,0,0,0,0,0,0,0,0,0,1,5,10,6,2,10,0,0,0,1,18,47854,6,1,0,0,3,3,66,170,0,0,0,0,0,0,0,0,0,0,59,0,0,0,1,2,55,3,2,2,1,65,3,7,91,98,1,1,98,1,1
18,180258,1,1,2,15,6,21,29,34,0,1,0,18,1,7,482,7482,31,1999,3B7HC16Y8XM5,3,B,7,H,C,1,6,Y,8,X,M,5,0,0,0,000000000,00000000000,0,0,0,1,0,0,0,0,0,0,0,998,0,1,5,12,6,2,1,0,0,0,1,18,47591,6,1,0,0,3,0,999,999,0,0,0,0,0,0,0,0,0,0,28,0,0,0,1,2,55,3,1,2,1,0,0,14,12,99,1,4,6,1,1
18,180259,1,1,1,29,6,2,8,8,0,1,1,18,9,24,9,24009,4,2007,1G8ZS57N27F1,1,G,8,Z,S,5,7,N,2,7,F,1,0,0,0,000000000,00000000000,0,0,0,1,0,0,0,0,0,0,0,998,0,0,0,99,4,5,8,0,0,0,1,99,99999,9,9,99,9,9,9,999,999,99,99,99,99,99,99,9999,99,9999,3,0,0,0,0,5,3,45,1,2,2,1,0,0,1,80,99,1,1,13,0,0
18,180260,1,1,1,29,6,3,18,8,0,1,0,18,3,35,52,35052,6,2011,JN8AZ2KRXBT2,J,N,8,A,Z,2,K,R,X,B,T,2,0,0,0,000000000,00000000000,0,0,0,1,0,0,0,0,0,0,0,998,0,0,0,12,6,2,8,0,0,0,1,18,46303,6,1,0,0,3,3,69,200,0,1,0,0,0,1,2014,1,2014,0,0,0,0,0,2,2,60,1,1,2,1,0,0,1,80,99,1,1,13,0,0
18,180261,1,1,1,28,6,16,50,34,0,1,0,18,1,72,706,72706,80,1998,1HD1GDL13WY3,1,H,D,1,G,D,L,1,3,W,Y,3,0,0,0,000000000,00000000000,0,0,0,1,0,0,0,0,0,0,0,998,0,0,0,12,6,2,35,0,0,0,1,18,46031,1,1,0,0,2,3,70,170,0,0,0,0,0,0,0,0,0,3,8,0,0,0,1,2,55,3,1,2,1,0,0,14,13,99,1,4,1,1,1
18,180262,1,3,1,23,6,15,34,12,6,1,0,48,3,82,881,82881,66,2014,3AKJGLD54ESF,3,A,K,J,G,L,D,5,4,E,S,F,1,1,57,000141719,57000141719,3,6,1,1,0,0,0,0,0,0,0,998,0,0,0,12,6,2,12,0,0,0,1,48,79925,6,1,6,0,3,3,999,999,0,0,0,0,1,11,2012,11,2012,0,39,28,0,0,1,2,55,1,1,2,2,20,3,1,17,2,2,2,88,0,0
18,180262,2,3,1,23,6,15,34,12,6,1,0,18,1,12,471,12471,30,1999,1FTYR14V7XTA,1,F,T,Y,R,1,4,V,7,X,T,A,0,0,0,000000000,00000000000,0,0,0,1,0,0,0,0,0,0,0,998,0,0,0,9,6,2,12,32,0,0,1,18,46349,6,1,0,0,3,0,60,130,0,0,0,0,0,0,0,0,0,0,0,0,0,0,1,2,50,1,1,2,2,20,3,1,17,99,1,1,89,1,0
18,180262,3,3,2,23,6,15,34,12,6,1,0,18,2,7,25,7025,5,2007,1B3HB48BX7D5,1,B,3,H,B,4,8,B,X,7,D,5,0,0,0,000000000,00000000000,0,0,0,1,0,0,0,0,0,0,0,0,0,0,0,12,6,2,12,0,0,0,1,18,46310,6,1,0,0,3,3,63,115,0,0,0,0,0,0,0,0,0,0,0,0,0,0,1,2,55,1,1,2,2,20,3,5,62,99,1,1,98,0,0
18,180263,1,2,6,24,6,19,45,12,6,1,0,17,1,37,441,37441,20,2004,5FNRL18714B1,5,F,N,R,L,1,8,7,1,4,B,1,0,0,0,000000000,00000000000,0,0,0,1,0,0,0,0,0,0,0,998,0,0,0,9,6,2,12,0,0,0,1,17,62974,6,1,0,0,3,0,69,160,0,0,0,0,0,0,0,0,0,0,0,0,0,0,2,2,70,1,1,2,1,0,0,1,1,6,2,2,48,1,0
18,180263,2,2,1,24,6,19,45,12,6,1,0,21,1,82,881,82881,66,2007,1FUJA6CK97LX,1,F,U,J,A,6,C,K,9,7,L,X,1,1,57,002442163,57002442163,3,6,1,1,0,0,0,0,0,0,0,998,0,1,3,12,6,2,12,0,0,0,1,21,40390,6,1,6,0,3,1,70,225,0,0,0,2,0,4,2013,12,2013,0,0,0,0,0,2,2,70,1,1,2,1,0,0,1,61,99,1,1,48,0,0
18,180264,1,2,1,25,6,17,30,12,6,1,0,18,1,49,46,49046,5,2008,JTDKB20U4833,J,T,D,K,B,2,0,U,4,8,3,3,0,0,0,000000000,00000000000,0,0,0,1,0,0,0,0,0,0,0,998,0,0,0,9,6,2,12,0,0,0,1,18,47448,6,1,0,0,3,0,68,160,0,0,0,0,0,0,0,0,0,0,38,87,0,0,2,3,60,1,1,2,2,0,0,1,17,99,1,1,89,1,0
18,180264,2,2,1,25,6,17,30,12,6,1,0,18,2,6,52,6052,6,2001,3C8FY4BB61T3,3,C,8,F,Y,4,B,B,6,1,T,3,0,0,0,000000000,00000000000,0,0,0,1,0,0,0,0,0,0,0,998,0,0,0,12,6,2,12,0,0,0,1,18,46932,1,1,0,0,2,3,67,180,0,0,0,0,0,0,0,0,0,0,0,0,0,0,2,3,60,1,1,2,2,0,0,1,17,99,1,1,88,0,0
18,180265,1,1,1,26,6,23,30,5,0,1,0,0,0,98,701,98701,81,2006,999999999999,9,9,9,9,9,9,9,9,9,9,9,9,0,0,0,000000000,00000000000,0,0,0,1,0,0,0,0,0,0,0,998,0,0,0,0,0,3,5,0,0,0,1,18,47336,2,1,0,0,1,0,70,175,0,0,0,0,0,0,0,0,0,0,0,0,0,0,1,2,45,1,1,2,1,0,0,1,98,99,1,1,0,1,0
18,180266,1,1,1,28,6,21,49,34,0,1,0,18,3,20,37,20037,4,2011,2G1WD5EM6B12,2,G,1,W,D,5,E,M,6,B,1,2,0,0,0,000000000,00000000000,0,0,0,1,0,0,0,0,0,5,5,998,0,1,5,14,6,2,1,0,0,0,1,18,46049,6,1,6,0,3,0,72,195,0,0,0,0,0,0,0,0,0,3,8,16,0,0,1,2,50,1,1,2,1,0,0,1,6,99,3,4,2,1,0
18,180267,1,2,1,28,6,16,27,12,6,1,0,18,1,37,32,37032,8,2013,1HGCT2B8XDA0,1,H,G,C,T,2,B,8,X,D,A,0,0,0,0,000000000,00000000000,0,0,0,1,0,0,0,0,0,0,0,998,0,1,5,12,6,2,12,0,0,0,1,18,46254,6,1,0,0,3,0,61,165,0,0,0,1,0,3,2013,3,2013,0,39,0,0,0,1,2,45,1,1,2,1,20,3,1,17,99,1,1,88,0,0
18,180267,2,2,2,28,6,16,27,12,6,1,0,18,1,49,40,49040,4,1999,4T1BG22K5XU5,4,T,1,B,G,2,2,K,5,X,U,5,0,0,0,000000000,00000000000,0,0,0,1,0,0,0,0,0,0,0,998,0,1,5,9,6,2,12,0,0,0,1,18,46151,6,1,0,0,3,3,70,170,0,0,0,0,0,0,0,0,0,0,0,0,0,0,1,2,45,1,1,2,1,0,0,1,17,99,1,1,89,1,0
18,180268,1,4,1,23,6,23,21,12,1,1,0,29,3,85,881,85881,66,2007,1XKDDU9X97J1,1,X,K,D,D,U,9,X,9,7,J,1,1,3,57,000226934,57000226934,3,6,1,1,0,0,0,0,0,0,0,998,0,0,0,12,6,2,12,0,0,0,1,29,63074,6,1,6,1,3,3,73,195,1,0,0,0,0,5,2013,5,2013,0,0,0,0,0,3,3,65,1,1,2,1,0,0,1,52,1,1,1,28,0,0
18,180268,2,4,1,23,6,23,21,12,1,1,0,18,2,12,481,12481,31,2003,1FTNW21F63EA,1,F,T,N,W,2,1,F,6,3,E,A,0,0,0,000000000,00000000000,0,0,0,1,0,0,0,0,0,0,0,998,0,0,0,6,6,2,12,0,0,1,1,18,46113,6,1,0,0,3,3,62,125,0,0,0,0,0,0,0,0,0,0,0,0,0,0,3,3,65,1,1,2,1,0,0,2,53,1,1,1,29,1,0
18,180268,3,4,1,23,6,23,21,12,1,1,0,39,3,12,481,12481,31,2013,1FTFW1ET7DFA,1,F,T,F,W,1,E,T,7,D,F,A,0,0,0,000000000,00000000000,0,0,0,1,0,0,0,0,0,0,0,998,0,0,0,6,6,2,12,0,0,0,1,39,45840,6,1,0,0,3,0,74,175,0,0,0,0,0,0,0,0,0,0,0,0,0,0,3,3,65,1,1,2,1,0,0,2,53,1,1,1,98,0,0
18,180268,4,4,1,23,6,23,21,12,1,1,0,18,1,20,481,20481,31,2011,3GCPKSE38BG3,3,G,C,P,K,S,E,3,8,B,G,3,0,0,0,000000000,00000000000,0,0,0,1,0,0,0,0,0,0,0,998,0,0,0,6,6,2,12,0,0,0,1,18,47302,6,1,0,0,3,0,77,250,0,0,0,0,0,0,0,0,0,0,0,0,0,0,3,3,65,1,1,2,1,0,0,2,53,1,1,1,98,0,0
18,180269,1,2,1,26,6,15,28,12,2,1,0,18,1,98,701,98701,81,2013,000000000000,0,0,0,0,0,0,0,0,0,0,0,0,0,0,0,000000000,00000000000,0,0,0,1,0,0,0,0,0,0,0,998,0,0,0,12,6,2,12,0,0,0,1,18,47586,0,0,0,0,0,0,70,165,0,0,0,0,0,0,0,0,0,0,28,0,0,0,1,2,35,1,3,2,1,0,0,1,10,7,1,2,50,1,1
18,180269,2,2,1,26,6,15,28,12,2,1,0,18,1,12,481,12481,31,1987,1FTEF25Y3HNA,1,F,T,E,F,2,5,Y,3,H,N,A,0,0,0,000000000,00000000000,0,0,0,1,0,0,0,0,0,0,0,998,0,0,0,12,2,5,12,0,0,0,1,18,47112,6,1,0,0,3,0,74,180,0,0,0,0,0,0,0,0,0,0,0,0,0,0,1,2,35,1,3,2,1,0,0,1,62,8,1,1,51,0,0
18,180270,1,1,2,29,6,3,20,42,0,1,0,18,2,20,481,20481,31,2001,1GCEC19T31Z1,1,G,C,E,C,1,9,T,3,1,Z,1,0,0,0,000000000,00000000000,0,0,0,1,0,0,0,0,0,0,0,998,0,0,0,12,6,2,42,0,0,0,1,18,46239,6,1,0,0,3,0,73,183,0,2,0,1,2,6,2013,6,2013,0,91,0,0,0,1,2,30,1,1,2,1,0,0,1,13,99,1,4,1,1,1
18,180271,1,2,2,4,7,16,57,12,6,1,0,18,1,21,441,21441,20,2000,1GHDX03E3YD1,1,G,H,D,X,0,3,E,3,Y,D,1,0,0,0,000000000,00000000000,0,0,0,1,0,0,0,0,0,0,0,998,3,0,0,12,6,2,12,0,0,0,1,18,47303,6,1,0,0,3,3,67,145,0,0,0,0,0,0,0,0,0,0,38,8,0,0,1,2,30,1,1,2,1,20,3,1,17,1,1,1,88,1,0
18,180271,2,2,1,4,7,16,57,12,6,1,0,47,3,51,881,51881,66,2013,4V4NC9EH0DN1,4,V,4,N,C,9,E,H,0,D,N,1,1,1,57,000313891,57000313891,3,6,1,1,0,0,0,0,0,0,0,998,0,0,0,9,6,2,12,0,0,0,1,18,47371,6,1,6,1,3,0,67,160,0,0,0,0,0,0,0,0,0,0,0,0,0,0,1,2,30,1,1,2,1,0,0,1,66,4,1,1,89,0,0
18,180272,1,2,2,5,7,16,29,12,6,1,0,18,1,12,402,12402,14,2007,1FMYU02Z07KA,1,F,M,Y,U,0,2,Z,0,7,K,A,0,0,0,000000000,00000000000,0,0,0,1,0,0,0,0,0,0,0,998,0,0,0,62,6,2,12,0,0,0,1,18,47111,6,1,0,0,3,0,59,115,0,0,0,0,0,0,0,0,0,0,38,0,0,0,1,2,55,1,2,2,1,20,3,1,17,99,1,1,89,0,0
18,180272,2,2,1,5,7,16,29,12,6,1,0,18,1,72,706,72706,80,2014,1HD1LL32XEC4,1,H,D,1,L,L,3,2,X,E,C,4,0,0,0,000000000,00000000000,0,0,0,1,0,0,0,0,0,0,0,998,0,0,0,12,6,2,12,0,0,0,1,18,47130,6,1,0,0,3,0,72,240,0,0,0,1,0,7,2012,7,2012,0,0,0,0,0,1,2,55,1,2,2,1,0,0,1,66,1,1,1,88,1,0
18,180273,1,2,1,23,6,13,57,12,2,1,0,18,1,49,40,49040,4,2001,4T1BG28KX1U0,4,T,1,B,G,2,8,K,X,1,U,0,0,0,0,000000000,00000000000,0,0,0,1,0,0,0,0,0,0,0,998,0,0,0,12,6,2,12,0,0,0,1,18,47250,6,1,0,0,3,3,65,160,0,0,0,0,0,0,0,0,0,0,28,0,0,0,1,2,40,1,1,2,1,0,0,1,10,1,1,2,50,1,0
18,180273,2,2,3,23,6,13,57,12,2,1,0,18,2,20,421,20421,15,2009,1GNFK13599R1,1,G,N,F,K,1,3,5,9,9,R,1,0,0,0,000000000,00000000000,0,0,0,1,0,0,0,0,0,0,0,998,0,0,0,12,6,2,12,0,0,0,1,18,47250,6,1,0,0,3,3,66,140,0,0,0,0,0,0,0,0,0,0,0,0,0,0,1,2,40,1,1,2,1,0,0,1,62,1,1,1,51,0,0
18,180274,1,1,1,3,7,22,9,1,0,1,0,18,1,98,731,98731,90,2007,4UF07ATV07T2,4,U,F,0,7,A,T,V,0,7,T,2,0,0,0,000000000,00000000000,0,0,0,1,0,0,0,0,0,0,0,998,0,2,1,0,4,3,1,0,0,0,1,18,47834,6,1,0,0,3,3,73,190,0,0,0,0,0,0,0,0,0,0,0,0,0,0,1,2,55,1,1,2,1,0,0,1,98,99,1,1,98,1,1
18,180275,1,1,2,29,6,21,45,5,0,1,0,18,2,20,471,20471,30,2003,1GCDT13X73K1,1,G,C,D,T,1,3,X,7,3,K,1,0,0,0,000000000,00000000000,0,0,0,1,0,0,0,0,0,0,0,998,0,0,0,0,0,3,5,0,0,0,1,18,47304,1,1,0,0,2,3,60,114,1,1,0,1,1,7,2013,4,2014,0,0,0,0,0,1,2,50,1,1,2,1,0,0,2,98,99,1,1,0,1,0
18,180276,1,1,1,14,6,12,20,15,0,1,0,18,1,12,17,12017,4,2005,1FAHP53U05A2,1,F,A,H,P,5,3,U,0,5,A,2,0,0,0,000000000,00000000000,0,0,0,1,0,0,0,0,0,0,0,998,0,0,0,12,4,3,15,0,0,0,1,18,46224,6,1,0,0,3,3,66,172,0,0,0,0,0,0,0,0,0,0,0,0,0,0,5,2,40,1,1,2,1,0,0,1,83,1,1,1,13,0,0
18,180277,1,1,2,4,7,17,36,34,0,1,0,18,1,54,31,54031,4,1994,JH4DB7653RS0,J,H,4,D,B,7,6,5,3,R,S,0,0,0,0,000000000,00000000000,0,0,0,1,0,0,0,0,0,0,0,998,0,1,5,61,6,2,1,0,0,0,1,18,47012,6,1,0,0,3,0,67,118,0,0,0,2,6,2,2012,2,2013,3,28,35,8,0,1,2,55,1,1,2,1,0,0,6,12,7,2,4,6,1,0
18,180278,1,1,1,8,7,21,9,5,0,1,0,18,1,53,706,53706,80,2006,JS1GT76A9621,J,S,1,G,T,7,6,A,9,6,2,1,0,0,0,000000000,00000000000,0,0,0,1,0,0,0,0,0,0,0,998,0,0,0,0,6,2,5,0,0,0,1,18,46405,6,1,0,0,3,0,73,210,0,0,0,0,0,0,0,0,0,3,0,0,0,0,6,2,55,2,2,1,1,0,0,14,9,99,1,1,0,1,0
18,180279,1,1,1,5,7,13,36,8,0,1,0,18,2,6,52,6052,6,2004,3C8FY78G04T2,3,C,8,F,Y,7,8,G,0,4,T,2,0,0,0,000000000,00000000000,0,0,0,1,0,0,0,0,0,0,0,998,0,0,0,12,4,3,8,0,0,0,1,18,46268,0,0,0,0,0,0,999,999,0,2,0,0,2,8,2013,8,2013,0,0,0,0,0,1,2,40,1,1,2,1,0,0,1,80,1,1,1,13,0,0
18,180280,1,1,1,16,2,3,7,35,0,1,0,8,1,35,401,35401,14,2001,JN8DR09Y31W5,J,N,8,D,R,0,9,Y,3,1,W,5,0,0,0,000000000,00000000000,0,0,0,1,0,0,0,0,0,0,0,998,0,1,3,14,6,2,42,0,0,0,1,8,80809,6,1,0,0,3,0,68,135,0,0,0,0,0,0,0,0,0,0,87,0,0,0,2,2,70,1,1,2,4,0,0,1,5,6,4,4,7,1,0
18,180281,1,1,2,1,7,3,30,42,0,1,0,18,2,12,471,12471,30,1994,1FTCR11X3RPA,1,F,T,C,R,1,1,X,3,R,P,A,0,0,0,000000000,00000000000,0,0,0,1,0,0,0,0,0,0,0,998,0,0,0,12,6,2,2,0,0,1,1,18,47167,6,2,0,0,3,3,62,180,0,0,0,0,0,0,0,0,0,3,8,28,0,0,1,2,45,2,2,2,1,0,0,14,12,3,2,4,6,2,1
18,180282,1,1,1,10,7,2,58,42,0,1,0,18,1,73,706,73706,80,2008,JKAZX4P138A0,J,K,A,Z,X,4,P,1,3,8,A,0,0,0,0,000000000,00000000000,0,0,0,1,0,0,0,0,0,0,0,998,0,0,0,12,6,2,42,0,0,0,1,18,46825,6,1,0,0,3,3,71,160,0,0,0,0,0,0,0,0,0,3,0,0,0,0,1,2,45,3,1,1,1,0,0,14,13,99,1,4,1,1,0