STATE,ST_CASE,VEH_NO,VE_FORMS,NUMOCCS,DAY,MONTH,HOUR,MINUTE,HARM_EV,MAN_COLL,UNITTYPE,HIT_RUN,REG_STAT,OWNER,MAKE,MODEL,MAK_MOD,BODY_TYP,MOD_YEAR,VIN,VIN_1,VIN_2,VIN_3,VIN_4,VIN_5,VIN_6,VIN_7,VIN_8,VIN_9,VIN_10,VIN_11,VIN_12,TOW_VEH,J_KNIFE,MCARR_I1,MCARR_I2,MCARR_ID,GVWR,V_CONFIG,CARGO_BT,HAZ_INV,HAZ_PLAC,HAZ_ID,HAZ_CNO,HAZ_REL,BUS_USE,SPEC_USE,EMER_USE,TRAV_SP,UNDERIDE,ROLLOVER,ROLINLOC,IMPACT1,DEFORMED,TOWED,M_HARM,VEH_SC1,VEH_SC2,FIRE_EXP,DR_PRES,L_STATE,DR_ZIP,L_STATUS,L_TYPE,CDL_STAT,L_ENDORS,L_COMPL,L_RESTRI,DR_HGT,DR_WGT,PREV_ACC,PREV_SUS,PREV_DWI,PREV_SPD,PREV_OTH,FIRST_MO,FIRST_YR,LAST_MO,LAST_YR,SPEEDREL,DR_SF1,DR_SF2,DR_SF3,DR_SF4,VTRAFWAY,VNUM_LAN,VSPD_LIM,VALIGN,VPROFILE,VPAVETYP,VSURCOND,VTRAFCON,VTCONT_F,P_CRASH1,P_CRASH2,P_CRASH3,PCRASH4,PCRASH5,ACC_TYPE,DEATHS,DR_DRINK
18,180283,1,1,3,6,7,0,5,30,0,1,0,18,1,7,482,7482,31,2000,3B7KF2668YM2,3,B,7,K,F,2,6,6,8,Y,M,2,0,0,0,000000000,00000000000,0,0,0,1,0,0,0,0,0,0,0,998,0,1,5,12,6,2,1,0,0,0,1,18,46919,6,1,0,0,3,0,65,125,0,0,0,0,0,0,0,0,0,0,8,58,91,0,1,2,55,1,1,2,1,0,0,1,6,6,4,4,7,1,1
18,180284,1,1,1,9,7,22,30,5,0,1,0,18,1,72,706,72706,80,1997,1HD1BML1XVY0,1,H,D,1,B,M,L,1,X,V,Y,0,0,0,0,000000000,00000000000,0,0,0,1,0,0,0,0,0,0,0,998,0,0,0,0,0,3,5,0,0,0,1,18,46350,1,1,0,0,2,3,73,225,0,0,0,0,0,0,0,0,0,4,0,0,0,0,6,1,30,2,2,2,1,0,0,14,98,3,2,1,0,1,1
18,180285,1,2,1,5,6,7,43,12,1,1,0,18,2,20,2,20002,4,2012,2G1WF5E39C11,2,G,1,W,F,5,E,3,9,C,1,1,0,0,0,000000000,00000000000,0,0,0,1,0,0,0,0,0,0,0,998,0,0,0,12,6,2,12,0,0,0,1,18,47904,6,1,5,0,3,0,66,175,0,0,0,0,0,0,0,0,0,0,35,0,0,0,1,2,60,1,1,2,1,0,0,6,10,1,1,1,32,0,0
18,180285,2,2,2,5,6,7,43,12,1,1,0,18,1,20,16,20016,4,2004,1G1JF52F2472,1,G,1,J,F,5,2,F,2,4,7,2,0,0,0,000000000,00000000000,0,0,0,1,0,0,0,0,0,0,0,998,0,0,0,6,6,2,12,0,0,0,1,18,47940,6,1,0,0,3,3,72,185,0,0,0,0,0,0,0,0,0,0,0,0,0,0,1,2,60,1,1,2,1,0,0,11,61,99,1,1,32,1,0
18,180286,1,3,2,26,6,16,15,12,2,1,0,12,1,49,46,49046,4,2004,JTDKB20U0400,J,T,D,K,B,2,0,U,0,4,0,0,0,0,0,000000000,00000000000,0,0,0,1,0,0,0,0,0,0,0,998,0,0,0,12,6,2,12,0,0,0,1,12,32835,6,1,0,0,3,3,64,999,0,0,0,0,0,0,0,0,0,0,38,91,0,0,5,2,55,1,1,2,1,20,3,11,15,99,1,1,82,0,0
18,180286,2,3,1,26,6,16,15,12,2,1,0,18,2,12,481,12481,31,2012,1FT7W2BT9CEA,1,F,T,7,W,2,B,T,9,C,E,A,1,1,0,000000000,00000000000,0,0,0,1,0,0,0,0,0,0,0,65,0,0,0,12,6,2,12,0,0,0,1,18,47283,6,1,0,0,3,3,68,160,0,0,0,0,0,0,0,0,0,0,28,0,0,0,5,2,55,1,1,2,1,0,0,1,67,4,1,1,83,0,0
18,180286,3,3,1,26,6,16,15,12,2,1,0,18,1,18,2,18002,4,1996,1G4HR52K5TH4,1,G,4,H,R,5,2,K,5,T,H,4,0,0,0,000000000,00000000000,0,0,0,1,0,0,0,0,0,0,0,998,0,0,0,62,6,2,12,0,0,0,1,18,47265,6,1,6,0,3,3,72,305,0,0,0,0,1,11,2013,11,2013,0,0,0,0,0,5,2,55,1,1,2,1,0,0,1,62,99,1,1,98,1,0
18,180287,1,1,1,6,7,23,15,21,0,1,0,18,1,49,32,49032,4,2008,1NXBR32E28Z0,1,N,X,B,R,3,2,E,2,8,Z,0,0,0,0,000000000,00000000000,0,0,0,1,0,0,0,0,0,0,0,998,0,0,0,12,6,2,21,0,0,0,1,18,47006,6,1,0,0,3,0,68,140,0,2,0,0,2,7,2012,6,2013,0,0,0,0,0,1,2,55,3,1,2,1,0,0,14,13,99,1,4,1,1,1
18,180288,1,2,2,6,7,16,45,30,0,1,0,18,1,49,481,49481,31,1996,JT4UN22D9T00,J,T,4,U,N,2,2,D,9,T,0,0,0,0,0,000000000,00000000000,0,0,0,1,0,0,0,0,0,0,0,998,0,0,0,12,6,2,52,0,0,0,1,18,47150,6,1,0,0,3,0,71,150,0,0,0,0,0,0,0,0,0,5,28,0,0,0,5,2,50,1,2,2,1,0,0,1,12,1,1,4,6,1,1
18,180288,2,2,2,6,7,16,45,30,0,1,0,18,1,12,23,12023,4,2012,3FAHP0JG9CR4,3,F,A,H,P,0,J,G,9,C,R,4,0,0,0,000000000,00000000000,0,0,0,1,0,0,0,0,0,0,0,998,0,0,0,62,6,2,12,0,0,0,1,18,47250,6,1,6,0,3,0,70,155,0,0,0,0,0,0,0,0,0,0,0,0,0,0,5,2,50,1,2,2,1,0,0,2,62,1,1,1,98,0,0
18,180289,1,1,1,9,7,18,33,1,0,1,0,18,1,72,709,72709,80,2014,1HD1TEN12EB9,1,H,D,1,T,E,N,1,2,E,B,9,0,0,0,000000000,00000000000,0,0,0,1,0,0,0,0,0,0,0,998,0,0,0,0,6,2,1,0,0,0,1,18,47331,6,1,0,0,3,0,71,185,0,0,0,0,0,0,0,0,0,3,58,0,0,0,1,2,30,2,2,2,1,0,0,14,98,99,1,1,98,1,0
18,180290,1,1,2,10,7,23,6,8,0,1,0,18,1,49,40,49040,4,1993,4T1VK12E1PU0,4,T,1,V,K,1,2,E,1,P,U,0,0,0,0,000000000,00000000000,0,0,0,1,0,0,0,0,0,0,0,998,0,0,0,12,2,5,8,0,0,0,1,18,46516,6,1,0,0,3,0,69,165,0,0,0,0,0,0,0,0,0,0,0,0,0,0,1,2,35,1,1,2,1,0,0,1,80,1,1,1,13,0,0
18,180291,1,2,1,11,7,8,25,12,6,1,0,18,2,6,441,6441,20,2005,1C4GP45R45B2,1,C,4,G,P,4,5,R,4,5,B,2,0,0,0,000000000,00000000000,0,0,0,1,0,0,0,0,0,0,0,998,0,0,0,12,6,2,12,0,0,0,1,18,46970,6,2,0,0,3,3,70,235,0,0,0,0,0,0,0,0,0,0,28,0,0,0,1,2,55,2,2,2,1,0,0,14,10,1,1,2,66,1,0
18,180291,2,2,1,11,7,8,25,12,6,1,0,18,2,38,883,38883,62,2011,JALC4W162B70,J,A,L,C,4,W,1,6,2,B,7,0,0,0,57,000517312,57000517312,2,1,3,1,0,0,0,0,0,0,0,998,0,0,0,62,6,2,12,0,0,0,1,18,46952,6,1,0,0,3,3,73,210,0,0,0,0,0,0,0,0,0,0,0,0,0,0,1,2,55,3,2,2,1,0,0,14,62,1,1,1,66,0,0
18,180292,1,1,1,13,7,13,12,30,0,1,0,18,1,76,706,76706,80,2003,JYA5AHE0X3A0,J,Y,A,5,A,H,E,0,X,3,A,0,0,0,0,000000000,00000000000,0,0,0,1,0,0,0,0,0,0,0,998,0,0,0,12,4,5,30,0,0,0,1,18,46516,0,0,0,0,0,0,67,180,0,0,0,0,0,0,0,0,0,3,8,28,0,0,1,2,55,2,1,2,1,0,0,14,12,99,1,4,6,1,0
18,180293,1,2,1,11,7,22,21,12,6,1,0,17,3,86,883,86883,66,2014,1M1AW28Y9EM0,1,M,1,A,W,2,8,Y,9,E,M,0,1,1,57,000021800,57000021800,3,6,1,1,0,0,0,0,0,0,0,998,0,0,0,12,4,3,12,0,0,0,1,17,60181,6,1,6,1,3,0,72,230,0,0,0,0,0,0,0,0,0,0,0,0,0,0,2,2,40,1,3,2,1,1,3,1,66,1,1,1,88,0,0
18,180293,2,2,1,11,7,22,21,12,6,1,0,18,2,6,43,6043,2,2002,4C3AG42H42E1,4,C,3,A,G,4,2,H,4,2,E,1,0,0,0,000000000,00000000000,0,0,0,1,0,0,0,0,0,0,0,998,0,0,0,61,6,2,12,0,0,0,1,18,47906,1,1,0,0,2,0,72,260,0,7,1,0,6,9,2012,4,2014,0,39,0,0,0,2,2,40,1,3,2,1,1,3,1,17,1,1,1,89,1,0
18,180294,1,2,1,27,6,7,32,12,2,1,0,18,1,2,405,2405,14,2011,1J4PN5GK8BW5,1,J,4,P,N,5,G,K,8,B,W,5,0,0,0,000000000,00000000000,0,0,0,1,0,0,0,0,0,0,0,998,0,0,0,12,6,2,12,0,0,0,1,18,46933,6,1,0,0,3,0,64,176,0,0,0,0,2,11,2013,11,2013,0,28,0,0,0,1,2,45,1,1,2,1,0,0,1,10,1,1,2,50,0,0
18,180294,2,2,2,27,6,7,32,12,2,1,0,18,2,6,441,6441,20,2000,1C4GP54G8YB6,1,C,4,G,P,5,4,G,8,Y,B,6,0,0,0,000000000,00000000000,0,0,0,1,0,0,0,0,0,0,0,998,0,0,0,12,6,2,12,0,0,0,1,18,46933,6,1,0,0,3,0,65,220,0,0,0,0,0,0,0,0,0,0,0,0,0,0,1,2,45,1,1,2,1,0,0,1,62,1,1,1,51,1,0
18,180295,1,2,2,9,7,13,41,12,6,1,0,18,1,50,705,50705,80,2003,SMT800GE53J1,S,M,T,8,0,0,G,E,5,3,J,1,0,0,0,000000000,00000000000,0,0,0,1,0,0,0,0,0,0,0,998,0,0,0,12,6,2,12,0,0,0,1,18,46706,6,1,0,0,3,0,68,150,0,0,0,0,0,0,0,0,0,3,8,38,0,0,1,2,50,3,2,2,1,28,3,14,17,99,1,6,88,2,0
18,180295,2,2,1,9,7,13,41,12,6,1,0,39,3,85,881,85881,66,2008,1XKAD49X58R2,1,X,K,A,D,4,9,X,5,8,R,2,1,1,57,001250399,57001250399,3,6,8,1,0,0,0,0,0,0,0,998,0,0,0,11,4,3,12,0,0,0,1,39,43319,6,1,6,1,3,0,72,175,0,2,0,0,1,8,2011,12,2011,0,0,0,0,0,1,2,50,1,2,2,1,28,3,1,66,7,1,1,89,0,0
18,180296,1,2,1,13,7,19,45,12,1,1,0,18,1,37,706,37706,80,2006,JH2SC57086M2,J,H,2,S,C,5,7,0,8,6,M,2,0,0,0,000000000,00000000000,0,0,0,1,0,0,0,0,0,0,0,998,0,0,0,12,6,2,12,0,0,0,1,18,46514,6,1,0,0,3,0,68,130,0,0,0,0,0,0,0,0,0,3,8,0,0,0,5,2,45,1,1,2,1,1,3,1,50,99,1,1,20,1,1
18,180296,2,2,3,13,7,19,45,12,1,1,0,18,1,20,37,20037,4,2005,1G1ZT54845F2,1,G,1,Z,T,5,4,8,4,5,F,2,0,0,0,000000000,00000000000,0,0,0,1,0,0,0,0,0,0,0,0,0,0,0,6,6,2,12,0,0,0,1,18,46516,6,1,0,0,3,0,69,230,0,0,0,0,0,0,0,0,0,0,0,0,0,0,5,2,45,1,1,2,1,1,3,5,53,1,1,1,21,0,0
18,180298,1,2,2,4,7,21,40,12,6,1,0,18,1,13,1,13001,4,2002,1LNHM82W82Y6,1,L,N,H,M,8,2,W,8,2,Y,6,0,0,0,000000000,00000000000,0,0,0,1,0,0,0,0,0,0,0,998,0,0,0,12,6,2,12,0,0,0,1,18,46383,6,1,0,0,3,0,69,200,0,0,0,0,0,0,0,0,0,0,8,39,91,0,2,2,30,1,2,2,1,1,3,1,17,99,1,1,86,1,1
18,180298,2,2,4,4,7,21,40,12,6,1,0,18,1,20,23,20023,6,2006,3GNDA23P96S5,3,G,N,D,A,2,3,P,9,6,S,5,0,0,0,000000000,00000000000,0,0,0,1,0,0,0,0,0,0,0,998,0,0,0,1,6,2,12,0,0,0,1,18,46580,6,1,5,0,3,0,72,170,0,0,0,0,0,0,0,0,0,0,0,0,0,0,2,2,30,1,2,2,1,1,3,1,66,6,1,1,87,0,0
18,180299,1,1,2,5,7,19,25,24,0,1,0,26,1,76,706,76706,80,2009,JYARN23E69A0,J,Y,A,R,N,2,3,E,6,9,A,0,0,0,0,000000000,00000000000,0,0,0,1,0,0,0,0,0,0,0,998,0,0,0,81,6,2,25,0,0,0,1,26,49688,6,1,0,0,3,0,70,190,3,0,0,0,1,9,2011,10,2012,3,0,0,0,0,6,2,40,3,1,2,1,0,0,14,13,99,1,4,1,1,0
18,180300,1,2,1,27,6,15,32,12,2,1,0,18,1,49,472,49472,30,2006,5TELU42N66Z2,5,T,E,L,U,4,2,N,6,6,Z,2,0,0,0,000000000,00000000000,0,0,0,1,0,0,0,0,0,0,0,998,0,0,0,12,6,2,12,0,0,0,1,18,46259,6,1,0,0,3,0,69,210,0,0,0,0,0,0,0,0,0,0,28,0,0,0,1,2,35,1,1,2,1,0,0,1,10,99,1,2,50,1,0
18,180300,2,2,1,27,6,15,32,12,2,1,0,18,2,85,881,85881,63,2006,1NKDLU0XX6J1,1,N,K,D,L,U,0,X,X,6,J,1,0,0,57,000506519,57000506519,3,2,4,1,0,0,0,0,0,0,0,998,0,0,0,12,6,2,12,0,0,0,1,18,46201,6,1,6,0,3,0,66,145,0,0,0,0,0,0,0,0,0,0,0,0,0,0,1,2,35,1,1,2,1,0,0,1,62,9,1,1,51,0,0
18,180301,1,1,1,10,7,16,12,33,0,1,0,18,2,20,37,20037,4,2004,1G1ZT54884F1,1,G,1,Z,T,5,4,8,8,4,F,1,0,0,0,000000000,00000000000,0,0,0,1,0,0,0,0,0,0,0,998,0,0,0,14,4,5,30,0,0,0,1,18,47331,6,1,0,0,3,3,66,185,0,0,0,0,0,0,0,0,0,0,0,0,0,0,1,2,20,3,1,2,1,0,0,14,12,99,1,4,1,1,0
18,180302,1,1,2,23,5,16,35,14,0,1,0,18,1,20,2,20002,6,2009,2G1WC57MX911,2,G,1,W,C,5,7,M,X,9,1,1,0,0,0,000000000,00000000000,0,0,0,1,0,0,0,0,0,0,0,998,0,0,0,12,6,2,14,0,0,0,1,18,46928,6,1,8,0,3,0,68,230,0,0,0,0,0,0,0,0,0,0,0,0,0,0,1,2,55,1,1,2,1,0,0,1,19,1,1,4,11,1,0
18,180303,1,1,1,1,6,0,30,8,0,1,1,99,9,99,999,99999,99,9999,999999999999,9,9,9,9,9,9,9,9,9,9,9,9,0,0,0,000000000,00000000000,0,0,0,1,0,0,0,0,0,0,0,998,0,0,0,12,2,5,8,0,0,0,1,99,99999,9,9,99,9,9,9,999,999,99,99,99,99,99,99,9999,99,9999,0,0,0,0,0,1,2,55,1,1,2,1,0,0,1,80,1,1,1,13,0,0
18,180304,1,1,1,2,7,3,35,43,0,1,0,18,1,37,31,37031,2,1993,JHMEH6263PS0,J,H,M,E,H,6,2,6,3,P,S,0,0,0,0,000000000,00000000000,0,0,0,1,0,0,0,0,0,0,0,998,0,0,0,12,6,2,30,0,0,0,1,18,47118,6,1,0,0,3,0,71,160,0,1,0,1,1,2,2013,2,2013,0,0,0,0,0,1,2,55,1,1,2,1,0,0,1,19,99,1,4,99,1,1
18,180305,1,2,1,20,7,10,43,12,2,1,0,18,2,72,706,72706,80,1986,1HD4CAM10GY1,1,H,D,4,C,A,M,1,0,G,Y,1,0,0,0,000000000,00000000000,0,0,0,1,0,0,0,0,0,0,0,998,0,0,0,12,6,2,12,0,0,0,1,18,46516,6,1,0,0,3,0,67,145,0,0,0,0,0,0,0,0,0,3,28,0,0,0,1,2,50,2,1,2,1,28,3,14,10,99,1,2,50,1,0
18,180305,2,2,1,20,7,10,43,12,2,1,0,18,1,7,20,7020,4,2001,1B3ES46C51D2,1,B,3,E,S,4,6,C,5,1,D,2,0,0,0,000000000,00000000000,0,0,0,1,0,0,0,0,0,0,0,998,0,0,0,12,6,2,12,0,0,0,1,18,46517,6,1,0,0,3,3,63,117,0,0,0,0,0,0,0,0,0,0,0,0,0,0,1,2,50,3,1,2,1,28,3,14,62,99,1,1,51,0,0
18,180306,1,1,1,1,4,9,53,34,0,1,0,18,1,37,706,37706,82,2009,JH2AF58489K5,J,H,2,A,F,5,8,4,8,9,K,5,0,0,0,000000000,00000000000,0,0,0,1,0,0,0,0,0,0,0,998,0,0,0,11,6,2,5,0,0,0,1,18,46060,1,1,0,0,2,0,69,185,0,1,0,0,0,11,2012,11,2012,0,39,0,0,0,1,2,40,1,1,2,1,20,3,1,14,99,1,4,14,1,0
18,180307,1,1,1,1,5,21,24,8,0,1,0,18,1,98,999,98999,49,2002,WMWRC33402TE,W,M,W,R,C,3,3,4,0,2,T,E,0,0,0,000000000,00000000000,0,0,0,1,0,0,0,0,0,0,0,40,0,0,0,12,6,2,8,0,0,0,1,18,47348,6,1,0,0,3,3,69,155,1,1,0,0,0,1,2013,2,2013,0,0,0,0,0,1,2,45,1,1,2,1,0,0,1,80,1,1,1,13,0,0
18,180308,1,1,1,9,6,16,54,30,0,1,0,0,0,99,701,99701,81,2010,999999999999,9,9,9,9,9,9,9,9,9,9,9,9,0,0,0,000000000,00000000000,0,0,0,1,0,0,0,0,0,0,0,998,0,0,0,12,6,2,30,0,0,0,1,18,47711,1,1,0,0,1,0,74,170,0,0,0,0,0,0,0,0,0,0,0,0,0,0,1,2,30,1,1,2,1,0,0,1,13,99,1,4,1,1,0
18,180309,1,1,1,5,7,2,29,33,0,1,0,18,2,72,706,72706,80,2011,1HD1KBM12BB6,1,H,D,1,K,B,M,1,2,B,B,6,0,0,0,000000000,00000000000,0,0,0,1,0,0,0,0,0,0,0,998,0,0,0,12,6,2,33,0,0,0,1,18,47125,6,1,0,0,2,0,67,155,0,0,0,0,0,0,0,0,0,0,0,0,0,0,2,2,45,1,1,2,1,0,0,1,19,99,1,4,99,1,1
18,180310,1,1,1,20,7,8,51,30,0,1,0,17,1,12,13,12013,4,1997,1FALP13PXVW3,1,F,A,L,P,1,3,P,X,V,W,3,0,0,0,000000000,00000000000,0,0,0,1,0,0,0,0,0,0,0,998,0,0,0,9,6,2,2,0,0,1,1,17,60617,6,1,0,0,3,0,71,165,0,0,0,0,0,0,0,0,0,3,8,51,0,0,5,4,35,1,1,2,1,1,3,1,12,99,1,4,6,1,0
18,180311,1,1,2,1,7,9,10,42,0,1,0,18,3,82,881,82881,62,2011,WDPPF3CC6B94,W,D,P,P,F,3,C,C,6,B,9,4,0,0,99,999999999,99999999999,2,1,1,1,0,0,0,0,0,0,0,998,0,0,0,12,6,2,42,0,0,0,1,18,46703,6,1,6,1,3,0,65,170,0,0,0,0,0,0,0,0,0,0,0,0,0,0,1,2,50,1,1,2,1,28,3,1,13,99,1,4,1,1,0
18,180312,1,1,1,19,7,11,55,42,0,1,0,18,1,12,16,12016,4,2007,2FAFP71W67X1,2,F,A,F,P,7,1,W,6,7,X,1,0,0,0,000000000,00000000000,0,0,0,1,0,0,0,0,0,0,0,998,0,0,0,3,6,2,42,0,0,0,1,18,46366,6,1,0,0,3,3,71,145,0,0,0,0,0,0,0,0,0,3,8,28,0,0,1,2,55,1,3,2,1,0,0,1,12,4,1,4,6,1,0
18,180313,1,1,2,21,7,15,43,35,0,1,0,18,1,12,471,12471,31,1996,1FTCR10U9TUB,1,F,T,C,R,1,0,U,9,T,U,B,0,0,0,000000000,00000000000,0,0,0,1,0,0,0,0,0,0,0,998,0,0,0,12,6,2,35,0,0,0,1,18,46947,6,1,0,0,3,3,68,135,0,0,0,0,0,0,0,0,0,3,8,0,0,0,1,2,40,4,1,2,1,0,0,14,12,99,1,4,6,1,1
18,180314,1,2,3,20,7,15,21,12,2,1,0,18,3,12,481,12481,31,2000,1FTNF21L9YEA,1,F,T,N,F,2,1,L,9,Y,E,A,0,0,0,000000000,00000000000,0,0,0,1,0,0,0,0,0,0,0,998,0,0,0,12,6,2,2,0,0,1,1,18,46567,1,1,0,0,2,3,72,230,0,1,0,1,1,6,2012,8,2013,0,28,0,0,0,1,2,40,1,1,2,1,0,0,1,10,99,1,2,50,0,0
18,180314,2,2,4,20,7,15,21,12,2,1,0,42,1,41,52,41052,6,2012,JM1CW2BL6C01,J,M,1,C,W,2,B,L,6,C,0,1,0,0,0,000000000,00000000000,0,0,0,1,0,0,0,0,0,0,0,998,0,0,0,12,6,2,12,0,0,0,1,42,19096,6,1,0,0,3,0,72,999,0,0,0,0,0,0,0,0,0,0,0,0,0,0,1,2,40,1,1,2,1,0,0,1,62,99,1,1,51,1,0
18,180315,1,2,1,18,7,9,40,12,6,1,0,18,1,21,1,21001,2,1983,1G3AR47Y7DM5,1,G,3,A,R,4,7,Y,7,D,M,5,0,0,0,000000000,00000000000,0,0,0,1,0,0,0,0,0,0,0,998,0,0,0,12,6,2,12,0,0,0,1,18,46214,6,1,0,0,3,3,69,154,0,0,0,0,0,0,0,0,0,0,0,0,0,0,5,3,45,1,1,1,1,3,3,1,62,99,1,1,69,0,0
18,180315,2,2,2,18,7,9,40,12,6,1,0,18,1,14,6,14006,4,2010,2MEBM7FV0AX6,2,M,E,B,M,7,F,V,0,A,X,6,0,0,0,000000000,00000000000,0,0,0,1,0,0,0,0,0,0,0,998,0,0,0,2,6,2,12,0,0,0,1,18,46268,6,1,0,0,3,3,72,160,0,0,0,0,0,0,0,0,0,0,38,0,0,0,5,3,45,1,1,1,1,3,3,11,15,99,1,1,68,1,0
18,180316,1,1,1,5,6,0,2,43,0,1,0,18,3,20,461,20461,21,2000,1GCFG15W0Y12,1,G,C,F,G,1,5,W,0,Y,1,2,0,0,0,000000000,00000000000,0,0,0,1,0,0,0,0,0,0,0,998,0,0,0,14,6,2,3,0,0,0,1,18,46808,1,1,0,0,2,3,72,182,0,1,0,0,0,7,2011,7,2011,0,0,0,0,0,2,2,55,1,1,2,1,0,0,1,12,99,1,4,6,1,0
18,180317,1,1,2,18,7,23,28,8,0,1,0,26,1,20,404,20404,14,2013,2GNFLCEK4D62,2,G,N,F,L,C,E,K,4,D,6,2,0,0,0,000000000,00000000000,0,0,0,1,0,0,0,0,0,0,0,998,0,0,0,12,6,2,8,0,0,0,1,26,48167,6,1,0,0,3,3,70,275,0,0,0,0,0,0,0,0,0,0,0,0,0,0,3,4,55,1,1,1,1,0,0,1,80,2,1,1,13,0,0
18,180318,1,1,1,20,7,22,28,24,0,1,0,18,1,7,470,7470,28,1995,2B7KB31Z7SK5,2,B,7,K,B,3,1,Z,7,S,K,5,0,0,0,000000000,00000000000,0,0,0,1,0,0,0,0,0,0,0,998,0,1,5,61,6,2,1,0,0,0,1,18,46819,1,1,0,0,2,3,70,200,0,1,0,0,1,10,2011,10,2011,4,0,0,0,0,1,2,45,2,1,2,1,0,0,14,12,99,2,4,7,1,1
18,180319,1,1,1,22,7,11,57,30,0,1,0,18,2,21,23,21023,4,2000,1G3WH52HXYF2,1,G,3,W,H,5,2,H,X,Y,F,2,0,0,0,000000000,00000000000,0,0,0,1,0,0,0,0,0,0,0,998,0,0,0,9,6,2,30,0,0,0,1,18,47203,1,1,0,0,2,3,63,95,0,0,0,0,0,0,0,0,0,0,58,0,0,0,1,2,55,1,1,2,1,0,0,1,9,9,3,4,2,1,0
18,180320,1,1,1,21,7,21,28,9,0,1,0,18,1,20,481,20481,31,2012,1GCPKSE76CF1,1,G,C,P,K,S,E,7,6,C,F,1,0,0,0,000000000,00000000000,0,0,0,1,0,0,0,0,0,0,0,35,0,0,0,12,4,3,9,0,0,0,1,18,46539,6,1,0,0,3,3,70,165,0,0,0,0,0,0,0,0,0,0,0,0,0,0,1,2,35,1,2,2,1,0,0,1,80,99,1,1,13,0,0
18,180321,1,2,2,21,7,14,43,12,6,1,0,18,1,2,407,2407,14,2012,1C4NJPFA9CD6,1,C,4,N,J,P,F,A,9,C,D,6,0,0,0,000000000,00000000000,0,0,0,1,0,0,0,0,0,0,0,998,0,0,0,62,6,2,12,0,0,0,1,18,46342,6,1,0,0,3,3,65,170,0,0,0,0,0,0,0,0,0,0,38,0,0,0,3,2,30,1,1,2,1,20,3,11,15,99,1,1,68,0,0
18,180321,2,2,1,21,7,14,43,12,6,1,0,18,1,98,706,98706,80,2003,4MZAX12J8334,4,M,Z,A,X,1,2,J,8,3,3,4,0,0,0,000000000,00000000000,0,0,0,1,0,0,0,0,0,0,0,998,0,0,0,12,6,2,12,0,0,0,1,18,46405,1,1,0,0,2,0,69,180,0,2,0,0,0,4,2014,4,2014,0,0,0,0,0,3,2,35,1,1,2,1,0,0,1,66,3,1,1,69,1,0
18,180322,1,1,1,21,7,7,12,34,0,1,0,18,3,98,881,98881,63,2000,2FZXEWEB4YAG,2,F,Z,X,E,W,E,B,4,Y,A,G,0,0,57,000779566,57000779566,3,2,4,1,0,0,0,0,0,0,0,998,0,1,5,12,6,2,1,0,0,0,1,18,47469,6,1,6,1,3,3,70,145,0,0,0,0,0,0,0,0,0,0,0,0,0,0,1,2,45,3,2,2,1,0,0,14,13,99,1,4,1,1,0
18,180323,1,1,1,18,7,1,15,8,0,1,0,40,3,84,881,84881,66,2014,3HSDJSNRXEN7,3,H,S,D,J,S,N,R,X,E,N,7,1,1,57,000303024,57000303024,3,6,98,1,0,0,0,0,0,0,0,998,0,0,0,12,2,5,8,0,0,0,1,39,45324,6,1,6,1,3,0,70,250,1,0,0,0,1,9,2011,10,2012,0,0,0,0,0,2,2,55,1,1,1,1,0,0,1,80,4,1,1,13,0,0
18,180324,1,2,2,22,7,0,49,12,6,1,0,99,9,98,701,98701,81,2014,000000000000,0,0,0,0,0,0,0,0,0,0,0,0,0,0,0,000000000,00000000000,0,0,0,1,0,0,0,0,0,0,0,998,0,0,0,3,6,2,12,0,0,0,1,18,46254,0,0,0,0,1,0,69,180,0,0,0,0,0,0,0,0,0,0,38,0,0,0,2,2,35,1,1,2,1,0,0,11,15,99,1,1,68,1,0
18,180324,2,2,1,22,7,0,49,12,6,1,1,99,9,99,999,99999,99,9999,999999999999,9,9,9,9,9,9,9,9,9,9,9,9,0,0,0,000000000,00000000000,0,0,0,1,0,0,0,0,0,0,0,998,0,0,0,12,9,5,12,0,0,0,1,99,99999,9,9,99,9,9,9,999,999,99,99,99,99,99,99,9999,99,9999,0,0,0,0,0,2,2,35,1,1,2,1,0,0,1,66,99,1,1,69,0,0
18,180325,1,2,1,16,7,6,58,12,2,1,0,18,1,7,442,7442,20,1996,2B4FP2537TR7,2,B,4,F,P,2,5,3,7,T,R,7,0,0,0,000000000,00000000000,0,0,0,1,0,0,0,0,0,0,0,998,0,0,0,12,6,2,12,0,0,0,1,18,46747,6,1,0,0,3,0,60,215,0,1,0,1,0,6,2013,6,2013,0,28,0,0,0,1,2,55,1,3,2,1,0,0,1,10,1,1,1,50,0,0
18,180325,2,2,2,16,7,6,58,12,2,1,0,18,1,21,22,21022,4,2002,1G3GR64H3242,1,G,3,G,R,6,4,H,3,2,4,2,0,0,0,000000000,00000000000,0,0,0,1,0,0,0,0,0,0,0,998,0,0,0,12,6,2,12,0,0,0,1,18,46784,6,1,0,0,3,0,67,115,0,1,0,2,2,9,2011,6,2012,0,0,0,0,0,1,2,55,1,3,2,1,28,3,1,62,6,1,1,51,1,0