STATE,ST_CASE,VEH_NO,VE_FORMS,NUMOCCS,DAY,MONTH,HOUR,MINUTE,HARM_EV,MAN_COLL,UNITTYPE,HIT_RUN,REG_STAT,OWNER,MAKE,MODEL,MAK_MOD,BODY_TYP,MOD_YEAR,VIN,VIN_1,VIN_2,VIN_3,VIN_4,VIN_5,VIN_6,VIN_7,VIN_8,VIN_9,VIN_10,VIN_11,VIN_12,TOW_VEH,J_KNIFE,MCARR_I1,MCARR_I2,MCARR_ID,GVWR,V_CONFIG,CARGO_BT,HAZ_INV,HAZ_PLAC,HAZ_ID,HAZ_CNO,HAZ_REL,BUS_USE,SPEC_USE,EMER_USE,TRAV_SP,UNDERIDE,ROLLOVER,ROLINLOC,IMPACT1,DEFORMED,TOWED,M_HARM,VEH_SC1,VEH_SC2,FIRE_EXP,DR_PRES,L_STATE,DR_ZIP,L_STATUS,L_TYPE,CDL_STAT,L_ENDORS,L_COMPL,L_RESTRI,DR_HGT,DR_WGT,PREV_ACC,PREV_SUS,PREV_DWI,PREV_SPD,PREV_OTH,FIRST_MO,FIRST_YR,LAST_MO,LAST_YR,SPEEDREL,DR_SF1,DR_SF2,DR_SF3,DR_SF4,VTRAFWAY,VNUM_LAN,VSPD_LIM,VALIGN,VPROFILE,VPAVETYP,VSURCOND,VTRAFCON,VTCONT_F,P_CRASH1,P_CRASH2,P_CRASH3,PCRASH4,PCRASH5,ACC_TYPE,DEATHS,DR_DRINK
18,180481,2,2,1,30,9,21,11,12,1,1,0,18,1,98,701,98701,81,2013,000000000000,0,0,0,0,0,0,0,0,0,0,0,0,0,0,0,000000000,00000000000,0,0,0,1,0,0,0,0,0,0,0,998,0,0,0,6,6,2,12,0,0,0,1,18,46158,0,0,0,0,0,0,69,250,0,0,0,0,0,0,0,0,0,0,0,0,0,0,1,2,45,1,1,2,1,0,0,1,53,99,1,1,32,1,0
18,180482,1,3,1,27,9,15,14,12,1,1,0,39,3,51,881,51881,66,2012,4V5NC9EG9CN5,4,V,5,N,C,9,E,G,9,C,N,5,1,1,57,000215732,57000215732,3,6,1,1,0,0,0,0,0,0,0,998,0,0,0,12,6,2,12,0,0,0,1,39,45804,6,1,6,1,3,0,66,180,1,0,0,0,2,6,2013,6,2014,0,38,39,0,0,2,2,50,1,1,2,1,1,3,1,50,99,1,1,20,0,0
18,180482,2,3,2,27,9,15,14,12,1,1,0,18,1,12,481,12481,31,2000,1FTPX18L0YNA,1,F,T,P,X,1,8,L,0,Y,N,A,0,0,0,000000000,00000000000,0,0,0,1,0,0,0,0,0,0,0,0,0,0,0,6,6,2,12,0,0,1,1,18,46303,6,1,0,0,3,0,61,110,0,0,0,0,0,0,0,0,0,0,0,0,0,0,2,2,50,1,1,2,1,1,3,5,53,99,1,1,21,2,0
18,180482,3,3,2,27,9,15,14,12,1,1,0,18,2,23,481,23481,31,2011,3GTP2WE37BG2,3,G,T,P,2,W,E,3,7,B,G,2,0,0,0,000000000,00000000000,0,0,0,1,0,0,0,0,0,0,0,0,0,0,0,6,6,2,12,0,0,0,1,18,46311,6,1,5,0,3,0,71,225,0,0,0,0,0,0,0,0,0,0,0,0,0,0,2,2,50,1,1,2,1,1,3,4,53,10,1,1,98,0,0
18,180483,1,3,1,24,9,16,41,12,6,1,0,18,1,2,403,2403,14,1999,1J4FY19S5XP4,1,J,4,F,Y,1,9,S,5,X,P,4,0,0,0,000000000,00000000000,0,0,0,1,0,0,0,0,0,0,0,998,0,0,0,12,6,2,12,0,0,0,1,18,47272,6,1,0,0,3,0,71,210,0,0,0,0,0,0,0,0,0,0,58,28,0,0,2,2,70,1,1,2,1,0,0,1,12,99,4,6,64,1,0
18,180483,2,3,1,24,9,16,41,12,6,1,0,21,1,20,404,20404,14,2010,2CNFLNEW8A63,2,C,N,F,L,N,E,W,8,A,6,3,0,0,0,000000000,00000000000,0,0,0,1,0,0,0,0,0,0,0,998,0,1,1,1,6,2,1,0,0,0,1,21,41005,6,1,0,0,3,0,68,125,0,0,0,0,0,0,0,0,0,0,0,0,0,0,2,2,70,1,1,2,1,0,0,1,64,99,1,1,65,0,0
18,180483,3,3,1,24,9,16,41,12,6,1,0,18,2,41,51,41051,4,2006,JM1BK12F7614,J,M,1,B,K,1,2,F,7,6,1,4,0,0,0,000000000,00000000000,0,0,0,1,0,0,0,0,0,0,0,998,0,0,0,12,4,5,12,0,0,0,1,18,47023,6,1,0,0,3,0,71,190,0,1,0,1,1,8,2012,8,2012,0,0,0,0,0,2,2,70,1,1,2,1,0,0,1,64,99,1,1,98,0,0
18,180484,1,1,1,26,9,22,38,33,0,1,0,18,1,55,37,55037,2,2007,KMHHM66D07U2,K,M,H,H,M,6,6,D,0,7,U,2,0,0,0,000000000,00000000000,0,0,0,1,0,0,0,0,0,0,0,998,0,1,5,14,6,2,1,0,0,0,1,18,46327,6,1,0,0,3,3,70,140,0,0,0,0,0,0,0,0,0,4,8,0,0,0,1,2,35,2,1,2,1,0,0,14,12,99,1,4,6,1,1
18,180485,1,1,1,14,9,16,38,57,0,1,0,18,1,23,481,23481,31,2000,1GTEC14T1YE1,1,G,T,E,C,1,4,T,1,Y,E,1,0,0,0,000000000,00000000000,0,0,0,1,0,0,0,0,0,0,0,998,0,1,5,12,6,2,1,0,0,0,1,18,46220,1,7,0,0,2,0,67,130,0,3,0,0,2,3,2014,3,2014,0,0,0,0,0,3,2,70,4,1,2,1,0,0,14,13,99,1,4,1,1,1
18,180486,1,2,2,28,9,12,3,1,0,1,0,18,1,72,709,72709,80,2013,1HD1FHM18DB6,1,H,D,1,F,H,M,1,8,D,B,6,0,0,0,000000000,00000000000,0,0,0,1,0,0,0,0,0,0,0,998,0,0,0,0,6,2,1,0,0,0,1,18,46124,6,1,0,0,3,3,74,230,0,0,0,0,1,10,2013,10,2013,0,39,0,0,0,1,2,55,1,1,2,1,4,3,1,9,99,1,1,98,1,0
18,180486,2,2,1,28,9,12,3,1,0,1,0,18,3,82,881,82881,66,2006,1FUJA6CK86LW,1,F,U,J,A,6,C,K,8,6,L,W,1,1,57,000273170,57000273170,3,6,8,1,0,0,0,0,0,0,0,998,0,0,0,6,2,5,12,0,0,0,1,18,47272,6,1,6,1,3,0,68,210,0,0,0,0,2,11,2011,1,2014,0,0,0,0,0,1,2,55,1,1,2,1,0,0,11,53,99,1,1,98,0,0
18,180487,1,2,1,30,9,18,42,12,2,1,0,18,1,20,22,20022,4,2010,1G1AC5F50A71,1,G,1,A,C,5,F,5,0,A,7,1,0,0,0,000000000,00000000000,0,0,0,1,0,0,0,0,0,0,0,60,0,0,0,12,6,2,12,0,0,0,1,18,46902,6,1,0,0,3,0,65,200,0,0,0,0,0,0,0,0,0,0,28,0,0,0,1,2,40,2,1,2,1,0,0,14,10,1,1,2,50,1,0
18,180487,2,2,4,30,9,18,42,12,2,1,0,18,1,37,32,37032,4,2014,1HGCR2F34EA2,1,H,G,C,R,2,F,3,4,E,A,2,0,0,0,000000000,00000000000,0,0,0,1,0,0,0,0,0,0,0,998,0,0,0,12,6,2,12,0,0,0,1,18,46902,6,1,0,0,3,0,69,150,0,0,0,0,0,0,0,0,0,0,0,0,0,0,1,2,40,3,1,2,1,0,0,14,62,9,1,1,51,0,0
18,180488,1,1,1,3,10,20,7,9,0,1,0,18,1,20,401,20401,14,1993,1GNDT13W2P22,1,G,N,D,T,1,3,W,2,P,2,2,0,0,0,000000000,00000000000,0,0,0,1,0,0,0,0,0,0,0,998,0,0,0,12,6,2,9,0,0,0,1,18,47362,6,1,0,0,3,0,71,210,0,0,0,1,3,11,2013,11,2013,0,0,0,0,0,1,2,40,1,1,2,1,0,0,1,83,99,1,1,13,0,0
18,180489,1,1,1,4,10,17,30,31,0,1,0,18,2,12,37,12037,6,2004,1FAFP36364W1,1,F,A,F,P,3,6,3,6,4,W,1,0,0,0,000000000,00000000000,0,0,0,1,0,0,0,0,0,0,0,998,0,0,0,12,6,2,35,0,0,0,1,18,46619,0,0,0,0,0,0,999,999,0,0,0,0,0,0,0,0,0,0,87,0,0,0,1,2,30,3,2,2,2,0,0,14,13,99,1,4,1,1,0
18,180490,1,2,1,9,8,22,22,12,2,1,0,18,2,19,20,19020,6,2012,3GYFNBE30CS5,3,G,Y,F,N,B,E,3,0,C,S,5,0,0,0,000000000,00000000000,0,0,0,1,0,0,0,0,0,0,0,998,0,0,0,12,6,2,12,0,0,1,1,18,46060,6,1,0,0,3,0,65,120,0,0,0,0,0,0,0,0,0,0,28,91,0,0,1,2,35,1,1,2,1,0,0,1,10,99,1,2,50,0,1
18,180490,2,2,3,9,8,22,22,12,2,1,0,18,1,12,401,12401,14,2000,1FMDU72X0YZB,1,F,M,D,U,7,2,X,0,Y,Z,B,0,0,0,000000000,00000000000,0,0,0,1,0,0,0,0,0,0,0,998,0,0,0,12,6,2,12,0,0,0,1,18,46236,6,1,0,0,3,0,65,120,0,0,0,0,1,4,2012,4,2012,0,0,0,0,0,1,2,35,1,1,2,1,0,0,1,62,99,1,1,51,2,0
18,180491,1,1,2,3,8,4,25,42,0,1,0,21,2,62,401,62401,14,1996,SALJY1248TA1,S,A,L,J,Y,1,2,4,8,T,A,1,1,1,0,000000000,00000000000,0,0,0,1,0,0,0,0,0,0,0,998,0,0,0,9,6,2,3,0,0,0,1,18,47118,6,1,0,0,3,0,73,300,0,0,0,0,1,7,2013,7,2013,3,0,0,0,0,1,2,55,4,2,2,1,0,0,14,19,99,1,4,99,1,1
18,180492,1,1,1,26,9,19,6,49,0,1,0,18,2,20,481,20481,31,1997,1GBKC34J9VJ1,1,G,B,K,C,3,4,J,9,V,J,1,0,0,0,000000000,00000000000,0,0,0,1,0,0,0,0,0,0,0,998,0,1,5,12,6,2,49,0,0,0,1,18,46172,6,1,6,0,3,3,68,228,0,0,0,0,0,0,0,0,0,0,0,0,0,0,1,2,55,1,2,2,1,28,3,1,83,99,1,1,13,0,0
18,180493,1,3,1,3,10,20,10,8,0,1,1,99,9,99,999,99999,99,9999,999999999999,9,9,9,9,9,9,9,9,9,9,9,9,0,0,0,000000000,00000000000,0,0,0,1,0,0,0,0,0,0,0,998,0,0,0,99,9,5,8,0,0,0,1,99,99999,9,9,99,9,9,9,999,999,99,99,99,99,99,99,9999,99,9999,0,0,0,0,0,1,2,99,1,1,2,2,0,0,1,80,99,1,1,13,0,0
18,180493,2,3,1,3,10,20,10,8,0,1,1,99,9,99,999,99999,99,9999,999999999999,9,9,9,9,9,9,9,9,9,9,9,9,0,0,0,000000000,00000000000,0,0,0,1,0,0,0,0,0,0,0,998,0,0,0,99,9,5,8,0,0,0,1,99,99999,9,9,99,9,9,9,999,999,99,99,99,99,99,99,9999,99,9999,0,0,0,0,0,1,2,99,1,1,2,2,0,0,1,80,99,1,1,98,0,0
18,180493,3,3,1,3,10,20,10,8,0,1,1,99,9,99,999,99999,99,9999,999999999999,9,9,9,9,9,9,9,9,9,9,9,9,0,0,0,000000000,00000000000,0,0,0,1,0,0,0,0,0,0,0,998,0,0,0,99,9,5,8,0,0,0,1,99,99999,9,9,99,9,9,9,999,999,99,99,99,99,99,99,9999,99,9999,0,0,0,0,0,1,2,99,1,1,2,2,0,0,1,80,99,1,1,98,0,0
18,180494,1,2,1,1,10,14,27,12,6,1,0,18,1,18,3,18003,4,2003,1G4CW54K5341,1,G,4,C,W,5,4,K,5,3,4,1,0,0,0,000000000,00000000000,0,0,0,1,0,0,0,0,0,0,0,998,0,0,0,82,6,2,12,0,0,0,1,18,47303,6,1,0,0,3,3,74,240,0,0,0,0,0,0,0,0,0,0,39,0,0,0,1,2,55,1,1,2,1,20,3,1,17,99,1,1,87,1,0
18,180494,2,2,1,1,10,14,27,12,6,1,0,18,1,20,421,20421,15,2007,1GNFK13037J1,1,G,N,F,K,1,3,0,3,7,J,1,0,0,0,000000000,00000000000,0,0,0,1,0,0,0,0,0,0,0,998,0,0,0,12,6,2,12,0,0,0,1,18,47336,6,1,0,0,3,3,65,160,0,0,0,0,0,0,0,0,0,0,0,0,0,0,1,2,55,1,1,2,1,0,0,1,66,1,1,1,86,0,0
18,180495,1,1,1,5,10,12,20,1,0,1,0,18,1,53,706,53706,80,2002,JS1GR7HA3221,J,S,1,G,R,7,H,A,3,2,2,1,0,0,0,000000000,00000000000,0,0,0,1,0,0,0,0,0,0,0,998,0,0,0,0,6,2,30,0,0,0,1,18,47303,6,1,0,0,2,0,66,150,0,4,0,0,3,7,2012,1,2013,0,8,0,0,0,1,2,30,1,1,2,1,1,3,1,98,99,1,1,98,1,0
18,180496,1,2,1,7,10,12,59,12,6,1,0,18,2,14,6,14006,4,2010,2MEBM7FVXAX6,2,M,E,B,M,7,F,V,X,A,X,6,0,0,0,000000000,00000000000,0,0,0,1,0,0,0,0,0,0,0,998,0,0,0,9,6,2,12,0,0,0,1,18,46553,6,1,0,0,3,3,65,157,0,0,0,0,0,0,0,0,0,0,38,0,0,0,1,2,55,4,1,2,2,20,3,14,17,99,1,1,89,1,0
18,180496,2,2,2,7,10,12,59,12,6,1,0,18,1,23,481,23481,31,2008,1GTHK29698E1,1,G,T,H,K,2,9,6,9,8,E,1,0,0,0,000000000,00000000000,0,0,0,1,0,0,0,0,0,0,0,998,0,0,0,12,6,2,12,0,0,0,1,18,46561,6,1,0,0,3,3,70,160,0,0,0,0,1,1,2012,1,2012,0,0,0,0,0,1,2,55,4,1,2,2,0,0,14,66,99,1,1,88,0,0
18,180497,1,2,1,8,10,15,32,12,6,1,0,18,1,19,3,19003,4,1994,1G6KF52Y6RU2,1,G,6,K,F,5,2,Y,6,R,U,2,0,0,0,000000000,00000000000,0,0,0,1,0,0,0,0,0,0,0,998,0,0,0,82,6,2,12,0,0,0,1,18,46360,6,1,0,0,3,0,62,105,0,0,0,0,0,0,0,0,0,0,38,91,0,0,5,4,30,1,1,2,1,1,3,11,15,99,1,1,68,0,0
18,180497,2,2,1,8,10,15,32,12,6,1,0,18,1,72,709,72709,80,1997,1HD1GEL16VY3,1,H,D,1,G,E,L,1,6,V,Y,3,0,0,0,000000000,00000000000,0,0,0,1,0,0,0,0,0,0,0,998,0,0,0,12,6,2,12,0,0,0,1,18,46360,6,1,5,0,3,0,69,190,0,0,0,0,1,5,2014,5,2014,0,0,0,0,0,5,4,30,1,1,2,1,1,3,1,67,99,1,1,69,1,0
18,180498,1,1,4,6,10,4,8,30,0,1,0,18,2,20,36,20036,2,2003,2G1WW12E4391,2,G,1,W,W,1,2,E,4,3,9,1,0,0,0,000000000,00000000000,0,0,0,1,0,0,0,0,0,0,0,998,0,0,0,12,6,2,42,0,0,0,1,18,46619,0,0,0,0,0,0,66,116,0,1,0,0,1,7,2014,7,2014,3,8,37,0,0,1,2,35,4,1,2,1,0,0,14,13,99,1,4,1,1,0
18,180499,1,2,2,9,10,16,35,12,6,1,0,18,1,20,22,20022,4,2006,1G1AL58F4677,1,G,1,A,L,5,8,F,4,6,7,7,0,0,0,000000000,00000000000,0,0,0,1,0,0,0,0,0,0,0,998,0,0,0,9,6,2,12,0,0,0,1,18,46615,6,1,0,0,3,3,70,135,0,0,0,0,0,0,0,0,0,0,39,0,0,0,1,2,55,1,1,2,1,20,3,1,17,99,1,1,89,1,0
18,180499,2,2,2,9,10,16,35,12,6,1,0,18,1,23,461,23461,21,2003,1GDJG31U9312,1,G,D,J,G,3,1,U,9,3,1,2,0,0,0,000000000,00000000000,0,0,0,1,0,0,0,0,0,0,0,998,0,0,0,12,6,2,12,0,0,0,1,18,47978,6,1,0,0,3,0,66,180,0,0,0,0,0,0,0,0,0,0,0,0,0,0,1,2,55,1,1,2,1,0,0,1,66,99,1,1,88,0,0
18,180500,1,1,1,7,10,21,46,30,0,1,0,18,1,23,471,23471,30,1999,1GTCS1447X85,1,G,T,C,S,1,4,4,7,X,8,5,0,0,0,000000000,00000000000,0,0,0,1,0,0,0,0,0,0,0,998,0,0,0,9,6,2,30,0,0,0,1,18,46926,6,1,0,0,3,0,70,175,0,0,0,0,0,0,0,0,0,3,28,0,0,0,1,2,55,1,1,2,2,0,0,1,12,99,1,4,6,1,1
18,180501,1,2,2,9,10,19,51,12,6,1,0,18,2,12,481,12481,31,1995,1FTEX15N5SKB,1,F,T,E,X,1,5,N,5,S,K,B,0,0,0,000000000,00000000000,0,0,0,1,0,0,0,0,0,0,0,998,0,1,5,62,6,2,12,0,0,0,1,18,47933,6,2,0,0,3,3,67,220,0,0,0,0,0,0,0,0,0,3,39,0,0,0,1,2,40,1,2,2,1,20,3,1,17,99,1,1,89,1,0
18,180501,2,2,1,9,10,19,51,12,6,1,0,21,2,82,881,82881,66,2014,3AKBGDD50ESF,3,A,K,B,G,D,D,5,0,E,S,F,1,1,57,000165420,57000165420,3,6,1,1,0,0,0,0,0,0,0,998,0,0,0,12,6,2,12,0,0,0,1,18,47834,6,1,6,0,3,0,75,213,0,0,0,0,0,0,0,0,0,0,0,0,0,0,1,2,40,1,2,2,1,0,0,1,66,1,1,1,88,0,0
18,180502,1,1,2,5,10,18,21,30,0,1,0,18,1,12,471,12471,30,2003,1FTYR10U43PA,1,F,T,Y,R,1,0,U,4,3,P,A,0,0,0,000000000,00000000000,0,0,0,1,0,0,0,0,0,0,0,998,0,0,0,12,6,2,30,0,0,0,1,18,47424,6,1,8,0,3,0,69,200,0,0,0,0,0,0,0,0,0,0,28,0,0,0,1,2,55,2,1,2,1,0,0,14,12,99,1,4,6,2,0
18,180503,1,2,2,8,10,5,47,12,6,1,0,93,3,82,881,82881,66,2005,1FUJBBCKX5LU,1,F,U,J,B,B,C,K,X,5,L,U,1,1,57,001947518,57001947518,3,6,11,1,0,0,0,0,0,0,0,998,0,0,0,83,6,2,12,0,0,0,1,96,0,9,9,99,9,9,9,999,999,99,99,99,99,99,99,9999,99,9999,0,38,91,0,0,1,2,55,1,2,2,1,0,0,11,15,99,1,1,68,0,0
18,180503,2,2,1,8,10,5,47,12,6,1,0,18,1,20,37,20037,4,2010,1G1ZB5EB1AF2,1,G,1,Z,B,5,E,B,1,A,F,2,0,0,0,000000000,00000000000,0,0,0,1,0,0,0,0,0,0,0,998,0,0,0,12,6,2,12,0,0,0,1,18,46710,6,1,0,0,3,0,70,210,0,0,0,1,1,11,2011,12,2011,0,0,0,0,0,1,2,55,1,2,2,1,0,0,1,66,99,1,1,69,1,0
18,180504,1,1,1,11,10,23,26,33,0,1,0,18,2,73,706,73706,80,2008,JKAZX4P178A0,J,K,A,Z,X,4,P,1,7,8,A,0,0,0,0,000000000,00000000000,0,0,0,1,0,0,0,0,0,0,0,998,0,0,0,12,6,2,30,0,0,0,1,18,47714,6,1,0,0,2,0,67,150,0,0,0,0,0,0,0,0,0,3,0,0,0,0,2,2,30,4,1,2,1,0,0,14,13,99,1,4,1,1,0
18,180505,1,1,1,13,10,4,34,9,0,1,0,18,1,2,405,2405,14,2007,1J4GL48K47W5,1,J,4,G,L,4,8,K,4,7,W,5,0,0,0,000000000,00000000000,0,0,0,1,0,0,0,0,0,0,0,998,0,0,0,12,6,2,9,0,0,0,1,18,46543,6,1,0,0,3,0,70,200,0,1,0,1,3,1,2012,5,2013,4,0,0,0,0,1,2,55,1,1,2,1,0,0,1,83,99,1,1,13,0,0
18,180506,1,1,2,27,9,0,10,32,0,1,0,18,2,20,443,20443,20,2000,1GNDX03E5YD1,1,G,N,D,X,0,3,E,5,Y,D,1,0,0,0,000000000,00000000000,0,0,0,1,0,0,0,0,0,0,0,998,0,1,5,12,6,2,32,0,0,0,1,18,47167,1,1,0,0,2,0,74,195,0,5,0,0,3,12,2012,12,2012,3,8,91,0,0,1,2,55,1,1,2,1,0,0,1,13,99,1,4,1,1,0
18,180507,1,2,6,10,10,23,43,8,0,1,0,18,1,18,401,18401,14,2007,3G5DA03L07S5,3,G,5,D,A,0,3,L,0,7,S,5,0,0,0,000000000,00000000000,0,0,0,1,0,0,0,0,0,0,0,998,0,0,0,12,2,3,8,0,0,0,1,18,46060,6,1,0,0,3,0,65,125,0,0,0,1,0,5,2012,5,2012,0,0,0,0,0,1,2,45,1,2,2,1,0,0,1,80,99,1,1,13,0,0
18,180507,2,2,1,10,10,23,43,8,0,1,0,18,1,14,17,14017,4,2000,1MEFM50U1YA6,1,M,E,F,M,5,0,U,1,Y,A,6,0,0,0,000000000,00000000000,0,0,0,1,0,0,0,0,0,0,0,998,0,0,0,99,2,5,8,0,0,0,1,18,46060,1,1,0,0,2,3,68,143,0,4,0,1,4,1,2012,1,2013,0,0,0,0,0,1,2,45,1,2,2,1,0,0,1,80,99,1,1,98,0,0
18,180508,1,2,1,2,9,17,17,12,6,1,0,18,1,20,481,20481,31,1975,CCZ245F32400,C,C,Z,2,4,5,F,3,2,4,0,0,0,0,0,000000000,00000000000,0,0,0,1,0,0,0,0,0,0,0,998,0,0,0,12,2,5,12,0,0,0,1,18,47020,6,1,6,0,3,3,66,150,0,0,0,0,0,0,0,0,0,0,0,0,0,0,1,2,45,4,2,2,1,0,0,14,73,99,1,1,86,0,0
18,180508,2,2,1,2,9,17,17,12,6,1,0,18,2,98,731,98731,90,2000,000000000000,0,0,0,0,0,0,0,0,0,0,0,0,0,0,0,000000000,00000000000,0,0,0,1,0,0,0,0,0,0,0,998,0,0,0,81,6,2,12,0,0,0,1,18,47020,0,0,0,0,0,0,999,999,0,0,0,0,0,0,0,0,0,0,38,0,0,0,1,2,45,4,2,2,1,0,0,14,19,99,1,1,87,1,0
18,180509,1,1,1,27,9,19,10,5,0,1,0,18,1,76,706,76706,80,2003,JYAVP14E23A0,J,Y,A,V,P,1,4,E,2,3,A,0,0,0,0,000000000,00000000000,0,0,0,1,0,0,0,0,0,0,0,998,0,0,0,0,6,2,5,0,0,0,1,18,47874,6,1,0,0,3,0,67,200,0,0,0,0,0,0,0,0,0,3,8,91,0,0,1,2,40,3,1,2,1,0,0,14,6,99,1,4,0,1,0
18,180510,1,1,1,27,9,0,5,33,0,1,0,21,1,73,706,73706,80,2008,JKAZX4P118A0,J,K,A,Z,X,4,P,1,1,8,A,0,0,0,0,000000000,00000000000,0,0,0,1,0,0,0,0,0,0,0,998,0,0,0,12,6,2,5,0,0,0,1,21,40222,6,1,0,0,3,0,70,145,1,0,0,0,0,7,2014,7,2014,4,0,0,0,0,4,2,25,1,2,1,1,3,3,1,13,99,1,4,1,1,0
18,180511,1,1,4,12,10,2,11,34,0,1,0,18,2,82,850,82850,65,1998,4UZ6XFBCXWCA,4,U,Z,6,X,F,B,C,X,W,C,A,0,0,0,000000000,00000000000,0,0,0,1,0,0,0,0,0,0,0,998,0,0,0,12,6,2,42,0,0,0,1,21,42286,6,1,0,0,3,0,70,190,0,0,0,0,0,0,0,0,0,0,0,0,0,0,2,2,70,1,1,2,1,0,0,1,12,99,1,4,6,1,0
18,180512,1,1,1,13,10,17,24,9,0,1,0,18,1,22,32,22032,6,2007,5Y2SL65887Z4,5,Y,2,S,L,6,5,8,8,7,Z,4,0,0,0,000000000,00000000000,0,0,0,1,0,0,0,0,0,0,0,998,0,0,0,12,2,3,9,0,0,0,1,18,46001,6,1,0,0,3,3,64,163,0,0,0,1,0,2,2012,2,2012,0,38,0,0,0,1,2,45,1,2,2,1,28,3,1,83,99,1,1,13,0,0
18,180513,1,3,1,8,10,15,8,12,1,1,0,18,2,20,481,20481,31,2006,2GCEK13T1611,2,G,C,E,K,1,3,T,1,6,1,1,0,0,0,000000000,00000000000,0,0,0,1,0,0,0,0,0,0,0,998,0,0,0,12,6,2,12,0,0,0,1,18,46064,6,2,0,0,3,0,71,140,0,0,0,0,0,0,0,0,0,0,26,0,0,0,1,2,55,1,1,2,1,28,3,1,52,99,1,1,28,0,0
18,180513,2,3,1,8,10,15,8,12,1,1,0,18,2,20,37,20037,4,2014,1G11H5SL2EF1,1,G,1,1,H,5,S,L,2,E,F,1,0,0,0,000000000,00000000000,0,0,0,1,0,0,0,0,0,0,0,998,0,0,0,6,6,2,12,0,0,0,1,18,46064,0,0,0,0,0,0,69,165,1,1,0,0,0,10,2012,6,2014,0,0,0,0,0,1,2,55,1,1,2,1,0,0,2,53,99,1,1,29,0,0
18,180513,3,3,1,8,10,15,8,12,1,1,0,18,1,53,706,53706,80,2003,JS1VS54A9321,J,S,1,V,S,5,4,A,9,3,2,1,0,0,0,000000000,00000000000,0,0,0,1,0,0,0,0,0,0,0,998,0,0,0,12,6,2,12,0,0,0,1,18,46040,6,1,0,0,3,0,68,170,0,0,0,0,0,0,0,0,0,0,0,0,0,0,1,2,55,1,1,2,1,0,0,1,62,99,1,1,98,1,0
18,180515,1,1,1,26,9,3,32,1,0,1,0,18,2,50,706,50706,80,2006,SMT905JN96J2,S,M,T,9,0,5,J,N,9,6,J,2,0,0,0,000000000,00000000000,0,0,0,1,0,0,0,0,0,0,0,998,0,0,0,0,6,2,1,0,0,1,1,18,46222,1,1,0,0,2,0,72,220,0,4,0,0,2,5,2013,9,2014,0,28,0,0,0,1,2,35,1,1,2,1,0,0,1,9,99,1,1,98,1,0
18,180517,1,1,1,18,10,21,0,34,0,1,0,18,1,2,404,2404,14,2004,1J4GW48S04C2,1,J,4,G,W,4,8,S,0,4,C,2,0,0,0,000000000,00000000000,0,0,0,1,0,0,0,0,0,0,0,998,0,0,0,14,6,2,42,0,0,0,1,18,47404,6,1,0,0,3,0,68,140,1,1,0,1,0,4,2012,5,2013,3,8,0,0,0,1,2,55,1,2,2,1,0,0,1,13,99,1,4,1,1,0
18,180518,1,1,1,19,10,7,16,1,0,1,0,18,2,63,34,63034,4,2012,5XXGR4A68CG0,5,X,X,G,R,4,A,6,8,C,G,0,0,0,0,000000000,00000000000,0,0,0,1,0,0,0,0,0,0,0,998,0,1,5,0,6,2,1,0,0,0,1,18,47542,1,1,0,0,2,3,61,126,1,1,0,0,1,12,2013,2,2014,0,0,0,0,0,6,1,45,2,2,1,1,0,0,14,13,99,1,4,1,1,0
18,180520,1,1,1,19,10,19,35,15,0,1,0,17,1,2,1,2001,6,2011,1J4NT1FB4BD2,1,J,4,N,T,1,F,B,4,B,D,2,0,0,0,000000000,00000000000,0,0,0,1,0,0,0,0,0,0,0,998,0,0,0,12,6,2,15,0,0,0,1,17,60175,6,1,0,0,3,3,72,162,0,0,0,0,0,0,0,0,0,0,0,0,0,0,5,4,45,1,2,2,1,0,0,1,84,99,1,1,13,0,0
18,180521,1,1,3,3,10,0,51,5,0,1,1,21,2,2,404,2404,14,1999,1J4GW58S2XC7,1,J,4,G,W,5,8,S,2,X,C,7,0,0,0,000000000,00000000000,0,0,0,1,0,0,0,0,0,0,0,998,0,0,0,0,0,3,5,0,0,0,1,18,47513,1,1,0,0,2,3,70,200,0,1,0,0,0,8,2013,8,2013,0,0,0,0,0,1,2,45,1,1,4,1,0,0,1,98,99,1,1,0,1,0
18,180522,1,1,2,12,10,22,0,34,0,1,0,18,2,38,402,38402,14,1992,4S2CG58E7N43,4,S,2,C,G,5,8,E,7,N,4,3,0,0,0,000000000,00000000000,0,0,0,1,0,0,0,0,0,0,0,998,0,1,5,14,6,2,30,0,0,0,1,18,46781,6,1,0,0,3,0,73,200,2,2,0,0,0,12,2012,7,2014,0,0,0,0,0,1,2,55,1,1,2,1,0,0,1,13,99,1,4,1,1,0
18,180523,1,1,1,16,10,20,53,33,0,1,0,18,1,12,37,12037,4,2001,1FAFP33P51W3,1,F,A,F,P,3,3,P,5,1,W,3,0,0,0,000000000,00000000000,0,0,0,1,0,0,0,0,0,0,0,998,0,0,0,14,6,2,30,0,0,0,1,18,46227,1,1,0,0,2,3,61,140,0,0,0,0,0,0,0,0,0,3,58,0,0,0,2,3,45,4,2,2,1,0,0,14,13,7,3,4,1,1,0