STATE,ST_CASE,VEH_NO,VE_FORMS,NUMOCCS,DAY,MONTH,HOUR,MINUTE,HARM_EV,MAN_COLL,UNITTYPE,HIT_RUN,REG_STAT,OWNER,MAKE,MODEL,MAK_MOD,BODY_TYP,MOD_YEAR,VIN,VIN_1,VIN_2,VIN_3,VIN_4,VIN_5,VIN_6,VIN_7,VIN_8,VIN_9,VIN_10,VIN_11,VIN_12,TOW_VEH,J_KNIFE,MCARR_I1,MCARR_I2,MCARR_ID,GVWR,V_CONFIG,CARGO_BT,HAZ_INV,HAZ_PLAC,HAZ_ID,HAZ_CNO,HAZ_REL,BUS_USE,SPEC_USE,EMER_USE,TRAV_SP,UNDERIDE,ROLLOVER,ROLINLOC,IMPACT1,DEFORMED,TOWED,M_HARM,VEH_SC1,VEH_SC2,FIRE_EXP,DR_PRES,L_STATE,DR_ZIP,L_STATUS,L_TYPE,CDL_STAT,L_ENDORS,L_COMPL,L_RESTRI,DR_HGT,DR_WGT,PREV_ACC,PREV_SUS,PREV_DWI,PREV_SPD,PREV_OTH,FIRST_MO,FIRST_YR,LAST_MO,LAST_YR,SPEEDREL,DR_SF1,DR_SF2,DR_SF3,DR_SF4,VTRAFWAY,VNUM_LAN,VSPD_LIM,VALIGN,VPROFILE,VPAVETYP,VSURCOND,VTRAFCON,VTCONT_F,P_CRASH1,P_CRASH2,P_CRASH3,PCRASH4,PCRASH5,ACC_TYPE,DEATHS,DR_DRINK
18,180564,2,3,1,31,10,17,53,12,1,1,0,93,3,84,881,84881,66,2002,3HSCHAER12N0,3,H,S,C,H,A,E,R,1,2,N,0,1,1,57,000077535,57000077535,3,6,1,1,0,0,0,0,0,0,0,0,0,0,0,6,6,2,12,0,0,0,1,29,63825,6,1,6,1,3,3,69,175,0,0,0,0,0,0,0,0,0,0,0,0,0,0,2,2,70,1,1,2,1,0,0,5,53,99,1,1,21,0,0
18,180564,3,3,1,31,10,17,53,12,1,1,0,48,1,85,881,85881,66,2005,1XKWDB9X95J0,1,X,K,W,D,B,9,X,9,5,J,0,1,1,57,001957836,57001957836,3,6,3,1,0,0,0,0,0,0,0,0,0,0,0,6,2,5,12,0,0,0,1,48,75287,6,1,6,0,3,0,999,999,0,0,0,0,0,0,0,0,0,0,0,0,0,0,2,2,70,1,1,2,1,0,0,5,53,99,1,1,98,0,0
18,180565,1,1,4,14,10,16,55,34,0,1,0,18,2,20,404,20404,14,2006,2CNDL23F7661,2,C,N,D,L,2,3,F,7,6,6,1,0,0,0,000000000,00000000000,0,0,0,1,0,0,0,0,0,0,0,998,0,0,0,12,6,2,42,0,0,0,1,18,46777,6,1,0,0,3,0,69,145,0,0,0,0,0,0,0,0,0,3,8,28,58,91,1,2,55,1,2,2,6,0,0,1,5,99,7,4,2,2,1
18,180566,1,2,1,4,11,7,50,12,1,1,0,18,1,35,49,35049,6,2006,JN8AZ08T56W4,J,N,8,A,Z,0,8,T,5,6,W,4,0,0,0,000000000,00000000000,0,0,0,1,0,0,0,0,0,0,0,998,0,0,0,12,6,2,12,0,0,0,1,18,46217,1,1,0,0,2,0,66,130,0,2,0,4,2,5,2012,8,2014,0,91,0,0,0,5,2,55,1,1,2,2,1,3,1,51,1,1,1,20,0,0
18,180566,2,2,1,4,11,7,50,12,1,1,0,18,1,23,8,23008,6,2008,1GKEV33798J1,1,G,K,E,V,3,3,7,9,8,J,1,0,0,0,000000000,00000000000,0,0,0,1,0,0,0,0,0,0,0,0,0,0,0,6,6,2,12,0,0,0,1,18,46049,6,1,0,0,3,0,64,130,0,0,0,0,0,0,0,0,0,0,0,0,0,0,5,2,55,1,1,2,2,1,3,5,53,1,1,1,21,1,0
18,180567,1,2,1,31,10,6,44,12,2,1,0,18,1,20,401,20401,14,2002,1GNDT13S2224,1,G,N,D,T,1,3,S,2,2,2,4,0,0,0,000000000,00000000000,0,0,0,1,0,0,0,0,0,0,0,998,0,0,0,12,6,2,12,0,0,0,1,18,47512,6,1,0,0,3,0,72,202,0,0,0,0,0,0,0,0,0,0,28,83,0,0,1,2,55,1,1,2,2,0,0,1,87,8,1,2,50,1,1
18,180567,2,2,1,31,10,6,44,12,2,1,0,93,3,82,881,82881,66,1998,1FUYDSZB1WP8,1,F,U,Y,D,S,Z,B,1,W,P,8,1,1,57,002178502,57002178502,3,6,1,1,0,0,0,0,0,0,0,998,0,0,0,12,6,2,12,0,0,0,1,29,63141,6,1,6,0,3,3,69,175,0,0,0,0,0,0,0,0,0,0,0,0,0,0,1,2,55,1,1,2,2,0,0,1,62,99,1,1,51,0,0
18,180568,1,1,1,6,11,5,6,8,0,1,0,18,1,20,481,20481,31,2006,1GCHK29D96E1,1,G,C,H,K,2,9,D,9,6,E,1,0,0,0,000000000,00000000000,0,0,0,1,0,0,0,0,0,0,0,998,0,0,0,12,2,5,8,0,0,0,1,18,47462,6,1,8,0,3,0,69,155,0,1,0,1,1,11,2011,12,2011,0,91,0,0,0,1,2,35,1,1,2,1,28,3,1,80,99,1,1,13,0,0
18,180569,1,1,1,6,11,23,31,34,0,1,0,18,1,6,52,6052,6,2005,3C4FY58B85T5,3,C,4,F,Y,5,8,B,8,5,T,5,0,0,0,000000000,00000000000,0,0,0,1,0,0,0,0,0,0,0,998,0,1,3,12,6,2,1,0,0,0,1,18,47932,6,1,0,0,3,0,64,150,0,0,0,0,0,0,0,0,0,0,0,0,0,0,2,2,70,1,1,2,1,0,0,1,12,99,1,4,6,1,0
18,180570,1,2,5,4,11,16,3,12,6,1,0,18,1,49,40,49040,4,1995,4T1SK12E8SU5,4,T,1,S,K,1,2,E,8,S,U,5,0,0,0,000000000,00000000000,0,0,0,1,0,0,0,0,0,0,0,998,0,0,0,3,6,2,12,0,0,0,1,18,46151,1,1,0,0,2,0,64,180,0,1,0,0,1,9,2012,9,2012,0,38,0,0,0,1,2,50,1,1,2,2,1,3,11,15,99,1,1,68,1,0
18,180570,2,2,1,4,11,16,3,12,6,1,0,18,2,20,461,20461,21,1999,1GCGG25R5X11,1,G,C,G,G,2,5,R,5,X,1,1,0,0,0,000000000,00000000000,0,0,0,1,0,0,0,0,0,0,0,998,0,0,0,12,6,2,12,0,0,0,1,18,46151,6,1,0,0,3,0,70,180,0,0,0,0,0,0,0,0,0,0,0,0,0,0,1,2,50,1,1,2,2,1,3,1,67,99,1,1,69,0,0
18,180571,1,2,1,28,10,13,7,12,2,1,0,18,1,20,2,20002,4,2007,2G1WB58K7792,2,G,1,W,B,5,8,K,7,7,9,2,0,0,0,000000000,00000000000,0,0,0,1,0,0,0,0,0,0,0,998,0,0,0,12,6,2,12,0,0,0,1,18,46208,6,1,0,0,3,0,66,165,0,0,0,0,0,0,0,0,0,0,28,0,0,0,2,2,40,2,1,2,1,0,0,14,10,99,1,2,50,1,0
18,180571,2,2,1,28,10,13,7,12,2,1,0,18,2,49,49,49049,6,2006,JTLKT3344641,J,T,L,K,T,3,3,4,4,6,4,1,0,0,0,000000000,00000000000,0,0,0,1,0,0,0,0,0,0,0,998,0,0,0,12,6,2,12,0,0,0,1,18,46038,6,1,0,0,3,0,63,120,0,1,0,2,0,1,2013,1,2013,0,0,0,0,0,2,2,40,3,1,2,1,0,0,14,62,99,1,1,51,1,0
18,180572,1,1,1,3,11,5,51,8,0,1,0,18,2,6,52,6052,6,2007,3A4FY58B27T5,3,A,4,F,Y,5,8,B,2,7,T,5,0,0,0,000000000,00000000000,0,0,0,1,0,0,0,0,0,0,0,998,0,0,0,12,4,3,8,0,0,0,1,18,46902,6,1,0,0,3,3,70,170,0,4,0,3,1,3,2012,3,2013,0,0,0,0,0,1,2,35,1,1,2,1,0,0,1,80,99,1,1,13,0,0
18,180573,1,1,1,4,11,18,14,8,0,1,0,18,1,12,471,12471,31,1995,1FTCR10A3STA,1,F,T,C,R,1,0,A,3,S,T,A,0,0,0,000000000,00000000000,0,0,0,1,0,0,0,0,0,0,0,998,0,0,0,12,4,3,8,0,0,0,1,18,47130,1,1,0,0,2,0,67,137,0,1,0,1,1,5,2013,5,2013,0,0,0,0,0,2,2,55,1,1,2,2,0,0,1,80,6,1,1,13,0,0
18,180574,1,1,1,5,11,12,7,30,0,1,0,18,1,7,442,7442,20,2003,1D4GP25353B2,1,D,4,G,P,2,5,3,5,3,B,2,0,0,0,000000000,00000000000,0,0,0,1,0,0,0,0,0,0,0,998,0,0,0,12,2,3,30,0,0,0,1,18,47714,6,1,0,0,3,0,71,210,0,0,0,0,0,0,0,0,0,0,0,0,0,0,5,2,30,1,1,2,1,0,0,1,13,99,1,4,1,1,0
18,180575,1,1,1,7,11,23,32,50,0,1,0,18,2,63,34,63034,4,2006,KNAGE1236650,K,N,A,G,E,1,2,3,6,6,5,0,0,0,0,000000000,00000000000,0,0,0,1,0,0,0,0,0,0,0,998,0,0,0,12,6,2,50,0,0,0,1,18,47620,6,1,0,0,3,0,68,137,0,0,0,1,0,6,2014,6,2014,0,0,0,0,0,5,3,30,1,1,2,1,0,0,1,13,99,1,4,1,1,0
18,180576,1,2,1,24,10,11,1,12,1,1,0,18,1,20,443,20443,20,2004,1GNDX03E84D1,1,G,N,D,X,0,3,E,8,4,D,1,0,0,0,000000000,00000000000,0,0,0,1,0,0,0,0,0,0,0,998,0,0,0,12,6,2,12,0,0,0,1,18,47167,6,1,0,0,3,3,64,160,0,0,0,0,0,0,0,0,0,0,35,0,0,0,1,2,45,1,1,2,1,0,0,6,60,99,1,1,32,0,0
18,180576,2,2,1,24,10,11,1,12,1,1,0,18,1,98,701,98701,81,2013,000000000000,0,0,0,0,0,0,0,0,0,0,0,0,0,0,0,000000000,00000000000,0,0,0,1,0,0,0,0,0,0,0,998,0,0,0,6,6,2,12,0,0,0,1,18,47167,1,1,0,0,1,0,68,215,0,0,0,0,0,0,0,0,0,0,0,0,0,0,1,2,45,1,1,2,1,0,0,15,15,99,1,1,32,1,0
18,180577,1,2,2,11,10,16,58,12,6,1,0,18,1,37,31,37031,4,1999,1HGEJ6671XL0,1,H,G,E,J,6,6,7,1,X,L,0,0,0,0,000000000,00000000000,0,0,0,1,0,0,0,0,0,0,0,998,0,0,0,83,6,2,12,0,0,0,1,18,47112,6,1,0,0,3,0,62,130,0,0,0,0,0,0,0,0,0,0,31,0,0,0,1,2,55,1,1,2,1,0,0,13,98,99,1,1,98,1,0
18,180577,2,2,1,11,10,16,58,12,6,1,0,18,2,12,481,12481,31,2003,1FDSW34P23EC,1,F,D,S,W,3,4,P,2,3,E,C,0,0,0,000000000,00000000000,0,0,0,1,0,0,0,0,0,0,0,998,0,0,0,12,6,2,12,0,0,0,1,18,47112,6,1,0,0,3,0,68,175,0,0,0,0,2,5,2013,7,2014,0,91,0,0,0,1,2,55,1,1,2,1,0,0,1,73,8,1,1,98,0,1
18,180578,1,1,1,18,10,17,0,1,0,1,0,18,1,98,998,98998,92,1968,T211R191437R,T,2,1,1,R,1,9,1,4,3,7,R,0,0,0,000000000,00000000000,0,0,0,1,0,0,0,0,0,0,0,998,0,2,5,0,6,2,1,0,0,0,1,18,47532,6,1,6,0,3,0,72,180,0,0,0,0,0,0,0,0,0,0,0,0,0,0,1,2,30,4,2,2,1,0,0,11,4,99,1,4,6,1,0
18,180581,1,3,1,10,11,17,54,12,1,1,0,18,2,12,481,12481,31,2007,1FTRX04W87KC,1,F,T,R,X,0,4,W,8,7,K,C,0,0,0,000000000,00000000000,0,0,0,1,0,0,0,0,0,0,0,998,0,0,0,12,6,2,12,0,0,0,1,18,46181,6,1,5,0,3,0,72,220,0,0,0,1,0,6,2012,6,2012,0,26,0,0,0,1,2,55,1,1,2,1,0,0,1,51,6,1,1,24,1,0
18,180581,2,3,1,10,11,17,54,12,1,1,0,18,1,12,401,12401,14,2002,1FMDU75W82UC,1,F,M,D,U,7,5,W,8,2,U,C,0,0,0,000000000,00000000000,0,0,0,1,0,0,0,0,0,0,0,998,0,0,0,6,6,2,12,0,0,0,1,18,46113,6,1,0,0,3,0,63,125,0,0,0,0,0,0,0,0,0,0,0,0,0,0,1,2,55,1,1,2,1,0,0,1,53,99,1,1,25,0,0
18,180581,3,3,2,10,11,17,54,12,1,1,0,18,2,7,471,7471,30,1993,3B7ME33C3PM1,3,B,7,M,E,3,3,C,3,P,M,1,0,0,0,000000000,00000000000,0,0,0,1,0,0,0,0,0,0,0,998,0,0,0,12,6,2,12,0,0,0,1,18,46181,6,1,99,9,9,9,999,999,99,99,99,99,99,99,9999,99,9999,0,0,0,0,0,1,2,55,1,1,2,1,0,0,1,62,99,1,1,98,1,0
18,180583,1,1,1,8,11,20,18,10,0,1,0,18,2,20,482,20482,31,2003,3GNEK13T93G1,3,G,N,E,K,1,3,T,9,3,G,1,0,0,0,000000000,00000000000,0,0,0,1,0,0,0,0,0,0,0,998,0,0,0,9,6,2,10,0,0,0,1,18,46072,6,2,0,0,3,0,60,132,0,0,0,0,0,0,0,0,0,0,8,39,0,0,1,2,30,1,1,2,1,65,3,1,91,99,1,1,15,1,0
18,180584,1,2,1,11,11,16,12,12,6,1,0,18,1,30,40,30040,4,2006,3VWKJ71K06M7,3,V,W,K,J,7,1,K,0,6,M,7,0,0,0,000000000,00000000000,0,0,0,1,0,0,0,0,0,0,0,998,0,0,0,12,6,2,12,0,0,0,1,18,47403,6,1,0,0,3,3,65,150,0,0,0,0,0,0,0,0,0,0,0,0,0,0,1,2,60,1,3,2,2,0,0,1,60,99,1,1,44,0,0
18,180584,2,2,1,11,11,16,12,12,6,1,0,18,1,12,471,12471,31,2002,1FTYR10U82PA,1,F,T,Y,R,1,0,U,8,2,P,A,0,0,0,000000000,00000000000,0,0,0,1,0,0,0,0,0,0,0,998,0,0,0,9,6,2,12,0,0,0,1,18,47441,6,1,0,0,3,0,66,165,0,1,1,0,1,2,2012,2,2012,0,28,0,0,0,1,2,60,1,3,2,2,0,0,1,10,99,1,2,45,1,0
18,180585,1,1,1,8,11,16,0,35,0,1,0,18,1,48,34,48034,6,1997,4S3BG6852V76,4,S,3,B,G,6,8,5,2,V,7,6,0,0,0,000000000,00000000000,0,0,0,1,0,0,0,0,0,0,0,998,0,1,5,12,6,2,3,0,0,0,1,18,47459,6,1,0,0,3,3,67,115,0,0,0,0,0,0,0,0,0,0,87,58,0,0,1,2,45,2,1,2,2,0,0,14,6,7,4,4,7,1,0
18,180586,1,2,2,11,11,12,33,12,6,1,0,18,1,7,442,7442,20,2012,2C4RDGCG9CR2,2,C,4,R,D,G,C,G,9,C,R,2,0,0,0,000000000,00000000000,0,0,0,1,0,0,0,0,0,0,0,998,0,0,0,12,6,2,12,0,0,0,1,18,46135,6,1,0,0,3,3,67,185,0,0,0,0,0,0,0,0,0,0,87,0,0,0,1,2,45,3,1,2,2,0,0,14,62,99,1,1,65,0,0
18,180586,2,2,2,11,11,12,33,12,6,1,0,18,1,22,18,22018,2,2000,1G2NF12E7YM7,1,G,2,N,F,1,2,E,7,Y,M,7,0,0,0,000000000,00000000000,0,0,0,1,0,0,0,0,0,0,0,998,0,0,0,3,6,2,12,0,0,0,1,18,46135,6,1,0,0,3,3,60,161,0,0,0,0,1,7,2014,7,2014,0,87,0,0,0,1,2,45,2,1,2,2,0,0,14,5,99,4,2,64,2,0
18,180587,1,2,1,11,11,13,43,12,6,1,0,18,1,9,442,9442,20,1999,2P4GP44G2XR1,2,P,4,G,P,4,4,G,2,X,R,1,0,0,0,000000000,00000000000,0,0,0,1,0,0,0,0,0,0,0,998,0,0,0,81,6,2,12,0,0,0,1,18,46112,6,1,0,0,3,3,67,210,0,0,0,0,0,0,0,0,0,0,0,0,0,0,1,2,40,1,1,1,2,0,0,11,15,99,1,1,68,0,0
18,180587,2,2,1,11,11,13,43,12,6,1,0,18,1,72,706,72706,80,2005,1HD1FCW135Y6,1,H,D,1,F,C,W,1,3,5,Y,6,0,0,0,000000000,00000000000,0,0,0,1,0,0,0,0,0,0,0,998,0,0,0,12,6,2,12,0,0,0,1,18,46112,6,1,0,0,3,0,74,200,0,0,0,0,0,0,0,0,0,0,0,0,0,0,1,2,40,1,1,1,2,0,0,1,17,99,1,1,69,1,0
18,180588,1,1,1,1,8,9,27,1,0,1,0,18,1,12,481,12481,31,1993,1FTDF15Y9PNA,1,F,T,D,F,1,5,Y,9,P,N,A,0,0,0,000000000,00000000000,0,0,0,1,0,0,0,0,0,0,0,70,0,1,5,0,6,2,1,32,0,0,1,18,46226,1,1,0,0,2,3,68,145,0,0,0,0,0,0,0,0,0,0,8,0,0,0,6,1,55,2,5,2,1,0,0,14,13,99,1,4,1,1,1
18,180589,1,2,1,18,9,12,11,12,6,1,0,18,2,6,51,6051,4,2013,2C3CCAAG6DH5,2,C,3,C,C,A,A,G,6,D,H,5,0,0,0,000000000,00000000000,0,0,0,1,0,0,0,0,0,0,0,998,0,0,0,82,4,5,12,0,0,0,1,18,46776,6,1,0,0,3,0,67,200,0,0,0,0,0,0,0,0,0,0,0,0,0,0,1,2,30,1,2,2,1,0,0,1,73,99,1,1,87,0,0
18,180589,2,2,2,18,9,12,11,12,6,1,0,18,1,98,998,98998,95,9999,000000000000,0,0,0,0,0,0,0,0,0,0,0,0,0,0,0,000000000,00000000000,0,0,0,1,0,0,0,0,0,0,0,998,0,0,0,12,6,2,12,0,0,0,1,18,46776,6,1,0,0,3,0,67,200,0,0,0,0,0,0,0,0,0,0,38,0,0,0,1,2,30,1,2,2,1,0,0,1,19,99,1,1,86,1,0
18,180590,1,1,1,10,11,19,10,34,0,1,0,18,1,20,431,20431,16,2001,1GNFK16T21J2,1,G,N,F,K,1,6,T,2,1,J,2,0,0,0,000000000,00000000000,0,0,0,1,0,0,0,0,0,0,0,998,0,1,5,12,6,2,2,0,0,1,1,18,46224,6,7,0,0,3,0,70,271,0,0,0,0,0,0,0,0,0,0,0,0,0,0,1,2,45,3,1,2,1,28,3,14,13,99,1,4,1,1,0
18,180591,1,1,1,11,11,6,31,8,0,1,0,18,1,18,7,18007,4,2003,2G4WS52J6311,2,G,4,W,S,5,2,J,6,3,1,1,0,0,0,000000000,00000000000,0,0,0,1,0,0,0,0,0,0,0,998,0,0,0,12,2,3,8,0,0,0,1,18,46404,6,1,0,0,3,0,72,180,0,0,0,0,0,0,0,0,0,0,0,0,0,0,1,3,35,1,1,2,1,0,0,1,80,99,1,1,13,0,0
18,180592,1,1,2,30,10,22,49,31,0,1,0,18,2,12,401,12401,14,2004,1FMZU73W44ZA,1,F,M,Z,U,7,3,W,4,4,Z,A,0,0,0,000000000,00000000000,0,0,0,1,0,0,0,0,0,0,0,998,0,0,0,12,6,2,42,0,0,0,1,18,46072,6,1,0,0,3,0,71,180,0,0,0,0,0,0,0,0,0,0,39,91,0,0,1,2,55,1,1,2,1,20,3,1,14,99,1,4,14,1,1
18,180593,1,1,1,17,11,4,21,43,0,1,0,18,1,12,481,12481,31,2001,1FTRX17W11KF,1,F,T,R,X,1,7,W,1,1,K,F,0,0,0,000000000,00000000000,0,0,0,1,0,0,0,0,0,0,0,998,0,0,0,12,6,2,42,0,0,0,1,18,46750,6,1,0,0,3,3,69,200,0,0,0,0,0,0,0,0,0,0,0,0,0,0,1,2,60,1,1,2,2,0,0,1,13,99,1,4,1,1,0
18,180594,1,1,1,16,11,1,10,42,0,1,0,18,2,49,40,49040,4,2011,4T1BF3EK6BU1,4,T,1,B,F,3,E,K,6,B,U,1,0,0,0,000000000,00000000000,0,0,0,1,0,0,0,0,0,0,0,998,0,1,5,61,6,2,42,0,0,0,1,18,46561,6,1,0,0,3,0,70,165,0,4,1,1,5,7,2012,7,2014,3,28,58,0,0,1,2,40,3,1,2,3,0,0,14,13,99,1,4,1,1,0
18,180595,1,1,1,8,11,23,33,14,0,1,0,18,2,82,881,82881,63,2013,1FVACWDT4DDB,1,F,V,A,C,W,D,T,4,D,D,B,0,0,57,000587183,57000587183,3,1,1,1,0,0,0,0,0,0,0,998,0,0,0,12,6,2,14,0,0,0,1,39,45377,6,1,6,1,3,3,75,240,0,0,0,0,0,0,0,0,0,0,0,0,0,0,3,2,70,1,2,2,1,0,0,17,87,6,1,4,1,0,0
18,180596,1,1,1,18,11,22,8,8,0,1,1,99,9,99,999,99999,99,9999,999999999999,9,9,9,9,9,9,9,9,9,9,9,9,0,0,0,000000000,00000000000,0,0,0,1,0,0,0,0,0,0,0,998,0,0,0,12,9,5,8,0,0,0,1,99,99999,9,9,99,9,9,9,999,999,99,99,99,99,99,99,9999,99,9999,0,0,0,0,0,2,2,35,1,1,2,1,0,0,1,82,99,1,1,13,0,0
18,180597,1,3,1,17,11,15,41,12,6,1,0,18,1,20,403,20403,14,2003,1GNDT13S4323,1,G,N,D,T,1,3,S,4,3,2,3,0,0,0,000000000,00000000000,0,0,0,1,0,0,0,0,0,0,0,998,0,0,0,9,6,2,12,0,0,0,1,18,46940,6,1,0,0,3,0,73,225,0,0,0,0,0,0,0,0,0,4,28,87,0,0,1,2,55,1,1,2,4,0,0,1,5,99,1,2,64,1,0
18,180597,2,3,1,17,11,15,41,12,6,1,0,18,3,82,983,82983,50,2006,4UZAAXCT86CU,4,U,Z,A,A,X,C,T,8,6,C,U,0,0,99,999999999,99999999999,2,21,22,1,0,0,0,0,1,2,0,998,0,0,0,12,6,2,12,0,0,0,1,18,46992,6,1,6,0,3,3,75,200,0,0,0,0,0,0,0,0,0,0,0,0,0,0,1,2,55,1,1,2,4,0,0,1,62,1,1,1,65,0,0
18,180597,3,3,2,17,11,15,41,12,6,1,0,18,1,20,22,20022,2,2008,1G1AK18F0872,1,G,1,A,K,1,8,F,0,8,7,2,0,0,0,000000000,00000000000,0,0,0,1,0,0,0,0,0,0,0,998,0,0,0,63,6,2,12,0,0,0,1,18,46952,1,1,0,0,2,0,68,175,0,1,0,0,0,8,2014,8,2014,0,0,0,0,0,1,2,55,1,1,2,4,0,0,1,62,7,1,1,98,0,0
18,180598,1,4,1,16,10,17,21,12,2,1,0,18,1,49,32,49032,4,2011,2T1BU4EE0BC6,2,T,1,B,U,4,E,E,0,B,C,6,0,0,0,000000000,00000000000,0,0,0,1,0,0,0,0,0,0,0,998,0,0,0,12,6,2,12,0,0,0,1,18,47670,6,1,0,0,3,3,70,240,0,0,0,0,0,0,0,0,0,0,28,0,0,0,1,2,55,1,1,2,1,0,0,1,10,99,1,2,50,1,0
18,180598,2,4,1,16,10,17,21,12,2,1,0,18,3,87,881,87881,66,2004,2NPNHD7X24M8,2,N,P,N,H,D,7,X,2,4,M,8,1,1,57,000427536,57000427536,3,6,2,1,0,0,0,0,0,0,0,998,0,0,0,12,6,2,12,0,0,0,1,18,47501,6,1,6,1,3,3,74,250,0,0,0,0,0,0,0,0,0,0,28,0,0,0,1,2,55,1,1,2,1,0,0,1,62,99,1,1,51,0,0
18,180598,3,4,1,16,10,17,21,12,2,1,0,18,1,30,40,30040,4,2003,3VWVH69M13M1,3,V,W,V,H,6,9,M,1,3,M,1,0,0,0,000000000,00000000000,0,0,0,1,0,0,0,0,0,0,0,998,0,0,0,63,6,2,12,0,0,0,1,18,47553,6,1,0,0,3,0,70,165,0,0,0,0,0,0,0,0,0,0,0,0,0,0,1,2,55,1,1,2,1,0,0,1,63,99,1,1,98,0,0
18,180598,4,4,1,16,10,17,21,12,2,1,0,18,1,12,37,12037,4,2014,1FADP3K21EL1,1,F,A,D,P,3,K,2,1,E,L,1,0,0,0,000000000,00000000000,0,0,0,1,0,0,0,0,0,0,0,998,0,0,0,63,6,2,12,0,0,0,1,18,47581,6,1,0,0,3,3,69,135,0,0,0,0,0,0,0,0,0,0,0,0,0,0,1,2,55,1,1,2,1,0,0,1,63,99,1,1,98,0,0
18,180599,1,2,1,4,11,17,24,25,0,1,0,18,1,18,401,18401,14,2004,3G5DA03E44S5,3,G,5,D,A,0,3,E,4,4,S,5,0,0,0,000000000,00000000000,0,0,0,1,0,0,0,0,0,0,0,998,0,0,0,12,6,2,12,0,0,0,1,18,46011,6,1,0,0,3,3,68,180,0,0,0,1,0,3,2013,3,2013,0,0,0,0,0,3,2,55,4,1,2,2,0,0,14,12,99,1,4,6,1,0
18,180599,2,2,1,4,11,17,24,25,0,1,0,18,1,12,16,12016,4,2003,2FAFP71W73X1,2,F,A,F,P,7,1,W,7,3,X,1,0,0,0,000000000,00000000000,0,0,0,1,0,0,0,0,0,0,0,998,0,0,0,12,6,2,12,0,0,0,1,18,46040,6,2,0,0,3,0,60,103,0,0,0,0,0,0,0,0,0,0,0,0,0,0,3,2,55,4,1,2,2,0,0,14,62,99,1,1,98,0,0
18,180600,1,2,2,13,11,13,31,12,2,1,0,18,2,7,442,7442,20,2006,1D4GP24R66B6,1,D,4,G,P,2,4,R,6,6,B,6,0,0,0,000000000,00000000000,0,0,0,1,0,0,0,0,0,0,0,998,0,0,0,12,6,2,12,0,0,0,1,18,47660,6,1,0,0,3,3,70,187,0,0,0,0,0,0,0,0,0,0,28,91,0,0,1,2,55,1,2,2,1,0,0,1,8,1,1,2,50,1,0
18,180600,2,2,1,13,11,13,31,12,2,1,0,18,1,20,2,20002,4,2008,2G1WB55N1891,2,G,1,W,B,5,5,N,1,8,9,1,0,0,0,000000000,00000000000,0,0,0,1,0,0,0,0,0,0,0,998,0,0,0,12,6,2,12,0,0,0,1,18,47649,6,1,0,0,3,0,64,130,0,0,0,0,1,11,2012,11,2012,0,0,0,0,0,1,2,55,1,2,2,1,0,0,1,62,99,1,1,51,0,0
18,180601,1,2,1,17,11,15,35,12,6,1,0,18,2,12,402,12402,14,2004,1FMCU93174KA,1,F,M,C,U,9,3,1,7,4,K,A,0,0,0,000000000,00000000000,0,0,0,1,0,0,0,0,0,0,0,998,0,0,0,3,6,2,12,0,0,0,1,18,47357,6,1,0,0,3,0,64,115,0,0,0,1,0,11,2013,11,2013,4,28,87,0,0,1,2,55,1,1,2,1,0,0,1,8,99,1,2,64,1,0
18,180601,2,2,1,17,11,15,35,12,6,1,0,18,1,20,481,20481,31,2003,2GCEC19T5311,2,G,C,E,C,1,9,T,5,3,1,1,0,0,0,000000000,00000000000,0,0,0,1,0,0,0,0,0,0,0,998,0,0,0,12,6,2,12,0,0,0,1,18,47331,6,1,0,0,3,0,70,150,0,0,0,0,0,0,0,0,0,0,0,0,0,0,1,2,55,1,1,2,1,0,0,1,62,7,1,1,65,0,0
18,180602,1,1,1,6,11,18,32,8,0,1,0,18,1,2,404,2404,14,1995,1J4GZ78Y4SC7,1,J,4,G,Z,7,8,Y,4,S,C,7,0,0,0,000000000,00000000000,0,0,0,1,0,0,0,0,0,0,0,998,0,0,0,12,4,5,8,0,0,0,1,18,46241,1,1,0,0,2,3,68,220,0,1,1,0,1,11,2011,9,2013,0,0,0,0,0,5,3,40,1,1,2,2,1,3,1,80,99,1,1,13,0,0
18,180603,1,1,2,18,11,22,35,42,0,1,0,18,2,35,47,35047,4,2005,1N4BL11EX5C2,1,N,4,B,L,1,1,E,X,5,C,2,0,0,0,000000000,00000000000,0,0,0,1,0,0,0,0,0,0,0,998,0,0,0,1,6,2,42,0,0,0,1,18,46231,1,1,0,0,2,3,73,176,1,2,0,3,1,2,2012,8,2014,3,87,0,0,0,1,2,40,1,1,2,4,0,0,1,6,99,4,4,7,1,1
18,180604,1,1,2,15,11,16,29,17,0,1,0,18,2,20,22,20022,4,2006,1G1AL55F2677,1,G,1,A,L,5,5,F,2,6,7,7,0,0,0,000000000,00000000000,0,0,0,1,0,0,0,0,0,0,0,998,0,1,5,9,6,2,17,0,0,0,1,18,47591,1,1,0,0,2,2,72,150,0,1,0,1,0,8,2014,8,2014,0,58,74,0,0,1,2,45,1,1,2,1,0,0,1,8,7,3,4,2,1,0