STATE,ST_CASE,VEH_NO,VE_FORMS,NUMOCCS,DAY,MONTH,HOUR,MINUTE,HARM_EV,MAN_COLL,UNITTYPE,HIT_RUN,REG_STAT,OWNER,MAKE,MODEL,MAK_MOD,BODY_TYP,MOD_YEAR,VIN,VIN_1,VIN_2,VIN_3,VIN_4,VIN_5,VIN_6,VIN_7,VIN_8,VIN_9,VIN_10,VIN_11,VIN_12,TOW_VEH,J_KNIFE,MCARR_I1,MCARR_I2,MCARR_ID,GVWR,V_CONFIG,CARGO_BT,HAZ_INV,HAZ_PLAC,HAZ_ID,HAZ_CNO,HAZ_REL,BUS_USE,SPEC_USE,EMER_USE,TRAV_SP,UNDERIDE,ROLLOVER,ROLINLOC,IMPACT1,DEFORMED,TOWED,M_HARM,VEH_SC1,VEH_SC2,FIRE_EXP,DR_PRES,L_STATE,DR_ZIP,L_STATUS,L_TYPE,CDL_STAT,L_ENDORS,L_COMPL,L_RESTRI,DR_HGT,DR_WGT,PREV_ACC,PREV_SUS,PREV_DWI,PREV_SPD,PREV_OTH,FIRST_MO,FIRST_YR,LAST_MO,LAST_YR,SPEEDREL,DR_SF1,DR_SF2,DR_SF3,DR_SF4,VTRAFWAY,VNUM_LAN,VSPD_LIM,VALIGN,VPROFILE,VPAVETYP,VSURCOND,VTRAFCON,VTCONT_F,P_CRASH1,P_CRASH2,P_CRASH3,PCRASH4,PCRASH5,ACC_TYPE,DEATHS,DR_DRINK
18,180605,1,2,1,17,11,5,46,12,6,1,0,18,2,30,46,30046,4,2009,WVWJK73C89P0,W,V,W,J,K,7,3,C,8,9,P,0,0,0,0,000000000,00000000000,0,0,0,1,0,0,0,0,0,0,0,998,0,0,0,12,6,2,12,0,0,0,1,18,46733,6,1,0,0,3,0,69,140,0,1,0,0,0,11,2012,11,2012,0,87,0,0,0,1,2,55,1,1,2,4,0,0,1,62,99,1,1,65,0,0
18,180605,2,2,1,17,11,5,46,12,6,1,0,39,1,21,441,21441,20,2002,1GHDX23E12D2,1,G,H,D,X,2,3,E,1,2,D,2,0,0,0,000000000,00000000000,0,0,0,1,0,0,0,0,0,0,0,998,0,0,0,3,6,2,12,0,0,0,1,39,45882,6,1,0,0,3,0,66,200,1,1,0,0,1,10,2012,10,2013,4,87,0,0,0,1,2,55,1,1,2,4,0,0,1,10,6,4,2,64,1,0
18,180606,1,1,2,21,11,0,22,8,0,1,0,18,1,6,10,6010,4,1987,1C3BF66P9HW1,1,C,3,B,F,6,6,P,9,H,W,1,0,0,0,000000000,00000000000,0,0,0,1,0,0,0,0,0,0,0,998,0,0,0,2,4,3,8,0,0,0,1,18,46506,6,1,0,0,3,0,66,198,0,1,0,0,0,1,2012,1,2012,0,0,0,0,0,5,3,55,1,1,2,1,0,0,1,80,99,1,1,13,0,0
18,180607,1,1,1,21,11,18,10,42,0,1,0,18,1,12,402,12402,14,2001,1FMYU04151KB,1,F,M,Y,U,0,4,1,5,1,K,B,0,0,0,000000000,00000000000,0,0,0,1,0,0,0,0,0,0,0,998,0,0,0,12,6,2,42,0,0,0,1,18,47421,6,1,0,0,3,3,75,210,0,0,0,0,0,0,0,0,0,3,0,0,0,0,1,2,35,1,3,2,1,0,0,1,13,99,1,4,1,1,0
18,180608,1,1,1,3,11,21,9,8,0,1,0,18,1,14,6,14006,4,2004,2MEFM75W14X6,2,M,E,F,M,7,5,W,1,4,X,6,0,0,0,000000000,00000000000,0,0,0,1,0,0,0,0,0,0,0,998,0,0,0,14,2,3,8,0,0,0,1,18,46250,6,1,0,0,3,0,66,245,0,0,0,0,0,0,0,0,0,0,0,0,0,0,2,2,40,1,1,2,1,0,0,1,80,99,1,1,13,0,0
18,180609,1,1,1,22,11,6,0,42,0,1,0,18,1,23,481,23481,31,2005,999999999999,9,9,9,9,9,9,9,9,9,9,9,9,0,0,0,000000000,00000000000,0,0,0,1,0,0,0,0,0,0,0,998,0,0,0,9,6,2,42,0,0,0,1,18,47334,6,1,0,0,3,0,69,185,0,1,0,0,2,2,2014,5,2014,0,28,87,0,0,1,2,55,1,1,2,4,28,3,1,5,99,2,4,7,1,0
18,180610,1,1,2,22,11,17,45,1,0,1,0,18,2,98,739,98739,90,2010,999999999999,9,9,9,9,9,9,9,9,9,9,9,9,0,0,0,000000000,00000000000,0,0,0,1,0,0,0,0,0,0,0,998,0,2,1,0,2,5,1,0,0,0,1,18,47620,6,7,0,0,3,0,72,245,0,0,0,0,0,0,0,0,0,0,58,0,0,0,1,2,40,4,1,2,1,0,0,14,98,99,1,6,98,1,0
18,180611,1,1,1,24,11,15,19,14,0,1,0,26,3,84,881,84881,66,2004,2HSCKAPR54C0,2,H,S,C,K,A,P,R,5,4,C,0,1,1,57,000506374,57000506374,3,6,1,1,0,0,0,0,0,0,0,998,0,0,0,81,6,2,14,0,0,0,1,26,49047,6,1,6,1,3,0,67,165,1,0,0,0,1,6,2013,6,2013,0,0,0,0,0,2,2,65,3,1,1,1,0,0,17,13,6,1,4,1,0,0
18,180612,1,1,3,23,11,17,45,17,0,1,0,18,2,7,20,7020,4,2003,1B3ES56C93D1,1,B,3,E,S,5,6,C,9,3,D,1,0,0,0,000000000,00000000000,0,0,0,1,0,0,0,0,0,0,0,998,0,1,5,12,6,2,30,0,0,0,1,18,47546,1,1,0,0,2,3,65,205,1,1,1,0,1,12,2013,9,2014,4,86,0,0,0,1,2,45,1,1,2,2,0,0,1,13,99,1,4,1,1,0
18,180613,1,1,1,29,11,13,11,34,0,1,0,18,1,72,706,72706,80,2015,1HD1KRM14FB6,1,H,D,1,K,R,M,1,4,F,B,6,0,0,0,000000000,00000000000,0,0,0,1,0,0,0,0,0,0,0,998,0,0,0,11,4,3,34,0,0,0,1,18,47613,6,1,6,0,3,1,71,230,0,0,0,0,0,0,0,0,0,0,0,0,0,0,1,2,45,3,2,2,1,28,3,14,6,6,7,4,2,1,0
18,180614,1,1,4,28,11,23,2,42,0,1,0,18,2,12,3,12003,1,2008,1ZVHT89SX851,1,Z,V,H,T,8,9,S,X,8,5,1,0,0,0,000000000,00000000000,0,0,0,1,0,0,0,0,0,0,0,998,0,1,5,12,6,2,1,0,0,0,1,18,46725,6,1,6,0,3,0,68,160,0,0,0,0,0,0,0,0,0,3,8,0,0,0,1,2,55,1,2,2,1,0,0,1,13,99,1,4,1,3,1
18,180615,1,2,1,6,9,10,7,12,6,1,0,17,1,49,32,49032,4,2008,1NXBR32E18Z0,1,N,X,B,R,3,2,E,1,8,Z,0,0,0,0,000000000,00000000000,0,0,0,1,0,0,0,0,0,0,0,998,0,0,0,3,6,2,12,0,0,0,1,17,60625,6,1,0,0,3,0,70,180,0,0,0,0,0,0,0,0,0,0,38,0,0,0,5,2,35,1,1,2,1,3,3,11,15,99,1,1,68,1,0
18,180615,2,2,1,6,9,10,7,12,6,1,0,17,3,82,881,82881,66,2007,1FUJA6CK47LZ,1,F,U,J,A,6,C,K,4,7,L,Z,1,1,57,000050242,57000050242,3,6,1,1,0,0,0,0,0,0,0,998,7,0,0,12,6,2,12,0,0,0,1,22,70062,6,1,6,0,3,0,72,210,0,0,0,1,0,8,2014,8,2014,0,89,0,0,0,5,2,35,1,1,2,1,3,3,1,17,98,1,1,69,0,0
18,180616,1,1,5,27,11,3,15,25,0,1,0,18,1,6,51,6051,4,2005,2C3JA53G45H6,2,C,3,J,A,5,3,G,4,5,H,6,0,0,0,000000000,00000000000,0,0,0,1,0,0,0,0,0,0,0,998,0,0,0,12,6,2,25,0,0,0,1,18,46201,0,0,0,0,0,0,999,999,0,0,0,0,0,0,0,0,0,4,0,0,0,0,1,2,40,3,1,2,1,0,0,14,13,99,1,4,1,1,0
18,180617,1,2,1,13,11,0,45,12,1,1,0,18,2,19,18,19018,4,2003,1G6DM57N9301,1,G,6,D,M,5,7,N,9,3,0,1,0,0,0,000000000,00000000000,0,0,0,1,0,0,0,0,0,0,0,998,0,0,0,12,6,2,12,0,0,0,1,18,46404,6,1,0,0,3,3,67,165,0,0,0,0,0,0,0,0,0,3,26,0,0,0,2,2,40,1,1,2,1,0,0,1,51,99,1,1,32,1,0
18,180617,2,2,1,13,11,0,45,12,1,1,0,39,2,87,881,87881,66,2006,1XP5DB9X46D8,1,X,P,5,D,B,9,X,4,6,D,8,1,1,57,000504403,57000504403,3,6,3,1,0,0,0,0,0,0,0,998,0,1,1,6,2,5,12,0,0,0,1,18,46806,6,1,6,1,3,3,70,225,0,0,0,0,0,0,0,0,0,0,0,0,0,0,2,2,40,1,1,2,1,0,0,1,53,99,1,1,32,0,0
18,180618,1,2,2,5,10,14,15,12,2,1,0,18,1,76,734,76734,90,2006,JY4AH12Y76C0,J,Y,4,A,H,1,2,Y,7,6,C,0,0,0,0,000000000,00000000000,0,0,0,1,0,0,0,0,0,0,0,998,0,0,0,12,4,3,12,0,0,0,1,18,47542,0,0,0,0,0,0,999,999,0,0,0,0,0,0,0,0,0,0,28,21,0,0,1,2,45,3,2,2,1,0,0,14,10,99,1,2,50,1,0
18,180618,2,2,1,5,10,14,15,12,2,1,0,18,1,98,998,98998,92,1975,000000000000,0,0,0,0,0,0,0,0,0,0,0,0,0,0,0,000000000,00000000000,0,0,0,1,0,0,0,0,0,0,0,998,0,0,0,12,2,5,12,0,0,0,1,18,47542,6,1,0,0,3,0,70,230,0,0,0,0,0,0,0,0,0,0,0,0,0,0,1,2,45,2,2,2,1,0,0,14,62,99,1,1,51,0,1
18,180620,1,1,1,2,12,17,0,1,0,1,0,18,2,24,7,24007,4,2006,1G8AJ55F46Z1,1,G,8,A,J,5,5,F,4,6,Z,1,0,0,0,000000000,00000000000,0,0,0,1,0,0,0,0,0,0,0,998,0,2,5,0,6,2,1,0,0,0,1,18,47024,1,1,0,0,2,0,67,194,0,0,0,0,0,0,0,0,0,3,8,0,0,0,1,2,55,1,1,2,1,0,0,1,13,99,1,4,1,1,0
18,180621,1,2,1,22,11,6,17,12,6,1,0,18,2,23,481,23481,31,2003,1GTHK29UX3E2,1,G,T,H,K,2,9,U,X,3,E,2,0,0,0,000000000,00000000000,0,0,0,1,0,0,0,0,0,0,0,998,0,0,0,12,6,2,12,0,0,0,1,39,45327,6,1,0,0,3,3,73,190,1,0,0,1,1,4,2013,4,2014,0,87,0,0,0,1,2,55,1,2,2,4,0,0,1,62,99,1,1,65,0,0
18,180621,2,2,1,22,11,6,17,12,6,1,0,18,1,23,421,23421,15,2000,1GKDT13W4Y22,1,G,K,D,T,1,3,W,4,Y,2,2,0,0,0,000000000,00000000000,0,0,0,1,0,0,0,0,0,0,0,998,0,0,0,3,6,2,12,0,0,0,1,18,47331,6,1,0,0,3,3,72,230,0,0,0,0,2,5,2013,10,2013,0,28,87,0,0,1,2,55,1,2,2,4,0,0,1,5,99,4,2,64,1,0
18,180622,1,1,1,18,11,21,45,8,0,1,0,18,1,22,441,22441,20,2001,1GMDX03E91D1,1,G,M,D,X,0,3,E,9,1,D,1,0,0,0,000000000,00000000000,0,0,0,1,0,0,0,0,0,0,0,998,0,0,0,14,2,3,8,0,0,0,1,18,47649,6,1,0,0,3,0,67,160,0,0,0,0,0,0,0,0,0,0,0,0,0,0,1,2,25,1,1,2,1,0,0,1,80,99,1,1,13,0,1
18,180623,1,1,1,28,11,8,52,40,0,1,0,18,2,22,401,22401,14,2001,3G7DA03EX1S5,3,G,7,D,A,0,3,E,X,1,S,5,0,0,0,000000000,00000000000,0,0,0,1,0,0,0,0,0,0,0,998,0,1,5,12,6,2,42,0,0,0,1,18,46218,0,0,0,0,0,0,999,999,0,0,0,0,0,0,0,0,0,3,8,58,37,0,2,2,35,1,1,2,1,0,0,1,13,99,1,4,1,1,0
18,180624,1,1,1,4,12,7,41,34,0,1,0,18,2,12,17,12017,4,2002,1FAFP53U22G1,1,F,A,F,P,5,3,U,2,2,G,1,0,0,0,000000000,00000000000,0,0,0,1,0,0,0,0,0,0,0,998,0,1,5,14,6,2,1,0,0,0,1,18,47944,6,7,0,0,2,0,70,145,0,2,0,0,2,3,2012,6,2012,0,8,28,58,0,1,2,55,1,1,4,1,0,0,1,12,99,1,4,6,1,0
18,180625,1,1,2,8,11,6,56,23,0,1,0,18,1,12,443,12443,20,2006,2FMDA51686BA,2,F,M,D,A,5,1,6,8,6,B,A,0,0,0,000000000,00000000000,0,0,0,1,0,0,0,0,0,0,0,998,0,1,5,12,6,2,1,0,0,0,1,18,46131,6,1,0,0,3,3,73,270,0,0,0,0,0,0,0,0,0,0,0,0,0,0,1,2,50,1,1,2,1,0,0,1,12,99,1,4,6,1,0
18,180626,1,2,1,14,11,1,45,52,0,1,0,18,1,20,2,20002,4,2010,2G1WA5EK2A11,2,G,1,W,A,5,E,K,2,A,1,1,0,0,0,000000000,00000000000,0,0,0,1,0,0,0,0,0,0,0,998,0,0,0,12,6,2,12,0,0,1,1,18,46112,6,1,4,0,3,3,68,160,0,0,0,0,0,0,0,0,0,0,0,0,0,0,3,3,70,1,1,2,1,0,0,1,13,99,1,4,1,1,1
18,180626,2,2,1,14,11,1,45,52,0,1,0,18,3,82,881,82881,66,2013,1FUJGLDR7DLB,1,F,U,J,G,L,D,R,7,D,L,B,1,1,57,000970050,57000970050,3,6,1,1,0,0,0,0,0,0,0,998,0,0,0,12,6,2,12,0,0,0,1,23,4474,6,1,6,1,3,0,69,223,0,0,0,1,0,12,2013,12,2013,0,0,0,0,0,3,3,70,1,1,2,1,0,0,1,61,99,1,1,98,0,0
18,180627,1,2,1,4,12,11,59,12,6,1,0,18,1,7,442,7442,20,2006,1D4GP45R06B5,1,D,4,G,P,4,5,R,0,6,B,5,0,0,0,000000000,00000000000,0,0,0,1,0,0,0,0,0,0,0,998,0,0,0,12,6,2,12,0,0,0,1,18,46773,6,1,0,0,3,3,62,165,0,0,0,0,0,0,0,0,0,0,39,0,0,0,1,2,55,1,1,2,1,20,3,1,66,99,1,1,88,0,0
18,180627,2,2,2,4,12,11,59,12,6,1,0,18,2,14,6,14006,4,1995,2MELM75W3SX6,2,M,E,L,M,7,5,W,3,S,X,6,0,0,0,000000000,00000000000,0,0,0,1,0,0,0,0,0,0,0,998,0,0,0,9,6,2,12,0,0,0,1,18,46797,6,1,0,0,3,3,69,160,0,0,0,0,0,0,0,0,0,0,38,0,0,0,1,2,55,1,1,2,1,20,3,1,66,99,1,1,89,1,0
18,180628,1,2,1,6,12,20,59,12,2,1,0,18,1,12,471,12471,30,1996,1FTCR14X3TPA,1,F,T,C,R,1,4,X,3,T,P,A,0,0,0,000000000,00000000000,0,0,0,1,0,0,0,0,0,0,0,998,0,0,0,12,6,2,12,0,0,0,1,18,46151,6,1,0,0,3,0,71,260,0,0,0,1,1,10,2014,10,2014,0,8,28,0,0,1,2,55,1,1,1,1,0,0,1,10,99,1,2,50,0,0
18,180628,2,2,2,6,12,20,59,12,2,1,0,18,1,7,482,7482,31,1996,1B7HC16X8TS6,1,B,7,H,C,1,6,X,8,T,S,6,0,0,0,000000000,00000000000,0,0,0,1,0,0,0,0,0,0,0,998,0,1,5,12,6,2,12,0,0,0,1,18,46160,1,1,0,0,2,3,68,170,0,0,0,0,0,0,0,0,0,0,0,0,0,0,1,2,55,1,1,1,1,0,0,1,62,99,1,1,51,1,0
18,180629,1,2,1,7,12,3,20,12,2,1,0,18,1,2,404,2404,14,1998,1J4FJ68S6WL2,1,J,4,F,J,6,8,S,6,W,L,2,0,0,0,000000000,00000000000,0,0,0,1,0,0,0,0,0,0,0,998,0,0,0,12,6,2,12,0,0,0,1,18,46814,6,1,0,0,3,3,74,200,0,0,0,1,1,2,2013,6,2013,0,8,51,0,0,2,2,70,1,1,2,1,0,0,1,54,99,1,1,52,1,1
18,180629,2,2,1,7,12,3,20,12,2,1,0,26,1,82,881,82881,66,2006,1FUJA6CK56PW,1,F,U,J,A,6,C,K,5,6,P,W,0,0,57,001684858,57001684858,3,5,96,1,0,0,0,0,0,0,0,998,0,0,0,12,6,2,12,0,0,0,1,26,49534,6,1,6,1,3,0,74,210,0,0,0,1,1,8,2013,1,2014,0,0,0,0,0,2,2,70,1,1,2,1,0,0,1,54,99,1,1,52,0,0
18,180630,1,1,1,16,11,3,30,8,0,1,1,99,9,99,999,99999,99,9999,999999999999,9,9,9,9,9,9,9,9,9,9,9,9,0,0,0,000000000,00000000000,0,0,0,1,0,0,0,0,0,0,0,998,0,0,0,99,9,5,8,0,0,0,1,99,99999,9,9,99,9,9,9,999,999,99,99,99,99,99,99,9999,99,9999,0,0,0,0,0,5,5,98,1,1,2,1,0,0,99,80,99,1,1,13,0,0
18,180631,1,2,1,7,12,5,32,12,2,1,0,18,1,19,398,19398,4,1979,6B69S9913982,6,B,6,9,S,9,9,1,3,9,8,2,0,0,0,000000000,00000000000,0,0,0,1,0,0,0,0,0,0,0,998,0,0,0,12,6,2,12,0,0,0,1,18,46041,1,1,0,0,2,3,72,189,0,1,0,0,2,9,2014,11,2014,0,28,0,0,0,1,2,55,1,1,2,1,0,0,1,10,99,1,2,50,1,0
18,180631,2,2,1,7,12,5,32,12,2,1,0,18,1,85,881,85881,66,2007,1XKADB9X17J2,1,X,K,A,D,B,9,X,1,7,J,2,1,1,57,002437495,57002437495,3,6,3,1,0,0,0,0,0,0,0,998,0,0,0,12,6,2,12,0,0,0,1,18,46041,6,1,6,0,3,3,68,185,0,0,0,1,2,5,2013,4,2014,0,0,0,0,0,1,2,55,1,1,2,1,0,0,1,62,99,1,1,51,0,0
18,180632,1,1,1,8,12,6,18,8,0,1,0,18,1,12,23,12023,4,2008,3FAHP01138R2,3,F,A,H,P,0,1,1,3,8,R,2,0,0,0,000000000,00000000000,0,0,0,1,0,0,0,0,0,0,0,998,0,0,0,12,4,5,8,0,0,0,1,18,47203,6,1,0,0,3,3,67,170,0,0,0,0,0,0,0,0,0,0,0,0,0,0,1,2,35,1,1,2,1,0,0,1,80,6,1,1,13,0,0
18,180633,1,2,1,8,12,8,45,12,6,1,0,18,3,85,881,85881,66,1995,1XKADB9X8SS6,1,X,K,A,D,B,9,X,8,S,S,6,1,1,99,999999999,99999999999,3,6,8,1,0,0,0,0,0,0,0,998,0,1,1,82,6,2,12,0,0,0,1,18,46052,6,1,0,0,2,0,71,200,0,0,0,0,0,0,0,0,0,0,38,39,0,0,1,2,55,1,1,2,1,20,3,1,17,99,1,1,87,0,0
18,180633,2,2,2,8,12,8,45,12,6,1,0,18,1,20,481,20481,31,2011,3GCPKREA0BG2,3,G,C,P,K,R,E,A,0,B,G,2,0,0,0,000000000,00000000000,0,0,0,1,0,0,0,0,0,0,0,998,0,0,0,12,6,2,12,0,0,0,1,18,46034,6,1,0,0,3,3,69,200,0,0,0,0,0,0,0,0,0,0,0,0,0,0,1,2,55,1,1,2,1,0,0,1,66,99,1,1,86,1,0
18,180634,1,1,3,12,11,15,58,14,0,1,0,17,1,20,481,20481,31,1998,2GCEC19R2W11,2,G,C,E,C,1,9,R,2,W,1,1,0,0,0,000000000,00000000000,0,0,0,1,0,0,0,0,0,0,0,998,0,0,0,1,6,2,14,0,0,0,1,17,60623,6,1,0,0,3,0,76,210,0,0,0,0,0,0,0,0,0,0,58,27,0,0,2,3,70,1,1,2,1,0,0,1,13,7,1,4,4,1,0
18,180635,1,3,1,5,12,18,34,12,6,1,0,18,3,22,441,22441,20,2000,1GMDU03EXYD3,1,G,M,D,U,0,3,E,X,Y,D,3,0,0,0,000000000,00000000000,0,0,0,1,0,0,0,0,0,0,0,998,0,0,0,81,6,2,12,0,0,0,1,18,46041,6,1,0,0,3,0,64,115,0,0,0,0,0,0,0,0,0,0,38,0,0,0,2,2,50,1,1,2,2,20,3,1,17,99,1,1,87,1,0
18,180635,2,3,1,5,12,18,34,12,6,1,0,18,2,12,461,12461,21,2014,1FTNE1EW6EDB,1,F,T,N,E,1,E,W,6,E,D,B,0,0,0,000000000,00000000000,0,0,0,1,0,0,0,0,0,0,0,998,0,0,0,12,6,2,12,0,0,0,1,18,47960,6,1,0,0,3,0,70,190,0,0,0,0,1,11,2012,11,2012,0,0,0,0,0,2,2,50,1,1,2,2,0,0,1,66,99,1,1,86,0,0
18,180635,3,3,1,5,12,18,34,12,6,1,0,18,1,20,39,20039,4,2007,KL1TD566X7B1,K,L,1,T,D,5,6,6,X,7,B,1,0,0,0,000000000,00000000000,0,0,0,1,0,0,0,0,0,0,0,998,0,0,0,12,6,2,12,0,0,0,1,18,46041,6,1,0,0,3,0,65,130,0,0,0,0,0,0,0,0,0,0,0,0,0,0,2,2,50,1,1,2,2,0,0,1,62,4,1,1,98,0,0
18,180636,1,1,3,8,12,15,44,24,0,1,0,18,1,12,481,12481,31,2001,1FTSF31F71EB,1,F,T,S,F,3,1,F,7,1,E,B,0,0,0,000000000,00000000000,0,0,0,1,0,0,0,0,0,0,0,998,0,1,5,12,6,2,1,0,0,0,1,18,47235,1,1,0,0,2,3,69,180,0,0,0,0,0,0,0,0,0,3,0,0,0,0,2,2,70,1,1,2,2,0,0,1,13,99,1,4,1,1,0
18,180637,1,1,1,6,12,21,18,8,0,1,0,34,3,7,422,7422,15,2005,1D4HB48N85F6,1,D,4,H,B,4,8,N,8,5,F,6,0,0,0,000000000,00000000000,0,0,0,1,0,0,0,0,0,0,0,998,0,0,0,12,4,3,8,0,0,0,1,18,46545,6,1,5,0,3,3,71,180,0,0,0,0,0,0,0,0,0,0,0,0,0,0,1,2,30,1,1,2,1,0,0,1,80,99,1,1,13,0,1
18,180638,1,2,1,8,12,18,13,12,2,1,0,18,1,20,471,20471,30,1999,1GCCS144XX81,1,G,C,C,S,1,4,4,X,X,8,1,0,0,0,000000000,00000000000,0,0,0,1,0,0,0,0,0,0,0,998,0,0,0,12,6,2,12,0,0,0,1,18,46806,6,1,0,0,3,0,67,172,0,0,0,0,0,0,0,0,0,0,28,87,0,0,1,2,55,1,1,2,2,0,0,1,10,99,1,2,50,1,1
18,180638,2,2,2,8,12,18,13,12,2,1,0,18,1,20,444,20444,20,2008,1GNDU23W98D2,1,G,N,D,U,2,3,W,9,8,D,2,0,0,0,000000000,00000000000,0,0,0,1,0,0,0,0,0,0,0,998,0,0,0,12,6,2,12,0,0,0,1,18,46738,1,1,0,0,2,0,74,150,0,0,0,0,0,0,0,0,0,0,0,0,0,0,1,2,55,1,1,2,2,0,0,1,62,99,1,1,51,0,0
18,180639,1,2,1,8,12,11,18,12,1,1,0,18,1,7,482,7482,31,2005,1D7HA16D75J5,1,D,7,H,A,1,6,D,7,5,J,5,0,0,0,000000000,00000000000,0,0,0,1,0,0,0,0,0,0,0,998,0,0,0,6,6,2,12,0,0,0,1,18,46902,6,1,0,0,3,3,67,220,0,0,0,0,0,0,0,0,0,0,0,0,0,0,1,2,55,1,1,2,1,0,0,2,53,99,1,1,29,1,0
18,180639,2,2,1,8,12,11,18,12,1,1,0,18,3,84,881,84881,66,2013,1HTMMAAN5DH3,1,H,T,M,M,A,A,N,5,D,H,3,1,1,57,001067095,57001067095,3,6,1,1,0,0,0,0,0,0,0,998,0,0,0,12,6,2,12,0,0,0,1,18,46259,6,1,6,1,3,0,75,320,0,0,0,1,1,6,2012,6,2012,0,0,0,0,0,1,2,55,1,1,2,1,0,0,1,51,8,1,1,28,0,0
18,180640,1,1,1,6,12,8,10,35,0,1,0,18,1,12,481,12481,31,2002,1FTRW08L32KA,1,F,T,R,W,0,8,L,3,2,K,A,0,0,0,000000000,00000000000,0,0,0,1,0,0,0,0,0,0,0,998,0,0,0,14,6,2,3,0,0,0,1,18,47994,6,1,0,0,3,3,73,155,0,0,0,0,0,0,0,0,0,0,0,0,0,0,1,2,40,1,1,4,1,0,0,1,13,99,1,4,1,1,0
18,180641,1,1,1,10,12,10,30,32,0,1,0,18,2,12,471,12471,31,2001,1FTZR15E01PB,1,F,T,Z,R,1,5,E,0,1,P,B,0,0,0,000000000,00000000000,0,0,0,1,0,0,0,0,0,0,0,998,0,0,0,10,6,2,32,32,0,0,1,18,46347,6,1,0,0,3,3,62,200,0,0,0,0,0,0,0,0,0,0,58,0,0,0,1,2,55,1,2,2,1,0,0,1,13,7,3,4,1,1,0
18,180642,1,1,1,1,10,22,26,59,0,1,0,18,1,21,20,21020,4,1990,2G3AJ54NXL23,2,G,3,A,J,5,4,N,X,L,2,3,0,0,0,000000000,00000000000,0,0,0,1,0,0,0,0,0,0,0,998,0,0,0,12,6,2,59,0,0,0,1,18,46554,6,1,0,0,3,0,65,115,2,2,0,1,1,3,2012,5,2014,0,39,0,0,0,1,2,55,1,1,2,1,20,3,1,14,99,1,4,1,1,0
18,180643,1,1,1,2,12,21,15,1,0,1,0,0,0,98,734,98734,90,1995,999999999999,9,9,9,9,9,9,9,9,9,9,9,9,0,0,0,000000000,00000000000,0,0,0,1,0,0,0,0,0,0,0,998,0,1,1,0,4,3,1,0,0,0,1,18,47954,6,1,0,0,3,0,71,165,0,0,0,0,0,0,0,0,0,3,8,0,0,0,1,2,25,1,1,2,1,0,0,1,6,99,1,1,98,1,1
18,180644,1,2,1,28,11,8,45,12,6,1,0,18,2,20,404,20404,14,2009,2CNDL33F6962,2,C,N,D,L,3,3,F,6,9,6,2,0,0,0,000000000,00000000000,0,0,0,1,0,0,0,0,0,0,0,998,0,0,0,11,6,2,12,0,0,0,1,18,46797,6,1,0,0,3,3,74,220,0,0,0,0,0,0,0,0,0,0,38,0,0,0,1,2,55,1,1,2,1,20,3,11,15,99,1,1,68,1,0
18,180644,2,2,1,28,11,8,45,12,6,1,0,39,1,20,481,20481,31,2000,2GCEK19T3Y12,2,G,C,E,K,1,9,T,3,Y,1,2,0,0,0,000000000,00000000000,0,0,0,1,0,0,0,0,0,0,0,998,0,0,0,12,6,2,12,0,0,0,1,39,45880,6,1,0,0,3,3,62,140,0,0,0,0,0,0,0,0,0,0,0,0,0,0,1,2,55,1,1,2,1,20,3,1,62,99,1,1,69,0,0
18,180645,1,1,1,11,12,17,12,1,0,1,0,18,2,7,472,7472,31,1997,1B7GL23X2VS1,1,B,7,G,L,2,3,X,2,V,S,1,0,0,0,000000000,00000000000,0,0,0,1,0,0,0,0,0,0,0,998,0,2,5,0,6,2,1,0,0,0,1,18,47122,1,1,0,0,2,0,71,270,0,0,0,0,1,4,2013,4,2013,3,58,0,0,0,1,2,55,3,3,2,1,0,0,14,12,99,4,4,6,1,1
18,180646,1,1,1,23,11,8,39,33,0,1,0,18,1,14,4,14004,4,1993,1MEPM6247PH6,1,M,E,P,M,6,2,4,7,P,H,6,0,0,0,000000000,00000000000,0,0,0,1,0,0,0,0,0,0,0,998,0,0,0,12,6,2,33,0,0,0,1,18,46368,6,1,0,0,3,0,66,135,0,1,0,0,3,6,2012,4,2013,4,0,0,0,0,3,2,35,1,1,2,2,20,3,1,12,99,1,4,6,1,0
18,180647,1,1,1,4,12,0,38,24,0,1,0,18,1,55,35,55035,4,2000,KMHJF35F8YU9,K,M,H,J,F,3,5,F,8,Y,U,9,0,0,0,000000000,00000000000,0,0,0,1,0,0,0,0,0,0,0,998,0,0,0,12,6,2,42,0,0,0,1,18,47037,6,1,0,0,3,3,73,230,0,0,0,0,0,0,0,0,0,3,28,0,0,0,1,2,55,3,1,2,1,0,0,14,13,99,1,4,1,1,1
18,180648,1,1,1,14,12,1,0,53,0,1,0,18,2,47,31,47031,5,1998,YS3DF58N8W20,Y,S,3,D,F,5,8,N,8,W,2,0,0,0,0,000000000,00000000000,0,0,0,1,0,0,0,0,0,0,0,998,0,0,0,12,6,2,42,0,0,0,1,18,46342,6,1,0,0,3,0,70,150,0,0,0,0,0,0,0,0,0,3,8,58,0,0,1,2,55,1,3,2,1,0,0,1,13,99,4,4,6,1,0