STATE,ST_CASE,VEH_NO,VE_FORMS,NUMOCCS,DAY,MONTH,HOUR,MINUTE,HARM_EV,MAN_COLL,UNITTYPE,HIT_RUN,REG_STAT,OWNER,MAKE,MODEL,MAK_MOD,BODY_TYP,MOD_YEAR,VIN,VIN_1,VIN_2,VIN_3,VIN_4,VIN_5,VIN_6,VIN_7,VIN_8,VIN_9,VIN_10,VIN_11,VIN_12,TOW_VEH,J_KNIFE,MCARR_I1,MCARR_I2,MCARR_ID,GVWR,V_CONFIG,CARGO_BT,HAZ_INV,HAZ_PLAC,HAZ_ID,HAZ_CNO,HAZ_REL,BUS_USE,SPEC_USE,EMER_USE,TRAV_SP,UNDERIDE,ROLLOVER,ROLINLOC,IMPACT1,DEFORMED,TOWED,M_HARM,VEH_SC1,VEH_SC2,FIRE_EXP,DR_PRES,L_STATE,DR_ZIP,L_STATUS,L_TYPE,CDL_STAT,L_ENDORS,L_COMPL,L_RESTRI,DR_HGT,DR_WGT,PREV_ACC,PREV_SUS,PREV_DWI,PREV_SPD,PREV_OTH,FIRST_MO,FIRST_YR,LAST_MO,LAST_YR,SPEEDREL,DR_SF1,DR_SF2,DR_SF3,DR_SF4,VTRAFWAY,VNUM_LAN,VSPD_LIM,VALIGN,VPROFILE,VPAVETYP,VSURCOND,VTRAFCON,VTCONT_F,P_CRASH1,P_CRASH2,P_CRASH3,PCRASH4,PCRASH5,ACC_TYPE,DEATHS,DR_DRINK
18,180649,1,3,1,22,11,7,5,12,2,1,0,18,3,82,881,82881,63,2015,3AKJGEBG6FSG,3,A,K,J,G,E,B,G,6,F,S,G,0,0,57,2207615,572207615,3,2,7,1,0,0,0,0,0,0,0,998,0,0,0,12,6,2,12,0,0,1,1,18,46545,6,1,6,1,3,3,66,183,0,0,0,0,0,0,0,0,0,4,28,87,0,0,1,2,55,4,2,2,4,0,0,14,6,99,5,2,50,0,0
18,180649,2,3,1,22,11,7,5,12,2,1,0,18,2,84,881,84881,66,1998,2HSFHAMR4WC0,2,H,S,F,H,A,M,R,4,W,C,0,1,1,57,2104640,572104640,3,6,2,1,0,0,0,0,0,0,0,998,0,0,0,12,6,2,12,0,0,1,1,18,46761,6,1,6,1,3,0,72,206,0,0,0,0,0,0,0,0,0,4,87,0,0,0,1,2,55,4,2,2,4,0,0,14,62,99,1,1,51,1,0
18,180649,3,3,3,22,11,7,5,12,2,1,0,39,2,20,481,20481,31,2007,1GCJK33647F5,1,G,C,J,K,3,3,6,4,7,F,5,0,0,0,000000000,00000000000,0,0,0,1,0,0,0,0,0,0,0,998,0,0,0,12,6,2,12,0,0,1,1,39,43824,6,1,0,0,3,3,72,195,0,0,0,0,0,0,0,0,0,0,87,0,0,0,1,2,55,4,2,2,4,0,0,14,62,4,1,1,98,0,0
18,180650,1,1,1,9,12,11,55,1,0,1,0,18,2,12,881,12881,63,1990,1FDZW82A2LVA,1,F,D,Z,W,8,2,A,2,L,V,A,5,1,57,000433583,57000433583,3,2,12,1,0,0,0,0,0,0,0,998,0,1,1,0,6,2,52,0,0,0,1,18,47369,6,1,6,1,3,0,69,260,0,0,0,0,0,0,0,0,0,0,58,0,0,0,1,2,55,3,1,2,1,0,0,14,98,99,1,6,98,1,0
18,180651,1,2,1,11,12,9,32,12,6,1,0,18,1,20,20,20020,4,1999,2G1WL52M8X92,2,G,1,W,L,5,2,M,8,X,9,2,0,0,0,000000000,00000000000,0,0,0,1,0,0,0,0,0,0,0,998,0,0,0,12,6,2,12,0,0,0,1,18,47362,6,1,0,0,3,0,62,130,0,0,0,0,0,0,0,0,0,0,38,39,0,0,1,2,55,1,1,2,1,20,3,1,66,99,1,1,88,1,1
18,180651,2,2,1,11,12,9,32,12,6,1,0,48,3,82,881,82881,66,2003,1FUJBBBG33LJ,1,F,U,J,B,B,B,G,3,3,L,J,1,1,57,002042870,57002042870,3,6,1,1,0,0,0,0,0,0,0,998,0,0,0,61,6,2,12,0,0,0,1,48,75497,6,1,6,1,3,0,999,999,1,0,0,2,0,10,2012,5,2013,0,0,0,0,0,1,2,55,1,1,2,1,0,0,1,17,99,1,1,89,0,0
18,180652,1,3,1,16,12,11,48,12,1,1,0,18,2,20,421,20421,15,1999,1GNEK13R1XJ5,1,G,N,E,K,1,3,R,1,X,J,5,0,0,0,000000000,00000000000,0,0,0,1,0,0,0,0,0,0,0,998,0,0,0,12,6,2,12,0,0,0,1,18,46540,6,2,0,0,3,0,70,186,0,0,0,1,0,11,2014,11,2014,0,26,0,0,0,1,2,55,1,1,2,2,0,0,1,52,99,1,1,28,0,0
18,180652,2,3,1,16,12,11,48,12,1,1,0,18,1,22,22,22022,4,2008,1G2ZG57NX841,1,G,2,Z,G,5,7,N,X,8,4,1,0,0,0,000000000,00000000000,0,0,0,1,0,0,0,0,0,0,0,998,0,0,0,6,6,2,12,0,0,0,1,18,46540,6,1,0,0,3,3,62,120,0,0,0,0,0,0,0,0,0,0,28,0,0,0,1,2,55,1,1,2,2,0,0,2,53,99,1,1,29,1,0
18,180652,3,3,1,16,12,11,48,12,1,1,0,18,1,82,881,82881,66,2014,3ALXFB003EDF,3,A,L,X,F,B,0,0,3,E,D,F,1,1,57,000340029,57000340029,3,6,1,1,0,0,0,0,0,0,0,998,0,1,1,12,6,2,12,0,0,0,1,18,46917,6,1,6,1,3,3,70,175,0,0,0,0,0,0,0,0,0,0,0,0,0,0,1,2,55,1,1,2,2,0,0,1,62,99,1,1,98,0,0
18,180653,1,2,2,13,12,16,50,12,6,1,0,18,1,18,7,18007,4,1999,2G4WS52M0X16,2,G,4,W,S,5,2,M,0,X,1,6,0,0,0,000000000,00000000000,0,0,0,1,0,0,0,0,0,0,0,998,0,0,0,61,6,2,12,0,0,0,1,18,46725,6,1,0,0,3,3,70,200,0,0,0,0,0,0,0,0,0,0,38,0,0,0,1,2,55,1,2,2,2,20,3,1,17,99,1,1,89,1,0
18,180653,2,2,3,13,12,16,50,12,6,1,0,18,1,7,442,7442,20,2007,2D4GP44L47R2,2,D,4,G,P,4,4,L,4,7,R,2,0,0,0,000000000,00000000000,0,0,0,1,0,0,0,0,0,0,0,998,0,0,0,12,6,2,12,0,0,0,1,18,46725,6,1,0,0,3,3,63,105,0,0,0,0,0,0,0,0,0,0,0,0,0,0,1,2,55,1,2,2,2,0,0,1,66,99,1,1,88,0,0
18,180654,1,1,1,14,12,5,50,35,0,1,0,18,1,20,22,20022,2,2006,1G1AP14P9678,1,G,1,A,P,1,4,P,9,6,7,8,0,0,0,000000000,00000000000,0,0,0,1,0,0,0,0,0,0,0,998,0,1,5,12,6,2,1,0,0,0,1,18,47438,6,1,0,0,3,3,68,130,0,0,0,0,0,0,0,0,0,0,58,0,0,0,1,2,55,1,1,2,1,0,0,1,13,6,1,4,1,1,0
18,180655,1,4,1,12,12,6,10,12,2,1,0,18,1,12,481,12481,31,1994,1FTEX15N5RKA,1,F,T,E,X,1,5,N,5,R,K,A,0,0,0,000000000,00000000000,0,0,0,1,0,0,0,0,0,0,0,998,0,0,0,12,6,2,12,0,0,0,1,18,46392,6,1,0,0,3,3,69,145,0,0,0,1,0,7,2012,7,2012,0,28,87,0,0,1,2,55,1,2,2,2,0,0,1,10,99,1,2,50,1,0
18,180655,2,4,1,12,12,6,10,12,2,1,0,18,2,85,881,85881,62,2007,2NKMHD6X17M2,2,N,K,M,H,D,6,X,1,7,M,2,0,0,57,000727115,57000727115,2,1,1,1,0,0,0,0,0,0,0,998,0,0,0,12,6,2,12,0,0,0,1,18,46360,6,1,6,0,3,0,73,185,0,0,0,0,0,0,0,0,0,0,0,0,0,0,1,2,55,1,2,2,2,0,0,1,62,99,1,1,51,0,0
18,180655,3,4,1,12,12,6,10,12,2,1,0,18,2,20,25,20025,4,2013,1G1PA5SH7D73,1,G,1,P,A,5,S,H,7,D,7,3,0,0,0,000000000,00000000000,0,0,0,1,0,0,0,0,0,0,0,998,0,0,0,12,2,5,54,0,0,0,1,18,46392,6,1,0,0,3,3,68,195,0,0,0,0,0,0,0,0,0,0,0,0,0,0,1,2,55,1,2,2,2,0,0,1,10,99,1,1,98,0,0
18,180655,4,4,1,12,12,6,10,12,2,1,0,18,2,12,481,12481,32,2006,1FTNE24W86DB,1,F,T,N,E,2,4,W,8,6,D,B,0,0,0,000000000,00000000000,0,0,0,1,0,0,0,0,0,0,0,998,0,0,0,13,2,5,54,0,0,0,1,17,60448,6,1,0,0,3,0,68,150,0,0,0,0,0,0,0,0,0,0,0,0,0,0,1,2,55,1,2,2,2,0,0,1,10,99,1,1,98,0,0
18,180656,1,1,1,12,12,14,55,14,0,1,0,18,1,12,471,12471,30,1991,1FTCR10A5MUB,1,F,T,C,R,1,0,A,5,M,U,B,0,0,0,000000000,00000000000,0,0,0,1,0,0,0,0,0,0,0,998,0,0,0,12,6,2,14,0,0,0,1,18,47330,6,1,0,0,3,3,68,150,0,1,0,0,2,5,2012,5,2012,0,0,0,0,0,1,2,30,1,1,2,1,0,0,1,13,99,1,4,11,1,0
18,180657,1,1,1,14,12,2,10,33,0,1,0,18,2,20,481,20481,31,1991,1GCDC14K7ME1,1,G,C,D,C,1,4,K,7,M,E,1,0,0,0,000000000,00000000000,0,0,0,1,0,0,0,0,0,0,0,998,0,0,0,12,6,2,14,0,0,0,1,18,46733,1,1,0,0,2,3,69,195,0,0,0,1,5,6,2012,3,2014,0,0,0,0,0,1,2,30,1,1,2,1,0,0,1,12,99,1,4,6,1,1
18,180658,1,2,4,17,12,21,15,12,6,1,0,18,1,37,32,37032,4,1998,1HGCG5543WA1,1,H,G,C,G,5,5,4,3,W,A,1,0,0,0,000000000,00000000000,0,0,0,1,0,0,0,0,0,0,0,998,0,1,5,12,6,2,12,0,0,0,1,18,46368,6,1,0,0,3,0,67,155,0,0,0,0,0,0,0,0,0,3,8,0,0,0,1,2,35,1,2,2,1,0,0,1,60,8,1,3,73,1,0
18,180658,2,2,1,17,12,21,15,12,6,1,0,18,2,20,481,20481,31,2004,1GCEC14X34Z3,1,G,C,E,C,1,4,X,3,4,Z,3,0,0,0,000000000,00000000000,0,0,0,1,0,0,0,0,0,0,0,998,0,0,0,62,6,2,12,0,0,0,1,18,46385,6,1,0,0,3,3,74,225,0,0,0,0,0,0,0,0,0,0,0,0,0,0,1,2,35,1,2,2,1,0,0,11,15,99,1,1,72,0,0
18,180659,1,2,1,5,12,14,56,12,6,1,0,18,1,12,481,12481,31,2003,1FTNW21LX3EB,1,F,T,N,W,2,1,L,X,3,E,B,0,0,0,000000000,00000000000,0,0,0,1,0,0,0,0,0,0,0,998,0,0,0,12,6,2,12,0,0,0,1,18,46229,6,1,6,0,3,0,73,230,0,0,0,0,0,0,0,0,0,0,0,0,0,0,1,2,35,1,1,2,2,0,0,1,62,99,1,1,65,0,0
18,180659,2,2,3,5,12,14,56,12,6,1,0,18,2,12,16,12016,4,2000,2FAFP73W7YX1,2,F,A,F,P,7,3,W,7,Y,X,1,0,0,0,000000000,00000000000,0,0,0,1,0,0,0,0,0,0,0,998,0,0,0,3,6,2,12,0,0,0,1,18,46226,1,7,0,0,2,0,67,200,0,0,0,0,0,0,0,0,0,0,28,58,87,0,1,2,35,1,1,2,2,0,0,1,5,99,2,2,64,1,0
18,180660,1,2,2,11,12,20,19,12,1,1,0,18,2,49,43,49043,4,2002,4T1BF28B42U2,4,T,1,B,F,2,8,B,4,2,U,2,0,0,0,000000000,00000000000,0,0,0,1,0,0,0,0,0,0,0,998,0,0,0,12,6,2,12,0,0,0,1,18,46278,1,1,0,0,2,0,72,175,0,13,0,3,5,7,2012,8,2014,0,26,0,0,0,2,2,60,1,1,2,1,1,3,1,50,99,1,1,20,2,0
18,180660,2,2,1,11,12,20,19,12,1,1,0,26,3,51,881,51881,66,2011,4V4NC9EH5BN2,4,V,4,N,C,9,E,H,5,B,N,2,1,1,57,000253481,57000253481,3,6,1,1,0,0,0,0,0,0,0,0,0,0,0,6,4,3,12,0,0,0,1,26,49456,6,1,6,1,3,0,76,320,0,0,0,0,0,0,0,0,0,0,0,0,0,0,2,2,60,1,1,2,1,0,0,5,53,99,1,1,21,0,0
18,180661,1,1,1,15,12,20,19,8,0,1,1,99,9,99,999,99999,99,9999,999999999999,9,9,9,9,9,9,9,9,9,9,9,9,0,0,0,000000000,00000000000,0,0,0,1,0,0,0,0,0,0,0,998,0,0,0,12,9,5,8,0,0,0,1,99,99999,9,9,99,9,9,9,999,999,99,99,99,99,99,99,9999,99,9999,0,0,0,0,0,1,2,99,1,1,2,2,0,0,1,80,99,1,1,13,0,0
18,180662,1,1,1,16,12,0,38,8,0,1,1,99,9,99,999,99999,99,9999,999999999999,9,9,9,9,9,9,9,9,9,9,9,9,0,0,0,000000000,00000000000,0,0,0,1,0,0,0,0,0,0,0,998,0,0,0,12,9,5,8,0,0,0,1,99,99999,9,9,99,9,9,9,999,999,99,99,99,99,99,99,9999,99,9999,0,0,0,0,0,1,2,99,1,1,2,1,0,0,1,85,99,1,1,13,0,0
18,180663,1,2,2,19,12,9,50,12,7,1,0,18,2,6,41,6041,4,1999,2C3HD46J9XH7,2,C,3,H,D,4,6,J,9,X,H,7,0,0,0,000000000,00000000000,0,0,0,1,0,0,0,0,0,0,0,998,0,0,0,82,6,2,12,0,0,0,1,39,45331,6,1,0,0,3,0,61,126,0,0,0,0,0,0,0,0,0,0,35,0,0,0,1,2,55,1,1,2,1,0,0,6,60,99,1,1,69,1,0
18,180663,2,2,1,19,12,9,50,12,7,1,0,18,3,82,881,82881,66,1996,1FUY3MDB0TH6,1,F,U,Y,3,M,D,B,0,T,H,6,1,1,57,001710635,57001710635,3,6,1,1,0,0,0,0,0,0,0,998,0,0,0,62,4,5,12,0,0,0,1,18,46507,6,1,6,1,3,3,74,266,0,0,0,1,0,7,2014,7,2014,0,0,0,0,0,1,2,55,1,1,2,1,0,0,11,15,99,1,1,68,0,0
18,180664,1,2,1,19,12,3,26,12,8,1,0,18,1,20,16,20016,2,2005,1G1JC12F4571,1,G,1,J,C,1,2,F,4,5,7,1,0,0,0,000000000,00000000000,0,0,0,1,0,0,0,0,0,0,0,998,0,0,0,62,6,2,12,0,0,0,1,18,46561,6,1,0,0,3,0,70,165,0,0,0,0,1,4,2012,4,2012,0,28,0,0,0,1,2,55,1,1,2,4,0,0,1,10,99,1,2,66,1,0
18,180664,2,2,1,19,12,3,26,12,8,1,0,18,2,51,881,51881,66,2007,4V4NC9TJ87N4,4,V,4,N,C,9,T,J,8,7,N,4,1,1,57,000639545,57000639545,3,6,2,1,0,0,0,0,0,0,0,998,0,0,0,63,2,5,12,0,0,0,1,18,46526,6,1,6,1,3,0,67,150,0,0,0,0,0,0,0,0,0,0,0,0,0,0,1,2,55,1,1,2,4,0,0,1,62,7,1,1,66,0,0
18,180665,1,1,3,13,12,7,7,1,0,1,0,18,1,30,40,30040,4,2003,3VWRP69M73M1,3,V,W,R,P,6,9,M,7,3,M,1,0,0,0,000000000,00000000000,0,0,0,1,0,0,0,0,0,0,0,998,0,2,5,0,6,2,1,0,0,0,1,18,46845,6,1,0,0,3,3,72,200,0,0,0,1,1,8,2012,8,2014,4,28,58,87,0,1,2,50,3,2,2,4,28,3,14,5,99,2,4,2,1,0
18,180666,1,1,1,15,12,19,2,1,0,1,0,18,1,2,403,2403,14,2006,1J4FA49S36P7,1,J,4,F,A,4,9,S,3,6,P,7,0,0,0,000000000,00000000000,0,0,0,1,0,0,0,0,0,0,0,998,0,2,5,0,6,2,42,0,0,0,1,18,47460,6,1,0,0,3,3,66,110,0,0,0,0,0,0,0,0,0,3,58,87,0,0,1,2,35,1,1,2,2,0,0,11,15,8,2,4,2,1,0
18,180668,1,1,1,19,12,6,35,8,0,1,0,18,1,21,20,21020,2,1993,1G3WH14T4PD3,1,G,3,W,H,1,4,T,4,P,D,3,0,0,0,000000000,00000000000,0,0,0,1,0,0,0,0,0,0,0,998,0,0,0,12,2,5,8,0,0,0,1,18,46360,6,1,0,0,3,3,71,225,0,0,0,0,0,0,0,0,0,0,0,0,0,0,1,2,55,1,1,2,1,0,0,1,80,99,1,1,13,0,0
18,180669,1,2,1,22,12,19,30,12,6,1,0,18,1,14,6,14006,6,2004,2MEFM74W44X6,2,M,E,F,M,7,4,W,4,4,X,6,0,0,0,000000000,00000000000,0,0,0,1,0,0,0,0,0,0,0,998,0,0,0,9,6,2,12,0,0,0,1,18,46733,6,1,0,0,3,3,72,160,0,3,0,0,3,3,2013,3,2013,0,38,0,0,0,1,2,60,1,1,2,2,20,3,1,17,99,1,1,89,1,0
18,180669,2,2,1,22,12,19,30,12,6,1,0,18,2,98,881,98881,66,2000,2FZWHEDB9YAG,2,F,Z,W,H,E,D,B,9,Y,A,G,1,1,57,000075806,57000075806,3,6,1,1,0,0,0,0,0,0,0,998,0,0,0,12,6,2,12,0,0,0,1,18,46774,6,1,6,1,3,3,69,170,0,0,0,0,0,0,0,0,0,0,0,0,0,0,1,2,60,1,1,2,2,0,0,1,66,99,1,1,88,0,0
18,180670,1,2,1,11,12,18,5,12,2,1,0,18,2,20,481,20481,31,2003,1GCHK29U73E3,1,G,C,H,K,2,9,U,7,3,E,3,0,0,0,000000000,00000000000,0,0,0,1,0,0,0,0,0,0,0,998,0,0,0,12,6,2,12,0,0,0,1,18,47989,6,1,0,0,3,0,73,165,0,0,0,0,0,0,0,0,0,0,28,0,0,0,1,2,45,1,2,2,1,0,0,1,10,99,1,2,50,1,0
18,180670,2,2,1,11,12,18,5,12,2,1,0,17,3,84,881,84881,66,1999,2HSFHAERXXC0,2,H,S,F,H,A,E,R,X,X,C,0,1,1,57,000663111,57000663111,3,6,1,1,0,0,0,0,0,0,0,998,0,0,0,12,6,2,12,0,0,0,1,17,62249,6,1,6,1,3,0,72,230,0,0,0,0,0,0,0,0,0,0,0,0,0,0,1,2,45,1,2,2,1,0,0,1,62,4,1,1,51,0,0
18,180671,1,2,3,20,12,15,1,12,2,1,0,26,1,7,402,7402,14,2001,1B4HS28N41F5,1,B,4,H,S,2,8,N,4,1,F,5,0,0,0,000000000,00000000000,0,0,0,1,0,0,0,0,0,0,0,998,0,0,0,12,6,2,12,0,0,0,1,26,49091,6,1,0,0,3,0,68,190,0,0,0,0,0,0,0,0,0,0,28,87,0,0,1,2,40,1,2,2,4,0,0,1,5,99,2,2,50,0,0
18,180671,2,2,1,20,12,15,1,12,2,1,0,26,2,22,18,22018,4,2003,1G2NE52F43C1,1,G,2,N,E,5,2,F,4,3,C,1,0,0,0,000000000,00000000000,0,0,0,1,0,0,0,0,0,0,0,998,0,0,0,12,6,2,12,0,0,0,1,26,49091,1,1,0,0,2,0,72,200,1,1,0,0,2,8,2013,8,2014,0,0,0,0,0,1,2,40,1,2,2,4,0,0,1,62,99,1,1,51,1,0
18,180672,1,2,2,22,12,17,27,12,7,1,0,17,2,34,403,34403,14,2014,WBAVM5C54EVV,W,B,A,V,M,5,C,5,4,E,V,V,0,0,0,000000000,00000000000,0,0,0,1,0,0,0,0,0,0,0,998,0,1,5,82,6,2,12,0,0,0,1,17,60616,6,1,0,0,3,3,66,115,0,0,0,0,0,0,0,0,0,4,87,0,0,0,2,2,70,1,1,2,2,0,0,1,5,99,1,1,45,1,0
18,180672,2,2,4,22,12,17,27,12,7,1,0,55,1,54,421,54421,15,2012,2HNYD2H47CH5,2,H,N,Y,D,2,H,4,7,C,H,5,0,0,0,000000000,00000000000,0,0,0,1,0,0,0,0,0,0,0,998,0,0,0,63,6,2,12,0,0,0,1,55,53066,6,1,0,0,3,0,71,175,0,0,0,2,0,12,2013,7,2014,0,0,0,0,0,2,2,70,1,1,2,2,0,0,1,62,99,1,1,44,0,0
18,180673,1,1,1,20,12,4,26,34,0,1,0,18,2,23,481,23481,31,1994,1GTGK29F0RE5,1,G,T,G,K,2,9,F,0,R,E,5,0,0,0,000000000,00000000000,0,0,0,1,0,0,0,0,0,0,0,998,0,1,5,12,6,2,1,0,0,0,1,18,46957,6,1,0,0,3,0,66,145,1,1,0,0,0,12,2013,2,2014,0,28,0,0,0,1,2,55,1,1,2,1,0,0,1,12,99,1,4,6,1,1
18,180674,1,1,1,20,12,7,46,35,0,1,0,18,1,20,481,20481,31,1999,1GCEC14W3XZ1,1,G,C,E,C,1,4,W,3,X,Z,1,0,0,0,000000000,00000000000,0,0,0,1,0,0,0,0,0,0,0,998,0,1,5,14,6,2,1,0,0,0,1,18,47201,6,1,0,0,3,0,70,280,0,0,0,1,0,8,2013,8,2013,0,87,0,0,0,1,2,55,1,1,2,4,0,0,1,5,99,4,4,2,1,0
18,180675,1,1,1,24,12,0,15,14,0,1,0,21,2,55,33,55033,4,2015,5NPE24AF2FH0,5,N,P,E,2,4,A,F,2,F,H,0,0,0,0,000000000,00000000000,0,0,0,1,0,0,0,0,0,0,0,998,0,0,0,12,6,2,14,0,0,0,1,18,47714,6,1,0,0,3,3,66,320,0,0,0,0,1,7,2013,7,2013,0,28,0,0,0,1,2,30,2,1,2,2,0,0,14,10,99,1,9,11,1,0
18,180676,1,1,1,24,12,3,8,8,0,1,1,99,9,99,999,99999,99,9999,999999999999,9,9,9,9,9,9,9,9,9,9,9,9,0,0,0,000000000,00000000000,0,0,0,1,0,0,0,0,0,0,0,998,0,0,0,99,9,5,8,0,0,0,1,99,99999,9,9,99,9,9,9,999,999,99,99,99,99,99,99,9999,99,9999,9,99,99,99,99,1,2,55,3,1,2,2,0,0,14,80,99,1,1,13,0,0
18,180677,1,2,1,26,12,7,40,12,2,1,0,18,1,49,40,49040,4,2000,4T1BG22K0YU9,4,T,1,B,G,2,2,K,0,Y,U,9,0,0,0,000000000,00000000000,0,0,0,1,0,0,0,0,0,0,0,998,0,0,0,12,6,2,12,0,0,0,1,18,47872,6,1,0,0,3,3,61,150,0,0,0,0,0,0,0,0,0,0,87,0,0,0,1,2,55,1,1,2,2,0,0,1,5,99,5,2,50,1,0
18,180677,2,2,1,26,12,7,40,12,2,1,0,18,1,2,403,2403,14,1999,1J4FY19S9XP4,1,J,4,F,Y,1,9,S,9,X,P,4,0,0,0,000000000,00000000000,0,0,0,1,0,0,0,0,0,0,0,998,0,0,0,12,6,2,12,0,0,0,1,18,47874,6,1,0,0,3,0,73,200,0,0,0,0,0,0,0,0,0,0,0,0,0,0,1,2,55,1,1,2,2,0,0,1,62,99,1,1,51,0,0
18,180678,1,1,1,26,12,7,48,33,0,1,0,18,1,20,481,20481,31,2006,1GCJK33D46F2,1,G,C,J,K,3,3,D,4,6,F,2,0,0,0,000000000,00000000000,0,0,0,1,0,0,0,0,0,0,0,998,0,0,0,14,6,2,14,0,0,0,1,18,46540,6,1,0,0,3,3,68,270,0,0,0,1,0,2,2012,2,2012,0,0,0,0,0,1,2,30,1,1,2,4,0,0,1,12,99,1,4,6,1,0
18,180679,1,4,1,17,12,7,55,12,8,1,0,18,1,7,43,7043,4,2006,1B3EL46X76N1,1,B,3,E,L,4,6,X,7,6,N,1,0,0,0,000000000,00000000000,0,0,0,1,0,0,0,0,0,0,0,998,0,0,0,82,6,2,12,0,0,0,1,18,46952,6,1,0,0,3,0,70,320,0,1,0,0,1,10,2012,12,2012,0,28,0,0,0,1,2,15,3,1,2,2,0,0,14,10,99,1,2,66,1,0
18,180679,2,4,2,17,12,7,55,12,8,1,0,18,1,49,46,49046,5,2013,JTDKN3DU5D55,J,T,D,K,N,3,D,U,5,D,5,5,0,0,0,000000000,00000000000,0,0,0,1,0,0,0,0,0,0,0,998,0,0,0,82,2,5,12,0,0,0,1,18,46714,6,1,0,0,3,3,67,175,0,0,0,0,0,0,0,0,0,0,0,0,0,0,1,2,15,3,1,2,2,0,0,14,62,99,1,1,66,0,0
18,180679,3,4,1,17,12,7,55,12,8,1,0,18,1,20,24,20024,6,2010,1GNLREED1AS1,1,G,N,L,R,E,E,D,1,A,S,1,0,0,0,000000000,00000000000,0,0,0,1,0,0,0,0,0,0,0,998,0,0,0,12,6,2,12,0,0,0,1,18,46777,6,1,0,0,3,3,64,112,0,0,0,1,0,4,2012,4,2012,0,0,0,0,0,1,2,15,3,1,2,2,0,0,14,62,99,1,1,98,0,0
18,180679,4,4,1,17,12,7,55,12,8,1,0,18,2,7,26,7026,4,2012,1C3CDZCB3CN1,1,C,3,C,D,Z,C,B,3,C,N,1,0,0,0,000000000,00000000000,0,0,0,1,0,0,0,0,0,0,0,998,0,0,0,12,6,2,12,0,0,0,1,18,46802,6,1,0,0,3,0,65,150,0,0,0,0,0,0,0,0,0,0,0,0,0,0,1,2,15,3,1,2,2,0,0,14,62,99,1,1,98,0,0
18,180680,1,2,5,26,12,8,45,12,2,1,0,4,1,39,34,39034,4,2001,SAJDA01D31GL,S,A,J,D,A,0,1,D,3,1,G,L,0,0,0,000000000,00000000000,0,0,0,1,0,0,0,0,0,0,0,998,0,0,0,12,6,2,12,0,0,1,1,5,72758,6,1,0,0,3,0,64,120,0,0,0,0,0,0,0,0,0,4,27,0,0,0,2,3,60,1,1,2,4,0,0,1,12,99,1,6,50,5,0
18,180680,2,2,1,26,12,8,45,12,2,1,0,18,3,87,881,87881,66,2011,1XPHD48X0BD1,1,X,P,H,D,4,8,X,0,B,D,1,1,1,57,000074432,57000074432,3,6,1,1,0,0,0,0,0,0,0,998,0,0,0,12,6,2,12,0,0,0,1,18,46032,6,1,6,2,3,0,67,159,1,0,0,0,0,7,2013,7,2013,0,0,0,0,0,2,3,60,1,1,2,4,0,0,1,10,7,1,2,51,0,0
18,180681,1,1,1,20,12,20,6,8,0,1,0,18,1,37,32,37032,4,2001,1HGCG56411A0,1,H,G,C,G,5,6,4,1,1,A,0,0,0,0,000000000,00000000000,0,0,0,1,0,0,0,0,0,0,0,998,0,0,0,1,2,5,8,0,0,0,1,18,47460,6,1,0,0,3,0,67,160,1,0,0,0,0,7,2014,7,2014,0,0,0,0,0,1,2,30,1,1,2,1,0,0,1,81,99,1,1,13,0,0
18,180682,1,1,3,26,12,6,13,1,0,1,0,18,5,35,402,35402,14,2004,5N1ED28Y94C6,5,N,1,E,D,2,8,Y,9,4,C,6,0,0,0,000000000,00000000000,0,0,0,1,0,0,0,0,0,0,0,998,0,1,3,0,6,2,1,0,0,0,1,18,46222,6,1,0,0,3,3,67,200,0,0,0,0,0,0,0,0,0,0,0,0,0,0,3,2,70,1,1,1,4,0,0,1,5,99,4,4,7,1,0
18,180683,1,1,1,27,12,22,57,8,0,1,1,99,9,99,999,99999,99,9999,999999999999,9,9,9,9,9,9,9,9,9,9,9,9,0,0,0,000000000,00000000000,0,0,0,1,0,0,0,0,0,0,0,998,0,0,0,99,9,5,8,0,0,0,1,99,99999,9,9,99,9,9,9,999,999,99,99,99,99,99,99,9999,99,9999,9,99,99,99,99,1,2,30,1,1,2,2,20,3,99,80,99,1,9,13,0,0
18,180684,1,1,1,31,12,1,57,1,0,1,0,18,1,20,471,20471,30,1995,1GCCS14Z0SK1,1,G,C,C,S,1,4,Z,0,S,K,1,0,0,0,000000000,00000000000,0,0,0,1,0,0,0,0,0,0,0,998,0,1,5,0,6,2,1,0,0,0,1,18,47869,6,1,0,0,3,3,72,150,1,1,0,0,0,1,2014,1,2014,3,28,0,0,0,1,2,55,1,1,2,1,0,0,1,12,99,1,4,6,1,1