STATE,ST_CASE,VEH_NO,VE_FORMS,NUMOCCS,DAY,MONTH,HOUR,MINUTE,HARM_EV,MAN_COLL,UNITTYPE,HIT_RUN,REG_STAT,OWNER,MAKE,MODEL,MAK_MOD,BODY_TYP,MOD_YEAR,VIN,VIN_1,VIN_2,VIN_3,VIN_4,VIN_5,VIN_6,VIN_7,VIN_8,VIN_9,VIN_10,VIN_11,VIN_12,TOW_VEH,J_KNIFE,MCARR_I1,MCARR_I2,MCARR_ID,GVWR,V_CONFIG,CARGO_BT,HAZ_INV,HAZ_PLAC,HAZ_ID,HAZ_CNO,HAZ_REL,BUS_USE,SPEC_USE,EMER_USE,TRAV_SP,UNDERIDE,ROLLOVER,ROLINLOC,IMPACT1,DEFORMED,TOWED,M_HARM,VEH_SC1,VEH_SC2,FIRE_EXP,DR_PRES,L_STATE,DR_ZIP,L_STATUS,L_TYPE,CDL_STAT,L_ENDORS,L_COMPL,L_RESTRI,DR_HGT,DR_WGT,PREV_ACC,PREV_SUS,PREV_DWI,PREV_SPD,PREV_OTH,FIRST_MO,FIRST_YR,LAST_MO,LAST_YR,SPEEDREL,DR_SF1,DR_SF2,DR_SF3,DR_SF4,VTRAFWAY,VNUM_LAN,VSPD_LIM,VALIGN,VPROFILE,VPAVETYP,VSURCOND,VTRAFCON,VTCONT_F,P_CRASH1,P_CRASH2,P_CRASH3,PCRASH4,PCRASH5,ACC_TYPE,DEATHS,DR_DRINK
18,180724,2,2,3,1,11,10,6,12,6,1,0,18,2,49,32,49032,4,1997,1NXBA02E1VZ5,1,N,X,B,A,0,2,E,1,V,Z,5,0,0,0,000000000,00000000000,0,0,0,1,0,0,0,0,0,0,0,998,0,0,0,12,6,2,12,0,0,0,1,18,46409,6,1,0,0,3,3,62,140,0,0,0,1,0,3,2013,3,2013,0,0,0,0,0,1,2,30,1,1,2,1,1,3,1,17,99,1,1,86,0,0
18,180725,1,2,2,19,12,14,20,12,2,1,0,18,1,20,23,20023,6,2010,3GNBAADB9AS6,3,G,N,B,A,A,D,B,9,A,S,6,0,0,0,000000000,00000000000,0,0,0,1,0,0,0,0,0,0,0,998,0,0,0,12,6,2,12,32,0,0,1,18,46222,6,1,0,0,3,3,73,220,1,1,0,0,0,1,2014,3,2014,0,0,0,0,0,5,3,35,1,1,2,1,0,0,1,17,99,1,1,69,0,0
18,180725,2,2,1,19,12,14,20,12,2,1,0,18,1,49,32,49032,4,2010,2T1BU4EE4AC3,2,T,1,B,U,4,E,E,4,A,C,3,0,0,0,000000000,00000000000,0,0,0,1,0,0,0,0,0,0,0,998,0,0,0,12,6,2,12,0,0,0,1,18,46222,6,1,0,0,3,3,61,118,0,0,0,0,0,0,0,0,0,0,38,0,0,0,5,3,35,1,1,2,1,0,0,11,15,99,1,1,68,1,0
18,180726,1,1,1,9,7,17,0,8,0,1,0,17,2,84,898,84898,63,2000,1HTSCAAM4YH2,1,H,T,S,C,A,A,M,4,Y,H,2,0,0,57,002052800,57002052800,3,1,3,1,0,0,0,0,0,0,0,998,0,0,0,12,0,5,8,0,0,0,1,17,60513,6,1,6,0,3,0,70,180,0,0,0,0,1,6,2013,6,2013,0,0,0,0,0,5,3,25,1,1,2,1,0,0,1,80,99,1,1,13,0,0
18,180727,1,3,4,23,1,14,52,12,1,1,0,18,2,12,422,12422,15,1999,1FMPU18L1XLB,1,F,M,P,U,1,8,L,1,X,L,B,0,0,0,000000000,00000000000,0,0,0,1,0,0,0,0,0,0,0,998,0,0,0,12,6,2,12,0,0,0,1,18,47265,6,1,0,0,3,0,64,230,0,0,0,0,0,0,0,0,0,0,26,0,0,0,1,2,55,2,2,2,1,0,0,14,50,1,1,1,20,0,0
18,180727,2,3,2,23,1,14,52,12,1,1,0,18,1,12,35,12035,4,1998,3FALP6537WM1,3,F,A,L,P,6,5,3,7,W,M,1,0,0,0,000000000,00000000000,0,0,0,1,0,0,0,0,0,0,0,0,0,0,0,6,6,2,12,0,0,0,1,18,47265,6,1,0,0,3,3,73,185,0,0,0,0,0,0,0,0,0,0,0,0,0,0,1,2,55,2,2,2,1,0,0,5,53,1,1,1,21,1,0
18,180727,3,3,1,23,1,14,52,12,1,1,0,18,2,12,471,12471,30,2005,1FTZR14U95PA,1,F,T,Z,R,1,4,U,9,5,P,A,0,0,0,000000000,00000000000,0,0,0,1,0,0,0,0,0,0,0,998,0,0,0,12,6,2,12,0,0,0,1,18,47006,6,1,6,0,3,0,72,185,0,0,0,0,0,0,0,0,0,0,0,0,0,0,1,2,55,3,2,2,1,0,0,14,62,1,1,1,98,0,0
18,180728,1,1,5,19,11,17,36,8,0,1,0,21,1,2,405,2405,14,2006,1J8HG58286C1,1,J,8,H,G,5,8,2,8,6,C,1,0,0,0,000000000,00000000000,0,0,0,1,0,0,0,0,0,0,0,998,0,0,0,12,2,5,8,0,0,0,1,21,42420,6,1,0,0,3,3,70,180,0,0,0,0,0,0,0,0,0,0,0,0,0,0,2,5,45,1,1,2,1,0,0,1,80,99,1,1,13,0,0
19,190001,1,1,1,2,1,14,43,42,0,1,0,19,2,37,402,37402,14,2001,JHLRD18681C0,J,H,L,R,D,1,8,6,8,1,C,0,0,0,0,000000000,00000000000,0,0,0,1,0,0,0,0,0,0,0,998,0,0,0,12,6,2,42,0,0,0,1,19,50613,6,1,0,0,3,0,72,185,1,0,0,0,0,7,2012,7,2012,0,0,0,0,0,1,2,35,1,1,1,3,0,0,1,13,1,2,4,2,1,0
19,190002,1,2,2,10,1,8,46,12,6,1,0,19,1,20,481,20481,31,2008,1GCJK39638E1,1,G,C,J,K,3,9,6,3,8,E,1,0,0,0,000000000,00000000000,0,0,0,1,0,0,0,0,0,0,0,998,0,0,0,12,6,2,12,0,0,0,1,19,52141,6,1,0,0,3,0,70,220,0,0,0,0,0,0,0,0,0,0,87,0,0,0,1,2,55,2,2,2,4,0,0,14,62,9,1,1,65,0,0
19,190002,2,2,4,10,1,8,46,12,6,1,0,27,1,49,442,49442,20,2004,5TDZA23C54S1,5,T,D,Z,A,2,3,C,5,4,S,1,0,0,0,000000000,00000000000,0,0,0,1,0,0,0,0,0,0,0,998,0,0,0,3,6,2,12,0,0,0,1,19,52162,6,1,0,0,3,0,69,149,0,0,0,0,0,0,0,0,0,4,87,0,0,0,1,2,55,3,2,2,4,0,0,14,6,8,4,2,64,4,0
19,190003,1,2,1,9,1,17,34,12,2,1,0,19,1,18,2,18002,4,2004,1G4HR54K84U1,1,G,4,H,R,5,4,K,8,4,U,1,0,0,0,000000000,00000000000,0,0,0,1,0,0,0,0,0,0,0,998,0,0,0,12,6,2,12,0,0,0,1,19,50010,6,1,0,0,3,0,67,190,0,0,0,0,0,0,0,0,0,0,28,0,0,0,1,4,45,1,1,1,1,0,0,1,10,1,7,2,50,1,0
19,190003,2,2,1,9,1,17,34,12,2,1,0,19,1,49,43,49043,4,2002,4T1BF28B12U2,4,T,1,B,F,2,8,B,1,2,U,2,0,0,0,000000000,00000000000,0,0,0,1,0,0,0,0,0,0,0,998,0,0,0,12,6,2,12,0,0,0,1,19,50014,6,1,0,0,3,3,63,195,0,0,0,0,0,0,0,0,0,0,0,0,0,0,1,4,45,1,1,1,1,0,0,1,62,1,1,1,51,0,0
19,190004,1,2,2,10,1,16,11,12,2,1,0,19,2,20,403,20403,14,2004,1GNDT13S9421,1,G,N,D,T,1,3,S,9,4,2,1,0,0,0,000000000,00000000000,0,0,0,1,0,0,0,0,0,0,0,998,0,0,0,12,6,2,12,0,0,0,1,19,52361,6,1,0,0,3,0,69,145,0,0,0,0,0,0,0,0,0,0,87,0,0,0,1,2,55,1,2,1,4,0,0,1,5,9,3,2,50,1,0
19,190004,2,2,1,10,1,16,11,12,2,1,0,19,3,20,473,20473,30,2011,1GCESCFE5B81,1,G,C,E,S,C,F,E,5,B,8,1,0,0,0,000000000,00000000000,0,0,0,1,0,0,0,0,0,0,0,998,0,0,0,12,6,2,12,0,0,0,1,19,52225,6,1,0,0,3,3,70,165,0,0,0,0,0,0,0,0,0,0,87,0,0,0,1,2,55,1,2,1,4,0,0,1,62,9,1,1,51,0,0
19,190005,1,1,1,10,1,18,21,42,0,1,0,19,1,12,481,12481,31,2010,1FTSX2B51AEA,1,F,T,S,X,2,B,5,1,A,E,A,0,0,0,000000000,00000000000,0,0,0,1,0,0,0,0,0,0,0,998,0,0,0,3,6,2,42,0,0,0,1,19,50213,6,1,6,0,3,0,68,210,0,0,0,1,0,3,2012,3,2012,0,87,0,0,0,1,2,55,1,1,1,4,0,0,1,5,1,4,4,7,1,0
19,190006,1,1,5,10,1,20,10,34,0,1,0,31,2,20,9,20009,2,2011,2G1FK1EJ6B91,2,G,1,F,K,1,E,J,6,B,9,1,0,0,0,000000000,00000000000,0,0,0,1,0,0,0,0,0,0,0,998,0,1,5,12,6,2,1,0,0,0,1,99,68801,9,9,99,9,9,9,999,999,99,99,99,99,99,99,9999,99,9999,0,6,0,0,0,2,2,70,2,1,2,4,0,0,14,5,1,1,4,6,5,1
19,190007,1,2,1,11,1,6,5,12,2,1,0,19,2,63,33,63033,4,2008,KNAFE1210855,K,N,A,F,E,1,2,1,0,8,5,5,0,0,0,000000000,00000000000,0,0,0,1,0,0,0,0,0,0,0,998,0,0,0,12,6,2,12,0,0,0,1,19,52556,6,1,0,0,3,0,62,185,0,0,0,0,0,0,0,0,0,0,0,0,0,0,1,2,50,1,2,4,4,0,0,1,10,1,1,2,50,1,0
19,190007,2,2,2,11,1,6,5,12,2,1,0,19,1,18,441,18441,20,2006,5GADX33L06D1,5,G,A,D,X,3,3,L,0,6,D,1,0,0,0,000000000,00000000000,0,0,0,1,0,0,0,0,0,0,0,998,0,0,0,12,6,2,12,0,0,0,1,19,52651,6,1,0,0,3,0,68,220,0,0,0,1,0,2,2012,2,2012,0,0,0,0,0,1,2,50,1,2,4,4,0,0,1,62,1,1,1,51,0,0
19,190008,1,1,1,16,1,22,8,30,0,1,0,19,1,21,17,21017,4,1995,1G3AJ55M1S64,1,G,3,A,J,5,5,M,1,S,6,4,0,0,0,000000000,00000000000,0,0,0,1,0,0,0,0,0,0,0,998,0,0,0,9,6,2,30,0,0,0,1,19,50324,6,1,0,0,3,0,68,205,0,0,0,0,0,0,0,0,0,0,87,77,0,0,1,2,25,1,1,1,3,0,0,1,5,8,1,4,1,1,1
19,190009,1,1,1,14,1,8,30,24,0,1,0,19,1,18,7,18007,4,2002,2G4WS52J2212,2,G,4,W,S,5,2,J,2,2,1,2,0,0,0,000000000,00000000000,0,0,0,1,0,0,0,0,0,0,0,998,0,1,5,3,6,2,24,0,0,0,1,19,50027,4,8,5,0,2,0,68,170,0,0,0,0,0,0,0,0,0,0,87,0,0,0,1,2,55,1,2,1,4,0,0,1,5,99,5,4,7,1,0
19,190010,1,2,1,17,1,22,32,12,2,1,0,5,2,63,33,63033,4,2008,KNAFE1214855,K,N,A,F,E,1,2,1,4,8,5,5,0,0,0,000000000,00000000000,0,0,0,1,0,0,0,0,0,0,0,998,0,0,0,12,6,2,12,0,0,0,1,5,72758,6,1,0,0,3,0,73,215,0,0,0,2,0,6,2012,3,2013,0,51,0,0,0,2,2,70,3,1,1,1,0,0,14,54,1,1,1,52,1,1
19,190010,2,2,3,17,1,22,32,12,2,1,0,46,2,35,39,35039,4,2005,1N4BA41E25C8,1,N,4,B,A,4,1,E,2,5,C,8,0,0,0,000000000,00000000000,0,0,0,1,0,0,0,0,0,0,0,998,0,0,0,12,6,2,12,0,0,0,1,46,57106,6,1,0,0,3,0,999,999,0,0,0,1,1,6,2012,6,2012,0,0,0,0,0,2,2,70,2,1,1,1,0,0,14,54,1,1,1,52,0,0
19,190011,1,1,1,18,1,21,30,35,0,1,0,19,2,20,880,20880,67,2013,1GC4K0C84DF2,1,G,C,4,K,0,C,8,4,D,F,2,0,0,88,888888888,88888888888,2,1,97,1,0,0,0,0,0,0,0,998,0,1,5,4,6,2,35,0,0,0,1,19,50217,3,1,0,0,1,0,66,170,0,0,0,0,0,0,0,0,0,4,79,0,0,0,1,2,50,2,1,4,11,0,0,14,13,6,4,4,2,1,1
19,190012,1,1,2,19,1,1,52,35,0,1,0,19,1,18,22,18022,4,2006,2G4WD5821611,2,G,4,W,D,5,8,2,1,6,1,1,0,0,0,000000000,00000000000,0,0,0,1,0,0,0,0,0,0,0,998,0,1,5,11,6,2,1,0,0,0,1,19,52339,6,1,0,0,3,0,65,200,0,0,0,0,0,0,0,0,0,3,87,0,0,0,1,2,55,1,2,4,11,0,0,1,13,1,2,4,2,1,1
19,190013,1,1,2,21,1,6,51,32,0,1,0,37,2,12,481,12481,31,2001,1FTSF31L81ED,1,F,T,S,F,3,1,L,8,1,E,D,0,0,0,000000000,00000000000,0,0,0,1,0,0,0,0,0,0,0,998,0,1,5,9,6,2,1,0,0,0,1,35,87048,6,1,0,0,3,0,70,290,98,0,0,2,1,1,2012,6,2013,4,0,0,0,0,2,2,65,1,1,1,4,0,0,1,5,5,4,4,2,2,0
19,190014,1,3,1,22,1,14,22,12,1,1,0,19,2,22,18,22018,4,2000,1G2NF52T1YM7,1,G,2,N,F,5,2,T,1,Y,M,7,0,0,0,000000000,00000000000,0,0,0,1,0,0,0,0,0,0,0,998,0,0,0,12,6,2,12,0,0,0,1,31,68147,3,1,0,0,2,0,70,150,1,0,0,2,2,6,2011,12,2012,4,39,0,0,0,2,4,55,1,1,1,1,1,3,1,50,1,1,1,20,1,0
19,190014,2,3,1,22,1,14,22,12,1,1,0,19,1,49,403,49403,14,2009,JTEES42A7921,J,T,E,E,S,4,2,A,7,9,2,1,0,0,0,000000000,00000000000,0,0,0,1,0,0,0,0,0,0,0,0,0,0,0,6,6,2,12,0,0,0,1,19,52577,6,1,0,0,3,0,67,145,0,0,0,0,0,0,0,0,0,0,0,0,0,0,2,4,55,1,1,1,1,1,3,5,98,1,1,1,21,0,0
19,190014,3,3,2,22,1,14,22,12,1,1,0,19,1,7,442,7442,20,2001,1B4GP25B71B2,1,B,4,G,P,2,5,B,7,1,B,2,0,0,0,000000000,00000000000,0,0,0,1,0,0,0,0,0,0,0,0,0,0,0,6,6,2,12,0,0,0,1,19,50228,6,1,0,0,3,0,62,125,0,0,0,0,0,0,0,0,0,0,0,0,0,0,8,4,55,1,1,1,1,1,3,5,98,1,1,1,98,0,0
19,190015,1,2,2,25,1,11,6,12,6,1,0,19,1,22,18,22018,2,2004,1G2NV52E14C1,1,G,2,N,V,5,2,E,1,4,C,1,0,0,0,000000000,00000000000,0,0,0,1,0,0,0,0,0,0,0,998,0,0,0,3,6,2,12,0,0,0,1,19,50436,6,1,0,0,3,0,64,113,1,0,0,2,0,3,2013,10,2013,0,0,0,0,0,1,2,55,1,2,2,4,0,0,1,5,1,4,2,64,2,0
19,190015,2,2,1,25,1,11,6,12,6,1,0,19,1,12,401,12401,14,1998,1FMZU35P0WZC,1,F,M,Z,U,3,5,P,0,W,Z,C,0,0,0,000000000,00000000000,0,0,0,1,0,0,0,0,0,0,0,998,0,0,0,12,6,2,12,0,0,0,1,19,50432,6,1,6,0,3,3,68,195,0,0,0,0,0,0,0,0,0,0,0,0,0,0,1,2,55,1,2,2,4,0,0,1,62,1,1,1,65,0,0
19,190016,1,1,2,27,1,12,6,35,0,1,0,19,3,49,32,49032,4,2013,5YFBU4EE5DP2,5,Y,F,B,U,4,E,E,5,D,P,2,0,0,0,000000000,00000000000,0,0,0,1,0,0,0,0,0,0,0,998,0,1,5,99,6,2,1,0,0,0,1,19,51106,6,1,0,0,1,0,64,170,0,0,0,0,0,0,0,0,0,0,87,0,0,0,2,4,65,1,2,1,4,0,0,1,5,1,4,4,7,1,0
19,190017,1,2,2,1,2,9,40,12,1,1,0,19,1,12,481,12481,31,2004,1FTPW14544KD,1,F,T,P,W,1,4,5,4,4,K,D,0,0,0,000000000,00000000000,0,0,0,1,0,0,0,0,0,0,0,998,0,0,0,6,6,2,12,0,0,0,1,19,50672,6,1,0,0,3,0,73,230,0,0,0,0,0,0,0,0,0,0,0,0,0,0,2,4,70,1,1,1,4,0,0,1,5,1,4,2,64,1,0
19,190017,2,2,1,1,2,9,40,12,1,1,0,27,3,85,881,85881,66,2012,1XKAA48X1CJ3,1,X,K,A,A,4,8,X,1,C,J,3,1,1,57,618375,57618375,3,6,1,1,0,0,0,0,0,0,0,998,0,0,0,12,6,2,12,0,0,0,1,27,55344,6,1,6,1,3,1,66,210,0,0,0,0,0,0,0,0,0,0,0,0,0,0,2,4,70,1,1,1,4,0,0,1,55,1,1,1,65,0,0
19,190018,1,2,2,1,2,12,46,12,2,1,0,19,1,7,482,7482,31,2003,1D7HU16NX3J5,1,D,7,H,U,1,6,N,X,3,J,5,0,0,0,000000000,00000000000,0,0,0,1,0,0,0,0,0,0,0,998,0,0,0,12,6,2,12,0,0,0,1,19,51503,6,1,6,0,3,0,64,120,0,0,0,1,0,6,2013,6,2013,0,0,0,0,0,1,2,55,1,3,4,4,0,0,1,10,7,1,2,52,0,0
19,190018,2,2,2,1,2,12,46,12,2,1,0,19,1,20,481,20481,31,1993,1GCEK14K8PE1,1,G,C,E,K,1,4,K,8,P,E,1,0,0,0,000000000,00000000000,0,0,0,1,0,0,0,0,0,0,0,998,0,0,0,12,6,2,12,0,0,0,1,19,51560,6,1,6,0,3,0,72,270,0,0,0,0,0,0,0,0,0,0,0,0,0,0,1,2,55,1,3,4,4,0,0,1,10,7,1,2,52,1,0
19,190019,1,1,2,1,2,1,9,42,0,1,0,19,1,12,401,12401,14,2000,1FMZU73EXYUA,1,F,M,Z,U,7,3,E,X,Y,U,A,0,0,0,000000000,00000000000,0,0,0,1,0,0,0,0,0,0,0,998,0,0,0,3,6,2,42,0,0,0,1,19,52637,6,1,0,0,3,0,67,170,0,0,0,0,0,0,0,0,0,4,0,0,0,0,2,2,55,1,2,1,3,0,0,1,12,1,1,4,6,1,1
19,190020,1,1,1,2,2,8,39,35,0,1,0,19,1,51,401,51401,14,2006,YV4SZ5921612,Y,V,4,S,Z,5,9,2,1,6,1,2,0,0,0,000000000,00000000000,0,0,0,1,0,0,0,0,0,0,0,998,0,1,5,12,6,2,1,0,0,0,1,19,50021,6,1,0,0,3,3,69,148,0,0,0,1,0,5,2011,5,2011,0,0,0,0,0,3,2,65,1,1,2,1,0,0,1,13,1,1,4,1,1,0
19,190021,1,2,1,4,2,7,50,12,2,1,0,19,2,20,481,20481,31,2005,2GCEK13T3512,2,G,C,E,K,1,3,T,3,5,1,2,0,0,0,000000000,00000000000,0,0,0,1,0,0,0,0,0,0,0,998,0,0,0,12,6,2,12,0,0,0,1,19,50317,6,1,0,0,3,0,65,140,1,0,0,0,0,6,2013,6,2013,0,0,0,0,0,2,4,65,1,1,1,3,0,0,15,10,1,2,2,50,0,0
19,190021,2,2,1,4,2,7,50,12,2,1,0,19,1,20,16,20016,2,1994,1G1JC1448R71,1,G,1,J,C,1,4,4,8,R,7,1,0,0,0,000000000,00000000000,0,0,0,1,0,0,0,0,0,0,0,998,0,0,0,12,6,2,12,0,0,0,1,19,50211,6,1,3,0,3,1,69,230,1,0,0,0,0,9,2013,9,2013,0,0,0,0,0,2,4,65,1,1,1,3,0,0,15,54,1,2,2,51,1,0
19,190022,1,1,1,11,1,5,52,1,0,1,0,27,2,12,37,12037,2,2000,3FAFP3137YR2,3,F,A,F,P,3,1,3,7,Y,R,2,0,0,0,000000000,00000000000,0,0,0,1,0,0,0,0,0,0,0,998,0,2,3,0,6,2,1,0,0,0,1,27,56117,6,1,6,0,3,3,63,160,0,0,0,2,0,5,2011,7,2012,0,0,0,0,0,2,4,65,1,1,1,4,0,0,1,12,7,2,4,7,1,0
19,190023,1,2,1,12,2,10,56,12,6,1,0,19,3,51,881,51881,66,2006,4V4NC9GH46N4,4,V,4,N,C,9,G,H,4,6,N,4,1,1,57,1184773,571184773,3,6,1,1,0,0,0,0,0,0,0,998,0,0,0,12,6,2,12,0,0,0,1,19,50036,6,1,6,1,3,1,69,170,0,0,0,1,0,12,2011,12,2011,0,0,0,0,0,1,4,45,1,1,1,2,3,3,1,62,1,1,1,69,0,0
19,190023,2,2,1,12,2,10,56,12,6,1,0,19,1,21,2,21002,4,1998,1G3HN52K4W48,1,G,3,H,N,5,2,K,4,W,4,8,0,0,0,000000000,00000000000,0,0,0,1,0,0,0,0,0,0,0,998,0,0,0,3,6,2,12,0,0,0,1,19,50707,6,1,0,0,3,3,67,160,0,0,0,0,0,0,0,0,0,0,0,0,0,0,2,4,45,1,1,1,2,3,3,11,15,1,1,2,68,1,0
19,190024,1,1,4,13,2,16,21,10,0,1,0,19,2,18,3,18003,4,2002,1G4CW54K9241,1,G,4,C,W,5,4,K,9,2,4,1,0,0,0,000000000,00000000000,0,0,0,1,0,0,0,0,0,0,0,998,0,0,0,3,6,2,10,0,0,0,1,19,50588,6,7,0,0,3,3,68,146,0,0,0,0,0,0,0,0,0,0,0,0,0,0,1,2,20,1,1,1,1,65,3,1,92,1,1,1,15,2,0
19,190025,1,1,1,14,2,22,54,8,0,1,1,99,9,99,999,99999,99,9999,999999999999,9,9,9,9,9,9,9,9,9,9,9,9,0,0,0,000000000,00000000000,0,0,0,1,0,0,0,0,0,0,0,998,0,0,0,12,9,5,8,0,0,0,1,99,99999,9,9,99,0,9,9,999,999,99,99,99,99,99,99,9999,99,9999,9,99,99,99,99,1,4,35,1,1,2,1,0,0,99,99,99,9,9,13,0,0
19,190026,1,1,2,18,2,18,40,8,0,1,0,19,1,37,441,37441,20,2012,5FNRL5H96CB0,5,F,N,R,L,5,H,9,6,C,B,0,0,0,0,000000000,00000000000,0,0,0,1,0,0,0,0,0,0,0,998,0,0,0,1,4,3,8,0,0,0,1,19,50401,6,1,0,0,3,0,65,140,0,0,0,0,0,0,0,0,0,0,0,0,0,0,1,4,35,1,1,1,2,0,0,1,80,1,1,1,13,0,0
19,190028,1,1,1,22,2,2,0,34,0,1,0,19,2,2,404,2404,14,1996,1J4EZ58S5TC1,1,J,4,E,Z,5,8,S,5,T,C,1,0,0,0,000000000,00000000000,0,0,0,1,0,0,0,0,0,0,0,998,0,1,5,1,6,2,3,0,0,0,1,19,52170,2,1,0,0,2,0,73,230,0,0,0,0,0,0,0,0,0,0,0,0,0,0,1,2,50,3,2,4,4,0,0,14,13,1,1,4,1,1,1
19,190029,1,1,1,22,2,16,9,52,0,1,0,19,1,39,31,39031,2,2005,SAJDA42C452A,S,A,J,D,A,4,2,C,4,5,2,A,0,0,0,000000000,00000000000,0,0,0,1,0,0,0,0,0,0,0,998,0,0,0,9,6,2,52,0,0,0,1,19,50022,6,1,0,0,3,3,62,94,0,0,0,0,0,0,0,0,0,0,0,0,0,0,1,2,55,1,5,2,1,0,0,1,13,8,3,4,1,1,0
19,190030,1,1,1,25,2,16,32,1,0,1,0,16,1,12,401,12401,14,2000,1FMZU74E5YZA,1,F,M,Z,U,7,4,E,5,Y,Z,A,0,0,0,000000000,00000000000,0,0,0,1,0,0,0,0,0,0,0,998,0,1,5,0,6,2,1,0,0,0,1,16,83404,6,1,0,0,3,0,71,195,0,2,1,0,0,7,2013,10,2013,0,58,0,0,0,1,2,55,3,1,2,1,0,0,14,12,6,4,4,7,1,1
19,190031,1,1,1,25,2,0,1,34,0,1,0,19,1,12,481,12481,31,1995,2FTHF26F7SCA,2,F,T,H,F,2,6,F,7,S,C,A,0,0,0,000000000,00000000000,0,0,0,1,0,0,0,0,0,0,0,998,0,0,0,13,6,2,34,0,0,0,1,19,51022,6,1,6,0,3,0,68,185,0,0,0,0,0,0,0,0,0,0,0,0,0,0,1,2,55,1,1,2,3,0,0,1,5,1,1,4,1,1,0
19,190033,1,2,2,24,2,19,20,12,6,1,0,19,1,7,25,7025,5,2007,1B3HB48BX7D2,1,B,3,H,B,4,8,B,X,7,D,2,0,0,0,000000000,00000000000,0,0,0,1,0,0,0,0,0,0,0,998,0,0,0,1,6,2,12,0,0,0,1,19,52577,6,1,0,0,3,0,67,140,0,0,0,0,0,0,0,0,0,0,6,0,0,0,1,2,55,1,1,1,3,0,0,1,5,1,4,2,64,0,0
19,190033,2,2,1,24,2,19,20,12,6,1,0,46,1,2,404,2404,14,1991,1J4FJ27S5ML5,1,J,4,F,J,2,7,S,5,M,L,5,0,0,0,000000000,00000000000,0,0,0,1,0,0,0,0,0,0,0,998,0,0,0,12,6,2,12,0,0,0,1,46,57580,6,1,0,0,3,0,72,185,1,3,2,0,0,8,2011,12,2012,0,0,0,0,0,1,2,55,1,1,1,3,0,0,1,62,1,1,1,65,1,0
19,190034,1,2,1,25,1,21,34,12,2,1,0,19,1,6,43,6043,2,2002,4C3AG52HX2E1,4,C,3,A,G,5,2,H,X,2,E,1,0,0,0,000000000,00000000000,0,0,0,1,0,0,0,0,0,0,0,998,0,0,0,12,6,2,12,0,0,0,1,19,50310,1,1,5,0,1,0,72,200,0,5,1,0,0,11,2011,1,2014,0,0,0,0,0,1,2,45,1,2,2,1,0,0,1,9,1,1,2,50,1,1
19,190034,2,2,2,25,1,21,34,12,2,1,0,19,1,20,481,20481,31,1997,2GCEK19R7V11,2,G,C,E,K,1,9,R,7,V,1,1,0,0,0,000000000,00000000000,0,0,0,1,0,0,0,0,0,0,0,998,0,0,0,12,6,2,12,0,0,0,1,19,50167,6,1,0,0,3,3,71,190,0,0,0,0,0,0,0,0,0,0,0,0,0,0,1,2,45,1,2,2,1,0,0,1,62,1,1,1,51,0,0
19,190035,1,1,1,3,3,4,45,10,0,1,0,19,1,35,47,35047,4,2003,1N4AL11D83C1,1,N,4,A,L,1,1,D,8,3,C,1,0,0,0,000000000,00000000000,0,0,0,1,0,0,0,0,0,0,0,998,0,1,6,3,6,2,10,99,99,0,1,19,52040,0,0,0,0,0,0,999,999,0,0,0,0,0,0,0,0,0,0,0,0,0,0,1,2,25,1,1,2,3,65,3,1,17,1,1,1,15,1,0
19,190036,1,2,1,4,3,10,42,12,2,1,0,19,1,12,402,12402,14,2009,1FMCU94GX9KA,1,F,M,C,U,9,4,G,X,9,K,A,0,0,0,000000000,00000000000,0,0,0,1,0,0,0,0,0,0,0,998,0,0,0,12,6,2,12,0,0,0,1,19,50536,6,1,0,0,3,3,64,110,0,0,0,0,0,0,0,0,0,0,51,0,0,0,1,2,55,1,2,1,1,0,0,1,10,1,1,2,50,0,0
19,190036,2,2,1,4,3,10,42,12,2,1,0,19,1,12,442,12442,20,2001,2FMZA53471BB,2,F,M,Z,A,5,3,4,7,1,B,B,0,0,0,000000000,00000000000,0,0,0,1,0,0,0,0,0,0,0,998,0,0,0,12,6,2,12,0,0,0,1,19,50515,6,1,0,0,3,3,60,170,0,0,0,0,0,0,0,0,0,0,0,0,0,0,1,2,55,1,2,1,1,0,0,1,62,1,1,1,51,1,0
19,190037,1,2,1,24,1,21,40,12,2,1,0,19,1,48,34,48034,4,2008,4S4BP61CX873,4,S,4,B,P,6,1,C,X,8,7,3,0,0,0,000000000,00000000000,0,0,0,1,0,0,0,0,0,0,0,998,0,0,0,12,6,2,12,0,0,0,1,19,50675,6,1,0,0,3,3,64,180,0,0,0,0,0,0,0,0,0,0,0,0,0,0,1,2,55,1,1,1,4,0,0,1,5,1,2,2,52,1,0
19,190037,2,2,1,24,1,21,40,12,2,1,0,19,3,84,881,84881,63,2007,1HSHXAHR47J3,1,H,S,H,X,A,H,R,4,7,J,3,0,0,57,00002489,5700002489,3,2,1,1,0,0,0,0,0,0,0,998,0,0,0,12,6,2,12,0,0,0,1,19,50131,6,1,6,0,3,1,66,185,0,0,0,0,0,0,0,0,0,0,0,0,0,0,1,2,55,1,1,1,4,0,0,1,62,6,1,1,52,0,0
19,190038,1,2,2,4,3,13,57,12,98,1,0,19,1,20,443,20443,20,2002,1GNDX03E22D2,1,G,N,D,X,0,3,E,2,2,D,2,0,0,0,000000000,00000000000,0,0,0,1,0,0,0,0,0,0,0,998,0,0,0,9,6,2,12,0,0,0,1,19,50139,6,1,0,0,3,0,62,135,0,0,0,1,0,4,2011,4,2011,0,0,0,0,0,1,2,55,1,5,2,1,0,0,1,10,99,1,2,64,1,0