STATE,ST_CASE,VEH_NO,VE_FORMS,NUMOCCS,DAY,MONTH,HOUR,MINUTE,HARM_EV,MAN_COLL,UNITTYPE,HIT_RUN,REG_STAT,OWNER,MAKE,MODEL,MAK_MOD,BODY_TYP,MOD_YEAR,VIN,VIN_1,VIN_2,VIN_3,VIN_4,VIN_5,VIN_6,VIN_7,VIN_8,VIN_9,VIN_10,VIN_11,VIN_12,TOW_VEH,J_KNIFE,MCARR_I1,MCARR_I2,MCARR_ID,GVWR,V_CONFIG,CARGO_BT,HAZ_INV,HAZ_PLAC,HAZ_ID,HAZ_CNO,HAZ_REL,BUS_USE,SPEC_USE,EMER_USE,TRAV_SP,UNDERIDE,ROLLOVER,ROLINLOC,IMPACT1,DEFORMED,TOWED,M_HARM,VEH_SC1,VEH_SC2,FIRE_EXP,DR_PRES,L_STATE,DR_ZIP,L_STATUS,L_TYPE,CDL_STAT,L_ENDORS,L_COMPL,L_RESTRI,DR_HGT,DR_WGT,PREV_ACC,PREV_SUS,PREV_DWI,PREV_SPD,PREV_OTH,FIRST_MO,FIRST_YR,LAST_MO,LAST_YR,SPEEDREL,DR_SF1,DR_SF2,DR_SF3,DR_SF4,VTRAFWAY,VNUM_LAN,VSPD_LIM,VALIGN,VPROFILE,VPAVETYP,VSURCOND,VTRAFCON,VTCONT_F,P_CRASH1,P_CRASH2,P_CRASH3,PCRASH4,PCRASH5,ACC_TYPE,DEATHS,DR_DRINK
19,190120,2,3,1,6,7,15,41,12,1,1,0,56,3,85,881,85881,66,2000,1XKWDB9X6YR8,1,X,K,W,D,B,9,X,6,Y,R,8,1,1,57,0855631,570855631,3,6,1,1,0,0,0,0,0,0,0,0,0,0,0,6,6,2,12,0,0,0,1,16,83316,6,1,6,0,3,3,72,200,0,1,0,1,0,9,2011,9,2011,0,54,0,0,0,2,4,70,1,1,1,1,0,0,5,59,1,1,1,21,0,0
19,190120,3,3,3,6,7,15,41,12,1,1,0,31,1,6,441,6441,20,2006,1A4GP45R36B7,1,A,4,G,P,4,5,R,3,6,B,7,0,0,0,000000000,00000000000,0,0,0,1,0,0,0,0,0,0,0,0,0,0,0,11,2,5,12,0,0,0,1,31,68845,6,1,0,0,3,0,73,180,0,0,0,0,0,0,0,0,0,0,0,0,0,0,2,4,70,1,1,1,1,0,0,5,60,1,1,1,98,0,0
19,190121,1,2,1,6,7,16,25,12,2,1,0,17,2,37,31,37031,2,2007,2HGFG11837H5,2,H,G,F,G,1,1,8,3,7,H,5,0,0,0,000000000,00000000000,0,0,0,1,0,0,0,0,0,0,0,998,0,0,0,12,6,2,12,0,0,0,1,17,60565,6,1,0,0,3,0,74,215,0,0,0,0,0,0,0,0,0,0,0,0,0,0,1,2,55,1,1,2,1,0,0,1,10,6,1,4,50,1,0
19,190121,2,2,2,6,7,16,25,12,2,1,0,19,1,20,481,20481,31,2004,1GCHC24U44E2,1,G,C,H,C,2,4,U,4,4,E,2,1,1,0,000000000,00000000000,0,0,0,1,0,0,0,0,0,0,0,998,0,0,0,12,6,2,12,0,0,0,1,19,52653,6,1,6,0,3,1,68,190,0,0,0,0,0,0,0,0,0,0,0,0,0,0,1,2,55,1,1,2,1,0,0,1,62,7,1,4,51,1,0
19,190122,1,2,3,30,6,4,33,12,6,1,0,19,1,41,51,41051,4,2008,JM1BK12F1817,J,M,1,B,K,1,2,F,1,8,1,7,0,0,0,000000000,00000000000,0,0,0,1,0,0,0,0,0,0,0,998,0,0,0,9,6,2,12,0,0,0,1,19,52641,6,1,0,0,3,3,64,115,0,0,0,1,0,11,2013,11,2013,0,39,0,0,0,1,2,50,1,1,4,1,20,3,1,17,1,1,1,89,1,1
19,190122,2,2,4,30,6,4,33,12,6,1,0,19,3,20,443,20443,20,2003,1GNDX13E43D2,1,G,N,D,X,1,3,E,4,3,D,2,0,0,0,000000000,00000000000,0,0,0,1,0,0,0,0,0,0,0,998,0,0,0,12,6,2,12,0,0,0,1,19,52641,6,1,0,0,3,0,69,150,0,0,0,1,0,12,2013,12,2013,0,0,0,0,0,2,3,65,3,2,2,1,0,0,14,66,8,1,3,88,0,0
19,190123,1,3,1,7,7,11,38,12,2,1,0,19,3,49,40,49040,4,2012,4T1BK1FK7CU0,4,T,1,B,K,1,F,K,7,C,U,0,0,0,0,000000000,00000000000,0,0,0,1,0,0,0,0,0,0,0,998,0,0,0,12,6,2,12,0,0,0,1,19,50701,6,1,6,0,3,0,74,200,0,0,0,0,0,0,0,0,0,0,0,0,0,0,1,2,55,1,1,2,1,0,0,1,10,1,1,2,50,1,0
19,190123,2,3,1,7,7,11,38,12,2,1,0,19,3,82,881,82881,66,2012,1FUJGEDV5CLB,1,F,U,J,G,E,D,V,5,C,L,B,1,1,57,3045,573045,3,6,1,1,0,0,0,0,0,0,0,998,0,0,0,12,6,2,12,0,0,0,1,19,52641,6,1,6,0,3,1,71,225,0,0,0,0,0,0,0,0,0,0,0,0,0,0,1,2,55,1,1,2,1,0,0,1,62,1,1,1,51,0,0
19,190123,3,3,2,7,7,11,38,12,2,1,0,20,1,49,442,49442,20,2006,5TDZA23C66S4,5,T,D,Z,A,2,3,C,6,6,S,4,0,0,0,000000000,00000000000,0,0,0,1,0,0,0,0,0,0,0,998,0,0,0,1,6,2,12,0,0,0,1,20,66441,6,1,0,0,3,0,74,200,0,0,0,0,0,0,0,0,0,0,0,0,0,0,1,2,55,1,1,2,1,0,0,1,62,1,1,1,98,0,0
19,190124,1,2,1,10,7,8,50,12,2,1,0,19,2,20,481,20481,31,1995,2GCEK19K3S12,2,G,C,E,K,1,9,K,3,S,1,2,0,0,0,000000000,00000000000,0,0,0,1,0,0,0,0,0,0,0,998,0,0,0,12,6,2,12,0,0,0,1,19,50125,6,1,0,0,3,0,69,196,0,0,0,1,0,10,2012,10,2012,0,0,0,0,0,1,2,55,2,1,2,1,0,0,14,10,1,1,2,50,0,0
19,190124,2,2,1,10,7,8,50,12,2,1,0,31,3,20,870,20870,61,2011,1GB3G4BG9B11,1,G,B,3,G,4,B,G,9,B,1,1,0,0,57,437336,57437336,2,1,1,1,0,0,0,0,0,0,0,998,0,0,0,12,6,2,12,0,0,0,1,31,68132,6,1,0,0,3,3,72,225,0,0,1,1,0,6,2012,11,2012,0,0,0,0,0,1,2,55,3,1,2,1,0,0,14,62,7,1,1,51,1,0
19,190125,1,2,1,10,7,10,16,12,2,1,0,19,1,20,401,20401,14,2002,1GNDT13W12K1,1,G,N,D,T,1,3,W,1,2,K,1,0,0,0,000000000,00000000000,0,0,0,1,0,0,0,0,0,0,0,998,0,1,2,12,6,2,12,0,0,0,1,19,52215,6,1,0,0,3,0,68,165,1,0,0,0,0,2,2012,2,2012,0,0,0,0,0,1,2,55,1,2,2,1,0,0,1,62,6,1,4,51,1,0
19,190125,2,2,1,10,7,10,16,12,2,1,0,19,3,20,481,20481,31,1996,1GCFC29M4TE1,1,G,C,F,C,2,9,M,4,T,E,1,0,0,0,000000000,00000000000,0,0,0,1,0,0,0,0,0,0,0,998,0,0,0,12,6,2,12,0,0,0,1,19,52342,6,1,0,0,3,1,75,200,0,0,0,0,0,0,0,0,0,0,0,0,0,0,1,2,55,1,2,2,1,0,0,1,10,7,1,4,50,0,0
19,190126,1,2,1,24,6,17,1,12,6,1,0,19,1,12,471,12471,30,1993,1FTCR11X8PPB,1,F,T,C,R,1,1,X,8,P,P,B,0,0,0,000000000,00000000000,0,0,0,1,0,0,0,0,0,0,0,998,0,0,0,3,2,3,12,0,0,0,1,19,52302,6,1,6,0,3,0,65,180,0,0,0,0,0,0,0,0,0,0,0,0,0,0,1,4,35,2,1,2,1,2,3,11,15,1,1,1,68,0,0
19,190126,2,2,1,24,6,17,1,12,6,1,0,19,1,53,706,53706,80,2001,JS1GW71AX121,J,S,1,G,W,7,1,A,X,1,2,1,0,0,0,000000000,00000000000,0,0,0,1,0,0,0,0,0,0,0,998,0,0,0,12,6,2,12,0,0,0,1,19,52214,6,1,0,0,3,3,78,185,0,1,0,3,0,9,2012,4,2014,0,0,0,0,0,1,4,35,3,1,2,1,2,3,14,63,1,1,1,69,1,0
19,190127,1,1,2,5,7,3,2,34,0,1,0,19,2,20,2,20002,4,2004,2G1WP5218491,2,G,1,W,P,5,2,1,8,4,9,1,0,0,0,000000000,00000000000,0,0,0,1,0,0,0,0,0,0,0,998,0,1,5,3,6,2,1,0,0,0,1,19,52349,6,1,0,0,3,3,72,175,1,6,1,0,4,11,2011,7,2014,0,58,0,0,0,1,2,55,1,2,2,1,0,0,1,13,6,4,4,6,1,1
19,190128,1,2,1,8,7,16,34,12,6,1,0,19,1,76,705,76705,80,2003,JYA5AHE0X3A0,J,Y,A,5,A,H,E,0,X,3,A,0,0,0,0,000000000,00000000000,0,0,0,1,0,0,0,0,0,0,0,998,0,0,0,12,6,2,12,0,0,0,1,19,51520,6,1,0,0,3,0,71,180,1,1,0,5,0,10,2011,4,2014,0,0,0,0,0,1,5,45,1,1,1,1,0,0,1,66,7,1,2,88,1,0
19,190128,2,2,1,8,7,16,34,12,6,1,0,19,2,20,481,20481,31,2004,2GCEK19T3411,2,G,C,E,K,1,9,T,3,4,1,1,0,0,0,000000000,00000000000,0,0,0,1,0,0,0,0,0,0,0,998,0,0,0,7,6,2,12,0,0,0,1,8,80525,6,1,0,0,3,0,71,170,0,0,0,0,0,0,0,0,0,0,0,0,0,0,1,2,30,1,1,1,1,20,3,1,17,1,1,1,89,0,0
19,190129,1,1,1,11,7,0,1,1,0,1,0,19,1,72,706,72706,80,2009,1HD1JM5139Y0,1,H,D,1,J,M,5,1,3,9,Y,0,0,0,0,000000000,00000000000,0,0,0,1,0,0,0,0,0,0,0,998,0,0,0,0,6,2,1,0,0,0,1,19,50010,6,1,0,0,3,3,69,238,0,0,0,0,0,0,0,0,0,0,0,0,0,0,1,2,55,3,1,2,1,0,0,14,13,1,1,4,1,1,1
19,190130,1,1,2,13,7,17,6,16,0,1,0,19,1,37,734,37734,90,2005,1HFTE2800540,1,H,F,T,E,2,8,0,0,5,4,0,0,0,0,000000000,00000000000,0,0,0,1,0,0,0,0,0,0,0,998,0,0,0,0,4,3,16,0,0,0,1,19,50501,6,1,0,0,1,0,77,290,0,0,0,1,2,1,2012,9,2013,0,0,0,0,0,1,2,55,4,2,4,1,0,0,99,91,1,1,1,0,2,0
19,190131,1,2,1,14,7,18,12,12,1,1,0,19,1,18,24,18024,6,2008,5GAEV23708J2,5,G,A,E,V,2,3,7,0,8,J,2,0,0,0,000000000,00000000000,0,0,0,1,0,0,0,0,0,0,0,998,0,0,0,12,6,2,12,0,0,0,1,19,52211,6,1,0,0,3,0,67,145,0,0,0,0,0,0,0,0,0,0,0,0,0,0,1,2,55,1,1,2,1,0,0,1,51,1,1,1,24,0,0
19,190131,2,2,1,14,7,18,12,12,1,1,0,19,1,98,998,98998,97,2004,999999999999,9,9,9,9,9,9,9,9,9,9,9,9,0,0,0,000000000,00000000000,0,0,0,1,0,0,0,0,0,0,0,998,0,1,5,6,6,2,12,0,0,0,1,19,50157,6,1,0,0,1,0,65,200,0,0,0,0,0,0,0,0,0,0,0,0,0,0,1,2,55,1,1,2,1,0,0,1,53,1,1,1,25,1,0
19,190132,1,2,1,14,7,6,50,12,6,1,0,19,3,82,881,82881,66,2000,1FUYSDYB2YPB,1,F,U,Y,S,D,Y,B,2,Y,P,B,1,1,57,000450755,57000450755,3,6,3,1,0,0,0,0,0,0,0,998,0,0,0,7,0,5,12,0,0,0,1,19,50423,6,1,6,0,3,0,71,210,0,0,0,0,0,0,0,0,0,0,0,0,0,0,6,2,45,1,1,1,1,1,3,1,66,1,1,1,89,0,0
19,190132,2,2,1,14,7,6,50,12,6,1,0,19,1,37,705,37705,80,2001,JH2PC35021M2,J,H,2,P,C,3,5,0,2,1,M,2,0,0,0,000000000,00000000000,0,0,0,1,0,0,0,0,0,0,0,998,0,0,0,12,6,2,12,0,0,0,1,19,52404,6,1,6,0,3,0,70,190,0,0,0,0,0,0,0,0,0,0,0,0,0,0,6,3,45,1,1,1,1,1,3,1,17,1,1,1,88,1,0
19,190133,1,1,1,4,7,21,44,34,0,1,0,19,1,77,706,77706,80,2011,5VPGC36N3B30,5,V,P,G,C,3,6,N,3,B,3,0,0,0,0,000000000,00000000000,0,0,0,1,0,0,0,0,0,0,0,998,0,0,0,12,6,2,34,0,0,0,1,19,50574,6,1,6,0,3,0,75,240,0,0,0,0,0,0,0,0,0,3,0,0,0,0,1,2,55,3,6,1,1,0,0,14,12,3,2,4,7,1,1
19,190134,1,2,1,16,7,11,30,12,6,1,0,19,1,37,705,37705,80,1986,JH2RC2106GM2,J,H,2,R,C,2,1,0,6,G,M,2,0,0,0,000000000,00000000000,0,0,0,1,0,0,0,0,0,0,0,998,0,0,0,12,6,2,12,0,0,0,1,19,50158,6,1,0,0,3,3,64,220,0,0,0,0,0,0,0,0,0,5,99,99,99,99,4,2,25,1,1,2,1,0,0,1,61,1,1,1,73,1,0
19,190134,2,2,1,16,7,11,30,12,6,1,0,19,3,84,881,84881,63,2000,1HSCEAHR9YJ0,1,H,S,C,E,A,H,R,9,Y,J,0,0,0,57,000541227,57000541227,3,2,1,1,0,0,0,0,0,0,0,998,0,0,0,11,2,5,12,0,0,0,1,19,50317,6,1,6,0,3,0,69,180,0,0,0,0,0,0,0,0,0,0,0,0,0,0,4,2,25,1,1,2,1,0,0,11,15,1,1,2,72,0,0
19,190135,1,2,1,16,7,23,0,12,2,1,0,19,2,73,705,73705,80,1998,JKAZX4G12WA0,J,K,A,Z,X,4,G,1,2,W,A,0,0,0,0,000000000,00000000000,0,0,0,1,0,0,0,0,0,0,0,998,0,0,0,12,6,2,12,0,0,0,1,19,50035,2,1,0,0,2,0,73,225,0,2,0,0,3,9,2011,10,2013,3,37,0,0,0,1,5,35,1,1,2,1,0,0,1,62,1,1,1,69,1,0
19,190135,2,2,1,16,7,23,0,12,2,1,0,19,1,2,404,2404,14,2002,1J4GW48S22C2,1,J,4,G,W,4,8,S,2,2,C,2,0,0,0,000000000,00000000000,0,0,0,1,0,0,0,0,0,0,0,998,0,0,0,12,6,2,12,0,0,0,1,19,50265,6,1,0,0,2,0,74,180,0,0,0,0,0,0,0,0,0,0,0,0,0,0,1,5,35,1,1,2,1,0,0,11,15,1,1,2,68,0,1
19,190136,1,1,1,19,7,1,5,34,0,1,0,19,1,72,706,72706,80,2008,1HD1CX31X8K4,1,H,D,1,C,X,3,1,X,8,K,4,0,0,0,000000000,00000000000,0,0,0,1,0,0,0,0,0,0,0,998,0,0,0,9,6,2,59,0,0,0,1,19,50036,3,1,0,0,2,0,72,220,0,1,0,0,0,1,2012,1,2012,0,0,0,0,0,1,2,55,3,1,2,1,0,0,14,13,6,2,4,1,1,0
19,190137,1,1,1,23,7,18,3,34,0,1,0,19,1,72,706,72706,80,2004,1HD1DDV114Y6,1,H,D,1,D,D,V,1,1,4,Y,6,0,0,0,000000000,00000000000,0,0,0,1,0,0,0,0,0,0,0,998,0,0,0,12,6,2,34,0,0,0,1,19,52653,6,1,0,0,3,0,70,160,0,0,0,4,0,3,2012,6,2014,0,0,0,0,0,1,2,55,2,1,2,1,0,0,14,12,1,2,4,7,1,0
19,190138,1,1,1,6,6,19,53,1,0,1,0,19,2,55,35,55035,4,2008,KMHDU46D88U3,K,M,H,D,U,4,6,D,8,8,U,3,0,0,0,000000000,00000000000,0,0,0,1,0,0,0,0,0,0,0,998,0,1,5,0,6,2,1,0,0,0,1,19,52075,6,1,0,0,3,0,65,190,0,0,0,0,0,0,0,0,0,0,0,0,0,0,1,2,55,2,6,1,1,0,0,14,12,1,4,4,7,1,1
19,190139,1,4,1,25,7,16,51,12,6,1,0,19,1,12,471,12471,30,1999,1FTYR10V7XPA,1,F,T,Y,R,1,0,V,7,X,P,A,0,0,0,000000000,00000000000,0,0,0,1,0,0,0,0,0,0,0,998,0,1,1,3,6,2,12,0,0,0,1,19,52402,6,1,0,0,3,3,70,220,0,0,0,0,0,0,0,0,0,0,38,0,0,0,1,5,55,3,1,1,1,1,3,11,15,1,1,2,68,1,0
19,190139,2,4,1,25,7,16,51,12,6,1,0,19,1,30,402,30402,14,2009,WVGBV75N09W5,W,V,G,B,V,7,5,N,0,9,W,5,0,0,0,000000000,00000000000,0,0,0,1,0,0,0,0,0,0,0,998,0,0,0,12,6,2,12,0,0,0,1,19,52402,6,1,0,0,3,3,65,154,0,0,0,0,0,0,0,0,0,0,0,0,0,0,1,5,55,2,1,1,1,1,3,14,62,1,1,1,69,0,0
19,190139,3,4,1,25,7,16,51,12,6,1,0,19,1,18,7,18007,4,2001,2G4WS52J9112,2,G,4,W,S,5,2,J,9,1,1,2,0,0,0,000000000,00000000000,0,0,0,1,0,0,0,0,0,0,0,0,0,0,0,12,6,2,12,0,0,0,1,19,52345,6,1,6,0,3,0,68,225,0,0,0,0,0,0,0,0,0,0,0,0,0,0,2,3,25,1,1,1,1,1,3,5,67,1,1,1,98,0,0
19,190139,4,4,1,25,7,16,51,12,6,1,0,19,1,20,37,20037,4,2005,1G1ZS52F95F2,1,G,1,Z,S,5,2,F,9,5,F,2,0,0,0,000000000,00000000000,0,0,0,1,0,0,0,0,0,0,0,0,0,0,0,12,2,5,73,0,0,0,1,19,52057,6,1,0,0,3,3,71,200,0,0,0,0,0,0,0,0,0,0,0,0,0,0,2,3,25,1,1,1,1,1,3,5,67,1,1,1,98,0,0
19,190140,1,1,1,24,7,23,30,35,0,1,0,19,1,72,706,72706,80,2013,1HD1GX418DC3,1,H,D,1,G,X,4,1,8,D,C,3,0,0,0,000000000,00000000000,0,0,0,1,0,0,0,0,0,0,0,998,0,0,0,12,6,2,35,0,0,0,1,19,52404,2,1,0,0,2,0,67,175,0,3,0,0,1,1,2012,7,2014,0,0,0,0,0,1,2,55,3,1,2,1,0,0,14,13,1,1,4,1,1,0
19,190141,1,2,6,27,7,16,38,12,6,1,0,19,1,7,482,7482,31,2007,1D7HU18267S1,1,D,7,H,U,1,8,2,6,7,S,1,0,0,0,000000000,00000000000,0,0,0,1,0,0,0,0,0,0,0,998,0,0,0,11,6,2,12,0,0,0,1,19,52627,6,1,0,0,3,1,77,190,0,0,0,0,0,0,0,0,0,0,48,0,0,0,1,2,55,1,1,1,1,0,0,12,10,1,1,2,98,0,0
19,190141,2,2,2,27,7,16,38,12,6,1,0,19,1,12,3,12003,2,1996,1FALP42X0TF1,1,F,A,L,P,4,2,X,0,T,F,1,0,0,0,000000000,00000000000,0,0,0,1,0,0,0,0,0,0,0,998,0,0,0,1,6,2,12,0,0,0,1,19,52353,6,1,6,0,3,1,71,215,0,0,0,0,0,0,0,0,0,0,0,0,0,0,1,2,55,1,1,1,1,0,0,1,62,1,1,1,98,1,1
19,190142,1,1,2,26,7,1,58,35,0,1,0,19,1,20,403,20403,14,2003,1GNDT13X13K1,1,G,N,D,T,1,3,X,1,3,K,1,0,0,0,000000000,00000000000,0,0,0,1,0,0,0,0,0,0,0,998,0,1,5,3,6,2,1,0,0,0,1,19,50466,6,1,0,0,3,1,70,183,0,0,0,0,0,0,0,0,0,0,58,0,0,0,1,2,55,1,1,2,1,0,0,1,13,6,4,4,1,1,0
19,190143,1,2,1,30,7,6,25,12,1,1,0,19,1,76,701,76701,81,2008,LPRSA30A18A1,L,P,R,S,A,3,0,A,1,8,A,1,0,0,0,000000000,00000000000,0,0,0,1,0,0,0,0,0,0,0,998,0,0,0,6,6,2,12,0,0,0,1,19,52645,6,1,0,0,3,1,66,155,0,0,0,0,0,0,0,0,0,0,0,0,0,0,4,2,65,1,1,1,1,0,0,1,53,1,1,1,25,1,0
19,190143,2,2,1,30,7,6,25,12,1,1,0,17,1,30,40,30040,4,1999,3VWSF29M6XM0,3,V,W,S,F,2,9,M,6,X,M,0,0,0,0,000000000,00000000000,0,0,0,1,0,0,0,0,0,0,0,998,0,0,0,12,6,2,12,0,0,0,1,17,61559,6,1,0,0,3,0,77,250,0,0,0,1,0,2,2013,2,2013,0,0,0,0,0,2,2,65,1,1,1,1,0,0,1,51,1,1,1,24,0,0
19,190145,1,1,1,30,7,7,56,58,0,1,0,19,1,76,706,76706,80,2012,JYAVP32E7CA0,J,Y,A,V,P,3,2,E,7,C,A,0,0,0,0,000000000,00000000000,0,0,0,1,0,0,0,0,0,0,0,998,0,0,0,12,6,2,58,0,0,0,1,19,51054,6,1,0,0,3,3,66,280,0,0,0,0,0,0,0,0,0,0,0,0,0,0,2,3,55,1,1,2,1,0,0,1,10,3,2,4,7,1,0
19,190146,1,2,1,3,7,23,4,12,6,1,0,19,1,53,706,53706,80,2001,JS1GT74A8121,J,S,1,G,T,7,4,A,8,1,2,1,0,0,0,000000000,00000000000,0,0,0,1,0,0,0,0,0,0,0,998,0,0,0,12,6,2,12,0,0,0,1,19,52402,6,1,0,0,3,1,71,165,0,0,0,0,0,0,0,0,0,0,39,0,0,0,1,5,35,1,1,1,1,2,3,1,17,1,1,1,88,1,1
19,190146,2,2,4,3,7,23,4,12,6,1,0,19,2,55,421,55421,15,2008,KM8NU73C58U0,K,M,8,N,U,7,3,C,5,8,U,0,0,0,0,000000000,00000000000,0,0,0,1,0,0,0,0,0,0,0,998,0,0,0,9,6,2,12,0,0,0,1,19,52302,6,1,0,0,3,3,76,225,0,0,0,0,0,0,0,0,0,0,0,0,0,0,1,5,30,1,1,1,1,2,3,1,66,1,1,1,89,0,0
19,190147,1,2,2,2,8,14,7,12,8,1,0,19,1,20,481,20481,31,1999,1GCGK24U3XE1,1,G,C,G,K,2,4,U,3,X,E,1,1,3,0,000000000,00000000000,0,0,0,1,0,0,0,0,0,0,0,998,0,0,0,11,6,2,2,0,0,1,1,19,50605,6,1,6,0,3,1,70,200,0,0,0,0,0,0,0,0,0,0,0,0,0,0,1,2,55,1,1,2,1,0,0,1,10,1,1,2,64,0,0
19,190147,2,2,1,2,8,14,7,12,8,1,0,19,1,20,471,20471,30,2000,1GCCS1454Y82,1,G,C,C,S,1,4,5,4,Y,8,2,0,0,0,000000000,00000000000,0,0,0,1,0,0,0,0,0,0,0,998,0,0,0,11,6,2,12,0,0,0,1,19,52224,6,1,0,0,3,3,67,145,0,0,0,0,0,0,0,0,0,0,0,0,0,0,1,2,55,1,1,2,1,0,0,1,62,1,1,1,65,1,0
19,190148,1,4,1,1,8,9,2,12,1,1,0,19,2,20,404,20404,14,2006,2CNDL73FX660,2,C,N,D,L,7,3,F,X,6,6,0,0,0,0,000000000,00000000000,0,0,0,1,0,0,0,0,0,0,0,998,0,0,0,12,6,2,12,0,0,0,1,19,52144,6,1,0,0,3,0,70,165,1,0,0,0,0,6,2013,6,2013,0,28,0,0,0,1,2,55,2,1,2,1,0,0,14,50,1,1,1,20,0,0
19,190148,2,4,1,1,8,9,2,12,1,1,1,19,1,20,404,20404,14,2012,2GNALPEKXC63,2,G,N,A,L,P,E,K,X,C,6,3,0,0,0,000000000,00000000000,0,0,0,1,0,0,0,0,0,0,0,0,0,0,0,6,2,5,12,0,0,0,1,19,50659,6,1,0,0,3,0,58,130,0,0,0,0,0,0,0,0,0,0,0,0,0,0,1,3,55,2,1,2,1,0,0,14,53,1,1,1,22,0,0
19,190148,3,4,1,1,8,9,2,12,1,1,0,29,1,72,706,72706,80,1999,1HD1GEV11XY3,1,H,D,1,G,E,V,1,1,X,Y,3,0,0,0,000000000,00000000000,0,0,0,1,0,0,0,0,0,0,0,998,0,0,0,12,6,2,12,0,0,0,1,29,64429,6,1,0,0,3,0,74,180,0,0,0,0,0,0,0,0,0,0,0,0,0,0,1,3,55,3,1,2,1,0,0,14,62,1,1,1,98,1,0
19,190148,4,4,1,1,8,9,2,12,1,1,0,28,1,37,709,37709,80,2009,1HFSC52T09A6,1,H,F,S,C,5,2,T,0,9,A,6,0,0,0,000000000,00000000000,0,0,0,1,0,0,0,0,0,0,0,998,0,0,0,12,2,3,12,0,0,0,1,29,64429,6,1,0,0,3,0,74,220,0,0,0,0,0,0,0,0,0,0,0,0,0,0,1,3,55,3,1,2,1,0,0,14,62,1,1,1,98,0,0
19,190149,1,1,1,21,6,17,7,35,0,1,0,19,1,37,706,37706,80,1988,1HFSC2202JA0,1,H,F,S,C,2,2,0,2,J,A,0,0,0,0,000000000,00000000000,0,0,0,1,0,0,0,0,0,0,0,998,0,0,0,1,6,2,35,30,0,0,1,19,51301,6,1,0,0,3,1,74,288,0,0,0,0,0,0,0,0,0,0,0,0,0,0,1,2,55,3,2,1,1,0,0,14,13,1,2,4,2,1,0
19,190150,1,2,1,1,8,16,59,12,6,1,0,19,2,18,20,18020,4,1999,2G4WF5218X14,2,G,4,W,F,5,2,1,8,X,1,4,0,0,0,000000000,00000000000,0,0,0,1,0,0,0,0,0,0,0,998,0,0,0,9,6,2,12,0,0,0,1,19,52806,6,1,0,0,3,3,63,101,0,0,0,0,0,0,0,0,0,0,39,0,0,0,1,2,25,1,1,2,1,20,3,11,15,1,1,2,82,0,0
19,190150,2,2,3,1,8,16,59,12,6,1,0,19,1,12,461,12461,21,1993,1FDEE14N6PHA,1,F,D,E,E,1,4,N,6,P,H,A,0,0,0,000000000,00000000000,0,0,0,1,0,0,0,0,0,0,0,998,0,0,0,12,6,2,12,0,0,0,1,19,52802,6,1,0,0,3,0,66,240,0,0,0,0,0,0,0,0,0,0,0,0,0,0,1,4,35,1,1,2,1,0,0,1,67,1,1,1,83,1,0
19,190151,1,2,3,2,8,13,34,12,6,1,0,19,1,20,481,20481,31,2006,1GCHK23246F1,1,G,C,H,K,2,3,2,4,6,F,1,1,1,0,000000000,00000000000,0,0,0,1,0,0,0,0,0,0,0,998,0,1,5,12,6,2,12,0,0,0,1,19,52053,6,1,0,0,3,3,71,150,0,2,0,0,0,11,2011,7,2012,0,39,0,0,0,1,2,55,1,1,4,1,20,3,1,17,1,1,1,88,0,1
19,190151,2,2,4,2,8,13,34,12,6,1,0,0,0,98,998,98998,97,2011,000000000000,0,0,0,0,0,0,0,0,0,0,0,0,0,0,0,000000000,00000000000,0,0,0,1,0,0,0,0,0,0,0,998,0,0,0,11,6,2,12,0,0,1,1,19,99999,6,7,0,0,1,0,999,999,99,99,99,99,99,99,9999,99,9999,0,0,0,0,0,1,2,55,1,1,1,1,0,0,1,66,1,1,1,89,4,0
19,190152,1,1,1,2,8,3,30,38,0,1,0,19,1,23,481,23481,31,1989,2GTGK39N7K15,2,G,T,G,K,3,9,N,7,K,1,5,0,0,0,000000000,00000000000,0,0,0,1,0,0,0,0,0,0,0,998,0,1,5,3,6,2,1,0,0,0,1,19,50575,6,1,6,0,3,0,72,200,2,0,0,0,0,11,2013,2,2014,0,0,0,0,0,1,2,55,1,1,2,1,0,0,1,13,6,1,4,1,1,1
19,190153,1,2,1,3,8,19,17,12,1,1,1,19,1,35,472,35472,30,2003,1N6DD26T53C4,1,N,6,D,D,2,6,T,5,3,C,4,0,0,0,000000000,00000000000,0,0,0,1,0,0,0,0,0,0,0,998,0,0,0,12,6,2,12,0,0,0,1,19,50170,6,1,0,0,3,0,72,250,0,0,0,0,0,0,0,0,0,0,26,0,0,0,1,2,55,1,5,2,1,0,0,1,51,1,1,1,24,0,1
19,190153,2,2,1,3,8,19,17,12,1,1,0,19,1,76,709,76709,80,1982,999999999999,9,9,9,9,9,9,9,9,9,9,9,9,0,0,0,000000000,00000000000,0,0,0,1,0,0,0,0,0,0,0,998,0,0,0,6,6,2,12,0,0,0,1,19,50138,6,1,0,0,3,0,72,125,0,0,0,0,0,0,0,0,0,0,0,0,0,0,1,2,55,1,5,2,1,0,0,10,53,1,1,1,25,1,0