STATE,ST_CASE,VEH_NO,VE_FORMS,NUMOCCS,DAY,MONTH,HOUR,MINUTE,HARM_EV,MAN_COLL,UNITTYPE,HIT_RUN,REG_STAT,OWNER,MAKE,MODEL,MAK_MOD,BODY_TYP,MOD_YEAR,VIN,VIN_1,VIN_2,VIN_3,VIN_4,VIN_5,VIN_6,VIN_7,VIN_8,VIN_9,VIN_10,VIN_11,VIN_12,TOW_VEH,J_KNIFE,MCARR_I1,MCARR_I2,MCARR_ID,GVWR,V_CONFIG,CARGO_BT,HAZ_INV,HAZ_PLAC,HAZ_ID,HAZ_CNO,HAZ_REL,BUS_USE,SPEC_USE,EMER_USE,TRAV_SP,UNDERIDE,ROLLOVER,ROLINLOC,IMPACT1,DEFORMED,TOWED,M_HARM,VEH_SC1,VEH_SC2,FIRE_EXP,DR_PRES,L_STATE,DR_ZIP,L_STATUS,L_TYPE,CDL_STAT,L_ENDORS,L_COMPL,L_RESTRI,DR_HGT,DR_WGT,PREV_ACC,PREV_SUS,PREV_DWI,PREV_SPD,PREV_OTH,FIRST_MO,FIRST_YR,LAST_MO,LAST_YR,SPEEDREL,DR_SF1,DR_SF2,DR_SF3,DR_SF4,VTRAFWAY,VNUM_LAN,VSPD_LIM,VALIGN,VPROFILE,VPAVETYP,VSURCOND,VTRAFCON,VTCONT_F,P_CRASH1,P_CRASH2,P_CRASH3,PCRASH4,PCRASH5,ACC_TYPE,DEATHS,DR_DRINK
19,190154,1,1,1,4,8,11,26,21,0,1,0,19,1,20,404,20404,14,2013,2GNFLEEK1D63,2,G,N,F,L,E,E,K,1,D,6,3,0,0,0,000000000,00000000000,0,0,0,1,0,0,0,0,0,0,0,998,0,0,0,12,6,2,21,0,0,1,1,19,50321,6,1,0,0,3,3,71,250,0,0,0,0,0,0,0,0,0,0,0,0,0,0,2,3,65,1,1,1,1,0,0,1,13,1,1,4,1,1,0
19,190155,1,2,1,4,8,23,52,12,2,1,0,19,1,9,20,9020,4,1996,3P3ES47C0TT2,3,P,3,E,S,4,7,C,0,T,T,2,0,0,0,000000000,00000000000,0,0,0,1,0,0,0,0,0,0,0,998,0,0,0,12,6,2,12,0,0,0,1,19,51050,6,1,0,0,3,3,71,200,0,0,0,0,0,0,0,0,0,0,0,0,0,0,1,2,55,1,1,1,1,0,0,1,10,1,1,2,50,1,0
19,190155,2,2,1,4,8,23,52,12,2,1,0,19,3,87,881,87881,66,2007,1XP5DB9X97N8,1,X,P,5,D,B,9,X,9,7,N,8,1,1,57,02289453,5702289453,3,6,1,1,0,0,0,0,0,0,0,998,0,0,0,12,6,2,12,0,0,0,1,19,51247,6,1,6,0,3,3,66,190,2,0,0,0,1,2,2013,7,2014,0,0,0,0,0,1,2,55,1,1,2,1,0,0,1,62,1,1,1,51,0,0
19,190156,1,1,1,9,8,1,15,35,0,1,0,19,1,98,709,98709,80,2004,000000000000,0,0,0,0,0,0,0,0,0,0,0,0,0,0,0,000000000,00000000000,0,0,0,1,0,0,0,0,0,0,0,998,0,0,0,99,6,2,35,0,0,0,1,19,50591,6,1,6,0,3,0,73,220,0,0,0,0,0,0,0,0,0,0,0,0,0,0,1,2,55,3,1,2,1,0,0,14,13,6,2,4,2,1,1
19,190157,1,1,1,9,8,13,54,30,0,1,0,19,1,14,17,14017,4,2003,1MEFM50U03G6,1,M,E,F,M,5,0,U,0,3,G,6,0,0,0,000000000,00000000000,0,0,0,1,0,0,0,0,0,0,0,998,0,0,0,9,6,2,30,0,0,0,1,19,50841,6,1,0,0,3,3,64,115,0,0,0,0,0,0,0,0,0,0,0,0,0,0,1,2,45,1,1,4,1,0,0,1,10,7,2,4,2,1,0
19,190158,1,1,1,10,8,4,0,1,0,1,0,31,1,6,42,6042,4,1999,2C3HC56G7XH8,2,C,3,H,C,5,6,G,7,X,H,8,0,0,0,000000000,00000000000,0,0,0,1,0,0,0,0,0,0,0,998,0,1,5,0,6,2,1,0,0,0,1,31,68005,6,1,0,0,3,0,72,180,0,0,0,0,0,0,0,0,0,3,0,0,0,0,1,2,55,1,1,2,1,0,0,1,11,6,2,4,2,1,1
19,190159,1,2,3,11,8,9,52,12,6,1,0,19,1,20,2,20002,4,2007,2G1WT55N3792,2,G,1,W,T,5,5,N,3,7,9,2,0,0,0,000000000,00000000000,0,0,0,1,0,0,0,0,0,0,0,998,0,0,0,9,6,2,12,0,0,0,1,19,50595,6,1,0,0,3,0,66,180,0,0,0,0,0,0,0,0,0,0,39,0,0,0,1,2,25,1,1,1,1,20,3,1,17,1,1,1,89,2,0
19,190159,2,2,2,11,8,9,52,12,6,1,0,19,1,2,405,2405,14,2004,1J4GL48K24W3,1,J,4,G,L,4,8,K,2,4,W,3,0,0,0,000000000,00000000000,0,0,0,1,0,0,0,0,0,0,0,998,0,0,0,12,6,2,12,0,0,0,1,19,50036,6,1,0,0,3,3,63,150,0,0,0,0,0,0,0,0,0,0,0,0,0,0,1,2,65,1,2,2,1,0,0,1,66,8,1,1,88,0,0
19,190160,1,2,1,12,8,10,18,12,6,1,0,19,2,22,32,22032,6,2003,5Y2SM64883Z4,5,Y,2,S,M,6,4,8,8,3,Z,4,0,0,0,000000000,00000000000,0,0,0,1,0,0,0,0,0,0,0,998,7,0,0,3,6,2,12,0,0,0,1,19,50535,6,2,0,0,3,3,61,130,0,0,0,0,0,0,0,0,0,0,58,0,0,0,1,2,55,1,2,2,1,0,0,1,11,6,4,2,64,1,0
19,190160,2,2,2,12,8,10,18,12,6,1,0,48,1,82,850,82850,73,2003,4UZAAHAK13CM,4,U,Z,A,A,H,A,K,1,3,C,M,0,0,0,000000000,00000000000,0,0,0,1,0,0,0,0,0,0,0,998,0,0,0,12,6,2,12,0,0,0,1,48,77437,6,1,0,0,3,3,70,200,0,0,0,0,0,0,0,0,0,0,0,0,0,0,1,2,55,1,2,2,1,0,0,1,62,7,1,2,65,0,0
19,190161,1,1,2,13,8,8,41,21,0,1,0,38,1,20,36,20036,2,2004,2G1WX12K5493,2,G,1,W,X,1,2,K,5,4,9,3,0,0,0,000000000,00000000000,0,0,0,1,0,0,0,0,0,0,0,998,0,0,0,12,6,2,21,0,0,0,1,38,58225,0,0,0,0,0,0,72,258,0,0,0,0,0,0,0,0,0,0,0,0,0,0,2,2,65,1,1,2,1,0,0,1,12,1,1,4,6,1,0
19,190162,1,1,1,14,8,9,40,35,0,1,0,19,1,2,999,2999,49,1979,J9F93EH82517,J,9,F,9,3,E,H,8,2,5,1,7,0,0,0,000000000,00000000000,0,0,0,1,0,0,0,0,0,0,0,998,0,1,5,11,6,2,1,0,0,0,1,19,51601,2,1,0,0,2,0,67,170,0,1,1,0,0,4,2014,4,2014,0,0,0,0,0,1,2,98,1,1,4,11,0,0,1,11,1,2,4,2,1,0
19,190163,1,2,2,14,8,16,20,54,11,1,0,56,1,12,880,12880,67,1999,1FTWX33F0XED,1,F,T,W,X,3,3,F,0,X,E,D,1,1,88,888888888,88888888888,2,4,3,1,0,0,0,0,0,0,0,998,0,0,0,18,0,5,54,0,0,0,1,56,82009,6,1,0,0,3,3,69,230,0,0,0,0,0,0,0,0,0,0,0,0,0,0,2,2,55,1,2,1,1,40,1,1,3,99,1,1,98,0,0
19,190163,2,2,1,14,8,16,20,54,11,1,0,42,1,72,706,72706,80,2001,1HD1CGP171K1,1,H,D,1,C,G,P,1,7,1,K,1,0,0,0,000000000,00000000000,0,0,0,1,0,0,0,0,0,0,0,998,0,0,0,12,6,2,54,0,0,0,1,42,15226,6,1,0,0,3,3,68,999,0,0,0,0,0,0,0,0,0,0,0,0,0,0,2,2,55,1,2,1,1,40,3,1,62,1,1,1,98,1,0
19,190164,1,2,1,6,8,19,17,12,6,1,0,19,1,20,2,20002,4,2005,2G1WP5511593,2,G,1,W,P,5,5,1,1,5,9,3,0,0,0,000000000,00000000000,0,0,0,1,0,0,0,0,0,0,0,998,0,0,0,12,6,2,12,0,0,0,1,19,52577,6,1,0,0,3,0,62,120,0,0,0,0,0,0,0,0,0,0,0,0,0,0,2,2,65,1,2,1,2,0,0,1,17,1,1,2,86,1,1
19,190164,2,2,1,6,8,19,17,12,6,1,0,19,3,87,881,87881,66,2003,1XP5D49X13D8,1,X,P,5,D,4,9,X,1,3,D,8,1,1,57,1938194,571938194,3,6,97,1,0,0,0,0,0,0,0,998,0,0,0,1,6,2,12,0,0,0,1,19,50625,6,1,6,0,3,3,73,220,0,0,0,2,1,11,2011,7,2014,0,0,0,0,0,2,2,65,1,2,1,2,0,0,1,71,1,1,1,87,0,0
19,190165,1,1,1,23,5,15,29,35,0,1,0,27,1,19,3,19003,4,1985,1G6CB6981F43,1,G,6,C,B,6,9,8,1,F,4,3,0,0,0,000000000,00000000000,0,0,0,1,0,0,0,0,0,0,0,998,0,0,0,1,6,2,35,0,0,0,1,27,56470,6,1,0,0,3,3,70,200,1,0,0,0,0,6,2013,6,2013,0,0,0,0,0,2,2,65,1,1,1,1,0,0,1,11,1,1,4,1,1,0
19,190166,1,1,1,18,6,21,10,11,0,1,0,17,1,37,706,37706,80,2002,1HFSC43002A2,1,H,F,S,C,4,3,0,0,2,A,2,0,0,0,000000000,00000000000,0,0,0,1,0,0,0,0,0,0,0,998,0,0,0,12,6,2,11,0,0,0,1,17,61252,6,1,0,0,3,3,66,160,0,0,0,1,0,9,2011,9,2011,0,0,0,0,0,1,2,55,1,1,1,1,0,0,1,87,1,1,1,13,1,0
19,190167,1,2,1,16,8,13,10,12,7,1,0,19,1,72,706,72706,80,2010,1HD1FR413AB6,1,H,D,1,F,R,4,1,3,A,B,6,0,0,0,000000000,00000000000,0,0,0,1,0,0,0,0,0,0,0,998,0,0,0,9,6,2,12,0,0,0,1,19,51503,6,1,6,0,3,3,71,170,0,0,0,0,0,0,0,0,0,4,0,0,0,0,1,2,55,2,6,2,1,0,0,14,53,4,2,2,45,1,0
19,190167,2,2,2,16,8,13,10,12,7,1,0,19,1,76,701,76701,80,2007,JYAVP25E37A0,J,Y,A,V,P,2,5,E,3,7,A,0,0,0,0,000000000,00000000000,0,0,0,1,0,0,0,0,0,0,0,998,0,0,0,9,6,2,12,0,0,0,1,19,51503,6,1,6,0,3,3,67,225,0,0,0,0,0,0,0,0,0,0,0,0,0,0,1,2,55,2,6,2,1,0,0,14,53,1,1,1,44,0,0
19,190168,1,1,1,16,8,23,29,35,0,1,0,19,2,37,705,37705,80,1982,JH2PC0213CM1,J,H,2,P,C,0,2,1,3,C,M,1,0,0,0,000000000,00000000000,0,0,0,1,0,0,0,0,0,0,0,998,0,0,0,12,6,2,35,0,0,0,1,19,51503,1,1,0,0,2,0,72,185,0,0,0,0,2,7,2013,7,2013,0,0,0,0,0,1,2,55,2,2,4,1,0,0,14,11,4,2,4,7,1,0
19,190169,1,1,3,18,8,20,5,1,0,1,0,19,2,49,40,49040,4,1998,4T1BG22K9WU3,4,T,1,B,G,2,2,K,9,W,U,3,0,0,0,000000000,00000000000,0,0,0,1,0,0,0,0,0,0,0,998,0,1,5,0,6,2,1,0,0,0,1,19,52336,6,1,0,0,3,0,67,195,0,0,0,0,0,0,0,0,0,0,0,0,0,0,1,2,55,3,1,1,1,0,0,14,11,1,2,4,2,1,1
19,190170,1,1,1,19,8,16,38,1,0,1,0,19,1,76,706,76706,80,2007,JYAVP17E67A0,J,Y,A,V,P,1,7,E,6,7,A,0,0,0,0,000000000,00000000000,0,0,0,1,0,0,0,0,0,0,0,998,0,0,0,0,6,2,1,0,0,0,1,19,51301,6,1,6,0,3,0,72,190,0,0,0,0,0,0,0,0,0,0,0,0,0,0,1,2,25,1,2,2,1,0,0,1,9,1,1,1,98,1,0
19,190171,1,1,2,22,8,18,32,1,0,1,0,19,2,38,472,38472,30,1996,1GGCS1440T87,1,G,G,C,S,1,4,4,0,T,8,7,0,0,0,000000000,00000000000,0,0,0,1,0,0,0,0,0,0,0,998,0,1,5,0,6,2,1,0,0,0,1,19,52060,6,1,6,0,3,0,71,170,0,0,0,0,0,0,0,0,0,0,0,0,0,0,2,2,55,1,2,5,1,0,0,1,13,6,4,4,1,1,1
19,190172,1,2,2,23,8,0,30,12,6,1,0,19,2,20,2,20002,4,2009,2G1WT57K9911,2,G,1,W,T,5,7,K,9,9,1,1,0,0,0,000000000,00000000000,0,0,0,1,0,0,0,0,0,0,0,998,0,0,0,3,6,2,12,0,0,0,1,19,51466,6,2,0,0,3,2,69,130,0,0,0,0,0,0,0,0,0,0,73,0,0,0,1,2,50,1,2,4,1,0,0,1,66,1,1,1,87,2,1
19,190172,2,2,4,23,8,0,30,12,6,1,0,19,2,7,482,7482,31,1996,1B7HF16Y2TS6,1,B,7,H,F,1,6,Y,2,T,S,6,0,0,0,000000000,00000000000,0,0,0,1,0,0,0,0,0,0,0,998,0,1,5,12,6,2,12,0,0,0,1,19,51450,6,2,0,0,3,2,70,165,0,0,0,0,0,0,0,0,0,0,73,0,0,0,1,2,50,1,2,4,1,0,0,1,17,1,1,1,86,0,1
19,190173,1,1,1,25,8,20,56,8,0,1,0,19,1,20,441,20441,20,2000,1GCDM19W8YB1,1,G,C,D,M,1,9,W,8,Y,B,1,0,0,0,000000000,00000000000,0,0,0,1,0,0,0,0,0,0,0,998,0,0,0,12,4,5,8,0,0,0,1,19,50325,6,1,0,0,3,0,68,165,0,0,0,1,0,10,2012,10,2012,0,0,0,0,0,1,4,30,1,1,1,1,0,0,1,80,6,1,1,13,0,0
19,190174,1,1,1,26,8,16,59,72,0,1,0,55,1,98,709,98709,80,2005,999999999999,9,9,9,9,9,9,9,9,9,9,9,9,1,1,0,000000000,00000000000,0,0,0,1,0,0,0,0,0,0,0,998,0,0,0,0,6,2,72,0,0,0,1,55,54962,6,1,6,0,3,3,72,205,0,0,0,0,0,0,0,0,0,0,80,0,0,0,1,2,55,1,1,2,1,0,0,6,10,1,2,2,0,1,0
19,190175,1,2,2,29,8,23,30,12,6,1,0,19,1,7,24,7024,4,2008,2B3KA43R98H2,2,B,3,K,A,4,3,R,9,8,H,2,0,0,0,000000000,00000000000,0,0,0,1,0,0,0,0,0,0,0,998,0,0,0,12,6,2,12,0,0,0,1,19,51031,6,1,0,0,3,3,71,150,1,0,0,0,0,12,2013,12,2013,0,39,0,0,0,1,2,55,1,1,2,1,20,3,1,17,1,1,1,88,0,0
19,190175,2,2,1,29,8,23,30,12,6,1,0,19,3,7,442,7442,20,2004,2D4GP44L84R5,2,D,4,G,P,4,4,L,8,4,R,5,0,0,0,000000000,00000000000,0,0,0,1,0,0,0,0,0,0,0,998,0,0,0,11,6,2,12,0,0,0,1,19,51247,6,1,0,0,3,0,69,180,0,0,0,0,0,0,0,0,0,0,0,0,0,0,1,2,55,1,1,2,1,0,0,1,66,1,1,1,89,1,0
19,190176,1,1,1,30,8,13,44,35,0,1,0,31,2,72,706,72706,80,2001,1HD1BMY181Y0,1,H,D,1,B,M,Y,1,8,1,Y,0,0,0,0,000000000,00000000000,0,0,0,1,0,0,0,0,0,0,0,998,0,0,0,9,6,2,35,0,0,0,1,19,68157,2,1,0,0,2,0,73,185,0,1,0,0,0,6,2014,6,2014,0,0,0,0,0,2,2,55,3,1,1,1,0,0,14,13,1,2,4,2,1,0
19,190177,1,2,1,1,9,9,27,12,2,1,0,19,1,20,2,20002,4,2011,2G1WG5EK7B12,2,G,1,W,G,5,E,K,7,B,1,2,0,0,0,000000000,00000000000,0,0,0,1,0,0,0,0,0,0,0,998,0,0,0,12,6,2,12,0,0,0,1,19,50036,6,1,0,0,3,3,74,150,0,0,0,3,0,8,2013,3,2014,0,36,0,0,0,1,2,55,1,1,2,1,0,0,1,10,1,1,1,50,1,0
19,190177,2,2,5,1,9,9,27,12,2,1,0,19,2,19,421,19421,15,2007,1GYFK63847R1,1,G,Y,F,K,6,3,8,4,7,R,1,0,0,0,000000000,00000000000,0,0,0,1,0,0,0,0,0,0,0,998,0,0,0,12,6,2,12,0,0,0,1,19,51401,0,0,0,0,0,0,999,999,0,0,0,0,0,0,0,0,0,0,0,0,0,0,1,2,55,1,1,2,1,0,0,1,62,6,1,2,51,0,0
19,190178,1,1,1,20,8,12,28,35,0,1,0,19,1,12,37,12037,4,2002,1FAFP34362W2,1,F,A,F,P,3,4,3,6,2,W,2,0,0,0,000000000,00000000000,0,0,0,1,0,0,0,0,0,0,0,998,0,1,5,11,6,2,1,0,0,0,1,19,52317,6,1,0,0,3,3,65,252,0,0,0,0,0,0,0,0,0,0,0,0,0,0,2,2,70,1,5,1,1,0,0,1,12,7,5,4,2,1,0
19,190179,1,1,1,1,9,18,45,33,0,1,0,19,1,72,706,72706,80,1993,1HD1GDL17PY3,1,H,D,1,G,D,L,1,7,P,Y,3,0,0,0,000000000,00000000000,0,0,0,1,0,0,0,0,0,0,0,998,0,0,0,9,6,2,33,0,0,0,1,19,50266,6,1,0,0,3,3,70,240,0,0,0,1,0,9,2013,9,2013,0,36,0,0,0,1,2,35,2,1,1,1,0,0,14,10,99,2,4,7,1,1
19,190180,1,2,2,2,9,17,30,12,2,1,0,29,2,48,34,48034,4,2010,4S4BRCGC6A33,4,S,4,B,R,C,G,C,6,A,3,3,0,0,0,000000000,00000000000,0,0,0,1,0,0,0,0,0,0,0,998,0,0,0,12,6,2,12,0,0,0,1,29,64093,6,1,0,0,3,3,67,180,1,0,0,0,0,8,2012,8,2012,0,0,0,0,0,1,2,55,1,5,2,1,0,0,12,10,1,1,2,98,0,0
19,190180,2,2,2,2,9,17,30,12,2,1,0,19,1,6,441,6441,20,2004,2C8GP54L84R5,2,C,8,G,P,5,4,L,8,4,R,5,0,0,0,000000000,00000000000,0,0,0,1,0,0,0,0,0,0,0,998,0,0,0,12,6,2,12,0,0,0,1,19,51601,6,1,0,0,3,3,70,200,0,0,0,0,0,0,0,0,0,0,0,0,0,0,1,2,55,1,6,2,1,0,0,1,62,1,1,1,98,1,0
19,190181,1,2,1,2,9,9,5,1,0,1,0,17,1,7,472,7472,30,2005,1D7HE22K15S3,1,D,7,H,E,2,2,K,1,5,S,3,0,0,0,000000000,00000000000,0,0,0,1,0,0,0,0,0,0,0,998,0,1,3,0,6,2,12,0,0,0,1,17,61276,6,1,0,0,3,3,67,160,0,0,0,0,0,0,0,0,0,0,0,0,0,0,3,2,70,1,1,1,1,0,0,1,10,1,5,4,7,1,0
19,190181,2,2,1,2,9,9,5,1,0,1,0,17,1,51,881,51881,66,1999,4VG7DARH5XN7,4,V,G,7,D,A,R,H,5,X,N,7,1,1,17,2256091,172256091,3,6,1,1,0,0,0,0,0,0,0,998,0,0,0,9,6,2,12,0,0,0,1,17,60068,6,1,6,0,3,0,73,180,0,0,0,0,0,0,0,0,0,0,0,0,0,0,2,2,70,1,1,1,1,0,0,1,64,7,1,2,98,0,0
19,190182,1,2,1,4,9,20,29,12,2,1,0,19,1,12,23,12023,4,2006,3FAHP08Z76R2,3,F,A,H,P,0,8,Z,7,6,R,2,0,0,0,000000000,00000000000,0,0,0,1,0,0,0,0,0,0,0,998,0,0,0,12,6,2,12,0,0,0,1,19,50007,6,1,0,0,3,3,64,130,0,0,0,2,0,12,2011,5,2013,0,28,0,0,0,1,2,55,2,1,2,1,0,0,14,10,1,2,2,50,1,1
19,190182,2,2,1,4,9,20,29,12,2,1,0,19,1,12,481,12481,31,2001,2FTRX18L21CA,2,F,T,R,X,1,8,L,2,1,C,A,0,0,0,000000000,00000000000,0,0,0,1,0,0,0,0,0,0,0,998,0,0,0,12,6,2,12,0,0,0,1,19,50075,6,1,6,0,3,0,64,135,0,0,0,0,0,0,0,0,0,0,0,0,0,0,1,2,55,3,1,2,1,0,0,14,62,1,1,1,51,0,1
19,190183,1,2,1,5,9,1,33,12,6,1,0,55,3,86,881,86881,66,2003,1M1AE07Y13W0,1,M,1,A,E,0,7,Y,1,3,W,0,1,1,57,00046619,5700046619,3,6,1,1,0,0,0,0,0,0,0,998,0,1,5,12,6,2,2,0,0,1,1,55,54409,6,1,6,0,3,1,68,170,0,0,0,1,1,12,2013,5,2014,0,0,0,0,0,2,2,65,1,2,1,1,0,0,1,64,4,2,1,65,0,0
19,190183,2,2,1,5,9,1,33,12,6,1,0,19,1,22,18,22018,4,2003,1G2NF52F13C1,1,G,2,N,F,5,2,F,1,3,C,1,0,0,0,000000000,00000000000,0,0,0,1,0,0,0,0,0,0,0,998,1,0,0,3,6,2,2,0,0,1,1,19,52068,6,1,6,0,3,0,68,148,0,0,0,0,0,0,0,0,0,0,0,0,0,0,2,2,65,1,2,1,1,0,0,1,10,1,4,2,64,1,1
19,190184,1,2,4,5,9,18,12,12,6,1,0,48,2,20,36,20036,2,2007,2G1WJ15K5791,2,G,1,W,J,1,5,K,5,7,9,1,0,0,0,000000000,00000000000,0,0,0,1,0,0,0,0,0,0,0,998,1,0,0,12,6,2,12,0,0,0,1,48,77084,1,1,0,0,2,0,999,999,0,16,0,0,1,10,2011,12,2013,0,0,0,0,0,1,2,55,1,1,4,1,0,0,1,17,1,1,1,88,2,0
19,190184,2,2,1,5,9,18,12,12,6,1,0,19,3,86,881,86881,66,2007,1M1AP02Y17N0,1,M,1,A,P,0,2,Y,1,7,N,0,1,1,57,00721599,5700721599,3,6,8,1,0,0,0,0,0,0,0,998,0,0,0,9,6,2,12,0,0,0,1,19,50542,6,1,6,0,3,3,71,200,0,0,0,0,0,0,0,0,0,0,0,0,0,0,1,2,55,1,1,4,1,0,0,1,66,1,1,1,89,0,0
19,190185,1,1,1,7,9,10,55,31,0,1,0,19,1,72,706,72706,80,2006,1HD1FBW356Y6,1,H,D,1,F,B,W,3,5,6,Y,6,0,0,0,000000000,00000000000,0,0,0,1,0,0,0,0,0,0,0,998,0,0,0,1,6,2,31,30,0,0,1,19,52245,6,1,0,0,3,3,63,135,1,0,0,1,0,1,2012,8,2012,0,79,0,0,0,1,2,55,1,2,2,1,0,0,1,13,3,2,4,2,1,0
19,190186,1,1,1,7,9,16,56,10,0,1,0,19,2,12,481,12481,31,2004,1FTPW14574KC,1,F,T,P,W,1,4,5,7,4,K,C,0,0,0,000000000,00000000000,0,0,0,1,0,0,0,0,0,0,0,998,0,0,0,1,6,2,10,0,0,0,1,19,50421,6,1,0,0,3,1,75,240,1,1,0,1,0,4,2013,9,2014,0,0,0,0,0,1,2,55,1,1,2,1,65,3,1,92,6,1,2,15,1,0
19,190187,1,1,1,10,9,18,2,58,0,1,0,19,2,73,706,73706,80,1994,JKAZG9B18RB5,J,K,A,Z,G,9,B,1,8,R,B,5,0,0,0,000000000,00000000000,0,0,0,1,0,0,0,0,0,0,0,998,0,0,0,12,6,2,58,0,0,0,1,19,52140,1,1,5,0,2,0,77,225,0,1,0,0,1,4,2014,8,2014,0,0,0,0,0,1,2,55,1,2,1,1,0,0,1,9,99,2,2,15,1,0
19,190188,1,2,1,11,9,7,45,12,6,1,0,19,2,20,481,20481,31,1999,1GCEK19T2XE1,1,G,C,E,K,1,9,T,2,X,E,1,0,0,0,000000000,00000000000,0,0,0,1,0,0,0,0,0,0,0,998,1,1,5,12,6,2,12,0,0,0,1,19,50801,6,7,0,0,3,3,72,170,0,0,0,0,0,0,0,0,0,0,0,0,0,0,1,2,55,1,2,4,1,20,3,1,17,1,1,1,88,1,0
19,190188,2,2,1,11,9,7,45,12,6,1,0,19,3,87,881,87881,66,2006,1XP5D49X16N6,1,X,P,5,D,4,9,X,1,6,N,6,1,3,57,838414,57838414,3,6,97,1,0,0,0,0,0,0,0,998,0,0,0,7,6,2,12,0,0,0,1,19,50854,6,1,6,0,3,0,73,220,0,0,0,0,0,0,0,0,0,0,0,0,0,0,1,2,55,1,2,4,1,0,0,1,66,1,1,1,89,0,0
19,190189,1,1,1,13,9,22,22,35,0,1,0,19,1,35,47,35047,4,2013,1N4AL3AP2DN5,1,N,4,A,L,3,A,P,2,D,N,5,0,0,0,000000000,00000000000,0,0,0,1,0,0,0,0,0,0,0,998,0,0,0,12,6,2,2,0,0,1,1,19,52208,6,1,0,0,3,0,71,200,0,0,0,1,0,12,2013,12,2013,0,58,0,0,0,1,2,25,1,1,2,1,0,0,1,13,1,2,4,7,1,1
19,190190,1,1,1,14,9,7,35,34,0,1,0,19,1,20,481,20481,31,2004,2GCEK19T0412,2,G,C,E,K,1,9,T,0,4,1,2,0,0,0,000000000,00000000000,0,0,0,1,0,0,0,0,0,0,0,998,0,1,5,1,6,2,1,0,0,0,1,19,50129,6,1,0,0,3,0,71,220,0,0,0,0,0,0,0,0,0,0,0,0,0,0,1,2,50,1,1,2,1,0,0,1,12,1,2,4,7,1,1
19,190191,1,1,1,15,9,5,54,8,0,1,0,19,1,18,2,18002,4,1999,1G4HP52KXXH4,1,G,4,H,P,5,2,K,X,X,H,4,0,0,0,000000000,00000000000,0,0,0,1,0,0,0,0,0,0,0,998,0,0,0,12,4,3,8,0,0,0,1,48,77073,6,1,0,0,3,0,999,999,0,0,0,0,0,0,0,0,0,0,0,0,0,0,2,5,40,1,1,2,2,1,3,1,80,6,1,1,13,0,0
19,190192,1,2,1,17,9,16,41,12,2,1,0,19,2,37,705,37705,80,2004,JH2PC37094M1,J,H,2,P,C,3,7,0,9,4,M,1,0,0,0,000000000,00000000000,0,0,0,1,0,0,0,0,0,0,0,998,0,0,0,12,6,2,12,0,0,0,1,19,52404,6,1,0,0,3,0,63,112,1,0,0,1,0,1,2013,2,2013,5,0,0,0,0,1,2,30,1,1,1,1,0,0,1,62,98,1,1,69,1,0
19,190192,2,2,1,17,9,16,41,12,2,1,0,19,1,20,403,20403,14,2006,1GNDT13S1621,1,G,N,D,T,1,3,S,1,6,2,1,0,0,0,000000000,00000000000,0,0,0,1,0,0,0,0,0,0,0,998,0,0,0,12,4,3,12,0,0,0,1,17,61053,6,1,0,0,3,3,72,140,0,0,0,0,0,0,0,0,0,0,0,0,0,0,1,2,30,1,1,1,1,0,0,11,10,99,1,2,68,0,0
19,190193,1,2,1,18,9,21,32,12,6,1,0,19,2,7,472,7472,30,2006,1D7HW48K56S5,1,D,7,H,W,4,8,K,5,6,S,5,0,0,0,000000000,00000000000,0,0,0,1,0,0,0,0,0,0,0,998,0,0,0,3,4,3,12,0,0,0,1,19,51055,6,1,0,0,3,0,67,148,0,0,0,0,1,11,2013,11,2013,0,0,0,0,0,1,2,55,1,1,2,1,0,0,11,15,1,1,2,68,0,0
19,190193,2,2,1,18,9,21,32,12,6,1,0,19,1,72,706,72706,80,1987,1HD1DJL15HY5,1,H,D,1,D,J,L,1,5,H,Y,5,0,0,0,000000000,00000000000,0,0,0,1,0,0,0,0,0,0,0,998,0,0,0,12,6,2,12,0,0,0,1,19,51063,6,1,6,0,3,0,76,310,0,0,0,0,0,0,0,0,0,0,0,0,0,0,1,2,55,1,1,2,1,0,0,1,62,1,1,1,69,1,0
19,190194,1,1,2,19,9,2,35,1,0,1,0,47,2,20,471,20471,30,1998,1GCCS1943W81,1,G,C,C,S,1,9,4,3,W,8,1,0,0,0,000000000,00000000000,0,0,0,1,0,0,0,0,0,0,0,998,0,1,5,0,6,2,1,0,0,0,1,13,30741,6,2,0,0,3,3,70,125,98,0,0,0,0,0,0,0,0,0,83,58,0,0,2,2,65,1,1,1,1,0,0,1,87,6,2,4,6,1,0
19,190195,1,2,1,20,9,18,1,12,6,1,0,19,1,24,9,24009,4,2009,1G8ZS57B19F2,1,G,8,Z,S,5,7,B,1,9,F,2,0,0,0,000000000,00000000000,0,0,0,1,0,0,0,0,0,0,0,998,0,0,0,3,6,2,12,0,0,0,1,19,52804,6,1,6,0,3,3,65,215,1,0,0,0,0,11,2011,11,2011,0,28,38,48,0,1,5,35,1,1,2,1,0,0,11,10,1,1,2,68,0,1