STATE,ST_CASE,VEH_NO,VE_FORMS,NUMOCCS,DAY,MONTH,HOUR,MINUTE,HARM_EV,MAN_COLL,UNITTYPE,HIT_RUN,REG_STAT,OWNER,MAKE,MODEL,MAK_MOD,BODY_TYP,MOD_YEAR,VIN,VIN_1,VIN_2,VIN_3,VIN_4,VIN_5,VIN_6,VIN_7,VIN_8,VIN_9,VIN_10,VIN_11,VIN_12,TOW_VEH,J_KNIFE,MCARR_I1,MCARR_I2,MCARR_ID,GVWR,V_CONFIG,CARGO_BT,HAZ_INV,HAZ_PLAC,HAZ_ID,HAZ_CNO,HAZ_REL,BUS_USE,SPEC_USE,EMER_USE,TRAV_SP,UNDERIDE,ROLLOVER,ROLINLOC,IMPACT1,DEFORMED,TOWED,M_HARM,VEH_SC1,VEH_SC2,FIRE_EXP,DR_PRES,L_STATE,DR_ZIP,L_STATUS,L_TYPE,CDL_STAT,L_ENDORS,L_COMPL,L_RESTRI,DR_HGT,DR_WGT,PREV_ACC,PREV_SUS,PREV_DWI,PREV_SPD,PREV_OTH,FIRST_MO,FIRST_YR,LAST_MO,LAST_YR,SPEEDREL,DR_SF1,DR_SF2,DR_SF3,DR_SF4,VTRAFWAY,VNUM_LAN,VSPD_LIM,VALIGN,VPROFILE,VPAVETYP,VSURCOND,VTRAFCON,VTCONT_F,P_CRASH1,P_CRASH2,P_CRASH3,PCRASH4,PCRASH5,ACC_TYPE,DEATHS,DR_DRINK
19,190195,2,2,1,20,9,18,1,12,6,1,0,19,2,37,706,37706,80,2000,JH2SC4401YM0,J,H,2,S,C,4,4,0,1,Y,M,0,0,0,0,000000000,00000000000,0,0,0,1,0,0,0,0,0,0,0,998,0,0,0,12,6,2,12,0,0,0,1,17,61201,6,1,0,0,3,3,67,160,0,0,0,1,2,11,2011,7,2013,0,0,0,0,0,1,5,35,1,1,2,1,0,0,1,62,1,1,1,69,1,0
19,190196,1,3,3,31,8,16,3,12,2,1,0,19,1,20,401,20401,14,2001,1GCDT13W21K2,1,G,C,D,T,1,3,W,2,1,K,2,0,0,0,000000000,00000000000,0,0,0,1,0,0,0,0,0,0,0,998,0,0,0,12,6,2,12,0,0,0,1,19,52031,6,1,0,0,3,0,69,190,0,0,0,0,0,0,0,0,0,0,38,0,0,0,1,2,55,1,1,2,1,0,0,11,10,1,1,2,68,0,0
19,190196,2,3,1,31,8,16,3,12,2,1,0,19,2,72,706,72706,80,2014,1HD1FBM13EB6,1,H,D,1,F,B,M,1,3,E,B,6,0,0,0,000000000,00000000000,0,0,0,1,0,0,0,0,0,0,0,998,0,0,0,12,6,2,12,0,0,0,1,19,52172,6,1,0,0,3,0,74,188,0,0,0,0,0,0,0,0,0,0,0,0,0,0,1,2,55,1,1,2,1,0,0,1,62,1,1,1,69,1,0
19,190196,3,3,1,31,8,16,3,12,2,1,0,19,1,72,706,72706,80,2014,1HD1KRM19EB7,1,H,D,1,K,R,M,1,9,E,B,7,0,0,0,000000000,00000000000,0,0,0,1,0,0,0,0,0,0,0,998,0,0,0,12,6,2,12,0,0,0,1,19,52172,6,1,0,0,3,3,66,147,0,0,0,0,0,0,0,0,0,0,0,0,0,0,1,2,55,1,1,2,1,0,0,1,62,1,1,1,98,0,0
19,190197,1,1,1,22,9,8,45,53,0,1,0,19,1,34,34,34034,2,2008,WBAWB73518P1,W,B,A,W,B,7,3,5,1,8,P,1,0,0,0,000000000,00000000000,0,0,0,1,0,0,0,0,0,0,0,998,0,1,1,1,6,2,30,0,0,0,1,19,50322,6,1,0,0,3,3,71,205,0,0,0,0,0,0,0,0,0,0,0,0,0,0,1,4,35,1,1,1,1,0,0,1,11,6,2,4,2,1,0
19,190198,1,2,1,22,9,17,26,12,6,1,0,19,3,86,881,86881,63,1996,1M2P289C6TM0,1,M,2,P,2,8,9,C,6,T,M,0,0,0,57,288800,57288800,3,2,4,1,0,0,0,0,0,0,0,998,0,1,5,12,6,2,1,0,0,0,1,19,51450,6,1,6,0,3,0,74,260,0,0,0,0,0,0,0,0,0,0,51,0,0,0,1,3,55,1,1,2,1,0,0,1,61,1,1,2,73,0,0
19,190198,2,2,2,22,9,17,26,12,6,1,0,19,3,12,481,12481,31,2013,1FTFX1EF8DFB,1,F,T,F,X,1,E,F,8,D,F,B,0,0,0,000000000,00000000000,0,0,0,1,0,0,0,0,0,0,0,998,0,1,1,9,6,2,12,0,0,0,1,19,51025,6,1,6,0,3,0,71,330,0,0,0,0,1,1,2012,1,2012,0,0,0,0,0,1,3,55,1,1,2,1,0,0,11,60,1,1,2,72,1,0
19,190199,1,2,1,22,9,12,27,12,1,1,0,19,1,12,471,12471,30,2002,1FTZR45EX2PA,1,F,T,Z,R,4,5,E,X,2,P,A,0,0,0,000000000,00000000000,0,0,0,1,0,0,0,0,0,0,0,998,0,0,0,6,6,2,12,0,0,0,1,19,50047,6,1,0,0,3,0,67,280,0,0,0,0,0,0,0,0,0,0,0,0,0,0,2,2,65,1,1,1,1,0,0,11,53,1,1,1,26,1,0
19,190199,2,2,1,22,9,12,27,12,1,1,0,19,1,12,481,12481,31,2006,1FTSW21P86EA,1,F,T,S,W,2,1,P,8,6,E,A,0,0,0,000000000,00000000000,0,0,0,1,0,0,0,0,0,0,0,998,0,0,0,12,6,2,12,0,0,0,1,19,50047,6,1,0,0,3,0,67,280,0,0,0,0,0,0,0,0,0,0,0,0,0,0,2,2,65,1,1,1,1,0,0,1,52,2,1,1,24,0,0
19,190200,1,1,1,25,9,12,22,57,0,1,0,19,1,55,401,55401,14,2009,5NMSH73E19H3,5,N,M,S,H,7,3,E,1,9,H,3,0,0,0,000000000,00000000000,0,0,0,1,0,0,0,0,0,0,0,999,0,1,3,99,6,2,1,0,0,0,1,19,51534,6,1,0,0,3,3,68,210,1,0,0,0,0,5,2013,5,2013,0,0,0,0,0,3,4,55,1,1,1,1,0,0,1,12,1,1,4,10,1,0
19,190201,1,2,1,28,9,7,49,12,6,1,0,19,1,20,25,20025,4,2014,1G1PA5SH8E73,1,G,1,P,A,5,S,H,8,E,7,3,0,0,0,000000000,00000000000,0,0,0,1,0,0,0,0,0,0,0,998,0,0,0,3,6,2,12,0,0,0,1,19,50317,6,1,0,0,3,3,60,180,0,0,0,0,0,0,0,0,0,0,0,0,0,0,1,2,55,1,1,2,1,20,3,1,17,1,1,1,87,1,0
19,190201,2,2,1,28,9,7,49,12,6,1,0,19,1,12,17,12017,4,2013,1FAHP2F82DG1,1,F,A,H,P,2,F,8,2,D,G,1,0,0,0,000000000,00000000000,0,0,0,1,0,0,0,0,0,0,0,998,0,0,0,12,6,2,12,0,0,0,1,19,50035,6,1,0,0,3,3,70,230,0,0,0,0,0,0,0,0,0,0,0,0,0,0,1,2,55,1,1,2,1,0,0,1,66,1,1,1,86,0,0
19,190202,1,1,1,29,9,9,5,39,0,1,0,19,2,42,43,42043,2,2000,WDBL170G0YF1,W,D,B,L,1,7,0,G,0,Y,F,1,0,0,0,000000000,00000000000,0,0,0,1,0,0,0,0,0,0,0,998,0,0,0,12,6,2,39,0,0,1,1,19,50316,2,1,0,0,2,0,75,220,0,0,0,0,0,0,0,0,0,3,37,0,0,0,1,2,40,1,3,2,1,0,0,1,6,1,2,4,2,1,0
19,190203,1,2,2,29,9,10,40,12,2,1,0,19,1,20,481,20481,31,2007,1GCHK23647F5,1,G,C,H,K,2,3,6,4,7,F,5,0,0,0,000000000,00000000000,0,0,0,1,0,0,0,0,0,0,0,998,0,1,1,12,6,2,12,0,0,0,1,19,50588,6,1,0,0,3,0,70,160,0,0,0,0,0,0,0,0,0,0,0,0,0,0,1,2,55,1,3,4,1,0,0,1,62,1,1,2,52,0,0
19,190203,2,2,4,29,9,10,40,12,2,1,0,19,2,22,20,22020,4,1999,1G2WR5216XF3,1,G,2,W,R,5,2,1,6,X,F,3,0,0,0,000000000,00000000000,0,0,0,1,0,0,0,0,0,0,0,998,2,0,0,12,6,2,12,0,0,0,1,19,50585,6,2,0,0,3,1,67,138,0,0,0,0,0,0,0,0,0,0,0,0,0,0,1,2,55,1,3,4,1,0,0,1,62,1,1,2,52,2,0
19,190204,1,2,1,1,10,7,57,12,6,1,0,19,1,7,482,7482,31,1995,3B7HF13Y5SM1,3,B,7,H,F,1,3,Y,5,S,M,1,0,0,0,000000000,00000000000,0,0,0,1,0,0,0,0,0,0,0,998,0,0,0,11,6,2,12,0,0,0,1,19,51036,6,1,0,0,3,0,67,180,0,0,0,0,0,0,0,0,0,0,0,0,0,0,1,2,55,1,1,1,1,20,3,1,17,1,1,1,89,1,0
19,190204,2,2,1,1,10,7,57,12,6,1,0,19,3,82,881,82881,66,2013,1FUJGNBG6DDB,1,F,U,J,G,N,B,G,6,D,D,B,1,1,57,343041,57343041,3,6,8,1,0,0,0,0,0,0,0,998,0,0,0,12,6,2,12,0,0,0,1,19,51023,6,1,6,0,3,3,73,185,0,0,0,0,0,0,0,0,0,0,0,0,0,0,1,3,55,1,1,1,1,0,0,1,66,98,1,1,88,0,0
19,190205,1,1,1,1,10,10,17,42,0,1,0,19,1,18,7,18007,4,2003,2G4WS52J0312,2,G,4,W,S,5,2,J,0,3,1,2,0,0,0,000000000,00000000000,0,0,0,1,0,0,0,0,0,0,0,998,0,0,0,12,6,2,42,0,0,0,1,19,52403,6,1,0,0,3,0,63,194,0,0,0,0,0,0,0,0,0,0,0,0,0,0,1,2,30,2,1,2,1,0,0,14,12,1,1,4,6,1,0
19,190206,1,1,1,8,10,99,99,8,0,1,0,17,1,12,401,12401,14,2002,1FMZU73E62ZA,1,F,M,Z,U,7,3,E,6,2,Z,A,0,0,0,000000000,00000000000,0,0,0,1,0,0,0,0,0,0,0,998,0,0,0,12,6,2,8,0,0,0,1,17,61201,6,1,0,0,3,3,68,220,0,0,0,1,0,7,2013,7,2013,0,0,0,0,0,2,5,40,1,1,2,1,2,3,1,80,1,1,1,13,0,0
19,190207,1,1,1,8,10,14,55,35,0,1,0,19,1,14,17,14017,4,1997,1MELM50U5VG6,1,M,E,L,M,5,0,U,5,V,G,6,0,0,0,000000000,00000000000,0,0,0,1,0,0,0,0,0,0,0,998,0,1,5,12,6,2,1,0,0,0,1,19,51301,6,1,0,0,3,3,65,140,0,0,0,0,0,0,0,0,0,3,0,0,0,0,1,2,55,3,1,2,1,65,3,14,13,99,2,4,2,1,0
19,190208,1,1,1,10,10,22,42,35,0,1,0,19,1,12,481,12481,31,2012,1FTFW1ET0CFB,1,F,T,F,W,1,E,T,0,C,F,B,0,0,0,000000000,00000000000,0,0,0,1,0,0,0,0,0,0,0,998,0,0,0,12,6,2,35,0,0,0,1,19,50141,6,1,0,0,3,3,71,195,0,0,0,0,0,0,0,0,0,0,0,0,0,0,1,3,55,1,1,2,1,0,0,1,12,1,2,4,7,1,1
19,190209,1,1,1,11,10,13,25,1,0,1,0,19,1,98,998,98998,92,9999,999999999999,9,9,9,9,9,9,9,9,9,9,9,9,0,0,0,000000000,00000000000,0,0,0,1,0,0,0,0,0,0,0,998,0,1,5,0,4,3,1,0,0,0,1,19,50621,6,1,0,0,1,0,70,177,2,0,0,0,0,9,2012,7,2013,0,0,0,0,0,1,2,55,1,2,4,1,0,0,1,12,1,1,4,6,1,0
19,190210,1,1,1,12,10,22,41,39,0,1,0,46,3,35,472,35472,30,2013,1N6AD0CW6DN7,1,N,6,A,D,0,C,W,6,D,N,7,0,0,0,000000000,00000000000,0,0,0,1,0,0,0,0,0,0,0,998,0,0,0,12,6,2,39,0,0,0,1,46,57701,2,1,0,0,2,0,76,250,0,1,0,0,2,12,2011,6,2013,0,39,36,0,0,1,2,25,3,1,2,1,0,0,14,13,1,1,4,1,1,1
19,190212,1,2,1,16,10,7,53,12,6,1,0,19,1,22,18,22018,2,1999,1G2NE12E9XM8,1,G,2,N,E,1,2,E,9,X,M,8,0,0,0,000000000,00000000000,0,0,0,1,0,0,0,0,0,0,0,998,0,1,5,7,6,2,12,0,0,0,1,19,50677,6,2,0,0,3,3,66,113,0,0,0,0,0,0,0,0,0,0,0,0,0,0,1,2,55,1,1,4,1,20,3,1,17,10,1,1,89,0,0
19,190212,2,2,1,16,10,7,53,12,6,1,0,19,3,84,881,84881,63,2000,1HTSDAAN3YH2,1,H,T,S,D,A,A,N,3,Y,H,2,1,1,57,549530,57549530,3,4,2,2,2,1993,3,2,0,0,0,998,0,0,0,12,6,2,12,0,0,0,1,19,50401,6,1,6,1,3,3,69,280,0,0,0,0,0,0,0,0,0,0,0,0,0,0,1,2,55,1,1,2,1,0,0,1,67,1,1,1,88,1,0
19,190213,1,1,1,16,10,15,4,19,0,1,0,19,1,20,481,20481,31,2007,1GCHK23D47F1,1,G,C,H,K,2,3,D,4,7,F,1,0,0,0,000000000,00000000000,0,0,0,1,0,0,0,0,0,0,0,998,0,0,0,1,2,3,19,0,0,0,1,19,52333,6,1,0,0,3,3,64,135,0,0,0,0,0,0,0,0,0,0,0,0,0,0,1,2,55,3,1,2,1,0,0,14,13,1,1,4,1,1,0
19,190214,1,1,1,17,10,17,49,1,0,1,0,19,2,21,441,21441,20,2000,1GHDX03E3YD2,1,G,H,D,X,0,3,E,3,Y,D,2,0,0,0,000000000,00000000000,0,0,0,1,0,0,0,0,0,0,0,998,0,1,1,0,6,2,1,0,0,0,1,19,51334,6,1,0,0,3,3,67,365,0,0,0,0,0,0,0,0,0,0,58,0,0,0,1,2,55,1,1,4,1,0,0,1,12,7,2,1,98,1,0
19,190215,1,2,1,4,9,1,3,12,6,1,0,29,3,82,881,82881,66,2014,3AKJGLDV1ESB,3,A,K,J,G,L,D,V,1,E,S,B,1,1,57,320526,57320526,3,6,1,1,0,0,0,0,0,0,0,998,0,0,0,7,4,3,12,0,0,0,1,29,63367,6,1,6,0,3,0,71,195,0,0,0,0,1,6,2012,6,2012,0,39,0,0,0,2,2,65,1,1,1,1,0,0,12,51,1,1,2,98,0,0
19,190215,2,2,2,4,9,1,3,12,6,1,0,19,1,12,473,12473,30,2004,1FMZU77K14UA,1,F,M,Z,U,7,7,K,1,4,U,A,0,0,0,000000000,00000000000,0,0,0,1,0,0,0,0,0,0,0,998,1,0,0,12,6,2,12,0,0,0,1,19,52310,6,1,6,0,3,3,73,220,0,0,0,1,0,10,2011,10,2011,0,0,0,0,0,2,2,65,1,1,1,1,0,0,1,52,1,1,1,98,1,0
19,190216,1,1,1,17,10,19,52,34,0,1,0,19,1,98,998,98998,92,2011,999999999999,9,9,9,9,9,9,9,9,9,9,9,9,0,0,0,000000000,00000000000,0,0,0,1,0,0,0,0,0,0,0,998,0,0,0,7,4,5,34,0,0,0,1,19,51031,6,1,6,0,1,0,70,200,0,0,0,0,0,0,0,0,0,0,0,0,0,0,1,2,50,1,6,4,1,0,0,1,13,1,2,4,2,1,0
19,190217,1,1,1,18,10,7,6,8,0,1,1,19,1,7,472,7472,30,2004,1D7HG48NX4S7,1,D,7,H,G,4,8,N,X,4,S,7,0,0,0,000000000,00000000000,0,0,0,1,0,0,0,0,0,0,0,998,0,0,0,12,4,3,8,0,0,0,1,19,50317,6,1,0,0,2,0,60,95,0,2,0,0,0,9,2013,4,2014,0,0,0,0,0,2,3,35,1,1,1,1,0,0,1,80,1,1,1,13,0,0
19,190218,1,1,1,19,10,16,28,35,0,1,0,19,2,72,706,72706,80,2007,1HD1FC41X7Y6,1,H,D,1,F,C,4,1,X,7,Y,6,0,0,0,000000000,00000000000,0,0,0,1,0,0,0,0,0,0,0,998,0,0,0,3,6,2,35,0,0,0,1,19,52722,6,1,6,0,3,3,69,175,1,0,0,1,0,4,2013,8,2014,0,0,0,0,0,1,2,55,1,1,2,1,0,0,1,12,1,2,4,7,1,0
19,190219,1,2,2,21,10,11,17,12,8,1,0,19,1,21,2,21002,4,1984,1G3AN69Y5EX3,1,G,3,A,N,6,9,Y,5,E,X,3,0,0,0,000000000,00000000000,0,0,0,1,0,0,0,0,0,0,0,998,0,0,0,11,6,2,12,0,0,0,1,19,50036,6,1,0,0,3,1,62,180,0,1,1,2,0,2,2012,1,2014,0,0,0,0,0,1,2,55,1,1,2,1,0,0,1,10,1,1,4,64,1,0
19,190219,2,2,1,21,10,11,17,12,8,1,0,19,3,85,881,85881,66,2014,1XKWP40XXEJ3,1,X,K,W,P,4,0,X,X,E,J,3,1,1,57,182184,57182184,3,6,97,1,0,0,0,0,0,0,0,998,0,0,0,7,6,2,12,0,0,0,1,19,51430,6,1,6,0,3,0,68,170,0,0,0,0,0,0,0,0,0,0,0,0,0,0,1,2,55,1,1,2,1,0,0,1,62,12,1,4,65,0,0
19,190220,1,1,1,22,10,12,27,35,0,1,0,19,2,37,733,37733,90,1997,000000000000,0,0,0,0,0,0,0,0,0,0,0,0,0,0,0,000000000,00000000000,0,0,0,1,0,0,0,0,0,0,0,998,0,1,2,99,4,3,1,0,0,0,1,19,50055,1,1,0,0,1,0,73,270,0,4,0,0,3,1,2013,5,2014,0,0,0,0,0,1,2,98,1,2,5,6,0,0,1,11,1,2,4,2,1,0
19,190221,1,1,1,22,10,15,31,42,0,1,0,19,1,35,403,35403,14,2012,JN8AF5MV1CT1,J,N,8,A,F,5,M,V,1,C,T,1,0,0,0,000000000,00000000000,0,0,0,1,0,0,0,0,0,0,0,998,0,0,0,12,6,2,42,0,0,0,1,19,50676,6,1,0,0,3,0,63,160,0,0,0,0,0,0,0,0,0,0,0,0,0,0,1,2,55,1,2,2,1,0,0,1,13,1,1,5,1,1,0
19,190222,1,2,2,22,10,18,18,12,6,1,0,19,1,18,2,18002,4,1999,1G4HP52K0XH4,1,G,4,H,P,5,2,K,0,X,H,4,0,0,0,000000000,00000000000,0,0,0,1,0,0,0,0,0,0,0,998,1,0,0,9,6,2,12,0,0,0,1,19,50022,6,1,0,0,3,3,71,195,0,0,0,0,0,0,0,0,0,0,38,0,0,0,1,2,45,1,1,1,1,20,3,1,17,1,1,1,89,1,0
19,190222,2,2,1,22,10,18,18,12,6,1,0,19,3,12,881,12881,66,1996,1FTYA95D2TVA,1,F,T,Y,A,9,5,D,2,T,V,A,1,1,88,888888888,88888888888,3,6,8,1,0,0,0,0,0,0,0,998,0,0,0,12,4,3,12,0,0,0,1,19,50022,6,1,6,0,3,0,68,150,0,0,0,0,0,0,0,0,0,0,0,0,0,0,1,3,45,1,1,1,1,0,0,1,66,1,1,1,88,0,0
19,190223,1,1,1,25,10,14,5,8,0,1,0,19,2,30,40,30040,4,2002,3VWSB29M02M0,3,V,W,S,B,2,9,M,0,2,M,0,0,0,0,000000000,00000000000,0,0,0,1,0,0,0,0,0,0,0,998,0,0,0,12,2,3,8,0,0,0,1,19,50023,6,1,0,0,3,3,66,126,0,0,0,0,0,0,0,0,0,0,0,0,0,0,2,2,50,1,1,1,1,0,0,1,80,3,2,1,13,0,0
19,190224,1,1,1,25,10,23,39,53,0,1,0,19,1,21,3,21003,4,1988,1G3CW51C0J43,1,G,3,C,W,5,1,C,0,J,4,3,0,0,0,000000000,00000000000,0,0,0,1,0,0,0,0,0,0,0,998,0,0,0,12,6,2,42,0,0,0,1,19,50450,6,1,0,0,3,3,69,160,0,4,0,0,4,2,2014,10,2014,0,0,0,0,0,1,2,55,1,1,2,1,0,0,1,12,1,1,4,6,1,1
19,190225,1,2,1,26,10,17,12,12,2,1,0,19,1,20,481,20481,31,2003,1GCHK24163E2,1,G,C,H,K,2,4,1,6,3,E,2,0,0,0,000000000,00000000000,0,0,0,1,0,0,0,0,0,0,0,998,0,0,0,12,6,2,12,0,0,0,1,19,52317,6,1,0,0,3,0,70,225,0,0,0,0,0,0,0,0,0,0,38,0,0,0,1,4,35,1,1,1,1,0,0,11,15,1,1,2,68,0,0
19,190225,2,2,2,26,10,17,12,12,2,1,0,19,1,72,706,72706,80,2009,1HD1KB41X9Y6,1,H,D,1,K,B,4,1,X,9,Y,6,0,0,0,000000000,00000000000,0,0,0,1,0,0,0,0,0,0,0,998,0,0,0,12,6,2,12,0,0,0,1,19,52338,6,1,6,0,3,3,71,160,0,0,0,0,0,0,0,0,0,0,0,0,0,0,1,4,35,1,1,1,1,0,0,1,62,1,1,1,69,1,0
19,190227,1,1,1,29,10,11,28,10,0,1,0,19,1,98,998,98998,92,2002,999999999999,9,9,9,9,9,9,9,9,9,9,9,9,1,1,0,000000000,00000000000,0,0,0,1,0,0,0,0,0,0,0,998,0,0,0,99,6,2,10,0,0,0,1,19,52729,6,1,6,0,1,0,68,210,0,0,0,0,0,0,0,0,0,0,0,0,0,0,1,2,55,1,1,2,1,65,3,1,92,1,1,1,15,1,0
19,190228,1,2,2,30,10,6,40,12,6,1,0,19,1,20,444,20444,20,2006,1GNDV23L96D1,1,G,N,D,V,2,3,L,9,6,D,1,0,0,0,000000000,00000000000,0,0,0,1,0,0,0,0,0,0,0,998,0,0,0,9,6,2,2,0,0,1,1,19,52601,6,1,0,0,3,0,74,219,0,0,0,1,0,9,2014,9,2014,0,39,0,0,0,1,2,50,1,1,2,1,20,3,1,17,1,1,1,89,1,0
19,190228,2,2,1,30,10,6,40,12,6,1,0,19,1,84,881,84881,63,2000,2HSCNAMR3YC0,2,H,S,C,N,A,M,R,3,Y,C,0,0,0,57,1006905,571006905,3,2,1,1,0,0,0,0,0,0,0,998,0,0,0,12,4,3,12,0,0,0,1,19,52645,6,1,6,0,3,0,69,197,0,0,0,0,0,0,0,0,0,0,0,0,0,0,1,2,55,1,1,4,1,0,0,1,66,98,1,1,88,0,0
19,190230,1,2,2,30,10,12,34,12,7,1,0,19,1,7,442,7442,20,2006,2D4GP44L46R6,2,D,4,G,P,4,4,L,4,6,R,6,0,0,0,000000000,00000000000,0,0,0,1,0,0,0,0,0,0,0,998,1,1,1,1,6,2,12,0,0,0,1,19,50616,6,1,0,0,3,3,66,138,0,0,0,0,0,0,0,0,0,0,0,0,0,0,1,2,65,1,1,1,1,0,0,1,13,1,1,4,98,1,0
19,190230,2,2,1,30,10,12,34,12,7,1,0,19,3,98,998,98998,93,1993,000000000000,0,0,0,0,0,0,0,0,0,0,0,0,0,0,0,000000000,00000000000,0,0,0,1,0,0,0,0,0,0,0,998,0,0,0,7,6,2,12,39,0,0,1,19,50401,6,1,6,0,3,3,75,280,0,0,0,0,0,0,0,0,0,0,0,0,0,0,1,2,65,1,1,1,1,0,0,1,61,1,1,5,98,0,0
19,190231,1,1,2,25,9,15,27,1,0,1,0,19,1,12,401,12401,14,1997,1FMDU34XXVUA,1,F,M,D,U,3,4,X,X,V,U,A,0,0,0,000000000,00000000000,0,0,0,1,0,0,0,0,0,0,0,998,0,1,1,0,6,2,1,0,0,0,1,19,50501,6,1,0,0,3,0,72,186,0,0,0,0,0,0,0,0,0,5,58,0,0,0,2,2,65,1,1,1,1,0,0,1,12,1,2,6,98,1,0
19,190232,1,2,1,18,9,5,50,12,6,1,0,19,2,7,482,7482,31,1996,1B7HF16Z6TJ1,1,B,7,H,F,1,6,Z,6,T,J,1,0,0,0,000000000,00000000000,0,0,0,1,0,0,0,0,0,0,0,998,0,0,0,12,6,2,12,0,0,0,1,19,50217,6,1,0,0,3,3,69,193,0,0,0,0,0,0,0,0,0,0,0,0,0,0,1,2,55,1,1,1,1,0,0,1,66,1,1,1,88,0,0
19,190232,2,2,1,18,9,5,50,12,6,1,0,19,1,23,441,23441,20,2002,1GKDM19X22B5,1,G,K,D,M,1,9,X,2,2,B,5,0,0,0,000000000,00000000000,0,0,0,1,0,0,0,0,0,0,0,998,0,0,0,9,6,2,12,0,0,0,1,19,50212,2,1,0,0,2,3,70,150,0,3,1,1,0,9,2011,11,2013,0,39,0,0,0,1,2,55,1,1,1,1,20,3,1,17,1,1,1,89,1,0
19,190233,1,2,1,31,10,8,25,12,6,1,0,19,1,12,481,12481,31,2010,1FTFX1EV6AKA,1,F,T,F,X,1,E,V,6,A,K,A,0,0,0,000000000,00000000000,0,0,0,1,0,0,0,0,0,0,0,998,1,1,5,12,6,2,12,0,0,0,1,19,51301,6,1,0,0,3,3,66,175,0,0,0,0,0,0,0,0,0,0,39,0,0,0,1,2,55,1,1,2,1,0,0,1,66,1,1,1,86,1,0
19,190233,2,2,1,31,10,8,25,12,6,1,0,19,3,87,881,87881,66,2007,1XP5DU9X57D6,1,X,P,5,D,U,9,X,5,7,D,6,1,1,57,263082,57263082,3,6,97,1,0,0,0,0,0,0,0,998,0,1,1,3,6,2,12,0,0,0,1,19,51345,6,1,6,0,3,3,73,210,0,0,0,0,0,0,0,0,0,0,0,0,0,0,1,2,55,1,1,2,1,0,0,1,66,1,1,1,87,0,0
19,190234,1,2,2,27,10,12,0,12,6,1,0,19,1,20,481,20481,31,2008,1GCHK23618F2,1,G,C,H,K,2,3,6,1,8,F,2,0,0,0,000000000,00000000000,0,0,0,1,0,0,0,0,0,0,0,998,0,0,0,12,6,2,12,0,0,0,1,19,51430,6,1,6,0,3,0,72,200,0,0,0,0,0,0,0,0,0,0,0,0,0,0,1,3,55,1,5,2,1,0,0,1,62,1,1,1,69,1,0
19,190234,2,2,1,27,10,12,0,12,6,1,0,19,3,82,881,82881,66,1999,1FUYDSEBXXLB,1,F,U,Y,D,S,E,B,X,X,L,B,1,1,57,1101996,571101996,3,6,8,1,0,0,0,0,0,0,0,998,0,0,0,1,6,2,12,0,0,0,1,19,51443,6,1,6,0,3,0,74,205,0,0,0,0,0,0,0,0,0,0,38,0,0,0,1,3,55,1,6,2,1,0,0,11,15,1,1,2,68,0,0
19,190235,1,2,1,29,10,16,53,12,6,1,0,19,1,6,43,6043,4,2008,1C3LC66J28N2,1,C,3,L,C,6,6,J,2,8,N,2,0,0,0,000000000,00000000000,0,0,0,1,0,0,0,0,0,0,0,998,0,0,0,3,6,2,12,0,0,0,1,19,52205,6,1,0,0,3,0,62,140,0,0,0,0,0,0,0,0,0,0,39,0,0,0,1,2,55,1,2,1,1,21,3,1,17,1,1,1,87,1,0
19,190235,2,2,1,29,10,16,53,12,6,1,0,19,3,82,881,82881,66,2000,1FUPCXZB2YDF,1,F,U,P,C,X,Z,B,2,Y,D,F,1,1,57,1773285,571773285,3,6,1,1,0,0,0,0,0,0,0,998,0,0,0,12,6,2,12,0,0,0,1,19,52302,6,1,6,0,3,0,72,340,1,0,0,0,0,11,2012,11,2012,0,0,0,0,0,2,2,65,1,2,1,1,0,0,1,66,98,1,1,86,0,0
19,190236,1,2,2,1,11,19,11,12,6,1,0,19,3,42,461,42461,21,2013,WD3PE7CD6D57,W,D,3,P,E,7,C,D,6,D,5,7,0,0,0,000000000,00000000000,0,0,0,1,0,0,0,0,0,6,5,998,1,1,1,9,6,2,12,0,0,0,1,19,50525,6,1,6,0,3,0,73,195,0,0,0,0,0,0,0,0,0,0,0,0,0,0,4,3,30,1,1,1,1,1,3,1,17,1,1,1,89,0,0
19,190236,2,2,2,1,11,19,11,12,6,1,0,19,1,7,472,7472,30,1998,1B7FL26X3WS6,1,B,7,F,L,2,6,X,3,W,S,6,0,0,0,000000000,00000000000,0,0,0,1,0,0,0,0,0,0,0,998,0,1,1,12,6,2,12,0,0,0,1,19,50327,6,1,6,0,3,3,72,250,1,0,0,0,0,10,2014,10,2014,0,0,0,0,0,4,3,40,1,1,1,1,1,3,1,66,1,1,1,88,1,0
19,190237,1,1,1,19,9,18,53,1,0,1,0,19,1,72,706,72706,80,2005,1HD1BVB105Y0,1,H,D,1,B,V,B,1,0,5,Y,0,0,0,0,000000000,00000000000,0,0,0,1,0,0,0,0,0,0,0,998,0,0,0,0,6,2,1,0,0,0,1,19,51555,2,1,0,0,2,0,70,205,0,1,1,0,0,1,2012,2,2012,0,0,0,0,0,1,2,55,3,2,1,1,0,0,14,13,1,2,1,98,1,1
19,190238,1,2,1,28,9,2,4,12,6,1,0,19,1,55,38,55038,4,2001,KMHFU45DX1A0,K,M,H,F,U,4,5,D,X,1,A,0,0,0,0,000000000,00000000000,0,0,0,1,0,0,0,0,0,0,0,998,0,0,0,12,6,2,12,0,0,0,1,19,52803,2,1,0,0,2,0,67,145,0,1,0,0,0,9,2014,9,2014,5,91,0,0,0,4,4,35,1,1,2,1,1,3,1,66,1,1,1,86,0,1