STATE,ST_CASE,VEH_NO,VE_FORMS,NUMOCCS,DAY,MONTH,HOUR,MINUTE,HARM_EV,MAN_COLL,UNITTYPE,HIT_RUN,REG_STAT,OWNER,MAKE,MODEL,MAK_MOD,BODY_TYP,MOD_YEAR,VIN,VIN_1,VIN_2,VIN_3,VIN_4,VIN_5,VIN_6,VIN_7,VIN_8,VIN_9,VIN_10,VIN_11,VIN_12,TOW_VEH,J_KNIFE,MCARR_I1,MCARR_I2,MCARR_ID,GVWR,V_CONFIG,CARGO_BT,HAZ_INV,HAZ_PLAC,HAZ_ID,HAZ_CNO,HAZ_REL,BUS_USE,SPEC_USE,EMER_USE,TRAV_SP,UNDERIDE,ROLLOVER,ROLINLOC,IMPACT1,DEFORMED,TOWED,M_HARM,VEH_SC1,VEH_SC2,FIRE_EXP,DR_PRES,L_STATE,DR_ZIP,L_STATUS,L_TYPE,CDL_STAT,L_ENDORS,L_COMPL,L_RESTRI,DR_HGT,DR_WGT,PREV_ACC,PREV_SUS,PREV_DWI,PREV_SPD,PREV_OTH,FIRST_MO,FIRST_YR,LAST_MO,LAST_YR,SPEEDREL,DR_SF1,DR_SF2,DR_SF3,DR_SF4,VTRAFWAY,VNUM_LAN,VSPD_LIM,VALIGN,VPROFILE,VPAVETYP,VSURCOND,VTRAFCON,VTCONT_F,P_CRASH1,P_CRASH2,P_CRASH3,PCRASH4,PCRASH5,ACC_TYPE,DEATHS,DR_DRINK
19,190238,2,2,3,28,9,2,4,12,6,1,0,19,2,55,35,55035,4,2012,KMHDH4AE5CU3,K,M,H,D,H,4,A,E,5,C,U,3,0,0,0,000000000,00000000000,0,0,0,1,0,0,0,0,0,0,0,998,0,0,0,3,6,2,12,0,0,0,1,17,61273,6,1,0,0,3,0,73,160,0,0,0,0,0,0,0,0,0,0,0,0,0,0,1,2,25,1,1,3,1,20,3,1,17,1,1,1,87,2,1
19,190239,1,2,1,14,8,20,9,12,2,1,0,19,1,20,421,20421,15,2003,1GNEK13Z93R2,1,G,N,E,K,1,3,Z,9,3,R,2,0,0,0,000000000,00000000000,0,0,0,1,0,0,0,0,0,0,0,998,0,0,0,12,6,2,12,0,0,0,1,19,51458,2,1,0,0,2,0,68,160,0,2,2,4,0,9,2011,2,2014,0,0,0,0,0,1,2,55,3,5,2,1,0,0,14,10,1,1,2,50,0,0
19,190239,2,2,1,14,8,20,9,12,2,1,0,19,1,7,403,7403,14,2007,1D8GU58627W7,1,D,8,G,U,5,8,6,2,7,W,7,0,0,0,000000000,00000000000,0,0,0,1,0,0,0,0,0,0,0,998,0,0,0,12,6,2,12,0,0,0,1,19,51546,6,1,0,0,3,0,67,125,0,0,0,0,0,0,0,0,0,0,0,0,0,0,1,2,55,2,6,2,1,0,0,14,62,1,1,1,51,1,1
19,190240,1,2,1,18,9,8,40,12,6,1,0,19,2,20,481,20481,31,1995,2GCEK19K8S12,2,G,C,E,K,1,9,K,8,S,1,2,0,0,0,000000000,00000000000,0,0,0,1,0,0,0,0,0,0,0,998,0,0,0,9,6,2,12,0,0,0,1,19,52639,6,1,0,0,3,3,68,115,0,0,0,0,0,0,0,0,0,0,39,0,0,0,1,3,55,1,1,1,1,20,3,11,17,1,1,1,82,1,0
19,190240,2,2,2,18,9,8,40,12,6,1,1,19,1,7,442,7442,20,2002,2B4GP44R62R7,2,B,4,G,P,4,4,R,6,2,R,7,0,0,0,000000000,00000000000,0,0,0,1,0,0,0,0,0,0,0,998,0,0,0,12,6,2,12,0,0,0,1,19,52632,6,1,0,0,3,3,66,140,1,0,0,0,0,2,2013,2,2013,0,0,0,0,0,2,2,65,1,1,2,1,0,0,1,67,98,1,1,83,0,0
19,190241,1,2,1,7,10,8,38,12,2,1,0,19,1,6,43,6043,2,2003,1C3EL45T23N5,1,C,3,E,L,4,5,T,2,3,N,5,0,0,0,000000000,00000000000,0,0,0,1,0,0,0,0,0,0,0,998,0,0,0,12,6,2,12,0,0,0,1,19,52003,6,1,0,0,3,3,71,187,1,0,0,0,0,2,2014,2,2014,4,28,0,0,0,1,2,25,2,1,2,1,0,0,14,10,1,2,2,50,1,0
19,190241,2,2,1,7,10,8,38,12,2,1,0,19,1,23,431,23431,16,1993,1GKFK16K6PJ7,1,G,K,F,K,1,6,K,6,P,J,7,0,0,0,000000000,00000000000,0,0,0,1,0,0,0,0,0,0,0,998,0,0,0,12,6,2,12,0,0,0,1,19,52003,6,1,0,0,3,0,61,176,0,0,0,0,0,0,0,0,0,0,0,0,0,0,1,2,25,3,1,2,1,0,0,14,62,98,1,1,51,0,0
19,190242,1,2,2,25,10,20,29,12,2,1,0,19,2,49,40,49040,4,1995,4T1GK13E1SU1,4,T,1,G,K,1,3,E,1,S,U,1,0,0,0,000000000,00000000000,0,0,0,1,0,0,0,0,0,0,0,998,0,0,0,12,6,2,12,0,0,0,1,19,50613,6,1,0,0,3,0,74,225,0,0,0,0,1,4,2013,4,2013,0,0,0,0,0,1,2,55,1,1,2,1,0,0,1,62,98,1,1,51,1,0
19,190242,2,2,1,25,10,20,29,12,2,1,0,19,1,12,17,12017,4,2002,1FAFP55U92A1,1,F,A,F,P,5,5,U,9,2,A,1,0,0,0,000000000,00000000000,0,0,0,1,0,0,0,0,0,0,0,998,0,0,0,12,6,2,12,0,0,0,1,19,50667,6,1,0,0,3,3,70,215,1,3,0,0,3,5,2012,7,2014,0,28,0,0,0,1,2,55,1,1,2,1,0,0,1,10,1,1,2,50,0,0
19,190243,1,1,3,1,11,3,8,35,0,1,0,19,1,12,481,12481,31,1995,1FTHX26F9SKA,1,F,T,H,X,2,6,F,9,S,K,A,0,0,0,000000000,00000000000,0,0,0,1,0,0,0,0,0,0,0,998,0,1,5,1,6,2,1,0,0,0,1,19,50644,6,1,0,0,3,0,71,200,0,0,0,0,1,4,2014,4,2014,4,6,91,0,0,1,2,55,1,1,2,1,0,0,1,11,98,2,4,2,1,1
19,190244,1,1,2,2,11,17,50,11,0,1,0,19,1,76,706,76706,80,2005,JYAVP17E75A0,J,Y,A,V,P,1,7,E,7,5,A,0,0,0,0,000000000,00000000000,0,0,0,1,0,0,0,0,0,0,0,998,0,0,0,12,6,2,11,0,0,0,1,19,50003,6,1,6,0,3,0,70,220,0,0,0,0,0,0,0,0,0,0,0,0,0,0,1,2,55,1,1,2,1,0,0,1,87,1,2,1,13,1,0
19,190245,1,3,2,3,11,8,52,12,1,1,0,19,1,2,404,2404,14,2002,1J4GW48S42C1,1,J,4,G,W,4,8,S,4,2,C,1,0,0,0,000000000,00000000000,0,0,0,1,0,0,0,0,0,0,0,998,0,0,0,12,6,2,12,0,0,0,1,19,50249,6,1,0,0,3,0,71,204,0,0,0,0,0,0,0,0,0,4,38,0,0,0,1,2,55,1,1,1,4,98,3,1,17,1,1,1,20,0,0
19,190245,2,3,1,3,11,8,52,12,1,1,0,19,1,12,17,12017,4,1999,1FAFP53U8XA2,1,F,A,F,P,5,3,U,8,X,A,2,0,0,0,000000000,00000000000,0,0,0,1,0,0,0,0,0,0,0,0,1,0,0,6,6,2,12,0,0,0,1,19,50595,6,1,0,0,3,0,75,185,0,0,0,0,0,0,0,0,0,4,26,0,0,0,1,2,55,1,1,1,2,20,3,11,53,1,1,1,22,1,0
19,190245,3,3,1,3,11,8,52,12,1,1,0,19,3,20,37,20037,4,2013,1G11H5SA0DF2,1,G,1,1,H,5,S,A,0,D,F,2,0,0,0,000000000,00000000000,0,0,0,1,0,0,0,0,0,0,0,998,0,0,0,12,6,2,12,0,0,0,1,19,50265,6,1,0,0,3,0,71,285,0,0,0,0,0,0,0,0,0,0,0,0,0,0,1,2,55,1,1,1,2,28,3,1,62,1,1,1,98,0,0
19,190246,1,1,1,1,11,5,7,8,0,1,0,48,2,12,442,12442,20,1998,2FTDA54U2WBB,2,F,T,D,A,5,4,U,2,W,B,B,0,0,0,000000000,00000000000,0,0,0,1,0,0,0,0,0,0,0,998,0,0,0,12,2,3,8,0,0,0,1,19,50265,0,0,0,0,0,0,999,999,0,0,0,0,0,0,0,0,0,0,0,0,0,0,2,2,70,1,2,1,1,0,0,1,80,98,1,1,13,0,0
19,190247,1,2,1,3,11,10,45,12,6,1,0,19,1,20,481,20481,31,2001,1GCEK19T81E1,1,G,C,E,K,1,9,T,8,1,E,1,0,0,0,000000000,00000000000,0,0,0,1,0,0,0,0,0,0,0,998,0,0,0,2,6,2,12,0,0,0,1,19,52404,6,1,0,0,3,0,68,205,1,0,0,0,0,11,2014,11,2014,0,0,0,0,0,2,2,70,1,1,2,1,0,0,1,10,1,4,6,64,0,0
19,190247,2,2,2,3,11,10,45,12,6,1,0,19,2,30,47,30047,3,2013,3VWJP7AT9DM6,3,V,W,J,P,7,A,T,9,D,M,6,0,0,0,000000000,00000000000,0,0,0,1,0,0,0,0,0,0,0,998,0,0,0,12,6,2,12,0,0,0,1,19,50662,6,1,0,0,3,0,63,145,0,0,0,0,0,0,0,0,0,0,0,0,0,0,2,2,70,1,1,2,1,0,0,1,62,98,1,1,65,1,0
19,190248,1,2,3,4,11,9,45,12,6,1,0,19,2,7,41,7041,4,2003,2B3HD46R53H5,2,B,3,H,D,4,6,R,5,3,H,5,0,0,0,000000000,00000000000,0,0,0,1,0,0,0,0,0,0,0,998,0,0,0,1,6,2,12,0,0,0,1,19,51501,6,1,0,0,3,0,71,145,0,0,0,0,0,0,0,0,0,0,38,0,0,0,1,3,50,1,1,2,2,1,3,11,15,1,1,2,68,2,1
19,190248,2,2,1,4,11,9,45,12,6,1,0,31,2,12,461,12461,21,1996,1FTFE24HXTHA,1,F,T,F,E,2,4,H,X,T,H,A,0,0,0,000000000,00000000000,0,0,0,1,0,0,0,0,0,0,0,998,0,0,0,12,6,2,12,0,0,0,1,19,51501,6,1,0,0,3,0,68,170,0,0,0,0,0,0,0,0,0,0,0,0,0,0,1,4,50,1,1,2,2,1,3,1,62,98,1,1,69,0,0
19,190249,1,1,2,5,11,19,30,1,0,1,0,19,1,12,401,12401,14,1998,1FMZU34X5WZA,1,F,M,Z,U,3,4,X,5,W,Z,A,0,0,0,000000000,00000000000,0,0,0,1,0,0,0,0,0,0,0,998,0,2,1,0,6,2,1,0,0,0,1,19,51401,6,1,0,0,3,0,72,210,0,0,0,0,1,12,2013,12,2013,0,58,0,0,0,1,2,45,1,2,2,1,0,0,1,11,6,9,6,98,1,1
19,190250,1,1,1,31,10,16,4,35,0,1,0,19,1,20,22,20022,4,2007,1G1AK55F7771,1,G,1,A,K,5,5,F,7,7,7,1,0,0,0,000000000,00000000000,0,0,0,1,0,0,0,0,0,0,0,998,0,1,5,12,6,2,1,0,0,0,1,19,50003,6,1,6,0,3,0,70,220,0,0,0,0,0,0,0,0,0,0,58,0,0,0,1,2,55,3,2,4,1,0,0,14,11,98,4,4,2,1,0
19,190251,1,1,1,5,11,10,11,10,0,1,0,19,2,37,734,37734,90,2002,478TE2240243,4,7,8,T,E,2,2,4,0,2,4,3,0,0,0,000000000,00000000000,0,0,0,1,0,0,0,0,0,0,0,998,0,0,0,12,6,2,10,0,0,0,1,19,52536,6,1,0,0,3,0,69,200,0,0,0,0,0,0,0,0,0,0,0,0,0,0,1,2,55,1,2,4,1,65,3,1,92,1,1,1,15,1,0
19,190252,1,2,2,5,11,18,29,12,2,1,0,19,1,18,23,18023,4,2009,1G4HD57M49U1,1,G,4,H,D,5,7,M,4,9,U,1,0,0,0,000000000,00000000000,0,0,0,1,0,0,0,0,0,0,0,998,1,0,0,12,6,2,12,0,0,0,1,19,51454,6,1,6,0,3,0,68,230,1,0,0,0,0,2,2014,2,2014,0,0,0,0,0,1,2,55,1,2,2,1,0,0,1,62,1,1,1,50,1,0
19,190252,2,2,1,5,11,18,29,12,2,1,0,19,1,12,481,12481,31,2012,1FT7X2BT7CEA,1,F,T,7,X,2,B,T,7,C,E,A,0,0,0,000000000,00000000000,0,0,0,1,0,0,0,0,0,0,0,998,0,1,1,12,6,2,12,0,0,0,1,19,51572,6,1,0,0,3,0,69,175,0,0,0,1,0,1,2012,1,2012,0,28,0,0,0,1,2,55,1,2,2,1,0,0,1,10,1,1,2,51,0,0
19,190253,1,1,1,6,11,11,18,34,0,1,0,19,2,7,472,7472,30,1999,1B7GG22Y1XS2,1,B,7,G,G,2,2,Y,1,X,S,2,0,0,0,000000000,00000000000,0,0,0,1,0,0,0,0,0,0,0,998,0,0,0,12,6,2,34,0,0,0,1,19,50666,6,1,0,0,3,0,66,145,0,0,0,0,0,0,0,0,0,0,0,0,0,0,1,2,55,1,1,4,1,0,0,1,12,1,1,4,6,1,0
19,190254,1,1,1,8,11,21,34,34,0,1,0,19,2,21,1,21001,4,1987,2G3AM51R0H93,2,G,3,A,M,5,1,R,0,H,9,3,0,0,0,000000000,00000000000,0,0,0,1,0,0,0,0,0,0,0,998,0,1,5,14,6,2,1,0,0,0,1,19,50677,2,1,0,0,2,0,66,150,0,1,3,0,2,5,2012,3,2014,4,0,0,0,0,1,2,45,2,1,2,1,0,0,14,12,1,2,4,7,1,1
19,190255,1,1,1,9,11,0,8,8,0,1,0,19,1,23,8,23008,6,2010,1GKLRKED0AJ1,1,G,K,L,R,K,E,D,0,A,J,1,0,0,0,000000000,00000000000,0,0,0,1,0,0,0,0,0,0,0,998,0,0,0,11,4,3,8,0,0,0,1,19,52804,6,1,0,0,3,0,76,320,0,0,0,0,0,0,0,0,0,0,0,0,0,0,1,2,30,1,1,2,1,0,0,1,80,1,1,1,13,0,1
19,190256,1,2,1,10,11,12,54,12,1,1,0,48,1,12,471,12471,30,1999,1FTYR10C7XPB,1,F,T,Y,R,1,0,C,7,X,P,B,0,0,0,000000000,00000000000,0,0,0,1,0,0,0,0,0,0,0,998,0,0,0,12,6,2,12,0,0,0,1,48,75124,6,1,0,0,3,0,999,999,0,0,0,0,0,0,0,0,0,5,0,0,0,0,1,2,55,1,1,2,1,98,3,1,50,1,1,1,20,0,0
19,190256,2,2,1,10,11,12,54,12,1,1,0,19,1,37,31,37031,4,2003,2HGES16573H6,2,H,G,E,S,1,6,5,7,3,H,6,0,0,0,000000000,00000000000,0,0,0,1,0,0,0,0,0,0,0,0,0,0,0,6,6,2,12,0,0,0,1,19,51062,6,1,0,0,3,0,66,180,0,0,0,0,0,0,0,0,0,0,0,0,0,0,1,2,55,1,1,2,1,98,3,5,53,1,1,1,21,1,0
19,190257,1,1,2,12,11,11,9,32,0,1,0,29,1,23,421,23421,15,2001,1GTHK23111F2,1,G,T,H,K,2,3,1,1,1,F,2,1,1,0,000000000,00000000000,0,0,0,1,0,0,0,0,0,0,0,998,0,0,0,14,6,2,32,0,0,0,1,29,63089,6,1,0,0,3,0,65,220,0,0,0,0,0,0,0,0,0,0,0,0,0,0,2,2,70,1,1,2,1,0,0,1,12,1,1,4,6,1,0
19,190258,1,3,2,13,11,16,1,12,6,1,0,19,1,7,442,7442,20,2014,2C4RDGCG0ER1,2,C,4,R,D,G,C,G,0,E,R,1,0,0,0,000000000,00000000000,0,0,0,1,0,0,0,0,0,0,0,998,0,0,0,1,6,2,12,0,0,0,1,19,50511,6,1,0,0,3,3,67,235,0,0,0,0,0,0,0,0,0,0,0,0,0,0,1,2,25,1,1,4,1,20,3,1,17,1,1,1,87,2,0
19,190258,2,3,1,13,11,16,1,12,6,1,0,27,3,84,881,84881,66,2006,2HSCNAPR86C1,2,H,S,C,N,A,P,R,8,6,C,1,1,1,57,1223224,571223224,3,6,2,1,0,0,0,0,0,0,0,998,0,0,0,12,6,2,12,0,0,0,1,27,56097,6,1,6,1,3,0,69,145,0,0,0,0,0,0,0,0,0,0,0,0,0,0,1,2,45,1,1,2,1,0,0,1,66,1,1,1,86,0,0
19,190258,3,3,1,13,11,16,1,12,6,1,0,1,3,85,881,85881,66,2000,3WKDD69X5YF8,3,W,K,D,D,6,9,X,5,Y,F,8,1,1,57,740245,57740245,3,6,2,1,0,0,0,0,0,0,0,998,0,0,0,12,6,2,12,0,0,0,1,19,50511,6,1,6,0,3,0,72,190,0,0,0,0,0,0,0,0,0,0,0,0,0,0,1,2,45,1,1,2,1,0,0,1,66,1,1,1,98,0,0
19,190259,1,1,2,13,11,21,26,8,0,1,0,19,2,37,402,37402,14,2001,JHLRD18671C0,J,H,L,R,D,1,8,6,7,1,C,0,0,0,0,000000000,00000000000,0,0,0,1,0,0,0,0,0,0,0,998,0,0,0,12,4,3,8,0,0,0,1,19,52341,6,1,0,0,3,0,71,186,0,0,0,0,0,0,0,0,0,0,0,0,0,0,6,2,70,1,1,1,3,0,0,10,80,1,1,1,13,0,0
19,190260,1,1,1,14,11,0,30,43,0,1,0,19,1,7,442,7442,20,2004,1D4GP45R44B5,1,D,4,G,P,4,5,R,4,4,B,5,0,0,0,000000000,00000000000,0,0,0,1,0,0,0,0,0,0,0,998,0,0,0,12,6,2,43,0,0,0,1,19,51653,6,1,0,0,3,0,68,165,0,0,0,0,0,0,0,0,0,0,0,0,0,0,1,2,55,1,1,2,1,0,0,1,13,1,1,4,1,1,1
19,190261,1,2,1,15,11,9,57,12,6,1,0,19,1,12,22,12022,6,2006,1FMDK05166GA,1,F,M,D,K,0,5,1,6,6,G,A,0,0,0,000000000,00000000000,0,0,0,1,0,0,0,0,0,0,0,998,0,0,0,11,6,2,12,0,0,0,1,19,51346,6,1,0,0,3,0,61,175,0,0,0,0,0,0,0,0,0,4,28,0,0,0,1,2,55,1,1,2,3,0,0,1,10,1,1,2,64,1,0
19,190261,2,2,1,15,11,9,57,12,6,1,0,19,1,20,37,20037,4,2009,1G1ZK57759F1,1,G,1,Z,K,5,7,7,5,9,F,1,0,0,0,000000000,00000000000,0,0,0,1,0,0,0,0,0,0,0,998,0,0,0,11,6,2,12,0,0,0,1,19,51301,6,1,0,0,3,3,67,140,0,0,0,0,0,0,0,0,0,0,0,0,0,0,1,2,55,1,1,2,3,0,0,1,62,1,1,1,65,0,0
19,190262,1,1,3,15,11,13,46,1,0,1,0,19,2,20,481,20481,31,2006,1GCEK19Z56Z1,1,G,C,E,K,1,9,Z,5,6,Z,1,0,0,0,000000000,00000000000,0,0,0,1,0,0,0,0,0,0,0,998,0,1,5,0,6,2,1,0,0,0,1,19,50158,6,1,0,0,3,3,64,192,0,0,0,0,0,0,0,0,0,4,0,0,0,0,1,2,65,1,2,1,3,0,0,1,13,1,2,4,2,2,0
19,190263,1,1,1,15,11,7,8,34,0,1,0,19,3,12,880,12880,67,2001,1FTWW33F71ED,1,F,T,W,W,3,3,F,7,1,E,D,0,0,57,1975751,571975751,2,1,97,1,0,0,0,0,0,0,0,998,0,0,0,12,6,2,34,0,0,0,1,19,52101,6,1,6,0,3,0,66,180,0,0,0,2,0,3,2013,10,2014,0,0,0,0,0,1,2,45,1,2,2,1,0,0,1,10,1,2,4,7,1,0
19,190264,1,2,2,15,11,14,45,12,6,1,0,19,1,12,24,12024,6,2011,2FMDK3JC7BBA,2,F,M,D,K,3,J,C,7,B,B,A,0,0,0,000000000,00000000000,0,0,0,1,0,0,0,0,0,0,0,998,0,0,0,12,6,2,12,0,0,0,1,19,50651,6,1,0,0,3,0,71,178,0,0,0,0,0,0,0,0,0,0,0,0,0,0,1,2,55,1,1,1,3,0,0,1,62,1,1,1,65,0,0
19,190264,2,2,1,15,11,14,45,12,6,1,0,19,1,12,471,12471,30,2005,1FTZR45E25PA,1,F,T,Z,R,4,5,E,2,5,P,A,0,0,0,000000000,00000000000,0,0,0,1,0,0,0,0,0,0,0,998,0,0,0,3,6,2,12,0,0,0,1,19,50651,6,1,0,0,3,3,70,186,0,0,0,0,0,0,0,0,0,0,28,58,0,0,1,2,55,1,1,1,3,0,0,1,10,1,4,2,64,1,0
19,190265,1,1,1,15,11,12,55,15,0,1,0,19,1,20,473,20473,30,2005,1GCDT1364581,1,G,C,D,T,1,3,6,4,5,8,1,0,0,0,000000000,00000000000,0,0,0,1,0,0,0,0,0,0,0,998,0,0,0,3,0,5,15,0,0,0,1,19,51501,6,1,0,0,3,0,67,195,0,0,0,0,0,0,0,0,0,0,0,0,0,0,1,3,35,1,1,1,4,0,0,1,83,1,1,1,13,0,0
19,190266,1,1,2,16,11,0,50,1,0,1,0,19,1,20,481,20481,31,2006,1GCHK23226F1,1,G,C,H,K,2,3,2,2,6,F,1,0,0,0,000000000,00000000000,0,0,0,1,0,0,0,0,0,0,0,998,0,1,5,0,6,2,1,0,0,0,1,19,52624,6,1,0,0,3,3,64,205,0,1,1,1,0,7,2012,5,2014,4,0,0,0,0,1,2,45,1,2,2,4,0,0,1,10,1,4,4,7,1,1
19,190267,1,1,1,18,11,8,48,3,0,1,0,19,2,18,18,18018,4,1994,1G4NV55MXRC2,1,G,4,N,V,5,5,M,X,R,C,2,0,0,0,000000000,00000000000,0,0,0,1,0,0,0,0,0,0,0,998,0,0,0,0,6,2,3,0,0,0,1,19,52228,2,1,0,0,2,0,65,115,3,2,0,0,3,12,2013,11,2014,0,58,0,0,0,2,2,65,3,2,1,1,0,0,14,12,1,2,4,0,1,1
19,190268,1,1,1,20,11,10,34,9,0,1,0,19,3,23,881,23881,61,2008,1GDJK39638E1,1,G,D,J,K,3,9,6,3,8,E,1,0,0,88,888888888,88888888888,2,1,97,1,0,0,0,0,0,0,0,998,0,0,0,1,2,5,9,0,0,0,1,19,50428,6,1,6,0,3,0,75,275,0,0,0,0,0,0,0,0,0,0,0,0,0,0,1,2,55,1,2,2,1,0,0,1,80,1,1,1,13,0,0
19,190269,1,2,2,21,11,23,41,12,2,1,0,19,1,20,2,20002,4,2001,2G1WF55E6191,2,G,1,W,F,5,5,E,6,1,9,1,0,0,0,000000000,00000000000,0,0,0,1,0,0,0,0,0,0,0,998,0,0,0,12,6,2,12,0,0,0,1,19,52213,2,1,0,0,2,3,66,200,0,1,1,1,1,2,2012,7,2014,3,28,91,0,0,1,2,55,1,1,2,2,0,0,1,10,1,1,2,50,1,1
19,190269,2,2,1,21,11,23,41,12,2,1,0,19,2,12,17,12017,4,2001,1FAFP55U71G1,1,F,A,F,P,5,5,U,7,1,G,1,0,0,0,000000000,00000000000,0,0,0,1,0,0,0,0,0,0,0,998,0,0,0,12,6,2,12,0,0,0,1,19,52213,6,1,0,0,3,3,70,155,0,0,0,0,0,0,0,0,0,0,0,0,0,0,1,2,55,1,1,2,2,0,0,1,62,1,1,1,51,0,0
19,190270,1,2,2,22,11,16,53,12,6,1,0,19,1,72,706,72706,80,2009,1HD1GN4189K3,1,H,D,1,G,N,4,1,8,9,K,3,0,0,0,000000000,00000000000,0,0,0,1,0,0,0,0,0,0,0,998,0,0,0,12,6,2,12,0,0,0,1,19,50401,6,1,0,0,3,0,67,205,0,0,0,1,0,5,2014,5,2014,0,38,0,0,0,1,5,35,1,1,2,2,2,3,1,62,1,1,1,69,1,0
19,190270,2,2,1,22,11,16,53,12,6,1,1,19,2,12,481,12481,31,1998,1FTZF1823WKB,1,F,T,Z,F,1,8,2,3,W,K,B,0,0,0,000000000,00000000000,0,0,0,1,0,0,0,0,0,0,0,998,0,0,0,1,6,2,12,0,0,0,1,26,49503,0,0,0,0,0,0,66,190,0,1,1,0,0,7,2014,7,2014,0,38,0,0,0,1,5,35,1,1,2,2,2,3,11,15,1,1,2,68,0,1
19,190271,1,2,4,22,11,15,23,12,6,1,0,19,1,20,401,20401,14,2002,1GNDT13S3223,1,G,N,D,T,1,3,S,3,2,2,3,0,0,0,000000000,00000000000,0,0,0,1,0,0,0,0,0,0,0,998,0,0,0,3,6,2,12,0,0,0,1,19,51105,6,1,0,0,3,0,62,122,0,0,0,0,0,0,0,0,0,0,28,58,0,0,1,2,55,1,1,1,1,0,0,1,11,6,2,2,64,3,0
19,190271,2,2,4,22,11,15,23,12,6,1,0,19,2,23,481,23481,31,2014,1GTV2VEC1EZ3,1,G,T,V,2,V,E,C,1,E,Z,3,0,0,0,000000000,00000000000,0,0,0,1,0,0,0,0,0,0,0,998,0,0,0,12,6,2,12,0,0,0,1,19,50312,6,1,6,0,3,0,74,220,0,0,0,0,0,0,0,0,0,0,0,0,0,0,1,2,55,1,1,1,1,0,0,1,62,1,1,1,65,2,0
19,190272,1,2,1,22,11,13,8,12,6,1,0,19,1,18,22,18022,4,2005,2G4WE567X511,2,G,4,W,E,5,6,7,X,5,1,1,0,0,0,000000000,00000000000,0,0,0,1,0,0,0,0,0,0,0,998,0,0,0,9,6,2,12,0,0,0,1,19,52756,6,1,0,0,3,3,70,180,0,0,0,0,0,0,0,0,0,0,0,0,0,0,1,2,55,1,1,2,2,0,0,11,15,1,1,7,68,1,0
19,190272,2,2,1,22,11,13,8,12,6,1,0,19,3,87,881,87881,66,1995,1XP5DB9X7SN3,1,X,P,5,D,B,9,X,7,S,N,3,1,1,57,207047,57207047,3,6,97,1,0,0,0,0,0,0,0,998,0,0,0,12,6,2,12,0,0,0,1,19,52722,6,1,6,0,3,0,70,135,0,0,0,1,0,11,2014,11,2014,0,0,0,0,0,1,2,55,1,1,2,2,0,0,1,71,6,1,2,69,0,0
19,190273,1,1,1,22,11,18,15,35,0,1,0,19,1,3,431,3431,16,2005,5GRGN23U55H1,5,G,R,G,N,2,3,U,5,5,H,1,0,0,0,000000000,00000000000,0,0,0,1,0,0,0,0,0,0,0,998,0,1,3,12,6,2,1,0,0,0,1,19,52804,6,1,6,0,3,0,70,230,0,0,0,0,0,0,0,0,0,0,0,0,0,0,2,2,65,1,1,1,2,0,0,1,12,1,1,4,6,1,1
19,190274,1,1,1,22,11,1,26,19,0,1,0,19,1,12,481,12481,31,2002,1FTNW21F72EC,1,F,T,N,W,2,1,F,7,2,E,C,0,0,0,000000000,00000000000,0,0,0,1,0,0,0,0,0,0,0,998,0,1,5,12,6,2,1,0,0,0,1,19,50025,6,1,6,0,3,3,76,170,0,0,0,0,0,0,0,0,0,0,28,0,0,0,1,2,55,1,2,2,2,0,0,1,12,1,1,4,6,1,1
19,190275,1,2,2,24,11,13,0,12,6,1,0,19,2,7,442,7442,20,2000,1B4GP44G2YB7,1,B,4,G,P,4,4,G,2,Y,B,7,0,0,0,000000000,00000000000,0,0,0,1,0,0,0,0,0,0,0,998,0,0,0,3,6,2,12,0,0,0,1,19,52807,2,1,0,0,2,3,71,180,0,0,0,1,0,9,2014,9,2014,0,39,0,0,0,1,6,35,1,1,1,2,2,3,1,17,1,1,1,87,1,0
19,190275,2,2,1,24,11,13,0,12,6,1,0,13,3,82,881,82881,66,2014,1FUBGBDV7ELF,1,F,U,B,G,B,D,V,7,E,L,F,1,1,57,1310845,571310845,3,6,1,1,0,0,0,0,0,0,0,45,0,0,0,12,6,2,12,0,0,0,1,17,61571,6,1,6,0,3,3,68,150,0,0,0,0,0,0,0,0,0,0,0,0,0,0,1,4,45,1,1,2,1,2,3,1,55,1,1,1,86,0,0
19,190276,1,2,1,3,11,22,28,12,2,1,0,19,1,20,36,20036,2,1997,2G1WW12M6V93,2,G,1,W,W,1,2,M,6,V,9,3,0,0,0,000000000,00000000000,0,0,0,1,0,0,0,0,0,0,0,998,0,0,0,12,6,2,12,0,0,0,1,19,52309,6,1,0,0,3,3,72,211,0,0,0,1,0,5,2013,5,2013,0,0,0,0,0,1,2,55,1,2,2,2,0,0,1,10,1,1,2,50,1,1
19,190276,2,2,2,3,11,22,28,12,2,1,0,19,1,23,421,23421,15,2007,1GTHK23637F5,1,G,T,H,K,2,3,6,3,7,F,5,0,0,0,000000000,00000000000,0,0,0,1,0,0,0,0,0,0,0,9,0,0,0,12,6,2,12,0,0,0,1,19,52320,6,1,0,0,3,0,75,220,0,0,0,1,1,11,2012,6,2013,0,0,0,0,0,1,2,55,1,2,2,2,0,0,1,62,1,1,1,51,0,1