STATE,ST_CASE,VEH_NO,VE_FORMS,NUMOCCS,DAY,MONTH,HOUR,MINUTE,HARM_EV,MAN_COLL,UNITTYPE,HIT_RUN,REG_STAT,OWNER,MAKE,MODEL,MAK_MOD,BODY_TYP,MOD_YEAR,VIN,VIN_1,VIN_2,VIN_3,VIN_4,VIN_5,VIN_6,VIN_7,VIN_8,VIN_9,VIN_10,VIN_11,VIN_12,TOW_VEH,J_KNIFE,MCARR_I1,MCARR_I2,MCARR_ID,GVWR,V_CONFIG,CARGO_BT,HAZ_INV,HAZ_PLAC,HAZ_ID,HAZ_CNO,HAZ_REL,BUS_USE,SPEC_USE,EMER_USE,TRAV_SP,UNDERIDE,ROLLOVER,ROLINLOC,IMPACT1,DEFORMED,TOWED,M_HARM,VEH_SC1,VEH_SC2,FIRE_EXP,DR_PRES,L_STATE,DR_ZIP,L_STATUS,L_TYPE,CDL_STAT,L_ENDORS,L_COMPL,L_RESTRI,DR_HGT,DR_WGT,PREV_ACC,PREV_SUS,PREV_DWI,PREV_SPD,PREV_OTH,FIRST_MO,FIRST_YR,LAST_MO,LAST_YR,SPEEDREL,DR_SF1,DR_SF2,DR_SF3,DR_SF4,VTRAFWAY,VNUM_LAN,VSPD_LIM,VALIGN,VPROFILE,VPAVETYP,VSURCOND,VTRAFCON,VTCONT_F,P_CRASH1,P_CRASH2,P_CRASH3,PCRASH4,PCRASH5,ACC_TYPE,DEATHS,DR_DRINK
19,190277,1,2,1,21,11,11,15,12,6,1,0,19,3,82,881,82881,66,2000,1FUYDDYB9YDF,1,F,U,Y,D,D,Y,B,9,Y,D,F,1,1,57,463146,57463146,3,6,4,1,0,0,0,0,0,0,0,0,0,0,0,12,2,3,12,0,0,0,1,19,50428,6,1,6,0,3,0,69,175,0,0,0,0,0,0,0,0,0,0,0,0,0,0,1,2,55,1,2,2,1,0,0,1,66,4,1,1,86,0,0
19,190277,2,2,1,21,11,11,15,12,6,1,0,15,2,22,18,22018,4,1992,1G2NE54N2NC2,1,G,2,N,E,5,4,N,2,N,C,2,0,0,0,000000000,00000000000,0,0,0,1,0,0,0,0,0,0,0,998,0,0,0,3,6,2,12,0,0,0,1,15,96768,6,1,0,0,3,0,66,154,0,1,0,0,1,11,2011,1,2012,0,39,0,0,0,1,2,55,1,1,1,1,20,3,1,17,1,1,1,87,1,0
19,190278,1,1,2,30,11,5,0,38,0,1,0,17,2,52,402,52402,14,2004,4A4MM21S54E1,4,A,4,M,M,2,1,S,5,4,E,1,0,0,0,000000000,00000000000,0,0,0,1,0,0,0,0,0,0,0,998,0,1,5,12,6,2,1,0,0,0,1,99,99999,9,9,99,0,9,9,999,999,99,99,99,99,99,99,9999,99,9999,9,0,0,0,0,1,2,55,1,2,2,1,0,0,1,12,98,1,4,6,2,0
19,190279,1,1,1,30,11,23,0,35,0,1,0,19,1,49,48,49048,5,2005,JTKDE1771500,J,T,K,D,E,1,7,7,1,5,0,0,0,0,0,000000000,00000000000,0,0,0,1,0,0,0,0,0,0,0,998,0,1,5,12,6,2,1,0,0,0,1,19,52042,6,1,0,0,3,0,62,110,0,0,0,0,0,0,0,0,0,0,58,0,0,0,1,2,55,3,2,2,1,0,0,14,13,1,1,4,1,1,1
19,190280,1,1,1,1,12,9,40,34,0,1,0,19,2,55,36,55036,3,1995,KMHVD14N4SU0,K,M,H,V,D,1,4,N,4,S,U,0,0,0,0,000000000,00000000000,0,0,0,1,0,0,0,0,0,0,0,998,0,1,1,12,6,2,1,0,0,0,1,19,52042,1,1,0,0,2,0,64,145,0,1,0,2,3,8,2012,1,2014,0,58,0,0,0,1,2,55,1,2,4,1,0,0,1,10,98,2,4,6,1,1
19,190281,1,2,2,4,12,14,0,12,6,1,0,19,1,12,23,12023,4,2010,3FAHP0JA1AR1,3,F,A,H,P,0,J,A,1,A,R,1,0,0,0,000000000,00000000000,0,0,0,1,0,0,0,0,0,0,0,998,0,0,0,9,6,2,12,0,0,0,1,19,52227,6,1,0,0,3,0,60,139,1,0,0,0,1,12,2011,12,2011,0,39,0,0,0,1,2,55,1,2,2,1,20,3,11,17,1,1,1,82,1,0
19,190281,2,2,44,4,12,14,0,12,6,1,0,19,3,94,981,94981,50,2005,1T88S3C23511,1,T,8,8,S,3,C,2,3,5,1,1,0,0,88,888888888,88888888888,2,21,22,1,0,0,0,0,1,2,0,998,0,0,0,11,6,2,12,0,0,0,1,19,52333,6,1,6,1,3,3,66,160,0,0,0,0,0,0,0,0,0,0,0,0,0,0,1,2,55,1,2,2,1,0,0,1,67,98,1,1,83,0,0
19,190282,1,1,1,5,12,1,45,34,0,1,0,19,1,20,481,20481,31,2001,1GCHK29U81E3,1,G,C,H,K,2,9,U,8,1,E,3,0,0,0,000000000,00000000000,0,0,0,1,0,0,0,0,0,0,0,998,0,1,5,12,6,2,34,0,0,0,1,19,52249,6,1,6,0,3,0,70,220,0,0,0,2,0,6,2014,9,2014,0,58,0,0,0,1,2,55,1,1,4,1,0,0,1,10,7,2,4,6,1,1
19,190283,1,1,1,6,12,7,20,34,0,1,0,19,1,20,481,20481,31,2000,1GCGK24UXYE3,1,G,C,G,K,2,4,U,X,Y,E,3,0,0,0,000000000,00000000000,0,0,0,1,0,0,0,0,0,0,0,998,0,1,5,12,6,2,34,0,0,0,1,19,51401,6,1,0,0,3,0,66,185,0,0,0,0,0,0,0,0,0,0,0,0,0,0,1,2,55,1,2,4,1,0,0,1,11,1,1,4,1,1,1
19,190284,1,2,6,15,12,18,39,12,1,1,0,19,1,20,16,20016,2,2000,1G1JF12T2Y72,1,G,1,J,F,1,2,T,2,Y,7,2,0,0,0,000000000,00000000000,0,0,0,1,0,0,0,0,0,0,0,998,2,0,0,6,6,2,12,0,0,0,1,19,50125,6,1,0,0,3,0,64,150,0,0,0,0,3,4,2012,1,2013,0,0,0,0,0,2,2,55,1,1,2,2,3,3,1,53,1,1,1,25,1,0
19,190284,2,2,1,15,12,18,39,12,1,1,0,19,1,2,404,2404,14,1997,1J4GZ58S8VC5,1,J,4,G,Z,5,8,S,8,V,C,5,0,0,0,000000000,00000000000,0,0,0,1,0,0,0,0,0,0,0,998,0,0,0,12,6,2,12,0,0,0,1,19,50315,6,1,0,0,3,0,71,120,0,0,0,0,0,0,0,0,0,4,26,0,0,0,2,2,55,1,1,2,2,3,3,1,51,1,1,1,24,0,0
19,190285,1,1,1,17,12,13,48,34,0,1,0,19,3,86,881,86881,63,2004,1M2AG02C04M0,1,M,2,A,G,0,2,C,0,4,M,0,0,0,57,02008924,5702008924,3,2,3,1,0,0,0,0,0,0,0,998,0,1,5,3,6,2,1,0,0,0,1,19,50428,6,1,6,0,3,0,67,135,1,0,0,1,1,1,2012,11,2014,0,0,0,0,0,1,2,55,3,2,2,1,0,0,14,13,1,2,4,2,1,0
19,190286,1,1,1,18,12,15,18,34,0,1,0,19,1,12,473,12473,30,2002,1FMZU77EX2UC,1,F,M,Z,U,7,7,E,X,2,U,C,0,0,0,000000000,00000000000,0,0,0,1,0,0,0,0,0,0,0,998,0,1,5,12,6,2,1,0,0,0,1,19,52031,6,1,0,0,3,0,66,190,0,0,0,0,0,0,0,0,0,0,0,0,0,0,1,2,55,1,2,2,1,0,0,1,13,1,2,4,2,1,0
19,190287,1,2,1,23,12,9,18,12,6,1,0,93,3,7,880,7880,67,2003,3D7MU48C83G8,3,D,7,M,U,4,8,C,8,3,G,8,0,0,57,1193513,571193513,2,1,97,1,0,0,0,0,0,0,0,998,0,0,0,12,6,2,12,0,0,0,1,19,50420,6,1,6,0,3,0,74,230,0,0,0,0,0,0,0,0,0,0,0,0,0,0,1,2,55,1,1,2,2,0,0,1,51,98,1,1,48,0,0
19,190287,2,2,1,23,12,9,18,12,6,1,0,19,1,12,481,12481,31,2000,1FTRX18L7YKA,1,F,T,R,X,1,8,L,7,Y,K,A,0,0,0,000000000,00000000000,0,0,0,1,0,0,0,0,0,0,0,998,0,0,0,9,6,2,12,0,0,0,1,19,50421,6,1,0,0,3,3,63,200,0,0,0,0,0,0,0,0,0,0,0,0,0,0,1,2,55,1,1,2,2,0,0,1,9,99,4,2,48,1,0
19,190288,1,2,1,23,12,18,4,12,2,1,0,19,1,20,2,20002,4,2012,2G1WB5E36C13,2,G,1,W,B,5,E,3,6,C,1,3,0,0,0,000000000,00000000000,0,0,0,1,0,0,0,0,0,0,0,998,0,0,0,12,6,2,12,0,0,0,1,19,51546,6,1,0,0,3,3,65,135,0,0,0,0,0,0,0,0,0,0,28,0,0,0,1,2,55,1,1,2,2,0,0,1,10,1,1,2,50,0,0
19,190288,2,2,2,23,12,18,4,12,2,1,0,19,1,12,16,12016,4,2003,2FAFP74W33X2,2,F,A,F,P,7,4,W,3,3,X,2,0,0,0,000000000,00000000000,0,0,0,1,0,0,0,0,0,0,0,998,0,0,0,12,6,2,12,0,0,0,1,19,51546,6,1,0,0,3,3,68,215,0,0,0,0,0,0,0,0,0,0,0,0,0,0,1,2,55,1,1,2,2,0,0,1,10,1,1,2,51,1,0
19,190289,1,2,2,27,12,0,30,12,6,1,0,19,2,22,20,22020,4,2004,2G2WP5221411,2,G,2,W,P,5,2,2,1,4,1,1,0,0,0,000000000,00000000000,0,0,0,1,0,0,0,0,0,0,0,998,0,0,0,3,6,2,12,0,0,0,1,19,51449,6,1,0,0,3,3,65,115,0,0,0,0,0,0,0,0,0,4,58,87,0,0,1,2,55,1,1,2,3,0,0,1,5,6,4,2,64,1,0
19,190289,2,2,1,27,12,0,30,12,6,1,0,19,1,7,482,7482,31,2002,3D7HU18N92G1,3,D,7,H,U,1,8,N,9,2,G,1,0,0,0,000000000,00000000000,0,0,0,1,0,0,0,0,0,0,0,998,0,0,0,12,6,2,12,0,0,0,1,19,51462,6,1,7,0,3,1,73,165,0,0,0,1,0,2,2012,2,2012,0,0,0,0,0,1,2,55,1,1,2,3,0,0,1,62,1,1,1,65,0,0
19,190290,1,1,1,24,11,16,54,35,0,1,0,39,4,41,55,41055,5,2014,JM1DE1KY1E01,J,M,1,D,E,1,K,Y,1,E,0,1,0,0,0,000000000,00000000000,0,0,0,1,0,0,0,0,0,0,0,998,0,0,0,12,6,2,35,0,0,0,1,39,43055,6,1,0,0,3,0,71,225,0,1,0,1,1,2,2012,10,2013,0,28,0,0,0,1,2,55,3,1,2,1,0,0,14,14,1,1,4,14,1,1
19,190291,1,1,1,30,12,22,29,31,0,1,0,19,1,2,404,2404,14,2001,1J4FF48S91L6,1,J,4,F,F,4,8,S,9,1,L,6,0,0,0,000000000,00000000000,0,0,0,1,0,0,0,0,0,0,0,998,0,1,5,98,6,2,1,0,0,0,1,19,50070,6,1,0,0,3,3,68,165,0,0,0,1,0,4,2014,4,2014,3,0,0,0,0,1,2,55,3,5,2,1,0,0,14,13,1,1,4,1,1,1
19,190293,1,2,2,22,8,10,27,12,6,1,0,19,2,19,421,19421,15,2011,1GYS4BEF8BR1,1,G,Y,S,4,B,E,F,8,B,R,1,0,0,0,000000000,00000000000,0,0,0,1,0,0,0,0,0,0,0,998,0,1,5,3,6,2,12,0,0,0,1,19,50843,6,1,0,0,3,0,64,170,0,0,0,0,0,0,0,0,0,0,0,0,0,0,1,3,55,1,1,2,1,0,0,1,66,1,1,1,87,0,0
19,190293,2,2,2,22,8,10,27,12,6,1,0,19,1,20,471,20471,30,2004,1GCDT13X84K1,1,G,C,D,T,1,3,X,8,4,K,1,0,0,0,000000000,00000000000,0,0,0,1,0,0,0,0,0,0,0,998,0,0,0,12,6,2,12,0,0,0,1,19,50022,6,1,0,0,3,3,75,255,0,0,0,0,0,0,0,0,0,0,39,0,0,0,1,2,55,1,1,2,1,20,3,1,17,1,1,1,86,1,0
19,190294,1,2,2,19,12,17,35,12,2,1,0,19,1,23,422,23422,15,2012,1GKS2HE7XCR3,1,G,K,S,2,H,E,7,X,C,R,3,0,0,0,000000000,00000000000,0,0,0,1,0,0,0,0,0,0,0,998,0,0,0,12,6,2,12,0,0,0,1,19,51503,6,1,0,0,3,0,64,130,1,0,0,0,0,1,2012,1,2012,0,81,38,0,0,1,2,55,1,5,2,2,0,0,1,90,6,1,2,50,0,0
19,190294,2,2,2,19,12,17,35,12,2,1,0,19,2,12,473,12473,30,2001,1FMZU77E71UC,1,F,M,Z,U,7,7,E,7,1,U,C,0,0,0,000000000,00000000000,0,0,0,1,0,0,0,0,0,0,0,998,0,0,0,12,6,2,12,0,0,0,1,19,50025,6,1,0,0,3,3,70,260,0,0,0,0,0,0,0,0,0,0,0,0,0,0,1,2,55,1,6,2,2,0,0,1,62,1,1,1,51,1,0
19,190295,1,1,1,21,10,8,46,35,0,1,0,19,1,12,481,12481,31,1998,1FTZF18W2WKC,1,F,T,Z,F,1,8,W,2,W,K,C,0,0,0,000000000,00000000000,0,0,0,1,0,0,0,0,0,0,0,998,0,0,0,12,4,3,35,0,0,0,1,19,50560,6,1,6,0,3,0,70,200,0,0,0,0,0,0,0,0,0,0,0,0,0,0,1,2,55,1,1,4,1,0,0,1,12,1,1,4,9,1,0
20,200001,1,1,1,3,1,15,0,24,0,1,0,20,1,20,481,20481,31,1990,1GCDC14Z7LE2,1,G,C,D,C,1,4,Z,7,L,E,2,1,1,0,000000000,00000000000,0,0,0,1,0,0,0,0,0,0,0,998,0,0,0,11,6,2,42,0,0,0,1,20,67484,6,1,0,0,3,9,72,170,0,0,0,0,0,0,0,0,0,9,0,0,0,0,1,3,40,2,6,1,1,0,0,14,12,1,1,4,6,1,0
20,200002,1,1,1,5,1,22,45,42,0,1,0,26,1,2,404,2404,14,2000,1J4GW48S9YC2,1,J,4,G,W,4,8,S,9,Y,C,2,0,0,0,000000000,00000000000,0,0,0,1,0,0,0,0,0,0,0,998,0,0,0,2,6,2,42,0,0,0,1,26,48374,6,1,0,0,3,0,72,160,0,0,0,0,0,0,0,0,0,4,87,0,0,0,1,2,40,1,1,2,4,0,0,1,5,1,4,4,7,1,1
20,200003,1,2,1,8,1,6,50,12,2,1,0,20,1,49,32,49032,4,1995,1NXAE04B7SZ2,1,N,X,A,E,0,4,B,7,S,Z,2,0,0,0,000000000,00000000000,0,0,0,1,0,0,0,0,0,0,0,998,0,0,0,12,6,2,12,0,0,0,1,20,66611,6,1,0,0,3,1,69,160,2,0,0,0,2,1,2011,12,2013,0,28,0,0,0,1,3,55,1,5,2,1,0,0,1,10,1,1,2,50,1,0
20,200003,2,2,1,8,1,6,50,12,2,1,0,20,1,23,8,23008,6,2010,1GKLVMED2AJ1,1,G,K,L,V,M,E,D,2,A,J,1,0,0,0,000000000,00000000000,0,0,0,1,0,0,0,0,0,0,0,998,0,0,0,12,6,2,12,0,0,0,1,20,66050,6,1,0,0,3,0,67,160,0,0,0,0,0,0,0,0,0,0,0,0,0,0,1,3,55,1,6,2,1,0,0,1,62,3,1,1,51,0,0
20,200004,1,1,4,8,1,10,50,32,0,1,0,13,2,63,402,63402,14,2005,KNDJD7339553,K,N,D,J,D,7,3,3,9,5,5,3,0,0,0,000000000,00000000000,0,0,0,1,0,0,0,0,0,0,0,998,0,1,2,14,6,2,1,0,0,0,1,13,30260,6,1,0,0,3,0,60,120,98,0,0,0,0,0,0,0,0,0,58,0,0,0,1,2,65,1,3,2,1,0,0,1,13,6,9,4,2,2,0
20,200005,1,1,2,9,1,21,48,9,0,1,0,20,3,7,881,7881,61,2000,3B6MC3664YM2,3,B,6,M,C,3,6,6,4,Y,M,2,0,0,57,1894474,571894474,2,1,3,1,0,0,0,0,0,0,0,998,0,0,0,12,6,2,9,0,0,0,1,20,67213,6,1,0,0,3,1,71,155,0,1,0,1,0,9,2011,11,2013,0,86,0,0,0,1,4,40,1,1,2,2,0,0,1,80,1,1,1,13,0,1
20,200006,1,1,1,10,1,17,33,1,0,1,0,20,1,12,481,12481,31,2008,1FTSW21528EB,1,F,T,S,W,2,1,5,2,8,E,B,0,0,0,000000000,00000000000,0,0,0,1,0,0,0,0,0,0,0,998,0,1,5,0,6,2,1,0,0,0,1,20,67846,6,1,0,0,3,0,70,280,0,0,0,1,0,9,2011,9,2011,0,58,0,0,0,1,2,55,1,1,2,1,0,0,1,13,1,3,4,2,1,1
20,200007,1,1,2,11,1,14,45,1,0,1,0,20,1,2,403,2403,14,1994,1J4FY19P0RP4,1,J,4,F,Y,1,9,P,0,R,P,4,0,0,0,000000000,00000000000,0,0,0,1,0,0,0,0,0,0,0,998,0,1,5,0,6,2,1,0,0,0,1,20,67846,6,1,0,0,3,0,75,245,1,0,0,2,0,6,2011,12,2013,0,28,58,0,0,1,2,55,1,2,4,1,0,0,1,9,1,4,4,7,2,0
20,200008,1,1,2,12,1,14,53,33,0,1,0,8,1,37,32,37032,2,2001,JHMAP11461T0,J,H,M,A,P,1,1,4,6,1,T,0,0,0,0,000000000,00000000000,0,0,0,1,0,0,0,0,0,0,0,998,0,0,0,14,6,2,43,0,0,0,1,8,67218,6,1,0,0,3,0,68,145,0,0,0,0,0,0,0,0,0,2,36,0,0,0,1,4,30,1,1,2,1,0,0,1,6,1,3,4,2,1,1
20,200009,1,1,1,13,1,22,40,1,0,1,0,20,1,12,471,12471,30,2001,1FTZR15U71PA,1,F,T,Z,R,1,5,U,7,1,P,A,0,0,0,000000000,00000000000,0,0,0,1,0,0,0,0,0,0,0,998,0,1,5,0,6,2,1,0,0,0,1,20,67455,6,1,0,0,3,1,72,190,0,0,0,0,0,0,0,0,0,0,58,0,0,0,1,2,60,1,1,2,1,0,0,1,13,6,4,4,7,1,1
20,200010,1,1,1,15,1,11,42,1,0,1,0,20,1,20,481,20481,31,2002,1GCHK231X2F1,1,G,C,H,K,2,3,1,X,2,F,1,0,0,0,000000000,00000000000,0,0,0,1,0,0,0,0,0,0,0,998,0,1,5,0,6,2,1,0,0,0,1,20,66095,6,1,6,0,3,0,75,270,0,0,0,0,0,0,0,0,0,0,58,0,0,0,1,2,55,1,1,2,1,0,0,1,12,7,3,4,6,1,0
20,200011,1,3,1,16,1,13,59,12,1,1,0,93,3,85,881,85881,66,2012,1XKADP9X5CJ3,1,X,K,A,D,P,9,X,5,C,J,3,1,1,57,1844622,571844622,3,6,8,1,0,0,0,0,0,0,0,998,0,1,1,12,6,2,2,0,0,1,1,8,80816,6,1,6,0,3,1,69,282,0,0,0,1,0,11,2013,11,2013,4,87,0,0,0,1,2,65,1,1,2,1,0,0,1,50,1,1,1,20,1,0
20,200011,2,3,1,16,1,13,59,12,1,1,0,93,3,6,441,6441,20,1993,1C4GH54R1PX6,1,C,4,G,H,5,4,R,1,P,X,6,0,0,0,000000000,00000000000,0,0,0,1,0,0,0,0,0,0,0,0,0,0,0,6,6,2,2,0,0,1,1,48,79070,6,1,6,1,3,0,999,999,99,99,99,99,99,99,9999,99,9999,0,87,84,0,0,1,2,65,1,1,2,1,0,0,1,53,1,1,1,21,1,0
20,200011,3,3,2,16,1,13,59,12,1,1,0,93,3,85,881,85881,66,2009,3WKDD49X19F8,3,W,K,D,D,4,9,X,1,9,F,8,1,1,57,2255499,572255499,3,6,3,1,0,0,0,0,0,0,0,0,0,0,0,6,6,2,12,0,0,1,1,48,79360,6,1,6,0,3,0,999,999,99,99,99,99,99,99,9999,99,9999,0,87,84,0,0,1,2,65,1,1,2,1,0,0,1,53,1,1,1,98,0,0
20,200012,1,4,1,16,1,13,59,12,1,1,0,93,3,85,881,85881,66,2012,1XKADP9X3CJ3,1,X,K,A,D,P,9,X,3,C,J,3,1,1,57,1844622,571844622,3,6,8,1,0,0,0,0,0,0,0,998,0,0,0,12,6,2,12,0,0,0,1,20,67851,6,1,6,0,3,0,65,150,0,0,0,1,1,10,2011,9,2013,4,87,54,0,0,1,2,65,1,1,2,1,0,0,1,50,1,1,2,20,0,0
20,200012,2,4,1,16,1,13,59,12,1,1,0,20,3,12,443,12443,20,2005,2FTZA546X5BA,2,F,T,Z,A,5,4,6,X,5,B,A,0,0,0,000000000,00000000000,0,0,0,1,0,0,0,0,0,0,0,0,0,0,0,6,6,2,12,0,0,0,1,20,67701,6,1,6,0,3,1,66,170,1,0,0,0,0,6,2012,6,2012,0,0,0,0,0,1,2,65,1,1,2,1,0,0,5,53,1,1,1,21,1,0
20,200012,3,4,1,16,1,13,59,12,1,1,0,20,3,82,881,82881,66,2001,1FUJAHBD31LG,1,F,U,J,A,H,B,D,3,1,L,G,1,1,57,641038,57641038,3,6,8,1,0,0,0,0,0,0,0,0,0,0,0,6,6,2,12,0,0,0,1,20,67861,6,1,6,0,3,1,71,200,0,0,0,0,0,0,0,0,0,0,0,0,0,0,1,2,65,1,1,2,1,0,0,1,53,1,1,1,98,0,0
20,200012,4,4,2,16,1,13,59,12,1,1,0,31,2,49,32,49032,4,2012,5YFBU4EE1CP0,5,Y,F,B,U,4,E,E,1,C,P,0,0,0,0,000000000,00000000000,0,0,0,1,0,0,0,0,0,0,0,0,0,0,0,61,6,2,12,0,0,0,1,31,68116,6,1,0,0,3,9,65,138,0,0,0,0,0,0,0,0,0,0,0,0,0,0,1,2,65,1,1,2,1,0,0,5,53,1,7,2,98,0,0
20,200013,1,2,2,20,1,21,26,12,1,1,0,20,1,19,22,19022,4,2007,1G6KD57Y37U1,1,G,6,K,D,5,7,Y,3,7,U,1,0,0,0,000000000,00000000000,0,0,0,1,0,0,0,0,0,0,0,998,0,0,0,12,6,2,12,0,0,0,1,20,67031,6,1,0,0,3,0,70,190,0,0,0,0,1,11,2012,11,2012,4,26,0,0,0,2,3,60,1,1,2,1,3,3,1,50,1,1,1,24,1,0
20,200013,2,2,1,20,1,21,26,12,1,1,0,40,3,82,881,82881,66,2005,1FUJA6CG55LV,1,F,U,J,A,6,C,G,5,5,L,V,1,1,57,1012254,571012254,3,6,1,1,0,0,0,0,0,0,0,998,0,0,0,6,6,2,12,0,0,0,1,20,67060,6,1,6,0,3,0,73,260,0,0,0,0,0,0,0,0,0,0,0,0,0,0,2,3,65,1,1,2,1,3,3,1,53,1,1,1,25,0,0
20,200014,1,2,1,22,1,5,10,12,8,1,0,20,1,49,472,49472,30,2010,5TETX4CN7AZ7,5,T,E,T,X,4,C,N,7,A,Z,7,0,0,0,000000000,00000000000,0,0,0,1,0,0,0,0,0,0,0,998,0,0,0,11,6,2,12,0,0,0,1,20,67901,6,1,0,0,3,1,70,174,0,0,0,0,0,0,0,0,0,0,28,0,0,0,1,2,65,1,1,2,1,0,0,1,10,1,1,2,66,1,0
20,200014,2,2,1,22,1,5,10,12,8,1,0,20,2,87,881,87881,66,2003,1XP5DB9X13D8,1,X,P,5,D,B,9,X,1,3,D,8,1,1,57,69310,5769310,3,6,97,1,0,0,0,0,0,0,0,998,2,0,0,10,6,2,12,0,0,0,1,20,67901,6,1,6,0,3,0,72,200,1,0,0,1,0,7,2011,3,2013,0,0,0,0,0,1,2,65,1,1,2,1,0,0,1,62,9,1,2,66,0,0
20,200015,1,1,1,26,1,2,14,59,0,1,0,20,1,14,401,14401,14,2007,4M2EU47E87UJ,4,M,2,E,U,4,7,E,8,7,U,J,0,0,0,000000000,00000000000,0,0,0,1,0,0,0,0,0,0,0,998,0,1,5,12,6,2,1,0,0,0,1,20,67212,6,1,0,0,3,0,71,210,0,0,0,0,0,0,0,0,0,4,0,0,0,0,6,1,99,2,6,1,1,0,0,14,12,1,1,4,6,1,1
20,200016,1,1,1,30,1,21,58,8,0,1,0,20,1,6,52,6052,6,2007,3A8FY58BX7T5,3,A,8,F,Y,5,8,B,X,7,T,5,0,0,0,000000000,00000000000,0,0,0,1,0,0,0,0,0,0,0,70,0,0,0,12,6,2,8,0,0,0,1,20,66203,6,1,0,0,3,0,63,120,0,0,0,0,0,0,0,0,0,0,0,0,0,0,2,4,70,1,6,2,1,0,0,1,80,1,1,1,13,0,0
20,200017,1,3,1,31,1,20,20,12,9,1,0,8,1,51,881,51881,66,2007,4V4NC9TJ17N4,4,V,4,N,C,9,T,J,1,7,N,4,1,2,57,169877,57169877,3,6,1,1,0,0,0,0,0,0,0,998,0,0,0,3,6,2,12,0,0,0,1,8,80720,6,1,6,0,3,1,71,220,0,0,0,0,0,0,0,0,0,4,79,87,88,0,6,1,99,3,1,1,4,0,0,14,6,1,4,4,98,0,0
20,200017,2,3,0,31,1,20,20,12,9,1,0,17,3,84,881,84881,66,2009,2HSCUAPR29C0,2,H,S,C,U,A,P,R,2,9,C,0,1,1,57,755652,57755652,3,6,1,1,0,0,0,0,0,0,0,0,0,0,0,6,6,2,8,0,0,0,0,0,99997,7,6,97,7,6,7,998,997,998,998,998,998,998,98,9998,98,9998,8,0,0,0,0,6,1,99,3,1,1,4,0,0,0,53,0,0,0,98,0,0
20,200017,3,3,0,31,1,20,20,12,9,1,0,40,3,85,881,85881,66,1984,1XKYD49X5EJ4,1,X,K,Y,D,4,9,X,5,E,J,4,1,1,57,202381,57202381,3,6,1,1,0,0,0,0,0,0,0,0,0,0,0,6,6,2,12,0,0,0,0,0,99997,7,6,97,7,6,7,998,997,998,998,998,998,998,98,9998,98,9998,8,0,0,0,0,6,1,99,3,1,1,4,0,0,0,53,0,0,0,98,0,0
20,200018,1,2,6,31,1,13,22,24,0,1,0,20,1,12,37,12037,2,2003,3FAFP31383R1,3,F,A,F,P,3,1,3,8,3,R,1,0,0,0,000000000,00000000000,0,0,0,1,0,0,0,0,0,0,0,998,0,0,0,12,6,2,12,0,0,0,1,20,66783,6,1,0,0,3,0,68,220,0,0,0,0,0,0,0,0,0,0,87,0,0,0,1,2,65,1,1,2,4,0,0,1,6,1,3,4,98,0,0
20,200018,2,2,1,31,1,13,22,24,0,1,0,20,1,12,17,12017,4,2006,1FAFP56U76A2,1,F,A,F,P,5,6,U,7,6,A,2,0,0,0,000000000,00000000000,0,0,0,1,0,0,0,0,0,0,0,998,0,0,0,12,6,2,12,0,0,0,1,20,66749,6,1,0,0,3,9,65,130,0,0,0,0,0,0,0,0,0,0,87,0,0,0,1,2,65,1,1,2,4,0,0,1,62,1,1,1,98,1,0
20,200019,1,1,1,12,1,2,0,53,0,1,0,20,1,20,39,20039,5,2004,KL1TD626X4B2,K,L,1,T,D,6,2,6,X,4,B,2,0,0,0,000000000,00000000000,0,0,0,1,0,0,0,0,0,0,0,998,0,1,5,12,6,2,1,0,0,0,1,20,67010,6,1,0,0,3,0,71,195,0,0,0,1,2,7,2012,12,2013,9,99,99,99,99,1,2,55,3,2,2,1,0,0,14,13,1,1,4,1,1,1
20,200020,1,1,1,1,2,4,50,14,0,1,0,20,1,49,40,49040,4,2000,4T1BF22K1YU1,4,T,1,B,F,2,2,K,1,Y,U,1,0,0,0,000000000,00000000000,0,0,0,1,0,0,0,0,0,0,0,998,0,0,0,9,6,2,14,0,0,0,1,20,67208,6,1,0,0,3,1,60,70,0,0,0,1,0,10,2012,10,2012,4,87,0,0,0,3,3,60,2,6,1,4,0,0,15,6,8,3,4,98,1,0
20,200021,1,1,1,2,2,99,99,1,0,1,0,20,2,20,481,20481,31,2003,2GCEC19T8313,2,G,C,E,C,1,9,T,8,3,1,3,0,0,0,000000000,00000000000,0,0,0,1,0,0,0,0,0,0,0,998,0,1,5,0,6,2,1,0,0,0,1,99,67880,9,9,99,9,9,9,999,999,99,99,99,99,99,99,9999,99,9999,3,58,0,0,0,1,2,55,1,2,4,1,0,0,1,13,99,3,4,2,1,1
20,200022,1,2,3,4,2,13,55,12,6,1,0,20,1,20,39,20039,4,2009,KL1TD66E79B3,K,L,1,T,D,6,6,E,7,9,B,3,0,0,0,000000000,00000000000,0,0,0,1,0,0,0,0,0,0,0,998,0,0,0,3,6,2,12,0,0,0,1,20,67357,6,1,0,0,3,0,66,212,0,0,0,0,0,0,0,0,0,4,87,0,0,0,1,2,65,1,1,2,3,0,0,1,6,1,4,2,66,1,0