STATE,ST_CASE,VEH_NO,VE_FORMS,NUMOCCS,DAY,MONTH,HOUR,MINUTE,HARM_EV,MAN_COLL,UNITTYPE,HIT_RUN,REG_STAT,OWNER,MAKE,MODEL,MAK_MOD,BODY_TYP,MOD_YEAR,VIN,VIN_1,VIN_2,VIN_3,VIN_4,VIN_5,VIN_6,VIN_7,VIN_8,VIN_9,VIN_10,VIN_11,VIN_12,TOW_VEH,J_KNIFE,MCARR_I1,MCARR_I2,MCARR_ID,GVWR,V_CONFIG,CARGO_BT,HAZ_INV,HAZ_PLAC,HAZ_ID,HAZ_CNO,HAZ_REL,BUS_USE,SPEC_USE,EMER_USE,TRAV_SP,UNDERIDE,ROLLOVER,ROLINLOC,IMPACT1,DEFORMED,TOWED,M_HARM,VEH_SC1,VEH_SC2,FIRE_EXP,DR_PRES,L_STATE,DR_ZIP,L_STATUS,L_TYPE,CDL_STAT,L_ENDORS,L_COMPL,L_RESTRI,DR_HGT,DR_WGT,PREV_ACC,PREV_SUS,PREV_DWI,PREV_SPD,PREV_OTH,FIRST_MO,FIRST_YR,LAST_MO,LAST_YR,SPEEDREL,DR_SF1,DR_SF2,DR_SF3,DR_SF4,VTRAFWAY,VNUM_LAN,VSPD_LIM,VALIGN,VPROFILE,VPAVETYP,VSURCOND,VTRAFCON,VTCONT_F,P_CRASH1,P_CRASH2,P_CRASH3,PCRASH4,PCRASH5,ACC_TYPE,DEATHS,DR_DRINK
20,200098,2,2,2,2,5,10,0,12,2,1,0,20,1,12,17,12017,4,2004,1FAFP53U04A1,1,F,A,F,P,5,3,U,0,4,A,1,0,0,0,000000000,00000000000,0,0,0,1,0,0,0,0,0,0,0,998,0,0,0,12,6,2,12,0,0,0,1,20,67056,6,1,0,0,3,3,72,180,1,0,0,0,1,1,2012,9,2013,0,0,0,0,0,1,2,65,1,1,2,1,0,0,1,62,1,1,1,51,2,0
20,200099,1,1,1,2,5,16,59,59,0,1,0,20,1,53,706,53706,80,2003,JS1GT75A2321,J,S,1,G,T,7,5,A,2,3,2,1,0,0,0,000000000,00000000000,0,0,0,1,0,0,0,0,0,0,0,999,0,0,0,12,6,2,59,0,0,0,1,21,40160,6,1,6,0,3,0,68,180,0,0,0,0,0,0,0,0,0,4,36,0,0,0,1,2,45,1,1,2,1,0,0,1,6,8,4,4,2,1,0
20,200100,1,1,1,2,5,23,53,8,0,1,1,99,9,99,999,99999,99,9999,999999999999,9,9,9,9,9,9,9,9,9,9,9,9,0,0,0,000000000,00000000000,0,0,0,1,0,0,0,0,0,0,0,998,0,0,0,3,4,5,8,0,0,0,1,99,99999,9,9,99,9,9,9,999,999,99,99,99,99,99,99,9999,99,9999,9,99,99,99,99,2,2,70,1,6,1,1,0,0,1,80,1,1,1,13,0,0
20,200101,1,3,1,4,5,11,40,12,1,1,0,20,1,12,17,12017,4,2004,1FAFP552X4G1,1,F,A,F,P,5,5,2,X,4,G,1,0,0,0,000000000,00000000000,0,0,0,1,0,0,0,0,0,0,0,998,7,0,0,12,6,2,12,0,0,0,1,20,66104,6,1,0,0,3,1,60,170,1,0,0,0,1,7,2011,8,2011,0,0,0,0,0,1,2,35,1,6,2,1,1,3,1,50,1,1,1,20,0,0
20,200101,2,3,1,4,5,11,40,12,1,1,0,29,1,72,706,72706,80,2000,1HD1FBW19YY6,1,H,D,1,F,B,W,1,9,Y,Y,6,0,0,0,000000000,00000000000,0,0,0,1,0,0,0,0,0,0,0,0,0,0,0,6,6,2,12,0,0,0,1,29,64052,6,1,0,0,3,0,74,250,0,0,0,0,0,0,0,0,0,0,0,0,0,0,1,2,35,2,6,2,1,1,3,5,53,1,1,1,21,1,0
20,200101,3,3,4,4,5,11,40,12,1,1,0,20,1,12,471,12471,30,2006,1FTYR14U26PA,1,F,T,Y,R,1,4,U,2,6,P,A,0,0,0,000000000,00000000000,0,0,0,1,0,0,0,0,0,0,0,0,0,0,0,6,4,3,12,0,0,0,1,20,66104,6,1,0,0,3,0,65,205,0,0,0,0,0,0,0,0,0,0,0,0,0,0,1,2,35,2,6,2,1,1,3,5,53,1,1,1,98,0,0
20,200102,1,1,1,6,5,16,10,1,0,1,0,20,2,20,421,20421,15,1998,1GNDT13W1W21,1,G,N,D,T,1,3,W,1,W,2,1,0,0,0,000000000,00000000000,0,0,0,1,0,0,0,0,0,0,0,998,0,1,5,0,6,2,1,0,0,0,1,20,67005,6,1,0,0,3,3,66,130,0,0,0,0,0,0,0,0,0,0,58,0,0,0,1,2,55,1,1,2,1,0,0,1,13,1,3,4,2,1,0
20,200103,1,1,1,7,5,10,36,38,0,1,0,48,1,59,403,59403,14,2007,2T2GK31U87C0,2,T,2,G,K,3,1,U,8,7,C,0,0,0,0,000000000,00000000000,0,0,0,1,0,0,0,0,0,0,0,998,0,0,0,11,6,2,2,0,0,1,1,19,50323,2,1,0,0,2,0,70,190,0,3,3,0,0,5,2012,4,2014,0,0,0,0,0,2,2,75,1,1,1,1,0,0,1,12,1,9,4,6,1,0
20,200104,1,1,1,11,5,2,38,38,0,1,0,40,1,35,443,35443,20,2004,5N1BV28U24N3,5,N,1,B,V,2,8,U,2,4,N,3,0,0,0,000000000,00000000000,0,0,0,1,0,0,0,0,0,0,0,998,0,0,0,11,6,2,38,0,0,0,1,40,73951,3,1,0,0,2,0,999,999,0,0,0,0,0,0,0,0,0,0,0,0,0,0,1,4,45,1,1,2,1,0,0,1,6,1,1,4,6,1,1
20,200105,1,2,2,13,5,16,30,12,6,1,0,20,1,12,442,12442,20,2000,2FMZA5243YBC,2,F,M,Z,A,5,2,4,3,Y,B,C,0,0,0,000000000,00000000000,0,0,0,1,0,0,0,0,0,0,0,998,0,0,0,9,6,2,12,0,0,0,1,20,66775,6,1,0,0,3,1,64,312,0,0,0,0,0,0,0,0,0,0,38,0,0,0,1,2,55,1,1,2,1,20,3,11,15,12,1,1,82,1,0
20,200105,2,2,1,13,5,16,30,12,6,1,0,37,3,51,890,51890,66,2012,4V4N19TH4CN5,4,V,4,N,1,9,T,H,4,C,N,5,2,1,57,90849,5790849,3,7,1,1,0,0,0,0,0,0,0,998,0,0,0,11,6,2,12,0,0,0,1,20,67357,6,1,6,0,3,0,72,180,0,0,0,0,0,0,0,0,0,0,0,0,0,0,1,2,65,3,6,2,1,0,0,14,67,8,1,1,83,0,0
20,200106,1,1,1,15,5,23,7,1,0,1,0,29,1,7,481,7481,31,1986,1B7HD14T1GS0,1,B,7,H,D,1,4,T,1,G,S,0,0,0,0,000000000,00000000000,0,0,0,1,0,0,0,0,0,0,0,998,0,1,5,0,6,2,1,0,0,0,1,29,67005,2,1,0,0,2,0,68,160,0,0,0,0,0,0,0,0,0,4,0,0,0,0,1,2,55,1,3,4,1,0,0,1,6,99,9,4,2,1,1
20,200107,1,2,1,16,5,7,46,12,6,1,0,20,1,12,481,12481,31,1998,1FTZX18W8WKB,1,F,T,Z,X,1,8,W,8,W,K,B,0,0,0,000000000,00000000000,0,0,0,1,0,0,0,0,0,0,0,998,0,0,0,9,6,2,12,0,0,0,1,20,67450,6,1,0,0,3,1,70,186,0,0,0,0,0,0,0,0,0,0,38,0,0,0,1,2,55,1,1,2,1,20,3,11,15,10,1,1,82,1,0
20,200107,2,2,2,16,5,7,46,12,6,1,0,93,3,82,881,82881,66,2012,1FUJGLDR2CSB,1,F,U,J,G,L,D,R,2,C,S,B,1,1,57,53467,5753467,3,6,1,1,0,0,0,0,0,0,0,64,0,0,0,12,6,2,12,0,0,0,1,12,33549,6,1,6,0,3,0,74,999,0,0,0,0,0,0,0,0,0,0,0,0,0,0,1,2,65,1,1,2,1,0,0,1,67,8,1,1,83,0,0
20,200108,1,1,1,17,5,20,10,38,0,1,0,20,1,20,481,20481,31,1989,1GNEV18K4KF1,1,G,N,E,V,1,8,K,4,K,F,1,0,0,0,000000000,00000000000,0,0,0,1,0,0,0,0,0,0,0,998,0,0,0,1,6,2,42,0,0,0,1,20,66617,6,1,0,0,3,0,69,185,0,0,0,0,0,0,0,0,0,0,39,0,0,0,1,4,55,1,1,2,1,0,0,1,13,1,1,4,1,1,1
20,200109,1,1,1,18,5,14,50,32,0,1,0,20,1,35,39,35039,4,2007,1N4BA41EX7C8,1,N,4,B,A,4,1,E,X,7,C,8,0,0,0,000000000,00000000000,0,0,0,1,0,0,0,0,0,0,0,998,0,1,5,14,6,2,1,0,0,0,1,20,67502,6,1,0,0,3,0,68,180,0,0,0,0,0,0,0,0,0,0,0,0,0,0,1,2,55,1,3,2,1,0,0,1,12,1,1,4,6,1,0
20,200110,1,1,1,19,5,3,20,42,0,1,0,20,1,12,17,12017,4,1998,1FAFP52UXWG1,1,F,A,F,P,5,2,U,X,W,G,1,0,0,0,000000000,00000000000,0,0,0,1,0,0,0,0,0,0,0,998,0,1,5,11,6,2,42,0,0,0,1,20,66608,1,1,0,0,2,0,66,130,0,0,0,0,2,10,2013,10,2013,0,0,0,0,0,1,2,30,1,1,2,1,0,0,1,6,1,1,4,6,1,1
20,200111,1,1,1,19,5,15,0,1,0,1,0,20,1,49,50,49050,3,2008,JTKDE1679802,J,T,K,D,E,1,6,7,9,8,0,2,0,0,0,000000000,00000000000,0,0,0,1,0,0,0,0,0,0,0,998,0,1,5,0,6,2,1,0,0,0,1,20,66215,6,1,0,0,3,1,68,190,0,0,0,0,0,0,0,0,0,9,58,0,0,0,1,2,65,3,1,2,1,0,0,14,13,1,4,4,2,1,0
20,200112,1,2,1,20,5,15,12,12,2,1,0,20,1,12,422,12422,15,2012,1FMHK7F85CGA,1,F,M,H,K,7,F,8,5,C,G,A,0,0,0,000000000,00000000000,0,0,0,1,0,0,0,0,0,0,0,998,0,0,0,12,6,2,12,0,0,0,1,20,66614,6,1,0,0,3,1,68,230,0,0,0,0,0,0,0,0,0,0,28,0,0,0,1,2,65,1,1,2,1,0,0,1,10,1,1,2,50,1,0
20,200112,2,2,1,20,5,15,12,12,2,1,0,20,1,22,18,22018,4,2005,2G2WC54C2513,2,G,2,W,C,5,4,C,2,5,1,3,0,0,0,000000000,00000000000,0,0,0,1,0,0,0,0,0,0,0,998,0,1,5,12,6,2,2,0,0,1,1,20,66002,6,1,0,0,3,0,70,250,0,0,0,0,0,0,0,0,0,0,0,0,0,0,1,2,65,1,1,2,1,0,0,1,62,4,1,1,51,1,0
20,200113,1,2,1,20,5,19,38,1,0,1,0,20,3,72,706,72706,80,2002,1HD1BRY1X2Y0,1,H,D,1,B,R,Y,1,X,2,Y,0,0,0,0,000000000,00000000000,0,0,0,1,0,0,0,0,0,0,0,998,0,0,0,0,6,2,1,0,0,0,1,20,67879,6,1,6,0,3,0,68,165,0,0,0,0,0,0,0,0,0,9,99,99,99,99,1,2,65,1,1,2,1,0,0,1,98,98,1,1,98,1,1
20,200113,2,2,1,20,5,19,38,1,0,1,0,20,3,72,706,72706,80,2002,1HD1BWB142Y0,1,H,D,1,B,W,B,1,4,2,Y,0,0,0,0,000000000,00000000000,0,0,0,1,0,0,0,0,0,0,0,998,0,0,0,0,6,2,34,0,0,0,1,20,67879,6,1,6,0,3,2,70,200,1,0,0,1,1,10,2013,10,2013,0,74,0,0,0,1,2,65,1,1,2,1,0,0,1,52,6,1,4,98,1,1
20,200114,1,3,1,20,5,14,30,12,6,1,0,20,1,54,31,54031,4,1989,JH4DA3458KS0,J,H,4,D,A,3,4,5,8,K,S,0,0,0,0,000000000,00000000000,0,0,0,1,0,0,0,0,0,0,0,998,0,0,0,1,6,2,12,0,0,0,1,20,66547,6,1,0,0,3,1,64,140,0,0,0,0,0,0,0,0,0,9,51,0,0,0,1,2,65,2,1,2,1,0,0,14,10,1,1,2,66,0,0
20,200114,2,3,2,20,5,14,30,12,6,1,0,20,1,20,481,20481,31,1998,1GCEC19M3WR1,1,G,C,E,C,1,9,M,3,W,R,1,0,0,0,000000000,00000000000,0,0,0,1,0,0,0,0,0,0,0,998,0,1,5,3,6,2,12,0,0,0,1,20,67212,6,1,0,0,3,0,75,285,0,0,0,0,0,0,0,0,0,0,0,0,0,0,1,2,65,3,1,2,1,0,0,14,62,6,1,2,66,1,0
20,200114,3,3,2,20,5,14,30,12,6,1,0,20,1,23,421,23421,15,2001,3GKFK16T31G2,3,G,K,F,K,1,6,T,3,1,G,2,0,0,0,000000000,00000000000,0,0,0,1,0,0,0,0,0,0,0,998,0,0,0,13,2,5,54,0,0,0,1,20,66866,6,1,0,0,3,0,70,150,0,0,0,0,0,0,0,0,0,0,0,0,0,0,1,2,65,2,1,2,1,0,0,14,62,1,1,1,98,0,0
20,200115,1,2,1,21,5,16,12,12,2,1,0,31,1,49,43,49043,4,2000,4T1BF28B5YU0,4,T,1,B,F,2,8,B,5,Y,U,0,0,0,0,000000000,00000000000,0,0,0,1,0,0,0,0,0,0,0,998,0,0,0,12,6,2,12,0,0,0,1,20,67846,6,1,0,0,3,0,70,185,0,0,0,0,0,0,0,0,0,0,51,0,0,0,5,5,35,1,1,1,1,0,0,1,10,1,1,2,50,1,0
20,200115,2,2,1,21,5,16,12,12,2,1,0,40,3,7,881,7881,63,2014,3C7WRKEL9EG2,3,C,7,W,R,K,E,L,9,E,G,2,1,1,57,2464423,572464423,3,4,6,1,0,0,0,0,0,0,0,998,0,0,0,12,6,2,12,0,0,0,1,40,73533,6,1,6,0,3,0,72,290,0,0,0,0,0,0,0,0,0,0,0,0,0,0,5,5,35,1,1,1,1,0,0,1,62,1,1,1,51,0,0
20,200116,1,1,1,21,5,99,99,1,0,1,0,4,1,72,706,72706,80,2012,1HD1GV417CC3,1,H,D,1,G,V,4,1,7,C,C,3,0,0,0,000000000,00000000000,0,0,0,1,0,0,0,0,0,0,0,998,0,0,0,0,6,2,1,0,0,0,1,4,85364,6,1,0,0,3,0,66,186,0,0,0,0,0,0,0,0,0,9,0,0,0,0,1,2,65,3,1,2,1,0,0,14,13,1,9,4,1,1,1
20,200117,1,1,2,21,5,4,37,1,0,1,0,20,1,53,705,53705,80,1996,JS1GR7DA9T21,J,S,1,G,R,7,D,A,9,T,2,1,0,0,0,000000000,00000000000,0,0,0,1,0,0,0,0,0,0,0,998,0,0,0,0,6,2,1,0,0,0,1,20,67005,6,1,0,0,3,1,71,155,0,0,0,0,1,7,2011,7,2011,9,0,0,0,0,2,2,55,2,1,2,1,0,0,14,12,1,9,4,6,1,1
20,200118,1,1,1,22,5,5,13,1,0,1,0,20,1,20,402,20402,14,1992,2CNBJ18U9N69,2,C,N,B,J,1,8,U,9,N,6,9,0,0,0,000000000,00000000000,0,0,0,1,0,0,0,0,0,0,0,998,0,1,5,0,6,2,1,0,0,0,1,20,66104,6,1,0,0,3,0,74,271,0,0,0,0,0,0,0,0,0,0,80,0,0,0,3,3,65,2,1,1,1,0,0,14,6,99,3,4,2,1,0
20,200119,1,1,1,22,5,23,4,8,0,1,0,20,2,22,18,22018,2,2005,1G2NV12E65M1,1,G,2,N,V,1,2,E,6,5,M,1,0,0,0,000000000,00000000000,0,0,0,1,0,0,0,0,0,0,0,998,0,0,0,1,4,5,8,0,0,0,1,20,67418,6,1,0,0,3,0,72,190,0,0,0,0,0,0,0,0,0,0,87,0,0,0,1,4,30,1,1,2,2,2,3,1,80,1,1,1,13,0,0
20,200120,1,1,1,23,5,99,99,31,0,1,0,20,1,7,482,7482,31,1998,1B7HF16ZXWS7,1,B,7,H,F,1,6,Z,X,W,S,7,0,0,0,000000000,00000000000,0,0,0,1,0,0,0,0,0,0,0,998,0,0,0,12,6,2,2,0,0,1,1,20,66411,6,1,0,0,3,0,71,210,0,0,0,1,0,3,2013,3,2013,0,0,0,0,0,1,2,65,1,6,2,1,0,0,1,12,1,1,4,6,1,0
20,200121,1,1,1,24,5,14,27,1,0,1,0,20,3,85,881,85881,64,2000,1XKDDB9X7YJ8,1,X,K,D,D,B,9,X,7,Y,J,8,0,0,57,930226,57930226,3,2,98,1,0,0,0,0,0,0,0,60,0,1,5,0,6,2,1,0,0,0,1,20,67554,6,1,0,0,3,9,70,180,1,0,0,0,1,10,2013,11,2013,0,0,0,0,0,1,2,55,1,1,4,1,0,0,1,13,1,1,4,1,1,1
20,200122,1,1,1,24,5,18,35,1,0,1,0,20,2,53,739,53739,90,9999,999999999999,9,9,9,9,9,9,9,9,9,9,9,9,0,0,0,000000000,00000000000,0,0,0,1,0,0,0,0,0,0,0,998,0,1,5,0,2,5,1,0,0,0,1,20,67216,1,1,0,0,1,0,69,155,0,0,0,0,0,0,0,0,0,9,0,0,0,0,1,2,45,3,5,2,1,0,0,14,6,99,4,4,7,1,0
20,200123,1,2,1,25,5,17,40,12,6,1,0,20,2,14,17,14017,4,1998,1MEFM53S0WG6,1,M,E,F,M,5,3,S,0,W,G,6,0,0,0,000000000,00000000000,0,0,0,1,0,0,0,0,0,0,0,998,0,0,0,11,6,2,12,0,0,0,1,20,66031,1,1,0,0,2,0,61,130,0,0,0,0,0,0,0,0,0,0,51,0,0,0,1,2,65,1,5,2,1,0,0,1,10,1,1,1,64,0,1
20,200123,2,2,2,25,5,17,40,12,6,1,0,20,1,72,706,72706,80,2001,1HD1FBW121Y6,1,H,D,1,F,B,W,1,2,1,Y,6,0,0,0,000000000,00000000000,0,0,0,1,0,0,0,0,0,0,0,998,0,0,0,9,6,2,12,0,0,0,1,20,66030,6,1,0,0,2,1,71,160,0,0,1,0,0,8,2012,8,2012,0,0,0,0,0,1,2,65,1,6,2,1,0,0,1,62,1,1,1,65,1,0
20,200124,1,2,1,29,5,17,25,12,2,1,0,20,1,49,32,49032,4,2010,1NXBU4EE2AZ3,1,N,X,B,U,4,E,E,2,A,Z,3,0,0,0,000000000,00000000000,0,0,0,1,0,0,0,0,0,0,0,998,0,0,0,12,6,2,12,0,0,0,1,20,66044,6,1,0,0,3,0,68,123,1,1,0,1,0,7,2012,5,2013,9,51,0,0,0,1,2,35,1,1,2,1,0,0,1,13,6,1,2,52,1,1
20,200124,2,2,4,29,5,17,25,12,2,1,0,20,1,47,35,47035,4,2007,YS3FD49Y2711,Y,S,3,F,D,4,9,Y,2,7,1,1,0,0,0,000000000,00000000000,0,0,0,1,0,0,0,0,0,0,0,30,0,0,0,12,6,2,12,0,0,0,1,20,66749,6,1,0,0,3,0,68,165,0,0,0,0,0,0,0,0,0,0,0,0,0,0,1,2,35,1,1,2,1,0,0,1,62,1,1,1,52,0,0
20,200125,1,1,4,30,5,13,31,1,0,1,0,20,2,20,481,20481,31,2006,2GCEK13T8611,2,G,C,E,K,1,3,T,8,6,1,1,0,0,0,000000000,00000000000,0,0,0,1,0,0,0,0,0,0,0,998,0,1,1,0,6,2,1,0,0,0,1,20,66411,6,1,0,0,3,3,67,160,0,0,0,0,0,0,0,0,0,9,58,0,0,0,1,2,55,2,6,4,1,0,0,14,12,6,4,6,98,1,0
20,200126,1,3,1,10,5,17,0,12,2,1,0,29,1,72,706,72706,80,2010,1HD1FC417AB6,1,H,D,1,F,C,4,1,7,A,B,6,0,0,0,000000000,00000000000,0,0,0,1,0,0,0,0,0,0,0,998,0,0,0,12,6,2,12,0,0,0,1,29,64119,6,1,0,0,3,0,71,300,0,0,0,1,0,7,2013,7,2013,0,27,39,33,0,1,2,55,3,1,2,1,0,0,6,10,1,1,1,50,1,1
20,200126,2,3,1,10,5,17,0,12,2,1,0,20,1,72,706,72706,80,2007,1HD1BX5117Y0,1,H,D,1,B,X,5,1,1,7,Y,0,0,0,0,000000000,00000000000,0,0,0,1,0,0,0,0,0,0,0,998,0,0,0,12,6,2,12,0,0,0,1,20,66215,6,1,0,0,3,0,69,180,0,0,0,1,0,12,2012,12,2012,0,0,0,0,0,1,2,55,2,1,2,1,0,0,14,62,1,1,1,51,0,0
20,200126,3,3,2,10,5,17,0,12,2,1,0,20,1,72,706,72706,80,2013,1HD1KBM16DB6,1,H,D,1,K,B,M,1,6,D,B,6,0,0,0,000000000,00000000000,0,0,0,1,0,0,0,0,0,0,0,998,0,0,0,12,6,2,12,0,0,0,1,20,66048,6,1,6,0,2,0,69,175,0,0,0,0,0,0,0,0,0,0,0,0,0,0,1,2,55,2,1,2,1,0,0,14,62,1,1,1,98,0,0
20,200127,1,1,1,31,5,11,50,31,0,1,0,20,1,72,706,72706,80,2010,1HD1BW516AB0,1,H,D,1,B,W,5,1,6,A,B,0,0,0,0,000000000,00000000000,0,0,0,1,0,0,0,0,0,0,0,998,0,0,0,99,6,2,31,0,0,0,1,20,67401,6,1,0,0,2,1,75,250,0,0,0,0,0,0,0,0,0,0,0,0,0,0,1,2,65,3,1,2,1,0,0,14,13,1,1,4,1,1,0
20,200128,1,1,1,31,5,4,41,30,0,1,0,20,1,20,36,20036,2,1999,2G1WW12M0X92,2,G,1,W,W,1,2,M,0,X,9,2,0,0,0,000000000,00000000000,0,0,0,1,0,0,0,0,0,0,0,998,0,1,5,1,6,2,42,0,0,0,1,20,66746,6,1,0,0,3,0,72,155,0,0,0,0,1,2,2012,2,2012,3,0,0,0,0,1,2,55,1,1,2,1,0,0,1,6,1,1,4,1,1,1
20,200129,1,1,1,5,5,20,18,32,0,1,0,20,1,49,403,49403,14,2013,5TDZK3EH3DS1,5,T,D,Z,K,3,E,H,3,D,S,1,0,0,0,000000000,00000000000,0,0,0,1,0,0,0,0,0,0,0,998,0,1,5,14,6,2,1,0,0,0,1,20,67502,6,1,0,0,3,3,74,188,0,0,0,0,0,0,0,0,0,0,0,0,0,0,1,2,40,1,1,4,1,0,0,1,12,1,1,4,6,1,0
20,200130,1,1,1,15,5,7,9,33,0,1,0,20,2,20,481,20481,31,2006,1GCCS1462681,1,G,C,C,S,1,4,6,2,6,8,1,0,0,0,000000000,00000000000,0,0,0,1,0,0,0,0,0,0,0,998,0,0,0,14,6,2,34,0,0,0,1,20,67211,6,1,0,0,3,1,67,180,1,0,0,4,1,10,2011,8,2013,0,0,0,0,0,9,1,99,1,1,2,1,0,0,1,12,1,1,4,6,1,0
20,200131,1,2,1,17,5,12,37,12,6,1,0,20,1,12,471,12471,30,1999,1FTYR10X2XPB,1,F,T,Y,R,1,0,X,2,X,P,B,0,0,0,000000000,00000000000,0,0,0,1,0,0,0,0,0,0,0,998,0,0,0,10,6,2,12,0,0,0,1,20,67140,6,1,6,0,3,1,75,305,0,0,0,0,0,0,0,0,0,0,38,0,0,0,1,2,30,1,1,2,1,20,3,11,67,1,1,1,82,1,0
20,200131,2,2,7,17,5,12,37,12,6,1,0,20,1,37,441,37441,20,2007,5FNRL38727B4,5,F,N,R,L,3,8,7,2,7,B,4,0,0,0,000000000,00000000000,0,0,0,1,0,0,0,0,0,0,0,998,0,0,0,12,6,2,12,0,0,0,1,20,67152,6,1,0,0,3,1,67,175,0,0,0,1,0,1,2014,1,2014,0,0,0,0,0,1,4,55,1,1,2,1,0,0,1,17,8,1,1,83,0,0
20,200132,1,1,1,27,5,16,45,8,0,1,0,20,1,49,32,49032,4,1992,JT2AE91A9N02,J,T,2,A,E,9,1,A,9,N,0,2,0,0,0,000000000,00000000000,0,0,0,1,0,0,0,0,0,0,0,998,0,0,0,12,6,2,8,0,0,0,1,20,67301,6,1,0,0,3,0,64,200,0,0,0,0,0,0,0,0,0,0,0,0,0,0,2,4,35,1,1,2,1,0,0,1,80,1,1,1,13,0,0
20,200133,1,1,1,30,5,13,36,9,0,1,0,20,2,23,481,23481,31,1999,1GKFK16R3XJ7,1,G,K,F,K,1,6,R,3,X,J,7,0,0,0,000000000,00000000000,0,0,0,1,0,0,0,0,0,0,0,998,0,0,0,2,2,5,9,0,0,0,1,20,66510,6,1,0,0,3,0,67,175,1,0,0,0,0,8,2013,8,2013,0,0,0,0,0,1,2,30,1,1,1,1,0,0,1,83,6,1,1,13,0,0
20,200134,1,1,1,3,6,15,53,8,0,1,0,20,1,24,7,24007,4,2005,1G8AG52FX5Z1,1,G,8,A,G,5,2,F,X,5,Z,1,0,0,0,000000000,00000000000,0,0,0,1,0,0,0,0,0,0,0,998,0,0,0,1,4,3,8,0,0,0,1,20,67056,6,1,0,0,3,1,64,180,0,0,0,1,0,9,2011,9,2011,0,0,0,0,0,1,2,55,1,1,2,1,0,0,1,80,1,1,1,13,0,0
20,200135,1,2,2,4,6,16,5,12,6,1,0,20,1,21,401,21401,14,1996,1GHDT13WXT27,1,G,H,D,T,1,3,W,X,T,2,7,0,0,0,000000000,00000000000,0,0,0,1,0,0,0,0,0,0,0,998,0,1,5,2,6,2,1,0,0,0,1,20,66773,6,1,0,0,3,1,67,200,0,0,0,0,0,0,0,0,0,0,38,39,0,0,1,2,55,1,1,4,1,20,3,1,17,2,1,1,87,1,0
20,200135,2,2,2,4,6,16,5,12,6,1,0,20,1,6,52,6052,6,2001,3C4FY4BB31T5,3,C,4,F,Y,4,B,B,3,1,T,5,0,0,0,000000000,00000000000,0,0,0,1,0,0,0,0,0,0,0,998,0,0,0,12,6,2,12,0,0,0,1,20,66724,6,1,0,0,3,1,71,170,0,0,0,0,0,0,0,0,0,0,0,0,0,0,1,2,40,1,1,2,1,0,0,1,66,1,1,1,86,0,0
20,200136,1,1,1,12,5,16,8,34,0,1,0,20,2,23,461,23461,22,2004,1GDFG15TX412,1,G,D,F,G,1,5,T,X,4,1,2,0,0,0,000000000,00000000000,0,0,0,1,0,0,0,0,0,0,0,998,0,1,5,14,6,2,1,0,0,0,1,20,66701,6,1,0,0,3,1,67,254,0,0,0,0,0,0,0,0,0,0,28,58,0,0,1,2,65,1,1,1,1,0,0,1,12,1,3,4,2,1,0
20,200137,1,2,1,1,6,14,56,12,2,1,0,20,3,12,481,12481,31,2011,1FT7X2B69BEC,1,F,T,7,X,2,B,6,9,B,E,C,0,0,0,000000000,00000000000,0,0,0,1,0,0,0,0,0,0,0,998,0,1,5,12,6,2,12,0,0,0,1,40,73945,6,1,0,0,3,0,71,230,0,0,0,0,0,0,0,0,0,0,51,28,6,0,1,2,65,1,1,2,1,0,0,1,10,7,1,1,50,0,0
20,200137,2,2,3,1,6,14,56,12,2,1,0,40,1,21,20,21020,4,1994,1G3WH55M9RD4,1,G,3,W,H,5,5,M,9,R,D,4,0,0,0,000000000,00000000000,0,0,0,1,0,0,0,0,0,0,0,998,0,0,0,12,6,2,12,0,0,0,1,40,73945,6,1,0,0,3,0,60,170,0,0,0,0,0,0,0,0,0,0,0,0,0,0,1,2,65,1,1,2,1,0,0,1,62,6,1,1,51,2,0
20,200138,1,2,1,4,6,8,57,12,2,1,0,20,1,23,402,23402,14,2011,2CTALMEC1B63,2,C,T,A,L,M,E,C,1,B,6,3,0,0,0,000000000,00000000000,0,0,0,1,0,0,0,0,0,0,0,998,0,0,0,12,6,2,12,0,0,0,1,20,67330,6,1,0,0,3,0,69,180,0,0,0,1,0,10,2013,10,2013,0,28,0,0,0,1,2,65,1,1,2,1,0,0,1,10,1,1,1,50,1,0
20,200138,2,2,1,4,6,8,57,12,2,1,0,20,3,12,23,12023,4,2013,3FA6P0G76DR3,3,F,A,6,P,0,G,7,6,D,R,3,0,0,0,000000000,00000000000,0,0,0,1,0,0,0,0,0,0,0,998,0,1,5,12,6,2,12,0,0,0,1,20,67357,6,1,0,0,3,1,63,130,0,0,0,0,0,0,0,0,0,0,0,0,0,0,1,2,65,1,1,2,1,0,0,1,62,1,1,1,51,1,0
20,200139,1,1,1,4,6,23,18,1,0,1,0,20,1,7,20,7020,4,2005,1B3ES56C05D1,1,B,3,E,S,5,6,C,0,5,D,1,0,0,0,000000000,00000000000,0,0,0,1,0,0,0,0,0,0,0,998,0,1,5,0,6,2,1,0,0,0,1,20,66862,6,1,0,0,3,1,73,155,1,0,0,0,0,10,2013,10,2013,3,58,0,0,0,1,2,55,1,1,2,1,0,0,1,6,1,3,4,2,1,1