STATE,ST_CASE,VEH_NO,VE_FORMS,NUMOCCS,DAY,MONTH,HOUR,MINUTE,HARM_EV,MAN_COLL,UNITTYPE,HIT_RUN,REG_STAT,OWNER,MAKE,MODEL,MAK_MOD,BODY_TYP,MOD_YEAR,VIN,VIN_1,VIN_2,VIN_3,VIN_4,VIN_5,VIN_6,VIN_7,VIN_8,VIN_9,VIN_10,VIN_11,VIN_12,TOW_VEH,J_KNIFE,MCARR_I1,MCARR_I2,MCARR_ID,GVWR,V_CONFIG,CARGO_BT,HAZ_INV,HAZ_PLAC,HAZ_ID,HAZ_CNO,HAZ_REL,BUS_USE,SPEC_USE,EMER_USE,TRAV_SP,UNDERIDE,ROLLOVER,ROLINLOC,IMPACT1,DEFORMED,TOWED,M_HARM,VEH_SC1,VEH_SC2,FIRE_EXP,DR_PRES,L_STATE,DR_ZIP,L_STATUS,L_TYPE,CDL_STAT,L_ENDORS,L_COMPL,L_RESTRI,DR_HGT,DR_WGT,PREV_ACC,PREV_SUS,PREV_DWI,PREV_SPD,PREV_OTH,FIRST_MO,FIRST_YR,LAST_MO,LAST_YR,SPEEDREL,DR_SF1,DR_SF2,DR_SF3,DR_SF4,VTRAFWAY,VNUM_LAN,VSPD_LIM,VALIGN,VPROFILE,VPAVETYP,VSURCOND,VTRAFCON,VTCONT_F,P_CRASH1,P_CRASH2,P_CRASH3,PCRASH4,PCRASH5,ACC_TYPE,DEATHS,DR_DRINK
20,200180,1,3,2,15,7,8,5,12,6,1,0,20,1,20,37,20037,4,2004,1G1ZS52FX4F1,1,G,1,Z,S,5,2,F,X,4,F,1,0,0,0,000000000,00000000000,0,0,0,1,0,0,0,0,0,0,0,998,0,0,0,3,6,2,12,0,0,0,1,20,67543,6,1,0,0,3,1,68,165,0,0,0,0,0,0,0,0,0,0,38,39,0,0,1,2,55,1,1,2,1,20,3,1,66,1,1,1,87,1,0
20,200180,2,3,1,15,7,8,5,12,6,1,0,20,2,12,473,12473,30,2001,1FMZU73E11ZA,1,F,M,Z,U,7,3,E,1,1,Z,A,0,0,0,000000000,00000000000,0,0,0,1,0,0,0,0,0,0,0,998,0,0,0,12,6,2,12,0,0,0,1,20,67460,6,1,0,0,3,1,61,120,0,0,0,0,0,0,0,0,0,0,0,0,0,0,1,2,65,1,1,2,1,0,0,1,17,1,1,1,86,0,0
20,200180,3,3,1,15,7,8,5,12,6,1,0,20,3,12,481,12481,40,2011,1FD8X3H68BEA,1,F,D,8,X,3,H,6,8,B,E,A,0,0,0,000000000,00000000000,0,0,0,1,0,0,0,0,0,0,0,998,0,0,0,12,6,2,12,0,0,0,1,20,67059,6,1,6,0,3,0,72,250,0,0,0,0,0,0,0,0,0,0,0,0,0,0,1,2,55,1,1,2,1,20,3,1,66,1,1,1,98,0,0
20,200181,1,3,1,22,7,17,49,12,1,1,0,20,3,82,883,82883,62,2010,1FVAC2BS3ASA,1,F,V,A,C,2,B,S,3,A,S,A,0,0,57,1035904,571035904,2,1,7,1,0,0,0,0,0,0,0,998,0,0,0,12,6,2,8,0,0,0,1,20,67566,6,1,6,0,3,0,67,275,1,0,0,0,0,7,2012,7,2012,0,0,0,0,0,1,2,65,1,3,2,1,0,0,1,50,1,1,1,20,0,0
20,200181,2,3,1,22,7,17,49,12,1,1,0,20,1,20,2,20002,4,2012,2G1WC5E32C12,2,G,1,W,C,5,E,3,2,C,1,2,0,0,0,000000000,00000000000,0,0,0,1,0,0,0,0,0,0,0,0,0,0,0,6,6,2,12,0,0,0,1,20,67124,6,1,0,0,3,1,64,180,0,0,0,0,0,0,0,0,0,0,0,0,0,0,1,2,65,1,3,2,1,0,0,5,53,7,1,1,21,0,0
20,200181,5,3,2,22,7,17,49,12,1,1,0,20,1,30,40,30040,4,2012,3VWLL7AJ1CM3,3,V,W,L,L,7,A,J,1,C,M,3,0,0,0,000000000,00000000000,0,0,0,1,0,0,0,0,0,0,0,0,0,0,0,1,4,5,12,0,0,0,1,20,67035,6,1,0,0,3,0,70,130,0,0,0,0,0,0,0,0,0,0,0,0,0,0,1,2,65,1,3,2,1,0,0,5,53,1,1,1,98,0,0
20,200182,1,2,2,24,7,15,55,12,7,1,0,20,1,35,51,35051,6,2014,5N1AT2MV8EC7,5,N,1,A,T,2,M,V,8,E,C,7,0,0,0,000000000,00000000000,0,0,0,1,0,0,0,0,0,0,0,998,0,0,0,7,6,2,12,0,0,0,1,20,67502,6,1,0,0,3,1,65,150,0,0,0,0,0,0,0,0,0,0,27,0,0,0,2,2,75,1,1,2,1,0,0,15,51,1,1,2,47,0,0
20,200182,2,2,2,24,7,15,55,12,7,1,0,29,1,12,422,12422,15,2004,1FMPU18L74LB,1,F,M,P,U,1,8,L,7,4,L,B,0,0,0,000000000,00000000000,0,0,0,1,0,0,0,0,0,0,0,998,0,1,3,1,6,2,1,0,0,1,1,27,56308,6,1,0,0,3,0,999,999,0,0,0,0,0,0,0,0,0,0,0,0,0,0,2,2,75,1,1,2,1,0,0,6,51,99,1,1,45,2,0
20,200183,1,1,2,25,7,23,50,35,0,1,0,20,2,41,45,41045,1,1990,JM1NA3517L01,J,M,1,N,A,3,5,1,7,L,0,1,0,0,0,000000000,00000000000,0,0,0,1,0,0,0,0,0,0,0,998,0,1,5,14,6,2,1,0,0,0,1,20,66002,6,1,0,0,3,0,66,125,0,0,0,0,0,0,0,0,0,9,58,0,0,0,1,2,55,1,5,4,1,0,0,1,6,99,1,4,6,1,1
20,200184,1,1,1,25,7,2,2,38,0,1,0,20,1,72,706,72706,80,2002,1HD1GDV172Y3,1,H,D,1,G,D,V,1,7,2,Y,3,0,0,0,000000000,00000000000,0,0,0,1,0,0,0,0,0,0,0,998,0,0,0,12,6,2,42,0,0,0,1,20,67451,6,1,0,0,3,1,71,215,0,0,0,0,0,0,0,0,0,0,0,0,0,0,1,2,55,1,3,2,1,0,0,1,13,99,1,4,1,1,1
20,200185,1,2,1,26,7,8,29,12,6,1,0,20,2,20,421,20421,15,2005,1GNEK13T65R2,1,G,N,E,K,1,3,T,6,5,R,2,0,0,0,000000000,00000000000,0,0,0,1,0,0,0,0,0,0,0,998,0,0,0,12,6,2,12,0,0,0,1,20,67901,6,1,0,0,3,1,65,150,0,0,0,0,0,0,0,0,0,9,28,0,0,0,1,2,65,2,1,2,1,0,0,14,10,1,1,2,66,0,0
20,200185,2,2,2,26,7,8,29,12,6,1,0,20,2,42,42,42042,4,2004,WDBRF40J84F5,W,D,B,R,F,4,0,J,8,4,F,5,0,0,0,000000000,00000000000,0,0,0,1,0,0,0,0,0,0,0,998,0,0,0,82,6,2,12,0,0,0,1,20,67901,6,1,0,0,3,0,67,190,0,0,0,0,0,0,0,0,0,0,0,0,0,0,1,2,65,3,1,2,1,0,0,14,62,8,1,2,66,1,0
20,200186,1,1,2,26,7,13,51,1,0,1,0,20,2,20,23,20023,6,2006,3GNDA23P96S5,3,G,N,D,A,2,3,P,9,6,S,5,0,0,0,000000000,00000000000,0,0,0,1,0,0,0,0,0,0,0,998,0,1,1,0,6,2,1,0,0,0,1,20,67401,6,1,0,0,3,0,66,135,0,0,0,0,1,7,2013,7,2013,9,58,0,0,0,2,2,70,1,5,2,1,0,0,1,6,99,4,5,1,1,0
20,200187,1,2,1,28,7,16,21,12,6,1,0,20,3,6,441,6441,20,2005,2C4GP44R85R5,2,C,4,G,P,4,4,R,8,5,R,5,0,0,0,000000000,00000000000,0,0,0,1,0,0,0,0,0,0,0,998,0,0,0,9,6,2,12,0,0,0,1,20,67502,6,1,0,0,3,1,66,160,0,0,0,0,1,6,2013,6,2013,0,28,0,0,0,1,2,55,1,1,2,1,20,3,1,17,99,1,1,89,0,0
20,200187,2,2,1,28,7,16,21,12,6,1,0,20,1,73,706,73706,80,1994,JKBVNAA19RA0,J,K,B,V,N,A,A,1,9,R,A,0,0,0,0,000000000,00000000000,0,0,0,1,0,0,0,0,0,0,0,998,0,0,0,12,6,2,12,0,0,0,1,20,67502,6,1,0,0,3,1,76,245,1,0,0,0,0,11,2013,11,2013,0,0,0,0,0,1,2,65,1,1,2,1,0,0,1,66,1,1,1,88,1,0
20,200188,1,2,1,28,7,11,16,12,6,1,0,20,3,19,22,19022,4,2006,1G6KD57Y26U1,1,G,6,K,D,5,7,Y,2,6,U,1,0,0,0,000000000,00000000000,0,0,0,1,0,0,0,0,0,0,0,998,0,0,0,3,6,2,12,0,0,0,1,20,66512,6,1,0,0,3,9,64,130,0,0,0,0,0,0,0,0,0,0,38,39,0,0,1,2,30,1,1,2,1,20,3,1,17,1,1,1,87,1,0
20,200188,2,2,1,28,7,11,16,12,6,1,0,20,1,7,472,7472,30,1999,1B7GL22X7XS2,1,B,7,G,L,2,2,X,7,X,S,2,0,0,0,000000000,00000000000,0,0,0,1,0,0,0,0,0,0,0,998,0,0,0,12,6,2,12,0,0,0,1,20,66512,6,1,0,0,3,0,72,163,0,0,0,0,0,0,0,0,0,0,0,0,0,0,1,2,45,3,1,2,1,0,0,14,66,1,1,1,86,0,0
20,200189,1,2,1,28,7,15,17,12,6,1,0,20,1,76,703,76703,80,2009,JYADG19E59A0,J,Y,A,D,G,1,9,E,5,9,A,0,0,0,0,000000000,00000000000,0,0,0,1,0,0,0,0,0,0,0,998,0,0,0,12,6,2,12,0,0,0,1,13,66547,6,1,0,0,3,1,66,130,98,0,0,0,2,7,2013,7,2013,0,38,0,0,0,1,2,65,1,1,2,1,0,0,1,67,1,1,1,69,1,1
20,200189,2,2,1,28,7,15,17,12,6,1,0,20,1,12,481,12481,31,1999,1FTNX21F2XEB,1,F,T,N,X,2,1,F,2,X,E,B,0,0,0,000000000,00000000000,0,0,0,1,0,0,0,0,0,0,0,998,0,0,0,82,4,5,12,0,0,0,1,20,66535,6,1,0,0,3,0,66,160,0,0,0,0,0,0,0,0,0,0,38,0,0,0,1,2,65,1,1,2,1,0,0,11,17,1,1,1,68,0,0
20,200190,1,1,3,21,7,22,27,1,0,1,0,20,1,38,403,38403,14,1999,4S2CK57W6X43,4,S,2,C,K,5,7,W,6,X,4,3,0,0,0,000000000,00000000000,0,0,0,1,0,0,0,0,0,0,0,998,0,1,1,0,6,2,1,0,0,0,1,20,67068,6,1,0,0,3,1,63,170,0,0,0,0,0,0,0,0,0,0,58,0,0,0,1,2,65,1,6,2,1,0,0,1,13,1,3,2,98,2,0
20,200191,1,2,2,23,7,23,42,12,6,1,0,20,1,59,34,59034,4,1993,JT8JS47E1P00,J,T,8,J,S,4,7,E,1,P,0,0,0,0,0,000000000,00000000000,0,0,0,1,0,0,0,0,0,0,0,35,0,0,0,12,6,2,12,0,0,0,1,20,67213,6,1,0,0,3,0,68,185,2,0,1,1,2,12,2012,2,2014,0,0,0,0,0,1,2,35,1,1,1,1,0,0,1,67,4,1,1,83,0,0
20,200191,2,2,2,23,7,23,42,12,6,1,0,20,1,72,706,72706,80,2001,1HD1FLW151Y6,1,H,D,1,F,L,W,1,5,1,Y,6,0,0,0,000000000,00000000000,0,0,0,1,0,0,0,0,0,0,0,998,0,0,0,11,6,2,12,0,0,0,1,20,67217,6,1,6,0,3,0,72,210,0,0,0,0,0,0,0,0,0,3,38,39,0,0,1,2,30,1,1,1,1,20,3,11,17,1,1,1,82,1,0
20,200192,1,2,1,2,8,21,35,12,8,1,0,20,1,72,706,72706,80,2009,1HD1PR8149Y9,1,H,D,1,P,R,8,1,4,9,Y,9,0,0,0,000000000,00000000000,0,0,0,1,0,0,0,0,0,0,0,998,0,0,0,7,6,2,12,0,0,0,1,20,67846,6,1,0,0,3,9,72,220,0,0,0,0,0,0,0,0,0,0,28,0,0,0,1,2,65,1,1,2,1,0,0,1,10,1,1,1,64,1,0
20,200192,2,2,1,2,8,21,35,12,8,1,0,13,1,7,482,7482,31,2012,3C63DRGL1CG3,3,C,6,3,D,R,G,L,1,C,G,3,0,0,0,000000000,00000000000,0,0,0,1,0,0,0,0,0,0,0,998,0,0,0,8,4,5,12,0,0,0,1,20,67846,1,1,6,0,2,2,75,230,0,0,0,0,0,0,0,0,0,0,74,0,0,0,1,2,65,1,1,2,1,0,0,1,62,1,1,1,65,0,0
20,200193,1,2,1,13,7,23,48,12,6,1,0,48,2,12,23,12023,4,2014,3FA6P0G75ER1,3,F,A,6,P,0,G,7,5,E,R,1,0,0,0,000000000,00000000000,0,0,0,1,0,0,0,0,0,0,0,998,0,0,0,8,6,2,12,0,0,0,1,48,76240,6,1,6,0,3,1,999,999,0,0,0,0,0,0,0,0,0,0,0,0,0,0,6,2,99,1,6,1,1,1,3,11,15,10,1,1,82,0,0
20,200193,2,2,2,13,7,23,48,12,6,1,0,20,1,76,706,76706,80,2000,JYARN05EXYA0,J,Y,A,R,N,0,5,E,X,Y,A,0,0,0,0,000000000,00000000000,0,0,0,1,0,0,0,0,0,0,0,998,0,0,0,12,6,2,12,0,0,0,1,20,67204,1,1,0,0,2,0,70,200,1,0,0,2,3,9,2011,6,2014,3,6,36,39,0,1,4,40,1,1,2,1,1,3,1,67,3,1,1,83,2,0
20,200194,1,2,1,3,8,22,55,12,1,1,1,20,2,12,37,12037,4,2012,1FAHP3F29CL3,1,F,A,H,P,3,F,2,9,C,L,3,0,0,0,000000000,00000000000,0,0,0,1,0,0,0,0,0,0,0,110,0,0,0,12,6,2,12,0,0,0,1,20,66102,6,1,0,0,3,1,70,200,1,0,1,1,0,12,2013,6,2014,3,6,36,0,0,2,3,65,1,1,1,1,0,0,1,51,1,1,1,24,0,1
20,200194,2,2,1,3,8,22,55,12,1,1,0,29,1,73,705,73705,80,2009,JKAENVC129A2,J,K,A,E,N,V,C,1,2,9,A,2,0,0,0,000000000,00000000000,0,0,0,1,0,0,0,0,0,0,0,998,0,0,0,6,6,2,12,0,0,0,1,29,64118,6,1,0,0,3,1,66,110,0,0,0,1,0,8,2013,8,2013,0,0,0,0,0,2,3,65,1,1,1,1,0,0,1,53,1,1,1,25,1,1
20,200195,1,1,2,3,8,0,35,34,0,1,0,5,1,20,481,20481,31,1988,1GCDC14K0JZ2,1,G,C,D,C,1,4,K,0,J,Z,2,0,0,0,000000000,00000000000,0,0,0,1,0,0,0,0,0,0,0,998,0,1,5,14,6,2,1,0,0,0,1,20,67031,6,1,6,0,3,0,69,165,0,0,0,3,0,10,2011,2,2012,4,58,53,0,0,1,2,55,1,1,4,1,0,0,1,6,1,5,4,2,2,0
20,200196,1,1,2,4,8,0,43,33,0,1,0,20,1,49,401,49401,14,2000,JT3HN86R9Y02,J,T,3,H,N,8,6,R,9,Y,0,2,0,0,0,000000000,00000000000,0,0,0,1,0,0,0,0,0,0,0,998,0,1,2,14,6,2,1,0,0,0,1,20,66526,6,1,0,0,3,0,75,185,0,1,1,1,0,5,2013,11,2013,4,0,0,0,0,1,2,30,1,1,2,1,0,0,1,6,1,1,4,5,2,1
20,200197,1,2,5,27,7,2,2,12,6,1,0,20,1,20,2,20002,4,2008,2G1WT58K1813,2,G,1,W,T,5,8,K,1,8,1,3,0,0,0,000000000,00000000000,0,0,0,1,0,0,0,0,0,0,0,12,0,0,0,9,6,2,12,0,0,0,1,20,67460,6,1,0,0,3,1,68,180,1,0,0,0,0,4,2014,4,2014,0,0,0,0,0,1,2,35,1,1,2,1,2,3,1,17,1,1,1,89,3,1
20,200197,2,2,1,27,7,2,2,12,6,1,0,20,1,12,422,12422,15,2003,1FMPU16L93LC,1,F,M,P,U,1,6,L,9,3,L,C,0,0,0,000000000,00000000000,0,0,0,1,0,0,0,0,0,0,0,76,0,0,0,12,6,2,12,0,0,0,1,20,67216,1,1,0,0,2,0,68,150,0,0,0,0,0,0,0,0,0,3,38,39,0,0,5,4,40,1,1,2,1,0,0,1,66,4,1,1,88,0,1
20,200198,1,2,1,4,8,14,57,73,0,1,0,20,3,86,881,86881,66,2006,1M1AJ07Y26N0,1,M,1,A,J,0,7,Y,2,6,N,0,1,1,57,976166,57976166,3,6,4,1,0,0,0,0,0,0,0,998,0,0,0,8,4,5,8,0,0,0,1,20,67207,6,1,6,1,3,1,72,190,0,0,0,0,0,0,0,0,0,0,26,0,0,0,3,2,65,1,1,1,1,0,0,1,50,6,1,4,98,0,0
20,200198,2,2,1,4,8,14,57,73,0,1,0,20,3,12,481,12481,31,2011,1FDRF3GT9BEC,1,F,D,R,F,3,G,T,9,B,E,C,0,0,0,000000000,00000000000,0,0,0,1,0,0,0,0,0,0,0,0,0,0,0,18,0,5,73,0,0,0,1,20,67037,6,1,0,0,3,0,69,180,0,0,0,1,0,6,2014,6,2014,0,0,0,0,0,2,2,65,1,1,1,1,0,0,5,90,6,1,4,98,0,0
20,200199,1,2,1,4,8,16,40,12,2,1,0,20,1,22,9,22009,2,1994,2G2FV22P7R22,2,G,2,F,V,2,2,P,7,R,2,2,0,0,0,000000000,00000000000,0,0,0,1,0,0,0,0,0,0,0,998,0,0,0,12,6,2,12,0,0,0,1,20,66968,6,1,6,1,3,0,76,260,0,0,0,0,0,0,0,0,0,0,6,36,51,28,1,2,65,1,6,2,1,0,0,1,10,1,1,2,50,1,0
20,200199,2,2,1,4,8,16,40,12,2,1,0,20,2,7,482,7482,31,2003,3D7LU38633G7,3,D,7,L,U,3,8,6,3,3,G,7,0,0,0,000000000,00000000000,0,0,0,1,0,0,0,0,0,0,0,998,0,0,0,12,6,2,12,0,0,0,1,20,66554,6,1,0,0,3,0,65,135,0,0,0,0,0,0,0,0,0,0,0,0,0,0,1,2,65,1,5,2,1,0,0,1,62,3,1,1,51,0,0
20,200200,1,1,2,5,8,4,45,1,0,1,0,22,1,63,402,63402,14,2005,KNDJD7330554,K,N,D,J,D,7,3,3,0,5,5,4,0,0,0,000000000,00000000000,0,0,0,1,0,0,0,0,0,0,0,998,0,1,5,0,6,2,1,0,0,0,1,22,70454,6,1,0,0,3,0,63,220,0,0,0,0,0,0,0,0,0,0,58,0,0,0,2,2,75,1,1,1,1,0,0,1,12,1,1,4,6,1,0
20,200201,1,1,1,5,8,19,39,24,0,1,0,20,1,20,481,20481,31,2008,2GCEK1336811,2,G,C,E,K,1,3,3,6,8,1,1,0,0,0,000000000,00000000000,0,0,0,1,0,0,0,0,0,0,0,998,0,1,5,2,6,2,3,0,0,0,1,20,66733,6,1,6,0,3,1,77,220,1,0,0,0,0,5,2014,5,2014,4,36,8,6,0,1,2,55,1,5,2,1,0,0,1,13,1,1,4,1,1,1
20,200202,1,1,1,7,8,19,41,1,0,1,0,20,1,72,706,72706,80,2009,1HD1FC4119Y6,1,H,D,1,F,C,4,1,1,9,Y,6,0,0,0,000000000,00000000000,0,0,0,1,0,0,0,0,0,0,0,998,0,0,0,0,6,2,1,0,0,0,1,20,67835,6,1,0,0,3,1,72,240,0,0,0,0,0,0,0,0,0,4,0,0,0,0,1,2,55,1,1,2,1,0,0,1,13,1,1,4,1,1,1
20,200203,1,1,1,7,8,23,57,14,0,1,0,20,2,30,46,30046,4,2001,WVWTH63B01P2,W,V,W,T,H,6,3,B,0,1,P,2,0,0,0,000000000,00000000000,0,0,0,1,0,0,0,0,0,0,0,30,0,0,0,1,6,2,8,0,0,0,1,20,66212,6,1,0,0,3,1,66,125,0,0,0,0,0,0,0,0,0,3,0,0,0,0,1,2,25,1,5,2,1,0,0,1,50,1,1,9,11,0,1
20,200204,1,1,1,9,8,17,5,38,0,1,0,20,1,12,402,12402,14,2012,1FMCU0E78CKB,1,F,M,C,U,0,E,7,8,C,K,B,0,0,0,000000000,00000000000,0,0,0,1,0,0,0,0,0,0,0,998,0,0,0,12,6,2,35,0,0,0,1,20,67417,6,1,0,0,3,1,67,325,0,0,0,0,0,0,0,0,0,0,99,99,99,99,1,2,55,1,1,2,1,0,0,1,12,1,1,4,6,1,0
20,200205,1,2,1,12,8,14,7,12,8,1,0,20,1,12,473,12473,30,2002,1FMZU74W92ZC,1,F,M,Z,U,7,4,W,9,2,Z,C,0,0,0,000000000,00000000000,0,0,0,1,0,0,0,0,0,0,0,998,0,0,0,11,6,2,12,0,0,0,1,20,66050,6,1,0,0,3,1,74,273,0,0,0,0,0,0,0,0,0,0,28,4,0,0,1,2,55,1,6,2,1,0,0,1,10,1,1,1,64,1,0
20,200205,2,2,1,12,8,14,7,12,8,1,0,20,3,86,883,86883,63,2001,1M2P264Y81M0,1,M,2,P,2,6,4,Y,8,1,M,0,0,0,57,2162536,572162536,3,2,7,1,0,0,0,0,0,0,0,55,0,0,0,11,6,2,12,0,0,0,1,20,66050,6,1,6,0,3,9,74,273,0,0,0,0,0,0,0,0,0,0,0,0,0,0,1,2,55,1,5,2,1,0,0,1,62,9,1,1,65,0,0
20,200206,1,1,1,13,8,12,30,9,0,1,1,20,1,12,481,12481,31,2004,1FTYR15E34PA,1,F,T,Y,R,1,5,E,3,4,P,A,0,0,0,000000000,00000000000,0,0,0,1,0,0,0,0,0,0,0,998,0,0,0,12,4,5,9,0,0,0,1,20,66047,6,1,0,0,3,0,75,300,0,0,0,0,0,0,0,0,0,0,0,0,0,0,1,2,55,1,1,2,1,0,0,6,83,1,1,1,13,0,0
20,200207,1,3,1,16,8,11,40,54,11,1,0,20,1,12,481,12481,31,2001,1FTRW08L51KE,1,F,T,R,W,0,8,L,5,1,K,E,1,1,0,000000000,00000000000,0,0,0,1,0,0,0,0,0,0,0,998,0,0,0,18,2,5,54,0,0,0,1,20,67530,6,1,6,0,3,1,70,140,0,0,0,0,0,0,0,0,0,0,0,0,0,0,1,2,35,1,1,2,1,0,0,1,98,1,1,1,98,0,0
20,200207,2,3,2,16,8,11,40,54,11,1,0,20,1,73,706,73706,80,2004,JKBVNMA164A0,J,K,B,V,N,M,A,1,6,4,A,0,0,0,0,000000000,00000000000,0,0,0,1,0,0,0,0,0,0,0,998,0,0,0,12,6,2,54,0,0,0,1,20,67039,6,1,0,0,3,1,77,180,0,0,0,0,0,0,0,0,0,0,0,0,0,0,1,2,35,1,1,2,1,0,0,1,54,1,1,1,98,2,0
20,200207,3,3,2,16,8,11,40,54,11,1,0,20,1,72,706,72706,80,2010,1HD1KEM1XAB6,1,H,D,1,K,E,M,1,X,A,B,6,0,0,0,000000000,00000000000,0,0,0,1,0,0,0,0,0,0,0,998,0,0,0,62,4,5,1,0,0,0,1,20,67039,6,1,0,0,3,1,72,200,0,0,0,0,0,0,0,0,0,0,0,0,0,0,1,2,35,1,1,2,1,0,0,1,54,98,1,1,98,0,0
20,200208,1,1,1,17,8,9,55,39,0,1,0,20,2,22,9,22009,2,2000,2G2FS22K9Y21,2,G,2,F,S,2,2,K,9,Y,2,1,0,0,0,000000000,00000000000,0,0,0,1,0,0,0,0,0,0,0,998,0,0,0,6,6,2,39,0,0,0,1,20,66048,6,1,0,0,3,0,65,116,1,0,0,1,1,7,2012,2,2014,3,0,0,0,0,1,2,40,3,1,1,1,0,0,14,6,6,4,4,2,1,0
20,200209,1,4,1,18,8,18,5,12,8,1,0,20,1,12,481,12481,31,1997,1FDKF38G7VEA,1,F,D,K,F,3,8,G,7,V,E,A,0,0,88,888888888,88888888888,2,1,3,1,0,0,0,0,0,0,0,998,0,0,0,11,6,2,12,0,0,0,1,20,66066,6,1,6,0,3,0,75,245,0,0,0,0,0,0,0,0,0,0,28,51,0,0,1,2,55,3,5,2,1,0,0,14,10,1,1,2,64,1,0
20,200209,2,4,2,18,8,18,5,12,8,1,0,20,1,12,481,12481,31,2008,1FDWF37R38ED,1,F,D,W,F,3,7,R,3,8,E,D,1,1,88,888888888,88888888888,3,4,99,1,0,0,0,0,0,0,0,998,0,0,0,9,4,5,12,0,0,0,1,20,66086,6,1,0,0,3,0,72,240,0,0,0,0,0,0,0,0,0,0,0,0,0,0,1,2,55,2,6,2,1,0,0,14,62,1,1,1,65,0,0
20,200209,3,4,1,18,8,18,5,12,8,1,0,20,1,20,431,20431,16,2000,3GNFK16T1YG1,3,G,N,F,K,1,6,T,1,Y,G,1,0,0,0,000000000,00000000000,0,0,0,1,0,0,0,0,0,0,0,998,0,0,0,11,6,2,12,0,0,0,1,20,66086,6,1,0,0,3,0,72,190,0,0,0,0,1,8,2012,8,2012,0,0,0,0,0,1,2,55,2,6,2,1,0,0,14,62,1,1,1,98,1,0
20,200209,4,4,1,18,8,18,5,12,8,1,0,20,1,20,481,20481,31,2007,3GCEK13M47G5,3,G,C,E,K,1,3,M,4,7,G,5,0,0,0,000000000,00000000000,0,0,0,1,0,0,0,0,0,0,0,998,0,0,0,13,2,5,12,0,0,0,1,20,66012,6,1,0,0,3,0,71,205,0,0,0,0,0,0,0,0,0,0,0,0,0,0,1,2,55,2,6,2,1,0,0,14,62,1,1,1,98,0,0
20,200210,1,2,1,29,7,19,40,12,6,1,0,20,1,7,482,7482,31,2001,3B7KF23781G7,3,B,7,K,F,2,3,7,8,1,G,7,0,0,0,000000000,00000000000,0,0,0,1,0,0,0,0,0,0,0,998,0,0,0,12,6,2,12,0,0,0,1,20,66604,6,1,6,0,3,0,74,170,0,0,0,0,0,0,0,0,0,0,0,0,0,0,2,2,45,1,6,2,1,2,3,1,55,1,1,1,88,0,0
20,200210,2,2,1,29,7,19,40,12,6,1,0,20,1,20,22,20022,4,2007,1G1AK55F2773,1,G,1,A,K,5,5,F,2,7,7,3,0,0,0,000000000,00000000000,0,0,0,1,0,0,0,0,0,0,0,998,0,0,0,9,6,2,12,0,0,0,1,20,66617,6,1,0,0,3,0,68,148,0,0,0,1,1,1,2012,1,2012,0,38,39,0,0,1,2,35,1,5,2,1,2,3,1,17,1,1,1,89,1,0
20,200211,1,2,2,19,8,16,8,12,6,1,1,20,2,19,5,19005,2,2001,1G6ET12921B1,1,G,6,E,T,1,2,9,2,1,B,1,0,0,0,000000000,00000000000,0,0,0,1,0,0,0,0,0,0,0,998,0,0,0,1,6,2,12,0,0,0,1,20,66104,1,1,0,0,2,9,70,175,0,0,0,0,0,0,0,0,0,3,6,36,0,0,1,2,30,1,6,2,1,20,3,1,17,2,1,1,90,0,0
20,200211,2,2,1,19,8,16,8,12,6,1,0,20,1,49,40,49040,4,1998,4T1BG22K1WU8,4,T,1,B,G,2,2,K,1,W,U,8,0,0,0,000000000,00000000000,0,0,0,1,0,0,0,0,0,0,0,998,0,0,0,10,6,2,12,0,0,0,1,20,66104,6,1,0,0,3,0,67,180,0,0,0,0,0,0,0,0,0,0,0,0,0,0,1,2,30,1,1,2,1,0,0,1,54,1,1,1,90,1,0
20,200212,1,2,3,19,8,20,29,12,6,1,0,20,1,35,401,35401,14,2011,5N1AR1NNXBC6,5,N,1,A,R,1,N,N,X,B,C,6,0,0,0,000000000,00000000000,0,0,0,1,0,0,0,0,0,0,0,53,0,0,0,12,6,2,12,0,0,0,1,20,67213,6,1,0,0,3,0,68,145,0,1,0,0,0,5,2012,5,2012,3,85,0,0,0,2,4,35,1,1,1,1,0,0,1,15,3,1,1,69,0,0
20,200212,2,2,4,19,8,20,29,12,6,1,0,20,2,14,6,14006,4,1992,2MECM74W6NX7,2,M,E,C,M,7,4,W,6,N,X,7,0,0,0,000000000,00000000000,0,0,0,1,0,0,0,0,0,0,0,998,0,0,0,3,6,2,12,0,0,0,1,20,67216,6,1,0,0,3,0,70,260,0,0,0,1,1,1,2013,8,2014,0,0,0,0,0,1,2,30,1,1,1,1,0,0,11,17,10,1,1,68,1,0
20,200213,1,2,1,22,8,14,41,12,2,1,0,20,2,37,31,37031,2,1998,1HGEJ8240WL0,1,H,G,E,J,8,2,4,0,W,L,0,0,0,0,000000000,00000000000,0,0,0,1,0,0,0,0,0,0,0,60,0,0,0,12,6,2,12,0,0,0,1,20,66092,6,1,0,0,3,0,72,160,0,0,0,0,1,7,2014,7,2014,0,28,0,0,0,1,2,65,1,5,2,1,0,0,1,10,1,1,1,50,1,0