STATE,ST_CASE,VEH_NO,VE_FORMS,NUMOCCS,DAY,MONTH,HOUR,MINUTE,HARM_EV,MAN_COLL,UNITTYPE,HIT_RUN,REG_STAT,OWNER,MAKE,MODEL,MAK_MOD,BODY_TYP,MOD_YEAR,VIN,VIN_1,VIN_2,VIN_3,VIN_4,VIN_5,VIN_6,VIN_7,VIN_8,VIN_9,VIN_10,VIN_11,VIN_12,TOW_VEH,J_KNIFE,MCARR_I1,MCARR_I2,MCARR_ID,GVWR,V_CONFIG,CARGO_BT,HAZ_INV,HAZ_PLAC,HAZ_ID,HAZ_CNO,HAZ_REL,BUS_USE,SPEC_USE,EMER_USE,TRAV_SP,UNDERIDE,ROLLOVER,ROLINLOC,IMPACT1,DEFORMED,TOWED,M_HARM,VEH_SC1,VEH_SC2,FIRE_EXP,DR_PRES,L_STATE,DR_ZIP,L_STATUS,L_TYPE,CDL_STAT,L_ENDORS,L_COMPL,L_RESTRI,DR_HGT,DR_WGT,PREV_ACC,PREV_SUS,PREV_DWI,PREV_SPD,PREV_OTH,FIRST_MO,FIRST_YR,LAST_MO,LAST_YR,SPEEDREL,DR_SF1,DR_SF2,DR_SF3,DR_SF4,VTRAFWAY,VNUM_LAN,VSPD_LIM,VALIGN,VPROFILE,VPAVETYP,VSURCOND,VTRAFCON,VTCONT_F,P_CRASH1,P_CRASH2,P_CRASH3,PCRASH4,PCRASH5,ACC_TYPE,DEATHS,DR_DRINK
20,200255,2,2,1,18,10,15,47,12,2,1,0,48,3,82,881,82881,66,2014,3AKJGLD65ESF,3,A,K,J,G,L,D,6,5,E,S,F,1,3,57,183220,57183220,3,6,1,1,0,0,0,0,0,0,0,998,0,1,5,12,6,2,1,0,0,0,1,20,67124,6,1,6,0,3,1,72,270,0,0,0,0,0,0,0,0,0,0,0,0,0,0,1,2,65,1,1,2,1,0,0,1,62,7,1,1,51,0,0
20,200256,1,1,2,2,7,18,13,34,0,1,0,20,1,12,481,12481,31,9999,000000000000,0,0,0,0,0,0,0,0,0,0,0,0,0,0,0,000000000,00000000000,0,0,0,1,0,0,0,0,0,0,0,998,0,0,0,14,6,2,42,0,0,0,1,99,99999,9,9,99,9,9,9,999,999,99,99,99,99,99,99,9999,99,9999,9,0,0,0,0,1,2,55,1,1,2,1,0,0,1,9,99,9,4,5,1,0
20,200257,1,1,1,1,10,4,0,1,0,1,0,20,1,41,471,41471,30,1998,4F4ZR17X1WTM,4,F,4,Z,R,1,7,X,1,W,T,M,0,0,0,000000000,00000000000,0,0,0,1,0,0,0,0,0,0,0,998,0,1,5,0,6,2,1,0,0,0,1,20,67410,6,1,6,0,3,0,72,190,1,0,0,0,1,3,2012,3,2012,0,0,0,0,0,1,2,55,1,1,2,1,0,0,1,9,1,9,4,5,1,0
20,200258,1,2,1,20,10,10,35,12,6,1,0,20,3,85,883,85883,63,2004,1NKDXUTX54J0,1,N,K,D,X,U,T,X,5,4,J,0,0,0,57,02121213,5702121213,3,2,4,1,0,0,0,0,0,0,0,998,0,0,0,12,2,5,12,0,0,0,1,20,67207,6,1,6,0,3,0,69,233,0,0,0,1,0,2,2013,2,2013,0,0,0,0,0,5,4,40,1,1,2,1,0,0,1,56,1,1,1,98,0,0
20,200258,2,2,1,20,10,10,35,12,6,1,0,20,1,49,40,49040,4,2000,4T1BG22K2YU6,4,T,1,B,G,2,2,K,2,Y,U,6,0,0,0,000000000,00000000000,0,0,0,1,0,0,0,0,0,0,0,998,0,0,0,9,6,2,12,0,0,0,1,20,67010,6,1,0,0,3,0,62,180,0,0,0,0,0,0,0,0,0,0,38,0,0,0,0,0,0,0,0,0,0,0,0,13,54,1,1,1,98,1,0
20,200259,1,1,1,20,10,8,30,23,0,1,0,20,1,12,23,12023,4,2009,3FAHP07Z79R1,3,F,A,H,P,0,7,Z,7,9,R,1,0,0,0,000000000,00000000000,0,0,0,1,0,0,0,0,0,0,0,998,0,0,0,9,6,2,23,0,0,0,1,20,67114,6,1,0,0,3,0,65,187,0,0,0,1,0,10,2014,10,2014,0,0,0,0,0,1,2,55,1,1,2,1,0,0,1,12,1,3,4,7,1,0
20,200260,1,2,2,21,10,18,55,12,1,1,1,20,1,19,3,19003,4,2004,1G6KD54Y94U1,1,G,6,K,D,5,4,Y,9,4,U,1,0,0,0,000000000,00000000000,0,0,0,1,0,0,0,0,0,0,0,998,0,0,0,12,6,2,12,0,0,0,1,20,66607,6,1,0,0,3,2,71,150,0,0,0,1,0,6,2012,6,2012,3,74,6,36,0,1,2,40,1,1,1,1,0,0,1,51,1,1,1,24,0,1
20,200260,2,2,1,21,10,18,55,12,1,1,0,20,1,72,706,72706,80,1999,1HD1FCW11XY6,1,H,D,1,F,C,W,1,1,X,Y,6,0,0,0,000000000,00000000000,0,0,0,1,0,0,0,0,0,0,0,998,0,0,0,6,6,2,12,0,0,0,1,20,66607,6,1,6,0,3,0,68,260,0,0,0,0,0,0,0,0,0,0,0,0,0,0,1,2,40,1,1,1,1,0,0,1,53,1,1,1,25,1,1
20,200261,1,2,1,22,10,18,49,12,6,1,0,20,1,37,706,37706,80,1992,JH2RC3602NM2,J,H,2,R,C,3,6,0,2,N,M,2,0,0,0,000000000,00000000000,0,0,0,1,0,0,0,0,0,0,0,998,0,0,0,12,6,2,12,0,0,0,1,20,66614,6,1,0,0,3,2,69,200,0,0,0,1,0,7,2013,7,2013,3,6,36,8,74,1,4,40,1,1,1,1,0,0,1,67,3,1,1,83,1,0
20,200261,2,2,4,22,10,18,49,12,6,1,0,20,1,35,47,35047,4,2002,1N4AL11E0202,1,N,4,A,L,1,1,E,0,2,0,2,0,0,0,000000000,00000000000,0,0,0,1,0,0,0,0,0,0,0,998,0,0,0,9,6,2,12,0,0,0,1,20,66614,6,1,0,0,3,0,64,130,0,0,0,0,0,0,0,0,0,0,38,0,0,0,1,2,30,1,1,1,1,20,3,11,15,1,1,1,82,0,0
20,200262,1,2,1,6,10,7,55,12,2,1,0,20,1,12,481,12481,31,2000,1FTRX18L7YKA,1,F,T,R,X,1,8,L,7,Y,K,A,0,0,0,000000000,00000000000,0,0,0,1,0,0,0,0,0,0,0,998,0,0,0,12,6,2,12,0,0,0,1,20,67623,3,1,0,0,2,0,79,999,0,0,0,0,0,0,0,0,0,0,51,28,0,0,1,2,55,1,1,4,1,0,0,1,10,1,1,1,52,1,0
20,200262,2,2,1,6,10,7,55,12,2,1,0,20,1,20,2,20002,4,1984,1G1AN69H0EX1,1,G,1,A,N,6,9,H,0,E,X,1,0,0,0,000000000,00000000000,0,0,0,1,0,0,0,0,0,0,0,998,0,0,0,12,6,2,12,0,0,0,1,20,67623,6,1,6,0,3,0,71,210,0,0,0,0,0,0,0,0,0,0,51,28,0,0,1,2,55,1,1,4,1,0,0,1,62,1,1,1,52,1,0
20,200263,1,1,1,12,10,19,19,24,0,1,0,99,9,7,482,7482,31,2004,3D7KA28C24G1,3,D,7,K,A,2,8,C,2,4,G,1,0,0,0,000000000,00000000000,0,0,0,1,0,0,0,0,0,0,0,998,0,0,0,12,6,2,42,0,0,0,1,8,80229,4,1,4,0,2,0,69,180,0,2,0,0,2,4,2012,7,2014,4,6,36,58,0,3,3,70,1,6,2,1,0,0,1,6,1,5,4,2,1,1
20,200264,1,2,3,20,10,18,30,12,1,1,0,20,1,7,482,7482,31,2002,3B7KF23632M2,3,B,7,K,F,2,3,6,3,2,M,2,0,0,0,000000000,00000000000,0,0,0,1,0,0,0,0,0,0,0,0,0,0,0,6,2,3,12,0,0,0,1,20,66414,6,1,6,0,3,0,69,250,0,0,0,2,0,5,2013,8,2014,0,0,0,0,0,1,2,50,1,1,2,1,0,0,1,53,1,1,1,21,0,0
20,200264,2,2,2,20,10,18,30,12,1,1,0,20,1,6,441,6441,20,2003,2C4GP24R73R3,2,C,4,G,P,2,4,R,7,3,R,3,0,0,0,000000000,00000000000,0,0,0,1,0,0,0,0,0,0,0,998,0,0,0,12,6,2,12,0,0,0,1,20,66413,6,1,0,0,3,0,65,200,1,0,0,1,0,11,2012,11,2012,9,0,0,0,0,1,2,50,1,1,2,1,0,0,1,50,1,1,1,20,1,0
20,200265,1,1,1,24,10,21,45,42,0,1,0,20,1,13,12,13012,4,2002,1LNHM87A52Y6,1,L,N,H,M,8,7,A,5,2,Y,6,0,0,0,000000000,00000000000,0,0,0,1,0,0,0,0,0,0,0,998,0,0,0,9,6,2,42,0,0,0,1,20,67501,6,1,0,0,3,1,73,215,0,0,0,1,1,12,2011,5,2012,4,0,0,0,0,2,2,70,1,1,2,1,0,0,1,6,9,3,4,1,1,0
20,200266,1,1,1,27,10,21,19,33,0,1,0,20,1,72,706,72706,80,2013,1HD1MAM28DB8,1,H,D,1,M,A,M,2,8,D,B,8,0,0,0,000000000,00000000000,0,0,0,1,0,0,0,0,0,0,0,998,0,0,0,12,6,2,1,0,0,0,1,20,67214,6,1,0,0,3,1,69,242,0,0,0,0,0,0,0,0,0,9,99,99,99,99,1,2,35,1,1,2,1,0,0,1,6,1,1,4,1,1,1
20,200267,1,2,1,3,11,9,33,12,6,1,0,20,1,12,481,12481,31,2002,1FTSX30S22EC,1,F,T,S,X,3,0,S,2,2,E,C,0,0,0,000000000,00000000000,0,0,0,1,0,0,0,0,0,0,0,998,0,0,0,12,6,2,12,0,0,0,1,20,66720,6,1,0,0,3,1,68,180,0,0,0,0,0,0,0,0,0,9,99,99,99,99,2,2,65,1,1,2,1,1,3,1,17,1,1,1,69,0,0
20,200267,2,2,1,3,11,9,33,12,6,1,0,20,1,20,481,20481,31,2000,2GCEC19T2Y11,2,G,C,E,C,1,9,T,2,Y,1,1,0,0,0,000000000,00000000000,0,0,0,1,0,0,0,0,0,0,0,998,0,0,0,9,6,2,12,0,0,1,1,20,67010,6,1,6,0,3,0,70,200,0,0,0,2,0,3,2012,8,2012,9,99,99,99,99,1,2,40,1,1,2,1,1,3,11,65,1,1,1,68,1,0
20,200268,1,1,1,4,11,20,6,39,0,1,0,20,1,12,37,12037,4,2010,1FAHP3FN3AW1,1,F,A,H,P,3,F,N,3,A,W,1,0,0,0,000000000,00000000000,0,0,0,1,0,0,0,0,0,0,0,998,0,0,0,12,6,2,39,0,0,0,1,20,67010,6,1,0,0,3,0,66,150,0,0,0,0,0,0,0,0,0,3,39,0,0,0,2,2,70,2,1,2,1,0,0,14,12,1,1,4,6,1,1
20,200269,1,1,2,7,11,6,19,8,0,1,1,20,1,6,52,6052,6,2001,3C8FY4BB51T6,3,C,8,F,Y,4,B,B,5,1,T,6,0,0,0,000000000,00000000000,0,0,0,1,0,0,0,0,0,0,0,998,0,0,0,12,6,2,8,0,0,0,1,20,67432,1,1,0,0,2,0,62,230,0,0,0,0,0,0,0,0,0,0,86,0,0,0,1,2,65,1,1,2,1,0,0,1,80,2,1,3,13,0,0
20,200270,1,1,1,15,11,6,45,23,0,1,0,20,1,20,481,20481,31,1998,1GCHK33J1WF0,1,G,C,H,K,3,3,J,1,W,F,0,0,0,0,000000000,00000000000,0,0,0,1,0,0,0,0,0,0,0,998,0,0,0,12,6,2,23,0,0,0,1,20,67460,6,1,0,0,3,1,71,160,0,0,0,0,0,0,0,0,0,4,0,0,0,0,1,2,55,1,1,2,3,0,0,1,6,1,1,4,6,1,0
20,200271,1,2,1,2,9,11,49,12,1,1,0,20,1,18,19,18019,4,2011,W04GX5GV2B10,W,0,4,G,X,5,G,V,2,B,1,0,0,0,0,000000000,00000000000,0,0,0,1,0,0,0,0,0,0,0,998,0,0,0,12,6,2,12,0,0,0,1,20,66861,6,1,0,0,3,0,62,165,0,0,0,0,0,0,0,0,0,0,0,0,0,0,1,2,55,1,6,2,1,0,0,1,51,1,1,1,24,1,0
20,200271,2,2,2,2,9,11,49,12,1,1,0,17,3,85,881,85881,66,2000,1XKWDB9X7YJ8,1,X,K,W,D,B,9,X,7,Y,J,8,1,1,57,154712,57154712,3,6,3,1,0,0,0,0,0,0,0,998,0,0,0,6,2,5,12,0,0,0,1,20,66861,6,1,6,0,3,1,67,195,0,0,0,1,0,3,2014,3,2014,0,0,0,0,0,1,2,55,1,6,2,1,0,0,11,15,1,1,1,26,0,0
20,200272,1,1,1,14,9,2,20,8,0,1,1,20,9,55,401,55401,14,2007,5NMSH73E07H0,5,N,M,S,H,7,3,E,0,7,H,0,0,0,0,000000000,00000000000,0,0,0,1,0,0,0,0,0,0,0,998,0,0,0,99,4,5,8,0,0,0,1,99,99999,9,9,99,9,9,9,999,999,99,99,99,99,99,99,9999,99,9999,9,99,99,99,99,1,2,55,1,1,2,1,0,0,1,80,99,9,9,13,0,0
20,200273,1,1,3,20,9,5,0,1,0,1,0,20,1,20,481,20481,31,1989,1GCDC14K4KZ1,1,G,C,D,C,1,4,K,4,K,Z,1,0,0,0,000000000,00000000000,0,0,0,1,0,0,0,0,0,0,0,998,0,1,5,0,6,2,1,0,0,0,1,20,67439,6,1,0,0,3,0,69,155,1,0,0,0,0,8,2013,8,2013,4,99,99,99,99,1,2,45,3,1,2,1,0,0,14,6,1,4,4,2,1,1
20,200274,1,1,2,28,9,12,0,1,0,1,0,20,1,72,706,72706,80,2006,1HD1FRW176Y6,1,H,D,1,F,R,W,1,7,6,Y,6,0,0,0,000000000,00000000000,0,0,0,1,0,0,0,0,0,0,0,998,0,0,0,0,4,3,1,0,0,0,1,20,66213,6,1,6,0,3,0,75,200,1,0,0,0,0,5,2013,5,2013,0,0,0,0,0,2,2,45,1,5,2,1,0,0,1,60,9,1,1,98,1,0
20,200275,1,1,2,2,10,20,15,35,0,1,0,20,1,20,481,20481,31,1972,CCE142S14492,C,C,E,1,4,2,S,1,4,4,9,2,0,0,0,000000000,00000000000,0,0,0,1,0,0,0,0,0,0,0,29,0,1,5,12,4,3,1,0,0,0,1,20,67401,6,1,0,0,3,0,69,175,0,0,0,0,0,0,0,0,0,4,58,0,0,0,1,2,55,1,1,4,1,0,0,1,6,1,3,4,2,1,0
20,200276,1,1,2,5,10,5,0,1,0,1,0,20,1,7,25,7025,5,2007,1B3HB48B57D3,1,B,3,H,B,4,8,B,5,7,D,3,0,0,0,000000000,00000000000,0,0,0,1,0,0,0,0,0,0,0,50,0,1,1,0,6,2,1,0,0,0,1,20,67801,6,1,0,0,3,0,73,195,0,0,0,0,1,9,2012,9,2012,4,58,0,0,0,1,2,55,1,1,4,1,0,0,1,6,1,4,2,98,1,1
20,200277,1,2,1,18,10,13,46,12,1,1,1,20,1,20,421,20421,15,1995,1GNEK13KXSJ3,1,G,N,E,K,1,3,K,X,S,J,3,0,0,0,000000000,00000000000,0,0,0,1,0,0,0,0,0,0,0,50,0,0,0,12,4,5,12,0,0,0,1,20,67003,1,1,2,0,2,0,75,250,0,1,1,0,1,1,2012,1,2012,3,27,35,0,0,1,2,55,1,1,2,1,0,0,1,15,1,1,2,74,0,1
20,200277,2,2,1,18,10,13,46,12,1,1,0,31,1,98,998,98998,92,2013,4XAUH9EA1DB1,4,X,A,U,H,9,E,A,1,D,B,1,0,0,0,000000000,00000000000,0,0,0,1,0,0,0,0,0,0,0,998,0,1,1,6,6,2,12,0,0,0,1,38,58801,6,1,0,0,3,0,999,999,0,0,0,2,0,11,2012,1,2014,0,0,0,0,0,1,2,55,1,1,2,1,0,0,11,53,1,1,1,74,1,0
20,200278,1,2,1,20,10,21,8,12,2,1,0,20,1,20,423,20423,15,2014,1GNKRFED6EJ3,1,G,N,K,R,F,E,D,6,E,J,3,0,0,0,000000000,00000000000,0,0,0,1,0,0,0,0,0,0,0,998,0,0,0,12,6,2,12,0,0,1,1,20,67005,6,1,0,0,3,0,71,225,0,0,0,0,0,0,0,0,0,0,51,28,0,0,1,2,65,1,1,2,1,0,0,1,10,1,1,2,50,1,0
20,200278,2,2,1,20,10,21,8,12,2,1,0,20,1,87,883,87883,66,2004,1XP5DB9X94D8,1,X,P,5,D,B,9,X,9,4,D,8,1,1,57,1007384,571007384,3,6,2,1,0,0,0,0,0,0,0,998,0,0,0,12,6,2,12,0,0,1,1,20,66748,6,1,6,1,3,0,69,380,0,0,0,0,0,0,0,0,0,0,0,0,0,0,1,2,65,1,1,2,1,0,0,1,62,1,1,1,51,0,0
20,200279,1,1,1,25,10,13,43,43,0,1,0,20,1,12,402,12402,14,2007,1FMYU93127KA,1,F,M,Y,U,9,3,1,2,7,K,A,0,0,0,000000000,00000000000,0,0,0,1,0,0,0,0,0,0,0,998,0,0,0,14,6,2,42,0,0,0,1,20,66010,6,1,0,0,3,1,68,130,0,0,0,0,0,0,0,0,0,0,99,99,99,99,1,2,55,1,1,2,1,0,0,1,12,1,1,4,6,1,0
20,200280,1,2,1,28,10,15,42,12,7,1,0,20,1,18,7,18007,4,1990,3G4AH54R7LS6,3,G,4,A,H,5,4,R,7,L,S,6,0,0,0,000000000,00000000000,0,0,0,1,0,0,0,0,0,0,0,19,0,0,0,1,6,2,12,0,0,0,1,20,67401,6,1,0,0,3,1,62,100,0,0,0,0,0,0,0,0,0,5,0,0,0,0,1,2,30,1,1,1,1,0,0,1,60,1,1,1,45,1,0
20,200280,2,2,1,28,10,15,42,12,7,1,0,20,1,23,481,23481,31,2001,2GTEK19T1112,2,G,T,E,K,1,9,T,1,1,1,2,0,0,0,000000000,00000000000,0,0,0,1,0,0,0,0,0,0,0,998,0,0,0,11,2,5,12,0,0,0,1,20,67401,6,1,0,0,3,1,71,243,0,0,0,0,0,0,0,0,0,0,38,0,0,0,1,2,30,2,1,1,1,0,0,16,10,7,1,1,47,0,0
20,200281,1,2,3,29,10,7,7,12,6,1,0,20,2,20,431,20431,16,1997,1GNEC16R7VJ3,1,G,N,E,C,1,6,R,7,V,J,3,0,0,0,000000000,00000000000,0,0,0,1,0,0,0,0,0,0,0,998,0,0,0,3,6,2,12,0,0,0,1,20,67301,6,1,0,0,3,0,67,140,0,0,0,0,0,0,0,0,0,0,38,0,0,0,1,2,65,1,1,2,1,20,3,1,17,1,1,1,87,2,0
20,200281,2,2,1,29,10,7,7,12,6,1,0,20,1,49,482,49482,31,2006,5TBDT44176S5,5,T,B,D,T,4,4,1,7,6,S,5,0,0,0,000000000,00000000000,0,0,0,1,0,0,0,0,0,0,0,998,0,0,0,12,6,2,12,0,0,0,1,20,66736,6,1,6,0,3,0,72,200,0,0,0,0,0,0,0,0,0,0,0,0,0,0,2,2,65,1,1,1,1,0,0,1,66,4,1,1,86,0,0
20,200282,1,1,1,29,10,1,0,38,0,1,0,20,2,7,25,7025,5,2007,1B3HB28B97D2,1,B,3,H,B,2,8,B,9,7,D,2,0,0,0,000000000,00000000000,0,0,0,1,0,0,0,0,0,0,0,998,0,1,5,12,6,2,1,0,0,0,1,20,66701,1,1,0,0,2,0,67,145,0,0,0,0,0,0,0,0,0,9,0,0,0,0,1,2,55,1,3,2,1,0,0,1,13,1,1,4,1,1,1
20,200283,1,1,1,5,11,18,10,1,0,1,0,20,3,12,481,12481,31,2003,2FTRX18L73CA,2,F,T,R,X,1,8,L,7,3,C,A,0,0,0,000000000,00000000000,0,0,0,1,0,0,0,0,0,0,0,998,0,1,5,0,6,2,1,0,0,0,1,20,67857,3,1,8,0,2,0,68,135,0,0,0,0,0,0,0,0,0,9,58,0,0,0,1,2,65,3,1,2,1,0,0,14,13,1,4,4,2,1,1
20,200284,1,1,1,7,11,15,54,39,0,1,0,20,1,76,705,76705,80,2008,JYARJ16E68A0,J,Y,A,R,J,1,6,E,6,8,A,0,0,0,0,000000000,00000000000,0,0,0,1,0,0,0,0,0,0,0,998,0,0,0,12,6,2,39,0,0,0,1,20,67951,6,1,0,0,3,1,70,182,0,0,0,0,0,0,0,0,0,3,58,0,0,0,1,2,30,1,1,2,1,0,0,1,13,1,1,4,1,1,0
20,200285,1,2,1,12,11,6,50,12,2,1,0,20,2,49,32,49032,4,2010,1NXBU4EEXAZ2,1,N,X,B,U,4,E,E,X,A,Z,2,0,0,0,000000000,00000000000,0,0,0,1,0,0,0,0,0,0,0,998,0,0,0,12,6,2,12,0,0,0,1,20,67871,6,1,0,0,3,0,74,205,0,0,0,0,0,0,0,0,0,0,28,51,0,0,1,2,65,1,1,2,1,0,0,1,10,1,1,1,50,1,1
20,200285,2,2,1,12,11,6,50,12,2,1,0,20,1,12,481,12481,31,2013,1FTFW1EF1DKG,1,F,T,F,W,1,E,F,1,D,K,G,0,0,0,000000000,00000000000,0,0,0,1,0,0,0,0,0,0,0,998,0,0,0,12,6,2,12,0,0,0,1,20,67443,6,1,0,0,3,1,61,170,0,0,0,0,0,0,0,0,0,0,0,0,0,0,1,2,65,1,1,2,1,0,0,1,62,1,1,1,51,0,0
20,200286,1,1,2,13,11,9,45,38,0,1,0,20,1,20,473,20473,30,2012,1GCHTCFE1C81,1,G,C,H,T,C,F,E,1,C,8,1,0,0,0,000000000,00000000000,0,0,0,1,0,0,0,0,0,0,0,998,0,0,0,12,6,2,35,0,0,0,1,20,67642,6,1,6,0,3,1,73,285,0,0,0,0,0,0,0,0,0,9,99,99,99,99,2,2,75,3,6,2,1,0,0,14,13,1,1,4,1,1,0
20,200287,1,2,1,13,11,15,6,12,2,1,0,20,3,12,481,12481,31,2012,1FT7X2B68CEA,1,F,T,7,X,2,B,6,8,C,E,A,1,1,0,000000000,00000000000,0,0,0,1,0,0,0,0,0,0,0,998,0,0,0,12,0,5,12,0,0,0,1,20,67951,6,1,0,0,3,1,68,190,0,0,0,0,0,0,0,0,0,0,0,0,0,0,1,2,65,1,1,2,1,0,0,1,98,1,1,1,98,0,0
20,200287,2,2,3,13,11,15,6,12,2,1,0,20,1,20,443,20443,20,1998,1GNDX03E3WD3,1,G,N,D,X,0,3,E,3,W,D,3,0,0,0,000000000,00000000000,0,0,0,1,0,0,0,0,0,0,0,998,0,0,0,12,6,2,12,0,0,0,1,20,67901,6,1,0,0,3,0,66,194,0,0,0,0,0,0,0,0,0,0,0,0,0,0,1,2,65,1,1,2,1,0,0,1,98,1,1,1,98,2,0
20,200288,1,1,1,14,11,19,50,1,0,1,0,20,1,35,402,35402,14,2000,5N1ED28T6YC5,5,N,1,E,D,2,8,T,6,Y,C,5,0,0,0,000000000,00000000000,0,0,0,1,0,0,0,0,0,0,0,998,0,1,1,0,6,2,1,0,0,0,1,20,66614,6,1,0,0,3,0,69,170,0,0,0,0,0,0,0,0,0,0,58,0,0,0,1,2,45,1,5,2,1,0,0,1,13,1,4,6,98,1,0
20,200289,1,1,2,17,11,22,20,19,0,1,0,20,2,12,481,12481,31,2006,1FTRF12266NB,1,F,T,R,F,1,2,2,6,6,N,B,0,0,0,000000000,00000000000,0,0,0,1,0,0,0,0,0,0,0,999,0,0,0,12,6,2,19,0,0,0,1,20,66087,6,1,0,0,3,0,64,152,0,0,0,0,0,0,0,0,0,3,36,0,0,0,1,2,20,1,3,2,1,0,0,1,98,1,1,4,98,1,1
20,200290,1,1,1,18,11,20,45,23,0,1,0,20,1,23,401,23401,14,2004,1GKDT13S5423,1,G,K,D,T,1,3,S,5,4,2,3,0,0,0,000000000,00000000000,0,0,0,1,0,0,0,0,0,0,0,998,0,0,0,12,6,2,23,0,0,0,1,20,67584,6,1,6,0,3,1,67,170,0,0,0,0,0,0,0,0,0,9,99,99,99,99,1,2,55,1,1,5,1,0,0,1,12,1,1,4,6,1,0
20,200291,1,2,2,21,11,11,35,12,6,1,0,20,1,7,43,7043,2,2001,4B3AG52H51E0,4,B,3,A,G,5,2,H,5,1,E,0,0,0,0,000000000,00000000000,0,0,0,1,0,0,0,0,0,0,0,998,0,0,0,8,6,2,12,0,0,0,1,20,67337,6,1,0,0,3,0,63,150,0,0,0,0,0,0,0,0,0,3,28,39,0,0,1,2,55,1,1,1,2,20,3,1,17,1,1,1,89,1,0
20,200291,2,2,1,21,11,11,35,12,6,1,0,36,3,82,883,82883,66,2007,1FUJA6CKX7LX,1,F,U,J,A,6,C,K,X,7,L,X,1,1,57,1149279,571149279,3,6,1,1,0,0,0,0,0,0,0,998,7,0,0,1,6,2,12,0,0,0,1,40,74354,6,1,6,0,3,0,74,185,0,0,0,0,0,0,0,0,0,0,0,0,0,0,2,2,65,1,1,2,2,0,0,1,66,4,1,1,88,0,0
20,200292,1,1,1,21,11,13,20,42,0,1,0,20,1,2,404,2404,14,1995,1J4FJ68SXSL5,1,J,4,F,J,6,8,S,X,S,L,5,0,0,0,000000000,00000000000,0,0,0,1,0,0,0,0,0,0,0,998,0,1,5,99,6,2,42,0,0,0,1,20,67146,6,1,0,0,3,1,72,200,0,0,0,0,0,0,0,0,0,4,87,0,0,0,1,2,55,1,5,2,2,0,0,1,6,1,3,4,2,1,0
20,200293,1,1,4,22,11,2,47,38,0,1,0,20,2,21,21,21021,4,2002,1G3NL52E02C1,1,G,3,N,L,5,2,E,0,2,C,1,0,0,0,000000000,00000000000,0,0,0,1,0,0,0,0,0,0,0,998,0,0,0,14,6,2,42,0,0,0,1,20,67146,2,1,0,0,2,1,66,125,0,0,0,0,3,6,2012,6,2012,4,6,36,0,0,1,2,30,1,6,2,2,0,0,1,6,1,1,4,6,1,1
20,200294,1,1,1,22,11,99,99,1,0,1,0,20,1,20,482,20482,31,2005,3GNEK12Z05G1,3,G,N,E,K,1,2,Z,0,5,G,1,0,0,0,000000000,00000000000,0,0,0,1,0,0,0,0,0,0,0,998,0,1,5,0,6,2,35,0,0,0,1,20,66720,6,1,0,0,3,1,72,999,0,0,0,0,0,0,0,0,0,4,0,0,0,0,1,2,55,1,1,4,1,0,0,1,13,1,4,4,2,1,1
20,200295,1,3,1,27,11,14,20,12,6,1,0,20,2,20,481,20481,31,2007,2GCEC13C1716,2,G,C,E,C,1,3,C,1,7,1,6,0,0,0,000000000,00000000000,0,0,0,1,0,0,0,0,0,0,0,998,0,0,0,1,2,5,12,0,0,0,1,20,66901,6,1,0,0,3,0,68,135,0,0,0,0,0,0,0,0,0,0,38,0,0,0,1,2,35,1,1,2,1,20,3,11,15,1,1,1,76,0,0
20,200295,2,3,1,27,11,14,20,12,6,1,0,20,1,18,2,18002,4,2004,1G4HR54K24U1,1,G,4,H,R,5,4,K,2,4,U,1,0,0,0,000000000,00000000000,0,0,0,1,0,0,0,0,0,0,0,998,0,0,0,3,6,2,12,0,0,0,1,20,66966,6,1,0,0,3,0,64,180,0,0,0,0,0,0,0,0,0,0,0,0,0,0,5,5,35,1,5,2,1,0,0,1,65,1,1,1,77,1,0
20,200295,3,3,4,27,11,14,20,12,6,1,0,20,2,7,482,7482,31,2014,1C6RR7LTXES4,1,C,6,R,R,7,L,T,X,E,S,4,0,0,0,000000000,00000000000,0,0,0,1,0,0,0,0,0,0,0,998,0,0,0,12,6,2,12,0,0,0,1,20,67583,6,1,0,0,3,0,71,260,0,0,0,0,0,0,0,0,0,0,0,0,0,0,5,5,35,1,6,2,1,0,0,1,54,1,1,1,98,0,0
20,200296,1,3,1,27,11,2,30,12,6,1,0,20,2,19,481,19481,31,2007,1GYFK63877R2,1,G,Y,F,K,6,3,8,7,7,R,2,0,0,0,000000000,00000000000,0,0,0,1,0,0,0,0,0,0,0,65,0,0,0,12,6,2,12,0,0,0,1,20,66030,1,1,0,0,2,0,68,150,0,0,0,0,1,10,2014,10,2014,3,38,39,0,0,1,2,35,1,1,2,1,20,3,1,17,1,1,1,86,0,1
20,200296,2,3,1,27,11,2,30,12,6,1,0,20,1,63,34,63034,4,2009,KNAGE228X953,K,N,A,G,E,2,2,8,X,9,5,3,0,0,0,000000000,00000000000,0,0,0,1,0,0,0,0,0,0,0,999,0,0,0,3,6,2,12,0,0,0,1,20,66061,6,1,0,0,3,0,72,210,0,0,0,0,0,0,0,0,0,0,0,0,0,0,1,2,45,1,1,2,1,0,0,1,66,1,1,1,87,1,0
20,200296,3,3,1,27,11,2,30,12,6,1,1,20,1,20,481,20481,31,2003,1GCDT13X33K1,1,G,C,D,T,1,3,X,3,3,K,1,0,0,0,000000000,00000000000,0,0,0,1,0,0,0,0,0,0,0,998,0,0,0,11,2,3,12,0,0,0,1,20,66061,6,1,0,0,3,0,72,275,0,0,0,0,0,0,0,0,0,0,0,0,0,0,1,2,45,1,1,2,1,0,0,1,54,98,1,1,98,0,0