STATE,ST_CASE,VEH_NO,VE_FORMS,NUMOCCS,DAY,MONTH,HOUR,MINUTE,HARM_EV,MAN_COLL,UNITTYPE,HIT_RUN,REG_STAT,OWNER,MAKE,MODEL,MAK_MOD,BODY_TYP,MOD_YEAR,VIN,VIN_1,VIN_2,VIN_3,VIN_4,VIN_5,VIN_6,VIN_7,VIN_8,VIN_9,VIN_10,VIN_11,VIN_12,TOW_VEH,J_KNIFE,MCARR_I1,MCARR_I2,MCARR_ID,GVWR,V_CONFIG,CARGO_BT,HAZ_INV,HAZ_PLAC,HAZ_ID,HAZ_CNO,HAZ_REL,BUS_USE,SPEC_USE,EMER_USE,TRAV_SP,UNDERIDE,ROLLOVER,ROLINLOC,IMPACT1,DEFORMED,TOWED,M_HARM,VEH_SC1,VEH_SC2,FIRE_EXP,DR_PRES,L_STATE,DR_ZIP,L_STATUS,L_TYPE,CDL_STAT,L_ENDORS,L_COMPL,L_RESTRI,DR_HGT,DR_WGT,PREV_ACC,PREV_SUS,PREV_DWI,PREV_SPD,PREV_OTH,FIRST_MO,FIRST_YR,LAST_MO,LAST_YR,SPEEDREL,DR_SF1,DR_SF2,DR_SF3,DR_SF4,VTRAFWAY,VNUM_LAN,VSPD_LIM,VALIGN,VPROFILE,VPAVETYP,VSURCOND,VTRAFCON,VTCONT_F,P_CRASH1,P_CRASH2,P_CRASH3,PCRASH4,PCRASH5,ACC_TYPE,DEATHS,DR_DRINK
20,200297,1,1,2,25,10,16,10,35,0,1,0,40,2,22,18,22018,4,1999,1G2WJ52K1XF2,1,G,2,W,J,5,2,K,1,X,F,2,0,0,0,000000000,00000000000,0,0,0,1,0,0,0,0,0,0,0,998,0,1,5,12,6,2,1,0,0,0,1,20,67335,6,1,0,0,3,0,70,170,0,0,0,0,1,6,2013,6,2013,4,0,0,0,0,1,2,30,1,9,2,1,0,0,1,6,1,1,4,14,1,1
20,200298,1,1,5,3,11,8,4,34,0,1,0,20,2,22,16,22016,2,2002,1G2JB5247274,1,G,2,J,B,5,2,4,7,2,7,4,0,0,0,000000000,00000000000,0,0,0,1,0,0,0,0,0,0,0,998,0,1,5,11,6,2,1,0,0,0,1,8,66762,2,1,0,0,2,0,999,999,0,1,0,0,0,8,2014,8,2014,4,6,36,37,0,1,2,55,1,1,4,1,0,0,1,6,1,3,4,7,1,0
20,200299,1,1,1,14,11,6,25,1,0,1,0,20,1,22,2,22002,4,1999,1G2HZ52K7XH2,1,G,2,H,Z,5,2,K,7,X,H,2,0,0,0,000000000,00000000000,0,0,0,1,0,0,0,0,0,0,0,998,0,1,5,0,6,2,1,0,0,0,1,18,47906,6,1,0,0,3,0,71,145,0,0,0,0,0,0,0,0,0,0,0,0,0,0,1,2,65,1,1,2,1,0,0,1,13,1,4,4,2,1,0
20,200300,1,1,1,21,9,17,35,9,0,1,0,20,1,37,441,37441,20,1998,JHMRA3877WC0,J,H,M,R,A,3,8,7,7,W,C,0,0,0,0,000000000,00000000000,0,0,0,1,0,0,0,0,0,0,0,29,0,0,0,12,2,5,9,0,0,0,1,20,67846,6,1,0,0,3,0,69,175,0,0,0,0,0,0,0,0,0,0,0,0,0,0,1,2,30,1,1,2,1,0,0,1,83,3,1,1,13,0,1
20,200301,1,1,4,4,10,17,55,1,0,1,0,20,2,20,481,20481,31,2004,2GCEK13T7414,2,G,C,E,K,1,3,T,7,4,1,4,0,0,0,000000000,00000000000,0,0,0,1,0,0,0,0,0,0,0,998,0,1,5,0,6,2,1,0,0,0,1,20,67951,6,1,0,0,3,2,64,130,0,0,0,0,0,0,0,0,0,4,58,74,0,0,1,2,55,1,1,5,1,0,0,1,6,1,3,4,7,1,0
20,200302,1,2,1,11,10,9,57,12,2,1,0,20,1,58,39,58039,6,2010,JN8AS1MW0AM8,J,N,8,A,S,1,M,W,0,A,M,8,0,0,0,000000000,00000000000,0,0,0,1,0,0,0,0,0,0,0,56,0,0,0,12,6,2,12,0,0,0,1,20,66220,6,1,0,0,3,0,72,200,0,0,0,3,0,6,2012,2,2014,3,0,0,0,0,3,2,45,1,1,2,1,0,0,1,54,1,1,1,52,0,0
20,200302,2,2,1,11,10,9,57,12,2,1,0,0,0,98,998,98998,97,2013,WS5223KAWE53,W,S,5,2,2,3,K,A,W,E,5,3,0,0,0,000000000,00000000000,0,0,0,1,0,0,0,0,0,0,0,998,0,0,0,12,6,2,12,0,0,0,1,20,66061,6,1,0,0,3,1,70,125,1,0,0,1,2,10,2012,4,2014,0,51,0,0,0,3,2,45,1,1,2,1,0,0,1,54,1,1,1,52,1,0
20,200303,1,2,1,14,10,23,30,12,2,1,0,20,1,53,705,53705,80,2003,JS1NP41A9321,J,S,1,N,P,4,1,A,9,3,2,1,0,0,0,000000000,00000000000,0,0,0,1,0,0,0,0,0,0,0,998,0,0,0,12,6,2,12,0,0,0,1,20,66215,6,1,0,0,3,0,72,170,0,0,1,0,0,8,2013,8,2013,3,51,0,0,0,1,2,30,2,1,2,1,0,0,14,10,1,1,2,50,1,1
20,200303,2,2,1,14,10,23,30,12,2,1,0,20,1,49,40,49040,4,2008,4T4BE46K78R0,4,T,4,B,E,4,6,K,7,8,R,0,0,0,0,000000000,00000000000,0,0,0,1,0,0,0,0,0,0,0,998,0,0,0,12,6,2,12,0,0,0,1,20,66215,6,1,0,0,3,0,69,175,0,0,0,0,0,0,0,0,0,0,0,0,0,0,1,2,30,3,1,2,1,0,0,14,62,1,1,1,51,0,0
20,200304,1,2,2,14,10,13,55,12,1,1,0,20,1,20,421,20421,15,1995,1GNEC13K5SJ3,1,G,N,E,C,1,3,K,5,S,J,3,0,0,0,000000000,00000000000,0,0,0,1,0,0,0,0,0,0,0,998,0,1,5,6,6,2,1,0,0,0,1,20,67951,6,1,6,0,3,0,66,190,0,0,0,0,0,0,0,0,0,0,0,0,0,0,1,2,65,1,1,2,1,0,0,98,18,1,1,1,27,1,0
20,200304,2,2,1,14,10,13,55,12,1,1,0,20,2,52,47,52047,6,2009,JA4MT41X19Z0,J,A,4,M,T,4,1,X,1,9,Z,0,0,0,0,000000000,00000000000,0,0,0,1,0,0,0,0,0,0,0,998,0,1,5,12,6,2,12,0,0,0,1,13,31905,6,1,0,0,3,0,72,200,98,2,0,2,0,10,2011,1,2013,0,26,0,0,0,1,2,65,1,1,2,1,0,0,1,52,6,1,1,24,0,0
20,200305,1,1,1,15,9,1,56,33,0,1,0,20,1,72,706,72706,80,2001,1HD1BXB101Y0,1,H,D,1,B,X,B,1,0,1,Y,0,0,0,0,000000000,00000000000,0,0,0,1,0,0,0,0,0,0,0,998,0,0,0,12,6,2,33,0,0,0,1,20,66102,6,1,0,0,3,0,70,175,0,0,0,0,0,0,0,0,0,3,39,6,36,0,2,4,30,2,5,2,1,0,0,14,6,1,1,4,9,1,0
20,200306,1,1,1,6,11,6,45,21,0,1,0,20,1,7,402,7402,14,2000,1B4HS28N5YF1,1,B,4,H,S,2,8,N,5,Y,F,1,0,0,0,000000000,00000000000,0,0,0,1,0,0,0,0,0,0,0,998,0,0,0,12,6,2,21,0,0,0,1,20,66048,6,1,0,0,3,0,76,200,0,0,0,0,1,10,2013,10,2013,9,0,0,0,0,3,2,70,1,1,2,1,0,0,1,13,1,1,4,1,1,0
20,200307,1,2,1,8,11,13,55,12,1,1,0,20,1,49,472,49472,30,1997,4TAWN74N1VZ2,4,T,A,W,N,7,4,N,1,V,Z,2,0,0,0,000000000,00000000000,0,0,0,1,0,0,0,0,0,0,0,998,0,0,0,6,6,2,12,0,0,0,1,20,67637,6,1,0,0,3,0,72,290,1,0,0,0,1,6,2013,7,2013,0,0,0,0,0,2,2,75,2,1,2,1,0,0,14,53,1,1,1,25,1,0
20,200307,2,2,1,8,11,13,55,12,1,1,0,41,2,84,884,84884,66,2007,2HSCNAPR57C3,2,H,S,C,N,A,P,R,5,7,C,3,1,1,57,2487420,572487420,3,6,1,1,0,0,0,0,0,0,0,998,0,0,0,12,2,5,12,0,0,0,1,41,97236,6,1,6,1,3,1,65,180,0,3,0,1,0,9,2012,9,2014,0,26,0,0,0,2,2,75,2,1,2,1,0,0,14,51,1,1,1,24,0,0
20,200308,1,2,1,18,11,17,54,12,7,1,0,20,1,84,998,84998,92,1999,JJC0266722,J,J,C,0,2,6,6,7,2,2,,,0,0,0,000000000,00000000000,0,0,0,1,0,0,0,0,0,0,0,998,0,1,5,7,6,2,12,0,0,0,1,20,67420,6,1,6,0,3,1,81,999,0,0,0,0,0,0,0,0,0,0,99,99,99,99,1,2,65,1,1,2,1,0,0,1,53,1,1,1,45,0,0
20,200308,2,2,1,18,11,17,54,12,7,1,0,20,1,20,471,20471,30,1997,1GCCS19X2V81,1,G,C,C,S,1,9,X,2,V,8,1,0,0,0,000000000,00000000000,0,0,0,1,0,0,0,0,0,0,0,998,0,1,1,1,6,2,1,0,0,0,1,20,67437,6,1,0,0,3,1,68,165,0,0,0,0,0,0,0,0,0,9,99,99,99,99,1,2,65,1,1,2,1,0,0,6,51,1,1,1,46,1,0
20,200310,1,2,1,22,11,16,33,12,7,1,0,20,1,37,31,37031,4,2007,1HGFA16897L0,1,H,G,F,A,1,6,8,9,7,L,0,0,0,0,000000000,00000000000,0,0,0,1,0,0,0,0,0,0,0,998,0,0,0,1,6,2,12,0,0,0,1,20,66054,6,1,0,0,3,0,70,135,0,0,0,0,0,0,0,0,0,0,6,36,33,0,1,2,55,1,3,2,2,0,0,6,61,7,4,2,48,1,0
20,200310,2,2,6,22,11,16,33,12,7,1,0,20,1,20,431,20431,16,1995,1GNGK26F7SJ3,1,G,N,G,K,2,6,F,7,S,J,3,0,0,0,000000000,00000000000,0,0,0,1,0,0,0,0,0,0,0,55,0,0,0,1,6,2,12,0,0,0,1,20,66066,6,1,0,0,3,0,70,200,0,0,0,0,0,0,0,0,0,0,0,0,0,0,1,2,55,1,3,2,2,0,0,1,53,1,1,1,48,0,0
20,200311,1,1,1,22,11,19,32,34,0,1,0,20,1,49,40,49040,4,1996,4T1BG12KXTU7,4,T,1,B,G,1,2,K,X,T,U,7,0,0,0,000000000,00000000000,0,0,0,1,0,0,0,0,0,0,0,998,0,1,5,12,6,2,2,0,0,1,1,20,66073,6,1,0,0,3,0,72,200,0,0,0,0,0,0,0,0,0,0,99,99,99,99,1,2,55,3,1,2,1,0,0,14,12,1,1,4,6,1,1
20,200312,1,1,1,26,11,14,31,1,0,1,0,20,2,35,443,35443,20,1999,4N2XN11T9XD8,4,N,2,X,N,1,1,T,9,X,D,8,0,0,0,000000000,00000000000,0,0,0,1,0,0,0,0,0,0,0,998,0,1,5,0,6,2,1,0,0,0,1,20,67357,1,1,0,0,2,0,70,999,0,0,1,0,0,11,2013,11,2013,5,58,0,0,0,1,2,65,3,1,2,1,0,0,14,12,1,1,4,6,1,1
20,200313,1,2,1,29,11,12,50,12,6,1,0,20,1,20,431,20431,16,2003,1GNFK16Z63J2,1,G,N,F,K,1,6,Z,6,3,J,2,0,0,0,000000000,00000000000,0,0,0,1,0,0,0,0,0,0,0,998,0,0,0,1,6,2,12,0,0,0,1,20,66736,6,1,0,0,3,1,67,148,0,0,0,0,0,0,0,0,0,0,38,0,0,0,1,2,65,2,5,2,1,0,0,11,15,1,1,1,68,0,0
20,200313,2,2,1,29,11,12,50,12,6,1,0,20,1,72,706,72706,80,2014,1HD1BFV13EB0,1,H,D,1,B,F,V,1,3,E,B,0,0,0,0,000000000,00000000000,0,0,0,1,0,0,0,0,0,0,0,38,0,0,0,12,6,2,12,0,0,0,1,20,66720,6,1,0,0,3,0,66,170,0,0,0,0,0,0,0,0,0,0,0,0,0,0,1,2,65,3,6,2,1,0,0,14,67,7,1,1,69,1,0
20,200314,1,2,2,14,11,2,50,12,7,1,0,20,2,55,37,55037,2,2006,KMHHN65F86U2,K,M,H,H,N,6,5,F,8,6,U,2,0,0,0,000000000,00000000000,0,0,0,1,0,0,0,0,0,0,0,70,0,0,0,81,6,2,2,0,0,1,1,20,67209,6,1,0,0,3,1,69,215,0,0,0,1,0,2,2012,2,2012,3,6,36,0,0,2,4,40,1,1,2,1,0,0,1,6,1,1,1,48,1,0
20,200314,2,2,1,14,11,2,50,12,7,1,1,20,2,20,2,20002,4,2014,6G3F15RW7EL9,6,G,3,F,1,5,R,W,7,E,L,9,0,0,0,000000000,00000000000,0,0,0,1,0,0,0,0,0,0,0,70,0,0,0,61,4,5,12,0,0,0,1,20,67204,1,1,0,0,2,1,70,145,0,1,0,0,3,6,2012,1,2013,3,6,36,8,0,2,4,40,1,1,2,1,0,0,1,6,1,1,1,48,0,0
20,200315,1,1,1,2,12,15,33,72,0,1,0,46,3,82,883,82883,66,2000,1FUYDSZB8YPH,1,F,U,Y,D,S,Z,B,8,Y,P,H,1,1,57,1871881,571871881,3,6,2,1,0,0,0,0,0,0,0,998,0,1,2,0,6,2,1,0,0,0,1,19,51501,6,1,6,1,3,1,71,212,0,1,0,0,0,2,2012,2,2012,9,36,6,0,0,1,2,65,3,1,2,1,0,0,14,13,1,1,4,0,1,0
20,200316,1,1,1,3,12,0,3,42,0,1,0,20,1,49,401,49401,14,1996,JT3HN86R8T00,J,T,3,H,N,8,6,R,8,T,0,0,0,0,0,000000000,00000000000,0,0,0,1,0,0,0,0,0,0,0,998,0,1,5,12,6,2,1,0,0,0,1,20,66112,6,1,0,0,3,3,70,205,1,0,1,0,1,1,2013,8,2014,3,58,6,36,0,1,2,45,1,1,2,1,0,0,1,13,1,1,4,1,1,0
20,200317,1,2,1,4,12,20,0,12,2,1,0,29,1,20,481,20481,31,1998,1GCEK19R2WR1,1,G,C,E,K,1,9,R,2,W,R,1,0,0,0,000000000,00000000000,0,0,0,1,0,0,0,0,0,0,0,998,0,0,0,12,6,2,12,0,0,0,1,29,65740,6,1,0,0,3,0,68,140,0,0,0,0,0,0,0,0,0,0,0,0,0,0,1,2,45,1,1,1,2,0,0,1,62,1,1,1,51,0,0
20,200317,2,2,1,4,12,20,0,12,2,1,0,20,2,21,21,21021,4,2004,1G3NL52EX4C1,1,G,3,N,L,5,2,E,X,4,C,1,0,0,0,000000000,00000000000,0,0,0,1,0,0,0,0,0,0,0,998,0,0,0,12,6,2,12,0,0,0,1,20,66713,6,1,0,0,3,0,68,140,0,0,0,0,1,8,2012,8,2012,0,28,51,0,0,1,2,45,1,1,1,2,0,0,1,10,1,1,1,50,1,1
20,200318,1,1,1,5,12,3,56,21,0,1,0,20,1,52,37,52037,3,2003,4A3AC44G63E0,4,A,3,A,C,4,4,G,6,3,E,0,0,0,0,000000000,00000000000,0,0,0,1,0,0,0,0,0,0,0,998,0,0,0,9,6,2,21,0,0,0,1,20,66012,6,1,0,0,3,0,66,250,0,0,1,0,0,7,2014,7,2014,4,87,58,0,0,6,2,65,3,1,2,2,0,0,14,6,1,3,4,2,1,0
20,200319,1,1,5,6,12,6,27,1,0,1,0,20,2,20,444,20444,20,2008,1GNDV23W68D1,1,G,N,D,V,2,3,W,6,8,D,1,0,0,0,000000000,00000000000,0,0,0,1,0,0,0,0,0,0,0,998,0,1,5,0,6,2,1,0,0,0,1,99,67901,9,9,99,0,9,9,999,999,99,99,99,99,99,99,9999,99,9999,9,58,0,0,0,1,2,65,1,1,2,1,0,0,1,12,1,9,4,6,2,0
20,200320,1,1,2,6,12,23,4,8,0,1,0,20,1,49,442,49442,20,2004,5TDZA23C14S1,5,T,D,Z,A,2,3,C,1,4,S,1,0,0,0,000000000,00000000000,0,0,0,1,0,0,0,0,0,0,0,998,0,0,0,12,4,5,8,0,0,0,1,20,67214,6,1,0,0,3,0,66,221,0,0,0,0,0,0,0,0,0,5,39,38,0,0,2,4,40,1,1,2,2,2,3,1,80,1,1,1,13,0,0
20,200321,1,1,1,7,12,3,0,1,0,1,0,20,1,12,481,12481,31,2001,1FTRW08L51KF,1,F,T,R,W,0,8,L,5,1,K,F,0,0,0,000000000,00000000000,0,0,0,1,0,0,0,0,0,0,0,998,0,1,5,0,6,2,1,0,0,0,1,20,67445,6,1,0,0,3,0,69,130,0,0,0,0,1,4,2014,4,2014,0,58,0,0,0,1,2,55,1,1,2,2,0,0,1,13,1,4,4,7,1,1
20,200322,1,1,1,7,12,3,48,33,0,1,0,20,2,52,401,52401,14,2000,JA4MT31H6YP8,J,A,4,M,T,3,1,H,6,Y,P,8,0,0,0,000000000,00000000000,0,0,0,1,0,0,0,0,0,0,0,998,0,0,0,14,6,2,42,0,0,0,1,20,67211,3,1,0,0,2,1,75,240,0,0,0,0,0,0,0,0,0,0,99,99,99,99,2,2,40,2,1,2,2,0,0,14,12,1,1,4,6,1,0
20,200323,1,2,1,10,12,6,56,12,6,1,0,20,1,20,37,20037,4,2011,1G1ZD5E18BF2,1,G,1,Z,D,5,E,1,8,B,F,2,0,0,0,000000000,00000000000,0,0,0,1,0,0,0,0,0,0,0,998,0,1,1,12,6,2,12,0,0,0,1,20,67869,6,1,0,0,3,1,63,180,0,0,0,0,0,0,0,0,0,0,38,39,87,0,1,2,55,1,1,2,2,20,3,1,17,1,1,1,88,0,0
20,200323,2,2,1,10,12,6,56,12,6,1,0,20,1,13,14,13014,6,2011,1LNHL9FT5BG6,1,L,N,H,L,9,F,T,5,B,G,6,0,0,0,000000000,00000000000,0,0,0,1,0,0,0,0,0,0,0,998,0,1,1,9,6,2,12,0,0,0,1,20,67870,6,1,0,0,3,1,71,185,0,0,0,0,0,0,0,0,0,0,0,0,0,0,1,2,65,1,1,2,2,0,0,1,66,1,1,1,89,1,0
20,200324,1,2,2,16,12,17,25,12,6,1,0,20,1,20,471,20471,30,1993,1GCCS14Z0P01,1,G,C,C,S,1,4,Z,0,P,0,1,0,0,0,000000000,00000000000,0,0,0,1,0,0,0,0,0,0,0,998,0,0,0,9,6,2,12,0,0,0,1,20,66537,6,1,0,0,3,1,70,180,1,0,0,0,0,6,2013,6,2013,0,38,0,0,0,1,2,45,1,1,2,1,20,3,1,17,1,1,1,89,2,0
20,200324,2,2,2,16,12,17,25,12,6,1,0,20,1,12,481,12481,31,2011,1FT8W3BT4BEC,1,F,T,8,W,3,B,T,4,B,E,C,0,0,0,000000000,00000000000,0,0,0,1,0,0,0,0,0,0,0,998,0,0,0,12,6,2,12,0,0,0,1,20,66783,6,1,6,0,3,1,68,215,0,0,0,0,0,0,0,0,0,0,0,0,0,0,2,2,70,1,3,2,1,0,0,1,62,1,1,1,88,0,0
20,200325,1,1,4,17,12,8,9,24,0,1,0,20,1,7,422,7422,15,2005,1D8HB58D85F6,1,D,8,H,B,5,8,D,8,5,F,6,0,0,0,000000000,00000000000,0,0,0,1,0,0,0,0,0,0,0,998,0,1,5,12,6,2,1,0,0,0,1,20,67143,6,1,6,0,3,0,69,240,0,0,0,0,0,0,0,0,0,0,0,0,0,0,1,2,65,1,1,2,1,0,0,1,12,1,1,4,6,1,0
20,200326,1,2,2,19,12,17,35,12,6,1,0,20,1,2,404,2404,14,2004,1J4GW58N24C2,1,J,4,G,W,5,8,N,2,4,C,2,0,0,0,000000000,00000000000,0,0,0,1,0,0,0,0,0,0,0,998,0,0,0,9,6,2,12,0,0,0,1,20,67661,6,1,0,0,3,1,65,125,0,0,0,0,1,11,2013,11,2013,0,38,0,0,0,1,2,30,1,1,2,1,20,3,1,17,1,1,1,89,1,0
20,200326,2,2,1,19,12,17,35,12,6,1,0,20,1,22,18,22018,4,1995,1G2WJ52M5SF2,1,G,2,W,J,5,2,M,5,S,F,2,0,0,0,000000000,00000000000,0,0,0,1,0,0,0,0,0,0,0,998,0,0,0,12,6,2,12,0,0,0,1,20,67661,6,1,0,0,3,1,70,150,0,0,0,0,0,0,0,0,0,0,0,0,0,0,1,2,65,3,1,2,1,0,0,14,66,1,1,1,88,0,0
20,200327,1,1,1,20,12,20,30,38,0,1,0,20,2,7,402,7402,14,2002,1B4HS48N52F1,1,B,4,H,S,4,8,N,5,2,F,1,0,0,0,000000000,00000000000,0,0,0,1,0,0,0,0,0,0,0,998,0,1,6,1,6,2,1,0,0,0,1,20,67449,6,1,0,0,3,0,69,145,0,0,0,0,0,0,0,0,0,0,99,99,99,99,1,2,55,1,1,2,1,0,0,1,13,1,1,4,1,1,1
20,200328,1,1,1,20,12,1,20,1,0,1,0,20,1,13,1,13001,4,2004,1LNHM83W04Y6,1,L,N,H,M,8,3,W,0,4,Y,6,0,0,0,000000000,00000000000,0,0,0,1,0,0,0,0,0,0,0,998,0,1,3,0,6,2,59,0,0,0,1,20,66615,6,1,0,0,3,1,66,180,0,0,0,0,0,0,0,0,0,0,99,99,99,99,2,2,65,2,1,1,1,0,0,14,12,1,1,4,6,1,0
20,200329,1,2,2,21,12,17,55,12,6,1,0,20,1,20,36,20036,2,2004,2G1WZ1212493,2,G,1,W,Z,1,2,1,2,4,9,3,0,0,0,000000000,00000000000,0,0,0,1,0,0,0,0,0,0,0,998,0,0,0,9,6,2,12,0,0,0,1,20,66434,6,1,0,0,3,1,77,220,1,0,0,0,1,6,2012,8,2013,0,38,0,0,0,1,2,35,1,1,2,2,0,0,1,17,1,1,1,89,1,0
20,200329,2,2,3,21,12,17,55,12,6,1,0,29,1,22,18,22018,4,2003,1G2WK52J23F1,1,G,2,W,K,5,2,J,2,3,F,1,0,0,0,000000000,00000000000,0,0,0,1,0,0,0,0,0,0,0,45,0,0,0,12,6,2,12,0,0,0,1,20,66434,6,1,0,0,3,1,77,220,1,0,0,0,1,6,2012,8,2013,0,0,0,0,0,1,2,45,3,1,2,2,0,0,14,62,1,1,1,88,0,0
20,200330,1,2,1,26,12,21,29,12,6,1,0,48,3,82,883,82883,66,2012,1FUJGNDR6CDB,1,F,U,J,G,N,D,R,6,C,D,B,1,3,57,879345,57879345,3,6,2,1,0,0,0,0,0,0,0,998,0,0,0,12,6,2,12,0,0,0,1,20,67665,6,1,6,1,3,9,72,220,0,0,0,0,0,0,0,0,0,0,87,0,0,0,1,2,65,1,1,2,3,0,0,1,62,1,1,1,66,0,0
20,200330,2,2,2,26,12,21,29,12,6,1,0,20,1,12,16,12016,4,1997,2FALP74W3VX1,2,F,A,L,P,7,4,W,3,V,X,1,0,0,0,000000000,00000000000,0,0,0,1,0,0,0,0,0,0,0,998,0,0,0,83,6,2,12,0,0,0,1,20,67673,6,1,0,0,3,0,68,125,0,0,0,1,0,10,2013,10,2013,4,87,0,0,0,1,2,65,1,1,2,3,0,0,1,6,1,4,2,66,1,0
20,200331,1,1,1,26,12,19,28,8,0,1,0,20,2,12,401,12401,14,1996,1FMDU34X3TUA,1,F,M,D,U,3,4,X,3,T,U,A,0,0,0,000000000,00000000000,0,0,0,1,0,0,0,0,0,0,0,998,0,0,0,12,4,5,8,0,0,0,1,20,66512,6,1,0,0,3,1,68,200,0,0,0,0,0,0,0,0,0,0,0,0,0,0,1,2,55,1,5,2,1,0,0,1,80,1,1,1,13,0,0
20,200332,1,1,2,28,12,15,14,38,0,1,0,40,1,22,32,22032,6,2005,5Y2SL63895Z4,5,Y,2,S,L,6,3,8,9,5,Z,4,0,0,0,000000000,00000000000,0,0,0,1,0,0,0,0,0,0,0,998,0,1,6,11,6,2,1,0,0,0,1,40,74641,6,1,0,0,3,0,999,999,99,99,99,99,99,99,9999,99,9999,0,0,0,0,0,1,2,65,1,1,2,1,0,0,1,12,1,1,4,6,1,0
20,200333,1,2,6,30,12,15,54,12,8,1,0,20,1,23,422,23422,15,2006,3GKEC16Z66G1,3,G,K,E,C,1,6,Z,6,6,G,1,0,0,0,000000000,00000000000,0,0,0,1,0,0,0,0,0,0,0,998,0,0,0,11,6,2,12,0,0,0,1,6,67901,6,1,0,0,3,1,62,220,0,0,0,0,1,10,2013,10,2013,0,28,0,0,0,1,2,65,3,1,2,1,0,0,14,54,6,1,1,66,0,0
20,200333,2,2,1,30,12,15,54,12,8,1,0,20,1,48,36,48036,7,1993,JF1KA7220PB7,J,F,1,K,A,7,2,2,0,P,B,7,0,0,0,000000000,00000000000,0,0,0,1,0,0,0,0,0,0,0,998,0,0,0,1,6,2,12,0,0,0,1,20,67901,6,1,6,0,3,1,70,235,0,0,0,0,0,0,0,0,0,0,0,0,0,0,1,2,65,2,1,1,1,0,0,14,62,9,1,1,66,1,0
20,200334,1,1,2,20,11,14,9,34,0,1,0,20,2,37,32,37032,4,2001,1HGCG16551A0,1,H,G,C,G,1,6,5,5,1,A,0,0,0,0,000000000,00000000000,0,0,0,1,0,0,0,0,0,0,0,998,0,1,5,3,6,2,1,0,0,0,1,20,67846,1,1,0,0,2,0,71,160,0,0,0,0,0,0,0,0,0,9,58,0,0,0,1,2,55,1,1,2,1,0,0,1,13,1,4,4,7,1,1
20,200335,1,2,1,5,12,8,56,12,7,1,0,29,1,2,403,2403,14,1995,1J4FY19P3SP2,1,J,4,F,Y,1,9,P,3,S,P,2,0,0,0,000000000,00000000000,0,0,0,1,0,0,0,0,0,0,0,998,0,0,0,3,4,5,24,0,0,0,1,20,67439,6,1,0,0,3,1,64,200,0,0,0,0,0,0,0,0,0,0,87,0,0,0,3,4,60,3,6,2,2,0,0,14,6,7,3,2,46,1,0
20,200335,2,2,1,5,12,8,56,12,7,1,0,20,1,42,48,42048,4,2008,WDBUF56X48B1,W,D,B,U,F,5,6,X,4,8,B,1,0,0,0,000000000,00000000000,0,0,0,1,0,0,0,0,0,0,0,998,0,0,0,11,4,3,12,0,0,0,1,20,66223,6,1,0,0,3,0,67,160,0,0,0,0,0,0,0,0,0,0,0,0,0,0,3,4,60,3,6,2,2,0,0,14,60,1,1,1,45,0,0
20,200336,1,1,2,7,12,4,38,42,0,1,0,20,1,20,9,20009,2,1998,2G1FP22G8W21,2,G,1,F,P,2,2,G,8,W,2,1,0,0,0,000000000,00000000000,0,0,0,1,0,0,0,0,0,0,0,998,0,0,0,81,6,2,42,0,0,0,1,20,66531,6,1,0,0,3,0,69,150,1,0,0,0,2,1,2013,10,2013,3,39,0,0,0,1,2,55,3,1,2,2,0,0,14,6,1,5,4,2,1,0
20,200337,1,2,2,12,12,16,50,12,6,1,0,20,1,20,473,20473,30,2012,1GCHTDFEXC81,1,G,C,H,T,D,F,E,X,C,8,1,0,0,0,000000000,00000000000,0,0,0,1,0,0,0,0,0,0,0,998,0,0,0,9,6,2,12,0,0,0,1,20,67570,6,1,0,0,3,1,67,170,0,0,0,0,0,0,0,0,0,0,38,0,0,0,1,2,65,1,1,1,2,0,0,1,66,1,1,1,89,1,0
20,200337,2,2,1,12,12,16,50,12,6,1,0,20,1,12,23,12023,4,2011,3FAHP0HA3BR1,3,F,A,H,P,0,H,A,3,B,R,1,0,0,0,000000000,00000000000,0,0,0,1,0,0,0,0,0,0,0,998,0,0,0,12,6,2,12,0,0,0,1,20,67207,6,1,0,0,3,0,69,125,0,0,0,0,0,0,0,0,0,0,0,0,0,0,1,2,65,1,1,1,2,20,3,1,17,1,1,1,88,0,0
20,200338,1,1,1,20,12,22,24,1,0,1,0,20,2,20,481,20481,31,1993,1GCGC34K8PE1,1,G,C,G,C,3,4,K,8,P,E,1,0,0,0,000000000,00000000000,0,0,0,1,0,0,0,0,0,0,0,998,0,1,5,0,6,2,1,0,0,0,1,20,67851,1,1,0,0,2,0,70,195,0,0,0,0,0,0,0,0,0,0,28,58,0,0,1,2,65,1,1,2,1,0,0,1,12,7,3,4,2,1,1
20,200339,1,1,1,21,12,2,24,14,0,1,1,20,1,48,34,48034,4,2008,4S3BL6769842,4,S,3,B,L,6,7,6,9,8,4,2,0,0,0,000000000,00000000000,0,0,0,1,0,0,0,0,0,0,0,998,0,0,0,1,6,2,42,0,0,1,1,20,66206,1,1,0,0,2,0,77,170,0,0,0,0,0,0,0,0,0,3,6,36,37,0,1,2,25,1,1,2,1,0,0,1,6,99,3,4,11,1,1