STATE,ST_CASE,VEH_NO,VE_FORMS,NUMOCCS,DAY,MONTH,HOUR,MINUTE,HARM_EV,MAN_COLL,UNITTYPE,HIT_RUN,REG_STAT,OWNER,MAKE,MODEL,MAK_MOD,BODY_TYP,MOD_YEAR,VIN,VIN_1,VIN_2,VIN_3,VIN_4,VIN_5,VIN_6,VIN_7,VIN_8,VIN_9,VIN_10,VIN_11,VIN_12,TOW_VEH,J_KNIFE,MCARR_I1,MCARR_I2,MCARR_ID,GVWR,V_CONFIG,CARGO_BT,HAZ_INV,HAZ_PLAC,HAZ_ID,HAZ_CNO,HAZ_REL,BUS_USE,SPEC_USE,EMER_USE,TRAV_SP,UNDERIDE,ROLLOVER,ROLINLOC,IMPACT1,DEFORMED,TOWED,M_HARM,VEH_SC1,VEH_SC2,FIRE_EXP,DR_PRES,L_STATE,DR_ZIP,L_STATUS,L_TYPE,CDL_STAT,L_ENDORS,L_COMPL,L_RESTRI,DR_HGT,DR_WGT,PREV_ACC,PREV_SUS,PREV_DWI,PREV_SPD,PREV_OTH,FIRST_MO,FIRST_YR,LAST_MO,LAST_YR,SPEEDREL,DR_SF1,DR_SF2,DR_SF3,DR_SF4,VTRAFWAY,VNUM_LAN,VSPD_LIM,VALIGN,VPROFILE,VPAVETYP,VSURCOND,VTRAFCON,VTCONT_F,P_CRASH1,P_CRASH2,P_CRASH3,PCRASH4,PCRASH5,ACC_TYPE,DEATHS,DR_DRINK
20,200340,1,2,1,23,12,16,0,12,2,1,0,20,1,41,402,41402,14,2005,4F2YZ04145KM,4,F,2,Y,Z,0,4,1,4,5,K,M,0,0,0,000000000,00000000000,0,0,0,1,0,0,0,0,0,0,0,998,0,0,0,12,6,2,12,0,0,0,1,20,66047,6,1,0,0,3,0,69,180,0,0,0,0,0,0,0,0,0,0,47,28,0,0,1,2,65,2,1,2,2,0,0,14,10,99,1,1,50,1,0
20,200340,2,2,1,23,12,16,0,12,2,1,0,20,2,51,881,51881,66,2005,4V4NC9TG25N3,4,V,4,N,C,9,T,G,2,5,N,3,1,1,57,1453177,571453177,3,6,1,1,0,0,0,0,0,0,0,998,0,0,0,12,6,2,12,0,0,0,1,29,64127,1,1,6,0,2,0,71,191,1,1,0,1,0,3,2014,6,2014,0,0,0,0,0,1,2,65,3,1,2,2,0,0,14,62,9,1,1,51,0,0
20,200341,1,1,1,14,12,0,35,8,0,1,0,20,2,12,481,12481,31,1997,1FTDX17W9VKB,1,F,T,D,X,1,7,W,9,V,K,B,0,0,0,000000000,00000000000,0,0,0,1,0,0,0,0,0,0,0,998,0,0,0,12,4,5,8,0,0,0,1,20,66401,6,1,0,0,3,0,66,130,1,0,0,0,0,11,2014,11,2014,0,0,0,0,0,2,2,55,1,1,2,1,0,0,1,80,99,1,1,13,0,0
20,200342,1,1,1,17,12,7,10,8,0,1,0,20,2,20,2,20002,4,2006,2G1WU5819691,2,G,1,W,U,5,8,1,9,6,9,1,0,0,0,000000000,00000000000,0,0,0,1,0,0,0,0,0,0,0,998,0,0,0,12,4,3,8,0,0,0,1,20,67219,6,1,0,0,3,1,65,180,0,0,0,0,0,0,0,0,0,0,86,0,0,0,1,2,45,1,3,2,1,0,0,1,80,99,1,1,13,0,0
20,200343,1,3,1,18,12,7,9,23,0,1,0,20,2,49,40,49040,4,2007,JTNBE46K3730,J,T,N,B,E,4,6,K,3,7,3,0,0,0,0,000000000,00000000000,0,0,0,1,0,0,0,0,0,0,0,998,0,0,0,12,6,2,12,0,0,0,1,20,67544,6,1,0,0,3,0,70,180,0,0,0,1,0,8,2014,8,2014,4,79,87,0,0,1,2,65,1,1,2,4,0,0,1,6,99,4,4,7,1,0
20,200343,2,3,1,18,12,7,9,23,0,1,0,20,1,23,481,23481,31,2001,1GTHK29UX1Z3,1,G,T,H,K,2,9,U,X,1,Z,3,0,0,0,000000000,00000000000,0,0,0,1,0,0,0,0,0,0,0,998,0,0,0,12,6,2,12,0,0,0,1,20,67860,6,1,6,0,3,0,72,250,0,0,0,0,0,0,0,0,0,0,0,0,0,0,1,2,65,1,1,2,4,0,0,1,62,4,1,1,98,0,0
20,200343,3,3,1,18,12,7,9,23,0,1,0,20,1,49,40,49040,4,2003,JTDBE32K8301,J,T,D,B,E,3,2,K,8,3,0,1,0,0,0,000000000,00000000000,0,0,0,1,0,0,0,0,0,0,0,998,0,0,0,12,6,2,12,0,0,0,1,20,67860,6,1,0,0,3,1,65,116,0,0,0,2,0,1,2013,9,2014,4,87,0,0,0,1,2,65,1,1,2,4,0,0,1,6,4,1,2,98,0,0
20,200344,1,2,1,19,12,0,30,12,1,1,0,20,1,7,442,7442,20,1996,1B4GP45R5TB5,1,B,4,G,P,4,5,R,5,T,B,5,0,0,0,000000000,00000000000,0,0,0,1,0,0,0,0,0,0,0,998,0,0,0,12,6,2,12,0,0,0,1,20,66112,6,1,0,0,3,2,69,160,0,0,1,0,0,9,2012,9,2012,0,26,74,0,0,1,2,40,1,1,2,1,0,0,1,52,99,1,1,28,1,0
20,200344,2,2,1,19,12,0,30,12,1,1,0,16,3,84,883,84883,66,2015,3HSDJAPR0FN6,3,H,S,D,J,A,P,R,0,F,N,6,1,1,57,2277372,572277372,3,6,1,1,0,0,0,0,0,0,0,998,0,0,0,6,4,5,12,0,0,0,1,16,83705,6,1,6,0,3,0,67,158,0,0,0,0,0,0,0,0,0,0,0,0,0,0,1,2,40,1,1,2,1,0,0,2,53,99,1,1,29,0,0
20,200345,1,1,1,4,12,2,29,42,0,1,0,29,2,18,7,18007,4,2002,2G4WS52J5211,2,G,4,W,S,5,2,J,5,2,1,1,0,0,0,000000000,00000000000,0,0,0,1,0,0,0,0,0,0,0,998,0,0,0,12,6,2,42,0,0,0,1,20,66104,1,1,0,0,2,0,65,150,0,1,0,0,0,4,2014,4,2014,3,0,0,0,0,1,2,30,2,1,2,1,0,0,14,6,1,1,4,6,1,0
21,210001,1,1,1,2,1,0,9,8,0,1,0,21,2,20,481,20481,31,1990,1GCDK14K2LE1,1,G,C,D,K,1,4,K,2,L,E,1,0,0,0,000000000,00000000000,0,0,0,1,0,0,0,0,0,0,0,998,0,0,0,12,2,3,8,0,0,0,1,21,42431,6,2,0,0,2,0,74,207,1,0,0,0,0,11,2012,11,2012,0,0,0,0,0,5,3,35,1,2,2,2,0,0,1,80,3,2,1,13,0,0
21,210002,1,5,1,2,1,5,28,8,0,1,0,21,1,12,21,12021,4,2005,1FAFP23115G1,1,F,A,F,P,2,3,1,1,5,G,1,0,0,0,000000000,00000000000,0,0,0,1,0,0,0,0,0,0,0,30,0,0,0,12,6,2,12,0,0,0,1,21,40921,6,1,0,0,3,1,68,130,0,0,0,0,0,0,0,0,0,0,87,0,0,0,1,2,55,2,6,2,4,0,0,14,5,98,9,1,13,0,0
21,210002,2,5,0,2,1,5,28,8,0,1,0,21,6,7,442,7442,20,2004,1D4GP45R84B5,1,D,4,G,P,4,5,R,8,4,B,5,0,0,0,000000000,00000000000,0,0,0,1,0,0,0,0,0,0,0,0,0,0,0,6,2,3,12,0,0,0,0,0,99997,7,6,97,7,6,7,998,997,998,998,998,998,998,98,9998,98,9998,8,0,0,0,0,1,2,55,2,6,2,4,0,0,0,98,0,0,0,98,0,0
21,210002,3,5,2,2,1,5,28,8,0,1,0,21,1,7,482,7482,31,2013,3C6JR7AT4DG5,3,C,6,J,R,7,A,T,4,D,G,5,0,0,0,000000000,00000000000,0,0,0,1,0,0,0,0,0,0,0,30,0,0,0,12,6,2,12,0,0,0,1,21,40921,6,1,0,0,3,0,72,245,0,0,0,0,0,0,0,0,0,0,87,0,0,0,1,2,55,2,6,2,4,0,0,14,5,98,9,1,98,0,0
21,210002,4,5,1,2,1,5,28,8,0,1,0,21,1,12,481,12481,31,2000,1FTRX18L3YNA,1,F,T,R,X,1,8,L,3,Y,N,A,0,0,0,000000000,00000000000,0,0,0,1,0,0,0,0,0,0,0,30,0,0,0,81,2,5,12,0,0,0,1,21,40906,6,1,0,0,3,0,74,185,0,0,0,0,0,0,0,0,0,0,87,0,0,0,1,2,55,2,6,2,4,0,0,14,5,98,9,1,98,0,0
21,210002,5,5,0,2,1,5,28,8,0,1,0,21,6,12,3,12003,2,1998,1FAFP4043WF1,1,F,A,F,P,4,0,4,3,W,F,1,0,0,0,000000000,00000000000,0,0,0,1,0,0,0,0,0,0,0,0,0,0,0,61,2,5,12,0,0,0,0,0,99997,7,6,97,7,6,7,998,997,998,998,998,998,998,98,9998,98,9998,8,0,0,0,0,1,2,55,2,5,2,4,0,0,0,98,0,0,0,98,0,0
21,210003,1,2,1,2,1,7,0,23,0,1,0,54,2,12,481,12481,31,2007,1FTRF14W47NA,1,F,T,R,F,1,4,W,4,7,N,A,0,0,0,000000000,00000000000,0,0,0,1,0,0,0,0,0,0,0,998,0,0,0,81,6,2,12,0,0,0,1,54,25508,6,1,0,0,3,0,64,150,0,0,0,0,0,0,0,0,0,0,87,0,0,0,1,4,55,1,1,1,4,0,0,1,5,1,9,4,2,1,0
21,210003,2,2,3,2,1,7,0,23,0,1,0,21,1,19,421,19421,15,2010,1GYUKHEF5AR2,1,G,Y,U,K,H,E,F,5,A,R,2,0,0,0,000000000,00000000000,0,0,0,1,0,0,0,0,0,0,0,998,0,0,0,12,6,2,12,0,0,0,1,21,41519,6,1,0,0,3,0,77,265,0,0,0,0,0,0,0,0,0,0,87,0,0,0,1,4,55,1,1,1,4,0,0,1,62,9,1,4,98,0,0
21,210004,1,1,1,2,1,14,23,35,0,1,0,21,1,12,471,12471,30,2004,1FTYR10U14PA,1,F,T,Y,R,1,0,U,1,4,P,A,0,0,0,000000000,00000000000,0,0,0,1,0,0,0,0,0,0,0,998,0,1,5,98,6,2,42,0,0,0,1,21,42753,6,1,0,0,3,0,71,120,0,0,0,0,0,0,0,0,0,4,87,0,0,0,1,2,55,3,1,2,4,40,3,14,6,3,9,4,2,1,0
21,210005,1,2,3,6,1,1,50,12,1,1,0,95,1,6,398,6398,4,2003,2C3AH56M83H5,2,C,3,A,H,5,6,M,8,3,H,5,0,0,0,000000000,00000000000,0,0,0,1,0,0,0,0,0,0,0,998,0,0,0,6,6,2,12,0,0,0,1,95,0,9,9,99,9,9,9,999,999,99,99,99,99,99,99,9999,99,9999,0,87,0,0,0,3,3,70,1,1,1,4,0,0,1,5,9,4,2,32,1,0
21,210005,2,2,2,6,1,1,50,12,1,1,0,29,3,84,881,84881,66,2014,3HSDJAPR4EN7,3,H,S,D,J,A,P,R,4,E,N,7,1,1,57,00263421,5700263421,3,6,1,1,0,0,0,0,0,0,0,998,7,0,0,12,4,3,12,0,0,0,1,21,40322,6,1,6,0,3,0,68,165,0,0,0,1,0,2,2013,2,2013,0,87,0,0,0,3,3,70,1,1,1,4,0,0,1,60,9,1,1,32,0,0
21,210006,1,1,1,9,1,6,39,30,0,1,0,21,1,20,443,20443,20,2004,1GNDU03E24D1,1,G,N,D,U,0,3,E,2,4,D,1,0,0,0,000000000,00000000000,0,0,0,1,0,0,0,0,0,0,0,998,0,0,0,6,6,2,30,0,0,0,1,21,40299,6,1,0,0,3,0,64,160,1,0,0,0,0,5,2013,5,2013,4,87,0,0,0,1,2,45,3,1,2,4,40,3,14,6,1,9,4,2,1,0
21,210007,1,2,2,9,1,15,49,12,2,1,0,51,3,52,47,52047,6,2004,JA4LX41F74U0,J,A,4,L,X,4,1,F,7,4,U,0,0,0,0,000000000,00000000000,0,0,0,1,0,0,0,0,0,0,0,43,0,0,0,12,6,2,12,0,0,0,1,21,41554,6,1,0,0,3,1,62,142,2,0,0,0,0,12,2011,6,2013,0,57,51,28,0,1,2,55,2,1,2,2,0,0,6,54,1,1,2,52,2,1
21,210007,2,2,1,9,1,15,49,12,2,1,0,21,3,85,881,85881,66,1991,2XKWDB0X4MM5,2,X,K,W,D,B,0,X,4,M,M,5,1,1,57,01868988,5701868988,3,6,4,1,0,0,0,0,0,0,0,48,0,0,0,12,6,2,12,0,0,1,1,21,41539,6,1,6,0,3,0,72,220,1,0,0,0,0,12,2011,12,2011,0,0,0,0,0,1,2,55,3,1,2,2,0,0,14,54,4,1,1,52,0,1
21,210008,1,2,1,2,1,10,26,12,2,1,0,21,1,12,471,12471,30,2001,1FTYR14E01PA,1,F,T,Y,R,1,4,E,0,1,P,A,0,0,0,000000000,00000000000,0,0,0,1,0,0,0,0,0,0,0,998,0,1,1,12,6,2,12,0,0,0,1,21,42078,6,1,0,0,3,0,68,160,0,1,0,0,0,2,2013,2,2013,0,87,0,0,0,1,2,55,3,2,2,4,0,0,14,5,7,2,2,50,0,0
21,210008,2,2,1,2,1,10,26,12,2,1,0,21,1,37,31,37031,4,1998,JHMEJ6673WS0,J,H,M,E,J,6,6,7,3,W,S,0,0,0,0,000000000,00000000000,0,0,0,1,0,0,0,0,0,0,0,998,0,0,0,12,6,2,12,0,0,0,1,21,42078,6,1,0,0,3,1,66,165,0,0,0,0,0,0,0,0,0,0,87,0,0,0,1,2,55,3,2,2,4,0,0,14,62,1,1,1,51,1,0
21,210009,1,1,1,10,1,13,32,10,0,1,0,21,2,23,421,23421,15,2001,1GKEC13V81R1,1,G,K,E,C,1,3,V,8,1,R,1,0,0,0,000000000,00000000000,0,0,0,1,0,0,0,0,0,0,0,40,0,1,5,12,6,2,10,0,0,0,1,21,42240,6,1,0,0,3,1,71,140,2,0,0,4,0,1,2011,11,2013,3,39,0,0,0,1,2,35,1,2,2,2,65,3,1,90,1,1,1,15,1,0
21,210010,1,1,1,12,1,1,2,8,0,1,0,21,1,49,44,49044,2,2000,2T1CF22P6YC3,2,T,1,C,F,2,2,P,6,Y,C,3,0,0,0,000000000,00000000000,0,0,0,1,0,0,0,0,0,0,0,998,0,0,0,12,4,3,8,0,0,0,1,21,40229,6,1,0,0,3,0,65,170,0,0,0,0,0,0,0,0,0,0,0,0,0,0,2,2,65,1,1,1,1,0,0,1,80,1,1,1,13,0,0
21,210011,1,1,1,12,1,4,55,35,0,1,0,21,2,12,37,12037,3,2005,3FAFP31N35R1,3,F,A,F,P,3,1,N,3,5,R,1,0,0,0,000000000,00000000000,0,0,0,1,0,0,0,0,0,0,0,58,0,1,6,12,6,2,32,0,0,0,1,21,40324,6,1,0,0,3,0,70,180,0,0,0,2,0,2,2013,3,2013,0,0,0,0,0,2,2,55,3,2,2,1,0,0,14,12,1,1,4,6,1,1
21,210012,1,3,3,12,1,9,29,12,6,1,0,18,2,18,401,18401,14,2004,3G5DB03E64S5,3,G,5,D,B,0,3,E,6,4,S,5,0,0,0,000000000,00000000000,0,0,0,1,0,0,0,0,0,0,0,998,0,0,0,12,6,2,12,0,0,0,1,18,46140,6,1,0,0,3,0,63,220,1,1,0,0,0,4,2012,6,2012,0,38,0,0,0,5,3,98,8,8,2,1,20,3,1,17,1,1,1,88,1,0
21,210012,2,3,1,12,1,9,29,12,6,1,0,18,1,87,881,87881,66,2003,1XP5DB9X83D8,1,X,P,5,D,B,9,X,8,3,D,8,1,1,57,00154712,5700154712,3,6,3,1,0,0,0,0,0,0,0,998,7,0,0,10,2,3,12,0,0,0,1,21,42717,6,1,6,0,3,0,69,200,0,0,0,0,0,0,0,0,0,0,0,0,0,0,2,2,55,1,2,2,1,0,0,1,66,1,1,1,89,0,0
21,210012,3,3,2,12,1,9,29,12,6,1,0,21,1,2,404,2404,14,2012,1C4NJCEB7CD6,1,C,4,N,J,C,E,B,7,C,D,6,0,0,0,000000000,00000000000,0,0,0,1,0,0,0,0,0,0,0,0,0,0,0,12,6,2,12,0,0,0,1,21,42141,6,1,0,0,3,0,63,135,0,0,0,0,0,0,0,0,0,0,0,0,0,0,2,2,55,1,2,2,1,0,0,5,98,1,1,1,98,0,0
21,210013,1,2,1,14,1,7,50,12,2,1,0,21,2,2,404,2404,14,1997,1J4GZ58S1VC5,1,J,4,G,Z,5,8,S,1,V,C,5,0,0,0,000000000,00000000000,0,0,0,1,0,0,0,0,0,0,0,48,7,1,6,12,6,2,12,0,0,0,1,21,42754,6,2,0,0,2,0,62,120,0,0,0,0,0,0,0,0,0,0,58,87,0,0,1,2,55,1,3,2,4,0,0,1,6,98,9,2,50,0,0
21,210013,2,2,1,14,1,7,50,12,2,1,0,21,1,63,38,63038,4,2011,KNAFU4A29B58,K,N,A,F,U,4,A,2,9,B,5,8,0,0,0,000000000,00000000000,0,0,0,1,0,0,0,0,0,0,0,48,0,0,0,12,6,2,12,0,0,0,1,21,42754,6,1,0,0,3,0,66,370,0,0,0,0,0,0,0,0,0,0,0,0,0,0,1,2,55,1,1,2,4,0,0,1,62,1,1,1,51,1,0
21,210014,1,1,1,14,1,15,52,18,0,1,0,21,3,2,403,2403,14,2010,1J4BA3H15AL2,1,J,4,B,A,3,H,1,5,A,L,2,0,0,0,000000000,00000000000,0,0,0,1,0,0,0,0,0,0,0,998,0,0,0,12,6,2,18,0,0,0,1,21,41653,6,1,0,0,3,0,67,170,0,0,0,0,0,0,0,0,0,0,81,0,0,0,1,2,45,1,1,2,1,0,0,1,90,1,1,1,12,1,0
21,210015,1,2,6,15,1,17,26,12,8,1,0,21,1,35,443,35443,20,2013,JN8AE2KP2D90,J,N,8,A,E,2,K,P,2,D,9,0,0,0,0,000000000,00000000000,0,0,0,1,0,0,0,0,0,0,0,50,0,0,0,62,6,2,12,0,0,0,1,21,42171,6,1,6,0,3,0,66,200,0,0,0,0,0,0,0,0,0,0,38,0,0,0,1,2,55,1,2,2,1,0,0,11,15,1,1,1,68,0,0
21,210015,2,2,1,15,1,17,26,12,8,1,0,21,2,20,19,20019,4,1988,1G1LT5115JY6,1,G,1,L,T,5,1,1,5,J,Y,6,0,0,0,000000000,00000000000,0,0,0,1,0,0,0,0,0,0,0,15,0,0,0,62,6,2,12,0,0,0,1,21,42141,6,1,0,0,3,0,60,104,0,0,0,0,0,0,0,0,0,0,0,0,0,0,1,2,55,1,2,2,1,0,0,1,62,1,1,1,69,1,0
21,210016,1,2,4,14,1,17,43,12,6,1,0,21,3,12,870,12870,61,1996,1FDLE40F0THB,1,F,D,L,E,4,0,F,0,T,H,B,0,0,77,777777777,77777777777,2,1,96,1,0,0,0,0,0,6,5,33,0,0,0,12,6,2,12,0,0,0,1,21,40442,6,1,0,0,3,1,70,190,0,0,0,0,1,4,2013,4,2013,0,38,0,0,0,5,5,45,4,6,2,1,1,3,14,68,3,2,1,85,0,0
21,210016,2,2,1,14,1,17,43,12,6,1,0,21,1,20,20,20020,4,1998,2G1WL52M7W92,2,G,1,W,L,5,2,M,7,W,9,2,0,0,0,000000000,00000000000,0,0,0,1,0,0,0,0,0,0,0,13,0,0,0,61,6,2,12,0,0,0,1,21,40484,6,1,0,0,3,0,71,290,0,0,0,0,0,0,0,0,0,0,0,0,0,0,1,2,98,1,1,2,1,1,3,99,19,1,1,1,85,1,0
21,210017,1,1,1,16,1,1,23,59,0,1,0,21,2,12,22,12022,6,2005,1FMZK04125GA,1,F,M,Z,K,0,4,1,2,5,G,A,0,0,0,000000000,00000000000,0,0,0,1,0,0,0,0,0,0,0,998,0,1,5,11,6,2,35,0,0,0,1,21,40059,6,1,0,0,3,1,70,130,1,0,0,0,0,10,2012,10,2012,0,0,0,0,0,1,4,55,2,2,2,1,40,3,6,12,1,1,4,6,1,1
21,210018,1,2,1,14,1,21,3,12,2,1,1,21,2,32,42,32042,4,2003,WAULT64B53N0,W,A,U,L,T,6,4,B,5,3,N,0,0,0,0,000000000,00000000000,0,0,0,1,0,0,0,0,0,0,0,998,0,0,0,12,6,2,12,0,0,0,1,21,40511,1,1,0,0,2,0,69,999,1,2,0,0,2,1,2013,6,2013,3,28,37,58,91,1,2,55,3,2,2,2,0,0,14,10,1,1,2,50,0,0
21,210018,2,2,2,14,1,21,3,12,2,1,0,21,2,35,43,35043,4,2012,3N1AB6AP9CL7,3,N,1,A,B,6,A,P,9,C,L,7,0,0,0,000000000,00000000000,0,0,0,1,0,0,0,0,0,0,0,998,0,1,9,12,6,2,12,0,0,0,1,21,40324,6,1,0,0,3,0,65,190,0,0,0,0,0,0,0,0,0,0,0,0,0,0,1,2,55,2,2,2,2,0,0,14,62,1,1,1,51,1,1
21,210019,1,2,1,17,1,11,29,12,6,1,0,21,1,12,401,12401,14,2006,1FMEU73E06UB,1,F,M,E,U,7,3,E,0,6,U,B,0,0,0,000000000,00000000000,0,0,0,1,0,0,0,0,0,0,0,35,0,0,0,12,4,5,12,0,0,0,1,21,41101,6,1,0,0,3,0,72,183,0,0,0,0,0,0,0,0,0,0,39,0,0,0,1,2,25,1,1,2,2,3,3,1,17,1,1,1,88,0,0
21,210019,2,2,1,17,1,11,29,12,6,1,0,21,2,49,38,49038,2,1995,JT2EL56D0S00,J,T,2,E,L,5,6,D,0,S,0,0,0,0,0,000000000,00000000000,0,0,0,1,0,0,0,0,0,0,0,15,0,0,0,61,6,2,12,0,0,0,1,21,41101,6,1,0,0,3,1,63,130,0,0,0,0,0,0,0,0,0,0,0,0,0,0,1,2,98,1,1,2,2,3,3,4,66,1,1,1,89,1,0
21,210020,1,1,1,17,1,12,16,32,0,1,0,35,1,20,431,20431,16,1995,1GNFK16KXSJ4,1,G,N,F,K,1,6,K,X,S,J,4,0,0,0,000000000,00000000000,0,0,0,1,0,0,0,0,0,0,0,998,0,1,4,98,6,2,1,0,0,0,1,35,88030,6,1,0,0,3,1,71,140,98,0,0,0,0,0,0,0,0,3,27,37,80,0,3,3,70,1,1,2,1,98,3,1,1,98,9,4,2,1,0
21,210021,1,2,1,17,1,14,13,12,2,1,0,21,1,49,32,49032,4,2001,2T1BR12E91C4,2,T,1,B,R,1,2,E,9,1,C,4,0,0,0,000000000,00000000000,0,0,0,1,0,0,0,0,0,0,0,998,0,0,0,12,6,2,12,0,0,0,1,21,41046,6,1,0,0,3,0,60,115,0,0,0,0,0,0,0,0,0,9,28,87,0,0,1,2,55,3,1,2,3,0,0,14,5,98,4,2,50,1,0
21,210021,2,2,1,17,1,14,13,12,2,1,0,21,1,20,471,20471,30,2001,1GCDT19W1181,1,G,C,D,T,1,9,W,1,1,8,1,0,0,0,000000000,00000000000,0,0,0,1,0,0,0,0,0,0,0,998,0,0,0,12,6,2,12,0,0,0,1,21,41092,6,1,0,0,3,0,71,250,0,0,0,0,0,0,0,0,0,0,0,0,0,0,1,2,55,2,1,2,3,0,0,14,62,2,2,1,51,0,0
21,210022,1,2,2,8,1,20,15,12,6,1,0,21,1,20,481,20481,31,2002,1GCEK19T42Z2,1,G,C,E,K,1,9,T,4,2,Z,2,0,0,0,000000000,00000000000,0,0,0,1,0,0,0,0,0,0,0,4,0,0,0,61,4,5,12,0,0,0,1,21,42071,6,1,0,0,3,1,71,164,1,0,0,0,0,2,2011,2,2011,0,87,0,0,0,0,0,0,0,0,0,0,0,0,11,98,98,1,1,82,0,0
21,210022,2,2,1,8,1,20,15,12,6,1,0,21,1,76,705,76705,80,2005,JYAVM01E85A0,J,Y,A,V,M,0,1,E,8,5,A,0,0,0,0,000000000,00000000000,0,0,0,1,0,0,0,0,0,0,0,23,0,0,0,12,6,2,12,0,0,0,1,21,42071,6,1,0,0,3,1,73,225,0,0,0,0,0,0,0,0,0,0,0,0,0,0,1,2,45,1,1,2,3,40,3,1,72,2,1,1,83,1,0
21,210023,1,1,1,19,1,13,29,31,0,1,0,21,2,35,47,35047,4,2006,1N4AL11D86N3,1,N,4,A,L,1,1,D,8,6,N,3,0,0,0,000000000,00000000000,0,0,0,1,0,0,0,0,0,0,0,998,0,0,0,82,6,2,42,0,0,0,1,21,40505,6,2,0,0,2,0,62,135,0,0,0,0,0,0,0,0,0,3,0,0,0,0,1,2,35,2,1,2,1,0,0,14,6,3,4,4,7,1,0
21,210024,1,1,1,18,1,5,51,43,0,1,0,21,2,20,421,20421,15,1999,1GNEK13R1XJ3,1,G,N,E,K,1,3,R,1,X,J,3,0,0,0,000000000,00000000000,0,0,0,1,0,0,0,0,0,0,0,998,0,0,0,12,6,2,43,0,0,0,1,21,42101,6,1,6,0,3,0,72,202,0,0,0,1,0,8,2013,8,2013,0,0,0,0,0,2,4,35,1,1,2,1,3,3,1,12,1,1,4,6,1,0
21,210025,1,1,1,20,1,8,28,24,0,1,0,21,1,20,481,20481,31,2011,3GCPKSE33BG2,3,G,C,P,K,S,E,3,3,B,G,2,0,0,0,000000000,00000000000,0,0,0,1,0,0,0,0,0,0,0,55,0,1,5,81,6,2,35,0,0,0,1,21,42303,6,1,0,0,3,1,71,200,0,0,0,0,0,0,0,0,0,9,0,0,0,0,2,2,45,1,1,2,1,0,0,1,13,1,1,4,1,1,0
21,210026,1,2,2,20,1,20,30,8,0,1,0,17,1,30,42,30042,5,2012,3VW467AJ0CM3,3,V,W,4,6,7,A,J,0,C,M,3,0,0,0,000000000,00000000000,0,0,0,1,0,0,0,0,0,0,0,998,0,0,0,12,6,2,8,0,0,0,1,17,60402,6,1,0,0,3,0,68,190,0,1,0,2,3,3,2012,3,2013,0,38,0,0,0,1,3,55,1,1,2,1,40,3,1,80,6,1,2,13,0,0
21,210026,2,2,2,20,1,20,30,8,0,1,0,21,2,37,31,37031,4,2002,1HGES25732L0,1,H,G,E,S,2,5,7,3,2,L,0,0,0,0,000000000,00000000000,0,0,0,1,0,0,0,0,0,0,0,0,0,0,0,11,6,2,12,0,0,0,1,21,40047,6,1,0,0,3,0,70,140,2,0,0,0,0,8,2011,5,2013,0,0,0,0,0,1,3,55,1,1,2,1,40,3,5,98,1,1,1,98,0,0
21,210027,1,1,1,21,1,21,34,42,0,1,0,21,2,18,2,18002,4,2005,1G4HP52K55U2,1,G,4,H,P,5,2,K,5,5,U,2,0,0,0,000000000,00000000000,0,0,0,1,0,0,0,0,0,0,0,998,0,0,0,81,6,2,42,0,0,0,1,21,40383,6,1,0,0,3,0,64,120,0,0,0,0,0,0,0,0,0,4,87,0,0,0,1,2,45,2,3,2,3,40,3,14,5,1,4,4,7,1,0
21,210028,1,1,2,16,1,12,47,42,0,1,0,21,1,2,404,2404,14,1991,1J4FJ58S4ML6,1,J,4,F,J,5,8,S,4,M,L,6,0,0,0,000000000,00000000000,0,0,0,1,0,0,0,0,0,0,0,998,0,0,0,12,6,2,42,0,0,0,1,21,40056,6,1,0,0,3,0,65,160,0,0,0,0,0,0,0,0,0,4,87,0,0,0,1,2,55,3,2,2,4,0,0,14,6,98,9,4,7,1,0
21,210029,1,1,1,15,1,8,13,24,0,1,0,21,1,12,471,12471,30,2002,1FTYR10D02PB,1,F,T,Y,R,1,0,D,0,2,P,B,0,0,0,000000000,00000000000,0,0,0,1,0,0,0,0,0,0,0,60,0,1,5,98,6,2,1,0,0,0,1,21,41075,6,1,0,0,3,0,69,150,0,1,0,0,0,9,2011,9,2011,0,87,0,0,0,2,3,65,1,1,2,3,0,0,15,50,9,2,4,2,1,0
21,210030,1,2,1,22,1,14,23,12,6,1,0,21,1,22,20,22020,4,1998,1G2WP52K6WF3,1,G,2,W,P,5,2,K,6,W,F,3,0,0,0,000000000,00000000000,0,0,0,1,0,0,0,0,0,0,0,998,9,0,0,12,6,2,12,0,0,0,1,21,42141,6,1,0,0,3,1,65,150,2,1,0,0,2,11,2011,4,2013,0,0,0,0,0,2,4,55,1,1,2,1,1,3,1,66,3,2,1,86,0,0
21,210030,2,2,4,22,1,14,23,12,6,1,0,21,1,20,402,20402,14,2002,2CNBJ7345269,2,C,N,B,J,7,3,4,5,2,6,9,0,0,0,000000000,00000000000,0,0,0,1,0,0,0,0,0,0,0,998,0,1,5,82,6,2,12,0,0,0,1,21,40849,6,1,0,0,3,0,70,185,0,0,0,0,0,0,0,0,0,0,0,0,0,0,5,5,98,1,1,2,1,1,3,1,17,1,1,1,87,1,0