STATE,ST_CASE,VEH_NO,VE_FORMS,NUMOCCS,DAY,MONTH,HOUR,MINUTE,HARM_EV,MAN_COLL,UNITTYPE,HIT_RUN,REG_STAT,OWNER,MAKE,MODEL,MAK_MOD,BODY_TYP,MOD_YEAR,VIN,VIN_1,VIN_2,VIN_3,VIN_4,VIN_5,VIN_6,VIN_7,VIN_8,VIN_9,VIN_10,VIN_11,VIN_12,TOW_VEH,J_KNIFE,MCARR_I1,MCARR_I2,MCARR_ID,GVWR,V_CONFIG,CARGO_BT,HAZ_INV,HAZ_PLAC,HAZ_ID,HAZ_CNO,HAZ_REL,BUS_USE,SPEC_USE,EMER_USE,TRAV_SP,UNDERIDE,ROLLOVER,ROLINLOC,IMPACT1,DEFORMED,TOWED,M_HARM,VEH_SC1,VEH_SC2,FIRE_EXP,DR_PRES,L_STATE,DR_ZIP,L_STATUS,L_TYPE,CDL_STAT,L_ENDORS,L_COMPL,L_RESTRI,DR_HGT,DR_WGT,PREV_ACC,PREV_SUS,PREV_DWI,PREV_SPD,PREV_OTH,FIRST_MO,FIRST_YR,LAST_MO,LAST_YR,SPEEDREL,DR_SF1,DR_SF2,DR_SF3,DR_SF4,VTRAFWAY,VNUM_LAN,VSPD_LIM,VALIGN,VPROFILE,VPAVETYP,VSURCOND,VTRAFCON,VTCONT_F,P_CRASH1,P_CRASH2,P_CRASH3,PCRASH4,PCRASH5,ACC_TYPE,DEATHS,DR_DRINK
21,210110,1,2,1,21,3,9,6,12,1,1,0,21,1,20,481,20481,31,1990,1GCDC14K4LE1,1,G,C,D,C,1,4,K,4,L,E,1,0,0,0,000000000,00000000000,0,0,0,1,0,0,0,0,0,0,0,15,0,0,0,6,6,2,42,0,0,0,1,21,42409,6,1,0,0,3,0,66,194,1,0,0,0,0,6,2012,6,2012,0,38,0,0,0,1,2,45,3,1,2,1,0,0,98,98,1,1,1,78,1,0
21,210110,2,2,1,21,3,9,6,12,1,1,0,21,3,85,881,85881,66,2012,1XKDD40X3CJ3,1,X,K,D,D,4,0,X,3,C,J,3,1,3,57,00648107,5700648107,3,6,4,1,0,0,0,0,0,0,0,45,0,1,5,12,6,2,12,0,0,0,1,21,42436,6,1,6,0,3,0,77,160,0,0,0,0,0,0,0,0,0,0,0,0,0,0,1,2,45,3,1,2,1,0,0,14,70,98,2,1,79,0,0
21,210111,1,3,4,30,3,8,49,12,6,1,0,21,1,13,1,13001,4,1991,1LNCM81W2MY6,1,L,N,C,M,8,1,W,2,M,Y,6,0,0,0,000000000,00000000000,0,0,0,1,0,0,0,0,0,0,0,13,0,0,0,81,6,2,12,0,0,0,1,21,42025,6,1,0,0,3,1,65,140,0,0,0,0,0,0,0,0,0,0,38,0,0,0,2,3,55,1,1,2,1,3,3,11,15,1,1,1,68,1,0
21,210111,2,3,1,30,3,8,49,12,6,1,0,26,3,85,881,85881,63,2007,1XKADB9XX7J1,1,X,K,A,D,B,9,X,X,7,J,1,1,1,57,00296052,5700296052,3,4,1,1,0,0,0,0,0,0,0,43,0,0,0,12,2,5,12,0,0,0,1,47,38201,6,1,6,0,3,0,68,219,0,0,0,0,0,0,0,0,0,0,0,0,0,0,2,3,55,1,1,2,1,3,3,1,62,9,1,1,69,0,0
21,210111,3,3,1,30,3,8,49,12,6,1,0,21,1,2,404,2404,14,2001,1J4GW48S81C5,1,J,4,G,W,4,8,S,8,1,C,5,0,0,0,000000000,00000000000,0,0,0,1,0,0,0,0,0,0,0,0,0,1,1,61,4,3,12,0,0,0,1,21,42025,6,1,0,0,3,1,61,136,0,0,0,0,0,0,0,0,0,0,0,0,0,0,1,2,98,1,1,2,1,3,3,5,62,1,1,1,98,0,0
21,210112,1,2,1,31,3,11,10,12,8,1,0,92,0,12,402,12402,14,2007,1FMYU93117KB,1,F,M,Y,U,9,3,1,1,7,K,B,0,0,0,000000000,00000000000,0,0,0,1,0,0,0,0,0,0,0,998,0,0,0,11,6,2,12,0,0,1,1,21,42420,3,1,0,0,2,0,67,120,1,1,0,2,0,9,2011,2,2012,0,28,0,0,0,1,2,55,1,2,1,1,40,3,1,10,1,1,2,64,1,0
21,210112,2,2,1,31,3,11,10,12,8,1,0,24,3,82,881,82881,66,2014,3AKJGEDV5ESF,3,A,K,J,G,E,D,V,5,E,S,F,1,1,57,00327574,5700327574,3,6,1,1,0,0,0,0,0,0,0,998,0,0,0,11,6,2,12,0,0,1,1,18,47711,6,1,6,0,3,0,72,195,0,0,0,0,0,0,0,0,0,0,0,0,0,0,1,2,55,1,2,1,1,40,3,1,62,9,1,1,65,0,0
21,210113,1,1,1,21,3,22,20,53,0,1,0,21,2,49,32,49032,4,2006,2T1BR30E76C6,2,T,1,B,R,3,0,E,7,6,C,6,0,0,0,000000000,00000000000,0,0,0,1,0,0,0,0,0,0,0,998,0,0,0,12,6,2,30,0,0,0,1,21,40004,1,1,0,0,2,0,70,170,0,1,1,0,0,7,2011,7,2011,9,0,0,0,0,1,2,45,3,2,2,1,40,3,14,13,4,1,4,1,1,1
21,210114,1,1,1,22,3,3,37,38,0,1,0,21,2,12,23,12023,4,2008,3FAHP07Z48R1,3,F,A,H,P,0,7,Z,4,8,R,1,0,0,0,000000000,00000000000,0,0,0,1,0,0,0,0,0,0,0,63,0,0,0,81,6,2,38,0,0,0,1,21,40361,0,0,0,0,0,0,999,999,0,0,0,0,0,0,0,0,0,3,58,0,0,0,1,2,45,3,3,2,1,40,3,14,13,6,2,4,7,1,1
21,210115,1,2,1,29,3,12,37,12,99,1,0,21,1,20,39,20039,4,2008,KL1TG56628B1,K,L,1,T,G,5,6,6,2,8,B,1,0,0,0,000000000,00000000000,0,0,0,1,0,0,0,0,0,0,0,998,0,0,0,62,6,2,12,0,0,0,1,21,40299,6,1,0,0,3,0,65,180,1,0,0,0,0,8,2013,8,2013,0,38,0,0,0,9,9,99,9,9,2,2,3,3,11,15,1,1,1,99,1,0
21,210115,2,2,2,29,3,12,37,12,99,1,0,21,1,49,32,49032,4,1991,1NXAE94A0MZ1,1,N,X,A,E,9,4,A,0,M,Z,1,0,0,0,000000000,00000000000,0,0,0,1,0,0,0,0,0,0,0,43,0,0,0,62,6,2,12,0,0,0,1,21,40291,6,1,0,0,3,0,66,140,2,0,0,0,0,4,2012,10,2012,0,0,0,0,0,1,3,98,4,3,2,2,3,3,14,78,2,1,1,99,0,0
21,210116,1,1,2,25,3,22,54,31,0,1,0,47,1,37,706,37706,80,1998,JH2SC330XWM2,J,H,2,S,C,3,3,0,X,W,M,2,0,0,0,000000000,00000000000,0,0,0,1,0,0,0,0,0,0,0,998,0,0,0,12,6,2,31,0,0,0,1,21,42101,6,1,0,0,2,0,67,170,0,0,0,0,0,0,0,0,0,0,0,0,0,0,1,2,35,2,1,2,1,0,0,14,12,1,1,4,6,1,0
21,210117,1,1,1,1,3,13,42,21,0,1,0,47,2,12,473,12473,30,2010,1FMEU6DE5AUA,1,F,M,E,U,6,D,E,5,A,U,A,0,0,0,000000000,00000000000,0,0,0,1,0,0,0,0,0,0,0,998,0,0,0,12,6,2,21,0,0,0,1,47,37701,6,1,0,0,3,0,67,125,1,0,0,1,0,8,2011,9,2012,0,0,0,0,0,1,2,45,3,2,2,1,0,0,14,13,1,1,4,1,1,0
21,210118,1,2,1,21,3,10,5,12,6,1,0,21,1,35,39,35039,4,2000,JN1CA31D0YT7,J,N,1,C,A,3,1,D,0,Y,T,7,0,0,0,000000000,00000000000,0,0,0,1,0,0,0,0,0,0,0,998,0,0,0,82,6,2,12,0,0,0,1,21,42413,6,1,0,0,3,0,66,175,1,0,0,0,0,10,2012,10,2012,0,38,0,0,0,3,2,45,1,1,2,1,3,3,11,15,1,1,1,68,1,0
21,210118,2,2,1,21,3,10,5,12,6,1,0,21,1,49,40,49040,4,2008,4T1BK46K18U5,4,T,1,B,K,4,6,K,1,8,U,5,0,0,0,000000000,00000000000,0,0,0,1,0,0,0,0,0,0,0,998,0,0,0,12,6,2,12,0,0,0,1,21,42437,6,1,0,0,3,0,63,150,0,0,0,1,0,6,2012,6,2012,0,0,0,0,0,3,2,45,1,1,2,1,3,3,1,62,2,2,1,69,0,0
21,210119,1,2,1,7,3,12,55,12,2,1,0,21,1,73,705,73705,80,2005,JKAZX4J105A0,J,K,A,Z,X,4,J,1,0,5,A,0,0,0,0,000000000,00000000000,0,0,0,1,0,0,0,0,0,0,0,998,0,0,0,12,6,2,12,0,0,0,1,21,40143,6,1,0,0,3,0,70,160,0,0,0,0,0,0,0,0,0,3,28,0,0,0,1,2,45,2,2,2,1,0,0,1,10,3,2,2,50,1,0
21,210119,2,2,1,7,3,12,55,12,2,1,0,21,2,49,442,49442,20,2002,4T3ZF13C82U4,4,T,3,Z,F,1,3,C,8,2,U,4,0,0,0,000000000,00000000000,0,0,0,1,0,0,0,0,0,0,0,998,0,0,0,12,6,2,12,0,0,0,1,21,40143,6,1,0,0,3,0,66,165,0,0,0,0,0,0,0,0,0,0,0,0,0,0,1,2,45,3,6,2,1,0,0,14,62,3,2,1,51,0,0
21,210120,1,3,1,13,3,17,22,12,6,1,0,21,1,20,19,20019,4,1989,1G1LT5415KY2,1,G,1,L,T,5,4,1,5,K,Y,2,0,0,0,000000000,00000000000,0,0,0,1,0,0,0,0,0,0,0,20,0,0,0,81,6,2,12,0,0,0,1,21,40322,6,1,0,0,3,0,63,145,0,0,0,0,0,0,0,0,0,0,0,0,0,0,1,2,55,1,1,2,1,0,0,11,15,1,1,2,68,1,0
21,210120,2,3,1,13,3,17,22,12,6,1,0,21,1,20,890,20890,63,1988,1GBM7D1B0JV1,1,G,B,M,7,D,1,B,0,J,V,1,0,0,88,888888888,88888888888,3,1,4,1,0,0,0,0,0,0,0,35,0,0,0,12,2,5,12,0,0,0,1,21,40322,6,1,6,0,3,0,72,175,0,0,0,0,0,0,0,0,0,0,0,0,0,0,1,2,55,1,1,2,1,0,0,1,62,3,2,1,69,0,0
21,210120,3,3,1,13,3,17,22,12,6,1,0,21,1,12,471,12471,30,1994,1FTCR14XXRPA,1,F,T,C,R,1,4,X,X,R,P,A,0,0,0,000000000,00000000000,0,0,0,1,0,0,0,0,0,0,0,5,0,0,0,12,4,5,12,0,0,0,1,21,40322,6,1,0,0,3,0,72,140,0,0,0,0,1,6,2012,6,2012,0,0,0,0,0,1,2,55,1,1,2,1,0,0,1,62,98,1,1,98,0,0
21,210121,1,2,1,16,3,19,30,12,1,1,0,21,2,63,34,63034,4,2007,KNAGE1238751,K,N,A,G,E,1,2,3,8,7,5,1,0,0,0,000000000,00000000000,0,0,0,1,0,0,0,0,0,0,0,998,0,0,0,12,6,2,12,0,0,0,1,21,41015,6,1,0,0,3,0,70,140,0,0,0,0,0,0,0,0,0,0,87,0,0,0,2,3,70,1,1,2,3,0,0,1,52,9,2,1,28,1,0
21,210121,2,2,1,16,3,19,30,12,1,1,0,39,3,85,881,85881,66,2005,1XKWDB9X05J0,1,X,K,W,D,B,9,X,0,5,J,0,1,1,77,777777777,77777777777,3,6,1,1,0,0,0,0,0,0,0,998,0,0,0,6,2,5,12,0,0,0,1,39,45342,6,1,6,0,3,1,68,165,1,0,0,0,2,6,2011,2,2013,0,0,0,0,0,2,3,70,1,1,2,3,0,0,2,18,1,1,1,29,0,0
21,210122,1,2,1,14,3,6,24,12,1,1,0,21,1,14,6,14006,4,2002,2MEFM74W92X6,2,M,E,F,M,7,4,W,9,2,X,6,0,0,0,000000000,00000000000,0,0,0,1,0,0,0,0,0,0,0,998,3,0,0,12,6,2,12,0,0,0,1,21,40203,6,1,0,0,3,0,73,215,0,0,0,0,0,0,0,0,0,0,0,0,0,0,1,2,55,1,3,2,1,40,3,1,50,1,1,1,20,1,0
21,210122,2,2,1,14,3,6,24,12,1,1,0,21,3,84,981,84981,50,2008,4DRBUAAN38B6,4,D,R,B,U,A,A,N,3,8,B,6,0,0,88,888888888,88888888888,2,21,22,1,0,0,0,0,1,2,0,0,0,0,0,6,6,2,12,0,0,0,1,21,40150,6,1,6,1,3,0,69,195,0,0,0,0,0,0,0,0,0,0,0,0,0,0,1,2,55,4,3,2,1,40,3,5,53,1,1,1,21,0,0
21,210123,1,1,1,2,4,13,13,34,0,1,0,21,3,12,402,12402,14,2009,1FMCU03G69KA,1,F,M,C,U,0,3,G,6,9,K,A,0,0,0,000000000,00000000000,0,0,0,1,0,0,0,0,0,0,0,998,0,0,0,12,4,3,99,0,0,0,1,21,42141,6,1,0,0,3,0,66,210,1,0,0,0,0,6,2012,6,2012,0,0,0,0,0,1,2,55,3,1,2,1,0,0,14,13,1,1,4,1,1,0
21,210124,1,2,3,2,4,21,48,12,2,1,0,21,1,41,35,41035,4,2001,JM1BJ2256104,J,M,1,B,J,2,2,5,6,1,0,4,0,0,0,000000000,00000000000,0,0,0,1,0,0,0,0,0,0,0,998,0,0,0,12,6,2,12,0,0,0,1,21,40214,6,1,0,0,3,0,62,115,2,0,0,0,0,5,2012,7,2012,0,51,0,0,0,1,2,45,2,1,2,1,0,0,14,54,1,1,1,52,1,1
21,210124,2,2,1,2,4,21,48,12,2,1,0,21,2,37,32,37032,2,1997,1HGCD7237VA0,1,H,G,C,D,7,2,3,7,V,A,0,0,0,0,000000000,00000000000,0,0,0,1,0,0,0,0,0,0,0,998,0,0,0,12,6,2,12,0,0,0,1,21,40216,6,1,0,0,3,0,59,100,0,0,0,0,0,0,0,0,0,0,0,0,0,0,1,2,55,3,1,2,1,0,0,14,54,3,1,1,52,0,0
21,210125,1,2,1,3,4,10,47,24,0,1,0,39,1,55,35,55035,4,2011,5NPDH4AE2BH0,5,N,P,D,H,4,A,E,2,B,H,0,0,0,0,000000000,00000000000,0,0,0,1,0,0,0,0,0,0,0,70,0,0,0,61,6,2,12,0,0,0,1,39,45040,6,1,0,0,3,1,75,265,0,0,0,1,0,6,2012,6,2012,4,87,0,0,0,3,2,65,1,1,2,2,40,3,6,6,6,9,4,2,1,0
21,210125,2,2,1,3,4,10,47,24,0,1,0,18,1,85,881,85881,66,1998,1XKTDU9XXWJ7,1,X,K,T,D,U,9,X,X,W,J,7,1,1,57,00070559,5700070559,3,6,3,1,0,0,0,0,0,0,0,55,0,0,0,12,4,3,12,0,0,0,1,18,46350,6,1,6,0,3,0,70,210,0,0,0,0,0,0,0,0,0,0,0,0,0,0,3,2,65,1,1,2,2,40,3,1,60,8,1,2,98,0,0
21,210126,1,1,1,3,4,21,30,8,0,1,0,21,2,20,36,20036,2,1998,2G1WX12K3W92,2,G,1,W,X,1,2,K,3,W,9,2,0,0,0,000000000,00000000000,0,0,0,1,0,0,0,0,0,0,0,998,0,0,0,12,4,3,8,0,0,0,1,21,40403,6,1,0,0,3,1,73,160,0,0,0,0,0,0,0,0,0,0,0,0,0,0,1,2,55,1,1,2,2,0,0,1,80,1,1,1,13,0,0
21,210127,1,2,1,3,4,13,50,12,2,1,0,21,1,12,422,12422,15,2003,1FMFU16L53LA,1,F,M,F,U,1,6,L,5,3,L,A,0,0,0,000000000,00000000000,0,0,0,1,0,0,0,0,0,0,0,998,0,0,0,12,4,3,12,0,0,0,1,21,41512,6,1,0,0,3,0,65,170,0,0,0,0,0,0,0,0,0,0,26,85,0,0,1,2,45,1,1,2,1,40,3,1,50,6,1,2,50,0,1
21,210127,2,2,3,3,4,13,50,12,2,1,0,21,1,9,20,9020,4,2000,1P3ES46C3YD5,1,P,3,E,S,4,6,C,3,Y,D,5,0,0,0,000000000,00000000000,0,0,0,1,0,0,0,0,0,0,0,998,0,0,0,12,6,2,12,0,0,0,1,21,41572,6,1,0,0,3,0,65,180,0,0,0,0,0,0,0,0,0,0,0,0,0,0,1,2,45,1,1,2,1,40,3,1,62,1,1,1,51,1,0
21,210128,1,1,1,3,4,16,10,34,0,1,0,17,3,82,881,82881,63,2007,1FUJA6CK47LX,1,F,U,J,A,6,C,K,4,7,L,X,1,1,88,888888888,88888888888,3,4,1,1,0,0,0,0,0,0,0,998,0,0,0,12,2,3,34,0,0,0,1,17,60126,6,1,6,0,3,1,73,240,0,0,0,0,0,0,0,0,0,0,0,0,0,0,1,2,55,1,2,2,1,0,0,1,13,2,1,4,1,1,1
21,210129,1,2,2,5,4,3,5,12,6,1,0,21,3,20,16,20016,2,1996,1G1JC1249TM1,1,G,1,J,C,1,2,4,9,T,M,1,0,0,0,000000000,00000000000,0,0,0,1,0,0,0,0,0,0,0,998,0,1,5,61,6,2,12,0,0,0,1,21,42103,6,1,0,0,3,0,66,150,2,0,0,0,0,9,2011,7,2012,0,38,0,0,0,1,2,98,1,1,2,1,20,3,1,17,1,1,1,89,2,1
21,210129,2,2,1,5,4,3,5,12,6,1,0,21,1,41,471,41471,30,1997,4F4DR17X2VTM,4,F,4,D,R,1,7,X,2,V,T,M,0,0,0,000000000,00000000000,0,0,0,1,0,0,0,0,0,0,0,998,0,0,0,12,6,2,12,0,0,0,1,21,42171,6,1,0,0,3,0,66,170,2,0,0,0,0,10,2012,2,2014,0,0,0,0,0,1,2,55,1,1,2,1,0,0,1,66,1,1,1,88,0,0
21,210130,1,1,2,5,4,20,19,35,0,1,0,21,2,7,25,7025,5,2007,1B3HE78K17D5,1,B,3,H,E,7,8,K,1,7,D,5,0,0,0,000000000,00000000000,0,0,0,1,0,0,0,0,0,0,0,63,0,1,6,12,6,2,1,0,0,0,1,21,42320,6,1,0,0,3,1,67,125,0,0,0,0,0,0,0,0,0,0,0,0,0,0,1,2,55,1,1,2,1,0,0,1,9,3,2,4,2,1,0
21,210131,1,2,2,5,4,21,54,12,6,1,0,21,1,12,3,12003,2,2014,1ZVBP8AM0E52,1,Z,V,B,P,8,A,M,0,E,5,2,0,0,0,000000000,00000000000,0,0,0,1,0,0,0,0,0,0,0,998,0,0,0,12,6,2,12,0,0,0,1,21,40356,6,1,0,0,3,0,65,165,0,0,0,1,0,6,2012,6,2012,0,0,0,0,0,1,6,45,1,1,2,1,3,3,1,67,1,1,1,83,1,1
21,210131,2,2,2,5,4,21,54,12,6,1,0,21,1,2,404,2404,14,2001,1J4GW48S11C6,1,J,4,G,W,4,8,S,1,1,C,6,0,0,0,000000000,00000000000,0,0,0,1,0,0,0,0,0,0,0,998,0,1,1,61,6,2,12,0,0,0,1,21,40391,6,1,0,0,3,1,77,300,0,0,0,1,0,6,2013,6,2013,0,0,0,0,0,1,2,98,1,1,2,1,3,3,11,15,1,1,1,82,0,0
21,210132,1,1,1,6,4,9,59,53,0,1,0,21,1,20,401,20401,14,2003,1GNDT13X83K1,1,G,N,D,T,1,3,X,8,3,K,1,0,0,0,000000000,00000000000,0,0,0,1,0,0,0,0,0,0,0,998,0,0,0,2,6,2,42,0,0,0,1,21,40033,6,1,0,0,3,0,68,150,0,0,0,0,0,0,0,0,0,0,58,0,0,0,1,2,55,1,2,2,1,40,3,1,13,6,1,4,1,1,0
21,210133,1,1,1,8,4,2,6,30,0,1,0,21,1,20,421,20421,15,1999,1GNDT13W5X21,1,G,N,D,T,1,3,W,5,X,2,1,0,0,0,000000000,00000000000,0,0,0,1,0,0,0,0,0,0,0,998,0,0,0,12,6,2,19,0,0,0,1,21,40212,6,1,0,0,3,0,70,149,0,0,0,0,0,0,0,0,0,3,58,0,0,0,4,2,25,1,1,2,2,0,0,1,8,7,3,4,2,1,1
21,210134,1,1,3,9,4,6,53,1,0,1,0,21,2,12,422,12422,15,2000,1FMPU18L6YLA,1,F,M,P,U,1,8,L,6,Y,L,A,0,0,0,000000000,00000000000,0,0,0,1,0,0,0,0,0,0,0,998,0,2,3,0,6,2,1,0,0,0,1,21,42431,6,1,0,0,3,1,70,113,0,1,0,0,1,5,2011,5,2011,0,0,0,0,0,2,2,70,1,1,2,1,0,0,1,9,6,4,4,7,1,1
21,210135,1,1,1,10,4,18,0,35,0,1,0,21,1,7,20,7020,4,1995,1B3ES67C7SD6,1,B,3,E,S,6,7,C,7,S,D,6,0,0,0,000000000,00000000000,0,0,0,1,0,0,0,0,0,0,0,998,0,1,1,12,6,2,1,0,0,0,1,21,40472,1,1,0,0,2,0,67,175,0,1,1,0,0,9,2013,9,2013,0,0,0,0,0,1,2,35,3,2,2,1,0,0,14,9,3,2,4,2,1,1
21,210136,1,1,1,9,4,20,31,8,0,1,0,21,1,23,421,23421,15,2002,1GKEK13Z12J2,1,G,K,E,K,1,3,Z,1,2,J,2,0,0,0,000000000,00000000000,0,0,0,1,0,0,0,0,0,0,0,998,0,0,0,12,6,2,8,0,0,0,1,21,41522,6,1,0,0,3,1,65,145,0,0,0,0,0,0,0,0,0,0,0,0,0,0,1,2,55,1,2,2,1,0,0,1,80,1,1,1,13,0,0
21,210137,1,1,2,7,4,0,37,24,0,1,0,21,1,58,37,58037,4,2011,JN1CV6AR7BM4,J,N,1,C,V,6,A,R,7,B,M,4,0,0,0,000000000,00000000000,0,0,0,1,0,0,0,0,0,0,0,998,0,1,5,61,6,2,24,0,0,0,1,21,40228,6,1,0,0,3,0,69,185,0,0,0,1,0,3,2014,3,2014,0,0,0,0,0,6,2,55,3,1,2,1,40,3,14,9,1,2,4,2,1,0
21,210138,1,2,1,11,4,20,26,12,2,1,0,21,1,2,404,2404,14,1996,1J4EZ58S7TC1,1,J,4,E,Z,5,8,S,7,T,C,1,0,0,0,000000000,00000000000,0,0,0,1,0,0,0,0,0,0,0,998,0,0,0,12,6,2,12,0,0,0,1,21,40218,6,1,0,0,3,0,65,154,0,0,0,0,0,0,0,0,0,0,0,0,0,0,1,2,35,1,1,2,1,0,0,11,15,1,1,1,68,0,0
21,210138,2,2,1,11,4,20,26,12,2,1,0,0,0,37,701,37701,88,2004,JH2AF58474K0,J,H,2,A,F,5,8,4,7,4,K,0,0,0,0,000000000,00000000000,0,0,0,1,0,0,0,0,0,0,0,998,0,0,0,12,6,2,12,0,0,0,1,21,40218,6,1,0,0,1,0,72,130,0,0,0,1,2,6,2011,6,2011,0,0,0,0,0,1,2,35,1,1,2,1,0,0,1,62,1,1,1,69,1,0
21,210139,1,1,1,9,4,9,20,21,0,1,0,21,1,63,33,63033,5,2008,KNAFE1616850,K,N,A,F,E,1,6,1,6,8,5,0,0,0,0,000000000,00000000000,0,0,0,1,0,0,0,0,0,0,0,48,0,0,0,61,6,2,21,0,0,0,1,21,42261,6,1,0,0,3,0,59,145,0,0,0,0,0,0,0,0,0,0,58,0,0,0,1,2,55,2,2,2,1,0,0,14,13,8,3,4,2,1,1
21,210140,1,2,1,12,4,17,58,12,1,1,0,21,1,53,705,53705,80,2003,JS1GN79A1321,J,S,1,G,N,7,9,A,1,3,2,1,0,0,0,000000000,00000000000,0,0,0,1,0,0,0,0,0,0,0,998,0,0,0,12,2,3,12,0,0,0,1,21,40356,6,1,0,0,2,2,72,200,1,0,0,0,0,6,2011,6,2011,0,74,0,0,0,5,6,55,1,1,2,1,3,3,1,50,3,2,1,20,1,0
21,210140,2,2,1,12,4,17,58,12,1,1,0,21,1,52,34,52034,4,2009,4A3AB36F29E0,4,A,3,A,B,3,6,F,2,9,E,0,0,0,0,000000000,00000000000,0,0,0,1,0,0,0,0,0,0,0,0,0,0,0,6,2,3,12,0,0,0,1,21,40356,6,1,0,0,3,0,61,135,1,0,0,0,0,4,2012,4,2012,0,0,0,0,0,5,6,55,1,1,2,1,3,3,5,53,1,1,1,21,0,0
21,210141,1,3,1,12,4,18,29,24,0,1,0,21,2,73,706,73706,80,1996,JKBVNCB13TA0,J,K,B,V,N,C,B,1,3,T,A,0,0,0,0,000000000,00000000000,0,0,0,1,0,0,0,0,0,0,0,998,0,0,0,81,6,2,54,0,0,0,1,21,99999,6,1,0,0,3,1,69,240,0,0,0,0,0,0,0,0,0,0,28,0,0,0,1,2,55,4,1,2,1,0,0,14,9,1,1,4,98,1,0
21,210141,2,3,1,12,4,18,29,24,0,1,0,21,1,2,482,2482,31,1990,1J7FJ26L7LL1,1,J,7,F,J,2,6,L,7,L,L,1,0,0,0,000000000,00000000000,0,0,0,1,0,0,0,0,0,0,0,998,0,0,0,14,2,5,54,0,0,0,1,21,41339,6,1,0,0,3,1,71,222,0,0,0,0,0,0,0,0,0,0,0,0,0,0,1,2,55,4,1,2,1,0,0,14,98,7,1,2,98,0,0
21,210141,3,3,2,12,4,18,29,24,0,1,0,21,1,7,20,7020,4,2002,1B3ES46C82D5,1,B,3,E,S,4,6,C,8,2,D,5,0,0,0,000000000,00000000000,0,0,0,1,0,0,0,0,0,0,0,998,0,0,0,12,2,5,12,0,0,0,1,21,41339,6,1,0,0,3,1,68,165,0,0,0,0,0,0,0,0,0,0,0,0,0,0,1,2,55,4,1,2,1,0,0,14,62,3,2,1,98,0,0
21,210142,1,2,1,12,4,18,45,12,2,1,0,21,1,49,44,49044,2,1999,2T1CF22P2XC2,2,T,1,C,F,2,2,P,2,X,C,2,0,0,0,000000000,00000000000,0,0,0,1,0,0,0,0,0,0,0,998,0,0,0,12,6,2,12,0,0,0,1,21,42408,6,1,0,0,3,0,64,190,0,0,0,0,0,0,0,0,0,0,28,0,0,0,1,2,45,1,1,2,1,0,0,1,10,1,1,2,50,1,1
21,210142,2,2,1,12,4,18,45,12,2,1,0,21,1,20,37,20037,4,2002,1G1NE52J32M6,1,G,1,N,E,5,2,J,3,2,M,6,0,0,0,000000000,00000000000,0,0,0,1,0,0,0,0,0,0,0,998,0,0,0,12,6,2,12,0,0,0,1,21,42408,6,1,0,0,3,1,67,110,1,0,0,0,0,3,2013,3,2013,0,0,0,0,0,1,2,55,1,1,2,1,0,0,1,62,1,1,1,51,0,0
21,210143,1,2,1,13,4,17,0,12,7,1,0,21,1,23,441,23441,20,2001,1GKDM19WX1B5,1,G,K,D,M,1,9,W,X,1,B,5,0,0,0,000000000,00000000000,0,0,0,1,0,0,0,0,0,0,0,998,0,0,0,1,2,3,8,0,0,0,1,21,42431,6,1,0,0,3,0,66,141,0,0,0,0,0,0,0,0,0,0,0,0,0,0,5,5,45,1,1,1,1,40,3,1,80,7,1,2,48,0,0
21,210143,2,2,3,13,4,17,0,12,7,1,0,21,1,14,17,14017,4,2003,1MEFM50UX3A6,1,M,E,F,M,5,0,U,X,3,A,6,0,0,0,000000000,00000000000,0,0,0,1,0,0,0,0,0,0,0,0,0,0,0,7,2,5,12,0,0,0,1,21,42431,6,1,0,0,3,1,66,260,1,0,0,0,0,1,2014,1,2014,0,54,0,0,0,5,5,45,1,1,1,1,40,3,5,60,1,1,1,48,0,0
21,210144,1,1,2,13,4,17,58,35,0,1,0,21,1,18,404,18404,14,2014,KL4CJHSB6EB6,K,L,4,C,J,H,S,B,6,E,B,6,0,0,0,000000000,00000000000,0,0,0,1,0,0,0,0,0,0,0,998,0,0,0,12,6,2,35,0,0,0,1,21,40806,6,1,0,0,3,1,67,130,1,0,0,0,0,11,2013,11,2013,9,0,0,0,0,1,2,55,3,2,2,1,40,3,14,13,1,1,4,1,1,0
21,210145,1,1,1,13,4,21,46,24,0,1,0,21,1,72,706,72706,80,1987,1HD1DJL22HY5,1,H,D,1,D,J,L,2,2,H,Y,5,0,0,0,000000000,00000000000,0,0,0,1,0,0,0,0,0,0,0,998,0,0,0,81,6,2,24,0,0,0,1,21,41214,6,1,6,0,3,0,72,200,0,0,0,0,0,0,0,0,0,3,0,0,0,0,2,2,55,3,1,2,1,0,0,14,13,1,1,4,1,1,1
21,210146,1,1,1,13,4,0,0,8,0,1,0,21,1,2,404,2404,14,2001,1J4GW48S51C5,1,J,4,G,W,4,8,S,5,1,C,5,0,0,0,000000000,00000000000,0,0,0,1,0,0,0,0,0,0,0,998,0,0,0,12,4,3,8,0,0,0,1,21,40207,6,1,0,0,3,0,71,165,3,0,1,1,1,9,2011,4,2013,0,0,0,0,0,1,2,35,1,1,2,1,0,0,1,80,1,1,1,13,0,0