STATE,ST_CASE,VEH_NO,VE_FORMS,NUMOCCS,DAY,MONTH,HOUR,MINUTE,HARM_EV,MAN_COLL,UNITTYPE,HIT_RUN,REG_STAT,OWNER,MAKE,MODEL,MAK_MOD,BODY_TYP,MOD_YEAR,VIN,VIN_1,VIN_2,VIN_3,VIN_4,VIN_5,VIN_6,VIN_7,VIN_8,VIN_9,VIN_10,VIN_11,VIN_12,TOW_VEH,J_KNIFE,MCARR_I1,MCARR_I2,MCARR_ID,GVWR,V_CONFIG,CARGO_BT,HAZ_INV,HAZ_PLAC,HAZ_ID,HAZ_CNO,HAZ_REL,BUS_USE,SPEC_USE,EMER_USE,TRAV_SP,UNDERIDE,ROLLOVER,ROLINLOC,IMPACT1,DEFORMED,TOWED,M_HARM,VEH_SC1,VEH_SC2,FIRE_EXP,DR_PRES,L_STATE,DR_ZIP,L_STATUS,L_TYPE,CDL_STAT,L_ENDORS,L_COMPL,L_RESTRI,DR_HGT,DR_WGT,PREV_ACC,PREV_SUS,PREV_DWI,PREV_SPD,PREV_OTH,FIRST_MO,FIRST_YR,LAST_MO,LAST_YR,SPEEDREL,DR_SF1,DR_SF2,DR_SF3,DR_SF4,VTRAFWAY,VNUM_LAN,VSPD_LIM,VALIGN,VPROFILE,VPAVETYP,VSURCOND,VTRAFCON,VTCONT_F,P_CRASH1,P_CRASH2,P_CRASH3,PCRASH4,PCRASH5,ACC_TYPE,DEATHS,DR_DRINK
21,210223,1,2,1,4,6,9,17,12,6,1,0,21,1,20,37,20037,4,2000,1G1ND52J2Y62,1,G,1,N,D,5,2,J,2,Y,6,2,0,0,0,000000000,00000000000,0,0,0,1,0,0,0,0,0,0,0,998,0,0,0,61,6,2,12,0,0,0,1,21,42167,6,1,0,0,3,0,63,150,0,0,0,0,0,0,0,0,0,0,38,0,0,0,1,2,98,1,1,2,1,20,3,1,17,1,1,1,89,1,0
21,210223,2,2,1,4,6,9,17,12,6,1,0,21,2,82,881,82881,66,1996,2FUYDZYB1TA6,2,F,U,Y,D,Z,Y,B,1,T,A,6,1,1,57,15844344,5715844344,3,6,8,1,0,0,0,0,0,0,0,998,0,0,0,12,6,2,12,0,0,0,1,21,42749,6,1,6,0,3,0,70,220,0,0,0,2,2,12,2012,5,2013,0,0,0,0,0,1,2,55,1,1,2,1,0,0,1,66,3,2,1,88,0,0
21,210224,1,1,1,6,6,18,20,35,0,1,0,0,0,99,739,99739,90,9999,999999999999,9,9,9,9,9,9,9,9,9,9,9,9,0,0,0,000000000,00000000000,0,0,0,1,0,0,0,0,0,0,0,998,0,1,5,12,2,5,99,0,0,0,1,21,42718,1,1,0,0,2,0,70,210,0,3,2,0,2,7,2012,11,2013,0,0,0,0,0,1,2,55,1,2,2,1,40,3,11,13,3,9,4,1,1,1
21,210225,1,1,1,6,6,20,14,34,0,1,0,21,2,72,706,72706,80,2013,1HD1KBM11DB6,1,H,D,1,K,B,M,1,1,D,B,6,0,0,0,000000000,00000000000,0,0,0,1,0,0,0,0,0,0,0,998,0,0,0,12,6,2,34,0,0,0,1,18,40118,6,1,0,0,3,0,74,165,0,1,0,1,0,9,2012,9,2012,0,0,0,0,0,1,2,45,1,1,2,1,40,3,1,13,1,1,4,1,1,0
21,210226,1,2,1,7,6,14,12,12,6,1,0,21,2,49,44,49044,2,2000,2T1CF22P7YC2,2,T,1,C,F,2,2,P,7,Y,C,2,0,0,0,000000000,00000000000,0,0,0,1,0,0,0,0,0,0,0,65,0,0,0,12,6,2,12,0,0,0,1,12,42451,1,1,0,0,2,0,67,162,0,1,0,1,1,2,2013,2,2013,3,27,33,0,0,5,6,45,1,1,2,1,40,3,6,61,1,1,2,73,0,0
21,210226,2,2,2,7,6,14,12,12,6,1,0,21,1,20,16,20016,2,2004,1G1JC12F0473,1,G,1,J,C,1,2,F,0,4,7,3,0,0,0,000000000,00000000000,0,0,0,1,0,0,0,0,0,0,0,20,0,0,0,61,6,2,12,0,0,0,1,21,42420,6,1,0,0,3,0,64,130,0,0,0,0,0,0,0,0,0,0,0,0,0,0,5,6,45,1,1,2,1,40,3,11,15,1,1,1,72,1,0
21,210227,1,2,2,8,6,16,30,12,8,1,0,21,1,12,471,12471,30,1992,1FTCR10A5NUB,1,F,T,C,R,1,0,A,5,N,U,B,0,0,0,000000000,00000000000,0,0,0,1,0,0,0,0,0,0,0,998,0,0,0,61,6,2,42,0,0,0,1,21,41314,6,1,0,0,3,0,72,200,1,0,0,0,0,2,2014,2,2014,0,28,0,0,0,1,2,55,1,1,2,1,0,0,1,10,7,1,2,64,1,0
21,210227,2,2,1,8,6,16,30,12,8,1,0,21,1,7,26,7026,4,2010,1B3CC4FB9AN2,1,B,3,C,C,4,F,B,9,A,N,2,0,0,0,000000000,00000000000,0,0,0,1,0,0,0,0,0,0,0,998,0,0,0,61,4,3,12,0,0,0,1,21,41339,6,1,0,0,3,0,74,180,1,1,1,1,0,10,2011,6,2012,0,0,0,0,0,1,2,55,1,1,2,1,0,0,1,62,9,2,2,65,0,0
21,210228,1,2,1,5,6,17,20,12,6,1,0,21,1,37,32,37032,4,2007,1HGCM56727A1,1,H,G,C,M,5,6,7,2,7,A,1,0,0,0,000000000,00000000000,0,0,0,1,0,0,0,0,0,0,0,998,0,0,0,3,4,3,12,0,0,0,1,21,42066,6,1,0,0,3,1,74,215,0,0,0,0,0,0,0,0,0,0,38,0,0,0,1,2,45,1,1,2,1,4,3,11,15,1,1,1,68,0,0
21,210228,2,2,1,5,6,17,20,12,6,1,0,21,1,72,706,72706,80,2007,1HD1KB4167Y6,1,H,D,1,K,B,4,1,6,7,Y,6,0,0,0,000000000,00000000000,0,0,0,1,0,0,0,0,0,0,0,998,0,0,0,12,4,3,12,0,0,0,1,21,42025,6,1,0,0,3,0,67,162,0,0,0,0,0,0,0,0,0,0,0,0,0,0,1,2,45,1,1,2,1,4,3,1,62,3,2,1,69,1,0
21,210229,1,1,1,12,6,7,38,8,0,1,0,21,3,98,898,98898,63,1994,1A9TAC4SXR00,1,A,9,T,A,C,4,S,X,R,0,0,0,0,57,00393855,5700393855,3,2,5,1,0,0,0,0,0,0,0,998,0,0,0,12,0,5,8,0,0,0,1,21,40205,6,1,6,0,3,1,64,160,1,0,0,0,0,10,2012,10,2012,0,99,99,99,99,4,5,98,1,2,2,1,2,3,10,80,1,1,1,13,0,0
21,210230,1,1,2,12,6,15,48,14,0,1,0,21,2,20,16,20016,2,2003,1G1JF12F0372,1,G,1,J,F,1,2,F,0,3,7,2,0,0,0,000000000,00000000000,0,0,0,1,0,0,0,0,0,0,0,998,0,0,0,83,6,2,14,0,0,0,1,21,40815,0,0,0,0,0,0,63,156,0,0,0,0,0,0,0,0,0,0,58,0,0,0,1,2,55,4,1,2,2,0,0,14,9,4,9,4,99,2,0
21,210231,1,1,1,13,6,5,34,38,0,1,0,21,2,20,20,20020,4,1992,2G1WL54T7N11,2,G,1,W,L,5,4,T,7,N,1,1,0,0,0,000000000,00000000000,0,0,0,1,0,0,0,0,0,0,0,998,0,1,5,61,6,2,1,0,0,0,1,21,42240,1,1,0,0,2,0,72,155,0,1,1,0,0,5,2014,5,2014,0,0,0,0,0,1,2,40,3,2,2,2,40,3,14,12,6,1,4,9,1,1
21,210232,1,1,1,13,6,15,14,9,0,1,0,21,1,20,498,20498,31,1994,1GCFK29K7RE2,1,G,C,F,K,2,9,K,7,R,E,2,0,0,0,000000000,00000000000,0,0,0,1,0,0,0,0,0,0,0,998,0,0,0,2,2,5,9,0,0,0,1,21,41010,6,1,0,0,3,0,66,115,0,0,0,0,0,0,0,0,0,0,0,0,0,0,1,2,55,1,2,2,1,40,3,1,11,1,1,4,13,0,0
21,210233,1,2,1,13,6,22,49,12,2,1,0,21,1,20,404,20404,14,2009,2CNDL23F3962,2,C,N,D,L,2,3,F,3,9,6,2,0,0,0,000000000,00000000000,0,0,0,1,0,0,0,0,0,0,0,998,0,0,0,12,6,2,12,0,0,0,1,21,40324,6,1,0,0,3,0,75,190,0,0,0,0,0,0,0,0,0,0,51,0,0,0,2,2,70,1,1,2,1,40,3,1,54,1,1,1,52,0,1
21,210233,2,2,1,13,6,22,49,12,2,1,0,21,1,13,1,13001,4,2004,1LNHM83W24Y6,1,L,N,H,M,8,3,W,2,4,Y,6,0,0,0,000000000,00000000000,0,0,0,1,0,0,0,0,0,0,0,998,0,0,0,12,6,2,12,0,0,0,1,21,40228,6,1,0,0,3,1,68,175,0,0,0,0,0,0,0,0,0,0,0,0,0,0,2,2,70,1,1,2,1,40,3,6,54,1,1,1,52,1,0
21,210234,1,1,1,12,6,21,10,24,0,1,0,21,2,73,705,73705,80,1995,JKAZX4C14SB5,J,K,A,Z,X,4,C,1,4,S,B,5,0,0,0,000000000,00000000000,0,0,0,1,0,0,0,0,0,0,0,998,0,0,0,82,6,2,24,0,0,0,1,21,41143,6,1,0,0,2,0,73,200,0,0,0,0,0,0,0,0,0,0,0,0,0,0,1,2,35,3,1,2,1,40,3,14,13,1,1,4,1,1,0
21,210235,1,2,1,11,6,16,2,12,8,1,0,21,1,72,706,72706,80,2012,1HD1FFM10CB6,1,H,D,1,F,F,M,1,0,C,B,6,0,0,0,000000000,00000000000,0,0,0,1,0,0,0,0,0,0,0,70,0,0,0,61,6,2,12,0,0,0,1,21,42025,6,1,0,0,3,1,72,195,0,0,0,0,0,0,0,0,0,3,28,0,0,0,1,2,55,2,2,2,1,40,3,14,6,1,1,2,64,1,1
21,210235,2,2,1,11,6,16,2,12,8,1,0,21,1,12,17,12017,4,2007,1FAFP53U97A1,1,F,A,F,P,5,3,U,9,7,A,1,0,0,0,000000000,00000000000,0,0,0,1,0,0,0,0,0,0,0,35,0,0,0,61,6,2,12,0,0,0,1,21,42003,6,1,0,0,3,0,73,185,0,0,0,0,0,0,0,0,0,0,0,0,0,0,1,2,55,3,2,2,1,40,3,14,62,9,2,2,65,0,0
21,210236,1,2,1,15,6,19,40,12,6,1,0,21,1,20,481,20481,31,1985,1GCGK24M0FF4,1,G,C,G,K,2,4,M,0,F,F,4,1,1,0,000000000,00000000000,0,0,0,1,0,0,0,0,0,0,0,998,0,0,0,62,2,3,12,0,0,0,1,21,40701,6,1,0,0,3,1,73,205,0,1,0,1,0,5,2013,8,2013,0,28,0,0,0,1,2,25,2,3,2,1,0,0,14,10,1,1,2,64,0,0
21,210236,2,2,1,15,6,19,40,12,6,1,0,21,1,72,709,72709,80,1976,9D41283H6,9,D,4,1,2,8,3,H,6,,,,0,0,0,000000000,00000000000,0,0,0,1,0,0,0,0,0,0,0,998,0,0,0,12,4,3,12,0,0,0,1,21,40701,6,1,0,0,3,0,67,175,0,0,0,0,0,0,0,0,0,0,0,0,0,0,1,2,25,3,3,2,1,0,0,14,62,1,1,1,65,1,0
21,210237,1,2,1,16,6,8,18,12,2,1,0,21,1,20,481,20481,31,2008,1GCEC19058Z2,1,G,C,E,C,1,9,0,5,8,Z,2,0,0,0,000000000,00000000000,0,0,0,1,0,0,0,0,0,0,0,998,0,0,0,12,6,2,12,0,0,0,1,21,40434,6,1,0,0,3,0,75,183,0,0,0,0,0,0,0,0,0,3,33,39,51,0,1,2,55,1,1,2,1,0,0,6,54,3,2,4,52,0,0
21,210237,2,2,1,16,6,8,18,12,2,1,0,21,3,7,461,7461,21,2000,2B7KB31Z1YK1,2,B,7,K,B,3,1,Z,1,Y,K,1,0,0,0,000000000,00000000000,0,0,0,1,0,0,0,0,0,0,0,998,0,0,0,12,6,2,12,0,0,0,1,21,40729,6,1,6,0,3,0,70,176,1,0,0,0,0,12,2011,12,2011,0,0,0,0,0,1,2,55,1,1,2,1,0,0,1,54,7,1,4,52,1,0
21,210238,1,1,1,15,6,15,0,1,0,1,0,54,1,72,706,72706,80,2011,1HD1KB411BB6,1,H,D,1,K,B,4,1,1,B,B,6,0,0,0,000000000,00000000000,0,0,0,1,0,0,0,0,0,0,0,998,0,0,0,0,2,3,5,0,0,0,1,54,25647,6,1,0,0,3,0,74,240,0,0,0,0,0,0,0,0,0,0,85,0,0,0,1,2,55,4,2,2,1,0,0,14,62,3,2,1,98,1,0
21,210239,1,2,1,17,6,8,8,12,8,1,0,20,1,20,481,20481,31,1999,2GCEK19T4X11,2,G,C,E,K,1,9,T,4,X,1,1,0,0,0,000000000,00000000000,0,0,0,1,0,0,0,0,0,0,0,45,0,0,0,62,6,2,12,0,0,0,1,21,42141,6,1,0,0,3,0,72,181,1,0,0,0,0,3,2014,3,2014,0,28,0,0,0,1,2,55,4,2,2,1,0,0,14,10,1,1,2,64,0,0
21,210239,2,2,1,17,6,8,8,12,8,1,0,21,1,20,37,20037,4,2004,1G1ND52F64M6,1,G,1,N,D,5,2,F,6,4,M,6,0,0,0,000000000,00000000000,0,0,0,1,0,0,0,0,0,0,0,998,0,0,0,62,6,2,12,0,0,0,1,21,42166,6,1,0,0,3,0,65,130,0,0,0,0,0,0,0,0,0,0,0,0,0,0,1,2,55,4,2,2,1,0,0,14,62,9,1,1,65,1,0
21,210240,1,1,1,17,6,11,57,30,0,1,0,21,1,49,40,49040,4,1994,4T1SK12E7RU4,4,T,1,S,K,1,2,E,7,R,U,4,0,0,0,000000000,00000000000,0,0,0,1,0,0,0,0,0,0,0,33,0,0,0,12,4,3,30,0,0,0,1,21,41616,6,1,0,0,3,0,67,166,0,0,0,0,0,0,0,0,0,0,0,0,0,0,1,2,35,3,2,2,1,40,3,14,13,1,1,4,1,1,0
21,210241,1,1,1,17,6,17,22,1,0,1,0,21,1,37,706,37706,80,1993,JH2SC2401PM2,J,H,2,S,C,2,4,0,1,P,M,2,0,0,0,000000000,00000000000,0,0,0,1,0,0,0,0,0,0,0,998,0,0,0,0,6,2,24,0,0,0,1,21,40353,6,1,0,0,3,1,69,250,0,0,0,0,0,0,0,0,0,3,0,0,0,0,1,2,55,4,1,2,1,0,0,14,6,3,2,4,2,1,0
21,210242,1,1,3,14,6,23,6,42,0,1,0,21,1,54,35,54035,4,2004,19UUA66214A0,1,9,U,U,A,6,6,2,1,4,A,0,0,0,0,000000000,00000000000,0,0,0,1,0,0,0,0,0,0,0,998,0,1,5,12,6,2,42,0,0,0,1,21,42171,6,1,0,0,3,0,68,132,0,0,0,0,0,0,0,0,0,0,99,99,99,99,1,2,55,1,2,2,1,0,0,1,13,1,1,4,1,2,1
21,210243,1,1,1,14,6,15,28,1,0,1,0,21,1,20,402,20402,14,1995,2CNBE18U3S69,2,C,N,B,E,1,8,U,3,S,6,9,0,0,0,000000000,00000000000,0,0,0,1,0,0,0,0,0,0,0,998,0,2,5,0,6,2,1,0,0,0,1,21,42431,6,1,0,0,3,1,69,160,0,0,0,0,0,0,0,0,0,0,58,0,0,0,1,2,55,1,1,2,1,0,0,1,11,6,2,4,7,1,1
21,210244,1,2,2,5,6,21,40,12,6,1,0,21,2,49,51,49051,3,2008,JTDJT923X851,J,T,D,J,T,9,2,3,X,8,5,1,0,0,0,000000000,00000000000,0,0,0,1,0,0,0,0,0,0,0,13,0,0,0,61,6,2,12,0,0,0,1,21,41015,0,0,0,0,0,0,72,170,0,0,0,0,0,0,0,0,0,0,38,0,0,0,0,0,0,0,0,0,0,0,0,11,98,1,1,1,82,0,0
21,210244,2,2,2,5,6,21,40,12,6,1,0,21,1,98,709,98709,81,2013,LHJTLKBRXDB0,L,H,J,T,L,K,B,R,X,D,B,0,0,0,0,000000000,00000000000,0,0,0,1,0,0,0,0,0,0,0,40,0,0,0,12,6,2,12,0,0,0,1,21,41015,6,1,0,0,3,0,79,260,0,0,0,0,0,0,0,0,0,0,0,0,0,0,1,5,45,1,1,2,1,40,3,1,72,1,1,1,83,1,1
21,210245,1,2,1,19,6,0,36,12,2,1,0,21,2,20,421,20421,15,2002,1GNEK13ZX2R2,1,G,N,E,K,1,3,Z,X,2,R,2,0,0,0,000000000,00000000000,0,0,0,1,0,0,0,0,0,0,0,998,0,1,1,12,6,2,12,0,0,0,1,21,42103,6,1,0,0,3,0,65,132,0,0,0,0,0,0,0,0,0,0,38,51,0,0,2,3,70,1,1,2,1,0,0,1,11,1,1,2,52,1,1
21,210245,2,2,1,19,6,0,36,12,2,1,0,17,3,51,881,51881,66,2012,4V4NC9TH8CN5,4,V,4,N,C,9,T,H,8,C,N,5,1,1,57,01972877,5701972877,3,6,1,1,0,0,0,0,0,0,0,998,0,0,0,12,6,2,12,0,0,0,1,13,30032,6,1,6,0,3,0,69,208,98,0,0,0,0,0,0,0,0,0,0,0,0,0,2,3,70,1,1,2,1,0,0,1,63,9,2,2,52,0,0
21,210246,1,1,1,19,6,5,3,35,0,1,0,21,2,20,481,20481,31,2002,1GCEC14V22Z1,1,G,C,E,C,1,4,V,2,2,Z,1,0,0,0,000000000,00000000000,0,0,0,1,0,0,0,0,0,0,0,998,0,1,5,98,2,5,1,0,0,0,1,21,41240,6,1,6,0,3,1,69,122,1,0,0,0,0,9,2012,9,2012,0,0,0,0,0,1,4,55,3,3,2,1,0,0,14,13,1,1,4,1,1,1
21,210247,1,1,1,19,6,9,15,1,0,1,0,21,1,12,471,12471,31,2000,1FTZR15V8YTA,1,F,T,Z,R,1,5,V,8,Y,T,A,0,0,0,000000000,00000000000,0,0,0,1,0,0,0,0,0,0,0,998,0,2,3,0,6,2,1,0,0,0,1,21,42748,6,1,0,0,3,0,70,220,1,0,0,0,0,7,2011,7,2011,0,58,0,0,0,2,2,70,1,2,2,1,40,3,1,12,7,3,4,7,1,0
21,210248,1,3,1,19,6,16,40,12,7,1,0,21,1,72,706,72706,80,2013,1HD1KBM1XDB6,1,H,D,1,K,B,M,1,X,D,B,6,0,0,0,000000000,00000000000,0,0,0,1,0,0,0,0,0,0,0,998,0,0,0,81,6,2,12,0,0,0,1,21,41055,6,1,0,0,3,0,71,160,1,0,0,0,0,10,2012,10,2012,0,0,0,0,0,1,2,55,1,1,2,1,0,0,1,52,3,2,1,48,1,1
21,210248,2,3,3,19,6,16,40,12,7,1,0,42,4,6,18,6018,4,2014,1C3CCBAB8EN1,1,C,3,C,C,B,A,B,8,E,N,1,0,0,0,000000000,00000000000,0,0,0,1,0,0,0,0,0,0,0,5,0,0,0,7,2,5,12,0,0,0,1,48,78028,6,1,0,0,3,1,999,999,0,0,0,0,1,8,2013,8,2013,0,0,0,0,0,1,2,55,1,1,2,1,0,0,2,18,1,1,1,48,0,0
21,210248,3,3,3,19,6,16,40,12,7,1,0,21,1,12,402,12402,14,2008,1FMCU93Z98KA,1,F,M,C,U,9,3,Z,9,8,K,A,0,0,0,000000000,00000000000,0,0,0,1,0,0,0,0,0,0,0,998,0,0,0,12,6,2,12,0,0,0,1,21,41240,6,1,0,0,3,0,62,122,0,0,0,0,0,0,0,0,0,0,0,0,0,0,1,2,55,1,1,2,1,0,0,1,62,7,1,1,98,0,0
21,210249,1,2,2,20,6,11,49,12,6,1,0,21,1,12,481,12481,31,2012,1FT7W2BT8CEC,1,F,T,7,W,2,B,T,8,C,E,C,0,0,0,000000000,00000000000,0,0,0,1,0,0,0,0,0,0,0,998,0,0,0,12,4,3,12,0,0,0,1,21,40324,6,1,0,0,3,0,75,190,0,0,0,1,0,1,2013,1,2013,0,39,0,0,0,5,5,45,1,1,2,1,2,3,1,67,3,2,1,83,0,0
21,210249,2,2,2,20,6,11,49,12,6,1,0,21,1,49,32,49032,4,2008,1NXBR32E48Z9,1,N,X,B,R,3,2,E,4,8,Z,9,0,0,0,000000000,00000000000,0,0,0,1,0,0,0,0,0,0,0,998,0,0,0,9,6,2,12,0,0,0,1,21,40511,6,1,0,0,3,0,60,135,1,0,0,0,0,9,2011,9,2011,0,0,0,0,0,2,2,98,1,1,2,1,2,3,11,15,1,1,1,82,1,0
21,210250,1,1,1,20,6,18,33,8,0,1,0,21,1,63,37,63037,6,2014,KNDJN2A24E70,K,N,D,J,N,2,A,2,4,E,7,0,0,0,0,000000000,00000000000,0,0,0,1,0,0,0,0,0,0,0,998,0,0,0,12,2,3,8,0,0,0,1,21,40272,6,1,0,0,3,0,63,210,0,0,0,0,0,0,0,0,0,0,0,0,0,0,5,3,35,1,1,2,1,0,0,1,80,3,2,1,13,0,0
21,210251,1,1,2,21,6,9,13,9,0,1,0,21,2,23,461,23461,29,2013,1GTS7AFX6D11,1,G,T,S,7,A,F,X,6,D,1,1,0,0,0,000000000,00000000000,0,0,0,1,0,0,0,0,0,0,0,998,0,0,0,11,2,3,9,0,0,0,1,21,40212,6,1,0,0,3,0,60,108,0,0,0,0,0,0,0,0,0,0,0,0,0,0,1,2,98,1,1,2,1,3,3,1,80,2,1,1,13,0,0
21,210252,1,2,1,21,6,20,55,12,99,1,1,21,2,12,422,12422,15,2001,1FMRU15W31LB,1,F,M,R,U,1,5,W,3,1,L,B,0,0,0,000000000,00000000000,0,0,0,1,0,0,0,0,0,0,0,998,0,0,0,12,4,3,12,0,0,0,1,21,40391,0,0,0,0,0,0,999,999,0,0,0,0,0,0,0,0,0,0,91,27,0,0,2,2,70,1,1,2,1,0,0,1,99,98,1,9,49,0,1
21,210252,2,2,2,21,6,20,55,12,99,1,0,21,2,20,421,20421,15,2001,1GNDT13W1122,1,G,N,D,T,1,3,W,1,1,2,2,0,0,0,000000000,00000000000,0,0,0,1,0,0,0,0,0,0,0,998,0,1,5,98,6,2,35,0,0,0,1,21,42501,6,1,0,0,3,0,66,215,0,0,0,0,0,0,0,0,0,0,0,0,0,0,2,2,70,1,1,2,1,0,0,1,99,98,1,9,49,1,0
21,210253,1,1,1,22,6,9,5,30,0,1,0,21,2,7,41,7041,4,1999,2B3HD46R9XH5,2,B,3,H,D,4,6,R,9,X,H,5,0,0,0,000000000,00000000000,0,0,0,1,0,0,0,0,0,0,0,45,0,1,5,12,6,2,30,0,0,0,1,21,40444,6,1,0,0,3,1,75,220,0,0,0,0,0,0,0,0,0,0,0,0,0,0,1,2,55,2,2,2,1,0,0,14,13,1,1,4,1,1,0
21,210254,1,2,2,22,6,22,15,12,6,1,0,21,1,20,481,20481,31,2004,1GCEK19T74E2,1,G,C,E,K,1,9,T,7,4,E,2,0,0,0,000000000,00000000000,0,0,0,1,0,0,0,0,0,0,0,998,7,1,1,12,6,2,12,0,0,0,1,21,42701,6,1,0,0,3,0,71,150,1,0,0,0,0,1,2014,1,2014,0,39,0,0,0,8,8,98,8,8,2,1,20,3,1,17,1,1,1,88,0,1
21,210254,2,2,2,22,6,22,15,12,6,1,0,21,2,12,3,12003,1,2004,1FAFP44654F2,1,F,A,F,P,4,4,6,5,4,F,2,0,0,0,000000000,00000000000,0,0,0,1,0,0,0,0,0,0,0,998,0,0,0,61,6,2,12,0,0,1,1,21,42701,6,1,0,0,3,1,62,120,0,0,0,0,0,0,0,0,0,0,0,0,0,0,2,2,55,1,3,2,1,40,3,1,66,98,1,1,89,1,0
21,210255,1,1,1,9,6,21,18,8,0,1,0,21,1,22,20,22020,2,1992,1G2WJ14T2NF2,1,G,2,W,J,1,4,T,2,N,F,2,0,0,0,000000000,00000000000,0,0,0,1,0,0,0,0,0,0,0,998,0,0,0,81,6,2,8,0,0,0,1,21,41719,6,1,0,0,3,1,67,205,2,0,0,0,0,3,2014,4,2014,0,0,0,0,0,1,2,55,1,1,2,1,0,0,1,80,3,2,1,13,0,0
21,210256,1,1,1,18,6,17,32,8,0,1,0,39,3,13,1,13001,4,1999,1LNHM82W7XY6,1,L,N,H,M,8,2,W,7,X,Y,6,0,0,0,000000000,00000000000,0,0,0,1,0,0,0,0,0,0,0,998,0,0,0,12,2,5,8,0,0,0,1,39,45236,6,1,0,0,3,0,74,140,0,0,0,2,0,6,2011,9,2012,0,38,0,0,0,4,2,30,1,1,2,1,2,3,11,80,1,1,1,13,0,0
21,210257,1,2,1,23,6,18,22,12,6,1,0,21,3,20,34,20034,3,1997,2C1MR2297V67,2,C,1,M,R,2,2,9,7,V,6,7,0,0,0,000000000,00000000000,0,0,0,1,0,0,0,0,0,0,0,15,0,0,0,61,6,2,12,0,0,0,1,21,40217,6,1,0,0,3,1,73,190,1,0,0,0,0,7,2011,7,2011,0,38,39,0,0,1,2,98,1,1,8,1,20,3,11,15,1,1,1,82,1,0
21,210257,2,2,2,23,6,18,22,12,6,1,0,21,3,12,870,12870,64,2002,1FDWE35F72HB,1,F,D,W,E,3,5,F,7,2,H,B,0,0,77,777777777,77777777777,2,1,97,1,0,0,0,0,0,6,5,47,4,0,0,12,6,2,12,0,0,0,1,21,40165,6,1,0,0,3,1,70,290,2,0,0,0,0,2,2012,4,2013,0,0,0,0,0,1,4,35,1,1,2,1,0,0,1,67,8,2,1,83,0,0
21,210258,1,1,2,24,6,0,3,8,0,1,0,21,2,23,402,23402,14,2011,2CTALSEC2B62,2,C,T,A,L,S,E,C,2,B,6,2,0,0,0,000000000,00000000000,0,0,0,1,0,0,0,0,0,0,0,998,0,0,0,12,2,5,8,0,0,0,1,21,40216,6,7,0,0,2,0,67,190,0,0,0,0,0,0,0,0,0,0,0,0,0,0,1,6,35,1,1,2,1,0,0,1,80,1,1,1,13,0,0
21,210259,1,1,2,24,6,15,20,34,0,1,0,21,1,20,22,20022,2,2007,1G1AL15F8772,1,G,1,A,L,1,5,F,8,7,7,2,0,0,0,000000000,00000000000,0,0,0,1,0,0,0,0,0,0,0,998,0,2,5,12,6,2,34,0,0,0,1,21,41098,6,1,0,0,3,0,66,115,0,0,0,0,0,0,0,0,0,0,0,0,0,0,1,2,55,2,1,2,2,0,0,14,13,1,1,4,1,1,0
21,210260,1,2,1,24,6,22,47,12,1,1,0,21,2,20,20,20020,4,1994,2G1WN54T6R91,2,G,1,W,N,5,4,T,6,R,9,1,0,0,0,000000000,00000000000,0,0,0,1,0,0,0,0,0,0,0,998,0,0,0,12,6,2,12,0,0,0,1,21,42602,6,1,0,0,3,1,71,180,0,1,0,0,0,6,2011,6,2011,3,0,0,0,0,5,3,55,1,1,2,1,0,0,1,51,1,1,1,24,1,1
21,210260,2,2,2,24,6,22,47,12,1,1,0,21,3,86,884,86884,66,2007,1M1AK06YX7N0,1,M,1,A,K,0,6,Y,X,7,N,0,0,0,57,00758642,5700758642,3,5,96,1,0,0,0,0,0,0,0,998,0,0,0,6,6,2,12,0,0,0,1,21,42717,6,1,7,0,3,1,69,187,0,0,0,0,0,0,0,0,0,0,0,0,0,0,5,3,55,1,1,2,1,0,0,11,53,1,1,1,26,0,0
21,210261,1,1,1,22,6,2,36,34,0,1,0,21,1,13,482,13482,31,2006,5LTPW16586FJ,5,L,T,P,W,1,6,5,8,6,F,J,0,0,0,000000000,00000000000,0,0,0,1,0,0,0,0,0,0,0,998,0,0,0,12,6,2,42,0,0,0,1,21,42066,6,1,6,0,3,1,71,225,0,0,0,0,0,0,0,0,0,3,0,0,0,0,1,2,55,1,2,2,1,40,3,1,12,98,1,4,6,1,1
21,210262,1,2,3,25,6,22,56,12,6,1,0,21,1,2,404,2404,14,2000,1J4GW58N3YC3,1,J,4,G,W,5,8,N,3,Y,C,3,0,0,0,000000000,00000000000,0,0,0,1,0,0,0,0,0,0,0,998,0,0,0,12,4,3,12,0,0,0,1,21,42104,6,1,0,0,3,1,65,128,0,0,0,0,0,0,0,0,0,0,39,91,0,0,2,3,98,1,1,2,1,3,3,1,62,1,1,1,69,0,1
21,210262,2,2,1,25,6,22,56,12,6,1,0,18,2,53,705,53705,80,2007,JS1NP41A2721,J,S,1,N,P,4,1,A,2,7,2,1,0,0,0,000000000,00000000000,0,0,0,1,0,0,0,0,0,0,0,998,0,0,0,81,6,2,12,0,0,0,1,21,42122,6,2,0,0,2,0,64,180,0,0,0,0,0,0,0,0,0,0,0,0,0,0,5,3,98,1,1,2,1,3,3,11,15,1,1,1,68,1,0