STATE,ST_CASE,VEH_NO,VE_FORMS,NUMOCCS,DAY,MONTH,HOUR,MINUTE,HARM_EV,MAN_COLL,UNITTYPE,HIT_RUN,REG_STAT,OWNER,MAKE,MODEL,MAK_MOD,BODY_TYP,MOD_YEAR,VIN,VIN_1,VIN_2,VIN_3,VIN_4,VIN_5,VIN_6,VIN_7,VIN_8,VIN_9,VIN_10,VIN_11,VIN_12,TOW_VEH,J_KNIFE,MCARR_I1,MCARR_I2,MCARR_ID,GVWR,V_CONFIG,CARGO_BT,HAZ_INV,HAZ_PLAC,HAZ_ID,HAZ_CNO,HAZ_REL,BUS_USE,SPEC_USE,EMER_USE,TRAV_SP,UNDERIDE,ROLLOVER,ROLINLOC,IMPACT1,DEFORMED,TOWED,M_HARM,VEH_SC1,VEH_SC2,FIRE_EXP,DR_PRES,L_STATE,DR_ZIP,L_STATUS,L_TYPE,CDL_STAT,L_ENDORS,L_COMPL,L_RESTRI,DR_HGT,DR_WGT,PREV_ACC,PREV_SUS,PREV_DWI,PREV_SPD,PREV_OTH,FIRST_MO,FIRST_YR,LAST_MO,LAST_YR,SPEEDREL,DR_SF1,DR_SF2,DR_SF3,DR_SF4,VTRAFWAY,VNUM_LAN,VSPD_LIM,VALIGN,VPROFILE,VPAVETYP,VSURCOND,VTRAFCON,VTCONT_F,P_CRASH1,P_CRASH2,P_CRASH3,PCRASH4,PCRASH5,ACC_TYPE,DEATHS,DR_DRINK
21,210308,1,2,3,18,7,13,57,12,6,1,0,21,2,12,21,12021,4,2007,1FAHP241X7G1,1,F,A,H,P,2,4,1,X,7,G,1,0,0,0,000000000,00000000000,0,0,0,1,0,0,0,0,0,0,0,998,0,0,0,12,6,2,12,0,0,0,1,21,40165,6,1,0,0,3,0,67,125,0,0,0,0,0,0,0,0,0,0,58,0,0,0,2,2,70,1,1,2,1,0,0,1,13,6,1,6,66,0,1
21,210308,2,2,2,18,7,13,57,12,6,1,0,51,2,35,402,35402,14,2010,5N1AN0NW2AC5,5,N,1,A,N,0,N,W,2,A,C,5,0,0,0,000000000,00000000000,0,0,0,1,0,0,0,0,0,0,0,998,0,1,5,61,6,2,1,0,0,0,1,51,23693,6,1,0,0,3,0,69,195,0,0,0,0,0,0,0,0,0,0,0,0,0,0,2,2,70,1,1,2,1,0,0,1,62,1,1,1,66,1,0
21,210309,1,1,3,19,7,4,29,42,0,1,0,21,2,12,481,12481,31,2006,1FTSF21P16EA,1,F,T,S,F,2,1,P,1,6,E,A,0,0,0,000000000,00000000000,0,0,0,1,0,0,0,0,0,0,0,998,0,2,5,9,6,2,42,0,0,0,1,21,40311,6,1,0,0,3,0,70,149,1,0,0,0,0,5,2012,5,2012,0,28,0,0,0,1,2,55,3,1,2,2,40,3,14,10,7,3,4,2,3,1
21,210310,1,2,1,8,7,19,10,12,6,1,0,21,1,20,36,20036,2,2007,2G1WJ15NX792,2,G,1,W,J,1,5,N,X,7,9,2,0,0,0,000000000,00000000000,0,0,0,1,0,0,0,0,0,0,0,8,0,0,0,81,6,2,12,0,0,0,1,21,40258,6,1,0,0,3,0,60,159,0,0,0,0,0,0,0,0,0,0,38,0,0,0,5,5,50,1,1,2,1,0,0,11,15,1,1,2,68,0,0
21,210310,2,2,1,8,7,19,10,12,6,1,0,21,1,72,706,72706,80,2006,1HD1FWW166Y6,1,H,D,1,F,W,W,1,6,6,Y,6,0,0,0,000000000,00000000000,0,0,0,1,0,0,0,0,0,0,0,53,0,0,0,12,6,2,12,0,0,0,1,21,40117,6,1,8,0,3,0,70,200,0,0,0,0,0,0,0,0,0,0,0,0,0,0,5,5,50,1,1,2,1,0,0,1,62,4,9,1,69,1,0
21,210311,1,2,7,24,7,21,2,12,1,1,0,12,4,6,441,6441,20,2014,2C4RC1BG0ER2,2,C,4,R,C,1,B,G,0,E,R,2,0,0,0,000000000,00000000000,0,0,0,1,0,0,0,0,0,0,0,998,0,0,0,12,6,2,12,0,0,0,1,21,40059,6,1,0,0,3,0,70,200,0,0,0,0,0,0,0,0,0,4,26,38,0,0,1,4,70,1,2,2,1,0,0,1,51,98,1,1,24,1,0
21,210311,2,2,1,24,7,21,2,12,1,1,0,39,3,82,881,82881,66,2006,1FUJF0CV06LW,1,F,U,J,F,0,C,V,0,6,L,W,1,1,57,00251206,5700251206,3,6,1,1,0,0,0,0,0,0,0,998,0,0,0,6,2,5,12,0,0,0,1,39,45365,6,1,6,0,3,0,70,170,0,0,0,0,0,0,0,0,0,0,0,0,0,0,1,4,70,1,2,2,1,0,0,1,53,1,1,1,25,0,0
21,210312,1,1,4,25,7,1,35,42,0,1,0,21,2,63,37,63037,6,2010,KNDJT2A28A71,K,N,D,J,T,2,A,2,8,A,7,1,0,0,0,000000000,00000000000,0,0,0,1,0,0,0,0,0,0,0,85,0,0,0,12,6,2,42,0,0,0,1,21,42003,0,0,0,0,0,0,999,999,0,0,0,0,0,0,0,0,0,3,52,58,0,0,1,2,45,1,3,2,1,0,0,1,6,6,4,4,7,1,0
21,210313,1,1,1,26,7,11,30,42,0,1,0,21,2,6,52,6052,1,2002,3C8FY68BX2T2,3,C,8,F,Y,6,8,B,X,2,T,2,0,0,0,000000000,00000000000,0,0,0,1,0,0,0,0,0,0,0,998,0,0,0,12,6,2,42,0,0,0,1,21,40402,1,1,0,0,2,1,72,140,0,1,1,0,0,10,2013,10,2013,4,28,0,0,0,1,2,55,1,2,4,1,0,0,1,6,8,2,4,7,1,1
21,210314,1,1,1,26,7,23,0,1,0,1,0,0,0,37,734,37734,90,2007,1HFTE3300742,1,H,F,T,E,3,3,0,0,7,4,2,0,0,0,000000000,00000000000,0,0,0,1,0,0,0,0,0,0,0,998,0,2,5,0,2,3,1,0,0,0,1,21,41311,6,1,0,0,1,0,73,270,1,0,0,0,0,11,2012,11,2012,0,0,0,0,0,1,2,35,2,1,2,2,0,0,14,12,1,2,4,7,1,1
21,210315,1,1,1,29,7,20,24,21,0,1,0,47,1,13,398,13398,2,9999,86H7201600,8,6,H,7,2,0,1,6,0,0,,,0,0,0,000000000,00000000000,0,0,0,1,0,0,0,0,0,0,0,998,0,0,0,12,6,2,21,0,0,0,1,28,38632,6,1,0,0,3,0,64,165,98,0,0,0,0,0,0,0,0,0,58,0,0,0,3,3,70,1,1,2,1,40,3,1,9,98,2,4,2,1,0
21,210316,1,1,2,29,7,21,16,32,0,1,0,18,2,49,51,49051,3,2008,JTDJT9236851,J,T,D,J,T,9,2,3,6,8,5,1,0,0,0,000000000,00000000000,0,0,0,1,0,0,0,0,0,0,0,998,0,1,5,12,6,2,32,0,0,0,1,21,40218,0,0,0,0,0,0,76,279,0,0,0,0,0,0,0,0,0,3,0,0,0,0,1,2,35,1,1,2,1,0,0,1,13,98,2,4,1,1,0
21,210317,1,2,1,30,7,17,30,12,2,1,0,21,1,7,20,7020,4,2005,1B3ES56C25D1,1,B,3,E,S,5,6,C,2,5,D,1,0,0,0,000000000,00000000000,0,0,0,1,0,0,0,0,0,0,0,998,0,0,0,12,6,2,12,0,0,0,1,21,40437,6,1,0,0,3,1,71,112,0,0,0,0,0,0,0,0,0,0,0,0,0,0,1,2,55,2,1,2,1,0,0,14,10,1,1,2,50,1,0
21,210317,2,2,1,30,7,17,30,12,2,1,0,21,2,98,804,98804,63,1995,2WKPDCCH0SK9,2,W,K,P,D,C,C,H,0,S,K,9,0,0,57,01021290,5701021290,3,2,10,1,0,0,0,0,0,0,0,998,7,0,0,12,4,3,12,0,0,0,1,21,42539,6,1,6,0,3,0,70,150,0,0,0,0,0,0,0,0,0,0,0,0,0,0,1,2,55,3,1,2,1,0,0,14,62,3,2,1,51,0,0
21,210318,1,2,1,31,7,12,36,12,6,1,0,21,1,35,421,35421,15,2008,5N1BA08C08N6,5,N,1,B,A,0,8,C,0,8,N,6,0,0,0,000000000,00000000000,0,0,0,1,0,0,0,0,0,0,0,998,0,0,0,12,6,2,12,0,0,0,1,21,40515,6,1,0,0,3,0,65,160,1,0,0,2,0,10,2011,3,2013,0,39,0,0,0,2,2,55,1,1,2,1,40,3,1,67,98,1,1,83,0,0
21,210318,2,2,2,31,7,12,36,12,6,1,0,21,1,20,2,20002,4,2012,2G1WG5E32C12,2,G,1,W,G,5,E,3,2,C,1,2,0,0,0,000000000,00000000000,0,0,0,1,0,0,0,0,0,0,0,998,0,0,0,9,6,2,12,0,0,0,1,21,40383,6,1,0,0,3,0,73,190,0,0,0,0,0,0,0,0,0,0,0,0,0,0,1,2,98,1,1,2,1,20,3,11,15,1,1,1,82,1,0
21,210319,1,1,2,20,7,23,39,35,0,1,0,0,0,99,739,99739,90,9999,999999999999,9,9,9,9,9,9,9,9,9,9,9,9,0,0,0,000000000,00000000000,0,0,0,1,0,0,0,0,0,0,0,998,0,1,5,81,6,5,1,0,0,0,1,21,40601,6,1,0,0,3,0,64,145,0,4,2,0,2,8,2011,4,2013,0,0,0,0,0,1,2,55,4,2,2,1,0,0,14,13,1,1,4,1,1,1
21,210320,1,2,1,22,6,17,52,12,6,1,0,92,0,98,709,98709,81,2010,999999999999,9,9,9,9,9,9,9,9,9,9,9,9,0,0,0,000000000,00000000000,0,0,0,1,0,0,0,0,0,0,0,998,0,0,0,61,6,2,12,0,0,0,1,21,42519,0,0,0,0,0,0,67,160,0,0,0,0,0,0,0,0,0,0,38,0,0,0,1,2,98,1,3,2,1,20,3,1,17,2,1,1,89,1,0
21,210320,2,2,3,22,6,17,52,12,6,1,0,21,1,35,472,35472,30,2006,1N6AD07W56C4,1,N,6,A,D,0,7,W,5,6,C,4,0,0,0,000000000,00000000000,0,0,0,1,0,0,0,0,0,0,0,998,0,0,0,12,4,3,12,0,0,0,1,21,42503,6,1,0,0,3,0,70,160,1,0,0,0,0,6,2012,6,2012,0,0,0,0,0,2,3,55,1,3,2,1,40,3,1,66,8,2,2,88,0,0
21,210321,1,1,1,27,7,22,30,42,0,1,0,21,1,20,401,20401,14,2000,1GNDT13WXY23,1,G,N,D,T,1,3,W,X,Y,2,3,0,0,0,000000000,00000000000,0,0,0,1,0,0,0,0,0,0,0,53,0,0,0,82,6,2,42,0,0,0,1,21,40442,6,1,0,0,3,0,65,120,0,0,0,0,0,0,0,0,0,0,0,0,0,0,1,2,55,3,1,2,1,0,0,14,13,1,1,4,1,1,1
21,210322,1,1,1,7,6,4,10,42,0,1,0,21,2,12,37,12037,4,2007,1FAFP34N47W2,1,F,A,F,P,3,4,N,4,7,W,2,0,0,0,000000000,00000000000,0,0,0,1,0,0,0,0,0,0,0,65,0,0,0,12,6,2,42,0,0,0,1,21,40360,6,1,0,0,3,0,72,256,0,0,0,1,0,3,2014,3,2014,0,0,0,0,0,1,2,55,2,1,2,1,0,0,14,13,1,1,4,1,1,1
21,210323,1,1,4,11,6,12,2,24,0,1,0,48,3,12,481,12481,31,2010,1FTSW2B53AEA,1,F,T,S,W,2,B,5,3,A,E,A,1,1,0,000000000,00000000000,0,0,0,1,0,0,0,0,0,0,0,998,0,1,5,12,6,2,1,0,0,0,1,48,77414,6,1,0,0,3,0,999,999,0,0,0,0,0,0,0,0,0,0,0,0,0,0,1,3,55,1,6,2,1,40,3,1,1,98,4,4,7,1,0
21,210324,1,1,1,20,7,17,16,59,0,1,0,21,1,72,706,72706,80,2005,1HD1DDV175Y6,1,H,D,1,D,D,V,1,7,5,Y,6,0,0,0,000000000,00000000000,0,0,0,1,0,0,0,0,0,0,0,998,0,0,0,12,6,2,59,0,0,0,1,21,42642,6,1,0,0,3,0,70,220,1,0,0,0,0,7,2011,7,2011,0,0,0,0,0,1,2,55,4,1,2,1,40,3,14,13,1,1,4,1,1,1
21,210325,1,1,1,4,6,7,20,42,0,1,0,21,1,18,22,18022,4,2013,1G4GC5E36DF1,1,G,4,G,C,5,E,3,6,D,F,1,0,0,0,000000000,00000000000,0,0,0,1,0,0,0,0,0,0,0,998,0,1,5,12,6,2,42,0,0,0,1,21,40152,6,1,0,0,3,0,68,155,0,0,0,0,0,0,0,0,0,0,0,0,0,0,1,2,55,4,2,2,1,0,0,14,13,1,1,4,1,1,0
21,210326,1,1,1,30,5,21,0,32,0,1,0,21,1,37,706,37706,80,1995,1HFSC2236SA7,1,H,F,S,C,2,2,3,6,S,A,7,0,0,0,000000000,00000000000,0,0,0,1,0,0,0,0,0,0,0,998,0,0,0,12,6,2,34,0,0,0,1,21,42127,3,1,0,0,2,0,57,135,0,0,0,0,0,0,0,0,0,0,0,0,0,0,1,2,55,3,2,2,1,40,3,1,13,1,1,4,1,1,1
21,210327,1,2,1,24,6,18,43,12,6,1,0,21,2,20,25,20025,4,2011,1G1PF5S96B72,1,G,1,P,F,5,S,9,6,B,7,2,0,0,0,000000000,00000000000,0,0,0,1,0,0,0,0,0,0,0,998,0,0,0,61,6,2,12,0,0,0,1,21,41339,6,1,0,0,3,1,68,125,0,0,0,0,0,0,0,0,0,0,38,0,0,0,5,3,45,1,1,2,1,0,0,11,98,1,1,1,82,0,0
21,210327,2,2,1,24,6,18,43,12,6,1,0,21,1,72,706,72706,80,1998,1HD1CAP14WY2,1,H,D,1,C,A,P,1,4,W,Y,2,0,0,0,000000000,00000000000,0,0,0,1,0,0,0,0,0,0,0,998,0,0,0,12,6,2,12,0,0,0,1,21,41339,6,1,0,0,2,0,71,160,1,0,0,0,0,6,2014,6,2014,0,0,0,0,0,5,3,45,1,1,2,1,0,0,1,72,1,1,1,83,1,0
21,210328,1,1,1,21,7,13,17,1,0,1,0,21,1,37,703,37703,88,1985,JH2MF0107FK0,J,H,2,M,F,0,1,0,7,F,K,0,0,0,0,000000000,00000000000,0,0,0,1,0,0,0,0,0,0,0,998,0,0,0,0,2,3,1,0,0,0,1,21,40391,6,1,0,0,2,0,69,192,0,0,0,0,0,0,0,0,0,0,87,0,0,0,2,3,45,1,1,2,1,3,3,11,5,1,9,1,98,1,0
21,210329,1,1,2,9,5,14,3,42,0,1,0,21,2,12,471,12471,30,2002,1FTYR14V72PB,1,F,T,Y,R,1,4,V,7,2,P,B,0,0,0,000000000,00000000000,0,0,0,1,0,0,0,0,0,0,0,998,0,0,0,12,6,2,42,0,0,0,1,21,40336,6,1,0,0,3,1,66,140,1,0,0,0,0,1,2013,1,2013,0,0,0,0,0,1,2,55,1,1,2,2,0,0,1,13,1,1,4,1,1,0
21,210330,1,2,1,13,6,9,54,12,6,1,0,21,1,14,6,14006,4,2001,2MEFM74W61X6,2,M,E,F,M,7,4,W,6,1,X,6,0,0,0,000000000,00000000000,0,0,0,1,0,0,0,0,0,0,0,998,0,0,0,12,6,2,30,0,0,0,1,21,42445,6,1,0,0,3,0,74,215,0,0,0,0,0,0,0,0,0,0,0,0,0,0,1,2,25,1,1,2,1,20,3,1,17,98,1,1,86,1,0
21,210330,2,2,3,13,6,9,54,12,6,1,0,18,1,19,481,19481,31,2007,3GYFK62837G1,3,G,Y,F,K,6,2,8,3,7,G,1,0,0,0,000000000,00000000000,0,0,0,1,0,0,0,0,0,0,0,998,0,0,0,81,2,5,12,0,0,0,1,18,47620,6,1,6,0,3,0,68,200,0,0,0,0,0,0,0,0,0,0,0,0,0,0,1,2,98,1,1,2,1,20,3,4,66,1,1,1,87,0,0
21,210331,1,2,1,10,4,11,27,12,6,1,0,18,1,12,17,12017,4,1999,1FAFP53U7XA1,1,F,A,F,P,5,3,U,7,X,A,1,0,0,0,000000000,00000000000,0,0,0,1,0,0,0,0,0,0,0,47,7,1,1,81,6,2,12,0,0,0,1,18,47512,0,0,0,0,0,0,68,130,0,0,0,0,0,0,0,0,0,0,39,0,0,0,1,4,55,1,1,2,1,3,3,1,17,1,1,1,87,1,0
21,210331,2,2,1,10,4,11,27,12,6,1,0,21,1,7,482,7482,31,2012,1C6RD7LTXCS2,1,C,6,R,D,7,L,T,X,C,S,2,0,0,0,000000000,00000000000,0,0,0,1,0,0,0,0,0,0,0,57,0,0,0,12,6,2,12,0,0,0,1,21,40033,6,1,0,0,3,0,71,230,0,0,0,0,0,0,0,0,0,0,0,0,0,0,1,4,55,1,1,2,1,3,3,1,66,1,1,1,86,0,0
21,210332,1,2,2,1,8,6,0,12,1,1,0,21,1,20,2,20002,4,2007,2G1WC58R3792,2,G,1,W,C,5,8,R,3,7,9,2,0,0,0,000000000,00000000000,0,0,0,1,0,0,0,0,0,0,0,998,0,0,0,12,6,2,12,0,0,0,1,21,40828,6,1,8,0,3,1,71,160,0,0,0,0,0,0,0,0,0,0,26,38,0,0,1,3,55,1,2,2,1,0,0,1,51,6,1,1,24,1,0
21,210332,2,2,1,1,8,6,0,12,1,1,0,21,2,86,881,86881,63,1978,DM8SX3618,D,M,8,S,X,3,6,1,8,,,,0,0,57,00990669,5700990669,3,2,4,1,0,0,0,0,0,0,0,998,0,0,0,6,2,5,12,0,0,0,1,21,40810,6,1,6,0,3,0,67,165,0,0,0,0,0,0,0,0,0,0,0,0,0,0,1,3,55,1,2,2,1,0,0,1,53,1,1,1,25,0,0
21,210333,1,1,1,1,8,8,50,21,0,1,0,21,1,37,402,37402,14,2005,JHLRD78895C0,J,H,L,R,D,7,8,8,9,5,C,0,0,0,0,000000000,00000000000,0,0,0,1,0,0,0,0,0,0,0,998,0,0,0,12,6,2,21,0,0,0,1,21,40207,6,1,0,0,3,1,69,200,1,0,0,0,0,11,2011,11,2011,0,0,0,0,0,3,3,70,1,1,2,1,40,3,1,13,1,1,4,1,1,0
21,210334,1,2,1,1,8,16,25,12,6,1,0,21,1,35,43,35043,4,2005,3N1CB51D05L4,3,N,1,C,B,5,1,D,0,5,L,4,0,0,0,000000000,00000000000,0,0,0,1,0,0,0,0,0,0,0,998,0,0,0,61,6,2,12,0,0,0,1,21,40208,6,1,0,0,3,0,62,121,0,0,0,0,0,0,0,0,0,0,48,0,0,0,3,2,65,1,1,2,1,28,3,12,98,1,1,7,98,1,0
21,210334,2,2,2,1,8,16,25,12,6,1,0,21,1,20,404,20404,14,2012,2GNFLDE53C63,2,G,N,F,L,D,E,5,3,C,6,3,0,0,0,000000000,00000000000,0,0,0,1,0,0,0,0,0,0,0,998,0,1,1,12,6,2,12,0,0,0,1,21,40218,6,1,0,0,3,0,75,180,1,0,0,0,0,4,2014,4,2014,0,0,0,0,0,3,2,65,1,1,2,1,0,0,1,64,6,1,2,98,0,0
21,210335,1,1,1,2,8,15,41,30,0,1,0,21,1,20,481,20481,31,1996,1GCEK14R1TZ1,1,G,C,E,K,1,4,R,1,T,Z,1,0,0,0,000000000,00000000000,0,0,0,1,0,0,0,0,0,0,0,998,0,1,5,12,6,2,30,0,0,0,1,21,40175,6,1,0,0,3,1,68,150,0,0,0,0,0,0,0,0,0,0,0,0,0,0,1,2,35,1,1,2,1,0,0,1,13,98,1,4,1,1,1
21,210336,1,1,6,2,8,17,29,42,0,1,0,21,1,22,32,22032,6,2003,5Y2SL62883Z4,5,Y,2,S,L,6,2,8,8,3,Z,4,0,0,0,000000000,00000000000,0,0,0,1,0,0,0,0,0,0,0,998,0,0,0,12,6,2,42,0,0,0,1,21,41179,6,1,0,0,3,0,73,140,0,0,0,0,0,0,0,0,0,0,58,87,0,0,1,2,55,2,2,2,2,40,3,14,12,98,1,4,6,1,0
21,210337,1,1,1,1,8,21,21,42,0,1,0,21,1,23,402,23402,14,2013,2GKFLTEK5D62,2,G,K,F,L,T,E,K,5,D,6,2,0,0,0,000000000,00000000000,0,0,0,1,0,0,0,0,0,0,0,998,0,0,0,12,6,2,42,0,0,0,1,21,40330,6,1,0,0,3,0,70,235,0,0,0,0,0,0,0,0,0,0,99,99,99,99,1,2,55,3,3,2,1,40,3,14,13,1,1,4,1,1,0
21,210338,1,2,1,2,8,20,14,12,6,1,0,21,1,63,441,63441,20,2008,KNDMB2330861,K,N,D,M,B,2,3,3,0,8,6,1,0,0,0,000000000,00000000000,0,0,0,1,0,0,0,0,0,0,0,23,0,0,0,81,4,3,12,0,0,0,1,21,42003,6,1,0,0,3,1,67,162,0,0,0,0,0,0,0,0,0,0,38,0,0,0,5,5,45,1,2,2,1,3,3,11,15,1,1,1,68,0,0
21,210338,2,2,1,2,8,20,14,12,6,1,0,21,1,76,704,76704,80,2009,JYAVP25E29A0,J,Y,A,V,P,2,5,E,2,9,A,0,0,0,0,000000000,00000000000,0,0,0,1,0,0,0,0,0,0,0,43,0,0,0,12,6,2,12,0,0,0,1,21,42081,6,1,0,0,3,1,72,200,0,0,0,0,0,0,0,0,0,0,0,0,0,0,5,5,45,1,2,2,1,3,3,1,62,3,2,1,69,1,0
21,210339,1,2,1,4,8,7,55,12,2,1,0,18,1,22,32,22032,6,2008,5Y2SL65868Z4,5,Y,2,S,L,6,5,8,6,8,Z,4,0,0,0,000000000,00000000000,0,0,0,1,0,0,0,0,0,0,0,998,0,1,1,12,6,2,12,0,0,0,1,18,47512,6,1,6,0,3,0,67,127,0,0,0,0,0,0,0,0,0,0,38,0,0,0,1,2,55,4,1,2,1,0,0,6,10,1,1,2,50,1,0
21,210339,2,2,1,4,8,7,55,12,2,1,0,18,1,54,421,54421,15,2003,2HNYD18283H5,2,H,N,Y,D,1,8,2,8,3,H,5,0,0,0,000000000,00000000000,0,0,0,1,0,0,0,0,0,0,0,998,0,0,0,12,6,2,12,0,0,0,1,18,47250,6,1,0,0,3,0,68,130,0,0,0,0,0,0,0,0,0,0,0,0,0,0,1,2,55,4,1,2,1,0,0,14,62,1,1,1,51,0,0
21,210340,1,1,1,4,8,14,45,8,0,1,0,21,1,12,3,12003,2,2013,1ZVBP8CF4D52,1,Z,V,B,P,8,C,F,4,D,5,2,0,0,0,000000000,00000000000,0,0,0,1,0,0,0,0,0,0,0,3,0,0,0,14,0,5,8,0,0,0,1,21,40906,6,1,0,0,3,0,66,150,0,0,0,0,0,0,0,0,0,0,0,0,0,0,1,1,15,4,1,2,1,0,0,4,82,1,1,1,13,0,0
21,210341,1,1,2,5,8,2,15,35,0,1,0,21,1,20,481,20481,31,2001,1GCEK19V21Z2,1,G,C,E,K,1,9,V,2,1,Z,2,0,0,0,000000000,00000000000,0,0,0,1,0,0,0,0,0,0,0,50,0,1,5,11,6,2,1,0,0,0,1,21,42647,6,2,0,0,2,2,71,120,0,0,0,0,0,0,0,0,0,3,73,0,0,0,1,2,35,2,2,2,1,0,0,14,10,3,2,4,7,1,1
21,210342,1,1,1,7,8,16,5,33,0,1,0,21,2,49,40,49040,4,1999,4T1BG22K5XU6,4,T,1,B,G,2,2,K,5,X,U,6,0,0,0,000000000,00000000000,0,0,0,1,0,0,0,0,0,0,0,998,0,1,5,98,6,2,33,0,0,0,1,21,42301,6,2,0,0,2,0,72,220,0,0,0,0,0,0,0,0,0,3,58,0,0,0,1,2,45,2,1,2,1,40,3,14,10,3,9,4,7,1,0
21,210343,1,2,1,6,8,3,28,8,0,1,0,17,3,51,881,51881,66,2006,4V4MC9GF36N4,4,V,4,M,C,9,G,F,3,6,N,4,1,1,57,00075806,5700075806,3,6,1,1,0,0,0,0,0,0,0,998,0,0,0,2,6,2,8,0,0,0,1,21,41011,6,1,6,0,3,0,74,240,1,0,0,0,0,12,2013,12,2013,0,28,0,0,0,2,2,70,1,1,2,1,0,0,1,80,1,1,1,13,0,0
21,210343,2,2,0,6,8,3,28,8,0,1,0,21,3,98,898,98898,64,1989,1F9EX28J7KCS,1,F,9,E,X,2,8,J,7,K,C,S,0,0,88,888888888,88888888888,3,1,97,1,0,0,0,0,0,7,6,0,0,0,0,61,6,2,12,41,0,0,0,0,99997,7,6,97,7,6,7,998,997,998,998,998,998,998,98,9998,98,9998,8,0,0,0,0,2,2,70,1,1,2,1,0,0,0,53,0,0,0,98,0,0
21,210344,1,1,2,9,8,10,15,59,0,1,0,21,2,20,481,20481,31,2011,1GC1CVC86BF1,1,G,C,1,C,V,C,8,6,B,F,1,0,0,0,000000000,00000000000,0,0,0,1,0,0,0,0,0,0,0,998,0,1,5,1,6,2,1,0,0,0,1,21,42039,6,1,0,0,3,0,73,220,1,0,0,0,0,8,2012,8,2012,4,58,0,0,0,1,2,35,3,2,2,1,40,3,14,6,98,2,4,2,1,0
21,210345,1,2,3,9,8,13,38,12,2,1,0,21,1,20,421,20421,15,2012,1GNSKBE0XCR1,1,G,N,S,K,B,E,0,X,C,R,1,0,0,0,000000000,00000000000,0,0,0,1,0,0,0,0,0,0,0,43,0,0,0,12,6,2,12,0,0,0,1,21,41031,6,1,0,0,3,1,65,180,2,0,0,0,0,11,2011,5,2013,0,28,58,79,0,1,2,55,2,1,2,2,0,0,14,10,98,2,2,50,0,0
21,210345,2,2,1,9,8,13,38,12,2,1,0,21,1,49,40,49040,4,2005,4T1BE30K95U4,4,T,1,B,E,3,0,K,9,5,U,4,0,0,0,000000000,00000000000,0,0,0,1,0,0,0,0,0,0,0,998,0,0,0,12,6,2,12,0,0,0,1,21,40324,6,1,0,0,3,0,71,145,0,0,0,1,1,5,2012,12,2012,0,0,0,0,0,1,2,55,3,1,2,2,0,0,14,62,1,1,1,51,1,0
21,210346,1,1,1,10,8,12,23,42,0,1,0,47,1,49,40,49040,4,1998,4T1BG22K9WU2,4,T,1,B,G,2,2,K,9,W,U,2,0,0,0,000000000,00000000000,0,0,0,1,0,0,0,0,0,0,0,998,0,1,5,62,6,2,42,0,0,0,1,47,37686,2,1,2,0,2,0,66,170,0,2,0,0,0,3,2014,3,2014,0,0,0,0,0,1,2,55,2,2,2,2,0,0,14,13,1,1,4,1,1,0
21,210347,1,2,1,11,8,3,0,12,2,1,0,21,2,20,444,20444,20,2006,1GNDV23L96D2,1,G,N,D,V,2,3,L,9,6,D,2,0,0,0,000000000,00000000000,0,0,0,1,0,0,0,0,0,0,0,998,0,0,0,12,6,2,12,0,0,0,1,21,42717,6,1,0,0,3,0,64,150,1,0,0,0,0,12,2012,12,2012,0,28,0,0,0,1,2,55,4,2,2,1,0,0,14,10,7,1,2,50,1,1
21,210347,2,2,3,11,8,3,0,12,2,1,0,21,2,82,881,82881,63,2007,1FUJBBCGX7LW,1,F,U,J,B,B,C,G,X,7,L,W,0,0,57,01321918,5701321918,3,1,96,1,0,0,0,0,0,0,0,998,0,0,0,12,4,3,12,0,0,0,1,21,42633,6,1,6,0,3,1,70,160,0,0,0,0,0,0,0,0,0,0,0,0,0,0,1,2,55,4,2,2,1,0,0,14,62,98,1,1,51,0,0
21,210348,1,1,3,12,8,2,0,42,0,1,0,21,1,20,22,20022,2,2006,1G1AL15F3676,1,G,1,A,L,1,5,F,3,6,7,6,0,0,0,000000000,00000000000,0,0,0,1,0,0,0,0,0,0,0,998,0,0,0,12,6,2,42,0,0,0,1,21,42642,6,1,0,0,3,0,69,159,0,0,0,0,0,0,0,0,0,0,0,0,0,0,1,2,55,3,2,2,1,40,3,14,13,1,1,4,1,1,0
21,210349,1,1,3,13,8,17,24,42,0,1,0,21,1,20,471,20471,30,1997,1GCDT14X8VK1,1,G,C,D,T,1,4,X,8,V,K,1,0,0,0,000000000,00000000000,0,0,0,1,0,0,0,0,0,0,0,998,0,1,5,82,6,2,42,0,0,0,1,21,41146,6,7,0,0,2,0,66,219,0,0,0,0,0,0,0,0,0,0,58,85,0,0,1,1,25,3,1,4,1,0,0,14,62,7,4,4,2,1,0
21,210350,1,1,2,14,8,0,38,35,0,1,0,21,2,34,35,34035,4,2002,WBADT63462CH,W,B,A,D,T,6,3,4,6,2,C,H,0,0,0,000000000,00000000000,0,0,0,1,0,0,0,0,0,0,0,83,0,1,5,12,6,2,1,0,0,0,1,21,40383,0,0,0,0,0,0,71,175,0,0,0,0,0,0,0,0,0,3,52,58,0,0,1,2,35,1,2,2,1,0,0,1,6,8,2,4,7,1,1