STATE,ST_CASE,VEH_NO,VE_FORMS,NUMOCCS,DAY,MONTH,HOUR,MINUTE,HARM_EV,MAN_COLL,UNITTYPE,HIT_RUN,REG_STAT,OWNER,MAKE,MODEL,MAK_MOD,BODY_TYP,MOD_YEAR,VIN,VIN_1,VIN_2,VIN_3,VIN_4,VIN_5,VIN_6,VIN_7,VIN_8,VIN_9,VIN_10,VIN_11,VIN_12,TOW_VEH,J_KNIFE,MCARR_I1,MCARR_I2,MCARR_ID,GVWR,V_CONFIG,CARGO_BT,HAZ_INV,HAZ_PLAC,HAZ_ID,HAZ_CNO,HAZ_REL,BUS_USE,SPEC_USE,EMER_USE,TRAV_SP,UNDERIDE,ROLLOVER,ROLINLOC,IMPACT1,DEFORMED,TOWED,M_HARM,VEH_SC1,VEH_SC2,FIRE_EXP,DR_PRES,L_STATE,DR_ZIP,L_STATUS,L_TYPE,CDL_STAT,L_ENDORS,L_COMPL,L_RESTRI,DR_HGT,DR_WGT,PREV_ACC,PREV_SUS,PREV_DWI,PREV_SPD,PREV_OTH,FIRST_MO,FIRST_YR,LAST_MO,LAST_YR,SPEEDREL,DR_SF1,DR_SF2,DR_SF3,DR_SF4,VTRAFWAY,VNUM_LAN,VSPD_LIM,VALIGN,VPROFILE,VPAVETYP,VSURCOND,VTRAFCON,VTCONT_F,P_CRASH1,P_CRASH2,P_CRASH3,PCRASH4,PCRASH5,ACC_TYPE,DEATHS,DR_DRINK
21,210351,1,2,2,14,8,11,10,12,6,1,0,39,1,7,29,7029,4,2013,1C3CDFBA8DD2,1,C,3,C,D,F,B,A,8,D,D,2,0,0,0,000000000,00000000000,0,0,0,1,0,0,0,0,0,0,0,998,0,0,0,81,6,2,12,0,0,0,1,39,43615,6,1,0,0,3,0,73,170,0,0,0,0,0,0,0,0,0,0,0,0,0,0,1,2,55,1,3,2,1,0,0,11,15,1,1,1,68,1,0
21,210351,2,2,1,14,8,11,10,12,6,1,0,21,2,2,404,2404,14,1999,1J4FF68SXXL5,1,J,4,F,F,6,8,S,X,X,L,5,0,0,0,000000000,00000000000,0,0,0,1,0,0,0,0,0,0,0,998,0,1,1,12,6,2,12,0,0,0,1,21,40342,6,1,0,0,3,1,64,120,2,0,0,0,0,3,2013,6,2014,0,0,0,0,0,1,2,55,1,3,2,1,0,0,1,62,1,1,1,69,0,0
21,210352,1,2,1,13,8,10,50,12,6,1,0,21,1,76,709,76709,80,1979,3H3011253,3,H,3,0,1,1,2,5,3,,,,0,0,0,000000000,00000000000,0,0,0,1,0,0,0,0,0,0,0,45,0,0,0,9,6,2,12,0,0,0,1,21,42071,6,1,0,0,2,0,67,130,0,0,0,0,0,0,0,0,0,0,28,39,85,0,1,2,55,2,1,2,1,0,0,6,10,1,1,2,64,1,0
21,210352,2,2,1,13,8,10,50,12,6,1,0,21,1,20,36,20036,2,1996,2G1WW12M0T91,2,G,1,W,W,1,2,M,0,T,9,1,0,0,0,000000000,00000000000,0,0,0,1,0,0,0,0,0,0,0,53,0,0,0,12,6,2,12,0,0,0,1,21,42076,6,1,0,0,3,0,62,183,1,0,0,0,0,9,2013,9,2013,0,0,0,0,0,1,2,55,3,1,2,1,0,0,14,62,1,1,1,65,0,0
21,210353,1,1,2,13,8,19,23,34,0,1,0,21,1,72,706,72706,80,2012,1HD1KEM11CB6,1,H,D,1,K,E,M,1,1,C,B,6,0,0,0,000000000,00000000000,0,0,0,1,0,0,0,0,0,0,0,998,0,0,0,12,6,2,34,0,0,0,1,21,42754,6,1,0,0,3,0,66,245,1,0,0,0,0,3,2012,3,2012,0,0,0,0,0,1,2,55,4,1,2,1,40,3,14,12,98,1,4,6,2,0
21,210354,1,1,1,15,8,20,59,42,0,1,0,21,2,12,17,12017,4,2003,1FAFP53U63G1,1,F,A,F,P,5,3,U,6,3,G,1,0,0,0,000000000,00000000000,0,0,0,1,0,0,0,0,0,0,0,998,0,0,0,12,6,2,42,0,0,0,1,21,41097,6,1,1,0,3,0,65,239,1,0,0,0,0,9,2012,9,2012,0,0,0,0,0,1,2,55,2,2,2,1,40,3,14,12,1,1,4,6,1,0
21,210355,1,3,1,16,8,8,15,12,1,1,0,21,2,7,482,7482,31,2010,3D7JB1EP3AG1,3,D,7,J,B,1,E,P,3,A,G,1,0,0,0,000000000,00000000000,0,0,0,1,0,0,0,0,0,0,0,75,0,0,0,12,6,2,12,0,0,0,1,21,40517,6,1,0,0,3,0,73,220,2,0,0,0,0,3,2012,10,2012,5,0,0,0,0,2,2,55,1,1,1,1,40,3,1,50,1,1,1,20,0,0
21,210355,2,3,1,16,8,8,15,12,1,1,0,21,2,34,39,34039,1,1997,4USCJ3320VLC,4,U,S,C,J,3,3,2,0,V,L,C,0,0,0,000000000,00000000000,0,0,0,1,0,0,0,0,0,0,0,0,0,0,0,6,6,2,12,0,0,0,1,21,40515,6,1,0,0,3,0,64,155,0,0,0,0,0,0,0,0,0,0,0,0,0,0,2,2,55,1,1,1,1,40,3,5,53,1,1,1,21,1,0
21,210355,3,3,1,16,8,8,15,12,1,1,0,21,1,37,31,37031,2,2007,2HGFG12877H5,2,H,G,F,G,1,2,8,7,7,H,5,0,0,0,000000000,00000000000,0,0,0,1,0,0,0,0,0,0,0,0,0,0,0,6,6,2,12,0,0,0,1,21,40067,6,1,0,0,3,1,75,180,0,0,0,0,0,0,0,0,0,0,0,0,0,0,2,2,55,1,1,1,1,40,3,5,53,1,1,1,98,0,0
21,210356,1,2,2,17,8,11,53,12,2,1,0,21,1,55,37,55037,2,2001,KMHJG25F31U2,K,M,H,J,G,2,5,F,3,1,U,2,0,0,0,000000000,00000000000,0,0,0,1,0,0,0,0,0,0,0,998,0,0,0,12,6,2,12,0,0,0,1,21,40078,6,1,0,0,3,0,68,170,0,1,0,0,0,10,2013,10,2013,0,28,38,0,0,1,2,55,4,1,2,2,0,0,14,10,1,1,2,50,1,0
21,210356,2,2,2,17,8,11,53,12,2,1,0,21,1,20,481,20481,31,2004,1GCHK29234E2,1,G,C,H,K,2,9,2,3,4,E,2,0,0,0,000000000,00000000000,0,0,0,1,0,0,0,0,0,0,0,998,0,0,0,12,6,2,12,0,0,0,1,21,40330,6,1,0,0,3,0,70,205,0,0,0,0,0,0,0,0,0,0,0,0,0,0,1,2,55,4,1,2,2,0,0,14,62,9,1,1,51,0,0
21,210357,1,1,2,17,8,9,31,24,0,1,0,21,1,12,17,12017,4,2006,1FAFP56U16A1,1,F,A,F,P,5,6,U,1,6,A,1,0,0,0,000000000,00000000000,0,0,0,1,0,0,0,0,0,0,0,68,0,0,0,1,6,2,42,0,0,0,1,21,42450,6,1,0,0,3,0,64,125,1,0,0,1,0,2,2012,5,2013,0,87,0,0,0,1,2,70,3,1,2,2,0,0,14,5,98,3,4,2,1,0
21,210358,1,1,1,19,8,22,11,8,0,1,0,21,1,12,443,12443,20,2005,2FMDA58285BA,2,F,M,D,A,5,8,2,8,5,B,A,0,0,0,000000000,00000000000,0,0,0,1,0,0,0,0,0,0,0,998,0,0,0,12,4,3,8,0,0,0,1,21,40059,6,1,0,0,3,2,75,200,0,0,0,0,0,0,0,0,0,0,74,0,0,0,1,2,45,1,1,2,1,0,0,1,80,4,2,1,13,0,0
21,210359,1,1,1,16,8,13,26,32,0,1,0,21,2,76,706,76706,80,2003,JYAVP11E93A0,J,Y,A,V,P,1,1,E,9,3,A,0,0,0,0,000000000,00000000000,0,0,0,1,0,0,0,0,0,0,0,998,0,0,0,12,6,2,32,0,0,0,1,21,40324,6,1,0,0,3,0,72,180,0,0,0,0,0,0,0,0,0,0,0,0,0,0,2,2,70,1,2,2,1,0,0,1,12,1,1,4,6,1,0
21,210360,1,2,1,21,8,17,23,12,6,1,0,21,2,12,37,12037,6,2009,1FAHP36N29W1,1,F,A,H,P,3,6,N,2,9,W,1,0,0,0,000000000,00000000000,0,0,0,1,0,0,0,0,0,0,0,998,0,0,0,61,6,2,12,0,0,0,1,21,40004,6,1,0,0,3,0,63,220,0,0,0,0,0,0,0,0,0,0,0,0,0,0,1,2,98,3,3,2,1,20,3,11,15,1,1,1,82,1,0
21,210360,2,2,1,21,8,17,23,12,6,1,0,18,2,12,881,12881,63,1987,1FDYU82A6HVA,1,F,D,Y,U,8,2,A,6,H,V,A,1,1,57,02053967,5702053967,3,4,4,1,0,0,0,0,0,0,0,998,0,0,0,12,6,2,12,0,0,0,1,21,40150,6,1,6,0,3,1,66,165,0,0,0,0,0,0,0,0,0,0,0,0,0,0,1,2,55,1,3,2,1,0,0,1,67,3,2,1,83,0,0
21,210361,1,1,1,19,8,22,18,24,0,1,0,21,1,72,709,72709,80,1976,9D16432H6,9,D,1,6,4,3,2,H,6,,,,0,0,0,000000000,00000000000,0,0,0,1,0,0,0,0,0,0,0,998,0,0,0,61,6,2,24,0,0,0,1,21,40312,6,1,0,0,3,0,72,160,0,0,0,0,0,0,0,0,0,0,0,0,0,0,6,2,35,2,5,2,1,28,3,14,12,1,1,4,6,1,0
21,210362,1,1,3,22,8,4,20,42,0,1,0,21,1,7,442,7442,20,1998,2B4GP45G7WR6,2,B,4,G,P,4,5,G,7,W,R,6,0,0,0,000000000,00000000000,0,0,0,1,0,0,0,0,0,0,0,65,0,0,0,12,6,2,42,0,0,0,1,21,40071,6,1,0,0,3,0,72,150,0,0,0,0,1,10,2013,10,2013,0,58,0,0,0,1,2,55,1,2,2,1,0,0,1,9,98,9,4,7,2,1
21,210363,1,1,2,30,6,15,28,42,0,1,0,0,0,99,739,99739,90,9999,000000000000,0,0,0,0,0,0,0,0,0,0,0,0,0,0,0,000000000,00000000000,0,0,0,1,0,0,0,0,0,0,0,998,0,0,0,12,6,2,42,0,0,0,1,21,42064,0,0,0,0,0,0,999,999,99,99,99,99,99,99,9999,99,9999,0,0,0,0,0,1,2,55,4,3,2,1,0,0,14,12,1,1,4,6,2,0
21,210364,1,1,3,23,8,21,54,9,0,1,0,21,3,20,870,20870,61,2011,1GB6G5CLXB11,1,G,B,6,G,5,C,L,X,B,1,1,0,0,88,888888888,88888888888,2,1,96,1,0,0,0,0,0,6,3,998,0,0,0,62,2,3,9,0,0,0,1,21,40737,6,1,0,0,3,1,74,195,3,0,0,0,0,11,2011,12,2013,0,0,0,0,0,1,4,55,1,1,2,1,0,0,1,83,1,1,1,13,0,0
21,210365,1,1,1,24,8,7,6,34,0,1,0,21,1,37,706,37706,80,1999,1HFSC2230XA1,1,H,F,S,C,2,2,3,0,X,A,1,0,0,0,000000000,00000000000,0,0,0,1,0,0,0,0,0,0,0,998,0,0,0,12,6,2,34,0,0,0,1,21,40360,6,1,0,0,3,0,73,180,0,0,0,0,0,0,0,0,0,0,0,0,0,0,1,2,55,1,1,2,1,40,3,1,13,1,1,4,1,1,0
21,210366,1,1,2,25,8,19,18,42,0,1,0,47,1,12,3,12003,2,2008,1ZVHT82H3851,1,Z,V,H,T,8,2,H,3,8,5,1,0,0,0,000000000,00000000000,0,0,0,1,0,0,0,0,0,0,0,998,0,1,5,12,6,2,42,0,0,0,1,47,38251,6,1,6,0,3,0,70,245,0,0,0,0,0,0,0,0,0,3,39,58,0,0,1,2,55,1,1,2,1,40,3,6,13,8,4,4,7,2,1
21,210367,1,2,1,22,8,15,48,12,6,1,0,21,1,12,422,12422,15,2000,1FMRU166XYLB,1,F,M,R,U,1,6,6,X,Y,L,B,0,0,0,000000000,00000000000,0,0,0,1,0,0,0,0,0,0,0,3,0,0,0,61,6,2,12,0,0,0,1,21,42051,6,1,0,0,3,0,71,170,0,0,0,0,0,0,0,0,0,0,38,0,0,0,2,3,45,1,1,1,1,40,3,4,98,1,1,7,85,0,0
21,210367,2,2,1,22,8,15,48,12,6,1,0,21,1,72,706,72706,80,2008,1HD1FC4128Y6,1,H,D,1,F,C,4,1,2,8,Y,6,0,0,0,000000000,00000000000,0,0,0,1,0,0,0,0,0,0,0,43,0,0,0,12,6,2,12,0,0,0,1,21,42027,6,1,0,0,3,0,73,175,0,0,0,0,0,0,0,0,0,0,0,0,0,0,2,3,45,1,1,1,1,40,3,1,73,1,1,1,85,1,0
21,210368,1,2,1,7,8,7,29,12,1,1,0,12,3,2,404,2404,14,2014,1C4PJLCB5EW1,1,C,4,P,J,L,C,B,5,E,W,1,0,0,0,000000000,00000000000,0,0,0,1,0,0,0,0,0,0,0,998,1,0,0,12,6,2,12,0,0,0,1,47,38122,6,1,0,0,3,0,65,135,0,0,0,0,0,0,0,0,0,0,23,0,0,0,1,2,55,1,2,2,1,0,0,1,50,98,1,1,20,1,0
21,210368,2,2,1,7,8,7,29,12,1,1,0,47,3,84,881,84881,66,2012,3HSDJSJR3CN5,3,H,S,D,J,S,J,R,3,C,N,5,1,1,57,00105234,5700105234,3,6,1,1,0,0,0,0,0,0,0,0,0,0,0,6,2,3,12,0,0,0,1,21,42420,6,1,6,0,3,0,69,270,0,0,0,0,0,0,0,0,0,0,0,0,0,0,1,2,55,1,2,2,1,0,0,1,53,1,1,1,21,0,0
21,210369,1,1,1,23,8,3,47,35,0,1,0,21,1,72,706,72706,80,2006,1HD1BVB176Y0,1,H,D,1,B,V,B,1,7,6,Y,0,0,0,0,000000000,00000000000,0,0,0,1,0,0,0,0,0,0,0,27,0,0,0,61,6,2,35,0,0,0,1,21,42220,1,1,0,0,2,0,67,165,0,1,0,0,0,12,2011,12,2011,0,0,0,0,0,1,2,35,4,1,2,6,20,3,14,13,1,1,4,1,1,0
21,210370,1,1,1,29,8,18,47,24,0,1,0,21,1,20,20,20020,4,1998,2G1WL52M4W92,2,G,1,W,L,5,2,M,4,W,9,2,0,0,0,000000000,00000000000,0,0,0,1,0,0,0,0,0,0,0,998,0,2,5,98,6,2,1,0,0,0,1,21,41144,6,1,0,0,3,0,70,350,0,0,0,0,0,0,0,0,0,0,58,0,0,0,1,2,55,1,2,2,1,0,0,1,12,8,2,4,6,1,1
21,210371,1,1,1,29,8,23,35,30,0,1,0,21,2,20,481,20481,31,1996,2GCEK19R5T11,2,G,C,E,K,1,9,R,5,T,1,1,0,0,0,000000000,00000000000,0,0,0,1,0,0,0,0,0,0,0,998,0,0,0,12,2,3,8,0,0,0,1,21,40046,6,1,0,0,3,0,68,130,0,0,0,0,0,0,0,0,0,0,0,0,0,0,1,2,55,1,2,2,1,0,0,1,19,1,1,4,99,0,0
21,210372,1,2,3,28,8,13,50,12,2,1,0,21,1,12,481,12481,31,2007,1FTSX21P57EB,1,F,T,S,X,2,1,P,5,7,E,B,0,0,0,000000000,00000000000,0,0,0,1,0,0,0,0,0,0,0,50,0,0,0,12,6,2,12,0,0,0,1,21,42029,6,1,0,0,3,0,75,225,2,0,0,0,0,11,2011,4,2012,0,28,79,87,0,1,2,55,3,2,2,2,0,0,14,5,6,4,2,50,1,0
21,210372,2,2,1,28,8,13,50,12,2,1,0,21,3,84,884,84884,66,2015,1HSDJAPR4FH5,1,H,S,D,J,A,P,R,4,F,H,5,1,1,57,01314522,5701314522,3,6,8,1,0,0,0,0,0,0,0,50,0,0,0,12,6,2,12,0,0,0,1,21,42054,6,1,6,1,3,1,73,180,0,0,0,0,0,0,0,0,0,0,0,0,0,0,1,2,55,2,2,2,2,0,0,14,62,4,2,1,51,0,0
21,210373,1,2,1,2,8,22,6,12,1,1,0,21,2,49,40,49040,4,1992,4T1VK12E2NU0,4,T,1,V,K,1,2,E,2,N,U,0,0,0,0,000000000,00000000000,0,0,0,1,0,0,0,0,0,0,0,998,0,0,0,12,6,2,12,0,0,0,1,21,40601,6,1,0,0,3,0,69,170,0,0,0,0,0,0,0,0,0,3,26,0,0,0,1,2,55,1,2,2,1,0,0,1,51,1,1,1,24,0,0
21,210373,2,2,1,2,8,22,6,12,1,1,0,0,0,99,709,99709,81,2001,999999999999,9,9,9,9,9,9,9,9,9,9,9,9,0,0,0,000000000,00000000000,0,0,0,1,0,0,0,0,0,0,0,998,0,0,0,6,6,2,12,0,0,0,1,21,40508,0,0,0,0,0,0,76,244,0,0,0,0,0,0,0,0,0,0,0,0,0,0,1,2,55,1,2,2,1,0,0,1,53,1,1,1,25,1,0
21,210374,1,2,2,30,8,12,45,12,6,1,0,21,1,14,6,14006,4,2005,2MEFM75W15X6,2,M,E,F,M,7,5,W,1,5,X,6,0,0,0,000000000,00000000000,0,0,0,1,0,0,0,0,0,0,0,7,0,0,0,12,6,2,12,0,0,0,1,21,40108,6,1,0,0,3,0,72,160,1,0,0,0,0,12,2011,12,2011,0,38,0,0,0,1,3,55,1,2,2,1,3,3,11,15,1,1,1,68,0,0
21,210374,2,2,1,30,8,12,45,12,6,1,0,21,1,72,706,72706,80,2014,1HD1TD917EB9,1,H,D,1,T,D,9,1,7,E,B,9,0,0,0,000000000,00000000000,0,0,0,1,0,0,0,0,0,0,0,58,0,0,0,61,6,2,12,0,0,0,1,21,42701,6,1,0,0,3,0,71,185,1,0,0,0,0,10,2013,10,2013,0,0,0,0,0,1,3,98,1,2,2,1,3,3,1,62,1,1,1,69,1,0
21,210375,1,1,1,30,8,15,51,8,0,1,0,21,1,6,43,6043,1,1999,3C3EL55H8XT5,3,C,3,E,L,5,5,H,8,X,T,5,0,0,0,000000000,00000000000,0,0,0,1,0,0,0,0,0,0,0,998,0,0,0,12,2,3,8,0,0,0,1,21,42104,6,1,0,0,3,0,62,195,1,0,0,1,0,4,2013,4,2014,0,87,0,0,0,1,2,35,1,1,2,2,0,0,1,80,1,1,1,13,0,0
21,210376,1,2,3,31,8,1,0,12,6,1,0,18,2,22,16,22016,2,1999,1G2JB1240X75,1,G,2,J,B,1,2,4,0,X,7,5,0,0,0,000000000,00000000000,0,0,0,1,0,0,0,0,0,0,0,998,0,0,0,81,6,2,12,0,0,0,1,21,40216,1,1,0,0,2,0,64,135,1,2,0,0,0,4,2013,6,2014,0,28,0,0,0,1,4,35,1,1,2,2,28,3,1,9,7,4,2,66,3,0
21,210376,2,2,2,31,8,1,0,12,6,1,0,21,1,7,26,7026,4,2014,1C3CDZAB7EN2,1,C,3,C,D,Z,A,B,7,E,N,2,0,0,0,000000000,00000000000,0,0,0,1,0,0,0,0,0,0,0,998,0,0,0,12,6,2,12,0,0,0,1,21,40212,6,1,0,0,3,0,72,250,0,0,0,0,0,0,0,0,0,0,0,0,0,0,1,4,35,1,1,2,2,28,3,1,62,7,1,1,66,0,0
21,210377,1,1,1,31,8,1,10,43,0,1,0,21,2,20,481,20481,31,1998,1GCGK24R0WZ2,1,G,C,G,K,2,4,R,0,W,Z,2,0,0,0,000000000,00000000000,0,0,0,1,0,0,0,0,0,0,0,998,0,1,5,98,6,2,1,0,0,0,1,21,40370,6,1,0,0,3,0,72,160,1,1,1,0,0,1,2012,11,2013,0,0,0,0,0,1,2,55,3,2,2,2,40,3,14,13,1,1,4,1,1,1
21,210378,1,1,1,31,8,4,34,30,0,1,0,21,2,12,401,12401,14,2002,1FMZU72E32ZB,1,F,M,Z,U,7,2,E,3,2,Z,B,0,0,0,000000000,00000000000,0,0,0,1,0,0,0,0,0,0,0,998,0,0,0,61,6,2,30,0,0,0,1,21,40214,6,1,0,0,3,0,62,115,1,0,0,0,0,6,2012,6,2012,4,0,0,0,0,5,5,45,1,2,2,2,28,3,1,6,9,3,4,2,1,1
21,210379,1,2,1,30,8,1,53,12,6,1,0,18,3,51,884,51884,66,2012,4V4NC9EJ8CN5,4,V,4,N,C,9,E,J,8,C,N,5,1,1,57,00121058,5700121058,3,6,1,1,0,0,0,0,0,0,0,998,0,0,0,83,6,2,12,0,0,0,1,18,47331,6,1,6,0,3,1,76,290,0,0,0,0,0,0,0,0,0,0,38,0,0,0,5,2,55,1,3,2,1,0,0,11,15,1,1,1,68,0,0
21,210379,2,2,2,30,8,1,53,12,6,1,0,21,1,37,32,37032,4,2003,1HGCM665X3A0,1,H,G,C,M,6,6,5,X,3,A,0,0,0,0,000000000,00000000000,0,0,0,1,0,0,0,0,0,0,0,998,0,0,0,12,6,2,12,0,0,0,1,21,40514,6,1,0,0,3,0,70,150,2,1,0,1,0,11,2011,5,2013,0,0,0,0,0,5,2,55,1,3,2,1,0,0,1,62,1,1,1,69,1,1
21,210380,1,2,1,20,8,20,17,12,2,1,0,21,1,20,481,20481,31,1995,1GCEC14Z8SZ1,1,G,C,E,C,1,4,Z,8,S,Z,1,0,0,0,000000000,00000000000,0,0,0,1,0,0,0,0,0,0,0,998,0,0,0,12,6,2,12,0,0,0,1,21,40037,6,1,0,0,3,0,68,168,0,0,0,0,0,0,0,0,0,0,28,0,0,0,1,2,55,3,1,2,1,40,3,14,10,1,1,2,50,1,0
21,210380,2,2,1,20,8,20,17,12,2,1,0,21,1,20,421,20421,15,2005,1GNEK13T95R2,1,G,N,E,K,1,3,T,9,5,R,2,0,0,0,000000000,00000000000,0,0,0,1,0,0,0,0,0,0,0,998,0,0,0,12,6,2,12,0,0,0,1,21,40037,6,1,0,0,3,1,62,103,0,0,0,0,0,0,0,0,0,0,0,0,0,0,1,2,55,2,1,2,1,40,3,14,62,9,2,1,51,0,0
21,210381,1,1,2,7,8,12,10,52,0,1,0,21,1,12,422,12422,15,2006,1FMFU19516LA,1,F,M,F,U,1,9,5,1,6,L,A,0,0,0,000000000,00000000000,0,0,0,1,0,0,0,0,0,0,0,73,0,0,0,12,6,2,52,0,0,0,1,21,42003,6,1,0,0,3,0,66,155,0,0,0,0,0,0,0,0,0,0,0,0,0,0,3,2,70,1,2,2,1,0,0,1,12,1,1,4,6,1,0
21,210382,1,1,3,3,8,4,38,35,0,1,0,0,0,98,731,98731,90,2009,4XAVH76AX9D6,4,X,A,V,H,7,6,A,X,9,D,6,0,0,0,000000000,00000000000,0,0,0,1,0,0,0,0,0,0,0,998,0,1,4,62,6,2,35,0,0,0,1,99,99999,9,9,99,9,9,9,999,999,99,99,99,99,99,99,9999,99,9999,9,0,0,0,0,1,2,55,2,3,2,1,97,8,14,12,1,1,4,6,1,0
21,210383,1,1,1,4,4,12,41,42,0,1,0,21,1,41,402,41402,14,2003,4F2CZ06123KM,4,F,2,C,Z,0,6,1,2,3,K,M,0,0,0,000000000,00000000000,0,0,0,1,0,0,0,0,0,0,0,53,0,0,0,12,6,2,42,0,0,0,1,21,41314,6,1,0,0,3,0,62,125,1,0,0,0,0,11,2011,11,2011,0,0,0,0,0,1,2,55,4,2,2,2,40,3,14,13,1,1,4,1,1,0
21,210384,1,3,1,25,8,13,55,12,6,1,0,21,1,20,481,20481,31,2004,1GCEK14X84Z3,1,G,C,E,K,1,4,X,8,4,Z,3,0,0,0,000000000,00000000000,0,0,0,1,0,0,0,0,0,0,0,998,0,0,0,12,6,2,12,0,0,0,1,21,41501,6,1,0,0,3,0,68,172,0,0,0,0,0,0,0,0,0,0,39,0,0,0,5,7,45,1,1,2,1,3,3,1,17,1,1,1,83,0,0
21,210384,2,3,3,25,8,13,55,12,6,1,0,21,1,7,43,7043,4,2006,1B3EL46X86N1,1,B,3,E,L,4,6,X,8,6,N,1,0,0,0,000000000,00000000000,0,0,0,1,0,0,0,0,0,0,0,998,0,0,0,61,6,2,12,0,0,0,1,21,41501,6,1,0,0,3,0,64,170,0,0,0,0,0,0,0,0,0,0,0,0,0,0,5,3,98,1,1,2,1,3,3,11,66,1,1,1,82,1,0
21,210384,3,3,4,25,8,13,55,12,6,1,0,21,2,12,422,12422,15,2011,1FMJU2A50BEF,1,F,M,J,U,2,A,5,0,B,E,F,0,0,0,000000000,00000000000,0,0,0,1,0,0,0,0,0,0,0,0,0,0,0,12,2,3,12,0,0,0,1,21,41501,6,1,0,0,3,0,69,145,0,0,0,0,0,0,0,0,0,0,0,0,0,0,5,7,45,1,1,2,1,3,3,5,62,98,1,1,98,0,0
21,210385,1,1,1,9,8,21,45,24,0,1,0,21,1,12,471,12471,30,1994,1FTCR10A7RUD,1,F,T,C,R,1,0,A,7,R,U,D,0,0,0,000000000,00000000000,0,0,0,1,0,0,0,0,0,0,0,998,0,0,0,12,6,2,35,0,0,0,1,21,40213,6,1,0,0,3,0,71,180,0,0,0,0,0,0,0,0,0,0,0,0,0,0,1,2,25,4,2,2,1,40,3,14,9,1,1,4,99,1,1
21,210386,1,1,1,10,7,8,27,14,0,1,0,21,1,20,16,20016,4,2002,1G1JC5247274,1,G,1,J,C,5,2,4,7,2,7,4,0,0,0,000000000,00000000000,0,0,0,1,0,0,0,0,0,0,0,998,0,0,0,12,6,2,14,0,0,0,1,21,42728,1,1,0,0,2,0,73,180,0,1,0,0,0,5,2014,5,2014,3,0,0,0,0,1,2,55,1,2,2,1,0,0,1,12,1,1,4,6,1,0
21,210387,1,1,1,22,8,23,7,53,0,1,0,0,0,99,739,99739,90,9999,000000000000,0,0,0,0,0,0,0,0,0,0,0,0,0,0,0,000000000,00000000000,0,0,0,1,0,0,0,0,0,0,0,50,0,1,5,12,6,2,30,0,0,0,1,21,42413,1,1,0,0,2,1,73,280,0,3,0,4,3,8,2011,6,2014,3,0,0,0,0,1,2,35,2,1,2,1,0,0,14,8,7,2,4,7,1,0
21,210388,1,1,1,1,9,5,20,30,0,1,0,21,2,20,22,20022,2,2009,1G1AT18H2971,1,G,1,A,T,1,8,H,2,9,7,1,0,0,0,000000000,00000000000,0,0,0,1,0,0,0,0,0,0,0,45,0,0,0,12,6,2,30,0,0,0,1,21,41018,6,1,0,0,3,0,70,190,0,1,0,0,1,5,2012,12,2013,4,0,0,0,0,1,4,35,1,1,2,1,3,3,1,6,98,2,4,2,1,1
21,210389,1,1,1,1,9,16,5,32,0,1,0,21,2,20,402,20402,14,1996,2CNBJ1869T69,2,C,N,B,J,1,8,6,9,T,6,9,0,0,0,000000000,00000000000,0,0,0,1,0,0,0,0,0,0,0,998,0,1,1,12,6,2,1,0,0,0,1,21,40828,6,1,0,0,3,0,60,120,0,0,0,0,0,0,0,0,0,0,0,0,0,0,1,3,55,1,2,2,1,0,0,1,13,1,1,4,1,1,0
21,210390,1,1,1,1,9,18,25,35,0,1,0,47,2,53,705,53705,80,2003,JS1GN7BA2321,J,S,1,G,N,7,B,A,2,3,2,1,0,0,0,000000000,00000000000,0,0,0,1,0,0,0,0,0,0,0,998,0,0,0,81,6,2,35,0,0,0,1,21,42141,1,1,0,0,2,0,67,163,1,1,1,0,1,8,2013,7,2014,3,0,0,0,0,1,2,55,2,2,2,1,40,3,14,12,1,1,4,6,1,1
21,210391,1,1,1,1,9,19,22,42,0,1,0,92,0,99,739,99739,90,9999,999999999999,9,9,9,9,9,9,9,9,9,9,9,9,0,0,0,000000000,00000000000,0,0,0,1,0,0,0,0,0,0,0,998,0,0,0,12,2,5,42,0,0,0,1,21,40815,6,1,0,0,3,1,64,185,0,0,0,0,0,0,0,0,0,0,0,0,0,0,1,2,35,1,1,2,1,0,0,1,13,98,1,4,1,1,0
21,210392,1,1,1,3,9,6,33,42,0,1,0,21,3,82,881,82881,63,2006,1FUJA6CK96LV,1,F,U,J,A,6,C,K,9,6,L,V,0,0,57,00355033,5700355033,3,2,96,1,0,0,0,0,0,0,0,50,0,0,0,12,6,2,42,0,0,0,1,21,42141,6,1,6,0,3,0,73,200,0,0,0,0,0,0,0,0,0,0,0,0,0,0,1,2,55,4,2,2,2,0,0,14,9,1,2,4,2,1,0
21,210393,1,2,1,3,9,8,38,12,2,1,0,21,1,20,401,20401,14,1996,1GNDT13W8T22,1,G,N,D,T,1,3,W,8,T,2,2,0,0,0,000000000,00000000000,0,0,0,1,0,0,0,0,0,0,0,55,0,0,0,12,6,2,12,0,0,1,1,21,42001,6,1,0,0,3,2,58,97,2,1,1,0,1,12,2011,9,2013,0,28,74,0,0,1,2,55,4,1,2,1,0,0,14,10,1,1,2,50,1,0