STATE,ST_CASE,VEH_NO,VE_FORMS,NUMOCCS,DAY,MONTH,HOUR,MINUTE,HARM_EV,MAN_COLL,UNITTYPE,HIT_RUN,REG_STAT,OWNER,MAKE,MODEL,MAK_MOD,BODY_TYP,MOD_YEAR,VIN,VIN_1,VIN_2,VIN_3,VIN_4,VIN_5,VIN_6,VIN_7,VIN_8,VIN_9,VIN_10,VIN_11,VIN_12,TOW_VEH,J_KNIFE,MCARR_I1,MCARR_I2,MCARR_ID,GVWR,V_CONFIG,CARGO_BT,HAZ_INV,HAZ_PLAC,HAZ_ID,HAZ_CNO,HAZ_REL,BUS_USE,SPEC_USE,EMER_USE,TRAV_SP,UNDERIDE,ROLLOVER,ROLINLOC,IMPACT1,DEFORMED,TOWED,M_HARM,VEH_SC1,VEH_SC2,FIRE_EXP,DR_PRES,L_STATE,DR_ZIP,L_STATUS,L_TYPE,CDL_STAT,L_ENDORS,L_COMPL,L_RESTRI,DR_HGT,DR_WGT,PREV_ACC,PREV_SUS,PREV_DWI,PREV_SPD,PREV_OTH,FIRST_MO,FIRST_YR,LAST_MO,LAST_YR,SPEEDREL,DR_SF1,DR_SF2,DR_SF3,DR_SF4,VTRAFWAY,VNUM_LAN,VSPD_LIM,VALIGN,VPROFILE,VPAVETYP,VSURCOND,VTRAFCON,VTCONT_F,P_CRASH1,P_CRASH2,P_CRASH3,PCRASH4,PCRASH5,ACC_TYPE,DEATHS,DR_DRINK
21,210429,1,1,1,22,9,13,44,57,0,1,0,13,1,37,706,37706,80,2010,1HFSC47G4AA9,1,H,F,S,C,4,7,G,4,A,A,9,0,0,0,000000000,00000000000,0,0,0,1,0,0,0,0,0,0,0,998,0,0,0,61,6,2,57,0,0,0,1,13,31909,6,1,0,0,3,1,74,270,98,0,0,0,0,0,0,0,0,0,0,0,0,0,3,2,70,1,2,2,1,0,0,1,12,1,1,4,6,1,0
21,210430,1,1,2,2,8,13,2,31,0,1,0,21,1,24,1,24001,4,1997,1G8ZH5282VZ1,1,G,8,Z,H,5,2,8,2,V,Z,1,0,0,0,000000000,00000000000,0,0,0,1,0,0,0,0,0,0,0,998,0,0,0,12,6,2,32,0,0,0,1,21,40769,6,1,0,0,3,1,63,210,1,0,0,0,0,8,2012,8,2012,0,0,0,0,0,1,2,25,1,1,2,1,40,3,1,13,1,1,4,1,1,0
21,210431,1,1,3,14,7,17,0,42,0,1,0,47,1,20,481,20481,31,1981,1GBHC34M2BV1,1,G,B,H,C,3,4,M,2,B,V,1,0,0,0,000000000,00000000000,0,0,0,1,0,0,0,0,0,0,0,28,0,0,0,61,2,3,42,0,0,0,1,47,37762,6,1,0,0,3,0,69,220,0,0,0,0,0,0,0,0,0,0,0,0,0,0,1,2,35,1,1,2,2,0,0,1,12,1,1,4,6,1,1
21,210432,1,1,1,2,10,11,55,32,0,1,0,21,1,72,706,72706,80,2006,1HD1CWP466K4,1,H,D,1,C,W,P,4,6,6,K,4,0,0,0,000000000,00000000000,0,0,0,1,0,0,0,0,0,0,0,55,0,0,0,12,4,3,32,0,0,0,1,21,42345,6,1,0,0,3,0,74,240,2,0,0,0,0,6,2012,12,2012,0,0,0,0,0,1,2,55,3,1,2,1,0,0,14,13,1,1,4,1,1,0
21,210433,1,1,2,2,10,16,7,1,0,1,0,21,0,20,403,20403,14,2005,1GNDT13S8522,1,G,N,D,T,1,3,S,8,5,2,2,0,0,0,000000000,00000000000,0,0,0,1,0,0,0,0,0,0,0,998,0,2,5,0,6,2,1,0,0,0,1,21,41522,1,1,0,0,2,0,68,178,0,1,0,0,0,9,2014,9,2014,0,85,0,0,0,1,2,55,3,1,2,1,0,0,14,54,7,1,4,1,1,0
21,210434,1,1,2,3,10,1,8,34,0,1,0,21,1,7,20,7020,4,2001,1B3ES46C71D1,1,B,3,E,S,4,6,C,7,1,D,1,0,0,0,000000000,00000000000,0,0,0,1,0,0,0,0,0,0,0,47,0,1,5,12,6,2,42,0,0,0,1,21,42071,6,1,6,0,3,0,66,115,0,0,0,1,1,10,2012,7,2014,0,87,0,0,0,1,2,55,1,2,2,6,40,3,1,5,98,9,4,99,1,1
21,210435,1,1,3,3,10,17,9,42,0,1,0,21,1,12,471,12471,31,1994,1FTCR11U5RUB,1,F,T,C,R,1,1,U,5,R,U,B,0,0,0,000000000,00000000000,0,0,0,1,0,0,0,0,0,0,0,998,0,1,5,3,6,2,42,0,0,0,1,21,41311,6,1,0,0,3,0,71,230,0,0,0,0,1,9,2012,9,2012,0,58,0,0,0,1,2,55,4,1,2,2,0,0,14,9,98,4,4,7,1,1
21,210436,1,2,1,4,10,9,58,12,2,1,0,21,1,53,402,53402,14,1999,JS3TD62V6X41,J,S,3,T,D,6,2,V,6,X,4,1,0,0,0,000000000,00000000000,0,0,0,1,0,0,0,0,0,0,0,998,0,0,0,12,6,2,12,0,0,0,1,21,40069,6,1,0,0,3,0,64,190,0,0,0,0,0,0,0,0,0,0,0,0,0,0,1,2,55,1,2,2,1,20,3,11,15,3,2,1,68,1,0
21,210436,2,2,1,4,10,9,58,12,2,1,0,21,1,20,481,20481,31,2005,1GCHK23275F9,1,G,C,H,K,2,3,2,7,5,F,9,0,0,0,000000000,00000000000,0,0,0,1,0,0,0,0,0,0,0,998,0,0,0,12,6,2,12,0,0,0,1,21,40069,6,1,0,0,3,1,73,160,0,0,0,0,0,0,0,0,0,0,0,0,0,0,1,2,55,1,2,2,1,0,0,1,62,6,1,1,69,0,0
21,210437,1,2,1,4,10,18,35,12,2,1,0,21,2,12,401,12401,14,2003,1FMZU77E33UB,1,F,M,Z,U,7,7,E,3,3,U,B,0,0,0,000000000,00000000000,0,0,0,1,0,0,0,0,0,0,0,998,0,0,0,12,6,2,12,0,0,0,1,21,40962,6,1,0,0,3,2,69,165,0,0,0,0,0,0,0,0,0,0,28,74,0,0,1,2,55,4,2,2,1,40,3,14,10,1,1,2,50,0,0
21,210437,2,2,3,4,10,18,35,12,2,1,0,21,1,12,471,12471,30,1999,1FTYR10C2XPA,1,F,T,Y,R,1,0,C,2,X,P,A,0,0,0,000000000,00000000000,0,0,0,1,0,0,0,0,0,0,0,998,0,9,9,12,6,2,12,0,0,0,1,21,40962,6,1,0,0,3,0,68,200,0,0,0,0,0,0,0,0,0,0,0,0,0,0,1,2,55,4,2,2,1,40,3,98,62,98,1,1,51,1,0
21,210438,1,1,1,5,10,23,51,42,0,1,0,21,1,67,35,67035,2,2014,JF1ZNAA1XE87,J,F,1,Z,N,A,A,1,X,E,8,7,0,0,0,000000000,00000000000,0,0,0,1,0,0,0,0,0,0,0,998,0,0,0,81,6,2,42,0,0,0,1,21,40509,6,1,0,0,3,0,60,100,0,0,0,1,0,8,2014,8,2014,0,99,99,99,99,1,2,35,1,3,2,1,0,0,1,9,98,4,4,7,1,0
21,210439,1,2,1,6,10,19,49,8,0,1,0,21,1,35,39,35039,4,1998,JN1CA21D9WM9,J,N,1,C,A,2,1,D,9,W,M,9,0,0,0,000000000,00000000000,0,0,0,1,0,0,0,0,0,0,0,998,0,0,0,12,2,3,8,0,0,0,1,21,41102,6,1,0,0,3,0,62,130,0,0,0,0,0,0,0,0,0,0,0,0,0,0,1,4,45,1,1,2,2,0,0,1,80,1,1,1,13,0,0
21,210439,2,2,1,6,10,19,49,8,0,1,0,21,1,49,40,49040,4,2010,4T1BF3EK6AU5,4,T,1,B,F,3,E,K,6,A,U,5,0,0,0,000000000,00000000000,0,0,0,1,0,0,0,0,0,0,0,998,0,0,0,14,2,5,8,0,0,0,1,21,41102,6,1,0,0,3,1,66,125,0,0,0,0,0,0,0,0,0,0,0,0,0,0,1,4,55,1,1,2,2,0,0,1,80,1,1,1,98,0,0
21,210440,1,1,1,3,10,15,10,10,0,1,0,21,2,85,881,85881,63,2011,1NKDXPEX4BJ2,1,N,K,D,X,P,E,X,4,B,J,2,0,0,57,00809800,5700809800,3,2,4,1,0,0,0,0,0,0,0,18,0,1,5,1,6,2,10,0,0,0,1,21,41097,6,1,6,0,3,0,67,180,1,0,0,0,0,3,2013,3,2013,0,38,39,0,0,1,2,35,1,3,2,1,65,3,1,91,1,1,1,15,1,0
21,210441,1,2,1,7,10,21,45,12,8,1,0,21,1,20,403,20403,14,2004,1GNDT13S4423,1,G,N,D,T,1,3,S,4,4,2,3,0,0,0,000000000,00000000000,0,0,0,1,0,0,0,0,0,0,0,998,0,0,0,11,6,2,12,0,0,0,1,21,42647,6,1,0,0,3,1,72,215,0,0,0,0,0,0,0,0,0,0,28,0,0,0,1,2,55,1,1,2,2,0,0,1,10,1,1,2,64,0,0
21,210441,2,2,2,7,10,21,45,12,8,1,0,21,1,18,2,18002,4,2002,1G4HP54K6241,1,G,4,H,P,5,4,K,6,2,4,1,0,0,0,000000000,00000000000,0,0,0,1,0,0,0,0,0,0,0,998,0,0,0,11,6,2,12,0,0,0,1,21,42649,6,1,8,0,3,0,68,175,0,0,0,0,0,0,0,0,0,0,0,0,0,0,1,2,55,1,1,2,1,0,0,1,62,1,1,1,65,2,0
21,210442,1,1,2,9,10,9,7,42,0,1,0,21,1,49,32,49032,4,2002,1NXBR12E82Z6,1,N,X,B,R,1,2,E,8,2,Z,6,0,0,0,000000000,00000000000,0,0,0,1,0,0,0,0,0,0,0,998,0,1,5,61,6,2,42,0,0,0,1,21,42071,6,1,0,0,3,1,67,125,0,0,0,0,0,0,0,0,0,0,0,0,0,0,1,2,55,1,1,2,2,28,3,6,13,1,1,4,1,1,0
21,210443,1,1,1,8,10,18,53,35,0,1,0,21,1,7,422,7422,15,2004,1D4HB48D84F1,1,D,4,H,B,4,8,D,8,4,F,1,0,0,0,000000000,00000000000,0,0,0,1,0,0,0,0,0,0,0,73,0,0,0,12,6,2,42,0,0,0,1,21,42327,6,1,0,0,3,0,70,185,1,0,0,0,0,6,2014,6,2014,0,0,0,0,0,1,2,55,1,1,2,1,0,0,1,12,1,1,4,6,1,1
21,210444,1,1,2,11,10,3,0,42,0,1,0,21,2,24,1,24001,4,2000,1G8ZJ5277YZ2,1,G,8,Z,J,5,2,7,7,Y,Z,2,0,0,0,000000000,00000000000,0,0,0,1,0,0,0,0,0,0,0,998,0,0,0,12,6,2,42,0,0,0,1,21,41004,6,1,0,0,3,0,65,160,0,0,0,0,0,0,0,0,0,0,0,0,0,0,1,2,55,1,6,2,2,0,0,1,13,1,1,4,1,1,1
21,210445,1,3,2,12,10,12,59,34,0,1,0,21,1,49,40,49040,4,2001,4T1BG22K81U8,4,T,1,B,G,2,2,K,8,1,U,8,0,0,0,000000000,00000000000,0,0,0,1,0,0,0,0,0,0,0,998,0,0,0,12,6,2,12,0,0,0,1,21,40601,6,1,8,0,3,0,72,210,0,0,0,0,0,0,0,0,0,0,28,0,0,0,1,2,55,4,1,2,1,40,3,14,10,1,1,2,98,1,0
21,210445,2,3,1,12,10,12,59,34,0,1,0,21,1,12,471,12471,31,1997,1FTCR10A8VUC,1,F,T,C,R,1,0,A,8,V,U,C,0,0,0,000000000,00000000000,0,0,0,1,0,0,0,0,0,0,0,998,0,1,5,12,6,2,12,0,0,1,1,21,40324,6,1,0,0,3,0,68,143,0,0,0,0,0,0,0,0,0,0,0,0,0,0,1,2,55,4,1,2,1,40,3,14,62,6,1,1,98,0,0
21,210445,3,3,1,12,10,12,59,34,0,1,0,21,2,22,18,22018,4,2003,1G2NF52E73C1,1,G,2,N,F,5,2,E,7,3,C,1,0,0,0,000000000,00000000000,0,0,0,1,0,0,0,0,0,0,0,998,0,0,0,81,6,2,99,0,0,0,1,21,40324,6,1,0,0,3,0,63,105,0,0,0,0,0,0,0,0,0,0,0,0,0,0,1,2,55,4,1,2,1,40,3,14,62,9,1,4,1,0,0
21,210446,1,1,1,12,10,18,27,8,0,1,0,21,1,12,481,12481,31,2005,1FTRF12285NB,1,F,T,R,F,1,2,2,8,5,N,B,0,0,0,000000000,00000000000,0,0,0,1,0,0,0,0,0,0,0,998,0,0,0,12,2,5,8,0,0,0,1,21,42285,6,1,0,0,3,0,72,220,2,0,0,1,0,10,2012,8,2014,0,0,0,0,0,0,0,0,0,0,0,0,40,3,1,80,1,1,1,13,0,0
21,210447,1,1,1,8,10,21,0,14,0,1,0,39,1,20,461,20461,21,1993,2GBEG25KXP41,2,G,B,E,G,2,5,K,X,P,4,1,0,0,0,000000000,00000000000,0,0,0,1,0,0,0,0,0,0,0,75,0,1,4,12,6,2,14,0,0,0,1,39,45238,1,1,0,0,2,0,69,180,0,1,0,2,1,9,2012,8,2014,0,0,0,0,0,2,3,65,3,2,2,1,0,0,16,13,1,1,4,1,1,0
21,210448,1,1,1,12,10,2,9,24,0,1,0,21,2,49,472,49472,30,1996,4TAVL52N9TZ1,4,T,A,V,L,5,2,N,9,T,Z,1,0,0,0,000000000,00000000000,0,0,0,1,0,0,0,0,0,0,0,998,0,2,1,81,6,2,1,0,0,0,1,21,41464,1,1,0,0,2,0,71,270,0,1,0,0,0,5,2014,5,2014,0,0,0,0,0,2,2,55,4,1,2,1,0,0,14,13,1,1,4,1,1,1
21,210449,1,2,4,17,10,9,40,12,2,1,0,51,1,7,482,7482,31,2005,1D7HU18D05S1,1,D,7,H,U,1,8,D,0,5,S,1,0,0,0,000000000,00000000000,0,0,0,1,0,0,0,0,0,0,0,998,0,2,5,12,6,2,12,0,0,0,1,51,24230,6,1,0,0,3,0,71,190,0,0,0,0,1,3,2014,3,2014,0,58,0,0,0,2,2,55,1,1,2,1,0,0,1,13,6,4,6,50,2,0
21,210449,2,2,2,17,10,9,40,12,2,1,0,17,1,20,481,20481,31,2006,1GCEC19VX6Z1,1,G,C,E,C,1,9,V,X,6,Z,1,1,1,0,000000000,00000000000,0,0,0,1,0,0,0,0,0,0,0,998,0,0,0,12,6,2,12,0,0,0,1,17,62075,6,1,0,0,3,1,70,195,0,0,0,0,0,0,0,0,0,0,0,0,0,0,2,2,55,1,1,2,1,0,0,1,64,7,1,1,51,0,0
21,210450,1,3,1,17,10,15,28,12,2,1,0,47,1,7,482,7482,31,2013,3C6JR6AT4DG5,3,C,6,J,R,6,A,T,4,D,G,5,0,0,0,000000000,00000000000,0,0,0,1,0,0,0,0,0,0,0,998,0,0,0,12,6,2,12,0,0,0,1,47,37857,6,1,0,0,3,0,72,280,0,0,0,0,0,0,0,0,0,0,28,0,0,0,5,5,45,1,1,2,1,40,3,1,10,1,1,2,50,1,0
21,210450,2,3,1,17,10,15,28,12,2,1,0,21,2,7,482,7482,31,2002,3B7MF33C12M2,3,B,7,M,F,3,3,C,1,2,M,2,0,0,0,000000000,00000000000,0,0,0,1,0,0,0,0,0,0,0,998,0,0,0,12,6,2,12,0,0,0,1,21,40422,6,1,0,0,3,0,70,210,1,0,0,0,0,3,2013,3,2013,0,0,0,0,0,2,5,45,1,1,2,1,40,3,1,62,1,1,1,51,0,0
21,210450,3,3,1,17,10,15,28,12,2,1,0,21,1,49,482,49482,31,2000,5TBBT4416YS0,5,T,B,B,T,4,4,1,6,Y,S,0,0,0,0,000000000,00000000000,0,0,0,1,0,0,0,0,0,0,0,998,0,0,0,11,4,3,12,0,0,0,1,21,40509,6,1,0,0,3,0,70,225,0,0,0,0,0,0,0,0,0,0,0,0,0,0,2,5,45,1,1,2,1,40,3,1,62,1,1,1,98,0,0
21,210451,1,2,1,16,10,20,58,12,1,1,0,21,2,2,404,2404,14,1995,1J4FJ78S9SL6,1,J,4,F,J,7,8,S,9,S,L,6,0,0,0,000000000,00000000000,0,0,0,1,0,0,0,0,0,0,0,998,0,0,0,12,6,2,12,0,0,0,1,21,40031,6,7,0,0,2,0,72,180,0,0,0,0,0,0,0,0,0,0,91,0,0,0,1,2,55,1,2,1,1,0,0,1,50,3,2,1,20,0,1
21,210451,2,2,1,16,10,20,58,12,1,1,0,21,1,49,40,49040,4,2008,4T1BE46K58U2,4,T,1,B,E,4,6,K,5,8,U,2,0,0,0,000000000,00000000000,0,0,0,1,0,0,0,0,0,0,0,0,0,0,0,6,6,2,12,0,0,0,1,21,40006,6,1,0,0,3,0,66,175,0,0,0,0,0,0,0,0,0,0,0,0,0,0,1,2,55,1,2,1,1,0,0,5,53,1,1,1,21,1,0
21,210452,1,2,2,18,10,16,10,12,2,1,0,21,1,7,402,7402,14,2001,1B4HS28NX1F5,1,B,4,H,S,2,8,N,X,1,F,5,0,0,0,000000000,00000000000,0,0,0,1,0,0,0,0,0,0,0,998,0,0,0,12,6,2,12,0,0,0,1,21,41501,1,1,0,0,2,0,69,170,0,3,1,0,0,3,2014,9,2014,0,0,0,0,0,2,2,55,2,1,2,2,0,0,14,12,1,1,6,52,0,1
21,210452,2,2,1,18,10,16,10,12,2,1,0,21,1,22,32,22032,6,2005,5Y2SL63845Z4,5,Y,2,S,L,6,3,8,4,5,Z,4,0,0,0,000000000,00000000000,0,0,0,1,0,0,0,0,0,0,0,998,0,0,0,12,6,2,12,0,0,0,1,21,41659,6,1,0,0,3,1,61,167,0,0,0,0,0,0,0,0,0,0,0,0,0,0,2,2,55,3,1,2,2,0,0,14,64,1,1,1,52,1,0
21,210453,1,1,2,19,10,4,13,53,0,1,0,21,2,53,402,53402,14,2000,2S3TE52V2Y61,2,S,3,T,E,5,2,V,2,Y,6,1,0,0,0,000000000,00000000000,0,0,0,1,0,0,0,0,0,0,0,998,0,1,6,12,6,2,19,0,0,0,1,21,40214,6,1,0,0,3,1,73,210,0,0,0,1,0,11,2013,11,2013,4,0,0,0,0,1,2,35,1,1,2,1,0,0,1,12,1,1,4,6,1,0
21,210454,1,1,2,20,10,16,30,42,0,1,0,21,2,49,47,49047,6,2006,2T1KR32E16C5,2,T,1,K,R,3,2,E,1,6,C,5,0,0,0,000000000,00000000000,0,0,0,1,0,0,0,0,0,0,0,998,0,0,0,12,6,2,42,0,0,0,1,21,40351,6,1,0,0,3,0,65,140,0,0,0,0,0,0,0,0,0,0,0,0,0,0,1,2,55,3,1,2,1,40,3,1,13,2,1,4,1,1,0
21,210455,1,1,2,21,10,11,50,35,0,1,1,21,1,12,471,12471,30,1999,1FTYR11X6XPA,1,F,T,Y,R,1,1,X,6,X,P,A,0,0,0,000000000,00000000000,0,0,0,1,0,0,0,0,0,0,0,48,0,0,0,12,4,3,35,0,0,0,1,21,42343,6,1,0,0,3,0,69,160,0,0,0,0,0,0,0,0,0,3,91,0,0,0,1,2,35,1,2,2,1,20,3,1,19,1,1,4,99,1,1
21,210456,1,1,3,21,10,18,8,42,0,1,0,21,1,2,404,2404,14,1998,1J4GZ48S3WC2,1,J,4,G,Z,4,8,S,3,W,C,2,0,0,0,000000000,00000000000,0,0,0,1,0,0,0,0,0,0,0,998,0,1,5,61,6,2,42,0,0,0,1,21,42757,6,1,8,0,3,0,63,160,0,0,0,0,0,0,0,0,0,0,0,0,0,0,1,2,55,4,1,2,1,0,0,14,12,1,1,4,6,2,0
21,210457,1,2,1,6,10,5,0,12,2,1,0,21,2,55,35,55035,4,2010,KMHDU4AD3AU1,K,M,H,D,U,4,A,D,3,A,U,1,0,0,0,000000000,00000000000,0,0,0,1,0,0,0,0,0,0,0,53,9,0,0,12,6,2,12,0,0,0,1,21,41010,6,7,0,0,3,1,66,181,0,0,0,0,0,0,0,0,0,0,28,0,0,0,1,2,55,4,2,2,2,40,3,14,10,1,1,2,50,0,0
21,210457,2,2,2,6,10,5,0,12,2,1,0,21,1,49,40,49040,4,2002,4T1BE30K02U0,4,T,1,B,E,3,0,K,0,2,U,0,0,0,0,000000000,00000000000,0,0,0,1,0,0,0,0,0,0,0,53,0,1,1,12,6,2,12,0,0,0,1,21,41010,6,1,0,0,3,0,72,230,0,0,0,0,0,0,0,0,0,0,0,0,0,0,1,2,55,4,2,2,2,40,3,14,62,1,1,1,51,1,0
21,210458,1,1,1,15,10,16,35,10,0,1,0,21,1,12,16,12016,4,2001,2FAFP73W11X1,2,F,A,F,P,7,3,W,1,1,X,1,0,0,0,000000000,00000000000,0,0,0,1,0,0,0,0,0,0,0,998,0,0,0,82,6,2,10,0,0,0,1,21,40391,6,1,0,0,3,1,69,185,1,0,0,0,0,9,2014,9,2014,0,38,39,0,0,1,2,35,1,1,2,2,65,3,1,91,10,1,1,15,1,0
21,210459,1,1,1,18,10,12,4,1,0,1,0,21,1,18,2,18002,4,2003,1G4HP52K1341,1,G,4,H,P,5,2,K,1,3,4,1,0,0,0,000000000,00000000000,0,0,0,1,0,0,0,0,0,0,0,50,0,2,5,0,6,2,1,0,0,0,1,21,42261,6,1,0,0,3,0,73,210,0,0,0,0,0,0,0,0,0,0,58,0,0,0,1,2,55,3,2,2,1,0,0,14,13,8,1,4,1,1,0
21,210460,1,2,1,11,10,11,40,12,6,1,0,21,1,12,17,12017,4,2005,1FAFP53255A1,1,F,A,F,P,5,3,2,5,5,A,1,0,0,0,000000000,00000000000,0,0,0,1,0,0,0,0,0,0,0,998,0,0,0,10,6,2,12,0,0,0,1,21,40004,6,1,0,0,3,0,67,220,0,0,0,0,0,0,0,0,0,0,38,0,0,0,1,2,98,3,2,2,1,20,3,11,15,1,1,1,82,1,0
21,210460,2,2,1,11,10,11,40,12,6,1,0,21,1,12,461,12461,21,2002,1FTSE34LX2HA,1,F,T,S,E,3,4,L,X,2,H,A,0,0,0,000000000,00000000000,0,0,0,1,0,0,0,0,0,0,0,998,0,0,0,12,4,3,12,0,0,0,1,21,40004,6,1,0,0,3,0,73,210,0,0,0,0,0,0,0,0,0,0,0,0,0,0,1,2,55,1,2,2,1,0,0,1,67,2,1,1,83,0,0
21,210461,1,1,1,23,10,14,0,32,0,1,0,21,2,30,40,30040,4,2001,3VWSS29M11M0,3,V,W,S,S,2,9,M,1,1,M,0,0,0,0,000000000,00000000000,0,0,0,1,0,0,0,0,0,0,0,998,0,1,5,12,6,2,32,0,0,0,1,21,40330,1,1,0,0,2,0,72,196,0,0,0,0,0,0,0,0,0,0,0,0,0,0,1,2,55,3,2,2,1,0,0,14,13,1,1,4,1,1,1
21,210462,1,1,1,18,10,18,37,8,0,1,0,21,1,12,401,12401,14,2005,1FMZU73K35ZA,1,F,M,Z,U,7,3,K,3,5,Z,A,0,0,0,000000000,00000000000,0,0,0,1,0,0,0,0,0,0,0,37,0,0,0,12,4,3,8,0,0,0,1,21,42330,6,1,0,0,3,0,68,180,0,1,1,0,0,9,2013,9,2013,0,91,0,0,0,1,2,35,1,1,2,1,40,3,1,80,3,2,1,13,0,1
21,210463,1,1,1,24,10,0,2,1,0,1,0,21,1,7,472,7472,30,2000,1B7GL22X0YS6,1,B,7,G,L,2,2,X,0,Y,S,6,0,0,0,000000000,00000000000,0,0,0,1,0,0,0,0,0,0,0,998,0,2,5,0,6,2,3,0,0,0,1,21,41553,6,1,0,0,3,0,75,240,1,0,0,0,0,6,2014,6,2014,0,0,0,0,0,1,2,45,1,1,2,1,0,0,1,13,1,2,4,2,1,0
21,210464,1,1,1,24,10,16,53,59,0,1,0,21,1,73,706,73706,80,2013,JKAZXCJ10DA0,J,K,A,Z,X,C,J,1,0,D,A,0,0,0,0,000000000,00000000000,0,0,0,1,0,0,0,0,0,0,0,998,0,0,0,6,6,2,59,0,0,0,1,21,40026,6,1,0,0,2,0,66,180,0,0,0,1,0,11,2013,11,2013,3,85,0,0,0,1,2,45,1,2,2,1,0,0,1,65,6,1,4,8,1,0
21,210465,1,1,1,1,10,12,29,59,0,1,0,21,2,20,2,20002,4,2001,2G1WH55K6193,2,G,1,W,H,5,5,K,6,1,9,3,0,0,0,000000000,00000000000,0,0,0,1,0,0,0,0,0,0,0,998,0,0,0,12,6,2,42,0,0,0,1,21,41230,6,1,0,0,3,1,75,170,0,0,0,0,0,0,0,0,0,0,0,0,0,0,1,2,45,1,1,2,1,40,3,1,12,1,1,4,6,1,0
21,210466,1,2,2,7,10,15,2,12,2,1,0,21,1,12,3,12003,2,2000,1FAFP4041YF1,1,F,A,F,P,4,0,4,1,Y,F,1,0,0,0,000000000,00000000000,0,0,0,1,0,0,0,0,0,0,0,998,0,0,0,12,6,2,12,0,0,0,1,21,40379,6,1,0,0,3,1,68,260,2,0,0,0,0,6,2013,3,2014,4,28,87,0,0,1,2,55,2,2,2,2,40,3,14,6,1,2,2,50,1,0
21,210466,2,2,4,7,10,15,2,12,2,1,0,21,2,12,401,12401,14,1995,1FMDU34X6SZB,1,F,M,D,U,3,4,X,6,S,Z,B,0,0,0,000000000,00000000000,0,0,0,1,0,0,0,0,0,0,0,998,0,0,0,12,6,2,12,0,0,0,1,21,40324,6,7,0,0,2,0,67,178,1,0,0,0,0,3,2013,3,2013,0,0,0,0,0,1,2,55,3,2,2,2,40,3,14,62,12,1,1,51,2,0
21,210467,1,1,1,24,10,11,6,10,0,1,0,21,1,20,2,20002,4,2014,2G1155S30E91,2,G,1,1,5,5,S,3,0,E,9,1,0,0,0,000000000,00000000000,0,0,0,1,0,0,0,0,0,0,0,998,0,1,6,81,6,2,10,0,0,0,1,21,42713,6,1,0,0,3,0,65,180,0,0,0,0,0,0,0,0,0,0,0,0,0,0,1,2,35,3,2,2,1,65,3,98,90,1,1,1,15,1,0
21,210468,1,3,1,26,10,14,2,12,1,1,0,21,3,12,471,12471,30,2002,1FTZR15E72PB,1,F,T,Z,R,1,5,E,7,2,P,B,0,0,0,000000000,00000000000,0,0,0,1,0,0,0,0,0,0,0,998,0,0,0,12,6,2,12,0,0,0,1,21,42171,6,1,0,0,3,0,67,115,0,0,0,0,1,10,2013,10,2013,0,0,0,0,0,1,2,55,1,2,2,1,40,3,1,50,2,1,1,20,0,0
21,210468,2,3,1,26,10,14,2,12,1,1,0,21,4,7,472,7472,30,1997,1B7GG26X0VS2,1,B,7,G,G,2,6,X,0,V,S,2,0,0,0,000000000,00000000000,0,0,0,1,0,0,0,0,0,0,0,0,0,0,0,6,6,2,12,0,0,0,1,21,42101,6,1,0,0,3,1,70,182,1,0,0,0,0,11,2012,11,2012,0,0,0,0,0,1,2,55,1,2,2,1,40,3,5,53,1,1,1,22,1,0
21,210468,3,3,3,26,10,14,2,12,1,1,0,21,1,20,401,20401,14,2000,1GNDT13W3Y21,1,G,N,D,T,1,3,W,3,Y,2,1,0,0,0,000000000,00000000000,0,0,0,1,0,0,0,0,0,0,0,998,0,0,0,12,6,2,12,0,0,0,1,21,42101,6,1,0,0,3,0,66,120,0,0,0,0,0,0,0,0,0,0,0,0,0,0,1,2,55,1,2,2,1,40,3,1,62,2,1,1,98,0,0
21,210469,1,1,2,26,10,21,21,42,0,1,0,18,2,54,32,54032,4,1993,JH4KA7637PC0,J,H,4,K,A,7,6,3,7,P,C,0,0,0,0,000000000,00000000000,0,0,0,1,0,0,0,0,0,0,0,998,0,1,5,12,6,2,1,0,0,0,1,21,40208,6,7,0,0,2,0,71,160,0,0,0,0,1,4,2014,4,2014,5,27,0,0,0,1,6,35,1,1,2,1,0,0,1,13,1,1,4,1,1,0
21,210470,1,1,2,25,10,23,24,8,0,1,0,21,2,7,482,7482,31,2003,1D7HU18D13J6,1,D,7,H,U,1,8,D,1,3,J,6,0,0,0,000000000,00000000000,0,0,0,1,0,0,0,0,0,0,0,998,0,0,0,12,2,5,8,0,0,0,1,21,40391,6,1,0,0,3,0,70,170,0,0,0,0,0,0,0,0,0,0,91,0,0,0,1,2,25,1,1,2,1,0,0,1,80,1,1,1,13,0,1
21,210471,1,1,1,29,10,13,56,8,0,1,0,21,1,7,442,7442,20,2010,2D4RN4DE7AR2,2,D,4,R,N,4,D,E,7,A,R,2,0,0,0,000000000,00000000000,0,0,0,1,0,0,0,0,0,0,0,998,0,0,0,14,0,3,8,0,0,0,1,21,40229,6,1,0,0,3,1,71,200,0,0,0,0,0,0,0,0,0,0,0,0,0,0,1,2,25,1,1,2,1,0,0,4,80,1,1,1,13,0,0