STATE,ST_CASE,VEH_NO,VE_FORMS,NUMOCCS,DAY,MONTH,HOUR,MINUTE,HARM_EV,MAN_COLL,UNITTYPE,HIT_RUN,REG_STAT,OWNER,MAKE,MODEL,MAK_MOD,BODY_TYP,MOD_YEAR,VIN,VIN_1,VIN_2,VIN_3,VIN_4,VIN_5,VIN_6,VIN_7,VIN_8,VIN_9,VIN_10,VIN_11,VIN_12,TOW_VEH,J_KNIFE,MCARR_I1,MCARR_I2,MCARR_ID,GVWR,V_CONFIG,CARGO_BT,HAZ_INV,HAZ_PLAC,HAZ_ID,HAZ_CNO,HAZ_REL,BUS_USE,SPEC_USE,EMER_USE,TRAV_SP,UNDERIDE,ROLLOVER,ROLINLOC,IMPACT1,DEFORMED,TOWED,M_HARM,VEH_SC1,VEH_SC2,FIRE_EXP,DR_PRES,L_STATE,DR_ZIP,L_STATUS,L_TYPE,CDL_STAT,L_ENDORS,L_COMPL,L_RESTRI,DR_HGT,DR_WGT,PREV_ACC,PREV_SUS,PREV_DWI,PREV_SPD,PREV_OTH,FIRST_MO,FIRST_YR,LAST_MO,LAST_YR,SPEEDREL,DR_SF1,DR_SF2,DR_SF3,DR_SF4,VTRAFWAY,VNUM_LAN,VSPD_LIM,VALIGN,VPROFILE,VPAVETYP,VSURCOND,VTRAFCON,VTCONT_F,P_CRASH1,P_CRASH2,P_CRASH3,PCRASH4,PCRASH5,ACC_TYPE,DEATHS,DR_DRINK
21,210566,1,1,1,20,12,18,36,8,0,1,0,21,1,12,442,12442,20,1996,2FMDA5143TBC,2,F,M,D,A,5,1,4,3,T,B,C,0,0,0,000000000,00000000000,0,0,0,1,0,0,0,0,0,0,0,43,0,0,0,12,6,2,8,0,0,0,1,21,40218,6,1,8,0,3,0,71,215,0,0,0,0,0,0,0,0,0,0,0,0,0,0,1,4,45,1,1,1,1,0,0,1,80,1,1,1,13,0,1
21,210567,1,1,1,11,12,11,31,8,0,1,0,21,3,98,805,98805,63,2005,10TFAAN235S0,1,0,T,F,A,A,N,2,3,5,S,0,0,0,57,00393855,5700393855,3,2,5,1,0,0,0,0,0,0,0,998,0,0,0,12,0,5,8,0,0,0,1,18,47130,6,1,6,0,3,0,71,165,1,1,0,0,0,7,2013,8,2013,0,0,0,0,0,1,2,25,1,1,2,1,2,3,10,80,1,1,1,13,0,0
21,210568,1,2,1,5,12,20,35,12,6,1,0,21,1,20,16,20016,2,2001,1G1JC1242173,1,G,1,J,C,1,2,4,2,1,7,3,0,0,0,000000000,00000000000,0,0,0,1,0,0,0,0,0,0,0,998,0,0,0,9,6,2,12,0,0,0,1,21,40962,6,1,0,0,3,0,76,200,1,2,1,0,0,6,2012,10,2014,4,28,0,0,0,1,2,55,2,6,2,2,0,0,14,6,98,3,2,64,1,1
21,210568,2,2,1,5,12,20,35,12,6,1,0,21,2,7,482,7482,31,1995,3B7KF23C4SM1,3,B,7,K,F,2,3,C,4,S,M,1,0,0,0,000000000,00000000000,0,0,0,1,0,0,0,0,0,0,0,998,0,0,0,12,6,2,12,0,0,0,1,21,40962,3,1,0,0,2,0,62,96,0,0,0,0,0,0,0,0,0,0,0,0,0,0,1,2,55,1,5,2,2,0,0,1,62,8,1,1,65,0,0
21,210569,1,1,1,22,12,12,30,38,0,1,0,21,2,23,401,23401,14,2005,1GKDT13S0522,1,G,K,D,T,1,3,S,0,5,2,2,0,0,0,000000000,00000000000,0,0,0,1,0,0,0,0,0,0,0,998,0,1,6,12,6,2,1,0,0,0,1,21,40324,6,1,0,0,3,0,72,155,0,1,1,0,0,3,2014,10,2014,0,0,0,0,0,2,2,55,1,1,2,1,0,0,1,12,1,1,4,6,1,1
21,210570,1,1,1,24,12,4,31,53,0,1,0,21,2,20,471,20471,30,2002,1GCDT13W22K1,1,G,C,D,T,1,3,W,2,2,K,1,0,0,0,000000000,00000000000,0,0,0,1,0,0,0,0,0,0,0,64,0,1,6,61,6,2,1,0,0,0,1,21,41063,6,1,0,0,3,0,72,220,0,0,0,0,0,0,0,0,0,4,87,0,0,0,1,2,55,3,1,2,2,0,0,14,6,3,4,4,7,1,1
21,210571,1,2,4,11,12,13,18,12,6,1,0,21,1,20,482,20482,31,2002,3GNEK13T12G2,3,G,N,E,K,1,3,T,1,2,G,2,0,0,0,000000000,00000000000,0,0,0,1,0,0,0,0,0,0,0,998,0,0,0,81,6,2,12,0,0,0,1,21,42276,6,1,0,0,3,0,64,128,0,0,0,1,0,5,2012,5,2012,0,38,0,0,0,1,2,98,1,1,2,1,20,3,4,17,1,1,1,87,0,0
21,210571,2,2,2,11,12,13,18,12,6,1,0,21,1,7,20,7020,4,2002,1B3ES46C12D5,1,B,3,E,S,4,6,C,1,2,D,5,0,0,0,000000000,00000000000,0,0,0,1,0,0,0,0,0,0,0,998,0,0,0,12,6,2,12,0,0,0,1,21,42276,6,1,0,0,3,0,68,130,0,0,0,0,0,0,0,0,0,0,0,0,0,0,2,4,55,1,1,2,1,0,0,1,66,98,2,1,86,1,0
21,210572,1,1,1,24,12,1,15,42,0,1,0,21,2,37,31,37031,2,1994,2HGEJ2226RH5,2,H,G,E,J,2,2,2,6,R,H,5,0,0,0,000000000,00000000000,0,0,0,1,0,0,0,0,0,0,0,998,0,1,5,12,6,2,42,0,0,0,1,98,38369,0,0,0,0,0,0,68,165,0,0,0,0,0,0,0,0,0,4,37,87,0,0,1,2,55,1,2,2,2,0,0,1,6,98,9,4,7,1,0
21,210573,1,1,1,25,12,7,29,57,0,1,0,17,1,82,850,82850,65,2000,4UZ6XJCA5YCG,4,U,Z,6,X,J,C,A,5,Y,C,G,1,1,0,000000000,00000000000,0,0,0,1,0,0,0,0,0,0,0,998,0,0,0,12,6,2,57,0,0,0,1,17,62428,6,1,0,0,3,1,68,160,0,0,0,0,0,0,0,0,0,0,0,0,0,0,3,2,70,1,2,2,1,0,0,1,12,1,1,4,6,1,0
21,210574,1,2,4,25,12,15,49,12,2,1,0,21,1,7,28,7028,2,2010,2B3CJ4DV7AH1,2,B,3,C,J,4,D,V,7,A,H,1,0,0,0,000000000,00000000000,0,0,0,1,0,0,0,0,0,0,0,56,0,0,0,12,6,2,12,0,0,0,1,21,41056,6,1,0,0,3,0,74,222,0,0,0,0,0,0,0,0,0,0,28,0,0,0,5,4,55,4,2,2,1,0,0,14,9,98,1,2,50,1,0
21,210574,2,2,3,25,12,15,49,12,2,1,0,21,1,6,51,6051,4,2010,2C3CA5CV8AH1,2,C,3,C,A,5,C,V,8,A,H,1,0,0,0,000000000,00000000000,0,0,0,1,0,0,0,0,0,0,0,998,0,0,0,12,6,2,12,0,0,0,1,21,41056,6,1,0,0,3,0,69,135,0,0,0,0,0,0,0,0,0,0,0,0,0,0,5,4,55,2,2,2,1,0,0,14,62,1,1,1,51,1,0
21,210575,1,1,2,26,12,3,35,35,0,1,0,21,1,20,37,20037,4,2012,1G1ZD5E02CF3,1,G,1,Z,D,5,E,0,2,C,F,3,0,0,0,000000000,00000000000,0,0,0,1,0,0,0,0,0,0,0,998,0,1,5,12,6,2,35,0,0,0,1,21,41759,6,1,0,0,3,0,62,130,0,0,0,0,0,0,0,0,0,0,0,0,0,0,1,2,70,4,1,2,1,40,3,14,13,1,1,4,1,1,0
21,210576,1,2,2,26,12,13,57,12,6,1,0,21,1,20,471,20471,30,2002,1GCCS1954281,1,G,C,C,S,1,9,5,4,2,8,1,0,0,0,000000000,00000000000,0,0,0,1,0,0,0,0,0,0,0,18,0,1,1,61,6,2,12,0,0,0,1,21,42220,6,1,0,0,3,0,67,131,0,0,0,0,0,0,0,0,0,0,38,0,0,0,1,2,98,8,8,8,1,20,3,4,17,1,1,1,89,1,0
21,210576,2,2,1,26,12,13,57,12,6,1,0,21,1,49,53,49053,5,2009,4T3ZE11A79U0,4,T,3,Z,E,1,1,A,7,9,U,0,0,0,0,000000000,00000000000,0,0,0,1,0,0,0,0,0,0,0,65,0,0,0,12,6,2,12,0,0,1,1,21,42087,6,1,0,0,3,0,75,220,0,0,0,1,0,3,2013,3,2013,0,0,0,0,0,2,2,65,1,1,2,1,0,0,1,68,98,2,1,88,0,0
21,210577,1,1,1,27,12,21,30,8,0,1,0,21,2,20,22,20022,2,2009,1G1AT18H0972,1,G,1,A,T,1,8,H,0,9,7,2,0,0,0,000000000,00000000000,0,0,0,1,0,0,0,0,0,0,0,998,0,0,0,62,2,3,8,0,0,0,1,21,41858,6,1,0,0,3,1,61,102,0,0,0,0,0,0,0,0,0,0,0,0,0,0,1,2,55,1,2,2,2,0,0,1,80,1,1,1,13,0,0
21,210578,1,2,1,28,12,14,28,12,2,1,0,21,2,18,7,18007,4,2002,2G4WS52J5212,2,G,4,W,S,5,2,J,5,2,1,2,0,0,0,000000000,00000000000,0,0,0,1,0,0,0,0,0,0,0,998,0,0,0,12,6,2,12,0,0,0,1,21,41606,6,1,0,0,3,1,73,140,0,0,0,0,0,0,0,0,0,0,28,0,0,0,1,2,55,2,4,2,2,40,3,14,6,4,2,2,50,0,0
21,210578,2,2,1,28,12,14,28,12,2,1,0,21,1,20,22,20022,4,2008,1G1AL58F1871,1,G,1,A,L,5,8,F,1,8,7,1,0,0,0,000000000,00000000000,0,0,0,1,0,0,0,0,0,0,0,998,0,0,0,12,6,2,12,0,0,0,1,21,41636,6,1,0,0,3,0,60,180,0,0,0,0,0,0,0,0,0,0,0,0,0,0,1,2,55,3,2,2,2,40,3,14,62,1,1,1,51,1,0
21,210579,1,1,1,23,12,4,0,42,0,1,0,21,1,20,37,20037,4,2008,1G1ZS58NX8F1,1,G,1,Z,S,5,8,N,X,8,F,1,0,0,0,000000000,00000000000,0,0,0,1,0,0,0,0,0,0,0,998,0,0,0,61,6,2,42,0,0,0,1,21,40219,6,1,0,0,3,0,72,267,1,0,0,0,0,7,2013,7,2013,0,0,0,0,0,1,2,55,2,2,2,2,0,0,14,6,1,9,4,2,1,0
21,210580,1,2,1,21,12,7,28,12,2,1,0,21,2,20,471,20471,30,1993,1GCCS14R8P81,1,G,C,C,S,1,4,R,8,P,8,1,0,0,0,000000000,00000000000,0,0,0,1,0,0,0,0,0,0,0,50,0,0,0,12,6,2,12,0,0,1,1,21,40144,6,1,0,0,3,0,65,120,0,0,0,0,0,0,0,0,0,0,28,0,0,0,1,2,55,2,1,2,1,0,0,14,10,1,1,2,50,1,1
21,210580,2,2,2,21,12,7,28,12,2,1,0,21,2,20,421,20421,15,2001,1GNDT13W3121,1,G,N,D,T,1,3,W,3,1,2,1,0,0,0,000000000,00000000000,0,0,0,1,0,0,0,0,0,0,0,50,0,0,0,12,6,2,12,0,0,0,1,21,42275,6,1,0,0,3,0,72,150,0,0,0,0,0,0,0,0,0,0,0,0,0,0,1,2,55,3,1,2,1,0,0,14,62,1,1,1,51,0,0
21,210581,1,2,1,29,12,7,45,12,2,1,0,21,1,37,31,37031,4,2008,JHMFA36258S0,J,H,M,F,A,3,6,2,5,8,S,0,0,0,0,000000000,00000000000,0,0,0,1,0,0,0,0,0,0,0,55,0,0,0,12,6,2,12,0,0,0,1,21,40759,6,1,0,0,3,0,71,312,0,0,0,0,0,0,0,0,0,4,28,87,0,0,1,2,55,2,2,2,2,0,0,14,6,98,2,2,50,0,0
21,210581,2,2,3,29,12,7,45,12,2,1,0,21,1,37,31,37031,2,1999,1HGEM1152XL0,1,H,G,E,M,1,1,5,2,X,L,0,0,0,0,000000000,00000000000,0,0,0,1,0,0,0,0,0,0,0,45,0,0,0,12,6,2,12,0,0,0,1,21,40769,6,1,0,0,3,1,73,163,2,0,0,0,0,9,2012,9,2014,0,0,0,0,0,1,2,55,3,2,2,2,0,0,14,62,9,2,1,51,1,0
21,210582,1,2,2,29,12,11,18,12,6,1,0,21,2,9,19,9019,4,1993,1P3XA46K7PF6,1,P,3,X,A,4,6,K,7,P,F,6,0,0,0,000000000,00000000000,0,0,0,1,0,0,0,0,0,0,0,998,0,0,0,61,6,2,12,0,0,0,1,21,42602,0,0,0,0,0,0,999,999,0,0,0,0,0,0,0,0,0,0,28,0,0,0,1,2,35,2,1,2,2,0,0,14,6,1,3,2,64,1,0
21,210582,2,2,1,29,12,11,18,12,6,1,0,47,1,7,482,7482,31,2005,1D7HA18D65S2,1,D,7,H,A,1,8,D,6,5,S,2,0,0,0,000000000,00000000000,0,0,0,1,0,0,0,0,0,0,0,998,0,0,0,12,6,2,12,0,0,0,1,47,38577,6,1,0,0,3,0,73,225,0,0,0,0,0,0,0,0,0,0,0,0,0,0,1,2,35,3,1,2,2,0,0,14,62,9,2,1,65,0,0
21,210583,1,2,2,29,12,14,25,12,1,1,0,21,2,35,39,35039,4,2001,JN1CA31D21T6,J,N,1,C,A,3,1,D,2,1,T,6,0,0,0,000000000,00000000000,0,0,0,1,0,0,0,0,0,0,0,998,0,0,0,6,6,2,12,0,0,0,1,21,40353,6,1,0,0,3,1,71,175,0,0,0,0,0,0,0,0,0,0,0,0,0,0,2,2,70,1,1,2,1,0,0,1,12,1,1,7,64,2,0
21,210583,2,2,2,29,12,14,25,12,1,1,0,21,3,12,870,12870,55,2007,1FDSS34PX7DA,1,F,D,S,S,3,4,P,X,7,D,A,0,0,77,777777777,77777777777,8,20,22,1,0,0,0,0,98,13,0,998,0,0,0,12,6,2,12,0,0,0,1,21,41314,6,1,8,0,3,0,69,186,1,0,0,0,0,1,2012,1,2012,0,0,0,0,0,2,2,70,1,1,2,1,0,0,1,64,98,1,1,65,0,0
21,210584,1,2,1,23,12,16,9,12,6,1,0,21,1,49,40,49040,4,2007,4T1BE46K47U1,4,T,1,B,E,4,6,K,4,7,U,1,0,0,0,000000000,00000000000,0,0,0,1,0,0,0,0,0,0,0,998,0,0,0,62,6,2,12,0,0,0,1,21,40160,6,1,0,0,3,1,64,118,0,0,0,0,0,0,0,0,0,0,38,0,0,0,0,0,0,0,0,0,0,20,3,11,98,1,1,1,82,1,0
21,210584,2,2,1,23,12,16,9,12,6,1,0,21,1,6,441,6441,20,2002,2C4GP34392R5,2,C,4,G,P,3,4,3,9,2,R,5,0,0,0,000000000,00000000000,0,0,0,1,0,0,0,0,0,0,0,998,0,0,0,12,6,5,12,0,0,0,1,21,40160,6,1,8,0,3,0,73,261,0,0,0,0,0,0,0,0,0,0,0,0,0,0,1,2,35,4,3,2,2,0,0,14,72,2,1,1,83,0,0
21,210585,1,2,2,30,12,9,51,12,6,1,0,21,1,49,32,49032,4,2001,2T1BR12E61C4,2,T,1,B,R,1,2,E,6,1,C,4,0,0,0,000000000,00000000000,0,0,0,1,0,0,0,0,0,0,0,998,0,0,0,9,6,2,32,0,0,0,1,21,42701,6,1,0,0,3,0,66,150,1,0,0,0,0,12,2013,12,2013,0,38,39,0,0,1,4,98,1,1,2,1,3,3,1,17,1,1,1,89,1,0
21,210585,2,2,2,30,12,9,51,12,6,1,0,21,2,12,37,12037,4,2010,1FAHP3GN2AW2,1,F,A,H,P,3,G,N,2,A,W,2,0,0,0,000000000,00000000000,0,0,0,1,0,0,0,0,0,0,0,998,0,0,0,12,6,2,12,0,0,0,1,21,42728,6,1,0,0,3,0,66,165,0,0,0,0,0,0,0,0,0,0,0,0,0,0,1,5,55,1,1,2,1,3,3,1,66,3,2,1,88,0,0
21,210586,1,1,1,30,12,12,31,42,0,1,0,21,1,63,441,63441,20,2004,KNDUP131X465,K,N,D,U,P,1,3,1,X,4,6,5,0,0,0,000000000,00000000000,0,0,0,1,0,0,0,0,0,0,0,998,0,0,0,12,6,2,42,0,0,1,1,21,42712,6,1,0,0,3,0,61,115,0,0,0,0,0,0,0,0,0,0,0,0,0,0,1,2,45,3,2,2,1,40,3,14,13,98,1,4,1,1,0
21,210587,1,2,1,30,12,5,44,12,2,1,0,21,2,20,16,20016,4,2003,1G1JF52F4372,1,G,1,J,F,5,2,F,4,3,7,2,0,0,0,000000000,00000000000,0,0,0,1,0,0,0,0,0,0,0,998,0,0,0,12,6,2,12,0,0,0,1,21,42501,6,1,0,0,3,0,68,140,0,0,0,0,1,10,2014,10,2014,0,28,0,0,0,1,2,55,4,2,2,2,0,0,14,10,3,2,2,50,1,0
21,210587,2,2,3,30,12,5,44,12,2,1,0,21,3,20,481,20481,31,2008,1GCHK29K08E1,1,G,C,H,K,2,9,K,0,8,E,1,0,0,0,000000000,00000000000,0,0,0,1,0,0,0,0,0,0,0,998,0,0,0,12,6,2,12,0,0,0,1,21,41501,6,1,8,0,3,1,68,230,0,0,0,0,0,0,0,0,0,0,0,0,0,0,1,2,55,4,2,2,2,0,0,14,62,98,1,1,51,0,0
21,210588,1,2,1,30,12,6,15,12,6,1,0,21,2,23,481,23481,31,1997,1GTHC39J0VF0,1,G,T,H,C,3,9,J,0,V,F,0,0,0,0,000000000,00000000000,0,0,0,1,0,0,0,0,0,0,0,998,0,1,1,61,6,2,12,0,0,0,1,21,42087,6,1,0,0,3,0,75,205,0,0,0,0,0,0,0,0,0,0,38,0,0,0,1,2,98,1,1,2,1,20,3,1,17,1,1,1,89,1,0
21,210588,2,2,1,30,12,6,15,12,6,1,0,21,1,20,482,20482,31,2004,3GNEK12T54G1,3,G,N,E,K,1,2,T,5,4,G,1,0,0,0,000000000,00000000000,0,0,0,1,0,0,0,0,0,0,0,998,0,0,0,12,6,2,12,0,0,0,1,21,42039,6,1,0,0,3,0,72,164,1,0,0,0,0,6,2014,6,2014,0,0,0,0,0,1,2,55,1,1,2,1,4,3,1,66,3,2,1,88,0,0
21,210589,1,2,2,5,12,10,0,12,6,1,0,91,1,76,701,76701,88,2005,LPRSA20A95A6,L,P,R,S,A,2,0,A,9,5,A,6,0,0,0,000000000,00000000000,0,0,0,1,0,0,0,0,0,0,0,20,0,0,0,12,6,2,12,0,0,0,1,55,53147,6,1,0,0,3,1,73,235,0,0,0,0,0,0,0,0,0,0,39,0,0,0,1,2,98,1,1,2,1,3,3,1,17,1,1,1,88,1,0
21,210589,2,2,1,5,12,10,0,12,6,1,0,21,1,20,481,20481,31,2003,1GCEC14X73Z2,1,G,C,E,C,1,4,X,7,3,Z,2,0,0,0,000000000,00000000000,0,0,0,1,0,0,0,0,0,0,0,20,0,0,0,63,6,2,12,0,0,0,1,21,42036,6,1,0,0,3,1,69,165,0,0,0,0,0,0,0,0,0,0,0,0,0,0,5,5,35,1,1,2,1,3,3,1,66,1,1,1,89,0,0
21,210590,1,2,1,12,12,13,37,12,2,1,0,21,3,6,43,6043,4,2005,1C3EL46XX5N5,1,C,3,E,L,4,6,X,X,5,N,5,0,0,0,000000000,00000000000,0,0,0,1,0,0,0,0,0,0,0,998,0,0,0,12,6,2,12,0,0,0,1,21,42285,6,1,0,0,3,0,65,132,0,0,0,0,0,0,0,0,0,0,28,0,0,0,1,2,55,1,2,2,1,40,3,1,10,1,1,2,50,0,0
21,210590,2,2,1,12,12,13,37,12,2,1,0,21,1,12,4,12004,4,1993,1FAPP6249PH1,1,F,A,P,P,6,2,4,9,P,H,1,0,0,0,000000000,00000000000,0,0,0,1,0,0,0,0,0,0,0,998,0,0,0,12,6,2,12,0,0,0,1,21,42207,3,1,0,0,2,0,65,108,0,0,0,0,0,0,0,0,0,0,0,0,0,0,1,2,55,1,2,2,1,40,3,1,62,1,1,1,51,1,0
21,210591,1,1,3,26,12,2,48,35,0,1,0,21,1,19,18,19018,4,2003,1G6DM57N8301,1,G,6,D,M,5,7,N,8,3,0,1,0,0,0,000000000,00000000000,0,0,0,1,0,0,0,0,0,0,0,85,0,1,3,14,6,2,35,0,0,1,1,21,42240,6,1,0,0,3,0,74,185,1,2,0,1,0,7,2012,5,2013,3,0,0,0,0,2,2,55,1,2,2,1,0,0,1,12,1,1,4,6,1,1
21,210592,1,2,3,26,12,14,35,12,6,1,0,21,2,20,16,20016,2,2002,1G1JC1243271,1,G,1,J,C,1,2,4,3,2,7,1,0,0,0,000000000,00000000000,0,0,0,1,0,0,0,0,0,0,0,25,0,0,0,81,6,2,12,0,0,0,1,21,42544,6,1,0,0,3,0,72,275,0,0,0,0,0,0,0,0,0,0,38,0,0,0,5,5,98,1,1,2,1,3,3,4,17,98,1,1,87,2,0
21,210592,2,2,1,26,12,14,35,12,6,1,0,21,3,85,881,85881,66,2010,1XKDD40XXAJ2,1,X,K,D,D,4,0,X,X,A,J,2,1,1,57,00139925,5700139925,3,6,2,1,0,0,0,0,0,0,0,40,0,0,0,12,6,2,12,0,0,0,1,21,42544,6,1,6,1,3,0,68,145,0,0,0,0,0,0,0,0,0,0,0,0,0,0,5,2,45,1,1,2,1,3,3,1,66,9,2,1,86,0,0
21,210593,1,1,1,28,12,8,54,25,0,1,0,21,1,22,22,22022,4,2005,1G2ZH5485541,1,G,2,Z,H,5,4,8,5,5,4,1,0,0,0,000000000,00000000000,0,0,0,1,0,0,0,0,0,0,0,998,0,0,0,9,6,2,25,0,0,0,1,21,40203,6,1,0,0,3,2,69,168,0,0,0,0,0,0,0,0,0,0,74,0,0,0,3,3,55,1,1,2,2,0,0,16,9,7,3,4,2,1,1
21,210594,1,1,1,25,12,22,5,8,0,1,0,21,1,12,401,12401,14,2003,1FMZU75W23UB,1,F,M,Z,U,7,5,W,2,3,U,B,0,0,0,000000000,00000000000,0,0,0,1,0,0,0,0,0,0,0,998,0,0,0,12,2,5,8,0,0,0,1,21,40212,6,1,0,0,3,0,64,167,0,0,0,0,0,0,0,0,0,4,0,0,0,0,1,4,35,1,1,2,1,0,0,1,80,1,1,1,13,0,0
21,210595,1,1,1,29,12,10,5,42,0,1,0,21,1,63,34,63034,4,2007,KNAGE1236751,K,N,A,G,E,1,2,3,6,7,5,1,0,0,0,000000000,00000000000,0,0,0,1,0,0,0,0,0,0,0,998,0,0,0,12,6,2,42,0,0,0,1,21,41701,6,1,8,0,3,0,66,185,0,0,0,0,0,0,0,0,0,0,0,0,0,0,1,2,35,3,1,2,2,0,0,14,12,1,1,4,6,1,0
21,210596,1,1,1,30,12,10,1,33,0,1,0,21,2,21,2,21002,4,1996,1G3HN52K7T48,1,G,3,H,N,5,2,K,7,T,4,8,0,0,0,000000000,00000000000,0,0,0,1,0,0,0,0,0,0,0,998,0,1,5,14,6,2,33,0,0,0,1,21,40258,6,1,0,0,3,0,68,160,0,0,0,0,0,0,0,0,0,0,58,0,0,0,5,5,40,4,1,2,1,0,0,14,13,6,1,4,1,1,0
21,210597,1,1,2,16,12,4,36,17,0,1,0,21,1,20,481,20481,31,1997,2GBEC19R5V11,2,G,B,E,C,1,9,R,5,V,1,1,0,0,0,000000000,00000000000,0,0,0,1,0,0,0,0,0,0,0,53,0,0,0,12,6,2,17,0,0,0,1,21,41097,6,1,0,0,3,1,68,155,0,0,0,0,0,0,0,0,0,0,0,0,0,0,1,2,55,1,2,2,1,40,3,1,19,1,1,4,99,1,0
21,210598,1,1,1,8,12,4,7,42,0,1,0,21,1,7,43,7043,4,2006,1B3AL46T36N2,1,B,3,A,L,4,6,T,3,6,N,2,0,0,0,000000000,00000000000,0,0,0,1,0,0,0,0,0,0,0,35,0,0,0,12,6,2,42,0,0,0,1,21,41008,6,1,0,0,3,1,72,195,0,0,0,0,0,0,0,0,0,0,0,0,0,0,1,2,55,2,2,2,1,40,3,14,13,2,2,4,1,1,0
21,210599,1,1,2,18,11,22,49,42,0,1,0,21,2,23,481,23481,31,1995,1GTEK14KXSZ5,1,G,T,E,K,1,4,K,X,S,Z,5,0,0,0,000000000,00000000000,0,0,0,1,0,0,0,0,0,0,0,45,0,0,0,12,6,2,42,0,0,0,1,21,42301,6,1,0,0,3,0,73,185,0,2,1,0,1,1,2012,9,2014,0,0,0,0,0,1,2,35,3,1,2,1,0,0,14,13,1,1,4,1,2,1
21,210600,1,1,1,9,11,21,51,42,0,1,0,21,2,20,39,20039,4,2005,KL1TD626X5B4,K,L,1,T,D,6,2,6,X,5,B,4,0,0,0,000000000,00000000000,0,0,0,1,0,0,0,0,0,0,0,998,0,0,0,12,6,2,42,0,0,0,1,21,42501,6,1,0,0,3,0,66,145,0,0,0,0,0,0,0,0,0,0,0,0,0,0,1,2,55,3,1,2,1,0,0,14,9,3,2,4,2,1,1
21,210601,1,2,3,10,11,10,17,12,6,1,0,21,1,20,2,20002,4,2005,2G1WF52E9593,2,G,1,W,F,5,2,E,9,5,9,3,0,0,0,000000000,00000000000,0,0,0,1,0,0,0,0,0,0,0,998,0,0,0,82,6,2,12,0,0,0,1,21,42301,6,1,0,0,3,0,64,185,0,0,0,0,0,0,0,0,0,0,38,39,0,0,2,2,55,1,2,2,1,3,3,1,67,1,1,1,83,1,0
21,210601,2,2,1,10,11,10,17,12,6,1,0,21,3,84,881,84881,66,1999,2HSFRALR7XC0,2,H,S,F,R,A,L,R,7,X,C,0,1,1,77,777777777,77777777777,3,6,1,1,0,0,0,0,0,0,0,30,0,0,0,12,4,3,12,0,0,0,1,21,42754,6,1,6,0,3,0,69,250,0,0,0,2,0,5,2014,5,2014,0,0,0,0,0,1,2,98,1,8,2,1,3,3,11,15,3,2,1,82,0,0
21,210602,1,2,1,22,12,15,42,12,2,1,0,21,1,20,481,20481,31,2002,1GCEC14W52Z1,1,G,C,E,C,1,4,W,5,2,Z,1,0,0,0,000000000,00000000000,0,0,0,1,0,0,0,0,0,0,0,998,0,0,0,12,4,3,12,0,0,0,1,21,42701,6,1,0,0,3,0,75,260,0,0,0,1,0,8,2012,8,2012,0,38,0,0,0,1,2,55,1,1,2,1,40,3,11,15,98,1,1,68,0,0
21,210602,2,2,1,22,12,15,42,12,2,1,0,21,2,37,706,37706,80,2008,JH2SC59098M0,J,H,2,S,C,5,9,0,9,8,M,0,0,0,0,000000000,00000000000,0,0,0,1,0,0,0,0,0,0,0,998,0,0,0,12,6,2,12,0,0,0,1,21,40219,6,7,0,0,2,2,71,152,2,0,0,0,0,2,2014,9,2014,0,74,0,0,0,1,2,55,1,1,2,1,40,3,1,62,3,1,1,69,1,0
21,210603,1,1,3,25,12,23,23,43,0,1,0,21,1,12,17,12017,4,2001,1FAFP55U11G2,1,F,A,F,P,5,5,U,1,1,G,2,0,0,0,000000000,00000000000,0,0,0,1,0,0,0,0,0,0,0,110,0,1,6,98,6,2,14,0,0,0,1,21,40165,6,1,0,0,3,0,67,120,0,0,0,0,0,0,0,0,0,3,0,0,0,0,1,2,55,2,2,2,1,40,3,14,6,1,9,4,2,1,1
21,210604,1,1,1,25,10,1,20,42,0,1,0,21,1,41,44,41044,2,1989,1YVGD31A7K52,1,Y,V,G,D,3,1,A,7,K,5,2,0,0,0,000000000,00000000000,0,0,0,1,0,0,0,0,0,0,0,55,0,0,0,12,6,2,42,0,0,0,1,21,40359,6,1,0,0,3,0,71,200,1,0,0,0,0,3,2013,3,2013,0,0,0,0,0,1,2,55,2,1,2,1,0,0,14,9,3,2,4,7,1,1
21,210605,1,1,2,19,12,23,28,35,0,1,0,21,2,35,47,35047,4,2005,1N4AL11D45C1,1,N,4,A,L,1,1,D,4,5,C,1,0,0,0,000000000,00000000000,0,0,0,1,0,0,0,0,0,0,0,998,0,0,0,12,2,5,35,0,0,0,1,21,41630,6,1,0,0,3,0,71,180,0,0,0,0,0,0,0,0,0,4,0,0,0,0,1,2,25,1,1,2,1,0,0,1,19,1,1,4,99,1,0
21,210606,1,1,2,26,12,21,9,42,0,1,0,21,1,12,401,12401,14,2005,1FMZU73E35UB,1,F,M,Z,U,7,3,E,3,5,U,B,0,0,0,000000000,00000000000,0,0,0,1,0,0,0,0,0,0,0,998,0,0,0,12,6,2,42,0,0,0,1,21,40143,0,0,0,0,0,0,65,115,0,0,0,0,0,0,0,0,0,3,0,0,0,0,1,2,55,3,2,2,1,40,3,14,6,3,2,4,2,1,1