STATE,ST_CASE,VEH_NO,VE_FORMS,NUMOCCS,DAY,MONTH,HOUR,MINUTE,HARM_EV,MAN_COLL,UNITTYPE,HIT_RUN,REG_STAT,OWNER,MAKE,MODEL,MAK_MOD,BODY_TYP,MOD_YEAR,VIN,VIN_1,VIN_2,VIN_3,VIN_4,VIN_5,VIN_6,VIN_7,VIN_8,VIN_9,VIN_10,VIN_11,VIN_12,TOW_VEH,J_KNIFE,MCARR_I1,MCARR_I2,MCARR_ID,GVWR,V_CONFIG,CARGO_BT,HAZ_INV,HAZ_PLAC,HAZ_ID,HAZ_CNO,HAZ_REL,BUS_USE,SPEC_USE,EMER_USE,TRAV_SP,UNDERIDE,ROLLOVER,ROLINLOC,IMPACT1,DEFORMED,TOWED,M_HARM,VEH_SC1,VEH_SC2,FIRE_EXP,DR_PRES,L_STATE,DR_ZIP,L_STATUS,L_TYPE,CDL_STAT,L_ENDORS,L_COMPL,L_RESTRI,DR_HGT,DR_WGT,PREV_ACC,PREV_SUS,PREV_DWI,PREV_SPD,PREV_OTH,FIRST_MO,FIRST_YR,LAST_MO,LAST_YR,SPEEDREL,DR_SF1,DR_SF2,DR_SF3,DR_SF4,VTRAFWAY,VNUM_LAN,VSPD_LIM,VALIGN,VPROFILE,VPAVETYP,VSURCOND,VTRAFCON,VTCONT_F,P_CRASH1,P_CRASH2,P_CRASH3,PCRASH4,PCRASH5,ACC_TYPE,DEATHS,DR_DRINK
22,220169,1,2,1,8,4,13,30,12,6,1,0,22,1,7,43,7043,4,2000,1B3EJ46X9YN3,1,B,3,E,J,4,6,X,9,Y,N,3,0,0,0,000000000,00000000000,0,0,0,1,0,0,0,0,0,0,0,10,0,0,0,9,6,2,12,32,0,0,1,22,70538,6,1,0,0,3,3,65,166,0,0,0,0,0,0,0,0,0,0,38,0,0,0,2,1,55,1,1,1,1,4,3,1,17,1,1,1,89,1,0
22,220169,2,2,2,8,4,13,30,12,6,1,0,48,2,49,442,49442,20,2011,5TDKK3DC9BS1,5,T,D,K,K,3,D,C,9,B,S,1,0,0,0,000000000,00000000000,0,0,0,1,0,0,0,0,0,0,0,65,0,0,0,12,6,2,12,0,0,0,1,48,77377,6,1,0,0,3,0,999,999,0,0,0,0,0,0,0,0,0,0,0,0,0,0,2,2,65,1,1,1,1,0,0,1,66,4,1,1,88,0,0
22,220170,1,1,1,21,4,8,40,32,0,1,0,22,3,86,881,86881,66,2001,1M1AE06Y61W0,1,M,1,A,E,0,6,Y,6,1,W,0,1,2,77,777777777,77777777777,3,6,4,1,0,0,0,0,0,0,0,45,0,1,5,12,6,2,42,0,0,0,1,22,70403,6,1,6,0,3,1,71,146,0,0,0,0,0,0,0,0,0,9,6,0,0,0,1,2,45,3,1,2,1,0,0,14,13,8,3,4,2,1,0
22,220171,1,3,1,21,4,12,28,12,1,1,0,22,1,23,481,23481,31,2008,2GTEK6386812,2,G,T,E,K,6,3,8,6,8,1,2,0,0,0,000000000,00000000000,0,0,0,1,0,0,0,0,0,0,0,999,0,0,0,12,6,2,12,0,0,0,1,22,70507,6,1,6,0,3,0,70,240,0,0,0,0,1,5,2013,5,2013,0,6,0,0,0,1,2,55,1,1,2,1,0,0,1,50,9,1,1,20,0,0
22,220171,2,3,2,21,4,12,28,12,1,1,0,22,2,55,33,55033,4,2013,5NPEB4AC1DH7,5,N,P,E,B,4,A,C,1,D,H,7,0,0,0,000000000,00000000000,0,0,0,1,0,0,0,0,0,0,0,0,0,0,0,6,6,2,12,0,0,0,1,22,70520,6,1,0,0,3,0,62,180,0,0,0,0,0,0,0,0,0,0,0,0,0,0,1,2,55,1,1,2,1,0,0,5,53,1,1,1,21,1,0
22,220171,3,3,1,21,4,12,28,12,1,1,0,22,2,49,53,49053,5,2010,4T3ZK3BB1AU0,4,T,3,Z,K,3,B,B,1,A,U,0,0,0,0,000000000,00000000000,0,0,0,1,0,0,0,0,0,0,0,999,0,0,0,12,6,2,12,0,0,0,1,22,70506,6,1,0,0,3,0,63,260,0,0,0,0,0,0,0,0,0,0,0,0,0,0,1,2,55,1,1,2,1,0,0,1,62,1,1,1,98,0,0
22,220172,1,1,2,21,4,15,15,58,0,1,0,22,2,7,20,7020,4,2000,1B3ES46C3YD5,1,B,3,E,S,4,6,C,3,Y,D,5,0,0,0,000000000,00000000000,0,0,0,1,0,0,0,0,0,0,0,100,0,0,0,14,6,2,42,0,0,0,1,22,70744,6,2,0,0,3,1,69,165,0,0,0,0,0,0,0,0,0,3,6,0,0,0,1,2,55,1,1,5,1,3,3,1,12,1,4,5,7,1,1
22,220173,1,2,1,22,4,20,0,12,2,1,0,22,2,20,481,20481,31,2008,2GCEK19J9812,2,G,C,E,K,1,9,J,9,8,1,2,0,0,0,000000000,00000000000,0,0,0,1,0,0,0,0,0,0,0,45,0,0,0,12,6,2,12,0,0,0,1,22,71259,6,2,0,0,3,0,69,155,0,1,0,1,0,4,2013,10,2013,0,28,0,0,0,2,2,45,1,1,2,1,0,0,1,10,1,1,2,50,0,0
22,220173,2,2,1,22,4,20,0,12,2,1,0,22,1,35,401,35401,14,2004,JN8DR09X34W8,J,N,8,D,R,0,9,X,3,4,W,8,0,0,0,000000000,00000000000,0,0,0,1,0,0,0,0,0,0,0,45,0,0,0,12,6,2,12,0,0,0,1,22,71269,6,1,0,0,3,0,71,151,0,0,0,0,2,6,2012,8,2013,0,0,0,0,0,2,2,45,1,1,2,1,0,0,1,62,1,1,1,51,1,0
22,220174,1,1,1,23,4,8,48,8,0,1,0,22,2,24,1,24001,4,1998,1G8ZK527XWZ1,1,G,8,Z,K,5,2,7,X,W,Z,1,0,0,0,000000000,00000000000,0,0,0,1,0,0,0,0,0,0,0,40,0,0,0,1,2,5,8,0,0,0,1,22,70065,6,1,0,0,3,0,65,120,0,2,0,0,0,5,2012,1,2014,0,86,0,0,0,3,3,60,4,1,2,1,0,0,14,80,8,1,1,13,0,0
22,220175,1,2,2,24,4,12,42,12,2,1,0,48,2,20,481,20481,31,1993,1GCGC29F8PE2,1,G,C,G,C,2,9,F,8,P,E,2,0,0,0,000000000,00000000000,0,0,0,1,0,0,0,0,0,0,0,55,0,0,0,12,6,2,12,0,0,0,1,22,70583,6,1,0,0,3,0,62,115,0,0,0,0,0,0,0,0,0,4,28,0,0,0,2,2,55,2,1,2,1,40,3,14,10,4,9,2,50,0,1
22,220175,2,2,1,24,4,12,42,12,2,1,0,22,1,20,481,20481,31,2006,3GCEC14X56G1,3,G,C,E,C,1,4,X,5,6,G,1,0,0,0,000000000,00000000000,0,0,0,1,0,0,0,0,0,0,0,45,0,0,0,12,6,2,12,0,0,0,1,22,70529,6,1,0,0,3,0,72,200,0,0,0,0,0,0,0,0,0,0,0,0,0,0,2,2,55,2,1,2,1,40,3,14,62,1,1,1,51,1,0
22,220176,1,2,3,25,4,0,47,12,1,1,0,22,2,6,43,6043,2,1999,4C3AU52N4XE1,4,C,3,A,U,5,2,N,4,X,E,1,0,0,0,000000000,00000000000,0,0,0,1,0,0,0,0,0,0,0,0,0,0,0,6,6,2,2,33,0,1,1,48,70607,0,0,0,0,0,0,999,999,0,0,0,0,0,0,0,0,0,0,54,0,0,0,2,3,70,1,1,2,1,0,0,7,53,1,1,1,21,1,0
22,220176,2,2,1,25,4,0,47,12,1,1,0,93,3,82,881,82881,66,2005,1FUJF6CK75DU,1,F,U,J,F,6,C,K,7,5,D,U,1,1,57,1409447,571409447,3,6,6,1,0,0,0,0,0,0,0,67,0,0,0,12,6,2,2,0,0,1,1,48,78577,6,1,6,0,3,0,999,999,0,0,0,0,1,3,2013,3,2013,0,0,0,0,0,2,3,70,1,1,2,1,0,0,1,50,8,1,1,20,0,0
22,220177,1,2,1,25,4,6,20,12,2,1,0,22,2,20,481,20481,31,2000,1GCEK19TXYE1,1,G,C,E,K,1,9,T,X,Y,E,1,0,0,0,000000000,00000000000,0,0,0,1,0,0,0,0,0,0,0,55,0,0,0,12,6,2,12,0,0,0,1,22,71241,6,1,0,0,3,0,72,200,0,0,0,0,0,0,0,0,0,0,28,0,0,0,1,2,55,1,2,2,1,0,0,1,10,1,1,2,50,1,0
22,220177,2,2,1,25,4,6,20,12,2,1,0,93,3,82,881,82881,66,2014,3AKJGED52ESF,3,A,K,J,G,E,D,5,2,E,S,F,1,1,57,238997,57238997,3,6,3,1,0,0,0,0,0,0,0,55,0,0,0,12,6,2,12,0,0,0,1,28,39180,6,1,6,0,3,0,73,225,98,0,0,0,0,0,0,0,0,0,0,0,0,0,1,2,55,1,2,2,1,0,0,1,62,9,1,1,51,0,0
22,220178,1,2,1,27,4,1,26,12,6,1,0,92,0,73,705,73705,80,2008,JKBZXNC198A0,J,K,B,Z,X,N,C,1,9,8,A,0,0,0,0,000000000,00000000000,0,0,0,1,0,0,0,0,0,0,0,50,0,0,0,12,6,2,12,0,0,0,1,22,70122,3,1,0,0,2,2,70,167,0,0,0,0,0,0,0,0,0,3,39,74,0,0,2,2,35,1,1,2,1,3,3,1,17,1,1,1,88,1,0
22,220178,2,2,1,27,4,1,26,12,6,1,0,22,1,54,37,54037,2,1997,19UYA2259VL0,1,9,U,Y,A,2,2,5,9,V,L,0,0,0,0,000000000,00000000000,0,0,0,1,0,0,0,0,0,0,0,15,0,0,0,9,6,2,12,0,0,0,1,22,70126,6,1,0,0,3,0,71,180,0,0,0,0,1,8,2013,8,2013,0,0,0,0,0,2,2,35,1,1,2,1,3,3,1,66,1,1,1,89,0,0
22,220179,1,1,1,27,4,2,30,38,0,1,0,22,1,22,22,22022,4,2009,1G2ZM5773941,1,G,2,Z,M,5,7,7,3,9,4,1,0,0,0,000000000,00000000000,0,0,0,1,0,0,0,0,0,0,0,70,0,1,7,11,6,2,43,0,0,0,1,22,70605,6,1,0,0,3,0,70,225,0,0,0,0,0,0,0,0,0,3,39,0,0,0,1,2,50,1,1,2,1,20,3,1,14,1,1,4,14,1,0
22,220180,1,1,1,27,4,17,56,42,0,1,0,22,1,37,32,37032,2,2005,1HGCM82465A0,1,H,G,C,M,8,2,4,6,5,A,0,0,0,0,000000000,00000000000,0,0,0,1,0,0,0,0,0,0,0,998,0,0,0,9,6,2,42,0,0,0,1,22,70601,1,1,0,0,2,2,69,200,0,2,0,0,0,11,2012,11,2012,9,6,74,0,0,2,3,70,1,1,2,1,0,0,15,13,7,3,4,2,1,0
22,220181,1,1,1,27,4,20,57,8,0,1,1,22,1,59,31,59031,4,2003,JTHBF30G5301,J,T,H,B,F,3,0,G,5,3,0,1,0,0,0,000000000,00000000000,0,0,0,1,0,0,0,0,0,0,0,999,0,0,0,12,2,3,8,0,0,0,1,22,70065,6,1,0,0,3,0,70,200,0,0,0,0,0,0,0,0,0,9,86,0,0,0,2,2,40,1,1,2,1,0,0,1,80,1,1,9,13,0,0
22,220182,1,2,1,30,4,11,4,12,6,1,0,22,2,7,24,7024,4,2013,2C3CDXCT5DH5,2,C,3,C,D,X,C,T,5,D,H,5,0,0,0,000000000,00000000000,0,0,0,1,0,0,0,0,0,0,0,10,0,0,0,4,2,5,12,0,0,0,1,22,71486,6,1,0,0,3,0,63,140,0,0,0,0,0,0,0,0,0,0,38,0,0,0,1,2,45,1,1,2,1,0,0,11,54,10,1,2,68,0,0
22,220182,2,2,1,30,4,11,4,12,6,1,0,22,1,72,706,72706,80,1994,1HD1BJL41RY0,1,H,D,1,B,J,L,4,1,R,Y,0,0,0,0,000000000,00000000000,0,0,0,1,0,0,0,0,0,0,0,45,0,0,0,12,6,2,12,0,0,0,1,22,71486,6,1,0,0,3,0,67,265,0,0,0,0,0,0,0,0,0,0,0,0,0,0,1,2,45,1,1,2,1,0,0,1,62,1,1,1,69,1,0
22,220183,1,1,1,26,4,20,5,8,0,1,0,22,2,23,481,23481,31,1999,1GTEC14W8XZ5,1,G,T,E,C,1,4,W,8,X,Z,5,0,0,0,000000000,00000000000,0,0,0,1,0,0,0,0,0,0,0,70,0,0,0,12,6,2,8,0,0,0,1,22,70094,1,1,0,0,2,2,73,180,0,2,0,0,0,11,2011,5,2012,0,74,0,0,0,2,2,70,1,1,2,1,0,0,15,80,6,1,1,13,0,0
22,220184,1,1,2,26,4,22,10,34,0,1,0,22,1,49,40,49040,4,2008,4T1BE46K88U7,4,T,1,B,E,4,6,K,8,8,U,7,0,0,0,000000000,00000000000,0,0,0,1,0,0,0,0,0,0,0,75,0,1,5,12,6,2,1,0,0,0,1,22,70652,6,1,0,0,3,0,66,210,0,0,0,2,0,3,2013,5,2013,3,6,0,0,0,1,2,55,3,1,2,1,0,0,14,10,1,1,4,6,1,1
22,220185,1,1,1,6,4,23,54,21,0,1,0,22,2,2,403,2403,14,2002,1J4GX48S22C1,1,J,4,G,X,4,8,S,2,2,C,1,0,0,0,000000000,00000000000,0,0,0,1,0,0,0,0,0,0,0,999,0,0,0,9,6,2,21,0,0,0,1,22,70726,6,1,0,0,3,0,66,180,0,0,0,1,1,5,2011,2,2013,9,99,99,99,99,6,2,60,9,9,1,2,0,0,1,12,1,9,4,6,1,0
22,220186,1,1,1,28,4,19,30,24,0,1,0,22,1,37,403,37403,14,2005,5J6YH28655L0,5,J,6,Y,H,2,8,6,5,5,L,0,0,0,0,000000000,00000000000,0,0,0,1,0,0,0,0,0,0,0,60,0,0,0,3,6,2,25,0,0,0,1,22,70443,6,1,0,0,3,0,63,118,0,0,0,0,0,0,0,0,0,9,6,58,0,0,3,3,60,1,1,1,1,0,0,1,11,6,1,4,98,1,1
22,220187,1,2,1,15,4,9,59,12,2,1,0,22,2,12,3,12003,2,2006,1ZVFT80N1651,1,Z,V,F,T,8,0,N,1,6,5,1,0,0,0,000000000,00000000000,0,0,0,1,0,0,0,0,0,0,0,55,0,0,0,12,6,2,12,0,0,0,1,22,70390,1,1,0,0,2,2,71,215,0,0,0,0,0,0,0,0,0,0,28,74,0,0,1,2,55,1,1,2,1,0,0,1,10,1,9,2,50,1,0
22,220187,2,2,1,15,4,9,59,12,2,1,0,22,3,86,881,86881,63,2006,1M2K189C46M0,1,M,2,K,1,8,9,C,4,6,M,0,0,0,77,777777777,77777777777,3,2,4,1,0,0,0,0,0,0,0,55,0,0,0,12,6,2,12,0,0,0,1,22,70737,6,1,6,9,3,0,63,200,0,0,0,0,0,0,0,0,0,0,0,0,0,0,1,2,55,1,1,2,1,0,0,1,62,1,1,1,51,0,0
22,220188,1,2,1,1,5,5,38,18,0,1,0,22,1,23,481,23481,31,2006,2GTEK13V8612,2,G,T,E,K,1,3,V,8,6,1,2,0,0,0,000000000,00000000000,0,0,0,1,0,0,0,0,0,0,0,0,0,0,0,12,6,2,12,0,0,0,1,22,71411,6,1,0,0,3,0,62,150,0,0,0,0,0,0,0,0,0,0,54,0,0,0,2,2,55,1,2,2,1,0,0,5,54,1,1,1,98,1,0
22,220188,2,2,1,1,5,5,38,18,0,1,0,93,3,87,881,87881,66,2013,1XPTD49X2DD1,1,X,P,T,D,4,9,X,2,D,D,1,1,3,57,940147,57940147,3,6,4,1,0,0,0,0,0,0,0,55,0,0,0,12,6,2,12,0,0,0,1,22,71019,1,1,1,9,2,0,68,140,0,1,0,1,0,8,2012,12,2013,0,84,0,0,0,2,2,55,1,2,2,1,0,0,1,90,1,1,1,12,0,0
22,220189,1,1,1,2,5,13,40,8,0,1,0,22,3,35,472,35472,30,2006,1N6BD06T76C4,1,N,6,B,D,0,6,T,7,6,C,4,0,0,0,000000000,00000000000,0,0,0,1,0,0,0,0,0,0,0,45,0,0,0,1,2,5,8,0,0,0,1,22,70438,6,1,0,0,3,0,68,170,0,0,0,0,0,0,0,0,0,0,0,0,0,0,1,2,45,1,1,2,1,0,0,1,80,1,1,1,13,0,0
22,220190,1,4,2,2,5,16,40,12,1,1,0,18,3,84,884,84884,66,2007,2HSCNAPR07C3,2,H,S,C,N,A,P,R,0,7,C,3,1,1,57,63391,5763391,3,6,1,2,2,8888,5,2,0,0,0,55,0,0,0,12,6,2,2,0,0,1,1,39,45385,6,1,6,1,3,3,60,125,0,0,0,0,0,0,0,0,0,4,99,99,99,99,3,2,55,1,2,1,1,0,0,1,52,99,1,1,28,2,0
22,220190,2,4,1,2,5,16,40,12,1,1,0,93,4,82,881,82881,66,2014,3AKJGEBG1ESF,3,A,K,J,G,E,B,G,1,E,S,F,1,2,57,223431,57223431,3,6,1,1,0,0,0,0,0,0,0,40,0,0,0,6,6,2,2,0,0,1,1,22,70808,6,1,6,0,3,0,73,206,0,1,0,0,1,3,2014,3,2014,0,0,0,0,0,3,2,55,1,2,1,1,0,0,2,53,1,1,1,29,0,0
22,220190,3,4,1,2,5,16,40,12,1,1,0,93,3,82,884,82884,66,2003,1FUJAHCG43LK,1,F,U,J,A,H,C,G,4,3,L,K,1,1,57,1876844,571876844,3,6,1,1,0,0,0,0,0,0,0,0,0,0,0,6,6,2,2,0,0,1,1,34,7306,6,1,6,0,3,0,65,999,1,0,0,0,0,8,2012,8,2012,0,0,0,0,0,3,2,55,1,2,1,1,0,0,5,53,1,1,1,98,0,0
22,220190,4,4,1,2,5,16,40,12,1,1,0,93,3,85,881,85881,66,2013,1XKDDP9X2DJ3,1,X,K,D,D,P,9,X,2,D,J,3,1,1,57,221478,57221478,3,6,3,1,0,0,0,0,0,0,0,0,0,0,0,6,2,5,12,0,0,0,1,28,39152,6,1,6,9,3,0,75,168,98,0,0,0,0,0,0,0,0,0,0,0,0,0,3,2,55,1,2,1,1,0,0,5,50,1,1,1,98,0,0
22,220191,1,1,1,3,5,0,4,32,0,1,0,22,1,20,481,20481,31,2003,1GCHC24U03Z1,1,G,C,H,C,2,4,U,0,3,Z,1,0,0,0,000000000,00000000000,0,0,0,1,0,0,0,0,0,0,0,55,0,0,0,12,6,2,32,0,0,0,1,22,70570,6,1,0,0,3,0,65,190,0,0,0,0,0,0,0,0,0,0,99,99,99,99,1,2,55,2,1,2,1,40,3,14,10,1,1,4,6,1,1
22,220192,1,2,1,3,5,6,24,12,8,1,0,22,2,62,401,62401,14,2003,SALTY16423A7,S,A,L,T,Y,1,6,4,2,3,A,7,0,0,0,000000000,00000000000,0,0,0,1,0,0,0,0,0,0,0,55,0,1,1,62,6,2,12,0,0,0,1,22,70663,6,1,0,0,3,0,70,250,0,3,0,2,3,8,2011,9,2013,0,28,0,0,0,1,2,55,2,1,2,1,0,0,14,10,1,1,2,64,1,0
22,220192,2,2,1,3,5,6,24,12,8,1,0,22,3,84,881,84881,66,2006,2HSCEAPR76C2,2,H,S,C,E,A,P,R,7,6,C,2,1,1,57,1677422,571677422,3,6,2,2,2,1203,3,1,0,0,0,50,0,0,0,62,6,2,12,0,0,0,1,22,70380,6,1,6,1,3,0,71,265,0,0,0,0,0,0,0,0,0,0,0,0,0,0,1,2,55,3,1,2,1,0,0,14,62,9,1,2,65,0,0
22,220193,1,1,1,3,5,17,50,34,0,1,0,22,1,37,31,37031,2,1996,1HGEJ6121TL0,1,H,G,E,J,6,1,2,1,T,L,0,0,0,0,000000000,00000000000,0,0,0,1,0,0,0,0,0,0,0,50,0,1,5,1,6,2,1,0,0,0,1,22,70526,6,1,0,0,3,0,64,100,0,1,0,0,3,1,2013,8,2013,4,6,0,0,0,1,2,55,2,1,2,1,40,3,14,13,1,1,4,1,1,1
22,220194,1,1,1,5,5,1,23,8,0,1,0,22,2,41,45,41045,1,2000,JM1NB3530Y01,J,M,1,N,B,3,5,3,0,Y,0,1,0,0,0,000000000,00000000000,0,0,0,1,0,0,0,0,0,0,0,998,0,0,0,12,2,5,8,0,0,0,1,22,70808,6,1,0,0,3,0,70,135,0,0,0,0,0,0,0,0,0,0,0,0,0,0,1,2,45,1,1,2,1,3,3,1,80,1,1,1,13,0,0
22,220195,1,1,1,5,5,6,20,32,0,1,0,22,1,12,481,12481,31,2001,1FTNX20L11ED,1,F,T,N,X,2,0,L,1,1,E,D,0,0,0,000000000,00000000000,0,0,0,1,0,0,0,0,0,0,0,55,0,1,5,12,6,2,32,0,0,0,1,22,71418,6,1,0,0,3,0,73,270,0,0,0,0,0,0,0,0,0,9,6,0,0,0,1,2,55,3,1,2,1,0,0,14,13,1,1,4,1,1,0
22,220196,1,1,1,7,5,21,6,1,0,1,0,22,1,72,706,72706,80,2001,1HD1FCW141Y6,1,H,D,1,F,C,W,1,4,1,Y,6,0,0,0,000000000,00000000000,0,0,0,1,0,0,0,0,0,0,0,999,0,0,0,0,2,3,1,0,0,0,1,22,71303,6,1,0,0,2,0,73,250,0,0,0,0,0,0,0,0,0,0,24,80,0,0,3,3,60,1,1,1,1,40,3,1,1,99,7,2,98,1,1
22,220197,1,1,1,9,5,2,20,42,0,1,0,22,1,39,34,39034,4,2004,SAJEA01U94HN,S,A,J,E,A,0,1,U,9,4,H,N,0,0,0,000000000,00000000000,0,0,0,1,0,0,0,0,0,0,0,55,0,0,0,1,6,2,42,0,0,0,1,22,70584,6,1,0,0,3,0,66,142,0,0,0,0,0,0,0,0,0,4,6,0,0,0,1,2,55,3,1,2,1,40,3,14,13,1,1,4,1,1,1
22,220198,1,1,1,9,5,9,25,42,0,1,0,22,2,35,481,35481,31,2007,1N6BA07A87N2,1,N,6,B,A,0,7,A,8,7,N,2,0,0,0,000000000,00000000000,0,0,0,1,0,0,0,0,0,0,0,70,0,0,0,61,6,2,42,0,0,0,1,22,70510,6,1,0,0,3,0,70,235,0,0,0,1,0,5,2013,5,2013,0,99,99,99,99,2,2,70,1,1,2,2,0,0,1,13,99,1,4,1,1,0
22,220199,1,1,1,10,5,18,30,42,0,1,0,22,1,7,482,7482,31,2009,1D3HB13PX9J5,1,D,3,H,B,1,3,P,X,9,J,5,0,0,0,000000000,00000000000,0,0,0,1,0,0,0,0,0,0,0,55,0,0,0,8,6,2,2,0,0,1,1,22,70560,6,1,0,0,3,3,69,232,0,0,0,0,0,0,0,0,0,0,6,0,0,0,1,2,55,2,1,2,1,0,0,14,10,1,1,4,6,1,1
22,220200,1,1,1,11,5,3,18,31,0,1,0,22,2,23,481,23481,31,2009,3GTEC23J09G1,3,G,T,E,C,2,3,J,0,9,G,1,0,0,0,000000000,00000000000,0,0,0,1,0,0,0,0,0,0,0,80,0,0,0,11,6,2,3,0,0,0,1,22,70357,6,1,0,0,3,0,73,150,0,0,0,0,0,0,0,0,0,3,99,99,99,99,1,2,45,1,1,4,1,40,3,1,13,1,1,4,1,1,1
22,220201,1,2,1,11,5,21,25,12,1,1,0,22,0,73,705,73705,80,2014,JKBZXJF12EA0,J,K,B,Z,X,J,F,1,2,E,A,0,0,0,0,000000000,00000000000,0,0,0,1,0,0,0,0,0,0,0,999,0,0,0,12,6,2,23,0,0,0,1,22,70458,6,1,0,0,2,0,68,170,0,0,0,0,0,0,0,0,0,9,6,52,0,0,2,3,70,1,2,1,1,0,0,1,51,7,1,1,24,1,1
22,220201,2,2,1,11,5,21,25,12,1,1,0,22,1,12,422,12422,15,2002,1FMEU17L22LA,1,F,M,E,U,1,7,L,2,2,L,A,0,0,0,000000000,00000000000,0,0,0,1,0,0,0,0,0,0,0,70,0,0,0,6,2,5,12,0,0,0,1,22,70460,6,1,0,0,3,0,66,205,0,1,0,0,0,3,2014,3,2014,0,0,0,0,0,2,3,70,1,2,1,1,0,0,1,53,1,1,1,25,0,0
22,220202,1,2,1,12,5,6,47,12,6,1,0,22,2,41,35,41035,4,2000,JM1BJ2224Y02,J,M,1,B,J,2,2,2,4,Y,0,2,0,0,0,000000000,00000000000,0,0,0,1,0,0,0,0,0,0,0,45,0,0,0,3,6,2,12,0,0,0,1,22,70570,6,1,0,0,3,0,65,150,0,0,0,0,0,0,0,0,0,4,28,58,0,0,1,2,55,3,1,2,1,40,3,14,11,6,4,2,64,1,0
22,220202,2,2,1,12,5,6,47,12,6,1,0,22,3,20,981,20981,50,2000,1GBL7T1CXYJ5,1,G,B,L,7,T,1,C,X,Y,J,5,0,0,77,777777777,77777777777,3,21,22,1,0,0,0,0,1,2,0,50,0,0,0,12,6,2,12,0,0,0,1,22,70570,6,1,6,9,3,0,68,171,0,0,0,0,0,0,0,0,0,0,0,0,0,0,1,2,55,2,1,2,1,40,3,14,62,7,1,1,65,0,0
22,220203,1,2,2,16,5,6,38,12,6,1,0,22,2,2,404,2404,14,2002,1J4GX48S32C1,1,J,4,G,X,4,8,S,3,2,C,1,0,0,0,000000000,00000000000,0,0,0,1,0,0,0,0,0,0,0,15,0,0,0,12,6,2,12,0,0,0,1,22,70070,6,2,0,0,3,1,69,224,0,0,0,0,0,0,0,0,0,0,38,0,0,0,1,2,35,1,1,2,1,20,3,1,17,1,1,1,86,0,0
22,220203,2,2,1,16,5,6,38,12,6,1,0,22,2,73,706,73706,80,2006,JKAZRCA176A0,J,K,A,Z,R,C,A,1,7,6,A,0,0,0,0,000000000,00000000000,0,0,0,1,0,0,0,0,0,0,0,50,0,0,0,81,6,2,12,0,0,1,1,22,70433,6,1,0,0,2,0,73,170,0,0,0,0,5,11,2011,1,2014,3,0,0,0,0,1,2,35,1,1,2,1,0,0,1,66,1,1,1,87,1,0
22,220204,1,1,1,16,5,13,20,42,0,1,0,22,2,20,422,20422,15,2007,1GNFK16387J2,1,G,N,F,K,1,6,3,8,7,J,2,0,0,0,000000000,00000000000,0,0,0,1,0,0,0,0,0,0,0,55,0,0,0,12,6,2,2,0,0,1,1,22,70817,1,1,0,0,2,0,73,205,0,1,0,0,0,5,2014,5,2014,0,6,28,0,0,1,2,55,1,1,2,1,0,0,1,10,1,1,4,6,1,0
22,220205,1,2,1,16,5,16,56,12,6,1,0,22,1,72,706,72706,80,2000,1HD1BMY13YY0,1,H,D,1,B,M,Y,1,3,Y,Y,0,0,0,0,000000000,00000000000,0,0,0,1,0,0,0,0,0,0,0,50,0,0,0,10,6,2,12,0,0,0,1,22,70094,1,1,0,0,2,0,69,185,0,1,1,0,0,3,2013,3,2013,3,99,99,99,99,1,2,35,2,1,2,1,0,0,14,10,1,1,2,64,1,0
22,220205,2,2,1,16,5,16,56,12,6,1,0,40,4,82,881,82881,66,2012,1FUJGEDV7CSB,1,F,U,J,G,E,D,V,7,C,S,B,1,1,57,0372163,570372163,3,6,3,1,0,0,0,0,0,0,0,35,0,0,0,11,2,5,12,0,0,0,1,22,70126,6,1,6,0,3,0,66,200,0,0,0,0,0,0,0,0,0,0,0,0,0,0,1,2,35,3,1,2,1,0,0,14,62,7,1,1,65,0,0
22,220206,1,2,2,16,5,21,54,24,0,1,0,22,1,20,9,20009,2,1989,1G1FP21S8KL1,1,G,1,F,P,2,1,S,8,K,L,1,0,0,0,000000000,00000000000,0,0,0,1,0,0,0,0,0,0,0,999,0,0,0,4,6,2,12,0,0,0,1,22,70122,6,1,0,0,3,0,67,250,0,0,0,0,0,0,0,0,0,9,99,99,99,99,2,2,60,1,2,1,1,0,0,1,1,99,5,4,2,0,0
22,220206,2,2,1,16,5,21,54,24,0,1,0,22,1,53,705,53705,80,2008,JS1GN7EA7821,J,S,1,G,N,7,E,A,7,8,2,1,0,0,0,000000000,00000000000,0,0,0,1,0,0,0,0,0,0,0,999,0,0,0,99,6,2,12,0,0,0,1,22,70128,6,1,0,0,3,0,64,150,0,0,0,0,0,0,0,0,0,9,99,99,99,99,2,2,60,1,2,1,1,0,0,1,60,99,1,1,98,1,0
22,220207,1,1,1,16,5,23,0,8,0,1,0,22,1,20,481,20481,31,2005,1GCEC19X95Z3,1,G,C,E,C,1,9,X,9,5,Z,3,0,0,0,000000000,00000000000,0,0,0,1,0,0,0,0,0,0,0,50,0,0,0,11,6,2,8,0,0,0,1,22,70126,4,1,0,0,2,3,65,114,0,0,0,0,0,0,0,0,0,0,0,0,0,0,2,2,55,1,1,2,2,0,0,1,80,1,1,1,13,0,0
22,220208,1,1,1,17,5,0,55,42,0,1,0,22,1,98,734,98734,90,2012,3JBHGDK10CJ0,3,J,B,H,G,D,K,1,0,C,J,0,0,0,0,000000000,00000000000,0,0,0,1,0,0,0,0,0,0,0,999,0,1,5,12,2,3,42,0,0,0,1,22,70520,6,1,0,0,3,0,67,185,0,1,0,0,0,7,2012,7,2012,9,6,0,0,0,1,2,40,1,1,2,1,0,0,11,13,1,1,4,1,1,1