STATE,ST_CASE,VEH_NO,VE_FORMS,NUMOCCS,DAY,MONTH,HOUR,MINUTE,HARM_EV,MAN_COLL,UNITTYPE,HIT_RUN,REG_STAT,OWNER,MAKE,MODEL,MAK_MOD,BODY_TYP,MOD_YEAR,VIN,VIN_1,VIN_2,VIN_3,VIN_4,VIN_5,VIN_6,VIN_7,VIN_8,VIN_9,VIN_10,VIN_11,VIN_12,TOW_VEH,J_KNIFE,MCARR_I1,MCARR_I2,MCARR_ID,GVWR,V_CONFIG,CARGO_BT,HAZ_INV,HAZ_PLAC,HAZ_ID,HAZ_CNO,HAZ_REL,BUS_USE,SPEC_USE,EMER_USE,TRAV_SP,UNDERIDE,ROLLOVER,ROLINLOC,IMPACT1,DEFORMED,TOWED,M_HARM,VEH_SC1,VEH_SC2,FIRE_EXP,DR_PRES,L_STATE,DR_ZIP,L_STATUS,L_TYPE,CDL_STAT,L_ENDORS,L_COMPL,L_RESTRI,DR_HGT,DR_WGT,PREV_ACC,PREV_SUS,PREV_DWI,PREV_SPD,PREV_OTH,FIRST_MO,FIRST_YR,LAST_MO,LAST_YR,SPEEDREL,DR_SF1,DR_SF2,DR_SF3,DR_SF4,VTRAFWAY,VNUM_LAN,VSPD_LIM,VALIGN,VPROFILE,VPAVETYP,VSURCOND,VTRAFCON,VTCONT_F,P_CRASH1,P_CRASH2,P_CRASH3,PCRASH4,PCRASH5,ACC_TYPE,DEATHS,DR_DRINK
22,220209,1,1,5,18,5,12,15,1,0,1,0,22,1,20,431,20431,16,2001,3GNEC16TX1G2,3,G,N,E,C,1,6,T,X,1,G,2,0,0,0,000000000,00000000000,0,0,0,1,0,0,0,0,0,0,0,999,0,1,5,0,6,2,1,0,0,0,1,22,70126,6,1,0,0,3,0,66,130,0,0,0,0,0,0,0,0,0,0,99,99,99,99,3,3,60,3,1,2,1,0,0,14,9,99,3,4,2,1,0
22,220210,1,1,2,20,5,1,25,3,0,1,0,22,1,45,31,45031,2,2009,WP0AB29939S7,W,P,0,A,B,2,9,9,3,9,S,7,0,0,0,000000000,00000000000,0,0,0,1,0,0,0,0,0,0,0,100,0,0,0,0,6,2,3,0,0,0,1,22,70071,6,1,0,0,3,0,68,175,0,1,1,0,0,8,2012,8,2012,3,58,0,0,0,2,2,65,1,1,2,1,0,0,1,98,6,1,4,0,2,1
22,220211,1,1,2,21,5,15,56,42,0,1,0,22,2,35,48,35048,2,2008,JN1BZ34D98M7,J,N,1,B,Z,3,4,D,9,8,M,7,0,0,0,000000000,00000000000,0,0,0,1,0,0,0,0,0,0,0,120,0,0,0,5,6,2,42,0,0,0,1,22,71433,6,1,0,0,3,0,69,175,0,0,0,0,0,0,0,0,0,3,99,99,99,99,1,2,55,1,1,2,1,0,0,1,9,99,4,4,7,2,0
22,220212,1,1,1,22,5,12,52,59,0,1,0,12,4,41,52,41052,6,2013,JM1CW2CL2D01,J,M,1,C,W,2,C,L,2,D,0,1,0,0,0,000000000,00000000000,0,0,0,1,0,0,0,0,0,0,0,70,0,1,5,7,6,2,1,0,0,0,1,48,77388,6,1,6,0,3,0,999,999,1,0,0,0,0,12,2012,12,2012,3,6,0,0,0,1,2,55,3,2,2,1,40,3,14,13,1,1,4,1,1,1
22,220213,1,1,2,23,5,0,38,24,0,1,0,22,2,19,20,19020,6,2004,1GYDE63A3401,1,G,Y,D,E,6,3,A,3,4,0,1,0,0,0,000000000,00000000000,0,0,0,1,0,0,0,0,0,0,0,98,0,1,5,1,6,2,30,0,0,0,1,22,70737,6,1,0,0,3,0,69,145,0,1,0,0,0,3,2013,3,2013,3,99,99,99,99,3,2,70,1,1,1,1,0,0,98,50,11,3,4,2,2,1
22,220214,1,2,1,27,2,21,27,12,7,1,0,22,2,53,705,53705,80,2005,JS1VP53A6521,J,S,1,V,P,5,3,A,6,5,2,1,0,0,0,000000000,00000000000,0,0,0,1,0,0,0,0,0,0,0,999,0,0,0,3,6,2,12,0,0,1,1,22,70072,6,1,0,0,3,0,69,209,0,0,0,0,0,0,0,0,0,0,0,0,0,0,2,3,35,1,1,2,1,0,0,1,60,99,1,1,45,1,0
22,220214,2,2,1,27,2,21,27,12,7,1,0,93,3,51,881,51881,66,2013,4V4NC9EH2DN5,4,V,4,N,C,9,E,H,2,D,N,5,1,1,57,000173829,57000173829,3,6,3,1,0,0,0,0,0,0,0,999,0,0,0,8,2,5,12,0,0,1,1,5,72842,6,1,6,9,3,3,75,225,0,0,0,1,0,11,2011,11,2011,0,27,0,0,0,2,3,35,1,1,2,1,0,0,15,51,1,1,2,47,0,0
22,220215,1,1,1,24,5,2,13,35,0,1,0,22,1,55,41,55041,2,2013,KMHHU6KJ7DU1,K,M,H,H,U,6,K,J,7,D,U,1,0,0,0,000000000,00000000000,0,0,0,1,0,0,0,0,0,0,0,69,0,1,5,12,6,2,1,0,0,0,1,22,70739,1,1,0,0,2,0,67,155,0,3,1,2,4,8,2011,12,2013,3,58,0,0,0,1,2,45,1,1,2,1,0,0,6,11,7,3,4,2,1,1
22,220216,1,1,1,4,2,8,15,34,0,1,0,22,2,12,481,12481,31,2001,1FTRW07W81KE,1,F,T,R,W,0,7,W,8,1,K,E,0,0,0,000000000,00000000000,0,0,0,1,0,0,0,0,0,0,0,998,0,0,0,99,6,2,34,0,0,0,1,22,70739,1,1,0,0,2,0,70,225,0,2,0,0,3,8,2011,10,2012,9,99,99,99,99,1,2,45,1,1,2,2,0,0,1,19,1,9,9,99,1,0
22,220217,1,1,2,24,5,18,15,43,0,1,0,22,1,12,3,12003,2,2001,1FAFP42X21F1,1,F,A,F,P,4,2,X,2,1,F,1,0,0,0,000000000,00000000000,0,0,0,1,0,0,0,0,0,0,0,75,0,1,3,14,6,2,1,0,0,0,1,22,70526,6,1,0,0,3,0,70,160,0,0,0,0,1,1,2014,1,2014,0,58,0,0,0,2,2,70,2,1,2,1,0,0,14,12,7,4,4,7,1,0
22,220218,1,1,1,25,5,3,20,35,0,1,0,22,1,49,40,49040,4,2013,4T1BF1FK5DU6,4,T,1,B,F,1,F,K,5,D,U,6,0,0,0,000000000,00000000000,0,0,0,1,0,0,0,0,0,0,0,95,0,1,5,12,6,2,35,0,0,0,1,22,70816,6,1,0,0,3,0,69,140,0,0,0,1,0,6,2013,6,2013,4,99,99,99,99,1,2,55,3,1,2,1,28,3,1,13,1,1,4,1,1,1
22,220219,1,1,1,25,5,23,50,42,0,1,0,22,2,20,481,20481,31,1987,1GCDR14K8HS1,1,G,C,D,R,1,4,K,8,H,S,1,0,0,0,000000000,00000000000,0,0,0,1,0,0,0,0,0,0,0,66,0,0,0,12,6,2,2,0,0,1,1,22,71068,0,0,0,0,0,0,999,999,99,99,99,99,99,99,9999,99,9999,9,6,0,0,0,1,2,55,3,1,2,1,0,0,1,13,4,1,4,1,1,0
22,220220,1,1,1,26,5,2,30,35,0,1,0,22,1,20,404,20404,14,2008,2CNDL23FX862,2,C,N,D,L,2,3,F,X,8,6,2,0,0,0,000000000,00000000000,0,0,0,1,0,0,0,0,0,0,0,101,0,1,6,12,6,2,42,0,0,0,1,22,70744,6,1,0,0,3,3,68,150,0,0,0,0,0,0,0,0,0,4,99,99,99,99,1,2,55,3,1,2,1,28,3,1,12,99,7,4,6,1,1
22,220221,1,1,1,27,5,7,16,42,0,1,0,22,5,7,482,7482,31,2010,3D7UT2CL1AG1,3,D,7,U,T,2,C,L,1,A,G,1,0,0,0,000000000,00000000000,0,0,0,1,0,0,0,0,0,0,0,100,0,0,0,12,6,2,42,0,0,0,1,22,70726,6,1,0,0,3,0,73,145,0,0,0,0,0,0,0,0,0,3,24,37,0,0,1,2,45,3,1,2,1,28,3,14,13,1,2,4,2,1,0
22,220222,1,1,5,27,5,9,5,34,0,1,0,22,2,52,46,52046,4,2009,JA3AU26U39U0,J,A,3,A,U,2,6,U,3,9,U,0,0,0,0,000000000,00000000000,0,0,0,1,0,0,0,0,0,0,0,60,0,1,6,12,4,3,1,0,0,0,1,22,70390,6,1,0,0,3,0,71,165,0,0,0,1,0,12,2011,12,2011,0,6,24,0,0,1,2,50,1,1,2,1,28,3,6,9,99,3,4,2,1,0
22,220223,1,1,1,27,5,2,18,8,0,1,0,22,1,12,3,12003,2,2000,1FAFP4045YF2,1,F,A,F,P,4,0,4,5,Y,F,2,0,0,0,000000000,00000000000,0,0,0,1,0,0,0,0,0,0,0,999,0,0,0,14,0,3,8,0,0,0,1,22,71369,3,1,0,0,2,0,69,275,0,0,0,0,0,0,0,0,0,0,0,0,0,0,2,2,45,1,1,2,1,0,0,1,80,1,1,1,13,0,0
22,220224,1,1,2,28,5,0,40,8,0,1,1,22,2,30,40,30040,4,2002,3VWSB69M22M0,3,V,W,S,B,6,9,M,2,2,M,0,0,0,0,000000000,00000000000,0,0,0,1,0,0,0,0,0,0,0,65,0,0,0,12,2,5,8,0,0,0,1,22,71106,6,1,0,0,3,0,71,175,0,0,0,2,1,11,2011,2,2014,9,99,99,99,99,2,2,70,1,2,1,1,0,0,1,80,6,1,1,13,0,0
22,220225,1,1,2,28,5,21,0,42,0,1,0,22,1,12,481,12481,31,2004,1FTPW125X4KC,1,F,T,P,W,1,2,5,X,4,K,C,0,0,0,000000000,00000000000,0,0,0,1,0,0,0,0,0,0,0,74,0,0,0,10,6,2,42,0,0,1,1,22,70726,6,1,0,0,3,0,67,150,0,0,0,0,0,0,0,0,0,3,24,0,0,0,1,2,55,3,1,2,1,28,3,14,13,6,3,4,2,2,1
22,220226,1,2,1,28,5,22,50,12,2,1,0,22,1,20,481,20481,31,2005,2GCEC13T4512,2,G,C,E,C,1,3,T,4,5,1,2,0,0,0,000000000,00000000000,0,0,0,1,0,0,0,0,0,0,0,48,0,0,0,12,6,2,12,0,0,0,1,22,70357,6,1,0,0,3,0,76,260,0,0,0,0,0,0,0,0,0,0,28,0,0,0,1,2,55,3,1,2,2,0,0,14,10,1,1,2,50,0,1
22,220226,2,2,2,28,5,22,50,12,2,1,0,22,2,2,404,2404,14,1997,1J4FT68S0VL5,1,J,4,F,T,6,8,S,0,V,L,5,0,0,0,000000000,00000000000,0,0,0,1,0,0,0,0,0,0,0,55,0,0,0,12,6,2,12,0,0,0,1,22,70355,6,1,0,0,3,0,72,150,0,0,0,0,1,3,2014,3,2014,0,0,0,0,0,1,2,55,2,1,2,2,0,0,14,62,1,1,1,51,1,0
22,220227,1,1,1,30,5,7,56,34,0,1,0,22,1,49,40,49040,4,2005,4T1BF32K45U6,4,T,1,B,F,3,2,K,4,5,U,6,0,0,0,000000000,00000000000,0,0,0,1,0,0,0,0,0,0,0,70,0,0,0,14,6,2,42,0,0,0,1,22,70346,6,1,0,0,3,0,70,130,0,0,0,0,3,3,2012,4,2014,3,6,0,0,0,1,2,55,1,1,2,2,0,0,1,9,99,4,4,2,1,0
22,220228,1,2,4,30,5,14,25,12,2,1,0,22,1,37,31,37031,2,2005,1HGEM21985L0,1,H,G,E,M,2,1,9,8,5,L,0,0,0,0,000000000,00000000000,0,0,0,1,0,0,0,0,0,0,0,85,0,0,0,12,6,2,12,0,0,0,1,22,70535,6,1,0,0,3,3,71,224,0,0,0,0,0,0,0,0,0,3,6,0,0,0,1,2,55,1,1,2,1,0,0,1,10,1,1,2,50,4,0
22,220228,2,2,2,30,5,14,25,12,2,1,0,22,1,20,421,20421,15,2002,1GNEC13Z22R1,1,G,N,E,C,1,3,Z,2,2,R,1,0,0,0,000000000,00000000000,0,0,0,1,0,0,0,0,0,0,0,55,0,0,0,12,6,2,12,0,0,0,1,22,70554,6,1,0,0,3,3,62,209,0,0,0,0,0,0,0,0,0,0,0,0,0,0,1,2,55,1,1,2,1,0,0,1,62,7,1,1,51,1,0
22,220229,1,2,1,31,5,11,28,12,6,1,0,22,2,20,481,20481,31,2007,2GCEC13J5715,2,G,C,E,C,1,3,J,5,7,1,5,0,0,0,000000000,00000000000,0,0,0,1,0,0,0,0,0,0,0,999,0,0,0,9,2,5,12,0,0,0,1,22,70392,6,1,0,0,3,0,61,105,0,0,0,0,0,0,0,0,0,0,38,0,0,0,1,2,25,1,1,2,1,20,3,1,17,1,1,1,89,0,0
22,220229,2,2,1,31,5,11,28,12,6,1,0,22,1,73,706,73706,80,2011,JKAZXCJ11BA0,J,K,A,Z,X,C,J,1,1,B,A,0,0,0,0,000000000,00000000000,0,0,0,1,0,0,0,0,0,0,0,999,0,0,0,12,6,2,12,0,0,0,1,22,70538,6,1,0,0,3,0,66,190,0,0,0,1,0,11,2012,11,2012,9,0,0,0,0,2,2,55,1,1,2,1,0,0,1,66,99,1,1,88,1,0
22,220230,1,4,1,29,5,12,38,12,1,1,0,22,1,14,20,14020,4,2007,1MEHM40197G6,1,M,E,H,M,4,0,1,9,7,G,6,0,0,0,000000000,00000000000,0,0,0,1,0,0,0,0,0,0,0,55,0,0,0,12,6,2,12,0,0,0,1,22,70301,1,1,0,0,2,3,66,200,0,1,0,2,1,12,2013,3,2014,4,99,99,99,99,1,2,55,1,1,2,1,0,0,1,52,1,1,1,28,1,0
22,220230,2,4,1,29,5,12,38,12,1,1,0,22,1,37,32,37032,4,1999,JHMCG5641XC0,J,H,M,C,G,5,6,4,1,X,C,0,0,0,0,000000000,00000000000,0,0,0,1,0,0,0,0,0,0,0,25,0,0,0,6,6,2,12,0,0,0,1,22,70810,6,1,0,0,3,0,65,200,1,1,0,0,0,7,2011,6,2012,0,0,0,0,0,1,2,55,1,1,2,1,0,0,2,53,1,1,1,29,0,0
22,220230,3,4,1,29,5,12,38,12,1,1,1,99,9,99,999,99999,99,9999,999999999999,9,9,9,9,9,9,9,9,9,9,9,9,0,0,0,000000000,00000000000,0,0,0,1,0,0,0,0,0,0,0,25,0,0,0,6,9,5,12,0,0,0,1,99,99999,9,9,99,9,9,9,999,999,99,99,99,99,99,99,9999,99,9999,0,99,99,99,99,1,2,55,1,1,2,1,0,0,2,53,1,1,1,98,0,0
22,220230,4,4,1,29,5,12,38,12,1,1,0,22,3,12,481,12481,31,2006,1FTSF20P46EC,1,F,T,S,F,2,0,P,4,6,E,C,0,0,0,000000000,00000000000,0,0,0,1,0,0,0,0,0,0,0,35,0,0,0,12,6,2,12,0,0,0,1,22,70767,6,1,0,0,3,3,71,220,0,0,0,1,0,10,2013,10,2013,0,6,0,0,0,1,2,55,1,1,2,1,0,0,1,50,1,1,1,98,0,0
22,220231,1,1,2,1,6,3,28,34,0,1,0,22,1,7,482,7482,31,2012,1C6RD7LT4CS1,1,C,6,R,D,7,L,T,4,C,S,1,0,0,0,000000000,00000000000,0,0,0,1,0,0,0,0,0,0,0,998,0,1,5,12,6,2,1,0,0,0,1,22,70526,0,0,0,0,0,0,59,106,0,0,0,0,0,0,0,0,0,9,6,0,0,0,1,2,35,1,1,4,1,0,0,1,9,1,4,4,7,1,0
22,220232,1,1,1,1,6,4,0,8,0,1,0,22,1,12,481,12481,31,2005,1FTRX14W15FA,1,F,T,R,X,1,4,W,1,5,F,A,0,0,0,000000000,00000000000,0,0,0,1,0,0,0,0,0,0,0,45,0,0,0,11,2,5,8,0,0,0,1,22,70774,6,1,0,0,3,0,69,180,0,0,0,0,0,0,0,0,0,0,0,0,0,0,1,2,55,1,1,2,1,0,0,1,80,1,1,1,13,0,0
22,220233,1,4,1,3,6,16,41,12,2,1,0,22,2,12,24,12024,6,2013,2FMDK3KC3DBA,2,F,M,D,K,3,K,C,3,D,B,A,0,0,0,000000000,00000000000,0,0,0,1,0,0,0,0,0,0,0,70,0,0,0,12,6,2,12,0,0,0,1,22,70433,6,1,0,0,3,3,71,260,0,0,0,0,0,0,0,0,0,9,50,0,0,0,2,3,55,1,1,2,1,0,0,98,54,1,1,6,50,1,0
22,220233,2,4,1,3,6,16,41,12,2,1,0,22,1,49,43,49043,4,2007,4T1BK36B77U2,4,T,1,B,K,3,6,B,7,7,U,2,0,0,0,000000000,00000000000,0,0,0,1,0,0,0,0,0,0,0,35,0,1,1,12,6,2,12,0,0,0,1,22,70447,6,1,0,0,3,3,64,140,0,0,0,0,0,0,0,0,0,0,0,0,0,0,2,3,55,1,1,2,1,0,0,1,62,4,1,1,51,1,0
22,220233,3,4,2,3,6,16,41,12,2,1,0,22,1,49,482,49482,31,2005,5TBET38105S4,5,T,B,E,T,3,8,1,0,5,S,4,0,0,0,000000000,00000000000,0,0,0,1,0,0,0,0,0,0,0,45,0,0,0,12,6,2,12,0,0,0,1,22,70433,6,1,0,0,3,0,70,184,0,0,0,0,0,0,0,0,0,0,0,0,0,0,2,3,55,1,1,2,1,0,0,1,63,1,1,1,98,0,0
22,220233,4,4,3,3,6,16,41,12,2,1,0,22,1,20,421,20421,15,2001,1GNEC13T21R2,1,G,N,E,C,1,3,T,2,1,R,2,0,0,0,000000000,00000000000,0,0,0,1,0,0,0,0,0,0,0,35,0,0,0,13,2,5,12,0,0,0,1,22,70433,6,1,0,0,3,0,999,999,0,1,0,0,0,10,2013,10,2013,0,0,0,0,0,2,3,55,1,1,2,1,0,0,1,51,4,1,1,98,0,0
22,220234,1,1,1,3,6,17,46,1,0,1,0,22,1,7,472,7472,31,1992,1B7FL26Y0NS6,1,B,7,F,L,2,6,Y,0,N,S,6,0,0,0,000000000,00000000000,0,0,0,1,0,0,0,0,0,0,0,55,0,1,5,0,6,2,1,0,0,0,1,22,71046,6,1,0,0,3,3,72,160,0,0,0,0,0,0,0,0,0,0,0,0,0,0,1,2,55,1,3,2,1,0,0,1,13,8,3,4,2,1,1
22,220235,1,1,1,3,6,22,44,33,0,1,0,22,1,22,20,22020,4,2003,1G2WP52K63F1,1,G,2,W,P,5,2,K,6,3,F,1,0,0,0,000000000,00000000000,0,0,0,1,0,0,0,0,0,0,0,999,0,0,0,12,6,2,42,0,0,0,1,22,70601,1,1,0,0,2,0,66,186,0,1,0,0,0,6,2013,6,2013,9,6,39,0,0,2,2,35,1,1,1,1,3,3,1,12,1,9,4,6,1,0
22,220236,1,2,1,4,6,18,3,12,1,1,0,22,1,37,705,37705,80,2002,JH2RC44392M6,J,H,2,R,C,4,4,3,9,2,M,6,0,0,0,000000000,00000000000,0,0,0,1,0,0,0,0,0,0,0,60,0,0,0,12,2,3,12,0,0,0,1,22,71328,6,1,0,0,3,0,66,250,0,0,0,0,0,0,0,0,0,4,6,0,0,0,1,2,55,1,2,2,1,0,0,1,50,4,2,1,20,1,0
22,220236,2,2,2,4,6,18,3,12,1,1,0,22,1,49,442,49442,20,2013,5TDKK3DC3DS3,5,T,D,K,K,3,D,C,3,D,S,3,0,0,0,000000000,00000000000,0,0,0,1,0,0,0,0,0,0,0,0,0,0,0,6,2,5,12,0,0,0,1,22,71360,6,1,0,0,3,0,66,130,0,0,0,0,0,0,0,0,0,0,0,0,0,0,1,2,55,1,2,2,1,0,0,5,53,1,1,1,21,0,0
22,220237,1,1,1,7,6,20,10,43,0,1,0,22,1,20,481,20481,31,2007,2GCEK13M3716,2,G,C,E,K,1,3,M,3,7,1,6,0,0,0,000000000,00000000000,0,0,0,1,0,0,0,0,0,0,0,70,0,0,0,1,6,2,42,0,0,0,1,22,70647,6,1,0,0,3,3,80,350,0,0,0,0,0,0,0,0,0,3,6,0,0,0,1,2,45,1,1,2,1,0,0,1,13,1,1,4,1,1,1
22,220238,1,2,1,8,6,21,22,12,2,1,0,22,2,35,39,35039,4,2003,JN1DA31A13T4,J,N,1,D,A,3,1,A,1,3,T,4,0,0,0,000000000,00000000000,0,0,0,1,0,0,0,0,0,0,0,55,0,0,0,12,6,2,12,0,0,0,1,22,71241,0,0,0,0,0,0,999,999,99,99,99,99,99,99,9999,99,9999,0,28,0,0,0,1,2,55,1,1,2,2,0,0,1,10,1,1,2,50,1,0
22,220238,2,2,4,8,6,21,22,12,2,1,0,22,2,23,481,23481,31,2008,2GTEK19J6812,2,G,T,E,K,1,9,J,6,8,1,2,0,0,0,000000000,00000000000,0,0,0,1,0,0,0,0,0,0,0,55,0,0,0,12,6,2,12,0,0,0,1,22,71260,0,0,0,0,0,0,999,999,99,99,99,99,99,99,9999,99,9999,0,0,0,0,0,1,2,55,1,1,2,2,0,0,1,62,4,1,1,51,0,0
22,220239,1,1,2,9,6,21,47,8,0,1,1,22,3,86,881,86881,63,2003,1M2AC07CX3M0,1,M,2,A,C,0,7,C,X,3,M,0,0,0,57,1200226,571200226,3,1,7,1,0,0,0,0,0,0,0,999,0,0,0,99,8,5,8,0,0,0,1,22,71282,6,1,0,0,2,0,66,220,0,0,0,0,0,0,0,0,0,9,91,86,0,0,1,2,25,1,1,2,1,0,0,13,82,1,1,9,92,0,0
22,220240,1,1,1,10,6,20,35,8,0,1,0,22,2,20,481,20481,31,1994,2GCEC19K4R11,2,G,C,E,C,1,9,K,4,R,1,1,0,0,0,000000000,00000000000,0,0,0,1,0,0,0,0,0,0,0,35,0,0,0,1,2,5,8,0,0,0,1,22,70355,6,1,6,0,3,0,73,190,0,2,0,2,0,10,2011,1,2013,0,0,0,0,0,1,2,35,1,1,2,1,0,0,1,80,4,1,1,13,0,1
22,220241,1,2,4,11,6,11,40,12,7,1,0,22,1,14,6,14006,4,2003,2MEFM74W53X6,2,M,E,F,M,7,4,W,5,3,X,6,0,0,0,000000000,00000000000,0,0,0,1,0,0,0,0,0,0,0,70,0,0,0,8,6,2,42,0,0,0,1,22,70458,1,1,0,0,2,0,73,190,0,5,0,0,0,7,2012,4,2014,0,38,58,0,0,3,3,70,1,1,2,1,21,3,16,51,1,1,2,47,1,0
22,220241,2,2,1,11,6,11,40,12,7,1,0,94,3,87,881,87881,66,2004,1XP5DB9X04D8,1,X,P,5,D,B,9,X,0,4,D,8,1,1,57,563147,57563147,3,6,1,1,0,0,0,0,0,0,0,70,0,0,0,2,2,5,12,0,0,0,1,48,78541,6,1,6,0,3,3,999,999,0,0,0,2,1,2,2012,6,2012,0,0,0,0,0,3,3,70,1,1,2,1,0,0,1,74,1,1,1,45,0,0
22,220242,1,1,1,11,6,19,39,1,0,1,0,22,2,98,706,98706,80,2003,4MZAX12J6334,4,M,Z,A,X,1,2,J,6,3,3,4,0,0,0,000000000,00000000000,0,0,0,1,0,0,0,0,0,0,0,70,0,0,0,0,6,2,42,0,0,0,1,22,71292,1,1,0,0,2,0,72,185,0,3,1,0,0,10,2012,2,2013,3,58,0,0,0,1,2,25,2,1,2,1,0,0,14,13,6,9,4,7,1,0
22,220243,1,1,1,12,6,2,35,8,0,1,0,22,1,22,32,22032,6,2009,5Y2SP67849Z4,5,Y,2,S,P,6,7,8,4,9,Z,4,0,0,0,000000000,00000000000,0,0,0,1,0,0,0,0,0,0,0,998,0,0,0,1,4,3,8,0,0,0,1,22,70817,6,1,0,0,3,0,63,160,0,0,0,0,1,8,2011,8,2011,9,99,99,99,99,1,2,40,1,1,2,1,0,0,1,80,1,1,1,13,0,1
22,220244,1,3,1,25,5,18,38,12,6,1,0,22,1,23,481,23481,31,2001,2GTEC19T6111,2,G,T,E,C,1,9,T,6,1,1,1,0,0,0,000000000,00000000000,0,0,0,1,0,0,0,0,0,0,0,999,0,0,0,12,4,3,12,0,0,0,1,22,70043,6,1,0,0,3,0,68,140,0,3,0,1,0,6,2011,3,2013,0,99,99,99,99,2,2,35,1,1,2,1,0,0,1,55,1,1,1,88,0,0
22,220244,2,3,1,25,5,18,38,12,6,1,0,22,2,49,40,49040,4,2004,4T1BE32K64U8,4,T,1,B,E,3,2,K,6,4,U,8,0,0,0,000000000,00000000000,0,0,0,1,0,0,0,0,0,0,0,15,0,0,0,9,6,2,12,0,0,0,1,22,70454,6,1,0,0,3,0,64,165,0,0,0,0,0,0,0,0,0,0,99,99,99,99,1,2,25,1,1,2,1,20,3,1,17,1,1,1,89,1,0
22,220244,3,3,2,25,5,18,38,12,6,1,0,22,1,35,47,35047,4,2010,1N4AL2AP2AN4,1,N,4,A,L,2,A,P,2,A,N,4,0,0,0,000000000,00000000000,0,0,0,1,0,0,0,0,0,0,0,35,0,0,0,12,2,5,54,0,0,0,1,22,70117,6,1,0,0,3,0,61,120,0,1,0,0,0,3,2013,3,2013,0,0,0,0,0,2,2,35,1,1,2,1,0,0,1,91,1,9,1,98,0,0
22,220245,1,1,7,13,6,20,0,24,0,1,0,12,1,7,402,7402,14,2002,1B4HR48N02F1,1,B,4,H,R,4,8,N,0,2,F,1,0,0,0,000000000,00000000000,0,0,0,1,0,0,0,0,0,0,0,60,0,1,2,11,6,2,3,0,0,0,1,12,33774,6,1,0,0,3,3,68,999,0,0,0,0,0,0,0,0,0,0,6,91,58,0,3,2,60,1,1,1,1,0,0,1,10,7,3,4,98,1,0
22,220246,1,1,1,12,6,16,14,35,0,1,0,22,2,37,31,37031,4,2005,1HGEM22165L0,1,H,G,E,M,2,2,1,6,5,L,0,0,0,0,000000000,00000000000,0,0,0,1,0,0,0,0,0,0,0,999,0,0,0,12,6,2,35,0,0,0,1,22,71339,6,2,0,0,3,0,72,218,0,0,0,0,0,0,0,0,0,9,85,0,0,0,1,2,35,2,1,2,1,0,0,14,65,6,1,4,8,1,0
22,220247,1,2,5,12,6,20,36,12,6,1,0,28,1,12,422,12422,15,2001,1FMRU15W61LA,1,F,M,R,U,1,5,W,6,1,L,A,0,0,0,000000000,00000000000,0,0,0,1,0,0,0,0,0,0,0,999,0,0,0,12,4,3,12,0,0,0,1,22,70006,0,0,0,0,0,0,999,999,99,99,99,99,99,99,9999,99,9999,9,38,6,0,0,2,2,35,1,1,2,1,21,3,11,15,1,1,1,68,0,1
22,220247,2,2,1,12,6,20,36,12,6,1,0,22,2,53,705,53705,80,2007,JS1GN7DA5721,J,S,1,G,N,7,D,A,5,7,2,1,0,0,0,000000000,00000000000,0,0,0,1,0,0,0,0,0,0,0,998,0,0,0,11,6,2,12,0,0,0,1,22,70001,6,1,0,0,2,0,68,200,0,0,0,0,0,0,0,0,0,9,0,0,0,0,2,2,35,1,1,2,1,3,3,1,66,1,9,1,69,1,0
22,220248,1,1,1,13,6,23,29,8,0,1,0,22,1,23,481,23481,31,2012,3GTP2UEA5CG3,3,G,T,P,2,U,E,A,5,C,G,3,0,0,0,000000000,00000000000,0,0,0,1,0,0,0,0,0,0,0,48,0,0,0,11,2,3,8,0,0,0,1,22,71342,6,1,0,0,3,0,71,236,0,0,0,2,0,1,2013,2,2013,9,86,0,0,0,1,2,45,1,1,2,1,0,0,1,80,1,1,1,13,0,0
22,220249,1,1,1,14,6,3,48,19,0,1,0,22,1,41,402,41402,14,2005,4F2YZ04125KM,4,F,2,Y,Z,0,4,1,2,5,K,M,0,0,0,000000000,00000000000,0,0,0,1,0,0,0,0,0,0,0,999,0,0,0,12,6,2,2,0,0,1,1,22,71446,6,1,0,0,3,0,67,145,0,0,0,0,0,0,0,0,0,9,99,99,99,99,1,2,25,1,1,2,1,20,3,1,13,99,1,4,5,1,0
22,220250,1,2,2,15,6,13,13,12,6,1,0,22,1,20,9,20009,2,1984,1G1AP87H1EL1,1,G,1,A,P,8,7,H,1,E,L,1,0,0,0,000000000,00000000000,0,0,0,1,0,0,0,0,0,0,0,998,0,0,0,12,6,2,12,0,0,0,1,22,70816,6,1,0,0,3,0,72,232,0,0,0,0,0,0,0,0,0,9,39,0,0,0,2,2,50,1,1,1,1,3,3,1,17,1,1,1,86,0,0