STATE,ST_CASE,VEH_NO,VE_FORMS,NUMOCCS,DAY,MONTH,HOUR,MINUTE,HARM_EV,MAN_COLL,UNITTYPE,HIT_RUN,REG_STAT,OWNER,MAKE,MODEL,MAK_MOD,BODY_TYP,MOD_YEAR,VIN,VIN_1,VIN_2,VIN_3,VIN_4,VIN_5,VIN_6,VIN_7,VIN_8,VIN_9,VIN_10,VIN_11,VIN_12,TOW_VEH,J_KNIFE,MCARR_I1,MCARR_I2,MCARR_ID,GVWR,V_CONFIG,CARGO_BT,HAZ_INV,HAZ_PLAC,HAZ_ID,HAZ_CNO,HAZ_REL,BUS_USE,SPEC_USE,EMER_USE,TRAV_SP,UNDERIDE,ROLLOVER,ROLINLOC,IMPACT1,DEFORMED,TOWED,M_HARM,VEH_SC1,VEH_SC2,FIRE_EXP,DR_PRES,L_STATE,DR_ZIP,L_STATUS,L_TYPE,CDL_STAT,L_ENDORS,L_COMPL,L_RESTRI,DR_HGT,DR_WGT,PREV_ACC,PREV_SUS,PREV_DWI,PREV_SPD,PREV_OTH,FIRST_MO,FIRST_YR,LAST_MO,LAST_YR,SPEEDREL,DR_SF1,DR_SF2,DR_SF3,DR_SF4,VTRAFWAY,VNUM_LAN,VSPD_LIM,VALIGN,VPROFILE,VPAVETYP,VSURCOND,VTRAFCON,VTCONT_F,P_CRASH1,P_CRASH2,P_CRASH3,PCRASH4,PCRASH5,ACC_TYPE,DEATHS,DR_DRINK
22,220293,1,1,1,7,7,9,50,42,0,1,0,22,1,12,481,12481,31,1987,1FTCF15N7HNB,1,F,T,C,F,1,5,N,7,H,N,B,0,0,0,000000000,00000000000,0,0,0,1,0,0,0,0,0,0,0,55,0,0,0,12,6,2,2,0,0,1,1,22,70501,6,1,0,0,3,0,68,242,0,0,0,0,0,0,0,0,0,0,99,99,99,99,1,2,55,1,1,2,1,0,0,1,12,99,9,4,6,1,0
22,220294,1,2,1,8,7,3,33,12,2,1,1,22,1,20,481,20481,31,2000,1GCGC24U0YE3,1,G,C,G,C,2,4,U,0,Y,E,3,0,0,0,000000000,00000000000,0,0,0,1,0,0,0,0,0,0,0,65,0,0,0,12,6,2,12,0,0,0,1,48,70091,3,1,0,0,2,0,999,999,0,2,0,0,0,2,2012,6,2012,0,51,91,6,24,2,2,65,3,1,1,1,28,3,14,54,1,1,1,52,0,1
22,220294,2,2,1,8,7,3,33,12,2,1,0,22,1,20,481,20481,31,2002,1GCCS1453281,1,G,C,C,S,1,4,5,3,2,8,1,0,0,0,000000000,00000000000,0,0,0,1,0,0,0,0,0,0,0,60,0,0,0,12,6,2,12,0,0,0,1,22,70041,6,1,0,0,3,3,67,105,0,0,0,0,0,0,0,0,0,0,24,0,0,0,2,2,65,2,1,1,1,28,3,14,54,99,1,1,52,1,1
22,220295,1,5,1,11,7,19,26,12,6,1,0,22,1,53,706,53706,80,2008,JS1GX72A5821,J,S,1,G,X,7,2,A,5,8,2,1,0,0,0,000000000,00000000000,0,0,0,1,0,0,0,0,0,0,0,80,0,0,0,12,6,2,12,0,0,1,1,22,70607,6,1,0,0,3,3,67,140,0,0,0,1,1,2,2012,2,2012,2,36,0,0,0,5,4,40,1,1,2,1,28,3,1,62,1,1,1,69,1,0
22,220295,2,5,1,11,7,19,26,12,6,1,0,22,1,53,705,53705,80,2006,JS1GN7DAX621,J,S,1,G,N,7,D,A,X,6,2,1,0,0,0,000000000,00000000000,0,0,0,1,0,0,0,0,0,0,0,80,0,0,0,12,6,2,12,0,0,1,1,22,70601,6,1,0,0,2,3,65,120,0,0,0,0,0,0,0,0,0,2,36,0,0,0,5,4,40,1,1,2,1,28,3,1,62,3,9,1,98,0,0
22,220295,3,5,1,11,7,19,26,12,6,1,0,48,1,18,22,18022,4,2013,1G4GH5E31DF2,1,G,4,G,H,5,E,3,1,D,F,2,0,0,0,000000000,00000000000,0,0,0,1,0,0,0,0,0,0,0,999,0,0,0,82,6,2,12,0,0,0,1,48,77338,6,1,0,0,3,3,999,999,0,0,0,0,0,0,0,0,0,0,0,0,0,0,5,4,40,1,1,2,1,28,3,11,54,1,1,1,68,0,0
22,220295,4,5,1,11,7,19,26,12,6,1,0,22,3,20,37,20037,4,2014,1G11B5SL2EF1,1,G,1,1,B,5,S,L,2,E,F,1,0,0,0,000000000,00000000000,0,0,0,1,0,0,0,0,0,0,0,999,0,0,0,7,2,5,54,0,0,0,1,22,70665,6,1,0,0,3,3,69,150,0,0,0,0,0,0,0,0,0,0,0,0,0,0,5,4,40,1,1,2,1,28,3,1,98,1,1,1,98,0,0
22,220295,5,5,1,11,7,19,26,12,6,1,0,28,3,20,2,20002,4,2013,2G1WC5E38D12,2,G,1,W,C,5,E,3,8,D,1,2,0,0,0,000000000,00000000000,0,0,0,1,0,0,0,0,0,0,0,0,0,0,0,9,2,5,54,0,0,0,1,22,70601,6,1,0,0,3,3,72,195,0,0,0,0,0,0,0,0,0,0,0,0,0,0,5,4,40,1,1,2,1,28,3,5,98,1,1,1,98,0,0
22,220296,1,1,1,16,7,14,2,42,0,1,0,22,1,53,709,53709,80,9999,999999999999,9,9,9,9,9,9,9,9,9,9,9,9,0,0,0,000000000,00000000000,0,0,0,1,0,0,0,0,0,0,0,50,0,0,0,98,6,2,42,0,0,1,1,22,70460,6,1,0,0,2,0,70,215,0,0,0,0,0,0,0,0,0,0,99,99,99,99,1,2,55,4,1,2,1,0,0,14,9,99,9,4,2,1,1
22,220297,1,2,2,17,7,13,52,12,6,1,0,22,1,55,35,55035,4,2012,KMHDH4AE5CU3,K,M,H,D,H,4,A,E,5,C,U,3,0,0,0,000000000,00000000000,0,0,0,1,0,0,0,0,0,0,0,20,0,0,0,61,6,2,12,0,0,0,1,22,71051,6,1,0,0,3,3,67,125,0,0,0,0,1,7,2011,7,2011,0,38,0,0,0,1,2,35,1,1,8,2,20,3,11,15,1,1,1,82,1,0
22,220297,2,2,1,17,7,13,52,12,6,1,0,22,1,52,471,52471,30,1991,JA7FL24W2MP0,J,A,7,F,L,2,4,W,2,M,P,0,0,0,0,000000000,00000000000,0,0,0,1,0,0,0,0,0,0,0,50,0,0,0,12,6,2,12,0,0,0,1,22,71019,1,1,0,0,2,0,69,140,0,2,0,0,0,3,2012,5,2012,0,24,0,0,0,2,2,55,1,1,1,2,0,0,1,67,1,1,1,83,0,0
22,220298,1,1,1,8,7,12,20,35,0,1,0,22,2,12,422,12422,15,2000,1FMRU1769YLA,1,F,M,R,U,1,7,6,9,Y,L,A,0,0,0,000000000,00000000000,0,0,0,1,0,0,0,0,0,0,0,55,0,1,5,61,6,2,1,0,0,0,1,22,71342,6,1,0,0,3,3,62,196,0,0,0,0,0,0,0,0,0,0,6,24,0,0,1,2,55,2,1,2,1,0,0,14,12,99,2,4,6,1,0
22,220299,1,1,2,8,7,13,25,45,0,1,0,22,1,52,34,52034,4,2006,4A3AB26F66E0,4,A,3,A,B,2,6,F,6,6,E,0,0,0,0,000000000,00000000000,0,0,0,1,0,0,0,0,0,0,0,65,0,0,0,12,6,2,8,0,0,0,1,22,70560,0,0,0,0,0,0,999,999,99,99,99,99,99,99,9999,99,9999,9,36,91,0,0,1,2,55,1,1,2,1,40,3,1,13,1,1,4,1,0,0
22,220300,1,2,2,8,7,14,55,12,6,1,0,28,3,12,481,12481,31,2013,1FTFW1EF0DKF,1,F,T,F,W,1,E,F,0,D,K,F,1,1,0,000000000,00000000000,0,0,0,1,0,0,0,0,0,0,0,15,0,0,0,81,6,2,12,0,0,0,1,28,39657,6,1,0,0,3,3,73,207,98,0,0,0,0,0,0,0,0,0,38,0,0,0,1,2,55,1,1,2,1,20,3,1,17,1,1,1,87,1,0
22,220300,2,2,1,8,7,14,55,12,6,1,0,22,3,87,881,87881,66,2005,1XP5DU9X45N8,1,X,P,5,D,U,9,X,4,5,N,8,1,1,88,888888888,88888888888,3,6,1,1,0,0,0,0,0,0,0,55,0,1,5,12,4,3,12,0,0,0,1,22,70444,6,1,6,0,3,3,67,218,0,0,0,0,0,0,0,0,0,0,0,0,0,0,1,2,55,1,1,2,1,0,0,1,66,1,1,1,86,0,0
22,220301,1,2,1,1,6,3,24,12,2,1,0,36,1,55,35,55035,4,2011,5NPDH4AEXBH0,5,N,P,D,H,4,A,E,X,B,H,0,0,0,0,000000000,00000000000,0,0,0,1,0,0,0,0,0,0,0,70,0,0,0,12,6,2,12,0,0,0,1,36,14617,6,1,0,0,3,3,999,999,0,1,0,0,0,2,2012,2,2012,0,50,0,0,0,3,2,70,1,1,2,2,0,0,1,54,1,1,1,50,1,1
22,220301,2,2,1,1,6,3,24,12,2,1,0,48,4,84,881,84881,62,2007,1HTMMAAM27H5,1,H,T,M,M,A,A,M,2,7,H,5,0,0,57,1499091,571499091,2,1,1,1,0,0,0,0,0,0,0,65,0,0,0,12,6,2,12,0,0,0,1,22,70118,1,1,1,9,2,0,70,240,0,10,0,0,3,12,2011,1,2014,0,0,0,0,0,3,2,70,1,1,2,2,0,0,1,54,7,1,1,51,0,0
22,220302,1,1,1,6,6,21,10,1,0,1,0,22,2,20,421,20421,15,2001,1GNEC13T31J2,1,G,N,E,C,1,3,T,3,1,J,2,0,0,0,000000000,00000000000,0,0,0,1,0,0,0,0,0,0,0,55,0,1,5,0,6,2,1,0,0,0,1,22,70818,6,1,0,0,3,0,73,175,0,0,0,0,0,0,0,0,0,4,6,0,0,0,1,2,45,2,1,2,1,40,3,14,12,1,3,4,7,1,0
22,220303,1,1,1,27,6,2,22,19,0,1,0,22,2,20,481,20481,31,2009,1GCEK290X9Z1,1,G,C,E,K,2,9,0,X,9,Z,1,0,0,0,000000000,00000000000,0,0,0,1,0,0,0,0,0,0,0,97,0,0,0,12,6,2,19,0,0,0,1,22,70360,6,1,0,0,3,0,72,170,0,0,0,2,1,3,2012,3,2013,3,6,91,0,0,4,2,55,1,1,2,2,0,0,1,10,1,1,4,6,0,1
22,220304,1,1,1,29,6,21,45,34,0,1,0,22,1,35,443,35443,20,2005,5N1BV28U95N1,5,N,1,B,V,2,8,U,9,5,N,1,0,0,0,000000000,00000000000,0,0,0,1,0,0,0,0,0,0,0,67,0,0,0,14,6,2,42,0,0,0,1,22,70748,6,1,0,0,3,3,70,165,0,0,0,0,0,0,0,0,0,3,99,99,99,99,1,2,55,1,1,2,1,0,0,1,12,1,4,4,7,1,0
22,220305,1,2,1,30,6,5,41,12,2,1,0,22,1,23,481,23481,31,2007,3GTEC14X07G1,3,G,T,E,C,1,4,X,0,7,G,1,0,0,0,000000000,00000000000,0,0,0,1,0,0,0,0,0,0,0,40,0,0,0,12,6,2,12,0,0,0,1,22,70466,6,1,0,0,3,0,68,185,0,0,0,0,0,0,0,0,0,0,28,0,0,0,1,2,40,1,1,2,1,0,0,1,10,1,1,2,50,1,0
22,220305,2,2,2,30,6,5,41,12,2,1,0,22,3,86,881,86881,63,2013,1M2AV17C9DM0,1,M,2,A,V,1,7,C,9,D,M,0,0,0,57,1070703,571070703,3,2,7,1,0,0,0,0,0,0,0,40,0,0,0,12,6,2,12,0,0,0,1,22,70058,6,1,6,9,3,3,74,272,0,0,0,0,0,0,0,0,0,0,0,0,0,0,1,2,40,1,1,2,1,0,0,1,62,1,1,1,51,0,0
22,220306,1,2,1,8,6,18,30,12,6,1,0,22,2,20,20,20020,4,1998,2G1WL52M8W92,2,G,1,W,L,5,2,M,8,W,9,2,0,0,0,000000000,00000000000,0,0,0,1,0,0,0,0,0,0,0,5,0,0,0,3,6,2,12,0,0,0,1,22,70438,6,1,0,0,3,0,63,145,0,0,0,0,0,0,0,0,0,0,39,0,0,0,1,2,55,1,1,2,1,20,3,1,17,1,1,1,87,1,0
22,220306,2,2,1,8,6,18,30,12,6,1,0,93,3,87,881,87881,66,2012,1XPTDP9X3CD1,1,X,P,T,D,P,9,X,3,C,D,1,1,1,57,244463,57244463,3,6,4,1,0,0,0,0,0,0,0,55,0,0,0,12,6,2,12,0,0,0,1,28,39667,6,1,5,0,2,0,68,178,98,0,0,2,0,12,2012,8,2013,0,0,0,0,0,1,2,55,1,1,2,1,0,0,1,66,4,1,1,86,0,0
22,220307,1,1,2,26,7,17,32,21,0,1,0,22,2,23,421,23421,15,2004,1GKEC16Z14J1,1,G,K,E,C,1,6,Z,1,4,J,1,0,0,0,000000000,00000000000,0,0,0,1,0,0,0,0,0,0,0,999,0,0,0,12,6,2,2,0,0,1,1,22,70006,6,1,0,0,3,0,68,196,0,0,1,0,1,12,2011,9,2013,9,6,0,0,0,6,1,35,1,1,1,1,0,0,1,13,99,9,4,1,2,1
22,220308,1,2,1,8,7,8,5,12,6,1,0,22,1,20,2,20002,4,2000,2G1WF55E3Y91,2,G,1,W,F,5,5,E,3,Y,9,1,0,0,0,000000000,00000000000,0,0,0,1,0,0,0,0,0,0,0,2,0,0,0,82,6,2,12,0,0,0,1,22,70422,6,1,0,0,3,0,69,265,0,0,0,0,0,0,0,0,0,0,48,0,0,0,1,2,55,3,1,2,1,28,3,12,10,1,1,2,98,1,0
22,220308,2,2,2,8,7,8,5,12,6,1,0,22,2,20,2,20002,4,2012,2G1WG5E33C12,2,G,1,W,G,5,E,3,3,C,1,2,0,0,0,000000000,00000000000,0,0,0,1,0,0,0,0,0,0,0,55,0,0,0,12,6,2,12,0,0,0,1,22,70422,6,1,0,0,3,3,74,165,0,0,0,0,0,0,0,0,0,0,24,0,0,0,1,2,55,3,1,2,1,28,3,14,62,1,1,1,98,0,0
22,220309,1,1,1,18,7,1,8,43,0,1,0,22,1,20,422,20422,15,2007,1GNFC16J77J1,1,G,N,F,C,1,6,J,7,7,J,1,0,0,0,000000000,00000000000,0,0,0,1,0,0,0,0,0,0,0,65,0,0,0,14,6,2,2,0,0,1,1,22,71270,1,1,0,0,2,0,70,150,0,1,0,0,0,5,2014,5,2014,5,6,39,0,0,1,2,25,1,1,2,2,20,3,3,14,1,9,4,14,1,0
22,220310,1,1,1,27,6,1,50,1,0,1,0,22,9,12,17,12017,4,2005,1FAFP53U75A2,1,F,A,F,P,5,3,U,7,5,A,2,0,0,0,000000000,00000000000,0,0,0,1,0,0,0,0,0,0,0,70,0,9,5,0,6,2,1,0,0,0,1,22,71060,1,1,0,0,2,0,999,999,0,3,1,0,0,8,2013,3,2014,3,99,99,99,99,1,2,55,3,1,2,1,0,0,14,13,6,5,4,7,1,1
22,220311,1,2,2,1,1,3,56,8,0,1,0,22,2,23,481,23481,31,1981,1GTDC14G2BS5,1,G,T,D,C,1,4,G,2,B,S,5,0,0,0,000000000,00000000000,0,0,0,1,0,0,0,0,0,0,0,30,0,0,0,12,2,5,8,0,0,0,1,22,71334,6,1,6,0,3,0,73,190,0,1,0,0,0,11,2012,11,2012,0,86,0,0,0,1,2,45,1,1,2,1,0,0,1,80,6,9,3,13,0,0
22,220311,2,2,1,1,1,3,56,8,0,1,1,99,9,99,999,99999,99,9999,999999999999,9,9,9,9,9,9,9,9,9,9,9,9,0,0,0,000000000,00000000000,0,0,0,1,0,0,0,0,0,0,0,999,0,0,0,99,9,5,8,0,0,0,1,99,99999,9,9,99,9,9,9,999,999,99,99,99,99,99,99,9999,99,9999,9,86,0,0,0,1,2,45,1,1,2,1,0,0,1,80,1,1,1,98,0,0
22,220312,1,2,1,20,1,23,39,12,6,1,1,22,2,14,6,14006,4,1997,2MELM74WXVX6,2,M,E,L,M,7,4,W,X,V,X,6,0,0,0,000000000,00000000000,0,0,0,1,0,0,0,0,0,0,0,998,0,0,0,12,6,2,12,0,0,0,1,99,99999,9,9,99,9,9,9,999,999,99,99,99,99,99,99,9999,99,9999,0,37,39,0,0,1,2,30,1,1,2,1,20,3,1,17,1,1,1,88,0,0
22,220312,2,2,1,20,1,23,39,12,6,1,0,22,1,13,5,13005,4,1989,1LNBM81F9KY7,1,L,N,B,M,8,1,F,9,K,Y,7,0,0,0,000000000,00000000000,0,0,0,1,0,0,0,0,0,0,0,998,0,0,0,63,6,2,12,0,0,0,1,22,70806,6,1,0,0,3,0,70,300,0,0,0,0,0,0,0,0,0,0,0,0,0,0,1,2,30,1,1,2,1,0,0,1,66,1,1,1,89,1,0
22,220313,1,1,1,3,5,0,20,59,0,1,0,22,2,72,706,72706,80,2002,1HD1GDV152Y3,1,H,D,1,G,D,V,1,5,2,Y,3,0,0,0,000000000,00000000000,0,0,0,1,0,0,0,0,0,0,0,999,0,0,0,12,6,2,59,0,0,0,1,22,71107,6,1,0,0,3,3,67,160,0,2,0,1,0,8,2012,9,2013,0,99,99,99,99,6,1,45,2,1,1,1,40,3,14,12,99,9,4,6,1,0
22,220314,1,2,2,21,6,10,5,12,6,1,0,22,1,35,51,35051,6,2011,JN8AS5MT2BW1,J,N,8,A,S,5,M,T,2,B,W,1,0,0,0,000000000,00000000000,0,0,0,1,0,0,0,0,0,0,0,999,0,0,0,9,6,2,12,0,0,0,1,22,70755,6,1,0,0,3,3,61,115,0,0,0,0,0,0,0,0,0,0,99,99,99,99,1,2,35,1,1,2,1,3,3,11,54,1,1,1,68,1,0
22,220314,2,2,2,21,6,10,5,12,6,1,0,22,1,7,482,7482,31,2011,3D73M4CL2BG5,3,D,7,3,M,4,C,L,2,B,G,5,1,1,0,000000000,00000000000,0,0,0,1,0,0,0,0,0,0,0,45,0,0,0,12,6,2,12,0,0,0,1,22,71403,6,1,0,0,3,0,70,200,0,1,0,0,0,5,2013,5,2013,0,0,0,0,0,2,2,45,1,1,2,1,3,3,1,67,1,1,1,69,0,0
22,220315,1,1,2,8,6,1,32,34,0,1,0,22,1,20,9,20009,2,2012,2G1FB1E35C91,2,G,1,F,B,1,E,3,5,C,9,1,0,0,0,000000000,00000000000,0,0,0,1,0,0,0,0,0,0,0,60,0,1,5,11,6,2,1,0,0,0,1,22,70582,6,1,0,0,3,3,71,200,0,0,0,3,0,8,2011,5,2013,9,33,0,0,0,1,2,45,2,1,2,1,28,3,6,12,1,9,4,6,1,1
22,220316,1,2,2,19,7,13,30,12,6,1,0,22,2,35,47,35047,4,2008,1N4AL21E18N5,1,N,4,A,L,2,1,E,1,8,N,5,0,0,0,000000000,00000000000,0,0,0,1,0,0,0,0,0,0,0,10,0,0,0,9,6,2,12,0,0,0,1,22,70809,6,1,0,0,3,3,65,135,0,0,0,0,0,0,0,0,0,0,38,0,0,0,1,2,25,1,1,2,1,20,3,1,17,1,1,1,89,1,0
22,220316,2,2,2,19,7,13,30,12,6,1,0,22,1,58,39,58039,6,2008,JNRAS08W18X2,J,N,R,A,S,0,8,W,1,8,X,2,0,0,0,000000000,00000000000,0,0,0,1,0,0,0,0,0,0,0,55,0,0,0,12,6,2,12,0,0,0,1,22,70734,6,1,0,0,3,0,70,185,0,0,0,0,0,0,0,0,0,0,0,0,0,0,1,2,55,1,1,2,1,0,0,1,55,1,1,1,88,0,0
22,220317,1,2,2,24,7,12,15,12,2,1,0,28,1,63,34,63034,4,2010,KNAGG4A8XA54,K,N,A,G,G,4,A,8,X,A,5,4,0,0,0,000000000,00000000000,0,0,0,1,0,0,0,0,0,0,0,55,3,0,0,12,6,2,2,0,0,1,1,28,39645,6,1,0,0,3,0,70,165,98,0,0,0,0,0,0,0,0,0,99,99,99,99,1,2,55,4,1,2,1,28,3,14,10,1,1,2,50,2,0
22,220317,2,2,1,24,7,12,15,12,2,1,0,93,3,98,898,98898,66,1999,2WKPDCCJ7XK9,2,W,K,P,D,C,C,J,7,X,K,9,1,1,57,586299,57586299,3,6,10,1,0,0,0,0,0,0,0,55,0,0,0,12,6,2,2,0,0,1,1,28,39645,6,1,6,0,3,0,67,230,98,0,0,0,0,0,0,0,0,0,0,0,0,0,1,2,55,4,1,2,1,0,0,14,62,9,1,1,51,0,0
22,220318,1,1,1,24,7,23,5,53,0,1,0,22,1,12,481,12481,31,1992,1FDKF38G4NNA,1,F,D,K,F,3,8,G,4,N,N,A,0,0,0,000000000,00000000000,0,0,0,1,0,0,0,0,0,0,0,999,0,0,0,1,6,2,42,0,0,0,1,22,70764,6,1,0,0,3,3,71,186,0,0,0,0,0,0,0,0,0,5,6,0,0,0,1,2,55,3,1,2,1,0,0,14,13,1,1,4,1,1,1
22,220319,1,1,1,31,7,5,30,34,0,1,0,22,1,23,421,23421,15,2004,1GKEC13V84R3,1,G,K,E,C,1,3,V,8,4,R,3,0,0,0,000000000,00000000000,0,0,0,1,0,0,0,0,0,0,0,55,0,1,5,12,6,2,1,0,0,0,1,22,70570,6,1,0,0,3,0,68,180,0,1,0,2,0,9,2012,3,2013,9,6,0,0,0,1,2,55,3,1,2,1,40,3,14,13,1,1,4,5,1,0
22,220320,1,1,1,13,7,1,55,33,0,1,0,22,1,37,705,37705,80,2002,JH2RC44392M6,J,H,2,R,C,4,4,3,9,2,M,6,0,0,0,000000000,00000000000,0,0,0,1,0,0,0,0,0,0,0,999,0,0,0,2,6,2,1,0,0,0,1,22,70092,6,1,0,0,3,0,70,180,0,0,0,0,0,0,0,0,0,9,6,0,0,0,2,2,35,2,2,2,1,28,3,14,9,4,5,4,7,1,0
22,220321,1,1,1,4,7,0,44,8,0,1,1,99,9,99,999,99999,99,9999,999999999999,9,9,9,9,9,9,9,9,9,9,9,9,0,0,0,000000000,00000000000,0,0,0,1,0,0,0,0,0,0,0,999,0,0,0,12,9,5,8,0,0,0,1,99,99999,9,9,99,9,9,9,999,999,99,99,99,99,99,99,9999,99,9999,9,99,99,99,99,2,2,35,1,1,2,1,3,3,1,80,99,9,9,13,0,0
22,220322,1,1,2,4,7,21,45,42,0,1,0,22,2,49,40,49040,4,2009,4T1BE46K89U3,4,T,1,B,E,4,6,K,8,9,U,3,0,0,0,000000000,00000000000,0,0,0,1,0,0,0,0,0,0,0,90,0,0,0,81,6,2,42,0,0,0,1,22,71052,1,1,0,0,2,0,64,170,99,99,99,99,99,99,9999,99,9999,3,0,0,0,0,1,2,55,1,1,2,1,28,3,1,13,1,3,4,2,2,1
22,220323,1,1,1,5,7,2,20,32,0,1,0,22,2,35,43,35043,4,2004,3N1CB51D74L9,3,N,1,C,B,5,1,D,7,4,L,9,0,0,0,000000000,00000000000,0,0,0,1,0,0,0,0,0,0,0,999,0,1,5,12,6,2,1,0,0,0,1,99,99999,9,9,99,9,9,9,999,999,99,99,99,99,99,99,9999,99,9999,9,99,99,99,99,1,2,35,4,2,1,1,0,0,14,13,1,1,4,5,1,1
22,220324,1,2,4,6,7,19,9,12,7,1,0,13,1,6,441,6441,20,1997,1C4GP64L7VB4,1,C,4,G,P,6,4,L,7,V,B,4,0,0,0,000000000,00000000000,0,0,0,1,0,0,0,0,0,0,0,999,0,0,0,8,6,2,12,0,0,0,1,22,70767,4,1,0,0,2,0,64,118,0,0,0,0,0,0,0,0,0,9,38,91,0,0,1,2,45,1,1,2,1,0,0,11,53,1,1,1,99,0,0
22,220324,2,2,2,6,7,19,9,12,7,1,0,22,1,72,706,72706,80,2013,1HD1BWV10DB0,1,H,D,1,B,W,V,1,0,D,B,0,0,0,0,000000000,00000000000,0,0,0,1,0,0,0,0,0,0,0,999,0,0,0,2,6,2,12,0,0,0,1,22,70808,6,1,0,0,3,3,73,225,0,0,0,1,0,1,2014,1,2014,9,0,0,0,0,1,2,45,1,1,2,1,0,0,1,51,1,9,9,99,1,0
22,220325,1,2,1,7,7,20,33,12,1,1,0,22,1,53,706,53706,80,2009,JS1GT78A2921,J,S,1,G,T,7,8,A,2,9,2,1,0,0,0,000000000,00000000000,0,0,0,1,0,0,0,0,0,0,0,998,0,0,0,12,6,2,12,0,0,0,1,22,70714,6,1,0,0,3,0,68,165,0,0,0,0,0,0,0,0,0,4,99,99,99,99,1,2,45,1,1,2,1,0,0,99,99,99,9,9,33,1,0
22,220325,2,2,1,7,7,20,33,12,1,1,0,22,1,41,53,41053,5,2010,JM3ER2W59A03,J,M,3,E,R,2,W,5,9,A,0,3,0,0,0,000000000,00000000000,0,0,0,1,0,0,0,0,0,0,0,998,0,0,0,6,6,2,12,0,0,0,1,22,70805,6,1,0,0,3,0,62,130,0,0,0,0,0,0,0,0,0,9,99,99,99,99,1,2,45,1,1,2,1,0,0,1,53,99,9,9,33,0,0
22,220326,1,1,1,8,7,0,6,8,0,1,0,22,3,49,40,49040,4,2009,4T1BB46K99U0,4,T,1,B,B,4,6,K,9,9,U,0,0,0,0,000000000,00000000000,0,0,0,1,0,0,0,0,0,1,0,60,0,0,0,82,6,2,8,0,0,0,1,22,70065,6,1,0,0,3,3,63,155,0,0,0,0,0,0,0,0,0,0,86,0,0,0,3,3,60,1,1,1,1,0,0,1,80,99,1,1,13,0,0
22,220327,1,2,2,10,7,21,33,8,0,1,0,22,2,49,32,49032,4,2006,2T1BR32E56C7,2,T,1,B,R,3,2,E,5,6,C,7,0,0,0,000000000,00000000000,0,0,0,1,0,0,0,0,0,0,0,999,0,0,0,1,6,2,8,0,0,0,1,22,70518,6,1,0,0,3,0,70,175,0,0,0,0,0,0,0,0,0,0,86,0,0,0,1,2,55,1,1,2,1,0,0,1,80,6,1,1,13,0,0
22,220327,2,2,1,10,7,21,33,8,0,1,1,22,2,23,481,23481,31,2000,2GTEC19T7Y11,2,G,T,E,C,1,9,T,7,Y,1,1,0,0,0,000000000,00000000000,0,0,0,1,0,0,0,0,0,0,0,999,0,0,0,2,0,3,8,0,0,0,1,22,70508,1,1,0,0,2,0,70,150,0,1,1,0,0,8,2011,1,2014,0,0,0,0,0,1,2,55,1,1,2,1,0,0,1,80,6,1,1,98,0,0
22,220328,1,1,1,12,7,22,36,8,0,1,0,22,1,23,422,23422,15,2004,1GKEC16Z84J3,1,G,K,E,C,1,6,Z,8,4,J,3,0,0,0,000000000,00000000000,0,0,0,1,0,0,0,0,0,0,0,998,0,0,0,12,6,2,8,0,0,0,1,22,71118,1,1,0,0,2,0,73,229,1,1,0,1,1,9,2013,7,2014,0,0,0,0,0,2,2,55,1,1,1,1,0,0,1,80,6,1,1,13,0,0
22,220329,1,1,1,15,7,21,15,20,0,1,0,22,2,35,472,35472,30,2000,1N6DD26S4YC3,1,N,6,D,D,2,6,S,4,Y,C,3,0,0,0,000000000,00000000000,0,0,0,1,0,0,0,0,0,0,0,998,0,1,5,11,6,2,1,0,0,0,1,22,71107,6,1,0,0,3,0,68,185,0,1,0,2,2,8,2011,1,2014,5,0,0,0,0,2,2,55,4,1,2,1,0,0,14,6,99,9,5,2,1,1
22,220330,1,1,1,15,7,22,36,33,0,1,0,22,1,12,471,12471,31,2003,1FTYR14U03PB,1,F,T,Y,R,1,4,U,0,3,P,B,0,0,0,000000000,00000000000,0,0,0,1,0,0,0,0,0,0,0,999,0,1,3,11,6,2,42,0,0,0,1,22,70129,0,0,0,0,0,0,999,999,99,99,99,99,99,99,9999,99,9999,3,99,99,99,99,2,2,30,1,1,1,8,98,3,1,6,1,1,4,10,1,1
22,220331,1,1,3,16,7,12,33,1,0,1,0,17,1,12,481,12481,31,2003,1FTSX31F73EA,1,F,T,S,X,3,1,F,7,3,E,A,1,3,0,000000000,00000000000,0,0,0,1,0,0,0,0,0,0,0,80,0,1,5,0,6,2,1,0,0,0,1,17,62084,6,1,0,0,3,0,68,210,0,0,0,0,0,0,0,0,0,9,6,0,0,0,2,2,70,1,1,2,1,0,0,15,11,9,9,4,2,1,0
22,220332,1,1,1,17,7,13,41,9,0,1,0,22,3,84,881,84881,66,2004,3HSCKAPR84N0,3,H,S,C,K,A,P,R,8,4,N,0,1,1,57,311230,57311230,3,6,97,1,0,0,0,0,0,0,0,5,0,0,0,5,0,5,9,0,0,0,1,22,70092,6,1,6,9,3,0,68,240,0,0,0,0,1,10,2012,10,2012,0,86,0,0,0,2,2,35,2,1,2,1,3,3,10,83,1,1,1,15,0,0