STATE,ST_CASE,VEH_NO,VE_FORMS,NUMOCCS,DAY,MONTH,HOUR,MINUTE,HARM_EV,MAN_COLL,UNITTYPE,HIT_RUN,REG_STAT,OWNER,MAKE,MODEL,MAK_MOD,BODY_TYP,MOD_YEAR,VIN,VIN_1,VIN_2,VIN_3,VIN_4,VIN_5,VIN_6,VIN_7,VIN_8,VIN_9,VIN_10,VIN_11,VIN_12,TOW_VEH,J_KNIFE,MCARR_I1,MCARR_I2,MCARR_ID,GVWR,V_CONFIG,CARGO_BT,HAZ_INV,HAZ_PLAC,HAZ_ID,HAZ_CNO,HAZ_REL,BUS_USE,SPEC_USE,EMER_USE,TRAV_SP,UNDERIDE,ROLLOVER,ROLINLOC,IMPACT1,DEFORMED,TOWED,M_HARM,VEH_SC1,VEH_SC2,FIRE_EXP,DR_PRES,L_STATE,DR_ZIP,L_STATUS,L_TYPE,CDL_STAT,L_ENDORS,L_COMPL,L_RESTRI,DR_HGT,DR_WGT,PREV_ACC,PREV_SUS,PREV_DWI,PREV_SPD,PREV_OTH,FIRST_MO,FIRST_YR,LAST_MO,LAST_YR,SPEEDREL,DR_SF1,DR_SF2,DR_SF3,DR_SF4,VTRAFWAY,VNUM_LAN,VSPD_LIM,VALIGN,VPROFILE,VPAVETYP,VSURCOND,VTRAFCON,VTCONT_F,P_CRASH1,P_CRASH2,P_CRASH3,PCRASH4,PCRASH5,ACC_TYPE,DEATHS,DR_DRINK
22,220374,1,1,2,16,8,21,58,8,0,1,0,22,2,22,19,22019,2,2009,1G2AS18H4972,1,G,2,A,S,1,8,H,4,9,7,2,0,0,0,000000000,00000000000,0,0,0,1,0,0,0,0,0,0,0,998,0,0,0,82,2,3,8,0,0,0,1,22,70422,1,7,0,0,2,3,71,205,0,1,0,0,0,6,2014,6,2014,0,86,0,0,0,1,2,35,1,1,2,1,0,0,1,80,1,1,1,13,0,0
22,220375,1,1,1,29,8,23,25,8,0,1,0,22,2,35,47,35047,4,1999,1N4DL01D4XC2,1,N,4,D,L,0,1,D,4,X,C,2,0,0,0,000000000,00000000000,0,0,0,1,0,0,0,0,0,0,0,998,0,0,0,11,6,2,8,0,0,0,1,22,70394,6,1,0,0,3,0,73,160,0,0,0,3,1,12,2011,4,2013,0,0,0,0,0,1,2,40,1,1,2,2,0,0,1,80,7,1,2,13,0,0
22,220376,1,2,1,30,8,0,43,12,1,1,0,22,1,72,706,72706,80,2010,1HD1JL511AB0,1,H,D,1,J,L,5,1,1,A,B,0,0,0,0,000000000,00000000000,0,0,0,1,0,0,0,0,0,0,0,70,0,0,0,12,6,2,1,0,0,0,1,28,39657,6,1,0,0,3,0,74,265,98,0,0,0,0,0,0,0,0,9,6,26,0,0,3,2,70,1,2,2,1,0,0,1,51,1,1,1,24,1,1
22,220376,2,2,3,30,8,0,43,12,1,1,0,48,2,18,25,18025,4,2012,1G4PR5SK6C42,1,G,4,P,R,5,S,K,6,C,4,2,0,0,0,000000000,00000000000,0,0,0,1,0,0,0,0,0,0,0,65,0,0,0,6,2,5,12,0,0,0,1,48,77459,6,1,0,0,3,0,999,999,0,2,0,8,0,3,2012,8,2014,0,0,0,0,0,3,2,70,1,2,2,1,0,0,1,53,1,1,1,25,0,0
22,220377,1,1,1,30,8,5,44,42,0,1,0,5,3,87,881,87881,66,2014,1XPXDP9X7ED2,1,X,P,X,D,P,9,X,7,E,D,2,1,1,57,688181,57688181,3,6,9,1,0,0,0,0,0,0,0,55,0,0,0,4,6,2,42,0,0,0,1,1,71260,6,1,4,9,8,3,66,195,0,0,0,1,0,6,2013,6,2013,0,6,0,0,0,1,2,55,3,2,2,2,0,0,14,13,1,1,4,1,1,0
22,220378,1,1,1,30,8,21,4,8,0,1,0,22,1,19,18,19018,4,2007,1G6DP577X701,1,G,6,D,P,5,7,7,X,7,0,1,0,0,0,000000000,00000000000,0,0,0,1,0,0,0,0,0,0,0,999,0,0,0,12,6,2,8,0,0,0,1,22,71409,1,1,0,0,2,0,73,275,0,1,0,1,0,7,2014,8,2014,0,86,0,0,0,2,2,55,1,1,1,1,0,0,1,81,4,2,1,13,0,0
22,220379,1,1,5,31,8,4,18,18,0,1,0,22,2,35,402,35402,14,2005,5N1AN08U35C6,5,N,1,A,N,0,8,U,3,5,C,6,0,0,0,000000000,00000000000,0,0,0,1,0,0,0,0,0,0,0,998,0,1,3,99,6,2,1,0,0,0,1,22,70056,6,1,0,0,3,0,71,165,0,0,0,0,0,0,0,0,0,9,6,0,0,0,2,2,70,1,1,2,1,0,0,1,12,99,4,4,6,1,0
22,220380,1,2,1,31,8,10,25,1,0,1,0,22,1,76,705,76705,80,2015,JYARM06EXFA0,J,Y,A,R,M,0,6,E,X,F,A,0,0,0,0,000000000,00000000000,0,0,0,1,0,0,0,0,0,0,0,998,0,0,0,0,2,3,54,0,0,0,1,22,70816,6,1,0,0,3,0,69,205,0,0,0,0,0,0,0,0,0,9,6,52,0,0,1,3,40,1,1,2,1,3,3,1,9,99,2,2,98,1,0
22,220380,2,2,3,31,8,10,25,1,0,1,0,22,1,37,441,37441,20,2013,5FNRL5H98DB0,5,F,N,R,L,5,H,9,8,D,B,0,0,0,0,000000000,00000000000,0,0,0,1,0,0,0,0,0,0,0,998,0,0,0,11,2,5,54,0,0,0,1,22,70817,6,1,0,0,3,0,68,130,0,0,0,1,1,11,2013,2,2014,0,0,0,0,0,1,3,40,1,1,2,1,3,3,11,62,1,1,1,98,0,0
22,220381,1,2,3,10,8,19,22,12,6,1,0,22,1,7,482,7482,31,2002,1D7HA18N22S5,1,D,7,H,A,1,8,N,2,2,S,5,0,0,0,000000000,00000000000,0,0,0,1,0,0,0,0,0,0,0,20,0,0,0,11,6,2,12,0,0,0,1,22,71435,6,1,0,0,3,1,70,180,0,0,0,0,0,0,0,0,0,0,38,0,0,0,2,2,65,1,1,2,1,0,0,10,53,1,1,2,78,1,0
22,220381,2,2,1,10,8,19,22,12,6,1,0,47,3,93,981,93981,59,2007,2M93JMPA77W0,2,M,9,3,J,M,P,A,7,7,W,0,0,0,57,763412,57763412,3,21,22,1,0,0,0,0,98,0,0,65,0,0,0,2,6,2,12,0,0,0,1,47,37187,6,1,6,0,3,3,68,190,0,0,0,1,0,8,2014,8,2014,0,0,0,0,0,2,2,65,1,1,2,1,0,0,1,71,8,1,2,79,0,0
22,220383,1,2,1,18,8,2,13,8,0,1,1,22,1,32,43,32043,4,1997,WAUCB88D1VA1,W,A,U,C,B,8,8,D,1,V,A,1,0,0,0,000000000,00000000000,0,0,0,1,0,0,0,0,0,0,0,999,0,0,0,12,2,3,8,0,0,0,1,22,70001,6,1,0,0,3,0,72,160,0,0,0,0,0,0,0,0,0,0,99,99,99,99,3,8,60,1,1,1,1,0,0,1,82,1,1,1,13,0,0
22,220383,2,2,1,18,8,2,13,8,0,1,0,48,4,82,881,82881,66,2014,1FUJGLDR4ELF,1,F,U,J,G,L,D,R,4,E,L,F,1,1,57,327574,57327574,3,6,1,1,0,0,0,0,0,0,0,998,0,0,0,99,0,5,18,0,0,0,1,48,77833,6,1,6,9,3,0,999,999,0,0,0,0,0,0,0,0,0,0,0,0,0,0,3,8,60,1,1,1,1,0,0,1,90,1,1,1,98,0,0
22,220384,1,4,1,30,8,21,23,12,1,1,0,22,2,49,43,49043,4,1997,4T1BF12B3VU2,4,T,1,B,F,1,2,B,3,V,U,2,0,0,0,000000000,00000000000,0,0,0,1,0,0,0,0,0,0,0,50,0,0,0,12,6,2,12,0,0,0,1,22,71108,6,1,0,0,3,0,65,150,0,0,0,0,0,0,0,0,0,0,23,0,0,0,5,5,50,1,1,1,1,0,0,1,62,1,1,1,98,0,0
22,220384,2,4,5,30,8,21,23,12,1,1,0,22,2,23,431,23431,16,1997,3GKFK16RXVG5,3,G,K,F,K,1,6,R,X,V,G,5,0,0,0,000000000,00000000000,0,0,0,1,0,0,0,0,0,0,0,5,0,0,0,6,6,2,12,0,0,0,1,22,71101,6,1,0,0,3,3,74,205,0,1,0,0,0,11,2013,11,2013,0,0,0,0,0,5,5,50,1,1,1,1,0,0,12,53,1,1,1,98,0,1
22,220384,3,4,2,30,8,21,23,12,1,1,0,22,1,49,401,49401,14,2008,JTEZU14R98K0,J,T,E,Z,U,1,4,R,9,8,K,0,0,0,0,000000000,00000000000,0,0,0,1,0,0,0,0,0,0,0,50,0,0,0,12,6,2,12,0,0,0,1,22,71115,6,1,0,0,3,0,69,160,0,0,0,0,0,0,0,0,0,0,0,0,0,0,5,5,50,1,1,1,1,0,0,1,50,1,1,1,98,1,0
22,220384,4,4,3,30,8,21,23,12,1,1,0,48,2,37,402,37402,14,2004,JHLRD68454C0,J,H,L,R,D,6,8,4,5,4,C,0,0,0,0,000000000,00000000000,0,0,0,1,0,0,0,0,0,0,0,0,0,0,0,5,9,5,12,0,0,0,1,48,75701,6,1,0,0,3,0,999,999,0,0,0,0,0,0,0,0,0,0,0,0,0,0,5,5,50,1,1,1,1,0,0,5,53,1,1,9,98,0,0
22,220385,1,2,1,11,9,1,25,12,1,1,0,22,2,72,706,72706,80,2006,1HD1GP11X6K3,1,H,D,1,G,P,1,1,X,6,K,3,0,0,0,000000000,00000000000,0,0,0,1,0,0,0,0,0,0,0,999,0,0,0,12,6,2,12,0,0,0,1,22,70458,6,1,0,0,3,3,74,240,0,0,0,0,0,0,0,0,0,9,6,0,0,0,2,3,60,1,1,1,1,0,0,15,51,99,9,1,33,1,1
22,220385,2,2,2,11,9,1,25,12,1,1,0,22,1,20,461,20461,29,2005,1GCGG29V0511,1,G,C,G,G,2,9,V,0,5,1,1,0,0,0,000000000,00000000000,0,0,0,1,0,0,0,0,0,0,0,50,0,0,0,6,6,2,12,0,0,0,1,22,70118,1,1,0,0,2,0,69,155,0,0,0,0,0,0,0,0,0,0,0,0,0,0,2,3,60,1,1,1,1,0,0,1,53,1,1,1,33,0,0
22,220386,1,2,1,14,9,12,24,16,0,1,0,22,1,72,706,72706,80,2001,1HD1GJV191Y3,1,H,D,1,G,J,V,1,9,1,Y,3,0,0,0,000000000,00000000000,0,0,0,1,0,0,0,0,0,0,0,40,0,0,0,0,4,3,16,0,0,0,1,22,70737,1,1,0,0,2,0,68,138,0,1,0,0,0,10,2011,10,2011,0,99,99,99,99,1,2,55,1,1,2,1,0,0,1,98,99,1,1,0,1,0
22,220386,2,2,1,14,9,12,24,16,0,1,0,22,1,98,709,98709,80,2009,1D9SH20829L5,1,D,9,S,H,2,0,8,2,9,L,5,0,0,0,000000000,00000000000,0,0,0,1,0,0,0,0,0,0,0,40,0,0,0,0,6,2,16,0,0,0,1,22,70449,6,1,4,0,3,3,70,185,0,0,0,0,0,0,0,0,0,0,0,0,0,0,1,2,55,1,1,2,1,0,0,1,98,1,1,1,98,0,0
22,220387,1,1,1,21,9,17,20,32,0,1,0,22,1,19,14,19014,4,1997,1G6KS52Y6VU8,1,G,6,K,S,5,2,Y,6,V,U,8,0,0,0,000000000,00000000000,0,0,0,1,0,0,0,0,0,0,0,65,0,1,5,12,6,2,1,0,0,0,1,22,70591,6,1,0,0,3,3,73,170,0,2,0,0,1,10,2011,4,2013,9,6,0,0,0,1,2,45,1,1,2,1,28,3,1,13,99,1,4,1,1,0
22,220388,1,3,1,24,9,10,25,12,8,1,0,22,1,12,481,12481,31,2010,1FTFW1EV5AFC,1,F,T,F,W,1,E,V,5,A,F,C,0,0,0,000000000,00000000000,0,0,0,1,0,0,0,0,0,0,0,84,0,0,0,11,6,2,12,0,0,0,1,22,70345,6,1,0,0,3,0,73,198,0,0,0,0,0,0,0,0,0,3,35,0,0,0,1,2,55,1,1,2,1,28,3,6,54,1,1,1,64,1,0
22,220388,2,3,1,24,9,10,25,12,8,1,0,93,3,51,884,51884,66,2007,4V4NC9GH17N4,4,V,4,N,C,9,G,H,1,7,N,4,1,1,57,247041,57247041,3,6,2,1,0,0,0,0,0,0,0,55,0,0,0,11,6,2,12,0,0,0,1,22,70301,6,1,6,0,3,3,68,155,0,0,0,0,0,0,0,0,0,0,0,0,0,0,1,2,55,1,1,2,1,28,3,1,54,9,1,1,65,1,0
22,220388,3,3,1,24,9,10,25,12,8,1,0,22,3,86,884,86884,63,1995,1M1AA12Y3SW0,1,M,1,A,A,1,2,Y,3,S,W,0,0,0,88,888888888,88888888888,3,2,4,1,0,0,0,0,0,0,0,55,0,1,5,12,4,3,1,0,0,0,1,22,70345,6,1,6,0,3,0,67,180,0,0,0,0,0,0,0,0,0,0,0,0,0,0,1,2,55,1,1,2,1,28,3,1,98,9,1,1,98,0,0
22,220389,1,2,1,27,9,22,50,12,2,1,0,22,1,7,482,7482,31,2008,1D7HU18288J1,1,D,7,H,U,1,8,2,8,8,J,1,0,0,0,000000000,00000000000,0,0,0,1,0,0,0,0,0,0,0,62,0,0,0,12,6,2,12,0,0,0,1,22,70611,2,1,0,0,2,3,70,185,0,0,0,0,1,11,2012,11,2012,0,51,0,0,0,3,3,70,1,2,1,1,0,0,1,54,1,1,1,52,0,1
22,220389,2,2,1,27,9,22,50,12,2,1,0,48,1,7,422,7422,15,2014,1C4RDHAG4EC3,1,C,4,R,D,H,A,G,4,E,C,3,0,0,0,000000000,00000000000,0,0,0,1,0,0,0,0,0,0,0,77,0,0,0,12,6,2,12,0,0,0,1,48,77640,6,1,0,0,3,0,999,999,0,0,0,0,0,0,0,0,0,9,0,0,0,0,3,3,70,1,2,1,1,0,0,1,54,1,1,1,52,1,0
22,220390,1,1,3,28,9,21,3,11,0,1,0,22,1,20,481,20481,31,2000,1GCHC33J4YF4,1,G,C,H,C,3,3,J,4,Y,F,4,0,0,0,000000000,00000000000,0,0,0,1,0,0,0,0,0,0,0,60,0,0,0,12,6,2,42,0,0,0,1,22,70634,0,0,0,0,0,0,999,999,99,99,99,99,99,99,9999,99,9999,9,52,0,0,0,1,2,55,1,3,2,2,0,0,1,87,98,1,1,13,1,0
22,220391,1,2,1,10,9,14,45,38,0,1,0,22,2,20,20,20020,4,1998,2G1WL52M4W92,2,G,1,W,L,5,2,M,4,W,9,2,0,0,0,000000000,00000000000,0,0,0,1,0,0,0,0,0,0,0,70,0,0,0,12,6,2,12,0,0,0,1,22,70454,6,1,0,0,3,0,67,140,0,0,0,0,1,2,2012,2,2012,0,6,0,0,0,2,2,70,1,1,1,1,28,3,1,13,1,1,4,1,0,0
22,220391,2,2,2,10,9,14,45,38,0,1,0,22,1,12,23,12023,4,2007,3FAHP07Z57R1,3,F,A,H,P,0,7,Z,5,7,R,1,0,0,0,000000000,00000000000,0,0,0,1,0,0,0,0,0,0,0,45,0,0,0,12,6,2,12,0,0,0,1,22,70454,6,1,0,0,3,0,67,230,0,0,0,0,0,0,0,0,0,0,0,0,0,0,1,2,50,1,1,2,1,28,3,1,64,1,1,1,98,1,0
22,220392,1,1,2,15,9,15,50,43,0,1,0,22,1,12,481,12481,31,2003,2FTRX17203CA,2,F,T,R,X,1,7,2,0,3,C,A,0,0,0,000000000,00000000000,0,0,0,1,0,0,0,0,0,0,0,45,0,0,0,1,4,3,35,0,0,0,1,22,71052,3,1,0,0,2,3,70,275,0,0,0,0,0,0,0,0,0,5,79,24,0,0,1,2,35,1,1,5,1,0,0,1,8,98,7,4,2,1,0
22,220393,1,4,1,17,9,16,27,12,2,1,0,22,1,23,481,23481,31,1990,2GTEC19K3L15,2,G,T,E,C,1,9,K,3,L,1,5,0,0,0,000000000,00000000000,0,0,0,1,0,0,0,0,0,0,0,70,7,0,0,12,6,2,12,0,0,0,1,22,70669,1,1,0,0,2,0,70,165,0,1,0,0,0,2,2014,2,2014,4,36,21,58,91,2,3,60,1,1,2,2,28,3,1,12,7,2,4,50,0,0
22,220393,2,4,1,17,9,16,27,12,2,1,0,24,4,12,23,12023,4,2014,3FA6P0H76ER2,3,F,A,6,P,0,H,7,6,E,R,2,0,0,0,000000000,00000000000,0,0,0,1,0,0,0,0,0,0,0,60,0,1,1,12,6,2,12,0,0,0,1,45,29609,6,1,0,0,3,0,70,180,0,0,0,0,0,0,0,0,0,0,0,0,0,0,2,3,60,1,1,2,2,28,3,1,62,1,1,1,51,1,0
22,220393,3,4,1,17,9,16,27,12,2,1,0,22,1,13,5,13005,4,2002,1LNHM97V12Y6,1,L,N,H,M,9,7,V,1,2,Y,6,0,0,0,000000000,00000000000,0,0,0,1,0,0,0,0,0,0,0,60,0,0,0,81,2,5,12,0,0,0,1,22,70601,6,1,0,0,3,0,73,200,0,0,0,0,0,0,0,0,0,0,81,0,0,0,2,3,60,1,1,2,2,28,3,1,90,7,1,2,98,0,0
22,220393,4,4,2,17,9,16,27,12,2,1,0,22,3,20,23,20023,6,2011,3GNBABFW5BS6,3,G,N,B,A,B,F,W,5,B,S,6,0,0,0,000000000,00000000000,0,0,0,1,0,0,0,0,0,0,0,60,0,0,0,61,2,5,12,0,0,0,1,22,70633,6,1,0,0,3,0,71,155,0,0,0,2,2,10,2011,8,2014,0,0,0,0,0,2,3,60,1,1,2,2,28,3,1,61,1,1,1,98,0,0
22,220394,1,1,1,22,9,10,55,1,0,1,0,28,3,98,884,98884,66,1999,2WKEDDCJ2XK9,2,W,K,E,D,D,C,J,2,X,K,9,1,1,57,394195,57394195,3,6,10,1,0,0,0,0,0,0,0,55,0,2,1,0,6,2,2,0,0,1,1,28,39643,6,1,6,0,3,3,66,195,98,0,0,1,0,4,2014,4,2014,9,6,0,0,0,1,2,55,3,1,2,1,40,3,14,8,99,9,1,98,1,0
22,220395,1,1,1,1,9,3,11,43,0,1,0,22,2,23,421,23421,15,2003,1GKEC13Z83R1,1,G,K,E,C,1,3,Z,8,3,R,1,0,0,0,000000000,00000000000,0,0,0,1,0,0,0,0,0,0,0,67,0,1,1,14,6,2,1,0,0,0,1,22,70449,6,1,0,0,3,0,72,170,0,0,0,0,0,0,0,0,0,3,24,0,0,0,1,2,45,2,1,2,1,0,0,14,12,99,3,4,9,1,0
22,220396,1,1,1,1,9,19,51,8,0,1,0,22,1,54,31,54031,3,1995,JH4DC2380SS0,J,H,4,D,C,2,3,8,0,S,S,0,0,0,0,000000000,00000000000,0,0,0,1,0,0,0,0,0,0,0,54,0,0,0,12,4,3,8,0,0,0,1,22,70394,6,1,0,0,3,3,69,175,0,0,0,0,0,0,0,0,0,3,99,99,99,99,1,2,40,1,1,2,1,0,0,1,80,9,2,1,13,0,0
22,220397,1,1,1,4,9,6,26,8,0,1,0,22,1,7,482,7482,31,2014,1C6RR6NT7ES1,1,C,6,R,R,6,N,T,7,E,S,1,0,0,0,000000000,00000000000,0,0,0,1,0,0,0,0,0,0,0,40,0,0,0,10,2,5,8,0,0,0,1,22,70817,6,1,0,0,3,3,73,170,0,0,0,0,0,0,0,0,0,0,0,0,0,0,5,5,45,1,1,1,1,0,0,1,80,4,9,1,13,0,0
22,220398,1,1,2,7,9,4,30,58,0,1,0,22,1,2,403,2403,14,2005,1J4FA44S15P3,1,J,4,F,A,4,4,S,1,5,P,3,0,0,0,000000000,00000000000,0,0,0,1,0,0,0,0,0,0,0,50,0,1,5,14,6,2,32,35,0,0,1,22,70458,6,1,0,0,3,0,72,215,0,0,0,0,0,0,0,0,0,0,24,58,0,0,1,2,50,3,1,2,1,40,3,14,11,6,7,1,98,2,1
22,220399,1,1,1,8,9,8,51,32,0,1,0,22,1,41,402,41402,14,2006,4F2YZ02Z16KM,4,F,2,Y,Z,0,2,Z,1,6,K,M,0,0,0,000000000,00000000000,0,0,0,1,0,0,0,0,0,0,0,55,0,0,0,12,6,2,32,0,0,0,1,22,71333,6,1,0,0,3,3,73,327,0,0,0,0,0,0,0,0,0,9,24,6,0,0,1,2,50,2,1,2,1,40,3,14,12,99,9,4,6,1,0
22,220400,1,1,1,8,9,20,19,8,0,1,0,22,1,23,421,23421,15,2002,1GKEC13Z22R1,1,G,K,E,C,1,3,Z,2,2,R,1,0,0,0,000000000,00000000000,0,0,0,1,0,0,0,0,0,0,0,999,0,0,0,12,2,5,8,0,0,0,1,22,70001,6,1,0,0,3,3,65,153,0,0,0,0,0,0,0,0,0,9,0,0,0,0,2,2,35,1,1,2,1,0,0,2,80,99,1,1,13,0,0
22,220401,1,2,1,9,9,10,22,12,6,1,0,5,2,20,421,20421,15,2001,1GNCS13W8121,1,G,N,C,S,1,3,W,8,1,2,1,0,0,0,000000000,00000000000,0,0,0,1,0,0,0,0,0,0,0,999,0,0,0,11,6,2,12,0,0,0,1,22,71075,6,1,0,0,3,3,60,115,0,0,0,0,0,0,0,0,0,9,99,99,99,99,5,5,45,1,1,1,1,0,0,1,10,99,1,2,64,1,0
22,220401,2,2,1,9,9,10,22,12,6,1,0,5,3,87,884,87884,66,1987,1XP5DB9X7HN2,1,X,P,5,D,B,9,X,7,H,N,2,1,1,57,1841651,571841651,3,6,3,1,0,0,0,0,0,0,0,45,0,0,0,9,4,5,12,0,0,0,1,5,71826,6,1,6,0,3,3,67,195,0,0,0,0,1,12,2013,12,2013,0,0,0,0,0,5,5,45,1,1,1,1,0,0,1,62,7,1,1,65,0,0
22,220402,1,1,1,19,9,18,49,59,0,1,0,22,2,20,481,20481,31,1994,1GCDC14K8RZ1,1,G,C,D,C,1,4,K,8,R,Z,1,0,0,0,000000000,00000000000,0,0,0,1,0,0,0,0,0,0,0,999,0,0,0,98,6,2,42,0,0,0,1,22,70444,0,0,0,0,0,0,999,999,99,99,99,99,99,99,9999,99,9999,3,24,0,0,0,1,2,45,3,3,2,1,0,0,14,13,99,9,4,1,1,1
22,220403,1,1,1,20,9,2,15,32,0,1,0,22,2,18,2,18002,4,1997,1G4HP52K0VH5,1,G,4,H,P,5,2,K,0,V,H,5,0,0,0,000000000,00000000000,0,0,0,1,0,0,0,0,0,0,0,55,0,1,5,1,6,2,1,0,0,0,1,22,70525,0,0,0,0,0,0,64,145,0,0,0,0,0,0,0,0,0,0,99,99,99,99,1,2,55,1,1,2,1,0,0,1,12,1,1,4,6,1,1
22,220404,1,2,1,22,9,18,37,12,1,1,0,22,1,20,481,20481,31,1999,2GCEC19T4X12,2,G,C,E,C,1,9,T,4,X,1,2,0,0,0,000000000,00000000000,0,0,0,1,0,0,0,0,0,0,0,10,0,0,0,6,6,2,12,0,0,0,1,22,70361,6,1,0,0,3,0,69,185,0,0,0,0,0,0,0,0,0,0,27,0,0,0,2,2,70,1,1,2,1,0,0,2,53,1,1,2,30,0,0
22,220404,2,2,1,22,9,18,37,12,1,1,0,22,1,53,706,53706,80,2012,JS1GX72A0C21,J,S,1,G,X,7,2,A,0,C,2,1,0,0,0,000000000,00000000000,0,0,0,1,0,0,0,0,0,0,0,60,0,0,0,12,6,2,12,0,0,0,1,22,70764,6,1,0,0,3,0,68,185,0,0,0,1,0,10,2012,10,2012,0,0,0,0,0,2,2,70,1,1,2,1,0,0,1,60,4,1,1,28,1,1
22,220405,1,2,2,25,9,7,55,12,2,1,0,22,2,22,20,22020,4,1999,1G2WR5212XF2,1,G,2,W,R,5,2,1,2,X,F,2,0,0,0,000000000,00000000000,0,0,0,1,0,0,0,0,0,0,0,25,0,0,0,12,6,2,12,0,0,0,1,22,71269,6,1,0,0,3,3,62,248,0,0,0,0,0,0,0,0,0,9,39,38,0,0,1,2,55,1,1,2,1,20,3,10,54,7,9,2,80,1,0
22,220405,2,2,1,25,9,7,55,12,2,1,0,22,3,82,881,82881,66,1999,1FUYDCYB7XPA,1,F,U,Y,D,C,Y,B,7,X,P,A,1,1,57,1297558,571297558,3,6,8,1,0,0,0,0,0,0,0,55,0,1,5,12,6,2,1,0,0,0,1,22,71269,6,1,6,9,3,3,66,253,0,0,0,0,0,0,0,0,0,0,0,0,0,0,1,2,55,1,1,2,1,0,0,1,67,8,1,2,81,0,0
22,220406,1,3,1,28,9,13,23,12,1,1,0,22,1,49,46,49046,5,2011,JTDKN3DUXB53,J,T,D,K,N,3,D,U,X,B,5,3,0,0,0,000000000,00000000000,0,0,0,1,0,0,0,0,0,0,0,60,0,0,0,12,6,2,12,0,0,0,1,22,71201,6,1,0,0,3,0,73,225,0,0,0,0,0,0,0,0,0,9,6,0,0,0,1,2,55,1,1,2,1,0,0,1,50,8,9,1,20,1,0
22,220406,2,3,1,28,9,13,23,12,1,1,0,22,1,7,24,7024,4,2011,2B3CL3CG9BH5,2,B,3,C,L,3,C,G,9,B,H,5,0,0,0,000000000,00000000000,0,0,0,1,0,0,0,0,0,0,0,0,0,0,0,6,6,2,12,0,0,0,1,22,71220,6,1,0,0,3,0,72,285,0,0,0,1,1,9,2013,2,2014,0,0,0,0,0,1,2,55,1,1,2,1,0,0,1,53,7,1,1,21,0,0
22,220406,3,3,1,28,9,13,23,12,1,1,0,22,2,20,481,20481,31,2007,1GCHC29U67E1,1,G,C,H,C,2,9,U,6,7,E,1,0,0,0,000000000,00000000000,0,0,0,1,0,0,0,0,0,0,0,55,0,0,0,11,6,2,12,0,0,0,1,22,71203,6,1,0,0,3,0,73,275,0,0,0,0,0,0,0,0,0,0,0,0,0,0,1,2,55,1,1,2,1,0,0,1,62,1,1,1,98,0,0
22,220407,1,2,1,17,9,6,36,12,6,1,0,22,1,7,482,7482,31,1996,1B7HC16X3TS5,1,B,7,H,C,1,6,X,3,T,S,5,0,0,0,000000000,00000000000,0,0,0,1,0,0,0,0,0,0,0,999,0,1,5,12,6,2,12,0,0,1,1,22,71065,6,1,0,0,3,3,73,290,0,0,0,0,0,0,0,0,0,9,38,39,0,0,1,2,98,1,1,1,1,20,3,1,66,1,9,1,86,1,0
22,220407,2,2,1,17,9,6,36,12,6,1,0,22,1,82,881,82881,66,2004,1FUJA6AV34LM,1,F,U,J,A,6,A,V,3,4,L,M,1,1,57,1235196,571235196,3,6,9,1,0,0,0,0,0,0,0,45,0,0,0,4,2,5,12,0,0,0,1,22,70639,6,1,6,9,3,0,73,250,0,0,0,0,0,0,0,0,0,0,0,0,0,0,2,2,45,1,1,1,1,0,0,1,68,1,1,1,87,0,0
22,220409,1,2,2,30,9,22,6,12,7,1,0,22,1,72,706,72706,80,1988,1HD4CAM13JY1,1,H,D,4,C,A,M,1,3,J,Y,1,0,0,0,000000000,00000000000,0,0,0,1,0,0,0,0,0,0,0,999,0,0,0,2,6,2,12,0,0,0,1,22,71111,0,0,0,0,0,0,999,999,99,99,99,99,99,99,9999,99,9999,9,99,99,99,99,6,2,45,2,1,1,1,0,0,14,11,1,9,2,49,1,1
22,220409,2,2,1,30,9,22,6,12,7,1,0,22,1,37,31,37031,4,2010,2HGFA1F58AH5,2,H,G,F,A,1,F,5,8,A,H,5,0,0,0,000000000,00000000000,0,0,0,1,0,0,0,0,0,0,0,45,0,0,0,10,6,2,12,0,0,0,1,22,71457,6,1,0,0,3,0,65,180,0,0,0,0,0,0,0,0,0,0,0,0,0,0,6,2,45,2,1,1,1,0,0,14,60,1,1,1,49,0,0
22,220410,1,1,1,24,8,20,42,35,0,1,0,22,1,19,421,19421,15,1999,1GYEK13R7XR4,1,G,Y,E,K,1,3,R,7,X,R,4,0,0,0,000000000,00000000000,0,0,0,1,0,0,0,0,0,0,0,75,0,1,5,12,6,2,42,0,0,0,1,22,70722,6,1,0,0,3,0,74,314,0,0,0,0,0,0,0,0,0,9,6,0,0,0,1,2,55,3,1,2,1,0,0,14,13,1,1,4,1,1,1
22,220411,1,1,1,1,9,16,10,32,0,1,0,22,3,20,422,20422,15,2009,1GNFC26J99R1,1,G,N,F,C,2,6,J,9,9,R,1,0,0,0,000000000,00000000000,0,0,0,1,0,0,0,0,0,0,0,65,0,0,0,12,6,2,32,0,0,0,1,22,70117,6,1,4,0,3,3,68,155,0,0,0,0,0,0,0,0,0,9,6,0,0,0,2,2,65,1,1,1,1,0,0,1,13,7,1,4,1,1,1