STATE,ST_CASE,VEH_NO,VE_FORMS,NUMOCCS,DAY,MONTH,HOUR,MINUTE,HARM_EV,MAN_COLL,UNITTYPE,HIT_RUN,REG_STAT,OWNER,MAKE,MODEL,MAK_MOD,BODY_TYP,MOD_YEAR,VIN,VIN_1,VIN_2,VIN_3,VIN_4,VIN_5,VIN_6,VIN_7,VIN_8,VIN_9,VIN_10,VIN_11,VIN_12,TOW_VEH,J_KNIFE,MCARR_I1,MCARR_I2,MCARR_ID,GVWR,V_CONFIG,CARGO_BT,HAZ_INV,HAZ_PLAC,HAZ_ID,HAZ_CNO,HAZ_REL,BUS_USE,SPEC_USE,EMER_USE,TRAV_SP,UNDERIDE,ROLLOVER,ROLINLOC,IMPACT1,DEFORMED,TOWED,M_HARM,VEH_SC1,VEH_SC2,FIRE_EXP,DR_PRES,L_STATE,DR_ZIP,L_STATUS,L_TYPE,CDL_STAT,L_ENDORS,L_COMPL,L_RESTRI,DR_HGT,DR_WGT,PREV_ACC,PREV_SUS,PREV_DWI,PREV_SPD,PREV_OTH,FIRST_MO,FIRST_YR,LAST_MO,LAST_YR,SPEEDREL,DR_SF1,DR_SF2,DR_SF3,DR_SF4,VTRAFWAY,VNUM_LAN,VSPD_LIM,VALIGN,VPROFILE,VPAVETYP,VSURCOND,VTRAFCON,VTCONT_F,P_CRASH1,P_CRASH2,P_CRASH3,PCRASH4,PCRASH5,ACC_TYPE,DEATHS,DR_DRINK
22,220452,1,1,1,25,10,2,31,46,0,1,0,22,1,55,33,55033,4,2002,KMHWF35H72A5,K,M,H,W,F,3,5,H,7,2,A,5,0,0,0,000000000,00000000000,0,0,0,1,0,0,0,0,0,0,0,999,0,0,0,11,6,2,46,0,0,0,1,22,70582,2,1,0,0,2,0,59,105,0,0,0,0,0,0,0,0,0,9,99,99,99,99,2,3,55,1,1,2,1,3,3,1,12,99,9,4,6,1,1
22,220453,1,3,2,4,10,19,40,12,1,1,0,22,4,55,35,55035,4,2014,5NPDH4AE5EH4,5,N,P,D,H,4,A,E,5,E,H,4,0,0,0,000000000,00000000000,0,0,0,1,0,0,0,0,0,0,0,999,0,0,0,12,6,2,12,0,0,0,1,22,70094,1,1,0,0,2,0,69,220,0,4,0,2,0,11,2011,6,2014,5,36,91,0,0,5,3,55,1,1,2,1,0,0,1,50,1,1,1,20,1,1
22,220453,2,3,1,4,10,19,40,12,1,1,0,22,2,37,421,37421,15,2005,5FNYF18565B0,5,F,N,Y,F,1,8,5,6,5,B,0,0,0,0,000000000,00000000000,0,0,0,1,0,0,0,0,0,0,0,0,0,0,0,6,6,2,12,0,0,0,1,22,70301,6,1,0,0,3,0,69,170,0,0,0,0,0,0,0,0,0,0,0,0,0,0,5,3,55,1,1,2,1,0,0,5,53,4,1,1,21,0,0
22,220453,3,3,4,4,10,19,40,12,1,1,0,22,1,52,47,52047,6,2014,JA4AD2A36EZ0,J,A,4,A,D,2,A,3,6,E,Z,0,0,0,0,000000000,00000000000,0,0,0,1,0,0,0,0,0,0,0,0,0,0,0,6,2,5,12,0,0,0,1,22,70301,6,1,0,0,3,0,66,207,0,0,0,1,0,10,2013,10,2013,0,0,0,0,0,5,3,55,1,1,2,1,0,0,5,53,1,1,1,98,0,0
22,220454,1,1,1,24,10,18,0,1,0,1,0,22,1,73,706,73706,80,2003,JKBVNKA163A0,J,K,B,V,N,K,A,1,6,3,A,0,0,0,0,000000000,00000000000,0,0,0,1,0,0,0,0,0,0,0,55,0,0,0,0,4,3,38,0,0,0,1,22,70449,6,1,0,0,3,0,69,240,0,0,0,0,0,0,0,0,0,9,99,99,99,99,1,2,55,2,1,2,1,0,0,1,12,99,9,4,6,1,0
22,220455,1,1,2,9,10,18,53,34,0,1,0,12,1,12,471,12471,30,2002,1FTZR45E52TA,1,F,T,Z,R,4,5,E,5,2,T,A,0,0,0,000000000,00000000000,0,0,0,1,0,0,0,0,0,0,0,75,0,1,5,12,6,2,1,0,0,0,1,12,33063,6,1,6,0,3,0,72,999,0,0,0,0,0,0,0,0,0,0,80,24,0,0,2,2,75,1,1,2,1,0,0,1,1,99,3,4,2,1,0
22,220456,1,1,4,17,10,17,51,1,0,1,0,22,1,12,401,12401,14,2003,1FMYU60E63UB,1,F,M,Y,U,6,0,E,6,3,U,B,0,0,0,000000000,00000000000,0,0,0,1,0,0,0,0,0,0,0,75,0,1,3,0,6,2,1,0,0,0,1,22,70570,6,1,0,0,3,0,68,158,0,0,0,0,0,0,0,0,0,0,80,24,6,0,2,2,75,1,1,1,1,0,0,1,1,6,4,4,7,2,0
22,220457,1,1,1,21,10,11,40,34,0,1,0,22,2,12,37,12037,4,2006,3FAFP07Z56R1,3,F,A,F,P,0,7,Z,5,6,R,1,0,0,0,000000000,00000000000,0,0,0,1,0,0,0,0,0,0,0,65,0,1,5,9,6,2,1,0,0,0,1,22,71201,6,1,0,0,3,0,69,160,0,0,0,0,2,2,2013,5,2013,9,6,24,58,0,1,2,55,3,1,2,1,40,3,14,13,6,4,4,7,1,0
22,220458,1,2,2,6,10,16,10,12,6,1,0,22,1,20,422,20422,15,2008,1GNFC16J88J2,1,G,N,F,C,1,6,J,8,8,J,2,0,0,0,000000000,00000000000,0,0,0,1,0,0,0,0,0,0,0,15,0,0,0,5,2,5,12,0,0,0,1,22,71263,6,1,0,0,3,0,78,290,0,0,0,0,0,0,0,0,0,0,38,39,0,0,2,2,50,1,1,2,1,21,3,11,15,1,1,1,68,0,0
22,220458,2,2,1,6,10,16,10,12,6,1,0,22,2,76,705,76705,80,2009,JYARJ06E39A0,J,Y,A,R,J,0,6,E,3,9,A,0,0,0,0,000000000,00000000000,0,0,0,1,0,0,0,0,0,0,0,999,0,0,0,12,6,2,12,0,0,0,1,22,71201,6,1,0,0,3,3,72,145,0,0,0,2,0,2,2013,6,2013,3,0,0,0,0,2,2,50,1,1,2,1,0,0,1,62,4,2,1,69,1,0
22,220459,1,3,1,5,10,12,0,12,1,1,0,22,1,12,481,12481,31,2000,1FTNW21F2YED,1,F,T,N,W,2,1,F,2,Y,E,D,0,0,0,000000000,00000000000,0,0,0,1,0,0,0,0,0,0,0,55,0,0,0,12,4,3,12,0,0,0,1,22,71328,6,1,6,0,3,3,74,185,0,0,0,0,0,0,0,0,0,0,6,0,0,0,1,2,55,3,1,2,1,28,3,14,52,1,1,1,28,0,0
22,220459,2,3,3,5,10,12,0,12,1,1,0,22,1,35,43,35043,4,1995,1N4AB41D8SC7,1,N,4,A,B,4,1,D,8,S,C,7,0,0,0,000000000,00000000000,0,0,0,1,0,0,0,0,0,0,0,10,0,0,0,6,6,2,12,0,0,0,1,22,71360,6,1,0,0,3,3,71,155,0,0,0,0,0,0,0,0,0,0,0,0,0,0,1,2,55,3,1,2,1,28,3,2,53,1,1,1,30,2,0
22,220459,3,3,1,5,10,12,0,12,1,1,0,22,1,12,481,12481,31,2000,2FTRX07L9YCB,2,F,T,R,X,0,7,L,9,Y,C,B,0,0,0,000000000,00000000000,0,0,0,1,0,0,0,0,0,0,0,45,0,0,0,12,4,3,12,0,0,0,1,22,71328,6,1,0,0,3,3,66,180,0,0,0,0,0,0,0,0,0,0,0,0,0,0,1,2,55,2,1,2,1,28,3,14,62,1,1,1,98,0,0
22,220460,1,1,1,17,10,17,27,35,0,1,0,22,1,37,705,37705,80,2001,JH2PC21321K2,J,H,2,P,C,2,1,3,2,1,K,2,0,0,0,000000000,00000000000,0,0,0,1,0,0,0,0,0,0,0,45,0,0,0,12,2,5,35,0,0,0,1,22,71303,6,1,0,0,3,0,71,145,0,0,0,0,0,0,0,0,0,0,6,33,85,0,1,2,45,2,1,2,1,40,3,6,54,6,1,4,8,1,1
22,220461,1,1,1,4,10,6,25,30,0,1,0,22,1,22,22,22022,4,2010,1G2ZA5E06A41,1,G,2,Z,A,5,E,0,6,A,4,1,0,0,0,000000000,00000000000,0,0,0,1,0,0,0,0,0,0,0,55,0,1,5,1,6,2,1,0,0,0,1,22,70791,6,1,0,0,3,0,69,160,0,1,0,0,0,3,2013,3,2013,9,6,0,0,0,1,2,55,1,3,2,1,0,0,1,10,99,1,4,6,1,0
22,220462,1,1,1,4,10,20,50,8,0,1,0,22,1,20,2,20002,4,2012,2G1WG5E33C11,2,G,1,W,G,5,E,3,3,C,1,1,0,0,0,000000000,00000000000,0,0,0,1,0,0,0,0,0,0,0,45,0,0,0,1,2,5,8,0,0,0,1,22,70068,6,1,0,0,3,0,74,180,0,0,0,1,0,4,2013,4,2013,0,0,0,0,0,1,2,45,1,1,2,1,0,0,1,80,1,1,1,13,0,0
22,220463,1,1,1,2,10,11,26,59,0,1,0,22,1,20,421,20421,15,2002,1GNEC13Z52R2,1,G,N,E,C,1,3,Z,5,2,R,2,0,0,0,000000000,00000000000,0,0,0,1,0,0,0,0,0,0,0,50,0,0,0,12,6,2,42,0,0,0,1,22,70512,6,1,0,0,3,3,69,200,0,0,0,0,0,0,0,0,0,0,99,99,99,99,1,2,50,3,1,2,1,40,3,14,13,1,1,4,1,1,1
22,220464,1,2,1,5,10,5,15,12,7,1,0,22,1,14,6,14006,4,1999,2MEFM74WXXX6,2,M,E,F,M,7,4,W,X,X,X,6,0,0,0,000000000,00000000000,0,0,0,1,0,0,0,0,0,0,0,998,0,0,0,1,6,2,39,0,0,0,1,22,71106,6,1,0,0,3,0,70,278,0,2,1,1,1,7,2012,12,2013,9,28,0,0,0,2,2,60,1,1,1,1,0,0,15,11,1,1,2,46,1,1
22,220464,2,2,1,5,10,5,15,12,7,1,0,22,1,7,482,7482,31,2013,1C6RR6TT5DS6,1,C,6,R,R,6,T,T,5,D,S,6,0,0,0,000000000,00000000000,0,0,0,1,0,0,0,0,0,0,0,998,0,0,0,8,6,2,12,0,0,0,1,22,71112,6,1,6,0,3,3,69,259,0,0,0,0,0,0,0,0,0,0,0,0,0,0,2,2,60,1,1,1,1,0,0,1,60,1,1,1,45,0,0
22,220465,1,1,1,6,10,5,5,8,0,1,1,22,2,41,37,41037,4,1994,1YVGE22D7R51,1,Y,V,G,E,2,2,D,7,R,5,1,0,0,0,000000000,00000000000,0,0,0,1,0,0,0,0,0,0,0,998,0,0,0,1,2,3,8,0,0,0,1,22,71107,3,1,0,0,2,0,74,180,99,99,99,99,99,99,9999,99,9999,9,91,0,0,0,1,2,50,1,1,2,1,0,0,1,13,1,1,4,13,0,0
22,220466,1,1,2,8,10,7,35,42,0,1,0,22,2,49,40,49040,4,2000,JT2BG22K5Y04,J,T,2,B,G,2,2,K,5,Y,0,4,0,0,0,000000000,00000000000,0,0,0,1,0,0,0,0,0,0,0,55,0,1,5,11,6,2,3,0,0,0,1,22,70359,9,9,99,9,9,9,999,999,99,99,99,99,99,99,9999,99,9999,9,28,0,0,0,1,2,55,3,1,2,1,0,0,14,13,1,1,4,1,2,0
22,220467,1,2,1,8,10,20,25,12,1,1,0,22,2,35,39,35039,4,2002,JN1DA31D12T4,J,N,1,D,A,3,1,D,1,2,T,4,0,0,0,000000000,00000000000,0,0,0,1,0,0,0,0,0,0,0,70,1,0,0,12,6,2,12,0,0,0,1,22,70445,6,1,0,0,3,0,70,185,0,1,0,1,0,5,2013,12,2013,9,6,0,0,0,3,2,60,1,1,2,1,0,0,1,52,1,1,1,28,1,0
22,220467,2,2,1,8,10,20,25,12,1,1,0,12,1,87,881,87881,66,2002,1XP7DB9X52D5,1,X,P,7,D,B,9,X,5,2,D,5,1,1,57,2026623,572026623,3,6,1,1,0,0,0,0,0,0,0,15,0,0,0,6,6,2,12,0,0,0,1,12,33014,6,1,6,9,3,0,67,999,0,0,0,0,2,3,2013,9,2013,0,0,0,0,0,3,2,60,1,1,2,1,0,0,2,53,1,1,1,29,0,0
22,220468,1,2,1,8,10,20,50,12,2,1,0,22,2,12,481,12481,31,2005,1FTSW21P45EC,1,F,T,S,W,2,1,P,4,5,E,C,0,0,0,000000000,00000000000,0,0,0,1,0,0,0,0,0,0,0,55,7,0,0,12,6,2,12,0,0,0,1,22,70431,6,1,4,0,3,0,71,215,0,0,0,0,0,0,0,0,0,9,28,91,0,0,1,2,55,1,1,2,1,0,0,1,10,1,1,2,50,0,0
22,220468,2,2,3,8,10,20,50,12,2,1,0,22,1,7,482,7482,31,1997,1B7HC16X7VS2,1,B,7,H,C,1,6,X,7,V,S,2,0,0,0,000000000,00000000000,0,0,0,1,0,0,0,0,0,0,0,55,0,0,0,12,6,2,12,0,0,0,1,22,70438,0,0,0,0,0,0,73,290,99,99,99,99,99,99,9999,99,9999,0,0,0,0,0,1,2,55,1,1,2,1,0,0,1,62,7,1,1,51,1,0
22,220469,1,1,3,16,10,16,1,8,0,1,0,22,2,6,441,6441,20,2001,2C4GP44361R2,2,C,4,G,P,4,4,3,6,1,R,2,0,0,0,000000000,00000000000,0,0,0,1,0,0,0,0,0,0,0,999,0,0,0,12,2,5,8,0,0,0,1,22,70438,0,0,0,0,0,0,999,999,0,0,0,0,0,0,0,0,0,9,0,0,0,0,1,2,30,1,1,2,1,0,0,1,81,1,1,1,13,0,0
22,220470,1,1,1,24,10,19,50,34,0,1,0,22,1,12,401,12401,14,2000,1FMZU63E1YZB,1,F,M,Z,U,6,3,E,1,Y,Z,B,0,0,0,000000000,00000000000,0,0,0,1,0,0,0,0,0,0,0,55,0,1,5,1,6,2,43,0,0,0,1,22,70570,1,1,0,0,2,0,67,160,1,1,1,0,1,11,2012,7,2014,9,99,99,99,99,1,2,55,1,1,2,1,0,0,1,12,99,3,4,6,1,1
22,220471,1,1,2,26,10,1,20,42,0,1,0,22,1,20,4,20004,1,2008,1G1YY36W1851,1,G,1,Y,Y,3,6,W,1,8,5,1,0,0,0,000000000,00000000000,0,0,0,1,0,0,0,0,0,0,0,138,0,0,0,9,6,2,42,0,0,0,1,22,70339,6,1,0,0,3,0,69,180,0,0,0,1,0,10,2014,10,2014,3,99,99,99,99,1,2,45,2,1,1,1,0,0,14,12,99,3,4,6,2,1
22,220472,1,2,3,26,10,17,7,12,2,1,0,22,2,37,31,37031,2,2014,2HGFG3B52EH5,2,H,G,F,G,3,B,5,2,E,H,5,0,0,0,000000000,00000000000,0,0,0,1,0,0,0,0,0,0,0,50,0,0,0,12,6,2,12,0,0,0,1,22,70359,6,1,0,0,3,0,63,125,0,0,0,0,0,0,0,0,0,0,28,0,0,0,1,5,50,1,1,2,1,0,0,1,10,1,1,2,50,2,0
22,220472,2,2,1,26,10,17,7,12,2,1,0,26,2,35,47,35047,2,2008,1N4AL24E78C1,1,N,4,A,L,2,4,E,7,8,C,1,0,0,0,000000000,00000000000,0,0,0,1,0,0,0,0,0,0,0,50,0,0,0,12,6,2,12,0,0,0,1,26,48750,6,1,0,0,3,3,70,180,0,0,0,0,0,0,0,0,0,0,0,0,0,0,1,5,50,1,1,2,1,0,0,1,62,7,1,1,51,0,0
22,220473,1,1,1,19,10,5,18,31,0,1,0,22,1,35,39,35039,4,1993,JN1HJ01F1PT1,J,N,1,H,J,0,1,F,1,P,T,1,0,0,0,000000000,00000000000,0,0,0,1,0,0,0,0,0,0,0,998,0,0,0,11,2,3,31,0,0,0,1,22,70122,6,1,0,0,3,0,70,175,0,0,0,0,0,0,0,0,0,9,99,99,99,99,4,1,0,1,1,2,1,0,0,1,12,1,1,4,6,0,1
22,220474,1,1,1,30,10,7,26,8,0,1,1,48,1,12,481,12481,31,2007,1FTRW12W47KD,1,F,T,R,W,1,2,W,4,7,K,D,0,0,0,000000000,00000000000,0,0,0,1,0,0,0,0,0,0,0,50,0,0,0,12,6,2,40,0,0,0,1,22,70517,6,1,0,0,3,0,73,310,0,0,0,1,1,8,2012,8,2012,3,91,6,86,0,1,2,25,1,1,2,1,0,0,1,80,1,1,1,13,0,0
22,220475,1,2,1,3,10,2,33,12,6,1,0,22,1,54,421,54421,15,2004,2HNYD18744H5,2,H,N,Y,D,1,8,7,4,4,H,5,0,0,0,000000000,00000000000,0,0,0,1,0,0,0,0,0,0,0,999,0,0,0,12,6,2,12,0,0,0,1,22,70117,3,1,0,0,2,0,64,125,0,1,0,0,0,1,2012,1,2012,9,50,91,0,0,4,1,25,1,1,2,1,98,9,1,17,1,1,1,88,0,0
22,220475,2,2,1,3,10,2,33,12,6,1,0,22,3,85,881,85881,66,2012,1XKDD49X8CJ3,1,X,K,D,D,4,9,X,8,C,J,3,1,1,77,777777777,77777777777,3,6,2,1,0,0,0,0,0,0,0,999,0,0,0,9,6,2,2,0,0,1,1,22,70005,6,1,6,9,3,9,72,200,0,0,0,0,0,0,0,0,0,9,0,0,0,0,2,2,30,1,1,2,1,0,0,1,66,1,1,1,89,1,1
22,220476,1,1,2,26,10,0,43,30,0,1,0,53,1,37,31,37031,2,2002,1HGEM21992L0,1,H,G,E,M,2,1,9,9,2,L,0,0,0,0,000000000,00000000000,0,0,0,1,0,0,0,0,0,0,0,999,0,0,0,82,6,2,30,0,0,0,1,53,70006,6,1,0,0,3,0,70,175,0,0,0,2,1,8,2012,4,2014,9,91,0,0,0,1,2,99,1,1,2,1,0,0,1,13,1,1,4,1,1,1
22,220477,1,1,1,28,10,20,55,32,0,1,0,22,1,12,16,12016,4,1991,2FACP74F9MX1,2,F,A,C,P,7,4,F,9,M,X,1,0,0,0,000000000,00000000000,0,0,0,1,0,0,0,0,0,0,0,55,0,1,5,12,6,2,32,0,0,0,1,22,70455,6,1,0,0,3,0,72,180,0,0,0,0,0,0,0,0,0,9,6,0,0,0,1,2,55,1,1,2,1,0,0,1,13,1,1,4,1,1,1
22,220478,1,1,1,8,10,8,56,8,0,1,0,22,1,12,481,12481,31,2004,1FTPX14544NB,1,F,T,P,X,1,4,5,4,4,N,B,0,0,0,000000000,00000000000,0,0,0,1,0,0,0,0,0,0,0,5,0,0,0,14,0,5,8,0,0,0,1,22,70065,0,0,0,0,0,0,999,999,0,0,0,0,0,0,0,0,0,0,0,0,0,0,1,2,20,1,1,1,1,0,0,98,80,1,1,1,13,0,0
22,220479,1,1,1,27,10,12,45,34,0,1,0,22,1,20,2,20002,4,2008,2G1WB58K7892,2,G,1,W,B,5,8,K,7,8,9,2,0,0,0,000000000,00000000000,0,0,0,1,0,0,0,0,0,0,0,55,0,1,5,12,6,2,1,0,0,0,1,22,71232,6,1,0,0,3,3,67,235,0,0,0,0,1,8,2014,8,2014,0,6,58,24,0,1,2,55,1,1,2,1,0,0,1,11,6,4,4,7,1,1
22,220480,1,1,1,23,10,19,57,1,0,1,0,22,2,7,29,7029,4,2013,1C3CDFBH9DD1,1,C,3,C,D,F,B,H,9,D,D,1,0,0,0,000000000,00000000000,0,0,0,1,0,0,0,0,0,0,0,999,0,1,3,0,6,2,1,0,0,0,1,22,71107,6,1,0,0,3,0,76,190,0,0,0,0,0,0,0,0,0,9,80,0,0,0,2,2,70,1,1,1,1,0,0,1,1,99,9,4,7,1,1
22,220481,1,1,3,29,10,21,0,5,0,1,0,22,2,49,401,49401,14,1999,JT3GN87R8X01,J,T,3,G,N,8,7,R,8,X,0,1,0,0,0,000000000,00000000000,0,0,0,1,0,0,0,0,0,0,0,30,0,0,0,0,0,5,5,0,0,0,1,22,70611,0,0,0,0,0,0,67,160,0,0,0,0,0,0,0,0,0,9,52,21,0,0,1,2,25,3,1,2,2,28,3,14,98,1,1,1,0,1,0
22,220482,1,1,1,2,8,15,34,15,0,1,0,22,1,49,40,49040,4,1995,JT2SK12E3S03,J,T,2,S,K,1,2,E,3,S,0,3,0,0,0,000000000,00000000000,0,0,0,1,0,0,0,0,0,0,0,40,0,0,0,1,2,5,15,0,0,0,1,22,70001,6,1,0,0,3,3,72,220,0,0,0,0,0,0,0,0,0,0,0,0,0,0,2,2,45,1,1,2,1,2,3,1,83,3,1,1,13,0,0
22,220483,1,2,1,27,10,11,41,12,6,1,0,22,1,49,442,49442,20,1999,4T3ZF19C5XU1,4,T,3,Z,F,1,9,C,5,X,U,1,0,0,0,000000000,00000000000,0,0,0,1,0,0,0,0,0,0,0,999,0,0,0,81,4,3,12,0,0,0,1,22,70070,6,1,0,0,3,0,63,195,0,0,0,0,1,2,2012,2,2012,0,39,0,0,0,3,2,35,1,1,1,1,3,3,11,15,1,1,1,76,0,0
22,220483,2,2,1,27,10,11,41,12,6,1,0,22,3,85,884,85884,63,2000,3BKDLB0X6YF8,3,B,K,D,L,B,0,X,6,Y,F,8,0,0,88,888888888,88888888888,3,2,97,1,0,0,0,0,0,0,0,998,0,1,1,1,4,3,8,0,0,0,1,22,70127,6,1,6,0,3,3,71,163,0,0,0,0,0,0,0,0,0,0,0,0,0,0,3,2,35,1,1,1,1,3,3,1,65,1,1,1,77,0,0
22,220484,1,1,1,3,11,15,24,45,0,1,0,22,3,86,898,86898,63,2010,1M2AV02C4AM0,1,M,2,A,V,0,2,C,4,A,M,0,0,0,57,962089,57962089,3,2,7,1,0,0,0,0,0,0,0,61,8,1,1,12,6,2,45,0,0,0,1,22,70058,6,1,6,0,3,3,71,211,0,0,0,0,0,0,0,0,0,0,36,41,58,91,3,2,65,1,1,2,1,40,3,1,50,1,1,1,98,0,0
22,220485,1,1,1,5,11,2,24,46,0,1,0,22,1,37,32,37032,4,1998,1HGCG5657WA0,1,H,G,C,G,5,6,5,7,W,A,0,0,0,0,000000000,00000000000,0,0,0,1,0,0,0,0,0,0,0,999,0,0,0,11,6,2,46,0,0,0,1,22,70583,6,1,0,0,3,3,73,175,0,0,0,0,0,0,0,0,0,3,6,0,0,0,1,2,45,3,1,2,1,3,3,14,12,1,1,4,6,1,0
22,220486,1,1,1,28,11,22,56,8,0,1,0,22,1,20,2,20002,4,1984,2G1AN69HXE91,2,G,1,A,N,6,9,H,X,E,9,1,0,0,0,000000000,00000000000,0,0,0,1,0,0,0,0,0,0,0,999,0,0,0,1,2,3,8,0,0,0,1,22,70506,6,1,0,0,3,3,73,155,0,0,0,0,1,7,2013,7,2013,9,0,0,0,0,1,2,45,1,1,2,1,0,0,1,80,1,1,1,13,0,1
22,220487,1,2,1,9,11,14,52,1,0,1,0,22,1,73,705,73705,80,2003,JKBZXJB123A0,J,K,B,Z,X,J,B,1,2,3,A,0,0,0,0,000000000,00000000000,0,0,0,1,0,0,0,0,0,0,0,998,0,0,0,0,6,2,12,0,0,0,1,22,70791,1,1,0,0,2,0,73,145,0,1,1,1,1,5,2012,6,2014,9,6,0,0,0,1,2,35,1,1,2,1,0,0,1,56,3,3,3,98,1,0
22,220487,2,2,1,9,11,14,52,1,0,1,0,22,3,82,870,82870,61,2006,4UZAANCP76CX,4,U,Z,A,A,N,C,P,7,6,C,X,0,0,57,21800,5721800,2,1,1,1,0,0,0,0,0,0,0,998,0,0,0,6,2,3,12,0,0,0,1,22,70791,6,1,6,0,3,3,72,165,0,0,0,0,0,0,0,0,0,0,0,0,0,0,1,2,35,1,1,2,1,0,0,13,53,1,1,1,98,0,0
22,220488,1,1,1,13,11,1,10,34,0,1,0,22,1,59,35,59035,4,2002,JTHBD1926200,J,T,H,B,D,1,9,2,6,2,0,0,0,0,0,000000000,00000000000,0,0,0,1,0,0,0,0,0,0,0,70,0,1,5,82,6,2,1,0,0,1,1,22,70461,6,1,0,0,3,3,73,200,0,0,0,0,0,0,0,0,0,3,0,0,0,0,1,2,40,1,4,2,1,0,0,1,6,1,5,4,7,1,1
22,220489,1,2,2,13,11,12,13,12,6,1,0,22,1,20,39,20039,4,2009,KL1TD56EX9B3,K,L,1,T,D,5,6,E,X,9,B,3,0,0,0,000000000,00000000000,0,0,0,1,0,0,0,0,0,0,0,15,0,0,0,3,6,2,12,0,0,0,1,22,70357,6,1,0,0,3,3,67,152,0,0,0,0,0,0,0,0,0,0,38,0,0,0,1,2,15,1,1,2,2,20,3,1,17,1,1,1,87,2,0
22,220489,2,2,1,13,11,12,13,12,6,1,0,48,3,51,884,51884,66,2004,4V4NC9TG44N3,4,V,4,N,C,9,T,G,4,4,N,3,1,1,57,286600,57286600,3,6,3,1,0,0,0,0,0,0,0,50,0,0,0,12,6,2,12,0,0,0,1,48,77047,6,1,6,0,3,0,999,999,0,0,0,0,0,0,0,0,0,0,0,0,0,0,2,2,50,1,1,2,2,0,0,1,66,3,9,1,86,0,0
22,220490,1,1,1,14,11,19,50,8,0,1,0,22,3,98,498,98498,40,2012,5B4KFD2D8C34,5,B,4,K,F,D,2,D,8,C,3,4,0,0,57,021800,57021800,2,1,97,1,0,0,0,0,0,0,0,70,0,0,0,11,4,5,8,0,0,0,1,22,70570,6,1,0,0,3,3,73,240,0,0,0,0,0,0,0,0,0,0,0,0,0,0,2,2,70,1,1,1,1,0,0,1,80,3,2,1,13,0,0
22,220491,1,1,2,20,11,13,23,8,0,1,0,22,2,6,421,6421,15,2008,1A8HX58228F1,1,A,8,H,X,5,8,2,2,8,F,1,0,0,0,000000000,00000000000,0,0,0,1,0,0,0,0,0,0,0,998,0,0,0,12,2,5,8,0,0,0,1,22,70563,6,1,0,0,3,3,71,280,0,0,0,0,1,5,2013,5,2013,0,0,0,0,0,1,2,35,1,1,2,1,0,0,1,80,1,1,1,13,0,0
22,220492,1,2,1,19,11,19,30,12,6,1,0,22,1,53,706,53706,80,2005,JS1GT76A5521,J,S,1,G,T,7,6,A,5,5,2,1,0,0,0,000000000,00000000000,0,0,0,1,0,0,0,0,0,0,0,999,0,0,0,12,6,2,12,99,99,0,1,22,70663,1,1,0,0,2,0,67,175,0,1,0,1,0,10,2012,9,2013,3,38,39,0,0,2,3,40,1,1,1,1,3,3,1,17,1,1,3,69,1,0
22,220492,2,2,1,19,11,19,30,12,6,1,0,22,1,49,401,49401,14,2008,JTEZU17R8801,J,T,E,Z,U,1,7,R,8,8,0,1,0,0,0,000000000,00000000000,0,0,0,1,0,0,0,0,0,0,0,999,0,0,0,3,6,2,12,0,0,0,1,22,70648,6,1,0,0,3,0,58,115,0,0,0,0,0,0,0,0,0,0,0,0,0,0,5,6,40,1,1,1,1,3,3,11,66,1,1,1,68,0,0
22,220493,1,2,4,22,11,22,48,12,2,1,0,22,2,12,37,12037,4,2007,1FAHP34N37W1,1,F,A,H,P,3,4,N,3,7,W,1,0,0,0,000000000,00000000000,0,0,0,1,0,0,0,0,0,0,0,999,0,0,0,12,6,2,12,0,0,0,1,22,70601,0,0,0,0,0,0,65,143,99,99,99,99,99,99,9999,99,9999,9,6,28,0,0,1,2,40,1,1,1,2,0,0,17,54,1,1,1,52,1,0
22,220493,2,2,3,22,11,22,48,12,2,1,0,22,1,20,25,20025,4,2014,1G1PA5SH7E73,1,G,1,P,A,5,S,H,7,E,7,3,0,0,0,000000000,00000000000,0,0,0,1,0,0,0,0,0,0,0,999,0,0,0,12,6,2,12,0,0,0,1,22,70601,6,1,0,0,3,0,66,160,0,0,0,0,0,0,0,0,0,0,0,0,0,0,1,2,40,1,1,1,2,0,0,1,62,1,1,1,52,0,0
22,220494,1,1,1,30,11,17,25,8,0,1,1,99,9,23,499,23499,48,9999,999999999999,9,9,9,9,9,9,9,9,9,9,9,9,0,0,0,000000000,00000000000,0,0,0,1,0,0,0,0,0,0,0,998,0,0,0,98,9,5,8,0,0,0,1,99,99999,9,9,99,9,9,9,999,999,99,99,99,99,99,99,9999,99,9999,9,99,99,99,99,4,2,30,1,1,2,1,97,8,1,80,99,1,1,13,0,0
22,220495,1,2,4,23,11,17,30,12,1,1,0,28,1,7,43,7043,4,2003,1B3EL46X73N5,1,B,3,E,L,4,6,X,7,3,N,5,0,0,0,000000000,00000000000,0,0,0,1,0,0,0,0,0,0,0,999,0,0,0,12,6,2,12,0,0,0,1,28,39483,6,1,0,0,3,0,66,200,98,1,0,1,0,3,2013,3,2013,4,26,0,0,0,2,2,55,1,1,2,1,0,0,1,52,1,1,1,28,1,0