STATE,ST_CASE,VEH_NO,VE_FORMS,NUMOCCS,DAY,MONTH,HOUR,MINUTE,HARM_EV,MAN_COLL,UNITTYPE,HIT_RUN,REG_STAT,OWNER,MAKE,MODEL,MAK_MOD,BODY_TYP,MOD_YEAR,VIN,VIN_1,VIN_2,VIN_3,VIN_4,VIN_5,VIN_6,VIN_7,VIN_8,VIN_9,VIN_10,VIN_11,VIN_12,TOW_VEH,J_KNIFE,MCARR_I1,MCARR_I2,MCARR_ID,GVWR,V_CONFIG,CARGO_BT,HAZ_INV,HAZ_PLAC,HAZ_ID,HAZ_CNO,HAZ_REL,BUS_USE,SPEC_USE,EMER_USE,TRAV_SP,UNDERIDE,ROLLOVER,ROLINLOC,IMPACT1,DEFORMED,TOWED,M_HARM,VEH_SC1,VEH_SC2,FIRE_EXP,DR_PRES,L_STATE,DR_ZIP,L_STATUS,L_TYPE,CDL_STAT,L_ENDORS,L_COMPL,L_RESTRI,DR_HGT,DR_WGT,PREV_ACC,PREV_SUS,PREV_DWI,PREV_SPD,PREV_OTH,FIRST_MO,FIRST_YR,LAST_MO,LAST_YR,SPEEDREL,DR_SF1,DR_SF2,DR_SF3,DR_SF4,VTRAFWAY,VNUM_LAN,VSPD_LIM,VALIGN,VPROFILE,VPAVETYP,VSURCOND,VTRAFCON,VTCONT_F,P_CRASH1,P_CRASH2,P_CRASH3,PCRASH4,PCRASH5,ACC_TYPE,DEATHS,DR_DRINK
22,220537,1,1,1,2,11,21,24,1,0,1,0,22,1,72,706,72706,82,2007,1HD1GV4177K3,1,H,D,1,G,V,4,1,7,7,K,3,0,0,0,000000000,00000000000,0,0,0,1,0,0,0,0,0,0,0,49,0,1,2,0,6,2,23,0,0,0,1,22,71446,6,1,0,0,3,0,73,234,0,0,0,0,0,0,0,0,0,0,6,0,0,0,1,2,35,2,2,2,1,0,0,14,10,4,5,4,7,1,1
22,220538,1,1,2,22,11,23,30,1,0,1,0,22,2,20,481,20481,31,2001,2GCEK19T3112,2,G,C,E,K,1,9,T,3,1,1,2,0,0,0,000000000,00000000000,0,0,0,1,0,0,0,0,0,0,0,61,0,1,5,0,6,2,42,0,0,0,1,22,71251,0,0,0,0,0,0,999,999,0,0,0,0,0,0,0,0,0,3,6,0,0,0,1,2,35,1,1,2,1,0,0,1,13,7,3,4,2,1,1
22,220539,1,2,1,26,7,1,34,8,0,1,0,22,1,49,404,49404,14,2009,JTEZU11F69K0,J,T,E,Z,U,1,1,F,6,9,K,0,0,0,0,000000000,00000000000,0,0,0,1,0,0,0,0,0,0,0,998,0,0,0,12,6,2,12,0,0,0,1,22,70726,6,1,0,0,3,0,67,170,0,0,0,1,1,3,2012,11,2012,9,99,99,99,99,3,3,60,1,2,1,1,0,0,1,50,1,1,9,13,0,1
22,220539,2,2,1,26,7,1,34,8,0,1,0,22,1,42,42,42042,4,2008,WDDGF54X98F0,W,D,D,G,F,5,4,X,9,8,F,0,0,0,0,000000000,00000000000,0,0,0,1,0,0,0,0,0,0,0,0,0,0,0,6,6,2,12,33,0,0,1,48,77049,6,1,0,0,3,0,999,999,0,0,0,0,0,0,0,0,0,0,99,99,99,99,3,3,60,1,2,1,1,0,0,5,53,1,1,1,98,0,0
22,220540,1,1,2,27,7,23,15,8,0,1,1,0,0,37,734,37734,90,2003,478TE2309343,4,7,8,T,E,2,3,0,9,3,4,3,0,0,0,000000000,00000000000,0,0,0,1,0,0,0,0,0,0,0,50,0,0,0,99,9,3,8,0,0,0,1,99,99999,9,9,99,0,9,9,999,999,99,99,99,99,99,99,9999,99,9999,2,36,18,0,0,2,2,35,1,1,2,1,0,0,1,11,1,9,4,13,0,0
22,220541,1,1,1,23,11,10,0,25,0,1,0,22,1,49,401,49401,14,1999,JT3GN86R5X01,J,T,3,G,N,8,6,R,5,X,0,1,0,0,0,000000000,00000000000,0,0,0,1,0,0,0,0,0,0,0,70,0,1,2,82,6,2,25,0,0,0,1,22,70435,0,0,0,0,0,0,999,999,99,99,99,99,99,99,9999,99,9999,9,6,0,0,0,3,2,65,1,2,1,2,0,0,1,13,7,9,4,2,1,0
22,220542,1,1,1,2,11,10,9,32,0,1,0,22,2,35,49,35049,6,2005,JN8AZ08T65W3,J,N,8,A,Z,0,8,T,6,5,W,3,0,0,0,000000000,00000000000,0,0,0,1,0,0,0,0,0,0,0,999,0,0,0,12,6,2,34,0,0,0,1,22,70570,6,1,0,0,3,3,63,200,0,0,0,0,0,0,0,0,0,9,99,99,99,99,1,2,35,2,1,2,1,0,0,14,10,1,1,4,6,1,1
22,220543,1,1,1,27,11,12,50,42,0,1,0,22,2,14,6,14006,4,2006,2MEFM74W26X6,2,M,E,F,M,7,4,W,2,6,X,6,0,0,0,000000000,00000000000,0,0,0,1,0,0,0,0,0,0,0,70,0,0,0,11,6,2,42,0,0,0,1,22,71403,6,1,0,0,3,3,72,185,0,1,0,0,0,6,2013,6,2013,0,6,0,0,0,1,2,55,1,2,2,1,0,0,1,10,1,1,4,6,1,0
22,220544,1,2,2,18,10,12,9,12,1,1,0,22,2,12,401,12401,14,2013,1FM5K7B87DGA,1,F,M,5,K,7,B,8,7,D,G,A,0,0,0,000000000,00000000000,0,0,0,1,0,0,0,0,0,0,0,11,0,0,0,6,6,2,12,0,0,0,1,22,70808,6,1,0,0,3,0,64,130,0,0,0,0,0,0,0,0,0,0,38,0,0,0,2,2,65,1,1,2,1,0,0,2,18,1,1,1,29,1,0
22,220544,2,2,1,18,10,12,9,12,1,1,0,22,1,7,482,7482,40,2005,3D7MR48C25G7,3,D,7,M,R,4,8,C,2,5,G,7,1,1,57,1972988,571972988,2,4,3,1,0,0,0,0,0,0,0,65,0,0,0,12,6,2,12,0,0,0,1,22,70769,6,1,6,9,3,3,67,195,0,0,0,0,0,0,0,0,0,0,0,0,0,0,2,2,65,1,1,2,1,0,0,1,52,4,1,1,28,0,0
22,220545,1,1,2,30,4,18,54,42,0,1,0,22,2,12,481,12481,31,1994,1FTHX25K6RKA,1,F,T,H,X,2,5,K,6,R,K,A,0,0,0,000000000,00000000000,0,0,0,1,0,0,0,0,0,0,0,72,0,0,0,2,6,2,42,0,0,0,1,22,70427,0,0,0,0,0,0,72,245,0,0,0,0,0,0,0,0,0,3,58,0,0,0,1,2,30,1,1,2,1,0,0,1,13,6,5,4,7,2,1
22,220546,1,1,1,30,4,20,10,8,0,1,0,22,1,12,481,12481,31,2010,1FTSW2BR4AEA,1,F,T,S,W,2,B,R,4,A,E,A,0,0,0,000000000,00000000000,0,0,0,1,0,0,0,0,0,0,0,56,0,0,0,12,2,5,8,0,0,0,1,22,70560,1,1,0,0,2,0,72,225,0,1,1,1,0,12,2012,8,2013,3,0,0,0,0,1,2,35,1,1,2,1,0,0,1,80,1,1,1,13,0,1
22,220547,1,2,1,18,11,17,42,12,2,1,0,22,2,12,422,12422,15,2006,1FMPU15536LA,1,F,M,P,U,1,5,5,3,6,L,A,0,0,0,000000000,00000000000,0,0,0,1,0,0,0,0,0,0,0,999,0,0,0,12,6,2,12,0,0,0,1,22,71351,1,1,0,0,2,0,67,170,0,3,0,0,3,5,2012,12,2012,9,28,0,0,0,5,3,45,1,1,2,1,0,0,1,10,1,1,2,50,0,0
22,220547,2,2,3,18,11,17,42,12,2,1,0,22,1,20,481,20481,31,2006,2GCEC13T8611,2,G,C,E,C,1,3,T,8,6,1,1,0,0,0,000000000,00000000000,0,0,0,1,0,0,0,0,0,0,0,999,0,0,0,12,6,2,12,32,0,0,1,22,71327,6,1,0,0,3,3,70,235,0,0,0,0,0,0,0,0,0,9,0,0,0,0,5,3,45,1,1,2,1,0,0,1,62,1,1,1,51,1,1
22,220548,1,1,1,19,11,19,15,1,0,1,0,22,1,49,472,49472,30,2001,5TESN92N91Z7,5,T,E,S,N,9,2,N,9,1,Z,7,0,0,0,000000000,00000000000,0,0,0,1,0,0,0,0,0,0,0,999,0,1,3,0,6,2,1,0,0,0,1,22,70791,6,1,0,0,3,0,60,120,0,0,0,0,0,0,0,0,0,9,85,58,0,0,2,2,70,1,1,1,1,0,0,1,60,6,5,4,7,1,0
22,220549,1,1,3,21,11,20,2,35,0,1,0,22,2,35,47,35047,4,2005,1N4AL11D05N4,1,N,4,A,L,1,1,D,0,5,N,4,0,0,0,000000000,00000000000,0,0,0,1,0,0,0,0,0,0,0,45,0,1,5,82,6,2,1,0,0,0,1,22,70542,6,1,0,0,3,0,62,114,0,0,0,0,0,0,0,0,0,9,58,0,0,0,1,2,55,1,1,4,11,0,0,1,10,7,5,4,7,1,0
22,220550,1,1,2,28,11,10,2,5,0,1,0,0,0,98,998,98998,92,9999,000000000000,0,0,0,0,0,0,0,0,0,0,0,0,1,1,0,000000000,00000000000,0,0,0,1,0,0,0,0,0,0,0,998,0,0,0,0,0,5,5,0,0,0,1,22,70560,6,1,6,0,3,3,71,238,0,0,0,0,0,0,0,0,0,0,0,0,0,0,1,2,25,1,1,4,11,0,0,1,83,1,1,1,0,1,0
22,220551,1,1,1,30,11,14,10,42,0,1,0,28,2,24,1,24001,4,1999,1G8ZK5273XZ2,1,G,8,Z,K,5,2,7,3,X,Z,2,0,0,0,000000000,00000000000,0,0,0,1,0,0,0,0,0,0,0,60,0,0,0,99,6,2,42,0,0,0,1,28,39501,0,0,0,0,0,0,999,999,98,0,0,0,0,0,0,0,0,9,99,99,99,99,2,2,70,1,1,2,1,0,0,1,11,1,9,4,2,1,0
22,220552,1,1,1,30,8,7,18,42,0,1,0,22,1,20,481,20481,31,2004,2GCEC19V6413,2,G,C,E,C,1,9,V,6,4,1,3,0,0,0,000000000,00000000000,0,0,0,1,0,0,0,0,0,0,0,998,0,1,5,99,6,2,42,0,0,0,1,22,70535,6,1,0,0,3,0,68,180,0,1,0,0,0,3,2012,3,2012,9,99,99,99,99,2,2,65,1,1,2,2,0,0,1,13,1,1,4,1,1,0
22,220553,1,2,1,1,12,15,43,12,6,1,0,22,2,12,3,12003,2,2007,1ZVFT84N3753,1,Z,V,F,T,8,4,N,3,7,5,3,0,0,0,000000000,00000000000,0,0,0,1,0,0,0,0,0,0,0,999,0,0,0,4,6,2,12,0,0,0,1,22,70454,6,1,0,0,3,0,60,120,0,0,0,0,0,0,0,0,0,9,38,0,0,0,1,2,25,1,1,2,1,0,0,11,15,1,1,1,68,0,0
22,220553,2,2,1,1,12,15,43,12,6,1,0,22,1,37,706,37706,80,2008,JH2SC59038M0,J,H,2,S,C,5,9,0,3,8,M,0,0,0,0,000000000,00000000000,0,0,0,1,0,0,0,0,0,0,0,999,0,0,0,12,6,2,12,0,0,0,1,22,70454,6,1,0,0,2,0,74,220,0,0,0,0,0,0,0,0,0,3,0,0,0,0,1,2,25,1,1,2,1,0,0,1,62,1,1,1,69,1,0
22,220554,1,2,1,6,12,2,51,12,6,1,0,22,2,73,705,73705,80,2005,JKAEXVD125A0,J,K,A,E,X,V,D,1,2,5,A,0,0,0,0,000000000,00000000000,0,0,0,1,0,0,0,0,0,0,0,999,0,0,0,12,6,2,12,0,0,0,1,22,70115,6,1,0,0,2,0,69,175,0,0,0,0,0,0,0,0,0,3,0,0,0,0,2,2,35,1,1,1,1,0,0,1,66,1,1,1,88,1,1
22,220554,2,2,1,6,12,2,51,12,6,1,0,22,1,20,482,20482,31,2002,3GNEK13T62G1,3,G,N,E,K,1,3,T,6,2,G,1,0,0,0,000000000,00000000000,0,0,0,1,0,0,0,0,0,0,0,999,0,0,0,11,6,2,12,0,0,0,1,22,70053,6,1,0,0,3,0,68,165,0,3,0,0,3,1,2012,4,2014,9,0,0,0,0,2,2,25,1,1,8,1,20,3,1,17,1,1,1,89,0,0
22,220555,1,1,1,5,12,10,39,8,0,1,0,22,2,20,481,20481,31,2007,3GCEC13J77G5,3,G,C,E,C,1,3,J,7,7,G,5,0,0,0,000000000,00000000000,0,0,0,1,0,0,0,0,0,0,0,999,0,0,0,1,6,2,8,0,0,0,1,22,71047,1,1,0,0,2,0,63,105,0,3,2,0,0,10,2013,1,2014,9,99,99,99,99,1,2,45,1,1,2,1,0,0,1,82,99,9,9,13,0,0
22,220556,1,1,2,8,12,3,5,14,0,1,0,22,1,20,481,20481,31,2001,2GCEC19T7112,2,G,C,E,C,1,9,T,7,1,1,2,0,0,0,000000000,00000000000,0,0,0,1,0,0,0,0,0,0,0,999,0,1,1,12,6,2,1,0,0,0,1,22,70114,6,1,6,0,3,3,66,155,0,1,0,0,1,10,2012,6,2014,9,91,0,0,0,1,2,30,1,1,2,1,0,0,1,13,1,1,4,11,1,1
22,220557,1,2,1,8,12,14,14,12,6,1,0,22,1,14,4,14004,2,1995,1MELM62W0SH6,1,M,E,L,M,6,2,W,0,S,H,6,0,0,0,000000000,00000000000,0,0,0,1,0,0,0,0,0,0,0,999,0,0,0,99,6,2,12,0,0,0,1,22,70510,6,1,0,0,3,0,73,230,0,0,0,0,0,0,0,0,0,0,38,0,0,0,2,3,55,1,1,1,1,0,0,11,15,1,1,1,68,1,0
22,220557,2,2,1,8,12,14,14,12,6,1,0,22,2,49,40,49040,4,2000,JT2BG22K2Y04,J,T,2,B,G,2,2,K,2,Y,0,4,0,0,0,000000000,00000000000,0,0,0,1,0,0,0,0,0,0,0,999,0,0,0,99,6,2,12,0,0,0,1,22,70592,6,1,0,0,3,3,68,160,0,0,0,0,1,7,2014,7,2014,0,0,0,0,0,2,3,55,1,1,1,1,0,0,1,62,1,1,1,69,0,0
22,220558,1,1,1,8,12,20,23,8,0,1,1,99,9,99,999,99999,99,9999,999999999999,9,9,9,9,9,9,9,9,9,9,9,9,9,0,99,999999999,99999999999,9,99,0,1,0,0,0,0,0,0,0,999,0,0,0,99,9,5,8,0,0,0,1,99,99999,9,9,99,9,9,9,999,999,99,99,99,99,99,99,9999,99,9999,9,99,99,99,99,3,3,60,1,1,2,1,0,0,1,80,7,9,9,13,0,0
22,220559,1,3,2,12,12,16,12,12,6,1,0,22,3,98,881,98881,63,2007,2FZHAZCV27AX,2,F,Z,H,A,Z,C,V,2,7,A,X,0,0,88,888888888,88888888888,3,2,7,1,0,0,0,0,0,0,0,999,0,0,0,12,2,3,12,0,0,0,1,22,70126,6,1,6,0,3,3,69,165,0,0,0,0,0,0,0,0,0,9,38,0,0,0,1,2,20,1,1,1,1,20,3,1,17,1,1,1,86,0,0
22,220559,2,3,3,12,12,16,12,12,6,1,0,22,2,20,37,20037,4,2003,1G1ND52JX3M6,1,G,1,N,D,5,2,J,X,3,M,6,0,0,0,000000000,00000000000,0,0,0,1,0,0,0,0,0,0,0,999,0,0,0,3,6,2,12,0,0,0,1,28,39567,6,1,0,0,3,0,64,110,98,0,0,0,0,0,0,0,0,9,0,0,0,0,1,2,20,1,1,1,1,0,0,1,66,1,1,1,87,1,0
22,220559,3,3,1,12,12,16,12,12,6,1,0,22,3,82,881,82881,62,2015,4UZAC2E83FCG,4,U,Z,A,C,2,E,8,3,F,C,G,0,0,57,21800,5721800,2,1,1,1,0,0,0,0,0,0,0,0,0,0,0,12,2,3,12,0,0,0,1,22,70461,6,1,0,0,3,0,71,195,0,0,0,0,0,0,0,0,0,0,0,0,0,0,1,2,20,1,1,1,1,0,0,5,62,1,1,1,98,0,0
22,220560,1,2,1,18,12,20,52,12,2,1,0,40,2,35,473,35473,31,2005,1N6BA06AX5N5,1,N,6,B,A,0,6,A,X,5,N,5,0,0,0,000000000,00000000000,0,0,0,1,0,0,0,0,0,0,0,998,0,0,0,12,6,2,12,0,0,0,1,40,73117,0,0,0,0,0,0,74,240,99,99,99,99,99,99,9999,99,9999,3,6,28,37,0,2,2,45,1,1,1,1,0,0,1,54,1,1,4,52,0,0
22,220560,2,2,2,18,12,20,52,12,2,1,0,22,2,12,17,12017,4,2013,1FAHP2E80DG1,1,F,A,H,P,2,E,8,0,D,G,1,0,0,0,000000000,00000000000,0,0,0,1,0,0,0,0,0,0,0,998,0,0,0,12,6,2,12,0,0,0,1,22,71108,6,1,0,0,3,3,73,240,0,0,0,0,0,0,0,0,0,0,0,0,0,0,2,2,45,1,1,1,1,0,0,1,54,1,1,1,52,1,0
22,220561,1,2,1,21,12,13,11,33,0,1,0,22,1,20,4,20004,2,1998,1G1YY22G0W51,1,G,1,Y,Y,2,2,G,0,W,5,1,0,0,0,000000000,00000000000,0,0,0,1,0,0,0,0,0,0,0,999,1,0,0,99,6,2,2,0,0,1,1,22,70601,6,1,0,0,3,0,75,224,0,0,0,0,0,0,0,0,0,9,6,38,0,0,2,2,60,4,1,1,1,21,3,16,10,1,1,4,6,1,0
22,220561,2,2,2,21,12,13,11,33,0,1,0,18,3,82,881,82881,66,2010,1FUJA6DR8ADA,1,F,U,J,A,6,D,R,8,A,D,A,1,3,57,53773,5753773,3,6,1,1,0,0,0,0,0,0,0,999,0,0,0,5,4,5,12,0,0,1,1,48,75755,6,1,6,0,3,3,999,999,0,0,0,0,0,0,0,0,0,0,0,0,0,0,2,2,60,4,1,1,1,0,0,14,74,1,1,1,98,0,0
22,220562,1,3,2,21,12,21,23,12,98,1,0,22,6,20,421,20421,15,2001,1GNEC13T31R2,1,G,N,E,C,1,3,T,3,1,R,2,0,0,0,000000000,00000000000,0,0,0,1,0,0,0,0,0,0,0,0,0,0,0,9,6,2,12,0,0,0,0,0,99997,7,6,97,7,6,7,998,997,998,998,998,998,998,98,9998,98,9998,8,0,0,0,0,3,2,60,2,1,2,1,0,0,0,53,0,0,0,48,0,0
22,220562,2,3,1,21,12,21,23,12,98,1,0,22,1,12,481,12481,31,2001,1FTZX17211KB,1,F,T,Z,X,1,7,2,1,1,K,B,0,0,0,000000000,00000000000,0,0,0,1,0,0,0,0,0,0,0,60,0,0,0,2,6,2,12,0,0,0,1,22,70128,6,1,0,0,3,3,73,300,0,0,0,0,0,0,0,0,0,9,6,0,0,0,3,2,60,2,1,2,1,0,0,14,50,99,9,9,48,0,0
22,220562,3,3,1,21,12,21,23,12,98,1,1,28,9,12,481,12481,31,1995,1FTCR10A5SUB,1,F,T,C,R,1,0,A,5,S,U,B,0,0,0,000000000,00000000000,0,0,0,1,0,0,0,0,0,0,0,998,0,0,0,99,9,5,8,0,0,0,1,99,99999,9,9,99,0,9,9,999,999,99,99,99,99,99,99,9999,99,9999,9,99,99,99,99,3,2,60,2,1,2,1,0,0,14,80,99,9,9,98,0,0
22,220563,1,1,1,23,12,1,5,33,0,1,0,22,1,73,706,73706,80,2008,JKAZXCE178A0,J,K,A,Z,X,C,E,1,7,8,A,0,0,0,0,000000000,00000000000,0,0,0,1,0,0,0,0,0,0,0,998,0,0,0,99,6,2,1,0,0,0,1,22,70816,6,1,0,0,3,0,70,200,0,0,0,0,0,0,0,0,0,3,99,99,99,99,2,2,40,3,1,1,1,0,0,14,13,1,1,4,1,1,0
22,220564,1,1,1,24,12,5,10,8,0,1,0,22,1,2,404,2404,14,2005,1J4GR48K35C7,1,J,4,G,R,4,8,K,3,5,C,7,0,0,0,000000000,00000000000,0,0,0,1,0,0,0,0,0,0,0,55,0,0,0,12,6,2,8,0,0,0,1,22,71006,6,1,0,0,3,0,69,250,0,0,0,0,0,0,0,0,0,9,0,0,0,0,1,3,45,1,1,1,1,3,3,1,80,1,1,1,13,0,0
22,220565,1,3,1,26,12,18,54,12,1,1,0,22,2,12,402,12402,14,2010,1FMCU0D78AKD,1,F,M,C,U,0,D,7,8,A,K,D,0,0,0,000000000,00000000000,0,0,0,1,0,0,0,0,0,0,0,61,0,0,0,12,6,2,12,0,0,0,1,48,75604,6,1,0,0,3,3,999,999,0,0,0,0,0,0,0,0,0,9,6,0,0,0,2,2,55,1,1,2,2,0,0,1,50,1,1,1,20,0,0
22,220565,2,3,1,26,12,18,54,12,1,1,0,22,1,22,32,22032,6,2006,5Y2SL65866Z4,5,Y,2,S,L,6,5,8,6,6,Z,4,0,0,0,000000000,00000000000,0,0,0,1,0,0,0,0,0,0,0,0,0,0,0,6,6,2,12,0,0,0,1,22,70729,6,1,0,0,3,3,62,120,0,0,0,0,0,0,0,0,0,0,0,0,0,0,2,2,55,1,1,2,2,0,0,5,53,1,1,1,21,1,0
22,220565,3,3,1,26,12,18,54,12,1,1,0,22,1,20,421,20421,15,2009,1GNFC13C59R2,1,G,N,F,C,1,3,C,5,9,R,2,0,0,0,000000000,00000000000,0,0,0,1,0,0,0,0,0,0,0,55,0,0,0,12,6,2,12,0,0,0,1,22,70757,6,1,0,0,3,0,66,126,0,0,0,0,0,0,0,0,0,0,0,0,0,0,2,2,55,1,1,2,2,0,0,1,62,1,1,1,98,0,0
22,220566,1,1,1,27,12,0,5,30,0,1,0,22,1,6,54,6054,6,2005,2C4GM48L35R3,2,C,4,G,M,4,8,L,3,5,R,3,0,0,0,000000000,00000000000,0,0,0,1,0,0,0,0,0,0,0,999,0,1,5,3,6,2,30,0,0,0,1,22,70815,6,1,0,0,3,0,59,140,0,0,0,0,0,0,0,0,0,9,99,99,99,99,1,2,45,1,1,2,2,0,0,1,13,99,9,4,5,1,1
22,220567,1,1,1,28,12,9,17,43,0,1,0,22,1,7,403,7403,14,2007,1D8GT58607W6,1,D,8,G,T,5,8,6,0,7,W,6,0,0,0,000000000,00000000000,0,0,0,1,0,0,0,0,0,0,0,999,0,0,0,14,6,2,42,0,0,0,1,22,70501,6,1,0,0,3,0,67,280,0,0,0,0,0,0,0,0,0,0,99,99,99,99,1,2,40,1,1,2,1,0,0,1,10,1,1,4,6,1,0
22,220569,1,1,1,3,12,8,20,42,0,1,0,22,1,49,482,49482,31,2001,5TBRN34131S1,5,T,B,R,N,3,4,1,3,1,S,1,0,0,0,000000000,00000000000,0,0,0,1,0,0,0,0,0,0,0,45,0,0,0,11,6,2,42,0,0,0,1,22,70775,6,1,6,0,3,0,72,245,0,0,0,0,0,0,0,0,0,9,6,0,0,0,1,2,35,1,1,2,1,0,0,1,10,1,1,4,6,1,0
22,220570,1,1,1,28,7,16,47,8,0,1,1,99,9,99,999,99999,99,9999,999999999999,9,9,9,9,9,9,9,9,9,9,9,9,0,0,0,000000000,00000000000,0,0,0,1,0,0,0,0,0,0,0,999,0,0,0,99,9,5,8,0,0,0,1,99,99999,9,9,99,9,9,9,999,999,99,99,99,99,99,99,9999,99,9999,9,99,99,99,99,4,2,35,1,1,1,1,3,9,99,80,99,9,9,13,0,0
22,220571,1,1,1,30,9,2,55,33,0,1,0,22,1,12,481,12481,31,1994,1FTDF15Y3RNA,1,F,T,D,F,1,5,Y,3,R,N,A,0,0,0,000000000,00000000000,0,0,0,1,0,0,0,0,0,0,0,22,0,1,5,99,6,2,43,0,0,0,1,22,71112,1,1,0,0,2,0,73,175,0,5,1,0,4,10,2011,10,2012,0,99,99,99,99,2,2,55,1,1,1,1,0,0,1,13,1,1,4,1,1,0
22,220572,1,1,1,3,10,19,35,8,0,1,0,22,1,20,481,20481,31,2000,2GCEC19V1Y13,2,G,C,E,C,1,9,V,1,Y,1,3,0,0,0,000000000,00000000000,0,0,0,1,0,0,0,0,0,0,0,45,0,0,0,12,2,3,8,0,0,0,1,22,70726,6,1,0,0,3,0,68,160,0,0,0,1,0,12,2011,12,2011,0,0,0,0,0,1,2,55,1,1,2,1,0,0,1,80,1,1,1,13,0,0
22,220573,1,1,2,16,12,15,43,1,0,1,0,22,1,20,482,20482,31,2003,3GNEC13T93G1,3,G,N,E,C,1,3,T,9,3,G,1,0,0,0,000000000,00000000000,0,0,0,1,0,0,0,0,0,0,0,77,0,1,6,0,6,2,2,0,0,1,1,22,71282,3,1,0,0,2,0,68,280,0,0,0,0,0,0,0,0,0,3,99,99,99,99,1,2,45,1,1,2,1,0,0,1,6,99,4,4,7,1,0
22,220574,1,1,1,18,12,22,41,38,0,1,0,22,2,35,402,35402,14,2004,5N1ED28T14C6,5,N,1,E,D,2,8,T,1,4,C,6,0,0,0,000000000,00000000000,0,0,0,1,0,0,0,0,0,0,0,60,0,0,0,62,6,2,19,0,0,0,1,22,71232,1,1,0,0,2,3,66,168,0,1,0,2,4,6,2012,11,2014,3,6,24,0,0,1,2,25,2,3,2,2,28,3,14,99,99,9,4,5,1,0
22,220575,1,1,1,7,12,0,38,1,0,1,0,22,1,49,472,49472,30,2006,5TBRT34156S4,5,T,B,R,T,3,4,1,5,6,S,4,0,0,0,000000000,00000000000,0,0,0,1,0,0,0,0,0,0,0,999,0,1,5,0,6,2,1,0,0,0,1,22,70583,6,1,0,0,3,0,72,170,0,0,0,0,0,0,0,0,0,5,6,0,0,0,6,1,50,3,2,1,1,28,3,14,9,99,9,4,7,1,1
22,220576,1,1,1,17,12,0,10,43,0,1,0,22,2,55,35,55035,4,2007,KMHDU46D07U0,K,M,H,D,U,4,6,D,0,7,U,0,0,0,0,000000000,00000000000,0,0,0,1,0,0,0,0,0,0,0,999,0,1,5,14,6,2,30,0,0,0,1,22,70764,0,0,0,0,0,0,999,999,99,99,99,99,99,99,9999,99,9999,5,6,50,52,0,4,2,30,1,1,2,1,3,3,1,13,99,1,4,1,1,0
22,220577,1,1,1,21,12,18,54,1,0,1,0,22,2,37,706,37706,80,2006,1HFSC55036A2,1,H,F,S,C,5,5,0,3,6,A,2,0,0,0,000000000,00000000000,0,0,0,1,0,0,0,0,0,0,0,54,0,0,0,0,4,3,52,0,0,0,1,22,70583,6,1,6,0,3,0,69,145,0,0,0,1,1,2,2012,8,2013,5,99,99,99,99,1,2,40,2,1,2,1,28,3,14,6,3,2,2,98,1,1
22,220578,1,2,2,31,12,22,0,1,0,1,0,22,2,98,739,98739,90,2014,L5NAAHTJ4E10,L,5,N,A,A,H,T,J,4,E,1,0,0,0,0,000000000,00000000000,0,0,0,1,0,0,0,0,0,0,0,999,0,1,1,0,2,5,54,0,0,0,1,28,39645,2,1,0,0,2,0,60,100,98,1,0,0,0,99,9999,99,9999,0,38,18,0,0,1,2,45,1,1,2,1,0,0,1,17,9,3,1,98,1,0
22,220578,2,2,2,31,12,22,0,1,0,1,0,22,2,42,42,42042,4,2013,WDDGF4HB0DR2,W,D,D,G,F,4,H,B,0,D,R,2,0,0,0,000000000,00000000000,0,0,0,1,0,0,0,0,0,0,0,999,0,0,0,11,2,5,54,0,0,0,1,22,70068,6,1,0,0,3,3,65,125,0,0,0,1,0,6,2013,6,2013,0,0,0,0,0,2,2,45,1,1,2,1,0,0,1,66,1,1,1,98,0,0
22,220579,1,1,1,1,12,23,26,32,0,1,0,22,1,20,481,20481,31,1998,2GCEC19RXW11,2,G,C,E,C,1,9,R,X,W,1,1,0,0,0,000000000,00000000000,0,0,0,1,0,0,0,0,0,0,0,60,0,0,0,12,6,2,32,0,0,0,1,22,70373,6,1,0,0,3,3,72,200,0,0,0,2,0,7,2012,7,2012,9,99,99,99,99,1,2,45,3,1,2,1,0,0,14,13,1,1,4,1,1,1
22,220580,1,3,2,2,12,14,35,12,2,1,0,22,2,20,481,20481,31,2010,3GCRKSE36AG2,3,G,C,R,K,S,E,3,6,A,G,2,0,0,0,000000000,00000000000,0,0,0,1,0,0,0,0,0,0,0,55,0,0,0,12,6,2,12,0,0,0,1,22,71357,6,1,0,0,3,3,71,220,0,0,0,0,0,0,0,0,0,0,28,0,0,0,1,2,55,1,1,2,1,0,0,1,10,1,1,2,50,2,0
22,220580,2,3,1,2,12,14,35,12,2,1,0,22,3,86,884,86884,63,1978,R612ST2273,R,6,1,2,S,T,2,2,7,3,,,0,0,77,777777777,77777777777,3,2,4,1,0,0,0,0,0,0,0,55,0,0,0,12,6,2,12,0,0,0,1,22,71232,6,1,6,9,3,0,67,200,0,0,0,0,0,0,0,0,0,0,0,0,0,0,1,2,55,1,1,2,1,0,0,1,62,1,1,1,51,0,0