STATE,ST_CASE,VEH_NO,VE_FORMS,NUMOCCS,DAY,MONTH,HOUR,MINUTE,HARM_EV,MAN_COLL,UNITTYPE,HIT_RUN,REG_STAT,OWNER,MAKE,MODEL,MAK_MOD,BODY_TYP,MOD_YEAR,VIN,VIN_1,VIN_2,VIN_3,VIN_4,VIN_5,VIN_6,VIN_7,VIN_8,VIN_9,VIN_10,VIN_11,VIN_12,TOW_VEH,J_KNIFE,MCARR_I1,MCARR_I2,MCARR_ID,GVWR,V_CONFIG,CARGO_BT,HAZ_INV,HAZ_PLAC,HAZ_ID,HAZ_CNO,HAZ_REL,BUS_USE,SPEC_USE,EMER_USE,TRAV_SP,UNDERIDE,ROLLOVER,ROLINLOC,IMPACT1,DEFORMED,TOWED,M_HARM,VEH_SC1,VEH_SC2,FIRE_EXP,DR_PRES,L_STATE,DR_ZIP,L_STATUS,L_TYPE,CDL_STAT,L_ENDORS,L_COMPL,L_RESTRI,DR_HGT,DR_WGT,PREV_ACC,PREV_SUS,PREV_DWI,PREV_SPD,PREV_OTH,FIRST_MO,FIRST_YR,LAST_MO,LAST_YR,SPEEDREL,DR_SF1,DR_SF2,DR_SF3,DR_SF4,VTRAFWAY,VNUM_LAN,VSPD_LIM,VALIGN,VPROFILE,VPAVETYP,VSURCOND,VTRAFCON,VTCONT_F,P_CRASH1,P_CRASH2,P_CRASH3,PCRASH4,PCRASH5,ACC_TYPE,DEATHS,DR_DRINK
22,220580,3,3,1,2,12,14,35,12,2,1,0,22,3,86,881,86881,63,1988,1M2N277Y0JW0,1,M,2,N,2,7,7,Y,0,J,W,0,0,0,77,777777777,77777777777,3,2,4,1,0,0,0,0,0,0,0,55,0,0,0,11,6,2,12,0,0,0,1,22,71232,6,1,0,0,2,0,69,200,0,0,0,1,1,12,2011,2,2012,0,0,0,0,0,1,2,55,1,1,2,1,0,0,1,52,4,1,1,98,0,0
22,220581,1,2,1,2,12,17,50,12,1,1,0,22,1,73,705,73705,80,2006,JKAZX4J146A0,J,K,A,Z,X,4,J,1,4,6,A,0,0,0,0,000000000,00000000000,0,0,0,1,0,0,0,0,0,0,0,90,0,0,0,12,6,2,12,0,0,1,1,22,70555,6,1,0,0,3,0,67,190,0,1,2,1,0,12,2013,4,2014,3,0,0,0,0,1,2,55,1,1,2,1,0,0,1,65,4,1,1,24,1,0
22,220581,2,2,1,2,12,17,50,12,1,1,0,22,1,20,481,20481,40,1974,CCE614V15700,C,C,E,6,1,4,V,1,5,7,0,0,5,1,88,888888888,88888888888,3,4,97,1,0,0,0,0,0,0,0,5,0,0,0,6,2,5,12,35,0,0,1,22,70529,6,1,0,2,2,0,74,200,0,0,0,1,0,1,2013,1,2013,0,38,0,0,0,1,2,35,1,1,2,1,20,3,11,53,1,1,1,25,0,0
22,220582,1,1,2,3,12,22,40,35,0,1,0,22,2,34,35,34035,4,1995,WBAHD6324SGK,W,B,A,H,D,6,3,2,4,S,G,K,0,0,0,000000000,00000000000,0,0,0,1,0,0,0,0,0,0,0,84,0,1,5,12,6,2,1,0,0,0,1,22,71220,0,0,0,0,0,0,999,999,0,0,0,0,0,0,0,0,0,9,6,0,0,0,1,2,55,2,1,2,2,40,3,14,13,6,4,4,7,1,0
22,220583,1,2,0,6,12,6,22,12,8,1,0,48,6,35,47,35047,4,2014,1N4AL3AP1EC4,1,N,4,A,L,3,A,P,1,E,C,4,0,0,0,000000000,00000000000,0,0,0,1,0,0,0,0,0,0,0,0,0,0,0,9,6,2,12,0,0,0,0,0,99997,7,6,97,7,6,7,998,997,998,998,998,998,998,98,9998,98,9998,8,20,0,0,0,2,2,70,1,1,1,2,0,0,0,53,0,0,0,98,0,0
22,220583,2,2,1,6,12,6,22,12,8,1,0,22,3,86,881,86881,62,1996,1M2P267YXTM0,1,M,2,P,2,6,7,Y,X,T,M,0,0,0,57,958066,57958066,2,1,4,1,0,0,0,0,0,0,0,70,0,0,0,5,2,3,12,0,0,0,1,22,71220,6,1,6,1,3,0,67,180,0,0,0,1,0,12,2012,12,2012,0,0,0,0,0,2,2,70,1,1,1,2,0,0,1,50,6,4,4,98,0,0
22,220584,1,1,2,6,12,17,30,9,0,1,0,22,1,20,481,20481,31,2008,2GCEC19C5812,2,G,C,E,C,1,9,C,5,8,1,2,0,0,0,000000000,00000000000,0,0,0,1,0,0,0,0,0,0,0,55,0,0,0,12,6,2,9,0,0,0,1,22,70769,6,1,0,0,3,0,74,215,0,0,0,0,0,0,0,0,0,0,0,0,0,0,1,2,55,1,1,2,1,0,0,1,83,1,1,1,13,0,0
22,220585,1,1,1,8,12,6,0,1,0,1,0,22,1,49,472,49472,30,2000,4TASN92N3YZ6,4,T,A,S,N,9,2,N,3,Y,Z,6,0,0,0,000000000,00000000000,0,0,0,1,0,0,0,0,0,0,0,50,0,1,5,0,6,2,3,0,0,0,1,22,70364,0,0,0,0,0,0,999,999,0,0,0,0,0,0,0,0,0,0,28,58,0,0,1,2,50,3,2,1,1,0,0,14,13,6,3,4,2,1,0
22,220586,1,1,3,10,12,18,0,35,0,1,0,19,2,7,20,7020,4,2004,1B3ES56C84D5,1,B,3,E,S,5,6,C,8,4,D,5,0,0,0,000000000,00000000000,0,0,0,1,0,0,0,0,0,0,0,50,0,0,0,1,6,2,34,0,0,0,1,19,75948,1,1,0,0,2,0,63,135,0,1,0,0,0,12,2014,12,2014,9,6,91,0,0,1,2,45,3,1,2,1,0,0,14,13,1,1,4,1,1,1
22,220587,1,2,5,14,12,17,35,12,6,1,0,22,2,13,1,13001,4,2003,1LNHM82W63Y6,1,L,N,H,M,8,2,W,6,3,Y,6,0,0,0,000000000,00000000000,0,0,0,1,0,0,0,0,0,0,0,15,0,0,0,4,4,3,12,0,0,0,1,22,71351,6,1,6,0,3,3,71,210,0,0,0,0,1,6,2013,6,2013,0,38,0,0,0,1,2,55,1,1,1,1,20,3,1,17,1,1,1,87,0,0
22,220587,2,2,1,14,12,17,35,12,6,1,0,22,1,72,706,72706,80,2012,1HD1FCM16CB6,1,H,D,1,F,C,M,1,6,C,B,6,0,0,0,000000000,00000000000,0,0,0,1,0,0,0,0,0,0,0,55,0,0,0,12,6,2,12,0,0,0,1,22,71360,6,1,0,0,3,3,72,300,0,0,1,0,0,1,2012,1,2012,0,0,0,0,0,1,2,55,2,1,2,1,28,3,14,66,3,2,1,86,1,0
22,220588,1,2,1,14,12,18,23,12,2,1,0,22,2,20,2,20002,4,1993,1G1BL53E6PW1,1,G,1,B,L,5,3,E,6,P,W,1,0,0,0,000000000,00000000000,0,0,0,1,0,0,0,0,0,0,0,65,0,0,0,12,6,2,12,0,0,0,1,22,70660,6,1,0,0,3,0,68,200,0,0,0,0,0,0,0,0,0,0,36,51,24,0,2,2,65,3,1,1,1,28,3,14,54,1,1,1,52,1,1
22,220588,2,2,2,14,12,18,23,12,2,1,0,22,1,20,16,20016,4,2004,1G1JC52F0472,1,G,1,J,C,5,2,F,0,4,7,2,0,0,0,000000000,00000000000,0,0,0,1,0,0,0,0,0,0,0,65,0,0,0,12,6,2,12,0,0,0,1,22,70634,6,1,0,0,3,0,67,200,0,0,0,0,0,0,0,0,0,0,0,0,0,0,2,2,65,2,1,1,1,28,3,14,54,1,1,1,52,2,0
22,220589,1,1,1,16,12,16,6,45,0,1,0,22,1,19,24,19024,4,2014,1G6AA5RAXE01,1,G,6,A,A,5,R,A,X,E,0,1,0,0,0,000000000,00000000000,0,0,0,1,0,0,0,0,0,0,0,70,0,0,0,1,6,2,8,0,0,0,1,22,71418,6,1,0,0,3,0,68,150,0,1,1,1,1,3,2012,12,2014,0,6,41,0,0,2,2,65,2,1,2,1,40,3,14,50,8,2,1,98,0,0
22,220590,1,4,1,15,12,18,0,12,1,1,0,22,3,12,481,12481,40,2012,1FT8W3BT4CEA,1,F,T,8,W,3,B,T,4,C,E,A,0,0,88,888888888,88888888888,2,1,96,1,0,0,0,0,0,0,0,53,7,1,1,12,4,3,12,0,0,0,1,22,70592,6,1,0,0,3,0,70,185,0,0,0,1,1,2,2012,6,2012,0,26,0,0,0,1,2,55,1,1,2,1,0,0,1,52,6,1,1,28,0,0
22,220590,2,4,1,15,12,18,0,12,1,1,0,22,1,20,4,20004,1,2001,1G1YY32G1151,1,G,1,Y,Y,3,2,G,1,1,5,1,0,0,0,000000000,00000000000,0,0,0,1,0,0,0,0,0,0,0,3,0,0,0,6,6,2,12,0,0,0,1,22,70526,6,1,6,0,3,0,70,180,0,0,0,0,0,0,0,0,0,0,0,0,0,0,1,2,55,1,1,2,1,0,0,2,53,1,1,1,29,1,0
22,220590,3,4,2,15,12,18,0,12,1,1,0,22,1,35,47,35047,4,2009,1N4AL21E39N4,1,N,4,A,L,2,1,E,3,9,N,4,0,0,0,000000000,00000000000,0,0,0,1,0,0,0,0,0,0,0,0,0,0,0,6,6,2,12,0,0,0,1,22,70506,6,1,0,0,3,0,60,130,0,0,0,0,0,0,0,0,0,0,0,0,0,0,1,2,55,1,1,2,1,0,0,5,53,1,1,1,98,0,0
22,220590,4,4,1,15,12,18,0,12,1,1,0,22,2,12,37,12037,4,2004,1FAFP34324W1,1,F,A,F,P,3,4,3,2,4,W,1,0,0,0,000000000,00000000000,0,0,0,1,0,0,0,0,0,0,0,0,0,0,0,6,2,3,12,0,0,0,1,22,70529,6,1,0,0,3,0,65,120,0,0,0,0,0,0,0,0,0,0,0,0,0,0,1,2,55,1,1,2,1,0,0,5,53,1,1,1,98,0,0
22,220591,1,2,5,12,12,6,58,12,6,1,0,22,1,19,421,19421,15,2007,1GYFK638X7R4,1,G,Y,F,K,6,3,8,X,7,R,4,0,0,0,000000000,00000000000,0,0,0,1,0,0,0,0,0,0,0,0,0,1,4,83,6,2,12,0,0,0,1,22,71203,6,1,0,0,3,0,62,125,0,0,0,0,0,0,0,0,0,0,6,79,54,0,2,2,70,1,1,2,2,0,0,6,5,99,3,6,48,1,0
22,220591,2,2,1,12,12,6,58,12,6,1,0,93,3,84,884,84884,66,2004,2HSCEAPRX4C0,2,H,S,C,E,A,P,R,X,4,C,0,1,2,57,2363176,572363176,3,6,8,1,0,0,0,0,0,0,0,60,0,0,0,12,6,2,12,0,0,0,1,22,71202,6,1,6,0,3,3,72,386,0,0,0,0,0,0,0,0,0,0,79,84,0,0,2,2,70,1,1,2,2,0,0,1,50,4,2,1,48,0,0
22,220592,1,1,1,13,12,4,43,1,0,1,0,22,1,2,404,2404,14,1997,1J4FJ67S6VL5,1,J,4,F,J,6,7,S,6,V,L,5,0,0,0,000000000,00000000000,0,0,0,1,0,0,0,0,0,0,0,55,0,1,1,0,6,2,1,0,0,0,1,22,71334,6,1,0,0,3,0,76,175,0,0,0,0,0,0,0,0,0,0,6,24,0,0,1,2,55,1,1,2,1,0,0,1,13,6,3,6,98,1,1
22,220593,1,2,1,15,12,15,39,12,6,1,0,22,1,20,405,20405,14,2012,3GNAL2EK4CS5,3,G,N,A,L,2,E,K,4,C,S,5,0,0,0,000000000,00000000000,0,0,0,1,0,0,0,0,0,0,0,10,0,0,0,9,6,2,12,0,0,0,1,22,70517,6,1,0,0,3,3,72,170,0,0,0,0,0,0,0,0,0,0,38,0,0,0,1,2,30,1,1,2,1,20,3,11,15,1,1,1,82,1,0
22,220593,2,2,4,15,12,15,39,12,6,1,0,22,2,12,401,12401,14,1993,1FMDU32X3PUC,1,F,M,D,U,3,2,X,3,P,U,C,0,0,0,000000000,00000000000,0,0,0,1,0,0,0,0,0,0,0,55,0,0,0,12,6,2,12,0,0,0,1,22,70512,1,1,0,0,2,0,75,180,0,0,0,0,0,0,0,0,0,0,24,0,0,0,1,2,55,1,1,2,1,0,0,1,67,3,2,1,83,0,0
22,220594,1,2,1,13,12,21,24,12,2,1,0,22,1,20,461,20461,21,1989,1GBEG25KXK71,1,G,B,E,G,2,5,K,X,K,7,1,0,0,0,000000000,00000000000,0,0,0,1,0,0,0,0,0,0,0,75,0,0,0,12,6,2,12,0,0,0,1,22,70363,1,1,0,0,2,3,71,175,1,1,1,0,1,7,2012,6,2013,3,28,0,0,0,1,2,50,1,1,2,1,0,0,1,10,1,1,2,50,1,1
22,220594,2,2,2,13,12,21,24,12,2,1,0,22,1,23,472,23472,30,2005,1GTDS1360582,1,G,T,D,S,1,3,6,0,5,8,2,0,0,0,000000000,00000000000,0,0,0,1,0,0,0,0,0,0,0,50,0,0,0,12,6,2,12,0,0,0,1,22,70344,6,1,6,0,3,3,65,220,0,0,0,0,0,0,0,0,0,0,0,0,0,0,1,2,50,1,1,2,1,0,0,1,62,1,1,1,51,1,0
22,220595,1,1,1,16,12,9,37,35,0,1,0,22,1,49,482,49482,31,2008,5TFRT54178X0,5,T,F,R,T,5,4,1,7,8,X,0,0,0,0,000000000,00000000000,0,0,0,1,0,0,0,0,0,0,0,75,0,0,0,12,6,2,42,0,0,0,1,22,71225,6,1,0,0,3,3,69,185,0,0,0,1,0,12,2012,12,2012,9,6,0,0,0,1,2,55,3,2,2,1,40,3,14,13,99,1,4,1,1,0
22,220596,1,2,1,2,12,6,42,12,6,1,0,93,3,87,884,87884,66,2005,1XP7DB9X75D8,1,X,P,7,D,B,9,X,7,5,D,8,1,1,57,0572767,570572767,3,6,97,1,0,0,0,0,0,0,0,6,0,0,0,8,2,5,12,0,0,0,1,22,70068,6,1,6,0,3,0,66,280,0,0,0,0,0,0,0,0,0,0,38,0,0,0,0,0,0,0,0,0,0,0,0,11,15,1,1,1,82,0,0
22,220596,2,2,1,2,12,6,42,12,6,1,0,22,3,12,444,12444,20,2010,NM0LS6AN6AT0,N,M,0,L,S,6,A,N,6,A,T,0,0,0,0,000000000,00000000000,0,0,0,1,0,0,0,0,0,0,0,55,0,0,0,12,6,2,12,0,0,0,1,22,70374,6,1,0,0,3,0,69,200,0,0,0,0,0,0,0,0,0,0,23,24,0,0,1,2,55,2,1,2,1,0,0,14,72,1,1,1,83,1,0
22,220597,1,1,1,14,12,14,54,42,0,1,0,22,2,20,481,20481,31,2001,2GCEC19T0111,2,G,C,E,C,1,9,T,0,1,1,1,0,0,0,000000000,00000000000,0,0,0,1,0,0,0,0,0,0,0,75,0,0,0,12,6,2,42,0,0,0,1,22,71409,6,1,0,0,3,3,71,190,0,0,0,0,0,0,0,0,0,3,24,36,0,0,1,2,40,2,2,2,1,40,3,14,12,1,1,4,6,1,0
22,220598,1,1,1,19,12,19,48,42,0,1,0,22,1,22,20,22020,4,1994,1G2WJ52M3RF3,1,G,2,W,J,5,2,M,3,R,F,3,0,0,0,000000000,00000000000,0,0,0,1,0,0,0,0,0,0,0,999,0,0,0,6,6,2,2,0,0,1,1,22,70068,6,1,0,0,3,3,70,235,0,0,0,0,0,0,0,0,0,4,36,87,0,0,1,2,55,1,1,2,6,0,0,1,6,1,4,4,2,1,0
22,220599,1,2,1,23,12,7,36,12,6,1,0,22,1,35,50,35050,4,2007,3N1BC11E47L4,3,N,1,B,C,1,1,E,4,7,L,4,0,0,0,000000000,00000000000,0,0,0,1,0,0,0,0,0,0,0,55,0,1,5,4,6,2,12,0,0,0,1,22,71291,6,1,0,0,3,3,68,200,0,0,0,0,0,0,0,0,0,9,6,0,0,0,1,2,55,3,1,2,2,40,3,14,9,1,4,2,64,1,0
22,220599,2,2,1,23,12,7,36,12,6,1,0,22,2,7,28,7028,2,2014,2C3CDYBT9EH2,2,C,3,C,D,Y,B,T,9,E,H,2,0,0,0,000000000,00000000000,0,0,0,1,0,0,0,0,0,0,0,55,0,0,0,12,6,2,12,0,0,0,1,22,71260,6,1,0,0,3,3,65,140,0,0,0,0,0,0,0,0,0,0,0,0,0,0,1,2,55,1,1,2,2,40,3,1,62,1,1,1,65,0,0
22,220600,1,1,2,23,12,22,41,14,0,1,0,22,1,23,481,23481,31,2008,3GTEC13C18G2,3,G,T,E,C,1,3,C,1,8,G,2,0,0,0,000000000,00000000000,0,0,0,1,0,0,0,0,0,0,0,50,4,0,0,1,6,2,14,0,0,0,1,22,71292,6,1,0,0,3,0,70,215,0,0,0,0,0,0,0,0,0,0,6,0,0,0,2,2,70,1,1,2,1,0,0,1,11,1,1,4,11,1,0
22,220601,1,1,2,27,12,19,55,42,0,1,0,22,2,13,13,13013,4,2008,3LNHM26T68R6,3,L,N,H,M,2,6,T,6,8,R,6,0,0,0,000000000,00000000000,0,0,0,1,0,0,0,0,0,0,0,60,0,0,0,11,6,2,42,0,0,0,1,22,70373,6,1,0,0,3,0,70,190,0,0,0,0,0,0,0,0,0,9,6,0,0,0,1,2,55,3,1,2,2,40,3,14,6,4,2,4,7,1,0
22,220602,1,1,1,28,12,19,20,8,0,1,0,22,2,37,402,37402,14,2006,JHLRD68596C0,J,H,L,R,D,6,8,5,9,6,C,0,0,0,0,000000000,00000000000,0,0,0,1,0,0,0,0,0,0,0,55,0,0,0,12,6,2,8,0,0,0,1,22,70506,6,1,0,0,3,3,67,140,0,0,0,0,1,12,2014,12,2014,0,0,0,0,0,2,2,55,1,1,1,2,0,0,1,82,99,9,9,13,0,0
22,220603,1,1,2,29,12,19,30,8,0,1,0,22,1,49,403,49403,14,2008,JTEDS42A1820,J,T,E,D,S,4,2,A,1,8,2,0,0,0,0,000000000,00000000000,0,0,0,1,0,0,0,0,0,0,0,55,0,0,0,12,4,3,8,0,0,0,1,22,70471,6,1,0,0,3,0,69,220,0,0,0,0,0,0,0,0,0,0,0,0,0,0,2,3,55,1,1,2,1,0,0,1,80,1,1,1,13,0,0
22,220604,1,2,2,30,12,14,40,12,2,1,0,22,2,20,481,20481,31,2005,2GCEK13T3511,2,G,C,E,K,1,3,T,3,5,1,1,0,0,0,000000000,00000000000,0,0,0,1,0,0,0,0,0,0,0,55,0,1,1,12,6,2,12,0,0,0,1,22,70517,1,1,0,0,2,0,70,160,0,0,0,0,0,0,0,0,0,0,28,91,0,0,1,2,55,1,1,2,1,0,0,1,10,1,1,2,50,0,1
22,220604,2,2,1,30,12,14,40,12,2,1,0,22,2,20,37,20037,4,2003,1G1NE52J53M6,1,G,1,N,E,5,2,J,5,3,M,6,0,0,0,000000000,00000000000,0,0,0,1,0,0,0,0,0,0,0,5,0,0,0,12,6,2,12,0,0,0,1,22,70517,6,1,0,0,3,3,65,170,0,0,0,0,0,0,0,0,0,0,0,0,0,0,1,2,55,1,1,2,1,0,0,2,62,9,1,1,51,1,0
22,220605,1,1,2,31,12,0,30,42,0,1,0,22,1,23,481,23481,31,2008,3GTEC13J38G2,3,G,T,E,C,1,3,J,3,8,G,2,0,0,0,000000000,00000000000,0,0,0,1,0,0,0,0,0,0,0,65,0,1,5,2,6,2,42,0,0,0,1,22,71463,1,1,0,0,2,3,72,170,0,1,0,0,0,10,2014,10,2014,9,99,99,99,99,1,2,55,3,2,2,1,40,3,14,9,6,4,4,7,1,1
22,220606,1,2,1,31,12,20,13,12,2,1,0,22,1,41,50,41050,4,2004,1YVFP80D245N,1,Y,V,F,P,8,0,D,2,4,5,N,0,0,0,000000000,00000000000,0,0,0,1,0,0,0,0,0,0,0,80,0,0,0,12,6,2,12,0,0,0,1,22,70754,6,1,0,0,3,0,69,168,0,0,0,0,1,1,2012,1,2012,3,28,0,0,0,1,2,45,2,1,2,1,40,3,14,10,1,1,2,50,1,1
22,220606,2,2,4,31,12,20,13,12,2,1,0,22,1,14,401,14401,14,2000,4M2DU66P3YUJ,4,M,2,D,U,6,6,P,3,Y,U,J,0,0,0,000000000,00000000000,0,0,0,1,0,0,0,0,0,0,0,45,0,0,0,12,6,2,12,0,0,0,1,22,70726,6,1,0,0,3,0,71,175,0,0,0,0,0,0,0,0,0,0,0,0,0,0,1,2,45,3,1,2,1,40,3,14,62,1,1,1,51,2,0
22,220607,1,2,1,2,12,23,16,12,2,1,0,22,1,35,47,35047,4,2010,1N4AL2AP3AN5,1,N,4,A,L,2,A,P,3,A,N,5,0,0,0,000000000,00000000000,0,0,0,1,0,0,0,0,0,0,0,60,0,0,0,12,6,2,12,0,0,0,1,22,70346,6,1,6,0,3,0,66,220,1,1,0,2,1,6,2013,4,2014,9,40,0,0,0,1,2,45,1,1,7,1,50,9,1,50,1,1,1,52,1,1
22,220607,2,2,1,2,12,23,16,12,2,1,0,22,3,86,881,86881,63,1998,1M2P267YXWM0,1,M,2,P,2,6,7,Y,X,W,M,0,0,0,88,888888888,88888888888,3,1,4,1,0,0,0,0,0,0,0,0,0,0,0,12,6,2,12,39,0,0,1,22,70769,6,1,6,0,3,0,71,240,0,0,0,0,0,0,0,0,0,0,0,0,0,0,1,2,45,1,1,7,1,0,0,5,54,1,1,1,52,0,0
22,220608,1,2,1,4,12,17,30,12,2,1,0,22,2,23,481,23481,31,1994,1GTGC24K4RE5,1,G,T,G,C,2,4,K,4,R,E,5,0,0,0,000000000,00000000000,0,0,0,1,0,0,0,0,0,0,0,45,0,0,0,12,6,2,12,0,0,0,1,22,70748,1,1,0,0,2,3,73,200,0,0,0,0,1,10,2014,10,2014,9,28,0,0,0,1,2,45,2,1,2,1,40,3,14,10,1,1,2,50,1,1
22,220608,2,2,1,4,12,17,30,12,2,1,0,22,1,13,12,13012,4,2006,1LNHM82V76Y6,1,L,N,H,M,8,2,V,7,6,Y,6,0,0,0,000000000,00000000000,0,0,0,1,0,0,0,0,0,0,0,45,0,0,0,12,6,2,12,0,0,0,1,22,70726,6,1,0,0,3,3,68,175,0,0,0,0,0,0,0,0,0,9,0,0,0,0,1,2,45,3,1,2,1,40,3,14,62,1,1,1,51,1,0
22,220609,1,3,1,6,12,11,10,12,8,1,0,22,1,72,706,72706,80,2014,1HD1KBM14EB6,1,H,D,1,K,B,M,1,4,E,B,6,0,0,0,000000000,00000000000,0,0,0,1,0,0,0,0,0,0,0,55,0,0,0,62,6,2,12,0,0,0,1,22,70057,6,1,0,0,2,0,69,190,0,0,0,0,0,0,0,0,0,0,6,28,0,0,1,2,55,1,1,2,1,0,0,1,10,1,1,2,64,1,0
22,220609,2,3,1,6,12,11,10,12,8,1,0,22,1,20,473,20473,30,2004,1GCCS1462481,1,G,C,C,S,1,4,6,2,4,8,1,0,0,0,000000000,00000000000,0,0,0,1,0,0,0,0,0,0,0,65,0,1,2,61,6,2,12,0,0,0,1,22,70049,6,1,0,0,3,0,63,150,0,0,0,0,0,0,0,0,0,0,0,0,0,0,1,2,55,1,1,2,1,0,0,1,62,7,1,1,65,0,0
22,220609,3,3,1,6,12,11,10,12,8,1,0,22,1,72,706,72706,80,2014,1HD1KBM14EB7,1,H,D,1,K,B,M,1,4,E,B,7,0,0,0,000000000,00000000000,0,0,0,1,0,0,0,0,0,0,0,70,0,0,0,0,6,2,1,0,0,0,1,22,70057,6,1,0,0,3,3,71,235,0,0,0,0,0,0,0,0,0,0,6,0,0,0,1,2,55,1,1,2,1,0,0,1,13,9,2,4,98,0,0
22,220610,1,2,1,9,12,6,50,12,2,1,0,22,2,7,24,7024,4,2006,2B3KA53H56H3,2,B,3,K,A,5,3,H,5,6,H,3,0,0,0,000000000,00000000000,0,0,0,1,0,0,0,0,0,0,0,54,0,0,0,12,6,2,12,0,0,0,1,22,70769,6,1,0,0,3,0,71,169,0,0,0,1,2,4,2013,2,2014,0,6,91,28,0,1,2,50,1,1,1,1,0,0,1,11,1,1,6,50,0,0
22,220610,2,2,3,9,12,6,50,12,2,1,0,22,2,20,28,20028,4,2012,1G1JC5SH8C42,1,G,1,J,C,5,S,H,8,C,4,2,0,0,0,000000000,00000000000,0,0,0,1,0,0,0,0,0,0,0,41,0,0,0,12,6,2,12,0,0,0,1,22,70769,6,2,0,0,3,1,62,120,0,0,0,0,0,0,0,0,0,0,0,0,0,0,1,2,50,1,1,1,1,0,0,1,63,1,1,1,51,1,0
22,220611,1,2,2,12,12,1,0,12,2,1,0,22,2,20,481,20481,31,1999,2GCEC19T4X11,2,G,C,E,C,1,9,T,4,X,1,1,0,0,0,000000000,00000000000,0,0,0,1,0,0,0,0,0,0,0,81,7,0,0,12,6,2,12,0,0,1,1,22,71328,0,0,0,0,0,0,999,999,99,99,99,99,99,99,9999,99,9999,9,28,0,0,0,1,2,55,1,1,2,1,0,0,1,10,1,1,2,50,2,0
22,220611,2,2,2,12,12,1,0,12,2,1,0,22,1,49,46,49046,4,2013,JTDKDTB33D15,J,T,D,K,D,T,B,3,3,D,1,5,0,0,0,000000000,00000000000,0,0,0,1,0,0,0,0,0,0,0,40,0,1,5,12,6,2,12,0,0,1,1,22,71331,6,1,0,0,3,0,64,185,0,0,0,4,0,10,2012,10,2013,0,0,0,0,0,1,2,55,1,1,2,1,0,0,1,62,1,1,1,51,2,0
22,220612,1,1,1,13,12,17,41,8,0,1,0,22,2,20,481,20481,31,2007,2GCEK13M9715,2,G,C,E,K,1,3,M,9,7,1,5,0,0,0,000000000,00000000000,0,0,0,1,0,0,0,0,0,0,0,40,0,0,0,99,0,5,8,0,0,0,1,22,71342,6,1,0,0,3,0,66,160,0,0,0,0,0,0,0,0,0,9,0,0,0,0,1,2,45,1,1,2,1,0,0,1,80,7,1,1,13,0,0
22,220613,1,1,1,15,12,15,12,42,0,1,0,22,1,20,481,20481,31,1997,1GCEC19R7VE2,1,G,C,E,C,1,9,R,7,V,E,2,0,0,0,000000000,00000000000,0,0,0,1,0,0,0,0,0,0,0,55,0,0,0,11,6,2,42,0,0,0,1,22,71055,6,1,0,0,3,0,68,200,0,0,0,1,0,8,2013,8,2013,0,6,0,0,0,1,2,55,1,2,2,1,0,0,1,12,1,1,4,6,1,0
22,220614,1,2,2,16,12,19,0,12,2,1,0,22,1,12,481,12481,31,2013,1FTFW1EF1DKG,1,F,T,F,W,1,E,F,1,D,K,G,0,0,0,000000000,00000000000,0,0,0,1,0,0,0,0,0,0,0,70,0,1,1,12,6,2,1,0,0,0,1,22,71263,6,1,0,0,3,3,69,195,0,0,0,0,0,0,0,0,0,9,51,91,0,0,1,2,55,1,1,2,1,0,0,1,10,1,1,2,50,0,1
22,220614,2,2,2,16,12,19,0,12,2,1,0,12,3,35,47,35047,4,2011,1N4AL2AP6BC1,1,N,4,A,L,2,A,P,6,B,C,1,0,0,0,000000000,00000000000,0,0,0,1,0,0,0,0,0,0,0,60,0,0,0,12,6,2,12,0,0,0,1,37,27407,6,1,0,0,3,0,71,999,0,0,0,0,0,0,0,0,0,0,0,0,0,0,1,2,55,1,1,2,1,0,0,1,62,1,1,1,51,1,0
22,220615,1,1,1,18,8,15,30,53,0,1,0,22,1,23,481,23481,31,1994,2GTEC19K1R15,2,G,T,E,C,1,9,K,1,R,1,5,0,0,0,000000000,00000000000,0,0,0,1,0,0,0,0,0,0,0,999,0,0,0,10,6,2,42,0,0,0,1,22,70462,2,1,0,0,2,3,66,150,0,0,0,0,0,0,0,0,0,9,99,99,99,99,1,2,25,1,1,2,1,0,0,1,12,1,1,4,6,1,1
22,220616,1,1,1,23,8,21,35,23,0,1,0,22,1,35,481,35481,31,2013,1N6BA0ED3DN3,1,N,6,B,A,0,E,D,3,D,N,3,0,0,0,000000000,00000000000,0,0,0,1,0,0,0,0,0,0,0,35,0,1,5,1,6,2,1,0,0,0,1,22,70744,6,1,0,0,3,0,67,145,0,0,0,1,0,10,2013,10,2013,9,99,99,99,99,1,2,35,3,1,2,1,0,0,14,13,99,9,4,5,1,1
22,220617,1,1,1,14,9,3,25,8,0,1,1,99,9,99,999,99999,99,9999,999999999999,9,9,9,9,9,9,9,9,9,9,9,9,0,0,99,999999999,99999999999,9,99,99,1,0,0,0,0,0,0,0,999,0,0,0,12,9,5,8,99,99,0,1,99,99999,9,9,99,9,9,9,999,999,99,99,99,99,99,99,9999,99,9999,9,6,0,0,0,1,2,45,1,1,2,1,0,0,1,80,99,9,3,13,0,0