STATE,ST_CASE,VEH_NO,VE_FORMS,NUMOCCS,DAY,MONTH,HOUR,MINUTE,HARM_EV,MAN_COLL,UNITTYPE,HIT_RUN,REG_STAT,OWNER,MAKE,MODEL,MAK_MOD,BODY_TYP,MOD_YEAR,VIN,VIN_1,VIN_2,VIN_3,VIN_4,VIN_5,VIN_6,VIN_7,VIN_8,VIN_9,VIN_10,VIN_11,VIN_12,TOW_VEH,J_KNIFE,MCARR_I1,MCARR_I2,MCARR_ID,GVWR,V_CONFIG,CARGO_BT,HAZ_INV,HAZ_PLAC,HAZ_ID,HAZ_CNO,HAZ_REL,BUS_USE,SPEC_USE,EMER_USE,TRAV_SP,UNDERIDE,ROLLOVER,ROLINLOC,IMPACT1,DEFORMED,TOWED,M_HARM,VEH_SC1,VEH_SC2,FIRE_EXP,DR_PRES,L_STATE,DR_ZIP,L_STATUS,L_TYPE,CDL_STAT,L_ENDORS,L_COMPL,L_RESTRI,DR_HGT,DR_WGT,PREV_ACC,PREV_SUS,PREV_DWI,PREV_SPD,PREV_OTH,FIRST_MO,FIRST_YR,LAST_MO,LAST_YR,SPEEDREL,DR_SF1,DR_SF2,DR_SF3,DR_SF4,VTRAFWAY,VNUM_LAN,VSPD_LIM,VALIGN,VPROFILE,VPAVETYP,VSURCOND,VTRAFCON,VTCONT_F,P_CRASH1,P_CRASH2,P_CRASH3,PCRASH4,PCRASH5,ACC_TYPE,DEATHS,DR_DRINK
23,230028,1,2,1,31,3,16,8,12,2,1,0,23,1,49,50,49050,3,2006,JTKDE1778600,J,T,K,D,E,1,7,7,8,6,0,0,0,0,0,000000000,00000000000,0,0,0,1,0,0,0,0,0,0,0,998,0,0,0,12,6,2,12,0,0,0,1,23,4605,6,1,0,0,3,0,70,170,1,2,0,2,0,9,2011,3,2014,4,28,0,0,0,1,2,55,1,2,2,4,0,0,1,10,7,3,2,50,1,0
23,230028,2,2,1,31,3,16,8,12,2,1,0,23,1,49,40,49040,4,2010,4T4BF3EK7AR0,4,T,4,B,F,3,E,K,7,A,R,0,0,0,0,000000000,00000000000,0,0,0,1,0,0,0,0,0,0,0,998,0,0,0,12,6,2,12,0,0,0,1,23,4416,6,1,0,0,3,0,68,155,0,0,0,0,0,0,0,0,0,0,0,0,0,0,1,2,55,1,2,2,4,0,0,1,62,6,1,1,51,0,0
23,230030,1,2,1,6,4,18,47,12,2,1,0,23,1,23,422,23422,15,2004,1GKEK63U54J1,1,G,K,E,K,6,3,U,5,4,J,1,0,0,0,000000000,00000000000,0,0,0,1,0,0,0,0,0,0,0,998,0,0,0,12,6,2,12,0,0,0,1,24,21228,1,1,0,0,2,0,999,999,99,99,99,99,99,99,9999,99,9999,0,50,36,0,0,2,2,65,1,1,2,1,8,3,1,98,99,9,1,51,1,1
23,230030,2,2,1,6,4,18,47,12,2,1,0,23,1,20,481,20481,31,2010,1GCSKSE34AZ2,1,G,C,S,K,S,E,3,4,A,Z,2,0,0,0,000000000,00000000000,0,0,0,1,0,0,0,0,0,0,0,998,0,0,0,12,6,2,12,0,0,0,1,23,4986,6,1,0,0,3,0,68,240,0,0,0,0,0,0,0,0,0,0,28,0,0,0,2,2,65,1,1,2,1,8,3,1,54,99,9,1,50,1,0
23,230031,1,2,1,4,4,13,54,12,6,1,0,23,1,53,705,53705,80,2005,JS1GN7CA5521,J,S,1,G,N,7,C,A,5,5,2,1,0,0,0,000000000,00000000000,0,0,0,1,0,0,0,0,0,0,0,998,0,0,0,12,6,2,12,0,0,0,1,23,4530,1,1,0,0,2,0,72,160,0,1,0,0,5,8,2012,12,2013,3,0,0,0,0,1,2,35,1,1,2,1,20,3,1,62,6,1,1,69,1,0
23,230031,2,2,1,4,4,13,54,12,6,1,0,23,1,63,402,63402,14,2011,5XYKTDA23BG1,5,X,Y,K,T,D,A,2,3,B,G,1,0,0,0,000000000,00000000000,0,0,0,1,0,0,0,0,0,0,0,998,0,0,0,5,6,2,12,0,0,0,1,23,4530,6,1,0,0,3,0,64,125,0,0,0,0,0,0,0,0,0,0,0,0,0,0,1,2,35,1,1,2,1,20,3,11,17,1,1,2,68,0,0
23,230032,1,2,1,18,4,13,22,12,2,1,0,23,1,7,25,7025,5,2007,1B3HB48B97D5,1,B,3,H,B,4,8,B,9,7,D,5,0,0,0,000000000,00000000000,0,0,0,1,0,0,0,0,0,0,0,998,0,0,0,12,6,2,12,0,0,0,1,23,4572,6,1,6,0,3,3,69,140,0,0,0,0,0,0,0,0,0,0,28,0,0,0,1,2,55,1,1,2,1,0,0,1,10,1,1,2,50,0,0
23,230032,2,2,2,18,4,13,22,12,2,1,0,25,1,52,48,52048,5,2014,ML32A3HJ9EH0,M,L,3,2,A,3,H,J,9,E,H,0,0,0,0,000000000,00000000000,0,0,0,1,0,0,0,0,0,0,0,998,0,0,0,12,6,2,12,0,0,0,1,25,1588,6,1,0,0,3,3,65,999,0,0,0,0,0,0,0,0,0,0,0,0,0,0,1,2,55,1,1,2,1,0,0,1,62,7,1,1,51,2,0
23,230033,1,1,1,18,4,13,49,42,0,1,0,23,1,48,34,48034,4,1995,4S3BD6557S72,4,S,3,B,D,6,5,5,7,S,7,2,0,0,0,000000000,00000000000,0,0,0,1,0,0,0,0,0,0,0,998,0,0,0,12,6,2,42,0,0,0,1,23,4358,6,1,0,0,3,0,63,120,2,0,0,0,1,9,2011,12,2012,0,0,0,0,0,1,2,35,2,1,2,1,40,3,14,12,1,1,4,6,1,0
23,230034,1,1,1,7,5,6,20,1,0,1,0,23,1,7,422,7422,15,2004,1D4HB48N04F1,1,D,4,H,B,4,8,N,0,4,F,1,0,0,0,000000000,00000000000,0,0,0,1,0,0,0,0,0,0,0,998,0,1,5,0,6,2,1,0,0,0,1,23,4428,6,1,0,0,3,3,60,125,1,1,0,0,0,1,2012,5,2012,0,53,58,0,0,1,2,45,3,2,2,1,0,0,14,13,98,3,4,1,1,0
23,230035,1,1,1,14,5,1,26,35,0,1,0,23,2,13,5,13005,4,1999,1LNHM97VXXY6,1,L,N,H,M,9,7,V,X,X,Y,6,0,0,0,000000000,00000000000,0,0,0,1,0,0,0,0,0,0,0,998,0,1,5,81,6,2,1,0,0,0,1,23,4276,6,1,0,0,3,0,68,270,1,0,0,0,0,10,2012,10,2012,0,0,0,0,0,1,2,40,1,1,2,1,0,0,1,13,99,3,4,1,1,0
23,230036,1,1,2,18,5,2,51,42,0,1,0,23,1,22,22,22022,4,2006,1G2ZH5583641,1,G,2,Z,H,5,5,8,3,6,4,1,0,0,0,000000000,00000000000,0,0,0,1,0,0,0,0,0,0,0,998,0,0,0,9,6,2,42,0,0,0,1,23,4285,6,1,0,0,3,0,69,175,2,0,0,0,0,10,2011,2,2012,9,0,0,0,0,1,2,45,1,2,2,1,7,3,1,13,1,1,4,1,1,1
23,230037,1,1,1,25,5,20,19,35,0,1,0,23,1,14,17,14017,4,1997,1MELM53S1VG6,1,M,E,L,M,5,3,S,1,V,G,6,0,0,0,000000000,00000000000,0,0,0,1,0,0,0,0,0,0,0,998,0,1,6,98,6,2,1,0,0,0,1,23,4438,6,1,0,0,3,0,67,165,0,1,0,2,0,6,2011,3,2014,3,0,0,0,0,1,2,50,2,1,2,1,0,0,14,12,6,1,4,6,1,1
23,230038,1,1,2,25,5,23,0,1,0,1,0,23,1,20,9,20009,2,1989,1G1FP2184KL1,1,G,1,F,P,2,1,8,4,K,L,1,0,0,0,000000000,00000000000,0,0,0,1,0,0,0,0,0,0,0,998,0,1,5,0,6,2,42,0,0,0,1,23,4539,6,1,0,0,3,3,70,150,0,0,0,0,0,0,0,0,0,3,0,0,0,0,1,2,40,4,1,2,1,0,0,14,13,3,3,4,1,1,1
23,230039,1,2,2,29,5,16,41,12,2,1,0,23,1,12,402,12402,14,2001,1FMYU02121KF,1,F,M,Y,U,0,2,1,2,1,K,F,0,0,0,000000000,00000000000,0,0,0,1,0,0,0,0,0,0,0,998,0,0,0,12,6,2,12,0,0,0,1,23,4422,6,1,0,0,3,3,70,255,2,0,0,0,0,3,2012,9,2013,0,28,0,0,0,1,2,30,1,1,2,1,0,0,1,10,1,1,2,50,1,0
23,230039,2,2,1,29,5,16,41,12,2,1,0,23,1,20,2,20002,4,2008,2G1WT55N9892,2,G,1,W,T,5,5,N,9,8,9,2,0,0,0,000000000,00000000000,0,0,0,1,0,0,0,0,0,0,0,998,0,0,0,12,6,2,12,0,0,0,1,23,4422,6,1,0,0,3,0,62,190,0,0,0,0,0,0,0,0,0,0,0,0,0,0,1,2,30,1,1,2,1,0,0,1,62,99,1,1,51,0,0
23,230040,1,1,1,29,5,18,45,30,0,1,0,23,1,23,481,23481,31,2005,1GTEC14X05Z2,1,G,T,E,C,1,4,X,0,5,Z,2,0,0,0,000000000,00000000000,0,0,0,1,0,0,0,0,0,0,0,998,0,1,5,12,6,2,1,0,0,0,1,23,4769,6,1,0,0,3,0,71,205,0,0,0,0,0,0,0,0,0,4,0,0,0,0,1,2,45,1,2,2,1,0,0,1,13,3,3,4,1,1,1
23,230041,1,3,2,19,5,15,39,12,1,1,0,23,1,20,403,20403,14,2004,1GNDT13S5423,1,G,N,D,T,1,3,S,5,4,2,3,0,0,0,000000000,00000000000,0,0,0,1,0,0,0,0,0,0,0,998,0,0,0,12,6,2,12,0,0,0,1,23,4605,6,1,6,0,3,0,77,230,0,1,0,0,0,3,2012,3,2012,0,41,0,0,0,1,2,55,4,2,2,2,20,3,14,50,6,1,1,24,0,0
23,230041,2,3,1,19,5,15,39,12,1,1,0,23,1,49,32,49032,4,1994,2T1AE04BXRC0,2,T,1,A,E,0,4,B,X,R,C,0,0,0,0,000000000,00000000000,0,0,0,1,0,0,0,0,0,0,0,998,0,0,0,6,6,2,12,0,0,0,1,23,4981,6,1,0,0,3,3,66,200,0,0,0,0,0,0,0,0,0,0,0,0,0,0,1,2,55,4,2,2,2,99,9,11,50,1,1,2,26,0,0
23,230041,3,3,1,19,5,15,39,12,1,1,0,23,1,55,35,55035,4,2003,KMHDN45D73U5,K,M,H,D,N,4,5,D,7,3,U,5,0,0,0,000000000,00000000000,0,0,0,1,0,0,0,0,0,0,0,998,0,0,0,12,6,2,12,0,0,0,1,23,4472,6,1,6,0,3,3,69,175,0,0,0,0,0,0,0,0,0,0,0,0,0,0,1,2,55,4,2,2,2,99,9,14,62,1,1,1,98,1,0
23,230042,1,1,1,31,5,17,43,18,0,1,0,23,1,73,706,73706,80,2003,JKAZRCA103A0,J,K,A,Z,R,C,A,1,0,3,A,0,0,0,0,000000000,00000000000,0,0,0,1,0,0,0,0,0,0,0,998,0,0,0,12,6,2,18,0,0,0,1,23,4092,6,1,6,0,3,0,71,175,1,0,0,0,0,10,2012,10,2012,3,0,0,0,0,1,2,50,3,2,2,1,0,0,14,13,1,1,4,1,1,0
23,230043,1,1,2,31,5,20,48,1,0,1,0,23,1,53,405,53405,14,2003,JS3TX92V9341,J,S,3,T,X,9,2,V,9,3,4,1,0,0,0,000000000,00000000000,0,0,0,1,0,0,0,0,0,0,0,998,0,1,5,0,6,2,1,0,0,0,1,23,4401,6,1,0,0,3,3,74,267,0,0,0,1,0,8,2012,8,2012,0,26,0,0,0,1,2,45,1,1,2,1,0,0,1,51,6,4,4,6,1,0
23,230044,1,2,3,31,5,22,0,12,2,1,0,23,1,7,20,7020,8,2000,1B3ES46C4YD5,1,B,3,E,S,4,6,C,4,Y,D,5,0,0,0,000000000,00000000000,0,0,0,1,0,0,0,0,0,0,0,998,0,0,0,12,6,2,12,0,0,0,1,23,4939,6,1,0,0,3,3,66,150,0,1,0,0,0,11,2012,11,2012,0,0,0,0,0,1,2,45,1,1,2,1,0,0,1,62,3,2,1,51,0,1
23,230044,2,2,1,31,5,22,0,12,2,1,0,23,1,37,709,37709,83,2007,000JH2ME0330,0,0,0,J,H,2,M,E,0,3,3,0,0,0,0,000000000,00000000000,0,0,0,1,0,0,0,0,0,0,0,998,0,0,0,12,6,2,12,0,0,0,1,23,4930,1,1,0,0,2,0,71,180,2,3,1,0,1,6,2012,7,2013,3,28,0,0,0,1,2,45,1,1,2,1,0,0,1,10,1,1,2,50,1,1
23,230045,1,1,2,24,5,13,0,7,0,1,0,23,1,76,705,76705,80,2001,JYAVM01E11A0,J,Y,A,V,M,0,1,E,1,1,A,0,0,0,0,000000000,00000000000,0,0,0,1,0,0,0,0,0,0,0,998,0,0,0,0,2,5,7,0,0,0,1,23,4093,6,1,0,0,3,0,71,150,0,0,1,0,0,3,2012,3,2012,0,26,0,0,0,1,2,50,1,1,2,1,0,0,1,18,3,2,1,0,1,0
23,230046,1,1,1,1,6,20,30,42,0,1,0,23,1,30,40,30040,4,2003,3VWSK69M73M0,3,V,W,S,K,6,9,M,7,3,M,0,0,0,0,000000000,00000000000,0,0,0,1,0,0,0,0,0,0,0,998,0,0,0,12,6,2,42,0,0,0,1,23,4468,6,1,6,0,3,0,69,140,0,0,0,0,0,0,0,0,0,3,0,0,0,0,1,2,45,3,1,2,1,0,0,14,12,1,1,4,6,1,1
23,230047,1,1,1,1,6,9,37,8,0,1,0,23,1,48,34,48034,9,2002,4S3BH6652276,4,S,3,B,H,6,6,5,2,2,7,6,0,0,0,000000000,00000000000,0,0,0,1,0,0,0,0,0,0,0,998,0,0,0,12,6,2,8,0,0,0,1,23,4239,6,1,0,0,3,0,65,145,0,0,0,0,0,0,0,0,0,0,0,0,0,0,1,2,25,1,1,2,1,0,0,1,80,2,1,1,13,0,0
23,230048,1,2,1,7,6,16,50,12,2,1,0,39,1,7,41,7041,4,1999,2B3HD46R9XH5,2,B,3,H,D,4,6,R,9,X,H,5,0,0,0,000000000,00000000000,0,0,0,1,0,0,0,0,0,0,0,998,0,0,0,12,6,2,12,0,0,0,1,39,45171,6,1,0,0,3,0,66,145,0,1,0,0,0,4,2012,4,2012,0,28,0,0,0,1,2,55,1,1,2,1,0,0,1,10,1,1,2,50,1,1
23,230048,2,2,4,7,6,16,50,12,2,1,0,23,2,7,442,7442,20,2009,2D8HN54119R6,2,D,8,H,N,5,4,1,1,9,R,6,0,0,0,000000000,00000000000,0,0,0,1,0,0,0,0,0,0,0,998,0,0,0,12,6,2,12,0,0,0,1,23,4952,6,1,0,0,3,3,63,280,0,0,0,2,0,4,2012,12,2013,0,0,0,0,0,1,2,55,1,1,2,1,0,0,1,62,1,1,1,51,1,0
23,230049,1,2,2,16,6,17,38,12,2,1,0,23,1,2,405,2405,14,2003,1J4GL48K63W6,1,J,4,G,L,4,8,K,6,3,W,6,0,0,0,000000000,00000000000,0,0,0,1,0,0,0,0,0,0,0,998,0,0,0,12,6,2,12,0,0,0,1,23,4419,6,1,0,0,3,3,64,180,0,0,0,0,0,0,0,0,0,0,28,58,0,0,1,2,50,2,1,2,1,0,0,14,10,1,1,2,50,0,0
23,230049,2,2,1,16,6,17,38,12,2,1,0,23,1,12,23,12023,4,2012,3FAHP0HAXCR1,3,F,A,H,P,0,H,A,X,C,R,1,0,0,0,000000000,00000000000,0,0,0,1,0,0,0,0,0,0,0,998,0,0,0,12,6,2,12,0,0,0,1,23,4419,6,1,0,0,3,0,66,185,0,0,0,0,0,0,0,0,0,0,0,0,0,0,1,2,50,3,1,2,1,0,0,14,62,1,1,1,51,1,0
23,230050,1,2,1,23,6,19,9,12,6,1,0,23,1,76,733,76733,90,2010,5Y4AH23YXAA0,5,Y,4,A,H,2,3,Y,X,A,A,0,0,0,0,000000000,00000000000,0,0,0,1,0,0,0,0,0,0,0,998,0,1,5,5,6,2,12,0,0,0,1,23,4353,6,7,0,0,1,0,67,180,0,0,0,0,0,0,0,0,0,0,28,27,0,0,1,2,35,1,1,2,1,0,0,15,51,1,1,1,46,1,1
23,230050,2,2,1,23,6,19,9,12,6,1,0,23,2,48,45,48045,6,2004,4S3BH6755476,4,S,3,B,H,6,7,5,5,4,7,6,0,0,0,000000000,00000000000,0,0,0,1,0,0,0,0,0,0,0,998,0,0,0,11,4,5,12,0,0,0,1,23,4358,6,2,0,0,3,3,62,140,0,0,0,0,0,0,0,0,0,0,0,0,0,0,1,2,35,1,1,2,1,0,0,1,53,1,1,1,45,0,1
23,230051,1,3,1,27,6,9,40,12,2,1,0,23,1,13,5,13005,4,2002,1LNHM82W92Y6,1,L,N,H,M,8,2,W,9,2,Y,6,0,0,0,000000000,00000000000,0,0,0,1,0,0,0,0,0,0,0,998,0,0,0,12,6,2,12,0,0,0,1,23,4280,6,1,0,0,3,0,70,270,1,0,0,0,0,6,2013,6,2013,0,36,27,28,0,1,2,55,3,1,2,1,0,0,14,10,1,1,2,50,1,0
23,230051,2,3,1,27,6,9,40,12,2,1,0,23,1,7,442,7442,20,2001,2B4GP44G71R1,2,B,4,G,P,4,4,G,7,1,R,1,0,0,0,000000000,00000000000,0,0,0,1,0,0,0,0,0,0,0,998,0,0,0,12,6,2,12,0,0,0,1,23,4330,6,1,0,0,3,0,63,175,0,0,0,0,0,0,0,0,0,0,0,0,0,0,1,2,55,2,1,2,1,0,0,14,62,1,1,1,51,0,0
23,230051,3,3,1,27,6,9,40,12,2,1,0,23,1,2,407,2407,14,2010,1J4NT2GB6AD5,1,J,4,N,T,2,G,B,6,A,D,5,0,0,0,000000000,00000000000,0,0,0,1,0,0,0,0,0,0,0,998,0,0,0,12,4,5,12,0,0,0,1,23,4345,6,1,0,0,3,0,60,170,1,0,0,0,0,8,2012,8,2012,0,0,0,0,0,1,2,55,2,1,2,1,0,0,14,51,2,1,1,98,0,0
23,230052,1,1,1,27,6,5,45,32,0,1,0,23,1,18,401,18401,14,2003,3G5DB03E43S5,3,G,5,D,B,0,3,E,4,3,S,5,0,0,0,000000000,00000000000,0,0,0,1,0,0,0,0,0,0,0,998,0,1,5,82,6,2,32,0,0,0,1,23,4619,6,1,0,0,3,0,68,160,1,1,1,0,0,2,2013,7,2013,3,58,0,0,0,1,2,55,1,1,2,1,0,0,1,13,6,2,5,1,1,0
23,230053,1,1,1,29,6,0,33,32,0,1,0,23,1,2,403,2403,14,1997,1J4FY29P4VP4,1,J,4,F,Y,2,9,P,4,V,P,4,0,0,0,000000000,00000000000,0,0,0,1,0,0,0,0,0,0,0,998,0,0,0,12,6,2,32,0,0,0,1,23,4958,1,1,0,0,2,0,68,235,0,2,0,0,0,9,2012,6,2014,0,0,0,0,0,1,2,35,4,2,2,1,0,0,14,13,1,1,5,1,1,1
23,230054,1,2,2,29,6,12,26,12,6,1,0,34,1,37,35,37035,1,2000,JHMAP1144YT0,J,H,M,A,P,1,1,4,4,Y,T,0,0,0,0,000000000,00000000000,0,0,0,1,0,0,0,0,0,0,0,998,0,0,0,82,6,2,12,0,0,0,1,34,7830,6,1,0,0,3,0,70,181,99,99,99,99,99,99,9999,99,9999,0,0,0,0,0,1,2,55,2,1,2,1,0,0,11,15,1,1,2,72,0,1
23,230054,2,2,2,29,6,12,26,12,6,1,0,33,1,72,706,72706,80,2011,1HD1FF418BB6,1,H,D,1,F,F,4,1,8,B,B,6,0,0,0,000000000,00000000000,0,0,0,1,0,0,0,0,0,0,0,998,0,0,0,12,6,2,12,0,0,0,1,33,3070,6,1,0,0,3,0,72,225,1,0,0,0,0,9,2011,9,2011,0,0,0,0,0,1,2,55,2,1,2,1,0,0,14,62,1,1,2,73,1,0
23,230055,1,1,1,8,7,1,18,11,0,1,0,23,3,7,442,7442,20,2005,2D4GP44L85R3,2,D,4,G,P,4,4,L,8,5,R,3,0,0,0,000000000,00000000000,0,0,0,1,0,0,0,0,0,0,0,998,0,0,0,12,6,2,11,0,0,0,1,23,4412,6,1,0,0,3,0,68,140,1,0,0,0,0,12,2013,12,2013,0,0,0,0,0,3,2,75,3,2,2,1,0,0,14,87,1,1,1,13,1,0
23,230056,1,1,2,21,6,10,4,8,0,1,0,23,2,23,481,23481,31,2009,1GDJK74K49E1,1,G,D,J,K,7,4,K,4,9,E,1,0,0,0,000000000,00000000000,0,0,0,1,0,0,0,0,0,0,0,998,0,0,0,12,9,5,8,0,0,0,1,23,4005,1,1,0,0,2,3,71,170,1,11,0,0,3,8,2011,11,2013,0,86,0,0,0,1,2,35,1,1,2,1,0,0,1,80,1,1,1,13,0,1
23,230057,1,1,1,6,7,16,42,44,0,1,0,23,1,72,706,72706,80,2002,1HD1BXB102Y0,1,H,D,1,B,X,B,1,0,2,Y,0,0,0,0,000000000,00000000000,0,0,0,1,0,0,0,0,0,0,0,998,0,0,0,0,6,2,44,0,0,0,1,23,4345,6,1,0,0,3,0,63,130,1,0,0,0,0,8,2013,8,2013,0,0,0,0,0,1,2,35,1,2,2,1,0,0,1,98,6,1,1,0,1,0
23,230058,1,2,4,16,7,13,9,12,2,1,0,23,1,6,42,6042,4,1999,2C3HC56GXXH6,2,C,3,H,C,5,6,G,X,X,H,6,0,0,0,000000000,00000000000,0,0,0,1,0,0,0,0,0,0,0,998,0,0,0,12,6,2,12,0,0,0,1,23,4257,6,1,0,0,3,3,72,170,0,0,0,0,0,0,0,0,0,0,36,0,0,0,1,2,40,1,1,2,2,0,0,1,10,3,2,2,50,2,1
23,230058,2,2,2,16,7,13,9,12,2,1,0,25,1,62,423,62423,15,2011,SALAK2D40BA5,S,A,L,A,K,2,D,4,0,B,A,5,0,0,0,000000000,00000000000,0,0,0,1,0,0,0,0,0,0,0,998,0,0,0,12,6,2,12,0,0,0,1,25,2630,6,1,0,0,3,3,74,999,0,0,0,0,0,0,0,0,0,0,0,0,0,0,1,2,40,1,1,2,2,0,0,1,62,3,2,1,51,0,1
23,230059,1,2,1,16,7,16,53,12,1,1,0,23,1,12,473,12473,30,2002,1FMZU73E82UA,1,F,M,Z,U,7,3,E,8,2,U,A,0,0,0,000000000,00000000000,0,0,0,1,0,0,0,0,0,0,0,998,0,0,0,12,6,2,12,0,0,0,1,23,4939,6,1,0,0,3,3,69,200,0,0,0,0,0,0,0,0,0,0,0,0,0,0,1,2,45,1,1,2,2,0,0,1,51,1,1,1,24,0,1
23,230059,2,2,1,16,7,16,53,12,1,1,0,92,0,98,998,98998,97,1970,027525M,0,2,7,5,2,5,M,,,,,,0,0,0,000000000,00000000000,0,0,0,1,0,0,0,0,0,0,0,998,0,0,0,6,6,2,12,0,0,0,1,23,4928,1,1,0,0,1,0,78,188,0,1,0,0,0,11,2012,11,2012,0,0,0,0,0,1,2,45,1,1,2,2,0,0,1,53,1,1,1,25,1,0
23,230060,1,1,1,30,6,5,44,11,0,1,0,23,1,76,709,76709,80,1979,3H3003726,3,H,3,0,0,3,7,2,6,,,,0,0,0,000000000,00000000000,0,0,0,1,0,0,0,0,0,0,0,998,0,0,0,12,6,2,11,0,0,0,1,23,4976,6,1,0,0,3,0,74,260,2,0,0,0,0,11,2013,3,2014,0,0,0,0,0,1,2,45,1,2,2,1,0,0,1,87,3,1,1,13,1,0
23,230061,1,1,1,27,7,2,7,30,0,1,0,23,2,12,37,12037,4,2005,1FAFP34N65W3,1,F,A,F,P,3,4,N,6,5,W,3,0,0,0,000000000,00000000000,0,0,0,1,0,0,0,0,0,0,0,998,0,1,6,12,6,2,30,0,0,0,1,23,4240,6,1,0,0,3,3,65,152,1,0,0,0,0,7,2012,7,2012,3,36,0,0,0,1,2,45,2,1,2,1,0,0,14,13,3,1,4,1,1,1
23,230062,1,2,1,29,7,8,7,12,1,1,0,23,2,23,481,23481,31,2009,3GTEK13C49G1,3,G,T,E,K,1,3,C,4,9,G,1,0,0,0,000000000,00000000000,0,0,0,1,0,0,0,0,0,0,0,998,0,0,0,12,6,2,12,0,0,0,1,23,4330,6,1,0,0,3,0,60,115,1,0,0,0,0,1,2014,1,2014,0,0,0,0,0,1,2,55,1,2,2,1,0,0,1,65,3,1,1,79,0,0
23,230062,2,2,2,29,7,8,7,12,1,1,0,23,1,37,32,37032,4,2002,1HGCG16572A0,1,H,G,C,G,1,6,5,7,2,A,0,0,0,0,000000000,00000000000,0,0,0,1,0,0,0,0,0,0,0,998,0,0,0,6,6,2,12,0,0,0,1,23,4363,6,1,0,0,3,0,67,245,0,0,0,0,0,0,0,0,0,0,0,0,0,0,1,2,55,1,2,2,1,20,3,10,66,8,1,1,78,1,1
23,230063,1,1,2,30,7,3,20,42,0,1,0,23,2,12,401,12401,14,2001,1FMZU72E71ZA,1,F,M,Z,U,7,2,E,7,1,Z,A,0,0,0,000000000,00000000000,0,0,0,1,0,0,0,0,0,0,0,998,0,0,0,12,6,2,42,0,0,0,1,23,4537,6,1,0,0,3,0,66,145,0,0,0,0,0,0,0,0,0,3,58,0,0,0,1,2,45,1,1,2,1,0,0,1,12,7,1,4,6,2,1
23,230064,1,1,1,1,8,20,20,9,0,1,0,23,2,52,898,52898,61,2001,JW6DEJ1E01M0,J,W,6,D,E,J,1,E,0,1,M,0,0,0,23,97725,2397725,2,1,1,1,0,0,0,0,0,0,0,998,0,0,0,12,2,5,9,0,0,0,1,23,4572,6,1,0,0,3,0,70,197,0,0,0,0,0,0,0,0,0,0,0,0,0,0,1,2,45,1,2,3,1,0,0,1,83,6,1,1,13,0,1
23,230065,1,2,1,5,8,17,49,12,2,1,0,19,1,20,421,20421,15,2002,1GNEK13Z62J2,1,G,N,E,K,1,3,Z,6,2,J,2,0,0,0,000000000,00000000000,0,0,0,1,0,0,0,0,0,0,0,998,0,0,0,12,6,2,12,0,0,0,1,19,50312,6,1,0,0,3,3,70,182,0,0,0,0,0,0,0,0,0,0,58,28,0,0,1,2,55,1,2,2,1,0,0,1,10,1,1,2,50,1,1
23,230065,2,2,2,5,8,17,49,12,2,1,0,23,2,23,481,23481,31,2000,2GTEK19V0Y12,2,G,T,E,K,1,9,V,0,Y,1,2,0,0,0,000000000,00000000000,0,0,0,1,0,0,0,0,0,0,0,998,0,0,0,12,6,2,12,0,0,0,1,23,4401,6,1,0,0,3,0,75,300,0,0,0,0,0,0,0,0,0,0,0,0,0,0,1,2,55,1,2,2,1,0,0,1,62,3,1,1,51,2,0
23,230066,1,1,2,9,8,21,30,42,0,1,0,23,1,2,403,2403,14,2005,1J4FA39S15P3,1,J,4,F,A,3,9,S,1,5,P,3,0,0,0,000000000,00000000000,0,0,0,1,0,0,0,0,0,0,0,998,0,1,5,12,6,2,42,0,0,0,1,23,4048,1,1,0,0,2,0,68,140,2,2,0,1,0,10,2013,8,2014,0,0,0,0,0,1,2,45,1,1,2,1,0,0,1,13,3,3,4,1,1,1
23,230067,1,1,1,3,8,13,10,42,0,1,0,23,2,22,441,22441,20,2005,1GMDV33L05D1,1,G,M,D,V,3,3,L,0,5,D,1,0,0,0,000000000,00000000000,0,0,0,1,0,0,0,0,0,0,0,998,0,0,0,12,6,2,42,0,0,0,1,23,4210,6,1,0,0,3,0,73,210,0,0,0,0,0,0,0,0,0,0,0,0,0,0,1,2,30,1,1,2,1,0,0,1,13,1,1,4,1,1,0
23,230068,1,2,1,4,8,17,20,12,2,1,0,23,1,20,421,20421,15,1999,1GNDT13W8X22,1,G,N,D,T,1,3,W,8,X,2,2,0,0,0,000000000,00000000000,0,0,0,1,0,0,0,0,0,0,0,998,0,0,0,12,6,2,12,0,0,0,1,23,4475,6,1,6,0,3,3,71,170,1,0,0,0,0,5,2014,5,2014,0,28,0,0,0,1,2,55,1,1,2,1,0,0,1,10,3,1,2,50,0,0
23,230068,2,2,2,4,8,17,20,12,2,1,0,23,1,49,403,49403,14,2013,5TDBK3EH8DS2,5,T,D,B,K,3,E,H,8,D,S,2,0,0,0,000000000,00000000000,0,0,0,1,0,0,0,0,0,0,0,998,0,0,0,12,6,2,12,0,0,0,1,23,4459,6,1,0,0,3,3,60,180,0,0,0,0,0,0,0,0,0,0,0,0,0,0,1,2,55,1,1,2,1,0,0,1,62,1,1,1,51,1,1