STATE,ST_CASE,VEH_NO,VE_FORMS,NUMOCCS,DAY,MONTH,HOUR,MINUTE,HARM_EV,MAN_COLL,UNITTYPE,HIT_RUN,REG_STAT,OWNER,MAKE,MODEL,MAK_MOD,BODY_TYP,MOD_YEAR,VIN,VIN_1,VIN_2,VIN_3,VIN_4,VIN_5,VIN_6,VIN_7,VIN_8,VIN_9,VIN_10,VIN_11,VIN_12,TOW_VEH,J_KNIFE,MCARR_I1,MCARR_I2,MCARR_ID,GVWR,V_CONFIG,CARGO_BT,HAZ_INV,HAZ_PLAC,HAZ_ID,HAZ_CNO,HAZ_REL,BUS_USE,SPEC_USE,EMER_USE,TRAV_SP,UNDERIDE,ROLLOVER,ROLINLOC,IMPACT1,DEFORMED,TOWED,M_HARM,VEH_SC1,VEH_SC2,FIRE_EXP,DR_PRES,L_STATE,DR_ZIP,L_STATUS,L_TYPE,CDL_STAT,L_ENDORS,L_COMPL,L_RESTRI,DR_HGT,DR_WGT,PREV_ACC,PREV_SUS,PREV_DWI,PREV_SPD,PREV_OTH,FIRST_MO,FIRST_YR,LAST_MO,LAST_YR,SPEEDREL,DR_SF1,DR_SF2,DR_SF3,DR_SF4,VTRAFWAY,VNUM_LAN,VSPD_LIM,VALIGN,VPROFILE,VPAVETYP,VSURCOND,VTRAFCON,VTCONT_F,P_CRASH1,P_CRASH2,P_CRASH3,PCRASH4,PCRASH5,ACC_TYPE,DEATHS,DR_DRINK
23,230111,1,1,2,9,12,11,13,42,0,1,0,23,1,23,481,23481,31,2001,1GTEK19V71Z2,1,G,T,E,K,1,9,V,7,1,Z,2,0,0,0,000000000,00000000000,0,0,0,1,0,0,0,0,0,0,0,998,0,0,0,3,6,2,42,0,0,0,1,23,4068,6,1,0,0,3,0,72,185,0,0,0,1,1,9,2013,10,2013,0,0,0,0,0,1,2,45,3,4,2,10,40,3,14,12,2,2,4,7,2,0
23,230112,1,2,1,12,12,17,36,12,6,1,0,23,1,35,50,35050,4,2007,3N1BC11E57L4,3,N,1,B,C,1,1,E,5,7,L,4,0,0,0,000000000,00000000000,0,0,0,1,0,0,0,0,0,0,0,998,0,0,0,62,6,2,12,0,0,0,1,23,4572,6,1,0,0,3,0,67,175,0,0,0,0,0,0,0,0,0,0,38,0,0,0,1,2,40,1,2,2,1,20,3,1,17,1,1,1,89,1,0
23,230112,2,2,1,12,12,17,36,12,6,1,0,23,1,20,481,20481,31,2004,2GCEK13T3414,2,G,C,E,K,1,3,T,3,4,1,4,0,0,0,000000000,00000000000,0,0,0,1,0,0,0,0,0,0,0,998,0,0,0,12,6,2,12,0,0,0,1,23,4572,6,1,0,0,3,0,73,265,0,0,0,0,0,0,0,0,0,0,0,0,0,0,1,2,40,1,2,2,1,0,0,1,55,2,1,1,88,0,0
23,230113,1,1,1,13,12,11,10,34,0,1,0,23,1,48,45,48045,4,2007,4S4BP61C2773,4,S,4,B,P,6,1,C,2,7,7,3,0,0,0,000000000,00000000000,0,0,0,1,0,0,0,0,0,0,0,998,0,0,0,6,6,2,34,0,0,0,1,23,4631,6,1,0,0,3,3,63,140,1,0,0,0,0,5,2013,5,2013,0,0,0,0,0,1,2,45,3,1,2,2,0,0,14,13,1,1,4,1,1,0
23,230114,1,1,1,18,12,0,35,30,0,1,0,23,1,20,401,20401,14,2002,1GNDT13S1224,1,G,N,D,T,1,3,S,1,2,2,4,0,0,0,000000000,00000000000,0,0,0,1,0,0,0,0,0,0,0,998,0,1,5,12,6,2,30,0,0,0,1,23,4239,6,1,0,0,3,3,71,200,0,0,0,0,0,0,0,0,0,4,87,0,0,0,1,2,45,1,1,2,10,0,0,1,13,1,1,4,1,1,0
23,230115,1,1,1,17,12,16,20,8,0,1,0,23,2,53,34,53034,4,2005,KL5JD56ZX5K1,K,L,5,J,D,5,6,Z,X,5,K,1,0,0,0,000000000,00000000000,0,0,0,1,0,0,0,0,0,0,0,998,0,0,0,12,6,2,8,0,0,0,1,23,4410,6,1,0,0,3,0,75,264,0,0,0,0,0,0,0,0,0,0,0,0,0,0,1,2,45,2,1,2,2,0,0,14,80,2,1,1,13,0,0
23,230116,1,2,2,30,12,8,14,12,2,1,0,23,1,37,32,37032,4,2007,1HGCM56477A0,1,H,G,C,M,5,6,4,7,7,A,0,0,0,0,000000000,00000000000,0,0,0,1,0,0,0,0,0,0,0,998,0,0,0,12,6,2,12,0,0,0,1,23,4364,6,1,6,0,3,0,63,170,0,0,0,0,0,0,0,0,0,0,0,0,0,0,1,2,50,1,1,2,1,0,0,1,54,2,1,1,51,2,0
23,230116,2,2,1,30,12,8,14,12,2,1,0,23,1,12,401,12401,14,2003,1FMZU74K43UA,1,F,M,Z,U,7,4,K,4,3,U,A,0,0,0,000000000,00000000000,0,0,0,1,0,0,0,0,0,0,0,998,0,0,0,12,6,2,12,0,0,0,1,23,4253,6,1,0,0,3,0,70,170,0,0,0,0,1,3,2013,3,2013,0,28,0,0,0,1,2,50,1,1,2,1,0,0,1,10,2,1,2,50,0,0
23,230117,1,1,1,20,12,6,30,8,0,1,0,23,2,20,22,20022,4,2005,1G1AK52F4575,1,G,1,A,K,5,2,F,4,5,7,5,0,0,0,000000000,00000000000,0,0,0,1,0,0,0,0,0,0,0,998,0,0,0,12,2,5,8,0,0,0,1,23,4416,6,1,0,0,3,3,60,109,0,0,0,0,0,0,0,0,0,0,38,41,0,0,1,2,25,1,1,2,1,0,0,1,80,2,1,1,13,0,0
23,230118,1,1,1,15,12,11,40,42,0,1,0,23,2,12,401,12401,14,2006,1FMEU74E86ZA,1,F,M,E,U,7,4,E,8,6,Z,A,0,0,0,000000000,00000000000,0,0,0,1,0,0,0,0,0,0,0,998,0,0,0,12,6,2,42,0,0,0,1,23,4103,6,1,6,3,3,0,70,250,0,0,0,0,1,9,2012,9,2012,0,0,0,0,0,1,2,35,1,1,2,1,20,3,11,15,2,1,4,1,1,0
23,230119,1,1,1,30,5,22,42,42,0,1,0,23,2,48,401,48401,14,2003,JF1SG63623H7,J,F,1,S,G,6,3,6,2,3,H,7,0,0,0,000000000,00000000000,0,0,0,1,0,0,0,0,0,0,0,998,0,0,0,12,6,2,42,0,0,0,1,23,4094,6,1,0,0,3,0,75,225,1,0,0,1,0,5,2013,4,2014,3,58,0,0,0,1,2,35,3,1,2,2,0,0,14,12,2,2,4,6,1,1
23,230120,1,1,1,3,10,16,25,8,0,1,0,23,1,30,46,30046,4,2001,WVWJH63B71E0,W,V,W,J,H,6,3,B,7,1,E,0,0,0,0,000000000,00000000000,0,0,0,1,0,0,0,0,0,0,0,998,0,0,0,12,2,5,8,0,0,0,1,23,4769,6,1,0,0,3,0,61,125,0,0,0,0,0,0,0,0,0,0,38,0,0,0,1,2,98,1,1,2,1,0,0,11,80,1,1,1,13,0,0
24,240001,1,2,2,2,1,14,32,12,6,1,0,24,1,49,40,49040,4,2005,4T1BE30K05U0,4,T,1,B,E,3,0,K,0,5,U,0,0,0,0,000000000,00000000000,0,0,0,1,0,0,0,0,0,0,0,998,0,0,0,3,6,2,12,0,0,0,1,24,20688,6,1,0,0,3,0,82,160,0,0,0,0,0,0,0,0,0,0,39,0,0,0,2,2,45,1,1,2,1,3,3,11,15,1,1,1,68,2,0
24,240001,2,2,1,2,1,14,32,12,6,1,0,24,3,84,883,84883,63,1995,1HTGGAHR5SH6,1,H,T,G,G,A,H,R,5,S,H,6,0,0,57,00776317,5700776317,3,1,4,1,0,0,0,0,0,0,0,998,0,0,0,12,4,3,12,0,0,0,1,24,20740,6,1,6,0,3,0,72,200,0,0,0,2,0,6,2012,1,2013,0,0,0,0,0,2,2,45,1,1,2,1,3,3,1,62,7,9,1,69,0,0
24,240002,1,1,1,6,1,22,49,35,0,1,0,42,3,87,881,87881,66,2009,1XPHD49X19D7,1,X,P,H,D,4,9,X,1,9,D,7,1,1,57,243894,57243894,3,6,3,1,0,0,0,0,0,0,0,998,0,1,5,1,6,2,1,0,0,0,1,42,15084,6,1,6,0,3,0,70,999,0,0,0,0,0,0,0,0,0,0,77,0,0,0,3,2,65,3,6,2,1,0,0,1,9,99,5,4,2,1,0
24,240003,1,1,1,12,1,18,52,34,0,1,0,24,3,12,481,12481,31,1999,1FTNX21F9XEE,1,F,T,N,X,2,1,F,9,X,E,E,0,0,0,000000000,00000000000,0,0,0,1,0,0,0,0,0,0,0,998,0,1,5,14,6,2,1,0,0,0,1,24,21015,6,1,0,0,3,0,72,140,0,5,0,0,0,8,2012,10,2013,3,36,0,0,0,1,2,50,1,6,2,1,0,0,1,13,99,9,4,1,1,1
24,240004,1,2,2,11,1,4,15,12,2,1,0,24,2,54,421,54421,15,2004,2HNYD18634H5,2,H,N,Y,D,1,8,6,3,4,H,5,0,0,0,000000000,00000000000,0,0,0,1,0,0,0,0,0,0,0,998,0,0,0,12,6,2,12,0,0,0,1,96,0,0,0,0,0,0,0,999,999,99,99,99,99,99,99,9999,99,9999,0,51,0,0,0,3,2,55,1,2,2,1,0,0,1,54,1,1,1,52,1,1
24,240004,2,2,1,11,1,4,15,12,2,1,0,24,3,98,806,98806,62,2011,5PVNE8JN7B4S,5,P,V,N,E,8,J,N,7,B,4,S,0,0,57,496997,57496997,2,2,3,1,0,0,0,0,0,0,0,998,0,0,0,12,6,2,12,0,0,0,1,24,20707,6,1,6,0,3,0,71,220,0,0,0,0,0,0,0,0,0,0,0,0,0,0,3,2,55,1,2,2,1,0,0,1,54,1,1,1,52,0,0
24,240005,1,1,1,18,1,2,13,24,0,1,0,10,2,24,401,24401,14,2004,5GZCZ23D44S8,5,G,Z,C,Z,2,3,D,4,4,S,8,0,0,0,000000000,00000000000,0,0,0,1,0,0,0,0,0,0,0,998,0,0,0,1,6,2,30,0,0,0,1,10,19938,6,1,0,0,3,0,69,175,0,0,0,0,0,0,0,0,0,4,37,36,0,0,1,2,25,3,5,2,1,0,0,14,6,99,9,4,2,1,1
24,240006,1,2,2,22,1,10,24,12,6,1,0,24,2,35,402,35402,14,2013,5N1AN0NW3DN8,5,N,1,A,N,0,N,W,3,D,N,8,0,0,0,000000000,00000000000,0,0,0,1,0,0,0,0,0,0,0,998,0,0,0,12,6,2,12,0,0,0,1,24,21918,6,1,0,0,3,0,66,105,0,0,0,0,0,0,0,0,0,0,39,0,0,0,3,8,40,1,1,2,1,29,3,1,17,1,1,1,88,0,0
24,240006,2,2,1,22,1,10,24,12,6,1,0,24,1,23,401,23401,14,2004,1GKDT13S5422,1,G,K,D,T,1,3,S,5,4,2,2,0,0,0,000000000,00000000000,0,0,0,1,0,0,0,0,0,0,0,998,0,0,0,9,6,2,12,0,0,0,1,24,21001,6,1,0,0,3,0,67,185,0,0,0,0,0,0,0,0,0,0,0,0,0,0,3,8,40,1,1,2,1,29,3,1,66,1,1,1,89,1,0
24,240007,1,2,1,4,1,4,16,12,1,1,0,51,1,54,35,54035,4,1996,JH4KA965XTC0,J,H,4,K,A,9,6,5,X,T,C,0,0,0,0,000000000,00000000000,0,0,0,1,0,0,0,0,0,0,0,998,0,0,0,12,6,2,42,0,0,0,1,51,22191,6,1,0,0,3,0,72,240,0,0,0,0,0,0,0,0,0,3,0,0,0,0,3,3,45,1,1,2,1,0,0,1,51,7,1,1,24,1,1
24,240007,2,2,1,4,1,4,16,12,1,1,0,24,1,12,422,12422,15,1999,1FMRU17L1XLB,1,F,M,R,U,1,7,L,1,X,L,B,0,0,0,000000000,00000000000,0,0,0,1,0,0,0,0,0,0,0,998,0,0,0,6,4,5,12,0,0,0,1,24,20601,6,1,6,0,3,0,71,220,0,1,0,0,0,5,2013,5,2013,0,0,0,0,0,3,3,45,1,1,2,1,0,0,1,53,1,1,1,25,0,0
24,240008,1,1,2,27,1,21,41,8,0,1,0,24,2,51,43,51043,6,1998,YV1LW5575W24,Y,V,1,L,W,5,5,7,5,W,2,4,0,0,0,000000000,00000000000,0,0,0,1,0,0,0,0,0,0,0,998,0,0,0,12,2,3,8,0,0,0,1,24,20772,6,1,0,0,3,2,66,225,0,1,1,0,0,2,2012,10,2013,0,74,0,0,0,2,2,55,1,1,2,1,0,0,1,80,1,1,1,13,0,0
24,240010,1,1,1,9,1,14,59,35,0,1,0,24,1,2,404,2404,14,2004,1J4GW48S74C3,1,J,4,G,W,4,8,S,7,4,C,3,0,0,0,000000000,00000000000,0,0,0,1,0,0,0,0,0,0,0,998,0,0,0,12,6,2,35,0,0,0,1,24,21520,6,1,6,0,3,0,68,240,0,0,0,0,0,0,0,0,0,0,99,99,99,99,1,2,55,1,1,2,1,0,0,1,12,6,1,4,6,1,1
24,240011,1,1,1,3,1,21,8,8,0,1,0,24,2,30,40,30040,4,1999,3VWSC29M8XM0,3,V,W,S,C,2,9,M,8,X,M,0,0,0,0,000000000,00000000000,0,0,0,1,0,0,0,0,0,0,0,998,0,0,0,12,6,2,8,0,0,0,1,24,21244,6,1,0,0,3,0,72,250,0,0,0,0,0,0,0,0,0,0,0,0,0,0,2,3,35,1,1,2,1,2,3,1,80,1,1,1,13,0,0
24,240012,1,1,1,10,1,20,14,8,0,1,0,24,1,55,35,55035,4,2003,KMHDN45D23U6,K,M,H,D,N,4,5,D,2,3,U,6,0,0,0,000000000,00000000000,0,0,0,1,0,0,0,0,0,0,0,998,0,0,0,12,6,2,8,0,0,0,1,24,20772,6,1,0,0,3,0,63,132,0,0,0,1,0,11,2012,11,2012,0,0,0,0,0,4,3,55,1,1,2,2,0,0,1,80,1,1,1,13,0,0
24,240013,1,2,2,15,1,9,1,12,6,1,0,24,1,34,34,34034,2,1990,WBAAA2312LAE,W,B,A,A,A,2,3,1,2,L,A,E,0,0,0,000000000,00000000000,0,0,0,1,0,0,0,0,0,0,0,998,0,0,0,1,6,2,12,0,0,0,1,24,21045,6,1,0,0,3,0,70,165,0,0,0,0,0,0,0,0,0,0,28,0,0,0,1,2,40,1,6,2,2,0,0,3,8,99,4,2,64,2,0
24,240013,2,2,1,15,1,9,1,12,6,1,0,24,2,20,25,20025,4,2012,1G1PF5SC9C72,1,G,1,P,F,5,S,C,9,C,7,2,0,0,0,000000000,00000000000,0,0,0,1,0,0,0,0,0,0,0,998,0,0,0,12,6,2,12,0,0,0,1,24,21061,6,1,0,0,3,0,64,195,0,0,0,0,0,0,0,0,0,0,0,0,0,0,1,2,40,1,6,2,2,0,0,1,62,1,1,1,65,0,0
24,240014,1,2,1,15,1,20,34,12,1,1,0,27,3,87,881,87881,66,2010,1XPHD49X9AD1,1,X,P,H,D,4,9,X,9,A,D,1,1,1,57,1691263,571691263,3,6,1,1,0,0,0,0,0,0,0,998,0,0,0,12,4,3,12,0,0,0,1,51,24333,6,1,6,0,3,0,71,230,0,0,0,0,1,10,2012,10,2012,0,99,99,99,99,3,3,65,1,1,2,1,0,0,2,51,1,1,1,24,0,0
24,240014,2,2,1,15,1,20,34,12,1,1,0,24,1,30,47,30047,3,2010,3VWRG3AG0AM0,3,V,W,R,G,3,A,G,0,A,M,0,0,0,0,000000000,00000000000,0,0,0,1,0,0,0,0,0,0,0,998,0,0,0,6,6,2,12,0,0,0,1,24,21703,6,1,0,0,3,0,66,138,0,0,0,2,0,10,2013,10,2013,0,0,0,0,0,3,3,65,1,1,2,1,0,0,2,53,1,1,1,25,1,0
24,240015,1,1,1,9,1,17,59,8,0,1,0,24,3,98,981,98981,52,2004,5FYD2LS154U0,5,F,Y,D,2,L,S,1,5,4,U,0,0,0,88,888888888,88888888888,3,21,22,1,0,0,0,0,6,3,0,998,0,0,0,12,0,3,8,0,0,0,1,24,21216,6,1,6,0,3,0,74,330,0,1,0,0,2,2,2012,12,2013,0,99,99,99,99,2,2,25,1,1,2,1,0,0,1,81,1,1,1,13,0,0
24,240016,1,2,1,15,1,22,10,12,6,1,0,10,1,37,32,37032,4,2004,1HGCM66594A0,1,H,G,C,M,6,6,5,9,4,A,0,0,0,0,000000000,00000000000,0,0,0,1,0,0,0,0,0,0,0,998,0,0,0,11,6,2,12,0,0,0,1,10,19973,6,1,0,0,3,0,73,241,0,0,0,0,0,0,0,0,0,0,38,0,0,0,1,2,40,1,1,2,1,20,3,11,15,1,1,1,76,0,1
24,240016,2,2,3,15,1,22,10,12,6,1,0,10,1,22,20,22020,4,2004,2G2WS5220411,2,G,2,W,S,5,2,2,0,4,1,1,0,0,0,000000000,00000000000,0,0,0,1,0,0,0,0,0,0,0,998,2,0,0,12,6,2,12,0,0,0,1,10,19973,6,1,0,0,3,0,63,155,0,0,0,0,0,0,0,0,0,0,0,0,0,0,1,2,40,1,1,2,1,0,0,1,65,1,1,1,77,1,0
24,240017,1,1,1,17,1,1,35,8,0,1,1,24,2,49,32,49032,4,2013,5YFBU4EE8DP1,5,Y,F,B,U,4,E,E,8,D,P,1,0,0,0,000000000,00000000000,0,0,0,1,0,0,0,0,0,0,0,998,0,0,0,12,2,5,8,0,0,0,1,24,20785,6,1,0,0,3,0,69,185,0,1,0,0,0,9,2013,9,2013,3,0,0,0,0,2,2,30,1,1,2,1,0,0,1,80,1,1,1,13,0,1
24,240018,1,1,1,26,1,1,16,42,0,1,0,24,1,12,481,12481,31,2008,1FTRF12258KB,1,F,T,R,F,1,2,2,5,8,K,B,0,0,0,000000000,00000000000,0,0,0,1,0,0,0,0,0,0,0,998,0,0,0,12,6,2,42,0,0,0,1,24,20677,6,1,0,0,3,0,69,185,0,1,0,1,0,7,2012,8,2012,0,0,0,0,0,1,2,50,3,6,2,1,0,0,14,13,1,1,4,1,1,1
24,240019,1,2,1,21,1,10,57,12,6,1,0,24,1,63,33,63033,4,2008,KNAFE1222855,K,N,A,F,E,1,2,2,2,8,5,5,0,0,0,000000000,00000000000,0,0,0,1,0,0,0,0,0,0,0,998,0,0,0,12,6,2,12,0,0,0,1,24,21716,6,1,0,0,3,0,68,312,0,0,0,0,0,0,0,0,0,4,28,58,0,0,1,2,40,1,6,2,2,0,0,1,10,99,9,2,66,1,0
24,240019,2,2,1,21,1,10,57,12,6,1,0,24,3,82,881,82881,66,2009,1FUJA6CKX9LA,1,F,U,J,A,6,C,K,X,9,L,A,1,1,57,290790,57290790,3,6,2,1,0,0,0,0,0,0,0,998,0,0,0,7,6,2,12,0,0,0,1,42,17201,6,1,6,0,3,0,66,999,0,0,0,0,0,0,0,0,0,0,0,0,0,0,1,2,40,1,6,2,2,0,0,1,62,1,1,1,66,0,0
24,240020,1,2,2,21,1,11,6,12,6,1,0,24,1,54,37,54037,2,1998,19UYA2254WL0,1,9,U,Y,A,2,2,5,4,W,L,0,0,0,0,000000000,00000000000,0,0,0,1,0,0,0,0,0,0,0,998,0,0,0,3,6,2,12,0,0,0,1,24,20695,6,1,0,0,3,0,70,145,0,0,0,0,0,0,0,0,0,3,28,87,0,0,1,2,35,1,1,2,2,0,0,1,10,99,4,3,64,2,0
24,240020,2,2,1,21,1,11,6,12,6,1,0,24,3,12,16,12016,4,2006,2FAHP71W66X1,2,F,A,H,P,7,1,W,6,6,X,1,0,0,0,000000000,00000000000,0,0,0,1,0,0,0,0,0,1,0,998,0,0,0,12,6,2,12,0,0,0,1,24,20710,6,1,0,0,3,0,66,140,0,0,0,0,3,2,2012,9,2013,0,0,0,0,0,1,2,35,1,1,2,2,0,0,1,62,1,1,1,65,0,0
24,240021,1,2,3,24,1,14,24,12,1,1,0,24,2,6,43,6043,4,2004,1C3AL56R24N2,1,C,3,A,L,5,6,R,2,4,N,2,0,0,0,000000000,00000000000,0,0,0,1,0,0,0,0,0,0,0,998,0,0,0,6,6,2,8,0,0,0,1,24,20877,6,7,0,0,3,3,68,150,0,0,0,0,0,0,0,0,0,9,99,99,99,99,2,2,35,1,3,9,4,0,0,6,10,1,1,2,32,0,0
24,240021,2,2,1,24,1,14,24,12,1,1,0,24,2,37,32,37032,4,1996,1HGCD7138TA0,1,H,G,C,D,7,1,3,8,T,A,0,0,0,0,000000000,00000000000,0,0,0,1,0,0,0,0,0,0,0,998,0,0,0,12,6,2,12,0,0,0,1,24,20879,6,1,0,0,3,3,64,130,0,0,0,1,0,11,2013,11,2013,0,0,0,0,0,2,2,35,1,3,9,4,0,0,1,61,1,1,1,32,0,0
24,240022,1,2,1,30,1,11,23,12,1,1,0,24,1,55,402,55402,14,2007,KM8JM12B37U5,K,M,8,J,M,1,2,B,3,7,U,5,0,0,0,000000000,00000000000,0,0,0,1,0,0,0,0,0,0,0,998,0,0,0,12,6,2,12,0,0,0,1,24,20772,6,1,0,0,3,0,63,199,0,0,0,0,0,0,0,0,0,0,26,0,0,0,2,2,55,1,1,2,1,3,3,1,50,1,1,1,20,1,0
24,240022,2,2,2,30,1,11,23,12,1,1,0,24,3,82,881,82881,66,2007,1FUBA5CG67LX,1,F,U,B,A,5,C,G,6,7,L,X,1,1,57,432813,57432813,3,6,1,1,0,0,0,0,0,0,0,0,0,0,0,6,4,5,12,0,0,0,1,24,20708,6,1,6,0,3,0,71,180,0,0,0,0,0,0,0,0,0,0,0,0,0,0,2,2,55,1,1,2,1,3,3,5,53,1,1,1,21,0,0
24,240023,1,1,1,25,1,1,50,30,0,1,0,24,2,12,481,12481,31,2001,1FTNF21L11EA,1,F,T,N,F,2,1,L,1,1,E,A,0,0,0,000000000,00000000000,0,0,0,1,0,0,0,0,0,0,0,998,0,0,0,9,6,2,30,0,0,0,1,24,20853,6,1,0,0,3,0,70,165,0,0,0,1,2,9,2012,1,2014,9,99,99,99,99,1,2,30,2,2,2,1,0,0,11,13,6,9,4,2,1,1
24,240024,1,2,1,30,1,19,31,12,1,1,0,24,2,55,39,55039,4,2007,KMHFC46F07A1,K,M,H,F,C,4,6,F,0,7,A,1,0,0,0,000000000,00000000000,0,0,0,1,0,0,0,0,0,0,0,998,0,1,5,6,6,2,12,0,0,0,1,24,20814,6,1,0,0,3,0,74,250,0,0,0,0,0,0,0,0,0,0,58,28,0,0,3,2,65,1,1,2,1,0,0,1,11,7,1,2,32,1,0
24,240024,2,2,1,30,1,19,31,12,1,1,0,54,1,35,47,35047,2,2012,1N4BL2EP4CC1,1,N,4,B,L,2,E,P,4,C,C,1,0,0,0,000000000,00000000000,0,0,0,1,0,0,0,0,0,0,0,998,0,0,0,12,6,2,12,0,0,0,1,54,25414,6,1,0,0,3,0,67,180,0,0,0,0,0,0,0,0,0,0,0,0,0,0,3,2,65,1,1,2,1,0,0,1,62,1,1,1,32,0,0
24,240025,1,1,1,24,1,22,5,43,0,1,0,24,2,59,35,59035,4,2001,JTHBD1820100,J,T,H,B,D,1,8,2,0,1,0,0,0,0,0,000000000,00000000000,0,0,0,1,0,0,0,0,0,0,0,998,0,1,6,98,6,2,1,0,0,0,1,24,21136,6,1,0,0,3,0,72,185,0,0,0,0,2,2,2012,12,2012,3,0,0,0,0,1,2,30,3,1,1,1,0,0,14,6,4,5,4,2,1,1
24,240026,1,1,1,31,1,13,50,14,0,1,0,24,3,12,481,12481,31,2001,1FTSF31L21ED,1,F,T,S,F,3,1,L,2,1,E,D,0,0,0,000000000,00000000000,0,0,0,1,0,0,0,0,0,0,0,998,0,0,0,12,4,3,8,0,0,0,1,24,21104,6,1,0,0,3,0,70,190,0,0,0,0,0,0,0,0,0,0,39,0,0,0,3,4,55,1,1,2,1,0,0,1,13,1,1,4,1,0,0
24,240027,1,1,1,27,1,14,5,8,0,1,0,24,1,12,17,12017,4,1997,1FALP52U4VG2,1,F,A,L,P,5,2,U,4,V,G,2,0,0,0,000000000,00000000000,0,0,0,1,0,0,0,0,0,0,0,998,0,0,0,12,6,2,8,0,0,0,1,24,21911,6,1,0,0,3,0,65,130,0,0,0,0,0,0,0,0,0,0,0,0,0,0,1,2,35,1,2,2,1,0,0,1,80,1,1,1,13,0,0
24,240028,1,1,3,5,2,2,2,30,0,1,0,24,2,63,401,63401,14,2011,KNDPBCA27B70,K,N,D,P,B,C,A,2,7,B,7,0,0,0,0,000000000,00000000000,0,0,0,1,0,0,0,0,0,0,0,998,0,1,5,12,6,2,30,0,0,0,1,24,20676,1,1,0,0,2,0,69,180,0,1,0,0,0,4,2013,4,2013,4,39,37,0,0,1,2,40,1,1,2,2,0,0,1,12,1,1,4,6,1,1
24,240029,1,1,2,1,2,2,1,53,0,1,0,24,1,34,34,34034,2,2002,WBSBL93432JR,W,B,S,B,L,9,3,4,3,2,J,R,0,0,0,000000000,00000000000,0,0,0,1,0,0,0,0,0,0,0,998,0,1,5,9,6,2,30,0,0,0,1,24,21740,6,1,0,0,3,0,65,130,0,0,0,0,0,0,0,0,0,4,58,0,0,0,1,2,50,1,1,2,1,0,0,6,13,7,9,4,1,2,1
24,240030,1,2,2,1,2,18,35,12,1,1,0,24,1,49,40,49040,4,1998,4T1BG22K6WU2,4,T,1,B,G,2,2,K,6,W,U,2,0,0,0,000000000,00000000000,0,0,0,1,0,0,0,0,0,0,0,998,0,0,0,12,6,2,25,0,0,0,1,24,21231,6,1,0,0,3,0,69,150,0,0,0,0,0,0,0,0,0,0,28,0,0,0,3,4,55,1,1,2,1,0,0,1,19,1,2,2,32,1,1
24,240030,2,2,1,1,2,18,35,12,1,1,0,24,1,35,51,35051,6,2013,JN8AS5MVXDW6,J,N,8,A,S,5,M,V,X,D,W,6,0,0,0,000000000,00000000000,0,0,0,1,0,0,0,0,0,0,0,998,0,0,0,6,2,5,12,0,0,0,1,24,21214,6,1,0,0,3,0,65,125,0,0,0,0,0,0,0,0,0,0,0,0,0,0,3,4,55,1,1,2,1,0,0,1,78,1,1,1,32,0,0
24,240031,1,3,1,5,2,6,42,12,1,1,0,24,3,82,881,82881,61,2010,1FVACWDT9ADA,1,F,V,A,C,W,D,T,9,A,D,A,0,0,57,591282,57591282,2,1,1,1,0,0,0,0,0,0,0,998,0,0,0,12,6,2,12,0,0,0,1,24,21075,6,1,6,0,3,0,67,185,0,0,0,0,0,0,0,0,0,4,0,0,0,0,2,2,50,1,1,2,1,0,0,1,50,1,1,1,20,0,0
24,240031,2,3,1,5,2,6,42,12,1,1,0,24,1,30,40,30040,4,2000,WVWUH23B8YE3,W,V,W,U,H,2,3,B,8,Y,E,3,0,0,0,000000000,00000000000,0,0,0,1,0,0,0,0,0,0,0,0,0,0,0,6,6,2,12,0,0,0,1,24,21207,6,1,0,0,3,0,62,130,0,1,0,0,1,12,2013,12,2013,0,54,48,0,0,2,2,50,1,1,2,1,0,0,5,53,1,1,1,21,1,0
24,240031,3,3,1,5,2,6,42,12,1,1,0,24,2,6,51,6051,4,2006,2C3KA53G26H5,2,C,3,K,A,5,3,G,2,6,H,5,0,0,0,000000000,00000000000,0,0,0,1,0,0,0,0,0,0,0,0,0,0,0,6,6,2,12,0,0,0,1,24,20735,0,0,0,0,0,0,69,195,0,0,0,0,0,0,0,0,0,0,54,48,0,0,2,2,50,1,1,2,1,0,0,5,53,1,1,1,98,0,0
24,240032,1,1,1,9,2,2,54,53,0,1,0,24,1,20,403,20403,14,2005,1GNDT13S3521,1,G,N,D,T,1,3,S,3,5,2,1,0,0,0,000000000,00000000000,0,0,0,1,0,0,0,0,0,0,0,998,0,0,0,3,6,2,42,0,0,0,1,24,20744,6,1,0,0,3,0,71,145,0,0,0,0,0,0,0,0,0,3,0,0,0,0,1,2,35,1,1,2,1,0,0,1,12,1,1,4,6,1,1
24,240033,1,1,1,17,2,23,34,24,0,1,0,24,1,59,34,59034,4,2002,JT8BD69S3201,J,T,8,B,D,6,9,S,3,2,0,1,0,0,0,000000000,00000000000,0,0,0,1,0,0,0,0,0,0,0,998,0,1,5,1,6,2,1,0,0,0,1,24,20774,6,1,0,0,3,0,70,185,0,1,0,2,0,4,2012,10,2012,3,0,0,0,0,3,3,65,1,5,2,1,0,0,1,11,1,1,4,1,1,0
24,240034,1,1,2,21,2,20,48,8,0,1,0,24,1,19,421,19421,15,2007,1GYFK63837R3,1,G,Y,F,K,6,3,8,3,7,R,3,0,0,0,000000000,00000000000,0,0,0,1,0,0,0,0,0,0,0,998,0,0,0,12,4,3,8,0,0,0,1,24,21813,6,1,0,0,3,0,69,165,0,0,0,0,0,0,0,0,0,0,84,86,0,0,1,2,50,1,1,2,2,0,0,2,80,1,1,1,13,0,0