STATE,ST_CASE,VEH_NO,VE_FORMS,NUMOCCS,DAY,MONTH,HOUR,MINUTE,HARM_EV,MAN_COLL,UNITTYPE,HIT_RUN,REG_STAT,OWNER,MAKE,MODEL,MAK_MOD,BODY_TYP,MOD_YEAR,VIN,VIN_1,VIN_2,VIN_3,VIN_4,VIN_5,VIN_6,VIN_7,VIN_8,VIN_9,VIN_10,VIN_11,VIN_12,TOW_VEH,J_KNIFE,MCARR_I1,MCARR_I2,MCARR_ID,GVWR,V_CONFIG,CARGO_BT,HAZ_INV,HAZ_PLAC,HAZ_ID,HAZ_CNO,HAZ_REL,BUS_USE,SPEC_USE,EMER_USE,TRAV_SP,UNDERIDE,ROLLOVER,ROLINLOC,IMPACT1,DEFORMED,TOWED,M_HARM,VEH_SC1,VEH_SC2,FIRE_EXP,DR_PRES,L_STATE,DR_ZIP,L_STATUS,L_TYPE,CDL_STAT,L_ENDORS,L_COMPL,L_RESTRI,DR_HGT,DR_WGT,PREV_ACC,PREV_SUS,PREV_DWI,PREV_SPD,PREV_OTH,FIRST_MO,FIRST_YR,LAST_MO,LAST_YR,SPEEDREL,DR_SF1,DR_SF2,DR_SF3,DR_SF4,VTRAFWAY,VNUM_LAN,VSPD_LIM,VALIGN,VPROFILE,VPAVETYP,VSURCOND,VTRAFCON,VTCONT_F,P_CRASH1,P_CRASH2,P_CRASH3,PCRASH4,PCRASH5,ACC_TYPE,DEATHS,DR_DRINK
24,240110,2,2,1,9,5,23,53,12,6,1,0,24,2,37,31,37031,4,2013,19XFB4F31DE2,1,9,X,F,B,4,F,3,1,D,E,2,0,0,0,000000000,00000000000,0,0,0,1,0,0,0,0,0,0,0,998,0,0,0,5,6,2,12,0,0,0,1,24,20710,6,1,0,0,3,0,75,195,0,0,0,1,1,10,2013,4,2014,0,0,0,0,0,3,4,55,1,1,2,1,0,0,1,53,1,1,1,48,0,0
24,240111,1,1,3,10,5,4,31,42,0,1,0,24,1,20,9,20009,2,1994,2G1FP22S0R21,2,G,1,F,P,2,2,S,0,R,2,1,0,0,0,000000000,00000000000,0,0,0,1,0,0,0,0,0,0,0,998,0,0,0,11,6,2,42,0,0,0,1,24,20747,6,7,0,0,3,0,68,193,0,0,0,0,0,0,0,0,0,4,27,58,0,0,2,2,55,2,5,2,1,0,0,14,12,6,2,4,6,2,1
24,240112,1,1,1,10,5,20,31,8,0,1,0,24,1,14,6,14006,4,2001,2MEFM75W81X7,2,M,E,F,M,7,5,W,8,1,X,7,0,0,0,000000000,00000000000,0,0,0,1,0,0,0,0,0,0,0,998,0,0,0,12,6,2,8,0,0,0,1,24,20747,6,1,0,0,3,0,72,215,0,0,0,0,0,0,0,0,0,0,0,0,0,0,3,5,55,1,1,2,1,0,0,1,80,1,1,1,13,0,0
24,240113,1,1,1,11,5,18,29,25,0,1,0,24,1,53,705,53705,80,2007,JS1GN7DA8721,J,S,1,G,N,7,D,A,8,7,2,1,0,0,0,000000000,00000000000,0,0,0,1,0,0,0,0,0,0,0,998,0,0,0,12,6,2,25,0,0,0,1,24,20743,6,1,0,0,3,0,63,170,0,0,0,0,1,3,2012,3,2012,0,0,0,0,0,6,2,98,3,6,2,1,0,0,14,13,1,9,4,5,1,1
24,240114,1,2,1,12,5,16,32,12,6,1,0,10,1,73,705,73705,80,2004,JKBZXJB194A0,J,K,B,Z,X,J,B,1,9,4,A,0,0,0,0,000000000,00000000000,0,0,0,1,0,0,0,0,0,0,0,998,0,0,0,10,6,2,12,0,0,0,1,10,19956,6,1,0,0,3,0,69,158,0,7,0,4,0,2,2012,3,2014,3,36,0,0,0,3,2,55,1,1,2,1,21,3,1,62,1,1,1,69,1,0
24,240114,2,2,1,12,5,16,32,12,6,1,0,24,1,21,2,21002,4,1983,1G3AN69Y7DM8,1,G,3,A,N,6,9,Y,7,D,M,8,0,0,0,000000000,00000000000,0,0,0,1,0,0,0,0,0,0,0,998,0,0,0,1,6,2,12,0,0,0,1,24,21804,6,1,0,0,3,0,66,150,0,0,0,0,1,3,2014,3,2014,0,38,0,0,0,3,2,55,1,1,2,1,21,3,11,15,1,1,1,68,0,0
24,240115,1,1,3,13,5,15,49,42,0,1,0,51,2,51,47,51047,4,2012,YV1622FS8C21,Y,V,1,6,2,2,F,S,8,C,2,1,0,0,0,000000000,00000000000,0,0,0,1,0,0,0,0,0,0,0,998,0,0,0,8,6,2,42,0,0,0,1,48,79363,6,1,0,0,3,0,70,175,0,0,0,0,0,0,0,0,0,0,0,0,0,0,6,2,55,2,1,2,1,0,0,14,12,99,9,4,10,3,1
24,240116,1,2,1,5,5,2,36,12,2,1,0,24,2,19,421,19421,15,2005,1GYEK63N65R2,1,G,Y,E,K,6,3,N,6,5,R,2,0,0,0,000000000,00000000000,0,0,0,1,0,0,0,0,0,0,0,998,0,0,0,12,6,2,12,0,0,0,1,24,20640,6,1,0,0,3,0,72,181,0,0,0,0,0,0,0,0,0,0,0,0,0,0,3,3,55,1,1,2,1,0,0,1,12,1,1,4,98,0,0
24,240116,2,2,1,5,5,2,36,12,2,1,0,24,1,34,35,34035,4,2001,WBADT53421CE,W,B,A,D,T,5,3,4,2,1,C,E,0,0,0,000000000,00000000000,0,0,0,1,0,0,0,0,0,0,0,998,0,0,0,12,6,2,12,0,0,0,1,24,20664,6,1,0,0,3,0,71,190,0,0,0,2,1,6,2012,8,2013,0,0,0,0,0,3,3,55,1,1,2,1,0,0,1,64,1,1,1,98,1,1
24,240117,1,3,1,16,5,20,28,12,6,1,0,51,1,42,42,42042,4,1995,WDBHA22E2SF2,W,D,B,H,A,2,2,E,2,S,F,2,0,0,0,000000000,00000000000,0,0,0,1,0,0,0,0,0,0,0,998,0,0,0,4,6,2,12,0,0,0,1,51,22312,6,1,0,0,3,0,62,115,0,0,0,1,2,8,2011,11,2012,0,99,99,99,99,1,2,55,1,1,2,1,0,0,11,15,1,1,1,68,0,0
24,240117,2,3,1,16,5,20,28,12,6,1,0,24,1,37,706,37706,80,1997,JH2SC3304VM1,J,H,2,S,C,3,3,0,4,V,M,1,0,0,0,000000000,00000000000,0,0,0,1,0,0,0,0,0,0,0,998,0,0,0,12,6,2,12,0,0,0,1,24,20637,6,1,0,0,3,0,81,160,0,2,0,1,0,2,2013,1,2014,0,99,99,99,99,1,2,55,1,1,2,1,0,0,1,62,99,9,1,69,1,0
24,240117,3,3,1,16,5,20,28,12,6,1,0,24,1,6,52,6052,6,2002,3C4FY48B92T3,3,C,4,F,Y,4,8,B,9,2,T,3,0,0,0,000000000,00000000000,0,0,0,1,0,0,0,0,0,0,0,0,0,0,0,13,2,5,54,0,0,0,1,24,20659,6,1,0,0,3,0,66,200,0,0,0,0,0,0,0,0,0,0,0,0,0,0,1,2,55,1,1,2,1,0,0,1,98,1,1,1,98,0,0
24,240118,1,1,1,17,5,13,53,25,0,1,0,24,1,49,40,49040,4,2002,4T1BE30K62U5,4,T,1,B,E,3,0,K,6,2,U,5,0,0,0,000000000,00000000000,0,0,0,1,0,0,0,0,0,0,0,998,0,1,5,1,6,2,42,0,0,0,1,24,20814,6,1,0,0,3,0,71,172,0,0,0,0,0,0,0,0,0,0,0,0,0,0,3,4,55,1,1,2,1,0,0,1,13,1,1,4,1,1,0
24,240119,2,1,1,16,5,21,29,8,0,1,0,24,2,7,442,7442,20,2003,1D4GP23R43B3,1,D,4,G,P,2,3,R,4,3,B,3,0,0,0,000000000,00000000000,0,0,0,1,0,0,0,0,0,0,0,998,0,0,0,12,4,3,8,0,0,0,1,24,20622,6,1,0,0,3,0,66,150,0,1,0,1,1,11,2012,3,2014,0,0,0,0,0,1,2,50,3,3,2,1,0,0,14,80,1,1,1,13,0,0
24,240120,1,2,1,19,5,0,19,12,1,1,0,42,1,35,43,35043,4,2012,3N1AB6AP2CL7,3,N,1,A,B,6,A,P,2,C,L,7,0,0,0,000000000,00000000000,0,0,0,1,0,0,0,0,0,0,0,998,0,0,0,12,6,2,12,0,0,0,1,42,19086,6,1,0,0,3,0,69,999,0,0,0,0,0,0,0,0,0,0,26,27,39,0,3,3,65,1,1,2,98,98,3,15,13,1,1,4,98,1,1
24,240120,2,2,2,19,5,0,19,12,1,1,0,24,3,12,881,12881,62,2005,3FRNF75R05V1,3,F,R,N,F,7,5,R,0,5,V,1,0,0,88,888888888,88888888888,2,1,1,1,0,0,0,0,0,0,0,998,0,0,0,6,4,8,12,39,0,0,1,24,21061,6,1,0,0,3,0,66,155,0,0,0,0,0,0,0,0,0,0,0,0,0,0,3,3,65,1,1,8,1,98,3,1,62,1,1,5,98,0,0
24,240121,1,2,1,8,5,14,13,12,6,1,0,24,1,12,23,12023,4,2007,3FAHP01137R1,3,F,A,H,P,0,1,1,3,7,R,1,0,0,0,000000000,00000000000,0,0,0,1,0,0,0,0,0,0,0,998,0,0,0,9,6,2,12,0,0,0,1,24,20716,6,1,0,0,3,0,65,124,0,3,0,0,0,2,2012,12,2012,0,38,0,0,0,3,2,50,1,1,2,1,0,0,11,15,1,1,1,82,0,0
24,240121,2,2,1,8,5,14,13,12,6,1,0,24,1,73,706,73706,80,2009,JKBZXNC139A0,J,K,B,Z,X,N,C,1,3,9,A,0,0,0,0,000000000,00000000000,0,0,0,1,0,0,0,0,0,0,0,998,0,0,0,12,6,2,12,0,0,0,1,24,20721,6,1,0,0,3,0,79,280,0,0,0,2,0,1,2012,1,2012,3,0,0,0,0,3,2,50,1,1,2,1,0,0,1,67,99,9,1,83,1,0
24,240122,1,2,4,4,5,13,56,12,1,1,0,24,1,12,401,12401,14,2007,1FMEU64E77UA,1,F,M,E,U,6,4,E,7,7,U,A,0,0,0,000000000,00000000000,0,0,0,1,0,0,0,0,0,0,0,998,0,0,0,12,6,2,25,0,0,0,1,24,21221,6,1,0,0,3,0,67,185,0,0,0,0,0,0,0,0,0,3,26,0,0,0,6,2,55,3,5,2,1,0,0,1,51,1,1,1,24,1,0
24,240122,2,2,2,4,5,13,56,12,1,1,0,24,1,49,472,49472,30,2009,5TETU62N29Z6,5,T,E,T,U,6,2,N,2,9,Z,6,0,0,0,000000000,00000000000,0,0,0,1,0,0,0,0,0,0,0,998,0,0,0,6,6,2,25,0,0,0,1,24,21224,6,1,0,0,3,0,77,235,0,0,0,0,1,3,2013,3,2013,0,0,0,0,0,6,2,55,3,5,2,1,0,0,1,53,1,1,1,25,0,0
24,240123,1,1,2,16,5,3,29,24,0,1,0,24,1,59,31,59031,4,2001,JT8BF28G9151,J,T,8,B,F,2,8,G,9,1,5,1,0,0,0,000000000,00000000000,0,0,0,1,0,0,0,0,0,0,0,998,0,0,0,1,6,2,24,0,0,0,1,24,21617,6,1,0,0,3,2,67,178,0,0,0,0,1,2,2014,2,2014,4,74,0,0,0,3,3,55,1,1,2,2,0,0,1,12,1,9,4,6,1,1
24,240124,1,2,1,23,5,19,54,12,7,1,0,24,1,53,706,53706,80,2007,JS1GT77A4721,J,S,1,G,T,7,7,A,4,7,2,1,0,0,0,000000000,00000000000,0,0,0,1,0,0,0,0,0,0,0,998,0,0,0,2,6,2,25,0,0,0,1,24,21239,6,1,0,0,3,0,70,180,0,0,0,0,0,0,0,0,0,4,28,0,0,0,3,4,55,3,5,2,1,0,0,6,11,99,9,2,46,1,0
24,240124,2,2,1,23,5,19,54,12,7,1,0,24,2,20,2,20002,4,2004,2G1WF52K5494,2,G,1,W,F,5,2,K,5,4,9,4,0,0,0,000000000,00000000000,0,0,0,1,0,0,0,0,0,0,0,998,0,0,0,10,2,5,12,0,0,0,1,24,21030,6,1,0,0,3,0,69,212,0,2,0,0,0,7,2012,7,2012,0,0,0,0,0,3,4,55,3,5,2,1,0,0,1,62,1,1,1,45,0,0
24,240125,1,2,1,25,5,23,0,12,6,1,0,24,2,34,706,34706,80,2010,WB1022907AZU,W,B,1,0,2,2,9,0,7,A,Z,U,0,0,0,000000000,00000000000,0,0,0,1,0,0,0,0,0,0,0,998,0,0,0,12,6,2,12,0,0,0,1,24,20622,6,1,0,0,3,0,66,150,0,0,0,0,0,0,0,0,0,3,39,0,0,0,3,2,50,1,1,2,1,3,3,1,68,1,1,1,83,1,0
24,240125,2,2,1,25,5,23,0,12,6,1,0,24,1,55,33,55033,4,2012,5NPEC4AC5CH3,5,N,P,E,C,4,A,C,5,C,H,3,0,0,0,000000000,00000000000,0,0,0,1,0,0,0,0,0,0,0,998,0,0,0,10,6,2,12,0,0,0,1,24,20743,6,1,0,0,3,0,66,160,0,0,0,0,0,0,0,0,0,0,0,0,0,0,3,2,50,1,1,2,1,3,3,11,15,1,1,2,82,0,1
24,240126,1,1,1,27,5,16,15,42,0,1,0,24,2,19,18,19018,4,2003,1G6DM57N4301,1,G,6,D,M,5,7,N,4,3,0,1,0,0,0,000000000,00000000000,0,0,0,1,0,0,0,0,0,0,0,998,0,0,0,12,6,2,42,0,0,0,1,24,21804,6,1,0,0,3,0,74,220,0,1,0,2,0,2,2012,2,2014,4,0,0,0,0,1,2,50,3,1,2,1,0,0,14,13,1,1,4,1,1,1
24,240127,1,1,1,18,5,12,53,8,0,1,1,99,9,99,999,99999,99,9999,999999999999,9,9,9,9,9,9,9,9,9,9,9,9,0,0,0,000000000,00000000000,0,0,0,1,0,0,0,0,99,99,9,999,0,0,0,98,9,5,8,0,0,0,1,99,99999,9,9,99,9,9,9,999,999,99,99,99,99,99,99,9999,99,9999,9,99,99,99,99,2,3,35,1,1,2,1,2,3,1,80,99,9,1,13,0,0
24,240128,1,1,1,22,5,21,36,8,0,1,0,24,1,34,34,34034,4,2003,WBAEU334X3PM,W,B,A,E,U,3,3,4,X,3,P,M,0,0,0,000000000,00000000000,0,0,0,1,0,0,0,0,0,0,0,998,0,0,0,12,6,2,8,0,0,0,1,24,21085,6,1,0,0,3,0,65,160,0,0,0,0,0,0,0,0,0,0,0,0,0,0,3,2,55,1,1,2,1,0,0,1,80,1,1,1,13,0,0
24,240129,1,2,1,23,5,19,1,12,6,1,0,24,2,49,401,49401,14,1999,JT3HN86R1X02,J,T,3,H,N,8,6,R,1,X,0,2,0,0,0,000000000,00000000000,0,0,0,1,0,0,0,0,0,0,0,998,0,0,0,3,6,2,12,0,0,0,1,24,21075,6,1,0,0,3,0,68,175,0,0,0,1,0,6,2012,6,2012,0,38,0,0,0,3,3,45,1,1,2,1,0,0,12,98,1,1,1,98,0,0
24,240129,2,2,1,23,5,19,1,12,6,1,0,24,1,53,706,53706,80,2006,JS1VY52A1621,J,S,1,V,Y,5,2,A,1,6,2,1,0,0,0,000000000,00000000000,0,0,0,1,0,0,0,0,0,0,0,998,0,0,0,12,6,2,12,0,0,0,1,24,20607,6,1,0,0,3,0,69,200,0,0,0,2,0,2,2013,1,2014,0,0,0,0,0,3,3,45,1,1,2,1,0,0,1,62,99,9,1,98,1,0
24,240130,1,1,1,24,5,1,41,43,0,1,0,51,2,98,709,98709,80,9999,PR0204397,P,R,0,2,0,4,3,9,7,,,,0,0,0,000000000,00000000000,0,0,0,1,0,0,0,0,0,0,0,998,0,0,0,12,6,2,43,35,0,0,1,24,20772,6,1,0,0,3,0,68,180,0,0,0,0,0,0,0,0,0,4,0,0,0,0,1,2,25,1,1,2,1,0,0,3,14,99,9,4,14,1,0
24,240131,1,2,2,24,5,18,1,12,6,1,0,24,1,12,422,12422,15,2004,1FMFU18L14LA,1,F,M,F,U,1,8,L,1,4,L,A,0,0,0,000000000,00000000000,0,0,0,1,0,0,0,0,0,0,0,998,0,0,0,1,6,2,12,0,0,0,1,24,20743,6,1,0,0,3,0,79,240,0,0,0,1,0,12,2013,12,2013,0,38,0,0,0,2,3,30,1,1,2,1,0,0,11,15,1,1,1,68,0,0
24,240131,2,2,1,24,5,18,1,12,6,1,0,11,1,53,706,53706,80,2007,JS1GT77AX721,J,S,1,G,T,7,7,A,X,7,2,1,0,0,0,000000000,00000000000,0,0,0,1,0,0,0,0,0,0,0,998,0,0,0,12,6,2,12,0,0,0,1,11,20020,6,1,0,0,3,0,999,999,99,99,99,99,99,99,9999,99,9999,0,0,0,0,0,2,3,30,1,1,2,1,0,0,1,62,99,9,1,69,1,0
24,240132,1,1,2,23,5,23,11,16,0,1,0,24,1,55,33,55033,4,2007,5NPET46C27H2,5,N,P,E,T,4,6,C,2,7,H,2,0,0,0,000000000,00000000000,0,0,0,1,0,0,0,0,0,0,0,998,0,0,0,0,6,2,16,0,0,0,1,24,21050,6,1,0,0,3,0,72,220,0,0,0,0,0,0,0,0,0,0,0,0,0,0,1,2,40,1,2,2,1,0,0,1,98,99,9,1,0,1,0
24,240133,1,1,1,25,5,18,5,1,0,1,0,92,0,76,703,76703,80,2013,JYACG33CXDA0,J,Y,A,C,G,3,3,C,X,D,A,0,0,0,0,000000000,00000000000,0,0,0,1,0,0,0,0,0,0,0,998,0,0,0,0,6,2,1,0,0,0,1,24,21157,1,1,0,0,2,0,66,170,0,2,0,0,1,10,2013,10,2013,4,0,0,0,0,1,2,25,1,2,2,1,0,0,1,8,99,9,1,98,1,0
24,240134,1,1,1,29,5,16,11,25,0,1,0,24,2,20,481,20481,31,2006,2GCEC19Z3613,2,G,C,E,C,1,9,Z,3,6,1,3,0,0,0,000000000,00000000000,0,0,0,1,0,0,0,0,0,0,0,998,0,0,0,12,6,2,42,0,0,1,1,24,21035,6,1,0,0,3,0,71,145,0,0,0,1,2,3,2012,3,2014,0,0,0,0,0,3,3,55,1,1,2,2,0,0,1,10,1,1,4,6,1,0
24,240135,1,2,1,11,5,15,16,12,2,1,0,24,1,52,46,52046,4,2013,JA32W8FV3DU0,J,A,3,2,W,8,F,V,3,D,U,0,0,0,0,000000000,00000000000,0,0,0,1,0,0,0,0,0,0,0,998,0,0,0,12,6,2,12,0,0,0,1,24,21136,6,1,0,0,3,0,70,160,0,0,0,2,1,12,2012,11,2013,3,36,37,39,51,2,2,55,1,1,2,1,0,0,1,54,1,1,1,52,1,0
24,240135,2,2,1,11,5,15,16,12,2,1,0,24,1,12,402,12402,14,2010,1FMCU9EG6AKC,1,F,M,C,U,9,E,G,6,A,K,C,0,0,0,000000000,00000000000,0,0,0,1,0,0,0,0,0,0,0,998,0,0,0,12,6,2,12,0,0,0,1,24,20676,6,1,0,0,3,0,72,185,0,0,0,0,0,0,0,0,0,0,0,0,0,0,2,2,55,1,1,2,1,0,0,1,54,99,9,1,52,0,0
24,240136,1,1,1,1,6,13,9,9,0,1,0,24,1,13,1,13001,4,2003,1LNHM82W23Y6,1,L,N,H,M,8,2,W,2,3,Y,6,0,0,0,000000000,00000000000,0,0,0,1,0,0,0,0,0,0,0,998,0,0,0,12,4,3,9,0,0,0,1,24,21639,6,1,0,0,3,0,62,170,0,0,0,0,0,0,0,0,0,0,0,0,0,0,1,2,50,1,1,2,1,0,0,1,13,99,9,4,13,0,0
24,240137,1,2,1,2,6,13,32,12,2,1,0,24,1,12,422,12422,15,1998,1FMZU34E1WUB,1,F,M,Z,U,3,4,E,1,W,U,B,0,0,0,000000000,00000000000,0,0,0,1,0,0,0,0,0,0,0,998,0,0,0,12,6,2,12,0,0,0,1,24,21015,6,1,0,0,3,0,70,160,0,0,0,0,0,0,0,0,0,0,28,0,0,0,1,2,30,2,1,2,1,0,0,14,10,99,9,2,50,1,1
24,240137,2,2,1,2,6,13,32,12,2,1,0,24,1,12,422,12422,15,2002,1FMPU16L82LA,1,F,M,P,U,1,6,L,8,2,L,A,0,0,0,000000000,00000000000,0,0,0,1,0,0,0,0,0,0,0,998,0,0,0,12,6,2,12,0,0,0,1,24,21085,6,1,0,0,3,0,72,230,0,0,0,0,0,0,0,0,0,0,0,0,0,0,1,2,30,2,1,2,1,0,0,14,62,4,9,1,51,0,0
24,240138,1,1,1,4,6,23,15,42,0,1,0,24,1,35,47,35047,4,2012,1N4AL2AP0CN4,1,N,4,A,L,2,A,P,0,C,N,4,0,0,0,000000000,00000000000,0,0,0,1,0,0,0,0,0,0,0,998,0,0,0,12,6,2,42,0,0,0,1,24,20602,2,1,0,0,2,0,69,240,0,1,0,0,0,10,2012,10,2012,3,36,39,0,0,3,2,35,1,1,2,2,3,3,1,14,1,1,4,14,1,1
24,240139,1,1,1,21,3,7,9,25,0,1,0,24,3,20,498,20498,31,1988,1GCDC14H4JE1,1,G,C,D,C,1,4,H,4,J,E,1,0,0,0,000000000,00000000000,0,0,0,1,0,0,0,0,0,0,0,998,0,0,0,12,6,2,25,0,0,0,1,24,21229,6,7,0,0,3,0,69,156,0,0,0,0,0,0,0,0,0,3,0,0,0,0,3,2,50,4,1,2,1,0,0,14,9,99,9,4,2,1,0
24,240140,1,1,2,10,3,22,20,33,0,1,1,24,1,54,37,54037,2,2003,19UYA42673A0,1,9,U,Y,A,4,2,6,7,3,A,0,0,0,0,000000000,00000000000,0,0,0,1,0,0,0,0,0,0,0,998,0,0,0,14,6,2,42,0,0,0,1,24,21215,1,1,0,0,2,0,72,140,0,1,0,0,0,11,2013,11,2013,2,36,0,0,0,1,2,30,1,1,2,1,0,0,1,11,99,9,4,15,1,0
24,240141,1,2,1,1,5,22,51,8,0,1,0,24,1,34,34,34034,4,1998,WBACD4329WAV,W,B,A,C,D,4,3,2,9,W,A,V,0,0,0,000000000,00000000000,0,0,0,1,0,0,0,0,0,0,0,998,0,0,0,12,4,5,8,0,0,0,1,24,21133,6,1,0,0,3,0,68,250,0,0,0,0,0,0,0,0,0,0,0,0,0,0,1,4,40,1,1,2,1,0,0,1,80,1,1,1,13,0,0
24,240141,2,2,1,1,5,22,51,8,0,1,1,24,1,52,37,52037,2,2000,4A3AC54L4YE0,4,A,3,A,C,5,4,L,4,Y,E,0,0,0,0,000000000,00000000000,0,0,0,1,0,0,0,0,0,0,0,998,0,0,0,14,4,5,8,0,0,0,1,24,21117,6,1,0,0,3,0,68,175,0,0,0,1,0,4,2013,4,2013,0,0,0,0,0,1,4,40,1,1,2,1,0,0,1,80,1,1,1,98,0,0
24,240142,1,1,2,3,5,20,58,8,0,1,0,24,1,55,401,55401,14,2004,KM8SB12B44U7,K,M,8,S,B,1,2,B,4,4,U,7,0,0,0,000000000,00000000000,0,0,0,1,0,0,0,0,0,0,0,998,0,0,0,12,4,5,8,0,0,0,1,24,20706,0,0,0,0,0,0,66,175,0,0,0,0,0,0,0,0,0,0,0,0,0,0,1,6,35,1,6,2,1,0,0,1,80,1,1,1,13,0,0
24,240143,1,1,2,5,6,18,53,34,0,1,0,24,1,63,38,63038,4,2010,KNAFU4A21A50,K,N,A,F,U,4,A,2,1,A,5,0,0,0,0,000000000,00000000000,0,0,0,1,0,0,0,0,0,0,0,998,0,1,5,11,6,2,1,0,0,0,1,24,20659,6,1,0,0,3,0,60,126,0,0,0,0,0,0,0,0,0,0,58,0,0,0,1,2,50,1,1,2,1,0,0,1,9,6,9,4,5,1,1
24,240144,1,1,1,5,6,13,2,35,0,1,0,24,1,53,705,53705,80,1999,JS1GR7DAXX21,J,S,1,G,R,7,D,A,X,X,2,1,0,0,0,000000000,00000000000,0,0,0,1,0,0,0,0,0,0,0,78,0,0,0,2,6,2,35,0,0,0,1,24,21701,6,1,0,0,3,0,68,140,0,0,0,1,0,4,2013,4,2013,3,37,0,0,0,1,2,45,3,6,2,1,0,0,14,9,4,5,4,2,1,1
24,240145,1,1,1,7,6,20,3,20,0,1,0,24,1,72,706,72706,80,2010,1HD1KH410AB6,1,H,D,1,K,H,4,1,0,A,B,6,0,0,0,000000000,00000000000,0,0,0,1,0,0,0,0,0,0,0,998,0,0,0,12,6,2,20,0,0,0,1,24,20716,6,1,0,0,3,0,76,250,0,0,0,0,0,0,0,0,0,3,36,27,39,0,3,4,55,1,1,2,1,0,0,15,11,1,1,4,1,1,0
24,240146,1,1,1,8,6,4,1,32,0,1,0,24,1,49,43,49043,4,2000,4T1BF28B0YU0,4,T,1,B,F,2,8,B,0,Y,U,0,0,0,0,000000000,00000000000,0,0,0,1,0,0,0,0,0,0,0,998,0,0,0,12,6,2,24,0,0,0,1,24,20769,6,1,0,0,3,0,70,220,0,0,0,0,0,0,0,0,0,0,0,0,0,0,2,2,55,1,1,2,1,0,0,1,9,99,4,4,7,1,1
24,240147,1,1,4,8,6,19,24,30,0,1,0,42,2,12,481,12481,31,2004,1FTNW21L54ED,1,F,T,N,W,2,1,L,5,4,E,D,0,0,0,000000000,00000000000,0,0,0,1,0,0,0,0,0,0,0,998,0,1,5,1,6,2,1,0,0,0,1,10,19701,1,1,1,0,2,0,67,140,0,1,0,0,2,8,2012,1,2014,4,0,0,0,0,1,2,35,2,6,2,1,0,0,14,6,99,9,4,7,1,1
24,240148,1,2,2,9,6,9,58,12,1,1,0,54,2,12,401,12401,14,2004,1FMZU72K94UB,1,F,M,Z,U,7,2,K,9,4,U,B,0,0,0,000000000,00000000000,0,0,0,1,0,0,0,0,0,0,0,998,0,0,0,12,4,3,12,0,0,0,1,54,25425,6,1,0,0,3,0,67,155,0,0,0,1,1,12,2012,10,2013,0,0,0,0,0,1,2,55,1,1,2,1,0,0,1,51,1,1,1,24,0,0
24,240148,2,2,2,9,6,9,58,12,1,1,0,24,2,18,25,18025,4,2013,1G4PP5SK7D42,1,G,4,P,P,5,S,K,7,D,4,2,0,0,0,000000000,00000000000,0,0,0,1,0,0,0,0,0,0,0,998,0,0,0,6,6,2,12,0,0,0,1,24,21758,6,1,0,0,3,0,61,180,0,0,0,0,0,0,0,0,0,0,0,0,0,0,1,2,55,1,1,2,1,0,0,2,53,1,1,1,25,1,0
24,240149,1,2,1,9,6,14,46,12,6,1,0,24,1,37,402,37402,14,2006,SHSRD68516U4,S,H,S,R,D,6,8,5,1,6,U,4,0,0,0,000000000,00000000000,0,0,0,1,0,0,0,0,0,0,0,998,0,0,0,12,4,3,12,0,0,0,1,24,21236,6,1,0,0,3,0,62,112,0,0,0,0,0,0,0,0,0,0,39,0,0,0,3,2,35,1,1,2,1,3,3,1,66,1,1,1,88,0,0
24,240149,2,2,1,9,6,14,46,12,6,1,0,24,2,98,709,98709,88,2008,LFGTCKPM4810,L,F,G,T,C,K,P,M,4,8,1,0,0,0,0,000000000,00000000000,0,0,0,1,0,0,0,0,0,0,0,998,0,0,0,11,6,2,12,0,0,0,1,24,21216,0,0,0,0,0,0,70,220,0,0,0,0,0,0,0,0,0,0,0,0,0,0,1,2,30,1,1,2,1,3,3,3,17,99,9,1,89,1,0
24,240150,1,2,3,12,6,14,40,12,2,1,0,24,1,55,402,55402,14,2005,KM8JN72D25U1,K,M,8,J,N,7,2,D,2,5,U,1,0,0,0,000000000,00000000000,0,0,0,1,0,0,0,0,0,0,0,998,0,0,0,12,6,2,12,0,0,0,1,24,21742,6,1,0,0,3,0,64,281,0,0,0,0,0,0,0,0,0,0,0,0,0,0,1,2,50,1,1,2,1,0,0,1,62,99,9,1,51,1,0
24,240150,2,2,4,12,6,14,40,12,2,1,0,24,1,12,443,12443,20,2004,2FMZA51604BA,2,F,M,Z,A,5,1,6,0,4,B,A,0,0,0,000000000,00000000000,0,0,0,1,0,0,0,0,0,0,0,998,0,0,0,12,6,2,12,0,0,0,1,24,21740,6,1,0,0,3,0,60,110,0,1,0,0,0,1,2014,1,2014,0,28,0,0,0,1,2,50,1,1,2,1,0,0,1,10,6,1,2,50,0,0
24,240151,1,1,3,14,6,0,0,1,0,1,0,24,2,35,47,35047,4,2006,1N4AL11D76N3,1,N,4,A,L,1,1,D,7,6,N,3,0,0,0,000000000,00000000000,0,0,0,1,0,0,0,0,0,0,0,998,0,2,1,0,6,2,1,0,0,0,1,24,21901,6,1,0,0,3,0,67,140,0,1,0,0,0,7,2012,7,2012,0,0,0,0,0,1,2,40,3,1,2,1,0,0,14,99,99,9,1,98,1,1