STATE,ST_CASE,VEH_NO,VE_FORMS,NUMOCCS,DAY,MONTH,HOUR,MINUTE,HARM_EV,MAN_COLL,UNITTYPE,HIT_RUN,REG_STAT,OWNER,MAKE,MODEL,MAK_MOD,BODY_TYP,MOD_YEAR,VIN,VIN_1,VIN_2,VIN_3,VIN_4,VIN_5,VIN_6,VIN_7,VIN_8,VIN_9,VIN_10,VIN_11,VIN_12,TOW_VEH,J_KNIFE,MCARR_I1,MCARR_I2,MCARR_ID,GVWR,V_CONFIG,CARGO_BT,HAZ_INV,HAZ_PLAC,HAZ_ID,HAZ_CNO,HAZ_REL,BUS_USE,SPEC_USE,EMER_USE,TRAV_SP,UNDERIDE,ROLLOVER,ROLINLOC,IMPACT1,DEFORMED,TOWED,M_HARM,VEH_SC1,VEH_SC2,FIRE_EXP,DR_PRES,L_STATE,DR_ZIP,L_STATUS,L_TYPE,CDL_STAT,L_ENDORS,L_COMPL,L_RESTRI,DR_HGT,DR_WGT,PREV_ACC,PREV_SUS,PREV_DWI,PREV_SPD,PREV_OTH,FIRST_MO,FIRST_YR,LAST_MO,LAST_YR,SPEEDREL,DR_SF1,DR_SF2,DR_SF3,DR_SF4,VTRAFWAY,VNUM_LAN,VSPD_LIM,VALIGN,VPROFILE,VPAVETYP,VSURCOND,VTRAFCON,VTCONT_F,P_CRASH1,P_CRASH2,P_CRASH3,PCRASH4,PCRASH5,ACC_TYPE,DEATHS,DR_DRINK
24,240152,1,1,6,23,6,4,18,24,0,1,0,47,1,7,442,7442,20,2007,2D8GP44L07R2,2,D,8,G,P,4,4,L,0,7,R,2,0,0,0,000000000,00000000000,0,0,0,1,0,0,0,0,0,0,0,998,0,0,0,10,6,2,24,0,0,0,1,47,38541,6,1,0,0,3,0,73,175,0,0,0,0,0,0,0,0,0,0,0,0,0,0,3,3,65,1,1,2,1,0,0,1,12,1,1,4,6,1,0
24,240153,1,2,2,12,6,21,39,12,6,1,0,41,3,84,882,84882,66,2014,3HSDJSNRXEN0,3,H,S,D,J,S,N,R,X,E,N,0,1,1,57,270179,57270179,3,6,1,1,0,0,0,0,0,0,0,998,0,0,0,7,4,3,12,0,0,0,1,48,79904,6,1,6,0,3,0,68,140,0,0,0,0,0,0,0,0,0,0,38,0,0,0,1,2,45,1,5,2,2,20,3,11,15,1,1,1,82,0,0
24,240153,2,2,1,12,6,21,39,12,6,1,0,24,1,49,482,49482,31,2008,5TFRU54108X0,5,T,F,R,U,5,4,1,0,8,X,0,0,0,0,000000000,00000000000,0,0,0,1,0,0,0,0,0,0,0,998,0,0,0,12,6,2,12,0,0,0,1,24,21042,6,1,0,0,3,0,71,195,0,0,0,1,0,5,2014,5,2014,0,0,0,0,0,1,2,45,1,5,2,2,0,0,1,67,99,9,1,83,1,0
24,240154,1,1,1,28,6,3,56,25,0,1,0,24,1,73,705,73705,80,2008,JKAZX4P128A0,J,K,A,Z,X,4,P,1,2,8,A,0,0,0,0,000000000,00000000000,0,0,0,1,0,0,0,0,0,0,0,998,0,0,0,9,6,2,25,0,0,0,1,24,21740,1,1,0,0,2,0,74,235,0,1,0,1,2,1,2013,5,2014,3,0,0,0,0,3,2,65,2,6,2,1,0,0,14,6,99,9,4,7,1,0
24,240155,1,2,2,8,7,10,23,12,2,1,0,24,1,12,16,12016,6,1989,2FABP77F2KX1,2,F,A,B,P,7,7,F,2,K,X,1,0,0,0,000000000,00000000000,0,0,0,1,0,0,0,0,0,0,0,998,0,0,0,12,6,2,12,0,0,0,1,24,20743,6,1,0,0,3,0,73,205,0,0,0,0,3,6,2013,6,2013,0,28,0,0,0,3,3,35,1,6,2,1,3,3,1,10,1,1,2,50,1,1
24,240155,2,2,2,8,7,10,23,12,2,1,0,24,3,98,884,98884,62,2006,5PVND8JP062S,5,P,V,N,D,8,J,P,0,6,2,S,0,0,88,888888888,88888888888,2,1,97,1,0,0,0,0,0,0,0,998,0,0,0,12,4,8,12,0,0,0,1,24,20607,6,1,0,0,3,0,70,225,0,2,0,0,1,3,2013,3,2014,0,0,0,0,0,3,3,35,1,6,2,1,3,3,1,62,99,9,1,51,0,0
24,240156,1,1,3,17,7,22,44,33,0,1,1,24,1,12,3,12003,2,2012,1ZVBP8CF1C52,1,Z,V,B,P,8,C,F,1,C,5,2,0,0,0,000000000,00000000000,0,0,0,1,0,0,0,0,0,0,0,998,0,0,0,14,6,2,30,0,0,0,1,24,20735,1,1,0,0,2,0,71,145,0,3,0,1,0,3,2013,3,2014,3,36,0,0,0,1,2,35,3,1,2,1,0,0,14,6,99,9,4,2,1,0
24,240157,1,2,1,20,6,7,6,12,6,1,0,24,3,12,481,12481,31,2012,1FTMF1CM8CKE,1,F,T,M,F,1,C,M,8,C,K,E,0,0,0,000000000,00000000000,0,0,0,1,0,0,0,0,0,0,0,998,0,0,0,3,6,2,12,0,0,0,1,24,21042,6,1,0,0,3,0,71,210,0,0,0,0,0,0,0,0,0,0,38,0,0,0,1,4,55,1,1,2,1,3,3,11,15,1,1,1,68,0,0
24,240157,2,2,1,20,6,7,6,12,6,1,0,24,2,73,705,73705,80,2007,JKAKLEA147DA,J,K,A,K,L,E,A,1,4,7,D,A,0,0,0,000000000,00000000000,0,0,0,1,0,0,0,0,0,0,0,998,0,0,0,12,6,2,12,0,0,0,1,24,21157,6,1,0,0,3,0,70,170,0,0,0,0,0,0,0,0,0,0,0,0,0,0,1,4,55,1,1,2,1,0,0,1,62,99,9,2,69,1,0
24,240158,1,1,1,21,6,21,32,8,0,1,0,24,1,49,32,49032,4,2010,2T1BU4EEXAC2,2,T,1,B,U,4,E,E,X,A,C,2,0,0,0,000000000,00000000000,0,0,0,1,0,0,0,0,0,0,0,998,0,0,0,12,6,2,8,0,0,0,1,24,21136,6,1,0,0,3,0,66,233,0,0,0,1,0,2,2014,2,2014,0,0,0,0,0,3,4,45,1,6,2,1,0,0,1,80,99,9,1,13,0,0
24,240159,1,2,2,25,6,16,30,12,1,1,0,24,1,19,14,19014,4,1995,1G6KS52Y0SU8,1,G,6,K,S,5,2,Y,0,S,U,8,0,0,0,000000000,00000000000,0,0,0,1,0,0,0,0,0,0,0,998,0,0,0,12,6,2,12,0,0,0,1,24,21122,6,1,0,0,3,0,66,160,0,1,0,0,2,1,2012,3,2013,0,0,0,0,0,4,2,50,1,1,2,1,0,0,1,51,99,9,1,24,0,0
24,240159,2,2,1,25,6,16,30,12,1,1,0,10,1,63,33,63033,4,2007,KNAFE1218754,K,N,A,F,E,1,2,1,8,7,5,4,0,0,0,000000000,00000000000,0,0,0,1,0,0,0,0,0,0,0,998,0,1,1,6,6,2,1,0,0,0,1,10,19973,6,1,0,0,3,0,61,250,0,0,0,1,0,6,2013,6,2013,0,0,0,0,0,4,2,50,1,1,2,1,0,0,2,53,4,1,1,25,1,0
24,240160,1,3,1,26,6,9,52,12,1,1,0,24,1,7,482,7482,31,1998,1B7HC16X0WS5,1,B,7,H,C,1,6,X,0,W,S,5,0,0,0,000000000,00000000000,0,0,0,1,0,0,0,0,0,0,0,998,0,0,0,12,6,2,12,0,0,0,1,24,21643,6,1,0,0,3,2,69,140,0,0,0,0,1,12,2013,12,2013,4,74,0,0,0,1,2,50,1,1,2,1,0,0,1,50,1,1,1,20,0,0
24,240160,2,3,1,26,6,9,52,12,1,1,0,24,2,37,705,37705,80,1984,JH2RC200XEM0,J,H,2,R,C,2,0,0,X,E,M,0,0,0,0,000000000,00000000000,0,0,0,1,0,0,0,0,0,0,0,0,0,0,0,6,6,2,12,0,0,0,1,24,21632,6,1,0,0,3,0,73,230,0,0,0,0,0,0,0,0,0,0,0,0,0,0,1,2,50,1,1,2,1,0,0,5,53,1,1,1,21,1,1
24,240160,3,3,1,26,6,9,52,12,1,1,0,24,3,98,806,98806,61,2005,JHBNC6JK551S,J,H,B,N,C,6,J,K,5,5,1,S,0,0,57,945944,57945944,2,1,3,1,0,0,0,0,0,0,0,0,0,0,0,6,4,5,12,0,0,0,1,10,19973,6,1,6,0,3,0,68,230,0,0,0,0,0,0,0,0,0,0,0,0,0,0,1,2,50,1,1,2,1,0,0,5,53,1,1,1,98,0,0
24,240161,1,1,1,10,5,3,44,8,0,1,0,45,3,35,47,35047,4,2014,1N4AL3AP1EC2,1,N,4,A,L,3,A,P,1,E,C,2,0,0,0,000000000,00000000000,0,0,0,1,0,0,0,0,0,0,0,998,0,0,0,12,4,3,8,0,0,0,1,24,20903,6,1,0,0,3,0,74,220,0,0,0,0,0,0,0,0,0,0,0,0,0,0,2,3,30,1,1,2,1,0,0,1,80,99,9,1,13,0,0
24,240162,1,1,1,14,5,21,26,8,0,1,0,24,1,20,404,20404,14,2013,2GNALBEK8D62,2,G,N,A,L,B,E,K,8,D,6,2,0,0,0,000000000,00000000000,0,0,0,1,0,0,0,0,0,0,0,998,0,0,0,11,4,5,8,0,0,0,1,24,21234,6,1,0,0,3,0,73,215,0,0,0,0,0,0,0,0,0,0,0,0,0,0,1,4,35,1,5,2,1,0,0,15,81,1,1,1,13,0,0
24,240163,1,2,1,23,5,7,0,12,6,1,0,24,1,49,46,49046,4,2009,JTDKB20U7978,J,T,D,K,B,2,0,U,7,9,7,8,0,0,0,000000000,00000000000,0,0,0,1,0,0,0,0,0,0,0,998,0,0,0,1,6,2,12,0,0,0,1,24,21776,6,1,0,0,3,3,68,230,0,0,0,0,0,0,0,0,0,0,38,0,0,0,1,2,40,1,1,2,1,4,3,11,15,1,1,1,76,1,0
24,240163,2,2,1,23,5,7,0,12,6,1,0,24,2,35,47,35047,4,2009,1N4AL21E99N4,1,N,4,A,L,2,1,E,9,9,N,4,0,0,0,000000000,00000000000,0,0,0,1,0,0,0,0,0,0,0,998,0,0,0,12,6,2,12,0,0,0,1,24,21144,6,1,0,0,3,0,69,173,0,2,0,1,0,10,2012,5,2013,0,0,0,0,0,1,2,40,1,1,2,1,4,3,1,65,99,9,1,77,0,0
24,240164,1,2,1,6,6,15,23,12,2,1,0,24,1,37,31,37031,4,1990,JHMEE2750LS0,J,H,M,E,E,2,7,5,0,L,S,0,0,0,0,000000000,00000000000,0,0,0,1,0,0,0,0,0,0,0,998,0,0,0,12,6,2,12,0,0,0,1,24,21136,6,1,0,0,3,0,65,170,0,0,0,0,0,0,0,0,0,0,28,0,0,0,1,2,40,2,1,2,1,0,0,14,10,1,1,2,50,1,0
24,240164,2,2,2,6,6,15,23,12,2,1,0,24,1,37,421,37421,15,2008,5FNYF18748B0,5,F,N,Y,F,1,8,7,4,8,B,0,0,0,0,000000000,00000000000,0,0,0,1,0,0,0,0,0,0,0,998,0,0,0,12,6,2,12,0,0,0,1,24,21117,6,1,0,0,3,0,65,128,0,0,0,0,0,0,0,0,0,0,0,0,0,0,1,2,40,2,1,2,1,0,0,14,62,98,1,1,51,0,0
24,240165,1,1,1,8,6,20,8,34,0,1,0,24,0,53,706,53706,80,2003,JS1GT75A2321,J,S,1,G,T,7,5,A,2,3,2,1,0,0,0,000000000,00000000000,0,0,0,1,0,0,0,0,0,0,0,998,0,0,0,98,6,2,30,0,0,0,1,24,21826,6,1,0,0,3,0,70,185,0,0,0,0,0,0,0,0,0,0,0,0,0,0,1,2,50,1,1,2,1,0,0,1,12,1,1,4,6,1,0
24,240166,1,1,3,18,6,21,27,42,0,1,0,24,1,49,50,49050,3,2005,JTKDE1771500,J,T,K,D,E,1,7,7,1,5,0,0,0,0,0,000000000,00000000000,0,0,0,1,0,0,0,0,0,0,0,998,0,0,0,3,6,2,42,0,0,0,1,24,21122,6,1,0,0,3,0,72,180,0,2,0,0,1,3,2012,7,2013,3,36,58,0,0,3,2,55,2,1,2,1,0,0,14,6,7,4,4,7,1,0
24,240167,1,2,1,17,6,11,13,12,2,1,0,24,1,73,705,73705,80,2013,JKBZXJF10DA0,J,K,B,Z,X,J,F,1,0,D,A,0,0,0,0,000000000,00000000000,0,0,0,1,0,0,0,0,0,0,0,998,0,0,0,12,6,2,12,0,0,0,1,24,21244,1,1,0,0,2,2,71,150,0,3,0,1,0,1,2012,6,2014,3,36,39,74,0,2,3,45,1,5,2,1,3,3,1,17,1,1,1,69,1,0
24,240167,2,2,1,17,6,11,13,12,2,1,0,24,1,24,1,24001,4,2001,1G8ZK52781Z2,1,G,8,Z,K,5,2,7,8,1,Z,2,0,0,0,000000000,00000000000,0,0,0,1,0,0,0,0,0,0,0,998,0,0,0,12,6,2,12,0,0,0,1,24,21043,6,1,0,0,3,0,63,160,0,0,0,0,0,0,0,0,0,0,0,0,0,0,2,3,45,1,5,2,1,3,3,11,62,1,1,1,68,0,0
24,240168,1,1,1,7,6,23,47,8,0,1,0,42,1,30,46,30046,4,2000,WVWMA23B6YP2,W,V,W,M,A,2,3,B,6,Y,P,2,0,0,0,000000000,00000000000,0,0,0,1,0,0,0,0,0,0,0,998,0,0,0,12,6,2,8,0,0,0,1,42,17406,6,1,0,0,3,0,70,999,0,0,0,0,0,0,0,0,0,0,0,0,0,0,1,4,30,1,1,2,1,0,0,1,80,9,1,1,13,0,0
24,240169,1,1,1,7,6,22,58,33,0,1,0,24,1,20,8,20008,2,1971,113271W13543,1,1,3,2,7,1,W,1,3,5,4,3,0,0,0,000000000,00000000000,0,0,0,1,0,0,0,0,0,0,0,998,0,1,5,14,6,2,1,0,0,0,1,24,21218,6,1,0,0,3,0,72,210,0,0,0,0,0,0,0,0,0,0,0,0,0,0,1,2,30,1,5,2,1,0,0,1,9,99,5,4,7,1,1
24,240170,1,1,2,23,6,5,12,42,0,1,0,24,1,49,33,49033,2,2000,JTDDR32T4Y00,J,T,D,D,R,3,2,T,4,Y,0,0,0,0,0,000000000,00000000000,0,0,0,1,0,0,0,0,0,0,0,998,0,0,0,9,6,2,42,0,0,0,1,24,21783,6,1,0,0,3,0,70,160,0,0,0,1,0,9,2013,9,2013,4,0,0,0,0,1,2,40,2,2,2,1,0,0,1,11,99,3,4,5,2,0
24,240171,1,1,1,28,6,0,1,43,0,1,0,24,1,72,706,72706,80,2004,1HD1GPW1X4K3,1,H,D,1,G,P,W,1,X,4,K,3,0,0,0,000000000,00000000000,0,0,0,1,0,0,0,0,0,0,0,998,0,0,0,12,6,2,43,0,0,0,1,24,21409,6,1,0,0,3,0,72,175,0,0,0,0,1,11,2013,11,2013,9,99,99,99,99,3,2,25,1,6,2,1,28,3,1,12,99,9,4,6,1,1
24,240172,1,1,1,17,6,14,18,42,0,1,0,24,1,7,402,7402,14,2002,1B4HS48N72F1,1,B,4,H,S,4,8,N,7,2,F,1,0,0,0,000000000,00000000000,0,0,0,1,0,0,0,0,0,0,0,998,0,0,0,12,6,2,42,0,0,1,1,24,20705,6,1,0,0,3,0,71,220,0,1,0,0,0,7,2013,7,2013,4,0,0,0,0,1,2,40,2,1,2,1,0,0,14,9,99,9,4,5,1,0
24,240173,1,1,3,15,6,20,29,43,0,1,0,24,2,20,24,20024,6,2010,1GNLREED6AJ2,1,G,N,L,R,E,E,D,6,A,J,2,0,0,0,000000000,00000000000,0,0,0,1,0,0,0,0,0,0,0,998,0,0,0,1,6,2,33,0,0,0,1,24,20743,6,1,0,0,3,0,72,200,0,0,0,0,0,0,0,0,0,0,0,0,0,0,3,3,40,1,5,2,1,0,0,1,12,1,1,4,6,1,0
24,240174,1,1,1,8,7,5,24,42,0,1,0,24,1,12,481,12481,31,1997,1FTDF08W6VKA,1,F,T,D,F,0,8,W,6,V,K,A,0,0,0,000000000,00000000000,0,0,0,1,0,0,0,0,0,0,0,998,0,0,0,9,6,2,42,0,0,0,1,24,21811,6,1,0,0,3,0,71,185,0,0,0,0,0,0,0,0,0,0,0,0,0,0,3,2,55,1,1,2,1,0,0,1,13,1,1,4,1,1,1
24,240175,1,1,1,1,7,22,49,33,0,1,0,24,1,73,706,73706,80,2008,JKBZGNB118A0,J,K,B,Z,G,N,B,1,1,8,A,0,0,0,0,000000000,00000000000,0,0,0,1,0,0,0,0,0,0,0,998,0,0,0,12,6,2,52,0,0,0,1,24,20902,6,1,0,0,3,0,72,250,0,0,0,1,0,6,2013,6,2013,0,0,0,0,0,3,2,45,2,1,2,1,0,0,14,12,1,1,4,6,1,1
24,240176,1,2,2,4,7,18,21,12,6,1,0,24,1,53,706,53706,80,2007,JS1GT77A0721,J,S,1,G,T,7,7,A,0,7,2,1,0,0,0,000000000,00000000000,0,0,0,1,0,0,0,0,0,0,0,998,0,0,0,12,6,2,12,0,0,0,1,24,20707,6,1,0,0,3,0,71,215,0,0,0,2,1,7,2011,12,2012,9,99,99,99,99,3,4,45,1,1,2,1,0,0,1,67,1,1,1,83,1,0
24,240176,2,2,2,4,7,18,21,12,6,1,0,24,1,37,402,37402,14,2007,5J6RE38377L0,5,J,6,R,E,3,8,3,7,7,L,0,0,0,0,000000000,00000000000,0,0,0,1,0,0,0,0,0,0,0,998,0,0,0,10,6,2,12,0,0,0,1,24,20866,6,1,0,0,3,0,72,190,0,0,0,0,0,0,0,0,0,0,99,99,99,99,8,8,25,8,8,2,1,20,3,11,15,1,1,1,82,0,0
24,240177,1,1,1,4,7,17,5,33,0,1,0,24,2,76,705,76705,80,2003,JYARJ06E03A0,J,Y,A,R,J,0,6,E,0,3,A,0,0,0,0,000000000,00000000000,0,0,0,1,0,0,0,0,0,0,0,998,0,0,0,12,6,2,33,0,0,0,1,24,20725,6,1,0,0,3,0,71,190,0,0,0,0,0,0,0,0,0,9,0,0,0,0,3,3,40,3,1,2,1,0,0,99,13,99,9,4,5,1,1
24,240178,1,2,1,8,7,15,10,12,2,1,0,24,1,6,51,6051,4,2010,2C3CA4CDXAH1,2,C,3,C,A,4,C,D,X,A,H,1,0,0,0,000000000,00000000000,0,0,0,1,0,0,0,0,0,0,0,998,0,0,0,12,6,2,12,0,0,0,1,24,21239,6,1,0,0,3,0,67,200,0,0,0,0,0,0,0,0,0,0,28,0,0,0,1,2,40,1,6,2,1,0,0,1,10,1,1,1,50,1,0
24,240178,2,2,1,8,7,15,10,12,2,1,0,24,1,12,481,12481,31,2008,1FTRF12228KE,1,F,T,R,F,1,2,2,2,8,K,E,0,0,0,000000000,00000000000,0,0,0,1,0,0,0,0,0,0,0,998,0,0,0,12,6,2,12,0,0,0,1,24,21236,6,1,0,0,3,0,70,150,0,0,0,0,0,0,0,0,0,0,0,0,0,0,1,2,40,1,6,2,1,0,0,1,62,99,9,1,51,0,0
24,240179,1,2,1,6,7,23,45,12,6,1,0,24,1,62,421,62421,15,2011,SALFR2BN9BH2,S,A,L,F,R,2,B,N,9,B,H,2,0,0,0,000000000,00000000000,0,0,0,1,0,0,0,0,0,0,0,998,0,1,1,12,6,2,12,0,0,0,1,24,21804,6,1,0,0,3,0,66,145,0,0,0,0,1,2,2013,2,2013,0,38,0,0,0,1,2,50,1,1,2,1,21,3,1,66,1,1,1,88,0,1
24,240179,2,2,1,6,7,23,45,12,6,1,0,24,1,12,471,12471,31,2002,1FTZR45EX2TA,1,F,T,Z,R,4,5,E,X,2,T,A,0,0,0,000000000,00000000000,0,0,0,1,0,0,0,0,0,0,0,998,0,0,0,10,6,2,12,0,0,0,1,24,21632,6,1,0,0,3,0,75,260,0,0,0,0,0,0,0,0,0,0,0,0,0,0,3,2,55,1,1,2,1,0,0,1,17,1,1,1,89,1,0
24,240180,1,2,1,9,7,9,7,12,1,1,0,24,1,20,2,20002,4,2007,2G1WC58R5793,2,G,1,W,C,5,8,R,5,7,9,3,0,0,0,000000000,00000000000,0,0,0,1,0,0,0,0,0,0,0,998,0,0,0,12,6,2,12,0,0,0,1,24,21723,6,1,0,0,3,0,73,150,0,0,0,0,0,0,0,0,0,0,27,0,0,0,3,3,65,1,1,2,1,0,0,15,50,6,1,1,20,1,0
24,240180,2,2,2,9,7,9,7,12,1,1,0,17,3,38,890,38890,61,2014,JALC4W168E70,J,A,L,C,4,W,1,6,8,E,7,0,0,0,57,2470819,572470819,2,2,1,1,0,0,0,0,0,0,0,0,0,0,0,6,6,2,12,0,0,0,1,17,60554,6,1,6,0,3,0,72,148,0,0,0,0,0,0,0,0,0,0,0,0,0,0,3,3,65,1,1,2,1,0,0,5,53,1,1,1,21,0,0
24,240181,1,1,1,13,7,2,8,34,0,1,0,51,2,55,35,55035,4,2008,KMHDU46D88U4,K,M,H,D,U,4,6,D,8,8,U,4,0,0,0,000000000,00000000000,0,0,0,1,0,0,0,0,0,0,0,998,0,1,1,12,6,2,1,0,0,0,1,51,22039,6,1,0,0,3,0,72,170,0,0,0,1,1,9,2012,9,2012,0,0,0,0,0,1,2,50,1,1,2,1,0,0,1,12,99,9,4,7,1,1
24,240182,1,1,2,6,7,2,57,8,0,1,1,51,1,35,443,35443,20,2008,5N1BV28U38N1,5,N,1,B,V,2,8,U,3,8,N,1,0,0,0,000000000,00000000000,0,0,0,1,0,0,0,0,0,0,0,998,0,0,0,12,4,5,8,0,0,0,1,51,20111,6,1,0,0,3,0,69,180,0,0,0,0,0,0,0,0,0,0,0,0,0,0,3,2,30,1,1,2,1,0,0,1,80,1,1,1,13,0,1
24,240183,1,1,1,11,7,20,40,42,0,1,0,11,2,69,54,69054,3,2005,WMWRE33435TD,W,M,W,R,E,3,3,4,3,5,T,D,0,0,0,000000000,00000000000,0,0,0,1,0,0,0,0,0,0,0,998,0,0,0,1,6,2,42,0,0,0,1,11,20011,6,1,0,0,3,0,999,999,99,99,99,99,99,99,9999,99,9999,0,0,0,0,0,1,2,25,2,1,2,1,0,0,14,12,1,1,4,10,1,1
24,240184,1,1,1,12,7,20,52,33,0,1,0,24,1,73,706,73706,80,2011,JKAZXCJ10BA0,J,K,A,Z,X,C,J,1,0,B,A,0,0,0,0,000000000,00000000000,0,0,0,1,0,0,0,0,0,0,0,998,0,0,0,12,6,2,42,0,0,0,1,24,20772,6,1,0,0,3,0,72,240,0,0,0,0,0,0,0,0,0,0,0,0,0,0,3,2,30,3,1,2,1,0,0,1,11,1,1,4,5,1,1
24,240185,1,1,2,14,7,16,50,8,0,1,0,24,3,12,461,12461,21,1999,1FTNE24L5XHB,1,F,T,N,E,2,4,L,5,X,H,B,0,0,99,999999999,99999999999,1,20,22,1,0,0,0,0,98,0,0,998,0,0,0,12,2,5,8,0,0,0,1,24,20708,6,1,0,0,3,0,72,210,0,0,0,0,1,4,2014,4,2014,0,0,0,0,0,1,2,40,1,1,2,1,0,0,1,83,1,1,1,13,0,0
24,240186,1,1,1,4,7,21,11,8,0,1,0,24,2,24,2,24002,2,1998,1G8ZF1281WZ1,1,G,8,Z,F,1,2,8,1,W,Z,1,0,0,0,000000000,00000000000,0,0,0,1,0,0,0,0,0,0,0,998,0,0,0,12,4,5,8,0,0,0,1,24,20774,6,1,0,0,3,0,63,186,0,0,0,0,0,0,0,0,0,0,0,0,0,0,3,3,55,1,1,2,1,0,0,1,80,1,1,1,13,0,0
24,240187,1,2,1,23,7,15,32,33,0,1,0,24,1,22,22,22022,4,2005,1G2ZH5286541,1,G,2,Z,H,5,2,8,6,5,4,1,0,0,0,000000000,00000000000,0,0,0,1,0,0,0,0,0,0,0,998,0,0,0,14,6,2,12,0,0,0,1,24,20659,6,1,0,0,3,0,71,180,0,0,0,1,0,1,2014,1,2014,4,38,0,0,0,3,2,55,1,1,2,1,0,0,11,15,99,9,4,14,1,0
24,240187,2,2,1,23,7,15,32,33,0,1,0,24,1,7,482,7482,31,2003,1D7HA16K63J5,1,D,7,H,A,1,6,K,6,3,J,5,0,0,0,000000000,00000000000,0,0,0,1,0,0,0,0,0,0,0,998,0,0,0,12,6,2,12,0,0,0,1,24,20613,6,1,0,0,3,0,71,160,0,0,0,0,0,0,0,0,0,0,0,0,0,0,3,2,55,1,1,2,1,0,0,1,62,99,9,1,98,0,1
24,240188,1,1,1,27,7,1,50,34,0,1,0,24,1,53,734,53734,90,2009,5SAAR41A0971,5,S,A,A,R,4,1,A,0,9,7,1,0,0,0,000000000,00000000000,0,0,0,1,0,0,0,0,0,0,0,998,0,0,0,12,6,2,34,0,0,0,1,24,21856,6,1,0,0,3,0,69,162,0,0,0,1,0,1,2014,1,2014,0,0,0,0,0,1,2,35,1,1,2,1,0,0,1,13,99,9,4,1,1,1
24,240189,1,2,1,28,7,13,58,12,2,1,0,24,1,7,442,7442,20,2000,1B4GP44G7YB6,1,B,4,G,P,4,4,G,7,Y,B,6,0,0,0,000000000,00000000000,0,0,0,1,0,0,0,0,0,0,0,998,0,0,0,12,6,2,12,0,0,0,1,24,21060,6,1,0,0,3,0,66,180,0,0,0,0,1,1,2014,1,2014,0,28,0,0,0,1,2,50,1,1,2,1,0,0,1,10,1,1,2,50,1,1
24,240189,2,2,1,28,7,13,58,12,2,1,0,24,1,48,45,48045,5,2011,4S4BRBJC9B34,4,S,4,B,R,B,J,C,9,B,3,4,0,0,0,000000000,00000000000,0,0,0,1,0,0,0,0,0,0,0,998,0,0,0,12,6,2,12,0,0,0,1,24,21638,6,1,0,0,3,0,66,155,0,1,0,2,0,1,2014,7,2014,0,0,0,0,0,1,2,50,1,1,2,1,0,0,1,62,99,9,2,51,0,0
24,240190,1,4,1,9,7,13,18,12,7,1,1,24,1,2,404,2404,14,2006,1J8HG48K26C2,1,J,8,H,G,4,8,K,2,6,C,2,0,0,0,000000000,00000000000,0,0,0,1,0,0,0,0,0,0,0,998,0,0,0,5,4,5,12,0,0,0,1,24,21215,6,1,0,0,3,0,63,150,0,2,0,2,0,3,2012,12,2013,0,27,36,0,0,3,4,50,1,1,2,1,3,3,15,52,7,1,1,46,0,0
24,240190,2,4,1,9,7,13,18,12,7,1,0,24,1,32,42,32042,4,2008,WAUDH74F48N0,W,A,U,D,H,7,4,F,4,8,N,0,0,0,0,000000000,00000000000,0,0,0,1,0,0,0,0,0,0,0,998,0,1,1,11,6,2,12,0,0,0,1,24,20904,6,1,0,0,3,0,66,150,0,0,0,0,0,0,0,0,0,0,0,0,0,0,3,4,50,1,1,2,1,3,3,1,60,1,1,1,45,1,0
24,240190,3,4,1,9,7,13,18,12,7,1,0,24,1,13,421,13421,15,2004,5LMFU28R34LJ,5,L,M,F,U,2,8,R,3,4,L,J,0,0,0,000000000,00000000000,0,0,0,1,0,0,0,0,0,0,0,998,0,0,0,5,6,2,12,0,0,0,1,24,20901,6,1,0,0,3,0,69,260,0,0,0,0,0,0,0,0,0,0,0,0,0,0,3,4,50,1,1,2,1,3,3,1,60,99,9,1,98,0,0
24,240190,4,4,1,9,7,13,18,12,7,1,0,24,1,49,50,49050,3,2011,JTKJF5C79B30,J,T,K,J,F,5,C,7,9,B,3,0,0,0,0,000000000,00000000000,0,0,0,1,0,0,0,0,0,0,0,0,0,0,0,10,4,3,12,0,0,0,1,24,20904,6,1,0,0,3,0,64,110,0,0,0,0,0,0,0,0,0,0,0,0,0,0,3,2,30,1,1,2,1,3,3,5,66,1,1,1,98,0,0
24,240191,1,1,1,31,7,0,24,8,0,1,0,42,1,22,22,22022,4,2005,1G2ZH548X541,1,G,2,Z,H,5,4,8,X,5,4,1,0,0,0,000000000,00000000000,0,0,0,1,0,0,0,0,0,0,0,998,0,0,0,12,6,2,8,0,0,0,1,42,17267,6,1,0,0,3,0,72,999,0,0,0,0,0,0,0,0,0,0,0,0,0,0,3,3,40,1,1,2,2,0,0,1,80,6,1,1,13,0,0
24,240192,1,3,1,30,7,19,15,1,0,1,0,24,2,37,706,37706,80,2002,JH2SC50072M0,J,H,2,S,C,5,0,0,7,2,M,0,0,0,0,000000000,00000000000,0,0,0,1,0,0,0,0,0,0,0,998,0,0,0,0,6,2,12,0,0,0,1,24,21403,1,1,0,0,2,0,75,181,0,1,0,0,0,3,2014,3,2014,3,36,0,0,0,1,2,25,1,1,2,1,20,3,1,9,99,9,1,98,1,1
24,240192,2,3,1,30,7,19,15,1,0,1,0,24,1,19,421,19421,15,2004,3GYFK66N24G2,3,G,Y,F,K,6,6,N,2,4,G,2,0,0,0,000000000,00000000000,0,0,0,1,0,0,0,0,0,0,0,998,0,0,0,8,4,5,12,0,0,0,1,24,21403,6,1,0,0,3,0,68,175,0,0,0,0,0,0,0,0,0,0,0,0,0,0,1,4,30,1,1,2,1,0,0,1,66,99,9,2,98,0,0