STATE,ST_CASE,VEH_NO,VE_FORMS,NUMOCCS,DAY,MONTH,HOUR,MINUTE,HARM_EV,MAN_COLL,UNITTYPE,HIT_RUN,REG_STAT,OWNER,MAKE,MODEL,MAK_MOD,BODY_TYP,MOD_YEAR,VIN,VIN_1,VIN_2,VIN_3,VIN_4,VIN_5,VIN_6,VIN_7,VIN_8,VIN_9,VIN_10,VIN_11,VIN_12,TOW_VEH,J_KNIFE,MCARR_I1,MCARR_I2,MCARR_ID,GVWR,V_CONFIG,CARGO_BT,HAZ_INV,HAZ_PLAC,HAZ_ID,HAZ_CNO,HAZ_REL,BUS_USE,SPEC_USE,EMER_USE,TRAV_SP,UNDERIDE,ROLLOVER,ROLINLOC,IMPACT1,DEFORMED,TOWED,M_HARM,VEH_SC1,VEH_SC2,FIRE_EXP,DR_PRES,L_STATE,DR_ZIP,L_STATUS,L_TYPE,CDL_STAT,L_ENDORS,L_COMPL,L_RESTRI,DR_HGT,DR_WGT,PREV_ACC,PREV_SUS,PREV_DWI,PREV_SPD,PREV_OTH,FIRST_MO,FIRST_YR,LAST_MO,LAST_YR,SPEEDREL,DR_SF1,DR_SF2,DR_SF3,DR_SF4,VTRAFWAY,VNUM_LAN,VSPD_LIM,VALIGN,VPROFILE,VPAVETYP,VSURCOND,VTRAFCON,VTCONT_F,P_CRASH1,P_CRASH2,P_CRASH3,PCRASH4,PCRASH5,ACC_TYPE,DEATHS,DR_DRINK
24,240266,1,2,1,28,9,17,18,12,7,1,0,24,1,53,706,53706,80,2008,JS1GN7EA9821,J,S,1,G,N,7,E,A,9,8,2,1,0,0,0,000000000,00000000000,0,0,0,1,0,0,0,0,0,0,0,998,0,0,0,3,6,2,12,0,0,0,1,24,20774,6,1,0,0,3,0,63,115,0,0,0,0,0,0,0,0,0,0,0,0,0,0,3,3,65,1,1,2,1,0,0,15,61,99,9,1,48,1,0
24,240266,2,2,1,28,9,17,18,12,7,1,0,24,1,20,16,20016,2,2000,1G1JC1243Y73,1,G,1,J,C,1,2,4,3,Y,7,3,0,0,0,000000000,00000000000,0,0,0,1,0,0,0,0,0,0,0,998,0,0,0,7,6,2,12,0,0,0,1,24,21061,6,1,0,0,3,0,65,202,0,0,0,0,0,0,0,0,0,0,0,0,0,0,3,3,65,1,1,2,1,0,0,15,10,1,1,1,48,0,0
24,240267,1,2,1,29,9,5,29,43,0,1,0,24,3,12,481,12481,31,2001,1FDNF20F01EA,1,F,D,N,F,2,0,F,0,1,E,A,0,0,0,000000000,00000000000,0,0,0,1,0,0,0,0,0,0,0,998,0,0,0,2,6,2,12,0,0,0,1,51,22842,1,1,0,0,2,0,70,175,0,1,0,2,4,2,2012,9,2014,9,99,99,99,99,1,2,40,2,1,2,1,0,0,14,11,1,1,4,5,0,0
24,240267,2,2,1,29,9,5,29,43,0,1,0,24,1,49,402,49402,14,2010,2T3BF4DV8AW0,2,T,3,B,F,4,D,V,8,A,W,0,0,0,0,000000000,00000000000,0,0,0,1,0,0,0,0,0,0,0,998,0,0,0,11,6,2,12,0,0,0,1,24,20882,6,1,0,0,3,0,65,170,0,0,0,0,0,0,0,0,0,0,0,0,0,0,1,2,40,2,1,2,1,0,0,14,62,99,9,1,98,1,0
24,240268,1,1,1,3,10,5,52,8,0,1,0,24,1,41,51,41051,4,2011,JM1BL1U67B13,J,M,1,B,L,1,U,6,7,B,1,3,0,0,0,000000000,00000000000,0,0,0,1,0,0,0,0,0,0,0,998,0,0,0,12,6,2,8,0,0,0,1,24,21797,6,1,0,0,3,0,72,240,0,0,0,0,0,0,0,0,0,0,0,0,0,0,1,2,50,1,1,2,1,0,0,1,80,1,1,1,13,0,0
24,240269,1,1,1,5,10,14,59,43,0,1,0,24,2,72,706,72706,80,2001,1HD1GDV1X1Y3,1,H,D,1,G,D,V,1,X,1,Y,3,0,0,0,000000000,00000000000,0,0,0,1,0,0,0,0,0,0,0,998,0,0,0,12,6,2,42,0,0,0,1,24,21102,6,1,6,0,3,0,71,220,0,0,0,0,0,0,0,0,0,0,0,0,0,0,1,2,30,2,3,2,1,0,0,14,12,1,1,4,6,1,1
24,240270,1,2,1,4,10,16,42,12,2,1,0,24,2,49,32,49032,4,2005,JTDBR32E6520,J,T,D,B,R,3,2,E,6,5,2,0,0,0,0,000000000,00000000000,0,0,0,1,0,0,0,0,0,0,0,998,0,0,0,12,6,2,12,0,0,0,1,24,21625,6,1,0,0,3,3,64,147,0,0,0,0,0,0,0,0,0,0,28,0,0,0,1,2,50,1,1,2,1,0,0,1,10,1,1,2,50,0,0
24,240270,2,2,2,4,10,16,42,12,2,1,0,24,2,12,24,12024,6,2011,2FMDK3GC3BBA,2,F,M,D,K,3,G,C,3,B,B,A,0,0,0,000000000,00000000000,0,0,0,1,0,0,0,0,0,0,0,998,0,0,0,12,6,2,12,0,0,0,1,24,21601,6,1,0,0,3,0,67,175,0,3,0,2,1,5,2012,11,2013,0,0,0,0,0,1,2,50,1,1,2,1,0,0,1,62,1,1,1,51,1,0
24,240271,1,1,1,4,10,20,48,8,0,1,1,99,9,99,999,99999,99,9999,999999999999,9,9,9,9,9,9,9,9,9,9,9,9,9,0,0,000000000,00000000000,9,0,0,1,0,0,0,0,99,99,9,998,0,0,0,98,9,5,8,0,0,0,1,99,99999,9,9,99,9,9,9,999,999,99,99,99,99,99,99,9999,99,9999,9,99,99,99,99,8,6,35,1,6,2,1,0,0,99,80,99,9,9,13,0,0
24,240272,1,1,1,8,10,6,20,24,0,1,0,24,1,73,706,73706,80,2006,JKBVNKE136A0,J,K,B,V,N,K,E,1,3,6,A,0,0,0,0,000000000,00000000000,0,0,0,1,0,0,0,0,0,0,0,998,0,0,0,1,6,2,24,0,0,0,1,24,20832,6,1,0,0,3,0,69,185,0,0,0,1,0,11,2012,11,2012,0,0,0,0,0,3,4,55,1,1,2,1,0,0,1,13,1,1,4,1,1,0
24,240274,1,1,1,12,10,22,42,8,0,1,0,24,1,35,401,35401,14,1997,JN8AR05Y8VW1,J,N,8,A,R,0,5,Y,8,V,W,1,0,0,0,000000000,00000000000,0,0,0,1,0,0,0,0,0,0,0,998,0,0,0,12,4,5,8,0,0,0,1,24,20769,6,1,0,0,3,0,67,160,0,0,0,0,1,5,2012,5,2012,0,0,0,0,0,1,2,45,1,1,2,1,0,0,1,80,1,1,1,13,0,0
24,240275,1,2,2,22,9,17,39,12,1,1,0,24,1,20,404,20404,14,2011,2CNALDECXB62,2,C,N,A,L,D,E,C,X,B,6,2,0,0,0,000000000,00000000000,0,0,0,1,0,0,0,0,0,0,0,998,0,0,0,12,6,2,12,0,0,0,1,24,21239,6,1,0,0,3,0,70,200,0,0,0,0,0,0,0,0,0,4,0,0,0,0,3,2,35,1,1,2,1,98,3,1,50,1,1,1,20,1,0
24,240275,2,2,5,22,9,17,39,12,1,1,0,24,1,19,20,19020,6,2012,3GYFNAE33CS5,3,G,Y,F,N,A,E,3,3,C,S,5,0,0,0,000000000,00000000000,0,0,0,1,0,0,0,0,0,0,0,0,0,0,0,6,4,3,12,0,0,0,1,24,21218,6,1,0,0,3,0,73,275,0,0,0,0,0,0,0,0,0,0,0,0,0,0,3,2,35,1,1,2,1,98,3,5,53,1,1,1,21,0,0
24,240276,1,1,2,4,7,22,13,42,0,1,0,92,0,7,41,7041,4,1999,2B3HD56J5XH8,2,B,3,H,D,5,6,J,5,X,H,8,0,0,0,000000000,00000000000,0,0,0,1,0,0,0,0,0,0,0,998,0,0,0,12,6,2,42,0,0,0,1,24,20746,1,1,0,0,2,0,59,115,0,1,0,0,0,4,2012,4,2012,4,0,0,0,0,1,2,45,1,1,2,1,0,0,1,13,1,1,4,1,1,1
24,240277,1,1,2,31,7,10,33,8,0,1,0,24,3,92,983,92983,52,2010,15GGB2711A11,1,5,G,G,B,2,7,1,1,A,1,1,0,0,88,888888888,88888888888,3,21,22,1,0,0,0,0,6,3,0,998,0,0,0,12,2,5,8,0,0,0,1,24,20747,6,1,6,0,3,0,66,220,0,0,0,0,0,0,0,0,0,0,38,0,0,0,1,2,25,1,1,2,1,28,9,11,80,1,1,1,13,0,0
24,240278,1,1,1,18,8,2,27,33,0,1,0,18,1,12,24,12024,6,2013,2FMDK4AK0DBC,2,F,M,D,K,4,A,K,0,D,B,C,0,0,0,000000000,00000000000,0,0,0,1,0,0,0,0,0,0,0,998,0,0,0,14,6,2,42,0,0,0,1,18,46323,6,1,0,0,3,3,78,200,0,0,0,0,0,0,0,0,0,0,0,0,0,0,3,2,35,1,1,2,1,3,3,1,14,1,1,4,14,1,1
24,240279,1,2,1,30,8,23,15,12,6,1,0,24,1,59,31,59031,4,2002,JTHBF30G6200,J,T,H,B,F,3,0,G,6,2,0,0,0,0,0,000000000,00000000000,0,0,0,1,0,0,0,0,0,0,0,998,0,0,0,3,6,2,12,0,0,0,1,24,21409,6,1,0,0,3,0,66,165,0,3,0,1,0,1,2012,8,2013,0,0,0,0,0,2,2,30,1,1,2,1,0,0,11,15,1,1,1,68,0,0
24,240279,2,2,2,30,8,23,15,12,6,1,0,92,0,76,709,76709,88,1999,999999999999,9,9,9,9,9,9,9,9,9,9,9,9,0,0,0,000000000,00000000000,0,0,0,1,0,0,0,0,0,0,0,998,0,0,0,12,6,2,12,0,0,0,1,24,21060,0,0,0,0,0,0,70,270,0,0,0,0,0,0,0,0,0,3,36,0,0,0,2,2,30,1,1,2,1,0,0,1,62,1,1,1,69,1,0
24,240280,1,3,1,14,8,17,53,12,1,1,0,24,1,49,46,49046,4,2010,JTDKN3DU2A10,J,T,D,K,N,3,D,U,2,A,1,0,0,0,0,000000000,00000000000,0,0,0,1,0,0,0,0,0,0,0,998,0,0,0,12,6,2,12,0,0,0,1,24,21044,6,1,0,0,3,0,72,160,0,0,0,0,0,0,0,0,0,4,6,0,0,0,3,3,45,1,1,2,1,8,3,1,52,1,1,1,24,0,0
24,240280,2,3,1,14,8,17,53,12,1,1,0,24,1,53,706,53706,80,2004,JS1VY51A2421,J,S,1,V,Y,5,1,A,2,4,2,1,0,0,0,000000000,00000000000,0,0,0,1,0,0,0,0,0,0,0,998,0,0,0,6,6,2,12,0,0,0,1,24,21223,6,1,0,0,3,0,67,160,0,0,0,0,0,0,0,0,0,0,0,0,0,0,3,3,45,1,1,2,1,8,3,2,53,1,1,1,25,1,0
24,240280,3,3,2,14,8,17,53,12,1,1,0,24,2,49,40,49040,4,2009,4T1BE46K09U3,4,T,1,B,E,4,6,K,0,9,U,3,0,0,0,000000000,00000000000,0,0,0,1,0,0,0,0,0,0,0,998,0,0,0,6,6,2,12,0,0,0,1,24,20904,6,1,0,0,3,0,60,206,0,0,0,0,0,0,0,0,0,0,0,0,0,0,3,3,45,1,1,2,1,8,3,2,53,1,1,1,98,0,0
24,240281,1,1,1,27,8,12,31,1,0,1,0,24,1,53,705,53705,80,1999,JS1GN79A1X21,J,S,1,G,N,7,9,A,1,X,2,1,0,0,0,000000000,00000000000,0,0,0,1,0,0,0,0,0,0,0,998,0,0,0,0,6,2,1,0,0,0,1,24,21234,6,1,0,0,3,0,61,175,0,0,0,0,0,0,0,0,0,3,0,0,0,0,5,5,35,3,5,2,1,0,0,14,9,2,2,1,98,1,0
24,240282,1,2,2,6,10,21,40,12,6,1,0,42,2,54,37,54037,2,1998,19UYA3151WL0,1,9,U,Y,A,3,1,5,1,W,L,0,0,0,0,000000000,00000000000,0,0,0,1,0,0,0,0,0,0,0,998,0,0,0,2,6,2,12,0,0,0,1,24,21212,6,1,0,0,3,3,73,210,0,0,0,0,0,0,0,0,0,4,28,58,0,0,1,2,35,2,1,2,1,0,0,14,6,6,9,2,64,2,0
24,240282,2,2,1,6,10,21,40,12,6,1,0,42,3,98,881,98881,63,2001,2WLECD3J21K9,2,W,L,E,C,D,3,J,2,1,K,9,0,0,57,01747966,5701747966,3,1,4,1,0,0,0,0,0,0,0,998,0,0,0,12,6,2,12,0,0,0,1,24,21090,6,1,6,0,3,0,69,210,0,0,0,0,2,3,2012,1,2013,0,0,0,0,0,1,2,35,2,1,2,1,0,0,14,62,1,1,1,65,0,0
24,240283,1,1,1,5,10,19,50,33,0,1,0,24,2,37,706,37706,80,1981,1HFSC0407BA1,1,H,F,S,C,0,4,0,7,B,A,1,0,0,0,000000000,00000000000,0,0,0,1,0,0,0,0,0,0,0,998,0,0,0,12,6,2,21,0,0,0,1,24,21555,1,1,0,0,2,0,68,154,0,1,0,0,0,10,2012,10,2012,0,0,0,0,0,1,2,30,2,5,2,1,0,0,1,12,99,9,4,6,1,1
24,240284,1,2,1,10,10,0,57,12,1,1,0,24,1,49,32,49032,4,2005,2T1BR32E85C4,2,T,1,B,R,3,2,E,8,5,C,4,0,0,0,000000000,00000000000,0,0,0,1,0,0,0,0,0,0,0,998,0,0,0,12,6,2,12,0,0,0,1,24,20716,1,1,0,0,2,0,71,185,0,1,0,4,0,7,2012,7,2014,3,0,0,0,0,2,3,50,1,1,2,1,0,0,1,61,1,1,1,32,1,0
24,240284,2,2,1,10,10,0,57,12,1,1,0,24,3,84,881,84881,62,1989,1HTLCZWM8KH6,1,H,T,L,C,Z,W,M,8,K,H,6,0,0,88,888888888,88888888888,2,1,3,1,0,0,0,0,0,0,0,998,0,0,0,6,4,5,12,0,0,0,1,24,20715,6,1,6,0,3,0,73,200,0,0,0,0,0,0,0,0,0,0,0,0,0,0,2,3,50,1,1,2,1,0,0,15,10,1,1,1,32,0,0
24,240285,1,1,1,16,10,4,59,8,0,1,0,24,1,37,31,37031,4,2011,2HGFA1F8XBH5,2,H,G,F,A,1,F,8,X,B,H,5,0,0,0,000000000,00000000000,0,0,0,1,0,0,0,0,0,0,0,998,0,0,0,12,4,5,8,0,0,0,1,24,21629,6,1,0,0,3,0,70,185,0,0,0,1,0,4,2014,4,2014,0,0,0,0,0,2,2,50,1,1,2,2,0,0,1,80,1,1,1,13,0,0
24,240286,1,2,1,17,10,4,31,12,2,1,0,24,1,49,40,49040,4,2014,4T1BF1FK9EU3,4,T,1,B,F,1,F,K,9,E,U,3,0,0,0,000000000,00000000000,0,0,0,1,0,0,0,0,0,0,0,998,0,0,0,12,6,2,12,0,0,0,1,24,21771,6,1,0,0,3,0,63,120,0,0,0,0,0,0,0,0,0,0,28,0,0,0,1,2,55,1,1,2,1,0,0,1,10,1,1,1,50,1,0
24,240286,2,2,1,17,10,4,31,12,2,1,0,51,3,82,881,82881,66,2006,1FUJA6AV06LX,1,F,U,J,A,6,A,V,0,6,L,X,1,1,57,419630,57419630,3,6,3,1,0,0,0,0,0,0,0,998,0,0,0,12,6,2,12,0,0,1,1,51,23930,6,1,6,0,3,0,71,185,0,0,0,1,4,5,2013,4,2014,0,0,0,0,0,1,2,55,1,1,2,1,0,0,1,62,1,1,1,51,0,0
24,240287,1,1,1,17,10,14,23,24,0,1,0,42,3,86,881,86881,66,2011,1M1AW07Y1BM0,1,M,1,A,W,0,7,Y,1,B,M,0,1,1,57,135271,57135271,3,6,1,1,0,0,0,0,0,0,0,998,0,0,0,12,6,2,21,0,0,1,1,42,17202,6,1,6,0,3,0,69,999,0,0,0,0,0,0,0,0,0,0,0,0,0,0,2,3,60,1,1,2,1,0,0,1,13,99,9,4,5,1,0
24,240288,1,2,1,8,10,17,50,12,6,1,0,24,1,12,481,12481,31,2003,1FDSF34L93EB,1,F,D,S,F,3,4,L,9,3,E,B,0,0,0,000000000,00000000000,0,0,0,1,0,0,0,0,0,0,0,998,0,0,0,8,2,3,12,0,0,0,1,24,21797,6,1,0,0,3,0,74,165,0,0,0,0,0,0,0,0,0,0,38,0,0,0,0,0,0,0,0,0,0,0,0,11,15,1,1,1,82,0,0
24,240288,2,2,1,8,10,17,50,12,6,1,0,24,1,34,705,34705,80,2001,WB10183A91ZF,W,B,1,0,1,8,3,A,9,1,Z,F,0,0,0,000000000,00000000000,0,0,0,1,0,0,0,0,0,0,0,998,0,0,0,12,6,2,12,0,0,0,1,24,21797,6,1,0,0,3,0,72,188,0,0,0,0,0,0,0,0,0,0,0,0,0,0,1,2,40,2,1,2,1,0,0,1,72,2,1,1,83,1,0
24,240289,1,1,1,14,10,23,8,8,0,1,0,24,2,55,35,55035,4,2003,KMHDN45D43U4,K,M,H,D,N,4,5,D,4,3,U,4,0,0,0,000000000,00000000000,0,0,0,1,0,0,0,0,0,0,0,998,0,0,0,12,4,5,8,0,0,0,1,24,21060,6,1,0,0,3,0,65,115,0,0,0,0,0,0,0,0,0,0,0,0,0,0,3,3,45,1,1,2,1,0,0,1,80,1,1,1,13,0,0
24,240290,1,1,1,9,8,18,9,8,0,1,0,24,1,21,441,21441,20,2003,1GHDX13E83D3,1,G,H,D,X,1,3,E,8,3,D,3,0,0,0,000000000,00000000000,0,0,0,1,0,0,0,0,0,0,0,998,0,0,0,12,2,5,8,0,0,0,1,24,20770,6,1,0,0,3,0,72,190,0,0,0,0,2,4,2012,5,2012,0,0,0,0,0,3,3,35,1,1,2,1,0,0,1,80,99,9,1,13,0,0
24,240291,1,2,1,22,7,16,13,12,1,1,0,12,2,73,703,73703,80,2006,JKABNRA116DA,J,K,A,B,N,R,A,1,1,6,D,A,0,0,0,000000000,00000000000,0,0,0,1,0,0,0,0,0,0,0,998,0,0,0,6,6,2,12,0,0,1,1,24,21632,0,0,0,0,0,0,999,999,0,0,0,0,0,0,0,0,0,0,48,38,0,0,2,2,50,1,1,2,1,29,9,12,98,1,1,1,98,1,0
24,240291,2,2,1,22,7,16,13,12,1,1,0,24,3,82,881,82881,66,2001,1FUYDDYB01LG,1,F,U,Y,D,D,Y,B,0,1,L,G,1,1,57,45614,5745614,3,6,1,1,0,0,0,0,0,0,0,998,0,0,0,12,6,2,12,0,0,1,1,24,21622,6,1,6,0,3,0,73,250,0,0,0,0,0,0,0,0,0,0,0,0,0,0,2,2,50,1,1,2,1,29,9,1,62,99,9,1,98,0,0
24,240292,1,1,1,1,9,16,19,8,0,1,0,24,1,52,47,52047,6,2011,JA4AP3AU7BZ0,J,A,4,A,P,3,A,U,7,B,Z,0,0,0,0,000000000,00000000000,0,0,0,1,0,0,0,0,0,0,0,998,0,0,0,12,4,3,8,0,0,0,1,24,20706,6,1,0,0,3,0,67,157,0,0,0,0,0,0,0,0,0,0,38,39,0,0,3,3,40,1,5,2,1,40,8,1,80,1,1,1,13,0,0
24,240294,1,3,1,11,9,19,39,12,1,1,0,92,0,98,703,98703,83,2006,LWGPCML01EA0,L,W,G,P,C,M,L,0,1,E,A,0,0,0,0,000000000,00000000000,0,0,0,1,0,0,0,0,0,0,0,998,0,0,0,6,6,2,12,0,0,0,1,24,20653,0,0,0,0,0,0,71,175,0,0,0,0,0,0,0,0,0,0,18,38,0,0,1,2,35,1,6,2,1,0,0,1,53,1,1,1,32,1,0
24,240294,2,3,1,11,9,19,39,12,1,1,0,24,2,30,46,30046,4,2009,WVWJK73C69P0,W,V,W,J,K,7,3,C,6,9,P,0,0,0,0,000000000,00000000000,0,0,0,1,0,0,0,0,0,0,0,998,0,0,0,12,6,2,12,0,0,0,1,24,20636,6,1,0,0,3,0,69,200,0,2,0,0,0,5,2012,6,2012,0,0,0,0,0,1,2,35,1,6,2,1,0,0,1,51,99,9,1,32,0,0
24,240294,3,3,1,11,9,19,39,12,1,1,0,24,2,20,431,20431,16,2000,3GNGK26U2YG1,3,G,N,G,K,2,6,U,2,Y,G,1,0,0,0,000000000,00000000000,0,0,0,1,0,0,0,0,0,0,0,998,0,0,0,12,0,3,54,0,0,0,1,24,20653,6,1,0,0,3,0,60,110,0,0,0,0,0,0,0,0,0,0,0,0,0,0,1,2,35,1,6,2,1,0,0,1,98,99,9,1,98,0,0
24,240295,1,1,1,13,9,15,27,35,0,1,0,24,1,20,22,20022,4,2005,1G1AK52F7576,1,G,1,A,K,5,2,F,7,5,7,6,0,0,0,000000000,00000000000,0,0,0,1,0,0,0,0,0,0,0,998,0,1,5,12,6,2,1,0,0,0,1,24,21045,6,1,0,0,3,0,61,138,0,0,0,0,0,0,0,0,0,4,58,0,0,0,3,2,35,4,1,2,2,0,0,1,6,7,9,4,2,1,0
24,240296,1,1,2,4,9,3,40,1,0,1,1,24,5,12,23,12023,4,2008,3FAHP07Z48R1,3,F,A,H,P,0,7,Z,4,8,R,1,0,0,0,000000000,00000000000,0,0,0,1,0,0,0,0,0,0,0,998,0,9,5,0,6,2,1,0,0,0,1,24,21122,0,0,0,0,0,0,70,130,0,0,0,0,0,0,0,0,0,3,36,0,0,0,2,2,25,2,1,2,1,0,0,14,6,99,9,4,10,1,0
24,240297,1,2,1,9,9,13,0,12,8,1,0,24,1,63,38,63038,4,2011,KNAFU4A28B58,K,N,A,F,U,4,A,2,8,B,5,8,0,0,0,000000000,00000000000,0,0,0,1,0,0,0,0,0,0,0,998,0,1,1,1,6,2,1,0,0,0,1,24,21093,6,1,0,0,3,0,72,185,0,0,0,0,0,0,0,0,0,0,0,0,0,0,1,5,40,1,1,2,1,0,0,1,10,1,1,2,64,1,1
24,240297,2,2,1,9,9,13,0,12,8,1,0,24,1,51,43,51043,6,2007,YV4SZ5927712,Y,V,4,S,Z,5,9,2,7,7,1,2,0,0,0,000000000,00000000000,0,0,0,1,0,0,0,0,0,0,0,998,0,0,0,1,6,2,12,0,0,0,1,24,21093,6,1,0,0,3,0,61,135,0,0,0,0,0,0,0,0,0,0,0,0,0,0,1,5,40,1,1,2,1,0,0,1,62,6,1,1,65,0,0
24,240298,1,2,3,10,10,21,42,12,1,1,0,51,1,42,43,42043,4,2000,WDBNG70J7YA0,W,D,B,N,G,7,0,J,7,Y,A,0,0,0,0,000000000,00000000000,0,0,0,1,0,0,0,0,0,0,0,67,0,0,0,12,6,2,12,0,0,0,1,11,20019,3,1,0,0,2,2,999,999,99,99,99,99,99,99,9999,99,9999,3,36,39,74,0,1,4,30,2,6,2,2,3,3,14,50,99,9,1,20,1,1
24,240298,2,2,5,10,10,21,42,12,1,1,0,24,2,54,39,54039,4,2007,JH4CL95867C0,J,H,4,C,L,9,5,8,6,7,C,0,0,0,0,000000000,00000000000,0,0,0,1,0,0,0,0,0,0,0,0,0,0,0,6,6,2,12,0,0,0,1,24,20708,6,1,0,0,3,0,60,150,0,1,0,0,0,1,2013,1,2013,0,0,0,0,0,1,4,30,2,6,2,2,3,3,5,53,1,1,1,21,4,0
24,240299,1,2,1,2,2,0,1,12,98,1,0,24,1,49,33,49033,2,1994,JT2ST07N3R00,J,T,2,S,T,0,7,N,3,R,0,0,0,0,0,000000000,00000000000,0,0,0,1,0,0,0,0,0,0,0,998,0,0,0,98,8,8,12,0,0,0,1,24,20708,6,1,0,0,3,0,63,135,0,0,0,0,0,0,0,0,0,0,0,0,0,0,2,2,55,1,1,2,98,0,0,99,99,99,9,9,99,0,0
24,240299,2,2,1,2,2,0,1,12,98,1,0,24,9,52,499,52499,49,2008,999999999999,9,9,9,9,9,9,9,9,9,9,9,9,0,0,0,000000000,00000000000,0,0,0,1,0,0,0,0,0,0,0,998,0,0,0,98,9,9,12,0,0,0,1,24,21045,6,1,0,0,3,0,60,150,0,0,0,0,0,0,0,0,0,0,0,0,0,0,2,2,55,1,1,2,98,0,0,99,99,99,9,9,99,1,0
24,240300,1,1,1,17,5,23,0,8,0,1,0,24,1,7,43,7043,4,2006,1B3AL46TX6N2,1,B,3,A,L,4,6,T,X,6,N,2,0,0,0,000000000,00000000000,0,0,0,1,0,0,0,0,0,0,0,998,0,0,0,98,8,8,8,0,0,0,1,24,20772,6,1,0,0,3,0,73,195,0,0,0,0,0,0,0,0,0,0,0,0,0,0,8,8,35,1,1,9,1,0,0,1,85,99,9,9,13,0,0
24,240301,1,1,1,24,9,7,24,99,98,1,0,24,1,30,46,30046,4,2000,WVWVD23B8YE2,W,V,W,V,D,2,3,B,8,Y,E,2,0,0,0,000000000,00000000000,0,0,0,1,0,0,0,0,0,0,0,998,0,0,0,98,9,9,99,0,0,0,1,24,20772,6,1,0,0,3,0,68,150,0,0,0,2,2,3,2013,4,2014,0,38,39,0,0,8,8,55,1,1,9,1,0,0,99,99,99,5,9,99,1,0
24,240302,1,1,3,22,3,21,51,15,0,1,0,51,2,2,403,2403,14,2014,1C4BJWCG7EL1,1,C,4,B,J,W,C,G,7,E,L,1,0,0,0,000000000,00000000000,0,0,0,1,0,0,0,0,0,0,0,998,0,0,0,8,2,3,15,0,0,0,1,51,23927,6,1,0,0,3,2,72,165,0,0,0,0,0,0,0,0,0,0,74,0,0,0,1,2,98,1,1,2,1,0,0,1,98,1,1,1,13,0,1
24,240303,1,1,1,14,9,4,20,99,99,1,0,24,1,14,6,14006,4,2007,2MEFM75V27X6,2,M,E,F,M,7,5,V,2,7,X,6,0,0,0,000000000,00000000000,0,0,0,1,0,0,0,0,0,0,0,998,0,0,0,98,8,8,99,0,0,0,1,24,20770,6,1,0,0,3,0,72,190,0,0,0,0,0,0,0,0,0,9,99,99,99,99,8,9,45,1,3,9,1,0,0,1,99,99,9,9,99,1,1
24,240304,1,1,3,19,10,4,36,42,0,1,0,24,2,35,472,35472,30,2002,1N6MD29YX2C3,1,N,6,M,D,2,9,Y,X,2,C,3,0,0,0,000000000,00000000000,0,0,0,1,0,0,0,0,0,0,0,998,0,0,0,12,6,2,42,0,0,0,1,24,21054,6,1,0,0,3,0,69,140,0,1,0,0,4,12,2012,8,2013,0,0,0,0,0,2,2,40,1,1,2,1,0,0,1,11,1,1,4,1,1,0
24,240305,1,1,1,12,10,3,11,30,0,1,0,24,2,54,31,54031,3,1998,JH4DC4453WS0,J,H,4,D,C,4,4,5,3,W,S,0,0,0,0,000000000,00000000000,0,0,0,1,0,0,0,0,0,0,0,998,0,0,0,3,6,2,30,0,0,0,1,24,20737,6,1,0,0,3,0,66,240,0,0,0,0,1,3,2014,3,2014,3,0,0,0,0,1,4,30,3,6,2,1,0,0,14,12,99,9,4,6,1,1
24,240306,1,1,1,19,8,2,4,42,0,1,0,24,3,12,461,12461,21,2008,1FTNS24W78DB,1,F,T,N,S,2,4,W,7,8,D,B,0,0,0,000000000,00000000000,0,0,0,1,0,0,0,0,0,0,0,998,0,0,0,3,6,2,42,0,0,0,1,24,21114,1,1,0,0,2,0,67,195,0,2,0,0,0,8,2014,8,2014,3,0,0,0,0,1,2,45,1,1,2,1,0,0,1,9,99,9,4,7,1,1
24,240307,1,2,2,18,8,9,30,12,6,1,1,24,9,37,32,37032,9,2010,5J6TF2H50AL0,5,J,6,T,F,2,H,5,0,A,L,0,0,0,0,000000000,00000000000,0,0,0,1,0,0,0,0,0,0,0,998,0,0,0,12,6,2,12,0,0,0,1,99,99999,9,9,99,9,9,9,999,999,99,99,99,99,99,99,9999,99,9999,3,36,39,0,0,1,2,25,1,1,2,1,20,3,1,17,1,1,1,88,0,0
24,240307,2,2,1,18,8,9,30,12,6,1,0,24,3,37,32,37032,2,1996,1HGCD7236TA0,1,H,G,C,D,7,2,3,6,T,A,0,0,0,0,000000000,00000000000,0,0,0,1,0,0,0,0,0,0,0,998,0,0,0,9,6,2,12,0,0,0,1,24,21223,1,1,0,0,2,0,71,135,0,2,0,0,0,5,2012,7,2014,0,0,0,0,0,1,2,25,1,1,2,1,20,3,3,66,1,1,1,89,1,0
24,240308,1,2,1,19,9,15,0,12,6,1,0,24,2,37,32,37032,2,2012,1HGCS1B73CA0,1,H,G,C,S,1,B,7,3,C,A,0,0,0,0,000000000,00000000000,0,0,0,1,0,0,0,0,0,0,0,998,0,0,0,12,6,2,15,0,0,0,1,24,21239,6,1,0,0,3,0,66,135,0,0,0,0,0,0,0,0,0,0,0,0,0,0,4,2,25,1,1,2,1,3,3,1,62,1,1,1,69,0,0