STATE,ST_CASE,VEH_NO,VE_FORMS,NUMOCCS,DAY,MONTH,HOUR,MINUTE,HARM_EV,MAN_COLL,UNITTYPE,HIT_RUN,REG_STAT,OWNER,MAKE,MODEL,MAK_MOD,BODY_TYP,MOD_YEAR,VIN,VIN_1,VIN_2,VIN_3,VIN_4,VIN_5,VIN_6,VIN_7,VIN_8,VIN_9,VIN_10,VIN_11,VIN_12,TOW_VEH,J_KNIFE,MCARR_I1,MCARR_I2,MCARR_ID,GVWR,V_CONFIG,CARGO_BT,HAZ_INV,HAZ_PLAC,HAZ_ID,HAZ_CNO,HAZ_REL,BUS_USE,SPEC_USE,EMER_USE,TRAV_SP,UNDERIDE,ROLLOVER,ROLINLOC,IMPACT1,DEFORMED,TOWED,M_HARM,VEH_SC1,VEH_SC2,FIRE_EXP,DR_PRES,L_STATE,DR_ZIP,L_STATUS,L_TYPE,CDL_STAT,L_ENDORS,L_COMPL,L_RESTRI,DR_HGT,DR_WGT,PREV_ACC,PREV_SUS,PREV_DWI,PREV_SPD,PREV_OTH,FIRST_MO,FIRST_YR,LAST_MO,LAST_YR,SPEEDREL,DR_SF1,DR_SF2,DR_SF3,DR_SF4,VTRAFWAY,VNUM_LAN,VSPD_LIM,VALIGN,VPROFILE,VPAVETYP,VSURCOND,VTRAFCON,VTCONT_F,P_CRASH1,P_CRASH2,P_CRASH3,PCRASH4,PCRASH5,ACC_TYPE,DEATHS,DR_DRINK
24,240383,1,2,1,10,12,12,44,12,6,1,0,24,1,49,32,49032,4,2002,2T1BR12E82C5,2,T,1,B,R,1,2,E,8,2,C,5,0,0,0,000000000,00000000000,0,0,0,1,0,0,0,0,0,0,0,998,0,0,0,1,6,2,12,0,0,0,1,24,21220,6,1,0,0,3,3,63,105,0,0,0,0,0,0,0,0,0,0,38,0,0,0,3,2,45,1,1,2,1,3,3,11,15,1,1,1,68,1,0
24,240383,2,2,1,10,12,12,44,12,6,1,0,24,1,20,2,20002,4,2004,1G1ND52F24M5,1,G,1,N,D,5,2,F,2,4,M,5,0,0,0,000000000,00000000000,0,0,0,1,0,0,0,0,0,0,0,998,0,0,0,12,6,2,12,0,0,0,1,24,21221,6,1,0,0,3,0,68,250,0,0,0,0,0,0,0,0,0,0,0,0,0,0,3,2,45,1,1,2,1,3,3,1,62,99,9,1,69,0,0
24,240385,1,2,2,26,12,23,19,12,1,1,0,24,1,6,441,6441,20,2010,2A4RR5D17AR3,2,A,4,R,R,5,D,1,7,A,R,3,0,0,0,000000000,00000000000,0,0,0,1,0,0,0,0,0,0,0,998,0,0,0,12,6,2,12,0,0,0,1,24,21078,6,1,0,0,3,0,74,230,0,0,0,0,0,0,0,0,0,4,26,0,0,0,2,2,55,1,1,2,1,0,0,1,51,1,1,1,32,0,0
24,240385,2,2,2,26,12,23,19,12,1,1,0,24,3,12,17,12017,4,2001,1FAFP53UX1A1,1,F,A,F,P,5,3,U,X,1,A,1,0,0,0,000000000,00000000000,0,0,0,1,0,0,0,0,0,1,0,998,0,0,0,6,6,2,12,0,0,0,1,24,21078,6,1,0,0,3,0,74,230,0,0,0,0,0,0,0,0,0,0,0,0,0,0,2,2,55,1,1,2,1,0,0,3,53,1,1,1,32,1,0
24,240386,1,2,1,30,12,8,39,12,8,1,0,24,1,19,21,19021,4,2005,1G6DW6779501,1,G,6,D,W,6,7,7,9,5,0,1,0,0,0,000000000,00000000000,0,0,0,1,0,0,0,0,0,0,0,998,0,0,0,8,6,2,12,0,0,0,1,24,21655,6,1,0,0,3,0,72,165,0,0,0,0,1,2,2014,2,2014,0,28,0,0,0,1,2,50,2,1,2,1,0,0,14,10,1,1,2,64,1,0
24,240386,2,2,6,30,12,8,39,12,8,1,0,24,3,12,870,12870,55,2013,1FDFE4FS4DDA,1,F,D,F,E,4,F,S,4,D,D,A,0,0,88,888888888,88888888888,2,20,22,1,0,0,0,0,7,3,0,998,0,1,5,10,6,2,12,0,0,0,1,24,21629,6,1,0,0,3,0,72,220,0,0,0,0,0,0,0,0,0,0,0,0,0,0,1,2,50,2,1,2,1,0,0,14,62,6,9,1,65,0,0
24,240387,1,1,1,15,12,17,53,8,0,1,0,24,1,22,401,22401,14,2003,3G7DB03E23S6,3,G,7,D,B,0,3,E,2,3,S,6,0,0,0,000000000,00000000000,0,0,0,1,0,0,0,0,0,0,0,998,0,0,0,12,4,3,8,0,0,0,1,42,17229,6,1,0,0,3,0,66,999,0,0,0,0,0,0,0,0,0,0,99,99,99,99,2,2,45,1,1,2,1,0,0,1,81,1,1,1,13,0,0
24,240388,1,1,1,23,12,22,18,43,0,1,0,24,1,20,481,20481,31,2000,1GCEC14V1YE3,1,G,C,E,C,1,4,V,1,Y,E,3,0,0,0,000000000,00000000000,0,0,0,1,0,0,0,0,0,0,0,998,0,1,5,11,6,2,1,0,0,0,1,24,21613,3,1,0,0,2,0,69,135,0,1,0,0,0,10,2014,10,2014,0,0,0,0,0,1,2,50,2,1,2,2,0,0,14,12,99,9,4,6,1,1
24,240389,1,2,1,10,12,10,23,12,1,1,0,24,1,19,18,19018,4,2014,1G6AX5SX6E01,1,G,6,A,X,5,S,X,6,E,0,1,0,0,0,000000000,00000000000,0,0,0,1,0,0,0,0,0,0,0,998,0,0,0,12,6,2,12,0,0,0,1,24,20904,6,1,0,0,3,0,72,195,0,0,0,0,1,1,2014,1,2014,0,99,99,99,99,2,3,45,1,1,2,1,0,0,1,51,99,9,1,24,1,0
24,240389,2,2,1,10,12,10,23,12,1,1,0,24,3,23,870,23870,62,2004,1GDE4E1234F5,1,G,D,E,4,E,1,2,3,4,F,5,0,0,99,999999999,99999999999,2,1,1,1,0,0,0,0,0,0,0,998,0,0,0,6,6,2,12,0,0,0,1,24,20784,6,1,0,0,3,0,64,200,0,0,0,0,0,0,0,0,0,0,0,0,0,0,2,3,45,1,1,2,1,0,0,1,53,1,1,1,25,0,0
24,240390,1,2,1,25,12,21,36,33,0,1,0,24,1,12,3,12003,2,1996,1FALP47V8TF1,1,F,A,L,P,4,7,V,8,T,F,1,0,0,0,000000000,00000000000,0,0,0,1,0,0,0,0,0,0,0,998,0,0,0,98,6,2,42,0,0,0,1,24,20902,6,1,0,0,3,0,72,175,0,0,0,0,0,0,0,0,0,9,99,99,99,99,3,3,40,1,1,2,1,0,0,1,9,99,9,2,12,1,0
24,240390,2,2,1,25,12,21,36,33,0,1,0,24,1,12,3,12003,2,2007,1ZVHT82H4752,1,Z,V,H,T,8,2,H,4,7,5,2,0,0,0,000000000,00000000000,0,0,0,1,0,0,0,0,0,0,0,998,0,0,0,10,2,3,12,0,0,0,1,24,20904,6,1,0,0,3,0,68,160,0,0,0,0,0,0,0,0,0,0,0,0,0,0,3,3,40,1,1,2,1,0,0,1,60,99,9,1,98,0,0
24,240391,1,1,1,28,11,16,41,8,0,1,0,24,3,12,481,12481,31,2010,1FTWW3BRXAEA,1,F,T,W,W,3,B,R,X,A,E,A,0,0,0,000000000,00000000000,0,0,0,1,0,0,0,0,0,0,0,998,0,0,0,12,2,5,8,0,0,0,1,24,20622,6,1,0,0,3,0,70,140,0,1,0,1,0,7,2014,8,2014,0,86,0,0,0,0,0,0,0,0,0,0,0,0,8,80,10,9,2,13,0,0
24,240392,1,1,1,12,8,4,56,8,0,1,0,24,1,12,37,12037,4,2010,1FAHP3FN0AW2,1,F,A,H,P,3,F,N,0,A,W,2,0,0,0,000000000,00000000000,0,0,0,1,0,0,0,0,0,0,0,998,0,0,0,12,4,5,8,0,0,0,1,24,21224,6,1,0,0,3,0,72,201,0,0,0,1,0,11,2013,11,2013,0,0,0,0,0,3,3,30,1,1,2,1,0,0,1,81,1,1,1,13,0,0
24,240393,1,1,1,30,7,20,20,8,0,1,0,24,3,84,890,84890,63,2013,1HTWGAZT5DJ1,1,H,T,W,G,A,Z,T,5,D,J,1,0,0,88,888888888,88888888888,3,1,3,1,0,0,0,0,0,0,0,998,0,0,0,1,2,5,8,0,0,0,1,24,21212,6,1,6,0,3,0,74,190,0,0,0,0,0,0,0,0,0,0,0,0,0,0,1,4,30,1,1,2,1,0,0,1,80,1,1,1,13,0,0
24,240394,1,1,2,8,10,7,42,8,0,1,0,24,1,20,36,20036,2,2001,2G1WW12E8192,2,G,1,W,W,1,2,E,8,1,9,2,0,0,0,000000000,00000000000,0,0,0,1,0,0,0,0,0,0,0,998,0,0,0,12,4,3,8,0,0,0,1,24,21225,6,1,0,0,3,0,69,165,0,0,0,0,0,0,0,0,0,0,0,0,0,0,3,3,40,1,1,2,1,0,0,1,80,1,1,1,13,0,0
24,240395,1,1,1,25,7,11,10,8,0,1,0,24,1,49,482,49482,31,2001,5TBBT44141S2,5,T,B,B,T,4,4,1,4,1,S,2,0,0,0,000000000,00000000000,0,0,0,1,0,0,0,0,0,0,0,998,0,0,0,12,2,5,8,0,0,0,1,24,20904,6,1,0,0,3,0,71,200,0,0,0,1,0,8,2012,8,2012,9,0,0,0,0,3,2,30,1,1,2,1,0,0,1,81,99,9,1,13,0,0
24,240396,1,1,1,22,10,19,29,34,0,1,0,24,1,12,401,12401,14,1999,1FMZU24E0XUB,1,F,M,Z,U,2,4,E,0,X,U,B,0,0,0,000000000,00000000000,0,0,0,1,0,0,0,0,0,0,0,998,0,1,5,9,6,2,1,0,0,0,1,24,21619,6,1,0,0,3,0,71,215,0,0,0,0,0,0,0,0,0,4,87,0,0,0,1,2,45,1,1,2,2,0,0,1,6,99,2,4,2,1,1
24,240397,1,1,4,25,10,23,51,42,0,1,0,24,1,20,22,20022,4,2007,1G1AM58B6772,1,G,1,A,M,5,8,B,6,7,7,2,0,0,0,000000000,00000000000,0,0,0,1,0,0,0,0,0,0,0,998,0,1,1,12,6,2,42,0,0,0,1,24,21771,6,1,0,0,3,0,72,178,0,0,0,1,1,7,2014,10,2014,3,36,0,0,0,1,2,40,3,6,2,1,0,0,14,6,99,4,4,7,1,1
24,240398,1,2,1,30,10,19,24,12,6,1,0,24,1,20,9,20009,2,2013,2G1FG1E3XD91,2,G,1,F,G,1,E,3,X,D,9,1,0,0,0,000000000,00000000000,0,0,0,1,0,0,0,0,0,0,0,998,0,0,0,12,6,2,12,0,0,0,1,24,21214,6,1,0,0,3,0,73,200,0,0,0,0,0,0,0,0,0,4,0,0,0,0,3,3,35,1,5,2,1,0,0,1,62,99,1,1,69,0,0
24,240398,2,2,2,30,10,19,24,12,6,1,0,24,3,12,17,12017,4,2002,1FAFP55282G2,1,F,A,F,P,5,5,2,8,2,G,2,0,0,0,000000000,00000000000,0,0,0,1,0,0,0,0,0,0,0,998,0,0,0,3,6,2,12,0,0,0,1,24,21217,3,1,0,0,2,0,69,185,0,0,0,0,0,0,0,0,0,0,38,0,0,0,3,3,35,1,5,2,1,0,0,11,15,1,1,1,68,1,0
24,240399,1,2,1,28,11,12,35,12,1,1,0,24,1,20,25,20025,4,2011,1G1PF5S99B71,1,G,1,P,F,5,S,9,9,B,7,1,0,0,0,000000000,00000000000,0,0,0,1,0,0,0,0,0,0,0,998,0,0,0,12,6,2,12,0,0,0,1,24,20606,6,1,0,0,3,0,63,140,0,0,0,0,0,0,0,0,0,4,0,0,0,0,1,2,50,1,1,2,1,0,0,1,50,1,1,1,20,0,0
24,240399,2,2,3,28,11,12,35,12,1,1,0,24,1,2,404,2404,14,2000,1J4FF48S3YL1,1,J,4,F,F,4,8,S,3,Y,L,1,0,0,0,000000000,00000000000,0,0,0,1,0,0,0,0,0,0,0,0,0,0,0,6,6,2,12,0,0,0,1,24,20639,6,1,0,0,3,0,70,130,0,0,0,0,0,0,0,0,0,0,0,0,0,0,1,2,50,1,1,2,1,0,0,5,53,1,1,1,21,1,0
24,240400,1,1,6,12,12,23,57,34,0,1,0,24,1,12,481,12481,31,2001,1FTWW33F31ED,1,F,T,W,W,3,3,F,3,1,E,D,0,0,88,888888888,88888888888,2,1,96,1,0,0,0,0,0,0,0,62,0,1,5,98,6,2,1,0,0,0,1,24,21771,6,1,0,0,3,3,72,190,0,0,0,1,2,6,2013,10,2014,4,36,0,0,0,1,2,30,1,1,2,1,0,0,1,6,6,4,4,7,1,1
24,240401,1,2,1,2,11,6,35,12,1,1,0,99,5,76,705,76705,80,2004,JYAVM01E64A0,J,Y,A,V,M,0,1,E,6,4,A,0,0,0,0,000000000,00000000000,0,0,0,1,0,0,0,0,0,0,0,998,0,0,0,12,6,2,12,0,0,0,1,24,21217,1,1,0,0,2,2,66,140,0,2,0,0,1,9,2012,11,2012,4,74,0,0,0,4,2,30,1,1,2,1,3,3,1,50,4,2,1,20,1,0
24,240401,2,2,1,2,11,6,35,12,1,1,0,24,2,20,481,20481,31,1989,1GCDC14K6KE1,1,G,C,D,C,1,4,K,6,K,E,1,0,0,0,000000000,00000000000,0,0,0,1,0,0,0,0,0,0,0,0,0,0,0,6,6,2,12,0,0,0,1,24,21229,1,1,0,0,2,0,74,190,0,1,0,1,3,6,2014,6,2014,0,0,0,0,0,4,2,30,1,1,2,1,3,3,5,53,1,1,1,21,0,0
24,240402,1,2,1,17,10,11,28,1,0,1,0,24,1,53,706,53706,80,2005,JS1GW71A4521,J,S,1,G,W,7,1,A,4,5,2,1,0,0,0,000000000,00000000000,0,0,0,1,0,0,0,0,0,0,0,70,0,0,0,0,6,2,54,0,0,0,1,24,21206,1,1,0,0,2,0,71,220,0,1,0,0,0,7,2014,7,2014,3,36,0,0,0,4,3,25,1,1,2,1,20,3,1,66,3,2,1,98,1,0
24,240402,2,2,2,17,10,11,28,1,0,1,0,24,1,35,47,35047,4,2011,1N4AL2AP4BN4,1,N,4,A,L,2,A,P,4,B,N,4,0,0,0,000000000,00000000000,0,0,0,1,0,0,0,0,0,0,0,998,0,0,0,11,2,5,54,0,0,0,1,24,21218,6,1,0,0,3,0,65,136,0,0,0,0,0,0,0,0,0,0,0,0,0,0,4,3,25,1,1,2,1,20,3,3,17,1,1,1,98,0,0
24,240403,1,2,1,15,12,17,52,12,2,1,0,11,1,73,705,73705,80,2013,JKAEXEE19DDA,J,K,A,E,X,E,E,1,9,D,D,A,0,0,0,000000000,00000000000,0,0,0,1,0,0,0,0,0,0,0,998,0,0,0,12,6,2,12,0,0,0,1,11,20017,6,1,0,0,3,0,999,999,99,99,99,99,99,99,9999,99,9999,0,28,0,0,0,1,2,45,2,6,2,1,0,0,6,10,6,9,2,50,1,0
24,240403,2,2,1,15,12,17,52,12,2,1,0,24,2,37,402,37402,14,2010,5J6RE4H77AL0,5,J,6,R,E,4,H,7,7,A,L,0,0,0,0,000000000,00000000000,0,0,0,1,0,0,0,0,0,0,0,998,0,0,0,12,6,2,12,0,0,0,1,24,20720,6,1,0,0,3,0,61,95,0,0,0,0,1,10,2014,10,2014,0,0,0,0,0,1,2,45,2,6,2,1,0,0,1,62,7,9,1,51,0,0
24,240404,1,2,3,25,12,18,33,12,6,1,0,34,1,35,402,35402,14,2000,5N1ED28Y3YC5,5,N,1,E,D,2,8,Y,3,Y,C,5,0,0,0,000000000,00000000000,0,0,0,1,0,0,0,0,0,0,0,998,0,0,0,12,6,2,12,0,0,0,1,34,7050,6,1,0,0,3,0,67,999,0,1,0,1,0,9,2012,4,2014,0,38,39,0,0,3,3,55,1,1,2,1,3,3,1,17,1,1,1,69,0,0
24,240404,2,2,3,25,12,18,33,12,6,1,0,4,1,7,442,7442,20,2005,1D4GP25B05B4,1,D,4,G,P,2,5,B,0,5,B,4,0,0,0,000000000,00000000000,0,0,0,1,0,0,0,0,0,0,0,998,0,0,0,2,6,2,12,0,0,0,1,24,20716,6,1,0,0,3,0,61,118,0,0,0,0,0,0,0,0,0,0,0,0,0,0,3,3,55,1,1,2,1,3,3,11,15,1,1,1,68,1,0
24,240405,1,1,9,27,12,7,10,35,0,1,0,36,1,37,441,37441,20,2007,5FNRL38617B4,5,F,N,R,L,3,8,6,1,7,B,4,0,0,0,000000000,00000000000,0,0,0,1,0,0,0,0,0,0,0,998,0,0,0,12,6,2,35,0,0,0,1,36,10469,6,1,6,0,3,0,64,999,0,0,0,0,0,0,0,0,0,0,0,0,0,0,1,2,55,3,1,2,2,0,0,1,11,1,1,4,1,1,0
24,240406,1,2,1,18,12,21,47,12,1,1,0,11,1,63,32,63032,4,2009,KNADE2235964,K,N,A,D,E,2,2,3,5,9,6,4,0,0,0,000000000,00000000000,0,0,0,1,0,0,0,0,0,0,0,998,0,0,0,12,6,2,12,0,0,0,1,11,20019,6,1,0,0,3,0,999,999,99,99,99,99,99,99,9999,99,9999,0,33,39,0,0,1,2,35,1,1,2,1,0,0,6,50,99,9,1,20,1,1
24,240406,2,2,2,18,12,21,47,12,1,1,0,24,3,84,881,84881,62,1999,1HTSCAAM1XH6,1,H,T,S,C,A,A,M,1,X,H,6,0,0,57,01499445,5701499445,2,1,3,1,0,0,0,0,0,0,0,0,0,0,0,6,4,5,12,0,0,0,1,24,20743,6,1,0,0,3,0,68,190,0,1,0,0,1,7,2014,7,2014,0,0,0,0,0,1,2,35,1,1,2,1,0,0,5,53,10,1,1,21,0,0
24,240407,1,1,1,8,12,15,33,33,0,1,0,24,1,30,40,30040,4,1999,3VWRC29MXXM0,3,V,W,R,C,2,9,M,X,X,M,0,0,0,0,000000000,00000000000,0,0,0,1,0,0,0,0,0,0,0,998,0,0,0,98,6,2,21,0,0,0,1,24,21229,6,1,0,0,3,0,65,140,0,0,0,0,0,0,0,0,0,3,0,0,0,0,6,1,30,2,2,2,1,0,0,14,6,99,9,4,7,1,1
24,240408,1,2,1,30,12,6,20,12,6,1,0,24,1,23,481,23481,31,1997,2GTEK19RXV15,2,G,T,E,K,1,9,R,X,V,1,5,0,0,0,000000000,00000000000,0,0,0,1,0,0,0,0,0,0,0,998,0,0,0,11,6,2,12,0,0,0,1,24,20613,6,1,0,0,3,0,66,177,0,0,0,0,0,0,0,0,0,0,38,39,0,0,1,2,35,1,1,2,1,20,3,10,16,99,9,1,74,0,0
24,240408,2,2,1,30,12,6,20,12,6,1,0,51,1,7,24,7024,4,2007,2B3KA73W17H8,2,B,3,K,A,7,3,W,1,7,H,8,0,0,0,000000000,00000000000,0,0,0,1,0,0,0,0,0,0,0,998,0,0,0,1,6,2,12,0,0,0,1,51,22485,6,1,0,0,3,0,71,220,1,0,0,1,0,8,2013,7,2014,0,0,0,0,0,1,2,35,1,1,2,1,0,0,1,17,99,9,1,74,1,0
24,240409,1,4,1,14,12,17,50,12,1,1,0,24,1,12,881,12881,62,2012,1FDUF4HT6CEC,1,F,D,U,F,4,H,T,6,C,E,C,0,0,88,888888888,88888888888,2,1,97,1,0,0,0,0,0,6,2,998,0,1,6,12,6,2,12,0,0,0,1,24,20910,6,1,0,0,3,0,74,215,0,0,0,0,0,0,0,0,0,3,28,36,0,0,3,3,40,1,6,2,1,3,3,1,51,99,9,1,24,0,1
24,240409,2,4,2,14,12,17,50,12,1,1,0,24,1,42,42,42042,4,2002,WDBRF61J62E0,W,D,B,R,F,6,1,J,6,2,E,0,0,0,0,000000000,00000000000,0,0,0,1,0,0,0,0,0,0,0,998,0,0,0,6,6,2,12,0,0,0,1,24,20770,6,1,0,0,3,0,71,157,0,0,0,0,0,0,0,0,0,0,0,0,0,0,3,3,40,1,6,2,1,3,3,3,53,99,9,1,25,1,0
24,240409,3,4,1,14,12,17,50,12,1,1,0,24,1,52,34,52034,4,2011,4A32B2FF1BE0,4,A,3,2,B,2,F,F,1,B,E,0,0,0,0,000000000,00000000000,0,0,0,1,0,0,0,0,0,0,0,998,0,0,0,5,6,2,12,0,0,0,1,24,20725,6,1,0,0,3,0,64,249,0,0,0,0,0,0,0,0,0,0,0,0,0,0,3,3,40,1,6,2,1,3,3,3,53,99,9,1,98,0,0
24,240409,4,4,2,14,12,17,50,12,1,1,0,24,1,20,39,20039,4,2009,KL1TD56E09B3,K,L,1,T,D,5,6,E,0,9,B,3,0,0,0,000000000,00000000000,0,0,0,1,0,0,0,0,0,0,0,998,0,0,0,3,6,2,12,0,0,0,1,24,20740,6,1,0,0,3,0,70,161,0,0,0,0,0,0,0,0,0,0,0,0,0,0,3,3,40,1,6,2,1,3,3,3,61,99,9,1,98,0,0
24,240410,1,5,2,23,2,11,34,12,6,1,0,24,1,54,37,54037,2,1998,19UYA2258WL0,1,9,U,Y,A,2,2,5,8,W,L,0,0,0,0,000000000,00000000000,0,0,0,1,0,0,0,0,0,0,0,998,0,0,0,12,6,2,12,0,0,0,1,24,21211,6,1,0,0,3,0,69,185,0,0,0,0,0,0,0,0,0,3,39,0,0,0,3,2,30,1,1,2,1,3,3,1,17,1,1,1,88,0,1
24,240410,2,5,3,23,2,11,34,12,6,1,0,24,1,14,6,14006,4,2007,2MEFM74V57X6,2,M,E,F,M,7,4,V,5,7,X,6,0,0,0,000000000,00000000000,0,0,0,1,0,0,0,0,0,0,0,998,0,0,0,9,6,2,12,0,0,0,1,24,21217,1,1,0,0,2,0,71,150,0,1,0,0,0,9,2013,9,2013,0,0,0,0,0,1,2,25,1,1,2,1,3,3,1,17,1,1,1,89,1,0
24,240410,3,5,7,23,2,11,34,12,6,1,0,24,1,7,422,7422,15,2006,1D4HB38N36F1,1,D,4,H,B,3,8,N,3,6,F,1,0,0,0,000000000,00000000000,0,0,0,1,0,0,0,0,0,0,0,0,0,0,0,12,6,2,12,0,0,0,1,24,21236,6,1,0,0,3,0,68,275,0,0,0,0,0,0,0,0,0,0,0,0,0,0,3,2,30,1,1,2,1,3,3,5,66,1,1,1,98,0,0
24,240410,4,5,1,23,2,11,34,12,6,1,0,24,2,54,35,54035,4,2004,19UUA66254A0,1,9,U,U,A,6,6,2,5,4,A,0,0,0,0,000000000,00000000000,0,0,0,1,0,0,0,0,0,0,0,0,0,0,0,13,6,2,12,0,0,0,1,24,21229,6,1,0,0,3,0,70,180,0,1,0,0,0,11,2013,11,2013,0,0,0,0,0,3,2,30,1,1,2,1,3,3,5,66,1,1,1,98,0,0
24,240410,5,5,1,23,2,11,34,12,6,1,0,42,2,12,481,12481,31,1992,1FTDF15N5NNA,1,F,T,D,F,1,5,N,5,N,N,A,0,0,0,000000000,00000000000,0,0,0,1,0,0,0,0,0,0,0,998,0,0,0,0,2,5,16,0,0,0,1,24,21213,3,1,0,0,2,0,73,165,0,1,0,0,0,8,2013,8,2013,0,0,0,0,0,3,2,30,1,1,2,1,3,3,1,98,99,9,9,98,0,0
24,240411,1,2,1,27,5,20,57,12,6,1,1,17,2,12,23,12023,4,2012,3FAHP0HA7CR1,3,F,A,H,P,0,H,A,7,C,R,1,0,0,0,000000000,00000000000,0,0,0,1,0,0,0,0,0,0,0,998,0,0,0,12,6,2,12,0,0,0,1,24,21223,0,0,0,0,0,0,999,999,0,0,0,0,0,0,0,0,0,3,39,0,0,0,4,3,30,1,1,2,2,3,3,1,17,99,1,1,86,0,0
24,240411,2,2,3,27,5,20,57,12,6,1,0,24,1,6,441,6441,20,2005,2C4GP44R65R2,2,C,4,G,P,4,4,R,6,5,R,2,0,0,0,000000000,00000000000,0,0,0,1,0,0,0,0,0,0,0,998,0,0,0,3,6,2,12,0,0,0,1,24,21218,6,1,0,0,3,0,66,170,0,0,0,0,0,0,0,0,0,0,0,0,0,0,3,3,30,1,1,2,2,3,3,1,66,1,1,1,87,1,0
24,240412,1,1,4,21,9,15,5,43,0,1,0,24,2,34,34,34034,2,1996,WBABH8326TEY,W,B,A,B,H,8,3,2,6,T,E,Y,0,0,0,000000000,00000000000,0,0,0,1,0,0,0,0,0,0,0,998,0,1,5,12,6,2,25,0,0,0,1,24,21213,6,1,0,0,3,0,62,130,0,0,0,0,0,0,0,0,0,3,0,0,0,0,3,2,98,2,2,2,1,0,0,14,6,99,2,4,2,2,0
24,240413,1,1,1,17,11,6,30,8,0,1,0,24,2,49,40,49040,4,2002,JTDBE32KX200,J,T,D,B,E,3,2,K,X,2,0,0,0,0,0,000000000,00000000000,0,0,0,1,0,0,0,0,0,0,0,998,0,0,0,12,6,2,8,0,0,0,1,24,21278,6,1,0,0,3,0,64,200,0,0,0,0,0,0,0,0,0,0,86,0,0,0,1,5,35,1,1,2,1,0,0,11,81,99,9,1,13,0,0
24,240414,1,1,1,9,12,13,3,33,0,1,0,24,1,20,37,20037,4,2007,1G1ZT68N37F1,1,G,1,Z,T,6,8,N,3,7,F,1,0,0,0,000000000,00000000000,0,0,0,1,0,0,0,0,0,0,0,998,0,0,0,12,6,2,42,0,0,0,1,24,21214,6,1,0,0,3,0,66,200,0,0,0,1,0,2,2014,2,2014,4,0,0,0,0,3,3,55,3,1,2,2,0,0,15,6,99,4,4,2,1,0
24,240415,1,1,2,16,12,14,10,8,0,1,1,24,2,12,422,12422,15,2005,1FMFU18515LA,1,F,M,F,U,1,8,5,1,5,L,A,0,0,0,000000000,00000000000,0,0,0,1,0,0,0,0,0,0,0,998,0,0,0,12,4,5,8,0,0,0,1,24,21215,6,1,0,0,3,0,67,190,0,0,0,0,0,0,0,0,0,0,99,99,99,99,4,2,30,1,1,2,2,3,3,1,80,99,9,1,13,0,0
24,240416,1,1,1,27,12,14,36,9,0,1,1,24,1,48,401,48401,14,2001,JF1SF65501H7,J,F,1,S,F,6,5,5,0,1,H,7,0,0,0,000000000,00000000000,0,0,0,1,0,0,0,0,0,0,0,998,0,0,0,12,4,5,9,0,0,0,1,24,21643,6,1,0,0,3,0,67,250,0,0,0,0,0,0,0,0,0,0,28,0,0,0,3,2,35,1,1,2,1,0,0,1,11,99,9,2,13,0,1
24,240417,2,2,1,24,12,19,5,12,11,1,0,24,2,35,472,35472,30,1999,1N6ED26Y9XC3,1,N,6,E,D,2,6,Y,9,X,C,3,0,0,0,000000000,00000000000,0,0,0,1,0,0,0,0,0,0,0,998,0,0,0,12,6,2,8,0,0,0,1,24,20785,0,0,0,0,0,0,999,999,0,0,0,0,0,0,0,0,0,4,36,33,0,0,1,5,30,1,5,2,2,0,0,6,51,99,9,2,48,0,1
24,240417,3,2,1,24,12,19,5,12,11,1,0,4,3,12,870,12870,62,2014,1FDXE4FS1EDA,1,F,D,X,E,4,F,S,1,E,D,A,0,0,77,777777777,77777777777,2,1,98,1,0,0,0,0,0,0,0,998,0,0,0,8,4,5,12,0,0,0,1,24,21638,6,1,0,0,3,0,78,275,0,0,0,0,0,0,0,0,0,0,0,0,0,0,1,5,30,1,5,2,2,0,0,1,53,1,1,1,48,0,0
24,240418,1,2,2,4,11,13,37,12,2,1,0,24,1,37,32,37032,4,2009,1HGCP26309A0,1,H,G,C,P,2,6,3,0,9,A,0,0,0,0,000000000,00000000000,0,0,0,1,0,0,0,0,0,0,0,998,0,0,0,12,6,2,12,0,0,0,1,24,20735,6,1,0,0,3,0,73,205,0,0,0,0,0,0,0,0,0,0,38,0,0,0,3,2,35,1,1,2,1,0,0,11,15,99,9,1,68,1,0
24,240418,2,2,1,4,11,13,37,12,2,1,0,24,2,7,402,7402,14,1998,1B4HS28Y3WF1,1,B,4,H,S,2,8,Y,3,W,F,1,0,0,0,000000000,00000000000,0,0,0,1,0,0,0,0,0,0,0,998,0,0,0,12,6,2,12,0,0,0,1,24,20735,6,1,0,0,3,0,71,335,0,0,0,0,0,0,0,0,0,0,0,0,0,0,3,2,35,1,1,2,1,0,0,1,62,99,9,1,69,0,0
24,240419,1,1,3,7,11,21,50,8,0,1,0,24,1,6,54,6054,6,2007,2A8GM68X37R1,2,A,8,G,M,6,8,X,3,7,R,1,0,0,0,000000000,00000000000,0,0,0,1,0,0,0,0,0,0,0,998,0,0,0,12,2,5,8,0,0,0,1,24,21206,6,1,0,0,3,0,70,190,0,0,0,0,0,0,0,0,0,0,0,0,0,0,3,2,30,1,1,2,1,0,0,1,81,99,9,1,13,0,0