STATE,ST_CASE,VEH_NO,VE_FORMS,NUMOCCS,DAY,MONTH,HOUR,MINUTE,HARM_EV,MAN_COLL,UNITTYPE,HIT_RUN,REG_STAT,OWNER,MAKE,MODEL,MAK_MOD,BODY_TYP,MOD_YEAR,VIN,VIN_1,VIN_2,VIN_3,VIN_4,VIN_5,VIN_6,VIN_7,VIN_8,VIN_9,VIN_10,VIN_11,VIN_12,TOW_VEH,J_KNIFE,MCARR_I1,MCARR_I2,MCARR_ID,GVWR,V_CONFIG,CARGO_BT,HAZ_INV,HAZ_PLAC,HAZ_ID,HAZ_CNO,HAZ_REL,BUS_USE,SPEC_USE,EMER_USE,TRAV_SP,UNDERIDE,ROLLOVER,ROLINLOC,IMPACT1,DEFORMED,TOWED,M_HARM,VEH_SC1,VEH_SC2,FIRE_EXP,DR_PRES,L_STATE,DR_ZIP,L_STATUS,L_TYPE,CDL_STAT,L_ENDORS,L_COMPL,L_RESTRI,DR_HGT,DR_WGT,PREV_ACC,PREV_SUS,PREV_DWI,PREV_SPD,PREV_OTH,FIRST_MO,FIRST_YR,LAST_MO,LAST_YR,SPEEDREL,DR_SF1,DR_SF2,DR_SF3,DR_SF4,VTRAFWAY,VNUM_LAN,VSPD_LIM,VALIGN,VPROFILE,VPAVETYP,VSURCOND,VTRAFCON,VTCONT_F,P_CRASH1,P_CRASH2,P_CRASH3,PCRASH4,PCRASH5,ACC_TYPE,DEATHS,DR_DRINK
25,250041,1,2,1,12,2,22,22,24,0,1,0,25,1,7,43,7043,4,1998,1B3EJ56H9WN1,1,B,3,E,J,5,6,H,9,W,N,1,0,0,0,000000000,00000000000,0,0,0,1,0,0,0,0,0,0,0,998,0,0,0,11,6,2,24,0,0,0,1,25,1331,6,1,0,0,3,3,61,999,1,0,0,0,0,6,2011,6,2011,9,99,99,99,99,1,2,55,1,1,2,1,0,0,1,10,1,1,4,98,1,0
25,250041,2,2,1,12,2,22,22,24,0,1,0,25,1,51,43,51043,6,2001,YV1SW58D4111,Y,V,1,S,W,5,8,D,4,1,1,1,0,0,0,000000000,00000000000,0,0,0,1,0,0,0,0,0,0,0,998,0,0,0,12,6,2,12,0,0,0,1,25,1040,6,1,6,0,3,0,69,999,0,0,0,0,0,0,0,0,0,9,0,0,0,0,1,2,55,1,1,2,1,0,0,1,54,1,1,3,98,0,0
25,250042,1,1,1,12,2,8,22,8,0,1,1,25,1,12,17,12017,4,2004,1FAFP53U14G1,1,F,A,F,P,5,3,U,1,4,G,1,0,0,0,000000000,00000000000,0,0,0,1,0,0,0,0,0,0,0,998,0,0,0,82,4,3,8,0,0,0,1,25,1534,6,1,0,0,3,3,68,999,0,0,0,0,0,0,0,0,0,0,36,0,0,0,1,2,25,1,1,2,1,0,0,1,80,1,1,1,13,0,0
25,250043,1,1,1,23,2,0,36,42,0,1,0,25,2,34,401,34401,14,2002,5UXFB935X2LN,5,U,X,F,B,9,3,5,X,2,L,N,0,0,0,000000000,00000000000,0,0,0,1,0,0,0,0,0,0,0,998,0,0,0,82,6,2,42,0,0,0,1,25,2655,6,1,0,0,3,1,73,999,0,0,0,0,0,0,0,0,0,2,0,0,0,0,2,2,50,1,1,2,1,0,0,6,6,99,5,4,1,1,0
25,250044,1,1,1,26,2,0,55,33,0,1,0,25,2,37,32,37032,4,2000,1HGCG6675YA1,1,H,G,C,G,6,6,7,5,Y,A,1,0,0,0,000000000,00000000000,0,0,0,1,0,0,0,0,0,0,0,998,0,9,3,61,6,2,1,99,99,0,1,25,2740,6,1,0,0,3,0,69,999,0,0,0,1,4,4,2011,7,2013,3,99,99,99,99,3,3,65,1,1,2,1,0,0,1,6,1,1,4,6,1,1
25,250045,1,1,1,6,3,20,40,8,0,1,0,25,1,35,402,35402,14,2003,5N1ED28Y53C6,5,N,1,E,D,2,8,Y,5,3,C,6,0,0,0,000000000,00000000000,0,0,0,1,0,0,0,0,0,0,0,998,0,0,0,12,4,3,8,0,0,0,1,25,2148,6,1,0,0,3,0,74,999,0,0,0,0,0,0,0,0,0,0,86,0,0,0,3,3,50,1,1,2,1,0,0,1,80,1,1,1,13,0,0
25,250046,1,1,1,6,3,3,9,25,0,1,0,25,1,55,36,55036,4,2013,KMHCT4AE3DU5,K,M,H,C,T,4,A,E,3,D,U,5,0,0,0,000000000,00000000000,0,0,0,1,0,0,0,0,0,0,0,998,0,0,0,81,6,2,25,0,0,0,1,25,2375,6,1,0,0,3,0,62,999,0,0,0,0,0,0,0,0,0,9,58,0,0,0,3,4,45,1,1,2,1,0,0,1,11,6,5,4,1,1,1
25,250047,1,1,1,7,3,7,0,30,0,1,0,25,1,6,441,6441,20,2003,2C8GT64L93R1,2,C,8,G,T,6,4,L,9,3,R,1,0,0,0,000000000,00000000000,0,0,0,1,0,0,0,0,0,0,0,998,0,0,0,81,6,2,30,0,0,0,1,25,1237,6,1,0,0,3,0,68,999,0,0,0,0,1,1,2014,1,2014,3,36,0,0,0,1,2,30,1,1,2,1,0,0,1,13,1,1,4,1,1,0
25,250048,1,2,1,11,3,13,15,12,2,1,0,17,1,18,20,18020,4,1996,2G4WB52K8T15,2,G,4,W,B,5,2,K,8,T,1,5,0,0,0,000000000,00000000000,0,0,0,1,0,0,0,0,0,0,0,998,0,0,0,12,6,2,12,0,0,0,1,19,50010,6,1,0,0,3,3,66,190,0,0,0,0,0,0,0,0,0,0,0,0,0,0,1,2,45,1,1,2,1,0,0,1,62,1,1,1,51,1,0
25,250048,2,2,1,11,3,13,15,12,2,1,0,25,1,49,402,49402,14,2006,JTMBK32V6650,J,T,M,B,K,3,2,V,6,6,5,0,0,0,0,000000000,00000000000,0,0,0,1,0,0,0,0,0,0,0,998,0,0,0,12,6,2,12,0,0,0,1,25,2346,6,1,0,0,3,0,71,999,1,0,0,0,1,10,2012,2,2013,9,28,0,0,0,1,2,45,1,1,2,1,0,0,1,10,1,1,2,50,1,0
25,250049,1,2,2,22,3,1,14,12,6,1,0,25,2,37,32,37032,4,1999,1HGCG1650XA0,1,H,G,C,G,1,6,5,0,X,A,0,0,0,0,000000000,00000000000,0,0,0,1,0,0,0,0,0,0,0,998,0,0,0,12,6,2,12,0,0,0,1,25,2301,6,1,0,0,3,0,72,999,0,2,0,1,1,2,2012,9,2013,9,39,0,0,0,4,1,30,1,1,2,1,3,2,1,55,1,1,1,86,0,0
25,250049,2,2,1,22,3,1,14,12,6,1,0,25,2,38,421,38421,15,2004,4NUET16S5461,4,N,U,E,T,1,6,S,5,4,6,1,0,0,0,000000000,00000000000,0,0,0,1,0,0,0,0,0,0,0,998,0,1,1,82,6,2,1,0,0,0,1,25,2301,6,1,0,0,3,3,70,999,0,0,0,0,1,2,2014,2,2014,9,0,0,0,0,4,1,30,1,1,2,1,3,3,1,17,1,1,1,87,1,1
25,250050,1,1,1,5,4,14,45,42,0,1,0,25,1,63,38,63038,4,2014,KNAFX4A84E50,K,N,A,F,X,4,A,8,4,E,5,0,0,0,0,000000000,00000000000,0,0,0,1,0,0,0,0,0,0,0,998,0,0,0,12,6,2,42,0,0,0,1,25,1830,6,1,0,0,3,0,69,999,0,0,0,0,2,1,2014,1,2014,0,0,0,0,0,3,2,55,1,1,2,1,0,0,1,13,1,1,4,1,1,1
25,250051,1,1,1,6,4,17,58,33,0,1,0,25,1,37,705,37705,80,2007,JH2PC400X7M0,J,H,2,P,C,4,0,0,X,7,M,0,0,0,0,000000000,00000000000,0,0,0,1,0,0,0,0,0,0,0,998,0,0,0,12,6,2,42,0,0,0,1,25,2341,6,1,0,0,3,0,67,999,0,4,1,0,5,4,2012,9,2013,9,58,0,0,0,1,2,35,1,1,2,1,0,0,1,13,1,1,4,1,1,0
25,250052,1,2,1,26,4,0,58,12,6,1,0,25,1,30,40,30040,4,2011,3VWBX7AJ6BM3,3,V,W,B,X,7,A,J,6,B,M,3,0,0,0,000000000,00000000000,0,0,0,1,0,0,0,0,0,0,0,998,0,0,0,12,6,2,12,0,0,0,1,25,2766,6,1,0,0,3,0,69,999,1,0,0,0,0,11,2013,11,2013,3,36,39,0,0,2,2,98,1,1,2,1,3,3,1,55,1,1,1,69,0,1
25,250052,2,2,1,26,4,0,58,12,6,1,0,25,1,35,47,35047,4,2013,1N4AL3APXDC1,1,N,4,A,L,3,A,P,X,D,C,1,0,0,0,000000000,00000000000,0,0,0,1,0,0,0,0,0,0,0,998,0,0,0,83,6,2,12,0,0,0,1,25,2324,6,1,0,0,3,0,70,999,0,0,0,0,0,0,0,0,0,0,0,0,0,0,2,2,98,1,1,2,1,3,3,11,55,1,1,1,68,1,0
25,250053,1,1,1,12,5,20,51,42,0,1,0,25,2,37,31,37031,2,1998,1HGEJ8145WL1,1,H,G,E,J,8,1,4,5,W,L,1,0,0,0,000000000,00000000000,0,0,0,1,0,0,0,0,0,0,0,998,0,0,0,62,6,2,42,0,0,0,1,25,2779,6,1,0,0,3,0,69,999,0,0,0,1,1,4,2014,4,2014,3,58,0,0,0,1,2,35,1,1,2,1,0,0,1,6,1,9,4,6,1,1
25,250054,1,3,3,20,5,15,45,12,1,1,0,25,1,34,35,34035,4,2008,WBANV13548CZ,W,B,A,N,V,1,3,5,4,8,C,Z,0,0,0,000000000,00000000000,0,0,0,1,0,0,0,0,0,0,0,998,0,0,0,6,6,2,12,0,0,0,1,25,2125,6,1,0,0,3,0,66,999,0,0,0,0,1,5,2013,5,2013,0,0,0,0,0,3,3,60,1,1,2,1,0,0,2,18,1,1,1,98,0,0
25,250054,2,3,3,20,5,15,45,12,1,1,0,25,2,58,32,58032,4,2004,JNKBF01A34M5,J,N,K,B,F,0,1,A,3,4,M,5,0,0,0,000000000,00000000000,0,0,0,1,0,0,0,0,0,0,0,998,0,0,0,6,6,2,12,0,0,0,1,25,2465,6,1,0,0,3,0,73,999,1,0,0,0,0,6,2012,6,2012,0,0,0,0,0,3,3,60,1,1,2,1,0,0,2,18,1,1,1,29,1,0
25,250054,3,3,1,20,5,15,45,12,1,1,0,25,1,37,441,37441,20,2003,5FNRL18083B1,5,F,N,R,L,1,8,0,8,3,B,1,0,0,0,000000000,00000000000,0,0,0,1,0,0,0,0,0,0,0,998,0,0,0,12,6,2,12,0,0,0,1,25,2066,6,1,0,0,3,0,68,999,1,0,0,0,1,6,2011,10,2013,0,6,0,0,0,3,3,65,1,1,2,1,0,0,1,52,9,1,1,28,0,0
25,250055,1,1,1,22,5,1,16,18,0,1,0,25,1,59,31,59031,4,1998,JT8BF28G1W50,J,T,8,B,F,2,8,G,1,W,5,0,0,0,0,000000000,00000000000,0,0,0,1,0,0,0,0,0,0,0,998,0,0,0,82,6,2,14,0,0,0,1,25,2556,6,1,0,0,3,0,72,999,1,0,1,0,4,6,2012,4,2013,0,0,0,0,0,3,2,55,1,1,2,1,0,0,1,13,1,1,4,1,1,0
25,250056,1,1,1,23,5,19,10,30,0,1,0,25,1,37,706,37706,80,2002,JH2SC36052M4,J,H,2,S,C,3,6,0,5,2,M,4,0,0,0,000000000,00000000000,0,0,0,1,0,0,0,0,0,0,0,998,0,0,0,98,6,2,30,0,0,0,1,25,1033,6,1,0,0,3,0,69,999,1,0,0,0,0,9,2013,9,2013,3,28,0,0,0,1,2,40,1,1,2,1,0,0,1,12,1,1,4,6,1,1
25,250057,1,1,1,12,3,12,47,8,0,1,0,25,1,12,24,12024,6,2007,2FMDK46C47BB,2,F,M,D,K,4,6,C,4,7,B,B,0,0,0,000000000,00000000000,0,0,0,1,0,0,0,0,0,0,0,998,0,0,0,82,6,8,8,0,0,0,1,25,1129,6,1,0,0,3,0,64,999,0,0,0,0,0,0,0,0,0,0,99,99,99,99,2,2,35,1,1,2,1,0,0,10,80,1,1,7,13,0,0
25,250058,1,1,1,18,5,19,51,42,0,1,0,25,1,35,401,35401,14,2012,5N1AR1NB6CC6,5,N,1,A,R,1,N,B,6,C,C,6,0,0,0,000000000,00000000000,0,0,0,1,0,0,0,0,0,0,0,998,0,0,0,98,6,2,42,0,0,0,1,25,2346,6,1,0,0,3,0,68,999,0,0,0,0,0,0,0,0,0,9,99,99,99,99,1,2,40,1,1,2,1,0,0,1,13,99,1,4,1,1,1
25,250059,1,1,1,24,5,1,6,8,0,1,0,25,1,7,482,7482,31,1997,3B7KF23Z6VG7,3,B,7,K,F,2,3,Z,6,V,G,7,0,0,0,000000000,00000000000,0,0,0,1,0,0,0,0,0,0,0,998,0,0,0,98,6,2,8,0,0,0,1,25,2346,6,1,0,0,3,0,67,999,0,1,0,0,4,6,2012,7,2013,0,36,0,0,0,1,2,40,1,1,2,1,0,0,1,9,1,1,9,16,0,0
25,250060,1,1,1,4,6,22,49,8,0,1,1,25,1,30,42,30042,3,2003,9BWDE61J0340,9,B,W,D,E,6,1,J,0,3,4,0,0,0,0,000000000,00000000000,0,0,0,1,0,0,0,0,0,0,0,998,0,0,0,12,4,5,8,0,0,0,1,99,99999,9,9,99,9,9,9,999,999,99,99,99,99,99,99,9999,99,9999,9,38,0,0,0,1,2,25,1,1,2,1,0,0,1,80,99,1,1,13,0,0
25,250061,1,1,2,14,6,16,40,34,0,1,0,25,1,45,35,45035,2,1984,WP0JB0924ES8,W,P,0,J,B,0,9,2,4,E,S,8,0,0,0,000000000,00000000000,0,0,0,1,0,0,0,0,0,0,0,998,0,0,0,14,6,2,42,0,0,0,1,25,1075,6,1,0,0,3,0,65,999,0,0,0,0,0,0,0,0,0,3,28,36,0,0,1,2,30,1,1,2,1,0,0,1,13,99,1,4,1,1,0
25,250062,1,2,2,9,6,22,37,12,2,1,0,25,2,51,401,51401,14,2005,YV1CZ9119511,Y,V,1,C,Z,9,1,1,9,5,1,1,0,0,0,000000000,00000000000,0,0,0,1,0,0,0,0,0,0,0,998,0,0,0,12,6,2,12,0,0,0,1,25,1905,6,1,0,0,3,0,70,999,0,0,0,0,0,0,0,0,0,9,99,99,99,99,1,2,45,1,1,2,1,0,0,1,9,1,1,2,50,1,0
25,250062,2,2,1,9,6,22,37,12,2,1,0,25,2,12,401,12401,14,1998,1FMZU32XXWUA,1,F,M,Z,U,3,2,X,X,W,U,A,0,0,0,000000000,00000000000,0,0,0,1,0,0,0,0,0,0,0,998,0,0,0,12,6,2,12,0,0,0,1,25,1905,0,0,8,0,0,0,999,999,99,99,99,99,99,99,9999,99,9999,0,0,0,0,0,1,2,45,1,1,2,1,0,0,1,62,1,1,1,51,0,0
25,250063,1,1,2,28,3,23,30,42,0,1,0,25,2,39,36,39036,4,2003,SAJEA51D93XD,S,A,J,E,A,5,1,D,9,3,X,D,0,0,0,000000000,00000000000,0,0,0,1,0,0,0,0,0,0,0,998,0,0,0,81,6,2,42,0,0,0,1,25,2122,6,1,0,0,3,0,68,999,0,1,0,1,1,5,2011,9,2011,3,36,0,0,0,1,2,98,1,1,2,1,0,0,1,6,1,1,4,1,2,0
25,250064,1,1,1,30,4,7,17,8,0,1,0,25,3,12,481,12481,31,2006,1FTPX145X6FA,1,F,T,P,X,1,4,5,X,6,F,A,0,0,0,000000000,00000000000,0,0,0,1,0,0,0,0,0,0,0,998,0,0,0,12,4,3,8,0,0,0,1,25,2746,6,1,0,0,3,0,66,999,0,0,0,0,0,0,0,0,0,0,86,0,0,0,1,2,98,1,1,2,2,3,3,11,80,1,1,1,13,0,0
25,250065,1,1,1,26,5,15,27,1,0,1,0,25,1,76,705,76705,80,2007,JYARJ13E87A0,J,Y,A,R,J,1,3,E,8,7,A,0,0,0,0,000000000,00000000000,0,0,0,1,0,0,0,0,0,0,0,998,0,0,0,0,9,8,1,0,0,0,1,25,1721,6,1,0,0,3,0,72,999,0,0,0,0,0,0,0,0,0,9,57,0,0,0,3,3,55,1,1,2,1,0,0,1,52,3,1,1,98,1,0
25,250066,1,2,3,28,5,17,54,12,1,1,0,25,2,49,32,49032,4,2000,1NXBR12E2YZ3,1,N,X,B,R,1,2,E,2,Y,Z,3,0,0,0,000000000,00000000000,0,0,0,1,0,0,0,0,0,0,0,998,0,0,0,6,6,8,12,0,0,0,1,25,2368,6,7,0,0,2,0,66,999,0,0,0,0,0,0,0,0,0,0,0,0,0,0,3,3,50,1,1,2,2,0,0,1,18,1,1,1,25,1,0
25,250066,2,2,1,28,5,17,54,12,1,1,0,25,1,20,471,20471,30,2003,1GCDT13X93K1,1,G,C,D,T,1,3,X,9,3,K,1,0,0,0,000000000,00000000000,0,0,0,1,0,0,0,0,0,0,0,998,0,0,0,12,6,8,12,0,0,0,1,25,2136,6,1,0,0,3,3,61,99,3,0,0,0,0,6,2012,4,2013,0,26,0,0,0,3,3,50,1,1,2,2,0,0,1,51,1,1,1,24,0,0
25,250067,1,3,2,30,5,16,22,24,0,1,0,25,2,62,421,62421,15,2013,SALSK2D45DA7,S,A,L,S,K,2,D,4,5,D,A,7,0,0,0,000000000,00000000000,0,0,0,1,0,0,0,0,0,0,0,998,0,0,0,12,6,2,12,0,0,0,1,25,2035,6,1,0,0,3,0,69,999,0,1,0,0,0,2,2014,2,2014,0,91,58,50,0,3,3,65,1,1,2,1,0,0,1,12,7,1,4,98,0,0
25,250067,2,3,3,30,5,16,22,24,0,1,0,44,1,49,40,49040,4,2000,4T1BG22K2YU6,4,T,1,B,G,2,2,K,2,Y,U,6,0,0,0,000000000,00000000000,0,0,0,1,0,0,0,0,0,0,0,998,0,0,0,12,6,2,12,0,0,0,1,44,2815,6,1,0,0,3,3,68,999,0,0,0,0,0,0,0,0,0,0,0,0,0,0,3,3,65,1,1,2,1,0,0,1,62,1,1,1,98,1,0
25,250067,3,3,2,30,5,16,22,24,0,1,0,25,1,12,24,12024,6,2012,2FMDK4AK2CBA,2,F,M,D,K,4,A,K,2,C,B,A,0,0,0,000000000,00000000000,0,0,0,1,0,0,0,0,0,0,0,998,0,0,0,62,6,2,12,0,0,0,1,25,2169,6,1,0,0,3,0,64,999,0,0,0,0,0,0,0,0,0,0,0,0,0,0,3,3,65,1,1,2,1,0,0,1,62,7,1,3,98,0,0
25,250068,1,1,1,30,5,23,0,33,0,1,0,25,1,35,43,35043,4,2009,3N1AB61EX9L6,3,N,1,A,B,6,1,E,X,9,L,6,0,0,0,000000000,00000000000,0,0,0,1,0,0,0,0,0,0,0,998,0,0,0,14,6,2,14,0,0,0,1,25,2740,6,1,0,0,3,0,71,999,0,0,0,0,0,0,0,0,0,0,0,0,0,0,1,2,30,1,1,2,2,0,0,1,9,99,1,4,6,1,0
25,250069,1,1,1,2,6,15,59,1,0,1,0,33,3,72,706,72706,80,2010,1HD1KH410AB6,1,H,D,1,K,H,4,1,0,A,B,6,0,0,0,000000000,00000000000,0,0,0,1,0,0,0,0,0,0,0,998,0,0,0,0,6,2,1,0,0,0,1,33,3281,3,1,0,0,2,0,69,175,0,0,0,1,0,8,2012,8,2012,9,0,0,0,0,3,3,65,1,1,2,1,0,0,1,9,4,5,2,98,1,1
25,250070,1,1,1,20,6,8,35,14,0,1,0,25,1,37,31,37031,2,2004,1HGEM21514L0,1,H,G,E,M,2,1,5,1,4,L,0,0,0,0,000000000,00000000000,0,0,0,1,0,0,0,0,0,0,0,998,0,0,0,12,6,2,14,0,0,0,1,25,1095,6,1,0,0,3,3,72,999,0,0,0,0,0,0,0,0,0,9,99,99,99,99,1,2,30,1,6,2,1,0,0,1,9,1,1,4,6,1,0
25,250071,1,1,1,25,6,21,0,30,0,1,0,25,1,24,2,24002,2,1997,1G8ZH1274VZ3,1,G,8,Z,H,1,2,7,4,V,Z,3,0,0,0,000000000,00000000000,0,0,0,1,0,0,0,0,0,0,0,998,0,9,6,61,6,2,30,0,0,0,1,25,1011,1,1,0,0,2,0,69,999,0,1,0,0,0,2,2012,2,2012,3,0,0,0,0,1,2,40,2,3,2,2,0,0,14,6,1,9,4,7,1,0
25,250072,1,1,1,26,6,10,19,21,0,1,0,25,1,35,47,35047,4,2012,1N4AL2AP5CC1,1,N,4,A,L,2,A,P,5,C,C,1,0,0,0,000000000,00000000000,0,0,0,1,0,0,0,0,0,0,0,998,0,0,0,12,6,2,21,0,0,0,1,25,2780,6,1,0,0,3,0,71,999,0,0,0,0,1,10,2013,10,2013,9,28,0,0,0,3,2,65,1,1,2,1,0,0,1,12,1,1,4,6,1,0
25,250073,1,2,2,29,6,13,23,12,2,1,0,25,1,21,1,21001,2,1972,3G87M2N22436,3,G,8,7,M,2,N,2,2,4,3,6,0,0,0,000000000,00000000000,0,0,0,1,0,0,0,0,0,0,0,998,0,0,0,12,6,2,12,0,0,0,1,25,2343,6,1,0,0,3,0,69,999,1,0,0,0,0,2,2012,2,2012,9,36,0,0,0,1,2,40,1,1,2,1,0,0,1,10,1,1,2,50,1,0
25,250073,2,2,2,29,6,13,23,12,2,1,0,25,3,37,31,37031,4,2014,19XFB2F57EE2,1,9,X,F,B,2,F,5,7,E,E,2,0,0,0,000000000,00000000000,0,0,0,1,0,0,0,0,0,0,0,998,0,0,0,12,6,2,12,0,0,0,1,25,2351,6,1,0,0,3,3,63,999,0,0,0,0,0,0,0,0,0,0,0,0,0,0,1,2,40,1,1,2,1,0,0,1,54,1,1,1,51,0,0
25,250074,1,1,1,25,3,17,57,42,0,1,0,44,1,20,499,20499,31,1978,CCD148111908,C,C,D,1,4,8,1,1,1,9,0,8,0,0,0,000000000,00000000000,0,0,0,1,0,0,0,0,0,0,0,998,0,0,0,61,6,2,42,0,0,0,1,44,2895,6,1,0,0,3,3,69,999,0,0,0,0,0,0,0,0,0,3,28,58,0,0,1,2,30,1,1,2,1,0,0,1,6,8,9,4,7,1,0
25,250075,1,2,2,29,6,13,53,12,1,1,0,25,3,20,404,20404,14,2014,2GNALAEK2E11,2,G,N,A,L,A,E,K,2,E,1,1,0,0,0,000000000,00000000000,0,0,0,1,0,0,0,0,0,0,0,998,0,0,0,12,6,2,12,0,0,0,1,25,2333,6,1,0,0,3,0,70,999,0,0,0,0,0,0,0,0,0,9,0,0,0,0,1,2,40,1,1,2,1,0,0,1,51,1,1,1,24,0,0
25,250075,2,2,2,29,6,13,53,12,1,1,0,25,1,72,706,72706,80,1992,1HD1CAP16NY2,1,H,D,1,C,A,P,1,6,N,Y,2,0,0,0,000000000,00000000000,0,0,0,1,0,0,0,0,0,0,0,998,0,0,0,6,6,2,12,0,0,0,1,25,1521,6,1,0,0,3,0,65,999,0,0,0,0,0,0,0,0,0,0,0,0,0,0,1,2,40,1,1,2,1,0,0,1,53,1,1,1,25,1,0
25,250076,1,1,1,30,6,19,38,40,0,1,0,25,1,20,37,20037,4,2009,1G1ZG57B39F2,1,G,1,Z,G,5,7,B,3,9,F,2,0,0,0,000000000,00000000000,0,0,0,1,0,0,0,0,0,0,0,998,0,0,0,12,6,2,99,0,0,0,1,25,1040,6,1,0,0,3,0,66,999,0,0,0,0,0,0,0,0,0,0,0,0,0,0,1,2,35,1,1,2,1,0,0,1,13,6,1,4,1,1,0
25,250077,1,1,1,1,7,11,45,24,0,1,0,9,1,20,20,20020,4,1999,2G1WN52KXX91,2,G,1,W,N,5,2,K,X,X,9,1,0,0,0,000000000,00000000000,0,0,0,1,0,0,0,0,0,0,0,998,0,0,0,12,6,2,24,0,0,0,1,9,6705,6,1,0,0,3,0,71,999,98,0,0,0,0,0,0,0,0,9,28,0,0,0,3,3,65,1,1,2,1,0,0,1,9,1,1,4,1,1,0
25,250078,1,2,3,2,7,12,30,12,2,1,0,25,1,49,482,49482,31,2000,5TBBT4416YS0,5,T,B,B,T,4,4,1,6,Y,S,0,0,0,0,000000000,00000000000,0,0,0,1,0,0,0,0,0,0,0,998,0,0,0,12,4,5,12,0,0,0,1,25,2575,6,1,0,0,3,0,78,999,0,0,0,0,0,0,0,0,0,9,0,0,0,0,1,2,40,1,1,2,1,0,0,1,62,1,1,1,51,0,0
25,250078,2,2,1,2,7,12,30,12,2,1,0,25,3,99,709,99709,81,9999,999999999999,9,9,9,9,9,9,9,9,9,9,9,9,0,0,0,000000000,00000000000,0,0,0,1,0,0,0,0,0,0,0,998,0,0,0,12,6,2,12,0,0,0,1,25,1109,1,1,0,0,2,0,69,999,0,1,0,0,1,4,2014,6,2014,9,58,0,0,0,1,2,40,1,1,2,1,0,0,1,11,7,1,2,50,1,0
25,250079,1,1,1,2,7,7,27,30,0,1,0,25,1,12,37,12037,4,2002,1FAFP34342W1,1,F,A,F,P,3,4,3,4,2,W,1,0,0,0,000000000,00000000000,0,0,0,1,0,0,0,0,0,0,0,998,0,0,0,62,6,2,24,0,0,0,1,25,2790,6,1,0,0,3,3,66,999,0,0,0,0,0,0,0,0,0,9,0,0,0,0,2,2,40,1,1,2,1,0,0,1,9,1,1,4,1,1,0
25,250080,1,1,1,5,7,7,59,33,0,1,0,25,2,37,32,37032,4,2007,1HGCM56367A1,1,H,G,C,M,5,6,3,6,7,A,1,0,0,0,000000000,00000000000,0,0,0,1,0,0,0,0,0,0,0,998,0,0,0,14,6,2,42,0,0,0,1,25,1108,6,1,0,0,3,0,69,999,0,0,0,0,0,0,0,0,0,9,99,99,99,99,1,2,40,1,1,2,1,0,0,1,13,6,1,4,1,1,0
25,250081,1,1,1,8,7,1,19,8,0,1,0,25,1,42,421,42421,15,2009,4JGBF71E79A4,4,J,G,B,F,7,1,E,7,9,A,4,0,0,0,000000000,00000000000,0,0,0,1,0,0,0,0,0,0,0,998,0,0,0,12,4,8,8,0,0,0,1,25,2302,6,1,0,0,3,0,68,999,1,0,0,2,0,9,2012,3,2013,0,0,0,0,0,3,3,55,1,1,2,1,0,0,1,80,1,1,1,13,0,0
25,250082,1,1,1,9,7,21,59,42,0,1,0,25,2,53,706,53706,80,2005,JS1GW71A3521,J,S,1,G,W,7,1,A,3,5,2,1,0,0,0,000000000,00000000000,0,0,0,1,0,0,0,0,0,0,0,998,0,0,0,12,6,8,42,0,0,0,1,25,2558,1,1,0,0,2,0,74,999,0,2,0,0,2,8,2012,4,2014,3,0,0,0,0,2,2,65,1,1,2,1,0,0,1,13,1,1,4,1,1,0
25,250083,1,1,1,9,7,99,99,33,0,1,0,25,1,76,706,76706,80,2006,JYARN15E36A0,J,Y,A,R,N,1,5,E,3,6,A,0,0,0,0,000000000,00000000000,0,0,0,1,0,0,0,0,0,0,0,998,0,0,0,12,6,2,33,99,99,0,1,25,2151,6,1,0,0,3,3,68,999,0,0,0,0,0,0,0,0,0,9,36,0,0,0,3,3,45,1,1,2,1,0,0,15,9,1,9,4,2,1,0
25,250084,1,1,1,14,7,15,18,1,0,1,0,25,3,12,481,12481,31,2004,1FTNF21LX4ED,1,F,T,N,F,2,1,L,X,4,E,D,1,2,0,000000000,00000000000,0,0,0,1,0,0,0,0,0,0,0,998,0,1,3,0,6,2,42,99,99,1,1,25,1886,6,1,0,0,3,0,72,999,0,0,0,0,0,0,0,0,0,0,99,99,99,99,2,3,65,1,1,2,1,0,0,1,4,99,7,4,7,1,0
25,250085,1,1,1,16,7,21,0,8,0,1,0,33,1,49,40,49040,4,2011,4T4BF3EK7BR2,4,T,4,B,F,3,E,K,7,B,R,2,0,0,0,000000000,00000000000,0,0,0,1,0,0,0,0,0,0,0,998,0,0,0,2,6,2,8,0,0,0,1,33,3079,6,1,0,0,3,3,66,150,0,0,0,0,0,0,0,0,0,0,0,0,0,0,6,2,25,1,1,2,1,0,0,1,80,1,1,1,13,0,0
25,250086,1,3,1,16,7,21,50,12,1,1,0,33,2,12,24,12024,6,2014,2FMDK4KC2EBA,2,F,M,D,K,4,K,C,2,E,B,A,0,0,0,000000000,00000000000,0,0,0,1,0,0,0,0,0,0,0,0,0,0,0,6,4,5,12,0,0,0,1,33,3054,1,1,0,0,2,0,66,140,0,0,0,0,0,0,0,0,0,0,0,0,0,0,3,3,45,1,1,2,1,0,0,5,53,1,1,1,21,0,0
25,250086,2,3,1,16,7,21,50,12,1,1,0,25,2,35,47,35047,4,2003,1N4AL11D83C3,1,N,4,A,L,1,1,D,8,3,C,3,0,0,0,000000000,00000000000,0,0,0,1,0,0,0,0,0,0,0,998,0,0,0,12,6,2,12,0,0,0,1,25,2169,6,1,0,0,3,3,67,999,0,0,0,0,0,0,0,0,0,0,26,0,0,0,3,3,45,1,1,2,1,0,0,1,50,1,1,1,20,1,0