STATE,ST_CASE,VEH_NO,VE_FORMS,NUMOCCS,DAY,MONTH,HOUR,MINUTE,HARM_EV,MAN_COLL,UNITTYPE,HIT_RUN,REG_STAT,OWNER,MAKE,MODEL,MAK_MOD,BODY_TYP,MOD_YEAR,VIN,VIN_1,VIN_2,VIN_3,VIN_4,VIN_5,VIN_6,VIN_7,VIN_8,VIN_9,VIN_10,VIN_11,VIN_12,TOW_VEH,J_KNIFE,MCARR_I1,MCARR_I2,MCARR_ID,GVWR,V_CONFIG,CARGO_BT,HAZ_INV,HAZ_PLAC,HAZ_ID,HAZ_CNO,HAZ_REL,BUS_USE,SPEC_USE,EMER_USE,TRAV_SP,UNDERIDE,ROLLOVER,ROLINLOC,IMPACT1,DEFORMED,TOWED,M_HARM,VEH_SC1,VEH_SC2,FIRE_EXP,DR_PRES,L_STATE,DR_ZIP,L_STATUS,L_TYPE,CDL_STAT,L_ENDORS,L_COMPL,L_RESTRI,DR_HGT,DR_WGT,PREV_ACC,PREV_SUS,PREV_DWI,PREV_SPD,PREV_OTH,FIRST_MO,FIRST_YR,LAST_MO,LAST_YR,SPEEDREL,DR_SF1,DR_SF2,DR_SF3,DR_SF4,VTRAFWAY,VNUM_LAN,VSPD_LIM,VALIGN,VPROFILE,VPAVETYP,VSURCOND,VTRAFCON,VTCONT_F,P_CRASH1,P_CRASH2,P_CRASH3,PCRASH4,PCRASH5,ACC_TYPE,DEATHS,DR_DRINK
25,250179,2,2,4,3,10,21,36,12,2,1,0,25,2,13,401,13401,14,2003,5LMEU88H03ZJ,5,L,M,E,U,8,8,H,0,3,Z,J,0,0,0,000000000,00000000000,0,0,0,1,0,0,0,0,0,0,0,998,0,0,0,12,6,2,12,0,0,0,1,25,1062,6,1,0,0,3,0,70,999,0,0,0,0,2,10,2011,1,2012,0,0,0,0,0,1,2,98,1,1,2,1,0,0,1,62,1,1,1,51,0,0
25,250180,1,1,2,19,8,7,7,8,0,1,0,25,1,37,32,37032,4,2008,1HGCP26718A0,1,H,G,C,P,2,6,7,1,8,A,0,0,0,0,000000000,00000000000,0,0,0,1,0,0,0,0,0,0,0,998,0,0,0,12,4,3,8,0,0,0,1,25,2135,6,1,0,0,3,0,72,999,0,1,0,1,3,10,2011,6,2014,0,0,0,0,0,1,2,35,1,1,2,1,0,0,1,80,6,1,1,13,0,0
25,250181,1,1,1,5,9,19,39,9,0,1,0,25,1,34,706,34706,80,2013,WB104400XDZW,W,B,1,0,4,4,0,0,X,D,Z,W,0,0,0,000000000,00000000000,0,0,0,1,0,0,0,0,0,0,0,998,0,0,0,12,6,2,9,0,0,0,1,25,1983,6,1,6,0,3,3,67,999,0,1,0,1,1,5,2013,9,2013,9,99,99,99,99,1,2,30,1,1,2,1,0,0,1,84,1,1,1,13,0,0
25,250182,1,2,1,2,10,20,20,25,0,1,0,25,2,41,50,41050,4,2012,1YVHZ8EH1C5M,1,Y,V,H,Z,8,E,H,1,C,5,M,0,0,0,000000000,00000000000,0,0,0,1,0,0,0,0,0,0,0,998,0,0,0,11,6,2,25,0,0,0,1,25,2301,6,1,0,0,3,0,73,999,0,0,0,0,0,0,0,0,0,9,99,99,99,99,3,3,65,1,1,2,1,0,0,1,12,1,9,4,98,1,1
25,250182,2,2,1,2,10,20,20,25,0,1,0,25,1,49,40,49040,4,2012,4T1BF1FK2CU0,4,T,1,B,F,1,F,K,2,C,U,0,0,0,0,000000000,00000000000,0,0,0,1,0,0,0,0,0,0,0,998,0,0,0,62,4,5,12,0,0,0,1,25,2021,6,1,0,0,3,0,70,999,0,0,0,1,0,3,2013,3,2013,0,0,0,0,0,3,3,65,1,1,2,1,0,0,1,61,1,1,2,98,0,0
25,250183,1,1,1,5,10,1,31,42,0,1,0,25,1,12,3,12003,2,2006,1ZVFT82H9652,1,Z,V,F,T,8,2,H,9,6,5,2,0,0,0,000000000,00000000000,0,0,0,1,0,0,0,0,0,0,0,998,0,0,0,82,8,5,42,0,0,0,1,25,1876,6,1,0,0,3,0,66,999,0,0,0,0,0,0,0,0,0,3,0,0,0,0,3,2,45,1,1,2,2,3,3,1,6,1,9,4,2,1,1
25,250184,1,1,1,24,8,15,10,42,0,1,0,25,1,63,34,63034,4,2013,5XXGN4A73DG2,5,X,X,G,N,4,A,7,3,D,G,2,0,0,0,000000000,00000000000,0,0,0,1,0,0,0,0,0,0,0,70,0,0,0,12,6,2,42,0,0,1,1,25,2151,6,1,0,0,3,0,63,999,3,0,0,0,1,4,2013,1,2014,9,0,0,0,0,3,2,60,1,1,2,1,0,0,1,12,1,9,4,6,1,0
25,250185,1,1,1,7,10,5,27,30,0,1,0,25,1,7,472,7472,30,1994,1B7GG23Y0RS6,1,B,7,G,G,2,3,Y,0,R,S,6,0,0,0,000000000,00000000000,0,0,0,1,0,0,0,0,0,0,0,998,0,0,0,12,6,2,30,0,0,0,1,25,2333,6,1,0,0,3,0,71,999,0,0,0,0,0,0,0,0,0,0,58,0,0,0,1,2,98,1,1,2,2,0,0,1,9,1,9,4,7,1,0
25,250186,1,1,1,12,10,18,45,30,0,1,0,25,2,12,3,12003,2,1992,1FACP41E0NF1,1,F,A,C,P,4,1,E,0,N,F,1,0,0,0,000000000,00000000000,0,0,0,1,0,0,0,0,0,0,0,998,0,0,0,12,6,2,30,0,0,0,1,25,2347,6,1,0,0,3,0,68,999,2,0,0,0,1,10,2011,9,2012,9,36,0,0,0,4,2,98,1,1,2,1,0,0,1,13,1,9,4,1,1,0
25,250187,1,2,1,12,10,13,55,12,1,1,0,25,1,76,706,76706,80,1999,JYARN02E2XA0,J,Y,A,R,N,0,2,E,2,X,A,0,0,0,0,000000000,00000000000,0,0,0,1,0,0,0,0,0,0,0,998,0,0,0,12,6,2,12,0,0,0,1,25,1504,6,1,0,0,3,0,70,999,0,3,1,0,1,1,2012,4,2012,3,36,0,0,0,3,3,65,1,1,2,1,0,0,6,51,1,1,2,24,1,1
25,250187,2,2,1,12,10,13,55,12,1,1,0,25,1,18,3,18003,4,2001,1G4CU5416142,1,G,4,C,U,5,4,1,6,1,4,2,0,0,0,000000000,00000000000,0,0,0,1,0,0,0,0,0,0,0,998,0,0,0,6,4,8,12,0,0,0,1,25,2054,6,1,0,0,3,3,68,999,0,0,0,0,0,0,0,0,0,0,0,0,0,0,3,3,65,1,1,2,1,0,0,1,53,1,1,1,25,0,0
25,250188,1,1,1,13,10,5,15,18,0,1,0,25,2,49,402,49402,14,2006,JTMBD33V8660,J,T,M,B,D,3,3,V,8,6,6,0,0,0,0,000000000,00000000000,0,0,0,1,0,0,0,0,0,0,0,998,0,0,0,12,6,8,18,0,0,0,1,25,1852,6,1,0,0,3,0,72,999,0,0,0,1,1,6,2013,6,2013,9,99,99,99,99,6,1,35,1,1,2,1,0,0,1,12,99,9,4,6,1,0
25,250189,1,2,1,14,10,14,37,12,6,1,0,25,1,13,421,13421,15,1998,5LMPU28LXWLJ,5,L,M,P,U,2,8,L,X,W,L,J,0,0,0,000000000,00000000000,0,0,0,1,0,0,0,0,0,0,0,998,0,0,0,12,6,2,12,0,0,0,1,25,2045,6,1,0,0,3,1,70,999,0,0,0,0,0,0,0,0,0,9,99,99,99,99,1,2,30,1,1,2,1,4,3,1,17,1,1,1,88,0,0
25,250189,2,2,1,14,10,14,37,12,6,1,0,25,1,49,32,49032,4,2000,2T1BR12E6YC3,2,T,1,B,R,1,2,E,6,Y,C,3,0,0,0,000000000,00000000000,0,0,0,1,0,0,0,0,0,0,0,998,0,0,0,61,6,2,12,0,0,0,1,25,2188,6,1,0,0,3,3,66,999,0,0,0,0,0,0,0,0,0,0,99,99,99,99,1,2,30,1,1,2,1,4,3,1,66,1,1,1,89,1,0
25,250190,1,1,1,15,10,14,24,42,0,1,0,25,1,59,31,59031,4,2014,JTHBK1GG5E20,J,T,H,B,K,1,G,G,5,E,2,0,0,0,0,000000000,00000000000,0,0,0,1,0,0,0,0,0,0,0,998,0,9,5,82,6,8,1,0,0,0,1,25,1843,6,1,0,0,3,0,67,999,0,0,0,0,0,0,0,0,0,0,99,99,99,99,3,3,65,1,1,2,1,0,0,1,13,1,1,4,1,1,0
25,250191,1,1,1,17,10,21,29,8,0,1,0,44,2,35,39,35039,4,2010,1N4AA5AP2AC8,1,N,4,A,A,5,A,P,2,A,C,8,0,0,0,000000000,00000000000,0,0,0,1,0,0,0,0,0,0,0,998,0,0,0,12,4,3,8,0,0,0,1,44,2915,6,1,0,0,3,0,69,195,1,0,0,0,0,12,2012,12,2012,0,0,0,0,0,1,2,40,1,1,2,1,0,0,1,80,1,1,1,13,0,0
25,250192,1,1,1,17,10,16,38,31,0,1,0,33,1,72,706,72706,80,2007,1HD4CP2187K4,1,H,D,4,C,P,2,1,8,7,K,4,0,0,0,000000000,00000000000,0,0,0,1,0,0,0,0,0,0,0,998,0,0,0,81,6,8,31,0,0,0,1,33,3053,6,1,0,0,3,0,71,180,0,0,0,0,0,0,0,0,0,0,99,99,99,99,6,1,35,9,9,2,1,0,0,1,13,99,5,4,1,1,0
25,250193,1,2,3,19,10,2,57,12,2,1,0,25,1,34,35,34035,4,2007,WBANF73597CY,W,B,A,N,F,7,3,5,9,7,C,Y,0,0,0,000000000,00000000000,0,0,0,1,0,0,0,0,0,0,0,998,0,0,0,12,6,2,12,0,0,0,1,25,2136,6,1,0,0,3,0,61,999,0,0,0,0,0,0,0,0,0,9,51,0,0,0,1,2,25,3,1,2,1,0,0,1,10,1,1,2,50,2,1
25,250193,2,2,2,19,10,2,57,12,2,1,0,25,1,49,40,49040,4,2002,4T1BF30K32U5,4,T,1,B,F,3,0,K,3,2,U,5,0,0,0,000000000,00000000000,0,0,0,1,0,0,0,0,0,0,0,998,0,0,0,12,6,2,12,0,0,0,1,25,2131,6,1,0,0,3,0,66,999,0,0,0,0,0,0,0,0,0,0,0,0,0,0,1,2,25,3,1,2,1,0,0,1,62,1,1,1,51,0,0
25,250194,1,1,1,20,10,19,14,39,0,1,0,25,2,52,34,52034,4,2001,4A3AA46G31E0,4,A,3,A,A,4,6,G,3,1,E,0,0,0,0,000000000,00000000000,0,0,0,1,0,0,0,0,0,0,0,998,0,0,0,12,6,2,39,0,0,1,1,25,1826,2,1,0,0,2,0,72,999,0,0,0,0,0,0,0,0,0,9,99,99,99,99,4,2,98,1,1,2,1,3,3,1,9,1,9,4,2,1,0
25,250195,1,1,4,11,10,1,34,42,0,1,0,25,1,49,40,49040,4,2000,4T1BG22K1YU6,4,T,1,B,G,2,2,K,1,Y,U,6,0,0,0,000000000,00000000000,0,0,0,1,0,0,0,0,0,0,0,998,0,9,3,82,6,2,42,0,0,0,1,25,2771,6,1,0,0,3,3,64,999,1,0,0,0,1,4,2013,5,2014,3,28,91,0,0,2,3,65,1,1,2,1,0,0,1,12,4,5,4,6,1,1
25,250196,1,1,1,20,10,6,51,8,0,1,0,25,1,49,40,49040,4,2008,4T1BB46K08U0,4,T,1,B,B,4,6,K,0,8,U,0,0,0,0,000000000,00000000000,0,0,0,1,0,0,0,0,0,0,0,998,0,0,0,1,6,2,8,0,0,0,1,25,2169,6,1,0,0,3,3,64,999,0,0,0,0,1,1,2013,1,2013,0,36,0,0,0,1,2,30,1,1,2,1,20,3,11,80,1,1,1,13,0,0
25,250197,1,1,1,22,10,20,44,8,0,1,1,25,1,37,402,37402,14,2011,5J6RE4H47BL0,5,J,6,R,E,4,H,4,7,B,L,0,0,0,0,000000000,00000000000,0,0,0,1,0,0,0,0,0,0,0,998,0,0,0,1,4,5,8,0,0,0,1,25,2302,6,1,0,0,3,3,65,999,0,0,0,0,0,0,0,0,0,9,36,86,0,0,1,2,98,1,1,2,2,0,0,1,80,1,1,1,13,0,1
25,250199,1,1,1,1,11,22,40,35,0,1,0,25,1,30,40,30040,4,2001,3VWSD29M31M0,3,V,W,S,D,2,9,M,3,1,M,0,0,0,0,000000000,00000000000,0,0,0,1,0,0,0,0,0,0,0,998,0,1,3,14,6,2,42,0,0,0,1,25,2769,6,1,6,0,3,0,71,999,0,0,0,0,0,0,0,0,0,4,0,0,0,0,2,3,65,1,1,2,2,0,0,1,6,1,9,4,7,1,1
25,250200,1,7,2,1,1,2,9,24,0,1,0,25,1,32,43,32043,4,2004,WAULC68E34A2,W,A,U,L,C,6,8,E,3,4,A,2,0,0,0,000000000,00000000000,0,0,0,1,0,0,0,0,0,0,0,60,0,0,0,62,6,2,12,0,0,0,1,25,2124,6,1,0,0,3,0,72,999,0,2,0,0,2,3,2013,10,2013,0,28,91,0,0,3,3,65,1,1,2,1,0,0,1,9,1,1,4,6,0,1
25,250200,2,7,1,1,1,2,9,24,0,1,0,25,1,18,5,18005,2,1998,1G4GD2217W47,1,G,4,G,D,2,2,1,7,W,4,7,0,0,0,000000000,00000000000,0,0,0,1,0,0,0,0,0,0,0,70,0,0,0,61,6,2,12,0,0,0,1,25,1821,6,1,0,0,3,0,69,999,0,0,0,1,0,8,2012,8,2012,0,0,0,0,0,3,3,65,1,1,2,1,0,0,1,50,9,1,2,98,0,0
25,250200,3,7,2,1,1,2,9,24,0,1,0,25,1,13,14,13014,6,2009,2LMDU88C49BJ,2,L,M,D,U,8,8,C,4,9,B,J,0,0,0,000000000,00000000000,0,0,0,1,0,0,0,0,0,0,0,998,0,0,0,6,4,5,12,0,0,0,1,25,2124,6,1,0,0,3,0,65,999,0,0,0,0,0,0,0,0,0,0,0,0,0,0,3,3,65,1,1,2,1,0,0,1,50,7,1,1,98,0,0
25,250200,4,7,3,1,1,2,9,24,0,1,0,25,1,35,47,35047,4,2002,1N4AL11E72C1,1,N,4,A,L,1,1,E,7,2,C,1,0,0,0,000000000,00000000000,0,0,0,1,0,0,0,0,0,0,0,51,1,0,0,12,6,2,12,0,0,0,1,25,2301,6,1,0,0,3,3,66,999,0,0,0,0,2,2,2012,3,2013,0,0,0,0,0,3,3,65,1,1,2,1,0,0,1,52,3,1,1,98,0,0
25,250200,5,7,1,1,1,2,9,24,0,1,0,25,1,48,34,48034,4,2000,4S3BE6452Y62,4,S,3,B,E,6,4,5,2,Y,6,2,0,0,0,000000000,00000000000,0,0,0,1,0,0,0,0,0,0,0,998,0,0,0,63,4,5,12,0,0,0,1,25,2136,6,1,0,0,3,3,71,999,0,0,0,0,0,0,0,0,0,0,0,0,0,0,3,3,65,1,1,2,1,0,0,1,50,6,1,2,98,0,0
25,250200,6,7,1,1,1,2,9,24,0,1,0,25,2,63,33,63033,4,2007,KNAFE1221754,K,N,A,F,E,1,2,2,1,7,5,4,0,0,0,000000000,00000000000,0,0,0,1,0,0,0,0,0,0,0,51,0,0,0,82,4,5,12,0,0,0,1,25,2035,6,1,0,0,3,3,62,999,0,0,0,0,0,0,0,0,0,0,0,0,0,0,3,3,65,1,1,2,1,0,0,1,50,9,1,2,98,0,0
25,250200,7,7,4,1,1,2,9,24,0,1,0,25,1,19,22,19022,4,2008,1G6KD57Y68U1,1,G,6,K,D,5,7,Y,6,8,U,1,0,0,0,000000000,00000000000,0,0,0,1,0,0,0,0,0,0,0,69,0,0,0,12,6,2,12,0,0,0,1,25,2130,6,1,0,0,3,0,67,999,0,0,0,0,0,0,0,0,0,0,0,0,0,0,3,3,65,1,1,2,1,0,0,1,50,1,1,1,98,3,0
25,250201,1,2,1,29,7,99,99,12,1,1,0,25,1,35,50,35050,5,2010,3N1BC1CP7AL3,3,N,1,B,C,1,C,P,7,A,L,3,0,0,0,000000000,00000000000,0,0,0,1,0,0,0,0,0,0,0,998,0,0,0,6,6,2,12,0,0,0,1,25,1001,6,1,0,0,3,0,63,999,0,0,0,0,1,5,2014,5,2014,0,0,0,0,0,4,1,98,1,1,2,1,21,3,1,55,1,1,1,98,0,0
25,250201,2,2,1,29,7,99,99,12,1,1,0,9,1,72,706,72706,80,2005,1HD1FBW195Y6,1,H,D,1,F,B,W,1,9,5,Y,6,0,0,0,000000000,00000000000,0,0,0,1,0,0,0,0,0,0,0,998,0,0,0,12,6,2,12,0,0,0,1,9,6032,6,1,0,0,3,0,68,999,98,0,0,0,0,0,0,0,0,4,0,0,0,0,4,1,98,1,1,2,1,21,3,1,6,4,5,7,98,1,1
25,250202,1,1,1,3,11,13,15,8,0,1,0,25,2,37,402,37402,14,2004,SHSRD78804U2,S,H,S,R,D,7,8,8,0,4,U,2,0,0,0,000000000,00000000000,0,0,0,1,0,0,0,0,0,0,0,998,0,0,0,12,4,3,8,0,0,0,1,25,1520,6,1,0,0,3,3,70,999,0,0,0,0,0,0,0,0,0,0,91,0,0,0,1,2,30,1,1,2,1,0,0,1,80,1,1,1,13,0,0
25,250203,1,1,1,5,11,22,44,59,0,1,0,25,2,37,706,37706,80,2007,JH2SC57037M3,J,H,2,S,C,5,7,0,3,7,M,3,0,0,0,000000000,00000000000,0,0,0,1,0,0,0,0,0,0,0,998,0,0,0,12,6,2,26,0,0,0,1,25,1610,6,7,0,0,2,0,70,999,0,0,0,0,1,4,2014,4,2014,3,99,99,99,99,3,2,50,1,5,2,1,0,0,1,6,1,5,4,2,1,0
25,250204,1,1,2,14,1,14,49,33,0,1,0,9,3,35,47,35047,4,2013,1N4AL3AP0DC2,1,N,4,A,L,3,A,P,0,D,C,2,0,0,0,000000000,00000000000,0,0,0,1,0,0,0,0,0,0,0,998,0,0,0,14,6,2,39,0,0,0,1,25,1201,6,1,0,0,3,0,71,999,1,0,0,0,0,12,2013,12,2013,3,36,0,0,0,3,2,30,1,1,2,2,3,3,1,14,1,9,4,14,2,0
25,250205,1,1,1,17,1,17,45,8,0,1,0,25,1,20,422,20422,15,2005,3GNFK16Z85G1,3,G,N,F,K,1,6,Z,8,5,G,1,0,0,0,000000000,00000000000,0,0,0,1,0,0,0,0,0,0,0,998,0,0,0,12,4,3,8,0,0,0,1,25,1201,6,1,0,0,3,3,63,999,0,0,0,1,0,10,2012,10,2012,0,0,0,0,0,2,2,30,1,1,2,1,0,0,1,80,1,1,1,13,0,0
25,250206,1,1,1,25,10,13,41,42,0,1,0,25,2,20,16,20016,4,2004,1G1JH52F8471,1,G,1,J,H,5,2,F,8,4,7,1,0,0,0,000000000,00000000000,0,0,0,1,0,0,0,0,0,0,0,998,0,0,0,12,6,2,42,0,0,0,1,25,2324,3,1,0,0,2,3,66,999,0,0,0,0,0,0,0,0,0,0,79,0,0,0,1,2,98,1,1,2,1,20,3,1,12,1,1,4,6,1,0
25,250207,1,1,2,23,10,15,6,14,0,1,0,25,2,21,401,21401,14,1997,1GHDT13WXV27,1,G,H,D,T,1,3,W,X,V,2,7,0,0,0,000000000,00000000000,0,0,0,1,0,0,0,0,0,0,0,998,0,0,0,12,4,5,14,0,0,0,1,25,1420,6,1,0,0,3,3,64,999,0,0,0,0,2,12,2011,6,2014,0,99,99,99,99,1,2,30,1,1,2,2,0,0,1,13,1,9,4,1,1,0
25,250208,1,1,1,8,11,2,18,42,0,1,0,25,1,2,403,2403,14,2011,1J4RR4GG8BC5,1,J,4,R,R,4,G,G,8,B,C,5,0,0,0,000000000,00000000000,0,0,0,1,0,0,0,0,0,0,0,998,0,9,6,61,6,2,35,0,0,0,1,25,1760,6,1,0,0,3,3,74,999,0,0,0,2,0,10,2012,3,2014,3,99,99,99,99,2,3,65,1,1,2,1,0,0,1,13,1,9,4,1,1,0
25,250209,1,2,1,4,10,18,53,8,0,1,0,25,1,35,443,35443,20,2002,4N2ZN15T42D8,4,N,2,Z,N,1,5,T,4,2,D,8,0,0,0,000000000,00000000000,0,0,0,1,0,0,0,0,0,0,0,998,0,0,0,62,6,2,8,0,0,0,1,25,1109,6,1,0,0,3,0,67,999,0,0,0,0,0,0,0,0,0,0,0,0,0,0,1,2,98,1,1,2,2,3,2,1,80,1,1,1,13,0,0
25,250209,2,2,3,4,10,18,53,8,0,1,0,25,2,49,33,49033,2,2000,JTDDR32TXY00,J,T,D,D,R,3,2,T,X,Y,0,0,0,0,0,000000000,00000000000,0,0,0,1,0,0,0,0,0,0,0,998,0,0,0,14,6,2,8,0,0,0,1,25,1151,6,1,6,0,3,0,71,999,1,0,0,0,1,11,2012,1,2013,0,0,0,0,0,1,2,98,1,1,2,2,3,3,1,80,1,1,1,98,0,0
25,250210,1,1,1,10,11,11,0,8,0,1,0,25,3,12,461,12461,22,2003,1FBSS31L73HB,1,F,B,S,S,3,1,L,7,3,H,B,0,0,0,000000000,00000000000,0,0,0,1,0,0,0,0,0,0,0,998,0,0,0,62,4,3,8,42,0,0,1,25,2324,6,1,0,0,3,3,70,999,0,0,0,0,0,0,0,0,0,0,99,99,99,99,1,2,30,1,1,2,1,0,0,11,80,1,1,1,13,0,0
25,250211,1,1,1,12,11,22,55,42,0,1,0,25,2,51,43,51043,2,2007,YV1MC68297J0,Y,V,1,M,C,6,8,2,9,7,J,0,0,0,0,000000000,00000000000,0,0,0,1,0,0,0,0,0,0,0,998,0,0,0,12,6,2,42,0,0,1,1,25,1945,6,1,0,0,3,0,73,999,0,1,0,1,0,5,2012,2,2013,9,99,99,99,99,1,2,98,1,1,2,1,0,0,1,10,99,9,4,6,1,0
25,250212,1,3,1,14,11,0,50,12,1,1,0,25,1,20,2,20002,4,2004,2G1WH52K8492,2,G,1,W,H,5,2,K,8,4,9,2,0,0,0,000000000,00000000000,0,0,0,1,0,0,0,0,0,0,0,998,0,0,0,12,6,2,12,0,0,0,1,25,1864,6,1,0,0,3,0,73,999,0,0,0,0,2,8,2012,8,2013,3,99,99,99,99,3,3,65,1,1,2,2,0,0,1,51,1,1,1,24,1,1
25,250212,2,3,1,14,11,0,50,12,1,1,0,25,2,59,35,59035,4,2014,JTHCF1D26E50,J,T,H,C,F,1,D,2,6,E,5,0,0,0,0,000000000,00000000000,0,0,0,1,0,0,0,0,0,0,0,998,0,0,0,12,6,2,12,0,0,0,1,25,2467,6,1,0,0,3,3,66,999,0,0,0,0,0,0,0,0,0,0,0,0,0,0,3,3,65,1,1,2,2,0,0,1,50,1,9,1,98,0,0
25,250212,3,3,1,14,11,0,50,12,1,1,0,25,2,49,32,49032,4,2004,2T1BR38E94C2,2,T,1,B,R,3,8,E,9,4,C,2,0,0,0,000000000,00000000000,0,0,0,1,0,0,0,0,0,0,0,998,0,0,0,6,6,2,12,0,0,0,1,33,3841,6,1,0,0,3,0,73,200,0,0,0,0,0,0,0,0,0,0,89,0,0,0,3,3,65,1,1,2,2,0,0,1,53,1,1,1,25,0,0
25,250213,1,2,1,1,8,1,40,12,1,1,0,25,1,47,35,47035,4,2003,YS3FF46Y7310,Y,S,3,F,F,4,6,Y,7,3,1,0,0,0,0,000000000,00000000000,0,0,0,1,0,0,0,0,0,0,0,998,0,0,0,12,6,2,12,0,0,1,1,25,2346,6,1,0,0,3,0,73,999,1,2,2,0,1,3,2013,1,2014,9,26,0,0,0,3,2,65,1,1,2,1,0,0,1,51,1,1,1,24,1,0
25,250213,2,2,3,1,8,1,40,12,1,1,0,25,2,7,402,7402,14,1999,1B4HS28YXXF6,1,B,4,H,S,2,8,Y,X,X,F,6,0,0,0,000000000,00000000000,0,0,0,1,0,0,0,0,0,0,0,998,0,9,1,6,6,2,12,0,0,1,1,25,1902,6,1,0,0,3,3,69,999,0,0,0,0,0,0,0,0,0,0,0,0,0,0,3,2,65,1,1,2,1,0,0,1,53,1,1,1,25,0,0
25,250214,1,1,1,23,10,20,7,8,0,1,0,33,3,86,881,86881,63,2007,1M2AG11C87M0,1,M,2,A,G,1,1,C,8,7,M,0,0,0,57,00594815,5700594815,3,2,7,1,0,0,0,0,0,0,0,998,0,0,0,99,0,8,8,42,0,0,1,33,3275,6,1,6,1,3,3,65,155,0,0,0,0,0,0,0,0,0,0,0,0,0,0,4,2,25,1,1,2,2,0,0,1,80,1,1,1,13,0,0
25,250215,1,1,1,2,11,0,1,39,0,1,0,25,1,12,24,12024,6,2007,2FMDK48C47BA,2,F,M,D,K,4,8,C,4,7,B,A,0,0,0,000000000,00000000000,0,0,0,1,0,0,0,0,0,0,0,998,0,0,0,12,6,2,39,0,0,0,1,25,1907,6,1,0,0,3,3,66,999,1,0,0,0,0,7,2013,7,2013,9,99,99,99,99,1,2,98,1,1,2,2,0,0,1,13,1,1,4,1,1,0
25,250216,1,3,1,5,11,14,5,12,8,1,0,25,1,20,2,20002,4,2008,2G1WB58NX813,2,G,1,W,B,5,8,N,X,8,1,3,0,0,0,000000000,00000000000,0,0,0,1,0,0,0,0,0,0,0,998,0,0,0,62,6,2,12,0,0,0,1,25,2675,6,1,0,0,3,0,69,999,0,0,0,0,0,0,0,0,0,9,99,99,99,99,1,2,40,1,1,2,1,0,0,1,10,1,1,2,64,1,0
25,250216,2,3,1,5,11,14,5,12,8,1,0,25,2,49,44,49044,2,2002,2T1CF22P42C5,2,T,1,C,F,2,2,P,4,2,C,5,0,0,0,000000000,00000000000,0,0,0,1,0,0,0,0,0,0,0,998,0,0,0,62,6,2,12,0,0,0,1,25,2649,6,1,0,0,3,3,62,999,0,0,0,1,0,12,2011,12,2011,0,0,0,0,0,1,2,40,1,1,2,1,0,0,1,62,1,1,1,65,0,0
25,250216,3,3,1,5,11,14,5,12,8,1,0,25,1,20,403,20403,14,2003,1GNDT13S5323,1,G,N,D,T,1,3,S,5,3,2,3,0,0,0,000000000,00000000000,0,0,0,1,0,0,0,0,0,0,0,998,0,0,0,82,6,2,12,0,0,0,1,25,2563,6,1,0,0,3,0,63,999,0,0,0,0,0,0,0,0,0,0,0,0,0,0,1,2,40,1,1,2,1,0,0,1,54,1,1,1,98,0,0
25,250217,1,1,2,11,11,5,55,8,0,1,0,25,1,2,403,2403,14,2000,1J4G248S3YC1,1,J,4,G,2,4,8,S,3,Y,C,1,0,0,0,000000000,00000000000,0,0,0,1,0,0,0,0,0,0,0,998,0,0,0,62,9,3,8,0,0,0,1,25,1850,6,1,0,0,3,3,62,999,0,0,0,0,0,0,0,0,0,9,99,99,99,99,3,2,98,1,1,2,1,0,0,1,80,99,1,1,13,0,0
25,250218,1,1,2,15,11,16,25,42,0,1,0,25,2,52,37,52037,2,2006,4A3AK34T46E0,4,A,3,A,K,3,4,T,4,6,E,0,0,0,0,000000000,00000000000,0,0,0,1,0,0,0,0,0,0,0,998,0,0,0,62,6,2,42,0,0,0,1,25,2062,6,1,6,0,3,0,69,999,0,0,0,0,1,3,2013,3,2013,9,99,99,99,99,1,2,30,1,1,2,1,0,0,1,13,4,9,4,1,1,1
25,250219,1,2,1,16,11,0,47,12,1,1,0,25,1,37,31,37031,2,2007,2HGFG11677H5,2,H,G,F,G,1,1,6,7,7,H,5,0,0,0,000000000,00000000000,0,0,0,1,0,0,0,0,0,0,0,998,0,9,2,12,6,2,12,0,0,0,1,25,2019,6,1,0,0,3,3,70,999,1,0,0,0,0,10,2014,10,2014,0,0,0,0,0,3,3,65,1,1,2,1,0,0,1,51,1,1,1,24,1,1
25,250219,2,2,1,16,11,0,47,12,1,1,0,25,1,49,40,49040,4,2014,4T4BF1FK8ER4,4,T,4,B,F,1,F,K,8,E,R,4,0,0,0,000000000,00000000000,0,0,0,1,0,0,0,0,0,0,0,998,0,0,0,6,9,2,12,0,0,0,1,25,2301,6,1,0,0,3,0,64,999,1,0,0,0,0,7,2014,7,2014,0,0,0,0,0,3,3,65,1,1,2,1,0,0,1,53,1,1,1,25,0,0
25,250220,1,1,2,17,11,0,48,33,0,1,0,25,1,23,431,23431,16,2001,1GKEK63U11J2,1,G,K,E,K,6,3,U,1,1,J,2,0,0,0,000000000,00000000000,0,0,0,1,0,0,0,0,0,0,0,998,0,0,0,14,6,2,39,0,0,0,1,25,2128,6,1,0,0,3,0,66,999,0,0,0,0,0,0,0,0,0,3,28,0,0,0,4,1,98,1,1,2,2,0,0,1,6,1,9,4,2,1,1