STATE,ST_CASE,VEH_NO,VE_FORMS,NUMOCCS,DAY,MONTH,HOUR,MINUTE,HARM_EV,MAN_COLL,UNITTYPE,HIT_RUN,REG_STAT,OWNER,MAKE,MODEL,MAK_MOD,BODY_TYP,MOD_YEAR,VIN,VIN_1,VIN_2,VIN_3,VIN_4,VIN_5,VIN_6,VIN_7,VIN_8,VIN_9,VIN_10,VIN_11,VIN_12,TOW_VEH,J_KNIFE,MCARR_I1,MCARR_I2,MCARR_ID,GVWR,V_CONFIG,CARGO_BT,HAZ_INV,HAZ_PLAC,HAZ_ID,HAZ_CNO,HAZ_REL,BUS_USE,SPEC_USE,EMER_USE,TRAV_SP,UNDERIDE,ROLLOVER,ROLINLOC,IMPACT1,DEFORMED,TOWED,M_HARM,VEH_SC1,VEH_SC2,FIRE_EXP,DR_PRES,L_STATE,DR_ZIP,L_STATUS,L_TYPE,CDL_STAT,L_ENDORS,L_COMPL,L_RESTRI,DR_HGT,DR_WGT,PREV_ACC,PREV_SUS,PREV_DWI,PREV_SPD,PREV_OTH,FIRST_MO,FIRST_YR,LAST_MO,LAST_YR,SPEEDREL,DR_SF1,DR_SF2,DR_SF3,DR_SF4,VTRAFWAY,VNUM_LAN,VSPD_LIM,VALIGN,VPROFILE,VPAVETYP,VSURCOND,VTRAFCON,VTCONT_F,P_CRASH1,P_CRASH2,P_CRASH3,PCRASH4,PCRASH5,ACC_TYPE,DEATHS,DR_DRINK
25,250221,1,2,1,18,11,6,22,12,2,1,0,25,1,12,481,12481,31,2002,1FTSW31F32EC,1,F,T,S,W,3,1,F,3,2,E,C,0,0,0,000000000,00000000000,0,0,0,1,0,0,0,0,0,0,0,998,0,0,0,12,6,2,12,0,0,0,1,25,2331,6,1,0,0,3,0,69,999,0,0,0,0,0,0,0,0,0,3,91,0,0,0,2,2,55,1,1,2,1,0,0,1,10,1,9,6,50,0,0
25,250221,2,2,1,18,11,6,22,12,2,1,0,25,2,37,32,37032,4,2005,1HGCM568X5A0,1,H,G,C,M,5,6,8,X,5,A,0,0,0,0,000000000,00000000000,0,0,0,1,0,0,0,0,0,0,0,998,0,0,0,12,6,2,12,0,0,0,1,25,2632,6,1,0,0,3,0,70,999,1,0,0,0,0,7,2014,7,2014,0,0,0,0,0,2,2,55,1,1,2,1,0,0,1,62,1,1,1,51,1,0
25,250222,1,1,1,20,11,16,53,8,0,1,0,25,1,49,482,49482,31,2004,5TBJN32134S4,5,T,B,J,N,3,2,1,3,4,S,4,0,0,0,000000000,00000000000,0,0,0,1,0,0,0,0,0,0,0,998,0,0,0,62,4,5,8,0,0,0,1,25,2360,6,1,0,0,3,0,74,999,0,0,0,0,0,0,0,0,0,0,0,0,0,0,6,1,20,1,1,2,1,0,0,1,80,1,1,3,13,0,0
25,250223,1,1,1,26,11,7,5,31,0,1,0,25,2,30,46,30046,4,2014,1VWAT7A30EC0,1,V,W,A,T,7,A,3,0,E,C,0,0,0,0,000000000,00000000000,0,0,0,1,0,0,0,0,0,0,0,998,0,9,6,62,6,2,1,0,0,0,1,25,1085,6,1,0,0,3,0,68,999,0,0,0,0,1,2,2012,2,2012,3,36,0,0,0,1,2,40,3,1,2,2,0,0,1,12,1,9,4,6,1,0
25,250224,1,1,1,28,11,21,48,42,0,1,0,25,1,23,481,23481,31,2001,1GTHK24U31E1,1,G,T,H,K,2,4,U,3,1,E,1,0,0,0,000000000,00000000000,0,0,0,1,0,0,0,0,0,0,0,998,0,0,0,12,6,2,42,0,0,0,1,25,1331,6,1,0,0,3,0,70,999,0,0,0,0,0,0,0,0,0,3,36,0,0,0,1,2,98,1,1,2,1,0,0,1,13,1,1,4,1,1,1
25,250225,1,2,2,28,11,22,52,12,2,1,0,25,1,55,35,55035,4,2010,KMHDU4AD9AU1,K,M,H,D,U,4,A,D,9,A,U,1,0,0,0,000000000,00000000000,0,0,0,1,0,0,0,0,0,0,0,998,0,0,0,12,6,2,12,0,0,0,1,25,2360,6,1,0,0,3,0,67,999,3,0,0,0,0,2,2012,1,2014,4,28,0,0,0,1,2,98,1,1,2,1,0,0,1,10,1,1,2,50,1,1
25,250225,2,2,1,28,11,22,52,12,2,1,0,25,1,49,40,49040,4,2007,JTNBB46K3730,J,T,N,B,B,4,6,K,3,7,3,0,0,0,0,000000000,00000000000,0,0,0,1,0,0,0,0,0,0,0,998,0,0,0,12,6,2,12,0,0,0,1,25,2360,6,1,0,0,3,0,71,999,0,0,0,0,0,0,0,0,0,0,0,0,0,0,1,2,98,1,1,2,1,0,0,1,62,1,1,1,51,0,0
25,250226,1,2,1,30,11,0,1,12,6,1,0,25,2,12,17,12017,4,2000,1FAFP55U6YA2,1,F,A,F,P,5,5,U,6,Y,A,2,0,0,0,000000000,00000000000,0,0,0,1,0,0,0,0,0,0,0,998,0,1,1,82,6,2,12,0,0,0,1,25,2558,6,1,0,0,3,0,68,999,0,0,0,0,0,0,0,0,0,0,58,0,0,0,1,2,30,1,1,2,1,0,0,1,9,99,4,2,64,1,0
25,250226,2,2,1,30,11,0,1,12,6,1,0,25,1,47,35,47035,4,2006,YS3FD49Y1610,Y,S,3,F,D,4,9,Y,1,6,1,0,0,0,0,000000000,00000000000,0,0,0,1,0,0,0,0,0,0,0,998,0,0,0,12,6,2,12,0,0,0,1,25,2571,6,1,0,0,3,0,72,999,0,0,0,0,0,0,0,0,0,0,0,0,0,0,1,2,30,1,1,2,1,0,0,1,62,1,1,1,65,0,0
25,250227,1,1,1,1,12,6,26,8,0,1,0,25,1,12,24,12024,6,2011,2FMDK4KC7BBA,2,F,M,D,K,4,K,C,7,B,B,A,0,0,0,000000000,00000000000,0,0,0,1,0,0,0,0,0,0,0,998,0,0,0,12,4,3,8,0,0,0,1,25,2766,6,1,0,0,3,0,69,999,0,0,0,0,0,0,0,0,0,0,0,0,0,0,1,4,30,1,1,2,2,0,0,1,80,99,1,3,13,0,0
25,250228,1,1,1,5,12,2,30,8,0,1,0,25,1,49,40,49040,4,1998,JT2BF28K8W00,J,T,2,B,F,2,8,K,8,W,0,0,0,0,0,000000000,00000000000,0,0,0,1,0,0,0,0,0,0,0,998,0,0,0,1,4,3,8,0,0,0,1,25,2532,6,1,0,0,3,3,70,999,2,0,0,1,0,12,2013,5,2014,9,89,0,0,0,2,2,40,1,1,2,1,0,0,1,13,1,1,4,13,0,1
25,250229,1,2,1,6,12,1,2,12,2,1,0,25,1,35,47,35047,4,2005,1N4AL11D95C1,1,N,4,A,L,1,1,D,9,5,C,1,0,0,0,000000000,00000000000,0,0,0,1,0,0,0,0,0,0,0,998,0,0,0,12,6,2,12,0,0,0,1,25,1826,6,1,0,0,3,0,68,999,0,0,0,0,0,0,0,0,0,0,99,99,99,99,1,2,45,1,1,2,10,0,0,1,62,1,1,1,51,0,0
25,250229,2,2,1,6,12,1,2,12,2,1,0,25,2,54,35,54035,4,2005,19UUA66265A0,1,9,U,U,A,6,6,2,6,5,A,0,0,0,0,000000000,00000000000,0,0,0,1,0,0,0,0,0,0,0,998,0,0,0,12,6,2,12,0,0,0,1,25,1852,2,1,0,0,2,0,59,999,0,3,0,1,1,7,2013,11,2014,9,89,0,0,0,1,2,45,1,1,2,10,0,0,1,11,1,1,2,50,1,1
25,250230,1,2,2,9,12,14,20,12,1,1,0,25,2,12,481,12481,31,2013,1FT8W3BT6DEA,1,F,T,8,W,3,B,T,6,D,E,A,0,0,0,000000000,00000000000,0,0,0,1,0,0,0,0,0,0,0,998,0,0,0,12,8,8,12,0,0,0,1,25,1569,6,2,0,0,3,2,70,999,0,0,0,0,0,0,0,0,0,9,73,91,0,0,1,2,98,1,1,2,2,0,0,1,52,1,1,1,24,0,0
25,250230,2,2,3,9,12,14,20,12,1,1,0,25,2,35,47,35047,4,2001,1N4DL01D11C2,1,N,4,D,L,0,1,D,1,1,C,2,0,0,0,000000000,00000000000,0,0,0,1,0,0,0,0,0,0,0,998,0,0,0,6,8,8,12,0,0,0,1,25,1526,6,2,0,0,3,1,72,999,0,0,0,0,0,0,0,0,0,0,0,0,0,0,1,2,98,1,1,2,2,0,0,1,53,1,1,1,25,1,0
25,250231,1,1,1,10,12,0,36,34,0,1,0,25,1,35,472,35472,30,2002,1N6ED29X62C3,1,N,6,E,D,2,9,X,6,2,C,3,0,0,0,000000000,00000000000,0,0,0,1,0,0,0,0,0,0,0,998,0,0,0,14,6,2,35,0,0,0,1,25,2072,6,1,0,0,3,0,68,999,0,0,0,0,0,0,0,0,0,9,99,99,99,99,3,3,65,1,1,2,2,0,0,1,13,1,1,4,1,1,1
25,250232,1,1,1,10,12,11,50,42,0,1,0,25,1,48,401,48401,14,2015,JF2SJAHC4FH4,J,F,2,S,J,A,H,C,4,F,H,4,0,0,0,000000000,00000000000,0,0,0,1,0,0,0,0,0,0,0,998,0,0,0,12,6,2,18,0,0,1,1,25,2090,6,1,0,0,3,0,64,999,0,0,0,0,0,0,0,0,0,9,99,99,99,99,1,2,30,1,1,2,2,0,0,1,13,1,1,4,1,1,0
25,250233,1,1,1,11,12,8,11,42,0,1,0,25,1,12,3,12003,2,2004,1FAFP42X84F2,1,F,A,F,P,4,2,X,8,4,F,2,0,0,0,000000000,00000000000,0,0,0,1,0,0,0,0,0,0,0,998,0,0,0,62,6,2,42,0,0,0,1,25,2673,6,1,0,0,3,0,71,999,0,2,0,3,3,4,2012,9,2014,3,36,0,0,0,1,2,35,2,1,2,2,0,0,6,6,1,9,4,2,1,0
25,250234,1,1,1,5,12,14,2,42,0,1,0,25,1,49,402,49402,14,2005,JTEHD20V1500,J,T,E,H,D,2,0,V,1,5,0,0,0,0,0,000000000,00000000000,0,0,0,1,0,0,0,0,0,0,0,998,0,9,6,11,6,2,42,0,0,0,1,25,1612,6,1,0,0,3,0,61,999,1,0,0,0,0,10,2012,10,2012,0,0,0,0,0,1,2,35,1,1,2,1,0,0,1,12,1,1,4,6,1,0
25,250235,1,2,2,15,11,13,16,12,2,1,0,44,1,48,34,48034,6,2007,4S4BP61C4773,4,S,4,B,P,6,1,C,4,7,7,3,0,0,0,000000000,00000000000,0,0,0,1,0,0,0,0,0,0,0,998,0,0,0,12,6,2,12,0,0,0,1,44,2837,6,1,5,3,3,0,63,150,0,0,0,0,0,0,0,0,0,0,89,0,0,0,1,2,98,1,1,2,1,0,0,1,54,1,1,1,51,1,0
25,250235,2,2,1,15,11,13,16,12,2,1,0,25,2,32,403,32403,14,2014,WA1UFAFL1EA0,W,A,1,U,F,A,F,L,1,E,A,0,0,0,0,000000000,00000000000,0,0,0,1,0,0,0,0,0,0,0,998,0,0,0,12,6,2,12,0,0,0,1,36,10037,6,1,0,0,3,0,73,999,0,0,0,0,0,0,0,0,0,9,36,28,91,0,1,2,98,1,1,2,1,0,0,1,10,1,1,2,50,0,0
25,250236,1,1,2,11,12,19,57,8,0,1,1,25,2,86,881,86881,63,2005,1M2AG11C35M0,1,M,2,A,G,1,1,C,3,5,M,0,0,0,57,00392753,5700392753,3,2,96,1,0,0,0,0,0,0,0,998,0,0,0,98,0,3,8,0,0,0,1,25,1604,6,1,6,1,3,0,71,999,0,0,0,0,0,0,0,0,0,0,18,91,0,0,2,2,30,1,1,2,1,0,0,10,80,1,1,1,13,0,0
25,250237,1,1,2,14,12,20,13,42,0,1,0,44,1,19,24,19024,4,2013,1G6AJ5SX1D01,1,G,6,A,J,5,S,X,1,D,0,1,0,0,0,000000000,00000000000,0,0,0,1,0,0,0,0,0,0,0,998,0,0,0,12,6,2,42,0,0,0,1,44,2864,6,1,0,0,3,3,69,220,1,0,0,0,0,4,2013,4,2013,9,28,0,0,0,3,3,65,1,1,2,1,0,0,1,13,99,9,4,5,1,1
25,250238,1,1,3,20,12,2,18,42,0,1,0,25,2,37,31,37031,4,1997,2HGEJ6578VH5,2,H,G,E,J,6,5,7,8,V,H,5,0,0,0,000000000,00000000000,0,0,0,1,0,0,0,0,0,0,0,998,0,0,0,98,6,2,42,0,0,0,1,25,1550,6,1,0,0,3,0,69,999,1,1,0,0,0,1,2012,6,2014,9,99,99,99,99,1,2,40,1,1,2,1,0,0,1,11,99,1,4,1,1,0
25,250239,1,3,1,1,11,20,8,24,0,1,0,25,1,58,37,58037,4,2006,JNKCV51FX6M6,J,N,K,C,V,5,1,F,X,6,M,6,0,0,0,000000000,00000000000,0,0,0,1,0,0,0,0,0,0,0,998,0,0,0,62,6,2,12,0,0,0,1,25,1453,6,1,0,0,3,0,66,999,0,0,0,0,0,0,0,0,0,9,36,0,0,0,3,3,65,1,1,2,2,0,0,1,6,1,1,4,1,1,1
25,250239,2,3,2,1,11,20,8,24,0,1,0,25,2,35,47,35047,4,2006,1N4AL11D86N4,1,N,4,A,L,1,1,D,8,6,N,4,0,0,0,000000000,00000000000,0,0,0,1,0,0,0,0,0,0,0,998,0,0,0,12,6,2,12,0,0,0,1,25,1720,6,1,0,0,3,0,71,999,0,0,0,0,0,0,0,0,0,0,0,0,0,0,3,3,65,1,1,2,2,0,0,1,50,9,1,2,98,0,0
25,250239,3,3,1,1,11,20,8,24,0,1,0,25,2,13,401,13401,14,2005,5LMEU88H25ZJ,5,L,M,E,U,8,8,H,2,5,Z,J,0,0,0,000000000,00000000000,0,0,0,1,0,0,0,0,0,0,0,998,0,0,0,12,6,2,12,0,0,0,1,25,1331,6,1,0,0,3,0,66,999,0,0,0,0,1,2,2012,2,2012,0,0,0,0,0,3,3,65,1,1,2,2,0,0,1,50,7,1,2,98,0,0
25,250240,1,1,1,15,6,16,31,8,0,1,0,25,2,12,401,12401,14,2005,1FMDU73K05UB,1,F,M,D,U,7,3,K,0,5,U,B,0,0,0,000000000,00000000000,0,0,0,1,0,0,0,0,0,0,0,44,0,0,0,12,4,3,8,0,0,0,1,25,2067,1,1,0,0,2,0,68,999,2,2,0,0,2,3,2013,6,2014,3,28,0,0,0,1,2,30,1,1,2,1,0,0,1,13,4,1,4,1,0,0
25,250241,1,3,2,22,12,15,10,12,6,1,0,25,2,23,882,23882,63,1987,1GDG7D1B1HV5,1,G,D,G,7,D,1,B,1,H,V,5,0,0,77,777777777,77777777777,3,2,1,1,0,0,0,0,0,0,0,998,0,2,3,9,6,8,12,0,0,0,1,25,1961,6,1,0,0,2,0,78,999,0,0,0,0,2,3,2013,8,2014,0,28,0,0,0,3,3,55,1,1,2,1,0,0,1,8,1,1,6,98,1,0
25,250241,2,3,1,22,12,15,10,12,6,1,0,25,3,12,461,12461,22,2011,1FDSS3EL1BDA,1,F,D,S,S,3,E,L,1,B,D,A,0,0,0,000000000,00000000000,0,0,0,1,0,0,0,0,0,0,0,998,0,0,0,1,4,8,12,0,0,0,1,25,2368,6,1,6,3,3,3,71,999,0,1,0,1,0,8,2013,2,2014,0,0,0,0,0,3,3,55,1,1,2,1,0,0,1,66,1,1,1,98,0,0
25,250241,3,3,1,22,12,15,10,12,6,1,0,25,1,41,51,41051,5,2012,JM1BL1L87C16,J,M,1,B,L,1,L,8,7,C,1,6,0,0,0,000000000,00000000000,0,0,0,1,0,0,0,0,0,0,0,998,0,0,0,12,8,8,12,0,0,0,1,25,2138,6,1,0,0,3,3,66,999,0,0,0,0,0,0,0,0,0,0,0,0,0,0,3,3,55,1,1,2,1,0,0,1,66,1,1,1,98,0,0
25,250242,1,2,1,22,12,15,10,12,2,1,0,25,1,7,442,7442,20,2014,2C4RDGEG0ER1,2,C,4,R,D,G,E,G,0,E,R,1,0,0,0,000000000,00000000000,0,0,0,1,0,0,0,0,0,0,0,998,0,0,0,12,6,2,12,0,0,0,1,25,1007,6,1,0,0,3,0,69,999,0,0,0,0,0,0,0,0,0,0,28,0,0,0,1,2,45,1,1,2,1,4,3,1,10,1,1,2,50,1,0
25,250242,2,2,2,22,12,15,10,12,2,1,0,25,3,98,882,98882,61,2007,JLSCCD1S47K0,J,L,S,C,C,D,1,S,4,7,K,0,0,0,77,777777777,77777777777,2,1,98,1,0,0,0,0,0,0,0,998,0,0,0,12,6,2,12,0,0,0,1,25,1301,6,1,0,0,3,0,69,999,0,0,0,0,0,0,0,0,0,0,0,0,0,0,1,2,45,1,1,2,1,4,3,1,54,1,1,1,51,0,0
25,250243,1,1,1,25,12,22,20,42,0,1,0,25,1,6,41,6041,4,2000,2C3HD36J1YH2,2,C,3,H,D,3,6,J,1,Y,H,2,0,0,0,000000000,00000000000,0,0,0,1,0,0,0,0,0,0,0,998,0,0,0,13,6,2,42,0,0,1,1,25,1040,6,1,0,0,3,3,75,999,0,3,1,0,2,2,2012,3,2013,9,36,0,0,0,1,2,98,1,1,2,1,0,0,1,9,1,5,4,7,1,1
25,250244,1,2,1,26,12,15,37,12,1,1,0,25,1,37,402,37402,14,2014,5J6RM4H59EL0,5,J,6,R,M,4,H,5,9,E,L,0,0,0,0,000000000,00000000000,0,0,0,1,0,0,0,0,0,0,0,998,0,1,5,12,6,2,39,0,0,0,1,25,2346,6,1,0,0,3,3,66,999,0,0,0,0,0,0,0,0,0,3,28,0,0,0,2,4,65,1,1,2,1,0,0,15,51,1,1,2,24,1,0
25,250244,2,2,1,26,12,15,37,12,1,1,0,33,1,2,403,2403,14,2005,1J4FA49S15P3,1,J,4,F,A,4,9,S,1,5,P,3,0,0,0,000000000,00000000000,0,0,0,1,0,0,0,0,0,0,0,998,0,0,0,6,4,5,12,0,0,0,1,33,3442,6,1,6,0,3,0,70,175,0,0,0,0,0,0,0,0,0,0,0,0,0,0,2,4,65,1,1,2,1,0,0,1,53,1,1,1,25,0,0
25,250245,1,1,1,27,12,20,15,24,0,1,0,25,1,49,32,49032,4,2005,1NXBR32E85Z3,1,N,X,B,R,3,2,E,8,5,Z,3,0,0,0,000000000,00000000000,0,0,0,1,0,0,0,0,0,0,0,998,0,0,0,12,6,8,24,0,0,0,1,25,1930,6,1,0,0,3,0,70,999,0,0,0,0,0,0,0,0,0,9,99,99,99,99,1,3,55,1,1,2,1,0,0,15,11,1,9,4,2,1,1
25,250246,1,1,2,27,12,1,26,43,0,1,0,25,2,32,43,32043,4,1998,WAUED68D9WA0,W,A,U,E,D,6,8,D,9,W,A,0,0,0,0,000000000,00000000000,0,0,0,1,0,0,0,0,0,0,0,998,0,0,0,14,6,2,17,0,0,0,1,25,2670,6,1,0,0,3,3,69,999,0,0,0,3,1,2,2012,12,2014,4,36,0,0,0,1,2,98,1,1,2,1,20,3,1,6,1,1,1,12,1,1
25,250247,1,1,2,1,12,22,24,8,0,1,0,25,1,7,26,7026,4,2011,1B3BD2FG3BN5,1,B,3,B,D,2,F,G,3,B,N,5,0,0,0,000000000,00000000000,0,0,0,1,0,0,0,0,0,0,0,998,0,0,0,12,0,3,8,0,0,0,1,25,1905,6,1,0,0,3,3,65,999,0,0,0,0,0,0,0,0,0,9,99,99,99,99,1,2,98,1,1,2,1,3,3,1,80,1,1,1,13,0,0
25,250248,1,1,2,27,12,22,43,8,0,1,0,25,1,12,461,12461,21,2009,1FTNE14W59DA,1,F,T,N,E,1,4,W,5,9,D,A,0,0,0,000000000,00000000000,0,0,0,1,0,0,0,0,0,0,0,998,0,0,0,12,6,2,8,0,0,0,1,25,2664,6,1,0,0,3,3,71,999,0,0,0,0,0,0,0,0,0,9,91,0,0,0,1,2,98,1,1,2,1,0,0,1,80,1,1,1,13,0,1
25,250249,1,1,3,29,12,0,14,24,0,1,0,25,2,20,481,20481,31,2009,1GCEK29049Z2,1,G,C,E,K,2,9,0,4,9,Z,2,0,0,0,000000000,00000000000,0,0,0,1,0,0,0,0,0,0,0,998,0,0,0,62,6,2,24,0,0,1,1,25,2601,6,1,0,0,3,0,70,999,1,0,0,0,5,4,2012,7,2014,0,99,99,99,99,3,3,65,1,1,2,1,0,0,1,1,1,9,4,7,2,0
25,250250,1,1,1,29,12,19,23,42,0,1,0,25,1,20,32,20032,4,2001,1Y1SK52821Z4,1,Y,1,S,K,5,2,8,2,1,Z,4,0,0,0,000000000,00000000000,0,0,0,1,0,0,0,0,0,0,0,998,0,0,0,83,6,2,42,0,0,1,1,25,1028,6,1,0,0,3,0,71,999,0,1,0,0,2,8,2012,2,2014,9,99,99,99,99,1,2,98,1,1,2,1,0,0,1,13,1,1,4,1,1,0
25,250251,1,3,1,29,11,20,36,8,0,1,0,25,1,49,47,49047,6,2004,2T1KR32E04C2,2,T,1,K,R,3,2,E,0,4,C,2,0,0,0,000000000,00000000000,0,0,0,1,0,0,0,0,0,0,0,998,0,0,0,12,6,2,8,0,0,0,1,25,2720,6,1,0,0,3,0,69,999,0,0,0,0,1,9,2013,9,2013,0,99,99,99,99,3,3,65,1,1,2,1,0,0,1,80,1,1,1,13,0,1
25,250251,2,3,1,29,11,20,36,8,0,1,0,25,1,30,51,30051,1,2008,WVWBA71F48V0,W,V,W,B,A,7,1,F,4,8,V,0,0,0,0,000000000,00000000000,0,0,0,1,0,0,0,0,0,0,0,998,0,0,0,62,4,5,8,0,0,0,1,25,2777,6,1,0,0,3,0,71,999,1,0,0,0,1,6,2012,6,2014,0,0,0,0,0,3,3,65,1,1,2,1,0,0,1,80,1,1,1,98,0,0
25,250251,3,3,1,29,11,20,36,8,0,1,0,25,1,37,441,37441,20,2001,2HKRL186X1H6,2,H,K,R,L,1,8,6,X,1,H,6,0,0,0,000000000,00000000000,0,0,0,1,0,0,0,0,0,0,0,998,0,0,0,14,4,5,8,0,0,0,1,25,2721,6,1,0,0,3,0,74,999,0,1,0,0,0,11,2012,11,2012,0,89,0,0,0,3,3,65,1,1,2,1,0,0,1,80,1,1,1,98,0,0
25,250252,1,3,1,19,8,8,29,12,2,1,0,25,2,20,441,20441,20,1999,1GNEL19W8XB1,1,G,N,E,L,1,9,W,8,X,B,1,0,0,0,000000000,00000000000,0,0,0,1,0,0,0,0,0,1,0,998,0,0,0,12,6,2,12,42,0,0,1,25,2651,6,1,0,0,3,0,68,999,0,0,0,0,1,4,2013,4,2013,0,28,0,0,0,1,2,45,1,1,2,1,0,0,1,10,1,1,2,50,1,1
25,250252,2,3,2,19,8,8,29,12,2,1,0,25,2,84,881,84881,62,1988,1HTLDZZP4JH5,1,H,T,L,D,Z,Z,P,4,J,H,5,1,1,77,777777777,77777777777,2,4,97,1,0,0,0,0,0,0,0,998,0,0,0,12,6,2,12,0,0,0,1,25,2667,6,1,0,0,3,0,73,999,0,1,0,0,1,4,2013,7,2013,0,0,0,0,0,1,2,45,1,1,2,1,0,0,1,54,1,1,1,51,0,0
25,250252,3,3,1,19,8,8,29,12,2,1,0,25,1,23,481,23481,31,2012,1GD22ZCG4CZ1,1,G,D,2,2,Z,C,G,4,C,Z,1,0,0,0,000000000,00000000000,0,0,0,1,0,0,0,0,0,0,0,998,0,0,0,12,6,2,12,0,0,0,1,25,2324,6,1,0,0,3,3,67,999,0,0,0,0,0,0,0,0,0,0,0,0,0,0,1,2,45,1,1,2,1,0,0,1,54,1,1,2,98,0,0
25,250253,1,2,0,20,12,14,43,8,0,1,0,25,6,59,31,59031,4,2004,JTHBA30G3400,J,T,H,B,A,3,0,G,3,4,0,0,0,0,0,000000000,00000000000,0,0,0,1,0,0,0,0,0,0,0,0,0,0,0,6,8,8,12,0,0,0,0,0,99997,7,6,97,7,6,7,998,997,998,998,998,998,998,98,9998,98,9998,8,0,0,0,0,6,1,65,1,1,2,1,0,0,0,61,0,0,0,98,0,0
25,250253,2,2,1,20,12,14,43,8,0,1,0,25,1,7,402,7402,14,1999,1B4HS28YXXF6,1,B,4,H,S,2,8,Y,X,X,F,6,0,0,0,000000000,00000000000,0,0,0,1,0,0,0,0,0,0,0,998,0,0,0,12,8,8,8,0,0,0,1,25,1844,6,1,0,0,3,0,71,999,0,0,0,0,0,0,0,0,0,0,0,0,0,0,6,1,65,1,1,2,1,0,0,1,80,7,1,1,13,0,0
25,250254,1,1,1,18,5,99,99,42,0,1,0,0,5,76,739,76739,90,2003,000000000000,0,0,0,0,0,0,0,0,0,0,0,0,0,0,0,000000000,00000000000,0,0,0,1,0,0,0,0,0,0,0,998,0,0,0,11,9,3,42,0,0,0,1,25,2576,1,1,0,0,2,0,69,999,0,2,0,0,2,12,2012,5,2013,9,99,99,99,99,1,2,98,1,9,2,99,0,0,1,12,1,1,4,6,1,0
25,250255,1,2,1,12,11,9,50,12,2,1,0,25,3,20,481,20481,40,2004,1GBJ6C1C84F5,1,G,B,J,6,C,1,C,8,4,F,5,0,0,57,484451,57484451,2,1,1,1,0,0,0,0,0,0,0,998,0,0,0,12,6,2,12,0,0,0,1,25,1721,6,1,6,1,3,0,68,999,0,0,0,0,0,0,0,0,0,0,0,0,0,0,1,2,35,1,1,2,1,0,0,1,62,1,1,1,51,0,0
25,250255,2,2,1,12,11,9,50,12,2,1,0,25,1,49,32,49032,4,1998,2T1BR12E8WC0,2,T,1,B,R,1,2,E,8,W,C,0,0,0,0,000000000,00000000000,0,0,0,1,0,0,0,0,0,0,0,998,0,0,0,12,6,2,12,0,0,0,1,25,1778,6,1,0,0,3,3,69,999,0,0,0,0,0,0,0,0,0,0,28,0,0,0,1,2,35,1,1,2,1,0,0,1,10,1,1,2,50,1,0
25,250256,1,2,1,11,8,21,51,12,6,1,0,25,1,37,705,37705,80,1981,JH2RC0512BM1,J,H,2,R,C,0,5,1,2,B,M,1,0,0,0,000000000,00000000000,0,0,0,1,0,0,0,0,0,0,0,998,0,0,0,12,6,2,12,0,0,0,1,25,2744,6,1,0,0,2,0,71,999,2,0,0,0,0,8,2012,5,2013,3,36,0,0,0,1,2,98,1,1,2,1,0,0,1,55,1,1,1,83,1,0
25,250256,2,2,2,11,8,21,51,12,6,1,0,25,1,22,16,22016,1,1993,1G2JB34H8P75,1,G,2,J,B,3,4,H,8,P,7,5,0,0,0,000000000,00000000000,0,0,0,1,0,0,0,0,0,0,0,998,0,0,0,83,6,2,12,0,0,0,1,25,2744,6,1,0,0,3,0,66,999,0,2,0,0,2,10,2011,6,2014,0,0,0,0,0,1,2,98,1,1,2,1,0,0,11,17,1,1,1,82,0,0
25,250257,1,1,2,26,7,21,7,5,0,1,1,22,3,12,481,12481,31,2012,1FT7W3B61CEB,1,F,T,7,W,3,B,6,1,C,E,B,1,1,0,000000000,00000000000,0,0,0,1,0,0,0,0,0,0,0,998,0,0,0,0,0,5,5,42,0,0,1,22,71037,0,0,0,0,0,0,999,999,0,0,0,0,0,0,0,0,0,0,0,0,0,0,3,3,55,1,1,2,1,0,0,1,98,1,1,1,0,1,0
25,250258,1,1,1,7,8,13,0,33,0,1,0,25,1,37,32,37032,4,2003,JHMCM56313C0,J,H,M,C,M,5,6,3,1,3,C,0,0,0,0,000000000,00000000000,0,0,0,1,0,0,0,0,0,0,0,998,0,0,0,14,6,2,39,0,0,1,1,25,1913,6,1,0,0,3,0,70,999,1,1,0,0,0,12,2013,12,2013,9,99,99,99,99,1,2,30,1,1,2,1,20,3,1,13,1,1,4,1,1,0
25,250259,1,1,1,28,7,22,30,8,0,1,0,25,1,59,34,59034,4,2000,JT8BD68S2Y01,J,T,8,B,D,6,8,S,2,Y,0,1,0,0,0,000000000,00000000000,0,0,0,1,0,0,0,0,0,0,0,998,0,0,0,11,6,2,8,0,0,0,1,25,1562,6,1,0,0,3,3,64,999,0,1,0,1,0,10,2011,9,2013,0,0,0,0,0,1,2,98,1,1,2,1,0,0,1,80,1,1,1,13,0,0
25,250260,1,1,1,23,9,7,0,8,0,1,0,25,1,35,472,35472,30,2013,1N6AD0CWXDN7,1,N,6,A,D,0,C,W,X,D,N,7,0,0,0,000000000,00000000000,0,0,0,1,0,0,0,0,0,0,0,998,0,0,0,1,6,2,8,0,0,0,1,25,2135,6,1,0,0,3,0,72,999,0,0,0,0,0,0,0,0,0,0,0,0,0,0,1,2,30,1,1,2,1,0,0,1,80,1,1,1,13,0,0