STATE,ST_CASE,VEH_NO,VE_FORMS,NUMOCCS,DAY,MONTH,HOUR,MINUTE,HARM_EV,MAN_COLL,UNITTYPE,HIT_RUN,REG_STAT,OWNER,MAKE,MODEL,MAK_MOD,BODY_TYP,MOD_YEAR,VIN,VIN_1,VIN_2,VIN_3,VIN_4,VIN_5,VIN_6,VIN_7,VIN_8,VIN_9,VIN_10,VIN_11,VIN_12,TOW_VEH,J_KNIFE,MCARR_I1,MCARR_I2,MCARR_ID,GVWR,V_CONFIG,CARGO_BT,HAZ_INV,HAZ_PLAC,HAZ_ID,HAZ_CNO,HAZ_REL,BUS_USE,SPEC_USE,EMER_USE,TRAV_SP,UNDERIDE,ROLLOVER,ROLINLOC,IMPACT1,DEFORMED,TOWED,M_HARM,VEH_SC1,VEH_SC2,FIRE_EXP,DR_PRES,L_STATE,DR_ZIP,L_STATUS,L_TYPE,CDL_STAT,L_ENDORS,L_COMPL,L_RESTRI,DR_HGT,DR_WGT,PREV_ACC,PREV_SUS,PREV_DWI,PREV_SPD,PREV_OTH,FIRST_MO,FIRST_YR,LAST_MO,LAST_YR,SPEEDREL,DR_SF1,DR_SF2,DR_SF3,DR_SF4,VTRAFWAY,VNUM_LAN,VSPD_LIM,VALIGN,VPROFILE,VPAVETYP,VSURCOND,VTRAFCON,VTCONT_F,P_CRASH1,P_CRASH2,P_CRASH3,PCRASH4,PCRASH5,ACC_TYPE,DEATHS,DR_DRINK
25,250261,1,1,1,8,10,18,44,8,0,1,0,25,1,98,398,98398,3,2012,999999999999,9,9,9,9,9,9,9,9,9,9,9,9,0,0,0,000000000,00000000000,0,0,0,1,0,0,0,0,0,0,0,998,0,0,0,12,6,2,8,0,0,0,1,25,2351,6,1,0,0,3,3,75,999,0,0,0,0,0,0,0,0,0,9,99,99,99,99,1,2,30,1,1,2,1,0,0,1,80,1,1,1,13,0,0
25,250262,1,1,1,8,10,22,30,7,0,1,0,25,5,53,705,53705,80,2003,JS1GR7HA0321,J,S,1,G,R,7,H,A,0,3,2,1,0,0,0,000000000,00000000000,0,0,0,1,0,0,0,0,0,0,0,998,0,0,0,0,6,2,30,0,0,0,1,25,1532,2,1,0,0,2,0,68,999,0,2,0,1,2,5,2013,12,2013,3,36,0,0,0,1,2,98,1,1,2,1,0,0,1,9,1,9,4,0,1,0
25,250263,1,1,1,15,10,99,99,8,0,1,0,25,3,12,37,12037,4,2013,1FADP3F23DL2,1,F,A,D,P,3,F,2,3,D,L,2,0,0,0,000000000,00000000000,0,0,0,1,0,0,0,0,0,0,0,998,0,0,0,82,6,2,8,0,0,0,1,25,2451,6,1,0,0,3,0,71,999,1,0,0,0,1,3,2012,9,2013,9,36,91,0,0,1,2,30,1,1,2,1,0,0,1,82,1,1,1,13,0,1
25,250264,1,1,1,2,10,15,39,42,0,1,0,25,1,12,999,12999,49,1999,999999999999,9,9,9,9,9,9,9,9,9,9,9,9,0,0,0,000000000,00000000000,0,0,0,1,0,0,0,0,0,0,0,998,0,0,0,11,6,2,42,0,0,0,1,25,1037,6,1,0,0,3,3,74,999,0,0,0,0,0,0,0,0,0,9,99,99,99,99,1,2,40,1,1,2,1,0,0,1,9,1,9,4,7,1,0
25,250265,1,1,1,1,2,21,18,8,0,1,1,25,2,41,402,41402,14,2005,4F2YZ94165KM,4,F,2,Y,Z,9,4,1,6,5,K,M,0,0,0,000000000,00000000000,0,0,0,1,0,0,0,0,0,0,0,998,0,0,0,12,4,5,8,0,0,0,1,25,2740,1,1,0,0,2,0,66,999,0,0,0,0,0,0,0,0,0,9,91,0,0,0,1,2,30,1,1,2,1,0,0,1,80,1,1,1,13,0,0
25,250266,1,1,2,31,10,18,23,8,0,1,0,25,2,35,47,35047,4,2012,1N4BL2AP2CC2,1,N,4,B,L,2,A,P,2,C,C,2,0,0,0,000000000,00000000000,0,0,0,1,0,0,0,0,0,0,0,998,0,0,0,12,4,3,8,0,0,0,1,25,2719,6,1,0,0,3,0,61,999,0,0,0,0,0,0,0,0,0,0,0,0,0,0,1,2,30,1,1,2,1,3,3,1,80,1,1,1,13,0,0
25,250267,1,1,1,5,11,17,43,42,0,1,0,25,1,13,13,13013,4,2007,3LNHM26T37R6,3,L,N,H,M,2,6,T,3,7,R,6,0,0,0,000000000,00000000000,0,0,0,1,0,0,0,0,0,0,0,998,0,0,0,11,6,2,42,0,0,0,1,25,1945,6,1,0,0,3,3,63,999,0,0,0,0,0,0,0,0,0,9,99,99,99,99,1,2,30,1,1,2,1,0,0,1,9,1,9,4,7,1,0
25,250268,1,1,3,29,11,16,54,8,0,1,0,25,2,20,403,20403,14,2007,1GNDT13S1722,1,G,N,D,T,1,3,S,1,7,2,2,0,0,0,000000000,00000000000,0,0,0,1,0,0,0,0,0,0,0,998,0,0,0,11,4,3,8,0,0,0,1,25,1821,6,1,0,0,3,0,70,999,0,0,0,0,0,0,0,0,0,9,99,99,99,99,1,2,25,1,1,2,1,0,0,1,80,1,1,1,13,0,0
25,250269,1,1,1,11,12,4,11,8,0,1,0,25,1,23,481,23481,31,2011,1GTR2VE34BZ2,1,G,T,R,2,V,E,3,4,B,Z,2,0,0,0,000000000,00000000000,0,0,0,1,0,0,0,0,0,0,0,998,0,0,0,12,4,3,8,0,0,0,1,25,1501,6,1,6,0,3,0,76,999,0,0,0,0,0,0,0,0,0,9,99,99,99,99,1,2,50,3,1,2,4,0,0,6,80,1,1,9,13,0,0
25,250270,1,1,1,11,1,18,24,8,0,1,0,25,1,12,401,12401,14,2002,1FMZU72E52UC,1,F,M,Z,U,7,2,E,5,2,U,C,0,0,0,000000000,00000000000,0,0,0,1,0,0,0,0,0,0,0,998,0,0,0,11,6,2,8,0,0,0,1,25,1040,6,1,0,0,3,0,71,999,0,0,0,0,0,0,0,0,0,9,99,99,99,99,1,2,98,1,1,2,2,0,0,1,80,1,1,1,13,0,0
25,250271,1,3,4,20,6,17,0,24,0,1,0,25,1,37,31,37031,4,2010,2HGFA1F81AH5,2,H,G,F,A,1,F,8,1,A,H,5,0,0,0,000000000,00000000000,0,0,0,1,0,0,0,0,0,0,0,998,0,0,0,81,6,2,12,0,0,0,1,25,1521,6,1,0,0,3,0,66,999,0,0,0,2,1,8,2011,2,2013,9,89,0,0,0,1,2,55,1,1,2,1,0,0,1,50,7,9,4,2,2,0
25,250271,2,3,2,20,6,17,0,24,0,1,0,9,1,37,31,37031,4,2009,2HGFA16829H3,2,H,G,F,A,1,6,8,2,9,H,3,0,0,0,000000000,00000000000,0,0,0,1,0,0,0,0,0,0,0,998,0,0,0,12,6,2,12,0,0,0,1,9,6260,6,1,0,0,3,3,63,999,98,0,0,0,1,12,2013,12,2013,0,0,0,0,0,1,2,55,1,1,2,1,0,0,1,54,1,1,1,98,0,0
25,250271,3,3,1,20,6,17,0,24,0,1,0,25,2,12,422,12422,15,2004,1FMFU18L34LA,1,F,M,F,U,1,8,L,3,4,L,A,0,0,0,000000000,00000000000,0,0,0,1,0,0,0,0,0,0,0,998,0,0,0,63,4,5,12,0,0,0,1,25,1010,6,1,0,0,3,0,63,999,0,0,0,0,0,0,0,0,0,0,0,0,0,0,1,2,55,1,1,2,1,0,0,1,62,1,1,1,98,0,0
25,250272,1,2,1,5,9,14,24,12,2,1,0,25,1,12,3,12003,3,1995,1FALP42T8SF1,1,F,A,L,P,4,2,T,8,S,F,1,0,0,0,000000000,00000000000,0,0,0,1,0,0,0,0,0,0,0,998,0,0,0,12,6,2,12,0,0,0,1,25,1469,6,1,0,0,3,3,72,999,0,0,0,0,0,0,0,0,0,0,0,0,0,0,1,2,45,1,1,2,1,0,0,1,62,1,1,1,69,1,0
25,250272,2,2,2,5,9,14,24,12,2,1,0,25,1,20,481,20481,31,2008,1GCHK29K78E1,1,G,C,H,K,2,9,K,7,8,E,1,0,0,0,000000000,00000000000,0,0,0,1,0,0,0,0,0,0,0,998,0,0,0,12,4,3,12,0,0,0,1,25,1473,6,1,0,0,3,3,72,999,0,0,0,0,2,7,2014,7,2014,0,48,91,0,0,1,2,45,1,1,2,1,0,0,11,54,1,1,2,68,0,0
25,250273,1,1,1,21,9,10,6,42,0,1,0,25,1,12,37,12037,3,2004,3FAFP31Z34R1,3,F,A,F,P,3,1,Z,3,4,R,1,0,0,0,000000000,00000000000,0,0,0,1,0,0,0,0,0,0,0,998,0,0,0,62,6,2,42,0,0,0,1,25,1040,6,1,0,0,3,3,64,999,0,0,0,0,0,0,0,0,0,9,36,0,0,0,1,2,35,1,1,2,2,0,0,1,6,1,3,4,2,1,0
25,250274,1,2,2,30,8,22,35,12,6,1,0,44,2,52,37,52037,1,1996,4A3AX35G6TE3,4,A,3,A,X,3,5,G,6,T,E,3,0,0,0,000000000,00000000000,0,0,0,1,0,0,0,0,0,0,0,998,0,0,0,12,6,2,12,0,0,1,1,44,2860,6,1,0,0,3,0,72,230,1,3,0,1,1,9,2011,8,2014,3,36,0,0,0,1,4,40,1,1,2,1,3,3,15,50,1,1,2,46,1,0
25,250274,2,2,1,30,8,22,35,12,6,1,0,44,2,49,403,49403,14,2012,5TDBK3EHXCS1,5,T,D,B,K,3,E,H,X,C,S,1,0,0,0,000000000,00000000000,0,0,0,1,0,0,0,0,0,0,0,0,0,0,0,5,6,2,12,0,0,0,1,44,2860,6,1,0,0,3,0,68,175,0,0,0,0,0,0,0,0,0,0,0,0,0,0,1,4,40,1,1,2,1,3,3,5,53,1,9,1,45,0,0
25,250275,1,2,2,23,8,0,32,12,2,1,0,25,1,14,401,14401,14,1998,4M2ZU55P2WUJ,4,M,2,Z,U,5,5,P,2,W,U,J,0,0,0,000000000,00000000000,0,0,0,1,0,0,0,0,0,0,0,998,0,0,0,12,6,2,12,0,0,0,1,25,1841,6,1,0,0,3,0,67,999,0,0,0,0,1,6,2013,6,2013,0,99,99,99,99,1,2,35,3,1,2,1,0,0,1,62,1,1,1,51,1,0
25,250275,2,2,1,23,8,0,32,12,2,1,0,25,1,62,421,62421,15,2013,SALVT2BG3DH7,S,A,L,V,T,2,B,G,3,D,H,7,0,0,0,000000000,00000000000,0,0,0,1,0,0,0,0,0,0,0,998,0,0,0,12,6,2,12,0,0,0,1,25,1852,6,1,0,0,3,0,67,999,0,1,0,0,0,7,2013,7,2013,0,91,16,0,0,1,2,35,3,1,2,1,0,0,1,10,1,1,2,50,0,1
25,250276,1,1,2,24,7,5,37,30,0,1,0,25,1,37,706,37706,80,2006,JH2SC57046M2,J,H,2,S,C,5,7,0,4,6,M,2,0,0,0,000000000,00000000000,0,0,0,1,0,0,0,0,0,0,0,998,0,0,0,62,6,2,30,0,0,0,1,25,2359,6,1,0,0,3,0,71,999,0,2,0,2,3,7,2011,6,2014,3,28,0,0,0,1,2,40,2,5,2,1,0,0,1,6,7,9,4,7,2,1
25,250277,1,1,1,18,10,23,45,8,0,1,0,25,2,55,35,55035,4,2002,KMHDN45D62U4,K,M,H,D,N,4,5,D,6,2,U,4,0,0,0,000000000,00000000000,0,0,0,1,0,0,0,0,0,0,0,998,0,0,0,12,6,2,8,0,0,0,1,25,2451,6,1,0,0,3,0,68,999,0,0,0,0,1,3,2012,3,2012,0,99,99,99,99,1,2,98,1,1,2,1,3,3,1,80,1,1,1,13,0,0
25,250278,1,1,2,1,9,7,49,33,0,1,0,25,2,24,1,24001,4,1999,1G8ZH5288XZ1,1,G,8,Z,H,5,2,8,8,X,Z,1,0,0,0,000000000,00000000000,0,0,0,1,0,0,0,0,0,0,0,998,0,0,0,14,6,2,30,0,0,0,1,25,2169,6,1,0,0,3,0,69,999,0,1,0,0,3,4,2012,3,2013,3,99,99,99,99,1,2,25,1,1,2,1,0,0,1,6,99,9,4,7,1,0
25,250279,1,1,2,25,11,19,40,33,0,1,0,25,2,72,706,72706,80,2005,1HD1GNW195K3,1,H,D,1,G,N,W,1,9,5,K,3,0,0,0,000000000,00000000000,0,0,0,1,0,0,0,0,0,0,0,998,0,0,0,81,6,2,30,0,0,0,1,25,2770,6,1,0,0,2,3,67,999,0,2,1,0,1,4,2012,7,2012,9,36,0,0,0,1,2,40,1,1,2,1,0,0,1,6,1,9,4,2,2,0
25,250280,1,1,1,1,11,21,30,8,0,1,1,25,1,49,32,49032,4,2013,5YFBU4EE5DP1,5,Y,F,B,U,4,E,E,5,D,P,1,0,0,0,000000000,00000000000,0,0,0,1,0,0,0,0,0,0,0,998,0,0,0,1,4,5,8,0,0,0,1,25,2719,6,1,0,0,3,0,66,999,0,0,0,0,0,0,0,0,0,9,99,99,99,99,1,2,25,1,1,2,2,0,0,1,80,99,1,9,13,0,0
25,250281,1,1,2,19,10,18,0,39,0,1,0,25,2,69,35,69035,2,2014,ZFF68NHA0E01,Z,F,F,6,8,N,H,A,0,E,0,1,0,0,0,000000000,00000000000,0,0,0,1,0,0,0,0,0,0,0,998,0,0,0,12,6,2,42,0,0,1,1,25,1949,6,1,0,0,3,0,68,999,0,1,0,0,0,12,2012,12,2012,4,0,0,0,0,1,2,25,1,1,2,1,0,0,1,6,1,9,4,2,2,1
25,250282,1,1,4,22,12,17,10,8,0,1,0,25,2,23,8,23008,6,2012,1GKKVTED4CJ1,1,G,K,K,V,T,E,D,4,C,J,1,0,0,0,000000000,00000000000,0,0,0,1,0,0,0,0,0,0,0,998,0,0,0,82,4,3,8,0,0,0,1,25,1540,6,1,0,0,3,0,64,999,0,0,0,1,0,10,2014,10,2014,0,99,99,99,99,1,2,35,1,1,2,2,0,0,1,80,1,1,1,13,0,0
25,250283,1,1,1,10,12,11,28,42,0,1,0,25,1,20,2,20002,4,2001,2G1WH55K2192,2,G,1,W,H,5,5,K,2,1,9,2,0,0,0,000000000,00000000000,0,0,0,1,0,0,0,0,0,0,0,998,0,0,0,3,6,2,42,0,0,0,1,25,2379,6,1,0,0,3,3,73,999,2,0,0,0,0,3,2014,6,2014,4,0,0,0,0,1,2,30,1,1,2,2,0,0,1,6,99,9,4,7,1,1
25,250284,1,3,2,28,7,12,24,12,6,1,0,25,1,49,32,49032,4,2004,2T1BR32E54C3,2,T,1,B,R,3,2,E,5,4,C,3,0,0,0,000000000,00000000000,0,0,0,1,0,0,0,0,0,0,0,998,0,0,0,12,6,2,12,0,0,0,1,25,2056,6,1,0,0,3,3,66,999,1,0,0,0,0,11,2013,11,2013,9,39,0,0,0,3,2,98,1,1,2,1,3,3,1,17,1,1,1,86,1,0
25,250284,2,3,2,28,7,12,24,12,6,1,0,25,3,12,473,12473,30,2010,1FMEU7DE5AUA,1,F,M,E,U,7,D,E,5,A,U,A,0,0,0,000000000,00000000000,0,0,0,1,0,0,0,0,0,0,0,998,0,0,0,82,6,2,12,0,0,0,1,25,2062,6,1,0,0,3,3,67,999,0,0,0,0,0,0,0,0,0,0,0,0,0,0,3,2,98,1,1,2,1,3,3,1,55,1,1,1,87,0,0
25,250284,3,3,1,28,7,12,24,12,6,1,0,25,3,82,881,82881,61,2007,1FVACWDC07HY,1,F,V,A,C,W,D,C,0,7,H,Y,0,0,77,777777777,77777777777,2,2,6,1,0,0,0,0,0,0,0,0,0,0,0,12,6,2,12,0,0,0,1,25,2035,6,1,0,0,3,3,73,999,0,0,0,0,0,0,0,0,0,0,0,0,0,0,3,2,98,1,1,2,1,3,3,5,55,1,9,1,98,0,0
25,250285,1,1,1,1,1,3,2,9,0,1,1,25,1,12,481,12481,31,2000,1FTRX18W5YNA,1,F,T,R,X,1,8,W,5,Y,N,A,0,0,0,000000000,00000000000,0,0,0,1,0,0,0,0,0,0,0,998,0,0,0,98,4,5,9,0,0,0,1,25,1119,6,1,0,0,3,0,69,999,0,1,1,0,3,10,2012,8,2013,3,36,91,0,0,1,4,98,1,1,2,1,20,3,1,83,99,1,3,13,0,0
25,250286,1,1,5,18,10,23,19,33,0,1,0,25,1,58,36,58036,4,2003,JNKDA31AX3T1,J,N,K,D,A,3,1,A,X,3,T,1,0,0,0,000000000,00000000000,0,0,0,1,0,0,0,0,0,0,0,998,0,9,6,14,6,2,30,0,0,0,1,25,1119,6,1,0,0,3,0,72,999,1,0,0,1,2,5,2012,8,2014,3,36,0,0,0,1,4,98,1,1,2,1,0,0,1,13,1,1,4,1,1,0
25,250287,1,1,1,16,10,18,19,8,0,1,0,25,1,39,32,39032,2,2003,SAJDA41C032A,S,A,J,D,A,4,1,C,0,3,2,A,0,0,0,000000000,00000000000,0,0,0,1,0,0,0,0,0,0,0,998,0,0,0,12,4,3,8,0,0,0,1,25,1119,6,1,0,0,3,3,70,999,1,0,0,0,2,2,2013,7,2013,9,99,99,99,99,1,4,35,1,1,2,1,0,0,1,80,1,1,1,13,0,0
25,250288,1,1,1,1,12,17,21,8,0,1,0,25,1,20,37,20037,4,2003,1G1NE52J33M7,1,G,1,N,E,5,2,J,3,3,M,7,0,0,0,000000000,00000000000,0,0,0,1,0,0,0,0,0,0,0,998,0,0,0,12,6,2,8,0,0,0,1,25,1089,6,1,0,0,3,0,72,999,0,0,0,0,0,0,0,0,0,9,36,91,0,0,2,2,30,1,1,2,98,0,0,1,80,1,1,3,13,0,1
25,250289,1,1,1,27,12,16,42,8,0,1,0,25,1,12,401,12401,14,2004,1FMZU73W84UA,1,F,M,Z,U,7,3,W,8,4,U,A,0,0,0,000000000,00000000000,0,0,0,1,0,0,0,0,0,0,0,998,0,0,0,12,4,3,8,0,0,0,1,25,2129,6,1,0,0,3,0,67,999,1,0,0,0,1,12,2013,9,2014,0,36,91,0,0,1,2,98,1,1,2,1,0,0,11,80,1,1,1,13,0,0
25,250290,1,3,1,8,11,18,14,12,6,1,0,25,1,76,706,76706,80,2010,JYARN23EXAA0,J,Y,A,R,N,2,3,E,X,A,A,0,0,0,0,000000000,00000000000,0,0,0,1,0,0,0,0,0,0,0,998,0,0,0,12,6,2,12,0,0,0,1,25,1562,6,1,0,0,3,0,72,999,0,1,0,1,1,3,2013,12,2013,3,36,0,0,0,1,2,40,1,1,2,1,0,0,1,67,1,1,1,69,1,1
25,250290,2,3,2,8,11,18,14,12,6,1,0,25,1,49,32,49032,4,2010,2T1BU4EE4AC4,2,T,1,B,U,4,E,E,4,A,C,4,0,0,0,000000000,00000000000,0,0,0,1,0,0,0,0,0,0,0,998,0,0,0,82,6,2,12,0,0,0,1,25,1501,6,1,0,0,3,3,66,999,0,0,0,0,0,0,0,0,0,0,0,0,0,0,1,2,40,1,1,2,1,0,0,11,15,1,1,1,68,0,0
25,250290,3,3,2,8,11,18,14,12,6,1,0,25,1,2,404,2404,14,2007,1J8GR48K77C6,1,J,8,G,R,4,8,K,7,7,C,6,0,0,0,000000000,00000000000,0,0,0,1,0,0,0,0,0,0,0,998,0,0,0,12,4,3,54,0,0,0,1,25,1562,6,1,6,0,3,3,73,999,0,0,0,0,0,0,0,0,0,0,0,0,0,0,1,2,40,1,1,2,1,0,0,1,98,1,1,1,98,0,0
25,250291,1,1,3,25,7,10,30,20,0,1,0,25,2,37,32,37032,4,2007,1HGCM65817A0,1,H,G,C,M,6,5,8,1,7,A,0,0,0,0,000000000,00000000000,0,0,0,1,0,0,0,0,0,0,0,73,0,1,1,81,6,2,24,0,0,0,1,25,1519,6,1,0,0,3,0,69,999,0,0,0,1,2,11,2011,7,2013,3,28,0,0,0,6,1,65,1,1,2,1,0,0,1,6,6,4,7,98,1,0
25,250293,1,1,1,21,6,1,47,42,0,1,0,25,1,55,41,55041,2,2013,KMHHT6KD1DU0,K,M,H,H,T,6,K,D,1,D,U,0,0,0,0,000000000,00000000000,0,0,0,1,0,0,0,0,0,0,0,998,0,0,0,11,6,2,42,0,0,0,1,25,2718,6,1,0,0,3,0,75,999,0,0,0,0,0,0,0,0,0,3,99,99,99,99,1,2,40,2,1,2,1,0,0,14,6,1,9,4,2,1,1
25,250294,1,1,2,15,11,2,30,42,0,1,0,25,2,37,32,37032,4,2003,1HGCM82693A0,1,H,G,C,M,8,2,6,9,3,A,0,0,0,0,000000000,00000000000,0,0,0,1,0,0,0,0,0,0,0,68,0,9,6,3,6,2,42,0,0,0,1,25,2081,6,1,0,0,2,0,77,999,0,0,0,0,0,0,0,0,0,3,36,0,0,0,1,2,35,1,1,2,1,0,0,1,11,8,5,4,1,1,1
25,250295,1,1,1,17,9,16,15,9,0,1,0,25,3,86,881,86881,63,2006,1M2K189C46M0,1,M,2,K,1,8,9,C,4,6,M,0,0,0,99,999999999,99999999999,3,1,7,1,0,0,0,0,0,0,0,998,0,0,0,14,4,3,9,0,0,0,1,25,2150,6,1,6,0,3,0,75,999,0,0,0,0,0,0,0,0,0,0,0,0,0,0,1,2,98,1,1,2,1,0,0,1,83,1,1,1,13,0,0
25,250296,1,1,1,9,12,17,5,8,0,1,0,25,1,49,403,49403,14,2008,JTEES42AX820,J,T,E,E,S,4,2,A,X,8,2,0,0,0,0,000000000,00000000000,0,0,0,1,0,0,0,0,0,0,0,998,0,0,0,12,2,3,8,0,0,0,1,25,2155,6,1,0,0,3,3,69,999,0,0,0,0,0,0,0,0,0,0,0,0,0,0,1,2,30,1,1,2,6,0,0,1,80,1,1,1,13,0,0
25,250297,1,1,1,28,9,21,30,8,0,1,1,99,9,99,999,99999,99,9999,999999999999,9,9,9,9,9,9,9,9,9,9,9,9,9,0,99,999999999,99999999999,9,99,99,1,0,0,0,0,99,99,9,23,0,0,0,99,4,5,8,99,99,0,1,99,99999,9,9,99,9,9,9,999,999,99,99,99,99,99,99,9999,99,9999,9,99,99,99,99,1,2,30,1,1,2,1,0,0,99,82,99,9,9,13,0,0
25,250298,1,1,1,26,11,17,20,8,0,1,1,99,9,99,999,99999,99,9999,999999999999,9,9,9,9,9,9,9,9,9,9,9,9,9,0,99,999999999,99999999999,9,99,99,1,0,0,0,0,99,99,9,999,0,0,0,99,9,5,8,99,99,0,1,99,99999,9,9,99,9,9,9,999,999,99,99,99,99,99,99,9999,99,9999,9,99,99,99,99,2,3,99,1,1,2,3,3,3,99,99,99,9,9,13,0,0
25,250299,1,1,1,19,11,17,8,8,0,1,0,33,1,35,401,35401,14,2005,5N1AR18W45C7,5,N,1,A,R,1,8,W,4,5,C,7,0,0,0,000000000,00000000000,0,0,0,1,0,0,0,0,0,0,0,998,0,0,0,99,9,9,8,0,0,0,1,33,3110,6,1,0,0,3,3,70,180,0,0,0,1,0,2,2012,2,2012,9,89,0,0,0,2,2,98,1,1,2,99,0,0,1,80,99,1,9,13,0,0
25,250300,1,1,1,24,12,14,1,8,0,1,0,25,1,34,401,34401,14,2003,5UXFA53573LP,5,U,X,F,A,5,3,5,7,3,L,P,0,0,0,000000000,00000000000,0,0,0,1,0,0,0,0,0,0,0,998,0,0,0,99,9,9,8,99,99,0,1,25,1605,6,1,0,0,3,0,60,999,1,4,0,0,3,10,2012,5,2013,9,99,99,99,99,1,2,99,1,1,2,99,0,0,99,82,99,9,9,13,0,0
25,250301,1,1,1,6,10,11,30,30,0,1,0,25,9,99,709,99709,81,2013,999999999999,9,9,9,9,9,9,9,9,9,9,9,9,0,0,0,000000000,00000000000,0,0,0,1,0,0,0,0,0,0,0,998,0,0,0,12,6,2,30,0,0,0,1,25,1089,2,1,0,0,2,0,72,999,0,0,0,0,0,0,0,0,0,9,99,99,99,99,1,2,98,1,1,2,1,0,0,1,11,1,1,4,1,1,1
25,250302,1,1,1,15,12,7,51,8,0,1,0,25,1,14,401,14401,14,2002,4M2ZU86WX2UJ,4,M,2,Z,U,8,6,W,X,2,U,J,0,0,0,000000000,00000000000,0,0,0,1,0,0,0,0,0,0,0,998,0,0,0,12,4,3,8,0,0,0,1,25,1001,3,1,0,0,2,0,68,999,0,0,0,0,0,0,0,0,0,0,91,0,0,0,2,2,98,1,1,2,1,0,0,1,80,1,1,1,13,0,0
25,250303,1,1,1,27,7,3,17,42,0,1,0,25,1,12,481,12481,31,2006,1FTPW14566KC,1,F,T,P,W,1,4,5,6,6,K,C,0,0,0,000000000,00000000000,0,0,0,1,0,0,0,0,0,0,0,998,0,0,0,12,6,2,42,0,0,0,1,25,2747,6,1,0,0,3,0,67,999,0,0,0,0,4,9,2011,1,2013,9,99,99,99,99,1,2,98,1,1,2,99,0,0,1,12,99,1,4,6,1,1
25,250304,1,4,1,23,12,13,40,12,7,1,0,47,3,82,881,82881,66,2014,999999999999,9,9,9,9,9,9,9,9,9,9,9,9,1,1,57,00288323,5700288323,3,6,1,1,0,0,0,0,0,0,0,998,9,0,0,62,4,3,12,0,0,0,1,42,17110,6,1,6,1,3,3,76,999,0,0,0,0,0,0,0,0,0,0,99,99,99,99,3,3,65,1,1,2,2,0,0,15,51,1,1,2,47,0,0
25,250304,2,4,2,23,12,13,40,12,7,1,0,34,2,49,402,49402,14,2014,2T3BFREV9EW2,2,T,3,B,F,R,E,V,9,E,W,2,0,0,0,000000000,00000000000,0,0,0,1,0,0,0,0,0,0,0,998,0,0,0,6,4,5,12,0,0,0,1,34,8904,6,1,0,0,3,3,63,999,0,0,0,0,0,0,0,0,0,0,0,0,0,0,3,3,65,1,1,2,2,0,0,1,53,1,1,1,98,0,0
25,250304,3,4,2,23,12,13,40,12,7,1,0,23,2,49,40,49040,4,2011,4T1BF3EK0BU7,4,T,1,B,F,3,E,K,0,B,U,7,0,0,0,000000000,00000000000,0,0,0,1,0,0,0,0,0,0,0,0,0,0,0,61,6,2,12,0,0,0,1,23,4106,6,1,0,0,3,0,999,999,0,0,0,0,0,0,0,0,0,0,0,0,0,0,3,3,65,1,1,2,2,0,0,5,61,1,1,1,98,1,0
25,250304,4,4,1,23,12,13,40,12,7,1,0,25,3,82,883,82883,66,2007,1FUJA6CK37LY,1,F,U,J,A,6,C,K,3,7,L,Y,1,2,57,00236434,5700236434,3,6,1,1,0,0,0,0,0,0,0,998,0,0,0,82,6,2,12,0,0,0,1,25,1104,6,1,6,1,3,3,64,999,0,0,0,0,0,0,0,0,0,0,0,0,0,0,3,3,65,1,1,2,2,0,0,1,60,3,5,2,45,0,0
25,250305,1,2,1,26,1,10,15,12,1,1,0,25,1,58,37,58037,4,2007,JNKBV61F57M8,J,N,K,B,V,6,1,F,5,7,M,8,0,0,0,000000000,00000000000,0,0,0,1,0,0,0,0,0,0,0,998,1,0,0,12,6,2,12,0,0,0,1,25,2119,6,1,0,0,3,0,68,999,0,0,0,0,0,0,0,0,0,9,0,0,0,0,3,2,45,1,1,2,1,0,0,1,50,99,1,1,20,1,0
25,250305,2,2,10,26,1,10,15,12,1,1,0,25,3,98,988,98988,52,2008,999999999999,9,9,9,9,9,9,9,9,9,9,9,9,0,0,77,777777777,77777777777,8,21,22,1,0,0,0,0,6,3,0,0,0,0,0,6,8,3,12,0,0,0,1,25,2184,6,1,6,3,3,3,61,999,0,0,0,0,0,0,0,0,0,0,0,0,0,0,3,2,45,1,1,2,1,0,0,5,51,1,1,1,21,0,0
25,250306,1,1,1,26,1,99,99,8,0,1,1,23,2,84,881,84881,66,2003,2HSCNAPR23C0,2,H,S,C,N,A,P,R,2,3,C,0,0,0,23,870754461,23870754461,3,5,96,1,0,0,0,0,0,0,0,998,0,0,0,12,0,5,8,0,0,0,1,25,1504,6,1,6,0,3,0,69,999,0,0,0,0,0,0,0,0,0,0,0,0,0,0,1,2,35,1,1,2,1,0,0,1,80,1,1,1,13,0,0
25,250307,1,3,1,24,7,99,99,12,6,1,0,25,1,59,31,59031,4,1995,JT8GK13T3S00,J,T,8,G,K,1,3,T,3,S,0,0,0,0,0,000000000,00000000000,0,0,0,1,0,0,0,0,0,0,0,998,0,0,0,83,6,2,12,0,0,0,1,25,1830,6,1,0,0,3,3,71,999,0,0,0,0,0,0,0,0,0,9,51,0,0,0,2,3,65,1,1,2,1,0,0,1,9,1,9,6,64,1,1