STATE,ST_CASE,VEH_NO,VE_FORMS,NUMOCCS,DAY,MONTH,HOUR,MINUTE,HARM_EV,MAN_COLL,UNITTYPE,HIT_RUN,REG_STAT,OWNER,MAKE,MODEL,MAK_MOD,BODY_TYP,MOD_YEAR,VIN,VIN_1,VIN_2,VIN_3,VIN_4,VIN_5,VIN_6,VIN_7,VIN_8,VIN_9,VIN_10,VIN_11,VIN_12,TOW_VEH,J_KNIFE,MCARR_I1,MCARR_I2,MCARR_ID,GVWR,V_CONFIG,CARGO_BT,HAZ_INV,HAZ_PLAC,HAZ_ID,HAZ_CNO,HAZ_REL,BUS_USE,SPEC_USE,EMER_USE,TRAV_SP,UNDERIDE,ROLLOVER,ROLINLOC,IMPACT1,DEFORMED,TOWED,M_HARM,VEH_SC1,VEH_SC2,FIRE_EXP,DR_PRES,L_STATE,DR_ZIP,L_STATUS,L_TYPE,CDL_STAT,L_ENDORS,L_COMPL,L_RESTRI,DR_HGT,DR_WGT,PREV_ACC,PREV_SUS,PREV_DWI,PREV_SPD,PREV_OTH,FIRST_MO,FIRST_YR,LAST_MO,LAST_YR,SPEEDREL,DR_SF1,DR_SF2,DR_SF3,DR_SF4,VTRAFWAY,VNUM_LAN,VSPD_LIM,VALIGN,VPROFILE,VPAVETYP,VSURCOND,VTRAFCON,VTCONT_F,P_CRASH1,P_CRASH2,P_CRASH3,PCRASH4,PCRASH5,ACC_TYPE,DEATHS,DR_DRINK
26,260045,1,2,2,7,2,23,6,12,6,1,0,26,1,7,43,7043,4,1998,1B3EJ56H2WN2,1,B,3,E,J,5,6,H,2,W,N,2,0,0,0,000000000,00000000000,0,0,0,1,0,0,0,0,0,0,0,998,0,0,0,12,6,2,12,0,0,0,1,26,49093,6,1,0,0,3,3,61,126,0,0,0,0,0,0,0,0,0,0,38,0,0,0,1,3,98,1,8,8,4,4,3,1,17,99,1,1,88,1,0
26,260045,2,2,1,7,2,23,6,12,6,1,0,17,3,84,884,84884,66,2005,2HSCNAPR35C0,2,H,S,C,N,A,P,R,3,5,C,0,1,1,57,000075806,57000075806,3,6,1,1,0,0,0,0,0,0,0,998,0,0,0,9,2,3,12,0,0,0,1,26,49120,6,1,6,0,3,3,74,310,0,0,0,1,0,9,2013,9,2013,0,0,0,0,0,2,6,50,1,1,2,4,4,3,1,66,1,1,1,89,0,0
26,260046,1,2,3,5,2,17,24,48,0,1,0,26,1,6,51,6051,4,2002,2C3HE66G72H1,2,C,3,H,E,6,6,G,7,2,H,1,0,0,0,000000000,00000000000,0,0,0,1,0,0,0,0,0,0,0,998,0,0,0,98,6,2,12,0,0,0,1,26,49431,6,1,0,0,3,0,69,200,0,0,0,0,0,0,0,0,0,0,28,0,0,0,1,2,55,1,1,2,2,0,0,1,12,99,1,4,6,2,0
26,260046,2,2,2,5,2,17,24,48,0,1,0,26,1,12,481,12481,31,2000,1FTSX31F0YED,1,F,T,S,X,3,1,F,0,Y,E,D,1,3,0,000000000,00000000000,0,0,0,1,0,0,0,0,0,0,0,998,0,0,0,12,6,2,12,0,0,0,1,26,49431,6,1,0,0,3,0,72,270,0,0,0,0,0,0,0,0,0,0,0,0,0,0,1,2,55,1,1,2,2,0,0,1,62,99,1,1,98,0,0
26,260047,1,2,1,8,2,20,0,12,1,1,0,26,3,51,881,51881,66,2006,4V4NC9TGX6N4,4,V,4,N,C,9,T,G,X,6,N,4,1,1,57,000360651,57000360651,3,6,2,1,0,0,0,0,0,0,0,998,0,0,0,12,6,2,12,0,0,0,1,26,49251,6,1,6,1,3,3,64,145,3,0,0,1,1,5,2012,1,2014,0,26,87,0,0,3,3,70,1,1,1,3,0,0,1,50,8,1,1,32,0,0
26,260047,2,2,4,8,2,20,0,12,1,1,0,26,6,13,421,13421,15,1998,5LMPU28L0WLJ,5,L,M,P,U,2,8,L,0,W,L,J,1,1,0,000000000,00000000000,0,0,0,1,0,0,0,0,0,0,0,0,0,0,0,6,6,2,12,0,0,0,0,0,99997,7,6,97,7,6,7,998,997,998,998,998,998,998,98,9998,98,9998,8,20,0,0,0,3,3,70,1,1,1,3,0,0,0,98,0,0,0,32,1,0
26,260048,1,2,1,9,2,22,15,12,2,1,0,26,2,20,2,20002,4,2004,2G1WF52K4493,2,G,1,W,F,5,2,K,4,4,9,3,0,0,0,000000000,00000000000,0,0,0,1,0,0,0,0,0,0,0,62,0,0,0,12,6,2,12,0,0,0,1,26,48473,6,1,0,0,3,3,72,213,0,0,0,0,0,0,0,0,0,0,51,0,0,0,3,2,70,1,1,1,3,0,0,1,54,99,1,1,52,0,1
26,260048,2,2,3,9,2,22,15,12,2,1,0,26,2,20,22,20022,2,2008,1G1AL18F3871,1,G,1,A,L,1,8,F,3,8,7,1,0,0,0,000000000,00000000000,0,0,0,1,0,0,0,0,0,0,0,998,0,0,0,12,6,2,12,0,0,0,1,45,29714,1,1,0,0,2,0,72,186,0,1,0,0,0,12,2012,12,2012,0,0,0,0,0,3,2,70,1,1,1,3,0,0,1,54,99,1,1,52,1,0
26,260049,1,3,1,3,2,6,56,12,2,1,0,26,1,23,481,23481,31,2003,1GTHK29U53E1,1,G,T,H,K,2,9,U,5,3,E,1,0,0,0,000000000,00000000000,0,0,0,1,0,0,0,0,0,0,0,998,0,0,0,12,6,2,12,0,0,0,1,26,48615,6,1,0,0,3,3,71,195,0,0,0,0,0,0,0,0,0,0,28,0,0,0,1,4,45,1,2,2,1,0,0,1,10,99,1,1,50,1,0
26,260049,2,3,2,3,2,6,56,12,2,1,0,17,3,84,884,84884,66,2013,3HSDHSJR0DN1,3,H,S,D,H,S,J,R,0,D,N,1,1,1,57,001062707,57001062707,3,6,1,1,0,0,0,0,0,0,0,998,0,0,0,12,6,2,12,0,0,0,1,17,61817,6,1,6,0,3,3,70,300,0,0,0,0,0,0,0,0,0,0,0,0,0,0,1,4,45,1,2,2,1,0,0,1,62,99,1,1,51,0,0
26,260049,3,3,1,3,2,6,56,12,2,1,0,26,1,48,401,48401,14,2008,JF1SG69648H7,J,F,1,S,G,6,9,6,4,8,H,7,0,0,0,000000000,00000000000,0,0,0,1,0,0,0,0,0,0,0,998,0,0,0,14,0,5,54,0,0,0,1,26,48640,6,1,0,0,3,0,62,130,0,0,0,0,0,0,0,0,0,0,0,0,0,0,1,4,45,1,2,2,1,0,0,1,98,99,1,1,98,0,0
26,260050,1,1,1,8,2,16,37,18,0,1,0,26,1,37,32,37032,4,2005,1HGCM56415A0,1,H,G,C,M,5,6,4,1,5,A,0,0,0,0,000000000,00000000000,0,0,0,1,0,0,0,0,0,0,0,998,0,0,0,12,6,2,23,0,0,0,1,26,48105,6,1,0,0,3,0,64,154,0,0,0,1,0,10,2011,10,2011,3,0,0,0,0,1,2,35,2,1,2,2,0,0,14,6,99,4,4,2,1,0
26,260051,1,2,1,15,2,22,18,8,0,1,0,26,1,20,481,20481,31,1997,1GCEK19RXVE2,1,G,C,E,K,1,9,R,X,V,E,2,0,0,0,000000000,00000000000,0,0,0,1,0,0,0,0,0,0,0,998,0,0,0,12,6,2,8,0,0,0,1,26,49331,6,1,0,0,3,0,72,215,0,2,0,0,1,8,2012,1,2013,0,6,36,0,0,1,2,55,1,1,1,1,0,0,1,80,6,1,1,13,0,1
26,260051,2,2,6,15,2,22,18,8,0,1,0,26,2,37,441,37441,20,2003,5FNRL18613B1,5,F,N,R,L,1,8,6,1,3,B,1,0,0,0,000000000,00000000000,0,0,0,1,0,0,0,0,0,0,0,998,0,0,0,6,6,2,12,0,0,0,1,26,48906,6,1,0,0,3,0,73,245,0,0,0,0,0,0,0,0,0,0,0,0,0,0,1,2,55,1,1,1,1,0,0,1,53,1,1,1,98,0,0
26,260052,1,2,1,12,2,10,38,12,6,1,0,26,1,7,482,7482,31,2002,1D7HU16N82J2,1,D,7,H,U,1,6,N,8,2,J,2,0,0,0,000000000,00000000000,0,0,0,1,0,0,0,0,0,0,0,998,0,0,0,12,6,2,12,0,0,0,1,26,48817,6,1,0,0,3,0,70,180,1,0,0,0,0,11,2012,11,2012,0,39,0,0,0,1,4,35,1,8,8,1,3,3,1,17,99,1,1,86,1,0
26,260052,2,2,2,12,2,10,38,12,6,1,0,26,1,20,404,20404,14,2011,2CNALDEC4B62,2,C,N,A,L,D,E,C,4,B,6,2,0,0,0,000000000,00000000000,0,0,0,1,0,0,0,0,0,0,0,998,0,0,0,3,6,2,12,0,0,0,1,26,48867,6,1,0,0,3,0,71,260,0,0,0,1,0,9,2013,9,2013,0,0,0,0,0,1,3,98,1,8,8,1,3,3,1,66,99,1,1,87,0,0
26,260053,1,1,1,8,2,1,15,8,0,1,0,26,1,18,401,18401,14,2003,3G5DB03E93S5,3,G,5,D,B,0,3,E,9,3,S,5,0,0,0,000000000,00000000000,0,0,0,1,0,0,0,0,0,0,0,998,0,0,0,1,4,3,8,0,0,0,1,26,48843,6,1,0,0,3,3,78,290,1,2,0,1,0,11,2011,12,2012,0,0,0,0,0,5,3,55,1,1,2,1,0,0,1,80,99,1,1,13,0,0
26,260054,1,2,1,8,2,11,38,12,6,1,0,26,1,18,22,18022,4,2006,2G4WE5875612,2,G,4,W,E,5,8,7,5,6,1,2,0,0,0,000000000,00000000000,0,0,0,1,0,0,0,0,0,0,0,998,0,0,0,9,6,8,12,0,0,0,1,26,48895,6,1,0,0,3,3,66,210,0,0,0,0,0,0,0,0,0,0,39,0,0,0,1,2,55,1,2,2,4,20,3,1,17,99,1,1,89,1,0
26,260054,2,2,4,8,2,11,38,12,6,1,0,26,1,12,481,12481,31,1999,2FTRF18L9XCB,2,F,T,R,F,1,8,L,9,X,C,B,0,0,0,000000000,00000000000,0,0,0,1,0,0,0,0,0,0,0,998,0,0,0,12,6,2,12,0,0,0,1,26,49046,6,1,0,0,3,0,73,270,0,0,0,0,0,0,0,0,0,0,0,0,0,0,1,2,98,1,8,8,4,0,0,1,66,1,1,1,88,0,0
26,260055,1,1,1,17,2,7,7,25,0,1,0,26,1,18,7,18007,4,2000,2G4WS52J0Y12,2,G,4,W,S,5,2,J,0,Y,1,2,0,0,0,000000000,00000000000,0,0,0,1,0,0,0,0,0,0,0,998,0,1,1,11,6,2,21,0,0,0,1,26,48239,6,1,0,0,3,0,73,280,0,0,0,0,0,0,0,0,0,3,0,0,0,0,3,3,55,1,8,8,1,0,0,1,90,6,2,4,7,1,0
26,260056,1,2,1,14,2,11,23,12,6,1,0,26,1,12,461,12461,21,2006,1FBSS31L96DA,1,F,B,S,S,3,1,L,9,6,D,A,0,0,0,000000000,00000000000,0,0,0,1,0,0,0,0,0,0,0,998,0,0,0,12,6,2,12,0,0,0,1,26,48915,6,1,0,0,3,0,70,180,0,1,0,0,0,3,2011,3,2011,0,39,0,0,0,2,4,55,1,1,2,2,3,3,1,17,99,1,1,88,0,1
26,260056,2,2,2,14,2,11,23,12,6,1,0,26,1,18,7,18007,4,2002,2G4WS52J6211,2,G,4,W,S,5,2,J,6,2,1,1,0,0,0,000000000,00000000000,0,0,0,1,0,0,0,0,0,0,0,998,0,0,0,9,6,2,12,0,0,0,1,26,48861,6,1,0,0,3,0,64,106,0,0,0,0,0,0,0,0,0,0,0,0,0,0,1,2,98,1,8,8,2,3,3,1,66,99,1,1,89,1,1
26,260058,1,1,1,15,2,20,10,18,0,1,0,26,1,12,481,12481,31,1997,1FTDX18W0VKB,1,F,T,D,X,1,8,W,0,V,K,B,0,0,0,000000000,00000000000,0,0,0,1,0,0,0,0,0,0,0,998,0,0,0,12,6,2,18,0,0,0,1,26,49953,6,1,0,0,3,0,74,190,0,0,0,0,0,0,0,0,0,0,99,99,99,99,1,3,55,1,1,2,3,0,0,1,12,99,1,4,14,1,1
26,260059,1,2,3,8,2,2,39,12,1,1,0,26,2,24,2,24002,2,1996,1G8ZF1289TZ1,1,G,8,Z,F,1,2,8,9,T,Z,1,0,0,0,000000000,00000000000,0,0,0,1,0,0,0,0,0,0,0,998,0,0,0,12,6,2,12,0,0,0,1,26,48048,6,1,0,0,3,0,61,142,0,0,0,0,0,0,0,0,0,9,0,0,0,0,3,3,55,1,8,8,1,0,0,1,50,99,1,1,20,1,1
26,260059,2,2,1,8,2,2,39,12,1,1,0,26,3,20,881,20881,61,2007,1GBE5C1257F4,1,G,B,E,5,C,1,2,5,7,F,4,0,0,88,888888888,88888888888,2,1,3,1,0,0,0,0,0,0,0,0,0,0,0,6,4,3,12,42,0,0,1,26,48091,6,1,0,0,3,0,68,190,0,0,0,0,0,0,0,0,0,0,54,0,0,0,3,3,55,1,8,8,1,0,0,5,53,1,1,1,21,0,0
26,260060,1,1,99,20,2,23,30,8,0,1,1,99,9,99,999,99999,99,9999,999999999999,9,9,9,9,9,9,9,9,9,9,9,9,9,0,99,999999999,99999999999,9,99,99,1,0,0,0,0,99,99,9,998,0,0,0,12,0,5,8,0,0,0,1,99,99999,9,9,99,9,9,9,999,999,99,99,99,99,99,99,9999,99,9999,0,99,99,99,99,1,2,40,1,1,2,2,0,0,1,80,99,1,9,13,0,0
26,260062,1,1,2,22,2,23,32,8,0,1,0,26,1,20,481,20481,31,2005,1GCEK19B05E1,1,G,C,E,K,1,9,B,0,5,E,1,0,0,0,000000000,00000000000,0,0,0,1,0,0,0,0,0,0,0,998,0,0,0,12,2,3,8,0,0,0,1,26,49033,6,1,0,0,3,0,64,190,1,0,0,0,0,3,2012,3,2012,0,0,0,0,0,1,4,50,1,8,2,1,0,0,1,80,99,1,1,13,0,1
26,260063,1,3,1,22,2,15,7,12,1,1,0,26,3,82,884,82884,66,2011,1FUJGBDV7BSA,1,F,U,J,G,B,D,V,7,B,S,A,1,1,57,001459678,57001459678,3,6,1,1,0,0,0,0,0,0,0,998,0,0,0,12,6,2,12,0,0,0,1,26,48846,6,1,6,0,3,3,72,275,0,0,0,1,0,4,2013,4,2013,0,26,0,0,0,1,2,55,1,1,2,1,0,0,1,51,9,1,1,20,0,0
26,260063,2,3,1,22,2,15,7,12,1,1,0,26,1,14,17,14017,4,1998,1MEFM53S4WG6,1,M,E,F,M,5,3,S,4,W,G,6,0,0,0,000000000,00000000000,0,0,0,1,0,0,0,0,0,0,0,0,0,0,0,6,6,2,12,0,0,0,1,26,49036,6,1,0,0,3,3,74,210,0,0,0,0,0,0,0,0,0,0,0,0,0,0,1,2,55,1,1,2,1,0,0,11,53,1,1,1,22,1,0
26,260063,3,3,2,22,2,15,7,12,1,1,0,26,1,20,403,20403,14,2003,1GNCS13X63K1,1,G,N,C,S,1,3,X,6,3,K,1,0,0,0,000000000,00000000000,0,0,0,1,0,0,0,0,0,0,0,998,0,0,0,12,6,2,12,0,0,0,1,26,49036,6,1,0,0,3,0,64,200,0,0,0,0,0,0,0,0,0,0,0,0,0,0,1,2,55,1,1,2,1,0,0,1,62,99,1,1,98,0,0
26,260064,1,1,2,7,2,2,0,30,0,1,0,26,1,30,40,30040,4,2005,3VWRF71K05M6,3,V,W,R,F,7,1,K,0,5,M,6,0,0,0,000000000,00000000000,0,0,0,1,0,0,0,0,0,0,0,998,0,1,5,3,6,2,30,0,0,0,1,26,48444,6,1,0,0,3,3,70,155,0,0,0,0,0,0,0,0,0,0,0,0,0,0,1,2,55,1,8,8,3,0,0,1,9,99,9,4,1,1,1
26,260067,1,1,1,20,2,19,14,8,0,1,0,26,2,20,2,20002,4,2002,2G1WF52E1292,2,G,1,W,F,5,2,E,1,2,9,2,0,0,0,000000000,00000000000,0,0,0,1,0,0,0,0,0,0,0,998,0,0,0,1,2,5,8,0,0,0,1,26,48025,6,1,0,0,3,3,68,160,0,0,0,0,1,2,2013,2,2013,0,0,0,0,0,1,5,45,1,2,2,2,0,0,1,80,1,1,1,13,0,0
26,260068,1,2,1,8,2,8,34,12,2,1,0,26,1,2,405,2405,14,2003,1J4GL58K53W6,1,J,4,G,L,5,8,K,5,3,W,6,0,0,0,000000000,00000000000,0,0,0,1,0,0,0,0,0,0,0,998,0,0,0,12,6,2,12,0,0,0,1,26,49342,6,1,0,0,3,3,67,130,1,0,0,0,2,4,2011,12,2011,4,28,87,0,0,1,3,55,1,8,8,4,0,0,1,6,99,4,4,50,0,0
26,260068,2,2,3,8,2,8,34,12,2,1,0,26,1,20,2,20002,4,2005,2G1WF52E4592,2,G,1,W,F,5,2,E,4,5,9,2,0,0,0,000000000,00000000000,0,0,0,1,0,0,0,0,0,0,0,998,0,0,0,12,6,2,12,0,0,0,1,26,49682,6,1,0,0,3,3,65,170,0,0,0,0,0,0,0,0,0,0,0,0,0,0,1,3,55,1,8,8,4,0,0,1,62,7,1,4,51,1,0
26,260069,1,3,1,27,2,15,24,12,2,1,0,26,1,20,423,20423,15,2014,1GNKVGKD5EJ1,1,G,N,K,V,G,K,D,5,E,J,1,0,0,0,000000000,00000000000,0,0,0,1,0,0,0,0,0,0,0,998,0,0,0,12,6,2,12,0,0,0,1,26,49315,6,1,0,0,3,0,74,200,0,0,0,0,0,0,0,0,0,0,51,0,0,0,1,2,55,1,8,8,1,0,0,1,54,99,1,1,52,1,0
26,260069,2,3,3,27,2,15,24,12,2,1,0,26,2,20,481,20481,31,2006,1GCHK29U86E1,1,G,C,H,K,2,9,U,8,6,E,1,0,0,0,000000000,00000000000,0,0,0,1,0,0,0,0,0,0,0,998,0,0,0,12,6,2,12,0,0,0,1,26,48367,6,1,0,0,3,3,65,225,1,0,0,0,0,5,2013,5,2013,0,0,0,0,0,1,2,55,1,8,8,1,0,0,1,54,99,1,1,52,1,0
26,260069,3,3,1,27,2,15,24,12,2,1,0,26,2,6,441,6441,20,2010,2A4RR2D10AR3,2,A,4,R,R,2,D,1,0,A,R,3,0,0,0,000000000,00000000000,0,0,0,1,0,0,0,0,0,0,0,998,0,0,0,12,6,2,12,0,0,0,1,26,48444,6,1,0,0,3,0,63,130,0,0,0,0,0,0,0,0,0,0,0,0,0,0,1,2,55,1,8,8,1,0,0,1,54,6,1,1,98,0,0
26,260070,1,2,1,28,2,5,53,12,1,1,0,26,2,37,32,37032,4,2008,1HGCP26468A0,1,H,G,C,P,2,6,4,6,8,A,0,0,0,0,000000000,00000000000,0,0,0,1,0,0,0,0,0,0,0,998,0,0,0,12,6,2,12,0,0,0,1,26,48180,6,1,0,0,3,0,73,254,2,0,0,0,0,9,2011,10,2013,0,26,0,0,0,1,5,40,1,1,1,1,0,0,1,52,99,1,1,28,0,0
26,260070,2,2,1,28,2,5,53,12,1,1,0,26,1,12,481,12481,31,1993,1FTDF15Y7PLA,1,F,T,D,F,1,5,Y,7,P,L,A,0,0,0,000000000,00000000000,0,0,0,1,0,0,0,0,0,0,0,998,0,1,5,6,6,2,12,0,0,0,1,26,49756,6,1,0,0,3,3,68,200,0,0,0,0,0,0,0,0,0,0,0,0,0,0,1,5,40,1,1,1,1,0,0,2,53,1,1,1,31,1,0
26,260071,1,1,1,8,2,1,11,30,0,1,0,26,1,20,37,20037,4,2013,1G11C5SA0DF1,1,G,1,1,C,5,S,A,0,D,F,1,0,0,0,000000000,00000000000,0,0,0,1,0,0,0,0,0,0,0,998,0,0,0,12,6,2,30,0,0,0,1,26,48095,6,1,0,0,3,0,80,200,0,0,0,0,0,0,0,0,0,0,99,99,99,99,1,2,55,1,8,8,4,0,0,1,13,99,1,4,1,1,1
26,260072,1,2,5,21,2,18,25,12,6,1,0,17,2,13,5,13005,4,1997,1LNLM81W9VY7,1,L,N,L,M,8,1,W,9,V,Y,7,0,0,0,000000000,00000000000,0,0,0,1,0,0,0,0,0,0,0,998,0,0,0,5,6,2,12,0,0,0,1,17,60647,6,1,0,0,3,3,72,180,0,0,0,0,0,0,0,0,0,4,28,87,0,0,1,2,55,1,1,2,4,0,0,1,6,98,4,2,64,1,0
26,260072,2,2,2,21,2,18,25,12,6,1,0,26,1,12,442,12442,20,2001,2FMZA52401BB,2,F,M,Z,A,5,2,4,0,1,B,B,0,0,0,000000000,00000000000,0,0,0,1,0,0,0,0,0,0,0,998,0,0,0,12,6,2,12,0,0,0,1,26,48615,6,1,0,0,3,3,65,250,0,0,0,0,0,0,0,0,0,0,0,0,0,0,1,2,55,1,1,2,4,0,0,1,62,8,1,1,65,0,0
26,260073,1,2,1,15,2,19,19,12,6,1,0,26,3,12,461,12461,21,2004,1FTRE14W74HA,1,F,T,R,E,1,4,W,7,4,H,A,0,0,0,000000000,00000000000,0,0,0,1,0,0,0,0,0,0,0,998,0,1,1,12,6,2,12,0,0,0,1,26,48035,6,1,0,0,3,3,69,180,0,1,0,1,0,2,2012,5,2012,0,6,36,0,0,1,6,50,1,8,8,1,3,3,1,17,1,1,1,83,0,1
26,260073,2,2,1,15,2,19,19,12,6,1,0,26,1,6,52,6052,6,2004,3C4FY48B54T3,3,C,4,F,Y,4,8,B,5,4,T,3,0,0,0,000000000,00000000000,0,0,0,1,0,0,0,0,0,0,0,998,0,0,0,9,6,2,12,0,0,0,1,26,48079,6,1,0,0,3,3,63,128,0,0,0,0,0,0,0,0,0,0,0,0,0,0,1,5,98,1,8,8,1,3,3,11,66,99,1,1,82,1,0
26,260074,1,1,1,13,2,15,15,33,0,1,0,26,1,34,402,34402,14,2004,WBXPA93424WA,W,B,X,P,A,9,3,4,2,4,W,A,0,0,0,000000000,00000000000,0,0,0,1,0,0,0,0,0,0,0,998,0,1,1,1,6,2,1,0,0,0,1,26,48238,6,1,0,0,3,0,72,173,0,5,0,4,1,7,2013,1,2014,3,0,0,0,0,2,4,50,1,8,8,1,0,0,15,13,99,1,4,1,1,0
26,260075,1,5,2,20,2,17,4,12,2,1,0,26,1,7,461,7461,21,1997,2B6HB21Y0VK5,2,B,6,H,B,2,1,Y,0,V,K,5,0,0,0,000000000,00000000000,0,0,0,1,0,0,0,0,0,0,0,998,0,0,0,12,6,2,12,0,0,0,1,26,48386,6,1,0,0,3,3,67,137,2,0,0,2,2,2,2012,2,2013,0,28,0,0,0,1,5,50,1,1,2,2,0,0,1,10,99,1,2,50,0,0
26,260075,2,5,1,20,2,17,4,12,2,1,0,26,1,20,2,20002,4,2012,2G1WG5E36C13,2,G,1,W,G,5,E,3,6,C,1,3,0,0,0,000000000,00000000000,0,0,0,1,0,0,0,0,0,0,0,998,0,0,0,12,6,2,12,0,0,0,1,26,48350,6,1,0,0,3,0,72,250,0,0,0,0,0,0,0,0,0,0,0,0,0,0,1,5,50,1,1,2,2,0,0,1,62,99,1,1,51,1,0
26,260075,3,5,1,20,2,17,4,12,2,1,0,26,3,12,25,12025,6,2014,2FMHK6C85EBD,2,F,M,H,K,6,C,8,5,E,B,D,0,0,0,000000000,00000000000,0,0,0,1,0,0,0,0,0,0,0,998,0,0,0,12,6,2,12,0,0,0,1,26,48114,6,1,0,0,3,3,71,201,1,0,0,1,0,5,2012,9,2013,0,0,0,0,0,1,5,50,1,1,2,2,0,0,1,51,99,1,1,98,0,0
26,260075,4,5,1,20,2,17,4,12,2,1,0,26,1,18,25,18025,4,2012,1G4PS5SK2C41,1,G,4,P,S,5,S,K,2,C,4,1,0,0,0,000000000,00000000000,0,0,0,1,0,0,0,0,0,0,0,998,0,0,0,7,2,3,12,0,0,0,1,26,48335,6,1,0,0,3,0,71,185,0,0,0,0,0,0,0,0,0,0,0,0,0,0,1,5,50,1,1,2,2,0,0,1,63,99,1,2,98,0,0
26,260075,5,5,1,20,2,17,4,12,2,1,0,26,2,6,18,6018,4,2014,1C3CCBCG0EN1,1,C,3,C,C,B,C,G,0,E,N,1,0,0,0,000000000,00000000000,0,0,0,1,0,0,0,0,0,0,0,998,0,0,0,1,2,3,12,0,0,0,1,26,48383,6,1,0,0,3,3,66,175,1,0,0,0,0,5,2011,5,2011,0,0,0,0,0,1,5,50,1,1,2,2,0,0,1,11,99,1,2,98,0,0
26,260076,1,1,99,7,2,2,25,8,0,1,1,99,9,99,999,99999,99,9999,999999999999,9,9,9,9,9,9,9,9,9,9,9,9,0,0,0,000000000,00000000000,0,0,0,1,0,0,0,0,99,99,9,999,0,0,0,99,0,5,8,99,99,0,1,99,99999,9,9,99,9,9,9,999,999,99,99,99,99,99,99,9999,99,9999,0,0,0,0,0,1,2,25,1,8,8,3,0,0,1,80,99,9,9,13,0,0
26,260077,1,1,2,7,2,23,14,8,0,1,0,26,1,20,421,20421,15,1999,1GNEK13R0XJ4,1,G,N,E,K,1,3,R,0,X,J,4,0,0,0,000000000,00000000000,0,0,0,1,0,0,0,0,0,0,0,998,0,0,0,12,2,5,8,0,0,0,1,26,48235,6,1,0,0,3,3,72,220,1,1,0,3,0,6,2011,5,2013,9,99,99,99,99,1,4,35,1,8,8,1,0,0,1,80,98,1,1,13,0,0
26,260078,1,1,1,13,2,23,40,8,0,1,0,26,2,49,47,49047,6,2004,2T1KY32E14C1,2,T,1,K,Y,3,2,E,1,4,C,1,0,0,0,000000000,00000000000,0,0,0,1,0,0,0,0,0,0,0,998,0,0,0,12,4,3,8,0,0,0,1,26,48201,6,1,0,0,3,3,64,119,1,2,0,2,1,2,2011,4,2013,0,0,0,0,0,5,5,30,1,8,8,1,3,3,1,80,99,1,1,13,0,0
26,260079,1,2,1,12,2,17,45,12,6,1,0,26,1,12,471,12471,30,2006,1FTYR14D56PA,1,F,T,Y,R,1,4,D,5,6,P,A,0,0,0,000000000,00000000000,0,0,0,1,0,0,0,0,0,0,0,998,0,0,0,3,4,8,12,0,0,0,1,26,49323,6,1,0,0,3,0,73,185,0,0,0,0,0,0,0,0,0,0,38,0,0,0,0,0,0,0,0,0,0,0,0,13,98,1,1,7,92,1,0
26,260079,2,2,1,12,2,17,45,12,6,1,0,26,1,12,481,12481,31,2003,1FTRW08L83KB,1,F,T,R,W,0,8,L,8,3,K,B,0,0,0,000000000,00000000000,0,0,0,1,0,0,0,0,0,0,0,998,0,0,0,12,4,3,12,0,0,0,1,26,49323,6,1,0,0,3,0,72,240,1,0,0,1,1,6,2013,11,2013,0,0,0,0,0,1,2,35,1,1,2,1,0,0,1,73,99,1,1,93,0,0
26,260080,1,2,2,14,2,12,55,12,2,1,0,26,1,37,402,37402,14,2007,5J6RE48327L0,5,J,6,R,E,4,8,3,2,7,L,0,0,0,0,000000000,00000000000,0,0,0,1,0,0,0,0,0,0,0,998,0,0,0,12,6,2,12,0,0,0,1,26,49404,6,1,0,0,3,3,68,230,0,0,0,0,0,0,0,0,0,9,28,0,0,0,1,2,55,1,1,2,2,0,0,1,9,99,2,2,50,2,0
26,260080,2,2,1,14,2,12,55,12,2,1,0,26,1,12,481,12481,31,1999,1FTWW33F5XEF,1,F,T,W,W,3,3,F,5,X,E,F,1,1,0,000000000,00000000000,0,0,0,1,0,0,0,0,0,0,0,998,0,0,0,12,6,2,12,0,0,0,1,26,49445,6,1,0,0,3,3,68,185,1,0,0,0,0,9,2013,9,2013,0,0,0,0,0,1,2,55,1,1,2,2,0,0,1,62,7,1,1,51,0,0
26,260081,1,1,2,19,2,19,37,8,0,1,0,26,1,20,444,20444,20,2006,1GNDV23L56D1,1,G,N,D,V,2,3,L,5,6,D,1,0,0,0,000000000,00000000000,0,0,0,1,0,0,0,0,0,0,0,998,0,0,0,12,4,3,8,0,0,0,1,26,49221,6,1,0,0,3,0,71,172,0,0,0,0,0,0,0,0,0,0,0,0,0,0,2,2,70,1,1,2,1,0,0,1,13,1,1,4,13,0,0
26,260082,1,2,1,21,2,10,0,12,6,1,0,26,1,12,17,12017,4,2007,1FAFP53U67A1,1,F,A,F,P,5,3,U,6,7,A,1,0,0,0,000000000,00000000000,0,0,0,1,0,0,0,0,0,0,0,998,0,0,0,9,6,2,12,0,0,0,1,26,49024,6,1,0,0,3,3,65,195,0,0,0,0,0,0,0,0,0,0,0,0,0,0,3,2,70,1,1,1,4,0,0,1,9,6,4,2,45,1,0