STATE,ST_CASE,VEH_NO,VE_FORMS,NUMOCCS,DAY,MONTH,HOUR,MINUTE,HARM_EV,MAN_COLL,UNITTYPE,HIT_RUN,REG_STAT,OWNER,MAKE,MODEL,MAK_MOD,BODY_TYP,MOD_YEAR,VIN,VIN_1,VIN_2,VIN_3,VIN_4,VIN_5,VIN_6,VIN_7,VIN_8,VIN_9,VIN_10,VIN_11,VIN_12,TOW_VEH,J_KNIFE,MCARR_I1,MCARR_I2,MCARR_ID,GVWR,V_CONFIG,CARGO_BT,HAZ_INV,HAZ_PLAC,HAZ_ID,HAZ_CNO,HAZ_REL,BUS_USE,SPEC_USE,EMER_USE,TRAV_SP,UNDERIDE,ROLLOVER,ROLINLOC,IMPACT1,DEFORMED,TOWED,M_HARM,VEH_SC1,VEH_SC2,FIRE_EXP,DR_PRES,L_STATE,DR_ZIP,L_STATUS,L_TYPE,CDL_STAT,L_ENDORS,L_COMPL,L_RESTRI,DR_HGT,DR_WGT,PREV_ACC,PREV_SUS,PREV_DWI,PREV_SPD,PREV_OTH,FIRST_MO,FIRST_YR,LAST_MO,LAST_YR,SPEEDREL,DR_SF1,DR_SF2,DR_SF3,DR_SF4,VTRAFWAY,VNUM_LAN,VSPD_LIM,VALIGN,VPROFILE,VPAVETYP,VSURCOND,VTRAFCON,VTCONT_F,P_CRASH1,P_CRASH2,P_CRASH3,PCRASH4,PCRASH5,ACC_TYPE,DEATHS,DR_DRINK
26,260082,2,2,22,21,2,10,0,12,6,1,0,18,3,98,988,98988,51,2005,2PCH33496510,2,P,C,H,3,3,4,9,6,5,1,0,0,0,57,000291703,57000291703,3,21,22,1,0,0,0,0,5,3,0,998,0,0,0,12,4,3,12,0,0,0,1,18,46360,6,1,6,3,3,3,73,280,0,0,0,0,0,0,0,0,0,0,0,0,0,0,3,2,70,1,1,1,4,0,0,1,61,8,1,1,44,0,0
26,260083,1,2,1,21,2,23,52,12,1,1,0,26,1,20,481,20481,31,2013,1GCRKSE70DZ3,1,G,C,R,K,S,E,7,0,D,Z,3,0,0,0,000000000,00000000000,0,0,0,1,0,0,0,0,0,0,0,998,0,0,0,12,4,3,12,0,0,0,1,26,48430,6,1,0,0,3,0,70,205,0,0,0,0,0,0,0,0,0,0,6,26,36,0,3,2,70,1,8,1,1,0,0,1,50,99,1,1,20,0,1
26,260083,2,2,1,21,2,23,52,12,1,1,0,26,1,9,38,9038,4,1997,1P3EJ46CXVN5,1,P,3,E,J,4,6,C,X,V,N,5,0,0,0,000000000,00000000000,0,0,0,1,0,0,0,0,0,0,0,0,0,0,0,6,6,2,12,0,0,0,1,26,48458,1,1,0,0,2,3,69,180,0,1,0,0,0,1,2014,1,2014,0,99,99,99,99,3,2,70,1,8,1,1,0,0,5,53,1,1,1,21,1,1
26,260084,1,2,1,23,2,13,15,12,2,1,0,26,1,20,471,20471,30,2003,1GCCT19X6382,1,G,C,C,T,1,9,X,6,3,8,2,0,0,0,000000000,00000000000,0,0,0,1,0,0,0,0,0,0,0,998,0,1,1,12,6,2,12,0,0,0,1,26,49601,6,1,0,0,3,3,69,125,1,0,0,0,0,9,2013,9,2013,4,28,87,0,0,1,2,55,1,1,2,4,0,0,1,6,99,4,2,50,0,0
26,260084,2,2,2,23,2,13,15,12,2,1,0,26,2,18,2,18002,4,2003,1G4HP52KX3U1,1,G,4,H,P,5,2,K,X,3,U,1,0,0,0,000000000,00000000000,0,0,0,1,0,0,0,0,0,0,0,998,0,0,0,12,6,2,12,0,0,0,1,26,49665,6,1,0,0,3,3,66,125,1,0,0,0,0,1,2013,1,2013,0,0,0,0,0,1,2,55,1,1,2,4,0,0,1,62,99,1,1,51,1,0
26,260085,1,1,1,20,2,21,26,8,0,1,0,26,1,20,37,20037,4,2003,1G1NE52J33M5,1,G,1,N,E,5,2,J,3,3,M,5,0,0,0,000000000,00000000000,0,0,0,1,0,0,0,0,0,0,0,998,0,0,0,12,2,3,8,0,0,0,1,26,48911,6,1,0,0,3,0,70,160,0,0,0,1,0,3,2011,3,2011,0,0,0,0,0,1,4,35,1,8,8,2,0,0,1,80,1,1,1,13,0,0
26,260086,1,1,99,20,2,18,20,8,0,1,1,99,9,20,36,20036,2,2002,999999999999,9,9,9,9,9,9,9,9,9,9,9,9,0,0,0,000000000,00000000000,0,0,0,1,0,0,0,0,99,99,9,999,0,0,0,11,2,5,8,99,99,0,1,99,99999,9,9,99,9,9,9,999,999,99,99,99,99,99,99,9999,99,9999,9,99,99,99,99,1,2,30,1,8,8,2,0,0,1,80,99,9,9,13,0,0
26,260087,1,2,12,24,2,15,52,12,6,1,0,26,3,94,988,94988,50,2013,4UZABRDT5DCF,4,U,Z,A,B,R,D,T,5,D,C,F,0,0,88,888888888,88888888888,3,21,22,1,0,0,0,0,1,2,0,998,0,0,0,3,4,3,12,0,0,0,1,26,49341,6,1,6,1,3,3,64,140,1,0,0,0,0,12,2011,12,2011,0,38,0,0,0,1,2,55,1,2,2,1,0,0,11,15,1,1,1,68,0,0
26,260087,2,2,1,24,2,15,52,12,6,1,0,26,1,12,37,12037,4,2001,1FAFP36301W1,1,F,A,F,P,3,6,3,0,1,W,1,0,0,0,000000000,00000000000,0,0,0,1,0,0,0,0,0,0,0,998,0,0,0,12,4,3,12,0,0,0,1,26,49341,6,1,0,0,3,3,63,110,0,0,0,0,0,0,0,0,0,0,0,0,0,0,1,2,55,1,2,2,1,0,0,1,62,6,1,1,69,1,0
26,260088,1,2,2,9,2,11,50,12,6,1,0,26,2,24,1,24001,4,1995,1G8ZH5280SZ3,1,G,8,Z,H,5,2,8,0,S,Z,3,0,0,0,000000000,00000000000,0,0,0,1,0,0,0,0,0,0,0,998,0,0,0,3,6,2,12,0,0,0,1,26,49418,6,1,0,0,3,0,70,155,0,1,0,0,1,2,2011,1,2013,4,38,87,0,0,1,2,40,1,2,2,10,0,0,1,6,99,4,2,64,1,0
26,260088,2,2,1,9,2,11,50,12,6,1,0,26,1,20,441,20441,20,2000,1GNDM19W2YB1,1,G,N,D,M,1,9,W,2,Y,B,1,0,0,0,000000000,00000000000,0,0,0,1,0,0,0,0,0,0,0,998,0,0,0,12,6,2,12,0,0,0,1,26,49548,6,1,0,0,3,0,68,150,0,0,0,0,0,0,0,0,0,0,0,0,0,0,1,2,40,1,2,2,10,0,0,1,62,99,1,1,65,0,0
26,260090,1,1,1,4,2,7,37,30,0,1,0,26,2,12,23,12023,4,2011,3FAHP0JG4BR3,3,F,A,H,P,0,J,G,4,B,R,3,0,0,0,000000000,00000000000,0,0,0,1,0,0,0,0,0,0,0,998,0,0,0,1,4,8,30,0,0,0,1,26,48154,6,1,0,0,3,3,65,155,1,0,0,0,0,8,2012,8,2012,9,99,99,99,99,5,5,35,1,8,8,1,0,0,1,9,99,3,4,2,1,0
26,260091,1,4,1,27,2,8,28,12,1,1,0,26,3,51,884,51884,66,2000,4V4ND5RG2YN7,4,V,4,N,D,5,R,G,2,Y,N,7,1,1,57,001565253,57001565253,3,6,97,1,0,0,0,0,0,0,0,998,0,0,0,12,4,3,12,0,0,0,1,26,48118,6,1,6,0,3,0,70,185,1,0,0,0,0,7,2012,7,2012,9,26,0,0,0,1,2,55,1,1,2,4,0,0,1,52,99,1,1,28,0,0
26,260091,2,4,1,27,2,8,28,12,1,1,0,26,1,20,481,20481,31,2011,1GCRCPEX7BZ4,1,G,C,R,C,P,E,X,7,B,Z,4,0,0,0,000000000,00000000000,0,0,0,1,0,0,0,0,0,0,0,998,0,0,0,6,6,2,12,0,0,0,1,26,48158,6,1,0,0,3,0,73,180,0,0,0,0,0,0,0,0,0,0,0,0,0,0,1,2,55,1,1,2,4,0,0,2,53,1,1,1,29,1,0
26,260091,3,4,1,27,2,8,28,12,1,1,0,26,1,37,31,37031,4,2001,2HGES25791H5,2,H,G,E,S,2,5,7,9,1,H,5,0,0,0,000000000,00000000000,0,0,0,1,0,0,0,0,0,0,0,998,0,0,0,6,4,3,12,0,0,0,1,26,48158,6,1,0,0,3,0,68,115,0,0,0,1,0,3,2011,3,2011,0,0,0,0,0,1,2,55,1,1,2,4,0,0,2,53,1,1,1,98,0,0
26,260091,4,4,1,27,2,8,28,12,1,1,0,26,1,12,24,12024,6,2013,2FMDK3JCXDBA,2,F,M,D,K,3,J,C,X,D,B,A,0,0,0,000000000,00000000000,0,0,0,1,0,0,0,0,0,0,0,998,0,0,0,98,4,3,12,0,0,0,1,26,48116,6,1,0,0,3,0,72,205,0,0,0,0,0,0,0,0,0,0,0,0,0,0,1,2,55,1,1,2,4,0,0,2,53,1,1,1,98,0,0
26,260092,1,2,2,27,2,12,12,12,2,1,0,26,3,12,461,12461,21,2001,1FTNE24L81HB,1,F,T,N,E,2,4,L,8,1,H,B,0,0,0,000000000,00000000000,0,0,0,1,0,0,0,0,0,0,0,998,0,0,0,12,6,2,12,0,0,0,1,26,49650,6,1,0,0,3,3,68,230,1,0,0,0,0,10,2012,10,2012,0,51,0,0,0,1,2,55,1,1,2,4,0,0,1,10,1,1,2,50,1,0
26,260092,2,2,1,27,2,12,12,12,2,1,0,17,3,84,884,84884,66,2012,1HSHWSHN7CJ6,1,H,S,H,W,S,H,N,7,C,J,6,1,1,57,000732581,57000732581,3,6,1,1,0,0,0,0,0,0,0,998,0,0,0,12,4,8,12,0,0,0,1,26,48114,6,1,6,0,3,3,71,170,2,0,0,0,0,3,2011,12,2012,0,0,0,0,0,1,2,55,1,1,2,4,0,0,1,62,1,1,1,51,0,0
26,260093,1,2,1,28,2,12,5,12,6,1,0,26,1,18,7,18007,4,1999,2G4WS52M7X14,2,G,4,W,S,5,2,M,7,X,1,4,0,0,0,000000000,00000000000,0,0,0,1,0,0,0,0,0,0,0,998,0,0,0,3,6,2,12,0,0,0,1,26,49330,6,1,0,0,3,0,62,165,1,0,0,0,0,10,2011,10,2011,5,28,0,0,0,1,2,55,1,1,2,2,0,0,6,13,99,4,6,64,1,0
26,260093,2,2,1,28,2,12,5,12,6,1,0,26,1,7,25,7025,5,2008,1B3HB48B48D7,1,B,3,H,B,4,8,B,4,8,D,7,0,0,0,000000000,00000000000,0,0,0,1,0,0,0,0,0,0,0,998,0,0,0,12,6,2,12,0,0,0,1,26,49330,6,1,0,0,3,0,62,125,0,0,0,0,0,0,0,0,0,0,0,0,0,0,1,2,55,1,1,2,2,0,0,1,62,99,1,1,65,0,0
26,260094,1,2,1,21,2,10,59,8,0,1,0,26,1,20,481,20481,31,1995,1GCEC14H3SE2,1,G,C,E,C,1,4,H,3,S,E,2,0,0,0,000000000,00000000000,0,0,0,1,0,0,0,0,0,0,0,998,0,0,0,12,4,3,8,0,0,0,1,26,48888,6,1,0,0,3,3,69,185,0,0,0,0,0,0,0,0,0,0,28,87,0,0,1,2,55,1,2,2,3,0,0,1,80,4,1,2,13,0,0
26,260094,2,2,2,21,2,10,59,8,0,1,0,26,1,12,481,12481,31,1991,2FTEF14N2MCA,2,F,T,E,F,1,4,N,2,M,C,A,6,1,0,000000000,00000000000,0,0,0,1,0,0,0,0,0,0,0,0,0,0,0,6,2,5,12,0,0,0,1,26,49339,6,1,6,0,3,0,72,185,0,0,0,0,0,0,0,0,0,0,0,0,0,0,1,2,55,1,2,2,3,0,0,5,98,1,1,2,98,0,0
26,260095,1,2,1,20,2,20,34,12,2,1,0,26,1,20,16,20016,2,2003,1G1JC12F2373,1,G,1,J,C,1,2,F,2,3,7,3,0,0,0,000000000,00000000000,0,0,0,1,0,0,0,0,0,0,0,998,0,0,0,12,6,2,12,0,0,0,1,26,49417,6,1,0,0,3,3,67,140,0,0,0,0,0,0,0,0,0,0,28,35,0,0,1,2,55,1,1,2,2,0,0,6,10,1,1,2,50,1,1
26,260095,2,2,1,20,2,20,34,12,2,1,0,26,1,12,17,12017,4,2001,1FAHP52U51A1,1,F,A,H,P,5,2,U,5,1,A,1,0,0,0,000000000,00000000000,0,0,0,1,0,0,0,0,0,0,0,998,0,0,0,12,6,2,12,0,0,0,1,26,49346,6,1,0,0,3,3,69,170,1,0,0,1,2,4,2011,8,2013,0,89,0,0,0,1,2,55,1,1,2,2,0,0,1,62,99,1,1,51,0,0
26,260096,1,2,0,27,2,2,25,12,1,1,0,26,6,23,461,23461,21,2002,1GDFG15R8212,1,G,D,F,G,1,5,R,8,2,1,2,0,0,0,000000000,00000000000,0,0,0,1,0,0,0,0,0,0,0,0,0,0,0,6,4,3,12,0,0,0,0,0,99997,7,6,97,7,6,7,998,997,998,998,998,998,998,98,9998,98,9998,8,54,0,0,0,6,1,55,1,8,8,1,0,0,0,53,0,0,0,32,0,0
26,260096,2,2,1,27,2,2,25,12,1,1,0,26,3,12,884,12884,61,2011,1FDUF5GT6BEC,1,F,D,U,F,5,G,T,6,B,E,C,0,0,57,001702318,57001702318,2,1,3,1,0,0,0,0,0,0,0,29,0,0,0,12,4,3,8,0,0,0,1,26,48126,6,1,0,0,3,0,69,255,1,3,0,0,0,2,2011,1,2012,0,0,0,0,0,6,1,55,1,8,8,1,0,0,1,50,1,1,1,32,0,0
26,260097,1,1,3,8,2,22,0,24,0,1,0,26,2,2,404,2404,14,2000,1J4GW48SXYC1,1,J,4,G,W,4,8,S,X,Y,C,1,0,0,0,000000000,00000000000,0,0,0,1,0,0,0,0,0,0,0,998,0,1,5,12,6,2,42,0,0,0,1,26,48843,1,1,0,0,2,0,65,150,0,0,0,0,0,0,0,0,0,0,6,36,87,0,3,3,70,1,2,1,4,0,0,1,5,99,3,4,2,1,1
26,260098,1,2,1,10,2,13,53,12,1,1,0,26,1,12,481,12481,31,2007,1FTPX12V37FB,1,F,T,P,X,1,2,V,3,7,F,B,0,0,0,000000000,00000000000,0,0,0,1,0,0,0,0,0,0,0,998,0,0,0,12,6,2,12,0,0,0,1,26,48164,6,1,0,0,3,3,72,240,1,0,0,0,0,5,2013,5,2013,0,26,0,0,0,1,2,35,1,1,2,1,0,0,1,50,1,1,1,32,1,0
26,260098,2,2,0,10,2,13,53,12,1,1,0,26,6,51,884,51884,63,2000,4V5JC2UF6YN8,4,V,5,J,C,2,U,F,6,Y,N,8,0,0,88,888888888,88888888888,3,2,7,1,0,0,0,0,0,0,0,0,0,0,0,6,2,5,12,42,0,0,0,0,99997,7,6,97,7,6,7,998,997,998,998,998,998,998,98,9998,98,9998,8,54,0,0,0,1,2,35,1,1,2,1,0,0,0,53,0,0,0,32,0,0
26,260099,1,1,1,3,3,7,0,8,0,1,1,26,1,12,401,12401,14,2003,1FMZU74W83UB,1,F,M,Z,U,7,4,W,8,3,U,B,0,0,0,000000000,00000000000,0,0,0,1,0,0,0,0,0,0,0,998,0,0,0,1,2,5,8,0,0,0,1,26,49503,6,1,0,0,3,3,69,195,2,0,0,2,0,8,2011,1,2013,9,99,99,99,99,1,2,35,1,1,2,99,0,0,99,80,99,9,9,13,0,0
26,260100,1,2,1,3,3,16,55,12,1,1,0,26,1,20,25,20025,4,2013,1G1PJ5SB2D72,1,G,1,P,J,5,S,B,2,D,7,2,0,0,0,000000000,00000000000,0,0,0,1,0,0,0,0,0,0,0,998,0,0,0,12,6,2,12,0,0,0,1,26,49098,6,1,0,0,3,0,72,210,0,0,0,0,0,0,0,0,0,4,27,0,0,0,3,2,70,1,1,1,1,0,0,15,50,99,1,2,20,1,0
26,260100,2,2,1,3,3,16,55,12,1,1,0,93,3,51,881,51881,66,2006,4V4NC9GHX6N4,4,V,4,N,C,9,G,H,X,6,N,4,1,1,57,002285847,57002285847,3,6,1,1,0,0,0,0,0,0,0,0,0,0,0,6,0,5,12,0,0,0,1,26,48206,6,1,6,0,3,0,68,240,1,2,0,3,2,4,2011,1,2014,0,89,0,0,0,3,2,70,1,1,1,1,0,0,5,60,1,1,1,21,0,0
26,260101,1,2,1,10,3,12,15,12,2,1,0,39,1,20,25,20025,4,2012,1G1PH5SC4C73,1,G,1,P,H,5,S,C,4,C,7,3,0,0,0,000000000,00000000000,0,0,0,1,0,0,0,0,0,0,0,58,0,0,0,12,6,2,12,0,0,0,1,39,45102,6,1,6,0,3,3,68,180,0,0,0,0,0,0,0,0,0,0,6,28,36,0,1,2,55,1,1,2,2,0,0,1,10,1,1,4,50,0,0
26,260101,2,2,2,10,3,12,15,12,2,1,0,26,1,20,401,20401,14,1999,1GNDT13W4X22,1,G,N,D,T,1,3,W,4,X,2,2,0,0,0,000000000,00000000000,0,0,0,1,0,0,0,0,0,0,0,998,0,0,0,12,6,2,12,0,0,0,1,26,49459,6,1,0,0,3,3,67,280,0,0,0,0,0,0,0,0,0,0,0,0,0,0,1,2,55,1,1,2,2,0,0,1,62,9,1,4,51,1,0
26,260102,1,1,1,8,3,0,22,42,0,1,0,26,2,12,401,12401,14,1999,1FMZU35P2XUC,1,F,M,Z,U,3,5,P,2,X,U,C,0,0,0,000000000,00000000000,0,0,0,1,0,0,0,0,0,0,0,998,0,0,0,12,6,2,42,0,0,0,1,26,48381,6,1,0,0,3,0,68,140,0,0,0,0,0,0,0,0,0,5,0,0,0,0,1,2,55,4,8,8,1,0,0,14,12,99,1,4,6,1,1
26,260103,1,1,2,1,3,9,4,1,0,1,0,26,2,7,482,7482,31,2001,1B7KC23661J5,1,B,7,K,C,2,3,6,6,1,J,5,0,0,0,000000000,00000000000,0,0,0,1,0,0,0,0,0,0,0,998,0,2,3,0,4,3,1,0,0,0,1,26,49331,6,1,6,0,3,0,76,240,0,0,0,0,1,1,2014,1,2014,4,87,89,0,0,2,2,70,1,1,1,4,0,0,1,6,99,5,4,7,1,0
26,260104,1,1,1,11,3,22,51,8,0,1,0,26,2,22,22,22022,4,2006,1G2ZF55B0642,1,G,2,Z,F,5,5,B,0,6,4,2,0,0,0,000000000,00000000000,0,0,0,1,0,0,0,0,0,0,0,998,0,0,0,12,2,3,8,0,0,0,1,26,48317,6,1,0,0,3,3,66,140,1,0,0,0,1,1,2012,1,2012,0,0,0,0,0,1,5,45,1,8,8,2,0,0,15,80,1,1,1,13,0,0
26,260105,1,2,1,13,3,0,30,5,0,1,0,92,0,98,998,98998,91,1997,43126549,4,3,1,2,6,5,4,9,,,,,0,0,0,000000000,00000000000,0,0,0,1,0,0,0,0,0,0,0,998,0,0,0,1,0,3,12,0,0,0,1,26,48176,6,1,0,0,3,0,74,225,2,0,0,0,0,10,2011,4,2013,0,26,0,0,0,1,2,25,1,8,8,3,0,0,1,98,4,2,1,98,0,1
26,260105,2,2,1,13,3,0,30,5,0,1,0,92,0,98,998,98998,91,1992,378102660,3,7,8,1,0,2,6,6,0,,,,0,0,0,000000000,00000000000,0,0,0,1,0,0,0,0,0,0,0,998,0,0,0,0,0,3,12,0,0,0,1,26,48176,6,1,0,0,3,0,72,250,0,0,0,1,0,7,2011,7,2011,9,89,0,0,0,1,2,25,1,8,8,3,0,0,99,98,99,9,1,0,1,1
26,260106,1,2,2,16,3,10,25,12,6,1,0,26,1,20,37,20037,4,2001,1G1ND52J91M5,1,G,1,N,D,5,2,J,9,1,M,5,0,0,0,000000000,00000000000,0,0,0,1,0,0,0,0,0,0,0,998,0,0,0,9,6,2,12,0,0,0,1,26,48838,6,1,0,0,3,0,73,253,1,0,0,0,0,12,2012,12,2012,0,39,0,0,0,1,2,55,1,1,2,1,20,3,1,17,1,1,1,89,1,0
26,260106,2,2,1,16,3,10,25,12,6,1,0,26,1,20,23,20023,6,2009,3GCCA05BX9S5,3,G,C,C,A,0,5,B,X,9,S,5,0,0,0,000000000,00000000000,0,0,0,1,0,0,0,0,0,0,0,55,0,0,0,12,4,3,12,0,0,0,1,26,48850,6,1,0,0,3,0,72,185,0,0,0,0,0,0,0,0,0,0,0,0,0,0,1,2,98,1,8,8,1,0,0,1,66,4,1,1,88,0,0
26,260107,1,2,1,20,3,7,30,12,2,1,0,26,2,12,442,12442,20,2002,2FMDA52482BA,2,F,M,D,A,5,2,4,8,2,B,A,0,0,0,000000000,00000000000,0,0,0,1,0,0,0,0,0,0,0,998,0,0,0,12,6,2,12,0,0,0,1,26,49315,6,1,0,0,3,0,62,155,0,0,0,2,0,5,2013,2,2014,5,28,0,0,0,5,5,40,1,1,2,4,0,0,1,10,99,1,2,50,1,0
26,260107,2,2,1,20,3,7,30,12,2,1,0,93,3,51,884,51884,66,2011,4V4NC9EH6BN5,4,V,4,N,C,9,E,H,6,B,N,5,1,1,57,000277886,57000277886,3,6,3,1,0,0,0,0,0,0,0,998,0,0,0,12,4,3,12,0,0,0,1,26,49010,6,1,6,0,3,3,72,242,2,0,0,1,0,5,2011,10,2013,0,89,0,0,0,5,5,40,1,1,2,4,0,0,1,62,1,1,1,51,0,0
26,260108,1,2,1,23,3,2,11,12,1,1,0,26,1,2,404,2404,14,1999,1J4GW58S5XC6,1,J,4,G,W,5,8,S,5,X,C,6,0,0,0,000000000,00000000000,0,0,0,1,0,0,0,0,0,0,0,998,0,0,0,12,6,2,12,0,0,0,1,26,48509,6,1,0,0,3,0,69,230,0,0,0,1,1,5,2012,11,2013,5,26,0,0,0,1,4,35,1,1,1,1,0,0,1,51,99,1,1,24,1,0
26,260108,2,2,1,23,3,2,11,12,1,1,1,26,1,20,2,20002,4,2003,2G1WH52K0392,2,G,1,W,H,5,2,K,0,3,9,2,0,0,0,000000000,00000000000,0,0,0,1,0,0,0,0,0,0,0,998,0,0,0,6,4,5,12,0,0,0,1,26,48509,1,1,0,0,2,0,65,140,1,12,2,0,1,4,2011,12,2013,9,99,99,99,99,1,4,35,1,1,1,1,0,0,1,53,1,1,1,25,0,1
26,260109,1,2,1,23,3,19,13,12,6,1,0,26,2,12,481,12481,31,1984,1FTCF15F5ENA,1,F,T,C,F,1,5,F,5,E,N,A,0,0,0,000000000,00000000000,0,0,0,1,0,0,0,0,0,0,0,998,0,1,1,9,6,2,1,0,0,0,1,26,49464,6,1,0,0,3,0,71,169,0,0,0,0,0,0,0,0,0,0,39,0,0,0,2,4,45,1,1,2,1,3,3,1,17,99,1,1,89,1,0
26,260109,2,2,1,23,3,19,13,12,6,1,0,26,2,30,47,30047,3,2008,3VWRW31C68M5,3,V,W,R,W,3,1,C,6,8,M,5,0,0,0,000000000,00000000000,0,0,0,1,0,0,0,0,0,0,0,998,0,0,0,12,4,3,12,0,0,0,1,26,49418,6,1,0,0,3,0,66,120,0,0,0,0,0,0,0,0,0,0,0,0,0,0,1,4,98,8,8,8,98,3,3,1,66,99,1,1,88,0,0
26,260110,1,2,1,1,3,7,22,12,8,1,0,26,1,22,18,22018,4,2002,1G2NW52E72M5,1,G,2,N,W,5,2,E,7,2,M,5,0,0,0,000000000,00000000000,0,0,0,1,0,0,0,0,0,0,0,998,0,0,0,1,6,2,12,0,0,0,1,26,48829,6,1,0,0,3,3,71,160,2,0,0,1,1,2,2012,11,2013,0,28,87,0,0,1,2,55,1,1,2,3,0,0,1,6,99,4,2,66,1,0
26,260110,2,2,1,1,3,7,22,12,8,1,0,26,1,85,884,85884,66,2006,1XKDD40X36J1,1,X,K,D,D,4,0,X,3,6,J,1,1,2,57,000777497,57000777497,3,6,2,1,0,0,0,0,0,0,0,998,0,0,0,3,2,3,12,0,0,0,1,26,48801,6,1,6,0,3,0,69,185,0,0,0,0,0,0,0,0,0,0,0,0,0,0,1,2,55,1,1,2,3,0,0,1,62,9,1,1,66,0,0
26,260111,1,1,1,3,3,7,40,23,0,1,0,26,2,22,20,22020,4,2005,2G2WC52CX513,2,G,2,W,C,5,2,C,X,5,1,3,0,0,0,000000000,00000000000,0,0,0,1,0,0,0,0,0,0,0,998,0,0,0,12,6,2,2,0,0,1,1,26,49507,6,1,0,0,2,0,71,210,0,2,0,0,0,12,2011,11,2013,0,27,0,0,0,3,3,70,1,1,1,1,0,0,1,9,99,3,4,2,1,0
26,260112,1,2,2,3,3,18,48,12,1,1,0,26,2,20,481,20481,31,2009,1GCEK29059Z2,1,G,C,E,K,2,9,0,5,9,Z,2,0,0,0,000000000,00000000000,0,0,0,1,0,0,0,0,0,0,0,0,0,0,0,6,6,2,12,0,0,0,1,26,49103,6,1,0,0,3,0,71,240,1,0,0,0,0,1,2012,1,2012,0,0,0,0,0,5,5,55,1,1,2,1,3,3,5,53,1,1,1,21,1,0
26,260112,2,2,1,3,3,18,48,12,1,1,0,27,3,51,884,51884,66,2000,4V4ND4JJ9YN2,4,V,4,N,D,4,J,J,9,Y,N,2,1,1,57,001941182,57001941182,3,6,1,1,0,0,0,0,0,0,0,50,0,0,0,12,6,2,12,0,0,0,1,27,55349,6,1,6,0,3,0,71,225,0,0,0,0,0,0,0,0,0,0,39,0,0,0,5,5,55,1,1,2,1,3,3,1,50,3,1,1,20,0,0
26,260113,1,2,2,5,3,14,30,12,6,1,0,26,2,2,407,2407,14,2011,1J4NT1GB7BD2,1,J,4,N,T,1,G,B,7,B,D,2,0,0,0,000000000,00000000000,0,0,0,1,0,0,0,0,0,0,0,998,0,0,0,3,6,2,12,0,0,0,1,26,48166,6,2,0,0,3,0,66,110,0,0,0,0,0,0,0,0,0,0,38,0,0,0,1,4,55,1,1,2,1,20,3,1,17,99,1,1,87,1,0
26,260113,2,2,1,5,3,14,30,12,6,1,0,26,1,51,884,51884,66,2000,4V4ND1JJ2YN7,4,V,4,N,D,1,J,J,2,Y,N,7,1,1,57,002290517,57002290517,3,6,1,1,0,0,0,0,0,0,0,998,0,0,0,12,6,2,12,0,0,0,1,26,49256,6,1,6,0,3,0,75,250,0,1,0,0,0,10,2011,10,2011,0,0,0,0,0,1,4,55,1,1,2,1,0,0,1,66,99,1,1,86,0,0
26,260114,1,1,1,9,3,5,41,33,0,1,0,26,2,20,421,20421,15,2005,1GNEK13TX5J2,1,G,N,E,K,1,3,T,X,5,J,2,0,0,0,000000000,00000000000,0,0,0,1,0,0,0,0,0,0,0,998,0,0,0,12,6,2,8,0,0,0,1,26,48611,6,1,0,0,3,0,70,195,0,0,0,0,0,0,0,0,0,0,91,0,0,0,1,2,25,1,1,2,1,20,3,1,14,1,1,4,14,0,1
26,260115,1,1,1,1,3,21,15,14,0,1,0,0,0,98,998,98998,91,1997,999999999999,9,9,9,9,9,9,9,9,9,9,9,9,0,0,0,000000000,00000000000,0,0,0,1,0,0,0,0,0,0,0,998,0,0,0,12,6,2,14,0,0,0,1,26,49045,1,1,0,0,1,0,68,230,2,0,0,1,1,4,2012,10,2013,0,99,99,99,99,1,2,55,1,8,8,3,0,0,1,13,99,1,4,1,1,0
26,260116,1,1,2,29,3,22,55,53,0,1,0,26,1,23,481,23481,31,1997,1GTEK19R4VE5,1,G,T,E,K,1,9,R,4,V,E,5,0,0,0,000000000,00000000000,0,0,0,1,0,0,0,0,0,0,0,998,0,1,5,1,6,2,1,0,0,0,1,26,48612,6,1,0,0,3,0,74,235,0,0,0,2,0,11,2011,7,2012,0,6,36,0,0,1,2,55,1,1,2,1,0,0,1,13,99,1,4,1,1,1
26,260117,1,1,1,20,3,16,35,1,0,1,0,31,3,87,884,87884,66,2003,1XP5DB9X43D5,1,X,P,5,D,B,9,X,4,3,D,5,1,1,57,000263874,57000263874,3,6,3,1,0,0,0,0,0,0,0,998,0,2,3,0,6,2,1,0,0,0,1,13,30533,6,1,6,0,3,0,74,220,98,0,0,1,0,9,2012,9,2012,9,99,99,99,99,2,2,60,1,8,8,1,0,0,1,12,99,1,4,6,1,0
26,260118,1,1,1,23,3,4,36,1,0,1,0,26,2,12,401,12401,14,1996,1FMDU35P2TUC,1,F,M,D,U,3,5,P,2,T,U,C,0,0,0,000000000,00000000000,0,0,0,1,0,0,0,0,0,0,0,998,0,2,1,0,6,2,1,0,0,0,1,26,48212,1,1,0,0,2,0,62,150,0,6,0,0,1,10,2011,1,2013,9,99,99,99,99,3,4,70,1,8,8,1,0,0,1,9,99,4,2,98,1,1