STATE,ST_CASE,VEH_NO,VE_FORMS,NUMOCCS,DAY,MONTH,HOUR,MINUTE,HARM_EV,MAN_COLL,UNITTYPE,HIT_RUN,REG_STAT,OWNER,MAKE,MODEL,MAK_MOD,BODY_TYP,MOD_YEAR,VIN,VIN_1,VIN_2,VIN_3,VIN_4,VIN_5,VIN_6,VIN_7,VIN_8,VIN_9,VIN_10,VIN_11,VIN_12,TOW_VEH,J_KNIFE,MCARR_I1,MCARR_I2,MCARR_ID,GVWR,V_CONFIG,CARGO_BT,HAZ_INV,HAZ_PLAC,HAZ_ID,HAZ_CNO,HAZ_REL,BUS_USE,SPEC_USE,EMER_USE,TRAV_SP,UNDERIDE,ROLLOVER,ROLINLOC,IMPACT1,DEFORMED,TOWED,M_HARM,VEH_SC1,VEH_SC2,FIRE_EXP,DR_PRES,L_STATE,DR_ZIP,L_STATUS,L_TYPE,CDL_STAT,L_ENDORS,L_COMPL,L_RESTRI,DR_HGT,DR_WGT,PREV_ACC,PREV_SUS,PREV_DWI,PREV_SPD,PREV_OTH,FIRST_MO,FIRST_YR,LAST_MO,LAST_YR,SPEEDREL,DR_SF1,DR_SF2,DR_SF3,DR_SF4,VTRAFWAY,VNUM_LAN,VSPD_LIM,VALIGN,VPROFILE,VPAVETYP,VSURCOND,VTRAFCON,VTCONT_F,P_CRASH1,P_CRASH2,P_CRASH3,PCRASH4,PCRASH5,ACC_TYPE,DEATHS,DR_DRINK
26,260199,3,4,2,30,4,9,39,12,7,1,0,26,1,21,22,21022,4,2001,1G3GR64H8142,1,G,3,G,R,6,4,H,8,1,4,2,0,0,0,000000000,00000000000,0,0,0,1,0,0,0,0,0,0,0,998,0,0,0,12,6,2,12,0,0,0,1,21,40324,0,0,0,0,0,0,72,175,0,2,0,1,2,3,2012,8,2012,0,26,0,0,0,3,3,70,1,1,1,1,0,0,1,51,1,1,1,98,0,0
26,260199,4,4,5,30,4,9,39,12,7,1,0,12,1,37,441,37441,20,2009,5FNRL38469B0,5,F,N,R,L,3,8,4,6,9,B,0,0,0,0,000000000,00000000000,0,0,0,1,0,0,0,0,0,0,0,998,0,0,0,9,6,2,54,0,0,0,1,12,33815,6,1,6,0,3,0,70,999,0,0,0,0,0,0,0,0,0,0,0,0,0,0,3,3,70,1,1,1,1,0,0,1,98,99,1,1,98,0,0
26,260201,1,1,1,28,4,5,52,8,0,1,0,26,1,20,421,20421,15,2002,1GNEK13Z42J2,1,G,N,E,K,1,3,Z,4,2,J,2,0,0,0,000000000,00000000000,0,0,0,1,0,0,0,0,0,0,0,998,0,0,0,1,2,3,8,0,0,0,1,26,48127,6,1,0,0,3,3,69,225,0,0,0,0,0,0,0,0,0,0,0,0,0,0,5,5,45,1,8,8,1,2,3,1,80,99,1,1,13,0,0
26,260202,1,2,1,14,4,11,6,12,6,1,0,26,1,6,441,6441,20,2008,2A8HR54P28R6,2,A,8,H,R,5,4,P,2,8,R,6,0,0,0,000000000,00000000000,0,0,0,1,0,0,0,0,0,0,0,998,0,0,0,12,6,2,12,0,0,0,1,26,49707,6,1,0,0,3,0,66,145,0,0,0,0,0,0,0,0,0,0,39,0,0,0,1,4,40,1,1,2,2,3,3,1,62,99,1,1,69,1,0
26,260202,2,2,1,14,4,11,6,12,6,1,0,26,2,12,461,12461,21,2008,1FBNE31L68DB,1,F,B,N,E,3,1,L,6,8,D,B,0,0,0,000000000,00000000000,0,0,0,1,0,0,0,0,0,0,0,998,0,0,0,1,6,2,12,0,0,0,1,26,49707,6,1,0,0,3,0,73,170,0,0,0,0,0,0,0,0,0,0,0,0,0,0,1,4,40,1,1,2,2,3,3,11,15,99,1,1,68,0,0
26,260203,1,3,1,24,4,18,23,1,0,1,0,26,1,73,709,73709,80,1997,JKAEXMF17VA0,J,K,A,E,X,M,F,1,7,V,A,0,0,0,0,000000000,00000000000,0,0,0,1,0,0,0,0,0,0,0,998,0,0,0,0,6,2,12,0,0,0,1,26,48092,6,1,0,0,3,0,71,140,2,0,0,1,0,6,2012,9,2013,0,99,99,99,99,5,6,45,1,1,1,1,3,3,1,9,99,1,2,98,1,0
26,260203,2,3,1,24,4,18,23,1,0,1,0,26,2,37,32,37032,4,2004,1HGCM56644A0,1,H,G,C,M,5,6,6,4,4,A,0,0,0,0,000000000,00000000000,0,0,0,1,0,0,0,0,0,0,0,998,0,0,0,12,6,2,12,0,0,0,1,26,48202,6,1,0,0,3,0,69,185,0,14,0,0,2,8,2011,12,2013,0,0,0,0,0,5,6,45,1,1,1,1,3,3,1,62,99,1,1,98,0,0
26,260203,3,3,1,24,4,18,23,1,0,1,0,26,1,2,403,2403,14,2011,1J4AA2D16BL5,1,J,4,A,A,2,D,1,6,B,L,5,0,0,0,000000000,00000000000,0,0,0,1,0,0,0,0,0,0,0,998,0,0,0,12,0,5,18,0,0,0,1,26,48030,6,1,0,0,3,0,73,270,0,0,0,0,1,10,2011,10,2011,0,0,0,0,0,5,6,45,1,1,1,1,3,3,2,90,99,1,1,98,0,0
26,260204,1,1,99,3,3,17,40,8,0,1,1,99,9,12,13,12013,9,9999,999999999999,9,9,9,9,9,9,9,9,9,9,9,9,0,0,0,000000000,00000000000,0,0,0,1,0,0,0,0,99,99,9,999,0,0,0,12,0,5,8,99,99,0,1,99,99999,9,9,99,9,9,9,999,999,99,99,99,99,99,99,9999,99,9999,9,99,99,99,99,4,3,30,1,8,8,2,0,0,1,80,99,9,9,13,0,0
26,260205,1,1,3,17,3,1,52,31,0,1,0,26,5,9,17,9017,3,1994,1P3AP6432RN1,1,P,3,A,P,6,4,3,2,R,N,1,0,0,0,000000000,00000000000,0,0,0,1,0,0,0,0,0,0,0,998,0,1,5,99,6,2,1,0,0,0,1,26,48205,0,0,0,0,0,0,999,999,0,0,0,0,0,0,0,0,0,0,36,37,0,0,1,2,30,1,8,8,1,0,0,1,6,99,2,4,7,1,0
26,260206,1,1,1,16,3,2,8,33,0,1,0,26,2,7,27,7027,6,2009,3D4GG67V19T1,3,D,4,G,G,6,7,V,1,9,T,1,0,0,0,000000000,00000000000,0,0,0,1,0,0,0,0,0,0,0,998,0,1,5,98,6,8,1,0,0,0,1,26,48219,1,1,0,0,2,0,69,255,0,5,0,0,1,4,2011,9,2012,5,0,0,0,0,3,4,40,1,8,8,4,0,0,1,9,7,4,4,7,1,1
26,260207,1,2,1,21,3,12,0,12,7,1,0,26,1,6,51,6051,4,2007,2C3KA53G97H6,2,C,3,K,A,5,3,G,9,7,H,6,0,0,0,000000000,00000000000,0,0,0,1,0,0,0,0,0,0,0,998,0,0,0,9,2,5,12,0,0,0,1,26,48235,6,1,0,0,3,3,72,135,0,0,0,0,0,0,0,0,0,0,27,0,0,0,3,2,35,1,8,8,1,0,0,15,10,99,1,2,47,0,0
26,260207,2,2,1,21,3,12,0,12,7,1,0,26,2,42,43,42043,4,1997,WDBGA51G2VA3,W,D,B,G,A,5,1,G,2,V,A,3,0,0,0,000000000,00000000000,0,0,0,1,0,0,0,0,0,0,0,998,0,0,0,1,6,2,25,0,0,0,1,26,48221,6,1,0,0,3,0,63,162,0,0,0,0,0,0,0,0,0,0,0,0,0,0,3,2,35,1,8,8,1,0,0,1,61,99,1,1,45,1,0
26,260208,1,1,2,14,3,22,20,8,0,1,0,26,2,13,5,13005,4,1999,1LNHM97VXXY6,1,L,N,H,M,9,7,V,X,X,Y,6,0,0,0,000000000,00000000000,0,0,0,1,0,0,0,0,0,0,0,998,0,0,0,12,2,3,8,0,0,0,1,26,48204,1,1,0,0,2,0,75,270,0,3,0,0,1,7,2011,2,2014,0,38,0,0,0,1,4,30,1,8,8,1,0,0,1,80,99,1,1,13,0,0
26,260209,1,3,1,9,4,0,10,12,1,1,0,26,1,21,2,21002,4,1998,1G3HN52K3W48,1,G,3,H,N,5,2,K,3,W,4,8,0,0,0,000000000,00000000000,0,0,0,1,0,0,0,0,0,0,0,998,0,0,0,12,6,2,12,0,0,0,1,26,49203,6,1,0,0,3,0,62,172,0,0,0,0,0,0,0,0,0,5,6,36,0,0,1,2,55,1,1,2,1,0,0,2,51,99,1,1,24,0,1
26,260209,2,3,2,9,4,0,10,12,1,1,0,26,2,72,706,72706,80,1987,1HD1EJL2XHY1,1,H,D,1,E,J,L,2,X,H,Y,1,0,0,0,000000000,00000000000,0,0,0,1,0,0,0,0,0,0,0,998,0,0,0,6,4,3,12,0,0,0,1,26,49201,0,0,0,0,0,0,76,230,0,10,0,0,5,6,2012,3,2014,5,0,0,0,0,1,2,55,1,1,2,1,0,0,1,53,99,1,1,25,1,1
26,260209,3,3,2,9,4,0,10,12,1,1,0,26,2,12,37,12037,4,2002,3FAFP31312R1,3,F,A,F,P,3,1,3,1,2,R,1,0,0,0,000000000,00000000000,0,0,0,1,0,0,0,0,0,0,0,998,0,0,0,12,2,3,18,0,0,0,1,26,49202,6,1,0,0,3,0,72,150,0,0,0,2,0,2,2012,8,2013,0,0,0,0,0,1,2,55,1,1,2,1,0,0,1,90,1,1,1,98,0,0
26,260210,1,1,2,19,4,6,56,5,0,1,1,26,2,14,401,14401,14,2002,4M2ZU86W12ZJ,4,M,2,Z,U,8,6,W,1,2,Z,J,0,0,0,000000000,00000000000,0,0,0,1,0,0,0,0,0,0,0,998,0,0,0,0,0,5,5,0,0,0,1,26,48146,1,1,0,0,2,0,72,190,3,2,0,0,2,10,2012,4,2014,9,99,99,99,99,1,2,25,1,8,8,1,0,0,4,98,1,1,1,0,1,0
26,260211,1,1,4,4,5,0,58,35,0,1,0,26,2,69,54,69054,3,2006,WMWRE33596TL,W,M,W,R,E,3,3,5,9,6,T,L,0,0,0,000000000,00000000000,0,0,0,1,0,0,0,0,0,0,0,998,0,1,5,12,6,2,1,0,0,0,1,26,49340,6,1,0,0,3,0,75,220,0,0,0,0,0,0,0,0,0,5,0,0,0,0,1,2,55,1,1,2,2,0,0,6,12,6,1,4,6,2,1
26,260212,1,2,1,4,5,11,54,12,6,1,0,26,2,7,27,7027,6,2012,3C4PDCBG7CT2,3,C,4,P,D,C,B,G,7,C,T,2,0,0,0,000000000,00000000000,0,0,0,1,0,0,0,0,0,0,0,998,0,0,0,9,6,2,12,0,0,0,1,26,48911,6,1,0,0,3,0,64,275,0,0,0,0,0,0,0,0,0,0,39,0,0,0,1,2,55,1,1,2,1,20,3,1,14,99,1,1,89,1,0
26,260212,2,2,1,4,5,11,54,12,6,1,0,93,3,87,884,87884,66,2007,1XP7DB9X97D6,1,X,P,7,D,B,9,X,9,7,D,6,1,1,57,000201894,57000201894,3,6,1,1,0,0,0,0,0,0,0,998,0,0,0,12,6,2,12,0,0,0,1,26,49203,6,1,6,0,3,3,72,290,0,0,0,1,0,1,2014,1,2014,0,0,0,0,0,8,2,98,8,8,8,1,0,0,1,66,4,1,1,88,0,0
26,260213,1,2,1,6,5,17,25,54,11,1,0,26,3,23,481,23481,31,2000,1GTHK33J6YF4,1,G,T,H,K,3,3,J,6,Y,F,4,0,0,0,000000000,00000000000,0,0,0,1,0,0,0,0,0,0,0,998,0,0,0,18,2,5,54,0,0,0,1,26,48067,6,1,0,0,3,0,72,210,0,0,0,0,0,0,0,0,0,0,0,0,0,0,3,3,70,1,1,2,1,0,0,1,98,1,1,1,98,0,0
26,260213,2,2,1,6,5,17,25,54,11,1,0,26,1,18,2,18002,4,1998,1G4HR52K0WH5,1,G,4,H,R,5,2,K,0,W,H,5,0,0,0,000000000,00000000000,0,0,0,1,0,0,0,0,0,0,0,998,0,2,5,13,6,2,54,0,0,0,1,26,48462,6,1,0,0,3,0,70,225,1,0,0,0,0,10,2012,10,2012,0,0,0,0,0,3,3,70,1,1,2,1,0,0,1,98,1,1,1,98,1,0
26,260214,1,2,1,9,5,22,3,1,0,1,0,26,1,18,4,18004,4,1996,1G4BT52PXTR4,1,G,4,B,T,5,2,P,X,T,R,4,0,0,0,000000000,00000000000,0,0,0,1,0,0,0,0,0,0,0,998,0,0,0,12,4,3,12,0,0,0,1,26,49126,6,1,0,0,3,0,73,160,0,0,0,0,1,8,2012,8,2012,0,57,0,0,0,1,2,55,4,2,2,1,0,0,14,62,3,1,1,98,0,1
26,260214,2,2,1,9,5,22,3,1,0,1,0,26,2,23,481,23481,31,2004,1GTHK29U34E3,1,G,T,H,K,2,9,U,3,4,E,3,0,0,0,000000000,00000000000,0,0,0,1,0,0,0,0,0,0,0,998,0,9,1,0,6,2,12,0,0,0,1,26,49022,6,1,6,0,3,0,73,240,1,0,0,0,0,8,2011,8,2011,5,0,0,0,0,1,2,55,4,2,2,1,0,0,99,9,99,9,2,98,1,0
26,260215,1,3,3,1,4,17,45,12,6,1,0,26,1,14,6,14006,4,1999,2MEFM75W3XX7,2,M,E,F,M,7,5,W,3,X,X,7,0,0,0,000000000,00000000000,0,0,0,1,0,0,0,0,0,0,0,998,0,0,0,12,6,2,30,0,0,0,1,26,48214,1,1,0,0,2,0,72,200,1,32,1,0,5,4,2011,2,2014,0,39,0,0,0,1,5,30,1,8,8,1,3,3,1,66,99,1,1,86,1,1
26,260215,2,3,1,1,4,17,45,12,6,1,0,26,1,34,709,34709,80,2010,WB1051700AZV,W,B,1,0,5,1,7,0,0,A,Z,V,0,0,0,000000000,00000000000,0,0,0,1,0,0,0,0,0,0,0,998,0,0,0,1,6,2,12,0,0,0,1,26,48224,6,1,0,0,2,3,67,249,0,0,0,0,0,0,0,0,0,0,0,0,0,0,1,3,98,1,8,8,1,3,3,1,17,99,1,1,87,0,0
26,260215,3,3,4,1,4,17,45,12,6,1,0,26,1,20,2,20002,4,2001,2G1WH55K5192,2,G,1,W,H,5,5,K,5,1,9,2,0,0,0,000000000,00000000000,0,0,0,1,0,0,0,0,0,0,0,998,0,0,0,99,2,5,18,0,0,0,1,26,48205,6,1,0,0,3,0,68,175,0,0,0,0,0,0,0,0,0,0,0,0,0,0,1,3,98,1,8,8,1,3,3,1,90,99,1,1,98,0,0
26,260217,1,1,1,11,5,15,24,32,0,1,0,26,1,98,706,98706,80,2008,2BXJAUA108V0,2,B,X,J,A,U,A,1,0,8,V,0,0,0,0,000000000,00000000000,0,0,0,1,0,0,0,0,0,0,0,998,0,0,0,12,6,2,32,0,0,0,1,26,48169,6,1,0,0,3,3,67,195,1,0,0,1,0,4,2012,9,2013,5,0,0,0,0,1,2,55,3,2,2,1,0,0,14,13,99,1,4,1,1,0
26,260218,1,2,1,8,5,13,25,12,6,1,0,26,1,12,35,12035,4,1999,1FAFP6535XK1,1,F,A,F,P,6,5,3,5,X,K,1,0,0,0,000000000,00000000000,0,0,0,1,0,0,0,0,0,0,0,998,0,0,0,9,6,2,12,0,0,0,1,26,49444,6,1,0,0,3,0,69,170,0,0,0,0,0,0,0,0,0,0,27,58,0,0,1,2,55,1,1,2,1,0,0,6,9,6,4,2,64,1,0
26,260218,2,2,2,8,5,13,25,12,6,1,0,26,1,6,441,6441,20,2005,2C4GP54L05R2,2,C,4,G,P,5,4,L,0,5,R,2,0,0,0,000000000,00000000000,0,0,0,1,0,0,0,0,0,0,0,998,0,0,0,12,6,2,12,0,0,0,1,26,49442,6,1,0,0,3,3,67,250,1,0,0,0,0,9,2011,9,2011,0,0,0,0,0,1,2,55,1,1,2,1,0,0,1,62,99,1,1,65,0,0
26,260219,1,2,2,1,5,8,24,12,6,1,0,26,1,7,482,7482,31,2003,3D7KU28D23G7,3,D,7,K,U,2,8,D,2,3,G,7,0,0,0,000000000,00000000000,0,0,0,1,0,0,0,0,0,0,0,998,0,0,0,11,6,2,12,0,0,0,1,26,49112,6,1,6,0,3,0,76,250,0,0,0,0,0,0,0,0,0,0,38,0,0,0,1,2,55,1,1,2,1,20,3,4,17,99,1,1,89,1,0
26,260219,2,2,1,1,5,8,24,12,6,1,0,93,3,84,884,84884,66,2009,3HSCUAPR99N1,3,H,S,C,U,A,P,R,9,9,N,1,1,1,57,000297334,57000297334,3,6,1,1,0,0,0,0,0,0,0,998,0,1,5,12,6,2,12,0,0,0,1,26,49345,6,1,6,0,3,0,67,150,1,0,0,0,0,3,2013,3,2013,0,0,0,0,0,1,2,98,2,8,8,1,0,0,14,66,99,1,1,88,0,0
26,260220,1,2,3,3,5,16,20,12,6,1,0,26,2,23,401,23401,14,1997,1GKDT13W2V25,1,G,K,D,T,1,3,W,2,V,2,5,0,0,0,000000000,00000000000,0,0,0,1,0,0,0,0,0,0,0,998,0,0,0,3,6,2,12,0,0,0,1,26,49509,6,1,0,0,3,0,67,210,0,0,0,0,0,0,0,0,0,0,38,0,0,0,1,3,55,1,2,2,1,20,3,1,17,99,1,1,87,2,0
26,260220,2,2,1,3,5,16,20,12,6,1,0,26,1,12,471,12471,30,2005,1FTYR10D85PB,1,F,T,Y,R,1,0,D,8,5,P,B,0,0,0,000000000,00000000000,0,0,0,1,0,0,0,0,0,0,0,998,0,0,0,12,6,2,12,0,0,0,1,26,49319,6,1,0,0,3,0,72,170,0,0,0,0,0,0,0,0,0,0,0,0,0,0,1,3,55,1,2,2,1,0,0,1,66,99,1,1,86,0,0
26,260221,1,2,1,18,5,8,26,44,0,1,0,26,1,53,706,53706,80,2006,JS1VY53A7621,J,S,1,V,Y,5,3,A,7,6,2,1,0,0,0,000000000,00000000000,0,0,0,1,0,0,0,0,0,0,0,998,0,0,0,0,2,3,12,0,0,0,1,26,49504,6,1,0,0,3,3,72,330,0,0,0,0,0,0,0,0,0,0,82,0,0,0,1,2,55,1,3,2,1,0,0,1,5,1,9,2,0,1,0
26,260221,2,2,1,18,5,8,26,44,0,1,0,26,1,76,706,76706,80,2005,JYAVP11E05A0,J,Y,A,V,P,1,1,E,0,5,A,0,0,0,0,000000000,00000000000,0,0,0,1,0,0,0,0,0,0,0,998,0,0,0,0,0,5,12,0,0,0,1,26,49504,6,1,0,0,3,0,68,195,0,1,0,0,0,6,2012,6,2012,0,82,0,0,0,1,2,55,1,3,2,1,0,0,1,5,1,9,2,98,0,0
26,260222,1,2,1,20,5,19,31,12,2,1,0,26,1,24,2,24002,2,2002,1G8ZY12782Z2,1,G,8,Z,Y,1,2,7,8,2,Z,2,0,0,0,000000000,00000000000,0,0,0,1,0,0,0,0,0,0,0,998,0,0,0,12,6,2,12,0,0,0,1,26,48097,6,1,0,0,3,0,71,165,1,0,0,1,0,4,2012,5,2012,0,28,0,0,0,1,2,45,2,2,2,1,0,0,14,10,99,1,2,50,1,0
26,260222,2,2,2,20,5,19,31,12,2,1,0,26,1,13,14,13014,6,2009,2LMDU68C69BJ,2,L,M,D,U,6,8,C,6,9,B,J,0,0,0,000000000,00000000000,0,0,0,1,0,0,0,0,0,0,0,998,0,1,5,12,6,2,12,0,0,0,1,26,48074,6,1,0,0,3,0,65,120,0,0,0,0,0,0,0,0,0,0,0,0,0,0,1,2,45,3,2,2,1,0,0,14,62,99,1,1,51,0,0
26,260223,1,2,1,4,5,20,56,12,2,1,0,26,1,12,481,12481,31,2013,1FTFW1ET8DFD,1,F,T,F,W,1,E,T,8,D,F,D,0,0,0,000000000,00000000000,0,0,0,1,0,0,0,0,0,0,0,998,0,0,0,12,6,2,12,0,0,0,1,26,48130,6,1,0,0,3,0,69,195,0,0,0,0,0,0,0,0,0,0,6,28,36,0,1,2,55,1,8,8,1,0,0,1,10,1,1,2,50,0,1
26,260223,2,2,1,4,5,20,56,12,2,1,0,26,2,12,23,12023,4,2007,3FAHP08147R1,3,F,A,H,P,0,8,1,4,7,R,1,0,0,0,000000000,00000000000,0,0,0,1,0,0,0,0,0,0,0,998,0,0,0,12,6,2,12,0,0,0,1,26,48176,6,1,0,0,3,0,64,115,0,2,1,0,0,5,2011,7,2011,0,0,0,0,0,1,2,55,1,8,8,1,0,0,1,62,99,1,1,51,1,0
26,260224,1,1,1,21,5,14,30,24,0,1,0,26,3,98,884,98884,66,2002,2FWJA3AS02AK,2,F,W,J,A,3,A,S,0,2,A,K,1,3,57,000818111,57000818111,3,6,1,1,0,0,0,0,0,0,0,998,0,1,5,11,6,2,1,0,0,0,1,26,49426,6,1,6,0,3,0,78,325,0,0,0,1,1,3,2013,1,2014,4,0,0,0,0,1,2,55,2,1,2,1,0,0,1,6,99,1,4,6,1,0
26,260225,1,1,1,6,5,22,14,1,0,1,0,26,2,20,39,20039,4,2005,KL1TD62605B4,K,L,1,T,D,6,2,6,0,5,B,4,0,0,0,000000000,00000000000,0,0,0,1,0,0,0,0,0,0,0,998,0,2,5,0,6,2,1,0,0,0,1,26,49076,6,1,0,0,3,0,70,170,0,1,0,1,1,12,2011,2,2013,3,0,0,0,0,1,2,55,1,2,2,1,0,0,1,6,99,4,4,7,1,1
26,260226,1,1,1,11,5,11,47,1,0,1,0,26,0,98,739,98739,90,2001,4XAAG25C1124,4,X,A,A,G,2,5,C,1,1,2,4,0,0,0,000000000,00000000000,0,0,0,1,0,0,0,0,0,0,0,998,0,2,5,0,2,3,1,0,0,0,1,26,48117,6,1,0,0,3,3,62,155,0,0,0,0,0,0,0,0,0,3,0,0,0,0,1,2,55,1,2,4,1,0,0,1,6,99,4,4,7,1,0
26,260227,1,1,1,13,5,13,11,33,0,1,0,26,1,20,481,20481,31,2001,1GCEK19T71E2,1,G,C,E,K,1,9,T,7,1,E,2,0,0,0,000000000,00000000000,0,0,0,1,0,0,0,0,0,0,0,998,0,0,0,1,6,2,14,0,0,0,1,26,49546,3,1,0,0,2,0,71,160,2,0,0,0,2,1,2013,5,2013,0,99,99,99,99,1,4,45,1,1,2,2,0,0,1,13,99,1,4,1,1,0
26,260228,1,2,2,3,5,12,39,12,6,1,0,26,1,55,35,55035,4,2006,KMHDN46D66U3,K,M,H,D,N,4,6,D,6,6,U,3,0,0,0,000000000,00000000000,0,0,0,1,0,0,0,0,0,0,0,998,0,0,0,3,6,2,12,0,0,0,1,26,48322,6,1,0,0,3,3,64,190,0,0,0,0,0,0,0,0,0,0,38,0,0,0,1,5,45,1,1,2,1,3,3,11,15,99,1,1,68,1,0
26,260228,2,2,1,3,5,12,39,12,6,1,0,26,1,18,22,18022,4,2010,1G4GC5EG5AF2,1,G,4,G,C,5,E,G,5,A,F,2,0,0,0,000000000,00000000000,0,0,0,1,0,0,0,0,0,0,0,998,0,0,0,12,6,2,12,0,0,0,1,26,48323,6,1,0,0,3,0,62,123,1,0,0,0,0,7,2011,7,2011,0,0,0,0,0,1,5,45,1,1,2,1,3,3,1,62,99,1,1,69,0,0
26,260229,1,2,1,17,5,7,30,12,2,1,0,26,3,30,40,30040,4,2001,3VWSP69M51M2,3,V,W,S,P,6,9,M,5,1,M,2,0,0,0,000000000,00000000000,0,0,0,1,0,0,0,0,0,0,0,998,0,0,0,12,6,2,12,0,0,0,1,26,49331,6,1,0,0,3,0,71,158,0,0,0,0,0,0,0,0,0,0,28,0,0,0,1,2,55,1,8,2,1,0,0,1,10,99,1,2,50,1,0
26,260229,2,2,1,17,5,7,30,12,2,1,0,26,1,12,401,12401,14,2003,1FMZU77E23UA,1,F,M,Z,U,7,7,E,2,3,U,A,0,0,0,000000000,00000000000,0,0,0,1,0,0,0,0,0,0,0,998,0,0,0,12,6,2,12,0,0,0,1,26,48884,6,1,0,0,3,3,70,150,0,0,0,0,0,0,0,0,0,0,0,0,0,0,1,2,55,1,8,2,1,0,0,1,62,6,1,1,51,0,0
26,260230,1,1,1,18,5,19,48,42,0,1,0,26,1,59,35,59035,4,2002,JTHBD192X200,J,T,H,B,D,1,9,2,X,2,0,0,0,0,0,000000000,00000000000,0,0,0,1,0,0,0,0,0,0,0,998,0,1,5,12,6,2,42,0,0,0,1,26,49093,6,1,0,0,3,0,74,145,0,0,0,1,0,4,2013,4,2013,0,99,99,99,99,1,2,55,1,8,8,1,0,0,1,12,99,1,4,6,1,0
26,260231,1,2,1,23,5,11,38,12,6,1,0,26,2,22,22,22022,4,2006,1G2ZM5512641,1,G,2,Z,M,5,5,1,2,6,4,1,0,0,0,000000000,00000000000,0,0,0,1,0,0,0,0,0,0,0,998,0,0,0,3,6,2,12,0,0,0,1,26,48035,6,1,0,0,3,3,62,148,0,0,0,0,0,0,0,0,0,0,38,0,0,0,2,4,45,1,1,2,1,20,3,11,15,1,1,2,76,0,0
26,260231,2,2,1,23,5,11,38,12,6,1,0,26,1,37,706,37706,80,2008,JH2SC59058M0,J,H,2,S,C,5,9,0,5,8,M,0,0,0,0,000000000,00000000000,0,0,0,1,0,0,0,0,0,0,0,998,0,0,0,12,6,2,12,0,0,0,1,26,48048,6,1,0,0,3,3,71,245,0,0,0,0,0,0,0,0,0,0,99,99,99,99,2,4,45,1,1,2,1,0,0,1,65,99,1,1,77,1,0
26,260232,1,1,1,21,5,4,43,42,0,1,0,26,1,20,20,20020,4,1998,2G1WL52M0W92,2,G,1,W,L,5,2,M,0,W,9,2,0,0,0,000000000,00000000000,0,0,0,1,0,0,0,0,0,0,0,998,0,0,0,12,6,2,42,0,0,0,1,26,49341,6,1,0,0,3,3,69,155,0,0,0,0,0,0,0,0,0,0,27,0,0,0,1,2,55,1,8,8,2,0,0,1,13,99,1,4,1,1,0
26,260233,1,2,1,18,5,14,6,12,7,1,0,26,1,20,444,20444,20,2006,1GNDU23L86D1,1,G,N,D,U,2,3,L,8,6,D,1,0,0,0,000000000,00000000000,0,0,0,1,0,0,0,0,0,0,0,998,0,0,0,1,6,2,12,0,0,0,1,26,48449,6,1,0,0,3,0,70,205,0,0,0,0,0,0,0,0,0,0,99,99,99,99,1,2,55,1,1,2,1,0,0,1,13,99,1,4,98,0,0
26,260233,2,2,1,18,5,14,6,12,7,1,0,0,0,98,998,98998,97,1997,999999999999,9,9,9,9,9,9,9,9,9,9,9,9,0,0,0,000000000,00000000000,0,0,0,1,0,0,0,0,0,0,0,998,0,0,0,7,6,2,12,0,0,0,1,26,48449,6,1,0,0,1,0,69,235,1,0,0,0,0,6,2011,6,2011,0,99,99,99,99,1,2,55,1,1,2,1,0,0,98,98,99,1,5,98,1,0
26,260234,1,1,1,18,5,13,57,33,0,1,0,26,2,76,709,76709,80,1998,JYA3AWE00WA0,J,Y,A,3,A,W,E,0,0,W,A,0,0,0,0,000000000,00000000000,0,0,0,1,0,0,0,0,0,0,0,998,0,0,0,12,6,2,1,0,0,0,1,26,48430,6,1,0,0,3,0,66,125,1,0,0,0,0,9,2011,9,2011,0,99,99,99,99,1,2,25,2,3,2,1,0,0,14,13,99,1,4,1,1,0
26,260235,1,2,1,23,5,18,23,12,6,1,0,26,1,7,25,7025,5,2007,1B3HB48B67D3,1,B,3,H,B,4,8,B,6,7,D,3,0,0,0,000000000,00000000000,0,0,0,1,0,0,0,0,0,0,0,998,0,1,5,12,6,2,12,0,0,0,1,26,48725,6,1,0,0,3,3,67,160,1,0,0,0,0,2,2012,2,2012,0,39,0,0,0,1,2,55,1,8,2,1,20,3,1,17,99,1,1,88,0,1
26,260235,2,2,3,23,5,18,23,12,6,1,0,26,1,6,441,6441,20,2012,2C4RC1GG4CR2,2,C,4,R,C,1,G,G,4,C,R,2,0,0,0,000000000,00000000000,0,0,0,1,0,0,0,0,0,0,0,998,0,0,0,11,6,2,12,0,0,0,1,26,48093,6,1,0,0,3,3,70,250,1,0,0,0,0,4,2012,4,2012,0,0,0,0,0,1,2,55,1,8,2,1,0,0,1,66,99,1,1,89,1,0
26,260236,1,2,1,24,5,14,34,12,2,1,0,26,1,22,441,22441,20,1999,1GMDU03E3XD3,1,G,M,D,U,0,3,E,3,X,D,3,0,0,0,000000000,00000000000,0,0,0,1,0,0,0,0,0,0,0,998,0,0,0,12,4,3,12,0,0,0,1,26,48006,6,1,0,0,3,3,66,120,0,0,0,0,0,0,0,0,0,0,38,0,0,0,1,4,55,1,1,1,1,0,0,11,15,1,1,1,68,0,1