STATE,ST_CASE,VEH_NO,VE_FORMS,NUMOCCS,DAY,MONTH,HOUR,MINUTE,HARM_EV,MAN_COLL,UNITTYPE,HIT_RUN,REG_STAT,OWNER,MAKE,MODEL,MAK_MOD,BODY_TYP,MOD_YEAR,VIN,VIN_1,VIN_2,VIN_3,VIN_4,VIN_5,VIN_6,VIN_7,VIN_8,VIN_9,VIN_10,VIN_11,VIN_12,TOW_VEH,J_KNIFE,MCARR_I1,MCARR_I2,MCARR_ID,GVWR,V_CONFIG,CARGO_BT,HAZ_INV,HAZ_PLAC,HAZ_ID,HAZ_CNO,HAZ_REL,BUS_USE,SPEC_USE,EMER_USE,TRAV_SP,UNDERIDE,ROLLOVER,ROLINLOC,IMPACT1,DEFORMED,TOWED,M_HARM,VEH_SC1,VEH_SC2,FIRE_EXP,DR_PRES,L_STATE,DR_ZIP,L_STATUS,L_TYPE,CDL_STAT,L_ENDORS,L_COMPL,L_RESTRI,DR_HGT,DR_WGT,PREV_ACC,PREV_SUS,PREV_DWI,PREV_SPD,PREV_OTH,FIRST_MO,FIRST_YR,LAST_MO,LAST_YR,SPEEDREL,DR_SF1,DR_SF2,DR_SF3,DR_SF4,VTRAFWAY,VNUM_LAN,VSPD_LIM,VALIGN,VPROFILE,VPAVETYP,VSURCOND,VTRAFCON,VTCONT_F,P_CRASH1,P_CRASH2,P_CRASH3,PCRASH4,PCRASH5,ACC_TYPE,DEATHS,DR_DRINK
26,260236,2,2,1,24,5,14,34,12,2,1,0,26,2,76,706,76706,80,2014,JYARN33EXEA0,J,Y,A,R,N,3,3,E,X,E,A,0,0,0,0,000000000,00000000000,0,0,0,1,0,0,0,0,0,0,0,998,0,0,0,12,6,2,12,0,0,0,1,26,48195,6,1,6,0,3,0,75,295,2,1,0,0,2,3,2013,9,2013,0,0,0,0,0,1,4,55,1,1,1,1,0,0,1,62,99,1,1,69,1,1
26,260237,1,2,2,24,5,14,31,12,6,1,0,26,9,72,706,72706,80,2002,1HD1GEV182K4,1,H,D,1,G,E,V,1,8,2,K,4,0,0,0,000000000,00000000000,0,0,0,1,0,0,0,0,0,0,0,998,0,0,0,12,6,2,12,0,0,0,1,26,49098,6,1,0,0,3,0,70,200,0,0,0,0,0,0,0,0,0,0,0,0,0,0,1,3,55,1,1,2,1,0,0,1,66,4,1,1,86,1,0
26,260237,2,2,1,24,5,14,31,12,6,1,0,26,9,20,421,20421,15,1994,1GNDT13W5R01,1,G,N,D,T,1,3,W,5,R,0,1,0,0,0,000000000,00000000000,0,0,0,1,0,0,0,0,0,0,0,998,0,0,0,3,6,2,12,0,0,0,1,26,49043,6,1,0,0,3,0,63,180,0,0,0,0,0,0,0,0,0,0,38,0,0,0,1,2,98,1,8,8,1,20,3,4,17,99,1,1,87,0,0
26,260238,1,2,1,26,5,15,15,12,6,1,0,26,1,23,481,23481,31,2003,1GTHK29103E1,1,G,T,H,K,2,9,1,0,3,E,1,0,0,0,000000000,00000000000,0,0,0,1,0,0,0,0,0,0,0,998,0,0,0,12,6,2,12,0,0,0,1,26,49201,6,1,0,0,3,0,68,129,0,0,0,0,0,0,0,0,0,0,39,0,0,0,1,2,55,1,1,2,1,20,3,1,17,4,1,1,88,0,1
26,260238,2,2,1,26,5,15,15,12,6,1,0,26,1,13,1,13001,4,2005,1LNHM82W25Y6,1,L,N,H,M,8,2,W,2,5,Y,6,0,0,0,000000000,00000000000,0,0,0,1,0,0,0,0,0,0,0,998,0,1,5,9,6,8,12,0,0,0,1,26,49259,6,1,0,0,3,0,62,127,1,0,0,0,0,5,2012,5,2012,0,0,0,0,0,1,2,98,8,8,8,1,0,0,1,66,99,1,1,89,1,0
26,260239,1,1,1,26,5,9,44,9,0,1,1,26,1,12,401,12401,14,1998,1FMZU34E9WUD,1,F,M,Z,U,3,4,E,9,W,U,D,0,0,0,000000000,00000000000,0,0,0,1,0,0,0,0,0,0,0,998,0,0,0,1,6,2,9,0,0,0,1,26,48074,6,1,0,0,3,0,69,160,0,0,0,0,0,0,0,0,0,0,99,99,99,99,1,2,45,1,1,2,1,0,0,1,83,99,1,1,13,0,0
26,260240,1,2,1,26,5,14,35,12,2,1,0,26,2,20,2,20002,4,2011,2G1WB5EK6B12,2,G,1,W,B,5,E,K,6,B,1,2,0,0,0,000000000,00000000000,0,0,0,1,0,0,0,0,0,0,0,998,0,0,0,12,6,2,12,0,0,0,1,26,48897,6,1,0,0,3,3,72,172,1,2,0,1,1,6,2012,10,2013,0,28,0,0,0,1,2,55,1,2,2,1,0,0,1,10,1,1,2,50,1,0
26,260240,2,2,1,26,5,14,35,12,2,1,0,26,1,12,17,12017,4,2005,1FAFP53275A1,1,F,A,F,P,5,3,2,7,5,A,1,0,0,0,000000000,00000000000,0,0,0,1,0,0,0,0,0,0,0,998,0,0,0,12,6,2,12,0,0,0,1,26,49058,6,1,0,0,3,3,62,128,0,0,0,0,0,0,0,0,0,0,0,0,0,0,1,2,55,1,2,2,1,0,0,1,62,3,1,1,51,1,0
26,260241,1,1,1,26,5,16,55,1,0,1,0,26,1,12,471,12471,30,2001,1FTZR15E61TA,1,F,T,Z,R,1,5,E,6,1,T,A,0,0,0,000000000,00000000000,0,0,0,1,0,0,0,0,0,0,0,998,0,2,5,0,6,2,1,0,0,0,1,26,49799,6,1,0,0,3,0,62,119,1,0,1,0,0,7,2013,7,2013,4,0,0,0,0,1,2,55,1,8,4,1,0,0,1,6,99,4,4,7,1,1
26,260242,1,1,2,23,5,16,55,1,0,1,0,26,1,72,706,72706,80,2001,1HD1FCW161Y6,1,H,D,1,F,C,W,1,6,1,Y,6,0,0,0,000000000,00000000000,0,0,0,1,0,0,0,0,0,0,0,998,0,0,0,0,6,2,1,0,0,0,1,26,49868,1,1,1,0,2,0,69,170,1,4,0,0,1,10,2011,5,2014,0,26,0,0,0,3,3,70,1,1,2,1,0,0,1,9,2,7,1,98,1,0
26,260243,1,2,1,24,5,12,18,12,2,1,0,26,1,76,705,76705,80,2009,JYAVM01EX9A1,J,Y,A,V,M,0,1,E,X,9,A,1,0,0,0,000000000,00000000000,0,0,0,1,0,0,0,0,0,0,0,998,0,0,0,12,6,2,12,0,0,0,1,26,48092,6,1,6,0,3,3,69,170,1,0,0,0,1,9,2012,9,2012,0,0,0,0,0,1,2,55,1,3,2,1,0,0,1,17,99,1,1,69,1,0
26,260243,2,2,2,24,5,12,18,12,2,1,0,26,1,7,482,7482,31,2014,1C6RR7KT6ES2,1,C,6,R,R,7,K,T,6,E,S,2,0,0,0,000000000,00000000000,0,0,0,1,0,0,0,0,0,0,0,998,0,0,0,12,6,2,12,0,0,0,1,26,48047,6,1,0,0,3,0,69,210,0,0,0,0,0,0,0,0,0,0,38,0,0,0,1,2,55,1,3,2,1,0,0,11,15,1,1,2,68,0,0
26,260244,1,2,1,24,5,15,40,11,0,1,0,26,1,72,706,72706,80,1997,1HD1FCR12VY6,1,H,D,1,F,C,R,1,2,V,Y,6,0,0,0,000000000,00000000000,0,0,0,1,0,0,0,0,0,0,0,998,0,0,0,1,6,2,11,0,0,0,1,26,49307,6,1,0,0,3,0,67,213,4,0,0,0,0,10,2011,10,2013,0,0,0,0,0,1,2,55,1,1,2,1,0,0,1,87,99,9,9,13,1,0
26,260244,2,2,1,24,5,15,40,11,0,1,0,26,1,72,706,72706,80,2009,1HD1BW5189Y0,1,H,D,1,B,W,5,1,8,9,Y,0,0,0,0,000000000,00000000000,0,0,0,1,0,0,0,0,0,0,0,998,0,0,0,0,6,2,1,0,0,0,1,26,49307,6,1,0,0,3,0,66,220,0,0,0,0,0,0,0,0,0,0,83,0,0,0,1,2,55,1,1,2,1,0,0,1,9,6,9,4,98,0,0
26,260245,1,1,1,24,5,4,50,42,0,1,0,26,2,7,26,7026,4,2008,1B3LC46K48N6,1,B,3,L,C,4,6,K,4,8,N,6,0,0,0,000000000,00000000000,0,0,0,1,0,0,0,0,0,0,0,998,0,0,0,9,6,2,42,0,0,1,1,26,49047,2,1,0,0,2,0,69,185,0,11,2,0,2,11,2011,5,2014,3,58,0,0,0,1,2,55,1,8,8,1,0,0,1,6,1,3,4,2,1,1
26,260246,1,2,3,21,5,13,35,12,6,1,0,26,2,20,2,20002,4,2006,2G1WD58C6692,2,G,1,W,D,5,8,C,6,6,9,2,0,0,0,000000000,00000000000,0,0,0,1,0,0,0,0,0,0,0,998,0,0,0,9,6,2,12,0,0,0,1,26,48224,0,0,0,0,0,0,999,999,0,3,0,0,1,7,2013,12,2013,3,36,37,0,0,1,4,30,1,8,8,1,20,3,1,17,99,1,1,89,1,0
26,260246,2,2,1,21,5,13,35,12,6,1,0,26,1,19,5,19005,2,1999,1G6ET1297XU6,1,G,6,E,T,1,2,9,7,X,U,6,0,0,0,000000000,00000000000,0,0,0,1,0,0,0,0,0,0,0,998,0,0,0,12,6,2,12,0,0,0,1,26,48211,6,1,0,0,3,0,71,210,0,0,0,0,0,0,0,0,0,0,0,0,0,0,4,4,98,1,8,8,1,0,0,1,66,99,1,1,88,0,0
26,260247,1,2,3,17,5,22,5,12,6,1,0,26,2,37,32,37032,4,1999,1HGCG564XXA0,1,H,G,C,G,5,6,4,X,X,A,0,0,0,0,000000000,00000000000,0,0,0,1,0,0,0,0,0,0,0,998,0,0,0,9,6,2,42,0,0,0,1,26,48214,6,1,0,0,3,0,76,165,0,0,0,0,0,0,0,0,0,0,38,0,0,0,1,2,25,1,8,8,1,21,3,1,17,99,1,2,89,1,0
26,260247,2,2,1,17,5,22,5,12,6,1,0,26,1,20,2,20002,4,2003,2G1WH52K4394,2,G,1,W,H,5,2,K,4,3,9,4,0,0,0,000000000,00000000000,0,0,0,1,0,0,0,0,0,0,0,998,0,0,0,12,4,5,12,0,0,0,1,26,48239,6,1,0,0,3,3,69,145,0,0,0,0,0,0,0,0,0,0,0,0,0,0,1,2,98,8,8,8,1,0,0,1,66,99,1,1,88,0,0
26,260248,1,1,1,25,5,5,4,8,0,1,1,26,2,21,21,21021,4,1999,1G3NL52E1XC4,1,G,3,N,L,5,2,E,1,X,C,4,0,0,0,000000000,00000000000,0,0,0,1,0,0,0,0,0,0,0,998,0,0,0,1,4,5,8,0,0,0,1,26,48085,6,1,0,0,3,0,68,200,0,0,0,0,0,0,0,0,0,0,0,0,0,0,3,4,70,1,1,2,1,0,0,1,80,99,1,1,13,0,1
26,260249,1,1,1,27,5,7,50,42,0,1,0,95,3,51,884,51884,66,2007,4V4NC9TG67N4,4,V,4,N,C,9,T,G,6,7,N,4,1,1,57,001356302,57001356302,3,6,1,1,0,0,0,0,0,0,0,998,0,0,0,12,6,2,2,0,0,1,1,95,99999,9,9,99,9,9,9,999,999,99,99,99,99,99,99,9999,99,9999,0,26,0,0,0,3,2,70,1,1,2,1,0,0,1,13,7,1,4,1,1,0
26,260250,1,1,2,26,5,17,37,34,0,1,0,26,2,7,481,7481,31,1993,1B7KM26CXPS1,1,B,7,K,M,2,6,C,X,P,S,1,1,1,0,000000000,00000000000,0,0,0,1,0,0,0,0,0,0,0,998,0,1,5,99,6,2,34,0,0,0,1,26,49038,6,1,0,0,3,3,67,150,0,0,0,0,0,0,0,0,0,0,57,0,0,0,1,2,55,1,1,2,1,0,0,1,4,3,2,4,7,1,0
26,260251,1,1,1,25,5,2,58,53,0,1,0,26,1,72,706,72706,80,2014,1HD1JRV11EB0,1,H,D,1,J,R,V,1,1,E,B,0,0,0,0,000000000,00000000000,0,0,0,1,0,0,0,0,0,0,0,998,0,0,0,12,4,3,34,0,0,0,1,26,48169,6,1,0,0,3,0,66,230,0,0,0,0,0,0,0,0,0,9,99,99,99,99,1,2,55,3,2,2,1,0,0,14,13,99,1,4,1,1,0
26,260252,1,1,1,22,5,23,10,9,0,1,1,26,2,20,402,20402,14,1990,2CNBJ18U6L62,2,C,N,B,J,1,8,U,6,L,6,2,0,0,0,000000000,00000000000,0,0,0,1,0,0,0,0,0,0,0,998,0,0,0,1,6,2,9,0,0,0,1,26,48063,6,1,0,0,3,0,74,210,0,0,0,0,0,0,0,0,0,0,6,36,0,0,1,2,50,1,8,8,1,0,0,1,83,99,1,1,13,0,1
26,260253,1,1,2,28,5,20,31,53,0,1,0,26,1,20,421,20421,15,1997,1GNDT13W6V22,1,G,N,D,T,1,3,W,6,V,2,2,0,0,0,000000000,00000000000,0,0,0,1,0,0,0,0,0,0,0,998,0,1,6,11,6,2,42,0,0,0,1,26,49338,1,1,0,0,2,0,66,145,1,2,1,0,0,10,2011,12,2013,0,6,36,0,0,1,2,55,1,1,4,1,0,0,1,9,99,3,4,2,1,1
26,260254,1,1,99,19,5,4,28,8,0,1,1,99,9,99,399,99399,9,9999,999999999999,9,9,9,9,9,9,9,9,9,9,9,9,9,0,0,000000000,00000000000,0,0,0,1,0,0,0,0,0,0,0,998,0,0,0,99,9,5,8,0,0,0,1,99,99999,9,9,99,9,9,9,999,999,99,99,99,99,99,99,9999,99,9999,0,99,99,99,99,3,3,70,1,8,8,1,0,0,99,82,99,9,9,13,0,0
26,260255,1,1,1,28,5,8,43,35,0,1,0,26,2,20,19,20019,2,1996,1G1LW15M5TY1,1,G,1,L,W,1,5,M,5,T,Y,1,0,0,0,000000000,00000000000,0,0,0,1,0,0,0,0,0,0,0,998,0,1,5,1,6,2,1,0,0,0,1,26,49302,6,1,0,0,3,0,66,148,1,6,0,0,0,10,2012,5,2014,0,99,99,99,99,1,2,55,1,2,2,1,0,0,1,13,99,1,4,1,1,0
26,260256,1,1,99,27,5,23,50,8,0,1,1,99,9,99,399,99399,9,9999,999999999999,9,9,9,9,9,9,9,9,9,9,9,9,9,0,0,000000000,00000000000,0,0,0,1,0,0,0,0,0,0,0,998,0,0,0,99,4,5,8,0,0,0,1,99,99999,9,9,99,9,9,9,999,999,99,99,99,99,99,99,9999,99,9999,0,0,0,0,0,1,6,30,1,8,8,2,0,0,1,82,99,9,9,13,0,0
26,260257,1,1,1,30,5,17,30,9,0,1,0,26,2,20,444,20444,20,2007,1GNDU23137D1,1,G,N,D,U,2,3,1,3,7,D,1,0,0,0,000000000,00000000000,0,0,0,1,0,0,0,0,0,0,0,998,0,0,0,99,6,2,9,0,0,0,1,26,48748,6,1,0,0,3,0,61,190,0,0,0,0,0,0,0,0,0,0,99,99,99,99,1,2,55,1,1,2,1,0,0,1,83,6,1,2,13,0,0
26,260258,1,1,2,24,5,1,30,8,0,1,0,26,2,12,35,12035,4,1999,1FAFP663XXK1,1,F,A,F,P,6,6,3,X,X,K,1,0,0,0,000000000,00000000000,0,0,0,1,0,0,0,0,0,0,0,998,0,0,0,12,4,3,8,0,0,0,1,26,48240,6,1,0,0,3,0,63,140,1,3,0,1,1,6,2013,12,2013,0,0,0,0,0,1,2,35,1,8,8,1,0,0,1,80,99,1,1,13,0,0
26,260259,1,2,1,28,5,22,40,12,7,1,0,26,1,20,421,20421,15,2000,1GNDT13W3Y21,1,G,N,D,T,1,3,W,3,Y,2,1,0,0,0,000000000,00000000000,0,0,0,1,0,0,0,0,0,0,0,998,0,0,0,11,2,3,12,0,0,0,1,26,49090,6,1,0,0,3,0,72,160,0,0,0,0,0,0,0,0,0,0,6,36,0,0,1,2,55,1,8,8,1,0,0,1,99,99,9,3,49,0,1
26,260259,2,2,2,28,5,22,40,12,7,1,0,26,2,7,482,7482,31,1995,1B7HF16Y2SS2,1,B,7,H,F,1,6,Y,2,S,S,2,0,0,0,000000000,00000000000,0,0,0,1,0,0,0,0,0,0,0,998,0,1,1,5,6,2,1,0,0,0,1,26,49090,6,1,0,0,3,0,75,245,0,0,0,2,1,9,2011,1,2012,0,0,0,0,0,1,2,55,1,8,8,1,0,0,1,99,99,1,3,49,1,1
26,260260,1,1,99,13,5,4,8,15,0,1,1,99,9,99,884,99884,66,9999,999999999999,9,9,9,9,9,9,9,9,9,9,9,9,1,1,99,999999999,99999999999,3,99,99,1,0,0,0,0,0,0,0,998,0,0,0,99,9,5,15,0,0,0,1,99,99999,9,9,99,9,9,9,999,999,99,99,99,99,99,99,9999,99,9999,0,99,99,99,99,2,2,98,1,8,8,2,3,3,11,80,99,1,1,13,0,0
26,260261,1,2,1,3,5,2,15,12,6,1,0,26,2,21,22,21022,4,2002,1G3GS64CX241,1,G,3,G,S,6,4,C,X,2,4,1,0,0,0,000000000,00000000000,0,0,0,1,0,0,0,0,0,0,0,998,0,0,0,3,6,8,12,0,0,0,1,26,48202,1,1,0,0,2,0,66,150,0,5,0,1,0,1,2012,7,2013,0,0,0,0,0,1,2,35,1,8,8,2,0,0,12,62,99,1,2,98,1,1
26,260261,2,2,2,3,5,2,15,12,6,1,0,26,2,12,401,12401,14,2003,1FMZU73K73UC,1,F,M,Z,U,7,3,K,7,3,U,C,0,0,0,000000000,00000000000,0,0,0,1,0,0,0,0,0,0,0,998,0,0,0,12,6,8,12,0,0,0,1,26,48203,0,0,0,0,0,0,69,190,0,20,0,0,4,6,2011,10,2013,0,51,0,0,0,1,2,35,1,8,8,2,0,0,1,12,99,1,2,98,1,0
26,260262,1,1,1,19,5,16,23,8,0,1,1,26,4,7,24,7024,4,2013,2C3CDXDT0DH5,2,C,3,C,D,X,D,T,0,D,H,5,0,0,0,000000000,00000000000,0,0,0,1,0,0,0,0,0,0,0,999,0,0,0,12,0,5,8,0,0,0,1,26,48227,6,1,0,0,3,0,68,132,0,4,0,0,0,6,2011,9,2012,0,39,0,0,0,1,2,25,1,8,8,1,20,3,1,80,99,1,1,13,0,0
26,260263,1,1,1,20,5,20,40,8,0,1,0,26,1,53,706,53706,80,2006,JS1GT76A0621,J,S,1,G,T,7,6,A,0,6,2,1,0,0,0,000000000,00000000000,0,0,0,1,0,0,0,0,0,0,0,998,0,0,0,12,4,3,8,0,0,0,1,26,48210,6,1,0,0,3,0,64,145,0,0,0,0,0,0,0,0,0,5,0,0,0,0,1,2,25,1,8,8,1,0,0,1,80,99,1,1,13,0,0
26,260264,1,1,1,28,5,8,56,1,0,1,0,47,2,2,403,2403,14,1998,1J4GZ78Y5WC2,1,J,4,G,Z,7,8,Y,5,W,C,2,0,0,0,000000000,00000000000,0,0,0,1,0,0,0,0,0,0,0,998,0,2,5,0,6,2,42,0,0,0,1,26,48624,6,1,0,0,3,0,67,195,0,0,0,0,0,0,0,0,0,5,0,0,0,0,1,2,55,3,2,2,1,0,0,14,6,6,3,4,2,1,0
26,260265,1,2,1,30,5,10,28,12,6,1,0,26,1,18,4,18004,4,1992,1G4BN5372NR4,1,G,4,B,N,5,3,7,2,N,R,4,0,0,0,000000000,00000000000,0,0,0,1,0,0,0,0,0,0,0,998,0,0,0,12,6,2,12,0,0,0,1,26,49266,6,1,0,0,3,3,63,150,0,0,0,0,0,0,0,0,0,0,39,0,0,0,1,2,55,1,1,2,1,20,3,1,17,99,1,1,88,0,0
26,260265,2,2,1,30,5,10,28,12,6,1,0,26,2,20,471,20471,30,1998,1GCCS1444WK2,1,G,C,C,S,1,4,4,4,W,K,2,0,0,0,000000000,00000000000,0,0,0,1,0,0,0,0,0,0,0,998,0,1,5,9,6,2,12,0,0,0,1,26,49274,6,1,0,0,3,0,70,310,0,0,0,0,0,0,0,0,0,0,0,0,0,0,1,2,98,1,8,8,1,0,0,1,66,99,1,1,89,1,0
26,260266,1,1,2,31,5,17,50,38,0,1,0,26,1,20,404,20404,14,2010,2CNFLGEY2A62,2,C,N,F,L,G,E,Y,2,A,6,2,0,0,0,000000000,00000000000,0,0,0,1,0,0,0,0,0,0,0,998,0,0,0,99,6,2,42,0,0,0,1,26,48189,6,1,0,0,3,0,68,180,0,0,0,0,0,0,0,0,0,9,99,99,99,99,1,2,55,1,1,1,1,0,0,1,13,99,1,4,1,1,1
26,260267,1,1,1,26,5,17,40,1,0,1,0,26,1,72,706,72706,80,2001,1HD1FDV161Y6,1,H,D,1,F,D,V,1,6,1,Y,6,0,0,0,000000000,00000000000,0,0,0,1,0,0,0,0,0,0,0,998,0,0,0,0,4,3,1,0,0,0,1,26,48205,6,1,6,0,3,3,72,240,0,0,0,0,0,0,0,0,0,5,57,0,0,0,1,2,25,1,8,8,1,0,0,1,6,99,1,1,98,1,1
26,260268,1,1,99,17,5,23,5,8,0,1,1,99,9,99,999,99999,99,9999,999999999999,9,9,9,9,9,9,9,9,9,9,9,9,0,0,0,000000000,00000000000,0,0,0,1,0,0,0,0,99,99,9,999,0,0,0,1,2,5,8,99,99,0,1,99,99999,9,9,99,9,9,9,999,999,99,99,99,99,99,99,9999,99,9999,0,0,0,0,0,1,3,35,1,8,8,2,3,3,1,80,99,1,1,13,0,0
26,260269,1,1,1,30,5,23,33,42,0,1,0,26,2,7,482,7482,31,1999,3B7KC26Z8XM5,3,B,7,K,C,2,6,Z,8,X,M,5,0,0,0,000000000,00000000000,0,0,0,1,0,0,0,0,0,0,0,998,0,0,0,12,6,2,42,0,0,1,1,26,49259,6,1,0,0,3,3,72,300,0,1,1,0,0,6,2013,3,2014,5,0,0,0,0,1,2,55,2,8,8,1,0,0,1,12,1,1,4,6,1,1
26,260270,1,1,1,21,4,15,53,59,0,1,0,26,2,20,443,20443,20,2003,1GNDX03EX3D2,1,G,N,D,X,0,3,E,X,3,D,2,0,0,0,000000000,00000000000,0,0,0,1,0,0,0,0,0,0,0,998,0,0,0,12,6,2,59,0,0,0,1,26,48906,6,1,6,0,3,3,72,280,1,0,0,0,1,9,2011,9,2011,9,0,0,0,0,3,6,70,4,1,1,1,0,0,1,13,4,1,4,1,1,0
26,260271,1,1,99,19,5,21,34,9,0,1,1,99,9,99,999,99999,99,9999,999999999999,9,9,9,9,9,9,9,9,9,9,9,9,0,0,0,000000000,00000000000,0,0,0,1,0,0,0,0,99,99,9,999,0,0,0,99,0,5,9,99,99,0,1,99,99999,9,9,99,9,9,9,999,999,99,99,99,99,99,99,9999,99,9999,9,99,99,99,99,1,2,45,1,1,1,1,3,3,99,83,99,9,9,13,0,0
26,260272,1,2,1,26,5,5,56,12,2,1,0,26,1,20,2,20002,4,2008,2G1WT58K3892,2,G,1,W,T,5,8,K,3,8,9,2,0,0,0,000000000,00000000000,0,0,0,1,0,0,0,0,0,0,0,998,0,0,0,12,6,2,12,0,0,0,1,26,48453,6,1,0,0,3,0,72,250,1,0,0,0,1,7,2011,4,2012,0,0,0,0,0,1,2,55,1,2,2,1,0,0,1,62,99,1,1,51,1,1
26,260272,2,2,1,26,5,5,56,12,2,1,0,26,2,12,481,12481,31,2010,1FTFW1EV0AFC,1,F,T,F,W,1,E,V,0,A,F,C,0,0,0,000000000,00000000000,0,0,0,1,0,0,0,0,0,0,0,998,0,0,0,12,6,2,12,0,0,0,1,26,48471,6,1,0,0,3,3,71,150,0,0,0,0,0,0,0,0,0,0,6,28,36,0,1,2,55,1,2,2,1,0,0,1,10,99,1,2,50,0,1
26,260273,1,1,2,31,5,3,10,42,0,1,0,26,2,18,2,18002,4,1997,1G4HP52K9VH5,1,G,4,H,P,5,2,K,9,V,H,5,0,0,0,000000000,00000000000,0,0,0,1,0,0,0,0,0,0,0,998,0,0,0,12,6,2,42,0,0,1,1,26,49250,6,1,0,0,3,0,72,240,1,0,1,0,0,4,2013,4,2013,5,0,0,0,0,1,2,55,1,1,2,1,0,0,1,12,99,1,4,6,2,1
26,260274,1,1,1,16,4,19,33,42,0,1,0,26,2,13,1,13001,4,2005,1LNHM82W25Y6,1,L,N,H,M,8,2,W,2,5,Y,6,0,0,0,000000000,00000000000,0,0,0,1,0,0,0,0,0,0,0,998,0,0,0,12,6,8,42,0,0,0,1,26,48103,6,1,0,0,3,0,66,187,2,0,0,0,1,7,2012,2,2014,3,36,0,0,0,1,3,45,1,1,2,1,20,3,1,12,99,1,4,14,1,0
26,260275,1,1,1,26,5,3,30,43,0,1,0,26,1,34,399,34399,1,2007,5UMBT93537LY,5,U,M,B,T,9,3,5,3,7,L,Y,0,0,0,000000000,00000000000,0,0,0,1,0,0,0,0,0,0,0,998,0,1,5,11,6,2,1,0,0,0,1,26,49048,6,1,0,0,3,0,66,150,0,0,0,1,0,10,2011,10,2011,0,99,99,99,99,1,2,55,1,1,2,1,0,0,1,12,99,1,4,6,1,1
26,260276,1,1,5,25,5,21,32,8,0,1,0,26,1,22,20,22020,4,2003,1G2WK52J73F1,1,G,2,W,K,5,2,J,7,3,F,1,0,0,0,000000000,00000000000,0,0,0,1,0,0,0,0,0,0,0,998,0,0,0,1,2,3,8,0,0,0,1,26,48651,6,1,0,0,3,0,64,120,1,2,0,0,0,8,2011,9,2013,0,0,0,0,0,1,2,45,1,1,2,1,0,0,1,13,1,1,4,13,0,0
26,260277,1,2,2,31,5,10,56,12,2,1,0,26,2,20,4,20004,2,1988,1G1YY2184J51,1,G,1,Y,Y,2,1,8,4,J,5,1,0,0,0,000000000,00000000000,0,0,0,1,0,0,0,0,0,0,0,998,0,0,0,12,2,3,12,0,0,0,1,26,48162,6,1,0,0,3,0,78,260,0,0,0,0,0,0,0,0,0,0,38,0,0,0,1,3,45,1,1,2,1,0,0,11,15,99,1,1,68,0,1
26,260277,2,2,1,31,5,10,56,12,2,1,0,26,1,34,706,34706,80,2002,WB10434A22ZA,W,B,1,0,4,3,4,A,2,2,Z,A,0,0,0,000000000,00000000000,0,0,0,1,0,0,0,0,0,0,0,998,0,0,0,12,6,2,12,0,0,0,1,26,48180,6,1,0,0,3,0,68,215,0,0,0,0,0,0,0,0,0,0,0,0,0,0,1,3,45,1,1,2,1,0,0,1,62,99,1,1,69,1,0
26,260278,1,2,1,1,6,13,57,12,6,1,0,26,1,18,401,18401,14,2006,3G5DB03L66S6,3,G,5,D,B,0,3,L,6,6,S,6,0,0,0,000000000,00000000000,0,0,0,1,0,0,0,0,0,0,0,998,0,0,0,3,6,2,12,0,0,0,1,26,48060,6,1,0,0,3,0,66,170,0,0,0,0,0,0,0,0,0,0,38,0,0,0,1,2,98,1,8,8,1,20,3,1,17,99,1,1,87,0,0
26,260278,2,2,1,1,6,13,57,12,6,1,0,26,1,37,706,37706,80,2002,1HFSC46082A0,1,H,F,S,C,4,6,0,8,2,A,0,0,0,0,000000000,00000000000,0,0,0,1,0,0,0,0,0,0,0,998,0,0,0,12,6,2,12,0,0,0,1,26,48422,6,1,0,0,3,0,70,185,0,0,0,1,0,8,2011,8,2011,0,0,0,0,0,1,3,45,1,1,2,1,0,0,1,66,99,1,1,86,1,0
26,260279,1,2,2,16,5,14,34,12,6,1,0,21,1,49,43,49043,4,2004,4T1BF28B34U3,4,T,1,B,F,2,8,B,3,4,U,3,0,0,0,000000000,00000000000,0,0,0,1,0,0,0,0,0,0,0,998,0,0,0,1,6,2,12,0,0,0,1,21,40047,6,1,0,0,3,0,69,150,0,0,0,0,0,0,0,0,0,9,99,99,99,99,1,2,55,8,8,8,1,0,0,1,9,99,1,6,66,1,0
26,260279,2,2,2,16,5,14,34,12,6,1,0,26,1,12,481,12481,31,2005,1FTSW21P05EC,1,F,T,S,W,2,1,P,0,5,E,C,1,1,0,000000000,00000000000,0,0,0,1,0,0,0,0,0,0,0,998,0,0,0,12,6,2,12,0,0,0,1,26,49721,6,1,6,0,3,0,74,310,0,0,0,0,0,0,0,0,0,0,0,0,0,0,1,2,55,8,8,8,1,0,0,1,64,99,1,1,66,0,0
26,260280,1,1,1,3,6,21,55,9,0,1,0,26,1,37,32,37032,4,2011,1HGCP2F87BA0,1,H,G,C,P,2,F,8,7,B,A,0,0,0,0,000000000,00000000000,0,0,0,1,0,0,0,0,0,0,0,998,0,0,0,12,2,3,9,0,0,0,1,26,48374,6,1,0,0,3,0,68,225,0,0,0,0,0,0,0,0,0,0,99,99,99,99,1,2,45,1,1,2,1,0,0,1,83,99,1,1,13,0,1