STATE,ST_CASE,VEH_NO,VE_FORMS,NUMOCCS,DAY,MONTH,HOUR,MINUTE,HARM_EV,MAN_COLL,UNITTYPE,HIT_RUN,REG_STAT,OWNER,MAKE,MODEL,MAK_MOD,BODY_TYP,MOD_YEAR,VIN,VIN_1,VIN_2,VIN_3,VIN_4,VIN_5,VIN_6,VIN_7,VIN_8,VIN_9,VIN_10,VIN_11,VIN_12,TOW_VEH,J_KNIFE,MCARR_I1,MCARR_I2,MCARR_ID,GVWR,V_CONFIG,CARGO_BT,HAZ_INV,HAZ_PLAC,HAZ_ID,HAZ_CNO,HAZ_REL,BUS_USE,SPEC_USE,EMER_USE,TRAV_SP,UNDERIDE,ROLLOVER,ROLINLOC,IMPACT1,DEFORMED,TOWED,M_HARM,VEH_SC1,VEH_SC2,FIRE_EXP,DR_PRES,L_STATE,DR_ZIP,L_STATUS,L_TYPE,CDL_STAT,L_ENDORS,L_COMPL,L_RESTRI,DR_HGT,DR_WGT,PREV_ACC,PREV_SUS,PREV_DWI,PREV_SPD,PREV_OTH,FIRST_MO,FIRST_YR,LAST_MO,LAST_YR,SPEEDREL,DR_SF1,DR_SF2,DR_SF3,DR_SF4,VTRAFWAY,VNUM_LAN,VSPD_LIM,VALIGN,VPROFILE,VPAVETYP,VSURCOND,VTRAFCON,VTCONT_F,P_CRASH1,P_CRASH2,P_CRASH3,PCRASH4,PCRASH5,ACC_TYPE,DEATHS,DR_DRINK
26,260317,2,2,2,18,6,18,59,12,6,1,0,26,1,18,20,18020,4,1998,2G4WB52K6W14,2,G,4,W,B,5,2,K,6,W,1,4,0,0,0,000000000,00000000000,0,0,0,1,0,0,0,0,0,0,0,998,0,0,0,1,6,2,12,0,0,0,1,26,48609,6,1,0,0,3,3,67,195,0,0,0,0,0,0,0,0,0,0,0,0,0,0,5,5,45,1,1,2,1,3,3,11,61,99,1,1,68,0,0
26,260319,1,4,1,22,5,14,23,12,1,1,0,26,1,20,443,20443,20,2004,1GNDX03EX4D2,1,G,N,D,X,0,3,E,X,4,D,2,0,0,0,000000000,00000000000,0,0,0,1,0,0,0,0,0,0,0,998,0,0,0,12,6,2,12,0,0,0,1,26,48312,6,1,0,0,3,3,68,300,0,0,0,0,0,0,0,0,0,0,99,99,99,99,5,5,40,1,1,2,1,0,0,1,51,99,1,1,24,0,0
26,260319,2,4,1,22,5,14,23,12,1,1,0,26,1,37,705,37705,80,1984,JH2RC2305EM0,J,H,2,R,C,2,3,0,5,E,M,0,0,0,0,000000000,00000000000,0,0,0,1,0,0,0,0,0,0,0,998,0,0,0,6,6,2,12,0,0,0,1,26,48035,6,1,0,0,3,0,74,210,0,2,1,1,0,8,2011,12,2013,0,0,0,0,0,5,5,40,1,1,2,1,0,0,1,53,1,1,1,25,1,0
26,260319,3,4,1,22,5,14,23,12,1,1,0,26,2,7,25,7025,5,2009,1B3HB48A19D2,1,B,3,H,B,4,8,A,1,9,D,2,0,0,0,000000000,00000000000,0,0,0,1,0,0,0,0,0,0,0,998,0,0,0,6,6,2,12,0,0,0,1,26,48035,6,1,0,0,3,0,62,165,0,0,0,0,0,0,0,0,0,0,0,0,0,0,5,5,40,1,1,2,1,0,0,1,53,1,1,1,98,0,0
26,260319,4,4,1,22,5,14,23,12,1,1,0,26,1,49,40,49040,6,1993,4T1SK12W7PU2,4,T,1,S,K,1,2,W,7,P,U,2,0,0,0,000000000,00000000000,0,0,0,1,0,0,0,0,0,0,0,998,0,0,0,6,2,3,12,0,0,0,1,26,48081,6,1,0,0,3,0,69,230,1,0,0,0,0,12,2013,12,2013,0,0,0,0,0,5,5,40,1,1,2,1,0,0,1,53,1,1,1,98,0,0
26,260320,1,1,1,21,6,19,33,21,0,1,0,26,1,20,25,20025,4,2011,1G1PH5S93B71,1,G,1,P,H,5,S,9,3,B,7,1,0,0,0,000000000,00000000000,0,0,0,1,0,0,0,0,0,0,0,998,0,0,0,12,6,2,21,0,0,0,1,26,48442,6,1,0,0,3,0,70,145,0,0,0,1,0,1,2012,1,2012,5,36,0,0,0,2,3,70,4,2,2,1,0,0,15,8,99,2,4,7,1,0
26,260321,1,1,1,22,6,15,0,1,0,1,0,26,2,20,481,20481,31,1998,1GCGK24R0WZ1,1,G,C,G,K,2,4,R,0,W,Z,1,0,0,0,000000000,00000000000,0,0,0,1,0,0,0,0,0,0,0,998,0,2,5,0,6,2,1,0,0,0,1,26,48877,0,0,0,0,0,0,999,999,0,0,0,0,0,0,0,0,0,5,58,0,0,0,1,2,55,1,8,4,1,0,0,1,9,6,3,4,2,1,0
26,260322,1,2,1,15,6,21,42,12,6,1,0,26,1,20,2,20002,4,2005,2G1WH52K3591,2,G,1,W,H,5,2,K,3,5,9,1,0,0,0,000000000,00000000000,0,0,0,1,0,0,0,0,0,0,0,998,0,0,0,9,6,2,12,0,0,0,1,26,48420,6,1,0,0,3,3,74,230,0,0,0,1,0,12,2012,12,2012,0,39,0,0,0,1,2,98,1,8,8,1,20,3,1,17,99,1,1,89,1,0
26,260322,2,2,1,15,6,21,42,12,6,1,0,26,1,7,482,7482,31,2007,1D7HU18267J5,1,D,7,H,U,1,8,2,6,7,J,5,0,0,0,000000000,00000000000,0,0,0,1,0,0,0,0,0,0,0,998,0,0,0,12,6,2,12,0,0,0,1,26,48768,6,1,6,0,3,0,73,215,0,0,0,0,0,0,0,0,0,0,0,0,0,0,1,2,55,1,8,8,1,0,0,1,66,99,1,1,88,0,0
26,260323,1,1,99,22,6,2,30,8,0,1,1,99,9,22,999,22999,49,9999,999999999999,9,9,9,9,9,9,9,9,9,9,9,9,0,0,0,000000000,00000000000,0,0,0,1,0,0,0,0,99,99,9,999,0,0,0,12,9,5,8,99,99,0,1,99,99999,9,9,99,9,9,9,999,999,99,99,99,99,99,99,9999,99,9999,9,99,99,99,99,2,5,40,1,8,8,2,3,3,1,80,99,9,9,13,0,0
26,260324,1,2,1,24,6,12,26,12,6,1,0,26,3,85,884,85884,66,2004,1XKDDB0X14J0,1,X,K,D,D,B,0,X,1,4,J,0,1,1,57,000527496,57000527496,3,6,1,1,0,0,0,0,0,0,0,998,0,0,0,12,2,5,12,0,0,0,1,26,48650,6,1,6,0,3,0,75,190,1,0,0,0,0,7,2012,7,2012,0,0,0,0,0,5,3,50,1,1,2,2,3,3,1,17,7,1,1,77,0,0
26,260324,2,2,2,24,6,12,26,12,6,1,0,26,1,20,37,20037,4,2007,1G1ZT58N27F1,1,G,1,Z,T,5,8,N,2,7,F,1,0,0,0,000000000,00000000000,0,0,0,1,0,0,0,0,0,0,0,998,0,0,0,3,6,2,12,0,0,0,1,26,48706,6,1,0,0,3,0,58,112,0,0,0,0,0,0,0,0,0,0,39,0,0,0,5,3,98,1,8,8,2,3,3,11,15,99,1,1,76,1,0
26,260325,1,1,99,21,6,3,37,8,0,1,1,99,9,99,999,99999,99,9999,999999999999,9,9,9,9,9,9,9,9,9,9,9,9,0,0,0,000000000,00000000000,0,0,0,1,0,0,0,0,99,99,9,999,0,0,0,99,0,5,8,99,99,0,1,99,99999,9,9,99,9,9,9,999,999,99,99,99,99,99,99,9999,99,9999,9,99,99,99,99,1,8,30,1,8,8,1,0,0,99,80,99,9,9,13,0,0
26,260326,1,2,1,26,6,7,13,12,2,1,0,26,1,30,40,30040,4,2002,3VWSP69M42M0,3,V,W,S,P,6,9,M,4,2,M,0,0,0,0,000000000,00000000000,0,0,0,1,0,0,0,0,0,0,0,998,0,0,0,12,6,2,12,0,0,0,1,26,48813,6,1,0,0,3,3,73,251,0,0,0,0,0,0,0,0,0,0,50,0,0,0,2,2,55,1,1,2,1,0,0,1,54,99,1,1,52,1,0
26,260326,2,2,1,26,6,7,13,12,2,1,0,26,1,2,403,2403,14,2004,1J4GW58N34C3,1,J,4,G,W,5,8,N,3,4,C,3,0,0,0,000000000,00000000000,0,0,0,1,0,0,0,0,0,0,0,998,0,0,0,12,6,2,12,0,0,0,1,26,48821,6,1,0,0,3,0,67,145,0,0,0,0,0,0,0,0,0,0,0,0,0,0,2,2,55,1,1,2,1,0,0,1,54,99,1,1,52,0,0
26,260327,1,1,3,28,6,23,10,33,0,1,0,26,2,20,431,20431,16,2000,3GNFK16T3YG1,3,G,N,F,K,1,6,T,3,Y,G,1,0,0,0,000000000,00000000000,0,0,0,1,0,0,0,0,0,0,0,998,0,1,5,12,6,2,30,0,0,0,1,26,48602,6,1,0,0,3,0,68,180,0,0,0,0,0,0,0,0,0,0,6,36,0,0,5,5,45,1,1,2,1,0,0,15,13,99,1,4,1,1,1
26,260328,1,1,2,21,6,2,7,33,0,1,0,26,2,23,422,23422,15,2004,1GKFK66U14J1,1,G,K,F,K,6,6,U,1,4,J,1,0,0,0,000000000,00000000000,0,0,0,1,0,0,0,0,0,0,0,998,0,1,5,98,6,2,59,0,0,0,1,26,48708,1,1,0,0,2,0,69,165,0,3,0,0,0,6,2011,10,2013,5,0,0,0,0,4,3,35,1,8,8,1,0,0,1,9,99,9,4,2,1,1
26,260329,1,1,3,6,6,19,32,35,0,1,0,26,2,20,403,20403,14,2003,1GNDT13S9323,1,G,N,D,T,1,3,S,9,3,2,3,0,0,0,000000000,00000000000,0,0,0,1,0,0,0,0,0,0,0,998,0,1,5,12,6,2,1,0,0,0,1,26,49037,1,1,0,0,2,0,76,280,2,2,1,2,2,8,2011,12,2013,0,99,99,99,99,2,2,70,1,8,8,1,0,0,1,9,99,3,4,2,1,0
26,260330,1,2,1,18,6,10,50,12,2,1,0,26,1,9,20,9020,2,1997,1P3ES42C7VD1,1,P,3,E,S,4,2,C,7,V,D,1,0,0,0,000000000,00000000000,0,0,0,1,0,0,0,0,0,0,0,998,0,0,0,12,6,2,12,0,0,0,1,26,49238,6,1,0,0,3,3,71,192,0,0,0,2,0,2,2012,4,2013,0,28,89,0,0,1,2,55,1,1,2,1,0,0,1,10,99,1,2,50,1,0
26,260330,2,2,2,18,6,10,50,12,2,1,0,26,2,12,17,12017,6,2008,1FMDK03W88GA,1,F,M,D,K,0,3,W,8,8,G,A,0,0,0,000000000,00000000000,0,0,0,1,0,0,0,0,0,0,0,998,0,0,0,12,6,2,12,0,0,0,1,26,49858,6,1,0,0,3,3,63,145,0,0,0,0,0,0,0,0,0,0,0,0,0,0,1,2,55,1,1,2,1,0,0,1,62,7,1,1,51,0,0
26,260331,1,2,2,22,6,17,11,12,11,1,0,0,0,37,739,37739,90,2003,478TE244X3A3,4,7,8,T,E,2,4,4,X,3,A,3,0,0,0,000000000,00000000000,0,0,0,1,0,0,0,0,0,0,0,998,0,0,0,10,6,8,12,0,0,0,1,26,49837,0,0,0,0,1,0,999,999,0,0,0,0,0,0,0,0,0,0,38,0,0,0,8,8,98,1,8,8,1,20,3,4,17,7,1,3,90,1,0
26,260331,2,2,1,22,6,17,11,12,11,1,0,55,3,85,884,85884,66,2014,1XKWD49X2EJ4,1,X,K,W,D,4,9,X,2,E,J,4,1,1,57,001859815,57001859815,3,6,3,1,0,0,0,0,0,0,0,998,0,0,0,3,0,5,12,0,0,0,1,55,54104,6,1,6,0,3,0,71,170,0,0,0,0,0,0,0,0,0,0,0,0,0,0,1,2,55,1,1,2,1,0,0,1,66,6,1,2,90,0,0
26,260333,1,1,2,27,4,21,41,42,0,1,0,26,2,20,22,20022,4,2008,1G1AM18B7873,1,G,1,A,M,1,8,B,7,8,7,3,0,0,0,000000000,00000000000,0,0,0,1,0,0,0,0,0,0,0,998,0,0,0,12,6,2,2,0,0,1,1,26,48198,6,1,0,0,3,0,70,130,0,0,0,0,1,10,2013,10,2013,0,6,36,0,0,1,2,55,1,8,8,98,0,0,1,9,99,2,4,2,1,1
26,260334,1,2,1,21,6,17,27,12,6,1,0,26,1,53,706,53706,80,2002,JS1GT74AX221,J,S,1,G,T,7,4,A,X,2,2,1,0,0,0,000000000,00000000000,0,0,0,1,0,0,0,0,0,0,0,998,0,0,0,12,6,2,12,0,0,0,1,26,49073,6,1,0,0,2,0,72,165,0,0,0,0,0,0,0,0,0,5,0,0,0,0,1,4,45,1,8,8,1,0,0,1,17,99,1,1,83,1,0
26,260334,2,2,1,21,6,17,27,12,6,1,0,26,1,7,442,7442,20,2012,2C4RDGDG0CR1,2,C,4,R,D,G,D,G,0,C,R,1,0,0,0,000000000,00000000000,0,0,0,1,0,0,0,0,0,0,0,998,0,0,0,11,6,2,12,0,0,0,1,12,33542,6,1,0,0,3,3,62,999,0,0,0,0,0,0,0,0,0,0,0,0,0,0,1,2,98,1,8,8,1,20,3,11,66,99,1,1,82,0,0
26,260335,1,3,1,27,6,14,10,12,1,1,0,26,1,72,706,72706,80,2013,1HD1KBM16DB6,1,H,D,1,K,B,M,1,6,D,B,6,0,0,0,000000000,00000000000,0,0,0,1,0,0,0,0,0,0,0,998,0,0,0,12,6,2,12,0,0,0,1,26,48184,6,1,0,0,3,0,68,235,1,0,0,0,0,7,2013,7,2013,0,26,0,0,0,1,2,55,1,1,2,1,0,0,1,50,98,1,3,20,1,0
26,260335,2,3,1,27,6,14,10,12,1,1,0,26,1,19,3,19003,4,2004,1G6KD54Y14U1,1,G,6,K,D,5,4,Y,1,4,U,1,0,0,0,000000000,00000000000,0,0,0,1,0,0,0,0,0,0,0,0,0,0,0,6,2,5,12,0,0,0,1,26,49230,6,1,0,0,3,3,62,155,0,0,0,0,0,0,0,0,0,0,0,0,0,0,1,2,55,1,1,2,1,0,0,5,53,1,1,1,22,0,0
26,260335,3,3,2,27,6,14,10,12,1,1,0,26,1,20,443,20443,20,2003,1GNDX03E93D2,1,G,N,D,X,0,3,E,9,3,D,2,0,0,0,000000000,00000000000,0,0,0,1,0,0,0,0,0,0,0,998,0,0,0,12,4,3,12,0,0,0,1,26,49001,6,1,0,0,3,0,66,140,0,0,0,0,0,0,0,0,0,0,0,0,0,0,1,2,55,1,1,2,1,0,0,1,62,1,1,1,98,0,0
26,260336,1,1,1,31,5,3,35,8,0,1,0,26,1,7,472,7472,30,2000,1B7GG2AN2YS7,1,B,7,G,G,2,A,N,2,Y,S,7,0,0,0,000000000,00000000000,0,0,0,1,0,0,0,0,0,0,0,998,0,0,0,14,2,5,8,0,0,0,1,26,48473,6,1,0,0,3,0,68,320,0,0,0,0,0,0,0,0,0,0,0,0,0,0,1,2,55,1,8,2,1,0,0,1,80,9,1,1,13,0,0
26,260337,1,2,1,7,6,23,31,12,2,1,0,26,1,22,22,22022,4,2009,1G2ZH57N7941,1,G,2,Z,H,5,7,N,7,9,4,1,0,0,0,000000000,00000000000,0,0,0,1,0,0,0,0,0,0,0,998,0,0,0,12,6,2,12,0,0,0,1,26,48336,6,1,6,0,3,3,67,180,0,0,0,0,0,0,0,0,0,0,28,0,0,0,1,2,45,1,1,2,1,0,0,1,10,99,1,2,50,1,1
26,260337,2,2,7,7,6,23,31,12,2,1,0,26,1,6,441,6441,20,2007,2A8GP54L67R1,2,A,8,G,P,5,4,L,6,7,R,1,0,0,0,000000000,00000000000,0,0,0,1,0,0,0,0,0,0,0,998,0,0,0,12,6,2,12,0,0,0,1,26,48331,6,1,0,0,3,0,68,155,0,0,0,0,0,0,0,0,0,0,0,0,0,0,1,2,45,1,1,2,1,0,0,1,62,99,1,1,51,0,0
26,260338,1,2,1,12,6,19,49,12,6,1,0,26,1,12,402,12402,14,2002,1FMCU04182KA,1,F,M,C,U,0,4,1,8,2,K,A,0,0,0,000000000,00000000000,0,0,0,1,0,0,0,0,0,0,0,998,0,1,1,9,6,2,12,0,0,0,1,26,48310,6,1,0,0,3,0,65,125,1,0,0,1,2,11,2011,10,2012,0,36,0,0,0,3,3,45,1,1,1,1,0,0,1,17,99,1,1,89,1,1
26,260338,2,2,1,12,6,19,49,12,6,1,0,26,1,20,404,20404,14,2011,2CNALDEC3B64,2,C,N,A,L,D,E,C,3,B,6,4,0,0,0,000000000,00000000000,0,0,0,1,0,0,0,0,0,0,0,998,0,0,0,12,6,2,12,0,0,0,1,26,48083,6,1,0,0,3,3,70,189,0,0,0,0,0,0,0,0,0,0,0,0,0,0,3,3,45,1,1,1,1,3,3,1,66,99,1,1,88,0,0
26,260339,1,1,2,14,6,23,10,8,0,1,0,26,1,23,401,23401,14,1999,1GKCT18W7XK5,1,G,K,C,T,1,8,W,7,X,K,5,0,0,0,000000000,00000000000,0,0,0,1,0,0,0,0,0,0,0,998,0,0,0,1,2,5,8,0,0,0,1,26,49685,6,1,0,0,3,3,72,230,0,0,0,0,0,0,0,0,0,0,0,0,0,0,5,5,55,1,1,2,1,3,3,1,80,1,1,1,13,0,0
26,260340,1,2,1,16,6,22,35,12,1,1,0,26,2,12,471,12471,30,1998,1FTYR14C7WTA,1,F,T,Y,R,1,4,C,7,W,T,A,0,0,0,000000000,00000000000,0,0,0,1,0,0,0,0,0,0,0,998,0,0,0,12,6,2,42,0,0,0,1,26,49046,6,1,0,0,3,0,74,175,0,0,0,0,0,0,0,0,0,0,6,36,0,0,1,2,55,1,2,2,1,0,0,6,51,99,1,2,24,1,1
26,260340,2,2,1,16,6,22,35,12,1,1,0,26,1,20,402,20402,14,1993,2CNBJ18U4P69,2,C,N,B,J,1,8,U,4,P,6,9,0,0,0,000000000,00000000000,0,0,0,1,0,0,0,0,0,0,0,998,0,0,0,6,6,2,42,0,0,0,1,26,49083,6,1,0,0,3,0,70,190,0,0,0,0,0,0,0,0,0,0,0,0,0,0,1,2,55,1,2,2,1,0,0,1,53,1,1,1,25,0,0
26,260341,1,2,1,22,6,1,45,12,2,1,0,26,1,7,24,7024,4,2013,2C3CDXCT0DH7,2,C,3,C,D,X,C,T,0,D,H,7,0,0,0,000000000,00000000000,0,0,0,1,0,0,0,0,0,0,0,998,0,0,0,12,6,2,12,0,0,0,1,26,48042,6,1,0,0,3,0,70,210,0,0,0,2,0,3,2012,3,2013,0,6,28,36,0,1,2,50,1,8,8,1,0,0,1,10,99,1,2,50,0,1
26,260341,2,2,1,22,6,1,45,12,2,1,0,26,2,55,399,55399,4,2002,KMHDN55D62U0,K,M,H,D,N,5,5,D,6,2,U,0,0,0,0,000000000,00000000000,0,0,0,1,0,0,0,0,0,0,0,998,0,0,0,12,6,2,12,0,0,0,1,26,48035,0,0,0,0,0,0,999,999,99,99,99,99,99,99,9999,99,9999,0,0,0,0,0,1,2,50,1,8,8,1,0,0,1,62,99,1,1,51,1,0
26,260342,1,1,5,21,6,23,2,5,0,1,0,26,2,18,2,18002,4,1985,1G4BN69Y1FH8,1,G,4,B,N,6,9,Y,1,F,H,8,0,0,0,000000000,00000000000,0,0,0,1,0,0,0,0,0,0,0,998,0,0,0,0,0,5,5,0,0,0,1,26,48066,6,1,0,0,3,3,69,150,1,2,0,0,1,6,2011,6,2013,0,36,0,0,0,1,2,25,1,8,8,1,21,3,10,98,99,1,2,0,1,1
26,260343,1,2,1,25,6,4,34,12,2,1,0,26,2,12,402,12402,14,2006,1FMYU03136KD,1,F,M,Y,U,0,3,1,3,6,K,D,0,0,0,000000000,00000000000,0,0,0,1,0,0,0,0,0,0,0,998,0,0,0,12,6,2,12,0,0,0,1,26,48872,1,1,0,0,2,0,69,170,0,4,0,0,1,7,2011,1,2013,0,28,0,0,0,1,2,55,2,1,2,2,0,0,14,10,99,1,2,50,1,1
26,260343,2,2,1,25,6,4,34,12,2,1,0,26,1,13,15,13015,4,2012,2LMDJ6JK3CBL,2,L,M,D,J,6,J,K,3,C,B,L,0,0,0,000000000,00000000000,0,0,0,1,0,0,0,0,0,0,0,998,0,0,0,12,6,2,12,0,0,0,1,26,48872,6,1,0,0,3,3,67,155,0,0,0,0,0,0,0,0,0,0,0,0,0,0,1,2,55,3,1,2,2,0,0,14,62,99,1,1,51,1,0
26,260344,1,2,1,21,6,19,10,12,6,1,0,26,1,37,706,37706,80,2006,1HFSC55036A2,1,H,F,S,C,5,5,0,3,6,A,2,0,0,0,000000000,00000000000,0,0,0,1,0,0,0,0,0,0,0,998,0,0,0,12,6,2,12,0,0,0,1,26,48910,6,1,6,0,3,0,75,220,2,0,0,0,0,8,2013,12,2013,0,0,0,0,0,5,5,45,1,1,2,1,0,0,1,66,4,1,1,88,1,0
26,260344,2,2,1,21,6,19,10,12,6,1,0,26,1,20,401,20401,14,2002,1GNDT13S4221,1,G,N,D,T,1,3,S,4,2,2,1,0,0,0,000000000,00000000000,0,0,0,1,0,0,0,0,0,0,0,998,0,0,0,7,2,3,12,0,0,0,1,26,48910,6,1,0,0,3,0,76,240,1,0,0,0,0,12,2012,12,2012,0,38,0,0,0,1,2,98,1,8,8,1,20,3,1,17,99,1,1,89,0,0
26,260345,1,1,1,30,6,16,24,34,0,1,0,26,2,19,22,19022,4,2006,1G6KD57906U1,1,G,6,K,D,5,7,9,0,6,U,1,0,0,0,000000000,00000000000,0,0,0,1,0,0,0,0,0,0,0,998,0,1,5,12,6,2,34,0,0,0,1,26,48442,6,1,0,0,3,0,73,300,0,0,0,0,0,0,0,0,0,0,99,99,99,99,5,5,50,1,8,4,1,0,0,1,9,99,3,4,7,1,0
26,260346,1,1,1,26,6,14,0,8,0,1,0,26,3,12,884,12884,62,2007,3FRWF75E87V4,3,F,R,W,F,7,5,E,8,7,V,4,0,0,57,001471391,57001471391,2,1,2,1,0,0,0,0,0,0,0,998,0,0,0,6,0,3,8,0,0,0,1,26,48442,6,1,6,1,3,0,72,200,0,0,0,0,0,0,0,0,0,0,31,0,0,0,1,2,25,3,1,2,1,0,0,14,80,1,1,3,13,0,0
26,260347,1,1,1,28,6,2,7,34,0,1,0,26,2,12,17,12017,4,1999,1FAFP53UXXA3,1,F,A,F,P,5,3,U,X,X,A,3,0,0,0,000000000,00000000000,0,0,0,1,0,0,0,0,0,0,0,998,0,1,5,12,6,2,1,0,0,0,1,26,48140,6,1,0,0,3,0,61,165,1,0,0,0,1,1,2013,1,2013,5,36,0,0,0,1,2,55,1,1,2,1,0,0,1,9,99,4,4,7,1,1
26,260348,1,1,1,17,6,19,45,14,0,1,0,26,1,18,401,18401,14,2002,3G5DA03E72S6,3,G,5,D,A,0,3,E,7,2,S,6,0,0,0,000000000,00000000000,0,0,0,1,0,0,0,0,0,0,0,998,0,0,0,12,6,2,14,0,0,0,1,26,48234,1,1,0,0,2,0,64,180,2,1,0,0,2,6,2012,3,2014,5,0,0,0,0,1,2,25,1,8,8,1,0,0,1,12,99,1,4,11,1,1
26,260349,1,2,1,25,6,17,0,12,1,1,0,26,2,7,26,7026,4,2010,1B3CC5FB8AN2,1,B,3,C,C,5,F,B,8,A,N,2,0,0,0,000000000,00000000000,0,0,0,1,0,0,0,0,0,0,0,998,0,0,0,12,6,2,12,0,0,0,1,26,48430,6,1,0,0,3,3,71,175,0,0,0,0,0,0,0,0,0,0,26,0,0,0,3,4,70,1,8,8,1,0,0,1,50,1,1,1,20,0,0
26,260349,2,2,1,25,6,17,0,12,1,1,0,26,1,12,23,12023,4,2014,3FA6P0HDXER1,3,F,A,6,P,0,H,D,X,E,R,1,0,0,0,000000000,00000000000,0,0,0,1,0,0,0,0,0,0,0,0,0,0,0,6,6,2,12,0,0,0,1,26,48167,6,1,0,0,3,3,67,220,0,0,0,0,0,0,0,0,0,0,0,0,0,0,3,4,70,1,8,8,1,0,0,1,53,1,1,1,21,1,0
26,260350,1,2,2,4,6,21,29,12,2,1,0,26,2,20,481,20481,31,2004,2GCEK19T4411,2,G,C,E,K,1,9,T,4,4,1,1,0,0,0,000000000,00000000000,0,0,0,1,0,0,0,0,0,0,0,998,0,0,0,12,6,2,12,0,0,0,1,26,49056,6,1,0,0,3,0,74,220,0,0,0,0,0,0,0,0,0,0,28,0,0,0,1,2,55,2,8,8,1,0,0,14,10,99,1,2,50,1,1
26,260350,2,2,3,4,6,21,29,12,2,1,0,26,9,20,399,20399,9,1999,999999999999,9,9,9,9,9,9,9,9,9,9,9,9,0,0,0,000000000,00000000000,0,0,0,1,0,0,0,0,0,0,0,998,0,0,0,12,6,2,12,0,0,0,1,26,49056,6,1,0,0,3,0,75,225,0,0,0,0,0,0,0,0,0,0,0,0,0,0,1,2,55,3,8,8,1,0,0,14,62,99,1,1,51,0,0
26,260351,1,2,1,18,4,5,58,12,1,1,0,26,1,7,482,7482,31,2005,1D7HU18DX5S3,1,D,7,H,U,1,8,D,X,5,S,3,0,0,0,000000000,00000000000,0,0,0,1,0,0,0,0,0,0,0,998,0,0,0,12,6,2,12,0,0,0,1,26,48450,6,1,0,0,3,0,72,180,0,0,0,0,0,0,0,0,0,9,99,99,99,99,1,2,55,1,3,2,2,0,0,1,51,4,1,1,24,0,1
26,260351,2,2,1,18,4,5,58,12,1,1,0,26,1,73,703,73703,80,1995,JKAKLMD12SA0,J,K,A,K,L,M,D,1,2,S,A,0,0,0,0,000000000,00000000000,0,0,0,1,0,0,0,0,0,0,0,998,0,0,0,6,6,2,12,0,0,0,1,26,48469,6,1,0,0,3,0,75,205,0,0,0,0,0,0,0,0,0,9,99,99,99,99,1,2,55,1,6,2,2,0,0,1,53,99,1,1,25,1,1
26,260352,1,1,1,28,5,22,50,33,0,1,0,26,2,76,706,76706,80,2010,JYAVP22E1AA0,J,Y,A,V,P,2,2,E,1,A,A,0,0,0,0,000000000,00000000000,0,0,0,1,0,0,0,0,0,0,0,998,0,0,0,99,6,2,33,0,0,0,1,26,49525,6,1,0,0,2,0,68,170,0,0,0,0,0,0,0,0,0,5,0,0,0,0,1,2,25,3,1,2,1,0,0,1,13,99,1,4,1,1,1
26,260353,1,2,1,3,6,17,18,12,1,1,0,26,1,53,706,53706,80,2004,JS1VS54A6421,J,S,1,V,S,5,4,A,6,4,2,1,0,0,0,000000000,00000000000,0,0,0,1,0,0,0,0,0,0,0,998,0,0,0,6,2,3,12,0,0,0,1,26,48390,6,1,0,0,3,3,74,350,0,0,0,0,0,0,0,0,0,0,6,36,38,0,0,0,0,0,0,0,0,0,0,10,53,99,1,1,25,1,0
26,260353,2,2,1,3,6,17,18,12,1,1,0,26,3,98,884,98884,63,1997,1A9TAC6MXV00,1,A,9,T,A,C,6,M,X,V,0,0,0,0,57,002270746,57002270746,3,2,5,1,0,0,0,0,0,0,0,998,0,0,0,12,2,5,12,0,0,0,1,26,48098,6,1,6,0,3,0,70,200,0,0,0,0,0,0,0,0,0,0,0,0,0,0,2,5,50,1,2,1,1,0,0,1,51,3,1,1,24,0,0
26,260354,1,2,2,5,6,13,20,12,6,1,0,26,1,72,706,72706,80,2011,1HD1FF415BB6,1,H,D,1,F,F,4,1,5,B,B,6,0,0,0,000000000,00000000000,0,0,0,1,0,0,0,0,0,0,0,998,0,0,0,12,6,2,12,0,0,0,1,26,49901,6,1,0,0,3,3,66,185,0,0,0,1,0,3,2013,3,2013,0,0,0,0,0,5,5,55,1,8,8,1,3,3,1,62,99,1,1,69,2,0
26,260354,2,2,1,5,6,13,20,12,6,1,0,26,3,82,884,82884,63,2011,1FVACXDT2BDA,1,F,V,A,C,X,D,T,2,B,D,A,0,0,57,001619099,57001619099,3,1,1,1,0,0,0,0,0,0,0,998,0,0,0,4,2,3,12,0,0,0,1,26,49849,6,1,6,0,3,3,73,180,1,0,0,0,0,6,2014,6,2014,0,38,0,0,0,5,5,55,1,8,8,1,3,3,11,15,99,1,1,68,0,0