STATE,ST_CASE,VEH_NO,VE_FORMS,NUMOCCS,DAY,MONTH,HOUR,MINUTE,HARM_EV,MAN_COLL,UNITTYPE,HIT_RUN,REG_STAT,OWNER,MAKE,MODEL,MAK_MOD,BODY_TYP,MOD_YEAR,VIN,VIN_1,VIN_2,VIN_3,VIN_4,VIN_5,VIN_6,VIN_7,VIN_8,VIN_9,VIN_10,VIN_11,VIN_12,TOW_VEH,J_KNIFE,MCARR_I1,MCARR_I2,MCARR_ID,GVWR,V_CONFIG,CARGO_BT,HAZ_INV,HAZ_PLAC,HAZ_ID,HAZ_CNO,HAZ_REL,BUS_USE,SPEC_USE,EMER_USE,TRAV_SP,UNDERIDE,ROLLOVER,ROLINLOC,IMPACT1,DEFORMED,TOWED,M_HARM,VEH_SC1,VEH_SC2,FIRE_EXP,DR_PRES,L_STATE,DR_ZIP,L_STATUS,L_TYPE,CDL_STAT,L_ENDORS,L_COMPL,L_RESTRI,DR_HGT,DR_WGT,PREV_ACC,PREV_SUS,PREV_DWI,PREV_SPD,PREV_OTH,FIRST_MO,FIRST_YR,LAST_MO,LAST_YR,SPEEDREL,DR_SF1,DR_SF2,DR_SF3,DR_SF4,VTRAFWAY,VNUM_LAN,VSPD_LIM,VALIGN,VPROFILE,VPAVETYP,VSURCOND,VTRAFCON,VTCONT_F,P_CRASH1,P_CRASH2,P_CRASH3,PCRASH4,PCRASH5,ACC_TYPE,DEATHS,DR_DRINK
26,260355,1,2,1,12,6,16,24,12,2,1,0,26,1,12,23,12023,4,2013,3FA6P0HR4DR1,3,F,A,6,P,0,H,R,4,D,R,1,0,0,0,000000000,00000000000,0,0,0,1,0,0,0,0,0,0,0,998,0,0,0,12,4,3,12,0,0,0,1,26,48178,6,1,0,0,3,0,61,273,0,0,0,0,0,0,0,0,0,9,28,0,0,0,1,2,50,1,1,2,1,0,0,1,10,99,1,2,50,1,0
26,260355,2,2,1,12,6,16,24,12,2,1,0,26,3,85,884,85884,66,2006,1XKDDB0X16J1,1,X,K,D,D,B,0,X,1,6,J,1,1,1,57,001724742,57001724742,3,6,4,1,0,0,0,0,0,0,0,998,0,0,0,12,4,8,12,0,0,0,1,26,48114,6,1,6,0,3,0,70,165,1,0,0,0,1,10,2012,4,2013,0,0,0,0,0,1,2,50,1,1,2,1,0,0,1,62,7,1,1,51,0,0
26,260356,1,1,1,1,7,9,35,42,0,1,0,26,1,20,481,20481,31,2013,1GCRKSE79DZ2,1,G,C,R,K,S,E,7,9,D,Z,2,0,0,0,000000000,00000000000,0,0,0,1,0,0,0,0,0,0,0,998,0,0,0,12,6,2,42,0,0,1,1,26,49307,6,1,0,0,3,0,67,150,0,0,0,0,0,0,0,0,0,0,36,0,0,0,1,2,55,1,1,2,1,20,3,1,12,99,9,4,6,1,0
26,260357,1,1,1,2,7,16,53,15,0,1,0,26,1,20,481,20481,31,2008,1GCEK190X8E1,1,G,C,E,K,1,9,0,X,8,E,1,0,0,0,000000000,00000000000,0,0,0,1,0,0,0,0,0,0,0,998,0,0,0,5,0,3,15,0,0,0,1,26,49548,6,1,0,0,3,0,76,210,0,0,0,0,0,0,0,0,0,0,99,99,99,99,1,2,45,1,1,2,1,0,0,10,16,1,1,1,13,0,0
26,260358,1,2,1,1,7,11,40,12,2,1,0,26,1,12,37,12037,4,2007,1FAHP34N37W3,1,F,A,H,P,3,4,N,3,7,W,3,0,0,0,000000000,00000000000,0,0,0,1,0,0,0,0,0,0,0,998,0,0,0,12,6,2,12,0,0,0,1,26,48178,6,1,0,0,3,0,66,220,0,0,0,0,0,0,0,0,0,0,28,0,0,0,1,2,50,1,8,2,1,0,0,1,10,6,1,2,50,1,0
26,260358,2,2,4,1,7,11,40,12,2,1,0,26,1,6,441,6441,20,2013,2C4RC1BG5DR5,2,C,4,R,C,1,B,G,5,D,R,5,0,0,0,000000000,00000000000,0,0,0,1,0,0,0,0,0,0,0,998,0,0,0,12,6,2,12,0,0,0,1,26,48382,6,1,0,0,3,0,71,190,0,0,0,0,0,0,0,0,0,0,0,0,0,0,1,2,50,1,8,2,1,0,0,1,62,99,1,1,51,0,0
26,260359,1,2,1,5,7,13,5,12,2,1,0,26,1,7,482,7482,31,2003,1D7HU18D43J5,1,D,7,H,U,1,8,D,4,3,J,5,0,0,0,000000000,00000000000,0,0,0,1,0,0,0,0,0,0,0,998,0,0,0,12,6,2,12,0,0,0,1,26,48074,6,1,0,0,3,3,74,220,0,1,1,0,1,5,2012,10,2012,0,38,0,0,0,1,2,40,1,1,2,1,0,0,11,10,1,1,1,68,0,0
26,260359,2,2,2,5,7,13,5,12,2,1,0,26,1,72,706,72706,80,2003,1HD1BXB153Y0,1,H,D,1,B,X,B,1,5,3,Y,0,0,0,0,000000000,00000000000,0,0,0,1,0,0,0,0,0,0,0,998,0,0,0,12,6,2,12,0,0,0,1,26,48074,6,1,0,0,3,0,70,195,0,0,0,0,0,0,0,0,0,0,0,0,0,0,1,2,40,1,1,2,1,0,0,1,62,99,1,1,69,1,0
26,260360,1,2,1,13,6,12,38,12,2,1,0,26,3,85,884,85884,66,2003,1XKDDB0X83J3,1,X,K,D,D,B,0,X,8,3,J,3,1,1,57,001518792,57001518792,3,6,1,1,0,0,0,0,0,0,0,998,0,0,0,12,6,2,12,0,0,0,1,26,48103,6,1,6,0,3,0,67,165,3,0,0,0,0,9,2012,1,2014,0,6,28,36,57,1,4,55,1,1,2,1,0,0,1,9,3,2,2,50,0,0
26,260360,2,2,1,13,6,12,38,12,2,1,0,26,1,12,442,12442,20,1998,2FMZA5144WBC,2,F,M,Z,A,5,1,4,4,W,B,C,0,0,0,000000000,00000000000,0,0,0,1,0,0,0,0,0,0,0,998,0,1,5,12,6,2,12,0,0,0,1,26,48166,6,1,0,0,3,0,74,520,0,0,0,0,0,0,0,0,0,0,0,0,0,0,1,4,55,1,1,2,1,0,0,1,62,7,1,3,51,1,0
26,260361,1,1,1,14,6,18,52,8,0,1,0,26,1,24,401,24401,14,2009,3GSCL33P29S6,3,G,S,C,L,3,3,P,2,9,S,6,0,0,0,000000000,00000000000,0,0,0,1,0,0,0,0,0,0,0,998,0,0,0,12,2,5,8,0,0,0,1,26,48237,6,1,0,0,3,0,68,195,0,1,0,0,0,2,2012,2,2012,0,0,0,0,0,1,2,25,1,1,1,1,0,0,10,80,99,1,1,13,0,0
26,260362,1,2,1,6,7,12,9,12,1,1,0,18,1,37,32,37032,4,2013,1HGCR2F86DA1,1,H,G,C,R,2,F,8,6,D,A,1,0,0,0,000000000,00000000000,0,0,0,1,0,0,0,0,0,0,0,998,0,0,0,12,6,2,12,0,0,0,1,18,46628,1,1,0,0,2,0,75,240,0,1,0,0,0,6,2013,6,2013,0,99,99,99,99,2,2,60,1,1,2,1,0,0,1,51,99,1,1,24,1,0
26,260362,2,2,1,6,7,12,9,12,1,1,0,26,3,84,884,84884,66,2013,3HSDJSJR7DN1,3,H,S,D,J,S,J,R,7,D,N,1,1,1,57,000169025,57000169025,3,6,1,1,0,0,0,0,0,0,0,998,0,0,0,6,2,5,12,0,0,0,1,26,49442,6,1,6,0,3,3,68,185,0,0,0,0,0,0,0,0,0,0,0,0,0,0,2,2,60,1,1,2,1,0,0,2,53,1,1,1,25,0,0
26,260363,1,2,1,7,7,14,2,12,2,1,0,26,1,20,481,20481,31,2011,1GCRKSE37BZ1,1,G,C,R,K,S,E,3,7,B,Z,1,0,0,0,000000000,00000000000,0,0,0,1,0,0,0,0,0,0,0,998,0,0,0,12,6,2,12,0,0,0,1,26,49886,6,1,0,0,3,3,67,195,1,0,0,0,0,8,2012,8,2012,0,28,0,0,0,1,2,55,1,1,2,1,0,0,1,10,99,1,2,50,1,0
26,260363,2,2,2,7,7,14,2,12,2,1,0,26,1,98,850,98850,73,2003,4UZAAHBV23CL,4,U,Z,A,A,H,B,V,2,3,C,L,1,1,0,000000000,00000000000,0,0,0,1,0,0,0,0,0,0,0,998,0,0,0,12,6,2,12,0,0,0,1,26,49821,6,1,0,0,3,3,74,220,0,0,0,0,0,0,0,0,0,0,0,0,0,0,1,2,55,1,1,2,1,0,0,1,62,99,1,1,51,0,0
26,260364,1,1,1,23,6,3,0,24,0,1,0,26,2,14,6,14006,4,2010,2MEBM7FV2AX6,2,M,E,B,M,7,F,V,2,A,X,6,0,0,0,000000000,00000000000,0,0,0,1,0,0,0,0,0,0,0,998,0,0,0,61,6,2,42,0,0,0,1,26,49837,6,1,0,0,3,3,70,245,0,0,0,0,0,0,0,0,0,5,0,0,0,0,3,2,70,3,2,2,1,0,0,14,12,99,1,4,6,1,0
26,260365,1,2,2,8,7,8,1,12,6,1,0,26,1,37,32,37032,4,2007,1HGCM56407A0,1,H,G,C,M,5,6,4,0,7,A,0,0,0,0,000000000,00000000000,0,0,0,1,0,0,0,0,0,0,0,998,0,0,0,3,6,2,12,0,0,0,1,26,49546,6,1,0,0,3,3,68,174,0,0,0,0,0,0,0,0,0,0,38,0,0,0,5,5,40,1,1,2,1,3,3,11,15,99,1,1,68,1,0
26,260365,2,2,1,8,7,8,1,12,6,1,0,26,2,23,401,23401,14,2002,1GKEK13Z12J1,1,G,K,E,K,1,3,Z,1,2,J,1,0,0,0,000000000,00000000000,0,0,0,1,0,0,0,0,0,0,0,998,0,0,0,12,6,2,12,0,0,0,1,26,49301,6,1,0,0,3,3,63,64,0,0,0,0,0,0,0,0,0,0,0,0,0,0,5,5,40,1,1,2,1,3,3,1,62,99,1,1,69,0,0
26,260366,1,1,2,24,6,23,27,42,0,1,0,26,1,18,401,18401,14,2007,3G5DA03L27S5,3,G,5,D,A,0,3,L,2,7,S,5,0,0,0,000000000,00000000000,0,0,0,1,0,0,0,0,0,0,0,998,0,0,0,9,6,2,42,0,0,0,1,26,48507,6,1,0,0,3,3,64,189,0,0,0,0,0,0,0,0,0,5,58,0,0,0,5,5,45,1,1,2,1,0,0,1,9,99,9,4,2,1,1
26,260367,1,1,1,26,6,22,27,53,0,1,0,26,1,37,705,37705,80,2003,JH2PC370X3M0,J,H,2,P,C,3,7,0,X,3,M,0,0,0,0,000000000,00000000000,0,0,0,1,0,0,0,0,0,0,0,998,0,0,0,12,6,2,59,0,0,0,1,26,48377,6,1,0,0,3,3,75,160,0,0,0,0,0,0,0,0,0,0,0,0,0,0,1,2,40,2,1,2,1,0,0,1,12,99,1,4,6,1,1
26,260368,1,1,1,28,6,4,40,8,0,1,1,26,1,12,37,12037,4,2013,1FADP3N25DL2,1,F,A,D,P,3,N,2,5,D,L,2,0,0,0,000000000,00000000000,0,0,0,1,0,0,0,0,0,0,0,999,0,0,0,1,4,5,8,0,0,0,1,26,48073,6,1,0,0,3,3,71,170,3,0,0,2,3,9,2011,5,2014,9,99,99,99,99,3,4,70,3,1,2,1,0,0,14,80,99,9,9,13,0,0
26,260369,1,1,1,30,6,7,30,14,0,1,0,26,2,22,441,22441,20,1999,1GMDU03EXXD3,1,G,M,D,U,0,3,E,X,X,D,3,0,0,0,000000000,00000000000,0,0,0,1,0,0,0,0,0,0,0,998,0,0,0,12,6,2,14,0,0,0,1,26,48322,0,0,0,0,0,0,76,217,1,7,0,0,1,7,2011,9,2013,9,99,99,99,99,2,2,35,1,8,8,1,0,0,1,13,99,1,4,11,1,0
26,260370,1,2,1,15,6,11,24,12,2,1,0,26,0,73,998,73998,97,2000,JK1AFCA11YB5,J,K,1,A,F,C,A,1,1,Y,B,5,0,0,0,000000000,00000000000,0,0,0,1,0,0,0,0,0,0,0,998,0,0,0,12,6,2,12,0,0,0,1,26,49233,6,1,0,0,1,0,66,170,0,0,0,0,0,0,0,0,0,0,28,0,0,0,1,2,55,1,8,2,1,0,0,1,12,99,1,4,50,1,1
26,260370,2,2,3,15,6,11,24,12,2,1,0,26,1,7,403,7403,14,2011,1D4PU4GK8BW5,1,D,4,P,U,4,G,K,8,B,W,5,0,0,0,000000000,00000000000,0,0,0,1,0,0,0,0,0,0,0,58,0,0,0,12,4,3,12,0,0,0,1,26,49221,6,1,0,0,3,3,65,240,1,0,0,0,0,4,2012,4,2012,0,0,0,0,0,1,2,55,1,8,2,1,0,0,1,62,9,1,4,51,0,0
26,260371,1,2,2,3,7,14,25,12,6,1,0,26,3,7,24,7024,4,2012,2C3CDXAT1CH2,2,C,3,C,D,X,A,T,1,C,H,2,0,0,0,000000000,00000000000,0,0,0,1,0,0,0,0,0,0,0,998,0,0,0,12,6,2,12,0,0,0,1,26,48439,6,1,0,0,3,0,73,185,1,0,0,0,0,11,2013,11,2013,0,16,37,0,0,1,8,98,8,8,8,98,3,3,1,17,99,1,1,86,0,0
26,260371,2,2,3,3,7,14,25,12,6,1,0,26,1,20,23,20023,6,2006,3GNDA23P76S6,3,G,N,D,A,2,3,P,7,6,S,6,0,0,0,000000000,00000000000,0,0,0,1,0,0,0,0,0,0,0,998,0,0,0,3,6,2,12,0,0,0,1,22,71108,1,1,0,0,2,3,62,140,0,1,0,0,0,5,2013,5,2013,0,99,99,99,99,1,4,35,8,8,8,1,3,3,1,17,99,1,1,87,1,0
26,260372,1,1,1,6,7,18,59,34,0,1,0,26,1,76,709,76709,80,1982,15R003440,1,5,R,0,0,3,4,4,0,,,,0,0,0,000000000,00000000000,0,0,0,1,0,0,0,0,0,0,0,998,0,0,0,12,6,2,30,0,0,0,1,26,49461,6,1,0,0,3,0,71,245,0,0,0,0,0,0,0,0,0,0,99,99,99,99,1,2,55,1,1,1,1,0,0,1,13,99,1,4,1,1,1
26,260373,1,1,1,7,7,21,49,8,0,1,1,26,1,7,24,7024,4,2007,2B3KA43R07H7,2,B,3,K,A,4,3,R,0,7,H,7,0,0,0,000000000,00000000000,0,0,0,1,0,0,0,0,0,0,0,998,0,0,0,11,2,3,8,0,0,0,1,26,48505,6,1,0,0,3,3,63,180,0,0,0,1,0,9,2011,9,2011,0,99,99,99,99,1,4,35,1,8,2,1,0,0,1,80,99,1,1,13,0,0
26,260374,1,2,1,10,7,8,58,12,6,1,0,26,9,98,998,98998,95,9999,000000000000,0,0,0,0,0,0,0,0,0,0,0,0,0,0,0,000000000,00000000000,0,0,0,1,0,0,0,0,0,0,0,998,0,0,0,9,6,2,12,0,0,0,1,26,49058,6,1,0,0,1,0,71,195,0,0,0,0,0,0,0,0,0,0,38,0,0,0,1,8,98,1,8,8,1,20,3,4,17,99,1,1,89,1,0
26,260374,2,2,1,10,7,8,58,12,6,1,0,26,2,9,38,9038,4,1999,1P3EJ46C8XN5,1,P,3,E,J,4,6,C,8,X,N,5,0,0,0,000000000,00000000000,0,0,0,1,0,0,0,0,0,0,0,998,0,0,0,12,6,2,12,0,0,0,1,26,49058,6,1,0,0,3,3,70,300,0,0,0,0,0,0,0,0,0,0,0,0,0,0,1,3,50,1,8,8,1,0,0,1,66,99,1,1,88,0,0
26,260375,1,1,1,18,6,22,4,11,0,1,0,26,2,72,706,72706,80,2002,1HD1GHV172K4,1,H,D,1,G,H,V,1,7,2,K,4,0,0,0,000000000,00000000000,0,0,0,1,0,0,0,0,0,0,0,998,0,0,0,12,4,3,11,0,0,0,1,26,48756,1,1,0,0,2,0,73,250,0,0,0,0,0,0,0,0,0,0,0,0,0,0,1,2,55,1,1,2,1,0,0,1,87,99,1,1,13,1,0
26,260376,1,2,1,20,6,6,3,20,0,1,0,26,1,20,481,20481,31,2004,1GCEK14V04E1,1,G,C,E,K,1,4,V,0,4,E,1,0,0,0,000000000,00000000000,0,0,0,1,0,0,0,0,0,0,0,998,0,0,0,12,6,2,20,0,0,0,1,26,48335,6,1,6,0,3,0,69,205,3,0,0,2,0,3,2012,4,2014,0,6,36,0,0,3,4,70,1,8,8,1,0,0,1,13,99,1,4,1,1,0
26,260376,2,2,1,20,6,6,3,20,0,1,0,26,3,20,423,20423,15,2014,1GNKVJKD3EJ2,1,G,N,K,V,J,K,D,3,E,J,2,0,0,0,000000000,00000000000,0,0,0,1,0,0,0,0,0,0,0,998,0,0,0,12,6,2,12,0,0,0,1,26,48843,6,1,0,0,3,3,70,170,0,0,0,0,0,0,0,0,0,0,0,0,0,0,3,4,70,1,8,8,1,0,0,1,64,6,1,2,98,0,0
26,260377,1,2,1,11,7,14,9,12,2,1,0,26,3,12,37,12037,4,2008,1FAHP35N68W2,1,F,A,H,P,3,5,N,6,8,W,2,0,0,0,000000000,00000000000,0,0,0,1,0,0,0,0,0,0,0,998,0,0,0,12,6,2,12,0,0,0,1,26,49683,6,1,0,0,3,0,70,190,0,0,0,0,0,0,0,0,0,0,28,0,0,0,1,3,55,1,2,1,1,0,0,1,62,7,1,2,50,1,0
26,260377,2,2,1,11,7,14,9,12,2,1,0,26,1,23,481,23481,31,2008,1GTHK29648E2,1,G,T,H,K,2,9,6,4,8,E,2,0,0,0,000000000,00000000000,0,0,0,1,0,0,0,0,0,0,0,998,0,0,0,12,6,2,12,0,0,0,1,26,49649,6,1,6,0,3,0,73,225,1,0,0,0,0,11,2011,11,2011,0,0,0,0,0,1,3,55,1,2,1,1,0,0,1,10,99,1,2,51,0,0
26,260378,1,1,1,29,6,3,50,42,0,1,0,26,2,2,405,2405,14,2009,1J8GN28K79W5,1,J,8,G,N,2,8,K,7,9,W,5,0,0,0,000000000,00000000000,0,0,0,1,0,0,0,0,0,0,0,998,0,1,4,12,6,2,1,0,0,0,1,26,48080,6,1,0,0,3,0,70,125,0,1,0,0,2,9,2013,4,2014,9,99,99,99,99,6,1,70,3,1,1,1,0,0,1,12,99,1,4,6,1,0
26,260379,1,1,2,12,7,19,17,53,0,1,0,26,2,2,421,2421,15,1976,J6A17MN05119,J,6,A,1,7,M,N,0,5,1,1,9,0,0,0,000000000,00000000000,0,0,0,1,0,0,0,0,0,0,0,71,0,1,5,12,6,2,34,0,0,0,1,26,48760,6,1,0,0,3,0,68,210,0,0,0,0,0,0,0,0,0,5,36,0,0,0,1,2,55,1,1,1,1,0,0,1,9,4,9,4,7,1,1
26,260380,1,2,1,13,7,18,30,12,1,1,0,26,1,24,401,24401,14,2002,5GZCZ63B72S8,5,G,Z,C,Z,6,3,B,7,2,S,8,0,0,0,000000000,00000000000,0,0,0,1,0,0,0,0,0,0,0,998,0,0,0,12,6,2,12,0,0,0,1,26,48310,6,1,0,0,3,0,66,140,0,0,0,0,0,0,0,0,0,0,26,0,0,0,1,2,45,1,1,2,1,3,3,1,50,99,1,1,20,0,0
26,260380,2,2,2,13,7,18,30,12,1,1,0,26,1,6,51,6051,4,2012,2C3CCACGXCH2,2,C,3,C,C,A,C,G,X,C,H,2,0,0,0,000000000,00000000000,0,0,0,1,0,0,0,0,0,0,0,0,0,0,0,6,6,2,12,0,0,0,1,26,48423,6,1,0,0,3,0,72,198,0,0,0,0,0,0,0,0,0,0,0,0,0,0,1,2,45,1,1,2,1,3,3,5,53,1,1,1,21,1,0
26,260381,1,1,2,24,6,7,0,19,0,1,0,26,3,98,988,98988,52,2003,5FYD2LL113U0,5,F,Y,D,2,L,L,1,1,3,U,0,0,0,88,888888888,88888888888,3,21,22,1,0,0,0,0,6,3,0,998,0,0,0,12,6,2,19,0,0,0,1,26,48214,6,1,6,1,3,0,68,270,1,0,0,0,0,10,2012,10,2012,0,99,99,99,99,5,5,30,1,8,8,1,0,0,1,12,99,1,4,6,1,0
26,260382,1,1,1,1,7,19,26,5,0,1,0,26,2,72,706,72706,80,1999,1HD1FCW10XY6,1,H,D,1,F,C,W,1,0,X,Y,6,0,0,0,000000000,00000000000,0,0,0,1,0,0,0,0,0,0,0,998,0,0,0,0,6,2,5,0,0,0,1,26,48145,6,1,0,0,3,0,71,135,0,0,0,0,0,0,0,0,0,9,99,99,99,99,1,2,45,1,1,2,1,0,0,1,9,99,9,9,0,1,1
26,260383,1,1,3,3,7,21,50,8,0,1,0,26,2,20,401,20401,14,2000,1GNDT13W4Y24,1,G,N,D,T,1,3,W,4,Y,2,4,0,0,0,000000000,00000000000,0,0,0,1,0,0,0,0,0,0,0,998,0,0,0,11,4,3,8,0,0,0,1,26,48723,6,1,0,0,3,0,72,170,1,0,0,2,0,2,2012,12,2013,0,0,0,0,0,1,2,55,1,1,2,1,0,0,1,80,7,1,2,13,0,0
26,260384,1,4,1,12,7,0,25,12,6,1,0,26,1,2,404,2404,14,1997,1J4GZ78YXVC6,1,J,4,G,Z,7,8,Y,X,V,C,6,0,0,0,000000000,00000000000,0,0,0,1,0,0,0,0,0,0,0,998,0,1,1,12,6,2,12,0,0,0,1,26,48089,6,1,0,0,3,0,75,200,0,2,0,0,0,7,2012,1,2013,0,39,0,0,0,4,1,98,1,8,8,1,20,3,1,17,99,1,9,88,1,1
26,260384,2,4,2,12,7,0,25,12,6,1,0,26,2,20,2,20002,4,2002,2G1WF52E6291,2,G,1,W,F,5,2,E,6,2,9,1,0,0,0,000000000,00000000000,0,0,0,1,0,0,0,0,0,0,0,998,0,0,0,11,6,2,12,0,0,0,1,26,48219,1,1,0,0,2,0,68,145,0,7,0,0,1,5,2012,11,2012,0,23,0,0,0,1,2,98,1,8,8,1,3,3,1,16,99,1,9,89,0,0
26,260384,3,4,2,12,7,0,25,12,6,1,0,26,1,55,401,55401,14,2003,KM8SC73D53U5,K,M,8,S,C,7,3,D,5,3,U,5,0,0,0,000000000,00000000000,0,0,0,1,0,0,0,0,0,0,0,0,0,0,0,12,6,2,12,0,0,0,1,26,48071,6,1,0,0,3,3,68,110,1,0,0,0,0,5,2014,5,2014,0,0,0,0,0,1,2,30,1,8,8,1,3,3,5,62,1,1,1,98,0,0
26,260384,4,4,2,12,7,0,25,12,6,1,0,26,1,54,399,54399,4,1999,JH4KA9660XC0,J,H,4,K,A,9,6,6,0,X,C,0,0,0,0,000000000,00000000000,0,0,0,1,0,0,0,0,0,0,0,0,0,0,0,12,6,2,12,0,0,0,1,26,48071,6,1,0,0,3,3,65,118,0,0,0,0,0,0,0,0,0,0,0,0,0,0,1,2,30,1,8,8,1,3,3,5,98,1,1,1,98,0,0
26,260385,1,2,2,4,7,18,19,12,6,1,0,26,1,18,3,18003,4,2004,1G4CW54K8441,1,G,4,C,W,5,4,K,8,4,4,1,0,0,0,000000000,00000000000,0,0,0,1,0,0,0,0,0,0,0,998,0,0,0,1,4,3,12,0,0,0,1,26,49451,6,1,0,0,3,3,66,160,0,0,0,0,0,0,0,0,0,0,0,0,0,0,1,2,55,1,2,2,1,0,0,13,98,99,9,3,92,0,0
26,260385,2,2,1,4,7,18,19,12,6,1,0,26,1,53,706,53706,80,2000,JS1VY51A9Y21,J,S,1,V,Y,5,1,A,9,Y,2,1,0,0,0,000000000,00000000000,0,0,0,1,0,0,0,0,0,0,0,998,0,0,0,12,4,3,12,0,0,1,1,26,49345,6,1,0,0,2,0,71,230,1,0,1,1,0,9,2013,3,2014,5,0,0,0,0,1,2,55,1,2,2,1,0,0,1,56,99,1,1,93,1,1
26,260386,1,2,1,3,7,16,7,12,6,1,0,26,2,12,481,12481,31,2006,1FTPW12566FA,1,F,T,P,W,1,2,5,6,6,F,A,0,0,0,000000000,00000000000,0,0,0,1,0,0,0,0,0,0,0,998,0,0,0,9,6,2,12,0,0,0,1,26,48162,6,1,0,0,3,0,70,150,1,0,0,0,1,12,2011,12,2011,5,6,36,0,0,2,2,70,1,8,8,1,0,0,1,98,99,3,6,64,0,1
26,260386,2,2,3,3,7,16,7,12,6,1,0,26,2,14,17,14017,4,2001,1MEHM55SX1G6,1,M,E,H,M,5,5,S,X,1,G,6,0,0,0,000000000,00000000000,0,0,0,1,0,0,0,0,0,0,0,998,0,0,0,12,6,2,12,0,0,0,1,26,49286,6,1,0,0,3,0,72,150,0,0,0,1,0,7,2013,7,2013,0,0,0,0,0,2,2,70,1,8,8,1,0,0,1,64,99,1,1,65,2,0
26,260387,1,1,1,7,7,4,45,1,0,1,0,26,1,12,401,12401,14,2002,1FMYU60E82UA,1,F,M,Y,U,6,0,E,8,2,U,A,0,0,0,000000000,00000000000,0,0,0,1,0,0,0,0,0,0,0,998,0,2,1,0,6,2,1,0,0,0,1,26,48183,6,1,0,0,3,3,67,174,0,0,0,0,1,6,2012,6,2012,0,99,99,99,99,3,3,70,1,1,1,1,0,0,1,98,7,9,2,98,1,0
26,260388,1,2,4,15,7,5,44,12,6,1,0,26,3,12,481,12481,31,2013,1FT7W2B62DEA,1,F,T,7,W,2,B,6,2,D,E,A,0,0,0,000000000,00000000000,0,0,0,1,0,0,0,0,0,0,0,998,0,0,0,12,6,2,12,0,0,0,1,26,49631,6,1,6,0,3,3,75,275,0,0,0,0,0,0,0,0,0,0,0,0,0,0,1,2,55,1,1,2,1,0,0,1,50,99,1,1,88,1,0
26,260388,2,2,1,15,7,5,44,12,6,1,0,26,3,87,884,87884,66,2006,1XP5DB9X76N8,1,X,P,5,D,B,9,X,7,6,N,8,1,1,57,000075839,57000075839,3,6,98,1,0,0,0,0,0,0,0,0,0,0,0,9,0,5,12,0,0,0,1,26,49343,6,1,6,0,3,0,66,165,0,0,0,0,0,0,0,0,0,0,99,99,99,99,0,0,0,0,0,0,0,0,0,5,17,1,1,1,89,0,0
26,260389,1,2,1,5,7,23,25,8,0,1,0,26,1,6,52,6052,6,2003,3C4FY48B13T6,3,C,4,F,Y,4,8,B,1,3,T,6,0,0,0,000000000,00000000000,0,0,0,1,0,0,0,0,0,0,0,998,0,0,0,12,6,2,8,0,0,0,1,26,48030,6,1,0,0,3,3,68,215,0,0,0,0,0,0,0,0,0,0,0,0,0,0,3,5,70,1,1,2,1,0,0,1,80,6,1,1,13,0,0
26,260389,2,2,1,5,7,23,25,8,0,1,0,26,1,42,399,42399,4,2003,WDBUF70J33A1,W,D,B,U,F,7,0,J,3,3,A,1,0,0,0,000000000,00000000000,0,0,0,1,0,0,0,0,0,0,0,998,0,0,0,12,4,3,12,0,0,0,1,26,48312,6,1,0,0,3,0,69,175,0,0,0,0,0,0,0,0,0,0,0,0,0,0,3,5,70,1,1,2,1,0,0,1,51,98,1,1,98,0,0
26,260390,1,1,1,7,7,21,0,11,0,1,0,26,1,72,706,72706,80,2002,1HD1FRW102Y6,1,H,D,1,F,R,W,1,0,2,Y,6,0,0,0,000000000,00000000000,0,0,0,1,0,0,0,0,0,0,0,998,0,0,0,12,6,2,11,0,0,0,1,26,49421,6,1,0,0,3,0,68,210,0,0,1,1,0,4,2012,9,2012,0,0,0,0,0,1,2,55,1,1,2,1,0,0,1,87,99,1,1,13,1,0
26,260391,1,1,1,14,7,6,35,8,0,1,0,26,1,12,402,12402,14,2006,1FMCU93196KA,1,F,M,C,U,9,3,1,9,6,K,A,0,0,0,000000000,00000000000,0,0,0,1,0,0,0,0,0,0,0,998,0,0,0,1,6,2,8,0,0,0,1,26,49688,6,1,0,0,3,0,63,120,0,0,0,0,0,0,0,0,0,0,0,0,0,0,5,5,45,1,1,2,1,0,0,1,81,6,1,1,13,0,0
26,260392,1,1,1,7,7,23,58,8,0,1,0,26,2,20,22,20022,4,2005,1G1AL52FX575,1,G,1,A,L,5,2,F,X,5,7,5,0,0,0,000000000,00000000000,0,0,0,1,0,0,0,0,0,0,0,998,0,0,0,12,4,3,8,0,0,0,1,26,48152,6,1,0,0,3,0,71,190,0,0,0,0,0,0,0,0,0,9,99,99,99,99,2,4,45,1,1,2,1,0,0,15,80,1,1,3,13,0,0
26,260393,1,2,1,4,7,21,52,12,6,1,0,26,1,20,481,20481,31,2011,1GCRKSE30BZ3,1,G,C,R,K,S,E,3,0,B,Z,3,0,0,0,000000000,00000000000,0,0,0,1,0,0,0,0,0,0,0,998,0,0,0,12,6,2,12,0,0,0,1,26,49519,6,1,0,0,3,3,74,220,1,0,0,0,0,3,2014,3,2014,0,39,0,0,0,3,4,45,1,1,2,1,3,3,1,17,99,1,1,86,0,0
26,260393,2,2,1,4,7,21,52,12,6,1,0,26,2,72,706,72706,80,2005,1HD1FCW155Y6,1,H,D,1,F,C,W,1,5,5,Y,6,0,0,0,000000000,00000000000,0,0,0,1,0,0,0,0,0,0,0,998,0,0,0,3,6,2,12,0,0,0,1,26,49519,6,1,0,0,3,0,74,180,1,0,0,1,1,11,2012,4,2013,0,0,0,0,0,8,8,98,1,8,8,1,3,3,1,66,99,1,1,87,1,0