STATE,ST_CASE,VEH_NO,VE_FORMS,NUMOCCS,DAY,MONTH,HOUR,MINUTE,HARM_EV,MAN_COLL,UNITTYPE,HIT_RUN,REG_STAT,OWNER,MAKE,MODEL,MAK_MOD,BODY_TYP,MOD_YEAR,VIN,VIN_1,VIN_2,VIN_3,VIN_4,VIN_5,VIN_6,VIN_7,VIN_8,VIN_9,VIN_10,VIN_11,VIN_12,TOW_VEH,J_KNIFE,MCARR_I1,MCARR_I2,MCARR_ID,GVWR,V_CONFIG,CARGO_BT,HAZ_INV,HAZ_PLAC,HAZ_ID,HAZ_CNO,HAZ_REL,BUS_USE,SPEC_USE,EMER_USE,TRAV_SP,UNDERIDE,ROLLOVER,ROLINLOC,IMPACT1,DEFORMED,TOWED,M_HARM,VEH_SC1,VEH_SC2,FIRE_EXP,DR_PRES,L_STATE,DR_ZIP,L_STATUS,L_TYPE,CDL_STAT,L_ENDORS,L_COMPL,L_RESTRI,DR_HGT,DR_WGT,PREV_ACC,PREV_SUS,PREV_DWI,PREV_SPD,PREV_OTH,FIRST_MO,FIRST_YR,LAST_MO,LAST_YR,SPEEDREL,DR_SF1,DR_SF2,DR_SF3,DR_SF4,VTRAFWAY,VNUM_LAN,VSPD_LIM,VALIGN,VPROFILE,VPAVETYP,VSURCOND,VTRAFCON,VTCONT_F,P_CRASH1,P_CRASH2,P_CRASH3,PCRASH4,PCRASH5,ACC_TYPE,DEATHS,DR_DRINK
26,260511,1,2,1,1,8,10,17,12,6,1,0,26,2,48,34,48034,6,1999,4S3BG6852X76,4,S,3,B,G,6,8,5,2,X,7,6,0,0,0,000000000,00000000000,0,0,0,1,0,0,0,0,0,0,0,998,0,0,0,9,6,2,12,0,0,0,1,26,49849,6,1,0,0,3,0,61,150,0,0,0,0,0,0,0,0,0,0,38,0,0,0,0,0,0,0,0,0,0,0,0,11,15,99,1,1,82,1,0
26,260511,2,2,1,1,8,10,17,12,6,1,0,26,3,82,881,82881,63,2004,1FVHALAS84DM,1,F,V,H,A,L,A,S,8,4,D,M,0,0,57,000392011,57000392011,3,2,4,1,0,0,0,0,0,0,0,998,0,0,0,12,4,3,12,0,0,0,1,26,49855,6,1,6,0,3,0,73,250,0,0,0,0,0,0,0,0,0,0,0,0,0,0,5,5,55,1,8,8,1,3,3,1,72,99,1,1,83,0,0
26,260512,1,2,1,20,6,2,37,12,1,1,0,26,2,19,17,19017,4,2000,W06VR54R2YR0,W,0,6,V,R,5,4,R,2,Y,R,0,0,0,0,000000000,00000000000,0,0,0,1,0,0,0,0,0,0,0,998,0,0,0,12,6,2,32,0,0,0,1,26,48111,1,1,0,0,2,0,70,140,0,0,0,0,0,0,0,0,0,0,36,0,0,0,1,2,55,1,8,8,1,0,0,1,51,99,1,1,24,1,1
26,260512,2,2,1,20,6,2,37,12,1,1,0,39,1,2,405,2405,14,2007,1J4GK48K37W6,1,J,4,G,K,4,8,K,3,7,W,6,0,0,0,000000000,00000000000,0,0,0,1,0,0,0,0,0,0,0,998,0,0,0,6,6,2,12,0,0,0,1,39,44035,6,1,6,0,3,0,66,170,1,2,0,0,2,11,2013,1,2014,0,99,99,99,99,1,2,55,1,8,8,1,0,0,1,53,1,1,1,25,0,1
26,260513,1,2,3,23,8,0,42,12,6,1,0,26,2,35,43,35043,4,2005,3N1CB51D85L5,3,N,1,C,B,5,1,D,8,5,L,5,0,0,0,000000000,00000000000,0,0,0,1,0,0,0,0,0,0,0,998,0,1,5,12,6,2,12,0,0,0,1,26,49653,6,2,0,0,3,2,68,150,1,0,0,0,0,12,2013,12,2013,5,36,39,74,0,1,2,98,1,8,8,1,20,3,1,17,1,1,1,88,1,0
26,260513,2,2,1,23,8,0,42,12,6,1,0,26,1,12,481,12481,31,2004,1FTPX14554NA,1,F,T,P,X,1,4,5,5,4,N,A,0,0,0,000000000,00000000000,0,0,0,1,0,0,0,0,0,0,0,998,0,1,5,11,6,2,1,0,0,0,1,26,49621,6,1,0,0,3,0,75,212,0,0,0,0,0,0,0,0,0,0,0,0,0,0,1,2,55,1,1,2,1,0,0,1,66,99,1,1,89,1,0
26,260514,1,1,1,23,8,19,17,34,0,1,0,26,2,20,481,20481,31,2003,1GCEK19T93Z1,1,G,C,E,K,1,9,T,9,3,Z,1,0,0,0,000000000,00000000000,0,0,0,1,0,0,0,0,0,0,0,998,0,0,0,12,6,2,42,0,0,0,1,26,48458,6,1,0,0,3,0,70,225,0,0,0,1,0,5,2014,5,2014,0,36,0,0,0,1,2,55,1,2,2,1,0,0,6,13,99,2,4,7,1,1
26,260515,1,1,3,7,7,11,38,42,0,1,0,26,1,12,471,12471,30,1994,1FTCR10A3RUC,1,F,T,C,R,1,0,A,3,R,U,C,0,0,0,000000000,00000000000,0,0,0,1,0,0,0,0,0,0,0,998,0,0,0,12,6,2,42,0,0,0,1,26,49665,6,1,0,0,3,0,67,164,0,0,0,0,0,0,0,0,0,0,99,99,99,99,1,2,55,1,1,2,1,0,0,1,13,99,1,4,1,1,1
26,260516,1,1,1,26,6,16,35,9,0,1,0,26,1,12,401,12401,14,2014,1FM5K8F88EGB,1,F,M,5,K,8,F,8,8,E,G,B,0,0,0,000000000,00000000000,0,0,0,1,0,0,0,0,0,0,0,998,0,0,0,12,2,5,9,0,0,0,1,26,49329,1,1,0,0,2,0,68,180,0,0,0,0,0,0,0,0,0,0,0,0,0,0,5,5,45,1,1,1,1,0,0,1,84,99,1,1,13,0,0
26,260517,1,1,1,27,8,1,7,8,0,1,0,26,1,7,442,7442,20,2000,1B4GP44LXYB7,1,B,4,G,P,4,4,L,X,Y,B,7,0,0,0,000000000,00000000000,0,0,0,1,0,0,0,0,0,0,0,998,0,0,0,1,2,3,8,0,0,0,1,26,49441,6,1,0,0,3,3,71,360,1,0,0,0,1,3,2014,3,2014,0,0,0,0,0,2,3,50,1,8,8,1,3,3,1,80,4,1,1,13,0,0
26,260518,1,2,2,27,8,9,38,12,6,1,0,26,1,20,481,20481,31,2008,2GCEK19J6811,2,G,C,E,K,1,9,J,6,8,1,1,0,0,0,000000000,00000000000,0,0,0,1,0,0,0,0,0,0,0,998,0,0,0,12,6,8,12,0,0,0,1,26,48897,6,1,0,0,3,0,71,195,1,0,0,0,0,7,2012,7,2012,0,0,0,0,0,1,2,55,1,2,1,1,0,0,1,66,99,1,1,88,0,0
26,260518,2,2,1,27,8,9,38,12,6,1,0,26,2,18,7,18007,4,2002,2G4WS52JX211,2,G,4,W,S,5,2,J,X,2,1,1,0,0,0,000000000,00000000000,0,0,0,1,0,0,0,0,0,0,0,998,0,0,0,9,6,8,12,0,0,0,1,26,49633,6,1,0,0,3,3,70,245,2,0,0,0,1,12,2013,8,2014,0,38,0,0,0,1,2,55,1,8,8,1,20,3,1,17,99,1,1,89,1,0
26,260519,1,1,1,23,8,6,2,8,0,1,0,26,1,2,404,2404,14,1994,1J4FJ78S2RL1,1,J,4,F,J,7,8,S,2,R,L,1,0,0,0,000000000,00000000000,0,0,0,1,0,0,0,0,0,0,0,998,0,0,0,11,2,3,8,0,0,0,1,26,49601,6,1,0,0,3,3,73,189,0,0,0,0,0,0,0,0,0,0,0,0,0,0,5,3,40,1,8,8,1,0,0,1,80,99,1,1,13,0,0
26,260520,1,1,1,24,8,22,43,32,0,1,1,26,1,2,404,2404,14,1994,1J4FJ68S0RL2,1,J,4,F,J,6,8,S,0,R,L,2,0,0,0,000000000,00000000000,0,0,0,1,0,0,0,0,0,0,0,998,0,0,0,12,6,2,32,0,0,1,1,26,48313,6,1,0,0,3,0,72,180,0,0,0,1,0,8,2014,8,2014,5,0,0,0,0,1,2,55,1,8,8,1,0,0,1,13,99,1,4,1,1,0
26,260521,1,2,2,28,8,10,28,12,2,1,0,26,1,37,39,37039,5,2007,JHMGD38607S0,J,H,M,G,D,3,8,6,0,7,S,0,0,0,0,000000000,00000000000,0,0,0,1,0,0,0,0,0,0,0,998,0,0,0,12,6,2,12,0,0,0,1,26,49098,6,1,0,0,3,0,71,240,0,0,0,0,0,0,0,0,0,0,28,0,0,0,1,2,55,1,1,2,1,0,0,1,10,99,1,2,50,2,0
26,260521,2,2,1,28,8,10,28,12,2,1,0,26,1,12,402,12402,14,2009,1FMCU93739KB,1,F,M,C,U,9,3,7,3,9,K,B,0,0,0,000000000,00000000000,0,0,0,1,0,0,0,0,0,0,0,32,0,0,0,12,6,2,12,0,0,0,1,26,49057,6,1,0,0,3,3,76,180,0,0,0,0,0,0,0,0,0,0,0,0,0,0,1,2,55,1,1,2,1,0,0,1,60,9,1,1,51,0,0
26,260522,1,1,1,31,8,2,7,5,0,1,0,26,1,72,706,72706,80,2006,1HD1BTY156Y0,1,H,D,1,B,T,Y,1,5,6,Y,0,0,0,0,000000000,00000000000,0,0,0,1,0,0,0,0,0,0,0,998,0,0,0,0,2,3,5,0,0,0,1,26,49022,6,1,0,0,3,0,73,200,1,0,0,1,0,10,2012,5,2014,0,99,99,99,99,1,2,25,2,1,2,1,0,0,14,98,99,1,4,0,1,1
26,260523,1,1,4,17,8,23,29,8,0,1,0,26,3,49,32,49032,4,2012,2T1BU4EE5CC7,2,T,1,B,U,4,E,E,5,C,C,7,0,0,0,000000000,00000000000,0,0,0,1,0,0,0,0,0,0,0,998,0,0,0,12,4,5,8,0,0,0,1,26,48187,6,1,0,0,3,0,62,165,0,0,0,2,0,8,2011,2,2013,0,0,0,0,0,2,5,50,1,8,8,1,3,3,1,80,6,1,1,13,0,0
26,260524,1,1,1,2,9,19,48,9,0,1,0,26,2,20,2,20002,4,2010,2G1WB5EK5A11,2,G,1,W,B,5,E,K,5,A,1,1,0,0,0,000000000,00000000000,0,0,0,1,0,0,0,0,0,0,0,998,0,0,0,12,6,2,9,0,0,0,1,26,48820,6,1,0,0,3,0,63,125,2,0,0,0,0,12,2011,10,2012,0,6,36,0,0,1,2,55,1,3,2,1,0,0,1,83,1,1,1,13,0,0
26,260525,1,1,2,21,7,0,25,8,0,1,1,26,1,22,22,22022,4,2007,1G2ZH57N9742,1,G,2,Z,H,5,7,N,9,7,4,2,0,0,0,000000000,00000000000,0,0,0,1,0,0,0,0,0,0,0,998,0,0,0,12,2,5,8,0,0,0,1,26,48227,1,1,0,0,2,0,60,134,0,17,0,1,3,7,2012,7,2014,0,99,99,99,99,1,4,35,1,8,8,1,0,0,1,80,99,1,1,13,0,0
26,260526,1,1,1,29,8,23,18,9,0,1,0,26,2,49,32,49032,4,2014,5YFBURHE7EP0,5,Y,F,B,U,R,H,E,7,E,P,0,0,0,0,000000000,00000000000,0,0,0,1,0,0,0,0,0,0,0,998,0,0,0,1,4,3,9,0,0,0,1,26,49509,6,1,0,0,3,0,65,198,0,0,0,0,0,0,0,0,0,0,0,0,0,0,1,2,55,1,1,2,1,0,0,1,83,1,1,1,13,0,0
26,260527,1,1,5,28,8,15,15,30,0,1,0,26,2,18,20,18020,4,2000,2G4WB55K6Y11,2,G,4,W,B,5,5,K,6,Y,1,1,0,0,0,000000000,00000000000,0,0,0,1,0,0,0,0,0,0,0,998,0,0,0,12,6,2,42,0,0,0,1,26,49461,6,1,0,0,3,0,70,129,0,0,0,0,0,0,0,0,0,5,36,0,0,0,1,1,25,1,8,4,1,0,0,1,9,99,2,4,7,1,0
26,260528,1,1,1,15,8,13,51,35,0,1,0,26,1,20,481,20481,31,2006,3GCEC14VX6G1,3,G,C,E,C,1,4,V,X,6,G,1,0,0,0,000000000,00000000000,0,0,0,1,0,0,0,0,0,0,0,998,0,0,0,1,4,3,35,0,0,0,1,26,48815,6,1,0,0,3,3,76,150,0,0,0,0,0,0,0,0,0,0,99,99,99,99,1,2,55,1,8,8,1,0,0,1,8,99,7,4,7,1,0
26,260529,1,2,1,3,9,20,48,12,2,1,0,26,2,24,2,24002,2,1994,1G8ZG1575RZ2,1,G,8,Z,G,1,5,7,5,R,Z,2,0,0,0,000000000,00000000000,0,0,0,1,0,0,0,0,0,0,0,998,0,1,3,12,6,2,12,0,0,0,1,26,49684,6,1,0,0,3,0,68,175,0,0,0,0,0,0,0,0,0,0,23,51,0,0,2,2,70,1,2,1,1,0,0,1,54,99,1,1,52,1,1
26,260529,2,2,2,3,9,20,48,12,2,1,0,26,1,6,441,6441,20,2009,2A8HR64X79R6,2,A,8,H,R,6,4,X,7,9,R,6,0,0,0,000000000,00000000000,0,0,0,1,0,0,0,0,0,0,0,998,0,0,0,12,6,2,12,0,0,0,1,26,48356,6,1,0,0,3,0,70,198,0,0,0,0,0,0,0,0,0,0,0,0,0,0,1,2,70,1,2,1,1,0,0,1,54,1,1,1,52,0,0
26,260530,1,1,1,26,8,14,57,25,0,1,0,26,1,20,403,20403,14,2008,1GNET13H0821,1,G,N,E,T,1,3,H,0,8,2,1,0,0,0,000000000,00000000000,0,0,0,1,0,0,0,0,0,0,0,81,0,1,3,11,4,3,1,0,0,0,1,26,48227,6,1,0,0,3,0,72,145,1,0,0,0,3,3,2013,8,2014,5,0,0,0,0,3,2,55,1,8,8,1,0,0,6,90,6,1,4,6,1,0
26,260532,1,1,5,24,8,3,0,35,0,1,0,26,1,24,9,24009,4,2007,1G8ZS57N57F1,1,G,8,Z,S,5,7,N,5,7,F,1,0,0,0,000000000,00000000000,0,0,0,1,0,0,0,0,0,0,0,998,0,1,5,99,6,2,35,0,0,0,1,26,48202,6,1,0,0,3,0,64,172,0,3,0,0,2,12,2012,4,2013,5,6,36,0,0,3,4,70,1,8,8,1,0,0,15,9,99,2,4,2,1,1
26,260533,1,2,2,4,9,21,5,12,6,1,0,26,2,22,20,22020,4,2001,1G2WP52K61F1,1,G,2,W,P,5,2,K,6,1,F,1,0,0,0,000000000,00000000000,0,0,0,1,0,0,0,0,0,0,0,998,0,0,0,3,6,2,42,0,0,0,1,26,49337,6,1,0,0,3,0,67,120,2,6,0,3,2,5,2012,8,2014,0,39,0,0,0,1,2,55,1,1,5,1,20,3,1,17,99,1,1,87,1,0
26,260533,2,2,1,4,9,21,5,12,6,1,0,26,2,12,401,12401,14,2002,1FMZU73E82UB,1,F,M,Z,U,7,3,E,8,2,U,B,0,0,0,000000000,00000000000,0,0,0,1,0,0,0,0,0,0,0,998,0,1,5,12,6,2,12,0,0,0,1,26,49337,6,1,0,0,3,3,62,163,0,0,0,0,0,0,0,0,0,0,0,0,0,0,1,2,98,1,8,8,1,0,0,1,66,99,1,1,86,0,0
26,260534,1,1,1,30,8,16,33,42,0,1,0,26,1,20,404,20404,14,2005,2CNDL23F4561,2,C,N,D,L,2,3,F,4,5,6,1,0,0,0,000000000,00000000000,0,0,0,1,0,0,0,0,0,0,0,998,0,0,0,12,4,3,42,0,0,0,1,26,49507,6,1,0,0,3,3,64,183,1,0,0,0,1,8,2012,8,2012,9,99,99,99,99,1,2,25,1,1,2,1,20,3,11,8,1,1,4,1,1,1
26,260535,1,2,2,17,8,18,40,12,6,1,0,26,4,20,28,20028,4,2014,1G1JC5SH9E41,1,G,1,J,C,5,S,H,9,E,4,1,0,0,0,000000000,00000000000,0,0,0,1,0,0,0,0,0,0,0,998,0,0,0,12,6,2,12,0,0,0,1,26,48183,6,1,0,0,3,0,69,200,1,0,0,0,0,4,2014,4,2014,0,39,0,0,0,5,7,40,1,8,8,1,3,3,1,17,99,1,1,88,1,0
26,260535,2,2,3,17,8,18,40,12,6,1,0,26,1,12,402,12402,14,2014,1FMCU0GX9EUA,1,F,M,C,U,0,G,X,9,E,U,A,0,0,0,000000000,00000000000,0,0,0,1,0,0,0,0,0,0,0,998,0,0,0,11,6,2,12,0,0,0,1,26,48239,6,1,0,0,3,0,64,150,0,0,0,0,0,0,0,0,0,0,39,0,0,0,8,8,98,1,8,8,1,3,3,1,17,99,1,1,89,0,0
26,260536,1,1,1,3,9,21,27,8,0,1,0,26,1,49,442,49442,20,2011,5TDKK3DC9BS0,5,T,D,K,K,3,D,C,9,B,S,0,0,0,0,000000000,00000000000,0,0,0,1,0,0,0,0,0,0,0,998,0,0,0,12,6,2,8,0,0,0,1,26,49085,6,1,0,0,3,0,71,205,0,0,0,0,0,0,0,0,0,0,0,0,0,0,5,5,45,1,1,2,1,0,0,1,80,99,1,1,13,0,0
26,260537,1,2,1,5,9,15,32,12,6,1,0,26,1,18,23,18023,4,2007,1G4HP57297U1,1,G,4,H,P,5,7,2,9,7,U,1,0,0,0,000000000,00000000000,0,0,0,1,0,0,0,0,0,0,0,998,0,0,0,9,6,2,12,0,0,0,1,26,48744,6,1,0,0,3,3,72,225,0,0,0,0,0,0,0,0,0,0,38,0,0,0,1,2,55,1,8,8,1,20,3,1,17,99,1,1,89,1,0
26,260537,2,2,1,5,9,15,32,12,6,1,0,26,2,19,17,19017,4,1998,W06VR52R7WR2,W,0,6,V,R,5,2,R,7,W,R,2,0,0,0,000000000,00000000000,0,0,0,1,0,0,0,0,0,0,0,998,0,0,0,12,6,2,12,0,0,0,1,26,48744,6,1,0,0,3,0,70,185,1,0,0,0,0,10,2013,10,2013,0,0,0,0,0,1,2,55,1,3,2,1,0,0,1,66,99,1,1,88,0,0
26,260538,1,1,1,7,8,11,10,42,0,1,0,26,2,20,404,20404,14,2009,2CNDL13F5962,2,C,N,D,L,1,3,F,5,9,6,2,0,0,0,000000000,00000000000,0,0,0,1,0,0,0,0,0,0,0,998,0,0,0,12,6,2,42,0,0,0,1,26,49097,6,1,0,0,3,0,63,130,0,0,0,0,0,0,0,0,0,9,99,99,99,99,1,2,55,1,1,2,1,0,0,1,13,99,1,4,1,1,0
26,260539,1,2,2,5,9,15,34,12,2,1,0,26,1,13,1,13001,4,1997,1LNLM81W8VY6,1,L,N,L,M,8,1,W,8,V,Y,6,0,0,0,000000000,00000000000,0,0,0,1,0,0,0,0,0,0,0,998,0,0,0,12,6,2,12,0,0,0,1,26,49505,6,1,0,0,3,0,68,175,1,2,0,0,1,4,2014,8,2014,0,51,0,0,0,3,2,70,1,1,1,1,0,0,1,54,99,1,1,52,1,0
26,260539,2,2,2,5,9,15,34,12,2,1,0,26,2,49,43,49043,4,2000,4T1BF28B9YU1,4,T,1,B,F,2,8,B,9,Y,U,1,0,0,0,000000000,00000000000,0,0,0,1,0,0,0,0,0,0,0,998,0,0,0,12,6,2,12,0,0,0,1,26,49437,6,1,0,0,3,0,76,210,0,0,0,0,0,0,0,0,0,0,0,0,0,0,3,2,70,1,1,1,1,0,0,1,54,99,1,1,52,1,0
26,260540,1,1,1,7,9,20,40,42,0,1,0,26,2,7,20,7020,4,2001,1B3AS46F51D2,1,B,3,A,S,4,6,F,5,1,D,2,0,0,0,000000000,00000000000,0,0,0,1,0,0,0,0,0,0,0,57,0,0,0,9,6,2,42,0,0,0,1,26,49707,6,1,0,0,3,0,60,118,1,0,0,0,0,5,2014,5,2014,5,0,0,0,0,1,2,55,1,2,4,1,0,0,1,6,2,3,4,2,1,0
26,260541,1,1,3,6,9,13,45,30,0,1,0,51,1,13,12,13012,4,2005,1LNHM87A75Y6,1,L,N,H,M,8,7,A,7,5,Y,6,0,0,0,000000000,00000000000,0,0,0,1,0,0,0,0,0,0,0,998,0,0,0,12,6,2,30,0,0,0,1,26,48101,6,1,0,0,3,0,72,220,1,0,0,0,4,12,2011,3,2014,0,99,99,99,99,5,5,35,1,8,8,1,0,0,1,13,99,1,4,1,1,0
26,260542,1,1,1,22,8,14,39,11,0,1,0,26,1,72,706,72706,80,2003,1HD1FCW143Y6,1,H,D,1,F,C,W,1,4,3,Y,6,0,0,0,000000000,00000000000,0,0,0,1,0,0,0,0,0,0,0,998,0,0,0,99,6,2,11,0,0,0,1,26,49265,6,1,0,0,3,0,70,200,0,0,0,0,0,0,0,0,0,9,57,0,0,0,1,2,55,1,8,8,1,0,0,1,87,99,1,1,13,1,0
26,260543,1,1,1,26,2,3,30,33,0,1,0,26,9,7,24,7024,4,2013,2C3CDXCTXDH6,2,C,3,C,D,X,C,T,X,D,H,6,0,0,0,000000000,00000000000,0,0,0,1,0,0,0,0,0,0,0,998,0,0,0,98,6,8,42,0,0,1,1,26,48224,0,0,0,0,0,0,999,999,99,99,99,99,99,99,9999,99,9999,5,99,99,99,99,2,2,30,1,8,8,1,0,0,99,9,99,9,4,7,1,1
26,260544,1,2,1,7,9,19,3,12,7,1,0,26,2,12,481,12481,31,1996,1FTHX26F1TEA,1,F,T,H,X,2,6,F,1,T,E,A,0,0,0,000000000,00000000000,0,0,0,1,0,0,0,0,0,0,0,998,0,1,5,5,6,2,42,0,0,0,1,26,48449,3,1,0,0,2,0,70,176,0,0,0,0,0,0,0,0,0,5,0,0,0,0,1,2,55,1,1,2,1,0,0,1,51,6,1,1,48,1,0
26,260544,2,2,1,7,9,19,3,12,7,1,0,26,9,98,998,98998,92,9999,999999999999,9,9,9,9,9,9,9,9,9,9,9,9,0,0,0,000000000,00000000000,0,0,0,1,0,0,0,0,0,0,0,998,0,0,0,7,6,2,12,0,0,0,1,26,48817,9,9,99,9,9,9,999,999,99,99,99,99,99,99,9999,99,9999,0,99,99,99,99,1,2,55,1,1,2,1,0,0,1,53,99,1,1,48,0,0
26,260545,1,1,2,11,9,3,50,32,0,1,0,26,1,14,15,14015,2,1992,1MEPM31X4NK6,1,M,E,P,M,3,1,X,4,N,K,6,0,0,0,000000000,00000000000,0,0,0,1,0,0,0,0,0,0,0,998,0,1,5,12,6,2,32,0,0,0,1,26,48162,6,1,0,0,3,0,63,135,0,1,0,0,2,6,2012,2,2014,0,6,36,0,0,1,2,55,1,1,5,1,0,0,1,13,99,1,4,1,1,1
26,260546,1,2,1,13,9,19,29,12,6,1,0,26,2,2,404,2404,14,2000,1J4GW48S1YC3,1,J,4,G,W,4,8,S,1,Y,C,3,0,0,0,000000000,00000000000,0,0,0,1,0,0,0,0,0,0,0,998,0,0,0,12,6,2,12,0,0,0,1,26,49428,6,1,0,0,3,0,71,170,0,0,0,0,0,0,0,0,0,0,38,0,0,0,1,2,45,1,1,2,1,3,3,1,17,99,1,1,88,0,0
26,260546,2,2,1,13,9,19,29,12,6,1,0,26,1,49,40,49040,4,1995,4T1SK12E5SU5,4,T,1,S,K,1,2,E,5,S,U,5,0,0,0,000000000,00000000000,0,0,0,1,0,0,0,0,0,0,0,998,0,0,0,9,6,2,12,0,0,0,1,26,49519,6,1,0,0,3,0,72,135,1,0,0,1,0,8,2013,7,2014,0,0,0,0,0,5,5,98,1,8,8,1,3,3,1,66,99,1,1,89,1,0
26,260547,1,1,1,30,8,22,30,8,0,1,1,99,9,99,399,99399,9,9999,999999999999,9,9,9,9,9,9,9,9,9,9,9,9,9,0,0,000000000,00000000000,0,0,0,1,0,0,0,0,0,0,0,998,0,0,0,99,9,5,8,0,0,0,1,99,99999,9,9,99,9,9,9,999,999,99,99,99,99,99,99,9999,99,9999,0,99,99,99,99,4,3,30,1,9,8,1,0,0,99,82,99,9,9,13,0,0
26,260548,1,2,2,13,9,4,57,12,6,1,1,26,1,48,38,48038,4,2008,JF1GE74658G5,J,F,1,G,E,7,4,6,5,8,G,5,0,0,0,000000000,00000000000,0,0,0,1,0,0,0,0,0,0,0,998,0,1,5,9,6,2,12,0,0,0,1,26,49316,6,1,0,0,3,0,73,220,0,0,0,0,0,0,0,0,0,5,36,0,0,0,1,2,55,1,1,2,2,0,0,1,10,6,3,2,64,1,1
26,260548,2,2,2,13,9,4,57,12,6,1,0,18,3,85,881,85881,66,2014,1XKYDP9X4EJ3,1,X,K,Y,D,P,9,X,4,E,J,3,0,0,57,000264184,57000264184,3,5,96,1,0,0,0,0,0,0,0,998,0,0,0,12,6,2,12,0,0,0,1,26,49651,6,1,6,0,3,3,72,200,0,0,0,0,0,0,0,0,0,0,0,0,0,0,1,2,55,1,1,2,2,0,0,1,62,99,1,1,65,0,0
26,260549,1,1,4,12,9,2,5,40,0,1,0,26,2,6,44,6044,4,1997,1C3EJ56H4VN6,1,C,3,E,J,5,6,H,4,V,N,6,0,0,0,000000000,00000000000,0,0,0,1,0,0,0,0,0,0,0,998,0,0,0,1,6,2,40,0,0,0,1,26,48228,0,0,0,0,0,0,67,155,0,12,0,0,1,1,2013,9,2014,0,6,36,37,0,1,3,25,1,8,8,1,0,0,1,11,99,1,4,1,2,0
26,260550,1,1,2,4,9,13,51,42,0,1,0,26,1,7,472,7472,30,2000,1B7GL22X0YS7,1,B,7,G,L,2,2,X,0,Y,S,7,0,0,0,000000000,00000000000,0,0,0,1,0,0,0,0,0,0,0,998,0,0,0,1,6,2,42,0,0,0,1,26,49619,6,1,0,0,3,3,69,185,0,0,0,0,0,0,0,0,0,0,83,0,0,0,1,2,55,1,8,8,1,0,0,1,88,7,1,4,1,1,0
26,260551,1,1,1,12,9,7,31,8,0,1,0,26,2,20,37,20037,4,2002,1G1ND52J22M7,1,G,1,N,D,5,2,J,2,2,M,7,0,0,0,000000000,00000000000,0,0,0,1,0,0,0,0,0,0,0,998,0,0,0,12,4,3,8,0,0,0,1,26,48327,6,1,0,0,3,3,62,105,0,0,0,0,0,0,0,0,0,0,0,0,0,0,5,5,35,1,1,1,1,0,0,1,80,99,1,1,13,0,0
26,260552,1,1,1,20,9,16,53,53,0,1,0,26,1,20,481,20481,31,2006,1GCEK19B56Z2,1,G,C,E,K,1,9,B,5,6,Z,2,0,0,0,000000000,00000000000,0,0,0,1,0,0,0,0,0,0,0,998,0,0,0,12,6,2,42,0,0,0,1,26,48827,6,1,0,0,3,0,64,300,1,0,0,0,0,12,2012,12,2012,0,99,99,99,99,1,2,55,1,1,2,1,0,0,1,13,99,1,4,1,1,1
26,260553,1,1,1,13,9,20,42,8,0,1,1,99,9,99,399,99399,9,9999,999999999999,9,9,9,9,9,9,9,9,9,9,9,9,0,0,0,000000000,00000000000,0,0,0,1,0,0,0,0,0,0,0,998,0,0,0,12,9,5,8,0,0,0,1,99,99999,9,9,99,9,9,9,999,999,99,99,99,99,99,99,9999,99,9999,0,99,99,99,99,5,7,35,1,8,8,1,0,0,1,80,99,9,9,13,0,0
26,260554,1,1,2,19,9,21,15,8,0,1,0,39,1,58,38,58038,4,2012,JN1BY1AR4CM3,J,N,1,B,Y,1,A,R,4,C,M,3,0,0,0,000000000,00000000000,0,0,0,1,0,0,0,0,0,0,0,998,0,0,0,1,2,3,8,0,0,0,1,39,44022,6,1,0,0,3,3,73,205,0,0,0,0,1,4,2014,4,2014,0,0,0,0,0,5,3,40,1,8,2,1,0,0,1,80,99,1,1,13,0,0
26,260555,1,1,1,2,7,20,37,8,0,1,0,39,3,86,882,86882,63,2014,1M2AV04C6EM0,1,M,2,A,V,0,4,C,6,E,M,0,0,0,57,000364259,57000364259,3,2,7,1,0,0,0,0,0,0,0,998,0,0,0,1,0,3,8,0,0,0,1,26,48003,6,1,6,0,3,3,69,205,1,0,0,0,0,2,2012,2,2012,0,38,0,0,0,1,4,98,1,8,8,1,2,3,10,80,99,1,1,13,0,0
26,260556,1,2,2,12,7,1,15,12,6,1,1,26,2,20,2,20002,4,2007,2G1WB58N5791,2,G,1,W,B,5,8,N,5,7,9,1,0,0,0,000000000,00000000000,0,0,0,1,0,0,0,0,0,0,0,999,0,0,0,12,6,2,12,0,0,0,1,26,48234,0,0,0,0,0,0,62,128,0,0,0,0,0,0,0,0,0,5,39,0,0,0,1,2,25,1,8,8,1,20,3,1,17,99,1,1,86,0,0
26,260556,2,2,2,12,7,1,15,12,6,1,0,26,3,12,16,12016,4,2007,2FAHP71W47X1,2,F,A,H,P,7,1,W,4,7,X,1,0,0,0,000000000,00000000000,0,0,0,1,0,0,0,0,0,0,0,998,0,0,0,3,6,2,12,0,0,0,1,26,48239,6,1,0,0,3,0,73,179,0,2,0,0,0,11,2011,4,2013,0,0,0,0,0,1,4,98,1,8,8,1,0,0,1,66,99,1,1,87,1,0