STATE,ST_CASE,VEH_NO,VE_FORMS,NUMOCCS,DAY,MONTH,HOUR,MINUTE,HARM_EV,MAN_COLL,UNITTYPE,HIT_RUN,REG_STAT,OWNER,MAKE,MODEL,MAK_MOD,BODY_TYP,MOD_YEAR,VIN,VIN_1,VIN_2,VIN_3,VIN_4,VIN_5,VIN_6,VIN_7,VIN_8,VIN_9,VIN_10,VIN_11,VIN_12,TOW_VEH,J_KNIFE,MCARR_I1,MCARR_I2,MCARR_ID,GVWR,V_CONFIG,CARGO_BT,HAZ_INV,HAZ_PLAC,HAZ_ID,HAZ_CNO,HAZ_REL,BUS_USE,SPEC_USE,EMER_USE,TRAV_SP,UNDERIDE,ROLLOVER,ROLINLOC,IMPACT1,DEFORMED,TOWED,M_HARM,VEH_SC1,VEH_SC2,FIRE_EXP,DR_PRES,L_STATE,DR_ZIP,L_STATUS,L_TYPE,CDL_STAT,L_ENDORS,L_COMPL,L_RESTRI,DR_HGT,DR_WGT,PREV_ACC,PREV_SUS,PREV_DWI,PREV_SPD,PREV_OTH,FIRST_MO,FIRST_YR,LAST_MO,LAST_YR,SPEEDREL,DR_SF1,DR_SF2,DR_SF3,DR_SF4,VTRAFWAY,VNUM_LAN,VSPD_LIM,VALIGN,VPROFILE,VPAVETYP,VSURCOND,VTRAFCON,VTCONT_F,P_CRASH1,P_CRASH2,P_CRASH3,PCRASH4,PCRASH5,ACC_TYPE,DEATHS,DR_DRINK
26,260557,1,4,1,2,9,10,32,12,6,1,0,26,1,12,461,12461,21,1999,1FDRE14W6XHB,1,F,D,R,E,1,4,W,6,X,H,B,0,0,0,000000000,00000000000,0,0,0,1,0,0,0,0,0,0,0,998,0,0,0,12,6,2,12,0,0,0,1,26,49423,6,1,0,0,3,3,66,130,2,0,0,0,2,11,2011,2,2012,0,38,0,0,0,2,3,55,1,1,1,1,3,3,1,17,99,1,1,69,0,0
26,260557,2,4,1,2,9,10,32,12,6,1,0,26,1,12,443,12443,20,2004,2FMZA516X4BA,2,F,M,Z,A,5,1,6,X,4,B,A,0,0,0,000000000,00000000000,0,0,0,1,0,0,0,0,0,0,0,998,0,0,0,3,6,2,12,0,0,0,1,26,49464,6,1,0,0,3,3,71,202,0,0,0,0,0,0,0,0,0,0,0,0,0,0,2,3,55,1,1,1,1,3,3,11,66,99,1,1,68,1,0
26,260557,3,4,1,2,9,10,32,12,6,1,0,26,3,20,870,20870,61,2012,1GB3G4BL9C11,1,G,B,3,G,4,B,L,9,C,1,1,0,0,57,001318896,57001318896,2,1,1,1,0,0,0,0,0,0,0,0,0,0,0,11,4,3,12,0,0,0,1,26,49418,6,1,6,0,3,3,64,160,0,0,0,0,0,0,0,0,0,0,0,0,0,0,1,4,98,1,8,8,1,3,3,5,62,99,1,1,98,0,0
26,260557,4,4,1,2,9,10,32,12,6,1,0,26,1,12,23,12023,4,2011,3FAHP0HA7BR2,3,F,A,H,P,0,H,A,7,B,R,2,0,0,0,000000000,00000000000,0,0,0,1,0,0,0,0,0,0,0,998,0,0,0,7,2,3,12,0,0,0,1,26,49507,6,1,0,0,3,3,70,202,0,0,0,1,0,12,2012,12,2012,0,0,0,0,0,1,4,98,1,8,8,1,3,3,10,60,99,1,1,98,0,0
26,260558,1,2,2,22,9,18,20,12,6,1,0,26,2,12,35,12035,4,1998,1FAFP52S9WG2,1,F,A,F,P,5,2,S,9,W,G,2,0,0,0,000000000,00000000000,0,0,0,1,0,0,0,0,0,0,0,998,0,0,0,9,6,2,12,0,0,0,1,26,48632,6,1,0,0,3,0,61,100,0,1,0,1,0,10,2011,3,2014,0,39,0,0,0,1,2,98,1,8,8,1,20,3,1,17,99,1,1,89,1,1
26,260558,2,2,1,22,9,18,20,12,6,1,0,26,1,2,407,2407,14,2012,1C4NJRFB9CD6,1,C,4,N,J,R,F,B,9,C,D,6,0,0,0,000000000,00000000000,0,0,0,1,0,0,0,0,0,0,0,998,0,0,0,12,6,2,12,0,0,0,1,26,48625,6,1,0,0,3,0,70,190,5,0,0,0,0,10,2011,1,2014,0,0,0,0,0,1,2,55,1,8,4,1,0,0,1,66,8,1,2,88,0,0
26,260559,1,2,1,3,9,19,54,12,6,1,0,26,2,12,481,12481,31,1994,1FTEF15Y6RLB,1,F,T,E,F,1,5,Y,6,R,L,B,0,0,0,000000000,00000000000,0,0,0,1,0,0,0,0,0,0,0,998,0,0,0,12,6,2,12,0,0,0,1,26,49330,0,0,0,0,0,0,71,145,0,0,0,0,0,0,0,0,0,0,38,0,0,0,1,2,55,1,8,2,1,20,3,1,17,99,1,1,86,0,1
26,260559,2,2,2,3,9,19,54,12,6,1,0,26,2,7,24,7024,4,2010,2B3AA4CT1AH2,2,B,3,A,A,4,C,T,1,A,H,2,0,0,0,000000000,00000000000,0,0,0,1,0,0,0,0,0,0,0,998,0,0,0,3,6,2,12,0,0,0,1,26,49548,6,1,0,0,3,3,71,210,0,0,0,0,0,0,0,0,0,0,0,0,0,0,1,2,98,1,8,8,1,0,0,1,66,99,1,1,87,1,0
26,260560,1,2,1,23,9,6,38,12,2,1,0,26,3,12,880,12880,67,2003,1FTWW32P83EB,1,F,T,W,W,3,2,P,8,3,E,B,0,0,57,000486643,57000486643,2,1,97,1,0,0,0,0,0,0,0,998,0,0,0,12,6,2,12,0,0,0,1,26,48125,6,1,0,0,3,0,67,165,0,0,0,0,1,9,2011,9,2011,0,35,36,0,0,1,2,55,1,8,1,1,0,0,1,10,99,1,2,50,0,0
26,260560,2,2,1,23,9,6,38,12,2,1,0,26,1,24,2,24002,2,2001,1G8ZY12791Z3,1,G,8,Z,Y,1,2,7,9,1,Z,3,0,0,0,000000000,00000000000,0,0,0,1,0,0,0,0,0,0,0,998,0,0,0,12,6,2,12,0,0,0,1,26,48655,6,1,0,0,3,3,72,160,0,0,0,0,0,0,0,0,0,0,0,0,0,0,1,2,55,1,8,1,1,0,0,1,62,7,1,1,51,1,0
26,260561,1,2,1,4,9,21,28,12,6,1,0,26,1,73,706,73706,80,2012,JKAZXCJ18CA0,J,K,A,Z,X,C,J,1,8,C,A,0,0,0,0,000000000,00000000000,0,0,0,1,0,0,0,0,0,0,0,998,0,0,0,12,6,2,12,0,0,0,1,26,49428,6,1,0,0,3,0,75,165,1,0,0,3,3,10,2011,8,2014,5,0,0,0,0,1,3,50,1,1,2,1,3,3,1,67,99,1,1,83,1,0
26,260561,2,2,2,4,9,21,28,12,6,1,0,26,1,63,402,63402,14,2003,KNDJC7337350,K,N,D,J,C,7,3,3,7,3,5,0,0,0,0,000000000,00000000000,0,0,0,1,0,0,0,0,0,0,0,998,0,0,0,7,6,2,12,0,0,0,1,26,49418,6,1,0,0,3,0,68,190,1,0,0,0,0,10,2011,10,2011,0,0,0,0,0,1,2,98,1,8,8,1,3,3,11,15,1,1,1,82,0,0
26,260562,1,2,4,15,9,5,49,12,6,1,0,26,2,49,40,49040,4,1998,JT2BG22K6W01,J,T,2,B,G,2,2,K,6,W,0,1,0,0,0,000000000,00000000000,0,0,0,1,0,0,0,0,0,0,0,998,0,1,1,3,6,8,12,0,0,0,1,26,48212,6,1,0,0,3,0,62,128,0,0,0,0,0,0,0,0,0,0,38,0,0,0,1,4,35,1,1,2,1,0,0,11,15,99,1,1,68,1,0
26,260562,2,2,2,15,9,5,49,12,6,1,0,26,2,2,404,2404,14,1995,1J4GZ58S8SC7,1,J,4,G,Z,5,8,S,8,S,C,7,0,0,0,000000000,00000000000,0,0,0,1,0,0,0,0,0,0,0,998,0,0,0,12,6,2,12,0,0,0,1,26,48213,6,1,0,0,3,0,63,132,0,10,0,3,1,5,2012,9,2014,0,0,0,0,0,1,4,35,1,1,2,1,0,0,1,62,99,1,1,69,0,0
26,260563,1,1,1,25,9,3,17,14,0,1,0,26,1,12,23,12023,4,2014,3FA6P0H78ER3,3,F,A,6,P,0,H,7,8,E,R,3,0,0,0,000000000,00000000000,0,0,0,1,0,0,0,0,0,0,0,998,0,0,0,12,6,2,14,0,0,1,1,26,48183,6,1,0,0,3,0,69,250,0,0,0,0,0,0,0,0,0,0,6,36,0,0,3,5,70,1,1,1,1,0,0,1,12,99,1,4,6,0,0
26,260564,1,2,1,25,9,13,50,12,1,1,0,26,2,72,706,72706,80,1999,1HD1FCW10XY6,1,H,D,1,F,C,W,1,0,X,Y,6,0,0,0,000000000,00000000000,0,0,0,1,0,0,0,0,0,0,0,998,0,0,0,12,6,2,12,0,0,0,1,26,48624,6,1,6,0,3,3,64,190,1,0,0,0,0,7,2014,7,2014,0,0,0,0,0,1,2,55,1,1,2,1,0,0,1,50,99,1,1,20,1,0
26,260564,2,2,1,25,9,13,50,12,1,1,0,26,1,63,34,63034,4,2004,KNAGD1283452,K,N,A,G,D,1,2,8,3,4,5,2,0,0,0,000000000,00000000000,0,0,0,1,0,0,0,0,0,0,0,0,0,0,0,6,4,5,12,0,0,0,1,26,48624,6,1,0,0,3,0,70,235,0,0,0,0,0,0,0,0,0,0,0,0,0,0,1,2,55,1,1,2,1,0,0,5,53,1,1,1,21,0,0
26,260565,1,3,3,5,9,2,59,12,1,1,0,26,2,13,14,13014,6,2014,3LN6L2LU5ER8,3,L,N,6,L,2,L,U,5,E,R,8,0,0,0,000000000,00000000000,0,0,0,1,0,0,0,0,0,0,0,998,0,0,0,12,6,2,12,0,0,0,1,26,48193,1,1,0,0,2,0,72,225,0,3,0,0,1,5,2012,2,2014,5,6,36,0,0,3,3,70,1,1,1,1,0,0,15,51,99,1,3,24,1,1
26,260565,2,3,1,5,9,2,59,12,1,1,0,93,3,84,881,84881,63,2007,2HSCNAPRX7C3,2,H,S,C,N,A,P,R,X,7,C,3,0,0,57,001202855,57001202855,3,2,1,1,0,0,0,0,0,0,0,998,0,0,0,6,2,5,12,0,0,0,1,26,48040,6,1,6,0,3,0,66,130,0,0,0,0,0,0,0,0,0,0,0,0,0,0,3,3,70,1,1,1,1,0,0,1,53,99,1,1,25,0,0
26,260565,3,3,2,5,9,2,59,12,1,1,0,95,3,51,881,51881,66,2015,4V4NC9EJ9FN1,4,V,4,N,C,9,E,J,9,F,N,1,1,1,57,001715101,57001715101,3,6,1,1,0,0,0,0,0,0,0,998,0,0,0,3,2,5,12,0,0,0,1,95,0,9,9,99,9,9,9,999,999,99,99,99,99,99,99,9999,99,9999,0,0,0,0,0,3,3,70,1,1,1,1,0,0,1,61,99,1,1,98,0,0
26,260566,1,1,4,15,7,15,22,53,0,1,0,26,2,14,6,14006,4,1994,2MELM74W9RX6,2,M,E,L,M,7,4,W,9,R,X,6,0,0,0,000000000,00000000000,0,0,0,1,0,0,0,0,0,0,0,998,0,0,0,1,6,2,42,0,0,0,1,26,49073,6,1,0,0,3,0,65,142,0,0,0,0,0,0,0,0,0,9,99,99,99,99,1,2,55,1,1,2,1,0,0,1,13,99,1,4,1,1,0
26,260567,1,1,2,7,9,5,38,1,0,1,0,26,1,12,17,12017,4,2002,1FAFP55292A2,1,F,A,F,P,5,5,2,9,2,A,2,0,0,0,000000000,00000000000,0,0,0,1,0,0,0,0,0,0,0,998,0,2,5,0,6,2,1,0,0,0,1,26,49444,6,1,0,0,3,0,66,252,0,0,0,0,1,7,2014,7,2014,5,58,0,0,0,2,2,70,1,1,2,1,0,0,1,8,99,4,4,2,1,0
26,260568,1,1,1,6,9,1,56,8,0,1,1,99,9,99,999,99999,99,9999,999999999999,9,9,9,9,9,9,9,9,9,9,9,9,0,0,0,000000000,00000000000,0,0,0,1,0,0,0,0,99,99,9,999,0,0,0,99,0,5,8,99,99,0,1,99,99999,9,9,99,9,9,9,999,999,99,99,99,99,99,99,9999,99,9999,9,99,99,99,99,5,5,45,1,8,8,2,0,0,99,80,99,9,9,13,0,0
26,260569,1,1,1,8,9,0,59,34,0,1,0,26,1,72,706,72706,80,2003,1HD1BXB163Y0,1,H,D,1,B,X,B,1,6,3,Y,0,0,0,0,000000000,00000000000,0,0,0,1,0,0,0,0,0,0,0,998,0,0,0,12,4,3,34,0,0,0,1,26,48390,6,1,0,0,3,0,68,215,4,0,0,0,0,1,2012,8,2013,0,6,36,0,0,1,2,45,3,8,2,1,0,0,1,13,99,1,4,1,1,1
26,260570,1,2,1,8,9,17,30,12,6,1,0,26,2,53,705,53705,80,2003,JS1GN7BA4321,J,S,1,G,N,7,B,A,4,3,2,1,0,0,0,000000000,00000000000,0,0,0,1,0,0,0,0,0,0,0,998,0,0,0,12,6,2,12,0,0,0,1,26,48219,6,1,0,0,3,0,73,293,0,0,0,1,0,3,2012,3,2012,5,0,0,0,0,1,4,35,1,8,8,1,0,0,11,15,99,1,1,68,1,1
26,260570,2,2,1,8,9,17,30,12,6,1,0,26,1,22,20,22020,2,2001,1G2NV12E41M5,1,G,2,N,V,1,2,E,4,1,M,5,0,0,0,000000000,00000000000,0,0,0,1,0,0,0,0,0,0,0,998,0,0,0,5,6,2,12,0,0,0,1,26,48235,6,1,0,0,3,0,69,125,0,0,0,0,0,0,0,0,0,0,0,0,0,0,1,4,35,1,8,8,1,0,0,1,62,99,1,1,69,0,0
26,260571,1,1,1,17,9,22,20,8,0,1,1,26,1,22,20,22020,4,2005,2G2WP5220513,2,G,2,W,P,5,2,2,0,5,1,3,0,0,0,000000000,00000000000,0,0,0,1,0,0,0,0,0,0,0,998,0,0,0,12,4,3,8,0,0,0,1,26,48235,6,1,0,0,3,0,65,145,2,1,0,2,1,12,2011,11,2013,0,0,0,0,0,1,4,35,1,8,8,1,0,0,1,80,99,1,1,13,0,0
26,260572,1,1,1,23,9,5,40,8,0,1,0,26,1,7,482,7482,31,2014,1C6RR7LT0ES3,1,C,6,R,R,7,L,T,0,E,S,3,0,0,0,000000000,00000000000,0,0,0,1,0,0,0,0,0,0,0,998,0,0,0,1,4,3,8,0,0,0,1,26,48187,6,1,0,0,3,3,74,250,0,0,0,0,0,0,0,0,0,0,0,0,0,0,2,4,40,1,8,8,1,3,3,1,80,99,1,1,13,0,0
26,260573,1,1,2,28,9,2,15,1,0,1,0,26,2,2,403,2403,14,2000,1J4FA49S0YP7,1,J,4,F,A,4,9,S,0,Y,P,7,0,0,0,000000000,00000000000,0,0,0,1,0,0,0,0,0,0,0,998,0,2,5,0,6,2,1,0,0,0,1,26,48327,6,1,0,0,3,3,75,200,0,0,0,4,0,11,2011,2,2012,5,99,99,99,99,1,2,40,3,2,2,1,0,0,14,12,99,1,4,6,1,1
26,260574,1,1,1,6,9,23,40,42,0,1,0,26,2,20,2,20002,4,2005,2G1WF52E1591,2,G,1,W,F,5,2,E,1,5,9,1,0,0,0,000000000,00000000000,0,0,0,1,0,0,0,0,0,0,0,998,0,0,0,11,6,2,42,0,0,1,1,26,49277,0,0,0,0,0,0,72,196,0,0,0,0,0,0,0,0,0,5,0,0,0,0,1,2,25,1,8,2,1,0,0,1,13,99,1,4,1,1,1
26,260575,1,2,1,21,9,8,30,12,6,1,0,26,1,6,43,6043,4,2004,1C3EL56R54N3,1,C,3,E,L,5,6,R,5,4,N,3,0,0,0,000000000,00000000000,0,0,0,1,0,0,0,0,0,0,0,998,0,0,0,12,6,2,12,0,0,0,1,26,49221,6,1,0,0,3,3,73,180,3,0,0,1,0,3,2012,12,2013,0,39,0,0,0,1,2,98,1,8,8,1,20,3,1,17,1,1,1,88,0,0
26,260575,2,2,2,21,9,8,30,12,6,1,0,26,1,23,481,23481,40,2009,2GTEC2909911,2,G,T,E,C,2,9,0,9,9,1,1,0,0,0,000000000,00000000000,0,0,0,1,0,0,0,0,0,0,0,998,0,1,5,7,6,2,12,0,0,0,1,26,48145,6,1,0,0,3,0,67,215,1,0,0,0,0,1,2014,1,2014,0,0,0,0,0,1,2,98,1,8,8,1,0,0,1,66,99,1,1,89,1,0
26,260576,1,1,1,8,9,0,16,42,0,1,0,26,2,22,20,22020,4,1998,1G2WJ52M7WF3,1,G,2,W,J,5,2,M,7,W,F,3,0,0,0,000000000,00000000000,0,0,0,1,0,0,0,0,0,0,0,998,0,0,0,12,6,2,42,0,0,0,1,26,49022,1,1,0,0,2,0,68,175,0,5,0,0,0,8,2013,11,2013,5,36,37,0,0,1,2,35,1,8,3,1,0,0,1,9,99,2,4,2,1,0
26,260577,1,2,1,26,9,5,46,12,2,1,0,26,2,20,401,20401,14,1997,1GNDT13W2V22,1,G,N,D,T,1,3,W,2,V,2,2,0,0,0,000000000,00000000000,0,0,0,1,0,0,0,0,0,0,0,998,0,0,0,12,6,2,12,0,0,0,1,26,48855,2,1,0,0,2,0,69,190,0,0,0,0,0,0,0,0,0,0,48,0,0,0,5,5,55,1,8,8,1,0,0,11,15,99,1,2,84,0,0
26,260577,2,2,1,26,9,5,46,12,2,1,0,26,1,72,706,72706,80,2014,1HD1KEL16EB6,1,H,D,1,K,E,L,1,6,E,B,6,0,0,0,000000000,00000000000,0,0,0,1,0,0,0,0,0,0,0,0,0,0,0,12,6,2,12,0,0,0,1,26,48843,6,1,0,0,3,0,72,240,1,0,0,0,0,12,2012,12,2012,0,39,0,0,0,1,2,98,1,8,8,1,20,3,10,16,1,1,1,84,1,0
26,260578,1,3,1,9,9,15,29,1,0,1,0,26,3,85,881,85881,66,1999,1XKDDB0X7XJ8,1,X,K,D,D,B,0,X,7,X,J,8,2,1,57,001584112,57001584112,3,7,4,1,0,0,0,0,0,0,0,998,0,2,1,0,6,2,12,0,0,0,1,26,48842,6,1,6,1,3,3,70,250,1,0,0,2,0,4,2012,12,2012,0,26,0,0,0,1,2,55,1,1,2,1,0,0,1,50,98,9,3,98,0,0
26,260578,2,3,2,9,9,15,29,1,0,1,0,26,3,12,37,12037,4,2008,1FAHP35N58W2,1,F,A,H,P,3,5,N,5,8,W,2,0,0,0,000000000,00000000000,0,0,0,1,0,0,0,0,0,0,0,0,0,0,0,6,6,2,12,0,0,0,1,26,48158,6,1,0,0,3,0,67,175,0,0,0,0,0,0,0,0,0,0,0,0,0,0,1,2,55,1,1,2,1,0,0,5,53,1,1,1,98,2,0
26,260578,3,3,1,9,9,15,29,1,0,1,0,26,2,55,33,55033,4,2009,5NPET46C79H4,5,N,P,E,T,4,6,C,7,9,H,4,0,0,0,000000000,00000000000,0,0,0,1,0,0,0,0,0,0,0,998,0,0,0,12,6,2,12,0,0,0,1,26,49203,6,1,0,0,3,3,65,125,2,0,0,3,1,9,2011,12,2012,0,89,0,0,0,1,2,55,1,1,2,1,0,0,1,62,99,1,1,98,0,0
26,260579,1,1,1,26,9,19,6,42,0,1,0,26,1,20,481,20481,31,1996,1GCEK19R9TE1,1,G,C,E,K,1,9,R,9,T,E,1,0,0,0,000000000,00000000000,0,0,0,1,0,0,0,0,0,0,0,998,0,0,0,9,6,2,42,0,0,0,1,26,48504,1,1,0,0,2,0,71,240,0,10,0,0,2,11,2011,9,2014,0,36,0,0,0,1,2,25,3,8,8,1,0,0,14,13,99,4,4,1,1,0
26,260580,1,2,1,10,9,11,15,12,2,1,0,26,2,18,2,18002,4,1998,1G4HR52K1WH4,1,G,4,H,R,5,2,K,1,W,H,4,0,0,0,000000000,00000000000,0,0,0,1,0,0,0,0,0,0,0,998,0,0,0,12,6,2,12,0,0,0,1,26,49735,6,1,0,0,3,3,64,160,0,0,0,1,0,6,2014,6,2014,0,35,0,0,0,1,2,55,1,1,2,2,0,0,6,54,6,1,2,50,1,0
26,260580,2,2,2,10,9,11,15,12,2,1,0,26,1,20,421,20421,15,2001,1GNEK13T51J1,1,G,N,E,K,1,3,T,5,1,J,1,0,0,0,000000000,00000000000,0,0,0,1,0,0,0,0,0,0,0,998,0,0,0,12,6,2,12,0,0,0,1,26,48371,6,1,0,0,3,0,71,235,0,0,0,0,0,0,0,0,0,0,0,0,0,0,1,2,55,1,1,2,2,0,0,1,62,7,1,1,51,0,0
26,260581,1,1,3,21,9,0,35,43,0,1,0,26,2,55,33,55033,4,2014,5NPEB4AC4EH8,5,N,P,E,B,4,A,C,4,E,H,8,0,0,0,000000000,00000000000,0,0,0,1,0,0,0,0,0,0,0,998,0,0,0,1,6,2,42,0,0,0,1,26,49056,1,1,0,0,2,0,75,170,0,2,0,0,0,3,2014,4,2014,0,99,99,99,99,1,2,55,1,1,5,99,0,0,1,13,99,1,4,1,1,1
26,260582,1,2,1,7,9,8,21,12,1,1,0,26,2,6,441,6441,20,2003,2C4GP24R13R3,2,C,4,G,P,2,4,R,1,3,R,3,0,0,0,000000000,00000000000,0,0,0,1,0,0,0,0,0,0,0,0,0,0,0,6,2,5,12,0,0,0,1,26,49505,6,1,0,0,3,3,73,240,1,0,0,0,0,4,2013,4,2013,0,0,0,0,0,5,3,35,1,1,2,1,3,3,5,53,1,1,1,21,1,0
26,260582,2,2,1,7,9,8,21,12,1,1,0,26,2,12,35,12035,4,1999,1FAFP6635XK1,1,F,A,F,P,6,6,3,5,X,K,1,0,0,0,000000000,00000000000,0,0,0,1,0,0,0,0,0,0,0,998,0,0,0,12,4,3,12,0,0,0,1,26,49505,6,1,0,0,3,0,65,115,0,0,0,0,0,0,0,0,0,0,26,0,0,0,5,3,35,1,1,2,1,3,3,1,50,1,1,1,20,0,0
26,260583,1,2,1,28,9,19,28,12,1,1,0,26,1,73,705,73705,80,2005,JKAZX4N115A0,J,K,A,Z,X,4,N,1,1,5,A,0,0,0,0,000000000,00000000000,0,0,0,1,0,0,0,0,0,0,0,998,0,0,0,12,6,2,12,0,0,0,1,26,48312,6,1,0,0,3,0,69,195,0,0,0,1,0,9,2012,9,2012,3,36,37,0,0,3,4,70,1,8,8,1,0,0,1,51,99,1,1,24,1,0
26,260583,2,2,2,28,9,19,28,12,1,1,0,26,1,20,481,20481,31,2005,1GCEC19T45E3,1,G,C,E,C,1,9,T,4,5,E,3,0,0,0,000000000,00000000000,0,0,0,1,0,0,0,0,0,0,0,998,0,0,0,6,4,3,12,0,0,0,1,26,48030,6,1,0,0,3,3,74,200,0,0,0,0,0,0,0,0,0,0,0,0,0,0,3,4,70,1,8,8,1,0,0,1,53,1,1,1,25,0,0
26,260584,1,1,1,28,9,18,0,5,0,1,0,26,1,37,706,37706,80,1978,CB750K285685,C,B,7,5,0,K,2,8,5,6,8,5,0,0,0,000000000,00000000000,0,0,0,1,0,0,0,0,0,0,0,998,0,0,0,0,2,8,5,0,0,0,1,26,48446,6,1,0,0,3,0,73,175,0,0,0,0,0,0,0,0,0,0,36,0,0,0,1,2,25,1,1,2,1,0,0,1,98,1,1,1,0,1,1
26,260585,1,2,1,13,9,22,20,12,2,1,0,26,2,20,401,20401,14,2002,1GNDT13S9223,1,G,N,D,T,1,3,S,9,2,2,3,0,0,0,000000000,00000000000,0,0,0,1,0,0,0,0,0,0,0,998,0,0,0,12,6,2,12,0,0,0,1,26,49690,6,1,0,0,3,0,76,153,3,1,0,1,0,7,2012,9,2014,0,28,36,0,0,1,2,55,1,1,2,1,0,0,1,10,99,9,2,50,1,1
26,260585,2,2,2,13,9,22,20,12,2,1,0,26,1,20,421,20421,15,2005,1GNEK13T35R1,1,G,N,E,K,1,3,T,3,5,R,1,0,0,0,000000000,00000000000,0,0,0,1,0,0,0,0,0,0,0,998,0,0,0,12,6,2,12,0,0,0,1,26,49601,6,1,0,0,3,0,70,195,0,0,0,0,0,0,0,0,0,0,0,0,0,0,1,2,55,1,1,2,1,0,0,1,62,99,1,1,51,0,0
26,260586,1,2,1,14,9,2,54,12,2,1,0,26,1,24,10,24010,6,2010,5GZLVUED7AJ2,5,G,Z,L,V,U,E,D,7,A,J,2,0,0,0,000000000,00000000000,0,0,0,1,0,0,0,0,0,0,0,998,0,0,0,12,6,2,12,0,0,1,1,26,49519,6,1,0,0,3,0,65,150,0,0,0,0,0,0,0,0,0,0,51,0,0,0,3,3,70,3,8,8,1,0,0,14,54,99,1,1,52,0,1
26,260586,2,2,1,14,9,2,54,12,2,1,0,26,1,55,35,55035,4,2004,KMHDN46D14U7,K,M,H,D,N,4,6,D,1,4,U,7,0,0,0,000000000,00000000000,0,0,0,1,0,0,0,0,0,0,0,998,0,0,0,12,6,2,2,0,0,1,1,26,49240,6,1,6,0,3,0,70,225,0,0,0,0,0,0,0,0,0,0,0,0,0,0,3,3,70,3,8,8,1,0,0,14,54,99,1,1,52,1,0
26,260587,1,1,2,6,9,0,42,42,0,1,0,26,2,21,2,21002,4,1997,1G3HN52K0V48,1,G,3,H,N,5,2,K,0,V,4,8,0,0,0,000000000,00000000000,0,0,0,1,0,0,0,0,0,0,0,998,0,0,0,12,6,2,42,0,0,1,1,26,48234,9,9,99,9,9,9,999,999,99,99,99,99,99,99,9999,99,9999,3,37,0,0,0,5,7,30,1,8,8,2,0,0,1,90,99,1,1,12,1,0
26,260588,1,2,1,16,9,6,51,12,6,1,0,26,1,51,41,51041,4,1995,YV1KS9619S10,Y,V,1,K,S,9,6,1,9,S,1,0,0,0,0,000000000,00000000000,0,0,0,1,0,0,0,0,0,0,0,998,0,0,0,12,6,2,12,0,0,0,1,26,49009,6,1,0,0,3,3,70,160,0,0,0,0,0,0,0,0,0,0,0,0,0,0,1,2,55,1,1,2,1,0,0,1,62,99,1,1,65,0,0
26,260588,2,2,1,16,9,6,51,12,6,1,0,26,1,24,1,24001,4,2002,1G8ZK52722Z2,1,G,8,Z,K,5,2,7,2,2,Z,2,0,0,0,000000000,00000000000,0,0,0,1,0,0,0,0,0,0,0,998,0,0,0,5,6,2,12,0,0,0,1,26,49047,6,1,0,0,3,0,65,108,0,0,0,0,0,0,0,0,0,0,28,58,0,0,1,2,55,1,1,2,1,0,0,1,13,6,4,6,64,1,0
26,260589,1,1,1,8,9,18,26,9,0,1,0,26,1,7,482,7482,31,2005,3D7MS48C25G7,3,D,7,M,S,4,8,C,2,5,G,7,0,0,0,000000000,00000000000,0,0,0,1,0,0,0,0,0,0,0,998,0,0,0,1,2,5,9,0,0,0,1,26,48114,6,1,0,0,3,0,71,180,0,0,0,0,0,0,0,0,0,0,0,0,0,0,1,4,55,2,1,2,1,0,0,14,80,99,1,1,13,0,0
26,260590,1,1,2,23,9,2,30,1,0,1,0,25,2,22,20,22020,4,2003,1G2WR52123F1,1,G,2,W,R,5,2,1,2,3,F,1,0,0,0,000000000,00000000000,0,0,0,1,0,0,0,0,0,0,0,998,0,2,6,0,6,2,19,0,0,1,1,26,49718,6,1,0,0,3,0,71,190,0,0,0,0,0,0,0,0,0,5,83,0,0,0,1,2,55,2,2,2,1,0,0,14,87,7,4,4,8,1,1
26,260591,1,2,1,17,9,5,50,54,11,1,0,26,2,51,881,51881,66,2002,4V4NC9JHX2N3,4,V,4,N,C,9,J,H,X,2,N,3,1,1,57,000520220,57000520220,3,6,1,1,0,0,0,0,0,0,0,998,0,2,5,12,6,2,1,0,0,0,1,26,49088,6,1,6,0,3,0,70,200,2,0,0,1,1,1,2012,5,2014,9,81,0,0,0,3,3,60,1,1,1,1,0,0,1,90,4,1,1,98,1,0
26,260591,2,2,1,17,9,5,50,54,11,1,0,26,3,82,881,82881,66,1995,1FUYDSYB0SP5,1,F,U,Y,D,S,Y,B,0,S,P,5,1,1,57,001433035,57001433035,3,6,3,1,0,0,0,0,0,0,0,998,0,0,0,18,4,3,54,0,0,0,1,26,48097,6,1,6,0,3,0,72,160,0,0,0,0,0,0,0,0,0,0,0,0,0,0,3,3,60,1,1,1,1,0,0,1,98,1,1,9,98,0,0
26,260592,1,1,2,28,9,16,53,52,0,1,0,26,1,72,706,72706,80,2007,1HD1FB4187Y6,1,H,D,1,F,B,4,1,8,7,Y,6,0,0,0,000000000,00000000000,0,0,0,1,0,0,0,0,0,0,0,998,0,0,0,11,6,2,52,0,0,0,1,26,49534,6,1,0,0,3,3,72,207,0,0,0,0,0,0,0,0,0,0,99,99,99,99,3,2,70,3,1,2,1,0,0,14,12,99,1,4,6,1,1