STATE,ST_CASE,VEH_NO,VE_FORMS,NUMOCCS,DAY,MONTH,HOUR,MINUTE,HARM_EV,MAN_COLL,UNITTYPE,HIT_RUN,REG_STAT,OWNER,MAKE,MODEL,MAK_MOD,BODY_TYP,MOD_YEAR,VIN,VIN_1,VIN_2,VIN_3,VIN_4,VIN_5,VIN_6,VIN_7,VIN_8,VIN_9,VIN_10,VIN_11,VIN_12,TOW_VEH,J_KNIFE,MCARR_I1,MCARR_I2,MCARR_ID,GVWR,V_CONFIG,CARGO_BT,HAZ_INV,HAZ_PLAC,HAZ_ID,HAZ_CNO,HAZ_REL,BUS_USE,SPEC_USE,EMER_USE,TRAV_SP,UNDERIDE,ROLLOVER,ROLINLOC,IMPACT1,DEFORMED,TOWED,M_HARM,VEH_SC1,VEH_SC2,FIRE_EXP,DR_PRES,L_STATE,DR_ZIP,L_STATUS,L_TYPE,CDL_STAT,L_ENDORS,L_COMPL,L_RESTRI,DR_HGT,DR_WGT,PREV_ACC,PREV_SUS,PREV_DWI,PREV_SPD,PREV_OTH,FIRST_MO,FIRST_YR,LAST_MO,LAST_YR,SPEEDREL,DR_SF1,DR_SF2,DR_SF3,DR_SF4,VTRAFWAY,VNUM_LAN,VSPD_LIM,VALIGN,VPROFILE,VPAVETYP,VSURCOND,VTRAFCON,VTCONT_F,P_CRASH1,P_CRASH2,P_CRASH3,PCRASH4,PCRASH5,ACC_TYPE,DEATHS,DR_DRINK
26,260678,2,2,1,3,11,14,0,12,6,1,0,26,1,21,401,21401,14,2002,1GHDT13S2222,1,G,H,D,T,1,3,S,2,2,2,2,0,0,0,000000000,00000000000,0,0,0,1,0,0,0,0,0,0,0,998,0,1,6,3,6,2,12,0,0,0,1,26,49228,6,1,0,0,3,0,70,220,1,0,1,0,2,7,2013,3,2014,0,0,0,0,0,1,2,55,1,8,8,1,0,0,1,66,99,1,1,87,0,0
26,260679,1,1,1,24,10,21,23,8,0,1,0,26,2,7,482,7482,31,2004,1D7HU18D14S6,1,D,7,H,U,1,8,D,1,4,S,6,0,0,0,000000000,00000000000,0,0,0,1,0,0,0,0,0,0,0,998,0,0,0,12,0,5,8,0,0,0,1,26,49548,6,1,0,0,3,0,70,195,0,0,0,0,0,0,0,0,0,0,0,0,0,0,5,5,40,1,1,2,1,0,0,1,80,99,1,1,13,0,0
26,260680,1,1,1,2,10,9,12,8,0,1,0,26,1,12,17,12017,4,2013,1FAHP2E80DG1,1,F,A,H,P,2,E,8,0,D,G,1,0,0,0,000000000,00000000000,0,0,0,1,0,0,0,0,0,0,0,998,0,0,0,12,2,3,8,0,0,0,1,26,49504,6,1,0,0,3,0,72,220,0,0,0,0,0,0,0,0,0,0,39,0,0,0,1,2,45,1,1,2,2,0,0,1,80,1,1,1,13,0,0
26,260681,1,3,1,5,11,14,31,12,2,1,0,26,2,7,26,7026,4,2013,1C3CDZCG5DN7,1,C,3,C,D,Z,C,G,5,D,N,7,0,0,0,000000000,00000000000,0,0,0,1,0,0,0,0,0,0,0,998,0,0,0,12,6,2,12,0,0,0,1,26,48462,6,1,0,0,3,0,69,220,0,0,0,0,0,0,0,0,0,0,28,0,0,0,1,2,50,1,1,2,1,0,0,1,10,99,1,2,50,0,0
26,260681,2,3,2,5,11,14,31,12,2,1,0,26,1,12,23,12023,4,2012,3FAHP0HA0CR1,3,F,A,H,P,0,H,A,0,C,R,1,0,0,0,000000000,00000000000,0,0,0,1,0,0,0,0,0,0,0,998,0,0,0,12,6,2,12,0,0,0,1,26,48348,6,1,0,0,3,0,68,184,1,0,0,0,1,6,2012,6,2012,0,0,0,0,0,1,2,50,1,1,2,1,0,0,1,62,99,1,1,51,2,0
26,260681,3,3,1,5,11,14,31,12,2,1,0,26,1,35,481,35481,31,2012,1N6AA0EC5CN3,1,N,6,A,A,0,E,C,5,C,N,3,0,0,0,000000000,00000000000,0,0,0,1,0,0,0,0,0,0,0,998,0,0,0,12,2,5,54,0,0,0,1,26,48329,6,1,0,0,3,0,68,150,0,0,0,0,0,0,0,0,0,0,0,0,0,0,1,2,50,1,1,2,1,0,0,1,98,99,1,1,98,0,0
26,260682,1,2,1,9,10,11,5,12,6,1,0,26,1,20,20,20020,4,2000,2G1WL52J3Y12,2,G,1,W,L,5,2,J,3,Y,1,2,0,0,0,000000000,00000000000,0,0,0,1,0,0,0,0,0,0,0,998,0,0,0,12,6,2,12,0,0,0,1,26,49887,6,1,0,0,3,3,62,140,0,0,0,0,0,0,0,0,0,0,39,0,0,0,1,2,55,1,8,8,1,20,3,1,17,3,1,1,88,1,0
26,260682,2,2,1,9,10,11,5,12,6,1,0,55,3,12,481,12481,31,2002,1FTSW30S52EB,1,F,T,S,W,3,0,S,5,2,E,B,0,0,0,000000000,00000000000,0,0,0,1,0,0,0,0,0,0,0,998,0,1,5,9,6,2,12,0,0,0,1,26,49858,6,1,0,0,3,0,69,160,0,0,0,0,0,0,0,0,0,0,0,0,0,0,1,2,55,1,8,8,1,0,0,1,66,1,1,1,89,0,0
26,260684,1,2,1,25,10,7,25,12,2,1,0,26,1,12,481,12481,31,2003,1FTRW08L33KD,1,F,T,R,W,0,8,L,3,3,K,D,0,0,0,000000000,00000000000,0,0,0,1,0,0,0,0,0,0,0,998,0,0,0,12,6,2,12,0,0,0,1,26,48306,6,1,0,0,3,0,69,150,1,0,0,1,0,8,2012,1,2013,0,28,0,0,0,5,3,50,1,3,2,1,0,0,1,10,99,1,2,50,0,1
26,260684,2,2,2,25,10,7,25,12,2,1,0,26,1,24,401,24401,14,2008,3GSDL73738S5,3,G,S,D,L,7,3,7,3,8,S,5,0,0,0,000000000,00000000000,0,0,0,1,0,0,0,0,0,0,0,998,0,0,0,12,6,2,12,0,0,0,1,26,48363,6,1,0,0,3,0,62,150,0,0,0,0,0,0,0,0,0,0,0,0,0,0,5,3,50,1,3,2,1,0,0,1,62,99,1,1,51,1,0
26,260685,1,1,1,23,10,22,9,1,0,1,0,26,1,37,706,37706,80,2000,JH2SC4402YM0,J,H,2,S,C,4,4,0,2,Y,M,0,0,0,0,000000000,00000000000,0,0,0,1,0,0,0,0,0,0,0,998,0,0,0,0,6,2,38,0,0,0,1,26,48427,6,1,0,0,3,3,73,180,1,6,0,1,1,6,2012,9,2014,4,0,0,0,0,1,2,55,3,1,2,1,0,0,14,6,99,9,4,98,1,1
26,260686,1,2,1,1,11,12,10,12,6,1,0,26,1,20,481,20481,31,2007,1GCHK23K77F5,1,G,C,H,K,2,3,K,7,7,F,5,0,0,0,000000000,00000000000,0,0,0,1,0,0,0,0,0,0,0,998,0,1,5,9,6,2,12,0,0,0,1,26,49419,6,1,0,0,3,0,73,225,0,0,0,0,0,0,0,0,0,0,42,0,0,0,1,2,55,1,8,8,1,0,0,11,15,99,1,1,72,1,0
26,260686,2,2,1,1,11,12,10,12,6,1,0,26,1,89,881,89881,66,1995,4V1VDBGF9SN7,4,V,1,V,D,B,G,F,9,S,N,7,1,1,57,001724196,57001724196,3,6,97,1,0,0,0,0,0,0,0,998,0,0,0,12,6,2,12,0,0,0,1,26,49315,6,1,6,0,3,0,74,212,0,0,0,0,0,0,0,0,0,0,0,0,0,0,1,2,55,1,8,8,1,0,0,6,60,8,1,1,73,0,0
26,260687,1,2,1,14,10,19,45,12,2,1,0,18,1,51,401,51401,14,2005,YV1CZ5924511,Y,V,1,C,Z,5,9,2,4,5,1,1,0,0,0,000000000,00000000000,0,0,0,1,0,0,0,0,0,0,0,998,0,0,0,12,6,2,12,0,0,0,1,18,46601,6,1,0,0,3,0,72,170,0,2,0,1,1,2,2013,2,2013,5,28,0,0,0,1,2,55,1,8,8,2,0,0,1,10,99,1,2,50,0,1
26,260687,2,2,1,14,10,19,45,12,2,1,0,26,2,6,441,6441,20,2005,2C4GP54L85R5,2,C,4,G,P,5,4,L,8,5,R,5,0,0,0,000000000,00000000000,0,0,0,1,0,0,0,0,0,0,0,998,0,0,0,12,6,2,12,0,0,0,1,26,49112,6,1,0,0,3,0,71,165,0,0,0,0,0,0,0,0,0,0,0,0,0,0,1,2,55,1,8,8,2,0,0,1,62,99,1,1,51,1,0
26,260688,1,1,1,2,11,0,47,34,0,1,0,26,1,23,481,23481,31,2000,1GTEK14T9YZ1,1,G,T,E,K,1,4,T,9,Y,Z,1,0,0,0,000000000,00000000000,0,0,0,1,0,0,0,0,0,0,0,998,0,1,5,11,6,2,1,0,0,0,1,26,48706,6,1,0,0,3,3,70,210,0,0,0,0,0,0,0,0,0,0,99,99,99,99,1,2,55,1,1,2,1,0,0,1,12,99,9,4,6,1,1
26,260689,1,2,2,6,11,11,46,12,6,1,0,26,2,37,31,37031,4,2003,2HGES15113H5,2,H,G,E,S,1,5,1,1,3,H,5,0,0,0,000000000,00000000000,0,0,0,1,0,0,0,0,0,0,0,998,0,0,0,12,6,2,12,0,0,0,1,26,48622,6,1,0,0,3,0,62,175,0,0,0,0,0,0,0,0,0,0,39,0,0,0,8,8,98,1,8,8,2,20,3,1,17,99,1,1,88,1,0
26,260689,2,2,1,6,11,11,46,12,6,1,0,26,1,2,403,2403,14,1991,2J4FY29SXMJ1,2,J,4,F,Y,2,9,S,X,M,J,1,1,1,0,000000000,00000000000,0,0,0,1,0,0,0,0,0,0,0,998,0,1,5,11,6,2,12,0,0,0,1,26,48858,6,1,0,0,3,0,71,160,0,0,0,0,0,0,0,0,0,0,0,0,0,0,1,2,55,1,1,2,2,0,0,1,66,99,1,1,89,0,0
26,260690,1,1,2,27,10,19,17,1,0,1,0,26,0,53,706,53706,80,2005,JS1GT76A7521,J,S,1,G,T,7,6,A,7,5,2,1,0,0,0,000000000,00000000000,0,0,0,1,0,0,0,0,0,0,0,998,0,0,0,0,6,2,30,0,0,0,1,26,48911,6,1,0,0,2,3,73,175,0,4,0,0,2,3,2012,9,2013,5,36,0,0,0,1,2,25,1,1,2,1,0,0,1,9,4,1,3,98,1,0
26,260691,1,1,1,14,10,3,0,42,0,1,0,26,1,37,32,37032,4,2004,1HGCM56374A0,1,H,G,C,M,5,6,3,7,4,A,0,0,0,0,000000000,00000000000,0,0,0,1,0,0,0,0,0,0,0,998,0,0,0,3,6,8,42,0,0,0,1,26,48208,6,1,0,0,3,0,66,140,1,1,0,1,2,11,2011,7,2014,5,0,0,0,0,2,3,40,1,1,2,1,0,0,1,9,99,4,4,7,1,1
26,260692,1,1,1,24,10,1,18,33,0,1,0,26,2,6,51,6051,4,2009,2C3KA53V39H6,2,C,3,K,A,5,3,V,3,9,H,6,0,0,0,000000000,00000000000,0,0,0,1,0,0,0,0,0,0,0,998,0,0,0,12,6,2,39,0,0,0,1,26,48304,6,1,0,0,3,0,69,195,0,0,0,0,0,0,0,0,0,9,99,99,99,99,2,3,35,1,8,2,1,3,3,1,13,99,1,4,1,1,0
26,260693,1,2,2,7,11,17,56,12,6,1,0,26,1,12,13,12013,4,1998,1FAFP13P7WW1,1,F,A,F,P,1,3,P,7,W,W,1,0,0,0,000000000,00000000000,0,0,0,1,0,0,0,0,0,0,0,998,0,0,0,12,6,2,12,0,0,0,1,26,49097,6,1,0,0,3,3,72,190,0,0,0,0,0,0,0,0,0,0,0,0,0,0,1,5,45,4,1,1,1,0,0,14,67,4,1,1,83,1,0
26,260693,2,2,1,7,11,17,56,12,6,1,0,26,1,20,22,20022,4,2006,1G1AK55F0678,1,G,1,A,K,5,5,F,0,6,7,8,0,0,0,000000000,00000000000,0,0,0,1,0,0,0,0,0,0,0,998,0,0,0,11,6,2,12,0,0,0,1,26,49002,6,1,0,0,3,0,73,165,0,0,0,1,0,5,2012,5,2012,0,38,0,0,0,1,2,98,1,8,8,1,20,3,11,15,99,1,1,82,0,0
26,260694,1,1,99,17,10,19,20,8,0,1,1,99,9,99,999,99999,99,9999,999999999999,9,9,9,9,9,9,9,9,9,9,9,9,0,0,0,000000000,00000000000,0,0,0,1,0,0,0,0,99,99,9,999,0,0,0,12,0,5,8,0,0,0,1,99,99999,9,9,99,9,9,9,999,999,99,99,99,99,99,99,9999,99,9999,9,6,36,0,0,5,5,30,1,8,8,1,0,0,1,80,99,9,9,13,0,0
26,260695,1,2,1,26,10,19,55,12,1,1,0,26,2,6,441,6441,20,2008,2A8HR54P68R7,2,A,8,H,R,5,4,P,6,8,R,7,0,0,0,000000000,00000000000,0,0,0,1,0,0,0,0,0,0,0,998,0,0,0,12,4,3,8,0,0,0,1,26,48312,6,1,0,0,3,0,72,205,0,0,0,1,0,9,2014,9,2014,9,99,99,99,99,2,2,30,1,8,8,1,0,0,1,98,1,1,1,32,0,0
26,260695,2,2,0,26,10,19,55,12,1,1,0,21,6,49,32,49032,4,1998,1NXBR18E2WZ1,1,N,X,B,R,1,8,E,2,W,Z,1,0,0,0,000000000,00000000000,0,0,0,1,0,0,0,0,0,0,0,998,0,0,0,6,6,2,12,0,0,0,0,0,99997,7,6,97,7,6,7,998,997,998,998,998,998,998,98,9998,98,9998,8,0,0,0,0,2,2,30,1,8,8,1,0,0,0,53,0,0,0,32,0,0
26,260696,1,2,1,7,11,20,50,12,2,1,0,26,2,37,32,37032,4,2000,1HGCG567XYA0,1,H,G,C,G,5,6,7,X,Y,A,0,0,0,0,000000000,00000000000,0,0,0,1,0,0,0,0,0,0,0,998,0,0,0,12,6,2,12,0,0,0,1,26,48141,2,1,0,0,2,0,68,165,0,1,0,0,2,7,2014,9,2014,0,28,0,0,0,5,5,45,1,1,2,1,0,0,1,10,99,1,2,50,1,1
26,260696,2,2,1,7,11,20,50,12,2,1,0,26,1,12,17,12017,4,2011,1FAHP2EW0BG1,1,F,A,H,P,2,E,W,0,B,G,1,0,0,0,000000000,00000000000,0,0,0,1,0,0,0,0,0,0,0,998,0,0,0,12,6,2,12,0,0,0,1,26,48141,1,1,0,0,2,0,66,226,0,4,0,0,0,1,2012,10,2014,0,0,0,0,0,5,5,45,1,1,2,1,0,0,1,62,99,1,1,51,0,0
26,260697,1,1,1,31,10,17,30,42,0,1,0,26,1,20,20,20020,4,1996,2G1WL52M0T91,2,G,1,W,L,5,2,M,0,T,9,1,0,0,0,000000000,00000000000,0,0,0,1,0,0,0,0,0,0,0,998,0,0,0,11,6,2,42,0,0,0,1,26,48911,6,1,0,0,3,0,74,210,0,1,1,2,0,11,2011,10,2014,5,6,36,0,0,1,4,35,1,1,2,2,0,0,1,13,99,9,4,1,1,0
26,260698,1,1,2,8,11,9,6,42,0,1,0,26,1,12,481,12481,31,2006,1FTPW14526FB,1,F,T,P,W,1,4,5,2,6,F,B,0,0,0,000000000,00000000000,0,0,0,1,0,0,0,0,0,0,0,998,0,0,0,3,6,2,42,0,0,0,1,26,48661,6,1,0,0,3,0,71,210,1,0,0,0,0,9,2014,9,2014,4,0,0,0,0,1,2,55,1,1,2,10,0,0,1,6,99,4,4,7,1,0
26,260699,1,1,1,9,11,23,40,53,0,1,0,26,1,20,481,20481,31,1999,1GCEC14WXXE1,1,G,C,E,C,1,4,W,X,X,E,1,0,0,0,000000000,00000000000,0,0,0,1,0,0,0,0,0,0,0,998,0,1,5,3,6,2,1,0,0,0,1,26,48896,6,1,0,0,3,3,75,343,2,1,0,0,0,4,2013,10,2014,0,99,99,99,99,1,2,55,1,1,2,2,0,0,1,9,99,4,4,7,1,1
26,260700,1,2,1,23,10,16,36,12,6,1,0,26,1,20,22,20022,4,2007,1G1AK55F1773,1,G,1,A,K,5,5,F,1,7,7,3,0,0,0,000000000,00000000000,0,0,0,1,0,0,0,0,0,0,0,998,0,0,0,3,6,2,12,0,0,0,1,26,48312,6,1,0,0,3,0,63,123,0,0,0,0,0,0,0,0,0,0,35,0,0,0,1,2,55,1,8,8,1,0,0,6,9,99,4,2,64,1,0
26,260700,2,2,1,23,10,16,36,12,6,1,0,26,2,19,20,19020,6,2005,1GYEE6374501,1,G,Y,E,E,6,3,7,4,5,0,1,0,0,0,000000000,00000000000,0,0,0,1,0,0,0,0,0,0,0,998,0,0,0,12,4,3,12,0,0,0,1,26,48044,6,1,0,0,3,0,59,105,1,0,0,0,0,4,2013,4,2013,0,0,0,0,0,1,2,55,1,8,8,1,0,0,1,62,7,1,1,65,0,0
26,260701,1,1,1,22,10,9,58,42,0,1,0,26,2,7,442,7442,20,2007,1D4GP24R37B1,1,D,4,G,P,2,4,R,3,7,B,1,0,0,0,000000000,00000000000,0,0,0,1,0,0,0,0,0,0,0,998,0,0,0,12,6,2,2,0,0,1,1,26,48911,1,1,0,0,2,3,65,180,1,2,1,0,1,10,2011,4,2014,0,6,36,0,0,1,2,55,1,8,8,1,0,0,1,13,99,9,4,1,1,1
26,260702,1,2,4,11,11,15,24,12,6,1,0,26,2,18,2,18002,4,1997,1G4HR52K2VH5,1,G,4,H,R,5,2,K,2,V,H,5,0,0,0,000000000,00000000000,0,0,0,1,0,0,0,0,0,0,0,998,0,0,0,3,6,2,12,0,0,0,1,26,48866,6,1,0,0,3,3,70,225,0,0,0,0,0,0,0,0,0,0,39,0,0,0,1,2,98,1,8,8,1,20,3,1,17,1,1,1,87,3,0
26,260702,2,2,1,11,11,15,24,12,6,1,0,26,1,2,407,2407,14,2007,1J8FF28W27D3,1,J,8,F,F,2,8,W,2,7,D,3,0,0,0,000000000,00000000000,0,0,0,1,0,0,0,0,0,0,0,998,0,0,0,12,6,2,12,0,0,0,1,26,49677,6,1,0,0,3,0,68,135,1,0,0,0,0,9,2012,9,2012,0,0,0,0,0,1,2,55,1,1,2,1,0,0,1,66,4,1,1,86,0,0
26,260703,1,4,1,9,10,8,24,12,8,1,0,26,2,6,43,6043,4,2004,1C3EL56RX4N3,1,C,3,E,L,5,6,R,X,4,N,3,0,0,0,000000000,00000000000,0,0,0,1,0,0,0,0,0,0,0,998,0,0,0,11,6,8,12,0,0,0,1,26,48187,1,1,0,0,2,0,69,210,0,0,0,0,0,0,0,0,0,0,36,0,0,0,5,5,35,1,1,1,1,0,0,1,10,99,1,2,64,1,0
26,260703,2,4,1,9,10,8,24,12,8,1,0,26,1,30,46,30046,4,2003,WVWVD63B73E0,W,V,W,V,D,6,3,B,7,3,E,0,0,0,0,000000000,00000000000,0,0,0,1,0,0,0,0,0,0,0,998,0,0,0,11,4,8,12,0,0,0,1,26,48128,6,1,0,0,3,0,67,160,0,0,0,0,0,0,0,0,0,0,0,0,0,0,5,5,35,1,1,1,1,0,0,1,62,99,1,1,65,0,0
26,260703,3,4,1,9,10,8,24,12,8,1,0,26,3,7,442,7442,20,2013,2C4RDGBG1DR7,2,C,4,R,D,G,B,G,1,D,R,7,0,0,0,000000000,00000000000,0,0,0,1,0,0,0,0,0,0,0,998,0,0,0,5,2,5,12,0,0,0,1,26,48127,6,1,0,0,3,0,69,181,0,0,0,0,0,0,0,0,0,0,0,0,0,0,5,5,35,1,1,1,1,0,0,1,63,99,1,1,98,0,0
26,260703,4,4,1,9,10,8,24,12,8,1,0,26,1,6,18,6018,4,2014,1C3CCBCG2EN1,1,C,3,C,C,B,C,G,2,E,N,1,0,0,0,000000000,00000000000,0,0,0,1,0,0,0,0,0,0,0,998,0,0,0,12,6,2,12,0,0,0,1,26,48126,6,1,0,0,3,0,66,135,0,0,0,0,0,0,0,0,0,0,0,0,0,0,5,5,35,1,1,1,1,0,0,1,63,99,1,1,98,0,0
26,260704,1,2,1,9,11,11,8,12,6,1,0,26,1,23,481,23481,31,2000,2GTEK19T4Y13,2,G,T,E,K,1,9,T,4,Y,1,3,0,0,0,000000000,00000000000,0,0,0,1,0,0,0,0,0,0,0,998,0,0,0,3,6,2,12,0,0,0,1,26,49431,6,1,0,0,3,3,70,200,0,0,0,0,0,0,0,0,0,0,28,0,0,0,1,2,55,1,1,2,10,0,0,1,6,99,4,2,64,1,0
26,260704,2,2,2,9,11,11,8,12,6,1,0,26,1,7,402,7402,14,2002,1B4HS38NX2F1,1,B,4,H,S,3,8,N,X,2,F,1,0,0,0,000000000,00000000000,0,0,0,1,0,0,0,0,0,0,0,998,0,0,0,12,6,2,12,0,0,0,1,26,49437,6,1,0,0,3,3,70,190,0,0,0,0,0,0,0,0,0,0,0,0,0,0,1,2,55,1,1,2,10,0,0,1,62,7,1,1,65,0,0
26,260705,1,4,1,11,11,16,38,12,1,1,0,26,1,13,402,13402,14,2015,5LMCJ1A97FUJ,5,L,M,C,J,1,A,9,7,F,U,J,0,0,0,000000000,00000000000,0,0,0,1,0,0,0,0,0,0,0,998,0,0,0,6,2,5,12,0,0,0,1,26,48322,6,1,0,0,3,0,62,110,0,0,0,0,0,0,0,0,0,0,0,0,0,0,3,6,70,1,8,1,1,0,0,2,53,1,1,1,98,0,0
26,260705,2,4,1,11,11,16,38,12,1,1,0,26,1,35,52,35052,6,2014,JN8AZ2KR0ET3,J,N,8,A,Z,2,K,R,0,E,T,3,0,0,0,000000000,00000000000,0,0,0,1,0,0,0,0,0,0,0,998,0,0,0,6,6,2,12,0,0,0,1,26,48327,6,1,0,0,3,0,69,240,2,0,0,0,0,2,2012,4,2012,0,0,0,0,0,3,6,70,1,8,1,1,0,0,1,53,1,1,1,98,0,0
26,260705,3,4,1,11,11,16,38,12,1,1,0,26,2,2,405,2405,14,2003,1J4GL48K13W6,1,J,4,G,L,4,8,K,1,3,W,6,0,0,0,000000000,00000000000,0,0,0,1,0,0,0,0,0,0,0,998,0,1,1,6,6,2,2,0,0,1,1,26,48220,6,1,6,0,3,3,57,81,0,0,0,0,0,0,0,0,0,0,0,0,0,0,3,6,70,1,8,1,1,0,0,2,53,1,1,1,29,1,0
26,260705,4,4,1,11,11,16,38,12,1,1,0,26,1,19,14,19014,4,2002,1G6KY54992U1,1,G,6,K,Y,5,4,9,9,2,U,1,0,0,0,000000000,00000000000,0,0,0,1,0,0,0,0,0,0,0,998,0,0,0,12,6,2,2,0,0,1,1,26,48025,6,1,0,0,3,3,72,185,0,0,0,0,0,0,0,0,0,0,26,0,0,0,3,6,70,1,8,1,1,0,0,1,52,4,1,1,28,0,0
26,260706,1,1,3,8,11,18,15,8,0,1,0,26,2,14,37,14037,4,1998,1MEFM6535WK6,1,M,E,F,M,6,5,3,5,W,K,6,0,0,0,000000000,00000000000,0,0,0,1,0,0,0,0,0,0,0,998,0,0,0,12,6,2,8,0,0,0,1,26,49002,6,1,0,0,3,3,70,135,0,0,0,0,0,0,0,0,0,0,99,99,99,99,3,2,70,1,8,8,1,0,0,1,12,8,1,4,8,0,0
26,260707,1,3,1,28,8,7,2,12,6,1,0,26,1,49,40,49040,4,2007,JTNBE46KX730,J,T,N,B,E,4,6,K,X,7,3,0,0,0,0,000000000,00000000000,0,0,0,1,0,0,0,0,0,0,0,998,0,0,0,9,6,2,12,0,0,0,1,26,48198,9,9,99,9,9,9,999,999,99,99,99,99,99,99,9999,99,9999,0,39,0,0,0,5,5,98,1,8,8,1,3,3,1,17,99,1,1,89,1,0
26,260707,2,3,1,28,8,7,2,12,6,1,0,26,3,35,402,35402,14,2014,5N1AN0NU1EN8,5,N,1,A,N,0,N,U,1,E,N,8,0,0,0,000000000,00000000000,0,0,0,1,0,0,0,0,0,0,0,998,0,0,0,12,6,2,12,0,0,0,1,26,48111,6,1,0,0,3,0,71,185,0,0,0,0,0,0,0,0,0,0,99,99,99,99,5,5,45,1,8,8,1,3,3,1,66,99,1,1,88,0,0
26,260707,3,3,1,28,8,7,2,12,6,1,0,26,1,7,403,7403,14,2011,1D4PU4GX7BW5,1,D,4,P,U,4,G,X,7,B,W,5,0,0,0,000000000,00000000000,0,0,0,1,0,0,0,0,0,0,0,0,0,0,0,12,2,5,12,0,0,0,1,26,48111,6,1,0,0,3,0,65,170,0,0,0,0,0,0,0,0,0,0,0,0,0,0,5,5,45,1,8,8,1,3,3,5,62,1,1,1,98,0,0
26,260708,1,1,2,27,9,14,55,9,0,1,0,26,2,6,441,6441,20,2010,2A4RR5D18AR1,2,A,4,R,R,5,D,1,8,A,R,1,0,0,0,000000000,00000000000,0,0,0,1,0,0,0,0,0,0,0,998,0,0,0,12,2,3,9,0,0,0,1,26,49068,6,1,0,0,3,3,63,230,0,0,0,0,0,0,0,0,0,0,0,0,0,0,1,4,55,1,1,2,1,0,0,1,83,6,1,2,13,0,0
26,260709,1,1,1,11,11,18,2,8,0,1,0,26,1,20,481,20481,31,2014,1GCVKREC8EZ1,1,G,C,V,K,R,E,C,8,E,Z,1,0,0,0,000000000,00000000000,0,0,0,1,0,0,0,0,0,0,0,998,0,0,0,12,2,5,8,0,0,0,1,26,49253,6,1,0,0,3,3,75,285,0,0,0,0,0,0,0,0,0,0,38,0,0,0,1,3,25,1,8,8,2,0,0,11,80,1,1,1,13,0,0
26,260710,1,2,1,12,11,11,27,12,2,1,0,26,2,12,23,12023,4,2009,3FAHP07ZX9R1,3,F,A,H,P,0,7,Z,X,9,R,1,0,0,0,000000000,00000000000,0,0,0,1,0,0,0,0,0,0,0,998,0,0,0,12,6,2,12,0,0,0,1,26,48884,6,1,0,0,3,3,64,186,0,0,0,1,0,10,2012,10,2012,0,28,0,0,0,1,2,55,1,8,8,1,0,0,1,10,99,1,2,50,1,0
26,260710,2,2,1,12,11,11,27,12,2,1,0,26,1,2,404,2404,14,2014,1C4RJFBT7EC1,1,C,4,R,J,F,B,T,7,E,C,1,0,0,0,000000000,00000000000,0,0,0,1,0,0,0,0,0,0,0,998,0,0,0,12,6,2,12,0,0,0,1,26,49546,6,1,0,0,3,3,74,195,0,0,0,0,0,0,0,0,0,0,0,0,0,0,1,2,55,1,8,8,1,0,0,1,62,7,1,1,51,0,0
26,260711,1,2,1,15,11,2,55,12,6,1,0,26,2,7,43,7043,4,2003,1B3EL46X33N5,1,B,3,E,L,4,6,X,3,3,N,5,0,0,0,000000000,00000000000,0,0,0,1,0,0,0,0,0,0,0,998,0,0,0,12,6,2,12,0,0,0,1,26,48043,6,1,0,0,3,0,71,170,0,4,0,1,0,4,2014,10,2014,0,37,39,0,0,5,5,45,1,1,2,1,3,3,1,17,99,1,1,88,1,1
26,260711,2,2,1,15,11,2,55,12,6,1,0,26,1,20,482,20482,31,2002,3GNEK13T82G2,3,G,N,E,K,1,3,T,8,2,G,2,0,0,0,000000000,00000000000,0,0,0,1,0,0,0,0,0,0,0,998,0,0,0,9,6,2,12,0,0,0,1,26,48080,6,1,0,0,3,0,67,180,0,4,0,0,0,3,2013,7,2014,0,0,0,0,0,2,4,98,1,8,8,1,3,3,1,66,99,1,1,89,1,0
26,260712,1,1,1,17,11,7,38,42,0,1,0,26,2,12,481,12481,31,2001,1FTRW08L61KE,1,F,T,R,W,0,8,L,6,1,K,E,0,0,0,000000000,00000000000,0,0,0,1,0,0,0,0,0,0,0,998,0,0,0,13,6,2,42,0,0,0,1,26,49235,6,1,0,0,3,3,69,172,0,0,0,0,0,0,0,0,0,4,0,0,0,0,1,2,55,1,1,1,4,0,0,1,13,99,1,4,1,1,0
26,260713,1,2,1,18,11,1,35,12,6,1,0,26,2,2,404,2404,14,2003,1J4GW48S33C5,1,J,4,G,W,4,8,S,3,3,C,5,0,0,0,000000000,00000000000,0,0,0,1,0,0,0,0,0,0,0,998,0,0,0,12,6,2,12,0,0,0,1,26,49715,2,1,0,0,2,0,72,200,0,1,0,0,1,11,2013,12,2013,0,28,0,0,0,1,2,55,1,1,2,3,0,0,1,10,7,1,2,64,0,0
26,260713,2,2,4,18,11,1,35,12,6,1,0,35,2,2,404,2404,14,1992,1J4FJ88S5NL2,1,J,4,F,J,8,8,S,5,N,L,2,0,0,0,000000000,00000000000,0,0,0,1,0,0,0,0,0,0,0,998,0,0,0,3,6,2,12,0,0,0,1,39,43560,6,1,0,0,3,3,68,220,0,0,0,0,0,0,0,0,0,0,0,0,0,0,1,2,55,1,1,2,3,0,0,1,62,6,1,2,65,1,0