STATE,ST_CASE,VEH_NO,VE_FORMS,NUMOCCS,DAY,MONTH,HOUR,MINUTE,HARM_EV,MAN_COLL,UNITTYPE,HIT_RUN,REG_STAT,OWNER,MAKE,MODEL,MAK_MOD,BODY_TYP,MOD_YEAR,VIN,VIN_1,VIN_2,VIN_3,VIN_4,VIN_5,VIN_6,VIN_7,VIN_8,VIN_9,VIN_10,VIN_11,VIN_12,TOW_VEH,J_KNIFE,MCARR_I1,MCARR_I2,MCARR_ID,GVWR,V_CONFIG,CARGO_BT,HAZ_INV,HAZ_PLAC,HAZ_ID,HAZ_CNO,HAZ_REL,BUS_USE,SPEC_USE,EMER_USE,TRAV_SP,UNDERIDE,ROLLOVER,ROLINLOC,IMPACT1,DEFORMED,TOWED,M_HARM,VEH_SC1,VEH_SC2,FIRE_EXP,DR_PRES,L_STATE,DR_ZIP,L_STATUS,L_TYPE,CDL_STAT,L_ENDORS,L_COMPL,L_RESTRI,DR_HGT,DR_WGT,PREV_ACC,PREV_SUS,PREV_DWI,PREV_SPD,PREV_OTH,FIRST_MO,FIRST_YR,LAST_MO,LAST_YR,SPEEDREL,DR_SF1,DR_SF2,DR_SF3,DR_SF4,VTRAFWAY,VNUM_LAN,VSPD_LIM,VALIGN,VPROFILE,VPAVETYP,VSURCOND,VTRAFCON,VTCONT_F,P_CRASH1,P_CRASH2,P_CRASH3,PCRASH4,PCRASH5,ACC_TYPE,DEATHS,DR_DRINK
26,260757,2,3,2,5,12,22,14,12,2,1,0,26,1,30,46,30046,4,2014,1VWBN7A31EC0,1,V,W,B,N,7,A,3,1,E,C,0,0,0,0,000000000,00000000000,0,0,0,1,0,0,0,0,0,0,0,998,0,0,0,12,6,2,12,0,0,0,1,26,48808,6,1,0,0,3,3,74,225,0,0,0,1,0,12,2011,12,2011,0,0,0,0,0,2,2,70,1,1,1,1,0,0,6,54,4,1,2,52,1,0
26,260757,3,3,2,5,12,22,14,12,2,1,0,26,2,12,37,12037,4,2010,1FAHP3GN7AW2,1,F,A,H,P,3,G,N,7,A,W,2,0,0,0,000000000,00000000000,0,0,0,1,0,0,0,0,0,0,0,998,0,0,0,1,4,3,12,0,0,0,1,26,48858,6,1,0,0,3,0,70,165,0,0,0,2,0,12,2012,4,2013,0,0,0,0,0,2,2,70,1,1,1,1,0,0,1,60,1,1,1,98,0,0
26,260758,1,1,2,7,12,0,32,8,0,1,0,26,1,6,441,6441,20,2003,2C4GP24R03R3,2,C,4,G,P,2,4,R,0,3,R,3,0,0,0,000000000,00000000000,0,0,0,1,0,0,0,0,0,0,0,998,0,0,0,11,4,3,8,0,0,0,1,26,49093,6,1,0,0,3,0,69,220,0,0,0,0,0,0,0,0,0,0,0,0,0,0,5,5,50,1,1,1,1,3,3,1,80,7,1,1,13,0,1
26,260759,1,1,1,7,12,11,51,42,0,1,0,26,1,12,481,12481,31,1999,1FTNF21S5XEA,1,F,T,N,F,2,1,S,5,X,E,A,0,0,0,000000000,00000000000,0,0,0,1,0,0,0,0,0,0,0,998,0,0,0,9,6,2,42,0,0,0,1,26,49619,6,1,0,0,3,3,71,245,1,0,0,0,0,11,2013,11,2013,4,0,0,0,0,1,2,55,1,1,2,4,0,0,1,5,99,3,4,2,1,0
26,260760,1,2,4,11,12,16,17,12,6,1,0,26,1,30,46,30046,4,2000,WVWUH23B1YE2,W,V,W,U,H,2,3,B,1,Y,E,2,0,0,0,000000000,00000000000,0,0,0,1,0,0,0,0,0,0,0,998,0,0,0,9,6,2,12,0,0,0,1,26,48640,6,1,0,0,3,3,66,170,1,1,0,1,0,1,2012,3,2012,0,38,0,0,0,0,0,0,0,0,0,0,0,0,11,15,99,1,1,82,1,0
26,260760,2,2,1,11,12,16,17,12,6,1,0,93,3,98,804,98804,66,1992,2WKPDCXH5NK9,2,W,K,P,D,C,X,H,5,N,K,9,1,1,57,001598817,57001598817,3,6,4,1,0,0,0,0,0,0,0,998,0,0,0,12,6,2,12,0,0,0,1,26,48616,6,1,6,0,3,0,69,240,2,0,0,1,0,6,2012,12,2014,0,0,0,0,0,1,2,55,1,1,2,1,0,0,1,72,8,2,9,83,0,0
26,260761,1,1,1,10,12,3,58,9,0,1,0,93,1,51,881,51881,66,2007,4V4NC9TJ67N4,4,V,4,N,C,9,T,J,6,7,N,4,1,1,57,000215516,57000215516,3,6,97,1,0,0,0,0,0,0,0,998,0,0,0,3,2,3,9,0,0,0,1,26,48044,6,1,6,0,3,0,72,210,0,0,0,0,0,0,0,0,0,0,99,99,99,99,5,5,45,1,1,1,1,0,0,1,83,99,1,1,13,0,0
26,260762,1,7,2,13,12,22,35,8,0,1,0,26,2,63,441,63441,20,2002,KNDUP1310262,K,N,D,U,P,1,3,1,0,2,6,2,0,0,0,000000000,00000000000,0,0,0,1,0,0,0,0,0,0,0,998,0,0,0,12,4,3,8,0,0,0,1,26,48507,0,0,0,0,0,0,67,165,0,0,0,0,0,0,0,0,0,0,0,0,0,0,5,5,45,1,1,2,2,0,0,1,80,99,1,1,13,0,0
26,260762,2,7,1,13,12,22,35,8,0,1,0,26,1,22,20,22020,4,2007,2G2WP5528711,2,G,2,W,P,5,5,2,8,7,1,1,0,0,0,000000000,00000000000,0,0,0,1,0,0,0,0,0,0,0,998,0,0,0,14,2,5,8,0,0,0,1,26,48507,6,1,0,0,3,0,67,130,0,1,0,1,0,2,2014,10,2014,0,0,0,0,0,5,5,45,1,1,2,2,0,0,1,80,99,1,1,98,0,0
26,260762,3,7,1,13,12,22,35,8,0,1,0,26,2,20,22,20022,2,2006,1G1AK15FX678,1,G,1,A,K,1,5,F,X,6,7,8,0,0,0,000000000,00000000000,0,0,0,1,0,0,0,0,0,0,0,998,0,0,0,14,2,5,8,0,0,0,1,26,48529,6,1,0,0,3,3,63,145,0,0,0,1,0,9,2012,9,2012,0,0,0,0,0,5,5,45,1,1,2,2,0,0,1,80,99,1,1,98,0,0
26,260762,4,7,1,13,12,22,35,8,0,1,0,26,2,37,32,37032,4,2000,1HGCG5652YA1,1,H,G,C,G,5,6,5,2,Y,A,1,0,0,0,000000000,00000000000,0,0,0,1,0,0,0,0,0,0,0,998,0,0,0,14,2,5,8,0,0,0,1,26,48439,6,2,0,0,3,3,69,120,0,0,0,0,0,0,0,0,0,0,0,0,0,0,5,5,45,1,1,2,2,0,0,1,80,99,1,1,98,0,0
26,260762,5,7,2,13,12,22,35,8,0,1,0,26,1,2,404,2404,14,2014,1C4RJFAG5EC5,1,C,4,R,J,F,A,G,5,E,C,5,0,0,0,000000000,00000000000,0,0,0,1,0,0,0,0,0,0,0,998,0,0,0,14,2,5,8,0,0,0,1,26,48328,6,1,0,0,3,0,66,225,0,0,0,0,0,0,0,0,0,0,0,0,0,0,5,5,45,1,1,2,2,0,0,1,80,99,1,1,98,0,0
26,260762,6,7,2,13,12,22,35,8,0,1,0,26,1,18,23,18023,4,2009,1G4HD57M09U1,1,G,4,H,D,5,7,M,0,9,U,1,0,0,0,000000000,00000000000,0,0,0,1,0,0,0,0,0,0,0,998,0,0,0,14,2,5,8,0,0,0,1,26,48507,6,1,0,0,3,3,72,250,0,0,0,0,0,0,0,0,0,0,0,0,0,0,5,5,45,1,1,2,2,0,0,1,80,99,1,1,98,0,0
26,260762,7,7,3,13,12,22,35,8,0,1,0,26,2,18,401,18401,14,2005,3G5DB03735S5,3,G,5,D,B,0,3,7,3,5,S,5,0,0,0,000000000,00000000000,0,0,0,1,0,0,0,0,0,0,0,998,0,0,0,14,2,5,8,0,0,0,1,26,48439,6,1,0,0,3,3,71,168,0,0,0,0,0,0,0,0,0,0,0,0,0,0,5,5,45,1,1,2,2,0,0,1,80,99,1,1,98,0,0
26,260763,1,1,1,11,12,22,0,59,0,1,0,26,1,20,471,20471,30,2001,1GCDT19W2181,1,G,C,D,T,1,9,W,2,1,8,1,0,0,0,000000000,00000000000,0,0,0,1,0,0,0,0,0,0,0,998,0,1,5,12,6,2,42,0,0,0,1,26,49456,6,1,0,0,3,3,70,150,0,0,0,0,0,0,0,0,0,4,0,0,0,0,1,2,55,3,1,2,2,0,0,1,13,99,1,4,1,1,1
26,260764,1,1,1,7,12,2,11,42,0,1,0,26,3,20,2,20002,4,2009,2G1WS57M9913,2,G,1,W,S,5,7,M,9,9,1,3,0,0,0,000000000,00000000000,0,0,0,1,0,0,0,0,0,0,0,998,0,0,0,1,6,2,42,0,0,0,1,26,49285,6,1,0,0,3,0,74,195,0,0,0,0,0,0,0,0,0,5,37,0,0,0,1,2,55,1,8,8,10,0,0,1,12,99,1,4,6,1,0
26,260765,1,1,4,15,12,15,15,1,0,1,0,26,1,12,401,12401,14,2002,1FMZU73E22ZA,1,F,M,Z,U,7,3,E,2,2,Z,A,0,0,0,000000000,00000000000,0,0,0,1,0,0,0,0,0,0,0,998,0,2,5,0,6,2,1,0,0,0,1,26,49271,6,1,0,0,3,0,68,243,0,0,0,1,1,6,2013,7,2013,5,0,0,0,0,1,2,55,1,2,2,1,0,0,1,12,99,1,4,6,2,1
26,260766,1,1,1,3,12,20,51,8,0,1,0,26,1,12,481,12481,31,2014,1FTFX1EF5EKE,1,F,T,F,X,1,E,F,5,E,K,E,0,0,0,000000000,00000000000,0,0,0,1,0,0,0,0,0,0,0,998,0,0,0,11,0,5,8,0,0,0,1,26,48170,6,1,0,0,3,3,70,185,1,0,0,0,1,4,2014,4,2014,0,99,99,99,99,1,2,35,1,1,2,1,0,0,11,80,99,1,1,13,0,0
26,260767,1,1,1,6,12,2,0,42,0,1,0,26,2,32,42,32042,4,2001,WAUED64B81N1,W,A,U,E,D,6,4,B,8,1,N,1,0,0,0,000000000,00000000000,0,0,0,1,0,0,0,0,0,0,0,998,0,0,0,12,6,2,42,0,0,0,1,26,48723,6,1,0,0,3,0,72,186,0,2,0,0,0,1,2012,2,2012,0,6,36,0,0,1,2,55,1,8,4,1,0,0,1,13,1,1,4,1,1,1
26,260768,1,2,5,9,12,13,15,12,2,1,0,26,1,12,37,12037,4,2014,1FADP3F28EL2,1,F,A,D,P,3,F,2,8,E,L,2,0,0,0,000000000,00000000000,0,0,0,1,0,0,0,0,0,0,0,998,0,1,1,12,6,2,12,0,0,0,1,26,48638,6,1,0,0,3,3,66,170,0,0,0,3,0,7,2013,8,2014,0,28,0,0,0,5,5,55,1,8,2,1,0,0,1,10,7,1,2,50,1,0
26,260768,2,2,1,9,12,13,15,12,2,1,0,26,2,20,404,20404,14,2012,2GNFLDE58C62,2,G,N,F,L,D,E,5,8,C,6,2,0,0,0,000000000,00000000000,0,0,0,1,0,0,0,0,0,0,0,998,0,0,0,12,6,2,12,0,0,0,1,26,48623,6,1,0,0,3,0,67,260,0,0,0,0,0,0,0,0,0,0,0,0,0,0,5,5,55,1,8,2,1,0,0,1,62,99,1,1,51,1,0
26,260769,1,1,1,28,4,3,50,8,0,1,1,99,9,99,399,99399,9,9999,999999999999,9,9,9,9,9,9,9,9,9,9,9,9,9,0,0,000000000,00000000000,0,0,0,1,0,0,0,0,99,99,9,998,0,0,0,99,9,5,8,0,0,0,1,99,99999,9,9,99,9,9,9,999,999,99,99,99,99,99,99,9999,99,9999,9,0,0,0,0,1,4,30,1,8,8,1,0,0,1,80,99,9,9,13,0,0
26,260770,1,1,5,14,12,20,20,42,0,1,0,26,2,14,17,14017,4,1997,1MELM53S8VA6,1,M,E,L,M,5,3,S,8,V,A,6,0,0,0,000000000,00000000000,0,0,0,1,0,0,0,0,0,0,0,998,0,0,0,3,6,2,42,0,0,0,1,26,48224,0,0,0,0,0,0,66,200,0,0,0,0,0,0,0,0,0,5,36,0,0,0,1,2,25,1,8,8,1,0,0,1,9,99,9,4,7,1,0
26,260771,1,1,2,12,12,1,50,40,0,1,0,26,2,6,51,6051,4,2008,2C3LA63H78H1,2,C,3,L,A,6,3,H,7,8,H,1,0,0,0,000000000,00000000000,0,0,0,1,0,0,0,0,0,0,0,998,0,1,5,12,6,2,1,0,0,0,1,26,48221,6,1,0,0,3,0,75,244,0,0,0,0,1,11,2014,11,2014,4,6,36,0,0,4,3,25,2,8,8,1,0,0,14,6,99,9,4,7,1,0
26,260772,1,1,1,5,12,2,32,1,0,1,0,26,1,20,401,20401,14,2003,1GNCS18X93K1,1,G,N,C,S,1,8,X,9,3,K,1,0,0,0,000000000,00000000000,0,0,0,1,0,0,0,0,0,0,0,998,0,2,5,0,6,2,1,0,0,0,1,26,48917,6,1,0,0,3,0,68,150,0,0,0,1,0,2,2013,2,2013,0,6,36,58,0,1,2,55,1,1,2,1,0,0,1,13,6,4,4,7,1,1
26,260773,1,2,1,4,9,14,3,12,6,1,0,26,1,6,441,6441,20,2005,2C4GP54L45R3,2,C,4,G,P,5,4,L,4,5,R,3,0,0,0,000000000,00000000000,0,0,0,1,0,0,0,0,0,0,0,998,0,0,0,3,2,3,12,0,0,0,1,26,48186,6,1,0,0,3,3,72,260,0,0,0,0,1,4,2013,4,2013,0,38,0,0,0,5,5,40,1,1,1,1,3,3,11,15,99,1,1,68,0,0
26,260773,2,2,1,4,9,14,3,12,6,1,0,26,1,72,706,72706,80,2006,1HD1GX1106K3,1,H,D,1,G,X,1,1,0,6,K,3,0,0,0,000000000,00000000000,0,0,0,1,0,0,0,0,0,0,0,998,0,0,0,12,6,2,12,0,0,0,1,26,48390,9,9,99,9,9,9,999,999,99,99,99,99,99,99,9999,99,9999,0,0,0,0,0,5,5,40,1,1,1,1,3,3,1,62,99,1,1,69,1,0
26,260774,1,2,2,27,12,19,57,12,6,1,0,26,2,12,17,12017,4,2002,1FAFP55S42A2,1,F,A,F,P,5,5,S,4,2,A,2,0,0,0,000000000,00000000000,0,0,0,1,0,0,0,0,0,0,0,998,0,0,0,3,6,2,12,0,0,0,1,26,49715,6,1,0,0,3,0,75,160,1,0,0,0,0,8,2014,8,2014,0,28,0,0,0,1,2,35,1,8,8,4,0,0,1,5,99,4,2,64,1,0
26,260774,2,2,2,27,12,19,57,12,6,1,0,26,2,20,481,20481,31,2014,1GCVKREH9EZ2,1,G,C,V,K,R,E,H,9,E,Z,2,0,0,0,000000000,00000000000,0,0,0,1,0,0,0,0,0,0,0,998,0,0,0,12,6,2,12,0,0,0,1,26,49715,6,1,0,0,3,3,66,189,0,0,0,0,0,0,0,0,0,0,0,0,0,0,1,2,35,1,8,8,4,0,0,1,62,99,1,1,65,0,0
26,260775,1,1,1,19,11,9,50,43,0,1,0,26,1,20,404,20404,14,2006,2CNDL13F0661,2,C,N,D,L,1,3,F,0,6,6,1,0,0,0,000000000,00000000000,0,0,0,1,0,0,0,0,0,0,0,998,0,1,5,1,6,2,42,0,0,0,1,26,49266,6,1,0,0,3,0,71,180,0,0,0,0,0,0,0,0,0,4,0,0,0,0,1,2,55,1,1,2,3,0,0,1,6,99,4,4,2,1,1
26,260776,1,2,1,18,12,13,52,12,7,1,0,26,1,35,49,35049,6,2010,JN8AZ1MW4AW1,J,N,8,A,Z,1,M,W,4,A,W,1,0,0,0,000000000,00000000000,0,0,0,1,0,0,0,0,0,0,0,998,0,0,0,3,6,2,42,0,0,0,1,26,49423,6,1,0,0,3,0,64,150,0,0,0,0,0,0,0,0,0,0,28,0,0,0,1,2,45,1,8,2,2,0,0,1,10,99,1,2,44,1,0
26,260776,2,2,1,18,12,13,52,12,7,1,0,26,1,37,32,37032,4,2004,1HGCM56814A0,1,H,G,C,M,5,6,8,1,4,A,0,0,0,0,000000000,00000000000,0,0,0,1,0,0,0,0,0,0,0,998,0,0,0,9,2,3,12,0,0,0,1,26,49423,6,1,0,0,3,0,70,190,1,0,0,1,0,1,2012,3,2013,0,0,0,0,0,1,2,45,1,8,2,2,0,0,2,60,99,1,1,45,0,0
26,260777,1,1,1,22,11,8,43,42,0,1,0,26,2,23,481,23481,31,2003,2GTEC19T4313,2,G,T,E,C,1,9,T,4,3,1,3,0,0,0,000000000,00000000000,0,0,0,1,0,0,0,0,0,0,0,998,0,0,0,3,6,2,42,0,0,0,1,26,48169,6,1,0,0,3,3,73,210,0,0,0,0,0,0,0,0,0,4,0,0,0,0,1,2,45,1,2,2,4,0,0,1,6,99,4,4,7,1,0
26,260778,1,1,1,12,11,22,28,17,0,1,0,26,1,37,441,37441,20,2003,5FNRL18573B0,5,F,N,R,L,1,8,5,7,3,B,0,0,0,0,000000000,00000000000,0,0,0,1,0,0,0,0,0,0,0,998,0,0,0,12,6,2,42,0,0,0,1,26,48103,6,1,0,0,3,0,74,190,1,0,0,0,2,8,2012,4,2014,5,58,0,0,0,1,2,55,1,2,2,1,0,0,1,13,6,4,4,6,1,1
26,260779,1,2,1,23,11,7,50,12,6,1,0,26,1,7,482,7482,31,2012,3C6UD5NL4CG2,3,C,6,U,D,5,N,L,4,C,G,2,0,0,0,000000000,00000000000,0,0,0,1,0,0,0,0,0,0,0,998,0,0,0,12,6,2,12,0,0,0,1,26,48858,6,1,6,0,3,3,71,195,1,0,0,0,0,1,2014,1,2014,0,0,0,0,0,1,2,55,1,1,2,2,0,0,1,66,99,1,1,88,0,0
26,260779,2,2,1,23,11,7,50,12,6,1,0,26,1,14,443,14443,20,2002,4M2ZV12T02DJ,4,M,2,Z,V,1,2,T,0,2,D,J,0,0,0,000000000,00000000000,0,0,0,1,0,0,0,0,0,0,0,998,0,0,0,11,6,2,12,0,0,0,1,26,48883,6,1,0,0,3,0,74,350,0,0,0,0,0,0,0,0,0,0,38,0,0,0,1,2,98,1,8,8,2,20,3,1,17,99,1,1,89,1,0
26,260780,1,1,1,20,12,1,50,9,0,1,1,99,9,99,999,99999,99,9999,999999999999,9,9,9,9,9,9,9,9,9,9,9,9,0,0,0,000000000,00000000000,0,0,0,1,0,0,0,0,99,99,9,999,0,0,0,99,9,5,9,99,99,0,1,99,99999,9,9,99,9,9,9,999,999,99,99,99,99,99,99,9999,99,9999,9,99,99,99,99,9,9,98,1,8,8,1,3,3,99,83,99,9,9,13,0,0
26,260781,1,1,1,22,11,16,35,33,0,1,0,26,1,20,2,20002,4,2009,2G1WT57NX911,2,G,1,W,T,5,7,N,X,9,1,1,0,0,0,000000000,00000000000,0,0,0,1,0,0,0,0,0,0,0,998,0,0,0,12,6,2,42,0,0,0,1,26,48239,6,1,0,0,3,0,62,261,0,1,0,1,0,7,2014,9,2014,0,99,99,99,99,1,4,35,1,8,8,2,0,0,1,12,99,9,4,6,1,0
26,260782,1,1,1,23,12,18,42,30,0,1,0,26,1,22,18,22018,4,2000,1G2WP52K9YF3,1,G,2,W,P,5,2,K,9,Y,F,3,0,0,0,000000000,00000000000,0,0,0,1,0,0,0,0,0,0,0,998,0,0,0,9,6,2,30,0,0,0,1,26,48176,6,1,0,0,3,0,72,170,0,0,0,0,0,0,0,0,0,4,0,0,0,0,1,2,55,3,2,2,2,0,0,14,6,8,5,4,2,1,1
26,260783,1,2,4,24,11,18,0,12,6,1,0,26,1,20,443,20443,20,2002,1GNDX03E12D2,1,G,N,D,X,0,3,E,1,2,D,2,0,0,0,000000000,00000000000,0,0,0,1,0,0,0,0,0,0,0,998,0,0,0,3,6,2,12,0,0,0,1,26,49821,6,1,0,0,3,3,66,190,0,0,0,0,0,0,0,0,0,4,28,0,0,0,1,2,55,1,1,2,10,0,0,1,6,99,4,2,64,3,0
26,260783,2,2,1,24,11,18,0,12,6,1,0,39,3,82,881,82881,66,2011,1FUJGLDR9BLA,1,F,U,J,G,L,D,R,9,B,L,A,1,1,57,000188891,57000188891,3,6,1,1,0,0,0,0,0,0,0,998,0,0,0,12,6,2,12,0,0,0,1,17,62568,6,1,6,0,3,3,72,130,0,0,0,0,2,10,2013,8,2014,0,0,0,0,0,1,2,55,1,1,2,10,0,0,1,62,7,1,1,65,0,0
26,260784,1,2,1,24,12,7,40,12,6,1,0,26,1,63,32,63032,4,2009,KNADE2236964,K,N,A,D,E,2,2,3,6,9,6,4,0,0,0,000000000,00000000000,0,0,0,1,0,0,0,0,0,0,0,998,0,0,0,3,6,2,12,0,0,0,1,26,48328,0,0,0,0,0,0,68,150,1,0,0,0,1,9,2014,9,2014,0,39,0,0,0,8,8,98,1,8,8,2,3,3,1,17,99,1,1,87,1,0
26,260784,2,2,2,24,12,7,40,12,6,1,0,26,4,82,881,82881,63,2012,1FVACXDT1CDB,1,F,V,A,C,X,D,T,1,C,D,B,0,0,57,000709917,57000709917,3,1,1,1,0,0,0,0,0,0,0,998,0,0,0,12,4,3,12,0,0,0,1,26,48141,6,1,6,0,3,3,74,305,0,0,0,0,0,0,0,0,0,0,0,0,0,0,5,7,40,1,8,2,2,3,3,1,66,99,1,1,86,0,0
26,260785,1,1,1,8,11,17,25,42,0,1,0,26,2,12,37,12037,4,2009,1FAHP35N19W1,1,F,A,H,P,3,5,N,1,9,W,1,0,0,0,000000000,00000000000,0,0,0,1,0,0,0,0,0,0,0,998,0,0,0,9,6,2,42,0,0,0,1,51,22304,6,1,0,0,3,0,70,145,0,0,0,0,0,0,0,0,0,0,99,99,99,99,2,2,70,2,8,1,1,0,0,14,9,7,3,4,2,1,0
26,260786,1,1,2,24,12,17,53,8,0,1,0,26,2,20,481,20481,31,2001,1GCEK19T51E1,1,G,C,E,K,1,9,T,5,1,E,1,0,0,0,000000000,00000000000,0,0,0,1,0,0,0,0,0,0,0,998,0,0,0,1,2,3,8,0,0,0,1,26,49111,6,1,0,0,3,3,71,165,0,0,0,0,0,0,0,0,0,0,0,0,0,0,1,2,55,1,1,2,2,0,0,1,80,98,1,1,13,0,0
26,260787,1,1,1,27,12,6,8,25,0,1,0,26,1,2,403,2403,14,2014,1C4BJWEG2EL1,1,C,4,B,J,W,E,G,2,E,L,1,0,0,0,000000000,00000000000,0,0,0,1,0,0,0,0,0,0,0,998,0,0,0,11,6,2,25,0,0,0,1,26,48507,6,1,0,0,3,0,71,250,0,0,0,3,0,3,2012,9,2014,9,89,0,0,0,3,4,70,4,8,1,1,0,0,14,12,1,1,4,6,1,0
26,260788,1,1,2,27,12,23,10,42,0,1,0,26,2,7,20,7020,4,2001,1B3ES46C71D2,1,B,3,E,S,4,6,C,7,1,D,2,0,0,0,000000000,00000000000,0,0,0,1,0,0,0,0,0,0,0,998,0,0,0,3,6,2,42,0,0,0,1,26,48191,6,1,0,0,3,0,71,140,0,0,0,0,0,0,0,0,0,0,36,0,0,0,1,2,25,1,8,8,2,0,0,1,9,99,4,4,7,2,1
26,260789,1,1,1,25,11,23,23,8,0,1,0,26,3,92,981,92981,52,2002,15GGD2215210,1,5,G,G,D,2,2,1,5,2,1,0,0,0,88,888888888,88888888888,2,21,22,1,0,0,0,0,6,3,0,998,0,0,0,12,2,5,8,0,0,0,1,26,48141,6,1,6,1,3,0,69,218,1,0,0,0,0,4,2013,4,2013,0,99,99,99,99,1,4,35,1,1,1,1,4,3,11,80,99,1,1,13,0,0
26,260790,1,2,1,6,11,17,30,12,6,1,0,26,1,20,401,20401,14,2000,1GNCT18W8YK2,1,G,N,C,T,1,8,W,8,Y,K,2,0,0,0,000000000,00000000000,0,0,0,1,0,0,0,0,0,0,0,998,0,0,0,12,6,2,12,0,0,0,1,26,48642,6,1,0,0,3,0,70,190,0,0,0,0,0,0,0,0,0,0,0,0,0,0,1,2,55,1,1,1,2,0,0,1,71,3,1,1,83,0,0
26,260790,2,2,1,6,11,17,30,12,6,1,0,26,2,37,402,37402,14,2007,5J6RE38347L0,5,J,6,R,E,3,8,3,4,7,L,0,0,0,0,000000000,00000000000,0,0,0,1,0,0,0,0,0,0,0,998,0,0,0,9,6,2,12,0,0,0,1,26,48642,6,1,0,0,3,0,64,140,1,0,0,0,0,10,2014,10,2014,0,38,48,0,0,0,0,0,0,0,0,0,0,0,11,15,99,1,1,82,1,0
26,260791,1,2,2,26,11,17,49,12,6,1,0,26,2,22,22,22022,4,2009,1G2ZG57N1941,1,G,2,Z,G,5,7,N,1,9,4,1,0,0,0,000000000,00000000000,0,0,0,1,0,0,0,0,0,0,0,998,0,0,0,9,6,2,12,0,0,0,1,26,49428,6,1,0,0,3,0,65,120,0,0,0,0,0,0,0,0,0,0,39,0,0,0,1,2,98,1,8,8,1,20,3,1,17,1,1,1,89,1,0
26,260791,2,2,1,26,11,17,49,12,6,1,0,26,1,12,481,12481,31,2001,1FTRX18L11NA,1,F,T,R,X,1,8,L,1,1,N,A,0,0,0,000000000,00000000000,0,0,0,1,0,0,0,0,0,0,0,998,0,0,0,12,6,2,12,0,0,0,1,26,49329,6,1,0,0,3,0,67,175,1,0,0,0,0,5,2014,5,2014,0,0,0,0,0,1,2,55,1,1,2,1,0,0,1,66,99,1,1,88,0,0
26,260792,1,1,1,26,11,22,32,42,0,1,0,26,2,20,36,20036,2,2001,2G1WW12EX192,2,G,1,W,W,1,2,E,X,1,9,2,0,0,0,000000000,00000000000,0,0,0,1,0,0,0,0,0,0,0,998,0,0,0,9,6,2,42,0,0,0,1,26,49202,1,1,0,0,2,0,65,150,0,3,0,0,0,2,2012,2,2013,0,36,0,0,0,1,2,55,1,3,2,1,0,0,1,9,99,4,4,2,1,1
26,260793,1,2,2,25,11,12,17,12,6,1,0,26,1,6,421,6421,15,2009,1A8HW58T99F7,1,A,8,H,W,5,8,T,9,9,F,7,0,0,0,000000000,00000000000,0,0,0,1,0,0,0,0,0,0,0,998,0,0,0,3,6,2,12,0,0,0,1,26,49690,6,1,0,0,3,3,66,180,0,0,0,0,0,0,0,0,0,0,28,0,0,0,1,2,55,1,1,2,10,0,0,1,10,99,4,2,64,0,0
26,260793,2,2,2,25,11,12,17,12,6,1,0,26,1,35,43,35043,4,2012,3N1AB6AP1CL6,3,N,1,A,B,6,A,P,1,C,L,6,0,0,0,000000000,00000000000,0,0,0,1,0,0,0,0,0,0,0,998,0,0,0,12,6,2,12,0,0,0,1,26,49629,6,1,0,0,3,0,62,150,0,0,0,0,0,0,0,0,0,0,0,0,0,0,1,2,55,1,1,2,10,0,0,1,62,99,1,1,65,1,0
26,260794,1,1,1,27,12,18,20,8,0,1,1,26,1,22,20,22020,4,1998,1G2WP52K5WF2,1,G,2,W,P,5,2,K,5,W,F,2,0,0,0,000000000,00000000000,0,0,0,1,0,0,0,0,0,0,0,999,0,0,0,12,2,5,8,0,0,0,1,26,48066,1,1,0,0,2,0,72,179,0,1,0,0,0,10,2014,10,2014,9,99,99,99,99,5,7,35,1,8,8,1,0,0,1,80,99,9,9,13,0,0
26,260795,1,1,1,26,11,18,38,8,0,1,0,26,2,12,402,12402,14,2009,1FMCU93G49KA,1,F,M,C,U,9,3,G,4,9,K,A,0,0,0,000000000,00000000000,0,0,0,1,0,0,0,0,0,0,0,998,0,0,0,12,6,2,8,0,0,0,1,26,48117,6,1,0,0,3,3,61,145,0,0,0,0,0,0,0,0,0,0,0,0,0,0,5,5,40,1,1,2,1,0,0,1,80,99,1,1,13,0,0
26,260796,1,2,5,30,11,18,4,12,6,1,0,17,2,35,49,35049,6,2005,JN8AZ08W85W4,J,N,8,A,Z,0,8,W,8,5,W,4,0,0,0,000000000,00000000000,0,0,0,1,0,0,0,0,0,0,0,998,0,0,0,3,6,2,12,0,0,0,1,17,60618,6,1,0,0,3,0,66,175,0,0,0,0,0,0,0,0,0,0,38,0,0,0,6,1,98,1,8,8,2,20,3,1,17,1,1,1,87,1,0