STATE,ST_CASE,VEH_NO,VE_FORMS,NUMOCCS,DAY,MONTH,HOUR,MINUTE,HARM_EV,MAN_COLL,UNITTYPE,HIT_RUN,REG_STAT,OWNER,MAKE,MODEL,MAK_MOD,BODY_TYP,MOD_YEAR,VIN,VIN_1,VIN_2,VIN_3,VIN_4,VIN_5,VIN_6,VIN_7,VIN_8,VIN_9,VIN_10,VIN_11,VIN_12,TOW_VEH,J_KNIFE,MCARR_I1,MCARR_I2,MCARR_ID,GVWR,V_CONFIG,CARGO_BT,HAZ_INV,HAZ_PLAC,HAZ_ID,HAZ_CNO,HAZ_REL,BUS_USE,SPEC_USE,EMER_USE,TRAV_SP,UNDERIDE,ROLLOVER,ROLINLOC,IMPACT1,DEFORMED,TOWED,M_HARM,VEH_SC1,VEH_SC2,FIRE_EXP,DR_PRES,L_STATE,DR_ZIP,L_STATUS,L_TYPE,CDL_STAT,L_ENDORS,L_COMPL,L_RESTRI,DR_HGT,DR_WGT,PREV_ACC,PREV_SUS,PREV_DWI,PREV_SPD,PREV_OTH,FIRST_MO,FIRST_YR,LAST_MO,LAST_YR,SPEEDREL,DR_SF1,DR_SF2,DR_SF3,DR_SF4,VTRAFWAY,VNUM_LAN,VSPD_LIM,VALIGN,VPROFILE,VPAVETYP,VSURCOND,VTRAFCON,VTCONT_F,P_CRASH1,P_CRASH2,P_CRASH3,PCRASH4,PCRASH5,ACC_TYPE,DEATHS,DR_DRINK
26,260796,2,2,1,30,11,18,4,12,6,1,0,26,2,7,472,7472,30,2005,1D7HW48N45S1,1,D,7,H,W,4,8,N,4,5,S,1,0,0,0,000000000,00000000000,0,0,0,1,0,0,0,0,0,0,0,998,0,0,0,12,6,2,12,0,0,0,1,26,49203,6,1,0,0,3,0,75,240,0,0,0,0,0,0,0,0,0,0,0,0,0,0,1,2,55,1,8,2,2,0,0,1,66,1,1,1,86,0,0
26,260797,1,3,1,25,11,7,12,12,2,1,0,26,1,12,473,12473,30,2003,1FMZU77E13UB,1,F,M,Z,U,7,7,E,1,3,U,B,0,0,0,000000000,00000000000,0,0,0,1,0,0,0,0,0,0,0,998,0,0,0,12,6,2,12,0,0,0,1,26,48427,6,1,0,0,3,0,66,155,0,0,0,0,0,0,0,0,0,0,28,77,87,0,1,2,55,1,2,2,4,0,0,1,5,99,4,2,50,1,0
26,260797,2,3,1,25,11,7,12,12,2,1,0,39,3,82,881,82881,63,2015,3ALACXDT3FDG,3,A,L,A,C,X,D,T,3,F,D,G,0,0,57,DOT954792,57DOT954792,3,1,1,1,0,0,0,0,0,0,0,998,0,0,0,12,6,2,12,0,0,0,1,39,44410,6,1,6,0,3,0,70,195,0,0,0,0,0,0,0,0,0,0,0,0,0,0,1,2,55,1,2,2,4,0,0,1,62,7,1,1,51,0,0
26,260797,3,3,1,25,11,7,12,12,2,1,0,26,1,20,2,20002,4,2003,2G1WF52E1391,2,G,1,W,F,5,2,E,1,3,9,1,0,0,0,000000000,00000000000,0,0,0,1,0,0,0,0,0,0,0,998,0,0,0,1,2,5,54,0,0,0,1,26,48726,6,1,6,0,3,0,74,225,1,0,0,0,0,3,2013,3,2013,0,0,0,0,0,1,2,55,1,2,2,4,0,0,1,98,1,1,1,98,0,0
26,260798,1,2,1,11,12,14,42,12,2,1,0,26,2,12,461,12461,21,2006,1FTNE24W86DB,1,F,T,N,E,2,4,W,8,6,D,B,0,0,0,000000000,00000000000,0,0,0,1,0,0,0,0,0,0,0,998,0,0,0,12,6,2,12,0,0,0,1,26,48045,3,1,0,0,2,0,72,185,1,0,0,0,0,12,2014,12,2014,0,28,0,0,0,1,2,45,3,8,8,1,0,0,14,10,99,1,2,50,0,0
26,260798,2,2,2,11,12,14,42,12,2,1,0,95,9,12,461,12461,21,2008,1FTNE24W48DB,1,F,T,N,E,2,4,W,4,8,D,B,0,0,0,000000000,00000000000,0,0,0,1,0,0,0,0,0,0,0,998,0,0,0,12,6,2,12,0,0,0,1,95,0,9,9,99,9,9,9,999,999,99,99,99,99,99,99,9999,99,9999,0,0,0,0,0,1,2,45,2,8,8,1,0,0,14,62,99,1,1,51,1,0
26,260799,1,1,1,26,11,13,20,33,0,1,0,26,2,12,461,12461,21,1998,1FTNE2427WHA,1,F,T,N,E,2,4,2,7,W,H,A,0,0,0,000000000,00000000000,0,0,0,1,0,0,0,0,0,0,0,998,0,0,0,1,6,2,30,0,0,0,1,26,48205,1,1,0,0,2,0,75,280,0,10,0,0,3,4,2012,6,2014,0,99,99,99,99,1,2,30,1,8,8,1,0,0,1,13,99,1,4,1,1,0
26,260800,1,5,1,30,11,20,2,12,1,1,0,26,2,23,481,23481,31,1991,1GTDC14Z6ME5,1,G,T,D,C,1,4,Z,6,M,E,5,0,0,0,000000000,00000000000,0,0,0,1,0,0,0,0,0,0,0,998,0,0,0,12,6,2,12,0,0,0,1,26,48457,1,1,0,0,2,0,67,145,0,33,0,1,3,12,2011,8,2014,0,26,0,0,0,3,3,70,1,8,8,2,0,0,1,50,99,1,1,20,0,0
26,260800,2,5,2,30,11,20,2,12,1,1,0,26,1,12,37,12037,4,2007,1FAHP34N57W3,1,F,A,H,P,3,4,N,5,7,W,3,0,0,0,000000000,00000000000,0,0,0,1,0,0,0,0,0,0,0,0,0,0,0,6,6,2,12,0,0,0,1,26,48302,6,1,0,0,3,0,63,190,0,0,0,0,0,0,0,0,0,0,0,0,0,0,3,3,70,1,8,8,2,0,0,5,53,1,1,1,21,1,0
26,260800,3,5,1,30,11,20,2,12,1,1,0,26,1,12,17,12017,4,1996,1FALP52U4TG2,1,F,A,L,P,5,2,U,4,T,G,2,0,0,0,000000000,00000000000,0,0,0,1,0,0,0,0,0,0,0,0,0,0,0,6,6,2,12,0,0,0,1,26,48642,6,1,0,0,3,3,72,170,0,0,0,0,0,0,0,0,0,0,0,0,0,0,3,3,70,1,8,8,2,0,0,5,53,1,1,1,98,0,0
26,260800,4,5,1,30,11,20,2,12,1,1,0,26,2,20,443,20443,20,2003,1GNDX13E53D1,1,G,N,D,X,1,3,E,5,3,D,1,0,0,0,000000000,00000000000,0,0,0,1,0,0,0,0,0,0,0,0,0,0,0,6,4,5,12,0,0,0,1,26,48642,6,1,0,0,3,0,72,160,0,0,0,1,0,11,2012,11,2012,0,0,0,0,0,3,3,70,1,8,8,2,0,0,5,53,1,1,1,98,0,0
26,260800,5,5,1,30,11,20,2,12,1,1,0,26,1,12,37,12037,4,2005,1FAFP34N05W2,1,F,A,F,P,3,4,N,0,5,W,2,0,0,0,000000000,00000000000,0,0,0,1,0,0,0,0,0,0,0,0,0,0,0,6,2,5,12,0,0,0,1,26,48532,6,1,0,0,3,0,65,215,0,0,0,0,0,0,0,0,0,0,0,0,0,0,3,3,70,1,8,8,2,0,0,5,53,1,1,1,98,0,0
26,260801,1,1,2,12,11,18,15,1,0,1,0,26,1,20,402,20402,14,2004,2CNBJ6347469,2,C,N,B,J,6,3,4,7,4,6,9,0,0,0,000000000,00000000000,0,0,0,1,0,0,0,0,0,0,0,998,0,2,5,0,6,2,1,0,0,0,1,26,49720,6,1,0,0,3,3,68,175,1,0,0,0,1,12,2012,12,2012,4,77,87,0,0,1,2,55,1,1,1,4,0,0,1,6,99,3,4,2,1,0
26,260802,1,1,1,13,12,15,19,42,0,1,0,26,1,37,32,37032,4,2004,1HGCM66504A0,1,H,G,C,M,6,6,5,0,4,A,0,0,0,0,000000000,00000000000,0,0,0,1,0,0,0,0,0,0,0,998,0,1,6,11,6,2,42,0,0,0,1,26,48169,6,1,0,0,3,0,66,152,1,0,0,0,0,8,2012,8,2012,9,99,99,99,99,1,2,45,1,8,2,1,20,3,1,14,99,1,4,14,1,0
26,260803,1,1,1,14,11,17,16,14,0,1,0,26,1,7,442,7442,20,1999,2B4FP2536XR4,2,B,4,F,P,2,5,3,6,X,R,4,0,0,0,000000000,00000000000,0,0,0,1,0,0,0,0,0,0,0,998,0,0,0,12,6,2,19,0,0,0,1,26,48089,6,1,0,0,3,0,66,170,1,0,1,0,0,6,2013,6,2013,0,99,99,99,99,1,2,25,1,8,8,1,0,0,1,14,99,1,4,14,1,0
26,260804,1,2,5,15,11,23,46,12,6,1,1,26,2,20,421,20421,15,2001,1GNEK13T81J2,1,G,N,E,K,1,3,T,8,1,J,2,0,0,0,000000000,00000000000,0,0,0,1,0,0,0,0,0,0,0,998,0,1,1,3,6,2,1,0,0,0,1,26,48224,6,1,0,0,3,0,71,235,0,2,0,2,2,12,2011,1,2013,5,28,0,0,0,5,7,45,1,8,8,1,0,0,1,9,99,4,2,64,1,0
26,260804,2,2,1,15,11,23,46,12,6,1,0,26,1,32,55,32055,4,2012,WAUDGAFLXCA1,W,A,U,D,G,A,F,L,X,C,A,1,0,0,0,000000000,00000000000,0,0,0,1,0,0,0,0,0,0,0,998,0,0,0,12,6,2,12,0,0,0,1,26,49302,6,1,0,0,3,0,71,155,0,0,0,0,0,0,0,0,0,0,0,0,0,0,5,7,45,1,8,8,1,0,0,1,62,99,1,1,65,0,0
26,260805,1,1,1,11,11,18,50,8,0,1,0,26,2,7,24,7024,4,2012,2C3CDXBG3CH2,2,C,3,C,D,X,B,G,3,C,H,2,0,0,0,000000000,00000000000,0,0,0,1,0,0,0,0,0,0,0,998,0,0,0,1,2,5,8,0,0,0,1,26,48234,6,1,0,0,3,0,65,240,1,6,0,1,1,10,2012,7,2014,0,99,99,99,99,1,2,25,1,8,8,1,0,0,1,80,99,1,1,13,0,0
26,260806,1,2,1,28,12,19,0,54,11,1,0,26,2,2,403,2403,14,2007,1J8GR48K77C6,1,J,8,G,R,4,8,K,7,7,C,6,0,0,0,000000000,00000000000,0,0,0,1,0,0,0,0,0,0,0,998,0,0,0,13,4,3,54,0,0,0,1,26,49625,6,1,0,0,3,3,62,135,0,0,0,0,0,0,0,0,0,0,0,0,0,0,1,2,55,4,1,1,1,0,0,14,98,99,1,1,98,1,0
26,260806,2,2,1,28,12,19,0,54,11,1,1,99,9,99,999,99999,99,9999,999999999999,9,9,9,9,9,9,9,9,9,9,9,9,0,0,0,000000000,00000000000,0,0,0,1,0,0,0,0,99,99,9,999,0,0,0,18,0,5,54,99,99,0,1,99,99999,9,9,99,9,9,9,999,999,99,99,99,99,99,99,9999,99,9999,9,99,99,99,99,1,2,55,4,1,1,1,0,0,99,98,99,9,9,98,0,0
26,260807,1,4,1,10,12,18,21,12,1,1,0,26,2,7,26,7026,4,2013,1C3CDZCB4DN5,1,C,3,C,D,Z,C,B,4,D,N,5,0,0,0,000000000,00000000000,0,0,0,1,0,0,0,0,0,0,0,998,0,0,0,12,4,8,12,0,0,0,1,26,48021,6,1,0,0,3,3,68,160,0,0,0,0,0,0,0,0,0,9,99,99,99,99,3,5,50,1,8,8,1,0,0,99,51,99,9,9,24,1,0
26,260807,2,4,3,10,12,18,21,12,1,1,0,26,2,20,25,20025,4,2013,1G1PC5SB3D71,1,G,1,P,C,5,S,B,3,D,7,1,0,0,0,000000000,00000000000,0,0,0,1,0,0,0,0,0,0,0,998,0,0,0,6,4,8,12,0,0,0,1,26,48088,6,1,0,0,3,0,73,200,0,0,0,0,0,0,0,0,0,0,0,0,0,0,3,5,50,1,8,8,1,0,0,1,53,99,1,1,25,0,0
26,260807,3,4,1,10,12,18,21,12,1,1,0,26,2,49,32,49032,4,1999,2T1BR12E2XC1,2,T,1,B,R,1,2,E,2,X,C,1,0,0,0,000000000,00000000000,0,0,0,1,0,0,0,0,0,0,0,998,0,0,0,6,2,5,12,0,0,0,1,26,48093,6,1,0,0,3,0,64,160,0,0,0,0,0,0,0,0,0,0,0,0,0,0,3,5,50,1,8,8,1,0,0,1,53,99,1,1,98,0,0
26,260807,4,4,1,10,12,18,21,12,1,1,0,26,1,19,18,19018,4,2013,1G6AH5R33D01,1,G,6,A,H,5,R,3,3,D,0,1,0,0,0,000000000,00000000000,0,0,0,1,0,0,0,0,0,0,0,998,0,0,0,6,2,5,12,0,0,0,1,26,48071,6,1,0,0,3,3,71,210,0,0,0,0,0,0,0,0,0,0,0,0,0,0,3,5,50,1,8,8,1,0,0,1,53,99,1,1,98,0,0
26,260808,1,1,1,7,11,7,59,8,0,1,0,26,2,7,482,7482,31,2007,1D7HU18227S1,1,D,7,H,U,1,8,2,2,7,S,1,0,0,0,000000000,00000000000,0,0,0,1,0,0,0,0,0,0,0,998,0,0,0,5,0,5,8,0,0,0,1,26,48093,6,1,0,0,3,0,72,280,1,0,0,0,0,5,2014,5,2014,0,31,0,0,0,1,2,25,1,8,8,1,0,0,13,80,99,1,1,92,0,0
26,260809,1,1,1,11,11,12,10,10,0,1,0,26,3,98,884,98884,63,2006,2FZACGCS36AV,2,F,Z,A,C,G,C,S,3,6,A,V,0,0,57,000204814,57000204814,3,1,1,1,0,0,0,0,0,0,0,998,0,0,0,12,6,2,10,0,0,0,1,26,49870,6,1,6,0,3,3,72,195,0,0,0,0,0,0,0,0,0,0,38,87,0,0,1,2,25,1,8,8,4,65,3,1,91,3,1,1,15,1,0
26,260810,1,2,1,23,11,14,38,12,6,1,0,26,1,19,481,19481,31,2012,3GYT4MEF5CG1,3,G,Y,T,4,M,E,F,5,C,G,1,0,0,0,000000000,00000000000,0,0,0,1,0,0,0,0,0,0,0,998,0,0,0,12,6,2,12,0,0,0,1,26,48076,6,1,0,0,3,0,67,260,0,0,0,0,0,0,0,0,0,0,99,99,99,99,4,2,40,1,8,8,2,3,3,1,17,99,1,1,86,0,0
26,260810,2,2,2,23,11,14,38,12,6,1,0,29,1,20,404,20404,14,2007,2CNDL63F1760,2,C,N,D,L,6,3,F,1,7,6,0,0,0,0,000000000,00000000000,0,0,0,1,0,0,0,0,0,0,0,998,0,0,0,3,6,2,12,0,0,0,1,29,64507,6,1,0,0,3,0,67,149,0,0,0,1,0,7,2013,7,2013,0,99,99,99,99,1,2,98,1,8,8,2,3,3,1,17,99,1,1,87,1,0
26,260811,1,2,1,27,11,9,53,12,8,1,0,26,1,12,471,12471,30,2002,1FTZR45E82PA,1,F,T,Z,R,4,5,E,8,2,P,A,0,0,0,000000000,00000000000,0,0,0,1,0,0,0,0,0,0,0,998,0,0,0,1,6,2,12,0,0,0,1,26,49061,6,1,0,0,3,0,69,160,0,0,0,0,0,0,0,0,0,4,28,87,0,0,1,2,55,1,3,8,3,0,0,1,6,99,4,2,64,0,0
26,260811,2,2,3,27,11,9,53,12,8,1,0,26,2,37,33,37033,2,1999,JHMBB6247XC0,J,H,M,B,B,6,2,4,7,X,C,0,0,0,0,000000000,00000000000,0,0,0,1,0,0,0,0,0,0,0,998,0,0,0,1,6,2,12,0,0,0,1,26,49112,6,1,0,0,3,3,62,110,0,0,0,0,0,0,0,0,0,0,87,0,0,0,1,2,55,1,3,8,3,0,0,1,62,6,1,2,65,1,0
26,260812,1,1,1,26,11,0,9,42,0,1,0,26,2,7,472,7472,30,2002,1B7HG48NX2S5,1,B,7,H,G,4,8,N,X,2,S,5,0,0,0,000000000,00000000000,0,0,0,1,0,0,0,0,0,0,0,998,0,0,0,11,6,2,42,0,0,1,1,26,48065,6,1,0,0,3,3,64,165,0,0,0,0,0,0,0,0,0,5,99,99,99,99,1,2,55,1,1,5,1,0,0,1,13,1,1,4,1,1,0
26,260813,1,1,1,30,11,20,14,8,0,1,0,26,1,2,403,2403,14,2003,1J4FA49S43P3,1,J,4,F,A,4,9,S,4,3,P,3,0,0,0,000000000,00000000000,0,0,0,1,0,0,0,0,0,0,0,998,0,0,0,1,4,3,8,0,0,0,1,26,48328,6,1,0,0,3,3,74,180,0,0,0,0,0,0,0,0,0,0,0,0,0,0,5,5,35,1,8,2,2,3,3,1,80,6,1,2,13,0,0
26,260814,1,3,2,13,11,7,3,59,0,1,0,26,1,12,481,12481,31,2012,1FTFX1ET0CFC,1,F,T,F,X,1,E,T,0,C,F,C,0,0,0,000000000,00000000000,0,0,0,1,0,0,0,0,0,0,0,998,0,0,0,11,6,2,12,0,0,0,1,26,49087,6,1,0,0,3,3,68,165,0,0,0,0,0,0,0,0,0,4,28,87,0,0,2,2,55,1,8,8,3,0,0,1,6,6,1,4,6,0,0
26,260814,2,3,1,13,11,7,3,59,0,1,0,26,1,24,9,24009,4,2008,1G8ZS57N68F2,1,G,8,Z,S,5,7,N,6,8,F,2,0,0,0,000000000,00000000000,0,0,0,1,0,0,0,0,0,0,0,998,0,0,0,12,6,2,12,0,0,0,1,26,49042,6,1,0,0,3,3,67,175,0,0,0,0,0,0,0,0,0,0,0,0,0,0,2,2,55,1,8,8,3,0,0,1,62,99,1,1,98,1,0
26,260814,3,3,1,13,11,7,3,59,0,1,0,26,3,82,881,82881,63,2014,3ALHCYCY5EDF,3,A,L,H,C,Y,C,Y,5,E,D,F,0,0,57,000237926,57000237926,3,2,2,2,2,1203,3,1,0,0,0,998,0,0,0,12,6,2,12,0,0,0,1,26,49093,6,1,6,1,3,0,65,205,0,0,0,0,0,0,0,0,0,0,0,0,0,0,2,2,55,1,8,8,3,0,0,1,61,99,1,1,98,0,0
26,260815,1,1,1,1,12,23,0,8,0,1,1,99,9,99,399,99399,9,9999,999999999999,9,9,9,9,9,9,9,9,9,9,9,9,9,0,0,000000000,00000000000,0,0,0,1,0,0,0,0,0,0,0,998,0,0,0,12,9,5,8,0,0,0,1,99,99999,9,9,99,9,9,9,999,999,99,99,99,99,99,99,9999,99,9999,0,99,99,99,99,5,5,45,1,8,8,1,0,0,1,83,99,1,1,13,0,0
26,260816,1,2,1,13,5,13,59,12,2,1,0,26,3,12,881,12881,61,2012,1FDUF4GY5CEC,1,F,D,U,F,4,G,Y,5,C,E,C,0,0,57,951433,57951433,2,1,97,1,0,0,0,0,0,0,0,998,0,0,0,12,6,2,12,0,0,0,1,26,48817,6,1,6,0,3,3,71,190,1,0,0,0,1,9,2013,9,2013,0,38,0,0,0,1,2,55,1,8,8,1,0,0,11,15,99,1,1,68,0,0
26,260816,2,2,1,13,5,13,59,12,2,1,0,26,2,72,706,72706,80,2005,1HD1JBB1X5Y0,1,H,D,1,J,B,B,1,X,5,Y,0,0,0,0,000000000,00000000000,0,0,0,1,0,0,0,0,0,0,0,998,0,0,0,12,6,2,12,0,0,0,1,26,48451,6,1,0,0,3,0,69,195,0,0,0,0,0,0,0,0,0,0,0,0,0,0,1,2,55,1,8,8,1,0,0,1,62,99,1,1,69,1,0
26,260817,1,2,1,25,7,20,12,12,6,1,0,26,1,18,2,18002,4,2002,1G4HP54K52U1,1,G,4,H,P,5,4,K,5,2,U,1,0,0,0,000000000,00000000000,0,0,0,1,0,0,0,0,0,0,0,998,0,0,0,12,6,2,12,0,0,0,1,26,49779,6,1,0,0,3,3,70,160,0,0,0,0,0,0,0,0,0,0,39,0,0,0,5,6,35,1,1,1,1,3,3,1,17,99,1,1,88,1,0
26,260817,2,2,3,25,7,20,12,12,6,1,0,26,2,20,421,20421,15,1999,1GNEK13R5XJ4,1,G,N,E,K,1,3,R,5,X,J,4,0,0,0,000000000,00000000000,0,0,0,1,0,0,0,0,0,0,0,998,0,0,0,11,6,2,12,0,0,0,1,26,48906,6,1,0,0,3,3,65,170,0,0,0,0,0,0,0,0,0,0,0,0,0,0,1,8,98,1,8,8,1,3,3,1,66,99,1,1,89,0,0
26,260818,1,1,1,18,10,19,42,30,0,1,0,26,1,98,739,98739,90,2015,3JBLKAJ23FJ0,3,J,B,L,K,A,J,2,3,F,J,0,0,0,0,000000000,00000000000,0,0,0,1,0,0,0,0,0,0,0,998,0,0,0,12,6,2,30,0,0,0,1,26,49738,6,1,0,0,3,0,70,125,0,0,0,0,0,0,0,0,0,5,0,0,0,0,1,2,25,3,2,2,1,0,0,14,13,99,1,4,1,1,1
26,260819,1,2,1,8,11,2,16,12,6,1,0,26,1,2,404,2404,14,2001,1J4GW48S11C5,1,J,4,G,W,4,8,S,1,1,C,5,0,0,0,000000000,00000000000,0,0,0,1,0,0,0,0,0,0,0,998,0,0,0,12,6,2,12,0,0,0,1,26,48146,6,1,0,0,3,0,68,165,0,1,1,0,0,2,2014,4,2014,0,99,99,99,99,1,4,25,1,1,1,1,0,0,1,62,7,1,1,69,0,1
26,260819,2,2,3,8,11,2,16,12,6,1,0,26,1,12,17,12017,4,1997,1FALP52U2VG2,1,F,A,L,P,5,2,U,2,V,G,2,0,0,0,000000000,00000000000,0,0,0,1,0,0,0,0,0,0,0,998,0,0,0,3,6,2,12,0,0,0,1,26,48101,6,1,0,0,3,0,70,175,0,0,0,0,0,0,0,0,0,0,99,99,99,99,1,4,25,1,1,1,1,0,0,11,15,99,1,1,68,1,0
26,260820,1,2,1,19,11,6,48,12,6,1,0,26,1,18,7,18007,4,2003,2G4WS52J9312,2,G,4,W,S,5,2,J,9,3,1,2,0,0,0,000000000,00000000000,0,0,0,1,0,0,0,0,0,0,0,998,0,0,0,5,6,2,12,0,0,0,1,26,49759,6,1,0,0,3,3,66,165,0,0,0,0,0,0,0,0,0,4,28,87,0,0,1,3,50,1,1,2,4,0,0,1,6,99,4,2,64,1,0
26,260820,2,2,1,19,11,6,48,12,6,1,0,26,2,20,481,20481,31,2006,1GCHK24286E1,1,G,C,H,K,2,4,2,8,6,E,1,0,0,0,000000000,00000000000,0,0,0,1,0,0,0,0,0,0,0,998,0,0,0,12,6,2,12,0,0,0,1,26,49779,6,1,0,0,3,0,66,160,0,0,0,0,0,0,0,0,0,0,0,0,0,0,1,3,50,1,1,2,4,0,0,1,62,4,1,1,65,0,0
26,260821,1,1,1,25,11,23,0,8,0,1,1,26,1,2,404,2404,14,1996,1J4GZ58S9TC2,1,J,4,G,Z,5,8,S,9,T,C,2,0,0,0,000000000,00000000000,0,0,0,1,0,0,0,0,0,0,0,998,0,0,0,1,2,5,8,0,0,0,1,26,48441,6,1,0,0,3,0,71,185,0,0,0,0,0,0,0,0,0,0,6,36,0,0,1,2,50,1,2,2,1,0,0,1,80,6,1,4,13,0,0
26,260822,1,1,1,27,9,11,29,14,0,1,0,26,1,18,23,18023,4,2008,1G4HD57238U1,1,G,4,H,D,5,7,2,3,8,U,1,0,0,0,000000000,00000000000,0,0,0,1,0,0,0,0,0,0,0,998,0,0,0,12,6,2,14,0,0,0,1,26,49264,6,1,0,0,3,3,64,258,3,0,0,1,0,12,2011,9,2014,0,6,36,0,0,2,2,70,2,1,2,1,0,0,14,12,99,1,4,6,1,0
26,260823,1,1,1,1,8,18,40,30,0,1,0,26,1,35,47,35047,4,2006,1N4AL11D86N3,1,N,4,A,L,1,1,D,8,6,N,3,0,0,0,000000000,00000000000,0,0,0,1,0,0,0,0,0,0,0,998,0,0,0,12,6,2,30,0,0,0,1,26,48235,6,1,0,0,3,0,65,220,1,2,0,0,0,9,2011,1,2012,0,99,99,99,99,2,3,40,1,8,8,1,0,0,1,12,99,1,4,6,1,0
26,260824,1,2,1,10,8,2,50,12,6,1,0,26,6,12,401,12401,14,2002,1FMZU70E52UC,1,F,M,Z,U,7,0,E,5,2,U,C,0,0,0,000000000,00000000000,0,0,0,1,0,0,0,0,0,0,0,0,0,0,0,4,6,2,12,0,0,0,0,0,99997,7,6,97,7,6,7,998,997,998,998,998,998,998,98,9998,98,9998,8,20,0,0,0,2,4,55,1,1,1,1,0,0,0,53,0,0,0,48,0,0
26,260824,2,2,2,10,8,2,50,12,6,1,0,26,1,12,23,12023,4,2014,1FA6P0H79E53,1,F,A,6,P,0,H,7,9,E,5,3,0,0,0,000000000,00000000000,0,0,0,1,0,0,0,0,0,0,0,998,0,0,0,12,6,2,12,0,0,0,1,26,48237,6,1,0,0,3,3,71,200,0,0,0,0,0,0,0,0,0,0,99,99,99,99,2,4,55,1,1,1,1,0,0,1,50,1,1,1,48,0,1
26,260825,1,3,1,26,9,5,58,50,0,1,0,26,3,85,881,85881,63,2012,1NKDX4TX5CJ3,1,N,K,D,X,4,T,X,5,C,J,3,0,0,57,000916381,57000916381,3,2,3,1,0,0,0,0,0,0,0,998,0,0,0,13,2,3,50,0,0,0,1,26,48003,6,1,6,0,3,3,72,275,0,0,0,0,0,0,0,0,0,0,99,99,99,99,3,3,55,1,8,8,1,0,0,1,98,1,1,1,15,1,0
26,260825,2,3,1,26,9,5,58,50,0,1,0,26,2,20,25,20025,4,2011,1G1PC5SH5B71,1,G,1,P,C,5,S,H,5,B,7,1,0,0,0,000000000,00000000000,0,0,0,1,0,0,0,0,0,0,0,998,0,0,0,13,2,5,18,0,0,0,1,26,48239,6,1,0,0,3,3,71,240,0,0,0,0,0,0,0,0,0,0,0,0,0,0,3,3,55,1,8,8,1,0,0,1,98,1,1,1,98,0,0
26,260825,3,3,1,26,9,5,58,50,0,1,0,26,2,12,401,12401,14,2002,1FMZU73KX2UD,1,F,M,Z,U,7,3,K,X,2,U,D,0,0,0,000000000,00000000000,0,0,0,1,0,0,0,0,0,0,0,998,0,0,0,13,4,3,18,0,0,0,1,26,48375,6,1,0,0,3,3,72,195,0,0,0,0,0,0,0,0,0,0,0,0,0,0,3,3,55,1,8,8,1,0,0,1,98,1,1,1,98,0,0
26,260826,1,1,1,11,5,1,35,42,0,1,0,26,2,2,404,2404,14,2001,1J4GW48S71C6,1,J,4,G,W,4,8,S,7,1,C,6,0,0,0,000000000,00000000000,0,0,0,1,0,0,0,0,0,0,0,998,0,1,5,1,6,2,1,0,0,0,1,26,49425,9,9,99,9,9,9,999,999,99,99,99,99,99,99,9999,99,9999,0,0,0,0,0,1,2,55,1,8,8,1,0,0,1,13,99,4,4,7,1,0
26,260827,1,3,1,10,11,10,16,12,8,1,0,26,1,12,422,12422,15,2003,1FMRU15W73LB,1,F,M,R,U,1,5,W,7,3,L,B,0,0,0,000000000,00000000000,0,0,0,1,0,0,0,0,0,0,0,998,0,0,0,11,6,2,12,0,0,0,1,26,48183,6,1,0,0,3,0,75,250,0,0,0,0,0,0,0,0,0,0,28,0,0,0,5,5,50,1,8,8,1,0,0,1,10,99,1,2,64,0,0
26,260827,2,3,1,10,11,10,16,12,8,1,0,26,1,23,422,23422,15,2012,1GKS2MEF2CR1,1,G,K,S,2,M,E,F,2,C,R,1,0,0,0,000000000,00000000000,0,0,0,1,0,0,0,0,0,0,0,998,0,0,0,11,6,2,12,0,0,0,1,26,48134,6,1,0,0,3,0,65,230,0,0,0,0,0,0,0,0,0,0,0,0,0,0,5,5,50,1,8,8,1,0,0,1,62,99,1,1,65,1,0
26,260827,3,3,1,10,11,10,16,12,8,1,0,26,1,6,51,6051,4,2006,2C3KA53G26H5,2,C,3,K,A,5,3,G,2,6,H,5,0,0,0,000000000,00000000000,0,0,0,1,0,0,0,0,0,0,0,998,0,0,0,7,4,5,12,0,0,0,1,26,48141,6,1,0,0,3,0,77,215,0,0,0,0,0,0,0,0,0,0,0,0,0,0,5,5,50,1,8,8,1,0,0,1,62,99,1,1,98,0,0
26,260828,1,1,1,19,12,18,20,8,0,1,0,26,2,37,31,37031,2,2004,1HGEM21944L0,1,H,G,E,M,2,1,9,4,4,L,0,0,0,0,000000000,00000000000,0,0,0,1,0,0,0,0,0,0,0,998,0,0,0,11,2,3,8,0,0,0,1,26,48089,6,1,0,0,3,0,69,165,0,0,0,0,0,0,0,0,0,0,0,0,0,0,5,9,45,1,1,2,1,0,0,11,80,99,1,1,13,0,0
26,260829,1,1,1,23,12,16,46,42,0,1,0,26,1,23,401,23401,14,2002,1GKET16S4261,1,G,K,E,T,1,6,S,4,2,6,1,0,0,0,000000000,00000000000,0,0,0,1,0,0,0,0,0,0,0,998,0,0,0,11,6,2,42,0,0,0,1,26,48746,6,1,0,0,3,0,71,220,0,0,0,0,0,0,0,0,0,0,51,0,0,0,1,2,55,1,8,2,2,0,0,1,12,99,1,4,6,1,0