STATE,ST_CASE,VEH_NO,VE_FORMS,NUMOCCS,DAY,MONTH,HOUR,MINUTE,HARM_EV,MAN_COLL,UNITTYPE,HIT_RUN,REG_STAT,OWNER,MAKE,MODEL,MAK_MOD,BODY_TYP,MOD_YEAR,VIN,VIN_1,VIN_2,VIN_3,VIN_4,VIN_5,VIN_6,VIN_7,VIN_8,VIN_9,VIN_10,VIN_11,VIN_12,TOW_VEH,J_KNIFE,MCARR_I1,MCARR_I2,MCARR_ID,GVWR,V_CONFIG,CARGO_BT,HAZ_INV,HAZ_PLAC,HAZ_ID,HAZ_CNO,HAZ_REL,BUS_USE,SPEC_USE,EMER_USE,TRAV_SP,UNDERIDE,ROLLOVER,ROLINLOC,IMPACT1,DEFORMED,TOWED,M_HARM,VEH_SC1,VEH_SC2,FIRE_EXP,DR_PRES,L_STATE,DR_ZIP,L_STATUS,L_TYPE,CDL_STAT,L_ENDORS,L_COMPL,L_RESTRI,DR_HGT,DR_WGT,PREV_ACC,PREV_SUS,PREV_DWI,PREV_SPD,PREV_OTH,FIRST_MO,FIRST_YR,LAST_MO,LAST_YR,SPEEDREL,DR_SF1,DR_SF2,DR_SF3,DR_SF4,VTRAFWAY,VNUM_LAN,VSPD_LIM,VALIGN,VPROFILE,VPAVETYP,VSURCOND,VTRAFCON,VTCONT_F,P_CRASH1,P_CRASH2,P_CRASH3,PCRASH4,PCRASH5,ACC_TYPE,DEATHS,DR_DRINK
27,270016,1,1,1,24,1,0,2,1,0,1,0,27,1,12,880,12880,67,2008,1FTWW31R38ED,1,F,T,W,W,3,1,R,3,8,E,D,0,0,88,888888888,88888888888,2,1,97,1,0,0,0,0,0,0,0,999,0,1,2,0,6,2,1,0,0,0,1,27,55038,6,1,6,0,3,0,70,220,1,0,0,0,0,5,2011,5,2011,0,0,0,0,0,2,2,55,1,1,2,1,0,0,1,12,1,9,5,98,1,1
27,270017,1,2,1,24,1,7,22,12,6,1,0,27,1,21,21,21021,4,1993,1G3NL5432PM0,1,G,3,N,L,5,4,3,2,P,M,0,0,0,0,000000000,00000000000,0,0,0,1,0,0,0,0,0,0,0,55,0,0,0,3,6,2,12,0,0,0,1,27,55330,6,1,0,0,3,0,69,160,0,0,0,0,0,0,0,0,0,0,87,0,0,0,1,2,55,1,1,2,4,0,0,1,5,98,4,2,66,1,0
27,270017,2,2,2,24,1,7,22,12,6,1,0,27,1,14,401,14401,14,2008,4M2EU48808UJ,4,M,2,E,U,4,8,8,0,8,U,J,0,0,0,000000000,00000000000,0,0,0,1,0,0,0,0,0,0,0,55,0,0,0,12,4,3,12,0,0,0,1,27,55330,6,1,0,0,3,0,70,220,0,0,0,0,0,0,0,0,0,0,0,0,0,0,1,2,55,1,1,2,4,0,0,1,62,4,9,1,66,0,0
27,270018,1,1,4,24,1,15,14,34,0,1,0,27,2,7,442,7442,20,2001,1B4GP25381B1,1,B,4,G,P,2,5,3,8,1,B,1,0,0,0,000000000,00000000000,0,0,0,1,0,0,0,0,0,0,0,60,0,1,5,81,6,2,1,0,0,0,1,27,56201,0,0,0,0,0,0,63,133,0,0,0,0,0,0,0,0,0,3,0,0,0,0,1,2,55,1,1,2,4,0,0,1,6,99,5,4,2,2,0
27,270019,1,1,1,25,1,5,5,25,0,1,0,27,1,23,421,23421,15,1999,1GKEK13R3XJ7,1,G,K,E,K,1,3,R,3,X,J,7,0,0,0,000000000,00000000000,0,0,0,1,0,0,0,0,0,0,0,999,0,0,0,12,6,2,25,0,0,0,1,27,55130,6,1,0,0,3,0,72,274,1,0,0,0,0,6,2012,6,2012,3,0,0,0,0,3,2,30,2,1,1,2,40,3,14,12,1,1,4,6,1,1
27,270020,1,1,1,26,1,0,11,35,0,1,0,27,1,98,998,98998,91,2001,000000000000,0,0,0,0,0,0,0,0,0,0,0,0,0,0,0,000000000,00000000000,0,0,0,1,0,0,0,0,0,0,0,999,0,9,5,12,4,3,59,0,0,0,1,27,56119,6,1,0,0,1,0,65,158,0,1,1,0,0,5,2011,8,2011,5,0,0,0,0,2,2,65,1,1,1,3,28,3,98,6,1,1,5,98,1,1
27,270021,1,1,1,28,1,5,31,23,0,1,0,27,1,20,401,20401,14,2002,1GNDT13S0223,1,G,N,D,T,1,3,S,0,2,2,3,0,0,0,000000000,00000000000,0,0,0,1,0,0,0,0,0,0,0,998,0,0,0,1,6,2,23,0,0,0,1,27,55075,0,0,0,0,0,0,999,999,0,1,0,0,0,1,2013,1,2013,0,99,99,99,99,3,3,55,3,2,2,4,0,0,14,13,99,9,4,1,1,0
27,270022,1,1,1,28,1,13,54,10,0,1,0,27,1,87,881,87881,66,2006,1NP5LB9X06D8,1,N,P,5,L,B,9,X,0,6,D,8,1,1,57,1064613,571064613,3,6,1,1,0,0,0,0,0,0,0,998,0,0,0,2,6,2,10,0,0,0,1,27,56240,6,1,6,0,3,3,68,160,1,0,0,0,0,6,2013,6,2013,0,99,99,99,99,1,2,30,1,2,2,4,65,3,4,91,99,9,1,15,1,0
27,270023,1,2,3,31,1,19,50,12,1,1,0,27,1,23,401,23401,14,2005,1GKDT13S6522,1,G,K,D,T,1,3,S,6,5,2,2,0,0,0,000000000,00000000000,0,0,0,1,0,0,0,0,0,0,0,999,0,0,0,12,6,2,12,0,0,0,1,27,55024,6,1,0,0,3,3,64,160,0,0,0,0,0,0,0,0,0,0,0,0,0,0,1,2,55,1,1,2,1,0,0,1,62,98,9,1,98,0,0
27,270023,2,2,1,31,1,19,50,12,1,1,0,27,1,20,2,20002,4,2006,2G1WC581X693,2,G,1,W,C,5,8,1,X,6,9,3,0,0,0,000000000,00000000000,0,0,0,1,0,0,0,0,0,0,0,999,0,0,0,6,4,5,12,0,0,0,1,27,55113,6,1,0,0,3,0,66,140,0,0,0,0,0,0,0,0,0,0,58,0,0,0,1,2,55,1,1,2,1,0,0,1,13,6,4,6,98,1,1
27,270024,1,1,2,2,2,13,40,10,0,1,0,27,1,2,404,2404,14,1998,1J4GZ88Z7WC2,1,J,4,G,Z,8,8,Z,7,W,C,2,0,0,0,000000000,00000000000,0,0,0,1,0,0,0,0,0,0,0,29,0,1,5,2,6,2,10,0,0,0,1,27,56580,6,1,0,0,3,3,66,140,0,0,0,0,0,0,0,0,0,0,38,0,0,0,1,2,55,1,1,4,4,65,3,1,91,1,1,1,15,1,0
27,270025,1,1,1,3,2,21,50,9,0,1,0,27,1,12,461,12461,21,1994,1FDEE14H9RHB,1,F,D,E,E,1,4,H,9,R,H,B,0,0,0,000000000,00000000000,0,0,0,1,0,0,0,0,0,0,0,30,0,0,0,12,4,3,9,0,0,0,1,27,55404,2,1,0,0,2,0,71,306,2,1,0,0,0,11,2013,11,2013,0,0,0,0,0,1,4,30,1,1,2,10,0,0,1,83,1,1,3,13,0,1
27,270026,1,2,1,7,2,19,3,12,6,1,0,27,2,14,37,14037,4,1995,1MELM66L3SK6,1,M,E,L,M,6,6,L,3,S,K,6,0,0,0,000000000,00000000000,0,0,0,1,0,0,0,0,0,0,0,50,0,0,0,12,6,2,12,0,0,0,1,27,55117,6,1,0,0,3,0,74,200,0,8,0,0,0,4,2011,5,2012,0,0,0,0,0,1,2,55,1,1,2,1,0,0,1,62,9,1,4,65,0,0
27,270026,2,2,3,7,2,19,3,12,6,1,0,27,2,18,7,18007,4,2004,2G4WS52J2411,2,G,4,W,S,5,2,J,2,4,1,1,0,0,0,000000000,00000000000,0,0,0,1,0,0,0,0,0,0,0,55,0,0,0,3,6,2,12,0,0,0,1,27,56359,0,0,0,0,0,0,64,150,1,9,0,0,0,7,2011,12,2013,0,87,0,0,0,1,2,55,1,1,2,1,0,0,1,13,3,4,4,64,1,0
27,270027,1,1,1,10,2,5,52,1,0,1,0,55,1,20,444,20444,20,2007,1GNDV231X7D1,1,G,N,D,V,2,3,1,X,7,D,1,0,0,0,000000000,00000000000,0,0,0,1,0,0,0,0,0,0,0,999,0,9,3,0,6,2,1,0,0,0,1,55,55963,6,1,6,0,3,0,74,185,0,0,0,1,0,7,2013,7,2013,9,99,99,99,99,2,2,70,1,1,1,1,0,0,1,12,1,1,4,6,1,0
27,270028,1,1,3,12,2,9,31,34,0,1,0,27,1,6,52,6052,6,2006,3A8FY68B66T2,3,A,8,F,Y,6,8,B,6,6,T,2,0,0,0,000000000,00000000000,0,0,0,1,0,0,0,0,0,0,0,50,0,1,5,7,4,3,1,0,0,0,1,27,56035,6,1,0,0,3,0,62,200,0,0,0,0,0,0,0,0,0,4,0,0,0,0,1,2,55,1,1,2,4,20,3,2,6,98,3,4,2,1,0
27,270029,1,1,4,4,1,13,4,1,0,1,0,27,2,12,401,12401,14,1993,1FMDU34X6PUB,1,F,M,D,U,3,4,X,6,P,U,B,0,0,0,000000000,00000000000,0,0,0,1,0,0,0,0,0,0,0,999,0,9,3,0,6,2,1,0,0,0,1,27,56667,6,1,0,0,3,1,66,150,0,0,0,0,0,0,0,0,0,0,87,0,0,0,2,2,65,1,1,2,4,0,0,15,5,3,2,4,7,1,0
27,270030,1,1,2,13,2,8,28,48,0,1,0,27,2,20,482,20482,31,2002,3GNEK13T82G1,3,G,N,E,K,1,3,T,8,2,G,1,0,0,0,000000000,00000000000,0,0,0,1,0,0,0,0,0,0,0,70,0,1,3,99,6,2,1,0,0,0,1,27,55433,6,1,0,0,3,0,66,184,1,0,0,0,0,4,2013,4,2013,4,58,87,0,0,2,2,70,1,1,2,3,0,0,1,6,98,5,4,6,1,0
27,270031,1,1,1,12,2,18,18,8,0,1,0,27,3,12,461,12461,21,2007,1FDSE35L77DA,1,F,D,S,E,3,5,L,7,7,D,A,0,0,0,000000000,00000000000,0,0,0,1,0,0,0,0,0,0,0,10,0,0,0,12,0,5,8,0,0,0,1,27,55378,6,1,0,0,3,0,70,180,1,0,0,0,0,8,2013,8,2013,0,0,0,0,0,2,2,30,1,1,2,2,2,3,10,80,1,1,1,13,0,0
27,270032,1,1,3,15,2,3,55,48,0,1,0,27,1,69,54,69054,3,2005,WMWRE33535TL,W,M,W,R,E,3,3,5,3,5,T,L,0,0,0,000000000,00000000000,0,0,0,1,0,0,0,0,0,0,0,128,0,1,3,99,6,2,30,0,0,0,1,27,56073,2,1,0,0,2,0,74,150,0,1,0,2,0,9,2012,10,2013,5,0,0,0,0,2,2,45,2,2,2,1,0,0,14,9,98,3,4,2,1,1
27,270034,1,2,1,17,2,13,4,12,6,1,0,27,1,6,441,6441,20,1997,1C4GT54L9VB4,1,C,4,G,T,5,4,L,9,V,B,4,0,0,0,000000000,00000000000,0,0,0,1,0,0,0,0,0,0,0,999,0,0,0,9,6,2,12,0,0,0,1,27,56601,6,1,0,0,3,0,62,145,0,4,0,2,0,3,2012,3,2013,0,38,0,0,0,1,2,98,1,8,2,4,20,3,1,17,1,1,1,89,1,0
27,270034,2,2,1,17,2,13,4,12,6,1,0,27,1,20,481,20481,31,1996,1GCEK19R4TE2,1,G,C,E,K,1,9,R,4,T,E,2,0,0,0,000000000,00000000000,0,0,0,1,0,0,0,0,0,0,0,999,0,0,0,12,6,2,12,0,0,0,1,27,56601,6,1,0,0,3,0,73,170,0,0,0,0,0,0,0,0,0,0,0,0,0,0,2,2,65,1,1,2,4,0,0,1,66,98,9,1,88,0,0
27,270035,1,2,1,20,2,14,19,12,6,1,0,27,1,7,442,7442,20,1998,2B4GP4439WR5,2,B,4,G,P,4,4,3,9,W,R,5,0,0,0,000000000,00000000000,0,0,0,1,0,0,0,0,0,0,0,999,0,0,0,9,6,2,12,0,0,0,1,27,55932,6,1,0,0,3,0,73,250,2,0,0,0,0,7,2011,9,2011,4,28,87,0,0,1,2,55,1,1,2,4,0,0,1,10,9,9,2,64,1,0
27,270035,2,2,1,20,2,14,19,12,6,1,0,19,3,51,881,51881,66,2013,4V4NC9TH2DN5,4,V,4,N,C,9,T,H,2,D,N,5,1,1,57,179358,57179358,3,6,1,1,0,0,0,0,0,0,0,999,0,0,0,11,6,2,12,0,0,0,1,29,64854,6,1,6,0,3,1,77,270,1,0,0,0,1,10,2013,1,2014,0,0,0,0,0,1,2,55,1,1,2,4,0,0,1,62,1,1,1,65,0,0
27,270036,1,2,1,20,2,14,22,12,2,1,0,27,1,6,16,6016,4,1992,3C3XA4636NT2,3,C,3,X,A,4,6,3,6,N,T,2,0,0,0,000000000,00000000000,0,0,0,1,0,0,0,0,0,0,0,998,0,0,0,12,4,3,12,0,0,0,1,27,55418,6,1,0,0,3,3,64,170,0,0,0,1,0,1,2012,1,2012,0,87,0,0,0,1,2,30,2,1,2,4,0,0,14,5,99,9,2,50,0,0
27,270036,2,2,1,20,2,14,22,12,2,1,0,27,2,52,35,52035,4,1999,JA3AY26A0XU0,J,A,3,A,Y,2,6,A,0,X,U,0,0,0,0,000000000,00000000000,0,0,0,1,0,0,0,0,0,0,0,998,0,0,0,12,4,3,12,0,0,0,1,27,55422,6,1,6,0,3,3,69,200,0,0,0,0,0,0,0,0,0,0,0,0,0,0,1,2,30,3,1,2,4,0,0,14,62,99,9,1,51,1,0
27,270037,1,2,2,20,2,19,19,12,2,1,0,27,2,23,431,23431,16,1999,1GKEK13R8XJ8,1,G,K,E,K,1,3,R,8,X,J,8,0,0,0,000000000,00000000000,0,0,0,1,0,0,0,0,0,0,0,999,0,0,0,12,6,2,12,0,0,0,1,27,55309,6,1,0,0,3,0,65,126,1,0,0,0,0,5,2013,5,2013,4,91,0,0,0,1,2,55,1,1,2,3,0,0,1,6,98,9,2,50,0,0
27,270037,2,2,1,20,2,19,19,12,2,1,0,27,1,2,404,2404,14,1994,1J4GZ78S3RC1,1,J,4,G,Z,7,8,S,3,R,C,1,0,0,0,000000000,00000000000,0,0,0,1,0,0,0,0,0,0,0,999,0,0,0,12,6,2,12,0,0,0,1,27,55373,6,1,0,0,3,0,72,290,0,0,0,0,0,0,0,0,0,0,0,0,0,0,1,2,55,1,1,2,3,0,0,1,62,1,1,1,51,1,0
27,270038,1,2,2,23,2,11,21,12,6,1,0,27,1,12,481,12481,31,1999,1FTRX18W6XNC,1,F,T,R,X,1,8,W,6,X,N,C,0,0,0,000000000,00000000000,0,0,0,1,0,0,0,0,0,0,0,40,0,0,0,62,6,2,12,0,0,0,1,27,55313,6,1,0,0,3,0,69,205,0,0,0,0,0,0,0,0,0,0,0,0,0,0,1,2,55,1,2,2,4,0,0,1,62,9,9,1,66,0,0
27,270038,2,2,1,23,2,11,21,12,6,1,0,27,1,20,401,20401,14,2004,1GNES16S7462,1,G,N,E,S,1,6,S,7,4,6,2,0,0,0,000000000,00000000000,0,0,0,1,0,0,0,0,0,0,0,40,0,0,0,1,6,2,12,0,0,0,1,27,55032,6,1,0,0,3,0,72,195,0,0,0,0,0,0,0,0,0,4,0,0,0,0,1,2,55,1,2,2,4,0,0,1,6,98,4,2,66,1,0
27,270039,1,2,1,24,2,15,38,12,8,1,0,27,1,12,16,12016,4,1999,2FAFP74W0XX2,2,F,A,F,P,7,4,W,0,X,X,2,0,0,0,000000000,00000000000,0,0,0,1,0,0,0,0,0,0,0,999,0,0,0,11,6,2,12,0,0,0,1,27,55045,6,1,0,0,3,0,71,200,0,0,0,1,0,7,2013,7,2013,0,28,0,0,0,1,2,40,2,2,2,98,0,0,14,10,1,1,2,64,1,0
27,270039,2,2,1,24,2,15,38,12,8,1,0,27,3,82,883,82883,66,1998,2FUYDXYB2WA9,2,F,U,Y,D,X,Y,B,2,W,A,9,1,1,57,97703,5797703,3,6,2,1,0,0,0,0,0,0,0,38,0,0,0,11,6,2,12,0,0,0,1,27,55109,6,1,6,1,3,0,73,165,1,0,0,0,0,2,2012,2,2012,0,0,0,0,0,1,2,40,3,2,2,98,0,0,14,62,7,1,1,65,0,0
27,270040,1,2,1,27,2,14,50,12,6,1,0,27,1,12,481,12481,31,2010,1FTSW2BR7AEA,1,F,T,S,W,2,B,R,7,A,E,A,0,0,0,000000000,00000000000,0,0,0,1,0,0,0,0,0,0,0,55,0,0,0,12,4,3,12,0,0,0,1,27,55956,6,1,0,0,3,3,68,180,0,0,0,0,0,0,0,0,0,0,0,0,0,0,1,2,55,1,1,2,1,20,3,1,66,9,1,1,86,0,0
27,270040,2,2,1,27,2,14,50,12,6,1,0,27,1,12,37,12037,4,2008,1FAHP35N58W1,1,F,A,H,P,3,5,N,5,8,W,1,0,0,0,000000000,00000000000,0,0,0,1,0,0,0,0,0,0,0,998,0,0,0,3,6,2,12,0,0,0,1,27,55964,6,1,0,0,3,3,69,145,0,1,1,0,0,8,2013,8,2013,0,38,0,0,0,1,2,99,1,1,1,1,20,3,1,17,1,1,1,87,1,0
27,270041,1,2,5,28,2,14,57,12,6,1,0,27,2,49,401,49401,14,1997,JT3HN86R7V01,J,T,3,H,N,8,6,R,7,V,0,1,0,0,0,000000000,00000000000,0,0,0,1,0,0,0,0,0,0,0,45,0,0,0,3,6,2,12,0,0,0,1,17,60201,6,1,0,0,3,9,69,152,0,0,0,0,0,0,0,0,0,5,87,0,0,0,1,3,55,1,1,2,3,0,0,1,6,98,4,2,66,3,0
27,270041,2,2,1,28,2,14,57,12,6,1,0,17,3,84,881,84881,66,2007,2HSCNAPR27C3,2,H,S,C,N,A,P,R,2,7,C,3,1,1,57,092693,57092693,3,6,3,1,0,0,0,0,0,0,0,999,0,0,0,12,4,3,12,0,0,0,1,47,37847,6,1,6,0,3,0,72,320,0,0,0,0,0,0,0,0,0,0,0,0,0,0,1,3,55,1,1,2,3,0,0,1,62,98,9,1,66,0,0
27,270042,1,1,3,27,2,22,0,34,0,1,0,27,2,12,471,12471,30,2003,1FTZR45E33PB,1,F,T,Z,R,4,5,E,3,3,P,B,0,0,0,000000000,00000000000,0,0,0,1,0,0,0,0,0,0,0,998,0,1,5,61,6,2,34,0,0,0,1,27,56013,6,2,0,0,3,1,73,170,0,0,0,0,0,0,0,0,0,4,0,0,0,0,1,2,45,1,1,2,4,0,0,1,6,7,3,4,2,1,0
27,270043,1,1,2,1,3,10,27,1,0,1,0,27,1,12,471,12471,30,1994,1FTCR15X1RPC,1,F,T,C,R,1,5,X,1,R,P,C,0,0,0,000000000,00000000000,0,0,0,1,0,0,0,0,0,0,0,60,0,1,3,0,2,3,1,0,0,0,1,27,55976,6,1,0,0,3,0,68,180,0,0,0,0,0,0,0,0,0,0,87,0,0,0,2,2,65,1,1,1,4,0,0,1,5,1,9,4,7,1,0
27,270044,1,2,1,4,3,11,21,12,6,1,0,27,1,20,404,20404,14,2009,2CNDL0377962,2,C,N,D,L,0,3,7,7,9,6,2,0,0,0,000000000,00000000000,0,0,0,1,0,0,0,0,0,0,0,999,0,0,0,3,6,2,12,0,0,0,1,38,56547,6,1,0,0,3,1,61,250,0,0,0,0,1,11,2011,11,2011,0,38,0,0,0,1,2,98,1,1,2,1,20,3,1,17,1,1,1,87,1,0
27,270044,2,2,1,4,3,11,21,12,6,1,0,38,3,51,881,51881,66,2012,4V4NC9EH3CN5,4,V,4,N,C,9,E,H,3,C,N,5,1,1,57,356186,57356186,3,6,2,2,2,8888,3,1,0,0,0,67,0,0,0,12,4,3,12,0,0,0,1,27,56721,6,1,6,1,3,1,74,195,0,0,0,0,0,0,0,0,0,0,0,0,0,0,2,2,65,1,1,1,1,0,0,1,66,4,1,1,86,0,0
27,270045,1,2,5,7,3,20,18,12,6,1,0,27,2,22,20,22020,4,2003,1G2WP52K53F1,1,G,2,W,P,5,2,K,5,3,F,1,0,0,0,000000000,00000000000,0,0,0,1,0,0,0,0,0,0,0,998,0,0,0,81,6,2,12,0,0,0,1,27,56085,6,1,0,0,3,0,76,180,0,0,0,0,1,11,2013,11,2013,4,99,99,99,99,1,3,55,3,1,2,4,28,3,14,6,98,4,2,66,4,0
27,270045,2,2,3,7,3,20,18,12,6,1,0,27,1,7,482,7482,31,1999,1B7KF2362XJ5,1,B,7,K,F,2,3,6,2,X,J,5,0,0,0,000000000,00000000000,0,0,0,1,0,0,0,0,0,0,0,40,0,0,0,12,6,2,12,0,0,0,1,27,56073,6,1,6,0,3,0,72,200,0,0,0,0,0,0,0,0,0,0,0,0,0,0,1,3,55,2,1,2,4,0,0,14,62,4,1,1,66,0,0
27,270047,1,2,2,16,3,13,0,12,6,1,0,27,1,7,25,7025,5,2010,1B3CB4HA3AD5,1,B,3,C,B,4,H,A,3,A,D,5,0,0,0,000000000,00000000000,0,0,0,1,0,0,0,0,0,0,0,57,0,0,0,1,6,2,12,0,0,0,1,27,56082,6,1,0,0,3,0,67,180,0,0,0,0,0,0,0,0,0,0,99,99,99,99,2,2,65,1,1,2,1,0,0,1,12,1,1,4,66,2,0
27,270047,2,2,4,16,3,13,0,12,6,1,0,46,1,12,481,12481,39,2010,1FTFW1EV1AFB,1,F,T,F,W,1,E,V,1,A,F,B,0,0,0,000000000,00000000000,0,0,0,1,0,0,0,0,0,0,0,73,0,0,0,11,6,2,12,0,0,0,1,46,57043,6,1,0,0,3,0,72,220,0,0,0,0,0,0,0,0,0,0,0,0,0,0,2,2,65,1,1,2,1,0,0,1,62,1,1,1,66,1,0
27,270048,1,2,1,17,3,6,3,12,2,1,0,27,2,18,20,18020,4,1999,2G4WB52K8X14,2,G,4,W,B,5,2,K,8,X,1,4,0,0,0,000000000,00000000000,0,0,0,1,0,0,0,0,0,0,0,55,0,0,0,12,6,2,12,0,0,0,1,27,55353,1,1,1,0,2,1,74,250,0,2,0,1,0,9,2011,2,2014,0,28,0,0,0,1,2,55,1,2,2,1,0,0,1,10,1,1,2,50,1,0
27,270048,2,2,1,17,3,6,3,12,2,1,0,27,1,12,481,12481,31,2013,1FTFW1ET5DKG,1,F,T,F,W,1,E,T,5,D,K,G,0,0,0,000000000,00000000000,0,0,0,1,0,0,0,0,0,0,0,55,0,0,0,12,6,2,12,0,0,0,1,27,55396,6,1,0,0,3,1,73,210,0,0,0,0,0,0,0,0,0,0,0,0,0,0,1,2,55,1,2,2,1,0,0,1,62,1,1,1,51,0,0
27,270049,1,1,1,17,3,9,32,1,0,1,0,27,1,20,481,20481,31,1997,2GCEK19R1V12,2,G,C,E,K,1,9,R,1,V,1,2,0,0,0,000000000,00000000000,0,0,0,1,0,0,0,0,0,0,0,999,0,2,5,0,2,3,1,0,0,0,1,27,55329,6,1,0,0,3,1,65,195,0,0,0,0,0,0,0,0,0,0,87,0,0,0,1,2,55,1,1,1,4,0,0,1,5,1,2,4,7,1,0
27,270050,1,1,1,11,3,21,51,1,0,1,0,36,1,37,706,37706,80,2009,JH2SC59J39K0,J,H,2,S,C,5,9,J,3,9,K,0,0,0,0,000000000,00000000000,0,0,0,1,0,0,0,0,0,0,0,101,0,0,0,0,6,2,1,0,0,0,1,36,11731,6,1,0,0,3,0,67,999,0,0,0,0,0,0,0,0,0,3,0,0,0,0,3,2,55,1,1,2,1,0,0,15,5,1,1,2,98,1,1
27,270051,1,1,1,14,3,2,38,34,0,1,0,27,1,12,481,12481,31,2003,1FTRX18L73NB,1,F,T,R,X,1,8,L,7,3,N,B,0,0,0,000000000,00000000000,0,0,0,1,0,0,0,0,0,0,0,61,0,1,5,99,6,2,1,0,0,0,1,27,55376,6,1,0,0,3,0,73,190,0,0,0,0,0,0,0,0,0,3,37,0,0,0,1,2,55,1,1,2,1,0,0,1,13,6,4,4,1,1,1
27,270052,1,2,1,15,3,17,43,12,6,1,0,27,2,7,442,7442,20,2003,2D4GP44L13R2,2,D,4,G,P,4,4,L,1,3,R,2,0,0,0,000000000,00000000000,0,0,0,1,0,0,0,0,0,0,0,46,0,0,0,12,6,2,12,0,0,0,1,27,55302,6,1,0,0,3,3,65,130,0,0,0,1,0,3,2012,3,2012,0,39,0,0,0,1,2,45,1,5,2,1,20,3,1,17,6,1,1,88,1,0
27,270052,2,2,2,15,3,17,43,12,6,1,0,27,2,20,2,20002,4,2008,2G1WB58K8812,2,G,1,W,B,5,8,K,8,8,1,2,0,0,0,000000000,00000000000,0,0,0,1,0,0,0,0,0,0,0,55,0,0,0,62,6,2,12,0,0,0,1,27,55325,6,1,0,0,3,0,68,270,0,0,0,0,0,0,0,0,0,0,0,0,0,0,1,2,55,1,1,2,1,0,0,1,66,1,1,1,89,0,0
27,270053,1,2,1,18,3,21,23,12,6,1,0,27,1,7,482,7482,31,2006,1D3HU18N26J1,1,D,3,H,U,1,8,N,2,6,J,1,0,0,0,000000000,00000000000,0,0,0,1,0,0,0,0,0,0,0,40,0,0,0,12,6,2,12,0,0,0,1,27,55315,6,1,0,0,3,0,70,215,0,0,0,0,0,0,0,0,0,0,0,0,0,0,1,3,50,1,2,2,3,0,0,1,62,9,9,1,66,0,0
27,270053,2,2,1,18,3,21,23,12,6,1,0,27,2,20,37,20037,4,2001,1G1NE52J7161,1,G,1,N,E,5,2,J,7,1,6,1,0,0,0,000000000,00000000000,0,0,0,1,0,0,0,0,0,0,0,40,0,0,0,3,6,2,12,0,0,0,1,27,56071,6,1,0,0,3,0,67,155,0,0,0,2,0,11,2012,4,2013,4,52,0,0,0,1,3,50,1,2,2,3,0,0,1,6,99,4,2,66,1,0
27,270054,1,2,1,20,3,6,0,12,2,1,0,27,3,85,881,85881,66,1999,1XKWDU9X9XR7,1,X,K,W,D,U,9,X,9,X,R,7,1,1,57,190193,57190193,3,6,8,1,0,0,0,0,0,0,0,43,0,0,0,12,4,3,12,0,0,0,1,27,55952,6,1,6,0,3,1,75,270,0,0,0,0,0,0,0,0,0,0,0,0,0,0,1,2,55,3,1,1,1,0,0,14,62,98,9,1,51,0,0
27,270054,2,2,1,20,3,6,0,12,2,1,0,27,2,20,471,20471,30,1998,1GCCS1447W82,1,G,C,C,S,1,4,4,7,W,8,2,0,0,0,000000000,00000000000,0,0,0,1,0,0,0,0,0,0,0,999,0,0,0,12,6,2,12,0,0,1,1,27,55407,4,1,0,0,2,0,63,135,0,4,1,0,0,6,2011,11,2012,0,28,0,0,0,1,2,55,2,1,1,1,0,0,14,10,1,1,2,50,1,1
27,270055,1,2,1,27,3,22,56,12,6,1,0,27,2,22,18,22018,4,2001,1G2NF52E31M5,1,G,2,N,F,5,2,E,3,1,M,5,0,0,0,000000000,00000000000,0,0,0,1,0,0,0,0,0,0,0,998,0,0,0,4,6,2,30,0,0,0,1,27,56345,6,2,0,0,3,3,69,155,0,0,0,0,0,0,0,0,0,4,39,0,0,0,1,2,30,1,1,2,4,20,3,1,6,6,9,2,87,1,0
27,270055,2,2,1,27,3,22,56,12,6,1,0,27,1,20,2,20002,4,2002,2G1WF55EX291,2,G,1,W,F,5,5,E,X,2,9,1,0,0,0,000000000,00000000000,0,0,0,1,0,0,0,0,0,0,0,20,0,0,0,12,4,3,12,0,0,0,1,27,56328,6,1,0,0,3,3,64,190,0,0,0,0,0,0,0,0,0,0,87,0,0,0,1,2,30,1,1,2,4,0,0,1,66,7,9,1,86,0,0
27,270056,1,2,1,29,3,20,28,23,0,1,0,27,1,63,401,63401,14,2002,KNDJA7231251,K,N,D,J,A,7,2,3,1,2,5,1,0,0,0,000000000,00000000000,0,0,0,1,0,0,0,0,0,0,0,999,0,0,0,13,6,2,12,0,0,0,1,27,55101,6,1,0,0,3,0,68,165,0,0,0,0,0,0,0,0,0,0,0,0,0,0,6,1,55,1,6,2,1,0,0,1,98,98,1,1,98,0,0
27,270056,2,2,1,29,3,20,28,23,0,1,0,27,1,12,401,12401,14,1998,1FMYU24E5WUC,1,F,M,Y,U,2,4,E,5,W,U,C,0,0,0,000000000,00000000000,0,0,0,1,0,0,0,0,0,0,0,999,0,0,0,12,6,2,12,0,0,0,1,27,55116,1,1,0,0,2,0,70,230,0,2,0,0,0,3,2011,12,2012,3,99,99,99,99,6,1,98,3,8,8,1,0,0,14,6,98,9,4,2,1,1