STATE,ST_CASE,VEH_NO,VE_FORMS,NUMOCCS,DAY,MONTH,HOUR,MINUTE,HARM_EV,MAN_COLL,UNITTYPE,HIT_RUN,REG_STAT,OWNER,MAKE,MODEL,MAK_MOD,BODY_TYP,MOD_YEAR,VIN,VIN_1,VIN_2,VIN_3,VIN_4,VIN_5,VIN_6,VIN_7,VIN_8,VIN_9,VIN_10,VIN_11,VIN_12,TOW_VEH,J_KNIFE,MCARR_I1,MCARR_I2,MCARR_ID,GVWR,V_CONFIG,CARGO_BT,HAZ_INV,HAZ_PLAC,HAZ_ID,HAZ_CNO,HAZ_REL,BUS_USE,SPEC_USE,EMER_USE,TRAV_SP,UNDERIDE,ROLLOVER,ROLINLOC,IMPACT1,DEFORMED,TOWED,M_HARM,VEH_SC1,VEH_SC2,FIRE_EXP,DR_PRES,L_STATE,DR_ZIP,L_STATUS,L_TYPE,CDL_STAT,L_ENDORS,L_COMPL,L_RESTRI,DR_HGT,DR_WGT,PREV_ACC,PREV_SUS,PREV_DWI,PREV_SPD,PREV_OTH,FIRST_MO,FIRST_YR,LAST_MO,LAST_YR,SPEEDREL,DR_SF1,DR_SF2,DR_SF3,DR_SF4,VTRAFWAY,VNUM_LAN,VSPD_LIM,VALIGN,VPROFILE,VPAVETYP,VSURCOND,VTRAFCON,VTCONT_F,P_CRASH1,P_CRASH2,P_CRASH3,PCRASH4,PCRASH5,ACC_TYPE,DEATHS,DR_DRINK
27,270090,1,2,1,20,5,5,48,12,6,1,0,27,1,6,18,6018,4,2013,1C3CCBBB6DN5,1,C,3,C,C,B,B,B,6,D,N,5,0,0,0,000000000,00000000000,0,0,0,1,0,0,0,0,0,0,0,48,0,0,0,9,6,2,12,0,0,0,1,27,55350,6,1,0,0,3,0,66,227,0,0,0,1,0,7,2012,7,2012,0,39,0,0,0,1,3,55,1,1,1,2,20,3,1,19,1,1,1,89,1,0
27,270090,2,2,1,20,5,5,48,12,6,1,0,27,1,14,402,14402,14,2008,4M2CU81198KJ,4,M,2,C,U,8,1,1,9,8,K,J,0,0,0,000000000,00000000000,0,0,0,1,0,0,0,0,0,0,0,999,0,0,0,12,6,2,12,0,0,0,1,27,55350,6,1,6,0,3,0,75,295,0,0,0,0,0,0,0,0,0,0,0,0,0,0,1,4,60,1,1,2,2,0,0,1,68,1,1,1,88,0,0
27,270091,1,2,1,20,5,7,1,12,2,1,0,27,3,55,401,55401,14,2014,5XYZTDLB1EG1,5,X,Y,Z,T,D,L,B,1,E,G,1,0,0,0,000000000,00000000000,0,0,0,1,0,0,0,0,0,0,0,999,0,1,5,12,6,2,12,0,0,0,1,34,7054,6,1,0,0,3,0,61,999,0,0,0,1,0,1,2013,1,2013,0,28,0,0,0,1,2,55,1,1,2,1,0,0,1,10,1,1,2,50,1,0
27,270091,2,2,1,20,5,7,1,12,2,1,0,27,2,20,880,20880,67,2006,1GBE5C1226F4,1,G,B,E,5,C,1,2,2,6,F,4,0,0,57,1837269,571837269,2,1,97,1,0,0,0,0,0,0,0,58,0,0,0,12,6,2,12,0,0,0,1,27,56296,6,1,6,0,3,0,72,195,0,0,0,0,0,0,0,0,0,0,0,0,0,0,1,2,55,1,1,2,1,0,0,1,62,98,2,1,51,0,0
27,270092,1,2,2,21,5,10,44,12,6,1,0,27,1,18,2,18002,4,1998,1G4HP52KXWH4,1,G,4,H,P,5,2,K,X,W,H,4,0,0,0,000000000,00000000000,0,0,0,1,0,0,0,0,0,0,0,999,0,0,0,3,6,2,12,0,0,0,1,27,56661,6,1,0,0,3,0,66,150,0,0,0,0,0,0,0,0,0,0,38,0,0,0,2,4,55,1,1,2,1,3,3,11,15,1,1,1,68,1,0
27,270092,2,2,1,21,5,10,44,12,6,1,0,27,3,84,881,84881,63,1986,1HSZTG4NXGHA,1,H,S,Z,T,G,4,N,X,G,H,A,0,0,57,1339216,571339216,3,1,3,1,0,0,0,0,0,0,0,999,0,0,0,12,2,5,12,0,0,0,1,27,56461,6,1,6,0,3,0,68,185,0,0,0,0,0,0,0,0,0,0,0,0,0,0,2,3,55,1,1,2,1,3,3,1,62,4,9,1,69,0,0
27,270093,1,1,1,22,5,12,22,34,0,1,0,27,1,22,20,22020,2,1997,1G2WP1210VF3,1,G,2,W,P,1,2,1,0,V,F,3,0,0,0,000000000,00000000000,0,0,0,1,0,0,0,0,0,0,0,999,0,0,0,12,6,2,42,0,0,1,1,27,55033,6,1,6,0,3,0,68,240,0,0,0,0,0,0,0,0,0,0,0,0,0,0,1,2,55,1,1,2,1,0,0,1,12,1,1,4,6,1,0
27,270094,1,2,2,22,5,17,17,12,6,1,0,27,1,18,401,18401,14,2007,3G5DA03L87S5,3,G,5,D,A,0,3,L,8,7,S,5,0,0,0,000000000,00000000000,0,0,0,1,0,0,0,0,0,0,0,998,0,0,0,11,4,3,12,0,0,0,1,27,55371,6,1,0,0,3,1,65,121,0,0,0,0,0,0,0,0,0,0,38,48,0,0,1,3,55,1,1,2,1,0,0,12,15,1,1,2,98,1,0
27,270094,2,2,1,22,5,17,17,12,6,1,0,27,3,20,481,20481,31,2009,1GCEK14C19Z1,1,G,C,E,K,1,4,C,1,9,Z,1,0,0,0,000000000,00000000000,0,0,0,1,0,0,0,0,0,0,0,998,0,0,0,12,6,2,12,0,0,0,1,27,56303,6,1,0,0,3,0,70,210,0,0,0,0,0,0,0,0,0,0,0,0,0,0,1,3,55,1,1,2,1,0,0,1,64,6,1,1,98,0,0
27,270095,1,1,2,23,5,13,54,42,0,1,0,27,1,63,441,63441,20,2012,KNDMG4C77C64,K,N,D,M,G,4,C,7,7,C,6,4,0,0,0,000000000,00000000000,0,0,0,1,0,0,0,0,0,0,0,999,0,0,0,1,6,2,42,0,0,0,1,27,55448,6,1,0,0,3,0,70,195,0,0,0,0,0,0,0,0,0,0,99,99,99,99,1,2,55,1,1,2,1,0,0,1,13,1,1,4,1,1,0
27,270096,1,2,2,23,5,16,22,12,6,1,0,27,2,6,17,6017,1,1995,1C3EU4537SF6,1,C,3,E,U,4,5,3,7,S,F,6,0,0,0,000000000,00000000000,0,0,0,1,0,0,0,0,0,0,0,998,0,0,0,1,4,3,12,0,0,0,1,27,55330,6,1,0,0,3,3,66,115,0,0,0,0,0,0,0,0,0,0,38,0,0,0,1,2,98,1,1,2,1,20,3,1,17,2,1,1,87,0,0
27,270096,2,2,2,23,5,16,22,12,6,1,0,27,1,72,706,72706,80,2005,1HD1FCW1X5Y6,1,H,D,1,F,C,W,1,X,5,Y,6,0,0,0,000000000,00000000000,0,0,0,1,0,0,0,0,0,0,0,55,0,0,0,12,6,2,12,0,0,0,1,27,55313,6,1,6,0,3,3,71,210,0,0,0,0,0,0,0,0,0,0,0,0,0,0,1,3,50,1,1,2,1,0,0,1,66,9,2,2,86,1,0
27,270097,1,1,1,25,5,16,37,35,0,1,0,27,2,53,705,53705,80,2001,JS1GR7GA4121,J,S,1,G,R,7,G,A,4,1,2,1,0,0,0,000000000,00000000000,0,0,0,1,0,0,0,0,0,0,0,999,0,0,0,12,6,2,35,0,0,0,1,27,55744,6,1,0,0,2,0,71,150,0,0,0,0,0,0,0,0,0,9,99,99,99,99,1,2,55,3,1,2,1,0,0,14,13,1,1,4,1,1,0
27,270098,1,2,3,25,5,17,4,12,6,1,0,27,2,55,441,55441,20,2007,KNDMC2335760,K,N,D,M,C,2,3,3,5,7,6,0,0,0,0,000000000,00000000000,0,0,0,1,0,0,0,0,0,0,0,40,0,0,0,4,4,3,12,0,0,0,1,27,55057,6,7,0,0,3,1,62,115,0,0,0,0,0,0,0,0,0,0,0,0,0,0,2,3,40,1,1,2,1,3,3,1,66,1,1,1,87,0,0
27,270098,2,2,1,25,5,17,4,12,6,1,0,27,1,98,703,98703,80,2013,RFVPAC906D10,R,F,V,P,A,C,9,0,6,D,1,0,0,0,0,000000000,00000000000,0,0,0,1,0,0,0,0,0,0,0,40,0,0,0,12,6,2,12,0,0,0,1,27,55125,6,1,0,0,3,0,70,200,0,0,0,0,1,1,2012,1,2012,0,39,0,0,0,1,5,98,1,1,2,1,3,3,1,17,1,1,1,86,1,0
27,270099,1,2,0,25,5,23,17,12,11,1,0,27,6,7,472,7472,30,1990,1B7GL23X4LS6,1,B,7,G,L,2,3,X,4,L,S,6,0,0,0,000000000,00000000000,0,0,0,1,0,0,0,0,0,0,0,0,0,0,0,6,4,3,12,0,0,0,0,0,99997,7,6,97,7,6,7,998,997,998,998,998,998,998,98,9998,98,9998,8,0,0,0,0,3,2,70,1,3,2,1,0,0,0,53,0,0,0,98,0,0
27,270099,3,2,5,25,5,23,17,12,11,1,0,27,1,49,442,49442,20,2008,5TDZK23C78S1,5,T,D,Z,K,2,3,C,7,8,S,1,0,0,0,000000000,00000000000,0,0,0,1,0,0,0,0,0,0,0,65,0,0,0,61,6,2,12,0,0,0,1,27,55421,6,1,0,0,3,0,69,202,0,0,0,1,2,8,2012,2,2014,0,0,0,0,0,3,2,70,1,3,2,1,0,0,15,50,98,9,2,98,1,0
27,270100,1,2,1,4,4,13,17,12,6,1,0,27,1,20,22,20022,2,2008,1G1AK18F4871,1,G,1,A,K,1,8,F,4,8,7,1,0,0,0,000000000,00000000000,0,0,0,1,0,0,0,0,0,0,0,55,0,0,0,3,6,2,12,0,0,0,1,27,55008,6,1,0,0,3,0,65,140,0,0,0,1,0,11,2011,11,2011,5,58,0,0,0,1,2,55,1,1,2,10,0,0,1,6,98,4,2,66,1,0
27,270100,2,2,1,4,4,13,17,12,6,1,0,27,1,20,36,20036,2,2001,2G1WX15K3191,2,G,1,W,X,1,5,K,3,1,9,1,0,0,0,000000000,00000000000,0,0,0,1,0,0,0,0,0,0,0,55,0,0,0,12,4,3,12,0,0,0,1,27,55008,6,1,6,0,3,0,72,240,0,0,0,0,0,0,0,0,0,0,0,0,0,0,2,2,55,1,1,2,10,0,0,1,62,98,9,9,66,0,0
27,270101,1,2,1,26,5,13,0,12,6,1,0,27,1,14,17,14017,4,2008,1MEHM42W38G6,1,M,E,H,M,4,2,W,3,8,G,6,6,2,0,000000000,00000000000,0,0,0,1,0,0,0,0,0,0,0,40,0,0,0,12,6,2,12,0,0,0,1,27,56057,6,1,0,0,3,1,61,150,0,0,0,0,0,0,0,0,0,0,39,0,0,0,1,2,55,1,8,2,1,20,3,1,17,8,9,1,88,0,0
27,270101,2,2,1,26,5,13,0,12,6,1,0,27,1,14,21,14021,4,2009,3MEHM07Z39R6,3,M,E,H,M,0,7,Z,3,9,R,6,0,0,0,000000000,00000000000,0,0,0,1,0,0,0,0,0,0,0,55,0,0,0,11,6,2,12,0,0,0,1,27,56080,6,1,0,0,3,0,68,150,1,0,0,1,0,7,2011,12,2011,0,0,0,0,0,1,2,55,1,8,2,1,0,0,1,66,1,1,1,89,1,0
27,270102,1,3,1,28,5,18,45,12,2,1,0,27,1,18,2,18002,4,1998,1G4HP52K6WH4,1,G,4,H,P,5,2,K,6,W,H,4,0,0,0,000000000,00000000000,0,0,0,1,0,0,0,0,0,0,0,70,0,0,0,12,6,2,12,0,0,0,1,27,56007,6,1,6,0,3,0,75,200,0,0,0,2,0,10,2012,2,2013,0,0,0,0,0,2,2,70,1,2,1,1,0,0,1,54,4,9,1,52,1,0
27,270102,2,3,1,28,5,18,45,12,2,1,0,27,2,14,17,14017,4,1995,1MELM50U2SG6,1,M,E,L,M,5,0,U,2,S,G,6,0,0,0,000000000,00000000000,0,0,0,1,0,0,0,0,0,0,0,70,0,0,0,12,6,2,12,0,0,0,1,27,55060,4,1,0,0,2,0,71,193,0,2,1,0,0,1,2012,3,2014,0,51,0,0,0,2,2,70,1,2,1,1,0,0,1,54,1,1,1,52,1,1
27,270102,3,3,1,28,5,18,45,12,2,1,0,17,3,51,881,51881,66,2013,4V4N19TH2DN1,4,V,4,N,1,9,T,H,2,D,N,1,1,1,57,19949,5719949,3,6,3,1,0,0,0,0,0,0,0,68,0,0,0,63,2,5,12,0,0,0,1,27,56031,6,1,6,0,3,0,70,200,0,0,0,0,0,0,0,0,0,0,0,0,0,0,2,2,70,1,2,1,1,0,0,1,60,1,1,1,98,0,0
27,270103,1,2,1,29,5,19,0,12,6,1,0,27,1,12,461,12461,21,2001,1FBSS31L61HB,1,F,B,S,S,3,1,L,6,1,H,B,0,0,0,000000000,00000000000,0,0,0,1,0,0,0,0,0,0,0,999,0,0,0,9,6,2,12,0,0,0,1,27,55398,6,1,0,0,3,0,70,200,0,0,0,0,0,0,0,0,0,0,38,48,0,0,1,3,55,1,1,2,1,0,0,12,11,1,1,1,98,0,0
27,270103,2,2,2,29,5,19,0,12,6,1,0,27,1,72,706,72706,80,2013,1HD1KHM15DB6,1,H,D,1,K,H,M,1,5,D,B,6,0,0,0,000000000,00000000000,0,0,0,1,0,0,0,0,0,0,0,999,0,0,0,12,6,2,12,0,0,0,1,27,55070,6,1,0,0,3,0,72,250,0,0,0,0,0,0,0,0,0,0,0,0,0,0,1,3,55,1,1,2,1,0,0,1,61,8,9,1,98,2,0
27,270104,1,1,1,30,5,16,7,8,0,1,0,27,2,51,401,51401,14,2006,YV4CZ592X613,Y,V,4,C,Z,5,9,2,X,6,1,3,0,0,0,000000000,00000000000,0,0,0,1,0,0,0,0,0,0,0,30,0,0,0,12,2,5,8,0,0,0,1,27,55422,6,1,0,0,3,0,74,165,0,0,0,0,0,0,0,0,0,0,0,0,0,0,1,5,30,1,1,2,1,20,3,11,80,4,1,1,13,0,0
27,270105,1,1,1,10,4,1,55,8,0,1,0,27,2,49,40,49040,4,2008,4T1BE46K28U2,4,T,1,B,E,4,6,K,2,8,U,2,0,0,0,000000000,00000000000,0,0,0,1,0,0,0,0,0,0,0,50,0,0,0,12,4,3,8,0,0,0,1,27,55432,6,1,0,0,3,0,60,135,0,0,0,0,0,0,0,0,0,9,99,99,99,99,2,2,50,1,1,2,1,3,3,1,80,1,1,1,13,0,0
27,270106,1,3,1,11,4,7,1,12,2,1,0,27,1,49,40,49040,4,2009,4T4BE46K99R0,4,T,4,B,E,4,6,K,9,9,R,0,0,0,0,000000000,00000000000,0,0,0,1,0,0,0,0,0,0,0,998,0,0,0,12,6,2,12,0,0,0,1,27,55337,6,1,0,0,3,0,77,220,1,0,0,0,0,1,2014,1,2014,0,28,0,0,0,1,2,55,1,1,2,1,0,0,1,10,1,1,2,50,1,0
27,270106,2,3,1,11,4,7,1,12,2,1,0,27,1,32,40,32040,4,2007,WAUGL78E97A1,W,A,U,G,L,7,8,E,9,7,A,1,0,0,0,000000000,00000000000,0,0,0,1,0,0,0,0,0,0,0,998,0,0,0,12,6,2,12,0,0,0,1,27,55328,6,1,0,0,3,0,73,205,0,2,1,0,1,4,2012,11,2012,0,0,0,0,0,1,2,55,1,1,2,1,0,0,1,62,99,1,1,51,1,0
27,270106,3,3,1,11,4,7,1,12,2,1,0,27,1,12,23,12023,4,2014,1FA6P0H72E53,1,F,A,6,P,0,H,7,2,E,5,3,0,0,0,000000000,00000000000,0,0,0,1,0,0,0,0,0,0,0,998,0,0,0,12,2,5,54,0,0,0,1,27,55328,6,1,0,0,3,0,74,230,0,0,0,1,0,11,2013,11,2013,0,0,0,0,0,1,2,55,1,1,2,1,0,0,1,98,99,1,1,98,0,0
27,270107,1,2,1,4,4,20,13,12,1,1,0,27,3,82,881,82881,66,2006,1FUJA6CK46LV,1,F,U,J,A,6,C,K,4,6,L,V,1,1,57,533380,57533380,3,6,1,1,0,0,0,0,0,0,0,60,0,0,0,6,2,5,12,0,0,0,1,27,56482,6,1,6,0,3,1,67,165,0,0,0,0,0,0,0,0,0,0,0,0,0,0,3,3,60,1,1,1,1,0,0,1,53,1,1,1,25,0,0
27,270107,2,2,3,4,4,20,13,12,1,1,0,27,2,6,51,6051,4,2007,2C3KA63H47H8,2,C,3,K,A,6,3,H,4,7,H,8,0,0,0,000000000,00000000000,0,0,0,1,0,0,0,0,0,0,0,101,1,0,0,12,6,2,12,0,0,0,1,27,55343,0,0,0,0,0,0,68,160,0,5,1,1,0,12,2012,4,2013,3,0,0,0,0,3,3,60,1,1,1,1,0,0,1,51,1,1,1,24,2,0
27,270108,1,1,1,1,6,16,45,1,0,1,0,0,0,99,703,99703,88,2008,000000000000,0,0,0,0,0,0,0,0,0,0,0,0,0,0,0,000000000,00000000000,0,0,0,1,0,0,0,0,0,0,0,25,0,0,0,0,4,5,1,0,0,0,1,27,55434,6,1,0,0,1,0,73,330,0,0,0,0,0,0,0,0,0,0,0,0,0,0,1,2,30,1,1,2,1,0,0,1,1,1,7,3,98,1,0
27,270109,1,3,1,4,6,16,39,12,6,1,0,27,2,12,17,12017,4,1995,1FALP52U3SA2,1,F,A,L,P,5,2,U,3,S,A,2,0,0,0,000000000,00000000000,0,0,0,1,0,0,0,0,0,0,0,999,0,0,0,1,4,3,12,0,0,0,1,27,55407,6,7,0,0,3,2,60,205,0,0,0,0,0,0,0,0,0,0,38,73,0,0,1,2,30,1,1,2,1,20,3,4,17,1,1,1,87,0,0
27,270109,2,3,1,4,6,16,39,12,6,1,0,27,2,53,705,53705,80,2004,JS1GR7JA6421,J,S,1,G,R,7,J,A,6,4,2,1,0,0,0,000000000,00000000000,0,0,0,1,0,0,0,0,0,0,0,29,0,0,0,12,4,3,12,0,0,0,1,27,55412,4,1,0,0,2,0,999,999,0,2,1,0,0,6,2011,9,2011,0,0,0,0,0,1,2,30,1,1,2,1,0,0,1,66,4,1,1,86,0,0
27,270109,3,3,1,4,6,16,39,12,6,1,0,27,1,53,706,53706,80,1986,JS1VX71A3G21,J,S,1,V,X,7,1,A,3,G,2,1,0,0,0,000000000,00000000000,0,0,0,1,0,0,0,0,0,0,0,998,0,0,0,12,6,2,12,0,0,0,1,27,55412,6,1,0,0,3,0,71,275,0,0,0,1,0,8,2011,8,2011,0,0,0,0,0,1,2,30,1,1,2,1,0,0,1,66,99,9,1,98,1,0
27,270110,1,3,1,5,6,8,20,12,1,1,0,27,1,76,706,76706,80,2000,JYAVP02E4YA0,J,Y,A,V,P,0,2,E,4,Y,A,0,0,0,0,000000000,00000000000,0,0,0,1,0,0,0,0,0,0,0,999,0,0,0,12,4,3,54,0,0,0,1,27,55306,6,1,6,0,3,1,73,198,0,0,0,0,0,0,0,0,0,0,26,0,0,0,2,3,65,2,3,1,1,0,0,15,52,8,1,1,28,1,0
27,270110,2,3,1,5,6,8,20,12,1,1,0,27,1,35,49,35049,6,2003,JN8AZ08W63W2,J,N,8,A,Z,0,8,W,6,3,W,2,0,0,0,000000000,00000000000,0,0,0,1,0,0,0,0,0,0,0,5,0,0,0,6,2,5,12,0,0,0,1,27,55046,6,1,0,0,3,0,62,150,0,0,0,1,0,8,2013,8,2013,0,0,0,0,0,2,3,65,2,3,1,1,0,0,2,53,1,1,1,29,0,0
27,270110,3,3,1,5,6,8,20,12,1,1,0,27,1,35,49,35049,6,2009,JN8AZ18W29W1,J,N,8,A,Z,1,8,W,2,9,W,1,0,0,0,000000000,00000000000,0,0,0,1,0,0,0,0,0,0,0,998,0,0,0,14,2,5,54,0,0,0,1,27,55426,6,1,0,0,3,0,74,220,0,0,0,0,0,0,0,0,0,0,0,0,0,0,2,3,65,2,3,1,1,0,0,14,98,6,1,4,98,0,0
27,270111,1,2,1,5,6,21,27,18,0,1,0,27,1,37,31,37031,2,2006,2HGFG11616H5,2,H,G,F,G,1,1,6,1,6,H,5,0,0,0,000000000,00000000000,0,0,0,1,0,0,0,0,0,0,0,998,0,0,0,6,2,5,12,0,0,0,1,27,55401,6,1,6,0,3,0,71,175,0,0,0,1,0,3,2012,3,2012,0,0,0,0,0,3,4,60,1,1,1,1,98,3,1,61,99,1,1,98,0,0
27,270111,2,2,1,5,6,21,27,18,0,1,0,27,1,72,706,72706,80,2007,1HD1KB4177Y6,1,H,D,1,K,B,4,1,7,7,Y,6,0,0,0,000000000,00000000000,0,0,0,1,0,0,0,0,0,0,0,998,0,0,0,12,2,3,18,0,0,0,1,27,55805,6,1,0,0,3,0,72,275,0,0,0,0,0,0,0,0,0,0,0,0,0,0,3,4,60,1,1,1,1,98,3,99,90,99,9,1,12,1,0
27,270112,1,1,1,6,6,14,19,8,0,1,0,27,1,12,481,12481,31,2008,1FTPX14V48FB,1,F,T,P,X,1,4,V,4,8,F,B,0,0,0,000000000,00000000000,0,0,0,1,0,0,0,0,0,0,0,30,0,0,0,12,4,3,8,0,0,0,1,27,55356,6,1,0,0,3,0,72,200,0,0,0,0,1,4,2014,4,2014,0,0,0,0,0,1,5,35,3,2,2,1,0,0,2,80,4,1,1,13,0,0
27,270113,1,2,1,6,6,17,4,12,2,1,0,27,1,7,472,7472,30,1999,1B7FL26X3XS2,1,B,7,F,L,2,6,X,3,X,S,2,0,0,0,000000000,00000000000,0,0,0,1,0,0,0,0,0,0,0,998,0,0,0,12,6,2,12,0,0,0,1,27,55330,6,1,0,0,3,1,66,195,0,0,0,0,0,0,0,0,0,0,28,0,0,0,1,2,55,2,2,2,8,28,3,14,10,1,1,2,50,1,0
27,270113,2,2,1,6,6,17,4,12,2,1,0,27,1,18,7,18007,4,2002,2G4WS52J9212,2,G,4,W,S,5,2,J,9,2,1,2,0,0,0,000000000,00000000000,0,0,0,1,0,0,0,0,0,0,0,18,0,0,0,12,6,2,12,0,0,0,1,27,55330,6,1,0,0,3,1,71,205,0,0,0,0,0,0,0,0,0,0,0,0,0,0,1,2,55,3,2,2,8,28,3,14,62,7,9,9,51,0,1
27,270114,1,1,1,8,6,17,5,1,0,1,0,27,1,72,706,72706,80,1998,1HD1FDL13WY6,1,H,D,1,F,D,L,1,3,W,Y,6,0,0,0,000000000,00000000000,0,0,0,1,0,0,0,0,0,0,0,999,0,0,0,0,4,3,1,0,0,0,1,27,55304,6,1,0,0,3,0,72,195,0,0,0,0,0,0,0,0,0,5,99,99,99,99,1,2,30,3,2,2,1,0,0,14,6,98,9,6,98,1,1
27,270115,1,3,2,9,6,12,6,12,7,1,0,27,1,12,481,12481,31,2003,1FTNF21L43EC,1,F,T,N,F,2,1,L,4,3,E,C,1,1,0,000000000,00000000000,0,0,0,1,0,0,0,0,0,0,0,65,0,0,0,11,6,2,12,0,0,0,1,27,55038,6,1,0,0,3,0,70,270,0,0,0,0,0,0,0,0,0,0,28,0,0,0,2,6,65,1,1,1,1,3,3,1,10,1,1,2,44,1,0
27,270115,2,3,1,9,6,12,6,12,7,1,0,27,3,89,881,89881,63,1991,4V2JCBLF6MR8,4,V,2,J,C,B,L,F,6,M,R,8,0,0,57,240847,57240847,3,2,3,1,0,0,0,0,0,0,0,0,0,0,0,5,4,3,12,0,0,0,1,27,55373,6,1,6,0,3,0,70,270,0,0,0,0,0,0,0,0,0,0,0,0,0,0,2,6,65,1,1,1,1,3,3,5,61,1,1,1,45,0,0
27,270115,3,3,1,9,6,12,6,12,7,1,0,27,2,20,22,20022,4,2009,1G1AT58H4971,1,G,1,A,T,5,8,H,4,9,7,1,0,0,0,000000000,00000000000,0,0,0,1,0,0,0,0,0,0,0,0,0,0,0,83,4,3,12,0,0,0,1,27,55337,6,1,0,0,3,0,68,140,0,0,0,1,0,6,2013,6,2013,0,0,0,0,0,2,6,65,1,1,1,1,3,3,5,61,1,1,1,98,0,0
27,270116,1,2,1,9,6,14,39,12,6,1,0,27,1,20,401,20401,14,1997,1GNDT13W7V21,1,G,N,D,T,1,3,W,7,V,2,1,0,0,0,000000000,00000000000,0,0,0,1,0,0,0,0,0,0,0,998,0,0,0,5,4,3,12,0,0,0,1,27,56338,6,1,0,0,3,0,70,170,1,0,0,0,0,12,2012,12,2012,0,38,0,0,0,2,4,35,1,1,2,1,0,0,11,15,1,1,1,68,0,0
27,270116,2,2,1,9,6,14,39,12,6,1,0,27,1,37,706,37706,80,2004,JH2SC570X4M0,J,H,2,S,C,5,7,0,X,4,M,0,0,0,0,000000000,00000000000,0,0,0,1,0,0,0,0,0,0,0,998,0,0,0,12,6,2,12,0,0,0,1,27,56401,6,1,0,0,3,0,71,180,1,0,0,1,0,4,2012,4,2013,0,0,0,0,0,2,3,35,1,1,2,1,0,0,1,62,4,9,1,69,1,0
27,270117,1,2,1,10,6,13,9,12,6,1,0,27,1,12,481,12481,31,2007,1FTPX14V67NA,1,F,T,P,X,1,4,V,6,7,N,A,0,0,0,000000000,00000000000,0,0,0,1,0,0,0,0,0,0,0,15,0,0,0,1,6,2,12,0,0,0,1,27,56332,6,1,0,0,3,0,73,235,0,0,0,0,0,0,0,0,0,0,38,0,0,0,1,2,55,1,2,2,1,0,0,11,15,4,1,1,68,0,0
27,270117,2,2,3,10,6,13,9,12,6,1,0,27,3,7,442,7442,20,2009,2D8HN44E59R5,2,D,8,H,N,4,4,E,5,9,R,5,0,0,0,000000000,00000000000,0,0,0,1,0,0,0,0,0,0,0,55,0,0,0,12,6,2,12,0,0,0,1,27,56309,6,1,0,0,3,0,64,220,0,0,0,0,0,0,0,0,0,0,0,0,0,0,1,2,55,1,2,2,1,0,0,1,62,9,1,1,69,1,0
27,270118,1,2,1,10,6,14,34,12,2,1,0,19,2,20,481,20481,31,2005,1GCHK29215E3,1,G,C,H,K,2,9,2,1,5,E,3,0,0,0,000000000,00000000000,0,0,0,1,0,0,0,0,0,0,0,60,0,1,1,12,6,2,12,0,0,0,1,46,57719,6,1,0,0,3,1,72,170,0,0,0,0,0,0,0,0,0,0,28,0,0,0,1,2,60,1,2,2,1,0,0,1,54,9,9,2,52,0,0
27,270118,2,2,2,10,6,14,34,12,2,1,0,27,1,21,441,21441,20,2001,1GHDX23E41D3,1,G,H,D,X,2,3,E,4,1,D,3,0,0,0,000000000,00000000000,0,0,0,1,0,0,0,0,0,0,0,50,0,0,0,12,6,2,12,0,0,0,1,27,56461,6,1,0,0,3,0,72,163,0,0,0,0,0,0,0,0,0,0,0,0,0,0,1,2,60,1,2,2,1,0,0,1,54,8,9,2,52,2,0
27,270120,1,1,1,11,6,8,2,34,0,1,0,27,3,82,881,82881,66,1998,1FUY3MCB3WP8,1,F,U,Y,3,M,C,B,3,W,P,8,0,0,57,1140699,571140699,3,5,96,1,0,0,0,0,0,0,0,9,0,1,5,12,4,3,1,0,0,0,1,27,56309,6,1,6,0,3,0,72,210,0,0,0,0,0,0,0,0,0,0,99,99,99,99,1,2,55,1,1,2,2,0,0,1,13,98,1,4,1,1,0
27,270121,1,1,1,15,6,17,31,34,0,1,0,55,1,72,706,72706,80,2002,1HD1FMW112Y6,1,H,D,1,F,M,W,1,1,2,Y,6,0,0,0,000000000,00000000000,0,0,0,1,0,0,0,0,0,0,0,75,0,0,0,61,6,2,34,0,0,0,1,55,53538,6,1,6,0,3,0,65,200,0,0,0,2,1,10,2011,7,2012,0,0,0,0,0,3,4,70,1,1,2,1,0,0,1,4,1,7,4,7,1,0
27,270123,1,1,1,13,6,19,57,34,0,1,0,27,2,12,442,12442,20,1998,2FMZA5140WBD,2,F,M,Z,A,5,1,4,0,W,B,D,0,0,0,000000000,00000000000,0,0,0,1,0,0,0,0,0,0,0,998,0,1,5,61,6,2,1,0,0,0,1,27,56501,6,1,6,0,3,1,73,220,1,1,1,0,1,8,2011,10,2011,0,58,0,0,0,1,2,55,2,2,2,1,0,0,14,12,7,3,4,2,1,1
27,270124,1,1,1,13,6,21,7,1,0,1,0,27,1,72,706,72706,80,2001,1HD4CJM141K1,1,H,D,4,C,J,M,1,4,1,K,1,0,0,0,000000000,00000000000,0,0,0,1,0,0,0,0,0,0,0,998,0,0,0,0,4,3,1,0,0,0,1,27,55107,6,1,0,0,2,0,68,200,0,0,0,0,0,0,0,0,0,0,0,0,0,0,1,2,30,3,2,2,1,0,0,14,13,98,9,4,1,1,0