STATE,ST_CASE,VEH_NO,VE_FORMS,NUMOCCS,DAY,MONTH,HOUR,MINUTE,HARM_EV,MAN_COLL,UNITTYPE,HIT_RUN,REG_STAT,OWNER,MAKE,MODEL,MAK_MOD,BODY_TYP,MOD_YEAR,VIN,VIN_1,VIN_2,VIN_3,VIN_4,VIN_5,VIN_6,VIN_7,VIN_8,VIN_9,VIN_10,VIN_11,VIN_12,TOW_VEH,J_KNIFE,MCARR_I1,MCARR_I2,MCARR_ID,GVWR,V_CONFIG,CARGO_BT,HAZ_INV,HAZ_PLAC,HAZ_ID,HAZ_CNO,HAZ_REL,BUS_USE,SPEC_USE,EMER_USE,TRAV_SP,UNDERIDE,ROLLOVER,ROLINLOC,IMPACT1,DEFORMED,TOWED,M_HARM,VEH_SC1,VEH_SC2,FIRE_EXP,DR_PRES,L_STATE,DR_ZIP,L_STATUS,L_TYPE,CDL_STAT,L_ENDORS,L_COMPL,L_RESTRI,DR_HGT,DR_WGT,PREV_ACC,PREV_SUS,PREV_DWI,PREV_SPD,PREV_OTH,FIRST_MO,FIRST_YR,LAST_MO,LAST_YR,SPEEDREL,DR_SF1,DR_SF2,DR_SF3,DR_SF4,VTRAFWAY,VNUM_LAN,VSPD_LIM,VALIGN,VPROFILE,VPAVETYP,VSURCOND,VTRAFCON,VTCONT_F,P_CRASH1,P_CRASH2,P_CRASH3,PCRASH4,PCRASH5,ACC_TYPE,DEATHS,DR_DRINK
27,270125,1,2,1,17,6,19,55,12,1,1,0,27,2,35,39,35039,4,1997,JN1CA21D3VT8,J,N,1,C,A,2,1,D,3,V,T,8,0,0,0,000000000,00000000000,0,0,0,1,0,0,0,0,0,0,0,65,1,0,0,12,6,2,12,0,0,0,1,27,56585,3,1,0,0,2,0,73,145,0,0,0,0,0,0,0,0,0,3,26,0,0,0,1,2,55,1,1,4,1,0,0,1,51,1,1,1,24,1,1
27,270125,2,2,1,17,6,19,55,12,1,1,0,27,3,51,881,51881,66,2006,4V4NC9GHX6N4,4,V,4,N,C,9,G,H,X,6,N,4,1,1,57,1866755,571866755,3,6,1,1,0,0,0,0,0,0,0,18,0,0,0,6,2,5,12,0,0,0,1,27,56472,6,1,6,0,3,0,71,205,0,0,0,0,0,0,0,0,0,0,0,0,0,0,1,2,55,1,1,4,1,0,0,1,53,1,1,1,25,0,0
27,270126,1,1,1,16,5,19,40,1,0,1,0,0,0,98,734,98734,90,1998,4XACH50AXWA0,4,X,A,C,H,5,0,A,X,W,A,0,0,0,0,000000000,00000000000,0,0,0,1,0,0,0,0,0,0,0,45,0,2,2,0,4,3,1,0,0,0,1,27,56633,6,1,0,0,3,3,69,195,2,0,0,0,0,8,2011,2,2013,3,0,0,0,0,1,2,98,2,8,8,98,97,8,14,6,3,2,4,98,1,1
27,270127,1,1,1,30,5,1,54,42,0,1,0,27,2,98,734,98734,90,2013,999999999999,9,9,9,9,9,9,9,9,9,9,9,9,0,0,0,000000000,00000000000,0,0,0,1,0,0,0,0,0,0,0,38,0,0,0,99,6,2,42,0,0,0,1,27,55008,6,1,0,0,3,0,71,162,0,0,0,0,0,0,0,0,0,5,0,0,0,0,1,2,98,4,8,5,98,97,8,14,6,4,2,4,7,1,1
27,270128,1,2,1,22,6,15,27,12,11,1,0,0,0,98,998,98998,92,2014,000000000000,0,0,0,0,0,0,0,0,0,0,0,0,0,0,0,000000000,00000000000,0,0,0,1,0,0,0,0,0,0,0,999,0,0,0,7,0,5,12,0,0,0,1,27,56673,6,1,6,0,3,0,68,210,0,0,0,1,0,2,2012,2,2012,0,23,0,0,0,1,2,55,1,1,2,1,0,0,11,15,1,1,1,72,0,0
27,270128,2,2,2,22,6,15,27,12,11,1,0,27,1,76,706,76706,80,1988,JYA1NLE09JA0,J,Y,A,1,N,L,E,0,9,J,A,0,0,0,0,000000000,00000000000,0,0,0,1,0,0,0,0,0,0,0,999,0,0,0,62,6,2,12,0,0,0,1,27,56673,6,1,6,0,3,1,70,186,0,0,0,0,0,0,0,0,0,0,99,99,99,99,1,2,55,1,1,2,1,0,0,6,61,98,2,2,73,1,0
27,270129,1,1,1,23,6,18,46,34,0,1,0,27,1,22,441,22441,20,2000,1GMDX03E6YD1,1,G,M,D,X,0,3,E,6,Y,D,1,0,0,0,000000000,00000000000,0,0,0,1,0,0,0,0,0,0,0,999,0,1,1,12,6,2,34,0,0,0,1,27,55021,6,1,0,0,3,0,72,210,0,0,0,0,0,0,0,0,0,0,99,99,99,99,1,2,55,4,1,2,1,0,0,14,13,98,9,4,1,1,0
27,270130,1,1,1,19,6,16,30,42,0,1,0,27,1,12,17,12017,4,2003,1FAFP55U23G1,1,F,A,F,P,5,5,U,2,3,G,1,0,0,0,000000000,00000000000,0,0,0,1,0,0,0,0,0,0,0,999,0,1,6,62,6,2,50,0,0,0,1,27,55906,6,1,0,0,3,0,73,195,0,0,0,1,0,12,2013,12,2013,3,0,0,0,0,1,2,55,3,1,2,2,0,0,14,13,1,1,4,1,1,1
27,270131,1,1,1,24,6,15,48,39,0,1,0,27,2,6,441,6441,20,2005,2C4GP44R55R3,2,C,4,G,P,4,4,R,5,5,R,3,0,0,0,000000000,00000000000,0,0,0,1,0,0,0,0,0,0,0,999,0,0,0,5,4,3,8,0,0,0,1,27,55331,6,1,0,0,3,1,63,110,0,0,0,0,0,0,0,0,0,0,31,0,0,0,1,2,0,1,2,8,1,0,0,9,13,1,1,4,92,0,0
27,270132,1,2,2,28,6,4,2,12,1,1,0,93,3,82,881,82881,66,2007,1FUJBBCK77LW,1,F,U,J,B,B,C,K,7,7,L,W,0,0,57,125630,57125630,3,5,96,1,0,0,0,0,0,0,0,0,0,0,0,6,6,2,12,0,0,0,1,13,31027,6,1,6,0,3,0,69,175,98,0,0,1,0,3,2014,3,2014,0,54,0,0,0,3,3,55,1,1,1,1,0,0,5,53,1,1,1,21,0,0
27,270132,2,2,1,28,6,4,2,12,1,1,0,27,3,12,23,12023,4,2014,3FA6P0H74ER2,3,F,A,6,P,0,H,7,4,E,R,2,0,0,0,000000000,00000000000,0,0,0,1,0,0,0,0,0,0,0,999,0,0,0,12,6,2,12,0,0,0,1,27,55442,6,1,0,0,3,0,75,175,0,2,1,0,0,7,2011,6,2012,0,0,0,0,0,3,3,55,1,1,1,1,0,0,1,50,1,1,1,20,1,1
27,270133,1,1,1,28,6,4,48,11,0,1,0,27,1,7,442,7442,20,2003,1D4GP24343B1,1,D,4,G,P,2,4,3,4,3,B,1,0,0,0,000000000,00000000000,0,0,0,1,0,0,0,0,0,0,0,60,0,0,0,12,6,2,11,0,0,0,1,27,56633,6,1,6,0,3,0,70,195,0,3,0,0,0,11,2011,1,2012,0,0,0,0,0,1,2,60,1,1,2,2,0,0,1,87,1,1,1,13,1,0
27,270134,1,1,2,29,6,1,33,1,0,1,0,27,0,20,481,20481,31,2001,2GCEK19TX112,2,G,C,E,K,1,9,T,X,1,1,2,0,0,0,000000000,00000000000,0,0,0,1,0,0,0,0,0,0,0,89,0,9,1,0,6,2,1,0,0,0,1,27,56466,2,1,0,0,2,0,70,150,0,5,0,0,0,8,2011,11,2013,5,0,0,0,0,1,2,55,3,2,2,1,0,0,14,13,6,4,6,98,1,1
27,270135,1,1,1,30,6,11,27,9,0,1,0,19,3,20,481,20481,40,2003,1GBJK39153E2,1,G,B,J,K,3,9,1,5,3,E,2,0,0,57,1305643,571305643,2,1,3,1,0,0,0,0,0,0,0,58,0,0,0,1,2,3,9,0,0,0,1,46,56138,6,1,6,0,3,1,68,155,0,0,0,0,0,0,0,0,0,0,35,0,0,0,1,2,55,1,4,2,2,0,0,1,83,6,1,2,13,0,0
27,270136,1,2,1,21,6,23,0,12,6,1,0,91,9,37,739,37739,90,9999,999999999999,9,9,9,9,9,9,9,9,9,9,9,9,0,0,0,000000000,00000000000,0,0,0,1,0,0,0,0,0,0,0,999,0,9,5,12,2,3,12,0,0,0,1,27,55060,6,1,0,0,3,0,74,270,0,0,0,1,1,12,2012,9,2013,0,23,0,0,0,1,2,55,1,1,4,1,0,0,1,50,99,9,1,48,1,1
27,270136,2,2,1,21,6,23,0,12,6,1,0,91,9,76,709,76709,83,9999,999999999999,9,9,9,9,9,9,9,9,9,9,9,9,0,0,0,000000000,00000000000,0,0,0,1,0,0,0,0,0,0,0,0,0,0,0,3,2,3,12,0,0,0,1,27,55060,6,1,6,0,1,0,70,210,0,0,0,0,0,0,0,0,0,0,23,54,0,0,1,2,55,1,1,4,1,0,0,5,51,1,1,3,48,0,1
27,270137,1,2,1,30,6,19,38,12,6,1,0,27,2,37,705,37705,80,1998,JH2RC4467WM0,J,H,2,R,C,4,4,6,7,W,M,0,0,0,0,000000000,00000000000,0,0,0,1,0,0,0,0,0,0,0,999,0,0,0,12,6,2,12,0,0,0,1,27,55040,6,1,0,0,3,0,69,200,0,2,0,0,1,5,2012,8,2013,0,0,0,0,0,1,4,55,1,1,2,1,0,0,1,66,98,9,1,88,1,0
27,270137,2,2,2,30,6,19,38,12,6,1,0,27,2,12,481,12481,31,2003,1FTSW31P13EC,1,F,T,S,W,3,1,P,1,3,E,C,0,0,0,000000000,00000000000,0,0,0,1,0,0,0,0,0,0,0,999,0,0,0,8,4,5,12,0,0,0,1,27,55005,6,2,0,0,3,3,70,130,0,0,0,1,0,12,2013,12,2013,0,0,0,0,0,1,2,98,1,1,2,1,20,3,4,17,4,9,1,89,0,0
27,270138,1,1,1,1,7,12,5,34,0,1,0,27,1,14,6,14006,4,2007,2MEFM75W47X6,2,M,E,F,M,7,5,W,4,7,X,6,0,0,0,000000000,00000000000,0,0,0,1,0,0,0,0,0,0,0,998,0,0,0,61,6,2,34,0,0,0,1,27,56241,6,1,0,0,3,1,67,160,0,0,0,0,0,0,0,0,0,0,0,0,0,0,1,2,55,1,1,4,99,0,0,1,9,1,3,4,2,1,0
27,270139,1,1,1,2,7,20,50,15,0,1,0,4,4,23,881,23881,61,2005,1GDG5C1E15F9,1,G,D,G,5,C,1,E,1,5,F,9,0,0,77,777777777,77777777777,2,1,1,1,0,0,0,0,0,0,0,999,0,0,0,4,2,5,15,0,0,0,1,47,37407,6,1,0,0,3,0,73,190,0,0,0,0,0,0,0,0,0,0,38,0,0,0,1,2,30,1,1,2,1,3,3,10,80,1,1,1,13,0,0
27,270140,1,1,2,3,7,16,5,42,0,1,0,27,1,20,2,20002,4,2004,1G1ND52F34M6,1,G,1,N,D,5,2,F,3,4,M,6,0,0,0,000000000,00000000000,0,0,0,1,0,0,0,0,0,0,0,999,0,0,0,12,6,2,42,0,0,0,1,27,56387,6,1,0,0,3,0,66,185,0,0,0,0,0,0,0,0,0,0,99,99,99,99,2,2,40,1,1,2,1,0,0,1,13,1,1,4,1,1,0
27,270141,1,1,1,4,7,1,21,35,0,1,0,27,1,23,421,23421,15,2005,1GKEK13T15R1,1,G,K,E,K,1,3,T,1,5,R,1,0,0,0,000000000,00000000000,0,0,0,1,0,0,0,0,0,0,0,998,0,1,5,12,6,2,42,0,0,0,1,27,55371,6,1,6,0,3,0,69,145,2,0,0,2,0,11,2012,2,2014,5,0,0,0,0,1,2,55,1,3,4,8,0,0,1,6,1,9,4,7,1,1
27,270142,1,1,2,4,7,1,37,34,0,1,0,27,2,7,25,7025,5,2007,1B3HB48B07D2,1,B,3,H,B,4,8,B,0,7,D,2,0,0,0,000000000,00000000000,0,0,0,1,0,0,0,0,0,0,0,998,0,1,5,99,6,2,1,0,0,0,1,12,33993,6,1,0,0,3,0,77,999,0,0,0,0,0,0,0,0,0,5,0,0,0,0,1,2,55,4,2,2,1,0,0,14,12,1,1,4,6,1,1
27,270143,1,3,1,4,7,14,35,12,6,1,0,92,0,12,16,12016,4,2011,2FABP7BVXBX1,2,F,A,B,P,7,B,V,X,B,X,1,0,0,0,000000000,00000000000,0,0,0,1,0,0,0,0,0,5,5,999,0,0,0,12,6,2,12,0,0,0,1,27,55066,6,1,6,0,3,0,68,205,0,0,0,0,0,0,0,0,0,0,16,0,0,0,1,2,45,1,1,2,1,0,0,1,72,8,2,1,83,0,0
27,270143,2,3,2,4,7,14,35,12,6,1,0,27,1,12,17,12017,4,2012,1FAHP2EW8CG1,1,F,A,H,P,2,E,W,8,C,G,1,0,0,0,000000000,00000000000,0,0,0,1,0,0,0,0,0,0,0,13,0,0,0,10,6,2,12,0,0,0,1,27,55009,6,1,0,0,3,3,70,200,0,0,0,0,0,0,0,0,0,0,38,0,0,0,0,0,0,0,0,0,0,0,0,11,15,1,1,1,82,2,0
27,270143,3,3,2,4,7,14,35,12,6,1,0,19,1,2,406,2406,14,2009,1J8HG58P79C5,1,J,8,H,G,5,8,P,7,9,C,5,0,0,0,000000000,00000000000,0,0,0,1,0,0,0,0,0,0,0,0,0,0,0,12,4,3,12,0,0,0,1,19,52302,6,1,0,0,3,3,70,195,0,0,0,0,0,0,0,0,0,0,0,0,0,0,0,0,0,0,0,0,0,0,0,98,68,1,1,1,98,0,0
27,270144,1,1,1,4,7,14,50,35,0,1,0,27,2,20,34,20034,4,2001,2C1MR5226167,2,C,1,M,R,5,2,2,6,1,6,7,0,0,0,000000000,00000000000,0,0,0,1,0,0,0,0,0,0,0,90,0,1,5,12,6,2,34,0,0,0,1,27,55991,6,1,6,0,3,0,69,200,0,0,0,0,0,0,0,0,0,3,0,0,0,0,1,2,55,1,2,2,1,0,0,1,6,3,2,4,2,1,1
27,270145,1,1,1,5,7,5,24,34,0,1,0,27,1,20,403,20403,14,2006,1GNET13H2622,1,G,N,E,T,1,3,H,2,6,2,2,0,0,0,000000000,00000000000,0,0,0,1,0,0,0,0,0,0,0,999,0,1,5,12,6,2,1,0,0,0,1,27,55060,6,1,0,0,3,0,74,220,0,1,1,0,0,6,2012,9,2012,5,0,0,0,0,1,2,55,2,1,2,1,0,0,14,12,7,9,4,6,1,0
27,270146,1,1,1,6,7,21,45,38,0,1,0,27,2,6,441,6441,20,2002,2C8GP64L72R7,2,C,8,G,P,6,4,L,7,2,R,7,0,0,0,000000000,00000000000,0,0,0,1,0,0,0,0,0,0,0,60,0,0,0,12,6,2,42,0,0,1,1,27,55073,6,1,0,0,3,1,72,240,0,0,0,2,1,11,2011,2,2013,3,0,0,0,0,1,2,35,2,3,2,1,0,0,14,12,1,1,4,6,1,1
27,270147,1,1,1,7,7,15,14,1,0,1,0,27,2,98,733,98733,90,1999,000000000000,0,0,0,0,0,0,0,0,0,0,0,0,0,0,0,000000000,00000000000,0,0,0,1,0,0,0,0,0,0,0,999,0,1,1,0,9,3,1,0,0,0,1,27,55371,6,1,0,0,3,0,61,100,0,0,0,0,0,0,0,0,0,4,0,0,0,0,1,2,98,8,8,5,11,97,8,99,5,1,1,1,98,1,1
27,270148,1,2,1,7,7,18,50,12,6,1,0,27,2,6,441,6441,20,2005,2C8GP64L05R2,2,C,8,G,P,6,4,L,0,5,R,2,0,0,0,000000000,00000000000,0,0,0,1,0,0,0,0,0,0,0,998,0,0,0,9,6,2,12,0,0,1,1,27,55322,6,1,0,0,3,1,72,235,0,0,0,0,0,0,0,0,0,0,0,0,0,0,1,2,98,1,8,2,2,20,3,11,66,98,1,1,82,1,0
27,270148,2,2,1,7,7,18,50,12,6,1,0,27,1,37,32,37032,4,1999,1HGCG565XXA0,1,H,G,C,G,5,6,5,X,X,A,0,0,0,0,000000000,00000000000,0,0,0,1,0,0,0,0,0,0,0,998,0,0,0,12,6,2,12,0,0,1,1,27,55387,6,1,0,0,3,3,74,165,0,0,0,0,0,0,0,0,0,5,0,0,0,0,1,2,55,1,3,2,2,0,0,1,17,98,9,1,83,0,1
27,270149,1,1,3,8,7,10,58,34,0,1,0,27,1,52,40,52040,4,2002,6MMAP67P62T0,6,M,M,A,P,6,7,P,6,2,T,0,0,0,0,000000000,00000000000,0,0,0,1,0,0,0,0,0,0,0,998,0,1,5,12,6,2,1,0,0,0,1,27,56262,6,1,0,0,3,0,64,189,0,3,0,0,0,7,2012,2,2014,0,58,0,0,0,1,2,60,1,1,2,1,0,0,1,13,6,9,4,7,1,0
27,270150,1,1,2,8,7,12,42,34,0,1,0,27,2,49,40,49040,4,1994,JT2GK12E1R00,J,T,2,G,K,1,2,E,1,R,0,0,0,0,0,000000000,00000000000,0,0,0,1,0,0,0,0,0,0,0,999,0,0,0,12,6,2,34,0,0,0,1,27,55927,6,1,0,0,3,0,67,135,0,0,0,0,0,0,0,0,0,3,91,0,0,0,1,2,55,3,1,2,1,0,0,14,12,98,9,4,7,1,1
27,270151,1,1,1,13,7,23,15,35,0,1,0,27,1,30,46,30046,4,1996,WVWEE83A8TE0,W,V,W,E,E,8,3,A,8,T,E,0,0,0,0,000000000,00000000000,0,0,0,1,0,0,0,0,0,0,0,999,0,1,6,99,6,2,1,0,0,0,1,55,54002,6,1,0,0,3,1,74,180,1,1,0,1,1,10,2012,2,2013,5,99,99,99,99,1,2,35,3,1,2,1,0,0,14,6,98,4,4,7,1,1
27,270152,1,1,2,8,7,22,15,9,0,1,0,27,1,24,10,24010,6,2008,5GZEV13778J2,5,G,Z,E,V,1,3,7,7,8,J,2,0,0,0,000000000,00000000000,0,0,0,1,0,0,0,0,0,0,0,40,0,0,0,12,2,3,9,0,0,0,1,27,56353,6,1,0,0,3,1,73,260,0,0,0,0,0,0,0,0,0,0,0,0,0,0,1,2,55,1,1,2,1,0,0,1,83,98,9,1,13,0,0
27,270153,1,3,2,9,7,18,40,12,6,1,0,27,1,32,43,32043,4,2010,WAUBFAFL4AN0,W,A,U,B,F,A,F,L,4,A,N,0,0,0,0,000000000,00000000000,0,0,0,1,0,0,0,0,0,0,0,15,0,0,0,1,6,2,12,0,0,0,1,27,55421,6,1,0,0,3,0,66,136,0,0,0,0,0,0,0,0,0,0,0,0,0,0,2,2,30,1,1,2,1,3,3,11,63,1,1,1,68,0,0
27,270153,2,3,1,9,7,18,40,12,6,1,0,27,1,76,706,76706,80,2003,JYARN10E53A0,J,Y,A,R,N,1,0,E,5,3,A,0,0,0,0,000000000,00000000000,0,0,0,1,0,0,0,0,0,0,0,65,0,0,0,12,6,2,12,0,0,0,1,27,56304,6,1,0,0,3,0,73,170,1,0,0,2,0,10,2011,2,2014,3,39,0,0,0,2,2,30,1,1,2,1,3,3,1,11,98,1,1,69,1,0
27,270153,3,3,2,9,7,18,40,12,6,1,0,27,1,49,482,49482,31,2011,5TFUW5F14BX1,5,T,F,U,W,5,F,1,4,B,X,1,0,0,0,000000000,00000000000,0,0,0,1,0,0,0,0,0,0,0,0,0,0,0,12,4,5,12,0,0,0,1,27,55421,6,1,0,0,3,1,71,225,0,0,0,0,0,0,0,0,0,0,0,0,0,0,1,2,98,8,8,2,1,3,3,5,62,1,1,1,98,0,0
27,270154,1,1,1,14,7,5,10,8,0,1,0,27,2,35,401,35401,14,2013,5N1AR2MM9DC6,5,N,1,A,R,2,M,M,9,D,C,6,0,0,0,000000000,00000000000,0,0,0,1,0,0,0,0,0,0,0,998,0,0,0,62,4,3,8,0,0,0,1,27,55116,6,1,0,0,3,3,71,190,0,1,0,0,0,12,2011,12,2011,0,0,0,0,0,2,4,45,1,1,1,1,2,3,1,80,1,1,1,13,0,0
27,270155,1,5,1,10,7,16,3,12,7,1,0,27,1,55,33,55033,4,2009,5NPEU46C89H4,5,N,P,E,U,4,6,C,8,9,H,4,0,0,0,000000000,00000000000,0,0,0,1,0,0,0,0,0,0,0,998,0,0,0,1,4,5,12,0,0,0,1,27,55431,6,1,0,0,3,0,70,195,0,0,0,0,0,0,0,0,0,0,39,0,0,0,2,5,35,1,1,2,1,3,3,1,50,6,1,2,48,1,0
27,270155,2,5,1,10,7,16,3,12,7,1,0,27,1,23,401,23401,14,2003,1GKET16S8361,1,G,K,E,T,1,6,S,8,3,6,1,0,0,0,000000000,00000000000,0,0,0,1,0,0,0,0,0,0,0,0,0,0,0,7,4,3,12,0,0,0,1,27,55420,6,1,0,0,3,0,64,145,0,0,0,0,1,6,2012,6,2012,0,0,0,0,0,2,5,35,1,1,2,1,3,3,5,53,1,1,1,48,0,0
27,270155,3,5,1,10,7,16,3,12,7,1,0,27,2,49,40,49040,4,2006,4T1BE32K26U6,4,T,1,B,E,3,2,K,2,6,U,6,0,0,0,000000000,00000000000,0,0,0,1,0,0,0,0,0,0,0,0,0,0,0,6,6,2,12,0,0,0,1,27,55076,6,1,0,0,3,0,66,165,1,0,0,0,0,1,2014,1,2014,0,0,0,0,0,2,5,35,1,1,2,1,3,3,5,53,1,1,1,98,0,0
27,270155,4,5,1,10,7,16,3,12,7,1,0,27,1,6,441,6441,20,2010,2A4RR2D19AR3,2,A,4,R,R,2,D,1,9,A,R,3,0,0,0,000000000,00000000000,0,0,0,1,0,0,0,0,0,0,0,0,0,0,0,6,6,2,12,0,0,0,1,27,55345,6,1,0,0,3,3,68,135,0,0,0,0,0,0,0,0,0,0,0,0,0,0,2,5,35,1,1,2,1,3,3,5,53,1,1,1,98,0,0
27,270155,5,5,1,10,7,16,3,12,7,1,0,27,1,6,43,6043,4,2004,1C3EL56R74N2,1,C,3,E,L,5,6,R,7,4,N,2,0,0,0,000000000,00000000000,0,0,0,1,0,0,0,0,0,0,0,0,0,0,0,6,4,5,12,0,0,0,1,27,55420,6,1,0,0,3,3,62,160,0,0,0,0,0,0,0,0,0,0,0,0,0,0,2,5,35,1,1,2,1,3,3,5,53,1,1,1,98,0,0
27,270156,1,2,2,14,7,6,27,12,6,1,0,27,1,49,40,49040,4,2000,4T1BF22K4YU1,4,T,1,B,F,2,2,K,4,Y,U,1,0,0,0,000000000,00000000000,0,0,0,1,0,0,0,0,0,0,0,8,0,0,0,3,4,3,12,0,0,0,1,27,55362,6,1,0,0,3,0,67,170,0,0,0,0,0,0,0,0,0,0,39,0,0,0,2,1,98,1,2,2,1,20,3,11,15,1,1,1,76,1,0
27,270156,2,2,1,14,7,6,27,12,6,1,0,27,1,12,481,12481,31,2001,1FTSF31S61EC,1,F,T,S,F,3,1,S,6,1,E,C,0,0,0,000000000,00000000000,0,0,0,1,0,0,0,0,0,0,0,50,0,0,0,12,2,5,12,0,0,0,1,27,55313,6,1,0,0,3,1,70,250,0,0,0,1,0,8,2013,8,2013,0,0,0,0,0,2,4,50,1,2,2,1,0,0,1,65,4,1,1,77,0,0
27,270157,1,2,1,20,7,12,14,12,6,1,0,27,3,2,407,2407,14,2014,1C4NJRCB0ED6,1,C,4,N,J,R,C,B,0,E,D,6,0,0,0,000000000,00000000000,0,0,0,1,0,0,0,0,0,0,0,55,0,0,0,12,6,2,12,0,0,0,1,27,55020,6,1,0,0,3,0,67,150,0,0,0,0,0,0,0,0,0,0,39,0,0,0,1,2,55,1,1,2,1,20,3,1,17,1,1,1,88,0,0
27,270157,2,2,2,20,7,12,14,12,6,1,0,27,1,18,23,18023,4,2008,1G4HD57218U1,1,G,4,H,D,5,7,2,1,8,U,1,0,0,0,000000000,00000000000,0,0,0,1,0,0,0,0,0,0,0,50,0,0,0,10,6,2,12,0,0,0,1,27,56071,6,1,0,0,3,1,70,200,0,0,0,0,0,0,0,0,0,0,0,0,0,0,1,2,55,1,1,2,1,0,0,1,66,1,1,1,89,1,0
27,270158,1,3,1,15,7,20,10,12,1,1,0,27,2,22,18,22018,4,1999,1G2NE52E7XM7,1,G,2,N,E,5,2,E,7,X,M,7,0,0,0,000000000,00000000000,0,0,0,1,0,0,0,0,0,0,0,999,0,0,0,6,6,2,12,0,0,0,1,27,56271,6,1,0,0,3,0,64,125,0,0,0,0,0,0,0,0,0,0,0,0,0,0,1,2,55,1,1,2,1,0,0,2,53,1,1,1,30,1,0
27,270158,2,3,2,15,7,20,10,12,1,1,0,27,1,32,41,32041,1,1997,WAUAA88G6VN0,W,A,U,A,A,8,8,G,6,V,N,0,0,0,0,000000000,00000000000,0,0,0,1,0,0,0,0,0,0,0,55,0,0,0,12,6,2,12,0,0,0,1,27,56085,6,1,0,0,3,0,73,215,0,0,0,1,0,9,2013,9,2013,0,0,0,0,0,1,2,55,1,1,2,1,0,0,1,51,1,1,1,28,0,0
27,270158,3,3,1,15,7,20,10,12,1,1,0,27,3,82,881,82881,62,2010,1FVACWDT7ADA,1,F,V,A,C,W,D,T,7,A,D,A,0,0,57,533380,57533380,2,1,1,1,0,0,0,0,0,0,0,58,0,0,0,12,6,2,12,0,0,0,1,27,56085,6,1,6,0,3,0,74,180,0,0,0,0,0,0,0,0,0,0,0,0,0,0,1,2,55,1,1,2,1,0,0,1,62,4,1,1,98,0,0
27,270159,1,1,1,21,7,17,33,42,0,1,0,27,1,19,3,19003,4,2005,1G6KD54Y65U2,1,G,6,K,D,5,4,Y,6,5,U,2,0,0,0,000000000,00000000000,0,0,0,1,0,0,0,0,0,0,0,30,0,0,0,12,4,3,42,0,0,0,1,27,56441,6,1,0,0,3,0,70,210,0,0,0,0,0,0,0,0,0,0,99,99,99,99,1,2,30,1,1,2,1,0,0,1,12,1,1,4,6,1,0
27,270160,1,2,1,22,7,14,19,12,1,1,0,27,2,18,2,18002,4,1997,1G4HP52K3VH5,1,G,4,H,P,5,2,K,3,V,H,5,0,0,0,000000000,00000000000,0,0,0,1,0,0,0,0,0,0,0,0,0,0,0,6,6,2,12,0,0,0,1,27,55430,6,2,0,0,3,0,71,130,0,0,0,0,0,0,0,0,0,0,0,0,0,0,2,4,55,1,1,2,1,3,3,5,53,1,1,1,22,1,0
27,270160,2,2,1,22,7,14,19,12,1,1,0,27,2,22,18,22018,4,2001,1G2NF52T61M5,1,G,2,N,F,5,2,T,6,1,M,5,0,0,0,000000000,00000000000,0,0,0,1,0,0,0,0,0,0,0,998,0,0,0,12,6,2,12,0,0,0,1,27,55433,2,1,0,0,2,0,79,175,0,7,0,0,1,10,2012,7,2013,5,0,0,0,0,2,4,55,1,1,2,1,3,3,1,50,1,1,1,20,0,1
27,270161,1,1,1,22,7,20,29,21,0,1,0,27,1,20,22,20022,2,2009,1G1AL18H0971,1,G,1,A,L,1,8,H,0,9,7,1,0,0,0,000000000,00000000000,0,0,0,1,0,0,0,0,0,0,0,998,0,0,0,12,6,2,21,0,0,0,1,27,55421,6,1,0,0,3,0,66,160,1,0,0,0,0,10,2013,10,2013,0,99,99,99,99,2,2,50,1,1,2,1,0,0,1,12,99,1,4,6,1,0
27,270162,1,2,1,23,7,16,56,12,1,1,0,27,1,20,481,20481,31,1997,1GCEK19R7VE1,1,G,C,E,K,1,9,R,7,V,E,1,0,0,0,000000000,00000000000,0,0,0,1,0,0,0,0,0,0,0,999,0,0,0,12,6,2,12,0,0,0,1,27,55336,6,1,0,0,3,0,71,245,0,0,0,4,0,9,2011,4,2014,0,0,0,0,0,1,2,60,1,2,1,1,0,0,1,51,1,1,1,24,1,1
27,270162,2,2,1,23,7,16,56,12,1,1,0,55,3,84,881,84881,66,2012,1HSDJSJR0CH6,1,H,S,D,J,S,J,R,0,C,H,6,1,1,57,146000,57146000,3,6,1,1,0,0,0,0,0,0,0,999,0,0,0,6,0,3,12,0,0,0,1,27,56055,6,1,6,0,3,0,70,265,0,0,0,0,0,0,0,0,0,0,0,0,0,0,1,2,60,1,2,1,1,0,0,2,53,1,1,1,25,0,0
27,270163,1,2,2,24,7,8,4,12,2,1,0,27,1,49,40,49040,4,2003,4T1BF30K33U5,4,T,1,B,F,3,0,K,3,3,U,5,0,0,0,000000000,00000000000,0,0,0,1,0,0,0,0,0,0,0,998,0,0,0,12,4,3,12,0,0,0,1,27,55108,6,1,0,0,3,0,72,230,0,0,0,0,0,0,0,0,0,9,99,99,99,99,1,2,30,3,3,2,1,0,0,14,62,98,1,1,51,0,0