STATE,ST_CASE,VEH_NO,VE_FORMS,NUMOCCS,DAY,MONTH,HOUR,MINUTE,HARM_EV,MAN_COLL,UNITTYPE,HIT_RUN,REG_STAT,OWNER,MAKE,MODEL,MAK_MOD,BODY_TYP,MOD_YEAR,VIN,VIN_1,VIN_2,VIN_3,VIN_4,VIN_5,VIN_6,VIN_7,VIN_8,VIN_9,VIN_10,VIN_11,VIN_12,TOW_VEH,J_KNIFE,MCARR_I1,MCARR_I2,MCARR_ID,GVWR,V_CONFIG,CARGO_BT,HAZ_INV,HAZ_PLAC,HAZ_ID,HAZ_CNO,HAZ_REL,BUS_USE,SPEC_USE,EMER_USE,TRAV_SP,UNDERIDE,ROLLOVER,ROLINLOC,IMPACT1,DEFORMED,TOWED,M_HARM,VEH_SC1,VEH_SC2,FIRE_EXP,DR_PRES,L_STATE,DR_ZIP,L_STATUS,L_TYPE,CDL_STAT,L_ENDORS,L_COMPL,L_RESTRI,DR_HGT,DR_WGT,PREV_ACC,PREV_SUS,PREV_DWI,PREV_SPD,PREV_OTH,FIRST_MO,FIRST_YR,LAST_MO,LAST_YR,SPEEDREL,DR_SF1,DR_SF2,DR_SF3,DR_SF4,VTRAFWAY,VNUM_LAN,VSPD_LIM,VALIGN,VPROFILE,VPAVETYP,VSURCOND,VTRAFCON,VTCONT_F,P_CRASH1,P_CRASH2,P_CRASH3,PCRASH4,PCRASH5,ACC_TYPE,DEATHS,DR_DRINK
27,270163,2,2,1,24,7,8,4,12,2,1,0,27,1,98,703,98703,80,2009,RFVPAC20X910,R,F,V,P,A,C,2,0,X,9,1,0,0,0,0,000000000,00000000000,0,0,0,1,0,0,0,0,0,0,0,998,0,0,0,12,6,2,12,0,0,0,1,27,55117,6,1,0,0,3,0,64,210,0,0,0,0,0,0,0,0,0,9,99,99,99,99,1,2,30,2,3,2,1,0,0,14,10,98,9,2,50,1,0
27,270164,1,1,1,26,7,13,12,35,0,1,0,27,1,7,402,7402,14,1999,1B4HS28ZXXF6,1,B,4,H,S,2,8,Z,X,X,F,6,0,0,0,000000000,00000000000,0,0,0,1,0,0,0,0,0,0,0,85,0,1,5,12,6,2,35,0,0,1,1,27,56431,6,1,0,0,3,3,68,250,0,0,0,0,1,8,2013,8,2013,3,0,0,0,0,1,2,55,1,1,2,1,0,0,1,12,1,1,4,6,1,0
27,270165,1,1,1,17,7,8,11,34,0,1,0,27,1,6,441,6441,20,1999,1C4GP64L0XB7,1,C,4,G,P,6,4,L,0,X,B,7,0,0,0,000000000,00000000000,0,0,0,1,0,0,0,0,0,0,0,998,0,1,5,81,6,2,1,0,0,1,1,27,56587,6,1,0,0,3,0,69,125,0,0,0,0,0,0,0,0,0,3,58,0,0,0,1,2,55,3,1,2,11,0,0,14,6,98,3,4,7,1,0
27,270166,1,2,4,29,7,16,8,12,11,1,0,17,1,49,482,49482,31,2012,5TFUW5F1XCX2,5,T,F,U,W,5,F,1,X,C,X,2,0,0,0,000000000,00000000000,0,0,0,1,0,0,0,0,0,0,0,999,0,0,0,14,2,3,12,0,0,0,1,17,61230,6,1,0,0,3,1,80,240,0,0,0,0,0,0,0,0,0,0,38,0,0,0,1,2,55,1,1,2,1,0,0,11,15,4,9,1,68,0,0
27,270166,2,2,1,29,7,16,8,12,11,1,0,27,1,76,706,76706,80,2007,JYAVP11E07A0,J,Y,A,V,P,1,1,E,0,7,A,0,0,0,0,000000000,00000000000,0,0,0,1,0,0,0,0,0,0,0,999,0,0,0,99,6,2,12,0,0,0,1,27,55949,6,1,0,0,3,0,68,165,1,0,0,0,0,1,2012,1,2012,0,0,0,0,0,1,2,55,1,1,2,1,0,0,1,62,98,2,1,69,1,0
27,270167,1,1,2,29,7,21,25,1,0,1,0,27,1,49,472,49472,30,1997,4TAWN74N9VZ2,4,T,A,W,N,7,4,N,9,V,Z,2,0,0,0,000000000,00000000000,0,0,0,1,0,0,0,0,0,0,0,998,0,9,3,0,6,2,1,0,0,0,1,27,55079,6,1,0,0,3,0,66,150,0,0,0,0,0,0,0,0,0,9,99,99,99,99,2,2,70,1,1,1,1,0,0,1,9,99,9,4,7,1,0
27,270168,1,2,1,18,7,10,46,12,8,1,0,27,1,18,2,18002,4,1999,1G4HP52K2XH4,1,G,4,H,P,5,2,K,2,X,H,4,0,0,0,000000000,00000000000,0,0,0,1,0,0,0,0,0,0,0,55,0,0,0,62,6,2,12,0,0,0,1,27,56093,6,1,0,0,3,1,64,165,0,0,0,0,0,0,0,0,0,0,28,0,0,0,1,2,55,2,2,2,1,0,0,14,10,1,1,2,64,1,0
27,270168,2,2,1,18,7,10,46,12,8,1,0,27,3,51,881,51881,66,2014,4V4NC9TG3EN1,4,V,4,N,C,9,T,G,3,E,N,1,1,1,57,785102,57785102,3,6,8,1,0,0,0,0,0,0,0,55,0,0,0,9,4,3,12,0,0,0,1,27,56093,6,1,6,1,3,1,69,215,0,0,0,0,0,0,0,0,0,0,0,0,0,0,1,2,55,3,2,2,1,0,0,14,62,9,1,1,65,0,0
27,270169,1,2,2,31,7,6,43,12,6,1,0,27,1,20,16,20016,4,2001,1G1JC5249173,1,G,1,J,C,5,2,4,9,1,7,3,0,0,0,000000000,00000000000,0,0,0,1,0,0,0,0,0,0,0,59,0,0,0,81,6,2,12,0,0,0,1,27,56435,6,1,6,0,3,0,64,160,0,0,0,0,0,0,0,0,0,0,39,0,0,0,1,2,55,1,1,2,1,20,3,1,17,1,1,1,87,1,0
27,270169,2,2,1,31,7,6,43,12,6,1,0,27,1,49,472,49472,30,1996,4TAPM62N3TZ1,4,T,A,P,M,6,2,N,3,T,Z,1,0,0,0,000000000,00000000000,0,0,0,1,0,0,0,0,0,0,0,55,0,0,0,12,6,2,12,0,0,0,1,27,56474,6,1,0,0,3,0,69,180,0,0,0,0,0,0,0,0,0,0,0,0,0,0,1,2,55,1,1,2,1,0,0,1,66,1,1,1,86,0,0
27,270170,1,2,1,1,8,16,2,12,6,1,0,27,2,21,17,21017,4,1996,1G3AJ55M7T64,1,G,3,A,J,5,5,M,7,T,6,4,0,0,0,000000000,00000000000,0,0,0,1,0,0,0,0,0,0,0,10,0,0,0,10,6,2,12,0,0,0,1,27,55418,6,1,0,0,3,1,67,130,0,0,0,0,0,0,0,0,0,0,38,0,0,0,1,3,55,1,1,2,1,20,3,11,15,7,1,1,82,1,0
27,270170,2,2,2,1,8,16,2,12,6,1,0,27,1,12,481,12481,31,2000,1FTNX21S6YEE,1,F,T,N,X,2,1,S,6,Y,E,E,1,1,0,000000000,00000000000,0,0,0,1,0,0,0,0,0,0,0,55,0,0,0,12,4,3,12,0,0,0,1,27,56011,6,1,0,0,3,0,68,240,0,0,0,0,0,0,0,0,0,9,99,99,99,99,1,2,55,1,1,2,1,0,0,1,67,98,1,1,83,0,0
27,270171,1,1,1,18,7,20,48,57,0,1,0,27,1,76,706,76706,80,2008,JYAVP04E18A0,J,Y,A,V,P,0,4,E,1,8,A,0,0,0,0,000000000,00000000000,0,0,0,1,0,0,0,0,0,0,0,999,0,0,0,11,2,3,57,0,0,0,1,27,55046,6,1,0,0,3,0,68,180,0,0,0,0,0,0,0,0,0,5,0,0,0,0,1,2,50,3,2,2,1,0,0,14,6,98,2,4,7,1,0
27,270172,1,1,1,2,8,15,35,34,0,1,0,27,1,52,401,52401,14,2000,JA4MT41R3YP0,J,A,4,M,T,4,1,R,3,Y,P,0,0,0,0,000000000,00000000000,0,0,0,1,0,0,0,0,0,0,0,80,0,1,5,12,6,2,1,0,0,0,1,27,56201,6,1,0,0,3,0,65,160,0,0,0,0,0,0,0,0,0,3,0,0,0,0,1,2,55,1,2,2,1,0,0,6,13,1,1,4,1,1,1
27,270173,1,1,1,2,8,23,52,9,0,1,1,99,9,99,999,99999,99,9999,999999999999,9,9,9,9,9,9,9,9,9,9,9,9,9,0,99,999999999,99999999999,9,99,99,1,0,0,0,0,99,99,9,999,0,0,0,99,9,5,9,99,99,0,1,99,99999,9,9,99,9,9,9,999,999,99,99,99,99,99,99,9999,99,9999,9,99,99,99,99,1,2,30,1,1,2,1,0,0,99,83,99,9,1,13,0,0
27,270174,1,1,1,3,8,99,99,1,0,1,0,27,1,72,706,72706,80,2008,1HD1FC4148Y6,1,H,D,1,F,C,4,1,4,8,Y,6,0,0,0,000000000,00000000000,0,0,0,1,0,0,0,0,0,0,0,55,0,0,0,0,6,2,1,0,0,0,1,27,56026,6,1,0,0,3,3,72,300,0,0,0,0,0,0,0,0,0,9,99,99,99,99,1,2,55,2,1,2,1,28,3,14,12,3,2,4,6,1,1
27,270175,1,1,1,4,8,2,28,33,0,1,0,27,1,53,706,53706,80,2002,JS1VY51A4221,J,S,1,V,Y,5,1,A,4,2,2,1,0,0,0,000000000,00000000000,0,0,0,1,0,0,0,0,0,0,0,998,0,0,0,12,6,2,46,0,0,0,1,27,55432,6,1,0,0,3,3,70,225,0,0,0,0,0,0,0,0,0,3,0,0,0,0,2,2,40,3,1,2,1,3,3,14,13,1,1,4,1,1,1
27,270176,1,1,1,4,8,6,42,14,0,1,0,27,2,20,403,20403,14,2004,1GNET16S7462,1,G,N,E,T,1,6,S,7,4,6,2,0,0,0,000000000,00000000000,0,0,0,1,0,0,0,0,0,0,0,53,0,0,0,12,6,2,8,0,0,0,1,27,56262,6,1,0,0,3,0,73,180,0,1,1,0,0,4,2012,5,2012,0,91,0,0,0,1,2,55,1,1,2,2,0,0,1,13,1,1,4,11,0,0
27,270177,1,2,1,4,8,14,4,12,1,1,0,27,2,20,471,20471,30,2003,1GCDT13XX3K1,1,G,C,D,T,1,3,X,X,3,K,1,0,0,0,000000000,00000000000,0,0,0,1,0,0,0,0,0,0,0,55,0,0,0,12,6,2,12,0,0,0,1,27,56168,6,1,0,0,3,3,69,200,0,0,0,0,0,0,0,0,0,0,26,0,0,0,1,2,55,1,1,2,1,0,0,1,52,1,1,1,28,1,0
27,270177,2,2,1,4,8,14,4,12,1,1,0,27,3,85,881,85881,66,2006,1XKADU8X16R1,1,X,K,A,D,U,8,X,1,6,R,1,1,1,57,2313870,572313870,3,6,4,1,0,0,0,0,0,0,0,28,0,0,0,6,0,5,12,0,0,0,1,27,56156,6,1,6,0,3,3,74,256,0,0,0,0,0,0,0,0,0,0,0,0,0,0,1,2,55,1,1,2,1,0,0,2,53,4,1,1,29,0,0
27,270178,1,1,1,4,8,21,12,8,0,1,1,27,3,12,881,12881,61,2008,1FDXF46R38EC,1,F,D,X,F,4,6,R,3,8,E,C,0,0,57,1164575,571164575,2,1,4,1,0,0,0,0,0,0,0,998,0,0,0,12,4,5,8,0,0,0,1,27,55014,4,1,0,0,2,0,66,115,1,3,0,0,1,10,2011,3,2013,0,91,0,0,0,2,3,45,1,1,2,1,3,3,1,80,6,1,1,13,0,1
27,270179,1,1,4,6,8,21,42,1,0,1,0,27,2,2,404,2404,14,1999,1J4GW68N2XC5,1,J,4,G,W,6,8,N,2,X,C,5,0,0,0,000000000,00000000000,0,0,0,1,0,0,0,0,0,0,0,73,0,9,3,0,6,2,1,0,0,0,1,27,55337,6,2,0,0,3,0,71,215,0,0,0,0,0,0,0,0,0,9,99,99,99,99,2,2,65,1,1,2,1,0,0,1,12,1,1,4,6,1,0
27,270180,1,2,2,8,8,10,24,12,1,1,0,27,1,7,43,7043,4,2005,1B3EL46R95N6,1,B,3,E,L,4,6,R,9,5,N,6,0,0,0,000000000,00000000000,0,0,0,1,0,0,0,0,0,0,0,998,0,0,0,6,6,2,12,0,0,0,1,27,56364,6,1,0,0,3,3,62,202,0,0,0,0,0,0,0,0,0,0,38,48,0,0,1,2,55,1,4,2,1,0,0,11,15,1,1,1,72,1,0
27,270180,2,2,1,8,8,10,24,12,1,1,0,27,3,86,881,86881,63,2003,1M2AG11C43M0,1,M,2,A,G,1,1,C,4,3,M,0,0,0,57,816836,57816836,3,2,2,1,0,0,0,0,0,0,0,998,0,0,0,12,2,3,12,0,0,0,1,27,56336,6,1,6,1,3,3,74,340,0,0,0,0,0,0,0,0,0,0,35,38,0,0,1,2,55,1,4,2,1,0,0,6,61,9,1,2,73,0,0
27,270181,1,2,1,10,8,16,22,12,6,1,0,27,1,76,706,76706,80,2000,JYAVP07E4YA0,J,Y,A,V,P,0,7,E,4,Y,A,0,0,0,0,000000000,00000000000,0,0,0,1,0,0,0,0,0,0,0,998,0,0,0,12,6,2,12,0,0,0,1,27,55079,6,1,6,0,2,0,71,180,0,0,0,1,1,11,2013,1,2014,9,99,99,99,99,1,2,50,1,1,2,1,0,0,1,62,99,9,1,69,1,1
27,270181,2,2,1,10,8,16,22,12,6,1,0,27,1,12,481,12481,31,2004,1FTSW31SX4ED,1,F,T,S,W,3,1,S,X,4,E,D,0,0,0,000000000,00000000000,0,0,0,1,0,0,0,0,0,0,0,998,0,0,0,1,6,2,12,0,0,0,1,27,55079,6,1,0,0,3,0,70,190,0,0,0,0,0,0,0,0,0,9,99,99,99,99,1,2,50,1,1,2,1,0,0,11,63,99,9,1,68,0,0
27,270182,1,2,1,12,8,10,28,12,6,1,0,0,0,99,998,99998,92,9999,000000000000,0,0,0,0,0,0,0,0,0,0,0,0,1,1,0,000000000,00000000000,0,0,0,1,0,0,0,0,0,0,0,5,0,0,0,8,4,5,12,0,0,0,1,27,55940,6,1,0,0,3,0,68,200,0,0,0,0,0,0,0,0,0,0,39,0,0,0,1,2,98,1,8,2,1,20,3,1,17,1,1,1,89,0,0
27,270182,2,2,1,12,8,10,28,12,6,1,0,27,1,53,709,53709,80,1977,GS75017133,G,S,7,5,0,1,7,1,3,3,,,0,0,0,000000000,00000000000,0,0,0,1,0,0,0,0,0,0,0,65,0,0,0,12,6,2,12,0,0,0,1,27,55940,6,1,0,0,3,0,69,210,0,0,0,0,0,0,0,0,0,3,0,0,0,0,1,2,50,1,3,2,1,0,0,1,66,1,1,1,88,1,0
27,270183,1,2,1,12,8,12,0,12,6,1,0,27,1,87,881,87881,66,1987,1XP9DB9X5HD2,1,X,P,9,D,B,9,X,5,H,D,2,1,1,57,125623,57125623,3,6,1,1,0,0,0,0,0,0,0,40,0,0,0,8,0,3,12,0,0,0,1,27,55379,6,1,6,0,3,1,71,193,0,0,0,0,0,0,0,0,0,0,0,0,0,0,1,2,55,1,1,2,1,0,0,1,66,1,1,1,89,0,0
27,270183,2,2,1,12,8,12,0,12,6,1,0,27,1,12,481,12481,31,2004,1FTPW14504KC,1,F,T,P,W,1,4,5,0,4,K,C,0,0,0,000000000,00000000000,0,0,0,1,0,0,0,0,0,0,0,998,0,0,0,12,6,2,12,0,0,0,1,27,56082,6,1,0,0,3,1,72,165,0,0,0,0,0,0,0,0,0,0,39,0,0,0,1,2,55,1,1,2,1,20,3,1,17,1,1,1,88,1,0
27,270184,1,2,1,13,8,10,48,12,1,1,0,27,1,6,41,6041,4,2000,2C3HD36J3YH1,2,C,3,H,D,3,6,J,3,Y,H,1,0,0,0,000000000,00000000000,0,0,0,1,0,0,0,0,0,0,0,40,0,0,0,12,6,2,12,0,0,0,1,27,56201,6,1,0,0,3,3,70,182,0,0,0,0,0,0,0,0,0,0,0,0,0,0,2,3,40,1,1,2,1,0,0,1,50,1,1,1,20,1,0
27,270184,2,2,2,13,8,10,48,12,1,1,0,27,2,7,482,7482,31,2011,1D7RV1CT1BS6,1,D,7,R,V,1,C,T,1,B,S,6,0,0,0,000000000,00000000000,0,0,0,1,0,0,0,0,0,0,0,0,0,0,0,6,6,2,12,0,0,0,1,27,56273,6,1,0,0,3,0,65,120,0,0,0,0,0,0,0,0,0,0,0,0,0,0,2,3,40,1,1,2,1,0,0,5,53,1,1,1,22,0,0
27,270185,1,1,1,13,8,17,38,24,0,1,0,27,1,32,44,32044,4,2009,WAUMV94E99N0,W,A,U,M,V,9,4,E,9,9,N,0,0,0,0,000000000,00000000000,0,0,0,1,0,0,0,0,0,0,0,55,0,0,0,81,6,2,21,0,0,0,1,27,55044,6,1,0,0,3,0,72,185,0,0,0,1,0,8,2012,8,2012,0,0,0,0,0,2,3,55,1,1,2,1,0,0,1,13,1,1,4,1,1,1
27,270186,1,2,1,14,8,9,43,12,2,1,0,27,2,20,2,20002,4,2001,2G1WH55K0192,2,G,1,W,H,5,5,K,0,1,9,2,0,0,0,000000000,00000000000,0,0,0,1,0,0,0,0,0,0,0,58,0,0,0,12,6,2,12,0,0,0,1,27,55363,6,2,0,0,3,0,63,125,0,0,0,0,0,0,0,0,0,0,28,0,0,0,1,2,55,1,1,2,1,0,0,1,10,9,1,2,50,0,0
27,270186,2,2,1,14,8,9,43,12,2,1,0,27,2,53,706,53706,80,2003,JS1VS53A1321,J,S,1,V,S,5,3,A,1,3,2,1,0,0,0,000000000,00000000000,0,0,0,1,0,0,0,0,0,0,0,999,0,0,0,12,6,2,12,0,0,0,1,27,56201,6,1,0,0,3,3,76,175,0,0,0,0,0,0,0,0,0,0,0,0,0,0,1,2,55,1,1,2,1,0,0,1,62,98,9,1,51,1,0
27,270187,1,1,2,14,8,16,4,35,0,1,0,27,2,18,2,18002,4,1999,1G4HP52K7XH4,1,G,4,H,P,5,2,K,7,X,H,4,0,0,0,000000000,00000000000,0,0,0,1,0,0,0,0,0,0,0,45,0,0,0,12,4,3,35,0,0,0,1,27,56378,6,1,0,0,3,0,68,198,0,0,0,0,0,0,0,0,0,0,0,0,0,0,1,2,55,1,1,2,1,0,0,1,52,7,1,4,1,1,0
27,270188,1,1,3,14,8,16,16,14,0,1,0,27,2,22,16,22016,4,2001,1G2JB52T4172,1,G,2,J,B,5,2,T,4,1,7,2,0,0,0,000000000,00000000000,0,0,0,1,0,0,0,0,0,0,0,30,0,0,0,12,4,3,14,0,0,0,1,27,55075,6,1,0,0,3,3,62,105,0,0,0,0,0,0,0,0,0,0,0,0,0,0,1,2,30,1,1,8,1,0,0,1,98,1,1,4,11,1,0
27,270189,1,1,1,15,8,5,28,35,0,1,0,27,1,6,421,6421,15,2008,1A8HW58N88F1,1,A,8,H,W,5,8,N,8,8,F,1,0,0,0,000000000,00000000000,0,0,0,1,0,0,0,0,0,0,0,999,0,0,0,12,6,2,42,0,0,0,1,27,56634,6,1,0,0,3,1,73,290,0,0,0,0,0,0,0,0,0,3,99,99,99,99,1,2,55,2,1,2,1,0,0,14,12,98,2,4,6,1,1
27,270190,1,2,1,15,8,11,46,12,6,1,0,27,1,22,18,22018,4,2000,1G2NE52TXYM8,1,G,2,N,E,5,2,T,X,Y,M,8,0,0,0,000000000,00000000000,0,0,0,1,0,0,0,0,0,0,0,50,0,0,0,12,6,2,12,0,0,0,1,27,56353,6,1,0,0,3,0,68,180,0,0,0,0,0,0,0,0,0,5,28,0,0,0,1,2,55,1,1,2,1,0,0,1,10,1,1,2,64,1,0
27,270190,2,2,1,15,8,11,46,12,6,1,0,27,0,84,881,84881,62,2006,1HTMLAFLX6H3,1,H,T,M,L,A,F,L,X,6,H,3,0,0,57,116433,57116433,2,2,1,1,0,0,0,0,0,0,0,5,0,0,0,10,6,2,12,0,0,0,1,27,56310,6,1,0,0,3,0,67,210,0,0,0,0,0,0,0,0,0,0,0,0,0,0,1,2,55,1,1,2,1,0,0,4,62,9,1,2,65,0,0
27,270191,1,1,2,19,7,13,36,11,0,1,0,27,1,76,706,76706,80,2003,JYAVPO2E43A0,J,Y,A,V,P,O,2,E,4,3,A,0,0,0,0,000000000,00000000000,0,0,0,1,0,0,0,0,0,0,0,998,0,0,0,12,6,2,11,0,0,0,1,27,55303,6,1,0,0,3,1,70,180,0,0,0,0,0,0,0,0,0,0,0,0,0,0,1,2,55,1,1,2,1,0,0,1,87,98,9,1,13,1,1
27,270192,1,2,1,19,7,15,38,12,6,1,0,27,1,71,706,71706,80,2014,ZDM1RBSW5EB0,Z,D,M,1,R,B,S,W,5,E,B,0,0,0,0,000000000,00000000000,0,0,0,1,0,0,0,0,0,0,0,999,0,0,0,12,6,2,12,0,0,0,1,27,55313,6,1,0,0,3,1,71,220,0,0,0,2,0,10,2011,7,2012,9,99,99,99,99,1,2,55,1,2,2,1,0,0,1,64,6,1,2,74,1,0
27,270192,2,2,1,19,7,15,38,12,6,1,0,0,0,98,998,98998,95,1986,000000000000,0,0,0,0,0,0,0,0,0,0,0,0,0,0,0,000000000,00000000000,0,0,0,1,0,0,0,0,0,0,0,10,0,0,0,7,4,3,12,0,0,0,1,27,55318,6,1,0,0,1,0,71,211,0,0,0,0,0,0,0,0,0,0,99,99,99,99,1,2,55,1,2,2,1,0,0,11,15,98,1,2,74,0,0
27,270193,1,1,1,16,8,19,55,1,0,1,0,46,9,23,401,23401,14,2005,1GKES16S2561,1,G,K,E,S,1,6,S,2,5,6,1,0,0,0,000000000,00000000000,0,0,0,1,0,0,0,0,0,0,0,999,0,1,1,0,6,2,1,0,0,0,1,27,56231,0,0,0,0,0,0,999,999,0,0,0,0,0,0,0,0,0,0,58,0,0,0,1,2,55,2,1,4,1,0,0,14,12,7,9,6,98,1,1
27,270195,1,2,2,19,8,15,9,12,2,1,0,27,2,12,17,12017,4,1997,1FALP53S3VG1,1,F,A,L,P,5,3,S,3,V,G,1,0,0,0,000000000,00000000000,0,0,0,1,0,0,0,0,0,0,0,999,0,0,0,12,6,2,12,0,0,1,1,27,56649,2,1,0,0,2,0,65,140,1,4,0,0,0,5,2012,6,2014,0,35,0,0,0,1,2,55,1,1,2,1,0,0,6,10,1,1,2,50,2,1
27,270195,2,2,1,19,8,15,9,12,2,1,0,95,1,87,881,87881,66,1989,1XP5D29X2KD2,1,X,P,5,D,2,9,X,2,K,D,2,1,1,57,2366666,572366666,3,6,3,1,0,0,0,0,0,0,0,999,0,0,0,12,6,2,12,0,0,1,1,95,0,6,1,6,0,3,0,999,999,99,99,99,99,99,99,9999,99,9999,0,0,0,0,0,1,2,55,1,1,2,1,0,0,1,62,4,9,1,51,0,0
27,270196,1,1,2,20,8,20,4,34,0,1,0,27,2,12,37,12037,4,2007,1FAHP34N47W3,1,F,A,H,P,3,4,N,4,7,W,3,0,0,0,000000000,00000000000,0,0,0,1,0,0,0,0,0,0,0,61,0,1,5,12,6,2,1,0,0,0,1,27,56649,6,1,6,0,3,0,71,195,0,0,0,1,0,1,2013,1,2013,3,58,0,0,0,1,2,50,3,1,2,1,0,0,14,13,8,9,4,7,1,1
27,270197,1,2,3,19,7,15,57,12,6,1,0,55,3,12,881,12881,61,2014,1FDUF4HY7EEA,1,F,D,U,F,4,H,Y,7,E,E,A,0,0,57,99905,5799905,2,1,1,1,0,0,0,0,0,0,0,55,0,0,0,12,6,2,12,0,0,0,1,55,54311,6,1,0,0,8,0,68,185,0,1,0,2,0,2,2013,5,2013,0,0,0,0,0,1,2,55,1,1,2,1,0,0,1,66,4,1,9,86,0,0
27,270197,2,2,3,19,7,15,57,12,6,1,0,27,2,34,34,34034,4,1994,WBACB4329RFM,W,B,A,C,B,4,3,2,9,R,F,M,0,0,0,000000000,00000000000,0,0,0,1,0,0,0,0,0,0,0,999,0,0,0,3,6,2,12,0,0,0,1,27,56362,6,1,0,0,3,0,69,175,0,2,1,0,0,5,2012,2,2013,3,39,0,0,0,1,2,98,1,1,5,1,20,3,1,17,1,1,1,87,1,1
27,270198,1,2,2,21,8,14,29,12,6,1,0,27,1,18,20,18020,4,1999,2G4WB52K2X16,2,G,4,W,B,5,2,K,2,X,1,6,0,0,0,000000000,00000000000,0,0,0,1,0,0,0,0,0,0,0,20,0,0,0,3,6,2,12,0,0,0,1,27,56283,6,2,0,0,3,0,66,150,0,0,0,0,0,0,0,0,0,0,38,0,0,0,1,2,98,1,1,2,1,20,3,1,17,1,1,1,87,1,0
27,270198,2,2,1,21,8,14,29,12,6,1,0,27,2,12,880,12880,67,2006,1FTWW31P66EB,1,F,T,W,W,3,1,P,6,6,E,B,0,0,88,888888888,88888888888,2,1,97,1,0,0,0,0,0,0,0,62,0,0,0,12,4,3,12,0,0,0,1,27,56362,6,1,0,0,3,0,73,180,0,0,0,0,0,0,0,0,0,0,0,0,0,0,1,2,55,1,1,2,1,0,0,1,66,4,9,1,86,0,0
27,270199,1,1,1,21,8,20,26,8,0,1,0,27,1,22,2,22002,4,1998,1G2HZ5210WH2,1,G,2,H,Z,5,2,1,0,W,H,2,0,0,0,000000000,00000000000,0,0,0,1,0,0,0,0,0,0,0,998,0,0,0,10,2,5,8,0,0,0,1,27,55056,6,1,6,0,3,1,68,165,0,0,0,0,0,0,0,0,0,0,28,0,0,0,1,2,30,1,1,8,1,0,0,1,80,1,1,4,13,0,0
27,270200,1,2,2,19,7,19,43,12,11,1,0,27,2,20,421,20421,15,1994,1GNEK18K0RJ3,1,G,N,E,K,1,8,K,0,R,J,3,0,0,0,000000000,00000000000,0,0,0,1,0,0,0,0,0,0,0,999,0,0,0,83,6,2,12,0,0,0,1,27,55119,0,0,0,0,0,0,69,220,1,1,2,0,0,5,2012,4,2014,0,0,0,0,0,1,2,98,1,1,2,1,0,0,12,98,1,1,2,98,0,0
27,270200,2,2,1,19,7,19,43,12,11,1,0,27,1,53,706,53706,80,1996,JS1VS52A6T21,J,S,1,V,S,5,2,A,6,T,2,1,0,0,0,000000000,00000000000,0,0,0,1,0,0,0,0,0,0,0,999,0,0,0,81,6,2,12,0,0,0,1,27,55117,0,0,0,0,0,0,54,160,0,0,0,0,0,0,0,0,0,5,0,0,0,0,1,2,35,1,1,2,1,0,0,1,17,3,4,1,98,1,0
27,270201,1,2,2,21,8,19,52,12,6,1,0,27,1,20,481,20481,31,2012,1GNKVGEDXCJ1,1,G,N,K,V,G,E,D,X,C,J,1,0,0,0,000000000,00000000000,0,0,0,1,0,0,0,0,0,0,0,55,0,0,0,12,6,2,12,0,0,0,1,27,55027,6,1,0,0,3,0,65,130,0,0,0,0,0,0,0,0,0,0,0,0,0,0,1,2,55,1,1,2,1,0,0,1,66,1,1,1,86,0,0
27,270201,2,2,4,21,8,19,52,12,6,1,0,27,1,12,37,12037,4,2004,1FAFP34354W1,1,F,A,F,P,3,4,3,5,4,W,1,0,0,0,000000000,00000000000,0,0,0,1,0,0,0,0,0,0,0,60,0,1,5,4,6,2,12,0,0,0,1,27,55902,6,1,0,0,3,0,62,170,0,0,0,0,0,0,0,0,0,0,39,0,0,0,1,2,98,1,8,2,1,20,3,1,17,1,1,1,87,2,0
27,270202,1,2,1,22,8,5,0,12,6,1,0,27,1,20,2,20002,4,2001,2G1WH55K5191,2,G,1,W,H,5,5,K,5,1,9,1,0,0,0,000000000,00000000000,0,0,0,1,0,0,0,0,0,0,0,60,0,0,0,1,6,2,12,0,0,0,1,27,56220,6,1,6,0,3,0,71,208,0,0,0,0,0,0,0,0,0,4,0,0,0,0,1,2,55,1,1,1,1,0,0,1,66,3,2,1,87,0,0
27,270202,2,2,1,22,8,5,0,12,6,1,0,46,1,12,13,12013,3,1994,1FARP11J9RW2,1,F,A,R,P,1,1,J,9,R,W,2,0,0,0,000000000,00000000000,0,0,0,1,0,0,0,0,0,0,0,999,0,0,0,12,6,2,12,0,0,0,1,46,57201,2,1,0,0,2,0,70,165,0,3,1,0,1,10,2012,1,2013,9,39,0,0,0,1,2,98,1,1,2,1,20,3,1,17,1,1,1,86,1,1
27,270203,1,4,1,22,8,16,36,12,1,1,0,27,1,20,2,20002,4,2008,2G1WB58K8812,2,G,1,W,B,5,8,K,8,8,1,2,0,0,0,000000000,00000000000,0,0,0,1,0,0,0,0,0,0,0,0,0,0,0,6,4,3,12,0,0,0,1,27,55008,6,1,0,0,3,0,74,225,0,0,0,0,0,0,0,0,0,0,0,0,0,0,2,2,60,1,1,1,1,0,0,5,53,1,1,1,98,0,0
27,270203,2,4,5,22,8,16,36,12,1,1,0,27,2,7,482,7482,31,2014,3C6UR5DJ7EG1,3,C,6,U,R,5,D,J,7,E,G,1,0,0,0,000000000,00000000000,0,0,0,1,0,0,0,0,0,0,0,0,0,0,0,6,4,3,12,0,0,0,1,27,55432,6,1,0,0,3,1,75,220,0,0,0,1,0,1,2014,1,2014,0,0,0,0,0,2,2,60,1,1,1,1,0,0,5,53,1,1,1,98,0,0