STATE,ST_CASE,VEH_NO,VE_FORMS,NUMOCCS,DAY,MONTH,HOUR,MINUTE,HARM_EV,MAN_COLL,UNITTYPE,HIT_RUN,REG_STAT,OWNER,MAKE,MODEL,MAK_MOD,BODY_TYP,MOD_YEAR,VIN,VIN_1,VIN_2,VIN_3,VIN_4,VIN_5,VIN_6,VIN_7,VIN_8,VIN_9,VIN_10,VIN_11,VIN_12,TOW_VEH,J_KNIFE,MCARR_I1,MCARR_I2,MCARR_ID,GVWR,V_CONFIG,CARGO_BT,HAZ_INV,HAZ_PLAC,HAZ_ID,HAZ_CNO,HAZ_REL,BUS_USE,SPEC_USE,EMER_USE,TRAV_SP,UNDERIDE,ROLLOVER,ROLINLOC,IMPACT1,DEFORMED,TOWED,M_HARM,VEH_SC1,VEH_SC2,FIRE_EXP,DR_PRES,L_STATE,DR_ZIP,L_STATUS,L_TYPE,CDL_STAT,L_ENDORS,L_COMPL,L_RESTRI,DR_HGT,DR_WGT,PREV_ACC,PREV_SUS,PREV_DWI,PREV_SPD,PREV_OTH,FIRST_MO,FIRST_YR,LAST_MO,LAST_YR,SPEEDREL,DR_SF1,DR_SF2,DR_SF3,DR_SF4,VTRAFWAY,VNUM_LAN,VSPD_LIM,VALIGN,VPROFILE,VPAVETYP,VSURCOND,VTRAFCON,VTCONT_F,P_CRASH1,P_CRASH2,P_CRASH3,PCRASH4,PCRASH5,ACC_TYPE,DEATHS,DR_DRINK
27,270241,2,3,2,13,9,14,57,12,6,1,0,27,1,37,706,37706,80,2009,JH2SC59049K1,J,H,2,S,C,5,9,0,4,9,K,1,0,0,0,000000000,00000000000,0,0,0,1,0,0,0,0,0,0,0,58,0,0,0,12,4,3,12,0,0,0,1,27,55388,6,1,0,0,3,0,71,145,1,0,0,0,1,10,2011,11,2011,5,0,0,0,0,1,2,45,1,3,2,1,0,0,1,66,4,9,1,88,1,0
27,270241,3,3,1,13,9,14,57,12,6,1,0,27,2,37,706,37706,80,2008,JH2SC59028M0,J,H,2,S,C,5,9,0,2,8,M,0,0,0,0,000000000,00000000000,0,0,0,1,0,0,0,0,0,0,0,999,0,0,0,0,2,3,1,0,0,0,1,27,55388,6,1,0,0,2,0,70,125,0,0,0,1,0,9,2014,9,2014,0,0,0,0,0,1,2,45,1,3,2,1,0,0,1,71,3,2,1,98,0,0
27,270242,1,2,1,11,8,4,52,12,6,1,0,27,1,20,471,20471,30,1999,1GCCS1447X81,1,G,C,C,S,1,4,4,7,X,8,1,0,0,0,000000000,00000000000,0,0,0,1,0,0,0,0,0,0,0,55,0,0,0,12,6,2,12,0,0,0,1,27,56120,6,1,0,0,3,1,64,200,0,0,0,0,0,0,0,0,0,0,0,0,0,0,1,2,55,1,1,2,1,0,0,1,66,1,1,1,86,0,0
27,270242,2,2,2,11,8,4,52,12,6,1,0,27,9,7,442,7442,20,1997,1B4GP44R0VB2,1,B,4,G,P,4,4,R,0,V,B,2,0,0,0,000000000,00000000000,0,0,0,1,0,0,0,0,0,0,0,999,0,0,0,3,6,2,12,0,0,0,1,27,56062,0,0,0,0,0,0,999,999,0,0,0,0,0,0,0,0,0,0,39,0,0,0,1,2,55,1,1,2,1,20,3,1,17,1,1,1,87,1,0
27,270243,1,2,1,3,10,13,27,12,6,1,0,27,2,48,401,48401,14,2014,JF2SJAEC7EH4,J,F,2,S,J,A,E,C,7,E,H,4,0,0,0,000000000,00000000000,0,0,0,1,0,0,0,0,0,0,0,999,0,0,0,12,6,2,12,0,0,0,1,27,56264,6,1,0,0,3,0,62,158,0,0,0,0,0,0,0,0,0,5,38,0,0,0,1,2,55,1,1,4,1,21,3,1,17,1,1,1,86,1,0
27,270243,2,2,1,3,10,13,27,12,6,1,0,27,2,84,881,84881,66,2001,2HSCNAPR41C0,2,H,S,C,N,A,P,R,4,1,C,0,1,1,57,2399865,572399865,3,6,1,1,0,0,0,0,0,0,0,35,0,0,0,3,6,2,12,0,0,0,1,27,56144,6,1,6,0,3,0,79,370,0,0,0,2,0,11,2013,10,2014,0,0,0,0,0,1,2,55,1,1,2,1,0,0,1,66,98,1,1,87,0,0
27,270244,1,2,1,3,10,12,48,12,6,1,0,27,2,49,40,49040,4,2000,4T1BG22K0YU9,4,T,1,B,G,2,2,K,0,Y,U,9,0,0,0,000000000,00000000000,0,0,0,1,0,0,0,0,0,0,0,999,0,0,0,3,6,2,12,0,0,0,1,27,56342,6,1,0,0,3,0,72,170,0,0,0,0,0,0,0,0,0,3,0,0,0,0,1,2,55,2,1,2,2,0,0,6,6,8,4,2,66,1,0
27,270244,2,2,1,3,10,12,48,12,6,1,0,27,1,18,5,18005,2,1997,1G4GD2212V47,1,G,4,G,D,2,2,1,2,V,4,7,0,0,0,000000000,00000000000,0,0,0,1,0,0,0,0,0,0,0,55,0,0,0,12,6,2,12,0,0,0,1,27,56350,6,1,0,0,3,1,65,210,0,1,0,0,0,11,2012,11,2012,0,0,0,0,0,1,2,55,2,1,2,2,0,0,14,62,9,9,1,66,0,0
27,270245,1,1,1,3,10,22,34,46,0,1,0,27,1,49,403,49403,14,2003,JTEHF21A9301,J,T,E,H,F,2,1,A,9,3,0,1,0,0,0,000000000,00000000000,0,0,0,1,0,0,0,0,0,0,0,999,0,0,0,12,6,2,46,0,0,0,1,27,55438,6,1,0,0,3,0,64,130,0,0,0,1,0,6,2013,6,2013,0,0,0,0,0,2,2,45,1,2,2,2,3,3,15,13,6,1,4,1,1,1
27,270246,1,2,2,9,10,7,2,12,8,1,0,27,1,41,35,41035,4,2001,JM1BJ2278104,J,M,1,B,J,2,2,7,8,1,0,4,0,0,0,000000000,00000000000,0,0,0,1,0,0,0,0,0,0,0,55,0,0,0,2,6,2,12,0,0,0,1,27,56756,6,1,0,0,3,1,70,170,0,0,0,3,0,12,2012,12,2013,0,58,0,0,0,1,2,55,2,1,2,1,0,0,14,10,6,4,2,66,1,0
27,270246,2,2,1,9,10,7,2,12,8,1,0,27,1,2,404,2404,14,2014,1C4RJFBG8EC4,1,C,4,R,J,F,B,G,8,E,C,4,0,0,0,000000000,00000000000,0,0,0,1,0,0,0,0,0,0,0,55,0,0,0,11,6,2,12,0,0,0,1,27,56763,6,1,0,0,3,0,66,200,0,0,0,0,0,0,0,0,0,0,0,0,0,0,1,2,55,3,1,2,1,0,0,14,62,1,1,1,66,0,0
27,270247,1,2,2,11,10,13,1,12,6,1,0,27,1,12,402,12402,14,2005,1FMYU93135KC,1,F,M,Y,U,9,3,1,3,5,K,C,0,0,0,000000000,00000000000,0,0,0,1,0,0,0,0,0,0,0,999,0,0,0,10,6,2,12,0,0,0,1,27,55379,6,1,6,0,3,0,67,190,0,0,0,0,0,0,0,0,0,0,38,48,0,0,1,2,98,1,1,2,1,20,3,11,15,1,1,1,84,2,0
27,270247,2,2,1,11,10,13,1,12,6,1,0,27,3,82,881,82881,66,1999,1FUYTWEB4XHF,1,F,U,Y,T,W,E,B,4,X,H,F,1,1,88,888888888,88888888888,3,6,2,1,0,0,0,0,0,0,0,65,0,0,0,12,6,2,12,0,0,0,1,27,55307,6,1,6,0,3,1,73,220,0,0,0,1,0,1,2013,1,2013,0,0,0,0,0,2,3,65,1,1,2,1,0,0,1,67,98,9,1,84,0,0
27,270248,1,2,1,18,9,22,37,12,2,1,0,27,1,22,18,22018,4,2001,1G2NF52E11M5,1,G,2,N,F,5,2,E,1,1,M,5,0,0,0,000000000,00000000000,0,0,0,1,0,0,0,0,0,0,0,60,0,0,0,12,6,2,12,0,0,0,1,27,56760,6,1,0,0,3,0,60,135,0,0,0,0,0,0,0,0,0,0,0,0,0,0,1,2,60,1,1,2,1,0,0,1,62,98,1,1,51,1,0
27,270248,2,2,1,18,9,22,37,12,2,1,0,27,2,9,38,9038,4,1999,1P3EJ46C8XN5,1,P,3,E,J,4,6,C,8,X,N,5,0,0,0,000000000,00000000000,0,0,0,1,0,0,0,0,0,0,0,60,0,0,0,12,6,2,12,0,0,0,1,27,56729,6,1,0,0,3,0,72,180,0,0,0,0,0,0,0,0,0,0,28,0,0,0,1,2,60,1,1,2,1,0,0,1,10,1,1,2,50,0,0
27,270249,1,2,1,26,9,11,43,12,6,1,0,27,3,51,881,51881,66,2002,4V4MC9GH82N3,4,V,4,M,C,9,G,H,8,2,N,3,1,1,57,1202260,571202260,3,6,8,1,0,0,0,0,0,0,0,998,0,1,1,3,6,2,12,0,0,0,1,27,56644,6,1,6,0,3,3,68,152,0,0,0,0,0,0,0,0,0,0,0,0,0,0,1,2,55,1,1,4,1,97,8,1,66,1,1,1,87,0,0
27,270249,2,2,1,26,9,11,43,12,6,1,0,27,2,7,482,7482,31,2012,1C6RD7NT6CS1,1,C,6,R,D,7,N,T,6,C,S,1,0,0,0,000000000,00000000000,0,0,0,1,0,0,0,0,0,0,0,998,0,0,0,12,6,2,12,0,0,0,1,27,56644,6,1,0,0,3,0,70,280,0,0,0,0,0,0,0,0,0,0,99,99,99,99,1,2,55,1,1,4,1,98,8,1,17,99,9,1,86,1,0
27,270250,1,1,1,11,10,21,21,34,0,1,0,27,1,35,43,35043,4,2012,1N4AL2AP0CC1,1,N,4,A,L,2,A,P,0,C,C,1,0,0,0,000000000,00000000000,0,0,0,1,0,0,0,0,0,0,0,999,0,1,5,99,6,2,1,0,0,0,1,27,56401,6,1,0,0,9,0,75,250,0,1,1,0,0,10,2011,10,2011,9,99,99,99,99,1,2,55,2,1,2,1,0,0,14,12,99,1,4,6,1,1
27,270251,1,1,1,12,10,2,15,32,0,1,0,27,2,7,472,7472,30,2000,1B7GG22N9YS5,1,B,7,G,G,2,2,N,9,Y,S,5,0,0,0,000000000,00000000000,0,0,0,1,0,0,0,0,0,0,0,999,0,1,5,12,6,2,1,0,0,0,1,27,56264,6,7,0,0,3,2,67,160,0,1,0,0,0,5,2012,5,2012,0,73,0,0,0,1,2,35,1,1,2,1,0,0,1,13,1,1,4,1,1,1
27,270252,1,3,2,12,10,13,44,12,6,1,0,27,1,2,404,2404,14,2002,1J4GW58S12C1,1,J,4,G,W,5,8,S,1,2,C,1,0,0,0,000000000,00000000000,0,0,0,1,0,0,0,0,0,0,0,8,0,0,0,2,6,2,12,0,0,0,1,27,55917,6,1,0,0,3,0,65,135,0,0,0,0,0,0,0,0,0,0,38,0,0,0,1,2,50,1,1,2,1,21,3,1,17,1,1,1,87,1,0
27,270252,2,3,2,12,10,13,44,12,6,1,0,27,1,55,35,55035,4,2007,KMHDU46D07U2,K,M,H,D,U,4,6,D,0,7,U,2,0,0,0,000000000,00000000000,0,0,0,1,0,0,0,0,0,0,0,65,0,0,0,12,6,2,12,0,0,0,1,27,55033,6,1,0,0,3,0,74,185,0,0,0,0,0,0,0,0,0,3,0,0,0,0,2,2,55,1,1,2,1,0,0,1,66,1,1,1,86,0,0
27,270252,3,3,2,12,10,13,44,12,6,1,0,27,1,12,401,12401,14,2002,1FMZU75WX2UC,1,F,M,Z,U,7,5,W,X,2,U,C,0,0,0,000000000,00000000000,0,0,0,1,0,0,0,0,0,0,0,0,0,0,0,61,4,3,12,0,0,0,1,27,55987,6,1,0,0,3,0,67,195,0,0,0,0,0,0,0,0,0,0,0,0,0,0,1,2,50,1,1,2,1,20,3,5,66,1,1,1,98,0,0
27,270253,1,2,2,5,10,19,32,12,6,1,0,27,1,20,481,20481,31,2004,1GCGK23UX4F1,1,G,C,G,K,2,3,U,X,4,F,1,0,0,0,000000000,00000000000,0,0,0,1,0,0,0,0,0,0,0,59,0,0,0,1,4,3,12,0,0,0,1,27,55449,6,1,0,0,2,0,63,126,0,0,0,0,0,0,0,0,0,0,0,0,0,0,1,2,55,1,1,2,1,0,0,6,54,6,1,2,66,0,0
27,270253,2,2,1,5,10,19,32,12,6,1,0,92,0,37,709,37709,83,9999,000000000000,0,0,0,0,0,0,0,0,0,0,0,0,0,0,0,000000000,00000000000,0,0,0,1,0,0,0,0,0,0,0,999,0,0,0,12,6,2,12,0,0,0,1,27,55330,6,1,0,0,1,0,68,195,0,0,0,0,1,3,2013,3,2013,0,24,0,0,0,1,2,55,1,1,2,1,0,0,1,54,98,1,1,66,1,1
27,270254,1,2,1,14,10,15,14,1,0,1,0,27,1,72,706,72706,80,1990,1HD1BML10LY0,1,H,D,1,B,M,L,1,0,L,Y,0,0,0,0,000000000,00000000000,0,0,0,1,0,0,0,0,0,0,0,55,0,0,0,12,6,2,12,0,0,0,1,27,55025,6,1,0,0,3,0,70,190,0,0,0,0,0,0,0,0,0,0,0,0,0,0,1,2,55,1,3,2,1,0,0,1,62,98,9,1,98,1,0
27,270254,2,2,1,14,10,15,14,1,0,1,0,27,3,84,881,84881,63,1986,1HTZEGER4GHA,1,H,T,Z,E,G,E,R,4,G,H,A,0,0,57,1082033,571082033,3,2,1,1,0,0,0,0,0,0,0,55,0,2,1,0,6,2,12,0,0,0,1,27,55054,6,1,6,0,3,3,72,230,0,0,0,1,0,12,2013,12,2013,0,58,0,0,0,1,2,55,1,3,2,1,0,0,1,13,8,7,2,98,0,0
27,270255,1,1,1,15,10,17,7,8,0,1,0,27,1,14,20,14020,4,2005,1MEFM431X5G6,1,M,E,F,M,4,3,1,X,5,G,6,0,0,0,000000000,00000000000,0,0,0,1,0,0,0,0,0,0,0,30,0,0,0,12,2,5,8,0,0,0,1,27,56073,6,1,0,0,3,3,62,120,0,0,0,0,0,0,0,0,0,0,0,0,0,0,1,2,30,1,3,2,1,0,0,1,80,99,9,1,13,0,0
27,270257,1,2,2,16,10,16,18,12,6,1,0,27,1,20,16,20016,4,1996,1G1JC5244T72,1,G,1,J,C,5,2,4,4,T,7,2,0,0,0,000000000,00000000000,0,0,0,1,0,0,0,0,0,0,0,65,0,0,0,3,6,2,12,0,0,0,1,27,56082,6,1,0,0,3,0,67,158,0,0,0,0,0,0,0,0,0,0,38,0,0,0,2,3,65,1,1,2,1,0,0,11,15,1,1,1,68,2,0
27,270257,2,2,1,16,10,16,18,12,6,1,0,27,1,18,22,18022,4,2006,2G4WD5821611,2,G,4,W,D,5,8,2,1,6,1,1,0,0,0,000000000,00000000000,0,0,0,1,0,0,0,0,0,0,0,65,0,0,0,12,6,2,12,0,0,0,1,27,56001,6,1,0,0,3,3,67,220,0,0,0,0,0,0,0,0,0,0,0,0,0,0,2,3,65,1,1,2,1,0,0,1,62,98,9,1,69,0,0
27,270258,1,1,1,27,9,1,17,35,0,1,0,6,2,12,3,12003,1,2006,1ZVFT84N5651,1,Z,V,F,T,8,4,N,5,6,5,1,0,0,0,000000000,00000000000,0,0,0,1,0,0,0,0,0,0,0,999,0,1,5,14,6,2,2,0,0,1,1,27,91321,3,1,0,0,2,0,64,160,0,0,0,0,0,0,0,0,0,0,99,99,99,99,2,2,70,4,2,1,1,0,0,14,13,1,1,4,1,1,0
27,270259,1,2,1,24,10,7,16,12,6,1,0,27,1,73,703,73703,80,2013,JKAEX8A16DDA,J,K,A,E,X,8,A,1,6,D,D,A,0,0,0,000000000,00000000000,0,0,0,1,0,0,0,0,0,0,0,999,0,0,0,12,6,2,12,0,0,0,1,27,55318,6,1,0,0,3,0,62,130,0,0,0,0,0,0,0,0,0,9,99,99,99,99,1,2,55,1,1,2,1,0,0,1,67,98,9,1,83,1,0
27,270259,2,2,1,24,10,7,16,12,6,1,0,27,1,20,481,20481,31,2000,1GCHK33J3YF5,1,G,C,H,K,3,3,J,3,Y,F,5,0,0,0,000000000,00000000000,0,0,0,1,0,0,0,0,0,0,0,999,0,0,0,11,2,3,12,0,0,0,1,27,55315,6,1,6,0,3,0,70,170,0,0,0,0,0,0,0,0,0,0,38,0,0,0,1,2,98,1,1,4,1,20,3,11,15,4,9,1,82,0,0
27,270260,1,2,1,17,10,15,30,12,1,1,0,27,1,7,472,7472,31,2004,1D7HG48N44S7,1,D,7,H,G,4,8,N,4,4,S,7,0,0,0,000000000,00000000000,0,0,0,1,0,0,0,0,0,0,0,38,0,0,0,6,4,3,12,0,0,0,1,27,56443,6,1,0,0,3,0,75,235,0,0,0,0,0,0,0,0,0,0,0,0,0,0,3,2,65,3,1,1,1,0,0,14,53,1,1,1,25,1,1
27,270260,2,2,1,17,10,15,30,12,1,1,0,27,1,20,2,20002,4,2006,2G1WU5819694,2,G,1,W,U,5,8,1,9,6,9,4,0,0,0,000000000,00000000000,0,0,0,1,0,0,0,0,0,0,0,75,0,0,0,12,4,3,12,0,0,0,1,27,55124,6,1,0,0,3,1,65,165,0,0,0,0,0,0,0,0,0,3,0,0,0,0,3,2,65,3,1,1,1,0,0,14,51,1,1,1,24,0,0
27,270261,1,2,1,19,10,15,25,12,6,1,0,27,2,89,890,89890,66,1994,4V1WDBJG3RN6,4,V,1,W,D,B,J,G,3,R,N,6,1,1,57,852200,57852200,3,6,8,1,0,0,0,0,0,0,0,999,0,0,0,12,6,2,12,0,0,0,1,27,56180,6,1,6,0,3,3,70,220,0,0,0,0,0,0,0,0,0,0,38,0,0,0,1,2,55,1,1,2,1,20,3,1,17,1,1,1,88,0,0
27,270261,2,2,4,19,10,15,25,12,6,1,0,27,1,49,442,49442,20,2014,5TDKK3DC4ES5,5,T,D,K,K,3,D,C,4,E,S,5,0,0,0,000000000,00000000000,0,0,0,1,0,0,0,0,0,0,0,58,0,0,0,62,6,2,12,0,0,0,1,27,56180,1,1,0,0,2,0,64,134,1,1,0,0,0,8,2014,9,2014,0,0,0,0,0,1,2,55,1,1,2,1,0,0,1,66,1,1,1,89,1,0
27,270262,1,2,1,21,10,21,30,12,2,1,0,27,1,18,3,18003,4,2003,1G4CU5415341,1,G,4,C,U,5,4,1,5,3,4,1,0,0,0,000000000,00000000000,0,0,0,1,0,0,0,0,0,0,0,998,0,0,0,12,6,2,12,0,0,0,1,27,56655,6,1,6,0,3,0,75,300,0,0,0,0,0,0,0,0,0,0,0,0,0,0,1,2,30,1,1,2,1,0,0,1,10,1,1,2,50,1,1
27,270262,2,2,1,21,10,21,30,12,2,1,0,27,1,12,481,12481,31,2002,2FTRX18LX2CA,2,F,T,R,X,1,8,L,X,2,C,A,0,0,0,000000000,00000000000,0,0,0,1,0,0,0,0,0,0,0,998,0,0,0,12,6,2,12,0,0,0,1,27,55785,6,1,0,0,3,3,73,212,0,0,0,0,0,0,0,0,0,0,91,0,0,0,1,2,30,1,1,2,1,0,0,1,54,99,9,1,51,0,1
27,270263,1,2,1,23,10,6,59,12,6,1,0,27,1,12,401,12401,14,2004,1FMZU77K54UB,1,F,M,Z,U,7,7,K,5,4,U,B,0,0,0,000000000,00000000000,0,0,0,1,0,0,0,0,0,0,0,998,0,1,5,12,6,2,12,0,0,0,1,27,56338,6,1,0,0,3,1,67,190,0,0,0,0,0,0,0,0,0,0,0,0,0,0,3,2,65,1,1,2,2,0,0,1,66,1,1,1,88,0,0
27,270263,2,2,2,23,10,6,59,12,6,1,0,27,1,49,32,49032,4,2012,5YFBU4EE1CP0,5,Y,F,B,U,4,E,E,1,C,P,0,0,0,0,000000000,00000000000,0,0,0,1,0,0,0,0,0,0,0,998,0,0,0,9,6,2,12,0,0,0,1,27,56363,6,1,0,0,3,0,59,105,0,0,0,0,0,0,0,0,0,0,39,0,0,0,1,2,98,1,1,2,2,20,3,1,17,1,1,1,89,1,0
27,270264,1,1,1,24,10,11,39,1,0,1,0,27,1,72,706,72706,80,2006,1HD1CGP156K4,1,H,D,1,C,G,P,1,5,6,K,4,0,0,0,000000000,00000000000,0,0,0,1,0,0,0,0,0,0,0,999,0,0,0,0,6,2,1,0,0,0,1,27,55912,6,1,0,0,3,1,70,220,0,0,0,0,0,0,0,0,0,9,99,99,99,99,1,2,55,2,1,2,1,28,3,14,9,98,2,2,98,1,0
27,270265,1,2,4,24,10,18,29,12,1,1,0,27,2,12,17,12017,4,2002,1FAFP53U02G1,1,F,A,F,P,5,3,U,0,2,G,1,0,0,0,000000000,00000000000,0,0,0,1,0,0,0,0,0,0,0,3,0,0,0,6,6,2,12,0,0,0,1,27,56347,6,2,0,0,3,1,73,155,0,0,0,0,0,0,0,0,0,0,0,0,0,0,1,2,55,1,2,2,1,0,0,11,53,1,1,1,26,1,0
27,270265,2,2,1,24,10,18,29,12,1,1,0,27,2,20,481,20481,31,2001,1GCGK13U11F1,1,G,C,G,K,1,3,U,1,1,F,1,0,0,0,000000000,00000000000,0,0,0,1,0,0,0,0,0,0,0,60,0,0,0,12,4,3,12,0,0,0,1,27,56373,6,2,0,0,3,3,72,175,0,0,0,0,0,0,0,0,0,0,0,0,0,0,1,2,55,1,2,2,1,0,0,1,51,98,1,1,24,0,0
27,270266,1,2,1,25,10,11,45,12,2,1,0,27,1,6,43,6043,1,2003,1C3EL55T63N5,1,C,3,E,L,5,5,T,6,3,N,5,0,0,0,000000000,00000000000,0,0,0,1,0,0,0,0,0,0,0,998,0,0,0,12,6,2,12,0,0,0,1,27,55056,6,1,0,0,3,1,70,170,0,0,0,0,0,0,0,0,0,9,99,99,99,99,1,2,55,2,1,2,1,0,0,14,99,99,9,9,52,1,1
27,270266,2,2,2,25,10,11,45,12,2,1,0,27,1,7,442,7442,20,2002,2B4GP44372R7,2,B,4,G,P,4,4,3,7,2,R,7,0,0,0,000000000,00000000000,0,0,0,1,0,0,0,0,0,0,0,998,0,0,0,12,6,2,12,0,0,0,1,27,55013,6,1,0,0,3,3,73,195,0,0,0,0,0,0,0,0,0,9,99,99,99,99,1,2,55,3,1,2,1,99,9,14,99,99,9,9,52,0,0
27,270267,1,2,1,25,10,19,55,12,6,1,0,27,1,72,706,72706,80,1994,1HD1BML10RY0,1,H,D,1,B,M,L,1,0,R,Y,0,0,0,0,000000000,00000000000,0,0,0,1,0,0,0,0,0,0,0,30,0,0,0,7,6,2,12,0,0,0,1,27,56345,6,1,0,0,3,0,73,240,0,0,0,0,0,0,0,0,0,0,38,0,0,0,1,2,98,1,1,2,1,20,3,4,17,1,1,1,89,1,0
27,270267,2,2,1,25,10,19,55,12,6,1,0,27,1,12,481,12481,31,2004,1FTSF31S74ED,1,F,T,S,F,3,1,S,7,4,E,D,1,1,0,000000000,00000000000,0,0,0,1,0,0,0,0,0,0,0,65,0,0,0,12,4,3,12,0,0,0,1,27,55362,6,1,0,0,3,0,68,200,0,0,0,0,0,0,0,0,0,0,0,0,0,0,2,2,65,1,1,2,1,0,0,1,66,6,1,2,88,0,0
27,270268,1,1,1,26,10,17,31,30,0,1,0,27,1,23,481,23481,31,1986,1GTGC23M1GS5,1,G,T,G,C,2,3,M,1,G,S,5,0,0,0,000000000,00000000000,0,0,0,1,0,0,0,0,0,0,0,70,0,0,0,12,6,2,21,0,0,1,1,27,56715,6,1,6,0,3,3,71,220,0,0,0,0,0,0,0,0,0,3,37,0,0,0,2,2,30,1,6,1,1,0,0,1,12,99,9,4,6,1,0
27,270269,1,2,1,29,10,17,58,12,1,1,0,39,2,12,13,12013,4,1999,1FAFP13P6XW1,1,F,A,F,P,1,3,P,6,X,W,1,0,0,0,000000000,00000000000,0,0,0,1,0,0,0,0,0,0,0,60,1,0,0,12,6,2,12,0,0,0,1,39,44859,1,1,0,0,2,0,70,220,0,4,1,2,0,6,2012,1,2014,3,26,0,0,0,2,5,55,1,1,2,1,3,3,1,10,8,2,2,32,1,1
27,270269,2,2,1,29,10,17,58,12,1,1,0,18,3,82,881,82881,66,2014,1FUJGLD53ELF,1,F,U,J,G,L,D,5,3,E,L,F,1,1,57,54283,5754283,3,6,1,1,0,0,0,0,0,0,0,0,0,0,0,6,2,5,12,0,0,0,1,26,48238,6,1,6,0,3,0,72,263,0,0,0,0,0,0,0,0,0,0,0,0,0,0,2,5,55,1,1,2,1,3,3,5,61,1,1,1,32,0,0
27,270270,1,2,2,31,10,16,59,12,6,1,0,27,1,13,1,13001,4,2004,1LNHM83W44Y6,1,L,N,H,M,8,3,W,4,4,Y,6,0,0,0,000000000,00000000000,0,0,0,1,0,0,0,0,0,0,0,999,0,0,0,12,6,2,12,0,0,1,1,27,55042,6,1,0,0,3,0,65,229,1,0,0,0,0,2,2012,2,2012,0,39,0,0,0,1,2,55,1,1,2,1,20,3,1,17,1,1,1,86,1,0
27,270270,2,2,1,31,10,16,59,12,6,1,0,27,2,12,17,12017,4,2001,1FAFP55211G2,1,F,A,F,P,5,5,2,1,1,G,2,0,0,0,000000000,00000000000,0,0,0,1,0,0,0,0,0,0,0,999,0,0,0,2,6,2,12,0,0,0,1,27,55051,1,1,0,0,2,0,74,195,0,0,0,0,0,0,0,0,0,0,0,0,0,0,1,2,55,1,1,2,1,0,0,1,66,4,9,1,87,0,0
27,270271,1,1,1,1,11,99,99,34,0,1,0,27,1,12,37,12037,4,2007,1FAFP34N17W2,1,F,A,F,P,3,4,N,1,7,W,2,0,0,0,000000000,00000000000,0,0,0,1,0,0,0,0,0,0,0,999,0,1,5,12,6,2,34,0,0,0,1,27,55804,6,1,0,0,3,0,67,160,0,0,0,0,0,0,0,0,0,5,58,0,0,0,1,2,55,1,1,2,1,0,0,1,9,8,2,4,7,1,1
27,270272,1,2,2,2,11,12,37,12,6,1,0,27,1,20,481,20481,31,2005,2GCEK13T7512,2,G,C,E,K,1,3,T,7,5,1,2,0,0,0,000000000,00000000000,0,0,0,1,0,0,0,0,0,0,0,55,0,1,5,2,6,2,1,0,0,0,1,27,56468,6,1,0,0,3,1,73,250,0,0,0,0,0,0,0,0,0,0,0,0,0,0,1,4,55,1,1,2,1,0,0,1,66,1,1,1,87,1,0
27,270272,2,2,1,2,11,12,37,12,6,1,0,27,1,34,401,34401,14,2003,5UXFB33563LH,5,U,X,F,B,3,3,5,6,3,L,H,0,0,0,000000000,00000000000,0,0,0,1,0,0,0,0,0,0,0,55,0,0,0,12,6,2,12,0,0,0,1,27,55416,6,1,0,0,3,0,72,230,0,0,0,0,0,0,0,0,0,0,39,0,0,0,1,2,55,1,1,2,1,20,3,1,17,1,1,1,86,0,0
27,270273,1,1,3,17,10,2,43,43,0,1,0,27,2,20,481,20481,31,1993,2GCEK19Z2P12,2,G,C,E,K,1,9,Z,2,P,1,2,0,0,0,000000000,00000000000,0,0,0,1,0,0,0,0,0,0,0,83,0,1,5,12,6,2,1,0,0,0,1,99,99999,9,9,99,9,9,9,999,999,99,99,99,99,99,99,9999,99,9999,3,99,99,99,99,1,2,55,2,3,2,1,0,0,14,12,99,9,4,6,1,0
27,270274,1,1,1,2,11,18,34,34,0,1,0,27,1,72,706,72706,80,2001,1HD1FDV121Y6,1,H,D,1,F,D,V,1,2,1,Y,6,0,0,0,000000000,00000000000,0,0,0,1,0,0,0,0,0,0,0,999,0,0,0,12,6,2,34,0,0,0,1,27,55021,6,1,6,0,3,0,72,225,0,0,0,0,0,0,0,0,0,5,39,0,0,0,1,2,55,1,1,2,1,20,3,99,14,3,2,4,14,1,1
27,270275,1,2,1,3,11,7,7,12,6,1,0,27,3,12,881,12881,61,2006,1FDAF57P86EA,1,F,D,A,F,5,7,P,8,6,E,A,0,0,57,1066157,571066157,2,1,4,1,0,0,0,0,0,0,0,998,0,0,0,12,6,2,12,0,0,0,1,27,55382,6,1,0,0,3,1,71,240,0,0,0,0,0,0,0,0,0,0,0,0,0,0,1,3,55,3,1,2,1,0,0,14,66,98,9,1,88,0,0
27,270275,2,2,3,3,11,7,7,12,6,1,0,27,2,22,18,22018,4,1999,1G2NE52E8XM7,1,G,2,N,E,5,2,E,8,X,M,7,0,0,0,000000000,00000000000,0,0,0,1,0,0,0,0,0,0,0,998,0,0,0,62,6,2,12,0,0,0,1,27,55302,6,1,0,0,3,0,63,170,0,0,0,0,0,0,0,0,0,0,39,0,0,0,1,2,98,1,1,2,1,20,3,1,17,1,1,1,89,1,0