STATE,ST_CASE,VEH_NO,VE_FORMS,NUMOCCS,DAY,MONTH,HOUR,MINUTE,HARM_EV,MAN_COLL,UNITTYPE,HIT_RUN,REG_STAT,OWNER,MAKE,MODEL,MAK_MOD,BODY_TYP,MOD_YEAR,VIN,VIN_1,VIN_2,VIN_3,VIN_4,VIN_5,VIN_6,VIN_7,VIN_8,VIN_9,VIN_10,VIN_11,VIN_12,TOW_VEH,J_KNIFE,MCARR_I1,MCARR_I2,MCARR_ID,GVWR,V_CONFIG,CARGO_BT,HAZ_INV,HAZ_PLAC,HAZ_ID,HAZ_CNO,HAZ_REL,BUS_USE,SPEC_USE,EMER_USE,TRAV_SP,UNDERIDE,ROLLOVER,ROLINLOC,IMPACT1,DEFORMED,TOWED,M_HARM,VEH_SC1,VEH_SC2,FIRE_EXP,DR_PRES,L_STATE,DR_ZIP,L_STATUS,L_TYPE,CDL_STAT,L_ENDORS,L_COMPL,L_RESTRI,DR_HGT,DR_WGT,PREV_ACC,PREV_SUS,PREV_DWI,PREV_SPD,PREV_OTH,FIRST_MO,FIRST_YR,LAST_MO,LAST_YR,SPEEDREL,DR_SF1,DR_SF2,DR_SF3,DR_SF4,VTRAFWAY,VNUM_LAN,VSPD_LIM,VALIGN,VPROFILE,VPAVETYP,VSURCOND,VTRAFCON,VTCONT_F,P_CRASH1,P_CRASH2,P_CRASH3,PCRASH4,PCRASH5,ACC_TYPE,DEATHS,DR_DRINK
27,270276,1,2,1,3,11,14,26,12,6,1,0,27,1,13,1,13001,4,2007,1LNHM82V77Y6,1,L,N,H,M,8,2,V,7,7,Y,6,0,0,0,000000000,00000000000,0,0,0,1,0,0,0,0,0,0,0,55,0,0,0,12,6,2,12,0,0,0,1,27,56175,6,1,0,0,3,0,73,205,0,0,0,0,0,0,0,0,0,0,28,0,0,0,1,2,55,1,2,2,1,0,0,1,10,1,1,2,66,1,0
27,270276,2,2,1,3,11,14,26,12,6,1,0,46,3,87,881,87881,66,1997,1XPFDU9X9VD4,1,X,P,F,D,U,9,X,9,V,D,4,1,1,57,257085,57257085,3,6,8,1,0,0,0,0,0,0,0,58,0,0,0,10,6,2,12,0,0,0,1,46,57022,6,1,6,0,3,0,74,240,0,0,0,0,0,0,0,0,0,0,0,0,0,0,1,2,55,1,2,2,1,0,0,1,62,98,9,1,66,0,0
27,270277,1,1,1,6,11,6,51,59,0,1,0,27,1,12,23,12023,4,2010,3FAHP0KC5AR3,3,F,A,H,P,0,K,C,5,A,R,3,0,0,0,000000000,00000000000,0,0,0,1,0,0,0,0,0,0,0,55,0,9,5,99,6,2,1,0,0,0,1,27,55112,1,1,0,0,2,0,72,188,2,3,0,4,1,7,2013,10,2014,0,0,0,0,0,1,2,55,1,1,2,1,0,0,1,12,1,1,4,6,1,0
27,270278,1,2,1,10,11,15,0,12,6,1,0,27,2,49,32,49032,4,2006,1NXBR32E86Z7,1,N,X,B,R,3,2,E,8,6,Z,7,0,0,0,000000000,00000000000,0,0,0,1,0,0,0,0,0,0,0,53,0,0,0,3,6,2,12,0,0,0,1,27,56087,6,1,0,0,3,3,61,145,0,0,0,0,0,0,0,0,0,0,52,87,0,0,1,2,55,2,1,2,2,0,0,14,5,98,2,4,66,1,0
27,270278,2,2,1,10,11,15,0,12,6,1,0,93,3,82,881,82881,66,2012,1FUJGLBG3CSB,1,F,U,J,G,L,B,G,3,C,S,B,1,1,57,116455,57116455,3,6,1,1,0,0,0,0,0,0,0,55,0,0,0,12,4,3,12,0,0,0,1,27,56073,6,1,6,0,3,0,70,198,0,0,0,0,0,0,0,0,0,0,0,0,0,0,1,2,55,3,1,2,2,0,0,14,62,9,9,4,66,0,0
27,270279,1,3,1,16,11,9,10,57,0,1,0,27,2,49,32,49032,4,1994,2T1AE04B4RC0,2,T,1,A,E,0,4,B,4,R,C,0,0,0,0,000000000,00000000000,0,0,0,1,0,0,0,0,0,0,0,45,0,0,0,62,2,3,12,0,0,0,1,27,55376,6,2,0,0,3,1,67,117,0,0,0,0,0,0,0,0,0,0,87,0,0,0,3,2,70,1,1,2,4,0,0,3,5,98,4,4,7,0,0
27,270279,2,3,1,16,11,9,10,57,0,1,0,27,2,18,22,18022,4,2005,2G4WE5674512,2,G,4,W,E,5,6,7,4,5,1,2,0,0,0,000000000,00000000000,0,0,0,1,0,0,0,0,0,0,0,55,0,0,0,11,2,3,12,0,0,0,1,27,55320,3,1,0,0,2,0,71,160,0,0,0,0,0,0,0,0,0,0,87,0,0,0,3,2,70,1,1,2,4,0,0,1,61,9,9,1,98,0,0
27,270279,3,3,1,16,11,9,10,57,0,1,0,27,1,22,22,22022,4,2008,1G2ZG57B9842,1,G,2,Z,G,5,7,B,9,8,4,2,0,0,0,000000000,00000000000,0,0,0,1,0,0,0,0,0,0,0,999,0,0,0,61,4,3,18,0,0,0,1,27,55376,6,1,0,0,3,0,61,115,0,0,0,0,0,0,0,0,0,0,87,0,0,0,3,2,70,1,1,2,4,0,0,1,60,1,1,1,98,1,0
27,270280,1,1,1,10,11,17,18,35,0,1,0,27,1,14,401,14401,14,1998,4M2ZU55P8WUJ,4,M,2,Z,U,5,5,P,8,W,U,J,0,0,0,000000000,00000000000,0,0,0,1,0,0,0,0,0,0,0,999,0,1,5,81,6,2,1,0,0,0,1,27,55352,6,1,0,0,3,3,71,235,0,0,0,0,0,0,0,0,0,4,87,0,0,0,1,2,55,2,1,2,4,0,0,14,6,98,4,4,7,1,0
27,270281,1,2,3,11,11,5,45,12,6,1,0,27,2,24,7,24007,4,2006,1G8AJ55F56Z1,1,G,8,A,J,5,5,F,5,6,Z,1,0,0,0,000000000,00000000000,0,0,0,1,0,0,0,0,0,0,0,999,0,0,0,3,6,2,12,0,0,0,1,29,55021,6,1,0,0,3,0,68,150,0,0,0,0,0,0,0,0,0,4,87,0,0,0,1,2,55,1,1,2,4,0,0,1,5,98,4,2,66,2,0
27,270281,2,2,1,11,11,5,45,12,6,1,0,27,2,22,18,22018,4,2002,1G2NF52E52M5,1,G,2,N,F,5,2,E,5,2,M,5,1,1,0,000000000,00000000000,0,0,0,1,0,0,0,0,0,0,0,45,0,0,0,12,6,2,12,0,0,0,1,27,56082,6,1,0,0,3,0,72,220,0,0,0,0,0,0,0,0,0,0,0,0,0,0,1,2,55,1,1,2,4,0,0,1,62,4,4,2,66,0,0
27,270282,1,2,1,18,11,18,52,8,0,1,1,99,9,99,499,99499,19,9999,999999999999,9,9,9,9,9,9,9,9,9,9,9,9,0,0,0,000000000,00000000000,0,0,0,1,0,0,0,0,0,0,0,999,0,0,0,99,9,5,8,99,99,0,1,99,99999,9,9,99,9,9,9,999,999,99,99,99,99,99,99,9999,99,9999,9,99,99,99,99,3,2,55,1,1,2,1,2,3,1,80,1,1,1,13,0,0
27,270282,2,2,1,18,11,18,52,8,0,1,1,99,9,99,399,99399,9,9999,999999999999,9,9,9,9,9,9,9,9,9,9,9,9,0,0,0,000000000,00000000000,0,0,0,1,0,0,0,0,0,0,0,999,0,0,0,99,9,9,8,99,99,0,1,99,99999,9,9,99,9,9,9,999,999,99,99,99,99,99,99,9999,99,9999,9,99,99,99,99,3,2,55,1,1,2,1,2,3,1,80,99,9,9,98,0,0
27,270283,1,1,1,13,11,19,34,24,0,1,0,27,1,21,21,21021,4,2003,1G3NL52E53C1,1,G,3,N,L,5,2,E,5,3,C,1,0,0,0,000000000,00000000000,0,0,0,1,0,0,0,0,0,0,0,70,0,0,0,12,6,2,21,0,0,0,1,27,55362,6,1,0,0,3,0,65,185,0,0,0,0,0,0,0,0,0,0,58,0,0,0,6,1,70,1,1,1,4,0,0,1,13,6,1,4,6,1,0
27,270284,1,2,1,21,11,5,34,12,2,1,0,27,1,18,3,18003,4,2002,1G4CW54K3241,1,G,4,C,W,5,4,K,3,2,4,1,0,0,0,000000000,00000000000,0,0,0,1,0,0,0,0,0,0,0,55,0,0,0,12,6,2,12,0,0,0,1,27,56347,6,1,0,0,3,0,65,175,0,0,0,0,0,0,0,0,0,0,0,0,0,0,1,2,55,1,1,2,1,0,0,1,62,9,9,4,51,1,0
27,270284,2,2,1,21,11,5,34,12,2,1,0,27,1,23,481,23481,31,2005,1GTHK23275F8,1,G,T,H,K,2,3,2,7,5,F,8,0,0,0,000000000,00000000000,0,0,0,1,0,0,0,0,0,0,0,55,0,1,1,12,6,2,12,0,0,0,1,27,56345,6,1,0,0,3,0,70,230,0,0,0,0,0,0,0,0,0,0,51,0,0,0,1,2,55,1,1,2,1,0,0,1,10,1,1,2,50,0,0
27,270285,1,2,1,21,11,12,32,12,2,1,0,27,1,14,36,14036,4,1998,1MEFM10P4WW6,1,M,E,F,M,1,0,P,4,W,W,6,0,0,0,000000000,00000000000,0,0,0,1,0,0,0,0,0,0,0,50,0,0,0,12,6,2,12,0,0,0,1,27,55444,6,1,0,0,3,0,59,125,0,0,0,0,0,0,0,0,0,0,51,0,0,0,1,2,50,3,1,2,1,0,0,14,54,1,1,1,52,1,0
27,270285,2,2,1,21,11,12,32,12,2,1,0,27,1,48,45,48045,6,2011,4S4BRCCC6B34,4,S,4,B,R,C,C,C,6,B,3,4,0,0,0,000000000,00000000000,0,0,0,1,0,0,0,0,0,0,0,50,0,0,0,12,6,2,12,0,0,0,1,27,56444,6,1,0,0,3,1,62,155,0,0,0,0,0,0,0,0,0,0,0,0,0,0,1,2,50,2,1,2,1,0,0,14,54,7,1,1,52,0,0
27,270286,1,2,4,15,11,13,50,12,6,1,0,27,2,22,401,22401,14,2003,3G7DA03E13S5,3,G,7,D,A,0,3,E,1,3,S,5,0,0,0,000000000,00000000000,0,0,0,1,0,0,0,0,0,0,0,999,0,0,0,3,6,2,12,0,0,0,1,27,55354,6,1,0,0,3,0,67,200,0,0,0,1,0,4,2014,4,2014,5,87,0,0,0,1,2,55,1,1,2,3,0,0,1,6,1,4,2,66,2,0
27,270286,2,2,1,15,11,13,50,12,6,1,0,27,1,12,471,12471,30,1999,1FTZR15V6XPC,1,F,T,Z,R,1,5,V,6,X,P,C,1,1,0,000000000,00000000000,0,0,0,1,0,0,0,0,0,0,0,999,0,0,0,12,6,2,12,0,0,0,1,27,55331,6,1,6,0,3,0,70,210,0,0,0,0,0,0,0,0,0,0,0,0,0,0,1,2,55,1,1,2,3,0,0,1,62,4,9,1,66,0,0
27,270287,1,1,1,15,11,14,57,35,0,1,0,27,1,7,472,7472,31,2003,1D7HG32N83S1,1,D,7,H,G,3,2,N,8,3,S,1,0,0,0,000000000,00000000000,0,0,0,1,0,0,0,0,0,0,0,999,0,1,3,99,6,2,1,0,0,0,1,27,55320,6,1,0,0,3,1,76,330,0,0,0,0,0,0,0,0,0,5,87,0,0,0,3,2,70,1,1,2,4,0,0,1,6,98,4,4,7,1,0
27,270288,1,1,2,15,11,15,10,1,0,1,0,27,1,12,481,12481,31,2005,1FTWX31P05EA,1,F,T,W,X,3,1,P,0,5,E,A,1,1,0,000000000,00000000000,0,0,0,1,0,0,0,0,0,0,0,58,0,9,3,0,6,2,1,0,0,0,1,46,57237,6,1,6,0,3,1,67,185,1,0,0,0,0,6,2014,6,2014,4,87,0,0,0,3,2,65,1,1,1,4,0,0,1,12,1,9,4,7,1,0
27,270289,1,2,4,15,11,15,39,12,6,1,0,27,1,23,421,23421,15,2002,1GKEK13Z92J2,1,G,K,E,K,1,3,Z,9,2,J,2,0,0,0,000000000,00000000000,0,0,0,1,0,0,0,0,0,0,0,45,0,0,0,12,6,2,12,0,0,0,1,27,55387,6,1,0,0,3,1,78,255,0,0,0,0,0,0,0,0,0,0,0,0,0,0,1,2,55,3,1,2,4,0,0,14,62,4,9,1,66,0,0
27,270289,2,2,3,15,11,15,39,12,6,1,0,27,1,7,442,7442,20,2005,2D4GP44L55R1,2,D,4,G,P,4,4,L,5,5,R,1,0,0,0,000000000,00000000000,0,0,0,1,0,0,0,0,0,0,0,999,0,0,0,10,6,2,12,0,0,0,1,27,55387,6,1,0,0,3,0,68,120,0,0,0,0,0,0,0,0,0,0,87,0,0,0,1,2,55,2,1,2,4,0,0,14,5,98,4,2,66,2,0
27,270290,1,1,2,15,11,16,35,1,0,1,0,27,1,12,481,12481,31,2003,1FTRX18L53NA,1,F,T,R,X,1,8,L,5,3,N,A,0,0,0,000000000,00000000000,0,0,0,1,0,0,0,0,0,0,0,55,0,9,5,0,6,2,1,0,0,0,1,27,55355,6,1,0,0,3,1,72,230,0,0,0,0,0,0,0,0,0,4,87,0,0,0,1,2,55,1,1,1,3,0,0,6,6,98,9,4,2,1,0
27,270291,1,2,1,1,8,15,22,12,6,1,0,27,2,22,403,22403,14,2006,2CKDL63F8661,2,C,K,D,L,6,3,F,8,6,6,1,0,0,0,000000000,00000000000,0,0,0,1,0,0,0,0,0,0,0,66,0,0,0,61,6,2,12,0,0,0,1,27,56373,6,1,6,0,3,0,73,240,0,0,0,0,0,0,0,0,0,0,0,0,0,0,1,2,55,1,1,2,2,0,0,1,66,4,9,1,89,1,0
27,270291,2,2,2,1,8,15,22,12,6,1,0,55,2,7,482,7482,31,2013,3C6TR5CT1DG5,3,C,6,T,R,5,C,T,1,D,G,5,0,0,0,000000000,00000000000,0,0,0,1,0,0,0,0,0,0,0,53,0,0,0,12,6,2,12,0,0,0,1,22,70737,6,1,0,0,3,0,72,200,0,0,0,2,0,11,2011,6,2012,0,39,0,0,0,1,2,55,1,1,2,2,20,3,1,17,4,9,1,88,0,0
27,270292,1,2,1,21,11,2,12,12,6,1,0,27,1,12,401,12401,14,2003,1FMZU70E13UB,1,F,M,Z,U,7,0,E,1,3,U,B,0,0,0,000000000,00000000000,0,0,0,1,0,0,0,0,0,0,0,998,0,0,0,61,6,2,12,0,0,0,1,27,55304,1,1,0,0,2,0,66,150,0,3,0,1,0,5,2014,11,2014,9,99,99,99,99,1,4,30,1,1,2,1,3,3,99,66,99,9,9,89,0,0
27,270292,2,2,3,21,11,2,12,12,6,1,0,27,1,48,38,48038,4,2004,JF1GD29614G5,J,F,1,G,D,2,9,6,1,4,G,5,0,0,0,000000000,00000000000,0,0,0,1,0,0,0,0,0,0,0,998,0,0,0,12,6,2,12,0,0,0,1,27,55448,6,1,0,0,3,0,71,175,0,0,0,0,0,0,0,0,0,0,38,91,0,0,1,2,30,1,1,2,1,3,3,1,17,99,9,9,88,1,1
27,270293,1,1,1,25,11,11,55,52,0,1,0,27,1,23,481,23481,31,2010,1GTPKTEA8AZ1,1,G,T,P,K,T,E,A,8,A,Z,1,0,0,0,000000000,00000000000,0,0,0,1,0,0,0,0,0,0,0,998,0,0,0,12,6,2,52,0,0,0,1,27,55051,6,1,0,0,3,0,68,140,0,0,0,0,0,0,0,0,0,0,51,0,0,0,2,2,70,2,2,2,1,0,0,14,54,6,1,4,6,1,0
27,270294,1,1,4,27,11,1,39,42,0,1,0,27,2,20,481,20481,31,2009,1GCHC49K49E1,1,G,C,H,C,4,9,K,4,9,E,1,0,0,0,000000000,00000000000,0,0,0,1,0,0,0,0,0,0,0,998,0,0,0,12,6,2,42,0,0,0,1,27,55702,6,1,0,0,3,0,62,125,0,0,0,0,0,0,0,0,0,5,0,0,0,0,1,2,55,1,3,4,4,0,0,1,12,99,9,4,6,1,1
27,270295,1,1,3,29,11,0,28,48,0,1,0,27,2,98,998,98998,97,2014,4XAVH7EA1EB1,4,X,A,V,H,7,E,A,1,E,B,1,0,0,0,000000000,00000000000,0,0,0,1,0,0,0,0,0,0,0,40,0,1,1,12,9,3,48,0,0,0,1,38,55309,6,1,0,0,3,2,77,215,0,0,0,1,0,4,2014,4,2014,0,51,58,74,0,1,2,55,8,8,2,98,0,0,1,12,98,1,4,98,1,1
27,270296,1,1,2,22,11,15,4,10,0,1,0,27,2,20,443,20443,20,1999,1GNDU06E6XD2,1,G,N,D,U,0,6,E,6,X,D,2,0,0,0,000000000,00000000000,0,0,0,1,0,0,0,0,0,0,0,19,0,1,5,10,6,2,10,0,0,0,1,27,56362,6,1,0,0,3,0,61,250,0,1,0,0,0,1,2013,1,2013,0,87,0,0,0,1,2,55,1,2,4,2,65,3,1,5,4,2,1,15,2,0
27,270297,1,2,2,29,11,8,54,12,8,1,0,27,1,6,51,6051,4,1999,2C3HE66G6XH8,2,C,3,H,E,6,6,G,6,X,H,8,0,0,0,000000000,00000000000,0,0,0,1,0,0,0,0,0,0,0,40,0,0,0,1,6,2,12,0,0,0,1,27,55309,6,7,0,0,3,0,66,140,1,2,1,0,0,2,2013,6,2013,0,51,0,0,0,2,2,65,2,1,2,2,0,0,14,54,8,9,1,66,1,0
27,270297,2,2,2,29,11,8,54,12,8,1,0,27,1,12,461,12461,21,1999,1FDRE14W4XHB,1,F,D,R,E,1,4,W,4,X,H,B,0,0,0,000000000,00000000000,0,0,0,1,0,0,0,0,0,0,0,40,0,0,0,1,6,2,12,0,0,0,1,27,56312,6,1,0,0,3,1,70,230,0,0,0,0,0,0,0,0,0,0,0,0,0,0,2,2,65,3,1,2,2,0,0,14,54,6,9,1,66,0,0
27,270298,1,2,1,2,12,21,43,12,2,1,0,27,2,55,36,55036,4,2012,KMHCT4AE5CU0,K,M,H,C,T,4,A,E,5,C,U,0,0,0,0,000000000,00000000000,0,0,0,1,0,0,0,0,0,0,0,55,0,0,0,12,6,2,12,0,0,0,1,27,55447,6,1,0,0,3,1,66,190,0,0,0,1,0,1,2014,1,2014,9,28,0,0,0,1,2,55,1,1,1,1,0,0,1,10,1,1,2,50,1,0
27,270298,2,2,1,2,12,21,43,12,2,1,0,18,3,85,881,85881,66,2013,1XKADP9X5DJ3,1,X,K,A,D,P,9,X,5,D,J,3,2,1,57,21800,5721800,3,7,1,1,0,0,0,0,0,0,0,55,0,0,0,12,6,2,12,0,0,0,1,27,56273,6,1,6,0,3,1,68,157,0,0,0,0,0,0,0,0,0,0,0,0,0,0,1,2,55,1,1,1,1,0,0,1,62,1,1,1,51,0,0
27,270299,1,2,4,7,12,18,22,12,6,1,0,29,2,35,472,35472,30,2002,1N6ED29X32C3,1,N,6,E,D,2,9,X,3,2,C,3,0,0,0,000000000,00000000000,0,0,0,1,0,0,0,0,0,0,0,55,0,0,0,3,6,2,12,0,0,0,1,27,55355,0,0,0,0,0,0,999,999,0,0,0,0,0,0,0,0,0,4,28,87,0,0,1,2,55,1,1,2,4,0,0,1,6,1,4,2,66,1,0
27,270299,2,2,3,7,12,18,22,12,6,1,0,46,1,20,37,20037,4,2012,1G1ZB5E00CF1,1,G,1,Z,B,5,E,0,0,C,F,1,0,0,0,000000000,00000000000,0,0,0,1,0,0,0,0,0,0,0,55,0,0,0,12,6,2,12,0,0,0,1,46,57451,6,1,6,0,3,0,70,230,0,0,0,0,0,0,0,0,0,0,0,0,0,0,1,2,55,1,1,2,4,0,0,1,62,98,1,1,66,0,0
27,270300,1,2,1,10,12,10,35,12,6,1,0,27,1,18,2,18002,4,1997,1G4HP52K3VH5,1,G,4,H,P,5,2,K,3,V,H,5,0,0,0,000000000,00000000000,0,0,0,1,0,0,0,0,0,0,0,5,0,0,0,9,6,2,12,0,0,0,1,27,55779,6,1,0,0,3,1,71,192,0,0,0,0,0,0,0,0,0,0,38,0,0,0,1,2,60,1,1,2,2,20,3,4,17,1,1,1,89,1,0
27,270300,2,2,1,10,12,10,35,12,6,1,0,55,3,87,881,87881,66,2010,1XPXDB9X3AD1,1,X,P,X,D,B,9,X,3,A,D,1,1,1,57,2179710,572179710,3,6,8,1,0,0,0,0,0,0,0,65,0,0,0,12,6,2,12,0,0,0,1,8,80634,6,1,6,0,3,0,70,140,0,0,0,2,2,1,2012,3,2014,5,0,0,0,0,1,2,60,1,1,2,2,0,0,1,66,98,9,1,88,0,0
27,270301,1,2,1,10,12,10,37,12,6,1,0,27,1,2,404,2404,14,1999,1J4GW68N4XC7,1,J,4,G,W,6,8,N,4,X,C,7,0,0,0,000000000,00000000000,0,0,0,1,0,0,0,0,0,0,0,998,0,0,0,12,6,2,12,0,0,0,1,27,55074,6,1,0,0,3,0,66,145,0,0,0,0,0,0,0,0,0,0,0,0,0,0,1,3,55,1,2,2,4,0,0,3,67,4,9,1,83,0,0
27,270301,2,2,1,10,12,10,37,12,6,1,0,27,1,24,2,24002,2,2002,1G8ZR12722Z2,1,G,8,Z,R,1,2,7,2,2,Z,2,0,0,0,000000000,00000000000,0,0,0,1,0,0,0,0,0,0,0,999,0,0,0,9,6,2,12,0,0,0,1,27,55013,6,1,6,0,3,1,68,195,0,0,0,0,0,0,0,0,0,0,38,0,0,0,1,2,98,1,8,2,4,20,3,11,15,1,1,1,82,1,0
27,270302,1,2,1,11,12,15,18,12,2,1,0,27,1,37,32,37032,4,2003,JHMCM56623C0,J,H,M,C,M,5,6,6,2,3,C,0,0,0,0,000000000,00000000000,0,0,0,1,0,0,0,0,0,0,0,999,0,0,0,12,6,2,12,0,0,0,1,27,55108,6,1,0,0,3,0,74,200,0,0,0,0,0,0,0,0,0,3,28,87,0,0,1,2,55,2,1,2,2,0,0,14,6,99,3,3,50,1,1
27,270302,2,2,3,11,12,15,18,12,2,1,0,27,1,2,404,2404,14,2004,1J4GW48S84C1,1,J,4,G,W,4,8,S,8,4,C,1,0,0,0,000000000,00000000000,0,0,0,1,0,0,0,0,0,0,0,999,0,0,0,12,6,2,12,0,0,0,1,27,55124,6,1,0,0,3,0,67,165,0,0,0,0,0,0,0,0,0,0,0,0,0,0,1,2,55,3,1,2,2,0,0,14,62,1,1,1,51,1,0
27,270303,1,1,1,15,12,3,31,10,0,1,0,27,2,18,2,18002,4,2000,1G4HR54K4YU1,1,G,4,H,R,5,4,K,4,Y,U,1,0,0,0,000000000,00000000000,0,0,0,1,0,0,0,0,0,0,0,0,0,0,0,11,6,2,10,0,0,0,1,27,56569,4,1,0,0,2,0,66,180,0,0,1,0,0,4,2012,4,2012,9,54,0,0,0,1,2,98,1,2,5,11,65,3,5,91,1,1,1,15,1,1
27,270304,1,2,1,11,12,18,12,12,6,1,0,27,2,7,442,7442,20,1993,2B4GH4531PR1,2,B,4,G,H,4,5,3,1,P,R,1,0,0,0,000000000,00000000000,0,0,0,1,0,0,0,0,0,0,0,999,0,0,0,1,6,2,12,0,0,0,1,27,56701,6,1,0,0,3,3,69,200,0,0,0,0,0,0,0,0,0,0,38,0,0,0,1,2,60,1,1,2,1,0,0,11,15,1,1,1,68,0,0
27,270304,2,2,2,11,12,18,12,12,6,1,0,27,1,12,17,12017,4,2003,1FAFP55U43A1,1,F,A,F,P,5,5,U,4,3,A,1,0,0,0,000000000,00000000000,0,0,0,1,0,0,0,0,0,0,0,999,0,0,0,12,6,2,12,0,0,0,1,27,56760,6,1,0,0,3,3,59,250,0,0,0,0,0,0,0,0,0,0,0,0,0,0,1,2,60,1,1,2,1,0,0,1,62,7,1,1,69,1,0
27,270305,1,2,2,13,12,0,40,12,2,1,0,27,1,21,21,21021,4,2001,1G3NL52E71C2,1,G,3,N,L,5,2,E,7,1,C,2,0,0,0,000000000,00000000000,0,0,0,1,0,0,0,0,0,0,0,999,0,0,0,12,6,2,12,0,0,0,1,27,56482,6,1,0,0,3,0,71,185,0,1,0,0,1,8,2012,9,2012,0,28,0,0,0,1,2,60,1,1,2,2,0,0,1,10,1,1,2,50,1,1
27,270305,2,2,1,13,12,0,40,12,2,1,0,38,3,51,881,51881,66,2007,4V4NC9TJ87N4,4,V,4,N,C,9,T,J,8,7,N,4,1,1,57,316933,57316933,3,6,1,1,0,0,0,0,0,0,0,999,0,0,0,12,6,2,12,0,0,0,1,17,60652,6,1,6,0,3,3,63,160,0,0,0,0,0,0,0,0,0,0,0,0,0,0,1,2,60,1,1,2,2,0,0,1,62,98,9,1,51,0,0
27,270306,1,2,1,13,12,16,52,12,2,1,0,31,3,49,442,49442,20,2014,5TDKK3DC6ES4,5,T,D,K,K,3,D,C,6,E,S,4,0,0,0,000000000,00000000000,0,0,0,1,0,0,0,0,0,0,0,998,0,0,0,12,6,2,12,0,0,0,1,27,55779,6,1,0,0,3,2,71,210,0,0,0,0,0,0,0,0,0,0,28,74,0,0,1,2,55,1,1,2,2,0,0,1,54,1,1,2,52,0,1
27,270306,2,2,2,13,12,16,52,12,2,1,0,27,2,20,403,20403,14,2007,1GNDT13S8722,1,G,N,D,T,1,3,S,8,7,2,2,0,0,0,000000000,00000000000,0,0,0,1,0,0,0,0,0,0,0,998,0,0,0,12,6,2,12,0,0,0,1,27,55006,6,1,6,0,3,0,71,230,0,0,0,0,0,0,0,0,0,0,0,0,0,0,1,2,55,1,1,2,2,0,0,1,54,8,9,1,52,1,0
27,270307,1,1,4,13,12,22,7,1,0,1,0,27,2,6,52,6052,6,2003,3C8FY78G03T5,3,C,8,F,Y,7,8,G,0,3,T,5,0,0,0,000000000,00000000000,0,0,0,1,0,0,0,0,0,0,0,102,0,9,3,0,6,2,1,0,0,0,1,27,56120,6,2,0,0,3,2,70,200,0,0,0,0,1,7,2014,7,2014,3,52,73,0,0,2,3,65,2,1,1,2,0,0,14,6,7,3,4,7,1,0
27,270308,1,1,2,20,12,19,20,35,0,1,0,55,1,41,50,41050,4,2008,1YVHP80C185M,1,Y,V,H,P,8,0,C,1,8,5,M,0,0,0,000000000,00000000000,0,0,0,1,0,0,0,0,0,0,0,66,0,0,0,62,6,2,35,0,0,0,1,55,54636,6,1,0,0,3,0,77,200,99,99,99,99,99,99,9999,99,9999,0,87,0,0,0,1,2,55,2,4,2,4,0,0,14,5,1,3,4,7,1,1
27,270309,1,3,1,20,12,19,0,12,6,1,0,27,2,12,17,12017,4,2003,1FAFP53U43G2,1,F,A,F,P,5,3,U,4,3,G,2,0,0,0,000000000,00000000000,0,0,0,1,0,0,0,0,0,0,0,998,0,0,0,82,6,2,12,0,0,0,1,27,55764,6,1,0,0,3,3,62,143,0,0,0,0,0,0,0,0,0,5,87,0,0,0,1,4,55,3,2,2,4,0,0,14,6,99,4,2,66,1,0
27,270309,2,3,1,20,12,19,0,12,6,1,0,29,2,55,401,55401,14,2014,5XYZTDLB4EG1,5,X,Y,Z,T,D,L,B,4,E,G,1,0,0,0,000000000,00000000000,0,0,0,1,0,0,0,0,0,0,0,998,0,0,0,12,4,3,12,0,0,0,1,29,63021,6,1,0,0,3,1,70,180,99,99,99,99,99,99,9999,99,9999,0,87,0,0,0,2,4,55,2,2,2,4,0,0,14,62,99,9,1,66,0,0
27,270309,3,3,1,20,12,19,0,12,6,1,0,27,2,12,481,12481,31,1991,1FTEF14N8MPA,1,F,T,E,F,1,4,N,8,M,P,A,0,0,0,000000000,00000000000,0,0,0,1,0,0,0,0,0,0,0,998,0,0,0,3,6,5,12,0,0,0,1,27,55709,6,2,0,0,3,1,72,147,0,0,0,0,0,0,0,0,0,0,0,0,0,0,2,4,55,2,2,2,4,0,0,14,62,98,2,1,98,0,0
27,270310,1,1,1,11,10,13,28,8,0,1,0,27,3,82,881,82881,66,2007,1FUJA6CV57LW,1,F,U,J,A,6,C,V,5,7,L,W,1,1,57,1221715,571221715,3,6,8,1,0,0,0,0,0,0,0,55,0,0,0,12,2,5,8,0,0,0,1,27,55983,6,1,6,0,3,0,74,270,0,0,0,0,0,0,0,0,0,0,0,0,0,0,1,2,55,3,6,2,1,0,0,14,80,8,1,2,13,0,0
27,270311,1,1,1,20,11,0,31,8,0,1,0,27,3,6,18,6018,4,2015,1C3CCCABXFN5,1,C,3,C,C,C,A,B,X,F,N,5,0,0,0,000000000,00000000000,0,0,0,1,0,0,0,0,0,0,0,60,0,0,0,12,4,3,8,0,0,0,1,12,33139,6,1,0,0,3,1,69,999,0,0,0,0,0,0,0,0,0,0,0,0,0,0,3,3,60,1,1,1,1,0,0,1,80,6,1,1,13,0,0
27,270312,1,1,1,25,11,23,57,19,0,1,0,27,5,37,32,37032,4,2001,JHMCG56471C0,J,H,M,C,G,5,6,4,7,1,C,0,0,0,0,000000000,00000000000,0,0,0,1,0,0,0,0,0,0,0,998,0,0,0,99,6,2,99,0,0,0,1,99,99999,9,9,99,9,9,9,999,999,99,99,99,99,99,99,9999,99,9999,0,37,0,0,0,1,4,35,3,2,2,1,0,0,14,13,99,9,4,1,1,0