STATE,ST_CASE,VEH_NO,VE_FORMS,NUMOCCS,DAY,MONTH,HOUR,MINUTE,HARM_EV,MAN_COLL,UNITTYPE,HIT_RUN,REG_STAT,OWNER,MAKE,MODEL,MAK_MOD,BODY_TYP,MOD_YEAR,VIN,VIN_1,VIN_2,VIN_3,VIN_4,VIN_5,VIN_6,VIN_7,VIN_8,VIN_9,VIN_10,VIN_11,VIN_12,TOW_VEH,J_KNIFE,MCARR_I1,MCARR_I2,MCARR_ID,GVWR,V_CONFIG,CARGO_BT,HAZ_INV,HAZ_PLAC,HAZ_ID,HAZ_CNO,HAZ_REL,BUS_USE,SPEC_USE,EMER_USE,TRAV_SP,UNDERIDE,ROLLOVER,ROLINLOC,IMPACT1,DEFORMED,TOWED,M_HARM,VEH_SC1,VEH_SC2,FIRE_EXP,DR_PRES,L_STATE,DR_ZIP,L_STATUS,L_TYPE,CDL_STAT,L_ENDORS,L_COMPL,L_RESTRI,DR_HGT,DR_WGT,PREV_ACC,PREV_SUS,PREV_DWI,PREV_SPD,PREV_OTH,FIRST_MO,FIRST_YR,LAST_MO,LAST_YR,SPEEDREL,DR_SF1,DR_SF2,DR_SF3,DR_SF4,VTRAFWAY,VNUM_LAN,VSPD_LIM,VALIGN,VPROFILE,VPAVETYP,VSURCOND,VTRAFCON,VTCONT_F,P_CRASH1,P_CRASH2,P_CRASH3,PCRASH4,PCRASH5,ACC_TYPE,DEATHS,DR_DRINK
28,280108,1,1,1,16,3,0,51,35,0,1,0,28,1,20,403,20403,14,2004,1GNES16S5461,1,G,N,E,S,1,6,S,5,4,6,1,0,0,0,000000000,00000000000,0,0,0,1,0,0,0,0,0,0,0,998,0,1,5,12,6,2,1,0,0,0,1,28,39212,6,1,0,0,3,1,69,260,98,0,0,1,0,1,2012,1,2012,0,28,0,0,0,2,4,50,1,1,2,2,3,3,1,13,1,1,4,5,1,0
28,280109,1,1,1,16,3,3,7,1,0,1,0,28,2,49,472,49472,32,1997,4TAVL52N6VZ2,4,T,A,V,L,5,2,N,6,V,Z,2,0,0,0,000000000,00000000000,0,0,0,1,0,0,0,0,0,0,0,55,0,1,5,0,6,2,1,0,0,0,1,28,39051,6,1,0,0,3,0,65,145,98,0,0,0,0,0,0,0,0,0,28,0,0,0,1,2,55,1,2,2,2,0,0,1,13,1,1,4,4,1,1
28,280110,1,2,6,16,3,7,52,12,6,1,0,28,1,20,422,20422,15,2005,3GNEC16Z05G2,3,G,N,E,C,1,6,Z,0,5,G,2,0,0,0,000000000,00000000000,0,0,0,1,0,0,0,0,0,0,0,55,0,0,0,12,6,2,12,0,0,0,1,28,39747,6,1,6,0,3,0,72,223,98,0,0,1,0,6,2012,6,2012,0,0,0,0,0,2,4,60,1,1,2,2,0,0,1,54,1,1,1,86,0,0
28,280110,2,2,1,16,3,7,52,12,6,1,0,28,1,12,481,12481,31,1992,1FTDF15N5NNA,1,F,T,D,F,1,5,N,5,N,N,A,0,0,0,000000000,00000000000,0,0,0,1,0,0,0,0,0,0,0,999,0,0,0,81,6,2,12,0,0,0,1,28,38917,6,1,0,0,3,0,64,140,98,0,0,0,0,0,0,0,0,0,38,0,0,0,2,4,55,1,1,2,2,4,3,1,10,1,1,2,87,1,0
28,280111,1,1,2,16,3,10,15,42,0,1,0,28,1,20,403,20403,14,2003,1GNDS13S7323,1,G,N,D,S,1,3,S,7,3,2,3,0,0,0,000000000,00000000000,0,0,0,1,0,0,0,0,0,0,0,50,0,0,0,12,6,2,42,0,0,0,1,28,38670,6,1,0,0,3,1,66,190,98,0,0,0,0,0,0,0,0,4,28,0,0,0,1,2,55,1,1,2,2,0,0,1,13,1,2,4,2,1,0
28,280112,1,2,1,16,3,17,24,12,1,1,0,28,3,84,882,84882,66,2013,3HSDJSJR9DN1,3,H,S,D,J,S,J,R,9,D,N,1,1,1,57,2121569,572121569,3,6,1,1,0,0,0,0,0,0,0,65,0,0,0,12,6,2,12,0,0,0,1,28,39204,6,1,6,0,3,1,74,179,98,0,0,0,2,9,2013,10,2013,0,0,0,0,0,2,4,65,1,1,2,1,0,0,1,51,99,1,1,24,0,0
28,280112,2,2,2,16,3,17,24,12,1,1,0,28,1,6,52,6052,6,2002,3C8FY68B52T3,3,C,8,F,Y,6,8,B,5,2,T,3,0,0,0,000000000,00000000000,0,0,0,1,0,0,0,0,0,0,0,999,0,0,0,6,6,2,12,0,0,0,1,28,39194,6,1,0,0,3,0,66,160,98,0,0,0,0,0,0,0,0,0,38,0,0,0,2,4,65,1,1,2,1,0,0,1,53,1,1,1,25,1,0
28,280113,1,2,1,18,3,18,11,12,6,1,0,28,1,20,2,20002,4,1993,1G1BL53E2PR1,1,G,1,B,L,5,3,E,2,P,R,1,0,0,0,000000000,00000000000,0,0,0,1,0,0,0,0,0,0,0,5,0,0,0,61,6,2,12,0,0,0,1,28,39479,6,1,0,0,3,0,59,122,98,0,0,0,0,0,0,0,0,0,38,0,0,0,2,4,65,1,1,2,1,20,3,1,17,1,1,2,89,1,0
28,280113,2,2,1,18,3,18,11,12,6,1,0,28,1,20,25,20025,4,2012,1G1PG5SC1C71,1,G,1,P,G,5,S,C,1,C,7,1,0,0,0,000000000,00000000000,0,0,0,1,0,0,0,0,0,0,0,65,0,0,0,12,6,2,12,0,0,0,1,28,39211,6,1,0,0,3,1,68,165,98,0,0,1,0,2,2014,2,2014,0,0,0,0,0,2,4,65,1,1,2,1,0,0,1,10,1,1,2,88,0,0
28,280114,1,2,1,19,3,14,53,12,6,1,0,28,1,12,471,12471,30,1998,1FTZX1760WNB,1,F,T,Z,X,1,7,6,0,W,N,B,0,0,0,000000000,00000000000,0,0,0,1,0,0,0,0,0,0,0,999,0,0,0,9,6,2,12,0,0,0,1,28,39443,6,1,0,0,3,0,71,185,98,0,0,0,0,0,0,0,0,0,38,0,0,0,1,2,55,1,1,2,1,0,0,11,15,1,1,2,82,1,0
28,280114,2,2,2,19,3,14,53,12,6,1,0,28,1,12,481,12481,31,1992,1FTHF25H1NNB,1,F,T,H,F,2,5,H,1,N,N,B,0,0,0,000000000,00000000000,0,0,0,1,0,0,0,0,0,0,0,999,0,0,0,12,6,2,12,0,0,0,1,28,39440,0,0,0,0,0,0,999,999,99,99,99,99,99,99,9999,99,9999,0,0,0,0,0,1,2,55,1,1,2,1,0,0,1,66,99,1,2,83,0,0
28,280115,1,1,3,20,3,13,7,42,0,1,0,28,2,14,6,14006,4,1999,2MEFM74W3XX6,2,M,E,F,M,7,4,W,3,X,X,6,0,0,0,000000000,00000000000,0,0,0,1,0,0,0,0,0,0,0,45,0,0,0,12,6,2,42,0,0,0,1,22,71373,6,1,0,0,3,1,74,310,0,0,0,0,0,0,0,0,0,0,99,99,99,99,1,2,65,1,1,2,1,20,3,1,14,99,1,4,14,2,0
28,280116,1,3,3,20,3,18,50,12,1,1,0,28,1,35,39,35039,4,2000,JN1CA31A1YT2,J,N,1,C,A,3,1,A,1,Y,T,2,0,0,0,000000000,00000000000,0,0,0,1,0,0,0,0,0,0,0,999,0,0,0,12,6,2,12,0,0,0,1,28,38671,6,1,0,0,3,0,72,153,98,2,0,0,0,11,2011,12,2013,0,26,0,0,0,3,5,70,1,2,1,1,0,0,1,51,1,1,2,24,1,0
28,280116,2,3,1,20,3,18,50,12,1,1,0,5,1,12,481,12481,31,2010,1FTSW2BY5AEB,1,F,T,S,W,2,B,Y,5,A,E,B,0,0,0,000000000,00000000000,0,0,0,1,0,0,0,0,0,0,0,50,0,1,1,12,6,2,12,0,0,0,1,5,72335,6,1,0,0,3,0,66,200,0,0,0,1,0,2,2012,2,2012,0,0,0,0,0,3,5,70,1,2,1,1,0,0,1,60,1,1,2,98,0,0
28,280116,3,3,1,20,3,18,50,12,1,1,0,28,1,20,481,20481,31,1998,1GCEC19R5WE1,1,G,C,E,C,1,9,R,5,W,E,1,0,0,0,000000000,00000000000,0,0,0,1,0,0,0,0,0,0,0,50,0,0,0,6,6,2,12,0,0,0,1,28,38637,6,1,6,0,3,1,77,320,98,0,0,0,0,0,0,0,0,0,0,0,0,0,3,5,70,1,2,1,1,0,0,1,53,1,1,2,25,0,0
28,280117,1,1,1,20,3,21,12,34,0,1,0,47,1,49,43,49043,4,1999,4T1BF18B3XU3,4,T,1,B,F,1,8,B,3,X,U,3,0,0,0,000000000,00000000000,0,0,0,1,0,0,0,0,0,0,0,65,0,1,5,12,6,2,1,0,0,0,1,28,38642,0,0,0,0,0,0,999,999,99,99,99,99,99,99,9999,99,9999,9,28,0,0,0,1,2,45,1,1,2,1,0,0,1,9,9,2,4,4,1,0
28,280118,1,1,3,21,3,14,30,24,0,1,0,28,2,52,34,52034,4,2009,4A3AB36F89E0,4,A,3,A,B,3,6,F,8,9,E,0,0,0,0,000000000,00000000000,0,0,0,1,0,0,0,0,0,0,0,998,0,0,0,83,6,2,24,0,0,0,1,28,39212,0,0,0,0,0,0,999,999,99,99,99,99,99,99,9999,99,9999,9,99,99,99,99,2,4,70,1,1,2,1,0,0,1,12,3,4,4,10,1,0
28,280119,1,1,1,22,3,13,8,1,0,1,0,28,3,20,881,20881,62,1994,1GBM7H1M5RJ1,1,G,B,M,7,H,1,M,5,R,J,1,0,0,57,1373621,571373621,2,2,2,1,0,0,0,0,0,0,0,998,0,1,5,0,6,2,1,0,0,0,1,28,39641,6,1,6,1,3,1,71,146,98,0,0,0,0,0,0,0,0,0,28,0,0,0,1,2,55,1,1,2,1,0,0,1,9,3,2,4,5,1,0
28,280120,1,1,1,23,3,12,30,42,0,1,0,28,2,55,37,55037,2,2003,KMHHN65F73U1,K,M,H,H,N,6,5,F,7,3,U,1,0,0,0,000000000,00000000000,0,0,0,1,0,0,0,0,0,0,0,999,0,1,1,12,6,2,42,0,0,0,1,28,39204,6,1,0,0,3,0,74,215,98,0,0,0,0,0,0,0,0,0,28,0,0,0,1,2,45,1,1,2,1,0,0,1,13,8,2,4,2,1,0
28,280121,1,1,1,24,3,11,29,42,0,1,0,28,2,49,47,49047,6,2005,2T1KR32E45C3,2,T,1,K,R,3,2,E,4,5,C,3,0,0,0,000000000,00000000000,0,0,0,1,0,0,0,0,0,0,0,999,0,0,0,62,6,2,42,0,0,0,1,28,39743,6,2,0,0,3,0,62,150,98,0,0,0,0,0,0,0,0,0,28,0,0,0,1,2,55,4,2,2,1,0,0,14,13,4,2,4,5,1,0
28,280122,1,1,1,24,3,13,27,8,0,1,0,28,1,35,39,35039,4,2013,1N4AA5AP5DC8,1,N,4,A,A,5,A,P,5,D,C,8,0,0,0,000000000,00000000000,0,0,0,1,0,0,0,0,0,0,0,45,0,0,0,12,6,2,8,0,0,0,1,28,39422,6,1,0,0,3,0,65,138,98,0,0,0,0,0,0,0,0,0,0,0,0,0,1,2,55,1,3,2,1,28,3,1,80,1,1,1,13,0,0
28,280123,1,1,1,24,3,21,39,35,0,1,0,28,1,35,481,35481,31,2008,1N6BA06AX8N3,1,N,6,B,A,0,6,A,X,8,N,3,0,0,0,000000000,00000000000,0,0,0,1,0,0,0,0,0,0,0,35,0,0,0,12,6,2,3,0,0,0,1,28,39120,6,1,0,0,3,0,72,280,98,0,0,0,0,0,0,0,0,0,28,0,0,0,1,2,35,1,1,2,1,0,0,1,13,99,1,4,4,1,0
28,280124,1,2,1,25,3,10,30,12,1,1,0,28,1,20,2,20002,4,1992,1G1BL53E4NR1,1,G,1,B,L,5,3,E,4,N,R,1,0,0,0,000000000,00000000000,0,0,0,1,0,0,0,0,0,0,0,0,0,0,0,6,6,2,12,0,0,0,1,28,39059,6,1,0,0,3,0,69,200,98,0,0,0,0,0,0,0,0,0,86,0,0,0,1,2,45,1,2,2,1,50,3,5,53,1,1,2,21,0,0
28,280124,2,2,2,25,3,10,30,12,1,1,0,28,1,12,402,12402,14,2013,1FMCU0H91DUA,1,F,M,C,U,0,H,9,1,D,U,A,0,0,0,000000000,00000000000,0,0,0,1,0,0,0,0,0,0,0,35,0,1,1,12,6,2,1,0,0,0,1,28,39059,6,1,0,0,3,0,66,123,98,0,0,1,0,8,2013,8,2013,0,26,38,0,0,1,2,45,1,2,2,1,50,3,1,50,3,1,2,20,0,0
28,280125,1,3,1,25,3,23,44,54,11,1,0,12,3,85,884,85884,66,2007,3WKADB9X27F1,3,W,K,A,D,B,9,X,2,7,F,1,1,1,57,795982,57795982,3,6,3,1,0,0,0,0,0,0,0,68,0,0,0,18,6,2,54,0,0,0,1,12,32068,6,1,99,9,9,9,999,999,99,99,99,99,99,99,9999,99,9999,0,0,0,0,0,2,4,65,1,1,2,1,0,0,1,98,4,1,3,98,0,0
28,280125,2,3,2,25,3,23,44,54,11,1,0,45,2,20,403,20403,14,2004,1GNDS13S8423,1,G,N,D,S,1,3,S,8,4,2,3,0,0,0,000000000,00000000000,0,0,0,1,0,0,0,0,0,0,0,55,0,1,1,62,6,2,1,0,0,0,1,37,99999,6,1,0,0,3,1,68,999,0,0,0,1,0,9,2011,9,2011,0,0,0,0,0,2,4,65,1,1,2,1,0,0,15,90,9,2,2,98,1,0
28,280125,3,3,1,25,3,23,44,54,11,1,0,28,3,82,883,82883,66,2005,1FUJA6AV35LN,1,F,U,J,A,6,A,V,3,5,L,N,1,1,57,1239436,571239436,3,6,97,1,0,0,0,0,0,0,0,62,0,0,0,12,6,2,12,0,0,0,1,28,38721,6,1,6,1,3,1,75,150,98,0,0,0,0,0,0,0,0,0,0,0,0,0,2,4,65,1,1,2,1,0,0,1,90,4,2,1,98,0,0
28,280126,1,1,1,26,3,20,39,32,0,1,0,28,2,20,431,20431,16,2003,1GNEC16Z43R1,1,G,N,E,C,1,6,Z,4,3,R,1,0,0,0,000000000,00000000000,0,0,0,1,0,0,0,0,0,0,0,999,0,0,0,14,6,2,32,0,0,0,1,28,39648,6,1,0,0,3,0,71,165,98,1,0,0,0,7,2012,7,2012,0,28,0,0,0,2,4,70,1,1,1,1,0,0,1,13,99,2,4,5,1,0
28,280127,1,2,4,30,3,3,25,12,1,1,0,28,2,49,401,49401,14,2000,JT3GN86R0Y01,J,T,3,G,N,8,6,R,0,Y,0,1,0,0,0,000000000,00000000000,0,0,0,1,0,0,0,0,0,0,0,50,0,0,0,6,6,2,33,0,0,0,1,28,39154,6,1,0,0,3,0,70,145,98,1,0,0,0,4,2013,4,2013,0,0,0,0,0,2,4,55,1,2,2,1,0,0,1,53,1,1,4,25,1,1
28,280127,2,2,1,30,3,3,25,12,1,1,0,28,2,12,481,12481,31,2005,1FTPX12505FA,1,F,T,P,X,1,2,5,0,5,F,A,0,0,0,000000000,00000000000,0,0,0,1,0,0,0,0,0,0,0,998,0,0,0,12,6,2,12,0,0,0,1,28,39212,6,1,0,0,3,0,61,165,98,0,0,0,0,0,0,0,0,0,0,0,0,0,2,4,55,1,2,2,1,0,0,1,51,1,1,4,24,0,1
28,280128,1,2,1,30,3,16,35,12,7,1,0,28,1,37,734,37734,90,2013,1HFTE2308D44,1,H,F,T,E,2,3,0,8,D,4,4,0,0,0,000000000,00000000000,0,0,0,1,0,0,0,0,0,0,0,998,0,1,1,82,6,2,1,0,0,0,1,28,39338,0,0,0,0,0,0,999,999,98,1,0,1,0,7,2013,12,2013,0,0,0,0,0,1,2,45,1,1,2,1,0,0,6,11,99,5,2,44,1,0
28,280128,2,2,1,30,3,16,35,12,7,1,0,28,1,97,997,97997,98,9998,888888888888,8,8,8,8,8,8,8,8,8,8,8,8,0,0,0,000000000,00000000000,0,0,0,1,0,0,0,0,0,0,0,998,0,1,1,62,6,2,1,0,0,0,1,28,39422,0,0,0,0,0,0,999,999,99,99,99,99,99,99,9999,99,9999,0,0,0,0,0,1,2,45,1,1,2,1,0,0,1,61,1,5,2,45,0,0
28,280129,1,1,1,1,4,8,45,1,0,1,0,28,1,63,34,63034,4,2003,KNAGD1262352,K,N,A,G,D,1,2,6,2,3,5,2,0,0,0,000000000,00000000000,0,0,0,1,0,0,0,0,0,0,0,998,0,1,5,0,6,2,1,0,0,0,1,28,39209,6,1,0,0,3,0,64,200,98,0,1,0,1,9,2013,9,2013,0,28,0,0,0,1,2,45,1,1,2,1,0,0,1,13,99,2,4,4,1,0
28,280130,1,2,2,1,4,18,15,12,2,1,0,28,1,41,51,41051,4,2008,JM1BK12F3817,J,M,1,B,K,1,2,F,3,8,1,7,0,0,0,000000000,00000000000,0,0,0,1,0,0,0,0,0,0,0,35,0,0,0,12,6,2,12,0,0,0,1,12,32927,6,1,99,9,9,9,999,999,99,99,99,99,99,99,9999,99,9999,0,0,0,0,0,1,2,25,1,1,2,1,0,0,1,63,1,1,1,51,0,0
28,280130,2,2,1,1,4,18,15,12,2,1,0,28,2,37,706,37706,80,1999,1HFSC3913XA1,1,H,F,S,C,3,9,1,3,X,A,1,0,0,0,000000000,00000000000,0,0,0,1,0,0,0,0,0,0,0,998,0,0,0,12,6,2,12,0,0,0,1,28,39305,0,0,0,0,0,0,71,175,99,99,99,99,99,99,9999,99,9999,0,51,28,0,0,1,2,35,1,1,2,1,0,0,1,10,1,2,2,50,1,1
28,280131,1,2,1,1,4,19,36,12,2,1,0,28,2,35,47,35047,4,2005,1N4AL11D85C1,1,N,4,A,L,1,1,D,8,5,C,1,0,0,0,000000000,00000000000,0,0,0,1,0,0,0,0,0,0,0,999,0,0,0,12,6,2,12,0,0,0,1,28,39339,6,1,0,0,3,0,73,185,98,0,0,1,0,9,2011,9,2011,3,51,28,0,0,1,2,45,1,1,2,1,0,0,1,10,1,1,2,50,0,1
28,280131,2,2,1,1,4,19,36,12,2,1,0,28,2,12,17,12017,4,2011,1FAHP2EW9BG1,1,F,A,H,P,2,E,W,9,B,G,1,0,0,0,000000000,00000000000,0,0,0,1,0,0,0,0,0,0,0,999,0,0,0,12,6,2,12,0,0,0,1,28,39339,6,1,0,0,3,0,71,252,98,0,0,4,0,8,2011,8,2013,0,0,0,0,0,1,2,45,1,1,2,1,0,0,1,54,1,1,2,51,1,0
28,280132,1,1,1,2,4,22,0,53,0,1,0,28,1,63,37,63037,6,2012,KNDJT2A66C74,K,N,D,J,T,2,A,6,6,C,7,4,0,0,0,000000000,00000000000,0,0,0,1,0,0,0,0,0,0,0,65,0,1,5,12,6,2,1,0,0,0,1,28,39301,6,1,0,0,3,0,67,164,98,0,0,0,0,0,0,0,0,0,28,0,0,0,1,2,45,3,1,2,1,0,0,14,13,4,1,4,5,1,0
28,280133,1,1,1,4,4,12,30,32,0,1,0,28,2,7,472,7472,30,1992,1B7GL23Y0NS6,1,B,7,G,L,2,3,Y,0,N,S,6,0,0,0,000000000,00000000000,0,0,0,1,0,0,0,0,0,0,0,998,0,0,0,12,6,2,32,0,0,0,1,28,39601,6,1,0,0,3,1,66,160,98,0,0,0,0,0,0,0,0,4,28,0,0,0,1,2,55,3,1,2,2,0,0,14,6,9,2,4,7,1,0
28,280134,1,1,1,4,4,14,23,42,0,1,0,28,1,12,23,12023,4,2011,3FAHP0HA8BR1,3,F,A,H,P,0,H,A,8,B,R,1,0,0,0,000000000,00000000000,0,0,0,1,0,0,0,0,0,0,0,998,0,0,0,12,6,2,42,0,0,0,1,28,39119,6,1,0,0,3,0,68,235,98,0,0,0,0,0,0,0,0,9,0,0,0,0,1,2,55,1,1,2,1,0,0,1,12,99,1,4,6,1,0
28,280135,1,2,3,5,4,23,16,12,2,1,0,28,2,49,43,49043,4,1999,4T1BF18B2XU2,4,T,1,B,F,1,8,B,2,X,U,2,0,0,0,000000000,00000000000,0,0,0,1,0,0,0,0,0,0,0,999,0,0,0,12,6,2,12,0,0,0,1,28,39180,6,1,0,0,3,0,67,175,98,0,0,0,0,0,0,0,0,0,51,28,0,0,1,2,55,1,2,2,1,0,0,1,10,99,1,2,50,1,1
28,280135,2,2,1,5,4,23,16,12,2,1,0,48,2,6,18,6018,4,2012,1C3CCBAB9CN1,1,C,3,C,C,B,A,B,9,C,N,1,0,0,0,000000000,00000000000,0,0,0,1,0,0,0,0,0,0,0,999,0,0,0,12,6,2,12,0,0,0,1,48,78073,6,1,0,0,3,0,999,999,0,0,0,0,0,0,0,0,0,0,0,0,0,0,1,2,55,1,2,2,1,0,0,1,62,1,1,2,51,0,0
28,280136,1,1,3,6,4,0,39,42,0,1,0,28,2,58,37,58037,4,2006,JNKCV51E66M5,J,N,K,C,V,5,1,E,6,6,M,5,0,0,0,000000000,00000000000,0,0,0,1,0,0,0,0,0,0,0,998,0,1,5,12,6,2,42,0,0,0,1,28,39074,0,0,0,0,0,0,999,999,99,99,99,99,99,99,9999,99,9999,9,28,0,0,0,2,4,70,1,1,2,1,0,0,1,13,99,2,4,2,1,0
28,280137,1,1,2,6,4,3,10,8,0,1,0,28,3,23,870,23870,61,2010,1GD6G4BG3A19,1,G,D,6,G,4,B,G,3,A,1,9,0,0,57,327574,57327574,2,1,1,1,0,0,0,0,0,0,0,70,0,0,0,12,6,2,8,0,0,0,1,17,60188,6,1,0,0,3,1,71,165,0,0,0,0,0,0,0,0,0,0,0,0,0,0,2,4,70,1,1,2,2,0,0,1,80,1,1,1,13,0,0
28,280138,1,1,1,6,4,6,58,42,0,1,0,28,0,49,472,49472,30,2005,5TETU62N35Z0,5,T,E,T,U,6,2,N,3,5,Z,0,0,0,0,000000000,00000000000,0,0,0,1,0,0,0,0,0,0,0,65,0,0,0,62,6,2,42,0,0,0,1,28,39735,6,2,0,0,3,0,70,160,98,0,0,0,0,0,0,0,0,4,28,0,0,0,1,2,45,1,1,2,2,0,0,1,6,99,2,4,98,1,0
28,280139,1,1,1,5,4,18,6,42,0,1,0,28,2,20,498,20498,31,1995,1GCGC24K8SZ2,1,G,C,G,C,2,4,K,8,S,Z,2,0,0,0,000000000,00000000000,0,0,0,1,0,0,0,0,0,0,0,55,0,0,0,12,6,2,42,0,0,0,1,28,38860,6,1,0,0,3,0,69,174,98,0,0,0,0,0,0,0,0,0,28,0,0,0,1,2,55,1,2,2,1,0,0,1,12,1,2,4,7,1,1
28,280140,1,1,1,8,4,14,11,30,0,1,0,28,1,59,31,59031,4,2001,JT8BF28G6103,J,T,8,B,F,2,8,G,6,1,0,3,0,0,0,000000000,00000000000,0,0,0,1,0,0,0,0,0,0,0,999,0,0,0,12,6,2,30,0,0,0,1,28,39556,6,1,0,0,3,0,71,185,98,0,0,0,0,0,0,0,0,9,28,0,0,0,1,2,55,3,1,2,1,0,0,14,13,99,1,4,1,1,0
28,280141,1,2,1,8,4,21,13,12,6,1,0,28,3,51,890,51890,66,1998,4VG7DARG4WN7,4,V,G,7,D,A,R,G,4,W,N,7,1,1,57,634042,57634042,3,6,8,1,0,0,0,0,0,0,0,63,0,0,0,11,6,2,12,0,0,0,1,40,74330,6,1,6,1,3,0,70,220,0,0,0,0,0,0,0,0,0,0,0,0,0,0,2,4,65,1,1,2,2,0,0,1,66,3,1,1,89,0,0
28,280141,2,2,1,8,4,21,13,12,6,1,0,28,1,20,421,20421,15,1999,1GNCS13W5X22,1,G,N,C,S,1,3,W,5,X,2,2,0,0,0,000000000,00000000000,0,0,0,1,0,0,0,0,0,0,0,999,0,0,0,12,6,2,12,0,0,0,1,28,38683,6,1,0,0,3,0,62,110,98,0,0,0,0,0,0,0,0,0,28,0,0,0,2,4,55,1,1,2,2,0,0,1,17,1,1,1,88,1,1
28,280142,1,2,2,24,4,9,23,12,98,1,0,99,9,99,999,99999,99,9999,999999999999,9,9,9,9,9,9,9,9,9,9,9,9,0,0,0,000000000,00000000000,0,0,0,1,0,0,0,0,0,0,0,999,0,0,0,98,6,2,12,0,0,0,1,28,39437,6,1,0,0,3,1,72,157,98,0,0,0,0,0,0,0,0,0,0,0,0,0,2,4,55,1,1,2,98,1,3,99,19,99,9,9,90,2,0
28,280142,2,2,1,24,4,9,23,12,98,1,0,28,3,99,999,99999,99,9999,999999999999,9,9,9,9,9,9,9,9,9,9,9,9,9,0,99,999999999,99999999999,9,99,99,1,0,0,0,0,0,0,0,999,0,0,0,12,6,2,12,0,0,0,1,28,39111,6,1,6,0,3,0,72,190,98,0,0,0,0,0,0,0,0,9,0,0,0,0,2,4,55,1,1,2,98,1,3,1,59,3,1,9,90,0,0
28,280143,1,1,1,20,3,15,35,42,0,1,0,28,2,12,402,12402,14,2004,1FMYU92194KA,1,F,M,Y,U,9,2,1,9,4,K,A,0,0,0,000000000,00000000000,0,0,0,1,0,0,0,0,0,0,0,998,0,0,0,12,6,2,42,0,0,0,1,28,38834,6,2,0,0,3,0,65,108,98,0,0,0,0,0,0,0,0,0,28,0,0,0,1,2,55,1,2,2,1,0,0,1,13,9,1,4,4,1,0
28,280144,1,1,1,10,4,5,43,1,0,1,0,28,1,49,999,49999,49,1994,4TARN01P0RZ2,4,T,A,R,N,0,1,P,0,R,Z,2,0,0,0,000000000,00000000000,0,0,0,1,0,0,0,0,0,0,0,999,0,1,1,0,6,2,1,0,0,0,1,28,39117,6,1,6,0,3,1,65,160,98,0,0,0,0,0,0,0,0,0,28,0,0,0,1,2,55,1,1,2,1,0,0,1,9,8,2,2,98,1,0
28,280145,1,2,1,10,4,5,53,12,1,1,0,28,2,35,401,35401,14,1998,JN8AR05SXWW2,J,N,8,A,R,0,5,S,X,W,W,2,0,0,0,000000000,00000000000,0,0,0,1,0,0,0,0,0,0,0,999,0,1,1,6,6,2,1,0,0,0,1,28,39574,6,1,0,0,3,0,69,160,98,0,0,0,0,0,0,0,0,0,0,0,0,0,2,4,65,1,1,2,2,0,0,1,53,1,1,2,25,1,0
28,280145,2,2,1,10,4,5,53,12,1,1,0,28,1,35,48,35048,2,2004,JN1AZ34EX4T0,J,N,1,A,Z,3,4,E,X,4,T,0,0,0,0,000000000,00000000000,0,0,0,1,0,0,0,0,0,0,0,70,0,0,0,12,6,2,12,0,0,0,1,28,39577,6,1,0,0,3,0,66,156,98,0,0,0,0,0,0,0,0,0,26,0,0,0,2,4,65,1,1,2,2,0,0,1,51,1,1,2,24,0,0
28,280146,1,2,1,11,4,10,59,12,2,1,0,28,3,98,804,98804,66,2014,5KJJAVDV7EPF,5,K,J,J,A,V,D,V,7,E,P,F,1,1,99,999999999,99999999999,3,6,10,1,0,0,0,0,0,0,0,999,0,0,0,12,6,2,12,0,0,0,1,28,38967,6,1,6,1,3,3,72,255,98,0,0,0,0,0,0,0,0,0,0,0,0,0,1,2,55,3,2,2,1,0,0,14,62,8,1,2,62,1,0
28,280146,2,2,1,11,4,10,59,12,2,1,0,28,2,22,16,22016,2,1999,3G2JB1241XS8,3,G,2,J,B,1,2,4,1,X,S,8,0,0,0,000000000,00000000000,0,0,0,1,0,0,0,0,0,0,0,999,0,0,0,12,6,2,12,0,0,0,1,28,39192,6,1,0,0,3,0,73,250,98,0,0,0,2,10,2011,11,2011,0,51,28,0,0,1,2,55,3,2,2,1,0,0,14,10,7,2,2,62,1,1
28,280147,1,1,1,12,4,16,50,8,0,1,0,48,3,87,890,87890,66,2013,1XPXD49X5DD2,1,X,P,X,D,4,9,X,5,D,D,2,1,1,57,2193278,572193278,3,6,1,1,0,0,0,0,0,0,0,70,0,0,0,12,9,5,8,0,0,0,1,48,76450,6,1,6,1,3,0,999,999,0,0,0,1,0,1,2013,1,2013,0,0,0,0,0,2,4,70,1,2,2,1,0,0,15,80,98,1,1,13,0,0
28,280148,1,1,1,12,4,18,55,42,0,1,0,28,2,12,3,12003,3,1990,1FABP12D3CF2,1,F,A,B,P,1,2,D,3,C,F,2,0,0,0,000000000,00000000000,0,0,0,1,0,0,0,0,0,0,0,998,0,0,0,12,6,2,42,0,0,0,1,28,39648,6,1,0,0,3,0,69,250,98,0,0,0,0,0,0,0,0,0,28,0,0,0,1,2,30,1,1,2,1,0,0,1,13,1,1,4,4,1,0