STATE,ST_CASE,VEH_NO,VE_FORMS,NUMOCCS,DAY,MONTH,HOUR,MINUTE,HARM_EV,MAN_COLL,UNITTYPE,HIT_RUN,REG_STAT,OWNER,MAKE,MODEL,MAK_MOD,BODY_TYP,MOD_YEAR,VIN,VIN_1,VIN_2,VIN_3,VIN_4,VIN_5,VIN_6,VIN_7,VIN_8,VIN_9,VIN_10,VIN_11,VIN_12,TOW_VEH,J_KNIFE,MCARR_I1,MCARR_I2,MCARR_ID,GVWR,V_CONFIG,CARGO_BT,HAZ_INV,HAZ_PLAC,HAZ_ID,HAZ_CNO,HAZ_REL,BUS_USE,SPEC_USE,EMER_USE,TRAV_SP,UNDERIDE,ROLLOVER,ROLINLOC,IMPACT1,DEFORMED,TOWED,M_HARM,VEH_SC1,VEH_SC2,FIRE_EXP,DR_PRES,L_STATE,DR_ZIP,L_STATUS,L_TYPE,CDL_STAT,L_ENDORS,L_COMPL,L_RESTRI,DR_HGT,DR_WGT,PREV_ACC,PREV_SUS,PREV_DWI,PREV_SPD,PREV_OTH,FIRST_MO,FIRST_YR,LAST_MO,LAST_YR,SPEEDREL,DR_SF1,DR_SF2,DR_SF3,DR_SF4,VTRAFWAY,VNUM_LAN,VSPD_LIM,VALIGN,VPROFILE,VPAVETYP,VSURCOND,VTRAFCON,VTCONT_F,P_CRASH1,P_CRASH2,P_CRASH3,PCRASH4,PCRASH5,ACC_TYPE,DEATHS,DR_DRINK
28,280192,1,1,4,9,5,22,0,8,0,1,0,28,1,35,43,35043,4,2002,3N1CB51D02L6,3,N,1,C,B,5,1,D,0,2,L,6,0,0,0,000000000,00000000000,0,0,0,1,0,0,0,0,0,0,0,72,0,0,0,12,6,2,8,0,0,0,1,28,38843,6,1,0,0,3,0,74,280,98,0,0,0,0,0,0,0,0,3,28,0,0,0,1,2,45,1,2,2,1,0,0,1,80,1,1,2,13,0,0
28,280193,1,1,2,11,5,20,7,1,0,1,0,28,1,37,734,37734,90,2007,1HFTE3304742,1,H,F,T,E,3,3,0,4,7,4,2,0,0,0,000000000,00000000000,0,0,0,1,0,0,0,0,0,0,0,50,0,2,1,0,4,3,1,0,0,0,1,28,39206,6,1,0,0,3,0,68,270,98,0,0,1,0,10,2012,10,2012,4,28,0,0,0,1,2,35,1,2,2,1,0,0,1,6,99,2,1,98,1,1
28,280194,1,2,1,13,5,11,41,1,0,1,0,28,3,82,883,82883,66,1997,1FUPFSZB1VP8,1,F,U,P,F,S,Z,B,1,V,P,8,1,1,57,1858485,571858485,3,6,10,1,0,0,0,0,0,0,0,999,0,2,1,0,6,2,54,0,0,0,1,28,39577,6,1,6,3,3,0,72,190,98,1,0,1,0,7,2013,8,2013,9,38,39,0,0,1,2,55,1,1,2,1,20,3,2,15,6,4,2,98,0,0
28,280194,2,2,1,13,5,11,41,1,0,1,0,28,3,86,890,86890,66,2003,1M1AA13Y43W1,1,M,1,A,A,1,3,Y,4,3,W,1,1,1,57,632293,57632293,3,6,10,1,0,0,0,0,0,0,0,999,0,0,0,13,6,2,2,0,0,1,1,28,39451,6,1,6,3,3,0,69,185,98,0,0,0,0,0,0,0,0,0,0,0,0,0,1,2,55,1,1,2,1,0,0,1,54,1,1,2,98,1,0
28,280195,1,1,1,17,5,20,25,34,0,1,0,28,1,6,18,6018,4,2011,1C3BC4FB1BN5,1,C,3,B,C,4,F,B,1,B,N,5,0,0,0,000000000,00000000000,0,0,0,1,0,0,0,0,0,0,0,999,0,1,5,12,6,2,1,0,0,0,1,28,39661,1,1,0,0,2,3,65,210,98,1,1,0,0,6,2013,6,2013,0,28,0,0,0,1,2,55,1,2,2,1,0,0,1,13,99,1,4,4,1,1
28,280196,1,1,1,18,5,7,45,42,0,1,0,28,2,12,13,12013,4,1997,1FALP13P1VW4,1,F,A,L,P,1,3,P,1,V,W,4,0,0,0,000000000,00000000000,0,0,0,1,0,0,0,0,0,0,0,999,0,0,0,12,6,2,42,0,0,0,1,28,39653,0,0,0,0,0,0,999,999,99,99,99,99,99,99,9999,99,9999,0,28,0,0,0,1,2,35,3,1,2,1,0,0,14,13,99,1,4,5,1,0
28,280197,1,1,1,19,5,0,0,1,0,1,0,28,1,12,481,12481,31,2008,1FTPW14VX8FA,1,F,T,P,W,1,4,V,X,8,F,A,0,0,0,000000000,00000000000,0,0,0,1,0,0,0,0,0,0,0,999,0,1,5,0,6,2,1,0,0,0,1,28,39530,6,1,6,0,3,0,68,160,98,0,0,0,0,0,0,0,0,0,28,0,0,0,2,4,70,1,1,2,1,0,0,1,13,99,1,4,4,1,0
28,280198,1,2,3,19,5,15,50,12,6,1,0,28,1,20,421,20421,15,1997,1GNCS13W7V22,1,G,N,C,S,1,3,W,7,V,2,2,0,0,0,000000000,00000000000,0,0,0,1,0,0,0,0,0,0,0,5,0,0,0,63,6,2,12,0,0,0,1,28,39571,1,1,0,0,2,0,73,138,98,1,0,0,0,0,0,0,0,0,38,0,0,0,1,2,30,1,3,2,1,0,0,11,10,1,1,2,68,3,0
28,280198,2,2,1,19,5,15,50,12,6,1,0,28,1,7,482,7482,31,2010,3D73Y4HL0AG1,3,D,7,3,Y,4,H,L,0,A,G,1,0,0,0,000000000,00000000000,0,0,0,1,0,0,0,0,0,0,0,35,0,1,1,12,6,2,1,0,0,0,1,28,39571,6,1,6,0,3,0,73,250,98,0,0,0,0,0,0,0,0,0,0,0,0,0,1,2,30,1,3,2,1,0,0,1,63,1,1,3,69,0,0
28,280199,1,1,1,21,5,4,30,30,0,1,0,28,2,20,481,20481,31,1995,1GCEC14Z8SZ2,1,G,C,E,C,1,4,Z,8,S,Z,2,0,0,0,000000000,00000000000,0,0,0,1,0,0,0,0,0,0,0,998,0,0,0,12,6,2,30,0,0,0,1,28,39443,1,1,0,0,2,0,62,105,98,2,2,0,0,3,2012,11,2013,4,28,0,0,0,1,2,40,1,1,2,1,0,0,1,6,3,2,4,2,1,0
28,280200,1,1,1,22,5,1,0,8,0,1,0,28,1,20,481,20481,31,2004,2GCEK19NX411,2,G,C,E,K,1,9,N,X,4,1,1,0,0,0,000000000,00000000000,0,0,0,1,0,0,0,0,0,0,0,55,0,0,0,12,6,2,8,0,0,0,1,28,39339,6,1,0,0,3,0,70,150,98,0,0,3,0,9,2012,11,2013,0,0,0,0,0,1,2,55,1,1,2,1,0,0,1,80,99,1,2,13,0,0
28,280201,1,2,2,22,5,18,0,12,1,1,0,28,0,35,49,35049,6,2004,999999999999,9,9,9,9,9,9,9,9,9,9,9,9,1,1,0,000000000,00000000000,0,0,0,1,0,0,0,0,0,0,0,5,0,0,0,12,6,2,12,0,0,0,1,28,38858,6,1,0,0,3,0,63,110,98,0,0,0,0,0,0,0,0,0,0,0,0,0,1,2,45,1,1,2,1,3,3,1,50,1,1,1,20,1,0
28,280201,2,2,1,22,5,18,0,12,1,1,0,28,2,20,870,20870,63,2009,1GBJG31K9911,1,G,B,J,G,3,1,K,9,9,1,1,0,0,5,265792,05265792,3,1,96,1,0,0,0,0,0,0,0,0,0,0,0,6,4,5,12,0,0,0,1,28,38863,6,1,6,3,3,0,66,149,98,0,0,0,0,0,0,0,0,0,0,0,0,0,1,2,45,1,1,2,1,3,3,5,53,1,1,1,21,0,0
28,280202,1,2,3,23,5,8,10,12,6,1,0,28,2,20,2,20002,4,2012,2G1WG5E36C11,2,G,1,W,G,5,E,3,6,C,1,1,0,0,0,000000000,00000000000,0,0,0,1,0,0,0,0,0,0,0,65,0,0,0,12,6,2,12,0,0,0,1,28,39179,6,1,0,0,3,0,71,250,98,0,0,2,0,2,2012,5,2013,0,0,0,0,0,2,4,65,1,1,2,1,0,0,1,63,1,1,2,88,0,0
28,280202,2,2,2,23,5,8,10,12,6,1,0,28,2,12,17,12017,4,2000,1FAFP55S8YA2,1,F,A,F,P,5,5,S,8,Y,A,2,0,0,0,000000000,00000000000,0,0,0,1,0,0,0,0,0,0,0,999,0,0,0,61,6,2,12,0,0,0,1,28,39040,0,0,0,0,0,0,999,999,99,99,99,99,99,99,9999,99,9999,0,28,39,0,0,2,4,65,1,1,2,1,20,3,1,11,1,2,2,89,2,0
28,280203,1,1,1,23,5,12,49,42,0,1,0,28,3,84,883,84883,66,2013,5KJJABDRXDPB,5,K,J,J,A,B,D,R,X,D,P,B,1,1,57,0366703,570366703,3,6,10,1,0,0,0,0,0,0,0,45,0,0,0,12,6,2,42,0,0,0,1,28,39083,6,1,6,3,3,0,71,340,98,0,0,0,0,0,0,0,0,0,28,0,0,0,1,2,45,2,1,2,1,0,0,14,12,99,2,4,9,1,0
28,280204,1,1,1,23,5,15,0,42,0,1,0,28,1,12,481,12481,31,2007,1FTPX14V77FA,1,F,T,P,X,1,4,V,7,7,F,A,0,0,0,000000000,00000000000,0,0,0,1,0,0,0,0,0,0,0,60,0,0,0,12,6,2,42,0,0,0,1,28,38646,6,1,0,0,3,0,70,153,98,0,0,0,0,0,0,0,0,0,28,0,0,0,1,2,55,1,1,2,1,0,0,1,12,99,1,4,9,1,0
28,280205,1,2,2,24,5,2,0,12,6,1,0,28,2,18,19,18019,4,2011,W04GS5EC6B10,W,0,4,G,S,5,E,C,6,B,1,0,0,0,0,000000000,00000000000,0,0,0,1,0,0,0,0,0,0,0,45,0,0,0,12,6,2,12,0,0,0,1,28,38751,6,1,0,0,3,0,67,155,98,0,0,0,0,0,0,0,0,0,0,0,0,0,2,4,45,1,1,2,1,0,0,1,62,99,1,1,69,0,0
28,280205,2,2,5,24,5,2,0,12,6,1,0,28,2,20,2,20002,4,2003,2G1WH52K7392,2,G,1,W,H,5,2,K,7,3,9,2,0,0,0,000000000,00000000000,0,0,0,1,0,0,0,0,0,0,0,25,0,0,0,81,6,2,12,0,0,0,1,28,38737,1,1,0,0,2,0,71,142,98,1,0,0,0,99,9999,99,9999,0,38,0,0,0,2,4,25,1,1,2,1,0,0,11,15,99,1,2,68,2,0
28,280206,1,1,2,24,5,17,28,59,0,1,0,28,2,7,26,7026,4,2014,1C3CDZAB5EN1,1,C,3,C,D,Z,A,B,5,E,N,1,0,0,0,000000000,00000000000,0,0,0,1,0,0,0,0,0,0,0,998,0,0,0,12,6,2,42,0,0,0,1,28,39401,6,1,0,0,3,0,67,160,98,0,0,0,0,0,0,0,0,4,28,0,0,0,1,2,35,3,1,2,1,0,0,14,6,9,2,4,2,1,1
28,280207,1,2,1,18,5,3,26,12,1,1,0,28,1,23,401,23401,14,2000,1GKEK63R2YR2,1,G,K,E,K,6,3,R,2,Y,R,2,0,0,0,000000000,00000000000,0,0,0,1,0,0,0,0,0,0,0,0,0,0,0,6,6,2,12,0,0,0,1,28,38748,0,0,0,0,0,0,68,202,98,0,0,0,0,0,0,0,0,0,54,0,0,0,1,2,55,1,1,2,1,0,0,5,98,1,2,2,21,0,0
28,280207,2,2,2,18,5,3,26,12,1,1,0,28,1,37,706,37706,80,2008,1HFSC47H78A7,1,H,F,S,C,4,7,H,7,8,A,7,0,0,0,000000000,00000000000,0,0,0,1,0,0,0,0,0,0,0,998,0,0,0,12,6,2,12,0,0,0,1,28,38751,0,0,0,0,0,0,999,999,99,99,99,99,99,99,9999,99,9999,0,0,0,0,0,1,2,55,1,1,2,1,0,0,1,50,99,2,2,20,2,0
28,280208,1,2,1,24,5,12,0,12,8,1,0,28,1,12,481,12481,31,2013,1FT8W3DT2DEA,1,F,T,8,W,3,D,T,2,D,E,A,0,0,0,000000000,00000000000,0,0,0,1,0,0,0,0,0,0,0,998,0,0,0,63,2,5,12,0,0,0,1,28,38606,6,1,0,0,3,0,70,190,98,0,0,0,0,0,0,0,0,0,0,0,0,0,1,2,45,1,2,2,1,0,0,1,63,1,1,1,65,0,0
28,280208,2,2,2,24,5,12,0,12,8,1,0,28,1,23,481,23481,31,1995,1GTEK14K8SZ5,1,G,T,E,K,1,4,K,8,S,Z,5,0,0,0,000000000,00000000000,0,0,0,1,0,0,0,0,0,0,0,998,0,0,0,62,6,2,12,0,0,0,1,28,38606,6,1,6,3,3,0,69,215,98,0,0,0,0,0,0,0,0,0,0,0,0,0,1,2,45,1,2,2,1,0,0,1,10,99,1,2,64,1,0
28,280209,1,1,1,25,5,0,0,8,0,1,0,47,1,7,482,7482,31,2012,3C6JD6AT0CG1,3,C,6,J,D,6,A,T,0,C,G,1,0,0,0,000000000,00000000000,0,0,0,1,0,0,0,0,0,0,0,72,0,0,0,12,2,5,8,0,0,0,1,28,38654,9,9,99,9,9,9,999,999,99,99,99,99,99,99,9999,99,9999,0,0,0,0,0,2,4,70,1,1,2,1,0,0,1,80,99,1,2,13,0,0
28,280210,1,2,2,25,5,0,1,12,2,1,0,28,2,12,442,12442,20,2002,2FMZA50422BA,2,F,M,Z,A,5,0,4,2,2,B,A,0,0,0,000000000,00000000000,0,0,0,1,0,0,0,0,0,0,0,30,0,0,0,12,6,2,12,0,0,0,1,22,70615,1,1,0,0,2,0,72,240,0,1,0,0,0,3,2013,3,2013,0,0,0,0,0,1,2,30,1,1,2,1,0,0,1,54,6,1,2,51,1,0
28,280210,2,2,1,25,5,0,1,12,2,1,0,28,1,13,12,13012,4,2000,1LNHM87A0YY8,1,L,N,H,M,8,7,A,0,Y,Y,8,0,0,0,000000000,00000000000,0,0,0,1,0,0,0,0,0,0,0,999,0,0,0,12,6,2,12,0,0,0,1,28,39183,6,1,0,0,3,0,69,164,98,0,0,0,0,0,0,0,0,0,51,0,0,0,1,2,30,1,1,2,1,0,0,1,10,7,1,2,50,0,0
28,280211,1,1,1,25,5,14,37,53,0,1,0,28,1,49,471,49471,30,1994,JT4RN13P1R60,J,T,4,R,N,1,3,P,1,R,6,0,0,0,0,000000000,00000000000,0,0,0,1,0,0,0,0,0,0,0,45,0,1,5,12,6,2,42,0,0,0,1,28,39073,6,1,6,0,3,0,74,265,98,0,0,1,0,4,2013,4,2013,0,28,0,0,0,1,2,45,3,3,2,1,0,0,14,13,99,1,4,4,1,0
28,280212,1,2,2,25,5,18,25,12,6,1,0,28,1,23,481,23481,31,2007,2GTEK13M8715,2,G,T,E,K,1,3,M,8,7,1,5,0,0,0,000000000,00000000000,0,0,0,1,0,0,0,0,0,0,0,50,0,0,0,12,6,2,12,0,0,0,1,28,38901,6,2,0,0,3,0,67,160,98,0,0,0,0,0,0,0,0,0,0,0,0,0,1,2,30,1,1,2,1,0,0,1,67,1,1,2,69,0,0
28,280212,2,2,1,25,5,18,25,12,6,1,0,28,1,22,18,22018,4,1999,1G2NE52T4XC5,1,G,2,N,E,5,2,T,4,X,C,5,0,0,0,000000000,00000000000,0,0,0,1,0,0,0,0,0,0,0,10,0,0,0,61,6,2,12,0,0,0,1,28,38922,6,1,0,0,3,0,71,240,98,0,0,0,0,0,0,0,0,0,38,0,0,0,1,2,30,1,1,2,1,20,3,11,11,1,1,2,68,1,0
28,280213,1,2,4,25,5,14,14,12,6,1,0,28,1,23,8,23008,6,2009,1GKER13DX9J1,1,G,K,E,R,1,3,D,X,9,J,1,0,0,0,000000000,00000000000,0,0,0,1,0,0,0,0,0,0,0,45,0,0,0,12,2,5,12,0,0,0,1,28,38829,6,1,0,0,3,0,69,180,98,0,0,0,0,0,0,0,0,0,0,0,0,0,1,2,55,1,1,2,1,0,0,1,65,1,1,3,69,0,0
28,280213,2,2,1,25,5,14,14,12,6,1,0,28,1,37,734,37734,90,2003,999999999999,9,9,9,9,9,9,9,9,9,9,9,9,0,0,0,000000000,00000000000,0,0,0,1,0,0,0,0,0,0,0,10,0,0,0,63,4,5,12,0,0,0,1,28,38663,6,1,0,0,3,0,68,165,98,0,0,0,0,0,0,0,0,0,38,0,0,0,1,2,55,1,1,2,1,20,3,11,17,99,1,3,68,1,0
28,280214,1,1,1,25,5,20,5,19,0,1,0,28,1,12,16,12016,4,2005,2FAFP71W85X1,2,F,A,F,P,7,1,W,8,5,X,1,0,0,0,000000000,00000000000,0,0,0,1,0,0,0,0,0,0,0,90,0,0,0,61,6,2,19,0,0,0,1,28,39046,0,0,0,0,0,0,999,999,99,99,99,99,99,99,9999,99,9999,3,28,0,0,0,1,2,30,2,2,2,1,0,0,14,6,3,2,4,7,1,1
28,280217,1,2,1,27,5,13,30,12,6,1,0,28,1,18,2,18002,4,2003,1G4HP54K3341,1,G,4,H,P,5,4,K,3,3,4,1,0,0,0,000000000,00000000000,0,0,0,1,0,0,0,0,0,0,0,998,0,0,0,12,6,2,12,0,0,0,1,28,38901,6,1,6,0,3,0,71,170,98,0,0,1,0,4,2014,4,2014,0,38,0,0,0,1,2,45,3,2,4,1,0,0,14,10,1,1,2,64,1,0
28,280217,2,2,1,27,5,13,30,12,6,1,0,28,1,12,23,12023,4,2011,3FAHP0JA3BR2,3,F,A,H,P,0,J,A,3,B,R,2,0,0,0,000000000,00000000000,0,0,0,1,0,0,0,0,0,0,0,998,0,0,0,62,6,2,12,0,0,0,1,28,38921,6,1,0,0,3,0,61,120,98,0,0,0,0,0,0,0,0,0,0,0,0,0,1,2,45,3,2,4,1,0,0,2,54,4,1,2,65,0,0
28,280218,1,2,1,27,5,16,30,12,2,1,0,92,0,99,999,99999,99,9999,999999999999,9,9,9,9,9,9,9,9,9,9,9,9,0,0,0,000000000,00000000000,0,0,0,1,0,0,0,0,0,0,0,998,0,0,0,12,6,2,12,0,0,0,1,28,39301,0,0,0,0,0,0,999,999,99,99,99,99,99,99,9999,99,9999,0,28,0,0,0,1,2,45,1,1,2,1,0,0,6,10,1,1,1,62,1,0
28,280218,2,2,1,27,5,16,30,12,2,1,0,28,1,49,482,49482,31,2003,5TBRT34103S3,5,T,B,R,T,3,4,1,0,3,S,3,0,0,0,000000000,00000000000,0,0,0,1,0,0,0,0,0,0,0,20,0,0,0,12,6,2,12,0,0,0,1,28,39301,6,1,0,0,3,0,69,142,98,0,0,0,0,0,0,0,0,0,0,0,0,0,1,2,45,1,1,2,1,0,0,1,54,99,1,1,62,0,0
28,280219,1,1,3,29,5,3,30,35,0,1,0,28,2,12,481,12481,31,2001,1FTNW20F11ED,1,F,T,N,W,2,0,F,1,1,E,D,0,0,0,000000000,00000000000,0,0,0,1,0,0,0,0,0,0,0,999,0,0,0,12,6,2,35,0,0,0,1,28,39325,6,1,0,0,3,0,72,210,98,0,0,0,0,0,0,0,0,0,0,0,0,0,1,2,55,1,1,2,1,0,0,1,13,1,1,4,1,1,1
28,280220,1,3,1,29,5,16,10,12,1,1,0,28,2,12,461,12461,21,2014,1FDWE3FL8EDA,1,F,D,W,E,3,F,L,8,E,D,A,0,0,0,000000000,00000000000,0,0,0,1,0,0,0,0,0,0,0,35,0,0,0,12,6,2,12,0,0,0,1,28,39601,6,1,6,0,3,0,74,170,98,0,0,0,0,0,0,0,0,0,0,0,0,0,1,2,55,1,1,2,2,0,0,1,62,99,1,1,98,0,0
28,280220,2,3,6,29,5,16,10,12,1,1,0,28,1,62,401,62401,14,2002,SALTL12402A7,S,A,L,T,L,1,2,4,0,2,A,7,0,0,0,000000000,00000000000,0,0,0,1,0,0,0,0,0,0,0,45,0,0,0,6,6,2,12,0,0,0,1,28,39437,1,1,0,0,2,0,66,205,99,99,99,99,99,99,9999,99,9999,0,0,0,0,0,1,2,55,1,1,2,2,0,0,1,53,4,2,2,98,1,0
28,280220,3,3,1,29,5,16,10,12,1,1,0,28,1,53,33,53033,4,2005,JS2RA62S1552,J,S,2,R,A,6,2,S,1,5,5,2,0,0,0,000000000,00000000000,0,0,0,1,0,0,0,0,0,0,0,65,0,0,0,12,6,2,12,0,0,0,1,28,39440,0,0,0,0,0,0,999,999,99,99,99,99,99,99,9999,99,9999,3,0,0,0,0,1,2,55,1,1,2,2,0,0,1,51,3,2,1,98,0,1
28,280221,1,1,1,30,5,1,54,1,0,1,0,28,1,12,481,12481,31,2003,1FTRX18L13NB,1,F,T,R,X,1,8,L,1,3,N,B,0,0,0,000000000,00000000000,0,0,0,1,0,0,0,0,0,0,0,999,0,2,3,0,6,2,1,0,0,0,1,28,38633,6,1,6,0,3,0,67,150,98,0,0,0,1,11,2013,11,2013,0,28,0,0,0,2,2,70,1,1,2,1,0,0,1,12,99,1,4,10,1,0
28,280222,1,1,1,30,5,4,15,42,0,1,0,28,1,49,40,49040,4,2008,4T4BE46K88R0,4,T,4,B,E,4,6,K,8,8,R,0,0,0,0,000000000,00000000000,0,0,0,1,0,0,0,0,0,0,0,998,0,0,0,12,6,2,2,0,0,1,1,28,39206,1,1,0,0,2,0,72,200,98,1,0,0,0,99,9999,99,9999,0,28,0,0,0,1,2,40,1,1,2,1,0,0,1,13,99,1,4,5,1,0
28,280223,1,1,1,30,5,20,8,35,0,1,0,28,3,55,36,55036,4,2013,KMHCT4AE6DU4,K,M,H,C,T,4,A,E,6,D,U,4,0,0,0,000000000,00000000000,0,0,0,1,0,0,0,0,0,0,0,80,0,1,5,12,6,2,1,0,0,0,1,28,39071,6,1,6,0,3,0,68,200,98,0,0,1,0,8,2012,8,2012,4,28,0,0,0,1,2,40,1,1,2,2,0,0,1,10,99,1,4,10,1,1
28,280224,1,1,2,30,5,21,0,34,0,1,0,28,3,86,883,86883,62,2006,1M2AC08C46M0,1,M,2,A,C,0,8,C,4,6,M,0,0,0,57,663084,57663084,2,2,7,1,0,0,0,0,0,0,0,999,0,1,5,12,6,2,1,0,0,0,1,28,39667,6,1,6,0,3,0,74,200,98,0,0,0,0,0,0,0,0,0,0,0,0,0,1,2,55,1,1,2,2,0,0,1,50,9,1,4,3,1,0
28,280225,1,1,1,30,5,22,19,8,0,1,0,28,1,35,48,35048,2,2008,JN1BZ34D48M7,J,N,1,B,Z,3,4,D,4,8,M,7,0,0,0,000000000,00000000000,0,0,0,1,0,0,0,0,0,0,0,70,0,0,0,12,6,2,8,0,0,0,1,28,39206,6,1,0,0,3,0,74,197,98,0,0,0,0,0,0,0,0,0,0,0,0,0,2,3,70,1,1,2,1,0,0,1,80,1,1,1,13,0,0
28,280226,1,2,2,31,5,13,47,12,6,1,0,28,2,12,481,12481,31,2004,2FTRF17224CA,2,F,T,R,F,1,7,2,2,4,C,A,0,0,0,000000000,00000000000,0,0,0,1,0,0,0,0,0,0,0,999,0,0,0,62,6,2,12,0,0,0,1,22,70816,6,2,0,0,3,0,68,215,0,0,0,0,0,0,0,0,0,4,28,0,0,0,1,2,55,1,1,2,2,0,0,1,6,1,4,2,64,1,0
28,280226,2,2,1,31,5,13,47,12,6,1,0,28,3,7,482,7482,31,2013,1C6RR7KT9DS6,1,C,6,R,R,7,K,T,9,D,S,6,0,0,0,000000000,00000000000,0,0,0,1,0,0,0,0,0,0,0,999,0,0,0,12,6,2,12,0,0,0,1,28,39482,6,1,0,0,3,0,67,190,98,0,0,0,0,0,0,0,0,0,0,0,0,0,1,2,55,1,1,2,2,0,0,1,62,1,1,1,65,0,0
28,280227,1,1,1,1,6,0,38,42,0,1,0,28,3,84,884,84884,66,2014,3HSDJSJR8EN4,3,H,S,D,J,S,J,R,8,E,N,4,1,1,57,134697,57134697,3,6,97,1,0,0,0,0,0,0,0,998,0,0,0,12,6,2,2,0,0,1,1,28,38721,6,1,6,0,3,0,70,159,98,0,0,0,0,0,0,0,0,0,28,0,0,0,2,2,70,1,1,2,2,0,0,1,10,99,1,4,10,1,0
28,280228,1,1,2,1,6,14,25,34,0,1,0,28,1,20,481,20481,31,2000,1GCEC14W5YZ2,1,G,C,E,C,1,4,W,5,Y,Z,2,0,0,0,000000000,00000000000,0,0,0,1,0,0,0,0,0,0,0,999,0,1,5,12,6,2,1,0,0,0,1,28,39475,6,1,0,0,3,0,66,150,98,0,0,0,0,0,0,0,0,4,28,0,0,0,1,2,45,3,3,2,2,0,0,14,6,99,2,4,7,1,0
28,280229,1,2,2,1,6,17,38,12,6,1,0,28,1,18,2,18002,4,2005,1G4HP52K95U2,1,G,4,H,P,5,2,K,9,5,U,2,0,0,0,000000000,00000000000,0,0,0,1,0,0,0,0,0,0,0,998,0,0,0,82,6,2,2,0,0,1,1,28,38663,6,1,0,0,3,0,71,180,98,0,0,0,0,0,0,0,0,0,38,0,0,0,2,2,45,1,1,2,2,1,3,11,15,99,4,2,68,2,0
28,280229,2,2,5,1,6,17,38,12,6,1,0,28,1,20,422,20422,15,2005,3GNEC16Z15G1,3,G,N,E,C,1,6,Z,1,5,G,1,0,0,0,000000000,00000000000,0,0,0,1,0,0,0,0,0,0,0,45,0,0,0,12,6,2,12,0,0,0,1,28,39208,1,1,0,0,2,0,72,170,98,1,0,0,0,5,2012,5,2012,0,0,0,0,0,2,2,45,1,1,2,2,1,3,1,55,99,1,2,69,0,0
28,280230,1,1,1,3,6,13,15,1,0,1,0,28,1,23,441,23441,20,1998,1GDDM19W0WB5,1,G,D,D,M,1,9,W,0,W,B,5,0,0,0,000000000,00000000000,0,0,0,1,0,0,0,0,0,0,0,998,0,2,5,0,6,2,1,0,0,0,1,28,38849,0,0,0,0,0,0,999,999,99,99,99,99,99,99,9999,99,9999,9,28,0,0,0,1,2,45,1,1,2,1,0,0,1,13,99,1,4,5,1,0
28,280231,1,2,1,3,6,13,57,12,1,1,0,28,3,84,999,84999,99,2005,1HTMMAAR35H6,1,H,T,M,M,A,A,R,3,5,H,6,0,0,0,000000000,00000000000,0,0,0,1,0,0,0,0,0,0,0,20,0,1,5,6,6,2,1,0,0,0,1,28,38769,6,1,6,0,3,0,67,187,98,0,0,0,0,0,0,0,0,0,0,0,0,0,2,2,65,1,1,2,1,0,0,1,53,1,1,2,25,1,0
28,280231,2,2,2,3,6,13,57,12,1,1,0,28,3,82,890,82890,66,2006,1FUJF0CV96LV,1,F,U,J,F,0,C,V,9,6,L,V,1,1,57,2407468,572407468,3,6,3,1,0,0,0,0,0,0,0,65,0,0,0,12,6,2,2,0,0,1,1,28,38756,6,1,6,0,3,0,74,250,98,0,0,0,0,0,0,0,0,0,26,38,0,0,2,2,65,1,1,2,1,0,0,1,51,99,1,2,24,0,0
28,280232,1,1,3,3,6,19,25,42,0,1,0,28,1,20,2,20002,4,2002,2G1WF52E7291,2,G,1,W,F,5,2,E,7,2,9,1,0,0,0,000000000,00000000000,0,0,0,1,0,0,0,0,0,0,0,998,0,0,0,12,6,2,42,0,0,0,1,28,38666,1,1,0,0,2,0,999,999,99,99,99,99,99,99,9999,99,9999,3,0,0,0,0,1,2,45,1,1,2,1,0,0,1,13,99,1,4,1,1,0
28,280233,1,1,1,4,6,4,22,24,0,1,0,28,1,53,706,53706,80,2003,JS1GW71A4321,J,S,1,G,W,7,1,A,4,3,2,1,0,0,0,000000000,00000000000,0,0,0,1,0,0,0,0,0,0,0,999,0,0,0,12,6,2,24,0,0,0,1,28,39110,6,1,0,0,3,0,73,200,98,0,0,0,0,0,0,0,0,4,28,0,0,0,1,2,25,3,2,2,1,0,0,14,6,99,1,4,1,1,1
28,280234,1,1,1,4,6,22,5,8,0,1,0,22,2,20,422,20422,15,2004,1GNEC16T14R2,1,G,N,E,C,1,6,T,1,4,R,2,0,0,0,000000000,00000000000,0,0,0,1,0,0,0,0,0,0,0,35,0,0,0,12,2,5,8,0,0,0,1,28,39520,6,1,0,0,3,0,71,190,98,0,0,0,0,0,0,0,0,0,0,0,0,0,1,2,35,1,1,2,1,0,0,1,80,99,1,1,13,0,0
28,280235,1,2,3,5,6,1,0,12,7,1,0,1,2,18,3,18003,4,1983,1G4AW69Y8DH5,1,G,4,A,W,6,9,Y,8,D,H,5,0,0,0,000000000,00000000000,0,0,0,1,0,0,0,0,0,0,0,999,0,0,0,63,6,2,12,0,0,0,1,1,36605,0,0,0,0,0,0,64,280,0,0,0,0,0,0,0,0,0,0,0,0,0,0,2,2,70,1,1,2,1,0,0,1,53,1,1,2,45,1,0