STATE,ST_CASE,VEH_NO,VE_FORMS,NUMOCCS,DAY,MONTH,HOUR,MINUTE,HARM_EV,MAN_COLL,UNITTYPE,HIT_RUN,REG_STAT,OWNER,MAKE,MODEL,MAK_MOD,BODY_TYP,MOD_YEAR,VIN,VIN_1,VIN_2,VIN_3,VIN_4,VIN_5,VIN_6,VIN_7,VIN_8,VIN_9,VIN_10,VIN_11,VIN_12,TOW_VEH,J_KNIFE,MCARR_I1,MCARR_I2,MCARR_ID,GVWR,V_CONFIG,CARGO_BT,HAZ_INV,HAZ_PLAC,HAZ_ID,HAZ_CNO,HAZ_REL,BUS_USE,SPEC_USE,EMER_USE,TRAV_SP,UNDERIDE,ROLLOVER,ROLINLOC,IMPACT1,DEFORMED,TOWED,M_HARM,VEH_SC1,VEH_SC2,FIRE_EXP,DR_PRES,L_STATE,DR_ZIP,L_STATUS,L_TYPE,CDL_STAT,L_ENDORS,L_COMPL,L_RESTRI,DR_HGT,DR_WGT,PREV_ACC,PREV_SUS,PREV_DWI,PREV_SPD,PREV_OTH,FIRST_MO,FIRST_YR,LAST_MO,LAST_YR,SPEEDREL,DR_SF1,DR_SF2,DR_SF3,DR_SF4,VTRAFWAY,VNUM_LAN,VSPD_LIM,VALIGN,VPROFILE,VPAVETYP,VSURCOND,VTRAFCON,VTCONT_F,P_CRASH1,P_CRASH2,P_CRASH3,PCRASH4,PCRASH5,ACC_TYPE,DEATHS,DR_DRINK
28,280323,1,1,1,29,4,3,30,18,0,1,0,1,2,12,481,12481,31,2000,1FTZX1725YKA,1,F,T,Z,X,1,7,2,5,Y,K,A,0,0,0,000000000,00000000000,0,0,0,1,0,0,0,0,0,0,0,998,0,0,0,12,6,2,18,0,0,0,1,1,35570,6,1,0,0,3,0,62,150,0,0,0,0,0,0,0,0,0,0,0,0,0,0,1,2,50,1,1,2,2,0,0,1,90,3,2,2,12,1,0
28,280324,1,1,3,6,8,3,20,1,0,1,0,28,3,12,471,12471,30,2007,1FTYR10U57PA,1,F,T,Y,R,1,0,U,5,7,P,A,0,0,0,000000000,00000000000,0,0,0,1,0,0,0,0,0,0,0,55,0,2,1,0,6,2,1,0,0,0,1,28,39073,1,1,0,0,2,0,70,180,98,0,0,0,0,0,0,0,0,0,28,0,0,0,2,2,65,1,2,2,1,0,0,1,13,8,2,2,98,1,0
28,280325,1,1,1,6,8,5,3,10,0,1,0,28,1,55,401,55401,14,2003,KM8SB12B23U5,K,M,8,S,B,1,2,B,2,3,U,5,0,0,0,000000000,00000000000,0,0,0,1,0,0,0,0,0,0,0,0,0,0,0,81,6,2,10,0,0,0,1,28,38828,6,1,0,0,3,0,65,115,98,0,0,0,0,0,0,0,0,0,38,28,0,0,1,2,25,1,1,2,1,65,3,1,17,1,1,2,15,1,1
28,280326,1,1,1,7,8,11,45,8,0,1,0,28,1,49,472,49472,30,1997,4TAVL52N8VZ3,4,T,A,V,L,5,2,N,8,V,Z,3,0,0,0,000000000,00000000000,0,0,0,1,0,0,0,0,0,0,0,67,0,0,0,12,6,2,8,0,0,0,1,28,39482,6,1,0,0,3,0,70,165,98,0,0,0,0,0,0,0,0,0,38,0,0,0,2,2,65,1,2,2,1,0,0,1,50,99,1,2,13,0,0
28,280327,1,2,3,7,8,12,3,12,7,1,0,28,1,12,471,12471,30,1999,1FTZR15X7XTA,1,F,T,Z,R,1,5,X,7,X,T,A,0,0,0,000000000,00000000000,0,0,0,1,0,0,0,0,0,0,0,999,0,0,0,81,6,2,30,0,0,0,1,28,38828,6,1,0,0,3,0,72,190,98,0,0,0,0,0,0,0,0,4,33,0,0,0,1,2,50,3,2,2,1,0,0,6,6,8,1,2,46,1,0
28,280327,2,2,2,7,8,12,3,12,7,1,0,28,1,20,481,20481,31,2007,1GCEC14037Z6,1,G,C,E,C,1,4,0,3,7,Z,6,0,0,0,000000000,00000000000,0,0,0,1,0,0,0,0,0,0,0,999,0,0,0,62,4,5,12,0,0,0,1,28,38801,6,1,0,0,3,0,72,210,98,0,0,0,0,0,0,0,0,0,0,0,0,0,1,2,50,3,2,2,1,0,0,14,60,1,1,2,45,0,0
28,280328,1,1,1,8,8,13,57,35,0,1,0,28,1,37,32,37032,4,2005,JHMCN36595C0,J,H,M,C,N,3,6,5,9,5,C,0,0,0,0,000000000,00000000000,0,0,0,1,0,0,0,0,0,0,0,999,0,1,5,12,6,2,35,0,0,0,1,28,39422,6,1,6,0,3,0,75,250,98,0,0,0,0,0,0,0,0,0,28,0,0,0,2,2,70,1,2,2,2,0,0,1,5,1,3,4,2,1,0
28,280329,1,2,1,8,8,14,0,12,6,1,0,28,2,84,884,84884,66,2006,2HSCESBR16C3,2,H,S,C,E,S,B,R,1,6,C,3,1,1,57,2209287,572209287,3,6,8,1,0,0,0,0,0,0,0,55,0,0,0,63,4,5,12,0,0,0,1,1,35586,6,1,6,0,3,0,69,220,1,0,0,0,0,8,2012,8,2012,0,0,0,0,0,2,2,55,1,1,2,1,20,3,1,62,1,1,2,84,0,0
28,280329,2,2,1,8,8,14,0,12,6,1,0,28,1,18,7,18007,4,1995,1G4AG55M1S64,1,G,4,A,G,5,5,M,1,S,6,4,0,0,0,000000000,00000000000,0,0,0,1,0,0,0,0,0,0,0,25,0,0,0,12,6,2,12,0,0,0,1,28,39702,6,1,0,0,3,0,65,140,98,0,0,0,0,0,0,0,0,0,38,0,0,0,2,4,55,1,1,2,1,20,3,1,17,99,1,2,84,1,0
28,280330,1,1,2,9,8,13,45,42,0,1,0,28,2,12,422,12422,15,2004,1FMFU17L64LA,1,F,M,F,U,1,7,L,6,4,L,A,0,0,0,000000000,00000000000,0,0,0,1,0,0,0,0,0,0,0,45,0,0,0,12,6,2,42,0,0,0,1,28,39667,0,0,0,0,0,0,999,999,99,99,99,99,99,99,9999,99,9999,4,28,0,0,0,1,2,45,1,1,2,1,0,0,1,6,8,4,4,7,1,0
28,280331,1,1,1,9,8,16,50,42,0,1,0,28,2,20,421,20421,15,2001,1GNDT13W2122,1,G,N,D,T,1,3,W,2,1,2,2,0,0,0,000000000,00000000000,0,0,0,1,0,0,0,0,0,0,0,999,0,0,0,12,6,2,42,0,0,0,1,28,38856,6,1,0,0,3,0,73,165,98,0,0,0,0,0,0,0,0,0,28,0,0,0,1,2,55,1,2,2,1,7,3,1,12,3,4,4,9,1,1
28,280332,1,2,1,12,8,23,50,12,1,1,0,28,1,55,33,55033,4,2014,5NPEB4AC2EH8,5,N,P,E,B,4,A,C,2,E,H,8,0,0,0,000000000,00000000000,0,0,0,1,0,0,0,0,0,0,0,998,0,1,1,12,6,2,1,0,0,0,1,28,38866,6,1,0,0,3,0,66,150,98,0,0,0,0,0,0,0,0,3,28,0,0,0,2,2,65,1,1,2,1,0,0,1,51,99,1,2,24,0,1
28,280332,2,2,1,12,8,23,50,12,1,1,0,28,1,41,45,41045,1,1997,JM1NA3535V07,J,M,1,N,A,3,5,3,5,V,0,7,0,0,0,000000000,00000000000,0,0,0,1,0,0,0,0,0,0,0,998,0,1,1,6,6,2,1,0,0,0,1,28,38804,6,1,0,0,3,0,67,145,98,0,0,0,0,0,0,0,0,0,0,0,0,0,1,2,65,1,1,2,1,0,0,1,53,99,1,2,25,1,1
28,280333,1,1,1,13,8,6,55,42,0,1,0,28,1,37,32,37032,4,2009,1HGCS12729A0,1,H,G,C,S,1,2,7,2,9,A,0,0,0,0,000000000,00000000000,0,0,0,1,0,0,0,0,0,0,0,998,0,0,0,12,6,2,42,0,0,0,1,28,38915,6,1,0,0,3,0,68,180,98,0,0,1,0,3,2013,3,2013,0,28,0,0,0,1,2,55,3,2,2,1,0,0,14,13,99,1,4,4,1,0
28,280334,1,1,1,13,8,18,40,42,0,1,0,28,2,12,17,12017,4,2001,1FAFP53U01A1,1,F,A,F,P,5,3,U,0,1,A,1,0,0,0,000000000,00000000000,0,0,0,1,0,0,0,0,0,0,0,999,0,0,0,12,6,2,42,0,0,0,1,28,39140,6,1,0,0,3,0,40,145,98,0,0,0,0,0,0,0,0,0,28,0,0,0,1,2,55,1,1,2,1,0,0,1,12,3,1,4,6,1,1
28,280335,1,1,1,15,8,2,59,59,0,1,0,28,1,20,481,20481,31,2002,2GCEK19TX213,2,G,C,E,K,1,9,T,X,2,1,3,0,0,0,000000000,00000000000,0,0,0,1,0,0,0,0,0,0,0,998,0,0,0,9,6,2,59,0,0,0,1,28,39211,6,1,0,0,3,0,72,175,98,0,1,0,0,10,2012,10,2012,0,28,0,0,0,2,4,45,3,1,2,1,0,0,14,12,99,1,4,9,1,1
28,280336,1,2,1,15,8,13,54,12,2,1,0,28,3,82,890,82890,61,1999,1FV6HLAC5XHB,1,F,V,6,H,L,A,C,5,X,H,B,0,0,57,289634,57289634,2,1,1,1,0,0,0,0,0,0,0,65,0,0,0,12,6,2,12,0,0,0,1,28,38668,6,1,6,0,3,0,71,230,98,0,0,0,0,0,0,0,0,0,0,0,0,0,2,4,70,1,1,2,1,0,0,1,64,1,1,1,98,0,0
28,280336,2,2,1,15,8,13,54,12,2,1,0,28,1,12,471,12471,30,2004,1FTYR10U74PB,1,F,T,Y,R,1,0,U,7,4,P,B,0,0,0,000000000,00000000000,0,0,0,1,0,0,0,0,0,0,0,999,0,1,3,12,6,2,1,0,0,0,1,28,38680,6,1,0,0,3,0,66,245,98,0,0,0,0,0,0,0,0,0,28,51,24,0,2,4,70,1,1,2,1,0,0,1,8,1,2,2,98,1,0
28,280337,1,1,1,15,8,19,20,34,0,1,0,28,2,23,401,23401,14,2004,1GKDT13S7423,1,G,K,D,T,1,3,S,7,4,2,3,0,0,0,000000000,00000000000,0,0,0,1,0,0,0,0,0,0,0,50,0,0,0,12,6,2,34,0,0,0,1,28,38661,6,1,6,0,3,0,71,164,98,0,0,0,0,0,0,0,0,4,28,0,0,0,1,2,40,1,1,2,1,0,0,1,6,1,1,4,6,1,0
28,280338,1,3,1,16,8,4,15,25,0,1,0,28,1,73,706,73706,80,2006,JKBZXNA1X6A0,J,K,B,Z,X,N,A,1,X,6,A,0,0,0,0,000000000,00000000000,0,0,0,1,0,0,0,0,0,0,0,998,0,0,0,12,6,2,5,0,0,0,1,28,39149,6,1,0,0,3,0,71,180,98,0,0,0,0,0,0,0,0,0,28,0,0,0,3,3,60,1,1,1,1,0,0,1,13,99,1,4,98,1,1
28,280338,2,3,1,16,8,4,15,25,0,1,0,48,3,51,884,51884,66,2006,4V4MC9GF16N3,4,V,4,M,C,9,G,F,1,6,N,3,2,1,57,092261,57092261,3,7,11,1,0,0,0,0,0,0,0,998,0,0,0,83,2,5,12,0,0,0,1,28,38901,6,1,6,0,3,0,72,208,98,0,0,0,0,0,0,0,0,0,0,0,0,0,3,3,60,1,1,1,1,0,0,1,60,1,1,1,98,0,0
28,280338,3,3,1,16,8,4,15,25,0,1,1,99,9,99,999,99999,99,9999,999999999999,9,9,9,9,9,9,9,9,9,9,9,9,0,0,0,000000000,00000000000,0,0,0,1,0,0,0,0,0,0,0,998,0,0,0,12,4,5,73,0,0,0,1,99,99999,9,9,99,9,9,9,999,999,99,99,99,99,99,99,9999,99,9999,0,26,0,0,0,3,3,60,1,1,1,1,0,0,1,51,99,1,1,98,0,0
28,280339,1,2,1,16,8,20,50,12,2,1,0,28,1,20,481,20481,31,2007,1GCEK19Z67E1,1,G,C,E,K,1,9,Z,6,7,E,1,0,0,0,000000000,00000000000,0,0,0,1,0,0,0,0,0,0,0,65,0,1,1,12,6,2,12,0,0,0,1,28,39563,6,1,0,0,3,0,70,198,98,0,0,0,0,0,0,0,0,0,0,0,0,0,2,2,65,1,1,2,1,0,0,1,54,1,1,1,51,0,0
28,280339,2,2,2,16,8,20,50,12,2,1,0,1,1,41,35,41035,4,1998,JM1BC1417W01,J,M,1,B,C,1,4,1,7,W,0,1,0,0,0,000000000,00000000000,0,0,0,1,0,0,0,0,0,0,0,999,0,0,0,12,6,2,12,0,0,0,1,1,36587,6,1,0,0,3,0,64,200,0,0,0,0,0,0,0,0,0,0,51,0,0,0,2,2,65,1,1,2,1,0,0,1,10,99,1,2,50,2,1
28,280340,1,1,2,16,8,20,39,8,0,1,0,28,1,20,431,20431,16,1998,1GNEC16R2WJ3,1,G,N,E,C,1,6,R,2,W,J,3,0,0,0,000000000,00000000000,0,0,0,1,0,0,0,0,0,0,0,50,0,0,0,12,4,5,8,0,0,0,1,28,39744,6,1,0,0,3,0,74,290,98,0,0,0,0,0,0,0,0,0,0,0,0,0,2,2,65,1,1,2,1,0,0,1,82,1,1,2,13,0,0
28,280341,1,1,1,17,8,1,51,35,0,1,0,28,2,37,32,37032,4,2005,1HGCM56195A1,1,H,G,C,M,5,6,1,9,5,A,1,0,0,0,000000000,00000000000,0,0,0,1,0,0,0,0,0,0,0,999,0,1,1,12,6,2,35,0,0,0,1,28,39466,6,1,0,0,3,0,75,235,98,0,1,0,0,4,2012,4,2012,0,28,0,0,0,1,2,55,2,1,2,1,0,0,14,12,99,1,4,9,1,1
28,280342,1,2,1,18,8,22,0,12,6,1,0,28,3,20,421,20421,15,2013,1GNLC2E08DR3,1,G,N,L,C,2,E,0,8,D,R,3,0,0,0,000000000,00000000000,0,0,0,1,0,0,0,0,0,0,0,60,0,0,0,12,6,2,12,0,0,0,1,28,38606,6,1,6,0,3,0,73,250,98,0,0,0,0,0,0,0,0,0,0,0,0,0,2,4,50,1,1,2,1,0,0,1,66,1,1,2,86,0,0
28,280342,2,2,1,18,8,22,0,12,6,1,0,28,1,20,2,20002,4,2007,2G1WT58K7791,2,G,1,W,T,5,8,K,7,7,9,1,0,0,0,000000000,00000000000,0,0,0,1,0,0,0,0,0,0,0,999,0,0,0,82,6,2,12,0,0,0,1,28,38606,6,1,0,0,3,0,60,175,98,0,0,0,0,0,0,0,0,0,28,38,39,0,2,4,45,1,1,2,1,20,3,1,17,1,1,2,87,1,0
28,280343,1,1,2,19,8,20,3,8,0,1,0,28,1,39,34,39034,4,2001,SAJDA01N91FM,S,A,J,D,A,0,1,N,9,1,F,M,0,0,0,000000000,00000000000,0,0,0,1,0,0,0,0,0,0,0,999,0,0,0,12,6,2,8,0,0,0,1,28,38680,0,0,0,0,0,0,999,999,99,99,99,99,99,99,9999,99,9999,9,86,0,0,0,1,2,50,1,1,2,1,0,0,1,80,1,1,1,13,0,0
28,280344,1,1,1,19,8,21,50,8,0,1,0,28,1,58,35,58035,4,1998,JNKCA21A5WT6,J,N,K,C,A,2,1,A,5,W,T,6,0,0,0,000000000,00000000000,0,0,0,1,0,0,0,0,0,0,0,45,0,0,0,12,4,5,8,0,0,0,1,28,39086,6,1,0,0,3,0,66,195,98,0,0,2,0,10,2013,1,2014,0,0,0,0,0,2,2,50,1,1,2,1,0,0,1,80,1,1,1,13,0,0
28,280345,1,1,1,20,8,17,45,8,0,1,0,28,1,2,404,2404,14,2002,1J4GW58N22C1,1,J,4,G,W,5,8,N,2,2,C,1,0,0,0,000000000,00000000000,0,0,0,1,0,0,0,0,0,0,0,35,0,0,0,12,4,5,8,0,0,0,1,28,38631,6,1,0,0,3,0,67,166,98,0,0,0,0,0,0,0,0,0,0,0,0,0,1,3,35,1,1,2,1,0,0,1,80,1,1,1,13,0,0
28,280346,1,1,2,22,8,17,45,42,0,1,0,28,1,20,32,20032,4,1998,1Y1SK528XWZ4,1,Y,1,S,K,5,2,8,X,W,Z,4,0,0,0,000000000,00000000000,0,0,0,1,0,0,0,0,0,0,0,998,0,0,0,12,6,2,42,0,0,0,1,28,38863,6,1,0,0,2,0,999,999,99,99,99,99,99,99,9999,99,9999,9,28,0,0,0,1,2,50,1,1,2,1,0,0,1,13,1,1,4,4,1,0
28,280347,1,2,5,23,8,14,25,12,6,1,0,28,1,35,473,35473,31,2004,1N6AA07BX4N5,1,N,6,A,A,0,7,B,X,4,N,5,0,0,0,000000000,00000000000,0,0,0,1,0,0,0,0,0,0,0,999,0,0,0,12,4,5,12,0,0,0,1,28,39401,6,1,0,0,3,0,66,220,98,0,0,0,1,8,2014,8,2014,0,38,0,0,0,2,4,65,1,1,2,1,20,3,1,17,1,1,1,88,0,0
28,280347,2,2,1,23,8,14,25,12,6,1,0,28,1,73,705,73705,80,2007,JKAEXEA107A0,J,K,A,E,X,E,A,1,0,7,A,0,0,0,0,000000000,00000000000,0,0,0,1,0,0,0,0,0,0,0,999,0,0,0,63,6,2,12,0,0,0,1,28,39443,3,1,0,0,2,0,77,200,98,0,0,0,0,0,0,0,0,0,0,0,0,0,2,4,65,1,1,2,1,0,0,1,66,1,1,2,89,1,0
28,280348,1,1,1,23,8,16,54,34,0,1,0,28,2,12,481,12481,31,1998,1FTZF0721WKB,1,F,T,Z,F,0,7,2,1,W,K,B,0,0,0,000000000,00000000000,0,0,0,1,0,0,0,0,0,0,0,999,0,1,3,12,6,2,1,0,0,1,1,28,39773,6,1,0,0,3,0,71,190,98,0,0,0,0,0,0,0,0,0,28,0,0,0,2,4,65,1,1,2,1,0,0,1,12,8,4,4,9,1,1
28,280349,1,2,2,23,8,22,5,12,7,1,0,28,1,6,441,6441,20,2007,2A4GP54L87R1,2,A,4,G,P,5,4,L,8,7,R,1,0,0,0,000000000,00000000000,0,0,0,1,0,0,0,0,0,0,0,999,0,0,0,63,6,2,12,0,0,0,1,28,39120,6,1,0,0,3,0,72,230,98,0,0,0,0,0,0,0,0,0,0,0,0,0,2,2,45,1,1,2,1,0,0,1,61,1,1,1,45,0,0
28,280349,2,2,1,23,8,22,5,12,7,1,0,28,2,18,20,18020,4,2000,2G4WB55K5Y11,2,G,4,W,B,5,5,K,5,Y,1,1,0,0,0,000000000,00000000000,0,0,0,1,0,0,0,0,0,0,0,999,0,1,5,81,6,2,1,0,0,0,1,28,39120,6,1,6,0,3,0,73,210,98,0,0,0,0,0,0,0,0,0,28,38,0,0,2,2,45,1,1,2,1,0,0,1,11,1,1,2,44,1,1
28,280350,1,2,1,25,8,21,0,12,6,1,0,48,3,82,890,82890,66,2002,1FUJBBCG52LJ,1,F,U,J,B,B,C,G,5,2,L,J,1,1,57,1199711,571199711,3,6,1,1,0,0,0,0,0,0,0,45,0,0,0,12,6,2,12,0,0,0,1,48,78596,6,1,6,0,3,0,999,999,0,0,0,0,0,0,0,0,0,0,0,0,0,0,2,4,55,1,1,2,1,0,0,1,66,3,2,2,88,0,0
28,280350,2,2,3,25,8,21,0,12,6,1,1,28,2,7,25,7025,5,2009,1B3HB48A99D1,1,B,3,H,B,4,8,A,9,9,D,1,0,0,0,000000000,00000000000,0,0,0,1,0,0,0,0,0,0,0,999,0,0,0,61,6,2,12,0,0,0,1,28,39332,1,1,0,0,2,0,73,200,98,1,0,0,0,0,0,0,0,0,39,38,37,0,2,4,55,1,1,2,1,20,3,1,17,1,1,2,89,3,0
28,280351,1,1,2,28,8,14,57,1,0,1,1,28,2,20,481,20481,31,1989,1GCDC14Z3KZ2,1,G,C,D,C,1,4,Z,3,K,Z,2,1,1,0,000000000,00000000000,0,0,0,1,0,0,0,0,0,0,0,999,0,9,5,0,6,2,1,0,0,0,1,28,39571,1,1,0,0,2,0,999,999,99,99,99,99,99,99,9999,99,9999,4,22,0,0,0,1,2,98,2,8,8,1,40,3,14,12,98,3,4,98,1,0
28,280353,1,2,1,29,8,9,35,12,6,1,0,28,3,12,988,12988,58,2008,1FD4E45S48DA,1,F,D,4,E,4,5,S,4,8,D,A,0,0,77,777777777,77777777777,2,21,22,1,0,0,0,0,7,3,0,5,0,0,0,81,6,2,12,0,0,0,1,28,38829,6,1,6,0,3,0,69,200,98,0,0,0,0,0,0,0,0,0,38,0,0,0,1,2,55,1,1,2,1,20,3,1,11,1,1,1,87,0,0
28,280353,2,2,3,29,8,9,35,12,6,1,0,28,3,98,398,98398,9,2012,523MF1A65CM2,5,2,3,M,F,1,A,6,5,C,M,2,0,0,0,000000000,00000000000,0,0,0,1,0,0,0,0,0,0,0,50,0,0,0,12,6,2,12,0,0,0,1,28,38829,6,1,6,0,3,0,67,220,98,0,0,0,0,0,0,0,0,0,0,0,0,0,1,2,55,1,1,2,1,0,0,1,63,1,1,3,86,1,0
28,280354,1,1,1,30,8,23,45,42,0,1,0,28,2,63,402,63402,14,2003,KNDJD7331350,K,N,D,J,D,7,3,3,1,3,5,0,0,0,0,000000000,00000000000,0,0,0,1,0,0,0,0,0,0,0,999,0,0,0,12,6,2,42,0,0,0,1,22,70056,6,1,0,0,3,0,68,130,0,0,0,0,0,0,0,0,0,0,28,0,0,0,2,2,70,1,1,2,1,0,0,1,12,1,1,4,6,1,1
28,280355,1,1,2,31,8,0,0,35,0,1,0,28,2,35,39,35039,4,2011,1N4AA5AP2BC8,1,N,4,A,A,5,A,P,2,B,C,8,0,0,0,000000000,00000000000,0,0,0,1,0,0,0,0,0,0,0,999,0,0,0,12,6,2,35,0,0,0,1,28,38620,1,1,0,0,2,0,64,170,98,1,0,0,0,0,0,0,0,0,28,0,0,0,1,2,55,1,1,2,2,0,0,1,13,1,1,4,1,1,1
28,280356,1,1,1,31,8,22,33,35,0,1,0,28,2,35,39,35039,4,1996,JN1CA21D9TT7,J,N,1,C,A,2,1,D,9,T,T,7,0,0,0,000000000,00000000000,0,0,0,1,0,0,0,0,0,0,0,80,0,1,1,12,6,2,35,0,0,0,1,28,39094,6,1,0,0,3,0,72,275,98,0,0,0,0,0,0,0,0,3,28,0,0,0,1,2,50,1,1,2,1,0,0,1,12,99,1,4,9,1,0
28,280357,1,1,1,1,9,0,56,42,0,1,0,28,2,7,422,7422,15,2006,1D4HB48N96F1,1,D,4,H,B,4,8,N,9,6,F,1,0,0,0,000000000,00000000000,0,0,0,1,0,0,0,0,0,0,0,998,0,0,0,81,6,2,42,0,0,0,1,28,39095,6,1,0,0,3,0,65,340,98,0,0,0,0,0,0,0,0,0,28,0,0,0,1,2,55,1,1,2,1,0,0,1,11,8,2,4,9,1,0
28,280358,1,1,1,1,9,1,5,42,0,1,0,28,2,20,9,20009,2,2011,2G1FJ1EJ0B91,2,G,1,F,J,1,E,J,0,B,9,1,0,0,0,000000000,00000000000,0,0,0,1,0,0,0,0,0,0,0,998,0,0,0,12,6,2,42,0,0,0,1,47,38116,6,1,0,0,3,0,999,999,0,0,0,0,0,0,0,0,0,3,28,0,0,0,1,2,35,1,1,2,1,0,0,1,6,8,2,4,9,1,1
28,280359,1,1,1,1,9,2,15,35,0,1,0,28,1,22,22,22022,4,2006,1G2ZG5582641,1,G,2,Z,G,5,5,8,2,6,4,1,0,0,0,000000000,00000000000,0,0,0,1,0,0,0,0,0,0,0,998,0,0,0,12,6,2,35,0,0,0,1,28,39150,0,0,0,0,0,0,999,999,99,99,99,99,99,99,9999,99,9999,0,28,0,0,0,1,2,55,1,1,2,1,0,0,1,12,1,1,4,9,1,1
28,280360,1,1,1,3,9,4,0,42,0,1,0,28,1,12,471,12471,30,1993,1FTCR10A4PUA,1,F,T,C,R,1,0,A,4,P,U,A,0,0,0,000000000,00000000000,0,0,0,1,0,0,0,0,0,0,0,998,0,0,0,12,6,2,42,0,0,0,1,28,38851,6,1,0,0,3,0,72,215,98,0,0,0,0,0,0,0,0,0,28,0,0,0,1,2,50,1,1,2,1,0,0,1,12,3,2,4,7,1,1
28,280361,1,1,1,3,9,8,32,32,0,1,0,28,2,12,401,12401,14,2002,1FMYU60E32UD,1,F,M,Y,U,6,0,E,3,2,U,D,0,0,0,000000000,00000000000,0,0,0,1,0,0,0,0,0,0,0,999,0,1,5,12,6,2,1,0,0,0,1,28,39056,6,1,0,0,3,0,69,150,98,0,0,1,1,10,2012,5,2014,0,27,28,0,0,1,2,40,1,1,2,1,0,0,1,6,3,2,4,7,1,0
28,280362,1,2,2,3,9,11,57,12,6,1,0,28,1,20,421,20421,15,2013,1GNSCBE03DR3,1,G,N,S,C,B,E,0,3,D,R,3,0,0,0,000000000,00000000000,0,0,0,1,0,0,0,0,0,0,0,55,0,0,0,12,6,2,12,0,0,0,1,28,39111,6,1,0,0,3,0,65,115,98,0,0,0,0,0,0,0,0,0,0,0,0,0,1,2,55,1,1,2,1,0,0,1,67,1,1,2,83,0,0
28,280362,2,2,1,3,9,11,57,12,6,1,0,28,1,19,3,19003,4,1993,1G6CD53B4P42,1,G,6,C,D,5,3,B,4,P,4,2,0,0,0,000000000,00000000000,0,0,0,1,0,0,0,0,0,0,0,999,0,0,0,62,6,2,12,0,0,0,1,6,39116,6,1,0,0,3,0,66,200,0,0,0,0,0,0,0,0,0,0,38,0,0,0,1,2,55,1,1,2,1,20,3,11,15,1,1,2,82,1,0
28,280363,1,1,3,3,9,17,50,32,0,1,0,28,1,49,40,49040,4,2007,4T1BE46K07U7,4,T,1,B,E,4,6,K,0,7,U,7,0,0,0,000000000,00000000000,0,0,0,1,0,0,0,0,0,0,0,65,0,0,0,12,6,2,35,0,0,0,1,28,39111,6,1,0,0,3,0,72,250,98,0,0,0,0,0,0,0,0,0,28,0,0,0,2,2,65,1,1,1,1,0,0,1,12,1,1,4,6,1,1
28,280364,1,2,1,4,9,19,25,12,6,1,0,28,2,20,403,20403,14,2006,1GNDS13S6621,1,G,N,D,S,1,3,S,6,6,2,1,0,0,0,000000000,00000000000,0,0,0,1,0,0,0,0,0,0,0,998,0,0,0,12,6,2,12,0,0,0,1,28,39038,0,0,0,0,0,0,999,999,99,99,99,99,99,99,9999,99,9999,9,0,0,0,0,2,2,55,2,1,2,1,0,0,14,72,1,1,2,83,0,0
28,280364,2,2,1,4,9,19,25,12,6,1,0,28,1,35,39,35039,4,2004,1N4BA41E04C8,1,N,4,B,A,4,1,E,0,4,C,8,0,0,0,000000000,00000000000,0,0,0,1,0,0,0,0,0,0,0,998,0,0,0,62,6,2,12,0,0,0,1,28,38754,6,1,0,0,3,0,65,155,98,0,0,0,0,0,0,0,0,0,38,0,0,0,2,2,55,3,1,2,1,20,3,11,15,1,1,2,82,1,0
28,280365,1,2,2,5,9,10,1,12,1,1,0,28,3,84,883,84883,63,2007,1HTWGAZT77J5,1,H,T,W,G,A,Z,T,7,7,J,5,0,0,57,1270862,571270862,3,1,7,1,0,0,0,0,0,0,0,0,0,0,0,6,2,5,12,42,0,0,1,28,38901,6,1,6,0,3,0,72,220,98,0,0,0,0,0,0,0,0,0,0,0,0,0,1,2,55,3,2,2,1,0,0,5,53,1,1,1,21,0,0
28,280365,2,2,1,5,9,10,1,12,1,1,0,28,2,35,472,35472,30,2001,1N6DD26S51C3,1,N,6,D,D,2,6,S,5,1,C,3,0,0,0,000000000,00000000000,0,0,0,1,0,0,0,0,0,0,0,999,0,0,0,12,6,2,12,0,0,0,1,28,38967,1,1,0,0,2,0,72,250,98,2,0,0,0,5,2012,10,2012,0,38,0,0,0,1,2,55,3,2,2,1,0,0,14,50,1,1,1,20,1,0
28,280366,1,1,1,5,9,12,44,42,0,1,0,28,2,18,2,18002,4,2000,1G4HR54K2YU1,1,G,4,H,R,5,4,K,2,Y,U,1,0,0,0,000000000,00000000000,0,0,0,1,0,0,0,0,0,0,0,998,0,0,0,12,6,2,42,0,0,0,1,28,38843,6,1,0,0,3,0,67,180,98,0,0,0,0,0,0,0,0,0,28,0,0,0,1,2,45,3,1,2,1,0,0,14,13,8,2,4,7,1,0
28,280367,1,2,1,5,9,13,30,12,2,1,0,28,1,24,5,24005,4,2001,1G8JU52F01Y5,1,G,8,J,U,5,2,F,0,1,Y,5,0,0,0,000000000,00000000000,0,0,0,1,0,0,0,0,0,0,0,999,0,0,0,12,6,2,12,0,0,0,1,28,38834,2,1,0,0,2,0,63,105,98,0,0,0,0,0,0,0,0,0,51,28,0,0,1,2,55,1,1,2,1,0,0,1,10,1,1,2,50,0,0
28,280367,2,2,3,5,9,13,30,12,2,1,0,28,1,7,20,7020,4,2005,1B3ES26CX5D1,1,B,3,E,S,2,6,C,X,5,D,1,0,0,0,000000000,00000000000,0,0,0,1,0,0,0,0,0,0,0,999,0,0,0,12,6,2,12,0,0,0,1,28,38683,0,0,0,0,0,0,999,999,99,99,99,99,99,99,9999,99,9999,0,0,0,0,0,1,2,55,1,1,2,1,0,0,1,62,1,1,1,51,1,0