STATE,ST_CASE,VEH_NO,VE_FORMS,NUMOCCS,DAY,MONTH,HOUR,MINUTE,HARM_EV,MAN_COLL,UNITTYPE,HIT_RUN,REG_STAT,OWNER,MAKE,MODEL,MAK_MOD,BODY_TYP,MOD_YEAR,VIN,VIN_1,VIN_2,VIN_3,VIN_4,VIN_5,VIN_6,VIN_7,VIN_8,VIN_9,VIN_10,VIN_11,VIN_12,TOW_VEH,J_KNIFE,MCARR_I1,MCARR_I2,MCARR_ID,GVWR,V_CONFIG,CARGO_BT,HAZ_INV,HAZ_PLAC,HAZ_ID,HAZ_CNO,HAZ_REL,BUS_USE,SPEC_USE,EMER_USE,TRAV_SP,UNDERIDE,ROLLOVER,ROLINLOC,IMPACT1,DEFORMED,TOWED,M_HARM,VEH_SC1,VEH_SC2,FIRE_EXP,DR_PRES,L_STATE,DR_ZIP,L_STATUS,L_TYPE,CDL_STAT,L_ENDORS,L_COMPL,L_RESTRI,DR_HGT,DR_WGT,PREV_ACC,PREV_SUS,PREV_DWI,PREV_SPD,PREV_OTH,FIRST_MO,FIRST_YR,LAST_MO,LAST_YR,SPEEDREL,DR_SF1,DR_SF2,DR_SF3,DR_SF4,VTRAFWAY,VNUM_LAN,VSPD_LIM,VALIGN,VPROFILE,VPAVETYP,VSURCOND,VTRAFCON,VTCONT_F,P_CRASH1,P_CRASH2,P_CRASH3,PCRASH4,PCRASH5,ACC_TYPE,DEATHS,DR_DRINK
28,280368,1,1,1,6,9,14,5,1,0,1,0,22,2,76,706,76706,80,2004,JYAVP14E04A0,J,Y,A,V,P,1,4,E,0,4,A,0,0,0,0,000000000,00000000000,0,0,0,1,0,0,0,0,0,0,0,45,0,0,0,0,6,2,5,0,0,0,1,28,39661,3,1,0,0,2,0,69,270,98,0,0,0,0,0,0,0,0,0,51,28,0,0,1,2,35,1,3,2,1,0,0,1,10,6,2,3,98,1,0
28,280369,1,2,1,7,9,13,10,12,6,1,0,28,1,12,443,12443,20,2006,2FMZA52226BA,2,F,M,Z,A,5,2,2,2,6,B,A,0,0,0,000000000,00000000000,0,0,0,1,0,0,0,0,0,0,0,999,0,0,0,12,6,2,12,0,0,0,1,28,39440,2,1,0,0,2,0,74,280,98,0,0,1,0,8,2014,8,2014,0,38,0,0,0,2,4,65,1,1,2,1,21,3,1,17,1,1,2,88,0,0
28,280369,2,2,2,7,9,13,10,12,6,1,0,28,1,12,473,12473,30,2002,1FMZU67E02UC,1,F,M,Z,U,6,7,E,0,2,U,C,0,0,0,000000000,00000000000,0,0,0,1,0,0,0,0,0,0,0,60,0,0,0,61,6,2,12,0,0,0,1,28,39360,2,1,0,0,2,0,72,200,98,1,0,0,0,0,0,0,0,0,0,0,0,0,2,4,65,1,1,2,1,0,0,1,66,1,1,1,89,1,0
28,280370,1,1,1,9,9,16,5,59,0,1,0,28,1,12,481,12481,31,2000,1FTSW30F8YEB,1,F,T,S,W,3,0,F,8,Y,E,B,0,0,0,000000000,00000000000,0,0,0,1,0,0,0,0,0,0,0,998,0,1,5,12,6,2,35,0,0,0,1,28,39117,6,1,0,0,3,0,67,170,98,0,0,0,0,0,0,0,0,0,28,58,0,0,1,2,55,3,1,2,1,0,0,14,13,8,4,5,9,1,0
28,280371,1,2,1,10,9,7,42,12,2,1,0,28,1,18,3,18003,4,1996,1G4CU5212TH6,1,G,4,C,U,5,2,1,2,T,H,6,0,0,0,000000000,00000000000,0,0,0,1,0,0,0,0,0,0,0,15,0,0,0,12,6,2,12,0,0,0,1,28,39563,6,1,0,0,3,0,66,130,98,0,0,0,0,0,0,0,0,0,0,0,0,0,2,4,55,1,1,2,1,1,3,11,62,1,1,3,68,0,0
28,280371,2,2,1,10,9,7,42,12,2,1,0,28,2,23,481,23481,31,1995,1GTEC14H4SZ5,1,G,T,E,C,1,4,H,4,S,Z,5,0,0,0,000000000,00000000000,0,0,0,1,0,0,0,0,0,0,0,999,0,0,0,12,6,2,12,0,0,0,1,28,39563,2,1,0,0,2,0,66,165,98,1,0,1,0,5,2013,5,2013,3,39,38,0,0,2,3,55,1,1,2,1,1,3,1,17,1,1,3,69,1,0
28,280372,1,2,1,10,9,7,49,12,1,1,0,17,3,84,884,84884,66,2007,2HSCNAPR27C3,2,H,S,C,N,A,P,R,2,7,C,3,1,1,57,241572,57241572,3,6,1,1,0,0,0,0,0,0,0,0,0,0,0,6,4,5,12,0,0,0,1,13,30549,6,1,6,0,3,0,70,170,98,0,0,0,0,0,0,0,0,0,0,0,0,0,2,2,70,1,3,2,2,0,0,5,53,1,1,1,21,0,0
28,280372,2,2,1,10,9,7,49,12,1,1,0,12,1,12,481,12481,31,2006,1FTSW21P26EB,1,F,T,S,W,2,1,P,2,6,E,B,0,0,0,000000000,00000000000,0,0,0,1,0,0,0,0,0,0,0,998,0,0,0,12,6,2,12,0,0,0,1,12,32301,6,1,0,0,3,0,71,999,0,0,0,2,0,7,2013,10,2013,0,84,0,0,0,2,2,70,1,3,2,2,0,0,1,50,1,1,1,20,1,0
28,280373,1,1,1,10,9,18,15,42,0,1,0,28,1,12,17,12017,4,1998,1FAFP52UXWG1,1,F,A,F,P,5,2,U,X,W,G,1,0,0,0,000000000,00000000000,0,0,0,1,0,0,0,0,0,0,0,65,0,0,0,12,6,2,42,0,0,0,1,28,39046,0,0,0,0,0,0,999,999,99,99,99,99,99,99,9999,99,9999,0,28,0,0,0,1,4,45,3,1,2,1,0,0,14,13,8,4,4,9,1,0
28,280374,1,1,1,11,9,6,15,53,0,1,0,28,2,35,47,35047,4,2010,1N4AL2AP5AN4,1,N,4,A,L,2,A,P,5,A,N,4,0,0,0,000000000,00000000000,0,0,0,1,0,0,0,0,0,0,0,998,0,0,0,12,6,2,42,0,0,0,1,28,39601,2,1,0,0,2,0,66,246,98,1,0,0,0,0,0,0,0,0,28,0,0,0,1,2,30,3,2,2,1,0,0,14,13,8,4,5,9,1,0
28,280375,1,1,1,11,9,10,10,42,0,1,0,28,1,35,402,35402,14,2004,5N1ED28T24C6,5,N,1,E,D,2,8,T,2,4,C,6,0,0,0,000000000,00000000000,0,0,0,1,0,0,0,0,0,0,0,998,0,1,5,12,6,2,42,0,0,0,1,28,38652,6,1,0,0,3,0,67,175,98,0,0,0,0,0,0,0,0,0,28,0,0,0,1,2,55,1,1,2,1,0,0,1,12,3,2,4,9,1,0
28,280376,1,1,1,11,9,17,20,15,0,1,1,28,1,18,7,18007,4,1999,2G4WS52M6X14,2,G,4,W,S,5,2,M,6,X,1,4,0,0,0,000000000,00000000000,0,0,0,1,0,0,0,0,0,0,0,999,0,0,0,12,6,2,15,0,0,0,1,28,39654,2,1,0,0,2,0,66,165,98,0,0,0,0,0,0,0,0,0,28,58,0,0,1,2,45,3,1,2,1,0,0,14,12,6,1,4,6,0,1
28,280377,1,1,1,12,9,18,4,1,0,1,0,28,1,37,706,37706,80,2004,1HFSC46044A2,1,H,F,S,C,4,6,0,4,4,A,2,0,0,0,000000000,00000000000,0,0,0,1,0,0,0,0,0,0,0,45,0,0,0,0,6,2,1,0,0,0,1,28,39191,6,1,0,0,3,0,71,175,98,0,0,0,0,0,0,0,0,0,0,0,0,0,1,2,45,2,1,2,1,0,0,14,5,1,2,2,98,1,1
28,280378,1,1,2,13,9,0,4,42,0,1,0,28,1,20,37,20037,4,2006,1G1ZT51876F2,1,G,1,Z,T,5,1,8,7,6,F,2,0,0,0,000000000,00000000000,0,0,0,1,0,0,0,0,0,0,0,80,0,0,0,12,6,2,42,0,0,0,1,28,38610,6,1,0,0,3,0,66,120,98,0,0,0,0,0,0,0,0,3,39,0,0,0,1,2,40,1,1,2,1,0,0,1,6,99,4,4,7,2,0
28,280379,1,1,4,13,9,3,10,42,0,1,0,28,2,37,31,37031,4,1995,JHMEG8551SS0,J,H,M,E,G,8,5,5,1,S,S,0,0,0,0,000000000,00000000000,0,0,0,1,0,0,0,0,0,0,0,998,0,0,0,62,6,2,42,0,0,0,1,28,39440,0,0,0,0,0,0,999,999,99,99,99,99,99,99,9999,99,9999,0,28,0,0,0,1,2,30,1,2,2,2,0,0,1,9,3,2,4,5,1,0
28,280380,1,2,1,23,5,9,5,12,6,1,0,28,1,12,481,12481,31,2000,1FTNX21F8YED,1,F,T,N,X,2,1,F,8,Y,E,D,0,0,0,000000000,00000000000,0,0,0,1,0,0,0,0,0,0,0,20,0,0,0,12,4,5,12,0,0,0,1,28,38617,3,1,0,0,2,0,67,195,98,0,0,0,0,0,0,0,0,0,99,99,99,99,2,4,30,1,1,2,1,20,1,1,17,99,1,1,88,0,0
28,280380,2,2,3,23,5,9,5,12,6,1,0,28,2,55,36,55036,4,2010,KMHCN4AC0AU4,K,M,H,C,N,4,A,C,0,A,U,4,0,0,0,000000000,00000000000,0,0,0,1,0,0,0,0,0,0,0,20,0,0,0,9,6,2,12,0,0,0,1,5,72342,6,1,0,0,3,0,64,200,0,0,0,0,0,0,0,0,0,0,99,99,99,99,2,4,30,1,1,2,1,20,3,1,17,1,1,1,89,1,0
28,280381,1,1,1,13,9,18,27,1,0,1,0,28,2,7,24,7024,4,2014,2C3CDXBG2EH1,2,C,3,C,D,X,B,G,2,E,H,1,0,0,0,000000000,00000000000,0,0,0,1,0,0,0,0,0,0,0,998,0,1,5,0,6,2,1,0,0,0,1,28,39481,6,1,0,0,3,0,74,175,98,0,0,0,0,0,0,0,0,0,0,0,0,0,1,2,55,1,1,2,1,0,0,1,13,1,1,4,1,1,0
28,280382,1,1,1,15,9,15,48,34,0,1,0,28,1,7,25,7025,5,2010,1B3CB4HA6AD5,1,B,3,C,B,4,H,A,6,A,D,5,0,0,0,000000000,00000000000,0,0,0,1,0,0,0,0,0,0,0,999,0,0,0,12,6,2,42,0,0,0,1,48,77009,6,1,0,0,3,0,999,999,0,0,0,0,0,0,0,0,0,0,28,58,0,0,1,2,55,3,1,2,1,0,0,14,13,8,2,4,9,1,0
28,280383,1,1,1,15,9,21,9,33,0,1,0,28,1,12,471,12471,30,2002,1FTYR10U62PA,1,F,T,Y,R,1,0,U,6,2,P,A,0,0,0,000000000,00000000000,0,0,0,1,0,0,0,0,0,0,0,999,0,0,0,14,4,3,34,0,0,0,1,28,38654,6,1,0,0,3,0,72,138,98,0,1,0,0,10,2012,10,2012,0,28,0,0,0,2,4,50,1,1,2,1,0,0,1,12,3,1,4,10,1,0
28,280384,1,1,2,16,9,21,15,30,0,1,0,28,1,22,401,22401,14,2004,3G7DA03E04S5,3,G,7,D,A,0,3,E,0,4,S,5,0,0,0,000000000,00000000000,0,0,0,1,0,0,0,0,0,0,0,998,0,0,0,12,6,2,30,0,0,0,1,28,38801,6,1,0,0,3,0,64,175,98,0,0,0,0,0,0,0,0,0,0,0,0,0,1,2,30,1,1,2,1,0,0,1,12,99,9,4,10,1,1
28,280385,1,1,1,17,9,0,0,1,0,1,0,28,2,12,37,12037,4,2007,1FAFP34N47W1,1,F,A,F,P,3,4,N,4,7,W,1,0,0,0,000000000,00000000000,0,0,0,1,0,0,0,0,0,0,0,998,0,1,5,0,6,2,1,0,0,0,1,28,38915,0,0,0,0,0,0,999,999,99,99,99,99,99,99,9999,99,9999,0,28,58,0,0,1,2,55,3,1,2,1,0,0,14,13,6,4,4,9,1,0
28,280386,1,1,1,18,9,1,0,42,0,1,0,28,1,14,401,14401,14,2007,4M2EU37EX7UJ,4,M,2,E,U,3,7,E,X,7,U,J,0,0,0,000000000,00000000000,0,0,0,1,0,0,0,0,0,0,0,999,0,0,0,12,6,2,42,0,0,0,1,28,38804,1,1,0,0,2,0,69,110,98,0,2,0,0,5,2012,1,2014,4,28,0,0,0,1,2,45,3,1,2,1,0,0,14,13,99,1,4,1,1,0
28,280387,1,1,1,18,9,0,39,42,0,1,0,28,1,12,16,12016,4,2002,2FAFP73W92X1,2,F,A,F,P,7,3,W,9,2,X,1,0,0,0,000000000,00000000000,0,0,0,1,0,0,0,0,0,0,0,99,0,0,0,4,6,2,42,0,0,0,1,28,39573,6,1,0,0,3,0,69,170,98,0,0,0,0,0,0,0,0,3,28,58,0,0,1,2,55,1,1,2,1,0,0,1,12,7,1,4,9,1,1
28,280388,1,2,2,18,9,4,51,12,6,1,0,47,3,82,884,82884,66,2011,1FUJGLCK1BLA,1,F,U,J,G,L,C,K,1,B,L,A,1,1,57,105234,57105234,3,6,1,1,0,0,0,0,0,0,0,999,0,0,0,63,4,5,12,0,0,0,1,5,71860,6,1,6,0,3,0,73,280,0,0,0,0,3,2,2013,7,2013,0,51,0,0,0,2,2,65,1,1,2,1,0,0,1,54,7,1,1,64,0,0
28,280388,2,2,1,18,9,4,51,12,6,1,0,28,1,20,481,20481,31,1994,1GCEC14Z4RZ2,1,G,C,E,C,1,4,Z,4,R,Z,2,0,0,0,000000000,00000000000,0,0,0,1,0,0,0,0,0,0,0,999,0,0,0,12,6,2,12,0,0,0,1,28,38666,6,1,0,0,3,0,68,225,98,0,0,0,0,0,0,0,0,0,0,0,0,0,2,2,65,1,1,2,1,0,0,1,54,1,1,1,65,1,0
28,280389,1,1,1,18,9,7,55,34,0,1,0,28,1,12,481,12481,31,2002,1FTRX17W42NB,1,F,T,R,X,1,7,W,4,2,N,B,0,0,0,000000000,00000000000,0,0,0,1,0,0,0,0,0,0,0,999,0,0,0,12,6,2,42,0,0,0,1,28,39664,6,1,0,0,3,0,71,205,98,0,0,0,0,0,0,0,0,0,28,0,0,0,1,2,55,1,1,2,1,0,0,1,11,3,1,4,4,1,1
28,280390,1,2,2,19,9,8,15,12,2,1,0,28,2,20,481,20481,31,1999,1GBEC19R8XR1,1,G,B,E,C,1,9,R,8,X,R,1,0,0,0,000000000,00000000000,0,0,0,1,0,0,0,0,0,0,0,55,0,0,0,12,6,2,12,0,0,0,1,28,39462,6,1,0,0,3,0,72,210,98,0,0,0,0,0,0,0,0,0,0,0,0,0,1,2,55,1,1,2,1,0,0,1,62,1,1,1,51,0,0
28,280390,2,2,1,19,9,8,15,12,2,1,0,28,1,76,705,76705,80,2001,JYARJ04E71A0,J,Y,A,R,J,0,4,E,7,1,A,0,0,0,0,000000000,00000000000,0,0,0,1,0,0,0,0,0,0,0,999,0,0,0,12,6,2,12,0,0,0,1,28,39462,6,1,0,0,3,0,66,160,98,0,0,0,0,0,0,0,0,0,27,0,0,0,1,2,55,1,1,2,1,0,0,6,10,1,1,1,50,1,0
28,280391,1,2,1,19,9,9,45,12,2,1,0,28,2,13,1,13001,4,2004,1LNHM81W14Y6,1,L,N,H,M,8,1,W,1,4,Y,6,0,0,0,000000000,00000000000,0,0,0,1,0,0,0,0,0,0,0,998,0,0,0,12,6,2,12,0,0,0,1,28,38618,6,1,0,0,3,0,68,170,98,0,0,0,0,0,0,0,0,0,28,0,0,0,1,2,45,1,1,2,1,0,0,1,10,99,1,1,50,0,0
28,280391,2,2,4,19,9,9,45,12,2,1,0,28,2,35,47,35047,4,2015,1N4AL3AP5FC1,1,N,4,A,L,3,A,P,5,F,C,1,0,0,0,000000000,00000000000,0,0,0,1,0,0,0,0,0,0,0,998,0,0,0,12,6,2,12,0,0,0,1,28,38672,6,2,0,0,3,0,70,190,98,0,0,0,0,0,0,0,0,0,0,0,0,0,1,2,45,1,1,2,1,0,0,1,62,99,1,1,51,1,0
28,280392,1,1,1,20,9,15,55,30,0,1,0,28,2,12,481,12481,31,2001,2FTZF17261CA,2,F,T,Z,F,1,7,2,6,1,C,A,0,0,0,000000000,00000000000,0,0,0,1,0,0,0,0,0,0,0,999,0,0,0,61,6,2,30,0,0,0,1,28,38826,1,1,0,0,2,0,70,250,98,0,0,0,0,0,0,0,0,0,28,58,0,0,1,2,98,3,2,2,1,0,0,14,13,6,4,4,9,1,0
28,280393,1,1,1,22,9,2,15,1,0,1,0,28,1,20,421,20421,15,2003,1GNEK13Z93R3,1,G,N,E,K,1,3,Z,9,3,R,3,0,0,0,000000000,00000000000,0,0,0,1,0,0,0,0,0,0,0,998,0,2,5,0,6,2,42,0,0,0,1,28,38828,2,1,0,0,2,0,69,182,98,0,0,0,0,0,0,0,0,0,28,58,0,0,1,2,55,3,3,2,1,0,0,14,12,7,2,4,9,1,1
28,280394,1,1,1,22,9,10,26,32,0,1,0,28,1,20,404,20404,14,2012,2GNALDEK8C63,2,G,N,A,L,D,E,K,8,C,6,3,0,0,0,000000000,00000000000,0,0,0,1,0,0,0,0,0,0,0,45,0,0,0,12,6,2,32,0,0,0,1,28,38664,6,1,0,0,3,0,69,195,98,0,0,0,0,0,0,0,0,0,28,0,0,0,1,2,55,1,1,2,1,0,0,1,12,1,1,4,9,1,0
28,280395,1,1,1,22,9,10,56,42,0,1,0,28,3,86,884,86884,71,2007,1M2AG11C97M0,1,M,2,A,G,1,1,C,9,7,M,0,1,1,88,888888888,88888888888,2,19,4,1,0,0,0,0,0,0,0,998,0,0,0,12,6,2,2,0,0,1,1,28,39629,6,1,6,0,3,0,61,215,98,0,0,0,0,0,0,0,0,0,28,0,0,0,1,2,45,3,1,2,1,0,0,14,12,6,1,4,9,1,0
28,280396,1,1,1,22,9,16,40,33,0,1,0,28,1,72,706,72706,80,2003,1HD1BXB143Y0,1,H,D,1,B,X,B,1,4,3,Y,0,0,0,0,000000000,00000000000,0,0,0,1,0,0,0,0,0,0,0,998,0,0,0,12,6,2,1,0,0,0,1,28,39669,6,1,0,0,3,0,70,180,98,0,0,0,0,0,0,0,0,0,28,0,0,0,1,2,45,1,1,2,1,0,0,1,12,1,1,4,98,1,0
28,280397,1,1,1,22,9,22,0,1,0,1,0,28,2,20,401,20401,14,2002,1GNDS13SX223,1,G,N,D,S,1,3,S,X,2,2,3,0,0,0,000000000,00000000000,0,0,0,1,0,0,0,0,0,0,0,999,0,2,3,0,6,2,1,0,0,0,1,28,39701,0,0,0,0,0,0,999,999,99,99,99,99,99,99,9999,99,9999,9,28,0,0,0,2,2,65,4,1,2,1,0,0,14,12,99,1,4,10,1,1
28,280398,1,1,1,23,9,14,45,9,0,1,0,28,1,12,16,12016,4,2006,2FAFP71WX6X1,2,F,A,F,P,7,1,W,X,6,X,1,0,0,0,000000000,00000000000,0,0,0,1,0,0,0,0,0,0,0,50,0,0,0,12,4,3,9,0,0,0,1,28,39501,6,1,6,0,3,0,64,180,98,0,0,0,0,0,0,0,0,0,39,0,0,0,2,2,45,1,1,2,1,3,3,1,17,1,1,1,13,0,0
28,280399,1,1,2,23,9,18,59,8,0,1,0,28,1,20,403,20403,14,2008,1GNDS13S4821,1,G,N,D,S,1,3,S,4,8,2,1,0,0,0,000000000,00000000000,0,0,0,1,0,0,0,0,0,0,0,50,0,0,0,12,2,3,8,0,0,0,1,28,39042,6,1,0,0,3,0,63,160,98,0,0,0,0,0,0,0,0,0,0,0,0,0,6,2,50,4,1,2,1,0,0,14,80,1,1,1,13,0,0
28,280400,1,1,1,24,9,12,31,42,0,1,0,28,1,20,16,20016,4,2004,1G1JC52F4473,1,G,1,J,C,5,2,F,4,4,7,3,0,0,0,000000000,00000000000,0,0,0,1,0,0,0,0,0,0,0,70,0,0,0,81,6,2,42,0,0,0,1,28,39041,6,1,6,0,3,0,71,211,98,0,0,0,0,0,0,0,0,0,28,0,0,0,2,2,70,1,1,2,1,0,0,1,12,6,2,4,10,1,0
28,280401,1,2,1,24,9,20,45,12,1,1,0,6,3,82,882,82882,66,2009,1FUJGLDR19LA,1,F,U,J,G,L,D,R,1,9,L,A,1,1,57,1336782,571336782,3,6,1,1,0,0,0,0,0,0,0,999,0,0,0,6,6,2,12,0,0,0,1,6,90280,6,1,6,0,3,0,63,165,0,0,0,0,0,0,0,0,0,0,0,0,0,0,2,2,70,1,1,2,1,0,0,2,53,1,1,1,29,0,0
28,280401,2,2,4,24,9,20,45,12,1,1,0,6,2,20,25,20025,4,2013,1G1PE5SB6D71,1,G,1,P,E,5,S,B,6,D,7,1,0,0,0,000000000,00000000000,0,0,0,1,0,0,0,0,0,0,0,999,0,0,0,12,6,2,12,0,0,0,1,6,93274,6,1,6,0,3,0,69,210,0,0,0,1,0,12,2013,12,2013,0,26,38,0,0,2,2,70,1,1,2,1,0,0,1,51,1,1,1,28,3,0
28,280402,1,1,3,25,9,2,45,42,0,1,0,28,1,20,16,20016,4,2000,1G1JF5243Y74,1,G,1,J,F,5,2,4,3,Y,7,4,0,0,0,000000000,00000000000,0,0,0,1,0,0,0,0,0,0,0,998,0,0,0,12,6,2,42,0,0,0,1,28,39455,6,2,0,0,3,0,66,140,98,0,0,0,0,0,0,0,0,0,28,0,0,0,1,2,45,3,1,2,1,0,0,14,13,1,1,4,5,2,0
28,280403,1,1,1,26,9,20,11,24,0,1,0,28,1,20,421,20421,15,2002,1GNEC13Z42R1,1,G,N,E,C,1,3,Z,4,2,R,1,0,0,0,000000000,00000000000,0,0,0,1,0,0,0,0,0,0,0,70,0,1,1,12,6,2,1,0,0,0,1,28,39209,6,1,0,0,3,0,62,150,98,0,0,0,0,0,0,0,0,0,28,0,0,0,3,2,70,1,1,2,1,0,0,1,12,99,3,4,98,1,1
28,280404,1,1,2,27,9,0,55,35,0,1,0,28,1,24,7,24007,4,2007,1G8AJ55F47Z1,1,G,8,A,J,5,5,F,4,7,Z,1,0,0,0,000000000,00000000000,0,0,0,1,0,0,0,0,0,0,0,999,0,1,6,12,6,2,1,0,0,0,1,28,39159,6,1,0,0,3,0,63,125,98,0,0,0,0,0,0,0,0,0,28,0,0,0,1,2,55,1,1,2,1,0,0,1,12,1,1,4,9,2,0
28,280405,1,1,2,27,9,23,10,34,0,1,0,28,2,7,482,7482,31,2001,1B7HC13Y31J2,1,B,7,H,C,1,3,Y,3,1,J,2,0,0,0,000000000,00000000000,0,0,0,1,0,0,0,0,0,0,0,998,0,1,5,12,6,2,1,0,0,0,1,28,39111,2,1,0,0,2,0,72,325,98,0,1,0,0,12,2012,12,2012,0,28,58,0,0,1,2,55,1,1,2,1,0,0,1,12,9,4,4,4,1,1
28,280406,1,2,1,28,9,0,3,12,8,1,0,28,1,20,441,20441,20,1994,1GBEG25K8RF1,1,G,B,E,G,2,5,K,8,R,F,1,0,0,0,000000000,00000000000,0,0,0,1,0,0,0,0,0,0,0,40,0,0,0,61,6,2,34,0,0,0,1,28,38683,6,1,0,0,3,0,71,158,98,0,0,0,0,0,0,0,0,0,28,0,0,0,1,2,35,1,3,2,1,0,0,1,10,1,1,1,66,1,1
28,280406,2,2,3,28,9,0,3,12,8,1,0,28,1,20,481,20481,31,2006,1GCEC19X26Z1,1,G,C,E,C,1,9,X,2,6,Z,1,0,0,0,000000000,00000000000,0,0,0,1,0,0,0,0,0,0,0,5,0,0,0,63,2,5,12,0,0,0,1,28,38833,6,1,0,0,3,0,76,180,98,0,0,0,0,0,0,0,0,0,0,0,0,0,1,2,35,1,3,2,1,0,0,1,62,1,1,1,66,0,0
28,280407,1,1,1,28,9,4,50,1,0,1,0,28,1,20,481,20481,31,2007,3GCEK13M77G5,3,G,C,E,K,1,3,M,7,7,G,5,0,0,0,000000000,00000000000,0,0,0,1,0,0,0,0,0,0,0,60,0,2,5,0,6,2,1,0,0,0,1,28,39402,6,1,0,0,3,0,66,115,98,0,0,0,0,0,0,0,0,0,28,0,0,0,1,2,45,1,1,2,1,0,0,1,13,7,1,4,1,1,0
28,280408,1,1,2,29,9,0,37,42,0,1,0,28,2,22,18,22018,4,2004,1G2NW52E64C1,1,G,2,N,W,5,2,E,6,4,C,1,0,0,0,000000000,00000000000,0,0,0,1,0,0,0,0,0,0,0,998,0,0,0,63,6,2,42,0,0,0,1,28,39641,6,1,0,0,3,0,65,140,98,0,0,0,0,0,0,0,0,0,28,0,0,0,1,2,45,2,2,2,2,0,0,14,12,1,1,4,10,1,0
28,280409,1,1,1,1,10,19,59,42,0,1,0,28,1,49,32,49032,4,2009,1NXBU40E69Z1,1,N,X,B,U,4,0,E,6,9,Z,1,0,0,0,000000000,00000000000,0,0,0,1,0,0,0,0,0,0,0,998,0,0,0,12,6,2,42,0,0,0,1,28,38804,6,1,0,0,3,0,68,115,98,0,0,0,0,0,0,0,0,0,28,0,0,0,1,2,50,1,1,2,98,0,0,1,12,1,1,4,9,1,1
28,280410,1,1,3,2,10,0,30,42,0,1,0,28,2,12,422,12422,15,2003,1FMFU17L73LA,1,F,M,F,U,1,7,L,7,3,L,A,0,0,0,000000000,00000000000,0,0,0,1,0,0,0,0,0,0,0,999,0,0,0,12,6,2,42,0,0,0,1,28,39669,0,0,0,0,0,0,999,999,99,99,99,99,99,99,9999,99,9999,0,28,0,0,0,1,2,55,1,1,2,1,0,0,1,13,8,3,4,9,2,1
28,280411,1,1,1,2,10,14,46,42,0,1,0,28,1,12,21,12021,4,2006,1FAFP24176G1,1,F,A,F,P,2,4,1,7,6,G,1,0,0,0,000000000,00000000000,0,0,0,1,0,0,0,0,0,0,0,999,0,0,0,61,6,2,42,0,0,0,1,28,39426,6,1,0,0,3,0,60,135,98,0,0,0,0,0,0,0,0,0,28,0,0,0,1,2,55,3,1,8,2,28,3,14,13,1,1,4,1,1,0
28,280412,1,2,1,2,10,16,23,12,6,1,0,28,1,2,403,2403,14,2003,1J4GX48S93C5,1,J,4,G,X,4,8,S,9,3,C,5,0,0,0,000000000,00000000000,0,0,0,1,0,0,0,0,0,0,0,60,0,0,0,12,6,2,12,0,0,0,1,28,39470,6,1,0,0,3,0,62,117,98,0,0,0,0,0,0,0,0,0,0,0,0,0,2,4,45,1,1,2,1,97,8,1,67,1,1,1,69,0,0
28,280412,2,2,2,2,10,16,23,12,6,1,0,28,1,24,401,24401,14,2006,5GZCZ53406S8,5,G,Z,C,Z,5,3,4,0,6,S,8,0,0,0,000000000,00000000000,0,0,0,1,0,0,0,0,0,0,0,15,0,0,0,62,6,2,12,0,0,0,1,28,39574,6,1,0,0,3,0,65,125,98,0,0,0,0,0,0,0,0,0,38,0,0,0,2,4,45,1,1,2,1,97,8,11,15,1,1,2,68,1,0
28,280413,1,1,1,3,10,14,10,42,0,1,0,28,1,12,17,12017,4,2003,1FAHP55U83A1,1,F,A,H,P,5,5,U,8,3,A,1,0,0,0,000000000,00000000000,0,0,0,1,0,0,0,0,0,0,0,998,0,0,0,12,6,2,42,0,0,0,1,28,39474,6,1,0,0,3,0,61,132,98,0,0,0,0,0,0,0,0,3,28,0,0,0,1,2,55,1,1,4,1,0,0,1,6,1,2,4,2,1,0
28,280414,1,2,1,3,10,14,22,12,1,1,0,28,1,19,481,19481,31,2010,3GYVKNEF0AG1,3,G,Y,V,K,N,E,F,0,A,G,1,0,0,0,000000000,00000000000,0,0,0,1,0,0,0,0,0,0,0,999,0,0,0,12,6,2,12,0,0,0,1,28,38664,6,1,6,0,3,0,74,250,98,0,0,0,0,0,0,0,0,0,26,0,0,0,2,2,65,1,1,2,1,0,0,1,51,99,1,3,24,0,0
28,280414,2,2,1,3,10,14,22,12,1,1,0,28,1,20,37,20037,4,2003,1G1ND52J73M5,1,G,1,N,D,5,2,J,7,3,M,5,0,0,0,000000000,00000000000,0,0,0,1,0,0,0,0,0,0,0,999,0,0,0,6,6,2,12,0,0,0,1,28,38967,6,1,0,0,3,0,67,179,98,0,0,0,0,0,0,0,0,0,0,0,0,0,2,2,65,1,1,2,1,0,0,1,53,1,1,2,25,1,0
28,280415,1,2,1,3,10,18,50,12,2,1,0,28,2,7,482,7482,31,2006,1D7HA18296S5,1,D,7,H,A,1,8,2,9,6,S,5,0,0,0,000000000,00000000000,0,0,0,1,0,0,0,0,0,0,0,999,0,0,0,12,6,2,12,0,0,0,1,28,39042,0,0,0,0,0,0,999,999,99,99,99,99,99,99,9999,99,9999,0,28,0,0,0,1,2,55,1,1,2,1,0,0,1,10,1,1,2,50,0,1