STATE,ST_CASE,VEH_NO,VE_FORMS,NUMOCCS,DAY,MONTH,HOUR,MINUTE,HARM_EV,MAN_COLL,UNITTYPE,HIT_RUN,REG_STAT,OWNER,MAKE,MODEL,MAK_MOD,BODY_TYP,MOD_YEAR,VIN,VIN_1,VIN_2,VIN_3,VIN_4,VIN_5,VIN_6,VIN_7,VIN_8,VIN_9,VIN_10,VIN_11,VIN_12,TOW_VEH,J_KNIFE,MCARR_I1,MCARR_I2,MCARR_ID,GVWR,V_CONFIG,CARGO_BT,HAZ_INV,HAZ_PLAC,HAZ_ID,HAZ_CNO,HAZ_REL,BUS_USE,SPEC_USE,EMER_USE,TRAV_SP,UNDERIDE,ROLLOVER,ROLINLOC,IMPACT1,DEFORMED,TOWED,M_HARM,VEH_SC1,VEH_SC2,FIRE_EXP,DR_PRES,L_STATE,DR_ZIP,L_STATUS,L_TYPE,CDL_STAT,L_ENDORS,L_COMPL,L_RESTRI,DR_HGT,DR_WGT,PREV_ACC,PREV_SUS,PREV_DWI,PREV_SPD,PREV_OTH,FIRST_MO,FIRST_YR,LAST_MO,LAST_YR,SPEEDREL,DR_SF1,DR_SF2,DR_SF3,DR_SF4,VTRAFWAY,VNUM_LAN,VSPD_LIM,VALIGN,VPROFILE,VPAVETYP,VSURCOND,VTRAFCON,VTCONT_F,P_CRASH1,P_CRASH2,P_CRASH3,PCRASH4,PCRASH5,ACC_TYPE,DEATHS,DR_DRINK
29,290112,2,2,1,31,3,23,50,12,2,1,0,53,1,12,481,12481,31,2002,1FTNW20L62ED,1,F,T,N,W,2,0,L,6,2,E,D,0,0,0,000000000,00000000000,0,0,0,1,0,0,0,0,0,0,0,28,0,0,0,12,6,2,12,0,0,0,1,29,64468,6,1,4,3,3,0,67,200,0,0,0,0,0,0,0,0,0,0,28,58,0,0,1,2,55,1,5,2,1,0,0,1,10,6,1,2,50,1,1
29,290113,1,1,1,5,4,6,37,42,0,1,0,29,1,49,40,49040,4,2008,4T1BE46K98U2,4,T,1,B,E,4,6,K,9,8,U,2,0,0,0,000000000,00000000000,0,0,0,1,0,0,0,0,0,0,0,998,0,0,0,12,6,2,42,0,0,0,1,29,63823,6,1,0,0,3,0,76,320,0,1,0,0,1,6,2012,7,2012,0,58,0,0,0,3,2,70,1,1,2,1,0,0,1,13,7,1,4,1,1,1
29,290114,1,4,1,5,4,20,25,12,1,1,0,29,1,20,22,20022,2,2008,1G1AK18F3872,1,G,1,A,K,1,8,F,3,8,7,2,0,0,0,000000000,00000000000,0,0,0,1,0,0,0,0,0,0,0,998,0,1,5,12,6,2,12,0,0,0,1,29,64870,6,1,0,0,3,3,62,133,0,0,0,0,0,0,0,0,0,0,0,0,0,0,1,2,65,1,5,2,1,0,0,1,50,9,2,1,20,0,0
29,290114,2,4,2,5,4,20,25,12,1,1,0,40,0,98,709,98709,80,2006,1X1TF52005J2,1,X,1,T,F,5,2,0,0,5,J,2,0,0,0,000000000,00000000000,0,0,0,1,0,0,0,0,0,0,0,0,0,0,0,6,6,2,12,0,0,0,1,40,74363,6,1,6,0,3,0,71,200,0,0,0,0,0,0,0,0,0,0,0,0,0,0,1,2,65,1,5,2,1,0,0,5,53,1,1,1,21,1,1
29,290114,3,4,2,5,4,20,25,12,1,1,0,29,2,12,481,12481,31,1990,1FTDF15N7LPB,1,F,T,D,F,1,5,N,7,L,P,B,0,0,0,000000000,00000000000,0,0,0,1,0,0,0,0,0,0,0,998,0,0,0,12,6,2,12,0,0,0,1,29,64865,6,2,0,0,3,3,72,165,0,0,0,0,0,0,0,0,0,0,0,0,0,0,1,2,65,1,5,2,1,0,0,1,62,1,1,1,98,0,0
29,290114,4,4,3,5,4,20,25,12,1,1,0,29,1,12,21,12021,4,2005,1FAFP23155G1,1,F,A,F,P,2,3,1,5,5,G,1,0,0,0,000000000,00000000000,0,0,0,1,0,0,0,0,0,0,0,998,0,0,0,12,2,5,54,0,0,0,1,29,64865,1,1,0,0,2,0,72,160,0,0,0,0,0,0,0,0,0,0,0,0,0,0,1,2,65,1,5,2,1,0,0,1,98,1,1,1,98,0,0
29,290115,1,2,2,21,1,6,0,12,1,1,0,29,1,12,402,12402,14,2002,1FMYU031X2KC,1,F,M,Y,U,0,3,1,X,2,K,C,0,0,0,000000000,00000000000,0,0,0,1,0,0,0,0,0,0,0,998,0,0,0,12,6,2,12,0,0,0,1,29,63121,6,1,0,0,3,0,64,165,0,0,0,0,0,0,0,0,0,4,0,0,0,0,3,3,55,1,1,2,4,0,0,1,5,1,2,2,24,1,0
29,290115,2,2,1,21,1,6,0,12,1,1,0,55,1,87,881,87881,66,2014,1XPBD79X9ED2,1,X,P,B,D,7,9,X,9,E,D,2,1,1,57,146000,57146000,3,6,98,1,0,0,0,0,0,0,0,998,0,0,0,6,6,2,12,0,0,0,1,29,63385,6,1,6,0,3,3,69,210,0,0,0,0,0,0,0,0,0,0,0,0,0,0,3,3,55,1,1,2,4,0,0,1,63,1,1,1,25,0,0
29,290116,1,1,1,27,3,2,25,33,0,1,0,29,1,55,35,55035,4,2000,KMHJF35F5YU9,K,M,H,J,F,3,5,F,5,Y,U,9,0,0,0,000000000,00000000000,0,0,0,1,0,0,0,0,0,0,0,998,0,0,0,14,6,2,46,0,0,0,1,29,63011,6,1,0,0,3,0,65,105,0,0,0,0,0,0,0,0,0,4,0,0,0,0,3,5,45,1,6,1,2,3,3,1,6,1,1,4,6,1,1
29,290117,1,1,3,6,4,19,10,42,0,1,0,29,1,22,18,22018,2,1999,1G2NE12E3XM8,1,G,2,N,E,1,2,E,3,X,M,8,0,0,0,000000000,00000000000,0,0,0,1,0,0,0,0,0,0,0,93,0,1,5,12,6,2,1,0,0,0,1,29,63670,6,2,0,0,3,2,63,130,2,0,0,0,0,3,2013,8,2013,3,58,73,0,0,3,2,70,1,5,2,1,0,0,1,13,6,4,4,1,2,0
29,290118,1,1,1,31,1,15,15,38,0,1,0,29,1,12,481,12481,31,2012,1FTFW1ET0CFA,1,F,T,F,W,1,E,T,0,C,F,A,0,0,0,000000000,00000000000,0,0,0,1,0,0,0,0,0,0,0,998,0,0,0,12,6,2,42,0,0,0,1,29,63303,6,1,0,0,3,0,69,220,0,0,0,0,0,0,0,0,0,0,0,0,0,0,1,1,98,1,1,8,1,0,0,1,13,1,1,4,1,1,0
29,290119,1,2,1,11,4,6,30,12,2,1,0,29,2,7,482,7482,31,2004,1D7HU18D04J2,1,D,7,H,U,1,8,D,0,4,J,2,0,0,0,000000000,00000000000,0,0,0,1,0,0,0,0,0,0,0,65,0,0,0,12,6,2,12,0,0,0,1,29,63664,6,1,0,0,3,3,68,185,0,0,0,0,0,0,0,0,0,3,27,0,0,0,1,2,55,1,3,2,1,0,0,6,54,1,1,1,52,0,0
29,290119,2,2,3,11,4,6,30,12,2,1,0,29,2,41,37,41037,4,2000,1YVGF22C0Y51,1,Y,V,G,F,2,2,C,0,Y,5,1,0,0,0,000000000,00000000000,0,0,0,1,0,0,0,0,0,0,0,71,0,0,0,12,6,2,2,0,0,1,1,29,65441,6,1,0,0,3,0,70,197,0,0,0,2,0,6,2012,12,2013,0,0,0,0,0,1,2,55,1,3,2,1,0,0,1,54,3,2,1,52,3,0
29,290120,1,3,1,12,4,13,41,12,1,1,0,29,1,41,55,41055,5,2011,JM1DE1HY5B01,J,M,1,D,E,1,H,Y,5,B,0,1,0,0,0,000000000,00000000000,0,0,0,1,0,0,0,0,0,0,0,54,0,0,0,12,6,2,12,0,0,0,1,29,64080,6,1,0,0,3,0,65,115,1,0,0,0,1,2,2012,10,2012,0,26,0,0,0,1,2,55,1,6,2,1,0,0,1,51,3,2,1,28,0,0
29,290120,2,3,1,12,4,13,41,12,1,1,0,29,1,53,709,53709,80,2007,JS1GN7DA7721,J,S,1,G,N,7,D,A,7,7,2,1,0,0,0,000000000,00000000000,0,0,0,1,0,0,0,0,0,0,0,998,0,0,0,6,6,2,12,0,0,0,1,29,64080,6,1,0,0,3,3,71,150,0,0,0,2,1,1,2012,1,2014,0,0,0,0,0,1,2,55,1,6,2,1,0,0,2,53,1,1,1,29,1,0
29,290120,3,3,1,12,4,13,41,12,1,1,0,29,2,12,481,12481,31,2005,1FTPW14535KF,1,F,T,P,W,1,4,5,3,5,K,F,0,0,0,000000000,00000000000,0,0,0,1,0,0,0,0,0,0,0,998,0,0,0,12,2,5,54,0,0,0,1,29,64080,6,1,6,3,3,0,72,185,0,0,0,0,0,0,0,0,0,0,0,0,0,0,1,2,55,1,6,2,1,0,0,1,54,6,1,2,98,0,0
29,290121,1,1,1,12,4,16,30,42,0,1,0,29,2,49,50,49050,3,2007,JTKDE1778701,J,T,K,D,E,1,7,7,8,7,0,1,0,0,0,000000000,00000000000,0,0,0,1,0,0,0,0,0,0,0,998,0,0,0,12,6,2,42,0,0,0,1,29,63390,6,2,0,0,3,2,71,220,0,0,0,1,0,2,2014,2,2014,3,73,0,0,0,1,2,55,3,5,2,1,0,0,14,13,4,5,4,2,1,0
29,290122,1,2,3,12,4,17,4,12,6,1,0,29,1,20,37,20037,4,2002,1G1ND52J22M5,1,G,1,N,D,5,2,J,2,2,M,5,0,0,0,000000000,00000000000,0,0,0,1,0,0,0,0,0,0,0,9,0,0,0,3,6,2,12,0,0,0,1,29,64067,6,1,0,0,3,0,62,115,0,0,0,0,0,0,0,0,0,0,38,0,0,0,1,2,60,1,1,1,1,0,0,11,15,1,1,1,68,1,0
29,290122,2,2,3,12,4,17,4,12,6,1,0,29,1,6,441,6441,20,2008,2A8HR64X58R7,2,A,8,H,R,6,4,X,5,8,R,7,0,0,0,000000000,00000000000,0,0,0,1,0,0,0,0,0,0,0,42,0,0,0,12,6,2,12,0,0,0,1,29,64096,6,1,0,0,3,0,70,200,0,0,0,0,0,0,0,0,0,0,0,0,0,0,1,2,60,1,1,1,1,0,0,1,62,1,1,1,69,0,0
29,290123,1,1,2,12,4,17,25,31,0,1,0,5,3,49,32,49032,4,2013,5YFBU4EEXDP1,5,Y,F,B,U,4,E,E,X,D,P,1,0,0,0,000000000,00000000000,0,0,0,1,0,0,0,0,0,0,0,93,0,1,5,1,6,2,1,0,0,0,1,29,73089,1,1,0,0,2,0,68,165,0,1,1,0,0,7,2012,8,2012,0,0,0,0,0,1,2,55,3,1,2,1,0,0,14,13,1,1,4,1,1,1
29,290124,1,1,1,2,3,4,2,42,0,1,0,92,0,20,401,20401,14,2003,1GNDT13S5321,1,G,N,D,T,1,3,S,5,3,2,1,0,0,0,000000000,00000000000,0,0,0,1,0,0,0,0,0,0,0,998,0,0,0,12,6,2,42,0,0,0,1,29,64029,6,1,0,0,3,3,65,135,0,0,0,0,0,0,0,0,0,4,87,0,0,0,1,2,50,3,1,2,3,0,0,14,6,4,3,4,2,1,1
29,290125,1,3,1,6,3,18,37,12,1,1,0,29,1,35,443,35443,20,2000,4N2XN11T2YD8,4,N,2,X,N,1,1,T,2,Y,D,8,0,0,0,000000000,00000000000,0,0,0,1,0,0,0,0,0,0,0,998,0,0,0,12,6,2,12,0,0,0,1,29,63125,6,1,0,0,3,3,68,170,0,0,0,0,0,0,0,0,0,0,26,28,0,0,1,2,50,1,1,2,1,0,0,1,52,8,2,1,28,1,0
29,290125,2,3,1,6,3,18,37,12,1,1,0,29,2,12,401,12401,14,2006,1FMEU74E26UA,1,F,M,E,U,7,4,E,2,6,U,A,0,0,0,000000000,00000000000,0,0,0,1,0,0,0,0,0,0,0,998,0,0,0,6,4,5,12,0,0,0,1,29,63129,6,2,0,0,3,3,67,150,0,0,0,0,0,0,0,0,0,0,0,0,0,0,1,2,50,1,1,2,1,0,0,2,53,1,1,1,29,0,0
29,290125,3,3,1,6,3,18,37,12,1,1,0,29,1,18,23,18023,4,2006,1G4HR57Y06U1,1,G,4,H,R,5,7,Y,0,6,U,1,0,0,0,000000000,00000000000,0,0,0,1,0,0,0,0,0,0,0,998,0,0,0,12,6,2,12,0,0,0,1,29,63020,6,1,0,0,3,0,63,140,0,0,0,0,0,0,0,0,0,0,0,0,0,0,1,5,50,1,1,2,1,0,0,1,60,4,2,1,98,0,0
29,290126,1,1,1,2,4,17,57,42,0,1,0,29,2,7,482,7482,31,1998,1B7HC16Z3WS5,1,B,7,H,C,1,6,Z,3,W,S,5,0,0,0,000000000,00000000000,0,0,0,1,0,0,0,0,0,0,0,70,0,0,0,11,6,2,42,0,0,0,1,29,64052,2,1,0,0,2,0,71,160,0,1,0,0,0,11,2013,11,2013,4,0,0,0,0,1,2,40,2,1,2,2,0,0,14,6,3,2,4,7,1,1
29,290127,1,1,2,8,4,21,0,1,0,1,0,29,1,2,403,2403,14,1997,1J4FY19S8VP4,1,J,4,F,Y,1,9,S,8,V,P,4,0,0,0,000000000,00000000000,0,0,0,1,0,0,0,0,0,0,0,998,0,2,5,0,6,2,1,0,0,0,1,29,64843,6,1,0,0,3,0,73,200,0,0,0,0,0,0,0,0,0,0,0,0,0,0,1,2,50,2,6,5,1,0,0,14,13,99,1,4,1,1,1
29,290128,1,3,1,9,4,9,0,12,1,1,0,29,2,20,421,20421,15,2011,1GNSKCE02BR3,1,G,N,S,K,C,E,0,2,B,R,3,0,0,0,000000000,00000000000,0,0,0,1,0,0,0,0,0,0,0,998,0,0,0,12,6,2,12,0,0,0,1,29,64080,6,1,0,0,3,0,65,135,1,0,0,2,0,7,2012,9,2013,3,0,0,0,0,1,2,55,1,5,2,1,0,0,1,51,1,1,1,28,0,1
29,290128,2,3,1,9,4,9,0,12,1,1,0,20,3,49,51,49051,3,2007,JTDJT9232750,J,T,D,J,T,9,2,3,2,7,5,0,0,0,0,000000000,00000000000,0,0,0,1,0,0,0,0,0,0,0,998,0,0,0,6,6,2,12,0,0,0,1,29,64061,6,1,0,0,3,0,74,240,0,0,0,0,0,0,0,0,0,0,0,0,0,0,1,2,55,1,5,2,1,0,0,2,53,1,1,1,29,1,0
29,290128,3,3,1,9,4,9,0,12,1,1,0,20,3,23,461,23461,21,2009,1GDJG31KX919,1,G,D,J,G,3,1,K,X,9,1,9,0,0,57,383000,57383000,2,20,22,1,0,0,0,0,0,0,0,0,0,0,0,6,2,5,12,0,0,0,1,29,64080,6,1,6,0,3,0,67,240,1,0,0,0,0,7,2012,7,2012,0,0,0,0,0,1,2,55,1,5,2,1,0,0,5,53,1,1,1,98,0,0
29,290129,1,2,1,10,4,17,15,12,6,1,0,29,1,14,17,14017,4,2005,1MEFM55SX5A6,1,M,E,F,M,5,5,S,X,5,A,6,0,0,0,000000000,00000000000,0,0,0,1,0,0,0,0,0,0,0,998,0,0,0,1,6,2,12,0,0,0,1,29,63017,6,1,0,0,3,3,60,130,0,0,0,0,0,0,0,0,0,0,38,0,0,0,2,3,45,1,6,1,1,3,3,11,15,1,1,1,68,0,0
29,290129,2,2,1,10,4,17,15,12,6,1,0,29,1,98,705,98705,80,2001,4MZKP13CX135,4,M,Z,K,P,1,3,C,X,1,3,5,0,0,0,000000000,00000000000,0,0,0,1,0,0,0,0,0,0,0,27,0,0,0,12,6,2,12,0,0,0,1,29,63033,6,1,0,0,3,0,69,260,1,0,0,0,0,9,2012,9,2012,0,0,0,0,0,2,3,45,1,5,1,1,3,3,1,66,1,2,1,69,1,0
29,290130,1,1,1,13,4,15,1,1,0,1,0,29,1,72,709,72709,80,2013,1HD1KEM16DB6,1,H,D,1,K,E,M,1,6,D,B,6,0,0,0,000000000,00000000000,0,0,0,1,0,0,0,0,0,0,0,998,0,0,0,0,6,2,1,0,0,0,1,29,63049,6,1,0,0,2,0,70,215,0,0,0,0,0,0,0,0,0,4,0,0,0,0,1,2,35,3,1,2,2,0,0,14,6,1,1,2,98,1,0
29,290131,1,1,1,14,4,19,22,42,0,1,0,29,1,20,401,20401,14,2005,1GNDT13S6522,1,G,N,D,T,1,3,S,6,5,2,2,0,0,0,000000000,00000000000,0,0,0,1,0,0,0,0,0,0,0,998,0,0,0,12,6,2,42,0,0,0,1,29,63016,6,1,0,0,3,0,72,170,0,0,0,0,0,0,0,0,0,0,0,0,0,0,1,2,60,1,1,2,2,0,0,1,12,1,1,4,6,1,1
29,290132,1,1,1,14,4,21,0,35,0,1,0,29,2,22,20,22020,4,1996,1G2WJ52M2TF2,1,G,2,W,J,5,2,M,2,T,F,2,0,0,0,000000000,00000000000,0,0,0,1,0,0,0,0,0,0,0,998,0,1,5,12,6,2,1,0,0,0,1,29,65717,2,1,0,0,2,0,69,140,0,3,0,0,0,3,2013,11,2013,0,0,0,0,0,1,2,55,3,5,2,1,0,0,14,13,3,2,4,1,1,1
29,290133,1,1,3,12,4,16,23,32,0,1,0,92,0,20,481,20481,31,2004,1GCEK19T54E4,1,G,C,E,K,1,9,T,5,4,E,4,0,0,0,000000000,00000000000,0,0,0,1,0,0,0,0,0,0,0,105,0,1,5,12,6,2,1,0,0,0,1,29,63827,6,1,0,0,3,0,69,180,0,1,0,2,0,4,2011,1,2014,3,0,0,0,0,1,2,55,1,1,2,1,0,0,1,13,1,1,4,1,3,1
29,290134,1,3,1,15,4,14,31,12,2,1,0,29,2,20,37,20037,4,2005,1G1ND52F45M1,1,G,1,N,D,5,2,F,4,5,M,1,0,0,0,000000000,00000000000,0,0,0,1,0,0,0,0,0,0,0,59,0,0,0,61,2,5,12,0,0,0,1,29,65020,1,1,0,0,2,0,72,141,1,1,0,0,0,6,2013,3,2014,0,0,0,0,0,1,2,25,1,1,2,1,0,0,1,62,1,1,1,98,0,1
29,290134,2,3,1,15,4,14,31,12,2,1,0,29,2,55,37,55037,2,2003,KMHHM65D93U1,K,M,H,H,M,6,5,D,9,3,U,1,0,0,0,000000000,00000000000,0,0,0,1,0,0,0,0,0,0,0,67,0,0,0,12,6,2,12,0,0,0,1,13,30102,1,1,1,0,2,0,77,170,98,0,0,0,0,0,0,0,0,0,27,28,0,0,1,2,25,1,1,2,1,0,0,6,54,1,1,1,50,1,1
29,290134,3,3,1,15,4,14,31,12,2,1,0,29,3,82,462,82462,22,2007,4UZAARCP87CY,4,U,Z,A,A,R,C,P,8,7,C,Y,0,0,0,000000000,00000000000,0,0,0,1,0,0,0,0,0,0,0,998,0,0,0,12,6,2,12,0,0,0,1,29,65326,6,1,0,0,3,0,71,240,0,0,0,0,0,0,0,0,0,0,0,0,0,0,1,2,25,1,1,2,1,0,0,1,54,3,2,1,51,0,0
29,290135,1,2,2,16,4,17,5,12,2,1,0,29,3,41,471,41471,30,1986,JM2UF2111G05,J,M,2,U,F,2,1,1,1,G,0,5,0,0,0,000000000,00000000000,0,0,0,1,0,0,0,0,0,0,0,33,0,0,0,12,6,2,12,0,0,0,1,29,65793,1,1,0,0,2,0,67,150,1,2,1,0,0,9,2012,1,2013,0,28,0,0,0,1,2,60,2,6,2,1,0,0,14,50,6,2,2,50,1,0
29,290135,2,2,1,16,4,17,5,12,2,1,0,29,1,20,481,20481,31,2006,2GCEK13T3611,2,G,C,E,K,1,3,T,3,6,1,1,0,0,0,000000000,00000000000,0,0,0,1,0,0,0,0,0,0,0,51,0,0,0,12,6,2,12,0,0,0,1,29,65582,6,1,0,0,3,3,75,280,0,0,0,0,0,0,0,0,0,0,0,0,0,0,1,2,60,3,5,2,1,0,0,14,62,1,1,1,51,0,0
29,290136,1,2,2,14,3,20,3,12,2,1,0,29,1,63,441,63441,20,2014,KNDMG4C7XE65,K,N,D,M,G,4,C,7,X,E,6,5,0,0,0,000000000,00000000000,0,0,0,1,0,0,0,0,0,0,0,998,0,0,0,12,6,2,12,0,0,0,1,29,63069,6,1,0,0,3,3,71,155,0,0,0,0,0,0,0,0,0,0,0,0,0,0,1,2,55,3,6,2,1,0,0,14,10,1,2,2,51,0,0
29,290136,2,2,1,14,3,20,3,12,2,1,0,29,1,14,17,14017,4,1998,1MEFM50S6WG6,1,M,E,F,M,5,0,S,6,W,G,6,0,0,0,000000000,00000000000,0,0,0,1,0,0,0,0,0,0,0,998,0,0,0,12,6,2,12,0,0,0,1,29,63069,6,1,0,0,3,3,66,116,0,0,0,0,0,0,0,0,0,4,6,0,0,0,1,2,55,1,5,2,1,0,0,1,62,9,1,1,50,1,0
29,290137,1,2,3,11,4,16,45,12,6,1,0,17,2,20,25,20025,4,2012,1G1PG5SC9C72,1,G,1,P,G,5,S,C,9,C,7,2,0,0,0,000000000,00000000000,0,0,0,1,0,0,0,0,0,0,0,19,0,0,0,9,6,2,12,0,0,0,1,17,60177,6,1,0,0,3,0,70,176,0,0,0,0,0,0,0,0,0,0,38,0,0,0,1,2,60,1,1,2,1,20,3,11,15,6,1,1,82,1,0
29,290137,2,2,2,11,4,16,45,12,6,1,0,29,1,7,472,7472,30,2005,1D7HE22K25S2,1,D,7,H,E,2,2,K,2,5,S,2,0,0,0,000000000,00000000000,0,0,0,1,0,0,0,0,0,0,0,998,0,1,5,12,6,2,12,0,0,0,1,29,65255,6,1,0,0,3,0,67,145,0,0,0,0,0,0,0,0,0,0,0,0,0,0,1,2,60,1,1,2,1,0,0,1,67,1,1,1,83,0,0
29,290138,1,1,2,15,4,2,25,8,0,1,0,18,3,82,999,82999,99,2010,1FUJA6DR1ADA,1,F,U,J,A,6,D,R,1,A,D,A,0,0,0,000000000,00000000000,0,0,0,1,0,0,0,0,0,0,0,59,0,0,0,12,2,5,8,0,0,0,1,13,30310,6,1,6,0,3,3,74,360,98,0,0,0,0,0,0,0,0,0,0,0,0,0,3,3,60,1,1,2,1,0,0,1,80,1,1,1,13,0,0
29,290140,1,1,1,18,4,17,0,35,0,1,0,29,1,20,403,20403,14,2004,1GNDT13S3421,1,G,N,D,T,1,3,S,3,4,2,1,0,0,0,000000000,00000000000,0,0,0,1,0,0,0,0,0,0,0,998,0,1,5,12,6,2,1,0,0,0,1,29,65536,6,1,0,0,3,3,60,165,0,0,0,0,0,0,0,0,0,0,0,0,0,0,1,2,35,1,6,4,1,0,0,1,12,1,4,4,7,1,0
29,290141,1,2,1,15,4,16,10,12,2,1,0,29,1,20,25,20025,4,2013,1G1PA5SH3D72,1,G,1,P,A,5,S,H,3,D,7,2,0,0,0,000000000,00000000000,0,0,0,1,0,0,0,0,0,0,0,56,0,0,0,12,6,2,12,0,0,0,1,29,65034,6,1,0,0,3,0,65,140,0,0,0,1,0,12,2013,12,2013,0,51,0,0,0,1,2,55,1,3,2,1,0,0,1,54,7,1,1,52,1,0
29,290141,2,2,1,15,4,16,10,12,2,1,0,18,3,51,881,51881,66,2008,4V4N19TG98N4,4,V,4,N,1,9,T,G,9,8,N,4,1,1,57,239039,57239039,3,6,1,1,0,0,0,0,0,0,0,55,0,0,0,12,6,2,12,0,0,0,1,29,65233,6,1,6,0,3,3,70,145,0,0,0,0,0,0,0,0,0,0,0,0,0,0,1,2,55,1,3,2,1,0,0,1,54,3,2,1,52,0,0
29,290142,1,1,1,11,4,10,50,57,0,1,0,29,1,20,481,20481,31,1999,1GCEK14V1XE1,1,G,C,E,K,1,4,V,1,X,E,1,0,0,0,000000000,00000000000,0,0,0,1,0,0,0,0,0,0,0,998,0,0,0,12,6,2,59,0,0,0,1,29,64015,6,1,0,0,3,0,68,215,0,0,0,0,0,0,0,0,0,0,0,0,0,0,3,3,65,1,1,2,1,0,0,1,12,1,1,4,6,1,0
29,290143,1,1,1,17,4,14,5,32,0,1,0,29,1,49,40,49040,4,1991,4T1SV21E5MU3,4,T,1,S,V,2,1,E,5,M,U,3,0,0,0,000000000,00000000000,0,0,0,1,0,0,0,0,0,0,0,998,0,0,0,11,6,2,32,0,0,0,1,29,63125,6,1,0,0,3,0,71,205,0,1,0,1,0,3,2013,3,2013,0,0,0,0,0,1,2,55,2,1,2,1,0,0,14,12,1,3,4,7,1,1
29,290144,1,1,1,18,4,21,45,35,0,1,0,29,1,12,471,12471,30,2002,1FTZR45E42PA,1,F,T,Z,R,4,5,E,4,2,P,A,0,0,0,000000000,00000000000,0,0,0,1,0,0,0,0,0,0,0,998,0,1,5,11,6,2,1,0,0,0,1,29,63640,2,1,0,0,2,0,63,118,3,6,0,0,1,7,2012,4,2014,3,58,0,0,0,1,2,55,1,6,2,1,0,0,1,13,6,3,4,2,1,1
29,290145,1,2,1,26,3,10,45,12,6,1,0,29,2,35,402,35402,14,2006,5N1AN08W26C5,5,N,1,A,N,0,8,W,2,6,C,5,0,0,0,000000000,00000000000,0,0,0,1,0,0,0,0,0,0,0,998,0,1,5,11,6,2,1,0,0,0,1,29,65714,6,1,0,0,3,0,66,139,0,0,0,0,0,0,0,0,0,0,0,0,0,0,1,2,45,1,6,2,1,0,0,1,62,4,1,1,65,0,0
29,290145,2,2,1,26,3,10,45,12,6,1,0,29,2,12,13,12013,4,1995,1FASP14J5SW3,1,F,A,S,P,1,4,J,5,S,W,3,0,0,0,000000000,00000000000,0,0,0,1,0,0,0,0,0,0,0,998,0,0,0,12,6,2,12,0,0,0,1,29,65721,6,1,0,0,3,3,69,210,0,0,0,0,0,0,0,0,0,0,28,58,0,0,1,2,45,1,5,2,1,0,0,1,10,1,1,2,64,1,1
29,290146,1,1,1,18,4,14,50,34,0,1,0,29,1,23,481,23481,31,1993,1GTCS14Z5P85,1,G,T,C,S,1,4,Z,5,P,8,5,0,0,0,000000000,00000000000,0,0,0,1,0,0,0,0,0,0,0,998,0,1,5,8,6,2,1,0,0,0,1,29,65734,6,1,0,0,3,0,67,170,1,1,1,0,0,7,2011,7,2013,0,0,0,0,0,1,2,55,3,6,2,1,0,0,14,13,7,3,4,2,1,1
29,290147,1,1,2,20,4,5,40,1,0,1,0,6,2,85,881,85881,66,2011,1XKAD49X5BJ2,1,X,K,A,D,4,9,X,5,B,J,2,1,1,57,954656,57954656,3,6,1,1,0,0,0,0,0,0,0,71,0,1,3,0,6,2,1,0,0,0,1,36,10466,6,1,6,0,3,3,66,999,0,1,0,1,1,5,2012,1,2013,0,0,0,0,0,3,2,70,1,1,2,1,0,0,1,54,6,1,4,6,1,1
29,290148,1,2,1,21,4,12,52,24,0,1,0,29,1,7,43,7043,4,2004,1B3AL46R14N3,1,B,3,A,L,4,6,R,1,4,N,3,0,0,0,000000000,00000000000,0,0,0,1,0,0,0,0,0,0,0,44,0,1,5,1,6,2,12,0,0,0,1,29,63090,6,1,0,0,3,0,70,200,0,0,0,0,0,0,0,0,0,0,0,0,0,0,1,2,55,1,3,2,1,0,0,1,13,7,1,4,1,1,0
29,290148,2,2,1,21,4,12,52,24,0,1,0,13,1,82,881,82881,66,2006,1FUJAPCK26DV,1,F,U,J,A,P,C,K,2,6,D,V,1,1,57,2396474,572396474,3,6,1,1,0,0,0,0,0,0,0,46,0,0,0,12,6,2,12,0,0,0,1,13,30318,6,1,6,0,3,3,74,180,98,1,0,0,1,4,2012,4,2012,0,0,0,0,0,1,2,55,1,3,2,1,0,0,1,62,1,1,1,98,0,0
29,290150,1,2,1,11,3,0,20,12,2,1,0,29,1,35,401,35401,14,1996,JN8AR05Y7TW0,J,N,8,A,R,0,5,Y,7,T,W,0,0,0,0,000000000,00000000000,0,0,0,1,0,0,0,0,0,0,0,998,0,0,0,12,6,2,12,0,0,0,1,29,65202,6,1,0,0,3,0,61,115,0,1,0,1,0,9,2011,2,2014,0,51,0,0,0,2,2,65,1,1,1,1,0,0,1,54,1,1,1,52,1,1
29,290150,2,2,1,11,3,0,20,12,2,1,0,29,2,7,442,7442,20,1994,1B4GH2431RX2,1,B,4,G,H,2,4,3,1,R,X,2,0,0,0,000000000,00000000000,0,0,0,1,0,0,0,0,0,0,0,998,0,0,0,12,6,2,12,0,0,0,1,29,65202,1,1,0,0,2,3,73,215,1,2,0,1,0,10,2011,2,2013,0,0,0,0,0,2,2,65,1,1,1,1,0,0,1,54,1,1,1,52,1,0
29,290151,1,1,1,19,4,14,36,8,0,1,0,29,6,2,431,2431,15,1993,1J4FY19P6PP2,1,J,4,F,Y,1,9,P,6,P,P,2,0,0,0,000000000,00000000000,0,0,0,1,0,0,0,0,0,0,0,998,0,1,5,6,6,2,1,0,0,0,0,0,99997,7,6,97,7,6,7,998,997,998,998,998,998,998,98,9998,98,9998,8,0,0,0,0,1,2,50,1,6,4,1,0,0,0,80,0,0,0,15,1,0