STATE,ST_CASE,VEH_NO,VE_FORMS,NUMOCCS,DAY,MONTH,HOUR,MINUTE,HARM_EV,MAN_COLL,UNITTYPE,HIT_RUN,REG_STAT,OWNER,MAKE,MODEL,MAK_MOD,BODY_TYP,MOD_YEAR,VIN,VIN_1,VIN_2,VIN_3,VIN_4,VIN_5,VIN_6,VIN_7,VIN_8,VIN_9,VIN_10,VIN_11,VIN_12,TOW_VEH,J_KNIFE,MCARR_I1,MCARR_I2,MCARR_ID,GVWR,V_CONFIG,CARGO_BT,HAZ_INV,HAZ_PLAC,HAZ_ID,HAZ_CNO,HAZ_REL,BUS_USE,SPEC_USE,EMER_USE,TRAV_SP,UNDERIDE,ROLLOVER,ROLINLOC,IMPACT1,DEFORMED,TOWED,M_HARM,VEH_SC1,VEH_SC2,FIRE_EXP,DR_PRES,L_STATE,DR_ZIP,L_STATUS,L_TYPE,CDL_STAT,L_ENDORS,L_COMPL,L_RESTRI,DR_HGT,DR_WGT,PREV_ACC,PREV_SUS,PREV_DWI,PREV_SPD,PREV_OTH,FIRST_MO,FIRST_YR,LAST_MO,LAST_YR,SPEEDREL,DR_SF1,DR_SF2,DR_SF3,DR_SF4,VTRAFWAY,VNUM_LAN,VSPD_LIM,VALIGN,VPROFILE,VPAVETYP,VSURCOND,VTRAFCON,VTCONT_F,P_CRASH1,P_CRASH2,P_CRASH3,PCRASH4,PCRASH5,ACC_TYPE,DEATHS,DR_DRINK
29,290152,1,1,2,1,4,22,48,24,0,1,0,29,3,30,40,30040,4,1998,3VWPA81H4WM2,3,V,W,P,A,8,1,H,4,W,M,2,0,0,0,000000000,00000000000,0,0,0,1,0,0,0,0,0,0,0,998,0,0,0,9,6,2,24,0,0,0,1,29,63118,1,1,0,0,2,0,74,162,0,0,0,0,0,0,0,0,0,3,0,0,0,0,3,2,55,3,1,2,1,0,0,14,12,99,1,4,6,1,1
29,290153,1,1,1,23,4,14,20,57,0,1,0,93,3,87,881,87881,66,2010,1XPVD09X7AD1,1,X,P,V,D,0,9,X,7,A,D,1,1,1,57,485072,57485072,3,6,3,1,0,0,0,0,0,0,0,998,0,1,3,61,6,2,1,0,0,0,1,29,65301,6,1,6,0,3,0,75,190,0,0,0,0,0,0,0,0,0,0,0,0,0,0,3,2,70,4,1,2,1,0,0,14,12,1,1,4,6,1,0
29,290154,1,1,1,25,4,0,28,45,0,1,0,29,2,12,3,12003,2,2001,1FAFP40431F2,1,F,A,F,P,4,0,4,3,1,F,2,0,0,0,000000000,00000000000,0,0,0,1,0,0,0,0,0,0,0,75,0,0,0,9,6,2,45,0,0,0,1,29,63137,6,1,0,0,3,0,70,180,0,0,0,0,0,0,0,0,0,4,0,0,0,0,3,3,60,1,5,2,2,0,0,1,6,1,5,4,9,1,1
29,290155,1,4,2,25,4,21,20,12,6,1,0,29,1,59,31,59031,4,1993,JT8VK13T4P02,J,T,8,V,K,1,3,T,4,P,0,2,0,0,0,000000000,00000000000,0,0,0,1,0,0,0,0,0,0,0,998,0,0,0,12,6,2,12,0,0,0,1,13,65536,6,1,0,0,3,3,71,215,98,0,0,0,0,0,0,0,0,0,28,0,0,0,1,2,55,1,6,2,1,0,0,1,10,1,1,2,64,1,0
29,290155,2,4,5,25,4,21,20,12,6,1,0,29,2,23,481,23481,31,1996,1GTEC19R6TE5,1,G,T,E,C,1,9,R,6,T,E,5,0,0,0,000000000,00000000000,0,0,0,1,0,0,0,0,0,0,0,998,0,0,0,8,6,2,12,0,0,0,1,29,64089,6,1,0,0,3,3,71,210,0,0,0,0,0,0,0,0,0,0,0,0,0,0,1,2,55,1,6,2,1,0,0,1,62,1,1,1,65,0,0
29,290155,3,4,1,25,4,21,20,12,6,1,0,29,1,7,481,7481,31,1988,1B7FD14X7JS6,1,B,7,F,D,1,4,X,7,J,S,6,0,0,0,000000000,00000000000,0,0,0,1,0,0,0,0,0,0,0,998,0,0,0,12,6,2,12,0,0,0,1,29,65536,6,2,0,0,3,0,72,164,2,0,0,0,2,3,2013,3,2014,0,0,0,0,0,1,2,55,1,6,2,1,0,0,1,62,1,1,1,98,0,0
29,290155,4,4,1,25,4,21,20,12,6,1,0,29,3,12,37,12037,4,2014,1FADP3F21EL2,1,F,A,D,P,3,F,2,1,E,L,2,0,0,0,000000000,00000000000,0,0,0,1,0,0,0,0,0,0,0,61,0,0,0,12,6,2,12,0,0,0,1,29,65101,6,1,0,0,3,3,69,165,0,0,0,0,0,0,0,0,0,0,0,0,0,0,1,2,55,1,6,2,1,0,0,1,62,3,2,1,98,0,0
29,290156,1,2,2,26,4,10,41,12,6,1,0,29,1,19,22,19022,4,2009,1G6KD57YX9U1,1,G,6,K,D,5,7,Y,X,9,U,1,0,0,0,000000000,00000000000,0,0,0,1,0,0,0,0,0,0,0,998,0,0,0,2,6,2,12,0,0,0,1,29,64734,6,1,0,0,3,3,68,175,0,0,0,0,0,0,0,0,0,0,38,0,0,0,1,2,60,3,6,2,2,20,3,4,17,1,1,1,87,2,0
29,290156,2,2,1,26,4,10,41,12,6,1,0,29,1,7,482,7482,31,1998,3B7HF12ZXWM2,3,B,7,H,F,1,2,Z,X,W,M,2,0,0,0,000000000,00000000000,0,0,0,1,0,0,0,0,0,0,0,64,0,0,0,12,6,2,12,0,0,0,1,29,64734,6,1,0,0,3,0,78,220,0,1,0,0,0,7,2012,7,2012,0,0,0,0,0,1,2,55,3,9,2,2,0,0,14,66,3,2,1,86,0,0
29,290158,1,1,1,12,4,3,58,8,0,1,0,29,1,2,404,2404,14,2011,1J4RR4GG8BC5,1,J,4,R,R,4,G,G,8,B,C,5,0,0,0,000000000,00000000000,0,0,0,1,0,0,0,0,0,0,0,998,0,0,0,12,6,2,8,0,0,0,1,29,63011,6,1,0,0,3,3,68,200,0,0,0,0,0,0,0,0,0,0,0,0,0,0,5,5,40,1,1,2,1,0,0,1,80,1,1,1,13,0,0
29,290159,1,2,2,16,4,13,43,12,6,1,0,0,0,20,870,20870,62,2007,1GBE4V12X7F4,1,G,B,E,4,V,1,2,X,7,F,4,0,0,88,888888888,88888888888,2,1,1,1,0,0,0,0,0,6,5,998,0,0,0,12,4,5,12,42,0,0,1,29,64506,6,1,0,0,3,0,70,145,0,0,0,0,0,0,0,0,0,0,0,0,0,0,1,3,30,1,1,1,1,3,3,1,66,99,1,1,88,0,0
29,290159,2,2,1,16,4,13,43,12,6,1,0,29,1,18,2,18002,4,1998,1G4HP52K3WH4,1,G,4,H,P,5,2,K,3,W,H,4,0,0,0,000000000,00000000000,0,0,0,1,0,0,0,0,0,0,0,998,0,0,0,11,6,2,12,0,0,0,1,29,64503,6,1,0,0,3,3,70,170,1,0,0,0,0,10,2011,10,2011,0,38,0,0,0,1,3,25,1,1,1,1,3,3,1,17,1,1,1,89,1,0
29,290160,1,2,1,24,4,7,11,12,6,1,0,29,1,7,26,7026,4,2014,1C3CDZAB8EN1,1,C,3,C,D,Z,A,B,8,E,N,1,0,0,0,000000000,00000000000,0,0,0,1,0,0,0,0,0,0,0,33,0,0,0,2,6,2,12,0,0,0,1,29,65010,6,1,0,0,3,3,66,220,0,0,0,1,2,11,2012,4,2014,0,38,0,0,0,1,2,20,1,1,2,1,21,3,4,17,1,1,1,87,1,0
29,290160,2,2,1,24,4,7,11,12,6,1,0,29,1,12,422,12422,15,2009,1FMFU15599LA,1,F,M,F,U,1,5,5,9,9,L,A,0,0,0,000000000,00000000000,0,0,0,1,0,0,0,0,0,0,0,27,0,0,0,12,6,2,12,0,0,0,1,29,65202,6,1,0,0,3,0,60,213,0,0,0,0,0,0,0,0,0,0,0,0,0,0,3,2,70,1,1,2,1,0,0,1,66,6,1,1,86,0,0
29,290161,1,1,1,25,4,21,57,1,0,1,0,29,2,53,739,53739,90,2005,5SAAK46K0571,5,S,A,A,K,4,6,K,0,5,7,1,0,0,0,000000000,00000000000,0,0,0,1,0,0,0,0,0,0,0,998,0,1,1,0,4,5,1,0,0,0,1,29,64870,0,0,0,0,0,0,999,999,99,99,99,99,99,99,9999,99,9999,0,83,0,0,0,1,2,50,1,3,4,1,0,0,1,88,7,3,2,98,1,0
29,290162,1,1,2,26,4,22,25,42,0,1,0,29,1,23,481,23481,31,2014,1GT125E81EF1,1,G,T,1,2,5,E,8,1,E,F,1,0,0,0,000000000,00000000000,0,0,0,1,0,0,0,0,0,0,0,998,0,0,0,11,6,2,42,0,0,0,1,29,65026,6,1,6,0,3,0,74,195,0,0,0,1,0,4,2011,4,2011,3,58,0,0,0,1,2,55,3,6,2,1,0,0,14,12,6,3,4,7,1,1
29,290164,1,2,1,17,4,8,45,12,6,1,0,29,1,12,17,12017,4,1995,1FALP52U2SA2,1,F,A,L,P,5,2,U,2,S,A,2,0,0,0,000000000,00000000000,0,0,0,1,0,0,0,0,0,0,0,998,0,0,0,12,6,2,12,0,0,0,1,29,63648,6,1,0,0,3,3,64,130,0,0,0,0,0,0,0,0,0,0,0,0,0,0,1,2,55,1,1,2,1,0,0,1,62,3,2,1,69,0,0
29,290164,2,2,2,17,4,8,45,12,6,1,0,29,1,20,37,20037,4,2005,1G1ZT548X5F2,1,G,1,Z,T,5,4,8,X,5,F,2,0,0,0,000000000,00000000000,0,0,0,1,0,0,0,0,0,0,0,998,0,0,0,1,6,2,12,0,0,0,1,29,63601,6,1,0,0,3,0,59,124,0,0,0,0,0,0,0,0,0,0,38,0,0,0,1,2,55,1,1,2,1,0,0,11,15,1,1,1,68,1,0
29,290165,1,2,1,1,5,5,41,12,2,1,0,29,1,12,471,12471,30,1987,1FTCR11T1HUA,1,F,T,C,R,1,1,T,1,H,U,A,0,0,0,000000000,00000000000,0,0,0,1,0,0,0,0,0,0,0,998,0,0,0,12,6,2,12,0,0,1,1,29,65014,6,1,0,0,3,3,72,200,0,0,0,0,0,0,0,0,0,0,28,0,0,0,1,2,55,2,5,2,1,0,0,14,10,1,1,6,50,1,0
29,290165,2,2,5,1,5,5,41,12,2,1,0,29,1,63,401,63401,14,2013,KNDJT2A54D76,K,N,D,J,T,2,A,5,4,D,7,6,0,0,0,000000000,00000000000,0,0,0,1,0,0,0,0,0,0,0,998,0,0,0,12,6,2,12,0,0,0,1,29,65014,6,1,0,0,3,3,64,105,0,0,0,0,0,0,0,0,0,0,0,0,0,0,1,2,55,3,6,2,1,0,0,14,62,4,1,1,51,0,0
29,290166,1,3,1,4,2,13,35,12,6,1,0,92,0,35,421,35421,15,2006,5N1AA08B66N7,5,N,1,A,A,0,8,B,6,6,N,7,0,0,0,000000000,00000000000,0,0,0,1,0,0,0,0,0,0,0,998,0,0,0,12,6,2,12,0,0,0,1,29,63026,6,1,0,0,3,0,61,130,0,0,0,0,0,0,0,0,0,0,0,0,0,0,2,3,35,9,6,1,2,3,3,1,66,1,1,1,69,0,0
29,290166,2,3,1,4,2,13,35,12,6,1,0,29,1,20,2,20002,4,2007,2G1WT55K2791,2,G,1,W,T,5,5,K,2,7,9,1,0,0,0,000000000,00000000000,0,0,0,1,0,0,0,0,0,0,0,998,0,0,0,3,6,2,12,0,0,0,1,29,63026,6,1,0,0,3,0,66,175,0,0,0,0,0,0,0,0,0,0,39,0,0,0,2,5,35,9,5,1,2,3,3,11,15,1,1,1,68,1,0
29,290166,3,3,1,4,2,13,35,12,6,1,0,92,0,22,18,22018,4,2005,1G2NE52E45M1,1,G,2,N,E,5,2,E,4,5,M,1,0,0,0,000000000,00000000000,0,0,0,1,0,0,0,0,0,0,0,0,0,0,0,12,6,2,12,0,0,0,1,29,63049,6,1,0,0,3,3,66,150,0,0,0,0,0,0,0,0,0,0,0,0,0,0,2,5,35,9,5,1,2,3,3,5,66,1,1,1,98,0,0
29,290167,1,2,1,12,3,21,56,12,6,1,0,29,0,98,709,98709,80,2008,ULT8251ST000,U,L,T,8,2,5,1,S,T,0,0,0,0,0,0,000000000,00000000000,0,0,0,1,0,0,0,0,0,0,0,998,0,0,0,11,6,2,12,0,0,0,1,29,63303,2,1,0,0,2,0,72,205,0,0,0,0,0,0,0,0,0,3,89,0,0,0,3,4,60,4,6,7,1,0,0,14,11,1,1,2,44,1,1
29,290167,2,2,1,12,3,21,56,12,6,1,0,93,3,82,881,82881,66,2013,1FUJGEBG7DSF,1,F,U,J,G,E,B,G,7,D,S,F,1,1,57,0050209,570050209,3,6,2,2,2,1203,3,1,0,0,0,998,0,0,0,98,2,5,12,0,0,0,1,29,63074,6,1,6,3,3,3,75,290,0,0,0,0,0,0,0,0,0,0,0,0,0,0,3,4,60,4,6,7,1,0,0,14,61,1,1,1,45,0,0
29,290168,1,1,1,25,3,19,45,1,0,1,0,29,1,72,709,72709,80,2001,1HD4CAM131K1,1,H,D,4,C,A,M,1,3,1,K,1,0,0,0,000000000,00000000000,0,0,0,1,0,0,0,0,0,0,0,998,0,0,0,0,9,3,1,0,0,0,1,29,63129,6,1,0,0,3,3,70,150,0,0,0,0,0,0,0,0,0,0,99,99,99,99,1,2,35,1,6,2,1,0,0,1,99,99,1,1,98,1,1
29,290169,1,2,1,27,4,9,32,12,6,1,0,29,1,6,52,6052,6,2001,3C8FY4BB51T6,3,C,8,F,Y,4,B,B,5,1,T,6,0,0,0,000000000,00000000000,0,0,0,1,0,0,0,0,0,0,0,998,0,0,0,11,6,2,12,0,0,0,1,29,65583,6,1,0,0,3,3,64,180,2,0,0,1,0,5,2011,10,2013,0,38,0,0,0,0,0,0,0,0,0,0,0,0,11,15,1,1,1,82,1,0
29,290169,2,2,2,27,4,9,32,12,6,1,0,29,1,20,443,20443,20,2000,1GNDX03E4YD1,1,G,N,D,X,0,3,E,4,Y,D,1,0,0,0,000000000,00000000000,0,0,0,1,0,0,0,0,0,0,0,998,0,0,0,12,4,5,12,0,0,0,1,29,65536,6,1,0,0,3,3,72,275,0,0,0,1,0,1,2013,1,2013,0,0,0,0,0,5,3,35,1,1,2,1,0,0,1,71,1,1,1,83,0,0
29,290170,1,2,1,3,5,12,20,12,1,1,0,29,1,76,701,76701,81,2009,000000000000,0,0,0,0,0,0,0,0,0,0,0,0,0,0,0,000000000,00000000000,0,0,0,1,0,0,0,0,0,0,0,998,0,0,0,6,6,2,12,0,0,0,1,29,63965,2,1,0,0,2,0,64,144,0,0,0,0,0,0,0,0,0,0,0,0,0,0,3,2,55,1,1,1,1,0,0,1,53,1,1,1,25,1,0
29,290170,2,2,1,3,5,12,20,12,1,1,0,17,1,37,32,37032,4,2009,1HGCP26719A1,1,H,G,C,P,2,6,7,1,9,A,1,0,0,0,000000000,00000000000,0,0,0,1,0,0,0,0,0,0,0,47,0,0,0,12,4,5,12,0,0,0,1,17,60477,6,1,0,0,3,3,72,184,1,0,0,0,1,7,2012,11,2012,0,0,0,0,0,3,2,55,1,1,1,1,0,0,1,51,1,1,1,24,0,0
29,290171,1,3,2,3,5,14,0,12,2,1,0,29,2,35,49,35049,6,2006,JN8AZ08W36W5,J,N,8,A,Z,0,8,W,3,6,W,5,0,0,0,000000000,00000000000,0,0,0,1,0,0,0,0,0,0,0,64,0,0,0,12,6,2,12,0,0,0,1,29,65672,6,7,0,0,2,0,70,214,0,0,0,0,0,0,0,0,0,0,28,0,0,0,1,2,65,1,6,2,1,0,0,1,10,1,1,2,50,2,0
29,290171,2,3,3,3,5,14,0,12,2,1,0,29,1,20,2,20002,4,2004,2G1WF52E0491,2,G,1,W,F,5,2,E,0,4,9,1,0,0,0,000000000,00000000000,0,0,0,1,0,0,0,0,0,0,0,48,0,0,0,12,6,2,12,0,0,0,1,29,64843,6,1,0,0,3,3,67,180,0,0,0,0,0,0,0,0,0,0,0,0,0,0,1,2,65,1,6,2,1,0,0,1,62,1,1,1,51,2,0
29,290171,3,3,1,3,5,14,0,12,2,1,0,29,1,7,472,7472,30,2001,1B7GG26N61S2,1,B,7,G,G,2,6,N,6,1,S,2,0,0,0,000000000,00000000000,0,0,0,1,0,0,0,0,0,0,0,998,0,0,0,98,2,5,12,0,0,0,1,29,64865,6,1,0,0,3,3,66,165,0,0,0,0,0,0,0,0,0,0,0,0,0,0,1,2,65,1,6,2,1,0,0,1,62,7,1,4,98,0,0
29,290172,1,1,4,3,5,23,50,42,0,1,0,0,0,98,998,98998,97,2013,4XAXT9EA7DF2,4,X,A,X,T,9,E,A,7,D,F,2,0,0,0,000000000,00000000000,0,0,0,1,0,0,0,0,0,0,0,998,0,0,0,10,6,2,42,0,0,0,1,5,72762,6,1,0,0,3,3,70,190,0,0,0,0,0,0,0,0,0,4,0,0,0,0,1,2,50,2,6,4,1,0,0,14,6,1,5,4,7,1,1
29,290173,1,2,1,29,4,21,18,12,2,1,0,29,1,20,471,20471,30,1991,1GCCS14R7M83,1,G,C,C,S,1,4,R,7,M,8,3,0,0,0,000000000,00000000000,0,0,0,1,0,0,0,0,0,0,0,998,0,0,0,12,6,2,12,0,0,0,1,29,64850,6,1,0,0,3,3,72,150,0,1,0,2,0,9,2012,9,2013,0,0,0,0,0,1,2,65,1,1,2,1,0,0,1,62,4,1,1,51,1,0
29,290173,2,2,1,29,4,21,18,12,2,1,0,40,1,76,709,76709,80,2003,JYA5AHE023A0,J,Y,A,5,A,H,E,0,2,3,A,0,0,0,0,000000000,00000000000,0,0,0,1,0,0,0,0,0,0,0,998,0,0,0,12,6,2,12,0,0,0,1,42,17046,1,1,0,0,2,0,67,999,0,13,0,0,1,3,2012,9,2013,0,28,0,0,0,1,2,65,1,1,2,1,0,0,1,10,1,1,2,50,1,0
29,290174,1,1,2,2,5,11,20,42,0,1,0,29,1,20,481,20481,31,2004,2GCEC19V8411,2,G,C,E,C,1,9,V,8,4,1,1,0,0,0,000000000,00000000000,0,0,0,1,0,0,0,0,0,0,0,998,0,1,5,12,6,2,1,0,0,0,1,29,65605,6,1,0,0,3,0,72,250,0,0,0,0,0,0,0,0,0,0,0,0,0,0,1,2,50,1,3,2,1,0,0,1,6,1,1,4,6,1,0
29,290175,1,1,9,2,5,22,30,1,0,1,0,18,2,21,441,21441,20,2001,1GHDX03E31D2,1,G,H,D,X,0,3,E,3,1,D,2,0,0,0,000000000,00000000000,0,0,0,1,0,0,0,0,0,0,0,70,0,1,5,0,6,2,1,0,0,0,1,18,47862,6,1,0,0,3,0,60,125,0,0,0,0,1,1,2014,1,2014,0,0,0,0,0,2,2,70,1,1,2,1,0,0,1,12,7,5,4,7,2,0
29,290176,1,1,3,4,5,7,20,34,0,1,0,29,2,12,401,12401,14,2000,1FMZU72X3YZC,1,F,M,Z,U,7,2,X,3,Y,Z,C,0,0,0,000000000,00000000000,0,0,0,1,0,0,0,0,0,0,0,63,0,1,5,9,6,2,1,0,0,0,1,29,63801,6,1,0,0,3,0,62,210,0,0,0,0,0,0,0,0,0,4,0,0,0,0,1,2,55,2,1,2,1,0,0,4,6,9,3,4,2,1,0
29,290177,1,2,3,4,5,19,14,12,2,1,0,29,2,20,473,20473,30,2005,1GCCS148X581,1,G,C,C,S,1,4,8,X,5,8,1,0,0,0,000000000,00000000000,0,0,0,1,0,0,0,0,0,0,0,3,0,0,0,12,6,2,12,0,0,0,1,29,64836,6,1,0,0,3,3,64,160,0,0,0,0,0,0,0,0,0,0,38,0,0,0,1,2,60,1,6,2,1,0,0,11,15,1,1,1,68,0,0
29,290177,2,2,2,4,5,19,14,12,2,1,0,29,2,76,709,76709,80,1982,JYA15R002CA0,J,Y,A,1,5,R,0,0,2,C,A,0,0,0,0,000000000,00000000000,0,0,0,1,0,0,0,0,0,0,0,58,0,0,0,12,6,2,12,0,0,0,1,29,64836,2,1,0,0,2,0,68,170,1,0,0,0,0,6,2012,6,2012,0,0,0,0,0,1,2,60,1,6,2,1,0,0,1,62,1,1,1,69,1,1
29,290178,1,2,1,6,5,15,30,12,2,1,0,29,2,87,881,87881,66,2000,1XPCDR9X4YD5,1,X,P,C,D,R,9,X,4,Y,D,5,1,1,57,2371073,572371073,3,6,4,1,0,0,0,0,0,0,0,58,0,0,0,12,6,2,12,0,0,0,1,29,65323,6,1,6,0,3,3,71,310,0,0,0,0,0,0,0,0,0,0,0,0,0,0,1,2,55,3,5,2,1,0,0,14,62,9,2,1,51,0,0
29,290178,2,2,1,6,5,15,30,12,2,1,0,0,0,73,709,73709,80,2005,JKBVNCB185B5,J,K,B,V,N,C,B,1,8,5,B,5,0,0,0,000000000,00000000000,0,0,0,1,0,0,0,0,0,0,0,46,0,0,0,12,6,2,12,0,0,0,1,29,64733,6,1,0,0,3,3,69,165,0,0,0,1,0,9,2011,9,2011,0,28,0,0,0,1,2,55,3,5,2,1,0,0,14,10,1,1,2,50,1,0
29,290179,1,2,1,14,3,18,20,12,1,1,0,29,1,18,2,18002,4,2001,1G4HP54K6142,1,G,4,H,P,5,4,K,6,1,4,2,0,0,0,000000000,00000000000,0,0,0,1,0,0,0,0,0,0,0,998,0,0,0,12,6,2,12,0,0,0,1,29,63303,6,1,0,0,3,0,70,220,0,0,0,0,0,0,0,0,0,0,0,0,0,0,1,4,25,1,1,2,1,0,0,1,50,1,1,1,20,1,0
29,290179,2,2,1,14,3,18,20,12,1,1,0,29,1,20,421,20421,15,2000,1GNEK13T5YJ1,1,G,N,E,K,1,3,T,5,Y,J,1,0,0,0,000000000,00000000000,0,0,0,1,0,0,0,0,0,0,0,0,0,0,0,6,4,5,12,0,0,0,1,29,63303,6,1,0,0,3,3,66,160,0,0,0,0,0,0,0,0,0,0,0,0,0,0,1,4,25,1,1,2,1,0,0,5,53,1,1,1,21,0,0
29,290180,1,1,1,27,4,21,22,8,0,1,1,99,9,99,999,99999,99,9999,999999999999,9,9,9,9,9,9,9,9,9,9,9,9,0,0,0,000000000,00000000000,0,0,0,1,0,0,0,0,0,0,0,998,0,0,0,99,9,5,8,0,0,0,1,99,99999,9,9,99,9,9,9,999,999,99,99,99,99,99,99,9999,99,9999,9,0,0,0,0,1,2,35,1,1,2,2,0,0,1,80,1,1,1,13,0,0
29,290181,1,2,5,10,3,23,32,12,6,1,0,92,0,6,14,6014,4,1992,1C3XV66L0ND7,1,C,3,X,V,6,6,L,0,N,D,7,0,0,0,000000000,00000000000,0,0,0,1,0,0,0,0,0,0,0,37,0,0,0,12,4,3,12,0,0,0,1,29,64132,0,0,0,0,0,0,64,130,0,0,0,0,0,0,0,0,0,0,39,0,0,0,1,2,35,1,1,2,1,4,3,1,17,4,1,1,88,0,1
29,290181,2,2,3,10,3,23,32,12,6,1,0,92,0,13,5,13005,4,1999,1LNHM81W6XY6,1,L,N,H,M,8,1,W,6,X,Y,6,0,0,0,000000000,00000000000,0,0,0,1,0,0,0,0,0,0,0,998,0,0,0,9,6,2,12,0,0,0,1,29,64132,6,1,0,0,3,3,69,235,0,0,0,0,0,0,0,0,0,0,0,0,0,0,1,4,35,1,1,2,1,4,3,1,66,9,1,1,89,1,1
29,290182,1,2,1,4,4,23,7,12,6,1,0,29,1,22,18,22018,4,2001,1G2NF52T01M6,1,G,2,N,F,5,2,T,0,1,M,6,0,0,0,000000000,00000000000,0,0,0,1,0,0,0,0,0,0,0,998,0,0,0,12,6,2,12,0,0,0,1,29,64114,6,1,0,0,3,0,73,200,0,0,0,0,0,0,0,0,0,0,0,0,0,0,1,2,30,1,1,2,1,0,0,1,66,1,1,1,88,0,1
29,290182,2,2,1,4,4,23,7,12,6,1,0,20,1,37,32,37032,9,1997,1HGCE6676VA0,1,H,G,C,E,6,6,7,6,V,A,0,0,0,0,000000000,00000000000,0,0,0,1,0,0,0,0,0,0,0,998,0,1,5,9,6,2,1,0,0,0,1,20,66210,6,1,0,0,3,0,69,171,0,0,1,1,4,10,2011,6,2013,3,37,39,0,0,1,2,98,1,1,2,1,20,3,1,17,1,1,1,89,1,1
29,290183,1,1,2,18,4,23,9,42,0,1,0,29,2,41,471,41471,30,2002,4F4YR16U42TM,4,F,4,Y,R,1,6,U,4,2,T,M,0,0,0,000000000,00000000000,0,0,0,1,0,0,0,0,0,0,0,998,0,0,0,3,6,2,42,0,0,0,1,29,63129,6,1,0,0,3,0,67,130,1,0,0,0,0,4,2012,4,2012,4,0,0,0,0,1,2,35,3,5,2,1,0,0,14,6,99,1,4,6,1,1
29,290184,1,2,1,7,5,15,57,12,2,1,0,29,2,63,441,63441,20,2006,KNDMB2330660,K,N,D,M,B,2,3,3,0,6,6,0,0,0,0,000000000,00000000000,0,0,0,1,0,0,0,0,0,0,0,60,0,0,0,12,6,2,12,0,0,0,1,29,63845,6,2,0,0,3,3,68,145,0,0,0,0,0,0,0,0,0,0,26,28,0,0,1,2,60,1,1,2,1,0,0,17,50,6,1,2,50,0,0
29,290184,2,2,2,7,5,15,57,12,2,1,0,29,2,14,6,14006,4,1998,2MEFM74W5WX6,2,M,E,F,M,7,4,W,5,W,X,6,0,0,0,000000000,00000000000,0,0,0,1,0,0,0,0,0,0,0,53,0,0,0,12,6,2,12,0,0,0,1,29,63834,6,1,0,0,3,3,64,150,0,0,0,0,0,0,0,0,0,0,0,0,0,0,1,2,60,1,1,2,1,0,0,1,62,6,1,1,51,2,0
29,290185,1,1,1,8,5,16,5,34,0,1,0,29,1,20,36,20036,2,1995,2G1WW12M3S92,2,G,1,W,W,1,2,M,3,S,9,2,0,0,0,000000000,00000000000,0,0,0,1,0,0,0,0,0,0,0,998,0,1,5,12,6,2,1,0,0,0,1,29,65746,6,1,6,0,3,0,71,135,0,0,0,1,0,10,2012,10,2012,4,0,0,0,0,1,2,65,2,1,2,2,0,0,14,6,1,3,4,2,1,0
29,290186,1,2,1,9,5,21,45,43,0,1,0,29,2,19,18,19018,4,2006,1G6DP5771602,1,G,6,D,P,5,7,7,1,6,0,2,0,0,0,000000000,00000000000,0,0,0,1,0,0,0,0,0,0,0,998,0,1,1,12,6,2,1,0,0,0,1,29,63115,6,1,0,0,3,0,71,207,0,0,0,0,0,0,0,0,0,3,0,0,0,0,6,2,55,3,6,1,1,0,0,14,1,1,4,4,2,1,0
29,290186,2,2,2,9,5,21,45,43,0,1,0,29,1,18,7,18007,4,2004,2G4WS52J7411,2,G,4,W,S,5,2,J,7,4,1,1,0,0,0,000000000,00000000000,0,0,0,1,0,0,0,0,0,0,0,998,0,0,0,5,6,2,54,0,0,0,1,29,63121,6,1,0,0,3,0,68,180,0,0,0,0,0,0,0,0,0,0,0,0,0,0,1,4,99,1,9,1,1,0,0,1,98,1,1,1,98,0,0
29,290187,1,1,5,9,5,23,55,34,0,1,0,29,2,7,482,7482,31,2001,1B7MF33691J5,1,B,7,M,F,3,3,6,9,1,J,5,0,0,0,000000000,00000000000,0,0,0,1,0,0,0,0,0,0,0,57,0,1,5,14,6,2,1,0,0,0,1,29,65026,6,1,0,0,3,0,72,185,0,0,0,0,0,0,0,0,0,4,0,0,0,0,1,2,55,2,6,2,1,0,0,14,6,1,1,4,1,1,1
29,290188,1,2,1,11,4,11,37,12,6,1,0,19,4,82,881,82881,66,2005,1FUJBBCK45LM,1,F,U,J,B,B,C,K,4,5,L,M,1,1,57,2196056,572196056,3,6,1,1,0,0,0,0,0,0,0,998,0,0,0,5,2,5,12,0,0,0,1,48,76014,6,1,6,3,3,0,999,999,0,0,0,0,1,6,2013,6,2013,0,0,0,0,0,2,4,35,1,6,2,1,1,3,11,15,1,1,1,76,0,0
29,290188,2,2,1,11,4,11,37,12,6,1,0,20,2,53,709,53709,80,1986,JS1GR75AXG21,J,S,1,G,R,7,5,A,X,G,2,1,0,0,0,000000000,00000000000,0,0,0,1,0,0,0,0,0,0,0,40,0,0,0,12,6,2,12,0,0,0,1,29,64079,1,1,0,0,2,0,72,175,1,1,0,0,0,12,2011,3,2014,3,38,0,0,0,2,4,35,1,6,2,1,1,3,1,65,3,5,3,77,1,0