STATE,ST_CASE,VEH_NO,VE_FORMS,NUMOCCS,DAY,MONTH,HOUR,MINUTE,HARM_EV,MAN_COLL,UNITTYPE,HIT_RUN,REG_STAT,OWNER,MAKE,MODEL,MAK_MOD,BODY_TYP,MOD_YEAR,VIN,VIN_1,VIN_2,VIN_3,VIN_4,VIN_5,VIN_6,VIN_7,VIN_8,VIN_9,VIN_10,VIN_11,VIN_12,TOW_VEH,J_KNIFE,MCARR_I1,MCARR_I2,MCARR_ID,GVWR,V_CONFIG,CARGO_BT,HAZ_INV,HAZ_PLAC,HAZ_ID,HAZ_CNO,HAZ_REL,BUS_USE,SPEC_USE,EMER_USE,TRAV_SP,UNDERIDE,ROLLOVER,ROLINLOC,IMPACT1,DEFORMED,TOWED,M_HARM,VEH_SC1,VEH_SC2,FIRE_EXP,DR_PRES,L_STATE,DR_ZIP,L_STATUS,L_TYPE,CDL_STAT,L_ENDORS,L_COMPL,L_RESTRI,DR_HGT,DR_WGT,PREV_ACC,PREV_SUS,PREV_DWI,PREV_SPD,PREV_OTH,FIRST_MO,FIRST_YR,LAST_MO,LAST_YR,SPEEDREL,DR_SF1,DR_SF2,DR_SF3,DR_SF4,VTRAFWAY,VNUM_LAN,VSPD_LIM,VALIGN,VPROFILE,VPAVETYP,VSURCOND,VTRAFCON,VTCONT_F,P_CRASH1,P_CRASH2,P_CRASH3,PCRASH4,PCRASH5,ACC_TYPE,DEATHS,DR_DRINK
29,290267,2,2,1,14,5,21,0,12,6,1,0,29,2,35,43,35043,4,2004,3N1CB51D64L8,3,N,1,C,B,5,1,D,6,4,L,8,0,0,0,000000000,00000000000,0,0,0,1,0,0,0,0,0,0,0,998,0,0,0,9,6,2,12,0,0,0,1,29,64106,6,1,0,0,3,3,61,160,0,0,0,0,0,0,0,0,0,0,38,0,0,0,3,3,65,1,5,2,1,0,0,17,52,6,1,2,47,1,0
29,290268,1,2,1,21,5,9,25,12,6,1,0,29,2,7,422,7422,15,2004,1D4HB48N74F2,1,D,4,H,B,4,8,N,7,4,F,2,0,0,0,000000000,00000000000,0,0,0,1,0,0,0,0,0,0,0,998,0,0,0,12,6,2,12,0,0,1,1,29,64116,6,1,0,0,3,0,62,179,0,0,0,0,0,0,0,0,0,0,99,99,99,99,1,3,25,1,1,2,1,1,3,1,17,1,1,1,88,1,0
29,290268,2,2,1,21,5,9,25,12,6,1,0,20,3,51,881,51881,66,2007,4V4NC9TG07N4,4,V,4,N,C,9,T,G,0,7,N,4,1,3,57,0911275,570911275,3,6,1,1,0,0,0,0,0,0,0,998,0,0,0,10,4,3,12,0,0,0,1,29,64762,6,1,6,3,3,0,71,200,0,0,0,0,0,0,0,0,0,0,99,99,99,99,1,2,35,1,1,2,1,1,3,1,66,1,1,1,89,0,0
29,290269,1,1,2,23,5,1,38,30,0,1,0,29,1,18,401,18401,14,2003,3G5DA03E23S5,3,G,5,D,A,0,3,E,2,3,S,5,0,0,0,000000000,00000000000,0,0,0,1,0,0,0,0,0,0,0,998,0,0,0,8,6,2,30,0,0,0,1,29,63115,6,1,0,0,3,0,68,145,0,0,0,0,0,0,0,0,0,5,99,99,99,99,5,2,45,1,1,2,1,0,0,15,6,1,5,4,7,2,0
29,290270,1,1,2,7,5,0,44,42,0,1,0,29,2,35,39,35039,4,2006,1N4BA41E66C8,1,N,4,B,A,4,1,E,6,6,C,8,0,0,0,000000000,00000000000,0,0,0,1,0,0,0,0,0,0,0,72,0,0,0,9,6,2,42,0,0,0,1,29,64129,2,1,0,0,2,0,999,999,0,0,0,0,0,0,0,0,0,3,0,0,0,0,1,2,25,1,5,2,1,0,0,1,6,1,3,4,2,1,1
29,290271,1,1,1,9,5,22,0,31,0,1,0,29,2,76,705,76705,80,2008,JYARJ16E08A0,J,Y,A,R,J,1,6,E,0,8,A,0,0,0,0,000000000,00000000000,0,0,0,1,0,0,0,0,0,0,0,998,0,0,0,3,6,2,42,0,0,0,1,29,63120,1,1,0,0,2,3,73,170,0,9,0,0,0,2,2012,9,2013,3,0,0,0,0,1,2,25,1,1,2,1,0,0,1,13,1,1,4,1,1,0
29,290272,1,1,1,10,5,15,45,46,0,1,0,29,1,49,40,49040,4,1999,4T1BG22K4XU5,4,T,1,B,G,2,2,K,4,X,U,5,0,0,0,000000000,00000000000,0,0,0,1,0,0,0,0,0,0,0,59,0,0,0,12,6,2,46,0,0,0,1,29,64152,6,1,0,0,3,0,69,140,0,0,0,2,0,9,2013,9,2013,3,39,0,0,0,1,2,40,1,1,2,1,3,3,1,6,6,1,4,6,1,0
29,290273,1,1,1,22,5,3,9,21,0,1,0,29,1,6,43,6043,2,2001,4C3AG52H51E0,4,C,3,A,G,5,2,H,5,1,E,0,0,0,0,000000000,00000000000,0,0,0,1,0,0,0,0,0,0,0,998,0,0,0,12,6,2,2,0,0,1,1,29,63114,6,1,0,0,3,0,70,160,0,0,0,0,0,0,0,0,0,3,0,0,0,0,2,2,35,2,6,2,1,0,0,14,6,1,1,4,1,1,0
29,290274,1,1,2,23,5,13,39,33,0,1,0,29,2,52,34,52034,4,2006,4A3AB36F16E0,4,A,3,A,B,3,6,F,1,6,E,0,0,0,0,000000000,00000000000,0,0,0,1,0,0,0,0,0,0,0,77,0,0,0,98,6,2,59,0,0,0,1,29,64134,2,1,0,0,2,0,75,235,0,0,0,0,1,7,2011,7,2011,4,58,0,0,0,2,5,35,1,6,1,1,0,0,1,6,6,4,4,7,1,1
29,290275,1,2,1,24,5,14,10,12,6,1,0,29,2,20,401,20401,14,1999,1GNDT13W6X21,1,G,N,D,T,1,3,W,6,X,2,1,0,0,0,000000000,00000000000,0,0,0,1,0,0,0,0,0,0,0,998,0,0,0,1,4,3,12,0,0,0,1,29,64804,6,2,0,0,3,3,68,190,0,0,0,0,0,0,0,0,0,0,38,0,0,0,1,2,25,1,1,2,1,21,3,1,17,1,1,1,87,0,0
29,290275,2,2,1,24,5,14,10,12,6,1,0,29,1,72,706,72706,80,2001,1HD1CGP131K1,1,H,D,1,C,G,P,1,3,1,K,1,0,0,0,000000000,00000000000,0,0,0,1,0,0,0,0,0,0,0,998,0,0,0,12,6,2,12,0,0,0,1,29,64801,6,1,0,0,3,0,73,265,1,0,0,1,1,12,2012,8,2013,0,0,0,0,0,2,2,45,1,1,2,1,0,0,1,66,3,2,2,86,1,0
29,290276,1,1,1,1,6,18,45,14,0,1,0,29,1,73,706,73706,80,2012,JKBZXNE13CA0,J,K,B,Z,X,N,E,1,3,C,A,0,0,0,0,000000000,00000000000,0,0,0,1,0,0,0,0,0,0,0,38,0,0,0,12,6,2,14,0,0,0,1,29,63368,6,1,0,0,3,0,72,200,1,0,0,1,1,6,2011,12,2012,3,0,0,0,0,1,2,25,1,1,1,1,0,0,1,6,1,1,4,98,1,0
29,290277,1,1,1,3,6,8,35,59,0,1,0,29,3,13,421,13421,15,2013,5LMJJ2J5XDEL,5,L,M,J,J,2,J,5,X,D,E,L,0,0,0,000000000,00000000000,0,0,0,1,0,0,0,0,0,0,0,998,0,0,0,12,6,2,46,0,0,0,1,29,63128,6,1,0,0,3,3,70,340,0,0,0,0,0,0,0,0,0,0,0,0,0,0,0,0,0,0,0,0,0,0,0,1,13,1,1,5,98,1,0
29,290278,1,2,1,6,6,17,10,12,2,1,0,29,1,72,706,72706,80,2012,1HD1KBM14CB6,1,H,D,1,K,B,M,1,4,C,B,6,0,0,0,000000000,00000000000,0,0,0,1,0,0,0,0,0,0,0,998,0,0,0,12,6,2,12,0,0,0,1,29,65282,2,1,2,0,2,0,66,206,1,6,0,2,1,11,2012,2,2014,0,33,35,0,0,1,2,55,1,3,2,1,0,0,6,54,3,2,1,52,1,0
29,290278,2,2,1,6,6,17,10,12,2,1,0,29,2,6,42,6042,4,1997,2C3HC56F0VH5,2,C,3,H,C,5,6,F,0,V,H,5,0,0,0,000000000,00000000000,0,0,0,1,0,0,0,0,0,0,0,998,0,0,0,12,6,2,12,0,0,0,1,29,65251,2,1,0,0,2,0,72,200,0,0,0,0,0,0,0,0,0,0,0,0,0,0,1,2,55,1,3,2,1,0,0,1,54,99,1,1,52,0,0
29,290279,1,1,3,8,6,19,15,53,0,1,0,29,2,12,402,12402,14,2004,1FMYU03154KA,1,F,M,Y,U,0,3,1,5,4,K,A,0,0,0,000000000,00000000000,0,0,0,1,0,0,0,0,0,0,0,998,0,1,5,12,6,2,1,0,0,0,1,29,64133,2,1,0,0,2,0,71,200,0,2,0,0,2,1,2013,5,2013,4,0,0,0,0,1,2,35,1,6,2,1,0,0,1,6,1,1,4,6,1,1
29,290280,1,3,3,15,6,10,22,12,1,1,0,29,1,7,422,7422,15,2008,1D8HB48N38F1,1,D,8,H,B,4,8,N,3,8,F,1,1,3,0,000000000,00000000000,0,0,0,1,0,0,0,0,0,0,0,63,0,0,0,12,6,2,12,0,0,0,1,29,63010,6,1,0,0,3,0,69,210,0,0,0,1,0,5,2014,5,2014,4,0,0,0,0,1,2,55,1,1,2,2,0,0,1,50,1,1,1,20,0,0
29,290280,2,3,2,15,6,10,22,12,1,1,0,17,1,6,441,6441,20,2009,2A8HR64X59R6,2,A,8,H,R,6,4,X,5,9,R,6,0,0,0,000000000,00000000000,0,0,0,1,0,0,0,0,0,0,0,0,0,0,0,6,6,2,12,0,0,0,1,17,60076,6,1,0,0,3,0,73,255,0,0,0,0,0,0,0,0,0,0,0,0,0,0,1,2,55,1,1,2,2,0,0,5,53,1,1,1,21,1,0
29,290280,3,3,1,15,6,10,22,12,1,1,0,29,1,7,482,7482,31,2001,1B7MF33621J2,1,B,7,M,F,3,3,6,2,1,J,2,0,0,0,000000000,00000000000,0,0,0,1,0,0,0,0,0,0,0,0,0,0,0,6,6,2,12,0,0,0,1,29,65775,6,1,0,0,3,0,70,155,1,0,0,0,0,7,2011,7,2011,0,0,0,0,0,1,2,55,1,1,2,2,0,0,5,53,1,1,1,98,0,0
29,290281,1,3,1,19,6,13,30,12,1,1,0,93,3,86,881,86881,66,2013,1M1AW01X7DM0,1,M,1,A,W,0,1,X,7,D,M,0,2,1,57,21800,5721800,3,7,1,1,0,0,0,0,0,0,0,0,0,0,0,6,6,2,12,0,0,0,1,29,63376,6,1,6,0,3,3,72,190,0,0,0,0,0,0,0,0,0,0,0,0,0,0,3,6,65,1,6,1,1,0,0,5,53,1,1,1,21,0,0
29,290281,2,3,1,19,6,13,30,12,1,1,0,93,3,85,881,85881,66,2007,1XKAD49X67J1,1,X,K,A,D,4,9,X,6,7,J,1,1,1,57,105263,57105263,3,6,1,1,0,0,0,0,0,0,0,0,0,0,0,6,4,5,12,0,0,0,1,29,65778,6,1,6,0,3,3,72,195,0,0,0,1,0,12,2012,12,2012,0,0,0,0,0,3,6,65,1,6,1,1,0,0,1,53,1,1,1,98,0,0
29,290281,3,3,1,19,6,13,30,12,1,1,0,93,3,51,881,51881,66,2014,4V4NC9EH9EN1,4,V,4,N,C,9,E,H,9,E,N,1,1,1,57,659311,57659311,3,6,1,1,0,0,0,0,0,0,0,48,0,0,0,12,6,2,12,0,0,1,1,27,56258,6,1,6,0,3,0,66,225,0,0,0,0,0,0,0,0,0,4,6,0,0,0,3,6,65,1,6,1,1,0,0,1,6,4,1,1,20,1,0
29,290282,1,1,1,19,6,22,40,59,0,1,0,29,1,12,422,12422,15,1997,1FMFU18L2VLA,1,F,M,F,U,1,8,L,2,V,L,A,0,0,0,000000000,00000000000,0,0,0,1,0,0,0,0,0,0,0,998,0,1,5,12,6,2,1,0,0,0,1,29,63347,6,1,0,0,3,0,62,185,0,0,0,0,0,0,0,0,0,4,0,0,0,0,1,2,60,3,1,2,2,0,0,14,6,1,1,4,1,1,0
29,290283,1,2,2,20,6,14,52,12,6,1,0,29,2,20,37,20037,4,2013,1G1PH5SB3D71,1,G,1,P,H,5,S,B,3,D,7,1,0,0,0,000000000,00000000000,0,0,0,1,0,0,0,0,0,0,0,998,0,0,0,1,6,2,12,0,0,0,1,29,64105,6,1,0,0,3,3,63,110,0,0,0,0,0,0,0,0,0,0,33,35,0,0,1,2,50,1,5,2,1,0,0,6,54,6,1,4,64,1,0
29,290283,2,2,1,20,6,14,52,12,6,1,0,29,2,7,482,7482,31,1999,1B7KC2363XJ5,1,B,7,K,C,2,3,6,3,X,J,5,0,0,0,000000000,00000000000,0,0,0,1,0,0,0,0,0,0,0,998,0,0,0,12,6,2,12,0,0,0,1,29,65084,6,1,6,0,3,3,67,140,0,0,0,1,0,1,2012,1,2012,0,0,0,0,0,1,2,60,1,5,2,1,0,0,1,54,9,1,4,65,0,0
29,290284,1,1,1,21,6,0,38,42,0,1,0,29,2,12,13,12013,2,2001,3FAFP11301R1,3,F,A,F,P,1,1,3,0,1,R,1,0,0,0,000000000,00000000000,0,0,0,1,0,0,0,0,0,0,0,998,0,0,0,12,6,2,42,0,0,0,1,29,65024,6,2,0,0,3,3,65,127,0,0,0,0,0,0,0,0,0,0,0,0,0,0,1,2,55,4,1,2,1,0,0,14,12,1,1,4,6,1,0
29,290285,1,2,1,25,6,19,0,12,2,1,0,29,1,53,705,53705,80,2013,JS1GN7FA9D21,J,S,1,G,N,7,F,A,9,D,2,1,0,0,0,000000000,00000000000,0,0,0,1,0,0,0,0,0,0,0,95,0,0,0,12,6,2,12,0,0,0,1,29,63630,6,1,0,0,3,0,73,185,0,0,0,0,0,0,0,0,0,3,28,52,0,0,1,2,55,2,6,2,1,0,0,14,10,3,2,2,50,1,0
29,290285,2,2,1,25,6,19,0,12,2,1,0,29,1,37,471,37471,30,2006,2HJYK16436H5,2,H,J,Y,K,1,6,4,3,6,H,5,0,0,0,000000000,00000000000,0,0,0,1,0,0,0,0,0,0,0,998,0,0,0,12,6,2,12,0,0,0,1,29,63755,6,1,0,0,3,3,74,205,0,0,0,1,0,8,2011,8,2011,0,0,0,0,0,1,2,55,3,5,2,1,0,0,14,62,7,1,2,51,0,0
29,290286,1,2,1,21,6,9,17,12,2,1,0,29,1,72,709,72709,80,1976,2C41690H6,2,C,4,1,6,9,0,H,6,,,,0,0,0,000000000,00000000000,0,0,0,1,0,0,0,0,0,0,0,998,0,0,0,12,6,2,12,0,0,0,1,29,63069,2,1,0,0,2,0,70,210,0,2,1,1,0,10,2012,1,2013,0,28,0,0,0,1,2,25,1,1,2,1,0,0,1,10,1,1,2,50,1,0
29,290286,2,2,3,21,6,9,17,12,2,1,0,29,2,7,482,7482,31,2007,1D7HU18P17S2,1,D,7,H,U,1,8,P,1,7,S,2,0,0,0,000000000,00000000000,0,0,0,1,0,0,0,0,0,0,0,998,0,0,0,12,4,5,12,0,0,0,1,29,63025,6,1,0,0,3,0,68,135,0,0,0,0,0,0,0,0,0,0,0,0,0,0,1,2,25,1,1,2,1,0,0,1,62,4,1,1,51,0,0
29,290287,1,2,1,19,6,16,20,12,1,1,0,29,2,21,21,21021,4,2001,1G3NL12T21C1,1,G,3,N,L,1,2,T,2,1,C,1,0,0,0,000000000,00000000000,0,0,0,1,0,0,0,0,0,0,0,998,0,0,0,12,6,2,12,0,0,0,1,17,62025,6,1,0,0,3,3,71,270,0,0,0,1,0,6,2013,6,2013,3,27,28,0,0,2,1,45,1,1,2,1,0,0,15,10,1,5,2,64,1,0
29,290287,2,2,2,19,6,16,20,12,1,1,0,17,1,12,442,12442,20,2003,2FMDA53463BA,2,F,M,D,A,5,3,4,6,3,B,A,0,0,0,000000000,00000000000,0,0,0,1,0,0,0,0,0,0,0,998,0,0,0,6,6,2,12,0,0,0,1,29,63138,6,1,0,0,3,0,69,185,0,0,0,1,0,7,2012,7,2012,0,0,0,0,0,2,1,45,1,1,2,1,0,0,1,62,1,1,1,65,0,0
29,290288,1,1,1,20,6,20,46,9,0,1,1,29,9,22,20,22020,4,2006,2G2WC55C9611,2,G,2,W,C,5,5,C,9,6,1,1,0,0,0,000000000,00000000000,0,0,0,1,0,0,0,0,0,0,0,998,0,0,0,12,2,5,9,0,0,0,1,99,99999,9,9,99,9,9,9,999,999,99,99,99,99,99,99,9999,99,9999,3,39,0,0,0,1,2,25,1,1,2,2,20,3,1,83,1,1,1,13,0,0
29,290289,1,3,1,21,6,15,9,12,1,1,0,29,1,2,403,2403,14,2004,1J4FA49S74P7,1,J,4,F,A,4,9,S,7,4,P,7,0,0,0,000000000,00000000000,0,0,0,1,0,0,0,0,0,0,0,998,0,0,0,6,2,5,12,0,0,0,1,29,65542,6,1,6,0,3,3,69,195,0,0,0,0,0,0,0,0,0,0,0,0,0,0,1,2,55,1,5,2,1,0,0,1,53,1,1,1,25,0,0
29,290289,2,3,2,21,6,15,9,12,1,1,0,29,1,72,709,72709,80,1978,9D75251H8,9,D,7,5,2,5,1,H,8,,,,0,0,0,000000000,00000000000,0,0,0,1,0,0,0,0,0,0,0,998,0,0,0,12,6,2,12,0,0,0,1,29,65542,2,1,0,0,2,0,72,160,0,3,0,0,0,10,2011,9,2013,3,27,0,0,0,1,2,55,1,5,2,1,0,0,6,51,1,1,2,24,1,1
29,290289,3,3,1,21,6,15,9,12,1,1,0,92,0,76,709,76709,80,2011,JYAVP33E3BA0,J,Y,A,V,P,3,3,E,3,B,A,0,0,0,0,000000000,00000000000,0,0,0,1,0,0,0,0,0,0,0,998,0,0,0,12,0,5,54,0,0,0,1,29,65542,6,1,0,0,2,0,67,260,0,0,0,0,0,0,0,0,0,0,26,0,0,0,1,2,55,1,5,2,1,0,0,1,60,99,1,1,98,0,1
29,290290,1,1,1,22,6,0,31,25,0,1,0,29,1,14,401,14401,14,2002,4M2ZU86EX2ZJ,4,M,2,Z,U,8,6,E,X,2,Z,J,0,0,0,000000000,00000000000,0,0,0,1,0,0,0,0,0,0,0,998,0,1,3,9,6,2,25,0,0,0,1,29,63118,1,1,0,0,2,0,65,147,0,2,0,0,0,4,2012,6,2012,3,0,0,0,0,3,3,55,1,5,1,2,0,0,6,6,1,3,4,7,1,1
29,290291,1,2,1,23,6,13,17,12,2,1,0,93,2,82,881,82881,66,2004,1FUJA6AVX4LM,1,F,U,J,A,6,A,V,X,4,L,M,1,1,57,1672838,571672838,3,6,3,1,0,0,0,0,0,0,0,998,0,0,0,12,6,2,12,0,0,0,1,29,65571,6,1,6,0,3,0,70,270,1,0,0,0,0,4,2013,4,2013,0,0,0,0,0,1,2,55,1,1,2,1,0,0,1,62,9,1,1,50,0,0
29,290291,2,2,4,23,6,13,17,12,2,1,0,29,1,12,401,12401,14,1999,1FMZU35P7XZB,1,F,M,Z,U,3,5,P,7,X,Z,B,0,0,0,000000000,00000000000,0,0,0,1,0,0,0,0,0,0,0,998,0,0,0,12,6,2,12,0,0,0,1,29,65571,6,1,0,0,3,3,64,300,0,0,0,0,0,0,0,0,0,0,28,21,0,0,1,2,55,1,1,2,1,0,0,1,10,1,1,2,51,2,0
29,290292,1,2,1,24,6,17,45,12,6,1,0,93,3,87,881,87881,66,2002,1XP5DB9X92D5,1,X,P,5,D,B,9,X,9,2,D,5,1,1,57,77953,5777953,3,6,3,1,0,0,0,0,0,0,0,0,0,0,0,63,4,5,12,0,0,0,1,29,63670,6,1,6,0,3,0,69,215,0,0,0,1,0,8,2012,8,2012,0,31,0,0,0,1,2,55,1,5,2,1,0,0,13,98,1,1,1,92,0,0
29,290292,2,2,1,24,6,17,45,12,6,1,0,29,1,7,482,7482,31,2007,1D3HA18227J5,1,D,3,H,A,1,8,2,2,7,J,5,0,0,0,000000000,00000000000,0,0,0,1,0,0,0,0,0,0,0,52,0,0,0,12,6,2,12,0,0,0,1,29,63640,6,1,0,0,3,0,74,265,1,0,0,0,0,6,2012,6,2012,0,0,0,0,0,1,2,55,1,5,2,1,0,0,1,50,4,1,1,93,1,0
29,290293,1,1,1,25,6,22,10,7,0,1,0,29,2,73,709,73709,80,1981,JKAKZEH10BA0,J,K,A,K,Z,E,H,1,0,B,A,0,0,0,0,000000000,00000000000,0,0,0,1,0,0,0,0,0,0,0,998,0,0,0,0,6,2,42,0,0,0,1,29,64085,1,1,0,0,2,0,67,140,0,1,0,3,0,7,2011,12,2013,0,0,0,0,0,1,2,55,3,5,2,1,0,0,14,98,1,1,1,0,1,1
29,290294,1,1,1,26,6,10,30,53,0,1,0,29,3,23,401,23401,14,2005,1GKDT13S4523,1,G,K,D,T,1,3,S,4,5,2,3,0,0,0,000000000,00000000000,0,0,0,1,0,0,0,0,0,0,0,998,0,1,1,12,6,2,1,0,0,0,1,29,65738,6,2,0,0,2,0,63,100,1,0,0,0,0,8,2012,8,2012,4,58,0,0,0,1,2,55,1,6,2,1,0,0,1,13,1,1,4,1,1,0
29,290295,1,2,1,26,6,15,20,12,6,1,0,29,2,7,402,7402,14,2003,1D4HS78Z73F5,1,D,4,H,S,7,8,Z,7,3,F,5,0,0,0,000000000,00000000000,0,0,0,1,0,0,0,0,0,0,0,68,0,1,3,7,6,2,12,0,0,0,1,29,63459,6,1,0,0,3,0,61,125,0,0,0,0,0,0,0,0,0,0,27,28,0,0,2,2,65,2,6,2,1,0,0,6,10,1,1,2,47,1,0
29,290295,2,2,1,26,6,15,20,12,6,1,0,17,1,2,404,2404,14,1999,1J4FF68S5XL5,1,J,4,F,F,6,8,S,5,X,L,5,0,0,0,000000000,00000000000,0,0,0,1,0,0,0,0,0,0,0,998,0,1,5,1,6,2,12,0,0,0,1,17,61401,6,1,6,3,3,3,70,152,0,0,0,0,1,10,2011,10,2011,0,0,0,0,0,2,2,65,2,6,2,1,0,0,14,61,1,1,1,45,0,0
29,290296,1,2,1,26,6,16,14,12,6,1,0,29,3,23,881,23881,63,2001,1GDL7H1C21J5,1,G,D,L,7,H,1,C,2,1,J,5,0,0,88,888888888,88888888888,3,1,97,1,0,0,0,0,0,0,0,998,0,0,0,3,2,5,12,0,0,0,1,29,65401,6,1,6,0,3,0,65,141,0,0,0,0,0,0,0,0,0,0,38,0,0,0,1,2,55,1,1,2,1,0,0,11,15,1,1,4,68,0,0
29,290296,2,2,2,26,6,16,14,12,6,1,0,29,1,72,709,72709,80,2006,1HD1BWB116Y0,1,H,D,1,B,W,B,1,1,6,Y,0,0,0,0,000000000,00000000000,0,0,0,1,0,0,0,0,0,0,0,998,0,0,0,12,6,2,12,0,0,0,1,29,65559,6,1,0,0,3,0,70,200,0,0,0,0,0,0,0,0,0,0,0,0,0,0,1,2,55,1,1,2,1,0,0,1,62,7,3,4,69,1,0
29,290297,1,1,1,27,6,1,20,35,0,1,0,29,2,12,23,12023,4,2013,3FA6P0LU6DR2,3,F,A,6,P,0,L,U,6,D,R,2,0,0,0,000000000,00000000000,0,0,0,1,0,0,0,0,0,0,0,998,0,0,0,14,6,2,35,0,0,0,1,29,64152,6,1,0,0,3,0,71,210,1,0,0,0,1,11,2011,12,2011,0,99,99,99,99,2,2,70,1,1,2,1,0,0,1,12,1,1,4,6,1,1
29,290298,1,1,1,27,6,18,50,1,0,1,0,26,1,72,706,72706,80,2013,1HD1KBM12DB6,1,H,D,1,K,B,M,1,2,D,B,6,0,0,0,000000000,00000000000,0,0,0,1,0,0,0,0,0,0,0,998,0,0,0,0,6,2,1,0,0,0,1,26,48329,6,1,0,0,3,0,70,240,0,0,0,0,0,0,0,0,0,0,99,99,99,99,3,2,70,1,6,1,1,0,0,1,13,1,1,4,1,1,1
29,290299,1,2,1,20,6,21,10,12,9,1,0,29,1,20,20,20020,4,1996,2G1WL52MXT11,2,G,1,W,L,5,2,M,X,T,1,1,0,0,0,000000000,00000000000,0,0,0,1,0,0,0,0,0,0,0,998,0,1,5,6,6,2,1,0,0,0,1,29,63123,6,1,0,0,3,0,71,250,0,0,0,2,0,10,2011,8,2012,4,28,58,0,0,1,2,55,2,6,2,1,0,0,14,10,1,1,2,64,1,1
29,290299,2,2,1,20,6,21,10,12,9,1,0,29,1,52,34,52034,4,2002,4A3AA46H52E0,4,A,3,A,A,4,6,H,5,2,E,0,0,0,0,000000000,00000000000,0,0,0,1,0,0,0,0,0,0,0,998,0,0,0,7,2,5,12,0,0,0,1,29,63020,6,1,0,0,3,0,72,160,0,0,0,0,0,0,0,0,0,0,0,0,0,0,1,2,55,3,6,2,1,0,0,14,62,9,1,1,65,0,0
29,290300,1,1,7,28,6,2,30,5,0,1,0,29,2,12,481,12481,31,2006,1FTSW21P76EB,1,F,T,S,W,2,1,P,7,6,E,B,0,0,0,000000000,00000000000,0,0,0,1,0,0,0,0,0,0,0,998,0,0,0,0,0,5,5,0,0,0,1,29,65483,6,1,0,0,3,0,66,141,0,0,0,0,0,0,0,0,0,0,0,0,0,0,1,2,55,1,1,2,1,0,0,11,98,1,1,1,0,1,0
29,290301,1,3,1,28,6,14,50,12,1,1,0,29,2,7,482,7482,31,2000,3B7KF2360YG1,3,B,7,K,F,2,3,6,0,Y,G,1,0,0,0,000000000,00000000000,0,0,0,1,0,0,0,0,0,0,0,34,0,0,0,12,6,2,12,0,0,0,1,29,63132,0,0,0,0,0,0,999,999,99,99,99,99,99,99,9999,99,9999,4,0,0,0,0,2,2,70,1,1,1,2,0,0,1,6,3,2,1,28,0,0
29,290301,2,3,4,28,6,14,50,12,1,1,0,29,3,12,402,12402,14,2012,1FMCU4K36CKB,1,F,M,C,U,4,K,3,6,C,K,B,0,0,0,000000000,00000000000,0,0,0,1,0,0,0,0,0,0,0,4,0,0,0,6,6,2,12,0,0,0,1,29,63304,6,1,0,0,3,0,72,215,0,0,0,0,0,0,0,0,0,0,0,0,0,0,2,2,70,1,1,1,2,0,0,2,53,1,1,1,29,1,0
29,290301,3,3,1,28,6,14,50,12,1,1,0,29,2,12,23,12023,4,2014,3FA6P0H79ER1,3,F,A,6,P,0,H,7,9,E,R,1,0,0,0,000000000,00000000000,0,0,0,1,0,0,0,0,0,0,0,998,0,0,0,6,6,2,12,0,0,0,1,29,65265,6,1,6,0,3,3,72,200,0,0,0,0,0,0,0,0,0,0,0,0,0,0,2,2,70,1,1,1,2,0,0,2,53,1,1,1,98,0,0
29,290302,1,1,3,29,6,1,22,42,0,1,0,29,2,12,23,12023,4,2006,3FAHP08186R1,3,F,A,H,P,0,8,1,8,6,R,1,0,0,0,000000000,00000000000,0,0,0,1,0,0,0,0,0,0,0,998,0,1,5,12,6,2,1,0,0,0,1,29,65767,6,2,0,0,2,0,70,200,0,0,0,0,0,0,0,0,0,3,58,0,0,0,1,2,25,1,1,2,2,0,0,1,6,7,3,4,2,2,1
29,290303,1,1,1,1,7,4,40,35,0,1,0,20,2,22,18,22018,4,1994,1G2NE5535RC7,1,G,2,N,E,5,5,3,5,R,C,7,0,0,0,000000000,00000000000,0,0,0,1,0,0,0,0,0,0,0,998,0,1,5,12,6,2,1,0,0,0,1,20,66762,6,1,0,0,3,3,65,150,0,0,1,0,0,3,2014,3,2014,0,0,0,0,0,1,2,60,1,1,2,1,0,0,1,12,1,1,4,6,1,0
29,290304,1,1,1,1,7,4,0,38,0,1,0,29,1,22,20,22020,4,2000,1G2HZ5410Y42,1,G,2,H,Z,5,4,1,0,Y,4,2,0,0,0,000000000,00000000000,0,0,0,1,0,0,0,0,0,0,0,998,0,0,0,12,6,2,38,0,0,0,1,29,64801,2,1,0,0,2,0,70,200,0,3,0,0,0,3,2012,5,2014,0,0,0,0,0,1,2,45,1,1,2,1,0,0,1,12,1,1,4,6,1,1
29,290305,1,3,1,2,7,14,33,12,2,1,0,29,2,23,481,23481,31,2007,1GTHK24U77E1,1,G,T,H,K,2,4,U,7,7,E,1,0,0,0,000000000,00000000000,0,0,0,1,0,0,0,0,0,0,0,75,0,0,0,12,6,2,12,0,0,0,1,29,64106,1,1,0,0,2,0,72,215,0,1,0,0,0,6,2014,6,2014,3,37,50,0,0,3,2,70,1,1,1,1,0,0,1,54,1,1,1,52,1,0
29,290305,2,3,1,2,7,14,33,12,2,1,0,29,3,20,422,20422,15,2014,1GNSKJE78ER2,1,G,N,S,K,J,E,7,8,E,R,2,0,0,0,000000000,00000000000,0,0,0,1,0,0,0,0,0,0,0,61,0,1,1,12,6,2,12,0,0,0,1,20,66214,6,1,0,0,3,3,76,200,0,0,0,0,0,0,0,0,0,0,0,0,0,0,3,2,70,1,1,1,1,0,0,1,54,2,1,1,52,1,0