STATE,ST_CASE,VEH_NO,VE_FORMS,NUMOCCS,DAY,MONTH,HOUR,MINUTE,HARM_EV,MAN_COLL,UNITTYPE,HIT_RUN,REG_STAT,OWNER,MAKE,MODEL,MAK_MOD,BODY_TYP,MOD_YEAR,VIN,VIN_1,VIN_2,VIN_3,VIN_4,VIN_5,VIN_6,VIN_7,VIN_8,VIN_9,VIN_10,VIN_11,VIN_12,TOW_VEH,J_KNIFE,MCARR_I1,MCARR_I2,MCARR_ID,GVWR,V_CONFIG,CARGO_BT,HAZ_INV,HAZ_PLAC,HAZ_ID,HAZ_CNO,HAZ_REL,BUS_USE,SPEC_USE,EMER_USE,TRAV_SP,UNDERIDE,ROLLOVER,ROLINLOC,IMPACT1,DEFORMED,TOWED,M_HARM,VEH_SC1,VEH_SC2,FIRE_EXP,DR_PRES,L_STATE,DR_ZIP,L_STATUS,L_TYPE,CDL_STAT,L_ENDORS,L_COMPL,L_RESTRI,DR_HGT,DR_WGT,PREV_ACC,PREV_SUS,PREV_DWI,PREV_SPD,PREV_OTH,FIRST_MO,FIRST_YR,LAST_MO,LAST_YR,SPEEDREL,DR_SF1,DR_SF2,DR_SF3,DR_SF4,VTRAFWAY,VNUM_LAN,VSPD_LIM,VALIGN,VPROFILE,VPAVETYP,VSURCOND,VTRAFCON,VTCONT_F,P_CRASH1,P_CRASH2,P_CRASH3,PCRASH4,PCRASH5,ACC_TYPE,DEATHS,DR_DRINK
29,290305,3,3,2,2,7,14,33,12,2,1,0,31,2,63,34,63034,4,2014,5XXGN4A72EG3,5,X,X,G,N,4,A,7,2,E,G,3,0,0,0,000000000,00000000000,0,0,0,1,0,0,0,0,0,0,0,998,0,0,0,13,2,5,54,0,0,0,1,31,68803,9,9,99,9,9,9,999,999,99,99,99,99,99,99,9999,99,9999,0,0,0,0,0,3,2,70,1,1,1,1,0,0,1,62,1,1,1,98,0,0
29,290306,1,2,1,30,6,9,32,12,2,1,0,29,2,20,2,20002,4,1984,2G1AN69H5E92,2,G,1,A,N,6,9,H,5,E,9,2,0,0,0,000000000,00000000000,0,0,0,1,0,0,0,0,0,0,0,998,0,0,0,12,6,2,12,0,0,0,1,29,65340,6,2,0,0,3,3,74,160,0,0,0,0,0,0,0,0,0,0,38,0,0,0,1,2,55,1,1,2,1,0,0,11,15,1,1,1,68,0,0
29,290306,2,2,2,30,6,9,32,12,2,1,0,29,2,20,2,20002,4,2009,2G1WT57K1913,2,G,1,W,T,5,7,K,1,9,1,3,0,0,0,000000000,00000000000,0,0,0,1,0,0,0,0,0,0,0,998,0,0,0,12,6,2,12,0,0,0,1,45,29464,6,1,0,0,3,3,66,150,0,0,0,0,0,0,0,0,0,0,0,0,0,0,1,2,55,1,1,2,1,0,0,1,62,1,1,1,69,1,0
29,290307,1,1,1,2,7,4,20,1,0,1,0,29,2,20,481,20481,31,2004,1GCEK14T44E1,1,G,C,E,K,1,4,T,4,4,E,1,0,0,0,000000000,00000000000,0,0,0,1,0,0,0,0,0,0,0,998,0,2,5,0,6,2,1,0,0,0,1,29,64735,6,1,0,0,3,0,74,190,1,0,0,2,0,7,2012,3,2014,4,0,0,0,0,1,2,35,2,1,4,1,0,0,14,6,1,3,4,7,1,0
29,290308,1,1,1,2,7,19,5,59,0,1,0,31,1,72,706,72706,80,1990,1HD1FAL15LY5,1,H,D,1,F,A,L,1,5,L,Y,5,0,0,0,000000000,00000000000,0,0,0,1,0,0,0,0,0,0,0,998,0,0,0,12,6,2,1,0,0,0,1,31,68791,6,1,0,0,3,0,70,200,1,0,0,0,0,10,2013,10,2013,0,0,0,0,0,2,2,70,1,1,2,1,0,0,1,13,1,1,4,1,1,0
29,290309,1,1,1,3,7,8,0,38,0,1,0,29,2,20,481,20481,31,2006,1GCHK29U76E1,1,G,C,H,K,2,9,U,7,6,E,1,0,0,0,000000000,00000000000,0,0,0,1,0,0,0,0,0,0,0,998,0,1,5,5,6,2,1,0,0,0,1,29,65462,6,1,0,0,3,3,65,150,0,0,0,0,0,0,0,0,0,0,58,0,0,0,1,2,55,3,6,2,1,0,0,14,6,6,1,4,1,1,0
29,290310,1,2,1,3,7,22,5,12,2,1,0,20,1,23,481,23481,31,1995,2GTEK19K3S15,2,G,T,E,K,1,9,K,3,S,1,5,0,0,0,000000000,00000000000,0,0,0,1,0,0,0,0,0,0,0,998,0,1,5,12,6,2,1,0,0,0,1,20,66075,6,1,0,0,3,0,73,230,0,0,0,0,0,0,0,0,0,0,28,0,0,0,1,2,55,1,1,2,1,0,0,1,10,1,1,2,50,0,1
29,290310,2,2,2,3,7,22,5,12,2,1,0,29,1,12,17,12017,4,2005,1FAFP56255A2,1,F,A,F,P,5,6,2,5,5,A,2,0,0,0,000000000,00000000000,0,0,0,1,0,0,0,0,0,0,0,37,0,0,0,12,6,2,12,0,0,0,1,29,64752,6,1,0,0,3,0,72,220,0,0,0,1,0,11,2013,11,2013,0,0,0,0,0,1,2,55,1,1,2,1,0,0,1,62,7,1,2,51,1,0
29,290311,1,1,1,3,7,22,30,1,0,1,0,92,0,37,739,37739,90,2006,999999999999,9,9,9,9,9,9,9,9,9,9,9,9,0,0,0,000000000,00000000000,0,0,0,1,0,0,0,0,0,0,0,998,0,2,5,0,6,2,1,0,0,0,1,29,64477,6,1,6,0,3,0,69,180,0,0,0,0,0,0,0,0,0,0,0,0,0,0,1,2,45,1,1,2,1,0,0,1,13,1,1,4,1,1,1
29,290312,1,1,2,4,7,21,55,8,0,1,0,29,1,20,403,20403,14,2006,1GNDT13S0623,1,G,N,D,T,1,3,S,0,6,2,3,0,0,0,000000000,00000000000,0,0,0,1,0,0,0,0,0,0,0,998,0,0,0,12,4,3,8,0,0,0,1,29,63385,6,1,0,0,3,3,66,130,0,0,0,0,0,0,0,0,0,0,0,0,0,0,1,4,40,3,6,1,1,0,0,14,80,1,1,1,13,0,0
29,290313,1,1,6,5,7,14,15,42,0,1,0,20,1,12,401,12401,14,2000,1FMZU73E1YUA,1,F,M,Z,U,7,3,E,1,Y,U,A,0,0,0,000000000,00000000000,0,0,0,1,0,0,0,0,0,0,0,71,0,1,5,9,6,2,1,0,0,0,1,20,66208,6,1,0,0,3,0,60,112,1,0,0,1,0,12,2013,1,2014,3,0,0,0,0,1,2,35,1,5,2,1,0,0,1,6,1,3,4,7,2,0
29,290314,1,1,3,6,7,18,28,53,0,1,0,29,1,7,472,7472,30,2005,1D7HE48K85S3,1,D,7,H,E,4,8,K,8,5,S,3,0,0,0,000000000,00000000000,0,0,0,1,0,0,0,0,0,0,0,998,0,1,5,12,6,2,34,0,0,0,1,29,63077,6,1,6,0,3,3,66,179,0,0,0,0,0,0,0,0,0,0,0,0,0,0,1,2,55,4,1,2,1,0,0,14,13,1,1,4,1,1,0
29,290315,1,2,1,8,7,22,35,12,2,1,0,29,1,20,37,20037,4,1998,1G1NE52M0W61,1,G,1,N,E,5,2,M,0,W,6,1,0,0,0,000000000,00000000000,0,0,0,1,0,0,0,0,0,0,0,46,0,0,0,12,6,2,12,0,0,0,1,29,63010,6,1,0,0,3,3,71,172,0,0,0,0,0,0,0,0,0,0,51,0,0,0,3,3,65,3,6,2,1,0,0,14,54,1,1,1,52,1,1
29,290315,2,2,2,8,7,22,35,12,2,1,0,29,2,12,401,12401,14,2005,1FMZU73E65ZA,1,F,M,Z,U,7,3,E,6,5,Z,A,0,0,0,000000000,00000000000,0,0,0,1,0,0,0,0,0,0,0,66,7,1,1,12,6,2,1,0,0,0,1,29,63026,6,2,0,0,3,3,75,240,0,0,0,0,0,0,0,0,0,0,0,0,0,0,3,3,65,2,6,2,1,0,0,14,54,1,1,1,52,0,0
29,290316,1,1,3,30,5,1,29,8,0,1,0,18,1,41,50,41050,4,2012,1YVHZ8DH5C5M,1,Y,V,H,Z,8,D,H,5,C,5,M,0,0,0,000000000,00000000000,0,0,0,1,0,0,0,0,0,0,0,998,0,0,0,14,0,3,8,0,0,0,1,18,47032,6,1,0,0,3,0,77,230,0,0,0,0,0,0,0,0,0,0,0,0,0,0,1,2,25,1,6,2,1,0,0,1,80,1,1,1,13,0,1
29,290317,1,2,2,9,7,2,5,12,6,1,0,29,1,54,35,54035,4,2006,19UUA66246A0,1,9,U,U,A,6,6,2,4,6,A,0,0,0,0,000000000,00000000000,0,0,0,1,0,0,0,0,0,0,0,998,0,1,5,12,6,2,1,0,0,0,1,29,65583,6,1,0,0,3,0,65,120,1,0,0,2,0,11,2012,10,2013,3,27,0,0,0,3,2,70,3,1,2,1,0,0,6,11,1,1,2,46,1,1
29,290317,2,2,2,9,7,2,5,12,6,1,0,29,1,20,481,20481,31,2012,1GCRCSE00CZ1,1,G,C,R,C,S,E,0,0,C,Z,1,0,0,0,000000000,00000000000,0,0,0,1,0,0,0,0,0,0,0,70,0,0,0,7,6,2,12,0,0,0,1,29,65550,6,1,0,0,3,0,72,165,0,0,0,0,0,0,0,0,0,0,0,0,0,0,3,2,70,3,1,2,1,0,0,14,61,1,1,1,45,0,0
29,290318,1,2,1,9,7,15,38,12,2,1,0,29,1,13,5,13005,4,1999,1LNHM97V9XY6,1,L,N,H,M,9,7,V,9,X,Y,6,0,0,0,000000000,00000000000,0,0,0,1,0,0,0,0,0,0,0,998,0,0,0,12,6,2,12,0,0,0,1,29,65041,6,1,0,0,3,0,73,235,1,0,0,0,0,2,2012,2,2012,0,28,0,0,0,1,2,55,1,5,2,1,0,0,1,10,1,1,2,50,1,0
29,290318,2,2,1,9,7,15,38,12,2,1,0,29,1,35,401,35401,14,2009,5N1AR18BX9C6,5,N,1,A,R,1,8,B,X,9,C,6,0,0,0,000000000,00000000000,0,0,0,1,0,0,0,0,0,0,0,998,0,0,0,12,6,2,12,0,0,0,1,29,63068,6,1,0,0,3,0,62,130,0,0,0,1,0,8,2013,8,2013,0,0,0,0,0,1,2,55,1,6,2,1,0,0,1,62,6,1,1,51,0,0
29,290319,1,1,1,9,7,17,25,53,0,1,0,29,2,23,481,23481,31,2005,2GTEK13T2511,2,G,T,E,K,1,3,T,2,5,1,1,0,0,0,000000000,00000000000,0,0,0,1,0,0,0,0,0,0,0,998,0,1,5,12,6,2,1,0,0,0,1,29,63863,6,2,0,0,3,2,67,150,1,0,0,0,0,5,2014,5,2014,0,52,58,73,0,1,2,55,1,5,2,1,0,0,1,13,6,4,4,2,1,0
29,290320,1,1,2,9,7,21,21,8,0,1,0,93,3,84,881,84881,66,2009,2HSCUSBR69C0,2,H,S,C,U,S,B,R,6,9,C,0,1,1,57,1345616,571345616,3,6,3,1,0,0,0,0,0,0,0,998,0,0,0,12,6,2,8,0,0,0,1,17,60653,6,1,6,0,3,3,73,188,0,0,0,0,0,0,0,0,0,0,0,0,0,0,3,2,55,1,5,2,1,0,0,1,80,6,1,1,13,0,0
29,290321,1,2,1,10,7,7,0,12,2,1,0,29,2,7,20,7020,4,2000,1B3ES46C2YD5,1,B,3,E,S,4,6,C,2,Y,D,5,0,0,0,000000000,00000000000,0,0,0,1,0,0,0,0,0,0,0,34,0,0,0,12,6,2,12,0,0,0,1,5,72554,6,1,0,0,3,0,67,140,0,0,0,1,2,8,2012,8,2012,0,28,0,0,0,1,2,55,1,3,4,1,0,0,1,62,3,2,2,52,1,0
29,290321,2,2,1,10,7,7,0,12,2,1,0,29,1,49,422,49422,15,2001,5TDBT48A71S0,5,T,D,B,T,4,8,A,7,1,S,0,0,0,0,000000000,00000000000,0,0,0,1,0,0,0,0,0,0,0,28,0,0,0,12,6,2,12,0,0,0,1,29,65606,6,1,0,0,3,0,64,120,1,0,0,0,0,7,2011,7,2011,0,28,0,0,0,1,2,55,1,3,4,1,0,0,1,62,9,1,2,52,0,0
29,290322,1,2,1,11,7,23,53,8,0,1,0,29,1,20,22,20022,4,2008,1G1AL58F2872,1,G,1,A,L,5,8,F,2,8,7,2,0,0,0,000000000,00000000000,0,0,0,1,0,0,0,0,0,0,0,998,0,0,0,12,6,2,8,0,0,0,1,29,63501,6,1,0,0,3,3,65,120,0,0,0,0,0,0,0,0,0,0,0,0,0,0,1,2,60,3,5,2,1,0,0,14,80,7,1,1,13,0,0
29,290322,2,2,1,11,7,23,53,8,0,1,0,29,1,23,481,23481,31,2006,1GTHK23D36F2,1,G,T,H,K,2,3,D,3,6,F,2,0,0,0,000000000,00000000000,0,0,0,1,0,0,0,0,0,0,0,998,0,0,0,14,0,5,8,0,0,0,1,29,64055,6,1,0,0,3,3,73,250,0,0,0,0,0,0,0,0,0,0,0,0,0,0,1,2,60,2,6,2,1,0,0,14,80,1,1,1,98,0,0
29,290323,1,2,1,11,7,15,28,12,11,1,0,29,1,6,51,6051,4,1999,2C3HE66G5XH1,2,C,3,H,E,6,6,G,5,X,H,1,0,0,0,000000000,00000000000,0,0,0,1,0,0,0,0,0,0,0,998,0,1,5,12,6,2,1,0,0,0,1,29,63664,6,1,0,0,3,0,60,130,0,0,0,0,0,0,0,0,0,0,35,0,0,0,1,2,55,1,1,2,1,0,0,6,98,3,2,1,98,0,0
29,290323,2,2,1,11,7,15,28,12,11,1,0,20,1,72,706,72706,80,2014,1HD1KBM18EB6,1,H,D,1,K,B,M,1,8,E,B,6,0,0,0,000000000,00000000000,0,0,0,1,0,0,0,0,0,0,0,998,0,0,0,19,6,2,12,0,0,0,1,8,80910,6,1,0,0,3,0,68,175,0,0,0,0,0,0,0,0,0,0,0,0,0,0,1,2,55,1,1,2,1,0,0,1,98,3,1,1,98,1,1
29,290324,1,2,1,8,7,6,43,33,0,1,0,29,2,50,705,50705,80,2007,SMTD00NS67J2,S,M,T,D,0,0,N,S,6,7,J,2,0,0,0,000000000,00000000000,0,0,0,1,0,0,0,0,0,0,0,998,0,0,0,12,6,2,12,0,0,0,1,29,64870,6,1,0,0,3,0,73,130,0,0,0,0,0,0,0,0,0,3,6,0,0,0,5,5,40,1,1,2,1,0,0,1,6,1,7,4,2,1,0
29,290324,2,2,1,8,7,6,43,33,0,1,0,29,1,20,37,20037,4,2006,1G1ZT51896F2,1,G,1,Z,T,5,1,8,9,6,F,2,0,0,0,000000000,00000000000,0,0,0,1,0,0,0,0,0,0,0,998,0,0,0,2,6,2,12,0,0,0,1,29,64801,6,1,0,0,3,0,62,160,0,0,0,0,0,0,0,0,0,0,0,0,0,0,0,0,0,0,0,0,0,0,0,10,61,1,1,1,98,0,0
29,290325,1,1,1,18,6,0,25,59,0,1,0,29,1,20,9,20009,2,1976,1S87L6L53992,1,S,8,7,L,6,L,5,3,9,9,2,0,0,0,000000000,00000000000,0,0,0,1,0,0,0,0,0,0,0,998,0,1,4,14,6,2,1,0,0,0,1,29,64804,6,1,0,0,3,0,75,240,0,0,0,0,0,0,0,0,0,0,0,0,0,0,3,2,70,1,1,1,1,0,0,1,13,1,1,4,1,1,1
29,290326,1,2,1,19,6,18,56,12,2,1,0,29,1,6,43,6043,4,2003,1C3EL46X43N5,1,C,3,E,L,4,6,X,4,3,N,5,0,0,0,000000000,00000000000,0,0,0,1,0,0,0,0,0,0,0,998,0,0,0,12,6,2,12,0,0,0,1,29,64804,6,1,0,0,3,0,62,250,0,0,0,0,0,0,0,0,0,0,28,0,0,0,5,5,40,1,1,2,1,0,0,1,10,1,1,2,50,1,0
29,290326,2,2,1,19,6,18,56,12,2,1,0,29,1,2,407,2407,14,2008,1J8FF48WX8D5,1,J,8,F,F,4,8,W,X,8,D,5,0,0,0,000000000,00000000000,0,0,0,1,0,0,0,0,0,0,0,998,0,0,0,12,6,2,12,0,0,0,1,29,64844,6,1,0,0,3,3,61,135,0,0,0,0,0,0,0,0,0,0,0,0,0,0,5,5,40,1,1,2,1,0,0,1,62,1,1,1,51,0,0
29,290327,1,1,1,21,6,3,30,1,0,1,0,17,1,73,709,73709,80,2013,JKBZXNE12DA0,J,K,B,Z,X,N,E,1,2,D,A,0,0,0,0,000000000,00000000000,0,0,0,1,0,0,0,0,0,0,0,998,0,0,0,0,6,2,1,0,0,0,1,17,62298,6,1,0,0,3,0,75,220,0,0,0,0,0,0,0,0,0,3,0,0,0,0,3,2,35,4,1,2,1,0,0,14,6,3,1,1,98,1,1
29,290328,1,2,1,21,6,7,53,12,1,1,0,29,1,2,404,2404,14,2007,1J8GR48K97C6,1,J,8,G,R,4,8,K,9,7,C,6,0,0,0,000000000,00000000000,0,0,0,1,0,0,0,0,0,0,0,0,0,0,0,6,6,2,12,0,0,0,1,29,65809,6,1,0,0,3,0,65,145,0,0,0,0,0,0,0,0,0,0,0,0,0,0,5,5,40,1,1,2,1,3,3,5,53,1,1,1,21,0,0
29,290328,2,2,1,21,6,7,53,12,1,1,0,20,2,49,32,49032,4,1997,1NXBA02E5VZ5,1,N,X,B,A,0,2,E,5,V,Z,5,0,0,0,000000000,00000000000,0,0,0,1,0,0,0,0,0,0,0,998,0,1,1,12,6,2,1,0,0,0,1,20,66216,6,1,0,0,3,0,67,170,0,0,0,1,1,10,2011,6,2013,0,38,39,0,0,5,5,40,1,1,2,1,3,3,1,50,9,1,1,20,1,0
29,290329,1,1,1,21,6,23,2,8,0,1,0,29,2,47,36,47036,4,2001,YS3ED48E5130,Y,S,3,E,D,4,8,E,5,1,3,0,0,0,0,000000000,00000000000,0,0,0,1,0,0,0,0,0,0,0,998,0,0,0,12,6,2,8,0,0,0,1,29,65746,6,1,0,0,3,3,68,165,0,0,0,1,0,10,2011,10,2011,0,0,0,0,0,1,3,35,1,5,2,1,0,0,1,80,1,1,1,13,0,0
29,290330,1,1,2,5,6,18,40,42,0,1,0,17,1,22,2,22002,4,1996,1G2HX52K5T42,1,G,2,H,X,5,2,K,5,T,4,2,0,0,0,000000000,00000000000,0,0,0,1,0,0,0,0,0,0,0,998,0,0,0,98,6,2,42,0,0,0,1,29,63110,0,0,0,0,0,0,66,142,0,0,0,0,0,0,0,0,0,3,6,0,0,0,1,2,25,1,1,2,1,0,0,1,6,1,5,4,7,1,0
29,290331,1,2,1,25,6,10,35,12,6,1,0,29,1,14,17,14017,4,2009,1MEHM42W39G6,1,M,E,H,M,4,2,W,3,9,G,6,0,0,0,000000000,00000000000,0,0,0,1,0,0,0,0,0,0,0,998,0,0,0,9,6,2,12,0,0,0,1,29,65807,6,1,0,0,3,3,71,155,0,0,0,0,0,0,0,0,0,0,38,0,0,0,1,2,60,1,6,2,1,20,3,11,15,1,1,1,68,1,0
29,290331,2,2,1,25,6,10,35,12,6,1,0,29,1,37,31,37031,4,1999,1HGEJ6676XL0,1,H,G,E,J,6,6,7,6,X,L,0,0,0,0,000000000,00000000000,0,0,0,1,0,0,0,0,0,0,0,998,0,0,0,12,6,2,12,0,0,0,1,29,65734,6,1,0,0,3,0,70,135,0,0,0,0,0,0,0,0,0,0,0,0,0,0,1,2,60,1,6,2,1,0,0,1,67,8,2,2,69,0,0
29,290333,1,1,1,15,7,0,55,8,0,1,0,17,1,30,421,30421,15,2005,WVGBG77L75D0,W,V,G,B,G,7,7,L,7,5,D,0,0,0,0,000000000,00000000000,0,0,0,1,0,0,0,0,0,0,0,998,0,0,0,12,6,2,8,0,0,0,1,17,60139,6,1,0,0,3,0,64,138,0,0,0,0,0,0,0,0,0,0,0,0,0,0,3,2,70,1,1,1,1,0,0,1,80,1,1,1,13,0,0
29,290334,1,1,2,15,7,2,15,52,0,1,0,29,1,20,482,20482,31,2003,3GNEK13T53G1,3,G,N,E,K,1,3,T,5,3,G,1,0,0,0,000000000,00000000000,0,0,0,1,0,0,0,0,0,0,0,998,0,1,3,12,6,2,1,0,0,0,1,29,64063,6,1,0,0,3,0,72,240,0,0,0,0,1,4,2013,4,2013,0,0,0,0,0,2,2,70,1,6,1,1,0,0,1,12,1,1,4,6,1,0
29,290335,1,1,1,20,6,23,24,8,0,1,0,29,1,55,35,55035,4,2008,KMHDU46D68U4,K,M,H,D,U,4,6,D,6,8,U,4,0,0,0,000000000,00000000000,0,0,0,1,0,0,0,0,0,0,0,998,0,0,0,12,6,2,8,0,0,0,1,29,64029,6,1,6,0,3,0,73,240,0,0,0,0,0,0,0,0,0,0,0,0,0,0,3,3,65,1,1,2,1,0,0,1,80,1,1,1,13,0,0
29,290336,1,2,1,14,7,13,10,12,2,1,0,20,1,49,402,49402,14,2013,2T3DFREV8DW0,2,T,3,D,F,R,E,V,8,D,W,0,0,0,0,000000000,00000000000,0,0,0,1,0,0,0,0,0,0,0,998,0,0,0,12,6,2,12,0,0,0,1,20,66062,6,1,0,0,3,0,70,220,0,0,0,0,0,0,0,0,0,0,28,0,0,0,1,2,55,2,6,2,2,0,0,14,10,1,1,2,50,1,0
29,290336,2,2,2,14,7,13,10,12,2,1,0,29,1,22,403,22403,14,2008,2CKDL5371860,2,C,K,D,L,5,3,7,1,8,6,0,0,0,0,000000000,00000000000,0,0,0,1,0,0,0,0,0,0,0,998,0,0,0,12,6,2,2,0,0,1,1,29,65084,6,1,0,0,3,0,70,175,0,0,0,0,0,0,0,0,0,0,0,0,0,0,1,2,55,3,5,2,2,0,0,14,60,7,1,1,51,0,0
29,290337,1,1,2,16,7,3,25,14,0,1,0,29,2,12,401,12401,14,1995,1FMDU34X5SZB,1,F,M,D,U,3,4,X,5,S,Z,B,0,0,0,000000000,00000000000,0,0,0,1,0,0,0,0,0,0,0,75,0,0,0,12,6,2,14,0,0,0,1,29,65066,6,1,0,0,3,0,69,170,0,0,0,0,0,0,0,0,0,4,28,0,0,0,1,2,25,1,1,2,1,0,0,1,6,1,1,4,98,1,1
29,290338,1,2,1,19,7,14,0,12,6,1,0,0,0,98,998,98998,95,9999,H3001297116,H,3,0,0,1,2,9,7,1,1,6,,0,0,0,000000000,00000000000,0,0,0,1,0,0,0,0,0,0,0,998,0,0,0,9,6,2,12,0,0,0,1,29,63565,6,1,0,0,3,3,61,115,0,0,0,0,0,0,0,0,0,0,38,48,0,0,1,2,55,1,6,2,1,0,0,12,98,1,1,7,98,1,0
29,290338,2,2,2,19,7,14,0,12,6,1,0,29,1,6,441,6441,20,2002,2C4GP44312R6,2,C,4,G,P,4,4,3,1,2,R,6,0,0,0,000000000,00000000000,0,0,0,1,0,0,0,0,0,0,0,55,0,0,0,12,6,2,12,0,0,0,1,29,63565,6,1,0,0,3,3,68,125,0,0,0,0,0,0,0,0,0,0,0,0,0,0,1,2,55,1,6,2,1,0,0,1,64,1,1,1,98,0,0
29,290339,1,1,2,19,7,21,10,1,0,1,0,17,1,2,403,2403,14,2002,1J4FA49S02P7,1,J,4,F,A,4,9,S,0,2,P,7,0,0,0,000000000,00000000000,0,0,0,1,0,0,0,0,0,0,0,998,0,2,5,0,6,2,1,0,0,0,1,17,62233,6,1,0,0,3,0,68,200,0,0,0,1,0,5,2013,5,2013,0,58,0,0,0,1,2,55,2,6,2,1,0,0,14,13,6,4,4,2,2,1
29,290340,1,1,1,19,7,19,35,42,0,1,0,0,0,37,739,37739,90,2013,1HFTE3407D46,1,H,F,T,E,3,4,0,7,D,4,6,0,0,0,000000000,00000000000,0,0,0,1,0,0,0,0,0,0,0,998,0,1,5,12,6,2,1,0,0,0,1,17,62249,6,1,0,0,3,3,70,185,0,0,0,0,0,0,0,0,0,0,0,0,0,0,1,2,50,3,5,2,1,0,0,14,13,1,1,4,1,1,1
29,290341,1,1,1,20,6,21,25,33,0,1,0,29,1,76,705,76705,80,2005,JYARJ06E85A0,J,Y,A,R,J,0,6,E,8,5,A,0,0,0,0,000000000,00000000000,0,0,0,1,0,0,0,0,0,0,0,998,0,0,0,12,6,2,1,0,0,0,1,29,64070,6,1,0,0,2,0,69,180,1,1,0,0,0,9,2012,10,2012,3,35,0,0,0,1,2,45,3,1,2,1,0,0,14,6,1,7,4,2,1,0
29,290342,1,1,3,17,7,23,30,42,0,1,0,48,0,12,481,12481,31,2003,1FTRW08L63KD,1,F,T,R,W,0,8,L,6,3,K,D,0,0,0,000000000,00000000000,0,0,0,1,0,0,0,0,0,0,0,59,0,0,0,12,6,2,2,0,0,1,1,29,65355,1,1,0,0,2,0,76,180,0,5,0,0,0,11,2011,9,2013,3,0,0,0,0,1,2,55,2,1,2,1,0,0,14,12,1,1,4,6,2,1
29,290343,1,1,1,13,7,14,15,59,0,1,0,29,2,12,422,12422,15,2011,1FMJK1J55BEF,1,F,M,J,K,1,J,5,5,B,E,F,0,0,0,000000000,00000000000,0,0,0,1,0,0,0,0,0,0,0,998,0,0,0,12,6,2,59,0,0,0,1,29,63640,6,1,0,0,3,3,67,155,0,0,0,0,0,0,0,0,0,0,0,0,0,0,1,2,55,1,1,2,1,0,0,1,12,1,1,4,6,1,0
29,290344,1,2,1,23,7,7,40,12,2,1,0,29,3,87,881,87881,63,1993,1XPCDR9X7PD3,1,X,P,C,D,R,9,X,7,P,D,3,0,0,57,208038,57208038,3,2,4,1,0,0,0,0,0,0,0,998,0,0,0,12,6,2,12,0,0,0,1,29,65355,6,1,6,0,3,0,67,210,0,0,0,0,0,0,0,0,0,0,80,0,0,0,1,2,55,1,6,1,1,0,0,1,1,1,1,2,50,1,0
29,290344,2,2,4,23,7,7,40,12,2,1,0,17,1,12,481,12481,31,2010,1FTSW2BR8AEA,1,F,T,S,W,2,B,R,8,A,E,A,0,0,0,000000000,00000000000,0,0,0,1,0,0,0,0,0,0,0,998,0,0,0,12,6,2,12,0,0,0,1,17,61516,6,1,0,0,3,0,73,200,0,0,0,0,0,0,0,0,0,0,0,0,0,0,1,2,55,1,6,1,1,0,0,1,62,1,1,1,51,3,0
29,290345,1,1,1,3,7,22,0,9,0,1,1,99,9,2,403,2403,14,1997,999999999999,9,9,9,9,9,9,9,9,9,9,9,9,0,0,0,000000000,00000000000,0,0,0,1,0,0,0,0,0,0,0,998,0,0,0,12,2,5,9,0,0,0,1,99,99999,9,9,99,9,9,9,999,999,99,99,99,99,99,99,9999,99,9999,9,99,99,99,99,1,2,55,1,1,2,1,0,0,1,83,99,1,1,13,0,0
29,290346,1,2,1,22,7,14,0,12,6,1,0,29,2,18,401,18401,14,2006,3G5DA03756S6,3,G,5,D,A,0,3,7,5,6,S,6,0,0,0,000000000,00000000000,0,0,0,1,0,0,0,0,0,0,0,47,3,0,0,12,6,2,12,0,0,0,1,29,65018,6,1,0,0,3,3,69,160,0,0,0,0,0,0,0,0,0,0,28,0,0,0,1,2,60,3,6,1,1,0,0,14,10,3,1,2,64,1,0
29,290346,2,2,1,22,7,14,0,12,6,1,0,93,3,51,881,51881,66,2006,4V4M19GH86N4,4,V,4,M,1,9,G,H,8,6,N,4,1,1,57,88865,5788865,3,6,1,1,0,0,0,0,0,0,0,58,0,1,5,98,6,2,1,0,0,0,1,29,65084,6,1,6,0,3,3,70,195,0,0,0,0,0,0,0,0,0,0,0,0,0,0,1,2,60,2,5,1,1,0,0,14,62,9,2,1,65,0,0
29,290347,1,2,1,25,7,12,27,12,6,1,0,93,3,87,881,87881,66,2013,1XPHD49X6DD1,1,X,P,H,D,4,9,X,6,D,D,1,1,1,57,124260,57124260,3,6,4,1,0,0,0,0,0,0,0,998,0,0,0,98,4,5,12,0,0,0,1,36,62278,6,1,6,0,3,0,71,999,0,3,0,0,0,5,2012,1,2013,0,38,0,0,0,1,2,55,1,1,2,1,20,3,11,17,1,1,1,68,0,0
29,290347,2,2,3,25,7,12,27,12,6,1,0,17,1,7,482,7482,31,1999,1B7KC2361XJ6,1,B,7,K,C,2,3,6,1,X,J,6,1,1,0,000000000,00000000000,0,0,0,1,0,0,0,0,0,0,0,998,0,0,0,12,6,2,12,0,0,0,1,17,62401,6,1,0,0,3,0,68,200,0,1,0,1,0,4,2013,5,2013,0,0,0,0,0,1,2,55,1,1,2,1,0,0,1,62,4,1,1,69,2,0