STATE,ST_CASE,VEH_NO,VE_FORMS,NUMOCCS,DAY,MONTH,HOUR,MINUTE,HARM_EV,MAN_COLL,UNITTYPE,HIT_RUN,REG_STAT,OWNER,MAKE,MODEL,MAK_MOD,BODY_TYP,MOD_YEAR,VIN,VIN_1,VIN_2,VIN_3,VIN_4,VIN_5,VIN_6,VIN_7,VIN_8,VIN_9,VIN_10,VIN_11,VIN_12,TOW_VEH,J_KNIFE,MCARR_I1,MCARR_I2,MCARR_ID,GVWR,V_CONFIG,CARGO_BT,HAZ_INV,HAZ_PLAC,HAZ_ID,HAZ_CNO,HAZ_REL,BUS_USE,SPEC_USE,EMER_USE,TRAV_SP,UNDERIDE,ROLLOVER,ROLINLOC,IMPACT1,DEFORMED,TOWED,M_HARM,VEH_SC1,VEH_SC2,FIRE_EXP,DR_PRES,L_STATE,DR_ZIP,L_STATUS,L_TYPE,CDL_STAT,L_ENDORS,L_COMPL,L_RESTRI,DR_HGT,DR_WGT,PREV_ACC,PREV_SUS,PREV_DWI,PREV_SPD,PREV_OTH,FIRST_MO,FIRST_YR,LAST_MO,LAST_YR,SPEEDREL,DR_SF1,DR_SF2,DR_SF3,DR_SF4,VTRAFWAY,VNUM_LAN,VSPD_LIM,VALIGN,VPROFILE,VPAVETYP,VSURCOND,VTRAFCON,VTCONT_F,P_CRASH1,P_CRASH2,P_CRASH3,PCRASH4,PCRASH5,ACC_TYPE,DEATHS,DR_DRINK
29,290429,1,2,2,3,9,15,12,12,6,1,0,29,1,37,31,37031,2,2007,2HGFG128X7H5,2,H,G,F,G,1,2,8,X,7,H,5,0,0,0,000000000,00000000000,0,0,0,1,0,0,0,0,0,0,0,998,0,0,0,8,6,2,12,0,0,0,1,29,65010,6,1,0,0,3,3,72,170,0,0,0,0,0,0,0,0,0,0,38,0,0,0,1,2,55,1,1,2,1,20,3,4,66,1,1,1,89,1,0
29,290429,2,2,1,3,9,15,12,12,6,1,0,29,1,55,36,55036,4,2013,KMHCT4AE6DU5,K,M,H,C,T,4,A,E,6,D,U,5,0,0,0,000000000,00000000000,0,0,0,1,0,0,0,0,0,0,0,998,0,0,0,12,6,2,12,0,0,0,1,29,65201,6,1,0,0,3,0,51,220,0,0,0,0,0,0,0,0,0,0,0,0,0,0,1,2,55,1,1,2,1,0,0,1,17,3,2,1,88,0,0
29,290430,1,1,1,2,9,10,30,1,0,1,0,29,3,86,884,86884,63,1987,1M2B120C9HA0,1,M,2,B,1,2,0,C,9,H,A,0,0,0,57,2207050,572207050,3,2,4,1,0,0,0,0,0,0,0,998,0,2,5,0,6,2,1,0,0,0,1,29,64748,6,1,6,0,3,3,72,200,2,0,0,2,0,10,2011,7,2013,0,99,99,99,99,1,2,55,2,6,2,1,0,0,14,13,1,1,4,1,1,0
29,290431,1,1,3,4,9,15,15,42,0,1,0,29,1,7,482,7482,31,2008,1D7HU18248J1,1,D,7,H,U,1,8,2,4,8,J,1,0,0,0,000000000,00000000000,0,0,0,1,0,0,0,0,0,0,0,70,0,0,0,12,6,2,42,0,0,0,1,29,63071,6,1,0,0,3,0,61,120,0,0,0,0,0,0,0,0,0,0,0,0,0,0,1,2,55,1,5,2,1,0,0,1,12,1,1,4,6,1,0
29,290432,1,1,1,5,9,3,25,38,0,1,0,29,2,20,481,20481,31,2008,1GCEK19078Z2,1,G,C,E,K,1,9,0,7,8,Z,2,0,0,0,000000000,00000000000,0,0,0,1,0,0,0,0,0,0,0,998,0,0,0,12,6,2,38,0,0,0,1,29,63077,6,1,0,0,3,0,71,168,0,0,0,0,0,0,0,0,0,4,0,0,0,0,1,2,55,3,6,2,1,0,0,14,6,1,1,4,1,1,0
29,290433,1,2,1,14,8,21,0,12,1,1,0,17,1,37,709,37709,80,2006,JH2PC370X6M3,J,H,2,P,C,3,7,0,X,6,M,3,0,0,0,000000000,00000000000,0,0,0,1,0,0,0,0,0,0,0,998,0,0,0,12,6,2,12,0,0,0,1,17,62226,6,1,0,0,3,3,65,140,1,0,0,0,2,9,2011,5,2012,3,37,0,0,0,3,4,60,1,1,2,1,0,0,1,51,1,1,1,24,1,0
29,290433,2,2,2,14,8,21,0,12,1,1,0,29,1,7,442,7442,20,2012,2C4RDGBG3CR4,2,C,4,R,D,G,B,G,3,C,R,4,0,0,0,000000000,00000000000,0,0,0,1,0,0,0,0,0,0,0,998,0,0,0,6,4,5,12,0,0,0,1,29,63031,6,1,0,0,3,3,62,140,0,0,0,0,0,0,0,0,0,0,0,0,0,0,3,4,60,1,1,2,1,0,0,1,53,1,1,1,25,0,0
29,290434,1,1,2,5,9,17,10,42,0,1,0,29,1,18,2,18002,4,1996,2G4WB52K0T14,2,G,4,W,B,5,2,K,0,T,1,4,0,0,0,000000000,00000000000,0,0,0,1,0,0,0,0,0,0,0,998,0,0,0,9,6,2,42,0,0,0,1,29,63343,6,1,0,0,3,0,71,200,0,0,0,0,0,0,0,0,0,4,58,0,0,0,1,2,60,1,1,2,2,0,0,1,6,1,5,4,2,1,1
29,290435,1,1,1,7,9,1,45,35,0,1,0,29,1,12,481,12481,31,2000,1FTSW31F6YEB,1,F,T,S,W,3,1,F,6,Y,E,B,0,0,0,000000000,00000000000,0,0,0,1,0,0,0,0,0,0,0,998,0,1,5,4,6,2,1,0,0,0,1,29,64068,6,1,6,0,3,0,73,190,0,0,0,0,0,0,0,0,0,0,0,0,0,0,1,2,55,3,3,2,1,0,0,14,13,1,1,4,1,1,1
29,290436,1,1,1,7,9,9,41,42,0,1,0,29,3,35,481,35481,31,2011,1N6BA0EC4BN3,1,N,6,B,A,0,E,C,4,B,N,3,0,0,0,000000000,00000000000,0,0,0,1,0,0,0,0,0,0,0,998,0,1,5,98,6,2,1,0,0,0,1,29,65275,6,1,0,0,3,0,63,117,0,0,0,2,0,7,2013,7,2014,4,0,0,0,0,1,2,55,3,6,2,1,0,0,14,6,1,5,4,2,1,0
29,290437,1,1,3,7,9,2,45,58,0,1,0,29,2,2,404,2404,14,2000,1J4GW58N4YC1,1,J,4,G,W,5,8,N,4,Y,C,1,0,0,0,000000000,00000000000,0,0,0,1,0,0,0,0,0,0,0,66,0,1,5,1,6,2,1,0,0,0,1,29,63628,2,1,0,0,2,0,69,160,0,0,0,0,0,0,0,0,0,4,58,0,0,0,1,2,35,3,6,2,1,0,0,14,12,6,4,4,7,1,1
29,290438,1,1,1,6,9,18,52,35,0,1,0,29,1,7,880,7880,67,1999,1B7MF3361XJ6,1,B,7,M,F,3,3,6,1,X,J,6,0,0,88,888888888,88888888888,2,1,97,1,0,0,0,0,0,0,0,998,0,1,5,1,6,2,1,0,0,0,1,98,65536,0,0,0,0,0,0,999,999,99,99,99,99,99,99,9999,99,9999,4,0,0,0,0,1,2,55,3,6,2,1,0,0,14,13,1,1,4,1,1,1
29,290440,1,2,1,9,9,22,20,12,2,1,0,29,1,51,41,51041,4,1995,YV1KS9619S10,Y,V,1,K,S,9,6,1,9,S,1,0,0,0,0,000000000,00000000000,0,0,0,1,0,0,0,0,0,0,0,998,0,0,0,12,6,2,12,0,0,0,1,29,64093,6,1,0,0,3,0,73,230,0,0,0,0,0,0,0,0,0,0,28,0,0,0,1,2,60,1,1,2,1,0,0,1,10,1,1,2,50,1,1
29,290440,2,2,1,9,9,22,20,12,2,1,0,29,1,20,37,20037,4,2005,1G1ZS52F25F3,1,G,1,Z,S,5,2,F,2,5,F,3,0,0,0,000000000,00000000000,0,0,0,1,0,0,0,0,0,0,0,57,0,0,0,12,6,2,12,0,0,0,1,29,64623,6,1,0,0,3,3,63,172,0,0,0,0,0,0,0,0,0,0,0,0,0,0,1,2,60,1,1,2,1,0,0,1,62,9,1,1,51,0,0
29,290441,1,2,1,10,9,16,40,12,2,1,0,29,1,20,404,20404,14,2006,2CNDL73F9660,2,C,N,D,L,7,3,F,9,6,6,0,0,0,0,000000000,00000000000,0,0,0,1,0,0,0,0,0,0,0,51,0,0,0,12,6,2,12,0,0,0,1,29,63751,6,1,0,0,3,3,64,162,0,0,0,0,0,0,0,0,0,0,28,0,0,0,1,2,55,1,5,2,1,0,0,1,10,1,1,2,50,0,0
29,290441,2,2,1,10,9,16,40,12,2,1,0,29,1,72,706,72706,80,2012,1HD1FBM16CB6,1,H,D,1,F,B,M,1,6,C,B,6,0,0,0,000000000,00000000000,0,0,0,1,0,0,0,0,0,0,0,32,0,0,0,12,6,2,12,0,0,0,1,29,63764,6,1,0,0,3,3,74,220,1,0,0,0,0,12,2011,12,2011,0,0,0,0,0,1,2,55,1,5,2,1,0,0,1,62,1,1,2,51,1,0
29,290443,1,1,2,16,7,19,45,40,0,1,1,29,5,20,2,20002,4,2006,2G1WT58KX692,2,G,1,W,T,5,8,K,X,6,9,2,0,0,0,000000000,00000000000,0,0,0,1,0,0,0,0,0,0,0,998,0,1,5,9,6,2,1,0,0,0,1,99,99999,9,9,99,9,9,9,999,999,99,99,99,99,99,99,9999,99,9999,3,0,0,0,0,1,2,25,1,1,2,1,0,0,1,6,1,5,4,15,0,0
29,290444,1,1,1,29,8,19,25,30,0,1,0,29,3,76,734,76734,90,2009,JY4AJ37Y59C0,J,Y,4,A,J,3,7,Y,5,9,C,0,0,0,0,000000000,00000000000,0,0,0,1,0,0,0,0,0,0,0,998,0,1,5,12,4,5,1,0,0,0,1,19,51442,1,1,0,0,2,0,68,150,1,0,0,1,1,3,2014,5,2014,3,0,0,0,0,1,2,25,1,5,2,1,0,0,1,13,1,1,4,1,1,1
29,290445,1,1,3,31,8,2,0,25,0,1,0,29,3,12,481,12481,31,2000,1FTNW21F9YEA,1,F,T,N,W,2,1,F,9,Y,E,A,0,0,0,000000000,00000000000,0,0,0,1,0,0,0,0,0,0,0,998,0,1,3,12,6,2,1,0,0,0,1,29,63386,1,1,0,0,2,0,74,190,1,3,0,0,0,6,2013,4,2014,3,0,0,0,0,3,2,30,2,1,1,1,0,0,14,6,1,5,4,7,1,1
29,290446,1,1,2,29,7,12,50,1,0,1,0,29,1,37,32,37032,4,2000,JHMCG5661YC0,J,H,M,C,G,5,6,6,1,Y,C,0,0,0,0,000000000,00000000000,0,0,0,1,0,0,0,0,0,0,0,998,0,1,5,0,6,2,1,0,0,0,1,29,63011,6,1,0,0,3,3,69,160,0,0,0,0,0,0,0,0,0,0,0,0,0,0,3,2,50,1,5,1,1,0,0,1,13,1,1,4,1,1,0
29,290447,1,1,1,9,8,14,45,8,0,1,0,29,1,20,2,20002,4,2005,2G1WF52E6593,2,G,1,W,F,5,2,E,6,5,9,3,0,0,0,000000000,00000000000,0,0,0,1,0,0,0,0,0,0,0,998,0,0,0,12,2,5,8,0,0,0,1,29,64134,6,1,0,0,3,0,66,160,0,0,0,3,0,10,2012,3,2014,0,0,0,0,0,3,3,98,1,1,2,1,0,0,2,80,2,1,1,13,0,0
29,290448,1,10,1,10,9,16,27,12,7,1,0,29,1,2,405,2405,14,2003,1J4GL48K33W5,1,J,4,G,L,4,8,K,3,3,W,5,0,0,0,000000000,00000000000,0,0,0,1,0,0,0,0,0,0,0,998,0,0,0,5,6,2,12,0,0,0,1,29,65616,6,2,0,0,3,3,58,148,0,0,0,1,0,5,2012,5,2012,4,6,52,0,0,3,2,70,2,6,2,2,0,0,14,6,99,1,2,44,0,0
29,290448,2,10,1,10,9,16,27,12,7,1,0,41,2,12,3,12003,2,2007,1ZVHT80N9752,1,Z,V,H,T,8,0,N,9,7,5,2,0,0,0,000000000,00000000000,0,0,0,1,0,0,0,0,0,0,0,998,0,0,0,11,6,2,12,0,0,0,1,41,97211,6,1,0,0,3,0,68,142,0,0,0,0,0,0,0,0,0,0,0,0,0,0,3,2,70,2,6,2,2,0,0,14,60,99,1,1,45,0,0
29,290448,3,10,2,10,9,16,27,12,7,1,0,93,3,51,881,51881,66,2014,4V4NC9EH7EN1,4,V,4,N,C,9,E,H,7,E,N,1,1,1,57,53773,5753773,3,6,1,1,0,0,0,0,0,0,0,998,0,1,3,61,6,2,1,0,0,0,1,6,92056,6,1,8,0,2,3,68,245,0,0,0,0,0,0,0,0,0,0,28,0,0,0,3,2,70,2,6,2,2,0,0,14,60,99,5,6,98,0,0
29,290448,4,10,1,10,9,16,27,12,7,1,0,29,1,6,51,6051,4,2013,2C3CCAKGXDH6,2,C,3,C,C,A,K,G,X,D,H,6,0,0,0,000000000,00000000000,0,0,0,1,0,0,0,0,0,0,0,998,0,0,0,62,6,2,12,0,0,0,1,29,65109,6,1,0,0,3,3,62,135,0,0,0,1,0,6,2013,6,2013,0,0,0,0,0,3,2,70,3,5,2,2,0,0,14,62,99,1,1,98,1,0
29,290448,5,10,1,10,9,16,27,12,7,1,0,93,3,84,881,84881,66,2009,2HSCUAPR59C1,2,H,S,C,U,A,P,R,5,9,C,1,1,1,57,63366,5763366,3,6,1,1,0,0,0,0,0,0,0,998,0,0,0,12,6,2,12,0,0,0,1,47,37076,6,1,6,0,3,3,73,280,1,2,0,0,0,9,2011,8,2013,0,0,0,0,0,3,2,70,3,5,2,2,0,0,14,60,99,4,2,98,0,0
29,290448,6,10,1,10,9,16,27,12,7,1,0,93,3,87,881,87881,66,2003,1XP5D69X93D5,1,X,P,5,D,6,9,X,9,3,D,5,1,1,57,120368,57120368,3,6,1,1,0,0,0,0,0,0,0,998,0,0,0,12,6,2,12,0,0,0,1,48,79119,6,1,6,0,3,0,999,999,0,0,0,0,1,11,2012,11,2012,0,0,0,0,0,3,2,70,3,5,2,2,0,0,14,59,7,1,2,98,0,0
29,290448,7,10,1,10,9,16,27,12,7,1,0,29,2,7,26,7026,4,2008,1B3LC56R08N2,1,B,3,L,C,5,6,R,0,8,N,2,0,0,0,000000000,00000000000,0,0,0,1,0,0,0,0,0,0,0,998,0,0,0,98,2,3,12,0,0,0,1,29,63383,6,1,0,0,3,0,70,240,0,0,0,0,0,0,0,0,0,0,0,0,0,0,3,2,70,3,5,2,2,0,0,14,60,99,1,1,98,0,0
29,290448,8,10,1,10,9,16,27,12,7,1,0,29,1,23,481,23481,31,1998,2GTEK19R2W15,2,G,T,E,K,1,9,R,2,W,1,5,0,0,0,000000000,00000000000,0,0,0,1,0,0,0,0,0,0,0,998,0,0,0,12,6,2,12,0,0,0,1,29,63383,6,1,0,0,3,3,67,160,0,0,0,0,0,0,0,0,0,0,0,0,0,0,3,2,70,3,5,2,2,0,0,14,62,99,1,1,98,0,0
29,290448,9,10,1,10,9,16,27,12,7,1,0,29,1,12,23,12023,4,2007,3FAHP07Z27R1,3,F,A,H,P,0,7,Z,2,7,R,1,0,0,0,000000000,00000000000,0,0,0,1,0,0,0,0,0,0,0,998,0,0,0,98,6,2,31,0,0,0,1,29,63383,6,1,0,0,3,3,62,135,0,0,0,0,0,0,0,0,0,0,0,0,0,0,3,2,70,3,5,2,2,0,0,14,13,99,1,4,98,0,0
29,290448,10,10,1,10,9,16,27,12,7,1,0,93,3,82,881,82881,66,1999,1FUYSXYB9XLA,1,F,U,Y,S,X,Y,B,9,X,L,A,1,1,57,155126,57155126,3,6,1,1,0,0,0,0,0,0,0,998,0,0,0,12,4,3,57,0,0,0,1,19,50112,6,1,6,0,3,0,66,160,0,0,0,1,0,2,2013,2,2013,0,0,0,0,0,3,2,70,2,6,2,2,0,0,17,12,6,1,4,98,0,0
29,290449,1,1,3,1,9,6,45,42,0,1,0,29,1,12,481,12481,31,2002,1FTRF07L22KC,1,F,T,R,F,0,7,L,2,2,K,C,0,0,0,000000000,00000000000,0,0,0,1,0,0,0,0,0,0,0,998,0,1,5,12,6,2,1,0,0,0,1,29,63957,6,1,0,0,3,0,69,200,0,0,0,0,0,0,0,0,0,3,0,0,0,0,1,2,20,2,4,2,1,0,0,14,13,1,5,4,2,1,1
29,290450,1,1,1,2,9,19,37,42,0,1,0,93,3,84,881,84881,66,2009,2HSCUAPRX9C0,2,H,S,C,U,A,P,R,X,9,C,0,1,2,57,874721,57874721,3,6,1,1,0,0,0,0,0,0,0,998,0,0,0,98,6,2,42,0,0,1,1,29,65536,6,1,6,0,3,0,72,250,0,0,0,0,0,0,0,0,0,0,58,0,0,0,1,2,55,1,6,2,1,0,0,1,13,6,5,4,7,1,0
29,290451,1,1,3,8,9,16,40,42,0,1,0,29,2,18,22,18022,4,2005,2G4WC5321512,2,G,4,W,C,5,3,2,1,5,1,2,0,0,0,000000000,00000000000,0,0,0,1,0,0,0,0,0,0,0,66,0,1,5,98,6,2,1,0,0,0,1,29,65655,6,1,0,0,3,0,71,175,0,0,0,0,0,0,0,0,0,0,0,0,0,0,1,2,35,4,6,2,1,0,0,14,13,1,9,4,2,1,0
29,290452,1,1,2,9,9,16,56,31,0,1,0,29,1,55,38,55038,4,2004,KMHFU45E24A3,K,M,H,F,U,4,5,E,2,4,A,3,0,0,0,000000000,00000000000,0,0,0,1,0,0,0,0,0,0,0,998,0,1,5,2,6,2,1,0,0,0,1,29,65041,6,1,0,0,3,3,66,150,0,0,0,0,0,0,0,0,0,4,0,0,0,0,1,2,55,3,6,2,2,0,0,14,13,6,1,4,6,1,0
29,290453,1,1,2,11,9,15,55,8,0,1,0,93,3,82,881,82881,66,2006,1FUJA6CK76LW,1,F,U,J,A,6,C,K,7,6,L,W,1,1,57,73575,5773575,3,6,1,1,0,0,0,0,0,0,0,60,0,0,0,12,6,2,8,0,0,0,1,29,63628,6,1,6,0,3,3,73,180,0,0,0,0,0,0,0,0,0,0,0,0,0,0,3,2,60,1,1,1,1,0,0,1,80,1,1,1,13,0,0
29,290454,1,1,2,11,9,16,33,1,0,1,0,29,1,22,18,22018,2,2001,1G2NW12E41M6,1,G,2,N,W,1,2,E,4,1,M,6,0,0,0,000000000,00000000000,0,0,0,1,0,0,0,0,0,0,0,73,0,1,5,0,6,2,1,0,0,0,1,29,65109,6,1,0,0,3,0,65,350,0,0,0,1,0,3,2012,3,2012,4,29,0,0,0,1,2,60,2,6,2,1,0,0,6,6,1,5,4,7,1,1
29,290455,1,2,1,28,8,20,25,12,6,1,0,29,1,72,706,72706,80,2006,1HD1FRW156Y6,1,H,D,1,F,R,W,1,5,6,Y,6,0,0,0,000000000,00000000000,0,0,0,1,0,0,0,0,0,0,0,998,0,0,0,12,6,2,12,0,0,0,1,29,63873,6,1,0,0,3,0,73,140,0,0,0,0,0,0,0,0,0,0,0,0,0,0,1,2,45,1,1,2,1,0,0,1,62,1,1,1,69,1,1
29,290455,2,2,5,28,8,20,25,12,6,1,0,29,1,41,51,41051,4,2008,JM1BK32F7818,J,M,1,B,K,3,2,F,7,8,1,8,0,0,0,000000000,00000000000,0,0,0,1,0,0,0,0,0,0,0,998,0,0,0,3,6,2,12,0,0,0,1,29,63873,6,1,0,0,3,3,67,275,0,0,0,0,0,0,0,0,0,0,99,99,99,99,1,2,45,1,1,2,1,0,0,11,15,1,1,1,68,0,0
29,290456,1,1,1,10,6,14,35,42,0,1,0,29,2,12,23,12023,4,2007,3FAHP08157R2,3,F,A,H,P,0,8,1,5,7,R,2,0,0,0,000000000,00000000000,0,0,0,1,0,0,0,0,0,0,0,998,0,0,0,12,6,2,42,0,0,0,1,29,63628,6,1,0,0,3,0,64,140,0,0,0,0,0,0,0,0,0,0,58,0,0,0,1,2,55,3,5,2,1,0,0,14,13,7,2,4,2,1,0
29,290457,1,1,2,12,9,7,8,1,0,1,0,29,1,49,50,49050,3,2006,JTKDE1775600,J,T,K,D,E,1,7,7,5,6,0,0,0,0,0,000000000,00000000000,0,0,0,1,0,0,0,0,0,0,0,80,0,1,1,0,6,2,8,0,0,0,1,29,63060,6,1,0,0,3,0,73,240,0,0,0,0,0,0,0,0,0,4,0,0,0,0,1,2,55,3,5,2,2,0,0,14,6,1,3,2,98,0,1
29,290458,1,1,1,17,9,7,29,42,0,1,0,29,1,49,42,49042,2,1992,JT2EL45F0N00,J,T,2,E,L,4,5,F,0,N,0,0,0,0,0,000000000,00000000000,0,0,0,1,0,0,0,0,0,0,0,998,0,0,0,12,6,2,42,0,0,0,1,29,63028,6,1,0,0,3,3,66,160,0,0,0,0,0,0,0,0,0,0,0,0,0,0,1,2,45,3,1,2,1,0,0,14,12,1,1,4,6,1,0
29,290460,1,2,1,14,9,14,0,12,1,1,0,29,1,20,22,20022,2,2010,1G1AF1F5XA72,1,G,1,A,F,1,F,5,X,A,7,2,0,0,0,000000000,00000000000,0,0,0,1,0,0,0,0,0,0,0,998,0,0,0,12,6,2,12,0,0,0,1,29,64035,6,2,0,0,3,0,61,110,1,0,0,0,0,7,2012,7,2012,0,38,0,0,0,1,2,60,1,1,2,1,0,0,1,52,8,1,1,28,0,0
29,290460,2,2,2,14,9,14,0,12,1,1,0,29,1,34,706,34706,80,2014,WB10A1207EZ0,W,B,1,0,A,1,2,0,7,E,Z,0,0,0,0,000000000,00000000000,0,0,0,1,0,0,0,0,0,0,0,998,0,0,0,6,6,2,12,0,0,0,1,29,64024,6,1,0,0,3,3,73,200,0,0,0,0,0,0,0,0,0,0,0,0,0,0,1,2,60,1,1,2,1,0,0,2,53,1,1,1,29,1,0
29,290461,1,1,1,19,9,3,48,8,0,1,0,29,1,20,471,20471,30,2000,1GCCT19W3Y83,1,G,C,C,T,1,9,W,3,Y,8,3,0,0,0,000000000,00000000000,0,0,0,1,0,0,0,0,0,0,0,65,0,0,0,12,4,3,8,0,0,0,1,29,64118,6,1,0,0,3,0,70,160,0,0,0,0,0,0,0,0,0,0,0,0,0,0,2,5,65,1,1,1,1,0,0,1,80,1,1,1,13,0,0
29,290462,1,2,3,19,9,17,7,12,1,1,0,92,0,98,998,98998,97,9999,000000000000,0,0,0,0,0,0,0,0,0,0,0,0,0,0,0,000000000,00000000000,0,0,0,1,0,0,0,0,0,0,0,998,0,0,0,6,6,2,12,0,0,0,1,98,65542,0,0,0,0,0,0,999,999,99,99,99,99,99,99,9999,99,9999,0,0,0,0,0,1,2,55,4,6,2,1,0,0,14,53,1,1,1,25,1,0
29,290462,2,2,1,19,9,17,7,12,1,1,0,29,2,12,481,12481,31,1995,1FTDF15Y2SNA,1,F,T,D,F,1,5,Y,2,S,N,A,0,0,0,000000000,00000000000,0,0,0,1,0,0,0,0,0,0,0,998,0,0,0,12,6,2,12,0,0,0,1,29,65542,6,1,0,0,3,3,74,150,0,0,0,0,0,0,0,0,0,0,0,0,0,0,1,2,55,4,6,2,1,0,0,14,51,6,1,1,24,0,1
29,290463,1,3,1,20,9,18,35,12,2,1,0,47,1,20,422,20422,15,2004,3GNEC16Z14G2,3,G,N,E,C,1,6,Z,1,4,G,2,0,0,0,000000000,00000000000,0,0,0,1,0,0,0,0,0,0,0,83,0,0,0,12,6,2,12,0,0,0,1,47,38053,2,1,2,0,2,0,66,210,0,5,1,0,1,9,2011,11,2013,3,28,0,0,0,1,2,55,3,5,2,1,0,0,14,10,1,1,2,50,1,1
29,290463,2,3,3,20,9,18,35,12,2,1,0,29,1,6,441,6441,20,2007,2A4GP54L87R3,2,A,4,G,P,5,4,L,8,7,R,3,0,0,0,000000000,00000000000,0,0,0,1,0,0,0,0,0,0,0,52,0,0,0,12,6,2,12,0,0,0,1,29,63389,6,1,0,0,3,3,66,145,0,0,0,0,0,0,0,0,0,0,0,0,0,0,1,2,55,2,5,2,1,0,0,14,62,1,1,1,51,2,0
29,290463,3,3,3,20,9,18,35,12,2,1,0,29,2,24,401,24401,14,2006,5GZCZ53456S8,5,G,Z,C,Z,5,3,4,5,6,S,8,0,0,0,000000000,00000000000,0,0,0,1,0,0,0,0,0,0,0,998,0,0,0,12,2,5,58,0,0,0,1,29,63301,6,1,0,0,3,0,70,205,0,0,0,0,0,0,0,0,0,0,0,0,0,0,1,2,55,2,5,2,1,0,0,14,62,7,1,4,98,0,0
29,290464,1,2,1,21,9,8,25,12,6,1,0,29,1,49,40,49040,4,1999,4T1BF28K4XU0,4,T,1,B,F,2,8,K,4,X,U,0,0,0,0,000000000,00000000000,0,0,0,1,0,0,0,0,0,0,0,998,0,0,0,1,6,2,12,0,0,0,1,29,65721,6,1,0,0,3,3,70,187,0,0,0,0,0,0,0,0,0,0,28,58,0,0,1,2,55,2,1,1,1,0,0,14,10,6,4,6,64,0,0
29,290464,2,2,1,21,9,8,25,12,6,1,0,17,1,20,441,20441,20,1991,1GNDM19Z0MB1,1,G,N,D,M,1,9,Z,0,M,B,1,0,0,0,000000000,00000000000,0,0,0,1,0,0,0,0,0,0,0,998,0,0,0,12,6,2,12,0,0,0,1,17,62914,6,1,0,0,3,0,77,272,0,0,0,0,0,0,0,0,0,0,0,0,0,0,1,2,55,3,1,1,1,0,0,14,62,1,1,1,65,1,0
29,290465,1,2,1,21,9,13,55,12,6,1,0,20,1,12,16,12016,4,1998,2FAFP71W5WX1,2,F,A,F,P,7,1,W,5,W,X,1,0,0,0,000000000,00000000000,0,0,0,1,0,0,0,0,0,0,0,56,0,0,0,2,6,2,12,0,0,0,1,20,66023,6,1,0,0,3,3,72,340,0,0,0,0,0,0,0,0,0,0,0,0,0,0,2,2,70,1,1,2,1,0,0,1,10,1,1,6,65,1,0
29,290465,2,2,3,21,9,13,55,12,6,1,0,29,3,55,35,55035,4,2013,5NPDH4AE9DH3,5,N,P,D,H,4,A,E,9,D,H,3,0,0,0,000000000,00000000000,0,0,0,1,0,0,0,0,0,0,0,55,0,0,0,12,6,2,12,0,0,0,1,20,66047,6,1,0,0,3,3,74,248,0,1,1,0,0,11,2011,5,2013,0,0,0,0,0,2,2,70,1,1,2,1,0,0,1,62,1,1,1,64,0,0
29,290466,1,2,1,17,9,9,46,12,6,1,0,29,1,20,405,20405,14,2012,3GNAL3E53CS5,3,G,N,A,L,3,E,5,3,C,S,5,0,0,0,000000000,00000000000,0,0,0,1,0,0,0,0,0,0,0,998,0,0,0,12,6,2,12,0,0,0,1,29,65714,6,1,0,0,3,3,60,120,1,0,0,0,0,6,2013,6,2013,0,0,0,0,0,2,2,45,1,1,2,2,4,3,1,17,1,1,1,86,0,0
29,290466,2,2,1,17,9,9,46,12,6,1,0,29,1,20,471,20471,30,1994,1GCCS1446R81,1,G,C,C,S,1,4,4,6,R,8,1,0,0,0,000000000,00000000000,0,0,0,1,0,0,0,0,0,0,0,998,0,0,0,1,6,2,12,0,0,0,1,29,65714,6,1,0,0,3,0,69,205,0,0,0,0,1,7,2014,7,2014,0,38,0,0,0,2,2,25,1,1,2,2,4,3,1,66,1,1,1,87,1,0
29,290467,1,2,1,15,9,11,40,12,2,1,0,29,2,35,47,35047,4,1998,1N4DL01D0WC2,1,N,4,D,L,0,1,D,0,W,C,2,0,0,0,000000000,00000000000,0,0,0,1,0,0,0,0,0,0,0,998,0,0,0,12,6,2,12,0,0,0,1,29,63347,6,1,0,0,3,0,62,107,0,0,0,0,0,0,0,0,0,4,28,0,0,0,1,2,55,2,1,2,1,0,0,14,10,3,2,2,50,1,0
29,290467,2,2,1,15,9,11,40,12,2,1,0,29,1,49,33,49033,2,1997,JT5FG02T6V00,J,T,5,F,G,0,2,T,6,V,0,0,0,0,0,000000000,00000000000,0,0,0,1,0,0,0,0,0,0,0,998,0,0,0,12,6,2,12,0,0,0,1,29,63347,6,1,6,0,3,0,65,135,1,0,0,0,0,8,2012,8,2012,0,0,0,0,0,1,2,55,2,1,2,1,0,0,14,62,1,1,1,51,0,0
29,290468,1,1,1,23,9,14,5,58,0,1,0,29,1,72,706,72706,80,1972,2C34826H2,2,C,3,4,8,2,6,H,2,,,,0,0,0,000000000,00000000000,0,0,0,1,0,0,0,0,0,0,0,998,0,0,0,12,6,2,1,0,0,0,1,29,65452,6,1,0,0,3,3,70,165,0,0,0,0,0,0,0,0,0,0,99,99,99,99,1,2,55,1,1,2,1,0,0,1,13,1,1,4,1,1,1
29,290469,1,2,1,23,9,16,28,12,6,1,0,29,3,12,880,12880,67,1999,1FDXF47FXXED,1,F,D,X,F,4,7,F,X,X,E,D,0,0,88,888888888,88888888888,2,1,97,1,0,0,0,0,0,0,0,29,0,0,0,12,6,2,12,0,0,0,1,29,65202,6,1,0,0,3,0,72,135,0,0,0,0,0,0,0,0,0,0,42,0,0,0,1,2,45,1,1,2,1,0,0,1,67,8,1,1,83,0,0