STATE,ST_CASE,VEH_NO,VE_FORMS,NUMOCCS,DAY,MONTH,HOUR,MINUTE,HARM_EV,MAN_COLL,UNITTYPE,HIT_RUN,REG_STAT,OWNER,MAKE,MODEL,MAK_MOD,BODY_TYP,MOD_YEAR,VIN,VIN_1,VIN_2,VIN_3,VIN_4,VIN_5,VIN_6,VIN_7,VIN_8,VIN_9,VIN_10,VIN_11,VIN_12,TOW_VEH,J_KNIFE,MCARR_I1,MCARR_I2,MCARR_ID,GVWR,V_CONFIG,CARGO_BT,HAZ_INV,HAZ_PLAC,HAZ_ID,HAZ_CNO,HAZ_REL,BUS_USE,SPEC_USE,EMER_USE,TRAV_SP,UNDERIDE,ROLLOVER,ROLINLOC,IMPACT1,DEFORMED,TOWED,M_HARM,VEH_SC1,VEH_SC2,FIRE_EXP,DR_PRES,L_STATE,DR_ZIP,L_STATUS,L_TYPE,CDL_STAT,L_ENDORS,L_COMPL,L_RESTRI,DR_HGT,DR_WGT,PREV_ACC,PREV_SUS,PREV_DWI,PREV_SPD,PREV_OTH,FIRST_MO,FIRST_YR,LAST_MO,LAST_YR,SPEEDREL,DR_SF1,DR_SF2,DR_SF3,DR_SF4,VTRAFWAY,VNUM_LAN,VSPD_LIM,VALIGN,VPROFILE,VPAVETYP,VSURCOND,VTRAFCON,VTCONT_F,P_CRASH1,P_CRASH2,P_CRASH3,PCRASH4,PCRASH5,ACC_TYPE,DEATHS,DR_DRINK
29,290675,1,1,1,7,12,1,41,24,0,1,0,29,1,37,32,37032,4,2001,1HGCG56461A1,1,H,G,C,G,5,6,4,6,1,A,1,0,0,0,000000000,00000000000,0,0,0,1,0,0,0,0,0,0,0,998,0,0,0,11,6,2,30,0,0,0,1,29,63304,6,1,0,0,3,3,67,198,1,0,0,0,0,1,2014,1,2014,4,0,0,0,0,1,3,40,2,5,1,1,3,3,14,6,7,1,4,1,1,1
29,290676,1,2,1,10,12,15,25,12,2,1,0,29,2,12,4,12004,2,1996,1FALP62W2TH1,1,F,A,L,P,6,2,W,2,T,H,1,0,0,0,000000000,00000000000,0,0,0,1,0,0,0,0,0,0,0,998,0,0,0,12,6,2,12,0,0,1,1,29,65026,1,1,0,0,2,3,63,117,1,0,0,1,0,8,2013,7,2014,0,28,0,0,0,2,2,60,2,6,2,2,0,0,14,10,1,1,6,50,1,0
29,290676,2,2,1,10,12,15,25,12,2,1,0,29,3,20,481,20481,31,2003,1GCJK39G03E1,1,G,C,J,K,3,9,G,0,3,E,1,0,0,0,000000000,00000000000,0,0,0,1,0,0,0,0,0,0,0,998,0,0,0,12,6,2,12,0,0,0,1,29,65020,6,1,0,0,3,3,71,200,0,0,0,0,0,0,0,0,0,0,0,0,0,0,2,2,60,3,5,2,2,0,0,14,62,1,1,1,51,0,0
29,290677,1,1,1,4,12,22,35,42,0,1,0,29,1,12,481,12481,31,2005,1FTPW14565FB,1,F,T,P,W,1,4,5,6,5,F,B,0,0,0,000000000,00000000000,0,0,0,1,0,0,0,0,0,0,0,998,0,0,0,6,6,2,42,0,0,0,1,29,63077,6,1,0,0,3,3,74,195,0,0,0,0,0,0,0,0,0,4,0,0,0,0,1,2,55,3,6,2,2,0,0,14,12,1,4,4,7,1,1
29,290678,1,1,1,27,12,4,17,31,0,1,0,29,1,23,461,23461,22,1996,1GDFG15R9T10,1,G,D,F,G,1,5,R,9,T,1,0,0,0,0,000000000,00000000000,0,0,0,1,0,0,0,0,0,0,0,998,0,1,5,12,6,2,1,0,0,0,1,29,63074,6,1,0,0,3,3,72,220,0,4,3,2,0,1,2012,1,2013,4,0,0,0,0,6,2,60,2,5,1,2,0,0,14,12,1,1,4,6,1,1
29,290679,1,1,1,29,12,7,10,21,0,1,0,29,1,18,2,18002,4,2002,1G4HR54K92U1,1,G,4,H,R,5,4,K,9,2,U,1,0,0,0,000000000,00000000000,0,0,0,1,0,0,0,0,0,0,0,998,0,1,5,14,6,2,1,0,0,0,1,29,63534,6,1,0,0,3,0,72,200,0,0,0,0,0,0,0,0,0,0,0,0,0,0,2,2,65,1,1,2,1,0,0,1,12,1,1,4,6,1,0
29,290680,1,1,2,30,12,20,25,1,0,1,0,18,3,82,881,82881,66,2015,1FUJGLDV8FLG,1,F,U,J,G,L,D,V,8,F,L,G,1,1,57,1748105,571748105,3,6,1,1,0,0,0,0,0,0,0,57,0,2,1,0,6,2,1,0,0,0,1,34,7093,6,1,6,3,3,3,69,999,0,5,0,2,2,5,2013,10,2014,0,58,0,0,0,3,2,70,1,6,2,1,0,0,1,13,6,1,6,98,1,0
29,290681,1,1,1,31,12,6,6,25,0,1,0,29,1,12,481,12481,31,2005,1FTPX14535KD,1,F,T,P,X,1,4,5,3,5,K,D,0,0,0,000000000,00000000000,0,0,0,1,0,0,0,0,0,0,0,998,0,1,5,11,6,2,1,0,0,0,1,29,63050,6,1,0,0,3,3,72,300,0,0,0,0,0,0,0,0,0,0,0,0,0,0,3,2,65,2,6,2,1,0,0,14,12,1,1,4,6,1,1
29,290682,1,1,0,31,12,11,0,8,0,1,0,29,6,7,482,7482,31,1996,1B7KF23C9TJ1,1,B,7,K,F,2,3,C,9,T,J,1,0,0,0,000000000,00000000000,0,0,0,1,0,0,0,0,0,0,0,998,0,0,0,6,0,5,8,0,0,0,0,0,99997,7,6,97,7,6,7,998,997,998,998,998,998,998,98,9998,98,9998,8,0,0,0,0,1,2,35,1,5,4,1,0,0,0,13,0,0,0,98,0,0
29,290684,1,1,1,11,11,7,2,42,0,1,0,29,1,7,20,7020,4,2005,1B3ES56C15D1,1,B,3,E,S,5,6,C,1,5,D,1,0,0,0,000000000,00000000000,0,0,0,1,0,0,0,0,0,0,0,998,0,0,0,12,6,2,42,0,0,0,1,29,64804,6,1,0,0,3,3,75,200,0,0,0,0,0,0,0,0,0,0,0,0,0,0,1,2,35,1,1,2,1,0,0,1,14,1,1,4,14,1,0
29,290685,1,3,3,24,10,16,34,12,1,1,0,29,1,20,402,20402,14,2002,2CNBJ13C7269,2,C,N,B,J,1,3,C,7,2,6,9,0,0,0,000000000,00000000000,0,0,0,1,0,0,0,0,0,0,0,998,0,0,0,12,6,2,12,0,0,0,1,29,64062,6,1,0,0,3,0,73,220,0,0,0,0,0,0,0,0,0,0,38,0,0,0,1,2,45,1,1,2,1,0,0,1,50,1,1,1,20,1,0
29,290685,2,3,1,24,10,16,34,12,1,1,0,29,1,59,33,59033,2,1992,JT8JZ31C3N00,J,T,8,J,Z,3,1,C,3,N,0,0,0,0,0,000000000,00000000000,0,0,0,1,0,0,0,0,0,0,0,0,0,0,0,6,2,5,12,0,0,0,1,29,64024,6,1,0,0,3,0,66,101,0,0,0,0,0,0,0,0,0,0,0,0,0,0,1,2,45,1,1,2,1,0,0,5,53,1,1,1,21,0,0
29,290685,3,3,1,24,10,16,34,12,1,1,0,29,1,12,3,12003,2,2007,1ZVFT80N1752,1,Z,V,F,T,8,0,N,1,7,5,2,0,0,0,000000000,00000000000,0,0,0,1,0,0,0,0,0,0,0,0,0,0,0,6,2,5,12,0,0,0,1,29,64062,6,1,0,0,3,0,73,145,0,0,0,2,0,12,2012,9,2013,0,0,0,0,0,1,2,45,1,1,2,1,0,0,5,53,1,1,1,98,0,0
29,290686,1,1,3,22,11,20,57,8,0,1,0,29,1,6,441,6441,20,2005,1C4GP45R75B1,1,C,4,G,P,4,5,R,7,5,B,1,0,0,0,000000000,00000000000,0,0,0,1,0,0,0,0,0,0,0,998,0,0,0,12,6,2,8,0,0,0,1,29,63034,6,1,0,0,3,0,68,180,1,0,0,0,0,9,2013,9,2013,0,0,0,0,0,1,2,45,1,1,1,2,0,0,1,80,1,1,1,13,0,0
29,290687,1,2,2,13,12,19,29,12,6,1,0,29,3,20,421,20421,15,2013,1GNLC2E02DR2,1,G,N,L,C,2,E,0,2,D,R,2,0,0,0,000000000,00000000000,0,0,0,1,0,0,0,0,0,0,0,62,0,0,0,12,6,2,12,0,0,0,1,29,63115,6,1,0,0,3,0,80,245,0,0,0,0,0,0,0,0,0,0,99,99,99,99,3,3,30,1,1,2,1,0,0,1,66,1,1,1,86,0,0
29,290687,2,2,1,13,12,19,29,12,6,1,0,99,9,73,734,73734,90,2004,JKASV6A124B5,J,K,A,S,V,6,A,1,2,4,B,5,0,0,0,000000000,00000000000,0,0,0,1,0,0,0,0,0,0,0,998,0,0,0,3,6,2,12,0,0,0,1,29,63136,6,1,0,0,3,0,72,260,0,0,0,0,0,0,0,0,0,0,99,99,99,99,3,3,30,1,1,2,1,0,0,1,17,1,1,1,87,1,0
29,290688,1,2,1,17,12,16,37,12,6,1,0,29,1,99,709,99709,88,2009,L4PLUMD01910,L,4,P,L,U,M,D,0,1,9,1,0,0,0,0,000000000,00000000000,0,0,0,1,0,0,0,0,0,0,0,998,0,0,0,98,6,2,12,0,0,0,1,29,63111,2,1,0,0,2,0,68,175,0,6,0,0,0,1,2012,11,2014,0,99,99,99,99,1,2,25,1,1,2,1,0,0,1,17,99,1,1,88,1,0
29,290688,2,2,1,17,12,16,37,12,6,1,0,29,1,22,18,22018,4,2005,1G2NE52E45M2,1,G,2,N,E,5,2,E,4,5,M,2,0,0,0,000000000,00000000000,0,0,0,1,0,0,0,0,0,0,0,998,0,0,0,9,6,2,12,0,0,0,1,29,63111,6,1,0,0,3,3,69,125,0,0,0,0,0,0,0,0,0,0,0,0,0,0,1,2,25,1,1,2,1,0,0,1,66,1,1,1,89,0,0
29,290689,1,1,1,21,12,2,44,14,0,1,0,17,1,54,35,54035,4,2002,19UYA42622A0,1,9,U,Y,A,4,2,6,2,2,A,0,0,0,0,000000000,00000000000,0,0,0,1,0,0,0,0,0,0,0,998,0,0,0,12,6,2,14,0,0,0,1,29,63136,1,1,0,0,2,0,66,135,0,1,0,0,0,3,2012,3,2012,3,0,0,0,0,1,2,25,1,6,2,1,0,0,1,6,1,2,4,2,1,0
29,290690,1,2,1,21,12,4,7,12,2,1,0,17,1,49,32,49032,4,2010,JTDBU4EE3A90,J,T,D,B,U,4,E,E,3,A,9,0,0,0,0,000000000,00000000000,0,0,0,1,0,0,0,0,0,0,0,998,0,0,0,12,6,2,12,0,0,0,1,17,63147,6,1,0,0,3,0,66,165,0,0,0,0,0,0,0,0,0,0,51,0,0,0,3,4,55,1,6,1,1,0,0,1,54,1,1,1,52,1,1
29,290690,2,2,1,21,12,4,7,12,2,1,0,29,2,49,40,49040,4,1999,JT2BF22K4X02,J,T,2,B,F,2,2,K,4,X,0,2,0,0,0,000000000,00000000000,0,0,0,1,0,0,0,0,0,0,0,998,0,0,0,12,6,2,12,0,0,0,1,29,63031,6,1,0,0,3,0,65,110,0,0,0,0,0,0,0,0,0,0,99,99,99,99,3,4,55,1,6,1,1,0,0,1,54,1,1,1,52,1,1
29,290691,1,1,2,9,8,21,30,8,0,1,0,29,1,12,16,12016,4,1994,2FALP74WXRX1,2,F,A,L,P,7,4,W,X,R,X,1,0,0,0,000000000,00000000000,0,0,0,1,0,0,0,0,0,0,0,998,0,0,0,12,2,5,8,0,0,0,1,29,65565,6,1,0,0,3,0,74,180,0,0,0,0,0,0,0,0,0,0,0,0,0,0,1,2,60,3,5,2,1,0,0,14,13,1,1,4,13,0,0
29,290692,1,2,1,21,12,11,19,12,6,1,0,29,3,12,17,12017,4,1998,1FAFP52U5WG1,1,F,A,F,P,5,2,U,5,W,G,1,0,0,0,000000000,00000000000,0,0,0,1,0,0,0,0,0,0,0,998,0,0,0,12,6,2,12,0,0,0,1,29,63039,6,1,0,0,3,0,69,165,0,0,0,0,0,0,0,0,0,0,39,0,0,0,5,2,45,1,1,2,1,2,3,1,17,1,1,1,69,1,0
29,290692,2,2,2,21,12,11,19,12,6,1,0,31,3,82,881,82881,66,2012,1FUJGLDR7CSB,1,F,U,J,G,L,D,R,7,C,S,B,1,1,57,53467238,5753467238,3,6,1,1,0,0,0,0,0,0,0,998,0,0,0,8,2,5,12,0,0,0,1,12,80907,0,0,0,0,0,0,76,999,0,0,0,0,0,0,0,0,0,0,0,0,0,0,1,2,30,1,1,2,1,2,3,11,67,1,1,1,68,0,0
29,290693,1,2,1,25,12,12,5,12,6,1,1,17,1,12,481,12481,31,1999,1FTRX18L5XKA,1,F,T,R,X,1,8,L,5,X,K,A,0,0,0,000000000,00000000000,0,0,0,1,0,0,0,0,0,0,0,998,0,0,0,12,6,2,12,0,0,0,1,99,99999,9,9,99,9,9,9,999,999,99,99,99,99,99,99,9999,99,9999,3,39,0,0,0,1,4,30,1,1,1,1,1,3,1,17,1,1,1,88,0,0
29,290693,2,2,2,25,12,12,5,12,6,1,0,29,1,12,16,12016,4,1992,2FACP74W0NX1,2,F,A,C,P,7,4,W,0,N,X,1,0,0,0,000000000,00000000000,0,0,0,1,0,0,0,0,0,0,0,998,0,1,5,9,6,2,12,0,0,0,1,29,63106,6,1,0,0,3,0,69,198,0,0,0,0,0,0,0,0,0,0,99,99,99,99,1,4,99,1,1,1,1,1,3,1,66,1,1,1,89,1,0
29,290694,1,4,1,31,12,21,32,12,6,1,0,17,1,42,42,42042,4,2002,WDBRF61J22F2,W,D,B,R,F,6,1,J,2,2,F,2,0,0,0,000000000,00000000000,0,0,0,1,0,0,0,0,0,0,0,998,0,0,0,12,6,2,12,0,0,0,1,17,62220,6,1,0,0,3,0,72,198,0,0,0,1,0,5,2014,5,2014,3,39,0,0,0,1,5,35,1,6,2,1,2,3,1,66,1,1,1,88,0,1
29,290694,2,4,2,31,12,21,32,12,6,1,0,29,2,52,46,52046,4,2002,JA3AJ26E82U0,J,A,3,A,J,2,6,E,8,2,U,0,0,0,0,000000000,00000000000,0,0,0,1,0,0,0,0,0,0,0,998,0,0,0,9,6,2,12,0,0,0,1,29,63109,6,1,0,0,3,3,71,150,0,0,0,0,0,0,0,0,0,0,0,0,0,0,1,5,35,1,6,2,1,2,3,1,17,1,1,1,89,1,0
29,290694,3,4,2,31,12,21,32,12,6,1,0,29,2,49,40,49040,4,2007,4T1BK46K07U5,4,T,1,B,K,4,6,K,0,7,U,5,0,0,0,000000000,00000000000,0,0,0,1,0,0,0,0,0,0,0,0,0,0,0,9,2,5,12,0,0,0,1,29,63115,9,9,99,9,9,9,999,999,99,99,99,99,99,99,9999,99,9999,0,0,0,0,0,1,5,35,1,6,2,1,2,3,5,78,1,1,1,98,0,0
29,290694,4,4,2,31,12,21,32,12,6,1,0,92,0,12,13,12013,4,2003,3FAFP11353R1,3,F,A,F,P,1,1,3,5,3,R,1,0,0,0,000000000,00000000000,0,0,0,1,0,0,0,0,0,0,0,0,0,0,0,11,2,5,12,0,0,0,1,29,63114,6,1,0,0,3,0,73,205,0,0,0,0,0,0,0,0,0,0,0,0,0,0,1,5,35,1,6,2,1,2,3,5,78,1,1,1,98,0,0
29,290695,1,2,2,7,12,12,3,12,6,1,0,29,2,7,27,7027,6,2015,3C4PDCBB3FT5,3,C,4,P,D,C,B,B,3,F,T,5,0,0,0,000000000,00000000000,0,0,0,1,0,0,0,0,0,0,0,68,0,0,0,12,6,2,12,0,0,0,1,29,63901,6,1,0,0,3,0,63,105,0,0,0,0,0,0,0,0,0,0,0,0,0,0,3,2,65,1,6,2,10,0,0,1,66,3,2,1,88,0,0
29,290695,2,2,2,7,12,12,3,12,6,1,0,29,1,7,442,7442,20,2006,1D4GP24R06B6,1,D,4,G,P,2,4,R,0,6,B,6,0,0,0,000000000,00000000000,0,0,0,1,0,0,0,0,0,0,0,20,0,0,0,9,6,2,12,0,0,0,1,29,63628,6,1,0,0,3,0,64,180,0,0,0,0,0,0,0,0,0,0,38,0,0,0,1,2,50,1,8,2,1,20,3,1,17,1,1,1,89,1,0
29,290696,1,1,1,29,12,20,40,8,0,1,0,29,1,52,37,52037,3,2006,4A3AK34TX6E0,4,A,3,A,K,3,4,T,X,6,E,0,0,0,0,000000000,00000000000,0,0,0,1,0,0,0,0,0,0,0,998,0,0,0,12,6,2,8,0,0,0,1,29,63135,6,1,0,0,3,0,71,195,0,1,0,1,0,7,2013,9,2014,0,99,99,99,99,3,4,60,1,1,2,1,0,0,1,80,1,1,1,13,0,0
29,290697,1,1,1,14,12,14,55,39,0,1,0,20,2,7,422,7422,15,2005,1D4HB48D85F5,1,D,4,H,B,4,8,D,8,5,F,5,0,0,0,000000000,00000000000,0,0,0,1,0,0,0,0,0,0,0,998,0,1,5,13,4,3,39,0,0,0,1,29,64110,2,1,0,0,2,0,72,165,0,2,0,0,0,6,2013,8,2013,0,0,0,0,0,3,3,40,3,1,2,1,0,0,14,13,1,1,4,1,1,0
29,290698,1,1,3,27,12,23,15,42,0,1,0,29,3,37,31,37031,4,2001,1HGES163X1L0,1,H,G,E,S,1,6,3,X,1,L,0,0,0,0,000000000,00000000000,0,0,0,1,0,0,0,0,0,0,0,998,0,0,0,12,4,5,42,0,0,0,1,29,64068,6,2,0,0,2,0,64,130,0,0,0,0,0,0,0,0,0,4,0,0,0,0,1,2,25,1,6,2,1,0,0,1,12,1,1,4,6,1,0
29,290699,1,2,1,27,12,16,55,12,1,1,0,93,3,85,881,85881,63,2000,1XKWD49XXYR8,1,X,K,W,D,4,9,X,X,Y,R,8,5,1,57,203412,57203412,3,2,1,1,0,0,0,0,0,0,0,57,7,0,0,12,6,2,12,0,0,0,1,27,56358,6,1,6,3,3,3,69,210,1,0,0,0,0,10,2013,10,2013,0,0,0,0,0,3,4,65,1,5,2,1,0,0,1,50,1,1,1,20,0,0
29,290699,2,2,5,27,12,16,55,12,1,1,0,29,1,41,35,41035,4,1996,JM1BB1410T03,J,M,1,B,B,1,4,1,0,T,0,3,0,0,0,000000000,00000000000,0,0,0,1,0,0,0,0,0,0,0,0,0,0,0,6,6,2,12,0,0,0,1,29,64093,1,1,0,0,2,0,68,170,0,8,0,0,0,5,2012,12,2014,0,54,0,0,0,3,4,65,1,5,2,1,0,0,5,53,1,1,1,21,5,0
29,290700,1,2,1,2,12,19,30,8,0,1,1,99,9,99,999,99999,99,9999,999999999999,9,9,9,9,9,9,9,9,9,9,9,9,9,0,99,999999999,99999999999,9,99,99,1,0,0,0,0,99,99,9,999,9,0,0,12,9,9,8,99,99,0,1,99,99999,9,9,99,9,9,9,999,999,99,99,99,99,99,99,9999,99,9999,9,99,99,99,99,5,5,40,1,1,2,1,0,0,1,80,1,1,1,13,0,0
29,290700,2,2,1,2,12,19,30,8,0,1,0,29,1,12,401,12401,14,2005,1FMDU75WX5UA,1,F,M,D,U,7,5,W,X,5,U,A,0,0,0,000000000,00000000000,0,0,0,1,0,0,0,0,0,0,0,998,0,0,0,12,2,5,8,0,0,0,1,29,63114,6,1,0,0,3,3,67,186,0,0,0,0,0,0,0,0,0,0,0,0,0,0,5,5,40,1,1,2,1,0,0,1,80,1,1,1,98,0,0
29,290701,1,1,1,14,12,9,30,33,0,1,0,29,1,7,482,7482,31,1999,3B7HF13Z3XG1,3,B,7,H,F,1,3,Z,3,X,G,1,0,0,0,000000000,00000000000,0,0,0,1,0,0,0,0,0,0,0,998,0,1,5,14,6,2,1,0,0,0,1,29,63801,6,1,0,0,3,3,72,220,1,0,0,0,0,6,2012,6,2012,3,99,99,99,99,1,2,25,1,1,1,1,0,0,1,12,1,1,4,6,1,0
29,290702,1,1,3,24,12,19,5,8,0,1,0,29,1,20,401,20401,14,2000,1GNCT18W4YK1,1,G,N,C,T,1,8,W,4,Y,K,1,0,0,0,000000000,00000000000,0,0,0,1,0,0,0,0,0,0,0,998,0,0,0,12,2,5,8,0,0,0,1,29,65611,6,1,0,0,3,0,68,245,0,0,0,0,0,0,0,0,0,0,0,0,0,0,2,2,65,1,1,2,1,0,0,1,80,1,1,1,13,0,0
29,290703,1,1,1,25,11,17,45,8,0,1,0,29,1,37,402,37402,14,2000,JHLRD1875YS0,J,H,L,R,D,1,8,7,5,Y,S,0,0,0,0,000000000,00000000000,0,0,0,1,0,0,0,0,0,0,0,998,0,0,0,12,2,3,8,0,0,0,1,20,64641,6,1,0,0,3,3,77,260,0,0,0,0,0,0,0,0,0,0,0,0,0,0,5,2,40,1,5,2,1,0,0,1,80,1,1,1,13,0,0
29,290704,1,1,1,27,12,17,45,18,0,1,0,29,2,18,18,18018,4,1997,1G4NJ52T1VC4,1,G,4,N,J,5,2,T,1,V,C,4,0,0,0,000000000,00000000000,0,0,0,1,0,0,0,0,0,0,0,998,0,0,0,12,6,2,43,0,0,0,1,29,65803,6,1,0,0,3,3,74,235,2,0,0,0,0,8,2012,8,2013,4,0,0,0,0,1,2,30,1,1,2,2,0,0,1,13,1,1,4,1,1,0
29,290705,1,2,2,31,12,18,19,8,0,1,0,29,2,20,16,20016,4,1993,1G1JF34T7P73,1,G,1,J,F,3,4,T,7,P,7,3,0,0,0,000000000,00000000000,0,0,0,1,0,0,0,0,0,0,0,998,0,0,0,12,2,5,8,0,0,0,1,29,65201,6,1,0,0,3,0,64,120,0,0,0,0,0,0,0,0,0,0,0,0,0,0,3,5,40,1,1,2,1,1,3,1,80,1,1,1,13,0,0
29,290705,2,2,1,31,12,18,19,8,0,1,0,29,1,37,402,37402,14,2013,2HKRM4H3XDH6,2,H,K,R,M,4,H,3,X,D,H,6,0,0,0,000000000,00000000000,0,0,0,1,0,0,0,0,0,0,0,998,0,0,0,14,2,5,8,0,0,0,1,29,65279,6,1,0,0,3,3,64,150,0,0,0,0,0,0,0,0,0,0,0,0,0,0,3,5,40,1,1,2,1,1,3,1,80,1,1,1,98,0,0
29,290706,1,1,1,10,12,10,30,32,0,1,0,29,1,23,481,23481,31,2004,1GTEC14V04Z2,1,G,T,E,C,1,4,V,0,4,Z,2,0,0,0,000000000,00000000000,0,0,0,1,0,0,0,0,0,0,0,998,0,0,0,12,6,2,2,0,0,1,1,29,65785,6,1,6,0,3,3,71,190,0,0,0,1,0,4,2013,4,2013,0,0,0,0,0,1,2,50,3,1,2,1,0,0,14,13,1,1,4,1,1,0
29,290707,1,1,2,13,12,17,33,8,0,1,0,29,1,12,481,12481,31,2005,1FTSW21P15EB,1,F,T,S,W,2,1,P,1,5,E,B,0,0,0,000000000,00000000000,0,0,0,1,0,0,0,0,0,0,0,998,0,0,0,98,9,5,8,0,0,0,1,29,63114,6,1,0,0,3,0,73,200,0,0,0,0,0,0,0,0,0,0,99,99,99,99,1,2,10,1,1,2,1,20,3,11,15,1,1,1,13,0,0
29,290708,1,3,1,26,11,20,0,12,2,1,0,29,1,12,402,12402,14,2008,1FMCU02ZX8KB,1,F,M,C,U,0,2,Z,X,8,K,B,0,0,0,000000000,00000000000,0,0,0,1,0,0,0,0,0,0,0,998,0,0,0,12,6,2,12,0,0,0,1,29,63138,6,1,0,0,3,3,73,193,0,0,0,0,0,0,0,0,0,0,39,0,0,0,5,6,35,1,1,1,2,3,3,1,17,1,1,1,83,1,0
29,290708,2,3,1,26,11,20,0,12,2,1,0,29,3,19,22,19022,4,2007,1G6KD57Y67U2,1,G,6,K,D,5,7,Y,6,7,U,2,0,0,0,000000000,00000000000,0,0,0,1,0,0,0,0,0,0,0,998,0,0,0,12,6,2,12,0,0,0,1,29,63043,6,1,0,0,3,3,70,190,0,0,0,0,1,5,2012,5,2012,0,0,0,0,0,5,6,35,1,1,1,2,3,3,11,15,1,1,1,82,0,0
29,290708,3,3,1,26,11,20,0,12,2,1,0,17,1,63,37,63037,6,2013,KNDJT2A64D75,K,N,D,J,T,2,A,6,4,D,7,5,0,0,0,000000000,00000000000,0,0,0,1,0,0,0,0,0,0,0,998,0,0,0,12,4,5,12,0,0,0,1,17,62049,6,1,0,0,3,3,62,231,0,0,0,0,0,0,0,0,0,0,0,0,0,0,5,6,35,1,1,1,2,3,3,11,15,1,1,1,98,0,0
29,290709,1,1,1,22,11,20,5,39,0,1,0,29,1,12,402,12402,14,2004,1FMYU92104KA,1,F,M,Y,U,9,2,1,0,4,K,A,0,0,0,000000000,00000000000,0,0,0,1,0,0,0,0,0,0,0,998,0,0,0,12,6,2,39,0,0,0,1,29,63109,6,1,0,0,3,3,69,150,0,0,0,0,0,0,0,0,0,0,0,0,0,0,1,6,25,1,5,2,2,0,0,1,13,1,1,4,1,1,1
29,290710,1,1,2,20,12,14,0,32,0,1,0,29,1,21,441,21441,20,1998,1GHDX03EXWD1,1,G,H,D,X,0,3,E,X,W,D,1,0,0,0,000000000,00000000000,0,0,0,1,0,0,0,0,0,0,0,998,0,1,5,14,6,2,1,0,0,0,1,29,64747,6,1,0,0,3,0,66,290,0,0,0,0,0,0,0,0,0,0,58,0,0,0,1,2,55,4,6,2,1,0,0,14,12,6,4,4,7,1,0
29,290711,1,1,2,26,11,9,47,8,0,1,0,29,1,12,23,12023,4,2014,3FA6P0RU5ER2,3,F,A,6,P,0,R,U,5,E,R,2,0,0,0,000000000,00000000000,0,0,0,1,0,0,0,0,0,0,0,998,0,0,0,1,6,2,8,0,0,0,1,29,65550,6,1,0,0,3,3,72,230,0,0,0,0,0,0,0,0,0,0,87,0,0,0,1,2,98,4,8,2,3,0,0,14,80,99,9,1,13,0,0
29,290712,1,2,1,26,10,15,30,12,2,1,0,29,1,37,705,37705,80,2006,JH2RD06086K4,J,H,2,R,D,0,6,0,8,6,K,4,0,0,0,000000000,00000000000,0,0,0,1,0,0,0,0,0,0,0,998,0,0,0,12,6,2,12,0,0,0,1,29,63126,6,1,0,0,3,0,73,175,1,0,0,0,0,6,2012,6,2012,3,39,0,0,0,5,5,30,1,1,2,1,3,3,1,17,99,1,1,69,1,0
29,290712,2,2,1,26,10,15,30,12,2,1,0,29,3,12,402,12402,14,2013,1FMCU0GX8DUC,1,F,M,C,U,0,G,X,8,D,U,C,0,0,0,000000000,00000000000,0,0,0,1,0,0,0,0,0,0,0,998,0,0,0,12,6,2,12,0,0,0,1,6,91307,6,1,0,0,3,0,66,125,0,0,0,0,0,0,0,0,0,0,0,0,0,0,5,5,30,1,1,2,1,3,3,11,15,99,1,1,68,0,0
29,290713,1,1,2,19,12,15,30,34,0,1,0,5,1,14,21,14021,4,2009,3MEHM08139R6,3,M,E,H,M,0,8,1,3,9,R,6,0,0,0,000000000,00000000000,0,0,0,1,0,0,0,0,0,0,0,998,0,2,5,12,6,2,1,0,0,0,1,5,72396,6,1,0,0,3,0,72,147,0,0,0,0,0,0,0,0,0,0,58,0,0,0,1,2,65,3,5,1,1,0,0,14,13,6,3,4,2,1,0
29,290714,1,2,1,17,12,10,0,12,6,1,0,29,1,49,472,49472,30,2000,4TANL42N4YZ6,4,T,A,N,L,4,2,N,4,Y,Z,6,0,0,0,000000000,00000000000,0,0,0,1,0,0,0,0,0,0,0,998,0,1,5,3,6,2,12,0,0,0,1,29,63013,6,1,0,0,3,0,67,160,0,0,0,1,0,1,2014,1,2014,0,38,0,0,0,2,2,60,1,1,2,1,0,0,1,17,1,1,1,87,1,0
29,290714,2,2,1,17,12,10,0,12,6,1,0,29,1,6,43,6043,4,2008,1C3LC46K58N1,1,C,3,L,C,4,6,K,5,8,N,1,0,0,0,000000000,00000000000,0,0,0,1,0,0,0,0,0,0,0,998,0,0,0,12,6,2,12,0,0,0,1,29,63090,6,1,0,0,3,0,65,185,0,0,0,0,1,10,2012,10,2012,0,0,0,0,0,2,2,60,1,1,2,1,0,0,1,66,1,1,1,86,0,0
30,300001,1,1,3,3,1,10,28,1,0,1,0,30,1,14,17,14017,4,1991,1MECM50U5MG6,1,M,E,C,M,5,0,U,5,M,G,6,0,0,0,000000000,00000000000,0,0,0,1,0,0,0,0,0,0,0,998,0,1,5,0,6,2,1,0,0,0,1,30,59701,6,1,0,0,3,0,64,152,98,0,0,0,0,0,0,0,0,3,39,36,58,0,2,2,75,1,6,2,1,0,0,1,13,7,3,4,2,1,0