STATE,ST_CASE,VEH_NO,VE_FORMS,NUMOCCS,DAY,MONTH,HOUR,MINUTE,HARM_EV,MAN_COLL,UNITTYPE,HIT_RUN,REG_STAT,OWNER,MAKE,MODEL,MAK_MOD,BODY_TYP,MOD_YEAR,VIN,VIN_1,VIN_2,VIN_3,VIN_4,VIN_5,VIN_6,VIN_7,VIN_8,VIN_9,VIN_10,VIN_11,VIN_12,TOW_VEH,J_KNIFE,MCARR_I1,MCARR_I2,MCARR_ID,GVWR,V_CONFIG,CARGO_BT,HAZ_INV,HAZ_PLAC,HAZ_ID,HAZ_CNO,HAZ_REL,BUS_USE,SPEC_USE,EMER_USE,TRAV_SP,UNDERIDE,ROLLOVER,ROLINLOC,IMPACT1,DEFORMED,TOWED,M_HARM,VEH_SC1,VEH_SC2,FIRE_EXP,DR_PRES,L_STATE,DR_ZIP,L_STATUS,L_TYPE,CDL_STAT,L_ENDORS,L_COMPL,L_RESTRI,DR_HGT,DR_WGT,PREV_ACC,PREV_SUS,PREV_DWI,PREV_SPD,PREV_OTH,FIRST_MO,FIRST_YR,LAST_MO,LAST_YR,SPEEDREL,DR_SF1,DR_SF2,DR_SF3,DR_SF4,VTRAFWAY,VNUM_LAN,VSPD_LIM,VALIGN,VPROFILE,VPAVETYP,VSURCOND,VTRAFCON,VTCONT_F,P_CRASH1,P_CRASH2,P_CRASH3,PCRASH4,PCRASH5,ACC_TYPE,DEATHS,DR_DRINK
30,300143,1,1,1,17,10,21,30,8,0,1,0,30,2,12,23,12023,4,2010,3FAHP0HA4AR1,3,F,A,H,P,0,H,A,4,A,R,1,0,0,0,000000000,00000000000,0,0,0,1,0,0,0,0,0,0,0,998,0,0,0,12,6,2,8,0,0,0,1,30,59022,6,1,6,0,3,1,66,168,98,0,0,2,0,3,2012,8,2013,0,86,0,0,0,1,2,55,1,5,2,1,0,0,1,80,1,1,1,13,0,0
30,300144,1,1,1,18,10,20,37,1,0,1,0,30,2,12,473,12473,30,2002,1FMZU74E92ZC,1,F,M,Z,U,7,4,E,9,2,Z,C,0,0,0,000000000,00000000000,0,0,0,1,0,0,0,0,0,0,0,998,0,1,5,0,6,2,1,0,0,0,1,53,99141,1,1,0,0,2,2,72,180,0,1,0,0,0,11,2011,11,2011,0,58,74,0,0,1,2,50,3,5,2,1,29,3,14,13,6,4,4,7,1,1
30,300145,1,1,1,20,10,1,2,31,0,1,0,30,2,23,421,23421,15,2003,1GKEK13Z23J3,1,G,K,E,K,1,3,Z,2,3,J,3,0,0,0,000000000,00000000000,0,0,0,1,0,0,0,0,0,0,0,85,0,1,1,3,6,2,1,0,0,0,1,30,59460,6,1,6,0,3,0,67,180,98,0,0,0,1,11,2013,11,2013,3,39,58,0,0,1,2,65,2,6,2,1,0,0,14,13,8,4,4,98,1,1
30,300146,1,2,2,21,10,17,5,12,2,1,0,30,1,7,442,7442,20,1990,2B4FK5530LR6,2,B,4,F,K,5,5,3,0,L,R,6,0,0,0,000000000,00000000000,0,0,0,1,0,0,0,0,0,0,0,998,0,0,0,12,6,2,12,0,0,0,1,19,50211,6,1,0,0,3,0,56,100,1,0,0,0,0,9,2013,9,2013,0,28,0,0,0,1,2,70,1,4,2,1,0,0,1,10,1,1,2,50,1,0
30,300146,2,2,1,21,10,17,5,12,2,1,0,38,3,12,481,12481,31,2013,1FTFW1EFXDFC,1,F,T,F,W,1,E,F,X,D,F,C,0,0,0,000000000,00000000000,0,0,0,1,0,0,0,0,0,0,0,998,0,1,5,12,6,2,12,0,0,0,1,38,58382,6,1,0,0,3,1,75,195,0,0,0,0,0,0,0,0,0,0,0,0,0,0,1,2,70,1,4,2,1,0,0,1,62,1,1,1,51,0,0
30,300147,1,1,2,26,10,6,7,1,0,1,0,30,2,7,482,7482,31,2006,1D7HU18236J2,1,D,7,H,U,1,8,2,3,6,J,2,0,0,0,000000000,00000000000,0,0,0,1,0,0,0,0,0,0,0,998,0,1,5,0,6,2,1,0,0,0,1,30,59427,6,1,0,0,3,1,68,160,98,0,0,1,0,12,2012,12,2012,3,36,0,0,0,1,2,65,1,1,2,1,0,0,1,12,6,4,4,7,1,1
30,300148,1,1,1,28,10,1,30,34,0,1,0,30,2,12,442,12442,20,1999,2FMZA514XXBC,2,F,M,Z,A,5,1,4,X,X,B,C,0,0,0,000000000,00000000000,0,0,0,1,0,0,0,0,0,0,0,998,0,1,5,11,6,2,1,0,0,0,1,30,59844,1,1,0,0,2,2,72,210,98,1,0,0,1,12,2013,12,2013,0,58,74,0,0,1,2,65,3,1,2,2,0,0,14,13,7,3,4,2,1,1
30,300149,1,2,1,21,10,7,39,12,6,1,0,30,1,20,481,20481,31,2013,1GC1KXC88DF1,1,G,C,1,K,X,C,8,8,D,F,1,0,0,0,000000000,00000000000,0,0,0,1,0,0,0,0,0,0,0,998,0,0,0,12,6,2,12,0,0,0,1,30,59634,6,1,0,0,3,1,71,185,98,0,0,0,0,0,0,0,0,0,0,0,0,0,3,4,35,1,2,2,1,3,3,1,62,1,1,1,69,0,0
30,300149,2,2,1,21,10,7,39,12,6,1,0,30,1,49,46,49046,4,2005,JTDKB20UX531,J,T,D,K,B,2,0,U,X,5,3,1,0,0,0,000000000,00000000000,0,0,0,1,0,0,0,0,0,0,0,998,0,0,0,3,6,2,12,0,0,0,1,30,59601,6,1,0,0,3,1,64,152,98,0,0,0,0,0,0,0,0,0,6,38,0,0,3,4,35,1,2,2,1,3,3,11,54,1,1,2,68,1,0
30,300150,1,3,1,30,10,8,56,24,0,1,0,30,2,12,481,12481,31,1992,1FTEF14H1NKA,1,F,T,E,F,1,4,H,1,N,K,A,0,0,0,000000000,00000000000,0,0,0,1,0,0,0,0,0,0,0,998,0,0,0,11,6,2,12,0,0,0,1,30,59901,6,1,6,0,3,0,67,235,98,0,0,0,0,0,0,0,0,0,58,0,0,0,1,2,55,1,5,2,1,0,0,1,13,1,1,4,1,1,0
30,300150,2,3,1,30,10,8,56,24,0,1,0,30,1,2,422,2422,15,2014,1C4RJFAG7EC5,1,C,4,R,J,F,A,G,7,E,C,5,0,0,0,000000000,00000000000,0,0,0,1,0,0,0,0,0,0,0,998,0,1,5,12,6,2,12,0,0,0,1,30,59932,6,1,0,0,3,1,66,180,98,0,0,0,0,0,0,0,0,0,0,0,0,0,1,2,55,1,6,2,1,0,0,1,62,1,1,1,98,1,0
30,300150,3,3,1,30,10,8,56,24,0,1,0,30,3,48,401,48401,14,2015,JF2SJGDC5FH4,J,F,2,S,J,G,D,C,5,F,H,4,0,0,0,000000000,00000000000,0,0,0,1,0,0,0,0,0,0,0,998,0,0,0,12,6,2,12,0,0,0,1,30,59911,6,1,0,0,3,1,66,140,98,0,0,0,0,0,0,0,0,0,0,0,0,0,1,2,55,1,6,2,1,0,0,1,54,99,1,1,98,0,0
30,300151,1,1,1,19,9,17,0,18,0,1,0,38,1,23,431,23431,16,1995,1GKFK16K8SJ7,1,G,K,F,K,1,6,K,8,S,J,7,0,0,0,000000000,00000000000,0,0,0,1,0,0,0,0,0,0,0,998,0,9,6,12,6,2,1,0,0,0,1,56,82901,6,1,6,0,3,0,72,285,1,0,0,1,2,2,2012,4,2013,0,99,99,99,99,1,2,70,1,1,2,11,0,0,1,14,1,1,4,14,1,0
30,300152,1,1,2,31,10,2,30,1,0,1,0,48,1,35,401,35401,14,1999,JN8AR05S1XW2,J,N,8,A,R,0,5,S,1,X,W,2,0,0,0,000000000,00000000000,0,0,0,1,0,0,0,0,0,0,0,998,0,1,1,0,6,2,1,0,0,0,1,48,77590,1,1,0,0,2,2,999,999,0,2,0,0,1,2,2014,7,2014,3,36,58,74,0,6,1,75,2,5,2,1,0,0,14,18,6,4,1,98,1,1
30,300153,1,1,1,31,10,0,1,1,0,1,0,53,1,20,403,20403,14,2006,1GNDT13S3621,1,G,N,D,T,1,3,S,3,6,2,1,0,0,0,000000000,00000000000,0,0,0,1,0,0,0,0,0,0,0,998,0,1,5,0,6,2,1,0,0,0,1,53,99101,6,1,0,0,3,0,66,140,0,0,0,2,1,5,2012,9,2013,0,6,58,0,0,1,2,65,1,6,2,1,0,0,1,12,7,3,4,7,1,1
30,300154,1,1,1,4,11,23,35,33,0,1,0,30,2,72,706,72706,80,1994,1HD1CAP13RY2,1,H,D,1,C,A,P,1,3,R,Y,2,0,0,0,000000000,00000000000,0,0,0,1,0,0,0,0,0,0,0,998,0,0,0,12,6,2,33,0,0,0,1,30,59102,6,1,0,0,3,1,70,205,98,0,0,0,0,0,0,0,0,0,0,0,0,0,1,2,35,2,1,2,1,0,0,14,12,1,1,4,6,1,1
30,300155,1,1,2,8,11,17,45,38,0,1,0,30,2,12,481,12481,31,1996,1FTHF26H4TLB,1,F,T,H,F,2,6,H,4,T,L,B,0,0,0,000000000,00000000000,0,0,0,1,0,0,0,0,0,0,0,998,0,9,5,12,6,2,1,0,0,0,1,30,59225,6,1,0,0,3,1,73,170,98,0,0,0,1,10,2014,10,2014,0,6,0,0,0,1,2,65,3,1,4,11,40,3,14,13,1,1,4,1,1,1
30,300156,1,1,1,9,11,15,15,43,0,1,0,30,1,53,734,53734,90,2011,5SAAR41P6B71,5,S,A,A,R,4,1,P,6,B,7,1,0,0,0,000000000,00000000000,0,0,0,1,0,0,0,0,0,0,0,999,0,1,6,14,6,2,1,0,0,0,1,30,59837,6,1,0,0,3,1,70,190,98,0,0,0,0,0,0,0,0,0,0,0,0,0,1,2,25,1,6,2,2,0,0,1,13,1,1,4,1,1,0
30,300157,1,2,1,10,11,16,24,12,6,1,0,30,1,85,881,85881,62,1999,1NKWLB9X7XR8,1,N,K,W,L,B,9,X,7,X,R,8,1,1,57,107908800,57107908800,2,4,10,1,0,0,0,0,0,0,0,998,0,0,0,12,6,2,12,0,0,0,1,30,59917,6,1,6,1,3,0,71,195,98,0,0,0,0,0,0,0,0,0,0,0,0,0,1,2,60,1,1,2,1,0,0,1,67,1,1,1,83,0,0
30,300157,2,2,1,10,11,16,24,12,6,1,0,30,2,37,31,37031,4,2004,JHMES95654S0,J,H,M,E,S,9,5,6,5,4,S,0,0,0,0,000000000,00000000000,0,0,0,1,0,0,0,0,0,0,0,998,0,0,0,9,6,2,12,0,0,0,1,30,59937,6,1,0,0,3,1,63,117,98,0,0,0,0,0,0,0,0,0,38,0,0,0,1,2,35,1,1,2,1,20,3,11,66,1,1,1,82,1,0
30,300158,1,1,2,13,11,0,45,33,0,1,0,30,1,20,481,20481,31,2014,1GCVKREH3EZ2,1,G,C,V,K,R,E,H,3,E,Z,2,0,0,0,000000000,00000000000,0,0,0,1,0,0,0,0,0,0,0,998,0,0,0,14,6,2,14,0,0,0,1,30,59105,6,1,0,0,3,1,71,189,98,0,0,0,3,12,2011,10,2013,5,39,0,0,0,3,2,35,3,2,2,1,0,0,14,13,1,9,4,98,1,1
30,300159,1,2,2,15,11,8,18,12,1,1,0,30,2,48,34,48034,6,1996,4S3BK4355T73,4,S,3,B,K,4,3,5,5,T,7,3,0,0,0,000000000,00000000000,0,0,0,1,0,0,0,0,0,0,0,99,0,0,0,12,6,2,23,0,0,0,1,30,59804,6,1,0,0,3,0,77,265,98,0,0,0,0,0,0,0,0,0,36,35,39,58,1,2,35,1,1,2,1,0,0,6,51,1,1,2,24,1,0
30,300159,2,2,1,15,11,8,18,12,1,1,0,30,1,2,403,2403,14,1993,1J4GZ58S2PC1,1,J,4,G,Z,5,8,S,2,P,C,1,0,0,0,000000000,00000000000,0,0,0,1,0,0,0,0,0,0,0,998,0,0,0,6,6,2,12,0,0,0,1,30,59801,6,1,0,0,3,0,66,135,98,0,0,1,1,4,2012,4,2012,0,0,0,0,0,1,2,35,1,1,2,1,0,0,1,60,1,1,1,25,0,0
30,300160,1,2,2,1,11,17,5,12,6,1,0,30,1,24,1,24001,4,1996,1G8ZG5288TZ2,1,G,8,Z,G,5,2,8,8,T,Z,2,0,0,0,000000000,00000000000,0,0,0,1,0,0,0,0,0,0,0,998,0,0,0,12,6,2,12,0,0,0,1,30,59802,6,1,0,0,3,0,69,175,98,0,0,0,0,0,0,0,0,0,0,0,0,0,5,5,55,1,1,2,2,0,0,1,67,1,1,1,83,0,0
30,300160,2,2,2,1,11,17,5,12,6,1,0,30,1,49,43,49043,4,2009,4T1BK36B49U3,4,T,1,B,K,3,6,B,4,9,U,3,0,0,0,000000000,00000000000,0,0,0,1,0,0,0,0,0,0,0,998,0,0,0,8,6,2,12,0,0,0,1,30,59808,6,1,0,0,3,1,71,200,98,0,0,0,0,0,0,0,0,0,38,0,0,0,1,2,35,3,1,2,2,20,3,11,15,1,1,2,82,1,0
30,300161,1,1,1,17,11,16,8,24,0,1,0,30,1,35,401,35401,14,2007,5N1AR18W07C6,5,N,1,A,R,1,8,W,0,7,C,6,0,0,0,000000000,00000000000,0,0,0,1,0,0,0,0,0,0,0,998,0,0,0,62,6,2,35,0,0,0,1,30,59856,6,1,0,0,3,0,69,175,98,0,0,0,0,0,0,0,0,0,58,0,0,0,1,2,70,2,1,2,1,0,0,14,12,7,9,4,6,1,1
30,300162,1,1,1,11,11,13,40,38,0,1,0,56,1,20,481,20481,31,2004,1GCHK23124F1,1,G,C,H,K,2,3,1,2,4,F,1,0,0,0,000000000,00000000000,0,0,0,1,0,0,0,0,0,0,0,998,0,0,0,8,6,2,38,0,0,0,1,30,59102,6,1,2,0,2,1,74,230,98,0,0,0,0,0,0,0,0,4,87,0,0,0,2,2,75,1,1,2,4,0,0,1,13,1,3,4,2,1,0
30,300163,1,1,1,17,11,15,45,8,0,1,0,30,1,7,481,7481,31,1988,1B7FD04Y2JS6,1,B,7,F,D,0,4,Y,2,J,S,6,0,0,0,000000000,00000000000,0,0,0,1,0,0,0,0,0,0,0,998,0,0,0,12,0,3,8,0,0,0,1,30,59102,6,1,0,0,3,1,71,227,98,0,0,0,0,0,0,0,0,0,38,0,0,0,1,2,35,1,1,2,1,0,0,11,80,1,1,2,13,0,0
30,300164,1,1,1,22,11,4,27,1,0,1,0,30,2,7,482,7482,31,2009,3D7KS28T49G5,3,D,7,K,S,2,8,T,4,9,G,5,0,0,0,000000000,00000000000,0,0,0,1,0,0,0,0,0,0,0,998,0,1,5,0,6,2,1,0,0,0,1,30,59043,6,1,0,0,3,1,70,160,98,0,0,0,0,0,0,0,0,0,0,0,0,0,1,2,65,2,1,2,1,0,0,14,12,7,3,4,6,1,1
30,300165,1,2,2,26,11,11,0,12,6,1,0,30,1,7,41,7041,4,2000,2B3HD46R0YH1,2,B,3,H,D,4,6,R,0,Y,H,1,0,0,0,000000000,00000000000,0,0,0,1,0,0,0,0,0,0,0,998,0,0,0,5,6,2,12,0,0,0,1,30,59923,6,1,0,0,3,0,68,185,98,0,0,0,0,0,0,0,0,4,28,87,0,0,1,2,70,2,1,2,3,0,0,14,6,99,4,2,64,1,0
30,300165,2,2,2,26,11,11,0,12,6,1,0,30,2,7,482,7482,31,2009,3D7KS28L69G5,3,D,7,K,S,2,8,L,6,9,G,5,0,0,0,000000000,00000000000,0,0,0,1,0,0,0,0,0,0,0,998,0,0,0,12,6,2,12,0,0,0,1,53,99037,6,1,0,0,3,0,64,250,0,0,0,0,0,0,0,0,0,0,0,0,0,0,1,2,70,3,1,2,3,0,0,14,62,1,1,1,65,0,0
30,300166,1,1,3,23,11,23,33,1,0,1,0,4,2,20,481,20481,31,2008,1GCHK29K28E1,1,G,C,H,K,2,9,K,2,8,E,1,0,0,0,000000000,00000000000,0,0,0,1,0,0,0,0,0,0,0,998,0,1,3,0,6,2,1,0,0,0,1,4,85232,6,1,0,0,3,0,71,155,0,0,0,0,0,0,0,0,0,4,58,0,0,0,2,2,75,1,1,2,4,0,0,1,12,7,4,4,7,1,0
30,300167,1,2,1,3,12,10,58,12,2,1,0,30,2,49,442,49442,20,2000,4T3ZF13C1YU2,4,T,3,Z,F,1,3,C,1,Y,U,2,0,0,0,000000000,00000000000,0,0,0,1,0,0,0,0,0,0,0,998,0,0,0,12,6,2,12,0,0,0,1,30,59635,6,1,0,0,3,1,64,246,98,0,0,0,0,0,0,0,0,0,99,99,99,99,5,3,45,1,1,2,1,0,0,1,10,1,1,4,50,1,0
30,300167,2,2,1,3,12,10,58,12,2,1,0,30,1,20,481,20481,31,2007,2GCEK19C6716,2,G,C,E,K,1,9,C,6,7,1,6,0,0,0,000000000,00000000000,0,0,0,1,0,0,0,0,0,0,0,998,0,0,0,12,6,2,12,0,0,0,1,30,59602,6,1,0,0,3,0,74,280,98,0,0,0,0,0,0,0,0,0,0,0,0,0,5,3,45,1,1,2,1,0,0,1,62,9,1,4,51,0,0
30,300168,1,2,1,4,12,16,40,12,6,1,0,30,1,49,471,49471,31,1994,JT4RN13P3R60,J,T,4,R,N,1,3,P,3,R,6,0,0,0,0,000000000,00000000000,0,0,0,1,0,0,0,0,0,0,0,998,0,0,0,3,6,2,12,0,0,0,1,30,59937,6,1,0,0,3,1,69,140,98,0,0,0,0,0,0,0,0,4,87,58,0,0,1,2,65,2,4,2,4,0,0,14,10,7,4,2,64,1,0
30,300168,2,2,1,4,12,16,40,12,6,1,0,30,1,20,404,20404,14,2010,2CNFLEEWXA63,2,C,N,F,L,E,E,W,X,A,6,3,0,0,0,000000000,00000000000,0,0,0,1,0,0,0,0,0,0,0,998,0,0,0,12,6,2,12,0,0,0,1,30,59911,6,1,0,0,3,1,74,260,98,0,0,0,0,0,0,0,0,0,0,0,0,0,1,2,65,3,4,2,3,0,0,14,62,1,1,1,65,0,0
30,300169,1,1,1,19,11,19,19,1,0,1,0,30,2,20,421,20421,15,1997,1GNDT13W4V22,1,G,N,D,T,1,3,W,4,V,2,2,0,0,0,000000000,00000000000,0,0,0,1,0,0,0,0,0,0,0,998,0,1,1,0,6,2,1,0,0,0,1,30,59022,0,0,0,0,0,0,999,999,99,99,99,99,99,99,9999,99,9999,0,6,0,0,0,2,2,75,1,1,2,1,0,0,1,12,7,4,6,98,1,1
30,300170,1,1,1,14,12,11,25,34,0,1,0,30,1,20,37,20037,4,1998,1G1ND52T0W62,1,G,1,N,D,5,2,T,0,W,6,2,0,0,0,000000000,00000000000,0,0,0,1,0,0,0,0,0,0,0,998,0,1,5,1,6,2,1,0,0,0,1,30,59066,6,1,0,0,3,1,67,110,98,0,0,0,0,0,0,0,0,0,58,0,0,0,1,2,70,1,1,2,2,0,0,1,12,99,4,4,7,1,0
30,300171,1,1,1,13,12,20,0,25,0,1,0,30,1,12,481,12481,31,1987,1FTCF15N9HKB,1,F,T,C,F,1,5,N,9,H,K,B,1,3,0,000000000,00000000000,0,0,0,1,0,0,0,0,0,0,0,998,0,1,5,7,6,2,1,0,0,0,1,30,59401,6,1,0,0,3,1,74,230,98,0,0,0,0,0,0,0,0,4,79,0,0,0,1,2,65,2,1,2,4,0,0,14,13,1,5,4,98,1,0
30,300172,1,1,1,17,12,3,50,33,0,1,0,30,1,20,421,20421,15,2009,1GNFK33009R1,1,G,N,F,K,3,3,0,0,9,R,1,0,0,0,000000000,00000000000,0,0,0,1,0,0,0,0,0,0,0,95,0,1,5,99,6,2,1,0,0,0,1,30,59405,2,1,0,0,2,2,72,210,98,1,1,3,0,2,2012,4,2014,3,36,58,74,0,3,2,55,2,1,2,1,0,0,6,10,7,4,4,7,1,1
30,300173,1,1,1,19,12,12,19,31,0,1,0,30,1,12,481,12481,31,2004,1FTNX20P64EC,1,F,T,N,X,2,0,P,6,4,E,C,0,0,0,000000000,00000000000,0,0,0,1,0,0,0,0,0,0,0,998,0,1,5,12,6,2,1,0,0,0,1,30,59404,1,1,0,0,2,2,73,280,98,3,0,0,1,3,2012,7,2014,0,6,74,0,0,1,2,70,1,5,2,1,0,0,1,13,1,1,4,1,1,0
30,300174,1,2,1,7,12,19,40,12,6,1,0,30,1,49,482,49482,31,2013,5TFUY5F17DX2,5,T,F,U,Y,5,F,1,7,D,X,2,0,0,0,000000000,00000000000,0,0,0,1,0,0,0,0,0,0,0,998,0,0,0,12,6,2,12,0,0,0,1,30,59008,6,1,0,0,3,1,69,258,98,0,0,0,0,0,0,0,0,0,0,0,0,0,1,2,65,3,1,2,1,0,0,14,55,1,1,1,69,1,0
30,300174,2,2,1,7,12,19,40,12,6,1,0,31,4,82,881,82881,66,2015,3ALXFB000FDG,3,A,L,X,F,B,0,0,0,F,D,G,2,1,57,260341000,57260341000,3,7,4,1,0,0,0,0,0,0,0,998,0,0,0,5,6,2,12,0,0,0,1,30,59014,6,1,6,1,3,0,72,200,98,0,0,0,0,0,0,0,0,0,0,0,0,0,1,2,65,2,1,2,1,29,3,11,54,1,1,2,68,0,0
30,300175,1,1,3,19,12,19,44,35,0,1,0,30,1,20,403,20403,14,2004,1GNDT13S8421,1,G,N,D,T,1,3,S,8,4,2,1,0,0,0,000000000,00000000000,0,0,0,1,0,0,0,0,0,0,0,75,0,1,5,61,6,2,35,0,0,0,1,30,59937,6,1,0,0,3,1,70,120,98,0,0,2,0,8,2012,6,2014,4,79,0,0,0,1,2,45,1,1,2,4,0,0,6,12,1,3,4,7,1,0
30,300176,1,1,1,21,12,99,99,38,0,1,0,30,1,49,43,49043,4,1996,4T1BF12B6TU0,4,T,1,B,F,1,2,B,6,T,U,0,0,0,0,000000000,00000000000,0,0,0,1,0,0,0,0,0,0,0,998,0,1,6,12,6,2,34,0,0,0,1,30,59829,6,1,6,0,3,1,67,170,98,0,0,0,0,0,0,0,0,0,99,99,99,99,1,3,98,1,5,2,99,0,0,1,12,1,9,4,6,1,1
31,310001,1,2,1,3,1,13,40,12,6,1,0,31,1,49,40,49040,4,2000,JT2BG22K3Y04,J,T,2,B,G,2,2,K,3,Y,0,4,0,0,0,000000000,00000000000,0,0,0,1,0,0,0,0,0,0,0,998,1,0,0,12,6,2,12,0,0,0,1,31,68506,6,1,6,0,3,0,70,175,0,0,0,0,0,0,0,0,0,3,39,0,0,0,1,2,55,1,1,2,1,20,3,1,17,1,1,1,86,1,1
31,310001,2,2,1,3,1,13,40,12,6,1,0,19,3,87,881,87881,66,2006,1XP5DU9X16D6,1,X,P,5,D,U,9,X,1,6,D,6,1,1,57,1844485,571844485,3,6,1,1,0,0,0,0,0,0,0,998,0,0,0,3,4,3,12,0,0,0,1,19,50849,6,1,6,0,3,0,999,999,0,0,0,0,0,0,0,0,0,0,0,0,0,0,1,2,55,1,1,2,1,0,0,1,55,1,1,1,87,0,0
31,310002,1,1,1,10,1,1,54,1,0,1,0,31,1,7,482,7482,31,2004,1D7HU18D24S5,1,D,7,H,U,1,8,D,2,4,S,5,0,0,0,000000000,00000000000,0,0,0,1,0,0,0,0,0,0,0,998,0,9,1,0,6,2,1,0,0,0,1,31,68718,6,1,0,0,3,0,71,200,0,0,0,0,0,0,0,0,0,9,99,99,99,99,1,2,55,1,1,1,1,0,0,1,9,4,9,1,98,1,1
31,310003,1,1,1,15,1,18,1,8,0,1,0,55,3,85,881,85881,66,2011,1XKAD49X2BJ2,1,X,K,A,D,4,9,X,2,B,J,2,1,1,57,256594,57256594,3,6,8,1,0,0,0,0,0,0,0,998,0,0,0,12,0,3,8,0,0,0,1,55,54446,6,1,6,0,3,0,999,999,0,0,0,0,0,0,0,0,0,0,0,0,0,0,1,6,55,1,2,1,1,0,0,1,80,1,1,1,13,0,0
31,310004,1,1,1,18,1,99,99,1,0,1,0,31,1,12,442,12442,20,2001,2FMZA51461BB,2,F,M,Z,A,5,1,4,6,1,B,B,0,0,0,000000000,00000000000,0,0,0,1,0,0,0,0,0,0,0,998,0,2,5,0,6,2,1,0,0,0,1,31,68017,3,1,0,0,2,0,68,145,0,0,0,0,0,0,0,0,0,0,0,0,0,0,1,2,50,1,2,4,1,0,0,1,13,1,1,4,1,1,1
31,310005,1,1,4,19,1,2,30,35,0,1,0,31,2,20,481,20481,31,2002,2GCEK19T5212,2,G,C,E,K,1,9,T,5,2,1,2,0,0,0,000000000,00000000000,0,0,0,1,0,0,0,0,0,0,0,998,0,2,5,11,6,2,1,0,0,0,1,31,68030,6,1,0,0,3,3,77,280,0,0,0,3,0,2,2012,8,2013,0,0,0,0,0,1,2,50,2,1,4,1,0,0,14,13,1,1,4,1,1,1
31,310006,1,2,5,19,1,0,39,12,6,1,0,31,2,14,17,14017,4,1998,1MEFM50U5WG6,1,M,E,F,M,5,0,U,5,W,G,6,0,0,0,000000000,00000000000,0,0,0,1,0,0,0,0,0,0,0,998,0,0,0,12,6,2,12,0,0,0,1,31,68131,6,1,0,0,3,0,65,150,0,0,0,0,0,0,0,0,0,0,36,39,0,0,1,4,25,2,2,2,1,20,3,14,17,1,1,1,88,0,0
31,310006,2,2,1,19,1,0,39,12,6,1,0,31,1,2,404,2404,14,2001,1J4GW48S91C5,1,J,4,G,W,4,8,S,9,1,C,5,0,0,0,000000000,00000000000,0,0,0,1,0,0,0,0,0,0,0,998,0,1,5,11,6,2,12,0,0,0,1,31,68111,6,1,0,0,3,0,72,205,0,0,0,0,0,0,0,0,0,0,0,0,0,0,1,4,25,2,2,2,1,20,3,14,55,1,1,1,89,1,0
31,310007,1,1,1,19,1,99,99,1,0,1,0,31,1,37,402,37402,14,2010,3CZRE3H52AG7,3,C,Z,R,E,3,H,5,2,A,G,7,0,0,0,000000000,00000000000,0,0,0,1,0,0,0,0,0,0,0,998,0,2,5,0,6,2,1,0,0,0,1,31,68876,6,1,0,0,3,3,62,128,0,2,2,0,0,12,2012,10,2013,0,0,0,0,0,1,2,50,1,1,4,1,0,0,1,13,1,1,4,1,1,1
31,310008,1,2,1,20,1,6,4,12,1,1,0,19,1,18,20,18020,4,1996,2G4WB52K6T14,2,G,4,W,B,5,2,K,6,T,1,4,0,0,0,000000000,00000000000,0,0,0,1,0,0,0,0,0,0,0,998,0,0,0,6,6,2,12,0,0,0,1,19,50313,6,1,0,0,3,0,999,999,0,0,0,0,0,0,0,0,0,0,0,0,0,0,3,6,60,1,1,1,1,0,0,1,61,1,1,1,32,1,0
31,310008,2,2,1,20,1,6,4,12,1,1,0,19,1,37,421,37421,15,2007,2HKYF18457H5,2,H,K,Y,F,1,8,4,5,7,H,5,0,0,0,000000000,00000000000,0,0,0,1,0,0,0,0,0,0,0,998,0,0,0,12,6,2,12,0,0,0,1,19,51503,6,1,0,0,3,0,999,999,0,0,0,0,0,0,0,0,0,0,27,0,0,0,3,6,60,1,1,1,1,0,0,15,11,1,1,2,32,0,0
31,310009,1,3,1,28,1,17,31,12,6,1,0,31,1,18,7,18007,4,2001,2G4WS52J3111,2,G,4,W,S,5,2,J,3,1,1,1,0,0,0,000000000,00000000000,0,0,0,1,0,0,0,0,0,0,0,998,0,0,0,11,6,2,12,0,0,0,1,31,68507,6,1,0,0,3,3,62,224,0,0,0,0,0,0,0,0,0,0,28,0,0,0,2,4,40,1,2,1,1,0,0,1,10,1,1,2,64,1,0
31,310009,2,3,1,28,1,17,31,12,6,1,0,31,1,55,402,55402,14,2006,KM8JM12B46U4,K,M,8,J,M,1,2,B,4,6,U,4,0,0,0,000000000,00000000000,0,0,0,1,0,0,0,0,0,0,0,998,0,0,0,7,6,2,12,0,0,0,1,31,68521,6,1,0,0,3,3,68,140,0,0,0,0,0,0,0,0,0,0,0,0,0,0,2,4,40,1,2,1,1,0,0,1,62,1,1,1,65,0,0
31,310009,3,3,2,28,1,17,31,12,6,1,0,31,1,19,14,19014,4,2000,1G6KY5494YU1,1,G,6,K,Y,5,4,9,4,Y,U,1,0,0,0,000000000,00000000000,0,0,0,1,0,0,0,0,0,0,0,998,0,0,0,12,6,2,12,0,0,0,1,31,68434,6,1,0,0,3,0,73,240,0,0,0,0,0,0,0,0,0,0,0,0,0,0,2,4,40,1,2,1,1,0,0,1,62,1,1,1,98,0,0