STATE,ST_CASE,VEH_NO,VE_FORMS,NUMOCCS,DAY,MONTH,HOUR,MINUTE,HARM_EV,MAN_COLL,UNITTYPE,HIT_RUN,REG_STAT,OWNER,MAKE,MODEL,MAK_MOD,BODY_TYP,MOD_YEAR,VIN,VIN_1,VIN_2,VIN_3,VIN_4,VIN_5,VIN_6,VIN_7,VIN_8,VIN_9,VIN_10,VIN_11,VIN_12,TOW_VEH,J_KNIFE,MCARR_I1,MCARR_I2,MCARR_ID,GVWR,V_CONFIG,CARGO_BT,HAZ_INV,HAZ_PLAC,HAZ_ID,HAZ_CNO,HAZ_REL,BUS_USE,SPEC_USE,EMER_USE,TRAV_SP,UNDERIDE,ROLLOVER,ROLINLOC,IMPACT1,DEFORMED,TOWED,M_HARM,VEH_SC1,VEH_SC2,FIRE_EXP,DR_PRES,L_STATE,DR_ZIP,L_STATUS,L_TYPE,CDL_STAT,L_ENDORS,L_COMPL,L_RESTRI,DR_HGT,DR_WGT,PREV_ACC,PREV_SUS,PREV_DWI,PREV_SPD,PREV_OTH,FIRST_MO,FIRST_YR,LAST_MO,LAST_YR,SPEEDREL,DR_SF1,DR_SF2,DR_SF3,DR_SF4,VTRAFWAY,VNUM_LAN,VSPD_LIM,VALIGN,VPROFILE,VPAVETYP,VSURCOND,VTRAFCON,VTCONT_F,P_CRASH1,P_CRASH2,P_CRASH3,PCRASH4,PCRASH5,ACC_TYPE,DEATHS,DR_DRINK
31,310049,1,2,1,27,3,12,20,12,6,1,0,31,2,23,422,23422,15,2004,1GKEK13Z94R2,1,G,K,E,K,1,3,Z,9,4,R,2,0,0,0,000000000,00000000000,0,0,0,1,0,0,0,0,0,0,0,998,0,0,0,12,6,2,12,0,0,0,1,31,68030,6,1,0,0,3,0,66,175,0,0,0,0,0,0,0,0,0,0,0,0,0,0,1,4,60,1,1,1,2,0,0,1,55,1,1,1,88,0,0
31,310049,2,2,1,27,3,12,20,12,6,1,0,31,1,12,17,12017,4,1999,1FAFP53U2XA2,1,F,A,F,P,5,3,U,2,X,A,2,0,0,0,000000000,00000000000,0,0,0,1,0,0,0,0,0,0,0,998,0,0,0,9,6,2,12,0,0,0,1,31,68731,6,1,0,0,3,3,65,170,1,0,0,0,1,8,2012,9,2012,0,38,0,0,0,1,2,25,1,1,1,2,20,3,1,17,1,1,1,89,1,0
31,310051,1,3,2,20,5,9,16,12,6,1,0,31,1,12,402,12402,14,2009,1FMCU03G09KC,1,F,M,C,U,0,3,G,0,9,K,C,0,0,0,000000000,00000000000,0,0,0,1,0,0,0,0,0,0,0,998,0,0,0,9,6,2,2,0,0,1,1,31,68701,6,1,0,0,3,3,62,106,0,0,0,0,0,0,0,0,0,0,39,0,0,0,1,2,60,1,1,2,1,20,3,1,17,1,1,1,89,2,0
31,310051,2,3,1,20,5,9,16,12,6,1,0,31,3,82,881,82881,66,2000,1FUYDCYB3YDF,1,F,U,Y,D,C,Y,B,3,Y,D,F,1,3,57,2428895,572428895,3,6,8,1,0,0,0,0,0,0,0,998,0,1,9,12,6,2,12,0,0,1,1,31,68025,6,1,6,0,3,0,68,200,0,0,0,0,1,3,2012,3,2012,0,0,0,0,0,1,2,60,1,1,2,1,0,0,1,66,99,9,1,88,0,0
31,310051,3,3,1,20,5,9,16,12,6,1,0,19,3,85,881,85881,66,2007,1XKAD49X77R1,1,X,K,A,D,4,9,X,7,7,R,1,1,1,57,582902,57582902,3,6,2,1,0,0,0,0,0,0,0,998,0,0,0,12,6,2,2,0,0,1,1,19,50446,6,1,6,1,3,0,72,200,0,0,0,0,0,0,0,0,0,0,0,0,0,0,1,2,60,1,1,2,1,0,0,1,62,99,9,1,98,1,0
31,310052,1,1,1,29,5,99,99,8,0,1,1,31,1,23,481,23481,31,2002,2GTEK19T6211,2,G,T,E,K,1,9,T,6,2,1,1,0,0,0,000000000,00000000000,0,0,0,1,0,0,0,0,0,0,0,998,0,0,0,12,2,5,8,0,0,0,1,31,68419,6,1,3,0,3,0,71,225,0,0,0,0,0,0,0,0,0,0,28,0,0,0,1,2,50,1,1,4,1,0,0,1,80,99,9,2,13,0,1
31,310053,1,2,1,30,5,0,21,12,6,1,0,31,1,12,481,12481,31,2006,1FTSX21PX6EB,1,F,T,S,X,2,1,P,X,6,E,B,0,0,0,000000000,00000000000,0,0,0,1,0,0,0,0,0,0,0,998,0,0,0,12,6,2,12,0,0,0,1,31,68025,6,1,6,0,3,0,72,150,0,0,0,0,0,0,0,0,0,9,28,0,0,0,1,2,55,1,1,2,1,0,0,1,10,99,1,2,64,0,1
31,310053,2,2,1,30,5,0,21,12,6,1,0,31,1,72,706,72706,80,2012,1HD1JNV15CB0,1,H,D,1,J,N,V,1,5,C,B,0,0,0,0,000000000,00000000000,0,0,0,1,0,0,0,0,0,0,0,998,0,0,0,9,6,2,12,0,0,0,1,31,68116,6,1,0,0,3,0,70,170,0,0,0,0,0,0,0,0,0,0,0,0,0,0,1,2,55,1,1,2,1,0,0,1,62,99,1,1,65,1,1
31,310054,1,1,1,25,5,1,30,1,0,1,0,12,1,35,472,35472,30,2005,1N6BD06TX5C4,1,N,6,B,D,0,6,T,X,5,C,4,0,0,0,000000000,00000000000,0,0,0,1,0,0,0,0,0,0,0,998,0,1,3,0,6,2,1,0,0,0,1,12,32526,6,1,0,0,3,0,70,999,0,0,0,0,0,0,0,0,0,9,36,0,0,0,2,2,75,1,1,2,2,0,0,1,12,99,3,4,6,1,1
31,310055,1,2,2,28,5,14,30,12,6,1,0,31,2,2,405,2405,14,2004,1J4GL38K44W1,1,J,4,G,L,3,8,K,4,4,W,1,0,0,0,000000000,00000000000,0,0,0,1,0,0,0,0,0,0,0,998,0,0,0,9,6,2,12,0,0,0,1,31,68642,6,1,0,0,3,0,67,160,0,0,0,0,0,0,0,0,0,9,39,0,0,0,1,2,50,1,1,2,1,20,3,1,17,1,1,1,89,1,0
31,310055,2,2,1,28,5,14,30,12,6,1,0,31,1,49,53,49053,5,2013,4T3BA3BB7DU0,4,T,3,B,A,3,B,B,7,D,U,0,0,0,0,000000000,00000000000,0,0,0,1,0,0,0,0,0,0,0,998,0,0,0,12,6,2,12,0,0,0,1,31,68647,6,1,0,0,3,0,65,180,0,0,0,0,0,0,0,0,0,0,0,0,0,0,1,2,55,1,8,8,1,0,0,1,66,7,1,1,88,0,0
31,310056,1,1,4,29,3,0,11,1,0,1,0,31,2,20,403,20403,14,2004,1GNDS13S6423,1,G,N,D,S,1,3,S,6,4,2,3,0,0,0,000000000,00000000000,0,0,0,1,0,0,0,0,0,0,0,998,0,2,3,0,6,2,1,0,0,0,1,31,68104,6,1,0,0,3,3,68,285,0,0,0,0,0,0,0,0,0,0,0,0,0,0,3,4,55,2,1,2,1,0,0,14,12,9,4,4,7,1,1
31,310057,1,2,2,16,5,12,45,12,6,1,0,31,2,12,23,12023,4,2011,3FAHP0JA1BR2,3,F,A,H,P,0,J,A,1,B,R,2,0,0,0,000000000,00000000000,0,0,0,1,0,0,0,0,0,0,0,998,0,0,0,9,6,2,12,0,0,0,1,31,68123,6,1,0,0,3,0,68,120,1,0,0,1,0,9,2012,11,2012,0,38,0,0,0,2,1,60,2,1,2,1,20,3,11,15,1,1,1,82,1,0
31,310057,2,2,1,16,5,12,45,12,6,1,0,31,3,82,881,82881,66,1999,1FUYDDYBXXPA,1,F,U,Y,D,D,Y,B,X,X,P,A,1,1,57,2028716,572028716,3,6,99,1,0,0,0,0,0,0,0,998,0,0,0,12,6,2,12,0,0,0,1,31,68041,6,1,6,0,3,3,71,305,0,0,0,0,0,0,0,0,0,0,0,0,0,0,1,2,60,3,8,8,1,0,0,14,67,99,1,1,83,0,0
31,310058,1,1,1,23,5,5,17,59,0,1,0,31,1,12,471,12471,30,2000,1FTZR15X5YPB,1,F,T,Z,R,1,5,X,5,Y,P,B,0,0,0,000000000,00000000000,0,0,0,1,0,0,0,0,0,0,0,998,0,1,5,98,6,2,1,0,0,0,1,31,68803,6,1,0,0,3,3,69,250,0,1,1,0,0,8,2012,9,2012,3,0,0,0,0,1,2,35,1,1,1,1,0,0,1,12,99,9,4,7,1,1
31,310059,1,1,1,30,3,16,17,35,0,1,0,31,1,37,705,37705,80,2004,JH2SC57114M0,J,H,2,S,C,5,7,1,1,4,M,0,0,0,0,000000000,00000000000,0,0,0,1,0,0,0,0,0,0,0,998,0,0,0,12,6,2,35,0,0,0,1,31,68521,2,1,0,0,2,0,75,230,0,1,0,0,1,6,2013,6,2013,3,36,0,0,0,1,2,35,3,1,1,1,0,0,14,13,1,1,4,1,1,0
31,310060,1,1,1,31,3,2,30,31,0,1,0,31,2,20,471,20471,30,2000,1GCCS19W4Y81,1,G,C,C,S,1,9,W,4,Y,8,1,0,0,0,000000000,00000000000,0,0,0,1,0,0,0,0,0,0,0,998,0,0,0,12,6,2,35,0,0,0,1,31,68031,6,1,0,0,3,3,67,130,0,0,0,0,0,0,0,0,0,0,0,0,0,0,1,2,50,1,1,4,1,40,3,1,14,1,1,4,14,1,1
31,310061,1,2,2,9,5,4,2,12,6,1,0,31,1,20,481,20481,31,2005,1GCEK19B55E2,1,G,C,E,K,1,9,B,5,5,E,2,0,0,0,000000000,00000000000,0,0,0,1,0,0,0,0,0,0,0,998,3,0,0,12,6,2,12,0,0,0,1,31,68521,6,1,0,0,3,0,69,165,1,1,1,0,0,3,2012,9,2012,0,39,0,0,0,1,2,55,1,8,8,1,20,3,1,19,1,1,1,99,2,1
31,310061,2,2,1,9,5,4,2,12,6,1,0,31,1,87,881,87881,66,2001,1XP5DU9X91D5,1,X,P,5,D,U,9,X,9,1,D,5,1,1,57,132702,57132702,3,6,97,1,0,0,0,0,0,0,0,998,0,0,0,8,4,3,12,0,0,0,1,31,68521,6,1,6,0,3,3,71,240,0,0,0,0,0,0,0,0,0,0,0,0,0,0,1,2,60,1,1,2,1,0,0,1,68,1,1,1,99,0,0
31,310062,1,1,1,5,5,23,18,34,0,1,0,31,1,20,481,20481,31,2000,1GCEK19T5YE3,1,G,C,E,K,1,9,T,5,Y,E,3,0,0,0,000000000,00000000000,0,0,0,1,0,0,0,0,0,0,0,998,0,1,5,12,6,2,1,0,0,1,1,31,68818,6,1,0,0,3,3,73,170,0,0,0,1,0,2,2013,2,2013,9,99,99,99,99,1,2,50,1,1,4,1,0,0,1,13,99,9,4,5,1,0
31,310063,1,1,2,27,5,19,0,1,0,1,0,31,2,6,43,6043,2,1999,4C3AU52N7XE1,4,C,3,A,U,5,2,N,7,X,E,1,0,0,0,000000000,00000000000,0,0,0,1,0,0,0,0,0,0,0,998,0,9,1,0,6,2,1,0,0,0,1,31,69341,6,2,0,0,3,0,68,120,0,0,0,0,0,0,0,0,0,9,58,0,0,0,1,2,50,1,1,5,1,0,0,1,13,6,4,6,98,1,1
31,310064,1,2,1,25,5,21,40,12,6,1,0,31,1,59,32,59032,4,2010,JTHCL5EF3A50,J,T,H,C,L,5,E,F,3,A,5,0,0,0,0,000000000,00000000000,0,0,0,1,0,0,0,0,0,0,0,998,0,0,0,3,6,2,12,0,0,0,1,31,68154,6,1,0,0,3,3,71,215,0,0,0,0,0,0,0,0,0,0,38,0,0,0,2,3,45,1,2,1,2,3,3,11,15,1,1,1,68,0,0
31,310064,2,2,1,25,5,21,40,12,6,1,0,31,2,73,706,73706,80,2006,JKAVN2B1X6A0,J,K,A,V,N,2,B,1,X,6,A,0,0,0,0,000000000,00000000000,0,0,0,1,0,0,0,0,0,0,0,998,0,0,0,12,6,2,12,0,0,0,1,31,68025,6,1,0,0,3,0,71,200,0,0,0,0,0,0,0,0,0,0,0,0,0,0,2,2,55,1,2,1,2,3,3,1,62,99,9,1,69,1,0
31,310065,1,1,1,28,5,99,99,34,0,1,0,31,2,41,50,41050,4,2006,1YVHP80D565M,1,Y,V,H,P,8,0,D,5,6,5,M,0,0,0,000000000,00000000000,0,0,0,1,0,0,0,0,0,0,0,998,0,1,5,1,6,2,1,0,0,0,1,31,68982,6,1,0,0,3,0,999,999,0,0,0,0,0,0,0,0,0,0,58,0,0,0,1,2,60,1,2,2,1,0,0,1,13,6,4,4,7,1,1
31,310066,1,2,1,8,5,14,0,12,6,1,0,31,1,23,481,23481,31,1990,1GTHK34N3LE5,1,G,T,H,K,3,4,N,3,L,E,5,0,0,0,000000000,00000000000,0,0,0,1,0,0,0,0,0,0,0,998,0,0,0,12,2,5,12,0,0,0,1,31,68825,6,1,0,0,3,3,72,245,0,0,0,1,0,12,2012,12,2012,0,0,0,0,0,0,0,0,0,0,0,0,20,3,11,15,1,1,7,76,0,0
31,310066,2,2,1,8,5,14,0,12,6,1,0,31,3,12,481,12481,31,2006,1FTNF21506EA,1,F,T,N,F,2,1,5,0,6,E,A,0,0,0,000000000,00000000000,0,0,0,1,0,0,0,0,0,0,0,998,0,1,5,7,6,2,1,0,0,0,1,31,68825,6,1,6,0,3,3,67,240,0,0,0,0,0,0,0,0,0,0,0,0,0,0,1,2,55,1,1,2,1,0,0,1,70,99,1,1,77,1,0
31,310067,1,1,3,8,6,8,24,14,0,1,0,17,3,20,443,20443,20,2004,1GNDU03E24D2,1,G,N,D,U,0,3,E,2,4,D,2,0,0,0,000000000,00000000000,0,0,0,1,0,0,0,0,0,0,0,998,0,0,0,12,6,2,14,0,0,0,1,17,60644,6,1,0,0,3,0,999,999,0,0,0,0,0,0,0,0,0,9,99,99,99,99,2,2,75,1,1,1,1,0,0,1,13,99,3,4,1,2,0
31,310068,1,1,1,24,6,19,30,10,0,1,0,0,0,98,998,98998,92,1974,000000000000,0,0,0,0,0,0,0,0,0,0,0,0,0,0,0,000000000,00000000000,0,0,0,1,0,0,0,0,0,0,0,998,0,0,0,9,6,2,10,0,0,0,1,31,68071,6,1,0,0,3,3,68,200,0,0,0,0,0,0,0,0,0,0,99,99,99,99,1,2,98,1,5,4,1,65,3,1,90,1,1,1,15,1,0
31,310069,1,1,1,13,6,20,10,34,0,1,0,31,1,12,481,12481,31,1997,1FTDX1767VKC,1,F,T,D,X,1,7,6,7,V,K,C,0,0,0,000000000,00000000000,0,0,0,1,0,0,0,0,0,0,0,998,0,0,0,12,6,2,34,0,0,0,1,31,68025,6,1,0,0,3,0,72,210,1,1,0,0,0,4,2013,5,2013,9,28,0,0,0,1,2,50,1,1,2,1,40,3,1,14,1,1,4,14,1,1
31,310070,1,1,1,14,6,0,15,11,0,1,0,31,1,72,706,72706,80,2008,1HD1FR4158Y7,1,H,D,1,F,R,4,1,5,8,Y,7,0,0,0,000000000,00000000000,0,0,0,1,0,0,0,0,0,0,0,998,0,0,0,12,9,3,11,0,0,0,1,31,69125,6,1,6,0,3,0,76,400,0,0,0,0,0,0,0,0,0,9,83,0,0,0,1,2,65,1,1,2,1,0,0,1,87,98,9,1,13,1,0
31,310071,1,1,1,10,6,20,26,10,0,1,0,31,1,12,881,12881,63,1986,1FDYA92W5GVA,1,F,D,Y,A,9,2,W,5,G,V,A,1,1,88,888888888,88888888888,3,4,8,1,0,0,0,0,0,0,0,998,0,0,0,3,6,2,2,0,0,1,1,31,68731,6,1,6,0,3,3,70,205,0,0,0,0,0,0,0,0,0,0,31,0,0,0,1,2,50,1,1,4,1,65,3,1,98,1,1,1,15,1,0
31,310072,1,2,1,10,6,15,46,12,6,1,0,31,1,76,706,76706,80,2005,JYAVP11E25A0,J,Y,A,V,P,1,1,E,2,5,A,0,0,0,0,000000000,00000000000,0,0,0,1,0,0,0,0,0,0,0,998,0,0,0,12,6,2,12,0,0,0,1,31,68434,6,1,6,0,3,3,66,270,0,0,0,0,0,0,0,0,0,0,0,0,0,0,1,2,55,1,6,2,1,0,0,1,66,6,1,2,88,1,0
31,310072,2,2,1,10,6,15,46,12,6,1,0,36,2,20,481,20481,31,2001,1GCCT19W6181,1,G,C,C,T,1,9,W,6,1,8,1,0,0,0,000000000,00000000000,0,0,0,1,0,0,0,0,0,0,0,998,0,0,0,9,6,2,12,0,0,0,1,36,12901,6,1,0,0,3,0,68,999,0,0,0,0,0,0,0,0,0,0,38,0,0,0,6,1,25,1,5,2,1,20,3,1,17,1,1,1,89,0,0
31,310073,1,1,1,1,6,14,10,20,0,1,0,31,1,58,35,58035,4,1996,JNKCA21D8TT0,J,N,K,C,A,2,1,D,8,T,T,0,0,0,0,000000000,00000000000,0,0,0,1,0,0,0,0,0,0,0,998,0,0,0,11,6,2,20,0,0,0,1,31,68105,6,1,0,0,3,0,68,172,0,0,0,0,0,0,0,0,0,0,0,0,0,0,3,2,60,3,5,1,1,0,0,14,10,99,9,4,4,1,0
31,310074,1,1,1,3,4,5,57,1,0,1,0,31,1,12,481,12481,31,2002,1FTRW08L02KA,1,F,T,R,W,0,8,L,0,2,K,A,0,0,0,000000000,00000000000,0,0,0,1,0,0,0,0,0,0,0,998,0,2,5,0,6,2,1,0,0,0,1,31,68333,6,1,0,0,3,0,71,250,0,0,0,0,0,0,0,0,0,0,58,0,0,0,1,2,55,1,2,2,2,0,0,1,9,6,2,4,2,1,1
31,310075,1,1,1,3,6,11,45,1,0,1,0,31,1,20,401,20401,14,1996,1GNDT13W5T21,1,G,N,D,T,1,3,W,5,T,2,1,0,0,0,000000000,00000000000,0,0,0,1,0,0,0,0,0,0,0,998,0,1,2,0,6,2,1,0,0,0,1,31,68901,6,1,3,0,3,3,74,170,0,0,0,0,0,0,0,0,0,9,79,0,0,0,1,2,65,3,1,2,2,40,3,14,5,99,5,4,98,1,1
31,310076,1,2,1,3,6,13,14,12,6,1,0,27,1,86,881,86881,66,2013,1M1AW07Y8DM0,1,M,1,A,W,0,7,Y,8,D,M,0,1,1,57,2457419,572457419,3,6,4,1,0,0,0,0,0,0,0,998,0,0,0,8,2,5,12,0,0,0,1,31,68061,6,1,6,0,3,0,74,245,1,0,0,0,0,8,2013,8,2013,9,99,99,99,99,1,2,65,1,1,8,1,20,3,11,15,1,1,1,82,0,0
31,310076,2,2,2,3,6,13,14,12,6,1,0,31,1,21,21,21021,2,2001,1G3NL12E21C2,1,G,3,N,L,1,2,E,2,1,C,2,0,0,0,000000000,00000000000,0,0,0,1,0,0,0,0,0,0,0,998,9,0,0,12,6,2,12,0,0,0,1,31,68025,6,2,0,0,3,3,66,140,1,0,0,0,0,10,2013,10,2013,9,99,99,99,99,2,2,65,1,1,1,1,0,0,1,67,99,9,1,83,2,0
31,310077,1,2,2,5,6,14,53,12,6,1,0,18,3,51,881,51881,66,2012,4V4NC9TG5CN5,4,V,4,N,C,9,T,G,5,C,N,5,1,1,57,54283,5754283,3,6,1,1,0,0,0,0,0,0,0,998,0,0,0,12,6,2,12,0,0,0,1,98,99999,9,9,99,9,9,9,999,999,99,99,99,99,99,99,9999,99,9999,9,28,0,0,0,2,2,75,1,1,1,1,0,0,1,12,1,1,4,64,0,0
31,310077,2,2,2,5,6,14,53,12,6,1,0,95,1,35,49,35049,6,2009,JN8AZ18WX9W1,J,N,8,A,Z,1,8,W,X,9,W,1,1,1,0,000000000,00000000000,0,0,0,1,0,0,0,0,0,0,0,998,0,1,2,11,6,2,12,0,0,0,1,95,0,9,9,99,9,9,9,999,999,99,99,99,99,99,99,9999,99,9999,0,0,0,0,0,2,2,75,1,1,1,1,0,0,1,62,7,1,4,65,2,0
31,310078,1,2,1,6,6,6,40,12,6,1,0,31,3,84,881,84881,66,2007,2HSCEAPR77C5,2,H,S,C,E,A,P,R,7,7,C,5,1,1,57,705525,57705525,3,6,1,1,0,0,0,0,0,0,0,998,0,0,0,12,6,2,12,0,0,0,1,31,68157,6,1,6,0,3,3,70,214,0,0,0,1,0,1,2013,1,2013,0,0,0,0,0,2,3,65,1,1,1,1,0,0,1,67,99,1,1,83,0,0
31,310078,2,2,1,6,6,6,40,12,6,1,0,31,1,37,32,37032,2,1989,1HGCA618XKA0,1,H,G,C,A,6,1,8,X,K,A,0,0,0,0,000000000,00000000000,0,0,0,1,0,0,0,0,0,0,0,998,0,0,0,9,6,2,12,0,0,0,1,31,68031,6,1,0,0,3,0,72,220,1,0,0,0,1,11,2012,3,2014,9,99,99,99,99,1,2,65,1,1,8,1,20,3,11,15,1,1,1,82,1,0
31,310079,1,1,3,16,6,20,50,1,0,1,0,31,1,20,37,20037,4,2007,1G1ZT58F47F1,1,G,1,Z,T,5,8,F,4,7,F,1,0,0,0,000000000,00000000000,0,0,0,1,0,0,0,0,0,0,0,60,0,1,5,0,6,2,1,0,0,0,1,31,68048,0,0,0,0,0,0,999,999,0,0,0,0,0,0,0,0,0,3,79,36,21,0,1,2,25,1,1,4,1,0,0,1,6,1,4,4,7,1,0
31,310080,1,2,1,18,6,13,35,12,6,1,0,31,1,37,706,37706,80,2001,JH2SC440X1M1,J,H,2,S,C,4,4,0,X,1,M,1,0,0,0,000000000,00000000000,0,0,0,1,0,0,0,0,0,0,0,998,0,0,0,12,6,2,12,0,0,0,1,31,68111,6,1,0,0,3,0,71,190,0,0,0,0,0,0,0,0,0,3,36,28,0,0,1,2,25,2,2,2,1,0,0,14,10,1,1,2,66,1,1
31,310080,2,2,1,18,6,13,35,12,6,1,0,31,1,18,2,18002,4,2002,1G4HR54K42U2,1,G,4,H,R,5,4,K,4,2,U,2,0,0,0,000000000,00000000000,0,0,0,1,0,0,0,0,0,0,0,0,0,0,0,11,4,5,12,0,0,0,1,31,68111,6,1,0,0,3,3,61,250,0,0,0,0,0,0,0,0,0,0,0,0,0,0,1,2,25,3,2,2,1,0,0,5,62,9,1,3,66,0,0
31,310081,1,2,3,21,6,17,58,12,2,1,0,31,1,7,422,7422,15,2012,1C4RDJDGXCC1,1,C,4,R,D,J,D,G,X,C,C,1,0,0,0,000000000,00000000000,0,0,0,1,0,0,0,0,0,0,0,998,0,0,0,12,6,2,12,0,0,0,1,31,68863,6,1,0,0,3,3,70,188,0,0,0,0,0,0,0,0,0,9,28,0,0,0,1,2,60,1,1,2,1,0,0,1,10,99,9,2,50,0,0
31,310081,2,2,1,21,6,17,58,12,2,1,0,31,2,6,441,6441,20,2002,2C4GP74L92R7,2,C,4,G,P,7,4,L,9,2,R,7,0,0,0,000000000,00000000000,0,0,0,1,0,0,0,0,0,0,0,998,0,0,0,12,6,2,12,0,0,0,1,31,68949,6,1,0,0,3,3,64,175,0,0,0,0,0,0,0,0,0,9,99,99,99,99,1,2,60,1,1,2,1,0,0,1,62,99,9,1,51,1,0
31,310082,1,1,1,22,6,19,4,1,0,1,0,31,1,20,481,20481,31,2000,1GCGK24UXYE1,1,G,C,G,K,2,4,U,X,Y,E,1,0,0,0,000000000,00000000000,0,0,0,1,0,0,0,0,0,0,0,998,0,1,5,0,6,2,1,0,0,0,1,31,69132,6,1,0,0,3,3,61,170,0,0,0,0,0,0,0,0,0,9,58,0,0,0,1,2,60,1,2,2,1,0,0,1,13,7,5,4,2,1,1
31,310083,1,1,1,24,6,17,1,25,0,1,0,31,2,76,705,76705,80,2001,JYARJ04E11A0,J,Y,A,R,J,0,4,E,1,1,A,0,0,0,0,000000000,00000000000,0,0,0,1,0,0,0,0,0,0,0,998,0,0,0,12,6,2,25,0,0,0,1,31,68522,6,1,0,0,3,3,70,145,2,0,0,0,0,12,2013,6,2014,9,28,0,0,0,3,2,98,2,2,1,1,0,0,14,10,99,9,4,6,1,0
31,310084,1,1,2,25,6,23,50,1,0,1,0,31,1,2,403,2403,14,2005,1J4FA69S25P3,1,J,4,F,A,6,9,S,2,5,P,3,0,0,0,000000000,00000000000,0,0,0,1,0,0,0,0,0,0,0,998,0,1,5,0,6,2,1,0,0,0,1,31,68133,6,1,0,0,3,0,68,185,0,0,0,0,0,0,0,0,0,9,0,0,0,0,1,2,65,2,1,2,2,0,0,14,12,99,9,4,10,1,1
31,310085,1,2,2,22,6,14,40,12,6,1,0,48,2,20,421,20421,15,2002,1GNEC13Z22R3,1,G,N,E,C,1,3,Z,2,2,R,3,0,0,0,000000000,00000000000,0,0,0,1,0,0,0,0,0,0,0,998,0,0,0,12,6,2,12,0,0,0,1,48,77429,6,1,0,0,3,0,999,999,0,0,0,0,0,0,0,0,0,0,0,0,0,0,2,3,65,1,1,1,1,0,0,1,62,1,1,1,69,0,0
31,310085,2,2,1,22,6,14,40,12,6,1,0,31,1,12,17,12017,4,2005,1FAFP562X5A2,1,F,A,F,P,5,6,2,X,5,A,2,0,0,0,000000000,00000000000,0,0,0,1,0,0,0,0,0,0,0,998,0,0,0,3,6,2,12,0,0,0,1,31,68436,6,1,0,0,3,3,60,155,0,0,0,0,0,0,0,0,0,0,38,0,0,0,2,3,65,1,1,1,1,0,0,11,15,1,1,1,68,1,0
31,310086,1,2,2,22,6,16,34,8,0,1,1,31,1,35,47,35047,4,1996,1N4BU31D0TC1,1,N,4,B,U,3,1,D,0,T,C,1,0,0,0,000000000,00000000000,0,0,0,1,0,0,0,0,0,0,0,998,0,0,0,12,4,3,8,0,0,0,1,31,68107,0,0,0,0,0,0,999,999,0,0,0,0,0,0,0,0,0,9,39,91,0,0,5,5,35,1,1,2,1,3,3,1,80,99,1,1,13,0,1
31,310086,2,2,1,22,6,16,34,8,0,1,0,31,4,12,461,12461,21,2006,1FDXE45S66HA,1,F,D,X,E,4,5,S,6,6,H,A,0,0,0,000000000,00000000000,0,0,0,1,0,0,0,0,0,0,0,998,0,0,0,12,4,3,54,0,0,0,1,19,51555,6,1,0,0,3,0,999,999,0,0,0,0,0,0,0,0,0,0,0,0,0,0,1,3,35,1,1,2,1,3,3,11,66,99,1,1,98,0,0
31,310087,1,2,1,23,6,0,3,12,2,1,1,31,1,13,401,13401,14,2004,5LMEU88H64ZJ,5,L,M,E,U,8,8,H,6,4,Z,J,0,0,0,000000000,00000000000,0,0,0,1,0,0,0,0,0,0,0,998,0,0,0,12,4,5,12,0,0,0,1,31,68138,6,1,0,0,3,0,66,190,0,0,0,2,1,11,2012,10,2013,9,36,51,91,0,3,3,50,2,5,1,1,0,0,14,54,99,9,1,52,0,1
31,310087,2,2,1,23,6,0,3,12,2,1,0,31,1,73,706,73706,80,2004,JKAZXCC154A0,J,K,A,Z,X,C,C,1,5,4,A,0,0,0,0,000000000,00000000000,0,0,0,1,0,0,0,0,0,0,0,998,0,0,0,12,6,2,12,0,0,0,1,31,68117,6,1,0,0,3,3,73,235,1,0,0,1,0,6,2012,2,2014,0,0,0,0,0,3,3,50,3,6,1,1,0,0,14,54,99,9,1,52,1,0
31,310088,1,2,1,23,6,17,35,12,6,1,0,31,2,19,3,19003,4,1996,1G6KD52Y5TU2,1,G,6,K,D,5,2,Y,5,T,U,2,0,0,0,000000000,00000000000,0,0,0,1,0,0,0,0,0,0,0,998,0,0,0,1,6,2,12,0,0,0,1,31,69358,6,1,0,0,3,0,71,220,0,0,0,0,0,0,0,0,0,9,38,0,0,0,1,2,50,1,1,4,1,0,0,1,17,99,9,1,90,0,0
31,310088,2,2,1,23,6,17,35,12,6,1,0,31,3,7,482,7482,31,2012,3C6LD5BT7CG1,3,C,6,L,D,5,B,T,7,C,G,1,0,0,0,000000000,00000000000,0,0,0,1,0,0,0,0,0,0,0,998,0,0,0,11,6,2,12,0,0,0,1,31,69358,6,1,0,0,3,0,71,220,0,0,0,0,0,0,0,0,0,9,0,0,0,0,1,2,50,1,1,4,1,0,0,1,17,99,9,1,90,1,0
31,310089,1,1,1,5,4,99,99,1,0,1,0,31,1,12,471,12471,30,1986,1FTCR11T3GUB,1,F,T,C,R,1,1,T,3,G,U,B,0,0,0,000000000,00000000000,0,0,0,1,0,0,0,0,0,0,0,998,0,2,1,0,6,2,1,0,0,0,1,31,69021,6,2,0,0,3,0,73,215,0,0,0,0,0,0,0,0,0,4,58,0,0,0,1,2,60,1,1,2,1,0,0,1,13,8,2,6,98,1,0