STATE,ST_CASE,VEH_NO,VE_FORMS,NUMOCCS,DAY,MONTH,HOUR,MINUTE,HARM_EV,MAN_COLL,UNITTYPE,HIT_RUN,REG_STAT,OWNER,MAKE,MODEL,MAK_MOD,BODY_TYP,MOD_YEAR,VIN,VIN_1,VIN_2,VIN_3,VIN_4,VIN_5,VIN_6,VIN_7,VIN_8,VIN_9,VIN_10,VIN_11,VIN_12,TOW_VEH,J_KNIFE,MCARR_I1,MCARR_I2,MCARR_ID,GVWR,V_CONFIG,CARGO_BT,HAZ_INV,HAZ_PLAC,HAZ_ID,HAZ_CNO,HAZ_REL,BUS_USE,SPEC_USE,EMER_USE,TRAV_SP,UNDERIDE,ROLLOVER,ROLINLOC,IMPACT1,DEFORMED,TOWED,M_HARM,VEH_SC1,VEH_SC2,FIRE_EXP,DR_PRES,L_STATE,DR_ZIP,L_STATUS,L_TYPE,CDL_STAT,L_ENDORS,L_COMPL,L_RESTRI,DR_HGT,DR_WGT,PREV_ACC,PREV_SUS,PREV_DWI,PREV_SPD,PREV_OTH,FIRST_MO,FIRST_YR,LAST_MO,LAST_YR,SPEEDREL,DR_SF1,DR_SF2,DR_SF3,DR_SF4,VTRAFWAY,VNUM_LAN,VSPD_LIM,VALIGN,VPROFILE,VPAVETYP,VSURCOND,VTRAFCON,VTCONT_F,P_CRASH1,P_CRASH2,P_CRASH3,PCRASH4,PCRASH5,ACC_TYPE,DEATHS,DR_DRINK
31,310090,1,2,1,5,4,17,3,12,6,1,0,38,3,86,881,86881,66,2011,1M1AW02Y4BM0,1,M,1,A,W,0,2,Y,4,B,M,0,1,1,57,827622,57827622,3,6,3,1,0,0,0,0,0,0,0,998,0,0,0,11,6,2,12,0,0,0,1,8,80813,6,1,6,0,3,0,999,999,0,0,0,0,0,0,0,0,0,0,0,0,0,0,1,2,60,1,1,2,1,0,0,1,62,7,1,1,64,0,0
31,310090,2,2,1,5,4,17,3,12,6,1,0,31,2,12,481,12481,31,1997,1FTEX18L0VKD,1,F,T,E,X,1,8,L,0,V,K,D,0,0,0,000000000,00000000000,0,0,0,1,0,0,0,0,0,0,0,998,0,1,1,12,6,2,12,0,0,0,1,31,68801,6,1,3,0,3,0,69,243,1,0,0,0,0,7,2013,7,2013,0,28,0,0,0,1,2,60,1,1,2,1,0,0,1,10,1,1,2,65,1,0
31,310091,1,1,1,12,4,12,1,42,0,1,0,31,1,73,706,73706,80,2011,JKALEEC13BDA,J,K,A,L,E,E,C,1,3,B,D,A,0,0,0,000000000,00000000000,0,0,0,1,0,0,0,0,0,0,0,998,0,0,0,12,6,2,42,0,0,0,1,31,68005,6,1,0,0,3,0,70,190,0,0,0,1,1,5,2013,8,2013,0,28,0,0,0,1,2,45,1,1,2,1,0,0,1,12,1,1,4,6,1,0
31,310092,1,1,1,13,4,21,45,24,0,1,0,31,1,6,442,6442,20,2000,2C4GJ2538YR6,2,C,4,G,J,2,5,3,8,Y,R,6,0,0,0,000000000,00000000000,0,0,0,1,0,0,0,0,0,0,0,998,0,0,0,1,6,2,24,0,0,0,1,31,68810,6,1,0,0,3,0,67,155,0,1,2,0,0,4,2011,12,2011,4,0,0,0,0,1,2,45,3,2,1,3,0,0,14,12,6,2,4,2,1,1
31,310093,1,2,2,13,4,15,15,12,6,1,0,31,1,12,471,12471,30,2004,1FTYR14U14PB,1,F,T,Y,R,1,4,U,1,4,P,B,0,0,0,000000000,00000000000,0,0,0,1,0,0,0,0,0,0,0,998,0,1,1,3,6,2,12,0,0,0,1,31,68733,6,1,3,0,3,3,64,135,0,0,0,0,0,0,0,0,0,0,87,28,0,0,1,2,60,1,2,2,10,0,0,1,5,1,4,2,64,2,0
31,310093,2,2,1,13,4,15,15,12,6,1,0,31,1,18,24,18024,6,2008,5GAEV23748J2,5,G,A,E,V,2,3,7,4,8,J,2,0,0,0,000000000,00000000000,0,0,0,1,0,0,0,0,0,0,0,998,0,0,0,12,6,2,12,0,0,0,1,31,68701,6,1,0,0,3,0,68,190,0,0,0,3,0,4,2012,9,2012,0,0,0,0,0,1,2,60,1,2,2,10,0,0,1,62,1,1,1,65,0,0
31,310094,1,2,1,13,4,11,40,12,6,1,0,31,1,18,2,18002,4,1998,1G4HR52K5WH5,1,G,4,H,R,5,2,K,5,W,H,5,0,0,0,000000000,00000000000,0,0,0,1,0,0,0,0,0,0,0,998,0,0,0,9,6,2,12,0,0,0,1,31,68949,6,1,0,0,3,0,68,205,0,0,0,0,0,0,0,0,0,0,87,28,0,0,1,2,65,1,1,2,10,0,0,1,5,1,5,2,64,1,0
31,310094,2,2,1,13,4,11,40,12,6,1,0,31,1,20,471,20471,30,2000,1GCCS1955YK2,1,G,C,C,S,1,9,5,5,Y,K,2,0,0,0,000000000,00000000000,0,0,0,1,0,0,0,0,0,0,0,998,0,0,0,12,4,3,12,0,0,0,1,20,67661,6,1,0,0,3,0,999,999,0,0,0,0,0,0,0,0,0,0,0,0,0,0,1,2,65,1,1,2,10,0,0,1,62,1,1,1,65,0,0
31,310095,1,1,3,14,4,3,25,34,0,1,0,31,2,2,403,2403,14,2002,1J4GW48S42C1,1,J,4,G,W,4,8,S,4,2,C,1,0,0,0,000000000,00000000000,0,0,0,1,0,0,0,0,0,0,0,60,0,0,0,11,6,2,34,0,0,0,1,31,68516,6,1,0,0,3,0,71,185,0,0,0,2,0,4,2012,7,2013,4,0,0,0,0,1,2,55,2,1,2,4,0,0,14,5,1,4,4,7,1,0
31,310096,1,2,1,17,4,10,37,12,6,1,0,31,1,55,35,55035,4,1999,KMHJF25F2XU8,K,M,H,J,F,2,5,F,2,X,U,8,0,0,0,000000000,00000000000,0,0,0,1,0,0,0,0,0,0,0,998,0,0,0,11,6,2,12,0,0,0,1,31,68038,6,1,3,0,3,3,75,268,0,0,0,0,0,0,0,0,0,0,28,0,0,0,1,2,60,1,1,1,1,0,0,1,10,1,1,2,64,1,0
31,310096,2,2,1,17,4,10,37,12,6,1,0,31,1,20,404,20404,14,2010,2CNALDEW5A64,2,C,N,A,L,D,E,W,5,A,6,4,0,0,0,000000000,00000000000,0,0,0,1,0,0,0,0,0,0,0,998,0,0,0,11,6,2,12,0,0,0,1,31,68601,6,1,0,0,3,0,75,260,0,0,0,0,0,0,0,0,0,0,0,0,0,0,1,2,60,1,1,1,1,0,0,1,62,7,1,1,65,0,0
31,310097,1,2,3,20,4,5,50,12,6,1,0,19,1,37,31,37031,4,2003,JHMES96683S0,J,H,M,E,S,9,6,6,8,3,S,0,0,0,0,000000000,00000000000,0,0,0,1,0,0,0,0,0,0,0,998,0,1,3,9,6,2,1,0,0,0,1,19,51031,6,1,0,0,3,0,999,999,0,0,0,0,0,0,0,0,0,0,99,99,99,99,3,4,75,1,1,1,1,0,0,98,13,8,3,6,47,1,0
31,310097,2,2,1,20,4,5,50,12,6,1,0,17,3,87,881,87881,66,2008,1XPXD49X78D7,1,X,P,X,D,4,9,X,7,8,D,7,1,1,57,241572,57241572,3,6,3,1,0,0,0,0,0,0,0,64,0,0,0,1,2,5,12,0,0,0,1,12,32234,6,1,6,0,3,0,999,999,0,0,0,0,0,0,0,0,0,0,0,0,0,0,3,4,75,1,1,1,1,0,0,1,51,1,1,1,45,0,0
31,310098,1,1,1,22,4,1,7,42,0,1,0,31,2,20,421,20421,15,1995,1GNDT13W5S21,1,G,N,D,T,1,3,W,5,S,2,1,0,0,0,000000000,00000000000,0,0,0,1,0,0,0,0,0,0,0,998,0,0,0,9,6,2,42,0,0,0,1,31,68114,6,1,0,0,3,0,76,210,1,1,0,0,0,8,2012,8,2012,3,0,0,0,0,1,3,40,1,2,1,1,0,0,1,13,1,1,4,1,1,1
31,310099,1,1,2,26,4,17,20,1,0,1,0,31,2,59,401,59401,14,2000,JT6GF10U9Y00,J,T,6,G,F,1,0,U,9,Y,0,0,0,0,0,000000000,00000000000,0,0,0,1,0,0,0,0,0,0,0,998,0,1,1,0,6,2,1,0,0,0,1,31,68524,0,0,0,0,0,0,999,999,0,0,0,0,0,0,0,0,0,0,80,0,0,0,3,4,75,1,1,1,1,0,0,1,3,1,3,6,98,1,1
31,310100,1,2,1,27,4,16,9,12,6,1,0,31,1,6,51,6051,4,2012,2C3CCACG5CH1,2,C,3,C,C,A,C,G,5,C,H,1,0,0,0,000000000,00000000000,0,0,0,1,0,0,0,0,0,0,0,998,0,0,0,9,6,2,12,0,0,0,1,31,68801,6,1,0,0,3,3,63,185,0,0,0,0,0,0,0,0,0,0,0,0,0,0,1,2,55,1,1,1,1,20,3,11,15,1,1,2,82,0,0
31,310100,2,2,1,27,4,16,9,12,6,1,0,31,1,72,706,72706,80,2006,1HD1CWP426K4,1,H,D,1,C,W,P,4,2,6,K,4,0,0,0,000000000,00000000000,0,0,0,1,0,0,0,0,0,0,0,998,0,0,0,12,6,2,12,0,0,0,1,31,68854,6,1,0,0,3,0,66,150,0,0,0,0,0,0,0,0,0,0,99,99,99,99,1,2,55,1,1,1,1,0,0,1,67,1,1,1,83,1,1
31,310101,1,2,1,28,4,6,8,12,6,1,0,31,1,6,10,6010,4,1979,TP42K9A17632,T,P,4,2,K,9,A,1,7,6,3,2,0,0,0,000000000,00000000000,0,0,0,1,0,0,0,0,0,0,0,998,0,0,0,11,6,2,12,0,0,0,1,31,68134,3,1,0,0,2,3,70,170,0,0,0,0,0,0,0,0,0,0,28,0,0,0,1,2,60,1,1,1,1,0,0,1,10,1,1,2,64,1,0
31,310101,2,2,1,28,4,6,8,12,6,1,0,31,3,86,881,86881,66,2006,1M2AJ07Y56N0,1,M,2,A,J,0,7,Y,5,6,N,0,1,1,57,1631151,571631151,3,6,8,1,0,0,0,0,0,0,0,998,0,1,5,11,6,2,12,0,0,0,1,31,68771,6,1,6,0,3,3,70,160,0,0,0,0,0,0,0,0,0,0,0,0,0,0,1,2,60,1,1,1,1,0,0,1,62,1,1,1,65,0,0
31,310102,1,1,1,17,1,1,0,1,0,1,0,31,2,6,441,6441,20,2006,2A4GP54L36R7,2,A,4,G,P,5,4,L,3,6,R,7,0,0,0,000000000,00000000000,0,0,0,1,0,0,0,0,0,0,0,998,0,2,1,0,6,2,1,0,0,0,1,31,68071,2,1,0,0,2,0,72,175,0,1,0,2,0,2,2012,10,2013,4,58,87,0,0,1,2,55,2,1,2,4,0,0,14,5,8,4,6,98,1,1
31,310103,1,2,1,13,1,14,0,12,6,1,0,31,1,18,23,18023,4,2007,1G4HD57287U1,1,G,4,H,D,5,7,2,8,7,U,1,0,0,0,000000000,00000000000,0,0,0,1,0,0,0,0,0,0,0,998,0,0,0,11,6,2,12,0,0,0,1,31,68467,6,1,0,0,3,3,69,145,0,0,0,0,0,0,0,0,0,0,38,0,0,0,1,4,45,1,1,1,1,0,0,11,15,1,1,2,68,1,0
31,310103,2,2,1,13,1,14,0,12,6,1,0,31,1,37,441,37441,20,2012,5FNRL5H91CB0,5,F,N,R,L,5,H,9,1,C,B,0,0,0,0,000000000,00000000000,0,0,0,1,0,0,0,0,0,0,0,998,0,0,0,11,6,2,12,0,0,0,1,31,68460,6,1,0,0,3,3,68,170,0,0,0,0,0,0,0,0,0,0,0,0,0,0,1,4,45,1,1,1,1,0,0,1,67,1,1,1,69,0,0
31,310104,1,1,9,28,4,6,56,1,0,1,0,31,3,12,423,12423,16,2003,1FMNU43S03EB,1,F,M,N,U,4,3,S,0,3,E,B,0,0,0,000000000,00000000000,0,0,0,1,0,0,0,0,0,0,0,998,0,1,5,0,6,2,1,0,0,0,1,46,57212,6,1,0,0,3,0,999,999,0,0,0,0,0,0,0,0,0,3,80,28,0,0,1,2,60,1,1,1,1,0,0,1,1,1,4,4,7,3,0
31,310105,1,2,1,30,4,0,12,12,6,1,0,31,1,24,7,24007,4,2003,1G8AK52F63Z1,1,G,8,A,K,5,2,F,6,3,Z,1,0,0,0,000000000,00000000000,0,0,0,1,0,0,0,0,0,0,0,998,0,0,0,1,6,2,12,0,0,0,1,31,68701,6,1,0,0,3,0,65,136,0,0,0,0,0,0,0,0,0,0,28,0,0,0,1,2,60,1,2,2,2,0,0,1,10,7,1,2,64,1,1
31,310105,2,2,2,30,4,0,12,12,6,1,0,31,2,20,403,20403,14,2003,1GNDT13SX321,1,G,N,D,T,1,3,S,X,3,2,1,0,0,0,000000000,00000000000,0,0,0,1,0,0,0,0,0,0,0,998,0,0,0,12,6,2,12,0,0,0,1,31,68790,6,1,0,0,3,0,63,142,0,0,0,0,0,0,0,0,0,0,0,0,0,0,1,2,60,1,2,2,2,0,0,1,62,1,1,1,65,0,0
31,310106,1,1,2,2,7,5,45,34,0,1,0,31,2,20,421,20421,15,2000,1GNCT18WXYK2,1,G,N,C,T,1,8,W,X,Y,K,2,0,0,0,000000000,00000000000,0,0,0,1,0,0,0,0,0,0,0,998,0,1,5,1,6,2,1,0,0,0,1,31,69360,2,1,0,0,2,0,999,999,0,0,0,0,0,0,0,0,0,0,36,0,0,0,1,2,50,1,1,4,1,0,0,1,9,1,4,4,7,1,1
31,310107,1,1,1,2,7,22,28,34,0,1,0,8,2,20,443,20443,20,2001,1GNDX03E31D1,1,G,N,D,X,0,3,E,3,1,D,1,0,0,0,000000000,00000000000,0,0,0,1,0,0,0,0,0,0,0,998,0,1,5,7,6,2,1,0,0,0,1,8,80911,6,1,0,0,3,0,999,999,0,0,0,0,0,0,0,0,0,9,99,99,99,99,1,2,60,1,1,2,1,0,0,1,9,6,4,4,7,1,0
31,310108,1,1,2,19,7,22,11,1,0,1,0,31,2,12,471,12471,30,1992,1FTCR10U3NTA,1,F,T,C,R,1,0,U,3,N,T,A,0,0,0,000000000,00000000000,0,0,0,1,0,0,0,0,0,0,0,998,0,2,5,0,6,2,1,0,0,0,1,31,68623,6,7,0,0,3,0,70,160,0,0,0,0,0,0,0,0,0,0,82,0,0,0,1,2,50,1,1,4,11,0,0,1,87,8,3,4,3,1,0
31,310109,1,1,2,10,7,21,19,5,0,1,0,31,0,98,998,98998,95,1979,000000000000,0,0,0,0,0,0,0,0,0,0,0,0,0,0,0,000000000,00000000000,0,0,0,1,0,0,0,0,0,0,0,998,0,0,0,0,0,3,5,0,0,0,1,31,68028,6,1,0,0,3,0,73,210,0,0,0,0,0,0,0,0,0,0,36,58,0,0,1,2,25,1,1,1,1,0,0,10,16,1,1,2,0,1,1
31,310110,1,1,1,25,7,15,38,32,0,1,0,31,1,76,706,76706,80,2005,JYARN13E85A0,J,Y,A,R,N,1,3,E,8,5,A,0,0,0,0,000000000,00000000000,0,0,0,1,0,0,0,0,0,0,0,998,0,0,0,12,6,2,32,0,0,0,1,31,68349,6,1,0,0,3,0,66,130,0,0,0,1,0,6,2013,6,2013,3,0,0,0,0,1,2,50,3,1,1,1,0,0,14,6,1,1,4,1,1,1
31,310111,1,1,1,27,7,17,30,38,0,1,0,31,1,72,706,72706,80,2004,1HD1BJY174Y0,1,H,D,1,B,J,Y,1,7,4,Y,0,0,0,0,000000000,00000000000,0,0,0,1,0,0,0,0,0,0,0,998,0,0,0,12,6,2,2,0,0,1,1,31,68822,6,1,0,0,3,0,70,180,0,0,0,0,0,0,0,0,0,0,28,0,0,0,1,2,55,2,2,2,1,0,0,14,12,1,1,4,6,1,1
31,310112,1,2,1,3,7,20,47,12,6,1,0,31,3,87,881,87881,66,2009,1XPHD49X79D7,1,X,P,H,D,4,9,X,7,9,D,7,1,1,57,2269312,572269312,3,6,3,1,0,0,0,0,0,0,0,998,0,0,0,9,4,3,12,0,0,0,1,31,69040,6,1,6,1,3,3,73,300,0,0,0,2,0,5,2013,8,2013,0,0,0,0,0,1,2,40,1,1,1,1,0,0,11,15,1,1,2,68,0,0
31,310112,2,2,1,3,7,20,47,12,6,1,0,31,1,9,442,9442,20,1993,1P4GH54R4PX6,1,P,4,G,H,5,4,R,4,P,X,6,0,0,0,000000000,00000000000,0,0,0,1,0,0,0,0,0,0,0,998,1,0,0,12,6,2,12,0,0,0,1,31,69153,6,1,3,0,3,3,70,160,0,0,0,0,0,0,0,0,0,3,36,0,0,0,1,2,40,1,1,1,1,0,0,1,66,1,1,1,69,1,1
31,310113,1,1,4,29,7,19,40,1,0,1,0,31,2,20,421,20421,15,1999,1GNDT13W0X21,1,G,N,D,T,1,3,W,0,X,2,1,0,0,0,000000000,00000000000,0,0,0,1,0,0,0,0,0,0,0,998,0,2,3,0,6,2,1,0,0,0,1,31,68801,0,0,0,0,0,0,999,999,0,0,0,0,0,0,0,0,0,0,58,28,0,0,2,4,65,1,1,2,1,0,0,15,12,8,3,4,7,1,0
31,310114,1,1,1,8,8,99,99,34,0,1,0,31,1,20,481,20481,31,2008,1GCEK19JX8Z1,1,G,C,E,K,1,9,J,X,8,Z,1,0,0,0,000000000,00000000000,0,0,0,1,0,0,0,0,0,0,0,998,0,1,5,12,6,2,1,0,0,0,1,31,68436,6,1,0,0,3,3,70,200,0,0,0,0,0,0,0,0,0,0,99,99,99,99,1,2,50,1,1,4,1,0,0,1,12,7,1,4,6,1,0
31,310115,1,1,1,8,8,18,39,58,0,1,0,31,1,49,40,49040,4,1993,4T1SK13E3PU2,4,T,1,S,K,1,3,E,3,P,U,2,0,0,0,000000000,00000000000,0,0,0,1,0,0,0,0,0,0,0,58,0,0,0,12,6,2,42,0,0,0,1,31,69165,6,1,0,0,3,3,65,130,2,0,0,0,0,11,2012,3,2013,3,36,0,0,0,1,2,25,1,1,2,1,0,0,1,6,4,4,4,98,1,1
31,310116,1,2,1,4,8,18,55,12,6,1,0,31,1,12,17,12017,4,1997,1FALP52U1VA3,1,F,A,L,P,5,2,U,1,V,A,3,0,0,0,000000000,00000000000,0,0,0,1,0,0,0,0,0,0,0,998,0,0,0,4,6,2,12,0,0,0,1,31,68046,6,1,0,0,3,0,68,155,0,0,0,2,0,12,2013,6,2014,0,38,0,0,0,2,6,40,1,1,1,1,3,3,11,15,1,1,2,68,0,0
31,310116,2,2,1,4,8,18,55,12,6,1,0,31,1,37,706,37706,80,2012,JH2PC4001CK5,J,H,2,P,C,4,0,0,1,C,K,5,0,0,0,000000000,00000000000,0,0,0,1,0,0,0,0,0,0,0,55,0,0,0,12,6,2,12,0,0,0,1,31,68506,6,1,0,0,3,0,63,150,0,0,0,2,0,2,2012,11,2012,3,0,0,0,0,2,6,40,1,1,1,1,3,3,1,66,1,1,1,69,1,0
31,310117,1,2,1,8,8,17,35,12,6,1,0,31,1,23,481,23481,31,2014,1GT423C8XEF1,1,G,T,4,2,3,C,8,X,E,F,1,0,0,0,000000000,00000000000,0,0,0,1,0,0,0,0,0,0,0,998,0,0,0,1,6,2,12,0,0,0,1,56,82718,6,1,0,0,3,0,999,999,0,0,0,0,0,0,0,0,0,0,0,0,0,0,1,2,50,1,2,4,1,20,3,1,55,1,1,1,88,0,0
31,310117,2,2,1,8,8,17,35,12,6,1,0,31,1,7,482,7482,31,2004,1D7HU18DX4J1,1,D,7,H,U,1,8,D,X,4,J,1,0,0,0,000000000,00000000000,0,0,0,1,0,0,0,0,0,0,0,998,0,0,0,9,6,2,12,0,0,0,1,31,69347,6,1,0,0,3,3,65,120,0,0,0,0,0,0,0,0,0,0,39,0,0,0,1,2,50,1,2,4,1,20,3,1,17,1,1,1,89,1,0
31,310118,1,1,1,16,8,11,2,38,0,1,0,31,1,22,16,22016,2,2002,1G2JB1245273,1,G,2,J,B,1,2,4,5,2,7,3,0,0,0,000000000,00000000000,0,0,0,1,0,0,0,0,0,0,0,998,0,1,5,1,6,2,1,0,0,0,1,31,68048,6,1,0,0,3,3,60,135,0,0,0,4,1,2,2012,5,2014,0,0,0,0,0,1,2,50,1,1,4,1,0,0,1,13,1,1,4,1,1,0
31,310119,1,1,2,24,8,99,99,5,0,1,0,31,1,14,401,14401,14,2002,4M2ZU86E02ZJ,4,M,2,Z,U,8,6,E,0,2,Z,J,0,0,0,000000000,00000000000,0,0,0,1,0,0,0,0,0,0,0,998,0,0,0,0,0,5,5,0,0,0,1,31,68516,6,1,0,0,3,0,62,120,0,0,0,1,0,6,2014,6,2014,0,99,99,99,99,1,2,25,1,1,1,1,0,0,1,98,1,1,1,0,1,1
31,310120,1,1,2,17,8,2,50,1,0,1,0,40,1,7,482,7482,31,2007,1D7HA18P87S1,1,D,7,H,A,1,8,P,8,7,S,1,0,0,0,000000000,00000000000,0,0,0,1,0,0,0,0,0,0,0,998,0,2,5,0,6,2,1,0,0,0,1,40,74428,6,1,0,0,3,0,999,999,0,0,0,0,0,0,0,0,0,0,58,28,0,0,1,2,60,1,2,2,1,0,0,1,12,8,2,4,7,1,1
31,310121,1,1,2,17,8,16,50,33,0,1,0,31,2,49,51,49051,3,2007,JTDJT9230751,J,T,D,J,T,9,2,3,0,7,5,1,0,0,0,000000000,00000000000,0,0,0,1,0,0,0,0,0,0,0,50,0,1,5,1,6,2,1,0,0,0,1,31,68516,6,1,0,0,3,0,70,170,0,0,0,2,1,10,2013,4,2014,3,36,0,0,0,3,2,40,1,2,1,1,0,0,1,13,1,1,4,1,1,1
31,310122,1,2,1,11,8,7,56,12,6,1,0,31,1,72,706,72706,80,2007,1HD1GX4107K3,1,H,D,1,G,X,4,1,0,7,K,3,0,0,0,000000000,00000000000,0,0,0,1,0,0,0,0,0,0,0,998,0,0,0,12,6,2,12,0,0,0,1,31,68769,6,1,6,0,3,0,68,250,1,0,0,0,0,10,2012,10,2012,0,0,0,0,0,1,2,60,1,2,2,1,0,0,1,52,1,1,1,73,1,0
31,310122,2,2,1,11,8,7,56,12,6,1,0,31,3,86,881,86881,66,1998,1M1AA18Y8WW0,1,M,1,A,A,1,8,Y,8,W,W,0,1,1,57,989834,57989834,3,6,3,1,0,0,0,0,0,0,0,998,0,0,0,7,0,3,12,0,0,0,1,31,68769,6,1,6,0,3,3,70,185,1,0,0,1,0,6,2012,3,2014,0,0,0,0,0,1,2,60,1,2,2,1,0,0,11,15,1,1,2,72,0,0
31,310123,1,3,1,1,8,7,0,12,6,1,0,31,1,20,481,20481,31,2007,2GCEK13M8716,2,G,C,E,K,1,3,M,8,7,1,6,0,0,0,000000000,00000000000,0,0,0,1,0,0,0,0,0,0,0,998,0,1,1,3,6,2,12,0,0,0,1,31,68601,6,1,0,0,3,3,67,180,0,0,0,1,0,6,2013,6,2013,0,39,0,0,0,1,2,50,1,1,1,1,20,3,1,17,1,1,1,87,1,1
31,310123,2,3,1,1,8,7,0,12,6,1,0,31,3,20,481,20481,31,2013,1GCNKPE09DZ1,1,G,C,N,K,P,E,0,9,D,Z,1,0,0,0,000000000,00000000000,0,0,0,1,0,0,0,0,0,0,0,998,0,0,0,12,6,2,12,0,0,0,1,31,68845,6,1,0,0,3,3,72,195,0,0,0,0,0,0,0,0,0,0,0,0,0,0,1,2,50,1,1,1,1,20,3,1,55,1,1,1,86,0,0
31,310123,3,3,1,1,8,7,0,12,6,1,0,31,1,20,9,20009,2,1994,2G1FP22P5R22,2,G,1,F,P,2,2,P,5,R,2,2,0,0,0,000000000,00000000000,0,0,0,1,0,0,0,0,0,0,0,0,0,0,0,12,6,2,12,0,0,0,1,31,68847,6,1,0,0,3,0,72,210,0,0,0,0,0,0,0,0,0,0,0,0,0,0,1,2,50,1,1,1,1,20,3,5,66,1,1,1,98,0,1
31,310124,1,2,1,14,8,7,23,12,6,1,0,31,3,94,981,94981,50,2012,4UZABRDU1CCB,4,U,Z,A,B,R,D,U,1,C,C,B,0,0,88,888888888,88888888888,2,21,22,1,0,0,0,0,1,2,0,998,0,0,0,12,6,2,12,0,0,0,1,31,68626,6,1,6,1,3,3,73,140,0,0,0,0,0,0,0,0,0,0,38,0,0,0,1,2,50,1,1,4,1,0,0,1,17,1,1,1,88,0,0
31,310124,2,2,3,14,8,7,23,12,6,1,0,31,1,7,482,7482,31,2001,3B7HC13Z21G1,3,B,7,H,C,1,3,Z,2,1,G,1,0,0,0,000000000,00000000000,0,0,0,1,0,0,0,0,0,0,0,998,0,0,0,11,6,2,12,0,0,0,1,31,68661,6,1,0,0,3,3,70,225,0,0,0,0,0,0,0,0,0,0,99,99,99,99,1,2,50,1,1,4,1,0,0,1,55,1,1,1,89,1,0
31,310125,1,2,1,20,8,17,52,12,6,1,0,31,3,86,881,86881,63,2014,1M2AV04C7EM0,1,M,2,A,V,0,4,C,7,E,M,0,0,0,88,888888888,88888888888,3,2,97,1,0,0,0,0,0,0,0,998,0,1,5,9,6,2,12,0,0,0,1,29,64485,6,1,6,0,3,0,999,999,0,0,0,0,0,0,0,0,0,0,39,0,0,0,1,2,60,1,1,1,1,20,3,1,17,1,1,1,89,0,0
31,310125,2,2,1,20,8,17,52,12,6,1,0,31,3,12,881,12881,63,1993,1FDXR82E8PVA,1,F,D,X,R,8,2,E,8,P,V,A,0,0,57,1008284,571008284,3,2,97,1,0,0,0,0,0,0,0,998,0,1,5,12,6,2,12,0,0,0,1,31,68842,6,1,6,0,3,3,66,160,0,0,0,0,0,0,0,0,0,0,0,0,0,0,1,2,60,1,1,1,1,20,3,1,55,1,1,1,88,1,0
31,310126,1,1,3,28,8,12,35,34,0,1,0,46,2,22,18,22018,4,2004,1G2NE52F44M5,1,G,2,N,E,5,2,F,4,4,M,5,0,0,0,000000000,00000000000,0,0,0,1,0,0,0,0,0,0,0,998,0,1,5,3,6,2,1,0,0,0,1,46,57772,0,0,0,0,0,0,999,999,0,0,0,0,0,0,0,0,0,0,99,99,99,99,1,2,60,1,2,2,1,0,0,1,12,1,1,4,6,1,1
31,310127,1,2,2,28,8,99,99,12,6,1,0,31,3,51,881,51881,66,2008,4V4NC9EJ78N4,4,V,4,N,C,9,E,J,7,8,N,4,1,1,77,777777777,77777777777,3,6,8,1,0,0,0,0,0,0,0,998,0,0,0,1,6,2,12,0,0,0,1,31,68347,6,1,6,1,3,3,77,260,0,0,0,0,0,0,0,0,0,0,39,0,0,0,1,2,60,1,1,2,2,20,3,1,17,1,1,1,87,0,1
31,310127,2,2,4,28,8,99,99,12,6,1,0,31,1,20,403,20403,14,2009,1GNDS33S5921,1,G,N,D,S,3,3,S,5,9,2,1,0,0,0,000000000,00000000000,0,0,0,1,0,0,0,0,0,0,0,998,0,0,0,12,6,2,12,0,0,0,1,31,68901,6,1,0,0,3,3,69,245,1,0,0,0,0,3,2012,3,2012,0,0,0,0,0,1,2,60,1,1,2,2,20,3,1,55,1,1,1,86,3,0
31,310128,1,1,1,5,9,16,35,31,0,1,0,31,1,53,706,53706,80,2013,JS1VY56A0D21,J,S,1,V,Y,5,6,A,0,D,2,1,0,0,0,000000000,00000000000,0,0,0,1,0,0,0,0,0,0,0,998,0,0,0,12,6,2,1,0,0,0,1,31,69361,6,1,6,0,3,0,71,165,0,0,0,0,1,8,2012,8,2012,0,0,0,0,0,1,2,60,3,2,2,1,0,0,14,13,1,1,4,1,1,1
31,310129,1,1,1,4,9,99,99,33,0,1,0,31,1,49,32,49032,4,2010,2T1BU4EE9AC4,2,T,1,B,U,4,E,E,9,A,C,4,0,0,0,000000000,00000000000,0,0,0,1,0,0,0,0,0,0,0,998,0,0,0,12,6,2,42,0,0,0,1,31,68521,6,1,0,0,3,3,64,155,2,0,0,0,1,11,2013,1,2014,0,99,99,99,99,2,4,40,1,1,2,1,0,0,1,13,6,2,4,2,1,0
31,310130,1,2,1,9,9,8,50,12,6,1,0,31,3,12,481,12481,31,2012,1FTFX1ET9CFB,1,F,T,F,X,1,E,T,9,C,F,B,0,0,0,000000000,00000000000,0,0,0,1,0,0,0,0,0,0,0,998,0,0,0,12,6,2,12,0,0,0,1,31,68878,6,1,3,0,3,0,73,240,0,0,0,0,0,0,0,0,0,0,38,0,0,0,1,2,50,1,1,4,1,0,0,1,17,1,1,1,88,0,0
31,310130,2,2,5,9,9,8,50,12,6,1,0,27,1,12,481,12481,31,2003,1FTSX31P23EC,1,F,T,S,X,3,1,P,2,3,E,C,0,0,0,000000000,00000000000,0,0,0,1,0,0,0,0,0,0,0,998,0,1,1,8,6,2,1,0,0,0,1,27,56353,6,1,0,0,3,0,999,999,0,0,0,0,0,0,0,0,0,0,0,0,0,0,1,2,50,1,1,4,1,0,0,1,55,1,1,1,89,1,0