STATE,ST_CASE,VEH_NO,VE_FORMS,NUMOCCS,DAY,MONTH,HOUR,MINUTE,HARM_EV,MAN_COLL,UNITTYPE,HIT_RUN,REG_STAT,OWNER,MAKE,MODEL,MAK_MOD,BODY_TYP,MOD_YEAR,VIN,VIN_1,VIN_2,VIN_3,VIN_4,VIN_5,VIN_6,VIN_7,VIN_8,VIN_9,VIN_10,VIN_11,VIN_12,TOW_VEH,J_KNIFE,MCARR_I1,MCARR_I2,MCARR_ID,GVWR,V_CONFIG,CARGO_BT,HAZ_INV,HAZ_PLAC,HAZ_ID,HAZ_CNO,HAZ_REL,BUS_USE,SPEC_USE,EMER_USE,TRAV_SP,UNDERIDE,ROLLOVER,ROLINLOC,IMPACT1,DEFORMED,TOWED,M_HARM,VEH_SC1,VEH_SC2,FIRE_EXP,DR_PRES,L_STATE,DR_ZIP,L_STATUS,L_TYPE,CDL_STAT,L_ENDORS,L_COMPL,L_RESTRI,DR_HGT,DR_WGT,PREV_ACC,PREV_SUS,PREV_DWI,PREV_SPD,PREV_OTH,FIRST_MO,FIRST_YR,LAST_MO,LAST_YR,SPEEDREL,DR_SF1,DR_SF2,DR_SF3,DR_SF4,VTRAFWAY,VNUM_LAN,VSPD_LIM,VALIGN,VPROFILE,VPAVETYP,VSURCOND,VTRAFCON,VTCONT_F,P_CRASH1,P_CRASH2,P_CRASH3,PCRASH4,PCRASH5,ACC_TYPE,DEATHS,DR_DRINK
32,320082,2,2,5,4,6,9,17,43,0,1,0,32,3,12,16,12016,4,2010,2FABP7CV4AX1,2,F,A,B,P,7,C,V,4,A,X,1,0,0,0,000000000,00000000000,0,0,0,1,0,0,0,0,0,0,0,57,0,0,0,12,2,5,54,0,0,0,1,32,89121,6,1,0,0,3,0,67,160,0,0,0,0,0,0,0,0,0,0,0,0,0,0,3,5,65,2,5,2,1,0,0,14,61,4,9,2,98,0,0
32,320083,1,2,1,4,6,14,2,12,7,1,0,92,0,98,701,98701,81,9999,RFCHA10475Y5,R,F,C,H,A,1,0,4,7,5,Y,5,0,0,0,000000000,00000000000,0,0,0,1,0,0,0,0,0,0,0,27,0,0,0,61,4,3,12,0,0,0,1,32,89005,6,1,0,0,3,0,69,150,0,0,0,0,0,0,0,0,0,0,58,0,0,0,2,2,30,1,1,2,1,0,0,15,9,1,9,1,47,1,0
32,320083,2,2,1,4,6,14,2,12,7,1,1,32,1,37,31,37031,2,2012,1HGCS2B88CA0,1,H,G,C,S,2,B,8,8,C,A,0,0,0,0,000000000,00000000000,0,0,0,1,0,0,0,0,0,0,0,30,0,0,0,83,2,5,12,0,0,0,1,32,89005,6,1,0,0,3,3,64,140,0,0,0,0,0,0,0,0,0,0,0,0,0,0,2,2,30,1,1,2,1,0,0,1,61,1,1,1,45,0,0
32,320084,1,1,1,6,6,1,26,8,0,1,1,99,9,99,999,99999,99,9999,999999999999,9,9,9,9,9,9,9,9,9,9,9,9,0,0,0,000000000,00000000000,0,0,0,1,0,0,0,0,0,0,0,998,0,0,0,12,9,5,8,0,0,0,1,99,99999,9,9,99,9,9,9,999,999,99,99,99,99,99,99,9999,99,9999,4,99,99,99,99,1,2,25,1,1,2,1,20,3,1,80,99,9,2,13,0,0
32,320085,1,3,1,6,6,18,10,12,1,1,0,32,1,73,706,73706,80,2007,JKBZXNA147A0,J,K,B,Z,X,N,A,1,4,7,A,0,0,0,0,000000000,00000000000,0,0,0,1,0,0,0,0,0,0,0,105,0,0,0,12,6,2,12,0,0,1,1,32,89012,6,1,0,0,3,3,76,280,0,0,0,0,0,0,0,0,0,3,6,8,36,33,3,3,65,1,6,2,1,0,0,6,6,1,1,1,32,1,1
32,320085,2,3,5,6,6,18,10,12,1,1,0,32,1,13,421,13421,15,2009,5LMFU27549EJ,5,L,M,F,U,2,7,5,4,9,E,J,0,0,0,000000000,00000000000,0,0,0,1,0,0,0,0,0,0,0,65,0,0,0,6,4,3,12,0,0,0,1,32,89110,6,1,0,0,3,0,68,120,0,0,0,0,0,0,0,0,0,0,0,0,0,0,3,3,65,1,6,2,1,0,0,1,61,1,1,1,32,0,0
32,320085,3,3,1,6,6,18,10,12,1,1,0,32,2,12,481,12481,31,1998,1FTZX1766WKA,1,F,T,Z,X,1,7,6,6,W,K,A,0,0,0,000000000,00000000000,0,0,0,1,0,0,0,0,0,0,0,65,0,0,0,6,4,3,25,0,0,0,1,32,89141,6,1,0,0,3,0,63,145,0,0,0,0,0,0,0,0,0,0,0,0,0,0,3,3,65,1,6,2,1,0,0,1,60,1,1,1,98,0,0
32,320086,1,1,2,9,6,9,30,1,0,1,0,16,1,38,405,38405,14,2002,4S2CE58X0246,4,S,2,C,E,5,8,X,0,2,4,6,0,0,0,000000000,00000000000,0,0,0,1,0,0,0,0,0,0,0,73,0,1,5,0,6,2,1,0,0,0,1,16,83687,6,1,0,0,3,0,62,150,0,0,0,0,0,0,0,0,0,0,58,0,0,0,2,2,75,1,1,2,1,0,0,1,13,1,3,4,2,1,0
32,320087,1,2,1,11,6,11,1,12,6,1,0,92,0,37,739,37739,90,2013,1HFTE350XD46,1,H,F,T,E,3,5,0,X,D,4,6,0,0,0,000000000,00000000000,0,0,0,1,0,0,0,0,0,0,0,13,0,1,1,61,6,2,12,0,0,0,1,6,95746,1,1,0,0,1,0,72,140,0,0,0,0,0,0,0,0,0,0,38,0,0,0,1,2,70,1,1,2,1,0,0,98,98,1,1,7,98,1,0
32,320087,2,2,3,11,6,11,1,12,6,1,0,20,1,12,422,12422,15,2011,1FMJU2A55BEF,1,F,M,J,U,2,A,5,5,B,E,F,0,0,0,000000000,00000000000,0,0,0,1,0,0,0,0,0,0,0,67,0,0,0,12,6,2,12,0,0,0,1,20,66048,6,1,0,0,3,3,65,145,0,0,0,0,0,0,0,0,0,0,0,0,0,0,1,2,70,1,1,2,1,0,0,1,98,8,4,2,98,0,0
32,320088,1,1,1,12,6,1,8,8,0,1,0,32,1,98,398,98398,2,2011,WMWSU3C55BT0,W,M,W,S,U,3,C,5,5,B,T,0,0,0,0,000000000,00000000000,0,0,0,1,0,0,0,0,0,0,0,998,0,0,0,12,4,3,8,0,0,0,1,32,89148,6,1,0,0,3,3,68,140,0,0,0,0,0,0,0,0,0,0,91,0,0,0,2,3,45,1,1,2,1,0,0,1,80,1,1,1,13,0,1
32,320089,1,3,1,12,6,12,3,12,6,1,0,32,1,87,881,87881,66,1999,1XPGDU9X3XD4,1,X,P,G,D,U,9,X,3,X,D,4,2,1,57,00043004,5700043004,3,7,4,1,0,0,0,0,0,0,0,29,7,0,0,12,6,2,12,0,0,0,1,32,89103,6,1,6,1,3,1,74,200,0,0,0,0,0,0,0,0,0,4,91,0,0,0,4,2,65,1,6,2,1,3,3,1,6,1,1,1,86,0,0
32,320089,2,3,2,12,6,12,3,12,6,1,0,32,2,20,444,20444,20,2005,1GNDV33L95D2,1,G,N,D,V,3,3,L,9,5,D,2,0,0,0,000000000,00000000000,0,0,0,1,0,0,0,0,0,0,0,29,0,1,5,81,6,2,12,0,0,0,1,32,89074,6,1,0,0,3,0,69,175,0,0,0,0,0,0,0,0,0,0,99,99,99,99,2,2,25,1,1,2,1,3,3,1,66,1,1,1,87,2,0
32,320089,3,3,1,12,6,12,3,12,6,1,0,32,1,2,403,2403,14,2012,1C4RJEAT7CC1,1,C,4,R,J,E,A,T,7,C,C,1,0,0,0,000000000,00000000000,0,0,0,1,0,0,0,0,0,0,0,13,0,0,0,12,6,2,12,0,0,0,1,32,89002,6,1,0,0,3,0,69,230,0,0,0,0,0,0,0,0,0,0,0,0,0,0,2,2,25,1,1,2,1,3,3,1,66,1,1,1,98,0,0
32,320090,1,1,3,13,6,7,17,1,0,1,0,6,2,7,402,7402,14,2000,1B4HS28N3YF1,1,B,4,H,S,2,8,N,3,Y,F,1,0,0,0,000000000,00000000000,0,0,0,1,0,0,0,0,0,0,0,73,0,1,3,0,6,2,1,0,0,0,1,17,61910,6,1,0,0,3,3,70,300,1,0,0,1,0,1,2012,10,2012,0,91,0,0,0,2,2,75,3,6,2,1,0,0,14,12,1,1,4,6,1,0
32,320091,1,2,2,23,6,10,15,12,2,1,0,6,3,20,9,20009,1,2014,2G1FC3D38E92,2,G,1,F,C,3,D,3,8,E,9,2,0,0,0,000000000,00000000000,0,0,0,1,0,0,0,0,0,0,0,74,0,0,0,12,6,2,12,0,0,0,1,97,0,6,1,0,0,3,0,999,999,99,99,99,99,99,99,9999,99,9999,3,51,91,6,8,1,2,50,3,6,2,1,0,0,14,10,1,1,2,50,0,0
32,320091,2,2,1,23,6,10,15,12,2,1,0,32,1,37,32,37032,4,2007,1HGCM66407A0,1,H,G,C,M,6,6,4,0,7,A,0,0,0,0,000000000,00000000000,0,0,0,1,0,0,0,0,0,0,0,44,0,0,0,12,6,2,12,0,0,0,1,32,89011,6,1,0,0,3,0,72,195,0,0,0,0,0,0,0,0,0,0,0,0,0,0,1,2,50,2,6,2,1,0,0,14,62,1,1,1,51,1,0
32,320092,1,1,3,28,6,22,6,9,0,1,0,32,2,20,16,20016,4,2005,1G1JC52F8571,1,G,1,J,C,5,2,F,8,5,7,1,0,0,0,000000000,00000000000,0,0,0,1,0,0,0,0,0,0,0,75,0,0,0,12,4,3,9,0,0,0,1,32,89445,6,1,0,0,3,1,66,212,0,0,0,0,1,1,2014,1,2014,0,35,0,0,0,1,2,65,1,1,2,1,0,0,6,83,1,1,1,13,0,0
32,320093,1,1,7,2,7,8,3,1,0,1,0,32,1,12,401,12401,14,2002,1FMDU74W32UB,1,F,M,D,U,7,4,W,3,2,U,B,0,0,0,000000000,00000000000,0,0,0,1,0,0,0,0,0,0,0,60,0,1,2,0,6,2,1,0,0,0,1,32,89030,0,0,0,0,0,0,62,155,0,1,0,0,1,1,2013,2,2014,0,91,58,0,0,3,3,65,2,6,2,1,0,0,14,9,1,3,4,98,1,0
32,320094,1,2,2,22,4,11,26,12,6,1,0,32,1,32,42,32042,4,2004,WAULD64B34N0,W,A,U,L,D,6,4,B,3,4,N,0,0,0,0,000000000,00000000000,0,0,0,1,0,0,0,0,0,0,0,7,0,0,0,62,6,2,12,0,0,0,1,32,89701,6,1,0,0,3,0,60,116,0,0,0,0,0,0,0,0,0,0,39,38,0,0,1,2,60,1,5,2,1,20,3,11,15,1,1,1,82,2,0
32,320094,2,2,1,22,4,11,26,12,6,1,0,18,3,51,881,51881,66,2012,4V4NC9EH3CN5,4,V,4,N,C,9,E,H,3,C,N,5,1,1,57,428823,57428823,3,6,1,1,0,0,0,0,0,0,0,57,0,1,1,12,6,2,1,0,0,0,1,49,84770,6,1,6,1,3,1,73,215,98,0,0,0,0,0,0,0,0,0,0,0,0,0,1,5,60,1,6,2,1,0,0,1,67,8,9,2,83,0,0
32,320095,1,3,2,7,6,8,57,12,2,1,0,32,1,72,706,72706,80,2001,1HD1GEV171Y3,1,H,D,1,G,E,V,1,7,1,Y,3,0,0,0,000000000,00000000000,0,0,0,1,0,0,0,0,0,0,0,43,0,0,0,12,6,2,12,0,0,0,1,32,89429,6,1,0,0,3,3,70,175,0,0,0,0,0,0,0,0,0,0,28,0,0,0,1,2,45,2,5,2,1,0,0,14,10,1,1,2,50,1,0
32,320095,2,3,1,7,6,8,57,12,2,1,0,32,1,37,706,37706,80,2011,ZDCSC601XBF2,Z,D,C,S,C,6,0,1,X,B,F,2,0,0,0,000000000,00000000000,0,0,0,1,0,0,0,0,0,0,0,43,0,0,0,12,6,2,12,0,0,0,1,32,89435,6,1,0,0,3,0,68,250,0,0,0,0,0,0,0,0,0,0,0,0,0,0,1,2,45,3,5,2,1,0,0,14,62,3,2,1,51,0,0
32,320095,3,3,2,7,6,8,57,12,2,1,0,32,1,72,706,72706,80,2004,1HD1JBB194Y0,1,H,D,1,J,B,B,1,9,4,Y,0,0,0,0,000000000,00000000000,0,0,0,1,0,0,0,0,0,0,0,43,0,0,0,14,4,3,1,0,0,0,1,32,89509,6,1,0,0,3,0,72,212,0,0,0,0,0,0,0,0,0,0,0,0,0,0,1,2,45,2,5,2,1,0,0,14,62,1,1,1,98,1,0
32,320096,1,2,1,11,2,16,30,12,6,1,0,6,1,7,402,7402,14,2002,1B4HS28Z1WF2,1,B,4,H,S,2,8,Z,1,W,F,2,0,0,0,000000000,00000000000,0,0,0,1,0,0,0,0,0,0,0,43,0,0,0,12,6,2,12,0,0,0,1,6,93901,6,1,0,0,3,3,63,150,0,0,0,0,0,0,0,0,0,0,39,0,0,0,2,4,45,1,1,2,1,2,3,1,62,1,1,1,69,0,0
32,320096,2,2,2,11,2,16,30,12,6,1,0,32,1,55,35,55035,4,2003,KMHDN45D63U5,K,M,H,D,N,4,5,D,6,3,U,5,0,0,0,000000000,00000000000,0,0,0,1,0,0,0,0,0,0,0,15,0,0,0,82,6,2,12,0,0,0,1,32,89144,6,1,0,0,3,3,74,240,0,0,0,0,0,0,0,0,0,0,38,0,0,0,2,4,45,1,1,2,1,2,3,11,63,1,1,1,68,1,0
32,320097,1,1,1,15,3,16,32,15,0,1,0,32,1,20,403,20403,14,2005,1GNDT13S8521,1,G,N,D,T,1,3,S,8,5,2,1,0,0,0,000000000,00000000000,0,0,0,1,0,0,0,0,0,0,0,998,0,0,0,12,2,5,15,0,0,0,1,32,89102,6,1,0,0,3,3,66,140,0,0,0,0,0,0,0,0,0,0,91,36,38,0,2,2,30,1,1,2,1,0,0,1,80,1,1,1,13,0,0
32,320098,1,1,1,27,3,17,51,8,0,1,0,32,1,23,422,23422,15,2009,1GKFC33J99R1,1,G,K,F,C,3,3,J,9,9,R,1,0,0,0,000000000,00000000000,0,0,0,1,0,0,0,0,0,0,0,50,0,0,0,12,2,5,8,0,0,0,1,32,89117,6,1,0,0,3,0,74,210,0,0,0,0,0,0,0,0,0,0,0,0,0,0,2,3,45,1,1,2,1,0,0,1,80,1,1,1,13,0,0
32,320099,1,1,2,30,3,19,20,33,0,1,0,32,1,73,705,73705,80,2007,JKAEXEA147A0,J,K,A,E,X,E,A,1,4,7,A,0,0,0,0,000000000,00000000000,0,0,0,1,0,0,0,0,0,0,0,39,0,0,0,12,6,2,30,0,0,0,1,32,89156,6,1,0,0,2,0,66,153,0,0,0,0,0,0,0,0,0,3,28,0,0,0,1,2,25,4,6,2,1,0,0,14,6,1,1,4,1,1,0
32,320100,1,2,2,3,4,21,37,12,6,1,0,32,1,20,481,20481,31,2005,1GCEC19X85Z3,1,G,C,E,C,1,9,X,8,5,Z,3,0,0,0,000000000,00000000000,0,0,0,1,0,0,0,0,0,0,0,13,0,0,0,8,4,3,12,0,0,0,1,32,89121,6,1,0,0,3,0,66,175,0,0,0,0,0,0,0,0,0,0,91,38,0,0,1,2,25,1,1,2,1,20,3,11,15,1,1,1,82,0,0
32,320100,2,2,1,3,4,21,37,12,6,1,0,32,1,72,706,72706,80,2005,1HD1FYW145Y7,1,H,D,1,F,Y,W,1,4,5,Y,7,0,0,0,000000000,00000000000,0,0,0,1,0,0,0,0,0,0,0,52,0,0,0,12,6,2,12,0,0,0,1,32,89044,6,1,0,0,3,0,74,190,0,2,1,0,1,10,2012,8,2013,3,0,0,0,0,5,7,45,1,2,2,1,0,0,1,67,1,1,1,83,1,1
32,320101,1,1,1,5,4,3,11,8,0,1,0,6,2,55,33,55033,4,2012,5NPEC4AC9CH3,5,N,P,E,C,4,A,C,9,C,H,3,0,0,0,000000000,00000000000,0,0,0,1,0,0,0,0,0,0,0,28,0,0,0,12,2,3,8,0,0,0,1,6,92277,6,1,0,0,3,0,72,195,0,0,0,1,0,2,2014,2,2014,0,0,0,0,0,2,4,45,1,1,2,1,2,3,1,80,4,9,1,13,0,0
32,320102,1,1,1,12,5,0,54,39,0,1,0,32,1,14,21,14021,4,2008,3MEHM07Z48R6,3,M,E,H,M,0,7,Z,4,8,R,6,0,0,0,000000000,00000000000,0,0,0,1,0,0,0,0,0,0,0,46,0,0,0,12,6,2,38,0,0,0,1,32,89031,6,1,0,0,3,0,71,170,0,1,1,0,0,3,2013,6,2013,0,28,0,0,0,1,4,35,3,5,2,1,0,0,14,11,1,1,4,1,1,1
32,320103,1,2,2,20,5,18,53,58,0,1,0,32,2,58,37,58037,2,2004,JNKCV54E14M3,J,N,K,C,V,5,4,E,1,4,M,3,0,0,0,000000000,00000000000,0,0,0,1,0,0,0,0,0,0,0,78,0,0,0,14,6,2,39,0,0,0,1,32,89147,6,1,0,0,3,0,70,135,0,0,0,0,0,0,0,0,0,3,36,0,0,0,5,5,35,1,5,2,1,0,0,1,6,1,2,2,98,0,0
32,320103,2,2,1,20,5,18,53,58,0,1,0,0,0,55,41,55041,2,2013,KMHHU6KJXDU1,K,M,H,H,U,6,K,J,X,D,U,1,0,0,0,000000000,00000000000,0,0,0,1,0,0,0,0,0,0,0,60,0,0,0,5,6,2,39,0,0,0,1,32,89147,6,1,0,0,3,0,71,175,0,1,0,2,0,6,2013,3,2014,3,36,0,0,0,5,5,35,1,5,2,1,0,0,1,61,1,1,1,98,1,0
32,320104,1,1,3,13,6,21,14,9,0,1,0,32,2,49,401,49401,14,1990,JT3VN39W5L00,J,T,3,V,N,3,9,W,5,L,0,0,0,0,0,000000000,00000000000,0,0,0,1,0,0,0,0,0,0,0,40,0,0,0,12,6,2,9,0,0,0,1,32,89503,6,1,0,0,3,0,67,180,0,0,0,0,0,0,0,0,0,0,91,28,0,0,1,2,25,4,6,2,1,0,0,14,83,99,9,2,13,0,1
32,320105,1,2,1,19,6,18,39,54,11,1,0,6,2,53,705,53705,80,2003,JS1GN7AA3321,J,S,1,G,N,7,A,A,3,3,2,1,0,0,0,000000000,00000000000,0,0,0,1,0,0,0,0,0,0,0,80,0,0,0,19,6,2,54,0,0,0,1,32,89120,6,1,0,0,2,3,71,140,0,0,0,1,2,11,2011,6,2014,3,36,0,0,0,2,5,45,1,1,2,1,0,0,1,62,3,3,3,98,1,0
32,320105,2,2,1,19,6,18,39,54,11,1,0,32,1,20,25,20025,4,2014,1G1PC5SBXE72,1,G,1,P,C,5,S,B,X,E,7,2,0,0,0,000000000,00000000000,0,0,0,1,0,0,0,0,0,0,0,998,0,0,0,4,4,3,54,0,0,0,1,32,89014,6,1,0,0,3,0,61,120,0,0,0,0,0,0,0,0,0,0,0,0,0,0,2,5,45,1,1,2,1,0,0,1,15,1,1,1,98,0,0
32,320106,1,1,1,19,6,18,53,59,0,1,0,32,2,42,43,42043,4,2007,WDDNG71X77A0,W,D,D,N,G,7,1,X,7,7,A,0,0,0,0,000000000,00000000000,0,0,0,1,0,0,0,0,0,0,0,30,0,0,0,12,6,2,25,0,0,0,1,32,89102,1,1,0,0,2,0,72,170,0,2,0,1,0,11,2013,4,2014,0,39,0,0,0,4,1,65,1,5,2,1,3,3,1,14,1,1,4,14,1,0
32,320107,1,2,1,4,7,13,18,12,6,1,1,32,1,12,471,12471,30,1998,1FTZR15XXWPB,1,F,T,Z,R,1,5,X,X,W,P,B,0,0,0,000000000,00000000000,0,0,0,1,0,0,0,0,0,0,0,24,0,0,0,82,6,2,12,0,0,0,1,32,89512,6,1,0,0,3,0,69,205,0,0,0,0,0,0,0,0,0,0,91,38,0,0,5,5,35,1,1,2,1,0,0,11,15,1,1,2,68,0,0
32,320107,2,2,2,4,7,13,18,12,6,1,0,32,1,72,706,72706,80,2003,1HD1FRW3X3Y7,1,H,D,1,F,R,W,3,X,3,Y,7,0,0,0,000000000,00000000000,0,0,0,1,0,0,0,0,0,0,0,47,0,0,0,12,6,2,12,0,0,0,1,32,89431,6,1,0,0,3,0,72,205,0,0,0,1,0,10,2011,10,2011,3,0,0,0,0,5,5,35,1,1,2,1,0,0,1,62,6,1,1,69,1,0
32,320108,1,1,1,6,7,21,16,8,0,1,0,32,2,23,401,23401,14,2003,1GKES16SX361,1,G,K,E,S,1,6,S,X,3,6,1,0,0,0,000000000,00000000000,0,0,0,1,0,0,0,0,0,0,0,43,0,0,0,12,4,5,8,0,0,0,1,32,89122,6,1,0,0,3,0,71,195,0,0,0,0,0,0,0,0,0,0,0,0,0,0,2,6,45,1,1,2,2,2,3,1,80,1,1,1,13,0,0
32,320109,1,1,1,6,7,7,0,59,0,1,0,32,2,76,706,76706,80,2013,JYARJ16E2DA0,J,Y,A,R,J,1,6,E,2,D,A,0,0,0,0,000000000,00000000000,0,0,0,1,0,0,0,0,0,0,0,55,0,0,0,12,6,2,1,0,0,0,1,32,89031,6,1,0,0,3,3,69,240,0,0,0,0,0,0,0,0,0,0,0,0,0,0,1,2,55,3,6,2,1,0,0,14,9,1,2,4,7,1,0
32,320110,1,1,1,8,7,23,10,1,0,1,0,32,1,12,481,12481,31,2005,1FTSX21P45EC,1,F,T,S,X,2,1,P,4,5,E,C,0,0,0,000000000,00000000000,0,0,0,1,0,0,0,0,0,0,0,55,0,1,5,0,6,2,1,0,0,0,1,32,89815,6,1,0,0,3,0,67,180,0,1,0,0,1,11,2012,6,2014,4,0,0,0,0,1,2,35,3,2,2,1,0,0,14,6,1,9,4,6,1,1
32,320111,1,2,1,4,7,21,29,12,6,1,0,0,0,98,701,98701,88,2014,999999999999,9,9,9,9,9,9,9,9,9,9,9,9,0,0,0,000000000,00000000000,0,0,0,1,0,0,0,0,0,0,0,998,0,0,0,61,6,2,12,0,0,0,1,32,89433,0,0,0,0,0,0,56,115,0,0,0,0,0,0,0,0,0,0,99,99,99,99,0,0,0,0,0,0,0,0,0,1,17,1,1,1,89,1,0
32,320111,2,2,5,4,7,21,29,12,6,1,0,32,2,12,401,12401,14,2004,1FMZU74K04UA,1,F,M,Z,U,7,4,K,0,4,U,A,0,0,0,000000000,00000000000,0,0,0,1,0,0,0,0,0,0,0,35,0,0,0,12,4,3,12,0,0,0,1,32,89434,6,1,0,0,3,0,59,103,0,0,0,0,0,0,0,0,0,0,0,0,0,0,1,4,35,1,1,2,1,0,0,1,71,1,1,1,88,0,1
32,320112,1,1,1,11,7,20,51,8,0,1,0,32,1,12,481,12481,31,2002,1FTRX17W82NA,1,F,T,R,X,1,7,W,8,2,N,A,0,0,0,000000000,00000000000,0,0,0,1,0,0,0,0,0,0,0,998,0,0,0,12,2,3,8,0,0,0,1,32,89031,6,1,0,0,3,0,69,180,0,0,0,0,0,0,0,0,0,0,91,38,0,0,1,2,35,1,1,2,1,0,0,1,80,8,1,1,13,0,0
32,320113,1,1,1,18,4,18,33,1,0,1,0,41,1,42,45,42045,1,2000,WDBKK47F3YF1,W,D,B,K,K,4,7,F,3,Y,F,1,0,0,0,000000000,00000000000,0,0,0,1,0,0,0,0,0,0,0,73,0,1,5,0,6,2,1,0,0,0,1,41,97402,6,1,0,0,3,3,999,999,0,0,0,0,0,0,0,0,0,0,58,28,0,0,2,2,75,1,1,1,1,0,0,1,9,1,4,4,7,1,0
32,320114,1,1,2,12,7,23,14,42,0,1,0,32,2,39,31,39031,2,1998,SAJGX2245WC0,S,A,J,G,X,2,2,4,5,W,C,0,0,0,0,000000000,00000000000,0,0,0,1,0,0,0,0,0,0,0,998,0,1,5,12,6,2,42,0,0,0,1,32,89060,6,1,0,0,3,0,72,150,0,0,0,0,0,0,0,0,0,4,99,99,99,99,8,8,98,8,8,5,1,0,0,1,6,1,9,4,4,1,1
32,320115,1,1,2,12,7,22,44,1,0,1,0,32,1,20,431,20431,16,2001,1GNEK13T91J3,1,G,N,E,K,1,3,T,9,1,J,3,0,0,0,000000000,00000000000,0,0,0,1,0,0,0,0,0,0,0,50,0,1,5,0,6,2,1,0,0,0,1,32,89131,6,1,0,0,3,0,65,125,0,0,0,0,0,0,0,0,0,4,0,0,0,0,1,2,50,2,5,2,1,0,0,14,6,1,3,4,2,1,1
32,320116,1,2,1,13,7,7,25,12,2,1,0,32,2,54,38,54038,3,2002,JH4DC54862C0,J,H,4,D,C,5,4,8,6,2,C,0,0,0,0,000000000,00000000000,0,0,0,1,0,0,0,0,0,0,0,66,0,0,0,12,6,2,12,0,0,0,1,32,89115,6,1,0,0,3,0,66,150,0,0,0,0,0,0,0,0,0,0,51,0,0,0,2,2,70,1,1,2,1,0,0,1,98,99,9,1,52,1,1
32,320116,2,2,1,13,7,7,25,12,2,1,0,32,1,48,401,48401,14,2009,JF2SH63679H7,J,F,2,S,H,6,3,6,7,9,H,7,0,0,0,000000000,00000000000,0,0,0,1,0,0,0,0,0,0,0,67,7,0,0,12,6,2,12,0,0,0,1,32,89117,6,1,0,0,3,0,75,290,0,0,0,0,0,0,0,0,0,0,0,0,0,0,2,2,70,1,1,2,1,0,0,1,54,99,9,1,52,1,1
32,320117,1,2,1,12,7,16,35,12,1,1,0,16,1,20,9,20009,2,2013,2G1FK1EJ5D91,2,G,1,F,K,1,E,J,5,D,9,1,0,0,0,000000000,00000000000,0,0,0,1,0,0,0,0,0,0,0,53,0,0,0,12,6,2,12,0,0,0,1,16,83833,6,1,0,0,3,0,67,370,0,0,0,0,0,0,0,0,0,0,0,0,0,0,1,5,55,1,1,2,1,0,0,15,50,1,1,1,20,1,0
32,320117,2,2,1,12,7,16,35,12,1,1,0,32,1,7,482,7482,31,2006,3D7KS29C66G1,3,D,7,K,S,2,9,C,6,6,G,1,0,0,0,000000000,00000000000,0,0,0,1,0,0,0,0,0,0,0,0,0,0,0,6,6,2,12,0,0,0,1,32,89406,6,1,0,0,3,0,70,200,0,0,0,0,0,0,0,0,0,0,0,0,0,0,1,5,55,1,1,2,1,0,0,5,53,1,1,1,22,0,0
32,320118,1,1,3,14,7,20,35,8,0,1,0,6,2,49,32,49032,4,2007,1NXBR32E27Z7,1,N,X,B,R,3,2,E,2,7,Z,7,0,0,0,000000000,00000000000,0,0,0,1,0,0,0,0,0,0,0,50,0,0,0,12,6,2,8,0,0,0,1,6,90061,1,1,0,0,2,0,62,170,0,1,0,0,0,2,2012,2,2012,0,0,0,0,0,2,3,50,1,1,2,1,0,0,1,80,3,2,1,13,0,0
32,320119,1,1,1,22,3,19,14,1,0,1,0,32,2,20,431,20431,16,2003,3GNFK16TX3G2,3,G,N,F,K,1,6,T,X,3,G,2,0,0,0,000000000,00000000000,0,0,0,1,0,0,0,0,0,0,0,60,0,1,5,0,6,2,1,0,0,0,1,32,89801,0,0,0,0,0,0,65,140,0,0,0,0,0,0,0,0,0,3,36,58,28,0,1,2,25,1,1,4,1,0,0,1,6,1,1,4,6,1,1
32,320120,1,8,2,16,7,16,5,12,6,1,0,32,1,49,40,49040,4,2000,JT2BG22K5Y04,J,T,2,B,G,2,2,K,5,Y,0,4,0,0,0,000000000,00000000000,0,0,0,1,0,0,0,0,0,0,0,35,7,1,1,12,6,2,12,0,0,0,1,32,89106,6,1,0,0,3,3,69,140,0,0,0,0,0,0,0,0,0,4,91,58,0,0,3,5,65,1,1,2,1,0,0,6,11,6,4,2,48,1,0
32,320120,2,8,1,16,7,16,5,12,6,1,0,32,2,3,402,3402,14,2007,5GTDN13E2782,5,G,T,D,N,1,3,E,2,7,8,2,0,0,0,000000000,00000000000,0,0,0,1,0,0,0,0,0,0,0,30,0,0,0,81,4,3,12,0,0,0,1,32,89108,6,1,0,0,3,0,67,127,0,0,0,0,0,0,0,0,0,0,0,0,0,0,3,5,65,1,1,2,1,0,0,1,61,1,1,1,48,0,0
32,320120,3,8,1,16,7,16,5,12,6,1,0,32,2,20,481,20481,31,2014,1GC0CVCG4EF1,1,G,C,0,C,V,C,G,4,E,F,1,0,0,0,000000000,00000000000,0,0,0,1,0,0,0,0,0,0,0,30,0,0,0,12,4,5,12,0,0,0,1,32,89108,0,0,0,0,0,0,999,999,0,0,0,0,0,0,0,0,0,0,0,0,0,0,3,5,65,1,1,2,1,0,0,1,61,1,1,1,98,0,0