STATE,ST_CASE,VEH_NO,VE_FORMS,NUMOCCS,DAY,MONTH,HOUR,MINUTE,HARM_EV,MAN_COLL,UNITTYPE,HIT_RUN,REG_STAT,OWNER,MAKE,MODEL,MAK_MOD,BODY_TYP,MOD_YEAR,VIN,VIN_1,VIN_2,VIN_3,VIN_4,VIN_5,VIN_6,VIN_7,VIN_8,VIN_9,VIN_10,VIN_11,VIN_12,TOW_VEH,J_KNIFE,MCARR_I1,MCARR_I2,MCARR_ID,GVWR,V_CONFIG,CARGO_BT,HAZ_INV,HAZ_PLAC,HAZ_ID,HAZ_CNO,HAZ_REL,BUS_USE,SPEC_USE,EMER_USE,TRAV_SP,UNDERIDE,ROLLOVER,ROLINLOC,IMPACT1,DEFORMED,TOWED,M_HARM,VEH_SC1,VEH_SC2,FIRE_EXP,DR_PRES,L_STATE,DR_ZIP,L_STATUS,L_TYPE,CDL_STAT,L_ENDORS,L_COMPL,L_RESTRI,DR_HGT,DR_WGT,PREV_ACC,PREV_SUS,PREV_DWI,PREV_SPD,PREV_OTH,FIRST_MO,FIRST_YR,LAST_MO,LAST_YR,SPEEDREL,DR_SF1,DR_SF2,DR_SF3,DR_SF4,VTRAFWAY,VNUM_LAN,VSPD_LIM,VALIGN,VPROFILE,VPAVETYP,VSURCOND,VTRAFCON,VTCONT_F,P_CRASH1,P_CRASH2,P_CRASH3,PCRASH4,PCRASH5,ACC_TYPE,DEATHS,DR_DRINK
32,320161,2,3,1,10,8,22,46,8,0,1,0,32,3,12,16,12016,4,2010,2FABP7BV6AX1,2,F,A,B,P,7,B,V,6,A,X,1,0,0,0,000000000,00000000000,0,0,0,1,0,0,0,0,0,0,0,58,0,0,0,12,2,5,8,0,0,0,1,32,89423,6,1,0,0,3,0,74,180,0,0,0,0,0,0,0,0,0,0,16,0,0,0,1,2,55,1,6,2,1,0,0,1,80,9,1,1,98,0,0
32,320161,3,3,1,10,8,22,46,8,0,1,0,32,3,12,16,12016,4,2008,2FAHP71V38X1,2,F,A,H,P,7,1,V,3,8,X,1,0,0,0,000000000,00000000000,0,0,0,1,0,0,0,0,0,0,0,58,0,0,0,12,2,5,8,0,0,0,1,32,89423,6,1,0,0,3,0,62,110,0,0,0,0,0,0,0,0,0,0,16,0,0,0,1,2,55,1,6,2,1,0,0,1,80,1,1,1,98,0,0
32,320162,1,1,1,10,9,21,35,31,0,1,1,32,0,12,481,12481,31,1968,F25YRC43267,F,2,5,Y,R,C,4,3,2,6,7,,0,0,0,000000000,00000000000,0,0,0,1,0,0,0,0,0,0,0,33,0,1,5,12,6,2,1,0,0,0,1,32,89506,2,1,0,0,2,3,73,145,0,0,0,0,0,0,0,0,0,0,6,8,37,0,1,2,30,3,1,2,1,0,0,14,13,1,1,4,1,1,1
32,320163,1,2,1,27,9,19,29,12,6,1,0,32,1,2,404,2404,14,1999,1J4FT28S9XL5,1,J,4,F,T,2,8,S,9,X,L,5,0,0,0,000000000,00000000000,0,0,0,1,0,0,0,0,0,0,0,68,0,0,0,12,6,2,12,0,0,0,1,32,89115,6,1,0,0,3,0,70,185,0,0,0,1,0,10,2011,10,2011,3,6,8,91,39,2,3,35,1,1,2,1,3,3,1,17,1,1,1,88,0,1
32,320163,2,2,1,27,9,19,29,12,6,1,0,32,1,20,2,20002,4,2003,2G1WF52E5393,2,G,1,W,F,5,2,E,5,3,9,3,0,0,0,000000000,00000000000,0,0,0,1,0,0,0,0,0,0,0,16,0,0,0,9,6,2,12,0,0,0,1,32,89107,6,1,0,0,3,1,71,175,0,0,0,0,0,0,0,0,0,0,0,0,0,0,2,3,35,1,1,2,1,3,3,1,66,1,1,1,89,1,0
32,320164,1,2,3,13,9,19,0,12,1,1,0,55,2,49,40,49040,4,1996,JT2BF12K5T01,J,T,2,B,F,1,2,K,5,T,0,1,0,0,0,000000000,00000000000,0,0,0,1,0,0,0,0,0,0,0,70,0,0,0,12,6,2,39,0,0,1,1,55,54956,6,1,0,0,3,3,73,220,1,1,2,0,0,1,2012,6,2012,4,91,0,0,0,3,4,65,1,1,2,1,0,0,1,51,1,1,1,24,2,0
32,320164,2,2,3,13,9,19,0,12,1,1,0,32,2,42,48,42048,4,2003,WDBUF65J93A2,W,D,B,U,F,6,5,J,9,3,A,2,0,0,0,000000000,00000000000,0,0,0,1,0,0,0,0,0,0,0,55,0,0,0,6,4,3,12,0,0,0,1,32,89139,6,1,0,0,3,0,71,165,0,0,0,0,0,0,0,0,0,0,0,0,0,0,3,4,65,1,1,2,1,0,0,1,53,1,1,1,25,0,0
32,320165,1,1,1,8,2,3,53,8,0,1,1,8,1,35,47,35047,4,2006,1N4BL11D46C2,1,N,4,B,L,1,1,D,4,6,C,2,0,0,0,000000000,00000000000,0,0,0,1,0,0,0,0,0,0,0,74,0,0,0,12,4,3,8,0,0,0,1,8,80124,6,1,0,0,3,3,72,175,0,0,0,0,0,0,0,0,0,3,91,36,38,0,2,4,45,1,2,2,1,0,0,1,80,1,1,1,13,0,1
32,320166,1,1,1,21,8,10,16,33,0,1,0,0,0,53,705,53705,80,2002,JS1GR7HA5221,J,S,1,G,R,7,H,A,5,2,2,1,0,0,0,000000000,00000000000,0,0,0,1,0,0,0,0,0,0,0,92,0,0,0,12,6,2,59,0,0,0,1,32,89147,0,0,0,0,0,0,71,180,0,0,0,0,0,0,0,0,0,3,36,6,8,37,1,2,25,2,1,2,1,0,0,14,6,3,2,4,2,1,0
32,320167,1,2,1,25,5,16,20,1,0,1,0,32,2,53,706,53706,80,2002,JS1VT52A6221,J,S,1,V,T,5,2,A,6,2,2,1,0,0,0,000000000,00000000000,0,0,0,1,0,0,0,0,0,0,0,60,0,0,0,0,6,2,1,0,0,0,1,32,89115,6,1,0,0,2,3,74,205,0,0,0,0,0,0,0,0,0,3,36,6,8,0,5,5,35,1,1,2,1,0,0,1,6,3,4,2,98,1,1
32,320167,2,2,4,25,5,16,20,1,0,1,0,32,1,7,482,7482,31,2000,1B7HC13Z6YJ1,1,B,7,H,C,1,3,Z,6,Y,J,1,0,0,0,000000000,00000000000,0,0,0,1,0,0,0,0,0,0,0,998,0,0,0,5,4,3,54,0,0,0,1,32,89115,6,1,0,0,3,0,66,185,0,0,0,0,0,0,0,0,0,0,0,0,0,0,5,5,35,1,1,2,1,0,0,11,63,1,1,1,98,0,0
32,320168,1,2,1,13,7,15,11,1,0,1,0,32,2,53,705,53705,80,2004,JS1GN7CAX421,J,S,1,G,N,7,C,A,X,4,2,1,0,0,0,000000000,00000000000,0,0,0,1,0,0,0,0,0,0,0,998,0,0,0,0,6,2,1,0,0,0,1,32,89129,6,1,0,0,3,0,70,130,0,2,0,1,0,8,2013,5,2014,0,0,0,0,0,2,3,45,1,1,2,1,0,0,15,62,3,3,2,98,1,0
32,320168,2,2,1,13,7,15,11,1,0,1,0,32,2,35,472,35472,30,2000,1N6ED27T6YC4,1,N,6,E,D,2,7,T,6,Y,C,4,0,0,0,000000000,00000000000,0,0,0,1,0,0,0,0,0,0,0,998,0,0,0,81,4,3,54,0,0,0,1,32,89108,6,1,0,0,3,0,66,190,0,0,0,0,0,0,0,0,0,0,0,0,0,0,2,4,45,1,1,2,1,0,0,11,15,1,1,1,98,0,0
32,320169,1,2,1,6,8,13,37,12,2,1,0,32,1,18,3,18003,4,1998,1G4CW52K3W46,1,G,4,C,W,5,2,K,3,W,4,6,0,0,0,000000000,00000000000,0,0,0,1,0,0,0,0,0,0,0,998,0,0,0,12,6,2,12,0,0,0,1,32,89103,6,1,0,0,3,3,60,125,0,0,0,0,0,0,0,0,0,0,0,0,0,0,2,4,45,1,1,2,1,3,3,11,15,1,1,1,74,1,0
32,320169,2,2,1,6,8,13,37,12,2,1,0,32,2,37,32,37032,4,2014,1HGCR2F55EA1,1,H,G,C,R,2,F,5,5,E,A,1,0,0,0,000000000,00000000000,0,0,0,1,0,0,0,0,0,0,0,998,0,0,0,12,6,2,12,0,0,0,1,6,90045,1,1,0,0,2,0,71,185,1,1,0,2,2,11,2012,7,2014,0,0,0,0,0,2,3,45,1,1,2,1,3,3,1,17,1,1,1,74,0,0
32,320170,1,2,1,11,8,14,38,12,6,1,0,6,4,20,404,20404,14,2013,2GNALPEK4D63,2,G,N,A,L,P,E,K,4,D,6,3,0,0,0,000000000,00000000000,0,0,0,1,0,0,0,0,0,0,0,19,0,0,0,83,4,3,12,0,0,0,1,32,89120,6,1,0,0,3,0,76,210,0,0,0,0,0,0,0,0,0,0,91,38,0,0,2,4,45,1,6,2,1,0,0,11,15,1,1,1,68,0,0
32,320170,2,2,1,11,8,14,38,12,6,1,0,32,1,76,706,76706,80,2014,JYARN33E0EA0,J,Y,A,R,N,3,3,E,0,E,A,0,0,0,0,000000000,00000000000,0,0,0,1,0,0,0,0,0,0,0,58,0,0,0,12,6,2,12,0,0,0,1,32,89120,6,1,0,0,3,0,74,215,0,0,0,0,0,0,0,0,0,3,0,0,0,0,2,4,45,1,6,2,1,0,0,1,62,9,2,2,69,1,0
32,320171,1,1,2,7,9,5,44,33,0,1,0,32,1,37,706,37706,80,1997,JH2SC331XVM1,J,H,2,S,C,3,3,1,X,V,M,1,0,0,0,000000000,00000000000,0,0,0,1,0,0,0,0,0,0,0,55,0,0,0,12,6,2,14,0,0,0,1,32,89142,6,1,0,0,3,0,69,158,0,0,0,0,0,0,0,0,0,3,99,99,99,99,1,2,25,2,1,2,1,0,0,14,13,3,2,4,2,1,0
32,320172,1,2,1,10,9,16,50,1,0,1,0,32,1,42,401,42401,14,2001,4JGAB54E71A2,4,J,G,A,B,5,4,E,7,1,A,2,0,0,0,000000000,00000000000,0,0,0,1,0,0,0,0,0,0,0,998,0,0,0,61,4,5,54,0,0,0,1,32,89166,6,1,0,0,3,0,67,145,0,2,0,0,1,2,2012,2,2013,0,91,38,0,0,0,0,0,0,0,0,0,0,0,1,17,1,1,1,98,0,0
32,320172,2,2,1,10,9,16,50,1,0,1,0,47,1,76,706,76706,80,2006,JYARN15E96A0,J,Y,A,R,N,1,5,E,9,6,A,0,0,0,0,000000000,00000000000,0,0,0,1,0,0,0,0,0,0,0,50,0,0,0,0,6,2,1,0,0,0,1,32,89143,6,1,0,0,2,3,71,195,0,2,0,0,1,8,2012,1,2013,0,0,0,0,0,1,7,45,1,1,2,1,0,0,1,66,3,4,2,98,1,0
32,320173,1,1,1,18,9,19,15,8,0,1,0,32,1,2,404,2404,14,2001,1J4FF48S71L5,1,J,4,F,F,4,8,S,7,1,L,5,0,0,0,000000000,00000000000,0,0,0,1,0,0,0,0,0,0,0,998,0,0,0,12,2,5,8,0,0,0,1,32,89122,6,1,0,0,3,3,71,180,0,0,0,0,0,0,0,0,0,0,0,0,0,0,2,3,45,1,1,2,1,0,0,1,80,8,2,1,13,0,0
32,320174,1,2,5,17,9,10,5,12,6,1,0,32,3,12,881,12881,61,2003,1FDWW36S43EA,1,F,D,W,W,3,6,S,4,3,E,A,1,1,77,777777777,77777777777,2,4,1,1,0,0,0,0,0,0,0,35,0,0,0,61,6,2,12,0,0,1,1,32,89101,6,1,0,0,3,0,70,175,0,0,0,0,0,0,0,0,0,0,39,0,0,0,2,5,45,1,5,2,1,3,3,1,17,1,1,1,90,1,0
32,320174,2,2,2,17,9,10,5,12,6,1,0,32,1,12,481,12481,31,1999,1FTSW31F3XEB,1,F,T,S,W,3,1,F,3,X,E,B,1,1,0,000000000,00000000000,0,0,0,1,0,0,0,0,0,0,0,45,0,0,0,12,6,2,12,0,0,0,1,32,89147,6,1,0,0,3,0,62,165,0,0,0,0,0,0,0,0,0,0,0,0,0,0,4,4,65,1,5,2,1,3,3,1,66,1,1,1,90,0,0
32,320175,1,1,4,30,9,7,45,1,0,1,0,30,1,20,22,20022,4,2007,1G1AK55F6771,1,G,1,A,K,5,5,F,6,7,7,1,0,0,0,000000000,00000000000,0,0,0,1,0,0,0,0,0,0,0,56,0,9,5,0,6,2,1,0,0,0,1,30,59722,6,1,6,0,3,0,72,165,98,0,0,0,0,0,0,0,0,0,58,28,0,0,1,2,70,1,8,2,1,0,0,1,13,1,1,4,1,1,0
32,320176,1,1,1,13,9,20,40,15,0,1,1,99,9,99,999,99999,99,9999,999999999999,9,9,9,9,9,9,9,9,9,9,9,9,0,0,0,000000000,00000000000,0,0,0,1,0,0,0,0,0,0,0,998,0,0,0,12,2,5,8,0,0,0,1,99,99999,9,9,99,9,9,9,999,999,99,99,99,99,99,99,9999,99,9999,9,99,99,99,99,5,5,25,1,1,2,1,0,0,1,80,99,9,9,13,0,0
32,320177,1,1,3,4,10,2,42,38,0,1,0,32,2,20,481,20481,31,1981,1GCFC24H3BZ1,1,G,C,F,C,2,4,H,3,B,Z,1,0,0,0,000000000,00000000000,0,0,0,1,0,0,0,0,0,0,0,80,0,9,6,61,6,2,1,0,0,0,1,32,89822,6,1,0,0,3,0,71,130,0,0,0,0,1,12,2013,12,2013,0,91,58,0,0,2,2,75,3,6,1,1,0,0,14,12,1,1,4,1,1,1
32,320178,1,1,3,11,10,3,20,43,0,1,0,6,2,37,31,37031,2,2008,2HGFG12838H5,2,H,G,F,G,1,2,8,3,8,H,5,0,0,0,000000000,00000000000,0,0,0,1,0,0,0,0,0,0,0,87,0,1,5,12,6,2,1,0,0,0,1,13,30294,6,1,0,0,3,3,73,140,98,0,0,0,2,3,2013,5,2013,3,99,99,99,99,1,2,45,1,1,2,1,0,0,1,6,99,3,4,2,2,1
32,320179,1,1,2,8,10,22,48,1,0,1,0,6,2,12,481,12481,31,1999,1FTNF21F1XEA,1,F,T,N,F,2,1,F,1,X,E,A,1,2,0,000000000,00000000000,0,0,0,1,0,0,0,0,0,0,0,66,0,1,5,0,6,2,1,0,0,0,1,6,95503,6,1,6,0,3,0,68,195,1,0,0,0,0,10,2014,10,2014,0,91,58,0,0,2,2,75,1,8,2,1,0,0,1,87,8,3,4,2,1,0
32,320180,1,1,1,11,10,17,15,1,0,1,0,49,1,34,706,34706,80,2003,WB10496AX3ZJ,W,B,1,0,4,9,6,A,X,3,Z,J,0,0,0,000000000,00000000000,0,0,0,1,0,0,0,0,0,0,0,75,0,0,0,0,6,2,1,0,0,0,1,49,84109,6,1,0,0,2,3,69,185,98,0,0,1,1,8,2013,1,2014,0,0,0,0,0,1,2,70,1,2,2,1,0,0,1,12,1,1,4,6,1,0
32,320181,1,1,4,22,10,23,30,33,0,1,1,32,4,20,39,20039,4,2004,KL1TJ52634B1,K,L,1,T,J,5,2,6,3,4,B,1,0,0,0,000000000,00000000000,0,0,0,1,0,0,0,0,0,0,0,71,0,1,6,12,6,2,42,0,0,1,1,32,89147,2,1,0,0,2,3,66,150,0,3,0,0,2,2,2012,8,2014,3,91,36,8,6,2,3,45,2,1,2,1,0,0,14,6,1,3,4,2,1,0
32,320182,1,2,1,24,10,13,52,12,6,1,0,32,1,49,48,49048,5,2006,JTKKT6246601,J,T,K,K,T,6,2,4,6,6,0,1,0,0,0,000000000,00000000000,0,0,0,1,0,0,0,0,0,0,0,8,0,0,0,62,4,3,12,0,0,0,1,32,89048,6,1,0,0,3,1,64,170,0,0,0,0,0,0,0,0,0,0,91,39,38,0,1,2,25,1,1,2,1,20,3,11,15,1,1,1,82,0,0
32,320182,2,2,1,24,10,13,52,12,6,1,0,32,1,53,705,53705,80,2005,JS1NP41AX521,J,S,1,N,P,4,1,A,X,5,2,1,0,0,0,000000000,00000000000,0,0,0,1,0,0,0,0,0,0,0,65,0,0,0,12,6,2,12,0,0,0,1,32,89048,1,1,1,0,2,0,72,150,0,0,0,0,0,0,0,0,0,0,0,0,0,0,5,3,55,1,1,2,1,0,0,1,67,1,1,1,83,1,0
32,320183,1,2,1,25,10,15,37,12,1,1,0,32,1,7,482,7482,31,2007,3D7MX48AX7G8,3,D,7,M,X,4,8,A,X,7,G,8,0,0,0,000000000,00000000000,0,0,0,1,0,0,0,0,0,0,0,43,0,0,0,12,2,3,12,0,0,0,1,32,89061,6,1,0,0,3,3,73,186,0,0,0,1,0,9,2014,9,2014,3,91,0,0,0,5,5,35,1,1,2,1,0,0,1,50,1,1,1,20,0,1
32,320183,2,2,4,25,10,15,37,12,1,1,0,32,1,49,32,49032,4,1993,JT2AEO4E2POO,J,T,2,A,E,O,4,E,2,P,O,O,0,0,0,000000000,00000000000,0,0,0,1,0,0,0,0,0,0,0,0,0,0,0,6,6,2,12,0,0,0,1,32,89115,1,1,0,0,2,0,73,200,0,8,1,0,0,3,2012,7,2013,0,54,0,0,0,5,5,35,1,1,2,1,0,0,5,53,1,1,1,21,1,0
32,320184,1,1,1,24,10,2,30,25,0,1,0,32,1,76,706,76706,80,2001,JYARN07E31A0,J,Y,A,R,N,0,7,E,3,1,A,0,0,0,0,000000000,00000000000,0,0,0,1,0,0,0,0,0,0,0,102,0,0,0,1,6,2,25,0,0,0,1,4,85361,6,1,0,0,2,0,74,185,0,0,0,1,0,3,2014,3,2014,3,0,0,0,0,4,1,65,2,5,1,1,0,0,14,13,1,1,4,1,1,1
32,320185,1,1,1,27,10,4,36,33,0,1,0,32,2,55,33,55033,4,2013,5NPEB4ACXDH7,5,N,P,E,B,4,A,C,X,D,H,7,0,0,0,000000000,00000000000,0,0,0,1,0,0,0,0,0,0,0,30,0,0,0,11,4,3,42,0,0,0,1,32,89052,6,1,0,0,3,0,70,130,0,0,0,0,0,0,0,0,0,0,51,0,0,0,2,2,35,1,6,2,1,0,0,1,12,1,1,4,6,1,0
32,320186,1,2,1,27,10,16,54,1,0,1,0,32,1,38,401,38401,14,1999,JACDJ58XXX79,J,A,C,D,J,5,8,X,X,X,7,9,0,0,0,000000000,00000000000,0,0,0,1,0,0,0,0,0,0,0,998,0,0,0,81,4,5,54,0,0,0,1,32,89118,6,1,0,0,3,1,71,201,0,0,0,0,1,5,2013,5,2013,0,0,0,0,0,1,7,45,1,1,2,1,0,0,11,15,1,1,1,98,0,0
32,320186,2,2,1,27,10,16,54,1,0,1,0,32,1,37,706,37706,80,2007,JH2SC48017M5,J,H,2,S,C,4,8,0,1,7,M,5,0,0,0,000000000,00000000000,0,0,0,1,0,0,0,0,0,0,0,89,0,0,0,0,4,3,54,0,0,0,1,32,89121,6,1,0,0,3,3,73,175,0,0,0,0,0,0,0,0,0,3,36,6,8,0,1,7,45,1,1,2,1,0,0,1,62,3,4,2,98,1,1
32,320187,1,1,2,2,10,3,11,33,0,1,0,6,1,49,50,49050,3,2008,JTKDE1673802,J,T,K,D,E,1,6,7,3,8,0,2,0,0,0,000000000,00000000000,0,0,0,1,0,0,0,0,0,0,0,998,0,1,1,11,6,2,1,0,0,0,1,6,93650,6,1,0,0,3,3,71,160,0,0,0,0,0,0,0,0,0,3,58,0,0,0,2,2,45,2,3,2,1,0,0,14,89,4,9,4,8,1,1
32,320188,1,1,1,1,11,19,15,8,0,1,0,32,2,12,481,12481,31,2011,1FTFX1CT1BFB,1,F,T,F,X,1,C,T,1,B,F,B,0,0,0,000000000,00000000000,0,0,0,1,0,0,0,0,0,0,0,998,0,0,0,1,4,5,8,0,0,0,1,32,89101,2,1,0,0,2,0,68,227,0,0,0,0,0,0,0,0,0,0,0,0,0,0,2,5,65,2,5,2,1,0,0,14,80,8,1,2,13,0,0
32,320189,1,1,1,2,11,19,33,8,0,1,0,32,1,20,471,20471,30,2002,1GCCS1959282,1,G,C,C,S,1,9,5,9,2,8,2,0,0,0,000000000,00000000000,0,0,0,1,0,0,0,0,0,0,0,45,0,0,0,12,4,5,8,0,0,0,1,32,89110,6,1,0,0,3,0,68,205,0,0,0,0,0,0,0,0,0,0,0,0,0,0,2,3,35,1,1,2,1,0,0,1,80,1,1,1,13,0,0
32,320190,1,1,2,31,10,19,15,8,0,1,0,32,1,6,52,6052,6,2001,3C4FY4BB11T3,3,C,4,F,Y,4,B,B,1,1,T,3,0,0,0,000000000,00000000000,0,0,0,1,0,0,0,0,0,0,0,998,0,0,0,12,2,5,8,0,0,0,1,32,89104,6,1,0,0,3,0,66,250,0,1,0,0,3,5,2012,6,2013,0,0,0,0,0,2,3,45,1,2,2,1,0,0,1,80,1,1,1,13,0,0
32,320191,1,2,8,2,11,5,11,12,7,1,0,32,2,20,421,20421,15,2001,1GNEC13T01R2,1,G,N,E,C,1,3,T,0,1,R,2,0,0,0,000000000,00000000000,0,0,0,1,0,0,0,0,0,0,0,75,0,1,1,62,6,2,1,0,0,0,1,32,89101,1,1,0,0,2,0,999,999,0,1,0,0,2,12,2011,11,2014,0,91,58,0,0,2,2,65,1,6,2,1,0,0,15,10,1,4,2,47,1,1
32,320191,2,2,1,2,11,5,11,12,7,1,0,32,2,20,421,20421,15,2003,1GNEC13V63J2,1,G,N,E,C,1,3,V,6,3,J,2,0,0,0,000000000,00000000000,0,0,0,1,0,0,0,0,0,0,0,65,0,0,0,81,4,5,12,0,0,0,1,32,89102,6,1,0,0,3,0,73,190,0,4,0,0,1,4,2013,8,2013,0,0,0,0,0,2,2,65,1,6,2,1,0,0,1,61,1,1,1,45,0,0
32,320192,1,1,3,4,6,13,55,1,0,1,0,6,2,20,481,20481,31,2002,2GCEK19T6211,2,G,C,E,K,1,9,T,6,2,1,1,0,0,0,000000000,00000000000,0,0,0,1,0,0,0,0,0,0,0,73,0,1,3,0,6,2,1,0,0,0,1,16,83634,6,1,0,0,3,0,70,175,1,0,0,0,0,12,2013,12,2013,0,58,0,0,0,2,2,75,1,1,2,1,0,0,1,1,6,4,4,7,1,0
32,320193,1,2,1,18,11,5,56,12,6,1,0,6,1,20,37,20037,4,1999,1G1ND52T1X62,1,G,1,N,D,5,2,T,1,X,6,2,0,0,0,000000000,00000000000,0,0,0,1,0,0,0,0,0,0,0,70,0,0,0,12,6,2,12,0,0,0,1,6,93312,1,1,0,0,2,0,68,160,0,1,0,0,0,2,2014,2,2014,0,28,0,0,0,1,2,70,1,6,2,1,0,0,1,10,1,1,2,66,1,0
32,320193,2,2,1,18,11,5,56,12,6,1,0,36,2,51,881,51881,66,2007,4V4NC9GH57N4,4,V,4,N,C,9,G,H,5,7,N,4,1,1,57,1277903,571277903,3,6,1,1,0,0,0,0,0,0,0,70,0,0,0,11,6,2,12,0,0,0,1,36,14619,6,1,6,0,3,0,66,999,0,0,0,0,0,0,0,0,0,0,0,0,0,0,1,2,70,1,6,2,1,0,0,1,62,1,1,1,66,0,0
32,320194,1,1,3,5,11,15,45,25,0,1,0,32,2,49,402,49402,14,2002,JTEGH20V4200,J,T,E,G,H,2,0,V,4,2,0,0,0,0,0,000000000,00000000000,0,0,0,1,0,0,0,0,0,0,0,65,0,1,1,12,6,2,1,0,0,0,1,32,89144,6,1,0,0,3,1,72,165,0,0,0,2,0,3,2012,3,2012,0,91,0,0,0,6,1,65,2,3,1,1,0,0,14,13,7,3,4,2,1,0
32,320195,1,1,1,17,10,15,37,8,0,1,0,32,1,55,35,55035,4,2014,KMHD4AE7EU16,K,M,H,D,4,A,E,7,E,U,1,6,0,0,0,000000000,00000000000,0,0,0,1,0,0,0,0,0,0,0,998,0,0,0,12,0,5,8,0,0,0,1,32,89118,6,1,0,0,3,0,61,110,0,0,0,0,0,0,0,0,0,0,0,0,0,0,0,0,0,0,0,0,0,0,0,1,80,1,1,5,15,0,0
32,320196,1,2,2,18,9,19,48,1,0,1,0,32,1,53,706,53706,80,2001,JS1VP52A2121,J,S,1,V,P,5,2,A,2,1,2,1,0,0,0,000000000,00000000000,0,0,0,1,0,0,0,0,0,0,0,60,0,0,0,0,2,3,1,0,0,0,1,32,89143,6,1,0,0,2,0,70,135,0,0,0,0,0,0,0,0,0,3,91,0,0,0,1,2,35,1,1,2,1,0,0,1,72,3,4,2,98,1,0
32,320196,2,2,1,18,9,19,48,1,0,1,0,32,1,42,42,42042,4,2012,WDDGF4HB6CA6,W,D,D,G,F,4,H,B,6,C,A,6,0,0,0,000000000,00000000000,0,0,0,1,0,0,0,0,0,0,0,15,0,0,0,7,2,3,54,0,0,0,1,32,89031,6,1,0,0,3,0,69,160,0,0,0,0,1,2,2012,2,2012,0,0,0,0,0,0,0,0,0,0,0,0,0,0,11,15,1,1,1,98,0,0
32,320197,1,1,1,31,8,3,45,1,0,1,0,32,1,72,706,72706,80,2005,1HD1FVW185Y6,1,H,D,1,F,V,W,1,8,5,Y,6,0,0,0,000000000,00000000000,0,0,0,1,0,0,0,0,0,0,0,59,0,0,0,0,4,3,1,0,0,0,1,32,89085,6,1,0,0,3,0,69,220,0,0,0,0,0,0,0,0,0,0,6,8,28,0,1,4,25,2,1,2,1,0,0,14,12,3,2,4,7,1,1
32,320198,1,2,1,24,10,1,52,12,7,1,0,32,2,30,40,30040,4,1997,3VWVA81H3VM0,3,V,W,V,A,8,1,H,3,V,M,0,0,0,0,000000000,00000000000,0,0,0,1,0,0,0,0,0,0,0,94,0,1,5,61,6,2,1,0,0,0,1,32,89701,0,0,0,0,0,0,999,999,0,0,0,0,0,0,0,0,0,0,8,6,36,0,2,2,70,1,6,2,1,0,0,1,10,1,1,2,45,1,1
32,320198,2,2,1,24,10,1,52,12,7,1,0,32,1,49,401,49401,14,1997,JT3HN86R7V00,J,T,3,H,N,8,6,R,7,V,0,0,0,0,0,000000000,00000000000,0,0,0,1,0,0,0,0,0,0,0,75,0,0,0,81,2,5,12,0,0,0,1,32,89449,6,1,0,0,3,1,70,150,0,0,0,0,0,0,0,0,0,0,0,0,0,0,2,2,70,1,6,2,1,0,0,1,61,1,1,1,44,0,0
32,320199,1,1,1,13,9,7,5,9,0,1,0,32,1,37,32,37032,4,2005,1HGCM66885A0,1,H,G,C,M,6,6,8,8,5,A,0,0,0,0,000000000,00000000000,0,0,0,1,0,0,0,0,0,0,0,56,0,0,0,12,6,2,9,0,0,0,1,32,89032,6,1,0,0,3,0,64,170,0,0,0,0,0,0,0,0,0,3,0,0,0,0,2,5,35,1,1,2,1,2,3,1,83,6,1,1,13,0,1
32,320200,1,3,1,3,10,15,18,12,7,1,0,32,3,12,481,12481,31,2013,1FT7X2A6XDEA,1,F,T,7,X,2,A,6,X,D,E,A,1,1,57,1157500,571157500,3,4,97,1,0,0,0,0,0,0,0,998,0,0,0,10,4,3,12,0,0,0,1,32,89129,6,1,0,0,2,0,66,200,0,1,0,0,0,3,2012,3,2012,0,91,0,0,0,2,5,45,1,6,2,1,2,3,15,52,1,1,2,48,0,0
32,320200,2,3,1,3,10,15,18,12,7,1,0,32,1,72,706,72706,80,2007,1HD1PT9187Y9,1,H,D,1,P,T,9,1,8,7,Y,9,0,0,0,000000000,00000000000,0,0,0,1,0,0,0,0,0,0,0,998,0,0,0,6,4,3,1,0,0,0,1,48,99999,6,1,0,0,3,0,999,999,0,0,0,0,0,0,0,0,0,0,0,0,0,0,2,5,45,1,6,2,1,2,3,2,53,1,1,1,48,1,0
32,320200,3,3,1,3,10,15,18,12,7,1,0,32,1,37,421,37421,15,2004,5FNYF184X4B0,5,F,N,Y,F,1,8,4,X,4,B,0,0,0,0,000000000,00000000000,0,0,0,1,0,0,0,0,0,0,0,998,0,0,0,81,2,5,54,0,0,0,1,32,89031,6,1,0,0,3,0,66,188,0,0,0,0,0,0,0,0,0,0,0,0,0,0,2,5,45,1,6,2,1,2,3,2,98,1,1,1,98,0,0
32,320201,1,2,1,30,7,23,22,1,0,1,0,32,1,72,706,72706,80,2009,1HD1BW5339Y0,1,H,D,1,B,W,5,3,3,9,Y,0,0,0,0,000000000,00000000000,0,0,0,1,0,0,0,0,0,0,0,40,0,0,0,0,6,2,54,0,0,0,1,32,89460,6,1,0,0,3,0,67,210,0,0,0,1,0,1,2012,1,2012,0,28,0,0,0,1,2,45,3,6,2,1,0,0,14,10,3,3,2,98,1,0