STATE,ST_CASE,VEH_NO,VE_FORMS,NUMOCCS,DAY,MONTH,HOUR,MINUTE,HARM_EV,MAN_COLL,UNITTYPE,HIT_RUN,REG_STAT,OWNER,MAKE,MODEL,MAK_MOD,BODY_TYP,MOD_YEAR,VIN,VIN_1,VIN_2,VIN_3,VIN_4,VIN_5,VIN_6,VIN_7,VIN_8,VIN_9,VIN_10,VIN_11,VIN_12,TOW_VEH,J_KNIFE,MCARR_I1,MCARR_I2,MCARR_ID,GVWR,V_CONFIG,CARGO_BT,HAZ_INV,HAZ_PLAC,HAZ_ID,HAZ_CNO,HAZ_REL,BUS_USE,SPEC_USE,EMER_USE,TRAV_SP,UNDERIDE,ROLLOVER,ROLINLOC,IMPACT1,DEFORMED,TOWED,M_HARM,VEH_SC1,VEH_SC2,FIRE_EXP,DR_PRES,L_STATE,DR_ZIP,L_STATUS,L_TYPE,CDL_STAT,L_ENDORS,L_COMPL,L_RESTRI,DR_HGT,DR_WGT,PREV_ACC,PREV_SUS,PREV_DWI,PREV_SPD,PREV_OTH,FIRST_MO,FIRST_YR,LAST_MO,LAST_YR,SPEEDREL,DR_SF1,DR_SF2,DR_SF3,DR_SF4,VTRAFWAY,VNUM_LAN,VSPD_LIM,VALIGN,VPROFILE,VPAVETYP,VSURCOND,VTRAFCON,VTCONT_F,P_CRASH1,P_CRASH2,P_CRASH3,PCRASH4,PCRASH5,ACC_TYPE,DEATHS,DR_DRINK
32,320201,2,2,1,30,7,23,22,1,0,1,0,32,1,14,37,14037,4,1999,1MEFM6536XK6,1,M,E,F,M,6,5,3,6,X,K,6,0,0,0,000000000,00000000000,0,0,0,1,0,0,0,0,0,0,0,40,0,0,0,12,6,2,54,0,0,0,1,32,89460,6,1,0,0,3,0,72,220,0,0,0,1,0,9,2011,9,2011,0,0,0,0,0,1,2,45,2,6,2,1,0,0,14,62,9,1,1,98,0,0
32,320202,1,1,1,16,11,4,25,9,0,1,1,99,9,99,999,99999,99,9999,999999999999,9,9,9,9,9,9,9,9,9,9,9,9,0,0,0,000000000,00000000000,0,0,0,1,0,0,0,0,0,0,0,999,0,0,0,12,9,5,9,0,0,0,1,99,99999,9,9,99,0,9,9,999,999,99,99,99,99,99,99,9999,99,9999,9,99,99,99,99,2,3,45,1,1,2,1,0,0,1,83,99,9,9,13,0,0
32,320203,1,1,2,8,11,18,48,8,0,1,0,32,2,55,38,55038,4,2005,KMHFU45E05A4,K,M,H,F,U,4,5,E,0,5,A,4,0,0,0,000000000,00000000000,0,0,0,1,0,0,0,0,0,0,0,20,0,0,0,12,2,5,8,0,0,0,1,32,89014,6,1,0,0,3,1,71,197,0,0,0,0,0,0,0,0,0,0,0,0,0,0,2,3,35,1,1,2,1,2,3,1,80,1,1,1,13,0,0
32,320204,1,1,2,9,11,19,43,1,0,1,0,32,2,20,481,20481,31,2002,1GCHK29U32E3,1,G,C,H,K,2,9,U,3,2,E,3,0,0,0,000000000,00000000000,0,0,0,1,0,0,0,0,0,0,0,73,0,1,3,0,6,2,1,0,0,0,1,32,89433,6,1,0,0,3,0,72,250,0,0,0,1,1,12,2012,5,2013,0,58,0,0,0,2,2,75,1,1,2,1,0,0,1,12,1,4,4,7,1,1
32,320205,1,1,1,21,12,17,25,8,0,1,1,99,9,49,472,49472,30,9999,999999999999,9,9,9,9,9,9,9,9,9,9,9,9,0,0,0,000000000,00000000000,0,0,0,1,0,0,0,0,0,0,0,998,0,0,0,12,9,5,8,0,0,0,1,99,99999,9,9,99,9,9,9,999,999,99,99,99,99,99,99,9999,99,9999,9,99,99,99,99,2,3,40,1,1,2,1,0,0,1,80,99,9,9,13,0,0
32,320206,1,1,1,18,11,9,11,1,0,1,0,32,1,24,1,24001,4,1999,1G8ZK5276XZ3,1,G,8,Z,K,5,2,7,6,X,Z,3,0,0,0,000000000,00000000000,0,0,0,1,0,0,0,0,0,0,0,99,0,1,3,0,6,2,1,0,0,0,1,32,89101,6,1,0,0,3,3,76,220,0,0,0,0,0,0,0,0,0,4,58,28,0,0,6,1,45,2,6,2,1,0,0,14,6,1,3,4,7,1,0
32,320207,1,4,1,12,11,4,20,8,0,1,0,32,1,49,482,49482,31,2005,5TBKT42195S4,5,T,B,K,T,4,2,1,9,5,S,4,0,0,0,000000000,00000000000,0,0,0,1,0,0,0,0,0,0,0,65,0,0,0,12,4,3,8,0,0,0,1,32,89509,6,1,0,0,3,0,74,195,0,0,0,0,0,0,0,0,0,0,0,0,0,0,3,6,65,1,6,2,1,0,0,1,82,1,1,1,13,0,0
32,320207,2,4,1,12,11,4,20,8,0,1,0,31,3,87,881,87881,66,2014,1XPHD49XXED2,1,X,P,H,D,4,9,X,X,E,D,2,1,1,57,205228,57205228,3,6,1,1,0,0,0,0,0,0,0,65,0,0,0,98,0,5,8,0,0,0,1,17,62401,6,1,6,0,3,0,999,999,0,0,0,0,0,0,0,0,0,0,0,0,0,0,3,6,65,1,6,2,1,0,0,1,80,1,1,1,98,0,0
32,320207,3,4,1,12,11,4,20,8,0,1,0,8,1,18,2,18002,4,1995,1G4HP52L7SH5,1,G,4,H,P,5,2,L,7,S,H,5,0,0,0,000000000,00000000000,0,0,0,1,0,0,0,0,0,0,0,65,0,0,0,98,0,5,8,0,0,0,1,8,81122,6,1,0,0,3,0,72,195,0,0,0,0,0,0,0,0,0,0,0,0,0,0,3,6,65,1,6,2,1,0,0,1,80,1,1,1,98,0,0
32,320207,4,4,1,12,11,4,20,8,0,1,0,32,3,12,401,12401,14,2014,1FM5K8AR9EGB,1,F,M,5,K,8,A,R,9,E,G,B,0,0,0,000000000,00000000000,0,0,0,1,0,0,0,0,0,0,0,30,0,0,0,12,0,5,8,41,0,0,1,32,89106,6,1,0,0,3,0,72,235,0,0,0,0,0,0,0,0,0,0,16,0,0,0,3,6,65,1,6,2,1,0,0,1,80,1,1,1,98,0,0
32,320208,1,2,1,15,11,8,39,12,6,1,0,32,2,37,32,37032,4,1996,1HGCD5638TA0,1,H,G,C,D,5,6,3,8,T,A,0,0,0,0,000000000,00000000000,0,0,0,1,0,0,0,0,0,0,0,15,0,0,0,61,4,3,12,0,0,0,1,32,89104,0,0,0,0,0,0,62,92,0,0,0,0,0,0,0,0,0,0,91,38,0,0,6,1,65,2,8,2,1,0,0,10,10,1,1,1,78,0,0
32,320208,2,2,1,15,11,8,39,12,6,1,0,32,1,73,706,73706,80,1998,JKBVNAE1XWA0,J,K,B,V,N,A,E,1,X,W,A,0,0,0,0,000000000,00000000000,0,0,0,1,0,0,0,0,0,0,0,45,0,0,0,12,6,2,12,0,0,0,1,32,89123,6,1,0,0,3,0,74,230,0,0,0,0,1,11,2013,11,2013,0,0,0,0,0,2,3,45,1,1,2,1,0,0,1,61,6,1,1,79,1,1
32,320209,1,4,1,1,10,20,22,11,0,1,0,32,1,72,706,72706,80,2007,1HD1BX53X7Y0,1,H,D,1,B,X,5,3,X,7,Y,0,0,0,0,000000000,00000000000,0,0,0,1,0,0,0,0,0,0,0,60,0,0,0,12,6,2,11,0,0,0,1,32,89403,6,1,0,0,3,3,72,240,0,0,0,1,0,7,2013,7,2013,0,0,0,0,0,1,2,65,1,1,2,1,0,0,1,87,99,9,1,13,1,0
32,320209,2,4,2,1,10,20,22,11,0,1,0,32,2,7,402,7402,14,1998,1B4HS28ZXWF1,1,B,4,H,S,2,8,Z,X,W,F,1,0,0,0,000000000,00000000000,0,0,0,1,0,0,0,0,0,0,0,63,0,0,0,12,2,5,54,0,0,0,1,32,89429,6,1,0,0,3,0,69,180,0,0,0,0,0,0,0,0,0,0,0,0,0,0,1,2,65,1,1,2,1,0,0,1,80,1,1,1,98,0,0
32,320209,3,4,1,1,10,20,22,11,0,1,0,32,1,20,39,20039,5,2011,KL1TG6DE8BB1,K,L,1,T,G,6,D,E,8,B,B,1,0,0,0,000000000,00000000000,0,0,0,1,0,0,0,0,0,0,0,65,0,0,0,12,4,3,54,0,0,0,1,32,89429,6,1,0,0,3,0,61,130,0,0,0,0,0,0,0,0,0,0,0,0,0,0,1,2,65,1,1,2,1,0,0,1,80,1,1,1,98,0,0
32,320209,4,4,4,1,10,20,22,11,0,1,0,32,2,63,34,63034,4,2010,KNAGG4A80A54,K,N,A,G,G,4,A,8,0,A,5,4,0,0,0,000000000,00000000000,0,0,0,1,0,0,0,0,0,0,0,65,0,0,0,12,2,5,54,0,0,0,1,32,89406,6,1,0,0,3,1,64,148,0,0,0,0,0,0,0,0,0,0,0,0,0,0,1,2,65,1,1,2,1,0,0,1,80,1,1,1,98,0,0
32,320210,1,1,1,7,6,19,14,8,0,1,0,32,3,12,481,12481,31,2006,1FTWX31P46EC,1,F,T,W,X,3,1,P,4,6,E,C,0,0,0,000000000,00000000000,0,0,0,1,0,0,0,0,0,0,0,28,0,0,0,12,0,5,8,0,0,0,1,32,89445,6,1,0,0,3,3,71,138,0,0,0,0,0,0,0,0,0,0,6,0,0,0,1,8,25,1,6,2,1,20,3,1,80,1,9,1,13,0,0
32,320211,1,1,2,28,9,21,15,1,0,1,0,30,1,98,706,98706,80,2014,VBKV29405EM9,V,B,K,V,2,9,4,0,5,E,M,9,0,0,0,000000000,00000000000,0,0,0,1,0,0,0,0,0,0,0,998,0,0,0,0,2,3,1,0,0,0,1,32,89134,6,1,0,0,3,3,74,230,0,0,0,0,0,0,0,0,0,0,0,0,0,0,1,2,25,1,8,2,1,0,0,1,12,1,9,4,6,1,1
32,320212,1,1,0,8,3,11,33,17,0,1,0,32,3,12,422,12422,15,2007,1FMFU18527LA,1,F,M,F,U,1,8,5,2,7,L,A,0,0,0,000000000,00000000000,0,0,0,1,0,0,0,0,0,0,0,4,0,0,0,61,2,5,8,0,0,0,0,0,99997,7,6,97,7,6,7,998,997,998,998,998,998,998,98,9998,98,9998,8,0,0,0,0,0,0,0,0,0,0,0,0,0,0,80,0,0,0,98,0,0
32,320213,1,1,2,22,11,11,56,1,0,1,0,6,2,35,401,35401,14,1997,JN8AR05Y4VW1,J,N,8,A,R,0,5,Y,4,V,W,1,0,0,0,000000000,00000000000,0,0,0,1,0,0,0,0,0,0,0,75,0,1,1,0,6,2,24,0,0,0,1,31,68512,6,1,0,0,3,3,63,175,1,0,0,1,1,6,2012,2,2014,0,58,0,0,0,2,2,75,2,5,2,1,0,0,14,12,1,4,6,98,1,0
32,320214,1,1,1,18,10,16,30,1,0,1,0,32,1,49,32,49032,4,1996,1NXBB02E7TZ4,1,N,X,B,B,0,2,E,7,T,Z,4,0,0,0,000000000,00000000000,0,0,0,1,0,0,0,0,0,0,0,66,0,1,5,0,6,2,1,0,0,0,1,32,89310,6,1,0,0,3,0,66,190,0,0,0,0,0,0,0,0,0,0,99,99,99,99,1,2,55,1,2,2,1,0,0,1,13,1,9,4,1,1,0
32,320215,1,1,2,15,11,3,21,33,0,1,0,32,2,22,16,22016,2,2005,3G2JB12F65S1,3,G,2,J,B,1,2,F,6,5,S,1,0,0,0,000000000,00000000000,0,0,0,1,0,0,0,0,0,0,0,45,0,0,0,81,6,2,30,0,0,0,1,32,89431,6,1,0,0,3,3,74,169,0,0,0,0,0,0,0,0,0,3,91,6,8,36,1,2,25,2,1,2,1,0,0,14,6,1,4,4,2,1,1
32,320216,1,1,1,11,11,17,26,8,0,1,0,32,1,72,706,72706,80,1999,1HD1CGP3XXK1,1,H,D,1,C,G,P,3,X,X,K,1,0,0,0,000000000,00000000000,0,0,0,1,0,0,0,0,0,0,0,31,0,0,0,12,4,3,8,0,0,0,1,32,89423,6,1,0,0,3,0,68,200,0,0,0,0,1,5,2013,5,2013,0,91,38,0,0,1,2,35,1,1,2,1,0,0,1,80,1,1,1,13,0,1
32,320217,1,1,2,18,11,14,17,8,0,1,1,32,2,20,481,20481,31,2002,1GCHK29U02E2,1,G,C,H,K,2,9,U,0,2,E,2,0,0,0,000000000,00000000000,0,0,0,1,0,0,0,0,0,0,0,55,0,0,0,12,2,3,38,0,0,0,1,32,89442,2,1,0,0,2,0,65,130,0,4,1,0,0,11,2012,8,2013,0,91,0,0,0,1,2,55,1,1,2,1,0,0,1,80,1,1,4,13,0,1
32,320218,1,1,1,15,11,14,7,9,0,1,1,32,2,54,31,54031,3,1992,JH4DA9453NS0,J,H,4,D,A,9,4,5,3,N,S,0,0,0,0,000000000,00000000000,0,0,0,1,0,0,0,0,0,0,0,48,0,0,0,12,4,5,9,0,0,0,1,32,89118,4,1,0,0,2,0,72,150,0,12,0,0,3,6,2014,11,2014,3,6,8,36,91,2,2,35,1,5,2,1,0,0,1,83,9,2,2,13,0,0
32,320219,1,2,1,24,11,10,49,8,0,1,1,32,2,37,31,37031,4,2007,2HGFA16557H3,2,H,G,F,A,1,6,5,5,7,H,3,0,0,0,000000000,00000000000,0,0,0,1,0,0,0,0,0,0,0,998,0,0,0,12,4,5,8,0,0,0,1,32,89113,2,1,0,0,2,0,64,132,0,0,0,0,0,0,0,0,0,4,91,34,0,0,2,4,45,1,1,2,1,0,0,6,80,1,1,4,13,0,0
32,320219,2,2,1,24,11,10,49,8,0,1,0,32,1,2,403,2403,14,2014,1C4BJWFG2EL1,1,C,4,B,J,W,F,G,2,E,L,1,0,0,0,000000000,00000000000,0,0,0,1,0,0,0,0,0,0,0,998,0,0,0,6,2,5,12,0,0,0,1,32,89104,6,1,0,0,3,0,74,210,0,0,0,0,0,0,0,0,0,0,0,0,0,0,2,4,45,1,1,2,1,0,0,1,61,1,1,1,98,0,0
32,320220,1,1,1,31,12,20,21,8,0,1,0,32,1,22,18,22018,4,2003,1G2NE52F23C1,1,G,2,N,E,5,2,F,2,3,C,1,0,0,0,000000000,00000000000,0,0,0,1,0,0,0,0,0,0,0,45,0,0,0,12,4,3,8,0,0,0,1,32,89502,6,1,0,0,3,3,67,165,0,0,0,0,0,0,0,0,0,0,0,0,0,0,2,4,40,1,1,2,1,0,0,1,80,1,1,1,13,0,0
32,320221,1,2,1,17,11,4,57,12,6,1,0,32,1,41,50,41050,4,2013,1YVHZ8BHXD5M,1,Y,V,H,Z,8,B,H,X,D,5,M,0,0,0,000000000,00000000000,0,0,0,1,0,0,0,0,0,0,0,52,0,0,0,12,6,2,12,0,0,0,1,32,89084,6,1,0,0,3,0,69,190,0,0,0,0,0,0,0,0,0,0,58,28,0,0,2,2,65,2,5,2,1,0,0,14,10,1,4,6,66,1,0
32,320221,2,2,2,17,11,4,57,12,6,1,0,49,1,19,421,19421,15,2000,1GYEK63R1YR2,1,G,Y,E,K,6,3,R,1,Y,R,2,0,0,0,000000000,00000000000,0,0,0,1,0,0,0,0,0,0,0,72,0,0,0,11,6,2,2,0,0,1,1,49,84720,6,1,0,0,3,0,68,181,98,0,0,0,0,0,0,0,0,0,0,0,0,0,2,2,55,3,5,2,1,0,0,14,62,1,1,1,66,2,0
32,320222,1,1,1,20,11,6,20,59,0,1,0,32,1,7,482,7482,31,2012,3C63D3HL9CG3,3,C,6,3,D,3,H,L,9,C,G,3,0,0,0,000000000,00000000000,0,0,0,1,0,0,0,0,0,0,0,75,0,0,0,12,4,3,34,0,0,0,1,32,89820,6,1,0,0,3,0,66,210,0,0,0,0,0,0,0,0,0,0,0,0,0,0,1,2,70,4,1,2,1,0,0,14,13,1,1,4,1,1,1
32,320223,1,1,1,3,12,1,4,33,0,1,0,32,2,52,37,52037,2,2001,4A3AC84H51E1,4,A,3,A,C,8,4,H,5,1,E,1,0,0,0,000000000,00000000000,0,0,0,1,0,0,0,0,0,0,0,78,0,0,0,12,6,2,30,0,0,0,1,32,89104,3,1,0,0,2,3,68,165,0,0,0,0,0,0,0,0,0,4,6,8,36,0,2,3,45,2,1,2,2,0,0,14,6,1,4,4,7,1,0
32,320224,1,2,3,12,11,5,45,12,6,1,0,32,3,7,442,7442,20,2006,1D8GP25R66B5,1,D,8,G,P,2,5,R,6,6,B,5,0,0,0,000000000,00000000000,0,0,0,1,0,0,0,0,0,0,0,998,0,0,0,63,6,2,12,0,0,0,1,32,89049,6,1,0,0,3,3,70,200,0,0,0,0,0,0,0,0,0,0,91,0,0,0,1,2,70,1,1,2,1,0,0,1,10,1,3,6,66,1,0
32,320224,2,2,2,12,11,5,45,12,6,1,0,6,1,49,46,49046,4,2006,JTDKB20U8631,J,T,D,K,B,2,0,U,8,6,3,1,0,0,0,000000000,00000000000,0,0,0,1,0,0,0,0,0,0,0,64,0,0,0,12,6,2,12,0,0,0,1,6,94952,6,1,0,0,3,0,66,180,0,0,0,1,0,9,2012,9,2012,0,0,0,0,0,1,2,70,1,1,2,1,0,0,1,62,1,1,1,66,0,0
32,320225,1,2,1,25,11,6,43,12,6,1,0,32,1,59,33,59033,2,1995,JT8UZ30CXS00,J,T,8,U,Z,3,0,C,X,S,0,0,0,0,0,000000000,00000000000,0,0,0,1,0,0,0,0,0,0,0,998,0,0,0,1,4,3,12,0,0,0,1,32,89120,6,1,0,0,3,0,71,150,0,0,0,0,0,0,0,0,0,0,38,0,0,0,2,3,35,1,1,2,1,3,3,11,15,1,1,1,68,1,0
32,320225,2,2,1,25,11,6,43,12,6,1,0,32,1,49,46,49046,5,2008,JTDKB20U7877,J,T,D,K,B,2,0,U,7,8,7,7,0,0,0,000000000,00000000000,0,0,0,1,0,0,0,0,0,0,0,998,0,0,0,12,6,2,12,0,0,0,1,32,89183,6,1,0,0,3,3,71,160,0,0,0,0,0,0,0,0,0,0,0,0,0,0,2,3,35,1,1,2,1,3,3,1,62,1,1,1,69,0,0
32,320226,1,2,1,17,11,23,8,12,1,1,0,32,1,63,441,63441,20,2006,KNDMB2332660,K,N,D,M,B,2,3,3,2,6,6,0,0,0,0,000000000,00000000000,0,0,0,1,0,0,0,0,0,0,0,55,1,0,0,12,6,2,12,0,0,0,1,32,89052,6,1,0,0,3,0,69,165,0,3,1,0,0,5,2013,1,2014,0,0,0,0,0,2,6,55,1,6,2,1,2,3,1,50,3,2,1,20,1,1
32,320226,2,2,1,17,11,23,8,12,1,1,0,49,3,82,881,82881,66,2014,3AKJGLD63ESF,3,A,K,J,G,L,D,6,3,E,S,F,1,1,57,0054054,570054054,3,6,3,1,0,0,0,0,0,0,0,0,0,0,0,6,4,3,12,0,0,0,1,32,89103,6,1,6,1,3,1,71,230,0,0,0,0,0,0,0,0,0,0,0,0,0,0,2,6,55,1,6,2,1,2,3,5,53,1,1,1,21,0,0
32,320227,1,5,1,27,11,6,43,12,6,1,0,32,2,37,31,37031,4,2000,2HGEJ6674YH5,2,H,G,E,J,6,6,7,4,Y,H,5,0,0,0,000000000,00000000000,0,0,0,1,0,0,0,0,0,0,0,35,0,0,0,12,6,2,12,0,0,0,1,32,89121,6,1,0,0,3,0,65,125,0,0,0,0,1,11,2012,11,2012,0,91,39,0,0,2,5,45,1,1,2,1,3,3,1,17,1,1,1,86,0,0
32,320227,2,5,2,27,11,6,43,12,6,1,0,32,1,12,401,12401,14,1996,1FMCU22X7TUC,1,F,M,C,U,2,2,X,7,T,U,C,0,0,0,000000000,00000000000,0,0,0,1,0,0,0,0,0,0,0,30,0,0,0,83,4,3,12,0,0,0,1,32,89142,6,1,0,0,3,0,65,184,0,0,0,0,0,0,0,0,0,0,0,0,0,0,2,5,35,1,1,2,1,2,3,1,66,1,1,1,87,0,0
32,320227,3,5,1,27,11,6,43,12,6,1,0,32,1,49,40,49040,4,2003,JTDBE32KX301,J,T,D,B,E,3,2,K,X,3,0,1,0,0,0,000000000,00000000000,0,0,0,1,0,0,0,0,0,0,0,998,0,0,0,12,4,3,12,0,0,0,1,32,89110,6,1,0,0,3,3,65,126,0,0,0,0,0,0,0,0,0,0,0,0,0,0,2,5,35,1,1,2,1,2,3,1,66,1,1,1,98,0,0
32,320227,4,5,2,27,11,6,43,12,6,1,0,0,0,98,701,98701,88,2012,L9NTEACT8D10,L,9,N,T,E,A,C,T,8,D,1,0,0,0,0,000000000,00000000000,0,0,0,1,0,0,0,0,0,0,0,0,0,0,0,12,6,2,12,0,0,0,1,32,89104,0,0,0,0,0,0,67,160,0,0,0,0,0,0,0,0,0,0,0,0,0,0,2,3,35,1,1,2,1,2,3,5,62,1,1,1,98,1,0
32,320227,5,5,1,27,11,6,43,12,6,1,0,32,1,30,40,30040,4,2000,3VWSA29M2YM1,3,V,W,S,A,2,9,M,2,Y,M,1,0,0,0,000000000,00000000000,0,0,0,1,0,0,0,0,0,0,0,0,0,0,0,63,4,5,12,0,0,0,1,32,89102,0,0,0,0,0,0,999,999,0,0,0,0,0,0,0,0,0,0,0,0,0,0,2,3,35,1,1,2,1,2,3,5,62,1,1,1,98,0,0
32,320228,1,1,1,22,12,6,27,24,0,1,0,32,1,37,402,37402,14,1999,JHLRD1864XC0,J,H,L,R,D,1,8,6,4,X,C,0,0,0,0,000000000,00000000000,0,0,0,1,0,0,0,0,0,0,0,998,0,9,5,1,6,2,1,0,0,0,1,32,89117,6,1,0,0,3,3,69,170,0,0,0,0,0,0,0,0,0,0,0,0,0,0,1,2,30,1,6,2,1,0,0,1,98,1,1,4,98,1,0
32,320229,1,1,1,18,12,17,39,33,0,1,0,32,1,13,421,13421,15,2007,5LMFU27587LJ,5,L,M,F,U,2,7,5,8,7,L,J,0,0,0,000000000,00000000000,0,0,0,1,0,0,0,0,0,0,0,80,0,0,0,14,6,2,39,0,0,0,1,32,89031,6,1,0,0,3,0,63,150,0,0,0,0,0,0,0,0,0,4,99,99,99,99,6,1,65,2,6,2,1,3,3,14,6,3,2,4,7,1,0
32,320230,1,1,1,19,12,20,49,38,0,1,0,4,4,34,35,34035,4,2014,WBA5A5C58ED5,W,B,A,5,A,5,C,5,8,E,D,5,0,0,0,000000000,00000000000,0,0,0,1,0,0,0,0,0,0,0,70,0,0,0,12,6,2,2,0,0,1,1,34,7036,6,1,0,0,3,0,66,999,1,0,0,1,2,3,2013,4,2014,0,99,99,99,99,2,2,70,1,5,2,1,0,0,1,13,6,9,4,5,1,0
32,320231,1,3,1,18,3,1,14,12,1,1,1,99,9,12,481,12481,31,2008,1FTPW14508FA,1,F,T,P,W,1,4,5,0,8,F,A,0,0,0,000000000,00000000000,0,0,0,1,0,0,0,0,0,0,0,66,0,0,0,12,4,3,12,0,0,0,1,32,89123,6,1,0,0,3,0,67,150,0,0,0,0,0,0,0,0,0,3,91,39,0,0,2,6,45,1,1,2,1,2,3,1,50,99,9,1,20,0,0
32,320231,2,3,2,18,3,1,14,12,1,1,0,0,0,99,709,99709,88,2012,1HJTLBBN5DB3,1,H,J,T,L,B,B,N,5,D,B,3,0,0,0,000000000,00000000000,0,0,0,1,0,0,0,0,0,0,0,0,0,0,0,6,6,2,12,0,0,0,1,32,89123,3,7,0,0,2,0,68,130,0,0,0,0,0,0,0,0,0,0,99,99,99,99,2,6,45,1,1,2,1,2,3,5,53,1,1,1,21,2,0
32,320231,3,3,1,18,3,1,14,12,1,1,0,48,1,49,32,49032,4,2005,1NXBR32E05Z4,1,N,X,B,R,3,2,E,0,5,Z,4,0,0,0,000000000,00000000000,0,0,0,1,0,0,0,0,0,0,0,998,0,0,0,12,4,3,12,0,0,0,1,48,75093,6,1,0,0,3,3,999,999,0,0,0,0,0,0,0,0,0,0,0,0,0,0,2,6,45,1,1,2,1,2,3,11,63,3,2,1,98,0,0
32,320232,1,1,1,16,11,0,55,8,0,1,0,22,2,35,402,35402,14,2002,5N1ED28T62C5,5,N,1,E,D,2,8,T,6,2,C,5,0,0,0,000000000,00000000000,0,0,0,1,0,0,0,0,0,0,0,30,0,0,0,12,2,3,8,0,0,0,1,32,89142,6,1,0,0,3,0,66,180,0,0,0,0,0,0,0,0,0,0,0,0,0,0,2,3,30,1,1,2,1,0,0,1,80,3,2,1,13,0,0
32,320233,1,1,1,24,12,16,1,17,0,1,0,32,1,39,32,39032,4,1986,SAJAV1340GC4,S,A,J,A,V,1,3,4,0,G,C,4,0,0,0,000000000,00000000000,0,0,0,1,0,0,0,0,0,0,0,101,0,1,5,61,6,2,17,0,0,0,1,32,89301,6,1,0,0,3,0,69,161,0,3,1,0,0,1,2013,9,2013,3,58,28,0,0,1,2,70,2,5,2,1,0,0,14,6,1,3,4,7,1,1
32,320234,1,1,4,16,11,0,31,33,0,1,1,32,2,49,43,49043,4,2008,4T1BK36B98U2,4,T,1,B,K,3,6,B,9,8,U,2,0,0,0,000000000,00000000000,0,0,0,1,0,0,0,0,0,0,0,86,0,0,0,11,6,2,30,0,0,0,1,32,89110,6,7,0,0,3,0,71,130,0,0,0,0,0,0,0,0,0,3,6,8,36,91,2,2,40,3,9,2,1,0,0,14,6,1,9,4,7,1,0
32,320235,1,1,1,4,12,18,39,8,0,1,0,32,1,20,481,20481,31,1994,1GCEC19K3RE2,1,G,C,E,C,1,9,K,3,R,E,2,0,0,0,000000000,00000000000,0,0,0,1,0,0,0,0,0,0,0,57,0,0,0,12,6,2,8,0,0,0,1,32,89142,6,1,0,0,3,0,67,160,0,0,0,0,0,0,0,0,0,3,0,0,0,0,5,5,45,1,1,2,2,0,0,1,80,1,1,1,13,0,1
32,320236,1,2,2,19,12,17,2,12,6,1,0,32,1,24,1,24001,4,1999,1G8ZH5285XZ2,1,G,8,Z,H,5,2,8,5,X,Z,2,0,0,0,000000000,00000000000,0,0,0,1,0,0,0,0,0,0,0,998,0,0,0,1,6,2,12,0,0,0,1,32,89121,6,1,0,0,3,3,63,100,0,0,0,0,0,0,0,0,0,0,38,39,0,0,2,4,45,1,9,2,1,2,3,11,15,1,1,1,68,1,0
32,320236,2,2,1,19,12,17,2,12,6,1,0,92,0,20,498,20498,20,2000,1GBFG15R3Y12,1,G,B,F,G,1,5,R,3,Y,1,2,0,0,0,000000000,00000000000,0,0,0,1,0,0,0,0,0,0,0,998,0,0,0,12,4,3,12,0,0,0,1,6,93433,6,1,0,0,3,0,71,188,0,1,0,1,0,1,2013,2,2013,0,0,0,0,0,2,4,45,1,9,2,1,2,3,1,62,2,1,1,69,0,0
32,320237,1,1,3,29,11,22,29,30,0,1,0,32,1,37,31,37031,4,1992,JHMEG8550NS0,J,H,M,E,G,8,5,5,0,N,S,0,0,0,0,000000000,00000000000,0,0,0,1,0,0,0,0,0,0,0,63,0,0,0,81,6,2,30,0,0,0,1,32,89115,6,1,0,0,3,0,67,175,0,0,0,0,0,0,0,0,0,4,91,6,8,36,1,2,25,1,5,2,1,0,0,1,6,1,9,4,9,1,1
32,320238,1,6,1,19,12,13,44,12,6,1,0,32,1,37,706,37706,80,2005,JH2SC57105M1,J,H,2,S,C,5,7,1,0,5,M,1,0,0,0,000000000,00000000000,0,0,0,1,0,0,0,0,0,0,0,85,0,0,0,1,6,2,1,0,0,0,1,32,89178,6,1,0,0,3,0,67,125,0,0,0,0,1,7,2013,7,2013,3,91,36,6,8,1,2,65,1,5,2,1,0,0,6,11,1,1,2,46,0,0
32,320238,2,6,1,19,12,13,44,12,6,1,0,32,1,53,706,53706,80,2005,JS1GT76A8521,J,S,1,G,T,7,6,A,8,5,2,1,0,0,0,000000000,00000000000,0,0,0,1,0,0,0,0,0,0,0,60,0,0,0,61,4,5,12,0,0,0,1,32,89183,6,1,0,0,3,0,70,180,0,0,0,0,2,1,2012,10,2012,0,0,0,0,0,1,2,65,1,5,2,1,0,0,1,60,1,1,1,45,0,0
32,320238,3,6,1,19,12,13,44,12,6,1,0,92,0,76,706,76706,80,2014,JYARN23E6EA0,J,Y,A,R,N,2,3,E,6,E,A,0,0,0,0,000000000,00000000000,0,0,0,1,0,0,0,0,0,0,0,60,0,0,0,12,4,5,12,0,0,0,1,32,89113,6,1,0,0,2,0,66,145,0,0,0,0,0,0,0,0,0,0,0,0,0,0,1,2,65,1,5,2,1,0,0,1,61,1,1,1,98,0,0