STATE,ST_CASE,VEH_NO,VE_FORMS,NUMOCCS,DAY,MONTH,HOUR,MINUTE,HARM_EV,MAN_COLL,UNITTYPE,HIT_RUN,REG_STAT,OWNER,MAKE,MODEL,MAK_MOD,BODY_TYP,MOD_YEAR,VIN,VIN_1,VIN_2,VIN_3,VIN_4,VIN_5,VIN_6,VIN_7,VIN_8,VIN_9,VIN_10,VIN_11,VIN_12,TOW_VEH,J_KNIFE,MCARR_I1,MCARR_I2,MCARR_ID,GVWR,V_CONFIG,CARGO_BT,HAZ_INV,HAZ_PLAC,HAZ_ID,HAZ_CNO,HAZ_REL,BUS_USE,SPEC_USE,EMER_USE,TRAV_SP,UNDERIDE,ROLLOVER,ROLINLOC,IMPACT1,DEFORMED,TOWED,M_HARM,VEH_SC1,VEH_SC2,FIRE_EXP,DR_PRES,L_STATE,DR_ZIP,L_STATUS,L_TYPE,CDL_STAT,L_ENDORS,L_COMPL,L_RESTRI,DR_HGT,DR_WGT,PREV_ACC,PREV_SUS,PREV_DWI,PREV_SPD,PREV_OTH,FIRST_MO,FIRST_YR,LAST_MO,LAST_YR,SPEEDREL,DR_SF1,DR_SF2,DR_SF3,DR_SF4,VTRAFWAY,VNUM_LAN,VSPD_LIM,VALIGN,VPROFILE,VPAVETYP,VSURCOND,VTRAFCON,VTCONT_F,P_CRASH1,P_CRASH2,P_CRASH3,PCRASH4,PCRASH5,ACC_TYPE,DEATHS,DR_DRINK
33,330010,1,4,1,21,2,19,15,12,6,1,0,33,1,47,31,47031,3,1996,YS3DD58B6T20,Y,S,3,D,D,5,8,B,6,T,2,0,0,0,0,000000000,00000000000,0,0,0,1,0,0,0,0,0,0,0,998,0,0,0,11,6,2,12,0,0,0,1,33,3861,6,1,0,0,3,0,61,190,0,0,0,0,0,0,0,0,0,4,28,36,0,0,1,2,55,1,1,2,2,0,0,1,10,1,1,2,64,1,1
33,330010,2,4,1,21,2,19,15,12,6,1,0,33,3,7,442,7442,20,2006,1D4GP24R86B6,1,D,4,G,P,2,4,R,8,6,B,6,0,0,0,000000000,00000000000,0,0,0,1,0,0,0,0,0,0,0,998,0,0,0,7,4,3,12,0,0,0,1,33,3104,6,1,0,0,3,1,62,170,0,0,0,0,0,0,0,0,0,0,0,0,0,0,1,2,55,1,1,2,2,0,0,1,62,1,1,1,65,0,0
33,330010,3,4,1,21,2,19,15,12,6,1,0,23,2,37,32,37032,4,1996,1HGCD7250TA0,1,H,G,C,D,7,2,5,0,T,A,0,0,0,0,000000000,00000000000,0,0,0,1,0,0,0,0,0,0,0,998,0,0,0,9,4,3,12,0,0,0,1,23,3901,6,1,0,0,3,0,67,155,0,0,0,0,0,0,0,0,0,0,0,0,0,0,1,2,55,1,1,2,2,0,0,1,62,9,1,2,98,0,0
33,330010,4,4,3,21,2,19,15,12,6,1,0,33,1,30,402,30402,14,2012,WVGAV7AX9CW5,W,V,G,A,V,7,A,X,9,C,W,5,0,0,0,000000000,00000000000,0,0,0,1,0,0,0,0,0,0,0,998,0,0,0,12,6,2,12,0,0,0,1,33,3825,6,1,0,0,3,0,64,160,0,0,0,0,0,0,0,0,0,0,0,0,0,0,1,2,55,1,1,2,2,0,0,1,62,2,1,1,98,0,0
33,330011,1,3,2,21,2,19,8,25,0,1,0,33,2,52,39,52039,2,1998,JA3AM44H9WY0,J,A,3,A,M,4,4,H,9,W,Y,0,0,0,0,000000000,00000000000,0,0,0,1,0,0,0,0,0,0,0,998,0,1,3,11,6,2,12,0,0,0,1,33,3062,6,1,0,0,3,0,63,115,0,0,0,0,1,10,2012,10,2012,4,36,0,0,0,3,6,55,2,1,2,2,0,0,14,9,1,1,4,6,1,1
33,330011,2,3,1,21,2,19,8,25,0,1,0,51,4,55,33,55033,4,2013,5NPEB4AC2DH6,5,N,P,E,B,4,A,C,2,D,H,6,0,0,0,000000000,00000000000,0,0,0,1,0,0,0,0,0,0,0,998,0,0,0,12,6,2,12,0,0,0,1,97,0,6,1,0,0,3,0,75,210,99,99,99,99,99,99,9999,99,9999,0,0,0,0,0,3,6,55,3,1,2,2,0,0,14,64,9,1,1,98,0,0
33,330011,3,3,1,21,2,19,8,25,0,1,0,33,2,12,37,12037,4,2011,1FAHP3GN4BW1,1,F,A,H,P,3,G,N,4,B,W,1,0,0,0,000000000,00000000000,0,0,0,1,0,0,0,0,0,0,0,998,0,0,0,12,6,2,12,0,0,0,1,33,3221,6,1,0,0,3,1,63,145,0,0,0,0,0,0,0,0,0,0,0,0,0,0,3,6,55,3,1,2,2,0,0,14,52,2,1,1,98,0,0
33,330012,1,1,1,23,2,19,26,8,0,1,1,33,1,20,401,20401,14,2003,1GNDT13S1322,1,G,N,D,T,1,3,S,1,3,2,2,0,0,0,000000000,00000000000,0,0,0,1,0,0,0,0,0,0,0,998,0,0,0,12,2,5,8,0,0,0,1,33,3062,6,1,0,0,3,0,57,110,0,0,0,0,0,0,0,0,0,0,36,0,0,0,4,2,30,1,1,2,1,2,3,1,80,1,1,1,13,0,0
33,330013,1,1,1,28,2,18,31,8,0,1,0,33,1,69,54,69054,6,2012,WMWZC5C54CWM,W,M,W,Z,C,5,C,5,4,C,W,M,0,0,0,000000000,00000000000,0,0,0,1,0,0,0,0,0,0,0,998,0,0,0,12,4,3,8,0,0,0,1,33,3301,6,1,0,0,3,1,72,240,0,0,0,0,0,0,0,0,0,0,0,0,0,0,1,2,40,1,2,2,1,0,0,1,80,1,1,1,13,0,0
33,330014,1,1,1,1,3,19,19,1,0,1,0,33,1,49,43,49043,4,2001,4T1BF28B61U1,4,T,1,B,F,2,8,B,6,1,U,1,0,0,0,000000000,00000000000,0,0,0,1,0,0,0,0,0,0,0,998,0,1,5,0,6,2,42,0,0,0,1,33,3038,6,1,0,0,3,0,65,110,0,0,0,0,0,0,0,0,0,4,36,58,0,0,1,2,40,1,1,2,1,0,0,1,6,8,3,4,2,1,1
33,330015,1,1,1,12,3,21,58,51,0,1,0,25,1,87,881,87881,66,2000,1XP5DB9X1YN5,1,X,P,5,D,B,9,X,1,Y,N,5,1,2,57,237360,57237360,3,6,11,1,0,0,0,0,0,0,0,998,0,0,0,0,4,3,5,0,0,0,1,25,1876,6,1,6,1,3,0,67,999,0,0,0,0,0,0,0,0,0,4,87,0,0,0,1,2,50,3,1,2,4,0,0,14,5,8,2,2,0,1,0
33,330016,1,1,1,12,3,20,31,8,0,1,0,33,1,55,401,55401,14,2005,KM8SC73D75U9,K,M,8,S,C,7,3,D,7,5,U,9,0,0,0,000000000,00000000000,0,0,0,1,0,0,0,0,0,0,0,998,0,0,0,12,2,3,8,0,0,0,1,33,3104,6,1,0,0,3,0,64,150,0,0,0,0,0,0,0,0,0,0,0,0,0,0,1,2,30,1,2,2,2,0,0,1,80,1,1,1,13,0,0
33,330017,1,2,2,22,3,17,18,12,6,1,0,33,1,49,32,49032,4,2010,1NXBU4EE8AZ2,1,N,X,B,U,4,E,E,8,A,Z,2,0,0,0,000000000,00000000000,0,0,0,1,0,0,0,0,0,0,0,41,0,0,0,12,6,2,12,0,0,0,1,33,3110,6,1,0,0,3,0,63,190,1,0,0,0,0,5,2013,5,2013,3,38,39,0,0,1,2,30,1,1,2,1,20,3,1,17,1,1,1,88,1,0
33,330017,2,2,4,22,3,17,18,12,6,1,0,33,1,35,49,35049,6,2009,JN8AZ18WX9W1,J,N,8,A,Z,1,8,W,X,9,W,1,0,0,0,000000000,00000000000,0,0,0,1,0,0,0,0,0,0,0,998,0,0,0,9,6,2,12,0,0,0,1,33,3106,6,1,0,0,3,0,69,230,1,0,0,0,0,4,2013,4,2013,0,0,0,0,0,1,2,30,1,1,2,1,0,0,1,66,1,1,1,89,0,0
33,330018,1,1,1,12,4,3,40,24,0,1,0,33,2,49,401,49401,14,1997,JT3HM84R2V00,J,T,3,H,M,8,4,R,2,V,0,0,0,0,0,000000000,00000000000,0,0,0,1,0,0,0,0,0,0,0,998,0,0,0,62,6,2,24,0,0,0,1,33,3103,6,1,0,0,3,0,70,155,1,0,0,2,0,7,2011,8,2013,4,36,0,0,0,4,2,30,2,1,2,1,0,0,14,6,9,1,4,6,1,1
33,330019,1,1,1,11,4,11,5,42,0,1,0,33,1,35,401,35401,14,2004,JN8DR09Y04W9,J,N,8,D,R,0,9,Y,0,4,W,9,0,0,0,000000000,00000000000,0,0,0,1,0,0,0,0,0,0,0,998,0,0,0,12,6,2,42,0,0,1,1,33,3229,6,1,0,0,3,1,70,190,0,0,0,0,0,0,0,0,0,0,0,0,0,0,1,2,50,1,1,2,1,0,0,1,11,1,1,4,1,1,0
33,330020,1,1,2,11,5,15,41,5,0,1,0,33,1,72,706,72706,80,2012,1HD1KBM12CB6,1,H,D,1,K,B,M,1,2,C,B,6,0,0,0,000000000,00000000000,0,0,0,1,0,0,0,0,0,0,0,998,0,0,0,0,0,3,5,0,0,0,1,33,3848,6,1,0,0,3,0,70,240,0,0,0,1,0,5,2011,5,2011,0,26,0,0,0,1,2,40,1,2,2,1,0,0,1,50,3,2,1,0,1,0
33,330021,1,2,1,11,5,17,20,12,2,1,0,33,1,37,402,37402,14,1998,JHLRD184XWC0,J,H,L,R,D,1,8,4,X,W,C,0,0,0,0,000000000,00000000000,0,0,0,1,0,0,0,0,0,0,0,998,0,0,0,12,6,2,12,0,0,0,1,33,3244,6,1,0,0,3,0,68,140,0,0,0,0,0,0,0,0,0,0,28,0,0,0,1,2,40,2,5,2,1,0,0,14,10,7,1,2,50,1,1
33,330021,2,2,2,11,5,17,20,12,2,1,0,33,3,84,881,84881,63,1987,1HTLDTVN1HHA,1,H,T,L,D,T,V,N,1,H,H,A,0,0,88,888888888,88888888888,3,2,97,1,0,0,0,0,0,7,2,998,0,0,0,12,4,3,12,0,0,0,1,33,3244,6,1,0,0,3,0,70,175,0,0,0,1,0,6,2013,6,2013,0,0,0,0,0,1,2,40,3,6,2,1,0,0,14,62,8,1,2,51,0,0
33,330022,1,1,1,18,5,13,42,42,0,1,0,25,1,71,706,71706,80,2004,ZDM1VABP94B0,Z,D,M,1,V,A,B,P,9,4,B,0,0,0,0,000000000,00000000000,0,0,0,1,0,0,0,0,0,0,0,998,0,0,0,12,6,2,42,0,0,0,1,25,1880,6,1,0,0,3,0,69,999,0,0,0,0,0,0,0,0,0,0,0,0,0,0,3,4,70,1,1,2,1,0,0,1,13,1,1,4,1,1,0
33,330023,1,1,1,17,5,5,26,53,0,1,0,33,1,14,17,14017,4,2002,1MEFM55SX2G6,1,M,E,F,M,5,5,S,X,2,G,6,0,0,0,000000000,00000000000,0,0,0,1,0,0,0,0,0,0,0,998,0,0,0,12,6,2,42,0,0,0,1,33,3858,6,1,0,0,3,1,74,175,0,0,0,0,0,0,0,0,0,0,36,0,0,0,1,2,30,3,2,2,2,0,0,14,13,1,1,4,1,1,1
33,330024,1,2,1,25,5,18,36,12,2,1,0,33,2,35,39,35039,4,2001,JN1CA31D21T8,J,N,1,C,A,3,1,D,2,1,T,8,0,0,0,000000000,00000000000,0,0,0,1,0,0,0,0,0,0,0,998,0,0,0,12,6,2,12,0,0,0,1,33,3301,6,1,0,0,3,1,65,150,1,0,0,0,0,6,2012,6,2012,0,28,0,0,0,2,2,45,1,1,2,2,0,0,1,10,1,1,2,50,0,1
33,330024,2,2,1,25,5,18,36,12,2,1,0,33,2,42,31,42031,4,1990,WDBEA30D4LB1,W,D,B,E,A,3,0,D,4,L,B,1,0,0,0,000000000,00000000000,0,0,0,1,0,0,0,0,0,0,0,998,0,0,0,12,6,2,12,0,0,0,1,33,3103,6,1,0,0,3,0,66,170,0,0,0,0,0,0,0,0,0,0,0,0,0,0,1,2,45,1,1,2,2,0,0,1,62,1,1,1,51,1,0
33,330025,1,2,1,27,5,14,24,12,6,1,0,36,3,85,881,85881,66,2007,1XKWDB0X27J1,1,X,K,W,D,B,0,X,2,7,J,1,1,1,57,949037,57949037,3,6,3,1,0,0,0,0,0,0,0,998,0,0,0,7,4,3,12,0,0,0,1,36,12803,6,1,6,1,3,0,66,999,0,0,0,0,0,0,0,0,0,3,28,0,0,0,1,2,50,2,1,2,2,0,0,14,6,1,7,2,64,0,0
33,330025,2,2,1,27,5,14,24,12,6,1,0,8,1,37,31,37031,4,2003,2HGES15563H5,2,H,G,E,S,1,5,5,6,3,H,5,0,0,0,000000000,00000000000,0,0,0,1,0,0,0,0,0,0,0,998,0,1,5,12,6,2,12,0,0,0,1,33,3741,6,1,0,0,3,1,69,180,0,0,0,0,0,0,0,0,0,0,0,0,0,0,1,2,50,3,1,2,2,0,0,14,62,7,1,1,65,1,0
33,330026,1,2,1,2,6,13,55,12,6,1,0,33,1,72,706,72706,80,2009,1HD1GV4199K3,1,H,D,1,G,V,4,1,9,9,K,3,0,0,0,000000000,00000000000,0,0,0,1,0,0,0,0,0,0,0,998,0,0,0,12,4,3,12,0,0,0,1,33,3054,6,1,0,0,3,1,72,180,0,0,0,0,0,0,0,0,0,0,28,27,0,0,2,4,40,1,1,2,1,2,3,3,9,9,1,2,98,1,0
33,330026,2,2,1,2,6,13,55,12,6,1,0,33,1,37,402,37402,14,2011,5J6RE4H31BL0,5,J,6,R,E,4,H,3,1,B,L,0,0,0,0,000000000,00000000000,0,0,0,1,0,0,0,0,0,0,0,0,0,0,0,3,4,3,12,0,0,0,1,33,3856,6,1,0,0,3,0,70,200,1,0,0,0,0,11,2012,11,2012,0,0,0,0,0,2,4,40,1,1,2,1,2,3,5,60,1,1,1,98,0,0
33,330027,1,2,2,8,6,21,7,12,2,1,0,33,2,20,471,20471,30,2002,1GCCS19W7282,1,G,C,C,S,1,9,W,7,2,8,2,0,0,0,000000000,00000000000,0,0,0,1,0,0,0,0,0,0,0,998,0,0,0,12,6,2,12,0,0,0,1,33,3867,3,1,0,0,2,0,73,240,0,0,0,0,0,0,0,0,0,3,27,36,35,0,1,2,55,1,1,2,1,0,0,6,54,1,1,2,50,1,1
33,330027,2,2,2,8,6,21,7,12,2,1,0,33,2,7,472,7472,30,2002,1B7GG16X32S5,1,B,7,G,G,1,6,X,3,2,S,5,0,0,0,000000000,00000000000,0,0,0,1,0,0,0,0,0,0,0,998,0,0,0,12,6,2,12,0,0,0,1,33,3809,6,1,0,0,3,0,67,125,1,0,0,0,0,5,2013,5,2013,0,0,0,0,0,1,2,55,1,1,2,1,0,0,1,62,9,1,1,51,0,0
33,330028,1,1,1,7,6,14,49,15,0,1,0,33,1,49,442,49442,20,2000,4T3ZF13C7YU2,4,T,3,Z,F,1,3,C,7,Y,U,2,0,0,0,000000000,00000000000,0,0,0,1,0,0,0,0,0,0,0,998,0,0,0,12,2,3,15,0,0,0,1,33,3220,6,1,0,0,3,1,64,220,0,0,0,0,0,0,0,0,0,0,36,0,0,0,1,2,30,1,1,2,1,0,0,1,80,2,1,1,13,0,0
33,330029,1,1,1,7,6,16,0,5,0,1,0,33,1,76,705,76705,80,1981,JYA4H7003BA1,J,Y,A,4,H,7,0,0,3,B,A,1,0,0,0,000000000,00000000000,0,0,0,1,0,0,0,0,0,0,0,998,0,0,0,0,4,3,5,0,0,0,1,33,3054,6,1,0,0,3,0,72,200,0,0,0,0,0,0,0,0,0,4,0,0,0,0,1,2,30,3,1,2,1,0,0,14,98,1,1,4,0,1,0
33,330030,1,1,1,13,6,11,33,30,0,1,0,33,2,49,44,49044,2,2003,2T1CF28P63C6,2,T,1,C,F,2,8,P,6,3,C,6,0,0,0,000000000,00000000000,0,0,0,1,0,0,0,0,0,0,0,998,0,1,5,12,6,2,30,0,0,0,1,33,3878,1,1,0,0,2,2,70,175,0,3,1,0,0,8,2012,3,2014,4,36,74,0,0,1,2,30,1,1,2,2,0,0,1,12,1,1,4,6,1,1
33,330031,1,1,1,7,6,22,0,42,0,1,0,33,1,30,40,30040,4,1995,3VWWC81H7SM1,3,V,W,W,C,8,1,H,7,S,M,1,0,0,0,000000000,00000000000,0,0,0,1,0,0,0,0,0,0,0,998,0,0,0,12,6,2,42,0,0,0,1,33,3301,6,1,0,0,3,1,67,140,0,0,0,1,0,1,2014,1,2014,3,13,0,0,0,3,2,70,1,1,2,1,0,0,1,12,1,1,4,6,1,0
33,330032,1,1,1,18,6,23,57,35,0,1,0,25,2,72,706,72706,80,2002,1HD1CGP132K1,1,H,D,1,C,G,P,1,3,2,K,1,0,0,0,000000000,00000000000,0,0,0,1,0,0,0,0,0,0,0,998,0,0,0,12,6,2,5,0,0,0,1,25,1852,2,1,0,0,2,0,68,999,0,0,0,0,0,0,0,0,0,3,36,0,0,0,2,4,65,1,1,2,1,0,0,1,13,8,2,4,1,1,1
33,330033,1,2,1,30,6,7,39,12,6,1,0,33,1,47,31,47031,3,1998,YS3DD35NXW20,Y,S,3,D,D,3,5,N,X,W,2,0,0,0,0,000000000,00000000000,0,0,0,1,0,0,0,0,0,0,0,998,0,0,0,12,4,3,12,0,0,0,1,33,3301,6,1,0,0,3,0,64,135,0,0,0,2,1,8,2011,8,2013,0,36,39,0,0,1,3,35,1,1,2,1,2,3,1,17,2,1,1,69,0,0
33,330033,2,2,1,30,6,7,39,12,6,1,0,33,1,37,706,37706,80,2005,1HFSC55095A1,1,H,F,S,C,5,5,0,9,5,A,1,0,0,0,000000000,00000000000,0,0,0,1,0,0,0,0,0,0,0,998,0,0,0,81,6,2,12,0,0,0,1,33,3275,6,1,0,0,3,0,71,280,0,0,0,0,0,0,0,0,0,0,0,0,0,0,1,2,35,1,1,2,1,2,3,11,66,1,1,1,68,1,0
33,330034,1,1,1,21,6,1,19,42,0,1,0,25,1,72,706,72706,80,2005,1HD1BXB135Y0,1,H,D,1,B,X,B,1,3,5,Y,0,0,0,0,000000000,00000000000,0,0,0,1,0,0,0,0,0,0,0,998,0,0,0,12,6,2,42,0,0,0,1,25,1801,6,1,0,0,3,0,73,999,1,3,0,0,3,10,2012,4,2014,4,36,0,0,0,1,2,30,2,6,2,1,0,0,14,6,9,1,4,6,1,1
33,330035,1,1,1,30,6,16,0,39,0,1,0,33,2,2,403,2403,14,1997,1J4FY29P6VP4,1,J,4,F,Y,2,9,P,6,V,P,4,0,0,0,000000000,00000000000,0,0,0,1,0,0,0,0,0,0,0,998,0,1,3,62,6,2,39,0,0,0,1,33,3103,0,0,0,0,0,0,66,210,0,0,0,0,0,0,0,0,0,0,0,0,0,0,3,2,55,1,1,2,1,0,0,1,12,1,1,4,6,1,0
33,330036,1,1,1,28,6,15,45,8,0,1,0,33,1,12,37,12037,3,2013,1FADP3K22DL3,1,F,A,D,P,3,K,2,2,D,L,3,0,0,0,000000000,00000000000,0,0,0,1,0,0,0,0,0,0,0,998,0,0,0,12,0,5,8,0,0,0,1,33,3275,6,1,0,0,3,0,62,115,1,0,0,0,0,5,2012,5,2012,0,0,0,0,0,1,2,25,1,1,2,1,0,0,9,81,2,1,1,13,0,0
33,330037,1,1,1,3,6,17,30,8,0,1,0,33,2,6,43,6043,4,2004,1C3EL66R34N2,1,C,3,E,L,6,6,R,3,4,N,2,0,0,0,000000000,00000000000,0,0,0,1,0,0,0,0,0,0,0,25,0,0,0,12,2,3,8,0,0,0,1,33,3101,6,2,0,0,3,1,62,105,1,0,0,0,0,3,2014,3,2014,4,36,38,0,0,0,0,0,0,0,0,0,0,0,1,98,1,1,5,98,0,0
33,330038,1,1,1,30,6,5,11,42,0,1,0,33,2,58,35,58035,4,1997,JNKCA21D0VT5,J,N,K,C,A,2,1,D,0,V,T,5,0,0,0,000000000,00000000000,0,0,0,1,0,0,0,0,0,0,0,998,0,0,0,12,6,2,42,0,0,0,1,33,3104,6,2,0,0,3,0,70,160,0,0,0,0,0,0,0,0,0,3,36,0,0,0,1,2,35,3,1,2,1,0,0,14,13,1,1,4,1,1,1
33,330039,1,1,2,19,6,21,39,8,0,1,0,33,1,48,401,48401,14,2003,JF1SG656X3G7,J,F,1,S,G,6,5,6,X,3,G,7,0,0,0,000000000,00000000000,0,0,0,1,0,0,0,0,0,0,0,998,0,0,0,12,2,3,8,0,0,0,1,33,3070,6,1,0,0,3,0,67,140,1,0,0,0,1,6,2011,7,2013,0,0,0,0,0,1,2,30,1,2,2,1,0,0,1,80,2,1,1,13,0,0
33,330040,1,1,2,15,6,10,40,35,0,1,0,25,1,37,706,37706,80,2002,1HFSC43092A2,1,H,F,S,C,4,3,0,9,2,A,2,0,0,0,000000000,00000000000,0,0,0,1,0,0,0,0,0,0,0,998,0,0,0,12,6,2,5,0,0,0,1,25,1752,6,1,0,0,3,0,72,999,0,0,0,2,0,7,2013,8,2013,3,36,0,0,0,3,3,50,1,3,2,1,0,0,1,12,9,2,4,6,1,0
33,330041,1,1,1,2,7,10,43,33,0,1,0,50,1,37,31,37031,2,2006,2HGFG11846H5,2,H,G,F,G,1,1,8,4,6,H,5,0,0,0,000000000,00000000000,0,0,0,1,0,0,0,0,0,0,0,60,0,1,5,14,6,2,1,0,0,0,1,50,5446,6,1,0,0,3,0,62,125,0,0,0,1,0,11,2011,11,2011,3,0,0,0,0,6,1,45,1,1,2,1,0,0,1,50,9,1,4,1,1,0
33,330042,1,2,1,11,7,16,18,12,2,1,0,33,1,37,31,37031,4,1995,1HGEG8544SL0,1,H,G,E,G,8,5,4,4,S,L,0,0,0,0,000000000,00000000000,0,0,0,1,0,0,0,0,0,0,0,998,0,0,0,12,6,2,12,0,0,0,1,33,3872,6,1,0,0,3,0,68,155,0,0,1,0,0,12,2011,12,2011,0,28,0,0,0,1,2,55,1,1,2,1,0,0,1,10,1,1,2,50,1,0
33,330042,2,2,1,11,7,16,18,12,2,1,0,33,1,7,482,7482,31,2004,1D7HU18D94S6,1,D,7,H,U,1,8,D,9,4,S,6,0,0,0,000000000,00000000000,0,0,0,1,0,0,0,0,0,0,0,998,0,0,0,12,6,2,12,0,0,0,1,33,3254,6,1,0,0,3,0,70,160,0,0,0,0,0,0,0,0,0,0,0,0,0,0,1,2,55,1,1,2,1,0,0,1,62,9,1,1,51,0,0
33,330043,1,1,1,4,7,9,17,42,0,1,0,33,0,76,705,76705,80,1993,JYA4DUE06PA0,J,Y,A,4,D,U,E,0,6,P,A,0,0,0,0,000000000,00000000000,0,0,0,1,0,0,0,0,0,0,0,998,0,0,0,12,6,2,42,0,0,0,1,23,3904,1,1,0,0,2,0,73,145,0,1,1,0,0,4,2012,4,2012,3,36,0,0,0,1,2,35,3,6,2,1,0,0,14,6,8,2,4,1,1,1
33,330044,1,2,1,16,7,6,3,12,6,1,0,33,1,82,881,82881,63,1989,1FVX2XY93KH3,1,F,V,X,2,X,Y,9,3,K,H,3,0,0,57,804832,57804832,3,2,4,1,0,0,0,0,0,0,0,998,0,0,0,12,4,3,12,0,0,0,1,33,3745,6,1,6,1,3,1,72,150,0,0,0,0,0,0,0,0,0,0,38,39,0,0,1,3,40,1,1,2,1,20,3,1,17,3,2,1,88,0,0
33,330044,2,2,1,16,7,6,3,12,6,1,0,33,2,63,402,63402,14,2014,5XYKTCA66EG5,5,X,Y,K,T,C,A,6,6,E,G,5,0,0,0,000000000,00000000000,0,0,0,1,0,0,0,0,0,0,0,998,0,0,0,9,6,2,12,0,0,0,1,33,3062,6,1,0,0,3,1,67,180,0,0,0,0,0,0,0,0,0,0,0,0,0,0,1,3,40,1,1,2,1,20,3,1,66,1,1,1,89,1,1
33,330045,1,1,1,7,7,11,52,9,0,1,0,33,2,20,37,20037,4,2012,1G1ZC5E09CF2,1,G,1,Z,C,5,E,0,9,C,F,2,0,0,0,000000000,00000000000,0,0,0,1,0,0,0,0,0,0,0,998,0,0,0,12,2,3,9,0,0,0,1,33,3060,6,1,0,0,3,1,61,130,0,0,0,0,0,0,0,0,0,0,0,0,0,0,1,2,30,1,1,2,1,20,3,1,80,1,1,1,13,0,0
33,330046,1,2,2,23,7,15,47,12,1,1,0,33,1,12,481,12481,31,2010,1FAHP3GNXAW1,1,F,A,H,P,3,G,N,X,A,W,1,0,0,0,000000000,00000000000,0,0,0,1,0,0,0,0,0,0,0,998,0,0,0,12,4,3,12,0,0,0,1,33,3071,6,1,0,0,3,0,68,235,0,0,0,0,0,0,0,0,0,0,26,36,38,0,1,2,30,1,1,2,1,0,0,1,50,1,1,1,20,0,0
33,330046,2,2,1,23,7,15,47,12,1,1,0,33,1,72,706,72706,80,1998,1HD1CGP15WY2,1,H,D,1,C,G,P,1,5,W,Y,2,0,0,0,000000000,00000000000,0,0,0,1,0,0,0,0,0,0,0,0,0,0,0,6,6,2,12,0,0,0,1,33,3071,6,1,0,0,3,0,74,150,0,0,0,1,0,4,2014,4,2014,0,0,0,0,0,1,2,30,1,1,2,1,0,0,5,16,1,1,1,21,1,0
33,330047,1,2,1,12,7,16,16,12,6,1,0,33,1,12,35,12035,4,1995,3FALP65L7SM1,3,F,A,L,P,6,5,L,7,S,M,1,0,0,0,000000000,00000000000,0,0,0,1,0,0,0,0,0,0,0,998,0,0,0,1,4,3,12,0,0,0,1,33,3102,6,1,0,0,3,0,59,125,0,0,0,0,0,0,0,0,0,0,28,38,48,0,1,2,30,1,2,2,1,0,0,11,10,1,1,2,68,0,0
33,330047,2,2,2,12,7,16,16,12,6,1,0,33,1,72,706,72706,80,2006,1HD1PRE196Y9,1,H,D,1,P,R,E,1,9,6,Y,9,0,0,0,000000000,00000000000,0,0,0,1,0,0,0,0,0,0,0,998,0,0,0,12,6,2,12,0,0,0,1,33,3102,6,1,6,0,3,0,72,185,0,0,0,0,0,0,0,0,0,0,0,0,0,0,1,2,30,1,2,2,1,0,0,1,62,3,2,1,69,2,0
33,330048,1,2,1,31,7,8,25,12,6,1,0,25,1,7,442,7442,20,2007,1D4GP24R37B1,1,D,4,G,P,2,4,R,3,7,B,1,0,0,0,000000000,00000000000,0,0,0,1,0,0,0,0,0,0,0,998,0,0,0,3,6,2,12,0,0,0,1,25,1923,6,1,0,0,3,0,65,999,0,0,0,0,0,0,0,0,0,0,38,0,0,0,1,2,40,1,1,2,1,0,0,11,15,1,1,1,76,1,0
33,330048,2,2,1,31,7,8,25,12,6,1,0,33,1,85,881,85881,63,1998,1XKWDB0X7WJ7,1,X,K,W,D,B,0,X,7,W,J,7,0,0,57,01133956,5701133956,3,2,4,1,0,0,0,0,0,0,0,998,0,0,0,12,4,3,12,0,0,0,1,33,3894,6,1,6,0,3,0,70,200,0,0,0,0,0,0,0,0,0,0,0,0,0,0,1,2,40,1,1,2,1,0,0,1,65,3,2,1,77,0,0
33,330049,1,1,1,17,5,12,15,39,0,1,0,33,2,12,481,12481,31,2000,1FTRX18L5YNB,1,F,T,R,X,1,8,L,5,Y,N,B,0,0,0,000000000,00000000000,0,0,0,1,0,0,0,0,0,0,0,998,0,0,0,12,6,2,42,0,0,0,1,33,3841,6,1,0,0,3,1,65,210,1,0,0,0,0,11,2011,11,2011,4,36,33,0,0,1,2,40,1,6,2,1,0,0,6,6,8,2,4,7,1,0
33,330050,1,2,2,2,8,14,13,12,2,1,0,25,2,37,32,37032,4,2010,1HGCP2F35AA0,1,H,G,C,P,2,F,3,5,A,A,0,0,0,0,000000000,00000000000,0,0,0,1,0,0,0,0,0,0,0,998,0,0,0,12,6,2,12,0,0,0,1,25,1301,6,1,0,0,3,0,64,999,0,0,0,0,0,0,0,0,0,0,28,0,0,0,1,2,55,2,1,2,1,0,0,14,10,1,1,2,50,2,0
33,330050,2,2,2,2,8,14,13,12,2,1,0,12,1,98,850,98850,65,1974,TC25156,T,C,2,5,1,5,6,,,,,,0,0,0,000000000,00000000000,0,0,0,1,0,0,0,0,0,0,0,998,0,0,0,12,6,2,12,0,0,0,1,12,32904,6,1,0,0,3,1,70,999,0,0,0,0,0,0,0,0,0,0,0,0,0,0,1,2,55,3,1,2,1,0,0,14,62,9,2,1,51,1,0
33,330051,1,1,4,10,8,2,0,42,0,1,0,33,1,47,34,47034,4,1997,YS3CF68M3V10,Y,S,3,C,F,6,8,M,3,V,1,0,0,0,0,000000000,00000000000,0,0,0,1,0,0,0,0,0,0,0,92,0,1,6,10,6,2,42,0,0,0,1,33,3743,6,2,0,0,3,1,70,220,0,0,0,1,0,4,2013,4,2013,4,28,36,0,0,1,2,40,1,6,2,1,0,0,1,6,7,1,4,6,3,0