STATE,ST_CASE,VEH_NO,VE_FORMS,NUMOCCS,DAY,MONTH,HOUR,MINUTE,HARM_EV,MAN_COLL,UNITTYPE,HIT_RUN,REG_STAT,OWNER,MAKE,MODEL,MAK_MOD,BODY_TYP,MOD_YEAR,VIN,VIN_1,VIN_2,VIN_3,VIN_4,VIN_5,VIN_6,VIN_7,VIN_8,VIN_9,VIN_10,VIN_11,VIN_12,TOW_VEH,J_KNIFE,MCARR_I1,MCARR_I2,MCARR_ID,GVWR,V_CONFIG,CARGO_BT,HAZ_INV,HAZ_PLAC,HAZ_ID,HAZ_CNO,HAZ_REL,BUS_USE,SPEC_USE,EMER_USE,TRAV_SP,UNDERIDE,ROLLOVER,ROLINLOC,IMPACT1,DEFORMED,TOWED,M_HARM,VEH_SC1,VEH_SC2,FIRE_EXP,DR_PRES,L_STATE,DR_ZIP,L_STATUS,L_TYPE,CDL_STAT,L_ENDORS,L_COMPL,L_RESTRI,DR_HGT,DR_WGT,PREV_ACC,PREV_SUS,PREV_DWI,PREV_SPD,PREV_OTH,FIRST_MO,FIRST_YR,LAST_MO,LAST_YR,SPEEDREL,DR_SF1,DR_SF2,DR_SF3,DR_SF4,VTRAFWAY,VNUM_LAN,VSPD_LIM,VALIGN,VPROFILE,VPAVETYP,VSURCOND,VTRAFCON,VTCONT_F,P_CRASH1,P_CRASH2,P_CRASH3,PCRASH4,PCRASH5,ACC_TYPE,DEATHS,DR_DRINK
34,340045,1,2,1,20,3,19,33,12,6,1,0,34,1,49,40,49040,4,2007,4T1BE46K17U6,4,T,1,B,E,4,6,K,1,7,U,6,0,0,0,000000000,00000000000,0,0,0,1,0,0,0,0,0,0,0,14,0,0,0,1,6,2,12,0,0,0,1,34,8831,6,1,0,0,3,0,65,999,0,0,0,0,0,0,0,0,0,0,6,38,0,0,1,5,50,1,1,2,1,3,3,11,55,1,1,1,68,1,0
34,340045,2,2,1,20,3,19,33,12,6,1,0,34,2,52,37,52037,3,2006,4A3AK34T26E0,4,A,3,A,K,3,4,T,2,6,E,0,0,0,0,000000000,00000000000,0,0,0,1,0,0,0,0,0,0,0,998,0,0,0,12,6,2,12,0,0,0,1,34,8550,6,2,0,0,3,0,78,999,0,0,0,0,0,0,0,0,0,0,0,0,0,0,1,5,50,1,1,2,1,3,3,1,55,1,1,1,69,0,0
34,340046,1,2,1,30,1,20,53,12,1,1,0,34,3,49,46,49046,5,2011,JTDKN3DU1B53,J,T,D,K,N,3,D,U,1,B,5,3,0,0,0,000000000,00000000000,0,0,0,1,0,0,0,0,0,0,0,998,1,0,0,12,6,2,12,0,0,0,1,34,8550,6,1,0,0,3,3,68,999,0,0,0,0,0,0,0,0,0,3,36,0,0,0,3,2,50,1,1,2,1,3,3,1,50,2,1,1,20,1,1
34,340046,2,2,1,30,1,20,53,12,1,1,0,34,3,82,881,82881,66,2006,1FUJBBCK86LW,1,F,U,J,B,B,C,K,8,6,L,W,1,1,57,0939053,570939053,3,6,1,1,0,0,0,0,0,0,0,0,0,0,0,6,6,2,12,0,0,0,1,34,8021,6,1,6,1,3,0,69,999,1,0,0,0,0,1,2013,1,2013,0,0,0,0,0,3,2,50,1,1,2,1,3,3,5,53,1,1,1,21,0,0
34,340047,1,1,1,9,1,15,56,8,0,1,0,34,1,55,39,55039,4,2008,KMHFC46F58A2,K,M,H,F,C,4,6,F,5,8,A,2,0,0,0,000000000,00000000000,0,0,0,1,0,0,0,0,0,0,0,998,0,0,0,12,8,9,8,0,0,0,1,34,7020,6,1,0,0,3,0,66,999,1,0,0,0,0,6,2013,6,2013,0,0,0,0,0,1,2,25,1,1,2,1,0,0,1,80,1,1,1,13,0,0
34,340048,1,4,1,10,1,8,38,8,0,1,0,34,1,55,401,55401,14,2008,5NMSG13D38H1,5,N,M,S,G,1,3,D,3,8,H,1,0,0,0,000000000,00000000000,0,0,0,1,0,0,0,0,0,0,0,998,0,0,0,12,8,2,8,0,0,0,1,34,8724,6,1,0,0,3,0,69,999,0,0,0,0,0,0,0,0,0,4,6,0,0,0,2,2,30,1,2,2,4,0,0,1,80,4,1,1,13,0,0
34,340048,2,4,0,10,1,8,38,8,0,1,0,34,6,35,47,35047,4,2002,1N4AL11D32C2,1,N,4,A,L,1,1,D,3,2,C,2,0,0,0,000000000,00000000000,0,0,0,1,0,0,0,0,0,0,0,0,0,0,0,9,6,2,12,0,0,0,0,0,99997,7,6,97,7,6,7,998,997,998,998,998,998,998,98,9998,98,9998,8,0,0,0,0,2,2,30,1,2,2,4,0,0,0,98,0,0,0,98,0,0
34,340048,3,4,1,10,1,8,38,8,0,1,0,34,1,19,20,19020,6,2006,1GYEE6374601,1,G,Y,E,E,6,3,7,4,6,0,1,0,0,0,000000000,00000000000,0,0,0,1,0,0,0,0,0,0,0,998,0,0,0,2,2,5,12,0,0,0,1,34,8724,6,1,0,0,3,0,74,999,0,0,0,0,0,0,0,0,0,0,0,0,0,0,2,2,30,1,2,2,4,0,0,2,61,1,1,4,98,0,0
34,340048,4,4,1,10,1,8,38,8,0,1,0,34,2,48,45,48045,6,2013,4S4BRBCC7D32,4,S,4,B,R,B,C,C,7,D,3,2,0,0,0,000000000,00000000000,0,0,0,1,0,0,0,0,0,0,0,998,0,0,0,12,8,2,8,0,0,0,1,34,8724,6,1,0,0,3,0,71,999,0,0,0,0,1,4,2013,4,2013,4,6,0,0,0,2,2,30,1,2,2,4,0,0,1,5,2,2,1,98,0,0
34,340049,1,1,1,20,3,3,21,33,0,1,0,34,2,24,5,24005,4,2002,1G8JW54R82Y5,1,G,8,J,W,5,4,R,8,2,Y,5,0,0,0,000000000,00000000000,0,0,0,1,0,0,0,0,0,0,0,998,0,0,0,14,6,2,42,0,0,0,1,34,8691,6,1,0,0,3,0,71,140,1,0,0,0,2,1,2013,1,2014,3,36,28,0,0,1,2,35,1,1,2,2,0,0,1,6,3,4,4,7,1,1
34,340050,1,1,1,5,3,20,44,8,0,1,1,99,9,99,399,99399,9,9999,999999999999,9,9,9,9,9,9,9,9,9,9,9,9,0,0,0,000000000,00000000000,0,0,0,1,0,0,0,0,0,0,0,998,0,0,0,12,9,5,8,0,0,0,1,99,99999,9,9,99,0,9,9,999,999,99,99,99,99,99,99,9999,99,9999,0,99,99,99,99,1,2,25,1,1,2,1,0,0,1,80,1,1,1,13,0,0
34,340051,1,1,1,11,2,12,24,8,0,1,0,34,3,2,404,2404,14,2000,1J4FF28S7YL1,1,J,4,F,F,2,8,S,7,Y,L,1,0,0,0,000000000,00000000000,0,0,0,1,0,0,0,0,0,0,0,998,0,0,0,6,0,3,8,0,0,0,1,34,7424,6,1,0,0,3,0,68,999,0,0,0,0,0,0,0,0,0,0,6,0,0,0,1,2,25,1,1,2,4,0,0,9,81,1,1,5,13,0,0
34,340052,1,1,1,26,3,20,15,8,0,1,0,34,1,32,40,32040,4,2004,WAUPL68E34A0,W,A,U,P,L,6,8,E,3,4,A,0,0,0,0,000000000,00000000000,0,0,0,1,0,0,0,0,0,0,0,998,0,0,0,12,0,3,8,0,0,0,1,34,7052,6,1,0,0,3,0,70,999,0,1,2,0,0,6,2011,1,2014,0,0,0,0,0,1,2,25,1,1,2,1,0,0,1,80,1,1,1,13,0,0
34,340053,1,1,1,11,1,21,19,9,0,1,0,42,1,49,43,49043,4,2007,4T1BK36B37U2,4,T,1,B,K,3,6,B,3,7,U,2,0,0,0,000000000,00000000000,0,0,0,1,0,0,0,0,0,0,0,998,0,0,0,12,6,2,9,0,0,0,1,42,19056,6,1,0,0,3,3,68,999,0,0,0,0,0,0,0,0,0,0,0,0,0,0,3,2,55,1,3,2,2,3,3,1,83,1,1,1,13,0,0
34,340054,1,2,2,10,1,7,10,12,6,1,0,34,2,23,401,23401,14,2005,1GKET16S0561,1,G,K,E,T,1,6,S,0,5,6,1,0,0,0,000000000,00000000000,0,0,0,1,0,0,0,0,0,0,0,998,0,0,0,9,6,2,12,0,0,0,1,99,99999,9,9,99,9,9,9,999,999,99,99,99,99,99,99,9999,99,9999,0,28,6,0,0,1,2,45,1,2,2,4,0,0,1,5,7,3,2,64,1,0
34,340054,2,2,20,10,1,7,10,12,6,1,0,34,3,98,988,98988,52,2008,1N94161508A1,1,N,9,4,1,6,1,5,0,8,A,1,0,0,88,888888888,88888888888,3,21,22,1,0,0,0,0,6,3,0,998,0,0,0,12,4,3,12,0,0,0,1,34,8094,6,1,6,1,3,0,69,999,0,2,0,0,1,11,2011,8,2013,0,0,0,0,0,1,2,45,1,2,2,4,0,0,1,62,1,1,1,65,0,0
34,340055,1,1,1,29,3,23,30,8,0,1,1,99,9,99,399,99399,9,9999,999999999999,9,9,9,9,9,9,9,9,9,9,9,9,0,0,0,000000000,00000000000,0,0,0,1,0,0,0,0,0,0,0,998,0,0,0,12,9,3,8,0,0,0,1,99,99999,9,9,99,9,9,9,999,999,99,99,99,99,99,99,9999,99,9999,0,36,0,0,0,1,2,25,1,1,2,2,0,0,1,80,1,1,1,13,0,0
34,340056,1,1,1,18,3,3,11,33,0,1,0,34,2,63,441,63441,20,2003,KNDUP1313363,K,N,D,U,P,1,3,1,3,3,6,3,0,0,0,000000000,00000000000,0,0,0,1,0,0,0,0,0,0,0,998,0,1,6,14,6,2,30,0,0,0,1,34,8609,1,1,0,0,2,0,999,999,0,3,0,0,5,5,2012,12,2013,3,36,28,0,0,1,2,35,3,1,2,1,0,0,14,12,3,3,4,7,1,1
34,340057,1,2,1,16,1,4,8,8,0,1,0,34,1,49,40,49040,4,2008,4T1BE46K28U2,4,T,1,B,E,4,6,K,2,8,U,2,0,0,0,000000000,00000000000,0,0,0,1,0,0,0,0,0,0,0,998,0,0,0,11,4,5,8,0,0,0,1,34,7656,6,1,6,0,3,0,69,999,2,0,0,0,0,3,2011,12,2013,0,86,0,0,0,3,2,50,1,1,2,1,0,0,1,80,7,1,1,13,0,0
34,340057,2,2,1,16,1,4,8,8,0,1,1,99,9,99,999,99999,99,9999,999999999999,9,9,9,9,9,9,9,9,9,9,9,9,9,0,99,999999999,99999999999,9,99,99,1,0,0,0,0,99,99,9,999,0,0,0,99,9,5,8,0,0,0,1,99,99999,9,9,99,9,9,9,999,999,99,99,99,99,99,99,9999,99,9999,9,86,0,0,0,3,2,50,1,1,2,1,0,0,1,80,99,1,1,98,0,0
34,340058,1,1,1,16,1,6,26,11,0,1,0,34,1,7,482,7482,31,2006,3D7KS26C26G1,3,D,7,K,S,2,6,C,2,6,G,1,0,0,0,000000000,00000000000,0,0,0,1,0,0,0,0,0,0,0,998,0,0,0,12,6,2,11,0,0,0,1,34,8807,6,1,0,0,3,0,70,999,0,0,0,0,0,0,0,0,0,0,0,0,0,0,1,2,50,2,1,2,2,0,0,14,87,1,1,1,13,1,0
34,340059,1,1,1,1,1,15,32,25,0,1,0,36,1,49,43,49043,4,2006,4T1BK36B26U0,4,T,1,B,K,3,6,B,2,6,U,0,0,0,0,000000000,00000000000,0,0,0,1,0,0,0,0,0,0,0,998,0,0,0,10,6,2,25,0,0,0,1,36,10305,6,1,0,0,3,0,72,999,1,0,0,0,0,4,2011,4,2011,0,6,0,0,0,3,3,65,1,1,2,1,0,0,1,12,1,1,4,6,1,0
34,340060,1,1,1,21,1,16,26,24,0,1,0,34,1,6,441,6441,20,2002,2C4GP44332R7,2,C,4,G,P,4,4,3,3,2,R,7,0,0,0,000000000,00000000000,0,0,0,1,0,0,0,0,0,0,0,998,0,0,0,10,6,2,24,0,0,0,1,34,8620,6,1,0,0,3,0,73,999,0,0,0,0,0,0,0,0,0,0,6,0,0,0,3,3,55,1,1,2,3,0,0,1,12,1,1,4,6,1,0
34,340061,1,1,1,30,1,23,10,8,0,1,0,34,2,12,481,12481,31,2006,1FTWW33P56EC,1,F,T,W,W,3,3,P,5,6,E,C,0,0,0,000000000,00000000000,0,0,0,1,0,0,0,0,0,0,0,998,0,0,0,12,8,2,8,0,0,0,1,34,8081,1,1,0,0,2,3,64,999,2,5,0,0,5,3,2011,1,2014,0,0,0,0,0,1,2,50,1,1,2,1,0,0,1,80,1,1,1,13,0,0
34,340062,1,2,1,21,3,1,10,12,7,1,0,34,3,12,898,12898,62,2013,1FDWE3FL8DDA,1,F,D,W,E,3,F,L,8,D,D,A,0,0,88,888888888,88888888888,2,1,96,1,0,0,0,0,0,0,0,998,0,0,0,5,4,3,12,0,0,0,1,34,8753,6,1,0,0,3,0,76,999,0,0,0,0,0,0,0,0,0,0,0,0,0,0,3,2,50,1,1,2,1,0,0,4,53,1,1,1,48,0,0
34,340062,2,2,1,21,3,1,10,12,7,1,0,34,3,20,898,20898,62,1999,1GBKC34F3XF0,1,G,B,K,C,3,4,F,3,X,F,0,0,0,57,220493,57220493,2,1,96,1,0,0,0,0,0,0,0,998,0,0,0,11,4,3,12,0,0,0,1,34,7069,6,1,0,0,3,0,69,999,2,1,0,0,3,7,2011,12,2012,0,6,0,0,0,3,2,50,1,1,2,1,0,0,1,51,1,1,2,48,1,0
34,340063,1,3,1,29,1,13,46,12,1,1,0,25,1,37,402,37402,14,2009,5J6RE48569L0,5,J,6,R,E,4,8,5,6,9,L,0,0,0,0,000000000,00000000000,0,0,0,1,0,0,0,0,0,0,0,998,0,0,0,12,6,2,12,0,0,0,1,25,1890,6,1,0,0,3,0,65,999,1,0,0,0,0,5,2012,5,2012,0,6,0,0,0,3,2,65,1,1,2,1,40,3,1,50,1,1,1,20,1,0
34,340063,2,3,1,29,1,13,46,12,1,1,0,10,3,84,881,84881,62,2012,3HAMMAAMXCL4,3,H,A,M,M,A,A,M,X,C,L,4,1,1,57,1268674,571268674,2,4,3,1,0,0,0,0,0,0,0,0,0,0,0,6,4,3,12,0,0,0,1,10,19701,6,1,0,0,3,3,73,999,0,0,0,2,0,4,2011,1,2014,0,0,0,0,0,3,2,65,1,1,2,1,40,3,5,53,1,1,1,21,0,0
34,340063,3,3,1,29,1,13,46,12,1,1,0,12,3,12,481,12481,40,2013,1FD0X4GT2DEB,1,F,D,0,X,4,G,T,2,D,E,B,0,0,0,000000000,00000000000,0,0,0,1,0,0,0,0,0,0,0,0,0,0,0,6,2,5,54,0,0,0,1,12,32835,6,1,0,0,3,0,67,999,0,0,0,0,0,0,0,0,0,0,0,0,0,0,3,2,65,1,1,2,1,40,3,5,53,1,1,1,98,0,0
34,340064,1,1,1,12,3,20,28,59,0,1,0,34,1,49,40,49040,4,2000,4T1BG22K0YU9,4,T,1,B,G,2,2,K,0,Y,U,9,0,0,0,000000000,00000000000,0,0,0,1,0,0,0,0,0,0,0,998,0,0,0,1,6,2,42,0,0,0,1,34,8759,6,1,0,0,3,3,67,999,1,0,0,0,2,5,2012,4,2013,0,36,28,0,0,1,2,50,3,1,2,2,40,3,14,13,1,1,4,1,1,1
34,340065,1,1,1,30,1,18,48,8,0,1,0,34,3,93,981,93981,52,2003,1M8SDMRA23P0,1,M,8,S,D,M,R,A,2,3,P,0,0,0,57,156149,57156149,3,21,22,1,0,0,0,0,6,3,0,998,0,0,0,4,6,2,8,0,0,0,1,34,7628,6,1,6,1,3,0,69,999,2,0,0,0,1,6,2012,11,2013,0,0,0,0,0,1,2,25,1,1,2,1,20,3,10,80,1,1,1,13,0,0
34,340066,1,1,1,12,3,14,2,9,0,1,1,99,9,99,399,99399,9,9999,999999999999,9,9,9,9,9,9,9,9,9,9,9,9,0,0,0,000000000,00000000000,0,0,0,1,0,0,0,0,0,0,0,998,0,0,0,1,9,5,9,0,0,0,1,99,99999,9,9,99,9,9,9,999,999,99,99,99,99,99,99,9999,99,9999,0,28,6,0,0,1,2,45,4,1,2,1,0,0,14,83,1,1,4,13,0,0
34,340067,1,1,1,31,1,19,30,8,0,1,0,34,1,42,403,42403,14,2010,WDCGG8HB5AF3,W,D,C,G,G,8,H,B,5,A,F,3,0,0,0,000000000,00000000000,0,0,0,1,0,0,0,0,0,0,0,998,0,0,0,14,2,3,8,0,0,0,1,34,7746,6,1,0,0,3,0,69,999,0,0,0,0,0,0,0,0,0,0,0,0,0,0,1,2,45,1,1,2,1,0,0,1,80,1,1,1,13,0,0
34,340068,1,1,1,3,3,15,31,35,0,1,0,36,1,23,422,23422,15,2011,1GKS2AE02BR2,1,G,K,S,2,A,E,0,2,B,R,2,0,0,0,000000000,00000000000,0,0,0,1,0,0,0,0,0,0,0,998,0,0,0,14,6,2,42,0,0,0,1,36,10308,6,1,0,0,3,0,73,999,0,0,0,0,0,0,0,0,0,0,28,6,0,0,3,4,65,1,3,2,1,0,0,1,12,1,1,4,6,1,0
34,340069,1,1,1,20,1,21,41,42,0,1,0,34,1,48,38,48038,4,2003,JF1GD29623G5,J,F,1,G,D,2,9,6,2,3,G,5,0,0,0,000000000,00000000000,0,0,0,1,0,0,0,0,0,0,0,998,0,0,0,11,6,2,2,0,0,1,1,34,7036,6,1,0,0,3,0,70,150,0,0,0,0,1,6,2013,6,2013,0,36,0,0,0,3,5,55,2,1,2,1,0,0,14,13,7,3,5,1,1,0
34,340070,1,1,1,21,3,20,10,8,0,1,0,34,2,6,441,6441,20,2003,2C4GP54L73R3,2,C,4,G,P,5,4,L,7,3,R,3,0,0,0,000000000,00000000000,0,0,0,1,0,0,0,0,0,0,0,998,0,0,0,12,6,2,8,0,0,0,1,34,8721,6,1,0,0,3,3,65,999,0,0,0,0,0,0,0,0,0,0,0,0,0,0,1,2,50,4,2,2,1,0,0,14,80,1,1,1,13,0,0
34,340071,1,1,1,27,3,23,42,42,0,1,0,34,1,20,403,20403,14,2003,1GNDS13S9322,1,G,N,D,S,1,3,S,9,3,2,2,0,0,0,000000000,00000000000,0,0,0,1,0,0,0,0,0,0,0,998,0,0,0,4,6,2,42,0,0,0,1,34,8087,6,1,0,0,3,0,73,999,0,0,0,0,0,0,0,0,0,3,36,28,0,0,1,2,45,4,2,2,1,0,0,14,12,3,4,4,7,1,1
34,340072,1,1,1,18,1,18,40,8,0,1,0,34,1,12,402,12402,14,2012,1FMCU0D74CKA,1,F,M,C,U,0,D,7,4,C,K,A,0,0,0,000000000,00000000000,0,0,0,1,0,0,0,0,0,0,0,998,0,0,0,12,6,2,8,0,0,0,1,34,8037,6,1,0,0,3,0,74,999,0,0,0,0,0,0,0,0,0,0,0,0,0,0,2,2,55,1,1,2,1,0,0,1,80,1,1,1,13,0,0
34,340073,1,1,1,3,3,2,59,8,0,1,0,34,3,49,442,49442,20,2000,4T3ZF19C4YU3,4,T,3,Z,F,1,9,C,4,Y,U,3,0,0,0,000000000,00000000000,0,0,0,1,0,0,0,0,0,0,0,998,0,0,0,11,4,3,8,0,0,0,1,34,7650,6,1,0,0,3,3,69,999,0,0,0,0,1,3,2013,3,2013,0,6,0,0,0,3,3,55,1,2,2,1,0,0,1,80,1,1,1,13,0,0
34,340074,1,3,2,19,1,23,21,12,7,1,0,34,1,72,706,72706,80,2013,1HD4CE215DC4,1,H,D,4,C,E,2,1,5,D,C,4,0,0,0,000000000,00000000000,0,0,0,1,0,0,0,0,0,0,0,998,0,0,0,3,6,2,12,0,0,0,1,34,7307,6,1,0,0,3,0,72,999,2,0,0,1,2,3,2013,11,2013,0,35,6,0,0,1,2,25,1,1,2,1,0,0,6,10,1,1,2,46,1,0
34,340074,2,3,1,19,1,23,21,12,7,1,0,34,2,12,461,12461,21,2001,1FDXE45F31HA,1,F,D,X,E,4,5,F,3,1,H,A,0,0,0,000000000,00000000000,0,0,0,1,0,0,0,0,7,3,0,0,0,0,0,9,4,3,12,0,0,0,1,34,7011,6,1,6,3,3,3,67,999,1,0,0,0,3,8,2011,12,2013,0,0,0,0,0,1,2,25,1,1,2,1,0,0,5,98,1,1,1,45,0,0
34,340074,3,3,1,19,1,23,21,12,7,1,0,34,1,49,32,49032,4,2000,2T1BR12E5YC3,2,T,1,B,R,1,2,E,5,Y,C,3,0,0,0,000000000,00000000000,0,0,0,1,0,0,0,0,0,0,0,998,0,0,0,11,4,5,12,0,0,0,1,34,7305,6,1,0,0,3,0,65,999,0,0,0,0,0,0,0,0,0,0,0,0,0,0,1,2,25,1,1,2,1,0,0,1,54,1,1,1,98,0,0
34,340075,1,1,1,15,3,17,6,24,0,1,0,34,1,72,706,72706,80,2014,1HD1KRM10EB6,1,H,D,1,K,R,M,1,0,E,B,6,0,0,0,000000000,00000000000,0,0,0,1,0,0,0,0,0,0,0,998,0,0,0,12,4,3,24,0,0,0,1,34,7011,6,1,0,0,3,3,73,999,0,0,0,1,1,4,2012,12,2012,0,6,0,0,0,3,2,55,2,2,2,1,0,0,15,13,1,1,4,1,1,1
34,340076,1,1,1,20,1,1,31,8,0,1,0,34,2,49,40,49040,4,1996,JT2BG12K5T04,J,T,2,B,G,1,2,K,5,T,0,4,0,0,0,000000000,00000000000,0,0,0,1,0,0,0,0,0,0,0,998,0,0,0,12,2,3,8,0,0,0,1,34,8087,6,1,0,0,3,0,61,999,0,0,0,0,0,0,0,0,0,0,0,0,0,0,1,2,40,2,2,2,1,0,0,14,80,1,1,1,13,0,0
34,340077,1,2,2,24,1,18,55,8,0,1,0,34,1,35,49,35049,6,2004,JN8AZ08W54W3,J,N,8,A,Z,0,8,W,5,4,W,3,0,0,0,000000000,00000000000,0,0,0,1,0,0,0,0,0,0,0,998,0,0,0,12,4,3,8,0,0,0,1,34,8861,6,1,0,0,3,0,63,999,0,0,0,0,1,5,2011,5,2011,0,0,0,0,0,1,4,45,1,1,2,1,0,0,1,80,1,1,1,13,0,0
34,340077,2,2,1,24,1,18,55,8,0,1,0,34,3,12,481,12481,31,2008,1FTSW21518EB,1,F,T,S,W,2,1,5,1,8,E,B,0,0,0,000000000,00000000000,0,0,0,1,0,0,0,0,0,0,0,998,0,0,0,14,0,3,8,0,0,0,1,34,7206,6,1,0,0,3,0,63,999,0,0,0,0,2,4,2012,6,2013,0,0,0,0,0,1,4,45,1,1,2,1,0,0,1,80,1,1,1,98,0,0
34,340078,1,2,1,17,1,4,0,12,2,1,0,34,1,84,881,84881,62,1996,1HTSCABM1TH3,1,H,T,S,C,A,B,M,1,T,H,3,9,0,57,1823270,571823270,2,1,98,1,0,0,0,0,0,0,0,998,0,0,0,12,6,2,12,0,0,0,1,34,7508,6,1,0,9,9,0,75,999,0,0,0,0,4,6,2011,10,2012,0,0,0,0,0,3,3,35,3,2,2,2,0,0,14,54,1,1,1,52,0,0
34,340078,2,2,2,17,1,4,0,12,2,1,0,34,2,51,42,51042,4,1995,YV1LS5513S22,Y,V,1,L,S,5,5,1,3,S,2,2,0,0,0,000000000,00000000000,0,0,0,1,0,0,0,0,0,0,0,998,0,0,0,12,6,2,12,0,0,0,1,34,7644,1,2,0,0,2,0,70,999,0,5,0,0,3,6,2011,10,2013,0,50,36,0,0,3,3,35,3,2,2,2,0,0,14,54,1,1,1,52,1,1
34,340079,1,1,1,18,1,3,4,33,0,1,0,34,2,59,31,59031,4,2003,JTHBF30G5360,J,T,H,B,F,3,0,G,5,3,6,0,0,0,0,000000000,00000000000,0,0,0,1,0,0,0,0,0,0,0,998,0,0,0,12,8,9,23,0,0,0,1,34,7631,6,1,0,0,3,0,70,999,0,0,0,0,0,0,0,0,0,0,83,0,0,0,1,2,40,1,1,2,1,0,0,1,87,99,9,4,8,1,0
34,340080,1,1,2,16,1,17,23,18,0,1,0,34,2,12,422,12422,15,2000,1FMRU1560YLB,1,F,M,R,U,1,5,6,0,Y,L,B,0,0,0,000000000,00000000000,0,0,0,1,0,0,0,0,0,0,0,998,0,1,6,12,6,2,1,0,0,0,1,34,8251,6,1,0,0,3,0,61,999,0,0,0,0,0,0,0,0,0,0,0,0,0,0,1,2,50,3,1,2,1,0,0,14,13,6,2,5,2,1,0
34,340081,1,1,1,28,4,21,28,59,0,1,0,34,2,18,7,18007,4,2005,2G4WS52J8511,2,G,4,W,S,5,2,J,8,5,1,1,0,0,0,000000000,00000000000,0,0,0,1,0,0,0,0,0,0,0,998,0,0,0,12,6,2,42,0,0,0,1,34,8302,1,1,0,0,2,0,69,999,0,2,0,0,0,7,2011,7,2013,0,6,0,0,0,1,2,45,3,1,2,2,0,0,14,13,1,1,5,1,1,1
34,340082,1,2,3,28,4,3,17,12,6,1,0,34,2,55,35,55035,4,2002,KMHDN45D82U2,K,M,H,D,N,4,5,D,8,2,U,2,0,0,0,000000000,00000000000,0,0,0,1,0,0,0,0,0,0,0,998,0,0,0,9,6,2,30,0,0,0,1,34,8401,6,1,0,0,3,0,74,999,0,0,0,0,1,9,2012,9,2012,3,36,50,0,0,4,1,25,1,1,2,1,3,3,1,17,1,1,1,89,1,1
34,340082,2,2,1,28,4,3,17,12,6,1,0,34,1,59,36,59036,1,2002,JTHFN48Y0200,J,T,H,F,N,4,8,Y,0,2,0,0,0,0,0,000000000,00000000000,0,0,0,1,0,0,0,0,0,0,0,998,0,0,0,12,6,2,12,0,0,0,1,34,8401,6,1,6,0,3,3,61,999,0,0,0,0,0,0,0,0,0,0,0,0,0,0,4,2,25,1,1,2,1,3,3,1,55,1,1,1,88,0,0
34,340083,1,1,1,13,3,2,47,35,0,1,0,34,2,37,31,37031,4,2010,2HGFA1F53AH5,2,H,G,F,A,1,F,5,3,A,H,5,0,0,0,000000000,00000000000,0,0,0,1,0,0,0,0,0,0,0,998,0,0,0,14,6,2,42,0,0,0,1,34,7901,6,1,0,0,3,3,62,999,0,0,0,0,0,0,0,0,0,0,6,28,0,0,3,3,65,2,2,2,1,0,0,14,8,3,4,4,7,1,0
34,340084,1,1,1,29,3,19,55,8,0,1,0,34,2,30,40,30040,4,2013,3VW5A7AJ3DM2,3,V,W,5,A,7,A,J,3,D,M,2,0,0,0,000000000,00000000000,0,0,0,1,0,0,0,0,0,0,0,998,0,0,0,1,4,3,8,0,0,0,1,34,8835,6,1,0,0,3,3,71,999,0,0,0,0,2,5,2013,1,2014,0,0,0,0,0,1,4,40,2,1,2,2,0,0,15,81,1,1,1,13,0,0
34,340085,1,1,1,15,3,23,5,8,0,1,1,42,1,20,4,20004,2,1984,1G1AY0781E51,1,G,1,A,Y,0,7,8,1,E,5,1,0,0,0,000000000,00000000000,0,0,0,1,0,0,0,0,0,0,0,998,0,0,0,12,9,5,8,0,0,0,1,42,18328,6,1,0,0,3,3,71,999,0,0,0,0,1,3,2014,3,2014,0,6,0,0,0,2,2,50,1,5,2,1,0,0,1,81,1,1,1,13,0,0
34,340086,1,2,1,9,3,3,46,12,7,1,0,34,1,19,24,19024,4,2013,1G6AA5RA0D01,1,G,6,A,A,5,R,A,0,D,0,1,0,0,0,000000000,00000000000,0,0,0,1,0,0,0,0,0,0,0,998,0,0,0,11,4,3,12,0,0,0,1,34,7712,6,1,0,0,3,0,70,999,0,0,0,0,2,4,2012,9,2013,0,0,0,0,0,3,5,55,1,6,2,1,0,0,1,50,1,1,1,48,0,0
34,340086,2,2,0,9,3,3,46,12,7,1,0,34,6,49,33,49033,3,2003,JTDDY32T3300,J,T,D,D,Y,3,2,T,3,3,0,0,0,0,0,000000000,00000000000,0,0,0,1,0,0,0,0,0,0,0,0,0,0,0,5,4,3,12,0,0,0,0,0,99997,7,6,97,7,6,7,998,997,998,998,998,998,998,98,9998,98,9998,8,20,0,0,0,3,5,55,1,6,2,1,0,0,0,53,0,0,0,48,0,0
34,340087,1,1,1,24,4,15,20,42,0,1,0,42,1,6,51,6051,4,1999,2C3HC56G7XH5,2,C,3,H,C,5,6,G,7,X,H,5,0,0,0,000000000,00000000000,0,0,0,1,0,0,0,0,0,0,0,998,0,2,6,12,6,2,1,0,0,0,1,42,19124,6,1,0,0,3,0,68,999,0,3,0,0,0,11,2011,11,2011,0,6,0,0,0,3,2,55,1,1,2,1,0,0,1,9,1,3,5,2,1,0