STATE,ST_CASE,VEH_NO,VE_FORMS,NUMOCCS,DAY,MONTH,HOUR,MINUTE,HARM_EV,MAN_COLL,UNITTYPE,HIT_RUN,REG_STAT,OWNER,MAKE,MODEL,MAK_MOD,BODY_TYP,MOD_YEAR,VIN,VIN_1,VIN_2,VIN_3,VIN_4,VIN_5,VIN_6,VIN_7,VIN_8,VIN_9,VIN_10,VIN_11,VIN_12,TOW_VEH,J_KNIFE,MCARR_I1,MCARR_I2,MCARR_ID,GVWR,V_CONFIG,CARGO_BT,HAZ_INV,HAZ_PLAC,HAZ_ID,HAZ_CNO,HAZ_REL,BUS_USE,SPEC_USE,EMER_USE,TRAV_SP,UNDERIDE,ROLLOVER,ROLINLOC,IMPACT1,DEFORMED,TOWED,M_HARM,VEH_SC1,VEH_SC2,FIRE_EXP,DR_PRES,L_STATE,DR_ZIP,L_STATUS,L_TYPE,CDL_STAT,L_ENDORS,L_COMPL,L_RESTRI,DR_HGT,DR_WGT,PREV_ACC,PREV_SUS,PREV_DWI,PREV_SPD,PREV_OTH,FIRST_MO,FIRST_YR,LAST_MO,LAST_YR,SPEEDREL,DR_SF1,DR_SF2,DR_SF3,DR_SF4,VTRAFWAY,VNUM_LAN,VSPD_LIM,VALIGN,VPROFILE,VPAVETYP,VSURCOND,VTRAFCON,VTCONT_F,P_CRASH1,P_CRASH2,P_CRASH3,PCRASH4,PCRASH5,ACC_TYPE,DEATHS,DR_DRINK
34,340125,1,1,3,2,2,16,52,8,0,1,0,34,1,59,35,59035,4,2009,JTHCK2624950,J,T,H,C,K,2,6,2,4,9,5,0,0,0,0,000000000,00000000000,0,0,0,1,0,0,0,0,0,0,0,35,0,0,0,12,8,9,8,0,0,0,1,34,8618,6,1,0,0,3,0,60,999,2,0,0,0,0,10,2011,12,2011,0,0,0,0,0,1,2,35,1,1,2,1,0,0,1,80,6,1,2,13,0,0
34,340126,1,1,1,23,2,23,59,8,0,1,1,34,1,7,24,7024,4,2010,2B3CK8CT8AH3,2,B,3,C,K,8,C,T,8,A,H,3,0,0,0,000000000,00000000000,0,0,0,1,0,0,0,0,0,0,0,998,0,0,0,1,4,3,8,0,0,0,1,34,7801,6,1,0,0,3,0,73,999,0,0,0,0,0,0,0,0,0,0,36,0,0,0,1,2,40,1,1,2,1,0,0,1,80,99,9,9,13,0,1
34,340127,1,2,1,4,3,13,26,12,2,1,0,34,1,12,471,12471,30,2004,1FTZR45E54PA,1,F,T,Z,R,4,5,E,5,4,P,A,0,0,0,000000000,00000000000,0,0,0,1,0,0,0,0,0,0,0,998,0,0,0,12,6,2,12,0,0,0,1,34,7926,6,1,0,0,3,0,70,999,0,0,0,0,0,0,0,0,0,0,0,0,0,0,1,2,45,1,1,2,1,0,0,1,62,7,1,1,51,0,0
34,340127,2,2,1,4,3,13,26,12,2,1,0,34,1,30,40,30040,6,2002,WVWRK61J72W2,W,V,W,R,K,6,1,J,7,2,W,2,0,0,0,000000000,00000000000,0,0,0,1,0,0,0,0,0,0,0,998,0,0,0,12,6,2,12,0,0,0,1,34,7920,6,1,0,0,3,0,70,999,1,0,0,0,0,1,2012,1,2012,0,6,28,0,0,1,2,45,1,1,2,1,0,0,1,10,1,1,2,50,1,0
34,340128,1,1,1,21,3,18,53,8,0,1,0,34,3,7,442,7442,20,2011,2D4RN4DG2BR7,2,D,4,R,N,4,D,G,2,B,R,7,0,0,0,000000000,00000000000,0,0,0,1,0,0,0,0,0,0,0,998,0,0,0,1,4,3,8,0,0,0,1,34,7920,6,1,0,0,3,0,74,999,0,0,0,0,2,2,2012,4,2012,0,6,0,0,0,3,4,55,2,1,2,1,0,0,14,11,1,1,5,1,0,0
34,340129,1,1,1,2,2,17,56,8,0,1,0,34,1,62,424,62424,15,2012,SALFR2BN6CH3,S,A,L,F,R,2,B,N,6,C,H,3,0,0,0,000000000,00000000000,0,0,0,1,0,0,0,0,0,0,0,998,0,0,0,12,4,3,8,0,0,0,1,34,7036,6,1,0,0,3,0,69,999,0,0,0,0,0,0,0,0,0,0,38,0,0,0,1,2,25,1,1,2,1,0,0,1,80,1,1,1,13,0,0
34,340130,1,1,1,10,2,17,56,8,0,1,1,34,9,20,25,20025,4,2014,1G1PA5SG1E71,1,G,1,P,A,5,S,G,1,E,7,1,0,0,0,000000000,00000000000,0,0,0,1,0,0,0,0,0,0,0,998,0,0,0,1,9,5,8,0,0,0,1,99,99999,9,9,99,9,9,9,999,999,99,99,99,99,99,99,9999,99,9999,0,0,0,0,0,1,2,25,1,1,2,1,0,0,1,80,1,1,1,13,0,0
34,340131,1,1,2,10,3,6,22,8,0,1,0,34,3,86,881,86881,66,1999,1M2AC07C9XM0,1,M,2,A,C,0,7,C,9,X,M,0,1,1,88,888888888,88888888888,3,6,4,1,0,0,0,0,0,0,0,998,0,0,0,99,9,5,8,0,0,0,1,34,7940,6,1,6,0,3,3,62,999,2,0,0,0,1,4,2012,12,2012,0,86,0,0,0,1,2,25,1,1,2,1,3,3,11,80,1,1,1,13,0,0
34,340132,1,1,1,26,4,2,26,8,0,1,0,34,1,20,481,20481,31,2010,3GCRKSEAXAG1,3,G,C,R,K,S,E,A,X,A,G,1,0,0,0,000000000,00000000000,0,0,0,1,0,0,0,0,0,0,0,998,0,0,0,12,4,3,8,0,0,0,1,34,8805,6,1,0,0,3,3,68,999,1,0,0,0,0,12,2011,12,2011,0,0,0,0,0,3,2,45,1,1,2,2,0,0,1,80,1,1,1,13,0,0
34,340133,1,3,2,20,3,22,18,12,1,1,0,34,3,86,881,86881,66,2010,1M1AW07Y7AN0,1,M,1,A,W,0,7,Y,7,A,N,0,1,1,57,634508,57634508,3,6,1,1,0,0,0,0,0,0,0,998,0,0,0,12,6,2,12,0,0,0,1,42,19139,6,1,6,3,3,0,73,999,0,0,0,1,0,9,2011,9,2011,0,36,0,0,0,3,3,55,1,1,2,1,3,3,1,50,3,1,1,20,0,1
34,340133,2,3,2,20,3,22,18,12,1,1,0,34,1,59,403,59403,14,2013,2T2BK1BA1DC2,2,T,2,B,K,1,B,A,1,D,C,2,0,0,0,000000000,00000000000,0,0,0,1,0,0,0,0,0,0,0,0,0,0,0,6,6,2,12,0,0,0,1,34,8540,6,1,0,0,3,0,76,999,0,0,0,0,0,0,0,0,0,0,0,0,0,0,3,3,55,1,1,2,1,3,3,5,53,1,1,1,21,1,0
34,340133,3,3,1,20,3,22,18,12,1,1,0,34,1,34,34,34034,4,2011,WBAKF5C5XBE6,W,B,A,K,F,5,C,5,X,B,E,6,0,0,0,000000000,00000000000,0,0,0,1,0,0,0,0,0,0,0,0,0,0,0,6,6,2,12,0,0,0,1,34,8540,6,1,0,0,3,3,70,999,1,0,0,0,1,11,2012,11,2012,0,0,0,0,0,3,3,55,1,1,2,1,3,3,5,53,1,1,1,98,0,0
34,340134,1,2,4,11,5,20,21,12,7,1,0,34,2,21,21,21021,4,2004,1G3NL52E14C1,1,G,3,N,L,5,2,E,1,4,C,1,0,0,0,000000000,00000000000,0,0,0,1,0,0,0,0,0,0,0,0,0,0,0,5,4,3,12,0,0,0,1,34,7201,6,1,0,0,3,0,66,999,1,2,0,1,1,3,2012,6,2013,0,0,0,0,0,1,2,25,1,1,2,1,20,3,5,52,1,1,1,48,0,0
34,340134,2,2,1,11,5,20,21,12,7,1,0,34,2,76,705,76705,80,1999,JYARJ04EXXA0,J,Y,A,R,J,0,4,E,X,X,A,0,0,0,0,000000000,00000000000,0,0,0,1,0,0,0,0,0,0,0,998,0,0,0,11,4,3,19,0,0,0,1,34,7202,0,0,0,0,0,0,999,999,0,0,0,0,0,0,0,0,0,3,39,0,0,0,1,2,25,1,1,2,1,20,3,2,6,9,2,2,48,1,1
34,340135,1,2,1,15,3,14,25,12,1,1,0,34,1,41,402,41402,14,2002,4F2YU08102KM,4,F,2,Y,U,0,8,1,0,2,K,M,0,0,0,000000000,00000000000,0,0,0,1,0,0,0,0,0,0,0,998,0,0,0,6,8,9,12,0,0,0,1,34,7103,6,1,0,0,3,0,61,999,0,0,0,0,0,0,0,0,0,0,0,0,0,0,1,2,25,1,1,2,1,0,0,99,99,99,9,9,33,0,0
34,340135,2,2,2,15,3,14,25,12,1,1,0,34,1,37,32,37032,4,1991,1HGCB7653MA2,1,H,G,C,B,7,6,5,3,M,A,2,0,0,0,000000000,00000000000,0,0,0,1,0,0,0,0,0,0,0,998,0,0,0,12,8,9,12,0,0,0,1,34,7083,6,1,0,0,3,0,64,999,0,0,0,0,0,0,0,0,0,0,6,0,0,0,1,2,25,1,1,2,1,0,0,99,59,99,9,9,33,2,0
34,340136,1,1,2,4,5,18,20,8,0,1,0,34,2,37,32,37032,4,2001,1HGCG66831A0,1,H,G,C,G,6,6,8,3,1,A,0,0,0,0,000000000,00000000000,0,0,0,1,0,0,0,0,0,0,0,998,0,0,0,2,2,5,8,0,0,0,1,34,7032,6,1,0,0,3,3,64,999,0,0,0,0,1,7,2013,7,2013,0,0,0,0,0,3,4,55,1,1,2,1,0,0,1,81,2,1,1,13,0,0
34,340137,1,1,1,10,3,3,30,8,0,1,0,34,2,37,421,37421,15,2008,5FNYF18508B0,5,F,N,Y,F,1,8,5,0,8,B,0,0,0,0,000000000,00000000000,0,0,0,1,0,0,0,0,0,0,0,998,0,0,0,12,4,3,8,0,0,0,1,34,7083,6,1,0,0,3,3,67,999,0,0,0,0,2,1,2012,11,2013,0,0,0,0,0,3,3,50,1,2,2,1,3,3,1,80,1,1,1,13,0,0
34,340138,1,1,1,19,5,5,30,58,0,1,0,34,2,37,32,37032,4,2011,1HGCP2F64BA0,1,H,G,C,P,2,F,6,4,B,A,0,0,0,0,000000000,00000000000,0,0,0,1,0,0,0,0,0,0,0,998,0,1,5,14,6,2,1,0,0,0,1,34,8043,6,1,0,0,3,0,71,999,0,2,0,0,0,8,2012,2,2014,0,28,0,0,0,2,3,65,1,1,2,1,0,0,1,12,1,1,4,6,1,0
34,340139,1,1,4,11,5,1,25,24,0,1,0,34,1,35,39,35039,4,2005,1N4BA41EX5C8,1,N,4,B,A,4,1,E,X,5,C,8,0,0,0,000000000,00000000000,0,0,0,1,0,0,0,0,0,0,0,998,0,1,2,11,6,2,1,0,0,0,1,34,7029,6,1,0,0,3,0,69,999,0,0,0,0,0,0,0,0,0,0,28,0,0,0,3,3,55,1,1,2,2,0,0,1,8,3,3,4,2,2,1
34,340140,4,1,1,23,3,22,1,14,0,1,0,34,2,7,25,7025,5,2007,1B3HB28BX7D2,1,B,3,H,B,2,8,B,X,7,D,2,0,0,0,000000000,00000000000,0,0,0,1,0,0,0,0,0,0,0,998,0,0,0,1,8,9,8,0,0,0,1,34,8902,6,1,0,0,3,0,71,999,0,0,0,0,0,0,0,0,0,5,36,0,0,0,1,2,25,1,1,2,1,0,0,1,11,1,1,4,11,0,1
34,340141,1,1,1,10,5,0,23,42,0,1,0,34,1,12,481,12481,31,2004,1FTRF12W64NC,1,F,T,R,F,1,2,W,6,4,N,C,0,0,0,000000000,00000000000,0,0,0,1,0,0,0,0,0,0,0,998,0,0,0,11,6,2,42,0,0,0,1,34,8079,6,1,0,0,3,3,66,999,0,0,0,0,1,1,2014,1,2014,0,27,0,0,0,1,2,35,1,1,2,2,0,0,15,12,6,4,4,7,1,1
34,340142,1,1,1,24,5,10,25,8,0,1,0,34,2,20,37,20037,4,2003,1G1NE52J33M6,1,G,1,N,E,5,2,J,3,3,M,6,0,0,0,000000000,00000000000,0,0,0,1,0,0,0,0,0,0,0,998,0,0,0,11,4,3,30,0,0,0,1,34,8110,6,1,0,0,3,3,999,999,0,0,0,0,0,0,0,0,0,0,38,0,0,0,1,2,25,1,2,2,1,0,0,1,80,1,1,1,13,0,1
34,340143,1,5,1,18,4,15,46,12,7,1,0,34,1,37,32,37032,4,2007,1HGCM56457A2,1,H,G,C,M,5,6,4,5,7,A,2,0,0,0,000000000,00000000000,0,0,0,1,0,0,0,0,0,0,0,998,0,1,1,4,6,2,12,0,0,0,1,34,7726,6,1,0,0,3,0,64,999,0,0,0,0,3,9,2013,9,2013,0,27,28,0,0,3,3,55,1,1,2,1,0,0,15,11,1,1,1,46,1,1
34,340143,2,5,3,18,4,15,46,12,7,1,0,34,1,12,24,12024,6,2007,2FMDK38C17BA,2,F,M,D,K,3,8,C,1,7,B,A,0,0,0,000000000,00000000000,0,0,0,1,0,0,0,0,0,0,0,998,0,0,0,10,8,9,12,0,0,0,1,34,8859,6,1,0,0,3,0,60,999,1,0,0,0,0,1,2012,1,2012,0,0,0,0,0,3,3,55,1,1,2,1,0,0,1,60,1,1,1,45,0,0
34,340143,3,5,1,18,4,15,46,12,7,1,0,34,1,59,402,59402,14,2006,JTJBT20X6600,J,T,J,B,T,2,0,X,6,6,0,0,0,0,0,000000000,00000000000,0,0,0,1,0,0,0,0,0,0,0,998,0,0,0,9,6,2,12,0,0,0,1,34,7751,6,1,0,0,3,0,70,999,0,0,0,0,0,0,0,0,0,0,0,0,0,0,3,3,55,1,1,2,1,0,0,1,55,3,2,1,98,0,0
34,340143,4,5,1,18,4,15,46,12,7,1,0,34,3,49,51,49051,3,2009,JTDJT9033952,J,T,D,J,T,9,0,3,3,9,5,2,0,0,0,000000000,00000000000,0,0,0,1,0,0,0,0,0,0,0,998,0,0,0,10,6,2,12,0,0,0,1,34,7751,6,1,0,0,3,0,69,999,0,0,0,0,0,0,0,0,0,0,0,0,0,0,3,3,55,1,1,2,1,0,0,1,60,3,1,1,98,0,0
34,340143,5,5,3,18,4,15,46,12,7,1,0,34,3,55,402,55402,14,2014,KM8JUCAG7EU8,K,M,8,J,U,C,A,G,7,E,U,8,0,0,0,000000000,00000000000,0,0,0,1,0,0,0,0,0,0,0,998,0,0,0,12,6,2,12,0,0,0,1,34,7726,6,1,0,0,3,0,74,999,0,0,0,0,0,0,0,0,0,0,0,0,0,0,3,3,55,1,1,2,1,0,0,1,50,1,1,1,98,0,0
34,340144,2,1,2,3,5,4,3,14,0,1,0,34,2,37,402,37402,14,2014,5J6RM4H54EL0,5,J,6,R,M,4,H,5,4,E,L,0,0,0,0,000000000,00000000000,0,0,0,1,0,0,0,0,0,0,0,998,4,0,0,12,6,2,14,0,0,0,1,34,7076,6,1,0,0,3,0,68,999,2,0,0,0,0,2,2012,3,2013,0,28,0,0,0,3,3,55,1,1,2,1,0,0,1,13,1,1,4,11,2,1
34,340145,1,2,1,21,4,12,0,12,7,1,0,34,1,20,401,20401,14,2005,1GNDS13S7522,1,G,N,D,S,1,3,S,7,5,2,2,0,0,0,000000000,00000000000,0,0,0,1,0,0,0,0,0,0,0,998,0,1,1,1,8,9,1,0,0,0,1,34,8753,6,1,0,0,3,0,69,999,0,0,0,0,0,0,0,0,0,9,6,0,0,0,3,2,65,4,2,2,1,0,0,14,11,1,1,2,44,1,0
34,340145,2,2,2,21,4,12,0,12,7,1,0,34,1,49,32,49032,4,2007,2T1BR30EX7C7,2,T,1,B,R,3,0,E,X,7,C,7,0,0,0,000000000,00000000000,0,0,0,1,0,0,0,0,0,0,0,998,0,0,0,9,8,9,12,0,0,0,1,34,7036,6,1,0,0,3,0,63,999,0,1,0,0,1,2,2012,10,2013,0,0,0,0,0,3,2,65,4,2,2,1,0,0,14,60,1,1,1,45,0,0
34,340146,1,2,1,13,5,9,53,12,6,1,0,34,1,37,402,37402,14,2010,JHLRE3H59AC0,J,H,L,R,E,3,H,5,9,A,C,0,0,0,0,000000000,00000000000,0,0,0,1,0,0,0,0,0,0,0,998,0,0,0,2,6,2,12,0,0,0,1,34,8086,6,1,0,0,3,0,67,999,0,0,0,0,0,0,0,0,0,0,38,6,0,0,1,4,50,1,1,2,1,3,3,11,15,1,1,1,68,0,0
34,340146,2,2,1,13,5,9,53,12,6,1,0,34,1,98,705,98705,80,2010,RFBT7S377AB3,R,F,B,T,7,S,3,7,7,A,B,3,0,0,0,000000000,00000000000,0,0,0,1,0,0,0,0,0,0,0,998,0,0,0,12,6,2,12,0,0,0,1,34,8312,6,1,0,0,3,3,71,999,0,0,0,0,0,0,0,0,0,0,0,0,0,0,1,4,50,1,1,2,1,3,3,1,62,1,1,1,69,1,0
34,340147,1,2,1,3,4,15,0,12,6,1,0,34,1,12,481,12481,31,2010,1FTWW3BR3AEA,1,F,T,W,W,3,B,R,3,A,E,A,0,0,0,000000000,00000000000,0,0,0,1,0,0,0,0,0,0,0,998,0,0,0,11,8,9,12,0,0,0,1,34,8876,6,1,0,0,3,0,73,999,0,0,0,1,0,11,2011,11,2011,0,6,38,0,0,1,4,45,1,1,2,1,0,0,11,55,1,1,1,68,0,0
34,340147,2,2,1,3,4,15,0,12,6,1,0,34,3,34,706,34706,80,2013,WB1053401DZL,W,B,1,0,5,3,4,0,1,D,Z,L,0,0,0,000000000,00000000000,0,0,0,1,0,0,0,0,0,0,0,998,0,0,0,12,8,9,12,0,0,0,1,34,8854,6,1,0,0,3,0,68,999,0,0,0,0,2,2,2014,3,2014,0,0,0,0,0,1,4,45,1,1,2,1,0,0,1,55,1,1,1,69,1,0
34,340148,1,1,1,13,4,17,22,42,0,1,0,34,2,20,481,20481,31,1997,1GCGK29R2VE1,1,G,C,G,K,2,9,R,2,V,E,1,0,0,0,000000000,00000000000,0,0,0,1,0,0,0,0,0,0,0,998,0,0,0,12,6,2,2,0,0,1,1,34,8520,6,1,0,0,3,0,71,999,1,0,0,0,3,3,2012,9,2013,3,36,0,0,0,1,1,25,1,1,4,1,0,0,6,13,1,4,5,2,1,0
34,340149,1,2,1,12,5,5,22,8,0,1,0,42,2,42,36,42036,6,1993,WDBEA92E0PF2,W,D,B,E,A,9,2,E,0,P,F,2,0,0,0,000000000,00000000000,0,0,0,1,0,0,0,0,0,0,0,998,0,0,0,11,4,3,8,0,0,0,1,42,17112,1,1,0,0,2,0,71,999,0,0,0,0,0,0,0,0,0,0,0,0,0,0,1,2,50,1,1,2,1,0,0,1,80,1,1,1,13,0,0
34,340149,2,2,1,12,5,5,22,8,0,1,0,34,3,51,881,51881,66,2006,4V4NC9GH26N4,4,V,4,N,C,9,G,H,2,6,N,4,1,1,57,0174873,570174873,3,6,1,1,0,0,0,0,0,0,0,998,0,0,0,14,0,5,54,0,0,0,1,34,8054,6,1,6,0,3,0,70,999,0,0,0,0,0,0,0,0,0,0,0,0,0,0,1,2,50,1,1,2,1,0,0,1,98,1,1,1,98,0,0
34,340150,1,2,1,27,4,19,12,12,6,1,0,34,2,42,50,42050,6,2006,4JGCB65E06A0,4,J,G,C,B,6,5,E,0,6,A,0,0,0,0,000000000,00000000000,0,0,0,1,0,0,0,0,0,0,0,998,0,0,0,12,6,2,12,0,0,0,1,34,8085,6,1,0,0,3,0,64,999,1,5,0,0,3,5,2011,4,2014,0,6,39,0,0,1,2,45,1,1,2,1,20,3,1,55,1,1,1,86,0,1
34,340150,2,2,2,27,4,19,12,12,6,1,0,34,2,18,2,18002,4,2003,1G4HP52K93U1,1,G,4,H,P,5,2,K,9,3,U,1,0,0,0,000000000,00000000000,0,0,0,1,0,0,0,0,0,0,0,998,0,0,0,3,6,2,12,0,0,0,1,34,8088,6,1,0,0,3,3,73,999,0,0,0,0,0,0,0,0,0,0,0,0,0,0,1,2,40,1,1,2,1,20,3,1,55,1,1,1,87,1,0
34,340151,1,3,1,29,4,18,12,33,0,1,0,34,2,63,33,63033,4,2008,KNAFE1223855,K,N,A,F,E,1,2,2,3,8,5,5,0,0,0,000000000,00000000000,0,0,0,1,0,0,0,0,0,0,0,998,0,0,0,14,8,9,30,0,0,0,1,34,7055,6,1,0,0,3,3,71,999,0,0,0,0,0,0,0,0,0,9,99,99,99,99,1,2,25,1,1,2,2,3,3,99,99,1,9,4,98,1,1
34,340151,2,3,1,29,4,18,12,33,0,1,0,34,1,49,32,49032,4,2013,2T1BU4EE8DC1,2,T,1,B,U,4,E,E,8,D,C,1,0,0,0,000000000,00000000000,0,0,0,1,0,0,0,0,0,0,0,0,0,0,0,1,8,9,12,0,0,0,1,34,7055,6,1,0,0,3,0,61,999,0,0,0,0,0,0,0,0,0,0,0,0,0,0,1,2,25,1,1,2,2,3,3,5,11,1,1,1,98,0,0
34,340151,3,3,1,29,4,18,12,33,0,1,0,34,3,98,988,98988,52,2012,1N9416056CA1,1,N,9,4,1,6,0,5,6,C,A,1,0,0,88,888888888,88888888888,3,21,22,1,0,0,0,0,6,3,0,998,0,0,0,11,8,9,12,0,0,0,1,34,7017,6,1,6,1,3,0,65,999,1,0,0,0,0,4,2012,4,2012,0,0,0,0,0,1,4,35,2,1,2,2,3,3,4,60,1,1,1,98,0,0
34,340152,1,1,1,10,4,8,2,8,0,1,0,34,2,87,881,87881,63,1999,1NPNLD9X4XS4,1,N,P,N,L,D,9,X,4,X,S,4,0,0,57,418850,57418850,3,2,7,1,0,0,0,0,0,0,0,998,0,0,0,4,2,5,8,0,0,0,1,34,8012,6,1,6,1,3,3,69,999,1,0,0,0,0,4,2012,4,2012,0,0,0,0,0,1,2,25,1,1,2,1,0,0,10,81,1,1,1,13,0,0
34,340153,1,2,2,11,5,12,25,12,1,1,0,34,2,12,473,12473,30,2010,1FMEU7DE0AUA,1,F,M,E,U,7,D,E,0,A,U,A,0,0,0,000000000,00000000000,0,0,0,1,0,0,0,0,0,0,0,998,0,0,0,6,4,5,12,0,0,0,1,34,8050,6,1,0,0,3,0,60,999,1,0,0,0,1,12,2013,12,2013,0,0,0,0,0,2,3,55,1,1,2,1,0,0,2,53,1,1,1,29,0,0
34,340153,2,2,2,11,5,12,25,12,1,1,0,34,1,14,17,14017,4,2001,1MEFM55S51G6,1,M,E,F,M,5,5,S,5,1,G,6,0,0,0,000000000,00000000000,0,0,0,1,0,0,0,0,0,0,0,998,0,0,0,12,6,2,12,0,0,0,1,34,8723,6,1,0,0,3,0,70,999,0,0,0,0,1,10,2013,10,2013,4,26,0,0,0,2,3,55,1,1,2,1,0,0,1,52,1,1,1,28,1,0
34,340154,1,2,1,4,4,18,38,12,6,1,0,34,3,20,461,20461,21,2013,1GCWGGFAXD11,1,G,C,W,G,G,F,A,X,D,1,1,0,0,0,000000000,00000000000,0,0,0,1,0,0,0,0,0,0,0,998,0,0,0,12,6,2,12,0,0,0,1,34,7524,6,1,0,0,3,0,62,999,0,0,0,0,0,0,0,0,0,0,0,0,0,0,1,2,40,1,1,2,2,0,0,1,62,7,1,1,65,0,0
34,340154,2,2,2,4,4,18,38,12,6,1,0,34,2,58,37,58037,2,2005,JNKCV54E25M4,J,N,K,C,V,5,4,E,2,5,M,4,0,0,0,000000000,00000000000,0,0,0,1,0,0,0,0,0,0,0,998,0,0,0,3,6,2,12,0,0,0,1,34,7470,6,2,0,0,3,3,73,999,0,0,0,0,0,0,0,0,0,0,28,0,0,0,1,2,40,1,1,2,2,0,0,1,9,1,4,2,64,1,0
34,340155,1,2,1,28,5,5,36,12,8,1,0,34,2,12,461,12461,21,1999,1FTPE2424XHB,1,F,T,P,E,2,4,2,4,X,H,B,0,0,0,000000000,00000000000,0,0,0,1,0,0,0,0,0,0,0,998,0,1,1,11,6,2,12,0,0,0,1,34,7657,6,1,0,0,3,3,73,999,0,1,0,0,1,3,2014,5,2014,0,28,0,0,0,2,3,50,2,6,2,1,0,0,14,88,6,1,2,64,0,0
34,340155,2,2,1,28,5,5,36,12,8,1,0,42,2,2,404,2404,14,1991,1J4FJ58S4ML5,1,J,4,F,J,5,8,S,4,M,L,5,0,0,0,000000000,00000000000,0,0,0,1,0,0,0,0,0,0,0,998,0,1,5,11,6,2,12,0,0,0,1,34,7874,6,1,0,0,3,3,74,999,0,0,0,0,0,0,0,0,0,0,0,0,0,0,2,3,50,3,6,2,1,0,0,14,62,1,1,1,65,1,0
34,340156,1,2,2,18,3,9,8,12,6,1,0,34,1,19,3,19003,2,1993,1G6CD13B1P42,1,G,6,C,D,1,3,B,1,P,4,2,0,0,0,000000000,00000000000,0,0,0,1,0,0,0,0,0,0,0,998,0,0,0,3,8,9,12,0,0,0,1,34,8820,6,1,0,0,3,0,71,999,2,0,0,0,1,6,2011,12,2013,0,38,0,0,0,3,2,25,1,1,2,1,3,3,11,55,1,1,1,68,1,0
34,340156,2,2,3,18,3,9,8,12,6,1,0,34,3,55,35,55035,4,2014,5NPDH4AE8EH4,5,N,P,D,H,4,A,E,8,E,H,4,0,0,0,000000000,00000000000,0,0,0,1,0,0,0,0,0,0,0,998,0,0,0,12,8,9,12,0,0,0,1,34,8837,6,1,0,0,3,3,60,999,0,0,0,0,1,8,2012,8,2012,0,0,0,0,0,3,2,25,1,1,2,1,3,3,1,55,1,1,1,69,0,0
34,340157,1,1,1,17,5,22,9,8,0,1,0,34,1,20,2,20002,4,2008,2G1WT58K6891,2,G,1,W,T,5,8,K,6,8,9,1,0,0,0,000000000,00000000000,0,0,0,1,0,0,0,0,0,0,0,998,0,0,0,12,0,3,8,0,0,0,1,34,8050,6,1,0,0,3,0,70,999,0,0,0,0,0,0,0,0,0,0,0,0,0,0,2,3,55,1,1,2,1,0,0,1,80,1,1,1,13,0,0
34,340158,1,2,1,30,4,15,1,12,6,1,0,34,1,14,6,14006,4,2000,2MEFM74W7YX6,2,M,E,F,M,7,4,W,7,Y,X,6,0,0,0,000000000,00000000000,0,0,0,1,0,0,0,0,0,0,0,998,0,0,0,8,6,2,12,0,0,0,1,34,8323,6,1,0,0,3,0,67,999,0,0,0,0,0,0,0,0,0,0,39,0,0,0,1,2,50,1,1,2,1,20,3,1,55,1,1,1,89,1,0
34,340158,2,2,1,30,4,15,1,12,6,1,0,34,1,35,471,35471,30,1995,1N6SD16S4SC3,1,N,6,S,D,1,6,S,4,S,C,3,0,0,0,000000000,00000000000,0,0,0,1,0,0,0,0,0,0,0,998,0,0,0,12,6,2,12,0,0,0,1,34,8302,6,1,0,0,3,0,72,999,1,0,0,0,0,9,2011,9,2011,0,0,0,0,0,1,2,50,1,1,1,1,0,0,1,55,7,1,1,88,0,0
34,340159,1,1,2,27,5,12,40,8,0,1,0,34,2,37,421,37421,15,2012,5FNYF4H70CB0,5,F,N,Y,F,4,H,7,0,C,B,0,0,0,0,000000000,00000000000,0,0,0,1,0,0,0,0,0,0,0,998,0,0,0,12,4,3,8,0,0,0,1,34,8054,6,1,0,0,3,0,67,999,0,0,0,0,0,0,0,0,0,0,27,0,0,0,1,4,55,1,1,2,1,0,0,1,80,6,1,1,13,0,0
34,340160,1,2,1,17,5,8,44,12,6,1,0,34,1,20,481,20481,31,2009,3GCEK23319G1,3,G,C,E,K,2,3,3,1,9,G,1,0,0,0,000000000,00000000000,0,0,0,1,0,0,0,0,0,0,0,998,0,0,0,2,6,2,12,0,0,0,1,34,8094,6,1,0,0,3,3,68,999,0,0,0,0,0,0,0,0,0,0,6,38,48,0,2,2,55,1,1,2,1,0,0,11,54,1,1,7,68,0,0
34,340160,2,2,2,17,5,8,44,12,6,1,0,34,1,72,706,72706,80,2013,1HD1KGM1XDB6,1,H,D,1,K,G,M,1,X,D,B,6,0,0,0,000000000,00000000000,0,0,0,1,0,0,0,0,0,0,0,998,0,0,0,12,6,2,12,0,0,0,1,34,8094,6,1,0,0,3,0,76,999,0,0,0,0,0,0,0,0,0,0,0,0,0,0,2,2,55,1,1,2,1,0,0,1,64,1,1,3,69,1,0
34,340161,1,1,1,26,5,18,56,8,0,1,1,99,9,99,399,99399,9,9999,999999999999,9,9,9,9,9,9,9,9,9,9,9,9,0,0,0,000000000,00000000000,0,0,0,1,0,0,0,0,0,0,0,998,0,0,0,4,9,5,8,0,0,0,1,99,99999,9,9,99,9,9,9,999,999,99,99,99,99,99,99,9999,99,9999,9,0,0,0,0,4,1,25,1,1,2,1,0,0,1,80,1,1,9,13,0,0