STATE,ST_CASE,VEH_NO,VE_FORMS,NUMOCCS,DAY,MONTH,HOUR,MINUTE,HARM_EV,MAN_COLL,UNITTYPE,HIT_RUN,REG_STAT,OWNER,MAKE,MODEL,MAK_MOD,BODY_TYP,MOD_YEAR,VIN,VIN_1,VIN_2,VIN_3,VIN_4,VIN_5,VIN_6,VIN_7,VIN_8,VIN_9,VIN_10,VIN_11,VIN_12,TOW_VEH,J_KNIFE,MCARR_I1,MCARR_I2,MCARR_ID,GVWR,V_CONFIG,CARGO_BT,HAZ_INV,HAZ_PLAC,HAZ_ID,HAZ_CNO,HAZ_REL,BUS_USE,SPEC_USE,EMER_USE,TRAV_SP,UNDERIDE,ROLLOVER,ROLINLOC,IMPACT1,DEFORMED,TOWED,M_HARM,VEH_SC1,VEH_SC2,FIRE_EXP,DR_PRES,L_STATE,DR_ZIP,L_STATUS,L_TYPE,CDL_STAT,L_ENDORS,L_COMPL,L_RESTRI,DR_HGT,DR_WGT,PREV_ACC,PREV_SUS,PREV_DWI,PREV_SPD,PREV_OTH,FIRST_MO,FIRST_YR,LAST_MO,LAST_YR,SPEEDREL,DR_SF1,DR_SF2,DR_SF3,DR_SF4,VTRAFWAY,VNUM_LAN,VSPD_LIM,VALIGN,VPROFILE,VPAVETYP,VSURCOND,VTRAFCON,VTCONT_F,P_CRASH1,P_CRASH2,P_CRASH3,PCRASH4,PCRASH5,ACC_TYPE,DEATHS,DR_DRINK
34,340162,1,1,1,31,5,15,28,42,0,1,0,34,1,23,481,23481,31,2005,2GTEK19B0513,2,G,T,E,K,1,9,B,0,5,1,3,0,0,0,000000000,00000000000,0,0,0,1,0,0,0,0,0,0,0,998,0,0,0,12,4,3,42,0,0,0,1,34,8807,6,1,0,0,3,0,68,999,0,0,0,0,0,0,0,0,0,0,28,0,0,0,1,2,25,1,2,2,1,0,0,1,12,1,1,4,6,1,1
34,340163,1,3,1,6,4,1,42,12,1,1,0,24,1,23,441,23441,20,2001,1GKDM19W01B5,1,G,K,D,M,1,9,W,0,1,B,5,0,0,0,000000000,00000000000,0,0,0,1,0,0,0,0,0,0,0,998,0,0,0,6,6,2,12,0,0,0,1,24,21215,6,1,0,0,3,0,67,198,0,0,0,0,0,0,0,0,0,0,45,0,0,0,3,3,65,1,3,2,1,0,0,1,53,1,1,1,25,0,0
34,340163,2,3,1,6,4,1,42,12,1,1,0,34,1,87,881,87881,66,1997,1XPFDR9X2VN4,1,X,P,F,D,R,9,X,2,V,N,4,1,1,57,127321,57127321,3,6,98,1,0,0,0,0,0,0,0,998,0,1,3,12,6,2,2,0,0,1,1,34,8352,6,1,6,1,3,0,67,999,0,1,0,0,3,7,2011,9,2013,0,0,0,0,0,3,3,65,1,3,2,1,0,0,1,51,98,9,1,24,1,0
34,340163,3,3,5,6,4,1,42,12,1,1,0,33,2,34,401,34401,14,2012,5UXZV4C50CL7,5,U,X,Z,V,4,C,5,0,C,L,7,0,0,0,000000000,00000000000,0,0,0,1,0,0,0,0,0,0,0,998,0,0,0,12,6,2,54,0,0,0,1,33,3102,6,1,0,0,3,0,67,155,0,0,0,2,0,8,2012,10,2013,0,0,0,0,0,3,3,65,1,3,2,1,0,0,1,98,1,1,1,98,0,0
34,340164,1,2,1,3,5,2,3,12,6,1,0,34,3,98,982,98982,50,2008,4DRBUAFP58B4,4,D,R,B,U,A,F,P,5,8,B,4,0,0,88,888888888,88888888888,3,21,22,1,0,0,0,0,1,2,0,998,0,0,0,10,4,3,12,0,0,0,1,34,8618,6,1,6,1,3,0,67,999,0,0,0,0,0,0,0,0,0,0,0,0,0,0,2,2,40,1,2,2,1,8,3,11,54,1,1,1,82,0,0
34,340164,2,2,1,3,5,2,3,12,6,1,0,34,1,37,32,37032,4,2003,1HGCM56343A1,1,H,G,C,M,5,6,3,4,3,A,1,0,0,0,000000000,00000000000,0,0,0,1,0,0,0,0,0,0,0,60,0,0,0,12,6,2,12,0,0,0,1,34,7087,6,1,0,0,3,3,72,999,0,0,0,0,2,8,2013,10,2013,3,38,0,0,0,2,2,40,1,2,2,1,0,0,1,67,1,1,2,83,1,1
34,340165,1,1,3,16,4,22,6,59,0,1,0,34,1,35,47,35047,4,2008,1N4AL21E68C1,1,N,4,A,L,2,1,E,6,8,C,1,0,0,0,000000000,00000000000,0,0,0,1,0,0,0,0,0,0,0,998,0,0,0,3,6,2,42,0,0,0,1,34,7731,6,1,0,0,3,0,71,999,0,0,0,0,0,0,0,0,0,5,36,0,0,0,1,2,35,3,1,2,1,0,0,14,9,99,9,5,2,1,1
34,340166,1,1,2,10,7,10,25,8,0,1,0,34,3,20,461,20461,21,2014,1GB6G5CG1E11,1,G,B,6,G,5,C,G,1,E,1,1,0,0,0,000000000,00000000000,0,0,0,1,0,0,0,0,0,0,0,998,0,0,0,3,8,9,8,0,0,0,1,34,7731,6,1,0,0,3,3,71,999,0,0,0,0,1,9,2013,9,2013,0,6,0,0,0,3,3,55,1,6,2,1,0,0,1,80,1,1,1,13,0,0
34,340167,1,2,2,17,5,6,22,54,11,1,0,36,2,49,403,49403,14,2012,5TDBK3EH5CS1,5,T,D,B,K,3,E,H,5,C,S,1,0,0,0,000000000,00000000000,0,0,0,1,0,0,0,0,0,0,0,998,0,0,0,18,6,2,54,0,0,0,1,36,10314,6,1,0,0,3,0,71,999,0,0,0,0,0,0,0,0,0,0,0,0,0,0,3,4,65,1,1,2,1,0,0,1,98,1,1,2,98,1,0
34,340167,2,2,1,17,5,6,22,54,11,1,1,99,9,99,999,99999,99,9999,999999999999,9,9,9,9,9,9,9,9,9,9,9,9,9,0,99,999999999,99999999999,9,99,99,1,0,0,0,0,99,99,9,998,0,0,0,99,9,5,54,0,0,0,1,99,99999,9,9,99,9,9,9,999,999,99,99,99,99,99,99,9999,99,9999,9,0,0,0,0,3,4,65,1,1,2,1,0,0,99,98,99,1,9,98,0,0
34,340168,1,1,2,3,5,20,7,25,0,1,0,34,1,51,47,51047,4,2004,YV1RH52Y9423,Y,V,1,R,H,5,2,Y,9,4,2,3,0,0,0,000000000,00000000000,0,0,0,1,0,0,0,0,0,0,0,998,0,1,3,99,6,2,25,0,0,0,1,34,8205,6,1,0,0,3,0,76,999,0,0,0,0,0,0,0,0,0,3,28,0,0,0,3,2,50,1,1,2,2,3,3,1,10,99,9,4,6,1,1
34,340169,1,1,1,14,5,4,6,8,0,1,1,99,9,99,999,99999,99,9999,999999999999,9,9,9,9,9,9,9,9,9,9,9,9,0,0,99,999999999,99999999999,9,99,99,1,0,0,0,0,99,99,9,998,0,0,0,99,9,5,8,0,0,0,1,99,99999,9,9,99,9,9,9,999,999,99,99,99,99,99,99,9999,99,9999,9,99,99,99,99,6,1,99,1,1,2,1,21,3,1,82,99,9,1,13,0,0
34,340170,1,1,1,22,4,16,0,8,0,1,0,34,1,7,402,7402,14,2002,1B4HS58N52F1,1,B,4,H,S,5,8,N,5,2,F,1,0,0,0,000000000,00000000000,0,0,0,1,0,0,0,0,0,0,0,998,0,0,0,12,8,9,8,0,0,0,1,34,7734,6,1,0,0,3,0,73,999,0,0,0,0,0,0,0,0,0,0,0,0,0,0,1,2,25,1,1,2,1,0,0,1,80,6,1,2,13,0,0
34,340171,1,1,1,14,4,17,41,53,0,1,0,34,1,37,31,37031,4,2013,19XFB2F53DE2,1,9,X,F,B,2,F,5,3,D,E,2,0,0,0,000000000,00000000000,0,0,0,1,0,0,0,0,0,0,0,998,0,0,0,12,6,2,30,0,0,0,1,34,8723,6,1,0,0,3,0,66,999,1,0,0,1,1,5,2012,1,2013,9,28,0,0,0,1,2,40,2,1,2,1,0,0,14,12,99,1,4,6,1,0
34,340172,1,1,2,18,5,21,28,8,0,1,0,34,1,2,403,2403,14,2004,1J4FA39S14P7,1,J,4,F,A,3,9,S,1,4,P,7,0,0,0,000000000,00000000000,0,0,0,1,0,0,0,0,0,0,0,998,0,0,0,99,0,3,8,0,0,0,1,34,8753,6,1,0,0,3,0,68,999,0,0,0,0,0,0,0,0,0,0,0,0,0,0,1,2,50,1,1,2,1,3,3,1,80,99,1,3,13,0,0
34,340173,1,2,1,18,5,2,4,12,6,1,0,34,3,20,421,20421,15,2012,1GNSK2E07CR3,1,G,N,S,K,2,E,0,7,C,R,3,0,0,0,000000000,00000000000,0,0,0,1,0,0,0,0,0,0,0,998,0,0,0,12,6,2,12,0,0,0,1,34,7034,6,1,0,0,3,0,71,999,0,0,0,0,0,0,0,0,0,0,0,0,0,0,3,3,65,1,2,2,1,0,0,1,50,1,1,2,98,0,0
34,340173,2,2,1,18,5,2,4,12,6,1,0,34,6,42,50,42050,6,2007,4JGCB65E47A0,4,J,G,C,B,6,5,E,4,7,A,0,0,0,0,000000000,00000000000,0,0,0,1,0,0,0,0,0,0,0,0,0,0,0,7,6,2,12,0,0,0,0,0,99997,7,6,97,7,6,7,998,997,998,998,998,998,998,98,9998,98,9998,8,20,0,0,0,3,3,65,1,2,2,1,0,0,0,53,0,0,0,98,0,0
34,340174,1,1,1,7,5,20,57,8,0,1,0,34,2,23,461,23461,21,2006,1GTGG25V6612,1,G,T,G,G,2,5,V,6,6,1,2,0,0,0,000000000,00000000000,0,0,0,1,0,0,0,0,0,0,0,998,0,0,0,12,8,2,8,0,0,0,1,53,98057,6,1,0,0,3,0,70,185,0,0,0,1,2,10,2012,4,2013,5,6,0,0,0,1,2,25,1,2,2,1,0,0,1,80,1,1,1,13,0,1
34,340175,1,2,1,7,5,2,30,12,2,1,0,34,1,49,40,49040,4,1993,4T1SK11E9PU1,4,T,1,S,K,1,1,E,9,P,U,1,0,0,0,000000000,00000000000,0,0,0,1,0,0,0,0,0,0,0,998,0,0,0,12,6,2,12,0,0,0,1,34,7013,6,1,0,0,3,0,60,999,0,0,0,0,0,0,0,0,0,0,0,0,0,0,3,3,55,1,2,2,1,0,0,1,54,1,1,1,52,1,1
34,340175,2,2,1,7,5,2,30,12,2,1,0,34,1,6,43,6043,2,2004,4C3AG52H84E1,4,C,3,A,G,5,2,H,8,4,E,1,0,0,0,000000000,00000000000,0,0,0,1,0,0,0,0,0,0,0,998,0,0,0,12,6,2,12,0,0,1,1,34,7107,6,1,0,0,3,0,73,999,0,0,0,0,2,3,2012,3,2013,9,50,6,0,0,3,3,55,1,2,2,1,0,0,1,54,1,1,1,52,0,1
34,340176,1,1,1,31,5,8,41,8,0,1,0,34,1,24,5,24005,4,2002,1G8JU54F22Y5,1,G,8,J,U,5,4,F,2,2,Y,5,0,0,0,000000000,00000000000,0,0,0,1,0,0,0,0,0,0,0,998,0,0,0,12,6,2,8,0,0,0,1,34,8089,6,1,0,0,3,0,64,999,0,0,0,0,0,0,0,0,0,0,28,6,0,0,1,4,50,1,1,2,1,0,0,1,13,99,1,4,13,0,0
34,340177,1,2,1,7,5,16,4,12,6,1,0,34,1,12,17,12017,4,2006,1FAFP53U36A1,1,F,A,F,P,5,3,U,3,6,A,1,0,0,0,000000000,00000000000,0,0,0,1,0,0,0,0,0,0,0,998,0,0,0,8,6,2,12,0,0,0,1,34,8401,6,1,0,0,3,0,63,999,1,0,0,0,0,9,2011,9,2011,0,39,0,0,0,1,2,99,1,1,2,1,20,3,17,17,1,1,1,89,1,0
34,340177,2,2,1,7,5,16,4,12,6,1,0,34,1,2,406,2406,14,2007,1J8HG48K47C5,1,J,8,H,G,4,8,K,4,7,C,5,0,0,0,000000000,00000000000,0,0,0,1,0,0,0,0,0,0,0,998,0,0,0,12,9,2,12,0,0,0,1,34,8361,6,1,0,0,3,3,64,999,0,0,0,0,1,12,2013,12,2013,0,0,0,0,0,1,2,50,1,1,2,1,0,0,1,55,6,1,2,88,0,0
34,340178,1,1,2,10,5,7,23,33,0,1,0,34,2,12,17,12017,4,1999,1FAFP52U9XA1,1,F,A,F,P,5,2,U,9,X,A,1,0,0,0,000000000,00000000000,0,0,0,1,0,0,0,0,0,0,0,998,0,0,0,12,6,2,42,0,0,0,1,34,8030,6,2,0,0,3,3,64,999,1,0,0,0,1,1,2013,5,2013,0,6,0,0,0,1,2,50,1,1,2,1,0,0,1,13,1,1,5,1,1,0
34,340179,1,1,1,11,3,21,49,30,0,1,0,34,1,35,43,35043,4,2013,3N1AB7AP0DL7,3,N,1,A,B,7,A,P,0,D,L,7,0,0,0,000000000,00000000000,0,0,0,1,0,0,0,0,0,0,0,998,0,0,0,12,6,2,30,0,0,0,1,34,8873,6,1,0,0,3,0,67,999,0,0,0,0,0,0,0,0,0,0,28,0,0,0,1,4,45,2,1,2,1,0,0,14,13,99,1,4,1,1,0
34,340180,1,2,1,22,5,20,56,12,2,1,0,34,2,37,403,37403,14,2004,5J6YH28564L0,5,J,6,Y,H,2,8,5,6,4,L,0,0,0,0,000000000,00000000000,0,0,0,1,0,0,0,0,0,0,0,998,0,1,9,12,6,2,12,0,0,0,1,34,8873,6,1,0,0,3,3,77,999,0,0,0,1,0,3,2013,3,2013,0,35,85,0,0,1,2,50,1,1,2,1,0,0,6,54,1,1,9,51,1,1
34,340180,2,2,2,22,5,20,56,12,2,1,0,34,1,37,421,37421,15,2010,5FNYF4H64AB0,5,F,N,Y,F,4,H,6,4,A,B,0,0,0,0,000000000,00000000000,0,0,0,1,0,0,0,0,0,0,0,998,0,0,0,12,6,2,12,0,0,0,1,34,8873,6,1,0,0,3,3,61,999,0,0,0,0,0,0,0,0,0,0,0,0,0,0,1,2,50,1,1,2,1,0,0,1,62,1,1,1,50,0,0
34,340181,1,4,2,7,5,1,26,5,0,1,0,28,3,85,881,85881,66,2009,1XKTD49X09J2,1,X,K,T,D,4,9,X,0,9,J,2,1,1,57,2348407,572348407,3,6,1,1,0,0,0,0,0,0,0,998,0,0,0,0,0,3,5,0,0,0,1,36,10460,6,1,6,1,3,0,62,999,1,0,0,0,0,1,2013,1,2013,0,0,0,0,0,3,3,65,1,1,2,1,0,0,1,98,1,1,1,0,1,0
34,340181,2,4,1,7,5,1,26,5,0,1,0,18,3,82,881,82881,66,2015,3AKJGLD52FSG,3,A,K,J,G,L,D,5,2,F,S,G,1,1,57,054283,57054283,3,6,1,1,0,0,0,0,0,0,0,998,0,0,0,14,0,3,73,0,0,0,1,34,7081,6,1,6,1,3,3,66,999,1,0,0,1,0,7,2012,12,2013,0,0,0,0,0,3,3,65,1,1,2,1,0,0,1,80,1,1,1,98,0,0
34,340181,3,4,1,7,5,1,26,5,0,1,0,42,3,84,881,84881,66,2010,1HTMKAALXAH2,1,H,T,M,K,A,A,L,X,A,H,2,1,1,57,797410,57797410,3,6,1,1,0,0,0,0,0,0,0,998,0,0,0,14,0,3,73,0,0,0,1,42,18103,6,1,0,0,3,0,71,999,0,0,0,0,0,0,0,0,0,0,0,0,0,0,3,3,65,1,1,2,1,0,0,1,80,1,1,1,98,0,0
34,340181,4,4,1,7,5,1,26,5,0,1,1,99,9,99,999,99999,99,9999,999999999999,9,9,9,9,9,9,9,9,9,9,9,9,0,0,0,000000000,00000000000,0,0,0,1,0,0,0,0,0,0,0,998,0,0,0,14,9,5,73,0,0,0,1,99,99999,9,9,99,9,9,9,999,999,99,99,99,99,99,99,9999,99,9999,0,0,0,0,0,3,3,65,1,1,2,1,0,0,1,80,99,9,9,98,0,0
34,340182,1,3,1,22,5,21,16,12,6,1,0,34,2,35,402,35402,14,2003,5N1ED28Y43C6,5,N,1,E,D,2,8,Y,4,3,C,6,0,0,0,000000000,00000000000,0,0,0,1,0,0,0,0,0,0,0,998,0,0,0,9,6,2,42,0,0,0,1,34,8008,6,1,0,0,3,0,64,999,0,0,0,0,0,0,0,0,0,0,0,0,0,0,1,2,55,1,2,2,2,3,3,1,62,99,1,2,65,0,0
34,340182,2,3,1,22,5,21,16,12,6,1,0,42,1,34,402,34402,14,2014,5UXWX7C58E0E,5,U,X,W,X,7,C,5,8,E,0,E,0,0,0,000000000,00000000000,0,0,0,1,0,0,0,0,0,0,0,998,0,0,0,12,6,2,12,0,0,0,1,42,19312,6,1,0,0,3,3,65,999,0,0,0,0,0,0,0,0,0,0,0,0,0,0,1,2,55,1,2,2,2,3,3,1,62,4,1,3,98,0,0
34,340182,3,3,1,22,5,21,16,12,6,1,0,34,1,30,40,30040,4,2011,3VW2K7AJ5BM3,3,V,W,2,K,7,A,J,5,B,M,3,0,0,0,000000000,00000000000,0,0,0,1,0,0,0,0,0,0,0,998,0,0,0,12,6,2,12,0,0,0,1,34,8005,6,1,0,0,3,0,68,999,3,1,0,1,2,1,2012,3,2014,0,28,0,0,0,1,2,55,1,2,2,2,0,0,1,10,1,1,2,64,1,0
34,340183,1,1,1,8,4,5,44,11,0,1,0,34,2,54,39,54039,4,2004,JH4CL96884C0,J,H,4,C,L,9,6,8,8,4,C,0,0,0,0,000000000,00000000000,0,0,0,1,0,0,0,0,0,0,0,998,0,0,0,12,6,2,42,0,0,0,1,34,7753,6,1,0,0,3,0,69,999,0,0,0,0,1,8,2013,8,2013,0,0,0,0,0,3,3,65,1,1,2,2,0,0,1,87,1,1,1,13,1,0
34,340184,1,1,4,4,5,18,48,8,0,1,0,34,1,30,46,30046,4,2004,WVWMD63B54P1,W,V,W,M,D,6,3,B,5,4,P,1,0,0,0,000000000,00000000000,0,0,0,1,0,0,0,0,0,0,0,998,0,0,0,12,6,2,8,0,0,0,1,34,8205,6,2,0,0,3,2,70,999,0,0,0,0,0,0,0,0,0,0,74,0,0,0,3,2,45,1,1,2,1,0,0,1,80,1,1,1,13,0,0
34,340185,1,1,1,19,6,3,31,42,0,1,0,34,2,12,402,12402,14,2008,1FMCU94198KB,1,F,M,C,U,9,4,1,9,8,K,B,0,0,0,000000000,00000000000,0,0,0,1,0,0,0,0,0,0,0,998,0,1,6,99,6,2,2,0,0,1,1,34,7860,6,2,0,0,3,3,66,999,0,0,0,0,0,0,0,0,0,0,28,0,0,0,1,2,45,2,1,2,2,0,0,14,12,99,1,4,6,1,1
34,340186,1,1,1,26,6,19,48,42,0,1,0,34,1,73,706,73706,80,2007,JKAZXCD167A0,J,K,A,Z,X,C,D,1,6,7,A,0,0,0,0,000000000,00000000000,0,0,0,1,0,0,0,0,0,0,0,998,0,0,0,12,6,2,42,0,0,0,1,34,8510,6,1,0,0,3,0,71,999,1,1,0,0,5,6,2012,5,2014,3,28,6,0,0,1,2,35,3,1,2,1,0,0,14,8,1,1,4,1,1,0
34,340187,1,1,1,29,6,12,40,44,0,1,0,34,1,72,706,72706,80,2010,1HD1GX418AC3,1,H,D,1,G,X,4,1,8,A,C,3,0,0,0,000000000,00000000000,0,0,0,1,0,0,0,0,0,0,0,998,0,0,0,0,6,2,1,0,0,0,1,34,7606,6,1,0,0,3,0,66,999,1,0,0,0,0,3,2014,3,2014,0,82,0,0,0,3,3,65,1,1,1,1,0,0,1,5,99,2,1,0,1,0
34,340188,1,2,1,12,5,14,27,12,2,1,0,34,1,35,403,35403,14,2013,JN8AF5MV8DT2,J,N,8,A,F,5,M,V,8,D,T,2,0,0,0,000000000,00000000000,0,0,0,1,0,0,0,0,0,0,0,998,0,0,0,12,6,2,12,0,0,0,1,34,7502,6,1,0,0,3,0,71,999,1,0,0,0,0,5,2013,5,2013,0,28,0,0,0,1,2,30,4,2,2,1,0,0,14,10,1,1,2,50,1,0
34,340188,2,2,2,12,5,14,27,12,2,1,0,34,3,84,989,84989,50,2012,4DRBUAAN3CB3,4,D,R,B,U,A,A,N,3,C,B,3,0,0,88,888888888,88888888888,2,21,22,1,0,0,0,0,1,2,0,998,0,0,0,12,6,2,12,0,0,0,1,34,7470,6,1,6,1,3,0,68,999,0,0,0,0,0,0,0,0,0,0,0,0,0,0,1,2,30,4,2,2,1,0,0,14,62,7,1,1,51,0,0
34,340189,1,1,1,21,6,13,32,24,0,1,0,34,1,23,401,23401,14,2000,1GKDT13W5Y22,1,G,K,D,T,1,3,W,5,Y,2,2,0,0,0,000000000,00000000000,0,0,0,1,0,0,0,0,0,0,0,998,0,1,3,12,6,2,24,0,0,0,1,34,7442,6,1,0,0,3,0,68,999,0,0,0,0,0,0,0,0,0,0,28,0,0,0,3,3,55,2,5,2,1,0,0,14,12,7,2,5,6,1,0
34,340190,1,2,0,1,4,13,14,8,0,1,0,12,3,6,441,6441,20,2004,2C4GP54L94R5,2,C,4,G,P,5,4,L,9,4,R,5,0,0,0,000000000,00000000000,0,0,0,1,0,0,0,0,0,0,0,998,0,0,0,7,4,3,54,0,0,0,0,0,99997,7,6,97,7,6,7,998,997,998,998,998,998,998,98,9998,98,9998,8,0,0,0,0,3,4,55,2,2,2,1,0,0,0,98,0,0,0,98,0,0
34,340190,2,2,1,1,4,13,14,8,0,1,0,18,3,86,881,86881,66,2013,1M1AW02Y4DM0,1,M,1,A,W,0,2,Y,4,D,M,0,1,1,57,342630,57342630,3,6,1,1,0,0,0,0,0,0,0,998,0,0,0,12,8,9,8,0,0,0,1,9,6239,6,1,6,1,3,0,67,999,98,0,0,0,0,0,0,0,0,0,0,0,0,0,3,4,55,2,2,2,1,0,0,14,80,7,1,1,13,0,0
34,340191,1,3,1,2,4,17,46,12,8,1,0,34,1,35,472,35472,30,2002,1N6ED26Y12C3,1,N,6,E,D,2,6,Y,1,2,C,3,0,0,0,000000000,00000000000,0,0,0,1,0,0,0,0,0,0,0,998,0,0,0,10,6,2,12,0,0,0,1,34,8844,6,1,0,0,3,0,70,999,0,0,0,0,0,0,0,0,0,0,28,0,0,0,1,2,35,1,1,2,1,0,0,1,10,1,1,2,64,1,1
34,340191,2,3,1,2,4,17,46,12,8,1,0,34,1,7,24,7024,4,2007,2B3KK53H77H8,2,B,3,K,K,5,3,H,7,7,H,8,0,0,0,000000000,00000000000,0,0,0,1,0,0,0,0,0,0,0,998,0,0,0,9,6,2,12,0,0,0,1,34,7853,6,1,0,0,3,0,68,999,1,0,0,0,1,12,2012,12,2012,0,0,0,0,0,1,2,35,1,1,2,1,0,0,1,62,1,1,1,65,0,0
34,340191,3,3,1,2,4,17,46,12,8,1,0,34,2,55,42,55042,3,2012,KMHTC6AD0CU0,K,M,H,T,C,6,A,D,0,C,U,0,0,0,0,000000000,00000000000,0,0,0,1,0,0,0,0,0,0,0,998,0,0,0,11,6,2,12,0,0,0,1,34,8876,6,1,0,0,3,0,67,999,0,0,0,0,1,10,2012,10,2012,0,0,0,0,0,1,2,35,1,1,2,1,0,0,1,62,1,1,1,98,0,0
34,340192,1,2,1,21,6,14,15,12,6,1,0,34,1,49,40,49040,4,2007,JTNBE46K6730,J,T,N,B,E,4,6,K,6,7,3,0,0,0,0,000000000,00000000000,0,0,0,1,0,0,0,0,0,0,0,998,0,0,0,12,6,2,12,0,0,0,1,34,8701,6,1,0,0,3,0,74,999,0,0,0,0,0,0,0,0,0,0,39,0,0,0,3,2,50,1,1,2,1,3,3,1,17,1,1,1,69,0,0
34,340192,2,2,1,21,6,14,15,12,6,1,0,34,1,55,35,55035,4,2005,KMHDN46D25U1,K,M,H,D,N,4,6,D,2,5,U,1,0,0,0,000000000,00000000000,0,0,0,1,0,0,0,0,0,0,0,998,0,0,0,9,6,2,12,0,0,0,1,34,8757,6,1,0,0,3,0,69,999,0,0,0,0,0,0,0,0,0,0,0,0,0,0,3,2,50,1,1,2,1,3,3,11,15,1,1,1,68,1,0
34,340193,1,1,1,14,6,1,56,33,0,1,0,36,2,12,3,12003,2,2003,1FAFP44483F3,1,F,A,F,P,4,4,4,8,3,F,3,0,0,0,000000000,00000000000,0,0,0,1,0,0,0,0,0,0,0,998,0,0,0,14,6,2,42,0,0,1,1,34,8701,6,1,0,0,3,0,67,999,3,0,0,0,2,7,2012,12,2013,4,6,28,0,0,1,4,40,3,1,2,2,0,0,14,6,9,3,4,2,1,1
34,340194,1,1,1,3,6,18,37,40,0,1,0,34,2,48,401,48401,14,2014,JF2SJAAC0EH4,J,F,2,S,J,A,A,C,0,E,H,4,0,0,0,000000000,00000000000,0,0,0,1,0,0,0,0,0,0,0,998,0,0,0,12,6,2,2,0,0,1,1,34,7850,6,1,0,0,3,0,64,999,1,0,0,0,1,9,2013,4,2014,0,28,36,0,0,1,4,50,1,2,2,1,0,0,1,12,99,1,4,6,0,0
34,340195,1,2,1,28,6,0,48,12,6,1,0,34,2,34,705,34705,80,2013,WB105340XDZL,W,B,1,0,5,3,4,0,X,D,Z,L,0,0,0,000000000,00000000000,0,0,0,1,0,0,0,0,0,0,0,998,0,0,0,12,6,2,12,0,0,0,1,34,7087,6,1,6,0,3,0,72,999,1,0,0,1,2,2,2012,3,2014,0,0,0,0,0,3,3,45,1,1,2,1,3,3,1,61,1,1,1,83,1,1
34,340195,2,2,2,28,6,0,48,12,6,1,0,39,1,12,17,12017,4,2001,1FAFP55U31G2,1,F,A,F,P,5,5,U,3,1,G,2,0,0,0,000000000,00000000000,0,0,0,1,0,0,0,0,0,0,0,998,0,0,0,9,6,2,12,0,0,0,1,39,44057,6,1,0,0,3,0,67,275,0,0,0,2,0,12,2011,7,2013,0,6,48,0,0,3,3,45,1,1,2,1,3,3,11,55,1,1,2,82,0,0
34,340196,1,1,1,17,6,9,36,9,0,1,0,34,2,20,421,20421,15,2001,1GNEK13T21J1,1,G,N,E,K,1,3,T,2,1,J,1,0,0,0,000000000,00000000000,0,0,0,1,0,0,0,0,0,0,0,998,0,0,0,1,9,3,9,0,0,0,1,34,8502,6,1,0,0,3,0,69,999,0,0,0,0,2,2,2012,7,2013,0,35,0,0,0,1,2,40,1,1,2,1,0,0,15,83,6,1,2,13,0,0
34,340197,1,3,2,13,6,6,16,12,1,1,0,34,3,13,1,13001,4,2006,1LNHM81W76Y6,1,L,N,H,M,8,1,W,7,6,Y,6,0,0,0,000000000,00000000000,0,0,0,1,0,0,0,0,0,0,0,998,0,0,0,12,6,2,12,0,0,0,1,34,7306,6,1,0,0,3,3,71,999,2,0,0,0,1,3,2012,1,2014,0,6,0,0,0,3,5,50,1,1,2,2,7,3,1,51,1,1,1,28,0,0
34,340197,2,3,3,13,6,6,16,12,1,1,0,36,1,49,40,49040,4,2004,4T1BE32K04U3,4,T,1,B,E,3,2,K,0,4,U,3,0,0,0,000000000,00000000000,0,0,0,1,0,0,0,0,0,0,0,998,0,0,0,6,6,2,12,0,0,0,1,36,11208,6,1,6,0,3,0,65,999,0,0,0,0,0,0,0,0,0,0,0,0,0,0,3,5,50,1,1,2,2,7,3,2,53,1,1,1,29,1,0
34,340197,3,3,1,13,6,6,16,12,1,1,0,34,1,58,37,58037,4,2013,JN1CV6AR4DM7,J,N,1,C,V,6,A,R,4,D,M,7,0,0,0,000000000,00000000000,0,0,0,1,0,0,0,0,0,0,0,998,0,0,0,99,6,2,12,0,0,0,1,34,7928,6,1,0,0,3,0,66,999,0,0,0,0,0,0,0,0,0,0,0,0,0,0,3,5,50,1,1,2,2,7,3,99,99,99,9,9,98,0,0
34,340198,1,1,1,26,6,7,10,9,0,1,0,34,1,49,32,49032,4,2006,2T1BR32E96C5,2,T,1,B,R,3,2,E,9,6,C,5,0,0,0,000000000,00000000000,0,0,0,1,0,0,0,0,0,0,0,998,0,0,0,11,9,3,9,0,0,0,1,34,8096,6,1,0,0,3,0,66,999,0,0,0,0,5,4,2012,6,2014,0,0,0,0,0,1,2,45,1,2,2,2,0,0,1,83,2,1,2,13,0,0
34,340199,1,1,1,22,6,14,32,30,0,1,0,34,1,72,706,72706,80,2011,1HD1GX412BC3,1,H,D,1,G,X,4,1,2,B,C,3,0,0,0,000000000,00000000000,0,0,0,1,0,0,0,0,0,0,0,998,0,0,0,12,6,2,30,0,0,0,1,34,7836,6,1,0,0,3,0,62,999,0,0,0,0,1,5,2014,5,2014,0,28,0,0,0,1,2,50,2,2,2,1,0,0,14,13,99,1,4,1,1,0