STATE,ST_CASE,VEH_NO,VE_FORMS,NUMOCCS,DAY,MONTH,HOUR,MINUTE,HARM_EV,MAN_COLL,UNITTYPE,HIT_RUN,REG_STAT,OWNER,MAKE,MODEL,MAK_MOD,BODY_TYP,MOD_YEAR,VIN,VIN_1,VIN_2,VIN_3,VIN_4,VIN_5,VIN_6,VIN_7,VIN_8,VIN_9,VIN_10,VIN_11,VIN_12,TOW_VEH,J_KNIFE,MCARR_I1,MCARR_I2,MCARR_ID,GVWR,V_CONFIG,CARGO_BT,HAZ_INV,HAZ_PLAC,HAZ_ID,HAZ_CNO,HAZ_REL,BUS_USE,SPEC_USE,EMER_USE,TRAV_SP,UNDERIDE,ROLLOVER,ROLINLOC,IMPACT1,DEFORMED,TOWED,M_HARM,VEH_SC1,VEH_SC2,FIRE_EXP,DR_PRES,L_STATE,DR_ZIP,L_STATUS,L_TYPE,CDL_STAT,L_ENDORS,L_COMPL,L_RESTRI,DR_HGT,DR_WGT,PREV_ACC,PREV_SUS,PREV_DWI,PREV_SPD,PREV_OTH,FIRST_MO,FIRST_YR,LAST_MO,LAST_YR,SPEEDREL,DR_SF1,DR_SF2,DR_SF3,DR_SF4,VTRAFWAY,VNUM_LAN,VSPD_LIM,VALIGN,VPROFILE,VPAVETYP,VSURCOND,VTRAFCON,VTCONT_F,P_CRASH1,P_CRASH2,P_CRASH3,PCRASH4,PCRASH5,ACC_TYPE,DEATHS,DR_DRINK
34,340347,1,1,1,11,10,12,17,34,0,1,0,34,2,20,29,20029,5,2013,KL8CD6S91DC5,K,L,8,C,D,6,S,9,1,D,C,5,0,0,0,000000000,00000000000,0,0,0,1,0,0,0,0,0,0,0,998,0,0,0,14,6,2,2,0,0,1,1,34,8037,1,1,0,0,2,0,74,999,0,5,1,0,1,10,2011,7,2014,9,99,99,99,99,1,2,45,1,1,2,2,0,0,1,13,1,1,5,1,1,0
34,340348,1,3,2,26,10,7,14,12,1,1,0,42,2,49,402,49402,14,2013,2T3BFREV6DW0,2,T,3,B,F,R,E,V,6,D,W,0,0,0,0,000000000,00000000000,0,0,0,1,0,0,0,0,0,0,0,998,0,0,0,6,6,2,12,0,0,0,1,42,19107,6,1,0,0,3,0,68,999,0,0,0,0,0,0,0,0,0,0,27,0,0,0,3,3,55,1,1,2,1,0,0,15,10,1,1,2,25,1,0
34,340348,2,3,1,26,10,7,14,12,1,1,0,36,3,12,461,12461,21,2008,1FTNE24W18DA,1,F,T,N,E,2,4,W,1,8,D,A,0,0,0,000000000,00000000000,0,0,0,1,0,0,0,0,0,0,0,998,0,0,0,12,6,2,12,0,0,0,1,34,8872,6,1,0,0,3,0,72,999,0,0,0,0,2,12,2011,1,2013,0,0,0,0,0,3,3,55,1,1,2,1,0,0,1,61,1,1,1,24,0,0
34,340348,3,3,2,26,10,7,14,12,1,1,0,34,2,63,38,63038,4,2014,KNAFX4A66E51,K,N,A,F,X,4,A,6,6,E,5,1,0,0,0,000000000,00000000000,0,0,0,1,0,0,0,0,0,0,0,998,0,0,0,12,8,5,12,0,0,0,1,34,8724,6,1,6,0,3,0,71,999,0,0,0,0,0,0,0,0,0,0,0,0,0,0,3,3,55,1,1,2,1,0,0,1,51,1,1,1,98,0,0
34,340349,1,1,1,7,10,14,36,42,0,1,0,34,1,14,6,14006,4,2005,2MEFM74W65X6,2,M,E,F,M,7,4,W,6,5,X,6,0,0,0,000000000,00000000000,0,0,0,1,0,0,0,0,0,0,0,998,0,0,0,3,6,2,42,0,0,0,1,34,8094,6,1,0,0,3,3,70,999,0,0,0,0,0,0,0,0,0,0,6,28,0,0,2,2,65,2,1,2,1,0,0,14,12,1,1,5,6,1,0
34,340350,1,1,1,23,10,16,6,8,0,1,0,34,1,54,36,54036,4,1998,JH4KA9657WC0,J,H,4,K,A,9,6,5,7,W,C,0,0,0,0,000000000,00000000000,0,0,0,1,0,0,0,0,0,0,0,998,0,0,0,12,8,2,8,0,0,0,1,34,8031,6,1,0,0,3,3,70,999,1,0,0,0,2,11,2012,6,2013,0,0,0,0,0,1,2,25,1,1,2,1,0,0,4,81,1,1,1,13,0,0
34,340351,1,1,1,9,10,19,3,8,0,1,0,34,2,54,421,54421,15,2004,2HNYD18204H5,2,H,N,Y,D,1,8,2,0,4,H,5,0,0,0,000000000,00000000000,0,0,0,1,0,0,0,0,0,0,0,998,0,0,0,12,4,3,8,0,0,0,1,34,8550,6,1,0,0,3,0,62,999,0,0,0,0,2,10,2011,2,2014,0,0,0,0,0,1,2,35,1,1,2,1,0,0,1,80,1,1,1,13,0,0
34,340352,1,2,1,1,10,1,10,12,2,1,0,34,2,49,32,49032,4,2014,2T1BURHE3EC0,2,T,1,B,U,R,H,E,3,E,C,0,0,0,0,000000000,00000000000,0,0,0,1,0,0,0,0,0,0,0,998,0,0,0,12,6,2,12,0,0,0,1,34,7641,6,1,0,0,3,0,70,187,0,0,0,1,1,12,2012,7,2013,0,50,36,0,0,3,3,55,1,1,2,1,0,0,1,54,1,1,1,98,1,1
34,340352,2,2,1,1,10,1,10,12,2,1,0,95,3,87,881,87881,66,2007,1XP7DB9XX7D7,1,X,P,7,D,B,9,X,X,7,D,7,1,1,57,696855,57696855,3,6,1,1,0,0,0,0,0,0,0,998,0,0,0,12,6,2,12,0,0,0,1,95,0,9,9,99,9,9,9,999,999,99,99,99,99,99,99,9999,99,9999,0,0,0,0,0,3,3,55,1,1,2,1,0,0,2,54,9,1,1,98,0,0
34,340353,1,1,1,8,10,15,4,8,0,1,0,34,3,20,461,20461,21,2006,1GAHG39U1611,1,G,A,H,G,3,9,U,1,6,1,1,0,0,0,000000000,00000000000,0,0,0,1,0,0,0,0,0,0,0,998,0,0,0,12,8,2,8,0,0,0,1,99,99999,9,9,99,9,9,9,999,999,99,99,99,99,99,99,9999,99,9999,0,6,28,0,0,1,2,40,1,1,2,1,0,0,1,98,1,1,5,98,0,0
34,340354,1,1,1,25,5,19,23,17,0,1,0,34,1,72,706,72706,80,2013,1HD1GPM16DC3,1,H,D,1,G,P,M,1,6,D,C,3,0,0,0,000000000,00000000000,0,0,0,1,0,0,0,0,0,0,0,998,0,0,0,1,6,2,17,0,0,0,1,34,7421,6,1,0,0,3,0,70,999,0,0,0,0,0,0,0,0,0,4,36,28,0,0,1,2,45,3,1,2,1,0,0,14,13,99,1,4,1,1,1
34,340355,1,2,1,17,10,16,36,12,2,1,0,42,1,45,40,45040,1,2003,WP0CB29843U6,W,P,0,C,B,2,9,8,4,3,U,6,0,0,0,000000000,00000000000,0,0,0,1,0,0,0,0,0,0,0,998,0,0,0,12,6,2,12,0,0,0,1,42,18963,6,1,0,0,3,0,74,999,0,0,0,0,0,0,0,0,0,0,28,6,0,0,1,2,40,1,2,2,1,0,0,1,10,1,1,2,50,1,0
34,340355,2,2,1,17,10,16,36,12,2,1,0,42,3,37,32,37032,4,2000,1HGCG5641YA1,1,H,G,C,G,5,6,4,1,Y,A,1,0,0,0,000000000,00000000000,0,0,0,1,0,0,0,0,0,0,0,998,0,0,0,12,6,2,12,0,0,0,1,42,18947,6,1,0,0,3,3,66,999,0,0,0,0,0,0,0,0,0,0,0,0,0,0,1,2,40,1,2,2,1,0,0,1,62,1,1,1,51,1,0
34,340356,1,1,1,26,9,15,18,42,0,1,0,34,1,63,34,63034,4,2006,KNAGE124X650,K,N,A,G,E,1,2,4,X,6,5,0,0,0,0,000000000,00000000000,0,0,0,1,0,0,0,0,0,0,0,998,0,0,0,10,6,2,42,0,0,0,1,34,8094,6,1,0,0,3,0,67,999,1,0,0,0,0,6,2013,6,2013,0,28,0,0,0,2,2,55,1,1,2,1,0,0,2,9,1,3,4,2,1,0
34,340357,1,1,1,17,9,20,22,8,0,1,1,99,9,99,999,99999,99,9999,999999999999,9,9,9,9,9,9,9,9,9,9,9,9,0,0,99,999999999,99999999999,9,99,99,1,0,0,0,0,0,0,0,998,0,0,0,12,9,5,8,0,0,0,1,99,99999,9,9,99,9,9,9,999,999,99,99,99,99,99,99,9999,99,9999,0,99,99,99,99,3,3,45,1,1,2,1,0,0,1,80,1,1,1,13,0,0
34,340358,1,1,1,21,10,6,52,11,0,1,0,34,1,34,706,34706,80,2008,WB10313028ZU,W,B,1,0,3,1,3,0,2,8,Z,U,0,0,0,000000000,00000000000,0,0,0,1,0,0,0,0,0,0,0,998,0,0,0,12,8,2,11,0,0,0,1,34,8844,6,1,0,0,3,0,73,999,0,0,0,0,0,0,0,0,0,0,0,0,0,0,1,2,50,1,1,2,1,0,0,1,88,1,1,1,13,1,0
34,340359,1,1,1,9,11,3,25,33,0,1,0,34,1,42,48,42048,4,2000,WDBJF65J3YB0,W,D,B,J,F,6,5,J,3,Y,B,0,0,0,0,000000000,00000000000,0,0,0,1,0,0,0,0,0,0,0,998,0,0,0,12,6,2,2,0,0,1,1,34,7716,6,1,0,0,3,0,72,999,0,0,0,0,1,11,2013,11,2013,4,28,0,0,0,1,2,45,1,2,2,1,0,0,1,13,1,1,4,1,1,1
34,340360,1,1,2,24,10,21,17,8,0,1,0,34,1,35,47,35047,4,2013,1N4AL3AP9DC2,1,N,4,A,L,3,A,P,9,D,C,2,0,0,0,000000000,00000000000,0,0,0,1,0,0,0,0,0,0,0,998,0,0,0,12,2,3,8,0,0,0,1,34,8608,6,1,0,0,3,0,62,999,1,0,0,0,3,10,2012,8,2014,0,6,0,0,0,1,2,25,1,1,2,1,0,0,1,80,1,1,1,13,0,0
34,340361,1,1,1,19,10,6,19,8,0,1,0,34,2,12,37,12037,4,2007,1FAHP34NX7W2,1,F,A,H,P,3,4,N,X,7,W,2,0,0,0,000000000,00000000000,0,0,0,1,0,0,0,0,0,0,0,998,0,0,0,12,9,3,8,0,0,0,1,34,8046,6,1,0,0,3,3,68,999,0,0,0,0,0,0,0,0,0,0,0,0,0,0,3,3,50,1,1,2,1,3,3,1,80,1,1,1,13,0,0
34,340362,1,1,5,12,9,1,20,8,0,1,0,25,3,7,442,7442,20,2014,2C4RDGCG1ER3,2,C,4,R,D,G,C,G,1,E,R,3,0,0,0,000000000,00000000000,0,0,0,1,0,0,0,0,0,0,0,998,0,0,0,11,9,3,8,0,0,0,1,34,8084,6,1,0,0,3,3,72,999,2,0,0,1,0,4,2012,6,2013,0,0,0,0,0,3,3,55,1,2,2,1,0,0,1,80,1,1,1,13,0,0
34,340363,1,2,1,20,9,5,24,12,2,1,0,36,2,49,482,49482,31,2010,5TFUY5F1XAX1,5,T,F,U,Y,5,F,1,X,A,X,1,0,0,0,000000000,00000000000,0,0,0,1,0,0,0,0,0,0,0,998,0,0,0,12,9,3,12,0,0,0,1,36,10969,6,1,0,0,3,3,71,999,0,0,0,1,2,3,2014,9,2014,0,28,0,0,0,1,2,50,1,1,2,1,0,0,1,10,7,1,2,50,0,0
34,340363,2,2,1,20,9,5,24,12,2,1,0,34,1,23,471,23471,30,1995,1GTCS1449S85,1,G,T,C,S,1,4,4,9,S,8,5,0,0,0,000000000,00000000000,0,0,0,1,0,0,0,0,0,0,0,998,0,1,1,12,9,3,1,0,0,0,1,34,7461,6,1,0,0,3,0,67,999,0,0,0,1,1,4,2012,5,2012,0,0,0,0,0,1,2,50,1,1,2,1,0,0,1,62,6,1,2,51,1,0
34,340364,1,4,1,17,9,9,2,12,1,1,0,34,1,19,18,19018,4,2012,1G6DH5E54C01,1,G,6,D,H,5,E,5,4,C,0,1,0,0,0,000000000,00000000000,0,0,0,1,0,0,0,0,0,0,0,0,0,0,0,6,6,2,12,0,0,0,1,34,7746,6,1,0,0,3,0,62,999,0,0,0,1,1,7,2013,4,2014,0,54,0,0,0,3,3,50,1,1,2,1,0,0,5,53,1,1,1,98,0,0
34,340364,2,4,1,17,9,9,2,12,1,1,0,34,1,20,404,20404,14,2014,2GNALAEK8E11,2,G,N,A,L,A,E,K,8,E,1,1,0,0,0,000000000,00000000000,0,0,0,1,0,0,0,0,0,0,0,0,0,0,0,6,6,2,12,0,0,0,1,34,8723,6,1,0,0,3,3,65,999,0,2,0,0,2,11,2011,9,2014,0,54,0,0,0,3,3,50,1,1,2,1,0,0,5,53,1,1,1,21,0,0
34,340364,3,4,3,17,9,9,2,12,1,1,0,42,3,7,442,7442,20,2011,2D4RN3DG7BR7,2,D,4,R,N,3,D,G,7,B,R,7,0,0,0,000000000,00000000000,0,0,0,1,0,0,0,0,0,0,0,998,0,0,0,12,6,2,12,0,0,0,1,42,17963,6,1,0,0,3,0,76,999,0,0,0,0,0,0,0,0,0,0,26,0,0,0,3,3,50,1,1,2,1,0,0,1,50,1,1,1,20,1,0
34,340364,4,4,1,17,9,9,2,12,1,1,0,34,2,49,32,49032,4,2009,2T1BU40E79C0,2,T,1,B,U,4,0,E,7,9,C,0,0,0,0,000000000,00000000000,0,0,0,1,0,0,0,0,0,0,0,998,0,0,0,12,6,2,12,0,0,0,1,34,8723,6,1,0,0,3,0,65,999,1,0,0,0,0,12,2012,12,2012,0,0,0,0,0,3,3,50,1,1,2,1,0,0,1,51,1,1,1,98,0,0
34,340365,1,1,1,10,10,19,58,8,0,1,0,34,1,49,402,49402,14,2007,JTMBD33V0750,J,T,M,B,D,3,3,V,0,7,5,0,0,0,0,000000000,00000000000,0,0,0,1,0,0,0,0,0,0,0,998,0,0,0,12,8,2,8,0,0,0,1,34,8401,6,2,0,0,3,0,64,999,1,0,0,0,0,9,2013,9,2013,0,6,0,0,0,1,2,25,1,1,2,2,3,3,11,80,1,1,1,13,0,1
34,340366,1,1,1,16,10,13,14,42,0,1,0,34,1,49,40,49040,4,1995,JT2SK11E2S03,J,T,2,S,K,1,1,E,2,S,0,3,0,0,0,000000000,00000000000,0,0,0,1,0,0,0,0,0,0,0,998,0,0,0,9,6,2,42,0,0,0,1,34,8094,6,1,0,0,3,0,62,999,1,4,0,1,5,2,2012,9,2014,0,6,0,0,0,1,4,55,1,1,2,1,0,0,99,13,1,9,5,5,1,0
34,340367,1,1,1,13,3,16,30,8,0,1,0,34,1,37,32,37032,2,1999,1HGCG2255XA0,1,H,G,C,G,2,2,5,5,X,A,0,0,0,0,000000000,00000000000,0,0,0,1,0,0,0,0,0,0,0,998,0,0,0,12,9,3,8,0,0,0,1,34,7203,6,1,0,0,3,0,73,999,1,0,0,0,0,11,2012,11,2012,0,0,0,0,0,1,2,25,1,1,2,1,0,0,1,80,1,1,1,13,0,0
34,340368,1,1,1,27,9,8,11,31,0,1,0,34,1,55,35,55035,4,2011,5NPDH4AE2BH0,5,N,P,D,H,4,A,E,2,B,H,0,0,0,0,000000000,00000000000,0,0,0,1,0,0,0,0,0,0,0,998,0,0,0,12,6,2,30,0,0,0,1,34,8527,6,1,0,0,3,3,62,999,0,0,0,1,3,10,2012,10,2013,0,0,0,0,0,1,2,35,1,1,2,1,0,0,1,13,99,1,4,1,1,1
34,340369,1,2,1,27,9,20,10,12,6,1,0,34,2,37,402,37402,14,2006,SHSRD78956U4,S,H,S,R,D,7,8,9,5,6,U,4,0,0,0,000000000,00000000000,0,0,0,1,0,0,0,0,0,0,0,998,0,1,1,1,6,2,1,0,0,0,1,34,7728,6,1,0,0,3,0,66,999,1,0,2,0,0,1,2013,3,2013,0,28,0,0,0,1,4,50,1,1,2,1,0,0,1,10,1,1,2,64,0,1
34,340369,2,2,2,27,9,20,10,12,6,1,0,34,1,49,47,49047,6,2005,2T1KR32E75C3,2,T,1,K,R,3,2,E,7,5,C,3,0,0,0,000000000,00000000000,0,0,0,1,0,0,0,0,0,0,0,998,0,0,0,1,6,2,12,0,0,0,1,34,7731,6,1,0,0,3,0,64,999,1,0,0,0,2,3,2012,3,2013,0,0,0,0,0,1,4,50,1,1,2,1,0,0,1,62,6,1,2,65,1,0
34,340370,1,1,1,7,10,19,31,8,0,1,0,34,1,20,9,20009,2,2013,2G1FK3DJ2D92,2,G,1,F,K,3,D,J,2,D,9,2,0,0,0,000000000,00000000000,0,0,0,1,0,0,0,0,0,0,0,998,0,0,0,11,9,3,8,0,0,0,1,34,8733,6,1,0,0,3,0,69,999,1,0,0,0,3,1,2012,4,2013,0,0,0,0,0,1,4,40,1,1,2,1,3,3,1,80,1,1,1,13,0,0
34,340371,2,1,1,13,1,20,17,43,0,1,0,0,0,76,733,76733,90,2006,JY43GG0336C0,J,Y,4,3,G,G,0,3,3,6,C,0,0,0,0,000000000,00000000000,0,0,0,1,0,0,0,0,0,0,0,998,0,0,0,12,8,2,43,0,0,0,1,34,8854,6,1,0,0,1,0,75,999,2,1,0,0,5,2,2012,10,2013,5,6,51,0,0,1,2,25,2,1,2,1,0,0,14,10,1,1,1,98,1,0
34,340372,2,1,1,17,7,1,23,14,0,1,0,36,3,82,881,82881,66,2012,1FUJGEBG5CSB,1,F,U,J,G,E,B,G,5,C,S,B,1,1,57,0080806,570080806,3,6,1,1,0,0,0,0,0,0,0,998,0,0,0,12,6,2,14,0,0,0,1,34,7018,6,1,6,1,3,0,70,999,0,0,0,1,5,10,2011,7,2013,0,36,0,0,0,3,3,50,1,1,2,1,0,0,1,11,1,1,4,98,0,0
34,340373,1,2,2,8,8,12,46,12,2,1,0,42,2,49,32,49032,4,2005,2T1BR32E35C4,2,T,1,B,R,3,2,E,3,5,C,4,0,0,0,000000000,00000000000,0,0,0,1,0,0,0,0,0,0,0,998,0,0,0,12,8,2,12,0,0,0,1,42,17756,6,1,0,0,3,0,68,240,0,0,0,0,0,0,0,0,0,0,28,6,0,0,1,2,50,1,1,2,1,0,0,1,10,1,1,2,50,2,0
34,340373,2,2,2,8,8,12,46,12,2,1,0,42,1,12,402,12402,14,2013,1FMCU9HX3DUB,1,F,M,C,U,9,H,X,3,D,U,B,0,0,0,000000000,00000000000,0,0,0,1,0,0,0,0,0,0,0,998,0,0,0,12,8,2,12,0,0,0,1,42,17579,6,1,0,0,3,0,75,999,0,0,0,0,0,0,0,0,0,0,0,0,0,0,1,2,50,1,1,2,1,0,0,1,62,1,1,1,51,0,0
34,340374,1,1,1,15,8,1,24,35,0,1,0,34,1,14,402,14402,14,2008,4M2CU81138KJ,4,M,2,C,U,8,1,1,3,8,K,J,0,0,0,000000000,00000000000,0,0,0,1,0,0,0,0,0,0,0,998,0,0,0,99,6,2,2,0,0,1,1,34,7920,6,1,0,0,3,0,63,999,0,0,0,0,1,10,2013,10,2013,0,99,99,99,99,1,2,35,1,1,2,1,0,0,99,99,99,9,9,99,1,1
34,340375,1,2,1,29,9,12,15,12,7,1,0,34,1,49,40,49040,6,1993,4T1VK12W4PU0,4,T,1,V,K,1,2,W,4,P,U,0,0,0,0,000000000,00000000000,0,0,0,1,0,0,0,0,0,0,0,998,0,0,0,1,2,3,12,0,0,0,1,34,8055,6,1,0,0,3,3,66,999,0,0,0,0,0,0,0,0,0,0,6,48,0,0,1,2,25,1,1,2,1,0,0,12,55,1,1,1,98,0,0
34,340375,2,2,1,29,9,12,15,12,7,1,0,34,1,48,401,48401,14,2010,JF2SH6AC3AH7,J,F,2,S,H,6,A,C,3,A,H,7,0,0,0,000000000,00000000000,0,0,0,1,0,0,0,0,0,0,0,998,0,0,0,11,6,2,42,0,0,0,1,34,8055,6,1,0,0,3,0,69,999,0,0,0,0,0,0,0,0,0,0,0,0,0,0,1,2,25,1,1,2,1,0,0,1,55,1,1,1,98,1,0
34,340376,1,2,3,15,6,15,19,12,6,1,0,34,2,55,33,55033,4,2004,KMHWF35H44A9,K,M,H,W,F,3,5,H,4,4,A,9,0,0,0,000000000,00000000000,0,0,0,1,0,0,0,0,0,0,0,998,0,0,0,8,6,2,12,0,0,0,1,34,8831,6,1,0,0,3,3,66,999,0,0,0,0,1,12,2012,12,2012,0,6,38,0,0,1,2,25,2,1,2,1,20,3,11,55,99,1,2,82,1,0
34,340376,2,2,1,15,6,15,19,12,6,1,0,34,3,38,898,38898,62,2007,JALC4B167770,J,A,L,C,4,B,1,6,7,7,7,0,0,0,88,888888888,88888888888,2,1,1,1,0,0,0,0,0,0,0,998,0,0,0,11,2,5,12,0,0,0,1,34,8618,6,1,0,0,3,3,69,999,0,1,0,0,2,6,2012,1,2014,0,0,0,0,0,1,2,35,3,1,2,1,0,0,14,67,1,1,1,83,0,0
34,340377,1,1,1,12,9,19,55,8,0,1,0,42,2,37,31,37031,4,2005,2HGES165X5H6,2,H,G,E,S,1,6,5,X,5,H,6,0,0,0,000000000,00000000000,0,0,0,1,0,0,0,0,0,0,0,998,0,0,0,12,8,2,8,0,0,0,1,42,19067,6,1,0,0,3,3,71,999,1,0,0,0,0,1,2012,1,2012,0,0,0,0,0,3,2,55,1,1,2,1,3,3,1,80,1,1,1,13,0,0
34,340378,1,1,4,20,10,18,50,8,0,1,0,34,1,49,401,49401,14,1999,JT3HN87R7X02,J,T,3,H,N,8,7,R,7,X,0,2,0,0,0,000000000,00000000000,0,0,0,1,0,0,0,0,0,0,0,998,0,0,0,99,0,5,8,0,0,0,1,34,8054,6,1,6,0,3,0,68,999,0,0,0,0,0,0,0,0,0,0,0,0,0,0,1,2,40,2,1,2,1,0,0,14,80,6,1,2,13,0,0
34,340379,1,1,4,16,10,15,0,1,0,1,0,25,3,20,461,20461,21,2004,1GCHG39U3412,1,G,C,H,G,3,9,U,3,4,1,2,0,0,0,000000000,00000000000,0,0,0,1,0,0,0,0,0,0,0,998,0,2,1,0,6,2,1,0,0,0,1,34,7105,0,0,0,0,0,0,999,999,0,0,0,0,0,0,0,0,0,0,6,0,0,0,3,4,65,1,1,2,1,0,0,15,13,6,4,6,98,1,0
34,340380,1,1,1,24,8,1,25,33,0,1,0,34,1,37,31,37031,4,2012,2HGFB2F80CH5,2,H,G,F,B,2,F,8,0,C,H,5,0,0,0,000000000,00000000000,0,0,0,1,0,0,0,0,0,0,0,998,0,0,0,12,6,2,42,0,0,0,1,34,7740,6,1,0,0,3,0,72,182,0,5,0,1,5,10,2011,6,2014,3,6,0,0,0,1,2,40,2,1,2,1,0,0,14,13,1,1,4,1,1,1
34,340381,1,3,4,10,8,15,20,12,7,1,0,34,1,37,32,37032,4,1995,1HGCE6665SA0,1,H,G,C,E,6,6,6,5,S,A,0,0,0,0,000000000,00000000000,0,0,0,1,0,0,0,0,0,0,0,998,0,0,0,3,8,2,12,0,0,0,1,34,8701,6,1,0,0,3,3,70,999,2,0,0,0,1,2,2012,12,2013,0,27,6,0,0,1,4,40,1,2,2,1,0,0,15,51,1,1,2,46,0,0
34,340381,2,3,1,10,8,15,20,12,7,1,0,34,1,53,703,53703,80,2003,JS1GR7HA5321,J,S,1,G,R,7,H,A,5,3,2,1,0,0,0,000000000,00000000000,0,0,0,1,0,0,0,0,0,0,0,998,0,0,0,9,6,2,12,0,0,0,1,34,8701,6,1,0,0,3,0,67,999,0,0,0,0,2,10,2012,2,2014,0,0,0,0,0,1,4,40,1,2,2,1,0,0,1,61,1,1,1,45,1,0
34,340381,3,3,3,10,8,15,20,12,7,1,0,34,2,49,43,49043,4,2007,4T1BK36B67U2,4,T,1,B,K,3,6,B,6,7,U,2,0,0,0,000000000,00000000000,0,0,0,1,0,0,0,0,0,0,0,0,0,0,0,12,8,5,12,0,0,0,1,36,10977,6,1,0,0,3,3,62,999,0,0,0,0,0,0,0,0,0,0,0,0,0,0,1,2,98,1,1,2,1,20,3,5,66,1,1,1,98,0,0
34,340382,1,1,1,22,10,19,38,8,0,1,0,34,1,49,472,49472,30,2013,3TMLU4ENXDM1,3,T,M,L,U,4,E,N,X,D,M,1,0,0,0,000000000,00000000000,0,0,0,1,0,0,0,0,0,0,0,998,0,0,0,11,8,2,8,0,0,0,1,34,8742,6,1,0,0,3,0,69,999,0,0,0,1,0,8,2014,8,2014,0,0,0,0,0,2,4,55,1,1,2,2,0,0,1,80,1,1,1,13,0,0
34,340383,1,2,2,12,11,11,52,12,8,1,0,34,3,86,881,86881,63,2007,1M2K189C77M0,1,M,2,K,1,8,9,C,7,7,M,0,0,0,57,01084011,5701084011,3,2,7,1,0,0,0,0,0,0,0,998,7,0,0,11,8,2,12,0,0,0,1,34,7063,6,1,6,1,3,0,69,999,1,1,0,0,0,5,2012,5,2013,0,6,28,0,0,1,2,25,2,1,2,1,0,0,14,10,1,1,2,64,0,0
34,340383,2,2,1,12,11,11,52,12,8,1,0,34,1,55,33,55033,4,2014,5NPDH4AE6EH4,5,N,P,D,H,4,A,E,6,E,H,4,0,0,0,000000000,00000000000,0,0,0,1,0,0,0,0,0,0,0,998,0,0,0,10,6,2,12,0,0,0,1,34,8823,6,1,0,0,3,3,72,999,0,0,0,0,0,0,0,0,0,0,0,0,0,0,1,2,25,3,1,2,1,0,0,14,62,1,1,1,65,1,1
34,340384,1,2,1,17,7,15,8,12,1,1,0,34,1,35,47,35047,4,1998,1N4DL01D9WC1,1,N,4,D,L,0,1,D,9,W,C,1,0,0,0,000000000,00000000000,0,0,0,1,0,0,0,0,0,0,0,0,0,0,0,6,6,2,3,0,0,0,1,34,8618,6,1,0,0,3,0,65,999,0,0,0,0,0,0,0,0,0,0,0,0,0,0,3,2,45,1,1,2,1,3,3,5,53,1,1,1,21,1,1
34,340384,2,2,1,17,7,15,8,12,1,1,0,34,3,85,881,85881,63,2006,1NKDXBTXX6J1,1,N,K,D,X,B,T,X,X,6,J,1,0,0,88,888888888,88888888888,3,2,4,1,0,0,0,0,0,0,0,998,7,0,0,12,9,3,12,0,0,0,1,34,8060,6,1,6,9,3,0,69,999,5,0,0,0,2,2,2013,6,2014,0,36,0,0,0,3,2,45,1,1,2,1,3,3,1,50,1,1,1,20,0,0
34,340385,1,2,1,10,11,16,22,12,1,1,0,34,1,14,21,14021,4,2008,3MEHM08188R6,3,M,E,H,M,0,8,1,8,8,R,6,0,0,0,000000000,00000000000,0,0,0,1,0,0,0,0,0,0,0,998,0,0,0,12,6,2,12,0,0,0,1,34,8724,6,1,0,0,3,0,67,999,0,0,0,0,0,0,0,0,0,0,6,0,0,0,1,4,35,1,1,2,1,3,3,1,50,1,1,1,20,1,0
34,340385,2,2,1,10,11,16,22,12,1,1,0,34,2,12,401,12401,14,2009,1FMCU93G19KA,1,F,M,C,U,9,3,G,1,9,K,A,0,0,0,000000000,00000000000,0,0,0,1,0,0,0,0,0,0,0,0,0,0,0,6,6,2,12,0,0,0,1,34,8724,6,1,0,0,3,0,72,999,0,0,0,1,1,5,2012,5,2013,0,0,0,0,0,1,4,35,1,1,2,1,3,3,5,53,1,1,1,21,0,0
34,340386,1,1,1,7,9,19,53,8,0,1,1,34,1,7,482,7482,31,1996,1B7HF16Y4TS6,1,B,7,H,F,1,6,Y,4,T,S,6,0,0,0,000000000,00000000000,0,0,0,1,0,0,0,0,0,0,0,998,0,0,0,12,8,5,8,0,0,0,1,34,8078,6,1,0,0,3,0,69,999,0,0,0,0,0,0,0,0,0,0,6,0,0,0,3,2,45,1,1,2,1,0,0,1,80,1,1,1,13,0,1
34,340387,1,1,1,7,8,12,40,8,0,1,0,34,2,12,473,12473,30,2002,1FMZU73K72ZC,1,F,M,Z,U,7,3,K,7,2,Z,C,0,0,0,000000000,00000000000,0,0,0,1,0,0,0,0,0,0,0,998,0,0,0,12,9,3,8,0,0,0,1,34,7076,6,1,0,0,3,0,62,999,0,0,0,0,0,0,0,0,0,0,6,0,0,0,1,2,25,1,1,2,1,0,0,1,80,1,1,1,13,0,0
34,340388,1,2,1,14,11,14,50,12,6,1,0,34,1,20,481,20481,31,2005,1GCEK14V05Z2,1,G,C,E,K,1,4,V,0,5,Z,2,0,0,0,000000000,00000000000,0,0,0,1,0,0,0,0,0,0,0,0,0,0,0,9,6,2,12,0,0,0,1,34,8835,6,1,0,0,3,3,72,999,0,0,0,0,0,0,0,0,0,0,0,0,0,0,1,2,25,1,2,2,1,20,3,5,55,1,1,1,89,1,0