STATE,ST_CASE,VEH_NO,VE_FORMS,NUMOCCS,DAY,MONTH,HOUR,MINUTE,HARM_EV,MAN_COLL,UNITTYPE,HIT_RUN,REG_STAT,OWNER,MAKE,MODEL,MAK_MOD,BODY_TYP,MOD_YEAR,VIN,VIN_1,VIN_2,VIN_3,VIN_4,VIN_5,VIN_6,VIN_7,VIN_8,VIN_9,VIN_10,VIN_11,VIN_12,TOW_VEH,J_KNIFE,MCARR_I1,MCARR_I2,MCARR_ID,GVWR,V_CONFIG,CARGO_BT,HAZ_INV,HAZ_PLAC,HAZ_ID,HAZ_CNO,HAZ_REL,BUS_USE,SPEC_USE,EMER_USE,TRAV_SP,UNDERIDE,ROLLOVER,ROLINLOC,IMPACT1,DEFORMED,TOWED,M_HARM,VEH_SC1,VEH_SC2,FIRE_EXP,DR_PRES,L_STATE,DR_ZIP,L_STATUS,L_TYPE,CDL_STAT,L_ENDORS,L_COMPL,L_RESTRI,DR_HGT,DR_WGT,PREV_ACC,PREV_SUS,PREV_DWI,PREV_SPD,PREV_OTH,FIRST_MO,FIRST_YR,LAST_MO,LAST_YR,SPEEDREL,DR_SF1,DR_SF2,DR_SF3,DR_SF4,VTRAFWAY,VNUM_LAN,VSPD_LIM,VALIGN,VPROFILE,VPAVETYP,VSURCOND,VTRAFCON,VTCONT_F,P_CRASH1,P_CRASH2,P_CRASH3,PCRASH4,PCRASH5,ACC_TYPE,DEATHS,DR_DRINK
34,340388,2,2,1,14,11,14,50,12,6,1,0,34,1,34,402,34402,14,2013,5UXWX9C5XD0A,5,U,X,W,X,9,C,5,X,D,0,A,0,0,0,000000000,00000000000,0,0,0,1,0,0,0,0,0,0,0,998,0,0,0,12,6,2,12,0,0,0,1,34,8889,6,1,0,0,3,0,66,999,0,0,0,0,0,0,0,0,0,0,6,0,0,0,1,2,55,1,2,2,1,0,0,1,17,1,1,2,88,0,0
34,340389,1,2,1,23,11,13,44,12,6,1,0,0,0,37,702,37702,83,2000,JH2HE043XYK4,J,H,2,H,E,0,4,3,X,Y,K,4,0,0,0,000000000,00000000000,0,0,0,1,0,0,0,0,0,0,0,998,0,0,0,12,6,2,12,0,0,0,1,34,8401,6,1,0,0,2,0,71,999,0,0,0,2,1,1,2012,7,2014,3,50,6,0,0,4,1,25,1,1,2,1,0,0,1,55,1,1,1,86,1,0
34,340389,2,2,1,23,11,13,44,12,6,1,0,34,1,20,443,20443,20,2002,1GNDX03E32D1,1,G,N,D,X,0,3,E,3,2,D,1,0,0,0,000000000,00000000000,0,0,0,1,0,0,0,0,0,0,0,998,0,0,0,2,8,2,12,0,0,0,1,34,8401,6,1,0,0,3,0,61,999,0,1,0,0,0,7,2013,7,2013,0,0,0,0,0,1,2,25,1,1,2,1,20,3,1,55,1,1,1,87,0,0
34,340390,1,1,2,1,11,12,55,33,0,1,0,34,1,12,3,12003,2,2003,1FAFP42R53F4,1,F,A,F,P,4,2,R,5,3,F,4,0,0,0,000000000,00000000000,0,0,0,1,0,0,0,0,0,0,0,998,0,0,0,11,6,2,30,0,0,0,1,34,8876,6,1,0,0,3,0,72,999,0,0,0,0,2,5,2012,5,2014,0,6,0,0,0,3,3,55,1,1,2,2,0,0,1,6,1,3,4,2,1,0
34,340391,1,2,1,20,11,14,46,12,6,1,0,34,1,63,401,63401,14,2012,KNDPCCA20C73,K,N,D,P,C,C,A,2,0,C,7,3,0,0,0,000000000,00000000000,0,0,0,1,0,0,0,0,0,0,0,998,0,0,0,12,6,2,12,0,0,0,1,34,8759,6,1,0,0,3,0,66,999,0,0,0,0,0,0,0,0,0,0,39,6,0,0,1,2,25,1,1,2,1,20,3,1,55,1,1,1,86,0,0
34,340391,2,2,2,20,11,14,46,12,6,1,0,34,1,24,7,24007,4,2004,1G8AJ52F64Z1,1,G,8,A,J,5,2,F,6,4,Z,1,0,0,0,000000000,00000000000,0,0,0,1,0,0,0,0,0,0,0,998,0,0,0,3,6,2,12,0,0,0,1,34,8759,6,1,0,0,3,3,65,999,0,0,0,0,0,0,0,0,0,0,0,0,0,0,1,2,25,1,1,2,1,0,0,1,55,1,1,1,87,1,0
34,340392,1,1,1,10,11,10,16,33,0,1,0,34,1,20,2,20002,4,2005,2G1WF52E5592,2,G,1,W,F,5,2,E,5,5,9,2,0,0,0,000000000,00000000000,0,0,0,1,0,0,0,0,0,0,0,998,0,0,0,12,6,2,42,0,0,0,1,34,7731,6,1,0,0,3,0,65,999,0,0,0,0,1,3,2012,3,2012,0,99,99,99,99,1,2,40,1,1,2,1,0,0,1,13,1,1,4,1,1,0
34,340393,1,2,1,29,11,6,51,12,2,1,0,34,1,23,481,23481,31,2005,1GTHK29U75E1,1,G,T,H,K,2,9,U,7,5,E,1,0,0,0,000000000,00000000000,0,0,0,1,0,0,0,0,0,0,0,998,0,0,0,12,6,2,12,0,0,0,1,34,8610,6,1,0,0,3,0,71,999,0,0,4,0,0,12,2011,2,2012,0,6,0,0,0,1,2,50,4,2,2,1,0,0,14,10,7,1,2,50,1,0
34,340393,2,2,1,29,11,6,51,12,2,1,0,34,3,86,881,86881,66,2003,1M2AD62Y53M0,1,M,2,A,D,6,2,Y,5,3,M,0,1,1,77,777777777,77777777777,3,6,1,2,2,1993,88,1,0,0,0,998,0,0,0,12,6,2,12,0,0,0,1,42,18058,6,1,6,1,3,3,71,999,0,0,0,1,3,8,2012,9,2014,0,0,0,0,0,1,2,50,4,2,2,1,0,0,14,62,8,1,1,51,0,0
34,340394,1,1,3,6,11,13,16,30,0,1,0,34,2,37,31,37031,3,1997,2HGEJ6320VH1,2,H,G,E,J,6,3,2,0,V,H,1,0,0,0,000000000,00000000000,0,0,0,1,0,0,0,0,0,0,0,998,0,0,0,6,6,2,30,0,0,0,1,34,8098,6,2,0,0,3,2,65,999,0,0,0,0,0,0,0,0,0,4,6,28,27,73,1,2,50,1,3,2,2,0,0,6,6,7,4,4,7,2,0
34,340395,1,1,1,12,11,13,37,31,0,1,0,42,2,37,402,37402,14,2005,SHSRD78835U3,S,H,S,R,D,7,8,8,3,5,U,3,0,0,0,000000000,00000000000,0,0,0,1,0,0,0,0,0,0,0,998,0,0,0,12,6,2,42,0,0,0,1,42,19140,6,1,0,0,3,0,68,999,0,0,0,0,0,0,0,0,0,0,6,0,0,0,3,3,65,1,1,2,1,0,0,1,13,1,1,5,1,1,0
34,340396,1,3,1,10,9,12,27,12,6,1,0,34,1,22,19,22019,2,2007,1G2AL15F4771,1,G,2,A,L,1,5,F,4,7,7,1,0,0,0,000000000,00000000000,0,0,0,1,0,0,0,0,0,0,0,998,0,0,0,12,6,2,12,0,0,0,1,34,8060,6,1,0,0,3,3,67,999,0,0,0,0,0,0,0,0,0,0,6,0,0,0,3,2,50,1,1,2,1,3,3,1,17,1,1,1,83,1,0
34,340396,2,3,1,10,9,12,27,12,6,1,0,42,1,55,33,55033,4,2011,5NPEC4AC9BH1,5,N,P,E,C,4,A,C,9,B,H,1,0,0,0,000000000,00000000000,0,0,0,1,0,0,0,0,0,0,0,998,0,0,0,9,4,3,12,0,0,0,1,42,19135,6,1,0,0,3,3,72,999,0,0,0,0,0,0,0,0,0,0,0,0,0,0,1,2,45,1,1,2,1,3,3,11,67,1,1,1,82,0,0
34,340396,3,3,1,10,9,12,27,12,6,1,0,34,3,12,461,12461,21,2010,1FTNE1EW6ADA,1,F,T,N,E,1,E,W,6,A,D,A,0,0,0,000000000,00000000000,0,0,0,1,0,0,0,0,0,0,0,998,0,0,0,9,2,5,12,0,0,0,1,34,8003,6,1,0,0,3,0,72,999,1,0,0,0,1,11,2013,11,2013,0,0,0,0,0,1,2,45,1,1,2,1,3,3,1,60,1,1,1,98,0,0
34,340397,1,1,1,3,6,6,13,33,0,1,0,34,1,49,32,49032,4,2007,2T1BR32E97C8,2,T,1,B,R,3,2,E,9,7,C,8,0,0,0,000000000,00000000000,0,0,0,1,0,0,0,0,0,0,0,998,0,0,0,12,8,8,42,0,0,0,1,34,7470,6,1,0,0,3,0,59,999,1,0,0,1,0,2,2012,5,2014,0,6,0,0,0,1,2,40,1,2,2,1,0,0,1,13,1,1,4,1,1,0
34,340398,1,1,1,2,8,20,50,25,0,1,0,34,1,53,706,53706,80,2007,JS1GT77A4721,J,S,1,G,T,7,7,A,4,7,2,1,0,0,0,000000000,00000000000,0,0,0,1,0,0,0,0,0,0,0,998,0,0,0,2,8,2,25,0,0,0,1,34,7108,6,1,0,0,3,0,74,999,1,2,1,0,2,9,2011,5,2014,3,36,0,0,0,3,3,50,4,3,2,1,0,0,14,11,1,1,4,1,1,1
34,340399,1,2,1,30,8,9,20,12,6,1,0,34,2,55,33,55033,4,2014,5NPEB4AC7EH8,5,N,P,E,B,4,A,C,7,E,H,8,0,0,0,000000000,00000000000,0,0,0,1,0,0,0,0,0,0,0,998,0,0,0,12,6,2,12,0,0,0,1,34,8901,6,1,0,0,3,3,70,999,1,0,0,0,0,8,2011,8,2011,0,39,0,0,0,1,2,55,1,1,2,1,3,3,1,55,1,1,1,83,0,0
34,340399,2,2,1,30,8,9,20,12,6,1,0,34,1,35,43,35043,4,2005,3N1CB51D25L5,3,N,1,C,B,5,1,D,2,5,L,5,0,0,0,000000000,00000000000,0,0,0,1,0,0,0,0,0,0,0,998,0,0,0,9,6,2,12,0,0,0,1,34,8520,6,1,0,0,3,0,62,999,0,0,0,0,0,0,0,0,0,0,0,0,0,0,1,2,35,1,1,2,1,3,3,11,55,1,1,1,82,1,0
34,340400,1,1,1,24,9,2,52,33,0,1,0,34,1,35,43,35043,4,2011,3N1AB6AP2BL6,3,N,1,A,B,6,A,P,2,B,L,6,0,0,0,000000000,00000000000,0,0,0,1,0,0,0,0,0,0,0,998,0,0,0,12,6,2,42,0,0,0,1,34,8723,1,1,0,0,2,3,67,999,0,2,0,0,0,8,2014,9,2014,5,6,28,0,0,4,1,50,3,1,2,1,0,0,14,12,1,1,5,6,1,1
34,340401,1,1,1,16,5,5,44,53,0,1,0,34,1,19,18,19018,4,2007,1G6DP5774701,1,G,6,D,P,5,7,7,4,7,0,1,0,0,0,000000000,00000000000,0,0,0,1,0,0,0,0,0,0,0,998,0,0,0,12,8,2,30,0,0,0,1,34,8055,6,1,0,0,3,3,72,999,1,0,0,0,2,12,2011,7,2013,0,6,0,0,0,1,2,45,1,1,2,1,0,0,1,13,1,1,5,1,1,0
34,340402,1,2,5,21,9,18,7,12,1,1,0,34,1,35,401,35401,14,2012,5N1AR1NB3CC6,5,N,1,A,R,1,N,B,3,C,C,6,0,0,0,000000000,00000000000,0,0,0,1,0,0,0,0,0,0,0,998,0,0,0,6,8,2,12,0,0,0,1,34,8857,6,1,0,0,3,0,68,999,0,0,0,0,1,5,2013,5,2013,0,0,0,0,0,3,2,65,1,1,2,1,0,0,1,53,1,1,1,25,0,0
34,340402,2,2,1,21,9,18,7,12,1,1,0,34,1,34,709,34709,80,2013,WB1053409DZL,W,B,1,0,5,3,4,0,9,D,Z,L,0,0,0,000000000,00000000000,0,0,0,1,0,0,0,0,0,0,0,998,0,0,0,12,8,2,12,0,0,0,1,34,8861,6,1,6,0,3,0,64,178,1,1,0,0,0,12,2012,7,2013,3,6,0,0,0,3,2,65,1,1,2,1,0,0,1,51,1,1,1,24,1,0
34,340403,1,1,1,15,11,11,40,8,0,1,1,99,9,12,999,12999,99,9999,999999999999,9,9,9,9,9,9,9,9,9,9,9,9,0,0,0,000000000,00000000000,9,0,0,1,0,0,0,0,0,0,0,998,0,0,0,11,9,5,8,99,99,0,1,99,99999,9,9,99,9,9,9,999,999,99,99,99,99,99,99,9999,99,9999,0,38,0,0,0,1,2,25,1,1,2,1,0,0,1,80,99,1,1,13,0,0
34,340404,1,1,1,7,11,21,49,42,0,1,0,34,1,55,35,55035,4,2013,5NPDH4AEXDH3,5,N,P,D,H,4,A,E,X,D,H,3,0,0,0,000000000,00000000000,0,0,0,1,0,0,0,0,0,0,0,998,0,0,0,12,6,2,42,0,0,0,1,34,8759,6,1,0,0,3,0,999,999,0,0,0,0,0,0,0,0,0,0,28,0,0,0,2,3,55,1,1,2,1,0,0,1,13,1,1,4,1,1,0
34,340405,1,1,1,2,12,19,10,8,0,1,0,34,2,12,481,12481,31,2005,1FTSX21505EA,1,F,T,S,X,2,1,5,0,5,E,A,0,0,0,000000000,00000000000,0,0,0,1,0,0,0,0,0,0,0,998,0,0,0,11,2,5,8,0,0,0,1,34,8078,6,1,0,0,3,0,70,999,0,0,0,0,0,0,0,0,0,0,38,6,0,0,1,2,25,1,1,2,2,20,3,1,80,1,1,1,13,0,0
34,340406,1,1,1,23,9,11,20,8,0,1,0,34,1,18,22,18022,4,2006,2G4WD5822612,2,G,4,W,D,5,8,2,2,6,1,2,0,0,0,000000000,00000000000,0,0,0,1,0,0,0,0,0,0,0,998,0,0,0,6,2,5,8,0,0,0,1,34,7901,6,1,0,0,3,0,67,999,2,0,0,0,0,3,2012,10,2013,0,6,0,0,0,1,2,25,1,1,2,1,0,0,13,80,1,1,1,98,0,0
34,340407,1,2,1,27,7,19,32,12,6,1,0,42,1,53,706,53706,80,2006,JS1GT76A2621,J,S,1,G,T,7,6,A,2,6,2,1,0,0,0,000000000,00000000000,0,0,0,1,0,0,0,0,0,0,0,998,0,0,0,12,6,2,12,0,0,0,1,42,19142,1,1,0,0,2,0,68,230,0,1,0,0,0,8,2011,8,2011,3,6,0,0,0,1,2,25,1,1,2,1,0,0,1,55,3,2,2,69,1,0
34,340407,2,2,5,27,7,19,32,12,6,1,0,34,2,52,34,52034,4,2006,4A3AB36F16E0,4,A,3,A,B,3,6,F,1,6,E,0,0,0,0,000000000,00000000000,0,0,0,1,0,0,0,0,0,0,0,998,0,0,0,3,6,2,12,0,0,0,1,34,8104,6,1,0,0,3,3,65,999,0,0,0,0,2,3,2014,7,2014,0,0,0,0,0,1,2,25,1,1,2,1,0,0,11,55,1,1,1,68,0,0
34,340408,1,1,1,19,7,21,24,8,0,1,1,34,2,12,461,12461,21,1991,1FTEE14Y6MHA,1,F,T,E,E,1,4,Y,6,M,H,A,0,0,0,000000000,00000000000,0,0,0,1,0,0,0,0,0,0,0,998,0,0,0,99,8,5,8,0,0,0,1,34,8105,1,1,0,0,2,0,62,999,0,0,0,0,0,0,0,0,0,5,36,0,0,0,1,2,25,1,1,2,1,0,0,1,80,99,9,9,13,0,0
34,340409,1,1,1,27,11,2,15,33,0,1,0,34,2,2,405,2405,14,2004,1J4GL58K54W2,1,J,4,G,L,5,8,K,5,4,W,2,0,0,0,000000000,00000000000,0,0,0,1,0,0,0,0,0,0,0,998,0,0,0,14,6,2,14,0,0,0,1,34,8110,6,2,0,0,3,3,75,999,0,0,0,0,3,6,2012,9,2014,3,36,28,0,0,3,3,45,1,2,2,2,0,0,6,13,99,1,4,1,1,0
34,340410,1,1,5,23,12,22,15,8,0,1,0,36,2,49,999,49999,49,2004,999999999999,9,9,9,9,9,9,9,9,9,9,9,9,0,0,0,000000000,00000000000,0,0,0,1,0,0,0,0,0,0,0,998,0,0,0,1,0,3,8,0,0,0,1,42,18302,6,1,0,0,3,0,68,999,0,0,0,0,0,0,0,0,0,0,6,0,0,0,1,2,30,1,1,2,2,0,0,1,80,1,1,1,13,0,0
34,340412,1,1,2,4,8,22,54,33,0,1,0,34,2,20,2,20002,4,2002,2G1WF52E3292,2,G,1,W,F,5,2,E,3,2,9,2,0,0,0,000000000,00000000000,0,0,0,1,0,0,0,0,0,0,0,998,0,0,0,12,6,2,19,0,0,0,1,34,8343,6,1,0,0,3,3,69,999,5,0,0,0,5,8,2011,5,2014,3,36,0,0,0,4,3,25,1,1,2,1,3,3,1,12,1,1,4,6,1,0
34,340413,1,1,1,2,12,13,51,52,0,1,0,34,1,59,31,59031,4,2013,JTHBK1GG5D20,J,T,H,B,K,1,G,G,5,D,2,0,0,0,0,000000000,00000000000,0,0,0,1,0,0,0,0,0,0,0,998,0,1,2,12,6,2,1,0,0,0,1,34,7081,6,1,0,0,3,3,71,999,0,0,0,0,0,0,0,0,0,0,28,0,0,0,3,6,55,1,1,2,2,0,0,1,13,99,1,4,1,1,0
34,340414,1,1,1,23,8,0,37,33,0,1,0,0,0,76,733,76733,90,2002,JY43GG0372C0,J,Y,4,3,G,G,0,3,7,2,C,0,0,0,0,000000000,00000000000,0,0,0,1,0,0,0,0,0,0,0,998,0,0,0,12,8,8,24,0,0,0,1,34,8105,1,1,0,0,2,0,65,999,1,5,4,0,1,11,2011,6,2014,3,6,0,0,0,2,2,25,3,3,2,1,0,0,14,13,1,1,4,1,1,0
34,340415,1,1,1,3,9,12,35,33,0,1,0,0,0,53,734,53734,90,2005,999999999999,9,9,9,9,9,9,9,9,9,9,9,9,0,0,0,000000000,00000000000,0,0,0,1,0,0,0,0,0,0,0,998,0,0,0,12,6,2,30,0,0,0,1,34,8609,0,0,0,0,0,0,999,999,0,0,0,0,0,0,0,0,0,3,6,0,0,0,1,2,25,1,1,2,1,3,3,6,9,1,2,4,2,1,0
34,340417,1,1,1,5,12,11,37,42,0,1,0,34,3,42,43,42043,4,2015,WDDUG8FBXFA1,W,D,D,U,G,8,F,B,X,F,A,1,0,0,0,000000000,00000000000,0,0,0,1,0,0,0,0,0,0,0,998,0,0,0,12,6,2,42,0,0,0,1,34,7920,6,1,0,0,3,3,72,999,1,0,0,1,2,8,2013,2,2014,0,28,0,0,0,1,2,40,1,2,2,1,0,0,1,12,1,1,4,6,1,0
34,340418,1,1,1,20,9,3,57,33,0,1,0,34,2,37,32,37032,4,1995,1HGCD5533SA0,1,H,G,C,D,5,5,3,3,S,A,0,0,0,0,000000000,00000000000,0,0,0,1,0,0,0,0,0,0,0,998,0,0,0,11,6,2,30,0,0,0,1,34,8081,1,1,0,0,2,2,65,999,2,1,0,0,5,4,2013,7,2014,5,6,74,0,0,1,4,35,1,1,2,1,0,0,1,9,1,3,5,2,1,0
34,340419,1,1,1,27,12,18,5,30,0,1,0,34,2,41,402,41402,14,2001,4F2YU08101KM,4,F,2,Y,U,0,8,1,0,1,K,M,0,0,0,000000000,00000000000,0,0,0,1,0,0,0,0,0,0,0,998,0,0,0,11,6,2,42,0,0,0,1,34,8210,6,1,0,0,3,0,65,999,0,2,0,0,4,4,2012,12,2014,0,28,6,0,0,1,2,50,3,1,2,1,7,3,14,13,1,1,4,1,1,0
34,340420,1,2,1,5,12,23,43,12,8,1,0,34,1,6,441,6441,20,2008,2A8HR54P98R6,2,A,8,H,R,5,4,P,9,8,R,6,0,0,0,000000000,00000000000,0,0,0,1,0,0,0,0,0,0,0,998,0,0,0,11,6,2,12,0,0,0,1,34,7746,6,1,0,0,3,0,68,999,0,0,0,0,1,8,2014,8,2014,3,6,28,0,0,1,2,50,2,2,2,2,0,0,14,10,99,1,2,64,0,1
34,340420,2,2,1,5,12,23,43,12,8,1,0,34,1,55,36,55036,4,2008,KMHCN46C58U1,K,M,H,C,N,4,6,C,5,8,U,1,0,0,0,000000000,00000000000,0,0,0,1,0,0,0,0,0,0,0,998,0,0,0,11,6,2,12,0,0,0,1,34,8859,6,1,0,0,3,0,69,999,0,0,0,0,2,11,2013,4,2014,0,0,0,0,0,1,2,50,3,2,2,2,0,0,14,62,99,1,1,65,1,0
34,340421,1,1,1,21,10,20,31,8,0,1,0,34,1,35,47,35047,2,2010,1N4AL2EP7AC1,1,N,4,A,L,2,E,P,7,A,C,1,0,0,0,000000000,00000000000,0,0,0,1,0,0,0,0,0,0,0,998,0,0,0,12,8,2,8,0,0,0,1,34,7081,6,2,0,0,3,0,68,999,0,0,0,0,1,4,2014,4,2014,0,0,0,0,0,1,2,40,1,1,2,1,3,3,1,80,1,1,1,13,0,0
34,340422,1,1,1,9,12,20,37,8,0,1,0,34,1,20,25,20025,4,2012,1G1PE5SC5C71,1,G,1,P,E,5,S,C,5,C,7,1,0,0,0,000000000,00000000000,0,0,0,1,0,0,0,0,0,0,0,998,0,0,0,12,9,3,8,0,0,0,1,34,8015,6,1,0,0,3,0,64,999,1,0,0,0,1,2,2012,7,2012,0,0,0,0,0,1,2,35,1,2,2,2,0,0,1,80,1,1,1,13,0,0
34,340423,1,1,1,4,10,20,34,8,0,1,0,34,1,12,401,12401,14,2000,1FMYU70E4YUA,1,F,M,Y,U,7,0,E,4,Y,U,A,0,0,0,000000000,00000000000,0,0,0,1,0,0,0,0,0,0,0,998,0,0,0,12,8,2,8,0,0,0,1,34,8105,6,1,0,0,3,0,66,999,0,0,0,0,0,0,0,0,0,0,0,0,0,0,1,2,25,1,1,2,1,3,3,1,80,1,1,1,13,0,1
34,340424,1,2,1,6,10,6,4,8,0,1,0,34,1,12,481,12481,31,1999,1FTRX18W8XNB,1,F,T,R,X,1,8,W,8,X,N,B,0,0,0,000000000,00000000000,0,0,0,1,0,0,0,0,0,0,0,998,0,0,0,12,8,2,8,0,0,0,1,34,7203,6,1,0,0,3,3,66,999,0,0,0,0,0,0,0,0,0,0,6,0,0,0,1,4,30,1,1,2,1,0,0,1,80,1,1,1,13,0,0
34,340424,2,2,1,6,10,6,4,8,0,1,0,34,1,32,42,32042,4,2012,WAUGGAFC8CN1,W,A,U,G,G,A,F,C,8,C,N,1,0,0,0,000000000,00000000000,0,0,0,1,0,0,0,0,0,0,0,998,0,0,0,1,8,5,54,0,0,0,1,34,8850,6,1,0,0,3,0,73,999,0,0,0,0,0,0,0,0,0,0,0,0,0,0,1,4,30,1,1,2,1,0,0,1,62,1,1,1,98,0,0
34,340425,1,2,1,9,10,3,29,12,1,1,0,34,2,7,482,7482,31,2005,1D7HU18D45S3,1,D,7,H,U,1,8,D,4,5,S,3,0,0,0,000000000,00000000000,0,0,0,1,0,0,0,0,0,0,0,0,0,0,0,6,6,2,2,0,0,1,1,34,8812,6,2,0,0,3,2,70,999,0,0,0,0,0,0,0,0,0,0,74,0,0,0,3,2,55,1,1,2,1,3,3,5,53,1,1,1,21,1,0
34,340425,2,2,1,9,10,3,29,12,1,1,0,17,3,86,881,86881,66,2015,1M1AW07Y0FM0,1,M,1,A,W,0,7,Y,0,F,M,0,1,3,57,191496,57191496,3,6,1,1,0,0,0,0,0,0,0,998,0,0,0,12,8,2,12,0,0,0,1,4,85335,1,1,1,2,2,0,72,304,0,1,0,1,0,6,2014,9,2014,0,6,0,0,0,3,2,55,1,1,2,1,3,3,1,50,1,1,1,20,0,0
34,340426,1,2,1,13,10,3,36,12,2,1,0,34,3,20,461,20461,21,2008,1GBJG31K6811,1,G,B,J,G,3,1,K,6,8,1,1,0,0,0,000000000,00000000000,0,0,0,1,0,0,0,0,0,0,0,998,0,0,0,12,8,2,12,0,0,0,1,34,8012,6,1,0,0,3,0,70,999,0,0,0,0,0,0,0,0,0,0,6,0,0,0,3,2,65,1,1,2,1,0,0,1,50,1,1,1,98,1,0
34,340426,2,2,1,13,10,3,36,12,2,1,0,34,3,82,881,82881,62,2011,1FVACWDT5BHB,1,F,V,A,C,W,D,T,5,B,H,B,0,0,57,780048,57780048,2,1,1,1,0,0,0,0,0,0,0,0,0,0,0,12,8,2,12,0,0,0,1,34,8861,6,1,6,9,8,0,70,999,0,0,0,0,1,3,2013,3,2013,0,54,0,0,0,3,2,65,1,1,2,1,0,0,7,53,1,1,1,98,0,0
34,340427,1,1,1,13,10,9,29,14,0,1,0,42,1,7,442,7442,20,2003,1D4GP24333B2,1,D,4,G,P,2,4,3,3,3,B,2,0,0,0,000000000,00000000000,0,0,0,1,0,0,0,0,0,0,0,998,4,0,0,12,6,2,14,0,0,0,1,42,19134,6,1,0,0,3,0,70,999,0,0,0,0,0,0,0,0,0,0,6,0,0,0,3,2,65,1,1,2,2,0,0,1,11,1,1,4,11,1,0
34,340428,1,1,2,16,12,18,16,9,0,1,0,34,1,37,32,37032,4,2005,1HGCM72755A0,1,H,G,C,M,7,2,7,5,5,A,0,0,0,0,000000000,00000000000,0,0,0,1,0,0,0,0,0,0,0,998,0,0,0,12,8,2,9,0,0,0,1,34,8742,6,1,0,0,3,0,68,999,0,2,0,1,5,9,2012,8,2014,0,0,0,0,0,1,2,35,1,1,2,2,0,0,1,83,1,1,1,13,0,0
34,340429,1,1,1,28,9,22,55,53,0,1,0,34,1,37,31,37031,4,1993,JHMEH9590PS0,J,H,M,E,H,9,5,9,0,P,S,0,0,0,0,000000000,00000000000,0,0,0,1,0,0,0,0,0,0,0,998,0,1,6,12,6,2,1,0,0,0,1,34,8094,6,1,0,0,3,0,70,999,0,0,0,0,1,1,2012,1,2012,2,36,84,58,28,1,2,35,4,1,2,1,0,0,17,9,9,2,4,7,1,1
34,340430,1,2,1,26,10,6,2,9,0,1,0,34,1,34,402,34402,14,2004,WBXPA73474WB,W,B,X,P,A,7,3,4,7,4,W,B,0,0,0,000000000,00000000000,0,0,0,1,0,0,0,0,0,0,0,998,0,0,0,10,8,2,9,0,0,0,1,34,7052,6,1,0,0,3,0,66,999,0,0,0,0,0,0,0,0,0,0,0,0,0,0,1,2,25,1,1,2,1,3,3,1,83,1,1,1,13,0,0
34,340430,2,2,1,26,10,6,2,9,0,1,0,34,2,35,43,35043,4,2000,3N1CB51D5YL3,3,N,1,C,B,5,1,D,5,Y,L,3,0,0,0,000000000,00000000000,0,0,0,1,0,0,0,0,0,0,0,998,0,0,0,12,8,2,9,0,0,0,1,34,7032,6,2,0,0,3,0,68,999,0,0,0,0,0,0,0,0,0,0,0,0,0,0,1,2,25,1,1,2,1,3,3,1,83,99,1,9,98,0,0
34,340431,1,1,1,19,12,4,34,33,0,1,0,34,1,20,2,20002,4,2007,2G1WD58C3792,2,G,1,W,D,5,8,C,3,7,9,2,0,0,0,000000000,00000000000,0,0,0,1,0,0,0,0,0,0,0,998,0,1,2,1,6,2,1,0,0,0,1,34,8094,6,2,0,0,3,3,73,999,0,0,0,0,2,5,2014,6,2014,3,36,28,0,0,1,2,50,1,1,2,1,0,0,1,13,1,1,4,1,1,1
34,340432,1,2,1,6,10,2,57,12,1,1,0,34,2,12,401,12401,14,1999,1FMDU35P1XZA,1,F,M,D,U,3,5,P,1,X,Z,A,0,0,0,000000000,00000000000,0,0,0,1,0,0,0,0,0,0,0,88,0,0,0,12,6,2,12,0,0,0,1,34,8093,0,0,0,0,0,0,999,999,0,0,0,0,0,0,0,0,0,3,36,0,0,0,1,2,35,1,1,2,1,0,0,1,51,3,1,1,24,1,1
34,340432,2,2,1,6,10,2,57,12,1,1,0,24,3,87,881,87881,66,1998,1XP5DB9X6WN4,1,X,P,5,D,B,9,X,6,W,N,4,1,1,57,1201510,571201510,3,6,1,1,0,0,0,0,0,0,0,998,0,0,0,6,2,3,12,0,0,0,1,24,21804,6,1,6,9,8,0,65,999,0,0,0,0,0,0,0,0,0,0,0,0,0,0,1,2,35,1,1,2,1,0,0,1,53,1,1,1,25,0,0
34,340433,1,1,1,19,12,14,42,24,0,1,0,42,2,76,706,76706,80,2003,JYARN10E63A0,J,Y,A,R,N,1,0,E,6,3,A,0,0,0,0,000000000,00000000000,0,0,0,1,0,0,0,0,0,0,0,998,0,0,0,6,9,3,42,0,0,0,1,42,19013,6,1,0,0,3,0,70,170,0,0,0,0,0,0,0,0,0,0,0,0,0,0,4,1,55,3,3,2,1,0,0,14,9,99,2,4,2,1,0
34,340434,1,1,1,1,11,18,0,8,0,1,0,34,2,54,38,54038,3,2006,JH4DC548X6S0,J,H,4,D,C,5,4,8,X,6,S,0,0,0,0,000000000,00000000000,0,0,0,1,0,0,0,0,0,0,0,998,0,0,0,12,8,2,8,0,0,0,1,36,12428,6,1,0,0,3,0,63,999,0,0,0,0,0,0,0,0,0,0,0,0,0,0,2,4,25,1,1,2,2,0,0,1,80,1,1,1,13,0,0