STATE,ST_CASE,VEH_NO,VE_FORMS,NUMOCCS,DAY,MONTH,HOUR,MINUTE,HARM_EV,MAN_COLL,UNITTYPE,HIT_RUN,REG_STAT,OWNER,MAKE,MODEL,MAK_MOD,BODY_TYP,MOD_YEAR,VIN,VIN_1,VIN_2,VIN_3,VIN_4,VIN_5,VIN_6,VIN_7,VIN_8,VIN_9,VIN_10,VIN_11,VIN_12,TOW_VEH,J_KNIFE,MCARR_I1,MCARR_I2,MCARR_ID,GVWR,V_CONFIG,CARGO_BT,HAZ_INV,HAZ_PLAC,HAZ_ID,HAZ_CNO,HAZ_REL,BUS_USE,SPEC_USE,EMER_USE,TRAV_SP,UNDERIDE,ROLLOVER,ROLINLOC,IMPACT1,DEFORMED,TOWED,M_HARM,VEH_SC1,VEH_SC2,FIRE_EXP,DR_PRES,L_STATE,DR_ZIP,L_STATUS,L_TYPE,CDL_STAT,L_ENDORS,L_COMPL,L_RESTRI,DR_HGT,DR_WGT,PREV_ACC,PREV_SUS,PREV_DWI,PREV_SPD,PREV_OTH,FIRST_MO,FIRST_YR,LAST_MO,LAST_YR,SPEEDREL,DR_SF1,DR_SF2,DR_SF3,DR_SF4,VTRAFWAY,VNUM_LAN,VSPD_LIM,VALIGN,VPROFILE,VPAVETYP,VSURCOND,VTRAFCON,VTCONT_F,P_CRASH1,P_CRASH2,P_CRASH3,PCRASH4,PCRASH5,ACC_TYPE,DEATHS,DR_DRINK
34,340480,1,1,3,17,9,16,38,5,0,1,1,34,2,35,402,35402,14,2002,5N1ED28YX2C5,5,N,1,E,D,2,8,Y,X,2,C,5,0,0,0,000000000,00000000000,0,0,0,1,0,0,0,0,0,0,0,998,0,0,0,0,0,5,5,0,0,0,1,34,7002,6,1,0,0,3,0,65,999,1,0,0,0,0,6,2013,6,2013,0,21,0,0,0,1,2,25,1,1,2,1,0,0,1,98,1,1,1,0,1,0
34,340481,1,1,2,29,11,15,25,9,0,1,0,34,2,34,35,34035,4,1999,WBADM6347XGU,W,B,A,D,M,6,3,4,7,X,G,U,0,0,0,000000000,00000000000,0,0,0,1,0,0,0,0,0,0,0,998,0,0,0,12,8,2,9,0,0,0,1,34,7760,6,1,0,0,3,0,62,999,0,0,0,0,0,0,0,0,0,0,0,0,0,0,1,2,30,1,2,2,1,0,0,1,83,98,1,9,13,0,0
34,340482,1,1,1,21,12,7,14,59,0,1,0,34,2,35,39,35039,4,2011,1N4AA5AP2BC8,1,N,4,A,A,5,A,P,2,B,C,8,0,0,0,000000000,00000000000,0,0,0,1,0,0,0,0,0,0,0,998,0,1,5,12,6,2,42,0,0,0,1,34,8232,6,1,0,0,3,0,68,999,0,0,0,0,1,5,2014,5,2014,0,28,0,0,0,2,2,65,1,1,2,1,0,0,1,13,1,1,5,1,1,1
34,340483,1,1,1,28,12,17,25,8,0,1,0,34,2,49,52,49052,5,2009,JTKKU10499J0,J,T,K,K,U,1,0,4,9,9,J,0,0,0,0,000000000,00000000000,0,0,0,1,0,0,0,0,0,0,0,998,0,0,0,12,9,3,8,0,0,0,1,34,8053,6,1,0,0,3,0,74,999,1,0,0,0,0,3,2014,3,2014,0,0,0,0,0,1,4,40,1,1,2,2,0,0,1,80,99,1,1,13,0,0
34,340484,1,2,1,4,11,18,27,12,6,1,0,34,1,71,706,71706,80,2004,ZDM1TBBS44B0,Z,D,M,1,T,B,B,S,4,4,B,0,0,0,0,000000000,00000000000,0,0,0,1,0,0,0,0,0,0,0,998,0,0,0,1,8,2,12,0,0,0,1,34,7932,6,1,0,0,3,0,66,150,0,0,0,0,0,0,0,0,0,0,0,0,0,0,1,2,35,1,1,2,1,0,0,1,55,99,1,1,83,1,0
34,340484,2,2,1,4,11,18,27,12,6,1,0,34,1,32,43,32043,4,2000,WAUDC28D0YA1,W,A,U,D,C,2,8,D,0,Y,A,1,0,0,0,000000000,00000000000,0,0,0,1,0,0,0,0,0,0,0,998,0,0,0,12,8,2,12,0,0,0,1,34,7901,6,1,0,0,3,0,68,999,0,0,0,0,0,0,0,0,0,0,39,0,0,0,1,2,35,1,1,2,1,20,3,11,55,1,1,1,82,0,0
34,340485,1,1,1,15,12,20,7,8,0,1,0,34,2,7,472,7472,30,2001,1B7GG22N41S3,1,B,7,G,G,2,2,N,4,1,S,3,0,0,0,000000000,00000000000,0,0,0,1,0,0,0,0,0,0,0,998,0,0,0,12,6,2,8,0,0,0,1,34,7088,3,1,0,0,2,0,72,999,0,0,0,0,0,0,0,0,0,0,0,0,0,0,1,2,25,1,3,2,1,3,3,1,80,2,1,1,13,0,0
34,340486,1,1,1,27,11,3,22,8,0,1,0,34,2,30,40,30040,4,2014,3VWD17AJ3EM2,3,V,W,D,1,7,A,J,3,E,M,2,0,0,0,000000000,00000000000,0,0,0,1,0,0,0,0,0,0,0,998,0,0,0,12,8,2,8,0,0,0,1,34,7208,6,2,0,0,3,2,71,999,0,0,0,0,0,0,0,0,0,0,73,0,0,0,3,3,40,1,1,2,2,3,3,1,80,1,1,1,13,0,0
34,340487,1,1,1,26,11,6,44,8,0,1,1,99,9,99,999,99999,99,9999,999999999999,9,9,9,9,9,9,9,9,9,9,9,9,0,0,0,000000000,00000000000,0,0,0,1,0,0,0,0,0,0,0,998,0,0,0,99,9,5,8,0,0,0,1,99,99999,9,9,99,9,9,9,999,999,99,99,99,99,99,99,9999,99,9999,9,99,99,99,99,1,2,25,1,1,2,2,0,0,99,80,99,9,9,13,0,0
34,340488,1,1,1,25,12,21,20,8,0,1,0,34,1,24,401,24401,14,2008,3GSDL43N28S5,3,G,S,D,L,4,3,N,2,8,S,5,0,0,0,000000000,00000000000,0,0,0,1,0,0,0,0,0,0,0,998,0,0,0,12,8,2,8,0,0,0,1,34,8048,6,1,0,0,3,0,67,999,1,0,0,0,0,4,2013,4,2013,0,0,0,0,0,3,3,50,1,1,2,1,3,3,1,80,1,1,1,13,0,0
34,340489,1,1,1,15,12,14,34,8,0,1,0,34,1,37,31,37031,2,2012,2HGFG3B52CH5,2,H,G,F,G,3,B,5,2,C,H,5,0,0,0,000000000,00000000000,0,0,0,1,0,0,0,0,0,0,0,998,0,0,0,12,4,5,8,0,0,0,1,34,7821,6,1,0,0,3,0,68,999,0,0,0,0,0,0,0,0,0,0,0,0,0,0,1,4,25,1,2,2,1,0,0,1,80,1,1,1,13,0,0
34,340490,1,2,1,14,12,8,27,12,6,1,0,34,2,35,47,35047,4,2006,1N4BL11D86N3,1,N,4,B,L,1,1,D,8,6,N,3,0,0,0,000000000,00000000000,0,0,0,1,0,0,0,0,0,0,0,998,0,0,0,1,9,3,12,0,0,0,1,34,7753,6,1,0,0,3,0,67,999,0,1,0,0,3,2,2012,1,2014,0,6,28,0,0,2,2,50,1,3,2,1,0,0,2,8,3,4,6,64,0,0
34,340490,2,2,1,14,12,8,27,12,6,1,0,34,1,6,41,6041,4,1998,2C3HD46J5WH1,2,C,3,H,D,4,6,J,5,W,H,1,0,0,0,000000000,00000000000,0,0,0,1,0,0,0,0,0,0,0,998,0,0,0,11,9,3,12,0,0,0,1,34,7756,6,1,0,0,3,3,66,999,0,0,0,0,0,0,0,0,0,0,0,0,0,0,2,2,50,1,3,2,1,0,0,1,62,1,1,1,65,1,0
34,340491,1,1,2,3,12,17,55,8,0,1,0,34,2,12,422,12422,15,2008,1FMFK18538LA,1,F,M,F,K,1,8,5,3,8,L,A,0,0,0,000000000,00000000000,0,0,0,1,0,0,0,0,0,0,0,998,0,0,0,11,9,3,8,0,0,0,1,34,8701,6,1,0,0,3,3,70,999,0,0,0,0,0,0,0,0,0,0,0,0,0,0,1,4,40,1,1,2,2,0,0,1,80,1,1,1,13,0,0
34,340492,1,2,1,24,12,16,23,12,6,1,0,34,2,55,401,55401,14,2003,KM8SC13E43U5,K,M,8,S,C,1,3,E,4,3,U,5,0,0,0,000000000,00000000000,0,0,0,1,0,0,0,0,0,0,0,998,0,0,0,12,6,2,12,0,0,0,1,34,7825,6,1,0,0,3,0,75,999,0,0,0,0,0,0,0,0,0,0,0,0,0,0,1,2,50,2,1,2,2,0,0,14,62,2,1,1,64,0,0
34,340492,2,2,1,24,12,16,23,12,6,1,0,34,1,6,52,6052,6,2007,3A4FY48B77T5,3,A,4,F,Y,4,8,B,7,7,T,5,0,0,0,000000000,00000000000,0,0,0,1,0,0,0,0,0,0,0,998,0,0,0,4,8,2,12,0,0,0,1,34,7823,6,1,0,0,3,0,73,999,0,0,0,0,0,0,0,0,0,0,6,28,0,0,1,2,50,3,1,2,2,0,0,14,10,1,4,2,65,1,0
34,340493,1,1,1,3,5,11,45,9,0,1,0,34,1,23,431,23431,16,1999,1GKEK13R2XR9,1,G,K,E,K,1,3,R,2,X,R,9,0,0,0,000000000,00000000000,0,0,0,1,0,0,0,0,0,0,0,998,0,0,0,12,8,5,9,0,0,0,1,34,7104,6,1,0,0,3,0,68,999,0,0,0,0,0,0,0,0,0,0,36,0,0,0,1,2,25,1,1,2,1,0,0,1,83,7,1,2,13,0,0
34,340494,1,1,2,18,10,19,35,8,0,1,0,34,1,7,26,7026,4,2008,1B3LC56R78N1,1,B,3,L,C,5,6,R,7,8,N,1,0,0,0,000000000,00000000000,0,0,0,1,0,0,0,0,0,0,0,998,0,0,0,12,8,2,8,0,0,0,1,34,8226,6,1,0,0,3,3,73,999,0,0,0,0,0,0,0,0,0,0,0,0,0,0,1,2,35,1,1,2,1,0,0,1,80,1,1,1,13,0,0
34,340495,1,1,1,18,2,4,38,8,0,1,1,99,9,99,999,99999,99,9999,999999999999,9,9,9,9,9,9,9,9,9,9,9,9,9,0,99,999999999,99999999999,9,99,99,1,0,0,0,0,99,99,9,998,0,0,0,99,9,5,8,0,0,0,1,99,99999,9,9,99,9,9,9,999,999,99,99,99,99,99,99,9999,99,9999,9,0,0,0,0,1,2,25,1,1,2,3,0,0,99,82,99,9,9,13,0,0
34,340496,1,1,1,1,12,12,1,33,0,1,0,34,1,35,43,35043,4,2008,3N1AB61E88L6,3,N,1,A,B,6,1,E,8,8,L,6,0,0,0,000000000,00000000000,0,0,0,1,0,0,0,0,0,0,0,998,0,0,0,12,9,3,30,0,0,0,1,34,7932,6,1,0,0,3,3,63,999,0,0,0,1,0,10,2012,10,2012,0,28,0,0,0,1,2,35,1,2,2,1,0,0,1,13,99,1,4,1,1,0
34,340497,1,1,2,10,11,17,47,8,0,1,0,34,1,35,49,35049,6,2011,JN8AZ1MW0BW1,J,N,8,A,Z,1,M,W,0,B,W,1,0,0,0,000000000,00000000000,0,0,0,1,0,0,0,0,0,0,0,998,0,0,0,12,6,2,8,0,0,0,1,34,8330,6,1,0,0,3,0,60,999,0,0,0,0,0,0,0,0,0,0,0,0,0,0,2,4,50,1,1,2,1,3,3,1,80,1,1,1,13,0,0
34,340498,1,1,1,22,12,21,14,8,0,1,0,34,2,41,50,41050,4,2006,1YVHP80D565M,1,Y,V,H,P,8,0,D,5,6,5,M,0,0,0,000000000,00000000000,0,0,0,1,0,0,0,0,0,0,0,998,0,0,0,12,9,3,8,0,0,0,1,34,8648,6,1,0,0,3,0,72,999,1,0,0,0,4,2,2012,11,2013,0,0,0,0,0,3,2,40,1,1,2,2,3,3,1,81,1,1,1,13,0,0
34,340499,1,1,2,27,11,16,37,42,0,1,0,34,1,45,40,45040,1,2000,WP0CB2982YU6,W,P,0,C,B,2,9,8,2,Y,U,6,0,0,0,000000000,00000000000,0,0,0,1,0,0,0,0,0,0,0,998,0,0,0,3,8,2,42,0,0,0,1,34,8234,6,1,0,0,3,0,67,999,0,0,0,0,0,0,0,0,0,0,6,28,0,0,1,2,45,4,1,2,1,0,0,14,9,6,4,5,7,1,0
34,340500,1,2,1,6,12,12,59,12,7,1,0,34,1,12,471,12471,30,2009,1FTZR45E29PA,1,F,T,Z,R,4,5,E,2,9,P,A,0,0,0,000000000,00000000000,0,0,0,1,0,0,0,0,0,0,0,998,0,0,0,1,4,5,12,0,0,0,1,34,8057,6,1,0,0,3,3,73,999,0,0,0,0,0,0,0,0,0,0,6,58,0,0,3,3,55,1,2,2,2,0,0,6,6,6,2,2,46,0,0
34,340500,2,2,6,6,12,12,59,12,7,1,0,42,2,20,422,20422,15,2005,3GNFK16Z35G1,3,G,N,F,K,1,6,Z,3,5,G,1,0,0,0,000000000,00000000000,0,0,0,1,0,0,0,0,0,0,0,998,0,0,0,9,6,2,42,0,0,0,1,42,19073,6,1,0,0,3,0,70,999,0,0,0,0,0,0,0,0,0,0,0,0,0,0,3,3,55,1,2,2,2,0,0,1,60,1,1,1,45,1,0
34,340501,1,1,2,13,12,9,9,8,0,1,0,34,1,14,6,14006,4,2008,2MEHM75V58X6,2,M,E,H,M,7,5,V,5,8,X,6,0,0,0,000000000,00000000000,0,0,0,1,0,0,0,0,0,0,0,998,0,0,0,12,8,5,8,0,0,0,1,34,7410,6,1,0,0,3,0,72,999,0,0,0,0,0,0,0,0,0,0,38,0,0,0,1,2,35,1,2,2,1,0,0,1,80,1,1,1,13,0,0
34,340502,1,1,1,9,12,22,50,8,0,1,0,34,2,49,40,49040,4,2003,4T1BE32K03U6,4,T,1,B,E,3,2,K,0,3,U,6,0,0,0,000000000,00000000000,0,0,0,1,0,0,0,0,0,0,0,998,0,0,0,12,8,2,8,0,0,0,1,34,7652,6,1,0,0,3,3,62,999,1,0,0,0,0,7,2014,7,2014,0,36,0,0,0,3,2,50,1,1,2,1,0,0,1,80,1,1,1,13,0,1
34,340503,1,2,1,12,12,18,10,12,2,1,0,34,1,12,17,12017,6,2002,1FAHP58S92A2,1,F,A,H,P,5,8,S,9,2,A,2,0,0,0,000000000,00000000000,0,0,0,1,0,0,0,0,0,0,0,998,0,0,0,12,6,2,12,0,0,0,1,34,7054,6,1,0,0,3,0,72,185,0,0,0,0,0,0,0,0,0,0,28,6,0,0,3,2,50,1,2,2,1,0,0,1,12,1,1,6,98,1,0
34,340503,2,2,1,12,12,18,10,12,2,1,0,34,2,49,403,49403,14,2012,5TDBK3EH8CS1,5,T,D,B,K,3,E,H,8,C,S,1,0,0,0,000000000,00000000000,0,0,0,1,0,0,0,0,0,0,0,998,0,0,0,12,6,2,12,0,0,0,1,34,7054,6,1,0,0,3,0,63,999,0,0,0,0,1,11,2013,11,2013,0,0,0,0,0,3,2,50,1,2,2,1,0,0,1,62,1,1,1,98,0,0
34,340504,1,1,1,8,11,23,25,8,0,1,0,34,3,12,16,12016,4,2010,2FABP7BV2AX1,2,F,A,B,P,7,B,V,2,A,X,1,0,0,0,000000000,00000000000,0,0,0,1,0,0,0,0,0,0,0,998,0,0,0,1,6,2,8,0,0,0,1,34,8724,6,1,0,0,3,0,71,999,1,0,0,0,0,7,2013,7,2013,0,0,0,0,0,1,2,35,1,1,2,1,0,0,1,80,8,1,1,13,0,0
34,340505,1,1,1,11,9,0,30,17,0,1,0,34,1,53,706,53706,80,2002,JS1GN7BA9221,J,S,1,G,N,7,B,A,9,2,2,1,0,0,0,000000000,00000000000,0,0,0,1,0,0,0,0,0,0,0,998,0,0,0,99,9,3,1,0,0,0,1,34,7424,1,1,0,0,2,0,70,999,0,1,0,0,3,5,2013,4,2014,4,28,0,0,0,1,2,25,3,2,2,1,0,0,14,13,1,1,4,1,1,1
34,340506,1,1,1,16,10,19,7,8,0,1,0,34,1,37,32,37032,4,1992,1HGCB7676NA0,1,H,G,C,B,7,6,7,6,N,A,0,0,0,0,000000000,00000000000,0,0,0,1,0,0,0,0,0,0,0,998,0,0,0,12,9,3,8,0,0,0,1,34,7740,6,1,0,0,3,0,67,999,1,1,0,0,3,11,2013,9,2014,0,0,0,0,0,1,2,25,1,1,2,1,0,0,1,80,99,1,1,13,0,0
34,340507,1,1,1,16,10,7,1,8,0,1,0,34,1,34,401,34401,14,2002,5UXFB33502LH,5,U,X,F,B,3,3,5,0,2,L,H,0,0,0,000000000,00000000000,0,0,0,1,0,0,0,0,0,0,0,998,0,0,0,12,9,3,8,0,0,0,1,34,7501,6,1,0,0,3,3,63,999,0,0,0,0,0,0,0,0,0,0,0,0,0,0,1,2,25,3,2,2,2,0,0,14,80,1,1,1,13,0,0
34,340508,1,2,1,29,11,18,15,12,2,1,0,34,2,72,706,72706,80,2013,1HD1FBM17DB6,1,H,D,1,F,B,M,1,7,D,B,6,0,0,0,000000000,00000000000,0,0,0,1,0,0,0,0,0,0,0,998,0,0,0,12,6,2,12,0,0,0,1,34,8401,6,1,0,0,3,0,78,999,1,2,0,1,2,12,2012,5,2014,0,6,27,0,0,1,4,30,1,1,2,1,3,3,6,54,1,1,2,50,1,0
34,340508,2,2,2,29,11,18,15,12,2,1,0,34,1,20,36,20036,2,2005,2G1WW12E7591,2,G,1,W,W,1,2,E,7,5,9,1,0,0,0,000000000,00000000000,0,0,0,1,0,0,0,0,0,0,0,998,0,0,0,12,6,2,12,0,0,0,1,34,8037,6,1,0,0,3,0,66,999,0,0,0,0,0,0,0,0,0,0,0,0,0,0,1,4,30,1,1,2,1,3,3,1,62,1,1,1,51,0,0
34,340509,1,2,1,1,11,12,46,12,6,1,0,34,2,34,35,34035,4,1997,WBADD6322VBW,W,B,A,D,D,6,3,2,2,V,B,W,0,0,0,000000000,00000000000,0,0,0,1,0,0,0,0,0,0,0,998,0,0,0,3,9,3,12,0,0,0,1,34,8012,6,2,0,0,3,3,69,999,1,0,0,0,0,5,2014,5,2014,0,28,0,0,0,1,2,40,2,1,2,2,0,0,14,6,1,5,2,64,1,0
34,340509,2,2,1,1,11,12,46,12,6,1,0,34,2,7,472,7472,30,2004,1D7HG32N04S5,1,D,7,H,G,3,2,N,0,4,S,5,0,0,0,000000000,00000000000,0,0,0,1,0,0,0,0,0,0,0,998,0,0,0,11,9,3,12,0,0,0,1,34,8071,6,1,0,0,3,3,71,999,0,0,0,0,0,0,0,0,0,0,0,0,0,0,1,2,40,3,1,2,2,0,0,14,62,9,1,2,65,0,0
34,340510,1,1,2,9,11,22,53,33,0,1,0,34,2,42,48,42048,4,1997,WDBJF72F2VA5,W,D,B,J,F,7,2,F,2,V,A,5,0,0,0,000000000,00000000000,0,0,0,1,0,0,0,0,0,0,0,998,0,0,0,2,9,3,25,0,0,0,1,34,8859,6,1,0,0,3,0,73,999,1,0,0,0,1,6,2014,6,2014,3,36,28,0,0,3,3,50,2,2,2,1,0,0,14,13,1,1,4,1,1,1
34,340511,1,1,1,14,11,21,50,8,0,1,1,34,2,35,51,35051,6,2010,JN8AS5MV3AW1,J,N,8,A,S,5,M,V,3,A,W,1,0,0,0,000000000,00000000000,0,0,0,1,0,0,0,0,0,0,0,998,0,0,0,1,4,5,8,0,0,0,1,34,7047,1,1,0,0,1,0,999,999,0,1,0,0,3,11,2013,5,2014,3,36,28,0,0,3,2,25,4,1,2,1,0,0,14,13,1,1,4,1,0,1
34,340512,1,3,1,18,11,21,7,12,1,1,0,95,3,85,881,85881,66,2008,1XKTDB9X08J9,1,X,K,T,D,B,9,X,0,8,J,9,1,1,57,204942,57204942,3,6,1,1,0,0,0,0,0,0,0,0,0,0,0,6,6,2,2,0,0,1,1,95,0,9,9,99,9,9,9,999,999,99,99,99,99,99,99,9999,99,9999,0,0,0,0,0,3,3,65,1,1,2,1,0,0,5,98,1,1,1,98,0,0
34,340512,2,3,0,18,11,21,7,12,1,1,0,34,6,87,881,87881,66,2004,1XP7D49X54D8,1,X,P,7,D,4,9,X,5,4,D,8,1,1,57,1564143,571564143,3,6,1,1,0,0,0,0,0,0,0,0,0,0,0,6,6,2,12,0,0,1,0,0,99997,7,6,97,7,6,7,998,997,998,998,998,998,998,98,9998,98,9998,8,0,0,0,0,3,3,65,1,1,2,1,0,0,0,53,0,0,0,98,0,0
34,340512,3,3,1,18,11,21,7,12,1,1,0,24,3,82,881,82881,66,2007,1FUJA6CK17LY,1,F,U,J,A,6,C,K,1,7,L,Y,1,3,88,888888888,88888888888,3,6,1,1,0,0,0,0,0,0,0,998,0,0,0,12,6,2,2,0,0,1,1,10,19938,6,1,6,1,3,0,67,250,0,0,0,0,2,2,2012,7,2014,0,6,0,0,0,3,3,65,1,1,2,1,0,0,1,50,1,1,1,98,1,0
34,340513,1,2,2,9,12,15,32,12,8,1,0,34,2,35,473,35473,31,2005,1N6AA06B35N5,1,N,6,A,A,0,6,B,3,5,N,5,0,0,0,000000000,00000000000,0,0,0,1,0,0,0,0,0,0,0,998,0,1,5,11,6,2,1,0,0,0,1,34,8009,6,1,0,0,3,3,69,999,0,0,0,1,0,6,2013,6,2013,4,28,0,0,0,1,4,45,1,1,2,2,0,0,1,6,4,3,2,98,1,0
34,340513,2,2,2,9,12,15,32,12,8,1,0,34,2,37,31,37031,4,2008,2HGFA16508H3,2,H,G,F,A,1,6,5,0,8,H,3,0,0,0,000000000,00000000000,0,0,0,1,0,0,0,0,0,0,0,0,0,0,0,10,6,2,42,0,0,0,1,34,8094,1,1,0,0,2,3,65,999,0,5,0,0,5,2,2013,11,2014,0,0,0,0,0,0,0,0,0,0,0,0,0,0,98,68,1,1,1,98,0,0
34,340514,1,1,1,12,12,17,38,8,0,1,1,34,1,35,47,35047,4,2005,1N4AL11E25N4,1,N,4,A,L,1,1,E,2,5,N,4,0,0,0,000000000,00000000000,0,0,0,1,0,0,0,0,0,0,0,998,0,0,0,12,9,5,8,0,0,0,1,34,7036,6,1,0,0,3,0,70,999,0,0,0,0,0,0,0,0,0,0,6,0,0,0,1,4,35,1,1,2,1,0,0,1,80,99,1,1,13,0,0
34,340515,1,2,1,9,12,10,1,12,1,1,0,34,3,12,461,12461,21,2014,1FTNE1EW6EDA,1,F,T,N,E,1,E,W,6,E,D,A,0,0,0,000000000,00000000000,0,0,0,1,0,0,0,0,0,0,0,998,1,0,0,12,6,2,12,0,0,0,1,34,8094,6,1,0,0,3,0,72,999,2,0,0,0,3,3,2012,4,2014,0,0,0,0,0,2,2,65,1,1,2,2,0,0,1,51,4,1,1,24,1,0
34,340515,2,2,1,9,12,10,1,12,1,1,0,18,3,82,881,82881,66,2012,1FVXA7CG8CDB,1,F,V,X,A,7,C,G,8,C,D,B,1,1,57,264184,57264184,3,6,1,1,0,0,0,0,0,0,0,998,0,0,0,6,2,3,12,0,0,0,1,95,0,9,9,99,9,9,9,999,999,99,99,99,99,99,99,9999,99,9999,0,0,0,0,0,2,2,65,1,1,2,2,0,0,4,53,1,1,1,25,0,0
34,340516,1,1,1,2,11,20,15,8,0,1,0,34,1,37,31,37031,4,2008,2HGFA16518H5,2,H,G,F,A,1,6,5,1,8,H,5,0,0,0,000000000,00000000000,0,0,0,1,0,0,0,0,0,0,0,998,0,0,0,11,9,3,8,0,0,0,1,34,8089,6,1,0,0,3,3,61,999,0,0,0,0,1,4,2014,4,2014,0,0,0,0,0,2,2,40,1,1,2,1,0,0,1,80,1,1,1,13,0,0
34,340517,1,1,1,29,12,18,10,8,0,1,0,34,2,55,33,55033,4,2014,5NPEB4AC2EH8,5,N,P,E,B,4,A,C,2,E,H,8,0,0,0,000000000,00000000000,0,0,0,1,0,0,0,0,0,0,0,998,0,0,0,12,9,3,8,0,0,0,1,34,7747,6,1,0,0,3,0,75,999,0,0,0,0,0,0,0,0,0,0,0,0,0,0,3,2,50,1,1,2,1,3,3,1,80,1,1,1,13,0,0
34,340518,1,2,1,6,12,2,29,12,6,1,0,34,1,49,403,49403,14,2008,JTEES41A4821,J,T,E,E,S,4,1,A,4,8,2,1,0,0,0,000000000,00000000000,0,0,0,1,0,0,0,0,0,0,0,998,0,0,0,12,8,3,12,0,0,0,1,34,7012,6,1,0,0,3,3,65,999,0,0,0,0,0,0,0,0,0,0,0,0,0,0,1,2,25,1,3,2,2,0,0,1,62,1,1,1,65,0,1
34,340518,2,2,1,6,12,2,29,12,6,1,0,34,1,54,35,54035,4,2002,19UUA56842A0,1,9,U,U,A,5,6,8,4,2,A,0,0,0,0,000000000,00000000000,0,0,0,1,0,0,0,0,0,0,0,998,0,0,0,3,8,3,12,0,0,0,1,34,7305,6,1,0,0,3,0,71,999,0,0,0,0,0,0,0,0,0,0,28,0,0,0,1,2,25,1,3,2,2,0,0,1,10,99,5,2,64,1,0
34,340519,1,2,3,26,12,23,0,8,0,1,0,34,1,49,442,49442,20,2008,5TDZK23C18S1,5,T,D,Z,K,2,3,C,1,8,S,1,0,0,0,000000000,00000000000,0,0,0,1,0,0,0,0,0,0,0,998,0,0,0,12,6,2,8,0,0,0,1,34,7661,6,1,0,0,3,0,72,999,0,0,0,0,0,0,0,0,0,0,0,0,0,0,3,3,50,1,1,2,1,0,0,1,80,1,1,1,13,0,0
34,340519,2,2,1,26,12,23,0,8,0,1,0,34,2,49,53,49053,5,2009,4T3BK11A39U0,4,T,3,B,K,1,1,A,3,9,U,0,0,0,0,000000000,00000000000,0,0,0,1,0,0,0,0,0,0,0,998,0,0,0,14,9,3,8,0,0,0,1,34,7604,6,1,0,0,3,3,70,999,0,0,0,0,0,0,0,0,0,0,0,0,0,0,3,3,50,1,1,2,1,0,0,1,80,1,1,1,98,0,0
34,340520,1,1,1,18,12,12,12,33,0,1,0,34,1,51,43,51043,6,2004,YV1SW59V6423,Y,V,1,S,W,5,9,V,6,4,2,3,0,0,0,000000000,00000000000,0,0,0,1,0,0,0,0,0,0,0,998,0,0,0,14,6,2,42,0,0,0,1,34,7724,6,1,0,0,3,3,71,999,0,0,0,0,0,0,0,0,0,0,28,0,0,0,1,2,25,2,1,2,1,0,0,14,12,99,1,4,6,1,0
34,340521,1,1,1,28,12,19,4,8,0,1,0,34,3,20,27,20027,4,2012,6G1MK5U22CL6,6,G,1,M,K,5,U,2,2,C,L,6,0,0,0,000000000,00000000000,0,0,0,1,0,0,0,0,0,0,0,998,0,0,0,12,2,3,8,0,0,0,1,34,8081,6,1,0,0,3,0,69,999,1,0,0,0,1,9,2012,6,2013,0,0,0,0,0,1,2,50,1,1,2,2,0,0,1,81,2,1,1,13,0,0
34,340522,1,1,1,24,12,14,9,8,0,1,0,34,1,49,442,49442,20,2002,4T3ZF19C72U4,4,T,3,Z,F,1,9,C,7,2,U,4,0,0,0,000000000,00000000000,0,0,0,1,0,0,0,0,0,0,0,998,0,0,0,7,0,3,8,0,0,0,1,34,8701,6,1,0,0,3,3,63,999,0,0,0,0,0,0,0,0,0,0,6,0,0,0,1,2,25,4,2,1,2,0,0,13,80,1,1,7,92,0,0
34,340523,1,1,1,27,11,22,32,33,0,1,0,34,2,72,706,72706,80,2004,1HD1CGP194K4,1,H,D,1,C,G,P,1,9,4,K,4,0,0,0,000000000,00000000000,0,0,0,1,0,0,0,0,0,0,0,998,0,0,0,99,6,2,24,0,0,0,1,34,8104,1,1,0,0,2,0,72,999,4,2,0,0,5,1,2012,5,2014,4,36,28,0,0,3,3,45,3,2,2,1,0,0,3,6,99,1,4,1,1,1
34,340524,1,1,2,18,12,22,36,8,0,1,0,9,1,7,482,7482,31,2006,1D7HU18206S6,1,D,7,H,U,1,8,2,0,6,S,6,0,0,0,000000000,00000000000,0,0,0,1,0,0,0,0,0,0,0,998,0,0,0,12,9,2,8,0,0,0,1,39,44708,6,1,0,0,3,0,69,190,0,0,0,0,0,0,0,0,0,0,0,0,0,0,3,3,55,1,1,2,1,0,0,1,80,1,1,1,13,0,0
34,340525,1,3,1,3,12,21,7,8,0,1,0,34,3,12,443,12443,20,2006,2FMZA516X6BA,2,F,M,Z,A,5,1,6,X,6,B,A,0,0,0,000000000,00000000000,0,0,0,1,0,0,0,0,0,0,0,998,0,0,0,12,8,2,8,0,0,0,1,34,8077,6,1,6,0,3,0,68,999,3,0,0,0,1,6,2012,7,2014,0,0,0,0,0,3,3,50,1,1,2,1,3,3,3,80,1,1,1,13,0,0