STATE,ST_CASE,VEH_NO,VE_FORMS,NUMOCCS,DAY,MONTH,HOUR,MINUTE,HARM_EV,MAN_COLL,UNITTYPE,HIT_RUN,REG_STAT,OWNER,MAKE,MODEL,MAK_MOD,BODY_TYP,MOD_YEAR,VIN,VIN_1,VIN_2,VIN_3,VIN_4,VIN_5,VIN_6,VIN_7,VIN_8,VIN_9,VIN_10,VIN_11,VIN_12,TOW_VEH,J_KNIFE,MCARR_I1,MCARR_I2,MCARR_ID,GVWR,V_CONFIG,CARGO_BT,HAZ_INV,HAZ_PLAC,HAZ_ID,HAZ_CNO,HAZ_REL,BUS_USE,SPEC_USE,EMER_USE,TRAV_SP,UNDERIDE,ROLLOVER,ROLINLOC,IMPACT1,DEFORMED,TOWED,M_HARM,VEH_SC1,VEH_SC2,FIRE_EXP,DR_PRES,L_STATE,DR_ZIP,L_STATUS,L_TYPE,CDL_STAT,L_ENDORS,L_COMPL,L_RESTRI,DR_HGT,DR_WGT,PREV_ACC,PREV_SUS,PREV_DWI,PREV_SPD,PREV_OTH,FIRST_MO,FIRST_YR,LAST_MO,LAST_YR,SPEEDREL,DR_SF1,DR_SF2,DR_SF3,DR_SF4,VTRAFWAY,VNUM_LAN,VSPD_LIM,VALIGN,VPROFILE,VPAVETYP,VSURCOND,VTRAFCON,VTCONT_F,P_CRASH1,P_CRASH2,P_CRASH3,PCRASH4,PCRASH5,ACC_TYPE,DEATHS,DR_DRINK
35,350078,3,3,2,26,4,19,7,12,7,1,0,35,1,98,706,98706,89,2005,5J11NBJ175W0,5,J,1,1,N,B,J,1,7,5,W,0,0,0,0,000000000,00000000000,0,0,0,1,0,0,0,0,0,0,0,998,0,0,0,2,6,2,1,0,0,0,1,35,87508,6,1,0,0,3,0,67,160,98,0,0,1,0,0,0,0,0,4,6,0,0,0,2,2,55,3,1,2,2,0,0,14,11,99,1,2,48,1,1
35,350079,1,1,1,8,4,18,50,1,0,1,0,35,1,37,709,37709,88,1988,JH2MF011XJK3,J,H,2,M,F,0,1,1,X,J,K,3,0,0,0,000000000,00000000000,0,0,0,1,0,0,0,0,0,0,0,998,0,0,0,0,6,2,1,0,0,0,1,35,87110,6,1,0,0,3,0,68,145,98,0,0,0,0,0,0,0,0,0,0,0,0,0,2,5,65,1,6,2,1,0,0,1,9,99,1,1,98,1,0
35,350080,1,2,1,14,4,8,6,12,6,1,0,35,3,85,881,85881,66,2010,1XKDD4EX0AR2,1,X,K,D,D,4,E,X,0,A,R,2,1,1,57,349646,57349646,3,6,3,1,0,0,0,0,0,0,0,998,0,0,0,4,6,2,12,0,0,0,1,35,88210,6,1,6,0,3,0,67,175,98,0,0,0,0,0,0,0,0,0,47,0,0,0,2,2,65,1,1,2,1,0,0,10,51,1,1,2,74,0,0
35,350080,2,2,5,14,4,8,6,12,6,1,0,35,1,37,39,37039,5,2011,JHMGE8H56BC0,J,H,M,G,E,8,H,5,6,B,C,0,0,0,0,000000000,00000000000,0,0,0,1,0,0,0,0,0,0,0,998,0,0,0,12,6,2,12,0,0,0,1,35,88256,6,1,0,0,3,0,65,150,98,0,0,0,0,0,0,0,0,0,0,0,0,0,2,2,65,1,1,2,1,0,0,1,60,7,1,1,74,1,0
35,350081,1,1,1,25,4,20,21,8,0,1,0,35,1,23,422,23422,15,2013,1GKS2MEF0DR3,1,G,K,S,2,M,E,F,0,D,R,3,0,0,0,000000000,00000000000,0,0,0,1,0,0,0,0,0,0,0,998,0,0,0,12,2,5,8,0,0,0,1,35,88210,6,1,0,0,1,0,68,150,98,0,0,0,0,0,0,0,0,0,0,0,0,0,2,2,65,3,1,2,1,0,0,14,80,8,1,1,13,0,0
35,350082,1,2,1,2,4,7,34,12,2,1,0,35,2,20,16,20016,2,2002,1G1JC1243272,1,G,1,J,C,1,2,4,3,2,7,2,0,0,0,000000000,00000000000,0,0,0,1,0,0,0,0,0,0,0,998,0,0,0,12,6,2,12,0,0,0,1,35,87455,6,1,0,0,3,3,67,200,98,0,0,0,0,0,0,0,0,0,28,0,0,0,1,2,45,1,1,2,1,0,0,1,10,99,1,2,50,1,0
35,350082,2,2,2,2,4,7,34,12,2,1,0,35,2,7,29,7029,4,2013,1C3CDFBAXDD3,1,C,3,C,D,F,B,A,X,D,D,3,0,0,0,000000000,00000000000,0,0,0,1,0,0,0,0,0,0,0,998,0,0,0,12,6,2,12,0,0,0,1,35,87364,6,1,0,0,3,3,63,120,98,0,0,0,1,11,2013,11,2013,3,0,0,0,0,1,2,45,1,1,2,1,0,0,1,62,7,1,3,51,0,0
35,350083,1,1,1,8,4,16,45,1,0,1,0,35,1,72,706,72706,80,2005,1HD1FYW1X5Y6,1,H,D,1,F,Y,W,1,X,5,Y,6,0,0,0,000000000,00000000000,0,0,0,1,0,0,0,0,0,0,0,998,0,0,0,0,6,2,1,0,0,0,1,35,88210,6,1,0,0,3,0,70,999,98,0,0,1,0,99,9999,99,9999,0,84,0,0,0,5,2,50,1,1,2,1,0,0,1,50,9,1,2,98,1,0
35,350084,1,2,1,24,4,17,39,12,2,1,0,35,2,72,706,72706,80,2006,1HD1CGP186K4,1,H,D,1,C,G,P,1,8,6,K,4,0,0,0,000000000,00000000000,0,0,0,1,0,0,0,0,0,0,0,998,0,0,0,12,6,2,12,0,0,0,1,35,88210,6,1,0,0,3,3,69,160,98,0,0,0,1,3,2012,3,2012,0,28,0,0,0,1,2,55,2,3,2,1,28,3,14,10,99,1,2,50,1,1
35,350084,2,2,1,24,4,17,39,12,2,1,0,35,2,12,23,12023,4,2006,3FAHP07156R2,3,F,A,H,P,0,7,1,5,6,R,2,0,0,0,000000000,00000000000,0,0,0,1,0,0,0,0,0,0,0,998,0,0,0,12,6,2,12,0,0,0,1,35,88220,6,1,0,0,3,3,65,100,98,0,0,3,0,3,2013,7,2013,0,0,0,0,0,2,2,55,3,3,2,1,28,3,14,62,3,1,1,51,0,0
35,350085,1,1,2,25,4,1,33,1,0,1,0,35,1,6,51,6051,4,2008,2C3LA73W28H2,2,C,3,L,A,7,3,W,2,8,H,2,0,0,0,000000000,00000000000,0,0,0,1,0,0,0,0,0,0,0,998,0,1,6,0,6,2,1,0,0,0,1,35,87031,6,1,0,0,3,0,74,190,98,0,0,0,0,0,0,0,0,4,0,0,0,0,4,1,30,2,2,2,1,0,0,14,12,99,1,5,6,1,0
35,350086,1,2,1,7,4,18,5,12,98,1,0,4,1,20,461,20461,21,1990,2GCEG25K7L41,2,G,C,E,G,2,5,K,7,L,4,1,0,0,0,000000000,00000000000,0,0,0,1,0,0,0,0,0,0,0,998,0,0,0,98,6,2,12,0,0,0,1,4,86004,6,1,6,0,3,0,68,140,0,0,0,0,0,0,0,0,0,0,28,0,0,0,1,2,65,1,1,2,1,0,0,1,10,99,1,2,99,1,0
35,350086,2,2,1,7,4,18,5,12,98,1,0,49,2,87,881,87881,66,2013,1XPHD49X3DD1,1,X,P,H,D,4,9,X,3,D,D,1,1,1,57,306411,57306411,3,6,98,1,0,0,0,0,0,0,0,998,0,0,0,62,6,2,12,0,0,0,1,35,87420,6,1,6,1,3,0,70,185,98,0,0,0,0,0,0,0,0,0,0,0,0,0,1,2,98,1,1,2,1,0,0,1,62,7,1,2,99,0,0
35,350087,1,1,2,26,4,7,0,30,0,1,0,35,1,20,481,20481,31,1996,1GCEK19R6TE1,1,G,C,E,K,1,9,R,6,T,E,1,0,0,0,000000000,00000000000,0,0,0,1,0,0,0,0,0,0,0,998,0,0,0,12,6,2,30,0,0,0,1,35,87022,6,1,0,0,1,0,60,168,98,0,0,0,0,0,0,0,0,0,0,0,0,0,5,4,50,1,1,2,1,0,0,1,13,1,1,4,1,1,1
35,350088,1,1,1,10,4,20,33,8,0,1,0,35,1,53,34,53034,4,2008,KL5JD56Z78K9,K,L,5,J,D,5,6,Z,7,8,K,9,0,0,0,000000000,00000000000,0,0,0,1,0,0,0,0,0,0,0,998,0,0,0,12,4,3,8,0,0,0,1,35,87417,6,1,0,0,3,0,64,210,98,0,0,0,0,0,0,0,0,0,0,0,0,0,5,4,98,1,1,2,1,0,0,1,80,1,1,1,13,0,0
35,350089,1,1,1,2,5,15,40,1,0,1,0,35,2,12,13,12013,2,1999,3FAKP1131XR2,3,F,A,K,P,1,1,3,1,X,R,2,0,0,0,000000000,00000000000,0,0,0,1,0,0,0,0,0,0,0,998,0,1,3,0,6,2,1,0,0,0,1,35,87109,6,1,0,0,3,0,66,145,98,0,0,0,0,0,0,0,0,5,0,0,0,0,2,2,70,1,1,2,1,0,0,1,10,99,1,4,6,1,1
35,350090,1,1,1,3,5,18,45,1,0,1,0,35,2,7,482,7482,31,2007,3D7MX49C07G7,3,D,7,M,X,4,9,C,0,7,G,7,0,0,0,000000000,00000000000,0,0,0,1,0,0,0,0,0,0,0,998,0,2,5,0,6,2,1,0,0,0,1,35,87829,6,1,0,0,3,0,62,120,98,0,0,0,0,99,9999,99,9999,0,0,0,0,0,1,2,65,3,1,2,1,0,0,14,10,99,1,4,6,1,1
35,350091,1,1,3,4,5,21,29,1,0,1,0,35,1,12,481,12481,31,2004,1FTSW31P74EB,1,F,T,S,W,3,1,P,7,4,E,B,0,0,0,000000000,00000000000,0,0,0,1,0,0,0,0,0,0,0,997,0,2,5,0,6,2,1,0,0,0,1,35,87930,6,1,6,0,3,1,68,140,98,0,0,0,0,99,9999,99,9999,4,58,0,0,0,1,2,45,2,3,2,1,0,0,14,13,1,1,4,1,1,1
35,350092,1,1,3,7,5,20,45,9,0,1,0,4,2,35,50,35050,4,2013,3N1CN7AP0DL8,3,N,1,C,N,7,A,P,0,D,L,8,0,0,0,000000000,00000000000,0,0,0,1,0,0,0,0,0,0,0,998,0,0,0,12,6,2,9,0,0,0,1,93,0,1,1,0,0,2,0,64,175,0,0,0,0,0,0,0,0,0,0,0,0,0,0,2,2,65,1,1,2,1,0,0,1,83,1,1,1,13,0,0
35,350093,1,1,2,9,5,22,55,24,0,1,0,35,1,72,706,72706,80,2007,1HD1JD5107Y0,1,H,D,1,J,D,5,1,0,7,Y,0,0,0,0,000000000,00000000000,0,0,0,1,0,0,0,0,0,0,0,998,0,0,0,12,4,3,24,0,0,0,1,35,87718,6,1,0,0,3,0,66,128,98,0,0,0,0,99,9999,99,9999,0,0,0,0,0,1,2,45,3,1,2,1,28,3,14,13,99,1,4,1,2,1
35,350094,1,1,2,2,5,19,9,11,0,1,0,35,1,22,22,22022,4,2008,1G2ZF57B5841,1,G,2,Z,F,5,7,B,5,8,4,1,0,0,0,000000000,00000000000,0,0,0,1,0,0,0,0,0,0,0,998,0,0,0,12,6,2,11,0,0,0,1,35,87551,6,1,0,0,1,0,63,135,98,0,0,0,0,0,0,0,0,0,0,0,0,0,1,2,55,1,2,2,1,0,0,1,88,1,1,1,13,1,0
35,350095,1,1,1,29,1,18,28,1,0,1,0,35,1,12,401,12401,14,2001,1FMYU60E91UB,1,F,M,Y,U,6,0,E,9,1,U,B,0,0,0,000000000,00000000000,0,0,0,1,0,0,0,0,0,0,0,998,0,1,2,0,6,2,1,0,0,0,1,35,87312,6,1,0,0,3,1,64,140,98,0,0,0,0,0,0,0,0,3,58,0,0,0,1,2,45,1,1,2,1,0,0,1,13,6,1,4,98,1,1
35,350097,1,2,3,5,5,3,38,12,1,1,0,6,2,14,38,14038,2,1999,1ZWFT61L8X56,1,Z,W,F,T,6,1,L,8,X,5,6,0,0,0,000000000,00000000000,0,0,0,1,0,0,0,0,0,0,0,998,0,1,5,6,6,2,1,0,0,0,1,6,94536,3,1,0,0,2,0,62,130,0,0,0,0,0,0,0,0,0,0,0,0,0,0,2,2,75,1,1,2,1,0,0,1,53,1,1,4,25,2,0
35,350097,2,2,1,5,5,3,38,12,1,1,0,93,3,51,881,51881,66,2011,4V4NC9TH2BN5,4,V,4,N,C,9,T,H,2,B,N,5,1,1,35,0313891,350313891,3,6,1,1,0,0,0,0,0,0,0,998,0,0,0,12,6,2,2,0,0,1,1,4,85143,6,1,6,3,3,0,65,190,0,0,0,0,1,8,2011,8,2011,0,0,0,0,0,2,2,75,1,1,2,1,0,0,1,51,99,1,4,24,0,0
35,350098,1,1,4,15,5,20,27,8,0,1,0,35,1,23,481,23481,31,2009,1GTHK59K39E1,1,G,T,H,K,5,9,K,3,9,E,1,0,0,0,000000000,00000000000,0,0,0,1,0,0,0,0,0,0,0,998,0,0,0,12,2,5,8,0,0,0,1,35,87402,6,1,0,0,3,0,68,160,98,0,0,0,0,0,0,0,0,0,0,0,0,0,2,3,98,1,1,2,1,0,0,1,80,1,1,1,13,0,0
35,350099,1,1,1,3,5,10,23,1,0,1,0,35,1,53,705,53705,80,2004,JS1GN7CA8421,J,S,1,G,N,7,C,A,8,4,2,1,0,0,0,000000000,00000000000,0,0,0,1,0,0,0,0,0,0,0,998,0,0,0,0,6,2,1,0,0,0,1,35,87002,6,1,0,0,3,0,71,156,98,0,0,2,0,10,2013,1,2014,5,0,0,0,0,1,2,25,1,1,2,1,20,3,1,6,99,1,5,98,1,0
35,350100,1,1,4,9,5,21,35,1,0,1,0,35,1,13,421,13421,15,2001,5LMEU27R11LJ,5,L,M,E,U,2,7,R,1,1,L,J,0,0,0,000000000,00000000000,0,0,0,1,0,0,0,0,0,0,0,998,0,2,5,0,6,2,1,0,0,0,1,35,88062,1,1,0,0,2,0,64,163,98,2,0,1,0,7,2012,2,2014,0,0,0,0,0,2,2,75,1,1,2,1,0,0,15,11,6,1,4,1,1,0
35,350101,1,1,1,20,5,19,52,1,0,1,0,35,1,12,422,12422,15,1997,1FMEU18W8VLA,1,F,M,E,U,1,8,W,8,V,L,A,0,0,0,000000000,00000000000,0,0,0,1,0,0,0,0,0,0,0,998,0,2,5,0,6,2,1,0,0,0,1,35,87301,6,1,0,0,3,3,73,275,98,0,0,0,0,99,9999,99,9999,5,0,0,0,0,1,2,65,4,2,2,1,0,0,14,19,99,1,4,1,1,0
35,350102,1,1,99,26,5,23,55,8,0,1,1,99,9,99,399,99399,9,9999,999999999999,9,9,9,9,9,9,9,9,9,9,9,9,9,0,0,000000000,00000000000,0,0,0,1,0,0,0,0,0,99,9,998,0,0,0,12,9,5,8,99,99,0,1,99,99999,9,9,99,9,9,9,999,999,99,99,99,99,99,99,9999,99,9999,9,0,0,0,0,2,2,75,1,1,2,1,0,0,99,80,99,9,9,13,0,0
35,350103,1,1,1,3,5,20,56,1,0,1,0,35,1,72,706,72706,80,2004,1HD1BXB114Y0,1,H,D,1,B,X,B,1,1,4,Y,0,0,0,0,000000000,00000000000,0,0,0,1,0,0,0,0,0,0,0,998,0,0,0,0,6,2,1,0,0,0,1,35,87509,6,1,0,0,3,0,71,200,98,0,0,0,0,99,9999,99,9999,0,0,0,0,0,1,2,50,3,2,2,1,0,0,14,13,99,1,4,1,1,0
35,350104,1,1,2,20,5,6,5,1,0,1,0,35,2,23,481,23481,31,2006,1GTHK39D16E2,1,G,T,H,K,3,9,D,1,6,E,2,0,0,0,000000000,00000000000,0,0,0,1,0,0,0,0,0,0,0,998,0,1,1,0,6,2,1,0,0,0,1,35,87401,6,1,0,0,3,3,70,220,98,0,0,0,0,0,0,0,0,0,0,0,0,0,2,2,50,1,2,2,1,0,0,1,11,9,5,2,98,1,0
35,350105,1,2,1,17,5,8,38,12,6,1,0,35,2,23,481,23481,31,2008,1GTJK336X8F1,1,G,T,J,K,3,3,6,X,8,F,1,1,1,0,000000000,00000000000,0,0,0,1,0,0,0,0,0,0,0,998,0,1,1,12,6,2,12,0,0,0,1,35,88260,6,1,0,0,1,0,69,170,98,0,0,1,0,99,9999,99,9999,3,28,0,0,0,1,2,55,3,1,2,1,0,0,14,10,1,1,2,64,1,1
35,350105,2,2,1,17,5,8,38,12,6,1,0,48,3,86,881,86881,66,2011,1M2AX04YXBM0,1,M,2,A,X,0,4,Y,X,B,M,0,1,1,35,949200,35949200,3,6,6,1,0,0,0,0,0,0,0,998,0,0,0,63,6,2,12,0,0,0,1,48,79938,6,1,6,3,3,3,999,999,0,0,0,0,0,0,0,0,0,0,0,0,0,0,1,2,55,3,1,2,1,0,0,14,62,3,2,2,65,0,0
35,350106,1,1,2,24,5,23,2,8,0,1,0,35,2,20,441,20441,20,1998,1GCEK19R3WE1,1,G,C,E,K,1,9,R,3,W,E,1,0,0,0,000000000,00000000000,0,0,0,1,0,0,0,0,0,0,0,998,0,0,0,12,4,3,8,0,0,0,1,4,86505,6,1,0,0,3,1,61,147,0,0,0,0,0,0,0,0,0,0,0,0,0,0,5,4,40,1,1,2,1,0,0,1,80,99,1,2,13,0,0
35,350107,1,1,1,24,5,20,34,8,0,1,1,35,1,12,481,12481,31,1997,1FTEX17L0VKC,1,F,T,E,X,1,7,L,0,V,K,C,0,0,0,000000000,00000000000,0,0,0,1,0,0,0,0,0,0,0,998,0,0,0,12,4,3,8,0,0,0,1,35,88260,1,1,0,0,2,0,64,210,98,1,0,0,0,2,2013,2,2013,0,86,0,0,0,5,4,50,1,1,2,1,0,0,1,82,1,1,1,13,0,1
35,350108,1,1,1,6,3,16,55,32,0,1,0,35,2,22,441,22441,20,1997,1GMDX03E5VD2,1,G,M,D,X,0,3,E,5,V,D,2,0,0,0,000000000,00000000000,0,0,0,1,0,0,0,0,0,0,0,998,0,1,5,1,6,2,1,0,0,0,1,4,87375,6,1,0,0,3,0,73,150,0,0,0,0,0,0,0,0,0,3,48,0,0,0,2,2,99,3,1,2,1,28,3,14,10,3,2,4,98,1,0
35,350109,1,1,2,18,5,21,13,1,0,1,0,35,2,98,739,98739,90,2002,4XABA25C0226,4,X,A,B,A,2,5,C,0,2,2,6,0,0,0,000000000,00000000000,0,0,0,1,0,0,0,0,0,0,0,998,0,2,5,0,2,5,1,0,0,0,1,35,87001,6,1,0,0,3,0,70,140,98,0,0,0,0,99,9999,99,9999,0,58,0,0,0,1,2,98,1,1,5,1,0,0,1,12,99,1,5,6,1,1
35,350110,2,1,1,31,5,15,34,14,0,1,0,35,2,20,403,20403,14,2003,1GNDS13S4321,1,G,N,D,S,1,3,S,4,3,2,1,0,0,0,000000000,00000000000,0,0,0,1,0,0,0,0,0,0,0,998,0,0,0,12,6,2,14,0,0,0,1,35,87120,6,1,0,0,3,0,70,145,98,0,0,0,0,99,9999,99,9999,5,0,0,0,0,2,2,65,1,1,2,1,0,0,1,90,6,1,4,11,1,0
35,350111,1,2,2,29,5,19,23,12,2,1,0,35,1,24,7,24007,4,2007,1G8AV15F77Z1,1,G,8,A,V,1,5,F,7,7,Z,1,1,1,0,000000000,00000000000,0,0,0,1,0,0,0,0,0,0,0,998,0,0,0,12,6,2,12,0,0,0,1,35,88220,6,1,0,0,3,1,66,145,98,1,3,1,0,5,2013,5,2013,5,28,0,0,0,1,2,55,1,1,2,1,0,0,1,10,99,1,2,50,1,0
35,350111,2,2,1,29,5,19,23,12,2,1,0,48,3,82,881,82881,66,2006,1FUJBBCK16LU,1,F,U,J,B,B,C,K,1,6,L,U,1,1,57,2451190,572451190,3,19,98,1,0,0,0,0,0,0,0,998,0,0,0,12,6,2,12,0,0,0,1,48,77530,6,1,6,0,3,0,999,999,0,0,0,0,0,0,0,0,0,0,0,0,0,0,1,2,55,1,1,2,1,0,0,1,62,2,1,1,51,0,0
35,350112,1,1,1,6,3,19,50,8,0,1,0,35,1,7,482,7482,31,2013,3C6JR6AT4DG5,3,C,6,J,R,6,A,T,4,D,G,5,0,0,0,000000000,00000000000,0,0,0,1,0,0,0,0,0,0,0,998,0,0,0,12,6,2,8,0,0,0,1,35,87375,6,1,0,0,3,0,999,999,99,99,99,99,99,99,9999,99,9999,0,0,0,0,0,2,2,55,1,1,2,1,0,0,1,80,1,1,1,13,0,0
35,350113,1,8,2,22,5,17,17,12,1,1,0,13,1,59,401,59401,14,2002,JTJGF10U5201,J,T,J,G,F,1,0,U,5,2,0,1,0,0,0,000000000,00000000000,0,0,0,1,0,0,0,0,0,0,0,998,0,0,0,6,2,5,12,0,0,0,1,13,30033,6,1,0,0,3,3,71,195,98,0,0,0,0,0,0,0,0,0,0,0,0,0,2,2,75,1,1,2,1,0,0,1,53,1,1,1,98,0,0
35,350113,2,8,2,22,5,17,17,12,1,1,0,41,1,82,850,82850,65,2003,4UZAAHBV73CL,4,U,Z,A,A,H,B,V,7,3,C,L,0,0,0,000000000,00000000000,0,0,0,1,0,0,0,0,0,0,0,998,0,0,0,12,6,2,12,0,0,0,1,29,63376,6,1,6,0,3,3,999,999,0,0,0,0,0,0,0,0,0,0,0,0,0,0,2,2,75,1,1,2,1,0,0,1,51,1,1,1,98,0,0
35,350113,3,8,1,22,5,17,17,12,1,1,0,4,1,42,43,42043,4,2013,WDDNG7DB2DA5,W,D,D,N,G,7,D,B,2,D,A,5,0,0,0,000000000,00000000000,0,0,0,1,0,0,0,0,0,0,0,998,0,0,0,6,6,2,12,0,0,1,1,4,85704,6,1,0,0,3,0,62,140,0,0,0,0,0,0,0,0,0,0,0,0,0,0,2,2,75,1,1,2,1,0,0,2,53,1,1,1,98,1,0
35,350113,4,8,2,22,5,17,17,12,1,1,0,22,3,84,881,84881,66,2013,3HSDJSJR7DN1,3,H,S,D,J,S,J,R,7,D,N,1,1,1,57,29124,5729124,3,6,1,1,0,0,0,0,0,0,0,998,0,0,0,12,6,2,12,0,0,1,1,51,24577,6,1,6,0,3,0,72,360,0,0,0,0,0,0,0,0,0,0,0,0,0,0,2,2,75,1,1,2,1,0,0,2,50,1,1,1,98,0,0
35,350113,5,8,1,22,5,17,17,12,1,1,0,13,2,51,881,51881,66,2014,4V4NC9EH4EN1,4,V,4,N,C,9,E,H,4,E,N,1,1,1,57,24815523,5724815523,3,6,1,1,0,0,0,0,0,0,0,998,0,0,0,12,6,2,12,0,0,1,1,1,36010,6,1,6,9,3,3,73,204,0,0,0,1,0,12,2012,12,2012,0,0,0,0,0,2,2,75,1,1,2,1,0,0,1,51,1,1,1,98,0,0
35,350113,6,8,3,22,5,17,17,12,1,1,0,39,2,12,461,12461,21,1995,1FDEE14N7SHB,1,F,D,E,E,1,4,N,7,S,H,B,0,0,0,000000000,00000000000,0,0,0,1,0,0,0,0,0,0,0,998,0,0,0,12,6,2,12,0,0,1,1,99,99999,9,9,99,9,9,9,999,999,99,99,99,99,99,99,9999,99,9999,0,99,99,99,99,2,2,75,1,1,2,1,0,0,1,51,1,1,1,98,3,0
35,350113,7,8,3,22,5,17,17,12,1,1,0,4,2,37,31,37031,4,2002,1HGES26702L0,1,H,G,E,S,2,6,7,0,2,L,0,0,0,0,000000000,00000000000,0,0,0,1,0,0,0,0,0,0,0,998,0,0,0,12,6,2,12,0,0,1,1,4,85741,6,1,0,0,3,0,72,260,0,1,0,1,0,2,2014,2,2014,0,0,0,0,0,2,2,75,1,1,2,1,0,0,1,51,1,1,1,98,3,0
35,350113,8,8,2,22,5,17,17,12,1,1,0,18,3,51,881,51881,66,2009,4V4NC9TG29N2,4,V,4,N,C,9,T,G,2,9,N,2,1,1,57,989784,57989784,3,6,3,1,0,0,0,0,0,0,0,998,0,0,0,12,6,2,12,0,0,1,1,27,55454,6,1,6,3,3,0,74,178,0,0,0,0,0,0,0,0,0,0,0,0,0,0,2,2,75,1,1,2,1,0,0,2,51,1,1,1,98,0,0
35,350114,1,2,2,17,5,1,1,12,99,1,0,35,1,52,46,52046,4,2010,JA32U2FU3AU0,J,A,3,2,U,2,F,U,3,A,U,0,0,0,0,000000000,00000000000,0,0,0,1,0,0,0,0,0,0,0,998,0,1,5,99,6,2,1,0,0,0,1,35,87068,6,1,0,0,3,0,73,155,98,3,0,3,1,9,2011,12,2013,3,58,0,0,0,2,2,55,1,1,2,1,0,0,15,51,7,9,2,99,1,1
35,350114,2,2,1,17,5,1,1,12,99,1,1,99,9,99,999,99999,99,9999,999999999999,9,9,9,9,9,9,9,9,9,9,9,9,9,0,99,999999999,99999999999,9,99,99,1,0,0,0,0,99,99,9,998,9,0,0,99,9,9,99,99,99,0,1,99,99999,9,9,99,9,9,9,999,999,99,99,99,99,99,99,9999,99,9999,9,99,99,99,99,2,2,55,1,1,2,1,0,0,99,99,99,9,9,99,0,0
35,350115,1,2,2,3,5,13,49,12,7,1,0,12,3,72,706,72706,80,2013,1HD1KBM13DB6,1,H,D,1,K,B,M,1,3,D,B,6,0,0,0,000000000,00000000000,0,0,0,1,0,0,0,0,0,0,0,998,0,0,0,81,6,2,12,0,0,0,1,97,0,9,9,99,0,9,9,999,999,99,99,99,99,99,99,9999,99,9999,0,78,27,0,0,2,2,75,1,1,2,1,0,0,6,9,99,1,2,98,1,0
35,350115,2,2,1,3,5,13,49,12,7,1,1,99,9,99,884,99884,66,9999,999999999999,9,9,9,9,9,9,9,9,9,9,9,9,1,1,99,999999999,99999999999,3,6,1,1,0,0,0,0,0,99,0,998,0,0,0,63,9,5,12,99,99,0,1,99,99999,9,9,99,9,9,9,999,999,99,99,99,99,99,99,9999,99,9999,9,99,99,99,99,2,2,75,1,1,2,1,0,0,1,60,1,1,1,98,0,0
35,350116,1,2,4,30,5,20,22,12,6,1,0,35,2,55,35,55035,4,2014,5NPDH4AE9EH5,5,N,P,D,H,4,A,E,9,E,H,5,0,0,0,000000000,00000000000,0,0,0,1,0,0,0,0,0,0,0,998,0,0,0,9,6,2,12,0,0,0,1,35,87119,6,1,0,0,3,3,67,140,98,0,0,0,0,0,0,0,0,0,38,39,0,0,1,2,65,1,1,2,1,20,3,1,17,99,1,1,89,1,0
35,350116,2,2,1,30,5,20,22,12,6,1,0,35,2,20,481,20481,31,2013,1GC2CVCG9DZ3,1,G,C,2,C,V,C,G,9,D,Z,3,0,0,0,000000000,00000000000,0,0,0,1,0,0,0,0,0,0,0,998,0,0,0,12,6,2,12,0,0,0,1,35,87013,6,1,0,0,3,0,69,245,98,0,0,1,0,4,2013,4,2013,0,0,0,0,0,1,2,55,1,1,2,1,0,0,1,66,99,1,1,88,0,0
35,350117,1,2,1,16,5,16,41,12,8,1,0,4,2,12,3,12003,2,1999,1FAFP4046XF1,1,F,A,F,P,4,0,4,6,X,F,1,0,0,0,000000000,00000000000,0,0,0,1,0,0,0,0,0,0,0,998,0,0,0,61,6,2,12,0,0,0,1,4,86504,0,0,0,0,0,0,64,143,99,99,99,99,99,99,9999,99,9999,0,35,0,0,0,1,2,65,1,1,2,1,0,0,6,10,99,1,2,64,1,0
35,350117,2,2,1,16,5,16,41,12,8,1,0,35,3,85,881,85881,66,2007,1XKTD49X57J1,1,X,K,T,D,4,9,X,5,7,J,1,1,1,57,00779490,5700779490,3,6,98,1,0,0,0,0,0,0,0,998,0,0,0,61,6,2,12,0,0,1,1,96,88063,9,9,99,9,9,9,999,999,99,99,99,99,99,99,9999,99,9999,0,0,0,0,0,1,2,65,1,1,2,1,0,0,1,62,1,1,1,65,0,0
35,350118,1,1,1,4,5,22,0,8,0,1,1,99,9,6,999,6999,49,9999,999999999999,9,9,9,9,9,9,9,9,9,9,9,9,9,0,0,000000000,00000000000,0,0,0,1,0,0,0,0,99,99,9,998,0,0,0,12,9,5,8,99,99,0,1,99,99999,9,9,99,9,9,9,999,999,99,99,99,99,99,99,9999,99,9999,9,99,99,99,99,2,3,45,1,1,2,1,0,0,99,80,99,9,9,13,0,0