STATE,ST_CASE,VEH_NO,VE_FORMS,NUMOCCS,DAY,MONTH,HOUR,MINUTE,HARM_EV,MAN_COLL,UNITTYPE,HIT_RUN,REG_STAT,OWNER,MAKE,MODEL,MAK_MOD,BODY_TYP,MOD_YEAR,VIN,VIN_1,VIN_2,VIN_3,VIN_4,VIN_5,VIN_6,VIN_7,VIN_8,VIN_9,VIN_10,VIN_11,VIN_12,TOW_VEH,J_KNIFE,MCARR_I1,MCARR_I2,MCARR_ID,GVWR,V_CONFIG,CARGO_BT,HAZ_INV,HAZ_PLAC,HAZ_ID,HAZ_CNO,HAZ_REL,BUS_USE,SPEC_USE,EMER_USE,TRAV_SP,UNDERIDE,ROLLOVER,ROLINLOC,IMPACT1,DEFORMED,TOWED,M_HARM,VEH_SC1,VEH_SC2,FIRE_EXP,DR_PRES,L_STATE,DR_ZIP,L_STATUS,L_TYPE,CDL_STAT,L_ENDORS,L_COMPL,L_RESTRI,DR_HGT,DR_WGT,PREV_ACC,PREV_SUS,PREV_DWI,PREV_SPD,PREV_OTH,FIRST_MO,FIRST_YR,LAST_MO,LAST_YR,SPEEDREL,DR_SF1,DR_SF2,DR_SF3,DR_SF4,VTRAFWAY,VNUM_LAN,VSPD_LIM,VALIGN,VPROFILE,VPAVETYP,VSURCOND,VTRAFCON,VTCONT_F,P_CRASH1,P_CRASH2,P_CRASH3,PCRASH4,PCRASH5,ACC_TYPE,DEATHS,DR_DRINK
35,350119,1,1,1,2,5,0,11,8,0,1,1,99,9,99,999,99999,99,9999,999999999999,9,9,9,9,9,9,9,9,9,9,9,9,9,0,99,999999999,99999999999,9,99,99,1,0,0,0,0,99,99,9,999,0,0,0,12,9,9,8,0,0,0,1,99,99999,9,9,99,9,9,9,999,999,99,99,99,99,99,99,9999,99,9999,9,99,99,99,99,3,3,99,1,1,2,1,0,0,99,19,99,1,9,13,0,0
35,350120,1,2,1,24,5,11,18,12,6,1,0,35,1,20,481,20481,31,2013,1GC1KXCG4DF1,1,G,C,1,K,X,C,G,4,D,F,1,0,0,0,000000000,00000000000,0,0,0,1,0,0,0,0,0,0,0,998,0,0,0,1,6,2,12,0,0,0,1,35,88220,6,1,6,1,3,0,77,290,98,0,0,4,0,0,0,0,0,0,38,0,0,0,2,2,70,1,1,2,2,0,0,11,17,99,1,2,76,1,0
35,350120,2,2,2,24,5,11,18,12,6,1,0,93,3,86,881,86881,66,2008,1M2AX04Y18M0,1,M,2,A,X,0,4,Y,1,8,M,0,1,1,57,1854486,571854486,3,6,1,1,0,0,0,0,0,0,0,998,0,0,0,12,6,2,12,0,0,0,1,48,79550,6,1,6,1,3,3,999,999,0,0,0,0,0,0,0,0,0,0,0,0,0,0,2,2,70,1,1,2,2,0,0,1,65,3,1,2,77,0,0
35,350121,1,2,1,24,5,14,55,54,11,1,0,35,1,20,498,20498,15,1999,1GBJC34R4XF0,1,G,B,J,C,3,4,R,4,X,F,0,0,0,0,000000000,00000000000,0,0,0,1,0,0,0,0,0,0,0,998,0,0,0,18,6,2,54,0,0,0,1,35,87110,6,1,0,0,3,3,69,180,98,0,0,0,0,0,0,0,0,0,0,0,0,0,3,4,65,1,1,2,1,0,0,1,51,1,1,1,98,0,0
35,350121,2,2,2,24,5,14,55,54,11,1,0,35,1,72,706,72706,80,2014,1HD1TEN11EB9,1,H,D,1,T,E,N,1,1,E,B,9,0,0,0,000000000,00000000000,0,0,0,1,0,0,0,0,0,0,0,998,0,0,0,12,6,2,54,0,0,0,1,35,87112,6,1,0,0,3,3,69,108,98,0,0,0,0,99,9999,99,9999,0,0,0,0,0,3,4,65,1,1,2,1,0,0,1,50,99,1,1,98,1,1
35,350122,1,2,3,2,5,23,35,12,7,1,0,35,2,20,16,20016,4,1997,1G1JC5245V71,1,G,1,J,C,5,2,4,5,V,7,1,0,0,0,000000000,00000000000,0,0,0,1,0,0,0,0,0,0,0,998,0,0,0,7,6,2,12,0,0,0,1,35,88339,6,1,0,0,3,0,63,115,98,0,0,0,0,99,9999,99,9999,0,0,0,0,0,1,4,35,1,1,2,1,3,3,1,60,1,1,1,48,0,0
35,350122,2,2,1,2,5,23,35,12,7,1,0,35,2,12,6,12006,4,1986,2FABP43F6GX1,2,F,A,B,P,4,3,F,6,G,X,1,0,0,0,000000000,00000000000,0,0,0,1,0,0,0,0,0,0,0,998,0,0,0,1,6,2,12,0,0,0,1,35,88310,6,1,0,0,3,0,66,188,98,0,0,0,0,99,9999,99,9999,3,0,0,0,0,1,4,35,1,1,2,1,3,3,15,11,8,1,2,48,1,0
35,350123,1,1,1,28,6,4,28,1,0,1,0,35,1,7,482,7482,31,2001,3B7KF23681G2,3,B,7,K,F,2,3,6,8,1,G,2,0,0,0,000000000,00000000000,0,0,0,1,0,0,0,0,0,0,0,998,0,1,2,0,6,2,1,0,0,0,1,35,87035,6,1,6,0,3,0,73,180,98,0,0,0,0,0,0,0,0,0,0,0,0,0,1,2,55,1,1,2,1,0,0,1,11,6,2,4,98,1,0
35,350124,1,1,1,6,6,19,9,9,0,1,1,35,1,12,16,12016,4,1984,1FABP43F1EZ1,1,F,A,B,P,4,3,F,1,E,Z,1,0,0,0,000000000,00000000000,0,0,0,1,0,0,0,0,0,0,0,998,0,0,0,12,4,5,9,0,0,0,1,35,87016,1,1,0,0,2,0,69,130,98,1,0,1,0,12,2013,1,2014,0,6,0,0,0,1,2,45,1,1,2,1,28,3,99,99,99,9,9,13,0,0
35,350125,1,1,1,11,4,13,47,8,0,1,0,35,1,7,482,7482,31,1995,3B7HC13Z4SM1,3,B,7,H,C,1,3,Z,4,S,M,1,0,0,0,000000000,00000000000,0,0,0,1,0,0,0,0,0,0,0,998,0,0,0,12,2,5,8,0,0,0,1,35,87108,6,1,0,0,3,0,69,155,98,0,0,0,0,0,0,0,0,0,0,0,0,0,1,2,35,1,1,2,1,2,3,11,80,7,1,1,13,0,0
35,350126,1,1,1,5,4,19,27,1,0,1,0,35,1,20,473,20473,30,2006,1GCDT1487683,1,G,C,D,T,1,4,8,7,6,8,3,0,0,0,000000000,00000000000,0,0,0,1,0,0,0,0,0,0,0,998,0,1,5,0,6,2,1,0,0,0,1,35,87105,6,1,0,0,3,0,64,185,98,0,0,0,0,0,0,0,0,5,58,0,0,0,1,2,40,1,2,2,1,0,0,1,13,3,1,4,1,1,1
35,350127,1,2,1,23,6,7,6,12,2,1,0,35,2,48,401,48401,14,1998,JF1SF6357WH7,J,F,1,S,F,6,3,5,7,W,H,7,0,0,0,000000000,00000000000,0,0,0,1,0,0,0,0,0,0,0,998,0,0,0,12,6,2,12,0,0,0,1,35,87105,0,0,0,0,0,0,67,185,98,0,0,0,0,0,0,0,0,0,38,0,0,0,1,5,45,1,1,2,1,0,0,1,10,1,1,2,50,1,0
35,350127,2,2,1,23,6,7,6,12,2,1,0,35,3,23,481,23481,31,1994,2GTEC19K8R15,2,G,T,E,C,1,9,K,8,R,1,5,0,0,0,000000000,00000000000,0,0,0,1,0,0,0,0,0,0,0,998,0,0,0,12,6,2,12,0,0,0,1,99,99999,9,9,99,9,9,9,999,999,99,99,99,99,99,99,9999,99,9999,0,0,0,0,0,1,5,45,1,1,2,1,0,0,1,62,4,1,1,51,0,0
35,350128,1,1,1,4,6,16,5,1,0,1,0,35,1,12,471,12471,30,2006,1FTYR14U26PA,1,F,T,Y,R,1,4,U,2,6,P,A,0,0,0,000000000,00000000000,0,0,0,1,0,0,0,0,0,0,0,997,0,2,3,0,6,2,1,0,0,0,1,35,87121,6,1,0,0,3,0,68,170,98,0,0,0,0,99,9999,99,9999,0,80,0,0,0,3,2,75,1,1,2,1,0,0,1,1,1,1,5,9,1,0
35,350129,1,1,2,9,6,11,47,1,0,1,0,35,2,72,706,72706,80,2010,1HD1FR410AB6,1,H,D,1,F,R,4,1,0,A,B,6,0,0,0,000000000,00000000000,0,0,0,1,0,0,0,0,0,0,0,998,0,0,0,0,6,2,1,0,0,0,1,35,87124,6,1,6,0,3,0,69,275,98,0,0,1,0,99,9999,99,9999,0,80,0,0,0,2,2,75,1,1,2,1,0,0,1,1,2,1,4,98,2,0
35,350130,1,1,2,16,6,18,23,1,0,1,0,35,0,37,733,37733,90,2007,1HFTE2705746,1,H,F,T,E,2,7,0,5,7,4,6,0,0,0,000000000,00000000000,0,0,0,1,0,0,0,0,0,0,0,998,0,2,6,0,4,3,1,0,0,0,1,35,87413,0,0,0,0,0,0,999,999,98,0,0,0,0,0,0,0,0,5,0,0,0,0,1,2,15,4,2,5,1,0,0,14,12,7,1,5,6,1,0
35,350131,1,1,5,26,6,10,21,1,0,1,0,8,2,20,403,20403,14,2005,1GNDT13S6522,1,G,N,D,T,1,3,S,6,5,2,2,0,0,0,000000000,00000000000,0,0,0,1,0,0,0,0,0,0,0,998,0,1,1,0,6,2,1,0,0,0,1,8,80010,9,9,99,9,9,9,999,999,99,99,99,99,99,99,9999,99,9999,0,80,0,0,0,2,2,75,4,2,2,1,0,0,14,1,1,5,3,98,1,0
35,350132,1,1,1,14,6,20,59,8,0,1,0,35,1,12,35,12035,4,1998,1FAFP66L6WK2,1,F,A,F,P,6,6,L,6,W,K,2,0,0,0,000000000,00000000000,0,0,0,1,0,0,0,0,0,0,0,998,0,0,0,12,4,3,8,0,0,0,1,35,87114,6,1,0,0,3,0,65,116,98,0,0,2,0,5,2014,5,2014,5,86,0,0,0,2,2,65,1,1,2,1,0,0,1,81,2,1,1,13,0,0
35,350133,1,1,1,21,6,19,19,1,0,1,0,35,1,72,706,72706,80,2012,1HD1KHM1XCB6,1,H,D,1,K,H,M,1,X,C,B,6,0,0,0,000000000,00000000000,0,0,0,1,0,0,0,0,0,0,0,998,0,0,0,0,6,2,1,0,0,0,1,35,88203,6,1,0,0,3,3,67,162,98,0,0,0,0,99,9999,99,9999,5,0,0,0,0,1,2,55,3,1,2,1,0,0,14,13,99,1,5,1,1,1
35,350134,1,1,1,7,6,18,14,7,0,1,0,35,2,98,701,98701,80,2013,L0FGAL1G7DA0,L,0,F,G,A,L,1,G,7,D,A,0,0,0,0,000000000,00000000000,0,0,0,1,0,0,0,0,0,0,0,998,0,0,0,0,0,5,99,0,0,0,1,35,88310,6,1,0,0,3,0,62,95,98,0,0,0,0,99,9999,99,9999,0,0,0,0,0,8,1,25,1,1,5,1,0,0,99,99,99,1,1,0,1,1
35,350135,1,1,2,17,6,5,28,1,0,1,0,8,1,35,402,35402,14,2000,5N1DD28T1YC5,5,N,1,D,D,2,8,T,1,Y,C,5,0,0,0,000000000,00000000000,0,0,0,1,0,0,0,0,0,0,0,998,0,2,2,0,6,2,1,0,0,0,1,8,80110,6,1,0,0,3,0,999,999,99,99,99,99,99,99,9999,99,9999,0,0,0,0,0,2,2,75,1,1,2,1,0,0,1,11,8,1,5,98,1,0
35,350136,1,1,1,8,6,17,39,35,0,1,0,35,1,20,481,20481,31,2006,1GCEK14ZX6Z2,1,G,C,E,K,1,4,Z,X,6,Z,2,0,0,0,000000000,00000000000,0,0,0,1,0,0,0,0,0,0,0,998,0,2,5,12,6,2,1,0,0,0,1,35,87529,6,1,0,0,3,0,73,185,98,0,0,1,0,2,2012,2,2012,0,0,0,0,0,1,2,45,2,2,2,1,0,0,14,13,99,1,5,6,1,1
35,350137,1,2,1,13,6,22,30,12,1,1,0,35,1,52,402,52402,14,2008,4A4MM21S58E0,4,A,4,M,M,2,1,S,5,8,E,0,0,0,0,000000000,00000000000,0,0,0,1,0,0,0,0,0,0,0,998,0,0,0,6,6,2,12,0,0,0,1,35,87110,6,1,0,0,3,0,69,140,98,0,0,0,0,0,0,0,0,0,0,0,0,0,2,2,35,1,1,2,1,0,0,1,53,1,1,1,32,0,0
35,350137,2,2,1,13,6,22,30,12,1,1,0,35,1,53,706,53706,80,2007,JS1GT77A1721,J,S,1,G,T,7,7,A,1,7,2,1,0,0,0,000000000,00000000000,0,0,0,1,0,0,0,0,0,0,0,998,0,0,0,12,6,2,12,0,0,0,1,35,87123,6,1,0,0,3,0,70,145,98,0,0,1,0,9,2013,9,2013,5,0,0,0,0,2,2,35,1,1,2,1,0,0,1,51,99,1,1,32,1,1
35,350139,1,1,1,20,6,3,50,1,0,1,0,35,1,20,401,20401,14,2000,1GNDT13W0Y22,1,G,N,D,T,1,3,W,0,Y,2,2,0,0,0,000000000,00000000000,0,0,0,1,0,0,0,0,0,0,0,998,0,2,5,0,6,2,1,0,0,0,1,35,88310,6,1,0,0,3,0,70,250,98,0,0,1,0,7,2013,7,2013,0,0,0,0,0,2,2,75,1,1,2,1,0,0,1,13,7,1,4,1,1,1
35,350140,1,2,2,16,6,16,40,12,2,1,0,35,2,42,44,42044,1,2005,WDBSK75F15F0,W,D,B,S,K,7,5,F,1,5,F,0,0,0,0,000000000,00000000000,0,0,0,1,0,0,0,0,0,0,0,998,0,0,0,12,6,2,12,0,0,0,1,35,87557,6,1,0,0,3,0,70,130,98,0,0,1,0,1,2013,10,2013,0,0,0,0,0,1,2,60,1,2,2,1,0,0,1,10,99,1,2,50,1,0
35,350140,2,2,1,16,6,16,40,12,2,1,0,35,2,23,421,23421,15,2002,1GTGK13UX2F2,1,G,T,G,K,1,3,U,X,2,F,2,0,0,0,000000000,00000000000,0,0,0,1,0,0,0,0,0,0,0,998,0,0,0,12,6,2,12,0,0,0,1,35,87528,6,1,0,0,3,0,62,142,98,0,0,0,0,0,0,0,0,0,0,0,0,0,1,2,60,1,2,2,1,0,0,1,62,99,1,1,51,0,0
35,350141,1,1,1,1,5,20,30,8,0,1,0,35,1,41,43,41043,4,1993,JM1HD4615P02,J,M,1,H,D,4,6,1,5,P,0,2,0,0,0,000000000,00000000000,0,0,0,1,0,0,0,0,0,0,0,998,0,0,0,1,2,5,8,0,0,0,1,35,87112,6,1,0,0,3,0,71,201,98,0,0,0,0,0,0,0,0,0,0,0,0,0,3,3,35,1,1,2,1,0,0,1,80,1,1,1,13,0,0
35,350142,1,1,1,25,6,12,51,1,0,1,0,35,3,82,881,82881,66,2000,1FUPCSZB9YPF,1,F,U,P,C,S,Z,B,9,Y,P,F,1,1,57,1474656,571474656,3,6,2,1,0,0,0,0,0,0,0,998,0,2,5,0,6,2,1,0,0,0,1,12,33155,6,1,6,9,9,9,999,999,99,99,99,99,99,99,9999,99,9999,5,0,0,0,0,1,2,55,1,1,2,1,0,0,1,13,8,5,4,2,1,0
35,350143,1,2,2,20,6,21,28,12,6,1,0,35,2,37,402,37402,14,2010,JHLRE3H75AC0,J,H,L,R,E,3,H,7,5,A,C,0,0,0,0,000000000,00000000000,0,0,0,1,0,0,0,0,0,0,0,998,0,0,0,12,6,2,12,0,0,0,1,35,87124,6,1,6,0,3,0,70,185,98,0,0,0,0,0,0,0,0,0,0,0,0,0,3,3,40,1,1,2,1,0,0,11,15,1,1,3,68,0,0
35,350143,2,2,1,20,6,21,28,12,6,1,0,35,1,53,705,53705,80,2007,JS1GN7DA0721,J,S,1,G,N,7,D,A,0,7,2,1,0,0,0,000000000,00000000000,0,0,0,1,0,0,0,0,0,0,0,998,0,0,0,10,6,2,12,0,0,0,1,35,87008,6,1,6,0,3,0,67,140,98,0,0,0,0,0,0,0,0,5,0,0,0,0,3,3,40,1,1,2,1,0,0,1,66,99,1,2,69,1,0
35,350144,1,2,1,19,6,18,50,12,6,1,0,35,1,12,481,12481,31,1997,1FTHW26F8VED,1,F,T,H,W,2,6,F,8,V,E,D,0,0,0,000000000,00000000000,0,0,0,1,0,0,0,0,0,0,0,998,0,0,0,12,6,2,12,0,0,0,1,35,87530,6,1,0,0,3,0,70,150,98,0,0,0,0,0,0,0,0,5,0,0,0,0,1,2,60,3,1,2,1,0,0,14,72,99,1,3,83,0,1
35,350144,2,2,2,19,6,18,50,12,6,1,0,48,2,22,32,22032,6,2004,5Y2SL62814Z4,5,Y,2,S,L,6,2,8,1,4,Z,4,0,0,0,000000000,00000000000,0,0,0,1,0,0,0,0,0,0,0,998,0,0,0,61,6,2,12,0,0,0,1,35,87532,6,1,0,0,3,0,67,230,98,0,0,0,0,0,0,0,0,0,0,0,0,0,0,0,0,0,0,0,0,0,0,11,98,1,1,1,82,2,0
35,350145,1,1,1,30,6,8,19,1,0,1,0,35,3,82,881,82881,66,2002,1FUJAHCGX2LK,1,F,U,J,A,H,C,G,X,2,L,K,1,1,57,1499210,571499210,3,6,2,1,0,0,0,0,0,0,0,998,0,2,5,0,6,2,1,0,0,0,1,6,92056,6,1,6,3,3,0,65,210,0,0,0,0,1,8,2012,8,2012,5,0,0,0,0,1,2,15,3,1,2,1,0,0,14,13,6,1,4,1,1,0
35,350146,1,1,2,18,6,21,3,35,0,1,0,35,2,49,402,49402,14,2008,JTMBD33V5851,J,T,M,B,D,3,3,V,5,8,5,1,0,0,0,000000000,00000000000,0,0,0,1,0,0,0,0,0,0,0,998,0,0,0,12,6,2,31,0,0,0,1,35,87401,0,0,0,0,0,0,75,185,98,1,0,0,0,5,2012,5,2012,3,0,0,0,0,2,2,55,1,6,2,1,0,0,1,12,1,1,4,6,1,0
35,350147,1,2,1,22,6,16,4,12,2,1,0,35,1,22,403,22403,14,2006,2CKDL73F8660,2,C,K,D,L,7,3,F,8,6,6,0,0,0,0,000000000,00000000000,0,0,0,1,0,0,0,0,0,0,0,998,0,0,0,12,6,2,12,0,0,0,1,35,87401,6,1,0,0,3,0,71,170,98,0,0,0,0,0,0,0,0,0,0,0,0,0,2,5,45,1,1,2,1,3,3,1,10,99,1,2,50,1,0
35,350147,2,2,1,22,6,16,4,12,2,1,0,35,1,35,403,35403,14,2012,JN8AF5MV0CT1,J,N,8,A,F,5,M,V,0,C,T,1,0,0,0,000000000,00000000000,0,0,0,1,0,0,0,0,0,0,0,0,0,0,0,12,6,2,12,0,0,0,1,35,87144,6,1,0,0,3,0,64,115,98,0,0,0,0,0,0,0,0,0,0,0,0,0,2,5,45,1,1,2,1,3,3,5,54,99,1,1,51,0,0
35,350148,1,3,2,30,6,15,41,12,2,1,0,35,2,22,25,22025,5,2009,KL2TD66E39B6,K,L,2,T,D,6,6,E,3,9,B,6,0,0,0,000000000,00000000000,0,0,0,1,0,0,0,0,0,0,0,998,0,0,0,12,6,2,12,0,0,0,1,35,87571,0,0,0,0,0,0,72,145,98,0,0,0,0,0,0,0,0,5,0,0,0,0,1,2,55,3,1,2,1,0,0,14,10,99,1,2,50,1,0
35,350148,2,3,5,30,6,15,41,12,2,1,0,35,2,49,32,49032,4,2003,1NXBR32E63Z0,1,N,X,B,R,3,2,E,6,3,Z,0,0,0,0,000000000,00000000000,0,0,0,1,0,0,0,0,0,0,0,998,0,0,0,12,6,2,12,0,0,0,1,35,87557,0,0,0,0,0,0,999,999,98,1,1,0,0,99,9999,99,9999,0,0,0,0,0,1,2,55,2,1,2,1,0,0,14,62,99,1,2,51,0,0
35,350148,3,3,1,30,6,15,41,12,2,1,0,35,1,49,44,49044,2,2003,2T1CE22P13C0,2,T,1,C,E,2,2,P,1,3,C,0,0,0,0,000000000,00000000000,0,0,0,1,0,0,0,0,0,0,0,998,0,0,0,12,4,3,12,0,0,0,1,35,87557,6,1,0,0,3,0,63,120,98,0,0,0,0,0,0,0,0,0,0,0,0,0,1,2,55,2,1,2,1,0,0,14,51,99,1,2,98,0,0
35,350149,1,1,1,22,6,21,26,8,0,1,0,35,2,19,18,19018,4,2005,1G6DP5675501,1,G,6,D,P,5,6,7,5,5,0,1,0,0,0,000000000,00000000000,0,0,0,1,0,0,0,0,0,0,0,998,0,0,0,12,6,2,8,0,0,0,1,35,87123,6,1,0,0,3,0,61,125,98,0,0,2,0,2,2012,2,2012,0,0,0,0,0,2,2,99,1,1,2,1,0,0,1,80,99,1,1,13,0,0
35,350150,1,1,2,29,6,13,44,1,0,1,0,35,1,72,706,72706,80,2011,1HD1KGM17BB6,1,H,D,1,K,G,M,1,7,B,B,6,0,0,0,000000000,00000000000,0,0,0,1,0,0,0,0,0,0,0,998,0,0,0,0,6,2,1,0,0,0,1,35,87031,6,1,6,0,2,0,72,160,98,0,0,0,0,0,0,0,0,0,0,0,0,0,1,2,55,2,1,2,1,0,0,14,11,3,2,4,98,1,0
35,350151,1,1,1,1,7,17,16,30,0,1,0,35,3,20,481,20481,31,2012,1GC1KVCG1CF2,1,G,C,1,K,V,C,G,1,C,F,2,0,0,0,000000000,00000000000,0,0,0,1,0,0,0,0,0,0,0,998,0,1,5,12,6,2,30,0,0,0,1,35,87401,6,1,0,0,3,0,69,190,98,0,0,4,0,10,2012,3,2014,5,0,0,0,0,2,2,55,1,1,2,1,0,0,1,13,99,1,4,1,1,0
35,350152,1,1,1,2,7,4,12,1,0,1,0,47,3,84,881,84881,63,2011,3HSCUAPR9BN1,3,H,S,C,U,A,P,R,9,B,N,1,1,1,57,1678765,571678765,3,4,1,1,0,0,0,0,0,0,0,998,0,2,5,0,6,2,1,0,0,0,1,28,38654,6,1,99,9,9,9,999,999,98,0,0,0,0,99,9999,99,9999,0,0,0,0,0,2,2,75,1,1,2,1,0,0,1,11,6,1,4,1,1,0
35,350153,1,1,1,5,7,21,35,8,0,1,0,4,2,23,481,23481,31,2012,1GTR2TE70CZ1,1,G,T,R,2,T,E,7,0,C,Z,1,0,0,0,000000000,00000000000,0,0,0,1,0,0,0,0,0,0,0,998,0,0,0,12,6,2,8,0,0,0,1,4,86515,6,1,0,0,3,3,71,175,0,0,0,0,0,0,0,0,0,0,0,0,0,0,2,2,65,1,1,2,2,0,0,1,80,1,1,1,13,0,0
35,350154,1,2,1,8,7,12,40,12,6,1,0,99,9,49,40,49040,4,1989,4T1SV21E2KU0,4,T,1,S,V,2,1,E,2,K,U,0,0,0,0,000000000,00000000000,0,0,0,1,0,0,0,0,0,0,0,998,0,0,0,61,6,2,12,0,0,0,1,48,75605,1,1,0,0,2,0,999,999,0,1,0,0,0,8,2011,8,2011,0,38,0,0,0,0,0,0,0,0,0,0,0,0,10,98,1,1,7,78,1,0
35,350154,2,2,1,8,7,12,40,12,6,1,0,35,3,20,481,20481,31,2013,1GC1CVC83DF1,1,G,C,1,C,V,C,8,3,D,F,1,0,0,0,000000000,00000000000,0,0,0,1,0,0,0,0,0,0,0,998,0,0,0,12,6,2,12,0,0,0,1,35,88240,6,1,0,0,3,0,74,280,98,0,0,0,0,0,0,0,0,0,0,0,0,0,2,2,70,1,1,2,1,0,0,1,70,8,2,1,79,0,0
35,350155,1,1,3,11,7,10,20,1,0,1,0,35,2,2,404,2404,14,1996,1J4GZ58S0TC3,1,J,4,G,Z,5,8,S,0,T,C,3,0,0,0,000000000,00000000000,0,0,0,1,0,0,0,0,0,0,0,998,0,2,1,0,6,2,1,0,0,0,1,35,87101,0,0,0,0,0,0,66,150,98,0,0,0,0,0,0,0,0,5,0,0,0,0,1,2,25,4,1,5,1,0,0,14,6,8,5,2,98,1,0
35,350156,1,1,3,11,7,23,18,18,0,1,0,40,1,49,404,49404,14,2008,JTEBU11F48K0,J,T,E,B,U,1,1,F,4,8,K,0,0,0,0,000000000,00000000000,0,0,0,1,0,0,0,0,0,0,0,998,0,1,1,14,6,2,1,0,0,0,1,40,73110,6,1,0,0,3,0,77,200,0,0,0,0,0,0,0,0,0,0,0,0,0,0,2,2,75,1,1,2,1,0,0,1,91,99,1,2,15,1,0
35,350157,1,1,6,11,7,23,39,1,0,1,0,20,2,20,421,20421,15,2001,1GNEC13T71R1,1,G,N,E,C,1,3,T,7,1,R,1,0,0,0,000000000,00000000000,0,0,0,1,0,0,0,0,0,0,0,998,0,2,1,0,6,2,1,0,0,0,1,35,88232,6,1,0,0,3,0,65,220,98,0,0,0,0,0,0,0,0,0,0,0,0,0,1,2,65,1,1,2,1,0,0,1,10,1,4,2,98,2,1
35,350158,1,2,1,16,7,4,52,12,1,1,0,35,1,37,703,37703,80,1967,CB1754000632,C,B,1,7,5,4,0,0,0,6,3,2,0,0,0,000000000,00000000000,0,0,0,1,0,0,0,0,0,0,0,998,0,0,0,6,6,2,12,0,0,0,1,35,87901,6,1,0,0,3,0,67,165,98,1,0,0,0,3,2014,3,2014,0,0,0,0,0,2,2,75,1,1,2,2,0,0,1,53,1,1,2,25,1,0
35,350158,2,2,1,16,7,4,52,12,1,1,0,48,1,37,441,37441,20,2010,5FNRL3H62AB0,5,F,N,R,L,3,H,6,2,A,B,0,0,0,0,000000000,00000000000,0,0,0,1,0,0,0,0,0,0,0,998,0,0,0,12,6,2,12,0,0,0,1,48,79936,6,1,0,0,3,0,999,999,0,0,0,0,0,0,0,0,0,5,0,0,0,0,2,2,75,1,1,2,2,0,0,1,51,6,1,2,24,0,1
35,350159,1,1,2,18,7,21,37,8,0,1,0,35,1,32,43,32043,4,2007,WAUEF78E87A2,W,A,U,E,F,7,8,E,8,7,A,2,0,0,0,000000000,00000000000,0,0,0,1,0,0,0,0,0,0,0,998,0,0,0,12,6,2,8,0,0,0,1,35,88310,6,1,0,0,3,0,70,166,98,0,0,1,0,4,2014,4,2014,0,0,0,0,0,2,2,70,1,1,2,1,0,0,1,80,1,1,1,13,0,0
35,350160,1,1,2,27,7,3,18,1,0,1,0,48,2,37,32,37032,4,2007,1HGCM66837A0,1,H,G,C,M,6,6,8,3,7,A,0,0,0,0,000000000,00000000000,0,0,0,1,0,0,0,0,0,0,0,998,0,2,5,0,6,2,1,0,0,0,1,35,87732,1,1,0,0,1,0,68,115,98,1,0,2,0,4,2014,4,2014,4,0,0,0,0,1,2,45,2,1,2,1,0,0,14,13,99,1,5,98,2,1
35,350161,1,1,1,19,7,17,39,1,0,1,0,35,1,76,734,76734,90,2014,5Y4AM53Y8EA1,5,Y,4,A,M,5,3,Y,8,E,A,1,0,0,0,000000000,00000000000,0,0,0,1,0,0,0,0,0,0,0,998,0,2,5,0,6,2,1,0,0,0,1,35,87567,6,1,0,0,3,0,69,142,98,0,0,0,0,0,0,0,0,4,48,0,0,0,1,2,20,4,2,5,11,0,0,14,19,99,1,5,98,1,1
35,350162,1,2,1,14,7,0,3,12,2,1,0,6,3,85,881,85881,66,2009,1XKAD49X69J2,1,X,K,A,D,4,9,X,6,9,J,2,1,1,57,983579,57983579,3,6,1,1,0,0,0,0,0,0,0,998,0,0,0,12,6,2,12,0,0,1,1,6,93215,6,1,6,0,3,0,65,190,1,0,0,0,2,3,2012,4,2014,0,0,0,0,0,3,2,75,3,6,2,1,0,0,14,3,2,7,6,50,0,0
35,350162,2,2,1,14,7,0,3,12,2,1,0,35,2,20,22,20022,2,2006,1G1AK15F6678,1,G,1,A,K,1,5,F,6,6,7,8,0,0,0,000000000,00000000000,0,0,0,1,0,0,0,0,0,0,0,998,0,0,0,12,6,2,12,0,0,1,1,35,87020,6,1,0,0,3,3,63,145,98,0,0,1,1,12,2011,4,2013,0,0,0,0,0,3,2,75,2,5,2,1,0,0,14,62,99,1,1,51,1,1
35,350163,1,1,4,22,7,2,30,32,0,1,0,35,1,49,481,49481,31,1995,JT4VD22F2S00,J,T,4,V,D,2,2,F,2,S,0,0,0,0,0,000000000,00000000000,0,0,0,1,0,0,0,0,0,0,0,998,0,1,5,12,6,2,34,0,0,0,1,35,87571,6,1,0,0,3,0,67,180,98,1,1,3,0,2,2012,2,2012,0,0,0,0,0,1,2,40,4,1,2,1,0,0,14,11,99,1,4,98,1,1
35,350164,1,1,2,16,7,11,16,8,0,1,0,35,1,20,473,20473,30,2006,1GCDT1384682,1,G,C,D,T,1,3,8,4,6,8,2,0,0,0,000000000,00000000000,0,0,0,1,0,0,0,0,0,0,0,998,0,0,0,6,0,3,8,0,0,0,1,35,87507,6,1,0,0,3,3,67,145,98,0,0,1,1,5,2012,8,2012,5,6,0,0,0,1,2,10,1,1,2,1,0,0,13,80,1,1,1,92,0,0