STATE,ST_CASE,VEH_NO,VE_FORMS,NUMOCCS,DAY,MONTH,HOUR,MINUTE,HARM_EV,MAN_COLL,UNITTYPE,HIT_RUN,REG_STAT,OWNER,MAKE,MODEL,MAK_MOD,BODY_TYP,MOD_YEAR,VIN,VIN_1,VIN_2,VIN_3,VIN_4,VIN_5,VIN_6,VIN_7,VIN_8,VIN_9,VIN_10,VIN_11,VIN_12,TOW_VEH,J_KNIFE,MCARR_I1,MCARR_I2,MCARR_ID,GVWR,V_CONFIG,CARGO_BT,HAZ_INV,HAZ_PLAC,HAZ_ID,HAZ_CNO,HAZ_REL,BUS_USE,SPEC_USE,EMER_USE,TRAV_SP,UNDERIDE,ROLLOVER,ROLINLOC,IMPACT1,DEFORMED,TOWED,M_HARM,VEH_SC1,VEH_SC2,FIRE_EXP,DR_PRES,L_STATE,DR_ZIP,L_STATUS,L_TYPE,CDL_STAT,L_ENDORS,L_COMPL,L_RESTRI,DR_HGT,DR_WGT,PREV_ACC,PREV_SUS,PREV_DWI,PREV_SPD,PREV_OTH,FIRST_MO,FIRST_YR,LAST_MO,LAST_YR,SPEEDREL,DR_SF1,DR_SF2,DR_SF3,DR_SF4,VTRAFWAY,VNUM_LAN,VSPD_LIM,VALIGN,VPROFILE,VPAVETYP,VSURCOND,VTRAFCON,VTCONT_F,P_CRASH1,P_CRASH2,P_CRASH3,PCRASH4,PCRASH5,ACC_TYPE,DEATHS,DR_DRINK
35,350165,1,1,2,21,7,13,51,1,0,1,0,35,1,98,734,98734,90,2012,4XATN55A2CA5,4,X,A,T,N,5,5,A,2,C,A,5,0,0,0,000000000,00000000000,0,0,0,1,0,0,0,0,0,0,0,35,0,2,5,0,6,2,1,0,0,0,1,35,87508,6,1,0,0,3,0,72,220,98,0,0,1,0,5,2013,5,2013,3,0,0,0,0,1,2,15,3,6,2,1,0,0,14,9,99,2,4,98,1,1
35,350166,1,2,2,18,7,22,21,12,2,1,0,4,1,7,482,7482,31,2012,1C6RD7GP4CS2,1,C,6,R,D,7,G,P,4,C,S,2,0,0,0,000000000,00000000000,0,0,0,1,0,0,0,0,0,0,0,998,0,0,0,12,6,2,12,0,0,0,1,4,86544,6,1,0,0,3,3,69,216,0,0,0,0,0,0,0,0,0,0,6,0,0,0,2,4,55,1,1,2,1,0,0,1,10,99,1,2,50,0,1
35,350166,2,2,2,18,7,22,21,12,2,1,0,48,1,6,43,6043,4,2008,1C3LC46K38N2,1,C,3,L,C,4,6,K,3,8,N,2,0,0,0,000000000,00000000000,0,0,0,1,0,0,0,0,0,0,0,998,0,0,0,12,6,2,12,0,0,0,1,48,79762,6,1,0,0,3,3,999,999,0,0,0,0,0,0,0,0,0,0,0,0,0,0,2,4,55,1,1,2,1,0,0,1,62,99,1,1,51,2,0
35,350167,1,1,3,23,7,6,53,1,0,1,0,48,2,20,442,20442,20,1996,1GNDU06E2TT1,1,G,N,D,U,0,6,E,2,T,T,1,0,0,0,000000000,00000000000,0,0,0,1,0,0,0,0,0,0,0,998,0,2,5,0,6,2,1,0,0,0,1,48,79915,0,0,0,0,0,0,999,999,0,1,0,0,0,6,2012,6,2012,5,58,0,0,0,1,2,55,3,2,2,1,0,0,14,13,6,1,4,98,1,0
35,350168,1,1,1,27,7,0,25,1,0,1,0,35,1,72,706,72706,80,2007,1HD1FB4197Y6,1,H,D,1,F,B,4,1,9,7,Y,6,0,0,0,000000000,00000000000,0,0,0,1,0,0,0,0,0,0,0,998,0,0,0,0,6,2,1,0,0,0,1,35,88011,6,1,6,0,3,0,73,200,98,0,0,0,0,0,0,0,0,3,0,0,0,0,1,2,35,3,2,2,1,0,0,14,13,99,1,4,98,1,1
35,350169,1,1,2,13,7,2,27,1,0,1,0,35,1,55,41,55041,2,2013,KMHHU6KJ2DU1,K,M,H,H,U,6,K,J,2,D,U,1,0,0,0,000000000,00000000000,0,0,0,1,0,0,0,0,0,0,0,998,0,1,5,0,6,2,1,0,0,0,1,35,88101,6,1,0,0,3,1,72,185,98,0,0,1,0,0,0,0,0,5,0,0,0,0,2,2,45,1,1,2,1,0,0,1,10,9,1,4,98,1,1
35,350170,1,1,1,27,7,23,47,8,0,1,1,35,9,48,401,48401,14,2005,JF1SG63695H7,J,F,1,S,G,6,3,6,9,5,H,7,0,0,0,000000000,00000000000,0,0,0,1,0,0,0,0,0,0,0,998,0,0,0,99,0,3,8,0,0,0,1,99,99999,9,9,99,9,9,9,999,999,99,99,99,99,99,99,9999,99,9999,9,99,99,99,99,3,3,40,1,1,2,1,0,0,99,82,99,9,9,13,0,0
35,350171,1,1,1,29,7,9,0,1,0,1,0,35,3,85,881,85881,63,2006,1NKWL00XX6J1,1,N,K,W,L,0,0,X,X,6,J,1,0,0,99,999999999,99999999999,3,2,5,1,0,0,0,0,0,0,0,998,0,2,2,0,6,2,1,39,0,0,1,35,88310,6,1,6,3,3,3,66,215,98,0,0,0,0,0,0,0,0,0,0,0,0,0,1,2,55,1,2,2,2,0,0,1,90,7,1,4,98,1,1
35,350172,1,1,1,27,7,21,45,8,0,1,1,99,9,99,999,99999,99,9999,999999999999,9,9,9,9,9,9,9,9,9,9,9,9,9,0,0,000000000,00000000000,0,0,0,1,0,0,0,0,99,99,0,998,0,0,0,12,9,5,8,99,99,0,1,99,99999,9,9,99,9,9,9,999,999,99,99,99,99,99,99,9999,99,9999,9,99,99,99,99,5,3,98,1,1,2,1,0,0,99,99,99,1,9,13,0,0
35,350173,1,1,2,19,7,9,21,1,0,1,0,4,1,12,471,12471,30,2002,1FTZR44E92PB,1,F,T,Z,R,4,4,E,9,2,P,B,0,0,0,000000000,00000000000,0,0,0,1,0,0,0,0,0,0,0,998,0,2,5,0,6,2,1,0,0,1,1,4,85268,6,1,0,0,3,0,62,170,0,0,0,0,0,0,0,0,0,0,0,0,0,0,2,2,75,1,1,2,1,0,0,1,12,7,3,4,98,2,0
35,350174,1,1,1,3,6,4,59,33,0,1,0,35,2,53,706,53706,80,2004,JS1GT75A7421,J,S,1,G,T,7,5,A,7,4,2,1,0,0,0,000000000,00000000000,0,0,0,1,0,0,0,0,0,0,0,998,0,0,0,12,9,9,33,0,0,0,1,35,87047,6,1,0,0,2,0,71,140,98,0,0,1,0,5,2012,5,2012,5,0,0,0,0,3,2,35,3,1,2,1,0,0,14,10,4,1,9,98,1,0
35,350175,1,1,1,22,6,4,37,8,0,1,0,35,1,99,499,99499,48,9999,999999999999,9,9,9,9,9,9,9,9,9,9,9,9,0,0,0,000000000,00000000000,0,0,0,1,0,0,0,0,0,0,0,998,0,0,0,14,8,8,8,0,0,0,1,35,88340,6,1,0,0,3,3,72,300,98,0,0,0,0,0,0,0,0,0,0,0,0,0,2,2,55,1,8,8,98,0,0,1,80,98,1,1,13,0,0
35,350176,1,1,1,23,5,2,11,1,0,1,0,35,2,23,481,23481,31,2000,2GTEK19T8Y11,2,G,T,E,K,1,9,T,8,Y,1,1,0,0,0,000000000,00000000000,0,0,0,1,0,0,0,0,0,0,0,998,0,2,5,0,6,2,1,0,0,0,1,35,87316,2,1,0,0,2,0,69,290,98,0,0,0,0,0,0,0,0,5,0,0,0,0,1,2,98,3,9,2,1,0,0,14,13,6,1,4,98,1,1
35,350177,1,1,1,1,7,20,46,8,0,1,1,99,9,99,999,99999,99,9999,999999999999,9,9,9,9,9,9,9,9,9,9,9,9,0,0,0,000000000,00000000000,0,0,0,1,0,0,0,0,0,0,0,998,0,0,0,12,9,5,8,99,99,0,1,99,99999,9,9,99,9,9,9,999,999,99,99,99,99,99,99,9999,99,9999,9,99,99,99,99,3,3,35,1,1,2,1,0,0,99,82,99,1,9,13,0,0
35,350178,1,1,1,2,7,23,15,8,0,1,1,99,9,99,999,99999,99,9999,999999999999,9,9,9,9,9,9,9,9,9,9,9,9,0,0,0,000000000,00000000000,0,0,0,1,0,0,0,0,0,0,0,998,0,0,0,12,9,5,8,0,0,0,1,99,99999,9,9,99,9,9,9,999,999,99,99,99,99,99,99,9999,99,9999,9,99,99,99,99,5,2,98,1,1,2,1,0,0,1,19,99,9,9,13,0,0
35,350179,1,1,1,8,8,8,13,1,0,1,0,35,3,84,881,84881,66,2001,1HSHBATNX1H3,1,H,S,H,B,A,T,N,X,1,H,3,1,1,99,999999999,99999999999,3,6,1,1,0,0,0,0,0,0,0,998,0,1,1,0,6,2,1,0,0,0,1,35,87105,6,1,6,3,3,0,70,145,98,0,0,0,0,0,0,0,0,4,0,0,0,0,6,1,40,2,2,2,1,0,0,14,10,99,1,1,98,1,0
35,350180,1,1,1,7,8,20,24,8,0,1,0,35,1,7,26,7026,4,2008,1B3LC46K18N1,1,B,3,L,C,4,6,K,1,8,N,1,0,0,0,000000000,00000000000,0,0,0,1,0,0,0,0,0,0,0,998,0,0,0,12,2,3,8,0,0,0,1,35,87121,6,1,0,0,3,3,67,125,98,0,0,2,0,0,0,0,0,0,0,0,0,0,3,2,35,1,1,2,1,0,0,1,80,4,1,1,13,0,0
35,350181,1,1,2,29,8,21,25,8,0,1,0,35,1,12,442,12442,20,1998,2FMZA5145WBE,2,F,M,Z,A,5,1,4,5,W,B,E,0,0,0,000000000,00000000000,0,0,0,1,0,0,0,0,0,0,0,998,0,0,0,12,2,5,8,0,0,0,1,35,87112,6,1,0,0,3,0,61,145,98,0,0,0,0,0,0,0,0,0,0,0,0,0,3,4,45,1,1,2,1,3,3,1,82,2,1,1,13,0,0
35,350182,1,1,3,23,8,0,21,1,0,1,0,35,1,19,18,19018,4,2004,1G6DM5776401,1,G,6,D,M,5,7,7,6,4,0,1,0,0,0,000000000,00000000000,0,0,0,1,0,0,0,0,0,0,0,998,0,1,5,0,6,2,1,0,0,0,1,35,87121,6,1,0,0,3,0,61,130,98,0,0,0,0,0,0,0,0,0,0,0,0,0,2,2,75,1,2,2,1,0,0,1,12,3,1,4,98,1,0
35,350183,1,1,1,18,8,21,33,8,0,1,0,35,2,22,441,22441,20,2005,1GMDV33LX5D1,1,G,M,D,V,3,3,L,X,5,D,1,0,0,0,000000000,00000000000,0,0,0,1,0,0,0,0,0,0,0,998,0,0,0,12,2,5,8,0,0,0,1,35,87123,1,1,0,0,2,0,65,155,98,1,0,1,0,7,2013,10,2013,0,0,0,0,0,2,3,35,1,1,2,1,0,0,1,80,99,1,1,13,0,0
35,350184,1,3,1,8,8,20,39,12,2,1,0,35,3,12,481,12481,31,2015,1FT8X3B63FEA,1,F,T,8,X,3,B,6,3,F,E,A,0,0,0,000000000,00000000000,0,0,0,1,0,0,0,0,0,0,0,998,0,0,0,12,6,2,12,0,0,0,1,35,87410,6,1,6,0,3,3,65,145,98,0,0,1,0,0,0,0,0,0,6,0,0,0,2,2,70,1,1,2,1,0,0,1,10,1,1,2,50,0,0
35,350184,2,3,4,8,8,20,39,12,2,1,0,48,1,7,442,7442,20,2006,1D4GP24R16B6,1,D,4,G,P,2,4,R,1,6,B,6,0,0,0,000000000,00000000000,0,0,0,1,0,0,0,0,0,0,0,998,0,0,0,12,6,2,12,0,0,0,1,48,76226,6,1,0,0,3,0,999,999,0,0,0,0,0,0,0,0,0,0,0,0,0,0,2,2,70,1,1,2,1,0,0,1,54,99,1,2,51,4,0
35,350184,3,3,2,8,8,20,39,12,2,1,0,4,3,23,898,23898,61,2007,1GDG5C1G07F9,1,G,D,G,5,C,1,G,0,7,F,9,0,0,99,999999999,99999999999,2,1,1,1,0,0,0,0,0,0,0,998,0,0,0,4,2,5,12,0,0,0,1,16,83647,6,1,0,0,3,3,72,160,0,1,0,3,1,4,2012,4,2012,0,0,0,0,0,2,2,70,1,1,2,1,0,0,1,54,6,1,2,98,0,0
35,350185,1,2,1,1,8,17,19,12,2,1,0,35,2,12,442,12442,20,1999,2FMZA5243XBA,2,F,M,Z,A,5,2,4,3,X,B,A,0,0,0,000000000,00000000000,0,0,0,1,0,0,0,0,0,0,0,998,0,0,0,12,6,2,12,0,0,0,1,35,88048,6,1,0,0,3,3,72,130,98,0,0,0,0,0,0,0,0,0,0,0,0,0,2,2,65,1,1,2,1,0,0,1,10,9,2,2,50,1,0
35,350185,2,2,1,1,8,17,19,12,2,1,0,35,1,49,40,49040,4,2004,4T1BF32K24U5,4,T,1,B,F,3,2,K,2,4,U,5,0,0,0,000000000,00000000000,0,0,0,1,0,0,0,0,0,0,0,998,0,0,0,12,6,2,12,0,0,0,1,35,88260,6,1,0,0,3,3,65,200,98,0,0,1,0,0,0,0,0,0,0,0,0,0,2,2,65,1,1,2,1,0,0,1,54,99,1,2,51,1,0
35,350186,1,1,1,17,8,14,47,1,0,1,0,35,2,37,733,37733,90,2004,478TE2709443,4,7,8,T,E,2,7,0,9,4,4,3,0,0,0,000000000,00000000000,0,0,0,1,0,0,0,0,0,0,0,998,0,2,1,0,0,5,1,0,0,0,1,35,87022,6,1,0,0,3,3,64,120,98,0,0,0,0,0,0,0,0,0,0,0,0,0,1,2,98,1,1,5,1,0,0,12,9,1,4,2,98,1,0
35,350187,1,2,1,18,8,16,2,12,6,1,0,35,1,2,403,2403,14,2004,1J4FA39S14P7,1,J,4,F,A,3,9,S,1,4,P,7,0,0,0,000000000,00000000000,0,0,0,1,0,0,0,0,0,0,0,998,0,0,0,61,6,2,12,0,0,0,1,35,88012,6,1,0,0,3,3,67,195,98,0,0,0,0,0,0,0,0,0,38,48,0,0,1,2,35,1,1,2,1,20,3,11,15,1,1,2,82,1,0
35,350187,2,2,1,18,8,16,2,12,6,1,0,35,1,12,481,12481,31,2013,1FT7W2BT4DEA,1,F,T,7,W,2,B,T,4,D,E,A,0,0,0,000000000,00000000000,0,0,0,1,0,0,0,0,0,0,0,998,0,0,0,12,6,2,12,0,0,0,1,35,88007,6,1,0,0,3,0,66,186,98,0,0,0,0,0,0,0,0,0,0,0,0,0,1,2,55,1,1,2,1,0,0,1,67,6,1,1,83,0,0
35,350188,1,2,2,11,8,21,46,8,0,1,0,5,1,34,34,34034,4,2003,WBAET37423NJ,W,B,A,E,T,3,7,4,2,3,N,J,0,0,0,000000000,00000000000,0,0,0,1,0,0,0,0,0,0,0,998,0,0,0,12,2,5,8,0,0,0,1,5,72802,6,1,0,0,3,0,73,195,0,0,0,0,0,0,0,0,0,0,0,0,0,0,2,2,75,1,1,2,1,0,0,1,81,7,1,2,13,0,0
35,350188,2,2,5,11,8,21,46,8,0,1,0,35,1,35,421,35421,15,2008,5N1BA08D98N6,5,N,1,B,A,0,8,D,9,8,N,6,0,0,0,000000000,00000000000,0,0,0,1,0,0,0,0,0,0,0,998,0,0,0,98,0,5,8,0,0,0,1,35,87031,6,1,0,0,3,0,72,290,98,0,0,0,0,0,0,0,0,0,0,0,0,0,2,2,75,1,1,2,1,0,0,1,80,1,1,1,98,0,0
35,350189,1,2,1,23,8,10,19,12,6,1,0,35,2,76,705,76705,80,2013,JYARJ16E4DA0,J,Y,A,R,J,1,6,E,4,D,A,0,0,0,0,000000000,00000000000,0,0,0,1,0,0,0,0,0,0,0,998,0,0,0,12,6,2,12,0,0,0,1,35,87507,6,1,0,0,3,0,70,120,98,0,0,1,0,12,2011,12,2011,5,0,0,0,0,3,4,40,1,1,2,1,3,3,1,54,2,1,1,69,1,0
35,350189,2,2,2,23,8,10,19,12,6,1,0,35,1,20,22,20022,2,2006,1G1AK15F0678,1,G,1,A,K,1,5,F,0,6,7,8,0,0,0,000000000,00000000000,0,0,0,1,0,0,0,0,0,0,0,998,0,0,0,81,4,3,12,0,0,0,1,35,87508,6,1,0,0,3,0,70,155,98,0,0,0,0,0,0,0,0,0,0,0,0,0,3,4,40,1,1,2,1,3,3,11,55,1,1,1,68,0,0
35,350190,1,2,1,23,8,14,0,12,6,1,0,35,2,98,706,98706,80,2009,4MZAX03D7933,4,M,Z,A,X,0,3,D,7,9,3,3,0,0,0,000000000,00000000000,0,0,0,1,0,0,0,0,0,0,0,998,0,0,0,12,6,2,12,0,0,0,1,35,87108,6,1,0,0,3,0,73,180,98,0,0,1,0,9,2012,9,2012,0,0,0,0,0,3,3,98,1,1,2,1,3,3,1,54,99,1,1,69,1,0
35,350190,2,2,1,23,8,14,0,12,6,1,0,35,1,37,31,37031,2,2013,2HGFG3B58DH5,2,H,G,F,G,3,B,5,8,D,H,5,0,0,0,000000000,00000000000,0,0,0,1,0,0,0,0,0,0,0,998,0,0,0,83,9,8,12,0,0,0,1,35,87109,6,1,0,0,3,0,73,190,98,0,0,0,0,0,0,0,0,0,38,0,0,0,3,3,98,1,1,2,1,3,3,11,54,99,1,2,68,0,0
35,350191,1,2,1,27,8,18,40,12,6,1,0,35,1,2,404,2404,14,1996,1J4GZ78YXTC3,1,J,4,G,Z,7,8,Y,X,T,C,3,0,0,0,000000000,00000000000,0,0,0,1,0,0,0,0,0,0,0,998,0,0,0,11,6,2,12,0,0,0,1,35,87121,6,1,0,0,3,0,68,160,98,0,0,0,0,0,0,0,0,0,0,0,0,0,3,2,98,1,1,2,1,20,3,1,66,99,1,1,89,0,0
35,350191,2,2,1,27,8,18,40,12,6,1,0,35,5,72,706,72706,80,2005,1HD1JDB115Y0,1,H,D,1,J,D,B,1,1,5,Y,0,0,0,0,000000000,00000000000,0,0,0,1,0,0,0,0,0,0,0,998,0,0,0,12,6,2,12,0,0,0,1,35,87121,0,0,0,0,0,0,72,200,98,0,0,0,0,0,0,0,0,5,38,0,0,0,3,2,98,1,1,2,1,20,3,1,55,99,1,1,88,1,1
35,350192,1,2,1,8,8,11,44,12,2,1,0,35,1,19,3,19003,4,2005,1G6KD54Y15U1,1,G,6,K,D,5,4,Y,1,5,U,1,0,0,0,000000000,00000000000,0,0,0,1,0,0,0,0,0,0,0,998,0,0,0,12,6,2,12,0,0,0,1,35,88047,6,1,0,0,3,3,67,253,98,0,0,1,0,10,2013,10,2013,0,85,28,0,0,1,2,45,1,1,2,1,0,0,17,66,8,2,2,52,0,0
35,350192,2,2,2,8,8,11,44,12,2,1,0,35,1,21,2,21002,4,1995,1G3HN52K0S48,1,G,3,H,N,5,2,K,0,S,4,8,0,0,0,000000000,00000000000,0,0,0,1,0,0,0,0,0,0,0,998,0,0,0,12,6,2,12,0,0,0,1,35,88044,6,1,0,0,3,3,68,184,98,0,0,0,0,0,0,0,0,0,0,0,0,0,1,2,55,1,1,2,1,0,0,1,62,99,1,1,52,1,0
35,350193,1,2,2,30,8,6,54,12,6,1,0,35,1,20,481,20481,31,2007,1GCHK23D57F1,1,G,C,H,K,2,3,D,5,7,F,1,0,0,0,000000000,00000000000,0,0,0,1,0,0,0,0,0,0,0,998,0,0,0,81,6,2,12,0,0,0,1,35,87005,6,1,6,0,3,3,68,135,98,0,0,0,0,0,0,0,0,0,0,0,0,0,2,2,75,1,1,2,1,0,0,98,98,99,9,6,98,1,1
35,350193,2,2,2,30,8,6,54,12,6,1,0,35,1,18,23,18023,4,2007,1G4HD57217U1,1,G,4,H,D,5,7,2,1,7,U,1,0,0,0,000000000,00000000000,0,0,0,1,0,0,0,0,0,0,0,998,0,0,0,12,6,2,12,0,0,0,1,35,87326,0,0,0,0,0,0,69,213,98,1,0,0,0,9,2011,9,2011,0,0,0,0,0,2,2,75,1,1,2,1,0,0,1,64,9,2,1,98,0,0
35,350194,1,1,2,3,8,23,58,38,0,1,0,8,1,19,480,19480,31,2004,3GYEK62N24G2,3,G,Y,E,K,6,2,N,2,4,G,2,0,0,0,000000000,00000000000,0,0,0,1,0,0,0,0,0,0,0,998,0,1,6,12,6,2,1,0,0,0,1,8,81082,6,1,3,0,3,0,66,210,0,0,0,0,1,2,2012,2,2012,3,39,0,0,0,1,2,98,1,1,2,1,20,3,1,14,1,1,4,14,1,1
35,350195,1,1,1,15,8,18,17,38,0,1,0,35,1,72,706,72706,80,2008,1HD1FC4188Y6,1,H,D,1,F,C,4,1,8,8,Y,6,0,0,0,000000000,00000000000,0,0,0,1,0,0,0,0,0,0,0,998,0,0,0,12,6,2,38,0,0,0,1,35,87062,6,1,0,0,3,0,72,190,98,0,0,0,0,0,0,0,0,5,0,0,0,0,1,2,40,1,1,2,1,0,0,6,12,99,1,4,6,1,1
35,350196,1,2,2,23,8,6,57,8,0,1,0,18,3,82,881,82881,66,2006,1FUJA6AV06LW,1,F,U,J,A,6,A,V,0,6,L,W,1,1,57,397707,57397707,3,6,1,1,0,0,0,0,0,0,0,998,0,0,0,12,6,2,8,0,0,0,1,29,65704,6,1,6,3,3,3,68,225,0,0,0,0,0,0,0,0,0,0,0,0,0,0,2,2,65,1,1,2,1,0,0,1,80,1,1,1,13,0,0
35,350196,2,2,1,23,8,6,57,8,0,1,1,99,9,99,999,99999,99,9999,999999999999,9,9,9,9,9,9,9,9,9,9,9,9,9,0,99,999999999,99999999999,9,99,99,1,0,0,0,0,0,0,0,999,0,0,0,12,9,5,8,0,0,0,1,99,99999,9,9,99,9,9,9,999,999,99,99,99,99,99,99,9999,99,9999,0,99,99,99,99,2,2,65,1,1,2,1,0,0,1,80,1,1,1,98,0,0
35,350197,1,2,1,28,8,9,30,12,6,1,0,35,1,35,47,35047,4,2005,1N4AL11D85C1,1,N,4,A,L,1,1,D,8,5,C,1,0,0,0,000000000,00000000000,0,0,0,1,0,0,0,0,0,0,0,998,0,0,0,12,6,2,12,0,0,0,1,35,88001,6,1,0,0,3,0,67,143,98,0,0,0,0,0,0,0,0,0,0,0,0,0,2,3,35,1,1,2,1,0,0,1,73,99,1,3,83,0,0
35,350197,2,2,1,28,8,9,30,12,6,1,0,35,1,49,43,49043,4,1996,4T1BF12B2TU0,4,T,1,B,F,1,2,B,2,T,U,0,0,0,0,000000000,00000000000,0,0,0,1,0,0,0,0,0,0,0,998,0,0,0,61,6,2,12,0,0,0,1,35,88011,6,1,0,0,3,0,60,145,98,0,0,0,0,0,0,0,0,0,38,0,0,0,0,0,0,0,0,0,0,0,0,11,98,99,1,1,82,1,0
35,350198,1,2,1,28,8,6,1,12,6,1,0,35,3,12,481,12481,31,2011,1FT7X2B66BEB,1,F,T,7,X,2,B,6,6,B,E,B,0,0,0,000000000,00000000000,0,0,0,1,0,0,0,0,0,0,0,998,0,0,0,12,6,2,12,0,0,0,1,35,88255,6,1,0,0,3,0,70,160,98,0,0,0,0,0,0,0,0,0,39,0,0,0,1,2,35,1,1,5,1,98,3,4,17,99,1,1,86,1,1
35,350198,2,2,1,28,8,6,1,12,6,1,0,35,3,82,881,82881,66,2007,1FUJF6CK57DX,1,F,U,J,F,6,C,K,5,7,D,X,1,3,99,999999999,99999999999,3,6,1,1,0,0,0,0,0,0,0,998,0,0,0,81,6,9,12,0,0,0,1,31,68803,6,1,6,3,3,0,67,200,0,0,0,0,0,0,0,0,0,0,0,0,0,0,1,2,65,1,1,2,1,0,0,1,68,99,1,1,87,0,0
35,350199,1,1,2,12,8,15,50,42,0,1,0,48,2,37,734,37734,90,2007,1HFTE3340740,1,H,F,T,E,3,3,4,0,7,4,0,0,0,0,000000000,00000000000,0,0,0,1,0,0,0,0,0,0,0,998,0,0,0,12,6,2,42,0,0,0,1,48,75025,6,1,0,0,1,0,999,999,0,0,0,2,0,2,2012,2,2012,5,0,0,0,0,1,2,98,1,3,5,1,0,0,1,11,99,1,4,1,1,0
35,350200,1,2,1,6,8,8,47,12,1,1,0,35,3,85,881,85881,66,2001,1XKADB9X61J8,1,X,K,A,D,B,9,X,6,1,J,8,1,1,35,1495193,351495193,3,6,2,2,2,1993,3,2,0,0,0,998,0,0,0,12,6,2,12,0,0,1,1,35,87305,6,1,6,1,3,3,72,195,98,0,0,0,0,0,0,0,0,5,0,0,0,0,3,2,75,1,1,2,1,0,0,1,13,99,1,4,32,1,0
35,350200,2,2,1,6,8,8,47,12,1,1,0,18,3,82,881,82881,66,2012,1FUJGLD8CLBK,1,F,U,J,G,L,D,8,C,L,B,K,1,1,57,207513,57207513,3,6,1,1,0,0,0,0,0,0,0,0,0,0,0,6,6,2,12,0,0,1,1,12,32819,6,1,6,1,3,3,72,999,0,0,0,0,0,0,0,0,0,0,0,0,0,0,3,2,75,1,1,2,1,0,0,98,98,99,9,5,32,0,0
35,350201,1,1,4,26,7,22,9,33,0,1,0,35,1,12,481,12481,31,2004,1FTNW21PX4ED,1,F,T,N,W,2,1,P,X,4,E,D,0,0,0,000000000,00000000000,0,0,0,1,0,0,0,0,0,0,0,998,0,1,6,61,6,2,46,0,0,0,1,35,87121,6,1,6,0,3,0,72,193,98,0,0,0,0,0,0,0,0,3,36,0,0,0,2,2,45,1,1,2,1,0,0,1,12,1,1,4,6,2,1
35,350202,1,1,1,18,8,19,5,35,0,1,0,35,1,73,702,73702,83,1986,JKAKXWG17GA0,J,K,A,K,X,W,G,1,7,G,A,0,0,0,0,000000000,00000000000,0,0,0,1,0,0,0,0,0,0,0,998,0,0,0,12,9,9,35,0,0,0,1,35,87121,6,1,0,0,3,0,69,150,98,2,0,0,0,6,2012,10,2013,5,0,0,0,0,1,2,98,1,1,2,1,0,0,1,98,99,1,5,98,1,1
35,350203,1,1,1,27,8,0,0,1,0,1,0,17,3,51,881,51881,66,2010,4V4NC9TJXAN2,4,V,4,N,C,9,T,J,X,A,N,2,1,1,17,284600,17284600,3,6,98,1,0,0,0,0,0,0,0,998,0,2,1,0,6,2,1,0,0,0,1,6,91354,6,1,6,1,3,0,66,155,1,0,0,0,1,3,2012,8,2014,4,0,0,0,0,3,2,65,2,6,2,2,0,0,14,6,1,7,5,7,1,0
35,350204,1,1,1,19,8,16,49,8,0,1,0,35,3,12,481,12481,31,2007,1FTPX14V27FA,1,F,T,P,X,1,4,V,2,7,F,A,0,0,0,000000000,00000000000,0,0,0,1,0,0,0,0,0,0,0,998,0,0,0,14,0,5,8,0,0,0,1,35,87301,1,1,0,0,2,3,64,155,98,1,0,0,0,3,2014,8,2014,0,0,0,0,0,1,2,98,1,2,5,1,0,0,1,80,1,1,1,13,0,0
35,350205,1,1,1,5,7,1,28,8,0,1,1,99,9,35,999,35999,49,9999,999999999999,9,9,9,9,9,9,9,9,9,9,9,9,9,0,0,000000000,00000000000,0,0,0,1,0,0,0,0,0,99,0,998,0,0,0,12,9,9,8,0,0,0,1,99,99999,9,9,99,9,9,9,999,999,99,99,99,99,99,99,9999,99,9999,0,99,99,99,99,2,3,65,1,1,2,2,98,9,1,80,99,1,9,13,0,0
35,350206,1,1,2,4,9,13,26,1,0,1,0,4,1,12,481,12481,31,2008,1FTPW14V58KE,1,F,T,P,W,1,4,V,5,8,K,E,0,0,0,000000000,00000000000,0,0,0,1,0,0,0,0,0,0,0,998,0,2,3,0,6,2,1,0,0,0,1,4,85122,6,1,0,0,3,0,68,235,0,0,0,0,0,0,0,0,0,0,6,0,0,0,2,2,75,1,1,2,1,0,0,1,10,6,7,4,7,1,0
35,350207,1,1,1,3,9,3,16,8,0,1,0,35,1,49,472,49472,30,2002,5TENL42N52Z1,5,T,E,N,L,4,2,N,5,2,Z,1,0,0,0,000000000,00000000000,0,0,0,1,0,0,0,0,0,0,0,998,0,0,0,12,4,5,8,0,0,0,1,35,88101,6,1,0,0,3,3,67,145,98,0,0,0,0,0,0,0,0,0,0,0,0,0,2,2,55,1,1,2,1,0,0,1,80,1,1,1,13,0,0
35,350208,1,1,3,24,9,13,25,1,0,1,0,4,2,12,471,12471,30,1997,1FTCR10A6VPB,1,F,T,C,R,1,0,A,6,V,P,B,0,0,0,000000000,00000000000,0,0,0,1,0,0,0,0,0,0,0,998,0,1,5,0,6,2,1,0,0,0,1,4,85014,1,1,0,0,2,0,64,150,0,1,0,0,1,1,2014,4,2014,0,80,0,0,0,2,2,65,1,1,2,1,0,0,1,1,3,4,4,2,2,0