STATE,ST_CASE,VEH_NO,VE_FORMS,NUMOCCS,DAY,MONTH,HOUR,MINUTE,HARM_EV,MAN_COLL,UNITTYPE,HIT_RUN,REG_STAT,OWNER,MAKE,MODEL,MAK_MOD,BODY_TYP,MOD_YEAR,VIN,VIN_1,VIN_2,VIN_3,VIN_4,VIN_5,VIN_6,VIN_7,VIN_8,VIN_9,VIN_10,VIN_11,VIN_12,TOW_VEH,J_KNIFE,MCARR_I1,MCARR_I2,MCARR_ID,GVWR,V_CONFIG,CARGO_BT,HAZ_INV,HAZ_PLAC,HAZ_ID,HAZ_CNO,HAZ_REL,BUS_USE,SPEC_USE,EMER_USE,TRAV_SP,UNDERIDE,ROLLOVER,ROLINLOC,IMPACT1,DEFORMED,TOWED,M_HARM,VEH_SC1,VEH_SC2,FIRE_EXP,DR_PRES,L_STATE,DR_ZIP,L_STATUS,L_TYPE,CDL_STAT,L_ENDORS,L_COMPL,L_RESTRI,DR_HGT,DR_WGT,PREV_ACC,PREV_SUS,PREV_DWI,PREV_SPD,PREV_OTH,FIRST_MO,FIRST_YR,LAST_MO,LAST_YR,SPEEDREL,DR_SF1,DR_SF2,DR_SF3,DR_SF4,VTRAFWAY,VNUM_LAN,VSPD_LIM,VALIGN,VPROFILE,VPAVETYP,VSURCOND,VTRAFCON,VTCONT_F,P_CRASH1,P_CRASH2,P_CRASH3,PCRASH4,PCRASH5,ACC_TYPE,DEATHS,DR_DRINK
35,350251,1,1,2,10,10,7,23,18,0,1,0,35,3,55,35,55035,4,2008,KMHDU46D18U4,K,M,H,D,U,4,6,D,1,8,U,4,0,0,0,000000000,00000000000,0,0,0,1,0,0,0,0,0,0,0,998,0,0,0,63,4,3,18,0,0,0,1,35,87105,6,1,0,0,3,0,66,180,98,0,0,0,0,0,0,0,0,0,39,40,0,0,1,2,30,1,1,2,2,65,3,1,90,99,1,1,15,2,0
35,350252,1,2,2,29,10,6,37,12,2,1,0,35,3,12,881,12881,61,2012,1FT8W3ATXCEC,1,F,T,8,W,3,A,T,X,C,E,C,0,0,99,999999999,99999999999,2,1,96,1,0,0,0,0,0,0,0,998,0,0,0,12,6,2,12,0,0,0,1,35,87031,6,1,6,0,3,0,65,110,98,0,0,3,1,2,2012,8,2012,0,0,0,0,0,2,2,65,1,1,2,1,0,0,1,10,99,1,2,50,1,0
35,350252,2,2,2,29,10,6,37,12,2,1,0,35,1,7,482,7482,31,2004,3D7LA38C34G1,3,D,7,L,A,3,8,C,3,4,G,1,0,0,0,000000000,00000000000,0,0,0,1,0,0,0,0,0,0,0,998,0,0,0,12,6,2,12,0,0,0,1,35,87031,6,1,6,0,3,0,65,110,98,0,0,3,0,2,2012,8,2013,0,0,0,0,0,2,2,65,1,1,2,1,0,0,1,62,7,1,1,51,1,0
35,350253,1,2,3,14,10,18,44,12,2,1,0,35,2,23,481,23481,31,2003,1GTEK19T63E2,1,G,T,E,K,1,9,T,6,3,E,2,0,0,0,000000000,00000000000,0,0,0,1,0,0,0,0,0,0,0,998,0,0,0,12,6,2,12,0,0,0,1,35,87937,6,7,0,0,3,2,61,160,98,1,0,0,0,10,2014,10,2014,4,73,91,0,0,1,2,25,1,1,2,1,0,0,1,10,99,1,2,50,1,1
35,350253,2,2,2,14,10,18,44,12,2,1,0,1,1,55,33,55033,4,2002,KMHWF35H52A5,K,M,H,W,F,3,5,H,5,2,A,5,0,0,0,000000000,00000000000,0,0,0,1,0,0,0,0,0,0,0,998,0,0,0,12,6,2,12,0,0,0,1,35,87937,0,0,0,0,0,0,61,130,98,0,0,0,0,0,0,0,0,0,0,0,0,0,1,2,25,1,1,2,1,0,0,1,62,99,1,1,51,1,0
35,350254,1,4,2,26,9,21,49,12,1,1,0,35,3,20,37,20037,4,2001,1G1ND52J3161,1,G,1,N,D,5,2,J,3,1,6,1,0,0,0,000000000,00000000000,0,0,0,1,0,0,0,0,0,0,0,998,0,0,0,12,6,2,12,0,0,0,1,35,87105,6,1,0,0,3,0,69,200,98,0,0,0,0,0,0,0,0,3,6,91,0,0,2,3,35,1,3,2,1,2,3,1,50,99,9,1,20,1,1
35,350254,2,4,4,26,9,21,49,12,1,1,0,35,3,23,402,23402,14,2013,2GKFLTEK4D61,2,G,K,F,L,T,E,K,4,D,6,1,0,0,0,000000000,00000000000,0,0,0,1,0,0,0,0,0,0,0,0,0,0,0,6,6,2,12,0,0,0,1,35,87121,6,1,0,0,3,0,69,145,98,0,1,1,0,8,2012,8,2014,0,0,0,0,0,2,3,35,1,3,2,1,2,3,5,53,1,1,1,21,0,0
35,350254,3,4,2,26,9,21,49,12,1,1,0,35,1,35,481,35481,31,2008,1N6BA07C68N3,1,N,6,B,A,0,7,C,6,8,N,3,0,0,0,000000000,00000000000,0,0,0,1,0,0,0,0,0,0,0,0,0,0,0,6,6,2,12,0,0,0,1,35,87121,6,1,0,0,3,3,74,205,98,0,0,0,0,0,0,0,0,0,0,0,0,0,2,3,35,1,3,2,1,2,3,5,53,1,1,1,98,0,0
35,350254,4,4,1,26,9,21,49,12,1,1,0,35,3,20,36,20036,2,2004,2G1WX12K8491,2,G,1,W,X,1,2,K,8,4,9,1,0,0,0,000000000,00000000000,0,0,0,1,0,0,0,0,0,0,0,0,0,0,0,6,2,5,12,0,0,0,1,35,87121,6,1,0,0,3,0,65,160,98,0,0,0,0,0,0,0,0,0,0,0,0,0,2,3,98,1,3,2,1,2,3,5,53,1,1,1,98,0,0
35,350255,1,1,1,5,10,21,5,1,0,1,0,35,1,73,705,73705,89,2009,JKBVFHC119B5,J,K,B,V,F,H,C,1,1,9,B,5,0,0,0,000000000,00000000000,0,0,0,1,0,0,0,0,0,0,0,998,0,0,0,0,0,5,1,0,0,0,1,35,87301,6,1,0,0,3,3,70,240,98,0,0,0,0,0,0,0,0,0,0,0,0,0,1,2,5,1,3,5,1,0,0,1,98,99,1,5,98,1,0
35,350256,1,1,3,23,9,18,29,41,0,1,0,48,1,49,472,49472,30,2007,3TMKU72N67M0,3,T,M,K,U,7,2,N,6,7,M,0,0,0,0,000000000,00000000000,0,0,0,1,0,0,0,0,0,0,0,998,0,1,5,14,6,2,1,0,0,0,1,48,79905,6,1,0,0,3,0,999,999,0,0,0,0,0,0,0,0,0,5,0,0,0,0,1,2,50,1,1,2,1,0,0,1,11,6,1,4,98,1,1
35,350257,1,1,1,4,10,2,52,39,0,1,0,35,2,7,482,7482,31,2003,1D7HA18N03J5,1,D,7,H,A,1,8,N,0,3,J,5,0,0,0,000000000,00000000000,0,0,0,1,0,0,0,0,0,0,0,998,8,0,0,12,6,2,39,0,0,0,1,35,87121,6,1,0,0,3,0,67,120,98,0,0,0,0,0,0,0,0,3,0,0,0,0,1,2,35,1,1,2,1,0,0,1,13,99,1,4,1,1,1
35,350258,1,1,3,4,10,4,28,42,0,1,0,35,2,6,51,6051,4,2008,2C3KA53G38H2,2,C,3,K,A,5,3,G,3,8,H,2,0,0,0,000000000,00000000000,0,0,0,1,0,0,0,0,0,0,0,998,0,0,0,12,6,2,42,0,0,0,1,35,87108,6,1,0,0,3,3,65,185,98,0,0,0,0,0,0,0,0,3,0,0,0,0,1,2,10,1,1,2,1,0,0,1,12,99,1,4,98,1,0
35,350259,1,1,2,2,10,7,10,59,0,1,0,35,2,63,402,63402,14,2007,KNDJD7367756,K,N,D,J,D,7,3,6,7,7,5,6,0,0,0,000000000,00000000000,0,0,0,1,0,0,0,0,0,0,0,998,0,1,5,82,4,3,1,0,0,0,1,99,99999,9,9,99,9,9,9,999,99,99,99,99,99,99,99,9999,99,9999,0,99,99,99,99,1,3,60,2,2,2,1,0,0,14,13,6,1,4,98,1,0
35,350260,1,1,5,21,10,14,21,5,0,1,0,35,1,23,499,23499,48,1985,1GTGC24M4FJ5,1,G,T,G,C,2,4,M,4,F,J,5,0,0,0,000000000,00000000000,0,0,0,1,0,0,0,0,0,0,0,998,0,0,0,0,0,5,5,0,0,0,1,35,87510,6,1,0,0,3,0,70,140,98,0,0,0,0,0,0,0,0,0,0,0,0,0,1,2,99,9,9,5,1,0,0,1,98,1,1,1,0,1,0
35,350261,1,1,1,1,11,22,14,1,0,1,0,35,1,20,37,20037,4,2006,1G1ZT51856F1,1,G,1,Z,T,5,1,8,5,6,F,1,0,0,0,000000000,00000000000,0,0,0,1,0,0,0,0,0,0,0,998,0,1,2,0,6,2,1,0,0,0,1,35,88426,6,1,0,0,3,3,63,125,98,0,0,0,0,0,0,0,0,0,0,0,0,0,2,2,55,2,2,2,1,0,0,14,13,8,2,5,98,1,0
35,350262,1,1,2,8,11,10,51,24,0,1,0,48,1,41,471,41471,30,2001,4F4YR16V11TM,4,F,4,Y,R,1,6,V,1,1,T,M,0,0,0,000000000,00000000000,0,0,0,1,0,0,0,0,0,0,0,998,0,1,3,98,6,2,1,0,0,0,1,48,79938,6,1,0,0,3,0,999,999,0,0,0,0,0,0,0,0,0,0,80,0,0,0,2,2,75,1,1,2,1,0,0,1,1,99,9,4,7,1,0
35,350263,1,1,2,13,11,13,14,1,0,1,0,39,2,7,442,7442,20,2005,1D4GP25R15B1,1,D,4,G,P,2,5,R,1,5,B,1,0,0,0,000000000,00000000000,0,0,0,1,0,0,0,0,0,0,0,998,0,1,3,0,6,2,1,0,0,1,1,6,95354,6,1,0,0,3,0,68,185,0,1,0,0,0,7,2013,7,2013,0,80,0,0,0,2,2,75,1,1,2,1,0,0,1,1,6,4,4,7,2,0
35,350264,1,1,1,18,11,7,13,38,0,1,0,35,2,34,34,34034,3,1998,WBACG7329WKC,W,B,A,C,G,7,3,2,9,W,K,C,0,0,0,000000000,00000000000,0,0,0,1,0,0,0,0,0,0,0,998,0,1,1,12,6,2,1,0,0,0,1,35,87566,0,0,0,0,0,0,69,115,98,0,0,0,0,0,0,0,0,9,0,0,0,0,1,2,45,1,1,2,1,0,0,1,12,99,1,4,98,1,0
35,350265,1,1,3,26,11,4,14,35,0,1,0,4,1,22,22,22022,4,2005,1G2ZH5283541,1,G,2,Z,H,5,2,8,3,5,4,1,0,0,0,000000000,00000000000,0,0,0,1,0,0,0,0,0,0,0,998,0,2,5,99,6,2,1,0,0,0,1,4,85031,6,1,0,0,3,0,61,155,0,0,0,0,0,0,0,0,0,5,58,0,0,0,2,2,75,1,1,2,1,98,9,1,11,7,5,4,98,1,0
35,350266,1,2,2,24,11,7,52,12,2,1,0,35,2,6,51,6051,4,2012,2C3CCACG9CH2,2,C,3,C,C,A,C,G,9,C,H,2,0,0,0,000000000,00000000000,0,0,0,1,0,0,0,0,0,0,0,998,0,0,0,12,6,2,12,0,0,0,1,35,87105,6,1,0,0,3,0,70,185,98,0,0,0,0,0,0,0,0,0,0,0,0,0,5,2,35,1,1,2,1,0,0,1,62,99,1,1,51,0,0
35,350266,2,2,1,24,11,7,52,12,2,1,0,35,1,24,7,24007,4,2007,1G8AJ55F37Z1,1,G,8,A,J,5,5,F,3,7,Z,1,0,0,0,000000000,00000000000,0,0,0,1,0,0,0,0,0,0,0,998,0,0,0,12,6,2,12,0,0,0,1,35,87106,6,1,6,0,3,0,72,142,98,0,0,0,0,0,0,0,0,0,0,0,0,0,5,2,35,1,1,2,1,0,0,1,10,99,1,2,50,1,0
35,350267,1,1,1,29,11,18,50,8,0,1,0,35,1,12,471,12471,30,1997,1FTCR14A6VPA,1,F,T,C,R,1,4,A,6,V,P,A,0,0,0,000000000,00000000000,0,0,0,1,0,0,0,0,0,0,0,998,0,0,0,12,2,5,8,0,0,0,1,35,87121,6,1,0,0,3,0,71,210,98,0,0,0,0,0,0,0,0,0,0,0,0,0,2,3,40,1,1,2,1,0,0,1,80,8,1,1,13,0,0
35,350268,1,2,1,22,11,16,49,12,6,1,0,35,3,49,403,49403,14,2003,JTEGF21A0301,J,T,E,G,F,2,1,A,0,3,0,1,0,0,0,000000000,00000000000,0,0,0,1,0,0,0,0,0,0,0,998,0,0,0,82,6,2,12,0,0,0,1,35,87002,6,1,0,0,3,0,65,130,98,4,0,1,4,9,2012,5,2013,0,38,0,0,0,5,2,30,1,1,2,1,2,3,11,16,1,1,1,68,0,1
35,350268,2,2,1,22,11,16,49,12,6,1,0,35,2,76,705,76705,80,1997,JYA5AHE08VA0,J,Y,A,5,A,H,E,0,8,V,A,0,0,0,0,000000000,00000000000,0,0,0,1,0,0,0,0,0,0,0,998,0,0,0,12,6,2,12,0,0,0,1,35,87002,6,2,0,0,3,0,71,130,98,0,0,0,0,0,0,0,0,3,0,0,0,0,5,2,30,1,1,2,1,2,3,1,17,99,1,1,69,1,0
35,350269,1,2,1,16,10,20,37,12,6,1,0,35,1,55,33,55033,4,2009,5NPET46CX9H4,5,N,P,E,T,4,6,C,X,9,H,4,0,0,0,000000000,00000000000,0,0,0,1,0,0,0,0,0,0,0,998,0,0,0,83,2,5,12,0,0,0,1,35,87124,6,1,0,0,3,0,67,170,98,0,0,0,0,0,0,0,0,0,0,0,0,0,2,2,98,1,1,2,1,3,3,11,54,1,1,1,68,0,0
35,350269,2,2,1,16,10,20,37,12,6,1,0,35,2,53,705,53705,80,2003,JS1GN7BAX321,J,S,1,G,N,7,B,A,X,3,2,1,0,0,0,000000000,00000000000,0,0,0,1,0,0,0,0,0,0,0,998,0,0,0,12,6,2,12,0,0,0,1,35,87124,6,1,0,0,3,0,70,175,98,0,0,0,0,0,0,0,0,5,0,0,0,0,2,2,98,1,1,2,1,3,3,1,55,3,1,1,69,1,0
35,350270,1,1,4,18,11,0,48,1,0,1,0,35,1,55,33,55033,4,2005,KMHWF35H55A1,K,M,H,W,F,3,5,H,5,5,A,1,0,0,0,000000000,00000000000,0,0,0,1,0,0,0,0,0,0,0,998,0,1,2,0,6,2,1,0,0,0,1,35,87108,1,1,0,0,2,0,62,153,98,1,0,0,0,8,2013,8,2013,0,35,0,0,0,2,2,75,1,3,2,1,0,0,6,13,9,1,4,98,1,0
35,350271,1,2,1,18,10,2,50,12,1,1,0,35,1,76,709,76709,80,1979,3H3013408,3,H,3,0,1,3,4,0,8,,,,0,0,0,000000000,00000000000,0,0,0,1,0,0,0,0,0,0,0,0,0,0,0,6,6,2,12,0,0,0,1,35,87111,6,1,0,0,3,0,69,165,98,0,0,0,0,0,0,0,0,0,0,0,0,0,2,3,98,1,1,2,2,3,3,5,53,99,1,1,21,1,0
35,350271,2,2,1,18,10,2,50,12,1,1,0,35,2,52,37,52037,3,1997,4A3AK44Y7VE0,4,A,3,A,K,4,4,Y,7,V,E,0,0,0,0,000000000,00000000000,0,0,0,1,0,0,0,0,0,0,0,998,0,0,0,12,6,2,12,0,0,0,1,35,87111,2,1,0,0,2,0,60,115,98,3,2,0,0,9,2014,10,2014,5,6,0,0,0,2,3,98,1,1,2,2,3,3,1,50,99,1,1,20,0,1
35,350272,1,1,4,2,11,12,45,1,0,1,0,35,1,12,422,12422,15,1999,1FMRU1767XLB,1,F,M,R,U,1,7,6,7,X,L,B,0,0,0,000000000,00000000000,0,0,0,1,0,0,0,0,0,0,0,998,0,1,5,0,6,2,1,0,0,0,1,35,87401,6,1,0,0,3,0,69,148,98,0,0,0,0,0,0,0,0,4,0,0,0,0,2,2,70,1,1,2,10,0,0,1,13,7,5,4,98,1,0
35,350273,1,1,1,11,11,6,23,1,0,1,0,35,2,12,481,12481,31,2004,2FTRX172X4CA,2,F,T,R,X,1,7,2,X,4,C,A,0,0,0,000000000,00000000000,0,0,0,1,0,0,0,0,0,0,0,998,0,1,3,0,6,2,1,0,0,0,1,35,87323,6,1,0,0,3,3,68,124,98,0,0,0,0,0,0,0,0,0,0,0,0,0,2,2,75,1,1,2,1,0,0,1,12,99,1,4,6,1,0
35,350274,1,2,2,29,11,4,45,12,2,1,0,35,2,20,2,20002,4,2006,2G1WB55K2691,2,G,1,W,B,5,5,K,2,6,9,1,0,0,0,000000000,00000000000,0,0,0,1,0,0,0,0,0,0,0,998,0,0,0,12,6,2,12,0,0,0,1,35,87544,2,1,0,0,2,3,72,200,98,1,0,0,0,2,2012,2,2012,0,6,0,0,0,1,2,55,4,1,2,1,0,0,14,10,1,1,2,50,0,0
35,350274,2,2,1,29,11,4,45,12,2,1,0,35,2,20,16,20016,4,1995,1G1JC5242S71,1,G,1,J,C,5,2,4,2,S,7,1,0,0,0,000000000,00000000000,0,0,0,1,0,0,0,0,0,0,0,998,0,0,0,12,6,2,12,0,0,0,1,35,87532,6,1,0,0,3,3,60,200,98,0,0,0,0,0,0,0,0,0,0,0,0,0,1,2,55,4,1,2,1,0,0,14,54,7,1,2,51,1,0
35,350275,1,2,3,21,11,11,38,12,2,1,0,35,3,23,481,23481,31,2001,2GTEC19V1112,2,G,T,E,C,1,9,V,1,1,1,2,0,0,0,000000000,00000000000,0,0,0,1,0,0,0,0,0,0,0,998,0,0,0,12,6,2,12,0,0,0,1,35,87301,6,1,0,0,3,3,63,220,98,0,0,0,0,0,0,0,0,0,0,0,0,0,2,2,55,1,1,2,1,0,0,1,54,99,1,1,51,1,0
35,350275,2,2,1,21,11,11,38,12,2,1,0,35,1,20,481,20481,31,1995,1GCEC19H8SE2,1,G,C,E,C,1,9,H,8,S,E,2,0,0,0,000000000,00000000000,0,0,0,1,0,0,0,0,0,0,0,998,0,0,0,12,6,2,12,0,0,0,1,35,87375,1,1,0,0,2,0,67,135,98,2,1,0,1,2,2014,4,2014,0,36,28,0,0,2,2,55,1,1,2,1,0,0,1,10,99,1,2,50,1,0
35,350276,1,2,2,21,11,23,37,12,6,1,1,35,2,20,481,20481,31,2007,2GCFK13Y9717,2,G,C,F,K,1,3,Y,9,7,1,7,0,0,0,000000000,00000000000,0,0,0,1,0,0,0,0,0,0,0,998,0,0,0,12,6,2,12,0,0,0,1,35,87104,1,1,0,0,2,3,72,165,98,1,0,0,0,5,2013,5,2013,4,6,0,0,0,5,4,98,1,1,2,1,0,0,1,72,99,1,2,69,0,0
35,350276,2,2,4,21,11,23,37,12,6,1,0,35,2,59,31,59031,4,1998,JT8BF28G4W50,J,T,8,B,F,2,8,G,4,W,5,0,0,0,0,000000000,00000000000,0,0,0,1,0,0,0,0,0,0,0,998,0,0,0,61,6,2,12,0,0,0,1,35,87102,6,1,0,0,3,0,66,115,98,0,0,0,0,0,0,0,0,0,0,0,0,0,0,0,0,0,0,0,0,0,0,11,98,99,1,2,68,2,1
35,350277,1,2,1,14,11,10,37,12,6,1,0,35,1,20,2,20002,4,2010,2G1WA5EK1A11,2,G,1,W,A,5,E,K,1,A,1,1,0,0,0,000000000,00000000000,0,0,0,1,0,0,0,0,0,0,0,998,0,0,0,12,6,2,12,0,0,0,1,35,87533,6,1,0,0,3,0,66,270,98,0,0,0,0,0,0,0,0,0,58,0,0,0,2,2,65,1,1,2,1,0,0,1,10,7,1,2,98,1,0
35,350277,2,2,1,14,11,10,37,12,6,1,0,35,1,7,26,7026,4,2013,1C3CDZAB9DN7,1,C,3,C,D,Z,A,B,9,D,N,7,0,0,0,000000000,00000000000,0,0,0,1,0,0,0,0,0,0,0,998,0,0,0,63,6,2,12,0,0,0,1,35,87506,6,1,0,0,3,3,68,225,98,0,0,0,0,0,0,0,0,0,0,0,0,0,2,3,65,1,1,2,1,0,0,1,54,99,1,1,98,0,0
35,350278,1,1,1,14,11,21,0,8,0,1,0,35,1,7,29,7029,4,2013,1C3CDFBA2DD3,1,C,3,C,D,F,B,A,2,D,D,3,0,0,0,000000000,00000000000,0,0,0,1,0,0,0,0,0,0,0,998,0,0,0,12,6,2,8,0,0,0,1,35,87123,6,1,0,0,3,0,75,200,98,0,0,0,0,0,0,0,0,0,0,0,0,0,5,2,35,1,2,2,1,0,0,1,80,1,1,1,13,0,0
35,350279,1,1,3,1,11,11,2,8,0,1,0,35,1,23,421,23421,15,2004,1GKEC13V74J2,1,G,K,E,C,1,3,V,7,4,J,2,0,0,0,000000000,00000000000,0,0,0,1,0,0,0,0,0,0,0,998,0,0,0,12,2,5,8,0,0,0,1,35,87113,6,1,0,0,3,0,63,145,98,0,0,0,0,0,0,0,0,0,0,0,0,0,2,2,50,1,2,2,1,0,0,1,80,2,1,1,13,0,0
35,350280,1,1,1,3,11,20,18,8,0,1,0,18,3,51,881,51881,63,2011,4V4NC9EJ0BN2,4,V,4,N,C,9,E,J,0,B,N,2,1,1,57,000345518,57000345518,3,4,98,2,2,1977,88,2,0,0,0,998,0,0,0,12,4,5,8,0,0,0,1,18,47963,6,1,6,1,3,3,67,175,0,0,0,0,1,10,2012,10,2012,0,0,0,0,0,1,4,70,1,1,2,1,0,0,1,80,6,1,2,13,0,0
35,350281,1,1,1,9,11,0,6,21,0,1,0,6,1,30,40,30040,4,2012,3VWDP7AJ8CM3,3,V,W,D,P,7,A,J,8,C,M,3,0,0,0,000000000,00000000000,0,0,0,1,0,0,0,0,0,0,0,998,0,0,0,12,6,2,21,0,0,0,1,35,87116,6,1,0,0,3,0,64,150,98,0,0,0,0,0,0,0,0,4,0,0,0,0,1,2,30,3,1,2,1,0,0,14,12,99,1,4,98,1,0
35,350282,1,2,2,17,11,7,42,12,6,1,0,35,3,89,882,89882,63,2005,5VCDC6MF65H2,5,V,C,D,C,6,M,F,6,5,H,2,0,0,77,777777777,77777777777,3,2,7,1,0,0,0,0,0,0,0,998,0,0,0,61,6,2,12,0,0,0,1,35,87121,6,1,6,2,3,0,72,195,98,0,0,0,0,0,0,0,0,0,0,0,0,0,0,0,0,0,0,0,0,0,0,11,98,99,1,1,68,0,0
35,350282,2,2,1,17,11,7,42,12,6,1,0,35,2,37,32,37032,4,2000,JHMCG5644YC0,J,H,M,C,G,5,6,4,4,Y,C,0,0,0,0,000000000,00000000000,0,0,0,1,0,0,0,0,0,0,0,998,0,0,0,12,6,2,12,0,0,0,1,35,87109,6,1,0,0,3,3,67,250,98,0,0,0,0,0,0,0,0,3,0,0,0,0,2,2,40,1,1,2,1,0,0,1,72,99,1,1,69,1,0
35,350283,1,1,1,4,11,19,4,8,0,1,0,35,1,82,881,82881,62,2000,1FV3GFBC2YHF,1,F,V,3,G,F,B,C,2,Y,H,F,0,0,77,777777777,77777777777,2,1,96,1,0,0,0,0,0,0,0,998,0,0,0,12,2,5,8,0,0,0,1,35,87031,6,1,0,0,3,3,71,190,98,0,0,1,0,0,0,0,0,0,0,0,0,0,2,2,40,1,1,2,1,0,0,1,80,1,1,1,13,0,0
35,350284,1,4,1,14,11,19,46,8,0,1,0,35,3,37,421,37421,15,2005,5FNYF18525B0,5,F,N,Y,F,1,8,5,2,5,B,0,0,0,0,000000000,00000000000,0,0,0,1,0,0,0,0,0,0,0,998,0,0,0,12,6,2,8,0,0,1,1,35,87109,6,1,6,0,3,3,65,145,98,0,0,0,0,0,0,0,0,0,0,0,0,0,3,3,65,1,1,2,1,0,0,1,80,98,1,3,13,0,0
35,350284,2,4,2,14,11,19,46,8,0,1,0,35,1,7,442,7442,20,2013,2C4RDGBG8DR7,2,C,4,R,D,G,B,G,8,D,R,7,0,0,0,000000000,00000000000,0,0,0,1,0,0,0,0,0,0,0,998,0,0,0,12,0,5,8,0,0,0,1,35,87109,6,1,0,0,3,3,66,325,98,0,0,0,0,0,0,0,0,0,0,0,0,0,2,3,65,1,1,2,1,0,0,1,80,1,1,1,98,0,0
35,350284,3,4,4,14,11,19,46,8,0,1,0,35,2,37,32,37032,4,2003,3HGCM56313G7,3,H,G,C,M,5,6,3,1,3,G,7,0,0,0,000000000,00000000000,0,0,0,1,0,0,0,0,0,0,0,998,0,0,0,12,2,5,8,0,0,0,1,35,87505,6,1,0,0,3,0,61,130,98,0,0,0,0,0,0,0,0,0,0,0,0,0,3,3,65,1,1,2,1,0,0,1,80,99,1,1,98,0,0
35,350284,4,4,1,14,11,19,46,8,0,1,0,35,1,52,34,52034,4,2006,4A3AB36F06E0,4,A,3,A,B,3,6,F,0,6,E,0,0,0,0,000000000,00000000000,0,0,0,1,0,0,0,0,0,0,0,998,0,0,0,62,0,5,8,0,0,0,1,35,87501,6,1,0,0,3,0,75,210,98,0,0,0,0,0,0,0,0,0,0,0,0,0,3,3,65,1,1,2,1,0,0,1,80,99,1,1,98,0,0
35,350285,1,1,1,29,11,15,58,31,0,1,0,35,3,76,706,76706,80,2002,JYAVP11E42A0,J,Y,A,V,P,1,1,E,4,2,A,0,0,0,0,000000000,00000000000,0,0,0,1,0,0,0,0,0,0,0,998,0,0,0,12,6,2,1,0,0,0,1,35,87401,6,1,0,0,3,3,72,250,98,0,0,0,0,0,0,0,0,3,0,0,0,0,1,3,65,3,1,2,1,0,0,14,13,99,1,4,98,1,1
35,350286,3,1,1,19,11,0,18,51,0,1,0,35,3,84,881,84881,66,1999,2HSFTAMR8XC0,2,H,S,F,T,A,M,R,8,X,C,0,1,2,57,767142,57767142,3,6,98,1,0,0,0,0,0,0,0,998,0,0,0,0,6,2,8,0,0,0,1,48,75657,6,1,6,1,3,0,999,999,0,0,0,0,0,0,0,0,0,0,84,0,0,0,1,2,65,1,1,2,1,0,0,1,50,3,1,1,0,0,0
35,350287,1,1,3,5,11,2,43,1,0,1,0,35,2,20,401,20401,14,1996,1GNDT13W0T22,1,G,N,D,T,1,3,W,0,T,2,2,0,0,0,000000000,00000000000,0,0,0,1,0,0,0,0,0,0,0,998,0,1,1,0,6,2,1,0,0,0,1,35,87327,0,0,0,0,0,0,69,168,98,0,0,0,0,0,0,0,0,5,58,0,0,0,1,2,65,1,2,2,1,0,0,1,10,7,1,2,98,1,1
35,350288,1,1,3,4,11,18,30,8,0,1,0,35,2,24,1,24001,4,1993,1G8ZK5576PZ3,1,G,8,Z,K,5,5,7,6,P,Z,3,0,0,0,000000000,00000000000,0,0,0,1,0,0,0,0,0,0,0,998,0,0,0,12,4,5,8,0,0,0,1,35,87104,6,1,0,0,3,3,63,107,98,0,0,0,0,0,0,0,0,0,0,0,0,0,2,3,55,1,2,2,1,2,3,1,80,4,1,1,13,0,0
35,350289,1,1,1,19,11,21,5,8,0,1,1,35,0,59,33,59033,2,1992,JT8UZ30C7N00,J,T,8,U,Z,3,0,C,7,N,0,0,0,0,0,000000000,00000000000,0,0,0,1,0,0,0,0,0,0,0,998,0,0,0,12,2,3,8,0,0,0,1,35,87112,6,1,0,0,3,0,75,167,98,0,0,1,0,7,2012,7,2012,0,86,0,0,0,2,3,40,1,1,2,1,98,9,1,80,99,1,3,13,0,0
35,350290,1,1,1,27,11,22,20,8,0,1,1,35,1,7,41,7041,4,1996,1B3HD46T1TF1,1,B,3,H,D,4,6,T,1,T,F,1,0,0,0,000000000,00000000000,0,0,0,1,0,0,0,0,0,0,0,998,0,0,0,12,4,3,8,0,0,0,1,35,87316,1,1,0,0,2,0,71,140,98,1,0,0,0,11,2014,11,2014,0,0,0,0,0,2,2,65,1,1,2,1,0,0,1,80,99,1,9,13,0,0
35,350291,1,1,2,27,11,13,32,42,0,1,0,35,2,98,709,98709,89,9999,999999999999,9,9,9,9,9,9,9,9,9,9,9,9,0,0,0,000000000,00000000000,0,0,0,1,0,0,0,0,0,0,0,998,0,0,0,12,6,2,42,0,0,0,1,35,87004,1,1,0,0,2,0,69,150,98,1,0,0,0,12,2012,12,2012,5,0,0,0,0,1,2,15,1,1,5,1,98,9,1,14,99,1,4,14,1,1
35,350292,1,1,1,12,11,21,47,39,0,1,0,35,1,72,706,72706,80,2001,1HD1FBW101Y6,1,H,D,1,F,B,W,1,0,1,Y,6,0,0,0,000000000,00000000000,0,0,0,1,0,0,0,0,0,0,0,998,0,0,0,12,6,2,39,0,0,0,1,35,88001,6,1,0,0,2,0,67,263,98,0,0,1,0,8,2012,8,2012,0,0,0,0,0,2,2,45,1,1,2,1,0,0,1,13,99,1,4,1,1,0
35,350293,1,1,2,16,7,15,43,21,0,1,0,26,1,2,404,2404,14,1999,1J4FF68S6XL5,1,J,4,F,F,6,8,S,6,X,L,5,0,0,0,000000000,00000000000,0,0,0,1,0,0,0,0,0,0,0,998,0,0,0,12,6,2,21,0,0,0,1,26,49306,6,1,0,0,3,3,64,250,0,0,0,0,0,0,0,0,0,0,0,0,0,0,2,2,75,1,1,2,1,0,0,1,13,99,1,4,1,2,0