STATE,ST_CASE,VEH_NO,VE_FORMS,NUMOCCS,DAY,MONTH,HOUR,MINUTE,HARM_EV,MAN_COLL,UNITTYPE,HIT_RUN,REG_STAT,OWNER,MAKE,MODEL,MAK_MOD,BODY_TYP,MOD_YEAR,VIN,VIN_1,VIN_2,VIN_3,VIN_4,VIN_5,VIN_6,VIN_7,VIN_8,VIN_9,VIN_10,VIN_11,VIN_12,TOW_VEH,J_KNIFE,MCARR_I1,MCARR_I2,MCARR_ID,GVWR,V_CONFIG,CARGO_BT,HAZ_INV,HAZ_PLAC,HAZ_ID,HAZ_CNO,HAZ_REL,BUS_USE,SPEC_USE,EMER_USE,TRAV_SP,UNDERIDE,ROLLOVER,ROLINLOC,IMPACT1,DEFORMED,TOWED,M_HARM,VEH_SC1,VEH_SC2,FIRE_EXP,DR_PRES,L_STATE,DR_ZIP,L_STATUS,L_TYPE,CDL_STAT,L_ENDORS,L_COMPL,L_RESTRI,DR_HGT,DR_WGT,PREV_ACC,PREV_SUS,PREV_DWI,PREV_SPD,PREV_OTH,FIRST_MO,FIRST_YR,LAST_MO,LAST_YR,SPEEDREL,DR_SF1,DR_SF2,DR_SF3,DR_SF4,VTRAFWAY,VNUM_LAN,VSPD_LIM,VALIGN,VPROFILE,VPAVETYP,VSURCOND,VTRAFCON,VTCONT_F,P_CRASH1,P_CRASH2,P_CRASH3,PCRASH4,PCRASH5,ACC_TYPE,DEATHS,DR_DRINK
35,350294,1,1,2,15,9,19,30,8,0,1,0,48,3,20,481,20481,40,2003,1GBGC24U63Z3,1,G,B,G,C,2,4,U,6,3,Z,3,0,0,0,000000000,00000000000,0,0,0,1,0,0,0,0,0,0,0,998,0,0,0,11,2,5,8,0,0,0,1,48,79745,6,1,6,0,3,0,999,999,0,1,0,1,1,7,2013,3,2014,0,0,0,0,0,1,2,30,1,1,2,1,97,8,1,80,7,1,1,13,0,0
35,350295,1,2,1,5,10,17,5,12,6,1,0,35,3,12,481,12481,31,2008,1FTRF12268KC,1,F,T,R,F,1,2,2,6,8,K,C,0,0,0,000000000,00000000000,0,0,0,1,0,0,0,0,0,0,0,998,0,0,0,12,6,2,12,0,0,0,1,35,88101,6,1,0,0,3,0,62,125,98,0,0,0,0,0,0,0,0,0,6,39,0,0,1,2,55,1,1,2,1,0,0,1,17,99,1,1,88,0,0
35,350295,2,2,2,5,10,17,5,12,6,1,0,35,3,12,481,12481,31,1995,1FTEF14N7SNA,1,F,T,E,F,1,4,N,7,S,N,A,0,0,0,000000000,00000000000,0,0,0,1,0,0,0,0,0,0,0,998,0,0,0,61,6,2,12,0,0,0,1,35,88101,6,1,0,0,3,3,64,115,98,0,0,0,0,0,0,0,0,0,0,0,0,0,1,2,55,1,1,2,1,0,0,1,66,99,1,1,89,1,0
35,350296,1,1,3,2,11,19,30,1,0,1,0,35,2,20,16,20016,2,2002,1G1JH12T4271,1,G,1,J,H,1,2,T,4,2,7,1,0,0,0,000000000,00000000000,0,0,0,1,0,0,0,0,0,0,0,998,0,1,1,0,6,2,1,0,0,0,1,35,88101,6,7,0,0,3,3,70,135,98,0,0,0,0,0,0,0,0,5,6,0,0,0,1,2,50,1,2,2,1,0,0,1,10,99,1,2,98,1,0
35,350297,1,2,1,9,12,8,30,12,6,1,0,35,3,20,481,20481,31,2006,1GCHK33226F1,1,G,C,H,K,3,3,2,2,6,F,1,1,1,0,000000000,00000000000,0,0,0,1,0,0,0,0,0,0,0,998,2,0,0,12,6,2,12,0,0,0,1,35,88310,6,1,0,0,3,3,72,145,98,0,0,1,0,10,2013,10,2013,0,28,0,0,0,1,2,65,1,1,2,1,0,0,1,10,99,1,2,64,1,0
35,350297,2,2,1,9,12,8,30,12,6,1,0,56,3,87,881,87881,66,2007,1XP5DB9X17D6,1,X,P,5,D,B,9,X,1,7,D,6,1,1,57,472709,57472709,3,6,3,1,0,0,0,0,0,0,0,998,0,0,0,63,6,2,12,0,0,0,1,35,87313,6,1,6,1,3,0,67,155,98,0,0,0,0,0,0,0,0,0,0,0,0,0,1,2,65,1,1,2,1,0,0,1,62,98,1,2,65,0,0
35,350298,1,1,1,7,12,18,5,8,0,1,0,4,1,20,482,20482,31,2004,3GNEC12T24G2,3,G,N,E,C,1,2,T,2,4,G,2,0,0,0,000000000,00000000000,0,0,0,1,0,0,0,0,0,0,0,998,0,0,0,82,4,5,8,0,0,0,1,4,86504,6,1,0,0,3,3,68,160,0,0,0,0,0,0,0,0,0,0,0,0,0,0,2,2,45,1,1,2,1,0,0,1,80,1,1,1,13,0,0
35,350299,1,1,1,14,12,17,45,1,0,1,0,35,1,55,401,55401,14,2007,5NMSH13E17H0,5,N,M,S,H,1,3,E,1,7,H,0,0,0,0,000000000,00000000000,0,0,0,1,0,0,0,0,0,0,0,998,0,1,5,0,6,2,1,0,0,0,1,35,88203,2,1,0,0,2,0,65,250,98,1,1,0,0,10,2013,10,2013,0,0,0,0,0,1,2,45,1,1,2,1,0,0,1,13,99,1,4,1,1,1
35,350300,1,2,1,9,12,17,11,12,2,1,0,35,1,20,16,20016,4,1998,1G1JC5244W72,1,G,1,J,C,5,2,4,4,W,7,2,0,0,0,000000000,00000000000,0,0,0,1,0,0,0,0,0,0,0,998,0,0,0,12,6,2,12,0,0,0,1,35,88081,6,1,0,0,3,3,65,170,98,0,0,1,0,8,2012,8,2012,0,0,0,0,0,1,2,65,1,1,2,1,0,0,1,62,7,1,1,51,0,0
35,350300,2,2,2,9,12,17,11,12,2,1,0,48,1,37,31,37031,2,1999,1HGEJ7121XL0,1,H,G,E,J,7,1,2,1,X,L,0,0,0,0,000000000,00000000000,0,0,0,1,0,0,0,0,0,0,0,998,0,0,0,12,6,2,12,0,0,0,1,48,79821,1,1,0,0,2,3,999,999,0,1,0,1,0,11,2012,5,2013,0,58,28,0,0,1,2,65,1,1,2,1,0,0,1,10,99,1,2,50,1,1
35,350301,1,1,2,7,12,0,31,8,0,1,0,35,1,20,25,20025,4,2014,1G1PA5SH1E72,1,G,1,P,A,5,S,H,1,E,7,2,0,0,0,000000000,00000000000,0,0,0,1,0,0,0,0,0,0,0,998,0,0,0,12,6,2,8,0,0,0,1,35,87375,6,1,0,0,3,0,62,150,98,0,0,1,0,2,2014,2,2014,0,0,0,0,0,2,2,75,1,1,2,1,0,0,1,80,1,1,2,13,0,0
35,350302,1,1,4,2,3,2,36,30,0,1,0,35,1,20,421,20421,15,1997,1GNEK13R9VJ3,1,G,N,E,K,1,3,R,9,V,J,3,0,0,0,000000000,00000000000,0,0,0,1,0,0,0,0,0,0,0,998,0,1,5,12,6,2,1,0,0,0,1,35,87571,6,1,0,0,3,0,72,245,98,0,0,0,0,0,0,0,0,3,0,0,0,0,1,2,45,3,1,2,1,0,0,14,13,99,1,4,98,1,1
35,350303,1,1,3,3,12,2,23,33,0,1,0,35,2,55,35,55035,4,2010,KMHDU4AD0AU8,K,M,H,D,U,4,A,D,0,A,U,8,0,0,0,000000000,00000000000,0,0,0,1,0,0,0,0,0,0,0,998,0,2,5,12,6,2,1,0,0,0,1,35,87401,6,1,0,0,3,0,68,145,98,0,0,2,0,0,0,0,0,4,0,0,0,0,2,2,50,4,1,2,1,0,0,14,12,1,5,4,7,1,1
35,350304,1,2,1,20,9,18,59,12,6,1,0,35,1,35,47,35047,4,2008,1N4BL21EX8N4,1,N,4,B,L,2,1,E,X,8,N,4,0,0,0,000000000,00000000000,0,0,0,1,0,0,0,0,0,0,0,998,0,0,0,83,6,2,12,0,0,0,1,35,87107,6,1,0,0,3,3,62,180,98,0,0,0,0,0,0,0,0,0,0,0,0,0,1,2,98,1,1,2,1,0,0,1,17,1,1,2,87,0,0
35,350304,2,2,1,20,9,18,59,12,6,1,0,35,2,53,706,53706,80,2001,JS1VS53A0121,J,S,1,V,S,5,3,A,0,1,2,1,0,0,0,000000000,00000000000,0,0,0,1,0,0,0,0,0,0,0,998,0,0,0,12,6,2,12,0,0,0,1,35,87505,1,1,0,0,2,0,72,200,98,1,0,0,0,1,2012,1,2012,5,6,0,0,0,1,2,98,1,1,2,1,0,0,1,17,99,1,2,86,1,1
35,350305,1,1,1,20,12,17,59,8,0,1,0,35,2,12,481,12481,31,2007,1FTPX12V47FB,1,F,T,P,X,1,2,V,4,7,F,B,0,0,0,000000000,00000000000,0,0,0,1,0,0,0,0,0,0,0,998,0,0,0,12,4,5,8,0,0,0,1,35,87301,6,1,0,0,3,3,67,180,98,0,0,0,0,0,0,0,0,0,0,0,0,0,5,2,35,1,1,2,1,0,0,1,80,1,1,1,13,0,0
35,350306,1,1,1,24,12,18,53,8,0,1,1,35,2,54,31,54031,3,1994,JH4DC434XRS0,J,H,4,D,C,4,3,4,X,R,S,0,0,0,0,000000000,00000000000,0,0,0,1,0,0,0,0,0,0,0,998,0,0,0,12,4,3,8,0,0,0,1,35,87507,6,1,0,0,3,3,74,165,98,0,0,0,0,0,0,0,0,0,0,0,0,0,2,4,40,1,1,2,1,0,0,1,80,99,1,9,13,0,0
35,350307,1,1,1,12,12,5,25,8,0,1,0,35,2,54,32,54032,4,1986,JH4KA2641GC0,J,H,4,K,A,2,6,4,1,G,C,0,0,0,0,000000000,00000000000,0,0,0,1,0,0,0,0,0,0,0,998,0,0,0,1,2,5,8,0,0,0,1,35,87042,6,1,6,0,3,3,74,200,98,0,0,0,0,0,0,0,0,0,0,0,0,0,3,4,65,1,1,2,1,0,0,1,80,1,1,1,13,0,0
35,350308,1,1,5,27,12,15,17,1,0,1,0,48,2,6,441,6441,20,2000,1C4GP64L6YB5,1,C,4,G,P,6,4,L,6,Y,B,5,0,0,0,000000000,00000000000,0,0,0,1,0,0,0,0,0,0,0,998,0,2,5,0,6,2,1,0,0,0,1,48,79107,0,0,0,0,0,0,999,999,0,0,0,0,0,0,0,0,0,0,6,0,0,0,2,2,70,1,1,2,1,0,0,1,12,9,7,4,2,1,0
35,350309,1,1,1,22,6,21,20,8,0,1,1,99,9,99,999,99999,99,9999,999999999999,9,9,9,9,9,9,9,9,9,9,9,9,9,0,0,000000000,00000000000,0,0,0,1,0,0,0,0,0,99,9,999,0,0,0,12,9,5,8,99,99,0,1,99,99999,9,9,99,9,9,9,999,999,99,99,99,99,99,99,9999,99,9999,0,99,99,99,99,1,2,45,1,1,2,1,0,0,1,80,99,1,9,13,0,0
35,350310,1,1,1,30,12,17,54,8,0,1,1,35,1,54,38,54038,3,2003,JH4DC54833C0,J,H,4,D,C,5,4,8,3,3,C,0,0,0,0,000000000,00000000000,0,0,0,1,0,0,0,0,0,0,0,998,0,0,0,12,9,3,8,0,0,0,1,35,87107,6,1,0,0,3,3,73,200,98,0,0,0,0,0,0,0,0,0,0,0,0,0,2,2,40,1,1,2,1,0,0,1,82,99,1,1,13,0,0
35,350311,1,2,5,8,12,6,43,12,6,1,0,35,3,54,38,54038,3,2005,JH4DC53875S0,J,H,4,D,C,5,3,8,7,5,S,0,0,0,0,000000000,00000000000,0,0,0,1,0,0,0,0,0,0,0,998,0,0,0,62,6,2,12,0,0,0,1,35,87121,6,1,0,0,3,0,63,155,98,0,0,0,0,0,0,0,0,0,38,0,0,0,5,4,25,1,1,2,1,20,3,11,15,99,1,7,82,1,0
35,350311,2,2,2,8,12,6,43,12,6,1,0,35,1,49,403,49403,14,2015,5TDJKRFH2FS1,5,T,D,J,K,R,F,H,2,F,S,1,0,0,0,000000000,00000000000,0,0,0,1,0,0,0,0,0,0,0,998,0,0,0,12,6,2,12,0,0,0,1,35,87120,6,1,0,0,3,0,68,175,98,0,0,1,0,6,2013,6,2013,0,0,0,0,0,5,4,25,1,1,2,1,0,0,1,66,98,1,2,83,0,0
35,350312,1,2,1,20,12,8,48,12,6,1,0,35,1,63,32,63032,4,2011,KNADH4A34B69,K,N,A,D,H,4,A,3,4,B,6,9,0,0,0,000000000,00000000000,0,0,0,1,0,0,0,0,0,0,0,998,0,0,0,61,6,2,12,0,0,0,1,35,87507,6,1,0,0,3,3,66,125,98,0,0,0,0,0,0,0,0,0,38,0,0,0,2,2,55,1,1,2,1,20,3,4,17,99,1,2,89,1,0
35,350312,2,2,1,20,12,8,48,12,6,1,0,35,2,12,461,12461,21,1997,1FTEE1428VHB,1,F,T,E,E,1,4,2,8,V,H,B,0,0,0,000000000,00000000000,0,0,0,1,0,0,0,0,0,0,0,998,0,0,0,12,6,2,12,0,0,0,1,35,87506,6,1,0,0,3,0,67,142,98,0,0,0,0,0,0,0,0,0,0,0,0,0,2,2,55,1,1,2,1,0,0,1,66,6,1,1,88,0,0
35,350313,1,1,5,30,12,6,43,1,0,1,0,48,2,20,481,20481,31,2005,1GCEC19X35Z1,1,G,C,E,C,1,9,X,3,5,Z,1,0,0,0,000000000,00000000000,0,0,0,1,0,0,0,0,0,0,0,998,0,1,5,0,6,2,1,0,0,0,1,96,79346,0,0,0,0,0,0,999,999,99,99,99,99,99,99,9999,99,9999,5,6,0,0,0,1,2,65,2,1,2,3,0,0,14,6,98,4,4,2,1,0
35,350314,1,2,2,17,12,7,35,12,6,1,0,35,2,12,17,12017,4,2007,1FAFP53U67A1,1,F,A,F,P,5,3,U,6,7,A,1,0,0,0,000000000,00000000000,0,0,0,1,0,0,0,0,0,0,0,998,0,0,0,61,6,2,12,0,0,0,1,35,87413,6,2,0,0,3,0,63,195,98,0,0,0,0,0,0,0,0,0,38,0,0,0,2,2,98,1,2,2,1,0,0,11,17,1,1,2,82,1,0
35,350314,2,2,1,17,12,7,35,12,6,1,0,35,3,12,481,12481,40,2011,1FT7X3B60BEC,1,F,T,7,X,3,B,6,0,B,E,C,0,0,0,000000000,00000000000,0,0,0,1,0,0,0,0,0,0,0,998,0,0,0,12,6,2,12,0,0,0,1,35,87413,6,1,0,0,3,0,66,150,98,0,0,0,0,0,0,0,0,0,0,0,0,0,3,2,98,1,2,2,1,0,0,1,67,8,1,2,83,0,0
35,350315,1,1,1,27,12,22,14,1,0,1,0,48,3,85,881,85881,62,2015,2NKHHM6X6FM4,2,N,K,H,H,M,6,X,6,F,M,4,0,0,57,212191300,57212191300,2,1,97,1,0,0,0,0,0,0,0,998,0,2,2,0,6,2,1,0,0,0,1,48,79501,6,1,0,0,2,3,69,240,0,0,0,0,0,0,0,0,0,0,0,0,0,0,2,2,65,1,1,2,1,0,0,1,12,98,1,4,98,1,0
35,350316,1,2,1,13,12,18,20,12,6,1,0,39,3,82,881,82881,66,2012,1FUJGLBG0CLB,1,F,U,J,G,L,B,G,0,C,L,B,1,1,57,1143920,571143920,3,6,1,1,0,0,0,0,0,0,0,998,0,0,0,12,6,2,12,0,0,0,1,39,44203,6,1,6,1,3,3,67,300,0,0,0,1,1,12,2012,11,2013,0,0,0,0,0,1,2,65,1,1,2,1,0,0,1,10,99,1,2,64,1,0
35,350316,2,2,1,13,12,18,20,12,6,1,0,20,3,82,881,82881,66,2014,3AKJGLBG4ESF,3,A,K,J,G,L,B,G,4,E,S,F,1,1,57,230360,57230360,3,6,1,1,0,0,0,0,0,0,0,998,0,0,0,61,6,2,12,0,0,1,1,29,64021,6,1,6,1,3,3,66,262,0,0,0,0,0,0,0,0,0,0,0,0,0,0,1,2,65,1,1,2,1,0,0,1,62,98,1,2,65,0,0
35,350317,1,2,1,19,12,18,37,12,6,1,0,35,3,86,881,86881,66,2012,1M2AX04Y1CM0,1,M,2,A,X,0,4,Y,1,C,M,0,1,1,57,248632900,57248632900,3,6,97,1,0,0,0,0,0,0,0,998,0,0,0,83,4,5,12,0,0,0,1,35,88260,6,1,6,3,3,0,63,165,98,0,0,0,0,0,0,0,0,0,38,0,0,0,2,2,65,1,1,2,1,0,0,11,66,1,1,2,68,0,0
35,350317,2,2,1,19,12,18,37,12,6,1,0,35,3,7,472,7472,30,2011,1D7RE3GK5BS6,1,D,7,R,E,3,G,K,5,B,S,6,0,0,0,000000000,00000000000,0,0,0,1,0,0,0,0,0,0,0,998,0,0,0,12,6,2,12,0,0,0,1,35,88265,6,1,6,0,3,3,70,250,98,0,0,1,1,8,2012,4,2014,0,0,0,0,0,2,2,65,1,1,2,1,0,0,1,66,1,1,2,69,1,0
35,350318,1,2,1,8,12,6,31,12,6,1,0,18,3,51,881,51881,63,2013,4V4NC9TG8DN1,4,V,4,N,C,9,T,G,8,D,N,1,1,1,57,542830000,57542830000,3,4,1,1,0,0,0,0,0,0,0,998,0,0,0,63,4,3,12,0,0,0,1,35,87114,6,1,6,3,3,3,68,205,98,0,0,0,0,0,0,0,0,0,0,0,0,0,1,2,65,1,1,2,1,98,9,1,10,1,1,2,66,0,0
35,350318,2,2,4,8,12,6,31,12,6,1,0,35,2,20,481,20481,31,2006,1GCHC23UX6F1,1,G,C,H,C,2,3,U,X,6,F,1,1,1,0,000000000,00000000000,0,0,0,1,0,0,0,0,0,0,0,998,0,0,0,12,6,2,12,0,0,0,1,35,88203,6,1,0,0,3,0,71,200,98,0,0,2,0,4,2012,4,2013,4,0,0,0,0,1,2,65,1,1,2,1,98,9,1,54,3,1,2,66,1,0
35,350319,1,1,1,25,10,19,0,8,0,1,1,99,9,12,999,12999,99,9999,999999999999,9,9,9,9,9,9,9,9,9,9,9,9,9,0,0,000000000,00000000000,0,0,0,1,0,0,0,0,99,99,9,998,0,0,0,12,9,9,8,99,99,0,1,99,99999,9,9,99,9,9,9,999,999,99,99,99,99,99,99,9999,99,9999,5,99,99,99,99,2,2,35,1,1,2,1,0,0,1,80,99,1,9,13,0,0
35,350320,1,2,2,16,11,18,55,8,0,1,0,35,2,23,481,23481,31,2003,2GTEC19X7312,2,G,T,E,C,1,9,X,7,3,1,2,0,0,0,000000000,00000000000,0,0,0,1,0,0,0,0,0,0,0,998,0,0,0,12,6,2,8,0,0,0,1,35,87499,6,1,0,0,3,0,62,137,98,0,0,0,0,0,0,0,0,0,0,0,0,0,2,2,50,1,1,2,1,0,0,1,80,1,1,1,13,0,0
35,350320,2,2,1,16,11,18,55,8,0,1,0,35,2,20,20,20020,4,1998,2G1WL52MXW11,2,G,1,W,L,5,2,M,X,W,1,1,0,0,0,000000000,00000000000,0,0,0,1,0,0,0,0,0,0,0,998,0,0,0,98,0,5,8,0,0,0,1,35,87416,6,1,0,0,3,3,66,180,98,0,0,0,0,0,0,0,0,0,99,99,99,99,2,2,50,1,1,2,1,0,0,99,80,99,1,9,98,0,0
35,350321,1,1,2,14,6,0,32,1,0,1,0,35,2,20,461,20461,21,1995,1GBEG25K2SF2,1,G,B,E,G,2,5,K,2,S,F,2,0,0,0,000000000,00000000000,0,0,0,1,0,0,0,0,0,0,0,998,0,2,1,0,4,3,1,0,0,0,1,35,87420,1,1,0,0,2,0,70,190,98,0,0,0,0,0,0,0,0,0,0,0,0,0,1,2,55,1,1,2,1,0,0,1,19,99,1,2,98,1,0
35,350322,1,7,1,20,12,18,0,12,1,1,0,48,3,82,881,82881,66,2001,1FUPUXZB51LF,1,F,U,P,U,X,Z,B,5,1,L,F,1,1,57,120503800,57120503800,3,6,1,1,0,0,0,0,0,0,0,998,0,1,9,12,6,2,1,0,0,0,1,4,85650,6,1,6,2,3,0,78,320,0,2,0,0,0,4,2013,4,2013,2,0,0,0,0,2,3,75,1,8,2,1,0,0,1,51,4,2,2,98,0,0
35,350322,2,7,2,20,12,18,0,12,1,1,0,4,1,37,441,37441,20,2002,5FNRL18012B0,5,F,N,R,L,1,8,0,1,2,B,0,0,0,0,000000000,00000000000,0,0,0,1,0,0,0,0,0,0,0,998,0,0,0,6,6,2,12,0,0,0,1,4,85239,6,1,6,1,3,0,65,196,0,2,0,0,0,1,2014,2,2014,0,0,0,0,0,2,3,75,1,8,2,1,0,0,99,53,1,1,1,98,1,0
35,350322,3,7,1,20,12,18,0,12,1,1,0,35,1,6,52,6052,6,2001,3C4FY4BB81T6,3,C,4,F,Y,4,B,B,8,1,T,6,0,0,0,000000000,00000000000,0,0,0,1,0,0,0,0,0,0,0,998,0,0,0,6,6,2,12,0,0,0,1,35,88012,6,1,0,0,3,3,67,155,98,0,0,0,0,0,0,0,0,0,0,0,0,0,2,3,75,1,8,2,1,0,0,1,53,1,1,1,98,0,0
35,350322,4,7,2,20,12,18,0,12,1,1,0,32,3,82,881,82881,66,2000,1FUYDDYB0YPF,1,F,U,Y,D,D,Y,B,0,Y,P,F,1,1,57,217549900,57217549900,3,6,3,1,0,0,0,0,0,0,0,998,0,0,0,6,2,5,12,0,0,0,1,32,89121,6,1,6,3,3,9,999,999,99,99,99,99,99,99,9999,99,9999,0,0,0,0,0,2,3,75,1,8,2,1,0,0,1,53,1,1,1,98,0,0
35,350322,5,7,2,20,12,18,0,12,1,1,0,35,2,35,43,35043,4,2013,3N1AB7AP6DL6,3,N,1,A,B,7,A,P,6,D,L,6,0,0,0,000000000,00000000000,0,0,0,1,0,0,0,0,0,0,0,998,0,0,0,6,6,2,12,0,0,0,1,35,88021,6,1,0,0,3,0,63,140,98,0,0,0,0,0,0,0,0,0,0,0,0,0,2,3,75,1,8,2,1,0,0,1,53,1,1,1,98,0,0
35,350322,6,7,4,20,12,18,0,12,1,1,0,35,1,7,482,7482,31,2013,1C6RR7LT6DS6,1,C,6,R,R,7,L,T,6,D,S,6,0,0,0,000000000,00000000000,0,0,0,1,0,0,0,0,0,0,0,998,0,0,0,6,6,2,12,0,0,0,1,35,88220,6,1,0,0,3,0,74,205,98,0,0,0,0,0,0,0,0,0,0,0,0,0,2,3,75,1,8,2,1,0,0,1,53,1,1,1,98,0,0
35,350322,7,7,3,20,12,18,0,12,1,1,0,8,1,7,482,7482,31,2006,1D7HU18296S6,1,D,7,H,U,1,8,2,9,6,S,6,1,1,0,000000000,00000000000,0,0,0,1,0,0,0,0,0,0,0,998,0,0,0,6,2,5,12,0,0,0,1,8,80221,6,1,0,0,3,0,68,180,0,0,0,0,0,0,0,0,0,0,0,0,0,0,2,3,75,1,8,2,1,0,0,1,53,1,1,1,98,0,0
35,350323,1,2,1,16,12,19,55,12,6,1,0,48,2,20,481,20481,31,1999,999999999999,9,9,9,9,9,9,9,9,9,9,9,9,0,0,0,000000000,00000000000,0,0,0,1,0,0,0,0,0,0,0,998,0,0,0,12,6,2,12,0,0,0,1,20,88242,1,1,0,0,2,9,999,999,99,99,99,99,99,99,9999,99,9999,0,35,0,0,0,1,2,45,1,1,2,1,0,0,1,52,99,1,2,98,0,1
35,350323,2,2,1,16,12,19,55,12,6,1,0,48,2,41,35,41035,4,1996,JM1BB1411T03,J,M,1,B,B,1,4,1,1,T,0,3,0,0,0,000000000,00000000000,0,0,0,1,0,0,0,0,0,0,0,998,0,0,0,63,6,2,12,0,0,0,1,35,88240,6,1,0,0,3,3,72,300,98,0,0,0,0,0,0,0,0,0,0,0,0,0,1,2,45,1,1,2,1,0,0,11,60,99,1,2,98,1,0
35,350324,1,2,2,19,12,18,53,12,2,1,0,35,2,20,2,20002,2,2004,2G1WF52E4494,2,G,1,W,F,5,2,E,4,4,9,4,0,0,0,000000000,00000000000,0,0,0,1,0,0,0,0,0,0,0,998,0,0,0,12,6,2,12,0,0,0,1,35,87102,1,1,0,0,2,0,61,127,98,1,0,0,0,6,2012,7,2012,5,0,0,0,0,1,2,70,2,1,2,1,0,0,14,10,99,1,2,50,2,1
35,350324,2,2,1,19,12,18,53,12,2,1,0,35,1,20,4,20004,2,2014,1G1YA2D7XE51,1,G,1,Y,A,2,D,7,X,E,5,1,0,0,0,000000000,00000000000,0,0,0,1,0,0,0,0,0,0,0,998,0,0,0,12,6,2,12,0,0,0,1,35,87401,6,1,0,0,3,3,74,175,98,0,0,2,0,0,0,0,0,0,0,0,0,0,1,2,70,2,1,2,1,0,0,14,54,1,1,2,51,1,0
35,350325,1,1,2,11,12,7,33,1,0,1,0,35,2,20,481,20481,31,2001,1GCGC13U21F2,1,G,C,G,C,1,3,U,2,1,F,2,0,0,0,000000000,00000000000,0,0,0,1,0,0,0,0,0,0,0,998,0,1,5,0,6,2,1,0,0,0,1,35,88267,0,0,0,0,0,0,999,999,99,99,99,99,99,99,9999,99,9999,4,6,28,0,0,1,2,55,1,1,2,2,0,0,1,13,6,4,4,98,1,0
35,350326,1,1,2,20,11,14,37,1,0,1,0,35,2,12,481,12481,31,1993,1FTEF14Y8PLA,1,F,T,E,F,1,4,Y,8,P,L,A,0,0,0,000000000,00000000000,0,0,0,1,0,0,0,0,0,0,0,998,0,1,1,0,6,2,1,0,0,0,1,35,87024,2,1,0,0,2,0,64,170,98,2,1,0,0,2,2013,5,2013,0,80,0,0,0,3,2,75,1,1,2,1,0,0,1,1,6,1,2,98,2,1
35,350327,1,1,4,8,11,17,21,1,0,1,0,35,2,12,422,12422,15,2000,1FMRU17L9YLB,1,F,M,R,U,1,7,L,9,Y,L,B,0,0,0,000000000,00000000000,0,0,0,1,0,0,0,0,0,0,0,998,0,1,1,0,6,2,1,0,0,0,1,35,87031,1,1,0,0,2,0,68,164,98,1,0,0,0,1,2014,1,2014,5,6,0,0,0,2,2,50,1,1,2,1,0,0,1,13,6,4,2,98,1,1
35,350328,1,1,2,27,12,22,32,8,0,1,0,35,2,18,7,18007,4,2001,2G4WS52JX112,2,G,4,W,S,5,2,J,X,1,1,2,0,0,0,000000000,00000000000,0,0,0,1,0,0,0,0,0,0,0,998,0,0,0,12,2,5,8,0,0,0,1,35,87059,6,1,0,0,3,3,72,196,98,0,0,0,0,0,0,0,0,0,0,0,0,0,2,2,35,4,2,2,1,0,0,14,80,1,1,1,13,0,0
35,350329,1,2,1,3,7,11,30,12,99,1,9,99,9,99,999,99999,99,9999,999999999999,9,9,9,9,9,9,9,9,9,9,9,9,9,0,99,999999999,99999999999,9,99,99,1,0,0,0,0,99,99,0,998,0,0,0,12,9,9,12,99,99,0,1,99,99999,9,9,99,9,9,9,999,999,99,99,99,99,99,99,9999,99,9999,9,99,99,99,99,1,2,99,9,9,2,99,0,0,99,99,99,9,9,99,0,0
35,350329,2,2,3,3,7,11,30,12,99,1,9,99,9,99,999,99999,99,9999,999999999999,9,9,9,9,9,9,9,9,9,9,9,9,9,0,99,999999999,99999999999,9,99,99,1,0,0,0,0,99,99,9,998,9,0,0,12,9,9,12,99,99,0,1,99,99999,9,9,99,9,9,9,999,999,99,99,99,99,99,99,9999,99,9999,9,99,99,99,99,1,2,99,9,9,9,99,0,0,99,99,99,9,9,99,2,0
35,350330,1,1,1,2,8,17,7,42,0,1,0,99,9,99,999,99999,99,9999,999999999999,9,9,9,9,9,9,9,9,9,9,9,9,9,0,0,000000000,00000000000,0,0,0,1,0,0,0,0,99,99,9,999,0,0,0,99,9,9,42,99,99,0,1,35,87420,6,1,0,0,3,3,68,185,98,0,0,0,0,0,0,0,0,9,99,99,99,99,9,9,99,9,9,9,99,99,9,99,99,99,9,9,99,1,1
35,350331,1,1,1,28,9,1,0,99,99,1,0,99,9,99,999,99999,99,9999,999999999999,9,9,9,9,9,9,9,9,9,9,9,9,9,0,0,000000000,00000000000,0,0,0,1,0,0,0,0,99,99,9,999,0,0,0,0,9,9,99,99,99,0,1,35,87416,6,1,0,0,3,0,65,150,98,1,1,2,0,9,2014,9,2014,9,99,99,99,99,1,2,99,9,9,2,99,99,9,99,99,99,9,9,99,1,1