STATE,ST_CASE,VEH_NO,VE_FORMS,NUMOCCS,DAY,MONTH,HOUR,MINUTE,HARM_EV,MAN_COLL,UNITTYPE,HIT_RUN,REG_STAT,OWNER,MAKE,MODEL,MAK_MOD,BODY_TYP,MOD_YEAR,VIN,VIN_1,VIN_2,VIN_3,VIN_4,VIN_5,VIN_6,VIN_7,VIN_8,VIN_9,VIN_10,VIN_11,VIN_12,TOW_VEH,J_KNIFE,MCARR_I1,MCARR_I2,MCARR_ID,GVWR,V_CONFIG,CARGO_BT,HAZ_INV,HAZ_PLAC,HAZ_ID,HAZ_CNO,HAZ_REL,BUS_USE,SPEC_USE,EMER_USE,TRAV_SP,UNDERIDE,ROLLOVER,ROLINLOC,IMPACT1,DEFORMED,TOWED,M_HARM,VEH_SC1,VEH_SC2,FIRE_EXP,DR_PRES,L_STATE,DR_ZIP,L_STATUS,L_TYPE,CDL_STAT,L_ENDORS,L_COMPL,L_RESTRI,DR_HGT,DR_WGT,PREV_ACC,PREV_SUS,PREV_DWI,PREV_SPD,PREV_OTH,FIRST_MO,FIRST_YR,LAST_MO,LAST_YR,SPEEDREL,DR_SF1,DR_SF2,DR_SF3,DR_SF4,VTRAFWAY,VNUM_LAN,VSPD_LIM,VALIGN,VPROFILE,VPAVETYP,VSURCOND,VTRAFCON,VTCONT_F,P_CRASH1,P_CRASH2,P_CRASH3,PCRASH4,PCRASH5,ACC_TYPE,DEATHS,DR_DRINK
35,350332,1,1,1,31,10,3,0,52,0,1,0,35,2,20,481,20481,31,2000,1GCGK24U3YE2,1,G,C,G,K,2,4,U,3,Y,E,2,0,0,0,000000000,00000000000,0,0,0,1,0,0,0,0,0,0,0,998,0,1,1,81,9,3,1,99,99,0,1,35,88340,6,1,0,0,3,3,61,185,98,0,0,0,0,0,0,0,0,9,99,99,99,99,1,3,35,4,6,2,99,99,9,14,99,99,9,4,98,1,1
35,350333,1,1,1,12,12,20,38,8,0,1,1,99,9,99,999,99999,99,9999,999999999999,9,9,9,9,9,9,9,9,9,9,9,9,9,0,0,000000000,00000000000,0,0,0,1,0,0,0,0,99,99,9,999,0,0,0,12,9,9,8,99,99,0,1,99,99999,9,9,99,9,9,9,999,999,99,99,99,99,99,99,9999,99,9999,9,99,99,99,99,2,2,55,1,1,2,1,0,0,99,99,99,9,9,13,0,0
35,350334,1,2,2,19,12,7,3,12,6,1,0,35,2,20,16,20016,2,2000,1G1JC1243Y72,1,G,1,J,C,1,2,4,3,Y,7,2,0,0,0,000000000,00000000000,0,0,0,1,0,0,0,0,0,0,0,998,0,0,0,81,6,2,12,0,0,0,1,35,87301,6,1,0,0,3,0,70,175,98,0,0,1,0,0,0,0,0,0,99,99,99,99,2,2,98,1,8,2,4,0,0,11,15,99,1,1,68,1,0
35,350334,2,2,2,19,12,7,3,12,6,1,0,99,9,35,402,35402,14,2006,999999999999,9,9,9,9,9,9,9,9,9,9,9,9,0,0,0,000000000,00000000000,0,0,0,1,0,0,0,0,0,0,0,998,0,0,0,12,6,2,12,0,0,0,1,35,87310,6,1,0,0,3,3,70,212,98,0,0,2,0,0,0,0,0,9,99,99,99,99,2,2,98,1,9,2,4,0,0,1,62,99,1,1,69,0,0
35,350335,1,1,1,9,12,15,40,8,0,1,1,4,2,12,13,12013,4,2000,3FAFP13P5YR1,3,F,A,F,P,1,3,P,5,Y,R,1,0,0,0,000000000,00000000000,0,0,0,1,0,0,0,0,0,0,0,998,0,0,0,12,4,3,8,0,0,0,1,35,87319,2,1,0,0,2,0,67,149,98,1,1,0,0,6,2014,6,2014,5,0,0,0,0,5,2,55,1,1,2,1,0,0,1,80,99,1,1,13,0,1
35,350336,1,2,3,24,10,18,50,12,2,1,0,35,1,20,2,20002,4,2005,2G1WF52E8593,2,G,1,W,F,5,2,E,8,5,9,3,0,0,0,000000000,00000000000,0,0,0,1,0,0,0,0,0,0,0,998,0,0,0,12,6,2,12,0,0,0,1,35,87311,6,1,0,0,3,0,66,190,98,1,3,0,0,11,2011,11,2011,0,99,99,99,99,1,2,55,1,1,2,1,0,0,1,10,99,1,2,50,3,1
35,350336,2,2,1,24,10,18,50,12,2,1,0,4,1,2,1,2001,6,2012,1C4NJDBB8CD5,1,C,4,N,J,D,B,B,8,C,D,5,0,0,0,000000000,00000000000,0,0,0,1,0,0,0,0,0,0,0,998,0,0,0,12,6,2,12,0,0,0,1,4,86503,6,1,0,0,3,3,72,162,0,0,0,0,0,0,0,0,0,0,0,0,0,0,1,2,55,1,1,2,1,0,0,1,54,1,1,1,51,1,0
35,350337,1,1,2,2,11,19,12,1,0,1,0,35,9,49,32,49032,4,2004,JTDBR32E5420,J,T,D,B,R,3,2,E,5,4,2,0,0,0,0,000000000,00000000000,0,0,0,1,0,0,0,0,0,0,0,998,0,2,5,0,6,2,1,0,0,0,1,99,99999,9,9,99,9,9,9,999,999,99,99,99,99,99,99,9999,99,9999,9,99,99,99,99,1,2,55,4,2,2,1,0,0,14,11,99,1,4,5,2,0
35,350338,1,1,1,16,12,7,10,8,0,1,0,35,1,12,24,12024,6,2011,2FMDK3JC2BBA,2,F,M,D,K,3,J,C,2,B,B,A,0,0,0,000000000,00000000000,0,0,0,1,0,0,0,0,0,99,0,998,0,0,0,82,2,5,8,0,0,0,1,35,87105,6,1,0,0,3,0,67,146,98,0,0,0,0,0,0,0,0,0,99,99,99,99,4,3,98,1,1,2,1,0,0,11,80,1,1,1,13,0,0
35,350339,1,1,3,24,11,2,15,1,0,1,0,99,9,2,999,2999,49,9999,999999999999,9,9,9,9,9,9,9,9,9,9,9,9,0,0,0,000000000,00000000000,0,0,0,1,0,0,0,0,0,0,0,998,0,1,3,0,9,2,1,0,0,0,1,99,99999,9,9,99,9,9,9,999,999,99,99,99,99,99,99,9999,99,9999,9,99,99,99,99,2,2,98,9,8,2,98,97,8,1,12,99,9,9,6,1,0
35,350340,1,1,1,24,12,16,10,35,0,1,0,18,3,82,881,82881,66,2008,1FUJBBCK98LA,1,F,U,J,B,B,C,K,9,8,L,A,1,1,57,118224,57118224,3,6,98,1,0,0,0,0,0,0,0,998,0,1,2,98,6,2,1,0,0,0,1,12,34601,6,1,6,3,3,0,74,999,0,1,0,1,1,10,2012,5,2013,0,0,0,0,0,2,2,75,1,1,2,1,0,0,1,13,6,1,4,1,1,1
35,350341,1,1,1,10,11,9,10,24,0,1,0,35,3,85,881,85881,66,1999,1XKWD69X2XR7,1,X,K,W,D,6,9,X,2,X,R,7,1,1,77,777777777,77777777777,3,6,4,1,0,0,0,0,0,0,0,998,0,1,5,98,6,2,1,0,0,0,1,35,87316,6,1,6,3,3,0,67,160,98,0,0,2,0,3,2013,5,2013,3,53,0,0,0,1,2,45,2,2,2,1,0,0,14,13,99,9,4,1,1,0
35,350342,1,1,2,19,11,21,10,8,0,1,0,18,2,82,881,82881,66,2013,3AKJGLDR3DSF,3,A,K,J,G,L,D,R,3,D,S,F,1,1,99,999999999,99999999999,3,6,98,1,0,0,0,0,0,0,0,998,0,0,0,12,6,2,8,0,0,0,1,10,19904,6,1,6,0,3,3,999,999,99,99,99,99,99,99,9999,99,9999,0,0,0,0,0,2,2,65,1,1,2,1,0,0,1,80,98,1,9,13,0,0
35,350343,1,1,2,10,1,17,5,1,0,1,0,35,1,20,431,20431,16,1993,1GNGK26N5PJ3,1,G,N,G,K,2,6,N,5,P,J,3,0,0,0,000000000,00000000000,0,0,0,1,0,0,0,0,0,0,0,998,0,1,5,0,6,2,1,0,0,0,1,35,87301,6,1,0,0,3,0,69,185,98,0,0,0,0,0,0,0,0,5,0,0,0,0,1,2,98,4,3,2,1,0,0,14,11,6,5,4,1,1,0
35,350344,1,2,1,21,5,8,0,12,7,1,0,35,1,18,20,18020,4,2000,2G4WB52KXY12,2,G,4,W,B,5,2,K,X,Y,1,2,0,0,0,000000000,00000000000,0,0,0,1,0,0,0,0,0,0,0,998,0,0,0,62,4,3,12,0,0,0,1,35,87511,6,1,0,0,3,3,64,130,98,0,0,0,0,0,0,0,0,3,26,0,0,0,2,2,75,1,2,2,1,0,0,6,9,99,1,2,46,0,0
35,350344,2,2,1,21,5,8,0,12,7,1,0,35,1,12,471,12471,30,2007,1FTZR15E37PA,1,F,T,Z,R,1,5,E,3,7,P,A,0,0,0,000000000,00000000000,0,0,0,1,0,0,0,0,0,0,0,998,0,1,1,81,6,2,1,0,0,0,1,35,87031,6,1,0,0,3,3,72,185,98,0,0,0,0,0,0,0,0,0,0,0,0,0,2,2,75,1,2,2,1,0,0,1,61,7,9,1,45,1,0
36,360001,1,1,1,1,1,2,46,1,0,1,0,36,1,41,50,41050,4,2008,1YVHP80C785M,1,Y,V,H,P,8,0,C,7,8,5,M,0,0,0,000000000,00000000000,0,0,0,1,0,0,0,0,0,0,0,999,0,2,5,0,8,2,42,0,0,0,1,36,12095,6,1,0,0,3,0,71,999,0,0,0,0,0,0,0,0,0,3,0,0,0,0,1,2,55,3,2,2,3,0,0,14,13,1,3,4,2,1,1
36,360002,1,1,4,1,1,2,4,25,0,1,0,36,2,35,402,35402,14,2001,5N1ED28Y11C5,5,N,1,E,D,2,8,Y,1,1,C,5,0,0,0,000000000,00000000000,0,0,0,1,0,0,0,0,0,0,0,999,0,1,1,81,6,2,42,0,0,0,1,36,11946,0,0,0,0,0,0,999,999,0,0,0,0,0,0,0,0,0,3,0,0,0,0,3,3,50,1,1,2,1,0,0,1,12,1,4,4,7,1,0
36,360003,1,1,1,1,1,4,56,42,0,1,0,36,1,23,401,23401,14,2004,1GKDT13S1422,1,G,K,D,T,1,3,S,1,4,2,2,0,0,0,000000000,00000000000,0,0,0,1,0,0,0,0,0,0,0,998,0,1,5,12,8,2,1,0,0,0,1,36,14075,6,1,0,0,3,0,72,999,1,0,0,0,0,3,2011,3,2011,0,0,0,0,0,1,4,40,1,1,2,2,0,0,1,13,1,1,4,1,1,0
36,360004,1,1,2,1,1,1,10,8,0,1,0,36,1,55,39,55039,4,2013,KMHFG4JG7DA2,K,M,H,F,G,4,J,G,7,D,A,2,0,0,0,000000000,00000000000,0,0,0,1,0,0,0,0,0,0,0,999,0,0,0,12,8,5,8,0,0,0,1,36,11510,6,1,0,0,3,0,74,999,0,0,0,0,0,0,0,0,0,0,0,0,0,0,1,4,99,1,1,2,1,0,0,1,80,1,1,1,13,0,0
36,360005,1,2,1,2,1,4,47,25,0,1,0,36,3,98,806,98806,62,2008,5PVNJ8JT882S,5,P,V,N,J,8,J,T,8,8,2,S,0,0,99,999999999,99999999999,2,1,1,1,0,0,0,0,0,0,0,0,0,0,0,6,8,5,12,0,0,0,1,36,11950,6,1,0,0,3,0,65,999,0,0,0,0,1,12,2012,12,2012,0,0,0,0,0,3,4,98,1,1,2,3,0,0,5,61,1,1,5,98,0,0
36,360005,2,2,1,2,1,4,47,25,0,1,0,36,3,12,461,12461,21,2009,1FTNE24W29DA,1,F,T,N,E,2,4,W,2,9,D,A,0,0,0,000000000,00000000000,0,0,0,1,0,0,0,0,0,0,0,998,0,0,0,12,6,2,12,0,0,0,1,36,11901,6,1,0,0,3,0,67,999,0,0,0,0,1,9,2013,9,2013,0,87,0,0,0,3,4,98,1,1,2,3,0,0,1,13,1,1,4,1,1,0
36,360006,1,2,1,2,1,6,49,8,0,1,0,36,1,49,40,49040,4,2010,4T1BF3EK7AU0,4,T,1,B,F,3,E,K,7,A,U,0,0,0,0,000000000,00000000000,0,0,0,1,0,0,0,0,0,0,0,998,0,0,0,12,8,5,8,0,0,0,1,36,11220,6,1,0,0,3,0,66,999,0,0,0,0,1,2,2012,2,2012,0,87,0,0,0,1,4,30,1,1,2,2,3,3,1,80,1,1,2,13,0,0
36,360006,2,2,1,2,1,6,49,8,0,1,0,36,1,2,404,2404,14,1995,1J4FJ78S5SL6,1,J,4,F,J,7,8,S,5,S,L,6,0,0,0,000000000,00000000000,0,0,0,1,0,0,0,0,0,0,0,998,0,0,0,12,8,5,12,0,0,0,1,36,11220,6,1,0,0,3,0,71,999,0,0,0,0,0,0,0,0,0,0,0,0,0,0,1,4,30,1,1,2,2,3,3,1,60,1,1,1,98,0,0
36,360007,1,2,1,1,1,5,7,12,6,1,1,36,9,51,45,51045,4,2003,YV1TS92D1312,Y,V,1,T,S,9,2,D,1,3,1,2,0,0,0,000000000,00000000000,0,0,0,1,0,0,0,0,0,0,0,999,0,0,0,12,8,2,12,0,0,0,1,36,10303,1,1,0,0,2,2,68,999,0,12,0,1,0,11,2011,5,2013,0,39,38,74,0,1,2,30,1,1,2,1,20,3,1,17,1,1,1,88,0,0
36,360007,2,2,1,1,1,5,7,12,6,1,0,45,2,49,33,49033,2,1996,JT2DG02T4T00,J,T,2,D,G,0,2,T,4,T,0,0,0,0,0,000000000,00000000000,0,0,0,1,0,0,0,0,0,0,0,999,0,0,0,61,8,2,12,0,0,0,1,36,10301,0,0,0,0,0,0,999,999,0,0,0,0,0,0,0,0,0,0,0,0,0,0,1,2,30,1,1,2,1,0,0,1,66,1,1,1,89,1,0
36,360008,1,1,1,2,1,1,37,30,0,1,0,23,1,48,34,48034,4,2002,4S3BE8969272,4,S,3,B,E,8,9,6,9,2,7,2,0,0,0,000000000,00000000000,0,0,0,1,0,0,0,0,0,0,0,998,0,0,0,3,8,2,30,0,0,0,1,36,10520,6,1,0,0,3,0,70,999,0,0,0,0,0,0,0,0,0,0,0,0,0,0,1,4,45,1,2,2,1,0,0,1,13,1,1,4,1,1,1
36,360009,1,1,1,6,1,18,1,8,0,1,0,36,2,2,405,2405,14,2007,1J4GL48K77W5,1,J,4,G,L,4,8,K,7,7,W,5,0,0,0,000000000,00000000000,0,0,0,1,0,0,0,0,0,0,0,999,0,0,0,12,8,5,8,0,0,0,1,36,11221,6,1,6,0,3,0,64,999,0,1,0,0,3,10,2011,4,2013,0,0,0,0,0,3,3,30,1,2,2,2,3,3,1,80,1,1,1,13,0,0
36,360010,1,2,1,2,1,18,43,24,0,1,0,36,1,37,31,37031,4,2001,JHMCG66501C0,J,H,M,C,G,6,6,5,0,1,C,0,0,0,0,000000000,00000000000,0,0,0,1,0,0,0,0,0,0,0,998,0,0,0,12,6,2,12,0,0,0,1,36,12180,6,1,0,0,3,3,68,999,1,0,0,0,0,7,2011,7,2011,5,87,0,0,0,3,2,65,1,1,2,3,0,0,1,12,1,1,4,6,1,0
36,360010,2,2,1,2,1,18,43,24,0,1,0,36,3,85,881,85881,63,2012,2NKHHM7XXCM2,2,N,K,H,H,M,7,X,X,C,M,2,0,0,57,546484,57546484,3,1,1,1,0,0,0,0,0,0,0,998,0,0,0,12,8,2,12,0,0,0,1,36,12946,6,1,6,1,3,0,71,999,0,0,0,0,0,0,0,0,0,0,0,0,0,0,3,2,65,1,1,2,3,0,0,1,60,1,1,1,98,0,0
36,360011,1,1,1,4,1,10,31,34,0,1,0,36,3,82,881,82881,66,2012,1FUJGEDR7CLB,1,F,U,J,G,E,D,R,7,C,L,B,1,1,57,020887,57020887,3,6,2,2,2,1203,3,2,0,0,0,998,0,1,5,12,6,2,1,0,0,0,1,36,12158,6,1,6,1,3,3,71,999,0,0,0,0,0,0,0,0,0,0,0,0,0,0,1,2,55,2,2,2,2,0,0,14,13,1,1,4,1,1,0
36,360012,1,2,2,7,1,16,54,12,6,1,0,36,1,55,33,55033,4,2013,5NPEB4ACXDH6,5,N,P,E,B,4,A,C,X,D,H,6,0,0,0,000000000,00000000000,0,0,0,1,0,0,0,0,0,0,0,999,0,0,0,61,8,2,12,0,0,0,1,36,12553,6,1,0,0,3,0,73,999,0,0,0,0,0,0,0,0,0,0,38,0,0,0,1,2,45,1,1,2,1,20,3,11,15,1,1,1,82,1,0
36,360012,2,2,1,7,1,16,54,12,6,1,0,36,2,12,21,12021,4,2006,1FAHP28126G1,1,F,A,H,P,2,8,1,2,6,G,1,0,0,0,000000000,00000000000,0,0,0,1,0,0,0,0,0,0,0,999,0,0,0,12,8,2,12,0,0,0,1,36,10924,6,1,0,0,3,0,63,999,0,0,0,0,0,0,0,0,0,0,0,0,0,0,1,2,45,1,1,2,1,0,0,1,65,1,1,1,83,0,0
36,360013,1,2,1,8,1,7,59,12,2,1,0,36,1,20,9,20009,2,1985,1G1FP87H9FN1,1,G,1,F,P,8,7,H,9,F,N,1,0,0,0,000000000,00000000000,0,0,0,1,0,0,0,0,0,0,0,998,0,0,0,12,6,2,12,0,0,0,1,36,13060,6,1,0,0,3,3,62,999,0,1,0,0,0,8,2011,8,2011,0,28,0,0,0,1,2,30,4,2,2,1,0,0,14,10,1,1,3,50,1,0
36,360013,2,2,1,8,1,7,59,12,2,1,0,36,1,30,402,30402,14,2012,WVGBV7AXXCW0,W,V,G,B,V,7,A,X,X,C,W,0,0,0,0,000000000,00000000000,0,0,0,1,0,0,0,0,0,0,0,998,0,0,0,12,6,2,12,0,0,0,1,36,13066,6,1,0,0,3,0,71,999,0,0,0,0,0,0,0,0,0,0,0,0,0,0,1,2,30,4,2,2,1,0,0,14,62,1,1,1,51,0,0
36,360014,1,1,1,10,1,20,13,8,0,1,0,36,3,98,981,98981,51,1999,2PCH33497X10,2,P,C,H,3,3,4,9,7,X,1,0,0,0,57,15092,5715092,3,21,22,1,0,0,0,0,5,3,0,999,0,0,0,12,8,5,8,0,0,0,1,36,13732,6,1,6,0,3,3,66,999,0,0,0,0,0,0,0,0,0,0,0,0,0,0,3,3,30,1,1,2,2,3,3,11,80,1,1,1,13,0,0
36,360015,1,2,1,3,1,15,27,12,1,1,0,36,1,2,405,2405,14,2008,1J8GN28K78W2,1,J,8,G,N,2,8,K,7,8,W,2,0,0,0,000000000,00000000000,0,0,0,1,0,0,0,0,0,0,0,998,0,0,0,12,8,2,12,0,0,0,1,36,13074,6,1,0,0,3,3,63,999,0,0,0,0,0,0,0,0,0,0,87,0,0,0,1,2,55,1,2,2,3,0,0,1,62,1,1,1,32,0,0
36,360015,2,2,1,3,1,15,27,12,1,1,0,36,2,20,32,20032,4,1999,1Y1SK5487XZ4,1,Y,1,S,K,5,4,8,7,X,Z,4,0,0,0,000000000,00000000000,0,0,0,1,0,0,0,0,0,0,0,998,0,0,0,6,8,2,12,0,0,0,1,36,13126,6,1,0,0,3,0,70,999,2,0,0,0,0,1,2011,1,2012,5,87,28,0,0,1,2,55,1,2,2,3,0,0,1,10,1,3,2,32,1,0
36,360016,1,1,1,10,1,20,48,8,0,1,0,36,3,12,16,12016,4,2010,2FABP7AV3AX1,2,F,A,B,P,7,A,V,3,A,X,1,0,0,0,000000000,00000000000,0,0,0,1,0,0,0,0,0,0,0,999,0,0,0,11,8,2,8,0,0,0,1,36,10926,6,1,0,0,3,3,68,999,0,0,0,0,0,0,0,0,0,0,0,0,0,0,2,3,99,1,1,2,2,3,3,11,80,1,1,1,13,0,0
36,360017,1,2,1,10,1,10,6,12,6,1,0,36,1,37,403,37403,14,2006,5J6YH28676L0,5,J,6,Y,H,2,8,6,7,6,L,0,0,0,0,000000000,00000000000,0,0,0,1,0,0,0,0,0,0,0,998,0,0,0,9,8,2,12,0,0,0,1,36,14534,6,1,0,0,3,3,73,999,0,0,0,0,0,0,0,0,0,0,38,31,0,0,1,2,55,1,2,2,2,20,3,13,17,1,1,1,92,1,0
36,360017,2,2,1,10,1,10,6,12,6,1,0,36,3,87,881,87881,66,1993,1XP5PBEXXPN3,1,X,P,5,P,B,E,X,X,P,N,3,1,1,57,1140233,571140233,3,6,1,1,0,0,0,0,0,0,0,998,0,0,0,12,8,2,12,0,0,0,1,36,14519,6,1,6,0,3,3,69,999,1,0,0,1,0,3,2012,5,2013,0,0,0,0,0,1,2,55,1,2,2,2,0,0,2,66,1,1,1,93,0,0
36,360018,1,2,1,6,1,6,49,8,0,1,1,99,9,99,999,99999,99,9999,999999999999,9,9,9,9,9,9,9,9,9,9,9,9,0,0,0,000000000,00000000000,0,0,0,1,0,0,0,0,0,0,0,999,0,0,0,99,8,5,8,0,0,0,1,99,99999,9,9,99,9,9,9,999,999,99,99,99,99,99,99,9999,99,9999,0,0,0,0,0,3,4,55,1,2,2,2,0,0,1,80,1,1,1,98,0,0
36,360018,2,2,1,6,1,6,49,8,0,1,0,36,1,7,472,7472,30,2005,1D7HE52N45S1,1,D,7,H,E,5,2,N,4,5,S,1,0,0,0,000000000,00000000000,0,0,0,1,0,0,0,0,0,0,0,999,0,0,0,12,8,5,8,0,0,0,1,36,13346,6,1,6,0,3,0,65,999,1,0,0,0,0,5,2013,5,2013,0,0,0,0,0,3,4,55,1,2,2,2,0,0,1,80,98,1,3,98,0,0
36,360019,1,1,1,11,1,16,50,8,0,1,0,36,2,37,402,37402,14,2013,2HKRM4H32DH6,2,H,K,R,M,4,H,3,2,D,H,6,0,0,0,000000000,00000000000,0,0,0,1,0,0,0,0,0,0,0,998,0,0,0,12,8,2,8,0,0,0,1,36,11206,6,1,0,0,3,0,69,999,0,0,0,0,0,0,0,0,0,0,38,0,0,0,4,1,30,1,1,2,2,3,3,11,80,1,1,1,13,0,0
36,360020,1,1,1,12,1,21,49,34,0,1,0,36,1,20,481,20481,31,2004,1GCHK29U34E1,1,G,C,H,K,2,9,U,3,4,E,1,0,0,0,000000000,00000000000,0,0,0,1,0,0,0,0,0,0,0,999,0,1,5,12,6,2,1,0,0,0,1,36,14801,6,1,0,0,3,0,66,999,0,0,0,0,0,0,0,0,0,3,0,0,0,0,1,2,55,1,2,4,1,0,0,1,6,1,3,4,2,1,0
36,360021,1,2,4,11,1,17,33,8,0,1,0,36,2,30,46,30046,4,2011,WVWNP7AN4BE7,W,V,W,N,P,7,A,N,4,B,E,7,0,0,0,000000000,00000000000,0,0,0,1,0,0,0,0,0,0,0,998,0,0,0,13,8,2,8,0,0,0,1,36,12549,0,0,0,0,0,0,73,999,0,8,1,1,3,1,2011,10,2013,0,0,0,0,0,1,4,30,1,2,2,2,0,0,1,80,1,1,1,98,0,1
36,360021,2,2,1,11,1,17,33,8,0,1,1,99,9,99,999,99999,99,9999,999999999999,9,9,9,9,9,9,9,9,9,9,9,9,0,0,0,000000000,00000000000,0,0,0,1,0,0,0,0,0,0,0,999,0,0,0,12,9,5,8,0,0,0,1,99,99999,9,9,99,9,9,9,999,999,99,99,99,99,99,99,9999,99,9999,9,0,0,0,0,1,4,30,1,2,2,2,0,0,1,80,1,1,1,13,0,0
36,360022,1,1,1,15,1,12,18,42,0,1,0,36,1,18,2,18002,4,2002,1G4HP54K8242,1,G,4,H,P,5,4,K,8,2,4,2,0,0,0,000000000,00000000000,0,0,0,1,0,0,0,0,0,0,0,998,0,0,0,12,8,2,42,0,0,0,1,36,12553,6,1,0,0,3,0,72,999,0,0,0,0,0,0,0,0,0,0,0,0,0,0,1,2,45,2,2,2,1,0,0,14,12,1,1,4,6,1,0
36,360023,1,1,2,13,1,4,37,34,0,1,0,36,1,41,37,41037,4,1997,1YVGE22D8V56,1,Y,V,G,E,2,2,D,8,V,5,6,0,0,0,000000000,00000000000,0,0,0,1,0,0,0,0,0,0,0,70,0,1,5,12,8,2,1,0,0,0,1,36,14424,6,8,0,0,3,2,62,999,0,1,0,0,2,1,2013,10,2013,3,74,0,0,0,1,2,55,1,1,2,1,0,0,1,13,1,7,4,2,1,1
36,360024,1,1,2,15,1,18,20,8,0,1,0,36,2,48,38,48038,2,1995,JF1GM6351SH4,J,F,1,G,M,6,3,5,1,S,H,4,0,0,0,000000000,00000000000,0,0,0,1,0,0,0,0,0,0,0,998,0,0,0,12,8,2,8,0,0,0,1,36,14850,6,1,0,0,3,0,69,999,1,0,0,0,0,12,2013,12,2013,0,0,0,0,0,1,2,50,1,1,2,1,4,3,1,80,1,1,1,13,0,0
36,360025,1,2,1,16,1,5,46,8,0,1,0,36,1,37,32,37032,4,2004,1HGCM66554A0,1,H,G,C,M,6,6,5,5,4,A,0,0,0,0,000000000,00000000000,0,0,0,1,0,0,0,0,0,0,0,25,0,0,0,12,8,2,8,0,0,0,1,36,11958,6,1,0,0,3,0,65,999,0,0,0,0,0,0,0,0,0,0,0,0,0,0,1,2,50,1,1,2,2,0,0,1,80,1,1,1,13,0,0
36,360025,2,2,1,16,1,5,46,8,0,1,0,36,2,20,404,20404,14,2007,2CNDL73F9760,2,C,N,D,L,7,3,F,9,7,6,0,0,0,0,000000000,00000000000,0,0,0,1,0,0,0,0,0,0,0,25,0,0,0,14,8,2,8,0,0,0,1,36,11952,6,1,0,0,3,3,66,999,0,0,0,0,0,0,0,0,0,0,0,0,0,0,1,2,50,1,1,2,2,0,0,1,80,1,1,1,98,0,0
36,360026,1,2,1,17,1,15,56,12,2,1,0,34,2,19,421,19421,15,2007,1GYEC63837R3,1,G,Y,E,C,6,3,8,3,7,R,3,0,0,0,000000000,00000000000,0,0,0,1,0,0,0,0,0,0,0,999,0,1,1,12,6,2,1,0,0,0,1,9,6810,9,9,99,0,9,9,999,999,99,99,99,99,99,99,9999,99,9999,3,28,0,0,0,4,4,30,1,1,2,1,3,3,1,11,1,7,2,98,1,0
36,360026,2,2,1,17,1,15,56,12,2,1,0,36,3,93,981,93981,52,2006,1M8PDMDA06P0,1,M,8,P,D,M,D,A,0,6,P,0,0,0,99,999999999,99999999999,3,21,22,1,0,0,0,0,6,3,0,0,0,0,0,12,8,5,12,0,0,0,1,36,10017,6,1,6,0,3,0,70,999,0,0,0,0,0,0,0,0,0,0,0,0,0,0,4,4,30,1,1,2,1,3,3,5,60,1,1,1,98,0,0
36,360029,1,1,1,18,1,4,20,31,0,1,0,36,2,20,2,20002,4,2003,2G1WF52E1393,2,G,1,W,F,5,2,E,1,3,9,3,0,0,0,000000000,00000000000,0,0,0,1,0,0,0,0,0,0,0,999,0,0,0,12,8,2,42,0,0,0,1,36,11758,6,1,0,0,3,0,71,999,1,0,0,1,0,8,2012,9,2013,0,0,0,0,0,1,4,30,1,1,2,2,0,0,1,13,1,7,4,2,1,1
36,360030,1,2,2,3,1,17,24,12,6,1,0,36,2,20,2,20002,4,2008,2G1WB55K1891,2,G,1,W,B,5,5,K,1,8,9,1,0,0,0,000000000,00000000000,0,0,0,1,0,0,0,0,0,0,0,998,0,0,0,3,6,2,12,0,0,0,1,36,13033,6,1,0,0,3,0,74,999,0,0,0,0,0,0,0,0,0,0,28,87,0,0,1,2,55,1,1,2,3,0,0,1,5,1,1,2,64,1,0
36,360030,2,2,1,3,1,17,24,12,6,1,0,36,1,7,482,7482,31,2004,1D7HU18D14S6,1,D,7,H,U,1,8,D,1,4,S,6,0,0,0,000000000,00000000000,0,0,0,1,0,0,0,0,0,0,0,998,0,0,0,12,6,2,12,0,0,0,1,36,13143,6,1,0,0,3,0,72,999,0,0,0,0,0,0,0,0,0,0,0,0,0,0,1,2,55,1,1,2,3,0,0,1,62,1,1,1,65,0,0
36,360031,1,1,1,9,1,5,45,8,0,1,1,36,1,6,16,6016,1,1988,1C3BJ45K5JG3,1,C,3,B,J,4,5,K,5,J,G,3,0,0,0,000000000,00000000000,0,0,0,1,0,0,0,0,0,0,0,999,0,0,0,12,8,3,8,0,0,0,1,36,12520,6,1,0,0,3,0,67,999,1,7,0,0,0,3,2012,9,2013,0,0,0,0,0,1,2,30,3,1,2,1,0,0,14,80,1,1,1,13,0,1
36,360032,1,2,1,12,1,14,56,12,6,1,0,9,2,13,421,13421,15,2010,5LMJJ3J52AEJ,5,L,M,J,J,3,J,5,2,A,E,J,0,0,0,000000000,00000000000,0,0,0,1,0,0,0,0,0,0,0,999,0,0,0,12,8,8,12,0,0,0,1,36,11235,0,0,0,0,0,0,999,999,0,0,0,0,0,0,0,0,0,0,0,0,0,0,1,3,99,1,2,2,1,0,0,1,98,1,1,1,86,1,0