STATE,ST_CASE,VEH_NO,VE_FORMS,NUMOCCS,DAY,MONTH,HOUR,MINUTE,HARM_EV,MAN_COLL,UNITTYPE,HIT_RUN,REG_STAT,OWNER,MAKE,MODEL,MAK_MOD,BODY_TYP,MOD_YEAR,VIN,VIN_1,VIN_2,VIN_3,VIN_4,VIN_5,VIN_6,VIN_7,VIN_8,VIN_9,VIN_10,VIN_11,VIN_12,TOW_VEH,J_KNIFE,MCARR_I1,MCARR_I2,MCARR_ID,GVWR,V_CONFIG,CARGO_BT,HAZ_INV,HAZ_PLAC,HAZ_ID,HAZ_CNO,HAZ_REL,BUS_USE,SPEC_USE,EMER_USE,TRAV_SP,UNDERIDE,ROLLOVER,ROLINLOC,IMPACT1,DEFORMED,TOWED,M_HARM,VEH_SC1,VEH_SC2,FIRE_EXP,DR_PRES,L_STATE,DR_ZIP,L_STATUS,L_TYPE,CDL_STAT,L_ENDORS,L_COMPL,L_RESTRI,DR_HGT,DR_WGT,PREV_ACC,PREV_SUS,PREV_DWI,PREV_SPD,PREV_OTH,FIRST_MO,FIRST_YR,LAST_MO,LAST_YR,SPEEDREL,DR_SF1,DR_SF2,DR_SF3,DR_SF4,VTRAFWAY,VNUM_LAN,VSPD_LIM,VALIGN,VPROFILE,VPAVETYP,VSURCOND,VTRAFCON,VTCONT_F,P_CRASH1,P_CRASH2,P_CRASH3,PCRASH4,PCRASH5,ACC_TYPE,DEATHS,DR_DRINK
36,360285,1,2,1,24,5,17,25,12,6,1,0,36,2,76,733,76733,90,2001,JY43GG0341C0,J,Y,4,3,G,G,0,3,4,1,C,0,0,0,0,000000000,00000000000,0,0,0,1,0,0,0,0,0,0,0,999,0,0,0,12,6,2,12,0,0,0,1,36,10705,1,1,0,0,2,2,69,999,0,1,0,0,0,12,2013,12,2013,0,74,0,0,0,1,4,30,1,1,2,2,0,0,6,52,99,1,3,98,1,0
36,360285,2,2,2,24,5,17,25,12,6,1,0,36,1,12,401,12401,14,2014,1FM5K8F83EGA,1,F,M,5,K,8,F,8,3,E,G,A,0,0,0,000000000,00000000000,0,0,0,1,0,0,0,0,0,0,0,999,0,0,0,62,8,5,12,0,0,0,1,36,10471,6,1,0,0,3,0,67,999,0,0,0,0,0,0,0,0,0,0,0,0,0,0,1,4,30,1,1,2,2,0,0,11,53,99,1,1,98,0,0
36,360286,1,2,1,26,5,16,17,5,0,1,0,36,1,76,705,76705,80,2009,JYARJ16E49A0,J,Y,A,R,J,1,6,E,4,9,A,0,0,0,0,000000000,00000000000,0,0,0,1,0,0,0,0,0,0,0,998,0,0,0,0,8,2,12,0,0,0,1,36,11238,6,1,0,0,3,0,70,999,1,0,0,0,0,10,2013,10,2013,0,38,0,0,0,3,2,98,1,1,2,1,3,3,11,98,98,1,2,0,1,0
36,360286,2,2,4,26,5,16,17,5,0,1,0,36,1,35,401,35401,14,2002,JN8DR09Y62W7,J,N,8,D,R,0,9,Y,6,2,W,7,0,0,0,000000000,00000000000,0,0,0,1,0,0,0,0,0,0,0,998,0,0,0,12,0,5,12,0,0,0,1,36,11226,6,1,0,0,3,0,66,999,0,0,0,0,0,0,0,0,0,0,0,0,0,0,3,2,98,1,1,2,1,3,3,1,67,99,1,1,98,0,0
36,360287,1,1,3,27,5,13,37,18,0,1,0,9,2,49,403,49403,14,2010,5TDJK3EH4AS0,5,T,D,J,K,3,E,H,4,A,S,0,0,0,0,000000000,00000000000,0,0,0,1,0,0,0,0,0,0,0,999,0,0,0,14,6,2,2,0,0,1,1,36,10703,6,1,0,0,3,0,72,999,0,3,0,0,1,5,2012,5,2014,0,81,0,0,0,3,4,50,1,1,2,1,0,0,1,90,99,1,1,15,1,0
36,360288,1,1,2,31,5,17,18,30,0,1,0,36,2,20,36,20036,2,1997,2G1WW12M0V92,2,G,1,W,W,1,2,M,0,V,9,2,0,0,0,000000000,00000000000,0,0,0,1,0,0,0,0,0,0,0,998,0,0,0,9,6,2,30,0,0,0,1,36,13760,0,0,0,0,0,0,999,999,0,1,0,0,1,10,2011,10,2012,5,0,0,0,0,1,2,45,1,1,2,2,0,0,1,13,99,1,4,1,1,1
36,360289,1,1,1,31,5,12,44,53,0,1,0,36,1,18,7,18007,4,2002,2G4WS52J3211,2,G,4,W,S,5,2,J,3,2,1,1,0,0,0,000000000,00000000000,0,0,0,1,0,0,0,0,0,0,0,998,0,0,0,12,8,2,42,0,0,0,1,36,14108,6,1,0,0,3,0,67,999,0,0,0,0,0,0,0,0,0,0,0,0,0,0,1,2,40,4,1,2,1,0,0,14,13,99,1,4,1,1,0
36,360290,1,1,1,13,4,4,15,42,0,1,0,36,1,12,3,12003,2,2014,1ZVBP8AM2E52,1,Z,V,B,P,8,A,M,2,E,5,2,0,0,0,000000000,00000000000,0,0,0,1,0,0,0,0,0,0,0,999,0,0,0,12,6,2,42,0,0,0,1,36,14223,6,1,6,0,3,3,70,999,0,0,0,0,0,0,0,0,0,0,0,0,0,0,1,2,55,1,1,2,2,0,0,1,9,99,9,4,2,1,0
36,360291,1,1,2,25,5,20,11,34,0,1,0,51,1,12,23,12023,4,2013,3FA6P0K94DR1,3,F,A,6,P,0,K,9,4,D,R,1,0,0,0,000000000,00000000000,0,0,0,1,0,0,0,0,0,0,0,999,0,0,0,99,8,2,42,0,0,0,1,20,67207,6,1,0,0,3,0,72,999,0,0,0,0,0,0,0,0,0,3,0,0,0,0,1,2,55,1,2,2,1,0,0,1,6,99,7,4,2,1,1
36,360292,1,1,1,13,5,23,21,59,0,1,0,36,1,72,706,72706,80,2011,1HD1TA819BB9,1,H,D,1,T,A,8,1,9,B,B,9,0,0,0,000000000,00000000000,0,0,0,1,0,0,0,0,0,0,0,999,0,0,0,12,6,2,35,0,0,0,1,36,10996,6,1,0,0,3,0,68,999,0,0,0,0,0,0,0,0,0,5,0,0,0,0,1,2,40,1,2,2,1,0,0,1,13,99,1,4,1,1,0
36,360293,1,2,4,31,5,18,19,12,6,1,0,9,1,54,35,54035,4,2005,999999999999,9,9,9,9,9,9,9,9,9,9,9,9,0,0,0,000000000,00000000000,0,0,0,1,0,0,0,0,0,0,0,998,0,0,0,9,6,2,12,0,0,0,1,9,6473,9,9,99,9,9,9,999,999,99,99,99,99,99,99,9999,99,9999,0,48,0,0,0,2,4,55,1,2,2,1,0,0,12,98,99,1,2,98,1,1
36,360293,2,2,1,31,5,18,19,12,6,1,0,36,2,7,482,7482,31,2000,3B7HF13Y3YG1,3,B,7,H,F,1,3,Y,3,Y,G,1,0,0,0,000000000,00000000000,0,0,0,1,0,0,0,0,0,0,0,998,0,0,0,12,8,2,12,0,0,0,1,36,12020,6,1,0,0,3,3,67,999,0,0,0,0,0,0,0,0,0,0,0,0,0,0,2,4,55,1,2,2,1,0,0,1,62,1,1,1,98,0,0
36,360294,1,1,1,24,5,4,13,30,0,1,0,36,1,34,401,34401,14,2010,5UXFE4C56AL3,5,U,X,F,E,4,C,5,6,A,L,3,0,0,0,000000000,00000000000,0,0,0,1,0,0,0,0,0,0,0,64,0,1,5,3,6,2,30,0,0,0,1,36,10709,6,1,0,0,3,0,76,999,0,0,0,0,0,0,0,0,0,3,0,0,0,0,1,2,40,4,2,2,2,0,0,14,6,99,4,4,2,1,1
36,360295,1,2,1,1,6,14,33,8,0,1,0,36,1,20,2,20002,4,2006,2G1WU5813693,2,G,1,W,U,5,8,1,3,6,9,3,0,0,0,000000000,00000000000,0,0,0,1,0,0,0,0,0,0,0,998,0,0,0,12,8,2,8,0,0,0,1,36,14092,6,1,0,0,3,3,67,999,1,0,0,0,2,10,2011,5,2013,0,0,0,0,0,1,3,30,1,1,1,1,0,0,1,80,99,1,1,13,0,0
36,360295,2,2,2,1,6,14,33,8,0,1,0,36,1,49,40,49040,4,2012,4T1BF1FK5CU1,4,T,1,B,F,1,F,K,5,C,U,1,0,0,0,000000000,00000000000,0,0,0,1,0,0,0,0,0,0,0,998,0,0,0,12,8,2,8,0,0,0,1,36,14131,6,1,0,0,3,0,71,999,0,0,0,0,0,0,0,0,0,0,0,0,0,0,1,3,30,1,1,1,1,0,0,1,80,99,1,1,98,0,0
36,360296,1,2,1,1,6,17,24,12,6,1,0,92,0,98,998,98998,92,1997,999999999999,9,9,9,9,9,9,9,9,9,9,9,9,0,0,0,000000000,00000000000,0,0,0,1,0,0,0,0,0,0,0,999,0,0,0,83,2,5,12,0,0,0,1,36,14513,6,1,0,0,3,0,68,999,0,0,0,0,0,0,0,0,0,0,0,0,0,0,1,2,55,2,2,2,1,0,0,11,15,99,1,1,68,0,0
36,360296,2,2,1,1,6,17,24,12,6,1,0,36,1,76,706,76706,80,2004,JYAVP11E14A0,J,Y,A,V,P,1,1,E,1,4,A,0,0,0,0,000000000,00000000000,0,0,0,1,0,0,0,0,0,0,0,35,0,0,0,99,8,2,12,0,0,0,1,36,14513,6,1,6,0,3,0,72,999,1,0,0,0,0,12,2011,12,2011,0,0,0,0,0,1,2,55,3,2,2,1,0,0,14,62,99,1,1,69,1,0
36,360297,1,1,5,1,6,16,11,24,0,1,0,95,1,49,422,49422,15,2010,999999999999,9,9,9,9,9,9,9,9,9,9,9,9,0,0,0,000000000,00000000000,0,0,0,1,0,0,0,0,0,0,0,998,0,1,3,12,6,2,1,0,0,0,1,95,0,9,9,99,9,9,9,999,999,99,99,99,99,99,99,9999,99,9999,0,0,0,0,0,3,4,65,2,2,2,1,0,0,14,12,99,1,4,6,1,0
36,360298,1,1,1,2,6,8,35,42,0,1,0,36,1,73,706,73706,80,1995,JKAZXBE13SA0,J,K,A,Z,X,B,E,1,3,S,A,0,0,0,0,000000000,00000000000,0,0,0,1,0,0,0,0,0,0,0,999,0,0,0,12,8,2,42,0,0,0,1,36,10543,6,1,0,0,3,3,65,999,0,0,0,0,1,10,2013,10,2013,5,0,0,0,0,1,4,30,1,1,2,1,0,0,1,9,99,9,4,2,1,0
36,360299,2,1,1,25,4,12,51,14,0,1,0,36,1,53,706,53706,80,2005,JS1VS55A1521,J,S,1,V,S,5,5,A,1,5,2,1,0,0,0,000000000,00000000000,0,0,0,1,0,0,0,0,0,0,0,999,0,0,0,12,8,2,14,0,0,0,1,36,12117,6,1,6,0,3,0,72,999,1,0,0,0,0,4,2014,4,2014,0,0,0,0,0,1,2,30,1,1,2,1,0,0,1,50,99,1,4,11,1,0
36,360300,1,1,1,23,2,11,13,42,0,1,0,36,1,20,481,20481,31,2000,1GCEK14V1YE2,1,G,C,E,K,1,4,V,1,Y,E,2,0,0,0,000000000,00000000000,0,0,0,1,0,0,0,0,0,0,0,999,0,0,0,12,8,2,42,0,0,0,1,36,14428,6,1,0,0,3,3,73,999,0,0,0,0,0,0,0,0,0,0,0,0,0,0,2,2,55,1,1,1,1,0,0,1,9,99,7,4,7,1,0
36,360301,1,3,1,2,6,16,55,12,2,1,0,36,2,6,41,6041,4,1998,2C3HD46JXWH2,2,C,3,H,D,4,6,J,X,W,H,2,0,0,0,000000000,00000000000,0,0,0,1,0,0,0,0,0,0,0,998,0,0,0,12,8,5,12,0,0,0,1,36,11434,6,1,0,0,3,0,72,999,1,0,0,0,0,9,2011,9,2011,0,28,0,0,0,1,2,30,1,1,2,1,0,0,11,15,99,1,2,68,0,0
36,360301,2,3,1,2,6,16,55,12,2,1,0,36,1,72,706,72706,80,2013,1HD4LE217DC4,1,H,D,4,L,E,2,1,7,D,C,4,0,0,0,000000000,00000000000,0,0,0,1,0,0,0,0,0,0,0,998,0,0,0,12,8,5,12,0,0,0,1,36,11432,6,1,0,0,3,0,66,999,0,0,0,0,0,0,0,0,0,0,0,0,0,0,1,2,30,1,1,2,1,0,0,1,62,99,1,1,69,1,1
36,360301,3,3,2,2,6,16,55,12,2,1,0,36,1,35,47,35047,4,2002,1N4BL11E52C2,1,N,4,B,L,1,1,E,5,2,C,2,0,0,0,000000000,00000000000,0,0,0,1,0,0,0,0,0,0,0,998,0,0,0,9,8,5,12,0,0,0,1,36,11434,6,1,0,0,3,0,65,999,0,0,0,0,0,0,0,0,0,0,0,0,0,0,1,2,30,1,1,2,1,0,0,1,62,99,1,1,98,0,0
36,360302,1,2,1,1,6,16,46,12,6,1,0,37,2,73,709,73709,80,2007,999999999999,9,9,9,9,9,9,9,9,9,9,9,9,0,0,0,000000000,00000000000,0,0,0,1,0,0,0,0,0,0,0,999,0,0,0,12,8,8,12,0,0,0,1,36,11520,0,0,0,0,0,0,67,999,0,0,0,0,0,0,0,0,0,5,0,0,0,0,2,3,45,1,1,2,1,0,0,1,62,99,1,1,69,1,0
36,360302,2,2,2,1,6,16,46,12,6,1,0,36,1,49,50,49050,3,2006,JTKDE1772600,J,T,K,D,E,1,7,7,2,6,0,0,0,0,0,000000000,00000000000,0,0,0,1,0,0,0,0,0,0,0,999,0,0,0,83,8,8,12,0,0,0,1,36,11801,6,1,0,0,3,2,70,999,0,0,0,2,0,11,2011,8,2013,0,74,0,0,0,2,3,45,1,1,2,1,0,0,11,15,99,1,1,68,0,0
36,360303,1,1,1,2,5,18,28,9,0,1,0,36,2,2,403,2403,14,1990,2J4FY19E9LJ5,2,J,4,F,Y,1,9,E,9,L,J,5,0,0,0,000000000,00000000000,0,0,0,1,0,0,0,0,0,0,0,999,0,0,0,12,8,2,9,0,0,0,1,36,11968,6,1,0,0,3,0,73,999,0,1,0,0,1,8,2011,9,2011,0,39,0,0,0,1,5,99,4,2,1,1,3,3,14,83,99,1,1,13,0,1
36,360304,1,2,1,2,6,8,49,12,1,1,0,36,1,12,24,12024,6,2010,2FMDK4KC0ABA,2,F,M,D,K,4,K,C,0,A,B,A,0,0,0,000000000,00000000000,0,0,0,1,0,0,0,0,0,0,0,18,0,0,0,12,8,2,12,0,0,0,1,36,14221,6,1,0,0,3,0,68,999,0,0,0,0,0,0,0,0,0,3,0,0,0,0,1,2,30,1,1,2,1,0,0,1,50,99,1,1,20,1,0
36,360304,2,2,1,2,6,8,49,12,1,1,0,36,2,20,403,20403,14,2009,1GNDT33S8921,1,G,N,D,T,3,3,S,8,9,2,1,0,0,0,000000000,00000000000,0,0,0,1,0,0,0,0,0,0,0,0,0,0,0,6,8,5,12,0,0,0,1,36,14150,6,1,0,0,3,0,62,999,0,0,0,0,0,0,0,0,0,0,0,0,0,0,1,2,30,1,1,2,1,0,0,5,53,99,1,1,21,0,0
36,360305,1,1,2,2,6,6,49,8,0,1,0,34,1,34,35,34035,4,2004,WBANB33514B1,W,B,A,N,B,3,3,5,1,4,B,1,0,0,0,000000000,00000000000,0,0,0,1,0,0,0,0,0,0,0,999,0,0,0,12,8,2,8,0,0,0,1,34,7407,6,1,0,0,3,0,71,999,0,0,0,0,0,0,0,0,0,0,0,0,0,0,1,2,30,1,1,2,1,20,3,1,80,99,1,1,13,0,0
36,360306,1,2,2,3,6,14,33,12,2,1,0,36,1,37,31,37031,2,2000,1HGEJ6227YL0,1,H,G,E,J,6,2,2,7,Y,L,0,0,0,0,000000000,00000000000,0,0,0,1,0,0,0,0,0,0,0,998,0,0,0,12,8,2,12,0,0,0,1,36,12959,6,1,0,0,3,3,69,999,0,0,0,0,0,0,0,0,0,0,0,0,0,0,1,2,55,1,1,2,1,0,0,1,10,99,1,3,50,1,0
36,360306,2,2,1,3,6,14,33,12,2,1,0,36,3,98,898,98898,60,2006,5B4KPD2U7634,5,B,4,K,P,D,2,U,7,6,3,4,0,0,99,999999999,99999999999,2,1,1,1,0,0,0,0,0,0,0,998,0,0,0,12,6,2,12,0,0,0,1,36,12910,6,1,0,0,3,0,66,999,1,0,0,0,0,7,2013,7,2013,0,0,0,0,0,1,2,55,1,1,2,1,0,0,1,62,99,1,1,51,0,0
36,360307,1,6,1,3,6,11,18,25,0,1,0,42,1,85,884,85884,66,1980,999999999999,9,9,9,9,9,9,9,9,9,9,9,9,1,1,57,2404488,572404488,3,6,3,1,0,0,0,0,0,0,0,998,0,0,0,12,8,2,12,0,0,0,1,42,17004,6,1,6,1,3,3,68,999,0,0,0,0,1,4,2012,4,2012,0,0,0,0,0,3,2,65,2,2,1,2,0,0,14,12,99,1,4,6,1,0
36,360307,2,6,1,3,6,11,18,25,0,1,0,36,3,51,881,51881,66,2007,4V4NC9TG17N4,4,V,4,N,C,9,T,G,1,7,N,4,1,1,57,00297805,5700297805,3,6,1,1,0,0,0,0,0,0,0,998,0,0,0,99,8,5,12,0,0,0,1,36,14539,6,1,6,1,3,0,70,999,0,0,0,0,0,0,0,0,0,0,0,0,0,0,3,2,65,2,2,1,2,0,0,2,60,99,1,1,98,0,0
36,360307,3,6,1,3,6,11,18,25,0,1,0,36,3,20,444,20444,20,2008,1GBDV13128D1,1,G,B,D,V,1,3,1,2,8,D,1,0,0,0,000000000,00000000000,0,0,0,1,0,0,0,0,0,0,0,0,0,0,0,12,8,5,12,0,0,0,1,36,13748,6,1,0,0,3,0,68,999,0,0,0,0,0,0,0,0,0,0,0,0,0,0,3,2,65,2,2,1,2,0,0,5,62,99,1,1,98,0,0
36,360307,4,6,3,3,6,11,18,25,0,1,0,36,1,12,402,12402,14,2010,1FMCU9EG3AKA,1,F,M,C,U,9,E,G,3,A,K,A,0,0,0,000000000,00000000000,0,0,0,1,0,0,0,0,0,0,0,0,0,0,0,12,8,5,12,0,0,0,1,36,14626,6,1,0,0,3,0,64,999,0,0,0,1,0,12,2012,12,2012,0,0,0,0,0,3,2,65,2,2,1,2,0,0,5,98,99,1,1,98,0,0
36,360307,5,6,2,3,6,11,18,25,0,1,0,36,2,7,26,7026,4,2012,1C3CDZCB4CN3,1,C,3,C,D,Z,C,B,4,C,N,3,0,0,0,000000000,00000000000,0,0,0,1,0,0,0,0,0,0,0,0,0,0,0,6,8,5,12,0,0,0,1,36,14815,6,1,0,0,3,0,65,999,0,0,0,0,0,0,0,0,0,0,0,0,0,0,3,2,65,2,2,1,2,0,0,5,98,99,1,1,98,0,0
36,360307,6,6,1,3,6,11,18,25,0,1,0,27,3,85,881,85881,66,2011,1XKAD49X4BJ2,1,X,K,A,D,4,9,X,4,B,J,2,1,1,57,124590,57124590,3,6,1,1,0,0,0,0,0,0,0,0,0,0,0,99,8,5,12,0,0,0,1,55,54021,6,1,6,1,3,0,68,999,0,0,0,0,0,0,0,0,0,0,0,0,0,0,3,2,65,2,2,1,2,0,0,5,62,99,1,1,98,0,0
36,360308,1,1,0,5,6,11,19,8,0,1,0,36,6,12,422,12422,15,2011,1FMJK2A59BEF,1,F,M,J,K,2,A,5,9,B,E,F,0,0,0,000000000,00000000000,0,0,0,1,0,0,0,0,0,0,0,999,0,0,0,9,8,2,14,0,0,0,0,0,99997,7,6,97,7,6,7,998,997,998,998,998,998,998,98,9998,98,9998,8,0,0,0,0,4,4,99,1,1,2,1,3,3,0,80,0,0,0,98,0,0
36,360309,1,1,1,7,6,4,58,9,0,1,1,99,9,99,999,99999,99,9999,999999999999,9,9,9,9,9,9,9,9,9,9,9,9,0,0,0,000000000,00000000000,0,0,0,1,0,0,0,0,0,0,0,999,0,0,0,99,9,5,9,0,0,0,1,99,99999,9,9,99,9,9,9,999,999,99,99,99,99,99,99,9999,99,9999,0,0,0,0,0,4,4,99,1,1,2,1,0,0,1,83,99,1,1,13,0,0
36,360310,1,2,1,6,6,16,45,12,6,1,0,36,2,37,705,37705,80,1999,JH2PC3505XM0,J,H,2,P,C,3,5,0,5,X,M,0,0,0,0,000000000,00000000000,0,0,0,1,0,0,0,0,0,0,0,999,0,0,0,12,6,2,12,0,0,0,1,36,12972,0,0,0,0,0,0,72,999,0,3,0,0,0,2,2014,6,2014,3,52,0,0,0,1,2,55,1,1,2,1,0,0,1,62,99,7,3,69,1,0
36,360310,2,2,1,6,6,16,45,12,6,1,0,36,1,85,881,85881,66,2007,1XKWD40X37J2,1,X,K,W,D,4,0,X,3,7,J,2,1,1,57,699911,57699911,3,6,9,1,0,0,0,0,0,0,0,999,0,0,0,83,8,5,12,0,0,0,1,36,12918,6,1,6,0,3,0,67,999,1,0,0,0,1,2,2012,6,2012,0,0,0,0,0,1,2,55,1,1,2,1,0,0,11,15,99,1,1,68,0,0
36,360311,1,1,1,4,6,15,59,34,0,1,0,36,1,72,706,72706,80,2007,1HD1FS4187Y6,1,H,D,1,F,S,4,1,8,7,Y,6,0,0,0,000000000,00000000000,0,0,0,1,0,0,0,0,0,0,0,999,0,0,0,12,8,2,42,0,0,0,1,36,13076,6,1,6,0,3,3,69,999,1,7,0,0,1,7,2012,10,2013,0,0,0,0,0,1,2,55,3,2,2,1,0,0,14,13,99,1,4,1,1,0
36,360312,1,2,1,22,5,17,11,12,6,1,0,36,1,12,37,12037,4,2003,1FAFP33P83W1,1,F,A,F,P,3,3,P,8,3,W,1,0,0,0,000000000,00000000000,0,0,0,1,0,0,0,0,0,0,0,999,0,0,0,83,8,2,12,0,0,0,1,36,14221,6,1,0,0,3,3,68,999,0,0,0,0,0,0,0,0,0,0,38,0,0,0,1,5,45,1,2,2,1,3,3,11,15,99,1,1,68,1,0
36,360312,2,2,1,22,5,17,11,12,6,1,0,36,1,69,54,69054,3,2009,WMWMF33569TW,W,M,W,M,F,3,3,5,6,9,T,W,0,0,0,000000000,00000000000,0,0,0,1,0,0,0,0,0,0,0,999,0,0,0,12,8,2,12,0,0,0,1,36,14420,6,1,0,0,3,3,66,999,0,0,0,0,0,0,0,0,0,0,0,0,0,0,1,5,45,1,2,2,1,3,3,1,65,99,1,1,69,0,0
36,360313,1,2,1,4,6,5,25,18,0,1,0,25,3,84,881,84881,63,2010,3HSCUAPR0AN1,3,H,S,C,U,A,P,R,0,A,N,1,0,0,99,999999999,99999999999,3,2,1,1,0,0,0,0,0,0,0,999,0,0,0,12,8,2,18,0,0,0,1,25,1107,6,1,6,1,3,3,72,999,0,0,0,0,1,1,2013,1,2013,0,81,28,0,0,3,3,99,1,1,2,1,0,0,1,90,99,1,1,15,1,0
36,360313,2,2,2,4,6,5,25,18,0,1,0,36,3,82,881,82881,66,2012,1FUJGBDV3CSB,1,F,U,J,G,B,D,V,3,C,S,B,1,1,99,999999999,99999999999,3,6,1,1,0,0,0,0,0,0,0,999,0,0,0,63,8,2,12,0,0,0,1,36,11717,6,1,6,0,3,3,70,999,0,0,0,0,4,2,2012,5,2014,0,0,0,0,0,3,3,99,1,1,2,1,0,0,1,60,99,1,1,98,0,0
36,360314,1,1,2,18,5,22,17,24,0,1,0,36,1,53,705,53705,80,2008,JS1GN7EA8821,J,S,1,G,N,7,E,A,8,8,2,1,0,0,0,000000000,00000000000,0,0,0,1,0,0,0,0,0,0,0,998,0,0,0,99,8,5,24,0,0,1,1,36,13905,2,1,0,0,2,2,72,999,0,4,0,0,0,11,2012,11,2013,0,74,0,0,0,3,2,55,2,1,2,1,0,0,14,13,99,1,4,1,2,0
36,360315,1,1,1,7,6,9,56,8,0,1,0,36,2,49,43,49043,4,2005,4T1BK36B55U0,4,T,1,B,K,3,6,B,5,5,U,0,0,0,0,000000000,00000000000,0,0,0,1,0,0,0,0,0,0,0,999,0,0,0,12,8,2,8,0,0,0,1,36,11203,6,1,0,0,3,0,73,999,0,0,0,0,0,0,0,0,0,0,0,0,0,0,4,4,99,1,1,2,1,3,3,1,80,99,1,1,13,0,0
36,360316,1,1,1,7,6,19,49,42,0,1,0,36,1,72,706,72706,80,2002,1HD1FRW172Y6,1,H,D,1,F,R,W,1,7,2,Y,6,0,0,0,000000000,00000000000,0,0,0,1,0,0,0,0,0,0,0,998,0,0,0,12,8,2,42,0,0,0,1,36,12134,6,1,0,0,3,0,71,999,0,0,0,0,0,0,0,0,0,0,39,0,0,0,1,2,45,3,1,2,1,0,0,14,12,99,1,4,6,1,1
36,360317,1,2,1,7,6,23,45,12,2,1,0,10,4,20,29,20029,5,2014,KL8CD6S98EC4,K,L,8,C,D,6,S,9,8,E,C,4,0,0,0,000000000,00000000000,0,0,0,1,0,0,0,0,0,0,0,999,0,0,0,12,8,2,12,0,0,0,1,27,55318,6,1,0,0,3,0,64,999,0,0,0,0,0,0,0,0,0,0,28,37,0,0,1,2,55,4,2,2,1,0,0,14,10,99,1,2,50,1,1
36,360317,2,2,3,7,6,23,45,12,2,1,0,36,2,20,481,20481,31,2004,1GCHK24U24E3,1,G,C,H,K,2,4,U,2,4,E,3,0,0,0,000000000,00000000000,0,0,0,1,0,0,0,0,0,0,0,999,0,0,0,12,8,2,12,0,0,0,1,36,12136,6,1,0,0,3,3,69,999,0,0,0,0,0,0,0,0,0,0,0,0,0,0,1,2,55,4,2,2,1,0,0,14,62,99,1,1,51,0,1
36,360318,1,1,1,12,1,8,22,42,0,1,0,36,1,30,40,30040,4,2011,3VWDZ7AJ8BM3,3,V,W,D,Z,7,A,J,8,B,M,3,0,0,0,000000000,00000000000,0,0,0,1,0,0,0,0,0,0,0,998,0,0,0,12,8,2,42,0,0,0,1,36,11769,6,1,0,0,3,3,70,999,0,0,0,0,0,0,0,0,0,0,0,0,0,0,1,2,98,1,1,2,2,0,0,1,12,1,1,5,6,1,0
36,360319,1,1,1,7,2,13,57,8,0,1,0,34,3,13,421,13421,15,2011,999999999999,9,9,9,9,9,9,9,9,9,9,9,9,0,0,0,000000000,00000000000,0,0,0,1,0,0,0,0,0,0,0,999,0,0,0,6,8,5,8,0,0,0,1,36,10954,6,1,0,0,3,0,65,999,0,0,0,0,0,0,0,0,0,0,31,0,0,0,4,1,30,1,1,2,1,1,3,11,80,1,1,1,13,0,0
36,360320,1,1,2,8,6,4,52,52,0,1,0,36,2,67,32,67032,3,2013,999999999999,9,9,9,9,9,9,9,9,9,9,9,9,0,0,0,000000000,00000000000,0,0,0,1,0,0,0,0,0,0,0,98,0,1,5,62,8,2,52,0,0,0,1,36,12188,6,1,0,0,3,0,63,999,1,0,0,0,0,9,2013,9,2013,3,0,0,0,0,3,3,65,3,2,2,1,0,0,14,6,99,7,4,2,1,1
36,360321,1,1,1,7,6,4,3,24,0,1,0,36,1,72,706,72706,80,2001,1HD1CGP171K1,1,H,D,1,C,G,P,1,7,1,K,1,0,0,0,000000000,00000000000,0,0,0,1,0,0,0,0,0,0,0,998,0,0,0,12,6,2,24,0,0,0,1,36,13090,6,1,6,0,3,3,68,999,0,0,0,0,1,12,2013,12,2013,5,0,0,0,0,1,2,55,3,2,2,1,0,0,14,13,99,1,4,1,1,1
36,360322,1,1,1,14,4,13,6,30,0,1,0,36,1,12,481,12481,31,2013,1FTFX1EF4DFA,1,F,T,F,X,1,E,F,4,D,F,A,0,0,0,000000000,00000000000,0,0,0,1,0,0,0,0,0,0,0,998,0,0,0,12,8,2,30,0,0,0,1,36,14032,6,1,0,0,3,0,69,999,0,0,0,0,0,0,0,0,0,0,0,0,0,0,1,2,98,1,1,2,1,0,0,1,12,1,1,5,6,1,0
36,360323,1,2,6,8,6,14,23,12,6,1,0,12,4,7,442,7442,20,2013,2C4RDGCG3DR5,2,C,4,R,D,G,C,G,3,D,R,5,0,0,0,000000000,00000000000,0,0,0,1,0,0,0,0,0,0,0,999,0,0,0,3,8,2,12,0,0,0,1,34,7306,6,1,0,0,3,0,69,999,0,0,0,0,0,0,0,0,0,0,48,0,0,0,1,2,40,1,3,2,1,0,0,12,10,1,1,2,98,0,0
36,360323,2,2,1,8,6,14,23,12,6,1,0,36,1,72,706,72706,80,1999,1HD1CGP14XK1,1,H,D,1,C,G,P,1,4,X,K,1,0,0,0,000000000,00000000000,0,0,0,1,0,0,0,0,0,0,0,999,0,0,0,12,8,2,12,0,0,0,1,36,10956,6,1,6,0,3,0,69,999,0,0,0,0,0,0,0,0,0,0,0,0,0,0,1,2,40,1,3,2,1,0,0,1,62,1,1,1,98,1,0