STATE,ST_CASE,VEH_NO,VE_FORMS,NUMOCCS,DAY,MONTH,HOUR,MINUTE,HARM_EV,MAN_COLL,UNITTYPE,HIT_RUN,REG_STAT,OWNER,MAKE,MODEL,MAK_MOD,BODY_TYP,MOD_YEAR,VIN,VIN_1,VIN_2,VIN_3,VIN_4,VIN_5,VIN_6,VIN_7,VIN_8,VIN_9,VIN_10,VIN_11,VIN_12,TOW_VEH,J_KNIFE,MCARR_I1,MCARR_I2,MCARR_ID,GVWR,V_CONFIG,CARGO_BT,HAZ_INV,HAZ_PLAC,HAZ_ID,HAZ_CNO,HAZ_REL,BUS_USE,SPEC_USE,EMER_USE,TRAV_SP,UNDERIDE,ROLLOVER,ROLINLOC,IMPACT1,DEFORMED,TOWED,M_HARM,VEH_SC1,VEH_SC2,FIRE_EXP,DR_PRES,L_STATE,DR_ZIP,L_STATUS,L_TYPE,CDL_STAT,L_ENDORS,L_COMPL,L_RESTRI,DR_HGT,DR_WGT,PREV_ACC,PREV_SUS,PREV_DWI,PREV_SPD,PREV_OTH,FIRST_MO,FIRST_YR,LAST_MO,LAST_YR,SPEEDREL,DR_SF1,DR_SF2,DR_SF3,DR_SF4,VTRAFWAY,VNUM_LAN,VSPD_LIM,VALIGN,VPROFILE,VPAVETYP,VSURCOND,VTRAFCON,VTCONT_F,P_CRASH1,P_CRASH2,P_CRASH3,PCRASH4,PCRASH5,ACC_TYPE,DEATHS,DR_DRINK
36,360406,4,4,1,13,6,15,53,12,6,1,0,36,1,20,423,20423,15,2013,1GNKVGKD6DJ1,1,G,N,K,V,G,K,D,6,D,J,1,0,0,0,000000000,00000000000,0,0,0,1,0,0,0,0,0,0,0,0,0,0,0,12,8,2,12,0,0,0,1,36,14150,6,1,0,0,3,0,64,999,0,0,0,0,0,0,0,0,0,0,0,0,0,0,1,7,45,1,1,1,1,3,3,5,98,99,1,1,98,0,0
36,360407,1,1,1,14,7,12,4,8,0,1,0,34,3,82,881,82881,63,2006,1FVACXDC06HW,1,F,V,A,C,X,D,C,0,6,H,W,0,0,77,777777777,77777777777,3,1,1,1,0,0,0,0,0,0,0,999,0,0,0,12,0,5,8,0,0,0,1,36,11368,6,1,6,2,3,0,71,999,0,2,0,1,2,9,2011,6,2013,0,0,0,0,0,3,4,50,1,1,2,1,0,0,1,80,1,1,1,13,0,0
36,360408,1,1,1,7,7,23,25,8,0,1,1,99,9,99,999,99999,99,9999,999999999999,9,9,9,9,9,9,9,9,9,9,9,9,0,0,0,000000000,00000000000,0,0,0,1,0,0,0,0,0,0,0,999,0,0,0,12,8,5,8,0,0,0,1,99,99999,9,9,99,9,9,9,999,999,99,99,99,99,99,99,9999,99,9999,0,0,0,0,0,1,6,40,1,1,2,1,3,3,1,80,99,1,1,13,0,0
36,360409,1,2,2,15,7,9,15,12,1,1,0,36,1,49,403,49403,14,2012,5TDYK3EH6CS0,5,T,D,Y,K,3,E,H,6,C,S,0,0,0,0,000000000,00000000000,0,0,0,1,0,0,0,0,0,0,0,999,0,1,5,6,6,2,1,0,0,0,1,36,12883,6,1,0,0,3,3,63,999,0,0,0,0,0,0,0,0,0,0,38,0,0,0,1,2,45,3,2,2,1,0,0,11,15,1,1,1,76,1,0
36,360409,2,2,1,15,7,9,15,12,1,1,0,36,3,85,881,85881,66,2007,1XKWD40X87J1,1,X,K,W,D,4,0,X,8,7,J,1,1,1,57,602651,57602651,3,6,8,1,0,0,0,0,0,0,0,999,0,0,0,12,8,3,12,0,0,0,1,36,12953,6,1,6,1,3,0,71,999,0,0,0,1,2,6,2013,3,2014,0,0,0,0,0,1,2,45,3,2,2,1,0,0,14,65,1,1,1,77,0,0
36,360410,1,2,1,16,7,11,37,12,1,1,0,36,1,55,35,55035,4,2003,KMHDN45D43U4,K,M,H,D,N,4,5,D,4,3,U,4,0,0,0,000000000,00000000000,0,0,0,1,0,0,0,0,0,0,0,999,0,0,0,12,8,2,12,0,0,0,1,36,12033,6,1,0,0,3,3,62,999,0,0,0,0,0,0,0,0,0,3,0,0,0,0,1,2,30,1,1,2,1,3,3,1,50,99,1,1,20,1,0
36,360410,2,2,1,16,7,11,37,12,1,1,0,18,3,82,881,82881,63,2012,1FVACXDT2CHB,1,F,V,A,C,X,D,T,2,C,H,B,0,0,57,239039,57239039,3,1,1,1,0,0,0,0,0,0,0,0,0,0,0,6,8,2,12,0,0,0,1,36,12307,6,1,6,0,3,0,70,999,1,0,0,0,0,5,2014,5,2014,0,0,0,0,0,1,2,30,1,1,2,1,3,3,5,53,99,1,1,22,0,0
36,360411,1,1,1,15,7,17,4,19,0,1,0,36,1,37,402,37402,14,2013,2HKRM4H34DH6,2,H,K,R,M,4,H,3,4,D,H,6,0,0,0,000000000,00000000000,0,0,0,1,0,0,0,0,0,0,0,999,0,0,0,12,8,2,42,0,0,0,1,36,14428,6,1,0,0,3,3,70,999,0,0,0,0,0,0,0,0,0,0,0,0,0,0,1,2,45,1,1,2,1,20,3,1,14,99,1,4,14,1,0
36,360412,1,2,1,18,7,15,46,12,2,1,0,36,1,18,7,18007,4,2001,2G4WS52J4111,2,G,4,W,S,5,2,J,4,1,1,1,0,0,0,000000000,00000000000,0,0,0,1,0,0,0,0,0,0,0,999,0,0,0,12,8,2,12,0,0,0,1,36,11385,6,1,0,0,3,0,65,999,0,0,0,0,0,0,0,0,0,0,38,0,0,0,1,2,98,1,1,2,1,3,3,11,55,1,1,1,68,0,0
36,360412,2,2,1,18,7,15,46,12,2,1,0,36,2,71,706,71706,80,2012,ZDM1RANN6CB0,Z,D,M,1,R,A,N,N,6,C,B,0,0,0,0,000000000,00000000000,0,0,0,1,0,0,0,0,0,0,0,999,0,0,0,12,6,2,12,0,0,0,1,36,11385,6,1,6,0,3,3,69,999,1,0,0,0,1,6,2012,7,2013,0,0,0,0,0,1,2,98,1,1,2,1,3,3,1,62,1,1,1,69,1,0
36,360413,1,1,1,18,7,7,22,8,0,1,0,36,3,86,882,86882,63,2010,1M2AU02C2AM0,1,M,2,A,U,0,2,C,2,A,M,0,0,0,88,888888888,88888888888,3,2,4,1,0,0,0,0,0,0,0,999,0,0,0,12,8,2,8,0,0,0,1,36,10309,6,1,6,1,3,0,65,999,0,0,0,2,1,3,2012,6,2014,0,38,0,0,0,1,2,99,1,1,2,1,3,3,11,80,99,1,2,13,0,0
36,360414,1,1,1,13,4,14,45,24,0,1,0,36,1,72,706,72706,80,2008,1HD1FF4198Y6,1,H,D,1,F,F,4,1,9,8,Y,6,0,0,0,000000000,00000000000,0,0,0,1,0,0,0,0,0,0,0,999,0,0,0,12,8,2,24,0,0,0,1,36,12553,6,1,0,0,3,0,71,999,0,0,0,0,1,12,2012,12,2012,5,0,0,0,0,1,2,99,4,3,2,1,0,0,14,13,99,1,4,1,1,0
36,360415,1,2,1,23,5,16,30,12,2,1,0,36,1,30,40,30040,4,2006,3VWPF71K26M6,3,V,W,P,F,7,1,K,2,6,M,6,0,0,0,000000000,00000000000,0,0,0,1,0,0,0,0,0,0,0,999,0,0,0,12,6,2,12,0,0,0,1,36,13066,6,1,0,0,3,0,70,999,1,0,0,0,0,9,2011,9,2011,0,28,0,0,0,1,3,99,4,2,2,1,0,0,14,10,99,1,2,50,1,0
36,360415,2,2,2,23,5,16,30,12,2,1,0,42,2,82,850,82850,65,2007,1FVACYDJ97DZ,1,F,V,A,C,Y,D,J,9,7,D,Z,0,0,0,000000000,00000000000,0,0,0,1,0,0,0,0,0,0,0,999,0,0,0,12,8,2,12,0,0,0,1,42,18421,6,1,0,0,3,0,66,999,0,0,0,1,1,3,2014,3,2014,0,0,0,0,0,1,3,99,4,2,2,1,0,0,14,62,99,1,1,51,0,0
36,360416,1,1,2,20,7,15,2,9,0,1,0,36,3,49,442,49442,20,2014,5TDKK3DC2ES4,5,T,D,K,K,3,D,C,2,E,S,4,0,0,0,000000000,00000000000,0,0,0,1,0,0,0,0,0,1,0,999,0,0,0,1,8,5,9,0,0,0,1,36,10026,6,1,0,0,3,0,78,999,0,0,0,0,0,0,0,0,0,0,0,0,0,0,1,2,30,1,1,2,1,3,3,1,83,1,1,1,13,0,0
36,360417,1,2,1,9,7,19,6,12,6,1,0,36,1,2,405,2405,14,2002,1J4GL58K02W2,1,J,4,G,L,5,8,K,0,2,W,2,0,0,0,000000000,00000000000,0,0,0,1,0,0,0,0,0,0,0,999,0,0,0,82,8,5,12,0,0,0,1,36,10970,6,1,0,0,3,0,70,999,0,0,0,0,0,0,0,0,0,0,0,0,0,0,3,3,30,1,1,2,2,3,3,11,15,99,1,1,68,0,0
36,360417,2,2,1,9,7,19,6,12,6,1,0,36,1,73,703,73703,80,2007,JKAEXMF197DA,J,K,A,E,X,M,F,1,9,7,D,A,0,0,0,000000000,00000000000,0,0,0,1,0,0,0,0,0,0,0,999,0,0,0,99,9,9,12,0,0,0,1,36,11738,6,1,0,0,3,3,54,999,1,0,0,0,2,12,2011,9,2012,0,0,0,0,0,3,3,30,1,1,2,2,3,3,1,62,99,1,1,69,1,0
36,360418,1,1,2,20,7,7,0,42,0,1,0,36,1,6,51,6051,4,2013,2C3CCAKG7DH6,2,C,3,C,C,A,K,G,7,D,H,6,0,0,0,000000000,00000000000,0,0,0,1,0,0,0,0,0,0,0,999,0,0,0,9,6,2,42,0,0,0,1,36,14718,6,1,0,0,3,0,62,999,0,0,0,0,0,0,0,0,0,3,0,0,0,0,1,2,45,2,2,1,1,0,0,14,6,99,3,4,7,1,1
36,360419,1,1,1,10,6,19,8,8,0,1,0,36,1,20,481,20481,31,2003,1GCEK14T03Z2,1,G,C,E,K,1,4,T,0,3,Z,2,0,0,0,000000000,00000000000,0,0,0,1,0,0,0,0,0,0,0,999,0,0,0,12,8,2,8,0,0,0,1,36,14709,6,1,0,0,3,3,73,999,0,0,0,0,0,0,0,0,0,0,0,0,0,0,4,1,15,3,1,2,1,0,0,14,80,1,1,1,13,0,0
36,360420,1,1,1,21,7,17,29,9,0,1,0,36,1,41,471,41471,30,1999,4F4YR12C1XTM,4,F,4,Y,R,1,2,C,1,X,T,M,0,0,0,000000000,00000000000,0,0,0,1,0,0,0,0,0,0,0,55,0,0,0,12,8,2,9,0,0,0,1,36,13367,6,1,0,0,3,0,75,999,1,0,0,1,0,1,2013,1,2014,0,0,0,0,0,1,2,55,1,2,2,1,0,0,1,83,99,1,1,13,0,0
36,360421,1,2,1,10,7,8,50,12,6,1,0,36,3,84,881,84881,66,1997,2HSFHAERXVC0,2,H,S,F,H,A,E,R,X,V,C,0,1,1,57,513692,57513692,3,6,1,1,0,0,0,0,0,0,0,999,0,0,0,12,8,3,12,0,0,0,1,36,14735,6,1,6,1,3,0,72,999,0,2,0,0,0,1,2012,7,2014,0,38,39,0,0,1,3,45,1,1,2,1,1,3,1,66,1,1,1,83,0,0
36,360421,2,2,1,10,7,8,50,12,6,1,0,36,1,18,2,18002,4,2005,1G4HP52K05U2,1,G,4,H,P,5,2,K,0,5,U,2,0,0,0,000000000,00000000000,0,0,0,1,0,0,0,0,0,0,0,999,0,0,0,9,6,2,12,0,0,0,1,36,13407,6,1,0,0,3,0,60,999,0,0,0,0,0,0,0,0,0,0,0,0,0,0,1,3,45,1,1,2,1,1,3,11,55,1,1,1,82,1,0
36,360422,1,1,1,21,7,19,8,59,0,1,0,36,1,48,45,48045,6,2012,4S4BRBJC1C32,4,S,4,B,R,B,J,C,1,C,3,2,0,0,0,000000000,00000000000,0,0,0,1,0,0,0,0,0,0,0,999,0,1,6,12,8,2,1,0,0,0,1,36,11516,2,1,2,0,1,0,73,999,1,4,1,0,0,1,2012,6,2014,0,0,0,0,0,2,3,40,1,1,1,1,0,0,1,10,1,1,4,6,1,0
36,360423,1,1,1,23,7,16,54,15,0,1,0,36,3,84,881,84881,62,2007,1HTMMAAM37H4,1,H,T,M,M,A,A,M,3,7,H,4,0,0,57,620791,57620791,2,1,1,1,0,0,0,0,0,0,0,999,0,0,0,1,0,5,15,0,0,0,1,36,10314,1,1,0,2,2,0,66,999,0,1,0,0,0,10,2013,10,2013,0,0,0,0,0,1,2,98,1,1,2,1,3,3,10,83,1,1,1,13,0,0
36,360424,1,3,1,25,5,12,34,12,1,1,0,36,2,76,706,76706,80,2002,JYARN10E92A0,J,Y,A,R,N,1,0,E,9,2,A,0,0,0,0,000000000,00000000000,0,0,0,1,0,0,0,0,0,0,0,999,0,0,0,12,6,2,2,0,0,1,1,36,10956,2,1,0,0,2,0,68,999,3,30,0,6,1,10,2011,5,2014,3,26,0,0,0,3,3,55,1,1,1,1,0,0,1,51,1,1,1,24,0,0
36,360424,2,3,1,25,5,12,34,12,1,1,0,36,1,41,35,41035,4,2001,JM1BJ222X104,J,M,1,B,J,2,2,2,X,1,0,4,0,0,0,000000000,00000000000,0,0,0,1,0,0,0,0,0,0,0,999,0,0,0,6,6,2,24,0,0,0,1,36,10543,6,1,0,0,3,3,68,999,0,1,0,0,0,6,2013,6,2013,0,0,0,0,0,3,3,55,1,1,1,1,0,0,1,53,1,1,1,25,0,0
36,360424,3,3,1,25,5,12,34,12,1,1,0,34,1,34,706,34706,80,2013,WB1053404DZL,W,B,1,0,5,3,4,0,4,D,Z,L,0,0,0,000000000,00000000000,0,0,0,1,0,0,0,0,0,0,0,999,0,0,0,12,6,2,12,0,0,0,1,34,7093,6,1,0,0,3,0,72,999,1,0,0,0,0,7,2013,7,2013,0,0,0,0,0,3,3,55,1,1,1,1,0,0,1,60,1,1,1,98,1,0
36,360425,1,3,2,17,7,16,55,12,6,1,0,36,1,41,441,41441,20,2005,JM3LW28A0505,J,M,3,L,W,2,8,A,0,5,0,5,0,0,0,000000000,00000000000,0,0,0,1,0,0,0,0,0,0,0,999,0,0,0,3,6,2,12,0,0,0,1,36,14837,6,1,6,0,3,0,66,999,0,0,0,0,0,0,0,0,0,0,0,0,0,0,1,2,55,1,1,2,1,0,0,1,64,99,1,1,98,1,0
36,360425,2,3,4,17,7,16,55,12,6,1,0,36,2,49,32,49032,4,2011,2T1BU4EE2BC6,2,T,1,B,U,4,E,E,2,B,C,6,0,0,0,000000000,00000000000,0,0,0,1,0,0,0,0,0,0,0,999,0,0,0,12,6,2,12,0,0,0,1,36,13477,6,1,0,0,3,3,65,999,0,0,0,0,0,0,0,0,0,0,0,0,0,0,1,2,55,3,1,2,1,0,0,14,6,99,1,1,98,0,1
36,360425,3,3,1,17,7,16,55,12,6,1,0,36,2,22,32,22032,6,2007,5Y2SL658X7Z4,5,Y,2,S,L,6,5,8,X,7,Z,4,0,0,0,000000000,00000000000,0,0,0,1,0,0,0,0,0,0,0,999,0,0,0,12,8,2,12,0,0,0,1,36,14865,6,1,0,0,3,0,69,999,0,0,0,0,0,0,0,0,0,0,0,0,0,0,1,2,55,1,1,2,1,0,0,1,62,99,1,1,98,0,0
36,360426,1,3,3,31,5,13,20,12,6,1,0,51,1,52,47,52047,6,2009,JA4LS21W19Z0,J,A,4,L,S,2,1,W,1,9,Z,0,0,0,0,000000000,00000000000,0,0,0,1,0,0,0,0,0,0,0,999,0,0,0,12,8,2,12,0,0,0,1,51,24018,6,1,0,0,3,0,65,165,0,0,0,1,2,3,2012,2,2013,5,0,0,0,0,1,5,99,1,1,2,1,3,3,1,66,99,1,1,86,0,0
36,360426,2,3,1,31,5,13,20,12,6,1,0,36,3,12,32,12032,4,2013,3FADP4BJ0DM2,3,F,A,D,P,4,B,J,0,D,M,2,0,0,0,000000000,00000000000,0,0,0,1,0,0,0,0,0,0,0,999,0,0,0,1,8,2,8,0,0,0,1,36,11217,6,1,0,0,3,0,76,999,0,0,0,0,0,0,0,0,0,0,39,0,0,0,1,5,99,1,1,2,1,3,3,1,17,99,1,1,87,0,0
36,360426,3,3,1,31,5,13,20,12,6,1,0,25,1,35,49,35049,6,2009,JN8AZ18W59W1,J,N,8,A,Z,1,8,W,5,9,W,1,0,0,0,000000000,00000000000,0,0,0,1,0,0,0,0,0,0,0,0,0,0,0,12,8,2,12,0,0,0,1,25,2472,6,1,0,0,3,0,72,999,0,0,0,0,0,0,0,0,0,0,0,0,0,0,1,5,99,1,1,2,1,3,3,5,62,99,1,1,98,0,0
36,360427,1,1,1,12,6,22,0,33,0,1,0,36,1,72,706,72706,80,2002,1HD1BZB152Y0,1,H,D,1,B,Z,B,1,5,2,Y,0,0,0,0,000000000,00000000000,0,0,0,1,0,0,0,0,0,0,0,999,0,0,0,12,8,2,33,0,0,0,1,36,11743,6,1,0,0,3,0,71,999,0,0,0,0,0,0,0,0,0,3,0,0,0,0,4,1,98,1,1,2,1,20,3,1,14,1,5,5,14,1,1
36,360428,1,2,1,14,6,3,55,12,6,1,0,36,1,42,51,42051,4,2009,WDDDJ72X99A1,W,D,D,D,J,7,2,X,9,9,A,1,0,0,0,000000000,00000000000,0,0,0,1,0,0,0,0,0,0,0,998,0,0,0,9,8,2,12,0,0,0,1,36,11953,6,1,0,0,3,0,66,999,0,0,0,0,0,0,0,0,0,0,0,0,0,0,1,5,98,1,1,2,1,3,3,1,17,1,1,1,89,1,0
36,360428,2,2,1,14,6,3,55,12,6,1,0,36,1,32,43,32043,4,2013,WAUBFAFL4DN0,W,A,U,B,F,A,F,L,4,D,N,0,0,0,0,000000000,00000000000,0,0,0,1,0,0,0,0,0,0,0,998,0,0,0,12,8,2,12,0,0,0,1,36,11733,6,1,0,0,3,3,70,999,0,0,0,0,0,0,0,0,0,0,0,0,0,0,1,4,98,1,1,2,1,3,3,1,17,1,1,1,88,0,1
36,360429,1,1,2,3,5,1,10,24,0,1,0,36,1,37,705,37705,80,2004,JH2PC37034M1,J,H,2,P,C,3,7,0,3,4,M,1,0,0,0,000000000,00000000000,0,0,0,1,0,0,0,0,0,0,0,999,0,0,0,12,8,2,24,0,0,0,1,36,11746,6,1,6,0,3,0,69,999,0,0,0,0,0,0,0,0,0,4,0,0,0,0,3,1,99,3,1,2,1,0,0,14,13,99,1,4,1,1,1
36,360430,1,1,1,17,5,1,38,8,0,1,0,36,3,12,16,12016,4,2008,2FAFP71V28X1,2,F,A,F,P,7,1,V,2,8,X,1,0,0,0,000000000,00000000000,0,0,0,1,0,0,0,0,0,0,0,999,0,0,0,12,8,3,8,0,0,0,1,36,11757,6,1,0,0,3,3,68,999,0,1,0,0,0,11,2012,11,2012,0,0,0,0,0,5,3,99,1,1,2,2,0,0,1,80,99,1,1,13,0,0
36,360431,1,1,1,20,6,23,30,52,0,1,0,36,2,49,32,49032,4,2007,2T1BR32E57C8,2,T,1,B,R,3,2,E,5,7,C,8,0,0,0,000000000,00000000000,0,0,0,1,0,0,0,0,0,0,0,999,0,0,0,12,8,2,21,0,0,0,1,36,11739,6,1,0,0,3,3,69,999,1,0,0,0,0,5,2012,5,2012,0,0,0,0,0,3,2,55,1,1,2,1,0,0,1,13,1,1,5,1,1,1
36,360432,1,1,1,1,6,11,43,8,0,1,0,13,3,63,38,63038,4,2014,KNAFX4A63E52,K,N,A,F,X,4,A,6,3,E,5,2,0,0,0,000000000,00000000000,0,0,0,1,0,0,0,0,0,0,0,999,0,0,0,12,8,2,8,0,0,0,1,45,29414,6,1,0,0,3,0,72,215,1,0,0,1,0,9,2011,2,2012,0,0,0,0,0,1,2,30,1,1,2,1,0,0,1,80,99,1,1,13,0,0
36,360433,1,2,1,27,6,12,55,12,6,1,0,36,2,53,706,53706,80,2001,JS1GT74A7121,J,S,1,G,T,7,4,A,7,1,2,1,0,0,0,000000000,00000000000,0,0,0,1,0,0,0,0,0,0,0,998,0,0,0,12,8,2,12,0,0,0,1,12,11717,1,1,0,0,2,0,68,999,0,0,0,0,0,0,0,0,0,0,0,0,0,0,1,4,98,1,1,2,1,0,0,1,17,1,1,1,69,1,0
36,360433,2,2,1,27,6,12,55,12,6,1,0,36,1,7,442,7442,20,2001,1B4GP25G21B1,1,B,4,G,P,2,5,G,2,1,B,1,0,0,0,000000000,00000000000,0,0,0,1,0,0,0,0,0,0,0,998,0,0,0,3,8,2,12,0,0,0,1,36,11722,6,1,0,0,3,3,62,999,0,0,0,0,0,0,0,0,0,0,38,0,0,0,1,4,98,1,1,2,1,0,0,11,15,1,1,1,68,0,0
36,360434,1,1,1,20,6,20,50,8,0,1,1,36,2,49,32,49032,4,1997,1NXBB02E9VZ5,1,N,X,B,B,0,2,E,9,V,Z,5,0,0,0,000000000,00000000000,0,0,0,1,0,0,0,0,0,0,0,999,0,0,0,12,8,2,8,0,0,0,1,36,11001,6,1,0,0,3,0,65,999,0,0,0,0,1,4,2012,4,2012,0,0,0,0,0,3,2,99,1,1,2,1,0,0,1,80,99,1,3,13,0,0
36,360435,1,1,1,23,7,17,13,18,0,1,0,36,2,7,442,7442,20,1999,2B4FP25B9XR4,2,B,4,F,P,2,5,B,9,X,R,4,0,0,0,000000000,00000000000,0,0,0,1,0,0,0,0,0,0,0,999,0,0,0,13,8,2,18,0,0,0,1,36,12832,6,1,0,0,3,0,60,999,0,0,0,0,0,0,0,0,0,0,0,0,0,0,1,2,55,1,1,2,2,0,0,1,91,99,1,1,12,1,0
36,360436,1,1,2,13,7,10,20,9,0,1,0,36,1,2,422,2422,15,2014,1C4RJFCT3EC5,1,C,4,R,J,F,C,T,3,E,C,5,1,1,0,000000000,00000000000,0,0,0,1,0,0,0,0,0,0,0,999,0,0,0,1,8,2,9,0,0,0,1,36,12550,6,1,0,0,3,3,74,999,0,0,0,0,0,0,0,0,0,0,0,0,0,0,1,2,55,1,2,2,1,0,0,1,83,6,1,2,13,0,0
36,360437,1,1,1,24,7,1,42,30,0,1,0,36,1,20,405,20405,14,2013,3GNFL3EK4DS5,3,G,N,F,L,3,E,K,4,D,S,5,0,0,0,000000000,00000000000,0,0,0,1,0,0,0,0,0,0,0,999,0,0,0,12,6,2,42,0,0,0,1,36,10940,6,1,0,0,3,3,71,999,0,1,0,0,1,1,2014,1,2014,5,0,0,0,0,1,2,40,2,1,2,2,0,0,14,12,99,1,4,6,1,1
36,360438,1,2,1,24,7,23,47,12,1,1,0,48,4,35,39,35039,4,2010,1N4AA5AP6AC8,1,N,4,A,A,5,A,P,6,A,C,8,0,0,0,000000000,00000000000,0,0,0,1,0,0,0,0,0,0,0,999,0,1,1,12,8,2,1,0,0,0,1,36,10472,6,1,0,0,3,0,70,999,1,1,0,1,0,6,2012,12,2013,3,27,0,0,0,3,3,50,1,1,2,1,0,0,15,51,1,1,1,24,1,0
36,360438,2,2,3,24,7,23,47,12,1,1,0,36,1,37,32,37032,4,2014,1HGCR2F34EA0,1,H,G,C,R,2,F,3,4,E,A,0,0,0,0,000000000,00000000000,0,0,0,1,0,0,0,0,0,0,0,999,0,0,0,6,8,2,12,0,0,0,1,36,11415,6,1,0,0,3,3,63,999,0,0,0,0,0,0,0,0,0,0,0,0,0,0,3,3,50,1,1,2,1,0,0,1,53,1,1,1,25,0,0
36,360439,1,1,3,17,7,16,30,52,0,1,0,36,2,2,403,2403,14,1997,1J4FY19S2VP5,1,J,4,F,Y,1,9,S,2,V,P,5,1,1,0,000000000,00000000000,0,0,0,1,0,0,0,0,0,0,0,999,0,1,6,1,8,2,1,0,0,0,1,36,12865,6,1,0,0,3,0,67,999,0,0,0,0,1,9,2013,9,2013,0,84,0,0,0,1,2,55,1,1,2,2,0,0,1,66,9,4,5,2,1,0
36,360440,1,2,1,25,7,9,41,12,6,1,0,36,1,76,706,76706,80,2003,JYARN10E03A0,J,Y,A,R,N,1,0,E,0,3,A,0,0,0,0,000000000,00000000000,0,0,0,1,0,0,0,0,0,0,0,999,0,0,0,12,6,2,12,0,0,0,1,36,10474,6,1,0,0,3,0,71,999,0,0,0,0,1,8,2013,8,2013,0,38,0,0,0,4,2,30,1,1,2,1,3,3,1,66,99,1,1,88,1,1
36,360440,2,2,2,25,7,9,41,12,6,1,0,36,3,12,870,12870,62,2013,1FDWE3FS0DDA,1,F,D,W,E,3,F,S,0,D,D,A,0,0,99,999999999,99999999999,2,1,1,1,0,0,0,0,0,6,5,999,0,0,0,62,8,2,12,0,0,0,1,36,11364,6,1,0,0,3,0,69,999,2,0,0,0,0,5,2012,5,2013,0,0,0,0,0,4,2,30,1,1,2,1,3,3,1,17,99,1,1,89,0,0
36,360441,1,1,1,24,7,2,19,21,0,1,0,36,2,59,34,59034,4,1999,JT8BD68S6X00,J,T,8,B,D,6,8,S,6,X,0,0,0,0,0,000000000,00000000000,0,0,0,1,0,0,0,0,0,0,0,64,0,0,0,12,6,2,21,0,0,0,1,36,10463,0,0,0,0,0,0,74,999,0,0,0,0,0,0,0,0,0,3,0,0,0,0,1,4,30,1,1,2,1,0,0,1,13,99,1,4,1,1,1
36,360442,1,2,1,24,7,20,1,52,0,1,0,36,1,53,705,53705,80,2007,JS1GN7DA2721,J,S,1,G,N,7,D,A,2,7,2,1,0,0,0,000000000,00000000000,0,0,0,1,0,0,0,0,0,0,0,999,0,0,0,12,6,2,12,0,0,0,1,36,10031,6,7,0,0,2,2,71,999,0,0,0,0,0,0,0,0,0,3,39,73,0,0,1,2,30,1,2,2,1,20,3,1,13,1,1,4,1,1,0
36,360442,2,2,3,24,7,20,1,52,0,1,0,36,3,98,907,98907,52,2006,1VHAH3H27665,1,V,H,A,H,3,H,2,7,6,6,5,0,0,88,888888888,88888888888,2,21,22,1,0,0,0,0,6,3,0,999,0,0,0,12,6,2,12,0,0,0,1,36,10703,6,1,6,1,3,0,73,999,1,2,0,0,0,11,2012,2,2014,0,0,0,0,0,1,2,30,1,2,2,1,0,0,1,60,1,1,1,98,0,0
36,360443,1,1,1,27,7,3,5,33,0,1,0,36,1,53,705,53705,80,2012,JS1GR7MA6C21,J,S,1,G,R,7,M,A,6,C,2,1,0,0,0,000000000,00000000000,0,0,0,1,0,0,0,0,0,0,0,999,0,0,0,12,8,5,24,0,0,0,1,36,12154,6,1,0,0,3,0,67,999,0,0,0,0,0,0,0,0,0,0,50,0,0,0,6,1,15,3,2,2,1,0,0,14,13,99,1,1,98,1,1
36,360444,1,3,1,27,7,0,27,33,0,1,0,36,2,53,705,53705,80,2004,JS1GR7JAX421,J,S,1,G,R,7,J,A,X,4,2,1,0,0,0,000000000,00000000000,0,0,0,1,0,0,0,0,0,0,0,999,0,0,0,12,6,2,12,0,0,0,1,36,11746,6,1,0,0,3,0,71,999,1,4,0,0,2,2,2012,3,2014,3,52,0,0,0,1,2,30,1,1,2,1,3,3,10,13,1,1,4,1,1,1
36,360444,2,3,1,27,7,0,27,33,0,1,0,36,1,39,34,39034,4,2000,SAJDA01D6YGL,S,A,J,D,A,0,1,D,6,Y,G,L,0,0,0,000000000,00000000000,0,0,0,1,0,0,0,0,0,0,0,0,0,0,0,11,8,2,12,0,0,0,1,36,11412,6,1,0,0,3,0,69,999,0,2,0,0,0,9,2013,11,2013,0,0,0,0,0,1,2,30,1,1,2,1,3,3,5,67,1,1,1,98,0,0
36,360444,3,3,1,27,7,0,27,33,0,1,0,36,2,35,472,35472,30,2009,1N6AD07W39C4,1,N,6,A,D,0,7,W,3,9,C,4,0,0,0,000000000,00000000000,0,0,0,1,0,0,0,0,0,0,0,0,0,0,0,11,8,2,12,0,0,0,1,36,11428,6,1,0,0,3,0,69,999,0,0,0,0,0,0,0,0,0,0,0,0,0,0,1,2,30,1,1,2,1,3,3,5,67,1,1,1,98,0,1
36,360445,1,1,1,25,7,12,19,8,0,1,0,36,2,37,31,37031,2,2012,2HGFG3B13CH5,2,H,G,F,G,3,B,1,3,C,H,5,0,0,0,000000000,00000000000,0,0,0,1,0,0,0,0,0,0,0,999,0,0,0,12,8,5,8,0,0,0,1,36,10461,6,1,0,0,3,0,60,999,2,4,0,0,1,12,2011,3,2014,0,38,0,0,0,4,1,99,1,1,2,1,0,0,1,80,99,1,1,13,0,0