STATE,ST_CASE,VEH_NO,VE_FORMS,NUMOCCS,DAY,MONTH,HOUR,MINUTE,HARM_EV,MAN_COLL,UNITTYPE,HIT_RUN,REG_STAT,OWNER,MAKE,MODEL,MAK_MOD,BODY_TYP,MOD_YEAR,VIN,VIN_1,VIN_2,VIN_3,VIN_4,VIN_5,VIN_6,VIN_7,VIN_8,VIN_9,VIN_10,VIN_11,VIN_12,TOW_VEH,J_KNIFE,MCARR_I1,MCARR_I2,MCARR_ID,GVWR,V_CONFIG,CARGO_BT,HAZ_INV,HAZ_PLAC,HAZ_ID,HAZ_CNO,HAZ_REL,BUS_USE,SPEC_USE,EMER_USE,TRAV_SP,UNDERIDE,ROLLOVER,ROLINLOC,IMPACT1,DEFORMED,TOWED,M_HARM,VEH_SC1,VEH_SC2,FIRE_EXP,DR_PRES,L_STATE,DR_ZIP,L_STATUS,L_TYPE,CDL_STAT,L_ENDORS,L_COMPL,L_RESTRI,DR_HGT,DR_WGT,PREV_ACC,PREV_SUS,PREV_DWI,PREV_SPD,PREV_OTH,FIRST_MO,FIRST_YR,LAST_MO,LAST_YR,SPEEDREL,DR_SF1,DR_SF2,DR_SF3,DR_SF4,VTRAFWAY,VNUM_LAN,VSPD_LIM,VALIGN,VPROFILE,VPAVETYP,VSURCOND,VTRAFCON,VTCONT_F,P_CRASH1,P_CRASH2,P_CRASH3,PCRASH4,PCRASH5,ACC_TYPE,DEATHS,DR_DRINK
36,360486,4,4,1,4,8,18,19,12,7,1,0,36,1,20,403,20403,14,2004,1GNDT13S6424,1,G,N,D,T,1,3,S,6,4,2,4,0,0,0,000000000,00000000000,0,0,0,1,0,0,0,0,0,0,0,999,0,0,0,6,8,2,25,0,0,0,1,36,12545,6,1,6,0,3,0,75,999,0,0,0,0,0,0,0,0,0,0,0,0,0,0,3,2,55,4,2,2,1,0,0,14,64,99,1,1,98,0,0
36,360487,1,1,1,18,7,4,10,19,0,1,0,36,2,37,421,37421,15,2005,5FNYF18605B0,5,F,N,Y,F,1,8,6,0,5,B,0,0,0,0,000000000,00000000000,0,0,0,1,0,0,0,0,0,0,0,999,0,1,5,12,6,2,30,0,0,0,1,36,10603,6,1,0,0,3,0,68,999,0,0,0,0,0,0,0,0,0,0,0,0,0,0,1,2,30,1,1,2,1,0,0,1,13,99,1,4,1,1,1
36,360488,1,1,1,20,7,3,48,59,0,1,0,36,1,47,36,47036,4,2002,YS3EB49E0230,Y,S,3,E,B,4,9,E,0,2,3,0,0,0,0,000000000,00000000000,0,0,0,1,0,0,0,0,0,0,0,999,0,1,5,12,6,2,42,0,0,0,1,36,12545,6,1,0,0,3,0,72,999,0,0,0,0,0,0,0,0,0,5,0,0,0,0,1,2,55,1,1,2,2,0,0,1,12,99,1,4,6,1,1
36,360489,1,4,3,4,7,23,42,12,7,1,0,36,2,30,42,30042,3,2004,WVWKG61J44D1,W,V,W,K,G,6,1,J,4,4,D,1,0,0,0,000000000,00000000000,0,0,0,1,0,0,0,0,0,0,0,999,0,0,0,62,6,2,12,0,0,0,1,36,12051,6,1,0,0,3,0,74,999,0,0,0,0,0,0,0,0,0,3,28,0,0,0,3,3,65,1,1,2,1,0,0,15,10,99,1,2,47,2,1
36,360489,2,4,1,4,7,23,42,12,7,1,0,36,2,37,31,37031,4,2003,2HGES165X3H6,2,H,G,E,S,1,6,5,X,3,H,6,0,0,0,000000000,00000000000,0,0,0,1,0,0,0,0,0,0,0,999,0,0,0,5,8,2,24,0,0,0,1,36,12302,6,1,0,0,3,0,65,999,0,0,0,0,0,0,0,0,0,0,0,0,0,0,3,3,65,1,1,2,1,0,0,1,61,99,1,1,45,0,0
36,360489,3,4,1,4,7,23,42,12,7,1,0,37,3,82,881,82881,66,2013,1FUBGDDR0DLB,1,F,U,B,G,D,D,R,0,D,L,B,2,1,57,090849,57090849,3,7,1,1,0,0,0,0,0,0,0,999,0,0,0,6,8,2,12,0,0,0,1,33,3812,6,1,6,1,3,0,73,999,0,0,0,0,0,0,0,0,0,0,0,0,0,0,3,3,65,1,1,2,1,0,0,1,62,99,1,1,98,0,0
36,360489,4,4,1,4,7,23,42,12,7,1,0,36,1,35,43,35043,4,2001,3N1CB51D71L5,3,N,1,C,B,5,1,D,7,1,L,5,0,0,0,000000000,00000000000,0,0,0,1,0,0,0,0,0,0,0,999,0,0,0,12,8,5,12,0,0,0,1,36,12209,6,1,0,0,3,0,66,999,2,0,0,1,0,7,2011,1,2013,0,0,0,0,0,3,3,65,1,1,2,1,0,0,1,50,99,1,1,98,0,0
36,360490,1,2,1,11,8,11,45,12,2,1,0,36,2,7,482,7482,31,2001,1B7HF13Z71J2,1,B,7,H,F,1,3,Z,7,1,J,2,0,0,0,000000000,00000000000,0,0,0,1,0,0,0,0,0,0,0,999,0,0,0,12,8,2,12,0,0,0,1,36,14589,6,1,0,0,3,0,71,999,0,0,0,0,0,0,0,0,0,0,38,0,0,0,1,3,35,1,1,2,1,3,3,11,15,99,1,1,68,0,0
36,360490,2,2,1,11,8,11,45,12,2,1,0,36,1,99,709,99709,80,1996,NY53990,N,Y,5,3,9,9,0,,,,,,0,0,0,000000000,00000000000,0,0,0,1,0,0,0,0,0,0,0,999,0,0,0,12,8,2,12,0,0,0,1,36,14513,6,1,0,0,3,3,65,999,0,0,0,2,0,5,2012,5,2013,0,0,0,0,0,1,3,35,1,1,2,1,3,3,1,62,99,1,1,69,1,0
36,360491,1,2,1,7,8,10,10,12,1,1,0,9,1,49,40,49040,4,1996,999999999999,9,9,9,9,9,9,9,9,9,9,9,9,0,0,0,000000000,00000000000,0,0,0,1,0,0,0,0,0,0,0,999,0,0,0,12,8,2,12,0,0,0,1,9,6902,9,9,99,9,9,9,999,999,99,99,99,99,99,99,9999,99,9999,0,27,0,0,0,3,3,55,2,1,2,1,0,0,6,6,98,4,3,24,0,0
36,360491,2,2,2,7,8,10,10,12,1,1,0,94,3,98,805,98805,78,2010,999999999999,9,9,9,9,9,9,9,9,9,9,9,9,0,0,77,777777777,77777777777,9,19,98,1,0,0,0,0,0,4,0,999,0,1,4,6,8,2,1,0,0,0,1,9,6484,9,9,99,9,9,9,999,999,99,99,99,99,99,99,9999,99,9999,0,0,0,0,0,3,3,55,2,1,2,1,0,0,14,53,99,1,1,27,1,0
36,360492,1,1,2,2,8,18,55,9,0,1,0,36,1,35,43,35043,4,2013,3N1AB7AP8DL7,3,N,1,A,B,7,A,P,8,D,L,7,0,0,0,000000000,00000000000,0,0,0,1,0,0,0,0,0,0,0,999,0,0,0,12,8,2,9,0,0,0,1,36,11010,6,1,0,0,3,3,61,999,0,0,0,0,0,0,0,0,0,0,0,0,0,0,2,4,30,1,1,2,1,3,3,1,83,6,1,1,13,0,0
36,360493,1,2,1,23,5,8,31,9,0,1,0,36,2,63,401,63401,14,2011,KNDPB3A27B70,K,N,D,P,B,3,A,2,7,B,7,0,0,0,0,000000000,00000000000,0,0,0,1,0,0,0,0,0,0,0,999,0,0,0,12,8,5,9,0,0,0,1,37,27909,6,1,0,0,3,0,66,999,0,0,0,0,0,0,0,0,0,0,0,0,0,0,1,2,99,1,1,2,1,0,0,1,83,99,1,1,13,0,0
36,360493,2,2,1,23,5,8,31,9,0,1,0,36,2,55,35,55035,4,2011,KMHDH4AE5BU1,K,M,H,D,H,4,A,E,5,B,U,1,0,0,0,000000000,00000000000,0,0,0,1,0,0,0,0,0,0,0,999,0,0,0,13,8,5,9,0,0,0,1,36,11434,6,1,6,0,3,0,73,999,0,0,0,0,1,10,2011,10,2011,0,0,0,0,0,1,2,99,1,1,2,1,0,0,1,83,99,1,1,98,0,0
36,360494,1,2,1,27,7,12,12,12,6,1,0,36,2,55,35,55035,4,2005,KMHDN56D65U1,K,M,H,D,N,5,6,D,6,5,U,1,0,0,0,000000000,00000000000,0,0,0,1,0,0,0,0,0,0,0,999,0,0,0,81,8,2,12,0,0,0,1,36,12564,6,1,6,0,3,3,73,999,0,0,0,0,0,0,0,0,0,4,87,28,0,0,1,2,45,3,2,2,2,0,0,14,6,99,4,2,64,1,0
36,360494,2,2,1,27,7,12,12,12,6,1,0,36,2,54,421,54421,15,2005,2HNYD18995H5,2,H,N,Y,D,1,8,9,9,5,H,5,0,0,0,000000000,00000000000,0,0,0,1,0,0,0,0,0,0,0,999,0,0,0,12,8,2,12,0,0,0,1,36,12533,6,1,0,0,3,0,64,999,0,0,0,0,0,0,0,0,0,0,0,0,0,0,1,2,45,2,2,2,2,0,0,14,62,99,1,1,65,0,0
36,360495,1,1,1,13,8,11,49,30,0,1,0,36,1,58,37,58037,4,2013,JN1CV6AR9DM3,J,N,1,C,V,6,A,R,9,D,M,3,0,0,0,000000000,00000000000,0,0,0,1,0,0,0,0,0,0,0,999,0,1,5,12,6,2,1,0,0,0,1,36,11803,6,1,0,0,3,3,70,999,1,0,0,0,1,7,2013,4,2014,0,0,0,0,0,4,3,55,1,1,2,1,0,0,1,13,1,1,4,1,1,0
36,360496,1,1,2,11,5,5,20,42,0,1,0,36,1,55,33,55033,4,2013,5NPEB4AC1DH5,5,N,P,E,B,4,A,C,1,D,H,5,0,0,0,000000000,00000000000,0,0,0,1,0,0,0,0,0,0,0,999,0,0,0,12,6,2,42,0,0,0,1,36,13116,6,1,0,0,3,0,70,999,1,0,0,0,0,7,2012,7,2012,0,0,0,0,0,1,2,45,3,1,2,1,0,0,14,13,1,1,5,1,1,0
36,360497,1,2,1,17,5,13,2,12,6,1,0,36,2,7,24,7024,4,2013,2C3CDXGJ0DH5,2,C,3,C,D,X,G,J,0,D,H,5,0,0,0,000000000,00000000000,0,0,0,1,0,0,0,0,0,0,0,66,0,0,0,12,8,2,12,0,0,0,1,36,14208,6,1,0,0,3,0,72,999,0,28,0,0,0,7,2011,3,2014,3,0,0,0,0,1,2,30,1,1,2,1,0,0,1,55,1,1,1,86,0,0
36,360497,2,2,1,17,5,13,2,12,6,1,0,36,1,20,22,20022,2,2008,1G1AK18F7871,1,G,1,A,K,1,8,F,7,8,7,1,0,0,0,000000000,00000000000,0,0,0,1,0,0,0,0,0,0,0,10,0,0,0,3,8,2,12,0,0,0,1,36,14215,6,1,0,0,3,3,65,999,0,0,0,0,0,0,0,0,0,0,38,0,0,0,1,2,30,1,1,2,1,20,3,1,66,1,1,1,87,1,0
36,360498,1,2,1,16,7,15,19,12,6,1,0,36,1,18,2,18002,4,2003,1G4HR54KX3U1,1,G,4,H,R,5,4,K,X,3,U,1,0,0,0,000000000,00000000000,0,0,0,1,0,0,0,0,0,0,0,20,0,0,0,3,6,2,12,0,0,0,1,36,14428,6,1,0,0,3,3,66,999,0,0,0,0,0,0,0,0,0,0,38,39,0,0,1,2,55,1,1,2,1,20,3,1,17,99,1,1,87,1,0
36,360498,2,2,8,16,7,15,19,12,6,1,0,36,3,82,981,82981,50,2014,4UZABRDT6ECF,4,U,Z,A,B,R,D,T,6,E,C,F,0,0,57,354406,57354406,3,21,22,1,0,0,0,0,1,2,0,45,0,0,0,12,8,2,12,0,0,0,1,36,14468,6,1,6,1,3,3,73,999,0,0,0,0,0,0,0,0,0,0,0,0,0,0,1,2,55,1,1,2,1,0,0,1,66,99,1,1,86,0,0
36,360499,1,2,1,30,5,8,18,12,1,1,0,36,1,19,421,19421,15,2008,1GYFK63898R2,1,G,Y,F,K,6,3,8,9,8,R,2,0,0,0,000000000,00000000000,0,0,0,1,0,0,0,0,0,0,0,999,0,0,0,12,6,2,19,0,0,0,1,36,14208,6,1,0,0,3,0,78,999,0,0,0,0,0,0,0,0,0,0,0,0,0,0,5,4,30,1,1,2,1,0,0,1,51,1,1,1,24,1,0
36,360499,2,2,1,30,5,8,18,12,1,1,0,36,2,37,441,37441,20,2005,5FNRL38755B0,5,F,N,R,L,3,8,7,5,5,B,0,0,0,0,000000000,00000000000,0,0,0,1,0,0,0,0,0,0,0,30,0,0,0,6,8,2,12,0,0,0,1,36,14222,6,1,0,0,3,0,67,999,0,0,0,0,0,0,0,0,0,0,0,0,0,0,5,4,30,1,1,2,1,0,0,1,53,1,1,1,25,0,0
36,360500,1,1,1,5,7,21,4,8,0,1,0,36,2,63,37,63037,6,2013,KNDJT2A50D75,K,N,D,J,T,2,A,5,0,D,7,5,0,0,0,000000000,00000000000,0,0,0,1,0,0,0,0,0,0,0,999,0,0,0,12,8,2,8,0,0,0,1,36,11727,6,1,0,0,3,3,67,999,0,0,0,0,0,0,0,0,0,0,0,0,0,0,5,5,40,1,1,2,1,3,3,1,80,1,1,1,13,0,0
36,360501,1,1,1,30,6,16,47,8,0,1,0,36,1,37,31,37031,4,2009,2HGFA16559H3,2,H,G,F,A,1,6,5,5,9,H,3,0,0,0,000000000,00000000000,0,0,0,1,0,0,0,0,0,0,0,55,0,0,0,12,8,2,8,0,0,0,1,36,12769,6,1,0,0,3,3,71,999,2,0,0,0,0,1,2012,10,2013,0,0,0,0,0,1,2,55,1,1,2,1,0,0,1,80,1,1,1,13,0,0
36,360502,1,1,1,2,7,14,46,42,0,1,0,36,1,49,38,49038,4,1997,JT2BC52L3V02,J,T,2,B,C,5,2,L,3,V,0,2,0,0,0,000000000,00000000000,0,0,0,1,0,0,0,0,0,0,0,60,0,0,0,12,8,2,42,0,0,0,1,36,11961,6,1,0,0,3,0,62,999,0,0,0,0,0,0,0,0,0,0,0,0,0,0,1,2,50,2,1,2,1,0,0,14,12,1,1,5,6,1,0
36,360503,1,4,2,12,8,12,25,54,11,1,0,36,2,7,482,7482,31,2001,1B7HF13Y81J5,1,B,7,H,F,1,3,Y,8,1,J,5,0,0,0,000000000,00000000000,0,0,0,1,0,0,0,0,0,0,0,999,0,0,0,18,8,8,54,0,0,0,1,12,33313,6,1,0,0,3,0,72,999,0,0,0,0,0,0,0,0,0,0,0,0,0,0,1,2,55,1,2,2,2,0,0,1,3,99,1,2,98,0,0
36,360503,2,4,1,12,8,12,25,54,11,1,0,36,3,84,883,84883,63,2001,1HTGGAXT31H3,1,H,T,G,G,A,X,T,3,1,H,3,0,0,57,344509,57344509,3,2,2,1,0,0,0,0,0,0,0,999,0,1,1,12,8,2,1,0,0,0,1,36,14735,6,1,6,1,3,0,69,999,1,0,0,0,0,8,2011,8,2011,0,0,0,0,0,1,2,55,1,2,2,2,0,0,1,98,99,1,1,98,0,0
36,360503,3,4,1,12,8,12,25,54,11,1,0,36,3,20,481,20481,31,2006,2GCEK19BX612,2,G,C,E,K,1,9,B,X,6,1,2,0,0,0,000000000,00000000000,0,0,0,1,0,0,0,0,0,0,0,999,0,0,0,12,6,2,12,0,0,0,1,36,14432,6,1,6,0,3,0,71,999,0,0,0,0,0,0,0,0,0,0,0,0,0,0,1,2,55,1,2,2,2,0,0,1,62,99,1,1,98,1,0
36,360503,4,4,2,12,8,12,25,54,11,1,0,36,1,6,43,6043,4,2006,1C3EL56RX6N2,1,C,3,E,L,5,6,R,X,6,N,2,0,0,0,000000000,00000000000,0,0,0,1,0,0,0,0,0,0,0,0,0,0,0,12,8,2,12,0,0,0,1,36,14432,6,1,0,0,3,0,62,999,0,0,0,0,0,0,0,0,0,0,0,0,0,0,1,2,55,1,2,2,2,0,0,1,62,99,1,1,98,0,0
36,360504,1,1,1,9,7,18,20,42,0,1,0,36,1,35,51,35051,6,2013,JN8AS5MV9DW6,J,N,8,A,S,5,M,V,9,D,W,6,0,0,0,000000000,00000000000,0,0,0,1,0,0,0,0,0,0,0,999,0,0,0,12,8,2,42,0,0,0,1,36,11754,6,1,0,0,3,0,66,999,0,0,0,0,0,0,0,0,0,0,0,0,0,0,1,2,99,1,1,2,1,0,0,1,13,99,1,4,1,1,1
36,360505,1,1,1,9,7,22,55,8,0,1,1,36,2,30,402,30402,14,2011,WVGAV7AX1BW5,W,V,G,A,V,7,A,X,1,B,W,5,0,0,0,000000000,00000000000,0,0,0,1,0,0,0,0,0,0,0,999,0,0,0,12,8,2,8,0,0,0,1,36,11733,6,1,0,0,3,0,74,999,1,0,0,0,1,6,2012,7,2014,0,0,0,0,0,1,2,99,1,1,2,1,0,0,1,80,99,1,1,13,0,0
36,360506,1,1,1,10,7,7,27,9,0,1,0,36,1,35,401,35401,14,2012,5N1AR1NB0CC6,5,N,1,A,R,1,N,B,0,C,C,6,0,0,0,000000000,00000000000,0,0,0,1,0,0,0,0,0,0,0,999,0,0,0,12,8,2,9,0,0,0,1,36,11967,6,1,0,0,3,0,64,999,1,0,0,1,0,7,2012,7,2014,0,0,0,0,0,5,3,35,1,1,2,1,0,0,1,83,98,1,1,13,0,0
36,360507,1,1,1,2,7,0,13,8,0,1,0,36,1,20,24,20024,6,2009,1GNEV13D49S1,1,G,N,E,V,1,3,D,4,9,S,1,0,0,0,000000000,00000000000,0,0,0,1,0,0,0,0,0,0,0,999,0,0,0,12,8,2,8,0,0,0,1,36,11768,6,1,0,0,3,3,72,999,0,0,0,1,0,1,2012,1,2012,0,0,0,0,0,1,4,40,1,1,2,1,0,0,1,80,1,1,1,13,0,0
36,360508,1,1,1,12,7,15,5,9,0,1,0,36,1,20,421,20421,15,2001,1GNEK13T01R2,1,G,N,E,K,1,3,T,0,1,R,2,0,0,0,000000000,00000000000,0,0,0,1,0,0,0,0,0,0,0,999,0,0,0,3,8,2,9,0,0,0,1,36,11747,6,1,0,0,3,3,72,999,0,0,0,0,0,0,0,0,0,0,38,0,0,0,1,2,30,2,1,2,1,0,0,14,83,99,1,1,13,0,0
36,360509,1,2,2,20,7,19,8,12,1,1,0,36,1,52,34,52034,4,2001,4A3AA46G61E1,4,A,3,A,A,4,6,G,6,1,E,1,0,0,0,000000000,00000000000,0,0,0,1,0,0,0,0,0,0,0,998,0,0,0,6,8,5,12,0,0,0,1,36,11967,6,1,0,0,3,3,60,999,0,0,0,0,0,0,0,0,0,0,0,0,0,0,3,3,98,3,1,2,1,0,0,14,53,1,1,1,25,0,0
36,360509,2,2,2,20,7,19,8,12,1,1,0,36,2,76,709,76709,80,2012,JYARJ16E8CA0,J,Y,A,R,J,1,6,E,8,C,A,0,0,0,0,000000000,00000000000,0,0,0,1,0,0,0,0,0,0,0,998,0,0,0,12,6,2,12,0,0,0,1,36,11763,6,1,0,0,2,0,61,999,0,14,0,0,0,7,2011,9,2013,3,27,0,0,0,3,3,98,3,1,2,1,0,0,6,51,1,1,1,24,1,0
36,360510,1,1,1,19,7,13,29,15,0,1,0,36,2,37,441,37441,20,2013,5FNRL5H69DB0,5,F,N,R,L,5,H,6,9,D,B,0,0,0,0,000000000,00000000000,0,0,0,1,0,0,0,0,0,0,0,999,0,0,0,12,8,5,15,0,0,0,1,36,11776,6,1,0,0,3,0,60,999,0,0,0,0,0,0,0,0,0,0,0,0,0,0,2,3,99,1,1,2,1,3,3,11,80,99,1,1,13,0,0
36,360511,1,1,1,25,7,18,8,24,0,1,0,36,2,72,706,72706,80,2002,1HD1JBB102Y0,1,H,D,1,J,B,B,1,0,2,Y,0,0,0,0,000000000,00000000000,0,0,0,1,0,0,0,0,0,0,0,999,0,0,0,12,6,2,24,0,0,0,1,36,11703,6,1,0,0,2,0,71,999,0,0,0,0,0,0,0,0,0,0,52,0,0,0,3,2,40,2,1,2,1,0,0,14,10,1,1,5,6,1,0
36,360512,1,1,1,26,7,4,10,8,0,1,0,36,2,2,405,2405,14,2006,1J4GL48K16W2,1,J,4,G,L,4,8,K,1,6,W,2,0,0,0,000000000,00000000000,0,0,0,1,0,0,0,0,0,0,0,999,0,0,0,12,8,2,8,0,0,0,1,36,11727,6,1,0,0,3,0,68,999,1,0,0,0,1,12,2012,12,2013,0,0,0,0,0,3,2,99,1,1,2,1,0,0,1,13,99,1,4,1,0,1
36,360513,1,1,1,28,7,2,20,33,0,1,0,36,1,76,709,76709,80,2012,JYARJ16E5CA0,J,Y,A,R,J,1,6,E,5,C,A,0,0,0,0,000000000,00000000000,0,0,0,1,0,0,0,0,0,0,0,998,0,0,0,12,8,2,33,0,0,0,1,36,11941,6,1,0,0,2,0,74,999,0,0,0,0,0,0,0,0,0,0,0,0,0,0,5,3,30,3,1,2,1,0,0,14,13,1,1,5,1,1,1
36,360514,1,2,3,4,8,12,0,9,0,1,0,36,1,20,404,20404,14,2006,2CNDL73F5661,2,C,N,D,L,7,3,F,5,6,6,1,0,0,0,000000000,00000000000,0,0,0,1,0,0,0,0,0,0,0,5,0,0,0,12,8,2,9,0,0,0,1,36,14215,6,1,0,0,3,0,62,999,0,0,0,0,0,0,0,0,0,0,0,0,0,0,1,5,35,1,1,2,1,3,3,4,83,99,1,1,13,0,0
36,360514,2,2,1,4,8,12,0,9,0,1,0,36,2,12,17,12017,4,1999,1FAFP53U8XG2,1,F,A,F,P,5,3,U,8,X,G,2,0,0,0,000000000,00000000000,0,0,0,1,0,0,0,0,0,0,0,5,0,0,0,14,0,3,9,0,0,0,1,36,14225,6,1,0,0,3,0,70,999,0,0,0,0,0,0,0,0,0,0,24,0,0,0,1,5,35,1,1,2,1,3,3,4,83,99,1,1,98,0,0
36,360515,1,2,1,30,7,2,5,12,6,1,0,36,1,2,422,2422,15,2014,1C4RJFBG4EC2,1,C,4,R,J,F,B,G,4,E,C,2,0,0,0,000000000,00000000000,0,0,0,1,0,0,0,0,0,0,0,999,0,0,0,12,8,2,12,0,0,0,1,36,11713,6,1,0,0,3,0,67,999,0,0,0,0,0,0,0,0,0,0,0,0,0,0,3,3,45,1,1,2,1,3,3,1,55,1,1,1,88,0,0
36,360515,2,2,1,30,7,2,5,12,6,1,0,36,1,48,401,48401,14,2006,JF1SG676X6H7,J,F,1,S,G,6,7,6,X,6,H,7,0,0,0,000000000,00000000000,0,0,0,1,0,0,0,0,0,0,0,999,0,0,0,9,8,2,12,0,0,0,1,36,11789,6,1,0,0,3,3,71,999,2,0,0,0,0,11,2011,7,2013,0,39,0,0,0,3,3,45,1,1,2,1,3,3,1,66,1,1,1,89,1,0
36,360516,1,1,2,15,6,10,48,8,0,1,0,36,1,49,46,49046,4,2008,JTDKB20U2877,J,T,D,K,B,2,0,U,2,8,7,7,0,0,0,000000000,00000000000,0,0,0,1,0,0,0,0,0,0,0,999,0,0,0,12,8,2,8,0,0,0,1,36,11976,6,1,0,0,3,3,65,999,0,0,0,0,0,0,0,0,0,0,0,0,0,0,1,2,99,1,1,2,1,0,0,1,80,6,1,2,13,0,0
36,360517,1,1,1,13,8,9,52,9,0,1,0,36,3,12,461,12461,21,2009,1FTNE24W29DA,1,F,T,N,E,2,4,W,2,9,D,A,0,0,0,000000000,00000000000,0,0,0,1,0,0,0,0,0,0,0,999,0,0,0,12,8,5,9,0,0,0,1,36,11375,6,1,6,0,3,0,67,999,0,0,0,0,0,0,0,0,0,0,0,0,0,0,1,2,30,1,1,2,2,0,0,1,83,1,1,1,13,0,0
36,360518,1,1,2,14,8,15,4,30,0,1,0,36,1,55,35,55035,6,2010,KMHDC8AE7AU0,K,M,H,D,C,8,A,E,7,A,U,0,0,0,0,000000000,00000000000,0,0,0,1,0,0,0,0,0,0,0,999,0,1,6,1,6,2,42,0,0,0,1,36,12972,6,1,0,0,3,3,64,999,0,0,0,0,0,0,0,0,0,0,0,0,0,0,1,2,55,3,1,2,1,0,0,14,13,1,1,4,1,1,0
36,360519,1,1,1,15,8,9,45,9,0,1,0,36,2,20,482,20482,31,2004,3GNEK12T54G2,3,G,N,E,K,1,2,T,5,4,G,2,0,0,0,000000000,00000000000,0,0,0,1,0,0,0,0,0,0,0,999,0,0,0,12,8,5,9,0,0,0,1,36,11223,6,1,0,0,3,0,71,999,1,3,0,0,2,8,2012,10,2013,0,0,0,0,0,1,2,30,1,1,2,1,3,3,1,83,1,1,1,13,0,0
36,360520,1,3,1,15,8,5,18,12,2,1,0,36,1,49,40,49040,4,2004,4T1BE32K64U3,4,T,1,B,E,3,2,K,6,4,U,3,0,0,0,000000000,00000000000,0,0,0,1,0,0,0,0,0,0,0,999,0,0,0,12,8,2,12,0,0,0,1,36,12832,6,1,0,0,3,3,65,999,0,0,0,0,0,0,0,0,0,0,0,0,0,0,1,2,55,1,3,2,1,0,0,1,50,1,1,1,98,0,0
36,360520,2,3,1,15,8,5,18,12,2,1,0,50,1,7,41,7041,4,2003,2B3HD56G93H5,2,B,3,H,D,5,6,G,9,3,H,5,0,0,0,000000000,00000000000,0,0,0,1,0,0,0,0,0,0,0,999,0,0,0,12,6,2,12,0,0,1,1,50,5764,0,0,0,0,0,0,999,999,1,0,0,0,0,6,2013,6,2013,0,27,28,33,0,1,2,55,1,3,2,1,0,0,6,55,1,1,2,50,1,0
36,360520,3,3,1,15,8,5,18,12,2,1,0,50,2,20,9,20009,2,1991,999999999999,9,9,9,9,9,9,9,9,9,9,9,9,0,0,0,000000000,00000000000,0,0,0,1,0,0,0,0,0,0,0,999,0,0,0,12,6,2,12,0,0,0,1,50,5774,6,1,0,0,3,0,64,999,0,0,0,0,0,0,0,0,0,0,0,0,0,0,1,2,55,1,3,2,1,0,0,1,62,1,1,1,51,1,0
36,360521,1,1,2,16,8,21,47,1,0,1,0,36,1,72,706,72706,80,2012,1HD1FCM17CB6,1,H,D,1,F,C,M,1,7,C,B,6,0,0,0,000000000,00000000000,0,0,0,1,0,0,0,0,0,0,0,999,0,0,0,0,8,2,1,0,0,0,1,36,13032,6,1,0,0,3,0,68,999,1,0,0,0,0,4,2013,4,2013,4,79,0,0,0,3,2,65,4,2,2,2,0,0,14,6,1,1,1,98,1,0
36,360522,1,1,1,16,8,15,40,8,0,1,0,36,2,35,47,35047,4,2014,1N4AL3AP7EC3,1,N,4,A,L,3,A,P,7,E,C,3,0,0,0,000000000,00000000000,0,0,0,1,0,0,0,0,0,0,0,998,0,0,0,6,8,3,8,0,0,0,1,36,14616,6,1,0,0,3,3,61,999,0,0,0,0,0,0,0,0,0,0,0,0,0,0,1,2,98,1,1,2,1,0,0,13,80,1,1,1,92,0,0
36,360523,1,2,1,12,8,6,55,12,2,1,0,36,1,7,472,7472,30,2002,1B7FL36X02S5,1,B,7,F,L,3,6,X,0,2,S,5,0,0,0,000000000,00000000000,0,0,0,1,0,0,0,0,0,0,0,999,0,0,0,12,6,2,12,0,0,0,1,36,10901,6,1,0,0,3,0,72,999,0,0,0,0,0,0,0,0,0,0,51,0,0,0,3,3,65,1,1,2,1,0,0,1,98,99,1,1,52,1,1
36,360523,2,2,1,12,8,6,55,12,2,1,0,36,1,37,402,37402,14,2003,SHSRD78843U1,S,H,S,R,D,7,8,8,4,3,U,1,0,0,0,000000000,00000000000,0,0,0,1,0,0,0,0,0,0,0,999,0,0,0,12,6,2,12,0,0,0,1,36,10901,6,1,6,0,3,0,68,999,0,0,0,0,0,0,0,0,0,0,0,0,0,0,3,3,65,1,1,2,1,0,0,1,54,99,1,1,52,1,0
36,360524,1,1,1,26,7,18,20,35,0,1,0,36,2,53,706,53706,80,2003,JS1GT75A9321,J,S,1,G,T,7,5,A,9,3,2,1,0,0,0,000000000,00000000000,0,0,0,1,0,0,0,0,0,0,0,999,0,0,0,12,6,2,1,0,0,0,1,36,13694,2,1,0,0,2,2,71,999,1,1,1,2,1,6,2013,7,2014,5,74,0,0,0,1,2,30,2,1,2,1,0,0,14,12,99,1,4,6,1,1
36,360525,1,2,1,17,8,4,14,12,6,1,0,36,2,20,9,20009,2,2012,2G1FB1E31C91,2,G,1,F,B,1,E,3,1,C,9,1,0,0,0,000000000,00000000000,0,0,0,1,0,0,0,0,0,0,0,999,0,0,0,12,8,2,12,0,0,0,1,36,11226,6,1,0,0,3,0,71,999,0,0,0,0,0,0,0,0,0,3,0,0,0,0,1,4,25,1,1,2,1,3,3,1,55,1,1,1,69,0,1
36,360525,2,2,3,17,8,4,14,12,6,1,0,36,1,35,47,35047,4,2007,1N4AL21E67N4,1,N,4,A,L,2,1,E,6,7,N,4,0,0,0,000000000,00000000000,0,0,0,1,0,0,0,0,0,0,0,999,0,0,0,5,8,2,12,0,0,0,1,36,11213,1,1,0,0,2,0,74,999,0,14,0,0,1,4,2012,7,2014,0,38,0,0,0,1,4,25,1,1,2,1,3,3,11,15,1,1,1,68,1,1