STATE,ST_CASE,VEH_NO,VE_FORMS,NUMOCCS,DAY,MONTH,HOUR,MINUTE,HARM_EV,MAN_COLL,UNITTYPE,HIT_RUN,REG_STAT,OWNER,MAKE,MODEL,MAK_MOD,BODY_TYP,MOD_YEAR,VIN,VIN_1,VIN_2,VIN_3,VIN_4,VIN_5,VIN_6,VIN_7,VIN_8,VIN_9,VIN_10,VIN_11,VIN_12,TOW_VEH,J_KNIFE,MCARR_I1,MCARR_I2,MCARR_ID,GVWR,V_CONFIG,CARGO_BT,HAZ_INV,HAZ_PLAC,HAZ_ID,HAZ_CNO,HAZ_REL,BUS_USE,SPEC_USE,EMER_USE,TRAV_SP,UNDERIDE,ROLLOVER,ROLINLOC,IMPACT1,DEFORMED,TOWED,M_HARM,VEH_SC1,VEH_SC2,FIRE_EXP,DR_PRES,L_STATE,DR_ZIP,L_STATUS,L_TYPE,CDL_STAT,L_ENDORS,L_COMPL,L_RESTRI,DR_HGT,DR_WGT,PREV_ACC,PREV_SUS,PREV_DWI,PREV_SPD,PREV_OTH,FIRST_MO,FIRST_YR,LAST_MO,LAST_YR,SPEEDREL,DR_SF1,DR_SF2,DR_SF3,DR_SF4,VTRAFWAY,VNUM_LAN,VSPD_LIM,VALIGN,VPROFILE,VPAVETYP,VSURCOND,VTRAFCON,VTCONT_F,P_CRASH1,P_CRASH2,P_CRASH3,PCRASH4,PCRASH5,ACC_TYPE,DEATHS,DR_DRINK
36,360526,1,1,1,1,8,22,15,9,0,1,0,36,1,20,37,20037,4,2012,1G1ZD5E09CF3,1,G,1,Z,D,5,E,0,9,C,F,3,0,0,0,000000000,00000000000,0,0,0,1,0,0,0,0,0,0,0,999,0,0,0,12,8,2,9,0,0,0,1,36,13460,6,1,0,0,3,3,69,999,2,0,0,0,0,10,2013,3,2014,0,0,0,0,0,1,2,55,3,1,2,1,0,0,14,84,8,1,1,13,0,0
36,360527,1,1,1,18,8,2,51,8,0,1,1,99,9,99,999,99999,99,9999,999999999999,9,9,9,9,9,9,9,9,9,9,9,9,0,0,0,000000000,00000000000,0,0,0,1,0,0,0,0,0,0,0,999,0,0,0,12,8,5,8,0,0,0,1,99,99999,9,9,99,0,9,9,999,999,99,99,99,99,99,99,9999,99,9999,0,0,0,0,0,1,2,30,1,1,2,1,0,0,1,80,1,1,1,13,0,0
36,360528,1,1,2,17,8,18,5,42,0,1,0,36,1,12,481,12481,31,2011,1FTMF1CM7BKD,1,F,T,M,F,1,C,M,7,B,K,D,0,0,0,000000000,00000000000,0,0,0,1,0,0,0,0,0,0,0,999,0,0,0,12,8,2,42,0,0,0,1,36,14873,6,2,0,0,3,0,71,999,0,0,0,0,0,0,0,0,0,4,0,0,0,0,1,2,55,2,2,2,1,0,0,14,12,99,1,4,6,1,0
36,360529,1,2,1,19,8,15,38,1,0,1,0,36,1,76,706,76706,80,2014,JYAVP33E5EA0,J,Y,A,V,P,3,3,E,5,E,A,0,0,0,0,000000000,00000000000,0,0,0,1,0,0,0,0,0,0,0,999,0,0,0,0,8,2,1,0,0,0,1,36,11741,6,1,0,0,3,0,69,999,0,1,0,0,0,6,2013,6,2013,0,84,0,0,0,3,3,55,1,1,2,1,0,0,2,52,2,7,1,98,1,0
36,360529,2,2,1,19,8,15,38,1,0,1,0,36,1,49,442,49442,20,2014,5TDKK3DC8ES4,5,T,D,K,K,3,D,C,8,E,S,4,0,0,0,000000000,00000000000,0,0,0,1,0,0,0,0,0,0,0,999,0,0,0,6,8,5,12,0,0,0,1,36,11741,6,1,0,0,3,0,68,999,0,0,0,0,0,0,0,0,0,0,0,0,0,0,3,3,55,1,1,2,1,0,0,2,53,1,1,1,98,0,0
36,360530,1,1,2,18,8,5,15,9,0,1,0,36,3,13,1,13001,4,2007,1LNHM84W37Y6,1,L,N,H,M,8,4,W,3,7,Y,6,0,0,0,000000000,00000000000,0,0,0,1,0,0,0,0,0,0,0,999,0,0,0,12,8,2,9,0,0,0,1,36,10466,2,1,0,0,2,2,64,999,0,0,0,0,0,0,0,0,0,0,74,38,0,0,4,1,98,1,1,2,1,3,3,11,83,99,1,1,13,0,0
36,360531,1,1,1,19,8,14,48,31,0,1,0,36,2,7,43,7043,4,2001,1B3EJ46X11N5,1,B,3,E,J,4,6,X,1,1,N,5,0,0,0,000000000,00000000000,0,0,0,1,0,0,0,0,0,0,0,999,0,1,4,12,6,2,1,0,0,0,1,36,14207,2,1,0,0,2,0,70,999,0,1,0,0,1,7,2012,12,2012,3,0,0,0,0,3,3,55,1,1,2,1,0,0,15,13,3,5,5,2,1,1
36,360532,1,2,1,19,8,14,58,12,6,1,0,12,1,63,402,63402,14,2007,KNDJD7363756,K,N,D,J,D,7,3,6,3,7,5,6,0,0,0,000000000,00000000000,0,0,0,1,0,0,0,0,0,0,0,999,0,0,0,10,8,2,12,0,0,0,1,36,11967,6,1,0,0,3,0,66,999,0,0,0,0,0,0,0,0,0,0,0,0,0,0,3,4,45,1,1,2,1,3,3,1,66,1,1,1,89,1,0
36,360532,2,2,1,19,8,14,58,12,6,1,0,36,2,20,22,20022,4,2006,1G1AK55F0678,1,G,1,A,K,5,5,F,0,6,7,8,0,0,0,000000000,00000000000,0,0,0,1,0,0,0,0,0,0,0,999,0,0,0,12,8,2,12,0,0,0,1,36,11953,6,1,0,0,3,0,68,999,0,0,0,0,0,0,0,0,0,0,39,0,0,0,3,4,45,1,1,2,1,3,3,1,55,1,1,1,88,0,0
36,360533,1,2,6,19,8,23,25,12,6,1,0,36,2,49,40,49040,4,2003,4T1BE32K03U7,4,T,1,B,E,3,2,K,0,3,U,7,0,0,0,000000000,00000000000,0,0,0,1,0,0,0,0,0,0,0,999,0,0,0,12,8,2,12,0,0,0,1,36,11040,6,2,0,0,3,3,66,999,1,1,0,0,1,11,2013,3,2014,5,0,0,0,0,1,2,30,1,1,2,1,20,3,1,66,99,1,1,88,0,0
36,360533,2,2,3,19,8,23,25,12,6,1,0,26,4,12,23,12023,4,2012,3FAHP0JG2CR3,3,F,A,H,P,0,J,G,2,C,R,3,0,0,0,000000000,00000000000,0,0,0,1,0,0,0,0,0,0,0,999,0,0,0,9,6,2,12,0,0,0,1,6,94806,6,1,6,0,3,3,71,999,0,0,0,0,0,0,0,0,0,0,0,0,0,0,1,2,30,1,1,2,1,20,3,1,17,99,1,1,89,1,0
36,360534,1,2,2,20,8,14,30,12,6,1,0,36,1,49,40,49040,4,2011,4T1BF3EK4BU2,4,T,1,B,F,3,E,K,4,B,U,2,0,0,0,000000000,00000000000,0,0,0,1,0,0,0,0,0,0,0,45,0,0,0,12,6,2,12,0,0,0,1,36,14847,6,1,6,0,3,0,73,999,0,0,0,0,0,0,0,0,0,0,0,0,0,0,1,2,55,1,2,2,2,0,0,1,62,1,1,1,65,0,0
36,360534,2,2,1,20,8,14,30,12,6,1,0,36,2,20,32,20032,4,1999,1Y1SK5287XZ4,1,Y,1,S,K,5,2,8,7,X,Z,4,0,0,0,000000000,00000000000,0,0,0,1,0,0,0,0,0,0,0,45,0,0,0,1,8,2,12,0,0,0,1,36,14883,6,1,0,0,3,0,75,999,1,0,0,0,0,11,2011,11,2011,4,28,87,0,0,1,2,55,1,2,2,2,0,0,1,6,1,4,2,64,1,0
36,360535,1,1,1,18,8,23,37,42,0,1,0,36,1,49,402,49402,14,2001,JTEHH20V2160,J,T,E,H,H,2,0,V,2,1,6,0,0,0,0,000000000,00000000000,0,0,0,1,0,0,0,0,0,0,0,999,0,0,0,12,6,2,42,0,0,0,1,36,12528,6,1,0,0,3,0,67,999,0,0,0,0,0,0,0,0,0,0,0,0,0,0,2,4,30,1,2,2,1,0,0,1,12,99,1,4,6,1,0
36,360536,1,1,3,22,8,20,23,9,0,1,0,36,2,18,401,18401,14,2004,3G5DB03E54S5,3,G,5,D,B,0,3,E,5,4,S,5,0,0,0,000000000,00000000000,0,0,0,1,0,0,0,0,0,0,0,999,0,0,0,12,8,2,9,0,0,0,1,36,13090,1,1,0,0,2,0,68,999,0,4,0,0,0,8,2011,9,2011,0,0,0,0,0,1,2,45,3,1,2,1,0,0,14,13,1,1,4,13,0,0
36,360537,1,2,1,22,8,14,37,12,2,1,0,36,1,37,441,37441,20,2000,2HKRL1860YH6,2,H,K,R,L,1,8,6,0,Y,H,6,0,0,0,000000000,00000000000,0,0,0,1,0,0,0,0,0,0,0,999,0,0,0,12,8,2,12,0,0,0,1,36,14075,6,1,0,0,3,3,69,999,0,0,0,0,0,0,0,0,0,0,38,0,0,0,5,5,99,1,2,2,1,3,3,11,15,99,1,2,74,0,0
36,360537,2,2,1,22,8,14,37,12,2,1,0,36,1,12,23,12023,4,2010,3FAHP0HA0AR2,3,F,A,H,P,0,H,A,0,A,R,2,0,0,0,000000000,00000000000,0,0,0,1,0,0,0,0,0,0,0,998,0,0,0,12,8,2,12,0,0,0,1,36,14075,6,1,0,0,3,0,68,999,0,0,0,0,0,0,0,0,0,0,0,0,0,0,5,5,99,1,2,2,1,3,3,1,66,99,1,1,74,1,0
36,360538,1,1,2,23,8,22,1,24,0,1,0,36,1,7,4,7004,2,2006,1B3JZ69Z56V1,1,B,3,J,Z,6,9,Z,5,6,V,1,0,0,0,000000000,00000000000,0,0,0,1,0,0,0,0,0,0,0,999,0,0,0,12,6,2,42,0,0,0,1,36,12306,6,1,0,0,3,0,66,999,0,0,0,0,0,0,0,0,0,3,0,0,0,0,3,3,55,1,1,2,1,0,0,1,13,1,1,5,1,1,1
36,360539,1,1,2,22,7,3,57,39,0,1,0,36,1,41,51,41051,4,2012,JM1BL1V88C16,J,M,1,B,L,1,V,8,8,C,1,6,0,0,0,000000000,00000000000,0,0,0,1,0,0,0,0,0,0,0,999,0,1,2,1,6,2,1,0,0,0,1,36,11756,6,1,0,0,3,0,71,999,1,0,0,0,0,11,2012,11,2012,3,27,0,0,0,3,3,55,1,1,2,1,0,0,1,13,1,1,4,1,1,1
36,360540,1,2,1,24,8,10,54,12,2,1,0,36,1,49,40,49040,4,2007,4T1BE46K67U6,4,T,1,B,E,4,6,K,6,7,U,6,0,0,0,000000000,00000000000,0,0,0,1,0,0,0,0,0,0,0,999,0,0,0,12,8,2,12,0,0,0,1,36,12117,6,1,0,0,3,3,66,999,0,0,0,0,0,0,0,0,0,0,38,0,0,0,1,2,45,1,2,2,1,0,0,11,98,1,1,1,84,0,0
36,360540,2,2,1,24,8,10,54,12,2,1,0,9,1,72,709,72709,80,1994,999999999999,9,9,9,9,9,9,9,9,9,9,9,9,0,0,0,000000000,00000000000,0,0,0,1,0,0,0,0,0,0,0,999,0,0,0,12,6,2,12,0,0,0,1,9,6401,9,9,99,0,9,9,999,999,99,99,99,99,99,99,9999,99,9999,0,0,0,0,0,1,2,45,1,2,2,1,0,0,1,72,6,1,1,84,1,0
36,360541,1,2,2,25,8,13,53,12,2,1,0,36,2,37,32,37032,4,2000,1HGCG668XYA1,1,H,G,C,G,6,6,8,X,Y,A,1,0,0,0,000000000,00000000000,0,0,0,1,0,0,0,0,0,0,0,999,0,0,0,12,6,2,12,0,0,0,1,36,11554,6,1,0,0,3,0,69,999,1,0,0,0,0,4,2013,4,2013,0,28,0,0,0,1,4,40,1,1,2,1,0,0,1,10,99,1,2,50,2,0
36,360541,2,2,3,25,8,13,53,12,2,1,0,36,2,52,882,52882,61,2000,JW6CCE1GXYL0,J,W,6,C,C,E,1,G,X,Y,L,0,0,0,77,777777777,77777777777,2,1,1,1,0,0,0,0,0,0,0,999,0,0,0,12,8,2,12,0,0,0,1,36,11590,1,1,1,0,2,2,999,999,0,0,0,0,0,0,0,0,0,0,74,0,0,0,1,4,40,1,1,2,1,0,0,1,62,99,1,1,51,0,0
36,360542,1,1,1,21,8,22,31,42,0,1,0,12,1,37,31,37031,4,1998,2HGEJ8548WH5,2,H,G,E,J,8,5,4,8,W,H,5,0,0,0,000000000,00000000000,0,0,0,1,0,0,0,0,0,0,0,999,0,1,5,12,6,2,42,0,0,0,1,12,32712,1,1,0,0,2,0,69,999,0,1,0,0,0,7,2014,7,2014,0,0,0,0,0,1,2,55,3,1,2,1,0,0,14,13,99,1,4,1,1,1
36,360543,1,2,1,26,8,15,56,12,6,1,0,36,1,37,705,37705,80,2008,JH2SC59038M0,J,H,2,S,C,5,9,0,3,8,M,0,0,0,0,000000000,00000000000,0,0,0,1,0,0,0,0,0,0,0,999,0,0,0,12,6,2,12,0,0,0,1,36,13433,6,1,0,0,3,0,68,999,0,0,0,1,4,6,2012,5,2014,3,8,0,0,0,1,2,55,1,1,2,1,0,0,1,55,1,1,1,69,1,0
36,360543,2,2,1,26,8,15,56,12,6,1,0,36,1,63,32,63032,4,2004,KNADC1655461,K,N,A,D,C,1,6,5,5,4,6,1,0,0,0,000000000,00000000000,0,0,0,1,0,0,0,0,0,0,0,999,0,0,0,2,6,2,2,0,0,1,1,36,13338,6,1,0,0,3,0,70,999,0,0,0,0,0,0,0,0,0,0,0,0,0,0,1,2,55,1,1,2,1,0,0,11,15,1,1,1,68,1,0
36,360544,1,3,1,22,8,12,36,12,1,1,0,36,1,34,706,34706,80,1998,WB10434A9WZA,W,B,1,0,4,3,4,A,9,W,Z,A,0,0,0,000000000,00000000000,0,0,0,1,0,0,0,0,0,0,0,999,0,0,0,12,6,2,12,0,0,0,1,36,14522,6,1,0,0,3,0,64,999,0,0,0,0,1,12,2011,12,2011,0,26,0,0,0,1,2,55,1,1,2,1,0,0,1,51,99,1,1,24,1,0
36,360544,2,3,1,22,8,12,36,12,1,1,0,36,2,23,471,23471,30,1997,1GTCS14X1VK5,1,G,T,C,S,1,4,X,1,V,K,5,0,0,0,000000000,00000000000,0,0,0,1,0,0,0,0,0,0,0,999,0,0,0,6,6,2,12,0,0,0,1,36,14589,6,1,0,0,3,0,68,999,0,0,0,0,0,0,0,0,0,0,0,0,0,0,1,2,55,1,1,2,1,0,0,1,53,99,1,1,25,0,0
36,360544,3,3,1,22,8,12,36,12,1,1,0,36,1,7,472,7472,30,2006,1D7HW48N36S6,1,D,7,H,W,4,8,N,3,6,S,6,0,0,0,000000000,00000000000,0,0,0,1,0,0,0,0,0,0,0,999,0,0,0,12,8,2,12,0,0,0,1,36,14555,6,1,6,0,3,0,70,999,0,0,0,0,0,0,0,0,0,0,0,0,0,0,1,2,55,1,1,2,1,0,0,1,62,99,1,1,98,0,0
36,360545,1,1,1,25,8,4,0,24,0,1,0,36,1,72,706,72706,80,2004,1HD1BMY154Y0,1,H,D,1,B,M,Y,1,5,4,Y,0,0,0,0,000000000,00000000000,0,0,0,1,0,0,0,0,0,0,0,999,0,0,0,99,6,2,24,0,0,0,1,36,14580,6,1,0,0,3,0,72,999,2,0,0,0,0,10,2012,2,2014,4,52,0,0,0,1,2,35,3,1,2,1,0,0,14,13,99,9,4,1,1,1
36,360546,1,1,1,14,6,16,13,14,0,1,0,92,0,76,739,76739,90,2011,999999999999,9,9,9,9,9,9,9,9,9,9,9,9,0,0,0,000000000,00000000000,0,0,0,1,0,0,0,0,0,0,0,999,0,0,0,12,8,5,30,0,0,0,1,36,11968,1,1,0,0,1,0,71,999,0,1,0,0,0,9,2013,9,2013,3,0,0,0,0,1,2,20,1,1,2,1,0,0,1,13,1,1,4,11,1,1
36,360547,1,1,1,26,8,18,0,9,0,1,0,92,0,52,37,52037,2,2000,999999999999,9,9,9,9,9,9,9,9,9,9,9,9,0,0,0,000000000,00000000000,0,0,0,1,0,0,0,0,0,0,0,999,0,0,0,12,8,2,9,0,0,0,1,36,12404,6,1,0,0,3,0,71,999,1,10,0,0,1,9,2011,7,2014,0,0,0,0,0,1,2,55,1,1,2,1,0,0,1,83,1,1,1,13,0,0
36,360548,1,1,5,23,8,22,54,42,0,1,0,36,2,37,32,37032,4,1998,1HGCG1642WA0,1,H,G,C,G,1,6,4,2,W,A,0,0,0,0,000000000,00000000000,0,0,0,1,0,0,0,0,0,0,0,999,0,0,0,12,6,2,2,0,0,1,1,36,11234,6,1,0,0,3,0,70,999,0,7,0,0,3,9,2013,7,2014,5,0,0,0,0,3,3,55,3,1,2,1,0,0,14,13,99,1,4,1,5,0
36,360549,1,1,1,24,8,0,58,1,0,1,0,36,2,20,481,20481,31,2007,1GCEC14JX7Z5,1,G,C,E,C,1,4,J,X,7,Z,5,0,0,0,000000000,00000000000,0,0,0,1,0,0,0,0,0,0,0,999,0,2,3,0,6,2,21,0,0,0,1,36,14057,6,1,0,0,3,3,68,999,1,0,0,0,0,5,2012,5,2012,0,0,0,0,0,2,2,65,1,2,2,1,0,0,1,12,99,1,4,6,1,1
36,360550,1,1,1,27,8,3,51,33,0,1,0,92,0,53,704,53704,80,2006,JS1SK43A6621,J,S,1,S,K,4,3,A,6,6,2,1,0,0,0,000000000,00000000000,0,0,0,1,0,0,0,0,0,0,0,999,0,0,0,12,6,2,33,0,0,0,1,36,11427,6,1,0,0,2,0,68,999,0,1,0,0,0,11,2013,11,2013,3,0,0,0,0,3,3,50,1,1,2,1,0,0,1,13,1,1,4,1,1,1
36,360551,1,1,1,26,8,12,24,25,0,1,0,36,1,55,33,55033,4,2013,5NPEB4AC6DH5,5,N,P,E,B,4,A,C,6,D,H,5,0,0,0,000000000,00000000000,0,0,0,1,0,0,0,0,0,0,0,55,0,0,0,12,8,2,42,0,0,0,1,36,10543,6,1,0,0,3,0,72,999,0,0,0,0,0,0,0,0,0,0,0,0,0,0,3,3,55,2,2,2,1,0,0,14,13,99,1,4,1,1,0
36,360552,1,1,2,28,8,20,21,8,0,1,0,36,2,34,401,34401,14,2011,5UXZV8C59BL4,5,U,X,Z,V,8,C,5,9,B,L,4,0,0,0,000000000,00000000000,0,0,0,1,0,0,0,0,0,0,0,999,0,0,0,12,8,2,8,0,0,0,1,36,11230,6,1,0,0,3,0,70,999,0,2,0,1,0,2,2012,11,2012,0,0,0,0,0,1,4,30,1,1,2,1,0,0,1,80,1,1,1,13,0,0
36,360553,1,2,4,21,8,9,59,12,2,1,0,36,1,2,404,2404,14,2005,1J4HR48N25C6,1,J,4,H,R,4,8,N,2,5,C,6,0,0,0,000000000,00000000000,0,0,0,1,0,0,0,0,0,0,0,999,0,0,0,12,8,2,2,0,0,1,1,36,10469,6,1,0,0,3,3,66,999,0,0,0,0,0,0,0,0,0,0,51,0,0,0,1,2,55,4,1,2,2,0,0,14,98,99,1,1,52,0,0
36,360553,2,2,1,21,8,9,59,12,2,1,0,36,1,38,402,38402,14,1999,4S2CM57W3X43,4,S,2,C,M,5,7,W,3,X,4,3,0,0,0,000000000,00000000000,0,0,0,1,0,0,0,0,0,0,0,999,0,0,0,12,8,2,12,0,0,0,1,36,13813,6,1,0,0,3,0,68,999,0,0,0,0,0,0,0,0,0,0,0,0,0,0,1,2,55,4,1,2,2,0,0,14,54,99,1,1,52,1,0
36,360554,1,1,1,29,8,17,17,9,0,1,0,36,1,12,402,12402,14,2008,1FMCU49H38KC,1,F,M,C,U,4,9,H,3,8,K,C,0,0,0,000000000,00000000000,0,0,0,1,0,0,0,0,0,0,0,999,0,0,0,12,8,5,9,0,0,0,1,36,11003,6,1,0,0,3,0,64,999,2,0,0,0,1,12,2011,4,2012,0,0,0,0,0,4,2,30,1,1,2,1,0,0,1,83,1,1,1,13,0,0
36,360555,1,1,2,29,8,14,3,8,0,1,0,36,3,35,446,35446,20,2014,3N8CM0JT3EK6,3,N,8,C,M,0,J,T,3,E,K,6,0,0,0,000000000,00000000000,0,0,0,1,0,0,0,0,0,0,0,999,0,0,0,12,8,2,8,0,0,0,1,36,10453,6,1,0,0,3,0,66,999,0,0,0,0,0,0,0,0,0,0,38,0,0,0,1,2,99,1,1,2,1,3,3,11,80,99,1,1,13,0,0
36,360556,1,1,1,29,8,20,58,42,0,1,0,36,1,45,40,45040,1,2014,WP0CB2A8XES1,W,P,0,C,B,2,A,8,X,E,S,1,0,0,0,000000000,00000000000,0,0,0,1,0,0,0,0,0,0,0,999,0,0,0,12,8,2,42,0,0,0,1,36,12188,6,1,0,0,3,3,73,999,0,0,0,0,0,0,0,0,0,0,0,0,0,0,1,2,55,1,1,2,1,0,0,1,13,1,1,5,1,1,0
36,360557,1,1,1,30,8,22,19,1,0,1,0,36,1,72,706,72706,80,2001,1HD1FRW181Y6,1,H,D,1,F,R,W,1,8,1,Y,6,0,0,0,000000000,00000000000,0,0,0,1,0,0,0,0,0,0,0,999,0,0,0,0,6,2,1,0,0,0,1,36,13753,6,1,0,0,3,0,76,999,0,0,0,0,1,10,2013,10,2013,0,79,0,0,0,3,3,50,1,2,2,1,0,0,1,5,1,1,1,98,1,0
36,360558,1,1,2,30,8,0,21,42,0,1,0,36,2,42,42,42042,4,2000,WDBHA29G3YA8,W,D,B,H,A,2,9,G,3,Y,A,8,0,0,0,000000000,00000000000,0,0,0,1,0,0,0,0,0,0,0,999,0,0,0,9,6,2,42,0,0,0,1,36,13452,1,1,0,0,2,0,71,999,0,2,0,0,1,11,2013,6,2014,3,0,0,0,0,1,2,55,2,2,2,1,0,0,14,6,1,3,5,7,1,0
36,360559,1,1,1,30,8,23,21,1,0,1,0,36,2,20,471,20471,30,2000,1GCCS195XY82,1,G,C,C,S,1,9,5,X,Y,8,2,0,0,0,000000000,00000000000,0,0,0,1,0,0,0,0,0,0,0,999,0,2,1,0,6,2,1,0,0,0,1,36,14810,6,1,0,0,3,0,68,999,0,0,0,0,1,1,2014,1,2014,5,38,0,0,0,1,2,55,1,2,2,1,20,3,10,12,99,1,2,98,1,0
36,360560,1,1,1,30,8,4,52,8,0,1,0,36,1,7,24,7024,4,2007,2B3KA43R77H8,2,B,3,K,A,4,3,R,7,7,H,8,0,0,0,000000000,00000000000,0,0,0,1,0,0,0,0,0,0,0,999,0,0,0,12,8,3,8,0,0,0,1,36,11412,6,1,0,0,3,3,70,999,0,0,0,0,0,0,0,0,0,0,0,0,0,0,1,5,30,1,1,2,1,0,0,1,80,99,1,1,13,0,0
36,360561,1,2,1,30,8,18,15,24,0,1,0,36,0,37,739,37739,90,2004,999999999999,9,9,9,9,9,9,9,9,9,9,9,9,0,0,0,000000000,00000000000,0,0,0,1,0,0,0,0,0,0,0,999,0,0,0,12,6,2,12,0,0,0,1,36,13675,6,1,6,0,3,0,70,999,0,0,0,0,0,0,0,0,0,5,0,0,0,0,1,2,55,3,3,2,1,0,0,14,13,99,1,4,1,1,1
36,360561,2,2,1,30,8,18,15,24,0,1,0,36,1,76,733,76733,90,2006,JY43GG0386C0,J,Y,4,3,G,G,0,3,8,6,C,0,0,0,0,000000000,00000000000,0,0,0,1,0,0,0,0,0,0,0,999,0,0,0,12,8,5,12,0,0,0,1,36,13637,6,1,0,0,3,0,70,999,0,0,0,0,0,0,0,0,0,5,0,0,0,0,1,2,55,3,3,2,1,0,0,14,64,99,1,1,98,0,0
36,360562,1,1,1,20,6,22,47,33,0,1,0,36,2,20,25,20025,4,2012,1G1PF5SC6C73,1,G,1,P,F,5,S,C,6,C,7,3,0,0,0,000000000,00000000000,0,0,0,1,0,0,0,0,0,0,0,999,0,0,0,14,8,8,58,0,0,0,1,36,11230,6,1,0,0,3,0,66,999,0,0,0,0,0,0,0,0,0,5,0,0,0,0,3,2,30,1,2,2,1,3,3,1,12,99,1,4,6,1,1
36,360563,1,1,1,15,8,23,57,8,0,1,1,36,2,12,37,12037,4,2010,3FAHP0GA5AR2,3,F,A,H,P,0,G,A,5,A,R,2,0,0,0,000000000,00000000000,0,0,0,1,0,0,0,0,0,0,0,999,0,0,0,12,8,5,8,0,0,0,1,36,11510,6,1,0,0,3,3,69,999,0,4,0,1,0,5,2012,8,2012,0,0,0,0,0,1,3,30,1,1,2,1,0,0,1,80,99,1,1,13,0,1
36,360564,1,2,4,7,6,13,0,12,1,1,0,36,1,12,461,12461,21,2005,1FBSS31L05HB,1,F,B,S,S,3,1,L,0,5,H,B,0,0,0,000000000,00000000000,0,0,0,1,0,0,0,0,0,0,0,0,0,0,0,6,8,5,12,0,0,0,1,36,12603,6,1,0,0,3,3,64,999,0,0,0,0,1,8,2011,8,2011,0,0,0,0,0,1,4,98,1,1,2,1,3,3,5,53,1,1,1,21,0,0
36,360564,2,2,2,7,6,13,0,12,1,1,0,36,1,35,47,35047,4,1998,1N4DL01D4WC2,1,N,4,D,L,0,1,D,4,W,C,2,0,0,0,000000000,00000000000,0,0,0,1,0,0,0,0,0,0,0,998,0,0,0,12,8,2,12,0,0,0,1,36,11412,6,1,0,0,3,3,67,999,0,0,0,0,0,0,0,0,0,0,0,0,0,0,1,4,98,1,1,2,1,3,3,1,50,1,1,1,20,1,0
36,360565,1,1,1,30,8,15,50,42,0,1,0,36,1,12,461,12461,21,2011,1FTSS3EL1BDA,1,F,T,S,S,3,E,L,1,B,D,A,0,0,0,000000000,00000000000,0,0,0,1,0,0,0,0,0,0,0,999,0,0,0,12,8,2,42,0,0,0,1,36,11554,6,1,0,0,3,3,72,999,2,0,0,1,0,6,2013,12,2013,0,0,0,0,0,2,4,30,1,1,2,1,0,0,1,13,99,1,4,1,1,1
36,360566,1,1,1,31,8,0,20,24,0,1,0,36,1,37,706,37706,82,2002,1HFSC47062A1,1,H,F,S,C,4,7,0,6,2,A,1,0,0,0,000000000,00000000000,0,0,0,1,0,0,0,0,0,0,0,999,0,0,0,12,8,2,24,0,0,0,1,36,14437,6,1,0,0,3,1,69,999,1,0,0,0,0,9,2012,9,2012,3,0,0,0,0,1,2,55,1,1,2,1,0,0,1,13,1,1,5,1,1,0
36,360567,1,2,3,31,8,12,13,12,6,1,0,36,1,41,54,41054,6,2011,JM3TB3BV0B03,J,M,3,T,B,3,B,V,0,B,0,3,0,0,0,000000000,00000000000,0,0,0,1,0,0,0,0,0,0,0,999,0,0,0,3,8,2,12,0,0,0,1,36,11710,6,1,0,0,3,0,67,999,0,0,0,0,0,0,0,0,0,0,38,0,0,0,1,5,35,1,1,2,1,0,0,11,15,1,1,1,68,0,0
36,360567,2,2,1,31,8,12,13,12,6,1,0,36,1,72,706,72706,80,2001,1HD1GDV151Y3,1,H,D,1,G,D,V,1,5,1,Y,3,0,0,0,000000000,00000000000,0,0,0,1,0,0,0,0,0,0,0,999,0,0,0,12,6,2,12,0,0,0,1,36,11793,6,1,0,0,3,3,72,999,0,0,0,0,0,0,0,0,0,0,0,0,0,0,1,5,35,1,1,2,1,0,0,1,55,1,1,1,69,1,0
36,360568,1,1,50,18,7,7,49,24,0,1,0,95,3,98,981,98981,51,2008,2PCH334908C7,2,P,C,H,3,3,4,9,0,8,C,7,0,0,57,507264,57507264,3,21,22,1,0,0,0,0,5,3,0,999,0,1,3,12,8,2,1,0,0,0,1,95,0,9,9,99,9,9,9,999,999,99,99,99,99,99,99,9999,99,9999,0,27,0,0,0,3,2,65,1,1,2,1,0,0,15,12,99,1,4,6,1,0
36,360569,1,2,1,31,8,0,25,12,2,1,0,92,0,23,471,23471,30,1996,999999999999,9,9,9,9,9,9,9,9,9,9,9,9,0,0,0,000000000,00000000000,0,0,0,1,0,0,0,0,0,0,0,999,0,0,0,12,8,2,12,0,0,0,1,95,0,9,9,99,9,9,9,999,999,99,99,99,99,99,99,9999,99,9999,0,28,0,0,0,1,2,55,1,1,4,1,0,0,1,10,1,1,2,50,0,1
36,360569,2,2,1,31,8,0,25,12,2,1,0,92,0,98,739,98739,90,2014,999999999999,9,9,9,9,9,9,9,9,9,9,9,9,0,0,0,000000000,00000000000,0,0,0,1,0,0,0,0,0,0,0,999,0,0,0,12,6,2,12,0,0,0,1,42,17011,6,1,0,0,3,0,71,999,0,0,0,0,0,0,0,0,0,0,0,0,0,0,1,2,55,1,1,4,1,0,0,1,62,1,1,1,51,1,1