STATE,ST_CASE,VEH_NO,VE_FORMS,NUMOCCS,DAY,MONTH,HOUR,MINUTE,HARM_EV,MAN_COLL,UNITTYPE,HIT_RUN,REG_STAT,OWNER,MAKE,MODEL,MAK_MOD,BODY_TYP,MOD_YEAR,VIN,VIN_1,VIN_2,VIN_3,VIN_4,VIN_5,VIN_6,VIN_7,VIN_8,VIN_9,VIN_10,VIN_11,VIN_12,TOW_VEH,J_KNIFE,MCARR_I1,MCARR_I2,MCARR_ID,GVWR,V_CONFIG,CARGO_BT,HAZ_INV,HAZ_PLAC,HAZ_ID,HAZ_CNO,HAZ_REL,BUS_USE,SPEC_USE,EMER_USE,TRAV_SP,UNDERIDE,ROLLOVER,ROLINLOC,IMPACT1,DEFORMED,TOWED,M_HARM,VEH_SC1,VEH_SC2,FIRE_EXP,DR_PRES,L_STATE,DR_ZIP,L_STATUS,L_TYPE,CDL_STAT,L_ENDORS,L_COMPL,L_RESTRI,DR_HGT,DR_WGT,PREV_ACC,PREV_SUS,PREV_DWI,PREV_SPD,PREV_OTH,FIRST_MO,FIRST_YR,LAST_MO,LAST_YR,SPEEDREL,DR_SF1,DR_SF2,DR_SF3,DR_SF4,VTRAFWAY,VNUM_LAN,VSPD_LIM,VALIGN,VPROFILE,VPAVETYP,VSURCOND,VTRAFCON,VTCONT_F,P_CRASH1,P_CRASH2,P_CRASH3,PCRASH4,PCRASH5,ACC_TYPE,DEATHS,DR_DRINK
36,360607,2,2,1,12,9,20,19,12,2,1,0,92,0,53,703,53703,83,1990,999999999999,9,9,9,9,9,9,9,9,9,9,9,9,0,0,0,000000000,00000000000,0,0,0,1,0,0,0,0,0,0,0,999,0,0,0,12,6,2,12,0,0,0,1,36,13034,6,7,0,0,1,0,72,999,0,0,0,0,0,0,0,0,0,0,0,0,0,0,1,2,55,3,2,2,1,0,0,14,62,1,1,1,51,1,0
36,360608,1,2,1,21,8,11,9,12,6,1,0,36,1,20,401,20401,14,2001,1GNDT13W31K2,1,G,N,D,T,1,3,W,3,1,K,2,0,0,0,000000000,00000000000,0,0,0,1,0,0,0,0,0,0,0,999,0,0,0,12,8,2,12,0,0,0,1,36,10940,6,1,0,0,3,0,64,999,1,0,0,0,0,4,2014,4,2014,0,38,39,0,0,3,3,35,1,1,2,1,3,3,1,17,1,1,1,83,1,0
36,360608,2,2,1,21,8,11,9,12,6,1,0,36,4,7,442,7442,20,2010,2D4RN4DE5AR3,2,D,4,R,N,4,D,E,5,A,R,3,0,0,0,000000000,00000000000,0,0,0,1,0,0,0,0,0,0,0,999,0,0,0,10,8,2,12,0,0,0,1,36,12586,6,1,0,0,3,3,72,999,0,0,0,0,0,0,0,0,0,0,0,0,0,0,3,3,35,1,1,2,1,3,3,11,15,1,1,1,82,0,0
36,360609,1,2,1,13,9,13,37,12,2,1,0,36,1,37,706,37706,80,2003,1HFSC52093A0,1,H,F,S,C,5,2,0,9,3,A,0,0,0,0,000000000,00000000000,0,0,0,1,0,0,0,0,0,0,0,999,0,0,0,12,6,2,12,0,0,0,1,36,12538,6,1,0,0,3,0,74,999,0,0,0,0,0,0,0,0,0,0,87,28,0,0,1,2,45,2,2,2,2,0,0,14,10,1,1,2,50,1,0
36,360609,2,2,1,13,9,13,37,12,2,1,0,36,2,2,404,2404,14,2011,1J4RR4GG0BC6,1,J,4,R,R,4,G,G,0,B,C,6,0,0,0,000000000,00000000000,0,0,0,1,0,0,0,0,0,0,0,999,0,0,0,12,6,2,12,0,0,0,1,36,12538,6,1,0,0,3,0,69,999,0,0,0,0,0,0,0,0,0,0,0,0,0,0,1,2,45,3,2,2,2,0,0,14,62,1,1,1,51,0,0
36,360610,1,2,2,12,9,9,40,12,6,1,0,36,1,35,49,35049,6,2003,JN8AZ08W93W2,J,N,8,A,Z,0,8,W,9,3,W,2,0,0,0,000000000,00000000000,0,0,0,1,0,0,0,0,0,0,0,999,0,0,0,81,8,2,12,0,0,0,1,36,11771,6,1,0,0,3,0,65,999,1,0,0,0,0,8,2013,8,2013,0,0,0,0,0,1,4,35,1,1,2,1,3,3,1,66,99,1,1,87,1,0
36,360610,2,2,1,12,9,9,40,12,6,1,0,36,1,2,403,2403,14,2010,1J4AA2D1XAL1,1,J,4,A,A,2,D,1,X,A,L,1,0,0,0,000000000,00000000000,0,0,0,1,0,0,0,0,0,0,0,999,0,0,0,12,8,2,12,0,0,0,1,36,11560,6,1,0,0,3,0,63,999,1,0,0,0,0,11,2013,11,2013,0,0,0,0,0,1,4,35,1,1,2,1,3,3,1,17,99,1,1,86,0,0
36,360611,1,2,1,15,9,13,0,12,2,1,0,36,1,49,40,49040,4,2011,4T4BF3EK1BR1,4,T,4,B,F,3,E,K,1,B,R,1,0,0,0,000000000,00000000000,0,0,0,1,0,0,0,0,0,0,0,999,0,0,0,12,8,2,12,0,0,0,1,36,13901,6,1,0,0,3,3,60,999,0,0,0,0,0,0,0,0,0,0,28,0,0,0,1,3,55,2,2,2,1,0,0,14,10,1,1,2,50,1,0
36,360611,2,2,1,15,9,13,0,12,2,1,0,36,1,18,4,18004,4,1996,1G4BT52P4TR4,1,G,4,B,T,5,2,P,4,T,R,4,0,0,0,000000000,00000000000,0,0,0,1,0,0,0,0,0,0,0,999,0,0,0,12,8,2,12,0,0,0,1,36,13901,6,1,0,0,3,3,60,999,0,0,0,0,0,0,0,0,0,0,0,0,0,0,1,3,55,3,2,2,1,0,0,14,62,1,1,1,51,1,0
36,360612,1,1,1,12,9,6,1,8,0,1,0,36,3,12,481,12481,31,2013,1FTFX1CF6DFC,1,F,T,F,X,1,C,F,6,D,F,C,0,0,0,000000000,00000000000,0,0,0,1,0,0,0,0,0,0,0,999,0,0,0,12,8,2,8,0,0,0,1,6,93907,6,1,0,0,3,0,72,195,0,0,0,0,0,0,0,0,0,0,0,0,0,0,3,3,50,1,1,2,1,0,0,1,80,99,1,1,13,0,0
36,360613,1,2,2,16,9,6,48,12,7,1,0,36,2,12,442,12442,20,2000,2FMZA5146YBC,2,F,M,Z,A,5,1,4,6,Y,B,C,0,0,0,000000000,00000000000,0,0,0,1,0,0,0,0,0,0,0,999,0,0,0,1,6,2,14,0,0,0,1,36,10467,0,0,0,0,0,0,67,999,0,1,0,0,0,9,2014,9,2014,3,28,33,0,0,1,2,98,1,1,2,1,0,0,6,61,1,1,2,44,1,0
36,360613,2,2,1,16,9,6,48,12,7,1,0,34,3,82,881,82881,66,2005,1FUBA5CG85LN,1,F,U,B,A,5,C,G,8,5,L,N,1,1,57,1661230,571661230,3,6,97,1,0,0,0,0,0,0,0,999,0,0,0,5,8,5,12,0,0,0,1,34,7011,6,1,6,1,3,0,72,999,1,0,0,0,1,3,2013,3,2013,0,0,0,0,0,1,2,98,1,1,2,1,0,0,1,53,1,1,1,45,0,0
36,360614,1,1,1,17,9,13,33,8,0,1,0,36,3,98,981,98981,52,2013,4RKYS92U2D45,4,R,K,Y,S,9,2,U,2,D,4,5,0,0,77,777777777,77777777777,3,21,22,1,0,0,0,0,6,3,0,999,0,0,0,83,8,3,8,0,0,0,1,36,11210,6,1,6,0,3,0,73,999,0,0,0,0,0,0,0,0,0,0,0,0,0,0,4,1,30,1,1,1,1,0,0,4,80,99,1,1,98,0,0
36,360615,1,1,2,18,9,0,25,42,0,1,0,36,1,2,404,2404,14,2009,1J8GR48K19C5,1,J,8,G,R,4,8,K,1,9,C,5,0,0,0,000000000,00000000000,0,0,0,1,0,0,0,0,0,0,0,999,0,0,0,12,6,2,30,0,0,0,1,36,11735,6,1,0,0,3,0,59,999,0,0,0,0,2,11,2012,6,2014,4,0,0,0,0,1,2,10,1,1,4,1,0,0,1,14,1,1,5,14,1,1
36,360616,1,1,3,18,9,22,43,30,0,1,0,36,2,52,46,52046,4,2014,JA32W8FV0EU0,J,A,3,2,W,8,F,V,0,E,U,0,0,0,0,000000000,00000000000,0,0,0,1,0,0,0,0,0,0,0,999,0,0,0,11,6,2,42,0,0,0,1,36,11368,6,1,0,0,3,0,74,999,0,0,0,0,0,0,0,0,0,5,8,0,0,0,1,4,30,1,1,2,1,0,0,15,12,99,1,4,6,2,0
36,360617,1,1,1,18,9,19,45,8,0,1,0,36,1,49,402,49402,14,2007,JTMZD33V2760,J,T,M,Z,D,3,3,V,2,7,6,0,0,0,0,000000000,00000000000,0,0,0,1,0,0,0,0,0,0,0,45,0,0,0,12,8,2,8,0,0,0,1,36,11944,6,1,6,0,3,3,74,999,0,0,0,0,0,0,0,0,0,0,0,0,0,0,1,2,50,1,1,1,1,0,0,1,80,99,1,1,13,0,0
36,360618,1,3,2,18,9,11,17,12,2,1,0,12,1,37,402,37402,14,2007,JHLRE38517C0,J,H,L,R,E,3,8,5,1,7,C,0,0,0,0,000000000,00000000000,0,0,0,1,0,0,0,0,0,0,0,999,0,0,0,12,8,2,12,0,0,0,1,36,11933,6,1,0,0,3,0,68,999,0,0,0,0,0,0,0,0,0,0,38,0,0,0,1,2,45,1,1,2,1,0,0,11,15,1,1,2,68,1,0
36,360618,2,3,1,18,9,11,17,12,2,1,0,36,1,32,402,32402,14,2011,WA1LFAFP2BA1,W,A,1,L,F,A,F,P,2,B,A,1,0,0,0,000000000,00000000000,0,0,0,1,0,0,0,0,0,0,0,999,0,0,0,12,8,2,12,0,0,0,1,36,11786,6,1,0,0,3,0,65,999,1,0,0,0,0,10,2011,10,2011,3,0,0,0,0,1,2,45,1,1,2,1,0,0,1,17,1,1,1,69,0,0
36,360618,3,3,1,18,9,11,17,12,2,1,0,36,1,37,31,37031,4,2009,2HGFA169X9H3,2,H,G,F,A,1,6,9,X,9,H,3,0,0,0,000000000,00000000000,0,0,0,1,0,0,0,0,0,0,0,999,0,0,0,9,2,5,54,0,0,0,1,36,11933,6,1,0,0,3,0,71,999,0,0,0,0,0,0,0,0,0,0,0,0,0,0,1,2,45,1,1,2,1,0,0,1,17,1,1,1,98,0,0
36,360619,1,1,1,18,9,21,30,14,0,1,0,36,1,2,403,2403,14,1997,1J4FY19S7VP4,1,J,4,F,Y,1,9,S,7,V,P,4,0,0,0,000000000,00000000000,0,0,0,1,0,0,0,0,0,0,0,50,0,1,1,12,6,2,1,0,0,0,1,36,12883,6,1,6,0,3,0,76,999,0,0,0,0,0,0,0,0,0,3,0,0,0,0,1,2,30,1,1,2,1,0,0,1,13,1,1,4,1,1,1
36,360620,1,1,1,18,9,23,54,35,0,1,0,36,1,37,31,37031,4,1995,1HGEG8552SL0,1,H,G,E,G,8,5,5,2,S,L,0,0,0,0,000000000,00000000000,0,0,0,1,0,0,0,0,0,0,0,999,0,0,0,61,8,2,42,0,0,0,1,36,12571,6,1,0,0,3,0,71,999,3,0,0,0,0,2,2012,5,2014,0,0,0,0,0,1,2,55,1,1,2,1,0,0,1,12,99,1,4,6,1,1
36,360621,1,2,2,17,8,13,41,12,6,1,0,42,1,18,2,18002,4,1997,1G4HP52K6VH5,1,G,4,H,P,5,2,K,6,V,H,5,0,0,0,000000000,00000000000,0,0,0,1,0,0,0,0,0,0,0,999,0,0,0,2,8,2,12,0,0,0,1,42,18830,6,1,0,0,3,3,71,999,0,0,0,0,0,0,0,0,0,0,38,0,0,0,1,3,45,1,1,2,1,3,3,11,15,1,1,2,68,0,0
36,360621,2,2,1,17,8,13,41,12,6,1,0,42,1,76,709,76709,80,2006,JYAVP11E46A0,J,Y,A,V,P,1,1,E,4,6,A,0,0,0,0,000000000,00000000000,0,0,0,1,0,0,0,0,0,0,0,999,0,0,0,12,8,2,12,0,0,0,1,42,18842,6,1,0,0,3,0,72,999,0,0,0,0,0,0,0,0,0,0,0,0,0,0,1,3,45,1,1,2,1,3,3,1,17,1,1,1,69,1,0
36,360622,1,1,1,19,9,13,30,8,0,1,0,36,2,49,442,49442,20,2002,4T3ZF19C12U4,4,T,3,Z,F,1,9,C,1,2,U,4,0,0,0,000000000,00000000000,0,0,0,1,0,0,0,0,0,0,0,999,0,0,0,6,0,3,8,0,0,0,1,36,10952,6,1,0,0,3,3,63,999,0,0,0,0,0,0,0,0,0,0,52,31,0,0,1,2,30,1,1,2,1,0,0,13,80,99,1,1,92,0,0
36,360623,1,1,1,21,9,3,6,53,0,1,0,36,1,18,2,18002,4,2001,1G4HP54K9142,1,G,4,H,P,5,4,K,9,1,4,2,0,0,0,000000000,00000000000,0,0,0,1,0,0,0,0,0,0,0,999,0,0,0,12,6,2,2,0,0,1,1,36,13114,6,1,0,0,3,0,71,999,0,0,0,0,0,0,0,0,0,4,0,0,0,0,1,2,55,3,3,2,1,0,0,14,11,1,1,5,1,1,1
36,360624,1,2,1,22,9,16,9,1,0,1,0,36,1,41,45,41045,1,2009,JM1NC25F4902,J,M,1,N,C,2,5,F,4,9,0,2,0,0,0,000000000,00000000000,0,0,0,1,0,0,0,0,0,0,0,999,0,0,0,10,8,2,12,0,0,0,1,36,11432,6,1,0,0,3,3,75,999,2,0,0,0,1,9,2012,3,2014,0,48,0,0,0,1,2,30,1,1,2,1,0,0,12,53,1,1,1,98,0,0
36,360624,2,2,1,22,9,16,9,1,0,1,0,36,1,76,709,76709,80,2006,JYARJ12E16A0,J,Y,A,R,J,1,2,E,1,6,A,0,0,0,0,000000000,00000000000,0,0,0,1,0,0,0,0,0,0,0,999,0,0,0,0,8,2,12,0,0,0,1,36,11375,6,1,0,0,2,0,72,999,0,0,0,0,1,5,2013,5,2013,3,0,0,0,0,1,2,30,1,1,2,1,0,0,1,51,1,1,1,98,1,0
36,360625,1,2,5,21,9,16,13,12,6,1,0,36,1,49,402,49402,14,2013,2T3RFREVXDW0,2,T,3,R,F,R,E,V,X,D,W,0,0,0,0,000000000,00000000000,0,0,0,1,0,0,0,0,0,0,0,999,0,0,0,82,8,2,12,0,0,0,1,36,11357,6,1,0,0,3,0,72,999,0,0,0,0,1,12,2013,12,2013,0,39,0,0,0,3,2,45,1,1,2,1,3,3,11,15,99,1,1,68,0,0
36,360625,2,2,2,21,9,16,13,12,6,1,0,36,2,12,16,12016,4,1998,2FAFP74W9WX1,2,F,A,F,P,7,4,W,9,W,X,1,0,0,0,000000000,00000000000,0,0,0,1,0,0,0,0,0,0,0,999,0,0,0,12,8,2,12,0,0,0,1,36,12553,6,1,0,0,3,3,72,999,0,0,0,0,0,0,0,0,0,0,0,0,0,0,3,2,45,1,1,2,1,3,3,1,62,99,1,1,69,1,0
36,360626,1,3,1,23,9,7,9,12,6,1,0,36,1,49,40,49040,4,2011,4T1BF3EK3BU1,4,T,1,B,F,3,E,K,3,B,U,1,0,0,0,000000000,00000000000,0,0,0,1,0,0,0,0,0,0,0,999,0,0,0,12,6,2,12,0,0,0,1,36,10704,6,1,0,0,3,3,71,999,0,0,0,0,0,0,0,0,0,3,39,50,0,0,3,2,98,1,1,2,1,3,3,1,54,1,1,1,74,1,0
36,360626,2,3,1,23,9,7,9,12,6,1,0,36,1,37,32,37032,4,2010,1HGCP3F80AA0,1,H,G,C,P,3,F,8,0,A,A,0,0,0,0,000000000,00000000000,0,0,0,1,0,0,0,0,0,0,0,999,0,0,0,7,4,5,12,0,0,0,1,36,11434,6,1,0,0,3,0,68,999,0,0,0,0,0,0,0,0,0,0,0,0,0,0,3,2,98,1,1,2,1,3,3,10,54,1,1,1,74,0,0
36,360626,3,3,1,23,9,7,9,12,6,1,0,36,3,86,881,86881,63,2014,1M2AX04C8EM0,1,M,2,A,X,0,4,C,8,E,M,0,0,0,77,777777777,77777777777,3,2,4,1,0,0,0,0,0,0,0,999,0,0,0,12,8,2,12,0,0,0,1,36,10461,6,1,6,2,3,0,70,999,0,0,0,0,0,0,0,0,0,0,0,0,0,0,3,2,98,1,1,2,1,3,3,1,55,1,1,1,98,0,0
36,360627,1,1,1,25,9,13,35,8,0,1,0,34,4,12,461,12461,21,2013,1FTNS2EW0DDA,1,F,T,N,S,2,E,W,0,D,D,A,0,0,0,000000000,00000000000,0,0,0,1,0,0,0,0,0,0,0,999,0,0,0,12,0,5,8,0,0,0,1,34,7643,6,1,0,0,3,0,67,999,0,0,0,0,2,11,2011,11,2013,0,0,0,0,0,4,1,30,1,1,2,2,2,3,11,80,1,1,1,13,0,0
36,360628,1,1,1,24,9,19,25,8,0,1,0,36,1,20,2,20002,4,2007,2G1WT55N9793,2,G,1,W,T,5,5,N,9,7,9,3,0,0,0,000000000,00000000000,0,0,0,1,0,0,0,0,0,0,0,999,0,0,0,12,8,2,8,0,0,0,1,36,14610,6,1,0,0,3,0,72,999,0,0,0,0,0,0,0,0,0,0,0,0,0,0,1,4,35,1,1,2,1,0,0,1,80,99,1,1,13,0,1
36,360629,1,2,1,21,9,11,42,12,6,1,0,36,1,18,2,18002,4,2000,1G4HP54K6Y41,1,G,4,H,P,5,4,K,6,Y,4,1,0,0,0,000000000,00000000000,0,0,0,1,0,0,0,0,0,0,0,999,0,0,0,9,8,2,12,0,0,0,1,36,14224,6,1,0,0,3,3,65,999,0,0,0,0,0,0,0,0,0,0,0,0,0,0,2,4,40,1,1,2,1,0,0,11,15,99,1,2,82,1,0
36,360629,2,2,2,21,9,11,42,12,6,1,0,36,1,12,481,12481,31,2012,1FTFW1EF0CFB,1,F,T,F,W,1,E,F,0,C,F,B,0,0,0,000000000,00000000000,0,0,0,1,0,0,0,0,0,0,0,999,0,0,0,12,8,2,12,0,0,0,1,36,14224,6,1,6,0,3,3,69,999,0,0,0,0,0,0,0,0,0,0,0,0,0,0,2,4,40,1,1,2,1,0,0,1,72,99,1,1,83,0,0
36,360630,1,1,1,26,9,22,3,1,0,1,0,36,1,73,705,73705,80,2001,JKAZXDP171A0,J,K,A,Z,X,D,P,1,7,1,A,0,0,0,0,000000000,00000000000,0,0,0,1,0,0,0,0,0,0,0,999,0,0,0,0,8,5,1,0,0,0,1,36,12211,6,1,0,0,3,0,70,999,0,5,1,0,3,10,2011,6,2013,4,0,0,0,0,3,2,45,1,2,2,1,0,0,1,5,1,1,1,98,1,0
36,360631,1,1,1,27,9,3,1,8,0,1,1,36,2,20,481,20481,31,2003,1GCHK29U53E2,1,G,C,H,K,2,9,U,5,3,E,2,0,0,0,000000000,00000000000,0,0,0,1,0,0,0,0,0,0,0,999,0,0,0,14,8,5,8,0,0,0,1,36,14858,6,1,0,0,3,0,71,999,0,2,1,0,0,9,2012,6,2013,0,0,0,0,0,1,2,55,1,2,2,1,0,0,1,80,1,1,1,13,0,1
36,360632,1,1,1,26,9,20,20,8,0,1,0,12,1,12,461,12461,21,2002,1FTRE14202HA,1,F,T,R,E,1,4,2,0,2,H,A,0,0,0,000000000,00000000000,0,0,0,1,0,0,0,0,0,0,0,50,0,0,0,12,8,3,8,0,0,0,1,36,14464,6,1,0,0,3,0,68,999,1,0,0,0,0,10,2013,10,2013,0,0,0,0,0,1,2,55,1,1,2,1,0,0,1,80,99,1,1,13,0,0
36,360633,1,2,1,26,9,23,17,12,2,1,0,36,2,99,709,99709,80,2012,999999999999,9,9,9,9,9,9,9,9,9,9,9,9,0,0,0,000000000,00000000000,0,0,0,1,0,0,0,0,0,0,0,999,0,0,0,12,6,2,12,0,0,0,1,36,13073,6,1,0,0,3,0,70,999,0,0,0,0,0,0,0,0,0,0,51,0,0,0,1,2,55,1,1,2,1,0,0,1,98,99,1,1,52,1,1
36,360633,2,2,2,26,9,23,17,12,2,1,0,36,2,76,739,76739,90,1998,999999999999,9,9,9,9,9,9,9,9,9,9,9,9,0,0,0,000000000,00000000000,0,0,0,1,0,0,0,0,0,0,0,999,0,0,0,12,8,2,12,0,0,0,1,36,13073,6,1,0,0,3,0,66,999,0,0,0,0,0,0,0,0,0,5,0,0,0,0,1,2,55,1,1,2,1,0,0,1,54,99,1,1,52,2,1
36,360634,1,1,3,25,5,3,33,42,0,1,0,36,2,54,35,54035,4,2013,19UUA8F51DA0,1,9,U,U,A,8,F,5,1,D,A,0,0,0,0,000000000,00000000000,0,0,0,1,0,0,0,0,0,0,0,84,0,0,0,3,6,2,42,0,0,0,1,36,11210,0,0,0,0,0,0,999,999,99,99,99,99,99,99,9999,99,9999,3,28,0,0,0,3,2,30,1,1,2,2,0,0,1,12,1,4,5,7,1,0
36,360635,1,1,1,27,9,23,31,8,0,1,1,99,9,99,999,99999,99,9999,999999999999,9,9,9,9,9,9,9,9,9,9,9,9,0,0,0,000000000,00000000000,0,0,0,1,0,0,0,0,0,0,0,999,0,0,0,99,9,9,8,0,0,0,1,99,99999,9,9,99,9,9,9,999,999,99,99,99,99,99,99,9999,99,9999,0,0,0,0,0,1,2,30,1,1,2,1,0,0,99,80,99,9,2,13,0,0
36,360636,1,1,1,6,7,21,35,9,0,1,0,36,2,30,402,30402,14,2010,WVGAV7AX6AW5,W,V,G,A,V,7,A,X,6,A,W,5,0,0,0,000000000,00000000000,0,0,0,1,0,0,0,0,0,0,0,999,0,0,0,12,8,3,9,0,0,0,1,34,8742,6,1,0,0,3,0,65,999,0,0,0,0,2,2,2012,4,2012,0,0,0,0,0,4,2,30,2,5,2,1,0,0,14,83,99,1,1,13,0,0
36,360637,1,1,1,26,7,6,38,8,0,1,1,36,2,35,402,35402,14,2004,5N1ED28Y74C6,5,N,1,E,D,2,8,Y,7,4,C,6,0,0,0,000000000,00000000000,0,0,0,1,0,0,0,0,0,0,0,999,0,0,0,12,8,5,8,0,0,0,1,36,13812,6,1,0,0,3,0,71,999,0,0,0,0,1,7,2012,7,2012,0,28,0,0,0,1,2,55,1,1,2,1,0,0,1,10,1,1,2,13,0,0
36,360638,1,1,1,23,7,10,18,8,0,1,0,36,1,55,35,55035,4,2013,KMHDH4AE0DU6,K,M,H,D,H,4,A,E,0,D,U,6,0,0,0,000000000,00000000000,0,0,0,1,0,0,0,0,0,0,0,998,0,0,0,12,8,3,8,0,0,0,1,36,11783,6,1,0,0,3,3,70,999,0,0,0,0,0,0,0,0,0,0,0,0,0,0,1,2,98,1,1,2,1,0,0,1,80,1,1,1,13,0,0
36,360639,1,1,2,16,7,21,26,8,0,1,0,36,1,37,402,37402,14,2012,5J6RM4H3XCL0,5,J,6,R,M,4,H,3,X,C,L,0,0,0,0,000000000,00000000000,0,0,0,1,0,0,0,0,0,0,0,999,0,0,0,12,8,3,8,0,0,0,1,36,10952,6,1,0,0,3,0,65,999,0,0,0,0,0,0,0,0,0,0,0,0,0,0,1,2,30,1,1,2,1,0,0,1,80,1,1,1,13,0,0
36,360640,1,1,1,13,9,2,33,33,0,1,0,36,1,20,2,20002,4,2006,2G1WC5812691,2,G,1,W,C,5,8,1,2,6,9,1,0,0,0,000000000,00000000000,0,0,0,1,0,0,0,0,0,0,0,50,0,0,0,14,8,2,42,0,0,0,1,36,14212,6,1,0,0,3,0,73,999,0,0,0,0,0,0,0,0,0,3,0,0,0,0,4,1,30,3,1,2,1,0,0,14,12,99,1,4,6,1,1
36,360641,1,2,1,26,9,19,4,12,6,1,0,36,1,48,34,48034,4,1999,4S3BD675XX62,4,S,3,B,D,6,7,5,X,X,6,2,0,0,0,000000000,00000000000,0,0,0,1,0,0,0,0,0,0,0,999,0,1,5,12,6,2,1,0,0,0,1,36,12419,6,1,0,0,3,0,73,999,0,0,0,0,0,0,0,0,0,0,39,0,0,0,1,2,30,1,2,2,1,20,3,1,17,99,1,1,88,0,1
36,360641,2,2,2,26,9,19,4,12,6,1,0,36,1,2,405,2405,14,2006,1J4GL48K96W1,1,J,4,G,L,4,8,K,9,6,W,1,0,0,0,000000000,00000000000,0,0,0,1,0,0,0,0,0,0,0,999,0,0,0,62,6,2,12,0,0,0,1,36,12419,6,1,0,0,3,3,64,999,0,0,0,0,0,0,0,0,0,0,0,0,0,0,1,2,30,1,2,2,1,20,3,1,66,99,1,1,89,1,0
36,360642,1,2,1,23,9,2,40,12,1,1,0,36,1,76,706,76706,80,2001,JYARN05E81A0,J,Y,A,R,N,0,5,E,8,1,A,0,0,0,0,000000000,00000000000,0,0,0,1,0,0,0,0,0,0,0,0,0,0,0,6,6,2,12,0,0,0,1,36,10452,6,1,0,0,3,0,67,999,0,6,0,0,1,11,2012,1,2013,0,0,0,0,0,3,3,40,1,2,2,1,0,0,7,53,99,1,1,21,1,1
36,360642,2,2,1,23,9,2,40,12,1,1,0,36,3,49,40,49040,4,2012,4T1BF1FK8CU0,4,T,1,B,F,1,F,K,8,C,U,0,0,0,0,000000000,00000000000,0,0,0,1,0,0,0,0,0,0,0,999,0,0,0,12,8,2,12,0,0,0,1,36,10033,6,1,0,0,3,0,67,999,0,0,0,0,5,3,2013,8,2014,0,0,0,0,0,3,3,40,1,2,2,1,0,0,1,50,99,1,1,20,0,0
36,360643,1,1,1,25,9,16,0,8,0,1,0,36,1,35,401,35401,14,2002,JN8DR09Y62W7,J,N,8,D,R,0,9,Y,6,2,W,7,0,0,0,000000000,00000000000,0,0,0,1,0,0,0,0,0,0,0,999,0,0,0,98,8,8,8,0,0,0,1,36,11210,6,1,0,0,3,0,64,999,0,0,0,0,0,0,0,0,0,9,0,0,0,0,4,2,30,1,1,2,98,0,0,13,80,99,9,9,92,0,0
36,360644,1,1,1,28,9,3,32,8,0,1,1,99,9,99,999,99999,99,9999,999999999999,9,9,9,9,9,9,9,9,9,9,9,9,0,0,0,000000000,00000000000,0,0,0,1,0,0,0,0,0,0,0,999,0,0,0,12,9,5,8,0,0,0,1,99,99999,9,9,99,9,9,9,999,999,99,99,99,99,99,99,9999,99,9999,0,0,0,0,0,4,4,30,1,1,2,1,0,0,1,80,99,1,1,13,0,0
36,360645,1,1,1,28,9,0,41,42,0,1,0,36,1,20,24,20024,6,2012,1GNKVGED3CJ1,1,G,N,K,V,G,E,D,3,C,J,1,0,0,0,000000000,00000000000,0,0,0,1,0,0,0,0,0,0,0,999,0,0,0,12,8,2,42,0,0,0,1,36,14775,6,1,0,0,3,0,66,999,0,0,0,0,0,0,0,0,0,0,0,0,0,0,1,2,55,3,1,2,1,0,0,14,13,99,1,4,1,1,1
36,360646,1,1,1,28,9,15,13,1,0,1,0,36,1,69,398,69398,1,9999,999999999999,9,9,9,9,9,9,9,9,9,9,9,9,0,0,0,000000000,00000000000,0,0,0,1,0,0,0,0,0,0,0,998,0,2,1,0,6,2,1,0,0,0,1,36,12545,6,1,0,0,3,0,65,999,0,0,0,0,0,0,0,0,0,0,80,0,0,0,1,2,55,1,1,2,1,0,0,1,1,99,3,2,98,1,0
36,360647,1,1,1,28,9,1,57,11,0,1,0,36,1,72,706,72706,80,2012,1HD1JNV14CB0,1,H,D,1,J,N,V,1,4,C,B,0,0,0,0,000000000,00000000000,0,0,0,1,0,0,0,0,0,0,0,999,0,0,0,12,8,2,11,0,0,0,1,36,14843,6,1,0,0,3,3,69,999,0,0,0,0,0,0,0,0,0,0,0,0,0,0,1,2,55,1,1,2,1,0,0,1,87,99,1,1,13,1,0
36,360648,1,2,1,29,9,7,16,12,2,1,0,36,1,22,16,22016,2,2000,1G2JB1245Y72,1,G,2,J,B,1,2,4,5,Y,7,2,0,0,0,000000000,00000000000,0,0,0,1,0,0,0,0,0,0,0,999,0,0,0,12,8,2,12,0,0,0,1,36,14126,6,1,0,0,3,0,63,999,0,0,0,0,0,0,0,0,0,0,28,0,0,0,1,2,55,1,1,2,1,0,0,1,11,1,1,2,50,1,0
36,360648,2,2,1,29,9,7,16,12,2,1,0,36,2,49,40,49040,4,2012,4T1BD1FK7CU0,4,T,1,B,D,1,F,K,7,C,U,0,0,0,0,000000000,00000000000,0,0,0,1,0,0,0,0,0,0,0,999,0,0,0,12,8,2,12,0,0,0,1,36,14028,6,1,0,0,3,0,66,999,0,0,0,0,0,0,0,0,0,0,0,0,0,0,1,2,55,1,1,2,1,0,0,1,62,1,1,1,51,1,0