STATE,ST_CASE,VEH_NO,VE_FORMS,NUMOCCS,DAY,MONTH,HOUR,MINUTE,HARM_EV,MAN_COLL,UNITTYPE,HIT_RUN,REG_STAT,OWNER,MAKE,MODEL,MAK_MOD,BODY_TYP,MOD_YEAR,VIN,VIN_1,VIN_2,VIN_3,VIN_4,VIN_5,VIN_6,VIN_7,VIN_8,VIN_9,VIN_10,VIN_11,VIN_12,TOW_VEH,J_KNIFE,MCARR_I1,MCARR_I2,MCARR_ID,GVWR,V_CONFIG,CARGO_BT,HAZ_INV,HAZ_PLAC,HAZ_ID,HAZ_CNO,HAZ_REL,BUS_USE,SPEC_USE,EMER_USE,TRAV_SP,UNDERIDE,ROLLOVER,ROLINLOC,IMPACT1,DEFORMED,TOWED,M_HARM,VEH_SC1,VEH_SC2,FIRE_EXP,DR_PRES,L_STATE,DR_ZIP,L_STATUS,L_TYPE,CDL_STAT,L_ENDORS,L_COMPL,L_RESTRI,DR_HGT,DR_WGT,PREV_ACC,PREV_SUS,PREV_DWI,PREV_SPD,PREV_OTH,FIRST_MO,FIRST_YR,LAST_MO,LAST_YR,SPEEDREL,DR_SF1,DR_SF2,DR_SF3,DR_SF4,VTRAFWAY,VNUM_LAN,VSPD_LIM,VALIGN,VPROFILE,VPAVETYP,VSURCOND,VTRAFCON,VTCONT_F,P_CRASH1,P_CRASH2,P_CRASH3,PCRASH4,PCRASH5,ACC_TYPE,DEATHS,DR_DRINK
36,360649,1,2,1,29,9,16,33,12,2,1,0,36,3,82,881,82881,60,2013,4UZAARDU2DCB,4,U,Z,A,A,R,D,U,2,D,C,B,0,0,57,265752,57265752,2,1,1,1,0,0,0,0,0,0,0,999,0,0,0,12,6,2,12,0,0,0,1,36,13088,6,1,0,0,3,0,69,999,0,0,0,0,0,0,0,0,0,0,28,0,0,0,1,2,55,1,2,2,1,0,0,1,11,1,1,2,50,1,0
36,360649,2,2,2,29,9,16,33,12,2,1,0,36,2,37,31,37031,4,2013,2HGFB2F50DH5,2,H,G,F,B,2,F,5,0,D,H,5,0,0,0,000000000,00000000000,0,0,0,1,0,0,0,0,0,0,0,999,0,0,0,12,6,2,12,0,0,0,1,36,13204,6,1,0,0,3,3,59,999,0,0,0,0,0,0,0,0,0,0,0,0,0,0,1,2,55,1,2,2,1,0,0,1,62,1,1,1,51,2,0
36,360650,1,1,2,25,8,5,59,53,0,1,0,36,1,73,705,73705,80,1988,JKAZX4C16JB5,J,K,A,Z,X,4,C,1,6,J,B,5,0,0,0,000000000,00000000000,0,0,0,1,0,0,0,0,0,0,0,999,0,0,0,12,6,2,1,0,0,0,1,36,13440,6,1,0,0,3,3,64,999,0,0,0,0,1,11,2011,11,2011,0,0,0,0,0,1,2,40,2,1,2,1,0,0,14,12,99,1,4,6,2,1
36,360651,1,2,1,29,9,8,58,12,2,1,0,36,1,20,2,20002,4,2014,2G1155S30E91,2,G,1,1,5,5,S,3,0,E,9,1,0,0,0,000000000,00000000000,0,0,0,1,0,0,0,0,0,0,0,999,0,0,0,12,6,2,12,0,0,0,1,36,13334,6,1,0,0,3,3,74,999,0,0,0,0,0,0,0,0,0,0,28,0,0,0,1,2,55,3,2,2,1,0,0,14,11,1,1,2,50,1,0
36,360651,2,2,1,29,9,8,58,12,2,1,0,36,3,86,881,86881,63,1996,1M2AD09C5TW0,1,M,2,A,D,0,9,C,5,T,W,0,0,0,57,11360203,5711360203,3,2,4,1,0,0,0,0,0,0,0,999,0,1,1,12,6,2,1,0,0,0,1,36,13021,6,1,6,2,3,0,74,999,0,0,0,0,0,0,0,0,0,0,0,0,0,0,1,2,55,2,2,2,1,0,0,14,62,7,1,1,51,0,0
36,360652,1,1,1,29,9,8,2,24,0,1,0,36,1,76,709,76709,80,2013,JYARN27E5DA0,J,Y,A,R,N,2,7,E,5,D,A,0,0,0,0,000000000,00000000000,0,0,0,1,0,0,0,0,0,0,0,999,0,0,0,9,8,2,24,0,0,0,1,36,13753,6,1,0,0,2,0,69,999,0,0,0,1,0,7,2013,7,2013,4,0,0,0,0,1,2,30,2,6,2,2,0,0,14,12,1,1,5,6,1,0
36,360653,1,2,2,12,7,16,33,12,1,1,0,36,1,37,441,37441,20,2009,5FNRL38479B4,5,F,N,R,L,3,8,4,7,9,B,4,0,0,0,000000000,00000000000,0,0,0,1,0,0,0,0,0,0,0,999,0,0,0,6,8,2,12,0,0,0,1,36,11762,6,1,0,0,3,3,65,999,0,0,0,0,0,0,0,0,0,0,0,0,0,0,3,4,55,1,3,2,1,0,0,2,53,99,1,1,29,0,0
36,360653,2,2,1,12,7,16,33,12,1,1,0,36,1,53,705,53705,80,2007,JS1GN7DA4721,J,S,1,G,N,7,D,A,4,7,2,1,0,0,0,000000000,00000000000,0,0,0,1,0,0,0,0,0,0,0,999,0,0,0,12,6,2,12,0,0,0,1,36,11553,6,1,0,0,3,3,63,999,2,0,0,0,1,5,2013,11,2013,0,26,0,0,0,3,4,55,1,3,2,1,0,0,1,51,99,1,1,28,1,0
36,360654,1,1,2,1,10,3,14,8,0,1,0,36,1,12,461,12461,21,2002,1FTSS34L22HB,1,F,T,S,S,3,4,L,2,2,H,B,0,0,0,000000000,00000000000,0,0,0,1,0,0,0,0,0,0,0,999,0,0,0,12,8,5,8,0,0,0,1,36,11753,6,1,0,0,3,0,67,999,0,0,0,0,0,0,0,0,0,0,0,0,0,0,3,4,50,1,1,2,2,0,0,1,80,1,1,1,13,0,0
36,360655,1,1,1,30,9,17,40,8,0,1,0,36,3,12,461,12461,21,2005,1FMRE11L65HA,1,F,M,R,E,1,1,L,6,5,H,A,0,0,0,000000000,00000000000,0,0,0,1,0,0,0,0,0,0,0,999,0,0,0,12,8,5,8,0,0,0,1,36,10701,6,1,0,0,3,3,69,999,0,0,0,0,0,0,0,0,0,0,0,0,0,0,3,3,50,1,2,2,2,0,0,1,80,99,1,1,13,0,0
36,360656,1,1,2,30,9,5,50,9,0,1,0,36,2,49,50,49050,3,2010,JTKDE3B77A03,J,T,K,D,E,3,B,7,7,A,0,3,0,0,0,000000000,00000000000,0,0,0,1,0,0,0,0,0,0,0,999,0,0,0,1,8,5,9,0,0,0,1,36,11553,6,1,0,0,3,0,70,999,0,0,0,0,0,0,0,0,0,0,0,0,0,0,1,2,30,1,1,2,1,0,0,1,83,99,1,1,13,0,0
36,360657,1,1,2,1,10,0,50,31,0,1,0,36,1,72,706,72706,80,2006,1HD1JAB166Y0,1,H,D,1,J,A,B,1,6,6,Y,0,0,0,0,000000000,00000000000,0,0,0,1,0,0,0,0,0,0,0,999,0,0,0,12,6,2,19,0,0,0,1,36,12157,6,1,0,0,3,0,72,999,0,0,0,0,1,11,2012,11,2012,4,0,0,0,0,1,2,45,3,1,2,1,0,0,14,13,1,1,5,1,1,1
36,360658,1,1,2,1,10,17,17,42,0,1,0,36,1,20,37,20037,4,2013,2G1WC5E36D12,2,G,1,W,C,5,E,3,6,D,1,2,0,0,0,000000000,00000000000,0,0,0,1,0,0,0,0,0,0,0,999,0,0,0,9,6,2,42,0,0,0,1,36,13132,6,1,0,0,3,0,68,999,0,0,0,0,0,0,0,0,0,5,0,0,0,0,1,2,55,3,2,2,1,0,0,14,12,99,1,4,6,1,0
36,360659,1,1,1,2,10,19,35,30,0,1,0,36,1,20,481,20481,31,2003,1GCEK14T33Z1,1,G,C,E,K,1,4,T,3,3,Z,1,0,0,0,000000000,00000000000,0,0,0,1,0,0,0,0,0,0,0,999,0,0,0,12,8,2,30,0,0,0,1,36,13040,6,1,0,0,3,0,72,999,1,0,0,0,0,10,2013,10,2013,5,0,0,0,0,1,2,55,1,1,2,1,0,0,1,12,99,1,4,6,1,0
36,360660,1,1,1,5,10,5,11,24,0,1,0,36,1,37,705,37705,80,2007,JH2PC400X7M0,J,H,2,P,C,4,0,0,X,7,M,0,0,0,0,000000000,00000000000,0,0,0,1,0,0,0,0,0,0,0,999,0,0,0,99,6,2,24,0,0,0,1,36,11238,6,1,0,0,3,0,71,999,0,0,0,0,1,7,2012,7,2012,4,0,0,0,0,6,1,25,2,5,2,1,0,0,14,12,99,3,4,7,1,1
36,360661,1,2,5,5,10,20,37,12,6,1,0,36,2,35,47,35047,4,2013,1N4AL3AP6DN4,1,N,4,A,L,3,A,P,6,D,N,4,0,0,0,000000000,00000000000,0,0,0,1,0,0,0,0,0,0,0,999,0,0,0,4,8,2,12,0,0,0,1,36,10980,6,1,0,0,3,0,68,999,0,0,0,0,0,0,0,0,0,0,0,0,0,0,1,2,30,1,3,2,1,0,0,11,15,1,1,2,68,0,0
36,360661,2,2,1,5,10,20,37,12,6,1,0,92,0,72,706,72706,80,2011,1HD1GP418BC3,1,H,D,1,G,P,4,1,8,B,C,3,0,0,0,000000000,00000000000,0,0,0,1,0,0,0,0,0,0,0,999,0,0,0,12,8,2,12,0,0,0,1,36,10980,6,1,0,0,2,0,72,999,0,0,0,0,0,0,0,0,0,4,0,0,0,0,1,2,30,1,3,2,1,0,0,1,63,1,1,1,69,1,1
36,360662,1,3,1,5,10,15,7,12,2,1,0,36,2,49,32,49032,4,2007,2T1BR30E87C7,2,T,1,B,R,3,0,E,8,7,C,7,0,0,0,000000000,00000000000,0,0,0,1,0,0,0,0,0,0,0,999,0,0,0,12,6,2,12,0,0,0,1,36,13501,6,1,0,0,3,0,63,999,0,0,0,0,0,0,0,0,0,0,28,0,0,0,1,4,35,1,1,2,1,0,0,1,10,99,1,2,50,1,0
36,360662,2,3,1,5,10,15,7,12,2,1,0,36,1,7,442,7442,20,2010,2D4RN4DE9AR3,2,D,4,R,N,4,D,E,9,A,R,3,0,0,0,000000000,00000000000,0,0,0,1,0,0,0,0,0,0,0,999,0,0,0,12,8,2,12,0,0,0,1,36,13340,6,1,0,0,3,0,63,999,0,0,0,0,0,0,0,0,0,0,0,0,0,0,1,4,35,1,1,2,1,0,0,1,62,99,1,1,51,0,0
36,360662,3,3,2,5,10,15,7,12,2,1,0,36,1,12,481,12481,31,2004,1FTPW14534FA,1,F,T,P,W,1,4,5,3,4,F,A,0,0,0,000000000,00000000000,0,0,0,1,0,0,0,0,0,0,0,999,0,0,0,12,8,2,12,0,0,0,1,36,13340,6,1,0,0,3,0,70,999,0,2,0,0,0,6,2012,12,2012,0,0,0,0,0,1,4,35,1,1,2,1,0,0,1,62,99,1,1,98,0,0
36,360663,1,1,2,24,8,7,4,8,0,1,1,36,2,12,3,12003,2,2012,1ZVBP8CF9C52,1,Z,V,B,P,8,C,F,9,C,5,2,0,0,0,000000000,00000000000,0,0,0,1,0,0,0,0,0,0,0,999,0,0,0,12,4,5,8,0,0,0,1,36,14212,6,1,0,0,3,0,70,999,0,0,0,0,0,0,0,0,0,0,39,0,0,0,1,2,35,1,1,2,1,98,3,1,13,1,1,5,1,0,0
36,360664,1,1,1,6,10,19,19,8,0,1,0,36,2,12,401,12401,14,2002,1FMZU73W22UA,1,F,M,Z,U,7,3,W,2,2,U,A,0,0,0,000000000,00000000000,0,0,0,1,0,0,0,0,0,0,0,999,0,0,0,12,8,5,8,0,0,0,1,24,21231,6,1,0,0,3,0,64,140,0,0,0,0,1,1,2013,1,2013,0,0,0,0,0,1,2,30,1,1,2,1,0,0,1,80,99,1,1,13,0,0
36,360665,1,1,1,26,4,12,40,31,0,1,0,36,1,52,37,52037,1,2005,4A3AE75H15E0,4,A,3,A,E,7,5,H,1,5,E,0,0,0,0,000000000,00000000000,0,0,0,1,0,0,0,0,0,0,0,999,0,0,0,12,8,2,31,0,0,0,1,36,14006,6,1,0,0,3,3,70,999,0,0,0,0,0,0,0,0,0,0,0,0,0,0,1,4,55,1,1,2,1,0,0,1,12,99,1,4,6,1,0
36,360666,1,1,1,23,9,4,27,53,0,1,0,36,1,24,401,24401,14,2006,5GZCZ63406S8,5,G,Z,C,Z,6,3,4,0,6,S,8,0,0,0,000000000,00000000000,0,0,0,1,0,0,0,0,0,0,0,999,0,0,0,12,8,2,42,0,0,0,1,36,13478,1,1,0,0,2,0,68,999,0,9,0,1,0,2,2012,8,2014,0,0,0,0,0,1,2,55,2,1,2,1,0,0,14,12,1,1,5,6,1,1
36,360667,1,1,1,8,10,0,41,8,0,1,0,36,1,24,7,24007,4,2003,1G8AJ52F23Z1,1,G,8,A,J,5,2,F,2,3,Z,1,0,0,0,000000000,00000000000,0,0,0,1,0,0,0,0,0,0,0,999,0,0,0,82,8,2,8,0,0,0,1,36,12061,6,1,0,0,3,3,69,999,0,0,0,0,0,0,0,0,0,0,0,0,0,0,1,4,40,1,2,2,1,0,0,1,80,99,1,1,13,0,0
36,360668,1,2,1,24,8,10,37,12,1,1,0,36,1,76,706,76706,80,2005,JYARN13E45A0,J,Y,A,R,N,1,3,E,4,5,A,0,0,0,0,000000000,00000000000,0,0,0,1,0,0,0,0,0,0,0,998,0,0,0,12,6,2,12,0,0,0,1,36,10453,6,1,0,0,3,0,72,999,0,0,0,0,0,0,0,0,0,3,27,0,0,0,3,3,98,1,1,2,1,0,0,6,51,1,1,1,24,1,1
36,360668,2,2,3,24,8,10,37,12,1,1,0,36,2,41,441,41441,20,2006,JM3LW28A0605,J,M,3,L,W,2,8,A,0,6,0,5,0,0,0,000000000,00000000000,0,0,0,1,0,0,0,0,0,0,0,998,0,0,0,6,4,5,12,0,0,0,1,36,10469,6,1,6,0,3,0,61,999,0,0,0,0,0,0,0,0,0,0,0,0,0,0,3,3,98,1,1,2,2,0,0,1,53,1,1,1,25,0,0
36,360669,1,1,1,8,10,21,18,9,0,1,0,36,3,98,907,98907,52,2009,1VHHH3P27967,1,V,H,H,H,3,P,2,7,9,6,7,0,0,77,777777777,77777777777,2,21,22,1,0,0,0,0,6,3,0,999,0,0,0,12,0,5,9,0,0,0,1,36,10467,6,1,6,1,3,0,67,999,0,0,0,0,0,0,0,0,0,0,38,0,0,0,1,2,98,1,2,2,1,0,0,11,83,1,1,2,13,0,0
36,360670,1,2,1,8,10,11,46,12,6,1,0,36,1,20,37,20037,4,2003,1G1NE52J73M6,1,G,1,N,E,5,2,J,7,3,M,6,0,0,0,000000000,00000000000,0,0,0,1,0,0,0,0,0,0,0,999,0,0,0,9,8,2,12,0,0,0,1,36,14623,6,1,0,0,3,3,63,999,0,0,0,0,0,0,0,0,0,0,38,0,0,0,1,2,35,1,1,2,2,20,3,11,15,1,1,1,82,0,0
36,360670,2,2,1,8,10,11,46,12,6,1,0,36,1,72,706,72706,80,1993,1HD1BKL17PY0,1,H,D,1,B,K,L,1,7,P,Y,0,0,0,0,000000000,00000000000,0,0,0,1,0,0,0,0,0,0,0,35,0,0,0,12,8,2,12,0,0,0,1,36,14450,6,1,0,0,3,3,66,999,0,0,0,0,0,0,0,0,0,0,0,0,0,0,1,2,35,1,1,2,2,0,0,1,55,98,7,1,83,1,0
36,360671,1,1,1,11,10,2,59,42,0,1,0,36,2,20,481,20481,31,2003,1GCEK14T73Z1,1,G,C,E,K,1,4,T,7,3,Z,1,0,0,0,000000000,00000000000,0,0,0,1,0,0,0,0,0,0,0,999,0,1,6,12,6,2,42,0,0,0,1,36,13677,6,1,0,0,3,0,69,999,0,0,0,0,1,5,2013,5,2013,4,0,0,0,0,1,2,55,3,2,2,1,0,0,14,13,6,1,5,1,1,1
36,360672,1,1,1,10,10,21,45,42,0,1,0,36,1,72,706,72706,80,2012,1HD1PR818CB9,1,H,D,1,P,R,8,1,8,C,B,9,0,0,0,000000000,00000000000,0,0,0,1,0,0,0,0,0,0,0,35,0,0,0,12,8,2,42,0,0,0,1,36,10950,6,1,0,0,3,3,68,999,0,0,0,0,0,0,0,0,0,4,0,0,0,0,1,2,40,3,2,2,1,0,0,14,13,1,1,5,1,1,0
36,360673,1,3,1,8,10,17,20,12,2,1,0,36,1,22,20,22020,2,2002,1G2WP12K62F2,1,G,2,W,P,1,2,K,6,2,F,2,0,0,0,000000000,00000000000,0,0,0,1,0,0,0,0,0,0,0,999,0,0,0,12,6,2,12,0,0,0,1,36,14221,6,1,0,0,3,3,67,999,0,0,0,0,0,0,0,0,0,3,27,28,0,0,5,5,45,1,1,2,1,0,0,6,10,99,1,2,50,1,0
36,360673,2,3,1,8,10,17,20,12,2,1,0,36,3,12,481,12481,31,2014,1FTMF1EM0EKD,1,F,T,M,F,1,E,M,0,E,K,D,0,0,0,000000000,00000000000,0,0,0,1,0,0,0,0,0,0,0,999,0,0,0,12,6,2,12,0,0,0,1,36,14225,6,1,0,0,3,3,70,999,1,1,0,0,0,3,2012,2,2013,0,0,0,0,0,5,5,45,1,1,2,1,0,0,1,62,99,1,1,51,0,0
36,360673,3,3,3,8,10,17,20,12,2,1,0,36,2,30,46,30046,4,2003,WVWRH63B43P3,W,V,W,R,H,6,3,B,4,3,P,3,0,0,0,000000000,00000000000,0,0,0,1,0,0,0,0,0,0,0,999,0,0,0,12,8,2,12,0,0,0,1,36,14086,6,1,0,0,3,0,64,999,0,0,0,1,0,9,2013,9,2013,0,0,0,0,0,5,5,45,1,1,2,1,0,0,1,98,99,1,1,98,0,0
36,360674,1,1,1,10,10,16,16,42,0,1,0,36,1,2,405,2405,14,2009,1J8GN28K89W5,1,J,8,G,N,2,8,K,8,9,W,5,0,0,0,000000000,00000000000,0,0,0,1,0,0,0,0,0,0,0,999,0,0,0,12,8,2,42,0,0,0,1,36,12133,6,1,0,0,3,3,66,999,1,0,0,0,0,3,2013,3,2013,0,0,0,0,0,1,2,55,3,5,2,1,0,0,14,13,1,1,5,1,1,0
36,360675,1,1,1,12,10,18,48,34,0,1,0,92,0,37,733,37733,90,1998,999999999999,9,9,9,9,9,9,9,9,9,9,9,9,0,0,0,000000000,00000000000,0,0,0,1,0,0,0,0,0,0,0,999,0,1,6,12,8,5,1,0,0,0,1,36,11763,6,1,0,0,1,0,68,999,1,0,0,0,1,12,2011,6,2014,0,0,0,0,0,1,2,55,1,2,2,1,0,0,1,13,1,1,5,1,1,1
36,360676,1,1,1,7,10,15,3,25,0,1,0,36,1,49,403,49403,14,2005,JTEEP21A2501,J,T,E,E,P,2,1,A,2,5,0,1,0,0,0,000000000,00000000000,0,0,0,1,0,0,0,0,0,0,0,999,0,0,0,12,8,2,25,0,0,0,1,36,11364,6,1,0,0,3,3,72,999,1,0,0,0,0,6,2012,6,2012,0,0,0,0,0,3,3,50,1,1,2,1,0,0,1,98,99,1,4,98,1,0
36,360677,1,1,1,13,7,20,25,8,0,1,0,36,1,35,50,35050,4,2014,3N1CN7AP6EL8,3,N,1,C,N,7,A,P,6,E,L,8,0,0,0,000000000,00000000000,0,0,0,1,0,0,0,0,0,0,0,50,0,0,0,12,8,2,8,0,0,0,1,36,11717,6,1,0,0,3,0,76,999,0,1,0,0,0,4,2014,4,2014,0,0,0,0,0,1,2,30,1,1,2,1,0,0,1,80,99,1,1,13,0,0
36,360678,1,1,1,13,10,19,31,8,0,1,0,36,3,7,442,7442,20,2014,2C4RDGBG4ER1,2,C,4,R,D,G,B,G,4,E,R,1,0,0,0,000000000,00000000000,0,0,0,1,0,0,0,0,0,0,0,999,0,0,0,12,8,2,8,0,0,0,1,36,13104,6,1,0,0,3,0,72,999,0,0,0,0,0,0,0,0,0,0,0,0,0,0,1,3,40,1,1,2,2,2,3,1,80,1,1,1,13,0,0
36,360679,1,1,1,14,10,4,7,8,0,1,0,36,2,2,404,2404,14,2003,1J4GW48SX3C5,1,J,4,G,W,4,8,S,X,3,C,5,0,0,0,000000000,00000000000,0,0,0,1,0,0,0,0,0,0,0,999,0,0,0,12,0,5,8,0,0,0,1,36,11208,6,1,0,0,3,0,68,999,0,0,0,0,0,0,0,0,0,0,0,0,0,0,1,5,30,1,1,2,1,1,3,1,80,1,1,1,13,0,0
36,360680,1,2,2,14,10,5,15,33,0,1,0,36,1,34,35,34035,4,1994,WBAHE1321RGE,W,B,A,H,E,1,3,2,1,R,G,E,0,0,0,000000000,00000000000,0,0,0,1,0,0,0,0,0,0,0,999,0,0,0,12,8,2,12,0,0,0,1,36,12549,6,1,0,0,3,0,69,999,0,1,1,1,1,9,2012,7,2013,3,58,0,0,0,1,2,30,1,1,2,2,0,0,1,13,1,1,4,1,2,1
36,360680,2,2,1,14,10,5,15,33,0,1,0,34,3,20,461,20461,21,2011,999999999999,9,9,9,9,9,9,9,9,9,9,9,9,0,0,0,000000000,00000000000,0,0,0,1,0,0,0,0,0,0,0,999,0,0,0,12,8,2,12,0,0,0,1,34,7026,6,1,0,0,3,3,68,999,0,3,0,0,2,2,2012,1,2014,0,0,0,0,0,1,2,30,1,1,2,2,0,0,1,62,1,1,1,98,0,0
36,360681,1,1,1,13,10,10,34,8,0,1,0,36,2,12,402,12402,14,2008,1FMCU93148KB,1,F,M,C,U,9,3,1,4,8,K,B,0,0,0,000000000,00000000000,0,0,0,1,0,0,0,0,0,0,0,999,0,0,0,12,8,2,8,0,0,0,1,36,14217,6,1,0,0,3,0,73,999,0,0,0,0,0,0,0,0,0,0,0,0,0,0,1,2,30,1,1,2,2,0,0,1,80,99,1,4,13,0,0
36,360682,1,1,1,14,10,6,0,1,0,1,0,8,1,22,18,22018,4,2005,1G2NE52E25M1,1,G,2,N,E,5,2,E,2,5,M,1,0,0,0,000000000,00000000000,0,0,0,1,0,0,0,0,0,0,0,999,0,2,5,0,6,2,1,0,0,0,1,8,81052,6,1,0,0,3,0,61,999,0,0,0,0,0,0,0,0,0,0,0,0,0,0,1,2,55,1,1,2,1,0,0,1,9,99,7,4,2,1,0
36,360683,1,1,2,15,10,20,30,8,0,1,0,36,2,37,32,37032,4,2005,1HGCM56755A1,1,H,G,C,M,5,6,7,5,5,A,1,0,0,0,000000000,00000000000,0,0,0,1,0,0,0,0,0,0,0,999,0,0,0,12,8,2,8,0,0,0,1,36,11422,6,1,0,0,3,0,70,999,1,1,0,1,0,2,2013,4,2014,0,0,0,0,0,3,3,45,1,1,2,1,0,0,1,80,1,1,1,13,0,0
36,360684,1,1,2,17,10,2,4,25,0,1,0,36,1,73,709,73709,80,2013,JKBZXJE1XDA0,J,K,B,Z,X,J,E,1,X,D,A,0,0,0,0,000000000,00000000000,0,0,0,1,0,0,0,0,0,0,0,999,0,0,0,12,8,2,25,0,0,0,1,36,11201,6,1,0,0,3,0,68,999,0,0,0,0,0,0,0,0,0,0,0,0,0,0,6,1,50,2,1,1,1,0,0,14,12,99,1,4,6,2,1
36,360685,1,2,1,10,10,16,11,12,6,1,0,36,2,20,16,20016,4,2002,1G1JC5241272,1,G,1,J,C,5,2,4,1,2,7,2,0,0,0,000000000,00000000000,0,0,0,1,0,0,0,0,0,0,0,999,0,0,0,9,6,2,12,0,0,0,1,36,13329,6,1,0,0,3,3,64,999,0,0,0,1,0,1,2014,1,2014,0,28,0,0,0,1,2,55,1,2,2,1,0,0,1,10,7,1,2,64,1,0
36,360685,2,2,2,10,10,16,11,12,6,1,0,36,1,49,404,49404,14,2008,JTEBU11F98K0,J,T,E,B,U,1,1,F,9,8,K,0,0,0,0,000000000,00000000000,0,0,0,1,0,0,0,0,0,0,0,999,0,0,0,12,8,2,12,0,0,0,1,36,12095,6,1,0,0,3,0,67,999,0,0,0,0,0,0,0,0,0,0,0,0,0,0,1,2,55,1,2,2,1,0,0,1,62,1,1,1,65,0,0
36,360686,1,2,1,17,10,15,26,12,6,1,0,36,2,49,53,49053,5,2009,4T3BK11A59U0,4,T,3,B,K,1,1,A,5,9,U,0,0,0,0,000000000,00000000000,0,0,0,1,0,0,0,0,0,0,0,999,0,0,0,9,8,2,12,0,0,0,1,36,13421,6,1,0,0,3,3,62,999,0,0,0,0,0,0,0,0,0,0,38,0,0,0,1,4,45,1,2,2,1,20,3,11,15,4,1,2,74,0,0
36,360686,2,2,1,17,10,15,26,12,6,1,0,36,1,72,706,72706,80,2006,1HD1BJY126Y0,1,H,D,1,B,J,Y,1,2,6,Y,0,0,0,0,000000000,00000000000,0,0,0,1,0,0,0,0,0,0,0,999,0,0,0,12,8,2,12,0,0,0,1,36,13032,6,1,0,0,3,3,70,999,0,0,0,0,0,0,0,0,0,0,0,0,0,0,1,2,45,1,2,2,1,0,0,1,66,99,1,1,74,1,0
36,360687,1,2,2,19,10,13,20,12,6,1,0,36,1,18,20,18020,4,1991,2G4WB54L4M18,2,G,4,W,B,5,4,L,4,M,1,8,0,0,0,000000000,00000000000,0,0,0,1,0,0,0,0,0,0,0,999,0,0,0,9,8,2,12,0,0,0,1,36,12571,6,1,0,0,3,0,66,999,0,0,0,0,0,0,0,0,0,0,38,0,0,0,1,2,30,1,1,2,1,20,3,11,15,99,1,3,82,1,0
36,360687,2,2,2,19,10,13,20,12,6,1,0,34,2,2,404,2404,14,1998,1J4GZ58S2WC1,1,J,4,G,Z,5,8,S,2,W,C,1,0,0,0,000000000,00000000000,0,0,0,1,0,0,0,0,0,0,0,999,0,0,0,12,8,2,12,0,0,0,1,34,8361,6,1,0,0,3,0,62,999,0,0,0,0,0,0,0,0,0,0,0,0,0,0,1,2,30,1,1,2,1,0,0,1,67,99,1,1,83,0,0
36,360688,1,1,1,19,10,23,46,34,0,1,0,36,1,37,31,37031,4,2001,2HGES15581H6,2,H,G,E,S,1,5,5,8,1,H,6,0,0,0,000000000,00000000000,0,0,0,1,0,0,0,0,0,0,0,999,0,1,5,12,6,2,1,0,0,0,1,36,13323,6,1,0,0,3,3,73,999,0,0,0,0,1,8,2012,8,2012,4,0,0,0,0,1,2,55,3,1,2,1,0,0,14,6,1,5,5,7,1,1
36,360689,1,1,1,12,10,12,26,38,0,1,0,36,1,19,3,19003,4,2005,1G6KD54Y55U1,1,G,6,K,D,5,4,Y,5,5,U,1,0,0,0,000000000,00000000000,0,0,0,1,0,0,0,0,0,0,0,45,0,0,0,12,6,2,42,0,0,0,1,36,12903,6,1,0,0,3,0,65,999,0,0,0,0,0,0,0,0,0,4,0,0,0,0,1,2,55,1,1,2,1,20,3,99,8,99,7,4,7,1,0
36,360690,1,1,1,21,10,11,16,34,0,1,0,36,2,2,404,2404,14,1998,1J4GZ78Y5WC1,1,J,4,G,Z,7,8,Y,5,W,C,1,0,0,0,000000000,00000000000,0,0,0,1,0,0,0,0,0,0,0,999,0,1,5,99,8,2,1,0,0,0,1,36,13118,6,1,0,0,3,3,62,999,0,0,0,0,0,0,0,0,0,5,87,0,0,0,1,2,55,3,1,2,2,0,0,14,6,99,4,4,2,1,0
36,360691,1,1,1,15,9,11,31,8,0,1,0,36,1,49,442,49442,20,2000,4T3ZF13C0YU2,4,T,3,Z,F,1,3,C,0,Y,U,2,0,0,0,000000000,00000000000,0,0,0,1,0,0,0,0,0,0,0,998,0,0,0,12,8,2,8,0,0,0,1,36,11779,6,1,0,0,3,3,67,999,0,0,0,0,0,0,0,0,0,0,0,0,0,0,3,2,40,1,1,2,1,0,0,1,80,1,1,1,13,0,0
36,360692,1,2,2,28,9,20,30,12,2,1,0,36,2,49,32,49032,4,2005,2T1BR30E75C4,2,T,1,B,R,3,0,E,7,5,C,4,0,0,0,000000000,00000000000,0,0,0,1,0,0,0,0,0,0,0,998,0,0,0,12,8,2,12,0,0,0,1,36,11787,6,1,6,0,3,3,66,999,0,0,0,0,0,0,0,0,0,0,0,0,0,0,3,2,40,1,1,2,1,1,3,1,17,1,1,1,69,1,0
36,360692,2,2,1,28,9,20,30,12,2,1,0,36,1,12,3,12003,1,2014,1ZVBP8EM2E52,1,Z,V,B,P,8,E,M,2,E,5,2,0,0,0,000000000,00000000000,0,0,0,1,0,0,0,0,0,0,0,998,0,0,0,12,8,2,12,0,0,0,1,36,11779,6,1,0,0,3,0,69,999,0,0,0,0,1,7,2013,7,2013,0,38,0,0,0,3,2,40,1,1,2,1,1,3,11,15,1,1,2,68,0,0