STATE,ST_CASE,VEH_NO,VE_FORMS,NUMOCCS,DAY,MONTH,HOUR,MINUTE,HARM_EV,MAN_COLL,UNITTYPE,HIT_RUN,REG_STAT,OWNER,MAKE,MODEL,MAK_MOD,BODY_TYP,MOD_YEAR,VIN,VIN_1,VIN_2,VIN_3,VIN_4,VIN_5,VIN_6,VIN_7,VIN_8,VIN_9,VIN_10,VIN_11,VIN_12,TOW_VEH,J_KNIFE,MCARR_I1,MCARR_I2,MCARR_ID,GVWR,V_CONFIG,CARGO_BT,HAZ_INV,HAZ_PLAC,HAZ_ID,HAZ_CNO,HAZ_REL,BUS_USE,SPEC_USE,EMER_USE,TRAV_SP,UNDERIDE,ROLLOVER,ROLINLOC,IMPACT1,DEFORMED,TOWED,M_HARM,VEH_SC1,VEH_SC2,FIRE_EXP,DR_PRES,L_STATE,DR_ZIP,L_STATUS,L_TYPE,CDL_STAT,L_ENDORS,L_COMPL,L_RESTRI,DR_HGT,DR_WGT,PREV_ACC,PREV_SUS,PREV_DWI,PREV_SPD,PREV_OTH,FIRST_MO,FIRST_YR,LAST_MO,LAST_YR,SPEEDREL,DR_SF1,DR_SF2,DR_SF3,DR_SF4,VTRAFWAY,VNUM_LAN,VSPD_LIM,VALIGN,VPROFILE,VPAVETYP,VSURCOND,VTRAFCON,VTCONT_F,P_CRASH1,P_CRASH2,P_CRASH3,PCRASH4,PCRASH5,ACC_TYPE,DEATHS,DR_DRINK
36,360693,1,3,1,27,8,16,0,12,6,1,0,36,3,82,870,82870,61,2012,WDYPF1CC4C56,W,D,Y,P,F,1,C,C,4,C,5,6,0,0,99,999999999,99999999999,2,1,1,1,0,0,0,0,0,0,0,999,0,0,0,12,8,2,12,0,0,0,1,36,11590,6,1,0,0,3,3,71,999,1,0,0,1,0,9,2013,8,2014,0,39,0,0,0,1,2,30,1,1,2,1,3,3,1,67,99,1,1,83,0,0
36,360693,2,3,1,27,8,16,0,12,6,1,0,36,1,55,35,55035,6,2000,KMHJW35F4YU1,K,M,H,J,W,3,5,F,4,Y,U,1,0,0,0,000000000,00000000000,0,0,0,1,0,0,0,0,0,0,0,999,0,0,0,61,8,2,12,0,0,0,1,36,11757,6,1,0,0,3,0,66,999,0,0,0,0,0,0,0,0,0,0,0,0,0,0,1,2,30,1,1,2,1,3,3,11,15,99,1,1,82,1,0
36,360693,3,3,1,27,8,16,0,12,6,1,0,34,3,20,461,20461,21,2007,999999999999,9,9,9,9,9,9,9,9,9,9,9,9,0,0,0,000000000,00000000000,0,0,0,1,0,0,0,0,0,0,0,0,0,0,0,82,8,2,12,0,0,0,1,36,11741,6,1,0,0,3,0,70,999,0,0,0,0,0,0,0,0,0,0,0,0,0,0,1,2,30,1,1,2,1,3,3,5,98,99,1,1,98,0,0
36,360694,1,3,2,13,9,22,13,9,0,1,0,36,2,52,401,52401,14,2004,JA4MW51S64J0,J,A,4,M,W,5,1,S,6,4,J,0,0,0,0,000000000,00000000000,0,0,0,1,0,0,0,0,0,0,0,999,0,0,0,12,8,2,9,0,0,0,1,36,11727,6,1,0,0,3,0,61,999,0,0,0,0,0,0,0,0,0,0,0,0,0,0,1,2,99,1,1,2,2,0,0,1,83,99,1,1,13,0,0
36,360694,2,3,1,13,9,22,13,9,0,1,1,99,9,99,999,99999,99,9999,999999999999,9,9,9,9,9,9,9,9,9,9,9,9,0,0,0,000000000,00000000000,0,0,0,1,0,0,0,0,0,0,0,999,0,0,0,99,9,5,9,0,0,0,1,99,99999,9,9,99,9,9,9,999,999,99,99,99,99,99,99,9999,99,9999,9,0,0,0,0,1,2,99,1,1,2,2,0,0,1,83,99,1,1,98,0,0
36,360694,3,3,1,13,9,22,13,9,0,1,1,99,9,99,999,99999,99,9999,999999999999,9,9,9,9,9,9,9,9,9,9,9,9,0,0,0,000000000,00000000000,0,0,0,1,0,0,0,0,0,0,0,999,0,0,0,99,8,5,9,0,0,0,1,99,99999,9,9,99,9,9,9,999,999,99,99,99,99,99,99,9999,99,9999,9,0,0,0,0,1,2,99,1,1,2,2,0,0,1,83,99,9,1,98,0,0
36,360695,1,2,1,28,9,4,10,33,0,1,0,36,1,72,706,72706,80,2012,1HD1GPM10CC3,1,H,D,1,G,P,M,1,0,C,C,3,0,0,0,000000000,00000000000,0,0,0,1,0,0,0,0,0,0,0,998,0,0,0,12,6,2,12,0,0,0,1,36,11368,6,1,0,0,3,0,74,999,0,0,0,1,0,12,2012,12,2012,3,0,0,0,0,1,2,98,1,1,2,1,2,3,1,13,1,1,4,1,1,0
36,360695,2,2,1,28,9,4,10,33,0,1,0,36,2,72,706,72706,80,2006,1HD1PNF156Y9,1,H,D,1,P,N,F,1,5,6,Y,9,0,0,0,000000000,00000000000,0,0,0,1,0,0,0,0,0,0,0,998,0,0,0,3,8,2,12,0,0,0,1,36,11208,6,1,0,0,2,2,72,999,0,0,0,0,1,1,2013,1,2013,0,73,0,0,0,1,2,98,1,1,2,1,2,3,2,53,1,1,1,98,0,0
36,360696,1,1,2,21,1,18,17,42,0,1,0,36,2,12,443,12443,20,2007,2FMZA51697BA,2,F,M,Z,A,5,1,6,9,7,B,A,0,0,0,000000000,00000000000,0,0,0,1,0,0,0,0,0,0,0,999,0,0,0,12,8,2,42,0,0,0,1,36,13302,6,1,0,0,3,0,66,999,0,0,0,0,0,0,0,0,0,0,0,0,0,0,1,2,55,1,1,2,1,0,0,1,13,1,1,5,1,1,0
36,360697,1,1,1,14,10,16,40,10,0,1,0,36,1,20,404,20404,14,2013,2GNFLEEK2D63,2,G,N,F,L,E,E,K,2,D,6,3,0,0,0,000000000,00000000000,0,0,0,1,0,0,0,0,0,0,0,0,0,0,0,3,8,2,10,0,0,0,1,36,14769,6,1,0,0,3,3,60,999,0,0,0,0,0,0,0,0,0,0,39,40,0,0,1,2,55,1,1,2,1,65,3,5,91,1,1,1,15,1,0
36,360698,1,1,1,21,10,6,20,9,0,1,0,34,2,12,442,12442,20,2003,2FMZA52403BA,2,F,M,Z,A,5,2,4,0,3,B,A,0,0,0,000000000,00000000000,0,0,0,1,0,0,0,0,0,0,0,999,0,0,0,12,8,2,9,0,0,0,1,34,11778,6,1,0,0,3,0,70,999,0,0,0,0,0,0,0,0,0,0,0,0,0,0,2,2,20,1,2,2,1,0,0,1,83,99,1,3,13,0,0
36,360699,1,1,3,3,10,1,37,8,0,1,0,36,3,98,981,98981,52,2012,4RKYS92U2C45,4,R,K,Y,S,9,2,U,2,C,4,5,0,0,99,999999999,99999999999,3,21,22,1,0,0,0,0,6,3,0,999,0,0,0,9,8,5,8,0,0,0,1,36,11782,6,1,6,1,3,3,67,999,0,0,0,0,0,0,0,0,0,0,38,0,0,0,4,2,99,1,1,2,1,3,3,11,80,99,1,1,13,0,0
36,360700,1,1,1,10,10,13,36,8,0,1,0,36,3,12,882,12882,63,1994,1FDXH81E0RVA,1,F,D,X,H,8,1,E,0,R,V,A,0,0,99,999999999,99999999999,3,1,1,1,0,0,0,0,0,0,0,999,0,0,0,12,0,5,8,0,0,0,1,36,10453,6,1,6,0,3,0,66,999,0,1,0,0,0,2,2014,2,2014,0,38,0,0,0,4,4,30,1,1,2,1,3,3,10,80,99,1,1,13,0,0
36,360701,1,1,1,23,10,5,56,8,0,1,0,36,3,84,881,84881,66,2009,2HSCWAPR69C1,2,H,S,C,W,A,P,R,6,9,C,1,1,1,99,999999999,99999999999,3,6,1,1,0,0,0,0,0,0,0,999,0,0,0,12,8,5,8,0,0,0,1,36,11206,6,1,6,1,3,3,72,999,0,0,0,0,0,0,0,0,0,0,0,0,0,0,2,3,98,1,1,2,2,3,3,11,80,99,1,2,13,0,0
36,360702,1,1,1,25,4,22,30,38,0,1,0,36,1,72,706,72706,80,2005,1HD1BWB175Y0,1,H,D,1,B,W,B,1,7,5,Y,0,0,0,0,000000000,00000000000,0,0,0,1,0,0,0,0,0,0,0,998,0,0,0,12,8,2,38,0,0,0,1,36,11554,1,1,0,0,2,3,68,999,0,2,0,0,0,7,2013,9,2013,4,0,0,0,0,1,2,98,3,2,2,3,0,0,14,13,1,1,5,1,1,0
36,360703,1,1,1,25,10,15,57,30,0,1,0,36,2,12,401,12401,14,2005,1FMDU73W65UB,1,F,M,D,U,7,3,W,6,5,U,B,0,0,0,000000000,00000000000,0,0,0,1,0,0,0,0,0,0,0,999,0,0,0,12,8,2,8,0,0,0,1,36,10956,6,1,0,0,3,0,70,999,0,0,0,0,0,0,0,0,0,0,0,0,0,0,1,2,30,1,1,2,1,0,0,1,12,99,1,4,6,0,0
36,360704,1,1,1,5,5,11,32,8,0,1,1,36,2,18,7,18007,4,2001,2G4WS52J2111,2,G,4,W,S,5,2,J,2,1,1,1,0,0,0,000000000,00000000000,0,0,0,1,0,0,0,0,0,0,0,999,0,0,0,12,8,2,8,0,0,0,1,36,11427,2,1,0,0,2,2,70,999,2,2,0,0,0,7,2012,10,2013,0,38,74,0,0,1,7,99,1,1,2,1,3,3,1,80,99,1,1,13,0,0
36,360705,1,1,1,30,4,14,30,8,0,1,0,34,1,51,401,51401,14,2008,YV4CZ9826814,Y,V,4,C,Z,9,8,2,6,8,1,4,0,0,0,000000000,00000000000,0,0,0,1,0,0,0,0,0,0,0,998,0,0,0,1,0,5,8,0,0,0,1,34,7760,6,1,0,0,3,0,999,999,0,0,0,0,0,0,0,0,0,0,0,0,0,0,1,3,98,1,1,2,2,0,0,1,80,1,1,1,13,0,0
36,360706,1,1,1,1,2,20,42,8,0,1,0,36,1,49,403,49403,14,2002,JTEHF21A8200,J,T,E,H,F,2,1,A,8,2,0,0,0,0,0,000000000,00000000000,0,0,0,1,0,0,0,0,0,0,0,999,0,0,0,12,8,5,8,0,0,0,1,36,11419,6,1,0,0,3,3,67,999,0,0,0,0,1,10,2012,10,2012,0,0,0,0,0,1,2,99,1,1,2,1,0,0,1,80,99,1,1,13,0,0
36,360707,1,2,1,21,5,15,21,12,6,1,0,36,1,76,709,76709,80,2007,JYARP16EX7A0,J,Y,A,R,P,1,6,E,X,7,A,0,0,0,0,000000000,00000000000,0,0,0,1,0,0,0,0,0,0,0,998,0,0,0,9,6,2,12,0,0,0,1,36,11229,6,1,0,0,3,0,70,999,0,0,0,0,0,0,0,0,0,0,0,0,0,0,1,2,98,1,1,2,1,1,3,1,17,1,1,1,69,1,0
36,360707,2,2,1,21,5,15,21,12,6,1,0,36,2,30,40,30040,4,2009,3VWRM71K49M0,3,V,W,R,M,7,1,K,4,9,M,0,0,0,0,000000000,00000000000,0,0,0,1,0,0,0,0,0,0,0,998,0,0,0,12,8,2,12,0,0,0,1,36,11763,6,1,0,0,3,3,74,999,1,0,0,0,1,5,2013,10,2013,0,38,0,0,0,1,2,98,1,1,2,1,1,3,11,15,1,1,2,68,0,0
36,360708,1,1,1,21,6,9,40,8,0,1,0,36,2,37,441,37441,20,2000,2HKRL1857YH5,2,H,K,R,L,1,8,5,7,Y,H,5,0,0,0,000000000,00000000000,0,0,0,1,0,0,0,0,0,0,0,999,0,0,0,99,8,5,8,0,0,0,1,24,21061,6,1,0,0,3,0,63,999,0,0,0,0,0,0,0,0,0,0,52,0,0,0,3,1,99,1,1,2,1,0,0,11,80,99,1,1,13,0,0
36,360709,1,1,1,26,10,6,19,8,0,1,0,36,2,12,481,12481,31,2002,1FTRW08L62KA,1,F,T,R,W,0,8,L,6,2,K,A,0,0,0,000000000,00000000000,0,0,0,1,0,0,0,0,0,0,0,999,0,0,0,12,0,3,8,0,0,0,1,36,11204,6,1,0,0,3,0,71,999,0,0,0,0,0,0,0,0,0,0,38,0,0,0,1,4,30,1,1,2,1,2,3,1,80,1,1,1,13,0,0
36,360710,1,1,1,26,10,7,4,8,0,1,0,36,1,35,401,35401,14,2000,JN8AR07Y6YW4,J,N,8,A,R,0,7,Y,6,Y,W,4,0,0,0,000000000,00000000000,0,0,0,1,0,0,0,0,0,0,0,999,0,0,0,12,8,2,8,0,0,0,1,36,11236,6,1,0,0,3,3,70,999,0,0,0,0,0,0,0,0,0,0,0,0,0,0,1,4,30,1,1,2,1,0,0,1,80,99,1,1,13,0,0
36,360711,1,1,2,28,10,20,2,1,0,1,0,36,2,49,482,49482,31,2000,5TBBT4417YS0,5,T,B,B,T,4,4,1,7,Y,S,0,0,0,0,000000000,00000000000,0,0,0,1,0,0,0,0,0,0,0,999,0,1,2,0,6,2,1,0,0,0,1,36,13733,6,1,0,0,3,0,70,999,0,1,0,0,0,1,2013,1,2013,0,83,0,0,0,3,2,65,1,1,2,1,0,0,1,87,7,1,5,98,1,0
36,360712,1,1,1,28,10,19,45,41,0,1,0,36,1,7,482,7482,31,1998,1B7HF16Y3WS5,1,B,7,H,F,1,6,Y,3,W,S,5,0,0,0,000000000,00000000000,0,0,0,1,0,0,0,0,0,0,0,999,0,1,5,12,8,2,1,0,0,0,1,36,12306,6,1,6,0,3,0,67,999,1,0,0,0,0,6,2013,6,2013,0,0,0,0,0,1,2,55,1,2,2,1,0,0,1,12,99,1,4,6,1,1
36,360713,1,1,1,28,10,11,40,21,0,1,0,36,1,48,34,48034,4,2010,4S3BMFG63A12,4,S,3,B,M,F,G,6,3,A,1,2,0,0,0,000000000,00000000000,0,0,0,1,0,0,0,0,0,0,0,999,0,0,0,12,6,2,21,0,0,0,1,36,13152,6,1,0,0,3,0,70,999,0,0,0,0,0,0,0,0,0,0,0,0,0,0,3,3,55,1,1,2,1,0,0,1,12,99,1,4,6,1,0
36,360714,1,1,2,17,10,18,57,14,0,1,0,12,2,49,40,49040,4,1992,4T1VK13E0NU0,4,T,1,V,K,1,3,E,0,N,U,0,0,0,0,000000000,00000000000,0,0,0,1,0,0,0,0,0,0,0,999,0,0,0,12,6,2,14,0,0,0,1,36,11434,6,7,0,0,2,2,66,999,0,0,0,0,0,0,0,0,0,3,73,0,0,0,1,2,30,1,1,2,1,0,0,1,12,1,7,5,11,0,0
36,360715,1,2,1,29,10,7,14,12,2,1,0,36,3,20,421,20421,15,2013,999999999999,9,9,9,9,9,9,9,9,9,9,9,9,0,0,0,000000000,00000000000,0,0,0,1,0,0,0,0,0,5,0,999,0,0,0,12,6,2,12,0,0,0,1,36,12901,6,1,0,0,3,0,72,999,0,0,0,0,0,0,0,0,0,0,16,38,39,0,1,2,55,4,1,2,2,20,3,11,15,99,1,2,82,0,0
36,360715,2,2,3,29,10,7,14,12,2,1,0,36,1,12,37,12037,4,2009,1FAHP37NX9W1,1,F,A,H,P,3,7,N,X,9,W,1,0,0,0,000000000,00000000000,0,0,0,1,0,0,0,0,0,0,0,999,0,0,0,12,6,2,12,0,0,0,1,36,12972,6,1,0,0,3,0,65,999,0,0,0,0,0,0,0,0,0,0,0,0,0,0,1,2,55,4,1,2,2,0,0,14,67,99,1,1,83,1,0
36,360716,1,1,1,29,10,2,34,8,0,1,0,36,3,85,881,85881,63,1985,1NKZXPTX5FJ4,1,N,K,Z,X,P,T,X,5,F,J,4,0,0,77,777777777,77777777777,3,2,4,1,0,0,0,0,0,0,0,999,0,0,0,6,0,5,8,0,0,0,1,36,11420,6,1,6,1,3,3,73,999,1,1,0,0,1,4,2014,7,2014,0,31,0,0,0,3,3,98,1,1,2,1,0,0,13,80,1,1,1,98,0,0
36,360717,1,1,1,10,10,0,45,32,0,1,0,36,1,37,31,37031,2,1991,JHMED8359MS0,J,H,M,E,D,8,3,5,9,M,S,0,0,0,0,000000000,00000000000,0,0,0,1,0,0,0,0,0,0,0,999,0,0,0,11,6,2,30,0,0,0,1,36,12970,6,1,0,0,3,0,67,999,0,0,0,0,0,0,0,0,0,4,0,0,0,0,1,2,40,2,1,2,2,0,0,14,6,1,3,5,2,1,0
36,360718,1,2,2,29,10,19,12,12,6,1,0,12,1,49,46,49046,4,2010,999999999999,9,9,9,9,9,9,9,9,9,9,9,9,0,0,0,000000000,00000000000,0,0,0,1,0,0,0,0,0,0,0,999,0,0,0,12,8,2,12,0,0,0,1,12,34957,6,1,0,0,3,3,71,999,0,0,0,0,0,0,0,0,0,0,38,39,0,0,1,2,55,2,1,2,1,20,3,11,15,99,1,2,76,0,0
36,360718,2,2,1,29,10,19,12,12,6,1,0,36,1,41,45,41045,1,2003,JM1NB3536303,J,M,1,N,B,3,5,3,6,3,0,3,0,0,0,000000000,00000000000,0,0,0,1,0,0,0,0,0,0,0,999,0,0,0,9,8,2,12,0,0,0,1,36,13338,6,1,0,0,3,0,66,999,0,0,0,0,0,0,0,0,0,0,0,0,0,0,1,2,55,2,1,2,1,0,0,14,65,99,1,1,77,1,0
36,360719,1,1,1,25,10,1,31,30,0,1,0,36,1,72,706,72706,80,2010,1HD1KB415AB6,1,H,D,1,K,B,4,1,5,A,B,6,0,0,0,000000000,00000000000,0,0,0,1,0,0,0,0,0,0,0,999,0,0,0,12,8,2,30,0,0,0,1,36,14034,6,1,0,0,3,0,70,999,0,0,0,0,0,0,0,0,0,0,39,0,0,0,1,2,45,2,1,2,1,0,0,14,9,99,7,4,7,1,1
36,360720,1,1,1,30,10,21,28,8,0,1,1,99,9,99,999,99999,99,9999,999999999999,9,9,9,9,9,9,9,9,9,9,9,9,0,0,99,999999999,99999999999,9,1,7,1,0,0,0,0,0,0,0,999,0,0,0,12,0,5,8,0,0,0,1,99,99999,9,9,99,0,9,9,999,999,99,99,99,99,99,99,9999,99,9999,9,0,0,0,0,1,4,30,1,2,2,1,0,0,1,80,1,1,1,13,0,0
36,360721,1,1,1,1,11,19,19,8,0,1,0,36,1,2,403,2403,14,1997,1J4GZ58SXVC5,1,J,4,G,Z,5,8,S,X,V,C,5,0,0,0,000000000,00000000000,0,0,0,1,0,0,0,0,0,0,0,999,0,0,0,12,8,2,8,0,0,0,1,36,12553,6,1,0,0,3,3,64,999,0,0,0,0,0,0,0,0,0,0,0,0,0,0,1,2,30,1,1,2,2,0,0,1,80,1,1,1,13,0,0
36,360722,1,1,1,30,10,7,0,53,0,1,1,36,2,49,32,49032,4,2000,2T1BR12E0YC2,2,T,1,B,R,1,2,E,0,Y,C,2,0,0,0,000000000,00000000000,0,0,0,1,0,0,0,0,0,0,0,999,0,0,0,83,8,3,8,0,0,0,1,36,13211,6,1,0,0,3,0,75,999,0,11,0,1,1,8,2012,9,2013,4,0,0,0,0,1,2,30,3,1,2,2,0,0,14,13,99,7,4,2,0,1
36,360723,1,1,1,1,11,2,26,8,0,1,1,99,9,99,999,99999,99,9999,999999999999,9,9,9,9,9,9,9,9,9,9,9,9,0,0,0,000000000,00000000000,0,0,0,1,0,0,0,0,0,0,0,999,0,0,0,12,8,5,8,0,0,0,1,99,99999,9,9,99,0,9,9,999,999,99,99,99,99,99,99,9999,99,9999,9,0,0,0,0,1,4,30,1,1,2,2,0,0,1,80,1,1,1,13,0,0
36,360724,1,1,1,30,10,5,7,8,0,1,0,36,3,98,907,98907,52,2009,1VHHH3P26967,1,V,H,H,H,3,P,2,6,9,6,7,0,0,99,999999999,99999999999,3,21,22,1,0,0,0,0,6,3,0,999,0,0,0,12,8,3,8,0,0,0,1,36,11385,6,1,6,0,3,0,71,999,0,0,0,0,0,0,0,0,0,0,38,0,0,0,1,2,30,1,1,2,1,20,3,10,80,99,1,1,13,0,0
36,360725,1,2,1,15,9,23,17,12,6,1,0,36,1,53,706,53706,80,2013,JS1GT78A0D21,J,S,1,G,T,7,8,A,0,D,2,1,0,0,0,000000000,00000000000,0,0,0,1,0,0,0,0,0,0,0,999,0,0,0,12,6,2,12,0,0,0,1,36,12435,6,1,0,0,3,0,68,999,0,0,0,0,1,7,2012,7,2012,3,0,0,0,0,1,6,30,1,1,2,1,3,3,1,17,1,1,1,69,1,0
36,360725,2,2,1,15,9,23,17,12,6,1,0,36,1,35,47,35047,4,2013,1N4BL3AP1DC1,1,N,4,B,L,3,A,P,1,D,C,1,0,0,0,000000000,00000000000,0,0,0,1,0,0,0,0,0,0,0,999,0,0,0,3,8,2,12,0,0,0,1,36,11223,6,1,0,0,3,0,70,999,0,0,0,0,0,0,0,0,0,0,38,0,0,0,1,6,30,1,1,2,1,3,3,11,15,1,1,1,68,0,0
36,360726,1,1,2,7,9,17,10,8,0,1,0,36,1,37,32,37032,4,2010,1HGCP2F40AA0,1,H,G,C,P,2,F,4,0,A,A,0,0,0,0,000000000,00000000000,0,0,0,1,0,0,0,0,0,0,0,999,0,0,0,12,8,2,8,0,0,0,1,36,10472,6,1,0,0,3,0,69,999,0,0,0,0,0,0,0,0,0,0,0,0,0,0,1,2,30,1,1,2,1,3,3,1,80,99,1,1,13,0,0
36,360727,1,1,1,1,11,3,56,35,0,1,0,36,1,20,2,20002,4,2004,2G1WP5214491,2,G,1,W,P,5,2,1,4,4,9,1,0,0,0,000000000,00000000000,0,0,0,1,0,0,0,0,0,0,0,999,0,1,2,12,8,2,30,0,0,0,1,36,14424,6,1,0,0,3,0,76,999,1,0,0,1,0,11,2011,9,2014,0,38,0,0,0,1,2,55,2,2,2,2,0,0,14,12,99,1,4,6,1,0
36,360728,1,1,2,2,11,13,30,5,0,1,1,36,2,12,481,12481,31,1988,2FTDF15N1JCA,2,F,T,D,F,1,5,N,1,J,C,A,0,0,0,000000000,00000000000,0,0,0,1,0,0,0,0,0,0,0,999,0,0,0,0,0,5,5,0,0,0,1,36,14611,0,0,0,0,0,0,67,999,0,0,0,0,0,0,0,0,0,0,52,0,0,0,1,2,99,1,1,2,1,0,0,1,98,99,1,1,0,1,0
36,360729,1,1,2,31,10,21,42,8,0,1,0,36,1,6,441,6441,20,2013,2C4RC1BG8DR7,2,C,4,R,C,1,B,G,8,D,R,7,0,0,0,000000000,00000000000,0,0,0,1,0,0,0,0,0,0,0,999,0,0,0,12,8,2,8,0,0,0,1,36,14612,6,1,0,0,3,0,70,999,1,0,0,0,0,2,2014,2,2014,0,0,0,0,0,1,2,98,1,1,2,2,0,0,1,80,1,1,1,13,0,0
36,360730,1,1,1,6,8,7,19,8,0,1,1,99,9,99,999,99999,99,9999,999999999999,9,9,9,9,9,9,9,9,9,9,9,9,0,0,0,000000000,00000000000,0,0,0,1,0,0,0,0,0,0,0,999,0,0,0,99,9,5,8,0,0,0,1,99,99999,9,9,99,9,9,9,999,999,99,99,99,99,99,99,9999,99,9999,0,0,0,0,0,4,1,30,1,1,2,1,3,3,1,80,99,1,1,13,0,0
36,360731,1,2,2,2,11,4,15,12,2,1,0,36,2,7,442,7442,20,1995,1B4GH44R8SX6,1,B,4,G,H,4,4,R,8,S,X,6,0,0,0,000000000,00000000000,0,0,0,1,0,0,0,0,0,0,0,999,0,0,0,12,6,2,12,0,0,0,1,36,11590,0,0,0,0,0,0,999,999,0,0,0,0,0,0,0,0,0,5,39,0,0,0,1,6,35,1,1,2,1,3,3,1,17,99,1,2,50,2,1
36,360731,2,2,1,2,11,4,15,12,2,1,0,36,2,12,402,12402,14,2002,1FMYU01B62KD,1,F,M,Y,U,0,1,B,6,2,K,D,0,0,0,000000000,00000000000,0,0,0,1,0,0,0,0,0,0,0,999,0,0,0,12,8,2,12,0,0,0,1,36,11580,6,1,0,0,3,0,71,999,0,0,0,0,1,1,2013,1,2013,0,0,0,0,0,1,6,35,1,1,2,1,3,3,1,62,99,1,1,51,0,0
36,360732,1,3,1,3,11,2,2,24,0,1,0,36,2,58,38,58038,4,2009,JNKCY01FX9M8,J,N,K,C,Y,0,1,F,X,9,M,8,0,0,0,000000000,00000000000,0,0,0,1,0,0,0,0,0,0,0,999,0,0,0,62,6,2,58,0,0,0,1,36,11212,6,1,0,0,3,0,67,999,0,0,0,0,1,10,2014,10,2014,3,0,0,0,0,3,3,50,1,1,2,1,0,0,1,12,99,7,4,7,1,0
36,360732,2,3,1,3,11,2,2,24,0,1,0,36,1,7,28,7028,2,2012,2C3CDYCJXCH2,2,C,3,C,D,Y,C,J,X,C,H,2,0,0,0,000000000,00000000000,0,0,0,1,0,0,0,0,0,0,0,999,0,0,0,12,8,2,18,0,0,0,1,36,11234,6,1,0,0,3,0,72,999,0,0,0,0,0,0,0,0,0,0,0,0,0,0,3,3,50,1,1,2,1,0,0,1,90,99,1,1,98,0,0
36,360732,3,3,1,3,11,2,2,24,0,1,0,36,2,37,402,37402,14,2014,5J6RM4H31EL0,5,J,6,R,M,4,H,3,1,E,L,0,0,0,0,000000000,00000000000,0,0,0,1,0,0,0,0,0,0,0,999,0,0,0,12,8,2,18,0,0,0,1,36,11385,6,1,0,0,3,3,71,999,0,0,0,0,0,0,0,0,0,0,0,0,0,0,3,3,50,1,1,2,1,0,0,1,90,99,1,1,98,0,0
36,360733,1,2,1,3,11,11,29,12,2,1,0,36,1,7,472,7472,30,2006,1D7HW48N16S6,1,D,7,H,W,4,8,N,1,6,S,6,0,0,0,000000000,00000000000,0,0,0,1,0,0,0,0,0,0,0,999,0,0,0,12,6,2,12,0,0,0,1,36,14094,6,1,0,0,3,0,72,999,0,0,0,0,1,10,2013,10,2013,0,28,0,0,0,1,2,55,1,1,2,1,0,0,1,10,99,1,2,50,1,0
36,360733,2,2,1,3,11,11,29,12,2,1,0,36,3,84,881,84881,63,2012,3HAMMAAN6CL0,3,H,A,M,M,A,A,N,6,C,L,0,0,0,57,1384424,571384424,3,1,1,2,2,9276,88,2,0,0,0,999,0,0,0,12,8,2,12,0,0,0,1,36,14054,6,1,6,1,3,0,71,999,0,0,0,0,0,0,0,0,0,0,0,0,0,0,1,2,55,1,1,2,1,0,0,1,62,99,1,1,51,0,0
36,360734,1,2,2,3,11,4,29,12,2,1,0,36,2,37,31,37031,4,2000,2HGEJ6611YH5,2,H,G,E,J,6,6,1,1,Y,H,5,0,0,0,000000000,00000000000,0,0,0,1,0,0,0,0,0,0,0,999,0,0,0,12,8,2,12,0,0,0,1,37,27591,3,1,0,0,2,0,67,999,0,0,0,0,0,0,0,0,0,0,0,0,0,0,4,4,30,1,3,2,1,0,0,1,54,1,1,1,52,1,0
36,360734,2,2,1,3,11,4,29,12,2,1,0,36,1,20,421,20421,15,2002,1GNEK13Z12R2,1,G,N,E,K,1,3,Z,1,2,R,2,0,0,0,000000000,00000000000,0,0,0,1,0,0,0,0,0,0,0,999,0,0,0,12,8,2,19,0,0,0,1,36,10601,6,1,0,0,3,3,71,999,0,0,0,0,0,0,0,0,0,0,50,0,0,0,4,4,30,1,3,2,1,0,0,1,54,1,1,1,52,0,1
36,360735,1,3,1,4,11,12,20,12,6,1,0,36,1,35,43,35043,4,2006,3N1CB51DX6L5,3,N,1,C,B,5,1,D,X,6,L,5,0,0,0,000000000,00000000000,0,0,0,1,0,0,0,0,0,0,0,999,0,0,0,3,6,2,12,0,0,0,1,36,11101,6,1,6,0,3,0,67,999,0,0,0,0,0,0,0,0,0,0,38,0,0,0,3,4,30,1,1,2,1,3,3,11,15,1,1,1,68,1,0
36,360735,2,3,1,4,11,12,20,12,6,1,0,36,2,58,37,58037,4,2013,JN1CV6AR6DM7,J,N,1,C,V,6,A,R,6,D,M,7,0,0,0,000000000,00000000000,0,0,0,1,0,0,0,0,0,0,0,999,0,0,0,12,6,2,12,0,0,0,1,36,11561,6,1,0,0,3,0,66,999,1,0,0,0,6,3,2012,4,2014,3,0,0,0,0,3,4,30,1,1,2,1,3,3,1,17,1,1,1,69,0,0
36,360735,3,3,1,4,11,12,20,12,6,1,0,36,2,59,38,59038,5,2013,JTHKD5BH0D21,J,T,H,K,D,5,B,H,0,D,2,1,0,0,0,000000000,00000000000,0,0,0,1,0,0,0,0,0,0,0,0,0,0,0,12,8,5,12,0,0,0,1,36,11797,6,1,0,0,3,0,63,999,0,0,0,0,0,0,0,0,0,0,0,0,0,0,3,4,30,1,1,2,1,3,3,5,67,1,1,1,98,0,0