STATE,ST_CASE,VEH_NO,VE_FORMS,NUMOCCS,DAY,MONTH,HOUR,MINUTE,HARM_EV,MAN_COLL,UNITTYPE,HIT_RUN,REG_STAT,OWNER,MAKE,MODEL,MAK_MOD,BODY_TYP,MOD_YEAR,VIN,VIN_1,VIN_2,VIN_3,VIN_4,VIN_5,VIN_6,VIN_7,VIN_8,VIN_9,VIN_10,VIN_11,VIN_12,TOW_VEH,J_KNIFE,MCARR_I1,MCARR_I2,MCARR_ID,GVWR,V_CONFIG,CARGO_BT,HAZ_INV,HAZ_PLAC,HAZ_ID,HAZ_CNO,HAZ_REL,BUS_USE,SPEC_USE,EMER_USE,TRAV_SP,UNDERIDE,ROLLOVER,ROLINLOC,IMPACT1,DEFORMED,TOWED,M_HARM,VEH_SC1,VEH_SC2,FIRE_EXP,DR_PRES,L_STATE,DR_ZIP,L_STATUS,L_TYPE,CDL_STAT,L_ENDORS,L_COMPL,L_RESTRI,DR_HGT,DR_WGT,PREV_ACC,PREV_SUS,PREV_DWI,PREV_SPD,PREV_OTH,FIRST_MO,FIRST_YR,LAST_MO,LAST_YR,SPEEDREL,DR_SF1,DR_SF2,DR_SF3,DR_SF4,VTRAFWAY,VNUM_LAN,VSPD_LIM,VALIGN,VPROFILE,VPAVETYP,VSURCOND,VTRAFCON,VTCONT_F,P_CRASH1,P_CRASH2,P_CRASH3,PCRASH4,PCRASH5,ACC_TYPE,DEATHS,DR_DRINK
36,360859,3,3,1,16,12,10,49,12,6,1,0,36,2,49,471,49471,30,1994,4TARN01PXRZ2,4,T,A,R,N,0,1,P,X,R,Z,2,0,0,0,000000000,00000000000,0,0,0,1,0,0,0,0,0,0,0,999,0,0,0,12,6,2,12,0,0,0,1,36,14489,6,1,0,0,3,3,61,999,0,0,0,0,0,0,0,0,0,0,0,0,0,0,1,2,55,1,1,2,1,0,0,1,62,99,1,1,98,1,0
36,360860,1,2,1,19,12,19,12,12,6,1,0,36,2,76,739,76739,90,2014,JYACJ18C9EA0,J,Y,A,C,J,1,8,C,9,E,A,0,0,0,0,000000000,00000000000,0,0,0,1,0,0,0,0,0,0,0,999,0,0,0,12,8,5,12,0,0,0,1,36,11550,3,1,0,0,1,0,70,999,0,8,0,0,2,10,2012,1,2013,0,51,0,0,0,1,2,98,1,1,2,1,0,0,1,60,1,1,1,98,1,0
36,360860,2,2,1,19,12,19,12,12,6,1,0,36,2,49,402,49402,14,2007,JTMBD33V0751,J,T,M,B,D,3,3,V,0,7,5,1,0,0,0,000000000,00000000000,0,0,0,1,0,0,0,0,0,0,0,999,0,0,0,9,8,5,12,0,0,0,1,36,11550,6,1,0,0,3,3,67,999,0,0,0,0,0,0,0,0,0,0,0,0,0,0,1,2,98,1,1,2,1,0,0,11,15,1,1,2,98,0,0
36,360861,1,1,1,1,12,12,31,42,0,1,0,36,1,20,37,20037,4,2010,1G1ZC5E01AF1,1,G,1,Z,C,5,E,0,1,A,F,1,0,0,0,000000000,00000000000,0,0,0,1,0,0,0,0,0,0,0,999,0,1,6,12,6,2,3,0,0,0,1,36,14624,6,1,0,0,3,3,71,999,1,0,0,0,0,6,2014,6,2014,0,0,0,0,0,3,4,40,1,1,2,1,0,0,1,12,1,1,5,6,1,0
36,360862,1,1,3,17,12,19,47,8,0,1,0,36,3,35,43,35043,4,2012,3N1AB6AP3CL6,3,N,1,A,B,6,A,P,3,C,L,6,0,0,0,000000000,00000000000,0,0,0,1,0,0,0,0,0,0,0,999,0,0,0,12,8,2,8,0,0,0,1,36,10455,6,1,0,0,3,3,67,999,0,0,0,1,1,7,2013,10,2014,0,0,0,0,0,3,2,30,1,1,2,1,0,0,1,80,99,1,1,13,0,0
36,360863,1,1,1,11,12,8,51,35,0,1,0,36,1,12,481,12481,31,2008,1FTRF14W08KD,1,F,T,R,F,1,4,W,0,8,K,D,0,0,0,000000000,00000000000,0,0,0,1,0,0,0,0,0,0,0,999,0,1,6,12,8,2,1,0,0,0,1,36,13733,6,1,0,0,3,0,63,999,0,0,0,0,0,0,0,0,0,4,87,0,0,0,1,2,55,1,2,2,3,0,0,1,12,1,4,5,7,1,0
36,360864,1,1,1,20,12,21,24,3,0,1,0,36,1,12,402,12402,14,2005,1FMYU93125KB,1,F,M,Y,U,9,3,1,2,5,K,B,0,0,0,000000000,00000000000,0,0,0,1,0,0,0,0,0,0,0,999,0,0,0,0,8,2,3,0,0,0,1,36,14411,6,1,0,0,3,0,68,999,0,0,0,0,1,7,2014,7,2014,0,0,0,0,0,1,2,55,1,1,2,1,0,0,1,12,99,1,4,0,1,1
36,360865,1,4,2,22,12,23,12,12,6,1,0,36,2,12,401,12401,14,2000,1FMDU74E7YZA,1,F,M,D,U,7,4,E,7,Y,Z,A,0,0,0,000000000,00000000000,0,0,0,1,0,0,0,0,0,0,0,999,0,0,0,12,8,2,12,0,0,0,1,36,10312,6,1,0,0,3,3,67,999,0,0,0,0,0,0,0,0,0,3,39,0,0,0,5,5,40,1,1,2,2,3,3,1,55,1,1,1,88,0,1
36,360865,2,4,1,22,12,23,12,12,6,1,0,5,1,49,401,49401,14,2007,JTEZU14R1700,J,T,E,Z,U,1,4,R,1,7,0,0,0,0,0,000000000,00000000000,0,0,0,1,0,0,0,0,0,0,0,999,0,0,0,9,8,2,12,0,0,0,1,6,92127,6,1,0,0,3,0,68,999,0,0,0,0,0,0,0,0,0,0,0,0,0,0,1,2,40,1,1,2,2,3,3,1,17,1,1,1,89,1,1
36,360865,3,4,1,22,12,23,12,12,6,1,0,36,2,42,401,42401,14,2008,4JGBB86E58A3,4,J,G,B,B,8,6,E,5,8,A,3,0,0,0,000000000,00000000000,0,0,0,1,0,0,0,0,0,0,0,0,0,0,0,12,8,2,12,0,0,0,1,36,10312,6,1,0,0,3,0,64,999,0,0,0,1,0,7,2013,7,2013,0,0,0,0,0,5,5,40,1,1,2,2,3,3,5,62,1,1,1,98,0,0
36,360865,4,4,1,22,12,23,12,12,6,1,0,36,2,13,401,13401,14,2005,5LMEU88HX5ZJ,5,L,M,E,U,8,8,H,X,5,Z,J,0,0,0,000000000,00000000000,0,0,0,1,0,0,0,0,0,0,0,0,0,0,0,12,8,5,12,0,0,0,1,36,10306,6,1,0,0,3,0,65,999,0,0,0,0,0,0,0,0,0,0,0,0,0,0,5,5,40,1,1,2,2,3,3,5,62,1,1,1,98,0,0
36,360866,1,1,1,20,12,19,22,8,0,1,0,36,1,20,403,20403,14,2004,1GNDT13S0424,1,G,N,D,T,1,3,S,0,4,2,4,0,0,0,000000000,00000000000,0,0,0,1,0,0,0,0,0,0,0,999,0,0,0,12,8,2,8,0,0,0,1,36,12304,6,1,0,0,3,3,72,999,0,0,0,0,0,0,0,0,0,0,0,0,0,0,1,2,30,1,1,2,1,0,0,1,80,99,1,1,13,0,0
36,360867,1,2,1,23,12,15,50,12,6,1,0,36,1,6,52,6052,6,2006,3A4FY58B76T2,3,A,4,F,Y,5,8,B,7,6,T,2,0,0,0,000000000,00000000000,0,0,0,1,0,0,0,0,0,0,0,999,0,0,0,12,6,2,12,0,0,0,1,36,14513,6,1,0,0,3,0,70,999,1,5,0,0,0,12,2011,8,2014,3,37,0,0,0,2,2,30,1,1,2,1,0,0,1,71,99,1,1,98,0,0
36,360867,2,2,2,23,12,15,50,12,6,1,0,36,1,2,404,2404,14,1999,1J4GW58S6XC6,1,J,4,G,W,5,8,S,6,X,C,6,0,0,0,000000000,00000000000,0,0,0,1,0,0,0,0,0,0,0,999,0,1,1,9,6,2,12,0,0,0,1,36,14532,6,1,0,0,3,3,65,999,0,0,0,0,0,0,0,0,0,0,38,0,0,0,1,2,30,1,1,2,1,0,0,11,98,99,1,1,98,1,0
36,360868,1,1,1,27,12,18,3,8,0,1,0,36,1,20,443,20443,20,2000,1GNDX13E4YD1,1,G,N,D,X,1,3,E,4,Y,D,1,0,0,0,000000000,00000000000,0,0,0,1,0,0,0,0,0,0,0,53,0,0,0,12,8,2,8,0,0,0,1,36,14712,6,1,0,0,3,3,66,999,1,0,0,0,0,8,2013,8,2013,0,0,0,0,0,1,2,55,1,1,2,1,0,0,1,80,1,1,1,13,0,0
36,360869,1,1,1,27,12,21,59,33,0,1,0,36,1,20,481,20481,31,2014,1GCVKSEC0EZ3,1,G,C,V,K,S,E,C,0,E,Z,3,0,0,0,000000000,00000000000,0,0,0,1,0,0,0,0,0,0,0,60,0,1,5,14,8,2,3,0,0,0,1,36,14048,6,1,0,0,3,3,65,999,0,0,0,0,0,0,0,0,0,0,0,0,0,0,1,2,5,1,1,2,1,0,0,1,13,99,1,4,1,1,1
36,360870,1,1,2,30,12,19,47,38,0,1,0,36,2,49,43,49043,4,2006,4T1BK36B46U1,4,T,1,B,K,3,6,B,4,6,U,1,0,0,0,000000000,00000000000,0,0,0,1,0,0,0,0,0,0,0,45,0,0,0,9,8,2,30,0,0,0,1,36,13120,6,1,0,0,3,0,72,999,0,0,0,0,0,0,0,0,0,0,0,0,0,0,1,2,45,1,1,2,1,0,0,1,12,1,1,4,6,1,0
36,360871,1,2,1,31,12,14,7,12,6,1,0,36,1,12,443,12443,20,2004,2FMZA57644BA,2,F,M,Z,A,5,7,6,4,4,B,A,0,0,0,000000000,00000000000,0,0,0,1,0,0,0,0,0,0,0,999,0,0,0,12,6,2,12,0,0,0,1,36,14561,6,1,0,0,3,3,63,999,0,0,0,1,0,5,2012,5,2012,0,38,39,0,0,1,2,55,1,2,2,1,20,3,1,55,99,1,1,84,0,0
36,360871,2,2,1,31,12,14,7,12,6,1,0,36,2,20,471,20471,30,2002,1GCCS195X281,1,G,C,C,S,1,9,5,X,2,8,1,0,0,0,000000000,00000000000,0,0,0,1,0,0,0,0,0,0,0,999,0,0,0,9,6,2,12,0,0,0,1,36,14432,1,1,1,0,2,0,71,999,0,2,0,0,0,5,2013,5,2013,0,0,0,0,0,1,2,55,1,2,2,1,0,0,11,15,1,1,1,84,1,0
36,360872,1,1,2,31,12,21,45,31,0,1,1,36,2,12,471,12471,30,2001,1FTYR14VX1TB,1,F,T,Y,R,1,4,V,X,1,T,B,0,0,0,000000000,00000000000,0,0,0,1,0,0,0,0,0,0,0,999,0,0,0,12,6,2,42,0,0,0,1,36,14843,6,1,0,0,3,0,71,999,0,0,0,0,1,7,2013,7,2013,4,0,0,0,0,1,2,55,3,1,2,1,0,0,14,6,99,4,4,7,1,1
36,360873,1,1,2,10,10,2,36,42,0,1,0,36,1,7,20,7020,4,2004,1B3ES26C04D6,1,B,3,E,S,2,6,C,0,4,D,6,0,0,0,000000000,00000000000,0,0,0,1,0,0,0,0,0,0,0,999,0,0,0,1,6,2,2,0,0,1,1,36,10990,6,1,0,0,3,0,72,999,0,2,0,0,1,9,2012,4,2014,0,0,0,0,0,1,2,45,1,1,2,1,0,0,1,12,1,1,5,6,1,0
36,360874,1,2,1,25,10,1,14,12,6,1,0,36,3,12,461,12461,21,2004,1FMRE11W24HA,1,F,M,R,E,1,1,W,2,4,H,A,0,0,0,000000000,00000000000,0,0,0,1,0,0,0,0,0,0,0,998,0,0,0,12,8,2,12,0,0,0,1,36,11755,6,1,0,0,3,0,72,999,0,0,0,0,1,8,2012,8,2012,0,0,0,0,0,6,1,98,1,1,2,1,0,0,1,60,99,1,1,98,0,0
36,360874,2,2,2,25,10,1,14,12,6,1,0,36,3,12,461,12461,21,2009,1FBNE31LX9DA,1,F,B,N,E,3,1,L,X,9,D,A,0,0,0,000000000,00000000000,0,0,0,1,0,0,0,0,0,0,0,998,0,0,0,9,8,2,12,0,0,0,1,42,19542,6,1,0,0,3,0,65,999,0,0,0,0,0,0,0,0,0,0,48,0,0,0,6,1,98,1,1,2,1,0,0,12,53,99,1,1,98,1,1
36,360875,1,2,1,24,10,19,4,12,2,1,0,36,1,12,23,12023,4,2013,3FA6P0K90DR3,3,F,A,6,P,0,K,9,0,D,R,3,0,0,0,000000000,00000000000,0,0,0,1,0,0,0,0,0,0,0,999,0,0,0,12,8,2,12,0,0,0,1,36,11757,6,1,0,0,3,3,61,999,2,0,0,0,0,3,2012,11,2013,0,0,0,0,0,5,5,30,1,1,2,1,0,0,1,62,99,1,1,69,0,0
36,360875,2,2,1,24,10,19,4,12,2,1,0,36,1,37,31,37031,4,2013,19XFB4F25DE2,1,9,X,F,B,4,F,2,5,D,E,2,0,0,0,000000000,00000000000,0,0,0,1,0,0,0,0,0,0,0,999,0,0,0,12,8,2,12,0,0,0,1,36,11757,6,1,0,0,3,3,65,999,0,0,0,0,0,0,0,0,0,0,28,0,0,0,5,5,30,1,1,2,1,0,0,11,15,99,1,2,68,1,0
36,360876,1,2,1,12,10,17,51,12,7,1,0,92,0,76,739,76739,90,9999,999999999999,9,9,9,9,9,9,9,9,9,9,9,9,0,0,0,000000000,00000000000,0,0,0,1,0,0,0,0,0,0,0,998,0,1,1,81,8,2,1,0,0,0,1,36,10036,6,1,6,0,1,0,71,999,0,0,0,0,3,10,2012,12,2012,0,8,35,0,0,1,4,98,1,2,2,1,2,3,6,11,1,1,2,46,1,0
36,360876,2,2,1,12,10,17,51,12,7,1,0,92,0,76,733,76733,90,2006,JY43GG0356C0,J,Y,4,3,G,G,0,3,5,6,C,0,0,0,0,000000000,00000000000,0,0,0,1,0,0,0,0,0,0,0,998,0,0,0,61,8,2,30,0,0,0,1,36,10469,6,1,0,0,3,0,69,999,0,0,0,0,0,0,0,0,0,0,8,0,0,0,1,4,98,1,2,2,1,2,3,1,60,1,1,1,45,0,0
36,360877,1,1,1,24,12,10,35,8,0,1,0,36,1,12,481,12481,31,2002,1FTNX21L42EC,1,F,T,N,X,2,1,L,4,2,E,C,0,0,0,000000000,00000000000,0,0,0,1,0,0,0,0,0,0,0,5,0,0,0,12,8,5,8,0,0,0,1,36,14450,6,1,0,0,3,0,74,999,0,0,0,0,0,0,0,0,0,0,38,0,0,0,1,2,0,1,1,2,2,20,3,1,80,99,1,1,13,0,0
36,360878,1,3,1,11,11,16,18,12,6,1,0,36,1,72,706,72706,80,2005,1HD4CJM1X5K4,1,H,D,4,C,J,M,1,X,5,K,4,0,0,0,000000000,00000000000,0,0,0,1,0,0,0,0,0,0,0,999,0,0,0,1,6,2,12,0,0,0,1,36,13403,6,1,0,0,3,0,70,999,1,2,0,0,0,9,2012,3,2014,0,39,0,0,0,5,5,40,1,1,2,1,3,3,1,55,1,1,1,87,1,1
36,360878,2,3,1,11,11,16,18,12,6,1,0,36,2,47,36,47036,4,2003,YS3EB49E5330,Y,S,3,E,B,4,9,E,5,3,3,0,0,0,0,000000000,00000000000,0,0,0,1,0,0,0,0,0,0,0,36,0,0,0,12,8,2,12,0,0,0,1,36,13403,6,1,0,0,3,0,67,999,1,0,0,1,1,8,2012,6,2013,0,0,0,0,0,5,5,40,1,1,2,1,3,3,1,17,99,1,1,86,0,0
36,360878,3,3,1,11,11,16,18,12,6,1,0,36,1,22,18,22018,4,2003,1G2NW52E13C2,1,G,2,N,W,5,2,E,1,3,C,2,0,0,0,000000000,00000000000,0,0,0,1,0,0,0,0,0,0,0,0,0,0,0,12,8,2,12,0,0,0,1,36,13318,6,1,0,0,3,0,64,999,1,0,0,0,0,1,2014,1,2014,0,0,0,0,0,1,4,98,1,1,2,1,3,3,5,62,1,1,1,98,0,0
36,360879,1,1,1,24,10,14,46,8,0,1,0,36,2,37,32,37032,4,2001,1HGCG66591A1,1,H,G,C,G,6,6,5,9,1,A,1,0,0,0,000000000,00000000000,0,0,0,1,0,0,0,0,0,0,0,999,0,0,0,6,8,2,8,0,0,0,1,36,10468,6,1,0,0,3,0,64,999,0,0,0,0,0,0,0,0,0,0,31,0,0,0,4,1,30,1,1,2,1,0,0,13,13,99,1,4,92,0,0
36,360880,1,1,1,25,8,20,54,30,0,1,0,36,1,48,401,48401,14,2004,JF1SG656X4G7,J,F,1,S,G,6,5,6,X,4,G,7,0,0,0,000000000,00000000000,0,0,0,1,0,0,0,0,0,0,0,998,0,0,0,12,6,2,30,0,0,0,1,36,11735,6,1,0,0,3,3,71,999,1,0,0,0,0,1,2014,1,2014,0,0,0,0,0,1,4,98,1,1,2,1,0,0,1,13,99,1,5,1,1,1
36,360881,1,1,2,21,9,1,40,8,0,1,0,36,2,35,47,35047,4,2006,1N4AL11D66N4,1,N,4,A,L,1,1,D,6,6,N,4,0,0,0,000000000,00000000000,0,0,0,1,0,0,0,0,0,0,0,998,0,0,0,12,8,5,8,0,0,0,1,36,11561,6,1,0,0,3,0,65,999,0,0,0,0,0,0,0,0,0,0,0,0,0,0,5,4,98,1,1,2,2,0,0,1,80,99,1,1,13,0,0
36,360882,1,1,1,15,9,22,42,8,0,1,0,36,1,49,402,49402,14,2007,JTMBD33V2760,J,T,M,B,D,3,3,V,2,7,6,0,0,0,0,000000000,00000000000,0,0,0,1,0,0,0,0,0,0,0,998,0,0,0,11,8,5,8,0,0,0,1,36,11572,6,1,0,0,3,3,66,999,0,0,0,0,0,0,0,0,0,0,0,0,0,0,5,5,98,1,1,2,1,0,0,1,80,99,1,1,13,0,0
36,360883,1,1,1,17,11,19,44,8,0,1,1,99,9,99,999,99999,99,9999,999999999999,9,9,9,9,9,9,9,9,9,9,9,9,0,0,0,000000000,00000000000,0,0,0,1,0,0,0,0,0,0,0,999,0,0,0,99,8,5,8,0,0,0,1,99,99999,9,9,99,9,9,9,999,999,99,99,99,99,99,99,9999,99,9999,0,0,0,0,0,3,3,30,1,1,2,2,3,3,1,80,99,1,1,13,0,0
36,360884,1,1,3,28,8,13,7,8,0,1,0,36,2,7,41,7041,4,2001,2B3HD46R51H6,2,B,3,H,D,4,6,R,5,1,H,6,0,0,0,000000000,00000000000,0,0,0,1,0,0,0,0,0,0,0,999,0,0,0,12,8,2,8,0,0,0,1,36,13069,6,1,0,0,3,0,67,999,0,0,0,0,0,0,0,0,0,0,0,0,0,0,1,2,55,1,3,2,1,0,0,1,80,99,1,1,13,0,0
36,360885,1,2,1,31,10,9,23,12,2,1,0,36,3,12,881,12881,61,2011,1FDUF4HT7BEB,1,F,D,U,F,4,H,T,7,B,E,B,0,0,77,777777777,77777777777,2,1,4,1,0,0,0,0,0,0,0,999,0,0,0,12,6,2,12,0,0,0,1,36,13118,6,1,6,0,3,0,69,999,0,0,0,0,0,0,0,0,0,0,28,0,0,0,1,2,55,1,2,2,1,0,0,1,10,99,1,2,50,0,0
36,360885,2,2,2,31,10,9,23,12,2,1,0,36,3,12,881,12881,61,2011,1FT8W3DT9BEC,1,F,T,8,W,3,D,T,9,B,E,C,0,0,57,2363660,572363660,2,2,3,1,0,0,0,0,0,0,0,999,0,0,0,12,6,2,12,0,0,0,1,36,13820,6,1,6,0,3,0,71,999,1,0,0,0,0,1,2014,1,2014,0,0,0,0,0,1,2,55,1,2,2,1,0,0,1,62,99,1,1,51,1,0
36,360886,1,2,1,24,10,7,41,12,6,1,0,36,2,55,401,55401,14,2004,KM8SC73D34U7,K,M,8,S,C,7,3,D,3,4,U,7,0,0,0,000000000,00000000000,0,0,0,1,0,0,0,0,0,0,0,999,0,0,0,12,8,2,12,0,0,0,1,36,14621,6,7,0,0,2,2,69,999,0,0,0,0,0,0,0,0,0,0,38,39,73,0,1,2,35,1,1,2,1,20,3,1,55,99,1,1,88,0,0
36,360886,2,2,1,24,10,7,41,12,6,1,0,36,2,9,20,9020,4,1999,1P3ES47C5XD1,1,P,3,E,S,4,7,C,5,X,D,1,0,0,0,000000000,00000000000,0,0,0,1,0,0,0,0,0,0,0,999,0,0,0,9,8,2,12,0,0,0,1,36,14621,6,1,0,0,3,3,70,999,0,0,0,0,0,0,0,0,0,0,0,0,0,0,1,2,35,1,1,2,1,0,0,1,17,99,1,1,89,1,0
36,360887,1,2,1,11,11,22,12,12,2,1,0,36,1,18,7,18007,4,2004,2G4WS52J6412,2,G,4,W,S,5,2,J,6,4,1,2,0,0,0,000000000,00000000000,0,0,0,1,0,0,0,0,0,0,0,999,0,0,0,12,6,2,12,0,0,0,1,36,11706,6,1,0,0,3,0,71,999,0,0,0,0,0,0,0,0,0,0,35,51,0,0,3,3,55,1,1,2,2,28,3,1,54,99,1,1,42,0,0
36,360887,2,2,1,11,11,22,12,12,2,1,0,36,2,48,34,48034,4,1993,4S3BC6332P96,4,S,3,B,C,6,3,3,2,P,9,6,0,0,0,000000000,00000000000,0,0,0,1,0,0,0,0,0,0,0,999,0,0,0,12,6,2,12,0,0,0,1,36,11730,6,1,0,0,3,0,73,999,0,0,0,0,0,0,0,0,0,0,0,0,0,0,3,3,55,1,1,2,2,0,0,1,54,99,1,1,42,1,0
36,360888,1,1,1,11,11,18,50,34,0,1,0,36,1,12,4,12004,1,2002,1FAHP60A02Y1,1,F,A,H,P,6,0,A,0,2,Y,1,0,0,0,000000000,00000000000,0,0,0,1,0,0,0,0,0,0,0,999,0,1,5,12,6,2,30,0,0,0,1,36,14063,6,1,0,0,3,3,70,999,0,0,0,0,0,0,0,0,0,4,0,0,0,0,2,2,45,2,2,2,1,0,0,14,12,99,1,5,6,1,1
36,360889,1,2,1,7,10,22,1,12,2,1,0,36,1,55,33,55033,4,2007,5NPEU46F87H2,5,N,P,E,U,4,6,F,8,7,H,2,0,0,0,000000000,00000000000,0,0,0,1,0,0,0,0,0,0,0,999,0,0,0,12,8,2,12,0,0,0,1,36,14619,6,1,0,0,3,0,71,999,0,2,0,1,1,8,2012,5,2014,0,0,0,0,0,1,2,15,1,1,1,2,0,0,11,10,99,1,2,76,1,0
36,360889,2,2,1,7,10,22,1,12,2,1,0,36,1,35,43,35043,4,2012,3N1AB6AP3CL7,3,N,1,A,B,6,A,P,3,C,L,7,0,0,0,000000000,00000000000,0,0,0,1,0,0,0,0,0,0,0,999,0,0,0,12,8,5,12,0,0,0,1,36,14580,6,1,0,0,3,3,62,999,1,0,0,0,0,7,2013,7,2013,0,0,0,0,0,1,2,15,1,1,1,2,0,0,1,62,99,1,1,77,0,0
36,360890,1,2,1,29,8,0,14,12,6,1,1,36,2,49,403,49403,14,2004,JTEEP21A1400,J,T,E,E,P,2,1,A,1,4,0,0,0,0,0,000000000,00000000000,0,0,0,1,0,0,0,0,0,0,0,999,0,0,0,12,8,2,12,0,0,0,1,36,14207,1,1,0,0,2,0,63,999,0,1,0,0,2,6,2013,1,2014,0,38,50,0,0,1,2,30,1,1,2,1,0,0,1,17,99,1,1,88,0,1
36,360890,2,2,5,29,8,0,14,12,6,1,0,36,3,20,461,20461,21,2011,1GBZGUCL5B11,1,G,B,Z,G,U,C,L,5,B,1,1,0,0,0,000000000,00000000000,0,0,0,1,0,0,0,0,0,6,6,999,0,1,1,63,8,2,1,0,0,0,1,36,14150,6,1,0,0,3,3,66,999,0,0,0,0,0,0,0,0,0,0,0,0,0,0,1,2,30,1,1,2,1,20,3,1,66,99,1,1,89,1,0
36,360891,1,1,1,6,12,21,59,8,0,1,0,36,1,20,481,20481,31,2013,1GCRKSE70DZ2,1,G,C,R,K,S,E,7,0,D,Z,2,0,0,0,000000000,00000000000,0,0,0,1,0,0,0,0,0,0,0,999,0,0,0,12,8,2,8,0,0,0,1,36,12067,6,1,0,0,3,0,72,999,1,0,0,0,0,6,2014,6,2014,0,0,0,0,0,5,6,45,1,1,2,2,3,3,1,80,99,1,1,13,0,0
36,360892,1,1,1,11,12,7,15,8,0,1,0,36,1,23,431,23431,16,2003,1GKEK13Z53J1,1,G,K,E,K,1,3,Z,5,3,J,1,0,0,0,000000000,00000000000,0,0,0,1,0,0,0,0,0,0,0,999,0,0,0,12,0,5,8,0,0,0,1,36,11783,1,1,0,0,2,0,80,999,1,3,0,1,0,3,2012,8,2014,0,0,0,0,0,1,2,30,1,1,2,1,1,3,1,80,99,1,1,13,0,0
36,360893,1,1,1,29,12,10,9,8,0,1,0,36,2,41,51,41051,4,2013,JM1BL1VP2D18,J,M,1,B,L,1,V,P,2,D,1,8,0,0,0,000000000,00000000000,0,0,0,1,0,0,0,0,0,0,0,999,0,0,0,12,8,2,8,0,0,0,1,36,12529,6,1,0,0,3,3,65,999,0,0,0,0,0,0,0,0,0,0,0,0,0,0,1,2,40,1,1,2,1,0,0,1,80,6,1,1,13,0,0
36,360894,1,1,1,5,12,6,8,41,0,1,0,36,1,2,404,2404,14,1996,1J4EZ58S7TC1,1,J,4,E,Z,5,8,S,7,T,C,1,0,0,0,000000000,00000000000,0,0,0,1,0,0,0,0,0,0,0,999,0,0,0,12,6,2,42,0,0,0,1,36,12569,6,1,0,0,3,0,74,999,0,0,0,0,0,0,0,0,0,4,0,0,0,0,1,2,40,3,1,2,1,0,0,14,13,99,1,4,1,1,0
36,360895,1,2,1,14,9,7,28,12,6,1,0,36,1,12,402,12402,14,2012,1FMCU9EG8CKC,1,F,M,C,U,9,E,G,8,C,K,C,0,0,0,000000000,00000000000,0,0,0,1,0,0,0,0,0,0,0,999,0,0,0,12,8,2,12,0,0,0,1,36,14221,6,1,0,0,3,0,65,999,0,0,0,0,0,0,0,0,0,3,38,39,0,0,5,3,45,1,1,2,1,3,3,1,55,99,1,1,88,0,0
36,360895,2,2,1,14,9,7,28,12,6,1,0,36,1,22,18,22018,4,2001,1G2NW52E01C1,1,G,2,N,W,5,2,E,0,1,C,1,0,0,0,000000000,00000000000,0,0,0,1,0,0,0,0,0,0,0,999,0,0,0,9,8,2,12,0,0,0,1,36,14001,6,1,0,0,3,0,64,999,0,0,0,0,0,0,0,0,0,0,0,0,0,0,5,3,45,1,1,2,1,3,3,1,17,99,1,1,89,1,0
36,360896,1,1,1,26,12,11,8,42,0,1,0,36,1,49,46,49046,4,2013,JTDKN3DU0D03,J,T,D,K,N,3,D,U,0,D,0,3,0,0,0,000000000,00000000000,0,0,0,1,0,0,0,0,0,0,0,999,0,0,0,12,8,2,42,0,0,0,1,36,12037,6,1,0,0,3,0,72,999,0,0,0,0,0,0,0,0,0,0,0,0,0,0,1,2,55,1,2,2,1,0,0,1,12,99,1,5,6,1,0
36,360897,1,1,1,27,12,17,50,8,0,1,0,36,1,23,481,23481,31,2005,1GTEK19B75E1,1,G,T,E,K,1,9,B,7,5,E,1,0,0,0,000000000,00000000000,0,0,0,1,0,0,0,0,0,0,0,999,0,0,0,12,8,2,8,0,0,0,1,36,14120,6,1,0,0,3,0,74,999,1,1,0,0,2,12,2011,11,2012,0,0,0,0,0,1,2,30,1,1,2,2,0,0,1,80,1,1,1,13,0,0
36,360898,1,1,1,9,11,4,50,8,0,1,1,36,1,2,404,2404,14,2014,1C4PJMCS5EW1,1,C,4,P,J,M,C,S,5,E,W,1,0,0,0,000000000,00000000000,0,0,0,1,0,0,0,0,0,0,0,998,0,0,0,12,8,5,8,0,0,0,1,36,11722,6,1,0,0,3,0,68,999,2,2,0,0,1,1,2012,2,2013,9,0,0,0,0,5,3,98,3,1,2,1,0,0,14,82,99,1,9,13,0,0
36,360899,1,1,2,17,11,18,25,8,0,1,0,36,1,6,52,6052,6,2008,3A8FY58B38T1,3,A,8,F,Y,5,8,B,3,8,T,1,0,0,0,000000000,00000000000,0,0,0,1,0,0,0,0,0,0,0,998,0,0,0,12,8,2,8,0,0,0,1,36,11777,6,1,0,0,3,3,64,999,1,0,0,0,0,1,2014,1,2014,0,0,0,0,0,1,2,98,1,1,2,2,0,0,1,80,99,1,1,13,0,0
36,360900,1,1,1,4,12,4,46,8,0,1,0,36,3,84,890,84890,61,2015,3HAMMMML8FL5,3,H,A,M,M,M,M,L,8,F,L,5,0,0,57,1612855,571612855,2,1,1,1,0,0,0,0,0,0,0,999,0,0,0,12,8,5,8,0,0,0,1,36,13905,6,1,0,0,3,0,70,999,1,1,0,0,1,5,2012,10,2014,0,0,0,0,0,1,2,55,1,1,2,1,0,0,1,80,99,1,1,13,0,0