STATE,ST_CASE,VEH_NO,VE_FORMS,NUMOCCS,DAY,MONTH,HOUR,MINUTE,HARM_EV,MAN_COLL,UNITTYPE,HIT_RUN,REG_STAT,OWNER,MAKE,MODEL,MAK_MOD,BODY_TYP,MOD_YEAR,VIN,VIN_1,VIN_2,VIN_3,VIN_4,VIN_5,VIN_6,VIN_7,VIN_8,VIN_9,VIN_10,VIN_11,VIN_12,TOW_VEH,J_KNIFE,MCARR_I1,MCARR_I2,MCARR_ID,GVWR,V_CONFIG,CARGO_BT,HAZ_INV,HAZ_PLAC,HAZ_ID,HAZ_CNO,HAZ_REL,BUS_USE,SPEC_USE,EMER_USE,TRAV_SP,UNDERIDE,ROLLOVER,ROLINLOC,IMPACT1,DEFORMED,TOWED,M_HARM,VEH_SC1,VEH_SC2,FIRE_EXP,DR_PRES,L_STATE,DR_ZIP,L_STATUS,L_TYPE,CDL_STAT,L_ENDORS,L_COMPL,L_RESTRI,DR_HGT,DR_WGT,PREV_ACC,PREV_SUS,PREV_DWI,PREV_SPD,PREV_OTH,FIRST_MO,FIRST_YR,LAST_MO,LAST_YR,SPEEDREL,DR_SF1,DR_SF2,DR_SF3,DR_SF4,VTRAFWAY,VNUM_LAN,VSPD_LIM,VALIGN,VPROFILE,VPAVETYP,VSURCOND,VTRAFCON,VTCONT_F,P_CRASH1,P_CRASH2,P_CRASH3,PCRASH4,PCRASH5,ACC_TYPE,DEATHS,DR_DRINK
36,360901,1,1,1,5,12,12,13,8,0,1,0,36,2,37,421,37421,15,2012,5FNYF4H23CB0,5,F,N,Y,F,4,H,2,3,C,B,0,0,0,0,000000000,00000000000,0,0,0,1,0,0,0,0,0,0,0,998,0,0,0,12,8,2,8,0,0,0,1,36,11717,6,1,0,0,3,0,66,999,0,2,0,1,1,10,2012,7,2013,0,0,0,0,0,1,4,98,1,1,2,2,0,0,1,80,98,1,3,13,0,0
36,360902,1,1,1,21,12,22,42,8,0,1,0,36,3,12,16,12016,4,2009,2FAHP70V09X1,2,F,A,H,P,7,0,V,0,9,X,1,0,0,0,000000000,00000000000,0,0,0,1,0,0,0,0,0,1,0,998,0,0,0,12,0,3,8,0,0,0,1,36,11746,0,0,0,0,0,0,999,999,99,99,99,99,99,99,9999,99,9999,0,0,0,0,0,1,2,30,1,1,2,2,0,0,1,80,99,1,1,13,0,0
36,360903,1,3,2,26,12,21,41,12,6,1,0,36,1,19,18,19018,4,2010,1G6DA5EG8A01,1,G,6,D,A,5,E,G,8,A,0,1,0,0,0,000000000,00000000000,0,0,0,1,0,0,0,0,0,0,0,998,0,0,0,11,8,2,30,0,0,0,1,36,11776,6,1,0,0,3,0,66,999,1,0,0,0,0,9,2013,9,2013,0,0,0,0,0,3,2,98,1,1,2,1,3,3,1,17,99,1,1,89,0,0
36,360903,2,3,1,26,12,21,41,12,6,1,0,36,1,49,32,49032,4,2010,2T1BU4EE9AC3,2,T,1,B,U,4,E,E,9,A,C,3,0,0,0,000000000,00000000000,0,0,0,1,0,0,0,0,0,0,0,998,0,0,0,12,8,2,12,0,0,0,1,36,11777,6,1,0,0,3,0,68,999,0,0,0,0,0,0,0,0,0,0,0,0,0,0,3,2,98,1,1,2,1,3,3,1,17,99,1,1,98,0,0
36,360903,3,3,2,26,12,21,41,12,6,1,0,36,2,30,40,30040,4,2003,3VWSK69M13M0,3,V,W,S,K,6,9,M,1,3,M,0,0,0,0,000000000,00000000000,0,0,0,1,0,0,0,0,0,0,0,998,0,0,0,12,8,2,12,0,0,0,1,36,11779,6,1,0,0,3,0,68,999,0,0,0,0,0,0,0,0,0,0,38,39,0,0,3,2,98,1,1,2,1,3,3,1,55,99,1,1,88,1,0
36,360904,1,1,1,6,11,16,45,8,0,1,0,36,1,35,49,35049,6,2009,JN8AZ18W69W1,J,N,8,A,Z,1,8,W,6,9,W,1,0,0,0,000000000,00000000000,0,0,0,1,0,0,0,0,0,0,0,999,0,0,0,12,8,2,8,0,0,0,1,36,12180,6,1,6,0,3,3,73,999,0,0,0,0,0,0,0,0,0,0,0,0,0,0,1,4,30,1,1,2,2,0,0,1,80,99,1,1,13,0,0
36,360905,1,2,2,18,11,17,33,8,0,1,0,42,3,12,881,12881,61,2004,1FDWX37PX4EA,1,F,D,W,X,3,7,P,X,4,E,A,0,0,77,777777777,77777777777,2,1,4,1,0,0,0,0,0,0,0,999,0,0,0,6,0,5,8,0,0,0,1,42,16727,6,1,6,1,3,0,71,999,0,0,0,0,2,5,2013,5,2013,0,31,0,0,0,5,6,40,1,1,2,3,3,3,13,80,1,1,1,92,0,0
36,360905,2,2,1,18,11,17,33,8,0,1,0,36,3,98,998,98998,93,2007,N7F201316,N,7,F,2,0,1,3,1,6,,,,0,0,99,999999999,99999999999,3,19,97,1,0,0,0,0,0,0,0,0,0,0,0,6,0,5,12,0,0,0,1,36,14150,6,1,6,1,3,3,72,999,0,0,0,0,0,0,0,0,0,0,0,0,0,0,5,6,40,1,1,2,3,3,3,5,56,1,1,1,98,0,0
36,360906,1,1,2,27,12,22,33,8,0,1,0,36,3,12,399,12399,4,2007,999999999999,9,9,9,9,9,9,9,9,9,9,9,9,0,0,0,000000000,00000000000,0,0,0,1,0,0,0,0,0,5,6,998,0,0,0,12,8,2,8,0,0,0,1,36,11706,6,1,0,0,3,0,65,999,0,0,0,0,0,0,0,0,0,0,16,0,0,0,1,2,98,1,1,2,1,0,0,1,80,99,1,1,13,0,0
36,360907,1,1,1,12,11,16,35,8,0,1,0,34,3,12,461,12461,21,2007,1FDSE35L97DA,1,F,D,S,E,3,5,L,9,7,D,A,0,0,0,000000000,00000000000,0,0,0,1,0,0,0,0,0,0,0,999,0,0,0,12,0,5,8,0,0,0,1,36,10027,6,1,0,0,3,0,64,999,0,0,0,0,0,0,0,0,0,0,38,0,0,0,1,4,30,1,1,2,1,2,3,11,80,99,1,1,13,0,0
36,360908,1,1,1,31,12,23,37,8,0,1,1,36,1,20,22,20022,2,2010,1G1AF1F56A72,1,G,1,A,F,1,F,5,6,A,7,2,0,0,0,000000000,00000000000,0,0,0,1,0,0,0,0,0,0,0,999,0,0,0,12,4,5,8,0,0,0,1,36,14559,6,1,0,0,3,3,66,999,0,1,0,0,0,10,2014,10,2014,0,0,0,0,0,1,2,55,1,1,2,3,0,0,1,11,99,1,4,13,0,1
36,360909,1,1,1,3,11,13,38,21,0,1,0,36,2,76,705,76705,80,2008,JYARJ16E38A0,J,Y,A,R,J,1,6,E,3,8,A,0,0,0,0,000000000,00000000000,0,0,0,1,0,0,0,0,0,0,0,999,0,0,0,12,6,2,21,0,0,0,1,36,11219,1,1,0,0,2,0,63,999,0,2,0,0,2,4,2012,10,2013,4,0,0,0,0,3,4,55,3,1,2,1,0,0,14,13,99,1,5,1,1,0
36,360910,1,3,1,5,11,7,2,12,7,1,0,36,1,63,34,63034,4,2008,KNAGE123X852,K,N,A,G,E,1,2,3,X,8,5,2,0,0,0,000000000,00000000000,0,0,0,1,0,0,0,0,0,0,0,999,0,0,0,11,8,2,12,0,0,0,1,36,12118,6,1,0,0,3,0,80,999,0,0,0,0,0,0,0,0,0,0,26,0,0,0,3,3,55,1,1,2,1,0,0,2,11,6,1,2,47,0,0
36,360910,2,3,1,5,11,7,2,12,7,1,0,36,1,20,404,20404,14,2012,2GNALBEK7C12,2,G,N,A,L,B,E,K,7,C,1,2,0,0,0,000000000,00000000000,0,0,0,1,0,0,0,0,0,0,0,999,0,0,0,3,8,2,12,0,0,0,1,36,12804,6,1,0,0,3,3,70,999,1,0,0,0,0,10,2012,10,2012,0,0,0,0,0,3,3,55,1,1,2,1,0,0,1,61,99,1,1,45,0,0
36,360910,3,3,1,5,11,7,2,12,7,1,0,36,1,12,461,12461,21,1997,1FTFE2429VHB,1,F,T,F,E,2,4,2,9,V,H,B,0,0,0,000000000,00000000000,0,0,0,1,0,0,0,0,0,0,0,999,0,0,0,12,8,2,12,0,0,0,1,36,12047,6,1,0,0,3,3,70,999,0,0,0,0,0,0,0,0,0,0,26,0,0,0,3,3,55,1,1,2,1,0,0,1,60,99,1,1,98,0,0
36,360911,1,1,2,9,12,17,13,8,0,1,0,42,1,48,402,48402,14,2012,4S4WX9HD8C44,4,S,4,W,X,9,H,D,8,C,4,4,0,0,0,000000000,00000000000,0,0,0,1,0,0,0,0,0,0,0,998,0,0,0,12,8,3,8,0,0,0,1,42,18466,6,1,0,0,3,0,70,999,0,0,0,0,0,0,0,0,0,0,0,0,0,0,1,4,98,1,1,2,2,0,0,1,80,99,1,1,13,0,0
36,360912,1,1,2,19,4,2,37,42,0,1,0,36,2,49,43,49043,4,1997,4T1BF12B0VU1,4,T,1,B,F,1,2,B,0,V,U,1,0,0,0,000000000,00000000000,0,0,0,1,0,0,0,0,0,0,0,70,0,0,0,12,8,2,42,0,0,0,1,36,11946,6,1,0,0,3,3,67,999,0,0,0,0,0,0,0,0,0,3,0,0,0,0,1,2,30,1,2,2,1,0,0,1,13,99,1,5,1,1,1
36,360913,1,2,2,30,11,20,9,12,2,1,0,36,2,35,43,35043,4,2002,3N1AB51A42L7,3,N,1,A,B,5,1,A,4,2,L,7,0,0,0,000000000,00000000000,0,0,0,1,0,0,0,0,0,0,0,999,0,0,0,12,6,2,12,0,0,0,1,36,14011,6,1,0,0,3,0,70,999,0,0,0,0,0,0,0,0,0,4,28,0,0,0,1,2,55,2,1,2,2,0,0,14,10,99,1,2,50,1,1
36,360913,2,2,1,30,11,20,9,12,2,1,0,36,3,85,881,85881,66,2013,1XKDD40X8DJ3,1,X,K,D,D,4,0,X,8,D,J,3,1,1,77,777777777,77777777777,3,6,1,1,0,0,0,0,0,0,0,55,0,0,0,12,8,2,12,0,0,0,1,36,14020,6,1,6,1,3,0,66,999,0,0,0,0,0,0,0,0,0,0,0,0,0,0,1,2,55,3,1,2,2,0,0,14,62,99,1,1,51,0,0
36,360914,1,1,1,17,5,21,14,11,0,1,0,36,1,72,706,72706,80,2012,1HD1KBM13CB6,1,H,D,1,K,B,M,1,3,C,B,6,0,0,0,000000000,00000000000,0,0,0,1,0,0,0,0,0,0,0,998,0,0,0,12,6,2,11,0,0,0,1,36,13440,6,1,6,0,3,0,70,999,0,0,0,0,0,0,0,0,0,0,0,0,0,0,1,2,98,1,1,2,1,0,0,1,87,99,1,1,13,1,0
36,360915,1,1,1,21,5,16,7,42,0,1,0,36,2,20,481,20481,31,1997,1GCEK14W6VZ2,1,G,C,E,K,1,4,W,6,V,Z,2,0,0,0,000000000,00000000000,0,0,0,1,0,0,0,0,0,0,0,998,0,0,0,12,8,2,42,0,0,0,1,36,12542,3,1,0,0,2,0,74,999,0,4,0,0,0,9,2012,11,2013,4,0,0,0,0,1,2,98,3,2,2,1,0,0,14,13,99,1,5,1,1,1
36,360916,1,2,1,26,11,16,56,12,6,1,0,36,2,18,7,18007,4,1995,1G4AG55MXS64,1,G,4,A,G,5,5,M,X,S,6,4,0,0,0,000000000,00000000000,0,0,0,1,0,0,0,0,0,0,0,999,0,0,0,3,8,2,12,0,0,0,1,36,11717,6,1,0,0,3,0,70,999,0,0,0,0,0,0,0,0,0,0,0,0,0,0,5,5,30,1,1,2,2,3,3,11,15,99,1,1,68,0,0
36,360916,2,2,1,26,11,16,56,12,6,1,0,36,1,72,706,72706,80,2002,1HD1CGP1X2K1,1,H,D,1,C,G,P,1,X,2,K,1,0,0,0,000000000,00000000000,0,0,0,1,0,0,0,0,0,0,0,999,0,0,0,12,8,2,12,0,0,0,1,36,11758,6,1,0,0,3,3,67,999,0,2,0,0,1,1,2012,7,2012,0,0,0,0,0,5,5,30,1,1,2,2,3,3,1,17,99,1,1,69,1,0
36,360917,1,2,1,14,12,11,51,12,7,1,0,36,1,2,422,2422,15,2014,1C4RJFBG2EC3,1,C,4,R,J,F,B,G,2,E,C,3,0,0,0,000000000,00000000000,0,0,0,1,0,0,0,0,0,0,0,999,0,0,0,1,8,2,12,0,0,0,1,36,11756,6,1,0,0,3,0,61,999,0,0,0,0,0,0,0,0,0,0,0,0,0,0,3,2,55,1,1,2,1,0,0,1,61,99,1,1,45,0,0
36,360917,2,2,2,14,12,11,51,12,7,1,0,36,3,12,16,12016,4,2006,2FAHP71W46X1,2,F,A,H,P,7,1,W,4,6,X,1,0,0,0,000000000,00000000000,0,0,0,1,0,0,0,0,0,1,0,999,0,1,1,7,6,2,1,0,0,0,1,36,11733,6,1,0,0,3,0,72,999,0,0,0,0,0,0,0,0,0,0,27,0,0,0,3,2,55,1,1,2,1,0,0,15,11,99,1,2,47,1,0
36,360918,1,1,2,21,11,15,33,42,0,1,0,36,2,12,3,12003,2,1994,1FALP42T1RF1,1,F,A,L,P,4,2,T,1,R,F,1,0,0,0,000000000,00000000000,0,0,0,1,0,0,0,0,0,0,0,999,0,0,0,9,6,2,42,0,0,0,1,36,10573,6,1,0,0,3,0,71,999,0,0,0,0,0,0,0,0,0,3,33,0,0,0,1,2,30,1,2,2,1,0,0,6,51,6,3,5,7,1,0
36,360919,1,2,2,26,12,20,45,12,6,1,0,36,2,35,39,35039,4,2005,1N4BA41E85C8,1,N,4,B,A,4,1,E,8,5,C,8,0,0,0,000000000,00000000000,0,0,0,1,0,0,0,0,0,0,0,12,0,0,0,9,8,2,12,0,0,0,1,36,10954,6,1,0,0,3,0,67,999,2,0,0,0,0,4,2013,4,2014,0,0,0,0,0,1,2,30,1,1,2,1,0,0,11,15,99,1,1,82,0,0
36,360919,2,2,1,26,12,20,45,12,6,1,0,36,2,37,705,37705,80,2005,JH2PC37025M2,J,H,2,P,C,3,7,0,2,5,M,2,0,0,0,000000000,00000000000,0,0,0,1,0,0,0,0,0,0,0,47,0,0,0,12,6,2,12,0,0,0,1,36,10977,6,2,0,0,2,0,67,999,0,0,0,0,0,0,0,0,0,3,52,0,0,0,1,2,30,1,1,2,1,0,0,1,66,99,1,1,83,1,0
36,360920,1,1,1,8,12,17,41,8,0,1,0,36,1,6,442,6442,20,2002,1C4GJ45352B5,1,C,4,G,J,4,5,3,5,2,B,5,0,0,0,000000000,00000000000,0,0,0,1,0,0,0,0,0,0,0,999,0,0,0,12,8,2,8,0,0,0,1,36,14212,6,1,0,0,3,0,63,999,0,0,0,0,0,0,0,0,0,0,0,0,0,0,1,4,40,1,1,2,1,0,0,1,80,99,1,1,13,0,0
36,360921,1,1,1,5,11,20,7,14,0,1,0,36,1,20,37,20037,4,2000,1G1NE52J7Y61,1,G,1,N,E,5,2,J,7,Y,6,1,0,0,0,000000000,00000000000,0,0,0,1,0,0,0,0,0,0,0,999,0,0,0,12,8,2,14,0,0,0,1,36,14224,6,1,0,0,3,0,64,999,0,0,0,0,0,0,0,0,0,0,0,0,0,0,1,2,35,3,1,2,1,0,0,14,13,99,1,5,11,1,0
36,360922,1,2,1,20,3,8,45,12,6,1,0,36,1,49,40,49040,4,1986,JT2SV12E7G05,J,T,2,S,V,1,2,E,7,G,0,5,0,0,0,000000000,00000000000,0,0,0,1,0,0,0,0,0,0,0,998,0,0,0,1,8,2,12,0,0,0,1,36,14224,6,1,0,0,3,3,68,999,0,0,0,0,0,0,0,0,0,0,38,39,0,0,1,5,98,1,1,2,2,3,3,11,15,99,1,1,82,1,0
36,360922,2,2,2,20,3,8,45,12,6,1,0,36,1,12,17,12017,4,2008,1FAHP25WX8G1,1,F,A,H,P,2,5,W,X,8,G,1,0,0,0,000000000,00000000000,0,0,0,1,0,0,0,0,0,0,0,998,0,0,0,12,8,2,12,0,0,0,1,36,14086,6,1,0,0,3,0,66,999,0,0,0,0,0,0,0,0,0,0,0,0,0,0,1,3,98,1,1,2,2,3,3,1,17,99,1,1,83,0,0
36,360923,1,1,1,28,6,14,30,30,0,1,0,36,1,20,29,20029,5,2014,KL8CB6S90EC4,K,L,8,C,B,6,S,9,0,E,C,4,0,0,0,000000000,00000000000,0,0,0,1,0,0,0,0,0,0,0,998,0,0,0,12,6,2,30,0,0,0,1,36,14008,6,1,0,0,3,3,59,999,0,0,0,0,0,0,0,0,0,0,0,0,0,0,1,2,55,1,1,2,1,0,0,1,12,99,1,5,6,1,0
36,360924,1,1,4,23,12,18,3,8,0,1,0,36,3,98,907,98907,52,2009,1VHHH3P25967,1,V,H,H,H,3,P,2,5,9,6,7,0,0,77,777777777,77777777777,3,21,22,1,0,0,0,0,6,3,0,998,0,0,0,12,0,5,8,0,0,0,1,36,11239,6,1,6,1,3,0,72,999,0,0,0,0,0,0,0,0,0,0,38,39,0,0,1,2,98,1,1,2,2,2,3,11,80,1,1,1,13,0,0
36,360925,1,3,1,11,10,21,49,8,0,1,1,99,9,99,999,99999,99,9999,999999999999,9,9,9,9,9,9,9,9,9,9,9,9,0,0,0,000000000,00000000000,0,0,0,1,0,0,0,0,0,0,0,998,0,0,0,5,8,5,8,0,0,0,1,99,99999,9,9,99,0,9,9,999,999,99,99,99,99,99,99,9999,99,9999,9,0,0,0,0,1,4,45,1,1,2,1,0,0,1,80,99,1,1,13,0,0
36,360925,2,3,1,11,10,21,49,8,0,1,1,99,9,99,999,99999,99,9999,999999999999,9,9,9,9,9,9,9,9,9,9,9,9,0,0,0,000000000,00000000000,0,0,0,1,0,0,0,0,0,0,0,998,0,0,0,12,8,5,8,0,0,0,1,99,99999,9,9,99,0,9,9,999,999,99,99,99,99,99,99,9999,99,9999,9,0,0,0,0,1,4,45,1,1,2,1,0,0,1,80,99,1,1,98,0,0
36,360925,3,3,1,11,10,21,49,8,0,1,1,99,9,99,999,99999,99,9999,999999999999,9,9,9,9,9,9,9,9,9,9,9,9,0,0,0,000000000,00000000000,0,0,0,1,0,0,0,0,0,0,0,998,0,0,0,12,8,5,8,0,0,0,1,99,99999,9,9,99,0,9,9,999,999,99,99,99,99,99,99,9999,99,9999,9,0,0,0,0,1,4,45,1,1,2,1,0,0,1,80,99,1,1,98,0,0
36,360926,1,1,2,9,10,7,20,8,0,1,0,36,1,37,32,37032,4,2008,1HGCP26878A0,1,H,G,C,P,2,6,8,7,8,A,0,0,0,0,000000000,00000000000,0,0,0,1,0,0,0,0,0,0,0,999,0,0,0,12,8,5,8,0,0,0,1,36,11003,6,1,0,0,3,3,64,999,0,0,0,0,0,0,0,0,0,0,0,0,0,0,1,5,35,1,1,1,1,0,0,1,80,99,1,1,13,0,0
36,360927,1,1,1,10,9,23,46,8,0,1,1,99,9,99,999,99999,99,9999,999999999999,9,9,9,9,9,9,9,9,9,9,9,9,0,0,0,000000000,00000000000,0,0,0,1,0,0,0,0,0,0,0,999,0,0,0,12,8,5,8,0,0,0,1,99,99999,9,9,99,9,9,9,999,999,99,99,99,99,99,99,9999,99,9999,0,0,0,0,0,1,2,99,1,3,2,1,0,0,1,99,99,9,4,98,0,0
36,360928,1,1,1,1,6,12,11,31,0,1,0,36,1,72,706,72706,80,2006,1HD1FFW156Y6,1,H,D,1,F,F,W,1,5,6,Y,6,0,0,0,000000000,00000000000,0,0,0,1,0,0,0,0,0,0,0,999,0,0,0,12,8,2,31,0,0,0,1,36,14011,6,1,6,0,3,3,71,999,1,0,0,0,0,1,2013,1,2013,4,24,0,0,0,1,2,99,3,2,9,1,0,0,14,6,4,4,4,2,1,0
36,360929,1,1,1,18,5,0,45,39,0,1,0,36,2,37,31,37031,4,2008,1HGFA16848L0,1,H,G,F,A,1,6,8,4,8,L,0,0,0,0,000000000,00000000000,0,0,0,1,0,0,0,0,0,0,0,999,0,1,5,12,8,2,1,0,0,0,1,36,10701,6,7,0,0,3,0,61,999,0,0,0,0,0,0,0,0,0,5,0,0,0,0,1,2,99,1,1,2,1,0,0,1,12,99,1,4,6,1,1
36,360930,1,2,1,23,6,8,20,12,2,1,0,36,1,20,401,20401,14,2002,1GNDT13S8224,1,G,N,D,T,1,3,S,8,2,2,4,0,0,0,000000000,00000000000,0,0,0,1,0,0,0,0,0,0,0,999,0,0,0,12,8,2,12,0,0,0,1,36,11731,6,1,0,0,3,0,71,999,0,0,0,0,0,0,0,0,0,0,0,0,0,0,1,2,99,3,1,2,1,0,0,14,62,99,1,1,51,0,0
36,360930,2,2,1,23,6,8,20,12,2,1,0,36,1,18,22,18022,4,2009,2G4WD5826912,2,G,4,W,D,5,8,2,6,9,1,2,0,0,0,000000000,00000000000,0,0,0,1,0,0,0,0,0,0,0,999,0,0,0,12,8,2,12,0,0,0,1,36,11030,6,1,0,0,3,0,68,999,0,0,0,0,0,0,0,0,0,0,28,0,0,0,1,2,99,2,1,2,1,0,0,14,10,99,1,1,50,1,0
36,360931,1,1,1,13,6,8,59,24,0,1,0,36,1,6,52,6052,6,2001,3C8FY4BB91T6,3,C,8,F,Y,4,B,B,9,1,T,6,0,0,0,000000000,00000000000,0,0,0,1,0,0,0,0,0,0,0,999,0,0,0,12,8,2,24,0,0,0,1,36,14615,6,1,0,0,3,0,67,999,0,0,0,0,0,0,0,0,0,5,0,0,0,0,3,3,99,1,1,2,1,3,3,1,6,99,7,4,7,1,0
36,360932,1,1,1,13,7,12,0,35,0,1,0,36,1,50,706,50706,80,2006,SMT905JN26J2,S,M,T,9,0,5,J,N,2,6,J,2,0,0,0,000000000,00000000000,0,0,0,1,0,0,0,0,0,0,0,999,0,0,0,12,8,2,35,0,0,0,1,36,12414,6,1,0,0,3,3,69,999,0,0,0,0,0,0,0,0,0,0,0,0,0,0,1,2,99,3,1,2,1,0,0,14,13,99,1,4,1,1,0
36,360933,1,2,2,5,8,23,58,12,6,1,0,36,1,35,51,35051,6,2011,JN8AS5MV8BW6,J,N,8,A,S,5,M,V,8,B,W,6,0,0,0,000000000,00000000000,0,0,0,1,0,0,0,0,0,0,0,998,0,0,0,11,8,2,12,0,0,0,1,36,10462,6,1,0,0,3,0,63,999,1,0,0,0,0,7,2012,7,2012,0,0,0,0,0,5,5,98,1,1,2,1,3,3,1,17,99,1,1,89,0,0
36,360933,2,2,1,5,8,23,58,12,6,1,0,36,2,76,709,76709,80,2013,RKRSE48Y0DA0,R,K,R,S,E,4,8,Y,0,D,A,0,0,0,0,000000000,00000000000,0,0,0,1,0,0,0,0,0,0,0,998,0,0,0,12,8,2,12,0,0,0,1,36,10710,0,0,0,0,0,0,73,999,0,0,0,0,0,0,0,0,0,3,38,39,0,0,1,2,98,1,1,2,1,3,3,1,55,99,1,1,88,1,0
36,360934,1,1,1,7,8,15,45,31,0,1,0,36,1,20,2,20002,4,2004,2G1WF52E8492,2,G,1,W,F,5,2,E,8,4,9,2,0,0,0,000000000,00000000000,0,0,0,1,0,0,0,0,0,0,0,998,0,0,0,12,8,2,31,0,0,0,1,36,12550,6,1,0,0,3,0,67,999,0,0,0,0,0,0,0,0,0,0,0,0,0,0,1,4,98,1,3,2,1,0,0,11,15,99,1,5,6,1,0
36,360935,1,1,1,3,8,15,4,33,0,1,0,36,1,37,32,37032,4,2007,1HGCM66537A0,1,H,G,C,M,6,6,5,3,7,A,0,0,0,0,000000000,00000000000,0,0,0,1,0,0,0,0,0,0,0,999,0,1,5,14,6,2,1,0,0,0,1,36,13850,6,1,0,0,3,0,66,999,0,0,0,0,0,0,0,0,0,0,0,0,0,0,2,2,99,1,2,2,1,0,0,1,13,99,1,4,1,1,0
36,360936,1,2,1,31,8,21,49,12,2,1,0,12,1,34,34,34034,4,2010,WBAPK5C5XAA6,W,B,A,P,K,5,C,5,X,A,A,6,0,0,0,000000000,00000000000,0,0,0,1,0,0,0,0,0,0,0,999,0,0,0,12,8,2,12,0,0,0,1,12,34745,6,1,0,0,3,0,62,999,0,0,0,0,0,0,0,0,0,0,0,0,0,0,1,2,30,1,1,1,1,0,0,1,54,99,1,1,51,0,0
36,360936,2,2,1,31,8,21,49,12,2,1,0,36,1,37,32,37032,2,1995,1HGCD7263SA0,1,H,G,C,D,7,2,6,3,S,A,0,0,0,0,000000000,00000000000,0,0,0,1,0,0,0,0,0,0,0,999,0,0,0,12,8,2,12,0,0,0,1,36,10573,1,1,1,0,2,3,71,999,0,2,0,0,0,7,2013,7,2013,5,28,0,0,0,1,2,30,1,1,1,1,0,0,1,98,99,1,1,50,1,0
36,360937,1,2,1,17,9,15,19,12,2,1,0,36,1,20,404,20404,14,2008,2CNDL23F0863,2,C,N,D,L,2,3,F,0,8,6,3,0,0,0,000000000,00000000000,0,0,0,1,0,0,0,0,0,0,0,998,0,0,0,12,8,2,12,0,0,0,1,36,14224,6,1,0,0,3,0,68,999,0,0,0,0,0,0,0,0,0,0,28,0,0,0,5,3,98,1,1,2,1,3,3,1,10,99,1,2,50,1,0
36,360937,2,2,2,17,9,15,19,12,2,1,0,36,1,13,13,13013,4,2011,3LNHL2GCXBR7,3,L,N,H,L,2,G,C,X,B,R,7,0,0,0,000000000,00000000000,0,0,0,1,0,0,0,0,0,0,0,0,0,0,0,12,8,2,12,0,0,0,1,36,14212,6,1,0,0,3,3,62,999,0,0,0,0,0,0,0,0,0,0,0,0,0,0,5,3,98,1,1,2,1,3,3,5,62,1,1,1,51,0,0
36,360938,1,2,4,7,10,21,3,12,6,1,0,36,2,55,401,55401,14,2004,KM8SB12B74U8,K,M,8,S,B,1,2,B,7,4,U,8,0,0,0,000000000,00000000000,0,0,0,1,0,0,0,0,0,0,0,998,0,0,0,5,8,2,12,0,0,0,1,36,11779,6,1,0,0,2,0,68,999,0,0,0,0,0,0,0,0,0,0,0,0,0,0,1,4,98,1,1,2,1,0,0,11,15,99,1,1,68,0,0
36,360938,2,2,1,7,10,21,3,12,6,1,0,36,1,76,706,76706,80,2004,JYARN13EX4A0,J,Y,A,R,N,1,3,E,X,4,A,0,0,0,0,000000000,00000000000,0,0,0,1,0,0,0,0,0,0,0,998,0,0,0,12,6,2,12,0,0,0,1,36,11784,6,1,0,0,3,0,66,999,0,1,0,1,0,3,2013,6,2013,0,0,0,0,0,1,4,98,1,1,2,1,0,0,1,62,99,1,1,69,1,1
36,360939,1,1,1,5,10,19,8,8,0,1,1,36,1,7,442,7442,20,2005,2D4GP44L95R5,2,D,4,G,P,4,4,L,9,5,R,5,0,0,0,000000000,00000000000,0,0,0,1,0,0,0,0,0,0,0,999,0,0,0,12,8,3,8,0,0,0,1,36,11554,6,1,0,0,3,3,68,999,0,0,0,0,0,0,0,0,0,0,38,0,0,0,3,4,99,1,1,2,1,3,3,1,80,99,1,1,13,0,0
36,360940,1,1,1,9,10,23,28,52,0,1,0,36,1,20,22,20022,4,2006,1G1AL18FX676,1,G,1,A,L,1,8,F,X,6,7,6,0,0,0,000000000,00000000000,0,0,0,1,0,0,0,0,0,0,0,999,0,0,0,12,6,2,2,0,0,1,1,36,10701,1,1,0,0,2,0,61,999,0,3,0,0,2,6,2013,9,2014,0,0,0,0,0,1,2,30,3,2,2,1,0,0,14,13,99,1,5,1,1,1
36,360941,1,2,2,27,6,14,15,12,6,1,0,36,1,20,2,20002,4,2007,2G1WT58N5793,2,G,1,W,T,5,8,N,5,7,9,3,0,0,0,000000000,00000000000,0,0,0,1,0,0,0,0,0,0,0,999,0,0,0,61,8,2,12,0,0,0,1,36,14120,6,1,0,0,3,3,69,999,0,0,0,0,0,0,0,0,0,0,38,0,0,0,2,2,99,1,1,2,1,20,3,11,15,99,1,1,82,1,0
36,360941,2,2,1,27,6,14,15,12,6,1,0,36,3,12,898,12898,63,1975,U90RVU52465,U,9,0,R,V,U,5,2,4,6,5,,0,0,99,999999999,99999999999,3,2,4,1,0,0,0,0,0,0,0,999,0,0,0,12,8,5,12,0,0,0,1,36,14006,6,1,6,0,3,0,74,999,0,0,0,0,0,0,0,0,0,0,0,0,0,0,2,2,99,1,1,2,1,0,0,1,67,99,1,1,83,0,0