STATE,ST_CASE,VEH_NO,VE_FORMS,NUMOCCS,DAY,MONTH,HOUR,MINUTE,HARM_EV,MAN_COLL,UNITTYPE,HIT_RUN,REG_STAT,OWNER,MAKE,MODEL,MAK_MOD,BODY_TYP,MOD_YEAR,VIN,VIN_1,VIN_2,VIN_3,VIN_4,VIN_5,VIN_6,VIN_7,VIN_8,VIN_9,VIN_10,VIN_11,VIN_12,TOW_VEH,J_KNIFE,MCARR_I1,MCARR_I2,MCARR_ID,GVWR,V_CONFIG,CARGO_BT,HAZ_INV,HAZ_PLAC,HAZ_ID,HAZ_CNO,HAZ_REL,BUS_USE,SPEC_USE,EMER_USE,TRAV_SP,UNDERIDE,ROLLOVER,ROLINLOC,IMPACT1,DEFORMED,TOWED,M_HARM,VEH_SC1,VEH_SC2,FIRE_EXP,DR_PRES,L_STATE,DR_ZIP,L_STATUS,L_TYPE,CDL_STAT,L_ENDORS,L_COMPL,L_RESTRI,DR_HGT,DR_WGT,PREV_ACC,PREV_SUS,PREV_DWI,PREV_SPD,PREV_OTH,FIRST_MO,FIRST_YR,LAST_MO,LAST_YR,SPEEDREL,DR_SF1,DR_SF2,DR_SF3,DR_SF4,VTRAFWAY,VNUM_LAN,VSPD_LIM,VALIGN,VPROFILE,VPAVETYP,VSURCOND,VTRAFCON,VTCONT_F,P_CRASH1,P_CRASH2,P_CRASH3,PCRASH4,PCRASH5,ACC_TYPE,DEATHS,DR_DRINK
37,370086,1,1,2,14,2,3,1,30,0,1,0,37,1,2,403,2403,14,1999,1J4FY19S8XP4,1,J,4,F,Y,1,9,S,8,X,P,4,0,0,0,000000000,00000000000,0,0,0,1,0,0,0,0,0,0,0,998,0,1,5,9,6,2,30,0,0,0,1,37,28217,6,1,0,0,3,3,69,999,0,3,1,0,0,1,2012,1,2013,4,36,0,0,0,1,2,40,1,2,2,4,0,0,1,6,1,4,4,2,1,1
37,370087,1,2,1,10,2,12,23,12,2,1,0,37,1,12,481,12481,31,2006,1FTSX20P66EB,1,F,T,S,X,2,0,P,6,6,E,B,0,0,0,000000000,00000000000,0,0,0,1,0,0,0,0,0,0,0,60,0,1,5,12,6,2,12,0,0,0,1,37,28110,6,1,0,0,3,0,71,999,0,0,0,0,0,0,0,0,0,3,28,36,0,0,1,2,55,1,1,2,1,0,0,1,10,1,1,2,50,0,0
37,370087,2,2,1,10,2,12,23,12,2,1,0,37,2,21,3,21003,4,1995,1G3CX52K2S43,1,G,3,C,X,5,2,K,2,S,4,3,0,0,0,000000000,00000000000,0,0,0,1,0,0,0,0,0,0,0,55,0,0,0,12,6,2,12,0,0,0,1,37,27325,6,1,0,0,3,0,70,999,0,0,0,0,0,0,0,0,0,0,0,0,0,0,1,2,55,1,1,2,1,0,0,1,62,1,1,1,51,1,0
37,370088,1,1,2,11,2,14,3,43,0,1,0,37,2,22,22,22022,4,2008,1G2ZH57N2841,1,G,2,Z,H,5,7,N,2,8,4,1,0,0,0,000000000,00000000000,0,0,0,1,0,0,0,0,0,0,0,45,0,0,0,3,6,2,42,0,0,0,1,37,27325,0,0,0,0,0,0,999,999,0,0,0,0,0,0,0,0,0,4,36,0,0,0,1,2,45,2,2,2,3,0,0,14,6,1,2,4,2,1,0
37,370089,1,1,2,1,2,0,46,25,0,1,0,45,1,7,28,7028,2,2013,2C3CDYAG1DH7,2,C,3,C,D,Y,A,G,1,D,H,7,0,0,0,000000000,00000000000,0,0,0,1,0,0,0,0,0,0,0,50,0,0,0,12,6,2,25,0,0,0,1,45,29223,6,1,0,0,3,0,69,180,0,0,0,1,0,10,2011,10,2011,3,36,39,0,0,1,2,45,1,1,2,4,20,3,1,6,1,1,4,14,1,1
37,370090,1,2,3,15,2,17,3,12,6,1,0,37,2,55,33,55033,4,2007,5NPEU46F87H1,5,N,P,E,U,4,6,F,8,7,H,1,0,0,0,000000000,00000000000,0,0,0,1,0,0,0,0,0,0,0,100,0,0,0,12,6,2,30,0,0,0,1,37,28454,6,1,0,0,3,0,73,999,1,0,0,0,0,7,2013,7,2013,3,28,36,39,0,1,6,45,4,1,2,1,3,3,14,17,1,1,2,86,3,0
37,370090,2,2,2,15,2,17,3,12,6,1,0,12,2,49,422,49422,15,2007,5TDZT38A37S2,5,T,D,Z,T,3,8,A,3,7,S,2,0,0,0,000000000,00000000000,0,0,0,1,0,0,0,0,0,0,0,45,0,1,5,3,6,2,1,0,0,0,1,12,32570,6,1,0,0,3,0,65,999,0,0,0,0,0,0,0,0,0,0,0,0,0,0,1,6,45,4,1,2,1,3,3,14,54,1,1,1,87,1,0
37,370091,1,1,1,1,2,11,46,25,0,1,0,37,1,2,403,2403,14,2002,1J4FA29P82P7,1,J,4,F,A,2,9,P,8,2,P,7,0,0,0,000000000,00000000000,0,0,0,1,0,0,0,0,0,0,0,55,0,0,0,9,6,2,25,0,0,0,1,51,28574,6,1,0,0,3,3,68,170,0,0,0,0,2,5,2011,12,2013,4,36,0,0,0,3,6,55,1,1,2,4,0,0,1,6,1,3,4,2,1,0
37,370092,1,2,1,11,2,15,39,12,6,1,0,37,1,18,24,18024,6,2010,5GALRBED4AJ1,5,G,A,L,R,B,E,D,4,A,J,1,0,0,0,000000000,00000000000,0,0,0,1,0,0,0,0,0,0,0,40,0,0,0,12,6,2,12,0,0,0,1,37,28072,6,1,0,0,3,3,68,999,0,0,0,0,0,0,0,0,0,0,99,99,99,99,1,2,35,1,2,2,1,0,0,1,13,1,1,4,98,1,0
37,370092,2,2,2,11,2,15,39,12,6,1,0,48,3,84,881,84881,62,2009,1HTMMAAM59H0,1,H,T,M,M,A,A,M,5,9,H,0,0,0,57,00076054,5700076054,2,1,1,1,0,0,0,0,0,0,0,5,0,0,0,3,4,5,12,0,0,0,1,37,28262,6,1,6,0,3,0,70,999,0,0,0,2,3,6,2011,1,2014,0,0,0,0,0,1,2,35,1,2,2,1,0,0,11,15,1,1,1,98,0,0
37,370093,1,1,1,13,2,20,9,8,0,1,1,37,2,51,43,51043,6,2001,YV1SZ58D6110,Y,V,1,S,Z,5,8,D,6,1,1,0,0,0,0,000000000,00000000000,0,0,0,1,0,0,0,0,0,0,0,65,0,0,0,12,4,5,8,0,0,0,1,37,28449,6,1,0,0,3,0,68,999,0,0,0,0,2,3,2011,3,2013,4,36,0,0,0,3,5,70,1,1,1,3,0,0,1,81,7,1,4,13,0,1
37,370094,1,2,1,15,2,23,9,12,6,1,0,51,2,20,441,20441,20,1999,1GNDM19W5XB1,1,G,N,D,M,1,9,W,5,X,B,1,0,0,0,000000000,00000000000,0,0,0,1,0,0,0,0,0,0,0,60,0,1,5,9,6,2,12,0,0,0,1,37,28333,1,1,0,0,2,0,999,999,0,1,0,0,0,7,2011,7,2011,0,39,0,0,0,1,2,55,1,1,2,1,20,3,1,17,1,1,1,89,1,1
37,370094,2,2,1,15,2,23,9,12,6,1,0,37,2,12,422,12422,15,1998,1FMRU17L2WLB,1,F,M,R,U,1,7,L,2,W,L,B,0,0,0,000000000,00000000000,0,0,0,1,0,0,0,0,0,0,0,55,0,0,0,12,6,2,12,0,0,0,1,37,28365,0,0,0,0,0,0,999,999,0,0,0,0,0,0,0,0,0,0,0,0,0,0,1,2,55,1,1,2,1,0,0,1,54,1,1,1,88,0,0
37,370095,1,3,1,21,2,20,25,12,8,1,0,37,2,23,421,23421,15,2005,2GTEK13T4511,2,G,T,E,K,1,3,T,4,5,1,1,0,0,0,000000000,00000000000,0,0,0,1,0,0,0,0,0,0,0,70,0,1,5,12,6,2,38,0,0,0,1,37,28715,6,1,0,0,3,0,71,999,2,0,0,1,0,2,2013,12,2013,3,33,36,0,0,1,2,35,2,2,2,1,0,0,6,10,1,1,2,66,1,1
37,370095,2,3,2,21,2,20,25,12,8,1,0,37,1,12,3,12003,2,1998,1FAFP404XWF1,1,F,A,F,P,4,0,4,X,W,F,1,0,0,0,000000000,00000000000,0,0,0,1,0,0,0,0,0,0,0,35,0,0,0,2,6,2,12,0,0,0,1,37,28806,6,1,0,0,3,0,65,999,0,0,0,0,0,0,0,0,0,0,0,0,0,0,1,2,35,3,2,2,1,0,0,14,62,1,1,1,66,0,0
37,370095,3,3,2,21,2,20,25,12,8,1,0,37,1,37,32,37032,4,2003,1HGCM66573A0,1,H,G,C,M,6,6,5,7,3,A,0,0,0,0,000000000,00000000000,0,0,0,1,0,0,0,0,0,0,0,45,0,0,0,4,4,5,12,0,0,0,1,37,28748,6,2,0,0,3,3,61,999,0,0,0,0,0,0,0,0,0,0,0,0,0,0,1,2,35,2,2,2,1,0,0,14,9,2,2,2,98,0,0
37,370096,1,1,1,22,2,19,39,35,0,1,0,37,1,14,6,14006,4,1997,2MELM74W1VX6,2,M,E,L,M,7,4,W,1,V,X,6,0,0,0,000000000,00000000000,0,0,0,1,0,0,0,0,0,0,0,55,0,1,5,12,6,2,24,0,0,0,1,37,28752,6,1,0,0,3,3,71,999,1,0,0,0,0,11,2012,11,2012,0,99,99,99,99,1,2,55,3,2,2,1,0,0,14,13,1,1,4,1,1,0
37,370097,1,1,2,20,2,13,20,43,0,1,0,37,2,12,401,12401,14,1997,1FMDU34E2VUC,1,F,M,D,U,3,4,E,2,V,U,C,0,0,0,000000000,00000000000,0,0,0,1,0,0,0,0,0,0,0,55,0,1,5,2,6,2,1,0,0,0,1,36,13165,6,1,0,0,3,3,73,999,0,0,0,0,0,0,0,0,0,0,58,0,0,0,1,2,55,2,2,2,1,0,0,14,13,1,1,4,1,1,1
37,370098,1,2,2,12,2,12,57,12,2,1,0,37,1,12,35,12035,4,1996,1FALP6535TK1,1,F,A,L,P,6,5,3,5,T,K,1,0,0,0,000000000,00000000000,0,0,0,1,0,0,0,0,0,0,0,35,0,0,0,12,6,2,12,0,0,0,1,37,27344,6,1,0,0,3,3,66,999,1,0,0,0,0,2,2013,2,2013,4,28,36,0,0,1,2,55,3,1,2,3,0,0,14,10,1,1,2,50,0,0
37,370098,2,2,2,12,2,12,57,12,2,1,0,37,2,20,37,20037,4,1999,1G1ND52TXXY1,1,G,1,N,D,5,2,T,X,X,Y,1,0,0,0,000000000,00000000000,0,0,0,1,0,0,0,0,0,0,0,30,0,0,0,12,6,2,12,0,0,0,1,37,27312,6,1,0,0,3,0,72,999,0,0,0,0,0,0,0,0,0,0,0,0,0,0,1,2,55,2,1,2,3,0,0,14,62,1,1,1,51,1,0
37,370099,1,2,1,19,2,16,17,12,2,1,0,37,1,20,16,20016,4,2004,1G1JF52F1472,1,G,1,J,F,5,2,F,1,4,7,2,0,0,0,000000000,00000000000,0,0,0,1,0,0,0,0,0,0,0,45,0,0,0,12,6,2,12,0,0,0,1,37,28021,6,1,0,0,3,3,62,999,0,0,0,0,0,0,0,0,0,0,38,0,0,0,1,2,45,1,1,2,1,0,0,11,15,1,1,1,68,1,0
37,370099,2,2,1,19,2,16,17,12,2,1,0,37,2,54,421,54421,15,2003,2HNYD18733H5,2,H,N,Y,D,1,8,7,3,3,H,5,0,0,0,000000000,00000000000,0,0,0,1,0,0,0,0,0,0,0,45,0,0,0,12,6,2,12,0,0,0,1,37,28086,6,1,0,0,3,0,65,999,0,0,0,0,0,0,0,0,0,0,0,0,0,0,1,2,45,1,1,1,1,0,0,1,62,1,1,1,69,0,0
37,370100,1,1,1,5,2,23,36,8,0,1,1,37,9,55,35,55035,4,2013,5NPDH4AEXDH3,5,N,P,D,H,4,A,E,X,D,H,3,0,0,0,000000000,00000000000,0,0,0,1,0,0,0,0,0,0,0,50,0,0,0,12,4,3,8,0,0,0,1,99,99999,9,9,99,9,9,9,999,999,99,99,99,99,99,99,9999,99,9999,9,99,99,99,99,1,2,35,1,1,2,1,0,0,1,80,1,1,1,13,0,0
37,370101,1,1,1,20,2,8,25,42,0,1,0,37,2,37,705,37705,80,1993,JH2RC3607PM3,J,H,2,R,C,3,6,0,7,P,M,3,0,0,0,000000000,00000000000,0,0,0,1,0,0,0,0,0,0,0,50,0,0,0,12,6,2,1,0,0,0,1,37,28314,1,1,0,0,2,0,71,999,0,5,0,0,3,6,2011,3,2013,0,28,0,0,0,1,2,35,2,1,2,1,0,0,14,10,1,1,4,6,1,1
37,370102,1,1,1,21,2,8,53,1,0,1,0,37,1,63,33,63033,4,2008,KNAFE1218855,K,N,A,F,E,1,2,1,8,8,5,5,0,0,0,000000000,00000000000,0,0,0,1,0,0,0,0,0,0,0,60,0,2,5,0,6,2,42,0,0,0,1,37,27360,6,1,0,0,3,3,67,999,0,0,0,0,0,0,0,0,0,4,58,0,0,0,1,2,45,3,1,2,2,0,0,14,13,7,3,4,1,1,0
37,370103,1,2,1,20,2,10,38,12,2,1,0,37,2,13,12,13012,4,2004,1LNHM86S94Y6,1,L,N,H,M,8,6,S,9,4,Y,6,0,0,0,000000000,00000000000,0,0,0,1,0,0,0,0,0,0,0,55,0,0,0,12,6,2,12,0,0,0,1,37,28398,6,1,0,0,3,0,76,999,0,0,0,0,0,0,0,0,0,4,28,36,0,0,1,2,55,2,1,2,1,0,0,14,10,1,1,2,50,1,0
37,370103,2,2,3,20,2,10,38,12,2,1,0,37,1,12,471,12471,30,1998,1FTZR15X6WPB,1,F,T,Z,R,1,5,X,6,W,P,B,0,0,0,000000000,00000000000,0,0,0,1,0,0,0,0,0,0,0,55,0,0,0,12,6,2,12,0,0,0,1,37,28453,6,1,0,0,3,0,74,999,1,0,0,0,1,3,2011,11,2011,0,0,0,0,0,1,2,55,3,1,2,1,0,0,14,62,1,1,1,51,0,0
37,370104,1,3,1,26,2,8,37,12,2,1,0,37,3,98,809,98809,63,2006,2FZHAWDC16AW,2,F,Z,H,A,W,D,C,1,6,A,W,1,3,57,2473394,572473394,3,4,3,1,0,0,0,0,0,0,0,55,0,0,0,12,6,2,12,0,0,0,1,37,28530,6,1,6,0,3,0,69,999,0,0,0,0,0,0,0,0,0,0,0,0,0,0,1,2,55,3,1,2,1,0,0,14,62,1,1,1,51,0,0
37,370104,2,3,1,26,2,8,37,12,2,1,0,13,1,30,40,30040,4,1996,3VWWA81H8TM0,3,V,W,W,A,8,1,H,8,T,M,0,0,0,0,000000000,00000000000,0,0,0,1,0,0,0,0,0,0,0,70,0,0,0,12,6,2,12,0,0,0,1,13,30127,6,1,0,0,3,0,72,185,98,0,0,0,4,7,2012,12,2013,0,28,0,0,0,1,2,55,2,1,2,1,0,0,14,10,1,1,2,50,1,0
37,370104,3,3,1,26,2,8,37,12,2,1,0,37,2,20,473,20473,30,2008,1GCDS13E2881,1,G,C,D,S,1,3,E,2,8,8,1,0,0,0,000000000,00000000000,0,0,0,1,0,0,0,0,0,0,0,55,0,0,0,12,6,2,12,0,0,0,1,37,28572,6,1,0,0,3,0,74,999,0,0,0,0,0,0,0,0,0,0,0,0,0,0,1,2,55,2,1,2,1,0,0,14,54,1,1,1,98,0,0
37,370105,1,2,1,14,2,20,20,8,0,1,0,37,2,35,47,35047,4,2008,1N4AL21E68C2,1,N,4,A,L,2,1,E,6,8,C,2,0,0,0,000000000,00000000000,0,0,0,1,0,0,0,0,0,0,0,65,0,0,0,12,6,2,8,0,0,0,1,37,28052,6,1,0,0,3,3,70,999,0,0,0,0,0,0,0,0,0,0,0,0,0,0,6,2,65,1,1,1,3,0,0,1,80,1,1,1,13,0,0
37,370105,2,2,0,14,2,20,20,8,0,1,0,45,6,49,32,49032,4,2010,2T1BU4EE7AC2,2,T,1,B,U,4,E,E,7,A,C,2,0,0,0,000000000,00000000000,0,0,0,1,0,0,0,0,0,0,0,0,0,0,0,1,6,2,12,0,0,0,0,0,99997,7,6,97,7,6,7,998,997,998,998,998,998,998,98,9998,98,9998,8,0,0,0,0,6,2,65,1,1,1,3,0,0,0,98,0,0,0,98,0,0
37,370106,1,2,1,20,2,5,34,12,2,1,0,37,1,23,401,23401,14,2004,1GKDS13SX422,1,G,K,D,S,1,3,S,X,4,2,2,0,0,0,000000000,00000000000,0,0,0,1,0,0,0,0,0,0,0,46,0,0,0,12,6,2,12,0,0,0,1,37,28269,6,1,6,0,3,3,70,999,0,0,0,0,0,0,0,0,0,0,28,0,0,0,1,2,45,2,1,2,1,0,0,14,10,1,1,2,50,1,0
37,370106,2,2,2,20,2,5,34,12,2,1,0,37,1,12,481,12481,31,1997,1FTDX1721VNC,1,F,T,D,X,1,7,2,1,V,N,C,0,0,0,000000000,00000000000,0,0,0,1,0,0,0,0,0,0,0,42,0,0,0,12,6,2,12,0,0,0,1,37,28269,3,1,0,0,1,0,68,999,0,0,0,0,0,0,0,0,0,0,0,0,0,0,1,2,45,3,1,2,1,0,0,14,62,1,1,1,51,0,0
37,370107,1,1,1,21,2,14,3,42,0,1,0,37,1,48,401,48401,14,2004,JF1SG63664H7,J,F,1,S,G,6,3,6,6,4,H,7,0,0,0,000000000,00000000000,0,0,0,1,0,0,0,0,0,0,0,70,0,0,0,12,6,2,42,0,0,0,1,37,27856,6,1,0,0,3,3,71,999,0,0,0,0,0,0,0,0,0,0,0,0,0,0,3,2,70,1,1,2,2,0,0,1,13,1,1,4,1,1,0
37,370108,1,1,2,27,2,10,22,8,0,1,0,37,1,6,441,6441,20,1999,1C4GP64L6XB5,1,C,4,G,P,6,4,L,6,X,B,5,0,0,0,000000000,00000000000,0,0,0,1,0,0,0,0,0,0,0,70,0,0,0,12,6,2,8,0,0,0,1,37,27604,6,1,0,0,3,3,63,999,1,0,0,0,0,12,2012,12,2012,0,84,0,0,0,3,2,70,1,1,2,1,0,0,17,50,7,1,4,3,0,0
37,370109,1,1,1,21,2,19,19,8,0,1,0,12,2,12,471,12471,30,2001,1FTYR14E81TA,1,F,T,Y,R,1,4,E,8,1,T,A,0,0,0,000000000,00000000000,0,0,0,1,0,0,0,0,0,0,0,45,0,0,0,12,4,5,8,0,0,0,1,12,34430,6,1,0,0,3,3,68,999,0,0,0,0,0,0,0,0,0,0,0,0,0,0,1,2,45,1,1,2,1,0,0,1,80,1,1,1,13,0,0
37,370110,1,1,3,16,2,1,29,52,0,1,0,37,2,35,47,35047,4,2005,1N4AL11D15C3,1,N,4,A,L,1,1,D,1,5,C,3,0,0,0,000000000,00000000000,0,0,0,1,0,0,0,0,0,0,0,100,0,0,0,11,6,2,52,0,0,0,1,37,27278,0,0,0,0,0,0,70,999,0,1,0,0,0,3,2012,3,2012,3,36,37,0,0,1,2,55,1,1,2,1,0,0,1,12,1,1,4,6,2,1
37,370111,1,2,1,20,2,18,55,12,1,1,0,37,1,82,881,82881,66,1996,2FUYDZYB2TA8,2,F,U,Y,D,Z,Y,B,2,T,A,8,1,1,57,1841131,571841131,3,6,1,1,0,0,0,0,0,0,0,35,0,0,0,6,4,5,12,0,0,0,1,37,28372,6,1,0,9,2,3,73,999,0,0,0,0,0,0,0,0,0,0,0,0,0,0,1,2,55,1,1,2,1,0,0,2,53,1,1,1,30,0,0
37,370111,2,2,1,20,2,18,55,12,1,1,0,37,1,21,22,21022,4,1996,1G3HN52K7T48,1,G,3,H,N,5,2,K,7,T,4,8,0,0,0,000000000,00000000000,0,0,0,1,0,0,0,0,0,0,0,50,3,0,0,12,6,2,12,0,0,0,1,37,28372,6,1,0,0,3,3,74,999,0,0,0,0,0,0,0,0,0,0,0,0,0,0,1,2,55,1,1,2,1,0,0,1,52,1,1,1,28,1,0
37,370112,1,1,2,20,2,18,36,8,0,1,0,37,1,12,16,12016,4,2003,2FAHP74W93X1,2,F,A,H,P,7,4,W,9,3,X,1,0,0,0,000000000,00000000000,0,0,0,1,0,0,0,0,0,0,0,55,0,0,0,12,6,2,8,0,0,0,1,37,28364,6,1,0,0,3,3,74,999,1,0,0,0,0,11,2012,11,2012,0,0,0,0,0,1,2,55,1,1,2,1,0,0,1,80,1,1,1,13,0,0
37,370113,1,2,1,20,2,22,5,12,6,1,0,0,0,98,701,98701,81,2011,000000000000,0,0,0,0,0,0,0,0,0,0,0,0,0,0,0,000000000,00000000000,0,0,0,1,0,0,0,0,0,0,0,25,0,0,0,62,6,2,12,0,0,0,1,37,27519,0,0,0,0,1,0,73,999,0,0,0,0,0,0,0,0,0,0,24,0,0,0,1,2,35,1,1,2,1,1,3,1,15,1,1,1,69,1,0
37,370113,2,2,1,20,2,22,5,12,6,1,0,37,1,12,423,12423,16,2000,1FMNU43S8YEE,1,F,M,N,U,4,3,S,8,Y,E,E,0,0,0,000000000,00000000000,0,0,0,1,0,0,0,0,0,0,0,25,0,0,0,12,2,5,12,0,0,0,1,37,27540,6,1,0,0,3,0,71,999,0,2,0,2,0,4,2012,12,2012,0,0,0,0,0,1,3,35,1,1,2,1,1,3,11,54,1,1,1,68,0,0
37,370114,1,2,1,18,2,21,33,12,6,1,0,37,1,37,701,37701,88,2009,JH2AF58479K5,J,H,2,A,F,5,8,4,7,9,K,5,0,0,0,000000000,00000000000,0,0,0,1,0,0,0,0,0,0,0,35,0,0,0,12,6,2,12,0,0,0,1,37,27215,1,1,0,0,2,0,67,999,0,3,2,0,2,10,2011,11,2012,0,39,0,0,0,1,5,45,1,2,2,1,3,3,1,17,1,1,1,86,1,1
37,370114,2,2,1,18,2,21,33,12,6,1,0,37,1,20,2,20002,4,2008,2G1WT58K6813,2,G,1,W,T,5,8,K,6,8,1,3,0,0,0,000000000,00000000000,0,0,0,1,0,0,0,0,0,0,0,15,0,0,0,2,4,5,12,0,0,0,1,37,27215,6,1,0,0,3,0,69,999,0,0,0,0,0,0,0,0,0,0,0,0,0,0,1,5,35,1,2,2,1,3,3,1,17,1,1,1,87,0,0
37,370116,1,1,1,26,2,23,10,45,0,1,0,37,2,24,1,24001,4,2002,1G8ZF52802Z2,1,G,8,Z,F,5,2,8,0,2,Z,2,0,0,0,000000000,00000000000,0,0,0,1,0,0,0,0,0,0,0,85,0,0,0,12,6,2,45,0,0,0,1,37,28655,1,1,0,0,2,0,62,999,0,1,0,0,1,9,2013,9,2013,3,36,37,0,0,2,4,55,1,3,2,1,0,0,1,98,1,1,9,98,1,1
37,370117,1,2,1,28,2,13,34,12,2,1,0,37,1,12,3,12003,2,1999,1FAFP4041XF1,1,F,A,F,P,4,0,4,1,X,F,1,0,0,0,000000000,00000000000,0,0,0,1,0,0,0,0,0,0,0,55,0,0,0,12,6,2,12,0,0,0,1,37,28312,6,1,0,0,3,0,68,999,1,0,0,0,0,9,2012,9,2012,0,28,0,0,0,1,2,55,2,1,2,1,0,0,14,10,1,1,2,50,1,1
37,370117,2,2,2,28,2,13,34,12,2,1,0,51,2,37,471,37471,30,2010,5FPYK1F55AB0,5,F,P,Y,K,1,F,5,5,A,B,0,0,0,0,000000000,00000000000,0,0,0,1,0,0,0,0,0,0,0,55,0,0,0,12,6,2,12,0,0,0,1,37,28312,6,1,0,0,3,3,68,999,0,0,0,0,0,0,0,0,0,0,0,0,0,0,1,2,55,3,1,2,1,0,0,14,62,1,1,1,51,0,0
37,370118,1,2,2,7,2,14,4,12,6,1,0,37,1,41,35,41035,4,1994,JM1BG2244R07,J,M,1,B,G,2,2,4,4,R,0,7,0,0,0,000000000,00000000000,0,0,0,1,0,0,0,0,0,0,0,998,0,0,0,12,6,2,12,0,0,0,1,37,27360,6,1,0,0,3,3,69,999,0,0,0,0,0,0,0,0,0,9,38,39,0,0,1,2,35,3,2,2,1,20,3,4,54,1,1,1,88,0,0
37,370118,2,2,1,7,2,14,4,12,6,1,0,37,1,12,401,12401,14,1988,1FMCU14T7JUB,1,F,M,C,U,1,4,T,7,J,U,B,0,0,0,000000000,00000000000,0,0,0,1,0,0,0,0,0,0,0,998,0,1,1,9,6,2,1,0,0,0,1,37,27360,6,1,0,0,3,0,63,999,1,0,0,0,0,9,2013,9,2013,9,0,0,0,0,1,2,35,1,1,2,1,0,0,1,17,1,1,1,89,1,0
37,370119,1,1,1,26,2,13,35,9,0,1,0,37,4,20,461,20461,21,2012,1GCSGAFX2C11,1,G,C,S,G,A,F,X,2,C,1,1,0,0,0,000000000,00000000000,0,0,0,1,0,0,0,0,0,0,0,55,0,0,0,12,6,2,9,0,0,0,1,37,28425,6,1,3,0,3,3,68,999,0,0,0,0,1,4,2011,4,2011,4,36,0,0,0,1,2,55,1,1,2,2,0,0,1,80,1,1,1,13,0,0
37,370120,1,2,1,14,2,9,27,12,1,1,0,31,3,87,881,87881,66,2006,1XP5DB9X86D6,1,X,P,5,D,B,9,X,8,6,D,6,1,1,57,263874,57263874,3,6,3,1,0,0,0,0,0,0,0,60,0,0,0,12,6,2,12,0,0,0,1,37,28079,6,1,6,0,3,0,65,999,0,0,0,1,0,7,2013,7,2013,4,36,0,0,0,3,4,60,1,1,2,4,0,0,1,52,1,1,1,24,0,0
37,370120,2,2,2,14,2,9,27,12,1,1,0,37,2,7,482,7482,31,1997,3B7HC13YXVG7,3,B,7,H,C,1,3,Y,X,V,G,7,0,0,0,000000000,00000000000,0,0,0,1,0,0,0,0,0,0,0,35,0,0,0,6,6,2,12,0,0,0,1,37,28139,6,1,0,0,3,0,70,999,0,0,0,1,1,10,2012,3,2013,0,0,0,0,0,3,4,60,1,1,2,4,0,0,2,18,1,1,1,25,1,0
37,370121,1,1,1,20,2,15,48,42,0,1,0,37,1,20,481,20481,31,1998,2GCEK19R2W11,2,G,C,E,K,1,9,R,2,W,1,1,0,0,0,000000000,00000000000,0,0,0,1,0,0,0,0,0,0,0,45,0,0,0,12,4,5,42,0,0,0,1,37,28034,6,1,0,0,3,3,69,999,0,0,0,0,0,0,0,0,0,0,99,99,99,99,1,2,45,1,3,2,1,0,0,1,13,1,1,4,1,1,0
37,370122,1,1,1,2,2,17,14,9,0,1,1,51,2,12,481,12481,31,2001,3FTSW31F81MA,3,F,T,S,W,3,1,F,8,1,M,A,0,0,0,000000000,00000000000,0,0,0,1,0,0,0,0,0,0,0,50,0,0,0,12,4,5,9,0,0,0,1,37,27320,6,1,0,0,3,0,68,999,0,0,0,0,0,0,0,0,0,0,0,0,0,0,1,2,50,1,3,2,1,0,0,1,80,1,1,1,13,0,0
37,370123,1,1,1,22,2,4,48,24,0,1,0,37,2,6,43,6043,4,2007,1C3LC46K97N6,1,C,3,L,C,4,6,K,9,7,N,6,0,0,0,000000000,00000000000,0,0,0,1,0,0,0,0,0,0,0,55,0,1,5,2,6,2,1,0,0,0,1,37,27405,6,1,0,0,3,3,62,999,1,0,0,0,0,8,2012,8,2012,4,36,0,0,0,3,5,55,3,1,2,1,0,0,14,13,1,1,4,1,1,0
37,370124,1,4,1,28,2,15,30,12,1,1,0,37,2,12,481,12481,31,2013,1FT7W2BT8DEA,1,F,T,7,W,2,B,T,8,D,E,A,0,0,0,000000000,00000000000,0,0,0,1,0,0,0,0,0,0,0,75,0,1,1,12,6,2,1,0,0,0,1,37,27949,6,1,0,0,3,0,73,999,0,0,0,1,1,4,2011,12,2012,3,36,0,0,0,3,4,65,1,1,2,1,0,0,1,50,1,1,1,20,0,0
37,370124,2,4,2,28,2,15,30,12,1,1,0,51,1,42,48,42048,4,2010,WDDHF5GB9AA1,W,D,D,H,F,5,G,B,9,A,A,1,0,0,0,000000000,00000000000,0,0,0,1,0,0,0,0,0,0,0,0,0,0,0,6,6,2,12,0,0,0,1,51,23664,6,1,0,0,3,0,68,175,0,0,0,0,1,11,2013,11,2013,0,0,0,0,0,3,4,65,1,1,2,1,0,0,5,98,1,1,1,21,1,0
37,370124,3,4,1,28,2,15,30,12,1,1,0,34,1,58,40,58040,6,2010,JN1AJ0HR3AM7,J,N,1,A,J,0,H,R,3,A,M,7,0,0,0,000000000,00000000000,0,0,0,1,0,0,0,0,0,0,0,0,0,0,0,6,6,2,12,0,0,0,1,34,7631,6,1,0,0,3,3,65,999,1,0,0,0,0,9,2013,9,2013,0,0,0,0,0,3,4,65,1,1,2,1,0,0,5,98,1,1,1,98,0,0