STATE,ST_CASE,VEH_NO,VE_FORMS,NUMOCCS,DAY,MONTH,HOUR,MINUTE,HARM_EV,MAN_COLL,UNITTYPE,HIT_RUN,REG_STAT,OWNER,MAKE,MODEL,MAK_MOD,BODY_TYP,MOD_YEAR,VIN,VIN_1,VIN_2,VIN_3,VIN_4,VIN_5,VIN_6,VIN_7,VIN_8,VIN_9,VIN_10,VIN_11,VIN_12,TOW_VEH,J_KNIFE,MCARR_I1,MCARR_I2,MCARR_ID,GVWR,V_CONFIG,CARGO_BT,HAZ_INV,HAZ_PLAC,HAZ_ID,HAZ_CNO,HAZ_REL,BUS_USE,SPEC_USE,EMER_USE,TRAV_SP,UNDERIDE,ROLLOVER,ROLINLOC,IMPACT1,DEFORMED,TOWED,M_HARM,VEH_SC1,VEH_SC2,FIRE_EXP,DR_PRES,L_STATE,DR_ZIP,L_STATUS,L_TYPE,CDL_STAT,L_ENDORS,L_COMPL,L_RESTRI,DR_HGT,DR_WGT,PREV_ACC,PREV_SUS,PREV_DWI,PREV_SPD,PREV_OTH,FIRST_MO,FIRST_YR,LAST_MO,LAST_YR,SPEEDREL,DR_SF1,DR_SF2,DR_SF3,DR_SF4,VTRAFWAY,VNUM_LAN,VSPD_LIM,VALIGN,VPROFILE,VPAVETYP,VSURCOND,VTRAFCON,VTCONT_F,P_CRASH1,P_CRASH2,P_CRASH3,PCRASH4,PCRASH5,ACC_TYPE,DEATHS,DR_DRINK
37,370205,1,2,3,25,3,20,58,12,2,1,0,37,1,2,404,2404,14,1989,1J4FJ58L2KL4,1,J,4,F,J,5,8,L,2,K,L,4,0,0,0,000000000,00000000000,0,0,0,1,0,0,0,0,0,0,0,55,0,0,0,12,6,2,12,0,0,0,1,37,27278,6,1,0,0,3,0,68,999,0,0,0,0,0,0,0,0,0,0,0,0,0,0,3,3,55,4,1,2,1,0,0,14,54,98,1,1,51,0,0
37,370205,2,2,1,25,3,20,58,12,2,1,0,37,1,49,47,49047,6,2006,2T1KR32EX6C6,2,T,1,K,R,3,2,E,X,6,C,6,0,0,0,000000000,00000000000,0,0,0,1,0,0,0,0,0,0,0,70,0,0,0,12,6,2,12,0,0,0,1,37,27705,6,1,0,0,3,3,70,999,0,0,0,0,0,0,0,0,0,3,28,36,0,0,3,3,55,4,1,2,1,0,0,14,98,1,1,2,50,1,1
37,370206,1,1,1,22,3,7,18,53,0,1,0,37,2,12,23,12023,4,2008,3FAHP07Z48R1,3,F,A,H,P,0,7,Z,4,8,R,1,0,0,0,000000000,00000000000,0,0,0,1,0,0,0,0,0,0,0,70,0,1,5,2,6,2,1,0,0,0,1,37,27546,6,1,0,0,3,3,63,999,0,0,0,0,4,4,2011,9,2013,4,36,0,0,0,1,2,55,3,2,2,1,0,0,14,6,1,4,4,2,1,1
37,370207,1,2,1,26,3,6,15,12,2,1,0,37,2,12,884,12884,63,1998,1FDZS96P5WVA,1,F,D,Z,S,9,6,P,5,W,V,A,0,0,37,2411195,372411195,3,2,8,1,0,0,0,0,0,0,0,50,0,0,0,12,6,2,12,0,0,0,1,37,28312,6,1,6,0,3,0,71,999,0,0,0,0,2,10,2011,3,2013,0,0,0,0,0,1,2,55,3,1,2,1,0,0,14,62,1,1,1,51,0,0
37,370207,2,2,1,26,3,6,15,12,2,1,0,37,1,35,47,35047,4,2012,1N4AL2AP1CN5,1,N,4,A,L,2,A,P,1,C,N,5,0,0,0,000000000,00000000000,0,0,0,1,0,0,0,0,0,0,0,55,0,0,0,12,6,2,12,0,0,0,1,37,27546,6,1,0,0,3,0,61,999,0,0,0,0,1,11,2012,11,2012,4,36,0,0,0,1,2,55,2,1,2,1,0,0,14,10,1,1,2,50,1,0
37,370208,1,2,1,29,3,13,7,12,6,1,0,37,2,37,31,37031,4,2011,2HGFA1F52BH5,2,H,G,F,A,1,F,5,2,B,H,5,0,0,0,000000000,00000000000,0,0,0,1,0,0,0,0,0,0,0,10,0,0,0,10,6,2,12,0,0,0,1,37,28105,6,1,0,0,3,3,62,999,0,0,0,1,0,2,2012,2,2012,0,38,0,0,0,1,2,35,1,2,2,1,20,3,11,15,1,1,1,82,1,0
37,370208,2,2,2,29,3,13,7,12,6,1,0,37,1,7,482,7482,31,2001,1B7HC13Y91J5,1,B,7,H,C,1,3,Y,9,1,J,5,0,0,0,000000000,00000000000,0,0,0,1,0,0,0,0,0,0,0,45,0,0,0,12,6,2,12,0,0,0,1,37,28214,1,1,0,0,2,0,67,999,2,2,0,3,4,4,2011,2,2014,3,36,0,0,0,1,2,35,1,2,2,1,0,0,1,54,6,1,1,83,0,0
37,370209,1,1,1,27,3,17,41,41,0,1,0,37,1,48,403,48403,14,2013,JF2GPACC6D28,J,F,2,G,P,A,C,C,6,D,2,8,0,0,0,000000000,00000000000,0,0,0,1,0,0,0,0,0,0,0,25,0,0,0,2,6,2,39,0,0,0,1,37,27514,6,1,0,0,3,3,72,999,0,0,0,0,0,0,0,0,0,0,99,99,99,99,2,2,35,3,3,2,1,0,0,14,13,1,1,4,1,1,0
37,370210,1,2,4,31,3,11,24,12,6,1,0,37,1,24,1,24001,4,1997,1G8ZK5273VZ1,1,G,8,Z,K,5,2,7,3,V,Z,1,0,0,0,000000000,00000000000,0,0,0,1,0,0,0,0,0,0,0,15,0,0,0,9,6,2,12,0,0,0,1,37,27573,6,1,0,0,3,0,69,999,1,0,0,0,1,9,2011,11,2013,0,38,0,0,0,1,2,55,1,1,2,1,20,3,11,15,1,1,1,82,1,0
37,370210,2,2,1,31,3,11,24,12,6,1,0,37,1,49,401,49401,14,1997,JT3GN86R1V00,J,T,3,G,N,8,6,R,1,V,0,0,0,0,0,000000000,00000000000,0,0,0,1,0,0,0,0,0,0,0,60,0,0,0,12,6,2,12,0,0,0,1,37,27314,6,1,0,0,3,0,65,999,1,0,0,0,3,7,2011,1,2014,0,0,0,0,0,1,2,55,1,1,2,1,0,0,1,54,1,1,1,83,0,0
37,370211,1,2,2,31,3,17,33,12,9,1,0,37,2,37,31,37031,4,1997,JHMEJ657XVS0,J,H,M,E,J,6,5,7,X,V,S,0,0,0,0,000000000,00000000000,0,0,0,1,0,0,0,0,0,0,0,90,0,0,0,3,6,2,12,0,0,0,1,37,28152,1,1,0,0,2,0,69,999,0,4,0,1,1,9,2011,2,2013,3,36,37,0,0,3,4,70,1,1,2,1,0,0,1,90,7,1,6,98,1,1
37,370211,2,2,7,31,3,17,33,12,9,1,0,37,1,12,481,12481,31,2006,1FTPX14546FB,1,F,T,P,X,1,4,5,4,6,F,B,0,0,0,000000000,00000000000,0,0,0,1,0,0,0,0,0,0,0,10,0,0,0,6,6,2,12,0,0,0,1,37,28722,6,1,0,0,3,0,61,999,0,0,0,1,0,7,2013,7,2013,0,0,0,0,0,3,4,65,1,1,2,1,0,0,1,18,1,1,1,98,0,0
37,370212,1,1,2,28,3,17,52,42,0,1,0,37,2,35,39,35039,4,1995,JN1CA21D0ST0,J,N,1,C,A,2,1,D,0,S,T,0,0,0,0,000000000,00000000000,0,0,0,1,0,0,0,0,0,0,0,80,0,1,5,1,6,2,1,0,0,0,1,37,27024,6,1,0,0,3,0,73,999,0,10,0,0,10,11,2011,5,2013,3,36,0,0,0,1,2,55,3,2,2,1,0,0,14,13,1,1,4,1,1,1
37,370213,1,1,1,29,3,4,20,42,0,1,0,37,1,12,402,12402,14,2011,1FMCU9EGXBKB,1,F,M,C,U,9,E,G,X,B,K,B,0,0,0,000000000,00000000000,0,0,0,1,0,0,0,0,0,0,0,95,0,0,0,9,6,2,42,0,0,1,1,37,27617,6,1,0,0,3,0,70,999,0,0,0,3,2,10,2011,12,2013,3,36,0,0,0,6,1,60,2,1,2,2,0,0,14,12,1,1,4,6,1,1
37,370214,1,1,2,20,3,21,42,32,0,1,0,37,1,37,32,37032,4,1991,1HGCB7552MA1,1,H,G,C,B,7,5,5,2,M,A,1,0,0,0,000000000,00000000000,0,0,0,1,0,0,0,0,0,0,0,55,0,1,5,12,6,2,1,0,0,0,1,37,27844,1,1,0,0,2,0,70,999,0,2,0,0,2,11,2013,11,2013,5,36,0,0,0,1,2,55,1,1,2,1,0,0,1,13,1,1,4,1,1,1
37,370215,1,1,1,30,3,4,8,42,0,1,0,37,2,52,37,52037,2,2000,4A3AC54L5YE0,4,A,3,A,C,5,4,L,5,Y,E,0,0,0,0,000000000,00000000000,0,0,0,1,0,0,0,0,0,0,0,70,0,1,5,12,6,2,1,0,0,0,1,37,28365,1,1,0,0,2,0,62,999,1,1,0,0,1,8,2013,12,2013,3,28,36,0,0,1,2,45,2,1,2,2,0,0,14,10,1,1,4,6,1,1
37,370216,1,1,1,11,3,14,48,42,0,1,0,37,2,20,16,20016,4,2004,1G1JC52F5471,1,G,1,J,C,5,2,F,5,4,7,1,0,0,0,000000000,00000000000,0,0,0,1,0,0,0,0,0,0,0,45,0,0,0,12,6,2,42,0,0,0,1,37,28678,6,1,0,0,3,3,68,999,0,0,0,0,0,0,0,0,0,0,28,0,0,0,1,2,45,1,2,2,1,0,0,1,10,1,1,4,6,1,0
37,370217,1,1,1,23,3,21,31,8,0,1,0,37,1,12,471,12471,31,1988,1FTCR14A6JPB,1,F,T,C,R,1,4,A,6,J,P,B,0,0,0,000000000,00000000000,0,0,0,1,0,0,0,0,0,0,0,35,0,0,0,12,6,2,8,0,0,0,1,37,28804,6,1,0,0,3,0,70,999,0,0,0,0,0,0,0,0,0,0,0,0,0,0,2,2,35,1,1,2,1,2,3,1,80,1,1,1,13,0,0
37,370218,1,2,1,20,3,6,51,8,0,1,0,37,1,42,401,42401,14,2006,4JGBB86E96A0,4,J,G,B,B,8,6,E,9,6,A,0,0,0,0,000000000,00000000000,0,0,0,1,0,0,0,0,0,0,0,40,0,0,0,12,4,5,8,0,0,0,1,37,27616,6,1,0,0,3,0,63,999,1,0,0,0,0,12,2012,12,2012,0,0,0,0,0,2,3,45,1,2,2,1,2,3,1,80,1,1,1,13,0,0
37,370218,2,2,1,20,3,6,51,8,0,1,1,37,1,59,31,59031,4,2010,JTHBK1EG3A23,J,T,H,B,K,1,E,G,3,A,2,3,0,0,0,000000000,00000000000,0,0,0,1,0,0,0,0,0,0,0,40,0,0,0,12,4,5,8,0,0,0,1,37,27606,6,1,0,0,3,3,66,999,0,0,0,2,0,9,2011,5,2012,0,91,0,0,0,2,3,45,1,2,2,1,2,3,1,80,1,1,1,98,0,0
37,370219,1,1,1,2,4,18,38,42,0,1,0,37,1,12,401,12401,14,1998,1FMYU22E1WUB,1,F,M,Y,U,2,2,E,1,W,U,B,0,0,0,000000000,00000000000,0,0,0,1,0,0,0,0,0,0,0,55,0,1,5,62,6,2,1,0,0,0,1,37,28425,6,1,0,0,3,0,70,999,1,0,0,0,0,6,2011,6,2011,0,58,0,0,0,1,2,55,2,1,2,1,0,0,14,12,1,1,4,6,1,0
37,370220,1,1,1,3,4,5,57,17,0,1,0,37,2,35,43,35043,4,2012,3N1AB6AP5CL6,3,N,1,A,B,6,A,P,5,C,L,6,0,0,0,000000000,00000000000,0,0,0,1,0,0,0,0,0,0,0,45,0,0,0,12,6,2,17,0,0,0,1,37,27311,6,1,0,0,3,3,67,999,0,0,0,1,0,5,2011,5,2011,0,39,0,0,0,1,2,45,1,2,2,1,20,3,1,14,1,1,4,14,1,0
37,370221,1,1,1,3,4,5,38,1,0,1,0,37,2,23,422,23422,15,2004,1GKEC13Z74J1,1,G,K,E,C,1,3,Z,7,4,J,1,0,0,0,000000000,00000000000,0,0,0,1,0,0,0,0,0,0,0,55,0,2,1,0,6,2,1,0,0,0,1,37,28455,6,1,0,0,3,3,72,999,0,0,0,0,0,0,0,0,0,0,58,0,0,0,1,2,55,1,1,2,1,0,0,1,13,1,1,6,98,1,1
37,370222,1,1,1,4,4,21,7,1,0,1,0,37,1,37,705,37705,80,2007,JH2PC40097M0,J,H,2,P,C,4,0,0,9,7,M,0,0,0,0,000000000,00000000000,0,0,0,1,0,0,0,0,0,0,0,100,0,0,0,0,6,2,1,0,0,0,1,37,28721,1,1,0,0,2,0,76,999,0,2,0,0,0,9,2011,7,2012,3,36,0,0,0,1,2,35,1,2,2,1,0,0,1,13,1,1,4,1,1,1
37,370223,1,1,1,3,4,17,43,24,0,1,0,47,3,12,481,12481,31,2008,1FTSX21588EE,1,F,T,S,X,2,1,5,8,8,E,E,0,0,0,000000000,00000000000,0,0,0,1,0,0,0,0,0,0,0,55,0,0,0,1,6,2,24,0,0,0,1,47,37331,6,1,0,0,3,0,76,160,0,0,0,0,0,0,0,0,0,0,0,0,0,0,3,2,55,1,1,1,1,0,0,1,13,1,1,4,1,1,0
37,370224,1,2,4,1,4,21,46,8,0,1,0,37,2,55,33,55033,4,2012,5NPEC4AB3CH4,5,N,P,E,C,4,A,B,3,C,H,4,0,0,0,000000000,00000000000,0,0,0,1,0,0,0,0,0,0,0,998,0,0,0,12,2,5,8,0,0,0,1,37,28203,6,1,0,0,3,0,65,999,0,0,0,0,0,0,0,0,0,0,0,0,0,0,2,3,45,1,1,2,1,0,0,1,80,1,1,1,13,0,0
37,370224,2,2,1,1,4,21,46,8,0,1,0,37,2,42,39,42039,4,1990,WDBDA29D5LF6,W,D,B,D,A,2,9,D,5,L,F,6,0,0,0,000000000,00000000000,0,0,0,1,0,0,0,0,0,0,0,998,0,0,0,12,2,5,8,0,0,0,1,37,28205,6,1,0,0,3,0,69,999,0,0,0,0,0,0,0,0,0,0,0,0,0,0,2,3,45,1,1,2,1,0,0,1,80,1,1,1,98,0,0
37,370225,1,2,2,2,4,14,56,35,0,1,0,37,2,12,3,12003,3,1989,1FABP42E3KF2,1,F,A,B,P,4,2,E,3,K,F,2,0,0,0,000000000,00000000000,0,0,0,1,0,0,0,0,0,0,0,80,0,1,1,12,6,2,1,0,0,0,1,37,27302,6,2,0,0,3,3,67,999,0,0,0,0,0,0,0,0,0,3,28,36,0,0,1,2,55,1,1,2,1,0,0,1,12,1,1,4,6,1,0
37,370225,2,2,2,2,4,14,56,35,0,1,0,37,2,30,42,30042,3,2008,WVWEV71K28W0,W,V,W,E,V,7,1,K,2,8,W,0,0,0,0,000000000,00000000000,0,0,0,1,0,0,0,0,0,0,0,80,0,0,0,62,4,5,12,0,0,0,1,37,27302,6,1,0,0,3,0,68,999,3,0,0,0,0,1,2012,2,2013,3,36,26,0,0,1,2,55,1,1,2,1,0,0,1,60,7,1,1,98,0,0
37,370226,1,1,1,4,4,3,8,34,0,1,0,37,2,23,472,23472,30,2008,1GTDS19E3881,1,G,T,D,S,1,9,E,3,8,8,1,0,0,0,000000000,00000000000,0,0,0,1,0,0,0,0,0,0,0,65,0,1,5,12,6,2,1,0,0,0,1,37,27574,1,1,0,0,2,0,64,999,5,2,0,0,0,9,2011,3,2014,0,0,0,0,0,1,2,45,1,1,2,1,0,0,1,13,1,1,4,1,1,0
37,370227,1,2,1,1,4,20,17,12,2,1,0,37,1,37,32,37032,2,1993,1HGCB7283PA0,1,H,G,C,B,7,2,8,3,P,A,0,0,0,0,000000000,00000000000,0,0,0,1,0,0,0,0,0,0,0,55,0,1,5,12,6,2,12,0,0,0,1,37,28351,6,1,0,0,3,3,72,999,0,0,0,0,0,0,0,0,0,0,28,0,0,0,1,2,55,1,1,2,1,0,0,1,10,1,1,2,50,1,1
37,370227,2,2,2,1,4,20,17,12,2,1,0,37,2,23,471,23471,30,1999,1GTCS144XX85,1,G,T,C,S,1,4,4,X,X,8,5,0,0,0,000000000,00000000000,0,0,0,1,0,0,0,0,0,0,0,45,0,0,0,12,6,2,12,0,0,0,1,37,28351,6,1,6,0,3,0,60,999,0,0,0,0,0,0,0,0,0,0,0,0,0,0,1,2,55,1,1,2,1,0,0,1,62,1,1,1,51,1,0
37,370228,1,2,1,2,4,11,48,12,2,1,0,12,2,63,32,63032,4,2008,KNADE1232863,K,N,A,D,E,1,2,3,2,8,6,3,0,0,0,000000000,00000000000,0,0,0,1,0,0,0,0,0,0,0,80,0,0,0,12,6,2,12,0,0,0,1,37,28627,6,1,0,0,3,3,67,999,0,0,0,1,0,4,2013,4,2013,3,28,36,0,0,1,2,55,1,1,2,1,0,0,1,10,1,1,2,50,1,0
37,370228,2,2,2,2,4,11,48,12,2,1,0,95,1,35,49,35049,9,2005,JN8AZ08W05W4,J,N,8,A,Z,0,8,W,0,5,W,4,0,0,0,000000000,00000000000,0,0,0,1,0,0,0,0,0,0,0,45,0,1,5,12,6,2,12,0,0,0,1,95,0,9,1,99,9,9,9,999,999,99,99,99,99,99,99,9999,99,9999,0,0,0,0,0,1,2,55,1,1,2,1,0,0,1,62,1,1,1,51,1,0
37,370229,1,2,1,18,3,7,23,12,2,1,0,37,3,12,461,12461,21,2006,1FTRE14W16HA,1,F,T,R,E,1,4,W,1,6,H,A,0,0,0,000000000,00000000000,0,0,0,1,0,0,0,0,0,0,0,35,0,0,0,12,6,2,12,0,0,0,1,37,28806,6,1,0,0,3,3,72,999,0,0,0,0,0,0,0,0,0,0,38,0,0,0,6,2,35,1,1,2,1,0,0,11,15,1,1,2,82,0,0
37,370229,2,2,1,18,3,7,23,12,2,1,0,37,1,20,481,20481,31,1998,1GCEK14R1WZ1,1,G,C,E,K,1,4,R,1,W,Z,1,0,0,0,000000000,00000000000,0,0,0,1,0,0,0,0,0,0,0,35,0,0,0,12,6,2,12,0,0,0,1,37,28804,6,1,0,0,3,0,70,999,0,0,0,0,0,0,0,0,0,0,0,0,0,0,6,2,35,1,1,2,1,0,0,1,54,1,1,1,83,1,0
37,370230,1,1,1,9,4,2,39,38,0,1,0,37,1,37,31,37031,2,1991,2HGED6459MH5,2,H,G,E,D,6,4,5,9,M,H,5,0,0,0,000000000,00000000000,0,0,0,1,0,0,0,0,0,0,0,70,0,1,5,9,6,2,42,0,0,0,1,37,28150,1,1,0,0,2,0,66,999,0,1,0,1,3,7,2012,2,2014,3,36,0,0,0,1,2,45,1,2,2,1,0,0,1,10,1,1,4,6,1,1
37,370231,1,1,1,6,4,18,5,32,0,1,0,51,2,6,51,6051,4,2005,2C3JA53G15H6,2,C,3,J,A,5,3,G,1,5,H,6,0,0,0,000000000,00000000000,0,0,0,1,0,0,0,0,0,0,0,80,0,0,0,12,6,2,42,0,0,0,1,51,27919,0,0,0,0,0,0,72,190,0,0,0,0,1,12,2013,12,2013,3,36,0,0,0,1,2,55,1,1,2,1,0,0,1,10,1,1,4,6,1,1
37,370232,1,1,1,9,4,11,29,9,0,1,0,37,2,7,24,7024,4,2007,2B3LA43R47H6,2,B,3,L,A,4,3,R,4,7,H,6,0,0,0,000000000,00000000000,0,0,0,1,0,0,0,0,0,0,0,55,0,0,0,12,4,5,9,0,0,0,1,37,28357,6,1,0,0,3,3,63,999,0,0,0,0,0,0,0,0,0,0,0,0,0,0,1,2,55,1,1,2,1,0,0,1,80,1,1,1,13,0,0
37,370233,1,1,1,3,4,18,6,9,0,1,0,37,2,35,49,35049,6,2003,JN8AZ08W33W2,J,N,8,A,Z,0,8,W,3,3,W,2,0,0,0,000000000,00000000000,0,0,0,1,0,0,0,0,0,0,0,10,0,0,0,2,6,2,9,0,0,0,1,37,28079,6,1,0,0,3,3,69,999,1,0,0,1,0,7,2012,11,2013,0,38,0,0,0,1,2,35,1,2,2,1,0,0,1,80,1,1,1,13,0,0
37,370234,1,1,2,6,4,0,57,1,0,1,0,37,2,12,401,12401,14,2000,1FMZU73XXYUA,1,F,M,Z,U,7,3,X,X,Y,U,A,0,0,0,000000000,00000000000,0,0,0,1,0,0,0,0,0,0,0,60,0,2,1,0,6,2,1,0,0,0,1,37,28723,1,1,0,0,2,0,74,999,0,0,0,0,0,0,0,0,0,3,0,0,0,0,6,1,45,1,2,2,1,0,0,1,12,1,1,2,98,1,1
37,370235,1,2,1,30,3,19,43,12,1,1,0,37,1,12,422,12422,15,2002,1FMFU18L82LA,1,F,M,F,U,1,8,L,8,2,L,A,0,0,0,000000000,00000000000,0,0,0,1,0,0,0,0,0,0,0,998,0,0,0,12,6,2,12,0,0,0,1,37,28037,6,1,0,0,3,0,72,999,1,0,0,0,0,4,2012,4,2012,3,36,39,0,0,1,4,45,1,1,2,1,0,0,1,51,1,1,1,24,0,1
37,370235,2,2,1,30,3,19,43,12,1,1,0,37,1,2,404,2404,14,1996,1J4GZ58S8TC1,1,J,4,G,Z,5,8,S,8,T,C,1,0,0,0,000000000,00000000000,0,0,0,1,0,0,0,0,0,0,0,998,0,1,5,6,6,2,12,0,0,0,1,37,28273,6,1,0,0,3,0,68,999,0,0,0,1,0,8,2012,8,2012,0,0,0,0,0,1,4,45,1,1,2,1,0,0,1,53,1,1,1,25,1,0
37,370236,1,2,1,2,4,16,48,12,6,1,0,37,2,12,422,12422,15,1999,1FMDU32E4XZC,1,F,M,D,U,3,2,E,4,X,Z,C,0,0,0,000000000,00000000000,0,0,0,1,0,0,0,0,0,0,0,998,0,0,0,12,6,2,12,0,0,0,1,37,28216,6,1,0,0,3,0,75,999,0,0,0,0,1,9,2013,9,2013,9,39,0,0,0,3,5,55,1,2,2,1,3,3,1,17,1,1,1,88,0,0
37,370236,2,2,1,2,4,16,48,12,6,1,0,37,1,30,52,30052,4,2013,1VWBN7A31DC0,1,V,W,B,N,7,A,3,1,D,C,0,0,0,0,000000000,00000000000,0,0,0,1,0,0,0,0,0,0,0,998,0,0,0,9,6,2,12,0,0,0,1,37,28037,6,1,0,0,3,3,69,999,0,0,0,0,0,0,0,0,0,0,0,0,0,0,3,5,55,1,2,2,1,3,3,1,17,1,1,1,89,1,0
37,370237,1,1,4,3,4,19,28,1,0,1,0,37,2,12,401,12401,14,1998,1FMZU32X2WUC,1,F,M,Z,U,3,2,X,2,W,U,C,0,0,0,000000000,00000000000,0,0,0,1,0,0,0,0,0,0,0,998,0,2,1,0,6,2,1,0,0,0,1,37,28227,0,0,0,0,0,0,999,999,0,0,0,0,0,0,0,0,0,9,36,0,0,0,3,5,45,1,1,2,1,0,0,15,9,1,1,2,98,1,0
37,370238,1,1,1,12,4,2,0,42,0,1,0,37,2,21,20,21020,4,1992,1G3WH54T0ND3,1,G,3,W,H,5,4,T,0,N,D,3,0,0,0,000000000,00000000000,0,0,0,1,0,0,0,0,0,0,0,90,0,0,0,12,6,2,42,0,0,0,1,37,27356,1,1,0,0,2,0,69,999,0,10,0,2,8,7,2011,3,2014,3,36,0,0,0,1,2,55,3,2,2,1,0,0,14,13,1,1,4,1,1,1
37,370239,1,1,1,5,4,20,11,34,0,1,0,37,2,20,481,20481,31,1994,1GCEK19K9RE2,1,G,C,E,K,1,9,K,9,R,E,2,0,0,0,000000000,00000000000,0,0,0,1,0,0,0,0,0,0,0,55,0,1,5,12,6,2,1,0,0,0,1,37,28358,1,1,0,0,2,0,999,999,0,4,0,0,3,9,2012,9,2013,4,36,0,0,0,1,2,55,3,4,2,1,0,0,14,13,1,1,4,1,1,1
37,370240,1,1,2,5,4,0,24,8,0,1,0,37,1,2,404,2404,14,2003,1J4GX48S63C5,1,J,4,G,X,4,8,S,6,3,C,5,0,0,0,000000000,00000000000,0,0,0,1,0,0,0,0,0,0,0,55,0,0,0,12,6,2,8,0,0,0,1,37,28334,6,1,0,0,3,0,70,999,0,0,0,0,0,0,0,0,0,0,0,0,0,0,2,4,55,1,1,2,1,0,0,1,80,1,1,1,13,0,0
37,370241,1,1,1,27,3,20,25,1,0,1,0,37,1,37,733,37733,90,1991,478TE1505MA3,4,7,8,T,E,1,5,0,5,M,A,3,0,0,0,000000000,00000000000,0,0,0,1,0,0,0,0,0,0,0,35,0,9,1,0,4,3,1,0,0,0,1,37,28655,1,1,0,0,1,0,63,999,0,2,1,0,0,11,2012,1,2013,0,36,0,0,0,1,2,45,1,2,2,1,0,0,1,99,1,1,1,98,1,0
37,370242,1,1,1,23,3,5,18,30,0,1,0,51,2,20,481,20481,31,2005,2GCEK13T2511,2,G,C,E,K,1,3,T,2,5,1,1,0,0,0,000000000,00000000000,0,0,0,1,0,0,0,0,0,0,0,65,0,1,5,12,6,2,30,0,0,0,1,37,27305,6,1,0,0,3,0,73,999,0,0,0,0,0,0,0,0,0,3,39,0,0,0,1,2,55,3,1,2,1,0,0,14,13,1,1,4,1,1,0
37,370243,1,3,1,31,3,16,41,12,8,1,0,37,2,12,24,12024,6,2013,2FMDK3JC7DBE,2,F,M,D,K,3,J,C,7,D,B,E,0,0,0,000000000,00000000000,0,0,0,1,0,0,0,0,0,0,0,55,0,0,0,62,6,2,12,0,0,0,1,45,29340,6,1,0,0,3,0,67,310,1,0,0,0,0,3,2014,3,2014,0,28,0,0,0,1,2,55,1,1,2,1,0,0,1,10,1,1,2,64,0,0
37,370243,2,3,5,31,3,16,41,12,8,1,0,37,2,23,421,23421,15,2005,1GKEK63U05J2,1,G,K,E,K,6,3,U,0,5,J,2,0,0,0,000000000,00000000000,0,0,0,1,0,0,0,0,0,0,0,55,0,0,0,62,6,2,12,0,0,0,1,12,27332,6,1,0,0,3,3,66,999,0,0,0,0,0,0,0,0,0,0,0,0,0,0,1,2,55,1,1,2,1,0,0,1,62,1,1,1,65,0,0
37,370243,3,3,1,31,3,16,41,12,8,1,0,37,1,55,35,55035,2,2013,KMHDH6AE2DU0,K,M,H,D,H,6,A,E,2,D,U,0,0,0,0,000000000,00000000000,0,0,0,1,0,0,0,0,0,0,0,55,0,0,0,12,6,2,12,0,0,0,1,34,7748,6,1,0,0,3,0,64,999,0,0,0,0,0,0,0,0,0,0,0,0,0,0,1,2,55,1,1,2,1,0,0,1,62,1,1,1,98,1,0
37,370244,1,2,1,27,3,17,49,12,6,1,0,37,2,19,3,19003,4,1995,1G6KD52B7SU2,1,G,6,K,D,5,2,B,7,S,U,2,0,0,0,000000000,00000000000,0,0,0,1,0,0,0,0,0,0,0,10,0,0,0,12,6,5,12,0,0,0,1,37,28387,6,1,0,0,3,0,65,999,0,0,0,1,0,2,2012,2,2012,0,38,0,0,0,1,2,35,1,2,2,1,20,3,1,17,1,1,1,86,0,0
37,370244,2,2,2,27,3,17,49,12,6,1,0,37,1,12,402,12402,14,2006,1FMYU93166KD,1,F,M,Y,U,9,3,1,6,6,K,D,0,0,0,000000000,00000000000,0,0,0,1,0,0,0,0,0,0,0,30,0,1,1,3,6,2,12,0,0,0,1,37,28326,6,1,0,0,3,3,63,999,0,0,0,0,0,0,0,0,0,0,0,0,0,0,1,5,35,1,9,2,1,0,0,1,68,1,1,1,87,1,0
37,370245,1,2,1,24,3,21,4,12,2,1,0,37,2,14,17,14017,4,2000,1MEFM53U3YA6,1,M,E,F,M,5,3,U,3,Y,A,6,0,0,0,000000000,00000000000,0,0,0,1,0,0,0,0,0,0,0,55,0,0,0,12,6,2,12,0,0,0,1,37,27539,6,1,0,0,3,0,67,999,0,0,0,0,0,0,0,0,0,3,28,0,0,0,1,3,35,1,1,2,1,1,3,1,10,1,1,2,50,1,0
37,370245,2,2,1,24,3,21,4,12,2,1,0,37,1,37,421,37421,15,2007,5FNYF28447B0,5,F,N,Y,F,2,8,4,4,7,B,0,0,0,0,000000000,00000000000,0,0,0,1,0,0,0,0,0,0,0,15,0,0,0,12,6,2,12,0,0,0,1,37,27540,6,1,0,0,3,0,69,999,0,0,0,0,1,7,2013,7,2013,0,0,0,0,0,1,3,35,1,1,2,1,1,3,1,62,1,1,1,51,0,0
37,370246,1,1,1,10,4,21,16,8,0,1,0,37,1,2,404,2404,14,2000,1J4FT48S4YL1,1,J,4,F,T,4,8,S,4,Y,L,1,0,0,0,000000000,00000000000,0,0,0,1,0,0,0,0,0,0,0,30,0,0,0,12,4,5,8,0,0,0,1,37,28025,6,1,0,0,3,0,70,999,0,0,0,1,0,6,2012,6,2012,0,0,0,0,0,1,2,35,1,1,2,1,0,0,1,80,3,1,1,13,0,0