STATE,ST_CASE,VEH_NO,VE_FORMS,NUMOCCS,DAY,MONTH,HOUR,MINUTE,HARM_EV,MAN_COLL,UNITTYPE,HIT_RUN,REG_STAT,OWNER,MAKE,MODEL,MAK_MOD,BODY_TYP,MOD_YEAR,VIN,VIN_1,VIN_2,VIN_3,VIN_4,VIN_5,VIN_6,VIN_7,VIN_8,VIN_9,VIN_10,VIN_11,VIN_12,TOW_VEH,J_KNIFE,MCARR_I1,MCARR_I2,MCARR_ID,GVWR,V_CONFIG,CARGO_BT,HAZ_INV,HAZ_PLAC,HAZ_ID,HAZ_CNO,HAZ_REL,BUS_USE,SPEC_USE,EMER_USE,TRAV_SP,UNDERIDE,ROLLOVER,ROLINLOC,IMPACT1,DEFORMED,TOWED,M_HARM,VEH_SC1,VEH_SC2,FIRE_EXP,DR_PRES,L_STATE,DR_ZIP,L_STATUS,L_TYPE,CDL_STAT,L_ENDORS,L_COMPL,L_RESTRI,DR_HGT,DR_WGT,PREV_ACC,PREV_SUS,PREV_DWI,PREV_SPD,PREV_OTH,FIRST_MO,FIRST_YR,LAST_MO,LAST_YR,SPEEDREL,DR_SF1,DR_SF2,DR_SF3,DR_SF4,VTRAFWAY,VNUM_LAN,VSPD_LIM,VALIGN,VPROFILE,VPAVETYP,VSURCOND,VTRAFCON,VTCONT_F,P_CRASH1,P_CRASH2,P_CRASH3,PCRASH4,PCRASH5,ACC_TYPE,DEATHS,DR_DRINK
37,370247,1,1,1,11,4,1,15,32,0,1,0,37,2,12,17,12017,4,1991,1FACP52U8MA1,1,F,A,C,P,5,2,U,8,M,A,1,0,0,0,000000000,00000000000,0,0,0,1,0,0,0,0,0,0,0,80,0,1,5,12,6,2,32,0,0,0,1,37,28150,6,1,0,0,3,3,75,999,0,0,0,0,0,0,0,0,0,3,58,0,0,0,1,2,55,3,1,2,1,0,0,14,6,1,1,4,6,1,1
37,370248,1,1,1,12,4,10,40,43,0,1,0,37,1,72,706,72706,80,2013,1HD1GZM11DC3,1,H,D,1,G,Z,M,1,1,D,C,3,0,0,0,000000000,00000000000,0,0,0,1,0,0,0,0,0,0,0,80,0,0,0,12,6,2,1,0,0,0,1,37,28571,6,1,0,0,3,3,71,999,0,0,0,0,0,0,0,0,0,3,33,0,0,0,1,2,55,3,1,2,1,0,0,6,12,1,1,4,6,1,0
37,370249,1,1,2,4,4,23,33,8,0,1,0,37,1,7,26,7026,4,2011,1B3BD1FB5BN5,1,B,3,B,D,1,F,B,5,B,N,5,0,0,0,000000000,00000000000,0,0,0,1,0,0,0,0,0,0,0,35,0,0,0,12,2,5,8,0,0,0,1,37,28334,6,1,0,0,3,0,64,999,0,0,0,0,1,11,2013,11,2013,0,0,0,0,0,1,6,35,1,1,2,1,0,0,1,80,1,1,1,13,0,0
37,370250,1,1,1,7,4,20,49,30,0,1,0,37,2,37,31,37031,3,1996,2HGEJ6320TH1,2,H,G,E,J,6,3,2,0,T,H,1,0,0,0,000000000,00000000000,0,0,0,1,0,0,0,0,0,0,0,55,0,1,5,12,6,2,30,0,0,0,1,37,27360,6,1,0,0,3,3,70,999,1,0,0,0,0,5,2013,5,2013,0,0,0,0,0,1,2,55,1,1,2,2,0,0,1,13,1,1,4,1,1,1
37,370251,1,1,1,15,4,10,16,42,0,1,0,37,1,12,471,12471,30,1993,1FTCR10U3PTA,1,F,T,C,R,1,0,U,3,P,T,A,0,0,0,000000000,00000000000,0,0,0,1,0,0,0,0,0,0,0,50,0,0,0,12,6,2,42,0,0,0,1,37,27105,6,1,0,0,3,0,67,999,0,0,0,1,1,12,2012,2,2014,0,0,0,0,0,2,2,45,2,1,2,1,0,0,14,13,1,1,4,1,1,0
37,370252,1,1,1,9,4,17,35,42,0,1,0,37,3,84,881,84881,66,2014,3HSDJAPRXEN7,3,H,S,D,J,A,P,R,X,E,N,7,1,1,57,1021966,571021966,3,6,1,1,0,0,0,0,0,0,0,60,0,0,0,1,6,2,42,0,0,0,1,45,29720,6,1,6,0,3,0,70,235,0,0,0,1,0,7,2013,7,2013,0,58,0,0,0,3,4,70,1,1,2,1,0,0,1,13,1,1,4,1,1,0
37,370253,1,2,1,3,4,22,34,12,2,1,0,51,1,12,422,12422,15,2003,1FMFU16L13LB,1,F,M,F,U,1,6,L,1,3,L,B,0,0,0,000000000,00000000000,0,0,0,1,0,0,0,0,0,0,0,85,0,0,0,12,6,2,12,0,0,0,1,51,24592,6,1,0,0,3,0,66,185,0,0,0,0,0,0,0,0,0,3,36,0,0,0,3,3,60,4,2,2,1,0,0,14,54,1,1,2,52,0,1
37,370253,2,2,1,3,4,22,34,12,2,1,0,37,2,51,43,51043,2,2004,YV1NC63DX4J0,Y,V,1,N,C,6,3,D,X,4,J,0,0,0,0,000000000,00000000000,0,0,0,1,0,0,0,0,0,0,0,60,0,0,0,12,6,2,12,0,0,0,1,37,27592,6,1,0,0,3,3,63,999,0,0,0,0,0,0,0,0,0,0,0,0,0,0,3,3,60,4,2,2,1,0,0,14,54,1,1,1,52,1,0
37,370254,1,1,2,14,4,3,32,25,0,1,0,51,1,12,461,12461,21,2001,1FTSS34L31HB,1,F,T,S,S,3,4,L,3,1,H,B,0,0,0,000000000,00000000000,0,0,0,1,0,0,0,0,0,0,0,55,0,0,0,12,6,2,25,0,0,0,1,51,24588,6,1,0,0,3,0,71,175,0,0,0,0,0,0,0,0,0,0,0,0,0,0,3,4,55,1,1,2,1,0,0,1,13,1,1,4,1,1,0
37,370255,1,1,1,18,4,9,0,1,0,1,0,37,1,12,401,12401,14,2000,1FMZU63E1YZA,1,F,M,Z,U,6,3,E,1,Y,Z,A,0,0,0,000000000,00000000000,0,0,0,1,0,0,0,0,0,0,0,70,0,2,1,0,6,2,1,0,0,0,1,37,28037,6,1,0,0,3,0,72,999,0,1,0,0,1,1,2013,3,2013,0,58,0,0,0,3,4,65,3,1,2,1,0,0,14,13,1,1,6,98,1,1
37,370256,1,1,2,8,4,21,50,34,0,1,0,37,2,12,481,12481,31,1998,2FTZX176XWCA,2,F,T,Z,X,1,7,6,X,W,C,A,0,0,0,000000000,00000000000,0,0,0,1,0,0,0,0,0,0,0,35,0,0,0,12,6,2,34,0,0,0,1,12,32653,6,1,0,0,3,0,72,999,0,0,0,0,0,0,0,0,0,4,36,0,0,0,1,2,35,3,1,2,1,0,0,14,13,1,1,4,1,1,0
37,370257,1,1,2,19,4,3,41,30,0,1,0,37,2,12,481,12481,31,2003,1FTNW21P03EB,1,F,T,N,W,2,1,P,0,3,E,B,0,0,0,000000000,00000000000,0,0,0,1,0,0,0,0,0,0,0,70,0,1,5,7,6,2,1,0,0,0,1,37,28752,6,1,0,0,3,0,72,999,0,0,0,0,0,0,0,0,0,3,36,0,0,0,1,2,35,2,2,2,2,0,0,14,13,1,1,4,1,1,1
37,370258,1,1,2,11,4,22,8,32,0,1,0,37,2,12,401,12401,14,1998,1FMZU32E3WUA,1,F,M,Z,U,3,2,E,3,W,U,A,0,0,0,000000000,00000000000,0,0,0,1,0,0,0,0,0,0,0,80,0,1,1,1,6,2,1,0,0,0,1,37,27882,3,1,0,0,2,0,64,999,0,0,0,0,0,0,0,0,0,3,36,0,0,0,1,2,55,3,1,2,1,0,0,14,13,1,1,4,1,1,1
37,370259,1,1,1,14,4,2,30,34,0,1,0,37,2,12,481,12481,31,2002,2FTRX08L52CA,2,F,T,R,X,0,8,L,5,2,C,A,0,0,0,000000000,00000000000,0,0,0,1,0,0,0,0,0,0,0,60,0,1,5,2,6,2,1,0,0,0,1,37,28585,1,1,0,0,2,0,69,999,0,3,1,0,3,3,2012,4,2013,3,36,0,0,0,1,2,60,3,1,2,1,0,0,14,13,1,1,4,1,1,1
37,370260,1,1,1,17,4,11,41,59,0,1,0,37,1,65,31,65031,2,2013,WMEEK3BA8DK5,W,M,E,E,K,3,B,A,8,D,K,5,0,0,0,000000000,00000000000,0,0,0,1,0,0,0,0,0,0,0,55,0,1,5,1,6,2,1,0,0,0,1,37,28226,6,1,0,0,3,0,65,999,0,0,0,0,0,0,0,0,0,4,36,0,0,0,1,2,55,3,3,2,1,0,0,14,13,1,1,4,1,1,1
37,370261,1,1,2,11,4,17,44,53,0,1,0,37,2,20,471,20471,30,1993,1GCCS14R4P81,1,G,C,C,S,1,4,R,4,P,8,1,0,0,0,000000000,00000000000,0,0,0,1,0,0,0,0,0,0,0,55,0,1,5,1,6,2,42,0,0,0,1,37,27320,6,1,0,0,3,3,66,999,0,0,0,0,0,0,0,0,0,0,0,0,0,0,1,2,55,1,1,2,1,0,0,1,13,1,1,4,1,1,0
37,370262,1,1,1,12,4,19,52,32,0,1,0,37,1,72,706,72706,80,2006,1HD1GN1136K3,1,H,D,1,G,N,1,1,3,6,K,3,0,0,0,000000000,00000000000,0,0,0,1,0,0,0,0,0,0,0,80,0,0,0,12,6,2,1,0,0,0,1,37,27021,6,1,0,0,3,0,70,999,3,0,0,0,1,10,2011,12,2013,3,36,0,0,0,1,2,35,2,1,2,1,0,0,14,13,1,1,4,1,1,1
37,370263,1,2,2,6,4,22,44,12,1,1,0,37,1,53,34,53034,4,2007,KL5JD56Z07K6,K,L,5,J,D,5,6,Z,0,7,K,6,0,0,0,000000000,00000000000,0,0,0,1,0,0,0,0,0,0,0,65,0,0,0,12,6,2,12,0,0,0,1,37,27405,6,1,0,0,3,0,75,999,0,0,0,0,0,0,0,0,0,0,0,0,0,0,3,5,65,1,1,2,1,0,0,1,50,1,1,1,32,1,0
37,370263,2,2,0,6,4,22,44,12,1,1,0,37,6,20,4,20004,2,1993,1G1YY23P4P51,1,G,1,Y,Y,2,3,P,4,P,5,1,0,0,0,000000000,00000000000,0,0,0,1,0,0,0,0,0,0,0,0,0,0,0,6,6,2,12,0,0,0,0,0,99997,7,6,97,7,6,7,998,997,998,998,998,998,998,98,9998,98,9998,8,20,0,0,0,3,5,65,1,1,2,1,0,0,0,98,0,0,0,32,0,0
37,370264,1,2,1,22,3,19,29,12,6,1,0,37,1,53,34,53034,4,2004,KL5JJ52ZX4K9,K,L,5,J,J,5,2,Z,X,4,K,9,0,0,0,000000000,00000000000,0,0,0,1,0,0,0,0,0,0,0,55,0,0,0,82,6,2,12,0,0,0,1,37,28023,6,1,0,0,3,3,64,999,0,0,0,0,0,0,0,0,0,0,38,0,0,0,1,2,55,1,1,2,1,0,0,11,15,1,1,1,68,1,0
37,370264,2,2,2,22,3,19,29,12,6,1,0,37,1,7,482,7482,31,2006,3D7KS29C36G1,3,D,7,K,S,2,9,C,3,6,G,1,0,0,0,000000000,00000000000,0,0,0,1,0,0,0,0,0,0,0,55,7,0,0,12,6,2,12,0,0,0,1,37,27295,6,1,0,0,3,3,73,999,0,0,0,0,0,0,0,0,0,0,0,0,0,0,1,2,55,1,1,2,1,0,0,1,62,1,1,1,69,0,0
37,370265,1,1,3,22,4,20,35,8,0,1,0,37,1,23,8,23008,6,2012,1GKKVRED9CJ1,1,G,K,K,V,R,E,D,9,C,J,1,0,0,0,000000000,00000000000,0,0,0,1,0,0,0,0,0,0,0,35,0,0,0,12,4,5,8,0,0,0,1,37,28031,6,1,0,0,3,3,71,999,0,0,0,0,0,0,0,0,0,0,0,0,0,0,1,2,35,1,1,2,1,0,0,1,80,1,1,1,13,0,0
37,370266,1,2,1,9,4,17,17,12,6,1,0,37,1,37,31,37031,4,2000,1HGEJ6678YL0,1,H,G,E,J,6,6,7,8,Y,L,0,0,0,0,000000000,00000000000,0,0,0,1,0,0,0,0,0,0,0,20,0,0,0,62,6,2,12,0,0,0,1,37,28152,6,1,0,0,3,3,67,999,0,0,0,0,0,0,0,0,0,0,38,0,0,0,1,2,35,1,2,2,1,20,3,1,15,1,1,1,89,1,0
37,370266,2,2,1,9,4,17,17,12,6,1,0,37,3,7,24,7024,4,2013,2C3CDXAT2DH5,2,C,3,C,D,X,A,T,2,D,H,5,0,0,0,000000000,00000000000,0,0,0,1,0,0,0,0,0,0,0,35,0,0,0,12,6,2,12,0,0,0,1,37,28086,6,1,0,0,3,0,71,999,1,0,0,0,0,5,2013,5,2013,0,0,0,0,0,1,4,35,1,1,2,1,0,0,1,66,1,1,1,88,0,0
37,370267,1,1,2,13,4,9,39,8,0,1,0,37,1,14,6,14006,4,2009,2MEHM75V39X6,2,M,E,H,M,7,5,V,3,9,X,6,0,0,0,000000000,00000000000,0,0,0,1,0,0,0,0,0,0,0,15,0,0,0,6,6,2,8,0,0,0,1,37,28314,6,1,0,0,3,3,62,999,1,0,0,1,0,9,2012,3,2014,0,31,0,0,0,1,2,35,1,1,2,1,0,0,13,80,2,1,1,92,0,0
37,370268,1,3,1,11,4,8,21,12,6,1,0,37,2,52,46,52046,4,2003,JA3AJ26E83U1,J,A,3,A,J,2,6,E,8,3,U,1,0,0,0,000000000,00000000000,0,0,0,1,0,0,0,0,0,0,0,30,0,0,0,3,6,2,12,0,0,0,1,37,27330,6,1,0,0,3,3,66,999,0,0,0,0,0,0,0,0,0,0,38,0,0,0,2,4,55,1,4,2,1,0,0,11,15,1,1,1,82,1,0
37,370268,2,3,3,11,4,8,21,12,6,1,0,37,1,7,402,7402,14,2000,1B4HS28NXYF2,1,B,4,H,S,2,8,N,X,Y,F,2,0,0,0,000000000,00000000000,0,0,0,1,0,0,0,0,0,0,0,55,0,0,0,12,6,2,12,0,0,0,1,37,28306,6,1,0,0,3,3,60,999,1,0,0,0,0,11,2012,11,2012,0,0,0,0,0,2,4,55,1,4,2,1,0,0,1,62,1,1,1,83,0,0
37,370268,3,3,1,11,4,8,21,12,6,1,0,37,2,12,481,12481,31,1995,1FTDF15Y7SLA,1,F,T,D,F,1,5,Y,7,S,L,A,0,0,0,000000000,00000000000,0,0,0,1,0,0,0,0,0,0,0,50,0,0,0,12,6,2,12,0,0,0,1,37,28304,6,1,0,0,3,3,69,999,2,0,0,1,0,9,2011,3,2012,0,0,0,0,0,2,4,55,1,4,2,1,0,0,1,60,1,1,1,98,0,0
37,370269,1,1,2,17,4,17,35,42,0,1,0,37,1,49,40,49040,4,1996,4T1BG12K3TU7,4,T,1,B,G,1,2,K,3,T,U,7,0,0,0,000000000,00000000000,0,0,0,1,0,0,0,0,0,0,0,70,0,1,5,11,6,2,42,0,0,0,1,37,27292,6,1,0,0,3,0,61,999,0,0,0,0,0,0,0,0,0,0,58,0,0,0,2,3,70,1,2,2,1,0,0,15,13,1,1,4,1,1,0
37,370270,1,2,1,24,4,8,34,12,2,1,0,37,3,85,881,85881,63,2011,1NKDXUTX2BJ2,1,N,K,D,X,U,T,X,2,B,J,2,0,0,57,702090,57702090,3,2,3,1,0,0,0,0,0,0,0,60,0,0,0,12,6,2,12,0,0,0,1,37,27529,6,1,6,0,3,3,66,999,1,0,0,0,0,11,2011,11,2011,0,0,0,0,0,2,4,55,1,2,2,1,0,0,1,62,1,1,1,51,0,0
37,370270,2,2,1,24,4,8,34,12,2,1,0,37,1,49,32,49032,4,2005,1NXBR32E65Z5,1,N,X,B,R,3,2,E,6,5,Z,5,0,0,0,000000000,00000000000,0,0,0,1,0,0,0,0,0,0,0,50,0,0,0,12,6,2,12,0,0,1,1,37,27012,6,1,0,0,3,3,63,999,0,0,0,2,0,5,2011,4,2012,0,58,0,0,0,2,4,55,1,2,2,1,0,0,1,10,1,1,6,50,1,0
37,370271,1,1,1,8,4,18,26,8,0,1,0,17,3,82,881,82881,66,2006,1FUJAPAV96DU,1,F,U,J,A,P,A,V,9,6,D,U,1,1,57,2310999,572310999,3,6,10,1,0,0,0,0,0,0,0,5,0,0,0,4,2,5,8,0,0,0,1,17,60076,6,1,6,0,3,3,69,178,0,0,0,0,0,0,0,0,0,0,0,0,0,0,0,0,0,0,0,0,0,0,0,8,98,1,1,5,15,0,0
37,370272,1,2,1,21,4,6,29,12,6,1,0,37,3,85,881,85881,66,1995,1XKDDB9XXSJ6,1,X,K,D,D,B,9,X,X,S,J,6,1,1,57,181432,57181432,3,6,3,1,0,0,0,0,0,0,0,55,0,0,0,12,4,5,12,0,0,0,1,37,27312,6,1,6,0,3,1,72,999,0,0,0,0,2,9,2011,7,2013,0,0,0,0,0,1,2,55,1,1,2,1,0,0,1,54,1,1,1,66,0,0
37,370272,2,2,1,21,4,6,29,12,6,1,0,37,2,12,13,12013,2,1993,1FAPP11J5PW2,1,F,A,P,P,1,1,J,5,P,W,2,0,0,0,000000000,00000000000,0,0,0,1,0,0,0,0,0,0,0,5,0,0,0,9,6,2,12,0,0,0,1,37,28306,6,1,0,0,3,0,72,999,0,1,0,0,0,4,2013,4,2013,0,38,0,0,0,1,2,55,1,1,2,1,0,0,4,19,1,1,1,66,1,0
37,370273,1,1,1,8,4,20,22,8,0,1,0,37,1,37,421,37421,15,2013,5FNYF3H52DB0,5,F,N,Y,F,3,H,5,2,D,B,0,0,0,0,000000000,00000000000,0,0,0,1,0,0,0,0,0,0,0,998,0,0,0,12,2,3,8,0,0,0,1,37,28124,6,1,0,0,3,0,69,999,0,0,0,0,1,8,2013,8,2013,9,0,0,0,0,1,2,35,1,1,2,1,0,0,1,80,1,1,1,13,0,0
37,370274,1,2,1,21,4,15,54,12,1,1,0,37,1,72,706,72706,80,2006,1HD1BWB186Y0,1,H,D,1,B,W,B,1,8,6,Y,0,0,0,0,000000000,00000000000,0,0,0,1,0,0,0,0,0,0,0,55,0,0,0,12,6,2,12,0,0,0,1,37,27842,6,1,0,0,3,0,69,999,0,0,0,0,0,0,0,0,0,0,0,0,0,0,1,2,55,1,1,2,1,0,0,1,50,1,1,1,20,1,0
37,370274,2,2,2,21,4,15,54,12,1,1,0,37,1,20,481,20481,31,2003,1GCEK19T43E1,1,G,C,E,K,1,9,T,4,3,E,1,0,0,0,000000000,00000000000,0,0,0,1,0,0,0,0,0,0,0,0,0,0,0,6,4,5,12,0,0,0,1,37,27842,6,1,0,0,3,0,73,999,0,0,0,0,0,0,0,0,0,0,0,0,0,0,1,2,55,1,1,2,1,0,0,5,98,1,1,1,21,0,0
37,370275,1,1,1,21,4,14,14,42,0,1,0,37,1,12,399,12399,4,1931,000000000000,0,0,0,0,0,0,0,0,0,0,0,0,0,0,0,000000000,00000000000,0,0,0,1,0,0,0,0,0,0,0,40,0,0,0,12,6,2,42,0,0,0,1,37,27040,6,1,0,0,3,3,72,999,1,0,0,0,0,6,2013,6,2013,0,0,0,0,0,1,2,55,1,1,2,1,0,0,1,13,1,1,4,1,1,0
37,370276,1,2,1,18,1,15,2,12,6,1,0,37,1,13,1,13001,4,1989,1LNBM81FXKY6,1,L,N,B,M,8,1,F,X,K,Y,6,0,0,0,000000000,00000000000,0,0,0,1,0,0,0,0,0,0,0,10,0,0,0,9,6,2,12,0,0,0,1,37,28806,6,1,0,0,3,0,70,999,1,0,0,0,0,8,2011,8,2011,0,38,0,0,0,0,0,0,0,0,0,0,0,0,11,15,1,1,1,82,1,0
37,370276,2,2,2,18,1,15,2,12,6,1,0,37,1,20,421,20421,15,2003,1GNEK13Z03R2,1,G,N,E,K,1,3,Z,0,3,R,2,0,0,0,000000000,00000000000,0,0,0,1,0,0,0,0,0,0,0,45,0,0,0,12,6,2,12,0,0,0,1,37,28715,6,2,0,0,3,1,62,999,0,0,0,0,0,0,0,0,0,0,0,0,0,0,2,5,45,1,1,2,1,0,0,1,72,1,1,1,83,0,0
37,370277,1,2,1,21,1,14,52,12,1,1,0,37,3,12,481,12481,40,2011,1FDUF4GT2BEB,1,F,D,U,F,4,G,T,2,B,E,B,0,0,0,000000000,00000000000,0,0,0,1,0,0,0,0,0,0,0,55,0,0,0,12,6,2,12,0,0,0,1,37,27603,6,1,0,0,3,0,72,999,2,0,0,0,0,5,2011,11,2011,4,0,0,0,0,2,4,45,1,1,2,1,0,0,15,50,1,1,2,20,0,0
37,370277,2,2,1,21,1,14,52,12,1,1,0,37,1,41,35,41035,4,2002,JM1BJ2253205,J,M,1,B,J,2,2,5,3,2,0,5,0,0,0,000000000,00000000000,0,0,0,1,0,0,0,0,0,0,0,0,0,0,0,6,6,2,12,0,0,0,1,37,27610,6,1,0,0,3,3,63,999,2,0,0,1,0,4,2011,10,2013,0,0,0,0,0,2,4,45,1,1,2,1,0,0,5,53,1,1,1,21,0,0
37,370278,1,1,1,5,2,14,20,33,0,1,0,37,4,20,37,20037,4,2014,1G11E5SL5EF2,1,G,1,1,E,5,S,L,5,E,F,2,0,0,0,000000000,00000000000,0,0,0,1,0,0,0,0,0,0,0,60,0,1,5,12,6,2,42,0,0,0,1,42,15236,6,1,0,0,3,3,75,999,0,0,0,0,0,0,0,0,0,4,0,0,0,0,4,1,60,3,2,2,1,0,0,14,13,1,1,4,1,1,0
37,370279,1,1,1,25,4,10,38,35,0,1,0,37,1,20,481,20481,31,1983,2GCEK14D5D11,2,G,C,E,K,1,4,D,5,D,1,1,0,0,0,000000000,00000000000,0,0,0,1,0,0,0,0,0,0,0,60,0,0,0,12,6,2,42,0,0,0,1,37,28645,6,1,0,0,3,0,70,999,1,0,0,0,0,7,2011,7,2011,0,36,0,0,0,1,2,55,2,2,2,1,0,0,14,12,1,1,4,6,1,1
37,370280,1,4,4,25,4,21,27,12,7,1,0,37,2,12,17,12017,4,1997,1FALP52U8VA2,1,F,A,L,P,5,2,U,8,V,A,2,0,0,0,000000000,00000000000,0,0,0,1,0,0,0,0,0,0,0,70,0,0,0,12,6,2,12,0,0,0,1,37,28472,0,0,0,0,0,0,999,999,0,0,0,0,0,0,0,0,0,0,27,0,0,0,1,2,55,1,3,2,1,0,0,15,51,1,1,2,46,0,0
37,370280,2,4,1,25,4,21,27,12,7,1,0,37,1,47,35,47035,1,2000,YS3DF75K3Y70,Y,S,3,D,F,7,5,K,3,Y,7,0,0,0,0,000000000,00000000000,0,0,0,1,0,0,0,0,0,0,0,65,0,0,0,7,6,2,12,0,0,0,1,37,28472,6,1,6,0,3,3,74,999,1,0,0,0,0,11,2013,11,2013,0,0,0,0,0,1,2,55,1,3,2,1,0,0,1,60,1,1,1,45,1,0
37,370280,3,4,4,25,4,21,27,12,7,1,0,37,1,63,33,63033,4,2004,KNAFE1216450,K,N,A,F,E,1,2,1,6,4,5,0,0,0,0,000000000,00000000000,0,0,0,1,0,0,0,0,0,0,0,50,0,0,0,12,6,2,12,0,0,0,1,37,28463,6,1,0,0,3,3,65,999,0,0,0,0,0,0,0,0,0,0,0,0,0,0,1,2,55,1,3,2,1,0,0,1,62,1,1,1,98,2,0
37,370280,4,4,3,25,4,21,27,12,7,1,0,45,1,49,472,49472,30,2008,5TELU42NX8Z5,5,T,E,L,U,4,2,N,X,8,Z,5,0,0,0,000000000,00000000000,0,0,0,1,0,0,0,0,0,0,0,50,0,0,0,9,4,5,54,0,0,0,1,45,29569,6,1,6,0,3,0,71,260,0,0,0,0,0,0,0,0,0,0,0,0,0,0,1,2,55,1,3,2,1,0,0,1,98,1,1,1,98,0,0
37,370281,1,2,1,26,4,12,7,12,8,1,0,37,1,72,706,72706,80,2003,1HD4CAM173K4,1,H,D,4,C,A,M,1,7,3,K,4,0,0,0,000000000,00000000000,0,0,0,1,0,0,0,0,0,0,0,60,0,0,0,61,6,2,12,0,0,0,1,37,27360,6,1,0,0,3,3,69,999,1,0,0,0,0,12,2012,12,2012,4,28,0,0,0,1,2,45,2,2,2,1,0,0,14,10,1,1,2,64,1,0
37,370281,2,2,2,26,4,12,7,12,8,1,0,37,1,21,2,21002,4,1998,1G3HN52KXW48,1,G,3,H,N,5,2,K,X,W,4,8,0,0,0,000000000,00000000000,0,0,0,1,0,0,0,0,0,0,0,30,0,0,0,62,4,5,12,0,0,0,1,37,27292,6,1,0,0,3,0,69,999,0,1,0,0,0,5,2012,5,2012,0,0,0,0,0,1,2,45,2,2,2,1,0,0,14,62,1,1,1,65,0,0
37,370282,1,2,1,18,4,19,51,8,0,1,1,37,2,12,401,12401,14,1997,1FMDU35P0VZB,1,F,M,D,U,3,5,P,0,V,Z,B,0,0,0,000000000,00000000000,0,0,0,1,0,0,0,0,0,0,0,60,0,0,0,12,4,5,8,0,0,0,1,37,28012,6,1,0,0,3,0,67,999,1,0,0,0,0,6,2012,6,2012,3,0,0,0,0,1,5,45,1,2,2,2,1,3,1,80,1,1,1,13,0,0
37,370282,2,2,1,18,4,19,51,8,0,1,1,99,9,99,999,99999,99,9999,999999999999,9,9,9,9,9,9,9,9,9,9,9,9,9,0,99,999999999,99999999999,9,99,99,1,0,0,0,0,99,99,9,35,9,0,0,14,9,9,8,99,99,0,1,99,99999,9,9,99,9,9,9,999,999,99,99,99,99,99,99,9999,99,9999,0,99,99,99,99,1,5,45,1,2,2,2,1,3,1,80,1,1,1,98,0,0
37,370283,1,1,1,20,4,11,11,53,0,1,0,37,1,35,43,35043,4,2006,3N1CB51D76L4,3,N,1,C,B,5,1,D,7,6,L,4,0,0,0,000000000,00000000000,0,0,0,1,0,0,0,0,0,0,0,55,0,0,0,12,6,2,30,0,0,0,1,37,27597,6,1,0,0,3,0,64,999,0,0,0,0,0,0,0,0,0,0,28,0,0,0,1,2,55,1,1,2,2,0,0,1,12,1,1,4,6,1,0
37,370284,1,1,1,12,4,9,13,42,0,1,0,37,1,76,706,76706,80,2002,JYARN07E12A0,J,Y,A,R,N,0,7,E,1,2,A,0,0,0,0,000000000,00000000000,0,0,0,1,0,0,0,0,0,0,0,50,0,0,0,12,6,2,42,0,0,0,1,37,28546,6,1,0,0,2,0,73,999,0,0,0,0,0,0,0,0,0,3,36,0,0,0,1,2,25,2,1,2,1,0,0,14,12,1,1,4,6,1,0
37,370285,1,1,4,20,4,4,19,42,0,1,0,37,2,55,401,55401,14,2007,5NMSH13E37H0,5,N,M,S,H,1,3,E,3,7,H,0,0,0,0,000000000,00000000000,0,0,0,1,0,0,0,0,0,0,0,70,0,0,0,82,6,2,42,0,0,0,1,37,28546,6,2,0,0,3,2,66,999,0,0,0,0,0,0,0,0,0,4,73,0,0,0,1,2,55,3,1,2,2,0,0,14,13,1,1,4,1,1,0
37,370286,1,1,2,23,4,18,40,1,0,1,0,37,1,49,401,49401,14,1995,JT3VN39W1S01,J,T,3,V,N,3,9,W,1,S,0,1,0,0,0,000000000,00000000000,0,0,0,1,0,0,0,0,0,0,0,45,0,9,5,0,6,2,1,0,0,0,1,37,28539,1,1,0,0,2,0,73,999,0,0,0,0,2,10,2012,3,2013,0,36,58,0,0,1,2,35,1,1,2,1,0,0,1,8,6,4,4,7,1,1
37,370287,1,1,1,26,4,18,0,14,0,1,0,37,1,37,706,37706,80,2004,JH2SC57084M0,J,H,2,S,C,5,7,0,8,4,M,0,0,0,0,000000000,00000000000,0,0,0,1,0,0,0,0,0,0,0,40,0,0,0,61,6,2,14,0,0,0,1,37,28546,6,1,0,0,3,0,70,999,0,0,0,0,0,0,0,0,0,0,36,0,0,0,1,2,98,1,1,2,1,0,0,1,9,1,1,4,1,1,0
37,370288,1,2,1,2,4,18,40,54,11,1,0,37,1,76,706,76706,80,2001,JYAVP02E01A0,J,Y,A,V,P,0,2,E,0,1,A,0,0,0,0,000000000,00000000000,0,0,0,1,0,0,0,0,0,0,0,55,0,0,0,18,4,5,54,0,0,0,1,37,27017,6,1,0,0,2,0,75,999,1,0,0,0,0,3,2014,3,2014,0,28,0,0,0,1,2,55,3,2,2,1,0,0,14,10,1,1,2,98,1,0
37,370288,2,2,1,2,4,18,40,54,11,1,0,37,1,7,482,7482,31,2008,1D7HU18N58J1,1,D,7,H,U,1,8,N,5,8,J,1,0,0,0,000000000,00000000000,0,0,0,1,0,0,0,0,0,0,0,50,0,0,0,14,4,5,54,0,0,0,1,37,28634,6,1,6,0,3,3,74,999,0,0,0,0,0,0,0,0,0,0,0,0,0,0,1,2,55,3,2,2,1,0,0,14,62,1,1,1,98,0,0
37,370289,1,2,2,29,4,16,46,12,7,1,0,37,1,48,34,48034,6,2003,4S3BH6756376,4,S,3,B,H,6,7,5,6,3,7,6,0,0,0,000000000,00000000000,0,0,0,1,0,0,0,0,0,0,0,75,0,1,5,8,6,2,1,0,0,0,1,37,28704,6,1,0,0,3,0,74,999,0,0,0,0,0,0,0,0,0,3,36,0,0,0,3,4,60,1,1,1,1,0,0,6,51,1,1,2,45,1,1