STATE,ST_CASE,VEH_NO,VE_FORMS,NUMOCCS,DAY,MONTH,HOUR,MINUTE,HARM_EV,MAN_COLL,UNITTYPE,HIT_RUN,REG_STAT,OWNER,MAKE,MODEL,MAK_MOD,BODY_TYP,MOD_YEAR,VIN,VIN_1,VIN_2,VIN_3,VIN_4,VIN_5,VIN_6,VIN_7,VIN_8,VIN_9,VIN_10,VIN_11,VIN_12,TOW_VEH,J_KNIFE,MCARR_I1,MCARR_I2,MCARR_ID,GVWR,V_CONFIG,CARGO_BT,HAZ_INV,HAZ_PLAC,HAZ_ID,HAZ_CNO,HAZ_REL,BUS_USE,SPEC_USE,EMER_USE,TRAV_SP,UNDERIDE,ROLLOVER,ROLINLOC,IMPACT1,DEFORMED,TOWED,M_HARM,VEH_SC1,VEH_SC2,FIRE_EXP,DR_PRES,L_STATE,DR_ZIP,L_STATUS,L_TYPE,CDL_STAT,L_ENDORS,L_COMPL,L_RESTRI,DR_HGT,DR_WGT,PREV_ACC,PREV_SUS,PREV_DWI,PREV_SPD,PREV_OTH,FIRST_MO,FIRST_YR,LAST_MO,LAST_YR,SPEEDREL,DR_SF1,DR_SF2,DR_SF3,DR_SF4,VTRAFWAY,VNUM_LAN,VSPD_LIM,VALIGN,VPROFILE,VPAVETYP,VSURCOND,VTRAFCON,VTCONT_F,P_CRASH1,P_CRASH2,P_CRASH3,PCRASH4,PCRASH5,ACC_TYPE,DEATHS,DR_DRINK
37,370289,2,2,1,29,4,16,46,12,7,1,0,37,1,20,481,20481,31,2003,1GCHK23U73F1,1,G,C,H,K,2,3,U,7,3,F,1,0,0,0,000000000,00000000000,0,0,0,1,0,0,0,0,0,0,0,60,0,0,0,2,2,5,12,0,0,0,1,37,28791,6,1,0,0,3,3,69,999,0,1,0,0,0,7,2012,7,2012,0,0,0,0,0,3,4,60,1,1,1,1,0,0,1,53,1,1,1,44,0,0
37,370290,1,2,1,24,4,16,47,12,2,1,0,37,1,72,706,72706,80,2005,1HD1GHV185K3,1,H,D,1,G,H,V,1,8,5,K,3,0,0,0,000000000,00000000000,0,0,0,1,0,0,0,0,0,0,0,55,0,0,0,12,4,3,12,0,0,0,1,37,28152,6,1,0,0,3,3,68,999,0,0,0,0,0,0,0,0,0,4,28,0,0,0,1,2,55,2,2,2,1,0,0,14,10,1,1,2,50,1,0
37,370290,2,2,1,24,4,16,47,12,2,1,0,37,1,35,472,35472,30,2014,1N6AD0EV8EN7,1,N,6,A,D,0,E,V,8,E,N,7,0,0,0,000000000,00000000000,0,0,0,1,0,0,0,0,0,0,0,35,0,0,0,12,2,5,12,0,0,0,1,37,28090,6,1,0,0,3,3,63,999,0,0,0,0,0,0,0,0,0,0,0,0,0,0,1,2,55,3,2,2,1,0,0,14,62,1,1,1,51,0,0
37,370291,1,2,1,25,4,9,10,12,6,1,0,18,3,98,809,98809,66,2006,2FWBA2CG16AV,2,F,W,B,A,2,C,G,1,6,A,V,1,1,57,241829,57241829,3,6,1,1,0,0,0,0,0,0,0,10,0,0,0,5,2,5,12,0,0,0,1,37,27589,6,1,6,9,3,3,69,999,1,0,0,0,0,5,2011,5,2011,0,0,0,0,0,3,4,45,1,1,2,1,3,3,11,15,1,1,1,68,0,0
37,370291,2,2,1,25,4,9,10,12,6,1,0,37,1,37,706,37706,80,1994,JH2RC3603RM4,J,H,2,R,C,3,6,0,3,R,M,4,0,0,0,000000000,00000000000,0,0,0,1,0,0,0,0,0,0,0,35,0,0,0,12,6,2,12,0,0,0,1,37,27410,6,1,0,0,3,0,74,999,1,0,0,0,1,6,2012,11,2013,0,39,0,0,0,3,4,45,1,1,2,1,3,3,1,54,1,1,1,69,1,0
37,370292,1,1,1,27,4,11,25,1,0,1,0,45,1,98,709,98709,80,2001,AL01AV001000,A,L,0,1,A,V,0,0,1,0,0,0,0,0,0,000000000,00000000000,0,0,0,1,0,0,0,0,0,0,0,60,0,0,0,0,6,2,1,0,0,0,1,45,29335,6,1,0,0,3,0,72,234,0,0,0,0,0,0,0,0,0,0,36,0,0,0,3,4,70,1,1,2,1,0,0,1,13,1,1,4,1,1,0
37,370293,1,1,1,30,4,21,7,8,0,1,0,37,3,59,403,59403,14,2005,2T2HA31U95C0,2,T,2,H,A,3,1,U,9,5,C,0,0,0,0,000000000,00000000000,0,0,0,1,0,0,0,0,0,0,0,55,0,0,0,1,6,2,8,0,0,0,1,45,29582,6,1,0,0,3,3,68,192,0,0,0,0,0,0,0,0,0,0,0,0,0,0,1,2,55,1,1,2,1,0,0,1,80,1,1,1,13,0,0
37,370294,1,2,2,25,4,17,7,12,2,1,0,37,1,20,471,20471,30,1999,1GCGC24R9XR7,1,G,C,G,C,2,4,R,9,X,R,7,0,0,0,000000000,00000000000,0,0,0,1,0,0,0,0,0,0,0,80,0,0,0,12,6,2,12,0,0,0,1,37,28128,6,1,0,0,3,0,71,999,0,0,0,0,1,9,2013,9,2013,3,28,36,0,0,1,2,55,1,1,2,2,0,0,1,10,1,1,2,50,0,1
37,370294,2,2,1,25,4,17,7,12,2,1,0,37,3,12,37,12037,4,2012,1FAHP3E23CL4,1,F,A,H,P,3,E,2,3,C,L,4,0,0,0,000000000,00000000000,0,0,0,1,0,0,0,0,0,0,0,55,0,0,0,12,6,2,12,0,0,0,1,37,27377,6,1,0,0,3,3,66,999,0,0,0,0,0,0,0,0,0,0,0,0,0,0,1,2,55,1,1,2,2,0,0,1,62,1,1,1,51,1,0
37,370295,1,2,1,21,4,20,21,12,1,1,0,37,3,84,881,84881,66,2005,2HSCHSCR55C0,2,H,S,C,H,S,C,R,5,5,C,0,1,1,57,2471159,572471159,3,6,10,1,0,0,0,0,0,0,0,55,7,0,0,12,4,5,12,0,0,0,1,37,27889,6,1,6,0,3,3,64,999,0,0,0,0,0,0,0,0,0,0,0,0,0,0,2,2,55,1,1,2,1,0,0,1,51,1,1,1,24,0,0
37,370295,2,2,1,21,4,20,21,12,1,1,0,0,0,98,998,98998,97,2012,000000000000,0,0,0,0,0,0,0,0,0,0,0,0,0,0,0,000000000,00000000000,0,0,0,1,0,0,0,0,0,0,0,5,0,0,0,6,6,2,12,0,0,0,1,37,27910,1,1,0,0,1,0,65,999,0,0,0,0,0,0,0,0,0,0,0,0,0,0,2,2,55,1,1,2,1,0,0,1,53,1,1,1,25,1,1
37,370296,1,2,3,26,4,14,10,12,6,1,0,37,1,12,17,12017,4,2007,1FAFP56U87A1,1,F,A,F,P,5,6,U,8,7,A,1,0,0,0,000000000,00000000000,0,0,0,1,0,0,0,0,0,0,0,20,0,0,0,82,6,2,12,0,0,0,1,37,28150,6,1,0,0,3,0,61,999,1,0,0,0,0,1,2012,1,2012,0,0,0,0,0,2,2,20,1,2,2,1,1,3,1,66,1,1,1,87,2,0
37,370296,2,2,3,26,4,14,10,12,6,1,0,37,2,18,2,18002,4,2002,1G4HR54K72U2,1,G,4,H,R,5,4,K,7,2,U,2,0,0,0,000000000,00000000000,0,0,0,1,0,0,0,0,0,0,0,93,0,0,0,12,6,2,12,0,0,0,1,37,28152,1,1,0,0,2,0,69,999,0,0,0,0,0,0,0,0,0,3,36,0,0,0,2,2,20,1,2,2,1,1,3,1,17,1,1,1,86,0,1
37,370297,1,1,1,24,4,21,28,34,0,1,0,37,1,62,401,62401,14,2001,SALTW12431A7,S,A,L,T,W,1,2,4,3,1,A,7,0,0,0,000000000,00000000000,0,0,0,1,0,0,0,0,0,0,0,100,0,1,5,12,6,2,1,0,0,0,1,37,28365,6,1,0,0,3,0,73,999,1,2,0,0,2,8,2011,3,2013,3,36,58,0,0,1,2,55,3,1,2,1,0,0,14,13,1,1,4,1,1,1
37,370298,1,2,1,15,4,8,49,12,2,1,0,37,1,37,441,37441,20,2008,5FNRL38468B0,5,F,N,R,L,3,8,4,6,8,B,0,0,0,0,000000000,00000000000,0,0,0,1,0,0,0,0,0,0,0,45,0,0,0,12,6,2,12,0,0,0,1,37,27886,6,1,0,0,3,0,75,999,0,0,0,0,0,0,0,0,0,0,0,0,0,0,1,2,45,1,1,2,2,0,0,1,62,1,1,1,51,1,0
37,370298,2,2,1,15,4,8,49,12,2,1,0,37,3,98,998,98998,93,2001,000000000000,0,0,0,0,0,0,0,0,0,0,0,0,0,0,0,000000000,00000000000,0,0,0,1,0,0,0,0,0,0,0,20,0,0,0,12,2,3,12,0,0,0,1,37,27852,6,1,6,3,3,3,71,999,0,0,0,0,0,0,0,0,0,0,28,0,0,0,1,2,45,1,1,2,2,0,0,1,10,1,1,2,50,0,0
37,370299,1,1,3,9,4,21,19,8,0,1,1,37,1,35,401,35401,14,1997,JN8AR05Y3VW1,J,N,8,A,R,0,5,Y,3,V,W,1,0,0,0,000000000,00000000000,0,0,0,1,0,0,0,0,0,0,0,999,0,0,0,12,2,3,8,0,0,0,1,37,27101,6,1,0,0,3,0,65,999,0,0,0,0,0,0,0,0,0,0,0,0,0,0,1,2,35,1,1,2,1,1,3,1,80,1,1,1,13,0,0
37,370300,1,2,1,23,4,15,31,12,6,1,0,51,3,82,881,82881,66,2004,1FUJA6DE34LM,1,F,U,J,A,6,D,E,3,4,L,M,1,1,57,084324,57084324,3,6,2,1,0,0,0,0,0,0,0,55,0,0,0,12,6,2,12,0,0,0,1,51,24558,6,1,6,0,3,0,71,300,0,0,0,0,1,7,2012,7,2012,0,39,0,0,0,1,3,55,1,1,2,1,1,3,1,17,1,1,1,88,0,0
37,370300,2,2,1,23,4,15,31,12,6,1,0,37,1,21,23,21023,4,2002,1G3WS52H62F2,1,G,3,W,S,5,2,H,6,2,F,2,0,0,0,000000000,00000000000,0,0,0,1,0,0,0,0,0,0,0,20,0,0,0,62,6,2,12,0,0,0,1,37,27565,6,1,0,0,3,3,61,999,0,0,0,0,0,0,0,0,0,0,0,0,0,0,1,3,55,1,1,2,1,1,3,1,66,1,1,1,89,1,0
37,370301,1,1,1,17,4,19,14,24,0,1,0,37,1,53,705,53705,80,2012,JS1GN7FA9C21,J,S,1,G,N,7,F,A,9,C,2,1,0,0,0,000000000,00000000000,0,0,0,1,0,0,0,0,0,0,0,80,0,0,0,61,6,2,24,0,0,0,1,37,27604,6,1,0,0,2,0,70,999,0,0,0,0,0,0,0,0,0,3,0,0,0,0,3,3,65,1,1,2,1,0,0,1,9,1,1,4,6,1,0
37,370302,1,1,2,30,4,11,25,43,0,1,0,37,1,12,401,12401,14,2004,1FMZU67K34UB,1,F,M,Z,U,6,7,K,3,4,U,B,0,0,0,000000000,00000000000,0,0,0,1,0,0,0,0,0,0,0,45,0,0,0,12,6,2,42,0,0,0,1,37,27371,6,1,6,0,3,3,71,999,0,0,0,0,0,0,0,0,0,0,0,0,0,0,1,2,45,3,1,2,1,0,0,14,12,1,1,4,6,1,0
37,370303,1,1,1,29,4,19,16,42,0,1,0,37,2,20,37,20037,4,1999,1G1NE52M6XY1,1,G,1,N,E,5,2,M,6,X,Y,1,0,0,0,000000000,00000000000,0,0,0,1,0,0,0,0,0,0,0,70,0,0,0,9,6,2,42,0,0,0,1,37,28387,6,1,6,0,3,3,68,999,0,0,0,0,0,0,0,0,0,3,0,0,0,0,2,2,55,2,4,2,2,0,0,14,13,1,1,4,1,1,0
37,370304,1,2,1,7,4,15,3,12,2,1,0,37,1,18,2,18002,4,2000,1G4HP54K6YU3,1,G,4,H,P,5,4,K,6,Y,U,3,0,0,0,000000000,00000000000,0,0,0,1,0,0,0,0,0,0,0,20,0,0,0,12,6,2,12,0,0,0,1,37,28001,6,1,0,0,3,3,71,999,0,0,0,0,0,0,0,0,0,0,38,48,0,0,1,5,45,3,1,2,2,0,0,11,15,1,1,1,68,1,0
37,370304,2,2,1,7,4,15,3,12,2,1,0,37,1,14,6,14006,4,1986,2MEBP95F9GX6,2,M,E,B,P,9,5,F,9,G,X,6,0,0,0,000000000,00000000000,0,0,0,1,0,0,0,0,0,0,0,77,0,0,0,12,6,2,12,0,0,0,1,37,28001,6,1,0,0,3,0,74,999,0,0,0,0,0,0,0,0,0,4,36,0,0,0,1,5,45,3,1,2,2,0,0,14,62,1,1,1,69,0,0
37,370305,1,1,1,20,4,16,55,23,0,1,0,37,0,76,701,76701,88,2013,000000000000,0,0,0,0,0,0,0,0,0,0,0,0,0,0,0,000000000,00000000000,0,0,0,1,0,0,0,0,0,0,0,30,0,0,0,3,6,2,23,0,0,0,1,37,27041,6,1,0,0,1,0,73,999,0,0,0,0,0,0,0,0,0,0,36,0,0,0,1,2,55,1,2,2,1,0,0,1,13,1,1,4,1,1,1
37,370306,1,1,2,26,4,20,48,38,0,1,0,37,2,12,16,12016,4,1997,2FALP71W2VX1,2,F,A,L,P,7,1,W,2,V,X,1,0,0,0,000000000,00000000000,0,0,0,1,0,0,0,0,0,0,0,115,0,0,0,8,6,2,42,0,0,0,1,37,27591,6,1,0,0,3,0,72,999,0,0,0,0,0,0,0,0,0,3,36,0,0,0,1,2,55,2,1,2,1,0,0,14,12,1,1,4,6,2,0
37,370307,1,2,1,26,4,15,20,12,6,1,0,37,1,53,705,53705,80,2005,JS1GN7CA7521,J,S,1,G,N,7,C,A,7,5,2,1,0,0,0,000000000,00000000000,0,0,0,1,0,0,0,0,0,0,0,55,0,0,0,12,6,2,12,0,0,0,1,37,27536,6,1,0,0,3,0,72,999,1,0,0,0,1,6,2012,7,2013,3,36,0,0,0,1,2,45,1,3,2,1,0,0,1,56,1,1,1,93,1,0
37,370307,2,2,1,26,4,15,20,12,6,1,0,37,3,12,461,12461,21,2011,1FTNE1EW5BDB,1,F,T,N,E,1,E,W,5,B,D,B,0,0,0,000000000,00000000000,0,0,0,1,0,0,0,0,0,0,0,5,0,0,0,8,4,3,12,0,0,0,1,37,27525,6,1,0,0,3,0,76,999,0,0,0,0,0,0,0,0,0,0,0,0,0,0,1,2,45,1,3,2,1,0,0,13,98,1,1,1,92,0,0
37,370308,1,2,1,30,4,18,12,12,6,1,0,37,1,20,16,20016,2,2000,1G1JC1249Y71,1,G,1,J,C,1,2,4,9,Y,7,1,0,0,0,000000000,00000000000,0,0,0,1,0,0,0,0,0,0,0,20,0,0,0,3,6,2,12,0,0,0,1,37,27530,6,1,0,0,3,0,67,999,0,0,0,0,0,0,0,0,0,0,39,0,0,0,2,6,45,1,1,2,1,3,3,1,17,1,1,1,87,1,0
37,370308,2,2,1,30,4,18,12,12,6,1,0,17,3,82,881,82881,66,2007,1FUJBBCG07LW,1,F,U,J,B,B,C,G,0,7,L,W,1,1,57,2307119,572307119,3,6,3,1,0,0,0,0,0,0,0,40,0,0,0,12,6,2,12,0,0,0,1,53,98444,6,1,6,9,3,0,68,150,0,0,0,0,0,0,0,0,0,0,0,0,0,0,2,6,45,1,1,2,1,3,3,1,54,1,1,1,86,0,0
37,370309,1,2,1,2,5,10,20,12,2,1,0,40,3,82,881,82881,66,2013,3AKJGLDR5DSF,3,A,K,J,G,L,D,R,5,D,S,F,1,1,57,063585,57063585,3,6,1,1,0,0,0,0,0,0,0,55,0,0,0,12,4,3,12,0,0,0,1,37,27537,6,1,3,0,3,0,72,999,0,0,0,0,0,0,0,0,0,0,0,0,0,0,1,2,55,1,1,2,1,0,0,1,62,1,1,1,51,0,0
37,370309,2,2,1,2,5,10,20,12,2,1,0,37,2,21,3,21003,4,1989,1G3CW54C5K13,1,G,3,C,W,5,4,C,5,K,1,3,0,0,0,000000000,00000000000,0,0,0,1,0,0,0,0,0,0,0,55,0,0,0,12,6,2,12,0,0,0,1,37,28472,6,1,0,0,3,0,67,999,0,0,0,0,0,0,0,0,0,0,28,0,0,0,1,2,55,1,1,2,1,0,0,1,10,1,1,2,50,1,0
37,370310,1,2,1,4,5,13,50,12,6,1,0,37,1,35,47,35047,4,2007,1N4AL21E27N4,1,N,4,A,L,2,1,E,2,7,N,4,0,0,0,000000000,00000000000,0,0,0,1,0,0,0,0,0,0,0,15,0,0,0,3,6,2,12,0,0,0,1,37,27292,6,1,0,0,3,3,61,999,0,0,0,0,0,0,0,0,0,0,38,0,0,0,1,2,55,1,1,2,1,0,0,11,15,1,1,1,68,1,0
37,370310,2,2,1,4,5,13,50,12,6,1,0,37,1,45,41,45041,2,2008,WP0AB29808U7,W,P,0,A,B,2,9,8,0,8,U,7,0,0,0,000000000,00000000000,0,0,0,1,0,0,0,0,0,0,0,55,0,0,0,12,6,2,12,0,0,0,1,37,27292,6,1,0,0,3,0,69,999,0,0,0,0,0,0,0,0,0,0,0,0,0,0,1,2,55,1,1,2,1,0,0,1,54,1,1,1,69,0,0
37,370311,1,2,1,1,5,16,40,12,1,1,0,12,1,72,706,72706,80,2012,1HD1FCM19CB6,1,H,D,1,F,C,M,1,9,C,B,6,0,0,0,000000000,00000000000,0,0,0,1,0,0,0,0,0,0,0,50,0,0,0,12,6,2,12,0,0,0,1,12,33710,6,1,0,0,3,0,70,999,0,0,0,0,0,0,0,0,0,4,36,0,0,0,1,2,55,3,2,2,1,0,0,3,52,1,1,1,28,1,0
37,370311,2,2,1,1,5,16,40,12,1,1,0,12,2,76,706,76706,80,2009,JYAVP24E29A0,J,Y,A,V,P,2,4,E,2,9,A,0,0,0,0,000000000,00000000000,0,0,0,1,0,0,0,0,0,0,0,50,0,0,0,6,6,2,12,0,0,0,1,12,33710,6,1,5,0,3,0,71,999,0,0,0,0,0,0,0,0,0,0,0,0,0,0,1,2,55,3,2,2,1,0,0,2,15,1,1,1,29,0,0
37,370312,1,1,2,1,5,21,52,8,0,1,1,36,3,49,482,49482,31,2010,5TFUY5F17AX1,5,T,F,U,Y,5,F,1,7,A,X,1,0,0,0,000000000,00000000000,0,0,0,1,0,0,0,0,0,0,0,70,0,0,0,1,4,5,8,0,0,0,1,36,11096,1,1,0,0,2,0,67,999,0,0,0,0,0,0,0,0,0,0,0,0,0,0,3,2,65,1,1,2,1,0,0,1,80,1,1,1,13,0,0
37,370313,1,1,4,1,5,19,8,5,0,1,0,37,2,2,406,2406,14,2006,1J8HH48K16C2,1,J,8,H,H,4,8,K,1,6,C,2,0,0,0,000000000,00000000000,0,0,0,1,0,0,0,0,0,0,0,5,0,0,0,0,0,5,5,0,0,0,1,37,28358,6,1,0,0,3,1,69,999,1,0,0,0,0,7,2012,7,2012,0,0,0,0,0,1,2,98,9,9,5,11,0,0,1,98,1,1,1,0,1,0
37,370314,1,1,1,4,5,17,54,32,0,1,0,37,1,53,705,53705,80,2007,JS1GR7KA5721,J,S,1,G,R,7,K,A,5,7,2,1,0,0,0,000000000,00000000000,0,0,0,1,0,0,0,0,0,0,0,65,0,0,0,12,6,2,32,0,0,0,1,37,28144,6,1,0,0,2,0,71,999,0,0,0,0,0,0,0,0,0,3,36,0,0,0,1,2,45,2,2,2,1,0,0,14,10,1,1,4,6,1,1
37,370315,1,1,1,2,5,16,21,42,0,1,0,37,1,7,472,7472,31,2003,1D7HL48N33S1,1,D,7,H,L,4,8,N,3,3,S,1,0,0,0,000000000,00000000000,0,0,0,1,0,0,0,0,0,0,0,70,0,0,0,62,6,2,42,0,0,0,1,37,27299,6,1,0,0,3,0,68,999,0,0,0,0,0,0,0,0,0,3,28,0,0,0,1,2,45,2,1,2,1,0,0,14,12,1,1,4,6,1,0
37,370316,1,2,2,7,4,20,16,12,6,1,0,94,3,98,881,98881,61,2002,999999999999,9,9,9,9,9,9,9,9,9,9,9,9,1,1,88,888888888,88888888888,3,4,3,1,0,0,0,0,0,4,0,3,0,0,0,5,0,5,12,0,0,0,1,37,28540,6,1,0,0,3,0,71,999,0,0,0,0,0,0,0,0,0,0,48,38,0,0,2,2,55,1,1,2,2,0,0,12,15,1,1,1,98,0,0
37,370316,2,2,1,7,4,20,16,12,6,1,0,37,2,24,7,24007,4,2005,1G8AZ52F55Z1,1,G,8,A,Z,5,2,F,5,5,Z,1,0,0,0,000000000,00000000000,0,0,0,1,0,0,0,0,0,0,0,55,0,0,0,12,6,2,12,0,0,0,1,37,28557,6,1,0,0,3,0,69,999,0,0,0,0,0,0,0,0,0,0,0,0,0,0,2,2,55,1,1,2,2,0,0,1,65,1,1,1,98,1,0
37,370317,1,1,1,27,4,19,14,34,0,1,0,37,1,73,706,73706,80,2012,JKBZXNE19CA0,J,K,B,Z,X,N,E,1,9,C,A,0,0,0,0,000000000,00000000000,0,0,0,1,0,0,0,0,0,0,0,100,0,0,0,61,6,2,32,0,0,0,1,37,28306,6,1,0,0,3,0,76,999,0,0,0,0,0,0,0,0,0,3,36,0,0,0,2,2,55,2,2,2,1,0,0,14,12,1,1,4,6,1,1
37,370318,1,2,1,26,4,17,17,57,0,1,0,37,2,49,498,49498,31,1988,JT4RN63A6J50,J,T,4,R,N,6,3,A,6,J,5,0,0,0,0,000000000,00000000000,0,0,0,1,0,0,0,0,0,0,0,67,0,0,0,12,6,2,12,0,0,0,1,37,28521,6,1,0,0,3,0,69,999,0,0,0,0,0,0,0,0,0,0,28,36,0,0,3,4,55,1,1,2,1,0,0,1,12,1,1,4,6,0,1
37,370318,2,2,2,26,4,17,17,57,0,1,0,37,1,49,46,49046,5,2011,JTDKN3DUXB02,J,T,D,K,N,3,D,U,X,B,0,2,0,0,0,000000000,00000000000,0,0,0,1,0,0,0,0,0,0,0,62,0,0,0,62,4,3,12,0,0,0,1,37,27529,6,1,0,0,3,3,73,999,0,0,0,0,0,0,0,0,0,0,0,0,0,0,3,4,55,1,1,2,1,0,0,1,62,1,1,1,98,1,0
37,370319,1,1,1,9,5,8,19,42,0,1,0,37,1,12,402,12402,14,2010,1FMCU0EG6AKD,1,F,M,C,U,0,E,G,6,A,K,D,0,0,0,000000000,00000000000,0,0,0,1,0,0,0,0,0,0,0,45,0,1,5,12,6,2,42,0,0,0,1,37,27516,6,1,0,0,3,3,61,999,1,0,0,0,0,5,2012,5,2012,0,28,0,0,0,1,2,45,2,1,2,1,0,0,14,12,1,1,4,6,1,0
37,370320,1,4,1,5,5,16,4,12,2,1,0,37,3,82,881,82881,66,2003,1FUJA6CVX3LL,1,F,U,J,A,6,C,V,X,3,L,L,1,1,77,777777777,77777777777,3,6,4,1,0,0,0,0,0,0,0,55,0,1,1,12,6,2,42,0,0,0,1,37,28398,6,1,6,0,3,0,68,999,2,0,0,0,0,4,2012,3,2013,0,0,0,0,0,1,2,55,1,1,2,1,0,0,1,62,7,1,1,51,0,0
37,370320,2,4,1,5,5,16,4,12,2,1,0,37,2,12,481,12481,31,2000,1FTRX17W5YNB,1,F,T,R,X,1,7,W,5,Y,N,B,0,0,0,000000000,00000000000,0,0,0,1,0,0,0,0,0,0,0,55,0,0,0,12,6,2,12,0,0,0,1,37,28422,6,1,0,0,3,0,70,999,1,0,0,0,0,8,2012,8,2012,0,28,0,0,0,1,2,55,1,1,2,1,0,0,1,10,1,1,2,50,1,0
37,370320,3,4,1,5,5,16,4,12,2,1,0,37,1,22,32,22032,6,2005,5Y2SL63885Z4,5,Y,2,S,L,6,3,8,8,5,Z,4,0,0,0,000000000,00000000000,0,0,0,1,0,0,0,0,0,0,0,55,0,0,0,12,6,2,12,0,0,0,1,37,28465,6,1,0,0,3,0,61,999,0,0,0,0,0,0,0,0,0,0,0,0,0,0,1,2,55,1,1,2,1,0,0,1,62,1,1,1,98,0,0
37,370320,4,4,2,5,5,16,4,12,2,1,0,37,1,12,23,12023,4,2006,3FAFP07Z26R1,3,F,A,F,P,0,7,Z,2,6,R,1,0,0,0,000000000,00000000000,0,0,0,1,0,0,0,0,0,0,0,55,0,0,0,12,2,5,54,0,0,0,1,37,28465,6,1,0,0,3,0,62,999,0,0,0,0,0,0,0,0,0,0,0,0,0,0,1,2,55,1,1,2,1,0,0,1,98,1,1,1,98,0,0
37,370321,1,3,1,6,5,18,32,12,1,1,0,37,1,87,881,87881,66,1993,1XP5DB9X4PN3,1,X,P,5,D,B,9,X,4,P,N,3,1,1,57,2376375,572376375,3,6,10,1,0,0,0,0,0,0,0,50,0,0,0,12,4,5,12,0,0,0,1,37,27252,6,1,6,0,3,0,68,999,1,0,0,1,1,12,2011,6,2013,4,36,0,0,0,1,2,50,1,1,2,1,0,0,1,50,1,1,1,20,0,0
37,370321,2,3,3,6,5,18,32,12,1,1,0,37,1,54,421,54421,15,2003,2HNYD182X3H5,2,H,N,Y,D,1,8,2,X,3,H,5,0,0,0,000000000,00000000000,0,0,0,1,0,0,0,0,0,0,0,0,0,0,0,6,6,2,12,0,0,0,1,37,27358,6,1,0,0,3,3,66,999,0,0,0,0,0,0,0,0,0,0,0,0,0,0,1,2,50,1,1,2,1,0,0,5,98,1,1,1,21,0,0
37,370321,3,3,1,6,5,18,32,12,1,1,0,37,1,37,441,37441,20,2008,5FNRL38788B4,5,F,N,R,L,3,8,7,8,8,B,4,0,0,0,000000000,00000000000,0,0,0,1,0,0,0,0,0,0,0,50,0,0,0,9,6,2,12,0,0,0,1,37,27357,6,1,0,0,3,3,66,999,0,0,0,0,0,0,0,0,0,0,0,0,0,0,1,2,50,1,1,2,1,0,0,1,54,1,1,1,98,1,0
37,370322,1,2,1,7,5,9,3,12,2,1,0,37,2,37,32,37032,4,2009,1HGCP26379A1,1,H,G,C,P,2,6,3,7,9,A,1,0,0,0,000000000,00000000000,0,0,0,1,0,0,0,0,0,0,0,998,0,0,0,12,6,2,12,0,0,0,1,37,28273,6,1,0,0,3,0,65,999,0,0,0,0,0,0,0,0,0,9,28,0,0,0,1,2,98,1,1,2,1,0,0,1,10,1,1,2,50,0,0
37,370322,2,2,1,7,5,9,3,12,2,1,0,37,1,30,46,30046,4,2013,1VWBP7A3XDC0,1,V,W,B,P,7,A,3,X,D,C,0,0,0,0,000000000,00000000000,0,0,0,1,0,0,0,0,0,0,0,998,0,0,0,12,6,2,12,0,0,0,1,37,28273,6,1,0,0,3,0,67,999,0,0,0,0,0,0,0,0,0,9,0,0,0,0,1,2,98,1,1,2,1,0,0,1,62,2,1,1,51,1,0
37,370323,1,1,1,6,5,19,29,34,0,1,0,37,1,20,9,20009,2,1998,2G1FP22K1W21,2,G,1,F,P,2,2,K,1,W,2,1,0,0,0,000000000,00000000000,0,0,0,1,0,0,0,0,0,0,0,70,0,1,5,1,6,2,1,0,0,0,1,37,28466,6,1,5,0,3,1,76,999,0,1,1,0,2,5,2011,6,2012,3,36,0,0,0,1,2,45,1,1,2,1,0,0,1,13,1,1,4,1,1,1
37,370324,1,1,2,10,5,21,14,34,0,1,0,37,1,20,9,20009,2,2001,2G1FP22G8121,2,G,1,F,P,2,2,G,8,1,2,1,0,0,0,000000000,00000000000,0,0,0,1,0,0,0,0,0,0,0,120,0,1,5,6,6,2,42,0,0,0,1,37,28478,6,1,0,0,3,0,67,999,2,0,0,0,0,12,2012,1,2014,3,36,58,0,0,1,2,55,1,1,2,1,0,0,1,13,1,1,4,1,1,1
37,370325,1,2,1,9,5,21,8,12,1,1,0,37,2,53,706,53706,80,2009,JS1GT78AX921,J,S,1,G,T,7,8,A,X,9,2,1,0,0,0,000000000,00000000000,0,0,0,1,0,0,0,0,0,0,0,100,0,0,0,12,6,2,12,0,0,0,1,37,27205,1,1,0,0,2,0,74,999,0,4,0,0,4,11,2011,2,2013,3,36,0,0,0,1,3,45,1,1,2,1,0,0,1,52,1,1,1,32,1,1
37,370325,2,2,1,9,5,21,8,12,1,1,0,37,1,12,481,12481,31,1964,F35JE483764,F,3,5,J,E,4,8,3,7,6,4,,0,0,0,000000000,00000000000,0,0,0,1,0,0,0,0,0,0,0,999,0,0,0,6,6,2,12,0,0,0,1,37,27205,1,1,0,0,2,0,74,999,1,4,0,1,4,11,2011,11,2013,9,24,0,0,0,1,3,45,1,1,2,1,0,0,1,18,1,1,1,32,0,0