STATE,ST_CASE,VEH_NO,VE_FORMS,NUMOCCS,DAY,MONTH,HOUR,MINUTE,HARM_EV,MAN_COLL,UNITTYPE,HIT_RUN,REG_STAT,OWNER,MAKE,MODEL,MAK_MOD,BODY_TYP,MOD_YEAR,VIN,VIN_1,VIN_2,VIN_3,VIN_4,VIN_5,VIN_6,VIN_7,VIN_8,VIN_9,VIN_10,VIN_11,VIN_12,TOW_VEH,J_KNIFE,MCARR_I1,MCARR_I2,MCARR_ID,GVWR,V_CONFIG,CARGO_BT,HAZ_INV,HAZ_PLAC,HAZ_ID,HAZ_CNO,HAZ_REL,BUS_USE,SPEC_USE,EMER_USE,TRAV_SP,UNDERIDE,ROLLOVER,ROLINLOC,IMPACT1,DEFORMED,TOWED,M_HARM,VEH_SC1,VEH_SC2,FIRE_EXP,DR_PRES,L_STATE,DR_ZIP,L_STATUS,L_TYPE,CDL_STAT,L_ENDORS,L_COMPL,L_RESTRI,DR_HGT,DR_WGT,PREV_ACC,PREV_SUS,PREV_DWI,PREV_SPD,PREV_OTH,FIRST_MO,FIRST_YR,LAST_MO,LAST_YR,SPEEDREL,DR_SF1,DR_SF2,DR_SF3,DR_SF4,VTRAFWAY,VNUM_LAN,VSPD_LIM,VALIGN,VPROFILE,VPAVETYP,VSURCOND,VTRAFCON,VTCONT_F,P_CRASH1,P_CRASH2,P_CRASH3,PCRASH4,PCRASH5,ACC_TYPE,DEATHS,DR_DRINK
37,370326,1,1,1,11,5,21,33,34,0,1,0,37,1,12,481,12481,31,1990,1FTDF15N6LNA,1,F,T,D,F,1,5,N,6,L,N,A,0,0,0,000000000,00000000000,0,0,0,1,0,0,0,0,0,0,0,55,0,1,5,12,6,2,1,0,0,0,1,37,28586,6,1,0,0,3,3,68,999,0,0,0,0,0,0,0,0,0,0,0,0,0,0,1,2,55,1,1,2,1,0,0,1,12,1,1,4,6,1,1
37,370327,1,1,3,3,5,16,40,43,0,1,0,37,1,20,421,20421,15,2014,1GNSCAE00ER2,1,G,N,S,C,A,E,0,0,E,R,2,0,0,0,000000000,00000000000,0,0,0,1,0,0,0,0,0,0,0,80,0,1,5,12,6,2,43,0,0,0,1,37,27983,6,1,0,0,3,0,68,999,0,0,0,0,0,0,0,0,0,3,36,0,0,0,1,2,55,2,1,2,1,0,0,14,12,1,1,4,6,1,0
37,370328,1,1,1,13,5,22,4,24,0,1,0,37,1,35,39,35039,4,2005,1N4BA41E35C8,1,N,4,B,A,4,1,E,3,5,C,8,0,0,0,000000000,00000000000,0,0,0,1,0,0,0,0,0,0,0,100,0,1,3,12,6,2,1,0,0,0,1,37,28804,6,1,0,0,3,0,73,999,0,0,0,1,0,3,2012,3,2012,3,36,0,0,0,3,2,60,1,2,2,1,0,0,1,12,1,1,4,6,1,1
37,370329,1,2,1,4,5,16,15,12,6,1,1,99,9,20,999,20999,49,9999,999999999999,9,9,9,9,9,9,9,9,9,9,9,9,0,0,0,000000000,00000000000,0,0,0,1,0,0,0,0,0,0,0,55,0,0,0,12,9,5,12,0,0,0,1,99,99999,9,9,99,9,9,9,999,999,99,99,99,99,99,99,9999,99,9999,9,58,0,0,0,2,4,55,1,1,2,1,1,3,11,15,1,1,1,68,0,0
37,370329,2,2,1,4,5,16,15,12,6,1,0,37,1,20,4,20004,2,1995,1G1YY22P7S51,1,G,1,Y,Y,2,2,P,7,S,5,1,0,0,0,000000000,00000000000,0,0,0,1,0,0,0,0,0,0,0,51,0,1,3,7,6,2,12,0,0,0,1,37,28027,6,1,0,0,3,0,68,999,0,0,0,0,0,0,0,0,0,0,0,0,0,0,2,4,55,1,1,2,1,1,3,1,17,1,1,1,69,1,0
37,370330,1,2,1,6,5,18,23,12,6,1,0,37,3,23,881,23881,63,2002,1GDT7H4C52J5,1,G,D,T,7,H,4,C,5,2,J,5,0,0,57,300951,57300951,3,2,3,1,0,0,0,0,0,0,0,60,0,0,0,12,6,2,12,0,0,0,1,37,27958,6,1,6,0,3,3,69,999,0,0,0,0,0,0,0,0,0,0,0,0,0,0,2,2,60,1,1,2,1,0,0,1,66,1,1,1,83,0,0
37,370330,2,2,2,6,5,18,23,12,6,1,0,37,1,12,442,12442,20,2003,2FMZA51483BA,2,F,M,Z,A,5,1,4,8,3,B,A,0,0,0,000000000,00000000000,0,0,0,1,0,0,0,0,0,0,0,10,0,0,0,9,6,2,12,0,0,0,1,37,27926,6,1,0,0,3,3,70,999,0,0,0,1,0,2,2012,2,2012,0,38,0,0,0,1,2,45,1,1,2,1,20,3,11,15,1,1,1,82,2,0
37,370331,1,1,1,10,5,20,41,34,0,1,0,37,2,12,481,12481,31,1989,1FTEF14N3KNA,1,F,T,E,F,1,4,N,3,K,N,A,0,0,0,000000000,00000000000,0,0,0,1,0,0,0,0,0,0,0,65,0,1,5,12,6,2,1,0,0,0,1,37,28430,1,1,0,0,2,0,70,999,0,8,0,0,1,8,2011,10,2013,3,0,0,0,0,1,2,55,2,1,2,1,0,0,14,12,1,1,4,6,1,1
37,370332,1,2,1,6,5,19,43,12,6,1,0,8,1,53,706,53706,80,2000,JS1GW71A0Y21,J,S,1,G,W,7,1,A,0,Y,2,1,0,0,0,000000000,00000000000,0,0,0,1,0,0,0,0,0,0,0,83,0,0,0,12,6,2,12,0,0,0,1,8,80916,6,1,0,0,3,0,72,197,0,0,0,1,0,3,2013,3,2013,3,0,0,0,0,2,5,45,1,1,2,1,1,3,1,62,1,1,1,69,1,0
37,370332,2,2,4,6,5,19,43,12,6,1,0,37,1,12,32,12032,4,2014,3FADP4BJ8EM2,3,F,A,D,P,4,B,J,8,E,M,2,0,0,0,000000000,00000000000,0,0,0,1,0,0,0,0,0,0,0,15,0,0,0,1,6,2,12,0,0,0,1,37,28311,6,1,0,0,3,3,62,999,0,0,0,0,0,0,0,0,0,0,38,0,0,0,2,5,45,1,1,2,1,4,3,11,15,1,1,1,68,0,0
37,370333,1,1,1,15,5,18,32,34,0,1,0,37,2,35,47,35047,4,2007,1N4AL21E37C1,1,N,4,A,L,2,1,E,3,7,C,1,0,0,0,000000000,00000000000,0,0,0,1,0,0,0,0,0,0,0,55,0,1,5,12,6,2,1,0,0,0,1,37,27844,6,1,0,0,3,0,64,999,0,0,0,0,0,0,0,0,0,4,0,0,0,0,1,2,55,1,1,2,2,0,0,1,12,1,1,4,6,1,0
37,370334,1,2,1,9,5,16,31,12,1,1,0,37,1,20,22,20022,4,2009,1G1AS58H0971,1,G,1,A,S,5,8,H,0,9,7,1,0,0,0,000000000,00000000000,0,0,0,1,0,0,0,0,0,0,0,45,0,0,0,12,6,2,12,0,0,0,1,37,27546,6,1,6,0,3,0,68,999,0,0,0,0,0,0,0,0,0,0,0,0,0,0,1,2,55,1,1,2,1,0,0,1,50,1,1,1,20,1,0
37,370334,2,2,1,9,5,16,31,12,1,1,0,37,3,82,981,82981,50,2010,4UZABRDT3ACA,4,U,Z,A,B,R,D,T,3,A,C,A,0,0,88,888888888,88888888888,2,21,22,1,0,0,0,0,1,2,0,0,0,0,0,6,6,2,12,0,0,0,1,37,27546,6,1,6,1,3,0,70,999,1,0,0,0,0,5,2013,5,2013,0,0,0,0,0,1,2,55,1,1,2,1,0,0,5,98,1,1,1,21,0,0
37,370335,1,1,1,6,5,15,22,43,0,1,0,37,1,18,2,18002,4,2001,1G4HP54K5142,1,G,4,H,P,5,4,K,5,1,4,2,0,0,0,000000000,00000000000,0,0,0,1,0,0,0,0,0,0,0,20,0,0,0,14,6,2,43,0,0,0,1,37,28677,6,1,0,0,3,0,67,999,0,0,0,1,0,8,2011,8,2011,0,28,0,0,0,2,5,45,1,1,2,1,0,0,1,10,1,1,4,6,1,0
37,370336,2,1,1,12,5,7,46,14,0,1,0,37,1,30,402,30402,14,2013,WVGBV3AX9DW6,W,V,G,B,V,3,A,X,9,D,W,6,0,0,0,000000000,00000000000,0,0,0,1,0,0,0,0,0,0,0,80,0,0,0,12,6,2,14,0,0,0,1,37,27106,1,1,0,0,2,3,72,999,0,1,0,0,2,10,2011,3,2014,3,36,0,0,0,0,0,0,0,0,0,0,0,0,1,98,1,1,5,11,1,0
37,370337,1,1,3,12,5,18,11,35,0,1,0,37,2,12,481,12481,31,1995,1FTHF26F7SNB,1,F,T,H,F,2,6,F,7,S,N,B,0,0,0,000000000,00000000000,0,0,0,1,0,0,0,0,0,0,0,60,0,1,5,12,6,2,1,0,0,0,1,37,28732,6,1,0,0,3,0,70,999,0,0,0,0,0,0,0,0,0,3,36,0,0,0,1,2,25,3,2,2,1,0,0,14,10,1,1,4,6,1,1
37,370338,1,2,1,8,5,15,20,12,2,1,0,37,3,20,481,20481,31,1995,1GCEC14K8SZ1,1,G,C,E,C,1,4,K,8,S,Z,1,0,0,0,000000000,00000000000,0,0,0,1,0,0,0,0,0,0,0,5,0,0,0,12,6,2,12,0,0,0,1,37,27855,6,1,0,0,3,0,66,999,0,0,0,0,0,0,0,0,0,0,38,0,0,0,1,2,55,1,1,2,1,0,0,11,15,1,1,2,84,0,0
37,370338,2,2,3,8,5,15,20,12,2,1,0,37,1,35,471,35471,30,1990,1N6SD11S4LC3,1,N,6,S,D,1,1,S,4,L,C,3,0,0,0,000000000,00000000000,0,0,0,1,0,0,0,0,0,0,0,50,0,0,0,12,6,2,12,0,0,0,1,37,27820,6,1,0,0,3,0,68,999,0,0,0,0,0,0,0,0,0,0,0,0,0,0,1,2,55,1,1,2,1,0,0,1,54,1,1,1,84,1,0
37,370339,1,2,1,3,5,8,6,12,6,1,0,37,1,72,706,72706,80,2007,1HD4CN2197K4,1,H,D,4,C,N,2,1,9,7,K,4,0,0,0,000000000,00000000000,0,0,0,1,0,0,0,0,0,0,0,25,0,0,0,9,6,2,12,0,0,0,1,37,27316,6,1,0,0,3,0,67,999,0,0,0,0,1,4,2013,4,2013,0,48,0,0,0,1,5,45,1,2,2,1,0,0,11,15,1,1,2,72,1,0
37,370339,2,2,2,3,5,8,6,12,6,1,0,37,1,12,23,12023,4,2012,3FAHP0HA4CR2,3,F,A,H,P,0,H,A,4,C,R,2,0,0,0,000000000,00000000000,0,0,0,1,0,0,0,0,0,0,0,40,0,0,0,1,6,2,12,0,0,0,1,37,27205,6,1,0,0,3,3,67,999,0,0,0,0,0,0,0,0,0,0,0,0,0,0,1,5,45,1,2,2,1,0,0,1,51,6,1,1,73,0,0
37,370340,1,2,1,2,5,11,56,12,6,1,0,37,2,53,706,53706,80,2006,JS1GR7KA5621,J,S,1,G,R,7,K,A,5,6,2,1,0,0,0,000000000,00000000000,0,0,0,1,0,0,0,0,0,0,0,70,0,0,0,12,6,2,12,0,0,1,1,37,27025,1,1,0,0,2,0,70,999,1,1,0,2,3,3,2013,4,2014,3,35,36,0,0,1,2,55,1,1,2,1,0,0,98,10,1,1,2,84,1,0
37,370340,2,2,1,2,5,11,56,12,6,1,0,37,1,49,46,49046,4,2012,JTDKDTB31C15,J,T,D,K,D,T,B,3,1,C,1,5,0,0,0,000000000,00000000000,0,0,0,1,0,0,0,0,0,0,0,5,0,0,0,9,6,2,12,0,0,0,1,37,27401,6,1,0,0,3,3,64,999,0,0,0,0,0,0,0,0,0,0,0,0,0,0,1,2,55,1,1,2,1,0,0,4,54,1,1,1,84,0,0
37,370341,1,2,1,13,5,18,18,12,6,1,0,54,1,18,2,18002,4,1995,1G4HP52L5SH5,1,G,4,H,P,5,2,L,5,S,H,5,0,0,0,000000000,00000000000,0,0,0,1,0,0,0,0,0,0,0,10,0,0,0,9,6,2,12,0,0,0,1,54,25286,6,1,0,0,3,0,72,165,0,0,0,0,0,0,0,0,0,0,39,0,0,0,1,2,55,1,1,2,1,20,3,1,17,1,1,1,89,1,0
37,370341,2,2,2,13,5,18,18,12,6,1,0,37,2,2,404,2404,14,2000,1J4GW58NXYC3,1,J,4,G,W,5,8,N,X,Y,C,3,0,0,0,000000000,00000000000,0,0,0,1,0,0,0,0,0,0,0,55,0,0,0,12,6,2,12,0,0,0,1,37,28104,6,2,0,0,3,3,74,999,1,0,0,0,2,4,2013,12,2013,0,0,0,0,0,1,2,55,1,1,2,1,0,0,1,54,1,1,1,88,0,0
37,370342,1,1,1,12,5,12,45,30,0,1,0,37,1,7,481,7481,31,1984,1B7FD14T0ES2,1,B,7,F,D,1,4,T,0,E,S,2,0,0,0,000000000,00000000000,0,0,0,1,0,0,0,0,0,0,0,55,0,0,0,4,6,2,30,0,0,0,1,37,28681,6,1,6,0,3,0,69,999,1,0,0,0,0,12,2011,12,2011,0,0,0,0,0,1,2,55,3,2,2,1,0,0,14,13,1,1,4,1,1,0
37,370343,1,2,3,5,5,20,44,12,2,1,0,37,1,12,401,12401,14,1994,1FMDU32X2RUE,1,F,M,D,U,3,2,X,2,R,U,E,0,0,0,000000000,00000000000,0,0,0,1,0,0,0,0,0,0,0,55,0,0,0,12,6,2,12,0,0,0,1,37,28762,6,1,0,0,3,3,66,999,0,0,0,0,0,0,0,0,0,0,0,0,0,0,6,4,55,1,1,2,1,0,0,11,15,1,1,1,84,0,0
37,370343,2,2,1,5,5,20,44,12,2,1,0,37,2,53,705,53705,80,1980,GS550E715418,G,S,5,5,0,E,7,1,5,4,1,8,0,0,0,000000000,00000000000,0,0,0,1,0,0,0,0,0,0,0,55,0,0,0,12,6,2,12,0,0,0,1,37,28711,6,1,0,0,3,0,68,999,0,0,0,1,1,5,2012,6,2012,0,0,0,0,0,1,4,55,1,1,2,1,0,0,1,54,1,1,1,84,1,0
37,370344,1,2,1,6,5,7,36,12,2,1,0,47,1,12,402,12402,14,2011,1FMCU0C77BKC,1,F,M,C,U,0,C,7,7,B,K,C,0,0,0,000000000,00000000000,0,0,0,1,0,0,0,0,0,0,0,55,0,0,0,12,6,2,12,0,0,0,1,47,37311,6,1,4,0,3,3,74,315,0,0,0,0,0,0,0,0,0,0,28,0,0,0,1,2,45,2,1,2,1,0,0,14,10,1,1,2,50,0,0
37,370344,2,2,1,6,5,7,36,12,2,1,0,37,1,2,404,2404,14,1988,1JCMR781XJT1,1,J,C,M,R,7,8,1,X,J,T,1,0,0,0,000000000,00000000000,0,0,0,1,0,0,0,0,0,0,0,45,0,0,0,12,6,2,12,0,0,0,1,37,28906,6,1,0,0,3,0,77,999,0,0,0,0,0,0,0,0,0,0,0,0,0,0,1,2,45,3,1,2,1,0,0,14,62,1,1,1,51,1,0
37,370345,1,2,1,20,5,5,49,12,1,1,0,45,3,98,804,98804,66,2013,5KJJAVDV9DPB,5,K,J,J,A,V,D,V,9,D,P,B,1,3,57,243973,57243973,3,6,2,2,2,1203,3,2,0,0,0,55,0,1,1,12,6,2,1,0,0,0,1,37,28439,6,1,6,1,3,0,68,999,0,0,0,0,0,0,0,0,0,0,6,0,0,0,2,4,55,1,1,2,1,0,0,1,50,1,1,1,20,1,0
37,370345,2,2,2,20,5,5,49,12,1,1,0,37,1,20,498,20498,31,1988,1GCDK14K1JZ1,1,G,C,D,K,1,4,K,1,J,Z,1,0,0,0,000000000,00000000000,0,0,0,1,0,0,0,0,0,0,0,0,0,0,0,6,6,2,12,0,0,0,1,37,28348,1,1,0,0,2,0,69,999,0,14,5,0,10,12,2012,7,2013,0,54,0,0,0,2,4,55,1,1,2,1,0,0,5,98,1,1,1,21,0,1
37,370346,1,2,2,2,5,18,16,12,2,1,0,37,2,20,2,20002,4,2002,2G1WF52E9293,2,G,1,W,F,5,2,E,9,2,9,3,0,0,0,000000000,00000000000,0,0,0,1,0,0,0,0,0,0,0,50,0,0,0,12,6,2,12,0,0,0,1,37,27295,6,1,0,0,3,0,71,999,0,0,0,0,0,0,0,0,0,0,28,0,0,0,1,2,50,1,1,2,1,0,0,1,10,1,1,2,50,0,0
37,370346,2,2,1,2,5,18,16,12,2,1,0,37,1,35,471,35471,30,1991,1N6SD16S1MC3,1,N,6,S,D,1,6,S,1,M,C,3,0,0,0,000000000,00000000000,0,0,0,1,0,0,0,0,0,0,0,50,0,0,0,12,6,2,12,0,0,0,1,37,27295,6,1,0,0,3,3,67,999,2,0,0,1,0,5,2011,12,2012,0,0,0,0,0,1,2,50,1,1,2,1,0,0,1,62,1,1,1,51,1,0
37,370347,1,1,2,20,5,15,55,1,0,1,0,37,2,20,481,20481,31,2005,1GCEK19BX5E2,1,G,C,E,K,1,9,B,X,5,E,2,0,0,0,000000000,00000000000,0,0,0,1,0,0,0,0,0,0,0,85,0,2,5,0,6,2,1,0,0,0,1,37,28023,6,1,0,0,3,0,67,999,0,1,0,0,1,12,2012,4,2013,3,36,0,0,0,3,6,65,1,2,2,1,0,0,1,13,1,1,4,1,1,0
37,370348,1,2,1,16,5,23,40,12,6,1,0,0,0,99,709,99709,88,9999,000000000000,0,0,0,0,0,0,0,0,0,0,0,0,0,0,0,000000000,00000000000,0,0,0,1,0,0,0,0,0,0,0,30,0,0,0,3,6,2,12,0,0,0,1,37,27403,1,1,0,0,2,0,72,999,0,3,0,0,3,8,2012,11,2012,0,38,0,0,0,1,5,35,1,1,2,1,0,0,11,15,1,1,1,68,1,0
37,370348,2,2,1,16,5,23,40,12,6,1,0,37,2,2,404,2404,14,1993,1J4FJ78S2PL5,1,J,4,F,J,7,8,S,2,P,L,5,0,0,0,000000000,00000000000,0,0,0,1,0,0,0,0,0,0,0,35,0,0,0,12,4,3,12,0,0,0,1,37,27320,6,1,0,0,3,3,63,999,1,0,0,0,1,12,2012,8,2013,0,0,0,0,0,1,5,35,1,1,2,1,0,0,1,54,1,1,1,69,0,0
37,370349,1,1,1,17,5,23,48,35,0,1,0,37,1,23,401,23401,14,2004,1GKDT13S6423,1,G,K,D,T,1,3,S,6,4,2,3,0,0,0,000000000,00000000000,0,0,0,1,0,0,0,0,0,0,0,65,0,1,5,1,6,2,1,0,0,0,1,37,28786,6,1,0,0,3,0,73,999,0,0,0,1,0,1,2012,1,2012,3,36,58,0,0,1,2,50,1,1,2,1,0,0,1,10,1,1,4,6,1,1
37,370350,1,2,1,21,5,9,39,12,7,1,0,47,1,49,32,49032,4,2005,1NXBR32E65Z5,1,N,X,B,R,3,2,E,6,5,Z,5,0,0,0,000000000,00000000000,0,0,0,1,0,0,0,0,0,0,0,55,0,0,0,1,4,5,12,0,0,0,1,47,37765,6,1,0,0,3,0,72,195,0,0,0,0,0,0,0,0,0,0,0,0,0,0,3,2,55,2,2,2,1,0,0,14,61,1,1,1,45,0,0
37,370350,2,2,2,21,5,9,39,12,7,1,0,40,1,37,706,37706,80,2012,JH2SC68G4CK0,J,H,2,S,C,6,8,G,4,C,K,0,0,0,0,000000000,00000000000,0,0,0,1,0,0,0,0,0,0,0,55,0,0,0,7,6,2,12,0,0,0,1,40,73065,6,1,0,0,3,0,69,150,0,0,0,0,0,0,0,0,0,0,27,0,0,0,3,2,55,2,2,2,1,0,0,15,10,1,1,2,47,1,0
37,370351,1,1,1,18,5,14,4,34,0,1,0,37,2,20,481,20481,31,2003,2GCEC19TX313,2,G,C,E,C,1,9,T,X,3,1,3,0,0,0,000000000,00000000000,0,0,0,1,0,0,0,0,0,0,0,55,0,0,0,12,6,2,42,0,0,0,1,37,27542,0,0,0,0,0,0,67,999,0,0,0,0,0,0,0,0,0,0,0,0,0,0,1,2,55,2,1,2,1,0,0,14,12,1,1,4,6,1,0
37,370352,1,1,1,11,5,13,19,1,0,1,0,37,1,72,706,72706,80,2002,1HD1BWB192Y0,1,H,D,1,B,W,B,1,9,2,Y,0,0,0,0,000000000,00000000000,0,0,0,1,0,0,0,0,0,0,0,45,0,0,0,0,4,3,1,0,0,0,1,37,28734,6,1,0,0,3,0,72,999,0,0,0,0,0,0,0,0,0,0,0,0,0,0,1,2,45,3,1,2,1,0,0,14,13,1,1,4,1,1,1
37,370353,1,1,1,17,5,23,34,8,0,1,0,37,1,37,402,37402,14,2004,SHSRD78844U2,S,H,S,R,D,7,8,8,4,4,U,2,0,0,0,000000000,00000000000,0,0,0,1,0,0,0,0,0,0,0,998,0,0,0,12,6,2,8,0,0,0,1,37,28213,6,1,0,0,3,0,64,999,1,0,0,0,0,10,2013,10,2013,0,0,0,0,0,2,3,45,1,1,2,1,0,0,1,80,1,1,1,13,0,0
37,370354,1,3,2,20,5,15,10,12,8,1,0,37,1,2,403,2403,14,2004,1J4GX48S54C2,1,J,4,G,X,4,8,S,5,4,C,2,0,0,0,000000000,00000000000,0,0,0,1,0,0,0,0,0,0,0,70,0,1,2,61,6,2,12,0,0,0,1,37,28327,1,1,0,0,2,0,70,999,1,0,0,0,0,3,2014,3,2014,3,28,0,0,0,1,2,55,1,2,2,1,0,0,1,10,1,1,2,64,1,0
37,370354,2,3,2,20,5,15,10,12,8,1,0,37,2,20,16,20016,2,2004,1G1JC12F8471,1,G,1,J,C,1,2,F,8,4,7,1,0,0,0,000000000,00000000000,0,0,0,1,0,0,0,0,0,0,0,55,0,0,0,63,6,2,12,0,0,0,1,37,27030,6,1,0,0,3,3,62,999,0,0,0,0,0,0,0,0,0,0,0,0,0,0,1,2,55,1,2,2,1,0,0,1,62,1,1,1,65,0,0
37,370354,3,3,1,20,5,15,10,12,8,1,0,37,1,7,28,7028,2,2012,2C3CDYAG6CH1,2,C,3,C,D,Y,A,G,6,C,H,1,0,0,0,000000000,00000000000,0,0,0,1,0,0,0,0,0,0,0,60,0,0,0,12,6,2,12,0,0,0,1,37,28314,6,1,0,0,3,3,63,999,0,0,0,0,0,0,0,0,0,0,0,0,0,0,1,2,55,1,2,2,1,0,0,1,54,1,1,1,98,0,0
37,370355,1,1,1,23,5,4,41,8,0,1,0,51,3,85,881,85881,66,2009,1XKAD49X09J2,1,X,K,A,D,4,9,X,0,9,J,2,1,1,57,271590,57271590,3,6,8,1,0,0,0,0,0,0,0,60,0,0,0,12,4,5,8,0,0,0,1,37,27870,6,1,6,3,3,0,69,999,0,0,0,0,0,0,0,0,0,0,0,0,0,0,1,2,55,1,3,2,1,0,0,1,80,6,1,2,13,0,0
37,370356,1,1,3,23,5,17,10,43,0,1,0,37,1,20,16,20016,4,1995,1G1JC5242S72,1,G,1,J,C,5,2,4,2,S,7,2,0,0,0,000000000,00000000000,0,0,0,1,0,0,0,0,0,0,0,55,0,1,5,12,6,2,42,0,0,0,1,37,28340,6,1,0,0,3,0,66,999,0,1,0,0,0,3,2012,3,2012,0,58,0,0,0,1,2,55,1,1,2,1,0,0,1,12,1,1,4,6,1,0
37,370357,1,1,1,17,5,21,51,42,0,1,0,37,2,6,55,6055,2,2004,1C3AN69L44X0,1,C,3,A,N,6,9,L,4,4,X,0,0,0,0,000000000,00000000000,0,0,0,1,0,0,0,0,0,0,0,55,0,0,0,12,6,2,2,0,0,1,1,37,27025,6,1,0,0,3,0,72,999,1,0,0,0,1,8,2013,11,2013,0,36,0,0,0,1,2,55,3,1,2,1,0,0,14,13,1,1,4,1,1,1
37,370358,1,1,1,27,4,22,11,42,0,1,0,37,1,20,471,20471,30,2002,1GCCS19W9281,1,G,C,C,S,1,9,W,9,2,8,1,0,0,0,000000000,00000000000,0,0,0,1,0,0,0,0,0,0,0,85,0,1,5,12,6,2,1,0,0,0,1,37,28411,6,1,0,0,3,0,72,999,0,0,0,1,0,7,2011,7,2011,3,36,0,0,0,1,2,35,1,1,2,1,0,0,1,13,1,1,4,1,1,1
37,370359,1,1,1,23,5,20,2,42,0,1,0,37,1,20,403,20403,14,2003,1GNDT13S9323,1,G,N,D,T,1,3,S,9,3,2,3,0,0,0,000000000,00000000000,0,0,0,1,0,0,0,0,0,0,0,60,0,0,0,12,6,2,42,0,0,0,1,37,28467,6,1,0,0,3,3,67,999,0,0,0,0,0,0,0,0,0,3,36,0,0,0,1,2,45,1,1,2,1,0,0,1,13,1,1,4,1,1,1
37,370360,1,1,1,25,5,13,33,38,0,1,0,37,1,37,706,37706,80,2006,JH2SC57026M2,J,H,2,S,C,5,7,0,2,6,M,2,0,0,0,000000000,00000000000,0,0,0,1,0,0,0,0,0,0,0,70,0,0,0,12,6,2,38,0,0,0,1,37,28368,6,1,0,0,3,3,73,999,0,0,0,0,1,10,2013,10,2013,3,36,0,0,0,1,2,55,3,1,2,1,0,0,14,13,1,1,4,1,1,0
37,370361,1,2,1,12,5,20,43,12,2,1,0,37,2,49,40,49040,4,1996,JT2BG12K5T04,J,T,2,B,G,1,2,K,5,T,0,4,0,0,0,000000000,00000000000,0,0,0,1,0,0,0,0,0,0,0,65,0,1,5,12,6,2,1,0,0,0,1,37,28562,6,1,0,0,3,0,67,999,1,0,0,0,1,5,2013,10,2013,3,28,36,0,0,1,2,55,1,1,2,1,0,0,1,10,1,1,2,50,1,1
37,370361,2,2,1,12,5,20,43,12,2,1,0,37,2,12,17,12017,4,2005,1FAHP53245A2,1,F,A,H,P,5,3,2,4,5,A,2,0,0,0,000000000,00000000000,0,0,0,1,0,0,0,0,0,0,0,55,0,0,0,12,6,2,12,0,0,0,1,37,28586,6,1,0,0,3,0,62,999,4,0,0,1,0,7,2012,1,2014,0,0,0,0,0,1,2,55,1,1,2,1,0,0,1,62,1,1,1,51,0,0
37,370362,1,1,1,25,5,21,22,1,0,1,0,37,2,20,481,20481,31,2006,1GCEC19T46Z2,1,G,C,E,C,1,9,T,4,6,Z,2,0,0,0,000000000,00000000000,0,0,0,1,0,0,0,0,0,0,0,50,0,2,5,0,6,2,1,0,0,0,1,37,28315,6,1,0,0,3,3,73,999,0,0,0,0,0,0,0,0,0,0,0,0,0,0,1,2,55,3,1,2,1,0,0,14,13,1,1,4,1,1,1
37,370363,1,2,1,24,5,17,4,12,2,1,0,37,1,12,17,12017,4,1999,1FAFP53S8XA1,1,F,A,F,P,5,3,S,8,X,A,1,0,0,0,000000000,00000000000,0,0,0,1,0,0,0,0,0,0,0,5,0,0,0,12,6,2,12,0,0,0,1,37,28625,6,1,0,0,3,0,72,999,0,0,0,0,0,0,0,0,0,0,38,0,0,0,1,3,55,1,1,2,1,0,0,11,15,1,1,1,84,0,0
37,370363,2,2,2,24,5,17,4,12,2,1,0,37,1,23,401,23401,14,1995,1GKCT18W1SK5,1,G,K,C,T,1,8,W,1,S,K,5,0,0,0,000000000,00000000000,0,0,0,1,0,0,0,0,0,0,0,55,0,0,0,12,6,2,12,0,0,0,1,37,28625,6,1,6,0,3,1,62,999,0,0,0,0,0,0,0,0,0,0,0,0,0,0,1,3,55,1,1,2,1,0,0,1,54,1,1,1,84,1,0
37,370364,1,1,1,25,5,3,20,59,0,1,0,37,2,53,705,53705,80,1999,JS1GN79A2X21,J,S,1,G,N,7,9,A,2,X,2,1,0,0,0,000000000,00000000000,0,0,0,1,0,0,0,0,0,0,0,60,0,0,0,12,6,2,42,0,0,0,1,37,27501,1,1,0,0,2,0,68,999,0,0,1,0,0,8,2013,8,2013,3,36,0,0,0,1,2,55,3,1,2,1,0,0,14,13,1,1,4,1,1,1
37,370365,1,1,1,21,5,4,47,42,0,1,0,37,2,20,2,20002,4,2007,2G1WT55K5793,2,G,1,W,T,5,5,K,5,7,9,3,0,0,0,000000000,00000000000,0,0,0,1,0,0,0,0,0,0,0,90,0,0,0,9,6,2,42,0,0,0,1,37,27583,1,1,0,0,2,0,74,999,0,0,0,0,0,0,0,0,0,3,28,36,0,0,1,2,45,1,2,2,1,0,0,1,13,1,1,4,1,1,1
37,370366,1,1,1,24,5,14,10,42,0,1,0,37,2,37,421,37421,15,2004,2HKYF18564H5,2,H,K,Y,F,1,8,5,6,4,H,5,0,0,0,000000000,00000000000,0,0,0,1,0,0,0,0,0,0,0,55,0,0,0,11,6,2,42,0,0,0,1,37,28360,6,2,0,0,3,1,69,999,0,0,0,0,0,0,0,0,0,4,58,0,0,0,1,2,55,3,1,2,1,0,0,14,13,1,1,4,1,1,0
37,370367,1,1,2,23,5,22,50,42,0,1,0,37,1,12,471,12471,30,1993,1FTCR10U3PTA,1,F,T,C,R,1,0,U,3,P,T,A,0,0,0,000000000,00000000000,0,0,0,1,0,0,0,0,0,0,0,65,0,0,0,12,6,2,42,0,0,0,1,37,27013,6,1,0,0,3,0,68,999,1,0,0,0,1,6,2011,2,2013,3,36,39,0,0,1,2,45,1,2,2,1,20,3,1,14,1,1,4,14,1,0