STATE,ST_CASE,VEH_NO,VE_FORMS,NUMOCCS,DAY,MONTH,HOUR,MINUTE,HARM_EV,MAN_COLL,UNITTYPE,HIT_RUN,REG_STAT,OWNER,MAKE,MODEL,MAK_MOD,BODY_TYP,MOD_YEAR,VIN,VIN_1,VIN_2,VIN_3,VIN_4,VIN_5,VIN_6,VIN_7,VIN_8,VIN_9,VIN_10,VIN_11,VIN_12,TOW_VEH,J_KNIFE,MCARR_I1,MCARR_I2,MCARR_ID,GVWR,V_CONFIG,CARGO_BT,HAZ_INV,HAZ_PLAC,HAZ_ID,HAZ_CNO,HAZ_REL,BUS_USE,SPEC_USE,EMER_USE,TRAV_SP,UNDERIDE,ROLLOVER,ROLINLOC,IMPACT1,DEFORMED,TOWED,M_HARM,VEH_SC1,VEH_SC2,FIRE_EXP,DR_PRES,L_STATE,DR_ZIP,L_STATUS,L_TYPE,CDL_STAT,L_ENDORS,L_COMPL,L_RESTRI,DR_HGT,DR_WGT,PREV_ACC,PREV_SUS,PREV_DWI,PREV_SPD,PREV_OTH,FIRST_MO,FIRST_YR,LAST_MO,LAST_YR,SPEEDREL,DR_SF1,DR_SF2,DR_SF3,DR_SF4,VTRAFWAY,VNUM_LAN,VSPD_LIM,VALIGN,VPROFILE,VPAVETYP,VSURCOND,VTRAFCON,VTCONT_F,P_CRASH1,P_CRASH2,P_CRASH3,PCRASH4,PCRASH5,ACC_TYPE,DEATHS,DR_DRINK
37,370450,2,2,2,7,6,14,9,12,6,1,0,37,1,49,40,49040,4,1990,4T1SV24E3LU2,4,T,1,S,V,2,4,E,3,L,U,2,0,0,0,000000000,00000000000,0,0,0,1,0,0,0,0,0,0,0,35,0,0,0,3,6,2,12,0,0,0,1,37,27262,6,1,0,0,3,3,68,999,0,1,0,0,0,1,2012,1,2012,0,0,0,0,0,1,3,35,1,1,2,1,1,3,1,66,1,1,1,87,1,0
37,370451,1,1,2,8,6,15,46,8,0,1,0,37,2,54,421,54421,15,2005,2HNYD18815H5,2,H,N,Y,D,1,8,8,1,5,H,5,0,0,0,000000000,00000000000,0,0,0,1,0,0,0,0,0,0,0,55,0,0,0,12,4,5,8,0,0,0,1,37,27410,6,1,0,0,3,0,63,999,0,0,0,0,0,0,0,0,0,0,0,0,0,0,3,2,55,3,1,2,2,0,0,14,80,1,1,1,13,0,0
37,370452,1,2,3,12,6,10,39,12,6,1,0,37,1,12,481,12481,31,2006,1FTRX12W66FA,1,F,T,R,X,1,2,W,6,6,F,A,0,0,0,000000000,00000000000,0,0,0,1,0,0,0,0,0,0,0,55,0,0,0,5,6,2,12,0,0,0,1,37,28323,6,1,0,0,3,0,64,999,1,0,0,0,0,11,2011,11,2011,4,28,0,0,0,1,2,55,1,1,2,2,0,0,1,6,1,4,2,64,1,0
37,370452,2,2,1,12,6,10,39,12,6,1,0,37,1,12,471,12471,30,2002,1FTYR14D42TA,1,F,T,Y,R,1,4,D,4,2,T,A,0,0,0,000000000,00000000000,0,0,0,1,0,0,0,0,0,0,0,55,0,0,0,12,6,2,12,0,0,0,1,37,28311,6,1,0,0,3,3,66,999,0,0,0,0,0,0,0,0,0,0,0,0,0,0,1,2,55,1,1,2,2,0,0,1,62,1,1,1,65,0,0
37,370453,1,1,1,10,6,11,47,53,0,1,0,37,1,23,401,23401,14,1996,1GKDT13W8T25,1,G,K,D,T,1,3,W,8,T,2,5,0,0,0,000000000,00000000000,0,0,0,1,0,0,0,0,0,0,0,55,0,1,5,12,6,2,1,0,0,0,1,37,28625,6,1,4,0,3,0,76,999,0,0,0,0,0,0,0,0,0,0,58,0,0,0,1,2,55,1,1,2,1,0,0,1,13,1,1,4,1,1,0
37,370454,1,1,1,9,6,1,30,52,0,1,0,12,1,7,442,7442,20,1998,2B4GP44G6WR5,2,B,4,G,P,4,4,G,6,W,R,5,0,0,0,000000000,00000000000,0,0,0,1,0,0,0,0,0,0,0,55,0,1,5,12,6,2,1,0,0,0,1,37,28717,6,1,0,0,3,3,67,999,0,0,0,0,0,0,0,0,0,0,0,0,0,0,1,2,55,3,2,2,1,0,0,14,9,1,2,4,7,1,1
37,370455,1,1,1,11,6,18,17,34,0,1,0,37,2,55,39,55039,4,2006,KMHFC46F26A1,K,M,H,F,C,4,6,F,2,6,A,1,0,0,0,000000000,00000000000,0,0,0,1,0,0,0,0,0,0,0,70,0,1,5,12,6,2,42,0,0,0,1,37,27576,6,1,0,0,3,3,71,999,1,0,0,1,0,6,2012,1,2014,0,36,0,0,0,1,2,55,1,1,2,1,0,0,1,13,1,1,4,1,1,0
37,370456,1,1,5,12,6,18,26,1,0,1,0,37,2,20,421,20421,15,1994,1GNCS13W6R21,1,G,N,C,S,1,3,W,6,R,2,1,0,0,0,000000000,00000000000,0,0,0,1,0,0,0,0,0,0,0,75,0,9,5,0,6,2,1,0,0,0,1,37,28339,0,0,0,0,0,0,68,999,0,0,0,0,0,0,0,0,0,0,36,0,0,0,1,2,55,2,2,2,2,0,0,14,13,1,1,4,1,1,0
37,370457,1,1,3,12,6,21,37,42,0,1,0,37,2,22,18,22018,4,2004,1G2NF52E74M6,1,G,2,N,F,5,2,E,7,4,M,6,0,0,0,000000000,00000000000,0,0,0,1,0,0,0,0,0,0,0,90,0,0,0,12,6,2,42,0,0,0,1,37,28168,1,1,1,0,2,3,72,999,0,5,0,1,1,12,2011,8,2013,0,36,0,0,0,1,2,55,1,1,2,2,0,0,1,13,1,1,4,1,2,0
37,370458,1,1,1,12,6,8,35,8,0,1,1,37,3,51,881,51881,66,2013,4V4NC9EJ7DN1,4,V,4,N,C,9,E,J,7,D,N,1,1,1,57,2054049,572054049,3,6,1,1,0,0,0,0,0,0,0,60,0,0,0,12,4,5,8,0,0,0,1,37,28205,6,1,6,3,3,0,73,999,0,0,0,1,1,9,2012,3,2013,0,0,0,0,0,3,5,60,1,1,1,1,0,0,17,80,1,1,2,13,0,0
37,370459,1,1,2,15,6,13,10,42,0,1,0,37,2,37,32,37032,4,2003,1HGCM55353A0,1,H,G,C,M,5,5,3,5,3,A,0,0,0,0,000000000,00000000000,0,0,0,1,0,0,0,0,0,0,0,998,0,0,0,9,6,2,42,0,0,0,1,37,28212,6,1,0,0,3,3,65,999,0,2,0,0,0,8,2011,11,2011,0,36,0,0,0,2,3,45,1,1,2,1,0,0,6,8,1,3,4,2,1,1
37,370460,1,2,2,12,6,14,21,12,2,1,0,37,2,7,26,7026,4,2009,1B3LC46BX9N5,1,B,3,L,C,4,6,B,X,9,N,5,0,0,0,000000000,00000000000,0,0,0,1,0,0,0,0,0,0,0,55,0,0,0,12,6,2,12,0,0,0,1,37,28144,0,0,0,0,0,0,999,999,0,0,0,0,0,0,0,0,0,0,35,0,0,0,1,2,55,1,2,2,1,0,0,6,10,1,1,2,62,1,0
37,370460,2,2,1,12,6,14,21,12,2,1,0,37,3,12,481,12481,31,2014,1FDBF3B60EEA,1,F,D,B,F,3,B,6,0,E,E,A,0,0,0,000000000,00000000000,0,0,0,1,0,0,0,0,0,0,0,55,0,0,0,12,6,2,12,0,0,0,1,37,28025,6,1,0,0,3,0,69,999,0,0,0,0,0,0,0,0,0,0,0,0,0,0,1,2,55,1,2,2,1,0,0,1,62,1,1,1,62,0,0
37,370461,1,1,1,13,6,3,15,59,0,1,0,37,1,52,37,52037,3,2003,4A3AC44G03E0,4,A,3,A,C,4,4,G,0,3,E,0,0,0,0,000000000,00000000000,0,0,0,1,0,0,0,0,0,0,0,70,0,0,0,12,6,2,42,0,0,0,1,37,27052,6,1,0,0,3,0,69,999,1,0,0,0,0,3,2013,3,2013,3,0,0,0,0,1,2,55,3,1,2,1,0,0,14,13,1,1,4,1,1,0
37,370462,1,1,1,14,6,22,48,8,0,1,0,37,1,20,2,20002,4,2004,2G1WH52K7492,2,G,1,W,H,5,2,K,7,4,9,2,0,0,0,000000000,00000000000,0,0,0,1,0,0,0,0,0,0,0,59,0,0,0,12,6,2,8,0,0,0,1,37,27540,6,1,0,0,3,0,72,999,0,0,0,1,0,12,2012,12,2012,0,0,0,0,0,3,3,55,1,1,2,1,2,3,1,80,1,1,1,13,0,0
37,370463,1,1,1,15,6,12,13,34,0,1,0,37,2,73,705,73705,80,2007,JKAEXEA147A0,J,K,A,E,X,E,A,1,4,7,A,0,0,0,0,000000000,00000000000,0,0,0,1,0,0,0,0,0,0,0,80,0,0,0,12,6,2,32,0,0,0,1,37,27830,6,1,0,0,3,0,72,999,0,0,0,0,4,12,2011,4,2013,0,36,0,0,0,1,2,55,2,2,2,1,0,0,14,13,1,1,4,1,1,1
37,370464,1,1,1,14,6,18,31,59,0,1,0,36,2,34,706,34706,80,2011,WB1051703BZV,W,B,1,0,5,1,7,0,3,B,Z,V,0,0,0,000000000,00000000000,0,0,0,1,0,0,0,0,0,0,0,120,0,0,0,61,6,2,59,0,0,0,1,37,27604,6,1,0,0,3,0,71,999,0,5,0,3,1,8,2011,7,2013,3,36,0,0,0,2,2,55,3,1,2,1,0,0,14,12,1,1,4,6,1,0
37,370465,1,1,1,26,5,11,33,38,0,1,0,37,3,98,998,98998,93,1975,02707,0,2,7,0,7,,,,,,,,0,0,0,000000000,00000000000,0,0,0,1,0,0,0,0,0,0,0,25,0,0,0,12,6,2,39,0,0,0,1,37,27572,1,1,0,0,2,0,71,999,0,0,0,0,0,0,0,0,0,0,0,0,0,0,1,2,45,1,2,2,1,0,0,1,13,1,1,4,1,1,1
37,370466,1,2,1,10,5,14,44,1,0,1,0,37,1,37,705,37705,80,2003,JH2PC350X3M4,J,H,2,P,C,3,5,0,X,3,M,4,0,0,0,000000000,00000000000,0,0,0,1,0,0,0,0,0,0,0,85,0,0,0,0,6,2,1,0,0,0,1,51,62221,1,1,0,0,2,0,71,170,0,0,0,0,0,0,0,0,0,3,36,0,0,0,3,2,70,1,1,2,1,0,0,6,8,1,1,3,98,1,0
37,370466,2,2,2,10,5,14,44,1,0,1,0,12,2,14,6,14006,4,2006,2MEFM75V46X6,2,M,E,F,M,7,5,V,4,6,X,6,0,0,0,000000000,00000000000,0,0,0,1,0,0,0,0,0,0,0,72,0,0,0,12,4,5,34,0,0,0,1,25,1536,6,1,0,0,3,0,63,999,0,0,0,0,0,0,0,0,0,0,0,0,0,0,3,2,70,1,1,2,1,0,0,1,51,6,1,4,98,0,0
37,370467,1,1,2,15,6,4,47,53,0,1,0,37,1,59,31,59031,4,2007,JTHBJ46G0721,J,T,H,B,J,4,6,G,0,7,2,1,0,0,0,000000000,00000000000,0,0,0,1,0,0,0,0,0,0,0,65,0,1,5,12,6,2,1,0,0,0,1,37,28601,6,1,0,0,3,3,68,999,0,0,0,1,0,12,2013,12,2013,0,39,0,0,0,1,2,55,2,2,2,1,0,0,14,13,1,1,4,1,1,1
37,370468,1,2,2,7,6,21,32,24,0,1,0,37,3,86,881,86881,66,1994,1M2AA13Y0RW0,1,M,2,A,A,1,3,Y,0,R,W,0,1,1,88,888888888,88888888888,3,6,1,1,0,0,0,0,0,0,0,70,0,0,0,12,6,2,21,0,0,0,1,37,28444,6,1,6,0,3,0,71,999,0,0,0,0,0,0,0,0,0,0,0,0,0,0,3,2,70,1,1,2,1,0,0,1,12,1,1,4,6,2,0
37,370468,2,2,4,7,6,21,32,24,0,1,0,37,1,35,49,35049,6,2007,JN8AZ08T37W5,J,N,8,A,Z,0,8,T,3,7,W,5,0,0,0,000000000,00000000000,0,0,0,1,0,0,0,0,0,0,0,70,0,0,0,12,2,5,54,0,0,0,1,37,28464,6,1,0,0,3,0,62,999,0,0,0,0,0,0,0,0,0,0,0,0,0,0,3,2,70,1,1,2,1,0,0,1,98,1,1,1,98,0,0
37,370469,1,1,3,8,6,17,0,42,0,1,0,37,1,42,42,42042,4,2014,WDDGF4HB7EA9,W,D,D,G,F,4,H,B,7,E,A,9,0,0,0,000000000,00000000000,0,0,0,1,0,0,0,0,0,0,0,50,0,1,5,12,6,2,42,0,0,0,1,37,28120,6,1,0,0,3,0,69,999,0,0,0,0,0,0,0,0,0,0,36,0,0,0,1,2,35,1,1,2,1,0,0,1,12,1,1,4,6,1,0
37,370470,1,2,2,21,6,9,40,12,6,1,0,37,1,20,32,20032,4,1999,1Y1SK5288XZ4,1,Y,1,S,K,5,2,8,8,X,Z,4,0,0,0,000000000,00000000000,0,0,0,1,0,0,0,0,0,0,0,5,0,0,0,9,6,2,12,0,0,0,1,37,28054,6,1,0,0,3,3,66,999,0,0,0,0,0,0,0,0,0,0,38,0,0,0,1,2,45,1,1,2,1,20,3,11,15,1,1,1,82,1,0
37,370470,2,2,1,21,6,9,40,12,6,1,0,37,1,22,18,22018,4,2000,1G2NG52EXYM8,1,G,2,N,G,5,2,E,X,Y,M,8,0,0,0,000000000,00000000000,0,0,0,1,0,0,0,0,0,0,0,35,0,0,0,12,6,2,12,0,0,0,1,37,28032,6,1,0,0,3,3,65,999,0,0,0,0,0,0,0,0,0,0,0,0,0,0,1,4,45,1,1,2,1,0,0,1,67,1,1,1,83,0,0
37,370471,1,1,4,16,6,11,8,34,0,1,0,37,1,37,32,37032,4,2004,1HGCM56654A0,1,H,G,C,M,5,6,6,5,4,A,0,0,0,0,000000000,00000000000,0,0,0,1,0,0,0,0,0,0,0,55,0,1,5,12,6,2,1,0,0,0,1,37,27607,6,7,0,0,3,3,68,999,0,0,0,0,0,0,0,0,0,0,58,0,0,0,2,2,55,1,2,2,1,0,0,17,13,1,1,4,1,1,0
37,370472,1,1,1,21,6,15,31,34,0,1,0,37,2,53,705,53705,80,2007,JS1GN7DA0721,J,S,1,G,N,7,D,A,0,7,2,1,0,0,0,000000000,00000000000,0,0,0,1,0,0,0,0,0,0,0,100,0,0,0,12,6,2,42,0,0,0,1,37,27504,6,1,0,0,2,0,71,999,0,0,0,0,0,0,0,0,0,3,36,0,0,0,1,2,55,2,2,2,1,0,0,14,13,1,1,4,1,1,0
37,370473,1,1,1,8,6,0,48,15,0,1,0,37,1,13,1,13001,4,2005,1LNHM82W65Y6,1,L,N,H,M,8,2,W,6,5,Y,6,0,0,0,000000000,00000000000,0,0,0,1,0,0,0,0,0,0,0,55,0,0,0,12,4,5,15,0,0,0,1,37,28409,6,1,6,0,3,0,76,999,0,0,0,0,0,0,0,0,0,0,0,0,0,0,2,2,55,1,3,2,1,0,0,1,80,1,1,1,13,0,0
37,370474,1,2,1,9,6,13,57,12,2,1,0,37,3,84,881,84881,63,2003,1HTGGAHR53H5,1,H,T,G,G,A,H,R,5,3,H,5,0,0,77,777777777,77777777777,3,2,4,1,0,0,0,0,0,0,0,45,0,0,0,12,6,2,12,0,0,0,1,37,27341,6,1,6,1,3,0,69,999,1,0,0,0,0,1,2013,1,2013,0,0,0,0,0,1,2,45,1,4,2,1,0,0,1,62,3,1,1,51,0,0
37,370474,2,2,1,9,6,13,57,12,2,1,0,37,1,49,40,49040,4,1997,JT2BG22K6V00,J,T,2,B,G,2,2,K,6,V,0,0,0,0,0,000000000,00000000000,0,0,0,1,0,0,0,0,0,0,0,40,0,0,0,12,6,2,12,0,0,0,1,37,27205,6,1,0,0,3,3,65,999,0,0,0,0,0,0,0,0,0,0,28,0,0,0,1,2,45,1,4,2,1,0,0,1,10,1,1,2,50,1,0
37,370475,1,1,1,17,6,23,26,23,0,1,0,37,1,37,32,37032,2,1996,1HGCD7262TA0,1,H,G,C,D,7,2,6,2,T,A,0,0,0,0,000000000,00000000000,0,0,0,1,0,0,0,0,0,0,0,65,0,0,0,12,6,2,42,0,0,0,1,37,28358,6,1,0,0,3,0,71,999,0,0,0,0,0,0,0,0,0,0,58,0,0,0,1,2,55,1,1,2,1,0,0,1,12,1,1,4,6,1,1
37,370476,1,1,2,17,6,15,37,8,0,1,0,37,2,63,441,63441,20,2011,KNDMG4C76B63,K,N,D,M,G,4,C,7,6,B,6,3,0,0,0,000000000,00000000000,0,0,0,1,0,0,0,0,0,0,0,40,0,0,0,12,4,3,8,0,0,0,1,37,28139,6,1,0,0,3,0,69,999,2,0,0,0,0,5,2013,11,2013,0,0,0,0,0,1,2,55,3,1,2,1,0,0,14,80,1,1,1,13,0,0
37,370477,1,1,2,18,6,15,31,35,0,1,0,37,2,2,404,2404,14,1994,1J4GZ78S5RC2,1,J,4,G,Z,7,8,S,5,R,C,2,0,0,0,000000000,00000000000,0,0,0,1,0,0,0,0,0,0,0,50,0,1,2,12,6,2,1,0,0,0,1,37,28468,1,1,0,0,2,3,74,999,1,2,0,0,0,5,2013,10,2013,0,58,0,0,0,1,2,55,1,2,2,2,0,0,1,12,1,1,4,6,1,0
37,370478,1,1,1,15,6,4,0,32,0,1,0,37,2,49,40,49040,4,2011,4T1BF3EK7BU7,4,T,1,B,F,3,E,K,7,B,U,7,0,0,0,000000000,00000000000,0,0,0,1,0,0,0,0,0,0,0,70,0,0,0,1,6,2,42,0,0,0,1,37,27511,1,1,0,0,2,0,67,999,2,3,0,0,1,6,2011,3,2013,3,0,0,0,0,1,3,35,2,2,2,1,0,0,14,13,1,1,4,1,1,1
37,370479,1,1,3,21,6,15,37,8,0,1,0,37,1,2,404,2404,14,2004,1J4GW48S24C1,1,J,4,G,W,4,8,S,2,4,C,1,0,0,0,000000000,00000000000,0,0,0,1,0,0,0,0,0,0,0,20,0,0,0,12,4,3,8,0,0,0,1,37,28803,6,1,0,0,3,0,66,999,0,0,0,1,0,4,2014,4,2014,0,0,0,0,0,1,2,35,1,2,2,1,0,0,1,80,1,1,1,13,0,0
37,370480,1,1,1,21,6,4,14,30,0,1,0,34,2,19,3,19003,4,2001,1G6KD54Y21U2,1,G,6,K,D,5,4,Y,2,1,U,2,0,0,0,000000000,00000000000,0,0,0,1,0,0,0,0,0,0,0,85,0,1,5,10,6,2,1,0,0,0,1,37,28586,6,1,6,0,3,1,71,999,0,0,0,0,0,0,0,0,0,3,36,0,0,0,1,2,55,1,1,2,1,0,0,1,10,1,1,4,6,1,1
37,370481,1,1,1,23,6,22,14,34,0,1,0,37,2,20,481,20481,31,2002,2GCEC19T5211,2,G,C,E,C,1,9,T,5,2,1,1,0,0,0,000000000,00000000000,0,0,0,1,0,0,0,0,0,0,0,70,0,1,5,11,6,2,1,0,0,0,1,37,28523,6,1,0,0,3,3,69,999,2,0,0,1,0,7,2011,4,2013,3,36,0,0,0,1,2,55,3,1,2,1,0,0,14,10,1,1,4,1,1,1
37,370482,1,1,1,22,6,4,25,8,0,1,0,37,1,20,2,20002,4,2007,2G1WB58K2792,2,G,1,W,B,5,8,K,2,7,9,2,0,0,0,000000000,00000000000,0,0,0,1,0,0,0,0,0,0,0,45,0,0,0,12,4,5,8,0,0,0,1,37,28348,6,1,0,0,3,0,60,999,0,0,0,0,0,0,0,0,0,0,0,0,0,0,1,2,45,1,1,2,1,0,0,1,80,1,1,1,13,0,0
37,370483,1,2,2,20,6,16,20,12,6,1,0,37,1,12,481,12481,31,2000,2FTZX1725YCA,2,F,T,Z,X,1,7,2,5,Y,C,A,0,0,0,000000000,00000000000,0,0,0,1,0,0,0,0,0,0,0,60,0,1,5,3,6,2,12,0,0,0,1,37,27530,6,1,0,0,3,3,71,999,0,0,0,0,0,0,0,0,0,0,38,0,0,0,2,4,60,1,1,2,1,4,3,11,15,1,1,1,68,2,0
37,370483,2,2,1,20,6,16,20,12,6,1,0,17,3,87,884,87884,66,2013,1XPHD49X2DD2,1,X,P,H,D,4,9,X,2,D,D,2,1,1,57,156881,57156881,3,6,1,1,0,0,0,0,0,0,0,40,0,0,0,12,6,2,12,0,0,0,1,32,89523,6,1,6,0,3,3,65,240,0,0,0,0,0,0,0,0,0,0,0,0,0,0,2,4,60,1,1,2,1,4,3,1,54,1,1,1,69,0,0
37,370484,1,2,3,20,6,22,5,12,6,1,0,37,1,20,471,20471,30,1993,1GCCS19ZXP01,1,G,C,C,S,1,9,Z,X,P,0,1,0,0,0,000000000,00000000000,0,0,0,1,0,0,0,0,0,0,0,55,0,0,0,2,6,2,12,0,0,0,1,37,27525,6,1,0,0,3,3,63,999,0,0,0,0,0,0,0,0,0,0,38,0,0,0,1,2,55,1,3,2,1,0,0,11,15,1,1,1,68,0,0
37,370484,2,2,1,20,6,22,5,12,6,1,0,37,1,72,706,72706,80,2007,1HD1BV5197Y0,1,H,D,1,B,V,5,1,9,7,Y,0,0,0,0,000000000,00000000000,0,0,0,1,0,0,0,0,0,0,0,55,0,0,0,12,6,2,12,0,0,0,1,37,27596,6,1,6,1,3,0,69,999,0,0,0,0,0,0,0,0,0,0,0,0,0,0,1,2,55,1,3,2,1,0,0,1,54,1,1,1,69,1,0
37,370485,1,2,2,21,6,13,52,12,2,1,0,37,1,72,706,72706,80,1996,1HD1BML13TY0,1,H,D,1,B,M,L,1,3,T,Y,0,0,0,0,000000000,00000000000,0,0,0,1,0,0,0,0,0,0,0,55,0,0,0,12,6,2,12,0,0,0,1,37,27507,6,1,6,1,3,0,66,999,0,0,0,0,0,0,0,0,0,0,0,0,0,0,1,2,55,1,1,2,1,0,0,1,62,1,1,1,83,1,0
37,370485,2,2,1,21,6,13,52,12,2,1,0,37,1,37,32,37032,4,1996,1HGCD5633TA2,1,H,G,C,D,5,6,3,3,T,A,2,0,0,0,000000000,00000000000,0,0,0,1,0,0,0,0,0,0,0,55,0,0,0,12,6,2,12,0,0,0,1,37,27572,6,1,0,0,3,3,64,999,0,0,0,0,0,0,0,0,0,0,38,0,0,0,1,2,55,1,1,2,1,0,0,11,15,1,1,1,82,0,0
37,370486,1,1,2,11,6,21,46,42,0,1,0,37,2,37,32,37032,4,2000,1HGCG1656YA0,1,H,G,C,G,1,6,5,6,Y,A,0,0,0,0,000000000,00000000000,0,0,0,1,0,0,0,0,0,0,0,50,0,0,0,2,6,2,42,0,0,0,1,37,27249,1,1,0,0,2,0,69,999,0,2,0,0,1,10,2011,4,2014,3,36,0,0,0,1,2,45,3,1,2,2,0,0,14,13,1,1,4,1,1,1
37,370487,1,1,1,20,6,10,44,9,0,1,0,51,3,98,806,98806,62,2007,5PVNE8JV372S,5,P,V,N,E,8,J,V,3,7,2,S,0,0,88,888888888,88888888888,2,1,98,1,0,0,0,0,0,0,0,30,0,0,0,12,2,5,9,0,0,0,1,51,22902,6,1,0,0,3,0,69,235,0,0,0,0,0,0,0,0,0,0,0,0,0,0,1,3,35,1,2,2,1,0,0,1,80,1,1,1,13,0,0
37,370488,1,3,2,22,6,16,51,12,6,1,0,37,1,35,43,35043,4,2006,3N1CB51DX6L5,3,N,1,C,B,5,1,D,X,6,L,5,0,0,0,000000000,00000000000,0,0,0,1,0,0,0,0,0,0,0,5,0,0,0,9,6,2,12,0,0,0,1,37,28139,6,1,0,0,3,3,59,999,0,0,0,0,0,0,0,0,0,0,38,48,0,0,1,4,40,1,1,2,1,0,0,11,15,1,1,1,82,1,0
37,370488,2,3,1,22,6,16,51,12,6,1,0,37,3,84,881,84881,66,2000,1HSSDAAN2YH2,1,H,S,S,D,A,A,N,2,Y,H,2,1,1,57,2464080,572464080,3,6,1,1,0,0,0,0,0,0,0,45,0,0,0,12,6,2,12,0,0,0,1,37,28730,6,1,6,0,3,0,73,999,0,0,0,0,0,0,0,0,0,0,0,0,0,0,1,4,40,3,1,2,1,0,0,14,72,3,1,1,83,0,0
37,370488,3,3,2,22,6,16,51,12,6,1,0,37,1,12,25,12025,6,2010,2FMHK6CC0ABA,2,F,M,H,K,6,C,C,0,A,B,A,0,0,0,000000000,00000000000,0,0,0,1,0,0,0,0,0,0,0,40,0,1,1,9,6,2,12,0,0,0,1,37,28791,6,1,0,0,3,0,72,999,0,0,0,0,0,0,0,0,0,0,0,0,0,0,1,4,40,2,1,2,1,0,0,14,72,1,1,1,98,0,0
37,370489,1,1,1,24,6,22,4,59,0,1,0,37,2,35,402,35402,14,2001,5N1ED28Y61C5,5,N,1,E,D,2,8,Y,6,1,C,5,0,0,0,000000000,00000000000,0,0,0,1,0,0,0,0,0,0,0,90,0,0,0,12,6,2,19,0,0,0,1,37,28739,0,0,0,0,0,0,999,999,0,0,0,0,0,0,0,0,0,3,36,0,0,0,1,5,45,3,1,2,2,0,0,14,13,1,1,4,1,1,0
37,370490,1,1,2,29,6,6,40,24,0,1,1,37,2,49,40,49040,4,1992,JT2SK11E1N00,J,T,2,S,K,1,1,E,1,N,0,0,0,0,0,000000000,00000000000,0,0,0,1,0,0,0,0,0,0,0,80,0,0,0,3,6,2,24,0,0,0,1,55,53225,6,1,0,0,3,0,71,196,0,0,0,1,1,10,2012,10,2013,3,36,0,0,0,3,4,65,1,1,2,2,0,0,1,13,1,1,4,6,1,1
37,370491,1,2,1,24,6,5,18,8,0,1,0,37,1,7,29,7029,4,2013,1C3CDFBA1DD2,1,C,3,C,D,F,B,A,1,D,D,2,0,0,0,000000000,00000000000,0,0,0,1,0,0,0,0,0,0,0,55,3,0,0,12,6,2,8,0,0,0,1,37,28334,6,1,0,0,3,0,72,999,0,1,0,0,0,9,2013,9,2013,4,0,0,0,0,1,2,55,1,1,2,1,0,0,1,80,1,1,1,13,0,0
37,370491,2,2,0,24,6,5,18,8,0,1,0,37,6,12,481,12481,31,1990,1FDNK64P4LVA,1,F,D,N,K,6,4,P,4,L,V,A,0,0,0,000000000,00000000000,0,0,0,1,0,0,0,0,0,0,0,0,0,0,0,6,6,2,12,0,0,0,0,0,99997,7,6,97,7,6,7,998,997,998,998,998,998,998,98,9998,98,9998,8,0,0,0,0,1,2,55,1,1,2,1,0,0,0,53,0,0,0,98,0,0
37,370493,1,4,1,14,6,10,37,12,6,1,0,37,1,34,401,34401,14,2011,5UXZV4C54BL4,5,U,X,Z,V,4,C,5,4,B,L,4,0,0,0,000000000,00000000000,0,0,0,1,0,0,0,0,0,0,0,998,0,0,0,12,6,2,12,0,0,0,1,37,28210,6,1,0,0,3,0,64,999,0,0,0,0,0,0,0,0,0,0,38,0,0,0,1,5,35,1,1,2,1,2,3,11,15,1,1,1,68,0,0
37,370493,2,4,1,14,6,10,37,12,6,1,0,37,1,72,706,72706,80,2010,1HD1KB419AB6,1,H,D,1,K,B,4,1,9,A,B,6,0,0,0,000000000,00000000000,0,0,0,1,0,0,0,0,0,0,0,998,0,0,0,61,6,2,12,0,0,0,1,37,28212,6,1,0,0,3,3,72,999,0,0,0,0,1,7,2012,7,2012,0,0,0,0,0,1,5,35,1,1,2,1,0,0,1,62,1,1,1,69,1,0
37,370493,3,4,1,14,6,10,37,12,6,1,0,37,1,12,481,12481,31,2011,1FTFW1ET2BKD,1,F,T,F,W,1,E,T,2,B,K,D,0,0,0,000000000,00000000000,0,0,0,1,0,0,0,0,0,0,0,998,0,0,0,12,4,5,12,0,0,0,1,37,28227,6,1,0,0,3,0,75,999,0,0,0,0,1,9,2013,9,2013,0,0,0,0,0,2,5,45,1,1,2,1,2,3,13,50,1,1,1,98,0,0
37,370493,4,4,1,14,6,10,37,12,6,1,0,37,1,2,403,2403,14,2013,1C4AJWAGXDL6,1,C,4,A,J,W,A,G,X,D,L,6,0,0,0,000000000,00000000000,0,0,0,1,0,0,0,0,0,0,0,0,0,0,0,12,2,5,12,0,0,0,1,37,28202,6,1,0,0,3,3,66,999,1,0,0,1,0,2,2014,4,2014,0,0,0,0,0,2,5,45,1,1,2,1,2,3,5,56,1,1,1,98,0,0
37,370494,1,1,1,22,6,23,45,9,0,1,1,37,1,2,404,2404,14,1996,1J4FT78S6TL1,1,J,4,F,T,7,8,S,6,T,L,1,0,0,0,000000000,00000000000,0,0,0,1,0,0,0,0,0,0,0,45,0,0,0,12,2,3,9,0,0,0,1,36,28012,1,1,0,0,2,0,73,999,0,0,0,0,0,0,0,0,0,0,0,0,0,0,3,2,45,1,1,2,1,0,0,1,83,1,1,1,13,0,1