STATE,ST_CASE,VEH_NO,VE_FORMS,NUMOCCS,DAY,MONTH,HOUR,MINUTE,HARM_EV,MAN_COLL,UNITTYPE,HIT_RUN,REG_STAT,OWNER,MAKE,MODEL,MAK_MOD,BODY_TYP,MOD_YEAR,VIN,VIN_1,VIN_2,VIN_3,VIN_4,VIN_5,VIN_6,VIN_7,VIN_8,VIN_9,VIN_10,VIN_11,VIN_12,TOW_VEH,J_KNIFE,MCARR_I1,MCARR_I2,MCARR_ID,GVWR,V_CONFIG,CARGO_BT,HAZ_INV,HAZ_PLAC,HAZ_ID,HAZ_CNO,HAZ_REL,BUS_USE,SPEC_USE,EMER_USE,TRAV_SP,UNDERIDE,ROLLOVER,ROLINLOC,IMPACT1,DEFORMED,TOWED,M_HARM,VEH_SC1,VEH_SC2,FIRE_EXP,DR_PRES,L_STATE,DR_ZIP,L_STATUS,L_TYPE,CDL_STAT,L_ENDORS,L_COMPL,L_RESTRI,DR_HGT,DR_WGT,PREV_ACC,PREV_SUS,PREV_DWI,PREV_SPD,PREV_OTH,FIRST_MO,FIRST_YR,LAST_MO,LAST_YR,SPEEDREL,DR_SF1,DR_SF2,DR_SF3,DR_SF4,VTRAFWAY,VNUM_LAN,VSPD_LIM,VALIGN,VPROFILE,VPAVETYP,VSURCOND,VTRAFCON,VTCONT_F,P_CRASH1,P_CRASH2,P_CRASH3,PCRASH4,PCRASH5,ACC_TYPE,DEATHS,DR_DRINK
37,370542,1,1,1,12,7,5,0,42,0,1,0,37,1,12,481,12481,31,1993,1FTDF15N0PLA,1,F,T,D,F,1,5,N,0,P,L,A,0,0,0,000000000,00000000000,0,0,0,1,0,0,0,0,0,0,0,75,0,0,0,9,6,2,42,0,0,0,1,37,27525,6,1,6,0,3,0,69,999,1,3,0,1,3,10,2012,6,2014,3,28,36,58,0,1,2,55,3,2,2,1,0,0,14,13,1,1,4,1,1,0
37,370543,1,2,1,17,7,21,45,12,6,1,0,37,2,22,5,22005,2,1988,1G2PE1198JP2,1,G,2,P,E,1,1,9,8,J,P,2,0,0,0,000000000,00000000000,0,0,0,1,0,0,0,0,0,0,0,70,0,0,0,9,6,2,12,0,0,0,1,37,28759,1,1,0,0,2,0,65,999,0,0,0,0,0,0,0,0,0,3,28,36,0,0,1,2,35,2,1,2,1,0,0,14,10,1,1,2,66,1,1
37,370543,2,2,1,17,7,21,45,12,6,1,0,37,1,42,401,42401,14,1998,4JGAB54EXWA0,4,J,G,A,B,5,4,E,X,W,A,0,0,0,0,000000000,00000000000,0,0,0,1,0,0,0,0,0,0,0,35,0,0,0,11,6,2,12,0,0,0,1,37,28739,6,1,0,0,3,0,69,999,1,0,0,0,0,11,2012,11,2012,0,0,0,0,0,1,2,35,3,1,2,1,0,0,14,62,1,1,1,66,0,0
37,370544,1,1,2,7,7,8,39,1,0,1,0,37,2,12,401,12401,14,1996,1FMDU32X5TUB,1,F,M,D,U,3,2,X,5,T,U,B,0,0,0,000000000,00000000000,0,0,0,1,0,0,0,0,0,0,0,70,0,2,3,0,6,2,1,0,0,0,1,37,28333,1,1,0,0,2,0,68,999,1,2,0,0,5,9,2012,6,2014,0,58,0,0,0,3,4,70,1,1,2,1,0,0,1,13,1,1,4,98,1,0
37,370545,1,2,2,10,7,10,30,12,2,1,0,47,1,12,399,12399,9,1979,U15SLEA1375,U,1,5,S,L,E,A,1,3,7,5,,0,0,0,000000000,00000000000,0,0,0,1,0,0,0,0,0,0,0,45,0,0,0,12,6,2,12,0,0,0,1,47,37801,6,1,0,0,3,3,73,210,0,0,0,1,0,8,2012,8,2012,0,0,0,0,0,1,2,45,3,1,2,2,0,0,14,62,1,1,1,51,0,0
37,370545,2,2,3,10,7,10,30,12,2,1,0,37,1,20,22,20022,2,2007,1G1AK15F5772,1,G,1,A,K,1,5,F,5,7,7,2,0,0,0,000000000,00000000000,0,0,0,1,0,0,0,0,0,0,0,45,0,0,0,12,6,2,12,0,0,0,1,37,28457,6,1,0,0,3,0,60,999,1,0,0,0,0,7,2012,7,2012,0,28,0,0,0,1,2,45,2,1,2,2,0,0,14,10,1,1,2,50,1,0
37,370546,1,1,1,2,7,19,54,38,0,1,0,37,1,37,706,37706,80,2008,JH2SC59038M0,J,H,2,S,C,5,9,0,3,8,M,0,0,0,0,000000000,00000000000,0,0,0,1,0,0,0,0,0,0,0,45,0,0,0,12,6,2,43,0,0,0,1,37,28542,6,1,0,0,3,0,68,999,0,0,0,1,0,3,2014,3,2014,3,36,0,0,0,0,0,0,0,0,0,0,0,0,1,6,1,9,4,14,1,0
37,370547,1,2,1,8,7,15,44,12,1,1,0,37,1,20,431,20431,16,2000,3GNGK26U6YG2,3,G,N,G,K,2,6,U,6,Y,G,2,0,0,0,000000000,00000000000,0,0,0,1,0,0,0,0,0,0,0,55,0,0,0,12,6,2,12,0,0,0,1,37,28443,6,1,0,0,3,0,66,999,0,0,0,0,0,0,0,0,0,4,36,0,0,0,3,4,55,1,1,2,1,0,0,1,52,1,1,1,24,0,0
37,370547,2,2,1,8,7,15,44,12,1,1,0,37,2,23,401,23401,14,2004,1GKET12P5461,1,G,K,E,T,1,2,P,5,4,6,1,0,0,0,000000000,00000000000,0,0,0,1,0,0,0,0,0,0,0,55,0,1,5,6,6,2,1,0,0,0,1,37,28411,6,1,0,0,3,0,60,999,0,0,0,0,0,0,0,0,0,0,0,0,0,0,3,4,55,1,1,2,1,0,0,10,18,1,1,1,25,1,0
37,370548,1,1,2,3,7,16,7,42,0,1,0,37,1,12,3,12003,2,2003,1FAFP42X83F4,1,F,A,F,P,4,2,X,8,3,F,4,0,0,0,000000000,00000000000,0,0,0,1,0,0,0,0,0,0,0,65,0,1,5,6,6,2,1,0,0,0,1,37,28434,6,1,0,0,3,3,73,999,0,0,0,1,1,12,2012,2,2014,4,36,0,0,0,1,2,55,1,1,2,2,0,0,1,6,1,1,4,1,1,0
37,370549,1,2,1,18,7,17,47,12,6,1,0,37,1,72,706,72706,80,2006,1HD1GX1176K3,1,H,D,1,G,X,1,1,7,6,K,3,0,0,0,000000000,00000000000,0,0,0,1,0,0,0,0,0,0,0,45,0,0,0,3,6,2,12,0,0,0,1,37,27610,6,1,0,0,3,0,71,999,2,0,0,0,0,8,2011,3,2013,0,39,0,0,0,2,4,45,1,1,2,1,3,3,6,17,1,1,2,87,1,1
37,370549,2,2,1,18,7,17,47,12,6,1,0,37,1,12,481,12481,31,2010,1FTSW2BY0AEA,1,F,T,S,W,2,B,Y,0,A,E,A,0,0,0,000000000,00000000000,0,0,0,1,0,0,0,0,0,0,0,40,0,1,5,12,6,2,1,0,0,0,1,37,27591,6,1,0,0,3,0,71,999,0,0,0,0,0,0,0,0,0,0,0,0,0,0,2,4,45,1,1,2,1,3,3,1,17,1,1,1,86,0,0
37,370550,1,1,1,14,7,0,31,53,0,1,0,37,2,13,421,13421,15,1999,5LMRU27A5XLJ,5,L,M,R,U,2,7,A,5,X,L,J,0,0,0,000000000,00000000000,0,0,0,1,0,0,0,0,0,0,0,80,0,0,0,12,6,2,42,0,0,0,1,37,28091,1,1,0,0,2,0,67,999,0,4,1,0,4,8,2011,7,2013,3,36,0,0,0,1,2,55,3,1,2,1,0,0,14,11,1,1,4,1,1,1
37,370551,1,1,1,14,7,16,8,34,0,1,0,37,1,20,401,20401,14,1999,1GNDT13W0X21,1,G,N,D,T,1,3,W,0,X,2,1,0,0,0,000000000,00000000000,0,0,0,1,0,0,0,0,0,0,0,55,0,0,0,12,6,2,42,0,0,0,1,37,28399,4,1,0,0,2,0,66,999,0,0,0,0,0,0,0,0,0,0,58,0,0,0,1,2,55,3,1,2,1,0,0,14,10,1,1,4,6,1,0
37,370552,1,3,1,17,7,12,30,12,6,1,0,37,2,20,404,20404,14,2005,2CNDL13F0561,2,C,N,D,L,1,3,F,0,5,6,1,0,0,0,000000000,00000000000,0,0,0,1,0,0,0,0,0,0,0,45,0,0,0,3,6,2,12,0,0,0,1,37,28399,6,1,0,0,3,0,76,999,0,1,0,1,1,12,2013,5,2014,0,39,0,0,0,1,2,55,1,1,2,1,20,3,1,17,1,1,1,87,0,0
37,370552,2,3,1,17,7,12,30,12,6,1,0,37,1,72,706,72706,80,2006,1HD4CMM116K4,1,H,D,4,C,M,M,1,1,6,K,4,0,0,0,000000000,00000000000,0,0,0,1,0,0,0,0,0,0,0,55,0,0,0,12,6,2,12,0,0,0,1,37,28312,6,1,0,0,3,0,67,999,0,0,0,0,0,0,0,0,0,0,0,0,0,0,1,2,55,1,1,2,1,0,0,1,54,1,1,1,86,1,0
37,370552,3,3,1,17,7,12,30,12,6,1,0,37,1,72,706,72706,80,2000,1HD1GHV1XYY3,1,H,D,1,G,H,V,1,X,Y,Y,3,0,0,0,000000000,00000000000,0,0,0,1,0,0,0,0,0,0,0,55,0,0,0,12,6,2,12,0,0,0,1,37,28311,6,1,0,0,3,0,62,999,0,0,0,0,0,0,0,0,0,0,0,0,0,0,1,2,55,1,1,2,1,0,0,1,54,1,1,1,98,1,0
37,370553,1,2,3,16,7,17,33,12,2,1,0,37,1,63,33,63033,4,2007,KNAFE1219754,K,N,A,F,E,1,2,1,9,7,5,4,0,0,0,000000000,00000000000,0,0,0,1,0,0,0,0,0,0,0,90,0,1,5,12,6,2,12,0,0,0,1,37,28645,6,1,0,0,3,3,70,999,0,0,0,0,0,0,0,0,0,3,36,0,0,0,1,4,50,1,1,2,1,0,0,1,10,1,1,2,50,3,1
37,370553,2,2,2,16,7,17,33,12,2,1,0,37,1,59,32,59032,4,2004,JTHBN36F6401,J,T,H,B,N,3,6,F,6,4,0,1,0,0,0,000000000,00000000000,0,0,0,1,0,0,0,0,0,0,0,45,0,0,0,12,6,2,12,0,0,0,1,37,27284,6,1,0,0,3,0,66,999,0,0,0,0,0,0,0,0,0,0,0,0,0,0,1,4,50,1,1,2,1,0,0,1,62,1,1,1,51,0,0
37,370554,1,1,2,21,7,9,27,35,0,1,0,45,1,20,481,20481,31,2013,1GC1KXC83DF1,1,G,C,1,K,X,C,8,3,D,F,1,0,0,0,000000000,00000000000,0,0,0,1,0,0,0,0,0,0,0,65,0,1,5,12,6,2,1,0,0,0,1,45,29356,6,1,0,0,3,0,71,175,1,0,0,3,1,9,2012,5,2014,0,0,0,0,0,3,4,65,1,1,2,6,0,0,1,13,1,1,4,1,1,0
37,370555,1,1,1,15,7,22,47,8,0,1,0,37,2,37,31,37031,4,2001,1HGES15531L0,1,H,G,E,S,1,5,5,3,1,L,0,0,0,0,000000000,00000000000,0,0,0,1,0,0,0,0,0,0,0,45,0,0,0,12,6,2,8,0,0,0,1,37,27713,6,1,0,0,3,1,66,999,0,0,0,0,0,0,0,0,0,0,0,0,0,0,1,2,45,1,1,2,2,0,0,1,80,1,1,1,13,0,0
37,370556,1,1,1,21,7,23,56,24,0,1,0,37,3,53,705,53705,80,2007,JS1GN7DA9721,J,S,1,G,N,7,D,A,9,7,2,1,0,0,0,000000000,00000000000,0,0,0,1,0,0,0,0,0,0,0,70,0,0,0,3,6,2,24,0,0,0,1,37,27260,1,1,0,0,2,0,73,999,0,4,0,0,6,8,2012,2,2014,3,36,0,0,0,1,5,45,3,1,2,1,0,0,14,13,1,1,4,1,1,1
37,370557,1,1,4,5,7,18,50,53,0,1,0,37,1,12,481,12481,31,2001,3FTRF17W31MA,3,F,T,R,F,1,7,W,3,1,M,A,0,0,0,000000000,00000000000,0,0,0,1,0,0,0,0,0,0,0,60,0,1,5,12,6,2,1,0,0,0,1,37,28625,6,1,0,0,3,0,70,999,0,0,0,0,0,0,0,0,0,0,36,0,0,0,1,2,55,2,3,2,1,0,0,14,12,1,1,4,6,1,1
37,370558,1,1,1,7,7,18,11,42,0,1,0,37,1,30,46,30046,4,2003,WVWMD63B53P0,W,V,W,M,D,6,3,B,5,3,P,0,0,0,0,000000000,00000000000,0,0,0,1,0,0,0,0,0,0,0,90,0,1,5,9,6,2,1,0,0,0,1,45,29154,6,1,0,0,3,0,61,105,1,0,0,0,1,2,2012,2,2012,0,58,36,0,0,2,2,70,1,1,2,1,0,0,1,13,1,1,4,1,1,0
37,370559,1,1,1,22,7,21,5,35,0,1,0,37,1,14,6,14006,4,2001,2MEFM74W81X6,2,M,E,F,M,7,4,W,8,1,X,6,0,0,0,000000000,00000000000,0,0,0,1,0,0,0,0,0,0,0,55,0,1,5,12,6,2,35,0,0,0,1,12,34476,6,1,0,0,3,3,64,999,0,0,0,0,0,0,0,0,0,0,0,0,0,0,3,2,55,1,2,2,1,0,0,1,13,1,1,4,1,1,0
37,370560,1,1,2,22,7,1,35,42,0,1,0,37,2,34,36,34036,1,2007,WBSEK93587CS,W,B,S,E,K,9,3,5,8,7,C,S,0,0,0,000000000,00000000000,0,0,0,1,0,0,0,0,0,0,0,998,0,0,0,1,6,2,42,0,0,0,1,37,28278,1,1,0,0,2,0,65,999,0,1,0,0,0,2,2014,2,2014,3,36,0,0,0,1,2,45,2,4,2,1,0,0,14,9,1,1,4,1,1,1
37,370561,1,2,3,21,7,12,17,12,6,1,0,37,2,12,16,12016,4,2001,2FAFP71W31X1,2,F,A,F,P,7,1,W,3,1,X,1,0,0,0,000000000,00000000000,0,0,0,1,0,0,0,0,0,0,0,10,0,0,0,9,6,2,12,0,0,0,1,37,27807,6,1,3,0,2,0,64,999,0,0,0,0,0,0,0,0,0,0,38,0,0,0,1,3,55,1,2,2,2,0,0,12,15,1,1,1,98,1,0
37,370561,2,2,1,21,7,12,17,12,6,1,0,37,3,84,881,84881,66,2004,3HSCNASR04N0,3,H,S,C,N,A,S,R,0,4,N,0,1,1,57,1108391,571108391,3,6,3,1,0,0,0,0,0,0,0,50,0,0,0,12,6,2,12,0,0,0,1,37,27886,6,1,6,0,3,0,77,999,0,0,0,0,0,0,0,0,0,0,0,0,0,0,1,3,55,1,2,2,2,0,0,1,61,1,1,1,98,0,0
37,370562,1,2,4,13,7,10,5,12,6,1,0,37,1,49,47,49047,6,2010,2T1KU4EE1AC5,2,T,1,K,U,4,E,E,1,A,C,5,0,0,0,000000000,00000000000,0,0,0,1,0,0,0,0,0,0,0,20,7,0,0,12,6,2,12,0,0,0,1,37,28409,6,1,0,0,3,0,70,999,1,0,0,1,0,6,2013,5,2014,0,0,0,0,0,1,2,25,3,2,2,1,0,0,14,62,1,1,1,65,0,0
37,370562,2,2,1,13,7,10,5,12,6,1,0,45,2,71,706,71706,80,2010,ZDM1XBLW9AB0,Z,D,M,1,X,B,L,W,9,A,B,0,0,0,0,000000000,00000000000,0,0,0,1,0,0,0,0,0,0,0,50,0,0,0,81,6,2,12,0,0,0,1,45,29385,6,1,0,0,3,0,71,160,0,0,0,0,0,0,0,0,0,3,28,0,0,0,1,2,25,2,2,2,1,0,0,14,10,3,2,2,64,1,0
37,370563,1,1,2,21,7,2,10,24,0,1,0,37,2,20,481,20481,31,2004,2GCEC19V4411,2,G,C,E,C,1,9,V,4,4,1,1,0,0,0,000000000,00000000000,0,0,0,1,0,0,0,0,0,0,0,98,0,0,0,1,6,2,42,0,0,0,1,37,27604,0,0,0,0,0,0,999,999,0,0,0,0,0,0,0,0,0,3,36,0,0,0,1,2,45,3,2,2,1,0,0,14,13,1,1,4,1,1,1
37,370564,1,1,2,22,7,21,5,8,0,1,0,37,2,41,471,41471,30,1994,4F4CR16X8RTM,4,F,4,C,R,1,6,X,8,R,T,M,0,0,0,000000000,00000000000,0,0,0,1,0,0,0,0,0,0,0,45,0,0,0,12,2,5,8,0,0,0,1,37,27526,6,1,0,0,3,0,62,999,0,0,0,0,0,0,0,0,0,0,0,0,0,0,2,3,45,1,2,2,1,0,0,1,80,1,1,1,13,0,0
37,370565,1,1,1,26,7,2,36,42,0,1,0,37,1,37,32,37032,4,1997,1HGCD5688VA1,1,H,G,C,D,5,6,8,8,V,A,1,0,0,0,000000000,00000000000,0,0,0,1,0,0,0,0,0,0,0,55,0,1,5,12,6,2,1,0,0,0,1,37,28052,6,1,0,0,3,0,67,999,0,0,0,0,0,0,0,0,0,3,36,0,0,0,1,2,35,1,2,2,1,0,0,1,9,1,1,4,6,1,1
37,370566,1,1,1,20,7,1,13,32,0,1,0,37,2,37,32,37032,2,1993,1HGCB7270PA0,1,H,G,C,B,7,2,7,0,P,A,0,0,0,0,000000000,00000000000,0,0,0,1,0,0,0,0,0,0,0,70,0,1,5,2,6,2,32,0,0,1,1,37,27850,0,0,0,0,0,0,999,999,0,0,0,0,0,0,0,0,0,0,28,0,0,0,1,2,55,1,2,2,1,0,0,1,10,1,1,4,6,1,1
37,370567,1,2,1,26,7,10,59,12,6,1,0,37,2,12,442,12442,20,1996,2FMDA5147TBA,2,F,M,D,A,5,1,4,7,T,B,A,0,0,0,000000000,00000000000,0,0,0,1,0,0,0,0,0,0,0,30,0,1,5,3,6,2,12,0,0,0,1,37,28660,6,1,0,0,3,3,63,999,0,0,0,0,0,0,0,0,0,0,38,39,0,0,1,2,55,1,1,2,1,20,3,1,17,1,1,1,87,1,0
37,370567,2,2,2,26,7,10,59,12,6,1,0,37,4,7,482,7482,31,2014,3C6TR4DT1EG2,3,C,6,T,R,4,D,T,1,E,G,2,0,0,0,000000000,00000000000,0,0,0,1,0,0,0,0,0,0,0,55,0,1,5,12,6,2,1,0,0,0,1,37,27028,6,1,0,0,3,0,73,999,2,4,0,2,8,11,2011,5,2014,0,0,0,0,0,1,2,55,1,1,2,1,0,0,1,54,1,1,1,86,0,0
37,370569,1,1,2,13,7,6,20,34,0,1,0,37,2,55,36,55036,4,2011,KMHCN4AC7BU6,K,M,H,C,N,4,A,C,7,B,U,6,0,0,0,000000000,00000000000,0,0,0,1,0,0,0,0,0,0,0,55,0,1,5,12,6,2,1,0,0,0,1,37,28546,6,1,0,0,3,0,65,999,1,0,0,0,0,6,2012,6,2012,4,36,0,0,0,2,2,55,1,1,2,1,0,0,1,13,1,1,4,1,1,0
37,370570,1,3,0,10,7,22,44,12,1,1,0,37,6,23,481,23481,31,1994,1GTEK14K4RZ5,1,G,T,E,K,1,4,K,4,R,Z,5,0,0,0,000000000,00000000000,0,0,0,1,0,0,0,0,0,0,0,0,0,0,0,12,6,2,12,0,0,1,0,0,99997,7,6,97,7,6,7,998,997,998,998,998,998,998,98,9998,98,9998,8,0,0,0,0,3,2,70,1,4,2,2,0,0,0,98,0,0,0,98,0,0
37,370570,2,3,0,10,7,22,44,12,1,1,0,37,6,12,461,12461,21,1991,1FBJS31H2MHA,1,F,B,J,S,3,1,H,2,M,H,A,0,0,0,000000000,00000000000,0,0,0,1,0,0,0,0,0,0,0,0,0,0,0,6,6,2,12,0,0,0,0,0,99997,7,6,97,7,6,7,998,997,998,998,998,998,998,98,9998,98,9998,8,0,0,0,0,3,2,70,1,4,2,2,0,0,0,98,0,0,0,98,0,0
37,370570,3,3,1,10,7,22,44,12,1,1,0,37,2,19,3,19003,4,2005,1G6KD54Y45U1,1,G,6,K,D,5,4,Y,4,5,U,1,0,0,0,000000000,00000000000,0,0,0,1,0,0,0,0,0,0,0,65,0,0,0,12,6,2,12,0,0,1,1,37,28428,6,1,0,0,3,3,71,999,0,0,0,0,0,0,0,0,0,0,0,0,0,0,3,2,70,1,4,2,2,0,0,1,50,1,1,1,98,0,0
37,370571,1,1,1,28,7,7,15,8,0,1,0,37,1,55,401,55401,14,2014,5XYZU3LB1EG1,5,X,Y,Z,U,3,L,B,1,E,G,1,0,0,0,000000000,00000000000,0,0,0,1,0,0,0,0,0,0,0,55,0,0,0,1,4,5,8,0,0,0,1,37,27527,6,1,0,0,3,3,78,999,0,0,0,0,0,0,0,0,0,0,0,0,0,0,2,2,55,1,1,2,1,0,0,1,80,1,1,1,13,0,0
37,370572,1,1,1,28,7,11,15,8,0,1,0,37,1,12,3,12003,2,2005,1ZVFT80N5551,1,Z,V,F,T,8,0,N,5,5,5,1,0,0,0,000000000,00000000000,0,0,0,1,0,0,0,0,0,0,0,34,0,0,0,1,4,5,8,0,0,0,1,37,27529,6,1,0,0,3,0,63,999,2,2,0,1,4,10,2011,1,2014,0,0,0,0,0,1,2,45,1,1,2,1,0,0,1,80,1,1,1,13,0,0
37,370573,1,1,1,14,7,14,33,1,0,1,0,37,1,37,706,37706,80,2005,JH2RC50045M1,J,H,2,R,C,5,0,0,4,5,M,1,0,0,0,000000000,00000000000,0,0,0,1,0,0,0,0,0,0,0,20,0,0,0,0,4,5,42,0,0,0,1,37,28714,6,1,0,0,2,0,67,999,0,0,0,0,0,0,0,0,0,4,0,0,0,0,1,2,55,3,2,2,1,0,0,14,13,1,1,4,1,1,0
37,370574,1,3,2,16,6,12,11,12,6,1,0,37,1,24,10,24010,6,2007,5GZER33757J1,5,G,Z,E,R,3,3,7,5,7,J,1,0,0,0,000000000,00000000000,0,0,0,1,0,0,0,0,0,0,0,40,0,0,0,12,6,2,12,0,0,0,1,37,28106,6,1,0,0,3,0,69,999,0,0,0,0,0,0,0,0,0,0,0,0,0,0,1,3,45,1,2,2,1,3,3,1,17,1,1,1,88,0,0
37,370574,2,3,1,16,6,12,11,12,6,1,0,37,1,35,471,35471,30,1997,1N6SD11S2VC4,1,N,6,S,D,1,1,S,2,V,C,4,0,0,0,000000000,00000000000,0,0,0,1,0,0,0,0,0,0,0,5,0,1,1,9,6,2,12,0,0,0,1,37,27344,6,1,0,0,3,3,65,999,0,0,0,0,0,0,0,0,0,0,39,0,0,0,1,2,35,1,1,2,1,3,3,1,17,1,1,1,89,1,0
37,370574,3,3,1,16,6,12,11,12,6,1,0,37,1,20,2,20002,4,2004,2G1WF52E7494,2,G,1,W,F,5,2,E,7,4,9,4,0,0,0,000000000,00000000000,0,0,0,1,0,0,0,0,0,0,0,40,0,0,0,0,2,5,7,0,0,0,1,37,27355,6,1,0,0,3,0,69,999,0,0,0,0,0,0,0,0,0,0,0,0,0,0,1,2,45,1,2,2,1,3,3,1,90,1,1,1,98,0,0
37,370575,1,2,1,25,6,10,34,12,2,1,0,37,1,55,33,55033,4,2011,5NPEC4AC7BH1,5,N,P,E,C,4,A,C,7,B,H,1,0,0,0,000000000,00000000000,0,0,0,1,0,0,0,0,0,0,0,35,0,0,0,12,6,2,12,0,0,0,1,37,27410,6,1,0,0,3,0,73,999,0,0,0,0,0,0,0,0,0,0,28,0,0,0,3,4,35,1,1,2,1,3,3,1,10,1,1,2,50,1,0
37,370575,2,2,1,25,6,10,34,12,2,1,0,37,3,20,404,20404,14,2014,2GNALBEK0E61,2,G,N,A,L,B,E,K,0,E,6,1,0,0,0,000000000,00000000000,0,0,0,1,0,0,0,0,0,0,0,0,0,0,0,12,6,2,12,0,0,0,1,37,27012,6,1,0,0,3,3,78,999,0,0,0,0,1,11,2011,11,2011,0,0,0,0,0,3,4,35,1,1,2,1,3,3,5,98,1,1,1,51,0,0
37,370576,1,2,1,5,6,15,25,12,6,1,0,37,1,71,706,71706,80,2004,ZDM1UB5T34B0,Z,D,M,1,U,B,5,T,3,4,B,0,0,0,0,000000000,00000000000,0,0,0,1,0,0,0,0,0,0,0,71,0,0,0,12,6,2,12,0,0,0,1,37,28001,6,1,0,0,3,0,74,999,3,0,0,2,2,2,2012,3,2014,3,36,0,0,0,2,2,35,1,3,2,1,0,0,1,54,1,1,1,69,1,0
37,370576,2,2,1,5,6,15,25,12,6,1,0,37,1,21,20,21020,4,1997,1G3NG52M6V63,1,G,3,N,G,5,2,M,6,V,6,3,0,0,0,000000000,00000000000,0,0,0,1,0,0,0,0,0,0,0,23,0,0,0,3,6,2,12,0,0,0,1,37,28163,1,1,0,0,2,0,66,999,1,2,0,0,4,6,2011,2,2014,0,38,0,0,0,2,2,35,1,3,2,1,0,0,11,62,1,1,1,68,0,0
37,370577,1,2,1,9,6,18,3,12,7,1,0,39,3,82,882,82882,66,2013,1FUGGLBG3DLF,1,F,U,G,G,L,B,G,3,D,L,F,1,1,57,2479598,572479598,3,6,1,1,0,0,0,0,0,0,0,0,0,0,0,2,4,5,12,0,0,0,1,39,43534,6,1,6,1,3,0,72,255,0,0,0,0,0,0,0,0,0,0,0,0,0,0,3,2,65,1,2,2,2,0,0,1,60,1,1,1,48,0,0
37,370577,2,2,1,9,6,18,3,12,7,1,0,37,1,7,20,7020,4,2003,1B3ES26C83D1,1,B,3,E,S,2,6,C,8,3,D,1,0,0,0,000000000,00000000000,0,0,0,1,0,0,0,0,0,0,0,55,0,0,0,10,6,2,21,0,0,0,1,37,27043,6,1,0,0,3,3,66,999,0,0,0,0,0,0,0,0,0,4,28,36,0,0,3,2,65,1,2,2,2,0,0,1,6,1,1,2,48,1,0
37,370578,1,1,2,27,7,4,0,38,0,1,0,37,1,73,705,73705,80,2005,JKBZXJC115A0,J,K,B,Z,X,J,C,1,1,5,A,0,0,0,0,000000000,00000000000,0,0,0,1,0,0,0,0,0,0,0,55,0,0,0,12,6,2,38,0,0,0,1,37,28617,6,1,0,0,2,0,72,999,0,0,0,0,1,1,2014,1,2014,0,0,0,0,0,1,2,55,3,2,2,1,0,0,14,13,1,1,4,1,1,1
37,370579,1,1,3,13,7,12,13,8,0,1,0,37,2,37,39,37039,5,2012,JHMGE8H54CC0,J,H,M,G,E,8,H,5,4,C,C,0,0,0,0,000000000,00000000000,0,0,0,1,0,0,0,0,0,0,0,65,0,0,0,12,6,2,8,0,0,0,1,37,28804,6,1,0,0,3,3,72,999,0,0,0,0,0,0,0,0,0,3,6,0,0,0,1,2,25,3,3,2,1,0,0,14,98,1,1,4,15,0,0
37,370580,1,1,1,25,7,22,7,1,0,1,0,37,1,7,472,7472,30,1992,1B7FL26X6NS6,1,B,7,F,L,2,6,X,6,N,S,6,0,0,0,000000000,00000000000,0,0,0,1,0,0,0,0,0,0,0,65,0,2,5,0,6,2,42,0,0,0,1,37,28431,6,1,0,0,3,0,70,999,0,0,0,1,3,10,2011,11,2011,4,58,0,0,0,1,2,55,3,1,2,1,0,0,14,13,1,1,4,1,1,0
37,370581,1,4,1,16,7,18,34,12,2,1,0,37,1,35,481,35481,31,2010,1N6BA0CA8AN3,1,N,6,B,A,0,C,A,8,A,N,3,0,0,0,000000000,00000000000,0,0,0,1,0,0,0,0,0,0,0,75,0,0,0,12,6,2,12,0,0,0,1,37,28311,4,1,0,0,2,0,69,999,0,0,0,0,1,2,2012,2,2012,3,28,36,0,0,1,5,45,1,1,2,1,0,0,1,10,1,1,2,50,1,0
37,370581,2,4,1,16,7,18,34,12,2,1,0,37,1,20,481,20481,31,2006,2GCEC19V4611,2,G,C,E,C,1,9,V,4,6,1,1,0,0,0,000000000,00000000000,0,0,0,1,0,0,0,0,0,0,0,41,0,1,4,12,6,2,12,0,0,0,1,37,28358,6,1,0,0,3,0,74,999,0,0,0,0,0,0,0,0,0,0,0,0,0,0,1,5,45,1,1,2,1,0,0,1,62,1,1,1,51,1,0
37,370581,3,4,1,16,7,18,34,12,2,1,0,37,1,30,40,30040,4,2003,3VWSK69M43M0,3,V,W,S,K,6,9,M,4,3,M,0,0,0,0,000000000,00000000000,0,0,0,1,0,0,0,0,0,0,0,40,0,0,0,12,6,2,12,0,0,0,1,37,28376,6,1,0,0,3,0,65,999,0,0,0,0,0,0,0,0,0,0,0,0,0,0,1,5,45,1,1,2,1,0,0,1,62,1,1,1,98,1,0
37,370581,4,4,1,16,7,18,34,12,2,1,0,37,1,54,35,54035,4,2006,19UUA66216A0,1,9,U,U,A,6,6,2,1,6,A,0,0,0,0,000000000,00000000000,0,0,0,1,0,0,0,0,0,0,0,45,0,0,0,99,4,5,12,0,0,0,1,37,27012,6,1,0,0,3,0,62,999,1,0,0,2,0,4,2012,5,2014,0,0,0,0,0,1,5,45,1,1,2,1,0,0,1,62,6,1,2,98,0,0