STATE,ST_CASE,VEH_NO,VE_FORMS,NUMOCCS,DAY,MONTH,HOUR,MINUTE,HARM_EV,MAN_COLL,UNITTYPE,HIT_RUN,REG_STAT,OWNER,MAKE,MODEL,MAK_MOD,BODY_TYP,MOD_YEAR,VIN,VIN_1,VIN_2,VIN_3,VIN_4,VIN_5,VIN_6,VIN_7,VIN_8,VIN_9,VIN_10,VIN_11,VIN_12,TOW_VEH,J_KNIFE,MCARR_I1,MCARR_I2,MCARR_ID,GVWR,V_CONFIG,CARGO_BT,HAZ_INV,HAZ_PLAC,HAZ_ID,HAZ_CNO,HAZ_REL,BUS_USE,SPEC_USE,EMER_USE,TRAV_SP,UNDERIDE,ROLLOVER,ROLINLOC,IMPACT1,DEFORMED,TOWED,M_HARM,VEH_SC1,VEH_SC2,FIRE_EXP,DR_PRES,L_STATE,DR_ZIP,L_STATUS,L_TYPE,CDL_STAT,L_ENDORS,L_COMPL,L_RESTRI,DR_HGT,DR_WGT,PREV_ACC,PREV_SUS,PREV_DWI,PREV_SPD,PREV_OTH,FIRST_MO,FIRST_YR,LAST_MO,LAST_YR,SPEEDREL,DR_SF1,DR_SF2,DR_SF3,DR_SF4,VTRAFWAY,VNUM_LAN,VSPD_LIM,VALIGN,VPROFILE,VPAVETYP,VSURCOND,VTRAFCON,VTCONT_F,P_CRASH1,P_CRASH2,P_CRASH3,PCRASH4,PCRASH5,ACC_TYPE,DEATHS,DR_DRINK
37,370746,3,4,1,2,9,17,25,12,2,1,0,37,2,37,402,37402,14,2010,5J6RE4H56AL0,5,J,6,R,E,4,H,5,6,A,L,0,0,0,0,000000000,00000000000,0,0,0,1,0,0,0,0,0,0,0,55,0,0,0,12,4,5,12,0,0,0,1,37,28759,6,1,0,0,3,0,64,999,0,0,0,0,0,0,0,0,0,0,0,0,0,0,2,4,55,1,1,2,2,0,0,1,62,1,1,1,98,0,0
37,370746,4,4,1,2,9,17,25,12,2,1,0,37,1,7,20,7020,4,2005,1B3ES26CX5D2,1,B,3,E,S,2,6,C,X,5,D,2,0,0,0,000000000,00000000000,0,0,0,1,0,0,0,0,0,0,0,55,0,0,0,10,4,5,12,0,0,0,1,37,28804,6,1,0,0,3,0,72,999,0,0,0,0,0,0,0,0,0,0,0,0,0,0,2,4,55,1,1,2,2,0,0,1,62,1,1,1,98,0,0
37,370747,1,1,1,1,9,23,35,34,0,1,0,37,1,35,43,35043,2,1991,1N4EB32A4MC8,1,N,4,E,B,3,2,A,4,M,C,8,0,0,0,000000000,00000000000,0,0,0,1,0,0,0,0,0,0,0,90,0,1,5,12,6,2,1,0,0,0,1,37,28677,1,1,0,0,2,0,70,999,1,7,0,0,8,12,2011,7,2014,3,36,0,0,0,3,2,65,1,2,2,1,0,0,1,12,1,1,4,6,1,1
37,370748,1,1,7,1,9,9,8,1,0,1,0,37,1,49,441,49441,20,1992,JT3AC11R4N10,J,T,3,A,C,1,1,R,4,N,1,0,0,0,0,000000000,00000000000,0,0,0,1,0,0,0,0,0,0,0,70,0,1,5,0,6,2,1,0,0,0,1,37,28602,6,1,0,0,3,0,67,999,0,0,0,0,0,0,0,0,0,0,24,0,0,0,3,2,70,1,1,2,1,0,0,1,1,1,1,4,1,1,0
37,370749,1,1,4,9,9,17,58,34,0,1,0,37,2,2,404,2404,14,1991,1J4FJ78S1ML5,1,J,4,F,J,7,8,S,1,M,L,5,0,0,0,000000000,00000000000,0,0,0,1,0,0,0,0,0,0,0,45,0,1,5,2,6,2,1,0,0,0,1,37,27524,1,1,0,0,2,0,66,999,0,0,0,0,0,0,0,0,0,4,91,0,0,0,1,2,55,3,2,2,1,0,0,14,6,1,1,4,1,1,0
37,370750,1,3,2,17,9,13,53,12,2,1,0,37,1,7,472,7472,30,2005,1D7HE48N35S2,1,D,7,H,E,4,8,N,3,5,S,2,0,0,0,000000000,00000000000,0,0,0,1,0,0,0,0,0,0,0,55,0,0,0,12,6,2,12,0,0,0,1,37,27504,6,1,0,0,3,0,69,999,0,0,0,0,0,0,0,0,0,0,0,0,0,0,1,2,55,3,1,2,1,0,0,14,62,1,1,1,51,2,0
37,370750,2,3,2,17,9,13,53,12,2,1,0,37,3,20,481,20481,31,2015,1GC0CUEG8FZ1,1,G,C,0,C,U,E,G,8,F,Z,1,0,0,0,000000000,00000000000,0,0,0,1,0,0,0,0,0,0,0,55,0,0,0,12,6,2,12,0,0,0,1,37,27569,6,1,0,0,3,0,67,999,0,0,0,0,0,0,0,0,0,0,28,0,0,0,1,2,55,2,1,2,1,0,0,14,10,1,1,2,50,0,0
37,370750,3,3,1,17,9,13,53,12,2,1,0,37,2,63,34,63034,4,2003,KNAGD1281352,K,N,A,G,D,1,2,8,1,3,5,2,0,0,0,000000000,00000000000,0,0,0,1,0,0,0,0,0,0,0,55,0,0,0,12,6,2,12,0,0,0,1,37,27524,6,1,0,0,3,0,69,999,0,0,0,0,0,0,0,0,0,0,0,0,0,0,1,2,55,3,1,2,1,0,0,14,62,1,1,1,98,0,0
37,370751,1,1,2,11,9,0,4,42,0,1,0,37,2,35,402,35402,14,2004,5N1ED28Y74C6,5,N,1,E,D,2,8,Y,7,4,C,6,0,0,0,000000000,00000000000,0,0,0,1,0,0,0,0,0,0,0,53,0,1,5,12,6,2,1,0,0,0,1,37,28092,1,1,0,0,2,0,74,999,0,1,0,1,1,1,2012,7,2014,3,36,39,0,0,1,2,25,1,2,2,1,20,3,1,14,1,1,4,14,1,1
37,370752,1,1,1,3,9,17,2,34,0,1,0,37,1,2,421,2421,15,1980,JOM83AB72868,J,O,M,8,3,A,B,7,2,8,6,8,0,0,0,000000000,00000000000,0,0,0,1,0,0,0,0,0,0,0,40,0,1,5,12,6,2,1,0,0,0,1,37,28734,6,1,0,0,3,3,70,999,0,0,0,0,0,0,0,0,0,4,36,0,0,0,1,2,35,3,1,2,1,0,0,14,13,1,1,4,1,1,1
37,370753,1,1,1,19,9,0,25,8,0,1,0,37,2,20,20,20020,4,1999,2G1WL52M1X91,2,G,1,W,L,5,2,M,1,X,9,1,0,0,0,000000000,00000000000,0,0,0,1,0,0,0,0,0,0,0,45,0,0,0,12,2,5,8,0,0,0,1,37,28734,6,1,0,0,3,3,64,999,0,0,0,0,0,0,0,0,0,0,0,0,0,0,1,2,45,2,2,2,1,0,0,14,80,1,1,1,13,0,0
37,370754,1,2,1,7,9,2,41,12,2,1,0,37,2,19,421,19421,15,2002,1GYEK63N72R2,1,G,Y,E,K,6,3,N,7,2,R,2,0,0,0,000000000,00000000000,0,0,0,1,0,0,0,0,0,0,0,998,0,0,0,12,6,2,12,0,0,0,1,37,28215,1,1,0,0,2,0,68,999,0,0,0,0,0,0,0,0,0,9,28,0,0,0,6,2,50,2,1,2,1,0,0,14,54,1,1,1,51,0,1
37,370754,2,2,2,7,9,2,41,12,2,1,0,37,1,34,34,34034,4,2005,WBAEV53405KM,W,B,A,E,V,5,3,4,0,5,K,M,0,0,0,000000000,00000000000,0,0,0,1,0,0,0,0,0,0,0,998,0,0,0,12,6,2,12,0,0,0,1,37,28278,6,1,0,0,3,0,71,999,1,0,0,0,0,2,2012,2,2012,0,0,0,0,0,6,2,50,3,1,2,1,0,0,14,98,1,1,2,50,1,1
37,370755,1,1,1,7,9,14,19,42,0,1,0,37,1,51,42,51042,6,1994,YV1LW5502R20,Y,V,1,L,W,5,5,0,2,R,2,0,0,0,0,000000000,00000000000,0,0,0,1,0,0,0,0,0,0,0,70,0,0,0,12,6,2,42,0,0,1,1,37,28216,6,1,0,0,3,3,64,999,2,2,1,0,0,9,2011,4,2013,3,36,0,0,0,1,2,35,1,1,2,1,0,0,1,13,1,1,4,1,1,1
37,370756,1,2,1,8,9,8,53,12,6,1,0,37,1,49,402,49402,14,2010,JTMKF4DV3A50,J,T,M,K,F,4,D,V,3,A,5,0,0,0,0,000000000,00000000000,0,0,0,1,0,0,0,0,0,0,0,53,0,0,0,12,6,2,12,0,0,0,1,37,28212,6,1,0,0,3,0,66,999,0,0,0,0,0,0,0,0,0,3,36,0,0,0,3,4,50,1,1,2,1,0,0,1,19,1,1,2,79,0,1
37,370756,2,2,3,8,9,8,53,12,6,1,0,37,2,51,44,51044,4,1998,YV1KS9602W11,Y,V,1,K,S,9,6,0,2,W,1,1,0,0,0,000000000,00000000000,0,0,0,1,0,0,0,0,0,0,0,998,0,0,0,9,6,2,12,0,0,0,1,37,28211,6,1,0,0,3,0,66,999,0,0,0,0,0,0,0,0,0,0,0,0,0,0,1,2,25,1,1,2,1,20,3,10,16,1,1,1,78,2,0
37,370757,1,1,1,12,9,12,57,42,0,1,0,37,1,34,706,34706,80,2014,WB10D1100EZL,W,B,1,0,D,1,1,0,0,E,Z,L,0,0,0,000000000,00000000000,0,0,0,1,0,0,0,0,0,0,0,998,0,0,0,12,6,2,42,0,0,0,1,37,28115,6,1,0,0,3,3,69,999,0,1,1,2,1,1,2012,11,2013,9,39,0,0,0,1,2,35,1,1,2,1,20,3,1,14,1,1,4,14,1,0
37,370758,1,1,1,12,9,19,41,42,0,1,0,37,2,41,51,41051,4,2004,JM1BK1238411,J,M,1,B,K,1,2,3,8,4,1,1,0,0,0,000000000,00000000000,0,0,0,1,0,0,0,0,0,0,0,75,0,0,0,11,6,2,42,0,0,1,1,37,27209,1,1,0,0,2,0,70,999,0,5,0,0,4,11,2011,1,2014,3,36,0,0,0,1,2,55,1,2,2,2,0,0,1,6,1,3,4,2,1,0
37,370759,1,2,1,8,9,10,48,12,6,1,0,18,3,84,881,84881,66,1998,2HSFPALN0WC0,2,H,S,F,P,A,L,N,0,W,C,0,1,1,57,63391,5763391,3,6,97,1,0,0,0,0,0,0,0,55,0,0,0,12,6,2,12,0,0,0,1,37,28083,6,1,6,0,3,3,69,999,1,0,0,0,0,5,2013,5,2013,0,0,0,0,0,1,2,55,1,1,2,2,0,0,1,66,1,1,1,86,0,0
37,370759,2,2,3,8,9,10,48,12,6,1,0,37,2,7,20,7020,4,2000,1B3ES46C7YD7,1,B,3,E,S,4,6,C,7,Y,D,7,0,0,0,000000000,00000000000,0,0,0,1,0,0,0,0,0,0,0,55,0,0,0,3,6,2,12,0,0,0,1,37,27242,6,1,0,0,3,0,64,999,0,0,0,0,0,0,0,0,0,0,39,0,0,0,1,2,55,8,8,2,2,20,3,1,17,1,1,1,87,2,0
37,370760,1,1,3,14,9,16,31,42,0,1,0,37,2,12,422,12422,15,2000,1FMEU17L4YLB,1,F,M,E,U,1,7,L,4,Y,L,B,0,0,0,000000000,00000000000,0,0,0,1,0,0,0,0,0,0,0,75,0,1,5,11,6,2,1,0,0,0,1,37,28373,1,1,0,0,2,0,71,999,0,4,0,0,2,12,2012,4,2014,3,36,0,0,0,1,2,55,3,3,2,1,0,0,14,13,1,1,4,1,1,1
37,370761,1,1,1,7,9,1,53,8,0,1,0,37,1,49,482,49482,31,2000,5TBRT3813YS1,5,T,B,R,T,3,8,1,3,Y,S,1,0,0,0,000000000,00000000000,0,0,0,1,0,0,0,0,0,0,0,55,0,0,0,12,6,2,8,0,0,0,1,37,27804,6,1,0,0,3,0,68,999,1,0,0,0,0,6,2013,6,2013,0,0,0,0,0,1,2,55,1,1,2,1,0,0,17,80,1,1,2,13,0,0
37,370762,1,1,2,4,9,23,10,8,0,1,0,37,1,24,2,24002,2,1999,1G8ZP1289XZ3,1,G,8,Z,P,1,2,8,9,X,Z,3,0,0,0,000000000,00000000000,0,0,0,1,0,0,0,0,0,0,0,35,0,0,0,12,4,3,8,0,0,0,1,37,28429,6,1,0,0,3,3,66,999,0,1,0,1,0,4,2012,2,2013,0,0,0,0,0,3,2,35,1,1,2,1,0,0,1,80,1,1,1,13,0,0
37,370763,1,1,1,8,9,20,2,8,0,1,0,37,3,30,40,30040,4,2014,3VWD17AJ1EM2,3,V,W,D,1,7,A,J,1,E,M,2,0,0,0,000000000,00000000000,0,0,0,1,0,0,0,0,0,0,0,49,0,0,0,12,6,2,8,0,0,0,1,37,28443,6,1,0,0,3,3,75,999,0,0,0,1,0,7,2013,7,2013,0,0,0,0,0,2,2,40,1,1,2,2,0,0,1,80,6,1,1,13,0,0
37,370764,1,1,2,13,9,4,34,34,0,1,0,37,2,2,403,2403,14,1999,1J4FY29P8XP4,1,J,4,F,Y,2,9,P,8,X,P,4,0,0,0,000000000,00000000000,0,0,0,1,0,0,0,0,0,0,0,65,0,1,5,12,6,2,1,0,0,0,1,37,27870,6,1,0,0,3,0,76,999,0,0,0,0,0,0,0,0,0,0,36,39,0,0,1,2,55,1,1,2,1,20,3,1,12,1,1,4,6,2,1
37,370765,1,2,1,1,9,14,7,12,6,1,0,37,3,84,881,84881,66,2007,2HSCNAPR57C3,2,H,S,C,N,A,P,R,5,7,C,3,1,1,57,2456352,572456352,3,6,8,1,0,0,0,0,0,0,0,55,0,0,0,12,6,2,12,0,0,0,1,37,28580,6,1,6,0,3,3,76,999,4,0,0,0,1,3,2012,4,2014,0,0,0,0,0,1,2,55,1,1,2,1,0,0,1,66,6,1,2,88,0,0
37,370765,2,2,1,1,9,14,7,12,6,1,0,37,1,20,39,20039,4,2004,KL1TJ62694B2,K,L,1,T,J,6,2,6,9,4,B,2,0,0,0,000000000,00000000000,0,0,0,1,0,0,0,0,0,0,0,45,0,0,0,9,6,2,12,0,0,0,1,37,27964,6,1,0,0,3,3,72,999,0,0,0,0,0,0,0,0,0,0,39,0,0,0,1,2,45,1,1,2,1,20,3,1,17,1,1,1,89,1,0
37,370766,1,1,3,3,9,8,48,34,0,1,0,37,2,20,473,20473,30,2007,1GCCS1495782,1,G,C,C,S,1,4,9,5,7,8,2,0,0,0,000000000,00000000000,0,0,0,1,0,0,0,0,0,0,0,70,0,1,5,12,6,2,1,0,0,0,1,37,28372,1,1,0,0,2,0,68,999,0,3,0,0,0,9,2013,3,2014,0,28,0,0,0,1,2,55,1,1,2,1,0,0,1,50,6,1,4,6,1,0
37,370767,1,2,2,6,9,17,25,12,6,1,0,37,1,20,36,20036,2,1998,2G1WX12KXW91,2,G,1,W,X,1,2,K,X,W,9,1,0,0,0,000000000,00000000000,0,0,0,1,0,0,0,0,0,0,0,30,0,0,0,83,6,2,12,0,0,0,1,37,27295,6,1,0,0,3,0,68,999,0,1,0,1,0,12,2011,11,2012,0,38,0,0,0,1,2,35,1,2,2,1,0,0,11,15,1,1,1,68,0,0
37,370767,2,2,1,6,9,17,25,12,6,1,0,37,1,72,706,72706,80,2014,1HD1KBM17EB6,1,H,D,1,K,B,M,1,7,E,B,6,0,0,0,000000000,00000000000,0,0,0,1,0,0,0,0,0,0,0,45,0,0,0,12,6,2,12,0,0,0,1,37,28146,6,1,6,0,3,0,74,999,0,0,0,0,1,10,2012,10,2012,3,0,0,0,0,1,2,35,1,2,2,1,0,0,1,62,4,1,1,69,1,0
37,370768,1,2,1,15,9,6,35,12,6,1,0,37,3,98,804,98804,63,2004,5KKSAEAS94PM,5,K,K,S,A,E,A,S,9,4,P,M,0,0,57,2116198,572116198,3,2,4,1,0,0,0,0,0,0,0,25,0,0,0,12,6,2,12,0,0,0,1,37,28748,6,1,6,0,3,3,72,999,0,1,0,0,1,3,2012,3,2013,0,38,0,0,0,2,2,45,1,2,2,1,0,0,11,15,1,1,1,74,0,0
37,370768,2,2,2,15,9,6,35,12,6,1,0,37,1,35,43,35043,4,2000,3N1CB51A9YL3,3,N,1,C,B,5,1,A,9,Y,L,3,0,0,0,000000000,00000000000,0,0,0,1,0,0,0,0,0,0,0,45,0,0,0,9,6,2,12,0,0,0,1,37,28160,0,0,0,0,0,0,72,999,0,0,0,0,0,0,0,0,0,0,0,0,0,0,6,2,45,1,2,2,1,0,0,1,62,1,1,1,74,1,0
37,370769,1,1,1,5,9,6,44,42,0,1,0,51,1,12,3,12003,2,2008,1ZVHT82H4851,1,Z,V,H,T,8,2,H,4,8,5,1,0,0,0,000000000,00000000000,0,0,0,1,0,0,0,0,0,0,0,80,0,1,5,7,6,2,1,0,0,0,1,51,24333,6,1,0,0,3,0,67,240,0,0,0,0,0,0,0,0,0,0,36,0,0,0,3,2,70,1,1,2,1,0,0,1,13,1,1,4,1,1,1
37,370770,1,1,2,8,9,18,7,42,0,1,0,37,1,20,481,20481,31,2002,1GCEC14T22Z1,1,G,C,E,C,1,4,T,2,2,Z,1,0,0,0,000000000,00000000000,0,0,0,1,0,0,0,0,0,0,0,75,0,0,0,3,6,2,42,0,0,0,1,37,28391,6,1,6,0,3,0,68,999,0,0,0,0,0,0,0,0,0,0,36,0,0,0,1,2,35,1,1,2,2,0,0,1,12,1,1,4,6,1,1
37,370771,1,2,4,7,9,0,40,12,1,1,0,37,1,20,16,20016,4,1994,1G1JC5440R71,1,G,1,J,C,5,4,4,0,R,7,1,0,0,0,000000000,00000000000,0,0,0,1,0,0,0,0,0,0,0,20,0,0,0,6,6,2,12,0,0,0,1,37,27610,6,1,0,0,3,0,74,999,2,1,0,0,1,8,2013,5,2014,0,36,0,0,0,3,2,70,1,2,1,1,0,0,1,53,1,1,1,25,2,1
37,370771,2,2,1,7,9,0,40,12,1,1,0,37,2,19,3,19003,4,2004,1G6KD54YX4U1,1,G,6,K,D,5,4,Y,X,4,U,1,0,0,0,000000000,00000000000,0,0,0,1,0,0,0,0,0,0,0,70,0,0,0,12,6,2,12,0,0,0,1,37,27603,1,1,0,0,2,0,74,999,0,3,0,0,2,1,2012,9,2013,0,0,0,0,0,3,2,70,1,2,1,1,0,0,1,51,1,1,1,24,0,0
37,370772,1,4,1,11,9,9,10,12,7,1,0,37,3,12,461,12461,21,2006,1FTNE24L56DB,1,F,T,N,E,2,4,L,5,6,D,B,0,0,0,000000000,00000000000,0,0,0,1,0,0,0,0,0,0,0,15,0,0,0,1,6,2,12,0,0,0,1,37,28422,6,1,0,0,3,3,62,999,1,0,0,0,0,8,2014,8,2014,0,38,0,0,0,2,3,45,1,1,2,1,0,0,12,10,1,1,2,98,0,0
37,370772,2,4,3,11,9,9,10,12,7,1,0,37,1,49,32,49032,4,2007,2T1BR32E17C8,2,T,1,B,R,3,2,E,1,7,C,8,0,0,0,000000000,00000000000,0,0,0,1,0,0,0,0,0,0,0,45,0,0,0,11,4,3,12,0,0,0,1,37,27592,6,1,0,0,3,0,62,999,0,0,0,0,0,0,0,0,0,0,0,0,0,0,2,3,45,1,1,2,1,0,0,1,62,1,1,1,98,0,0
37,370772,3,4,1,11,9,9,10,12,7,1,0,37,1,72,706,72706,80,2003,1HD1BMY163Y0,1,H,D,1,B,M,Y,1,6,3,Y,0,0,0,0,000000000,00000000000,0,0,0,1,0,0,0,0,0,0,0,45,0,0,0,3,4,3,12,0,0,0,1,37,27603,6,1,0,0,3,3,67,999,1,0,0,0,0,9,2011,9,2011,0,0,0,0,0,2,3,45,1,1,2,1,0,0,1,62,1,1,1,98,1,0
37,370772,4,4,1,11,9,9,10,12,7,1,0,37,1,72,706,72706,80,2002,1HD1FRW102Y6,1,H,D,1,F,R,W,1,0,2,Y,6,0,0,0,000000000,00000000000,0,0,0,1,0,0,0,0,0,0,0,45,0,0,0,0,6,2,1,0,0,0,1,37,27529,6,1,0,0,3,0,72,999,0,0,0,0,0,0,0,0,0,0,0,0,0,0,2,3,45,1,1,2,1,0,0,17,62,1,1,1,98,0,0
37,370773,1,1,1,7,9,0,32,8,0,1,0,37,2,37,32,37032,4,1996,1HGCD5638TA2,1,H,G,C,D,5,6,3,8,T,A,2,0,0,0,000000000,00000000000,0,0,0,1,0,0,0,0,0,0,0,55,0,0,0,12,4,5,8,0,0,0,1,37,27589,6,1,0,0,3,3,64,999,0,0,0,0,0,0,0,0,0,0,0,0,0,0,1,2,55,1,1,2,1,0,0,1,80,1,1,1,13,0,0
37,370774,1,1,3,10,9,20,32,34,0,1,0,37,2,7,402,7402,14,1999,1B4HR28Z7XF6,1,B,4,H,R,2,8,Z,7,X,F,6,0,0,0,000000000,00000000000,0,0,0,1,0,0,0,0,0,0,0,55,0,0,0,12,6,2,35,0,0,0,1,37,28659,6,1,0,0,3,3,64,999,0,0,0,0,0,0,0,0,0,0,0,0,0,0,1,2,55,1,1,2,1,0,0,1,13,1,1,4,1,1,0
37,370775,1,1,2,31,8,15,0,34,0,1,0,37,2,53,706,53706,80,2006,JS1VS55A4621,J,S,1,V,S,5,5,A,4,6,2,1,0,0,0,000000000,00000000000,0,0,0,1,0,0,0,0,0,0,0,40,0,0,0,12,6,2,32,0,0,0,1,37,27572,6,1,0,0,2,0,71,999,0,0,0,0,0,0,0,0,0,0,58,0,0,0,1,2,55,3,1,2,1,0,0,14,13,1,1,4,1,1,0
37,370776,1,1,2,24,8,3,57,34,0,1,0,0,0,37,733,37733,90,2002,000000000000,0,0,0,0,0,0,0,0,0,0,0,0,0,0,0,000000000,00000000000,0,0,0,1,0,0,0,0,0,0,0,50,0,1,5,14,6,2,1,0,0,0,1,37,27229,6,1,0,0,1,0,75,999,2,0,0,0,0,7,2012,3,2013,0,0,0,0,0,1,2,55,3,2,2,5,0,0,14,13,1,1,4,1,1,1
37,370777,1,1,1,28,8,23,20,8,0,1,0,37,1,49,472,49472,30,2008,5TEUU42N68Z5,5,T,E,U,U,4,2,N,6,8,Z,5,0,0,0,000000000,00000000000,0,0,0,1,0,0,0,0,0,0,0,35,0,0,0,11,4,5,8,0,0,0,1,37,27516,6,1,0,0,3,3,67,999,0,0,0,0,0,0,0,0,0,0,0,0,0,0,1,4,35,1,2,2,1,0,0,1,80,1,1,1,13,0,0
37,370778,1,2,1,14,9,18,57,12,7,1,0,0,0,98,709,98709,81,2013,000000000000,0,0,0,0,0,0,0,0,0,0,0,0,0,0,0,000000000,00000000000,0,0,0,1,0,0,0,0,0,0,0,40,0,0,0,2,4,3,12,0,0,0,1,37,27253,1,1,0,0,1,0,66,999,0,2,0,0,2,2,2012,2,2014,0,33,0,0,0,1,2,45,1,1,2,1,0,0,6,19,1,1,2,73,0,0
37,370778,2,2,1,14,9,18,57,12,7,1,0,0,0,98,709,98709,81,2013,000000000000,0,0,0,0,0,0,0,0,0,0,0,0,0,0,0,000000000,00000000000,0,0,0,1,0,0,0,0,0,0,0,30,0,0,0,9,4,3,12,0,0,0,1,37,27253,1,1,0,0,1,0,73,999,1,1,0,0,1,2,2012,9,2013,0,0,0,0,0,1,2,45,1,1,2,1,0,0,11,15,1,1,1,72,1,1
37,370779,1,3,1,26,9,6,15,12,2,1,0,37,3,85,881,85881,63,2006,1NKDX0TX46J1,1,N,K,D,X,0,T,X,4,6,J,1,0,0,57,2465855,572465855,3,2,4,1,0,0,0,0,0,0,0,55,0,0,0,12,6,2,12,0,0,0,1,37,27860,6,1,6,0,3,0,75,999,0,0,0,0,1,2,2012,2,2012,0,91,0,0,0,1,2,55,1,1,2,1,0,0,1,10,1,1,2,50,0,0
37,370779,2,3,2,26,9,6,15,12,2,1,0,37,1,20,401,20401,14,1985,1G8ED18J2FF2,1,G,8,E,D,1,8,J,2,F,F,2,0,0,0,000000000,00000000000,0,0,0,1,0,0,0,0,0,0,0,55,0,0,0,12,6,2,12,0,0,0,1,37,27542,6,1,0,0,3,0,70,999,0,0,0,0,0,0,0,0,0,0,0,0,0,0,1,2,55,1,1,2,1,0,0,1,62,1,1,1,51,1,0
37,370779,3,3,2,26,9,6,15,12,2,1,0,37,1,20,481,20481,31,2004,1GCHK29U84E1,1,G,C,H,K,2,9,U,8,4,E,1,0,0,0,000000000,00000000000,0,0,0,1,0,0,0,0,0,0,0,55,0,0,0,12,6,2,12,0,0,0,1,37,27542,6,1,6,0,3,3,72,999,0,0,0,0,0,0,0,0,0,0,0,0,0,0,1,2,55,1,1,2,1,0,0,1,62,1,1,1,98,0,0
37,370780,1,1,1,24,9,21,19,35,0,1,0,37,2,12,461,12461,21,1997,1FDJS34LXVHB,1,F,D,J,S,3,4,L,X,V,H,B,0,0,0,000000000,00000000000,0,0,0,1,0,0,0,0,0,0,0,30,0,1,5,9,6,2,1,0,0,0,1,37,28806,6,1,0,0,3,0,74,999,0,0,0,0,0,0,0,0,0,0,99,99,99,99,1,2,35,1,2,2,2,0,0,1,10,1,1,4,6,1,0
37,370781,1,2,1,25,9,21,16,12,2,1,0,37,1,7,442,7442,20,1996,1B4GP54LXTB4,1,B,4,G,P,5,4,L,X,T,B,4,0,0,0,000000000,00000000000,0,0,0,1,0,0,0,0,0,0,0,50,0,0,0,12,6,2,12,0,0,0,1,37,28732,6,1,0,0,3,3,68,999,0,0,0,0,0,0,0,0,0,0,38,0,0,0,1,2,55,3,2,2,1,0,0,11,15,1,1,2,68,1,0
37,370781,2,2,2,25,9,21,16,12,2,1,0,37,1,20,403,20403,14,2006,1GNDT13S7623,1,G,N,D,T,1,3,S,7,6,2,3,0,0,0,000000000,00000000000,0,0,0,1,0,0,0,0,0,0,0,55,0,0,0,12,6,2,12,0,0,0,1,37,28748,6,1,0,0,3,0,63,999,0,0,0,0,0,0,0,0,0,0,0,0,0,0,1,2,55,1,1,2,1,0,0,1,54,1,1,1,69,0,0
37,370782,1,2,1,1,9,16,0,12,6,1,0,37,2,49,402,49402,14,2008,JTMZD33V7851,J,T,M,Z,D,3,3,V,7,8,5,1,0,0,0,000000000,00000000000,0,0,0,1,0,0,0,0,0,0,0,10,0,0,0,12,6,2,12,0,0,0,1,37,28226,6,1,0,0,3,0,70,999,0,0,0,0,0,0,0,0,0,0,38,48,0,0,1,3,35,1,2,2,1,3,3,11,15,1,1,1,68,0,0
37,370782,2,2,2,1,9,16,0,12,6,1,0,37,1,72,706,72706,80,2000,1HD1FRW1XYY6,1,H,D,1,F,R,W,1,X,Y,Y,6,0,0,0,000000000,00000000000,0,0,0,1,0,0,0,0,0,0,0,35,0,0,0,9,6,2,12,0,0,0,1,37,28655,6,1,0,0,3,1,70,999,0,0,0,0,0,0,0,0,0,0,0,0,0,0,1,3,35,1,2,2,1,3,3,1,54,1,1,1,69,1,0
37,370783,1,1,1,19,9,2,27,26,0,1,0,37,1,12,481,12481,31,2006,1FTPW14536FA,1,F,T,P,W,1,4,5,3,6,F,A,0,0,0,000000000,00000000000,0,0,0,1,0,0,0,0,0,0,0,55,0,0,0,12,6,2,8,0,0,0,1,37,28655,6,1,0,0,3,0,70,999,1,0,0,0,2,2,2012,11,2013,0,28,0,0,0,3,4,55,3,1,2,1,0,0,14,80,1,1,2,98,0,0
37,370784,1,2,1,6,9,0,6,12,6,1,0,37,1,12,37,12037,4,2006,1FAFP34N86W1,1,F,A,F,P,3,4,N,8,6,W,1,0,0,0,000000000,00000000000,0,0,0,1,0,0,0,0,0,0,0,90,0,0,0,10,6,2,12,0,0,0,1,37,28610,6,1,0,0,3,0,77,999,0,1,0,0,0,11,2012,11,2012,3,36,0,0,0,1,2,45,3,2,2,1,0,0,14,10,1,1,2,66,1,1
37,370784,2,2,3,6,9,0,6,12,6,1,0,51,1,20,404,20404,14,2014,2GNALBEK7E61,2,G,N,A,L,B,E,K,7,E,6,1,0,0,0,000000000,00000000000,0,0,0,1,0,0,0,0,0,0,0,45,0,0,0,12,6,2,12,0,0,0,1,51,23703,6,1,0,0,3,0,65,150,1,0,0,0,0,1,2014,1,2014,0,0,0,0,0,1,2,45,1,1,2,1,0,0,1,62,1,1,1,66,0,0
37,370785,1,1,1,20,9,7,23,35,0,1,0,37,1,52,37,52037,2,2008,4A3AL25F28E0,4,A,3,A,L,2,5,F,2,8,E,0,0,0,0,000000000,00000000000,0,0,0,1,0,0,0,0,0,0,0,55,0,1,5,99,6,2,42,0,0,0,1,37,28906,6,1,0,0,3,0,67,999,0,0,0,0,0,0,0,0,0,0,0,0,0,0,1,2,55,1,1,2,1,0,0,1,13,1,1,4,1,1,0
37,370786,1,1,3,16,9,8,45,24,0,1,0,37,2,12,422,12422,15,2004,1FMRU15W74LA,1,F,M,R,U,1,5,W,7,4,L,A,0,0,0,000000000,00000000000,0,0,0,1,0,0,0,0,0,0,0,70,0,0,0,11,6,2,24,0,0,0,1,37,27932,6,1,0,0,3,3,68,999,0,0,0,0,0,0,0,0,0,0,58,0,0,0,3,2,70,1,1,2,1,0,0,1,13,1,1,4,1,1,0