STATE,ST_CASE,VEH_NO,VE_FORMS,NUMOCCS,DAY,MONTH,HOUR,MINUTE,HARM_EV,MAN_COLL,UNITTYPE,HIT_RUN,REG_STAT,OWNER,MAKE,MODEL,MAK_MOD,BODY_TYP,MOD_YEAR,VIN,VIN_1,VIN_2,VIN_3,VIN_4,VIN_5,VIN_6,VIN_7,VIN_8,VIN_9,VIN_10,VIN_11,VIN_12,TOW_VEH,J_KNIFE,MCARR_I1,MCARR_I2,MCARR_ID,GVWR,V_CONFIG,CARGO_BT,HAZ_INV,HAZ_PLAC,HAZ_ID,HAZ_CNO,HAZ_REL,BUS_USE,SPEC_USE,EMER_USE,TRAV_SP,UNDERIDE,ROLLOVER,ROLINLOC,IMPACT1,DEFORMED,TOWED,M_HARM,VEH_SC1,VEH_SC2,FIRE_EXP,DR_PRES,L_STATE,DR_ZIP,L_STATUS,L_TYPE,CDL_STAT,L_ENDORS,L_COMPL,L_RESTRI,DR_HGT,DR_WGT,PREV_ACC,PREV_SUS,PREV_DWI,PREV_SPD,PREV_OTH,FIRST_MO,FIRST_YR,LAST_MO,LAST_YR,SPEEDREL,DR_SF1,DR_SF2,DR_SF3,DR_SF4,VTRAFWAY,VNUM_LAN,VSPD_LIM,VALIGN,VPROFILE,VPAVETYP,VSURCOND,VTRAFCON,VTCONT_F,P_CRASH1,P_CRASH2,P_CRASH3,PCRASH4,PCRASH5,ACC_TYPE,DEATHS,DR_DRINK
37,370787,1,2,1,11,9,14,27,12,7,1,0,37,3,84,881,84881,66,2005,2HSCEAPR25C0,2,H,S,C,E,A,P,R,2,5,C,0,1,1,57,2394020,572394020,3,6,10,1,0,0,0,0,0,0,0,10,0,0,0,5,2,5,12,0,0,0,1,37,28578,6,1,6,0,3,1,73,999,0,0,0,0,0,0,0,0,0,0,0,0,0,0,1,2,45,1,1,2,1,0,0,16,11,1,1,2,46,0,0
37,370787,2,2,1,11,9,14,27,12,7,1,0,37,1,6,441,6441,20,2005,2C4GP44R05R2,2,C,4,G,P,4,4,R,0,5,R,2,0,0,0,000000000,00000000000,0,0,0,1,0,0,0,0,0,0,0,45,0,0,0,9,6,2,12,0,0,0,1,37,28450,6,1,0,0,3,0,73,999,0,0,0,0,0,0,0,0,0,0,0,0,0,0,1,2,45,1,1,2,1,0,0,1,61,1,1,1,45,1,0
37,370788,1,1,1,9,9,7,22,8,0,1,0,37,1,54,421,54421,15,2009,2HNYD28449H5,2,H,N,Y,D,2,8,4,4,9,H,5,0,0,0,000000000,00000000000,0,0,0,1,0,0,0,0,0,0,0,45,0,0,0,11,4,5,8,0,0,0,1,37,27006,6,1,0,0,3,3,63,999,1,0,0,0,0,7,2013,7,2013,0,0,0,0,0,1,2,55,1,2,2,1,0,0,1,80,1,1,1,13,0,0
37,370789,1,1,1,10,9,18,35,24,0,1,0,51,1,53,705,53705,80,2004,JS1VP53AX421,J,S,1,V,P,5,3,A,X,4,2,1,0,0,0,000000000,00000000000,0,0,0,1,0,0,0,0,0,0,0,65,0,0,0,12,6,2,24,0,0,0,1,51,22101,6,1,0,0,3,0,72,230,0,0,0,0,0,0,0,0,0,3,58,0,0,0,3,2,55,1,2,2,1,0,0,1,12,1,1,4,6,1,0
37,370790,1,2,1,16,9,20,38,8,0,1,0,37,1,52,34,52034,4,2007,4A3AB56F37E0,4,A,3,A,B,5,6,F,3,7,E,0,0,0,0,000000000,00000000000,0,0,0,1,0,0,0,0,0,0,0,35,0,0,0,12,2,5,8,0,0,0,1,37,27712,6,1,0,0,3,3,66,999,0,0,0,0,0,0,0,0,0,0,0,0,0,0,1,2,35,1,2,2,1,0,0,1,80,6,1,1,13,0,0
37,370790,2,2,2,16,9,20,38,8,0,1,0,37,1,55,36,55036,4,2013,KMHCU4AE1DU3,K,M,H,C,U,4,A,E,1,D,U,3,0,0,0,000000000,00000000000,0,0,0,1,0,0,0,0,0,0,0,25,0,0,0,14,2,5,8,0,0,0,1,37,27704,6,1,6,0,3,0,67,999,0,0,0,0,0,0,0,0,0,0,0,0,0,0,1,2,35,1,2,2,1,0,0,1,80,1,1,1,98,0,0
37,370791,1,1,1,17,9,7,23,59,0,1,0,37,1,12,471,12471,30,1992,1FTCR10A2NUB,1,F,T,C,R,1,0,A,2,N,U,B,0,0,0,000000000,00000000000,0,0,0,1,0,0,0,0,0,0,0,999,0,0,0,12,6,2,43,0,0,0,1,37,27018,6,1,0,0,3,0,69,999,0,0,0,0,0,0,0,0,0,9,99,99,99,99,1,2,45,1,1,2,1,0,0,1,10,1,1,4,6,1,0
37,370792,1,1,1,28,9,20,45,11,0,1,0,37,2,54,31,54031,3,1992,JH4DA945XNS0,J,H,4,D,A,9,4,5,X,N,S,0,0,0,0,000000000,00000000000,0,0,0,1,0,0,0,0,0,0,0,45,0,0,0,12,6,2,11,0,0,0,1,37,27018,1,1,0,0,2,0,72,999,0,7,0,0,7,11,2011,2,2012,0,0,0,0,0,1,2,45,1,1,2,2,0,0,1,87,1,1,1,13,1,1
37,370793,1,1,1,19,9,21,38,42,0,1,0,37,2,18,2,18002,4,2000,1G4HR54K4YU1,1,G,4,H,R,5,4,K,4,Y,U,1,0,0,0,000000000,00000000000,0,0,0,1,0,0,0,0,0,0,0,80,0,0,0,9,6,2,42,0,0,0,1,37,27565,1,1,0,0,2,0,66,999,0,2,0,0,1,9,2011,11,2011,3,36,0,0,0,1,2,55,2,1,2,1,0,0,14,10,1,1,4,6,1,1
37,370794,1,1,1,12,9,19,43,34,0,1,0,37,1,12,3,12003,2,2004,1FAFP40624F1,1,F,A,F,P,4,0,6,2,4,F,1,0,0,0,000000000,00000000000,0,0,0,1,0,0,0,0,0,0,0,60,0,1,5,12,6,2,1,0,0,0,1,37,27522,6,1,0,0,3,0,79,999,0,0,0,0,1,2,2013,2,2013,3,36,58,0,0,1,2,45,2,2,2,1,0,0,14,10,1,1,4,6,1,1
37,370795,1,2,1,25,9,21,41,12,1,1,0,37,2,37,402,37402,14,2002,JHLRD68402C0,J,H,L,R,D,6,8,4,0,2,C,0,0,0,0,000000000,00000000000,0,0,0,1,0,0,0,0,0,0,0,45,0,0,0,12,6,2,12,0,0,0,1,37,27317,1,1,0,0,2,0,71,999,1,4,1,0,4,4,2012,4,2014,4,0,0,0,0,1,2,45,1,2,2,1,0,0,1,51,1,1,1,24,1,1
37,370795,2,2,1,25,9,21,41,12,1,1,0,18,3,82,881,82881,66,2013,1FUJGHDV7DLB,1,F,U,J,G,H,D,V,7,D,L,B,1,1,57,623098,57623098,3,6,3,1,0,0,0,0,0,0,0,15,0,0,0,6,4,5,12,0,0,0,1,37,28386,1,1,1,0,2,0,68,999,0,0,0,0,1,6,2014,6,2014,0,0,0,0,0,1,2,45,1,2,2,1,0,0,1,18,1,1,1,25,0,0
37,370796,1,1,1,19,9,21,0,9,0,1,0,37,1,35,39,35039,4,1995,JN1CA21D0ST6,J,N,1,C,A,2,1,D,0,S,T,6,0,0,0,000000000,00000000000,0,0,0,1,0,0,0,0,0,0,0,60,0,0,0,12,6,2,9,0,0,0,1,37,27874,6,1,0,0,3,0,70,999,0,0,0,0,0,0,0,0,0,0,0,0,0,0,1,2,55,1,1,2,1,0,0,1,80,1,1,1,13,0,0
37,370797,1,1,1,22,9,22,59,8,0,1,0,37,1,18,2,18002,4,2002,1G4HP54K12U2,1,G,4,H,P,5,4,K,1,2,U,2,0,0,0,000000000,00000000000,0,0,0,1,0,0,0,0,0,0,0,55,0,0,0,14,2,5,8,0,0,0,1,37,28352,1,1,0,0,2,0,73,999,1,5,0,1,7,10,2011,7,2014,0,0,0,0,0,1,2,55,1,1,2,2,0,0,1,80,1,1,1,13,0,0
37,370798,1,1,1,16,9,6,52,8,0,1,0,37,2,22,16,22016,2,2001,1G2JB1240174,1,G,2,J,B,1,2,4,0,1,7,4,0,0,0,000000000,00000000000,0,0,0,1,0,0,0,0,0,0,0,45,0,0,0,1,4,5,8,0,0,0,1,37,27885,6,1,0,0,3,0,68,999,0,0,0,0,0,0,0,0,0,0,0,0,0,0,1,2,55,1,1,2,1,0,0,1,80,1,1,1,13,0,0
37,370799,1,1,2,7,9,8,40,34,0,1,0,37,2,6,441,6441,20,2005,2C4GP54L45R3,2,C,4,G,P,5,4,L,4,5,R,3,0,0,0,000000000,00000000000,0,0,0,1,0,0,0,0,0,0,0,55,0,0,0,12,6,2,34,0,0,0,1,37,28625,6,1,0,0,3,0,63,999,0,0,0,0,0,0,0,0,0,0,0,0,0,0,2,2,55,1,1,2,1,0,0,1,13,7,1,4,1,1,0
37,370800,1,1,2,23,9,16,28,24,0,1,0,12,1,37,706,37706,80,2007,1HFSC47F47A6,1,H,F,S,C,4,7,F,4,7,A,6,0,0,0,000000000,00000000000,0,0,0,1,0,0,0,0,0,0,0,30,0,0,0,3,6,2,24,0,0,0,1,12,32514,6,1,6,0,3,3,70,999,0,0,0,0,0,0,0,0,0,4,0,0,0,0,1,2,30,3,2,2,1,0,0,14,13,1,1,4,1,1,0
37,370801,1,1,4,14,9,18,37,34,0,1,0,24,1,39,34,39034,4,2006,SAJWA01B86HN,S,A,J,W,A,0,1,B,8,6,H,N,0,0,0,000000000,00000000000,0,0,0,1,0,0,0,0,0,0,0,90,0,1,5,1,6,2,1,0,0,0,1,24,20745,6,1,0,0,3,0,75,260,0,0,0,0,1,6,2012,6,2012,3,36,0,0,0,1,2,45,3,1,2,1,0,0,14,13,1,1,4,1,1,1
37,370802,1,2,1,30,9,7,3,8,0,1,0,37,6,20,481,20481,31,2011,1GC1KXC80BF1,1,G,C,1,K,X,C,8,0,B,F,1,1,1,0,000000000,00000000000,0,0,0,1,0,0,0,0,0,0,0,0,0,0,0,9,4,5,12,0,0,0,0,0,99997,7,6,97,7,6,7,998,997,998,998,998,998,998,98,9998,98,9998,8,0,0,0,0,1,2,55,1,1,2,1,0,0,0,98,0,0,0,98,0,0
37,370802,2,2,1,30,9,7,3,8,0,1,0,37,1,20,16,20016,4,1993,1G1JC5446P73,1,G,1,J,C,5,4,4,6,P,7,3,0,0,0,000000000,00000000000,0,0,0,1,0,0,0,0,0,0,0,45,0,0,0,10,6,2,12,0,0,0,1,37,27542,6,1,0,0,3,3,69,999,0,0,0,0,0,0,0,0,0,0,0,0,0,0,1,2,55,1,1,2,1,0,0,1,80,1,1,1,13,1,0
37,370803,1,1,1,29,9,19,21,8,0,1,0,37,1,55,35,55035,4,2013,5NPDH4AE3DH1,5,N,P,D,H,4,A,E,3,D,H,1,0,0,0,000000000,00000000000,0,0,0,1,0,0,0,0,0,0,0,12,0,0,0,12,2,5,8,0,0,0,1,37,28501,6,1,0,0,3,0,66,999,0,0,0,0,0,0,0,0,0,0,38,0,0,0,0,0,0,0,0,0,0,0,0,1,98,1,1,5,98,0,0
37,370804,1,1,1,29,9,21,28,34,0,1,0,37,1,22,20,22020,4,1997,1G2WJ52K8VF3,1,G,2,W,J,5,2,K,8,V,F,3,0,0,0,000000000,00000000000,0,0,0,1,0,0,0,0,0,0,0,60,0,1,5,12,6,2,1,0,0,0,1,37,28734,6,1,0,0,3,3,67,999,0,0,0,0,0,0,0,0,0,3,36,0,0,0,1,2,45,1,2,2,1,0,0,1,13,1,1,4,1,1,1
37,370805,1,1,1,23,9,5,45,42,0,1,0,37,2,2,404,2404,14,2002,1J4GW48S92C2,1,J,4,G,W,4,8,S,9,2,C,2,0,0,0,000000000,00000000000,0,0,0,1,0,0,0,0,0,0,0,65,0,0,0,12,6,2,42,0,0,0,1,37,28529,6,1,0,0,3,0,61,999,0,0,0,2,0,4,2013,8,2014,3,36,58,0,0,1,2,55,2,2,2,1,0,0,14,13,1,1,4,1,1,0
37,370806,1,1,1,18,9,2,0,35,0,1,0,37,1,12,401,12401,14,1998,1FMZU34X3WZB,1,F,M,Z,U,3,4,X,3,W,Z,B,0,0,0,000000000,00000000000,0,0,0,1,0,0,0,0,0,0,0,70,0,1,5,8,6,2,42,0,0,0,1,37,27370,6,1,0,0,3,3,73,999,0,0,0,0,0,0,0,0,0,3,58,0,0,0,1,2,55,1,2,2,1,0,0,1,11,1,1,4,1,1,0
37,370807,1,1,1,18,9,0,48,53,0,1,0,37,2,12,17,12017,4,2003,1FAFP53U33A1,1,F,A,F,P,5,3,U,3,3,A,1,0,0,0,000000000,00000000000,0,0,0,1,0,0,0,0,0,0,0,85,0,1,5,9,6,2,1,0,0,0,1,37,28360,1,1,0,0,2,0,71,999,0,0,0,0,0,0,0,0,0,3,36,0,0,0,1,2,45,2,1,2,1,0,0,14,10,1,1,4,6,1,1
37,370808,1,1,1,9,9,14,51,42,0,1,0,48,2,49,32,49032,4,1999,1NXBR12E4XZ1,1,N,X,B,R,1,2,E,4,X,Z,1,0,0,0,000000000,00000000000,0,0,0,1,0,0,0,0,0,0,0,70,0,0,0,12,6,2,2,0,0,1,1,45,28139,6,1,0,0,3,3,64,186,0,0,0,0,0,0,0,0,0,3,36,0,0,0,1,2,55,1,1,2,1,0,0,1,13,1,1,4,1,1,0
37,370809,1,1,1,27,9,5,4,1,0,1,0,37,2,12,401,12401,14,2002,1FMDU73E52UC,1,F,M,D,U,7,3,E,5,2,U,C,0,0,0,000000000,00000000000,0,0,0,1,0,0,0,0,0,0,0,65,0,2,5,0,6,2,42,0,0,0,1,37,28376,6,1,0,0,3,0,67,999,0,0,0,0,1,5,2012,5,2012,3,36,0,0,0,1,2,55,2,1,2,1,0,0,14,10,1,1,4,6,1,0
37,370810,1,1,2,22,9,16,38,32,0,1,0,37,2,7,20,7020,4,2004,1B3ES56C24D6,1,B,3,E,S,5,6,C,2,4,D,6,0,0,0,000000000,00000000000,0,0,0,1,0,0,0,0,0,0,0,70,0,1,5,12,6,2,1,0,0,0,1,37,27011,1,1,0,0,2,0,64,999,0,3,0,0,2,2,2012,5,2014,3,36,0,0,0,2,2,55,1,2,2,1,0,0,1,13,1,1,4,1,1,0
37,370811,1,2,1,17,7,10,9,12,6,1,0,37,2,49,40,49040,4,1994,JT2SK12E6R01,J,T,2,S,K,1,2,E,6,R,0,1,0,0,0,000000000,00000000000,0,0,0,1,0,0,0,0,0,0,0,10,0,0,0,9,6,2,12,0,0,0,1,37,28625,6,1,0,0,3,3,64,999,0,0,0,0,0,0,0,0,0,0,38,0,0,0,1,3,35,1,1,2,1,0,0,11,15,1,1,1,82,1,0
37,370811,2,2,1,17,7,10,9,12,6,1,0,37,2,37,402,37402,14,2010,5J6RE3H74AL0,5,J,6,R,E,3,H,7,4,A,L,0,0,0,0,000000000,00000000000,0,0,0,1,0,0,0,0,0,0,0,35,0,0,0,12,6,2,12,0,0,0,1,37,28625,6,1,0,0,3,0,63,999,0,0,0,0,0,0,0,0,0,0,0,0,0,0,1,3,35,1,1,2,1,0,0,1,71,1,1,1,83,0,0
37,370812,1,1,2,10,8,14,39,42,0,1,0,37,1,20,471,20471,30,2002,1GCCS1452281,1,G,C,C,S,1,4,5,2,2,8,1,0,0,0,000000000,00000000000,0,0,0,1,0,0,0,0,0,0,0,35,0,0,0,12,6,2,42,0,0,0,1,37,28457,6,1,0,0,3,3,72,999,0,0,0,0,0,0,0,0,0,4,58,0,0,0,1,2,35,3,1,2,1,0,0,14,12,1,1,4,6,1,0
37,370813,1,2,1,20,8,15,46,42,0,1,0,37,3,49,442,49442,20,2012,5TDKK3DC0CS2,5,T,D,K,K,3,D,C,0,C,S,2,0,0,0,000000000,00000000000,0,0,0,1,0,0,0,0,0,0,0,40,0,0,0,12,6,2,12,0,0,0,1,37,27502,6,1,0,0,3,0,68,999,0,0,0,0,0,0,0,0,0,0,0,0,0,0,2,2,45,1,1,2,1,0,0,1,13,1,1,4,1,1,0
37,370813,2,2,1,20,8,15,46,42,0,1,0,37,2,12,37,12037,4,2013,1FADP3K22DL1,1,F,A,D,P,3,K,2,2,D,L,1,0,0,0,000000000,00000000000,0,0,0,1,0,0,0,0,0,0,0,0,0,0,0,61,6,2,12,0,0,0,1,37,27539,6,1,0,0,3,3,69,999,0,0,0,1,0,6,2013,6,2013,0,0,0,0,0,1,4,45,8,8,2,1,0,0,5,64,1,1,1,98,0,0
37,370814,1,2,1,26,9,7,9,12,1,1,0,37,2,12,3,12003,2,1999,1FAFP4049XF1,1,F,A,F,P,4,0,4,9,X,F,1,0,0,0,000000000,00000000000,0,0,0,1,0,0,0,0,0,0,0,45,0,0,0,12,6,2,12,0,0,0,1,37,28681,6,1,0,0,3,0,70,999,0,0,0,0,0,0,0,0,0,0,0,0,0,0,1,2,45,1,1,2,2,0,0,1,50,1,1,1,20,0,0
37,370814,2,2,1,26,9,7,9,12,1,1,0,37,1,7,472,7472,30,2000,1B7GL22X9YS6,1,B,7,G,L,2,2,X,9,Y,S,6,0,0,0,000000000,00000000000,0,0,0,1,0,0,0,0,0,0,0,0,0,0,0,6,6,2,12,0,0,0,1,37,28681,6,1,0,0,3,0,72,999,1,0,0,0,0,6,2013,6,2013,0,0,0,0,0,1,2,45,1,1,2,2,0,0,11,53,1,1,1,21,1,0
37,370815,1,4,1,3,9,11,3,12,6,1,0,37,1,73,706,73706,80,2006,JKAZXCD186A0,J,K,A,Z,X,C,D,1,8,6,A,0,0,0,0,000000000,00000000000,0,0,0,1,0,0,0,0,0,0,0,100,0,0,0,61,6,2,12,0,0,0,1,37,28715,1,1,0,0,2,3,67,999,0,1,0,0,1,3,2014,3,2014,3,36,0,0,0,1,4,50,1,1,2,1,3,3,1,17,1,1,1,69,1,0
37,370815,2,4,2,3,9,11,3,12,6,1,0,37,1,12,401,12401,14,1992,1FMDU34X1NUA,1,F,M,D,U,3,4,X,1,N,U,A,0,0,0,000000000,00000000000,0,0,0,1,0,0,0,0,0,0,0,10,0,0,0,12,4,3,12,0,0,0,1,37,28715,6,1,0,0,3,3,62,999,0,0,0,0,0,0,0,0,0,0,0,0,0,0,1,4,50,1,1,2,1,3,3,11,66,4,1,1,68,0,0
37,370815,3,4,1,3,9,11,3,12,6,1,0,37,3,12,481,12481,31,2011,1FTFW1EF8BKD,1,F,T,F,W,1,E,F,8,B,K,D,0,0,0,000000000,00000000000,0,0,0,1,0,0,0,0,0,0,0,0,0,0,0,18,2,5,54,0,0,0,1,37,28715,6,1,0,0,3,0,69,999,0,0,0,0,0,0,0,0,0,0,0,0,0,0,1,4,50,1,1,2,1,3,3,5,98,1,1,1,98,0,0
37,370815,4,4,1,3,9,11,3,12,6,1,0,37,1,7,482,7482,31,2012,1C6RD7LT3CS2,1,C,6,R,D,7,L,T,3,C,S,2,0,0,0,000000000,00000000000,0,0,0,1,0,0,0,0,0,0,0,0,0,0,0,18,2,5,54,0,0,0,1,37,28730,6,1,0,0,3,0,68,999,1,0,0,0,0,9,2014,9,2014,0,0,0,0,0,1,4,50,1,1,2,1,3,3,5,98,1,1,1,98,0,0
37,370816,1,2,1,26,9,6,39,12,2,1,0,37,2,35,39,35039,4,1999,JN1CA21D4XT2,J,N,1,C,A,2,1,D,4,X,T,2,0,0,0,000000000,00000000000,0,0,0,1,0,0,0,0,0,0,0,45,0,0,0,12,6,2,12,0,0,0,1,37,28025,6,1,0,0,3,3,72,999,0,0,0,0,1,8,2012,8,2012,0,28,0,0,0,1,2,45,1,3,2,1,0,0,1,10,1,1,2,50,0,0
37,370816,2,2,1,26,9,6,39,12,2,1,0,37,2,37,31,37031,2,1991,2HGED6343MH5,2,H,G,E,D,6,3,4,3,M,H,5,0,0,0,000000000,00000000000,0,0,0,1,0,0,0,0,0,0,0,45,0,0,0,12,6,2,12,0,0,0,1,37,28025,3,1,0,0,2,0,65,999,0,0,0,0,0,0,0,0,0,0,0,0,0,0,1,2,45,1,3,2,1,0,0,1,62,1,1,1,51,1,0
37,370817,1,2,1,4,9,11,45,12,1,1,0,37,1,12,401,12401,14,2003,1FMZU63K43UC,1,F,M,Z,U,6,3,K,4,3,U,C,0,0,0,000000000,00000000000,0,0,0,1,0,0,0,0,0,0,0,55,0,0,0,12,6,2,12,0,0,0,1,37,28527,6,1,0,0,3,0,68,999,0,3,0,1,3,1,2012,1,2014,0,0,0,0,0,1,5,55,1,1,2,1,0,0,1,51,1,1,1,24,0,0
37,370817,2,2,2,4,9,11,45,12,1,1,0,0,0,99,709,99709,81,2000,000000000000,0,0,0,0,0,0,0,0,0,0,0,0,0,0,0,000000000,00000000000,0,0,0,1,0,0,0,0,0,0,0,30,0,0,0,6,6,2,12,0,0,0,1,37,28560,1,1,0,0,1,0,72,999,1,2,1,0,0,9,2012,11,2013,0,0,0,0,0,1,5,55,1,1,2,1,0,0,1,53,1,1,1,25,1,0
37,370818,1,2,3,5,9,21,27,12,6,1,0,37,1,55,41,55041,2,2013,KMHHT6KD9DU0,K,M,H,H,T,6,K,D,9,D,U,0,0,0,0,000000000,00000000000,0,0,0,1,0,0,0,0,0,0,0,55,0,0,0,12,6,2,12,0,0,0,1,37,28311,6,1,0,0,3,0,65,999,0,0,0,0,0,0,0,0,0,0,0,0,0,0,2,2,45,1,1,2,1,0,0,1,67,1,1,1,83,0,0
37,370818,2,2,1,5,9,21,27,12,6,1,0,37,2,12,37,12037,4,2003,1FAFP33P33W1,1,F,A,F,P,3,3,P,3,3,W,1,0,0,0,000000000,00000000000,0,0,0,1,0,0,0,0,0,0,0,10,0,0,0,9,6,2,12,0,0,0,1,37,28304,6,2,0,0,3,3,63,999,0,0,0,0,0,0,0,0,0,0,38,0,0,0,1,2,45,8,8,2,1,20,3,11,15,1,1,1,82,1,0
37,370819,1,2,1,21,9,7,29,12,6,1,0,37,2,7,21,7021,6,2008,2D4FV47T88H1,2,D,4,F,V,4,7,T,8,8,H,1,0,0,0,000000000,00000000000,0,0,0,1,0,0,0,0,0,0,0,112,0,0,0,12,6,2,12,0,0,0,1,37,28314,6,1,0,0,3,0,67,999,1,0,0,2,0,10,2011,7,2013,3,36,39,0,0,1,4,45,1,1,2,1,3,3,1,17,1,1,1,88,0,1
37,370819,2,2,2,21,9,7,29,12,6,1,0,37,1,12,17,12017,4,2014,1FAHP2F87EG1,1,F,A,H,P,2,F,8,7,E,G,1,0,0,0,000000000,00000000000,0,0,0,1,0,0,0,0,0,0,0,32,0,0,0,9,6,2,12,0,0,0,1,51,23503,6,1,0,0,3,0,68,200,0,0,0,1,0,7,2012,7,2012,0,0,0,0,0,2,2,45,1,1,2,1,3,3,1,66,1,1,1,89,1,0
37,370820,1,1,3,25,9,14,36,34,0,1,0,37,2,20,22,20022,2,2006,1G1AK15F9678,1,G,1,A,K,1,5,F,9,6,7,8,0,0,0,000000000,00000000000,0,0,0,1,0,0,0,0,0,0,0,55,0,1,5,12,6,2,1,0,0,0,1,37,28356,0,0,0,0,0,0,67,999,0,0,0,0,0,0,0,0,0,0,28,58,0,0,1,2,55,3,1,2,1,0,0,14,13,1,1,4,1,1,0
37,370821,1,1,1,18,9,14,35,1,0,1,0,37,1,2,404,2404,14,2000,1J4G258N2YC1,1,J,4,G,2,5,8,N,2,Y,C,1,0,0,0,000000000,00000000000,0,0,0,1,0,0,0,0,0,0,0,95,0,2,5,0,6,2,1,0,0,0,1,37,28405,6,1,0,0,3,0,61,999,0,0,0,1,0,3,2014,3,2014,3,36,0,0,0,3,2,70,1,1,2,1,0,0,1,13,1,1,4,1,1,0
37,370822,1,1,1,14,9,7,0,33,0,1,0,37,2,58,37,58037,4,2011,JN1DV6AP8BM6,J,N,1,D,V,6,A,P,8,B,M,6,0,0,0,000000000,00000000000,0,0,0,1,0,0,0,0,0,0,0,75,0,1,5,1,6,2,1,0,0,0,1,37,27713,6,2,0,0,3,3,71,999,0,0,0,0,0,0,0,0,0,3,36,0,0,0,1,3,45,1,2,2,1,0,0,1,13,1,1,4,1,1,0
37,370823,1,1,1,30,9,1,36,25,0,1,0,37,2,6,18,6018,4,2014,1C3CCBBB3EN1,1,C,3,C,C,B,B,B,3,E,N,1,0,0,0,000000000,00000000000,0,0,0,1,0,0,0,0,0,0,0,65,0,0,0,12,6,2,25,0,0,0,1,37,27703,6,1,0,0,3,3,60,999,0,0,0,0,0,0,0,0,0,0,58,0,0,0,3,4,65,1,2,2,1,0,0,1,12,1,1,4,6,1,1
37,370824,1,1,1,26,9,7,22,32,0,1,0,51,2,37,31,37031,2,1990,2HGED6355LH5,2,H,G,E,D,6,3,5,5,L,H,5,0,0,0,000000000,00000000000,0,0,0,1,0,0,0,0,0,0,0,55,0,0,0,12,6,2,32,0,0,0,1,37,27589,1,1,0,0,2,0,999,999,0,1,0,0,1,7,2013,7,2014,0,28,0,0,0,1,2,55,1,4,2,2,0,0,1,10,1,1,4,6,1,0
37,370825,1,1,4,7,9,1,28,59,0,1,0,37,1,13,1,13001,4,1993,1LNLM81W8PY7,1,L,N,L,M,8,1,W,8,P,Y,7,0,0,0,000000000,00000000000,0,0,0,1,0,0,0,0,0,0,0,80,0,0,0,12,6,2,59,0,0,0,1,37,28016,6,1,0,0,3,0,67,999,0,0,0,1,0,6,2012,6,2012,3,36,0,0,0,3,4,60,1,1,2,1,0,0,1,13,1,1,4,1,2,0
37,370826,1,2,1,29,9,22,4,12,2,1,0,37,2,84,881,84881,66,1999,2HSFMAER4XC0,2,H,S,F,M,A,E,R,4,X,C,0,1,1,57,1561670,571561670,3,6,97,1,0,0,0,0,0,0,0,55,0,0,0,12,6,2,12,0,0,0,1,37,28365,6,1,6,0,3,0,66,999,1,0,0,0,0,8,2014,8,2014,0,0,0,0,0,1,2,55,1,1,2,2,0,0,1,62,1,1,1,51,0,0
37,370826,2,2,1,29,9,22,4,12,2,1,0,37,2,12,481,12481,31,2007,1FTPW14V67FA,1,F,T,P,W,1,4,V,6,7,F,A,0,0,0,000000000,00000000000,0,0,0,1,0,0,0,0,0,0,0,55,0,0,0,12,6,2,12,0,0,1,1,37,27910,6,1,0,0,3,3,67,999,0,0,0,0,0,0,0,0,0,0,28,0,0,0,1,2,55,1,1,2,2,0,0,1,10,1,1,2,50,1,0
37,370827,1,2,2,16,9,20,10,12,2,1,0,37,2,12,37,12037,3,2001,3FAFP31351R1,3,F,A,F,P,3,1,3,5,1,R,1,0,0,0,000000000,00000000000,0,0,0,1,0,0,0,0,0,0,0,45,0,0,0,12,6,2,12,0,0,0,1,37,27701,1,1,0,0,2,3,62,999,1,6,0,0,7,11,2011,2,2014,0,28,58,0,0,1,2,45,1,1,2,1,0,0,1,10,1,1,2,50,1,0
37,370827,2,2,1,16,9,20,10,12,2,1,0,37,3,35,461,35461,21,2012,1N6BF0LX9CN1,1,N,6,B,F,0,L,X,9,C,N,1,0,0,0,000000000,00000000000,0,0,0,1,0,0,0,0,0,0,0,45,0,0,0,12,6,2,12,0,0,0,1,37,27565,6,1,0,0,3,0,72,999,0,0,0,0,0,0,0,0,0,0,0,0,0,0,1,2,45,1,1,2,1,0,0,1,62,1,1,1,51,0,0
37,370828,1,1,2,30,9,8,5,42,0,1,0,37,1,19,14,19014,4,1998,1G6KS54Y5WU9,1,G,6,K,S,5,4,Y,5,W,U,9,0,0,0,000000000,00000000000,0,0,0,1,0,0,0,0,0,0,0,55,0,0,0,12,6,2,42,0,0,0,1,37,27507,6,1,0,0,3,0,62,999,0,0,0,0,0,0,0,0,0,0,28,58,0,0,1,2,55,3,2,2,2,0,0,14,13,1,1,4,1,1,0
37,370829,1,1,1,24,9,2,2,8,0,1,0,37,1,54,35,54035,4,2008,19UUA66248A0,1,9,U,U,A,6,6,2,4,8,A,0,0,0,0,000000000,00000000000,0,0,0,1,0,0,0,0,0,0,0,45,0,0,0,12,4,5,8,0,0,0,1,37,27249,6,1,0,0,3,0,63,999,0,0,0,0,0,0,0,0,0,0,0,0,0,0,1,2,45,1,1,2,1,0,0,1,80,1,1,1,13,0,0
37,370830,1,1,6,27,9,2,49,53,0,1,0,37,1,2,404,2404,14,2000,1J4G248S7YC3,1,J,4,G,2,4,8,S,7,Y,C,3,0,0,0,000000000,00000000000,0,0,0,1,0,0,0,0,0,0,0,55,0,1,5,12,6,2,1,0,0,0,1,37,28334,1,1,0,0,2,0,66,999,0,6,0,0,8,1,2012,8,2014,0,28,58,0,0,1,2,55,1,1,2,1,0,0,1,13,1,1,4,1,1,1