STATE,ST_CASE,VEH_NO,VE_FORMS,NUMOCCS,DAY,MONTH,HOUR,MINUTE,HARM_EV,MAN_COLL,UNITTYPE,HIT_RUN,REG_STAT,OWNER,MAKE,MODEL,MAK_MOD,BODY_TYP,MOD_YEAR,VIN,VIN_1,VIN_2,VIN_3,VIN_4,VIN_5,VIN_6,VIN_7,VIN_8,VIN_9,VIN_10,VIN_11,VIN_12,TOW_VEH,J_KNIFE,MCARR_I1,MCARR_I2,MCARR_ID,GVWR,V_CONFIG,CARGO_BT,HAZ_INV,HAZ_PLAC,HAZ_ID,HAZ_CNO,HAZ_REL,BUS_USE,SPEC_USE,EMER_USE,TRAV_SP,UNDERIDE,ROLLOVER,ROLINLOC,IMPACT1,DEFORMED,TOWED,M_HARM,VEH_SC1,VEH_SC2,FIRE_EXP,DR_PRES,L_STATE,DR_ZIP,L_STATUS,L_TYPE,CDL_STAT,L_ENDORS,L_COMPL,L_RESTRI,DR_HGT,DR_WGT,PREV_ACC,PREV_SUS,PREV_DWI,PREV_SPD,PREV_OTH,FIRST_MO,FIRST_YR,LAST_MO,LAST_YR,SPEEDREL,DR_SF1,DR_SF2,DR_SF3,DR_SF4,VTRAFWAY,VNUM_LAN,VSPD_LIM,VALIGN,VPROFILE,VPAVETYP,VSURCOND,VTRAFCON,VTCONT_F,P_CRASH1,P_CRASH2,P_CRASH3,PCRASH4,PCRASH5,ACC_TYPE,DEATHS,DR_DRINK
37,370946,2,2,1,27,10,15,39,12,6,1,0,37,2,53,706,53706,80,2008,JS1GT77A2821,J,S,1,G,T,7,7,A,2,8,2,1,0,0,0,000000000,00000000000,0,0,0,1,0,0,0,0,0,0,0,35,0,0,0,12,6,2,12,0,0,0,1,37,27604,6,1,0,0,3,3,70,999,1,0,0,0,0,6,2012,6,2012,0,0,0,0,0,1,2,35,1,1,2,1,3,3,1,17,2,1,1,69,1,0
37,370947,1,1,1,9,10,20,10,1,0,1,0,92,0,76,701,76701,81,2007,000000000000,0,0,0,0,0,0,0,0,0,0,0,0,0,0,0,000000000,00000000000,0,0,0,1,0,0,0,0,0,0,0,25,0,0,0,0,2,3,1,0,0,0,1,37,28685,1,1,0,0,1,0,71,999,0,0,0,0,0,0,0,0,0,0,0,0,0,0,1,2,35,1,2,2,1,0,0,1,14,1,1,4,14,1,1
37,370948,1,2,1,19,8,11,40,12,6,1,0,37,1,19,18,19018,4,2005,1G6DP567X501,1,G,6,D,P,5,6,7,X,5,0,1,0,0,0,000000000,00000000000,0,0,0,1,0,0,0,0,0,0,0,35,0,0,0,12,4,5,12,0,0,0,1,37,28461,6,1,0,0,3,0,61,999,0,0,0,0,0,0,0,0,0,0,38,0,0,0,1,2,35,1,1,2,1,20,3,1,17,1,1,1,88,0,0
37,370948,2,2,2,19,8,11,40,12,6,1,0,37,1,35,472,35472,30,2004,1N6ED29Y54C4,1,N,6,E,D,2,9,Y,5,4,C,4,0,0,0,000000000,00000000000,0,0,0,1,0,0,0,0,0,0,0,45,0,1,1,7,6,2,12,0,0,0,1,37,28422,6,1,0,0,3,3,68,999,0,0,0,0,0,0,0,0,0,0,0,0,0,0,1,2,55,1,1,2,1,0,0,1,17,1,1,1,89,1,0
37,370949,1,2,1,4,8,13,55,12,6,1,0,37,3,87,881,87881,66,2000,1XP5DB9X5YN5,1,X,P,5,D,B,9,X,5,Y,N,5,1,1,57,1821499,571821499,3,6,8,1,0,0,0,0,0,0,0,40,0,1,1,12,6,2,1,0,0,0,1,37,28729,6,1,6,1,3,1,67,999,0,0,0,0,0,0,0,0,0,0,0,0,0,0,3,3,55,1,1,2,1,0,0,1,60,3,1,1,48,0,0
37,370949,2,2,1,4,8,13,55,12,6,1,0,37,1,12,481,12481,31,1993,1FTEX15N9PKB,1,F,T,E,X,1,5,N,9,P,K,B,0,0,0,000000000,00000000000,0,0,0,1,0,0,0,0,0,0,0,10,0,1,1,9,6,2,12,0,0,1,1,47,28759,6,1,0,0,3,3,71,170,1,0,0,0,0,5,2012,5,2012,0,27,0,0,0,3,3,55,1,1,2,1,0,0,15,10,1,1,2,48,1,0
37,370950,1,1,1,28,8,18,25,40,0,1,0,37,2,34,706,34706,80,2003,WB10439A33ZF,W,B,1,0,4,3,9,A,3,3,Z,F,0,0,0,000000000,00000000000,0,0,0,1,0,0,0,0,0,0,0,42,0,0,0,9,6,2,40,0,0,0,1,37,28134,1,1,0,0,2,0,67,999,0,1,0,0,1,1,2014,2,2014,3,36,0,0,0,1,2,25,2,1,2,1,0,0,14,10,1,1,4,6,1,1
37,370951,1,3,1,3,9,10,26,12,6,1,0,37,1,20,481,20481,31,1997,1GCEC14R0VZ1,1,G,C,E,C,1,4,R,0,V,Z,1,0,0,0,000000000,00000000000,0,0,0,1,0,0,0,0,0,0,0,45,0,0,0,12,6,2,12,0,0,0,1,37,27889,6,1,0,0,3,3,62,999,0,0,0,0,0,0,0,0,0,0,39,0,0,0,1,4,45,1,1,2,1,3,3,1,17,1,1,1,86,0,0
37,370951,2,3,2,3,9,10,26,12,6,1,0,37,1,7,25,7025,5,2010,1B3CB4HA6AD6,1,B,3,C,B,4,H,A,6,A,D,6,0,0,0,000000000,00000000000,0,0,0,1,0,0,0,0,0,0,0,35,0,0,0,2,6,2,12,0,0,0,1,37,27889,6,1,0,0,3,3,67,999,0,0,0,0,0,0,0,0,0,0,0,0,0,0,1,4,35,1,1,2,1,3,3,1,17,1,1,1,87,1,0
37,370951,3,3,2,3,9,10,26,12,6,1,0,37,1,12,471,12471,31,1995,1FTCR14X3SPB,1,F,T,C,R,1,4,X,3,S,P,B,0,0,0,000000000,00000000000,0,0,0,1,0,0,0,0,0,0,0,0,0,0,0,10,6,2,12,0,0,0,1,37,27889,6,1,0,0,3,0,71,999,0,0,0,0,0,0,0,0,0,0,0,0,0,0,1,4,35,1,1,2,1,3,3,4,98,1,1,1,98,0,0
37,370952,1,1,2,30,9,13,40,8,0,1,0,37,1,49,40,49040,4,1998,4T1BG22K2WU2,4,T,1,B,G,2,2,K,2,W,U,2,0,0,0,000000000,00000000000,0,0,0,1,0,0,0,0,0,0,0,35,0,0,0,12,6,2,8,0,0,0,1,37,28612,6,1,0,0,3,3,71,999,0,0,0,0,0,0,0,0,0,0,0,0,0,0,2,2,35,1,3,2,1,0,0,1,80,2,1,1,13,0,0
37,370953,1,2,1,29,10,8,8,12,2,1,0,37,2,49,40,49040,4,2007,4T1BE46KX7U7,4,T,1,B,E,4,6,K,X,7,U,7,0,0,0,000000000,00000000000,0,0,0,1,0,0,0,0,0,0,0,55,0,0,0,12,6,2,12,0,0,0,1,37,27910,6,1,0,0,3,0,67,999,0,0,0,0,0,0,0,0,0,0,28,0,0,0,1,2,55,1,1,2,1,0,0,1,10,1,1,2,50,1,0
37,370953,2,2,5,29,10,8,8,12,2,1,0,37,2,12,17,12017,4,2008,1FAHP28WX8G1,1,F,A,H,P,2,8,W,X,8,G,1,0,0,0,000000000,00000000000,0,0,0,1,0,0,0,0,0,0,0,55,0,0,0,12,6,2,12,0,0,0,1,37,27910,6,1,0,0,3,1,64,999,0,0,0,0,1,5,2012,5,2012,0,0,0,0,0,1,2,55,1,1,2,1,0,0,1,62,1,1,1,51,1,0
37,370954,1,1,1,27,10,19,44,8,0,1,0,37,3,7,24,7024,4,2013,2C3CDXAT8DH6,2,C,3,C,D,X,A,T,8,D,H,6,0,0,0,000000000,00000000000,0,0,0,1,0,0,0,0,0,0,0,70,0,0,0,12,6,2,8,0,0,0,1,37,27546,6,1,0,0,3,0,69,999,0,0,0,0,0,0,0,0,0,3,0,0,0,0,3,4,55,2,1,2,1,0,0,14,80,1,1,1,13,0,0
37,370955,1,1,1,19,10,0,57,32,0,1,0,37,1,35,39,35039,4,2007,1N4BA41E57C8,1,N,4,B,A,4,1,E,5,7,C,8,0,0,0,000000000,00000000000,0,0,0,1,0,0,0,0,0,0,0,65,0,1,3,12,6,2,32,0,0,0,1,37,27295,6,1,6,0,3,0,70,999,0,0,0,0,0,0,0,0,0,0,99,99,99,99,2,2,55,1,2,2,1,0,0,1,10,1,1,4,6,1,1
37,370956,1,2,1,18,10,20,5,12,2,1,1,99,9,99,999,99999,99,9999,999999999999,9,9,9,9,9,9,9,9,9,9,9,9,0,0,0,000000000,00000000000,0,0,0,1,0,0,0,0,0,0,0,55,0,0,0,12,4,5,12,0,0,0,1,99,99999,9,9,99,9,9,9,999,999,99,99,99,99,99,99,9999,99,9999,0,38,0,0,0,1,2,55,3,2,2,1,4,3,11,15,1,1,1,84,0,0
37,370956,2,2,1,18,10,20,5,12,2,1,0,92,0,98,709,98709,81,2008,000000000000,0,0,0,0,0,0,0,0,0,0,0,0,0,0,0,000000000,00000000000,0,0,0,1,0,0,0,0,0,0,0,30,0,0,0,12,6,2,12,0,0,0,1,37,28458,1,1,0,0,2,0,66,999,0,0,0,0,0,0,0,0,0,0,0,0,0,0,1,2,55,2,2,2,1,4,3,14,54,1,1,1,84,1,1
37,370957,1,1,1,18,10,19,48,9,0,1,0,37,1,7,482,7482,31,2013,1C6RR6LG9DS6,1,C,6,R,R,6,L,G,9,D,S,6,0,0,0,000000000,00000000000,0,0,0,1,0,0,0,0,0,0,0,10,0,0,0,12,4,5,9,0,0,0,1,37,27701,6,1,0,0,3,3,69,999,1,0,0,0,0,11,2012,11,2012,0,38,0,0,0,1,2,35,1,2,2,1,0,0,11,80,1,1,1,13,0,0
37,370958,1,6,1,30,10,15,10,12,1,1,0,37,3,82,881,82881,66,2000,1FUYFXYB8YLF,1,F,U,Y,F,X,Y,B,8,Y,L,F,1,1,57,00230152,5700230152,3,6,8,1,0,0,0,0,0,0,0,65,0,0,0,12,6,2,12,0,0,0,1,37,27298,6,1,6,9,3,0,73,999,0,0,0,0,0,0,0,0,0,4,36,0,0,0,3,2,65,1,2,2,1,0,0,1,50,1,1,1,20,0,0
37,370958,2,6,5,30,10,15,10,12,1,1,0,17,2,37,441,37441,20,2007,5FNRL38877B1,5,F,N,R,L,3,8,8,7,7,B,1,0,0,0,000000000,00000000000,0,0,0,1,0,0,0,0,0,0,0,0,0,1,5,6,6,2,12,0,0,0,1,17,60447,6,1,0,0,3,0,66,130,0,0,0,0,0,0,0,0,0,0,0,0,0,0,3,2,65,1,2,2,1,0,0,5,98,1,1,1,21,1,0
37,370958,3,6,2,30,10,15,10,12,1,1,0,37,1,35,39,35039,4,1996,JN1CA21D8TT1,J,N,1,C,A,2,1,D,8,T,T,1,0,0,0,000000000,00000000000,0,0,0,1,0,0,0,0,0,0,0,0,0,0,0,6,6,2,12,0,0,0,1,37,27030,6,1,0,0,3,0,65,999,1,0,0,0,0,12,2012,12,2012,0,0,0,0,0,3,2,65,1,2,2,1,0,0,5,98,1,1,1,98,2,0
37,370958,4,6,1,30,10,15,10,12,1,1,0,37,1,30,40,30040,4,1998,3VWRF81H8WM2,3,V,W,R,F,8,1,H,8,W,M,2,0,0,0,000000000,00000000000,0,0,0,1,0,0,0,0,0,0,0,0,0,0,0,6,6,2,54,0,0,0,1,37,27030,6,1,0,0,3,0,75,999,0,0,0,0,0,0,0,0,0,0,0,0,0,0,3,2,65,1,2,2,1,0,0,5,98,1,1,1,98,0,0
37,370958,5,6,1,30,10,15,10,12,1,1,0,37,3,12,471,12471,30,2005,1FTYR10D55PA,1,F,T,Y,R,1,0,D,5,5,P,A,0,0,0,000000000,00000000000,0,0,0,1,0,0,0,0,0,0,0,0,0,0,0,6,6,2,54,0,0,0,1,37,27030,6,1,0,0,3,3,70,999,1,0,0,0,1,5,2012,8,2013,0,0,0,0,0,3,2,65,1,2,2,1,0,0,5,98,1,1,1,98,0,0
37,370958,6,6,2,30,10,15,10,12,1,1,0,37,1,37,32,37032,4,2004,1HGCM56664A0,1,H,G,C,M,5,6,6,6,4,A,0,0,0,0,000000000,00000000000,0,0,0,1,0,0,0,0,0,0,0,0,0,0,0,6,6,2,54,0,0,0,1,37,27021,6,1,0,0,3,3,65,999,0,0,0,1,1,9,2012,10,2012,0,0,0,0,0,3,2,65,1,2,2,1,0,0,5,98,1,1,1,98,0,0
37,370959,1,1,1,24,10,7,33,8,0,1,0,37,1,35,47,35047,4,2009,1N4AL21E99N4,1,N,4,A,L,2,1,E,9,9,N,4,0,0,0,000000000,00000000000,0,0,0,1,0,0,0,0,0,0,0,45,0,0,0,12,4,5,8,0,0,0,1,37,28056,6,1,0,0,3,3,64,999,0,0,0,0,0,0,0,0,0,0,0,0,0,0,1,2,45,3,1,2,1,0,0,14,80,1,1,1,13,0,0
37,370960,1,2,1,28,10,20,5,12,6,1,0,51,2,37,33,37033,2,1993,JHMBB2155PC0,J,H,M,B,B,2,1,5,5,P,C,0,0,0,0,000000000,00000000000,0,0,0,1,0,0,0,0,0,0,0,5,0,0,0,9,6,2,12,0,0,0,1,37,27910,6,1,0,0,3,0,69,999,2,0,0,2,1,1,2012,5,2013,0,38,0,0,0,1,2,55,1,1,2,1,20,3,11,15,1,1,1,82,1,0
37,370960,2,2,1,28,10,20,5,12,6,1,0,37,1,18,22,18022,4,2005,2G4WD532X512,2,G,4,W,D,5,3,2,X,5,1,2,0,0,0,000000000,00000000000,0,0,0,1,0,0,0,0,0,0,0,55,0,0,0,12,6,2,12,0,0,0,1,37,27938,6,1,0,0,3,0,65,999,0,0,0,0,0,0,0,0,0,0,0,0,0,0,1,2,55,1,1,2,1,0,0,1,54,6,1,2,83,0,0
37,370961,1,2,1,20,10,8,29,12,6,1,0,37,1,6,43,6043,2,2001,1C3EL45U41N6,1,C,3,E,L,4,5,U,4,1,N,6,0,0,0,000000000,00000000000,0,0,0,1,0,0,0,0,0,0,0,25,0,0,0,2,6,2,12,0,0,0,1,37,27403,6,1,0,0,3,3,72,999,0,0,0,0,0,0,0,0,0,0,38,0,0,0,2,5,35,1,1,2,1,0,0,11,15,1,1,1,68,1,0
37,370961,2,2,1,20,10,8,29,12,6,1,0,37,2,41,51,41051,4,2013,JM1BL1V76D17,J,M,1,B,L,1,V,7,6,D,1,7,0,0,0,000000000,00000000000,0,0,0,1,0,0,0,0,0,0,0,35,0,0,0,12,6,2,12,0,0,0,1,37,27801,6,1,0,0,3,3,63,999,0,0,0,1,0,5,2014,5,2014,0,0,0,0,0,2,5,35,1,1,2,1,0,0,1,54,1,1,1,69,0,0
37,370962,1,2,1,27,10,13,4,12,2,1,0,37,1,12,471,12471,30,1986,1FTDF15Y4GNB,1,F,T,D,F,1,5,Y,4,G,N,B,0,0,0,000000000,00000000000,0,0,0,1,0,0,0,0,0,0,0,45,0,0,0,12,6,2,12,0,0,0,1,37,28677,6,1,0,0,3,0,69,999,0,1,1,0,0,4,2013,4,2013,0,36,28,0,0,1,5,45,1,1,2,1,0,0,1,10,1,1,2,50,1,0
37,370962,2,2,2,27,10,13,4,12,2,1,0,37,1,20,481,20481,31,2003,2GCEC19T0311,2,G,C,E,C,1,9,T,0,3,1,1,0,0,0,000000000,00000000000,0,0,0,1,0,0,0,0,0,0,0,45,0,0,0,12,6,2,12,0,0,0,1,37,28673,6,1,0,0,3,0,69,999,0,1,0,0,0,8,2014,8,2014,0,0,0,0,0,1,5,45,1,1,2,1,0,0,1,62,1,1,1,51,0,1
37,370963,1,2,1,29,10,23,3,12,6,1,0,37,2,12,17,12017,4,1998,1FAFP52U8WA1,1,F,A,F,P,5,2,U,8,W,A,1,0,0,0,000000000,00000000000,0,0,0,1,0,0,0,0,0,0,0,30,0,0,0,9,6,2,12,0,0,0,1,37,27874,6,1,0,0,3,0,69,999,0,0,0,0,0,0,0,0,0,0,0,0,0,0,2,9,45,9,9,2,2,3,3,11,17,1,1,2,82,1,1
37,370963,2,2,1,29,10,23,3,12,6,1,0,37,1,20,431,20431,16,1996,1GNFK16R1TJ3,1,G,N,F,K,1,6,R,1,T,J,3,0,0,0,000000000,00000000000,0,0,0,1,0,0,0,0,0,0,0,40,0,0,0,12,6,2,12,0,0,0,1,37,27801,6,1,0,0,3,0,75,999,0,0,0,0,0,0,0,0,0,0,0,0,0,0,2,9,45,9,9,2,2,3,3,1,17,1,1,2,83,0,1
37,370964,1,1,2,25,10,18,58,42,0,1,0,37,2,49,471,49471,31,1986,JT4RN50R9G02,J,T,4,R,N,5,0,R,9,G,0,2,0,0,0,000000000,00000000000,0,0,0,1,0,0,0,0,0,0,0,70,0,0,0,1,6,2,42,0,0,0,1,37,27557,1,1,0,0,2,0,70,999,0,3,2,0,0,4,2012,3,2014,0,30,26,0,0,1,2,55,3,1,2,1,0,0,14,10,1,1,4,1,1,1
37,370965,1,2,4,26,10,14,45,12,6,1,0,37,2,20,2,20002,4,2005,2G1WF52E9591,2,G,1,W,F,5,2,E,9,5,9,1,0,0,0,000000000,00000000000,0,0,0,1,0,0,0,0,0,0,0,90,0,0,0,12,6,2,42,0,0,0,1,37,27801,0,0,0,0,0,0,999,999,0,0,0,0,0,0,0,0,0,3,27,58,0,0,3,2,65,1,1,2,1,0,0,6,10,1,1,2,46,1,0
37,370965,2,2,1,26,10,14,45,12,6,1,0,51,1,49,472,49472,30,2005,3TMJU62N45M0,3,T,M,J,U,6,2,N,4,5,M,0,0,0,0,000000000,00000000000,0,0,0,1,0,0,0,0,0,0,0,65,0,0,0,4,4,3,12,0,0,0,1,51,23606,1,1,0,0,2,0,66,215,0,1,0,0,0,7,2014,7,2014,0,0,0,0,0,3,2,65,1,1,2,1,0,0,6,10,1,1,2,45,0,0
37,370966,1,3,1,11,10,9,33,12,8,1,0,37,1,20,403,20403,14,2005,1GNDT13S8522,1,G,N,D,T,1,3,S,8,5,2,2,0,0,0,000000000,00000000000,0,0,0,1,0,0,0,0,0,0,0,55,0,0,0,9,6,2,12,0,0,0,1,37,28540,6,1,0,0,3,3,68,999,1,0,0,0,0,9,2013,9,2013,0,28,0,0,0,2,5,45,1,2,2,1,0,0,16,10,1,1,2,64,0,0
37,370966,2,3,4,11,10,9,33,12,8,1,0,37,2,12,461,12461,21,1998,1FTRE1463WHA,1,F,T,R,E,1,4,6,3,W,H,A,0,0,0,000000000,00000000000,0,0,0,1,0,0,0,0,0,0,0,45,0,0,0,9,4,5,12,0,0,0,1,37,28462,6,1,0,0,3,3,67,999,0,0,0,0,0,0,0,0,0,0,0,0,0,0,2,5,45,1,2,2,1,0,0,1,62,1,1,1,65,0,0
37,370966,3,3,2,11,10,9,33,12,8,1,0,37,1,20,22,20022,4,2008,1G1AK58F4872,1,G,1,A,K,5,8,F,4,8,7,2,0,0,0,000000000,00000000000,0,0,0,1,0,0,0,0,0,0,0,45,0,0,0,12,6,2,12,0,0,0,1,37,28574,6,1,0,0,3,0,64,999,1,0,0,0,0,1,2014,1,2014,0,0,0,0,0,2,5,45,1,2,2,1,0,0,1,62,1,1,1,98,1,0
37,370967,1,1,1,3,10,9,39,9,0,1,0,37,1,13,421,13421,15,2001,5LMFU28A01LJ,5,L,M,F,U,2,8,A,0,1,L,J,0,0,0,000000000,00000000000,0,0,0,1,0,0,0,0,0,0,0,3,0,0,0,12,0,5,9,0,0,0,1,37,27705,6,1,0,0,3,3,60,999,1,0,0,0,0,5,2013,5,2013,0,0,0,0,0,1,2,98,1,2,2,1,0,0,10,80,1,1,1,13,0,0
37,370968,1,2,2,19,10,20,33,12,6,1,0,37,1,35,39,35039,4,2005,1N4BA41E95C8,1,N,4,B,A,4,1,E,9,5,C,8,0,0,0,000000000,00000000000,0,0,0,1,0,0,0,0,0,0,0,10,0,0,0,10,4,5,12,0,0,0,1,37,28590,6,1,0,0,3,3,63,999,0,0,0,0,0,0,0,0,0,0,38,0,0,0,1,3,45,1,2,2,1,20,3,11,15,1,1,1,82,0,0
37,370968,2,2,1,19,10,20,33,12,6,1,0,37,1,73,706,73706,80,2001,JKAZX9A151A0,J,K,A,Z,X,9,A,1,5,1,A,0,0,0,0,000000000,00000000000,0,0,0,1,0,0,0,0,0,0,0,70,0,0,0,12,6,2,12,0,0,0,1,37,28590,6,1,0,0,3,0,71,999,1,0,0,4,1,3,2012,9,2014,3,36,0,0,0,1,3,45,1,2,2,1,0,0,1,54,1,1,1,83,1,1
37,370969,1,1,1,28,10,15,16,59,0,1,0,37,2,7,482,7482,31,1994,1B7HC16Y0RS6,1,B,7,H,C,1,6,Y,0,R,S,6,0,0,0,000000000,00000000000,0,0,0,1,0,0,0,0,0,0,0,55,0,0,0,1,6,2,42,0,0,0,1,37,28379,1,1,0,0,2,0,68,999,0,3,1,0,1,7,2012,5,2014,0,36,0,0,0,1,2,55,3,2,2,1,0,0,14,13,1,1,4,1,1,1
37,370970,1,3,1,21,10,15,34,12,1,1,0,37,2,20,481,20481,31,2009,1GCHK63679F1,1,G,C,H,K,6,3,6,7,9,F,1,0,0,0,000000000,00000000000,0,0,0,1,0,0,0,0,0,0,0,54,0,0,0,12,6,2,12,0,0,0,1,37,28146,6,1,0,0,3,0,65,999,0,0,0,0,0,0,0,0,0,0,0,0,0,0,2,4,45,1,1,2,1,0,0,1,50,1,1,1,20,0,0
37,370970,2,3,4,21,10,15,34,12,1,1,0,37,1,37,32,37032,4,2002,1HGCG56752A1,1,H,G,C,G,5,6,7,5,2,A,1,0,0,0,000000000,00000000000,0,0,0,1,0,0,0,0,0,0,0,0,0,0,0,6,6,2,12,0,0,0,1,37,27455,6,1,0,0,3,3,63,999,0,0,0,0,0,0,0,0,0,0,0,0,0,0,2,4,45,1,1,2,1,0,0,5,98,1,1,1,21,3,0
37,370970,3,3,1,21,10,15,34,12,1,1,0,37,3,82,461,82461,21,2003,WD2YD5425354,W,D,2,Y,D,5,4,2,5,3,5,4,0,0,0,000000000,00000000000,0,0,0,1,0,0,0,0,0,0,0,45,0,0,0,0,2,5,7,0,0,0,1,37,28677,6,1,0,0,3,0,72,999,1,0,0,0,0,4,2014,4,2014,0,0,0,0,0,2,4,45,1,1,2,1,0,0,1,98,1,1,1,98,0,0
37,370971,1,1,1,15,10,19,18,8,0,1,0,37,1,37,471,37471,30,2006,2HJYK16516H5,2,H,J,Y,K,1,6,5,1,6,H,5,0,0,0,000000000,00000000000,0,0,0,1,0,0,0,0,0,0,0,19,0,0,0,2,2,8,8,0,0,0,1,37,27519,6,1,0,0,3,0,74,999,0,0,0,0,0,0,0,0,0,0,38,0,0,0,1,2,25,1,2,2,1,20,3,10,80,1,1,1,13,0,0
37,370972,1,1,3,25,10,19,5,8,0,1,0,37,1,54,36,54036,4,2005,JH4KB16505C0,J,H,4,K,B,1,6,5,0,5,C,0,0,0,0,000000000,00000000000,0,0,0,1,0,0,0,0,0,0,0,45,0,0,0,12,4,5,8,0,0,0,1,37,27616,6,1,0,0,3,3,65,999,0,0,0,0,0,0,0,0,0,0,0,0,0,0,2,3,45,1,1,2,1,3,3,1,80,1,1,1,13,0,0
37,370973,1,2,1,29,10,17,28,12,6,1,1,37,2,21,20,21020,4,1994,1G3AG55M0R63,1,G,3,A,G,5,5,M,0,R,6,3,0,0,0,000000000,00000000000,0,0,0,1,0,0,0,0,0,0,0,7,0,0,0,9,2,5,12,0,0,0,1,37,27610,1,1,0,0,2,0,73,999,0,4,0,0,5,7,2012,9,2014,0,38,0,0,0,1,2,45,1,1,2,1,20,3,11,15,1,1,1,82,0,1
37,370973,2,2,1,29,10,17,28,12,6,1,0,37,2,73,706,73706,80,1992,JKAZXDJ11NA0,J,K,A,Z,X,D,J,1,1,N,A,0,0,0,0,000000000,00000000000,0,0,0,1,0,0,0,0,0,0,0,63,0,0,0,12,6,2,12,0,0,0,1,37,27591,1,1,0,0,2,0,75,999,0,5,0,0,3,12,2011,11,2013,0,0,0,0,0,1,2,45,1,1,2,1,0,0,1,54,2,1,1,83,1,0
37,370974,1,1,1,24,10,18,13,34,0,1,0,37,1,41,471,41471,30,1999,4F4YR12C0XTM,4,F,4,Y,R,1,2,C,0,X,T,M,0,0,0,000000000,00000000000,0,0,0,1,0,0,0,0,0,0,0,55,0,1,5,12,6,2,1,0,0,0,1,37,28366,6,1,0,0,3,3,65,999,0,0,0,0,0,0,0,0,0,0,28,36,0,0,1,2,55,3,2,2,1,0,0,14,13,1,1,4,1,1,0
37,370975,1,2,1,11,11,17,16,12,2,1,0,37,1,23,481,23481,31,1999,2GTEK19T6X15,2,G,T,E,K,1,9,T,6,X,1,5,0,0,0,000000000,00000000000,0,0,0,1,0,0,0,0,0,0,0,55,0,0,0,12,6,2,12,0,0,0,1,37,27808,6,1,0,0,3,0,74,999,0,0,0,1,0,5,2012,5,2012,0,0,0,0,0,1,5,55,1,1,2,1,0,0,1,10,1,1,2,69,1,1
37,370975,2,2,2,11,11,17,16,12,2,1,0,37,1,20,404,20404,14,2013,2GNALBEK5D62,2,G,N,A,L,B,E,K,5,D,6,2,0,0,0,000000000,00000000000,0,0,0,1,0,0,0,0,0,0,0,45,0,0,0,12,6,2,12,0,0,0,1,37,27875,6,1,0,0,3,0,63,999,0,0,0,0,1,11,2012,11,2012,0,0,0,0,0,1,5,55,1,1,2,1,0,0,11,10,1,1,2,68,0,0
37,370976,1,2,1,10,11,20,17,12,2,1,0,37,1,30,36,30036,5,2007,WVWDR71KX7W2,W,V,W,D,R,7,1,K,X,7,W,2,0,0,0,000000000,00000000000,0,0,0,1,0,0,0,0,0,0,0,25,0,0,0,12,6,2,12,0,0,0,1,37,28787,6,1,0,0,3,0,63,999,1,0,0,0,0,11,2012,11,2012,0,38,0,0,0,1,2,35,4,1,2,1,0,0,11,15,1,1,1,68,0,0
37,370976,2,2,1,10,11,20,17,12,2,1,0,37,2,37,705,37705,80,1994,JH2PC2505RM3,J,H,2,P,C,2,5,0,5,R,M,3,0,0,0,000000000,00000000000,0,0,0,1,0,0,0,0,0,0,0,45,0,0,0,12,6,2,12,0,0,0,1,37,28709,1,1,0,0,2,0,70,999,0,1,0,0,1,9,2014,9,2014,0,0,0,0,0,1,2,35,4,1,2,1,0,0,14,62,1,1,1,69,1,1
37,370977,1,1,1,11,11,17,26,42,0,1,0,37,2,37,32,37032,4,2004,1HGCM665X4A0,1,H,G,C,M,6,6,5,X,4,A,0,0,0,0,000000000,00000000000,0,0,0,1,0,0,0,0,0,0,0,60,0,0,0,12,6,2,42,0,0,0,1,37,28806,6,1,0,0,3,0,72,999,1,1,0,0,0,4,2013,2,2014,4,0,0,0,0,1,2,35,3,2,2,1,0,0,14,12,1,1,4,6,1,1
37,370978,1,1,1,8,11,17,54,42,0,1,0,37,1,76,706,76706,80,2013,JYARN17E0DA0,J,Y,A,R,N,1,7,E,0,D,A,0,0,0,0,000000000,00000000000,0,0,0,1,0,0,0,0,0,0,0,60,0,0,0,6,6,2,42,0,0,0,1,37,28027,6,1,0,0,2,0,72,999,2,0,0,1,0,9,2012,10,2013,3,0,0,0,0,1,2,45,2,3,2,1,0,0,14,12,1,1,4,6,1,1
37,370979,1,2,1,5,11,6,51,12,6,1,0,37,1,37,32,37032,4,1990,1HGCB7647LA0,1,H,G,C,B,7,6,4,7,L,A,0,0,0,0,000000000,00000000000,0,0,0,1,0,0,0,0,0,0,0,25,0,0,0,81,6,2,12,0,0,0,1,37,28127,6,1,6,0,3,3,73,999,1,0,0,0,0,7,2012,7,2012,0,48,38,0,0,2,4,55,1,1,2,1,3,3,11,15,1,1,1,68,1,0
37,370979,2,2,1,5,11,6,51,12,6,1,0,37,1,12,481,12481,31,2008,1FTRX12W18FB,1,F,T,R,X,1,2,W,1,8,F,B,0,0,0,000000000,00000000000,0,0,0,1,0,0,0,0,0,0,0,55,0,0,0,12,6,2,12,0,0,0,1,37,28025,6,1,0,0,3,0,69,999,0,0,0,0,0,0,0,0,0,0,0,0,0,0,2,4,55,1,1,2,1,3,3,1,63,1,1,1,69,0,0
37,370980,1,1,1,17,11,18,39,35,0,1,0,37,1,12,37,12037,4,2003,1FAFP34P63W3,1,F,A,F,P,3,4,P,6,3,W,3,0,0,0,000000000,00000000000,0,0,0,1,0,0,0,0,0,0,0,35,0,0,0,12,6,2,35,0,0,0,1,37,28644,6,1,6,0,3,0,72,999,0,0,0,0,0,0,0,0,0,0,36,0,0,0,1,2,35,1,1,2,1,20,3,1,14,1,1,4,14,1,0