STATE,ST_CASE,VEH_NO,VE_FORMS,NUMOCCS,DAY,MONTH,HOUR,MINUTE,HARM_EV,MAN_COLL,UNITTYPE,HIT_RUN,REG_STAT,OWNER,MAKE,MODEL,MAK_MOD,BODY_TYP,MOD_YEAR,VIN,VIN_1,VIN_2,VIN_3,VIN_4,VIN_5,VIN_6,VIN_7,VIN_8,VIN_9,VIN_10,VIN_11,VIN_12,TOW_VEH,J_KNIFE,MCARR_I1,MCARR_I2,MCARR_ID,GVWR,V_CONFIG,CARGO_BT,HAZ_INV,HAZ_PLAC,HAZ_ID,HAZ_CNO,HAZ_REL,BUS_USE,SPEC_USE,EMER_USE,TRAV_SP,UNDERIDE,ROLLOVER,ROLINLOC,IMPACT1,DEFORMED,TOWED,M_HARM,VEH_SC1,VEH_SC2,FIRE_EXP,DR_PRES,L_STATE,DR_ZIP,L_STATUS,L_TYPE,CDL_STAT,L_ENDORS,L_COMPL,L_RESTRI,DR_HGT,DR_WGT,PREV_ACC,PREV_SUS,PREV_DWI,PREV_SPD,PREV_OTH,FIRST_MO,FIRST_YR,LAST_MO,LAST_YR,SPEEDREL,DR_SF1,DR_SF2,DR_SF3,DR_SF4,VTRAFWAY,VNUM_LAN,VSPD_LIM,VALIGN,VPROFILE,VPAVETYP,VSURCOND,VTRAFCON,VTCONT_F,P_CRASH1,P_CRASH2,P_CRASH3,PCRASH4,PCRASH5,ACC_TYPE,DEATHS,DR_DRINK
37,370981,1,1,1,2,11,1,39,42,0,1,0,37,2,7,482,7482,31,2001,3B7HF13Z41G8,3,B,7,H,F,1,3,Z,4,1,G,8,0,0,0,000000000,00000000000,0,0,0,1,0,0,0,0,0,0,0,70,0,0,0,12,6,2,42,0,0,0,1,37,28613,1,1,0,0,2,0,68,999,0,1,0,0,0,4,2012,4,2012,3,0,0,0,0,1,2,45,3,1,2,1,0,0,14,13,1,1,4,1,1,1
37,370982,1,2,1,8,11,23,38,8,0,1,0,37,1,12,32,12032,4,2013,3FADP4BJXDM2,3,F,A,D,P,4,B,J,X,D,M,2,0,0,0,000000000,00000000000,0,0,0,1,0,0,0,0,0,0,0,45,0,0,0,12,6,2,8,0,0,0,1,37,28613,6,1,0,0,3,0,69,999,0,0,0,1,0,1,2014,1,2014,0,0,0,0,0,1,2,45,1,1,2,1,0,0,1,80,1,1,1,13,0,0
37,370982,2,2,1,8,11,23,38,8,0,1,0,37,2,20,37,20037,4,2002,1G1ND52J22M7,1,G,1,N,D,5,2,J,2,2,M,7,0,0,0,000000000,00000000000,0,0,0,1,0,0,0,0,0,0,0,45,0,0,0,14,4,5,8,0,0,0,1,37,28601,6,1,0,0,3,3,68,999,0,0,0,1,0,7,2013,7,2013,0,0,0,0,0,1,2,45,1,1,2,1,0,0,1,80,1,1,1,98,0,0
37,370983,1,2,1,11,11,5,20,12,6,1,0,37,2,72,706,72706,80,2003,1HD4CJM443K4,1,H,D,4,C,J,M,4,4,3,K,4,0,0,0,000000000,00000000000,0,0,0,1,0,0,0,0,0,0,0,45,0,0,0,81,6,2,12,0,0,0,1,37,28638,6,1,0,0,2,0,67,999,0,0,0,0,0,0,0,0,0,0,0,0,0,0,1,5,45,1,1,2,1,0,0,1,17,1,1,1,69,1,1
37,370983,2,2,1,11,11,5,20,12,6,1,0,37,2,49,43,49043,4,1997,4T1BF12BXVU1,4,T,1,B,F,1,2,B,X,V,U,1,0,0,0,000000000,00000000000,0,0,0,1,0,0,0,0,0,0,0,25,0,0,0,1,6,2,12,0,0,0,1,37,28619,6,1,0,0,3,3,73,999,0,0,0,0,0,0,0,0,0,0,38,0,0,0,1,5,45,1,1,2,1,0,0,11,15,1,1,1,68,0,0
37,370984,1,1,1,24,11,22,45,42,0,1,0,37,2,35,47,35047,4,1996,1N4BU31D1TC1,1,N,4,B,U,3,1,D,1,T,C,1,0,0,0,000000000,00000000000,0,0,0,1,0,0,0,0,0,0,0,65,0,0,0,81,6,2,42,0,0,0,1,37,28168,6,1,0,0,3,0,69,999,0,0,0,0,0,0,0,0,0,4,28,0,0,0,1,2,55,1,1,2,2,0,0,1,13,1,1,4,1,1,0
37,370985,1,2,1,11,11,18,52,12,7,1,0,37,2,12,16,12016,4,1997,2FALP74W3VX2,2,F,A,L,P,7,4,W,3,V,X,2,0,0,0,000000000,00000000000,0,0,0,1,0,0,0,0,0,0,0,78,7,1,5,81,6,2,34,0,0,0,1,37,28152,6,1,0,0,3,3,71,999,0,0,0,0,0,0,0,0,0,3,36,0,0,0,2,2,55,3,2,2,1,0,0,14,11,1,1,2,44,1,0
37,370985,2,2,3,11,11,18,52,12,7,1,0,37,1,12,401,12401,14,1998,1FMZU32X7WUB,1,F,M,Z,U,3,2,X,7,W,U,B,0,0,0,000000000,00000000000,0,0,0,1,0,0,0,0,0,0,0,50,0,0,0,61,4,5,12,0,0,0,1,37,28073,6,1,0,0,3,3,67,999,0,0,0,0,0,0,0,0,0,0,0,0,0,0,2,2,55,3,2,2,1,0,0,14,61,1,1,1,45,0,0
37,370986,1,3,3,18,11,7,29,12,1,1,0,37,1,37,31,37031,4,1987,1HGEC4636HA0,1,H,G,E,C,4,6,3,6,H,A,0,0,0,0,000000000,00000000000,0,0,0,1,0,0,0,0,0,0,0,10,0,0,0,6,6,2,12,0,0,0,1,37,28073,6,1,0,0,3,0,66,999,0,0,0,0,0,0,0,0,0,0,38,0,0,0,2,2,45,3,4,2,1,0,0,14,10,1,1,7,26,1,0
37,370986,2,3,1,18,11,7,29,12,1,1,0,37,2,7,41,7041,4,2004,2B3HD56G44H6,2,B,3,H,D,5,6,G,4,4,H,6,0,0,0,000000000,00000000000,0,0,0,1,0,0,0,0,0,0,0,45,0,0,0,12,6,2,12,0,0,0,1,37,28086,6,1,0,0,3,3,66,999,0,0,0,0,0,0,0,0,0,0,0,0,0,0,2,2,45,3,4,2,1,0,0,14,51,1,1,1,24,0,0
37,370986,3,3,1,18,11,7,29,12,1,1,0,37,1,12,25,12025,6,2011,2FMGK5DC0BBD,2,F,M,G,K,5,D,C,0,B,B,D,0,0,0,000000000,00000000000,0,0,0,1,0,0,0,0,0,0,0,45,0,0,0,12,6,2,12,0,0,0,1,37,28086,6,1,0,0,3,3,63,999,0,0,0,0,0,0,0,0,0,0,0,0,0,0,2,2,45,2,4,2,1,0,0,14,62,1,1,1,98,0,0
37,370987,1,1,1,1,11,18,14,34,0,1,0,37,1,20,481,20481,31,2005,2GCEC19V3511,2,G,C,E,C,1,9,V,3,5,1,1,0,0,0,000000000,00000000000,0,0,0,1,0,0,0,0,0,0,0,70,0,1,5,12,6,2,1,0,0,0,1,37,28456,6,1,0,0,3,0,68,999,0,0,0,0,0,0,0,0,0,4,0,0,0,0,1,2,55,1,1,2,2,0,0,1,13,1,1,4,1,1,1
37,370988,1,3,1,14,11,18,37,12,9,1,0,37,1,37,705,37705,80,1976,CB5501249202,C,B,5,5,0,1,2,4,9,2,0,2,0,0,0,000000000,00000000000,0,0,0,1,0,0,0,0,0,0,0,35,0,0,0,81,6,2,12,0,0,0,1,37,28371,6,1,0,0,2,0,65,999,0,0,0,0,0,0,0,0,0,4,0,0,0,0,1,2,35,1,1,2,1,0,0,6,50,1,1,2,32,1,0
37,370988,2,3,1,14,11,18,37,12,9,1,0,37,1,20,403,20403,14,2003,1GNET16S0361,1,G,N,E,T,1,6,S,0,3,6,1,0,0,0,000000000,00000000000,0,0,0,1,0,0,0,0,0,0,0,0,0,0,0,6,4,5,12,0,0,0,1,37,28348,6,1,0,0,3,0,64,999,0,0,0,0,0,0,0,0,0,0,0,0,0,0,1,2,35,1,1,2,1,0,0,5,53,1,1,1,32,0,0
37,370988,3,3,1,14,11,18,37,12,9,1,0,37,1,49,40,49040,4,2012,4T1BF1FK9CU1,4,T,1,B,F,1,F,K,9,C,U,1,0,0,0,000000000,00000000000,0,0,0,1,0,0,0,0,0,0,0,35,0,0,0,12,6,2,12,0,0,0,1,37,28348,6,1,0,0,3,3,68,999,0,0,0,0,1,8,2014,8,2014,0,0,0,0,0,1,2,35,1,1,2,1,0,0,1,62,1,1,1,98,0,0
37,370989,1,1,1,1,11,7,34,42,0,1,0,37,1,37,32,37032,4,2007,1HGCM66447A0,1,H,G,C,M,6,6,4,4,7,A,0,0,0,0,000000000,00000000000,0,0,0,1,0,0,0,0,0,0,0,90,0,0,0,12,6,2,42,0,0,0,1,37,28212,6,1,0,0,3,0,73,999,0,0,0,1,0,5,2014,5,2014,4,36,0,0,0,3,6,70,1,1,2,2,0,0,1,12,1,1,4,6,1,1
37,370990,1,1,3,3,11,0,8,24,0,1,0,37,2,63,441,63441,20,2005,KNDUP1324566,K,N,D,U,P,1,3,2,4,5,6,6,0,0,0,000000000,00000000000,0,0,0,1,0,0,0,0,0,0,0,99,0,0,0,12,4,5,24,0,0,0,1,51,22209,0,0,0,0,0,0,999,999,99,99,99,99,99,99,9999,99,9999,3,58,0,0,0,3,5,60,1,1,2,1,0,0,1,12,1,1,4,6,2,1
37,370991,1,1,1,6,11,23,32,33,0,1,0,37,1,12,17,12017,4,2006,1FAHP53286A1,1,F,A,H,P,5,3,2,8,6,A,1,0,0,0,000000000,00000000000,0,0,0,1,0,0,0,0,0,0,0,998,0,0,0,12,6,2,42,0,0,0,1,37,27284,6,1,0,0,3,0,64,999,1,0,0,0,0,1,2014,1,2014,0,99,99,99,99,1,3,35,1,1,2,1,0,0,1,12,1,1,4,1,1,1
37,370992,1,1,1,9,11,21,29,34,0,1,0,37,2,12,471,12471,30,1994,1FTCR15X3RPC,1,F,T,C,R,1,5,X,3,R,P,C,0,0,0,000000000,00000000000,0,0,0,1,0,0,0,0,0,0,0,80,0,1,5,12,6,2,42,0,0,1,1,37,27018,6,1,0,0,3,3,68,999,1,0,0,1,5,1,2012,8,2014,3,36,0,0,0,1,2,55,3,1,2,1,0,0,14,11,1,1,4,1,1,1
37,370993,1,2,2,12,11,13,12,12,6,1,0,37,1,49,40,49040,4,1996,4T1BG12K6TU9,4,T,1,B,G,1,2,K,6,T,U,9,0,0,0,000000000,00000000000,0,0,0,1,0,0,0,0,0,0,0,40,0,0,0,12,6,2,12,0,0,0,1,37,27127,6,1,0,0,3,3,65,999,0,0,0,0,1,3,2014,3,2014,0,38,39,0,0,2,3,45,1,1,2,1,3,3,1,54,1,1,1,69,1,0
37,370993,2,2,1,12,11,13,12,12,6,1,0,37,1,37,32,37032,4,2001,1HGCG56441A0,1,H,G,C,G,5,6,4,4,1,A,0,0,0,0,000000000,00000000000,0,0,0,1,0,0,0,0,0,0,0,25,0,0,0,2,6,2,12,0,0,0,1,37,27103,6,1,0,0,3,1,75,999,2,0,0,3,2,8,2012,10,2014,0,0,0,0,0,2,3,45,1,1,2,1,3,3,11,15,1,1,1,68,0,0
37,370994,1,1,1,15,11,1,35,42,0,1,0,37,1,49,32,49032,2,1988,JT2AE95C4J31,J,T,2,A,E,9,5,C,4,J,3,1,0,0,0,000000000,00000000000,0,0,0,1,0,0,0,0,0,0,0,70,0,0,0,12,6,2,42,0,0,0,1,37,28006,6,1,0,0,3,0,73,999,1,0,0,1,0,7,2012,12,2013,3,36,0,0,0,1,2,45,1,1,2,1,0,0,1,10,1,1,4,6,1,1
37,370995,1,1,1,22,11,3,49,34,0,1,0,37,1,12,481,12481,31,2001,3FTZF17261MA,3,F,T,Z,F,1,7,2,6,1,M,A,0,0,0,000000000,00000000000,0,0,0,1,0,0,0,0,0,0,0,55,0,1,5,12,6,2,1,0,0,0,1,37,27587,1,1,0,0,2,0,77,999,0,0,0,0,0,0,0,0,0,0,28,0,0,0,1,2,55,1,1,2,1,0,0,1,10,1,1,4,6,1,1
37,370996,1,2,1,1,11,4,20,12,2,1,0,37,3,82,881,82881,66,2004,1FUJA6CK54LN,1,F,U,J,A,6,C,K,5,4,L,N,1,1,57,661173,57661173,3,6,1,1,0,0,0,0,0,0,0,55,0,0,0,12,6,2,12,0,0,0,1,37,28208,6,1,6,9,3,1,71,999,0,0,0,0,0,0,0,0,0,0,0,0,0,0,3,2,55,1,1,2,2,0,0,1,54,98,1,1,52,0,0
37,370996,2,2,1,1,11,4,20,12,2,1,0,37,1,59,31,59031,4,2006,JTHBA30G1651,J,T,H,B,A,3,0,G,1,6,5,1,0,0,0,000000000,00000000000,0,0,0,1,0,0,0,0,0,0,0,55,0,0,0,12,6,2,12,0,0,0,1,37,27407,6,1,0,0,3,3,74,999,2,0,0,0,1,3,2012,9,2012,4,36,0,0,0,3,2,55,1,1,2,2,0,0,1,54,1,1,2,52,1,1
37,370997,1,1,1,11,11,22,32,59,0,1,0,37,1,37,706,37706,80,2006,JH2SC57046M2,J,H,2,S,C,5,7,0,4,6,M,2,0,0,0,000000000,00000000000,0,0,0,1,0,0,0,0,0,0,0,100,0,0,0,12,6,2,38,0,0,0,1,37,27405,6,1,0,0,3,0,74,999,0,0,0,0,0,0,0,0,0,3,36,0,0,0,1,2,45,1,2,2,1,0,0,1,6,1,1,4,6,1,0
37,370998,1,1,2,2,11,1,39,42,0,1,0,37,2,7,422,7422,15,2006,1D4HD48256F1,1,D,4,H,D,4,8,2,5,6,F,1,0,0,0,000000000,00000000000,0,0,0,1,0,0,0,0,0,0,0,70,0,0,0,2,6,2,42,0,0,0,1,37,28390,1,1,0,0,2,0,72,999,0,0,0,0,0,0,0,0,0,3,36,0,0,0,1,2,55,3,1,2,1,0,0,14,13,1,1,4,1,1,0
37,370999,1,1,4,23,11,0,26,32,0,1,0,37,2,20,481,20481,31,2000,1GBGC33R4YF5,1,G,B,G,C,3,3,R,4,Y,F,5,0,0,0,000000000,00000000000,0,0,0,1,0,0,0,0,0,0,0,55,0,1,5,12,6,2,1,0,0,0,1,37,27501,0,0,0,0,0,0,999,999,0,1,0,0,4,6,2012,3,2013,0,28,58,0,0,1,2,55,1,2,2,1,0,0,1,10,1,1,4,6,1,1
37,371000,1,2,2,15,11,13,34,12,6,1,0,45,1,49,403,49403,14,2010,JTEYK3EH7A21,J,T,E,Y,K,3,E,H,7,A,2,1,0,0,0,000000000,00000000000,0,0,0,1,0,0,0,0,0,0,0,65,0,0,0,7,6,2,12,0,0,0,1,45,29621,6,1,0,0,3,0,71,165,0,0,0,0,0,0,0,0,0,0,38,0,0,0,3,2,65,1,1,1,1,0,0,12,19,1,1,2,98,0,0
37,371000,2,2,2,15,11,13,34,12,6,1,0,29,1,55,35,55035,4,2005,KMHDN56D35U1,K,M,H,D,N,5,6,D,3,5,U,1,0,0,0,000000000,00000000000,0,0,0,1,0,0,0,0,0,0,0,65,0,0,0,12,6,2,12,0,0,0,1,45,29926,6,1,0,0,3,0,66,165,0,0,0,0,0,0,0,0,0,0,0,0,0,0,3,2,65,1,1,1,1,0,0,1,51,1,1,1,98,1,0
37,371001,1,2,1,21,11,14,16,12,6,1,0,37,1,12,481,12481,31,1993,1FTEF14N4PNA,1,F,T,E,F,1,4,N,4,P,N,A,0,0,0,000000000,00000000000,0,0,0,1,0,0,0,0,0,0,0,20,0,0,0,9,6,2,12,0,0,0,1,37,28791,6,1,0,0,3,0,72,999,0,0,0,0,0,0,0,0,0,0,99,99,99,99,2,3,35,1,1,2,1,3,3,1,17,1,1,6,89,1,0
37,371001,2,2,1,21,11,14,16,12,6,1,0,37,1,49,49,49049,6,2005,JTLKT3244502,J,T,L,K,T,3,2,4,4,5,0,2,0,0,0,000000000,00000000000,0,0,0,1,0,0,0,0,0,0,0,45,0,0,0,12,6,2,12,0,0,0,1,37,28732,6,1,0,0,3,0,69,999,0,0,0,0,0,0,0,0,0,0,0,0,0,0,2,2,45,1,1,2,1,3,3,1,54,1,1,1,88,0,0
37,371002,1,1,1,3,11,10,58,1,0,1,0,37,1,19,3,19003,4,2005,1G6KD54Y75U2,1,G,6,K,D,5,4,Y,7,5,U,2,0,0,0,000000000,00000000000,0,0,0,1,0,0,0,0,0,0,0,70,0,1,5,0,6,2,42,0,0,0,1,37,28386,6,1,0,0,3,0,70,999,0,0,0,0,0,0,0,0,0,3,36,0,0,0,1,2,55,3,1,2,1,0,0,14,13,1,1,4,1,1,0
37,371003,1,2,1,4,11,20,16,12,1,1,0,37,2,63,402,63402,14,2011,5XYKT3A12BG0,5,X,Y,K,T,3,A,1,2,B,G,0,0,0,0,000000000,00000000000,0,0,0,1,0,0,0,0,0,0,0,60,0,0,0,12,6,2,12,0,0,0,1,37,28678,1,1,0,0,2,0,64,999,1,12,9,0,9,6,2012,9,2014,3,36,0,0,0,1,2,45,1,1,2,1,0,0,1,52,1,1,1,28,0,0
37,371003,2,2,1,4,11,20,16,12,1,1,0,37,1,12,17,12017,4,2004,1FAFP55S04G1,1,F,A,F,P,5,5,S,0,4,G,1,0,0,0,000000000,00000000000,0,0,0,1,0,0,0,0,0,0,0,10,0,0,0,6,6,2,12,0,0,0,1,37,28677,6,1,0,0,3,0,66,999,0,0,0,0,0,0,0,0,0,0,0,0,0,0,1,2,45,1,1,2,1,0,0,2,18,1,1,1,29,1,1
37,371004,1,1,1,6,11,21,40,35,0,1,0,37,2,12,37,12037,4,2011,1FAHP3FNXBW1,1,F,A,H,P,3,F,N,X,B,W,1,0,0,0,000000000,00000000000,0,0,0,1,0,0,0,0,0,0,0,70,0,0,0,2,6,2,42,0,0,0,1,37,27591,1,1,0,0,2,0,69,999,0,2,0,2,2,11,2013,7,2014,3,36,0,0,0,1,2,55,3,1,2,2,0,0,14,13,1,1,4,1,1,0
37,371005,1,1,1,9,11,15,43,42,0,1,0,37,1,98,705,98705,80,2010,KM4VR5620A16,K,M,4,V,R,5,6,2,0,A,1,6,0,0,0,000000000,00000000000,0,0,0,1,0,0,0,0,0,0,0,55,0,0,0,12,6,2,42,0,0,0,1,37,27557,6,1,0,0,3,0,71,999,1,0,0,0,0,2,2014,2,2014,0,0,0,0,0,1,2,55,3,1,2,1,0,0,14,13,1,1,4,1,1,1
37,371006,1,1,1,17,11,10,5,42,0,1,0,37,2,35,39,35039,4,2004,1N4BA41E04C8,1,N,4,B,A,4,1,E,0,4,C,8,0,0,0,000000000,00000000000,0,0,0,1,0,0,0,0,0,0,0,65,0,1,5,9,6,2,42,0,0,0,1,37,28504,6,2,0,0,3,3,63,999,2,0,0,1,3,3,2014,9,2014,3,36,58,0,0,1,2,55,3,1,2,1,0,0,14,13,1,1,4,1,1,0
37,371007,1,2,1,5,11,13,20,12,6,1,0,37,1,14,17,14017,4,1999,1MEFM50U2XA6,1,M,E,F,M,5,0,U,2,X,A,6,0,0,0,000000000,00000000000,0,0,0,1,0,0,0,0,0,0,0,10,0,0,0,9,6,2,12,0,0,0,1,37,28734,6,1,0,0,3,0,67,999,0,0,0,0,0,0,0,0,0,0,39,0,0,0,2,2,50,1,2,2,1,3,3,11,15,1,1,1,82,1,0
37,371007,2,2,1,5,11,13,20,12,6,1,0,37,2,22,17,22017,4,1988,1G2AF51W4JT2,1,G,2,A,F,5,1,W,4,J,T,2,0,0,0,000000000,00000000000,0,0,0,1,0,0,0,0,0,0,0,50,0,0,0,12,6,2,12,0,0,0,1,37,28763,6,1,0,0,3,3,61,999,0,0,0,0,0,0,0,0,0,0,91,0,0,0,2,2,50,1,2,2,1,3,3,1,54,1,1,1,83,0,1
37,371008,1,1,1,8,11,15,45,45,0,1,0,37,1,37,32,37032,4,2014,1HGCR2F58EA0,1,H,G,C,R,2,F,5,8,E,A,0,0,0,0,000000000,00000000000,0,0,0,1,0,0,0,0,0,0,0,998,0,0,0,12,6,2,45,0,0,0,1,37,28216,6,1,0,0,3,3,73,999,0,0,0,0,0,0,0,0,0,9,39,0,0,0,1,2,45,1,1,2,1,20,3,1,19,1,1,4,98,1,1
37,371009,1,1,1,9,11,14,44,1,0,1,0,37,2,37,32,37032,4,2004,1HGCM66554A0,1,H,G,C,M,6,6,5,5,4,A,0,0,0,0,000000000,00000000000,0,0,0,1,0,0,0,0,0,0,0,80,0,2,5,0,6,2,42,0,0,0,1,37,28303,3,1,0,0,2,0,70,999,0,3,1,0,2,4,2012,4,2014,3,36,0,0,0,1,2,55,1,1,2,1,0,0,1,13,1,1,4,1,1,1
37,371010,1,2,1,1,11,19,13,12,2,1,0,37,2,13,1,13001,4,1990,1LNLM82F9LY6,1,L,N,L,M,8,2,F,9,L,Y,6,0,0,0,000000000,00000000000,0,0,0,1,0,0,0,0,0,0,0,70,0,0,0,12,6,2,12,0,0,0,1,37,27816,6,1,0,0,3,3,67,999,0,0,0,0,0,0,0,0,0,3,28,36,0,0,1,2,55,1,1,2,2,0,0,1,10,1,1,2,50,1,1
37,371010,2,2,1,1,11,19,13,12,2,1,0,37,2,20,37,20037,4,2011,1G1ZC5E13BF3,1,G,1,Z,C,5,E,1,3,B,F,3,0,0,0,000000000,00000000000,0,0,0,1,0,0,0,0,0,0,0,35,0,0,0,12,6,2,12,0,0,0,1,37,27816,1,1,0,0,2,0,70,999,0,0,0,0,0,0,0,0,0,0,0,0,0,0,1,2,55,1,1,2,2,0,0,1,62,1,1,1,51,0,1
37,371011,1,1,1,2,11,21,0,8,0,1,0,37,1,7,472,7472,30,2004,1D7HL48NX4S6,1,D,7,H,L,4,8,N,X,4,S,6,0,0,0,000000000,00000000000,0,0,0,1,0,0,0,0,0,0,0,30,0,0,0,12,4,5,8,0,0,0,1,37,27804,6,1,0,0,3,0,65,999,0,0,0,0,0,0,0,0,0,0,0,0,0,0,4,2,35,1,1,2,1,0,0,1,80,1,1,1,13,0,0
37,371012,1,1,1,12,11,17,51,8,0,1,1,37,2,13,1,13001,4,1994,1LNLM82W0RY6,1,L,N,L,M,8,2,W,0,R,Y,6,0,0,0,000000000,00000000000,0,0,0,1,0,0,0,0,0,0,0,40,0,0,0,1,4,5,8,0,0,0,1,37,27834,6,1,0,0,3,3,75,999,0,0,0,0,0,0,0,0,0,0,91,0,0,0,1,2,45,1,1,2,1,0,0,1,80,1,1,1,13,0,0
37,371013,1,2,2,13,11,18,1,12,6,1,0,37,1,20,481,20481,31,2003,1GCEK19T63E1,1,G,C,E,K,1,9,T,6,3,E,1,0,0,0,000000000,00000000000,0,0,0,1,0,0,0,0,0,0,0,55,0,1,1,3,6,2,12,0,0,0,1,37,27858,6,1,0,0,3,0,72,999,0,0,0,0,0,0,0,0,0,0,28,58,0,0,1,2,55,1,1,2,2,0,0,1,10,1,1,6,66,0,0
37,371013,2,2,2,13,11,18,1,12,6,1,0,37,1,22,32,22032,6,2005,5Y2SL63815Z4,5,Y,2,S,L,6,3,8,1,5,Z,4,0,0,0,000000000,00000000000,0,0,0,1,0,0,0,0,0,0,0,45,0,0,0,12,4,3,12,0,0,0,1,37,27892,6,1,0,0,3,3,65,999,0,0,0,0,0,0,0,0,0,0,0,0,0,0,1,2,55,1,1,2,2,0,0,1,62,1,1,1,66,1,1
37,371014,1,1,1,6,11,23,7,34,0,1,0,13,1,34,34,34034,2,1999,WBSBG9336XEY,W,B,S,B,G,9,3,3,6,X,E,Y,0,0,0,000000000,00000000000,0,0,0,1,0,0,0,0,0,0,0,80,0,0,0,11,6,2,30,0,0,0,1,13,30004,6,1,0,0,3,0,75,170,98,0,0,1,0,1,2014,1,2014,3,28,36,0,0,1,2,45,3,1,2,1,0,0,14,10,1,1,4,6,1,0
37,371015,1,2,5,21,11,15,29,12,2,1,0,37,2,22,16,22016,4,2001,1G2JB5242172,1,G,2,J,B,5,2,4,2,1,7,2,0,0,0,000000000,00000000000,0,0,0,1,0,0,0,0,0,0,0,55,0,0,0,12,6,2,12,0,0,0,1,37,28756,6,1,0,0,3,3,62,999,0,0,0,0,0,0,0,0,0,0,28,0,0,0,1,2,55,1,2,2,1,0,0,1,10,1,1,2,50,2,0
37,371015,2,2,1,21,11,15,29,12,2,1,0,37,1,12,401,12401,14,2014,1FM5K8GT6EGC,1,F,M,5,K,8,G,T,6,E,G,C,0,0,0,000000000,00000000000,0,0,0,1,0,0,0,0,0,0,0,50,0,0,0,12,6,2,12,0,0,0,1,37,28277,6,1,0,0,3,0,70,999,1,0,0,0,0,7,2013,7,2013,0,0,0,0,0,1,2,55,1,1,2,1,0,0,1,62,1,1,1,51,0,0
37,371016,1,2,1,17,11,10,13,12,2,1,0,37,3,84,981,84981,50,1995,1HVBDAAN6SH6,1,H,V,B,D,A,A,N,6,S,H,6,0,0,88,888888888,88888888888,2,21,22,1,0,0,0,0,1,2,0,45,0,0,0,12,6,2,12,0,0,0,1,37,28364,6,1,6,1,3,0,69,999,0,1,0,1,1,8,2012,12,2012,0,0,0,0,0,1,2,55,1,1,2,1,0,0,1,62,1,1,1,51,0,0
37,371016,2,2,4,17,11,10,13,12,2,1,0,37,2,35,39,35039,4,2000,JN1CA31D9YT7,J,N,1,C,A,3,1,D,9,Y,T,7,0,0,0,000000000,00000000000,0,0,0,1,0,0,0,0,0,0,0,85,0,0,0,12,6,2,12,0,0,0,1,37,28358,6,1,0,0,3,1,78,999,0,0,0,0,0,0,0,0,0,3,28,36,0,0,1,2,55,1,1,2,1,0,0,1,10,1,1,2,50,4,0
37,371017,1,1,1,6,11,6,39,23,0,1,0,37,1,37,31,37031,2,1996,JHMEH6244TS0,J,H,M,E,H,6,2,4,4,T,S,0,0,0,0,000000000,00000000000,0,0,0,1,0,0,0,0,0,0,0,70,0,0,0,11,6,2,23,0,0,0,1,37,27249,6,1,0,0,3,3,66,999,0,0,0,1,0,8,2014,8,2014,3,36,0,0,0,1,2,55,1,1,2,2,0,0,1,13,1,1,4,1,1,0
37,371018,1,3,2,25,11,18,19,12,8,1,0,37,1,41,471,41471,30,1995,4F4CR12A8STM,4,F,4,C,R,1,2,A,8,S,T,M,0,0,0,000000000,00000000000,0,0,0,1,0,0,0,0,0,0,0,60,0,1,5,10,6,2,1,0,0,0,1,37,28385,6,1,0,0,3,0,69,999,1,0,0,0,0,2,2013,2,2013,0,28,0,0,0,1,2,55,1,1,2,2,0,0,1,10,1,1,2,64,1,0
37,371018,2,3,2,25,11,18,19,12,8,1,0,37,1,23,481,23481,31,1999,1GDKC34F6XF0,1,G,D,K,C,3,4,F,6,X,F,0,0,0,0,000000000,00000000000,0,0,0,1,0,0,0,0,0,0,0,55,0,0,0,10,4,5,12,0,0,0,1,37,28456,6,1,6,0,3,0,69,999,0,0,0,0,0,0,0,0,0,0,0,0,0,0,1,2,55,1,1,2,2,0,0,1,62,7,1,2,65,0,0
37,371018,3,3,1,25,11,18,19,12,8,1,0,37,1,49,32,49032,4,2014,2T1BURHE0EC0,2,T,1,B,U,R,H,E,0,E,C,0,0,0,0,000000000,00000000000,0,0,0,1,0,0,0,0,0,0,0,55,0,0,0,12,4,5,54,0,0,0,1,37,28385,6,1,0,0,3,0,64,999,0,0,0,0,0,0,0,0,0,0,0,0,0,0,1,2,55,1,1,2,2,0,0,1,90,1,1,1,98,0,0
37,371019,1,4,1,19,11,6,56,1,0,1,0,37,1,82,881,82881,66,2001,1FUJAHCG71LG,1,F,U,J,A,H,C,G,7,1,L,G,1,1,57,1524084,571524084,3,6,1,1,0,0,0,0,0,0,0,45,0,2,1,0,6,2,1,0,0,0,1,37,28304,6,1,6,1,3,0,72,999,1,0,0,0,2,1,2013,9,2014,0,24,0,0,0,1,4,45,1,2,2,1,3,3,1,50,6,1,2,98,0,0
37,371019,2,4,1,19,11,6,56,1,0,1,0,54,3,87,881,87881,66,2013,1XPVD79X5DD1,1,X,P,V,D,7,9,X,5,D,D,1,1,1,57,257819,57257819,3,6,2,2,2,1824,8,1,0,0,0,0,0,0,0,7,6,2,12,0,0,0,1,37,28443,6,1,6,1,3,3,73,999,1,0,0,0,0,9,2014,9,2014,0,0,0,0,0,1,4,45,1,2,2,1,3,3,5,98,1,1,1,98,0,0