STATE,ST_CASE,VEH_NO,VE_FORMS,NUMOCCS,DAY,MONTH,HOUR,MINUTE,HARM_EV,MAN_COLL,UNITTYPE,HIT_RUN,REG_STAT,OWNER,MAKE,MODEL,MAK_MOD,BODY_TYP,MOD_YEAR,VIN,VIN_1,VIN_2,VIN_3,VIN_4,VIN_5,VIN_6,VIN_7,VIN_8,VIN_9,VIN_10,VIN_11,VIN_12,TOW_VEH,J_KNIFE,MCARR_I1,MCARR_I2,MCARR_ID,GVWR,V_CONFIG,CARGO_BT,HAZ_INV,HAZ_PLAC,HAZ_ID,HAZ_CNO,HAZ_REL,BUS_USE,SPEC_USE,EMER_USE,TRAV_SP,UNDERIDE,ROLLOVER,ROLINLOC,IMPACT1,DEFORMED,TOWED,M_HARM,VEH_SC1,VEH_SC2,FIRE_EXP,DR_PRES,L_STATE,DR_ZIP,L_STATUS,L_TYPE,CDL_STAT,L_ENDORS,L_COMPL,L_RESTRI,DR_HGT,DR_WGT,PREV_ACC,PREV_SUS,PREV_DWI,PREV_SPD,PREV_OTH,FIRST_MO,FIRST_YR,LAST_MO,LAST_YR,SPEEDREL,DR_SF1,DR_SF2,DR_SF3,DR_SF4,VTRAFWAY,VNUM_LAN,VSPD_LIM,VALIGN,VPROFILE,VPAVETYP,VSURCOND,VTRAFCON,VTCONT_F,P_CRASH1,P_CRASH2,P_CRASH3,PCRASH4,PCRASH5,ACC_TYPE,DEATHS,DR_DRINK
37,371058,1,1,1,26,11,6,4,42,0,1,0,37,2,49,51,49051,4,2008,JTDBT9236812,J,T,D,B,T,9,2,3,6,8,1,2,0,0,0,000000000,00000000000,0,0,0,1,0,0,0,0,0,0,0,44,0,0,0,12,6,2,42,0,0,0,1,37,28262,6,1,0,0,3,3,67,999,2,0,0,2,0,6,2014,10,2014,0,99,99,99,99,1,2,45,1,4,2,2,0,0,1,13,1,1,4,1,1,0
37,371059,1,2,2,27,11,20,30,12,6,1,0,9,2,18,19,18019,4,2013,2G4GS5EV5D91,2,G,4,G,S,5,E,V,5,D,9,1,0,0,0,000000000,00000000000,0,0,0,1,0,0,0,0,0,0,0,10,0,0,0,11,6,2,12,0,0,0,1,9,6787,6,1,0,0,3,3,68,999,98,0,0,0,0,0,0,0,0,0,28,0,0,0,3,4,65,1,1,2,99,0,0,12,19,1,1,7,98,0,0
37,371059,2,2,2,27,11,20,30,12,6,1,0,37,1,59,32,59032,4,2005,JTHBN36F4550,J,T,H,B,N,3,6,F,4,5,5,0,0,0,0,000000000,00000000000,0,0,0,1,0,0,0,0,0,0,0,80,0,0,0,12,6,2,12,0,0,0,1,37,27962,6,1,0,0,3,0,74,999,0,0,0,0,0,0,0,0,0,0,0,0,0,0,3,4,65,1,1,2,99,0,0,1,78,1,1,1,98,1,0
37,371060,1,2,2,27,11,21,32,12,6,1,0,92,0,98,709,98709,81,2008,000000000000,0,0,0,0,0,0,0,0,0,0,0,0,0,0,0,000000000,00000000000,0,0,0,1,0,0,0,0,0,0,0,50,0,0,0,12,6,2,12,0,0,0,1,37,28412,1,1,0,0,1,0,74,999,0,2,0,0,1,9,2012,6,2014,3,36,0,0,0,3,3,35,1,1,2,1,0,0,1,54,1,1,1,83,1,1
37,371060,2,2,2,27,11,21,32,12,6,1,0,37,2,55,35,55035,4,2001,KMHDN45D01U1,K,M,H,D,N,4,5,D,0,1,U,1,0,0,0,000000000,00000000000,0,0,0,1,0,0,0,0,0,0,0,15,0,0,0,9,6,2,12,0,0,0,1,37,28405,6,1,0,0,3,3,69,999,0,2,0,1,2,2,2014,9,2014,0,0,0,0,0,3,2,30,1,1,2,1,20,3,11,15,1,1,1,82,0,0
37,371061,1,1,1,22,11,1,19,59,0,1,0,37,1,7,472,7472,30,2002,1B7GL42X12S5,1,B,7,G,L,4,2,X,1,2,S,5,0,0,0,000000000,00000000000,0,0,0,1,0,0,0,0,0,0,0,55,0,1,5,9,6,2,1,0,0,0,1,37,28457,6,1,0,0,3,0,76,999,0,0,0,0,0,0,0,0,0,0,58,0,0,0,1,2,55,3,1,2,1,0,0,14,10,1,1,4,1,1,1
37,371062,1,2,1,22,11,18,2,12,1,1,0,37,2,49,401,49401,14,1997,JT3GN87RXV00,J,T,3,G,N,8,7,R,X,V,0,0,0,0,0,000000000,00000000000,0,0,0,1,0,0,0,0,0,0,0,55,0,0,0,12,6,2,12,0,0,0,1,37,27205,6,1,0,0,3,0,69,999,1,0,0,0,4,2,2012,11,2013,0,36,0,0,0,2,2,55,1,2,2,1,0,0,1,51,1,1,1,24,0,0
37,371062,2,2,1,22,11,18,2,12,1,1,0,92,0,98,709,98709,81,2013,000000000000,0,0,0,0,0,0,0,0,0,0,0,0,0,0,0,000000000,00000000000,0,0,0,1,0,0,0,0,0,0,0,25,0,0,0,6,6,2,12,0,0,0,1,37,27203,1,1,0,0,1,0,72,999,0,2,0,0,2,12,2011,3,2012,0,0,0,0,0,2,2,55,1,2,2,1,0,0,1,53,1,1,1,25,1,1
37,371063,1,2,3,28,11,16,10,12,6,1,0,37,1,14,6,14006,4,1999,2MEFM74W0XX6,2,M,E,F,M,7,4,W,0,X,X,6,0,0,0,000000000,00000000000,0,0,0,1,0,0,0,0,0,0,0,25,0,0,0,3,6,2,12,0,0,0,1,37,27205,6,1,0,0,3,3,73,999,0,0,0,0,0,0,0,0,0,0,38,0,0,0,1,3,45,1,1,2,1,3,3,11,15,1,1,1,68,1,0
37,371063,2,2,1,28,11,16,10,12,6,1,0,37,1,49,40,49040,4,1999,4T1BG22K9XU4,4,T,1,B,G,2,2,K,9,X,U,4,0,0,0,000000000,00000000000,0,0,0,1,0,0,0,0,0,0,0,35,0,0,0,12,6,2,12,0,0,0,1,37,27203,6,1,0,0,3,0,59,999,1,0,0,0,2,6,2012,8,2013,0,0,0,0,0,1,3,45,1,1,2,1,3,3,1,17,1,1,1,69,0,0
37,371064,1,3,2,30,11,15,30,12,6,1,0,37,2,55,35,55035,4,2013,KMHDH4AE4DU8,K,M,H,D,H,4,A,E,4,D,U,8,0,0,0,000000000,00000000000,0,0,0,1,0,0,0,0,0,0,0,10,0,0,0,1,6,2,12,0,0,0,1,37,27263,6,2,0,0,3,0,65,999,0,0,0,0,0,0,0,0,0,0,38,0,0,0,1,2,45,1,1,2,1,3,3,11,15,1,1,1,68,0,0
37,371064,2,3,1,30,11,15,30,12,6,1,0,37,1,72,706,72706,80,1992,1HD1EML15NY1,1,H,D,1,E,M,L,1,5,N,Y,1,0,0,0,000000000,00000000000,0,0,0,1,0,0,0,0,0,0,0,40,0,0,0,12,6,2,12,0,0,0,1,37,27205,6,1,6,0,3,0,69,999,0,0,0,0,0,0,0,0,0,0,0,0,0,0,1,2,45,1,1,2,1,3,3,1,54,1,1,1,69,1,0
37,371064,3,3,1,30,11,15,30,12,6,1,0,37,1,72,706,72706,80,1992,1HD1DPL19NY5,1,H,D,1,D,P,L,1,9,N,Y,5,0,0,0,000000000,00000000000,0,0,0,1,0,0,0,0,0,0,0,40,0,0,0,12,6,2,12,0,0,0,1,37,27205,6,1,0,0,3,0,72,999,0,0,0,0,0,0,0,0,0,0,0,0,0,0,1,2,45,1,1,2,1,3,3,1,54,1,1,1,98,0,0
37,371065,1,1,1,30,11,18,56,42,0,1,0,37,1,54,36,54036,4,2005,JH4KB16575C0,J,H,4,K,B,1,6,5,7,5,C,0,0,0,0,000000000,00000000000,0,0,0,1,0,0,0,0,0,0,0,55,0,1,5,3,6,2,42,0,0,0,1,37,28348,6,1,0,0,3,0,64,999,0,1,0,1,1,3,2014,8,2014,4,36,0,0,0,1,2,55,3,1,2,1,0,0,14,13,1,1,4,1,1,0
37,371066,1,1,4,28,11,22,57,34,0,1,0,18,2,20,443,20443,20,2001,1GNDX13E81D1,1,G,N,D,X,1,3,E,8,1,D,1,0,0,0,000000000,00000000000,0,0,0,1,0,0,0,0,0,0,0,90,0,0,0,10,6,2,42,0,0,0,1,37,28384,1,1,0,0,2,0,66,999,0,0,0,1,2,9,2012,5,2014,3,36,0,0,0,1,2,55,1,1,2,1,0,0,1,13,1,1,4,1,2,1
37,371067,1,2,1,21,11,17,53,12,2,1,0,92,0,98,998,98998,92,2001,000000000000,0,0,0,0,0,0,0,0,0,0,0,0,0,0,0,000000000,00000000000,0,0,0,1,0,0,0,0,0,0,0,20,0,0,0,12,2,5,12,0,0,0,1,37,28396,6,1,6,0,1,0,68,999,0,0,0,0,0,0,0,0,0,0,28,0,0,0,1,2,55,1,1,2,1,0,0,1,10,1,1,2,50,0,1
37,371067,2,2,1,21,11,17,53,12,2,1,0,37,1,37,32,37032,4,1998,1HGCG1642WA0,1,H,G,C,G,1,6,4,2,W,A,0,0,0,0,000000000,00000000000,0,0,0,1,0,0,0,0,0,0,0,55,0,0,0,12,6,2,12,0,0,0,1,37,28396,6,1,0,0,3,3,72,999,0,0,0,0,0,0,0,0,0,0,0,0,0,0,1,2,55,1,1,2,1,0,0,1,54,1,1,1,51,1,0
37,371068,1,1,4,24,11,19,52,52,0,1,0,37,2,12,17,12017,4,2001,1FAFP55U91A2,1,F,A,F,P,5,5,U,9,1,A,2,0,0,0,000000000,00000000000,0,0,0,1,0,0,0,0,0,0,0,65,0,0,0,3,6,2,52,0,0,0,1,37,27030,6,1,0,0,3,0,67,999,0,0,0,0,0,0,0,0,0,0,58,0,0,0,3,4,65,1,2,2,1,0,0,1,13,1,1,4,1,2,0
37,371069,1,2,1,30,11,10,9,12,6,1,0,37,1,12,481,12481,31,1996,1FTEF14N3TNA,1,F,T,E,F,1,4,N,3,T,N,A,0,0,0,000000000,00000000000,0,0,0,1,0,0,0,0,0,0,0,45,0,0,0,12,6,2,12,0,0,0,1,37,27030,6,1,0,0,3,0,72,999,0,0,0,0,0,0,0,0,0,0,0,0,0,0,2,2,55,1,2,2,1,0,0,1,54,1,1,1,83,0,0
37,371069,2,2,3,30,11,10,9,12,6,1,0,42,1,7,442,7442,20,2013,2C4RDGCG5DR6,2,C,4,R,D,G,C,G,5,D,R,6,0,0,0,000000000,00000000000,0,0,0,1,0,0,0,0,0,0,0,20,0,0,0,10,6,2,12,0,0,0,1,42,15215,6,1,0,0,3,0,79,999,0,0,0,0,0,0,0,0,0,0,38,0,0,0,2,2,55,1,2,2,1,20,3,11,15,1,1,1,82,1,0
37,371070,1,1,2,22,11,20,31,32,0,1,0,37,1,37,402,37402,14,2014,2HKRM3H79EH5,2,H,K,R,M,3,H,7,9,E,H,5,0,0,0,000000000,00000000000,0,0,0,1,0,0,0,0,0,0,0,55,0,1,5,12,6,2,1,0,0,0,1,37,27596,6,1,0,0,3,3,70,999,0,0,0,0,0,0,0,0,0,0,0,0,0,0,2,2,55,1,2,2,1,0,0,1,12,1,1,4,6,1,1
37,371071,1,2,3,29,11,22,40,12,1,1,0,37,1,49,44,49044,2,2004,4T1CA38P64U0,4,T,1,C,A,3,8,P,6,4,U,0,0,0,0,000000000,00000000000,0,0,0,1,0,0,0,0,0,0,0,47,0,0,0,12,6,2,12,0,0,0,1,37,27606,6,1,0,0,3,0,64,999,1,0,0,0,0,8,2014,8,2014,4,36,0,0,0,2,3,45,1,2,2,1,0,0,1,51,1,1,1,24,0,0
37,371071,2,2,1,29,11,22,40,12,1,1,0,92,0,98,709,98709,88,2006,000000000000,0,0,0,0,0,0,0,0,0,0,0,0,0,0,0,000000000,00000000000,0,0,0,1,0,0,0,0,0,0,0,30,0,0,0,6,6,2,12,0,0,0,1,37,27612,0,0,0,0,1,0,999,999,0,0,0,0,0,0,0,0,0,0,0,0,0,0,2,3,45,1,2,2,1,0,0,1,53,1,1,1,25,1,0
37,371072,1,2,2,13,11,10,50,12,7,1,0,92,0,98,709,98709,81,2009,000000000000,0,0,0,0,0,0,0,0,0,0,0,0,0,0,0,000000000,00000000000,0,0,0,1,0,0,0,0,0,0,0,30,0,0,0,9,4,3,12,0,0,0,1,37,28659,1,1,0,0,1,0,72,999,0,1,0,0,1,10,2012,12,2012,0,27,38,0,0,1,3,35,1,2,2,1,0,0,15,10,1,1,2,47,1,0
37,371072,2,2,1,13,11,10,50,12,7,1,0,37,1,12,13,12013,4,1998,1FAFP13P4WW1,1,F,A,F,P,1,3,P,4,W,W,1,0,0,0,000000000,00000000000,0,0,0,1,0,0,0,0,0,0,0,35,0,0,0,3,4,5,12,0,0,0,1,37,28659,6,1,0,0,3,1,60,999,0,0,0,0,0,0,0,0,0,0,0,0,0,0,1,3,35,1,2,2,1,0,0,1,60,1,1,1,45,0,0
37,371073,1,1,1,10,11,18,28,34,0,1,0,37,1,20,22,20022,4,2010,1G1AD5F59A71,1,G,1,A,D,5,F,5,9,A,7,1,0,0,0,000000000,00000000000,0,0,0,1,0,0,0,0,0,0,0,55,0,0,0,12,6,2,42,0,0,0,1,37,27893,6,1,6,0,3,0,73,999,0,0,0,0,0,0,0,0,0,0,58,0,0,0,1,2,55,3,1,2,1,0,0,14,13,1,1,4,1,1,1
37,371074,1,1,2,30,11,10,33,1,0,1,0,37,1,53,402,53402,14,1999,2S3TE52V7X61,2,S,3,T,E,5,2,V,7,X,6,1,0,0,0,000000000,00000000000,0,0,0,1,0,0,0,0,0,0,0,70,0,2,5,0,6,2,1,0,0,0,1,37,27534,6,1,0,0,3,0,62,999,0,0,0,0,0,0,0,0,0,0,24,0,0,0,3,4,70,1,1,2,1,0,0,1,3,1,1,4,1,2,0
37,371075,1,1,1,28,11,16,51,34,0,1,0,37,2,12,471,12471,30,2007,1FTYR10D17PA,1,F,T,Y,R,1,0,D,1,7,P,A,0,0,0,000000000,00000000000,0,0,0,1,0,0,0,0,0,0,0,55,0,1,5,1,6,2,1,0,0,0,1,37,27893,6,1,0,0,3,0,70,999,0,0,0,0,0,0,0,0,0,0,28,58,0,0,1,2,55,1,2,2,1,0,0,1,10,1,1,4,6,1,0
37,371076,1,1,1,20,11,23,18,35,0,1,0,37,1,22,16,22016,4,1996,1G2JB5245T75,1,G,2,J,B,5,2,4,5,T,7,5,0,0,0,000000000,00000000000,0,0,0,1,0,0,0,0,0,0,0,55,0,1,5,8,6,2,1,0,0,0,1,37,27018,6,1,0,0,3,0,67,999,0,0,0,0,0,0,0,0,0,3,58,0,0,0,1,2,45,1,1,2,1,0,0,1,10,1,1,4,1,1,0
37,371077,1,1,1,27,9,23,0,8,0,1,1,37,2,73,705,73705,80,1988,JKAEXVA12JA0,J,K,A,E,X,V,A,1,2,J,A,0,0,0,0,000000000,00000000000,0,0,0,1,0,0,0,0,0,0,0,65,0,0,0,12,6,2,8,0,0,0,1,37,28613,6,1,0,0,2,0,68,999,0,0,0,0,1,11,2012,11,2012,3,36,0,0,0,1,2,35,3,3,2,1,0,0,14,10,1,1,2,13,0,0
37,371078,1,2,1,29,9,10,19,12,2,1,0,37,1,98,809,98809,63,2001,2FZHAZAS11AH,2,F,Z,H,A,Z,A,S,1,1,A,H,0,0,57,2431955,572431955,3,2,4,1,0,0,0,0,0,0,0,5,7,0,0,12,6,2,12,0,0,0,1,37,27301,6,1,6,0,3,3,72,999,0,0,0,0,0,0,0,0,0,0,99,99,99,99,2,6,35,1,1,2,2,3,3,11,15,1,1,1,68,0,0
37,371078,2,2,1,29,9,10,19,12,2,1,0,37,1,23,401,23401,14,1993,1GKDT13W0P25,1,G,K,D,T,1,3,W,0,P,2,5,0,0,0,000000000,00000000000,0,0,0,1,0,0,0,0,0,0,0,35,0,0,0,12,6,2,12,0,0,0,1,37,27358,6,1,0,0,3,0,71,999,2,0,0,0,0,10,2012,10,2012,0,99,99,99,99,2,6,35,1,1,2,2,3,3,1,17,1,1,1,69,1,0
37,371079,1,1,1,12,9,13,15,1,0,1,0,51,1,76,706,76706,80,2007,JYAVP17E37A0,J,Y,A,V,P,1,7,E,3,7,A,0,0,0,0,000000000,00000000000,0,0,0,1,0,0,0,0,0,0,0,45,0,0,0,0,6,2,1,0,0,0,1,51,22657,6,1,0,0,3,0,72,999,0,0,0,0,0,0,0,0,0,4,0,0,0,0,1,2,45,3,2,2,1,0,0,14,99,1,1,1,98,1,0
37,371080,1,1,1,16,12,12,46,10,0,1,0,37,1,7,442,7442,20,2000,1B4GP44G7YB5,1,B,4,G,P,4,4,G,7,Y,B,5,0,0,0,000000000,00000000000,0,0,0,1,0,0,0,0,0,0,0,0,0,0,0,81,6,2,10,0,0,0,1,37,27217,6,1,0,0,3,0,64,999,0,0,0,0,0,0,0,0,0,0,39,0,0,0,1,5,35,1,3,2,2,65,3,5,90,1,1,1,15,1,0
37,371081,1,1,3,8,11,20,35,34,0,1,0,37,2,12,481,12481,31,2001,2FTZF18271CA,2,F,T,Z,F,1,8,2,7,1,C,A,0,0,0,000000000,00000000000,0,0,0,1,0,0,0,0,0,0,0,70,0,1,5,61,6,2,1,0,0,0,1,37,28681,6,1,0,0,3,0,63,999,0,0,0,0,0,0,0,0,0,3,28,0,0,0,1,2,45,3,1,2,1,0,0,14,12,1,1,4,6,2,1
37,371082,1,1,1,27,12,12,16,34,0,1,0,37,2,7,25,7025,5,2007,1B3HB28B17D5,1,B,3,H,B,2,8,B,1,7,D,5,0,0,0,000000000,00000000000,0,0,0,1,0,0,0,0,0,0,0,55,0,0,0,12,6,2,42,0,0,1,1,37,28384,6,1,0,0,3,0,68,999,0,0,0,1,1,11,2013,10,2014,0,0,0,0,0,1,2,55,3,1,2,1,0,0,14,13,1,1,4,1,1,0
37,371083,1,1,1,23,12,19,52,8,0,1,0,37,1,18,3,18003,4,1996,1G4CW52K9TH6,1,G,4,C,W,5,2,K,9,T,H,6,0,0,0,000000000,00000000000,0,0,0,1,0,0,0,0,0,0,0,45,0,0,0,12,4,5,8,0,0,0,1,37,28320,6,1,0,0,3,3,69,999,1,0,0,0,0,6,2014,6,2014,0,0,0,0,0,1,2,55,1,1,2,6,0,0,1,80,1,1,1,13,0,0
37,371084,1,2,2,10,11,17,48,12,6,1,0,37,2,2,404,2404,14,1996,1J4GZ58Y4TC3,1,J,4,G,Z,5,8,Y,4,T,C,3,0,0,0,000000000,00000000000,0,0,0,1,0,0,0,0,0,0,0,15,0,0,0,82,4,5,12,0,0,0,1,37,28431,6,1,0,0,3,0,61,999,0,0,0,1,1,11,2012,8,2014,0,38,0,0,0,4,2,55,1,1,2,1,20,3,1,17,1,1,1,87,0,0
37,371084,2,2,1,10,11,17,48,12,6,1,0,37,1,99,709,99709,81,2012,000000000000,0,0,0,0,0,0,0,0,0,0,0,0,0,0,0,000000000,00000000000,0,0,0,1,0,0,0,0,0,0,0,30,0,0,0,12,6,2,12,0,0,0,1,37,28430,1,1,0,0,1,0,71,999,0,0,0,0,0,0,0,0,0,0,0,0,0,0,4,2,55,1,1,2,1,20,3,1,17,1,1,1,86,1,0
37,371085,1,1,2,24,11,13,53,39,0,1,0,37,1,14,17,14017,4,2005,1MEFM55S05A6,1,M,E,F,M,5,5,S,0,5,A,6,0,0,0,000000000,00000000000,0,0,0,1,0,0,0,0,0,0,0,45,0,0,0,12,6,2,39,0,0,0,1,37,28120,6,1,0,0,3,3,72,999,0,0,0,0,0,0,0,0,0,0,99,99,99,99,1,2,45,1,2,2,1,0,0,1,13,1,1,4,1,2,0
37,371086,1,2,1,11,11,17,41,12,1,1,0,37,1,49,46,49046,4,2007,JTDKB20U0732,J,T,D,K,B,2,0,U,0,7,3,2,0,0,0,000000000,00000000000,0,0,0,1,0,0,0,0,0,0,0,55,0,0,0,12,6,2,12,0,0,0,1,37,27376,6,1,0,0,3,0,66,999,0,0,0,0,0,0,0,0,0,0,0,0,0,0,3,2,60,1,1,2,1,0,0,1,51,1,1,1,24,0,0
37,371086,2,2,1,11,11,17,41,12,1,1,0,0,0,99,709,99709,81,2010,000000000000,0,0,0,0,0,0,0,0,0,0,0,0,0,0,0,000000000,00000000000,0,0,0,1,0,0,0,0,0,0,0,35,0,0,0,6,6,2,12,0,0,0,1,37,27330,1,1,0,0,1,0,70,999,0,4,0,0,2,11,2012,11,2013,0,0,0,0,0,3,2,60,1,1,2,1,0,0,1,53,1,1,1,25,1,0
37,371087,1,2,2,1,11,19,24,12,2,1,0,37,2,20,471,20471,30,1995,1GCEK19K2SE1,1,G,C,E,K,1,9,K,2,S,E,1,0,0,0,000000000,00000000000,0,0,0,1,0,0,0,0,0,0,0,20,0,0,0,12,6,2,12,0,0,0,1,37,28574,6,2,0,0,3,3,67,999,0,0,0,0,0,0,0,0,0,0,38,0,0,0,1,5,55,1,1,2,1,1,3,1,15,1,1,1,81,0,0
37,371087,2,2,4,1,11,19,24,12,2,1,0,37,2,37,31,37031,2,1997,1HGEJ8145VL0,1,H,G,E,J,8,1,4,5,V,L,0,0,0,0,000000000,00000000000,0,0,0,1,0,0,0,0,0,0,0,55,0,0,0,12,6,2,12,0,0,0,1,37,28574,6,1,0,0,3,0,66,999,0,0,0,3,0,5,2014,8,2014,0,0,0,0,0,1,5,55,1,1,2,1,1,3,10,17,1,1,1,80,1,0
37,371088,1,2,1,4,11,18,26,12,6,1,0,37,2,55,401,55401,14,2004,KM8SC13D54U7,K,M,8,S,C,1,3,D,5,4,U,7,0,0,0,000000000,00000000000,0,0,0,1,0,0,0,0,0,0,0,0,0,0,0,82,4,5,12,0,0,0,1,37,28146,6,1,0,0,3,0,60,999,0,0,0,0,0,0,0,0,0,0,38,0,0,0,1,2,35,1,2,2,1,0,0,11,15,1,1,1,68,0,0
37,371088,2,2,1,4,11,18,26,12,6,1,0,37,2,99,709,99709,81,2011,000000000000,0,0,0,0,0,0,0,0,0,0,0,0,0,0,0,000000000,00000000000,0,0,0,1,0,0,0,0,0,0,0,35,0,0,0,12,6,2,12,0,0,0,1,37,28146,1,1,0,0,1,0,63,999,0,1,0,1,1,8,2014,8,2014,0,0,0,0,0,1,2,35,1,2,2,1,0,0,1,66,1,1,1,69,1,0
37,371089,1,1,1,23,11,8,0,11,0,1,0,37,2,99,709,99709,81,2012,000000000000,0,0,0,0,0,0,0,0,0,0,0,0,0,0,0,000000000,00000000000,0,0,0,1,0,0,0,0,0,0,0,30,0,0,0,12,6,2,11,0,0,0,1,37,28146,1,1,0,0,1,0,69,999,0,0,0,0,0,0,0,0,0,0,0,0,0,0,1,2,55,1,4,2,1,0,0,1,87,1,1,1,13,1,1
37,371090,1,2,1,28,12,9,9,12,2,1,0,37,2,12,16,12016,4,2003,2FAHP71W33X2,2,F,A,H,P,7,1,W,3,3,X,2,0,0,0,000000000,00000000000,0,0,0,1,0,0,0,0,0,0,0,55,0,0,0,12,6,2,12,0,0,0,1,37,28119,1,1,0,0,2,0,65,999,0,6,0,0,0,8,2012,8,2014,4,28,0,0,0,1,2,55,1,2,2,2,0,0,1,62,1,1,2,50,0,0
37,371090,2,2,4,28,12,9,9,12,2,1,0,37,2,37,32,37032,4,1995,1HGCE1821SA0,1,H,G,C,E,1,8,2,1,S,A,0,0,0,0,000000000,00000000000,0,0,0,1,0,0,0,0,0,0,0,55,0,0,0,12,6,2,12,0,0,0,1,44,28135,6,1,0,0,3,0,65,130,0,0,0,0,0,0,0,0,0,0,0,0,0,0,1,2,55,1,1,2,2,0,0,1,17,1,1,1,51,1,0
37,371091,1,2,1,8,12,12,0,12,6,1,0,37,1,6,441,6441,20,2005,2C4GP44R75R1,2,C,4,G,P,4,4,R,7,5,R,1,0,0,0,000000000,00000000000,0,0,0,1,0,0,0,0,0,0,0,10,0,0,0,12,6,2,12,0,0,0,1,37,28012,6,1,0,0,3,0,69,999,0,0,0,0,0,0,0,0,0,0,48,38,0,0,6,2,55,1,1,2,1,0,0,1,10,1,1,2,86,1,0
37,371091,2,2,1,8,12,12,0,12,6,1,0,37,2,23,481,23481,42,2003,J8DB4B143370,J,8,D,B,4,B,1,4,3,3,7,0,0,0,0,000000000,00000000000,0,0,0,1,0,0,0,0,0,0,0,55,0,0,0,82,6,2,12,0,0,0,1,37,28704,0,0,0,0,0,0,999,999,0,0,0,0,0,0,0,0,0,0,0,0,0,0,6,2,55,1,1,2,1,0,0,1,60,1,1,1,87,0,0
37,371092,1,2,1,17,12,9,20,12,2,1,0,37,1,53,41,53041,4,2012,JS2RF9A16C61,J,S,2,R,F,9,A,1,6,C,6,1,0,0,0,000000000,00000000000,0,0,0,1,0,0,0,0,0,0,0,25,0,0,0,12,6,2,12,0,0,0,1,37,28025,6,1,0,0,3,0,71,999,1,0,0,0,0,8,2013,8,2013,0,0,0,0,0,1,2,25,1,1,2,1,0,0,1,10,1,1,2,50,1,0
37,371092,2,2,1,17,12,9,20,12,2,1,0,37,2,12,461,12461,29,1998,1FTRE1428WHB,1,F,T,R,E,1,4,2,8,W,H,B,0,0,0,000000000,00000000000,0,0,0,1,0,0,0,0,0,0,0,25,0,0,0,12,6,2,12,0,0,0,1,37,28025,6,1,0,0,3,0,999,999,0,0,0,0,0,0,0,0,0,0,0,0,0,0,1,2,25,1,1,2,1,0,0,1,18,1,1,1,51,0,0
37,371093,1,2,1,11,12,5,53,12,2,1,0,45,3,51,999,51999,99,2012,4V4NC9EH8CN5,4,V,4,N,C,9,E,H,8,C,N,5,0,0,0,000000000,00000000000,0,0,0,1,0,0,0,0,0,0,0,55,0,0,0,12,6,2,12,0,0,0,1,45,29351,6,1,6,0,3,0,999,999,0,0,0,0,0,0,0,0,0,0,0,0,0,0,1,2,55,1,1,2,1,0,0,1,18,1,1,1,51,0,0
37,371093,2,2,2,11,12,5,53,12,2,1,0,37,2,20,481,20481,42,2003,1GCHK29U83E2,1,G,C,H,K,2,9,U,8,3,E,2,0,0,0,000000000,00000000000,0,0,0,1,0,0,0,0,0,0,0,55,0,0,0,12,6,2,12,0,0,0,1,37,28645,1,1,0,0,1,0,69,999,0,0,0,0,0,0,0,0,0,0,0,0,0,0,1,2,55,1,1,2,1,0,0,1,10,1,1,2,50,1,1
37,371094,1,1,1,17,12,18,11,8,0,1,0,37,2,12,402,12402,14,2001,1FMYU04151KD,1,F,M,Y,U,0,4,1,5,1,K,D,0,0,0,000000000,00000000000,0,0,0,1,0,0,0,0,0,0,0,35,0,0,0,1,4,8,8,0,0,0,1,37,28655,6,1,6,0,3,0,67,999,0,0,0,0,0,0,0,0,0,0,0,0,0,0,2,2,35,1,2,2,1,0,0,1,80,1,1,1,13,0,0
37,371095,1,1,1,7,12,14,0,32,0,1,0,51,2,63,31,63031,4,1998,KNAFB1218W57,K,N,A,F,B,1,2,1,8,W,5,7,0,0,0,000000000,00000000000,0,0,0,1,0,0,0,0,0,0,0,60,0,1,5,12,6,2,1,0,0,0,1,51,24541,2,1,0,0,2,0,72,175,0,0,0,0,0,0,0,0,0,3,36,58,0,0,1,2,45,3,1,2,1,0,0,14,13,1,1,4,1,1,1
37,371096,1,1,1,12,12,22,53,43,0,1,0,37,2,76,705,76705,80,2000,JYARJ04E7YA0,J,Y,A,R,J,0,4,E,7,Y,A,0,0,0,0,000000000,00000000000,0,0,0,1,0,0,0,0,0,0,0,100,0,0,0,12,6,2,42,0,0,0,1,37,28613,6,1,0,0,3,3,68,999,0,0,0,0,0,0,0,0,0,3,36,39,0,0,1,2,45,1,1,2,1,20,3,1,14,1,1,4,14,1,1
37,371097,1,2,1,13,12,12,18,12,2,1,0,37,1,22,9,22009,2,1988,1G2FS21F3JL2,1,G,2,F,S,2,1,F,3,J,L,2,0,0,0,000000000,00000000000,0,0,0,1,0,0,0,0,0,0,0,40,0,0,0,12,6,2,12,0,0,0,1,37,28609,6,1,0,0,3,0,66,999,0,0,0,0,1,4,2014,4,2014,0,99,99,99,99,1,2,55,3,2,2,1,0,0,14,54,1,1,3,53,0,0