STATE,ST_CASE,VEH_NO,VE_FORMS,NUMOCCS,DAY,MONTH,HOUR,MINUTE,HARM_EV,MAN_COLL,UNITTYPE,HIT_RUN,REG_STAT,OWNER,MAKE,MODEL,MAK_MOD,BODY_TYP,MOD_YEAR,VIN,VIN_1,VIN_2,VIN_3,VIN_4,VIN_5,VIN_6,VIN_7,VIN_8,VIN_9,VIN_10,VIN_11,VIN_12,TOW_VEH,J_KNIFE,MCARR_I1,MCARR_I2,MCARR_ID,GVWR,V_CONFIG,CARGO_BT,HAZ_INV,HAZ_PLAC,HAZ_ID,HAZ_CNO,HAZ_REL,BUS_USE,SPEC_USE,EMER_USE,TRAV_SP,UNDERIDE,ROLLOVER,ROLINLOC,IMPACT1,DEFORMED,TOWED,M_HARM,VEH_SC1,VEH_SC2,FIRE_EXP,DR_PRES,L_STATE,DR_ZIP,L_STATUS,L_TYPE,CDL_STAT,L_ENDORS,L_COMPL,L_RESTRI,DR_HGT,DR_WGT,PREV_ACC,PREV_SUS,PREV_DWI,PREV_SPD,PREV_OTH,FIRST_MO,FIRST_YR,LAST_MO,LAST_YR,SPEEDREL,DR_SF1,DR_SF2,DR_SF3,DR_SF4,VTRAFWAY,VNUM_LAN,VSPD_LIM,VALIGN,VPROFILE,VPAVETYP,VSURCOND,VTRAFCON,VTCONT_F,P_CRASH1,P_CRASH2,P_CRASH3,PCRASH4,PCRASH5,ACC_TYPE,DEATHS,DR_DRINK
37,371097,2,2,2,13,12,12,18,12,2,1,0,37,1,20,471,20471,30,1991,1GCCS19R0M82,1,G,C,C,S,1,9,R,0,M,8,2,0,0,0,000000000,00000000000,0,0,0,1,0,0,0,0,0,0,0,20,0,0,0,12,6,2,12,0,0,0,1,37,28609,6,1,0,0,3,3,63,999,0,0,0,0,0,0,0,0,0,0,99,99,99,99,1,2,55,2,2,2,1,0,0,14,54,1,1,3,53,1,0
37,371098,1,1,2,10,12,17,49,8,0,1,0,37,2,12,402,12402,14,2007,1FMCU93157KA,1,F,M,C,U,9,3,1,5,7,K,A,0,0,0,000000000,00000000000,0,0,0,1,0,0,0,0,0,0,0,45,0,0,0,12,4,5,8,0,0,0,1,37,28472,6,1,0,0,3,0,67,999,0,0,0,1,0,3,2014,3,2014,0,0,0,0,0,1,3,45,1,1,2,1,0,0,1,80,1,1,1,13,0,0
37,371099,1,2,1,2,12,23,5,12,6,1,0,37,2,37,31,37031,2,2002,1HGEM21262L1,1,H,G,E,M,2,1,2,6,2,L,1,0,0,0,000000000,00000000000,0,0,0,1,0,0,0,0,0,0,0,55,0,0,0,4,6,2,12,0,0,0,1,37,28384,6,1,0,0,3,0,67,999,0,1,0,1,1,12,2012,2,2014,0,28,0,0,0,1,2,55,1,1,2,2,0,0,1,10,1,1,6,66,1,0
37,371099,2,2,1,2,12,23,5,12,6,1,0,37,1,23,421,23421,15,2005,1GKEC13VX5R1,1,G,K,E,C,1,3,V,X,5,R,1,0,0,0,000000000,00000000000,0,0,0,1,0,0,0,0,0,0,0,55,0,0,0,12,6,2,12,0,0,0,1,37,28349,6,1,0,0,3,3,74,999,3,0,0,0,0,12,2011,11,2012,0,0,0,0,0,1,2,55,1,1,2,2,0,0,1,62,1,1,1,66,0,0
37,371100,1,2,1,21,12,20,46,12,2,1,0,37,2,49,472,49472,30,2004,5TESN92N24Z3,5,T,E,S,N,9,2,N,2,4,Z,3,0,0,0,000000000,00000000000,0,0,0,1,0,0,0,0,0,0,0,35,0,1,1,12,6,2,12,0,0,0,1,37,27019,6,1,0,0,3,3,68,999,0,1,0,0,0,7,2012,7,2012,0,28,0,0,0,1,2,35,1,1,2,1,0,0,1,10,1,1,2,50,0,1
37,371100,2,2,3,21,12,20,46,12,2,1,0,37,1,49,40,49040,4,2004,4T1BE32K24U8,4,T,1,B,E,3,2,K,2,4,U,8,0,0,0,000000000,00000000000,0,0,0,1,0,0,0,0,0,0,0,35,0,0,0,12,6,2,12,0,0,0,1,37,27105,6,1,0,0,3,0,72,999,0,0,0,0,0,0,0,0,0,0,0,0,0,0,1,2,35,1,1,2,1,0,0,1,62,7,1,1,51,1,0
37,371101,1,1,1,19,12,17,4,38,0,1,0,37,1,49,43,49043,4,2011,4T1BK3DB9BU3,4,T,1,B,K,3,D,B,9,B,U,3,0,0,0,000000000,00000000000,0,0,0,1,0,0,0,0,0,0,0,33,0,0,0,12,6,2,34,0,0,0,1,37,27040,6,1,0,0,3,3,72,999,0,0,0,0,0,0,0,0,0,0,99,99,99,99,1,2,45,1,4,2,1,0,0,1,19,1,1,4,6,1,0
37,371102,1,1,1,25,12,14,1,42,0,1,0,37,2,37,33,37033,2,2001,JHMBB61451C0,J,H,M,B,B,6,1,4,5,1,C,0,0,0,0,000000000,00000000000,0,0,0,1,0,0,0,0,0,0,0,70,0,0,0,12,6,2,42,0,0,0,1,37,27597,0,0,0,0,0,0,999,999,0,0,0,0,0,0,0,0,0,3,36,0,0,0,1,2,45,2,4,2,1,0,0,14,10,1,1,4,6,1,1
37,371103,1,3,1,3,12,8,4,12,2,1,0,37,1,20,32,20032,4,1995,1Y1SK526XSZ0,1,Y,1,S,K,5,2,6,X,S,Z,0,0,0,0,000000000,00000000000,0,0,0,1,0,0,0,0,0,0,0,47,0,0,0,12,6,2,12,0,0,0,1,37,28021,6,1,0,0,3,3,80,999,1,1,0,0,0,2,2013,2,2013,3,28,36,0,0,2,3,35,1,1,2,2,0,0,1,10,1,1,2,50,1,1
37,371103,2,3,2,3,12,8,4,12,2,1,0,37,1,20,402,20402,14,2004,2CNBJ7344469,2,C,N,B,J,7,3,4,4,4,6,9,0,0,0,000000000,00000000000,0,0,0,1,0,0,0,0,0,0,0,15,0,0,0,12,6,2,12,0,0,0,1,37,28645,6,1,0,0,3,3,71,999,0,0,0,0,0,0,0,0,0,0,0,0,0,0,2,3,35,1,1,2,2,0,0,1,62,1,1,1,51,0,0
37,371103,3,3,1,3,12,8,4,12,2,1,0,37,1,6,441,6441,20,1997,1C4GP64L1VB2,1,C,4,G,P,6,4,L,1,V,B,2,0,0,0,000000000,00000000000,0,0,0,1,0,0,0,0,0,0,0,35,0,0,0,12,6,2,12,0,0,0,1,37,28054,6,1,0,0,3,0,67,999,0,0,0,0,0,0,0,0,0,0,0,0,0,0,2,3,35,1,1,2,2,0,0,1,51,1,1,1,98,0,0
37,371104,1,1,1,4,12,9,50,1,0,1,0,37,1,63,33,63033,4,2008,KNAFE1212855,K,N,A,F,E,1,2,1,2,8,5,5,0,0,0,000000000,00000000000,0,0,0,1,0,0,0,0,0,0,0,65,0,2,5,0,6,2,2,0,0,1,1,37,28227,6,1,0,0,3,3,66,999,0,0,0,0,0,0,0,0,0,0,99,99,99,99,3,2,65,1,1,2,1,0,0,1,13,1,1,4,1,1,1
37,371105,1,1,1,18,12,19,54,9,0,1,0,37,2,2,404,2404,14,2000,1J4FF48S8YL1,1,J,4,F,F,4,8,S,8,Y,L,1,0,0,0,000000000,00000000000,0,0,0,1,0,0,0,0,0,0,0,40,0,0,0,1,6,2,9,0,0,0,1,37,28120,6,2,0,0,3,1,63,999,0,0,0,0,0,0,0,0,0,0,0,0,0,0,1,2,45,1,1,2,1,0,0,1,80,1,1,1,13,0,0
37,371106,2,2,1,5,12,17,53,12,1,1,0,92,0,98,998,98998,97,9999,000000000000,0,0,0,0,0,0,0,0,0,0,0,0,0,0,0,000000000,00000000000,0,0,0,1,0,0,0,0,0,0,0,15,0,0,0,6,6,2,12,0,0,0,1,37,27537,6,1,0,0,1,0,70,999,0,0,0,0,0,0,0,0,0,0,0,0,0,0,1,2,55,1,1,2,1,0,0,2,18,1,1,1,29,0,0
37,371106,3,2,1,5,12,17,53,12,1,1,0,51,1,7,482,7482,31,2007,1D7HU182X7J6,1,D,7,H,U,1,8,2,X,7,J,6,0,0,0,000000000,00000000000,0,0,0,1,0,0,0,0,0,0,0,55,0,1,1,12,6,2,8,0,0,0,1,51,24598,6,1,0,0,3,3,72,182,0,0,0,0,0,0,0,0,0,0,36,0,0,0,1,2,55,1,1,2,1,0,0,1,51,1,1,1,28,0,0
37,371107,1,1,1,6,12,20,2,8,0,1,0,37,1,37,441,37441,20,2000,2HKRL1867YH5,2,H,K,R,L,1,8,6,7,Y,H,5,0,0,0,000000000,00000000000,0,0,0,1,0,0,0,0,0,0,0,50,0,0,0,12,4,5,8,0,0,0,1,37,27583,6,1,6,0,3,0,68,999,0,0,0,0,0,0,0,0,0,0,0,0,0,0,1,2,55,1,1,2,2,0,0,1,80,1,1,1,13,0,0
37,371108,1,2,1,13,12,15,35,12,1,1,0,37,2,53,709,53709,80,2009,JS1GX72A0921,J,S,1,G,X,7,2,A,0,9,2,1,0,0,0,000000000,00000000000,0,0,0,1,0,0,0,0,0,0,0,130,0,0,0,12,6,2,12,0,0,0,1,37,27536,6,1,0,0,3,0,73,999,0,0,0,0,0,0,0,0,0,3,36,0,0,0,1,2,55,1,1,2,1,0,0,1,51,1,1,1,24,1,0
37,371108,2,2,3,13,12,15,35,12,1,1,0,37,1,20,22,20022,4,2010,1G1AB5F58A71,1,G,1,A,B,5,F,5,8,A,7,1,0,0,0,000000000,00000000000,0,0,0,1,0,0,0,0,0,0,0,30,0,0,0,6,6,2,12,0,0,0,1,37,27614,6,1,0,0,3,3,70,999,0,0,0,0,2,2,2013,3,2013,0,0,0,0,0,1,2,55,1,1,2,1,0,0,1,53,1,1,1,25,0,0
37,371109,1,2,1,27,12,18,21,8,0,1,0,37,3,82,881,82881,66,1995,1FUYDCXB5SH5,1,F,U,Y,D,C,X,B,5,S,H,5,1,1,57,340071,57340071,3,6,1,1,0,0,0,0,0,0,0,35,0,0,0,1,4,3,8,0,0,0,1,37,27581,6,1,6,0,3,0,72,999,1,0,0,0,1,6,2013,1,2014,0,0,0,0,0,1,4,45,1,1,2,1,0,0,1,80,1,1,1,13,0,0
37,371109,2,2,1,27,12,18,21,8,0,1,0,37,2,63,401,63401,14,2002,KNDJB6233251,K,N,D,J,B,6,2,3,3,2,5,1,0,0,0,000000000,00000000000,0,0,0,1,0,0,0,0,0,0,0,35,0,0,0,14,0,5,8,0,0,0,1,37,27565,6,1,0,0,3,0,59,999,0,0,0,0,0,0,0,0,0,0,0,0,0,0,1,4,45,1,1,2,1,0,0,1,80,1,1,1,98,0,0
37,371110,1,1,3,18,12,2,2,1,0,1,0,37,2,35,402,35402,14,2003,5N1ED28Y53C6,5,N,1,E,D,2,8,Y,5,3,C,6,0,0,0,000000000,00000000000,0,0,0,1,0,0,0,0,0,0,0,70,0,2,5,0,6,2,42,0,0,0,1,37,28739,6,1,0,0,3,3,72,999,0,1,0,0,1,12,2012,4,2014,3,36,0,0,0,1,2,45,3,2,2,1,0,0,14,11,1,1,4,1,1,1
37,371111,1,1,1,13,12,2,56,42,0,1,0,37,1,20,37,20037,4,2001,1G1ND52J0162,1,G,1,N,D,5,2,J,0,1,6,2,0,0,0,000000000,00000000000,0,0,0,1,0,0,0,0,0,0,0,75,0,0,0,12,6,2,42,0,0,0,1,37,28374,6,1,0,0,3,0,69,999,1,1,0,0,1,1,2012,12,2013,3,36,58,0,0,1,2,55,1,2,2,1,0,0,1,13,1,1,4,1,1,1
37,371112,1,2,1,28,12,11,4,12,2,1,0,37,2,12,37,12037,4,2008,1FAHP35N58W1,1,F,A,H,P,3,5,N,5,8,W,1,0,0,0,000000000,00000000000,0,0,0,1,0,0,0,0,0,0,0,55,0,0,0,12,6,2,12,0,0,0,1,37,28376,6,1,0,0,3,0,70,999,0,0,0,0,0,0,0,0,0,0,28,0,0,0,1,2,55,1,1,2,2,0,0,1,10,1,1,6,50,1,0
37,371112,2,2,1,28,12,11,4,12,2,1,0,37,2,6,52,6052,6,2006,3A4FY58B86T3,3,A,4,F,Y,5,8,B,8,6,T,3,0,0,0,000000000,00000000000,0,0,0,1,0,0,0,0,0,0,0,35,0,0,0,12,6,2,12,0,0,0,1,37,28376,6,2,0,0,3,0,66,999,0,0,0,0,0,0,0,0,0,0,0,0,0,0,1,2,55,1,1,2,2,0,0,1,62,1,1,1,51,0,0
37,371113,1,2,1,11,12,16,25,12,6,1,0,37,3,87,881,87881,63,1995,1XPCD69X0SN3,1,X,P,C,D,6,9,X,0,S,N,3,0,0,57,1029758,571029758,3,2,4,1,0,0,0,0,0,0,0,3,0,0,0,8,2,5,12,0,0,0,1,37,28083,6,1,6,0,3,0,75,999,0,0,0,0,1,7,2012,7,2012,0,0,0,0,0,1,2,45,1,1,2,1,0,0,13,98,1,1,1,98,0,0
37,371113,2,2,2,11,12,16,25,12,6,1,0,37,2,35,43,35043,4,2004,3N1CB51D24L8,3,N,1,C,B,5,1,D,2,4,L,8,0,0,0,000000000,00000000000,0,0,0,1,0,0,0,0,0,0,0,45,0,0,0,12,6,2,12,0,0,0,1,37,27013,6,1,0,0,3,0,73,999,0,0,0,1,0,2,2012,2,2012,4,36,0,0,0,1,2,45,1,1,2,1,0,0,1,56,1,1,1,98,1,0
37,371114,1,2,1,5,12,22,36,12,2,1,0,37,1,49,42,49042,2,1992,JT2EL45F6N00,J,T,2,E,L,4,5,F,6,N,0,0,0,0,0,000000000,00000000000,0,0,0,1,0,0,0,0,0,0,0,45,0,0,0,12,6,2,12,0,0,0,1,37,27577,6,1,0,0,3,0,66,999,1,0,0,0,0,7,2012,7,2012,0,28,0,0,0,1,2,45,1,1,2,1,0,0,1,10,1,1,2,50,1,0
37,371114,2,2,2,5,12,22,36,12,2,1,0,37,2,22,22,22022,4,2008,1G2ZF57B4841,1,G,2,Z,F,5,7,B,4,8,4,1,0,0,0,000000000,00000000000,0,0,0,1,0,0,0,0,0,0,0,45,0,0,0,12,6,2,12,0,0,0,1,37,27577,6,1,6,0,3,0,68,999,0,0,0,0,1,2,2012,2,2012,0,0,0,0,0,1,2,45,1,1,2,1,0,0,1,62,1,1,1,51,0,0
37,371115,1,1,3,29,12,7,1,8,0,1,0,37,2,20,481,20481,31,2003,2GCEC19X4313,2,G,C,E,C,1,9,X,4,3,1,3,0,0,0,000000000,00000000000,0,0,0,1,0,0,0,0,0,0,0,70,0,0,0,1,4,5,8,0,0,0,1,37,27504,6,1,0,0,3,3,73,999,0,0,0,0,0,0,0,0,0,0,0,0,0,0,3,2,70,1,1,1,2,0,0,1,80,1,1,1,13,0,0
37,371116,1,2,1,6,12,12,35,12,8,1,0,37,1,12,443,12443,20,2004,2FMZA51634BA,2,F,M,Z,A,5,1,6,3,4,B,A,0,0,0,000000000,00000000000,0,0,0,1,0,0,0,0,0,0,0,50,0,0,0,10,6,2,12,0,0,0,1,37,27332,6,1,0,0,3,3,62,999,0,0,0,0,0,0,0,0,0,0,0,0,0,0,2,5,55,2,2,2,2,0,0,14,62,1,1,1,65,1,0
37,371116,2,2,1,6,12,12,35,12,8,1,0,37,2,23,461,23461,21,2012,1GD374CG5C11,1,G,D,3,7,4,C,G,5,C,1,1,0,0,0,000000000,00000000000,0,0,0,1,0,0,0,0,0,0,0,55,0,0,0,10,6,2,12,0,0,0,1,37,27253,6,1,0,0,3,0,72,999,0,0,0,0,0,0,0,0,0,0,28,0,0,0,2,5,55,3,2,2,2,0,0,14,10,1,1,2,64,0,0
37,371117,1,1,1,7,12,23,31,42,0,1,0,37,1,37,402,37402,14,2011,JHLRE4H52BC0,J,H,L,R,E,4,H,5,2,B,C,0,0,0,0,000000000,00000000000,0,0,0,1,0,0,0,0,0,0,0,45,0,0,0,12,6,2,42,0,0,0,1,37,28092,6,1,0,0,3,3,66,999,0,0,0,0,0,0,0,0,0,0,99,99,99,99,1,3,45,1,1,2,1,0,0,1,10,1,1,4,6,1,0
37,371118,1,2,1,19,12,23,22,12,1,1,1,37,1,58,37,58037,4,2011,JN1CV6AP3BM5,J,N,1,C,V,6,A,P,3,B,M,5,0,0,0,000000000,00000000000,0,0,0,1,0,0,0,0,0,0,0,998,0,0,0,12,6,2,12,0,0,0,1,37,28164,1,1,0,0,2,0,67,999,0,0,0,0,0,0,0,0,0,9,36,0,0,0,1,2,45,1,1,2,1,0,0,1,51,1,1,1,24,0,1
37,371118,2,2,2,19,12,23,22,12,1,1,0,92,0,98,709,98709,81,2007,000000000000,0,0,0,0,0,0,0,0,0,0,0,0,0,0,0,000000000,00000000000,0,0,0,1,0,0,0,0,0,0,0,998,0,0,0,6,6,2,12,0,0,0,1,37,28269,0,0,0,0,0,0,999,999,0,0,0,0,0,0,0,0,0,0,0,0,0,0,1,2,45,1,1,2,1,0,0,1,53,1,1,1,25,1,0
37,371119,1,1,1,19,12,11,38,8,0,1,0,37,3,82,881,82881,66,1999,1FV8C0Y93XLA,1,F,V,8,C,0,Y,9,3,X,L,A,1,1,57,616455,57616455,3,6,10,1,0,0,0,0,0,0,0,55,0,0,0,11,2,5,8,0,0,0,1,37,27306,6,1,6,0,3,0,72,999,0,0,0,0,0,0,0,0,0,0,0,0,0,0,1,2,55,1,1,2,1,0,0,1,80,1,1,1,13,0,0
37,371120,1,1,1,27,12,21,5,8,0,1,0,37,1,49,41,49041,2,1995,JT2SW21NXS00,J,T,2,S,W,2,1,N,X,S,0,0,0,0,0,000000000,00000000000,0,0,0,1,0,0,0,0,0,0,0,55,0,0,0,12,4,5,8,0,0,0,1,37,28001,6,1,0,0,3,0,70,999,0,0,0,0,0,0,0,0,0,0,0,0,0,0,1,2,55,3,2,2,1,0,0,14,80,1,1,1,13,0,0
37,371121,1,1,1,19,12,20,12,23,0,1,0,37,2,7,442,7442,20,2001,2B4GP44391R2,2,B,4,G,P,4,4,3,9,1,R,2,0,0,0,000000000,00000000000,0,0,0,1,0,0,0,0,0,0,0,75,0,0,0,11,6,2,42,0,0,1,1,37,27325,1,1,0,0,2,0,61,999,1,1,0,0,3,5,2014,11,2014,3,28,58,0,0,1,2,55,2,2,2,1,0,0,14,10,1,1,4,6,1,1
37,371122,1,1,1,6,12,1,32,59,0,1,0,37,1,54,31,54031,4,1996,JH4DB7652TS0,J,H,4,D,B,7,6,5,2,T,S,0,0,0,0,000000000,00000000000,0,0,0,1,0,0,0,0,0,0,0,70,0,0,0,10,6,2,30,0,0,0,1,37,27803,6,2,0,0,3,1,62,999,1,0,0,0,0,5,2014,5,2014,3,28,36,58,0,1,2,55,3,1,2,1,0,0,14,13,1,1,4,1,1,0
37,371123,1,1,1,15,12,22,28,42,0,1,0,37,2,49,402,49402,14,1999,JT3GP10V1X70,J,T,3,G,P,1,0,V,1,X,7,0,0,0,0,000000000,00000000000,0,0,0,1,0,0,0,0,0,0,0,60,0,0,0,1,6,2,42,0,0,0,1,37,28449,6,1,0,0,3,3,72,999,0,0,0,0,0,0,0,0,0,4,36,0,0,0,1,2,55,3,1,2,1,0,0,14,13,1,1,4,1,1,1
37,371124,1,2,1,27,12,1,9,12,1,1,0,37,2,49,403,49403,14,2004,JTEEP21A0400,J,T,E,E,P,2,1,A,0,4,0,0,0,0,0,000000000,00000000000,0,0,0,1,0,0,0,0,0,0,0,60,0,0,0,12,6,2,12,0,0,0,1,37,28412,1,1,0,0,2,3,67,999,1,0,0,0,1,4,2013,6,2014,3,36,0,0,0,1,3,40,1,1,2,1,0,0,1,52,1,1,1,24,0,1
37,371124,2,2,2,27,12,1,9,12,1,1,0,37,2,37,32,37032,4,2001,1HGCF866X1A0,1,H,G,C,F,8,6,6,X,1,A,0,0,0,0,000000000,00000000000,0,0,0,1,0,0,0,0,0,0,0,10,0,0,0,6,6,2,12,0,0,0,1,37,28401,6,1,0,0,3,3,68,999,1,0,0,0,0,10,2014,10,2014,0,0,0,0,0,1,3,40,1,1,2,1,0,0,1,18,1,1,1,25,1,0
37,371125,1,1,1,17,12,22,46,8,0,1,0,37,2,20,405,20405,14,2014,3GNAL3EK8ES5,3,G,N,A,L,3,E,K,8,E,S,5,0,0,0,000000000,00000000000,0,0,0,1,0,0,0,0,0,0,0,45,0,0,0,12,6,2,8,0,0,0,1,37,28540,6,1,0,0,3,3,74,999,0,0,0,0,0,0,0,0,0,0,0,0,0,0,1,2,45,1,1,2,1,0,0,1,80,1,1,1,13,0,0
37,371126,1,4,1,24,12,8,26,12,7,1,0,37,1,24,7,24007,4,2006,1G8AL55F16Z1,1,G,8,A,L,5,5,F,1,6,Z,1,0,0,0,000000000,00000000000,0,0,0,1,0,0,0,0,0,0,0,70,0,0,0,1,6,2,12,0,0,0,1,37,27511,6,1,0,0,3,3,65,999,0,0,0,0,2,11,2013,5,2014,3,36,0,0,0,3,4,65,2,3,2,2,0,0,14,11,1,1,4,48,1,0
37,371126,2,4,1,24,12,8,26,12,7,1,0,37,3,20,421,20421,15,2013,1GNSKBE07DR1,1,G,N,S,K,B,E,0,7,D,R,1,0,0,0,000000000,00000000000,0,0,0,1,0,0,0,0,0,0,0,0,0,0,0,6,6,2,12,0,0,0,1,37,27302,6,1,6,0,3,0,69,999,0,0,0,0,0,0,0,0,0,0,0,0,0,0,3,4,65,2,3,2,2,0,0,98,98,1,1,5,98,0,0
37,371126,3,4,0,24,12,8,26,12,7,1,0,37,3,98,884,98884,72,2008,1K9AF42878N0,1,K,9,A,F,4,2,8,7,8,N,0,0,0,88,888888888,88888888888,3,19,97,1,0,0,0,0,0,7,5,0,0,0,0,6,4,5,54,0,0,0,0,0,99997,7,6,97,7,6,7,998,997,998,998,998,998,998,98,9998,98,9998,8,0,0,0,0,3,4,65,2,3,2,2,0,0,0,98,0,0,0,98,0,0
37,371126,4,4,0,24,12,8,26,12,7,1,0,37,3,98,884,98884,72,2014,1S9A1HND3E10,1,S,9,A,1,H,N,D,3,E,1,0,0,0,88,888888888,88888888888,3,19,97,1,0,0,0,0,0,7,5,0,0,0,0,11,4,5,12,0,0,0,0,0,99997,7,6,97,7,6,7,998,997,998,998,998,998,998,98,9998,98,9998,8,0,0,0,0,3,4,65,2,3,2,2,0,0,0,98,0,0,0,48,0,0
37,371127,1,2,5,19,12,15,52,12,8,1,0,37,2,6,441,6441,20,2006,1A4GP44R96B7,1,A,4,G,P,4,4,R,9,6,B,7,0,0,0,000000000,00000000000,0,0,0,1,0,0,0,0,0,0,0,68,0,0,0,11,6,2,12,0,0,0,1,37,27909,6,1,0,0,3,0,73,999,0,0,0,0,0,0,0,0,0,3,28,36,0,0,1,2,55,3,1,2,1,0,0,14,10,1,1,2,64,0,1
37,371127,2,2,1,19,12,15,52,12,8,1,0,37,2,23,471,23471,30,1997,1GTCS19W9V85,1,G,T,C,S,1,9,W,9,V,8,5,0,0,0,000000000,00000000000,0,0,0,1,0,0,0,0,0,0,0,35,0,1,5,11,6,2,12,0,0,0,1,37,27909,6,1,0,0,3,3,64,999,0,0,0,0,0,0,0,0,0,0,0,0,0,0,1,2,55,3,1,2,1,0,0,14,62,1,1,1,65,1,0
37,371128,1,2,1,23,12,13,33,12,6,1,0,37,3,84,881,84881,66,2006,2HSCHAPR36C3,2,H,S,C,H,A,P,R,3,6,C,3,1,1,57,1527344,571527344,3,6,2,1,0,0,0,0,0,0,0,55,0,0,0,12,6,2,12,0,0,0,1,37,27932,6,1,6,1,3,3,72,999,0,0,0,0,1,9,2014,9,2014,0,0,0,0,0,2,2,60,1,1,2,1,3,3,1,62,1,1,1,69,0,0
37,371128,2,2,1,23,12,13,33,12,6,1,0,37,1,20,481,20481,31,2009,1GCEC19C49Z2,1,G,C,E,C,1,9,C,4,9,Z,2,0,0,0,000000000,00000000000,0,0,0,1,0,0,0,0,0,0,0,15,0,0,0,81,6,2,12,0,0,0,1,37,27935,6,1,0,0,3,0,68,999,0,0,0,0,0,0,0,0,0,0,39,0,0,0,2,2,60,1,1,2,1,3,3,11,15,1,1,1,68,1,0
37,371129,1,1,2,1,12,12,44,52,0,1,0,37,1,12,401,12401,14,1996,1FMDU34X7TUC,1,F,M,D,U,3,4,X,7,T,U,C,0,0,0,000000000,00000000000,0,0,0,1,0,0,0,0,0,0,0,70,0,1,5,9,6,2,52,0,0,0,1,37,28466,6,1,0,0,3,0,60,999,0,0,0,0,0,0,0,0,0,0,0,0,0,0,3,2,70,1,1,2,1,0,0,1,1,1,2,4,2,1,1
37,371130,1,2,1,19,12,16,33,12,2,1,0,37,1,20,471,20471,30,1999,1GCCS19X2X81,1,G,C,C,S,1,9,X,2,X,8,1,0,0,0,000000000,00000000000,0,0,0,1,0,0,0,0,0,0,0,55,0,0,0,12,6,2,12,0,0,1,1,37,28501,6,1,6,0,3,3,70,999,0,0,0,1,0,8,2014,8,2014,0,28,0,0,0,1,2,55,3,2,2,1,0,0,14,10,1,1,2,50,1,0
37,371130,2,2,2,19,12,16,33,12,2,1,0,37,1,35,421,35421,15,2005,5N1AA08A45N7,5,N,1,A,A,0,8,A,4,5,N,7,0,0,0,000000000,00000000000,0,0,0,1,0,0,0,0,0,0,0,55,0,0,0,12,6,2,12,0,0,0,1,37,28421,6,1,0,0,3,0,71,999,0,0,0,2,2,11,2012,6,2014,0,0,0,0,0,1,2,55,2,2,2,1,0,0,14,62,1,1,1,51,0,0
37,371131,1,1,1,20,12,20,38,18,0,1,0,37,1,20,2,20002,4,2007,2G1WT58K8792,2,G,1,W,T,5,8,K,8,7,9,2,0,0,0,000000000,00000000000,0,0,0,1,0,0,0,0,0,0,0,70,0,0,0,12,6,2,18,0,0,0,1,37,28447,6,1,0,0,3,0,67,999,0,0,0,0,0,0,0,0,0,4,99,99,99,99,1,2,55,3,1,2,1,0,0,14,13,1,1,4,1,1,1
37,371132,1,1,1,4,12,19,2,42,0,1,0,37,1,20,421,20421,15,1999,1GNFK16R4XJ4,1,G,N,F,K,1,6,R,4,X,J,4,0,0,0,000000000,00000000000,0,0,0,1,0,0,0,0,0,0,0,998,0,0,0,81,6,2,42,0,0,0,1,37,27573,6,1,0,0,3,0,73,999,0,0,0,1,0,2,2012,2,2012,0,36,0,0,0,2,2,35,1,1,2,2,0,0,1,13,1,1,4,1,1,1
37,371133,1,1,1,13,12,6,3,24,0,1,0,37,3,82,881,82881,62,2012,1FVACWDT6CDB,1,F,V,A,C,W,D,T,6,C,D,B,0,0,77,777777777,77777777777,2,2,1,1,0,0,0,0,0,0,0,60,0,1,5,12,6,2,2,0,0,1,1,37,27610,6,1,6,0,3,3,65,999,0,0,0,0,0,0,0,0,0,0,99,99,99,99,2,2,60,1,1,2,1,0,0,1,13,1,1,4,1,1,0
37,371134,1,1,1,30,12,15,47,59,0,1,0,37,1,37,32,37032,4,1999,1HGCG5644XA1,1,H,G,C,G,5,6,4,4,X,A,1,0,0,0,000000000,00000000000,0,0,0,1,0,0,0,0,0,0,0,55,0,0,0,12,6,2,23,0,0,0,1,37,28530,6,1,0,0,3,3,75,999,0,0,0,0,0,0,0,0,0,0,0,0,0,0,1,2,55,1,1,2,1,0,0,1,13,1,1,4,1,1,0
37,371135,1,2,1,7,12,5,44,12,8,1,0,54,3,82,881,82881,66,2013,3AKJGLDR1DSF,3,A,K,J,G,L,D,R,1,D,S,F,1,1,57,241757,57241757,3,6,1,1,0,0,0,0,0,0,0,55,0,0,0,10,6,2,12,0,0,0,1,54,25801,6,1,6,0,3,3,67,340,0,0,0,0,0,0,0,0,0,0,0,0,0,0,1,2,55,1,1,2,1,0,0,1,62,1,1,1,65,0,0
37,371135,2,2,1,7,12,5,44,12,8,1,0,37,3,23,481,23481,31,2000,1GTEC14T9YE4,1,G,T,E,C,1,4,T,9,Y,E,4,0,0,0,000000000,00000000000,0,0,0,1,0,0,0,0,0,0,0,55,0,0,0,11,6,2,12,0,0,0,1,37,28396,6,1,0,0,3,0,75,999,0,1,0,1,0,1,2012,2,2012,0,28,0,0,0,1,2,55,1,1,2,1,0,0,1,10,1,1,2,64,1,1