STATE,ST_CASE,VEH_NO,VE_FORMS,NUMOCCS,DAY,MONTH,HOUR,MINUTE,HARM_EV,MAN_COLL,UNITTYPE,HIT_RUN,REG_STAT,OWNER,MAKE,MODEL,MAK_MOD,BODY_TYP,MOD_YEAR,VIN,VIN_1,VIN_2,VIN_3,VIN_4,VIN_5,VIN_6,VIN_7,VIN_8,VIN_9,VIN_10,VIN_11,VIN_12,TOW_VEH,J_KNIFE,MCARR_I1,MCARR_I2,MCARR_ID,GVWR,V_CONFIG,CARGO_BT,HAZ_INV,HAZ_PLAC,HAZ_ID,HAZ_CNO,HAZ_REL,BUS_USE,SPEC_USE,EMER_USE,TRAV_SP,UNDERIDE,ROLLOVER,ROLINLOC,IMPACT1,DEFORMED,TOWED,M_HARM,VEH_SC1,VEH_SC2,FIRE_EXP,DR_PRES,L_STATE,DR_ZIP,L_STATUS,L_TYPE,CDL_STAT,L_ENDORS,L_COMPL,L_RESTRI,DR_HGT,DR_WGT,PREV_ACC,PREV_SUS,PREV_DWI,PREV_SPD,PREV_OTH,FIRST_MO,FIRST_YR,LAST_MO,LAST_YR,SPEEDREL,DR_SF1,DR_SF2,DR_SF3,DR_SF4,VTRAFWAY,VNUM_LAN,VSPD_LIM,VALIGN,VPROFILE,VPAVETYP,VSURCOND,VTRAFCON,VTCONT_F,P_CRASH1,P_CRASH2,P_CRASH3,PCRASH4,PCRASH5,ACC_TYPE,DEATHS,DR_DRINK
37,371136,1,1,2,10,12,3,38,42,0,1,0,37,2,37,31,37031,2,2008,2HGFG12678H5,2,H,G,F,G,1,2,6,7,8,H,5,0,0,0,000000000,00000000000,0,0,0,1,0,0,0,0,0,0,0,65,0,0,0,1,6,2,42,0,0,0,1,37,27370,6,1,0,0,3,0,71,999,1,1,0,0,3,4,2012,6,2013,0,58,0,0,0,1,2,55,1,2,2,1,0,0,1,12,1,1,4,6,1,0
37,371137,1,1,1,2,12,2,29,42,0,1,0,37,2,12,37,12037,4,2009,1FAHP35NX9W2,1,F,A,H,P,3,5,N,X,9,W,2,0,0,0,000000000,00000000000,0,0,0,1,0,0,0,0,0,0,0,55,0,0,0,12,6,2,42,0,0,0,1,37,28377,6,1,0,0,3,0,70,999,0,0,0,0,0,0,0,0,0,0,36,58,0,0,1,2,55,1,1,2,1,0,0,1,12,1,1,4,6,1,0
37,371138,1,1,1,7,12,15,32,42,0,1,0,37,1,20,36,20036,2,2002,2G1WW15E7292,2,G,1,W,W,1,5,E,7,2,9,2,0,0,0,000000000,00000000000,0,0,0,1,0,0,0,0,0,0,0,45,0,0,0,12,6,2,42,0,0,0,1,37,27311,1,1,0,0,2,0,66,999,0,2,0,0,0,5,2012,6,2013,0,0,0,0,0,1,2,55,3,1,2,1,0,0,14,13,1,1,4,1,1,0
37,371139,1,1,1,21,12,16,15,31,0,1,0,37,2,49,38,49038,4,1994,JT2EL43T7R04,J,T,2,E,L,4,3,T,7,R,0,4,0,0,0,000000000,00000000000,0,0,0,1,0,0,0,0,0,0,0,55,0,1,5,11,6,2,1,0,0,0,1,37,27288,1,1,0,0,2,0,64,999,1,4,0,0,1,5,2012,11,2014,0,99,99,99,99,1,2,55,1,1,2,1,0,0,1,13,1,1,4,1,1,1
37,371141,1,1,1,4,12,21,22,53,0,1,0,37,1,37,402,37402,14,2013,5J6RM3H74DL0,5,J,6,R,M,3,H,7,4,D,L,0,0,0,0,000000000,00000000000,0,0,0,1,0,0,0,0,0,0,0,80,0,1,5,12,6,2,1,0,0,0,1,37,28352,6,1,0,0,3,0,64,999,2,0,0,0,0,6,2012,6,2013,3,0,0,0,0,1,2,55,3,1,2,1,0,0,14,13,1,1,4,1,1,0
37,371142,1,1,1,21,12,16,59,42,0,1,0,37,1,12,17,12017,4,2001,1FAFP53UX1A1,1,F,A,F,P,5,3,U,X,1,A,1,0,0,0,000000000,00000000000,0,0,0,1,0,0,0,0,0,0,0,70,0,0,0,3,6,2,42,0,0,0,1,37,28351,6,1,0,0,3,0,60,999,0,0,0,0,0,0,0,0,0,3,0,0,0,0,1,2,45,1,1,2,1,0,0,1,12,1,1,4,6,1,0
37,371143,1,1,1,4,12,13,26,32,0,1,0,37,1,37,32,37032,4,1993,1HGCB7695PA1,1,H,G,C,B,7,6,9,5,P,A,1,0,0,0,000000000,00000000000,0,0,0,1,0,0,0,0,0,0,0,65,0,1,5,12,6,2,1,0,0,0,1,37,28007,6,1,0,0,3,3,77,999,0,0,0,2,0,3,2012,1,2014,3,36,0,0,0,1,2,55,1,1,2,1,0,0,1,12,1,1,4,6,1,0
37,371144,1,2,1,4,12,18,51,12,2,1,0,37,2,49,472,49472,30,2004,5TEHN72N54Z4,5,T,E,H,N,7,2,N,5,4,Z,4,0,0,0,000000000,00000000000,0,0,0,1,0,0,0,0,0,0,0,60,0,1,5,12,6,2,12,0,0,0,1,37,28001,6,2,0,0,3,3,68,999,0,0,0,0,0,0,0,0,0,0,28,0,0,0,1,2,55,1,1,2,1,0,0,1,10,1,1,2,50,0,0
37,371144,2,2,5,4,12,18,51,12,2,1,0,37,1,7,41,7041,4,1996,1B3HD46TXTF1,1,B,3,H,D,4,6,T,X,T,F,1,0,0,0,000000000,00000000000,0,0,0,1,0,0,0,0,0,0,0,55,0,0,0,12,6,2,12,0,0,0,1,37,28001,6,1,0,0,3,0,68,999,0,0,0,0,0,0,0,0,0,0,0,0,0,0,1,2,55,1,1,2,1,0,0,1,62,1,1,1,51,1,0
37,371145,1,1,1,7,12,3,11,35,0,1,0,37,1,20,461,20461,28,1999,1GCHG39R6X10,1,G,C,H,G,3,9,R,6,X,1,0,0,0,0,000000000,00000000000,0,0,0,1,0,0,0,0,0,0,0,100,0,0,0,12,6,2,42,0,0,0,1,37,27019,1,1,0,0,1,0,68,999,0,0,0,0,2,10,2014,10,2014,3,0,0,0,0,1,2,55,3,1,2,1,0,0,14,13,1,1,4,1,1,1
37,371146,1,2,1,9,12,12,51,12,6,1,0,37,1,12,3,12003,9,2000,1FAFP4447YF1,1,F,A,F,P,4,4,4,7,Y,F,1,0,0,0,000000000,00000000000,0,0,0,1,0,0,0,0,0,0,0,5,0,0,0,62,6,2,12,0,0,0,1,37,27048,6,1,0,0,3,0,73,999,0,0,0,0,0,0,0,0,0,0,0,0,0,0,1,2,55,1,1,2,1,0,0,1,17,1,1,1,89,1,0
37,371146,2,2,1,9,12,12,51,12,6,1,0,37,1,12,442,12442,20,2003,2FMZA514X3BA,2,F,M,Z,A,5,1,4,X,3,B,A,0,0,0,000000000,00000000000,0,0,0,1,0,0,0,0,0,0,0,55,0,0,0,12,6,2,12,0,0,0,1,37,27046,6,1,0,0,3,0,66,999,0,0,0,0,1,2,2013,2,2013,0,0,0,0,0,1,2,55,1,1,2,1,0,0,1,17,1,1,1,88,0,0
37,371147,1,1,2,27,12,10,5,42,0,1,0,37,2,49,471,49471,30,1986,JT4RN63R2G00,J,T,4,R,N,6,3,R,2,G,0,0,0,0,0,000000000,00000000000,0,0,0,1,0,0,0,0,0,0,0,65,0,0,0,12,6,2,42,0,0,0,1,37,27046,6,1,0,0,3,0,65,999,0,0,0,0,0,0,0,0,0,0,0,0,0,0,1,2,55,2,1,2,1,0,0,14,12,1,1,4,6,1,0
37,371148,1,1,1,2,12,1,32,59,0,1,0,37,1,7,24,7024,4,2012,2C3CDXCT5CH2,2,C,3,C,D,X,C,T,5,C,H,2,0,0,0,000000000,00000000000,0,0,0,1,0,0,0,0,0,0,0,125,0,0,0,12,6,2,59,0,0,0,1,37,28112,6,1,0,0,3,0,72,999,1,0,0,0,0,1,2013,1,2013,3,0,0,0,0,1,2,55,2,1,2,1,98,1,14,12,1,1,4,6,1,1
37,371149,1,1,4,6,12,0,30,43,0,1,0,37,2,12,481,12481,42,1997,1FTDX1760VNC,1,F,T,D,X,1,7,6,0,V,N,C,0,0,0,000000000,00000000000,0,0,0,1,0,0,0,0,0,0,0,65,0,0,0,12,6,2,43,0,0,0,1,37,28079,1,1,8,0,1,0,67,999,0,0,0,0,0,0,0,0,0,0,0,0,0,0,1,2,55,1,1,2,1,0,0,1,13,1,1,5,6,1,1
37,371150,1,2,1,8,12,14,58,12,2,1,0,37,3,99,999,99999,99,9999,999999999999,9,9,9,9,9,9,9,9,9,9,9,9,0,0,99,999999999,99999999999,2,99,99,1,0,0,0,0,0,0,0,45,0,0,0,12,6,2,12,0,0,0,1,37,28269,6,1,6,0,3,0,70,999,1,0,0,0,0,11,2013,11,2013,0,6,0,0,0,1,2,45,2,1,2,2,0,0,14,10,1,1,2,51,0,0
37,371150,2,2,1,8,12,14,58,12,2,1,0,37,3,99,999,99999,99,9999,999999999999,9,9,9,9,9,9,9,9,9,9,9,9,0,0,99,999999999,99999999999,2,99,99,1,0,0,0,0,99,0,0,45,0,0,0,12,6,2,12,0,0,0,1,37,28079,6,1,6,0,3,0,72,999,1,0,0,0,0,9,2013,9,2013,0,0,0,0,0,1,2,45,2,1,2,2,0,0,14,18,1,1,1,50,1,0
37,371151,1,3,2,13,12,17,57,12,1,1,0,37,2,49,40,49040,4,1997,000000000000,0,0,0,0,0,0,0,0,0,0,0,0,0,0,0,000000000,00000000000,0,0,0,1,0,0,0,0,0,0,0,55,0,0,0,12,4,5,12,0,0,0,1,37,27537,6,1,0,0,3,0,66,999,0,0,0,0,0,0,0,0,0,0,38,0,0,0,1,2,60,1,1,2,1,0,0,1,17,1,1,1,90,1,0
37,371151,2,3,1,13,12,17,57,12,1,1,0,37,2,49,32,49032,4,2008,1NXBR32E88Z0,1,N,X,B,R,3,2,E,8,8,Z,0,0,0,0,000000000,00000000000,0,0,0,1,0,0,0,0,0,0,0,15,0,0,0,6,6,2,12,0,0,0,1,37,27537,6,1,0,0,3,0,63,999,0,0,0,0,0,0,0,0,0,0,0,0,0,0,1,2,60,1,1,2,1,0,0,1,18,1,1,1,90,0,0
37,371151,3,3,1,13,12,17,57,12,1,1,0,37,1,20,471,20471,32,1989,1GCCT14Z4K22,1,G,C,C,T,1,4,Z,4,K,2,2,0,0,0,000000000,00000000000,0,0,0,1,0,0,0,0,0,0,0,55,0,0,0,61,6,2,12,0,0,0,1,37,27537,6,1,0,0,3,0,71,999,0,0,0,0,0,0,0,0,0,0,0,0,0,0,1,2,60,1,1,2,1,0,0,1,18,1,1,1,98,0,0
37,371152,1,2,1,18,12,13,37,12,2,1,0,37,2,37,31,37031,4,1990,000000000000,0,0,0,0,0,0,0,0,0,0,0,0,0,0,0,000000000,00000000000,0,0,0,1,0,0,0,0,0,0,0,0,0,0,0,12,6,2,12,0,0,0,1,37,27609,6,1,0,0,3,0,72,999,0,0,0,0,0,0,0,0,0,0,0,0,0,0,2,4,45,2,1,2,1,99,3,10,17,1,1,1,80,1,0
37,371152,2,2,3,18,12,13,37,12,2,1,0,37,2,20,421,20421,15,2008,1GNFC13088J1,1,G,N,F,C,1,3,0,8,8,J,1,0,0,0,000000000,00000000000,0,0,0,1,0,0,0,0,0,0,0,45,0,0,0,12,6,2,12,0,0,0,1,37,27610,6,1,0,0,3,0,67,999,2,0,0,0,0,4,2014,11,2014,0,0,0,0,0,2,4,45,3,1,2,1,3,3,14,15,1,1,1,81,0,0
37,371153,1,3,1,26,12,19,49,12,1,1,0,37,3,20,481,20481,31,2013,1GB4CZC85DF2,1,G,B,4,C,Z,C,8,5,D,F,2,0,0,0,000000000,00000000000,0,0,0,1,0,0,0,0,0,0,0,65,0,0,0,12,4,5,12,0,0,0,1,37,27560,6,1,0,0,3,3,65,999,0,0,0,0,1,10,2014,10,2014,0,0,0,0,0,3,4,65,1,2,2,1,0,0,1,52,1,1,1,28,0,0
37,371153,2,3,1,26,12,19,49,12,1,1,0,28,2,12,37,12037,4,2000,1FAFP3438YW2,1,F,A,F,P,3,4,3,8,Y,W,2,0,0,0,000000000,00000000000,0,0,0,1,0,0,0,0,0,0,0,65,0,0,0,12,6,2,12,0,0,0,1,37,27511,0,0,0,0,0,0,999,999,0,0,0,0,0,0,0,0,0,0,0,0,0,0,3,4,65,1,2,2,1,0,0,1,52,1,1,1,98,0,0
37,371153,3,3,1,26,12,19,49,12,1,1,0,37,1,30,40,30040,4,2000,3VWSA29M1YM1,3,V,W,S,A,2,9,M,1,Y,M,1,0,0,0,000000000,00000000000,0,0,0,1,0,0,0,0,0,0,0,10,0,0,0,6,6,2,12,0,0,0,1,37,27603,6,1,0,0,3,3,70,999,0,0,0,0,0,0,0,0,0,0,99,99,99,99,3,4,65,1,2,2,1,0,0,2,18,1,1,1,29,1,0
37,371154,1,2,10,13,12,3,4,12,6,1,0,37,3,94,981,94981,50,2014,4UZABRDT6ECF,4,U,Z,A,B,R,D,T,6,E,C,F,0,0,88,888888888,88888888888,2,21,22,1,0,0,0,0,1,2,0,10,0,0,0,3,6,2,12,0,0,0,1,37,28562,6,1,6,1,3,3,66,999,1,0,0,0,0,4,2014,4,2014,0,38,0,0,0,3,4,55,1,1,2,1,0,0,12,98,1,1,2,98,0,0
37,371154,2,2,1,13,12,3,4,12,6,1,0,37,2,23,401,23401,14,1996,1GKCS13W0T25,1,G,K,C,S,1,3,W,0,T,2,5,0,0,0,000000000,00000000000,0,0,0,1,0,0,0,0,0,0,0,55,0,0,0,12,6,2,12,0,0,0,1,37,27534,1,1,0,0,2,0,66,999,0,1,0,0,1,3,2012,5,2012,0,0,0,0,0,3,4,55,1,1,2,1,0,0,1,51,1,1,1,98,1,1
37,371155,1,2,1,15,12,12,29,12,2,1,0,37,1,35,51,35051,6,2010,JN8AS5MT2AW5,J,N,8,A,S,5,M,T,2,A,W,5,0,0,0,000000000,00000000000,0,0,0,1,0,0,0,0,0,0,0,55,0,0,0,12,6,2,12,0,0,0,1,37,27530,6,1,0,0,3,3,65,999,0,0,0,0,0,0,0,0,0,0,36,0,0,0,2,4,55,1,2,2,1,0,0,1,10,1,1,2,50,1,0
37,371155,2,2,2,15,12,12,29,12,2,1,0,37,1,20,421,20421,15,1999,1GNCS13WXX21,1,G,N,C,S,1,3,W,X,X,2,1,0,0,0,000000000,00000000000,0,0,0,1,0,0,0,0,0,0,0,55,0,0,0,12,6,2,12,0,0,0,1,37,27530,6,1,0,0,3,0,72,999,2,0,0,2,0,7,2012,5,2014,0,0,0,0,0,2,4,55,1,2,2,1,0,0,1,62,1,1,1,51,1,0
37,371156,1,2,1,27,12,20,20,12,8,1,0,37,1,20,471,20471,30,2001,1GCDT13W71K1,1,G,C,D,T,1,3,W,7,1,K,1,0,0,0,000000000,00000000000,0,0,0,1,0,0,0,0,0,0,0,40,0,0,0,10,6,2,12,0,0,0,1,37,28651,6,1,0,0,3,3,73,999,0,2,0,0,1,1,2012,3,2012,0,28,0,0,0,1,2,45,1,2,2,1,0,0,1,10,1,1,2,64,0,0
37,371156,2,2,3,27,12,20,20,12,8,1,0,37,2,20,461,20461,21,1998,1GBFG15M8W10,1,G,B,F,G,1,5,M,8,W,1,0,0,0,0,000000000,00000000000,0,0,0,1,0,0,0,0,0,0,0,40,0,0,0,10,6,2,12,0,0,0,1,37,28031,6,1,0,0,3,3,62,999,0,0,0,0,0,0,0,0,0,0,0,0,0,0,1,2,45,1,2,2,1,0,0,1,62,7,1,1,65,1,0
37,371157,1,1,1,1,12,16,15,14,0,1,0,37,1,6,18,6018,4,2012,1C3CCBCB9CN2,1,C,3,C,C,B,C,B,9,C,N,2,0,0,0,000000000,00000000000,0,0,0,1,0,0,0,0,0,0,0,80,0,0,0,2,6,2,8,0,0,0,1,37,28376,6,1,0,0,3,3,66,999,0,0,0,0,0,0,0,0,0,3,36,0,0,0,3,2,70,1,1,2,1,0,0,15,84,1,1,4,98,0,0
37,371158,1,1,1,2,12,16,48,42,0,1,0,51,1,30,40,30040,4,2014,3VWD17AJ7EM2,3,V,W,D,1,7,A,J,7,E,M,2,0,0,0,000000000,00000000000,0,0,0,1,0,0,0,0,0,0,0,70,0,0,0,12,6,2,42,0,0,0,1,51,23226,6,1,0,0,3,0,66,145,0,0,0,0,0,0,0,0,0,0,99,99,99,99,3,2,70,1,1,2,1,0,0,1,12,1,1,4,6,1,0
37,371159,1,2,1,9,12,15,28,12,6,1,0,18,3,84,881,84881,66,2013,3HSDJSJR3DN1,3,H,S,D,J,S,J,R,3,D,N,1,1,1,57,261902,57261902,3,6,1,1,0,0,0,0,0,0,0,55,0,0,0,12,6,2,12,0,0,0,1,37,27893,6,1,6,1,3,0,65,999,0,1,0,1,1,9,2013,4,2014,0,0,0,0,0,1,2,55,3,2,2,2,0,0,14,62,1,1,1,66,0,0
37,371159,2,2,1,9,12,15,28,12,6,1,0,37,2,49,50,49050,3,2006,JTKDE1778601,J,T,K,D,E,1,7,7,8,6,0,1,0,0,0,000000000,00000000000,0,0,0,1,0,0,0,0,0,0,0,55,0,0,0,3,6,2,12,0,0,0,1,37,27880,6,1,0,0,3,0,63,999,1,0,0,0,0,5,2014,5,2014,0,28,24,0,0,1,2,55,2,2,2,2,0,0,14,10,1,4,2,66,1,0
37,371160,1,1,2,24,9,17,40,42,0,1,0,37,1,35,39,35039,4,2000,JN1CA31A1YT0,J,N,1,C,A,3,1,A,1,Y,T,0,0,0,0,000000000,00000000000,0,0,0,1,0,0,0,0,0,0,0,70,0,0,0,12,6,2,42,0,0,0,1,37,27536,6,1,0,0,3,3,63,999,0,0,0,0,0,0,0,0,0,4,36,0,0,0,2,4,70,1,1,2,2,0,0,1,13,1,1,4,1,1,0
37,371161,1,1,1,29,10,20,24,8,0,1,0,37,1,49,32,49032,4,1997,1NXBA02E8VZ6,1,N,X,B,A,0,2,E,8,V,Z,6,0,0,0,000000000,00000000000,0,0,0,1,0,0,0,0,0,0,0,35,0,0,0,12,6,2,8,0,0,0,1,37,28345,6,1,0,0,3,0,65,999,0,0,0,0,0,0,0,0,0,0,0,0,0,0,1,2,35,1,1,2,1,0,0,1,80,1,1,1,13,0,0
37,371162,1,2,1,29,12,20,32,12,2,1,0,42,2,41,53,41053,5,2008,JM3ER29L9801,J,M,3,E,R,2,9,L,9,8,0,1,0,0,0,000000000,00000000000,0,0,0,1,0,0,0,0,0,0,0,55,0,0,0,12,6,2,12,0,0,0,1,42,18444,6,1,0,0,3,0,69,999,0,0,0,0,0,0,0,0,0,4,28,36,0,0,1,2,55,1,1,2,1,0,0,1,10,1,1,2,50,0,0
37,371162,2,2,3,29,12,20,32,12,2,1,0,37,1,20,36,20036,2,2004,2G1WW12EX491,2,G,1,W,W,1,2,E,X,4,9,1,0,0,0,000000000,00000000000,0,0,0,1,0,0,0,0,0,0,0,55,0,0,0,12,6,2,12,0,0,0,1,37,28434,6,1,0,0,3,0,71,999,0,0,0,0,1,1,2012,1,2012,0,0,0,0,0,1,2,55,1,1,2,1,0,0,1,62,7,1,1,51,1,0
37,371163,1,3,1,30,12,16,56,12,1,1,0,37,2,22,23,22023,2,2007,1G2MB35B57Y1,1,G,2,M,B,3,5,B,5,7,Y,1,0,0,0,000000000,00000000000,0,0,0,1,0,0,0,0,0,0,0,50,0,0,0,12,4,5,12,0,0,0,1,37,28138,6,1,0,0,3,0,68,999,0,0,0,0,2,3,2012,8,2014,3,36,0,0,0,1,2,45,1,1,2,1,0,0,1,51,1,1,1,24,0,0
37,371163,2,3,1,30,12,16,56,12,1,1,0,92,0,98,739,98739,90,2010,000000000000,0,0,0,0,0,0,0,0,0,0,0,0,0,0,0,000000000,00000000000,0,0,0,1,0,0,0,0,0,0,0,20,0,1,5,6,4,5,12,0,0,0,1,37,28025,6,1,0,0,1,0,74,999,0,0,0,0,0,0,0,0,0,0,0,0,0,0,1,2,45,1,1,2,1,0,0,1,53,1,1,1,25,1,0
37,371163,3,3,1,30,12,16,56,12,1,1,0,37,2,63,32,63032,6,2002,KNADC1632260,K,N,A,D,C,1,6,3,2,2,6,0,0,0,0,000000000,00000000000,0,0,0,1,0,0,0,0,0,0,0,45,0,0,0,8,4,5,12,0,0,0,1,37,28138,6,1,0,0,3,0,61,999,1,0,0,0,0,11,2014,11,2014,0,0,0,0,0,1,2,45,1,1,2,1,0,0,1,62,1,1,1,98,0,0
37,371164,1,1,2,31,12,13,23,25,0,1,0,37,1,20,431,20431,16,2003,1GNEC16Z93J2,1,G,N,E,C,1,6,Z,9,3,J,2,0,0,0,000000000,00000000000,0,0,0,1,0,0,0,0,0,0,0,65,0,1,3,1,6,2,1,0,0,0,1,37,28036,6,1,0,0,3,3,68,999,1,0,0,0,0,5,2013,5,2013,0,58,0,0,0,3,4,65,3,2,2,1,0,0,15,98,7,3,4,7,1,0
37,371165,1,2,1,4,12,11,9,12,1,1,0,37,1,49,401,49401,14,2006,JTEBU14RX600,J,T,E,B,U,1,4,R,X,6,0,0,0,0,0,000000000,00000000000,0,0,0,1,0,0,0,0,0,0,0,65,0,0,0,12,6,2,12,0,0,0,1,37,28546,6,1,0,0,3,3,74,999,0,0,0,0,0,0,0,0,0,3,36,0,0,0,1,5,55,1,1,2,1,0,0,1,11,1,1,2,24,0,0
37,371165,2,2,2,4,12,11,9,12,1,1,0,37,1,20,431,20431,16,1997,1GCEK19R4VE1,1,G,C,E,K,1,9,R,4,V,E,1,0,0,0,000000000,00000000000,0,0,0,1,0,0,0,0,0,0,0,55,0,1,5,6,6,2,12,0,0,0,1,37,27577,6,1,6,0,3,0,72,999,1,0,0,0,0,10,2012,10,2012,0,0,0,0,0,1,5,55,1,1,2,1,0,0,1,53,1,1,1,25,1,0
37,371166,1,1,1,23,12,0,30,8,0,1,0,37,2,18,2,18002,4,1999,1G4HP52K9XH4,1,G,4,H,P,5,2,K,9,X,H,4,0,0,0,000000000,00000000000,0,0,0,1,0,0,0,0,0,0,0,35,0,0,0,12,4,5,8,0,0,0,1,37,28169,6,1,0,0,3,3,68,999,0,0,0,0,0,0,0,0,0,0,0,0,0,0,1,2,45,1,1,2,2,0,0,1,80,1,1,1,13,0,0
37,371167,1,2,1,19,12,14,6,12,6,1,0,22,3,85,881,85881,66,2013,1XKDD49X7DJ3,1,X,K,D,D,4,9,X,7,D,J,3,1,1,57,610857,57610857,3,6,8,1,0,0,0,0,0,0,0,55,0,0,0,12,6,2,12,0,0,0,1,37,28303,6,1,6,0,3,3,71,999,0,0,0,0,0,0,0,0,0,0,0,0,0,0,1,2,55,1,1,2,1,4,3,1,17,1,1,1,86,0,0
37,371167,2,2,2,19,12,14,6,12,6,1,0,37,2,35,471,35471,30,1993,1N6SD16S5PC4,1,N,6,S,D,1,6,S,5,P,C,4,0,0,0,000000000,00000000000,0,0,0,1,0,0,0,0,0,0,0,25,0,0,0,3,6,2,12,0,0,0,1,37,28312,1,1,0,0,2,0,69,999,0,0,0,0,0,0,0,0,0,0,38,39,0,0,1,2,55,1,1,2,1,4,3,1,17,1,1,1,87,2,0
37,371168,1,1,2,28,12,9,28,34,0,1,0,37,1,20,22,20022,2,2005,1G1AP14P0576,1,G,1,A,P,1,4,P,0,5,7,6,0,0,0,000000000,00000000000,0,0,0,1,0,0,0,0,0,0,0,90,0,1,5,10,6,2,1,0,0,0,1,37,28349,6,1,0,0,3,0,72,999,0,0,0,0,0,0,0,0,0,3,36,58,0,0,1,2,55,3,1,2,2,0,0,14,10,1,1,4,1,1,0
37,371169,1,4,2,22,12,15,2,12,6,1,0,37,3,7,462,7462,21,2005,WD0PD7441558,W,D,0,P,D,7,4,4,1,5,5,8,0,0,0,000000000,00000000000,0,0,0,1,0,0,0,0,0,0,0,35,0,1,1,10,6,2,1,0,0,0,1,37,27705,6,1,6,0,3,3,77,999,0,0,0,0,0,0,0,0,0,0,0,0,0,0,1,4,35,1,2,2,2,3,3,1,17,1,1,1,89,1,0
37,371169,2,4,1,22,12,15,2,12,6,1,0,37,1,20,37,20037,4,2008,1G1ZJ57B38F2,1,G,1,Z,J,5,7,B,3,8,F,2,0,0,0,000000000,00000000000,0,0,0,1,0,0,0,0,0,0,0,35,0,0,0,12,6,2,12,0,0,0,1,37,27514,6,1,0,0,3,0,71,999,0,0,0,0,0,0,0,0,0,0,39,0,0,0,1,4,35,1,2,2,2,3,3,1,17,1,1,1,88,0,0
37,371169,3,4,1,22,12,15,2,12,6,1,0,37,2,7,27,7027,6,2013,3C4PDCBG2DT5,3,C,4,P,D,C,B,G,2,D,T,5,0,0,0,000000000,00000000000,0,0,0,1,0,0,0,0,0,0,0,0,0,0,0,12,6,2,12,0,0,0,1,37,27704,6,1,0,0,3,3,62,999,0,0,0,0,1,7,2013,7,2013,0,0,0,0,0,1,4,35,1,2,2,2,3,3,5,98,1,1,1,98,0,0
37,371169,4,4,4,22,12,15,2,12,6,1,0,37,1,49,40,49040,4,2009,4T1BE46KX9U3,4,T,1,B,E,4,6,K,X,9,U,3,0,0,0,000000000,00000000000,0,0,0,1,0,0,0,0,0,0,0,0,0,0,0,12,6,2,12,0,0,0,1,37,27519,6,1,0,0,3,0,64,999,0,0,0,0,0,0,0,0,0,0,0,0,0,0,1,4,35,1,2,2,2,3,3,5,98,1,1,1,98,0,0
37,371170,1,1,1,1,12,8,18,8,0,1,0,37,1,52,34,52034,4,2002,4A3AA46G82E1,4,A,3,A,A,4,6,G,8,2,E,1,0,0,0,000000000,00000000000,0,0,0,1,0,0,0,0,0,0,0,15,0,0,0,12,2,3,8,0,0,0,1,37,27407,6,1,0,0,3,0,69,999,0,0,0,0,0,0,0,0,0,0,38,0,0,0,1,4,45,1,1,2,1,3,3,11,80,1,1,1,13,0,0
37,371171,1,2,1,10,12,6,11,12,1,1,0,37,1,22,20,22020,4,2004,2G2WP5229413,2,G,2,W,P,5,2,2,9,4,1,3,0,0,0,000000000,00000000000,0,0,0,1,0,0,0,0,0,0,0,52,0,0,0,12,6,2,12,0,0,0,1,37,28792,6,1,0,0,3,0,69,999,1,0,0,0,1,6,2013,7,2013,5,26,0,0,0,1,2,50,1,2,2,1,0,0,1,51,1,1,1,24,0,0
37,371171,2,2,1,10,12,6,11,12,1,1,0,92,0,98,709,98709,81,2009,000000000000,0,0,0,0,0,0,0,0,0,0,0,0,0,0,0,000000000,00000000000,0,0,0,1,0,0,0,0,0,0,0,20,0,0,0,6,6,2,12,0,0,0,1,37,28792,0,0,0,0,1,0,999,999,0,0,0,0,0,0,0,0,0,0,0,0,0,0,1,2,50,1,2,2,1,0,0,1,53,1,1,1,25,1,0
37,371172,1,1,4,13,12,0,10,8,0,1,0,37,1,55,402,55402,14,2013,KM8JU3AC1DU5,K,M,8,J,U,3,A,C,1,D,U,5,0,0,0,000000000,00000000000,0,0,0,1,0,0,0,0,0,0,0,45,0,0,0,14,6,2,8,0,0,0,1,37,28115,6,1,0,0,3,3,73,999,1,0,0,0,0,3,2014,3,2014,0,0,0,0,0,1,2,45,1,1,2,1,0,0,1,80,1,1,1,13,0,0
37,371173,1,1,1,19,12,18,6,8,0,1,0,37,0,35,472,35472,42,2003,1N6DD26T23C4,1,N,6,D,D,2,6,T,2,3,C,4,0,0,0,000000000,00000000000,0,0,0,1,0,0,0,0,0,0,0,45,0,0,0,12,6,2,8,0,0,0,1,37,28081,6,1,0,0,3,0,66,999,0,0,0,0,0,0,0,0,0,0,0,0,0,0,1,2,55,1,1,2,1,0,0,1,18,1,1,1,13,0,0
37,371174,1,1,1,24,12,20,52,35,0,1,0,37,0,20,421,20421,15,1999,1GNEK13R3XJ3,1,G,N,E,K,1,3,R,3,X,J,3,0,0,0,000000000,00000000000,0,0,0,1,0,0,0,0,0,0,0,20,0,0,0,12,6,2,42,0,0,1,1,37,27330,6,1,0,0,3,0,64,999,2,0,0,0,0,11,2013,11,2013,0,99,99,99,99,1,2,55,1,2,4,2,0,0,1,13,1,1,4,1,1,0
37,371175,1,2,1,2,12,8,34,12,1,1,0,37,1,20,403,20403,14,2003,1GNDS13S9321,1,G,N,D,S,1,3,S,9,3,2,1,0,0,0,000000000,00000000000,0,0,0,1,0,0,0,0,0,0,0,60,0,0,0,12,6,2,12,0,0,0,1,37,28504,6,1,0,0,3,0,60,999,1,0,0,0,0,1,2014,1,2014,0,0,0,0,0,1,5,55,1,1,2,1,0,0,1,18,1,1,1,28,0,0