STATE,ST_CASE,VEH_NO,VE_FORMS,NUMOCCS,DAY,MONTH,HOUR,MINUTE,HARM_EV,MAN_COLL,UNITTYPE,HIT_RUN,REG_STAT,OWNER,MAKE,MODEL,MAK_MOD,BODY_TYP,MOD_YEAR,VIN,VIN_1,VIN_2,VIN_3,VIN_4,VIN_5,VIN_6,VIN_7,VIN_8,VIN_9,VIN_10,VIN_11,VIN_12,TOW_VEH,J_KNIFE,MCARR_I1,MCARR_I2,MCARR_ID,GVWR,V_CONFIG,CARGO_BT,HAZ_INV,HAZ_PLAC,HAZ_ID,HAZ_CNO,HAZ_REL,BUS_USE,SPEC_USE,EMER_USE,TRAV_SP,UNDERIDE,ROLLOVER,ROLINLOC,IMPACT1,DEFORMED,TOWED,M_HARM,VEH_SC1,VEH_SC2,FIRE_EXP,DR_PRES,L_STATE,DR_ZIP,L_STATUS,L_TYPE,CDL_STAT,L_ENDORS,L_COMPL,L_RESTRI,DR_HGT,DR_WGT,PREV_ACC,PREV_SUS,PREV_DWI,PREV_SPD,PREV_OTH,FIRST_MO,FIRST_YR,LAST_MO,LAST_YR,SPEEDREL,DR_SF1,DR_SF2,DR_SF3,DR_SF4,VTRAFWAY,VNUM_LAN,VSPD_LIM,VALIGN,VPROFILE,VPAVETYP,VSURCOND,VTRAFCON,VTCONT_F,P_CRASH1,P_CRASH2,P_CRASH3,PCRASH4,PCRASH5,ACC_TYPE,DEATHS,DR_DRINK
38,380050,1,1,1,5,7,23,0,34,0,1,0,38,2,23,481,23481,31,1991,1GTDC14Z6ME5,1,G,T,D,C,1,4,Z,6,M,E,5,0,0,0,000000000,00000000000,0,0,0,1,0,0,0,0,0,0,0,999,0,1,5,14,6,2,1,0,0,0,1,42,16159,6,1,6,0,3,0,76,999,0,0,0,0,0,0,0,0,0,3,58,0,0,0,1,2,55,3,1,4,1,0,0,14,6,7,3,4,2,1,1
38,380051,1,1,2,17,7,99,99,35,0,1,1,38,2,20,2,20002,4,2002,2G1WH55K7292,2,G,1,W,H,5,5,K,7,2,9,2,0,0,0,000000000,00000000000,0,0,0,1,0,0,0,0,0,0,0,998,0,0,0,12,6,2,35,0,0,0,1,38,58220,1,1,0,0,2,2,70,290,2,2,1,1,1,11,2011,6,2013,3,36,74,0,0,1,2,55,1,1,4,1,0,0,1,13,7,1,4,1,1,1
38,380052,1,1,1,7,7,22,43,34,0,1,0,38,2,35,401,35401,14,1995,JN8HD17Y7SW0,J,N,8,H,D,1,7,Y,7,S,W,0,0,0,0,000000000,00000000000,0,0,0,1,0,0,0,0,0,0,0,70,0,0,0,14,6,2,21,0,0,1,1,45,29693,1,1,5,0,2,0,70,175,0,2,1,0,0,5,2012,11,2013,4,0,0,0,0,2,2,55,3,1,2,1,0,0,6,13,1,3,4,2,1,0
38,380053,1,1,1,19,7,18,31,34,0,1,0,38,2,99,739,99739,90,2009,4UF09MPV39T3,4,U,F,0,9,M,P,V,3,9,T,3,0,0,0,000000000,00000000000,0,0,0,1,0,0,0,0,0,0,0,999,0,1,5,81,0,5,1,0,0,0,1,38,58380,0,0,0,0,0,0,999,999,0,0,0,0,0,0,0,0,0,4,0,0,0,0,1,2,55,1,1,4,1,0,0,10,16,7,1,4,6,1,0
38,380054,1,1,1,20,7,4,0,1,0,1,0,38,1,20,481,20481,31,2003,2GCEK19T6311,2,G,C,E,K,1,9,T,6,3,1,1,0,0,0,000000000,00000000000,0,0,0,1,0,0,0,0,0,0,0,998,0,1,5,0,6,2,1,0,0,0,1,38,58788,6,1,0,0,3,0,71,180,0,0,0,0,0,0,0,0,0,3,58,0,0,0,1,2,40,3,1,2,1,0,0,14,12,6,4,4,7,1,1
38,380055,1,2,2,23,7,3,21,12,6,1,0,8,3,7,482,7482,31,2011,3D7TT2CT6BG5,3,D,7,T,T,2,C,T,6,B,G,5,0,0,0,000000000,00000000000,0,0,0,1,0,0,0,0,0,0,0,999,1,1,1,12,6,2,12,0,0,1,1,8,80433,6,1,0,0,3,0,72,165,0,0,0,0,0,0,0,0,0,0,38,0,0,0,1,2,45,1,1,2,1,20,3,1,17,1,1,1,88,1,1
38,380055,2,2,1,23,7,3,21,12,6,1,0,40,3,86,881,86881,66,2011,1M2AX07Y7BM0,1,M,2,A,X,0,7,Y,7,B,M,0,1,1,57,669888,57669888,3,6,2,1,0,0,0,0,0,0,0,998,0,0,0,9,4,3,12,0,0,0,1,42,19032,6,1,6,0,3,0,69,999,0,0,0,1,0,4,2014,4,2014,0,0,0,0,0,1,2,45,1,1,2,1,0,0,1,17,1,1,1,89,0,0
38,380056,1,2,1,2,8,21,41,12,2,1,0,38,2,20,401,20401,14,1996,1GNDT13W3T22,1,G,N,D,T,1,3,W,3,T,2,2,0,0,0,000000000,00000000000,0,0,0,1,0,0,0,0,0,0,0,998,0,0,0,12,6,2,12,0,0,1,1,48,79605,6,1,0,0,3,0,999,999,1,8,0,0,2,2,2012,7,2014,0,51,0,0,0,1,2,65,1,1,2,1,0,0,1,10,1,1,2,50,1,1
38,380056,2,2,1,2,8,21,41,12,2,1,0,56,3,87,881,87881,66,2009,1XPXD49X79D7,1,X,P,X,D,4,9,X,7,9,D,7,1,1,57,711568,57711568,3,6,2,1,0,0,0,0,0,0,0,998,0,0,0,12,6,2,12,0,0,0,1,16,83221,6,1,6,1,3,0,70,150,0,0,0,1,0,6,2013,6,2013,0,0,0,0,0,1,2,65,1,1,2,1,0,0,1,54,2,1,1,51,0,0
38,380057,1,2,1,4,8,5,15,12,6,1,0,38,1,63,401,63401,14,1995,KNDJA7234S55,K,N,D,J,A,7,2,3,4,S,5,5,0,0,0,000000000,00000000000,0,0,0,1,0,0,0,0,0,0,0,998,3,0,0,12,6,2,12,0,0,0,1,38,58601,6,1,6,0,3,0,71,215,0,0,0,1,0,12,2013,12,2013,0,0,0,0,0,1,5,40,1,1,2,2,0,0,1,67,1,1,1,83,1,0
38,380057,2,2,1,4,8,5,15,12,6,1,0,46,1,85,881,85881,66,2005,1XKDP4EX45J0,1,X,K,D,P,4,E,X,4,5,J,0,1,1,57,858961,57858961,3,6,4,1,0,0,0,0,0,0,0,998,0,0,0,7,2,5,12,0,0,0,1,46,57461,6,1,6,0,3,1,69,240,0,0,0,2,0,12,2013,3,2014,0,38,0,0,0,1,2,40,1,1,2,2,0,0,11,15,1,1,1,82,0,0
38,380058,1,2,1,6,8,17,0,12,6,1,0,38,2,18,7,18007,4,2003,2G4WS52J6311,2,G,4,W,S,5,2,J,6,3,1,1,0,0,0,000000000,00000000000,0,0,0,1,0,0,0,0,0,0,0,999,0,0,0,12,6,2,12,0,0,0,1,38,58458,6,1,0,0,3,1,64,150,0,1,0,6,0,8,2011,2,2014,0,38,0,0,0,1,2,55,1,1,4,1,21,3,1,17,2,1,1,86,1,0
38,380058,2,2,1,6,8,17,0,12,6,1,0,38,3,84,881,84881,66,1998,2HSFHAER5WC0,2,H,S,F,H,A,E,R,5,W,C,0,1,1,57,36158,5736158,3,6,8,1,0,0,0,0,0,0,0,998,0,0,0,1,6,2,12,0,0,0,1,38,58015,6,1,6,0,3,0,66,200,0,0,0,0,0,0,0,0,0,0,0,0,0,0,1,2,55,1,1,4,1,0,0,1,17,1,1,1,87,0,0
38,380059,1,1,2,7,8,0,39,33,0,1,0,27,2,37,706,37706,80,2006,JH2SC570X6M2,J,H,2,S,C,5,7,0,X,6,M,2,0,0,0,000000000,00000000000,0,0,0,1,0,0,0,0,0,0,0,998,0,0,0,9,6,2,42,0,0,0,1,27,56461,6,1,0,0,2,9,72,160,2,0,0,0,0,2,2012,6,2012,3,33,0,0,0,1,2,25,2,1,2,1,0,0,14,6,1,5,4,7,2,1
38,380060,1,1,2,8,8,22,29,11,0,1,0,92,0,37,31,37031,4,1993,JHMEG855XPS0,J,H,M,E,G,8,5,5,X,P,S,0,0,0,0,000000000,00000000000,0,0,0,1,0,0,0,0,0,0,0,999,0,1,5,12,6,2,1,0,0,0,1,16,83647,1,1,0,0,2,0,70,170,0,0,0,0,0,0,0,0,0,5,0,0,0,0,1,2,45,1,2,2,1,0,0,1,87,2,1,1,13,2,1
38,380061,1,2,1,13,8,9,56,12,6,1,0,53,1,85,881,85881,66,1989,1XKADB9X0KS5,1,X,K,A,D,B,9,X,0,K,S,5,1,3,57,2170847,572170847,3,6,2,1,0,0,0,0,0,0,0,998,0,1,5,12,6,2,1,0,0,0,1,53,99156,6,1,6,2,3,0,72,220,0,0,0,0,0,0,0,0,0,0,0,0,0,0,1,2,65,1,1,2,7,0,0,1,62,1,1,1,69,1,0
38,380061,2,2,1,13,8,9,56,12,6,1,0,35,3,20,481,20481,31,2013,1GC2KVCG9DZ1,1,G,C,2,K,V,C,G,9,D,Z,1,0,0,0,000000000,00000000000,0,0,0,1,0,0,0,0,0,0,0,998,0,0,0,1,6,2,12,0,0,0,1,30,59212,6,1,0,0,3,0,67,200,98,0,0,1,0,5,2014,5,2014,0,38,0,0,0,1,2,65,1,1,2,7,0,0,11,15,1,1,2,68,0,0
38,380062,1,1,3,15,8,18,46,9,0,1,0,38,1,20,481,20481,31,2003,2GCEK19T0311,2,G,C,E,K,1,9,T,0,3,1,1,0,0,0,000000000,00000000000,0,0,0,1,0,0,0,0,0,0,0,999,0,0,0,12,2,3,9,0,0,0,1,38,58230,6,1,7,0,3,0,70,245,0,0,0,1,1,2,2013,7,2014,0,0,0,0,0,1,2,65,1,1,2,1,0,0,1,83,1,1,1,13,0,0
38,380063,1,1,1,16,8,19,59,8,0,1,0,38,2,20,431,20431,16,2003,1GNFK16Z33J2,1,G,N,F,K,1,6,Z,3,3,J,2,0,0,0,000000000,00000000000,0,0,0,1,0,0,0,0,0,0,0,998,0,0,0,5,0,5,8,0,0,0,1,38,58301,6,7,0,0,3,3,65,135,0,0,0,0,0,0,0,0,0,0,0,0,0,0,1,2,98,1,1,2,1,0,0,13,80,1,1,1,92,0,0
38,380064,1,1,1,18,8,19,42,1,0,1,0,38,2,20,23,20023,6,2007,3GNDA33P27S5,3,G,N,D,A,3,3,P,2,7,S,5,0,0,0,000000000,00000000000,0,0,0,1,0,0,0,0,0,0,0,998,0,1,5,0,6,2,1,0,0,0,1,27,55414,6,1,0,0,3,0,70,170,0,1,0,0,1,11,2011,4,2013,4,36,0,0,0,2,2,65,2,1,1,1,0,0,14,6,7,2,4,2,1,1
38,380065,1,1,1,19,8,18,25,9,0,1,0,38,1,20,473,20473,30,2009,1GCDT13E8981,1,G,C,D,T,1,3,E,8,9,8,1,0,0,0,000000000,00000000000,0,0,0,1,0,0,0,0,0,0,0,998,0,0,0,12,0,5,9,0,0,0,1,38,58367,6,1,0,0,3,1,72,280,1,0,0,0,0,12,2011,12,2011,0,0,0,0,0,1,2,25,1,1,2,1,0,0,1,83,1,1,1,13,0,0
38,380066,1,2,1,27,8,13,20,12,1,1,0,38,3,20,461,20461,21,2010,1GCZGFBA1A11,1,G,C,Z,G,F,B,A,1,A,1,1,0,0,0,000000000,00000000000,0,0,0,1,0,0,0,0,0,0,0,998,0,0,0,12,6,2,12,0,0,0,1,38,58504,6,1,6,0,3,1,71,170,0,0,0,2,0,4,2012,12,2013,0,26,0,0,0,2,2,70,1,1,2,1,0,0,1,51,1,1,1,24,1,0
38,380066,2,2,1,27,8,13,20,12,1,1,0,0,0,98,998,98998,93,2008,000000000000,0,0,0,0,0,0,0,0,0,0,0,0,0,0,0,000000000,00000000000,0,0,0,1,0,0,0,0,0,0,0,20,0,1,3,6,6,2,12,0,0,0,1,38,58701,6,1,0,0,3,1,74,290,0,0,0,3,0,9,2013,6,2014,0,89,0,0,0,2,2,70,1,1,2,1,0,0,1,53,1,1,1,25,0,0
38,380067,1,2,2,29,8,16,55,12,6,1,0,38,1,23,481,23481,31,1996,2GTEK19R9T15,2,G,T,E,K,1,9,R,9,T,1,5,0,0,0,000000000,00000000000,0,0,0,1,0,0,0,0,0,0,0,998,0,0,0,12,6,2,12,0,0,0,1,38,58573,6,1,6,0,3,1,70,210,0,0,0,1,0,12,2011,12,2011,0,0,0,0,0,1,2,55,1,1,4,1,0,0,1,55,1,1,1,86,1,0
38,380067,2,2,1,29,8,16,55,12,6,1,0,38,2,12,17,12017,4,2002,1FAFP55U22A2,1,F,A,F,P,5,5,U,2,2,A,2,0,0,0,000000000,00000000000,0,0,0,1,0,0,0,0,0,0,0,998,0,0,0,3,6,2,12,0,0,0,1,38,58552,6,1,0,0,3,1,65,105,1,0,0,0,0,10,2013,10,2013,5,38,0,0,0,1,2,55,1,1,4,1,21,3,1,17,1,1,1,87,0,0
38,380068,1,1,3,31,8,15,10,35,0,1,0,38,2,98,998,98998,97,2013,3JBPXLP17DJ0,3,J,B,P,X,L,P,1,7,D,J,0,0,0,0,000000000,00000000000,0,0,0,1,0,0,0,0,0,0,0,998,0,1,5,12,6,2,1,0,0,0,1,27,56511,6,1,0,0,3,0,64,195,0,0,0,0,0,0,0,0,0,4,0,0,0,0,0,0,0,0,0,0,0,0,0,1,6,1,1,5,15,1,1
38,380069,1,1,1,31,8,18,20,8,0,1,1,38,9,99,999,99999,99,9999,999999999999,9,9,9,9,9,9,9,9,9,9,9,9,0,0,0,000000000,00000000000,9,0,0,1,0,0,0,0,0,0,0,998,0,0,0,12,9,5,8,0,0,0,1,99,99999,9,9,99,9,9,9,999,999,99,99,99,99,99,99,9999,99,9999,9,99,99,99,99,1,2,25,1,1,2,1,0,0,1,80,99,1,1,13,0,0
38,380070,1,2,1,3,9,9,59,12,1,1,0,38,2,20,2,20002,4,2003,2G1WH55K0392,2,G,1,W,H,5,5,K,0,3,9,2,0,0,0,000000000,00000000000,0,0,0,1,0,0,0,0,0,0,0,998,3,0,0,12,6,2,12,0,0,1,1,38,58318,6,1,0,0,3,0,71,205,0,0,0,3,0,6,2013,5,2014,0,0,0,0,0,1,2,65,1,1,2,1,0,0,1,52,1,1,1,28,1,0
38,380070,2,2,1,3,9,9,59,12,1,1,0,38,3,38,882,38882,61,2010,JALE5W168A73,J,A,L,E,5,W,1,6,8,A,7,3,0,0,57,00108029,5700108029,2,1,1,1,0,0,0,0,0,0,0,998,0,0,0,6,6,2,12,0,0,0,1,38,58316,6,1,0,0,3,0,70,190,0,0,0,0,1,8,2014,8,2014,0,0,0,0,0,1,2,65,1,1,2,1,0,0,2,53,1,1,1,30,0,0
38,380071,1,1,2,13,9,14,0,33,0,1,0,38,1,37,705,37705,80,2004,JH2PC37094M1,J,H,2,P,C,3,7,0,9,4,M,1,0,0,0,000000000,00000000000,0,0,0,1,0,0,0,0,0,0,0,998,0,0,0,1,6,2,33,0,0,0,1,38,58102,6,1,0,0,3,1,67,157,0,0,0,0,2,11,2011,5,2014,3,0,0,0,0,1,2,25,1,1,2,1,0,0,1,13,1,1,4,1,1,1
38,380072,1,1,1,15,9,7,45,10,0,1,0,38,1,84,881,84881,66,2002,2HSCEAER02C0,2,H,S,C,E,A,E,R,0,2,C,0,1,3,57,2253416,572253416,3,6,4,1,0,0,0,0,0,0,0,998,0,0,0,3,6,2,10,0,0,0,1,48,78021,6,1,6,0,3,1,999,999,0,0,0,0,0,0,0,0,0,0,38,0,0,0,1,2,55,1,1,4,1,65,3,1,92,1,1,1,15,1,0
38,380073,1,2,1,15,9,8,14,12,7,1,0,38,1,20,22,20022,2,2007,1G1AL15F4772,1,G,1,A,L,1,5,F,4,7,7,2,0,0,0,000000000,00000000000,0,0,0,1,0,0,0,0,0,0,0,73,0,0,0,1,6,2,12,0,0,0,1,38,58630,6,1,0,0,3,0,66,150,0,0,0,2,2,4,2012,9,2014,0,6,0,0,0,2,2,75,3,1,1,1,0,0,14,11,1,1,2,44,0,0
38,380073,2,2,2,15,9,8,14,12,7,1,0,38,1,20,401,20401,14,2004,1GNDT13X94K1,1,G,N,D,T,1,3,X,9,4,K,1,0,0,0,000000000,00000000000,0,0,0,1,0,0,0,0,0,0,0,60,0,1,3,11,6,2,1,0,0,0,1,38,58630,6,1,0,0,3,1,72,215,0,0,0,0,1,8,2014,8,2014,0,0,0,0,0,2,2,75,3,1,1,1,0,0,14,60,1,1,1,45,2,0
38,380074,1,1,1,15,9,20,54,24,0,1,0,38,1,37,402,37402,14,2001,JHLRD18621C0,J,H,L,R,D,1,8,6,2,1,C,0,0,0,0,000000000,00000000000,0,0,0,1,0,0,0,0,0,0,0,999,0,0,0,1,6,2,25,0,0,0,1,38,58554,6,1,0,0,3,0,68,280,0,0,0,0,0,0,0,0,0,0,0,0,0,0,3,2,55,1,1,2,1,0,0,1,13,1,1,4,1,1,0
38,380075,1,1,1,20,9,6,0,1,0,1,0,38,1,20,431,20431,16,1996,1GNFK16R1TJ3,1,G,N,F,K,1,6,R,1,T,J,3,0,0,0,000000000,00000000000,0,0,0,1,0,0,0,0,0,0,0,998,0,1,5,0,6,2,1,0,0,0,1,38,58054,6,1,0,0,3,0,77,290,1,0,0,0,0,6,2013,6,2013,5,58,0,0,0,1,2,65,1,1,2,1,0,0,1,13,6,5,4,7,1,1
38,380076,1,1,4,22,9,22,5,11,0,1,0,98,1,20,16,20016,2,2003,1G1JH12F4372,1,G,1,J,H,1,2,F,4,3,7,2,0,0,0,000000000,00000000000,0,0,0,1,0,0,0,0,0,0,0,998,0,1,1,12,6,2,1,0,0,0,1,38,58335,6,1,0,0,3,0,62,205,0,0,0,4,0,10,2013,7,2014,0,0,0,0,0,2,2,70,1,1,1,1,0,0,1,87,1,1,1,13,1,1
38,380077,1,1,1,27,9,1,19,35,0,1,0,98,2,7,442,7442,20,2002,999999999999,9,9,9,9,9,9,9,9,9,9,9,9,0,0,0,000000000,00000000000,0,0,0,1,0,0,0,0,0,0,0,998,0,1,5,12,6,2,1,0,0,0,1,38,58201,1,1,0,0,2,3,69,215,0,5,1,0,0,1,2012,1,2014,0,36,0,0,0,1,2,98,2,6,2,1,0,0,14,13,1,1,4,1,1,1
38,380078,1,1,2,27,9,1,26,1,0,1,0,38,2,7,472,7472,31,2002,1B7GG42X32S6,1,B,7,G,G,4,2,X,3,2,S,6,0,0,0,000000000,00000000000,0,0,0,1,0,0,0,0,0,0,0,998,0,1,5,0,6,2,1,0,0,0,1,38,58072,0,0,0,0,0,0,67,140,0,0,0,0,0,0,0,0,0,0,0,0,0,0,1,2,55,1,1,4,1,0,0,1,87,7,1,4,8,1,1
38,380079,1,1,1,27,9,15,55,5,0,1,0,38,1,72,706,72706,80,2005,1HD1PLF105Y9,1,H,D,1,P,L,F,1,0,5,Y,9,0,0,0,000000000,00000000000,0,0,0,1,0,0,0,0,0,0,0,998,0,0,0,0,2,3,5,0,0,0,1,38,58225,6,1,0,0,3,0,65,195,0,0,0,0,0,0,0,0,0,0,0,0,0,0,1,2,35,1,1,2,1,0,0,1,98,2,1,1,0,1,0
38,380080,1,1,1,27,9,16,43,1,0,1,0,38,2,72,706,72706,80,2004,1HD1FCW144Y6,1,H,D,1,F,C,W,1,4,4,Y,6,0,0,0,000000000,00000000000,0,0,0,1,0,0,0,0,0,0,0,998,0,0,0,0,6,2,1,0,0,0,1,38,58554,6,1,0,0,3,0,67,230,0,0,0,0,0,0,0,0,0,0,0,0,0,0,1,2,65,1,1,2,1,0,0,1,9,1,1,4,1,1,0
38,380081,1,1,1,4,10,1,20,1,0,1,0,38,1,20,481,20481,31,2004,1GCHK29204E3,1,G,C,H,K,2,9,2,0,4,E,3,0,0,0,000000000,00000000000,0,0,0,1,0,0,0,0,0,0,0,998,0,1,5,0,6,2,1,0,0,0,1,38,58542,6,1,0,0,3,0,72,210,0,0,0,2,0,2,2013,4,2013,0,0,0,0,0,1,2,55,2,1,4,1,0,0,14,12,1,1,4,6,1,1
38,380082,1,1,1,5,10,20,15,1,0,1,0,38,2,12,481,12481,31,1999,1FTNX21F1XEE,1,F,T,N,X,2,1,F,1,X,E,E,0,0,0,000000000,00000000000,0,0,0,1,0,0,0,0,0,0,0,998,0,1,3,0,6,2,1,0,0,0,1,38,58790,6,1,0,0,3,0,68,175,0,0,0,0,0,0,0,0,0,0,58,0,0,0,2,2,65,1,1,2,1,0,0,1,12,1,5,4,7,1,1
38,380083,1,2,2,8,10,15,21,12,6,1,0,38,1,51,881,51881,66,2006,4V4NC9GH46N4,4,V,4,N,C,9,G,H,4,6,N,4,1,1,88,888888888,88888888888,3,6,8,1,0,0,0,0,0,0,0,998,0,0,0,12,6,2,12,0,0,0,1,38,58249,6,1,0,0,3,0,78,380,0,0,0,1,0,11,2011,11,2011,0,0,0,0,0,1,2,65,1,1,2,1,0,0,1,55,2,1,1,86,0,0
38,380083,2,2,3,8,10,15,21,12,6,1,0,38,2,18,2,18002,4,2005,1G4HP52K65U2,1,G,4,H,P,5,2,K,6,5,U,2,0,0,0,000000000,00000000000,0,0,0,1,0,0,0,0,0,0,0,998,0,0,0,83,6,2,12,0,0,0,1,38,58249,4,1,0,0,2,0,69,135,0,1,0,1,0,8,2014,9,2014,0,38,39,0,0,1,2,55,1,1,4,1,20,3,1,17,1,1,1,87,2,0
38,380084,1,1,2,8,10,17,12,35,0,1,0,38,2,12,481,12481,31,2003,1FTRW08L73KA,1,F,T,R,W,0,8,L,7,3,K,A,0,0,0,000000000,00000000000,0,0,0,1,0,0,0,0,0,0,0,998,0,1,5,12,6,2,1,0,0,0,1,38,58301,6,1,6,0,3,1,77,265,0,0,0,0,0,0,0,0,0,0,0,0,0,0,1,2,65,1,1,2,1,0,0,1,12,1,3,4,7,1,0
38,380085,1,1,1,9,10,15,20,10,0,1,0,38,3,85,881,85881,66,2005,1XKDDU9X75R1,1,X,K,D,D,U,9,X,7,5,R,1,1,1,88,888888888,88888888888,3,6,4,1,0,0,0,0,0,0,0,998,0,0,0,1,6,2,10,0,0,1,1,4,85901,6,1,6,0,3,1,71,210,0,0,0,0,0,0,0,0,0,0,38,0,0,0,1,2,45,1,1,4,1,65,3,1,98,1,1,1,15,1,0
38,380086,1,2,1,13,10,6,50,12,6,1,0,18,3,85,881,85881,66,2013,1XKDP4EX3DJ3,1,X,K,D,P,4,E,X,3,D,J,3,1,1,57,1605289,571605289,3,6,2,1,0,0,0,0,0,0,0,60,7,0,0,12,6,2,12,0,0,0,1,16,83316,6,1,6,1,3,1,73,260,0,0,0,0,0,0,0,0,0,0,0,0,0,0,1,2,65,1,1,2,1,0,0,1,55,2,1,1,69,0,0
38,380086,2,2,1,13,10,6,50,12,6,1,0,38,1,19,481,19481,31,2008,1GYFK66868R1,1,G,Y,F,K,6,6,8,6,8,R,1,0,0,0,000000000,00000000000,0,0,0,1,0,0,0,0,0,0,0,998,0,0,0,3,6,2,12,0,0,0,1,38,58854,1,1,0,0,2,1,65,145,0,0,0,0,0,0,0,0,0,0,48,0,0,0,1,2,65,1,1,2,1,0,0,11,15,1,1,2,68,1,1
38,380087,1,1,1,17,10,6,0,1,0,1,0,38,2,52,37,52037,2,2003,4A3AC74H33E0,4,A,3,A,C,7,4,H,3,3,E,0,0,0,0,000000000,00000000000,0,0,0,1,0,0,0,0,0,0,0,998,0,1,3,0,6,2,1,0,0,0,1,38,58788,6,1,0,0,3,0,64,125,0,0,0,0,0,0,0,0,0,0,0,0,0,0,2,2,70,1,1,2,1,0,0,1,9,6,4,4,6,1,0
38,380088,1,1,1,19,10,23,5,1,0,1,0,38,1,14,38,14038,3,2000,1ZWFT61L7Y56,1,Z,W,F,T,6,1,L,7,Y,5,6,0,0,0,000000000,00000000000,0,0,0,1,0,0,0,0,0,0,0,998,0,1,5,0,6,2,1,0,0,0,1,38,58036,6,1,6,0,3,1,71,200,0,0,0,0,0,0,0,0,0,0,0,0,0,0,1,2,55,1,1,2,1,0,0,1,12,7,1,4,6,1,1
38,380089,1,1,1,22,10,11,15,10,0,1,0,38,3,20,481,20481,31,2005,1GCHK23285F8,1,G,C,H,K,2,3,2,8,5,F,8,0,0,0,000000000,00000000000,0,0,0,1,0,0,0,0,0,0,0,40,0,0,0,3,6,2,10,0,0,0,1,38,58788,6,1,0,0,3,0,71,170,1,0,0,2,0,9,2012,6,2014,0,0,0,0,0,1,2,55,1,1,4,1,65,3,1,91,6,1,1,15,1,0
38,380090,1,1,2,24,10,4,21,34,0,1,0,98,2,12,402,12402,14,2008,1FMCU93158KE,1,F,M,C,U,9,3,1,5,8,K,E,0,0,0,000000000,00000000000,0,0,0,1,0,0,0,0,0,0,0,998,0,0,0,12,6,2,3,0,0,0,1,38,58301,0,0,0,0,0,0,70,225,0,0,0,0,0,0,0,0,0,5,0,0,0,0,1,2,55,1,1,2,1,20,3,1,14,1,1,4,14,2,1
38,380091,1,1,2,25,10,19,30,1,0,1,0,38,2,12,401,12401,14,1993,1FMCU24X6PUC,1,F,M,C,U,2,4,X,6,P,U,C,0,0,0,000000000,00000000000,0,0,0,1,0,0,0,0,0,0,0,998,0,1,5,0,6,2,1,0,0,0,1,38,58701,6,1,0,0,3,0,70,250,0,0,0,1,0,11,2011,11,2011,0,58,0,0,0,1,2,65,3,1,2,1,0,0,14,13,7,1,4,1,1,0
38,380092,1,1,1,27,10,19,24,8,0,1,0,38,1,20,2,20002,4,2009,2G1WC57M1911,2,G,1,W,C,5,7,M,1,9,1,1,0,0,0,000000000,00000000000,0,0,0,1,0,0,0,0,0,0,0,998,0,0,0,12,4,5,8,0,0,0,1,38,58801,6,1,0,0,3,1,70,195,0,0,0,0,0,0,0,0,0,0,0,0,0,0,1,2,35,1,1,2,2,0,0,1,80,1,1,1,13,0,0
38,380093,1,1,1,31,10,23,0,38,0,1,0,38,1,14,21,14021,4,2008,3MEHM08158R6,3,M,E,H,M,0,8,1,5,8,R,6,0,0,0,000000000,00000000000,0,0,0,1,0,0,0,0,0,0,0,999,0,0,0,12,6,2,42,0,0,0,1,38,58623,6,1,0,0,3,0,61,133,0,0,0,1,0,5,2012,5,2012,5,0,0,0,0,1,2,25,3,1,2,1,0,0,14,13,1,1,4,1,1,0
38,380094,1,1,1,1,11,0,40,1,0,1,0,38,1,23,431,23431,16,1996,1GKEK13R1TJ7,1,G,K,E,K,1,3,R,1,T,J,7,0,0,0,000000000,00000000000,0,0,0,1,0,0,0,0,0,0,0,998,0,1,5,0,6,2,1,0,0,0,1,6,91702,3,1,0,0,2,0,74,210,0,0,0,0,0,0,0,0,0,5,58,0,0,0,1,2,55,2,1,2,1,0,0,14,9,7,5,4,2,1,1
38,380095,1,1,1,1,11,99,99,1,0,1,0,99,9,20,32,20032,9,1997,999999999999,9,9,9,9,9,9,9,9,9,9,9,9,0,0,0,000000000,00000000000,0,0,0,1,0,0,0,0,0,0,0,998,0,1,5,0,6,2,1,0,0,0,1,38,58329,0,0,0,0,0,0,62,130,0,2,0,0,0,5,2014,9,2014,9,0,0,0,0,1,2,99,3,9,2,1,0,0,14,13,1,1,4,1,1,1
38,380096,1,1,1,1,11,9,50,1,0,1,0,46,1,20,444,20444,20,2005,1GNDV03L45D2,1,G,N,D,V,0,3,L,4,5,D,2,0,0,0,000000000,00000000000,0,0,0,1,0,0,0,0,0,0,0,998,0,1,5,0,6,2,1,0,0,0,1,4,85035,0,0,0,0,0,0,65,150,0,0,0,0,0,0,0,0,0,0,79,0,0,0,1,2,55,1,1,4,11,0,0,1,5,6,4,4,7,1,0
38,380097,1,1,1,5,11,23,44,14,0,1,0,27,1,12,37,12037,4,2003,1FAFP34Z13W3,1,F,A,F,P,3,4,Z,1,3,W,3,0,0,0,000000000,00000000000,0,0,0,1,0,0,0,0,0,0,0,998,0,0,0,9,6,2,14,0,0,0,1,27,55321,6,1,6,0,3,0,70,210,0,0,0,0,0,0,0,0,0,4,0,0,0,0,3,2,75,3,3,1,2,0,0,14,5,2,4,4,11,1,0