STATE,ST_CASE,VEH_NO,VE_FORMS,NUMOCCS,DAY,MONTH,HOUR,MINUTE,HARM_EV,MAN_COLL,UNITTYPE,HIT_RUN,REG_STAT,OWNER,MAKE,MODEL,MAK_MOD,BODY_TYP,MOD_YEAR,VIN,VIN_1,VIN_2,VIN_3,VIN_4,VIN_5,VIN_6,VIN_7,VIN_8,VIN_9,VIN_10,VIN_11,VIN_12,TOW_VEH,J_KNIFE,MCARR_I1,MCARR_I2,MCARR_ID,GVWR,V_CONFIG,CARGO_BT,HAZ_INV,HAZ_PLAC,HAZ_ID,HAZ_CNO,HAZ_REL,BUS_USE,SPEC_USE,EMER_USE,TRAV_SP,UNDERIDE,ROLLOVER,ROLINLOC,IMPACT1,DEFORMED,TOWED,M_HARM,VEH_SC1,VEH_SC2,FIRE_EXP,DR_PRES,L_STATE,DR_ZIP,L_STATUS,L_TYPE,CDL_STAT,L_ENDORS,L_COMPL,L_RESTRI,DR_HGT,DR_WGT,PREV_ACC,PREV_SUS,PREV_DWI,PREV_SPD,PREV_OTH,FIRST_MO,FIRST_YR,LAST_MO,LAST_YR,SPEEDREL,DR_SF1,DR_SF2,DR_SF3,DR_SF4,VTRAFWAY,VNUM_LAN,VSPD_LIM,VALIGN,VPROFILE,VPAVETYP,VSURCOND,VTRAFCON,VTCONT_F,P_CRASH1,P_CRASH2,P_CRASH3,PCRASH4,PCRASH5,ACC_TYPE,DEATHS,DR_DRINK
39,390016,1,2,1,4,2,20,46,12,2,1,0,39,1,7,442,7442,20,2003,2D4GP74LX3R1,2,D,4,G,P,7,4,L,X,3,R,1,0,0,0,000000000,00000000000,0,0,0,1,0,0,0,0,0,0,0,998,0,1,5,12,6,2,12,0,0,0,1,39,44691,6,1,0,0,3,3,75,250,0,0,1,0,0,12,2012,12,2012,0,0,0,0,0,2,2,65,1,1,2,1,0,0,1,62,1,1,1,51,1,0
39,390016,2,2,2,4,2,20,46,12,2,1,0,39,3,63,38,63038,4,2014,KNAFX4A64E51,K,N,A,F,X,4,A,6,4,E,5,1,0,0,0,000000000,00000000000,0,0,0,1,0,0,0,0,0,0,0,65,0,0,0,12,6,2,12,0,0,0,1,39,44659,6,1,0,0,3,0,70,145,2,5,0,0,0,2,2011,1,2013,0,27,0,0,0,2,2,65,1,1,2,1,0,0,15,12,4,9,4,50,0,1
39,390017,1,1,1,4,2,13,26,59,0,1,0,39,1,7,41,7041,4,2003,2B3HD46RX3H5,2,B,3,H,D,4,6,R,X,3,H,5,0,0,0,000000000,00000000000,0,0,0,1,0,0,0,0,0,0,0,998,0,0,0,11,6,2,30,0,0,0,1,39,43162,6,1,0,0,3,0,75,260,1,4,0,0,3,10,2011,1,2014,0,28,27,0,0,2,2,55,1,1,2,1,0,0,1,10,99,1,4,6,1,1
39,390018,1,5,1,24,1,6,37,12,8,1,0,39,3,84,898,84898,66,2012,1HSDJSJR1CH0,1,H,S,D,J,S,J,R,1,C,H,0,1,1,57,238700,57238700,3,6,1,1,0,0,0,0,0,0,0,35,0,0,0,11,6,2,12,0,0,0,1,39,45002,6,1,6,3,3,3,68,155,0,0,0,0,0,0,0,0,0,0,24,0,0,0,1,2,45,2,2,2,1,0,0,14,10,1,1,2,66,0,0
39,390018,2,5,1,24,1,6,37,12,8,1,0,39,1,20,481,20481,31,2004,1GCHK23G14F1,1,G,C,H,K,2,3,G,1,4,F,1,0,0,0,000000000,00000000000,0,0,0,1,0,0,0,0,0,0,0,998,0,0,0,10,6,2,12,0,0,0,1,39,45176,6,1,0,0,3,0,72,230,1,0,0,0,0,12,2013,12,2013,0,0,0,0,0,1,2,45,2,2,2,1,0,0,14,62,99,1,1,66,1,0
39,390018,3,5,1,24,1,6,37,12,8,1,0,39,1,12,481,12481,31,2002,2FTRX07252CA,2,F,T,R,X,0,7,2,5,2,C,A,0,0,0,000000000,00000000000,0,0,0,1,0,0,0,0,0,0,0,40,0,0,0,9,2,5,12,0,0,0,1,39,45014,6,1,0,0,3,0,72,220,0,0,0,0,0,0,0,0,0,0,0,0,0,0,1,2,45,2,2,2,1,0,0,14,62,99,1,1,98,0,0
39,390018,4,5,1,24,1,6,37,12,8,1,0,39,1,7,482,7482,31,2004,1D7HU18D54J2,1,D,7,H,U,1,8,D,5,4,J,2,0,0,0,000000000,00000000000,0,0,0,1,0,0,0,0,0,0,0,998,0,0,0,12,6,2,12,0,0,0,1,39,45142,6,1,6,3,3,3,74,250,1,0,0,1,1,5,2012,4,2013,0,0,0,0,0,1,2,45,2,2,2,1,0,0,14,62,99,1,1,98,1,0
39,390018,5,5,1,24,1,6,37,12,8,1,0,39,2,20,404,20404,14,2011,2GNALBEC2B12,2,G,N,A,L,B,E,C,2,B,1,2,0,0,0,000000000,00000000000,0,0,0,1,0,0,0,0,0,0,0,998,0,0,0,12,4,3,12,0,0,0,1,39,45103,6,1,0,0,3,0,71,170,0,0,0,0,0,0,0,0,0,0,0,0,0,0,1,2,45,2,2,2,1,0,0,14,19,99,1,1,98,0,0
39,390019,1,1,1,6,2,6,50,1,0,1,0,39,1,12,13,12013,4,2002,1FMZU73E12UB,1,F,M,Z,U,7,3,E,1,2,U,B,0,0,0,000000000,00000000000,0,0,0,1,0,0,0,0,0,0,0,998,0,1,3,0,6,2,1,0,0,0,1,39,44701,6,1,0,0,3,0,69,215,0,0,1,0,0,5,2012,5,2012,0,27,0,0,0,2,2,70,1,1,2,4,0,0,1,12,99,9,4,6,1,0
39,390021,1,2,3,9,2,8,8,12,6,1,0,39,1,22,18,22018,4,2000,1G2NF52E8YC5,1,G,2,N,F,5,2,E,8,Y,C,5,0,0,0,000000000,00000000000,0,0,0,1,0,0,0,0,0,0,0,30,0,0,0,81,6,2,12,0,0,0,1,39,43113,6,1,0,0,3,3,65,175,0,0,0,0,0,0,0,0,0,4,0,0,0,0,1,2,55,2,1,2,4,0,0,14,6,99,4,2,64,1,0
39,390021,2,2,1,9,2,8,8,12,6,1,0,39,2,20,402,20402,14,1994,2CNBJ18U8R69,2,C,N,B,J,1,8,U,8,R,6,9,0,0,0,000000000,00000000000,0,0,0,1,0,0,0,0,0,0,0,30,0,0,0,12,6,2,12,0,0,0,1,39,43154,6,1,0,0,3,3,75,275,0,0,0,0,0,0,0,0,0,0,0,0,0,0,1,2,55,1,1,2,4,0,0,1,62,99,1,1,65,0,0
39,390022,1,1,3,20,2,22,7,24,0,1,0,21,2,38,402,38402,14,2004,4S2CK58W9443,4,S,2,C,K,5,8,W,9,4,4,3,0,0,0,000000000,00000000000,0,0,0,1,0,0,0,0,0,0,0,65,0,2,5,82,6,2,1,0,0,0,1,39,45231,6,1,0,0,3,3,63,150,1,2,0,0,1,7,2011,1,2014,3,0,0,0,0,3,2,55,1,1,2,2,0,0,1,8,99,9,4,2,2,1
39,390023,1,1,1,21,2,18,25,9,0,1,1,39,2,12,461,12461,29,2004,1FTNE24W84HB,1,F,T,N,E,2,4,W,8,4,H,B,0,0,0,000000000,00000000000,0,0,0,1,0,0,0,0,0,0,0,45,0,0,0,82,4,3,9,0,0,0,1,39,45244,6,1,0,0,3,0,70,165,0,0,0,0,0,0,0,0,0,0,26,0,0,0,1,2,45,1,1,2,2,0,0,1,19,99,1,1,13,0,1
39,390024,1,1,4,1,2,9,10,24,0,1,0,54,2,12,422,12422,15,2007,1FMFK16597LA,1,F,M,F,K,1,6,5,9,7,L,A,0,0,0,000000000,00000000000,0,0,0,1,0,0,0,0,0,0,0,45,0,0,0,12,6,2,24,0,0,0,1,54,25704,3,1,0,0,2,0,75,999,0,0,0,1,0,7,2011,7,2011,0,27,0,0,0,1,2,55,2,1,2,1,0,0,14,13,99,1,4,1,1,0
39,390025,1,2,1,9,2,10,12,12,6,1,0,39,2,23,470,23470,29,1983,1GDEG25H0D75,1,G,D,E,G,2,5,H,0,D,7,5,0,0,0,000000000,00000000000,0,0,0,1,0,0,0,0,0,0,0,998,0,0,0,81,6,2,12,0,0,0,1,39,43080,6,1,0,0,3,0,64,110,0,0,0,0,0,0,0,0,0,0,28,0,0,0,1,2,55,1,1,2,3,0,0,1,5,99,4,2,65,1,0
39,390025,2,2,4,9,2,10,12,12,6,1,0,39,1,14,401,14401,14,1997,4M2DU55P4VUJ,4,M,2,D,U,5,5,P,4,V,U,J,0,0,0,000000000,00000000000,0,0,0,1,0,0,0,0,0,0,0,45,0,0,0,12,6,2,12,0,0,0,1,39,43062,6,1,0,0,3,0,76,160,0,0,0,0,0,0,0,0,0,0,0,0,0,0,1,2,55,1,1,2,3,0,0,1,62,1,1,1,64,0,0
39,390026,1,1,1,16,2,20,30,1,0,1,0,39,2,20,431,20431,16,1998,1GBFK16R6WJ3,1,G,B,F,K,1,6,R,6,W,J,3,0,0,0,000000000,00000000000,0,0,0,1,0,0,0,0,0,0,0,998,0,2,5,0,6,2,1,0,0,0,1,39,43065,6,1,0,0,3,0,71,145,0,1,0,0,0,4,2011,4,2011,0,28,0,0,0,6,1,65,2,2,2,2,0,0,14,13,99,1,4,1,1,1
39,390027,1,2,0,21,2,20,29,12,1,1,0,39,6,84,898,84898,61,1997,1HTSCAAM1VH4,1,H,T,S,C,A,A,M,1,V,H,4,0,0,77,777777777,77777777777,2,1,96,1,0,0,0,0,0,99,0,0,0,0,0,6,6,2,12,42,0,0,0,0,99997,7,6,97,7,6,7,998,997,998,998,998,998,998,98,9998,98,9998,8,20,0,0,0,3,2,65,1,1,2,1,0,0,0,53,0,0,0,32,0,0
39,390027,2,2,1,21,2,20,29,12,1,1,0,39,1,53,40,53040,4,2009,JS2YA4139962,J,S,2,Y,A,4,1,3,9,9,6,2,0,0,0,000000000,00000000000,0,0,0,1,0,0,0,0,0,0,0,65,0,0,0,12,6,2,12,0,0,0,1,39,43201,6,1,0,0,3,0,73,190,0,0,1,0,0,2,2011,2,2011,0,26,0,0,0,6,2,65,1,1,2,1,0,0,1,50,1,9,1,32,1,0
39,390028,1,1,1,23,2,1,10,32,0,1,0,39,1,35,47,35047,4,1997,1N4BU31D3VC2,1,N,4,B,U,3,1,D,3,V,C,2,0,0,0,000000000,00000000000,0,0,0,1,0,0,0,0,0,0,0,998,0,2,5,12,6,2,1,0,0,0,1,39,44003,3,1,0,0,2,0,70,230,0,2,0,0,0,7,2011,9,2012,9,36,0,0,0,1,2,55,1,2,2,2,0,0,1,13,99,9,4,1,1,1
39,390029,1,2,1,26,2,2,33,12,1,1,0,39,1,37,32,37032,4,2007,1HGCM56487A2,1,H,G,C,M,5,6,4,8,7,A,2,0,0,0,000000000,00000000000,0,0,0,1,0,0,0,0,0,0,0,998,0,0,0,12,6,2,12,0,0,0,1,39,45439,6,1,0,0,3,0,72,200,1,0,1,0,0,12,2011,1,2013,0,26,0,0,0,2,4,65,1,2,2,1,0,0,1,51,1,1,1,24,1,1
39,390029,2,2,1,26,2,2,33,12,1,1,0,39,3,51,881,51881,66,2003,4V4NC9JH93N3,4,V,4,N,C,9,J,H,9,3,N,3,0,0,57,809244,57809244,3,5,96,1,0,0,0,0,0,0,0,60,0,0,0,6,6,2,12,0,0,0,1,12,33993,6,1,6,3,9,9,73,999,0,0,0,0,0,0,0,0,0,0,0,0,0,0,2,4,65,1,2,2,1,0,0,1,53,1,1,1,25,0,0
39,390030,1,1,1,23,2,10,2,24,0,1,0,39,2,20,2,20002,4,2009,2G1WT57K9911,2,G,1,W,T,5,7,K,9,9,1,1,0,0,0,000000000,00000000000,0,0,0,1,0,0,0,0,0,0,0,50,0,1,5,82,6,2,3,0,0,0,1,39,45345,6,1,0,0,3,3,62,130,1,0,0,1,0,9,2011,7,2013,0,39,0,0,0,1,3,35,1,2,2,1,3,3,1,14,3,2,4,14,1,1
39,390031,1,1,1,28,2,6,10,24,0,1,0,39,2,7,482,7482,31,1998,3B7HF12Z9WM2,3,B,7,H,F,1,2,Z,9,W,M,2,0,0,0,000000000,00000000000,0,0,0,1,0,0,0,0,0,0,0,65,0,1,5,62,6,2,1,0,0,0,1,39,44432,6,1,0,0,3,0,71,160,0,0,0,0,0,0,0,0,0,3,27,0,0,0,1,2,55,1,2,2,1,0,0,3,6,99,5,4,2,1,0
39,390032,1,2,1,2,3,20,53,12,1,1,0,39,1,22,2,22002,4,2002,1G2HY54K8241,1,G,2,H,Y,5,4,K,8,2,4,1,0,0,0,000000000,00000000000,0,0,0,1,0,0,0,0,0,0,0,998,0,0,0,12,6,2,12,0,0,0,1,39,43435,6,1,0,0,3,3,68,220,0,0,0,0,0,0,0,0,0,0,26,0,0,0,2,2,65,1,1,2,2,0,0,1,50,99,1,1,20,1,0
39,390032,2,2,1,2,3,20,53,12,1,1,0,39,3,84,884,84884,64,2006,1HTWDAZR86J3,1,H,T,W,D,A,Z,R,8,6,J,3,0,0,77,777777777,77777777777,2,2,4,1,0,0,0,0,0,0,0,0,0,0,0,6,4,5,12,99,99,0,1,39,43402,6,1,6,9,3,0,74,173,0,0,0,0,0,0,0,0,0,0,0,0,0,0,2,2,65,1,1,2,2,0,0,2,53,1,1,1,21,0,0
39,390033,1,1,4,9,3,17,16,24,0,1,0,39,1,42,401,42401,14,2003,4JGAB57E13A4,4,J,G,A,B,5,7,E,1,3,A,4,0,0,0,000000000,00000000000,0,0,0,1,0,0,0,0,0,0,0,80,0,0,0,81,6,8,24,0,0,0,1,39,45255,6,1,0,0,3,0,70,185,0,0,0,3,0,5,2011,9,2011,3,36,0,0,0,3,3,65,4,1,2,1,0,0,14,12,99,9,4,6,1,1
39,390034,1,1,2,15,2,16,21,53,0,1,0,39,1,52,34,52034,4,2001,4A3AA46G31E0,4,A,3,A,A,4,6,G,3,1,E,0,0,0,0,000000000,00000000000,0,0,0,1,0,0,0,0,0,0,0,998,0,0,0,12,6,2,19,0,0,0,1,39,44287,6,1,0,0,3,0,62,135,0,0,0,0,1,5,2012,5,2012,0,38,0,0,0,1,2,98,1,1,2,1,0,0,1,17,3,1,4,6,2,0
39,390035,1,1,1,1,1,4,50,43,0,1,0,39,2,12,3,12003,2,1998,1FAFP4042WF2,1,F,A,F,P,4,0,4,2,W,F,2,0,0,0,000000000,00000000000,0,0,0,1,0,0,0,0,0,0,0,75,0,0,0,12,6,2,43,0,0,0,1,39,45013,1,1,0,0,2,0,70,190,0,2,0,3,1,5,2012,12,2013,3,6,0,0,0,2,2,25,4,1,2,1,0,0,14,12,1,1,4,6,1,1
39,390036,1,2,1,1,1,12,30,12,2,1,0,39,1,20,443,20443,20,1999,1GNDX03E2XD3,1,G,N,D,X,0,3,E,2,X,D,3,0,0,0,000000000,00000000000,0,0,0,1,0,0,0,0,0,0,0,998,0,0,0,12,6,2,12,0,0,0,1,39,45693,6,1,0,0,3,0,61,170,0,0,0,0,1,10,2013,10,2013,0,28,0,0,0,1,2,55,2,2,2,1,0,0,14,10,1,1,2,50,1,0
39,390036,2,2,1,1,1,12,30,12,2,1,0,39,1,12,471,12471,30,1999,1FTYR14V0XPB,1,F,T,Y,R,1,4,V,0,X,P,B,0,0,0,000000000,00000000000,0,0,0,1,0,0,0,0,0,0,0,25,0,0,0,12,6,2,12,0,0,0,1,39,45144,6,1,0,0,3,3,62,160,0,0,0,0,0,0,0,0,0,0,0,0,0,0,1,2,55,3,2,2,1,0,0,14,62,1,1,1,51,0,0
39,390037,1,2,1,2,1,15,2,12,2,1,0,39,2,12,481,12481,31,2002,3FTRF17212MA,3,F,T,R,F,1,7,2,1,2,M,A,0,0,0,000000000,00000000000,0,0,0,1,0,0,0,0,0,0,0,998,0,1,5,12,6,2,12,0,0,0,1,39,45120,6,1,0,0,3,0,71,270,0,0,0,0,0,0,0,0,0,0,0,0,0,0,1,2,65,2,2,2,4,0,0,14,62,1,1,1,51,1,0
39,390037,2,2,1,2,1,15,2,12,2,1,0,39,2,49,401,49401,14,1997,JT3HN86R9V00,J,T,3,H,N,8,6,R,9,V,0,0,0,0,0,000000000,00000000000,0,0,0,1,0,0,0,0,0,0,0,998,0,0,0,12,6,2,12,0,0,0,1,39,45212,6,1,0,0,3,3,76,195,0,0,0,0,0,0,0,0,0,4,28,0,0,0,1,2,65,3,2,2,4,0,0,14,10,1,1,2,50,1,0
39,390038,1,2,1,2,1,12,15,24,0,1,0,39,1,21,23,21023,4,2002,1G3WH52H62F1,1,G,3,W,H,5,2,H,6,2,F,1,0,0,0,000000000,00000000000,0,0,0,1,0,0,0,0,0,0,0,998,0,0,0,3,6,2,12,0,0,0,1,39,44601,6,1,0,0,3,0,69,175,0,0,0,0,0,0,0,0,0,4,0,0,0,0,1,2,55,2,2,2,3,0,0,14,13,6,9,4,5,1,0
39,390038,2,2,1,2,1,12,15,24,0,1,0,39,3,84,881,84881,66,2002,2HSCEAMR92C0,2,H,S,C,E,A,M,R,9,2,C,0,1,1,57,1805263,571805263,3,6,8,1,0,0,0,0,0,0,0,40,0,0,0,12,6,2,12,0,0,0,1,39,44641,6,1,6,0,3,3,74,210,0,0,0,0,0,0,0,0,0,0,0,0,0,0,1,2,55,3,2,2,3,0,0,14,62,1,1,1,98,0,0
39,390039,1,2,1,2,1,10,56,12,6,1,0,39,1,6,43,6043,4,2006,1C3EL46X56N1,1,C,3,E,L,4,6,X,5,6,N,1,0,0,0,000000000,00000000000,0,0,0,1,0,0,0,0,0,0,0,998,0,0,0,3,6,2,12,0,0,0,1,39,43143,6,1,0,0,3,0,67,180,0,0,0,0,0,0,0,0,0,0,28,87,0,0,1,2,55,1,1,2,4,0,0,1,10,1,1,2,66,1,0
39,390039,2,2,1,2,1,10,56,12,6,1,0,39,3,20,466,20466,22,1991,1GBHP32JXM33,1,G,B,H,P,3,2,J,X,M,3,3,0,0,0,000000000,00000000000,0,0,0,1,0,0,0,0,0,0,0,20,0,0,0,1,6,2,12,0,0,0,1,39,43123,6,1,0,0,3,0,72,200,0,0,0,0,0,0,0,0,0,0,0,0,0,0,1,2,55,1,1,2,4,0,0,1,62,1,1,1,66,0,0
39,390040,1,2,1,2,1,17,5,12,6,1,0,39,1,49,47,49047,6,2006,2T1KR32E56C6,2,T,1,K,R,3,2,E,5,6,C,6,0,0,0,000000000,00000000000,0,0,0,1,0,0,0,0,0,0,0,998,0,0,0,3,6,2,12,0,0,0,1,39,44663,6,1,0,0,3,0,64,280,1,0,0,0,2,3,2013,11,2013,0,28,0,0,0,1,2,35,1,1,2,3,0,0,1,10,1,1,2,66,1,0
39,390040,2,2,1,2,1,17,5,12,6,1,0,39,3,84,881,84881,63,2002,1HTWDAAR72J0,1,H,T,W,D,A,A,R,7,2,J,0,0,0,88,888888888,88888888888,3,1,4,1,0,0,0,0,0,0,0,33,0,0,0,12,2,5,12,0,0,0,1,39,44661,6,1,6,0,3,3,74,240,1,0,0,0,0,12,2013,12,2013,0,0,0,0,0,1,2,35,1,1,2,3,0,0,1,62,1,1,1,66,0,0
39,390041,1,2,1,4,1,8,20,12,6,1,0,39,3,85,881,85881,63,2002,1NKDLB0X62J8,1,N,K,D,L,B,0,X,6,2,J,8,0,0,57,1999234,571999234,3,2,4,1,0,0,0,0,0,0,0,15,0,0,0,1,4,3,12,0,0,0,1,39,44446,6,1,6,0,3,3,68,180,1,0,0,0,0,1,2011,1,2011,0,38,0,0,0,1,2,55,1,2,2,1,0,0,11,15,1,1,1,68,0,0
39,390041,2,2,2,4,1,8,20,12,6,1,0,39,1,63,32,63032,4,2001,KNADC1239165,K,N,A,D,C,1,2,3,9,1,6,5,0,0,0,000000000,00000000000,0,0,0,1,0,0,0,0,0,0,0,45,0,0,0,12,6,2,12,0,0,0,1,39,44688,6,1,0,0,3,0,70,300,0,0,0,0,0,0,0,0,0,0,0,0,0,0,1,2,55,1,2,2,1,0,0,1,62,1,1,1,69,1,0
39,390043,1,1,1,7,1,16,15,42,0,1,0,39,2,12,17,12017,4,1997,1FALP52U6VA2,1,F,A,L,P,5,2,U,6,V,A,2,0,0,0,000000000,00000000000,0,0,0,1,0,0,0,0,0,0,0,998,0,0,0,9,6,2,42,0,0,0,1,39,44904,6,1,0,0,3,0,67,160,0,0,0,0,0,0,0,0,0,4,0,0,0,0,1,2,55,3,1,2,4,0,0,14,13,99,3,4,2,1,0
39,390044,1,1,2,8,1,17,15,42,0,1,0,39,1,12,4,12004,2,1988,1FABP61F6JH2,1,F,A,B,P,6,1,F,6,J,H,2,0,0,0,000000000,00000000000,0,0,0,1,0,0,0,0,0,0,0,35,0,0,0,3,6,2,42,0,0,0,1,39,43130,1,1,0,0,2,0,72,175,1,6,0,1,0,1,2012,12,2013,0,0,0,0,0,1,2,55,2,2,2,1,0,0,14,12,6,4,4,7,1,0
39,390045,1,1,3,8,1,8,10,30,0,1,0,39,1,7,442,7442,20,1999,2B4GP45G8XR3,2,B,4,G,P,4,5,G,8,X,R,3,0,0,0,000000000,00000000000,0,0,0,1,0,0,0,0,0,0,0,40,0,0,0,1,6,2,30,0,0,0,1,39,45810,6,1,0,0,3,0,70,170,0,1,0,0,0,5,2011,5,2011,4,87,0,0,0,1,2,55,1,1,2,4,0,0,1,13,1,3,4,2,1,0
39,390046,1,1,1,9,1,14,20,34,0,1,0,39,1,20,403,20403,14,2004,1GNET16S6461,1,G,N,E,T,1,6,S,6,4,6,1,0,0,0,000000000,00000000000,0,0,0,1,0,0,0,0,0,0,0,998,0,1,5,9,6,2,42,0,0,0,1,39,44428,6,1,0,0,3,3,68,220,0,0,0,0,0,0,0,0,0,4,0,0,0,0,1,2,55,1,2,2,4,0,0,1,13,1,3,4,2,1,1
39,390047,1,1,2,9,1,1,46,42,0,1,0,39,2,12,3,12003,2,2001,1FAFP404X1F2,1,F,A,F,P,4,0,4,X,1,F,2,0,0,0,000000000,00000000000,0,0,0,1,0,0,0,0,0,0,0,998,0,0,0,3,6,2,42,0,0,0,1,39,45154,6,1,0,0,3,0,70,160,0,0,0,0,0,0,0,0,0,4,0,0,0,0,1,2,55,1,1,2,2,0,0,1,6,1,4,4,7,1,1
39,390048,1,1,1,10,1,14,30,42,0,1,0,39,1,37,402,37402,14,2003,SHSRD78493U1,S,H,S,R,D,7,8,4,9,3,U,1,0,0,0,000000000,00000000000,0,0,0,1,0,0,0,0,0,0,0,40,0,0,0,12,6,2,42,0,0,0,1,39,43214,6,1,0,0,3,3,61,115,0,0,0,0,0,0,0,0,0,0,99,99,99,99,3,4,45,1,2,2,2,0,0,1,13,1,9,4,5,1,0
39,390049,1,1,1,10,1,7,10,52,0,1,0,39,1,49,472,49472,30,2004,5TEWN72N44Z3,5,T,E,W,N,7,2,N,4,4,Z,3,0,0,0,000000000,00000000000,0,0,0,1,0,0,0,0,0,0,0,998,0,1,5,3,6,2,1,0,0,0,1,39,44423,6,1,0,0,3,3,72,250,0,2,0,4,0,4,2011,6,2013,4,0,0,0,0,1,2,55,3,2,2,10,0,0,14,12,99,4,4,7,1,0
39,390050,1,2,1,10,1,1,0,12,6,1,0,39,2,7,442,7442,20,2005,1D4GP24R45B1,1,D,4,G,P,2,4,R,4,5,B,1,0,0,0,000000000,00000000000,0,0,0,1,0,0,0,0,0,0,0,30,0,0,0,11,6,2,12,0,0,0,1,39,44430,6,1,0,0,3,0,71,185,0,0,0,0,0,0,0,0,0,4,87,0,0,0,2,2,55,1,1,2,3,0,0,1,10,1,4,7,66,0,0
39,390050,2,2,1,10,1,1,0,12,6,1,0,39,1,12,13,12013,6,1993,3FAPP15J1PR1,3,F,A,P,P,1,5,J,1,P,R,1,0,0,0,000000000,00000000000,0,0,0,1,0,0,0,0,0,0,0,998,0,0,0,12,6,2,12,0,0,0,1,39,44446,1,1,0,0,2,0,70,195,0,1,0,0,0,1,2013,1,2013,0,0,0,0,0,2,2,55,1,1,2,3,0,0,1,62,1,1,1,66,1,0
39,390052,1,1,1,27,2,6,20,30,0,1,0,39,1,37,32,37032,4,2002,1HGCG55692A1,1,H,G,C,G,5,5,6,9,2,A,1,0,0,0,000000000,00000000000,0,0,0,1,0,0,0,0,0,0,0,998,0,0,0,61,6,2,30,0,0,0,1,39,43512,6,1,0,0,3,3,67,135,1,0,1,2,0,4,2011,6,2013,4,87,6,0,0,1,2,98,1,1,2,4,0,0,1,13,99,1,4,1,1,0
39,390053,1,1,2,11,1,9,32,53,0,1,0,39,1,59,31,59031,4,1999,JT8BF28G8X02,J,T,8,B,F,2,8,G,8,X,0,2,0,0,0,000000000,00000000000,0,0,0,1,0,0,0,0,0,0,0,998,0,0,0,12,6,2,21,0,0,0,1,39,43701,6,1,0,0,3,3,70,210,0,0,0,0,0,0,0,0,0,4,0,0,0,0,1,4,55,1,1,2,2,0,0,1,13,1,9,4,5,1,1
39,390054,1,1,1,11,1,15,40,34,0,1,0,39,1,72,706,72706,80,2006,1HD1BWB1X6Y0,1,H,D,1,B,W,B,1,X,6,Y,0,0,0,0,000000000,00000000000,0,0,0,1,0,0,0,0,0,0,0,998,0,0,0,11,6,2,34,0,0,0,1,39,43945,6,1,0,0,3,0,73,261,0,0,0,0,0,0,0,0,0,0,0,0,0,0,1,2,55,1,2,2,2,0,0,1,13,1,9,4,5,1,1
39,390055,1,1,1,12,1,4,27,42,0,1,0,39,1,58,37,58037,9,9999,000000000000,0,0,0,0,0,0,0,0,0,0,0,0,0,0,0,000000000,00000000000,0,0,0,1,0,0,0,0,0,0,0,998,0,0,0,99,6,8,42,0,0,0,1,39,43085,6,1,0,0,3,3,67,205,0,0,0,1,1,1,2012,5,2013,0,99,99,99,99,4,5,35,1,1,2,1,0,0,99,13,99,9,4,5,1,1
39,390056,1,1,2,13,1,13,17,32,0,1,0,39,1,55,402,55402,14,2014,KM8JT3AF1EU8,K,M,8,J,T,3,A,F,1,E,U,8,0,0,0,000000000,00000000000,0,0,0,1,0,0,0,0,0,0,0,40,0,1,5,12,6,2,1,0,0,0,1,39,45459,6,1,0,0,3,3,67,160,0,0,0,0,3,9,2011,12,2013,0,0,0,0,0,1,2,55,3,2,2,1,0,0,14,13,1,1,4,1,1,0
39,390058,1,2,1,15,1,4,37,12,2,1,0,18,2,22,32,22032,6,2005,5Y2SL63815Z4,5,Y,2,S,L,6,3,8,1,5,Z,4,0,0,0,000000000,00000000000,0,0,0,1,0,0,0,0,0,0,0,55,0,0,0,12,6,2,12,0,0,0,1,18,47355,6,2,0,0,3,0,70,209,0,0,0,2,0,1,2012,11,2012,0,28,0,0,0,1,2,55,1,1,2,3,0,0,1,10,1,1,2,50,0,0
39,390058,2,2,2,15,1,4,37,12,2,1,0,17,1,20,2,20002,4,2000,2G1WH55K1Y91,2,G,1,W,H,5,5,K,1,Y,9,1,0,0,0,000000000,00000000000,0,0,0,1,0,0,0,0,0,0,0,40,0,0,0,12,6,2,12,0,0,0,1,17,61356,6,1,0,0,3,0,67,135,0,0,0,0,0,0,0,0,0,0,0,0,0,0,1,2,55,1,1,2,3,0,0,1,62,1,1,1,51,1,0
39,390059,1,1,2,16,1,23,52,42,0,1,0,39,2,18,2,18002,4,2002,1G4HP54K3242,1,G,4,H,P,5,4,K,3,2,4,2,0,0,0,000000000,00000000000,0,0,0,1,0,0,0,0,0,0,0,50,0,0,0,12,6,2,42,0,0,0,1,39,44092,1,1,0,0,2,0,70,230,0,0,0,0,0,0,0,0,0,4,0,0,0,0,1,2,25,1,1,1,2,0,0,1,6,1,9,4,5,2,1
39,390060,1,1,3,16,1,15,5,8,0,1,0,21,2,22,18,22018,2,2002,1G2NV12E62C2,1,G,2,N,V,1,2,E,6,2,C,2,0,0,0,000000000,00000000000,0,0,0,1,0,0,0,0,0,0,0,35,0,0,0,12,6,2,8,0,0,0,1,21,41018,9,9,99,9,9,9,999,999,99,99,99,99,99,99,9999,99,9999,0,36,0,0,0,1,4,35,1,1,2,4,0,0,99,13,99,9,4,5,0,0
39,390061,1,2,3,16,1,16,5,12,6,1,0,39,1,37,32,37032,4,2008,1HGCP26368A0,1,H,G,C,P,2,6,3,6,8,A,0,0,0,0,000000000,00000000000,0,0,0,1,0,0,0,0,0,0,0,51,0,0,0,1,6,2,12,0,0,0,1,39,43201,6,1,0,0,3,3,67,160,0,0,0,0,0,0,0,0,0,4,28,0,0,0,2,4,65,3,2,2,3,0,0,14,10,1,4,6,66,1,0