STATE,ST_CASE,VEH_NO,VE_FORMS,NUMOCCS,DAY,MONTH,HOUR,MINUTE,HARM_EV,MAN_COLL,UNITTYPE,HIT_RUN,REG_STAT,OWNER,MAKE,MODEL,MAK_MOD,BODY_TYP,MOD_YEAR,VIN,VIN_1,VIN_2,VIN_3,VIN_4,VIN_5,VIN_6,VIN_7,VIN_8,VIN_9,VIN_10,VIN_11,VIN_12,TOW_VEH,J_KNIFE,MCARR_I1,MCARR_I2,MCARR_ID,GVWR,V_CONFIG,CARGO_BT,HAZ_INV,HAZ_PLAC,HAZ_ID,HAZ_CNO,HAZ_REL,BUS_USE,SPEC_USE,EMER_USE,TRAV_SP,UNDERIDE,ROLLOVER,ROLINLOC,IMPACT1,DEFORMED,TOWED,M_HARM,VEH_SC1,VEH_SC2,FIRE_EXP,DR_PRES,L_STATE,DR_ZIP,L_STATUS,L_TYPE,CDL_STAT,L_ENDORS,L_COMPL,L_RESTRI,DR_HGT,DR_WGT,PREV_ACC,PREV_SUS,PREV_DWI,PREV_SPD,PREV_OTH,FIRST_MO,FIRST_YR,LAST_MO,LAST_YR,SPEEDREL,DR_SF1,DR_SF2,DR_SF3,DR_SF4,VTRAFWAY,VNUM_LAN,VSPD_LIM,VALIGN,VPROFILE,VPAVETYP,VSURCOND,VTRAFCON,VTCONT_F,P_CRASH1,P_CRASH2,P_CRASH3,PCRASH4,PCRASH5,ACC_TYPE,DEATHS,DR_DRINK
39,390418,1,2,1,19,7,5,0,12,1,1,0,40,3,82,883,82883,66,2013,1FUJC5DX2DHF,1,F,U,J,C,5,D,X,2,D,H,F,1,1,57,1421875,571421875,3,6,1,1,0,0,0,0,0,0,0,55,7,0,0,12,6,2,12,0,0,0,1,39,44706,6,1,6,1,3,0,69,240,0,0,0,0,0,0,0,0,0,0,26,0,0,0,2,2,65,1,1,2,2,0,0,1,51,1,1,1,24,0,0
39,390418,2,2,2,19,7,5,0,12,1,1,0,39,1,37,705,37705,80,1994,JH2PC2109RM5,J,H,2,P,C,2,1,0,9,R,M,5,0,0,0,000000000,00000000000,0,0,0,1,0,0,0,0,0,0,0,45,0,0,0,6,6,2,12,0,0,0,1,39,44643,6,1,0,0,3,1,72,145,0,0,0,0,0,0,0,0,0,0,45,0,0,0,2,2,65,1,1,2,2,0,0,1,19,1,1,1,25,1,0
39,390419,1,1,1,24,6,13,48,34,0,1,0,39,4,12,442,12442,20,2002,2FMZA52402BB,2,F,M,Z,A,5,2,4,0,2,B,B,0,0,0,000000000,00000000000,0,0,0,1,0,0,0,0,0,0,0,998,0,0,0,12,6,2,42,0,0,0,1,39,44418,3,1,0,0,2,9,61,165,1,0,0,0,1,12,2012,12,2012,9,27,0,0,0,1,2,55,1,1,2,1,0,0,1,12,1,1,4,6,1,0
39,390420,1,1,1,10,7,21,20,30,0,1,0,39,1,63,33,63033,4,2008,KNAFE1216855,K,N,A,F,E,1,2,1,6,8,5,5,0,0,0,000000000,00000000000,0,0,0,1,0,0,0,0,0,0,0,45,0,0,0,1,6,8,30,0,0,0,1,39,43613,6,1,0,0,3,3,67,140,1,0,0,0,0,4,2012,4,2012,0,6,0,0,0,1,2,35,3,1,2,1,3,3,14,13,1,9,4,5,1,0
39,390421,1,1,1,22,7,16,30,38,0,1,0,54,3,20,481,20481,40,2002,1GBJK34182E2,1,G,B,J,K,3,4,1,8,2,E,2,0,0,57,2291906,572291906,2,1,96,1,0,0,0,0,0,0,0,998,0,1,5,9,6,2,1,0,0,0,1,42,15071,6,1,6,0,3,0,73,999,0,0,0,0,0,0,0,0,0,0,0,0,0,0,1,2,55,3,1,4,1,0,0,1,12,1,1,4,6,1,0
39,390422,1,2,1,17,7,21,11,12,1,1,1,39,1,7,24,7024,4,2006,2B3KA43G16H5,2,B,3,K,A,4,3,G,1,6,H,5,0,0,0,000000000,00000000000,0,0,0,1,0,0,0,0,0,0,0,998,0,0,0,12,6,2,12,0,0,0,1,39,44134,6,1,0,0,3,3,69,185,0,0,0,1,0,8,2013,8,2013,3,36,0,0,0,1,4,35,1,1,2,1,0,0,1,51,1,1,1,24,0,1
39,390422,2,2,2,17,7,21,11,12,1,1,0,39,1,63,401,63401,14,2008,KNDJF7241875,K,N,D,J,F,7,2,4,1,8,7,5,0,0,0,000000000,00000000000,0,0,0,1,0,0,0,0,0,0,0,998,0,0,0,6,6,2,30,0,0,0,1,39,44144,6,1,0,0,3,0,70,180,0,0,0,0,1,12,2012,12,2012,9,0,0,0,0,1,4,35,1,1,2,1,0,0,1,19,1,1,6,27,1,0
39,390423,1,2,2,23,7,21,20,12,2,1,0,39,1,12,471,12471,31,1997,1FTCR10A2VUD,1,F,T,C,R,1,0,A,2,V,U,D,0,0,0,000000000,00000000000,0,0,0,1,0,0,0,0,0,0,0,15,0,0,0,12,6,2,12,0,0,0,1,39,43748,6,1,0,0,3,3,65,215,0,0,0,0,0,0,0,0,0,0,38,0,0,0,1,2,55,1,2,2,1,0,0,11,15,1,1,2,68,1,0
39,390423,2,2,1,23,7,21,20,12,2,1,0,39,2,24,401,24401,14,2007,5GZCZ23D57S8,5,G,Z,C,Z,2,3,D,5,7,S,8,0,0,0,000000000,00000000000,0,0,0,1,0,0,0,0,0,0,0,45,0,0,0,12,6,2,12,0,0,0,1,39,43748,6,1,6,0,3,0,68,200,0,0,0,0,1,5,2013,5,2013,0,0,0,0,0,1,2,55,1,2,2,1,0,0,1,62,3,1,1,69,0,0
39,390424,1,2,1,10,6,4,5,12,2,1,0,39,3,87,890,87890,66,2005,1XP5DB9X65D8,1,X,P,5,D,B,9,X,6,5,D,8,1,1,99,999999999,99999999999,3,6,8,1,0,0,0,0,0,0,0,55,0,0,0,12,6,2,12,0,0,0,1,39,43033,6,1,6,1,3,0,74,195,0,0,0,0,0,0,0,0,0,0,0,0,0,0,1,2,55,1,2,2,1,0,0,1,62,3,2,2,50,0,0
39,390424,2,2,1,10,6,4,5,12,2,1,0,39,2,19,421,19421,15,2005,3GYFK66N05G2,3,G,Y,F,K,6,6,N,0,5,G,2,0,0,0,000000000,00000000000,0,0,0,1,0,0,0,0,0,0,0,999,0,0,0,12,6,2,12,0,0,1,1,39,43033,6,1,0,0,3,0,65,140,0,0,0,0,0,0,0,0,0,9,28,0,0,0,1,2,55,1,2,2,1,0,0,1,10,1,1,1,51,1,1
39,390425,1,2,1,9,6,2,27,12,6,1,0,26,1,72,706,72706,80,2010,999999999999,9,9,9,9,9,9,9,9,9,9,9,9,0,0,0,000000000,00000000000,0,0,0,1,0,0,0,0,0,0,0,45,0,0,0,12,6,2,12,0,0,0,1,39,43560,6,1,0,0,3,0,70,207,1,0,0,0,2,5,2012,5,2012,0,0,0,0,0,1,4,45,1,1,2,1,0,0,1,65,1,1,1,83,1,1
39,390425,2,2,1,9,6,2,27,12,6,1,0,39,1,2,403,2403,14,2001,1J4GW48S71C7,1,J,4,G,W,4,8,S,7,1,C,7,0,0,0,000000000,00000000000,0,0,0,1,0,0,0,0,0,0,0,5,0,0,0,11,6,2,12,0,0,0,1,39,43612,3,8,0,0,2,0,70,165,0,0,0,0,0,0,0,0,0,0,38,0,0,0,1,4,25,1,1,2,1,20,3,11,15,1,1,1,82,0,1
39,390426,1,1,1,14,6,3,50,33,0,1,0,39,2,76,705,76705,80,1995,JYA4NAE02SA0,J,Y,A,4,N,A,E,0,2,S,A,0,0,0,0,000000000,00000000000,0,0,0,1,0,0,0,0,0,0,0,999,0,0,0,12,6,2,43,0,0,0,1,39,45402,1,1,0,0,2,0,63,135,0,2,0,2,0,4,2013,4,2014,0,0,0,0,0,1,4,35,3,1,2,1,0,0,1,13,1,9,4,5,1,1
39,390427,1,1,2,24,7,14,34,33,0,1,0,39,2,20,2,20002,4,2006,2G1WT58K8691,2,G,1,W,T,5,8,K,8,6,9,1,0,0,0,000000000,00000000000,0,0,0,1,0,0,0,0,0,0,0,998,0,1,5,12,6,2,34,0,0,0,1,39,45406,1,1,0,0,2,9,74,175,0,3,0,0,0,1,2014,2,2014,9,36,0,0,0,1,2,35,1,1,2,1,0,0,1,12,1,1,4,6,0,0
39,390428,1,1,2,25,7,1,49,31,0,1,0,13,2,37,32,37032,4,1995,1HGCD5659SA1,1,H,G,C,D,5,6,5,9,S,A,1,0,0,0,000000000,00000000000,0,0,0,1,0,0,0,0,0,0,0,998,0,1,5,12,6,2,1,0,0,0,1,39,43351,6,1,0,0,3,0,72,155,0,1,0,1,0,8,2012,7,2014,4,28,0,0,0,1,2,35,1,1,2,1,0,0,11,12,1,1,4,6,1,1
39,390429,1,1,1,27,7,18,26,21,0,1,0,42,1,7,25,7025,5,2008,1B3HB28BX8D6,1,B,3,H,B,2,8,B,X,8,D,6,0,0,0,000000000,00000000000,0,0,0,1,0,0,0,0,0,0,0,998,0,0,0,12,6,2,21,0,0,0,1,42,16134,6,1,0,0,3,0,70,999,0,0,0,0,0,0,0,0,0,9,28,0,0,0,1,2,55,1,1,2,2,0,0,1,12,1,1,4,6,1,1
39,390431,2,1,1,25,6,18,28,14,0,1,0,39,3,12,481,12481,31,2006,1FTSW21P76EC,1,F,T,S,W,2,1,P,7,6,E,C,0,0,0,000000000,00000000000,0,0,0,1,0,0,0,0,0,0,0,55,0,0,0,82,4,3,8,0,0,0,1,39,44849,6,1,0,0,3,0,74,190,0,0,0,0,0,0,0,0,0,0,30,0,0,0,6,2,65,1,1,1,1,0,0,1,19,8,2,4,11,0,0
39,390432,1,2,1,16,6,6,28,1,0,1,0,39,1,2,405,2405,14,2005,1J4GL48K65W5,1,J,4,G,L,4,8,K,6,5,W,5,0,0,0,000000000,00000000000,0,0,0,1,0,0,0,0,0,0,0,0,0,0,0,7,2,5,12,0,0,0,1,39,44109,6,1,0,0,3,0,61,145,1,0,0,0,1,5,2014,5,2014,0,0,0,0,0,1,5,25,1,1,2,1,3,3,5,53,1,1,1,98,0,0
39,390432,2,2,1,16,6,6,28,1,0,1,0,39,1,76,705,76705,80,2006,JYARJ08Y56A0,J,Y,A,R,J,0,8,Y,5,6,A,0,0,0,0,000000000,00000000000,0,0,0,1,0,0,0,0,0,0,0,40,0,0,0,0,2,5,12,0,0,0,1,39,44060,6,1,0,0,3,3,69,200,1,0,0,1,1,5,2012,9,2012,3,26,0,0,0,1,5,25,1,1,2,1,3,3,1,98,99,2,1,98,1,1
39,390433,1,2,1,1,7,22,5,12,1,1,0,39,1,37,706,37706,80,2004,JH2SC57014M0,J,H,2,S,C,5,7,0,1,4,M,0,0,0,0,000000000,00000000000,0,0,0,1,0,0,0,0,0,0,0,100,0,0,0,12,6,2,12,0,0,0,1,39,44141,6,1,0,0,3,0,64,165,0,0,0,0,2,4,2012,8,2013,3,36,0,0,0,3,8,60,1,1,2,1,0,0,1,51,1,1,1,24,1,0
39,390433,2,2,3,1,7,22,5,12,1,1,0,39,2,6,43,6043,4,2008,1C3LC46R08N1,1,C,3,L,C,4,6,R,0,8,N,1,0,0,0,000000000,00000000000,0,0,0,1,0,0,0,0,0,0,0,60,0,0,0,6,4,3,12,0,0,0,1,39,44125,6,1,0,0,3,0,68,150,0,0,0,1,0,3,2014,3,2014,0,0,0,0,0,3,8,60,1,1,2,1,0,0,1,53,1,1,1,25,0,0
39,390434,1,1,1,4,7,23,15,1,0,1,0,39,1,53,705,53705,80,2001,JS1VP52A6121,J,S,1,V,P,5,2,A,6,1,2,1,0,0,0,000000000,00000000000,0,0,0,1,0,0,0,0,0,0,0,65,0,0,0,0,6,2,42,0,0,0,1,39,44145,6,1,0,0,3,0,75,175,1,0,0,0,2,8,2011,10,2012,3,37,0,0,0,1,2,25,2,1,2,1,0,0,14,6,1,2,1,98,1,1
39,390435,1,1,1,10,7,1,10,24,0,1,0,39,1,72,706,72706,80,1993,1HD1DPL1XPY5,1,H,D,1,D,P,L,1,X,P,Y,5,0,0,0,000000000,00000000000,0,0,0,1,0,0,0,0,0,0,0,40,0,0,0,12,4,3,1,0,0,0,1,39,44105,6,1,0,0,3,0,73,200,0,0,0,0,3,10,2011,2,2014,0,99,99,99,99,3,4,40,3,6,2,1,28,3,14,13,99,9,4,2,1,1
39,390436,1,1,1,18,7,8,59,33,0,1,0,39,1,53,32,53032,4,2001,JS2GB41S2152,J,S,2,G,B,4,1,S,2,1,5,2,0,0,0,000000000,00000000000,0,0,0,1,0,0,0,0,0,0,0,35,0,0,0,14,6,9,17,0,0,0,1,39,45205,6,1,0,0,3,0,69,198,0,0,0,0,0,0,0,0,0,0,28,0,0,0,1,2,35,1,2,2,1,0,0,1,10,1,1,4,6,1,0
39,390437,1,2,2,9,3,3,22,12,2,1,0,39,1,20,22,20022,2,2008,1G1AK18F7872,1,G,1,A,K,1,8,F,7,8,7,2,0,0,0,000000000,00000000000,0,0,0,1,0,0,0,0,0,0,0,998,0,0,0,12,6,9,12,0,0,0,1,39,45206,6,1,0,0,3,0,65,160,0,0,0,0,1,2,2013,2,2013,3,36,27,0,0,1,2,45,1,1,2,1,0,0,6,10,1,1,2,50,1,1
39,390437,2,2,1,9,3,3,22,12,2,1,0,39,2,55,38,55038,4,2001,KMHFU45D01A1,K,M,H,F,U,4,5,D,0,1,A,1,0,0,0,000000000,00000000000,0,0,0,1,0,0,0,0,0,0,0,40,0,0,0,12,4,9,12,0,0,0,1,39,45241,6,1,0,0,3,3,67,129,0,0,0,1,0,11,2013,11,2013,0,0,0,0,0,1,2,45,1,1,2,1,0,0,1,54,1,1,2,51,0,0
39,390438,1,1,1,12,7,17,27,33,0,1,0,39,1,18,2,18002,4,2000,1G4HP54K5Y41,1,G,4,H,P,5,4,K,5,Y,4,1,0,0,0,000000000,00000000000,0,0,0,1,0,0,0,0,0,0,0,40,0,0,0,12,6,2,30,0,0,0,1,39,44087,6,1,0,0,3,3,66,145,1,1,0,0,1,4,2013,8,2013,0,0,0,0,0,6,1,35,2,2,2,1,0,0,1,13,1,1,4,1,1,0
39,390439,2,1,1,17,7,9,53,8,0,1,1,39,2,2,405,2405,14,2006,1J4GL48K56W2,1,J,4,G,L,4,8,K,5,6,W,2,0,0,0,000000000,00000000000,0,0,0,1,0,0,0,0,0,0,0,998,0,0,0,1,2,5,8,0,0,0,1,39,44272,6,1,0,0,3,3,62,130,0,0,0,2,0,2,2012,4,2013,0,36,0,0,0,1,4,25,1,1,2,1,0,0,98,80,99,9,2,13,0,0
39,390440,1,1,1,18,7,15,39,9,0,1,0,39,3,86,881,86881,63,2000,1M1AA13Y2YW1,1,M,1,A,A,1,3,Y,2,Y,W,1,0,0,57,120411,57120411,3,2,1,1,0,0,0,0,0,0,0,45,0,0,0,1,2,3,9,0,0,0,1,39,45856,6,1,6,0,3,0,66,183,0,0,0,3,0,6,2012,10,2013,0,0,0,0,0,1,2,55,1,1,2,1,0,0,6,83,6,1,1,13,0,0
39,390441,1,3,1,22,7,13,56,12,6,1,0,39,1,55,35,55035,4,2005,KMHDN46D65U9,K,M,H,D,N,4,6,D,6,5,U,9,0,0,0,000000000,00000000000,0,0,0,1,0,0,0,0,0,0,0,998,0,0,0,12,6,2,12,0,0,0,1,39,45135,6,1,0,0,3,0,62,135,0,0,0,0,0,0,0,0,0,9,39,0,0,0,1,2,55,1,1,2,1,20,3,1,17,1,1,7,88,0,0
39,390441,2,3,1,22,7,13,56,12,6,1,0,39,3,84,890,84890,62,2006,1HTMSAAR56H3,1,H,T,M,S,A,A,R,5,6,H,3,0,0,57,300951,57300951,2,2,3,1,0,0,0,0,0,0,0,50,0,0,0,61,6,2,12,42,0,0,1,39,45439,6,1,6,1,3,0,70,180,1,0,0,0,0,5,2013,5,2013,0,0,0,0,0,1,3,55,1,1,2,1,0,0,1,66,8,2,1,89,0,0
39,390441,3,3,2,22,7,13,56,12,6,1,0,18,1,6,441,6441,20,2005,2C4GP54L15R1,2,C,4,G,P,5,4,L,1,5,R,1,0,0,0,000000000,00000000000,0,0,0,1,0,0,0,0,0,0,0,998,0,0,0,62,6,2,12,0,0,0,1,18,47265,6,1,0,0,3,3,70,220,0,0,0,0,0,0,0,0,0,9,0,0,0,0,1,3,55,1,1,2,1,0,0,1,62,1,1,1,98,2,0
39,390442,1,1,1,18,7,3,0,8,0,1,1,99,9,99,999,99999,99,9999,999999999999,9,9,9,9,9,9,9,9,9,9,9,9,0,0,0,000000000,00000000000,0,0,0,1,0,0,0,0,0,0,0,35,0,0,0,99,9,5,8,0,0,0,1,99,99999,9,9,99,9,9,9,999,999,99,99,99,99,99,99,9999,99,9999,0,99,99,99,99,1,2,35,3,2,2,99,0,0,1,80,99,9,1,13,0,0
39,390443,1,1,1,22,7,1,17,53,0,1,0,39,1,20,2,20002,4,2007,2G1WB58K0792,2,G,1,W,B,5,8,K,0,7,9,2,0,0,0,000000000,00000000000,0,0,0,1,0,0,0,0,0,0,0,998,0,0,0,11,6,2,42,0,0,0,1,39,44077,6,1,0,0,3,0,69,160,1,0,0,1,3,3,2012,2,2014,0,0,0,0,0,1,2,55,3,1,2,1,0,0,1,13,1,1,4,1,1,1
39,390444,1,1,2,22,7,22,9,24,0,1,0,39,2,55,37,55037,2,2008,KMHHM66D28U2,K,M,H,H,M,6,6,D,2,8,U,2,0,0,0,000000000,00000000000,0,0,0,1,0,0,0,0,0,0,0,998,0,0,0,81,6,2,42,0,0,0,1,39,45640,6,1,0,0,3,0,72,210,2,0,0,0,1,1,2013,3,2014,4,28,0,0,0,1,2,55,1,1,2,1,0,0,1,13,3,2,4,2,1,0
39,390445,1,1,1,10,5,15,43,35,0,1,0,39,1,22,22,22022,4,2008,1G2ZF57B8841,1,G,2,Z,F,5,7,B,8,8,4,1,0,0,0,000000000,00000000000,0,0,0,1,0,0,0,0,0,0,0,40,0,1,5,62,6,2,1,0,0,0,1,39,43920,6,1,0,0,3,3,69,157,0,0,0,0,0,0,0,0,0,0,28,0,0,0,1,2,40,1,2,2,1,0,0,1,10,99,9,4,2,1,0
39,390446,1,1,1,27,7,8,6,1,0,1,0,39,2,20,471,20471,30,2001,1GCDT19W8181,1,G,C,D,T,1,9,W,8,1,8,1,0,0,0,000000000,00000000000,0,0,0,1,0,0,0,0,0,0,0,998,0,1,5,0,6,2,1,0,0,0,1,39,43334,6,1,0,0,3,3,67,130,0,0,0,0,0,0,0,0,0,4,0,0,0,0,1,2,55,1,2,2,1,0,0,1,12,1,1,4,6,1,0
39,390447,1,2,1,26,7,16,3,12,2,1,0,39,1,12,23,12023,4,2010,3FAHP0HA3AR1,3,F,A,H,P,0,H,A,3,A,R,1,0,0,0,000000000,00000000000,0,0,0,1,0,0,0,0,0,0,0,55,0,0,0,12,6,2,12,0,0,0,1,39,43731,6,1,0,0,3,3,68,135,0,0,0,0,0,0,0,0,0,0,28,0,0,0,1,2,55,1,1,2,1,0,0,1,10,1,1,2,98,1,0
39,390447,2,2,1,26,7,16,3,12,2,1,0,39,1,7,482,7482,31,2012,1C6RD7GT1CS2,1,C,6,R,D,7,G,T,1,C,S,2,0,0,0,000000000,00000000000,0,0,0,1,0,0,0,0,0,0,0,7,0,0,0,12,6,2,12,0,0,0,1,39,43720,6,1,6,0,3,0,70,140,0,3,0,1,2,10,2012,5,2013,0,0,0,0,0,1,3,55,1,1,2,1,20,3,10,62,1,1,3,98,0,0
39,390448,1,2,1,24,7,22,36,12,1,1,0,39,1,12,481,12481,31,2008,1FTRX12W78FA,1,F,T,R,X,1,2,W,7,8,F,A,0,0,0,000000000,00000000000,0,0,0,1,0,0,0,0,0,0,0,60,0,0,0,12,6,2,12,0,0,0,1,39,45344,6,1,6,0,3,0,67,175,0,0,0,0,0,0,0,0,0,0,26,0,0,0,3,3,55,1,1,2,1,0,0,1,50,1,1,1,32,0,0
39,390448,2,2,1,24,7,22,36,12,1,1,0,39,6,7,472,7472,30,2002,1B7HG38Z92S6,1,B,7,H,G,3,8,Z,9,2,S,6,0,0,0,000000000,00000000000,0,0,0,1,0,0,0,0,0,0,0,0,0,0,0,6,6,2,12,0,0,1,0,0,99997,7,6,97,7,6,7,998,997,998,998,998,998,998,98,9998,98,9998,8,20,0,0,0,3,3,55,1,1,2,1,0,0,0,99,0,0,0,32,0,0
39,390449,1,2,1,30,7,9,50,12,2,1,0,39,1,41,37,41037,4,2000,1YVGF22C5Y51,1,Y,V,G,F,2,2,C,5,Y,5,1,0,0,0,000000000,00000000000,0,0,0,1,0,0,0,0,0,0,0,998,0,0,0,12,6,2,12,0,0,0,1,39,43068,6,1,0,0,3,0,76,290,0,0,0,1,0,4,2013,4,2013,9,28,0,0,0,1,2,45,3,1,2,1,0,0,1,10,1,1,2,50,1,0
39,390449,2,2,1,30,7,9,50,12,2,1,0,39,3,12,461,12461,21,2009,1FTNE14W09DA,1,F,T,N,E,1,4,W,0,9,D,A,0,0,0,000000000,00000000000,0,0,0,1,0,0,0,0,0,0,0,40,0,0,0,12,6,2,12,0,0,0,1,39,43055,6,1,0,0,3,0,68,164,2,0,0,0,0,10,2013,12,2013,0,0,0,0,0,1,2,45,3,1,2,1,0,0,14,62,1,1,1,51,0,0
39,390450,1,1,1,3,8,0,27,38,0,1,0,39,1,20,37,20037,4,2000,1G1ND52JXY62,1,G,1,N,D,5,2,J,X,Y,6,2,0,0,0,000000000,00000000000,0,0,0,1,0,0,0,0,0,0,0,998,0,0,0,62,6,2,42,0,0,0,1,39,45156,6,1,0,0,3,0,63,120,0,1,0,1,0,8,2011,3,2014,9,28,0,0,0,1,2,55,1,1,2,1,0,0,1,10,1,1,4,6,1,1
39,390451,1,1,1,3,8,17,39,34,0,1,0,39,1,12,37,12037,4,2006,1FAHP36N76W1,1,F,A,H,P,3,6,N,7,6,W,1,0,0,0,000000000,00000000000,0,0,0,1,0,0,0,0,0,0,0,998,0,1,5,62,6,2,42,0,0,0,1,39,45662,6,1,0,0,3,3,63,125,0,0,0,0,0,0,0,0,0,4,6,0,0,0,1,2,55,2,2,2,1,0,0,14,13,1,1,4,1,1,0
39,390452,1,3,1,1,7,15,7,25,0,1,0,39,3,99,898,99898,63,2007,2FZHAZCV77AY,2,F,Z,H,A,Z,C,V,7,7,A,Y,0,0,57,244301,57244301,3,2,4,1,0,0,0,0,0,0,0,998,0,1,1,62,6,2,25,42,0,1,1,39,45113,6,1,6,1,3,3,70,240,1,0,0,0,1,1,2012,9,2013,0,28,0,0,0,3,3,65,1,1,2,1,0,0,1,12,1,1,4,6,1,0
39,390452,2,3,1,1,7,15,7,25,0,1,0,21,1,20,481,20481,31,2003,2GCEC19T7313,2,G,C,E,C,1,9,T,7,3,1,3,0,0,0,000000000,00000000000,0,0,0,1,0,0,0,0,0,0,0,60,0,0,0,12,2,5,54,0,0,0,1,21,41086,6,1,0,0,8,0,69,190,0,0,0,0,0,0,0,0,0,0,0,0,0,0,3,3,65,1,1,2,1,0,0,1,19,1,1,1,98,0,0
39,390452,3,3,1,1,7,15,7,25,0,1,0,39,1,34,35,34035,4,2011,WBAFU7C50BC7,W,B,A,F,U,7,C,5,0,B,C,7,0,0,0,000000000,00000000000,0,0,0,1,0,0,0,0,0,0,0,55,0,0,0,12,2,5,54,0,0,0,1,39,45243,6,1,0,0,3,0,67,165,0,0,0,0,0,0,0,0,0,0,0,0,0,0,3,3,65,1,1,2,1,0,0,1,19,1,1,1,98,0,0
39,390453,1,2,1,24,7,12,11,12,6,1,0,39,1,76,706,76706,80,2003,JYAVP11E93A0,J,Y,A,V,P,1,1,E,9,3,A,0,0,0,0,000000000,00000000000,0,0,0,1,0,0,0,0,0,0,0,60,0,0,0,7,6,2,12,0,0,0,1,39,44319,6,1,0,0,3,0,72,200,0,0,0,0,0,0,0,0,0,0,0,0,0,0,2,2,60,1,1,2,1,0,0,1,61,1,1,1,45,1,0
39,390453,2,2,1,24,7,12,11,12,6,1,0,39,2,2,404,2404,14,2011,1J4RR4GG4BC5,1,J,4,R,R,4,G,G,4,B,C,5,0,0,0,000000000,00000000000,0,0,0,1,0,0,0,0,0,0,0,65,0,0,0,12,6,2,12,0,0,0,1,39,44313,6,1,0,0,1,0,75,260,1,1,0,1,1,8,2013,11,2013,0,0,0,0,0,2,2,60,1,1,2,1,0,0,15,11,1,1,2,46,0,0
39,390454,1,1,1,13,7,7,28,30,0,1,0,18,2,37,705,37705,80,2006,JH2PC37026M3,J,H,2,P,C,3,7,0,2,6,M,3,0,0,0,000000000,00000000000,0,0,0,1,0,0,0,0,0,0,0,998,0,0,0,12,6,2,30,0,0,0,1,18,47374,6,1,0,0,3,0,77,231,0,0,0,0,0,0,0,0,0,0,28,0,0,0,1,2,55,2,1,2,1,0,0,14,13,1,1,4,1,1,1
39,390455,1,2,1,7,8,19,45,12,6,1,0,39,2,14,6,14006,4,1997,2MELM74W7VX7,2,M,E,L,M,7,4,W,7,V,X,7,0,0,0,000000000,00000000000,0,0,0,1,0,0,0,0,0,0,0,55,0,0,0,12,6,2,12,0,0,0,1,39,43566,6,1,0,0,3,0,65,145,2,1,0,2,1,4,2013,6,2014,0,0,0,0,0,2,2,55,1,1,2,1,2,3,1,54,1,1,1,69,0,0
39,390455,2,2,2,7,8,19,45,12,6,1,0,39,2,6,43,6043,2,2008,1C3LC65M68N1,1,C,3,L,C,6,5,M,6,8,N,1,0,0,0,000000000,00000000000,0,0,0,1,0,0,0,0,0,0,0,15,0,0,0,81,6,2,12,0,0,0,1,39,43537,6,1,0,0,3,3,68,146,2,0,0,0,2,5,2014,6,2014,0,38,0,0,0,2,2,55,1,1,2,1,2,3,11,15,1,1,1,68,2,0
39,390456,1,1,2,27,7,4,40,34,0,1,0,39,2,49,32,49032,5,2008,1NXBR32EX8Z0,1,N,X,B,R,3,2,E,X,8,Z,0,0,0,0,000000000,00000000000,0,0,0,1,0,0,0,0,0,0,0,999,0,1,5,1,6,2,1,0,0,0,1,39,43115,6,1,0,0,3,0,73,205,0,0,0,0,0,0,0,0,0,0,0,0,0,0,1,2,55,2,1,2,1,0,0,14,12,1,1,4,6,1,1
39,390457,1,1,2,27,7,17,10,38,0,1,0,39,1,7,472,7472,30,2003,1D7HG32X03S3,1,D,7,H,G,3,2,X,0,3,S,3,0,0,0,000000000,00000000000,0,0,0,1,0,0,0,0,0,0,0,998,0,1,5,3,6,2,1,0,0,0,1,39,44402,3,1,0,0,2,3,69,177,1,8,0,1,1,9,2011,1,2014,0,58,0,0,0,1,2,55,1,1,2,2,0,0,1,12,6,9,4,10,1,0
39,390458,1,2,1,25,7,22,40,12,2,1,0,39,2,19,421,19421,15,2004,1GYEK63NX4R2,1,G,Y,E,K,6,3,N,X,4,R,2,0,0,0,000000000,00000000000,0,0,0,1,0,0,0,0,0,0,0,998,0,9,1,12,6,2,12,0,0,1,1,39,45458,6,1,0,0,3,0,72,160,1,3,0,0,0,6,2012,1,2014,0,0,0,0,0,2,4,45,1,1,2,1,0,0,15,10,1,1,2,50,1,0
39,390458,2,2,1,25,7,22,40,12,2,1,0,39,1,22,22,22022,1,2007,1G2ZH36N8741,1,G,2,Z,H,3,6,N,8,7,4,1,0,0,0,000000000,00000000000,0,0,0,1,0,0,0,0,0,0,0,998,0,0,0,12,6,2,12,0,0,0,1,39,45066,6,1,0,0,3,3,69,190,0,0,0,0,1,11,2011,11,2011,0,0,0,0,0,2,4,45,1,1,2,1,0,0,1,62,1,1,1,51,1,0
39,390459,1,5,1,28,7,11,21,12,1,1,0,39,3,99,999,99999,99,9999,999999999999,9,9,9,9,9,9,9,9,9,9,9,9,9,0,99,999999999,99999999999,9,99,99,1,0,0,0,0,0,0,0,1,0,0,0,6,2,5,12,0,0,0,1,39,43138,6,1,6,0,3,0,68,172,0,0,0,0,0,0,0,0,0,0,0,0,0,0,1,4,50,1,1,2,1,3,3,2,53,1,1,1,26,0,0