STATE,ST_CASE,VEH_NO,VE_FORMS,NUMOCCS,DAY,MONTH,HOUR,MINUTE,HARM_EV,MAN_COLL,UNITTYPE,HIT_RUN,REG_STAT,OWNER,MAKE,MODEL,MAK_MOD,BODY_TYP,MOD_YEAR,VIN,VIN_1,VIN_2,VIN_3,VIN_4,VIN_5,VIN_6,VIN_7,VIN_8,VIN_9,VIN_10,VIN_11,VIN_12,TOW_VEH,J_KNIFE,MCARR_I1,MCARR_I2,MCARR_ID,GVWR,V_CONFIG,CARGO_BT,HAZ_INV,HAZ_PLAC,HAZ_ID,HAZ_CNO,HAZ_REL,BUS_USE,SPEC_USE,EMER_USE,TRAV_SP,UNDERIDE,ROLLOVER,ROLINLOC,IMPACT1,DEFORMED,TOWED,M_HARM,VEH_SC1,VEH_SC2,FIRE_EXP,DR_PRES,L_STATE,DR_ZIP,L_STATUS,L_TYPE,CDL_STAT,L_ENDORS,L_COMPL,L_RESTRI,DR_HGT,DR_WGT,PREV_ACC,PREV_SUS,PREV_DWI,PREV_SPD,PREV_OTH,FIRST_MO,FIRST_YR,LAST_MO,LAST_YR,SPEEDREL,DR_SF1,DR_SF2,DR_SF3,DR_SF4,VTRAFWAY,VNUM_LAN,VSPD_LIM,VALIGN,VPROFILE,VPAVETYP,VSURCOND,VTRAFCON,VTCONT_F,P_CRASH1,P_CRASH2,P_CRASH3,PCRASH4,PCRASH5,ACC_TYPE,DEATHS,DR_DRINK
39,390459,2,5,2,28,7,11,21,12,1,1,0,39,1,49,482,49482,31,2000,5TBRT3813YS0,5,T,B,R,T,3,8,1,3,Y,S,0,0,0,0,000000000,00000000000,0,0,0,1,0,0,0,0,0,0,0,40,0,0,0,1,4,5,12,0,0,0,1,39,43062,6,1,0,0,3,0,79,220,0,0,0,1,1,3,2012,3,2014,0,0,0,0,0,1,4,50,1,1,2,1,0,0,1,53,1,1,1,98,0,0
39,390459,3,5,1,28,7,11,21,12,1,1,0,39,2,72,706,72706,80,2007,1HD1FMM127Y6,1,H,D,1,F,M,M,1,2,7,Y,6,0,0,0,000000000,00000000000,0,0,0,1,0,0,0,0,0,5,0,40,0,0,0,1,2,5,12,0,0,0,1,39,43082,6,1,0,0,3,0,71,190,0,0,0,0,0,0,0,0,0,0,16,0,0,0,1,4,50,1,1,2,1,0,0,1,53,1,1,1,98,0,0
39,390459,4,5,1,28,7,11,21,12,1,1,0,39,2,20,481,20481,31,2010,1GCPKPE0XAZ2,1,G,C,P,K,P,E,0,X,A,Z,2,0,0,0,000000000,00000000000,0,0,0,1,0,0,0,0,0,0,0,0,0,0,0,12,2,5,12,0,0,0,1,39,43147,6,1,0,0,3,0,76,165,0,0,0,0,0,0,0,0,0,0,0,0,0,0,1,4,25,1,1,2,1,3,3,5,62,1,1,1,98,0,0
39,390459,5,5,1,28,7,11,21,12,1,1,0,39,1,20,402,20402,14,1999,2CNBJ18C8X69,2,C,N,B,J,1,8,C,8,X,6,9,0,0,0,000000000,00000000000,0,0,0,1,0,0,0,0,0,0,0,60,0,0,0,12,6,2,12,0,0,0,1,39,43055,6,1,0,0,3,0,68,175,0,0,0,3,0,6,2012,5,2014,0,99,99,99,99,1,4,50,1,1,2,1,0,0,1,51,99,9,2,24,1,0
39,390461,1,2,1,24,7,16,40,12,6,1,0,18,3,51,881,51881,62,2014,4V4NC9EH3EN1,4,V,4,N,C,9,E,H,3,E,N,1,4,1,77,777777777,77777777777,3,4,98,1,0,0,0,0,0,0,0,50,0,0,0,12,6,2,12,0,0,0,1,18,47304,6,1,6,0,3,3,71,175,0,0,0,2,0,7,2013,2,2014,0,0,0,0,0,1,2,55,1,1,2,1,0,0,1,17,1,1,1,90,0,0
39,390461,2,2,3,24,7,16,40,12,6,1,0,39,1,21,20,21020,2,1996,1G3WH12M3TF3,1,G,3,W,H,1,2,M,3,T,F,3,0,0,0,000000000,00000000000,0,0,0,1,0,0,0,0,0,0,0,998,0,0,0,81,6,2,12,0,0,0,1,39,43615,6,1,0,0,3,0,75,175,0,1,0,0,0,1,2012,1,2012,0,0,0,0,0,1,2,55,1,1,2,1,0,0,1,17,1,1,1,90,3,0
39,390462,1,2,1,25,6,21,38,12,6,1,0,39,2,49,45,49045,2,2003,JTDAT1233302,J,T,D,A,T,1,2,3,3,3,0,2,0,0,0,000000000,00000000000,0,0,0,1,0,0,0,0,0,0,0,15,0,0,0,82,6,2,12,0,0,0,1,39,45449,6,1,0,0,3,0,72,200,0,0,0,0,0,0,0,0,0,0,0,0,0,0,1,2,35,1,1,2,1,0,0,11,15,1,1,2,68,0,1
39,390462,2,2,1,25,6,21,38,12,6,1,0,39,1,76,709,76709,80,2007,LD5TDNPA2710,L,D,5,T,D,N,P,A,2,7,1,0,0,0,0,000000000,00000000000,0,0,0,1,0,0,0,0,0,0,0,20,0,0,0,12,6,9,12,0,0,0,1,39,45417,6,1,0,0,3,0,73,227,0,0,0,0,0,0,0,0,0,0,0,0,0,0,1,2,35,1,1,2,1,0,0,1,17,3,2,1,69,1,0
39,390463,1,1,1,28,7,9,25,49,0,1,0,39,1,18,7,18007,4,2005,2G4WS52J3511,2,G,4,W,S,5,2,J,3,5,1,1,0,0,0,000000000,00000000000,0,0,0,1,0,0,0,0,0,0,0,55,0,0,0,12,6,2,49,0,0,0,1,48,44654,6,1,0,0,3,0,999,999,0,0,0,0,0,0,0,0,0,0,26,0,0,0,1,2,55,1,2,2,2,0,0,1,83,1,1,1,13,0,0
39,390464,1,1,1,29,7,17,10,43,0,1,0,39,1,72,706,72706,80,2013,1HD1FRM13DB6,1,H,D,1,F,R,M,1,3,D,B,6,0,0,0,000000000,00000000000,0,0,0,1,0,0,0,0,0,0,0,25,0,0,0,12,4,3,1,0,0,0,1,39,45440,6,1,0,0,3,3,75,220,0,0,0,0,0,0,0,0,0,0,0,0,0,0,1,2,25,3,2,2,1,0,0,14,13,1,1,4,1,1,0
39,390465,1,1,2,30,7,22,28,35,0,1,0,39,2,12,37,12037,3,2002,3FAFP31382R1,3,F,A,F,P,3,1,3,8,2,R,1,0,0,0,000000000,00000000000,0,0,0,1,0,0,0,0,0,0,0,998,0,1,5,12,6,2,42,0,0,0,1,39,45690,6,1,0,0,3,0,66,142,1,0,0,0,1,1,2012,3,2012,4,0,0,0,0,1,2,40,2,1,2,1,0,0,14,12,1,1,4,6,1,1
39,390466,1,1,2,1,8,15,58,34,0,1,0,39,1,37,32,37032,4,2003,1HGCM55313A0,1,H,G,C,M,5,5,3,1,3,A,0,0,0,0,000000000,00000000000,0,0,0,1,0,0,0,0,0,0,0,50,0,0,0,98,6,2,42,0,0,0,1,39,43223,6,1,0,0,3,0,67,140,2,1,0,1,1,2,2012,4,2014,4,0,0,0,0,1,2,35,1,1,2,1,0,0,1,6,1,4,4,7,1,0
39,390467,1,2,2,22,7,21,50,12,2,1,0,39,2,23,401,23401,14,1999,1GKCT18W4XK5,1,G,K,C,T,1,8,W,4,X,K,5,0,0,0,000000000,00000000000,0,0,0,1,0,0,0,0,0,0,0,32,0,0,0,12,6,2,12,0,0,0,1,39,44907,1,1,0,0,2,0,62,125,0,1,0,1,2,8,2011,5,2014,0,28,0,0,0,1,5,35,1,2,2,1,0,0,15,10,1,1,2,50,0,0
39,390467,2,2,1,22,7,21,50,12,2,1,0,39,1,72,706,72706,80,1995,1HD1GDL17SY3,1,H,D,1,G,D,L,1,7,S,Y,3,0,0,0,000000000,00000000000,0,0,0,1,0,0,0,0,0,0,0,27,0,0,0,12,6,2,12,0,0,0,1,39,44906,6,1,0,0,3,0,75,240,0,0,0,0,0,0,0,0,0,0,0,0,0,0,1,5,35,1,2,2,1,0,0,1,62,1,1,1,51,1,0
39,390469,1,1,1,2,8,19,10,34,0,1,0,39,1,20,2,20002,4,2004,2G1WH52K6492,2,G,1,W,H,5,2,K,6,4,9,2,0,0,0,000000000,00000000000,0,0,0,1,0,0,0,0,0,0,0,999,0,1,5,3,6,2,2,0,0,1,1,39,43314,1,1,0,0,2,3,70,145,0,0,0,0,0,0,0,0,0,0,58,0,0,0,1,2,55,1,2,2,1,0,0,1,12,6,4,4,7,1,1
39,390470,1,1,1,3,8,21,21,24,0,1,0,39,1,72,706,72706,80,2013,1HD1HPH17DC8,1,H,D,1,H,P,H,1,7,D,C,8,0,0,0,000000000,00000000000,0,0,0,1,0,0,0,0,0,0,0,998,0,0,0,3,6,2,24,0,0,0,1,39,44256,6,1,0,0,3,3,72,215,0,0,0,0,0,0,0,0,0,0,0,0,0,0,1,2,50,3,1,2,1,0,0,14,13,1,1,4,1,1,1
39,390471,1,1,1,21,7,12,41,35,0,1,0,39,2,18,7,18007,4,2001,2G4WS52JX112,2,G,4,W,S,5,2,J,X,1,1,2,0,0,0,000000000,00000000000,0,0,0,1,0,0,0,0,0,0,0,53,0,0,0,12,6,2,42,0,0,0,1,39,44515,1,1,0,0,2,0,70,250,0,2,0,0,2,12,2012,3,2014,3,28,0,0,0,1,2,35,3,2,2,1,0,0,14,13,1,1,4,1,1,0
39,390472,1,1,2,3,8,22,11,8,0,1,0,39,1,41,51,41051,4,2014,JM1BM1V79E11,J,M,1,B,M,1,V,7,9,E,1,1,0,0,0,000000000,00000000000,0,0,0,1,0,0,0,0,0,0,0,998,0,0,0,12,4,3,8,0,0,0,1,39,43230,6,1,0,0,3,3,71,230,1,0,0,0,0,12,2012,12,2012,0,30,0,0,0,1,2,98,4,2,2,1,0,0,14,12,99,9,4,10,0,1
39,390473,1,2,1,6,8,6,52,12,1,1,0,39,3,92,982,92982,52,2004,15GGB291X410,1,5,G,G,B,2,9,1,X,4,1,0,0,0,88,888888888,88888888888,3,21,22,1,0,0,0,0,6,3,0,0,0,0,0,6,6,2,12,0,0,0,1,39,43222,6,1,6,0,3,0,62,200,1,0,0,0,0,10,2013,10,2013,0,0,0,0,0,1,2,35,1,1,2,1,0,0,5,53,1,1,1,21,0,0
39,390473,2,2,1,6,8,6,52,12,1,1,0,39,2,24,401,24401,14,2004,5GZCZ53444S8,5,G,Z,C,Z,5,3,4,4,4,S,8,0,0,0,000000000,00000000000,0,0,0,1,0,0,0,0,0,0,0,35,0,0,0,12,6,8,12,0,0,0,1,39,43205,9,9,99,9,9,9,999,999,99,99,99,99,99,99,9999,99,9999,0,26,0,0,0,1,2,35,1,1,2,1,0,0,1,50,1,1,1,20,1,0
39,390474,1,2,1,2,8,15,17,12,6,1,0,99,9,37,709,37709,80,1983,999999999999,9,9,9,9,9,9,9,9,9,9,9,9,0,0,0,000000000,00000000000,0,0,0,1,0,0,0,0,0,0,0,998,0,0,0,12,6,2,12,0,0,0,1,4,71652,6,1,0,0,3,0,70,145,0,0,0,0,2,10,2012,10,2012,9,28,0,0,0,1,2,45,3,2,2,1,0,0,1,13,1,1,4,88,1,1
39,390474,2,2,2,2,8,15,17,12,6,1,0,39,2,20,25,20025,4,2013,1G1PC5SB7D71,1,G,1,P,C,5,S,B,7,D,7,1,0,0,0,000000000,00000000000,0,0,0,1,0,0,0,0,0,0,0,0,0,0,0,62,6,2,12,0,0,0,1,39,43901,6,1,0,0,3,0,67,175,0,0,0,0,0,0,0,0,0,0,0,0,0,0,1,2,45,3,2,2,1,0,0,98,66,1,9,5,89,0,0
39,390475,1,2,1,4,8,18,25,12,6,1,0,39,1,37,706,37706,80,1998,JH2SC3304WM2,J,H,2,S,C,3,3,0,4,W,M,2,0,0,0,000000000,00000000000,0,0,0,1,0,0,0,0,0,0,0,998,0,0,0,12,6,2,12,0,0,0,1,39,43554,6,1,0,0,3,0,76,185,1,4,1,1,1,4,2012,1,2014,0,39,0,0,0,1,2,55,1,1,2,1,20,3,1,17,1,1,1,88,1,0
39,390475,2,2,3,4,8,18,25,12,6,1,0,39,1,21,441,21441,20,1998,1GHDX03E2WD2,1,G,H,D,X,0,3,E,2,W,D,2,0,0,0,000000000,00000000000,0,0,0,1,0,0,0,0,0,0,0,56,0,1,5,11,6,2,1,0,0,0,1,39,43518,3,1,0,0,2,3,64,115,0,0,0,0,0,0,0,0,0,0,0,0,0,0,1,2,55,1,1,2,1,0,0,1,66,1,1,1,89,0,0
39,390476,1,1,1,9,8,11,45,34,0,1,0,39,1,72,706,72706,80,2000,1HD1DDV1XYY6,1,H,D,1,D,D,V,1,X,Y,Y,6,0,0,0,000000000,00000000000,0,0,0,1,0,0,0,0,0,0,0,998,0,0,0,12,6,2,1,0,0,0,1,39,43748,6,1,6,0,3,0,70,220,0,0,0,1,0,5,2014,5,2014,0,99,99,99,99,1,2,45,3,1,2,1,0,0,1,13,1,1,4,1,1,0
39,390477,1,1,2,10,8,1,18,1,0,1,0,39,2,23,421,23421,15,1995,1GKEK13K8SJ7,1,G,K,E,K,1,3,K,8,S,J,7,0,0,0,000000000,00000000000,0,0,0,1,0,0,0,0,0,0,0,55,0,1,5,0,6,2,1,0,0,0,1,39,43412,6,1,0,0,3,3,67,116,0,0,0,0,0,0,0,0,0,0,58,0,0,0,1,2,55,1,1,2,1,0,0,1,12,1,4,4,9,1,0
39,390478,1,1,1,14,8,0,26,42,0,1,0,39,1,12,481,12481,31,1994,2FTEF15N8RCA,2,F,T,E,F,1,5,N,8,R,C,A,0,0,0,000000000,00000000000,0,0,0,1,0,0,0,0,0,0,0,998,0,0,0,12,6,2,42,0,0,0,1,39,45044,6,1,0,0,3,3,70,180,0,1,0,1,0,10,2011,3,2012,0,51,0,0,0,2,4,45,1,1,2,1,0,0,1,13,1,9,4,5,1,1
39,390479,1,1,1,18,7,10,45,59,0,1,0,39,1,98,498,98498,16,2008,5GTEN13E9881,5,G,T,E,N,1,3,E,9,8,8,1,0,0,0,000000000,00000000000,0,0,0,1,0,0,0,0,0,0,0,17,0,0,0,12,6,2,42,0,0,0,1,39,44221,6,1,0,0,3,0,73,200,0,0,0,0,0,0,0,0,0,0,0,0,0,0,1,2,35,1,1,2,1,0,0,11,12,1,9,4,10,1,1
39,390480,1,1,1,2,8,22,30,1,0,1,0,39,1,98,732,98732,90,2014,4XAST1EA6EF3,4,X,A,S,T,1,E,A,6,E,F,3,0,0,0,000000000,00000000000,0,0,0,1,0,0,0,0,0,0,0,45,0,2,1,0,4,5,1,0,0,0,1,39,43716,6,1,0,0,3,0,71,220,0,0,0,0,0,0,0,0,0,4,6,0,0,0,1,2,55,3,2,2,1,0,0,1,6,6,9,6,98,1,1
39,390481,1,1,1,10,8,19,40,23,0,1,0,39,1,72,706,72706,80,1987,1HD4CAM15HY1,1,H,D,4,C,A,M,1,5,H,Y,1,0,0,0,000000000,00000000000,0,0,0,1,0,0,0,0,0,0,0,998,0,0,0,3,6,2,23,0,0,0,1,39,44645,6,1,0,0,3,0,70,149,0,0,0,0,0,0,0,0,0,0,0,0,0,0,1,2,35,3,1,2,1,0,0,14,13,1,1,4,1,1,1
39,390482,1,2,2,11,8,14,15,12,2,1,0,39,2,63,402,63402,14,2005,KNDJC7332554,K,N,D,J,C,7,3,3,2,5,5,4,0,0,0,000000000,00000000000,0,0,0,1,0,0,0,0,0,0,0,45,0,0,0,12,6,2,12,0,0,0,1,39,44907,6,1,0,0,3,0,70,200,0,0,0,1,0,8,2011,8,2011,0,28,0,0,0,1,2,45,1,1,2,2,0,0,1,10,99,1,2,50,0,0
39,390482,2,2,1,11,8,14,15,12,2,1,0,39,1,20,444,20444,20,2005,1GNDV23L45D2,1,G,N,D,V,2,3,L,4,5,D,2,0,0,0,000000000,00000000000,0,0,0,1,0,0,0,0,0,0,0,39,0,0,0,12,6,2,12,0,0,0,1,39,44833,6,1,0,0,3,3,62,200,0,0,0,0,0,0,0,0,0,0,0,0,0,0,1,2,45,1,1,2,2,0,0,1,62,1,1,1,51,1,0
39,390483,1,2,1,13,8,8,55,12,6,1,0,39,1,35,51,35051,6,2010,JN8AS5MV7AW1,J,N,8,A,S,5,M,V,7,A,W,1,0,0,0,000000000,00000000000,0,0,0,1,0,0,0,0,0,0,0,50,0,0,0,12,6,2,12,0,0,0,1,39,43569,6,1,0,0,3,0,62,150,1,0,0,0,0,9,2012,9,2012,0,38,0,0,0,1,2,55,1,1,2,1,20,3,1,17,1,1,1,86,1,0
39,390483,2,2,1,13,8,8,55,12,6,1,0,39,3,82,881,82881,66,2014,3AKJGEDV4ESF,3,A,K,J,G,E,D,V,4,E,S,F,1,1,57,302119,57302119,3,6,2,1,0,0,0,0,0,0,0,55,0,0,0,4,6,2,12,0,0,0,1,39,44601,6,1,6,1,3,3,65,210,0,0,0,0,0,0,0,0,0,0,0,0,0,0,1,2,55,1,1,2,1,0,0,1,66,1,1,1,87,0,0
39,390484,1,2,1,6,8,13,2,12,6,1,0,39,1,20,37,20037,4,2005,1G1ZS52F45F2,1,G,1,Z,S,5,2,F,4,5,F,2,0,0,0,000000000,00000000000,0,0,0,1,0,0,0,0,0,0,0,997,0,0,0,81,6,2,12,0,0,0,1,39,44906,6,1,0,0,3,3,69,195,0,0,0,0,0,0,0,0,0,0,39,0,0,0,1,2,55,1,1,1,1,20,3,1,17,1,1,1,87,1,1
39,390484,2,2,1,6,8,13,2,12,6,1,0,39,3,82,884,82884,63,1999,1FV6HFAA4XHA,1,F,V,6,H,F,A,A,4,X,H,A,0,0,77,777777777,77777777777,3,2,4,1,0,0,0,0,0,0,0,50,0,0,0,12,6,2,12,39,0,0,1,39,44833,6,1,6,1,3,1,77,230,0,0,0,0,0,0,0,0,0,0,0,0,0,0,1,2,55,1,1,1,1,0,0,1,66,1,1,1,86,0,0
39,390485,1,1,2,20,7,16,44,58,0,1,0,39,2,47,35,47035,4,2006,YS3FH41U5610,Y,S,3,F,H,4,1,U,5,6,1,0,0,0,0,000000000,00000000000,0,0,0,1,0,0,0,0,0,0,0,998,0,1,5,14,6,2,42,0,0,0,1,39,45013,6,1,0,0,3,3,66,160,0,0,0,0,0,0,0,0,0,4,28,0,0,0,1,2,55,1,2,2,1,0,0,1,13,7,7,5,2,2,1
39,390486,1,2,1,13,8,21,16,12,6,1,0,39,1,37,706,37706,80,2001,1HFSC43071A1,1,H,F,S,C,4,3,0,7,1,A,1,0,0,0,000000000,00000000000,0,0,0,1,0,0,0,0,0,0,0,998,0,0,0,12,6,2,12,0,0,0,1,39,44514,6,8,0,0,3,0,73,220,0,0,0,1,1,9,2012,6,2013,9,0,0,0,0,1,5,40,1,2,2,1,3,3,1,62,1,1,1,83,1,0
39,390486,2,2,2,13,8,21,16,12,6,1,0,39,2,2,403,2403,14,1997,1J4FY29P1VP4,1,J,4,F,Y,2,9,P,1,V,P,4,0,0,0,000000000,00000000000,0,0,0,1,0,0,0,0,0,0,0,30,0,0,0,82,4,3,12,0,0,0,1,39,44512,6,1,0,0,3,3,59,130,0,0,0,0,0,0,0,0,0,0,38,0,0,0,1,5,40,1,2,2,1,3,3,11,15,1,1,1,82,0,0
39,390487,1,2,1,17,7,15,51,12,2,1,0,39,1,37,32,37032,2,2000,1HGCG3152YA0,1,H,G,C,G,3,1,5,2,Y,A,0,0,0,0,000000000,00000000000,0,0,0,1,0,0,0,0,0,0,0,35,0,0,0,12,6,2,12,0,0,0,1,39,44240,6,1,0,0,3,0,63,110,0,0,0,0,0,0,0,0,0,0,0,0,0,0,1,2,35,1,2,2,1,0,0,1,62,1,1,1,51,0,0
39,390487,2,2,1,17,7,15,51,12,2,1,0,39,1,24,1,24001,4,1997,1G8ZH5289VZ3,1,G,8,Z,H,5,2,8,9,V,Z,3,0,0,0,000000000,00000000000,0,0,0,1,0,0,0,0,0,0,0,40,0,0,0,12,6,2,12,0,0,0,1,39,44240,6,1,0,0,3,0,71,185,0,0,0,0,0,0,0,0,0,0,28,0,0,0,1,2,35,1,2,2,1,0,0,1,10,1,1,2,50,1,0
39,390488,1,2,2,8,3,19,0,12,6,1,0,39,2,35,47,35047,4,2007,1N4AL21E57C1,1,N,4,A,L,2,1,E,5,7,C,1,0,0,0,000000000,00000000000,0,0,0,1,0,0,0,0,0,0,0,998,0,0,0,61,6,2,12,0,0,0,1,39,44706,6,1,0,0,9,0,73,180,0,1,0,0,1,1,2012,3,2012,9,28,0,0,0,1,2,35,3,2,2,3,0,0,14,10,99,9,2,64,1,1
39,390488,2,2,3,8,3,19,0,12,6,1,0,39,1,2,403,2403,14,1995,1J4FY19P8SP2,1,J,4,F,Y,1,9,P,8,S,P,2,0,0,0,000000000,00000000000,0,0,0,1,0,0,0,0,0,0,0,35,0,0,0,12,4,3,12,0,0,0,1,39,44662,6,1,0,0,3,0,68,145,1,2,1,2,2,1,2012,6,2013,0,0,0,0,0,1,2,35,1,2,2,3,0,0,1,62,1,1,3,65,0,0
39,390489,1,2,1,21,7,8,52,12,6,1,0,39,1,18,2,18002,4,1999,1G4HR52K5XH4,1,G,4,H,R,5,2,K,5,X,H,4,0,0,0,000000000,00000000000,0,0,0,1,0,0,0,0,0,0,0,5,0,0,0,9,6,2,12,0,0,0,1,39,45302,6,1,0,0,3,0,77,190,0,0,0,0,0,0,0,0,0,0,38,0,0,0,1,2,35,1,1,2,1,0,0,11,15,1,1,1,68,1,0
39,390489,2,2,1,21,7,8,52,12,6,1,0,39,3,85,881,85881,63,2000,1NKDXRTX0YS8,1,N,K,D,X,R,T,X,0,Y,S,8,0,0,57,1321477,571321477,3,1,4,1,0,0,0,0,0,0,0,35,0,0,0,11,2,5,12,0,0,0,1,39,45885,6,1,6,0,3,0,66,180,0,0,0,0,1,5,2013,5,2013,0,0,0,0,0,1,2,35,1,1,2,1,0,0,1,64,1,1,1,69,0,0
39,390490,1,1,1,8,8,21,30,34,0,1,0,39,2,20,471,20471,30,1998,1GCCS1945W81,1,G,C,C,S,1,9,4,5,W,8,1,0,0,0,000000000,00000000000,0,0,0,1,0,0,0,0,0,0,0,998,0,1,5,12,6,2,1,0,0,0,1,39,43506,6,1,0,0,3,0,69,210,0,0,0,2,0,9,2011,2,2014,0,58,0,0,0,1,2,55,1,1,2,1,0,0,1,12,6,9,4,10,1,1
39,390491,1,1,2,11,8,19,4,10,0,1,0,39,1,63,33,63033,4,2003,KNAFB121X352,K,N,A,F,B,1,2,1,X,3,5,2,0,0,0,000000000,00000000000,0,0,0,1,0,0,0,0,0,0,0,998,0,0,0,3,6,2,10,0,0,0,1,39,43511,6,1,0,0,3,0,64,140,0,0,0,1,0,2,2013,2,2013,0,38,0,0,0,1,2,55,1,2,2,1,65,3,1,91,1,1,1,15,1,0
39,390492,1,2,1,14,8,14,34,12,6,1,0,39,1,49,32,49032,5,2011,2T1BU4EE2BC6,2,T,1,B,U,4,E,E,2,B,C,6,0,0,0,000000000,00000000000,0,0,0,1,0,0,0,0,0,0,0,13,0,0,0,12,2,5,12,0,0,0,1,39,43110,6,1,0,0,3,0,65,180,1,0,0,0,0,3,2014,3,2014,0,38,0,0,0,1,2,45,1,1,2,1,3,3,11,15,1,1,1,74,0,0
39,390492,2,2,1,14,8,14,34,12,6,1,0,39,2,12,17,12017,4,1999,1FAFP53SXXA1,1,F,A,F,P,5,3,S,X,X,A,1,0,0,0,000000000,00000000000,0,0,0,1,0,0,0,0,0,0,0,45,0,0,0,7,6,2,30,0,0,0,1,39,43123,6,1,0,0,3,3,64,170,0,0,0,1,0,9,2011,9,2011,0,0,0,0,0,1,2,45,1,1,2,1,3,3,1,62,1,1,1,74,1,0
39,390493,1,1,3,10,8,15,56,1,0,1,0,39,1,23,472,23472,30,2011,1GTH6MFE6B81,1,G,T,H,6,M,F,E,6,B,8,1,0,0,0,000000000,00000000000,0,0,0,1,0,0,0,0,0,0,0,998,0,1,5,0,6,2,1,0,0,0,1,39,45390,6,1,6,0,3,0,72,180,0,0,0,1,0,10,2013,10,2013,9,0,0,0,0,1,2,55,2,2,2,1,0,0,14,13,6,9,4,1,1,1
39,390494,1,1,1,29,7,19,30,35,0,1,0,39,1,37,441,37441,20,2003,5FNRL18923B0,5,F,N,R,L,1,8,9,2,3,B,0,0,0,0,000000000,00000000000,0,0,0,1,0,0,0,0,0,0,0,998,0,0,0,12,6,2,35,0,0,0,1,39,43055,1,1,0,0,2,0,76,190,3,2,0,1,1,11,2011,4,2014,9,28,0,0,0,1,2,45,2,2,2,1,0,0,14,12,1,1,4,6,1,0
39,390495,1,1,1,8,8,1,21,32,0,1,0,39,2,2,404,2404,14,1999,1J4FF68S9XL6,1,J,4,F,F,6,8,S,9,X,L,6,0,0,0,000000000,00000000000,0,0,0,1,0,0,0,0,0,0,0,55,0,0,0,82,6,2,30,0,0,0,1,39,45369,6,1,0,0,3,0,66,130,0,0,0,1,0,2,2014,2,2014,0,27,0,0,0,3,2,55,1,2,2,1,0,0,1,13,1,1,4,1,1,1
39,390496,1,2,2,25,7,0,48,12,6,1,0,39,2,20,2,20002,4,1983,2G1AN69H3D11,2,G,1,A,N,6,9,H,3,D,1,1,0,0,0,000000000,00000000000,0,0,0,1,0,0,0,0,0,0,0,998,0,0,0,81,6,2,12,0,0,0,1,39,45804,6,1,0,0,3,3,73,240,0,1,0,0,0,11,2012,11,2012,0,0,0,0,0,1,2,25,1,1,2,1,3,3,1,66,1,1,1,87,1,0
39,390496,2,2,5,25,7,0,48,12,6,1,0,39,2,6,441,6441,20,2012,2C4RC1GG5CR3,2,C,4,R,C,1,G,G,5,C,R,3,0,0,0,000000000,00000000000,0,0,0,1,0,0,0,0,0,0,0,998,0,0,0,12,6,2,12,0,0,0,1,39,45804,4,1,0,0,2,0,68,142,0,0,0,0,0,0,0,0,0,0,39,6,0,0,1,2,25,1,1,2,1,3,3,1,17,1,1,1,86,0,1
39,390497,1,1,3,15,8,23,43,52,0,1,0,39,3,12,461,12461,21,2011,1FDWE3FS5BDB,1,F,D,W,E,3,F,S,5,B,D,B,0,0,0,000000000,00000000000,0,0,0,1,0,0,0,0,0,6,4,75,0,1,4,12,6,2,1,0,0,0,1,39,44128,6,1,0,0,3,0,75,240,0,0,0,0,0,0,0,0,0,0,6,0,0,0,3,6,70,1,2,2,1,0,0,1,13,99,9,4,5,1,0
39,390498,1,2,2,4,8,15,51,12,6,1,0,39,2,49,421,49421,15,2004,JTEHT05J8420,J,T,E,H,T,0,5,J,8,4,2,0,0,0,0,000000000,00000000000,0,0,0,1,0,0,0,0,0,0,0,45,0,0,0,12,6,2,12,0,0,0,1,39,43065,6,1,0,0,3,3,64,145,0,1,0,1,0,12,2012,2,2013,0,0,0,0,0,1,2,55,1,1,2,1,0,0,1,66,1,1,1,86,0,0
39,390498,2,2,1,4,8,15,51,12,6,1,0,39,1,12,37,12037,4,2006,1FAFP34N96W1,1,F,A,F,P,3,4,N,9,6,W,1,0,0,0,000000000,00000000000,0,0,0,1,0,0,0,0,0,0,0,998,0,0,0,81,6,2,12,0,0,0,1,39,43125,6,1,0,0,3,3,63,130,0,0,0,0,0,0,0,0,0,0,38,0,0,0,1,2,55,1,1,2,1,20,3,1,17,1,1,7,87,1,0
39,390499,1,2,2,7,8,20,11,12,6,1,0,39,2,24,2,24002,17,1999,1G8ZP1283XZ3,1,G,8,Z,P,1,2,8,3,X,Z,3,0,0,0,000000000,00000000000,0,0,0,1,0,0,0,0,0,0,0,998,0,0,0,81,6,2,12,0,0,0,1,39,44840,6,1,0,0,3,0,66,133,0,0,0,0,1,11,2013,11,2013,9,38,39,0,0,2,2,55,1,2,2,1,21,3,1,17,1,1,7,87,2,0
39,390499,2,2,1,7,8,20,11,12,6,1,0,39,3,87,884,87884,66,2010,1XPHD49X5AD1,1,X,P,H,D,4,9,X,5,A,D,1,1,3,57,397163,57397163,3,6,2,1,0,0,0,0,0,0,0,60,0,0,0,12,6,2,12,42,0,0,1,39,44621,6,1,6,1,3,3,72,205,2,0,0,0,1,12,2011,7,2013,0,0,0,0,0,2,2,60,1,2,2,1,0,0,1,66,9,1,1,86,0,0