STATE,ST_CASE,VEH_NO,VE_FORMS,NUMOCCS,DAY,MONTH,HOUR,MINUTE,HARM_EV,MAN_COLL,UNITTYPE,HIT_RUN,REG_STAT,OWNER,MAKE,MODEL,MAK_MOD,BODY_TYP,MOD_YEAR,VIN,VIN_1,VIN_2,VIN_3,VIN_4,VIN_5,VIN_6,VIN_7,VIN_8,VIN_9,VIN_10,VIN_11,VIN_12,TOW_VEH,J_KNIFE,MCARR_I1,MCARR_I2,MCARR_ID,GVWR,V_CONFIG,CARGO_BT,HAZ_INV,HAZ_PLAC,HAZ_ID,HAZ_CNO,HAZ_REL,BUS_USE,SPEC_USE,EMER_USE,TRAV_SP,UNDERIDE,ROLLOVER,ROLINLOC,IMPACT1,DEFORMED,TOWED,M_HARM,VEH_SC1,VEH_SC2,FIRE_EXP,DR_PRES,L_STATE,DR_ZIP,L_STATUS,L_TYPE,CDL_STAT,L_ENDORS,L_COMPL,L_RESTRI,DR_HGT,DR_WGT,PREV_ACC,PREV_SUS,PREV_DWI,PREV_SPD,PREV_OTH,FIRST_MO,FIRST_YR,LAST_MO,LAST_YR,SPEEDREL,DR_SF1,DR_SF2,DR_SF3,DR_SF4,VTRAFWAY,VNUM_LAN,VSPD_LIM,VALIGN,VPROFILE,VPAVETYP,VSURCOND,VTRAFCON,VTCONT_F,P_CRASH1,P_CRASH2,P_CRASH3,PCRASH4,PCRASH5,ACC_TYPE,DEATHS,DR_DRINK
39,390500,1,1,1,8,8,17,20,9,0,1,0,39,2,37,32,37032,4,2013,1HGCR2F34DA1,1,H,G,C,R,2,F,3,4,D,A,1,0,0,0,000000000,00000000000,0,0,0,1,0,0,0,0,0,0,0,45,0,0,0,82,4,3,9,0,0,0,1,39,43528,6,1,0,0,3,3,64,153,0,0,0,0,0,0,0,0,0,0,0,0,0,0,1,3,45,1,1,2,1,0,0,1,83,3,1,1,13,0,0
39,390501,1,2,1,18,8,15,0,12,2,1,0,39,1,22,18,22018,4,2003,1G2NW52E53C1,1,G,2,N,W,5,2,E,5,3,C,1,0,0,0,000000000,00000000000,0,0,0,1,0,0,0,0,0,0,0,55,0,0,0,12,6,2,12,0,0,0,1,39,44875,1,1,0,0,2,0,66,130,0,2,0,0,1,7,2012,3,2014,0,28,0,0,0,1,2,55,1,1,2,1,0,0,1,10,99,1,2,50,0,0
39,390501,2,2,1,18,8,15,0,12,2,1,0,39,1,72,706,72706,80,2014,1HD1MAL16EB8,1,H,D,1,M,A,L,1,6,E,B,8,0,0,0,000000000,00000000000,0,0,0,1,0,0,0,0,0,0,0,55,0,0,0,12,6,2,12,0,0,0,1,39,44890,6,1,0,0,3,3,73,255,0,0,0,0,0,0,0,0,0,0,0,0,0,0,1,2,55,1,1,2,1,0,0,1,62,1,1,1,51,1,0
39,390502,1,1,1,9,8,17,52,26,0,1,0,39,1,7,4,7004,2,1994,1B3BR65E5RV1,1,B,3,B,R,6,5,E,5,R,V,1,0,0,0,000000000,00000000000,0,0,0,1,0,0,0,0,0,0,0,998,0,0,0,12,6,2,26,0,0,0,1,39,43146,6,1,0,0,3,0,75,185,0,0,0,0,0,0,0,0,0,9,30,0,0,0,3,2,55,1,1,2,1,0,0,1,12,1,1,4,6,1,0
39,390503,1,3,1,8,5,17,59,7,0,1,0,39,1,76,706,76706,80,1984,JYA42Y005EA0,J,Y,A,4,2,Y,0,0,5,E,A,0,0,0,0,000000000,00000000000,0,0,0,1,0,0,0,0,0,0,0,40,0,0,0,0,6,2,1,0,0,0,1,39,44056,6,1,0,0,3,3,71,180,0,0,0,0,0,0,0,0,0,0,28,0,0,0,1,2,35,2,1,2,1,0,0,15,98,99,9,2,0,1,1
39,390503,2,3,1,8,5,17,59,7,0,1,0,39,2,34,35,34035,5,2001,WBADT33451GF,W,B,A,D,T,3,3,4,5,1,G,F,0,0,0,000000000,00000000000,0,0,0,1,0,0,0,0,0,0,0,40,0,0,0,0,0,5,7,0,0,0,1,39,44236,6,1,0,0,3,0,72,180,0,0,0,0,0,0,0,0,0,0,84,0,0,0,1,2,35,3,1,2,1,0,0,14,62,6,1,2,98,0,0
39,390503,3,3,1,8,5,17,59,7,0,1,0,39,1,72,706,72706,80,2008,1HD1CT3108K4,1,H,D,1,C,T,3,1,0,8,K,4,0,0,0,000000000,00000000000,0,0,0,1,0,0,0,0,0,0,0,35,0,0,0,0,2,5,7,0,0,0,1,39,44056,6,1,0,0,3,0,68,170,1,5,1,0,0,9,2011,3,2012,0,84,0,0,0,1,2,35,2,1,2,1,0,0,14,62,6,9,4,98,0,0
39,390504,1,2,1,11,8,17,10,12,6,1,0,39,1,12,402,12402,14,2004,1FMYU03104DA,1,F,M,Y,U,0,3,1,0,4,D,A,0,0,0,000000000,00000000000,0,0,0,1,0,0,0,0,0,0,0,50,0,0,0,12,6,2,12,0,0,0,1,39,43844,6,1,0,0,3,3,65,160,0,0,0,0,0,0,0,0,0,0,0,0,0,0,1,2,55,2,1,2,2,0,0,14,62,3,2,1,48,0,0
39,390504,2,2,1,11,8,17,10,12,6,1,0,39,1,20,16,20016,4,2000,1G1JF5241Y71,1,G,1,J,F,5,2,4,1,Y,7,1,0,0,0,000000000,00000000000,0,0,0,1,0,0,0,0,0,0,0,998,0,0,0,63,6,2,12,0,0,0,1,39,43812,6,1,0,0,3,0,66,150,0,0,0,0,0,0,0,0,0,4,28,0,0,0,1,2,55,3,1,2,2,0,0,14,10,1,1,2,48,1,1
39,390505,1,1,2,23,7,10,9,1,0,1,0,39,2,20,421,20421,15,2002,1GNCT18W92K1,1,G,N,C,T,1,8,W,9,2,K,1,0,0,0,000000000,00000000000,0,0,0,1,0,0,0,0,0,0,0,50,0,1,6,0,6,2,1,0,0,0,1,39,43031,6,1,0,0,3,0,62,105,0,0,0,0,0,0,0,0,0,0,36,0,0,0,1,3,65,3,2,2,2,0,0,16,19,12,5,5,2,1,0
39,390506,1,2,1,16,8,14,20,12,6,1,0,39,1,6,52,6052,6,2002,3C8FY68B02T3,3,C,8,F,Y,6,8,B,0,2,T,3,0,0,0,000000000,00000000000,0,0,0,1,0,0,0,0,0,0,0,25,0,0,0,1,4,3,12,0,0,0,1,39,45042,6,1,0,0,3,3,62,135,0,0,0,0,0,0,0,0,0,0,0,0,0,0,1,2,25,1,1,2,1,0,0,11,15,1,1,1,68,0,0
39,390506,2,2,1,16,8,14,20,12,6,1,0,39,1,76,732,76732,90,2004,JYACE13C34A0,J,Y,A,C,E,1,3,C,3,4,A,0,0,0,0,000000000,00000000000,0,0,0,1,0,0,0,0,0,0,0,998,0,0,0,12,2,5,12,0,0,0,1,39,45042,6,1,0,0,3,0,69,180,0,1,0,3,0,6,2013,1,2014,4,0,0,0,0,1,2,25,1,1,2,1,0,0,1,6,1,1,1,69,1,0
39,390507,1,4,2,20,8,11,30,12,1,1,0,26,2,12,402,12402,14,2014,1FMCU0GXXEUB,1,F,M,C,U,0,G,X,X,E,U,B,0,0,0,000000000,00000000000,0,0,0,1,0,0,0,0,0,0,0,998,0,0,0,6,6,2,12,0,0,0,1,26,48843,6,1,0,0,3,3,74,255,0,0,0,0,0,0,0,0,0,0,0,0,0,0,2,4,60,1,1,2,1,3,3,2,53,1,1,1,25,2,0
39,390507,2,4,1,20,8,11,30,12,1,1,0,26,1,63,36,63036,6,2007,KNAFG5267770,K,N,A,F,G,5,2,6,7,7,7,0,0,0,0,000000000,00000000000,0,0,0,1,0,0,0,0,0,0,0,0,0,1,1,6,6,2,12,0,0,0,1,26,48188,6,1,0,0,3,0,69,140,0,0,0,0,0,0,0,0,0,0,0,0,0,0,2,4,60,1,1,2,1,3,3,5,53,1,1,1,98,0,0
39,390507,3,4,2,20,8,11,30,12,1,1,0,39,1,20,481,20481,31,2007,1GCEC19Z67E1,1,G,C,E,C,1,9,Z,6,7,E,1,0,0,0,000000000,00000000000,0,0,0,1,0,0,0,0,0,0,0,20,0,0,0,11,6,2,12,0,0,0,1,39,43334,6,1,0,0,3,0,70,170,0,0,0,0,0,0,0,0,0,0,0,0,0,0,1,2,45,1,1,2,1,3,3,1,66,1,1,1,98,0,0
39,390507,4,4,2,20,8,11,30,12,1,1,0,31,3,84,881,84881,66,2011,3HSCUAPR0BN1,3,H,S,C,U,A,P,R,0,B,N,1,1,1,57,53467,5753467,3,6,1,1,0,0,0,0,0,0,0,63,0,0,0,12,6,2,12,0,0,0,1,47,37037,6,1,6,0,3,0,68,200,1,0,0,0,0,10,2013,10,2013,0,26,0,0,0,2,4,60,1,1,2,1,3,3,1,52,1,1,1,24,0,0
39,390508,1,2,1,11,8,5,26,12,1,1,0,17,3,85,884,85884,66,2001,1XKTDB9X21J8,1,X,K,T,D,B,9,X,2,1,J,8,1,1,57,241572,57241572,3,6,1,1,0,0,0,0,0,0,0,998,0,0,0,12,6,2,12,42,0,0,1,29,63052,6,1,6,3,3,0,71,210,0,0,0,0,0,0,0,0,0,9,26,0,0,0,2,3,70,1,1,2,1,0,0,1,51,1,1,1,24,0,0
39,390508,2,2,1,11,8,5,26,12,1,1,0,39,1,21,20,21020,2,1992,1G3WR14X9ND3,1,G,3,W,R,1,4,X,9,N,D,3,0,0,0,000000000,00000000000,0,0,0,1,0,0,0,0,0,0,0,998,0,0,0,6,6,2,12,0,0,0,1,39,43205,6,1,0,0,3,3,68,160,0,0,0,0,0,0,0,0,0,9,99,99,99,99,2,3,70,1,1,2,1,0,0,1,53,1,1,1,25,1,0
39,390509,1,2,2,13,8,19,9,12,6,1,0,39,1,52,37,52037,2,2003,4A3AC84H63E1,4,A,3,A,C,8,4,H,6,3,E,1,0,0,0,000000000,00000000000,0,0,0,1,0,0,0,0,0,0,0,998,0,0,0,82,6,2,12,0,0,0,1,39,44805,6,1,0,0,3,3,70,235,0,0,0,0,0,0,0,0,0,0,38,0,0,0,1,2,55,1,2,2,1,20,3,1,17,1,1,1,87,1,0
39,390509,2,2,1,13,8,19,9,12,6,1,0,39,3,20,461,20461,29,2011,1GCWGGCG2B11,1,G,C,W,G,G,C,G,2,B,1,1,0,0,0,000000000,00000000000,0,0,0,1,0,0,0,0,0,0,0,55,0,0,0,12,6,2,12,0,0,0,1,39,44710,6,1,0,0,3,0,73,218,2,0,0,0,1,3,2014,4,2014,0,0,0,0,0,1,2,55,1,2,2,1,0,0,1,66,1,1,1,86,0,0
39,390510,1,3,2,14,8,14,30,12,6,1,0,39,2,12,37,12037,4,2011,1FAHP3EN5BW2,1,F,A,H,P,3,E,N,5,B,W,2,0,0,0,000000000,00000000000,0,0,0,1,0,0,0,0,0,0,0,15,0,0,0,82,6,2,12,0,0,0,1,39,43302,6,1,0,0,3,3,64,110,1,0,0,1,1,12,2012,11,2013,0,38,0,0,0,1,2,45,1,1,2,1,0,0,11,15,1,1,2,68,0,0
39,390510,2,3,1,14,8,14,30,12,6,1,0,39,1,34,709,34709,80,1977,6121198,6,1,2,1,1,9,8,,,,,,0,0,0,000000000,00000000000,0,0,0,1,0,0,0,0,0,0,0,998,0,0,0,12,6,2,12,0,0,0,1,39,43302,6,1,0,0,3,0,72,220,0,0,0,0,0,0,0,0,0,0,0,0,0,0,1,2,45,1,1,2,1,0,0,1,62,1,1,1,69,1,0
39,390510,3,3,8,14,8,14,30,12,6,1,0,39,1,12,422,12422,15,2004,1FMPU16W54LA,1,F,M,P,U,1,6,W,5,4,L,A,0,0,0,000000000,00000000000,0,0,0,1,0,0,0,0,0,0,0,15,0,0,0,63,2,5,54,0,0,0,1,39,43314,6,1,0,0,3,3,65,195,0,0,0,0,0,0,0,0,0,0,0,0,0,0,1,2,45,1,1,2,1,0,0,2,18,1,1,1,98,0,0
39,390511,2,1,4,29,7,21,50,59,0,1,0,39,2,2,404,2404,14,2005,1J4GR48K45C5,1,J,4,G,R,4,8,K,4,5,C,5,0,0,0,000000000,00000000000,0,0,0,1,0,0,0,0,0,0,0,25,0,0,0,99,6,9,14,0,0,0,1,39,45804,0,0,0,0,0,0,999,999,99,99,99,99,99,99,9999,99,9999,9,99,99,99,99,1,2,25,1,1,1,1,0,0,1,13,1,1,4,1,1,0
39,390512,1,2,1,15,8,16,15,12,6,1,0,39,1,63,38,63038,4,2011,KNAFT4A24B53,K,N,A,F,T,4,A,2,4,B,5,3,0,0,0,000000000,00000000000,0,0,0,1,0,0,0,0,0,0,0,5,0,0,0,81,4,9,12,0,0,0,1,39,44312,6,1,0,0,3,0,71,210,2,0,0,0,1,4,2014,4,2014,0,38,0,0,0,1,2,45,1,2,2,1,20,3,11,17,1,1,1,76,0,0
39,390512,2,2,1,15,8,16,15,12,6,1,0,39,1,73,706,73706,80,1987,JKBVNAA11HA0,J,K,B,V,N,A,A,1,1,H,A,0,0,0,0,000000000,00000000000,0,0,0,1,0,0,0,0,0,0,0,998,0,0,0,12,6,2,12,0,0,0,1,39,44305,6,1,0,0,3,3,75,240,0,0,0,0,0,0,0,0,0,0,0,0,0,0,1,2,45,1,2,2,1,0,0,1,65,1,1,1,77,1,0
39,390513,1,2,1,15,8,15,0,12,6,1,0,39,1,49,43,49043,4,1997,4T1BF12B4VU1,4,T,1,B,F,1,2,B,4,V,U,1,0,0,0,000000000,00000000000,0,0,0,1,0,0,0,0,0,0,0,998,0,0,0,81,6,2,12,0,0,0,1,39,43214,6,1,0,0,3,3,63,135,0,0,0,0,0,0,0,0,0,0,38,0,0,0,1,2,55,1,1,2,1,20,3,4,17,1,1,1,87,1,0
39,390513,2,2,1,15,8,15,0,12,6,1,0,39,3,84,890,84890,66,1992,2HSFBBBR9NC0,2,H,S,F,B,B,B,R,9,N,C,0,1,3,57,1649958,571649958,3,6,4,1,0,0,0,0,0,0,0,55,0,0,0,12,6,2,12,42,0,0,1,39,43542,6,1,6,1,3,0,67,220,0,5,0,5,1,10,2011,7,2014,0,0,0,0,0,1,2,55,1,1,2,1,0,0,1,66,3,2,1,86,0,0
39,390514,1,2,1,18,8,6,12,12,6,1,0,39,1,12,481,12481,31,2000,1FTNF21FXYEA,1,F,T,N,F,2,1,F,X,Y,E,A,1,3,0,000000000,00000000000,0,0,0,1,0,0,0,0,0,0,0,55,0,1,5,12,6,2,12,0,0,0,1,39,44833,6,1,0,0,3,3,74,250,0,1,0,5,0,8,2011,3,2014,0,0,0,0,0,1,2,55,1,1,2,1,0,0,1,66,1,1,1,88,0,0
39,390514,2,2,1,18,8,6,12,12,6,1,0,39,1,20,22,20022,2,2007,1G1AP18PX773,1,G,1,A,P,1,8,P,X,7,7,3,0,0,0,000000000,00000000000,0,0,0,1,0,0,0,0,0,0,0,66,0,0,0,61,6,2,12,0,0,0,1,39,44902,6,1,0,0,3,3,72,310,0,2,0,2,1,1,2012,5,2013,3,38,0,0,0,1,2,55,1,1,2,1,20,3,4,17,1,1,1,89,1,0
39,390516,1,2,2,10,8,2,25,12,6,1,0,39,1,72,706,72706,80,2007,1HD1JA5187Y0,1,H,D,1,J,A,5,1,8,7,Y,0,0,0,0,000000000,00000000000,0,0,0,1,0,0,0,0,0,0,0,29,0,0,0,12,2,3,12,0,0,0,1,39,43903,6,1,0,0,3,0,74,215,0,0,0,0,0,0,0,0,0,0,0,0,0,0,1,2,35,1,2,2,1,0,0,1,67,3,2,1,69,1,1
39,390516,2,2,1,10,8,2,25,12,6,1,0,39,2,2,404,2404,14,1997,1J4GZ58S8VC6,1,J,4,G,Z,5,8,S,8,V,C,6,0,0,0,000000000,00000000000,0,0,0,1,0,0,0,0,0,0,0,10,0,0,0,81,4,3,12,0,0,0,1,39,43952,6,1,0,0,3,0,70,170,0,0,0,0,0,0,0,0,0,0,38,0,0,0,1,2,35,1,2,2,1,20,3,11,17,1,1,1,68,0,1
39,390517,1,1,1,8,8,6,44,1,0,1,0,39,1,72,706,72706,80,1996,1HD1BJL45TY0,1,H,D,1,B,J,L,4,5,T,Y,0,0,0,0,000000000,00000000000,0,0,0,1,0,0,0,0,0,0,0,65,0,0,0,0,6,2,1,0,0,0,1,39,43062,6,1,0,0,3,3,75,228,0,0,0,0,0,0,0,0,0,0,6,0,0,0,6,1,65,3,2,2,1,0,0,14,13,1,9,4,5,1,1
39,390518,1,1,1,9,8,2,42,42,0,1,0,39,1,12,37,12037,5,2013,1FADP3K27DL1,1,F,A,D,P,3,K,2,7,D,L,1,0,0,0,000000000,00000000000,0,0,0,1,0,0,0,0,0,0,0,998,0,0,0,12,6,2,42,0,0,0,1,39,44662,6,1,0,0,3,3,71,220,0,0,0,3,1,6,2013,2,2014,4,0,0,0,0,1,2,45,1,2,2,1,0,0,1,13,99,9,4,5,1,1
39,390519,1,2,1,14,8,17,21,12,6,1,0,39,1,20,2,20002,4,2003,2G1WF52E8393,2,G,1,W,F,5,2,E,8,3,9,3,0,0,0,000000000,00000000000,0,0,0,1,0,0,0,0,0,0,0,998,0,0,0,9,6,2,12,0,0,0,1,39,44870,6,1,0,0,3,3,62,179,0,0,0,0,0,0,0,0,0,0,38,0,0,0,1,2,55,1,1,2,1,20,3,11,15,1,1,1,82,1,0
39,390519,2,2,3,14,8,17,21,12,6,1,0,39,2,6,441,6441,20,2011,2A4RR5DG7BR7,2,A,4,R,R,5,D,G,7,B,R,7,0,0,0,000000000,00000000000,0,0,0,1,0,0,0,0,0,0,0,55,0,0,0,12,6,2,12,0,0,0,1,39,44824,6,1,0,0,3,3,67,140,0,0,0,0,0,0,0,0,0,0,0,0,0,0,1,2,55,1,1,2,1,0,0,1,66,1,1,1,83,0,0
39,390520,1,2,1,17,8,15,0,43,0,1,0,39,2,7,24,7024,4,2012,2C3CDXCT5CH1,2,C,3,C,D,X,C,T,5,C,H,1,0,0,0,000000000,00000000000,0,0,0,1,0,0,0,0,0,0,0,998,0,1,3,12,6,2,1,0,0,0,1,39,43953,6,1,0,0,3,3,69,185,0,0,0,0,0,0,0,0,0,4,28,0,0,0,2,2,70,2,2,1,1,0,0,14,12,1,1,4,6,1,1
39,390520,2,2,4,17,8,15,0,43,0,1,0,48,1,7,482,7482,31,2005,1D7HA18D85S1,1,D,7,H,A,1,8,D,8,5,S,1,0,0,0,000000000,00000000000,0,0,0,1,0,0,0,0,0,0,0,65,0,0,0,18,2,5,54,0,0,0,1,48,75643,6,1,0,0,3,0,999,999,0,0,0,0,0,0,0,0,0,0,0,0,0,0,2,2,70,3,2,1,1,0,0,14,62,7,7,2,98,0,0
39,390522,1,2,1,19,8,19,42,12,6,1,0,26,1,42,42,42042,4,2010,WDDGF8BB3AF4,W,D,D,G,F,8,B,B,3,A,F,4,0,0,0,000000000,00000000000,0,0,0,1,0,0,0,0,0,0,0,50,0,0,0,12,6,2,12,0,0,0,1,26,48197,6,1,0,0,3,3,64,125,1,1,0,0,0,5,2012,8,2012,0,39,0,0,0,1,2,55,1,2,2,1,20,3,1,54,3,2,2,86,0,0
39,390522,2,2,4,19,8,19,42,12,6,1,0,39,2,6,441,6441,20,2003,2C4GP34383R1,2,C,4,G,P,3,4,3,8,3,R,1,0,0,0,000000000,00000000000,0,0,0,1,0,0,0,0,0,0,0,55,0,0,0,81,6,2,12,0,0,0,1,39,44287,6,1,0,0,3,3,70,185,1,0,0,0,1,3,2012,8,2012,0,0,0,0,0,1,2,55,1,2,2,1,0,0,1,66,3,2,2,87,2,0
39,390525,1,3,1,26,8,7,25,12,2,1,0,39,1,6,441,6441,20,2007,2A4GP54L27R1,2,A,4,G,P,5,4,L,2,7,R,1,0,0,0,000000000,00000000000,0,0,0,1,0,0,0,0,0,0,0,998,0,1,1,12,6,2,12,0,0,0,1,39,43050,6,1,0,0,3,3,69,145,1,0,0,2,1,2,2012,4,2014,9,28,0,0,0,1,2,55,1,1,2,1,0,0,1,10,1,1,2,50,1,0
39,390525,2,3,1,26,8,7,25,12,2,1,0,39,2,6,43,6043,2,2004,1C3EL65R14N3,1,C,3,E,L,6,5,R,1,4,N,3,0,0,0,000000000,00000000000,0,0,0,1,0,0,0,0,0,0,0,998,0,0,0,12,6,2,12,0,0,0,1,39,43050,6,1,0,0,3,0,65,145,0,0,0,0,0,0,0,0,0,9,0,0,0,0,1,2,55,1,1,2,1,0,0,1,62,1,1,1,51,0,0
39,390525,3,3,1,26,8,7,25,12,2,1,0,39,1,12,481,12481,31,2013,1FTFX1EF4DFC,1,F,T,F,X,1,E,F,4,D,F,C,0,0,0,000000000,00000000000,0,0,0,1,0,0,0,0,0,0,0,51,0,0,0,12,6,2,12,0,0,0,1,39,43019,6,1,0,0,3,0,72,200,0,0,0,0,0,0,0,0,0,0,0,0,0,0,1,2,55,1,1,2,1,0,0,1,62,1,1,1,98,0,0
39,390526,1,1,2,17,8,12,53,42,0,1,0,39,1,22,22,22022,4,2007,1G2ZG58NX742,1,G,2,Z,G,5,8,N,X,7,4,2,0,0,0,000000000,00000000000,0,0,0,1,0,0,0,0,0,0,0,25,0,0,0,12,6,2,42,0,0,0,1,39,45327,6,1,0,0,3,3,69,165,1,0,0,0,4,9,2011,5,2014,0,6,0,0,0,2,4,35,1,2,2,1,0,0,1,12,1,9,4,10,1,0
39,390528,1,3,2,13,8,10,34,12,8,1,0,39,1,63,441,63441,20,2012,KNDMG4C74C65,K,N,D,M,G,4,C,7,4,C,6,5,0,0,0,000000000,00000000000,0,0,0,1,0,0,0,0,0,0,0,35,0,0,0,12,0,5,12,0,0,0,1,39,43147,6,1,0,0,3,0,68,200,0,0,0,0,0,0,0,0,0,0,0,0,0,0,1,2,35,1,2,2,1,0,0,1,62,1,1,1,98,1,0
39,390528,2,3,1,13,8,10,34,12,8,1,0,39,1,35,51,35051,6,2008,JN8AS58V48W1,J,N,8,A,S,5,8,V,4,8,W,1,0,0,0,000000000,00000000000,0,0,0,1,0,0,0,0,0,0,0,40,0,0,0,61,2,5,12,0,0,0,1,39,43068,6,1,0,0,3,3,64,175,0,0,0,0,0,0,0,0,0,3,0,0,0,0,1,2,35,1,2,2,1,0,0,1,62,1,1,1,65,0,0
39,390528,3,3,1,13,8,10,34,12,8,1,0,39,1,12,17,12017,4,1999,1FAFP53U9XA3,1,F,A,F,P,5,3,U,9,X,A,3,0,0,0,000000000,00000000000,0,0,0,1,0,0,0,0,0,0,0,35,0,0,0,61,9,5,12,0,0,0,1,39,43232,6,1,0,0,3,3,72,250,1,0,0,1,0,9,2011,2,2014,0,28,0,0,0,1,2,35,1,2,2,1,0,0,1,10,1,1,2,64,0,0
39,390529,1,2,1,15,8,11,24,12,2,1,0,47,3,6,441,6441,20,1995,1C4GH54L0SX5,1,C,4,G,H,5,4,L,0,S,X,5,0,0,0,000000000,00000000000,0,0,0,1,0,0,0,0,0,0,0,40,0,0,0,12,6,9,12,0,0,0,1,47,37863,6,1,0,0,3,3,72,220,0,0,0,0,0,0,0,0,0,3,28,0,0,0,1,4,35,4,1,2,1,0,0,1,10,1,1,2,50,1,0
39,390529,2,2,1,15,8,11,24,12,2,1,0,39,1,37,402,37402,14,2013,2HKRM4H71DH6,2,H,K,R,M,4,H,7,1,D,H,6,0,0,0,000000000,00000000000,0,0,0,1,0,0,0,0,0,0,0,40,0,0,0,12,6,9,12,0,0,0,1,39,45233,6,1,0,0,3,0,62,115,0,0,0,0,0,0,0,0,0,3,0,0,0,0,1,4,35,4,1,2,1,0,0,1,62,1,1,1,51,0,0
39,390530,1,1,1,4,9,3,10,42,0,1,0,39,2,20,20,20020,4,1997,2G1WL52M2V92,2,G,1,W,L,5,2,M,2,V,9,2,0,0,0,000000000,00000000000,0,0,0,1,0,0,0,0,0,0,0,998,0,1,5,9,6,8,42,0,0,0,1,39,43232,1,1,0,0,2,0,70,140,0,1,0,0,0,4,2014,4,2014,0,27,0,0,0,1,2,98,2,1,2,1,0,0,14,13,99,9,4,5,1,1
39,390531,1,1,1,29,8,15,49,8,0,1,0,39,1,7,43,7043,4,2006,1B3EL46X66N1,1,B,3,E,L,4,6,X,6,6,N,1,0,0,0,000000000,00000000000,0,0,0,1,0,0,0,0,0,0,0,77,0,0,0,9,6,2,8,0,0,0,1,39,43725,6,1,0,0,3,3,68,140,0,0,0,0,1,8,2014,8,2014,0,26,0,0,0,2,4,70,1,1,2,1,0,0,17,13,7,9,4,13,0,0
39,390532,1,1,1,24,8,16,33,35,0,1,0,39,1,72,706,72706,80,1999,1HD1BKL13XY0,1,H,D,1,B,K,L,1,3,X,Y,0,0,0,0,000000000,00000000000,0,0,0,1,0,0,0,0,0,0,0,55,0,0,0,12,6,9,35,0,0,0,1,39,43830,6,1,0,0,3,3,69,175,0,0,0,0,0,0,0,0,0,0,28,0,0,0,2,2,55,2,1,2,1,0,0,1,12,1,1,4,6,1,0
39,390533,1,1,1,28,8,17,20,34,0,1,0,39,2,20,37,20037,4,1998,1G1ND52T3WY1,1,G,1,N,D,5,2,T,3,W,Y,1,0,0,0,000000000,00000000000,0,0,0,1,0,0,0,0,0,0,0,998,0,1,5,62,6,2,1,0,0,0,1,39,44811,6,1,0,0,3,0,65,150,1,1,0,4,1,2,2013,7,2014,9,27,0,0,0,1,2,55,3,1,2,1,0,0,14,12,3,2,4,7,1,1
39,390534,1,2,1,22,8,22,11,12,6,1,0,39,1,77,706,77706,80,2012,5VPWB36N8C30,5,V,P,W,B,3,6,N,8,C,3,0,0,0,0,000000000,00000000000,0,0,0,1,0,0,0,0,0,0,0,998,0,0,0,11,6,8,12,0,0,0,1,39,43612,6,1,0,0,3,0,72,230,0,2,0,1,1,12,2011,7,2014,0,0,0,0,0,1,4,30,1,1,2,1,3,3,1,62,1,1,1,69,1,0
39,390534,2,2,2,22,8,22,11,12,6,1,0,26,2,37,32,37032,4,2000,1HGCG564XYA0,1,H,G,C,G,5,6,4,X,Y,A,0,0,0,0,000000000,00000000000,0,0,0,1,0,0,0,0,0,0,0,10,0,0,0,11,6,2,12,0,0,0,1,26,48227,6,1,0,0,3,0,64,225,0,0,0,0,0,0,0,0,0,0,38,0,0,0,1,4,30,1,1,2,1,3,3,11,15,1,1,1,68,0,0
39,390535,1,1,1,30,8,18,25,34,0,1,0,39,1,72,706,72706,80,2005,1HD1BVB155Y0,1,H,D,1,B,V,B,1,5,5,Y,0,0,0,0,000000000,00000000000,0,0,0,1,0,0,0,0,0,0,0,998,0,0,0,12,6,2,34,0,0,0,1,39,43301,6,1,0,0,3,3,73,180,0,0,0,0,0,0,0,0,0,4,27,0,0,0,1,2,55,1,1,2,1,0,0,6,13,1,1,4,1,1,1
39,390536,1,1,1,1,9,23,7,30,0,1,0,39,2,12,481,12481,31,2001,1FTRW08W01KE,1,F,T,R,W,0,8,W,0,1,K,E,0,0,0,000000000,00000000000,0,0,0,1,0,0,0,0,0,0,0,998,0,0,0,1,6,2,35,0,0,0,1,39,45692,6,1,6,0,3,3,77,270,0,0,0,2,0,10,2011,7,2012,0,6,0,0,0,1,2,55,1,1,2,1,0,0,1,13,99,1,4,1,1,0
39,390537,1,1,1,21,7,18,15,31,0,1,0,39,1,13,5,13005,4,1989,1LNLM9847KY7,1,L,N,L,M,9,8,4,7,K,Y,7,0,0,0,000000000,00000000000,0,0,0,1,0,0,0,0,0,0,0,998,0,0,0,12,6,2,30,0,0,0,1,39,44319,6,1,0,0,3,3,69,165,0,0,0,0,0,0,0,0,0,0,28,0,0,0,1,2,40,3,1,2,1,0,0,14,13,1,1,4,1,1,0
39,390538,1,1,1,30,8,20,2,1,0,1,0,39,1,98,739,98739,90,2003,5B6BD31343B0,5,B,6,B,D,3,1,3,4,3,B,0,0,0,0,000000000,00000000000,0,0,0,1,0,0,0,0,0,0,0,30,0,2,1,0,2,3,1,0,0,0,1,39,44833,1,1,0,0,2,0,66,185,1,11,2,0,2,9,2011,8,2014,4,6,0,0,0,1,2,55,1,1,2,1,0,0,1,6,3,7,3,98,1,1