STATE,ST_CASE,VEH_NO,VE_FORMS,NUMOCCS,DAY,MONTH,HOUR,MINUTE,HARM_EV,MAN_COLL,UNITTYPE,HIT_RUN,REG_STAT,OWNER,MAKE,MODEL,MAK_MOD,BODY_TYP,MOD_YEAR,VIN,VIN_1,VIN_2,VIN_3,VIN_4,VIN_5,VIN_6,VIN_7,VIN_8,VIN_9,VIN_10,VIN_11,VIN_12,TOW_VEH,J_KNIFE,MCARR_I1,MCARR_I2,MCARR_ID,GVWR,V_CONFIG,CARGO_BT,HAZ_INV,HAZ_PLAC,HAZ_ID,HAZ_CNO,HAZ_REL,BUS_USE,SPEC_USE,EMER_USE,TRAV_SP,UNDERIDE,ROLLOVER,ROLINLOC,IMPACT1,DEFORMED,TOWED,M_HARM,VEH_SC1,VEH_SC2,FIRE_EXP,DR_PRES,L_STATE,DR_ZIP,L_STATUS,L_TYPE,CDL_STAT,L_ENDORS,L_COMPL,L_RESTRI,DR_HGT,DR_WGT,PREV_ACC,PREV_SUS,PREV_DWI,PREV_SPD,PREV_OTH,FIRST_MO,FIRST_YR,LAST_MO,LAST_YR,SPEEDREL,DR_SF1,DR_SF2,DR_SF3,DR_SF4,VTRAFWAY,VNUM_LAN,VSPD_LIM,VALIGN,VPROFILE,VPAVETYP,VSURCOND,VTRAFCON,VTCONT_F,P_CRASH1,P_CRASH2,P_CRASH3,PCRASH4,PCRASH5,ACC_TYPE,DEATHS,DR_DRINK
39,390539,1,1,1,31,8,4,14,32,0,1,0,39,1,54,38,54038,3,2002,JH4DC53842C0,J,H,4,D,C,5,3,8,4,2,C,0,0,0,0,000000000,00000000000,0,0,0,1,0,0,0,0,0,0,0,998,0,0,0,12,6,2,32,0,0,0,1,39,43078,6,1,0,0,3,0,68,155,0,0,0,3,2,2,2013,4,2014,0,0,0,0,0,1,2,55,1,1,2,1,0,0,1,12,1,9,4,10,1,1
39,390540,1,1,1,7,9,21,41,24,0,1,0,39,1,72,706,72706,80,1995,1HD1BKL17SY0,1,H,D,1,B,K,L,1,7,S,Y,0,0,0,0,000000000,00000000000,0,0,0,1,0,0,0,0,0,0,0,998,0,0,0,9,6,2,1,0,0,0,1,39,43015,6,1,0,0,3,0,71,245,0,0,0,2,0,2,2012,6,2014,0,0,0,0,0,1,2,55,2,2,2,1,0,0,14,12,1,1,4,6,1,1
39,390541,1,2,1,8,8,23,4,12,6,1,0,39,1,6,52,6052,6,2003,3C8FY68B23T5,3,C,8,F,Y,6,8,B,2,3,T,5,0,0,0,000000000,00000000000,0,0,0,1,0,0,0,0,0,0,0,998,0,0,0,12,6,2,12,0,0,0,1,39,43605,6,1,0,0,3,0,67,155,0,1,0,0,2,11,2011,1,2014,4,39,0,0,0,1,2,30,1,1,2,1,20,3,1,17,1,1,1,86,0,1
39,390541,2,2,1,8,8,23,4,12,6,1,0,39,1,59,32,59032,4,1994,JT8UF11E3R02,J,T,8,U,F,1,1,E,3,R,0,2,0,0,0,000000000,00000000000,0,0,0,1,0,0,0,0,0,0,0,998,0,1,5,81,6,2,12,0,0,0,1,39,43609,6,1,0,0,3,0,68,240,1,0,0,1,1,4,2012,7,2013,0,0,0,0,0,1,5,40,1,1,2,1,0,0,1,66,1,1,1,87,1,0
39,390542,1,1,1,25,8,19,18,8,0,1,0,39,3,92,989,92989,52,2008,15GGD2710810,1,5,G,G,D,2,7,1,0,8,1,0,0,0,99,999999999,99999999999,2,21,22,1,0,0,0,0,6,3,0,10,0,0,0,83,0,5,8,0,0,0,1,39,45424,6,1,6,1,3,0,71,315,0,0,0,0,0,0,0,0,0,0,0,0,0,0,1,2,35,1,1,2,1,0,0,4,81,1,1,1,13,0,0
39,390543,1,2,3,19,7,18,0,12,6,1,0,39,2,20,24,20024,6,2009,1GNER13DX9S1,1,G,N,E,R,1,3,D,X,9,S,1,0,0,0,000000000,00000000000,0,0,0,1,0,0,0,0,0,0,0,55,0,0,0,11,6,2,12,0,0,0,1,39,44802,6,1,0,0,3,3,70,170,0,0,0,0,0,0,0,0,0,0,0,0,0,0,1,2,55,1,1,2,1,0,0,1,62,1,1,1,90,0,0
39,390543,2,2,1,19,7,18,0,12,6,1,0,39,1,7,402,7402,14,1999,1B4HS28Y7XF6,1,B,4,H,S,2,8,Y,7,X,F,6,0,0,0,000000000,00000000000,0,0,0,1,0,0,0,0,0,0,0,10,0,1,5,1,6,2,12,0,0,1,1,39,44830,6,1,0,0,3,3,70,200,0,0,0,0,0,0,0,0,0,0,38,0,0,0,1,2,55,1,1,2,1,20,3,1,17,1,1,1,90,1,0
39,390544,1,1,1,28,7,5,0,8,0,1,0,39,1,6,441,6441,20,2002,2C4GP74LX2R5,2,C,4,G,P,7,4,L,X,2,R,5,0,0,0,000000000,00000000000,0,0,0,1,0,0,0,0,0,0,0,30,0,0,0,1,2,3,8,0,0,0,1,39,43606,6,1,6,0,3,0,67,205,0,0,0,0,0,0,0,0,0,0,0,0,0,0,1,4,35,1,1,2,1,3,3,1,80,1,1,1,13,0,0
39,390546,1,2,1,16,8,22,48,12,6,1,0,39,1,35,471,35471,30,1987,JN6ND16S4HW0,J,N,6,N,D,1,6,S,4,H,W,0,0,0,0,000000000,00000000000,0,0,0,1,0,0,0,0,0,0,0,25,0,0,0,1,4,8,12,0,0,0,1,39,45431,6,1,0,0,3,0,70,220,0,3,1,0,2,10,2011,6,2014,0,38,0,0,0,1,4,35,1,2,2,1,0,0,11,15,1,1,1,68,0,0
39,390546,2,2,2,16,8,22,48,12,6,1,0,39,1,72,706,72706,80,2008,1HD1FS4418Y6,1,H,D,1,F,S,4,4,1,8,Y,6,0,0,0,000000000,00000000000,0,0,0,1,0,0,0,0,0,0,0,35,0,0,0,12,6,2,30,0,0,0,1,39,45402,6,1,6,0,3,3,72,240,0,0,0,1,0,11,2011,11,2011,0,0,0,0,0,1,4,35,1,2,2,1,0,0,1,62,1,1,1,69,1,0
39,390547,1,2,1,20,8,14,35,1,0,1,0,39,1,2,404,2404,14,2003,1J4GW48S93C6,1,J,4,G,W,4,8,S,9,3,C,6,0,0,0,000000000,00000000000,0,0,0,1,0,0,0,0,0,0,0,20,0,0,0,1,6,2,12,0,0,0,1,39,45011,0,0,0,0,0,0,999,999,0,0,0,0,0,0,0,0,0,0,38,0,0,0,1,4,35,4,1,1,1,0,0,11,15,1,1,1,98,0,0
39,390547,2,2,2,20,8,14,35,1,0,1,0,39,1,37,705,37705,80,2011,JH2RC5371BK1,J,H,2,R,C,5,3,7,1,B,K,1,0,0,0,000000000,00000000000,0,0,0,1,0,0,0,0,0,0,0,35,0,0,0,0,6,2,12,0,0,0,1,39,45239,6,1,0,0,3,0,66,175,0,0,0,0,0,0,0,0,0,0,0,0,0,0,1,4,35,4,1,1,1,0,0,1,98,3,4,2,98,1,0
39,390548,1,2,1,27,8,5,50,12,2,1,0,39,2,6,41,6041,4,1999,2C3HD46J1XH5,2,C,3,H,D,4,6,J,1,X,H,5,0,0,0,000000000,00000000000,0,0,0,1,0,0,0,0,0,0,0,998,0,0,0,12,6,2,12,0,0,0,1,39,45157,6,1,0,0,3,0,67,125,1,1,0,0,1,8,2011,6,2013,0,28,0,0,0,1,2,55,1,1,2,1,0,0,1,10,1,1,2,50,1,0
39,390548,2,2,1,27,8,5,50,12,2,1,0,39,1,12,481,12481,31,2011,1FTFW1CF7BFD,1,F,T,F,W,1,C,F,7,B,F,D,0,0,0,000000000,00000000000,0,0,0,1,0,0,0,0,0,0,0,55,0,0,0,12,6,2,12,0,0,0,1,39,45013,6,1,0,0,3,3,70,200,0,0,0,0,0,0,0,0,0,0,0,0,0,0,1,2,55,1,1,2,1,0,0,1,62,1,1,1,51,0,0
39,390549,1,1,1,25,8,23,50,59,0,1,0,39,2,20,401,20401,14,2002,1GNDT13W02K2,1,G,N,D,T,1,3,W,0,2,K,2,0,0,0,000000000,00000000000,0,0,0,1,0,0,0,0,0,0,0,998,0,0,0,11,6,2,42,0,0,0,1,39,45011,6,1,0,0,3,3,71,130,3,0,0,1,1,3,2012,7,2014,0,0,0,0,0,1,2,55,2,1,2,1,0,0,14,12,99,9,4,7,1,0
39,390550,1,1,1,1,9,20,50,14,0,1,0,39,1,20,401,20401,14,1996,1GCEK14R0TZ2,1,G,C,E,K,1,4,R,0,T,Z,2,0,0,0,000000000,00000000000,0,0,0,1,0,0,0,0,0,0,0,40,0,0,0,98,6,2,14,0,0,0,1,39,45505,6,1,0,0,3,0,72,240,0,0,0,0,0,0,0,0,0,0,0,0,0,0,1,2,35,1,1,2,1,0,0,1,50,99,9,4,11,1,1
39,390551,1,1,1,31,8,3,55,33,0,1,0,39,2,53,706,53706,80,1991,JS1GV73A4M21,J,S,1,G,V,7,3,A,4,M,2,1,0,0,0,000000000,00000000000,0,0,0,1,0,0,0,0,0,0,0,77,0,0,0,9,6,2,33,0,0,0,1,39,45406,1,1,0,0,2,0,73,195,0,3,0,2,0,2,2012,10,2012,3,0,0,0,0,3,6,50,2,2,1,1,0,0,1,12,1,9,4,10,1,1
39,390552,1,1,1,9,7,8,37,34,0,1,0,39,1,21,2,21002,4,1999,1G3HN52K2X48,1,G,3,H,N,5,2,K,2,X,4,8,0,0,0,000000000,00000000000,0,0,0,1,0,0,0,0,0,0,0,40,0,0,0,82,6,2,35,0,0,0,1,39,43616,6,1,0,0,3,3,72,195,0,0,0,0,0,0,0,0,0,3,28,48,0,0,1,2,35,1,1,2,1,20,3,11,13,1,1,4,1,1,0
39,390553,1,2,1,8,9,7,48,12,2,1,0,39,3,84,983,84983,50,2010,4DRBUAAN5AB1,4,D,R,B,U,A,A,N,5,A,B,1,0,0,88,888888888,88888888888,3,21,22,1,0,0,0,0,1,2,0,25,0,0,0,12,4,8,12,0,0,0,1,39,43212,6,1,6,1,3,3,68,145,2,1,0,0,1,9,2011,9,2014,0,0,0,0,0,1,2,35,1,1,2,1,0,0,1,62,1,1,1,51,0,0
39,390553,2,2,1,8,9,7,48,12,2,1,0,39,1,2,405,2405,14,2003,1J4GL48K53W6,1,J,4,G,L,4,8,K,5,3,W,6,0,0,0,000000000,00000000000,0,0,0,1,0,0,0,0,0,0,0,35,0,0,0,12,6,8,12,0,0,0,1,39,43085,6,1,0,0,3,0,62,155,0,0,0,0,0,0,0,0,0,0,28,0,0,0,1,2,35,1,1,2,1,0,0,15,10,7,9,2,50,1,0
39,390554,1,1,2,22,8,22,55,33,0,1,0,39,1,52,39,52039,2,1996,JA3AM84J4TY0,J,A,3,A,M,8,4,J,4,T,Y,0,0,0,0,000000000,00000000000,0,0,0,1,0,0,0,0,0,0,0,107,0,1,5,61,6,2,42,0,0,0,1,39,45459,6,1,0,0,3,0,74,180,0,0,0,1,0,3,2014,3,2014,3,28,0,0,0,2,2,45,1,1,2,1,0,0,1,6,99,3,4,2,1,0
39,390555,1,1,2,9,9,16,7,43,0,1,0,39,2,20,2,20002,4,2003,2G1WH52K9393,2,G,1,W,H,5,2,K,9,3,9,3,0,0,0,000000000,00000000000,0,0,0,1,0,0,0,0,0,0,0,25,0,1,5,12,6,2,30,0,0,0,1,39,44512,6,1,0,0,3,0,71,280,0,1,0,0,0,9,2014,9,2014,0,0,0,0,0,1,2,55,1,1,2,1,0,0,1,13,99,1,4,1,1,0
39,390556,1,2,1,3,8,22,22,12,2,1,0,39,1,2,404,2404,14,2002,1J8GW58N52C1,1,J,8,G,W,5,8,N,5,2,C,1,0,0,0,000000000,00000000000,0,0,0,1,0,0,0,0,0,0,0,998,0,0,0,12,6,2,12,0,0,0,1,39,44270,6,1,0,0,3,0,68,140,0,0,0,2,0,12,2012,6,2013,9,28,0,0,0,1,2,45,1,1,2,1,0,0,1,10,1,1,2,50,0,0
39,390556,2,2,3,3,8,22,22,12,2,1,0,39,2,9,19,9019,4,1994,3P3AA463XRT2,3,P,3,A,A,4,6,3,X,R,T,2,0,0,0,000000000,00000000000,0,0,0,1,0,0,0,0,0,0,0,998,0,0,0,12,6,2,12,0,0,0,1,39,44333,6,1,0,0,3,0,65,120,0,0,0,0,0,0,0,0,0,9,0,0,0,0,1,2,45,1,1,2,1,0,0,1,62,1,1,1,51,1,0
39,390557,1,1,2,24,8,19,50,35,0,1,0,39,1,20,20,20020,4,1999,2G1WL52M2X91,2,G,1,W,L,5,2,M,2,X,9,1,0,0,0,000000000,00000000000,0,0,0,1,0,0,0,0,0,0,0,998,0,1,5,82,6,2,35,0,0,0,1,39,44216,6,1,0,0,3,0,64,128,1,3,0,0,2,5,2013,8,2014,4,8,0,0,0,1,2,40,1,2,2,1,0,0,1,10,3,2,4,7,1,1
39,390558,1,2,2,24,8,17,0,12,6,1,0,39,2,22,32,22032,6,2005,5Y2SL63875Z4,5,Y,2,S,L,6,3,8,7,5,Z,4,0,0,0,000000000,00000000000,0,0,0,1,0,0,0,0,0,0,0,10,0,0,0,83,6,2,12,0,0,0,1,39,44611,6,1,0,0,3,0,69,190,0,0,0,1,0,4,2014,4,2014,0,38,0,0,0,1,2,55,1,2,2,1,4,3,11,15,3,2,1,68,0,0
39,390558,2,2,2,24,8,17,0,12,6,1,0,39,1,72,706,72706,80,2010,1HD1KEM12AB6,1,H,D,1,K,E,M,1,2,A,B,6,0,0,0,000000000,00000000000,0,0,0,1,0,0,0,0,0,0,0,998,0,0,0,12,6,2,12,0,0,0,1,39,44221,6,1,0,0,3,0,70,180,1,0,0,0,0,11,2011,11,2011,9,0,0,0,0,1,2,55,1,2,2,1,4,3,1,62,1,1,1,69,1,1
39,390559,1,1,3,30,8,1,12,35,0,1,0,92,0,99,998,99998,95,2005,999999999999,9,9,9,9,9,9,9,9,9,9,9,9,0,0,0,000000000,00000000000,0,0,0,1,0,0,0,0,0,0,0,15,0,1,5,61,6,2,1,0,0,0,1,39,44691,6,1,6,0,1,0,72,180,0,0,0,0,0,0,0,0,0,0,27,28,0,0,1,2,55,1,1,2,1,0,0,1,12,1,1,4,6,1,1
39,390560,1,2,1,1,6,11,50,12,6,1,0,39,1,35,47,35047,4,2008,1N4AL21E18C1,1,N,4,A,L,2,1,E,1,8,C,1,0,0,0,000000000,00000000000,0,0,0,1,0,0,0,0,0,0,0,20,0,0,0,3,6,2,12,0,0,0,1,39,44023,6,1,0,0,3,3,66,170,0,0,0,0,0,0,0,0,0,0,0,0,0,0,1,5,35,1,1,2,1,3,3,11,15,1,1,1,68,0,0
39,390560,2,2,1,1,6,11,50,12,6,1,0,39,1,37,705,37705,80,2004,JH2PC37064M1,J,H,2,P,C,3,7,0,6,4,M,1,0,0,0,000000000,00000000000,0,0,0,1,0,0,0,0,0,0,0,998,0,0,0,12,6,2,12,0,0,0,1,39,44023,6,1,0,0,3,0,68,165,0,0,0,2,0,5,2012,8,2013,0,26,27,0,0,1,5,35,1,1,2,1,3,3,6,17,1,1,2,69,1,0
39,390561,1,1,1,30,8,18,52,35,0,1,0,39,1,37,734,37734,90,2005,1HFTE2802540,1,H,F,T,E,2,8,0,2,5,4,0,0,0,0,000000000,00000000000,0,0,0,1,0,0,0,0,0,0,0,35,0,1,5,12,2,3,35,0,0,0,1,39,43358,6,1,0,0,3,0,72,240,0,0,0,0,0,0,0,0,0,0,6,0,0,0,1,2,55,1,1,5,1,0,0,1,19,1,1,9,14,1,1
39,390563,1,2,1,3,9,5,22,12,6,1,0,39,1,12,471,12471,30,2004,1FTZR15E24PA,1,F,T,Z,R,1,5,E,2,4,P,A,0,0,0,000000000,00000000000,0,0,0,1,0,0,0,0,0,0,0,998,0,0,0,12,6,2,12,0,0,0,1,39,45830,6,1,0,0,3,3,73,213,0,0,0,0,0,0,0,0,0,0,0,0,0,0,1,2,55,1,1,2,1,0,0,1,62,1,1,1,93,1,0
39,390563,2,2,1,3,9,5,22,12,6,1,0,47,3,51,881,51881,66,2015,4V4NC9EG1FN1,4,V,4,N,C,9,E,G,1,F,N,1,1,1,57,16130,5716130,3,6,1,1,0,0,0,0,0,0,0,3,0,0,0,9,0,5,12,0,0,0,1,18,46737,6,1,6,0,3,0,72,190,0,0,0,0,0,0,0,0,0,0,38,0,0,0,1,2,55,1,1,2,1,0,0,13,10,1,1,1,92,0,0
39,390564,1,2,1,28,8,14,0,12,6,1,0,51,1,20,498,20498,14,2008,2GCEK13M9812,2,G,C,E,K,1,3,M,9,8,1,2,0,0,0,000000000,00000000000,0,0,0,1,0,0,0,0,0,0,0,45,0,0,0,12,6,2,12,0,0,0,1,51,24614,6,1,0,0,3,0,67,235,1,0,0,0,2,12,2011,8,2014,0,39,0,0,0,1,2,45,1,2,2,1,20,3,1,17,1,1,1,88,0,0
39,390564,2,2,2,28,8,14,0,12,6,1,0,42,1,51,43,51043,6,2007,YV4SZ5924712,Y,V,4,S,Z,5,9,2,4,7,1,2,0,0,0,000000000,00000000000,0,0,0,1,0,0,0,0,0,0,0,998,0,0,0,61,6,2,12,0,0,0,1,42,15015,6,1,0,0,3,3,67,160,0,0,0,0,0,0,0,0,0,9,0,0,0,0,1,2,45,1,2,2,1,0,0,1,66,1,1,1,89,1,0
39,390565,1,2,2,3,9,8,54,12,6,1,0,39,1,12,481,12481,31,2003,2FTRF18233CA,2,F,T,R,F,1,8,2,3,3,C,A,0,0,0,000000000,00000000000,0,0,0,1,0,0,0,0,0,0,0,998,0,1,1,62,6,2,12,0,0,0,1,39,44836,6,1,0,0,3,0,68,185,0,0,0,1,0,8,2013,8,2013,9,39,0,0,0,1,2,55,1,1,2,1,20,3,1,17,1,1,1,89,1,0
39,390565,2,2,1,3,9,8,54,12,6,1,0,39,1,55,35,55035,9,2010,KMHDU4AD3AU9,K,M,H,D,U,4,A,D,3,A,U,9,0,0,0,000000000,00000000000,0,0,0,1,0,0,0,0,0,0,0,998,0,0,0,12,6,2,12,0,0,0,1,39,44857,6,1,0,0,3,3,59,150,0,0,0,1,0,9,2013,9,2013,9,0,0,0,0,1,2,55,1,1,2,1,0,0,1,66,1,1,1,88,1,0
39,390567,1,1,3,23,8,18,42,1,0,1,0,39,2,12,401,12401,14,1998,1FMZU34E5WUA,1,F,M,Z,U,3,4,E,5,W,U,A,0,0,0,000000000,00000000000,0,0,0,1,0,0,0,0,0,0,0,998,0,1,1,0,6,2,1,0,0,0,1,33,44101,1,1,0,0,2,0,69,200,0,1,0,1,1,9,2012,1,2014,9,80,0,0,0,2,3,70,1,2,2,1,0,0,1,1,1,1,6,98,1,1
39,390568,1,2,2,23,8,14,0,12,6,1,0,39,1,12,13,12013,4,1999,1FAFP13P0XW1,1,F,A,F,P,1,3,P,0,X,W,1,0,0,0,000000000,00000000000,0,0,0,1,0,0,0,0,0,0,0,15,0,0,0,62,6,2,12,0,0,0,1,39,44224,6,1,0,0,3,3,65,150,1,0,0,0,0,3,2014,3,2014,0,38,30,0,0,1,2,45,2,2,2,1,0,0,8,19,1,1,6,48,1,0
39,390568,2,2,1,23,8,14,0,12,6,1,0,39,1,20,431,20431,16,2001,1GNFK16T41J3,1,G,N,F,K,1,6,T,4,1,J,3,0,0,0,000000000,00000000000,0,0,0,1,0,0,0,0,0,0,0,45,0,0,0,12,6,2,12,0,0,0,1,39,44202,6,1,0,0,3,0,70,165,0,0,0,0,0,0,0,0,0,0,0,0,0,0,1,2,45,2,2,2,1,0,0,98,64,6,1,1,48,0,0
39,390569,1,2,1,6,9,21,35,12,1,1,0,99,1,98,709,98709,80,2013,999999999999,9,9,9,9,9,9,9,9,9,9,9,9,0,0,0,000000000,00000000000,0,0,0,1,0,0,0,0,0,0,0,998,0,0,0,6,6,2,12,0,0,0,1,39,43528,6,1,0,0,3,0,74,220,0,3,1,0,0,1,2013,4,2013,0,38,0,0,0,1,2,55,1,1,2,1,0,0,11,15,1,1,1,76,1,1
39,390569,2,2,1,6,9,21,35,12,1,1,0,39,2,21,23,21023,4,1998,1G3WS52K3WF3,1,G,3,W,S,5,2,K,3,W,F,3,0,0,0,000000000,00000000000,0,0,0,1,0,0,0,0,0,0,0,50,0,0,0,12,4,3,12,0,0,0,1,39,43528,6,1,0,0,3,3,63,120,0,0,0,0,0,0,0,0,0,0,0,0,0,0,1,2,55,1,1,2,1,0,0,1,70,1,1,1,77,0,0
39,390571,1,2,1,9,9,15,59,12,6,1,0,39,3,12,881,12881,62,2000,3FDXW75R7YMA,3,F,D,X,W,7,5,R,7,Y,M,A,0,0,57,1511737,571511737,2,1,3,1,0,0,0,0,0,0,0,50,0,0,0,11,6,2,12,0,0,0,1,39,45338,6,1,6,0,3,3,68,155,0,0,0,1,0,7,2014,7,2014,0,0,0,0,0,1,2,55,1,2,2,1,0,0,1,62,1,1,1,66,0,0
39,390571,2,2,1,9,9,15,59,12,6,1,0,39,2,20,37,20037,4,1999,1G1NE52M9X61,1,G,1,N,E,5,2,M,9,X,6,1,0,0,0,000000000,00000000000,0,0,0,1,0,0,0,0,0,0,0,998,0,0,0,11,6,2,12,0,0,0,1,39,45359,6,1,0,0,3,0,73,160,0,0,0,1,0,10,2013,10,2013,0,28,0,0,0,1,2,55,1,2,2,1,0,0,1,10,1,1,2,66,1,0
39,390572,1,2,2,7,9,13,0,12,6,1,0,39,1,20,2,20002,4,2004,2G1WH52K7492,2,G,1,W,H,5,2,K,7,4,9,2,0,0,0,000000000,00000000000,0,0,0,1,0,0,0,0,0,0,0,5,0,1,5,83,6,2,12,0,0,0,1,39,43512,6,1,0,0,3,0,67,118,0,0,0,0,0,0,0,0,0,0,38,0,0,0,1,2,55,1,1,2,1,20,3,3,17,1,1,7,87,0,0
39,390572,2,2,5,7,9,13,0,12,6,1,0,39,2,23,431,23431,16,1999,1GKFK16R4XJ7,1,G,K,F,K,1,6,R,4,X,J,7,0,0,0,000000000,00000000000,0,0,0,1,0,0,0,0,0,0,0,998,0,1,5,12,6,2,1,0,0,0,1,39,43548,6,1,6,0,3,0,71,350,1,0,0,0,1,7,2012,1,2014,9,0,0,0,0,1,2,55,1,1,2,1,0,0,1,54,1,1,1,86,1,0
39,390573,1,2,1,8,9,16,30,33,0,1,0,39,1,76,705,76705,80,2005,JYARJ06E95A0,J,Y,A,R,J,0,6,E,9,5,A,0,0,0,0,000000000,00000000000,0,0,0,1,0,0,0,0,0,0,0,998,0,0,0,12,6,2,12,0,0,0,1,39,44906,6,1,0,0,3,0,71,195,0,1,0,0,0,11,2013,11,2013,0,28,0,0,0,1,2,25,1,1,2,1,0,0,1,13,1,1,4,1,1,0
39,390573,2,2,1,8,9,16,30,33,0,1,0,39,2,7,442,7442,20,2008,2D8HN54P68R7,2,D,8,H,N,5,4,P,6,8,R,7,0,0,0,000000000,00000000000,0,0,0,1,0,0,0,0,0,0,0,0,0,0,0,62,6,2,12,0,0,0,1,39,44904,6,1,0,0,3,0,69,200,0,0,0,1,0,7,2012,7,2012,0,0,0,0,0,4,2,25,1,1,2,1,20,3,5,66,1,1,1,98,0,0
39,390574,1,2,1,9,9,8,51,12,6,1,1,39,2,20,421,20421,15,2005,1GNEC13TX5J1,1,G,N,E,C,1,3,T,X,5,J,1,0,0,0,000000000,00000000000,0,0,0,1,0,0,0,0,0,0,0,50,0,0,0,11,6,2,8,0,0,0,1,39,43222,1,1,0,0,2,0,70,175,1,2,1,0,1,9,2012,7,2014,3,99,99,99,99,1,4,35,1,1,2,1,0,0,1,66,1,1,1,69,0,0
39,390574,2,2,1,9,9,8,51,12,6,1,0,39,2,20,481,20481,31,2010,3GCRKSE3XAG2,3,G,C,R,K,S,E,3,X,A,G,2,0,0,0,000000000,00000000000,0,0,0,1,0,0,0,0,0,0,0,10,0,0,0,12,4,3,12,0,0,0,1,39,43026,6,1,0,0,3,3,69,190,0,2,0,0,1,2,2013,5,2014,0,38,0,0,0,1,4,35,1,1,2,1,0,0,11,15,1,1,1,68,0,0
39,390575,1,1,1,13,9,0,15,11,0,1,0,39,1,18,2,18002,4,2000,1G4HP54KXYU2,1,G,4,H,P,5,4,K,X,Y,U,2,0,0,0,000000000,00000000000,0,0,0,1,0,0,0,0,0,0,0,998,0,1,5,12,6,2,42,0,0,0,1,39,44082,6,1,0,0,3,3,64,144,0,0,0,0,0,0,0,0,0,9,28,0,0,0,1,2,55,1,1,2,1,0,0,2,88,7,1,4,3,1,1
39,390576,1,2,3,14,6,20,29,12,6,1,0,39,1,12,13,12013,6,1997,3FALP15P3VR1,3,F,A,L,P,1,5,P,3,V,R,1,0,0,0,000000000,00000000000,0,0,0,1,0,0,0,0,0,0,0,10,0,0,0,1,6,2,12,0,0,0,1,39,45424,6,1,0,0,3,3,61,165,0,0,0,0,0,0,0,0,0,0,38,0,0,0,1,2,35,1,1,2,1,0,0,11,15,1,1,1,68,0,0
39,390576,2,2,2,14,6,20,29,12,6,1,0,39,1,53,709,53709,80,1979,GS850110622,G,S,8,5,0,1,1,0,6,2,2,,0,0,0,000000000,00000000000,0,0,0,1,0,0,0,0,0,0,0,35,0,0,0,12,6,8,12,0,0,0,1,39,45431,6,1,6,0,3,0,73,220,0,0,0,0,0,0,0,0,0,0,0,0,0,0,1,2,35,1,1,2,1,0,0,1,62,1,1,1,69,1,1
39,390577,1,2,1,12,7,1,32,12,1,1,0,39,1,41,51,41051,5,2011,JM1BL1K50B14,J,M,1,B,L,1,K,5,0,B,1,4,0,0,0,000000000,00000000000,0,0,0,1,0,0,0,0,0,0,0,60,0,0,0,12,6,2,12,0,0,0,1,39,44303,6,1,0,0,3,0,64,180,2,0,0,3,2,6,2012,5,2014,0,26,0,0,0,2,4,65,1,2,2,1,0,0,1,51,1,1,1,24,0,1
39,390577,2,2,3,12,7,1,32,12,1,1,0,39,2,14,17,14017,4,2002,1MEHM55S32A6,1,M,E,H,M,5,5,S,3,2,A,6,0,0,0,000000000,00000000000,0,0,0,1,0,0,0,0,0,0,0,60,0,1,5,6,6,2,1,0,0,0,1,39,44262,6,1,0,0,3,0,67,140,0,1,0,1,0,12,2011,1,2014,0,0,0,0,0,2,4,65,1,2,2,1,0,0,1,53,1,1,1,25,1,0
39,390578,1,4,2,5,9,21,0,12,7,1,0,39,1,72,706,72706,80,2004,1HD1FYW144Y7,1,H,D,1,F,Y,W,1,4,4,Y,7,0,0,0,000000000,00000000000,0,0,0,1,0,0,0,0,0,0,0,70,0,0,0,3,6,2,1,0,0,0,1,39,45432,6,1,0,0,3,0,73,195,0,0,0,0,0,0,0,0,0,0,99,99,99,99,3,4,70,1,1,2,1,0,0,1,51,99,2,1,44,2,1
39,390578,2,4,2,5,9,21,0,12,7,1,0,39,2,72,706,72706,80,1978,4A17445H6,4,A,1,7,4,4,5,H,6,,,,0,0,0,000000000,00000000000,0,0,0,1,0,0,0,0,0,0,0,65,0,0,0,9,4,3,1,0,0,0,1,39,45246,6,1,0,0,3,0,72,205,1,0,0,1,1,4,2013,8,2014,0,0,0,0,0,3,4,70,1,1,2,1,0,0,1,53,1,1,1,45,0,0
39,390578,3,4,1,5,9,21,0,12,7,1,0,39,1,72,706,72706,80,2006,1HD1FHW106Y6,1,H,D,1,F,H,W,1,0,6,Y,6,0,0,0,000000000,00000000000,0,0,0,1,0,0,0,0,0,0,0,70,0,0,0,3,4,3,1,0,0,0,1,39,45342,6,1,0,0,3,0,73,300,1,1,0,2,1,9,2011,6,2014,0,0,0,0,0,3,4,70,1,1,2,1,0,0,1,59,1,1,1,98,1,0
39,390578,4,4,1,5,9,21,0,12,7,1,0,27,3,87,881,87881,66,2012,1XPHA48X6CD1,1,X,P,H,A,4,8,X,6,C,D,1,2,1,57,0618375,570618375,3,7,1,1,0,0,0,0,0,0,0,52,0,0,0,98,0,5,12,0,0,0,1,26,48174,6,1,6,0,3,0,67,160,0,0,0,1,0,6,2013,6,2013,0,0,0,0,0,3,4,70,1,1,2,1,0,0,1,60,1,1,1,98,0,0
39,390579,1,1,1,14,9,13,31,43,0,1,0,39,1,37,39,37039,5,2008,JHMGD386X8S0,J,H,M,G,D,3,8,6,X,8,S,0,0,0,0,000000000,00000000000,0,0,0,1,0,0,0,0,0,0,0,998,0,0,0,12,6,2,42,0,0,0,1,39,45896,6,1,0,0,3,3,62,270,0,0,0,0,0,0,0,0,0,9,28,0,0,0,1,2,55,1,1,2,1,0,0,1,12,1,1,4,6,1,0