STATE,ST_CASE,VEH_NO,VE_FORMS,NUMOCCS,DAY,MONTH,HOUR,MINUTE,HARM_EV,MAN_COLL,UNITTYPE,HIT_RUN,REG_STAT,OWNER,MAKE,MODEL,MAK_MOD,BODY_TYP,MOD_YEAR,VIN,VIN_1,VIN_2,VIN_3,VIN_4,VIN_5,VIN_6,VIN_7,VIN_8,VIN_9,VIN_10,VIN_11,VIN_12,TOW_VEH,J_KNIFE,MCARR_I1,MCARR_I2,MCARR_ID,GVWR,V_CONFIG,CARGO_BT,HAZ_INV,HAZ_PLAC,HAZ_ID,HAZ_CNO,HAZ_REL,BUS_USE,SPEC_USE,EMER_USE,TRAV_SP,UNDERIDE,ROLLOVER,ROLINLOC,IMPACT1,DEFORMED,TOWED,M_HARM,VEH_SC1,VEH_SC2,FIRE_EXP,DR_PRES,L_STATE,DR_ZIP,L_STATUS,L_TYPE,CDL_STAT,L_ENDORS,L_COMPL,L_RESTRI,DR_HGT,DR_WGT,PREV_ACC,PREV_SUS,PREV_DWI,PREV_SPD,PREV_OTH,FIRST_MO,FIRST_YR,LAST_MO,LAST_YR,SPEEDREL,DR_SF1,DR_SF2,DR_SF3,DR_SF4,VTRAFWAY,VNUM_LAN,VSPD_LIM,VALIGN,VPROFILE,VPAVETYP,VSURCOND,VTRAFCON,VTCONT_F,P_CRASH1,P_CRASH2,P_CRASH3,PCRASH4,PCRASH5,ACC_TYPE,DEATHS,DR_DRINK
39,390580,1,1,2,6,9,22,35,52,0,1,0,39,2,6,17,6017,1,1995,1C3EU4537SF6,1,C,3,E,U,4,5,3,7,S,F,6,0,0,0,000000000,00000000000,0,0,0,1,0,0,0,0,0,0,0,998,0,0,0,11,6,2,42,0,0,0,1,39,45152,6,1,0,0,3,3,68,140,0,0,0,1,0,9,2013,9,2013,0,6,0,0,0,1,2,45,3,2,2,1,0,0,1,12,1,9,4,10,1,0
39,390582,1,3,1,9,8,8,30,12,2,1,0,39,1,20,499,20499,30,1999,1GCCS1442X81,1,G,C,C,S,1,4,4,2,X,8,1,0,0,0,000000000,00000000000,0,0,0,1,0,0,0,0,0,0,0,55,0,0,0,12,6,2,12,0,0,0,1,39,44615,6,1,6,0,3,0,67,140,0,0,0,0,1,6,2013,6,2013,0,28,0,0,0,1,2,55,1,2,2,1,0,0,1,10,1,1,2,50,0,0
39,390582,2,3,1,9,8,8,30,12,2,1,0,39,1,41,51,41051,4,2013,JM1BL1L72D17,J,M,1,B,L,1,L,7,2,D,1,7,0,0,0,000000000,00000000000,0,0,0,1,0,0,0,0,0,0,0,998,0,0,0,12,6,2,12,0,0,0,1,39,44688,6,1,0,0,3,3,65,178,0,0,0,0,0,0,0,0,0,9,0,0,0,0,1,2,55,1,2,2,1,0,0,1,62,1,1,1,51,1,0
39,390582,3,3,2,9,8,8,30,12,2,1,0,39,1,22,22,22022,4,2008,1G2ZG57B7841,1,G,2,Z,G,5,7,B,7,8,4,1,0,0,0,000000000,00000000000,0,0,0,1,0,0,0,0,0,0,0,55,0,0,0,12,4,3,12,0,0,0,1,39,44644,6,1,0,0,3,3,65,115,0,0,0,2,0,4,2012,9,2013,0,0,0,0,0,1,2,55,1,2,2,1,0,0,1,19,1,1,1,98,0,0
39,390583,1,1,2,14,9,17,45,42,0,1,0,39,2,12,422,12422,15,2000,1FMRU1667YLA,1,F,M,R,U,1,6,6,7,Y,L,A,0,0,0,000000000,00000000000,0,0,0,1,0,0,0,0,0,0,0,998,0,0,0,12,6,2,42,0,0,0,1,39,43832,6,1,0,0,3,0,69,250,0,1,0,0,0,1,2012,1,2012,4,99,99,99,99,1,2,55,1,1,2,1,0,0,1,99,99,9,4,5,2,1
39,390584,1,3,2,13,9,18,28,12,6,1,0,39,2,49,32,49032,4,2001,2T1BR12E61C4,2,T,1,B,R,1,2,E,6,1,C,4,0,0,0,000000000,00000000000,0,0,0,1,0,0,0,0,0,0,0,25,0,0,0,12,6,2,12,0,0,0,1,39,43150,6,1,0,0,3,0,64,145,0,0,0,0,0,0,0,0,0,0,39,0,0,0,1,2,25,1,1,2,1,3,3,1,17,1,1,1,88,0,0
39,390584,2,3,2,13,9,18,28,12,6,1,0,39,1,37,705,37705,80,2001,JH2RC44641M4,J,H,2,R,C,4,4,6,4,1,M,4,0,0,0,000000000,00000000000,0,0,0,1,0,0,0,0,0,0,0,5,0,0,0,9,6,2,12,0,0,0,1,39,43130,6,1,6,0,3,3,73,255,0,0,0,0,0,0,0,0,0,0,0,0,0,0,1,4,35,1,1,2,1,3,3,1,66,1,1,1,89,1,0
39,390584,3,3,2,13,9,18,28,12,6,1,0,39,2,20,25,20025,4,2012,1G1PF5SC2C73,1,G,1,P,F,5,S,C,2,C,7,3,0,0,0,000000000,00000000000,0,0,0,1,0,0,0,0,0,0,0,0,0,0,0,11,6,2,12,0,0,0,1,39,43130,6,1,0,0,3,3,64,130,0,0,0,0,0,0,0,0,0,0,0,0,0,0,1,4,35,1,1,2,1,3,3,5,62,1,1,1,98,0,0
39,390585,1,1,2,6,9,19,26,42,0,1,0,39,1,54,39,54039,4,2010,JH4CU4F68AC0,J,H,4,C,U,4,F,6,8,A,C,0,0,0,0,000000000,00000000000,0,0,0,1,0,0,0,0,0,0,0,998,0,0,0,12,6,9,42,0,0,0,1,39,44720,6,1,0,0,3,3,65,161,1,0,0,1,0,2,2012,9,2012,9,28,0,0,0,1,2,40,1,1,2,1,0,0,1,12,1,1,4,6,1,0
39,390586,1,2,1,12,9,17,20,12,6,1,0,39,2,22,403,22403,14,2006,2CKDL63F9660,2,C,K,D,L,6,3,F,9,6,6,0,0,0,0,000000000,00000000000,0,0,0,1,0,0,0,0,0,0,0,998,0,1,5,10,6,2,12,0,0,0,1,39,43601,6,1,0,0,3,3,61,170,0,0,0,0,0,0,0,0,0,0,39,0,0,0,1,2,55,1,1,2,1,20,3,1,17,1,1,1,90,1,0
39,390586,2,2,1,12,9,17,20,12,6,1,0,39,2,23,402,23402,14,2011,2CTALSEC5B62,2,C,T,A,L,S,E,C,5,B,6,2,0,0,0,000000000,00000000000,0,0,0,1,0,0,0,0,0,0,0,60,0,1,5,12,6,2,12,0,0,0,1,39,43556,6,1,0,0,3,0,71,290,0,0,0,0,0,0,0,0,0,0,0,0,0,0,1,2,55,1,1,2,1,0,0,1,66,1,1,1,90,0,0
39,390587,1,1,1,12,9,4,7,34,0,1,0,42,1,87,883,87883,63,2006,1NPALB0X16N8,1,N,P,A,L,B,0,X,1,6,N,8,0,0,57,2279312,572279312,3,2,2,1,0,0,0,0,0,0,0,998,0,1,5,98,6,2,42,0,0,0,1,42,16137,6,1,6,0,3,0,71,999,0,0,0,0,0,0,0,0,0,0,99,99,99,99,2,4,55,1,2,2,2,0,0,1,13,1,9,4,5,1,0
39,390588,1,1,1,12,9,23,55,33,0,1,0,39,1,76,706,76706,80,2005,JYARN07E05A0,J,Y,A,R,N,0,7,E,0,5,A,0,0,0,0,000000000,00000000000,0,0,0,1,0,0,0,0,0,0,0,60,0,0,0,12,6,2,33,0,0,0,1,39,44281,6,1,0,0,3,0,72,160,1,2,0,0,2,2,2012,4,2012,4,28,36,0,0,1,2,35,1,1,1,1,20,3,1,14,3,5,4,14,1,0
39,390589,1,1,1,3,8,23,44,59,0,1,0,39,1,12,37,12037,4,2012,3FAHP0HA5CR1,3,F,A,H,P,0,H,A,5,C,R,1,0,0,0,000000000,00000000000,0,0,0,1,0,0,0,0,0,0,0,41,0,0,0,12,6,2,2,0,0,1,1,39,44107,6,1,0,0,3,3,67,135,1,0,0,2,1,10,2011,7,2012,0,0,0,0,0,3,6,60,1,1,2,1,0,0,1,13,1,9,4,4,1,1
39,390590,1,2,1,24,8,9,10,12,6,1,0,39,1,12,442,12442,20,1998,2FMZA51U8WBD,2,F,M,Z,A,5,1,U,8,W,B,D,0,0,0,000000000,00000000000,0,0,0,1,0,0,0,0,0,0,0,998,0,0,0,12,6,2,12,0,0,0,1,39,45879,6,1,0,0,3,3,71,250,0,0,0,0,0,0,0,0,0,0,39,0,0,0,1,2,55,1,1,2,1,20,3,1,17,1,1,1,86,0,0
39,390590,2,2,2,24,8,9,10,12,6,1,0,39,2,6,441,6441,20,2002,1C4GJ25342B7,1,C,4,G,J,2,5,3,4,2,B,7,0,0,0,000000000,00000000000,0,0,0,1,0,0,0,0,0,0,0,998,0,1,5,4,6,2,1,0,0,0,1,39,45849,6,1,0,0,3,0,69,170,0,0,0,0,0,0,0,0,0,0,0,0,0,0,1,2,55,1,1,2,1,0,0,1,66,1,1,1,87,1,0
39,390591,1,2,1,18,9,17,23,12,6,1,0,39,1,37,31,37031,4,2013,19XFB2F9XDE2,1,9,X,F,B,2,F,9,X,D,E,2,0,0,0,000000000,00000000000,0,0,0,1,0,0,0,0,0,0,0,55,0,0,0,12,6,2,12,0,0,0,1,39,43793,6,1,0,0,3,0,70,160,0,0,0,0,0,0,0,0,0,0,0,0,0,0,1,2,55,2,5,2,1,0,0,1,62,1,1,1,62,0,0
39,390591,2,2,1,18,9,17,23,12,6,1,0,39,1,22,18,22018,2,2000,1G2NW12E8YM8,1,G,2,N,W,1,2,E,8,Y,M,8,0,0,0,000000000,00000000000,0,0,0,1,0,0,0,0,0,0,0,998,0,0,0,9,6,2,12,0,0,0,1,39,43754,6,1,0,0,3,0,73,180,0,0,0,0,0,0,0,0,0,4,6,0,0,0,1,2,55,3,6,2,1,0,0,1,10,6,4,6,62,1,1
39,390592,1,1,1,8,8,17,59,8,0,1,0,39,1,12,23,12023,4,2011,3FAHP0HA4BR1,3,F,A,H,P,0,H,A,4,B,R,1,0,0,0,000000000,00000000000,0,0,0,1,0,0,0,0,0,0,0,20,0,0,0,12,4,9,8,0,0,0,1,39,43623,6,1,0,0,3,3,67,150,0,1,0,0,0,2,2012,2,2012,0,38,0,0,0,1,5,35,1,1,1,1,2,3,11,80,1,1,1,13,0,0
39,390593,1,1,3,16,8,23,28,43,0,1,0,39,2,49,32,49032,4,1993,2T1AE09E5PC0,2,T,1,A,E,0,9,E,5,P,C,0,0,0,0,000000000,00000000000,0,0,0,1,0,0,0,0,0,0,0,45,0,1,5,12,6,2,1,0,0,0,1,39,45231,6,1,0,0,3,0,69,200,0,0,0,0,1,10,2012,10,2012,0,28,0,0,0,1,2,35,4,1,2,1,0,0,14,13,1,9,4,5,1,1
39,390595,1,2,2,18,9,13,55,32,0,1,0,39,1,37,706,37706,80,2006,1HFSC55046A2,1,H,F,S,C,5,5,0,4,6,A,2,0,0,0,000000000,00000000000,0,0,0,1,0,0,0,0,0,0,0,998,0,0,0,12,6,2,12,0,0,0,1,39,43302,6,1,0,0,3,2,68,215,0,0,0,0,0,0,0,0,0,9,74,0,0,0,2,2,60,1,1,2,1,0,0,1,62,98,1,1,98,2,0
39,390595,2,2,1,18,9,13,55,32,0,1,0,39,1,49,46,49046,5,2007,JTDKB20U2776,J,T,D,K,B,2,0,U,2,7,7,6,0,0,0,000000000,00000000000,0,0,0,1,0,0,0,0,0,0,0,998,0,0,0,12,6,2,12,0,0,0,1,39,43015,6,1,0,0,3,3,69,160,0,0,0,0,0,0,0,0,0,9,27,28,0,0,2,2,60,1,1,2,1,0,0,1,12,1,1,4,6,0,0
39,390596,1,2,1,18,6,15,10,12,1,1,0,39,3,99,884,99884,63,2000,2WKEDDCJ4YK9,2,W,K,E,D,D,C,J,4,Y,K,9,0,0,99,999999999,99999999999,3,2,4,1,0,0,0,0,0,0,0,55,0,1,5,12,6,9,2,39,0,1,1,39,43516,6,1,6,3,3,3,74,250,0,0,0,0,0,0,0,0,0,0,26,0,0,0,1,2,55,1,1,2,1,0,0,1,52,1,1,1,28,1,0
39,390596,2,2,1,18,6,15,10,12,1,1,0,39,1,12,37,12037,5,2005,3FAFP37N25R1,3,F,A,F,P,3,7,N,2,5,R,1,0,0,0,000000000,00000000000,0,0,0,1,0,0,0,0,0,0,0,15,0,1,5,6,6,2,1,0,0,0,1,39,43607,6,1,0,0,3,3,70,300,0,0,0,0,0,0,0,0,0,0,99,99,99,99,1,2,55,1,1,2,1,0,0,2,53,1,1,1,30,0,0
39,390597,1,2,1,25,8,1,10,12,6,1,0,39,1,49,40,49040,4,1999,4T1BG28KXXU4,4,T,1,B,G,2,8,K,X,X,U,4,0,0,0,000000000,00000000000,0,0,0,1,0,0,0,0,0,0,0,30,0,0,0,11,4,3,12,0,0,0,1,39,44109,6,1,6,0,3,0,70,200,0,0,0,0,0,0,0,0,0,0,38,0,0,0,1,3,35,1,1,1,1,0,0,11,15,1,1,1,68,0,1
39,390597,2,2,1,25,8,1,10,12,6,1,0,39,2,72,706,72706,80,1995,1HD1FDL17SY5,1,H,D,1,F,D,L,1,7,S,Y,5,0,0,0,000000000,00000000000,0,0,0,1,0,0,0,0,0,0,0,20,0,0,0,9,4,3,12,0,0,0,1,39,44134,6,1,0,0,3,0,68,210,0,0,0,0,0,0,0,0,0,0,0,0,0,0,1,3,35,1,1,1,1,0,0,1,62,1,1,1,69,1,0
39,390598,1,1,2,7,9,1,53,24,0,1,0,39,1,72,706,72706,80,2013,1HD1MAM13DB8,1,H,D,1,M,A,M,1,3,D,B,8,0,0,0,000000000,00000000000,0,0,0,1,0,0,0,0,0,0,0,998,0,0,0,1,4,3,24,0,0,0,1,39,45103,6,1,0,0,3,0,71,294,0,0,0,1,1,9,2012,5,2013,4,6,0,0,0,1,2,40,3,2,2,1,0,0,14,6,1,1,4,1,1,1
39,390599,1,1,2,15,9,1,30,39,0,1,0,39,2,51,43,51043,4,1999,YV1LS53D8X25,Y,V,1,L,S,5,3,D,8,X,2,5,0,0,0,000000000,00000000000,0,0,0,1,0,0,0,0,0,0,0,998,0,1,5,12,6,2,42,0,0,0,1,39,44035,3,1,0,0,2,0,69,210,0,0,0,0,1,10,2012,10,2012,4,0,0,0,0,1,2,45,2,2,2,1,0,0,14,13,1,1,4,1,1,1
39,390600,1,2,1,23,9,10,35,12,6,1,0,39,1,37,32,37032,4,2011,1HGCP2F84BA0,1,H,G,C,P,2,F,8,4,B,A,0,0,0,0,000000000,00000000000,0,0,0,1,0,0,0,0,0,0,0,5,0,0,0,61,6,2,12,0,0,0,1,39,44875,6,1,0,0,3,3,60,142,0,0,0,0,0,0,0,0,0,0,38,0,0,0,1,2,55,1,1,2,1,20,3,11,15,1,1,1,68,0,0
39,390600,2,2,1,23,9,10,35,12,6,1,0,39,1,72,706,72706,80,2000,1HD1FRW12YY6,1,H,D,1,F,R,W,1,2,Y,Y,6,0,0,0,000000000,00000000000,0,0,0,1,0,0,0,0,0,0,0,998,0,0,0,12,6,2,12,0,0,0,1,39,44888,6,1,0,0,3,3,73,190,0,0,0,2,0,2,2012,7,2014,9,0,0,0,0,1,5,55,1,1,2,1,0,0,1,67,4,2,1,69,1,0
39,390601,1,2,1,17,9,22,8,1,0,1,0,39,2,20,402,20402,14,2002,2CNBJ7347269,2,C,N,B,J,7,3,4,7,2,6,9,0,0,0,000000000,00000000000,0,0,0,1,0,0,0,0,0,0,0,998,0,0,0,11,6,2,12,0,0,0,1,39,44065,6,1,0,0,3,0,63,140,0,0,0,0,0,0,0,0,0,0,0,0,0,0,1,2,55,1,2,2,1,0,0,1,62,1,1,1,98,0,0
39,390601,2,2,2,17,9,22,8,1,0,1,0,39,1,72,706,72706,80,2010,1HD1KEM10AB6,1,H,D,1,K,E,M,1,0,A,B,6,0,0,0,000000000,00000000000,0,0,0,1,0,0,0,0,0,0,0,998,0,0,0,0,6,2,12,0,0,0,1,39,44024,6,1,0,0,3,0,73,180,2,0,0,1,2,10,2011,8,2012,0,28,0,0,0,1,2,55,2,2,2,1,0,0,14,98,1,4,2,98,1,1
39,390602,1,2,1,19,9,15,28,12,6,1,0,39,1,53,705,53705,80,2008,JS1CP51A4821,J,S,1,C,P,5,1,A,4,8,2,1,0,0,0,000000000,00000000000,0,0,0,1,0,0,0,0,0,0,0,998,0,0,0,3,6,2,12,0,0,0,1,39,44273,6,1,0,0,3,0,70,180,0,0,0,0,0,0,0,0,0,4,28,0,0,0,1,2,55,2,1,2,1,0,0,14,10,1,9,2,66,1,1
39,390602,2,2,1,19,9,15,28,12,6,1,0,39,2,2,404,2404,14,2002,1J4GW48S82C3,1,J,4,G,W,4,8,S,8,2,C,3,0,0,0,000000000,00000000000,0,0,0,1,0,0,0,0,0,0,0,45,0,0,0,1,4,8,12,0,0,0,1,39,44273,6,1,4,0,3,0,72,240,0,0,0,0,0,0,0,0,0,0,0,0,0,0,1,2,55,1,1,2,1,0,0,1,62,99,1,2,66,0,0
39,390603,1,2,1,25,9,12,51,12,6,1,0,39,1,37,403,37403,14,2004,5J6YH28534L0,5,J,6,Y,H,2,8,5,3,4,L,0,0,0,0,000000000,00000000000,0,0,0,1,0,0,0,0,0,0,0,5,0,0,0,3,4,3,12,0,0,0,1,39,45220,6,1,6,0,3,3,67,300,0,0,0,0,0,0,0,0,0,0,48,38,0,0,1,4,35,1,1,2,1,0,0,11,15,1,1,1,68,0,0
39,390603,2,2,1,25,9,12,51,12,6,1,0,39,1,53,705,53705,80,2005,VTTGM51A7521,V,T,T,G,M,5,1,A,7,5,2,1,0,0,0,000000000,00000000000,0,0,0,1,0,0,0,0,0,0,0,25,0,0,0,12,4,3,12,0,0,0,1,39,45044,6,1,0,0,3,3,69,185,0,0,0,0,0,0,0,0,0,0,0,0,0,0,1,4,35,1,1,2,1,0,0,1,62,1,1,1,69,1,0
39,390604,1,2,1,23,9,20,0,12,2,1,0,39,1,59,401,59401,14,1999,JT6HF10U1X00,J,T,6,H,F,1,0,U,1,X,0,0,0,0,0,000000000,00000000000,0,0,0,1,0,0,0,0,0,0,0,998,0,0,0,12,6,8,12,0,0,0,1,39,45439,6,1,0,0,3,3,63,130,0,0,0,0,0,0,0,0,0,0,28,0,0,0,1,4,45,1,1,2,1,0,0,1,10,1,1,2,50,1,1
39,390604,2,2,1,23,9,20,0,12,2,1,0,39,2,59,31,59031,4,2000,JT8BF28G8Y02,J,T,8,B,F,2,8,G,8,Y,0,2,0,0,0,000000000,00000000000,0,0,0,1,0,0,0,0,0,0,0,998,0,0,0,12,6,2,12,0,0,0,1,39,45459,6,1,0,0,3,0,67,200,0,0,0,2,0,8,2012,4,2014,0,0,0,0,0,1,4,45,1,1,2,1,0,0,1,62,1,1,1,51,0,0
39,390605,1,1,1,12,7,23,50,33,0,1,0,39,1,72,706,72706,80,2012,1HD1LF322CC4,1,H,D,1,L,F,3,2,2,C,C,4,0,0,0,000000000,00000000000,0,0,0,1,0,0,0,0,0,0,0,25,0,0,0,12,6,2,42,0,0,0,1,39,44105,6,1,0,0,3,0,66,150,0,0,0,1,0,10,2013,10,2013,0,99,99,99,99,1,2,35,1,1,1,1,0,0,1,13,99,9,4,5,1,1
39,390606,1,1,5,9,6,7,18,5,0,1,0,39,3,12,481,12481,31,1996,1FTJW35H9TEB,1,F,T,J,W,3,5,H,9,T,E,B,0,0,0,000000000,00000000000,0,0,0,1,0,0,0,0,0,0,0,30,0,0,0,0,0,5,5,39,0,0,1,39,45177,6,1,6,0,3,3,75,240,0,0,0,0,0,0,0,0,0,0,0,0,0,0,1,2,55,1,1,2,1,0,0,1,98,1,1,1,0,1,0
39,390607,1,1,1,1,9,22,30,24,0,1,0,39,1,12,402,12402,14,2007,1FMYU93Z87KC,1,F,M,Y,U,9,3,Z,8,7,K,C,0,0,0,000000000,00000000000,0,0,0,1,0,0,0,0,0,0,0,60,0,0,0,11,4,3,24,0,0,0,1,39,44134,6,1,0,0,3,0,70,155,0,1,1,0,0,5,2013,6,2013,0,0,0,0,0,3,6,60,1,1,1,1,0,0,1,12,1,1,4,6,1,1
39,390608,1,1,3,26,9,23,42,42,0,1,0,39,1,37,31,37031,2,2003,1HGEM22933L0,1,H,G,E,M,2,2,9,3,3,L,0,0,0,0,000000000,00000000000,0,0,0,1,0,0,0,0,0,0,0,90,0,1,5,3,6,2,42,0,0,0,1,39,43125,6,1,0,0,3,0,67,155,0,0,0,0,0,0,0,0,0,3,58,0,0,0,1,2,55,1,1,2,1,0,0,1,12,1,1,4,6,3,1
39,390609,1,1,1,12,7,12,4,8,0,1,0,39,1,37,31,37031,4,2014,19XFB2F88EE0,1,9,X,F,B,2,F,8,8,E,E,0,0,0,0,000000000,00000000000,0,0,0,1,0,0,0,0,0,0,0,10,0,0,0,62,2,3,8,0,0,0,1,39,44022,6,1,0,0,3,3,56,110,1,0,0,0,0,6,2012,6,2012,0,28,0,0,0,1,2,25,1,1,2,1,2,3,11,80,1,1,2,13,0,0
39,390611,1,1,2,6,8,20,2,5,0,1,0,39,6,2,405,2405,14,2007,1J4GL48K57W5,1,J,4,G,L,4,8,K,5,7,W,5,0,0,0,000000000,00000000000,0,0,0,1,0,0,0,0,0,0,0,999,0,0,0,0,2,5,5,0,0,0,0,0,99997,7,6,97,7,6,7,998,997,998,998,998,998,998,98,9998,98,9998,8,0,0,0,0,1,2,0,1,1,2,1,0,0,0,3,0,0,0,0,1,0
39,390612,1,1,1,4,9,21,24,8,0,1,0,39,1,20,421,20421,15,2002,1GNDT13W52K1,1,G,N,D,T,1,3,W,5,2,K,1,0,0,0,000000000,00000000000,0,0,0,1,0,0,0,0,0,0,0,30,0,0,0,12,4,9,8,0,0,0,1,39,45322,6,1,0,0,3,3,61,190,0,1,1,1,1,7,2012,7,2014,0,0,0,0,0,1,4,35,1,1,2,1,0,0,1,80,1,1,1,13,0,0
39,390613,1,1,2,13,9,14,33,33,0,1,0,39,1,23,481,23481,31,1997,1GTEC19W9VE5,1,G,T,E,C,1,9,W,9,V,E,5,0,0,0,000000000,00000000000,0,0,0,1,0,0,0,0,0,0,0,998,0,0,0,99,6,9,34,0,0,0,1,39,45241,6,1,0,0,3,3,67,135,1,0,0,0,1,6,2012,6,2012,9,28,0,0,0,1,2,25,1,2,2,1,0,0,99,99,99,9,4,16,2,0
39,390614,1,2,2,20,9,15,20,1,0,1,0,39,1,20,421,20421,15,1999,1GNDT13W7X21,1,G,N,D,T,1,3,W,7,X,2,1,0,0,0,000000000,00000000000,0,0,0,1,0,0,0,0,0,0,0,25,0,0,0,19,2,3,54,0,0,0,1,39,43821,6,1,0,0,3,0,68,160,0,0,0,0,0,0,0,0,0,0,0,0,0,0,1,2,55,2,2,2,1,0,0,14,18,1,1,1,98,0,0
39,390614,2,2,2,20,9,15,20,1,0,1,0,39,1,34,706,34706,80,2000,WB10555A8YZD,W,B,1,0,5,5,5,A,8,Y,Z,D,0,0,0,000000000,00000000000,0,0,0,1,0,0,0,0,0,0,0,55,0,0,0,0,6,2,54,0,0,0,1,39,43802,6,1,0,0,3,3,71,250,1,0,0,0,0,11,2012,11,2012,0,26,28,0,0,1,2,55,2,2,2,1,0,0,14,98,3,2,5,3,2,0
39,390615,1,1,2,22,9,18,29,34,0,1,0,39,1,12,401,12401,14,2003,1FMZU72K03UB,1,F,M,Z,U,7,2,K,0,3,U,B,0,0,0,000000000,00000000000,0,0,0,1,0,0,0,0,0,0,0,45,0,1,5,12,6,2,1,0,0,0,1,39,44657,6,1,0,0,3,0,70,160,1,0,0,0,0,12,2013,12,2013,4,58,0,0,0,1,2,55,3,1,2,1,0,0,14,12,6,1,4,9,1,0
39,390616,1,1,2,28,9,1,25,1,0,1,0,39,1,76,739,76739,90,2009,000000000000,0,0,0,0,0,0,0,0,0,0,0,0,0,0,0,000000000,00000000000,0,0,0,1,0,0,0,0,0,0,0,50,0,2,1,0,4,3,1,0,0,0,1,39,44666,6,1,0,0,3,0,69,130,0,0,0,1,1,1,2013,9,2013,3,6,0,0,0,1,2,25,1,1,2,1,20,3,1,98,3,3,2,98,1,1
39,390617,1,2,1,2,10,19,38,12,6,1,0,39,2,72,706,72706,80,1993,1HD1CAP1XPY2,1,H,D,1,C,A,P,1,X,P,Y,2,0,0,0,000000000,00000000000,0,0,0,1,0,0,0,0,0,0,0,35,0,0,0,12,6,2,12,0,0,0,1,39,43162,6,1,6,0,3,0,71,240,0,0,0,0,0,0,0,0,0,0,0,0,0,0,1,4,35,1,1,2,1,3,3,1,62,1,1,1,69,1,0
39,390617,2,2,1,2,10,19,38,12,6,1,0,39,2,49,442,49442,20,2009,5TDZK23C29S2,5,T,D,Z,K,2,3,C,2,9,S,2,0,0,0,000000000,00000000000,0,0,0,1,0,0,0,0,0,0,0,10,0,0,0,1,2,3,12,0,0,0,1,39,43026,6,1,0,0,3,0,66,210,1,0,0,0,1,6,2014,9,2014,0,38,0,0,0,1,4,35,1,1,2,1,3,3,11,15,1,1,1,68,0,0
39,390618,1,1,1,20,9,21,48,34,0,1,0,39,2,24,7,24007,4,2007,1G8AL58F27Z1,1,G,8,A,L,5,8,F,2,7,Z,1,0,0,0,000000000,00000000000,0,0,0,1,0,0,0,0,0,0,0,998,0,1,5,61,6,2,1,0,0,0,1,39,44085,6,1,0,0,3,0,70,160,0,0,0,0,0,0,0,0,0,4,36,0,0,0,1,2,55,1,1,2,1,0,0,1,13,1,5,4,2,1,0
39,390619,1,2,1,22,9,6,30,12,2,1,0,39,1,42,48,42048,4,2008,WDBUF87X88B2,W,D,B,U,F,8,7,X,8,8,B,2,0,0,0,000000000,00000000000,0,0,0,1,0,0,0,0,0,0,0,998,0,0,0,12,6,2,12,0,0,0,1,39,43614,6,1,0,0,3,3,72,340,0,0,0,0,0,0,0,0,0,0,28,0,0,0,1,5,45,1,1,2,1,0,0,15,10,1,1,2,50,0,0
39,390619,2,2,1,22,9,6,30,12,2,1,0,39,1,24,7,24007,4,2007,1G8AL55F77Z1,1,G,8,A,L,5,5,F,7,7,Z,1,0,0,0,000000000,00000000000,0,0,0,1,0,0,0,0,0,0,0,998,0,0,0,12,6,2,12,0,0,0,1,39,43609,6,1,0,0,3,3,65,135,0,0,0,0,0,0,0,0,0,9,0,0,0,0,1,5,45,1,1,2,1,0,0,1,62,1,1,1,51,1,0
39,390620,1,2,1,24,9,5,8,12,1,1,0,39,2,30,46,30046,4,1999,WVWMA63B4XE4,W,V,W,M,A,6,3,B,4,X,E,4,0,0,0,000000000,00000000000,0,0,0,1,0,0,0,0,0,0,0,0,0,0,0,6,6,2,12,0,0,0,1,39,44130,6,1,0,0,3,0,65,118,0,0,0,0,0,0,0,0,0,0,54,0,0,0,2,4,70,1,1,2,1,0,0,5,53,1,9,1,23,1,0
39,390620,2,2,1,24,9,5,8,12,1,1,0,18,3,85,890,85890,66,2014,1XKYD49X2EJ3,1,X,K,Y,D,4,9,X,2,E,J,3,1,1,57,054283,57054283,3,6,1,1,0,0,0,0,0,0,0,998,0,0,0,12,6,2,12,42,0,0,1,39,45764,6,1,6,3,3,3,72,143,0,0,0,0,0,0,0,0,0,9,26,0,0,0,2,4,70,1,1,2,1,0,0,1,50,1,1,1,20,0,0
39,390621,5,1,1,22,9,21,18,14,0,1,0,39,1,20,9,20009,2,2014,2G1FK3DJ8E93,2,G,1,F,K,3,D,J,8,E,9,3,0,0,0,000000000,00000000000,0,0,0,1,0,0,0,0,0,0,0,998,0,0,0,12,6,2,8,0,0,0,1,99,99999,9,9,99,9,9,9,999,999,99,99,99,99,99,99,9999,99,9999,0,6,0,0,0,3,4,98,1,2,2,1,0,0,1,13,99,9,4,5,0,0
39,390622,1,3,1,8,9,8,5,12,7,1,0,39,1,76,706,76706,80,2003,JYAVP11E43A0,J,Y,A,V,P,1,1,E,4,3,A,0,0,0,0,000000000,00000000000,0,0,0,1,0,0,0,0,0,0,0,30,0,0,0,81,4,9,54,0,0,0,1,39,44142,6,1,0,0,3,0,73,255,0,0,0,2,0,6,2012,8,2012,0,28,58,0,0,2,3,50,1,1,2,1,0,0,17,61,9,2,2,46,1,0