STATE,ST_CASE,VEH_NO,VE_FORMS,NUMOCCS,DAY,MONTH,HOUR,MINUTE,HARM_EV,MAN_COLL,UNITTYPE,HIT_RUN,REG_STAT,OWNER,MAKE,MODEL,MAK_MOD,BODY_TYP,MOD_YEAR,VIN,VIN_1,VIN_2,VIN_3,VIN_4,VIN_5,VIN_6,VIN_7,VIN_8,VIN_9,VIN_10,VIN_11,VIN_12,TOW_VEH,J_KNIFE,MCARR_I1,MCARR_I2,MCARR_ID,GVWR,V_CONFIG,CARGO_BT,HAZ_INV,HAZ_PLAC,HAZ_ID,HAZ_CNO,HAZ_REL,BUS_USE,SPEC_USE,EMER_USE,TRAV_SP,UNDERIDE,ROLLOVER,ROLINLOC,IMPACT1,DEFORMED,TOWED,M_HARM,VEH_SC1,VEH_SC2,FIRE_EXP,DR_PRES,L_STATE,DR_ZIP,L_STATUS,L_TYPE,CDL_STAT,L_ENDORS,L_COMPL,L_RESTRI,DR_HGT,DR_WGT,PREV_ACC,PREV_SUS,PREV_DWI,PREV_SPD,PREV_OTH,FIRST_MO,FIRST_YR,LAST_MO,LAST_YR,SPEEDREL,DR_SF1,DR_SF2,DR_SF3,DR_SF4,VTRAFWAY,VNUM_LAN,VSPD_LIM,VALIGN,VPROFILE,VPAVETYP,VSURCOND,VTRAFCON,VTCONT_F,P_CRASH1,P_CRASH2,P_CRASH3,PCRASH4,PCRASH5,ACC_TYPE,DEATHS,DR_DRINK
39,390666,1,2,4,17,10,12,35,12,6,1,0,39,2,18,20,18020,9,1996,999999999999,9,9,9,9,9,9,9,9,9,9,9,9,0,0,0,000000000,00000000000,0,0,0,1,0,0,0,0,0,0,0,60,0,1,5,12,6,2,12,0,0,0,1,39,44902,6,1,0,0,3,3,74,190,0,0,0,0,0,0,0,0,0,0,39,0,0,0,1,2,55,1,1,2,1,20,3,1,17,1,1,1,88,0,0
39,390666,2,2,2,17,10,12,35,12,6,1,0,39,2,20,37,20037,4,2011,1G1ZC5E17BF3,1,G,1,Z,C,5,E,1,7,B,F,3,0,0,0,000000000,00000000000,0,0,0,1,0,0,0,0,0,0,0,998,0,0,0,9,6,2,12,0,0,0,1,39,43068,6,1,0,0,3,3,67,140,0,0,0,0,0,0,0,0,0,0,0,0,0,0,1,2,55,1,1,2,1,0,0,1,66,1,1,1,89,2,0
39,390667,1,2,1,6,10,9,16,12,6,1,0,39,1,20,37,20037,4,2011,1G1ZC5E12BF3,1,G,1,Z,C,5,E,1,2,B,F,3,0,0,0,000000000,00000000000,0,0,0,1,0,0,0,0,0,0,0,10,0,0,0,61,6,2,12,0,0,0,1,39,44022,6,1,0,0,3,3,71,190,0,0,0,0,0,0,0,0,0,0,39,0,0,0,1,2,35,1,1,2,1,2,3,1,17,1,1,7,89,1,0
39,390667,2,2,1,6,10,9,16,12,6,1,0,39,3,23,883,23883,62,1988,1GDG6D1F5JV5,1,G,D,G,6,D,1,F,5,J,V,5,0,0,99,999999999,99999999999,2,1,4,1,0,0,0,0,0,0,0,35,0,0,0,12,6,2,12,42,0,0,1,39,44241,6,1,0,0,3,0,67,180,0,0,0,0,0,0,0,0,0,0,0,0,0,0,1,2,35,1,1,2,1,2,3,1,66,1,1,1,88,0,0
39,390668,1,1,1,17,10,19,8,9,0,1,0,39,3,92,983,92983,52,2011,15GGD2715B11,1,5,G,G,D,2,7,1,5,B,1,1,0,0,99,999999999,99999999999,3,21,22,1,0,0,0,0,6,3,0,0,0,0,0,6,2,5,9,42,0,0,1,39,43230,6,1,6,1,3,1,70,150,4,0,0,0,0,1,2012,7,2014,0,0,0,0,0,1,4,35,1,1,2,1,0,0,5,83,1,1,1,13,0,0
39,390669,1,1,1,29,9,12,0,38,0,1,0,39,2,12,13,12013,2,1998,3FALP1131WR1,3,F,A,L,P,1,1,3,1,W,R,1,0,0,0,000000000,00000000000,0,0,0,1,0,0,0,0,0,0,0,998,0,0,0,12,6,2,42,0,0,0,1,39,45315,6,1,0,0,3,0,72,210,0,0,0,0,0,0,0,0,0,0,0,0,0,0,1,2,98,1,2,2,1,0,0,1,12,99,9,4,10,1,1
39,390670,1,1,1,11,10,10,44,59,0,1,0,39,2,14,6,14006,4,1999,2MEFM74W0XX6,2,M,E,F,M,7,4,W,0,X,X,6,0,0,0,000000000,00000000000,0,0,0,1,0,0,0,0,0,0,0,998,0,0,0,12,6,2,14,0,0,0,1,39,43081,1,1,0,0,2,0,70,170,0,0,0,0,0,0,0,0,0,0,40,0,0,0,1,2,55,1,1,2,1,40,3,1,90,1,1,1,15,1,1
39,390671,1,2,1,13,9,19,52,12,7,1,0,39,1,72,706,72706,80,2011,1HD1KEM10BB6,1,H,D,1,K,E,M,1,0,B,B,6,0,0,0,000000000,00000000000,0,0,0,1,0,0,0,0,0,0,0,25,0,0,0,62,2,3,12,0,0,0,1,39,45215,6,1,0,0,3,0,68,175,0,0,0,1,0,4,2013,4,2013,0,34,0,0,0,1,2,25,1,2,2,1,0,0,6,19,1,1,2,71,1,1
39,390671,2,2,1,13,9,19,52,12,7,1,0,18,3,98,884,98884,66,2007,2FWJA3CV77AY,2,F,W,J,A,3,C,V,7,7,A,Y,1,1,57,00769286,5700769286,3,6,1,1,0,0,0,0,0,0,0,10,0,0,0,83,9,5,12,42,0,0,1,39,45219,6,1,6,1,3,0,77,305,0,2,0,1,0,8,2013,6,2014,0,0,0,0,0,1,2,25,1,2,2,1,0,0,10,53,1,1,1,70,0,0
39,390672,1,1,6,21,9,0,20,1,0,1,0,39,1,2,404,2404,14,1999,1J4GW68N7XC7,1,J,4,G,W,6,8,N,7,X,C,7,0,0,0,000000000,00000000000,0,0,0,1,0,0,0,0,0,0,0,25,0,2,5,0,6,2,1,0,0,0,1,39,45750,6,1,0,0,3,0,65,130,1,2,0,1,2,10,2013,7,2014,4,36,0,0,0,1,2,55,3,1,4,1,0,0,14,6,99,9,4,4,1,1
39,390673,1,1,2,21,9,20,51,25,0,1,0,39,1,35,32,35032,2,1991,JN1MS36P4MW0,J,N,1,M,S,3,6,P,4,M,W,0,0,0,0,000000000,00000000000,0,0,0,1,0,0,0,0,0,0,0,50,0,0,0,7,6,2,24,0,0,0,1,39,44241,6,1,0,0,3,0,67,150,0,2,1,0,1,7,2012,8,2013,3,36,0,0,0,3,4,25,3,6,2,1,0,0,14,6,1,9,4,9,1,1
39,390674,1,1,1,24,9,4,37,34,0,1,0,39,1,20,482,20482,31,2005,3GNEK12Z65G2,3,G,N,E,K,1,2,Z,6,5,G,2,0,0,0,000000000,00000000000,0,0,0,1,0,0,0,0,0,0,0,65,0,0,0,1,6,2,42,0,0,1,1,39,43812,6,1,0,0,3,0,72,210,1,0,0,0,0,5,2013,5,2013,0,6,0,0,0,1,2,55,2,2,2,1,0,0,1,12,1,1,4,6,1,1
39,390675,1,2,1,25,9,22,2,12,6,1,0,21,2,7,402,7402,14,2002,1B4HS48N72F1,1,B,4,H,S,4,8,N,7,2,F,1,0,0,0,000000000,00000000000,0,0,0,1,0,0,0,0,0,0,0,998,0,0,0,81,6,2,12,0,0,0,1,21,41075,6,1,0,0,3,0,70,152,0,0,0,0,0,0,0,0,0,0,0,0,0,0,1,4,45,1,1,2,1,3,3,11,66,1,1,1,68,0,0
39,390675,2,2,2,25,9,22,2,12,6,1,0,21,2,76,706,76706,80,2008,JYAVP11E28A1,J,Y,A,V,P,1,1,E,2,8,A,1,0,0,0,000000000,00000000000,0,0,0,1,0,0,0,0,0,0,0,55,0,0,0,12,6,2,12,0,0,0,1,21,41042,6,1,6,0,3,0,71,200,0,0,0,0,0,0,0,0,0,3,39,0,0,0,1,4,45,1,1,2,1,3,3,1,62,3,2,1,69,1,1
39,390676,1,2,1,28,9,1,5,30,0,1,0,39,1,49,401,49401,14,1998,JT3HN86R0W01,J,T,3,H,N,8,6,R,0,W,0,1,0,0,0,000000000,00000000000,0,0,0,1,0,0,0,0,0,0,0,40,0,0,0,11,6,2,2,0,0,1,1,39,44109,6,1,0,0,3,3,66,200,0,2,0,0,1,7,2012,4,2013,3,0,0,0,0,1,2,25,2,2,2,1,0,0,14,12,1,1,4,6,1,1
39,390676,2,2,1,28,9,1,5,30,0,1,0,39,1,7,403,7403,14,2009,1D8GU28K09W5,1,D,8,G,U,2,8,K,0,9,W,5,0,0,0,000000000,00000000000,0,0,0,1,0,0,0,0,0,0,0,30,0,0,0,11,6,2,12,0,0,0,1,39,44144,6,1,0,0,3,3,63,180,0,0,0,0,0,0,0,0,0,0,0,0,0,0,1,2,25,2,2,2,1,0,0,14,60,1,1,1,98,0,1
39,390677,1,1,2,13,10,13,42,34,0,1,0,39,2,49,50,49050,3,2008,JTKDE1670802,J,T,K,D,E,1,6,7,0,8,0,2,0,0,0,000000000,00000000000,0,0,0,1,0,0,0,0,0,0,0,74,0,1,5,1,6,2,1,0,0,0,1,39,43015,6,1,0,0,3,3,69,150,0,0,0,1,0,2,2013,2,2013,4,0,0,0,0,1,2,40,1,2,2,1,0,0,1,6,1,9,4,9,1,1
39,390678,1,1,4,12,10,15,45,35,0,1,0,39,1,7,482,7482,31,2014,999999999999,9,9,9,9,9,9,9,9,9,9,9,9,0,0,0,000000000,00000000000,0,0,0,1,0,0,0,0,0,0,0,100,0,1,5,12,6,2,1,0,0,0,1,39,44849,6,1,0,0,3,3,68,142,0,0,0,2,0,7,2012,7,2012,3,28,8,0,0,1,2,55,1,2,2,1,0,0,1,12,1,1,4,6,2,1
39,390679,1,1,1,3,10,4,25,8,0,1,0,39,1,20,16,20016,4,2000,1G1JC5247Y72,1,G,1,J,C,5,2,4,7,Y,7,2,0,0,0,000000000,00000000000,0,0,0,1,0,0,0,0,0,0,0,35,0,0,0,12,6,2,8,0,0,0,1,39,44705,6,1,0,0,3,3,62,120,0,0,0,2,0,9,2013,2,2014,0,0,0,0,0,1,2,35,1,1,2,1,0,0,1,80,1,1,1,13,0,0
39,390680,1,1,1,2,10,22,37,33,0,1,0,47,1,22,2,22002,4,1999,1G2HX52K9XH2,1,G,2,H,X,5,2,K,9,X,H,2,0,0,0,000000000,00000000000,0,0,0,1,0,0,0,0,0,0,0,45,0,0,0,12,6,2,30,0,0,0,1,47,45429,6,1,0,0,3,0,66,170,0,0,0,0,0,0,0,0,0,0,6,0,0,0,1,2,35,1,1,2,1,0,0,1,13,99,9,4,2,1,0
39,390681,1,2,1,14,10,3,15,12,2,1,0,12,3,87,884,87884,66,2013,1XPHD49X5DD1,1,X,P,H,D,4,9,X,5,D,D,1,1,3,57,123611,57123611,3,6,2,1,0,0,0,0,0,0,0,40,0,0,0,12,6,2,12,0,0,0,1,12,33844,6,1,6,3,3,3,72,999,0,0,0,0,0,0,0,0,0,0,0,0,0,0,1,2,55,1,2,2,2,0,0,1,62,1,1,1,51,0,0
39,390681,2,2,1,14,10,3,15,12,2,1,1,39,1,12,401,12401,14,2002,1FMZU74E42UA,1,F,M,Z,U,7,4,E,4,2,U,A,0,0,0,000000000,00000000000,0,0,0,1,0,0,0,0,0,0,0,998,0,0,0,12,6,2,12,0,0,0,1,39,45896,6,1,0,0,3,0,71,235,0,1,1,0,0,10,2012,9,2014,0,28,0,0,0,1,2,55,1,2,2,2,0,0,1,10,1,1,2,50,1,0
39,390683,1,1,1,13,8,13,35,34,0,1,0,39,2,54,31,54031,3,1999,JH4DC239XXS0,J,H,4,D,C,2,3,9,X,X,S,0,0,0,0,000000000,00000000000,0,0,0,1,0,0,0,0,0,0,0,50,0,1,5,12,6,2,1,0,0,0,1,39,45420,6,1,0,0,3,0,70,225,1,1,0,1,1,3,2012,5,2014,0,28,0,0,0,6,2,55,3,1,2,1,0,0,14,11,4,3,4,98,1,0
39,390684,1,3,1,4,10,23,30,12,6,1,0,39,1,12,17,12017,4,2006,1FAFP56U16A2,1,F,A,F,P,5,6,U,1,6,A,2,0,0,0,000000000,00000000000,0,0,0,1,0,0,0,0,0,0,0,998,0,0,0,11,4,3,12,0,0,0,1,39,43611,6,1,0,0,3,0,59,127,0,1,0,0,0,3,2013,3,2013,0,26,0,0,0,1,4,35,1,1,2,2,0,0,1,51,99,9,1,48,0,1
39,390684,2,3,2,4,10,23,30,12,6,1,0,31,2,12,13,12013,4,2002,3FAFP13PX2R1,3,F,A,F,P,1,3,P,X,2,R,1,0,0,0,000000000,00000000000,0,0,0,1,0,0,0,0,0,0,0,998,0,0,0,5,6,2,12,0,0,0,1,39,43460,6,1,0,0,3,3,64,290,1,0,0,0,0,11,2011,11,2011,0,0,0,0,0,1,4,35,1,1,2,2,0,0,1,53,1,1,1,48,2,0
39,390684,3,3,2,4,10,23,30,12,6,1,0,39,2,49,43,49043,4,1996,4T1BF12B5TU1,4,T,1,B,F,1,2,B,5,T,U,1,0,0,0,000000000,00000000000,0,0,0,1,0,0,0,0,0,0,0,998,0,0,0,12,6,2,12,0,0,0,1,39,43605,6,1,0,0,3,3,64,200,0,0,0,0,0,0,0,0,0,0,0,0,0,0,1,4,35,1,1,2,2,0,0,1,62,1,1,1,98,0,0
39,390685,1,1,1,6,10,12,46,25,0,1,0,39,1,12,37,12037,3,2005,3FAFP31NX5R1,3,F,A,F,P,3,1,N,X,5,R,1,0,0,0,000000000,00000000000,0,0,0,1,0,0,0,0,0,0,0,60,0,0,0,62,6,2,25,0,0,0,1,39,44077,6,1,0,0,3,0,62,165,1,0,0,0,0,12,2013,12,2013,0,99,99,99,99,3,3,60,1,1,2,1,0,0,15,12,1,1,4,6,1,0
39,390686,1,2,4,11,10,15,36,12,1,1,0,39,3,12,17,12017,4,1999,1FAFP53S0XG1,1,F,A,F,P,5,3,S,0,X,G,1,0,0,0,000000000,00000000000,0,0,0,1,0,0,0,0,0,0,0,10,0,0,0,6,6,2,12,0,0,0,1,39,45502,6,1,0,0,3,0,62,145,0,0,0,0,0,0,0,0,0,0,0,0,0,0,1,2,50,1,2,2,1,0,0,2,53,1,1,1,30,2,0
39,390686,2,2,1,11,10,15,36,12,1,1,0,39,2,12,401,12401,14,2004,1FMZU74E74UC,1,F,M,Z,U,7,4,E,7,4,U,C,0,0,0,000000000,00000000000,0,0,0,1,0,0,0,0,0,0,0,73,0,0,0,12,6,2,12,0,0,0,1,39,45505,1,1,0,0,2,0,76,230,0,0,0,0,0,0,0,0,0,3,26,0,0,0,1,2,50,1,2,2,1,0,0,1,52,1,1,1,28,0,1
39,390687,1,3,1,13,10,20,6,23,0,1,0,39,2,49,45,49045,4,2000,JTDBT123XY00,J,T,D,B,T,1,2,3,X,Y,0,0,0,0,0,000000000,00000000000,0,0,0,1,0,0,0,0,0,0,0,70,0,1,5,12,6,2,1,0,0,0,1,39,43160,1,1,0,0,2,0,66,110,1,5,0,1,3,10,2011,10,2014,0,28,0,0,0,2,2,70,1,1,2,1,0,0,1,12,1,1,4,6,1,1
39,390687,2,3,2,13,10,20,6,23,0,1,0,39,1,49,32,49032,4,2013,2T1BU4EE7DC9,2,T,1,B,U,4,E,E,7,D,C,9,0,0,0,000000000,00000000000,0,0,0,1,0,0,0,0,0,0,0,70,0,0,0,19,4,3,54,0,0,0,1,39,44131,6,1,0,0,3,0,72,185,0,0,0,0,0,0,0,0,0,0,0,0,0,0,2,2,70,1,1,2,1,0,0,1,19,1,1,3,98,0,0
39,390687,3,3,1,13,10,20,6,23,0,1,0,39,3,82,884,82884,66,2007,1FUJA6AV57LW,1,F,U,J,A,6,A,V,5,7,L,W,1,1,57,1022211,571022211,3,6,1,1,0,0,0,0,0,0,0,65,0,0,0,19,2,5,54,42,0,0,1,39,45118,6,1,6,1,3,0,70,182,0,0,0,1,1,3,2012,9,2013,0,0,0,0,0,2,2,70,1,1,2,1,0,0,1,19,1,1,3,98,0,0
39,390688,1,1,1,16,10,4,50,42,0,1,0,39,1,20,37,20037,4,2002,1G1NE52J02M6,1,G,1,N,E,5,2,J,0,2,M,6,0,0,0,000000000,00000000000,0,0,0,1,0,0,0,0,0,0,0,42,0,0,0,12,6,9,42,0,0,0,1,39,44870,6,1,0,0,3,0,66,160,1,0,0,0,0,7,2013,7,2013,0,27,0,0,0,1,2,55,1,1,2,1,0,0,1,19,1,1,4,6,1,0
39,390689,1,1,2,18,10,5,28,24,0,1,0,39,2,12,22,12022,6,2005,1FMZK06165GA,1,F,M,Z,K,0,6,1,6,5,G,A,0,0,0,000000000,00000000000,0,0,0,1,0,0,0,0,0,0,0,50,0,1,5,82,6,9,1,0,0,0,1,39,45356,1,1,0,0,2,3,65,150,0,0,0,0,0,0,0,0,0,0,28,0,0,0,1,2,55,3,2,2,1,0,0,14,13,1,1,4,1,1,0
39,390690,1,3,1,17,10,15,43,12,2,1,0,39,2,2,404,2404,14,2002,1J4GW48S32C3,1,J,4,G,W,4,8,S,3,2,C,3,0,0,0,000000000,00000000000,0,0,0,1,0,0,0,0,0,0,0,50,0,0,0,12,6,2,12,0,0,0,1,39,44251,1,1,0,0,2,3,70,180,0,1,0,0,0,4,2014,4,2014,0,27,0,0,0,1,2,55,1,1,2,1,0,0,6,10,1,1,2,50,0,0
39,390690,2,3,2,17,10,15,43,12,2,1,0,39,2,7,442,7442,20,2014,2C4RDGBG5ER3,2,C,4,R,D,G,B,G,5,E,R,3,0,0,0,000000000,00000000000,0,0,0,1,0,0,0,0,0,0,0,55,0,0,0,12,6,2,12,0,0,0,1,39,44254,6,1,0,0,3,3,68,165,0,0,0,1,0,10,2013,10,2013,0,0,0,0,0,1,2,55,1,1,2,1,0,0,1,62,1,1,1,51,0,0
39,390690,3,3,2,17,10,15,43,12,2,1,0,39,1,20,20,20020,4,2000,2G1WL52J0Y13,2,G,1,W,L,5,2,J,0,Y,1,3,0,0,0,000000000,00000000000,0,0,0,1,0,0,0,0,0,0,0,998,0,0,0,12,6,2,12,0,0,0,1,39,44256,6,1,0,0,3,0,65,170,0,0,0,0,0,0,0,0,0,9,0,0,0,0,1,2,55,1,1,2,1,0,0,1,54,3,2,1,98,1,0
39,390691,1,2,1,16,10,5,35,12,6,1,0,39,3,85,881,85881,66,1997,1XKDDB9X5VR7,1,X,K,D,D,B,9,X,5,V,R,7,1,1,57,2514237,572514237,3,6,1,1,0,0,0,0,0,0,0,50,0,0,0,12,6,2,12,0,0,0,1,39,43055,6,1,6,0,3,3,77,260,1,0,0,0,0,10,2014,10,2014,0,83,28,0,0,1,2,55,1,2,2,2,0,0,1,10,6,1,2,66,0,0
39,390691,2,2,1,16,10,5,35,12,6,1,0,39,1,12,37,12037,4,2012,1FAHP3F28CL2,1,F,A,H,P,3,F,2,8,C,L,2,0,0,0,000000000,00000000000,0,0,0,1,0,0,0,0,0,0,0,998,0,0,0,11,6,2,12,0,0,0,1,39,43050,6,1,0,0,3,0,64,172,0,0,0,0,0,0,0,0,0,0,0,0,0,0,1,2,55,1,2,2,2,0,0,1,62,1,1,1,66,1,0
39,390692,1,2,1,18,10,9,21,12,6,1,0,39,2,18,7,18007,4,1988,1G4AL5130JT4,1,G,4,A,L,5,1,3,0,J,T,4,0,0,0,000000000,00000000000,0,0,0,1,0,0,0,0,0,0,0,998,0,0,0,9,6,2,12,0,0,0,1,6,90501,6,1,0,0,3,3,999,999,0,0,0,0,0,0,0,0,0,0,38,0,0,0,1,2,40,1,1,2,2,0,0,11,15,1,1,1,82,1,0
39,390692,2,2,1,18,10,9,21,12,6,1,0,39,1,87,881,87881,66,2009,1XPXD40X69D7,1,X,P,X,D,4,0,X,6,9,D,7,1,1,57,1827161,571827161,3,6,4,1,0,0,0,0,0,0,0,28,0,0,0,12,4,3,12,0,0,0,1,39,43977,6,1,6,0,3,3,75,235,0,0,0,0,0,0,0,0,0,0,0,0,0,0,1,2,40,1,1,2,2,0,0,1,72,1,1,1,83,0,0
39,390693,1,1,1,22,10,23,50,8,0,1,0,39,1,20,37,20037,4,2007,1G1ZT58F37F1,1,G,1,Z,T,5,8,F,3,7,F,1,0,0,0,000000000,00000000000,0,0,0,1,0,0,0,0,0,0,0,45,0,0,0,1,2,5,8,0,0,0,1,39,44057,6,1,0,0,3,3,71,250,0,0,0,1,0,12,2013,12,2013,0,0,0,0,0,1,4,45,1,1,2,1,0,0,1,80,1,1,1,13,0,0
39,390694,1,1,1,24,10,8,0,8,0,1,0,39,1,20,2,20002,4,2001,2G1WH55KX191,2,G,1,W,H,5,5,K,X,1,9,1,0,0,0,000000000,00000000000,0,0,0,1,0,0,0,0,0,0,0,5,0,0,0,11,2,5,8,0,0,0,1,39,45205,6,1,0,0,3,0,73,200,0,1,0,0,0,5,2014,5,2014,0,38,0,0,0,1,4,25,1,1,2,1,20,3,11,80,1,1,1,13,0,0
39,390695,1,2,1,26,10,4,37,12,2,1,0,39,2,7,442,7442,20,2002,2B8GP74L12R6,2,B,8,G,P,7,4,L,1,2,R,6,0,0,0,000000000,00000000000,0,0,0,1,0,0,0,0,0,0,0,998,0,0,0,12,6,2,12,0,0,0,1,39,43232,3,1,0,0,2,0,68,180,0,0,0,0,0,0,0,0,0,0,51,0,0,0,3,6,70,1,2,2,1,0,0,15,98,1,1,2,50,1,1
39,390695,2,2,2,26,10,4,37,12,2,1,0,39,3,51,881,51881,66,2002,4V4NC9TJ52N3,4,V,4,N,C,9,T,J,5,2,N,3,1,1,57,1332123,571332123,3,6,1,1,0,0,0,0,0,0,0,68,0,0,0,12,6,2,12,0,0,0,1,5,72032,6,1,6,0,3,0,76,210,0,0,0,0,0,0,0,0,0,0,0,0,0,0,3,6,70,1,2,2,1,0,0,1,63,1,1,1,51,0,0
39,390696,1,1,1,20,10,13,6,52,0,1,0,11,1,34,35,34035,4,2002,WBSDE93402CF,W,B,S,D,E,9,3,4,0,2,C,F,0,0,0,000000000,00000000000,0,0,0,1,0,0,0,0,0,0,0,998,0,0,0,62,6,2,52,0,0,0,1,11,44021,3,1,0,0,2,3,72,165,0,0,0,0,0,0,0,0,0,4,28,89,0,0,1,2,55,2,1,2,1,0,0,14,13,1,1,4,1,1,0
39,390698,1,1,1,27,9,3,34,39,0,1,0,39,2,7,20,7020,4,2003,1B3AS26C53D1,1,B,3,A,S,2,6,C,5,3,D,1,0,0,0,000000000,00000000000,0,0,0,1,0,0,0,0,0,0,0,80,0,0,0,9,6,2,39,0,0,1,1,39,45459,6,1,0,0,3,0,71,155,0,4,0,2,0,10,2011,9,2014,3,29,0,0,0,1,3,40,1,1,2,1,0,0,6,13,1,7,4,4,1,1
39,390699,1,5,2,27,9,15,12,1,0,1,0,39,1,72,706,72706,80,2000,1HD1DDV19YY6,1,H,D,1,D,D,V,1,9,Y,Y,6,0,0,0,000000000,00000000000,0,0,0,1,0,0,0,0,0,0,0,998,0,0,0,0,6,2,1,0,0,0,1,39,45002,6,1,0,0,3,0,71,210,0,0,0,2,0,8,2012,8,2012,0,99,99,99,99,1,2,55,3,2,2,1,0,0,14,98,99,9,9,98,0,0
39,390699,2,5,2,27,9,15,12,1,0,1,0,39,1,72,706,72706,80,1997,1HD1BJL4XVY0,1,H,D,1,B,J,L,4,X,V,Y,0,0,0,0,000000000,00000000000,0,0,0,1,0,0,0,0,0,0,0,30,0,0,0,0,6,8,1,0,0,0,1,39,45030,6,1,6,0,3,0,71,200,1,0,0,0,0,6,2014,6,2014,0,99,99,99,99,1,2,55,3,2,2,1,0,0,14,98,99,9,9,98,0,0
39,390699,3,5,2,27,9,15,12,1,0,1,0,18,1,72,706,72706,80,1995,1HD1DDL13SY5,1,H,D,1,D,D,L,1,3,S,Y,5,0,0,0,000000000,00000000000,0,0,0,1,0,0,0,0,0,0,0,998,0,0,0,0,6,2,1,0,0,0,1,18,47025,6,1,0,0,3,0,71,170,0,0,0,0,0,0,0,0,0,0,99,99,99,99,1,2,55,3,2,2,1,0,0,14,98,99,9,9,98,1,0
39,390699,4,5,1,27,9,15,12,1,0,1,0,39,1,72,706,72706,80,2008,1HD1FF4188Y6,1,H,D,1,F,F,4,1,8,8,Y,6,0,0,0,000000000,00000000000,0,0,0,1,0,0,0,0,0,0,0,45,0,0,0,0,6,2,1,0,0,0,1,39,45002,6,1,0,0,3,0,70,210,0,0,0,0,0,0,0,0,0,0,99,99,99,99,1,2,55,3,2,2,1,0,0,14,98,99,9,9,98,0,0
39,390699,5,5,2,27,9,15,12,1,0,1,0,39,1,37,706,37706,80,1999,1HFSC2206XA1,1,H,F,S,C,2,2,0,6,X,A,1,0,0,0,000000000,00000000000,0,0,0,1,0,0,0,0,0,0,0,998,0,0,0,0,4,8,1,0,0,0,1,39,45002,6,1,6,0,3,0,70,250,0,0,0,0,0,0,0,0,0,0,99,99,99,99,1,2,55,3,2,2,1,0,0,14,98,99,9,9,98,0,0
39,390700,1,2,1,15,10,6,47,12,6,1,0,26,3,85,884,85884,66,2014,1XKDD49X7EJ3,1,X,K,D,D,4,9,X,7,E,J,3,1,1,57,241821,57241821,3,6,1,1,0,0,0,0,0,0,0,0,7,0,0,7,6,2,12,42,0,0,1,26,48192,6,1,6,3,3,3,70,190,0,0,0,0,1,5,2013,5,2013,0,54,0,0,0,1,2,55,1,1,2,2,0,0,13,98,1,1,3,92,0,0
39,390700,2,2,1,15,10,6,47,12,6,1,0,39,1,12,37,12037,4,2006,1FAFP34N96W1,1,F,A,F,P,3,4,N,9,6,W,1,0,0,0,000000000,00000000000,0,0,0,1,0,0,0,0,0,0,0,998,0,0,0,12,6,2,12,0,0,0,1,39,44847,6,1,0,0,3,0,71,205,0,0,0,0,0,0,0,0,0,0,26,0,0,0,1,2,55,1,1,2,2,0,0,1,59,1,1,1,93,1,0
39,390701,1,1,1,25,10,3,27,8,0,1,1,39,2,35,47,35047,4,1998,1N4DL01D4WC1,1,N,4,D,L,0,1,D,4,W,C,1,0,0,0,000000000,00000000000,0,0,0,1,0,0,0,0,0,0,0,998,0,0,0,11,2,3,8,0,0,0,1,39,43026,6,1,0,0,3,3,73,155,0,0,0,0,0,0,0,0,0,0,86,0,0,0,1,4,45,1,1,2,1,0,0,1,80,1,1,1,13,0,1
39,390702,1,1,1,28,10,21,22,35,0,1,0,39,1,35,472,35472,30,2002,1N6DD26S82C3,1,N,6,D,D,2,6,S,8,2,C,3,0,0,0,000000000,00000000000,0,0,0,1,0,0,0,0,0,0,0,998,0,0,0,12,6,2,32,0,0,0,1,39,45623,1,1,0,0,2,0,71,215,0,2,0,0,1,12,2012,3,2014,0,28,0,0,0,1,2,55,1,1,2,2,0,0,1,13,1,1,4,1,1,1
39,390703,1,1,1,21,10,0,40,53,0,1,0,39,1,20,481,20481,31,2000,1GCEC14V6YE4,1,G,C,E,C,1,4,V,6,Y,E,4,0,0,0,000000000,00000000000,0,0,0,1,0,0,0,0,0,0,0,998,0,0,0,12,6,2,42,0,0,0,1,39,44234,1,1,0,0,2,0,71,175,0,1,0,0,0,8,2014,8,2014,0,27,0,0,0,1,2,55,3,2,2,2,0,0,14,13,1,1,4,1,1,1
39,390704,1,1,1,25,10,1,3,53,0,1,0,39,2,2,404,2404,14,2004,1J4GW48N54C1,1,J,4,G,W,4,8,N,5,4,C,1,0,0,0,000000000,00000000000,0,0,0,1,0,0,0,0,0,0,0,998,0,1,5,81,6,9,1,0,0,0,1,39,43146,6,1,0,0,3,3,62,190,0,1,0,0,0,3,2013,3,2013,0,28,0,0,0,1,2,45,2,2,2,1,0,0,14,13,1,2,4,2,1,1
39,390705,1,3,1,20,10,15,25,12,6,1,0,39,1,20,471,20471,30,1998,1GCCS1449W82,1,G,C,C,S,1,4,4,9,W,8,2,0,0,0,000000000,00000000000,0,0,0,1,0,0,0,0,0,0,0,998,0,1,1,11,6,2,12,0,0,0,1,39,45710,1,1,0,0,2,0,72,205,0,3,0,0,0,11,2011,5,2012,0,38,0,0,0,1,2,55,2,1,2,3,0,0,11,15,1,1,1,68,1,0