STATE,ST_CASE,VEH_NO,VE_FORMS,NUMOCCS,DAY,MONTH,HOUR,MINUTE,HARM_EV,MAN_COLL,UNITTYPE,HIT_RUN,REG_STAT,OWNER,MAKE,MODEL,MAK_MOD,BODY_TYP,MOD_YEAR,VIN,VIN_1,VIN_2,VIN_3,VIN_4,VIN_5,VIN_6,VIN_7,VIN_8,VIN_9,VIN_10,VIN_11,VIN_12,TOW_VEH,J_KNIFE,MCARR_I1,MCARR_I2,MCARR_ID,GVWR,V_CONFIG,CARGO_BT,HAZ_INV,HAZ_PLAC,HAZ_ID,HAZ_CNO,HAZ_REL,BUS_USE,SPEC_USE,EMER_USE,TRAV_SP,UNDERIDE,ROLLOVER,ROLINLOC,IMPACT1,DEFORMED,TOWED,M_HARM,VEH_SC1,VEH_SC2,FIRE_EXP,DR_PRES,L_STATE,DR_ZIP,L_STATUS,L_TYPE,CDL_STAT,L_ENDORS,L_COMPL,L_RESTRI,DR_HGT,DR_WGT,PREV_ACC,PREV_SUS,PREV_DWI,PREV_SPD,PREV_OTH,FIRST_MO,FIRST_YR,LAST_MO,LAST_YR,SPEEDREL,DR_SF1,DR_SF2,DR_SF3,DR_SF4,VTRAFWAY,VNUM_LAN,VSPD_LIM,VALIGN,VPROFILE,VPAVETYP,VSURCOND,VTRAFCON,VTCONT_F,P_CRASH1,P_CRASH2,P_CRASH3,PCRASH4,PCRASH5,ACC_TYPE,DEATHS,DR_DRINK
39,390785,1,1,3,21,11,19,21,8,0,1,1,39,2,49,40,49040,4,1991,4T1SV21E7MU4,4,T,1,S,V,2,1,E,7,M,U,4,0,0,0,000000000,00000000000,0,0,0,1,0,0,0,0,0,0,0,998,0,0,0,11,4,3,8,0,0,0,1,39,43229,1,1,0,0,2,0,70,140,0,1,0,0,0,1,2012,1,2012,0,0,0,0,0,3,4,45,1,1,2,1,0,0,1,80,1,1,1,13,0,0
39,390786,1,2,2,16,11,18,13,12,2,1,0,39,2,12,461,12461,21,2000,1FTRE1425YHB,1,F,T,R,E,1,4,2,5,Y,H,B,0,0,0,000000000,00000000000,0,0,0,1,0,0,0,0,0,0,0,30,0,0,0,12,6,2,12,0,0,0,1,39,45162,6,1,0,0,3,0,60,135,2,0,0,0,2,8,2013,10,2013,0,28,0,0,0,1,2,40,1,1,2,2,0,0,1,10,1,1,2,50,0,0
39,390786,2,2,2,16,11,18,13,12,2,1,0,39,1,42,39,42039,4,1988,WDBDA28D3JF4,W,D,B,D,A,2,8,D,3,J,F,4,0,0,0,000000000,00000000000,0,0,0,1,0,0,0,0,0,0,0,30,0,0,0,12,6,2,12,0,0,0,1,39,45107,6,1,0,0,3,0,67,140,2,0,0,0,2,11,2012,8,2014,0,0,0,0,0,1,2,40,1,1,2,2,0,0,1,62,1,1,1,51,1,0
39,390787,1,1,2,17,11,20,10,8,0,1,0,39,2,63,37,63037,6,2011,KNDJT2A2XB72,K,N,D,J,T,2,A,2,X,B,7,2,0,0,0,000000000,00000000000,0,0,0,1,0,0,0,0,0,0,0,30,0,0,0,12,4,3,8,0,0,0,1,39,45406,6,1,0,0,3,3,68,165,0,0,0,0,0,0,0,0,0,0,0,0,0,0,1,4,40,1,1,2,1,0,0,1,80,1,1,1,13,0,0
39,390788,1,5,1,3,10,12,13,12,8,1,0,39,2,18,25,18025,4,2013,1G4PS5SK3D41,1,G,4,P,S,5,S,K,3,D,4,1,0,0,0,000000000,00000000000,0,0,0,1,0,0,0,0,0,0,0,35,0,0,0,61,9,3,12,0,0,0,1,39,44122,6,1,0,0,3,3,68,185,1,0,0,0,1,9,2014,10,2014,0,28,0,0,0,1,4,35,1,2,2,2,0,0,1,10,1,1,2,64,0,0
39,390788,2,5,1,3,10,12,13,12,8,1,0,39,2,35,49,35049,9,2009,JN8AZ18U79W0,J,N,8,A,Z,1,8,U,7,9,W,0,0,0,0,000000000,00000000000,0,0,0,1,0,0,0,0,0,0,0,0,0,0,0,61,2,5,12,0,0,0,1,39,44124,6,1,0,0,3,0,65,136,0,0,0,0,0,0,0,0,0,0,0,0,0,0,1,4,35,1,2,2,2,0,0,5,62,1,1,1,65,0,0
39,390788,3,5,2,3,10,12,13,12,8,1,0,39,1,18,22,18022,4,2009,2G4WD582X911,2,G,4,W,D,5,8,2,X,9,1,1,0,0,0,000000000,00000000000,0,0,0,1,0,0,0,0,0,0,0,0,0,0,0,61,4,3,12,0,0,0,1,39,44124,6,1,0,0,3,0,67,202,1,0,0,0,0,10,2011,10,2011,0,0,0,0,0,1,4,35,1,2,2,2,0,0,5,62,1,1,1,98,0,0
39,390788,4,5,1,3,10,12,13,12,8,1,0,39,1,24,7,24007,4,2005,1G8AJ52F55Z1,1,G,8,A,J,5,2,F,5,5,Z,1,0,0,0,000000000,00000000000,0,0,0,1,0,0,0,0,0,0,0,0,0,0,0,62,6,2,12,0,0,0,1,39,44121,6,1,0,0,3,3,73,245,0,0,0,0,0,0,0,0,0,0,0,0,0,0,1,4,35,1,2,2,2,0,0,5,62,1,1,1,98,1,0
39,390788,5,5,1,3,10,12,13,12,8,1,0,39,2,34,37,34037,4,2014,WBAYE4C52ED1,W,B,A,Y,E,4,C,5,2,E,D,1,0,0,0,000000000,00000000000,0,0,0,1,0,0,0,0,0,0,0,0,0,0,0,12,2,5,12,0,0,0,1,12,33431,6,1,0,0,3,3,72,999,0,0,0,1,0,1,2014,1,2014,0,0,0,0,0,1,4,35,1,2,2,2,0,0,5,60,1,1,1,98,0,0
39,390789,1,1,1,23,11,22,45,35,0,1,0,39,1,20,403,20403,14,2004,1GNDT13S8423,1,G,N,D,T,1,3,S,8,4,2,3,0,0,0,000000000,00000000000,0,0,0,1,0,0,0,0,0,0,0,998,0,1,5,12,6,2,1,0,0,0,1,39,44423,6,1,0,0,3,3,68,140,3,4,1,1,1,6,2013,3,2014,4,0,0,0,0,1,2,55,3,2,2,2,0,0,14,6,1,1,4,4,1,1
39,390790,1,3,1,17,11,13,54,12,6,1,0,39,2,20,36,20036,2,2006,2G1WN1611692,2,G,1,W,N,1,6,1,1,6,9,2,0,0,0,000000000,00000000000,0,0,0,1,0,0,0,0,0,0,0,998,0,0,0,3,6,2,12,0,0,0,1,39,43123,6,1,0,0,3,3,68,110,0,0,0,0,0,0,0,0,0,4,0,0,0,0,2,4,50,2,1,2,2,0,0,14,10,1,9,6,66,1,0
39,390790,2,3,2,17,11,13,54,12,6,1,0,39,1,23,481,23481,31,2008,1GTEC14X68Z2,1,G,T,E,C,1,4,X,6,8,Z,2,0,0,0,000000000,00000000000,0,0,0,1,0,0,0,0,0,0,0,50,0,0,0,12,6,2,12,0,0,0,1,39,45690,6,1,0,0,3,3,70,140,0,0,0,0,0,0,0,0,0,0,0,0,0,0,2,4,50,1,1,2,2,0,0,1,62,1,1,1,66,0,0
39,390790,3,3,4,17,11,13,54,12,6,1,0,39,1,12,401,12401,14,2003,1FMZU73K83UC,1,F,M,Z,U,7,3,K,8,3,U,C,0,0,0,000000000,00000000000,0,0,0,1,0,0,0,0,0,0,0,30,0,0,0,12,4,3,12,0,0,0,1,39,45660,6,1,0,0,3,0,63,100,0,0,0,0,0,0,0,0,0,0,0,0,0,0,2,4,50,1,1,2,2,0,0,1,62,1,1,1,98,0,0
39,390791,1,1,1,20,11,17,52,42,0,1,0,39,1,20,402,20402,14,2000,2CNBJ13C1Y69,2,C,N,B,J,1,3,C,1,Y,6,9,0,0,0,000000000,00000000000,0,0,0,1,0,0,0,0,0,0,0,998,0,0,0,12,6,2,42,0,0,0,1,39,44410,6,1,0,0,3,0,64,125,2,0,0,0,1,3,2013,2,2014,4,28,0,0,0,1,2,45,1,1,2,4,0,0,1,12,1,1,4,6,1,0
39,390792,1,4,4,18,10,16,4,54,11,1,0,39,3,87,882,87882,63,2009,2NPRHN8X69M7,2,N,P,R,H,N,8,X,6,9,M,7,0,0,88,888888888,88888888888,3,1,1,1,0,0,0,0,0,7,5,998,5,0,0,18,0,5,9,0,0,0,1,39,43609,6,1,0,0,3,3,70,240,0,0,0,0,0,0,0,0,0,0,0,0,0,0,1,2,35,1,1,2,1,0,0,1,98,1,1,1,98,0,0
39,390792,2,4,1,18,10,16,4,54,11,1,0,39,3,12,461,12461,21,2014,1FTNE1EW5EDA,1,F,T,N,E,1,E,W,5,E,D,A,0,0,0,000000000,00000000000,0,0,0,1,0,0,0,0,0,0,0,0,0,0,0,18,0,5,54,0,0,0,1,39,43612,6,1,0,0,3,0,66,223,1,0,0,0,0,2,2014,2,2014,0,0,0,0,0,1,2,35,1,1,2,1,0,0,5,98,1,1,1,98,0,0
39,390792,3,4,5,18,10,16,4,54,11,1,0,39,1,6,441,6441,20,2003,2C8GP64L03R2,2,C,8,G,P,6,4,L,0,3,R,2,0,0,0,000000000,00000000000,0,0,0,1,0,0,0,0,0,0,0,0,0,0,0,18,2,5,54,0,0,0,1,39,43605,6,1,0,0,3,0,62,183,2,1,0,0,1,11,2011,4,2014,0,0,0,0,0,1,2,35,1,1,2,1,0,0,5,98,1,1,1,98,0,0
39,390792,4,4,1,18,10,16,4,54,11,1,0,39,2,20,403,20403,14,2005,1GNDT13S6523,1,G,N,D,T,1,3,S,6,5,2,3,0,0,0,000000000,00000000000,0,0,0,1,0,0,0,0,0,0,0,0,0,0,0,18,9,5,54,0,0,0,1,39,43609,6,1,6,0,3,0,71,210,0,0,0,0,1,10,2011,10,2011,0,0,0,0,0,1,2,35,1,1,2,1,3,3,5,98,1,1,1,98,0,0
39,390793,1,1,1,21,11,9,0,34,0,1,0,39,1,13,5,13005,4,2000,1LNHM97V0YY9,1,L,N,H,M,9,7,V,0,Y,Y,9,0,0,0,000000000,00000000000,0,0,0,1,0,0,0,0,0,0,0,998,0,1,5,12,6,2,1,0,0,0,1,39,44490,6,1,0,0,3,3,70,165,0,0,0,0,0,0,0,0,0,9,28,0,0,0,1,2,55,1,2,2,1,0,0,1,13,1,1,4,1,1,1
39,390794,1,2,1,17,11,7,23,12,2,1,0,39,1,12,17,12017,4,2002,1FAFP53U82A2,1,F,A,F,P,5,3,U,8,2,A,2,0,0,0,000000000,00000000000,0,0,0,1,0,0,0,0,0,0,0,40,0,0,0,12,6,2,12,0,0,0,1,39,45385,6,1,0,0,3,3,72,300,0,0,0,0,0,0,0,0,0,0,28,0,0,0,1,2,45,3,2,2,3,0,0,14,10,1,1,2,50,1,0
39,390794,2,2,1,17,11,7,23,12,2,1,0,39,1,2,403,2403,14,2007,1J4FA24187L1,1,J,4,F,A,2,4,1,8,7,L,1,0,0,0,000000000,00000000000,0,0,0,1,0,0,0,0,0,0,0,35,0,0,0,12,6,2,12,0,0,0,1,12,45433,6,1,6,3,3,0,66,999,0,0,0,0,0,0,0,0,0,0,0,0,0,0,1,2,45,1,2,2,3,0,0,1,62,1,1,1,51,0,0
39,390796,1,1,1,2,11,2,30,34,0,1,0,39,2,12,461,12461,21,2002,1FMRE11W12HB,1,F,M,R,E,1,1,W,1,2,H,B,0,0,0,000000000,00000000000,0,0,0,1,0,0,0,0,0,0,0,97,0,1,5,1,6,8,34,0,0,0,1,39,44126,6,1,0,0,3,3,69,155,0,0,0,2,0,10,2013,6,2014,3,0,0,0,0,3,6,65,1,1,2,1,0,0,1,6,1,9,4,4,1,1
39,390797,1,2,2,20,11,22,39,12,1,1,0,31,3,85,881,85881,66,2015,1XKYD49X3FJ4,1,X,K,Y,D,4,9,X,3,F,J,4,1,1,57,53467,5753467,3,6,1,1,0,0,0,0,0,0,0,0,0,0,0,6,6,2,12,0,0,0,1,12,33897,6,1,6,0,3,0,66,999,0,0,0,0,0,0,0,0,0,0,0,0,0,0,3,6,70,1,1,2,1,0,0,5,53,1,1,1,21,0,0
39,390797,2,2,1,20,11,22,39,12,1,1,0,39,3,12,461,12461,21,2006,1FTSS34L76DA,1,F,T,S,S,3,4,L,7,6,D,A,0,0,0,000000000,00000000000,0,0,0,1,0,0,0,0,0,0,0,70,0,0,0,12,6,2,12,0,0,0,1,39,43206,6,1,0,0,3,3,66,185,2,0,0,0,1,11,2013,2,2014,0,26,0,0,0,3,6,70,1,1,2,1,0,0,1,50,1,1,1,20,1,0
39,390798,1,1,1,21,11,21,39,8,0,1,0,39,1,7,442,7442,20,2003,1D4GP243X3B2,1,D,4,G,P,2,4,3,X,3,B,2,0,0,0,000000000,00000000000,0,0,0,1,0,0,0,0,0,0,0,40,0,0,0,12,2,5,8,0,0,0,1,39,45701,6,1,0,0,3,3,66,250,0,0,0,0,0,0,0,0,0,0,0,0,0,0,1,2,45,1,2,2,1,0,0,1,80,1,1,1,13,0,0
39,390799,1,2,2,22,11,0,0,12,2,1,0,39,2,7,43,7043,4,2002,1B3EL36XX2N3,1,B,3,E,L,3,6,X,X,2,N,3,0,0,0,000000000,00000000000,0,0,0,1,0,0,0,0,0,0,0,998,0,0,0,12,6,2,12,0,0,0,1,39,43755,6,1,0,0,3,0,71,180,0,0,0,0,0,0,0,0,0,0,28,0,0,0,1,5,45,1,2,2,1,0,0,1,10,1,1,2,50,1,0
39,390799,2,2,1,22,11,0,0,12,2,1,0,39,2,12,401,12401,14,2000,1FMZU73E5YZC,1,F,M,Z,U,7,3,E,5,Y,Z,C,0,0,0,000000000,00000000000,0,0,0,1,0,0,0,0,0,0,0,45,0,0,0,12,6,2,12,0,0,0,1,39,43701,6,1,0,0,3,3,67,210,0,0,0,0,0,0,0,0,0,0,0,0,0,0,1,5,45,1,2,2,1,0,0,1,62,1,1,1,51,0,0
39,390801,1,2,1,26,11,14,29,12,2,1,0,39,3,85,884,85884,66,1981,1XKWD29X9BS1,1,X,K,W,D,2,9,X,9,B,S,1,1,3,57,2279635,572279635,3,6,4,1,0,0,0,0,0,0,0,50,0,1,5,12,6,2,12,42,0,0,1,39,43812,6,1,6,1,3,0,71,200,0,0,0,0,0,0,0,0,0,0,0,0,0,0,1,2,55,1,1,2,1,0,0,1,62,1,1,1,51,0,0
39,390801,2,2,3,26,11,14,29,12,2,1,0,39,1,20,16,20016,4,2000,1G1JC5246Y73,1,G,1,J,C,5,2,4,6,Y,7,3,0,0,0,000000000,00000000000,0,0,0,1,0,0,0,0,0,0,0,57,0,0,0,12,6,2,12,0,0,0,1,39,43812,6,1,0,0,3,3,74,255,0,0,0,0,0,0,0,0,0,0,28,0,0,0,1,2,55,1,1,2,1,0,0,1,10,1,1,2,50,3,0
39,390802,1,1,1,10,11,22,47,5,0,1,0,39,1,2,404,2404,14,2003,1J4GW48SX3C5,1,J,4,G,W,4,8,S,X,3,C,5,0,0,0,000000000,00000000000,0,0,0,1,0,0,0,0,0,0,0,10,0,0,0,0,2,3,5,0,0,0,1,39,45415,6,1,0,0,3,3,62,215,0,0,0,0,0,0,0,0,0,0,59,0,0,0,1,2,25,1,2,2,1,0,0,98,98,1,7,4,0,1,0
39,390803,1,2,1,22,11,16,49,12,6,1,0,39,2,2,405,2405,14,2002,1J4GL58K22W2,1,J,4,G,L,5,8,K,2,2,W,2,0,0,0,000000000,00000000000,0,0,0,1,0,0,0,0,0,0,0,60,0,1,1,3,6,2,12,0,0,0,1,39,43571,6,1,0,0,3,3,65,130,0,0,0,1,0,2,2012,2,2012,0,26,0,0,0,1,4,60,1,1,2,2,0,0,1,10,7,4,2,66,0,0
39,390803,2,2,2,22,11,16,49,12,6,1,0,39,1,2,1,2001,6,2014,1C4NJCCB2ED7,1,C,4,N,J,C,C,B,2,E,D,7,0,0,0,000000000,00000000000,0,0,0,1,0,0,0,0,0,0,0,998,0,0,0,11,6,2,12,0,0,0,1,39,43537,6,1,0,0,3,3,63,160,0,0,0,0,0,0,0,0,0,0,0,0,0,0,1,4,60,1,1,2,2,0,0,1,62,1,1,1,66,1,0
39,390804,1,5,1,6,11,14,8,12,1,1,0,39,3,85,884,85884,63,2000,1NKDX6TX2YJ8,1,N,K,D,X,6,T,X,2,Y,J,8,0,0,99,999999999,99999999999,3,2,4,1,0,0,0,0,0,0,0,45,0,0,0,12,6,2,12,42,0,0,1,39,44601,6,1,6,0,3,0,71,200,1,0,0,0,2,2,2012,6,2012,0,26,0,0,0,1,2,50,1,1,2,2,3,3,6,52,1,1,2,20,0,0
39,390804,2,5,1,6,11,14,8,12,1,1,0,39,3,84,981,84981,50,2012,4DRBUAAN6CB6,4,D,R,B,U,A,A,N,6,C,B,6,0,0,99,999999999,99999999999,3,21,22,1,0,0,0,0,1,2,0,1,0,0,0,6,4,9,12,42,0,0,1,39,44730,6,1,6,3,3,3,67,180,0,0,0,0,0,0,0,0,0,0,0,0,0,0,1,2,50,1,1,2,2,3,3,2,19,1,1,1,98,0,0
39,390804,3,5,1,6,11,14,8,12,1,1,0,39,1,48,401,48401,14,2006,JF1SG63696H7,J,F,1,S,G,6,3,6,9,6,H,7,0,0,0,000000000,00000000000,0,0,0,1,0,0,0,0,0,0,0,0,0,0,0,6,6,2,12,0,0,0,1,39,44643,6,1,6,0,3,3,68,175,0,0,0,0,0,0,0,0,0,0,0,0,0,0,1,2,50,1,1,2,2,3,3,5,19,1,1,1,98,0,0
39,390804,4,5,1,6,11,14,8,12,1,1,0,39,2,12,402,12402,14,2009,1FMCU03709KB,1,F,M,C,U,0,3,7,0,9,K,B,0,0,0,000000000,00000000000,0,0,0,1,0,0,0,0,0,0,0,0,0,0,0,61,6,2,12,0,0,0,1,39,44721,6,1,0,0,3,3,65,250,0,0,0,0,0,0,0,0,0,0,0,0,0,0,1,2,50,1,1,2,2,3,3,5,19,1,1,1,98,0,0
39,390804,5,5,1,6,11,14,8,12,1,1,0,39,1,12,23,12023,4,2011,3FAHP0JA9BR3,3,F,A,H,P,0,J,A,9,B,R,3,0,0,0,000000000,00000000000,0,0,0,1,0,0,0,0,0,0,0,0,0,0,0,6,6,2,12,0,0,0,1,39,44688,6,1,0,0,3,0,75,225,0,0,0,0,0,0,0,0,0,0,0,0,0,0,1,2,50,1,1,2,2,3,3,5,19,1,1,1,21,1,0
39,390805,1,3,1,17,11,8,41,12,6,1,0,39,2,18,401,18401,14,2004,3G5DA03E24S5,3,G,5,D,A,0,3,E,2,4,S,5,0,0,0,000000000,00000000000,0,0,0,1,0,0,0,0,0,0,0,45,0,0,0,12,6,2,12,0,0,0,1,39,45810,6,1,0,0,3,3,67,170,0,0,0,1,0,12,2011,12,2011,0,0,0,0,0,1,2,55,1,1,2,3,0,0,1,62,99,1,1,66,1,0
39,390805,2,3,1,17,11,8,41,12,6,1,0,39,1,41,44,41044,2,1994,1YVGE31C7R51,1,Y,V,G,E,3,1,C,7,R,5,1,0,0,0,000000000,00000000000,0,0,0,1,0,0,0,0,0,0,0,53,0,0,0,3,6,2,12,0,0,0,1,39,45810,6,1,0,0,3,0,72,145,0,0,0,0,1,1,2014,1,2014,0,28,79,0,0,1,2,55,1,1,2,3,0,0,1,10,1,4,2,66,0,0
39,390805,3,3,1,17,11,8,41,12,6,1,0,39,1,14,17,14017,4,1996,1MELM53S3TG6,1,M,E,L,M,5,3,S,3,T,G,6,0,0,0,000000000,00000000000,0,0,0,1,0,0,0,0,0,0,0,45,0,0,0,3,2,5,12,0,0,0,1,39,45804,6,1,0,0,3,3,61,130,0,0,0,0,0,0,0,0,0,0,0,0,0,0,1,2,55,1,1,2,3,0,0,1,62,7,9,9,98,0,0
39,390806,1,1,2,25,11,18,55,24,0,1,0,39,1,12,401,12401,14,1998,1FMZU32P1WZB,1,F,M,Z,U,3,2,P,1,W,Z,B,0,0,0,000000000,00000000000,0,0,0,1,0,0,0,0,0,0,0,50,0,2,5,5,6,2,1,0,0,0,1,39,45840,6,1,0,0,3,0,66,140,2,1,0,0,2,9,2013,6,2014,0,0,0,0,0,1,4,35,3,1,2,1,0,0,14,13,1,1,4,4,1,1
39,390807,1,1,1,26,11,10,58,33,0,1,0,39,1,12,16,12016,4,2010,2FABP7BV5AX1,2,F,A,B,P,7,B,V,5,A,X,1,0,0,0,000000000,00000000000,0,0,0,1,0,0,0,0,0,0,0,35,0,0,0,11,6,2,14,0,0,0,1,39,43213,6,1,0,0,3,3,71,170,2,0,0,2,0,2,2012,11,2014,0,99,99,99,99,1,5,35,1,1,2,1,0,0,99,5,99,9,4,10,1,0
39,390808,1,2,1,7,11,10,46,12,6,1,0,39,1,7,442,7442,20,2007,2D4GP44L67R3,2,D,4,G,P,4,4,L,6,7,R,3,0,0,0,000000000,00000000000,0,0,0,1,0,0,0,0,0,0,0,15,0,0,0,61,6,2,12,0,0,0,1,39,45363,6,1,0,0,3,3,66,225,0,0,0,0,0,0,0,0,0,0,38,0,0,0,1,2,55,1,1,2,1,20,3,4,17,1,1,1,89,0,0
39,390808,2,2,1,7,11,10,46,12,6,1,0,39,1,37,402,37402,14,2013,5J6RM4H32DL0,5,J,6,R,M,4,H,3,2,D,L,0,0,0,0,000000000,00000000000,0,0,0,1,0,0,0,0,0,0,0,60,0,1,5,12,6,2,1,0,0,0,1,39,45380,6,1,0,0,3,0,66,225,0,0,0,1,0,8,2012,8,2012,3,0,0,0,0,1,2,55,1,1,2,1,0,0,1,66,1,1,1,88,1,0
39,390809,1,1,1,18,11,15,11,24,0,1,0,39,1,20,16,20016,4,1998,1G1JC5243W72,1,G,1,J,C,5,2,4,3,W,7,2,0,0,0,000000000,00000000000,0,0,0,1,0,0,0,0,0,0,0,998,0,0,0,12,6,2,42,0,0,0,1,39,43907,6,1,0,0,3,3,68,175,0,0,0,0,0,0,0,0,0,4,28,0,0,0,1,2,55,3,2,2,3,0,0,14,11,1,1,4,1,1,0
39,390810,1,1,1,18,11,16,0,34,0,1,0,39,3,84,884,84884,66,2007,2HSCNAPR07C3,2,H,S,C,N,A,P,R,0,7,C,3,1,3,57,872618,57872618,3,6,1,1,0,0,0,0,0,0,0,50,0,0,0,12,6,2,42,42,0,0,1,39,44663,6,1,6,3,3,0,71,240,0,0,0,1,0,2,2013,2,2013,0,28,0,0,0,1,2,50,1,2,2,4,0,0,1,12,1,9,4,7,1,0
39,390811,1,1,1,3,7,22,35,8,0,1,0,39,1,63,402,63402,14,2011,5XYKTCA15BG0,5,X,Y,K,T,C,A,1,5,B,G,0,0,0,0,000000000,00000000000,0,0,0,1,0,0,0,0,0,0,0,999,0,0,0,1,2,5,8,0,0,0,1,39,43788,6,1,0,0,3,3,65,160,0,0,0,2,0,3,2013,8,2013,0,0,0,0,0,1,2,55,1,1,2,1,0,0,1,80,1,1,1,13,0,0
39,390812,1,1,1,23,11,18,10,15,0,1,0,39,1,12,17,12017,4,2005,1FAFP53255A2,1,F,A,F,P,5,3,2,5,5,A,2,0,0,0,000000000,00000000000,0,0,0,1,0,0,0,0,0,0,0,50,0,0,0,12,4,3,15,0,0,0,1,39,44432,6,1,0,0,3,3,61,163,0,0,0,0,0,0,0,0,0,0,0,0,0,0,1,2,55,1,1,2,1,0,0,1,80,1,1,1,13,0,0
39,390813,1,1,2,12,10,18,29,8,0,1,0,39,1,2,403,2403,14,2006,1J4FA44S26P7,1,J,4,F,A,4,4,S,2,6,P,7,0,0,0,000000000,00000000000,0,0,0,1,0,0,0,0,0,0,0,999,0,0,0,1,2,3,8,0,0,0,1,39,45252,6,1,6,0,3,0,73,175,2,1,0,0,3,11,2011,1,2013,0,6,0,0,0,1,2,40,1,1,2,1,0,0,1,13,99,9,4,5,0,0
39,390814,1,1,1,3,11,22,48,33,0,1,0,39,2,18,7,18007,4,2003,2G4WS52J1312,2,G,4,W,S,5,2,J,1,3,1,2,0,0,0,000000000,00000000000,0,0,0,1,0,0,0,0,0,0,0,35,0,0,0,11,6,8,30,0,0,0,1,39,45177,6,1,0,0,3,0,67,150,1,0,0,0,1,4,2013,5,2013,0,0,0,0,0,4,2,35,1,1,2,1,0,0,1,12,99,9,4,10,1,0
39,390815,1,2,1,11,11,8,0,12,2,1,0,39,1,20,403,20403,14,2008,1GNDT13S5821,1,G,N,D,T,1,3,S,5,8,2,1,0,0,0,000000000,00000000000,0,0,0,1,0,0,0,0,0,0,0,5,0,0,0,12,6,2,12,0,0,0,1,39,44483,6,1,0,0,3,0,68,175,0,0,0,1,0,10,2012,10,2012,0,38,0,0,0,1,2,45,1,1,2,1,0,0,11,15,1,1,1,74,0,0
39,390815,2,2,1,11,11,8,0,12,2,1,0,39,2,99,999,99999,99,9999,999999999999,9,9,9,9,9,9,9,9,9,9,9,9,0,0,0,000000000,00000000000,0,0,0,1,0,0,0,0,0,0,0,998,0,0,0,12,6,2,12,0,0,0,1,39,44266,1,1,0,0,2,0,66,120,0,0,0,0,0,0,0,0,0,0,0,0,0,0,1,2,45,1,1,2,1,0,0,1,62,1,1,1,74,1,0
39,390816,1,1,1,28,11,2,17,8,0,1,0,40,3,84,884,84884,66,2014,3HSDJAPR5FN5,3,H,S,D,J,A,P,R,5,F,N,5,1,1,57,0080806,570080806,3,6,1,1,0,0,0,0,0,0,0,62,0,0,0,82,4,9,8,42,0,0,1,47,37211,6,1,6,3,3,3,75,260,0,0,0,0,0,0,0,0,0,0,0,0,0,0,2,3,65,1,2,1,1,0,0,1,82,1,1,1,13,0,0
39,390817,1,2,2,5,9,22,13,12,1,1,0,17,2,30,46,30046,4,9999,1VWAT7A39FC0,1,V,W,A,T,7,A,3,9,F,C,0,0,0,0,000000000,00000000000,0,0,0,1,0,0,0,0,0,0,0,0,0,0,0,12,6,2,12,0,0,0,1,55,60565,1,1,0,0,2,0,64,180,0,0,0,1,2,9,2012,11,2013,0,26,0,0,0,2,3,65,1,1,1,1,0,0,1,50,1,1,1,28,1,0
39,390817,2,2,1,5,9,22,13,12,1,1,0,39,3,82,884,82884,66,2005,1FUJA6CG25LK,1,F,U,J,A,6,C,G,2,5,L,K,1,1,57,2495776,572495776,3,6,1,1,0,0,0,0,0,0,0,5,9,0,0,6,6,2,12,42,0,0,1,42,43224,6,1,6,3,3,0,69,999,0,0,0,0,1,4,2013,4,2013,0,0,0,0,0,2,3,65,1,1,1,1,0,0,2,18,1,1,1,29,0,0
39,390818,1,2,1,1,10,17,51,50,0,1,0,39,1,12,882,12882,62,1995,1FTYR90L9SVA,1,F,T,Y,R,9,0,L,9,S,V,A,1,1,88,888888888,88888888888,2,4,4,1,0,0,0,0,0,0,0,998,0,0,0,99,6,2,73,0,0,0,1,39,45053,1,1,0,0,2,0,78,325,2,3,0,0,0,1,2012,9,2014,0,21,0,0,0,1,2,45,1,2,2,1,0,0,1,98,1,1,1,98,0,0
39,390818,2,2,3,1,10,17,51,50,0,1,0,39,1,49,40,49040,4,1996,JT2BF12K6T01,J,T,2,B,F,1,2,K,6,T,0,1,0,0,0,000000000,00000000000,0,0,0,1,0,0,0,0,0,0,0,998,0,0,0,9,6,2,18,0,0,0,1,39,45056,6,1,0,0,3,0,71,297,0,0,0,0,0,0,0,0,0,0,0,0,0,0,1,2,45,1,2,2,1,0,0,1,98,1,1,1,98,1,0
39,390819,1,2,3,26,10,14,20,12,6,1,0,39,1,12,481,12481,31,2000,1FTNX21F8YED,1,F,T,N,X,2,1,F,8,Y,E,D,0,0,0,000000000,00000000000,0,0,0,1,0,0,0,0,0,0,0,998,0,0,0,12,6,2,12,0,0,0,1,39,45002,6,1,0,0,3,0,68,145,0,0,0,1,0,1,2013,1,2013,0,0,0,0,0,1,2,40,1,1,2,1,0,0,1,72,1,1,1,83,0,0
39,390819,2,2,1,26,10,14,20,12,6,1,0,39,1,12,481,12481,31,2009,1FTRF128X9KC,1,F,T,R,F,1,2,8,X,9,K,C,0,0,0,000000000,00000000000,0,0,0,1,0,0,0,0,0,0,0,998,0,0,0,9,6,2,12,0,0,0,1,39,45204,6,1,0,0,3,3,76,202,1,0,0,0,0,6,2013,6,2013,0,38,48,0,0,1,2,40,1,1,2,1,0,0,11,15,1,1,1,82,1,0