STATE,ST_CASE,VEH_NO,VE_FORMS,NUMOCCS,DAY,MONTH,HOUR,MINUTE,HARM_EV,MAN_COLL,UNITTYPE,HIT_RUN,REG_STAT,OWNER,MAKE,MODEL,MAK_MOD,BODY_TYP,MOD_YEAR,VIN,VIN_1,VIN_2,VIN_3,VIN_4,VIN_5,VIN_6,VIN_7,VIN_8,VIN_9,VIN_10,VIN_11,VIN_12,TOW_VEH,J_KNIFE,MCARR_I1,MCARR_I2,MCARR_ID,GVWR,V_CONFIG,CARGO_BT,HAZ_INV,HAZ_PLAC,HAZ_ID,HAZ_CNO,HAZ_REL,BUS_USE,SPEC_USE,EMER_USE,TRAV_SP,UNDERIDE,ROLLOVER,ROLINLOC,IMPACT1,DEFORMED,TOWED,M_HARM,VEH_SC1,VEH_SC2,FIRE_EXP,DR_PRES,L_STATE,DR_ZIP,L_STATUS,L_TYPE,CDL_STAT,L_ENDORS,L_COMPL,L_RESTRI,DR_HGT,DR_WGT,PREV_ACC,PREV_SUS,PREV_DWI,PREV_SPD,PREV_OTH,FIRST_MO,FIRST_YR,LAST_MO,LAST_YR,SPEEDREL,DR_SF1,DR_SF2,DR_SF3,DR_SF4,VTRAFWAY,VNUM_LAN,VSPD_LIM,VALIGN,VPROFILE,VPAVETYP,VSURCOND,VTRAFCON,VTCONT_F,P_CRASH1,P_CRASH2,P_CRASH3,PCRASH4,PCRASH5,ACC_TYPE,DEATHS,DR_DRINK
39,390861,2,2,1,15,12,19,8,12,6,1,1,39,3,12,471,12471,31,1998,1FTYR10C8WPB,1,F,T,Y,R,1,0,C,8,W,P,B,0,0,0,000000000,00000000000,0,0,0,1,0,0,0,0,0,0,0,998,0,0,0,62,6,9,12,0,0,0,1,39,43110,6,1,0,0,3,3,66,189,0,0,0,1,0,11,2013,11,2013,0,0,0,0,0,2,2,60,1,1,2,1,0,0,1,62,1,1,1,65,1,0
39,390862,1,1,1,16,12,1,5,31,0,1,0,39,1,37,31,37031,4,2000,2HGEJ6613YH5,2,H,G,E,J,6,6,1,3,Y,H,5,0,0,0,000000000,00000000000,0,0,0,1,0,0,0,0,0,0,0,998,0,0,0,3,6,2,31,0,0,0,1,39,43224,6,1,0,0,3,3,68,165,0,0,0,0,0,0,0,0,0,0,58,0,0,0,3,3,65,1,1,2,2,0,0,1,8,6,9,4,9,1,0
39,390863,1,1,3,5,12,2,28,19,0,1,0,39,1,22,9,22009,2,2000,2G2FS22K9Y21,2,G,2,F,S,2,2,K,9,Y,2,1,0,0,0,000000000,00000000000,0,0,0,1,0,0,0,0,0,0,0,90,0,0,0,81,6,9,19,0,0,0,1,39,45219,6,1,0,0,3,0,65,133,0,0,0,0,1,9,2013,9,2013,3,27,0,0,0,1,4,40,1,1,2,2,3,3,11,6,1,2,4,2,2,0
39,390865,1,1,1,22,11,6,55,42,0,1,0,39,1,37,441,37441,20,2002,999999999999,9,9,9,9,9,9,9,9,9,9,9,9,0,0,0,000000000,00000000000,0,0,0,1,0,0,0,0,0,0,0,25,0,0,0,5,6,2,42,0,0,0,1,39,45157,6,1,0,0,3,0,72,200,0,0,0,0,0,0,0,0,0,4,0,0,0,0,1,2,40,3,2,2,4,0,0,14,5,1,3,4,2,0,0
39,390866,1,2,1,8,12,15,45,12,2,1,0,39,1,20,2,20002,4,2005,2G1WF52E6592,2,G,1,W,F,5,2,E,6,5,9,2,0,0,0,000000000,00000000000,0,0,0,1,0,0,0,0,0,0,0,998,0,0,0,12,6,2,12,0,0,0,1,39,45831,6,1,0,0,3,3,62,185,0,0,0,0,0,0,0,0,0,0,28,0,0,0,1,2,55,1,1,2,1,0,0,1,10,1,1,2,50,1,0
39,390866,2,2,1,8,12,15,45,12,2,1,0,39,1,84,881,84881,66,2000,2HSCEAXRXYC0,2,H,S,C,E,A,X,R,X,Y,C,0,1,1,57,2401341,572401341,3,6,8,1,0,0,0,0,0,0,0,45,0,0,0,12,6,2,2,0,0,1,1,39,43517,6,1,6,0,3,0,70,200,0,0,0,0,0,0,0,0,0,0,0,0,0,0,1,2,55,1,1,2,1,0,0,1,62,1,1,1,51,0,0
39,390867,1,2,1,27,11,10,45,12,6,1,0,39,2,7,472,7472,30,2004,1D7GG16K94S6,1,D,7,G,G,1,6,K,9,4,S,6,0,0,0,000000000,00000000000,0,0,0,1,0,0,0,0,0,0,0,40,0,0,0,12,6,2,12,0,0,0,1,39,43612,6,1,0,0,3,0,67,150,1,0,0,0,3,5,2012,11,2012,0,0,0,0,0,1,2,40,1,1,2,2,0,0,1,66,1,1,1,86,0,0
39,390867,2,2,1,27,11,10,45,12,6,1,0,39,1,20,2,20002,4,2005,2G1WH52K8592,2,G,1,W,H,5,2,K,8,5,9,2,0,0,0,000000000,00000000000,0,0,0,1,0,0,0,0,0,0,0,25,0,0,0,3,6,2,19,0,0,0,1,39,43558,6,1,0,0,3,3,66,159,1,0,0,1,0,11,2011,11,2012,0,38,0,0,0,1,2,40,1,1,2,2,0,0,1,17,1,1,1,87,1,0
39,390868,1,1,1,10,11,12,2,8,0,1,0,39,2,12,442,12442,20,2000,2FMZA5143YBC,2,F,M,Z,A,5,1,4,3,Y,B,C,0,0,0,000000000,00000000000,0,0,0,1,0,0,0,0,0,0,0,20,0,0,0,1,0,5,8,0,0,0,1,39,44615,6,1,0,0,3,0,64,155,0,0,0,0,0,0,0,0,0,0,38,0,0,0,1,2,25,1,2,2,1,3,3,11,15,1,1,1,13,0,0
39,390869,1,3,1,7,11,16,43,12,1,1,0,39,3,12,481,12481,31,2014,1FTFX1EF3EFA,1,F,T,F,X,1,E,F,3,E,F,A,0,0,0,000000000,00000000000,0,0,0,1,0,0,0,0,0,0,0,80,0,0,0,12,6,2,12,0,0,0,1,39,44859,6,1,0,0,3,0,70,180,0,0,0,0,0,0,0,0,0,3,26,0,0,0,2,2,65,1,2,2,1,0,0,1,51,1,1,1,24,1,1
39,390869,2,3,1,7,11,16,43,12,1,1,0,42,1,37,421,37421,15,2007,5FNYF187X7B0,5,F,N,Y,F,1,8,7,X,7,B,0,0,0,0,000000000,00000000000,0,0,0,1,0,0,0,0,0,0,0,60,0,0,0,6,4,3,12,0,0,0,1,42,18951,6,1,0,0,3,3,63,999,0,0,0,0,0,0,0,0,0,0,0,0,0,0,2,2,65,1,2,2,1,0,0,1,53,1,1,1,25,0,0
39,390869,3,3,1,7,11,16,43,12,1,1,0,17,3,20,404,20404,14,2015,2GNFLFEK0F61,2,G,N,F,L,F,E,K,0,F,6,1,0,0,0,000000000,00000000000,0,0,0,1,0,0,0,0,0,0,0,65,0,0,0,12,6,2,12,0,0,0,1,36,14618,6,1,0,0,3,0,999,999,0,0,0,0,0,0,0,0,0,0,0,0,0,0,2,2,65,1,2,2,1,0,0,1,62,1,1,1,98,1,0
39,390870,1,2,5,1,12,18,50,12,6,1,0,39,2,20,16,20016,4,1997,1G1JC5240V71,1,G,1,J,C,5,2,4,0,V,7,1,0,0,0,000000000,00000000000,0,0,0,1,0,0,0,0,0,0,0,50,0,0,0,9,6,2,12,0,0,0,1,39,45659,1,1,0,0,2,3,68,203,0,3,0,2,0,4,2012,8,2013,0,28,0,0,0,1,2,55,1,2,2,2,0,0,1,10,1,1,2,66,3,0
39,390870,2,2,1,1,12,18,50,12,6,1,0,39,1,12,481,12481,31,1994,1FTEX15N7RKB,1,F,T,E,X,1,5,N,7,R,K,B,0,0,0,000000000,00000000000,0,0,0,1,0,0,0,0,0,0,0,40,0,1,1,11,6,2,12,0,0,0,1,39,45638,6,1,0,0,3,0,62,200,0,1,0,0,0,4,2013,4,2013,0,0,0,0,0,1,2,55,1,2,2,2,0,0,1,62,1,1,1,66,0,0
39,390871,1,2,1,16,12,14,0,12,2,1,0,39,1,55,35,55035,4,2006,KMHDN46D26U2,K,M,H,D,N,4,6,D,2,6,U,2,0,0,0,000000000,00000000000,0,0,0,1,0,0,0,0,0,0,0,998,0,0,0,12,6,2,12,0,0,0,1,39,44883,6,1,0,0,3,3,71,170,0,0,0,0,0,0,0,0,0,0,0,0,0,0,1,2,55,1,1,2,2,0,0,1,62,1,1,1,51,1,0
39,390871,2,2,1,16,12,14,0,12,2,1,0,39,1,7,28,7028,2,2014,2C3CDYBT2EH1,2,C,3,C,D,Y,B,T,2,E,H,1,0,0,0,000000000,00000000000,0,0,0,1,0,0,0,0,0,0,0,69,0,1,5,12,6,2,12,0,0,0,1,39,43605,1,1,0,0,2,0,72,240,1,1,0,0,2,11,2013,10,2014,0,27,0,0,0,1,2,55,1,1,2,2,0,0,6,10,1,1,2,50,1,1
39,390872,1,2,1,15,10,0,31,12,6,1,0,39,1,22,403,22403,14,2008,2CKDL5379860,2,C,K,D,L,5,3,7,9,8,6,0,0,0,0,000000000,00000000000,0,0,0,1,0,0,0,0,0,0,0,25,0,0,0,12,2,5,12,0,0,0,1,39,44022,6,1,0,0,3,0,64,125,0,0,0,0,0,0,0,0,0,0,0,0,0,0,2,2,25,1,1,2,2,3,3,1,17,1,1,1,86,0,0
39,390872,2,2,1,15,10,0,31,12,6,1,0,39,3,12,481,12481,31,2005,1FTPW14545FA,1,F,T,P,W,1,4,5,4,5,F,A,0,0,0,000000000,00000000000,0,0,0,1,0,0,0,0,0,0,0,55,0,1,3,83,6,2,42,0,0,0,1,39,44112,4,1,0,0,2,0,74,225,0,0,0,0,0,0,0,0,0,3,39,0,0,0,2,2,25,1,1,2,2,3,3,1,66,1,1,1,87,1,1
39,390873,2,1,1,12,12,9,24,8,0,1,0,39,1,20,4,20004,1,2015,1G1YK3D76F51,1,G,1,Y,K,3,D,7,6,F,5,1,0,0,0,000000000,00000000000,0,0,0,1,0,0,0,0,0,0,0,998,0,0,0,8,6,2,8,0,0,0,1,39,45065,6,1,0,0,3,0,67,190,0,1,0,2,0,8,2013,11,2013,4,0,0,0,0,6,2,65,2,2,2,1,0,0,14,8,1,3,4,13,0,0
39,390875,1,1,1,12,11,19,3,31,0,1,0,39,2,21,23,21023,4,2000,1G3WH52H7YF3,1,G,3,W,H,5,2,H,7,Y,F,3,0,0,0,000000000,00000000000,0,0,0,1,0,0,0,0,0,0,0,50,0,1,1,12,6,2,2,0,0,1,1,39,44105,1,1,0,0,2,3,67,145,0,8,4,0,0,12,2013,4,2014,3,36,0,0,0,3,2,25,2,1,2,1,0,0,14,10,99,3,2,12,1,1
39,390876,1,1,1,22,12,23,53,8,0,1,0,39,2,6,52,6052,1,2002,3C8FY68BX2T3,3,C,8,F,Y,6,8,B,X,2,T,3,0,0,0,000000000,00000000000,0,0,0,1,0,0,0,0,0,0,0,35,0,0,0,12,6,2,8,0,0,0,1,39,45204,6,1,0,0,3,0,70,198,0,0,0,0,0,0,0,0,0,0,26,0,0,0,1,4,35,1,1,2,2,0,0,1,50,1,1,1,13,0,0
39,390877,1,3,1,13,10,20,50,12,1,1,0,39,3,82,884,82884,66,2002,1FUJAHCG02PG,1,F,U,J,A,H,C,G,0,2,P,G,1,3,57,245837,57245837,3,6,1,1,0,0,0,0,0,0,0,998,0,1,5,12,6,2,1,42,0,0,1,39,45014,6,1,6,1,3,0,76,350,0,1,0,1,2,3,2012,9,2014,0,26,27,0,0,2,2,70,1,1,2,1,0,0,1,19,1,1,1,28,1,0
39,390877,2,3,6,13,10,20,50,12,1,1,0,39,2,6,441,6441,20,2008,2A8HR64X28R6,2,A,8,H,R,6,4,X,2,8,R,6,0,0,0,000000000,00000000000,0,0,0,1,0,0,0,0,0,0,0,35,0,0,0,6,6,2,12,0,0,0,1,39,43021,6,1,0,0,3,3,67,130,0,0,0,0,0,0,0,0,0,0,0,0,0,0,2,2,70,1,1,2,1,0,0,2,18,1,1,1,29,0,0
39,390877,3,3,1,13,10,20,50,12,1,1,0,19,3,82,884,82884,66,2012,1FUJGLBG2CSB,1,F,U,J,G,L,B,G,2,C,S,B,1,1,57,991486,57991486,3,6,1,1,0,0,0,0,0,0,0,0,0,0,0,6,2,5,12,42,0,0,1,19,52060,6,1,6,3,3,0,66,200,0,0,0,0,0,0,0,0,0,0,0,0,0,0,2,2,70,1,1,2,1,0,0,1,18,1,1,1,98,0,0
39,390878,1,3,1,28,7,11,55,12,6,1,0,39,2,38,402,38402,14,2000,4S2DM58W1Y43,4,S,2,D,M,5,8,W,1,Y,4,3,0,0,0,000000000,00000000000,0,0,0,1,0,0,0,0,0,0,0,40,0,0,0,7,6,2,42,0,0,0,1,39,43219,6,1,0,0,3,0,76,230,0,0,0,0,0,0,0,0,0,0,0,0,0,0,1,2,45,3,1,2,1,0,0,1,53,1,1,1,48,0,0
39,390878,2,3,2,28,7,11,55,12,6,1,0,39,3,87,882,87882,63,2013,3BPZL20X9DF1,3,B,P,Z,L,2,0,X,9,D,F,1,0,0,88,888888888,88888888888,3,2,7,1,0,0,0,0,0,0,0,40,0,0,0,11,6,2,12,0,0,0,1,39,43112,6,1,6,0,3,0,74,210,0,0,0,0,0,0,0,0,0,0,0,0,0,0,1,2,45,2,1,2,1,0,0,1,62,1,1,1,98,0,0
39,390878,3,3,2,28,7,11,55,12,6,1,0,39,1,18,2,18002,4,1995,1G4HR52L1SH4,1,G,4,H,R,5,2,L,1,S,H,4,0,0,0,000000000,00000000000,0,0,0,1,0,0,0,0,0,0,0,998,0,1,5,11,6,2,12,0,0,0,1,39,43219,6,1,0,0,3,3,72,160,2,0,0,0,1,11,2011,9,2012,0,27,0,0,0,1,2,45,3,1,2,1,0,0,6,51,1,1,1,48,1,0
39,390879,1,2,1,18,12,13,41,12,6,1,0,39,1,7,482,7482,31,2001,1B7HC16Y91S1,1,B,7,H,C,1,6,Y,9,1,S,1,0,0,0,000000000,00000000000,0,0,0,1,0,0,0,0,0,0,0,998,0,0,0,82,6,2,12,0,0,0,1,39,44867,6,1,0,0,3,0,70,365,0,0,0,0,0,0,0,0,0,0,38,0,0,0,1,2,55,1,1,2,1,20,3,4,17,1,1,1,87,1,0
39,390879,2,2,1,18,12,13,41,12,6,1,0,39,2,19,24,19024,4,2013,1G6AH5S37D01,1,G,6,A,H,5,S,3,7,D,0,1,0,0,0,000000000,00000000000,0,0,0,1,0,0,0,0,0,0,0,50,0,0,0,12,6,2,12,0,0,0,1,39,44867,6,1,0,0,3,3,64,120,0,0,0,0,0,0,0,0,0,0,0,0,0,0,1,2,55,1,1,2,1,0,0,1,66,1,1,1,86,0,0
39,390880,1,1,1,4,12,6,20,8,0,1,1,39,3,85,881,85881,66,2006,1XKWDB9X96J1,1,X,K,W,D,B,9,X,9,6,J,1,1,1,57,1947800,571947800,3,6,4,1,0,0,0,0,0,0,0,998,0,0,0,4,0,5,8,0,0,0,1,39,44481,6,1,6,0,3,3,72,225,0,0,0,0,0,0,0,0,0,0,26,0,0,0,1,2,45,1,1,2,1,0,0,1,80,1,1,1,13,0,0
39,390881,1,1,1,15,12,5,24,35,0,1,0,17,3,82,881,82881,66,2015,3AKJGLD56FSG,3,A,K,J,G,L,D,5,6,F,S,G,1,1,57,246204,57246204,3,6,1,1,0,0,0,0,0,0,0,998,0,1,5,13,6,2,1,0,0,0,1,37,28610,6,1,6,0,3,3,69,999,0,0,0,0,2,9,2012,8,2014,0,27,0,0,0,6,1,70,2,2,2,1,0,0,14,12,99,1,4,9,1,0
39,390882,1,1,1,18,12,19,27,24,0,1,0,39,1,49,40,49040,4,2002,4T1BF32K52U5,4,T,1,B,F,3,2,K,5,2,U,5,0,0,0,000000000,00000000000,0,0,0,1,0,0,0,0,0,0,0,998,0,0,0,1,6,2,42,0,0,0,1,39,44028,6,1,0,0,3,0,63,195,0,0,0,0,0,0,0,0,0,0,6,0,0,0,1,2,45,2,2,2,2,0,0,1,12,1,1,4,6,1,0
39,390883,1,2,1,19,12,18,18,12,2,1,0,39,2,7,43,7043,4,2002,1B3EL46X02N3,1,B,3,E,L,4,6,X,0,2,N,3,0,0,0,000000000,00000000000,0,0,0,1,0,0,0,0,0,0,0,998,0,0,0,12,6,2,12,0,0,0,1,39,44618,6,1,0,0,3,3,62,150,0,0,0,0,0,0,0,0,0,0,0,0,0,0,1,2,55,1,1,2,1,0,0,1,62,1,1,1,51,1,0
39,390883,2,2,1,19,12,18,18,12,2,1,0,39,1,55,35,55035,4,2010,KMHDU4AD1AU8,K,M,H,D,U,4,A,D,1,A,U,8,0,0,0,000000000,00000000000,0,0,0,1,0,0,0,0,0,0,0,998,0,0,0,12,6,2,12,0,0,0,1,39,44667,6,1,0,0,3,0,71,170,0,0,0,0,0,0,0,0,0,0,28,0,0,0,1,2,55,1,1,2,1,0,0,1,10,1,1,2,50,0,1
39,390884,1,2,1,23,12,21,28,12,6,1,0,39,2,55,37,55037,2,1998,KMHJG34F6WU0,K,M,H,J,G,3,4,F,6,W,U,0,0,0,0,000000000,00000000000,0,0,0,1,0,0,0,0,0,0,0,998,0,0,0,61,6,2,12,0,0,0,1,39,43031,6,1,0,0,3,3,72,200,1,3,0,1,1,11,2013,3,2014,0,27,0,0,0,1,2,55,2,2,2,1,0,0,14,10,1,1,2,64,1,0
39,390884,2,2,1,23,12,21,28,12,6,1,0,39,2,54,39,54039,4,2010,JH4CU2F68AC0,J,H,4,C,U,2,F,6,8,A,C,0,0,0,0,000000000,00000000000,0,0,0,1,0,0,0,0,0,0,0,55,0,0,0,12,6,2,12,0,0,0,1,39,43206,3,1,0,0,2,0,70,160,0,0,0,3,0,4,2013,6,2014,0,0,0,0,0,1,2,55,2,2,2,1,0,0,14,62,1,1,1,65,0,0
39,390885,1,1,1,19,12,5,55,8,0,1,0,39,2,55,33,55033,4,2013,5NPEB4AC8DH7,5,N,P,E,B,4,A,C,8,D,H,7,0,0,0,000000000,00000000000,0,0,0,1,0,0,0,0,0,0,0,45,0,0,0,1,6,2,8,0,0,0,1,39,45067,6,1,0,0,3,0,68,180,0,0,0,0,0,0,0,0,0,0,0,0,0,0,2,3,45,1,2,2,1,0,0,1,80,1,1,1,13,0,0
39,390886,1,1,1,21,8,9,24,38,0,1,0,39,1,2,405,2405,14,2005,1J4GL48K25W5,1,J,4,G,L,4,8,K,2,5,W,5,0,0,0,000000000,00000000000,0,0,0,1,0,0,0,0,0,0,0,55,0,0,0,12,6,2,19,0,0,0,1,39,43812,1,1,0,0,2,3,72,265,1,1,0,0,1,5,2012,2,2014,0,27,0,0,0,1,2,55,2,1,2,1,0,0,14,12,1,1,4,6,1,0
39,390887,1,2,1,6,11,6,38,12,6,1,0,39,1,30,46,30046,4,2004,WVWPD63B24P0,W,V,W,P,D,6,3,B,2,4,P,0,0,0,0,000000000,00000000000,0,0,0,1,0,0,0,0,0,0,0,35,0,0,0,61,6,2,12,0,0,0,1,39,44060,6,1,0,0,3,3,63,190,0,0,0,0,0,0,0,0,0,0,99,99,99,99,1,2,35,1,1,2,1,3,3,1,17,1,1,1,89,1,0
39,390887,2,2,1,6,11,6,38,12,6,1,0,39,3,84,981,84981,50,1997,1HVBBAAN4VH4,1,H,V,B,B,A,A,N,4,V,H,4,0,0,77,777777777,77777777777,3,21,22,1,0,0,0,0,1,2,0,25,0,0,0,12,6,2,12,42,0,0,1,39,44077,6,1,6,3,3,3,72,228,2,0,0,0,0,12,2012,4,2014,0,99,99,99,99,1,2,35,1,1,2,1,3,3,1,66,1,1,1,88,0,0
39,390888,1,2,2,17,12,21,31,12,2,1,0,39,1,20,481,20481,31,2014,3GCUKREC1EG3,3,G,C,U,K,R,E,C,1,E,G,3,0,0,0,000000000,00000000000,0,0,0,1,0,0,0,0,0,0,0,998,0,0,0,12,6,2,12,0,0,0,1,39,44504,6,1,0,0,3,3,69,210,0,0,0,0,0,0,0,0,0,0,0,0,0,0,3,3,50,1,1,1,2,0,0,1,54,99,1,1,52,0,0
39,390888,2,2,1,17,12,21,31,12,2,1,0,39,1,20,2,20002,4,2009,2G1WB57NX912,2,G,1,W,B,5,7,N,X,9,1,2,0,0,0,000000000,00000000000,0,0,0,1,0,0,0,0,0,0,0,998,0,0,0,12,6,2,12,0,0,0,1,39,44515,6,1,0,0,3,0,68,180,0,0,0,0,0,0,0,0,0,0,51,0,0,0,3,3,50,1,1,1,2,0,0,1,54,99,1,1,52,1,0
39,390889,1,1,1,23,12,20,31,30,0,1,0,39,2,32,47,32047,6,2002,WA1YD64B62N1,W,A,1,Y,D,6,4,B,6,2,N,1,0,0,0,000000000,00000000000,0,0,0,1,0,0,0,0,0,0,0,998,0,0,0,1,4,3,30,0,0,0,1,39,45660,6,1,0,0,3,0,62,166,0,0,0,0,0,0,0,0,0,0,99,99,99,99,1,2,25,1,1,2,2,0,0,1,13,99,9,4,5,1,0
39,390890,1,1,1,16,12,7,0,30,0,1,0,39,2,22,18,22018,2,2001,1G2NW12E61M5,1,G,2,N,W,1,2,E,6,1,M,5,0,0,0,000000000,00000000000,0,0,0,1,0,0,0,0,0,0,0,50,0,0,0,61,6,2,30,0,0,0,1,39,43560,6,1,0,0,3,0,69,160,0,0,0,0,0,0,0,0,0,0,27,0,0,0,6,1,60,2,2,2,2,0,0,14,13,1,1,4,1,1,0
39,390891,1,1,3,29,12,23,35,31,0,1,0,39,2,37,401,37401,14,2000,4S6DM58W0Y44,4,S,6,D,M,5,8,W,0,Y,4,4,0,0,0,000000000,00000000000,0,0,0,1,0,0,0,0,0,0,0,998,0,0,0,12,6,2,99,0,0,0,1,39,43081,6,1,0,0,3,0,72,230,0,0,0,0,0,0,0,0,0,0,99,99,99,99,1,2,25,1,2,2,1,0,0,1,12,1,1,4,6,1,0
39,390892,1,1,1,6,10,5,41,8,0,1,1,99,9,99,999,99999,99,9999,999999999999,9,9,9,9,9,9,9,9,9,9,9,9,0,0,99,999999999,99999999999,9,99,99,1,0,0,0,0,99,99,9,999,0,0,0,99,9,5,8,99,99,0,1,99,99999,9,9,99,9,9,9,999,999,99,99,99,99,99,99,9999,99,9999,9,99,99,99,99,3,2,60,1,1,2,2,0,0,99,80,99,9,9,13,0,0
39,390894,1,1,1,24,12,8,1,42,0,1,0,39,1,12,17,12017,4,2000,1FAFP56S8YA2,1,F,A,F,P,5,6,S,8,Y,A,2,0,0,0,000000000,00000000000,0,0,0,1,0,0,0,0,0,0,0,35,0,0,0,12,6,2,42,0,0,0,1,39,45891,6,1,0,0,3,0,76,210,0,0,0,0,0,0,0,0,0,0,27,0,0,0,1,2,25,3,1,2,2,0,0,1,13,1,1,4,1,1,0
39,390895,1,2,1,1,10,12,58,12,6,1,0,39,1,20,404,20404,14,2008,2CNDL33F7860,2,C,N,D,L,3,3,F,7,8,6,0,0,0,0,000000000,00000000000,0,0,0,1,0,0,0,0,0,0,0,15,0,0,0,7,4,8,12,0,0,0,1,39,44485,6,1,0,0,3,3,67,175,0,0,0,0,0,0,0,0,0,0,0,0,0,0,5,4,35,1,1,2,1,20,3,11,15,1,1,1,82,0,0
39,390895,2,2,1,1,10,12,58,12,6,1,0,39,0,73,706,73706,80,2001,JKAZX2E161A0,J,K,A,Z,X,2,E,1,6,1,A,0,0,0,0,000000000,00000000000,0,0,0,1,0,0,0,0,0,0,0,998,0,0,0,12,6,8,12,0,0,0,1,39,44505,6,1,0,0,3,3,70,175,2,1,0,0,0,12,2011,9,2013,3,36,0,0,0,1,4,35,1,1,2,1,0,0,1,17,1,1,1,83,1,0
39,390896,1,1,1,8,11,14,44,32,0,1,0,39,1,54,32,54032,4,1993,JH4KA7657PC0,J,H,4,K,A,7,6,5,7,P,C,0,0,0,0,000000000,00000000000,0,0,0,1,0,0,0,0,0,0,0,45,0,0,0,9,6,8,32,0,0,0,1,39,45069,6,1,6,0,3,0,71,295,0,0,0,0,0,0,0,0,0,0,99,99,99,99,3,3,45,1,1,2,1,0,0,1,13,99,9,4,5,1,1
39,390898,1,2,1,11,12,16,30,12,7,1,0,17,1,49,401,49401,14,1991,JT3VN39W5M00,J,T,3,V,N,3,9,W,5,M,0,0,0,0,0,000000000,00000000000,0,0,0,1,0,0,0,0,0,0,0,998,0,1,5,1,6,2,1,0,0,0,1,17,60540,6,1,0,0,3,3,74,235,0,0,0,0,0,0,0,0,0,0,27,0,0,0,6,1,70,4,1,2,1,0,0,1,11,99,9,6,48,1,0
39,390898,2,2,2,11,12,16,30,12,7,1,0,42,1,37,31,37031,4,2009,2HGFA16599H3,2,H,G,F,A,1,6,5,9,9,H,3,0,0,0,000000000,00000000000,0,0,0,1,0,0,0,0,0,0,0,40,0,0,0,9,4,3,42,0,0,0,1,42,15054,6,1,0,0,3,0,72,999,0,0,0,0,0,0,0,0,0,0,0,0,0,0,6,1,70,2,1,2,1,0,0,16,60,99,1,1,48,0,0
39,390899,1,1,2,8,12,12,0,8,0,1,0,39,1,21,20,21020,4,1989,2G3AJ51R3K24,2,G,3,A,J,5,1,R,3,K,2,4,0,0,0,000000000,00000000000,0,0,0,1,0,0,0,0,0,0,0,35,0,1,5,12,4,3,1,0,0,0,1,39,45786,6,1,0,0,3,0,68,180,2,0,0,0,0,10,2014,12,2014,4,6,0,0,0,1,2,45,2,2,2,1,0,0,14,6,7,2,4,7,0,0
39,390901,1,1,1,29,12,13,22,53,0,1,0,39,2,18,7,18007,4,2000,2G4WY55J8Y11,2,G,4,W,Y,5,5,J,8,Y,1,1,0,0,0,000000000,00000000000,0,0,0,1,0,0,0,0,0,0,0,22,0,0,0,12,6,2,42,0,0,0,1,39,43017,6,1,0,0,3,0,61,126,0,0,0,0,0,0,0,0,0,0,99,99,99,99,1,2,55,1,1,2,1,0,0,1,12,99,9,4,10,1,0
39,390902,1,1,1,30,12,18,32,1,0,1,0,39,1,12,24,12024,6,2008,2FMDK38C58BB,2,F,M,D,K,3,8,C,5,8,B,B,0,0,0,000000000,00000000000,0,0,0,1,0,0,0,0,0,0,0,61,0,2,5,0,6,2,1,0,0,0,1,39,43105,6,1,0,0,3,0,65,140,0,0,0,1,0,3,2014,3,2014,0,33,0,0,0,1,2,55,1,2,2,1,0,0,6,8,7,9,4,3,1,0
39,390903,1,1,1,31,12,21,24,42,0,1,0,39,1,20,473,20473,30,2004,1GCCS1985481,1,G,C,C,S,1,9,8,5,4,8,1,0,0,0,000000000,00000000000,0,0,0,1,0,0,0,0,0,0,0,999,0,0,0,11,6,2,42,0,0,0,1,39,45030,6,1,0,0,3,0,68,200,0,0,0,0,0,0,0,0,0,0,6,0,0,0,1,2,40,2,1,2,1,0,0,14,12,99,1,4,9,1,1
39,390904,1,3,1,21,12,17,15,12,7,1,0,39,1,35,398,35398,2,1993,JN1CZ24H9PX5,J,N,1,C,Z,2,4,H,9,P,X,5,0,0,0,000000000,00000000000,0,0,0,1,0,0,0,0,0,0,0,40,0,0,0,83,6,2,12,0,0,0,1,39,43153,6,1,0,0,3,0,71,168,0,0,0,0,0,0,0,0,0,0,27,0,0,0,1,2,55,1,1,2,1,0,0,6,54,7,9,2,46,1,0
39,390904,2,3,3,21,12,17,15,12,7,1,0,39,2,49,32,49032,4,2012,2T1BU4EE5CC9,2,T,1,B,U,4,E,E,5,C,C,9,0,0,0,000000000,00000000000,0,0,0,1,0,0,0,0,0,0,0,53,0,0,0,83,6,2,12,0,0,0,1,39,45502,6,7,0,0,3,3,69,160,0,0,0,0,0,0,0,0,0,0,0,0,0,0,1,2,55,1,1,2,1,0,0,1,61,1,1,1,45,0,0
39,390904,3,3,1,21,12,17,15,12,7,1,0,39,1,7,29,7029,4,2013,1C3CDFCAXDD6,1,C,3,C,D,F,C,A,X,D,D,6,0,0,0,000000000,00000000000,0,0,0,1,0,0,0,0,0,0,0,998,0,0,0,12,6,2,12,0,0,0,1,39,45368,6,1,0,0,3,0,65,170,0,0,0,0,0,0,0,0,0,0,0,0,0,0,1,2,55,1,1,2,1,0,0,1,62,1,1,3,98,0,0
39,390905,1,1,1,25,12,16,26,34,0,1,0,39,1,37,32,37032,4,2008,1HGCP26828A0,1,H,G,C,P,2,6,8,2,8,A,0,0,0,0,000000000,00000000000,0,0,0,1,0,0,0,0,0,0,0,998,0,1,4,12,6,2,1,0,0,0,1,39,43452,6,1,0,0,3,0,68,125,0,0,0,1,0,2,2013,2,2013,0,27,0,0,0,1,2,55,3,1,2,1,0,0,14,13,1,1,4,14,1,1