STATE,ST_CASE,VEH_NO,VE_FORMS,NUMOCCS,DAY,MONTH,HOUR,MINUTE,HARM_EV,MAN_COLL,UNITTYPE,HIT_RUN,REG_STAT,OWNER,MAKE,MODEL,MAK_MOD,BODY_TYP,MOD_YEAR,VIN,VIN_1,VIN_2,VIN_3,VIN_4,VIN_5,VIN_6,VIN_7,VIN_8,VIN_9,VIN_10,VIN_11,VIN_12,TOW_VEH,J_KNIFE,MCARR_I1,MCARR_I2,MCARR_ID,GVWR,V_CONFIG,CARGO_BT,HAZ_INV,HAZ_PLAC,HAZ_ID,HAZ_CNO,HAZ_REL,BUS_USE,SPEC_USE,EMER_USE,TRAV_SP,UNDERIDE,ROLLOVER,ROLINLOC,IMPACT1,DEFORMED,TOWED,M_HARM,VEH_SC1,VEH_SC2,FIRE_EXP,DR_PRES,L_STATE,DR_ZIP,L_STATUS,L_TYPE,CDL_STAT,L_ENDORS,L_COMPL,L_RESTRI,DR_HGT,DR_WGT,PREV_ACC,PREV_SUS,PREV_DWI,PREV_SPD,PREV_OTH,FIRST_MO,FIRST_YR,LAST_MO,LAST_YR,SPEEDREL,DR_SF1,DR_SF2,DR_SF3,DR_SF4,VTRAFWAY,VNUM_LAN,VSPD_LIM,VALIGN,VPROFILE,VPAVETYP,VSURCOND,VTRAFCON,VTCONT_F,P_CRASH1,P_CRASH2,P_CRASH3,PCRASH4,PCRASH5,ACC_TYPE,DEATHS,DR_DRINK
40,400096,1,2,2,1,3,23,5,12,6,1,0,40,2,18,22,18022,4,2008,2G4WD5820813,2,G,4,W,D,5,8,2,0,8,1,3,0,0,0,000000000,00000000000,0,0,0,1,0,0,0,0,0,0,0,0,0,0,0,2,6,2,8,0,0,0,1,40,73533,6,1,0,0,3,3,63,150,0,0,0,0,0,0,0,0,0,0,54,0,0,0,3,2,75,3,1,1,4,0,0,7,53,1,1,1,48,1,0
40,400096,2,2,1,1,3,23,5,12,6,1,0,94,3,82,981,82981,50,2013,4UZABRDT6DCB,4,U,Z,A,B,R,D,T,6,D,C,B,0,0,88,888888888,88888888888,2,21,22,1,0,0,0,0,1,2,0,998,0,0,0,11,6,2,12,0,0,0,1,40,73005,6,1,6,0,3,0,71,290,0,0,0,0,0,0,0,0,0,0,0,0,0,0,3,2,75,3,1,1,4,0,0,14,50,7,1,3,48,0,0
40,400097,1,1,1,16,3,2,30,35,0,1,0,40,1,20,2,20002,4,2003,2G1WF52K0393,2,G,1,W,F,5,2,K,0,3,9,3,0,0,0,000000000,00000000000,0,0,0,1,0,0,0,0,0,0,0,998,0,1,5,11,6,2,1,0,0,0,1,40,73059,6,1,0,0,3,0,72,230,0,0,0,0,0,0,0,0,0,0,0,0,0,0,1,2,45,1,6,5,1,0,0,1,13,1,3,4,2,1,1
40,400098,1,1,1,9,3,10,45,1,0,1,0,40,1,20,481,20481,31,1990,2GCEC19K7L11,2,G,C,E,C,1,9,K,7,L,1,1,0,0,0,000000000,00000000000,0,0,0,1,0,0,0,0,0,0,0,998,0,1,5,0,6,2,1,0,0,0,1,40,73848,6,1,0,0,3,0,69,155,0,0,0,0,0,0,0,0,0,0,58,0,0,0,1,2,55,3,1,2,1,28,3,14,13,6,4,4,2,1,1
40,400099,1,1,1,13,3,5,35,8,0,1,0,40,1,55,36,55036,4,2006,KMHCN46C46U0,K,M,H,C,N,4,6,C,4,6,U,0,0,0,0,000000000,00000000000,0,0,0,1,0,0,0,0,0,0,0,998,0,0,0,12,4,3,8,0,0,0,1,8,73008,6,1,0,0,3,0,70,160,0,0,0,0,0,0,0,0,0,0,0,0,0,0,1,4,45,1,6,2,1,0,0,1,80,1,1,1,13,0,0
40,400100,1,2,3,21,3,8,50,12,6,1,0,40,1,49,40,49040,4,1992,4T1SK12E1NU1,4,T,1,S,K,1,2,E,1,N,U,1,0,0,0,000000000,00000000000,0,0,0,1,0,0,0,0,0,0,0,998,0,0,0,10,6,2,12,0,0,0,1,40,74868,6,1,0,0,3,0,64,170,0,0,0,0,0,0,0,0,0,0,38,0,0,0,1,2,45,1,1,4,1,20,3,11,15,1,1,1,82,1,0
40,400100,2,2,1,21,3,8,50,12,6,1,0,40,3,85,881,85881,66,2008,1XKDDB0X48J2,1,X,K,D,D,B,0,X,4,8,J,2,1,1,57,1665070,571665070,3,6,2,2,2,1268,3,1,0,0,0,998,0,0,0,12,6,2,12,0,0,0,1,40,73051,6,1,6,1,3,3,72,165,0,0,0,0,0,0,0,0,0,0,0,0,0,0,1,2,65,1,6,2,1,0,0,1,67,3,1,1,83,0,0
40,400101,1,1,2,30,3,1,57,8,0,1,1,20,2,23,481,23481,31,2011,3GTP2VE38BG1,3,G,T,P,2,V,E,3,8,B,G,1,0,0,0,000000000,00000000000,0,0,0,1,0,0,0,0,0,0,0,998,0,0,0,11,9,5,8,0,0,0,1,40,74145,6,1,0,0,3,3,70,160,0,0,0,1,2,9,2011,2,2012,0,0,0,0,0,1,2,40,1,1,2,1,28,3,1,80,99,9,9,13,0,0
40,400102,1,2,1,4,3,16,15,12,6,1,0,40,1,20,16,20016,4,1999,1G1JC5241X71,1,G,1,J,C,5,2,4,1,X,7,1,0,0,0,000000000,00000000000,0,0,0,1,0,0,0,0,0,0,0,998,0,1,1,2,6,2,12,0,0,0,1,40,73443,6,1,0,0,3,3,70,218,0,0,0,0,0,0,0,0,0,0,38,0,0,0,2,2,65,1,1,2,1,0,0,11,15,1,1,1,68,1,0
40,400102,2,2,1,4,3,16,15,12,6,1,0,40,3,85,881,85881,66,2004,1XKWDU9X84R0,1,X,K,W,D,U,9,X,8,4,R,0,1,3,57,809675,57809675,3,6,4,1,0,0,0,0,0,0,0,998,0,1,5,12,6,2,1,0,0,0,1,40,73030,6,1,6,0,3,0,73,230,0,0,0,0,0,0,0,0,0,0,0,0,0,0,2,2,65,1,1,2,1,0,0,1,62,1,1,1,69,1,0
40,400103,1,1,3,17,1,16,18,34,0,1,0,40,2,22,20,22020,4,2005,2G2WP5229511,2,G,2,W,P,5,2,2,9,5,1,1,0,0,0,000000000,00000000000,0,0,0,1,0,0,0,0,0,0,0,998,0,1,5,9,6,2,1,0,0,0,1,40,73064,6,2,0,0,3,3,72,145,0,0,0,0,0,0,0,0,0,5,58,0,0,0,1,2,55,1,1,4,1,0,0,1,12,7,3,4,2,1,0
40,400104,1,1,2,16,3,17,57,52,0,1,0,40,0,49,32,49032,4,2007,1NXBR32E17Z8,1,N,X,B,R,3,2,E,1,7,Z,8,0,0,0,000000000,00000000000,0,0,0,1,0,0,0,0,0,0,0,998,0,1,5,9,6,2,52,0,0,0,1,40,74003,6,1,0,0,3,0,66,130,0,0,0,0,0,0,0,0,0,4,58,0,0,0,1,2,55,3,6,2,2,28,3,14,13,6,5,4,2,1,0
40,400105,1,2,1,24,3,20,35,12,6,1,0,92,0,72,706,72706,80,2003,1HD1CGP403K4,1,H,D,1,C,G,P,4,0,3,K,4,0,0,0,000000000,00000000000,0,0,0,1,0,0,0,0,0,0,0,998,0,0,0,9,6,2,12,0,0,0,1,40,74003,6,1,0,0,2,0,71,225,1,0,0,0,2,6,2012,6,2012,0,38,0,0,0,1,2,55,1,1,2,1,20,3,1,17,1,1,1,89,1,1
40,400105,2,2,1,24,3,20,35,12,6,1,0,40,1,20,481,20481,31,2013,3GCPKSE74DG2,3,G,C,P,K,S,E,7,4,D,G,2,0,0,0,000000000,00000000000,0,0,0,1,0,0,0,0,0,0,0,998,0,0,0,12,6,2,12,0,0,0,1,40,74006,6,1,0,0,3,0,74,240,0,0,0,0,0,0,0,0,0,0,0,0,0,0,1,2,60,2,1,2,1,0,0,14,66,1,1,1,88,0,0
40,400106,1,2,2,28,3,17,2,12,6,1,0,40,2,7,24,7024,4,2008,2B3KA43R38H1,2,B,3,K,A,4,3,R,3,8,H,1,0,0,0,000000000,00000000000,0,0,0,1,0,0,0,0,0,0,0,998,0,0,0,9,6,2,12,0,0,0,1,40,74051,6,1,0,0,3,0,65,150,0,0,0,0,0,0,0,0,0,0,38,0,0,0,2,2,70,1,3,2,1,0,0,11,98,1,1,1,82,1,0
40,400106,2,2,1,28,3,17,2,12,6,1,0,20,1,7,25,7025,5,2011,1B3CB3HA7BD1,1,B,3,C,B,3,H,A,7,B,D,1,0,0,0,000000000,00000000000,0,0,0,1,0,0,0,0,0,0,0,998,0,0,0,12,6,2,12,0,0,0,1,20,66062,6,1,0,0,3,3,64,140,0,0,0,0,0,0,0,0,0,0,0,0,0,0,2,2,70,1,1,2,1,0,0,1,72,2,1,1,83,0,0
40,400107,1,2,2,1,4,12,20,12,6,1,0,40,2,20,481,20481,31,2001,1GCHK23UX1F1,1,G,C,H,K,2,3,U,X,1,F,1,1,2,0,000000000,00000000000,0,0,0,1,0,0,0,0,0,0,0,998,0,0,0,2,6,2,12,0,0,1,1,40,73095,6,1,0,0,3,0,72,205,0,1,0,1,1,10,2011,8,2012,0,28,88,0,0,1,2,65,1,6,2,1,28,3,6,10,7,2,2,66,2,0
40,400107,2,2,1,1,4,12,20,12,6,1,0,93,3,85,881,85881,66,2013,1XKDD40X3DJ3,1,X,K,D,D,4,0,X,3,D,J,3,1,1,57,01973508,5701973508,3,6,3,1,0,0,0,0,0,0,0,998,0,0,0,12,6,2,12,0,0,1,1,40,74855,6,1,6,0,3,0,73,190,0,0,0,0,1,10,2013,10,2013,0,0,0,0,0,1,2,65,1,6,2,1,28,3,1,62,9,1,1,66,0,0
40,400108,1,1,1,1,3,2,36,34,0,1,0,40,2,20,39,20039,5,2005,KL1TG62655B3,K,L,1,T,G,6,2,6,5,5,B,3,0,0,0,000000000,00000000000,0,0,0,1,0,0,0,0,0,0,0,998,0,1,5,11,6,2,2,0,0,1,1,40,74857,6,1,0,0,3,0,75,230,0,0,0,0,0,0,0,0,0,0,28,0,0,0,1,2,50,1,6,2,1,0,0,1,13,8,4,4,7,1,1
40,400109,1,1,2,1,4,16,22,42,0,1,0,40,2,12,422,12422,15,1999,1FMPU18L9XLA,1,F,M,P,U,1,8,L,9,X,L,A,0,0,0,000000000,00000000000,0,0,0,1,0,0,0,0,0,0,0,998,0,1,5,3,6,2,42,0,0,0,1,40,73848,6,2,0,0,3,3,70,260,0,0,0,0,0,0,0,0,0,0,28,0,0,0,1,2,65,1,1,2,1,28,3,1,12,7,4,4,7,1,0
40,400110,1,3,1,3,4,13,43,12,2,1,0,92,0,49,40,49040,4,1991,4T1SV21E9MU4,4,T,1,S,V,2,1,E,9,M,U,4,0,0,0,000000000,00000000000,0,0,0,1,0,0,0,0,0,0,0,998,0,0,0,12,6,2,12,0,0,0,1,40,74451,0,0,0,0,0,0,68,215,0,5,1,2,7,10,2011,3,2014,0,28,0,0,0,1,4,65,3,1,1,1,0,0,14,10,1,1,2,50,1,0
40,400110,2,3,1,3,4,13,43,12,2,1,0,92,0,20,481,20481,31,2008,1GCEC14X78Z2,1,G,C,E,C,1,4,X,7,8,Z,2,0,0,0,000000000,00000000000,0,0,0,1,0,0,0,0,0,0,0,998,0,0,0,12,6,2,12,0,0,0,1,40,74464,6,1,0,0,3,0,70,190,0,0,0,0,0,0,0,0,0,0,0,0,0,0,1,4,65,2,1,1,1,0,0,14,62,1,1,1,51,0,0
40,400110,3,3,2,3,4,13,43,12,2,1,0,40,2,20,4,20004,2,2004,1G1YY22G3451,1,G,1,Y,Y,2,2,G,3,4,5,1,0,0,0,000000000,00000000000,0,0,0,1,0,0,0,0,0,0,0,998,0,0,0,11,2,5,54,0,0,0,1,40,74467,6,1,0,0,3,0,62,96,0,0,0,0,0,0,0,0,0,0,0,0,0,0,1,4,65,2,1,1,1,0,0,14,98,7,1,3,98,0,0
40,400111,1,2,1,3,4,18,36,12,6,1,0,40,1,20,481,20481,31,1993,1GCDC14H2PZ2,1,G,C,D,C,1,4,H,2,P,Z,2,0,0,0,000000000,00000000000,0,0,0,1,0,0,0,0,0,0,0,998,0,0,0,12,6,2,12,0,0,0,1,40,74884,6,1,0,0,3,0,67,165,0,0,0,0,1,1,2012,1,2012,0,39,0,0,0,1,2,45,1,1,5,1,20,3,1,17,1,1,1,86,0,1
40,400111,2,2,5,3,4,18,36,12,6,1,0,92,0,12,37,12037,4,2007,1FAFP34N57W1,1,F,A,F,P,3,4,N,5,7,W,1,0,0,0,000000000,00000000000,0,0,0,1,0,0,0,0,0,0,0,998,0,0,0,3,6,2,12,0,0,0,1,40,74849,6,1,0,0,3,3,61,290,0,0,0,0,1,5,2011,5,2011,0,0,0,0,0,1,2,65,1,6,2,1,28,3,1,66,1,1,1,87,2,0
40,400112,1,1,2,3,4,23,50,1,0,1,0,40,2,20,481,20481,31,2000,2GCEC19V1Y12,2,G,C,E,C,1,9,V,1,Y,1,2,0,0,0,000000000,00000000000,0,0,0,1,0,0,0,0,0,0,0,998,0,1,5,0,6,2,1,0,0,0,1,40,74103,0,0,0,0,0,0,74,360,0,1,0,1,6,5,2011,4,2012,3,37,0,0,0,6,1,60,2,6,1,1,0,0,14,12,1,5,4,7,1,0
40,400113,1,1,1,5,4,3,35,1,0,1,0,40,1,20,481,20481,31,1994,2GCEC19K2R13,2,G,C,E,C,1,9,K,2,R,1,3,0,0,0,000000000,00000000000,0,0,0,1,0,0,0,0,0,0,0,998,0,1,5,0,6,2,1,0,0,0,1,40,74010,6,1,0,0,3,0,66,145,0,0,0,0,0,0,0,0,0,0,0,0,0,0,1,2,65,1,6,2,1,0,0,1,13,1,1,4,1,1,1
40,400114,1,2,1,6,4,17,11,12,6,1,0,40,1,20,16,20016,4,2005,1G1JC52FX571,1,G,1,J,C,5,2,F,X,5,7,1,0,0,0,000000000,00000000000,0,0,0,1,0,0,0,0,0,0,0,998,0,1,5,11,6,2,12,0,0,0,1,40,73075,6,1,0,0,3,0,66,195,0,0,0,0,0,0,0,0,0,0,28,0,0,0,2,2,65,1,1,2,2,28,3,1,10,1,1,2,64,1,0
40,400114,2,2,1,6,4,17,11,12,6,1,0,40,1,20,24,20024,6,2011,1GNKRGED4BJ3,1,G,N,K,R,G,E,D,4,B,J,3,0,0,0,000000000,00000000000,0,0,0,1,0,0,0,0,0,0,0,998,0,0,0,11,6,2,12,0,0,0,1,40,74501,6,1,0,0,3,3,69,240,0,0,0,0,0,0,0,0,0,0,0,0,0,0,2,2,65,1,1,2,2,0,0,1,62,1,1,1,65,0,0
40,400115,1,1,1,12,4,11,26,1,0,1,0,40,2,20,481,20481,31,2007,1GCHK23D17F1,1,G,C,H,K,2,3,D,1,7,F,1,1,1,0,000000000,00000000000,0,0,0,1,0,0,0,0,0,0,0,998,0,1,5,0,6,2,1,0,0,0,1,40,73443,6,1,0,0,3,0,77,225,0,0,0,0,0,0,0,0,0,0,88,58,0,0,1,2,45,1,6,2,1,0,0,1,4,7,2,4,2,1,0
40,400116,1,2,1,20,3,9,46,12,6,1,0,40,1,13,12,13012,4,2003,1LNHM87A13Y6,1,L,N,H,M,8,7,A,1,3,Y,6,0,0,0,000000000,00000000000,0,0,0,1,0,0,0,0,0,0,0,998,0,0,0,11,6,2,12,0,0,0,1,40,73521,6,1,0,0,3,0,71,165,0,1,0,0,1,9,2013,10,2013,0,38,0,0,0,1,4,40,1,1,2,1,20,3,11,15,1,1,1,82,1,0
40,400116,2,2,2,20,3,9,46,12,6,1,0,40,1,18,22,18022,4,2013,1G4GH5G32DF3,1,G,4,G,H,5,G,3,2,D,F,3,0,0,0,000000000,00000000000,0,0,0,1,0,0,0,0,0,0,0,998,0,0,0,12,6,2,12,0,0,0,1,40,73521,6,1,0,0,3,0,69,150,0,0,0,0,0,0,0,0,0,0,0,0,0,0,1,4,40,1,1,2,1,0,0,1,67,1,1,1,83,0,0
40,400117,1,1,1,20,3,18,42,42,0,1,0,40,1,12,3,12003,2,1967,7R01C105026,7,R,0,1,C,1,0,5,0,2,6,,0,0,0,000000000,00000000000,0,0,0,1,0,0,0,0,0,0,0,998,0,0,0,2,6,2,42,0,0,0,1,40,74075,6,1,0,0,3,0,70,180,0,0,0,0,0,0,0,0,0,3,0,0,0,0,1,2,45,1,3,2,1,0,0,1,13,6,4,4,7,1,0
40,400118,1,1,1,5,4,7,39,59,0,1,0,40,1,49,401,49401,14,1996,JT3HN87R1T00,J,T,3,H,N,8,7,R,1,T,0,0,0,0,0,000000000,00000000000,0,0,0,1,0,0,0,0,0,0,0,998,0,1,5,12,6,2,1,0,0,0,1,40,74859,6,1,0,0,3,0,67,180,0,0,0,0,0,0,0,0,0,0,0,0,0,0,1,2,65,1,1,2,1,0,0,1,13,1,1,4,1,1,1
40,400119,1,1,1,20,4,8,4,42,0,1,0,40,3,12,423,12423,16,2002,1FMSU43F32EB,1,F,M,S,U,4,3,F,3,2,E,B,0,0,0,000000000,00000000000,0,0,0,1,0,0,0,0,0,0,0,998,0,0,0,11,6,2,42,0,0,0,1,40,73036,2,1,2,0,2,0,68,175,0,2,0,2,6,5,2011,10,2012,0,80,0,0,0,2,2,70,1,1,1,1,0,0,1,1,3,2,4,2,1,0
40,400120,1,1,1,20,2,13,28,38,0,1,0,40,1,35,39,35039,4,2013,1N4AL3AP4DC2,1,N,4,A,L,3,A,P,4,D,C,2,0,0,0,000000000,00000000000,0,0,0,1,0,0,0,0,0,0,0,998,0,0,0,12,6,2,35,0,0,0,1,40,73456,6,1,0,0,3,0,63,115,0,0,0,0,0,0,0,0,0,0,28,0,0,0,1,2,65,1,1,2,1,0,0,1,12,1,1,4,6,1,0
40,400121,1,3,3,31,3,19,0,12,6,1,0,40,2,49,472,49472,30,1999,4TASM92N1XZ4,4,T,A,S,M,9,2,N,1,X,Z,4,0,0,0,000000000,00000000000,0,0,0,1,0,0,0,0,0,0,0,998,0,1,5,11,6,2,1,0,0,0,1,40,74729,2,1,0,0,2,0,68,245,0,1,0,0,4,7,2012,3,2013,0,28,0,0,0,1,2,65,1,1,2,1,0,0,1,10,1,1,2,64,1,1
40,400121,2,3,2,31,3,19,0,12,6,1,0,48,1,12,402,12402,14,2011,1FMCU0D71BKC,1,F,M,C,U,0,D,7,1,B,K,C,0,0,0,000000000,00000000000,0,0,0,1,0,0,0,0,0,0,0,998,0,0,0,11,6,2,12,0,0,0,1,40,74743,6,1,0,0,3,3,61,160,0,0,0,0,0,0,0,0,0,0,0,0,0,0,1,2,65,1,1,2,1,28,3,1,62,1,1,1,65,0,0
40,400121,3,3,1,31,3,19,0,12,6,1,0,40,1,6,51,6051,4,2006,2C3KA63HX6H2,2,C,3,K,A,6,3,H,X,6,H,2,0,0,0,000000000,00000000000,0,0,0,1,0,0,0,0,0,0,0,998,0,0,0,10,6,2,12,0,0,0,1,40,74743,6,1,0,0,3,0,62,100,0,2,0,1,0,1,2014,3,2014,0,0,0,0,0,1,2,65,1,1,2,1,28,3,1,62,1,1,1,98,0,0
40,400122,1,1,2,7,3,11,11,42,0,1,0,92,0,69,38,69038,2,2009,ZHWGU54T99LA,Z,H,W,G,U,5,4,T,9,9,L,A,0,0,0,000000000,00000000000,0,0,0,1,0,0,0,0,0,0,0,998,0,0,0,1,6,2,2,0,0,1,1,40,73801,6,1,6,0,3,0,71,220,0,0,0,2,0,6,2012,1,2014,3,0,0,0,0,1,2,30,1,1,2,1,0,0,1,13,1,1,4,1,1,0
40,400123,1,1,1,10,3,5,15,10,0,1,0,5,1,20,481,20481,31,2001,1GCEC14V61E2,1,G,C,E,C,1,4,V,6,1,E,2,0,0,0,000000000,00000000000,0,0,0,1,0,0,0,0,0,0,0,998,0,1,5,10,6,2,10,0,0,1,1,5,72740,6,1,0,0,3,0,999,999,0,0,0,0,0,0,0,0,0,0,39,0,0,0,1,2,45,1,1,2,1,65,3,1,91,1,1,1,15,1,0
40,400124,1,1,2,17,3,16,4,42,0,1,0,40,2,20,37,20037,4,2012,1G1ZD5EU0CF3,1,G,1,Z,D,5,E,U,0,C,F,3,0,0,0,000000000,00000000000,0,0,0,1,0,0,0,0,0,0,0,998,0,0,0,12,6,2,42,0,0,0,1,40,73049,6,1,0,0,3,0,67,151,0,0,0,1,0,1,2014,1,2014,0,28,0,0,0,1,2,50,1,1,2,1,0,0,1,12,1,1,4,6,1,0
40,400125,1,1,2,30,3,12,30,33,0,1,0,40,2,72,706,72706,80,2012,1HD1JNV10CB0,1,H,D,1,J,N,V,1,0,C,B,0,0,0,0,000000000,00000000000,0,0,0,1,0,0,0,0,0,0,0,998,0,0,0,11,2,3,1,0,0,0,1,40,73099,6,1,0,0,3,0,70,190,0,0,0,0,0,0,0,0,0,4,0,0,0,0,6,2,40,2,1,1,1,0,0,14,12,10,1,4,6,1,0
40,400126,1,1,1,1,4,20,37,30,0,1,0,40,1,20,471,20471,30,2003,1GCCT19X5381,1,G,C,C,T,1,9,X,5,3,8,1,0,0,0,000000000,00000000000,0,0,0,1,0,0,0,0,0,0,0,998,0,0,0,12,6,2,42,0,0,0,1,40,74063,6,1,0,0,3,0,72,220,0,0,0,0,0,0,0,0,0,0,0,0,0,0,3,2,60,1,6,2,1,0,0,1,13,1,1,4,1,1,0
40,400127,1,2,2,10,4,7,50,12,6,1,0,40,1,20,481,20481,31,2006,1GBHK24D56E2,1,G,B,H,K,2,4,D,5,6,E,2,0,0,0,000000000,00000000000,0,0,0,1,0,0,0,0,0,0,0,998,0,0,0,9,6,2,12,0,0,0,1,40,73840,6,1,0,0,3,3,74,200,2,0,0,0,1,6,2013,6,2013,0,38,0,0,0,1,2,65,1,5,2,1,28,3,12,98,1,1,1,98,1,0
40,400127,2,2,1,10,4,7,50,12,6,1,0,40,3,98,804,98804,66,2007,5KJJAECV17PZ,5,K,J,J,A,E,C,V,1,7,P,Z,1,1,57,1316458,571316458,3,6,2,1,0,0,0,0,0,0,0,998,0,0,0,12,6,2,12,0,0,0,1,40,73663,6,1,6,1,3,3,72,200,0,0,0,0,0,0,0,0,0,0,0,0,0,0,1,2,65,1,5,2,1,28,3,1,64,3,1,1,98,0,0
40,400128,1,1,1,12,4,1,49,59,0,1,0,40,1,72,706,72706,80,1996,1HD1BLL19TY0,1,H,D,1,B,L,L,1,9,T,Y,0,0,0,0,000000000,00000000000,0,0,0,1,0,0,0,0,0,0,0,998,0,0,0,11,6,2,59,0,0,0,1,40,74014,6,1,6,0,3,0,76,220,0,0,0,0,0,0,0,0,0,0,0,0,0,0,2,4,40,1,1,1,1,0,0,11,13,1,1,4,1,1,1
40,400129,1,1,1,17,4,14,52,35,0,1,0,40,1,20,481,20481,31,1991,2GCEC19K7M12,2,G,C,E,C,1,9,K,7,M,1,2,0,0,0,000000000,00000000000,0,0,0,1,0,0,0,0,0,0,0,998,0,0,0,2,6,2,35,0,0,0,1,40,73644,6,1,0,0,3,0,71,250,0,0,0,0,0,0,0,0,0,4,0,0,0,0,1,2,55,3,1,4,1,0,0,14,13,1,1,4,1,1,1
40,400130,1,2,1,18,4,16,42,12,6,1,0,40,1,20,421,20421,15,1989,1GNCS18Z6K82,1,G,N,C,S,1,8,Z,6,K,8,2,0,0,0,000000000,00000000000,0,0,0,1,0,0,0,0,0,0,0,998,0,0,0,3,6,2,12,0,0,0,1,40,73742,6,1,0,0,3,0,63,220,0,2,0,0,0,7,2012,8,2012,0,38,0,0,0,1,2,55,1,1,5,1,0,0,1,17,1,1,1,87,1,0
40,400130,2,2,1,18,4,16,42,12,6,1,0,40,1,49,482,49482,31,2012,5TFDW5F15CX2,5,T,F,D,W,5,F,1,5,C,X,2,0,0,0,000000000,00000000000,0,0,0,1,0,0,0,0,0,0,0,998,0,0,0,12,6,2,12,0,0,0,1,40,73703,6,1,0,0,3,0,72,190,0,0,0,0,0,0,0,0,0,0,0,0,0,0,1,2,55,1,1,5,1,0,0,1,66,1,1,1,86,0,0
40,400131,1,2,4,12,4,7,27,12,7,1,0,40,2,6,51,6051,4,2006,2C3LA53G26H5,2,C,3,L,A,5,3,G,2,6,H,5,0,0,0,000000000,00000000000,0,0,0,1,0,0,0,0,0,0,0,998,0,1,5,1,6,2,1,0,0,0,1,40,73132,0,0,0,0,0,0,61,125,0,0,0,1,1,3,2012,5,2012,3,0,0,0,0,3,3,65,3,6,1,1,0,0,15,11,1,1,1,46,2,1
40,400131,2,2,3,12,4,7,27,12,7,1,0,40,1,20,25,20025,4,2013,1G1PC5SB1D72,1,G,1,P,C,5,S,B,1,D,7,2,0,0,0,000000000,00000000000,0,0,0,1,0,0,0,0,0,0,0,998,0,0,0,8,4,3,12,0,0,0,1,40,73120,6,1,0,0,3,0,70,130,0,0,0,0,0,0,0,0,0,0,0,0,0,0,3,3,65,3,6,1,1,0,0,14,60,1,1,1,45,0,0
40,400132,1,1,1,29,3,21,52,59,0,1,0,40,2,20,421,20421,15,2001,1GNEC13T41J1,1,G,N,E,C,1,3,T,4,1,J,1,0,0,0,000000000,00000000000,0,0,0,1,0,0,0,0,0,0,0,998,0,1,5,12,6,2,1,0,0,0,1,40,73107,0,0,0,0,0,0,62,157,0,3,0,0,3,10,2012,1,2014,0,0,0,0,0,3,5,60,1,1,1,1,0,0,15,13,1,3,4,2,1,1
40,400133,1,2,1,9,4,12,21,12,1,1,0,40,1,49,32,49032,5,2007,2T1KR32E77C6,2,T,1,K,R,3,2,E,7,7,C,6,0,0,0,000000000,00000000000,0,0,0,1,0,0,0,0,0,0,0,998,3,0,0,12,6,2,12,0,0,0,1,40,74361,6,1,0,0,3,0,64,130,0,0,0,0,0,0,0,0,0,0,0,0,0,0,2,4,55,1,1,2,1,3,3,1,51,1,1,1,24,1,0
40,400133,2,2,1,9,4,12,21,12,1,1,0,29,3,84,881,84881,66,2009,2HSCUAPR59C0,2,H,S,C,U,A,P,R,5,9,C,0,1,1,57,214623,57214623,3,6,1,1,0,0,0,0,0,0,0,998,0,0,0,6,2,5,12,0,0,0,1,5,72762,6,1,6,0,3,3,68,281,0,0,0,0,0,0,0,0,0,0,0,0,0,0,2,4,55,1,1,2,1,3,3,4,53,1,1,1,25,0,0
40,400134,1,2,1,31,3,9,23,12,6,1,0,40,2,7,472,7472,30,1995,1B7FL26G0SW9,1,B,7,F,L,2,6,G,0,S,W,9,0,0,0,000000000,00000000000,0,0,0,1,0,0,0,0,0,0,0,998,0,0,0,12,6,2,12,0,0,0,1,40,73049,6,1,0,0,3,0,69,162,0,0,0,0,0,0,0,0,0,0,28,0,0,0,1,2,45,2,1,2,1,28,3,14,10,1,1,1,64,1,1
40,400134,2,2,1,31,3,9,23,12,6,1,0,40,1,20,880,20880,67,2013,1GC4KZC88DF1,1,G,C,4,K,Z,C,8,8,D,F,1,1,1,88,888888888,88888888888,2,4,1,1,0,0,0,0,0,0,0,998,0,0,0,1,6,2,12,0,0,0,1,40,73054,6,1,0,0,3,0,66,188,0,0,0,0,0,0,0,0,0,0,0,0,0,0,1,2,45,3,1,2,1,28,3,14,62,9,1,4,65,0,0
40,400135,1,1,1,19,4,2,56,14,0,1,0,48,2,12,471,12471,30,1999,1FTYR14V4XPB,1,F,T,Y,R,1,4,V,4,X,P,B,0,0,0,000000000,00000000000,0,0,0,1,0,0,0,0,0,0,0,998,0,0,0,11,6,2,43,0,0,0,1,40,79092,2,1,0,0,2,0,74,200,0,0,0,0,0,0,0,0,0,0,28,37,0,0,1,2,25,1,1,1,1,0,0,11,12,1,1,4,6,1,1
40,400136,1,2,1,17,3,8,37,12,6,1,0,40,1,6,43,6043,2,2003,4C3AG52H23E2,4,C,3,A,G,5,2,H,2,3,E,2,0,0,0,000000000,00000000000,0,0,0,1,0,0,0,0,0,0,0,998,0,0,0,9,6,2,12,0,0,0,1,40,73942,6,1,0,0,3,3,65,140,0,0,0,0,0,0,0,0,0,0,38,0,0,0,2,4,40,1,1,2,1,20,3,11,15,1,1,1,82,1,0
40,400136,2,2,1,17,3,8,37,12,6,1,0,40,1,13,421,13421,15,1999,5LMPU28L0XLJ,5,L,M,P,U,2,8,L,0,X,L,J,0,0,0,000000000,00000000000,0,0,0,1,0,0,0,0,0,0,0,998,0,0,0,12,6,2,12,0,0,0,1,40,73942,6,1,0,0,3,0,65,155,0,0,0,1,0,4,2013,4,2013,0,0,0,0,0,2,4,40,1,1,2,1,0,0,1,67,1,1,1,83,0,0