STATE,ST_CASE,VEH_NO,VE_FORMS,NUMOCCS,DAY,MONTH,HOUR,MINUTE,HARM_EV,MAN_COLL,UNITTYPE,HIT_RUN,REG_STAT,OWNER,MAKE,MODEL,MAK_MOD,BODY_TYP,MOD_YEAR,VIN,VIN_1,VIN_2,VIN_3,VIN_4,VIN_5,VIN_6,VIN_7,VIN_8,VIN_9,VIN_10,VIN_11,VIN_12,TOW_VEH,J_KNIFE,MCARR_I1,MCARR_I2,MCARR_ID,GVWR,V_CONFIG,CARGO_BT,HAZ_INV,HAZ_PLAC,HAZ_ID,HAZ_CNO,HAZ_REL,BUS_USE,SPEC_USE,EMER_USE,TRAV_SP,UNDERIDE,ROLLOVER,ROLINLOC,IMPACT1,DEFORMED,TOWED,M_HARM,VEH_SC1,VEH_SC2,FIRE_EXP,DR_PRES,L_STATE,DR_ZIP,L_STATUS,L_TYPE,CDL_STAT,L_ENDORS,L_COMPL,L_RESTRI,DR_HGT,DR_WGT,PREV_ACC,PREV_SUS,PREV_DWI,PREV_SPD,PREV_OTH,FIRST_MO,FIRST_YR,LAST_MO,LAST_YR,SPEEDREL,DR_SF1,DR_SF2,DR_SF3,DR_SF4,VTRAFWAY,VNUM_LAN,VSPD_LIM,VALIGN,VPROFILE,VPAVETYP,VSURCOND,VTRAFCON,VTCONT_F,P_CRASH1,P_CRASH2,P_CRASH3,PCRASH4,PCRASH5,ACC_TYPE,DEATHS,DR_DRINK
40,400259,2,2,1,25,5,13,26,12,1,1,0,40,1,49,403,49403,14,2008,JTEES41A7820,J,T,E,E,S,4,1,A,7,8,2,0,0,0,0,000000000,00000000000,0,0,0,1,0,0,0,0,0,0,0,998,0,0,0,12,6,2,12,0,0,0,1,40,74941,6,1,0,0,3,3,73,190,0,0,0,2,0,6,2011,8,2011,0,0,0,0,0,3,2,75,1,1,1,1,0,0,15,10,1,1,1,32,0,0
40,400260,1,1,2,26,6,11,55,8,0,1,0,40,1,20,2,20002,4,2009,2G1WT57N3912,2,G,1,W,T,5,7,N,3,9,1,2,0,0,0,000000000,00000000000,0,0,0,1,0,0,0,0,0,0,0,998,0,0,0,12,2,5,8,0,0,0,1,40,73019,6,1,0,0,3,0,63,140,0,0,0,0,0,0,0,0,0,0,0,0,0,0,2,2,50,1,1,1,1,0,0,1,80,1,1,1,13,0,0
40,400261,1,2,3,27,6,16,23,12,6,1,0,92,0,20,403,20403,14,2006,1GNDS13S9621,1,G,N,D,S,1,3,S,9,6,2,1,0,0,0,000000000,00000000000,0,0,0,1,0,0,0,0,0,0,0,998,0,0,0,4,6,2,12,0,0,0,1,40,73460,6,1,0,0,3,0,64,150,0,0,0,0,0,0,0,0,0,0,38,0,0,0,2,2,65,1,1,2,1,4,3,11,15,1,1,1,68,2,0
40,400261,2,2,1,27,6,16,23,12,6,1,0,40,3,82,881,82881,66,2013,1FUJGEDV8DSB,1,F,U,J,G,E,D,V,8,D,S,B,1,1,57,283007,57283007,3,6,1,1,0,0,0,0,0,0,0,998,0,0,0,12,6,2,12,0,0,0,1,40,73521,6,1,6,0,3,3,69,350,0,0,0,0,0,0,0,0,0,0,0,0,0,0,2,2,65,1,1,2,1,4,3,1,62,3,2,1,69,0,0
40,400262,1,2,1,26,6,13,10,12,6,1,0,40,3,82,881,82881,66,2004,1FUJA6CG54LM,1,F,U,J,A,6,C,G,5,4,L,M,1,1,57,230399,57230399,3,6,1,1,0,0,0,0,0,0,0,998,0,0,0,9,6,2,2,0,0,1,1,48,75231,6,1,6,0,3,0,999,999,0,0,0,0,0,0,0,0,0,0,48,0,0,0,2,2,75,1,1,2,1,98,3,12,10,1,1,1,98,1,0
40,400262,2,2,2,26,6,13,10,12,6,1,0,40,3,82,881,82881,66,2002,1FUJA9AS32LG,1,F,U,J,A,9,A,S,3,2,L,G,1,1,57,2394937,572394937,3,6,3,1,0,0,0,0,0,0,0,998,0,0,0,12,6,2,2,0,0,1,1,40,74403,6,1,6,0,3,3,70,165,0,0,0,0,0,0,0,0,0,0,0,0,0,0,2,2,75,1,1,2,1,98,3,1,61,6,9,2,98,2,0
40,400263,1,1,3,13,6,7,11,24,0,1,0,40,3,84,881,84881,66,2005,2HSCNAPR55C1,2,H,S,C,N,A,P,R,5,5,C,1,1,1,57,890661,57890661,3,6,3,1,0,0,0,0,0,0,0,998,0,1,5,1,6,2,1,0,0,0,1,40,74523,6,1,6,0,3,0,72,280,0,0,0,2,3,6,2011,5,2014,0,0,0,0,0,3,2,70,1,1,2,1,0,0,1,13,1,1,4,1,1,0
40,400264,1,2,4,27,5,12,30,12,6,1,0,40,3,20,481,20481,31,2012,1GB4CZCG8CF2,1,G,B,4,C,Z,C,G,8,C,F,2,0,0,0,000000000,00000000000,0,0,0,1,0,0,0,0,0,0,0,998,0,0,0,3,6,2,12,0,0,0,1,40,73018,6,1,0,0,3,0,72,310,0,0,0,0,1,4,2012,4,2012,0,38,0,0,0,1,2,70,1,1,2,1,0,0,1,17,1,1,1,87,2,0
40,400264,2,2,1,27,5,12,30,12,6,1,0,40,3,87,881,87881,66,2003,1XPFDB9X93D8,1,X,P,F,D,B,9,X,9,3,D,8,1,1,57,387037,57387037,3,6,8,1,0,0,0,0,0,0,0,998,0,0,0,12,6,2,12,0,0,0,1,40,73015,6,1,6,0,3,0,71,220,0,0,0,0,0,0,0,0,0,0,0,0,0,0,2,2,70,1,1,2,1,0,0,1,66,1,1,1,86,0,0
40,400265,1,1,1,14,6,19,5,32,0,1,0,40,3,12,481,12481,31,2006,1FTRF12296NB,1,F,T,R,F,1,2,2,9,6,N,B,0,0,0,000000000,00000000000,0,0,0,1,0,0,0,0,0,0,0,998,0,1,5,1,6,2,1,0,0,0,1,40,74820,6,1,0,0,3,0,67,138,0,0,0,1,2,4,2013,2,2014,3,85,0,0,0,1,2,45,1,6,4,1,0,0,1,54,7,2,4,2,1,1
40,400266,1,1,3,19,6,12,29,1,0,1,0,5,2,20,443,20443,20,1999,1GNDX03E0XD1,1,G,N,D,X,0,3,E,0,X,D,1,0,0,0,000000000,00000000000,0,0,0,1,0,0,0,0,0,0,0,998,0,1,5,0,6,2,42,0,0,0,1,5,72904,6,1,0,0,3,3,69,180,0,0,0,0,0,0,0,0,0,0,80,0,0,0,3,2,70,3,1,1,1,0,0,14,1,1,3,4,2,1,0
40,400267,1,1,2,28,6,3,49,25,0,1,0,40,2,12,37,12037,4,2010,1FAHP3FN6AW2,1,F,A,H,P,3,F,N,6,A,W,2,0,0,0,000000000,00000000000,0,0,0,1,0,0,0,0,0,0,0,998,0,0,0,12,6,2,25,0,0,0,1,40,73108,6,1,0,0,3,0,63,110,0,0,0,0,0,0,0,0,0,0,51,0,0,0,3,2,60,1,1,1,2,0,0,1,13,1,1,4,1,1,1
40,400268,1,1,2,4,7,21,4,1,0,1,0,29,2,35,48,35048,2,2003,JN1AZ34DX3T1,J,N,1,A,Z,3,4,D,X,3,T,1,0,0,0,000000000,00000000000,0,0,0,1,0,0,0,0,0,0,0,998,0,1,5,0,6,2,42,0,0,0,1,29,64854,0,0,0,0,0,0,999,999,0,0,0,0,0,0,0,0,0,3,58,28,0,0,1,2,65,1,1,2,1,28,3,1,13,6,4,4,7,2,1
40,400269,1,2,2,7,7,5,31,12,6,1,0,92,0,37,471,37471,30,2013,5FPYK1F55DB0,5,F,P,Y,K,1,F,5,5,D,B,0,0,0,0,000000000,00000000000,0,0,0,1,0,0,0,0,0,0,0,998,0,1,1,10,6,2,12,0,0,0,1,40,74023,6,1,0,0,3,0,80,280,0,0,1,0,1,10,2013,4,2014,0,39,0,0,0,1,2,45,1,5,2,1,20,3,1,17,1,1,1,89,1,1
40,400269,2,2,1,7,7,5,31,12,6,1,0,40,1,49,482,49482,31,2010,5TFDW5F12AX1,5,T,F,D,W,5,F,1,2,A,X,1,0,0,0,000000000,00000000000,0,0,0,1,0,0,0,0,0,0,0,998,0,0,0,12,6,2,12,0,0,0,1,47,74074,6,1,0,0,3,0,73,165,0,0,0,0,0,0,0,0,0,0,0,0,0,0,3,4,55,1,5,2,1,0,0,1,66,1,1,1,88,0,0
40,400270,1,1,1,4,7,20,0,33,0,1,0,40,2,73,706,73706,80,2002,JKAZX9B102A0,J,K,A,Z,X,9,B,1,0,2,A,0,0,0,0,000000000,00000000000,0,0,0,1,0,0,0,0,0,0,0,998,0,0,0,12,6,2,33,0,0,0,1,40,74501,1,1,0,0,2,0,69,135,0,3,0,0,0,12,2012,12,2012,9,28,0,0,0,3,2,40,1,1,1,1,0,0,1,12,99,5,4,7,1,1
40,400271,1,2,1,10,5,14,35,12,6,1,0,40,1,98,706,98706,82,2008,2BXJAUA118V0,2,B,X,J,A,U,A,1,1,8,V,0,0,0,0,000000000,00000000000,0,0,0,1,0,0,0,0,0,0,0,998,0,1,1,1,6,2,1,0,0,0,1,40,74344,6,1,0,0,3,3,71,155,0,0,0,0,0,0,0,0,0,0,0,0,0,0,1,2,65,1,1,2,1,0,0,17,98,6,1,1,48,1,0
40,400271,2,2,2,10,5,14,35,12,6,1,0,40,1,73,706,73706,80,2008,JKBVNMJ148A0,J,K,B,V,N,M,J,1,4,8,A,0,0,0,0,000000000,00000000000,0,0,0,1,0,0,0,0,0,0,0,998,0,0,0,10,6,2,1,0,0,0,1,40,74429,6,1,0,0,3,0,70,200,0,0,0,0,0,0,0,0,0,0,0,0,0,0,1,2,65,1,1,2,1,0,0,6,98,6,1,1,48,0,0
40,400272,1,1,1,12,7,10,40,31,0,1,0,40,2,7,482,7482,31,1999,1B7HC16Y0XS1,1,B,7,H,C,1,6,Y,0,X,S,1,0,0,0,000000000,00000000000,0,0,0,1,0,0,0,0,0,0,0,998,0,0,0,12,6,2,30,0,0,0,1,40,74464,6,1,0,0,3,3,71,210,0,0,0,1,0,9,2012,9,2012,0,0,0,0,0,1,2,40,1,1,2,1,98,3,1,13,1,1,4,1,1,0
40,400273,1,2,1,28,5,16,51,12,6,1,0,92,0,98,998,98998,92,1978,000000000000,0,0,0,0,0,0,0,0,0,0,0,0,0,0,0,000000000,00000000000,0,0,0,1,0,0,0,0,0,0,0,998,0,0,0,7,6,5,12,0,0,0,1,40,73554,6,1,0,0,1,0,72,280,0,0,0,1,0,3,2013,3,2013,0,0,0,0,0,2,2,65,1,1,2,1,0,0,1,53,1,1,1,48,0,0
40,400273,2,2,1,28,5,16,51,12,6,1,0,40,1,72,706,72706,80,2011,1HD1KBM14BB6,1,H,D,1,K,B,M,1,4,B,B,6,0,0,0,000000000,00000000000,0,0,0,1,0,0,0,0,0,0,0,998,0,0,0,12,6,2,1,0,0,0,1,40,73521,6,1,0,0,3,0,76,250,0,0,0,0,0,0,0,0,0,0,0,0,0,0,2,2,65,1,1,2,1,0,0,1,51,1,1,1,48,1,0
40,400274,1,2,2,19,5,13,30,12,2,1,0,40,1,12,481,12481,31,2006,1FTPW12V36FB,1,F,T,P,W,1,2,V,3,6,F,B,0,0,0,000000000,00000000000,0,0,0,1,0,0,0,0,0,0,0,998,0,0,0,12,6,2,12,0,0,0,1,40,73045,6,1,0,0,3,0,71,250,0,0,0,0,0,0,0,0,0,0,28,0,0,0,2,4,65,1,1,2,1,0,0,1,10,1,1,4,50,2,0
40,400274,2,2,2,19,5,13,30,12,2,1,0,40,1,12,481,12481,31,2007,1FTRW12W47KC,1,F,T,R,W,1,2,W,4,7,K,C,0,0,0,000000000,00000000000,0,0,0,1,0,0,0,0,0,0,0,998,0,0,0,12,6,2,12,0,0,0,1,40,73045,6,1,0,0,3,0,69,230,0,0,0,0,0,0,0,0,0,0,0,0,0,0,2,4,55,1,1,2,1,0,0,1,62,9,1,4,51,1,0
40,400275,1,2,1,19,6,7,49,12,1,1,0,36,3,51,881,51881,66,2015,4V4NC9EJ1FN1,4,V,4,N,C,9,E,J,1,F,N,1,1,1,57,1933607,571933607,3,6,1,1,0,0,0,0,0,0,0,998,0,0,0,12,6,2,12,0,0,0,1,36,14217,6,1,6,0,3,0,999,999,0,1,0,0,0,10,2011,10,2011,0,0,0,0,0,3,2,75,1,1,2,1,0,0,1,51,3,2,1,24,1,0
40,400275,2,2,1,19,6,7,49,12,1,1,0,40,3,84,881,84881,66,2011,3HSCUAPR0BN1,3,H,S,C,U,A,P,R,0,B,N,1,1,1,57,616787,57616787,3,6,3,1,0,0,0,0,0,0,0,998,0,0,0,6,6,2,12,0,0,0,1,40,74354,6,1,6,0,3,0,68,200,0,0,0,0,2,8,2011,8,2011,0,0,0,0,0,3,2,75,1,1,2,1,0,0,1,53,1,1,1,25,0,0
40,400276,1,3,2,26,6,17,30,12,6,1,0,40,1,18,20,18020,4,1998,2G4WB52KXW15,2,G,4,W,B,5,2,K,X,W,1,5,0,0,0,000000000,00000000000,0,0,0,1,0,0,0,0,0,0,0,998,0,0,0,3,6,2,12,0,0,0,1,40,73771,6,1,0,0,3,0,71,180,0,0,0,0,0,0,0,0,0,0,38,0,0,0,1,2,30,1,1,1,1,21,3,1,17,1,1,1,87,1,0
40,400276,2,3,1,26,6,17,30,12,6,1,0,40,1,12,481,12481,31,2006,1FTSW21Y16EA,1,F,T,S,W,2,1,Y,1,6,E,A,0,0,0,000000000,00000000000,0,0,0,1,0,0,0,0,0,0,0,998,0,0,0,12,6,2,12,0,0,0,1,40,73750,6,1,6,0,3,3,74,180,0,0,0,0,0,0,0,0,0,0,0,0,0,0,2,4,45,1,1,1,1,0,0,1,66,1,1,1,86,0,0
40,400276,3,3,1,26,6,17,30,12,6,1,0,40,1,37,402,37402,14,2013,5J6RM4H79DL0,5,J,6,R,M,4,H,7,9,D,L,0,0,0,0,000000000,00000000000,0,0,0,1,0,0,0,0,0,0,0,0,0,0,0,12,4,3,12,0,0,0,1,8,73703,6,1,0,0,3,0,64,120,0,0,0,0,0,0,0,0,0,0,0,0,0,0,1,2,30,1,1,1,1,20,3,5,62,1,1,1,98,0,0
40,400277,1,2,1,11,7,8,33,12,6,1,0,40,2,59,31,59031,4,2003,JTHBF30G0301,J,T,H,B,F,3,0,G,0,3,0,1,0,0,0,000000000,00000000000,0,0,0,1,0,0,0,0,0,0,0,998,0,0,0,11,6,2,12,0,0,0,1,40,73086,6,2,0,0,3,3,72,170,0,0,0,0,0,0,0,0,0,0,28,0,0,0,1,2,65,1,1,2,1,28,3,1,10,1,1,2,64,1,0
40,400277,2,2,1,11,7,8,33,12,6,1,0,40,3,87,881,87881,66,1995,1XP5D69X4SD3,1,X,P,5,D,6,9,X,4,S,D,3,1,1,57,1792384,571792384,3,6,8,1,0,0,0,0,0,0,0,998,0,0,0,11,6,2,2,0,0,1,1,40,73481,6,1,6,0,3,0,73,245,0,0,0,0,0,0,0,0,0,0,0,0,0,0,1,2,65,1,1,2,1,28,3,1,62,1,1,1,65,1,1
40,400278,1,2,1,16,6,6,21,12,6,1,0,40,0,53,705,53705,80,1994,JS1GN72A3R21,J,S,1,G,N,7,2,A,3,R,2,1,0,0,0,000000000,00000000000,0,0,0,1,0,0,0,0,0,0,0,998,0,0,0,12,6,2,12,0,0,0,1,40,73434,6,1,0,0,3,3,72,160,0,0,0,1,0,5,2012,5,2012,0,0,0,0,0,1,2,55,1,6,2,1,0,0,1,62,4,1,1,69,1,0
40,400278,2,2,1,16,6,6,21,12,6,1,0,40,1,20,481,20481,31,1996,2GCEK19R2T11,2,G,C,E,K,1,9,R,2,T,1,1,0,0,0,000000000,00000000000,0,0,0,1,0,0,0,0,0,0,0,998,0,0,0,4,6,2,12,0,0,0,1,40,73434,6,1,0,0,3,0,74,198,0,0,0,0,0,0,0,0,0,0,48,0,0,0,1,2,55,1,5,2,1,0,0,11,15,1,1,1,68,0,0
40,400279,1,1,1,22,6,15,0,8,0,1,1,40,2,41,50,41050,4,2008,1YVHP80C185M,1,Y,V,H,P,8,0,C,1,8,5,M,0,0,0,000000000,00000000000,0,0,0,1,0,0,0,0,0,0,0,998,0,0,0,12,4,5,8,0,0,0,1,40,73127,0,0,0,0,0,0,999,999,0,0,0,0,0,0,0,0,0,0,0,0,0,0,1,4,40,1,1,2,1,0,0,1,80,1,1,1,13,0,0
40,400280,1,2,1,26,6,6,57,12,6,1,0,40,1,7,442,7442,20,2005,1D4GP24R55B1,1,D,4,G,P,2,4,R,5,5,B,1,0,0,0,000000000,00000000000,0,0,0,1,0,0,0,0,0,0,0,998,0,0,0,11,6,2,12,0,0,0,1,40,74016,6,1,0,0,3,0,71,230,0,0,0,0,0,0,0,0,0,0,38,0,0,0,1,2,45,1,1,2,1,20,3,1,17,1,1,1,89,0,0
40,400280,2,2,1,26,6,6,57,12,6,1,0,40,1,37,705,37705,80,2007,JH2PC21437M8,J,H,2,P,C,2,1,4,3,7,M,8,0,0,0,000000000,00000000000,0,0,0,1,0,0,0,0,0,0,0,998,0,0,0,12,6,2,12,0,0,0,1,40,74017,6,1,0,0,3,0,73,220,0,0,0,1,1,8,2013,3,2014,0,0,0,0,0,2,2,65,1,1,2,1,0,0,1,66,1,1,1,88,1,0
40,400281,1,2,1,3,7,20,51,12,6,1,0,40,3,12,481,12481,31,2012,1FT7W2B66CEC,1,F,T,7,W,2,B,6,6,C,E,C,0,0,0,000000000,00000000000,0,0,0,1,0,0,0,0,0,0,0,998,0,0,0,8,4,3,12,0,0,0,1,40,73089,6,1,6,0,3,3,72,174,0,0,0,0,0,0,0,0,0,0,47,0,0,0,1,4,45,1,1,2,1,0,0,12,10,1,1,2,98,0,0
40,400281,2,2,1,3,7,20,51,12,6,1,0,40,1,72,706,72706,80,2008,1HD1BW53X8Y0,1,H,D,1,B,W,5,3,X,8,Y,0,0,0,0,000000000,00000000000,0,0,0,1,0,0,0,0,0,0,0,998,0,0,0,12,6,2,12,0,0,0,1,40,73099,6,1,6,0,3,0,74,200,0,0,0,0,0,0,0,0,0,0,0,0,0,0,1,4,45,1,1,2,1,0,0,1,61,1,1,1,98,1,0
40,400282,1,1,1,22,4,0,8,8,0,1,1,40,2,12,481,12481,31,1997,1FTDF07WXVKD,1,F,T,D,F,0,7,W,X,V,K,D,0,0,0,000000000,00000000000,0,0,0,1,0,0,0,0,0,0,0,998,0,0,0,12,4,5,8,0,0,0,1,40,73505,6,1,0,0,3,0,71,160,0,0,0,0,0,0,0,0,0,0,0,0,0,0,1,4,40,1,1,2,1,0,0,1,80,1,1,1,13,0,0
40,400283,1,1,1,31,5,3,3,33,0,1,0,40,1,7,482,7482,31,2001,1B7HC16X91S2,1,B,7,H,C,1,6,X,9,1,S,2,0,0,0,000000000,00000000000,0,0,0,1,0,0,0,0,0,0,0,998,0,1,3,1,6,2,1,0,0,0,1,4,73552,6,1,0,0,3,0,69,178,0,1,0,0,0,8,2012,8,2012,0,0,0,0,0,2,2,60,3,1,1,1,0,0,14,13,6,4,4,7,1,1
40,400284,1,1,1,20,5,12,0,32,0,1,0,40,1,23,481,23481,31,2014,1GT12ZC85EF1,1,G,T,1,2,Z,C,8,5,E,F,1,0,0,0,000000000,00000000000,0,0,0,1,0,0,0,0,0,0,0,998,0,0,0,12,6,2,32,0,0,0,1,40,73571,6,1,0,0,3,3,74,240,0,0,0,1,0,11,2013,11,2013,0,28,0,0,0,1,2,35,1,1,1,1,0,0,1,12,1,1,4,6,1,1
40,400285,1,5,3,18,7,16,29,12,8,1,0,40,2,20,481,20481,31,2002,2GCEC19T2214,2,G,C,E,C,1,9,T,2,2,1,4,0,0,0,000000000,00000000000,0,0,0,1,0,0,0,0,0,0,0,998,0,1,5,8,6,2,12,0,0,0,1,40,73044,6,1,0,0,3,0,70,160,0,0,0,0,0,0,0,0,0,0,28,0,0,0,1,4,50,1,1,2,1,0,0,1,10,1,1,2,64,1,0
40,400285,2,5,1,18,7,16,29,12,8,1,0,40,1,37,402,37402,14,2009,3CZRE38509G7,3,C,Z,R,E,3,8,5,0,9,G,7,0,0,0,000000000,00000000000,0,0,0,1,0,0,0,0,0,0,0,998,0,0,0,8,2,5,12,0,0,0,1,40,73071,6,1,0,0,3,0,67,135,0,0,0,0,0,0,0,0,0,0,0,0,0,0,1,4,50,1,1,2,1,0,0,1,62,1,1,1,65,0,0
40,400285,3,5,1,18,7,16,29,12,8,1,0,40,1,20,481,20481,31,1999,1GCEK19T6XZ1,1,G,C,E,K,1,9,T,6,X,Z,1,0,0,0,000000000,00000000000,0,0,0,1,0,0,0,0,0,0,0,998,0,0,0,9,6,2,12,0,0,0,1,40,73070,6,1,0,0,3,0,68,195,0,0,0,0,0,0,0,0,0,0,0,0,0,0,1,4,50,1,1,2,1,0,0,1,62,7,1,1,98,0,0
40,400285,4,5,1,18,7,16,29,12,8,1,0,40,1,37,471,37471,30,2008,2HJYK16448H5,2,H,J,Y,K,1,6,4,4,8,H,5,0,0,0,000000000,00000000000,0,0,0,1,0,0,0,0,0,0,0,998,0,0,0,12,6,2,12,0,0,0,1,40,73160,6,1,0,0,3,0,74,250,0,0,0,0,0,0,0,0,0,0,0,0,0,0,1,4,50,1,1,2,1,0,0,1,62,1,1,1,98,0,0
40,400285,5,5,1,18,7,16,29,12,8,1,0,22,1,7,482,7482,31,2012,1C6RD6FT8CS2,1,C,6,R,D,6,F,T,8,C,S,2,0,0,0,000000000,00000000000,0,0,0,1,0,0,0,0,0,0,0,998,0,0,0,12,4,3,12,0,0,0,1,22,73071,6,1,0,0,3,3,74,265,0,0,0,0,0,0,0,0,0,0,0,0,0,0,1,4,50,1,1,2,1,0,0,1,62,1,1,1,98,0,0
40,400286,1,2,1,16,6,12,59,12,6,1,0,40,1,20,37,20037,4,2010,1G1ZC5EB3AF2,1,G,1,Z,C,5,E,B,3,A,F,2,0,0,0,000000000,00000000000,0,0,0,1,0,0,0,0,0,0,0,998,0,0,0,12,6,2,12,0,0,0,1,40,74451,6,1,0,0,3,3,66,250,0,0,0,0,0,0,0,0,0,3,39,0,0,0,2,2,45,1,1,1,1,3,3,1,17,1,1,1,83,1,0
40,400286,2,2,1,16,6,12,59,12,6,1,0,40,1,85,881,85881,66,2002,1XKWDB9X52R8,1,X,K,W,D,B,9,X,5,2,R,8,1,1,88,888888888,88888888888,3,6,98,1,0,0,0,0,0,0,0,998,0,0,0,8,6,2,12,0,0,0,1,40,74361,6,1,3,0,3,0,72,200,0,0,0,0,0,0,0,0,0,0,0,0,0,0,1,4,98,1,1,1,1,3,3,11,66,1,1,1,82,0,0
40,400287,1,2,1,3,7,13,2,12,6,1,0,40,1,12,481,12481,31,2004,1FTSX31PX4ED,1,F,T,S,X,3,1,P,X,4,E,D,1,1,0,000000000,00000000000,0,0,0,1,0,0,0,0,0,0,0,998,0,0,0,9,6,2,12,0,0,0,1,40,74947,6,1,0,0,3,0,72,190,0,0,0,0,0,0,0,0,0,0,24,0,0,0,1,2,65,1,6,2,1,0,0,11,15,1,1,1,72,1,0
40,400287,2,2,1,3,7,13,2,12,6,1,0,40,3,82,881,82881,66,2003,1FUJA6CG33LK,1,F,U,J,A,6,C,G,3,3,L,K,1,1,57,2453227,572453227,3,6,3,1,0,0,0,0,0,0,0,998,0,1,1,12,6,2,12,0,0,0,1,5,72901,6,1,6,0,3,3,71,175,0,0,0,0,0,0,0,0,0,0,0,0,0,0,1,2,65,1,6,2,1,0,0,6,10,1,1,2,73,0,0
40,400288,1,2,4,3,7,21,35,12,6,1,0,40,2,20,481,20481,31,1999,2GCEC19W8X12,2,G,C,E,C,1,9,W,8,X,1,2,0,0,0,000000000,00000000000,0,0,0,1,0,0,0,0,0,0,0,998,0,0,0,11,6,2,12,0,0,0,1,40,73095,0,0,0,0,0,0,72,235,0,0,0,0,1,3,2013,3,2013,0,28,0,0,0,1,2,65,1,1,2,1,0,0,1,10,1,1,2,64,1,0
40,400288,2,2,2,3,7,21,35,12,6,1,0,40,3,12,481,12481,31,2011,1FT7W2ATXBEC,1,F,T,7,W,2,A,T,X,B,E,C,0,0,0,000000000,00000000000,0,0,0,1,0,0,0,0,0,0,0,998,0,0,0,11,6,2,12,0,0,0,1,40,73095,6,1,0,0,3,0,72,190,0,0,0,0,1,3,2014,3,2014,0,0,0,0,0,1,2,65,1,1,2,1,0,0,1,62,1,1,1,65,0,0
40,400289,1,2,2,6,7,16,9,12,2,1,0,40,3,20,884,20884,62,1998,1GBK6H1J4WJ1,1,G,B,K,6,H,1,J,4,W,J,1,0,0,57,1170202,571170202,2,1,2,1,0,0,0,0,0,0,0,998,0,0,0,12,6,2,12,0,0,0,1,40,74733,6,1,0,0,3,0,72,143,0,0,0,0,0,0,0,0,0,0,28,0,0,0,1,2,65,1,1,2,1,0,0,1,10,1,1,2,50,2,0
40,400289,2,2,3,6,7,16,9,12,2,1,0,40,1,12,481,12481,31,2010,1FTEW1E83AKE,1,F,T,E,W,1,E,8,3,A,K,E,1,1,0,000000000,00000000000,0,0,0,1,0,0,0,0,0,0,0,998,0,0,0,12,6,2,12,0,0,0,1,40,73099,6,1,0,0,3,0,73,250,0,0,0,0,0,0,0,0,0,0,0,0,0,0,1,2,65,1,1,2,1,28,3,1,62,1,1,1,51,2,0
40,400290,1,1,1,15,7,18,0,1,0,1,0,40,1,23,481,23481,31,1993,2GTFK29K9P15,2,G,T,F,K,2,9,K,9,P,1,5,0,0,0,000000000,00000000000,0,0,0,1,0,0,0,0,0,0,0,998,0,1,5,0,6,2,1,0,0,0,1,40,73859,6,1,0,0,3,0,65,150,0,0,0,0,0,0,0,0,0,0,58,0,0,0,1,2,65,1,6,2,1,28,3,1,13,6,3,4,2,1,1
40,400291,1,2,2,12,7,9,27,12,6,1,0,40,1,54,36,54036,4,1999,JH4KA9658XC0,J,H,4,K,A,9,6,5,8,X,C,0,0,0,0,000000000,00000000000,0,0,0,1,0,0,0,0,0,0,0,998,0,0,0,10,6,2,12,0,0,0,1,40,73115,6,1,0,0,3,0,68,300,0,0,0,0,0,0,0,0,0,0,38,0,0,0,1,2,40,1,6,1,1,3,3,1,17,1,1,1,89,1,0
40,400291,2,2,1,12,7,9,27,12,6,1,0,40,1,20,481,20481,31,1986,2GCEK14H3G11,2,G,C,E,K,1,4,H,3,G,1,1,0,0,0,000000000,00000000000,0,0,0,1,0,0,0,0,0,0,0,998,0,1,1,12,6,2,12,0,0,0,1,40,73129,6,1,0,0,3,3,74,150,0,0,0,0,1,9,2011,9,2011,0,0,0,0,0,1,4,50,1,6,1,1,3,3,1,66,1,1,1,88,0,0
40,400292,1,1,1,29,6,5,54,59,0,1,0,40,2,37,31,37031,4,2001,2HGES25761H5,2,H,G,E,S,2,5,7,6,1,H,5,0,0,0,000000000,00000000000,0,0,0,1,0,0,0,0,0,0,0,998,0,0,0,12,6,2,59,0,0,0,1,40,74136,0,0,0,0,0,0,66,150,0,0,0,0,0,0,0,0,0,0,0,0,0,0,3,4,60,1,1,1,1,0,0,1,13,1,1,4,1,1,0
40,400293,1,2,3,30,6,20,53,12,1,1,0,48,2,63,402,63402,14,2011,5XYKT4A16BG0,5,X,Y,K,T,4,A,1,6,B,G,0,0,0,0,000000000,00000000000,0,0,0,1,0,0,0,0,0,0,0,998,0,0,0,12,6,2,12,0,0,0,1,48,75212,1,1,0,0,2,0,999,999,1,7,0,0,0,11,2011,1,2014,3,26,0,0,0,2,2,70,1,1,2,1,0,0,1,51,1,1,1,24,2,0
40,400293,2,2,1,30,6,20,53,12,1,1,0,40,3,82,881,82881,66,2014,3AKGGLD61ESF,3,A,K,G,G,L,D,6,1,E,S,F,1,1,57,264594,57264594,3,6,1,1,0,0,0,0,0,0,0,998,0,0,0,6,0,3,12,0,0,0,1,29,65723,6,1,6,0,3,0,68,240,0,0,0,0,0,0,0,0,0,0,0,0,0,0,2,2,70,1,1,2,1,0,0,1,53,1,1,1,25,0,0
40,400294,1,1,1,3,7,15,52,1,0,1,0,40,1,72,706,72706,80,2005,1HD1FLW175Y6,1,H,D,1,F,L,W,1,7,5,Y,6,0,0,0,000000000,00000000000,0,0,0,1,0,0,0,0,0,0,0,998,0,0,0,0,6,2,57,0,0,0,1,40,73013,6,1,0,0,3,0,71,190,0,0,0,0,0,0,0,0,0,4,28,0,0,0,3,3,60,1,5,1,1,0,0,1,52,3,5,4,7,1,0