STATE,ST_CASE,VEH_NO,VE_FORMS,NUMOCCS,DAY,MONTH,HOUR,MINUTE,HARM_EV,MAN_COLL,UNITTYPE,HIT_RUN,REG_STAT,OWNER,MAKE,MODEL,MAK_MOD,BODY_TYP,MOD_YEAR,VIN,VIN_1,VIN_2,VIN_3,VIN_4,VIN_5,VIN_6,VIN_7,VIN_8,VIN_9,VIN_10,VIN_11,VIN_12,TOW_VEH,J_KNIFE,MCARR_I1,MCARR_I2,MCARR_ID,GVWR,V_CONFIG,CARGO_BT,HAZ_INV,HAZ_PLAC,HAZ_ID,HAZ_CNO,HAZ_REL,BUS_USE,SPEC_USE,EMER_USE,TRAV_SP,UNDERIDE,ROLLOVER,ROLINLOC,IMPACT1,DEFORMED,TOWED,M_HARM,VEH_SC1,VEH_SC2,FIRE_EXP,DR_PRES,L_STATE,DR_ZIP,L_STATUS,L_TYPE,CDL_STAT,L_ENDORS,L_COMPL,L_RESTRI,DR_HGT,DR_WGT,PREV_ACC,PREV_SUS,PREV_DWI,PREV_SPD,PREV_OTH,FIRST_MO,FIRST_YR,LAST_MO,LAST_YR,SPEEDREL,DR_SF1,DR_SF2,DR_SF3,DR_SF4,VTRAFWAY,VNUM_LAN,VSPD_LIM,VALIGN,VPROFILE,VPAVETYP,VSURCOND,VTRAFCON,VTCONT_F,P_CRASH1,P_CRASH2,P_CRASH3,PCRASH4,PCRASH5,ACC_TYPE,DEATHS,DR_DRINK
40,400480,1,2,1,27,10,7,14,12,6,1,0,40,3,7,442,7442,20,2010,2D4RN1AE6AR3,2,D,4,R,N,1,A,E,6,A,R,3,0,0,0,000000000,00000000000,0,0,0,1,0,0,0,0,0,0,0,998,0,0,0,12,6,2,12,0,0,0,1,40,73110,6,1,0,0,3,0,67,166,0,0,0,0,0,0,0,0,0,0,28,0,0,0,1,2,65,1,6,1,1,0,0,1,10,6,9,2,64,0,0
40,400480,2,2,2,27,10,7,14,12,6,1,0,40,1,12,37,12037,4,2012,1FAHP3H22CL1,1,F,A,H,P,3,H,2,2,C,L,1,0,0,0,000000000,00000000000,0,0,0,1,0,0,0,0,0,0,0,998,0,0,0,1,6,2,12,0,0,0,1,40,74075,6,1,0,0,3,3,61,180,0,0,0,0,0,0,0,0,0,0,28,0,0,0,1,2,65,1,5,1,1,28,3,1,62,6,9,2,65,2,0
40,400481,1,1,2,2,11,17,26,1,0,1,0,40,1,72,706,72706,80,2012,1HD1KHM15CB6,1,H,D,1,K,H,M,1,5,C,B,6,0,0,0,000000000,00000000000,0,0,0,1,0,0,0,0,0,0,0,998,0,0,0,0,6,2,1,0,0,0,1,40,73505,6,1,6,0,3,0,69,170,0,0,0,0,0,0,0,0,0,0,0,0,0,0,1,2,35,3,6,2,1,28,3,14,99,6,9,4,2,1,1
40,400482,1,1,3,8,11,22,55,38,0,1,0,40,1,20,4,20004,2,2010,1G1YA2DW3A51,1,G,1,Y,A,2,D,W,3,A,5,1,0,0,0,000000000,00000000000,0,0,0,1,0,0,0,0,0,0,0,998,0,0,0,12,6,2,42,0,0,0,1,40,74301,6,1,6,0,3,0,72,180,1,0,0,4,7,2,2012,8,2014,3,0,0,0,0,1,2,45,1,3,2,1,0,0,1,6,1,5,4,2,1,0
40,400483,1,1,1,9,11,21,10,1,0,1,0,40,2,72,706,72706,80,2007,1HD1FMM137Y6,1,H,D,1,F,M,M,1,3,7,Y,6,0,0,0,000000000,00000000000,0,0,0,1,0,0,0,0,0,0,0,998,0,0,0,0,6,2,1,0,0,0,1,40,73501,6,1,0,0,2,0,69,150,0,0,0,1,0,2,2012,2,2012,0,0,0,0,0,1,2,55,3,1,2,1,28,3,14,13,1,5,4,2,1,1
40,400484,2,1,1,10,11,9,0,14,0,1,0,22,3,7,482,7482,31,2012,3C6UD5HL9CG3,3,C,6,U,D,5,H,L,9,C,G,3,1,1,0,000000000,00000000000,0,0,0,1,0,0,0,0,0,0,0,998,0,0,0,1,6,2,8,0,0,0,1,48,75124,6,1,0,0,3,0,999,999,0,0,0,3,0,9,2012,8,2014,0,0,0,0,0,2,2,70,1,1,2,1,0,0,1,13,1,1,4,11,0,0
40,400485,1,2,1,13,11,16,45,12,6,1,0,48,1,7,880,7880,67,1999,1B7MC3367XJ5,1,B,7,M,C,3,3,6,7,X,J,5,0,0,88,888888888,88888888888,2,1,97,1,0,0,0,0,0,0,0,998,0,0,0,2,6,2,12,0,0,0,1,48,79034,6,1,0,0,3,3,999,999,0,0,0,0,0,0,0,0,0,0,38,0,0,0,1,2,45,1,1,5,1,0,0,1,17,1,1,1,87,1,0
40,400485,2,2,1,13,11,16,45,12,6,1,0,40,1,20,481,20481,31,2013,1GC0K0CG0DF1,1,G,C,0,K,0,C,G,0,D,F,1,0,0,0,000000000,00000000000,0,0,0,1,0,0,0,0,0,0,0,998,0,1,5,12,6,2,12,0,0,0,1,40,73858,6,1,0,0,3,0,71,210,0,0,0,0,0,0,0,0,0,0,0,0,0,0,1,2,45,1,1,5,1,0,0,1,66,1,1,1,86,0,0
40,400486,1,2,1,17,11,8,17,12,6,1,0,40,1,12,3,12003,2,2000,1FAFP42XXYF2,1,F,A,F,P,4,2,X,X,Y,F,2,0,0,0,000000000,00000000000,0,0,0,1,0,0,0,0,0,0,0,998,0,0,0,3,6,2,12,0,0,0,1,40,74801,0,0,0,0,0,0,999,999,0,0,0,0,0,0,0,0,0,0,28,0,0,0,1,3,65,1,5,2,4,28,3,1,9,1,4,2,66,1,0
40,400486,2,2,1,17,11,8,17,12,6,1,0,40,3,12,481,12481,31,2012,1FTFX1CF3CFC,1,F,T,F,X,1,C,F,3,C,F,C,0,0,0,000000000,00000000000,0,0,0,1,0,0,0,0,0,0,0,998,0,0,0,12,6,2,12,0,0,0,1,40,73045,6,1,0,0,3,0,73,240,0,0,0,1,0,1,2012,1,2012,0,0,0,0,0,1,3,65,1,6,2,4,0,0,1,62,1,1,1,66,0,0
40,400487,1,1,1,16,11,9,53,1,0,1,0,40,3,12,481,12481,31,2010,1FTSW2BR0AEA,1,F,T,S,W,2,B,R,0,A,E,A,1,1,57,2133082,572133082,0,0,0,1,0,0,0,0,0,0,0,998,0,1,3,0,6,2,1,0,0,0,1,40,73014,6,1,0,0,3,0,70,200,0,2,0,1,1,11,2011,3,2012,4,87,0,0,0,2,2,70,1,1,2,3,0,0,1,6,1,4,4,7,1,0
40,400488,1,1,1,21,11,18,8,8,0,1,0,40,1,12,481,12481,31,2008,1FTRW14W38FA,1,F,T,R,W,1,4,W,3,8,F,A,0,0,0,000000000,00000000000,0,0,0,1,0,0,0,0,0,0,0,998,0,0,0,12,4,3,8,0,0,0,1,40,73533,6,1,0,0,3,3,69,155,0,0,0,0,0,0,0,0,0,0,0,0,0,0,1,2,35,1,1,2,1,0,0,1,80,1,1,1,13,0,0
40,400489,1,1,3,24,11,17,52,8,0,1,0,40,2,14,4,14004,2,1995,1MELM62W1SH6,1,M,E,L,M,6,2,W,1,S,H,6,0,0,0,000000000,00000000000,0,0,0,1,0,0,0,0,0,0,0,998,0,0,0,11,4,3,8,0,0,0,1,40,74017,1,1,0,0,2,0,61,140,0,1,0,2,0,8,2012,10,2014,0,0,0,0,0,4,2,35,1,5,2,1,0,0,1,80,1,1,1,13,0,0
40,400490,1,2,1,26,11,13,46,12,6,1,0,40,2,35,39,35039,4,1996,JN1CA21D0TT1,J,N,1,C,A,2,1,D,0,T,T,1,0,0,0,000000000,00000000000,0,0,0,1,0,0,0,0,0,0,0,998,0,0,0,8,6,2,12,0,0,0,1,40,74501,6,2,0,0,3,3,63,150,0,0,0,0,0,0,0,0,0,0,28,58,0,0,1,2,65,1,3,2,1,28,3,1,10,6,4,2,64,1,0
40,400490,2,2,4,26,11,13,46,12,6,1,0,13,2,49,402,49402,14,2011,2T3WK4DV8BW0,2,T,3,W,K,4,D,V,8,B,W,0,0,0,0,000000000,00000000000,0,0,0,1,0,0,0,0,0,0,0,998,0,0,0,12,6,2,12,0,0,0,1,40,73071,6,1,0,0,3,3,72,190,0,0,0,0,0,0,0,0,0,0,0,0,0,0,1,2,65,1,3,2,1,28,3,1,62,4,1,1,65,0,0
40,400491,1,1,2,27,11,3,34,1,0,1,0,5,2,35,39,35039,4,1996,JN1CA21D8TT1,J,N,1,C,A,2,1,D,8,T,T,1,0,0,0,000000000,00000000000,0,0,0,1,0,0,0,0,0,0,0,998,0,1,5,0,6,2,30,0,0,0,1,5,72901,0,0,0,0,0,0,75,160,0,0,0,0,0,0,0,0,0,5,28,0,0,0,1,2,45,1,1,2,1,28,3,1,9,1,4,4,7,2,1
40,400492,1,2,1,8,11,20,41,12,6,1,0,40,1,37,32,37032,4,2003,1HGCM66553A0,1,H,G,C,M,6,6,5,5,3,A,0,0,0,0,000000000,00000000000,0,0,0,1,0,0,0,0,0,0,0,998,0,0,0,9,6,2,12,0,0,0,1,40,74301,6,1,0,0,3,3,70,175,0,0,0,0,0,0,0,0,0,0,38,0,0,0,1,2,55,1,5,2,1,0,0,11,98,1,1,1,82,1,1
40,400492,2,2,1,8,11,20,41,12,6,1,0,40,2,52,401,52401,14,2001,JA4LS31R81P0,J,A,4,L,S,3,1,R,8,1,P,0,0,0,0,000000000,00000000000,0,0,0,1,0,0,0,0,0,0,0,998,0,0,0,12,6,2,12,0,0,0,1,40,74367,6,1,0,0,3,0,64,145,0,0,0,0,0,0,0,0,0,0,0,0,0,0,1,2,55,1,5,2,1,0,0,1,72,1,1,1,83,0,0
40,400493,1,2,3,31,10,20,15,12,6,1,0,40,3,51,881,51881,66,2014,4V4NC9EH3EN1,4,V,4,N,C,9,E,H,3,E,N,1,1,1,57,53773,5753773,3,6,1,1,0,0,0,0,0,0,0,998,0,0,0,5,2,5,12,0,0,0,1,6,95695,6,1,6,0,3,0,73,245,0,0,0,0,0,0,0,0,0,0,38,0,0,0,2,2,55,1,1,2,1,0,0,12,98,1,1,1,98,0,0
40,400493,2,2,1,31,10,20,15,12,6,1,0,40,1,37,32,37032,4,2012,1HGCP3F72CA0,1,H,G,C,P,3,F,7,2,C,A,0,0,0,0,000000000,00000000000,0,0,0,1,0,0,0,0,0,0,0,998,0,0,0,11,6,2,12,0,0,0,1,40,74932,6,1,0,0,3,3,68,200,0,0,0,0,0,0,0,0,0,0,0,0,0,0,2,2,55,1,1,2,1,0,0,1,62,9,2,3,98,1,0
40,400494,1,2,1,16,11,21,42,12,6,1,0,95,3,82,881,82881,66,2014,1FUJGLD57ELF,1,F,U,J,G,L,D,5,7,E,L,F,1,1,57,2067761,572067761,3,6,1,1,0,0,0,0,0,0,0,998,0,0,0,1,2,5,12,0,0,0,1,95,0,9,9,99,9,9,9,999,999,99,99,99,99,99,99,9999,99,9999,0,0,0,0,0,3,2,75,1,5,2,2,0,0,1,51,6,1,1,48,0,0
40,400494,2,2,2,16,11,21,42,12,6,1,0,48,1,20,444,20444,20,2007,1GNDV23137D2,1,G,N,D,V,2,3,1,3,7,D,2,0,0,0,000000000,00000000000,0,0,0,1,0,0,0,0,0,0,0,49,0,0,0,7,6,2,52,0,0,0,1,48,76255,6,1,0,0,3,0,999,999,0,0,0,0,0,0,0,0,0,0,0,0,0,0,3,2,75,1,5,2,2,0,0,1,53,1,1,1,48,1,0
40,400495,1,2,1,26,10,21,59,11,0,1,0,40,1,72,706,72706,80,2007,1HD1BW5187Y0,1,H,D,1,B,W,5,1,8,7,Y,0,0,0,0,000000000,00000000000,0,0,0,1,0,0,0,0,0,0,0,998,0,0,0,12,6,2,54,0,0,0,1,40,74014,2,1,0,0,2,0,68,180,0,1,1,1,2,3,2013,4,2013,0,0,0,0,0,3,2,75,1,1,1,1,0,0,1,87,1,1,1,13,1,1
40,400495,2,2,1,26,10,21,59,11,0,1,1,99,9,99,999,99999,99,9999,999999999999,9,9,9,9,9,9,9,9,9,9,9,9,0,0,0,000000000,00000000000,0,0,0,1,0,0,0,0,0,0,0,998,0,0,0,18,9,5,54,0,0,0,1,99,99999,9,9,99,9,9,9,999,999,99,99,99,99,99,99,9999,99,9999,9,0,0,0,0,3,2,75,1,1,1,1,0,0,99,99,99,9,9,98,0,0
40,400496,1,1,1,30,11,21,14,25,0,1,0,40,1,20,39,20039,4,2009,KL1TD56E89B6,K,L,1,T,D,5,6,E,8,9,B,6,0,0,0,000000000,00000000000,0,0,0,1,0,0,0,0,0,0,0,998,0,1,5,1,6,2,25,0,0,0,1,40,74764,6,1,0,0,3,0,67,150,0,0,0,0,0,0,0,0,0,0,0,0,0,0,3,2,65,1,6,2,1,0,0,1,13,1,1,4,1,1,0
40,400497,1,2,2,2,12,15,29,12,6,1,0,40,2,12,401,12401,14,1998,1FMYU22E2WUC,1,F,M,Y,U,2,2,E,2,W,U,C,0,0,0,000000000,00000000000,0,0,0,1,0,0,0,0,0,0,0,998,0,0,0,3,6,2,12,0,0,0,1,40,74403,6,1,0,0,3,0,62,145,0,0,0,0,0,0,0,0,0,0,38,0,0,0,1,2,65,1,1,2,1,20,3,1,17,1,1,1,87,1,0
40,400497,2,2,1,2,12,15,29,12,6,1,0,40,1,23,431,23431,16,1999,1GKEK13R7XJ7,1,G,K,E,K,1,3,R,7,X,J,7,0,0,0,000000000,00000000000,0,0,0,1,0,0,0,0,0,0,0,998,0,0,0,12,6,2,12,0,0,0,1,40,74454,6,1,0,0,3,3,66,172,0,0,0,0,0,0,0,0,0,0,0,0,0,0,1,2,65,1,1,2,1,28,3,1,66,1,1,1,86,0,0
40,400498,1,2,1,3,12,11,45,12,1,1,0,48,1,20,481,20481,31,2012,1GCRCSE04CZ2,1,G,C,R,C,S,E,0,4,C,Z,2,0,0,0,000000000,00000000000,0,0,0,1,0,0,0,0,0,0,0,70,0,0,0,12,6,2,12,0,0,0,1,48,77541,6,1,0,0,3,3,999,999,0,0,0,0,0,0,0,0,0,0,0,0,0,0,3,2,70,1,6,1,2,0,0,1,51,1,1,1,24,0,0
40,400498,2,2,2,3,12,11,45,12,1,1,0,40,1,20,471,20471,30,1997,1GCCS1441VK1,1,G,C,C,S,1,4,4,1,V,K,1,0,0,0,000000000,00000000000,0,0,0,1,0,0,0,0,0,0,0,998,0,1,5,6,6,2,1,0,0,0,1,40,74525,6,1,0,0,3,0,69,211,0,0,0,0,0,0,0,0,0,0,0,0,0,0,3,2,70,1,6,1,2,0,0,1,53,1,1,1,25,2,0
40,400499,1,1,1,4,12,5,18,8,0,1,0,40,1,20,481,20481,31,2001,2GCEC19W6112,2,G,C,E,C,1,9,W,6,1,1,2,0,0,0,000000000,00000000000,0,0,0,1,0,0,0,0,0,0,0,998,0,0,0,12,6,2,8,0,0,0,1,40,73036,6,1,0,0,3,0,74,190,0,0,0,0,1,2,2012,2,2012,0,0,0,0,0,3,3,65,1,1,2,2,0,0,1,80,1,1,1,13,0,0
40,400500,1,3,1,2,10,7,17,12,6,1,0,40,1,41,51,41051,4,2008,JM1BK3236811,J,M,1,B,K,3,2,3,6,8,1,1,0,0,0,000000000,00000000000,0,0,0,1,0,0,0,0,0,0,0,998,0,0,0,3,6,2,12,0,0,0,1,40,74137,6,1,0,0,3,0,73,200,0,0,0,0,0,0,0,0,0,0,0,0,0,0,2,2,50,3,1,2,2,0,0,14,9,99,4,6,66,1,0
40,400500,2,3,1,2,10,7,17,12,6,1,0,48,2,49,32,49032,4,2006,1NXBR32E86Z6,1,N,X,B,R,3,2,E,8,6,Z,6,0,0,0,000000000,00000000000,0,0,0,1,0,0,0,0,0,0,0,998,0,0,0,12,6,2,12,0,0,0,1,48,74135,1,1,0,0,2,0,999,999,0,4,0,0,0,5,2012,10,2013,0,0,0,0,0,2,3,50,2,1,2,2,0,0,14,62,1,1,1,66,0,0
40,400500,3,3,1,2,10,7,17,12,6,1,0,40,2,37,32,37032,4,1997,1HGCD5689VA1,1,H,G,C,D,5,6,8,9,V,A,1,0,0,0,000000000,00000000000,0,0,0,1,0,0,0,0,0,0,0,998,0,0,0,12,6,2,12,0,0,0,1,40,74120,1,1,0,0,2,0,63,110,0,3,0,0,3,9,2012,2,2013,0,0,0,0,0,2,3,50,2,1,2,2,0,0,14,62,7,9,3,98,0,0
40,400501,1,1,3,13,11,12,36,38,0,1,0,40,1,20,403,20403,14,2003,1GNDT13S5321,1,G,N,D,T,1,3,S,5,3,2,1,0,0,0,000000000,00000000000,0,0,0,1,0,0,0,0,0,0,0,998,0,1,6,6,6,2,1,0,0,0,1,40,74421,6,1,0,0,3,0,68,170,0,2,0,0,1,8,2012,12,2012,0,58,0,0,0,1,2,65,1,6,2,1,0,0,1,13,6,4,4,7,1,0
40,400502,1,1,1,23,11,3,32,8,0,1,1,99,9,99,999,99999,99,9999,999999999999,9,9,9,9,9,9,9,9,9,9,9,9,0,0,0,000000000,00000000000,0,0,0,1,0,0,0,0,0,0,0,998,0,0,0,1,4,5,8,0,0,0,1,99,99999,9,9,99,9,9,9,999,999,99,99,99,99,99,99,9999,99,9999,9,0,0,0,0,3,3,60,1,1,1,1,0,0,99,99,99,9,9,13,0,0
40,400503,1,1,1,25,11,12,50,8,0,1,1,40,2,63,401,63401,14,2007,KNDJE7239773,K,N,D,J,E,7,2,3,9,7,7,3,0,0,0,000000000,00000000000,0,0,0,1,0,0,0,0,0,0,0,998,0,0,0,12,6,2,8,0,0,0,1,40,74110,6,1,0,0,3,3,62,150,0,0,0,0,0,0,0,0,0,0,0,0,0,0,1,2,25,1,1,2,1,0,0,1,12,1,1,4,6,0,0
40,400504,1,2,1,26,11,17,20,12,6,1,0,40,1,37,402,37402,14,2001,JHLRD28461S0,J,H,L,R,D,2,8,4,6,1,S,0,0,0,0,000000000,00000000000,0,0,0,1,0,0,0,0,0,0,0,998,0,0,0,3,6,2,12,0,0,0,1,40,74401,6,1,0,0,3,3,62,200,0,0,0,0,0,0,0,0,0,0,38,0,0,0,3,2,55,3,1,1,1,20,3,14,17,99,1,1,87,1,0
40,400504,2,2,1,26,11,17,20,12,6,1,0,92,0,12,481,12481,31,2015,1FT7W2BT2FEA,1,F,T,7,W,2,B,T,2,F,E,A,0,0,0,000000000,00000000000,0,0,0,1,0,0,0,0,0,0,0,998,0,0,0,12,6,2,12,0,0,0,1,40,74403,6,1,0,0,3,0,71,240,0,0,0,0,0,0,0,0,0,3,0,0,0,0,3,2,55,3,1,1,1,0,0,14,66,99,1,1,86,0,0
40,400505,1,2,2,30,11,3,40,12,6,1,0,40,1,49,43,49043,4,2006,4T1BK36B16U1,4,T,1,B,K,3,6,B,1,6,U,1,0,0,0,000000000,00000000000,0,0,0,1,0,0,0,0,0,0,0,998,0,1,6,1,6,2,1,0,0,0,1,40,74467,6,1,0,0,3,0,67,205,0,2,0,1,0,12,2011,8,2013,3,0,0,0,0,1,2,65,1,1,2,2,0,0,1,51,99,1,1,48,1,1
40,400505,2,2,1,30,11,3,40,12,6,1,0,92,0,12,402,12402,14,2012,1FMCU0D75CKB,1,F,M,C,U,0,D,7,5,C,K,B,0,0,0,000000000,00000000000,0,0,0,1,0,0,0,0,0,0,0,998,0,0,0,7,6,2,12,0,0,0,1,40,74467,6,1,0,0,3,0,67,190,0,0,0,0,0,0,0,0,0,0,0,0,0,0,1,2,65,1,1,2,2,0,0,1,53,1,1,1,48,0,0
40,400506,1,1,2,30,11,14,15,1,0,1,0,40,1,12,481,12481,31,2002,1FTRW08L62KD,1,F,T,R,W,0,8,L,6,2,K,D,0,0,0,000000000,00000000000,0,0,0,1,0,0,0,0,0,0,0,998,0,1,5,0,6,2,1,0,0,0,1,40,73020,6,1,0,0,3,0,65,130,0,0,0,0,0,0,0,0,0,4,58,28,0,0,1,2,65,3,5,2,1,0,0,14,13,6,3,4,7,1,0
40,400507,1,2,2,8,12,7,15,12,6,1,0,40,2,37,32,37032,4,2001,1HGCG165X1A0,1,H,G,C,G,1,6,5,X,1,A,0,0,0,0,000000000,00000000000,0,0,0,1,0,0,0,0,0,0,0,998,0,0,0,3,6,2,12,0,0,0,1,40,74023,6,1,0,0,3,3,61,128,0,0,0,1,1,11,2013,10,2014,0,58,28,0,0,1,2,45,1,6,2,2,0,0,1,13,7,4,6,64,2,0
40,400507,2,2,1,8,12,7,15,12,6,1,0,40,1,23,481,23481,31,2000,2GTEC19T2Y12,2,G,T,E,C,1,9,T,2,Y,1,2,0,0,0,000000000,00000000000,0,0,0,1,0,0,0,0,0,0,0,998,0,0,0,12,6,2,12,0,0,0,1,40,74085,6,1,6,0,3,0,69,225,0,0,0,0,0,0,0,0,0,0,0,0,0,0,1,2,45,1,5,2,2,28,3,1,62,4,9,1,65,0,0
40,400508,1,1,1,11,12,18,20,15,0,1,0,40,1,12,402,12402,14,2008,1FMCU03Z58KB,1,F,M,C,U,0,3,Z,5,8,K,B,0,0,0,000000000,00000000000,0,0,0,1,0,0,0,0,0,0,0,998,0,0,0,12,4,5,15,0,0,0,1,40,74112,6,1,0,0,3,0,68,170,0,0,0,0,0,0,0,0,0,0,0,0,0,0,1,4,40,1,1,2,1,0,0,1,80,1,1,1,13,0,0
40,400509,1,2,1,13,10,20,19,12,6,1,0,40,1,35,471,35471,30,1991,1N6SD16Y4MC3,1,N,6,S,D,1,6,Y,4,M,C,3,0,0,0,000000000,00000000000,0,0,0,1,0,0,0,0,0,0,0,998,0,0,0,12,6,2,12,0,0,0,1,40,74008,6,1,6,0,3,0,71,160,0,0,0,0,0,0,0,0,0,0,38,0,0,0,1,2,40,1,1,2,2,20,3,1,17,3,2,1,86,0,0
40,400509,2,2,2,13,10,20,19,12,6,1,0,40,2,20,444,20444,20,2006,1GNDV23L26D1,1,G,N,D,V,2,3,L,2,6,D,1,0,0,0,000000000,00000000000,0,0,0,1,0,0,0,0,0,0,0,998,0,0,0,1,6,2,12,0,0,0,1,40,74868,1,1,0,0,2,0,66,140,0,1,0,0,0,5,2013,5,2013,0,0,0,0,0,1,2,65,1,1,2,2,28,3,1,66,1,1,1,87,1,0
40,400510,1,2,1,8,10,17,45,12,2,1,0,40,2,55,35,55035,4,2013,5NPDH4AE3DH2,5,N,P,D,H,4,A,E,3,D,H,2,0,0,0,000000000,00000000000,0,0,0,1,0,0,0,0,0,0,0,998,0,0,0,12,6,2,12,0,0,0,1,40,74450,6,1,0,0,3,3,62,105,0,0,0,0,0,0,0,0,0,0,28,0,0,0,1,2,65,2,1,2,1,28,3,14,10,99,1,2,50,1,0
40,400510,2,2,6,8,10,17,45,12,2,1,0,40,2,12,422,12422,15,2011,1FMJK1J52BEF,1,F,M,J,K,1,J,5,2,B,E,F,0,0,0,000000000,00000000000,0,0,0,1,0,0,0,0,0,0,0,998,0,0,0,12,6,2,12,0,0,0,1,40,73651,6,1,0,0,3,3,70,177,0,0,0,1,0,3,2014,3,2014,0,0,0,0,0,1,2,65,3,1,2,1,28,3,14,62,99,1,1,51,0,0
40,400511,1,2,1,5,12,17,35,12,6,1,0,40,1,20,37,20037,4,1999,1G1ND52M5X62,1,G,1,N,D,5,2,M,5,X,6,2,0,0,0,000000000,00000000000,0,0,0,1,0,0,0,0,0,0,0,998,0,0,0,3,6,2,12,0,0,0,1,40,74546,6,1,0,0,3,0,64,145,0,0,0,0,0,0,0,0,0,0,38,0,0,0,1,2,30,1,1,2,2,20,3,1,17,99,1,1,87,1,0
40,400511,2,2,1,5,12,17,35,12,6,1,0,29,3,87,881,87881,66,1993,1XP5DB9X7PD3,1,X,P,5,D,B,9,X,7,P,D,3,1,1,57,134600,57134600,3,6,3,1,0,0,0,0,0,0,0,998,0,0,0,12,6,2,12,0,0,0,1,29,64804,6,1,6,0,3,0,75,280,0,0,0,0,0,0,0,0,0,0,0,0,0,0,2,2,50,1,1,2,2,0,0,1,66,99,1,1,86,0,0
40,400512,1,2,1,4,9,20,20,12,2,1,0,40,1,2,403,2403,14,1997,1J4FY19S3VP5,1,J,4,F,Y,1,9,S,3,V,P,5,0,0,0,000000000,00000000000,0,0,0,1,0,0,0,0,0,0,0,998,0,0,0,12,6,2,12,0,0,0,1,40,74868,6,1,0,0,3,3,69,250,0,0,0,0,0,0,0,0,0,0,0,0,0,0,1,2,30,1,6,1,1,0,0,1,62,99,1,1,51,0,0
40,400512,2,2,1,4,9,20,20,12,2,1,0,40,1,18,7,18007,4,2005,2G4WS52J1511,2,G,4,W,S,5,2,J,1,5,1,1,0,0,0,000000000,00000000000,0,0,0,1,0,0,0,0,0,0,0,998,0,0,0,12,6,2,12,0,0,0,1,40,74868,6,1,0,0,3,0,66,165,0,0,0,0,0,0,0,0,0,0,28,0,0,0,1,2,30,1,5,1,1,0,0,1,10,99,1,1,50,1,0
40,400513,1,1,1,12,11,7,30,59,0,1,0,40,1,24,7,24007,4,2006,1G8AJ55F26Z1,1,G,8,A,J,5,5,F,2,6,Z,1,0,0,0,000000000,00000000000,0,0,0,1,0,0,0,0,0,0,0,998,0,0,0,11,6,2,21,0,0,0,1,40,74804,6,1,0,0,3,0,72,220,0,0,0,0,0,0,0,0,0,0,0,0,0,0,2,4,45,3,1,1,1,0,0,14,13,99,1,4,1,1,0
40,400514,1,1,1,29,11,11,20,32,0,1,0,40,1,48,44,48044,10,2005,4S4BT63C3551,4,S,4,B,T,6,3,C,3,5,5,1,0,0,0,000000000,00000000000,0,0,0,1,0,0,0,0,0,0,0,998,0,1,5,8,6,2,42,0,0,0,1,40,74002,6,1,0,0,3,0,71,217,0,0,0,0,0,0,0,0,0,0,58,0,0,0,1,2,50,2,1,2,1,28,3,14,13,6,3,4,2,1,0
40,400515,1,1,1,3,12,18,29,8,0,1,0,40,3,98,982,98982,51,2004,15GGB2914410,1,5,G,G,B,2,9,1,4,4,1,0,0,0,88,888888888,88888888888,3,21,22,1,0,0,0,0,4,3,0,998,0,0,0,4,0,5,8,0,0,0,1,40,74106,6,1,6,0,3,3,73,250,0,0,0,0,0,0,0,0,0,0,0,0,0,0,1,4,40,1,6,2,1,0,0,1,81,1,1,1,13,0,0
40,400516,1,2,1,10,12,10,45,12,6,1,0,40,3,98,804,98804,66,2010,5KKHALCK4APA,5,K,K,H,A,L,C,K,4,A,P,A,1,1,57,552836,57552836,3,6,97,1,0,0,0,0,0,0,0,998,0,0,0,10,2,5,12,0,0,0,1,35,88030,6,1,6,0,3,0,61,170,98,0,0,2,0,2,2012,3,2012,0,28,0,0,0,1,2,65,1,1,2,1,0,0,1,10,99,1,2,64,0,0
40,400516,2,2,1,10,12,10,45,12,6,1,0,40,2,49,472,49472,30,2006,3TMKU72N76M0,3,T,M,K,U,7,2,N,7,6,M,0,0,0,0,000000000,00000000000,0,0,0,1,0,0,0,0,0,0,0,998,0,0,0,12,6,2,12,0,0,0,1,48,74525,6,1,0,0,3,3,999,999,0,0,0,0,0,0,0,0,0,0,0,0,0,0,1,2,65,1,1,2,1,0,0,1,62,1,1,1,65,1,0
40,400517,1,2,1,2,10,16,20,12,6,1,0,40,3,49,45,49045,4,2002,JTDBT1239202,J,T,D,B,T,1,2,3,9,2,0,2,0,0,0,000000000,00000000000,0,0,0,1,0,0,0,0,0,0,0,998,0,0,0,1,6,2,12,0,0,0,1,40,73501,0,0,0,0,0,0,65,200,0,0,0,0,0,0,0,0,0,0,28,0,0,0,1,4,65,1,1,2,1,0,0,1,10,99,1,2,64,1,0
40,400517,2,2,1,2,10,16,20,12,6,1,0,40,1,12,17,12017,4,2014,1FAHP2F80EG1,1,F,A,H,P,2,F,8,0,E,G,1,0,0,0,000000000,00000000000,0,0,0,1,0,0,0,0,0,0,0,998,0,0,0,1,6,2,12,0,0,0,1,40,73526,6,1,0,0,3,0,60,140,0,0,0,0,0,0,0,0,0,0,0,0,0,0,1,4,65,1,1,2,1,0,0,1,62,6,1,3,65,0,0
40,400518,1,2,4,6,10,16,26,12,6,1,0,40,2,14,17,14017,4,2000,1MEFM55S5YG6,1,M,E,F,M,5,5,S,5,Y,G,6,0,0,0,000000000,00000000000,0,0,0,1,0,0,0,0,0,0,0,998,0,0,0,3,6,2,12,0,0,0,1,40,73664,6,1,0,0,3,0,62,130,0,0,0,0,0,0,0,0,0,0,38,0,0,0,1,2,30,1,1,2,1,0,0,1,98,99,1,1,87,2,0