STATE,ST_CASE,VEH_NO,VE_FORMS,NUMOCCS,DAY,MONTH,HOUR,MINUTE,HARM_EV,MAN_COLL,UNITTYPE,HIT_RUN,REG_STAT,OWNER,MAKE,MODEL,MAK_MOD,BODY_TYP,MOD_YEAR,VIN,VIN_1,VIN_2,VIN_3,VIN_4,VIN_5,VIN_6,VIN_7,VIN_8,VIN_9,VIN_10,VIN_11,VIN_12,TOW_VEH,J_KNIFE,MCARR_I1,MCARR_I2,MCARR_ID,GVWR,V_CONFIG,CARGO_BT,HAZ_INV,HAZ_PLAC,HAZ_ID,HAZ_CNO,HAZ_REL,BUS_USE,SPEC_USE,EMER_USE,TRAV_SP,UNDERIDE,ROLLOVER,ROLINLOC,IMPACT1,DEFORMED,TOWED,M_HARM,VEH_SC1,VEH_SC2,FIRE_EXP,DR_PRES,L_STATE,DR_ZIP,L_STATUS,L_TYPE,CDL_STAT,L_ENDORS,L_COMPL,L_RESTRI,DR_HGT,DR_WGT,PREV_ACC,PREV_SUS,PREV_DWI,PREV_SPD,PREV_OTH,FIRST_MO,FIRST_YR,LAST_MO,LAST_YR,SPEEDREL,DR_SF1,DR_SF2,DR_SF3,DR_SF4,VTRAFWAY,VNUM_LAN,VSPD_LIM,VALIGN,VPROFILE,VPAVETYP,VSURCOND,VTRAFCON,VTCONT_F,P_CRASH1,P_CRASH2,P_CRASH3,PCRASH4,PCRASH5,ACC_TYPE,DEATHS,DR_DRINK
40,400518,2,2,3,6,10,16,26,12,6,1,0,40,1,7,482,7482,31,2006,1D7KS28C56J1,1,D,7,K,S,2,8,C,5,6,J,1,0,0,0,000000000,00000000000,0,0,0,1,0,0,0,0,0,0,0,998,0,0,0,12,6,2,12,0,0,0,1,40,73662,6,1,0,0,3,0,64,110,0,0,0,0,0,0,0,0,0,0,0,0,0,0,5,4,35,1,6,2,1,0,0,1,71,99,1,1,86,0,0
40,400519,1,1,1,19,11,16,55,57,0,1,0,40,3,98,998,98998,93,2008,WFN4KFSP9720,W,F,N,4,K,F,S,P,9,7,2,0,0,0,57,203804,57203804,3,2,97,1,0,0,0,0,0,0,0,998,0,1,5,12,6,2,42,0,0,0,1,40,74015,6,1,6,0,3,0,74,275,0,0,0,0,2,8,2014,11,2014,0,80,0,0,0,3,2,65,3,1,2,1,0,0,14,1,3,4,4,7,1,0
40,400520,1,1,3,17,12,8,25,42,0,1,0,40,2,49,472,49472,30,1999,4TAWN72N7XZ5,4,T,A,W,N,7,2,N,7,X,Z,5,0,0,0,000000000,00000000000,0,0,0,1,0,0,0,0,0,0,0,998,0,1,5,9,6,2,1,0,0,0,1,40,74834,6,1,0,0,3,0,66,105,0,0,0,0,0,0,0,0,0,0,0,0,0,0,1,2,35,1,6,5,1,0,0,1,9,99,5,4,2,1,0
40,400521,1,2,2,6,10,14,58,12,6,1,0,40,1,20,4,20004,2,2002,1G1YY12SX251,1,G,1,Y,Y,1,2,S,X,2,5,1,0,0,0,000000000,00000000000,0,0,0,1,0,0,0,0,0,0,0,998,0,0,0,2,6,2,12,0,0,0,1,40,73543,6,1,0,0,3,0,71,190,0,0,0,0,0,0,0,0,0,0,38,0,0,0,1,4,40,1,1,2,1,0,0,11,15,1,1,1,68,1,0
40,400521,2,2,1,6,10,14,58,12,6,1,0,40,1,2,404,2404,14,2011,1J4RS5GT3BC6,1,J,4,R,S,5,G,T,3,B,C,6,0,0,0,000000000,00000000000,0,0,0,1,0,0,0,0,0,0,0,50,0,0,0,12,6,2,12,0,0,0,1,40,73025,6,1,0,0,3,3,66,200,0,0,0,0,0,0,0,0,0,3,0,0,0,0,1,4,40,1,1,2,1,0,0,1,62,1,1,1,69,0,0
40,400522,1,1,1,14,12,21,48,1,0,1,0,40,1,20,421,20421,15,2003,1GNEC13ZX3J3,1,G,N,E,C,1,3,Z,X,3,J,3,0,0,0,000000000,00000000000,0,0,0,1,0,0,0,0,0,0,0,998,0,1,5,0,6,2,1,0,0,0,1,48,73572,6,1,0,0,3,0,70,170,0,0,0,0,1,6,2014,6,2014,4,89,58,0,0,1,2,45,1,1,4,1,0,0,1,6,6,3,4,7,1,1
40,400523,1,1,1,7,12,3,35,35,0,1,0,40,1,20,481,20481,31,2010,1GCSKSE32AZ1,1,G,C,S,K,S,E,3,2,A,Z,1,0,0,0,000000000,00000000000,0,0,0,1,0,0,0,0,0,0,0,998,0,0,0,12,6,2,35,0,0,0,1,40,74365,6,1,0,0,3,0,75,200,0,0,0,0,1,5,2014,5,2014,4,0,0,0,0,1,2,45,3,1,2,1,28,3,14,13,99,1,4,1,1,0
40,400524,1,2,1,25,10,0,45,12,6,1,0,40,2,49,471,49471,30,1993,4TARN81A1PZ1,4,T,A,R,N,8,1,A,1,P,Z,1,0,0,0,000000000,00000000000,0,0,0,1,0,0,0,0,0,0,0,998,0,1,5,12,6,2,1,0,0,0,1,40,73099,6,1,0,0,3,3,71,145,0,0,0,1,4,2,2014,6,2014,0,39,0,0,0,1,2,45,1,5,2,1,20,3,1,17,99,1,1,88,1,1
40,400524,2,2,2,25,10,0,45,12,6,1,0,40,1,41,441,41441,20,2005,JM3LW28J4505,J,M,3,L,W,2,8,J,4,5,0,5,0,0,0,000000000,00000000000,0,0,0,1,0,0,0,0,0,0,0,998,0,0,0,11,6,2,12,0,0,0,1,40,73099,6,1,0,0,3,3,66,145,0,0,0,0,0,0,0,0,0,0,0,0,0,0,1,2,45,1,1,2,1,4,3,1,66,99,1,1,89,0,0
40,400525,1,1,4,3,11,19,15,8,0,1,0,40,3,20,481,20481,31,2011,1GC1KVCG2BF2,1,G,C,1,K,V,C,G,2,B,F,2,0,0,0,000000000,00000000000,0,0,0,1,0,0,0,0,0,0,0,998,0,0,0,12,2,5,8,0,0,0,1,5,72007,6,1,0,0,3,3,73,240,0,0,0,0,0,0,0,0,0,0,0,0,0,0,2,4,40,1,1,2,2,1,3,1,80,99,1,1,13,0,0
40,400526,1,2,1,28,11,12,5,12,6,1,0,40,1,12,402,12402,14,2005,1FMYU93175KA,1,F,M,Y,U,9,3,1,7,5,K,A,0,0,0,000000000,00000000000,0,0,0,1,0,0,0,0,0,0,0,998,0,1,1,12,6,2,1,0,0,0,1,40,74120,6,1,0,0,3,0,64,125,0,0,0,0,0,0,0,0,0,0,28,0,0,0,1,2,65,1,6,2,1,0,0,1,10,99,1,2,64,0,0
40,400526,2,2,2,28,11,12,5,12,6,1,0,48,1,12,473,12473,30,2008,1FMEU31EX8UB,1,F,M,E,U,3,1,E,X,8,U,B,0,0,0,000000000,00000000000,0,0,0,1,0,0,0,0,0,0,0,998,0,0,0,1,6,2,12,0,0,0,1,48,75043,6,1,0,0,3,0,999,999,0,0,0,0,0,0,0,0,0,0,0,0,0,0,1,2,65,1,5,2,1,0,0,1,62,6,1,2,65,1,0
40,400527,1,2,2,30,11,13,43,12,2,1,0,40,1,20,473,20473,30,2009,1GCCS19EX981,1,G,C,C,S,1,9,E,X,9,8,1,0,0,0,000000000,00000000000,0,0,0,1,0,0,0,0,0,0,0,998,0,0,0,12,6,2,12,0,0,0,1,40,74048,6,1,0,0,3,3,71,200,0,0,0,0,0,0,0,0,0,0,28,0,0,0,1,2,65,1,5,2,1,28,3,1,10,99,1,2,50,1,0
40,400527,2,2,2,30,11,13,43,12,2,1,0,40,2,35,472,35472,30,2012,1N6AD0FRXCC4,1,N,6,A,D,0,F,R,X,C,C,4,0,0,0,000000000,00000000000,0,0,0,1,0,0,0,0,0,0,0,998,0,0,0,12,6,2,12,0,0,0,1,40,74006,6,1,0,0,3,0,71,155,0,0,0,0,0,0,0,0,0,0,0,0,0,0,1,2,65,1,6,2,1,0,0,1,62,99,1,1,51,0,0
40,400528,1,1,2,10,9,7,27,8,0,1,0,40,3,98,882,98882,63,2001,1CYCCM4881T0,1,C,Y,C,C,M,4,8,8,1,T,0,0,0,88,888888888,88888888888,3,2,7,1,0,0,0,0,0,0,0,998,0,0,0,14,0,5,8,0,0,0,1,40,74066,6,1,6,0,3,3,69,210,0,0,0,0,0,0,0,0,0,0,0,0,0,0,1,2,25,2,6,2,1,0,0,2,82,1,1,1,13,0,0
40,400529,1,2,1,21,11,21,8,12,1,1,0,22,1,12,3,12003,1,2008,1ZVHT84NX851,1,Z,V,H,T,8,4,N,X,8,5,1,0,0,0,000000000,00000000000,0,0,0,1,0,0,0,0,0,0,0,998,0,0,0,12,6,2,12,0,0,0,1,22,70754,6,1,0,0,3,0,73,250,0,0,0,0,0,0,0,0,0,4,0,0,0,0,3,2,65,1,1,1,2,0,0,1,51,3,2,1,24,0,0
40,400529,2,2,2,21,11,21,8,12,1,1,0,40,2,2,405,2405,14,2003,1J8GK48K63W5,1,J,8,G,K,4,8,K,6,3,W,5,0,0,0,000000000,00000000000,0,0,0,1,0,0,0,0,0,0,0,998,0,1,1,6,6,2,1,0,0,0,1,40,74115,0,0,0,0,0,0,69,200,0,0,0,0,0,0,0,0,0,0,0,0,0,0,3,2,65,1,1,1,2,0,0,1,53,1,1,1,25,1,1
40,400530,1,1,1,1,12,12,48,21,0,1,0,40,2,12,481,12481,31,1999,1FTZX1722XKB,1,F,T,Z,X,1,7,2,2,X,K,B,0,0,0,000000000,00000000000,0,0,0,1,0,0,0,0,0,0,0,998,0,0,0,12,6,2,21,0,0,0,1,40,73170,1,1,0,0,2,0,71,220,0,3,0,0,6,2,2014,11,2014,0,0,0,0,0,2,4,40,1,5,2,1,3,3,1,13,99,1,4,1,1,0
40,400531,1,1,1,6,12,11,15,10,0,1,0,40,3,87,881,87881,66,2006,1XP5DB9X66N6,1,X,P,5,D,B,9,X,6,6,N,6,1,1,57,2353902,572353902,3,6,3,1,0,0,0,0,0,0,0,998,0,0,0,12,6,2,10,0,0,0,1,40,73601,6,1,6,0,3,0,70,194,0,0,0,1,0,9,2012,9,2012,0,0,0,0,0,1,2,65,1,1,2,2,65,3,1,90,3,1,1,15,1,0
40,400532,1,1,2,6,11,9,1,31,0,1,0,40,1,18,18,18018,4,1990,1G4NV54U4LM0,1,G,4,N,V,5,4,U,4,L,M,0,0,0,0,000000000,00000000000,0,0,0,1,0,0,0,0,0,0,0,76,0,0,0,2,6,2,31,0,0,0,1,40,74063,6,1,0,0,3,0,62,204,0,0,0,0,0,0,0,0,0,3,28,0,0,0,1,4,35,1,1,2,1,0,0,1,9,1,4,4,7,1,0
40,400533,1,1,2,5,12,16,54,10,0,1,0,40,2,23,481,23481,31,1995,2GTEK19Z2S15,2,G,T,E,K,1,9,Z,2,S,1,5,0,0,0,000000000,00000000000,0,0,0,1,0,0,0,0,0,0,0,998,0,1,1,1,6,2,10,0,0,0,1,40,74331,6,1,0,0,3,3,67,120,0,0,0,0,0,0,0,0,0,0,38,0,0,0,1,2,45,1,5,4,2,65,3,1,90,99,1,1,15,1,0
40,400534,1,1,1,7,12,12,7,42,0,1,0,40,1,18,3,18003,4,1998,1G4CW52K9W46,1,G,4,C,W,5,2,K,9,W,4,6,0,0,0,000000000,00000000000,0,0,0,1,0,0,0,0,0,0,0,998,0,0,0,12,6,2,42,0,0,0,1,40,73030,6,1,0,0,3,0,65,160,0,0,0,0,0,0,0,0,0,0,28,58,0,0,1,2,65,1,1,2,1,0,0,1,8,7,3,4,7,1,0
40,400535,1,2,1,10,12,10,46,12,6,1,0,40,3,87,881,87881,66,2008,1XPWDB8X68D7,1,X,P,W,D,B,8,X,6,8,D,7,1,1,57,1882082,571882082,3,6,4,1,0,0,0,0,0,0,0,998,0,0,0,10,2,5,12,0,0,0,1,40,73742,6,1,6,0,3,3,69,200,0,0,0,1,3,4,2013,3,2014,0,0,0,0,0,1,2,55,1,1,5,1,0,0,1,66,99,1,1,89,0,0
40,400535,2,2,1,10,12,10,46,12,6,1,0,40,1,12,481,12481,31,2004,1FTNX21L04EC,1,F,T,N,X,2,1,L,0,4,E,C,1,1,0,000000000,00000000000,0,0,0,1,0,0,0,0,0,0,0,998,0,0,0,12,6,2,12,0,0,1,1,40,73078,6,1,0,0,3,3,71,260,0,0,0,0,0,0,0,0,0,0,38,0,0,0,1,2,55,1,6,5,1,0,0,1,17,99,1,1,88,1,0
40,400536,1,1,1,11,12,0,58,42,0,1,0,48,3,23,881,23881,61,2007,1GDE4C1927F4,1,G,D,E,4,C,1,9,2,7,F,4,0,0,57,495811,57495811,2,1,1,1,0,0,0,0,0,0,0,998,0,0,0,12,6,2,42,0,0,0,1,40,74337,6,1,0,0,3,0,72,220,0,0,0,0,0,0,0,0,0,0,0,0,0,0,2,4,70,1,1,1,1,0,0,1,13,99,1,4,1,1,0
40,400537,1,2,2,11,12,16,45,12,2,1,0,40,2,22,9,22009,3,1998,2G2FS22K4W22,2,G,2,F,S,2,2,K,4,W,2,2,0,0,0,000000000,00000000000,0,0,0,1,0,0,0,0,0,0,0,998,0,0,0,12,6,2,12,0,0,0,1,40,73446,2,1,0,0,2,0,69,125,0,0,0,0,0,0,0,0,0,0,48,0,0,0,1,2,65,2,1,2,2,28,3,11,15,99,1,1,68,1,0
40,400537,2,2,1,11,12,16,45,12,2,1,0,40,2,18,24,18024,6,2008,5GAER23798J1,5,G,A,E,R,2,3,7,9,8,J,1,0,0,0,000000000,00000000000,0,0,0,1,0,0,0,0,0,0,0,998,0,1,5,12,6,2,12,0,0,0,1,40,73460,6,1,6,0,3,0,75,275,0,0,0,1,0,8,2012,8,2012,0,0,0,0,0,1,2,65,3,1,2,2,28,3,14,62,99,1,1,69,0,0
40,400538,1,2,1,12,12,12,53,12,6,1,0,40,3,12,17,12017,4,2013,1FAHP2L85DG1,1,F,A,H,P,2,L,8,5,D,G,1,0,0,0,000000000,00000000000,0,0,0,1,0,0,0,0,0,5,2,998,0,0,0,12,6,2,12,0,0,0,1,40,73102,6,1,0,0,3,0,72,215,0,0,0,0,0,0,0,0,0,3,16,0,0,0,1,4,40,1,3,2,1,0,0,1,67,6,1,3,83,0,0
40,400538,2,2,1,12,12,12,53,12,6,1,0,40,1,49,43,49043,4,2005,4T1BK36B15U0,4,T,1,B,K,3,6,B,1,5,U,0,0,0,0,000000000,00000000000,0,0,0,1,0,0,0,0,0,0,0,998,0,0,0,11,6,2,12,0,0,0,1,40,73013,6,1,0,0,3,0,65,122,0,0,0,0,0,0,0,0,0,0,0,0,0,0,2,2,25,1,6,1,1,20,3,11,15,99,1,1,82,1,0
40,400540,1,1,1,19,12,0,2,42,0,1,0,40,2,12,402,12402,14,2003,1FMYU03143KB,1,F,M,Y,U,0,3,1,4,3,K,B,0,0,0,000000000,00000000000,0,0,0,1,0,0,0,0,0,0,0,998,0,1,5,2,6,2,1,0,0,0,1,40,73447,2,1,0,0,2,0,71,240,0,1,0,0,1,5,2012,6,2012,0,0,0,0,0,1,2,45,3,6,2,2,28,3,14,13,99,1,4,1,1,1
40,400541,1,2,1,19,12,16,40,12,7,1,0,40,1,7,472,7472,30,1998,1B7GL22Y1WS7,1,B,7,G,L,2,2,Y,1,W,S,7,0,0,0,000000000,00000000000,0,0,0,1,0,0,0,0,0,0,0,998,0,1,5,11,6,2,42,0,0,0,1,40,74134,6,1,0,0,3,0,72,175,0,0,0,0,0,0,0,0,0,0,27,0,0,0,2,4,55,1,5,2,1,0,0,15,10,1,1,2,47,1,0
40,400541,2,2,1,19,12,16,40,12,7,1,0,40,1,35,43,35043,4,1997,3N1AB41D9VL0,3,N,1,A,B,4,1,D,9,V,L,0,0,0,0,000000000,00000000000,0,0,0,1,0,0,0,0,0,0,0,998,0,0,0,5,2,5,12,0,0,0,1,40,74011,6,1,0,0,3,3,64,120,0,0,0,0,0,0,0,0,0,0,0,0,0,0,2,4,55,1,5,2,1,0,0,1,61,1,1,1,45,0,0
40,400542,1,2,2,22,11,13,59,12,2,1,0,40,0,20,37,20037,4,2013,1G11H5SA3DF2,1,G,1,1,H,5,S,A,3,D,F,2,0,0,0,000000000,00000000000,0,0,0,1,0,0,0,0,0,0,0,998,0,0,0,12,6,2,12,0,0,0,1,40,74048,6,1,0,0,3,0,67,240,0,0,0,0,0,0,0,0,0,0,28,0,0,0,1,2,65,1,1,2,2,0,0,1,10,99,1,2,50,2,0
40,400542,2,2,4,22,11,13,59,12,2,1,0,40,1,63,37,63037,6,2014,KNDJN2A22E77,K,N,D,J,N,2,A,2,2,E,7,7,0,0,0,000000000,00000000000,0,0,0,1,0,0,0,0,0,0,0,998,0,1,5,12,6,2,12,0,0,0,1,40,74048,6,1,0,0,3,0,70,245,0,1,0,0,2,8,2012,12,2012,0,0,0,0,0,1,2,65,1,1,2,2,0,0,1,62,99,1,1,51,3,0
40,400543,1,1,1,1,12,22,42,8,0,1,0,40,1,20,37,20037,4,2012,1G1ZC5E09CF2,1,G,1,Z,C,5,E,0,9,C,F,2,0,0,0,000000000,00000000000,0,0,0,1,0,0,0,0,0,0,0,998,0,0,0,12,4,3,8,0,0,0,1,20,73015,2,1,0,0,2,0,65,135,0,0,0,0,0,0,0,0,0,0,0,0,0,0,1,2,65,1,5,2,1,28,3,1,80,1,1,1,13,0,0
40,400544,1,1,1,18,12,18,16,8,0,1,1,99,9,12,999,12999,99,9999,999999999999,9,9,9,9,9,9,9,9,9,9,9,9,0,0,0,000000000,00000000000,0,0,0,1,0,0,0,0,0,0,0,998,0,0,0,12,4,5,8,0,0,0,1,99,99999,9,9,99,9,9,9,999,999,99,99,99,99,99,99,9999,99,9999,9,0,0,0,0,1,4,40,1,1,2,2,0,0,1,80,99,9,9,13,0,0
40,400545,1,1,2,20,12,20,54,8,0,1,0,40,1,12,481,12481,31,2006,1FTPX12576FA,1,F,T,P,X,1,2,5,7,6,F,A,0,0,0,000000000,00000000000,0,0,0,1,0,0,0,0,0,0,0,998,0,0,0,12,4,3,8,0,0,0,1,40,73162,6,1,0,0,3,0,67,137,0,0,0,0,0,0,0,0,0,0,0,0,0,0,1,6,45,1,1,2,1,0,0,1,80,1,1,1,13,0,0
40,400546,1,1,2,23,12,0,27,10,0,1,0,40,2,34,34,34034,4,2002,WBAET37462NJ,W,B,A,E,T,3,7,4,6,2,N,J,0,0,0,000000000,00000000000,0,0,0,1,0,0,0,0,0,0,0,998,0,0,0,12,6,2,10,0,0,0,1,40,73160,6,1,0,0,3,0,72,160,0,0,0,0,1,11,2014,11,2014,0,39,0,0,0,1,4,45,1,1,2,1,65,3,1,91,99,1,1,15,1,1
40,400547,1,2,1,29,12,22,2,12,6,1,0,40,1,20,421,20421,15,2000,1GNCS18W7YK2,1,G,N,C,S,1,8,W,7,Y,K,2,0,0,0,000000000,00000000000,0,0,0,1,0,0,0,0,0,0,0,998,0,0,0,12,6,2,12,0,0,0,1,40,74105,1,1,0,0,2,0,67,130,0,0,0,0,0,0,0,0,0,3,39,0,0,0,2,2,40,1,5,2,1,3,3,1,17,99,1,1,83,1,1
40,400547,2,2,1,29,12,22,2,12,6,1,0,40,1,49,472,49472,30,2008,5TEJU62N88Z4,5,T,E,J,U,6,2,N,8,8,Z,4,0,0,0,000000000,00000000000,0,0,0,1,0,0,0,0,0,0,0,998,0,0,0,10,6,2,12,0,0,0,1,40,74137,6,1,0,0,3,0,69,150,0,0,0,0,0,0,0,0,0,0,0,0,0,0,6,2,40,1,1,2,1,3,3,11,66,1,1,1,82,0,0
40,400548,1,6,1,14,12,22,1,12,1,1,0,93,3,82,881,82881,66,2012,1FUJGLDR9CSB,1,F,U,J,G,L,D,R,9,C,S,B,1,1,57,805966,57805966,3,6,1,1,0,0,0,0,0,0,0,998,0,1,1,12,6,2,1,0,0,0,1,42,17363,6,1,6,0,3,3,73,999,0,0,0,1,5,12,2011,11,2014,0,0,0,0,0,2,2,55,1,1,2,2,3,3,1,50,99,1,1,20,1,0
40,400548,2,6,2,14,12,22,1,12,1,1,0,48,2,55,36,55036,3,2008,KMHCM36C78U0,K,M,H,C,M,3,6,C,7,8,U,0,0,0,0,000000000,00000000000,0,0,0,1,0,0,0,0,0,0,0,0,0,0,0,6,6,2,12,0,0,0,1,48,75076,6,1,0,0,3,3,999,999,0,0,0,0,0,0,0,0,0,0,0,0,0,0,2,2,55,1,1,2,2,3,3,5,53,1,1,1,21,0,0
40,400548,3,6,1,14,12,22,1,12,1,1,0,93,3,84,881,84881,66,2002,2HSCNASR22C0,2,H,S,C,N,A,S,R,2,2,C,0,1,1,57,2353132,572353132,3,6,2,1,0,0,0,0,0,0,0,0,0,0,0,7,6,2,12,0,0,0,1,29,65617,6,1,6,1,3,0,72,281,0,0,0,0,0,0,0,0,0,0,0,0,0,0,2,2,55,1,1,2,2,3,3,5,53,1,1,1,98,0,0
40,400548,4,6,1,14,12,22,1,12,1,1,0,93,3,89,881,89881,66,1992,4V1WDBRH8NU5,4,V,1,W,D,B,R,H,8,N,U,5,1,1,57,2353132,572353132,3,6,2,1,0,0,0,0,0,0,0,0,0,0,0,6,6,2,12,0,0,0,1,29,65803,6,1,6,1,3,0,999,999,0,0,0,0,0,0,0,0,0,0,0,0,0,0,2,2,55,1,1,2,2,3,3,5,53,1,1,1,98,0,0
40,400548,5,6,1,14,12,22,1,12,1,1,0,93,3,89,881,89881,66,1993,4V1WDBMF3PN6,4,V,1,W,D,B,M,F,3,P,N,6,1,1,57,2353132,572353132,3,6,2,1,0,0,0,0,0,0,0,0,0,0,0,6,6,2,12,0,0,0,1,29,65617,6,1,6,1,3,0,999,999,0,0,0,0,0,0,0,0,0,0,0,0,0,0,2,2,55,1,1,2,2,3,3,5,53,1,1,1,98,0,0
40,400548,6,6,3,14,12,22,1,12,1,1,0,48,1,7,442,7442,20,2004,2D4GP44L64R5,2,D,4,G,P,4,4,L,6,4,R,5,0,0,0,000000000,00000000000,0,0,0,1,0,0,0,0,0,0,0,0,0,0,0,6,6,2,12,0,0,0,1,48,78254,6,1,0,0,3,0,999,999,0,0,0,0,0,0,0,0,0,0,0,0,0,0,2,2,55,1,1,2,2,3,3,5,53,1,1,1,98,0,0
40,400549,1,2,1,20,10,5,46,12,6,1,0,40,3,87,881,87881,66,2013,1XPWDP9X2DD2,1,X,P,W,D,P,9,X,2,D,D,2,1,1,57,1123267,571123267,3,6,4,1,0,0,0,0,0,0,0,998,0,0,0,8,6,2,12,0,0,0,1,20,67042,6,1,6,0,3,3,70,305,0,0,0,0,0,0,0,0,0,0,28,0,0,0,1,2,45,3,1,2,2,28,3,14,10,99,1,2,64,0,0
40,400549,2,2,1,20,10,5,46,12,6,1,0,40,2,7,482,7482,31,1996,1B7HC16Z4TJ1,1,B,7,H,C,1,6,Z,4,T,J,1,0,0,0,000000000,00000000000,0,0,0,1,0,0,0,0,0,0,0,998,0,0,0,11,6,2,12,0,0,0,1,40,74931,6,1,0,0,3,0,70,260,0,0,0,0,0,0,0,0,0,0,0,0,0,0,1,2,45,2,1,2,2,28,3,14,62,99,1,1,65,1,0
40,400550,1,1,1,1,12,19,30,1,0,1,0,40,2,37,32,37032,4,2005,1HGCM66515A0,1,H,G,C,M,6,6,5,1,5,A,0,0,0,0,000000000,00000000000,0,0,0,1,0,0,0,0,0,0,0,998,0,1,5,0,6,2,1,0,0,0,1,40,74136,6,1,0,0,3,0,64,170,0,0,0,0,0,0,0,0,0,4,0,0,0,0,6,1,60,2,1,1,1,0,0,14,13,99,4,4,2,1,0
40,400551,1,3,1,12,12,7,46,12,6,1,0,40,2,20,481,20481,31,2006,1GCEK19B76Z2,1,G,C,E,K,1,9,B,7,6,Z,2,0,0,0,000000000,00000000000,0,0,0,1,0,0,0,0,0,0,0,998,0,0,0,12,6,2,12,0,0,0,1,40,74948,6,1,0,0,3,0,66,140,0,0,0,0,0,0,0,0,0,4,0,0,0,0,2,3,55,1,1,1,1,0,0,6,9,99,5,6,64,1,0
40,400551,2,3,1,12,12,7,46,12,6,1,0,47,3,85,881,85881,66,2013,1XKAD48X6DJ3,1,X,K,A,D,4,8,X,6,D,J,3,1,1,57,091805,57091805,3,6,2,2,2,1203,3,1,0,0,0,998,0,0,0,10,6,2,12,0,0,0,1,5,72840,6,1,6,1,3,3,68,140,0,0,0,0,0,0,0,0,0,0,0,0,0,0,2,2,55,1,1,2,1,0,0,1,62,99,1,1,65,0,0
40,400551,3,3,1,12,12,7,46,12,6,1,0,40,1,35,47,35047,4,2012,1N4AL2AP3CN4,1,N,4,A,L,2,A,P,3,C,N,4,0,0,0,000000000,00000000000,0,0,0,1,0,0,0,0,0,0,0,998,0,0,0,11,4,5,54,0,0,0,1,40,74955,6,1,0,0,3,0,63,110,0,0,0,0,0,0,0,0,0,0,0,0,0,0,2,2,55,1,1,1,1,0,0,1,98,99,1,1,98,0,0
40,400552,1,1,4,15,12,14,59,42,0,1,0,40,2,12,3,12003,2,2004,1FAFP40664F1,1,F,A,F,P,4,0,6,6,4,F,1,0,0,0,000000000,00000000000,0,0,0,1,0,0,0,0,0,0,0,998,0,0,0,12,6,2,42,0,0,0,1,40,74441,0,0,0,0,0,0,999,999,0,0,0,0,0,0,0,0,0,0,80,37,0,0,1,2,55,2,6,2,1,28,3,14,1,99,2,4,2,1,1
40,400553,1,1,1,27,12,13,17,34,0,1,0,40,1,55,41,55041,4,2015,KMHGN4JE4FU0,K,M,H,G,N,4,J,E,4,F,U,0,0,0,0,000000000,00000000000,0,0,0,1,0,0,0,0,0,0,0,998,0,1,5,3,6,2,1,0,0,0,1,40,73438,6,1,0,0,3,0,63,110,0,0,0,0,0,0,0,0,0,4,28,0,0,0,1,2,65,1,4,2,10,0,0,1,6,99,4,4,7,1,0
40,400554,1,1,2,13,12,15,40,1,0,1,0,40,1,18,401,18401,14,2006,3G5DA03LX6S6,3,G,5,D,A,0,3,L,X,6,S,6,0,0,0,000000000,00000000000,0,0,0,1,0,0,0,0,0,0,0,998,0,1,1,0,6,2,1,0,0,0,1,40,73036,6,1,0,0,3,3,62,95,0,0,0,0,0,0,0,0,0,0,58,0,0,0,3,2,75,3,1,2,1,0,0,14,12,7,4,6,98,1,0
40,400555,1,1,1,17,12,22,50,32,0,1,0,40,1,20,24,20024,6,2010,1GNLRFED6AS1,1,G,N,L,R,F,E,D,6,A,S,1,0,0,0,000000000,00000000000,0,0,0,1,0,0,0,0,0,0,0,998,0,0,0,12,6,2,42,0,0,1,1,40,73443,6,1,0,0,3,0,69,170,0,1,0,0,0,6,2013,6,2013,4,28,87,0,0,1,2,45,1,5,2,2,0,0,1,6,99,5,4,7,1,1
40,400556,1,2,1,24,12,14,30,12,6,1,0,40,1,12,461,12461,21,1993,1FDEE14H9PHB,1,F,D,E,E,1,4,H,9,P,H,B,0,0,0,000000000,00000000000,0,0,0,1,0,0,0,0,0,0,0,998,0,0,0,12,6,2,12,0,0,0,1,40,73111,6,1,6,0,3,3,74,190,0,0,0,0,1,2,2014,2,2014,0,0,0,0,0,1,4,45,1,1,1,1,3,3,1,66,99,1,1,88,0,0
40,400556,2,2,1,24,12,14,30,12,6,1,0,40,1,63,32,63032,4,2009,KNADE2236965,K,N,A,D,E,2,2,3,6,9,6,5,0,0,0,000000000,00000000000,0,0,0,1,0,0,0,0,0,0,0,998,0,0,0,9,6,2,12,0,0,0,1,40,73110,6,1,0,0,3,0,66,120,0,0,0,1,0,3,2012,3,2012,0,39,0,0,0,1,4,45,1,1,1,1,3,3,1,17,99,1,1,89,1,0
40,400557,1,2,1,3,5,19,5,12,1,1,0,40,3,12,481,12481,31,2001,1FTRW07W01KD,1,F,T,R,W,0,7,W,0,1,K,D,0,0,0,000000000,00000000000,0,0,0,1,0,0,0,0,0,0,0,998,0,0,0,12,6,2,12,0,0,0,1,40,74552,6,1,0,0,3,3,72,215,0,0,0,0,0,0,0,0,0,0,0,0,0,0,1,2,35,1,1,2,1,0,0,1,50,99,1,1,20,1,0