STATE,ST_CASE,VEH_NO,VE_FORMS,NUMOCCS,DAY,MONTH,HOUR,MINUTE,HARM_EV,MAN_COLL,UNITTYPE,HIT_RUN,REG_STAT,OWNER,MAKE,MODEL,MAK_MOD,BODY_TYP,MOD_YEAR,VIN,VIN_1,VIN_2,VIN_3,VIN_4,VIN_5,VIN_6,VIN_7,VIN_8,VIN_9,VIN_10,VIN_11,VIN_12,TOW_VEH,J_KNIFE,MCARR_I1,MCARR_I2,MCARR_ID,GVWR,V_CONFIG,CARGO_BT,HAZ_INV,HAZ_PLAC,HAZ_ID,HAZ_CNO,HAZ_REL,BUS_USE,SPEC_USE,EMER_USE,TRAV_SP,UNDERIDE,ROLLOVER,ROLINLOC,IMPACT1,DEFORMED,TOWED,M_HARM,VEH_SC1,VEH_SC2,FIRE_EXP,DR_PRES,L_STATE,DR_ZIP,L_STATUS,L_TYPE,CDL_STAT,L_ENDORS,L_COMPL,L_RESTRI,DR_HGT,DR_WGT,PREV_ACC,PREV_SUS,PREV_DWI,PREV_SPD,PREV_OTH,FIRST_MO,FIRST_YR,LAST_MO,LAST_YR,SPEEDREL,DR_SF1,DR_SF2,DR_SF3,DR_SF4,VTRAFWAY,VNUM_LAN,VSPD_LIM,VALIGN,VPROFILE,VPAVETYP,VSURCOND,VTRAFCON,VTCONT_F,P_CRASH1,P_CRASH2,P_CRASH3,PCRASH4,PCRASH5,ACC_TYPE,DEATHS,DR_DRINK
40,400557,2,2,1,3,5,19,5,12,1,1,0,40,2,20,441,20441,20,1998,1GNDM19W2WB1,1,G,N,D,M,1,9,W,2,W,B,1,0,0,0,000000000,00000000000,0,0,0,1,0,0,0,0,0,0,0,0,0,0,0,6,6,2,12,0,0,0,1,40,74561,6,1,0,0,3,3,65,135,0,0,0,0,0,0,0,0,0,0,0,0,0,0,1,2,35,1,1,2,1,0,0,11,53,99,1,1,22,0,0
40,400558,1,1,1,14,12,3,40,33,0,1,0,40,1,12,16,12016,4,1995,2FALP74W2SX1,2,F,A,L,P,7,4,W,2,S,X,1,0,0,0,000000000,00000000000,0,0,0,1,0,0,0,0,0,0,0,998,0,0,0,12,6,2,19,0,0,0,1,40,73008,3,1,0,0,2,0,71,240,0,0,0,0,1,6,2013,6,2013,0,0,0,0,0,1,4,40,1,1,2,1,0,0,1,13,99,1,4,1,1,1
40,400559,1,2,2,25,12,20,37,12,2,1,0,40,1,12,17,12017,4,2003,1FAFP55S03G2,1,F,A,F,P,5,5,S,0,3,G,2,0,0,0,000000000,00000000000,0,0,0,1,0,0,0,0,0,0,0,998,0,0,0,12,6,2,12,0,0,0,1,40,73107,1,1,0,0,2,0,62,182,0,1,0,0,1,11,2013,12,2013,0,51,0,0,0,2,2,65,1,1,2,1,40,3,1,54,99,1,1,52,1,1
40,400559,2,2,3,25,12,20,37,12,2,1,0,40,2,12,481,12481,31,2006,1FTRX12W56NA,1,F,T,R,X,1,2,W,5,6,N,A,0,0,0,000000000,00000000000,0,0,0,1,0,0,0,0,0,0,0,998,0,1,1,12,6,2,12,0,0,0,1,40,73010,6,1,6,0,3,3,68,190,0,0,0,0,0,0,0,0,0,0,0,0,0,0,2,2,65,1,1,2,1,0,0,1,54,7,1,2,52,0,0
40,400560,1,1,2,27,12,12,40,35,0,1,0,40,1,12,481,12481,31,2004,1FTPW12504KC,1,F,T,P,W,1,2,5,0,4,K,C,0,0,0,000000000,00000000000,0,0,0,1,0,0,0,0,0,0,0,998,0,1,6,3,6,2,35,0,0,0,1,40,73018,6,1,0,0,3,0,69,185,0,0,0,0,0,0,0,0,0,4,87,0,0,0,1,2,65,1,1,2,3,0,0,1,6,1,4,4,7,1,0
40,400561,1,2,1,29,12,18,8,12,2,1,0,40,2,12,880,12880,67,2007,1FTWW33P47EB,1,F,T,W,W,3,3,P,4,7,E,B,0,0,88,888888888,88888888888,2,1,97,1,0,0,0,0,0,0,0,998,0,0,0,12,6,2,12,0,0,0,1,40,74301,6,1,0,0,3,0,73,155,0,0,0,0,0,0,0,0,0,0,35,0,0,0,1,2,65,1,1,2,1,0,0,6,10,99,1,2,50,0,0
40,400561,2,2,1,29,12,18,8,12,2,1,0,40,1,55,402,55402,14,2012,KM8JU3AC1CU4,K,M,8,J,U,3,A,C,1,C,U,4,0,0,0,000000000,00000000000,0,0,0,1,0,0,0,0,0,0,0,998,0,0,0,12,6,2,12,0,0,0,1,40,74006,6,1,0,0,3,0,69,215,0,0,0,0,0,0,0,0,0,0,0,0,0,0,1,2,65,1,1,2,1,0,0,1,62,99,1,1,51,1,0
40,400562,1,2,1,30,9,6,44,12,6,1,0,40,3,87,881,87881,66,2007,1XP5DB9X37D6,1,X,P,5,D,B,9,X,3,7,D,6,1,1,57,125792,57125792,3,6,3,1,0,0,0,0,0,0,0,998,0,0,0,12,6,2,12,0,0,0,1,40,74523,6,1,3,0,3,3,72,230,0,0,0,0,0,0,0,0,0,0,38,0,0,0,1,2,25,1,1,2,1,20,3,1,17,99,1,1,88,1,0
40,400562,2,2,1,30,9,6,44,12,6,1,0,40,1,85,881,85881,66,1990,1XKWDB9X3LS5,1,X,K,W,D,B,9,X,3,L,S,5,0,0,57,350632,57350632,3,5,96,1,0,0,0,0,0,0,0,998,0,0,0,11,6,2,12,0,0,0,1,40,74048,6,1,6,0,3,0,74,160,0,0,0,0,0,0,0,0,0,0,0,0,0,0,2,2,55,1,1,2,1,0,0,1,66,99,1,1,89,0,0
40,400563,1,1,1,17,10,10,53,35,0,1,0,40,1,76,706,76706,80,2008,JYAVP25Y58A0,J,Y,A,V,P,2,5,Y,5,8,A,0,0,0,0,000000000,00000000000,0,0,0,1,0,0,0,0,0,0,0,998,0,0,0,12,6,2,35,0,0,0,1,40,74818,6,1,0,0,3,3,71,150,0,0,0,0,0,0,0,0,0,4,0,0,0,0,1,2,55,3,1,2,1,0,0,14,13,99,1,4,1,1,0
40,400564,1,1,4,21,10,19,26,8,0,1,0,40,2,35,39,35039,4,2014,1N4AA5AP5EC4,1,N,4,A,A,5,A,P,5,E,C,4,0,0,0,000000000,00000000000,0,0,0,1,0,0,0,0,0,0,0,998,0,0,0,12,6,2,8,0,0,0,1,40,73135,6,1,0,0,3,0,72,210,0,0,0,0,0,0,0,0,0,0,0,0,0,0,1,4,35,1,1,2,1,0,0,1,80,99,1,1,13,0,0
40,400565,1,2,1,15,7,15,59,12,1,1,0,40,1,76,706,76706,80,2008,JYARN20E08A0,J,Y,A,R,N,2,0,E,0,8,A,0,0,0,0,000000000,00000000000,0,0,0,1,0,0,0,0,0,0,0,998,0,0,0,12,6,2,12,0,0,0,1,40,73070,6,1,0,0,3,3,72,195,0,0,0,0,0,0,0,0,0,0,26,0,0,0,1,2,60,1,5,2,1,0,0,1,52,1,1,1,28,1,0
40,400565,2,2,1,15,7,15,59,12,1,1,0,40,1,20,880,20880,67,2002,1GBJK39162F1,1,G,B,J,K,3,9,1,6,2,F,1,1,1,88,888888888,88888888888,2,4,3,1,0,0,0,0,0,0,0,998,0,0,0,6,0,5,12,0,0,0,1,40,73026,6,1,0,0,3,3,71,175,0,0,0,0,0,0,0,0,0,0,0,0,0,0,1,2,60,1,5,2,1,0,0,2,53,1,1,1,30,0,0
40,400566,1,1,1,11,10,3,30,8,0,1,1,40,2,37,31,37031,2,2008,2HGFG12868H5,2,H,G,F,G,1,2,8,6,8,H,5,0,0,0,000000000,00000000000,0,0,0,1,0,0,0,0,0,0,0,998,0,0,0,12,2,5,8,0,0,0,1,40,74354,6,1,0,0,3,0,71,120,0,0,0,0,0,0,0,0,0,0,0,0,0,0,1,4,45,1,5,2,2,0,0,15,80,1,1,2,13,0,0
40,400567,1,1,1,6,12,23,45,33,0,1,0,40,1,12,402,12402,14,2002,1FMYU03112KD,1,F,M,Y,U,0,3,1,1,2,K,D,0,0,0,000000000,00000000000,0,0,0,1,0,0,0,0,0,0,0,998,0,1,5,1,6,2,1,0,0,0,1,40,73013,6,1,0,0,3,0,66,115,0,0,0,1,1,6,2012,1,2013,0,0,0,0,0,4,2,45,1,1,1,2,0,0,1,13,3,5,4,2,1,0
40,400568,1,2,1,17,12,23,45,12,6,1,0,40,3,12,37,12037,4,2011,1FAHP3GN7BW1,1,F,A,H,P,3,G,N,7,B,W,1,0,0,0,000000000,00000000000,0,0,0,1,0,0,0,0,0,0,0,998,0,0,0,11,6,2,12,0,0,0,1,40,73086,6,1,0,0,3,0,62,115,0,0,0,0,0,0,0,0,0,0,28,0,0,0,1,2,65,1,5,2,2,28,3,1,10,99,1,2,64,0,0
40,400568,2,2,1,17,12,23,45,12,6,1,0,40,1,20,23,20023,6,2008,3GNDA13D58S6,3,G,N,D,A,1,3,D,5,8,S,6,0,0,0,000000000,00000000000,0,0,0,1,0,0,0,0,0,0,0,998,0,0,0,11,6,2,12,0,0,0,1,40,73401,6,1,0,0,3,0,64,195,0,0,0,1,1,10,2014,10,2014,0,0,0,0,0,1,2,65,1,6,2,2,0,0,1,62,99,1,1,65,1,0
40,400569,1,3,1,12,12,9,37,12,6,1,0,40,1,14,6,14006,4,2007,2MEFM75V17X6,2,M,E,F,M,7,5,V,1,7,X,6,0,0,0,000000000,00000000000,0,0,0,1,0,0,0,0,0,0,0,998,0,0,0,11,6,2,12,0,0,0,1,40,73040,6,1,0,0,3,0,70,151,0,0,0,0,0,0,0,0,0,0,38,0,0,0,1,2,65,1,6,2,2,0,0,11,15,1,1,1,68,0,0
40,400569,2,3,1,12,12,9,37,12,6,1,0,40,3,82,881,82881,66,1997,1FUY3WEBXVL8,1,F,U,Y,3,W,E,B,X,V,L,8,1,1,57,486468,57486468,3,6,4,1,0,0,0,0,0,0,0,998,0,1,5,12,6,2,12,0,0,0,1,40,73554,6,1,6,0,3,0,72,218,0,0,0,0,0,0,0,0,0,0,0,0,0,0,1,2,65,1,5,2,2,0,0,1,60,7,1,3,69,0,0
40,400569,3,3,1,12,12,9,37,12,6,1,0,40,1,23,481,23481,31,2008,1GTHK24K48E1,1,G,T,H,K,2,4,K,4,8,E,1,0,0,0,000000000,00000000000,0,0,0,1,0,0,0,0,0,0,0,0,0,1,5,9,6,2,12,0,0,0,1,40,73724,6,1,0,0,3,0,74,165,0,0,0,0,0,0,0,0,0,0,0,0,0,0,1,2,65,1,5,2,2,0,0,5,62,1,1,1,98,1,0
40,400570,1,1,1,22,12,10,29,32,0,1,0,40,2,20,421,20421,15,1993,1GNCS18W8P01,1,G,N,C,S,1,8,W,8,P,0,1,0,0,0,000000000,00000000000,0,0,0,1,0,0,0,0,0,0,0,998,0,1,5,11,6,2,32,0,0,0,1,40,74730,6,1,0,0,3,3,63,200,0,0,0,0,0,0,0,0,0,0,58,28,0,0,1,2,50,1,6,2,1,0,0,1,13,6,4,4,7,1,0
40,400571,1,2,1,12,12,1,5,12,1,1,0,24,1,7,442,7442,20,1994,2B4GH2538RR7,2,B,4,G,H,2,5,3,8,R,R,7,0,0,0,000000000,00000000000,0,0,0,1,0,0,0,0,0,0,0,0,0,0,0,6,6,2,12,0,0,0,1,24,21207,6,1,0,0,3,0,67,140,0,0,0,0,0,0,0,0,0,0,54,0,0,0,3,2,70,1,3,2,1,0,0,5,53,1,1,1,21,1,0
40,400571,2,2,2,12,12,1,5,12,1,1,0,18,3,82,881,82881,66,2014,1FUJGLD55ELF,1,F,U,J,G,L,D,5,5,E,L,F,1,1,57,273818,57273818,3,6,1,1,0,0,0,0,0,0,0,998,0,0,0,12,6,2,12,0,0,0,1,47,37816,6,1,6,0,3,0,75,240,1,0,0,0,3,7,2012,12,2014,0,0,0,0,0,3,2,70,1,3,2,1,0,0,1,50,1,1,1,20,0,0
40,400572,1,2,2,12,12,23,1,12,6,1,0,40,1,7,482,7482,31,2013,1C6RR7ST1DS6,1,C,6,R,R,7,S,T,1,D,S,6,0,0,0,000000000,00000000000,0,0,0,1,0,0,0,0,0,0,0,998,0,1,1,12,6,2,12,0,0,0,1,40,74032,6,1,6,0,3,0,72,230,0,0,0,0,0,0,0,0,0,0,28,0,0,0,1,4,45,1,1,2,2,0,0,1,10,99,1,2,64,1,0
40,400572,2,2,1,12,12,23,1,12,6,1,0,40,1,12,880,12880,67,2012,1FT8W3DT0CED,1,F,T,8,W,3,D,T,0,C,E,D,0,0,88,888888888,88888888888,2,1,97,1,0,0,0,0,0,0,0,998,0,0,0,1,6,2,12,0,0,0,1,40,73036,6,1,6,0,3,0,73,260,0,0,0,1,1,3,2012,9,2013,0,0,0,0,0,1,4,45,1,1,2,2,0,0,1,62,6,1,3,65,0,0
40,400573,1,1,1,5,12,21,22,8,0,1,0,40,2,12,880,12880,67,2003,1FTWX33P33ED,1,F,T,W,X,3,3,P,3,3,E,D,0,0,88,888888888,88888888888,2,1,97,1,0,0,0,0,0,0,0,998,0,0,0,1,4,5,8,0,0,0,1,40,73072,6,1,0,0,3,0,69,180,0,0,0,0,0,0,0,0,0,0,0,0,0,0,1,2,50,1,1,2,1,0,0,1,80,6,9,3,13,0,0
40,400574,1,1,2,17,10,5,18,52,0,1,0,40,2,7,442,7442,20,2001,2B4GP54L01R2,2,B,4,G,P,5,4,L,0,1,R,2,0,0,0,000000000,00000000000,0,0,0,1,0,0,0,0,0,0,0,998,0,1,5,12,6,2,52,0,0,0,1,40,73132,1,1,0,0,2,0,70,210,0,1,0,0,0,8,2012,8,2012,0,0,0,0,0,2,2,70,1,1,2,1,0,0,1,12,99,1,4,6,1,0
40,400575,1,1,1,24,10,0,2,10,0,1,0,40,3,82,881,82881,66,2015,3AKJGED62FSG,3,A,K,J,G,E,D,6,2,F,S,G,1,1,77,777777777,77777777777,3,6,98,1,0,0,0,0,0,0,0,998,0,0,0,3,6,2,10,0,0,1,1,40,73401,6,1,6,0,3,0,68,180,0,0,0,0,2,10,2011,10,2013,0,39,0,0,0,1,2,15,1,1,2,1,65,3,1,91,99,1,1,15,1,0
40,400576,1,2,1,1,12,17,30,12,2,1,0,40,1,37,32,37032,4,2010,1HGCP2F86AA0,1,H,G,C,P,2,F,8,6,A,A,0,0,0,0,000000000,00000000000,0,0,0,1,0,0,0,0,0,0,0,998,0,0,0,12,6,2,12,0,0,0,1,40,73069,6,1,0,0,3,3,67,195,0,0,0,0,0,0,0,0,0,0,0,0,0,0,2,2,45,1,1,2,1,0,0,1,62,99,1,1,51,1,1
40,400576,2,2,3,1,12,17,30,12,2,1,0,40,2,23,481,23481,31,2004,2GTEC19T5412,2,G,T,E,C,1,9,T,5,4,1,2,0,0,0,000000000,00000000000,0,0,0,1,0,0,0,0,0,0,0,998,0,1,5,12,6,2,1,0,0,0,1,40,73045,2,1,0,0,2,0,72,175,0,1,0,1,0,7,2014,10,2014,0,28,0,0,0,2,2,45,1,1,2,1,0,0,1,10,1,1,2,50,0,0
40,400577,1,1,1,16,12,23,37,32,0,1,0,40,2,20,4,20004,1,2011,1G1YS3DW1B51,1,G,1,Y,S,3,D,W,1,B,5,1,0,0,0,000000000,00000000000,0,0,0,1,0,0,0,0,0,0,0,998,0,1,5,1,6,2,1,0,0,0,1,40,74012,6,1,0,0,3,0,67,135,0,0,0,0,0,0,0,0,0,4,0,0,0,0,1,2,45,3,1,2,1,0,0,14,13,99,3,4,2,1,1
40,400578,1,2,1,31,12,19,36,12,6,1,0,40,1,20,421,20421,15,2000,1GNDT13W4Y22,1,G,N,D,T,1,3,W,4,Y,2,2,0,0,0,000000000,00000000000,0,0,0,1,0,0,0,0,0,0,0,998,0,1,1,9,6,2,12,0,0,0,1,40,74112,6,1,0,0,3,0,70,185,0,0,0,0,0,0,0,0,0,0,38,0,0,0,3,4,40,1,1,2,1,0,0,1,98,99,1,1,89,1,0
40,400578,2,2,1,31,12,19,36,12,6,1,0,40,0,14,17,14017,4,2005,1MEFM55S85A6,1,M,E,F,M,5,5,S,8,5,A,6,0,0,0,000000000,00000000000,0,0,0,1,0,0,0,0,0,0,0,998,0,0,0,12,6,2,12,0,0,0,1,40,74115,6,1,0,0,3,0,72,230,0,0,0,0,0,0,0,0,0,3,0,0,0,0,2,4,40,1,5,2,1,0,0,1,71,3,1,1,88,0,1
40,400579,1,1,1,1,9,18,44,34,0,1,0,40,2,12,481,12481,31,1987,1FTFF25H0HKB,1,F,T,F,F,2,5,H,0,H,K,B,0,0,0,000000000,00000000000,0,0,0,1,0,0,0,0,0,0,0,998,0,0,0,6,2,3,34,0,0,0,1,40,74557,0,0,0,0,0,0,999,999,0,0,0,0,0,0,0,0,0,0,0,0,0,0,2,2,65,1,1,2,1,0,0,13,13,1,1,4,98,1,0
40,400580,1,1,2,7,10,19,31,8,0,1,1,40,1,14,6,14006,4,2001,2MEFM75W41X6,2,M,E,F,M,7,5,W,4,1,X,6,0,0,0,000000000,00000000000,0,0,0,1,0,0,0,0,0,0,0,998,0,0,0,11,2,3,8,0,0,0,1,40,74427,6,1,0,0,3,0,72,200,0,0,0,0,1,10,2011,10,2011,0,91,0,0,0,1,2,25,1,1,2,1,0,0,1,12,7,9,6,13,0,1
40,400581,1,2,1,25,11,18,33,12,6,1,0,40,1,20,22,20022,2,2007,1G1AK15F5771,1,G,1,A,K,1,5,F,5,7,7,1,0,0,0,000000000,00000000000,0,0,0,1,0,0,0,0,0,0,0,998,0,0,0,9,6,2,12,0,0,0,1,40,73129,6,1,0,0,3,3,73,135,0,0,0,0,0,0,0,0,0,0,39,0,0,0,1,4,40,1,5,2,1,3,3,1,17,99,1,1,89,1,0
40,400581,2,2,1,25,11,18,33,12,6,1,0,48,3,51,881,51881,66,2000,4V4ND4JJ2YN2,4,V,4,N,D,4,J,J,2,Y,N,2,1,1,57,2090271,572090271,3,6,1,1,0,0,0,0,0,0,0,998,0,0,0,12,6,2,12,0,0,0,1,48,76273,6,1,6,0,3,3,999,999,0,0,0,0,1,9,2012,9,2012,0,0,0,0,0,1,4,40,1,5,2,1,3,3,1,66,99,1,1,88,0,0
40,400582,1,2,1,22,9,16,57,12,2,1,0,40,1,20,2,20002,4,2011,2G1WG5EK8B11,2,G,1,W,G,5,E,K,8,B,1,1,0,0,0,000000000,00000000000,0,0,0,1,0,0,0,0,0,0,0,998,0,0,0,12,6,2,12,0,0,0,1,40,73553,6,1,0,0,3,0,67,170,0,0,0,0,0,0,0,0,0,0,28,0,0,0,5,4,35,1,1,2,1,0,0,1,10,1,1,2,50,1,0
40,400582,2,2,3,22,9,16,57,12,2,1,0,40,1,7,27,7027,6,2012,3C4PDCBG5CT1,3,C,4,P,D,C,B,G,5,C,T,1,0,0,0,000000000,00000000000,0,0,0,1,0,0,0,0,0,0,0,998,0,0,0,12,6,2,12,0,0,0,1,40,73533,6,1,0,0,3,0,75,195,0,0,0,0,0,0,0,0,0,0,0,0,0,0,5,4,35,1,1,2,1,0,0,1,62,4,2,1,51,0,0
40,400583,1,1,1,31,10,10,53,32,0,1,0,40,3,85,881,85881,63,2012,2NKHHN7X4CM2,2,N,K,H,H,N,7,X,4,C,M,2,0,0,57,2024659,572024659,3,2,2,2,8,8888,88,1,0,0,0,998,0,1,5,1,6,2,1,0,0,0,1,40,73095,6,1,6,1,3,3,67,160,0,0,0,1,1,4,2013,8,2013,0,0,0,0,0,1,2,65,1,1,2,1,0,0,1,13,99,9,4,1,1,0
40,400584,1,1,1,5,12,22,34,1,0,1,0,40,3,53,706,53706,80,2001,JS1GW71A4121,J,S,1,G,W,7,1,A,4,1,2,1,0,0,0,000000000,00000000000,0,0,0,1,0,0,0,0,0,0,0,998,0,0,0,0,6,2,1,0,0,0,1,40,73071,1,1,0,0,2,0,73,220,0,2,0,1,4,7,2012,8,2014,3,0,0,0,0,1,2,50,1,6,2,1,0,0,1,6,1,9,1,98,1,0
40,400585,1,1,1,4,12,16,31,38,0,1,0,40,1,30,46,30046,4,2005,WVWAE63B95E0,W,V,W,A,E,6,3,B,9,5,E,0,0,0,0,000000000,00000000000,0,0,0,1,0,0,0,0,0,0,0,998,0,0,0,11,4,3,38,0,0,0,1,40,74021,6,1,0,0,3,3,71,275,0,0,0,0,0,0,0,0,0,4,28,0,0,0,1,2,45,2,1,2,2,0,0,14,6,3,2,4,7,1,0
40,400586,1,1,1,22,12,17,47,43,0,1,0,40,3,35,47,35047,4,2013,1N4AL3AP9DN5,1,N,4,A,L,3,A,P,9,D,N,5,0,0,0,000000000,00000000000,0,0,0,1,0,0,0,0,0,0,0,998,0,0,0,12,6,2,42,0,0,0,1,40,74126,6,1,0,0,3,3,69,170,0,0,0,1,0,9,2014,9,2014,0,0,0,0,0,2,4,65,1,1,1,1,0,0,1,12,1,1,4,6,1,0
40,400587,1,2,1,14,12,10,7,12,6,1,0,47,3,85,881,85881,66,2007,1XKWDB9X07J1,1,X,K,W,D,B,9,X,0,7,J,1,1,1,57,1976076,571976076,3,6,3,1,0,0,0,0,0,0,0,998,0,0,0,10,4,5,12,0,0,0,1,47,38305,6,1,6,0,3,0,70,225,0,0,0,1,2,12,2012,4,2014,0,0,0,0,0,1,2,65,1,3,2,2,0,0,1,62,99,1,1,65,0,0
40,400587,2,2,1,14,12,10,7,12,6,1,0,48,2,20,481,20481,31,2000,1GCEK19T8YE1,1,G,C,E,K,1,9,T,8,Y,E,1,0,0,0,000000000,00000000000,0,0,0,1,0,0,0,0,0,0,0,998,0,0,0,12,6,2,12,0,0,0,1,48,76306,1,1,0,0,2,3,999,999,1,7,1,0,0,7,2012,1,2014,0,28,0,0,0,1,2,65,1,3,2,2,0,0,1,10,99,1,2,64,1,1
40,400588,1,1,1,25,11,23,51,1,0,1,0,40,1,20,481,20481,31,2003,2GCEC19T2312,2,G,C,E,C,1,9,T,2,3,1,2,0,0,0,000000000,00000000000,0,0,0,1,0,0,0,0,0,0,0,998,0,1,5,0,6,2,1,0,0,0,1,40,73026,6,1,0,0,3,0,71,165,0,0,0,0,1,6,2014,6,2014,0,58,0,0,0,1,2,50,1,6,2,1,0,0,1,13,6,3,4,7,1,1
40,400589,1,1,1,24,12,16,31,34,0,1,0,40,1,12,471,12471,30,1999,1FTYR10C0XPA,1,F,T,Y,R,1,0,C,0,X,P,A,0,0,0,000000000,00000000000,0,0,0,1,0,0,0,0,0,0,0,998,0,1,5,12,6,2,1,0,0,0,1,40,73651,6,1,0,0,3,0,74,275,0,0,0,0,0,0,0,0,0,0,0,0,0,0,1,2,65,3,1,2,1,0,0,14,13,99,1,4,1,1,0
40,400590,1,2,1,31,10,16,30,12,6,1,0,40,1,18,19,18019,4,2013,2G4GR5ER9D92,2,G,4,G,R,5,E,R,9,D,9,2,0,0,0,000000000,00000000000,0,0,0,1,0,0,0,0,0,0,0,998,0,0,0,2,6,2,12,0,0,0,1,40,74434,6,1,0,0,3,0,71,185,0,0,0,0,0,0,0,0,0,0,38,0,0,0,1,2,35,1,1,2,1,20,3,1,17,99,1,1,87,1,0
40,400590,2,2,4,31,10,16,30,12,6,1,0,40,1,49,402,49402,14,2011,2T3ZF4DV9BW0,2,T,3,Z,F,4,D,V,9,B,W,0,0,0,0,000000000,00000000000,0,0,0,1,0,0,0,0,0,0,0,998,0,0,0,12,6,2,12,0,0,0,1,40,74434,6,1,0,0,3,0,66,125,0,0,0,1,0,5,2013,5,2013,0,0,0,0,0,2,3,65,1,1,2,1,0,0,1,66,99,1,1,86,0,0
40,400591,1,1,1,24,9,15,30,42,0,1,0,40,1,12,398,12398,2,1927,000000000000,0,0,0,0,0,0,0,0,0,0,0,0,0,0,0,000000000,00000000000,0,0,0,1,0,0,0,0,0,0,0,998,0,1,6,1,6,2,1,0,0,0,1,40,74849,6,1,0,0,3,0,69,180,0,0,0,0,0,0,0,0,0,0,0,0,0,0,2,2,45,1,1,2,1,0,0,1,13,99,1,4,1,1,0
40,400592,1,2,3,30,10,13,16,12,6,1,0,40,3,7,442,7442,20,2006,1D4GP45R56B7,1,D,4,G,P,4,5,R,5,6,B,7,0,0,0,000000000,00000000000,0,0,0,1,0,0,0,0,0,0,0,998,0,1,5,3,6,2,12,0,0,0,1,40,73015,6,1,6,0,3,3,66,220,0,0,0,0,0,0,0,0,0,0,38,0,0,0,1,2,35,1,1,2,1,20,3,1,17,99,1,1,87,2,0
40,400592,2,2,1,30,10,13,16,12,6,1,0,40,2,12,481,12481,31,2014,1FTFW1EFXEKD,1,F,T,F,W,1,E,F,X,E,K,D,1,1,0,000000000,00000000000,0,0,0,1,0,0,0,0,0,0,0,998,0,1,5,12,6,2,12,0,0,0,1,40,73859,6,1,6,0,3,0,71,155,0,0,0,2,0,7,2013,5,2014,3,0,0,0,0,1,2,35,1,1,2,1,0,0,1,66,99,1,1,86,0,0
40,400593,1,2,1,19,12,14,2,12,6,1,0,5,2,7,482,7482,31,2007,1D7HA18P37S2,1,D,7,H,A,1,8,P,3,7,S,2,0,0,0,000000000,00000000000,0,0,0,1,0,0,0,0,0,0,0,998,0,0,0,9,6,2,12,0,0,0,1,5,72173,6,1,0,0,3,0,70,227,0,2,0,0,0,11,2014,12,2014,0,38,0,0,0,1,2,55,1,1,1,1,20,3,1,17,1,1,1,89,0,0
40,400593,2,2,1,19,12,14,2,12,6,1,0,40,1,37,402,37402,14,2001,JHLRD18411C0,J,H,L,R,D,1,8,4,1,1,C,0,0,0,0,000000000,00000000000,0,0,0,1,0,0,0,0,0,0,0,998,0,0,0,12,6,2,12,0,0,0,1,40,74352,6,1,0,0,3,0,66,205,0,0,0,0,0,0,0,0,0,0,0,0,0,0,2,2,70,1,1,1,1,0,0,1,66,1,1,1,88,1,0
40,400594,1,2,2,24,12,13,29,12,2,1,0,40,1,20,481,20481,31,1998,2GCEC19R2W11,2,G,C,E,C,1,9,R,2,W,1,1,0,0,0,000000000,00000000000,0,0,0,1,0,0,0,0,0,0,0,998,0,0,0,12,6,2,12,0,0,0,1,40,74851,6,1,0,0,3,0,68,140,0,0,0,0,0,0,0,0,0,0,28,0,0,0,1,2,65,2,6,2,1,0,0,14,10,6,1,2,50,2,0
40,400594,2,2,1,24,12,13,29,12,2,1,0,40,1,20,37,20037,4,2007,1G1ZS58F17F2,1,G,1,Z,S,5,8,F,1,7,F,2,0,0,0,000000000,00000000000,0,0,0,1,0,0,0,0,0,0,0,998,0,0,0,12,6,2,12,0,0,0,1,40,74857,6,1,0,0,3,0,69,155,0,0,0,0,0,0,0,0,0,0,0,0,0,0,1,2,65,3,5,2,1,0,0,14,62,7,1,1,51,1,0
41,410001,1,1,1,13,1,17,25,8,0,1,0,41,1,20,481,20481,31,1997,2GCEK19RXV11,2,G,C,E,K,1,9,R,X,V,1,1,0,0,0,000000000,00000000000,0,0,0,1,0,0,0,0,0,0,0,998,0,0,0,12,2,5,8,0,0,0,1,41,97116,6,1,0,0,3,1,69,170,1,0,0,0,0,11,2012,11,2012,0,0,0,0,0,1,2,55,1,2,2,1,0,0,1,80,1,1,1,13,0,0
41,410002,1,1,1,16,1,8,47,42,0,1,0,16,1,20,441,20441,20,1994,1GNDM19W5RB2,1,G,N,D,M,1,9,W,5,R,B,2,0,0,0,000000000,00000000000,0,0,0,1,0,0,0,0,0,0,0,998,0,1,5,12,4,3,1,0,0,0,1,16,83815,6,1,0,0,3,1,72,248,0,0,0,0,0,0,0,0,0,9,99,99,99,99,1,2,55,1,1,2,1,0,0,1,12,1,1,4,6,1,0
41,410003,1,2,1,23,1,13,15,12,2,1,0,41,1,12,401,12401,14,2000,1FMZU73E0YZB,1,F,M,Z,U,7,3,E,0,Y,Z,B,0,0,0,000000000,00000000000,0,0,0,1,0,0,0,0,0,0,0,998,0,0,0,12,6,2,12,0,0,0,1,41,97338,6,1,6,0,3,1,70,260,0,0,0,0,0,0,0,0,0,0,28,0,0,0,1,2,55,2,1,2,1,0,0,14,10,1,1,2,50,1,0