STATE,ST_CASE,VEH_NO,VE_FORMS,NUMOCCS,DAY,MONTH,HOUR,MINUTE,HARM_EV,MAN_COLL,UNITTYPE,HIT_RUN,REG_STAT,OWNER,MAKE,MODEL,MAK_MOD,BODY_TYP,MOD_YEAR,VIN,VIN_1,VIN_2,VIN_3,VIN_4,VIN_5,VIN_6,VIN_7,VIN_8,VIN_9,VIN_10,VIN_11,VIN_12,TOW_VEH,J_KNIFE,MCARR_I1,MCARR_I2,MCARR_ID,GVWR,V_CONFIG,CARGO_BT,HAZ_INV,HAZ_PLAC,HAZ_ID,HAZ_CNO,HAZ_REL,BUS_USE,SPEC_USE,EMER_USE,TRAV_SP,UNDERIDE,ROLLOVER,ROLINLOC,IMPACT1,DEFORMED,TOWED,M_HARM,VEH_SC1,VEH_SC2,FIRE_EXP,DR_PRES,L_STATE,DR_ZIP,L_STATUS,L_TYPE,CDL_STAT,L_ENDORS,L_COMPL,L_RESTRI,DR_HGT,DR_WGT,PREV_ACC,PREV_SUS,PREV_DWI,PREV_SPD,PREV_OTH,FIRST_MO,FIRST_YR,LAST_MO,LAST_YR,SPEEDREL,DR_SF1,DR_SF2,DR_SF3,DR_SF4,VTRAFWAY,VNUM_LAN,VSPD_LIM,VALIGN,VPROFILE,VPAVETYP,VSURCOND,VTRAFCON,VTCONT_F,P_CRASH1,P_CRASH2,P_CRASH3,PCRASH4,PCRASH5,ACC_TYPE,DEATHS,DR_DRINK
41,410003,2,2,2,23,1,13,15,12,2,1,0,93,3,87,881,87881,66,1994,1XPFDB9X2RD3,1,X,P,F,D,B,9,X,2,R,D,3,1,1,57,187420,57187420,3,6,10,1,0,0,0,0,0,0,0,998,0,0,0,12,4,3,12,0,0,0,1,41,97601,6,1,6,0,3,0,71,225,0,2,0,0,0,6,2012,6,2012,0,0,0,0,0,1,2,55,3,1,2,1,0,0,14,62,1,1,1,51,0,0
41,410004,1,1,1,6,1,23,0,53,0,1,0,41,1,23,481,23481,31,1996,1GTEC14W4TZ5,1,G,T,E,C,1,4,W,4,T,Z,5,0,0,0,000000000,00000000000,0,0,0,1,0,0,0,0,0,0,0,998,0,1,6,12,6,2,1,0,0,0,1,41,97530,6,1,0,0,3,0,73,190,0,0,0,0,0,0,0,0,0,9,99,99,99,99,1,2,55,1,2,2,2,0,0,1,13,1,1,4,1,1,1
41,410005,1,2,1,8,1,6,40,51,0,1,0,93,3,84,881,84881,66,2000,1HSCBAERXYJ0,1,H,S,C,B,A,E,R,X,Y,J,0,2,2,57,0748008,570748008,3,7,3,1,0,0,0,0,0,0,0,998,0,0,0,0,4,3,12,0,0,0,1,6,96022,6,1,6,1,3,1,71,190,1,0,0,0,2,11,2011,3,2012,4,0,0,0,0,1,2,55,1,1,2,4,0,0,1,5,1,1,1,0,0,0
41,410005,2,2,1,8,1,6,40,51,0,1,0,41,1,20,471,20471,30,1994,1GCDT14Z7R82,1,G,C,D,T,1,4,Z,7,R,8,2,0,0,0,000000000,00000000000,0,0,0,1,0,0,0,0,0,0,0,998,1,0,0,12,6,2,12,0,0,0,1,41,97625,6,1,0,0,3,0,69,225,0,0,0,0,0,0,0,0,0,0,0,0,0,0,1,2,55,1,1,2,4,0,0,1,50,1,1,1,98,1,0
41,410006,1,1,1,17,1,23,28,8,0,1,0,41,2,12,13,12013,2,1999,3FAKP1132XR2,3,F,A,K,P,1,1,3,2,X,R,2,0,0,0,000000000,00000000000,0,0,0,1,0,0,0,0,0,0,0,998,0,0,0,12,6,2,8,0,0,0,1,41,97055,6,1,0,0,3,0,75,175,0,1,0,1,0,5,2013,10,2013,3,0,0,0,0,1,2,25,1,1,2,1,0,0,1,80,1,1,1,13,0,1
41,410007,1,2,6,18,1,9,39,12,1,1,0,41,1,7,442,7442,20,2003,1D4GP25B13B1,1,D,4,G,P,2,5,B,1,3,B,1,0,0,0,000000000,00000000000,0,0,0,1,0,0,0,0,0,0,0,998,0,0,0,12,6,2,12,0,0,0,1,41,97478,6,1,0,0,3,3,69,170,0,0,0,1,0,5,2012,5,2012,4,26,0,0,0,6,1,65,1,1,2,1,0,0,16,51,1,1,1,24,1,0
41,410007,2,2,1,18,1,9,39,12,1,1,0,93,3,82,881,82881,66,2000,1FUPCXZBXYPB,1,F,U,P,C,X,Z,B,X,Y,P,B,1,1,57,0759493,570759493,3,6,1,1,0,0,0,0,0,0,0,998,0,0,0,6,4,3,12,0,0,0,1,31,69341,6,1,6,0,3,0,69,204,0,0,0,0,0,0,0,0,0,0,0,0,0,0,6,1,65,1,1,2,1,0,0,1,53,1,1,1,25,0,0
41,410008,1,1,1,26,1,18,17,34,0,1,0,41,1,12,481,12481,31,2000,1FDXF46S1YEE,1,F,D,X,F,4,6,S,1,Y,E,E,0,0,0,000000000,00000000000,0,0,0,1,0,0,0,0,0,0,0,998,0,0,0,2,4,3,34,0,0,0,1,41,97448,6,1,0,0,3,0,72,230,0,0,0,0,0,0,0,0,0,9,99,99,99,99,1,2,55,3,1,2,1,0,0,14,13,1,1,4,1,1,1
41,410009,1,1,1,27,1,2,0,42,0,1,0,41,1,12,481,12481,31,1989,1FTFF25H0KLB,1,F,T,F,F,2,5,H,0,K,L,B,0,0,0,000000000,00000000000,0,0,0,1,0,0,0,0,0,0,0,998,0,0,0,9,6,2,42,0,0,0,1,41,97456,6,1,0,0,3,0,74,210,0,0,0,0,0,0,0,0,0,4,0,0,0,0,1,2,45,2,1,2,1,0,0,1,12,1,9,4,7,1,1
41,410010,1,1,1,28,1,6,30,1,0,1,0,93,3,85,881,85881,66,2010,1XKAD49X3AJ2,1,X,K,A,D,4,9,X,3,A,J,2,1,1,57,2171294,572171294,3,6,1,1,0,0,0,0,0,0,0,998,0,1,4,0,6,2,1,0,0,0,1,6,92339,6,1,6,0,3,1,66,165,1,0,0,0,0,5,2011,5,2011,4,0,0,0,0,6,1,55,2,2,2,2,0,0,14,12,1,1,4,6,1,0
41,410011,1,1,1,29,1,11,45,8,0,1,0,93,3,82,881,82881,66,2012,1FUJGLBG2CSB,1,F,U,J,G,L,B,G,2,C,S,B,1,1,99,999999999,99999999999,3,6,1,1,0,0,0,0,0,0,0,998,0,0,0,12,0,5,8,0,0,0,1,53,98047,9,9,99,9,9,9,999,999,99,99,99,99,99,99,9999,99,9999,0,0,0,0,0,3,2,55,1,1,2,1,0,0,1,80,1,1,1,13,0,0
41,410012,1,1,1,30,1,20,22,8,0,1,0,41,1,42,42,42042,4,2013,WDDGF4HB0DR2,W,D,D,G,F,4,H,B,0,D,R,2,0,0,0,000000000,00000000000,0,0,0,1,0,0,0,0,0,0,0,998,0,0,0,14,2,3,8,0,0,0,1,41,97236,6,1,6,0,3,1,67,125,0,0,0,0,0,0,0,0,0,0,0,0,0,0,1,4,40,1,1,2,2,0,0,1,80,1,1,1,13,0,0
41,410013,1,2,1,31,1,4,33,12,2,1,0,41,1,35,471,35471,30,1987,JN6ND11S0HW0,J,N,6,N,D,1,1,S,0,H,W,0,0,0,0,000000000,00000000000,0,0,0,1,0,0,0,0,0,0,0,998,0,0,0,12,6,2,12,0,0,0,1,41,97038,6,1,0,0,3,0,59,143,1,1,0,0,1,11,2011,8,2013,0,48,0,0,0,1,3,45,1,1,2,2,0,0,11,15,1,1,1,68,1,0
41,410013,2,2,1,31,1,4,33,12,2,1,0,41,1,20,481,20481,31,2004,2GCEK19T8412,2,G,C,E,K,1,9,T,8,4,1,2,0,0,0,000000000,00000000000,0,0,0,1,0,0,0,0,0,0,0,998,0,0,0,12,6,2,12,0,0,0,1,41,97042,6,1,0,0,3,0,73,240,0,0,0,0,0,0,0,0,0,0,0,0,0,0,1,3,45,1,1,2,2,0,0,1,62,7,1,1,69,0,0
41,410014,1,2,1,31,1,14,25,12,2,1,0,41,1,54,402,54402,14,2008,5J8TB18598A0,5,J,8,T,B,1,8,5,9,8,A,0,0,0,0,000000000,00000000000,0,0,0,1,0,0,0,0,0,0,0,998,0,0,0,12,6,2,12,0,0,0,1,41,97305,6,1,0,0,3,0,78,225,1,0,0,0,0,10,2011,10,2011,9,28,0,0,0,1,2,55,1,2,2,2,0,0,1,10,1,1,2,50,1,0
41,410014,2,2,2,31,1,14,25,12,2,1,0,41,1,49,482,49482,31,2013,5TFUY5F11DX3,5,T,F,U,Y,5,F,1,1,D,X,3,0,0,0,000000000,00000000000,0,0,0,1,0,0,0,0,0,0,0,998,0,0,0,12,6,2,12,0,0,0,1,41,97132,6,1,6,0,3,1,72,175,0,0,0,1,0,12,2013,12,2013,0,0,0,0,0,1,2,55,1,2,2,2,0,0,1,62,1,1,1,51,1,0
41,410015,1,3,1,3,2,10,30,12,6,1,0,41,2,9,20,9020,4,1997,1P3ES47Y1VD2,1,P,3,E,S,4,7,Y,1,V,D,2,0,0,0,000000000,00000000000,0,0,0,1,0,0,0,0,0,0,0,998,0,0,0,12,6,2,12,0,0,0,1,41,97469,6,1,0,0,3,0,62,165,1,0,0,0,1,12,2012,1,2013,0,38,0,0,0,1,2,45,1,2,2,1,0,0,11,15,1,1,1,68,0,0
41,410015,2,3,1,3,2,10,30,12,6,1,0,41,1,12,481,12481,31,2000,1FTSX31F0YEC,1,F,T,S,X,3,1,F,0,Y,E,C,1,1,0,000000000,00000000000,0,0,0,1,0,0,0,0,0,0,0,998,0,0,0,9,6,2,12,0,0,0,1,41,97469,6,1,0,0,3,1,69,165,0,0,0,0,0,0,0,0,0,0,0,0,0,0,1,2,45,1,2,2,1,0,0,1,62,1,1,1,69,1,0
41,410015,3,3,1,3,2,10,30,12,6,1,0,41,3,82,881,82881,66,1986,1FUPYXYB8GP2,1,F,U,P,Y,X,Y,B,8,G,P,2,1,1,57,00722002,5700722002,3,6,10,1,0,0,0,0,0,0,0,998,0,0,0,12,6,2,12,0,0,0,1,41,97526,6,1,6,0,3,0,65,180,0,0,0,0,0,0,0,0,0,0,0,0,0,0,1,2,45,1,2,2,1,0,0,1,62,1,1,1,98,0,0
41,410016,1,1,1,5,2,18,4,8,0,1,0,41,1,12,471,12471,30,1988,1FTCR15T6JPB,1,F,T,C,R,1,5,T,6,J,P,B,0,0,0,000000000,00000000000,0,0,0,1,0,0,0,0,0,0,0,998,0,0,0,12,4,5,8,0,0,0,1,41,97431,6,1,0,0,3,0,74,220,0,0,0,0,0,0,0,0,0,0,0,0,0,0,1,2,45,1,2,2,1,0,0,1,80,6,1,1,13,0,0
41,410017,1,2,1,5,2,21,5,12,1,1,0,41,1,20,482,20482,31,2002,3GNEK13T82G2,3,G,N,E,K,1,3,T,8,2,G,2,0,0,0,000000000,00000000000,0,0,0,1,0,0,0,0,0,0,0,998,0,0,0,12,6,2,12,0,0,0,1,41,97321,6,1,0,0,3,0,70,240,0,1,0,2,0,8,2012,5,2013,0,0,0,0,0,1,2,55,1,1,2,1,0,0,1,50,1,1,1,20,0,0
41,410017,2,2,1,5,2,21,5,12,1,1,0,41,1,20,421,20421,15,1984,1G8ED18J4EF1,1,G,8,E,D,1,8,J,4,E,F,1,0,0,0,000000000,00000000000,0,0,0,1,0,0,0,0,0,0,0,0,0,0,0,6,6,2,12,0,0,0,1,41,97330,6,1,0,0,3,0,70,240,0,1,0,2,0,8,2012,4,2013,0,0,0,0,0,1,2,55,1,1,2,1,0,0,5,53,1,1,1,21,1,0
41,410018,1,1,2,7,2,14,9,42,0,1,0,41,1,12,401,12401,14,1998,1FMZU34E1WZB,1,F,M,Z,U,3,4,E,1,W,Z,B,0,0,0,000000000,00000000000,0,0,0,1,0,0,0,0,0,0,0,998,0,0,0,9,6,2,42,0,0,0,1,41,97230,6,1,0,0,3,0,72,165,0,0,0,0,0,0,0,0,0,4,0,0,0,0,3,2,65,1,1,2,4,0,0,1,13,1,9,4,2,1,0
41,410019,1,2,5,11,2,18,17,12,2,1,0,41,1,12,13,12013,2,1994,1FARP1289RW3,1,F,A,R,P,1,2,8,9,R,W,3,0,0,0,000000000,00000000000,0,0,0,1,0,0,0,0,0,0,0,998,0,0,0,12,6,2,12,0,0,0,1,41,97128,6,1,0,0,3,0,61,190,0,0,0,0,0,0,0,0,0,9,28,0,0,0,1,2,45,2,1,2,2,0,0,14,11,1,1,2,50,2,0
41,410019,2,2,1,11,2,18,17,12,2,1,0,41,1,12,481,12481,31,1997,1FTDX1867VKB,1,F,T,D,X,1,8,6,7,V,K,B,0,0,0,000000000,00000000000,0,0,0,1,0,0,0,0,0,0,0,998,0,0,0,12,6,2,12,0,0,0,1,41,97342,6,1,0,0,3,0,68,165,0,0,0,0,0,0,0,0,0,0,0,0,0,0,1,2,45,3,1,2,2,0,0,14,62,1,1,1,51,0,0
41,410020,1,2,1,13,2,19,42,12,6,1,0,41,1,35,43,35043,4,1994,1N4EB31P3RC8,1,N,4,E,B,3,1,P,3,R,C,8,0,0,0,000000000,00000000000,0,0,0,1,0,0,0,0,0,0,0,998,0,0,0,12,6,2,12,0,0,0,1,41,97038,6,1,0,0,3,1,72,185,0,0,0,0,0,0,0,0,0,0,39,0,0,0,1,2,55,1,1,2,1,20,3,1,17,1,1,1,88,0,0
41,410020,2,2,1,13,2,19,42,12,6,1,0,41,1,20,461,20461,21,1992,1GBEG25K5N71,1,G,B,E,G,2,5,K,5,N,7,1,0,0,0,000000000,00000000000,0,0,0,1,0,0,0,0,0,0,0,998,0,0,0,9,6,2,12,0,0,0,1,41,97071,6,1,0,0,3,0,64,150,0,0,0,1,0,5,2012,5,2012,0,0,0,0,0,1,2,55,1,1,2,1,0,0,1,66,1,1,1,89,1,0
41,410021,1,1,1,14,2,11,26,8,0,1,0,41,1,23,481,23481,31,2014,3GTU2UEC8EG1,3,G,T,U,2,U,E,C,8,E,G,1,0,0,0,000000000,00000000000,0,0,0,1,0,0,0,0,0,0,0,998,0,0,0,12,0,3,8,0,0,0,1,41,97266,6,1,0,0,3,0,61,210,0,0,0,1,1,8,2011,2,2013,0,38,0,0,0,5,5,35,1,1,2,2,20,3,11,15,1,1,1,13,0,0
41,410022,1,1,2,15,2,18,23,8,0,1,1,41,1,48,34,48034,6,1995,4S3BK6350S63,4,S,3,B,K,6,3,5,0,S,6,3,0,0,0,000000000,00000000000,0,0,0,1,0,0,0,0,0,0,0,998,0,0,0,12,2,3,8,0,0,0,1,41,97031,6,1,0,0,3,0,72,180,0,0,0,0,1,9,2013,9,2013,0,38,91,0,0,1,2,35,1,1,2,2,0,0,1,80,1,1,1,13,0,1
41,410023,1,1,1,10,2,13,15,42,0,1,0,41,1,20,482,20482,31,2005,3GNEK12Z95G2,3,G,N,E,K,1,2,Z,9,5,G,2,0,0,0,000000000,00000000000,0,0,0,1,0,0,0,0,0,0,0,998,0,0,0,12,6,2,42,0,0,0,1,41,97449,6,1,0,0,3,1,69,252,0,0,0,0,0,0,0,0,0,4,0,0,0,0,1,2,55,1,2,2,2,0,0,1,13,1,2,4,1,1,0
41,410024,1,2,1,20,2,20,52,12,2,1,0,41,2,2,404,2404,14,1998,1J4GZ78YXWC1,1,J,4,G,Z,7,8,Y,X,W,C,1,0,0,0,000000000,00000000000,0,0,0,1,0,0,0,0,0,0,0,998,0,0,0,12,4,3,12,0,0,0,1,41,97886,6,1,0,0,3,0,72,240,0,0,0,0,0,0,0,0,0,9,99,99,99,99,1,3,55,2,2,2,1,0,0,14,10,1,1,2,50,1,0
41,410024,2,2,2,20,2,20,52,12,2,1,0,41,1,20,481,20481,31,2011,1GCRKSE33BZ2,1,G,C,R,K,S,E,3,3,B,Z,2,0,0,0,000000000,00000000000,0,0,0,1,0,0,0,0,0,0,0,998,0,0,0,12,4,3,12,0,0,0,1,41,97813,6,1,0,0,3,0,71,200,0,0,0,0,0,0,0,0,0,0,0,0,0,0,1,3,55,2,2,2,1,0,0,14,62,1,1,1,51,0,0
41,410025,1,2,4,17,2,16,55,12,6,1,0,41,1,20,431,20431,16,1984,1G8GK26M3EF1,1,G,8,G,K,2,6,M,3,E,F,1,0,0,0,000000000,00000000000,0,0,0,1,0,0,0,0,0,0,0,998,0,1,5,12,6,2,1,0,0,0,1,41,97761,6,1,0,0,3,0,74,260,0,0,0,0,0,0,0,0,0,0,39,0,0,0,1,2,98,1,1,2,1,20,3,1,17,6,1,2,88,1,0
41,410025,2,2,2,17,2,16,55,12,6,1,0,41,2,12,3,12003,2,2001,1FAFP40431F1,1,F,A,F,P,4,0,4,3,1,F,1,0,0,0,000000000,00000000000,0,0,0,1,0,0,0,0,0,0,0,998,0,0,0,9,6,2,12,0,0,0,1,41,97741,6,1,0,0,3,0,69,135,0,0,0,0,0,0,0,0,0,0,0,0,0,0,1,2,98,1,1,2,1,0,0,1,66,7,1,2,89,0,0
41,410026,1,1,1,20,2,19,13,8,0,1,0,41,1,7,472,7472,30,2002,1B7GG12X02S7,1,B,7,G,G,1,2,X,0,2,S,7,0,0,0,000000000,00000000000,0,0,0,1,0,0,0,0,0,0,0,998,0,0,0,12,2,3,8,0,0,0,1,41,97527,6,1,0,0,3,1,75,192,0,0,0,0,0,0,0,0,0,0,0,0,0,0,1,4,45,1,1,2,1,0,0,1,80,1,1,1,13,0,0
41,410027,1,1,3,21,2,23,0,1,0,1,0,41,1,63,31,63031,4,1999,KNAFB1217X57,K,N,A,F,B,1,2,1,7,X,5,7,0,0,0,000000000,00000000000,0,0,0,1,0,0,0,0,0,0,0,998,0,1,5,0,6,2,1,0,0,0,1,41,97461,6,1,0,0,3,0,75,140,0,0,1,0,1,5,2012,9,2012,4,0,0,0,0,1,2,55,3,2,2,2,0,0,14,13,1,1,4,1,2,1
41,410028,1,1,1,3,1,18,2,8,0,1,0,41,1,37,31,37031,2,2000,1HGEJ824XYL0,1,H,G,E,J,8,2,4,X,Y,L,0,0,0,0,000000000,00000000000,0,0,0,1,0,0,0,0,0,0,0,998,0,0,0,12,2,3,8,0,0,0,1,41,97045,6,1,0,0,3,0,72,175,0,0,0,0,0,0,0,0,0,0,0,0,0,0,1,2,25,1,2,1,1,0,0,1,80,1,1,1,13,0,0
41,410029,1,2,3,10,1,8,4,12,6,1,0,41,1,51,43,51043,6,1998,YV1LW5342W23,Y,V,1,L,W,5,3,4,2,W,2,3,0,0,0,000000000,00000000000,0,0,0,1,0,0,0,0,0,0,0,998,0,0,0,3,6,2,12,0,0,0,1,41,97068,6,1,0,0,3,0,65,145,0,0,0,1,0,12,2012,12,2012,0,28,0,0,0,1,2,40,1,1,1,2,0,0,1,10,1,4,2,64,1,0
41,410029,2,2,1,10,1,8,4,12,6,1,0,41,1,12,402,12402,14,2007,1FMYU93117KA,1,F,M,Y,U,9,3,1,1,7,K,A,0,0,0,000000000,00000000000,0,0,0,1,0,0,0,0,0,0,0,998,0,0,0,12,6,2,12,0,0,0,1,41,97070,6,1,0,0,3,0,61,140,0,0,0,1,0,8,2011,8,2011,0,0,0,0,0,1,2,40,1,1,1,2,0,0,1,62,1,1,1,65,0,0
41,410030,1,2,2,17,1,10,36,12,2,1,0,53,1,63,37,63037,6,2012,KNDJT2A65C77,K,N,D,J,T,2,A,6,5,C,7,7,0,0,0,000000000,00000000000,0,0,0,1,0,0,0,0,0,0,0,998,0,0,0,12,4,3,12,0,0,0,1,53,98642,6,1,0,0,3,0,68,140,0,0,0,0,0,0,0,0,0,0,36,38,0,0,1,2,30,1,2,2,1,0,0,11,15,1,1,1,68,0,0
41,410030,2,2,1,17,1,10,36,12,2,1,0,41,1,72,706,72706,80,2007,1HD1GX4137K3,1,H,D,1,G,X,4,1,3,7,K,3,0,0,0,000000000,00000000000,0,0,0,1,0,0,0,0,0,0,0,998,0,0,0,12,6,2,12,0,0,0,1,41,97267,6,1,0,0,3,0,69,170,0,0,0,0,1,2,2013,2,2013,0,0,0,0,0,1,2,30,1,2,2,1,0,0,1,62,1,1,1,69,1,0
41,410031,1,2,1,7,3,1,27,12,2,1,0,41,1,6,51,6051,4,2006,2C3KA63H16H3,2,C,3,K,A,6,3,H,1,6,H,3,0,0,0,000000000,00000000000,0,0,0,1,0,0,0,0,0,0,0,998,0,0,0,12,6,2,12,0,0,0,1,41,97843,6,1,0,0,3,0,69,160,0,0,0,0,0,0,0,0,0,0,99,99,99,99,2,2,65,1,2,1,1,0,0,1,54,1,1,1,52,1,0
41,410031,2,2,1,7,3,1,27,12,2,1,0,41,2,19,18,19018,4,2005,1G6DN56S5501,1,G,6,D,N,5,6,S,5,5,0,1,0,0,0,000000000,00000000000,0,0,0,1,0,0,0,0,0,0,0,998,0,0,0,12,6,2,12,0,0,0,1,41,97844,6,1,0,0,3,0,62,135,0,0,0,0,0,0,0,0,0,0,36,51,91,0,2,2,65,1,2,1,1,0,0,1,54,1,1,1,52,0,1
41,410032,1,1,1,7,3,18,37,1,0,1,0,53,1,53,706,53706,80,2003,JS1GT75A0321,J,S,1,G,T,7,5,A,0,3,2,1,0,0,0,000000000,00000000000,0,0,0,1,0,0,0,0,0,0,0,998,0,0,0,0,6,2,30,0,0,0,1,41,97045,3,1,0,0,2,0,72,250,0,3,0,1,0,7,2011,4,2012,9,99,99,99,99,1,2,55,1,2,2,1,0,0,1,13,1,1,4,1,1,0
41,410033,1,1,2,9,3,13,43,30,0,1,0,41,1,32,43,32043,4,2013,WAUFFAFL9DN0,W,A,U,F,F,A,F,L,9,D,N,0,0,0,0,000000000,00000000000,0,0,0,1,0,0,0,0,0,0,0,998,0,1,5,12,4,3,1,0,0,0,1,41,97229,6,1,0,0,3,0,67,140,0,0,0,0,0,0,0,0,0,9,99,99,99,99,1,2,55,3,1,2,1,0,0,14,13,1,1,4,1,1,0
41,410034,1,2,2,9,3,1,55,12,7,1,0,41,2,12,481,12481,31,2004,1FTPW14544KD,1,F,T,P,W,1,4,5,4,4,K,D,0,0,0,000000000,00000000000,0,0,0,1,0,0,0,0,0,0,0,998,0,1,1,7,6,2,1,0,0,0,1,16,83619,6,2,0,0,3,1,70,160,0,0,0,1,0,9,2013,9,2013,4,35,0,0,0,2,2,65,1,1,2,2,0,0,6,10,1,1,2,46,1,0
41,410034,2,2,4,9,3,1,55,12,7,1,0,16,1,22,22,22022,4,2007,1G2ZF58B8741,1,G,2,Z,F,5,8,B,8,7,4,1,0,0,0,000000000,00000000000,0,0,0,1,0,0,0,0,0,0,0,998,0,0,0,1,4,3,12,0,0,0,1,16,83655,6,2,0,0,3,1,68,155,0,0,0,0,0,0,0,0,0,3,0,0,0,0,2,2,65,1,1,2,2,0,0,1,63,1,1,1,45,0,0
41,410035,1,1,2,2,3,22,56,14,0,1,0,93,3,84,881,84881,66,2013,3HSDJSJR2DN2,3,H,S,D,J,S,J,R,2,D,N,2,1,1,57,1419483,571419483,3,6,1,1,0,0,0,0,0,0,0,998,0,0,0,12,6,2,8,0,0,0,1,6,92860,6,1,6,0,3,1,74,290,0,0,0,0,0,0,0,0,0,9,99,99,99,99,3,2,55,1,2,2,2,0,0,1,13,1,1,4,1,1,0
41,410036,1,2,1,9,3,17,43,12,6,1,0,41,2,48,38,48038,4,2006,JF1GG68696G8,J,F,1,G,G,6,8,6,9,6,G,8,0,0,0,000000000,00000000000,0,0,0,1,0,0,0,0,0,0,0,998,0,0,0,3,6,2,12,0,0,0,1,41,97503,6,1,0,0,3,0,64,155,0,0,0,0,0,0,0,0,0,0,28,0,0,0,1,2,45,3,2,2,2,0,0,14,9,6,4,2,64,1,0
41,410036,2,2,2,9,3,17,43,12,6,1,0,41,1,12,481,12481,31,2011,1FT7W2BT3BEB,1,F,T,7,W,2,B,T,3,B,E,B,0,0,0,000000000,00000000000,0,0,0,1,0,0,0,0,0,0,0,998,0,0,0,12,9,3,12,0,0,0,1,41,97541,6,1,0,0,3,0,63,160,0,0,0,0,0,0,0,0,0,0,0,0,0,0,1,2,45,2,2,2,2,0,0,14,62,1,1,1,65,0,0
41,410037,1,2,1,14,3,18,40,12,6,1,0,41,2,52,471,52471,30,1994,JA7LS21GXRP0,J,A,7,L,S,2,1,G,X,R,P,0,0,0,0,000000000,00000000000,0,0,0,1,0,0,0,0,0,0,0,998,0,0,0,9,4,3,12,0,0,0,1,53,98106,1,1,0,0,2,0,999,999,0,0,0,0,0,0,0,0,0,0,38,0,0,0,2,2,55,3,1,2,1,20,3,11,15,1,1,1,82,1,1
41,410037,2,2,2,14,3,18,40,12,6,1,0,41,1,7,482,7482,31,1999,3B7KF2365XG1,3,B,7,K,F,2,3,6,5,X,G,1,0,0,0,000000000,00000000000,0,0,0,1,0,0,0,0,0,0,0,998,0,0,0,12,4,3,12,0,0,0,1,41,97321,6,1,0,0,3,1,72,240,0,0,0,0,0,0,0,0,0,0,0,0,0,0,2,2,55,3,1,2,1,0,0,14,71,99,1,1,83,0,0
41,410038,1,1,1,15,3,11,57,33,0,1,0,41,1,72,706,72706,80,2006,1HD1GX1196K3,1,H,D,1,G,X,1,1,9,6,K,3,0,0,0,000000000,00000000000,0,0,0,1,0,0,0,0,0,0,0,998,0,0,0,12,4,3,33,0,0,0,1,41,97504,6,1,6,0,3,0,68,260,0,0,0,0,0,0,0,0,0,9,99,99,99,99,5,5,35,3,1,2,1,0,0,14,13,1,1,4,1,1,0
41,410039,1,2,1,17,3,11,57,12,1,1,0,6,1,72,706,72706,80,2003,1HD1JAB3X3Y0,1,H,D,1,J,A,B,3,X,3,Y,0,0,0,0,000000000,00000000000,0,0,0,1,0,0,0,0,0,0,0,998,0,0,0,12,6,2,12,0,0,0,1,6,92346,6,1,0,0,3,1,74,210,0,0,0,0,0,0,0,0,0,0,35,0,0,0,1,2,55,3,2,2,1,0,0,6,10,1,1,1,24,1,0
41,410039,2,2,1,17,3,11,57,12,1,1,0,41,1,12,481,12481,31,1992,2FTEF14Y4NCB,2,F,T,E,F,1,4,Y,4,N,C,B,0,0,0,000000000,00000000000,0,0,0,1,0,0,0,0,0,0,0,998,0,0,0,6,4,5,12,0,0,0,1,41,97343,6,1,0,0,3,1,67,196,0,0,0,0,0,0,0,0,0,0,0,0,0,0,1,2,55,3,2,2,1,0,0,14,53,1,1,1,25,0,0
41,410040,1,2,1,18,3,11,5,12,1,1,0,41,1,49,40,49040,4,1997,JT2BG22K3V00,J,T,2,B,G,2,2,K,3,V,0,0,0,0,0,000000000,00000000000,0,0,0,1,0,0,0,0,0,0,0,998,0,0,0,6,6,2,12,0,0,0,1,41,97116,6,1,0,0,3,3,77,260,1,1,0,0,0,10,2011,12,2011,0,28,0,0,0,1,2,55,3,1,2,99,0,0,14,54,7,5,2,66,1,1
41,410040,2,2,1,18,3,11,5,12,1,1,0,93,3,87,881,87881,66,2010,1XPWD49X9AD1,1,X,P,W,D,4,9,X,9,A,D,1,1,1,57,548611,57548611,3,6,1,1,0,0,0,0,0,0,0,998,0,0,0,12,4,3,12,0,0,0,1,6,95367,6,1,6,0,3,0,69,175,0,0,0,0,1,10,2011,10,2011,0,0,0,0,0,1,2,55,2,1,2,99,0,0,14,62,1,1,1,66,0,0
41,410041,1,2,2,19,3,7,27,12,6,1,0,41,1,49,32,49032,4,2011,JTDBU4EEXBJ0,J,T,D,B,U,4,E,E,X,B,J,0,0,0,0,000000000,00000000000,0,0,0,1,0,0,0,0,0,0,0,998,0,0,0,3,6,2,12,0,0,0,1,41,97838,6,1,0,0,3,0,67,200,0,0,0,0,0,0,0,0,0,9,99,99,99,99,1,2,55,1,2,2,1,20,3,1,17,1,1,1,87,1,0
41,410041,2,2,3,19,3,7,27,12,6,1,0,41,3,20,481,20481,31,2013,1GC1KYE84DF1,1,G,C,1,K,Y,E,8,4,D,F,1,0,0,0,000000000,00000000000,0,0,0,1,0,0,0,0,0,0,0,998,0,0,0,12,6,2,12,0,0,0,1,41,97875,6,1,0,0,3,0,67,200,0,0,0,0,0,0,0,0,0,9,99,99,99,99,1,2,55,1,2,2,1,0,0,1,66,1,1,1,86,0,0