STATE,ST_CASE,VEH_NO,VE_FORMS,NUMOCCS,DAY,MONTH,HOUR,MINUTE,HARM_EV,MAN_COLL,UNITTYPE,HIT_RUN,REG_STAT,OWNER,MAKE,MODEL,MAK_MOD,BODY_TYP,MOD_YEAR,VIN,VIN_1,VIN_2,VIN_3,VIN_4,VIN_5,VIN_6,VIN_7,VIN_8,VIN_9,VIN_10,VIN_11,VIN_12,TOW_VEH,J_KNIFE,MCARR_I1,MCARR_I2,MCARR_ID,GVWR,V_CONFIG,CARGO_BT,HAZ_INV,HAZ_PLAC,HAZ_ID,HAZ_CNO,HAZ_REL,BUS_USE,SPEC_USE,EMER_USE,TRAV_SP,UNDERIDE,ROLLOVER,ROLINLOC,IMPACT1,DEFORMED,TOWED,M_HARM,VEH_SC1,VEH_SC2,FIRE_EXP,DR_PRES,L_STATE,DR_ZIP,L_STATUS,L_TYPE,CDL_STAT,L_ENDORS,L_COMPL,L_RESTRI,DR_HGT,DR_WGT,PREV_ACC,PREV_SUS,PREV_DWI,PREV_SPD,PREV_OTH,FIRST_MO,FIRST_YR,LAST_MO,LAST_YR,SPEEDREL,DR_SF1,DR_SF2,DR_SF3,DR_SF4,VTRAFWAY,VNUM_LAN,VSPD_LIM,VALIGN,VPROFILE,VPAVETYP,VSURCOND,VTRAFCON,VTCONT_F,P_CRASH1,P_CRASH2,P_CRASH3,PCRASH4,PCRASH5,ACC_TYPE,DEATHS,DR_DRINK
41,410119,1,2,1,8,7,17,10,12,6,1,0,41,1,7,482,7482,31,2003,3D7KU28653G7,3,D,7,K,U,2,8,6,5,3,G,7,0,0,0,000000000,00000000000,0,0,0,1,0,0,0,0,0,0,0,998,0,0,0,12,6,2,12,0,0,0,1,41,97463,6,1,0,0,3,0,71,150,0,0,0,0,0,0,0,0,0,0,28,0,0,0,1,2,55,1,1,2,1,0,0,1,10,1,1,2,64,1,0
41,410119,2,2,2,8,7,17,10,12,6,1,0,6,1,82,881,82881,66,2005,1FUJA6CK55PU,1,F,U,J,A,6,C,K,5,5,P,U,1,1,57,2361032,572361032,3,6,1,1,0,0,0,0,0,0,0,998,0,0,0,9,6,2,2,0,0,1,1,6,91770,6,1,6,0,3,0,69,195,0,0,0,0,1,7,2013,7,2013,0,0,0,0,0,1,2,55,1,1,2,1,0,0,1,62,1,1,1,65,0,0
41,410120,1,2,1,12,7,18,51,1,0,1,0,41,1,72,706,72706,80,2014,1HD1GXM39EC3,1,H,D,1,G,X,M,3,9,E,C,3,0,0,0,000000000,00000000000,0,0,0,1,0,0,0,0,0,0,0,998,0,0,0,0,4,3,12,0,0,0,1,41,97006,6,1,0,0,3,1,71,210,0,0,0,0,0,0,0,0,0,0,0,0,0,0,5,3,35,1,1,2,1,0,0,1,98,98,2,1,98,1,0
41,410120,2,2,4,12,7,18,51,1,0,1,0,41,1,49,403,49403,14,2008,JTEEW41A7820,J,T,E,E,W,4,1,A,7,8,2,0,0,0,0,000000000,00000000000,0,0,0,1,0,0,0,0,0,0,0,998,0,0,0,10,4,3,12,0,0,0,1,41,97202,6,1,0,0,3,1,61,135,0,0,0,0,0,0,0,0,0,0,38,0,0,0,5,3,35,1,1,2,1,0,0,1,17,1,1,1,98,0,0
41,410121,1,1,2,13,7,5,56,42,0,1,0,41,2,55,36,55036,3,2008,KMHCM36C08U0,K,M,H,C,M,3,6,C,0,8,U,0,0,0,0,000000000,00000000000,0,0,0,1,0,0,0,0,0,0,0,998,0,0,0,12,6,2,42,0,0,0,1,41,97301,6,2,0,0,3,0,64,130,0,0,0,0,0,0,0,0,0,9,99,99,99,99,1,2,55,2,1,2,1,0,0,1,12,1,4,4,7,1,0
41,410122,1,1,1,14,7,17,5,30,0,1,0,53,1,37,706,37706,80,1985,1HFSC1700FA1,1,H,F,S,C,1,7,0,0,F,A,1,0,0,0,000000000,00000000000,0,0,0,1,0,0,0,0,0,0,0,998,0,0,0,12,6,2,30,0,0,0,1,41,97206,1,1,0,0,2,0,71,240,0,0,0,0,0,0,0,0,0,3,33,0,0,0,1,2,40,3,1,2,1,0,0,14,6,1,1,4,1,1,0
41,410123,1,1,1,15,7,12,30,35,0,1,0,41,1,98,706,98706,80,2009,4MZDX03D6937,4,M,Z,D,X,0,3,D,6,9,3,7,0,0,0,000000000,00000000000,0,0,0,1,0,0,0,0,0,0,0,998,0,0,0,9,6,2,35,0,0,0,1,41,97701,6,1,0,0,3,1,72,185,0,0,0,0,0,0,0,0,0,4,0,0,0,0,1,2,98,3,1,2,1,40,3,14,13,1,1,4,1,1,0
41,410124,1,1,1,17,7,10,20,1,0,1,0,41,1,49,40,49040,4,1999,JT2BG22K0X02,J,T,2,B,G,2,2,K,0,X,0,2,0,0,0,000000000,00000000000,0,0,0,1,0,0,0,0,0,0,0,998,0,1,5,0,6,2,1,0,0,0,1,41,97101,6,1,0,0,3,0,65,125,0,0,0,0,0,0,0,0,0,9,99,99,99,99,1,2,55,3,2,2,1,0,0,14,13,7,3,4,2,1,0
41,410125,1,2,1,16,7,13,10,12,2,1,0,41,1,49,46,49046,5,2008,JTDKB20U3877,J,T,D,K,B,2,0,U,3,8,7,7,0,0,0,000000000,00000000000,0,0,0,1,0,0,0,0,0,0,0,998,0,0,0,12,6,2,12,0,0,0,1,41,97487,6,1,0,0,3,0,62,145,0,1,0,0,0,8,2012,8,2012,0,28,0,0,0,1,2,55,1,1,2,1,0,0,1,10,1,1,2,50,1,0
41,410125,2,2,1,16,7,13,10,12,2,1,0,41,1,49,401,49401,14,1986,JT3RN64W3G00,J,T,3,R,N,6,4,W,3,G,0,0,0,0,0,000000000,00000000000,0,0,0,1,0,0,0,0,0,0,0,998,0,0,0,12,6,2,12,0,0,0,1,41,97434,6,1,0,0,3,0,67,150,1,0,0,0,0,12,2011,12,2011,0,0,0,0,0,1,2,55,1,1,2,1,0,0,1,62,1,1,1,51,1,0
41,410126,1,1,1,18,7,16,10,25,0,1,0,41,1,2,403,2403,14,2002,1J4FA49SX2P7,1,J,4,F,A,4,9,S,X,2,P,7,0,0,0,000000000,00000000000,0,0,0,1,0,0,0,0,0,0,0,998,0,1,5,12,6,2,1,0,0,0,1,41,97338,6,1,0,0,3,0,76,262,2,0,0,0,0,9,2012,1,2013,0,0,0,0,0,3,2,55,1,1,2,1,0,0,1,9,1,1,4,1,1,0
41,410127,1,3,1,18,7,16,32,12,8,1,0,41,2,37,31,37031,4,2012,19XFB2F89CE3,1,9,X,F,B,2,F,8,9,C,E,3,0,0,0,000000000,00000000000,0,0,0,1,0,0,0,0,0,0,0,998,0,0,0,11,6,2,12,0,0,0,1,41,97306,0,0,0,0,0,0,67,207,0,8,0,3,1,10,2013,7,2014,9,28,0,0,0,1,2,45,3,2,2,1,0,0,14,10,1,1,2,64,1,0
41,410127,2,3,2,18,7,16,32,12,8,1,0,41,1,49,52,49052,5,2009,JTKKU10449J0,J,T,K,K,U,1,0,4,4,9,J,0,0,0,0,000000000,00000000000,0,0,0,1,0,0,0,0,0,0,0,998,0,0,0,11,4,3,12,0,0,0,1,41,97306,6,1,0,0,3,0,60,100,0,0,0,0,0,0,0,0,0,0,0,0,0,0,1,2,45,2,2,2,1,0,0,14,62,1,1,1,65,0,0
41,410127,3,3,2,18,7,16,32,12,8,1,0,41,1,39,32,39032,4,1998,SAJHX1242WC8,S,A,J,H,X,1,2,4,2,W,C,8,0,0,0,000000000,00000000000,0,0,0,1,0,0,0,0,0,0,0,998,0,0,0,12,6,2,12,0,0,0,1,41,97306,6,1,0,0,3,1,64,125,0,0,0,0,0,0,0,0,0,0,0,0,0,0,1,2,45,2,2,2,1,0,0,14,62,1,1,1,98,0,0
41,410128,1,1,1,19,7,6,30,42,0,1,0,41,1,7,25,7025,5,2007,1B3HB48B87D5,1,B,3,H,B,4,8,B,8,7,D,5,0,0,0,000000000,00000000000,0,0,0,1,0,0,0,0,0,0,0,998,0,0,0,12,4,3,42,0,0,0,1,6,97415,6,1,0,0,3,0,72,210,0,0,0,0,0,0,0,0,0,0,0,0,0,0,1,2,55,1,1,2,1,0,0,1,12,1,1,4,6,1,0
41,410129,1,1,1,21,5,3,20,42,0,1,0,41,2,37,31,37031,4,2000,2HGEJ6617YH5,2,H,G,E,J,6,6,1,7,Y,H,5,0,0,0,000000000,00000000000,0,0,0,1,0,0,0,0,0,0,0,999,0,0,0,9,6,2,42,0,0,0,1,41,97305,1,1,0,0,2,0,67,115,0,1,0,0,0,3,2014,3,2014,0,0,0,0,0,3,4,55,1,1,2,1,0,0,1,9,7,3,4,2,1,1
41,410130,1,1,1,19,7,4,34,8,0,1,0,41,1,51,34,51034,6,1982,YV1AX4959C14,Y,V,1,A,X,4,9,5,9,C,1,4,0,0,0,000000000,00000000000,0,0,0,1,0,0,0,0,0,0,0,998,0,0,0,12,4,3,8,0,0,0,1,41,97137,6,1,0,0,3,0,68,135,0,0,0,0,0,0,0,0,0,0,0,0,0,0,1,2,55,1,1,2,1,0,0,1,80,1,1,1,13,0,0
41,410131,1,1,1,20,7,1,0,34,0,1,0,41,1,49,40,49040,4,1993,4T1SK11E4PU2,4,T,1,S,K,1,1,E,4,P,U,2,0,0,0,000000000,00000000000,0,0,0,1,0,0,0,0,0,0,0,998,0,0,0,7,6,2,34,0,0,0,1,41,97413,6,1,0,0,3,0,62,210,0,0,0,0,0,0,0,0,0,0,0,0,0,0,1,2,55,2,1,2,1,0,0,14,13,1,1,4,1,1,0
41,410132,1,2,3,25,7,6,44,12,6,1,0,41,2,49,472,49472,30,1999,4TAWN72N1XZ4,4,T,A,W,N,7,2,N,1,X,Z,4,0,0,0,000000000,00000000000,0,0,0,1,0,0,0,0,0,0,0,998,0,0,0,12,6,2,12,0,0,0,1,53,98632,1,1,0,0,2,0,999,999,0,4,0,0,5,1,2012,3,2014,0,28,0,0,0,1,2,55,4,2,2,1,0,0,14,10,1,1,2,64,1,0
41,410132,2,2,2,25,7,6,44,12,6,1,0,41,1,12,481,12481,31,1993,2FDKF37G4PCA,2,F,D,K,F,3,7,G,4,P,C,A,0,0,0,000000000,00000000000,0,0,0,1,0,0,0,0,0,0,0,998,0,0,0,9,4,3,12,0,0,0,1,41,97138,6,1,0,0,3,0,66,140,0,0,0,0,0,0,0,0,0,0,0,0,0,0,1,2,55,4,2,2,1,0,0,14,62,1,1,1,65,0,0
41,410133,1,1,1,20,7,10,45,1,0,1,0,41,1,53,706,53706,80,2014,JS1GT78A9E21,J,S,1,G,T,7,8,A,9,E,2,1,0,0,0,000000000,00000000000,0,0,0,1,0,0,0,0,0,0,0,998,0,0,0,0,6,2,1,0,0,0,1,41,97630,6,1,0,0,3,0,69,165,1,0,0,0,0,12,2013,12,2013,3,0,0,0,0,1,2,55,1,2,2,1,0,0,6,6,1,1,4,1,1,1
41,410134,1,2,1,21,7,22,0,12,2,1,0,6,1,54,35,54035,4,1999,19UUA5648XA0,1,9,U,U,A,5,6,4,8,X,A,0,0,0,0,000000000,00000000000,0,0,0,1,0,0,0,0,0,0,0,998,0,0,0,12,6,2,12,0,0,0,1,6,95624,6,1,6,0,3,0,69,165,0,0,0,0,0,0,0,0,0,4,28,87,0,0,1,2,55,1,4,2,6,0,0,1,5,1,1,2,50,1,0
41,410134,2,2,1,21,7,22,0,12,2,1,0,93,3,82,881,82881,66,2011,1FUJGLDR6BSB,1,F,U,J,G,L,D,R,6,B,S,B,1,1,57,0359870,570359870,3,6,1,1,0,0,0,0,0,0,0,998,0,0,0,12,4,3,12,0,0,0,1,16,83628,6,1,6,0,3,0,73,290,0,0,0,0,0,0,0,0,0,0,0,0,0,0,1,2,55,1,4,2,6,0,0,1,62,1,1,1,51,0,0
41,410135,1,1,1,24,7,21,10,8,0,1,0,41,2,24,7,24007,4,2004,1G8AZ52F64Z1,1,G,8,A,Z,5,2,F,6,4,Z,1,0,0,0,000000000,00000000000,0,0,0,1,0,0,0,0,0,0,0,998,0,0,0,12,4,3,8,0,0,0,1,41,97741,6,1,0,0,3,1,68,155,0,0,0,0,0,0,0,0,0,0,0,0,0,0,1,2,55,1,1,2,1,0,0,1,80,1,1,1,13,0,0
41,410136,1,1,5,24,7,20,0,30,0,1,0,53,1,20,481,20481,31,2000,2GCEK19V7Y11,2,G,C,E,K,1,9,V,7,Y,1,1,0,0,0,000000000,00000000000,0,0,0,1,0,0,0,0,0,0,0,998,0,1,6,98,6,2,3,0,0,0,1,41,98012,6,1,0,0,3,0,73,200,0,0,0,0,0,0,0,0,0,4,0,0,0,0,1,2,35,3,1,2,1,0,0,14,12,7,3,4,7,2,1
41,410137,1,1,1,21,7,99,99,35,0,1,0,0,0,73,734,73734,90,2006,JKASV6A136B5,J,K,A,S,V,6,A,1,3,6,B,5,0,0,0,000000000,00000000000,0,0,0,1,0,0,0,0,0,0,0,998,0,1,5,98,6,9,1,0,0,0,1,41,97420,6,1,0,0,3,0,74,230,0,0,0,0,0,0,0,0,0,0,0,0,0,0,1,2,99,3,2,4,1,0,0,14,13,1,1,4,1,1,1
41,410138,1,1,2,22,7,3,50,38,0,1,0,41,2,19,421,19421,15,2007,1GYFK638X7R1,1,G,Y,F,K,6,3,8,X,7,R,1,0,0,0,000000000,00000000000,0,0,0,1,0,0,0,0,0,0,0,998,0,0,0,12,4,3,38,0,0,0,1,41,97818,6,1,0,0,3,0,69,210,0,0,0,1,0,1,2014,1,2014,0,0,0,0,0,1,2,55,1,1,2,1,0,0,1,12,1,1,4,6,1,1
41,410139,1,2,1,24,7,14,3,12,6,1,0,41,1,23,481,23481,31,1990,1GTDC14K9LZ5,1,G,T,D,C,1,4,K,9,L,Z,5,0,0,0,000000000,00000000000,0,0,0,1,0,0,0,0,0,0,0,998,0,0,0,3,6,2,12,0,0,0,1,41,97601,6,1,0,0,3,0,71,245,1,0,0,0,0,11,2013,11,2013,0,38,0,0,0,1,2,55,1,1,2,1,0,0,11,15,1,1,1,68,1,0
41,410139,2,2,2,24,7,14,3,12,6,1,0,41,3,7,481,7481,31,1993,3B7MM33C7PM1,3,B,7,M,M,3,3,C,7,P,M,1,0,0,0,000000000,00000000000,0,0,0,1,0,0,0,0,0,0,0,998,0,0,0,12,6,2,12,0,0,0,1,6,96134,6,1,6,0,3,0,73,170,0,0,0,0,0,0,0,0,0,0,0,0,0,0,1,2,55,1,1,2,1,0,0,1,62,1,1,1,69,0,0
41,410140,1,1,1,25,7,11,40,42,0,1,0,41,2,18,20,18020,4,1993,2G4WB54T2P14,2,G,4,W,B,5,4,T,2,P,1,4,0,0,0,000000000,00000000000,0,0,0,1,0,0,0,0,0,0,0,998,0,0,0,12,6,2,42,0,0,1,1,41,97338,0,0,0,0,0,0,71,240,0,0,0,0,0,0,0,0,0,9,99,99,99,99,2,3,65,1,1,2,1,0,0,1,13,1,1,4,1,1,0
41,410141,1,1,4,26,7,22,38,11,0,1,0,16,1,12,481,12481,31,2010,1FTWW3BR7AEB,1,F,T,W,W,3,B,R,7,A,E,B,1,1,0,000000000,00000000000,0,0,0,1,0,0,0,0,0,0,0,998,0,1,3,12,6,2,1,0,0,0,1,16,83221,6,1,0,0,3,0,67,150,0,0,0,0,0,0,0,0,0,9,99,99,99,99,2,2,65,1,1,2,1,0,0,1,87,1,1,1,13,1,0
41,410142,1,1,1,26,7,3,9,42,0,1,0,41,1,12,402,12402,14,2001,1FMYU02141KB,1,F,M,Y,U,0,2,1,4,1,K,B,0,0,0,000000000,00000000000,0,0,0,1,0,0,0,0,0,0,0,998,0,0,0,12,6,2,42,0,0,0,1,6,95693,6,1,0,0,3,0,74,370,0,0,0,0,0,0,0,0,0,9,99,99,99,99,1,2,55,2,1,2,1,0,0,1,12,1,1,4,6,1,0
41,410143,1,1,1,25,7,22,7,1,0,1,0,41,1,72,706,72706,80,2009,1HD4CR2109K4,1,H,D,4,C,R,2,1,0,9,K,4,0,0,0,000000000,00000000000,0,0,0,1,0,0,0,0,0,0,0,998,0,0,0,0,6,2,1,0,0,0,1,41,97062,6,1,0,0,3,0,67,170,1,0,0,0,0,2,2012,2,2012,3,27,0,0,0,3,3,60,1,1,2,1,0,0,15,6,1,1,1,98,1,1
41,410144,1,2,1,27,7,16,5,12,6,1,0,41,1,6,43,6043,1,2001,1C3EL45U11N6,1,C,3,E,L,4,5,U,1,1,N,6,0,0,0,000000000,00000000000,0,0,0,1,0,0,0,0,0,0,0,998,0,0,0,3,6,2,12,0,0,0,1,41,97008,6,1,0,0,3,0,66,230,0,0,0,0,0,0,0,0,0,0,0,0,0,0,1,2,55,3,1,2,1,0,0,14,10,7,4,2,64,1,1
41,410144,2,2,2,27,7,16,5,12,6,1,0,41,2,2,403,2403,14,2004,1J4FA49S74P7,1,J,4,F,A,4,9,S,7,4,P,7,0,0,0,000000000,00000000000,0,0,0,1,0,0,0,0,0,0,0,998,0,0,0,12,6,2,12,0,0,0,1,41,97132,6,1,0,0,3,0,65,140,0,1,0,0,0,12,2011,12,2011,0,0,0,0,0,1,2,55,2,1,2,1,0,0,14,62,1,1,1,65,0,0
41,410145,1,1,1,30,7,18,23,1,0,1,0,41,1,12,481,12481,31,2002,1FTSW31F62EC,1,F,T,S,W,3,1,F,6,2,E,C,0,0,0,000000000,00000000000,0,0,0,1,0,0,0,0,0,0,0,998,0,1,5,0,6,2,2,0,0,1,1,41,97738,1,1,0,0,2,0,73,230,0,2,1,0,1,11,2013,12,2013,9,99,99,99,99,1,2,98,3,1,2,1,0,0,14,13,1,1,4,1,1,1
41,410146,1,1,1,30,7,23,8,8,0,1,1,99,9,99,999,99999,99,9999,999999999999,9,9,9,9,9,9,9,9,9,9,9,9,0,0,0,000000000,00000000000,0,0,0,1,0,0,0,0,0,0,0,998,0,0,0,12,9,5,8,0,0,0,1,99,99999,9,9,99,0,9,9,999,999,99,99,99,99,99,99,9999,99,9999,9,99,99,99,99,5,3,45,1,1,2,1,0,0,1,80,99,9,9,13,0,0
41,410147,1,1,1,31,7,14,42,33,0,1,0,41,2,76,706,76706,80,2001,JYARN05E91A0,J,Y,A,R,N,0,5,E,9,1,A,0,0,0,0,000000000,00000000000,0,0,0,1,0,0,0,0,0,0,0,998,0,0,0,12,6,2,33,0,0,0,1,41,97080,6,1,0,0,2,3,75,260,0,0,0,1,1,9,2012,1,2014,4,0,0,0,0,2,3,40,3,2,2,1,0,0,14,12,1,1,4,6,1,0
41,410148,1,1,1,31,7,12,29,8,0,1,0,41,2,12,481,12481,31,2005,1FTWW31P35EA,1,F,T,W,W,3,1,P,3,5,E,A,0,0,0,000000000,00000000000,0,0,0,1,0,0,0,0,0,0,0,998,0,0,0,98,0,5,8,0,0,0,1,41,97351,6,1,0,0,3,0,70,175,3,1,0,1,0,11,2011,2,2013,0,38,0,0,0,5,5,35,1,1,2,1,2,3,11,80,1,1,1,13,0,0
41,410149,1,1,2,3,8,16,56,35,0,1,0,41,2,48,34,48034,6,2006,4S4BP61C9673,4,S,4,B,P,6,1,C,9,6,7,3,0,0,0,000000000,00000000000,0,0,0,1,0,0,0,0,0,0,0,998,0,1,5,12,6,2,1,0,0,0,1,41,97009,6,1,0,0,3,1,61,145,0,0,0,0,1,1,2014,1,2014,0,0,0,0,0,1,2,55,1,1,2,1,0,0,1,19,1,1,4,16,1,0
41,410150,1,1,2,31,7,12,35,42,0,1,0,41,3,49,46,49046,3,2014,JTDZN3EU9E33,J,T,D,Z,N,3,E,U,9,E,3,3,0,0,0,000000000,00000000000,0,0,0,1,0,0,0,0,0,0,0,998,0,0,0,12,6,2,42,0,0,0,1,6,92014,6,1,0,0,3,0,71,180,0,0,0,0,0,0,0,0,0,0,99,99,99,99,1,2,55,1,1,2,1,0,0,1,19,1,1,4,99,1,0
41,410151,1,1,1,5,2,18,50,42,0,1,0,41,1,12,471,12471,31,1998,1FTZR15X0WPB,1,F,T,Z,R,1,5,X,0,W,P,B,0,0,0,000000000,00000000000,0,0,0,1,0,0,0,0,0,0,0,998,0,0,0,12,6,2,42,0,0,0,1,41,97022,6,1,0,0,3,0,69,175,0,0,0,0,0,0,0,0,0,9,99,99,99,99,1,2,55,1,1,2,98,20,3,1,14,1,1,4,14,1,0
41,410152,1,1,1,23,4,9,17,25,0,1,0,41,1,12,471,12471,30,1991,1FTCR14X3MPA,1,F,T,C,R,1,4,X,3,M,P,A,0,0,0,000000000,00000000000,0,0,0,1,0,0,0,0,0,0,0,998,0,0,0,12,4,3,25,0,0,0,1,41,97030,6,1,0,0,3,1,65,160,0,0,0,0,0,0,0,0,0,4,0,0,0,0,3,3,25,2,1,2,2,0,0,14,6,1,1,4,6,1,0
41,410153,1,2,1,28,4,12,10,12,6,1,0,41,2,13,2,13002,2,1993,1LNLM91V9PY6,1,L,N,L,M,9,1,V,9,P,Y,6,0,0,0,000000000,00000000000,0,0,0,1,0,0,0,0,0,0,0,998,0,0,0,1,4,3,12,0,0,0,1,41,97459,6,1,0,0,3,1,60,90,0,0,0,0,0,0,0,0,0,0,38,0,0,0,1,4,35,1,1,2,1,0,0,11,15,1,1,1,68,1,0
41,410153,2,2,1,28,4,12,10,12,6,1,0,41,1,12,471,12471,30,1994,1FTCR10A0RUA,1,F,T,C,R,1,0,A,0,R,U,A,0,0,0,000000000,00000000000,0,0,0,1,0,0,0,0,0,0,0,998,0,0,0,12,4,3,12,0,0,0,1,41,97459,6,1,0,0,3,0,72,165,0,0,0,0,0,0,0,0,0,0,0,0,0,0,1,4,35,1,1,2,1,0,0,1,17,1,1,1,69,0,0
41,410154,1,1,1,1,8,12,20,38,0,1,0,41,1,49,472,49472,30,2002,5TEPM62N72Z0,5,T,E,P,M,6,2,N,7,2,Z,0,0,0,0,000000000,00000000000,0,0,0,1,0,0,0,0,0,0,0,998,0,1,6,12,6,2,1,0,0,0,1,41,97702,6,1,0,0,3,0,67,145,0,0,0,1,0,2,2014,2,2014,4,0,0,0,0,1,2,98,1,5,2,1,0,0,1,13,1,1,4,1,1,0
41,410155,1,1,5,2,8,20,0,1,0,1,0,41,2,49,32,49032,4,2010,2T1BU4EE1AC4,2,T,1,B,U,4,E,E,1,A,C,4,0,0,0,000000000,00000000000,0,0,0,1,0,0,0,0,0,0,0,998,0,1,5,0,6,2,3,0,0,0,1,41,97013,6,1,0,0,3,0,65,115,0,0,0,1,0,4,2013,4,2013,9,99,99,99,99,1,2,35,4,1,1,1,0,0,14,19,1,1,4,99,2,0
41,410156,1,1,1,3,8,3,45,52,0,1,0,41,1,54,31,54031,4,1993,JH4DA9375PS0,J,H,4,D,A,9,3,7,5,P,S,0,0,0,0,000000000,00000000000,0,0,0,1,0,0,0,0,0,0,0,998,0,0,0,9,6,2,52,0,0,0,1,41,97457,6,1,0,0,3,0,67,136,0,0,0,2,0,8,2013,12,2013,4,0,0,0,0,3,2,65,3,1,2,1,0,0,10,6,7,3,4,2,1,1
41,410157,1,1,1,4,8,15,9,30,0,1,0,41,1,12,481,12481,31,1977,F25HRY85157,F,2,5,H,R,Y,8,5,1,5,7,,0,0,0,000000000,00000000000,0,0,0,1,0,0,0,0,0,0,0,998,0,0,0,12,6,2,30,0,0,0,1,41,97524,0,0,0,0,0,0,69,190,0,2,0,0,1,10,2011,3,2012,0,6,0,0,0,1,2,55,3,1,2,1,0,0,14,12,6,1,4,6,1,1
41,410158,1,3,1,5,8,23,47,12,1,1,0,41,1,37,706,37706,80,2008,JH2PC404X8M1,J,H,2,P,C,4,0,4,X,8,M,1,0,0,0,000000000,00000000000,0,0,0,1,0,0,0,0,0,0,0,998,0,0,0,12,4,3,54,0,0,0,1,41,97124,6,1,0,0,3,1,68,190,0,0,0,0,0,0,0,0,0,0,99,99,99,99,1,6,35,1,2,2,1,0,0,1,52,1,1,1,24,1,1
41,410158,2,3,1,5,8,23,47,12,1,1,0,45,1,72,706,72706,80,2001,1HD1GKV171Y3,1,H,D,1,G,K,V,1,7,1,Y,3,0,0,0,000000000,00000000000,0,0,0,1,0,0,0,0,0,0,0,998,0,0,0,6,4,3,12,0,0,0,1,41,97206,6,1,0,0,3,0,80,252,0,0,0,3,0,10,2011,9,2013,0,39,0,0,0,1,6,35,1,2,2,1,0,0,2,53,1,1,1,25,0,0
41,410158,3,3,1,5,8,23,47,12,1,1,0,41,1,2,403,2403,14,2001,1J4FA59S71P3,1,J,4,F,A,5,9,S,7,1,P,3,0,0,0,000000000,00000000000,0,0,0,1,0,0,0,0,0,0,0,998,0,0,0,14,0,5,54,0,0,0,1,41,97236,6,1,0,0,3,1,72,220,1,0,0,0,0,6,2012,6,2012,0,0,0,0,0,1,6,35,1,2,2,1,0,0,1,62,1,1,1,98,0,0
41,410159,1,1,1,6,8,11,32,8,0,1,0,41,2,7,482,7482,31,2004,3D7KU28C04G2,3,D,7,K,U,2,8,C,0,4,G,2,0,0,0,000000000,00000000000,0,0,0,1,0,0,0,0,0,0,0,998,0,0,0,12,0,5,8,0,0,0,1,41,97303,6,1,0,0,3,1,66,115,0,0,0,0,0,0,0,0,0,0,38,0,0,0,0,0,0,0,0,0,0,0,0,1,80,1,1,5,15,0,0
41,410160,1,1,1,9,8,9,52,1,0,1,0,41,1,72,706,72706,80,1986,1HD1ECL19GY1,1,H,D,1,E,C,L,1,9,G,Y,1,0,0,0,000000000,00000000000,0,0,0,1,0,0,0,0,0,0,0,998,0,0,0,0,6,2,1,0,0,0,1,41,97488,6,1,0,0,3,0,75,195,0,0,0,2,0,9,2013,1,2014,4,0,0,0,0,1,2,55,3,2,2,1,0,0,14,13,1,1,1,98,1,1
41,410161,1,1,4,11,8,2,28,42,0,1,0,41,2,37,31,37031,4,1992,1HGEG8550NL0,1,H,G,E,G,8,5,5,0,N,L,0,0,0,0,000000000,00000000000,0,0,0,1,0,0,0,0,0,0,0,998,0,0,0,12,6,2,42,0,0,1,1,41,97266,6,1,0,0,3,0,74,165,0,0,0,0,0,0,0,0,0,5,39,0,0,0,1,2,55,1,2,2,1,20,3,1,14,1,1,4,14,4,0
41,410162,1,1,1,11,8,15,1,35,0,1,0,41,1,37,31,37031,2,1989,JHMED8358KS0,J,H,M,E,D,8,3,5,8,K,S,0,0,0,0,000000000,00000000000,0,0,0,1,0,0,0,0,0,0,0,998,0,1,5,12,6,2,1,0,0,0,1,41,97361,6,1,0,0,3,0,71,240,1,0,0,2,1,1,2012,11,2013,3,0,0,0,0,1,2,55,1,3,2,1,0,0,1,13,1,1,4,1,1,1
41,410163,1,1,1,11,8,9,25,25,0,1,0,41,1,20,481,20481,31,1988,1GCDC14H5JZ3,1,G,C,D,C,1,4,H,5,J,Z,3,0,0,0,000000000,00000000000,0,0,0,1,0,0,0,0,0,0,0,998,0,0,0,12,4,3,25,0,0,0,1,41,97496,6,1,0,0,3,1,61,150,0,0,0,0,0,0,0,0,0,0,99,99,99,99,3,3,65,2,1,2,1,0,0,16,9,1,1,4,6,1,0
41,410164,1,1,1,12,8,16,58,9,0,1,0,41,1,12,461,12461,21,1999,1FTNE24L2XHB,1,F,T,N,E,2,4,L,2,X,H,B,0,0,0,000000000,00000000000,0,0,0,1,0,0,0,0,0,0,0,998,0,0,0,12,2,3,9,0,0,0,1,41,97111,6,1,0,0,3,1,67,170,0,0,0,1,2,10,2012,6,2014,0,99,99,99,99,1,2,55,1,1,2,1,0,0,1,13,1,1,4,1,0,0
41,410165,1,1,1,16,8,0,30,8,0,1,0,41,1,55,36,55036,5,2007,KMHCM36C97U0,K,M,H,C,M,3,6,C,9,7,U,0,0,0,0,000000000,00000000000,0,0,0,1,0,0,0,0,0,0,0,998,0,0,0,14,8,3,8,0,0,0,1,41,97042,6,1,0,0,3,1,67,140,1,0,0,0,0,10,2013,10,2013,0,0,0,0,0,1,2,45,1,1,1,1,0,0,1,80,1,1,1,13,0,0