STATE,ST_CASE,VEH_NO,VE_FORMS,NUMOCCS,DAY,MONTH,HOUR,MINUTE,HARM_EV,MAN_COLL,UNITTYPE,HIT_RUN,REG_STAT,OWNER,MAKE,MODEL,MAK_MOD,BODY_TYP,MOD_YEAR,VIN,VIN_1,VIN_2,VIN_3,VIN_4,VIN_5,VIN_6,VIN_7,VIN_8,VIN_9,VIN_10,VIN_11,VIN_12,TOW_VEH,J_KNIFE,MCARR_I1,MCARR_I2,MCARR_ID,GVWR,V_CONFIG,CARGO_BT,HAZ_INV,HAZ_PLAC,HAZ_ID,HAZ_CNO,HAZ_REL,BUS_USE,SPEC_USE,EMER_USE,TRAV_SP,UNDERIDE,ROLLOVER,ROLINLOC,IMPACT1,DEFORMED,TOWED,M_HARM,VEH_SC1,VEH_SC2,FIRE_EXP,DR_PRES,L_STATE,DR_ZIP,L_STATUS,L_TYPE,CDL_STAT,L_ENDORS,L_COMPL,L_RESTRI,DR_HGT,DR_WGT,PREV_ACC,PREV_SUS,PREV_DWI,PREV_SPD,PREV_OTH,FIRST_MO,FIRST_YR,LAST_MO,LAST_YR,SPEEDREL,DR_SF1,DR_SF2,DR_SF3,DR_SF4,VTRAFWAY,VNUM_LAN,VSPD_LIM,VALIGN,VPROFILE,VPAVETYP,VSURCOND,VTRAFCON,VTCONT_F,P_CRASH1,P_CRASH2,P_CRASH3,PCRASH4,PCRASH5,ACC_TYPE,DEATHS,DR_DRINK
41,410206,1,3,2,5,10,16,57,12,1,1,1,41,5,49,40,49040,4,2014,4T4BF1FK6ER3,4,T,4,B,F,1,F,K,6,E,R,3,0,0,0,000000000,00000000000,0,0,0,1,0,0,0,0,0,0,0,998,0,0,0,12,9,3,12,0,0,0,1,41,97230,0,0,0,0,0,0,68,145,0,6,0,0,0,7,2012,8,2014,5,26,0,0,0,1,2,30,1,1,2,1,0,0,1,50,99,1,1,20,1,1
41,410206,2,3,2,5,10,16,57,12,1,1,0,41,1,37,441,37441,20,1995,JHMRA1849SC0,J,H,M,R,A,1,8,4,9,S,C,0,0,0,0,000000000,00000000000,0,0,0,1,0,0,0,0,0,0,0,0,0,0,0,6,6,2,12,0,0,0,1,41,97218,6,1,0,0,3,1,67,293,0,0,0,0,0,0,0,0,0,0,0,0,0,0,1,2,30,1,1,2,1,0,0,5,53,1,1,1,21,0,0
41,410206,3,3,1,5,10,16,57,12,1,1,0,41,1,48,46,48046,3,2013,JF1ZCAB1XD26,J,F,1,Z,C,A,B,1,X,D,2,6,0,0,0,000000000,00000000000,0,0,0,1,0,0,0,0,0,0,0,0,0,0,0,6,2,5,12,0,0,0,1,41,97220,6,1,0,0,3,1,67,250,0,0,0,0,0,0,0,0,0,0,0,0,0,0,1,2,30,1,1,2,1,0,0,5,53,1,1,1,98,0,0
41,410208,1,1,1,6,10,0,1,1,0,1,0,41,2,2,404,2404,14,2002,1J4GW48N92C1,1,J,4,G,W,4,8,N,9,2,C,1,0,0,0,000000000,00000000000,0,0,0,1,0,0,0,0,0,0,0,998,0,1,5,0,6,2,1,0,0,0,1,41,97431,6,1,0,0,3,0,70,185,0,3,1,0,0,10,2011,7,2014,0,39,0,0,0,1,2,55,2,6,2,1,20,3,14,14,1,1,4,14,1,1
41,410209,1,2,1,7,10,16,25,12,2,1,0,18,2,12,471,12471,30,1995,1FTCR10U9SPA,1,F,T,C,R,1,0,U,9,S,P,A,0,0,0,000000000,00000000000,0,0,0,1,0,0,0,0,0,0,0,998,0,0,0,12,6,2,12,0,0,0,1,41,97402,0,0,0,0,0,0,69,130,0,0,0,0,0,0,0,0,0,9,28,0,0,0,1,2,98,2,1,2,1,0,0,14,10,1,1,2,50,1,1
41,410209,2,2,2,7,10,16,25,12,2,1,0,41,2,20,481,20481,31,1998,2GCEK19R4W11,2,G,C,E,K,1,9,R,4,W,1,1,0,0,0,000000000,00000000000,0,0,0,1,0,0,0,0,0,0,0,998,0,0,0,12,6,2,12,0,0,0,1,41,97402,6,1,0,0,3,0,67,200,0,0,0,0,0,0,0,0,0,9,99,99,99,99,1,2,98,2,1,2,1,0,0,1,62,1,1,1,51,1,0
41,410210,1,1,1,22,6,18,15,42,0,1,0,99,9,99,703,99703,80,9999,999999999999,9,9,9,9,9,9,9,9,9,9,9,9,0,0,0,000000000,00000000000,0,0,0,1,0,0,0,0,0,0,0,998,0,0,0,98,9,9,42,0,0,0,1,6,92124,6,1,0,0,3,3,71,185,0,0,0,0,0,0,0,0,0,0,99,99,99,99,1,2,0,4,1,8,98,0,0,14,13,99,1,4,1,1,0
41,410211,1,2,1,23,6,23,10,12,6,1,0,41,2,12,13,12013,2,1997,1FALP13P9VW2,1,F,A,L,P,1,3,P,9,V,W,2,0,0,0,000000000,00000000000,0,0,0,1,0,0,0,0,0,0,0,998,0,0,0,3,6,2,12,0,0,1,1,41,97301,0,0,0,0,0,0,64,120,0,0,0,0,0,0,0,0,0,4,28,0,0,0,1,2,55,2,2,2,1,0,0,14,10,1,1,2,64,1,1
41,410211,2,2,2,23,6,23,10,12,6,1,0,41,2,42,401,42401,14,1998,4JGAB54E4WA0,4,J,G,A,B,5,4,E,4,W,A,0,0,0,0,000000000,00000000000,0,0,0,1,0,0,0,0,0,0,0,998,0,0,0,12,6,2,12,0,0,1,1,41,97086,6,1,0,0,3,1,70,170,0,0,0,0,0,0,0,0,0,0,0,0,0,0,1,2,55,3,2,2,1,0,0,14,62,1,1,1,65,0,0
41,410212,1,1,1,9,1,17,5,8,0,1,0,41,1,2,404,2404,14,2004,1J4GX48SX4C2,1,J,4,G,X,4,8,S,X,4,C,2,0,0,0,000000000,00000000000,0,0,0,1,0,0,0,0,0,0,0,998,0,0,0,12,9,5,8,0,0,0,1,41,97086,6,1,0,0,3,0,63,125,0,0,0,0,0,0,0,0,0,4,38,0,0,0,5,3,25,1,1,2,2,4,3,1,80,1,1,1,13,0,0
41,410213,1,1,2,5,7,3,30,1,0,1,0,41,2,12,481,12481,31,1985,1FTHF26L2FPA,1,F,T,H,F,2,6,L,2,F,P,A,0,0,0,000000000,00000000000,0,0,0,1,0,0,0,0,0,0,0,998,0,1,5,0,6,2,1,0,0,0,1,41,97016,1,1,0,0,2,0,72,160,0,2,0,0,0,11,2011,11,2011,4,0,0,0,0,1,2,45,3,2,2,1,0,0,14,6,6,5,4,2,1,1
41,410214,1,1,1,25,8,17,7,8,0,1,0,41,1,12,481,12481,31,2000,1FTNX21L8YED,1,F,T,N,X,2,1,L,8,Y,E,D,0,0,0,000000000,00000000000,0,0,0,1,0,0,0,0,0,0,0,998,0,0,0,12,0,5,8,0,0,0,1,41,97367,6,1,0,0,3,0,72,190,0,0,0,0,0,0,0,0,0,0,38,0,0,0,5,5,30,1,1,2,1,2,3,11,80,1,1,1,13,0,0
41,410215,1,1,1,8,10,6,23,3,0,1,0,53,1,35,39,35039,4,1990,JN1HJ01P0LT3,J,N,1,H,J,0,1,P,0,L,T,3,0,0,0,000000000,00000000000,0,0,0,1,0,0,0,0,0,0,0,998,0,0,0,0,9,5,3,0,0,0,1,41,97230,3,1,0,0,2,0,68,180,0,0,0,0,0,0,0,0,0,9,99,99,99,99,1,2,45,1,1,2,1,0,0,1,19,99,1,4,0,1,0
41,410216,1,1,1,10,10,14,40,42,0,1,0,41,1,42,42,42042,4,2006,WDBRF52H56A9,W,D,B,R,F,5,2,H,5,6,A,9,0,0,0,000000000,00000000000,0,0,0,1,0,0,0,0,0,0,0,998,0,0,0,12,6,2,42,0,0,0,1,41,97490,6,1,0,0,3,1,71,160,0,0,0,0,0,0,0,0,0,9,99,99,99,99,1,2,55,1,1,2,1,0,0,1,12,99,1,4,6,1,0
41,410217,1,1,1,14,10,99,99,1,0,1,0,41,1,55,37,55037,2,2008,KMHHN66F08U2,K,M,H,H,N,6,6,F,0,8,U,2,0,0,0,000000000,00000000000,0,0,0,1,0,0,0,0,0,0,0,998,0,1,5,0,6,8,1,0,0,0,1,41,97739,6,1,0,0,3,0,70,160,0,0,0,0,0,0,0,0,0,9,99,99,99,99,1,2,98,4,2,2,1,0,0,14,19,99,1,4,99,1,1
41,410218,1,1,1,13,10,13,22,42,0,1,0,53,1,72,706,72706,80,2014,1HD1KRM18EB7,1,H,D,1,K,R,M,1,8,E,B,7,0,0,0,000000000,00000000000,0,0,0,1,0,0,0,0,0,0,0,998,0,0,0,13,9,3,42,0,0,0,1,53,98664,6,1,0,0,3,0,69,185,0,0,0,0,0,0,0,0,0,9,99,99,99,99,1,2,98,4,1,2,1,0,0,14,19,99,1,4,99,1,0
41,410219,1,2,1,15,10,14,35,12,2,1,0,41,2,12,3,12003,2,1994,1FALP42T8RF1,1,F,A,L,P,4,2,T,8,R,F,1,0,0,0,000000000,00000000000,0,0,0,1,0,0,0,0,0,0,0,998,0,0,0,12,6,2,12,0,0,0,1,41,97017,6,1,0,0,3,0,68,175,0,1,0,0,0,9,2012,9,2012,9,28,0,0,0,1,2,55,1,1,2,2,0,0,1,10,1,1,2,50,0,0
41,410219,2,2,2,15,10,14,35,12,2,1,0,41,2,37,32,37032,4,1993,1HGCB7555PA0,1,H,G,C,B,7,5,5,5,P,A,0,0,0,0,000000000,00000000000,0,0,0,1,0,0,0,0,0,0,0,998,0,0,0,12,6,2,12,0,0,0,1,41,97038,6,1,0,0,3,1,62,200,0,0,0,0,0,0,0,0,0,0,0,0,0,0,1,2,55,1,1,2,2,0,0,1,62,1,1,1,51,1,0
41,410220,1,2,3,18,10,9,57,35,0,1,0,41,1,7,25,7025,5,2010,1B3CB4HA8AD5,1,B,3,C,B,4,H,A,8,A,D,5,0,0,0,000000000,00000000000,0,0,0,1,0,0,0,0,0,0,0,998,0,0,0,98,6,2,12,0,0,0,1,41,97224,6,1,0,0,3,0,62,140,0,0,0,0,2,7,2012,4,2013,9,28,0,0,0,1,3,55,2,2,2,2,0,0,14,13,6,1,4,1,3,0
41,410220,2,2,2,18,10,9,57,35,0,1,0,41,1,20,431,20431,16,2001,3GNGK26G51G2,3,G,N,G,K,2,6,G,5,1,G,2,1,1,0,000000000,00000000000,0,0,0,1,0,0,0,0,0,0,0,998,0,0,0,12,4,3,12,0,0,0,1,41,97302,6,1,6,0,3,1,72,185,0,0,0,0,1,12,2012,12,2012,0,0,0,0,0,1,3,55,3,2,2,2,0,0,14,62,1,1,1,98,0,0
41,410221,1,2,1,20,10,7,50,12,1,1,0,93,3,82,881,82881,66,2014,3AKJGLD61ESF,3,A,K,J,G,L,D,6,1,E,S,F,1,1,57,2457212,572457212,3,6,1,1,0,0,0,0,0,0,0,998,0,0,0,12,4,3,12,0,0,0,1,31,68504,6,1,6,0,3,1,70,240,1,0,0,1,2,3,2012,7,2014,0,0,0,0,0,2,2,65,1,1,2,1,0,0,1,50,1,1,1,32,0,0
41,410221,2,2,0,20,10,7,50,12,1,1,0,53,6,12,3,12003,1,2012,1ZVBP8FF2C52,1,Z,V,B,P,8,F,F,2,C,5,2,0,0,0,000000000,00000000000,0,0,0,1,0,0,0,0,0,0,0,0,0,0,0,6,6,2,12,0,0,0,0,0,99997,7,6,97,7,6,7,998,997,998,998,998,998,998,98,9998,98,9998,8,0,0,0,0,2,2,65,1,1,2,1,0,0,0,53,0,0,0,32,0,0
41,410222,1,2,2,21,10,16,7,12,6,1,0,41,2,20,421,20421,15,1992,1GNEK18K4NJ3,1,G,N,E,K,1,8,K,4,N,J,3,0,0,0,000000000,00000000000,0,0,0,1,0,0,0,0,0,0,0,998,0,0,0,12,6,2,12,0,0,0,1,41,97220,0,0,0,0,0,0,71,200,0,14,0,2,5,12,2011,9,2014,4,39,91,0,0,1,2,25,1,1,2,1,20,3,1,66,1,1,1,88,0,0
41,410222,2,2,1,21,10,16,7,12,6,1,0,41,1,37,31,37031,2,2007,2HGFG128X7H5,2,H,G,F,G,1,2,8,X,7,H,5,0,0,0,000000000,00000000000,0,0,0,1,0,0,0,0,0,0,0,998,0,0,0,9,6,2,12,0,0,0,1,41,97062,6,1,0,0,3,1,67,150,0,0,0,0,0,0,0,0,0,0,0,0,0,0,1,2,25,1,1,2,1,0,0,1,17,1,1,1,89,1,0
41,410223,1,2,1,23,10,10,37,12,2,1,0,41,1,37,31,37031,4,1995,JHMEG8653SS0,J,H,M,E,G,8,6,5,3,S,S,0,0,0,0,000000000,00000000000,0,0,0,1,0,0,0,0,0,0,0,998,0,0,0,12,6,2,12,0,0,0,1,41,97325,6,1,0,0,3,0,64,150,0,0,0,0,0,0,0,0,0,0,28,0,0,0,2,2,65,1,1,2,2,0,0,1,12,1,1,4,50,1,0
41,410223,2,2,1,23,10,10,37,12,2,1,0,93,3,85,881,85881,66,2011,1XKDP40X6BJ2,1,X,K,D,P,4,0,X,6,B,J,2,1,1,57,0733151,570733151,3,6,1,1,0,0,0,0,0,0,0,998,0,0,0,12,6,2,12,0,0,0,1,53,99324,6,1,6,0,3,0,68,158,0,0,0,0,0,0,0,0,0,0,0,0,0,0,2,2,65,1,1,2,2,0,0,1,62,1,1,1,51,0,0
41,410224,1,2,1,23,10,15,5,12,2,1,0,41,1,12,471,12471,30,1997,1FTDR15X8VPA,1,F,T,D,R,1,5,X,8,V,P,A,0,0,0,000000000,00000000000,0,0,0,1,0,0,0,0,0,0,0,998,0,0,0,12,6,2,12,0,0,0,1,41,97122,1,1,0,0,2,0,70,190,1,6,1,2,0,10,2011,8,2014,4,28,36,91,0,1,2,55,3,2,2,2,0,0,14,10,1,1,2,50,0,1
41,410224,2,2,1,23,10,15,5,12,2,1,0,41,2,12,17,12017,4,2001,1FAFP55UX1G2,1,F,A,F,P,5,5,U,X,1,G,2,0,0,0,000000000,00000000000,0,0,0,1,0,0,0,0,0,0,0,998,0,0,0,12,6,2,12,0,0,0,1,41,97112,6,1,6,0,3,1,73,265,0,0,0,0,0,0,0,0,0,0,0,0,0,0,1,2,55,2,2,2,2,0,0,14,62,1,1,1,51,1,0
41,410225,1,1,1,25,10,3,4,42,0,1,0,41,1,45,31,45031,2,2007,WP0AD29927S7,W,P,0,A,D,2,9,9,2,7,S,7,0,0,0,000000000,00000000000,0,0,0,1,0,0,0,0,0,0,0,998,0,0,0,9,6,2,42,0,0,0,1,41,97124,6,1,0,0,3,0,71,200,0,0,0,0,0,0,0,0,0,4,99,99,99,99,1,2,45,3,1,1,2,0,0,1,13,1,4,4,2,1,1
41,410226,1,1,1,25,10,19,30,1,0,1,0,41,2,2,404,2404,14,1989,1J4FJ38L0KL5,1,J,4,F,J,3,8,L,0,K,L,5,0,0,0,000000000,00000000000,0,0,0,1,0,0,0,0,0,0,0,998,0,1,5,0,6,2,1,0,0,0,1,12,32060,6,1,0,0,3,0,70,999,0,0,0,0,0,0,0,0,0,9,99,99,99,99,1,2,55,1,1,2,1,0,0,1,12,6,1,4,6,1,1
41,410227,1,1,1,29,10,5,13,1,0,1,0,41,1,42,48,42048,4,1998,WDBJF70F5WA5,W,D,B,J,F,7,0,F,5,W,A,5,0,0,0,000000000,00000000000,0,0,0,1,0,0,0,0,0,0,0,998,0,1,6,0,6,2,1,0,0,0,1,41,97365,1,1,0,0,2,0,72,158,0,25,0,4,4,1,2012,8,2014,3,0,0,0,0,1,2,25,2,1,2,2,0,0,14,12,1,1,4,6,1,0
41,410228,1,1,1,31,10,20,57,8,0,1,0,41,2,20,481,20481,31,2002,1GCHK29132E1,1,G,C,H,K,2,9,1,3,2,E,1,0,0,0,000000000,00000000000,0,0,0,1,0,0,0,0,0,0,0,998,0,0,0,14,0,8,8,0,0,0,1,41,97739,6,1,0,0,3,1,73,200,0,1,0,0,0,3,2012,3,2012,9,99,99,99,99,5,3,35,1,1,2,1,0,0,1,80,1,1,1,13,0,1
41,410229,1,1,2,1,11,0,20,1,0,1,0,41,2,37,31,37031,2,1991,2HGED645XMH5,2,H,G,E,D,6,4,5,X,M,H,5,0,0,0,000000000,00000000000,0,0,0,1,0,0,0,0,0,0,0,998,0,1,5,0,6,2,1,0,0,0,1,41,97123,0,0,0,0,0,0,69,150,0,0,0,0,0,0,0,0,0,3,0,0,0,0,1,2,55,3,1,2,2,0,0,14,6,7,1,4,1,1,1
41,410230,1,2,4,3,11,17,30,12,1,1,0,53,1,2,406,2406,14,2006,1J8HG48N66C2,1,J,8,H,G,4,8,N,6,6,C,2,0,0,0,000000000,00000000000,0,0,0,1,0,0,0,0,0,0,0,998,0,0,0,12,4,5,12,0,0,0,1,8,97303,6,1,0,0,3,1,62,145,0,0,0,0,0,0,0,0,0,0,6,0,0,0,1,2,35,1,1,2,99,0,0,1,50,1,1,1,20,0,0
41,410230,2,2,1,3,11,17,30,12,1,1,0,41,2,20,471,20471,30,2001,1GCCS19W8181,1,G,C,C,S,1,9,W,8,1,8,1,0,0,0,000000000,00000000000,0,0,0,1,0,0,0,0,0,0,0,0,0,0,0,6,4,5,12,0,0,0,1,41,97301,6,1,0,0,3,0,69,140,0,0,0,0,0,0,0,0,0,0,0,0,0,0,1,2,35,1,1,2,99,0,0,5,53,1,1,1,21,1,0
41,410231,1,1,5,6,11,6,50,42,0,1,0,41,2,12,401,12401,14,1994,1FMDU32X5RUE,1,F,M,D,U,3,2,X,5,R,U,E,0,0,0,000000000,00000000000,0,0,0,1,0,0,0,0,0,0,0,998,0,1,5,3,6,2,1,0,0,0,1,41,97490,6,2,0,0,3,2,67,150,0,0,0,0,0,0,0,0,0,9,73,0,0,0,1,2,55,1,2,2,2,0,0,1,13,6,4,4,2,2,0
41,410232,1,2,1,6,11,6,34,12,2,1,0,41,1,12,23,12023,4,2014,3FA6P0D99ER3,3,F,A,6,P,0,D,9,9,E,R,3,0,0,0,000000000,00000000000,0,0,0,1,0,0,0,0,0,0,0,998,0,0,0,12,6,2,12,0,0,1,1,41,97140,6,1,0,0,3,0,70,195,0,0,0,0,0,0,0,0,0,0,28,0,0,0,1,2,55,1,1,2,2,0,0,6,10,1,1,2,50,1,0
41,410232,2,2,1,6,11,6,34,12,2,1,0,41,2,37,32,37032,4,1991,JHMCB7665MC0,J,H,M,C,B,7,6,6,5,M,C,0,0,0,0,000000000,00000000000,0,0,0,1,0,0,0,0,0,0,0,998,0,0,0,12,6,2,12,0,0,0,1,41,97030,6,1,0,0,3,0,74,185,0,0,0,2,2,3,2013,4,2014,0,0,0,0,0,1,2,55,1,1,2,2,0,0,1,62,1,1,1,51,1,0
41,410233,1,1,2,9,11,20,1,14,0,1,0,0,0,98,704,98704,80,2015,VBKMXN435FM2,V,B,K,M,X,N,4,3,5,F,M,2,0,0,0,000000000,00000000000,0,0,0,1,0,0,0,0,0,0,0,998,0,0,0,12,4,5,14,0,0,0,1,6,94572,3,1,0,0,2,0,69,120,0,0,0,0,0,0,0,0,0,3,0,0,0,0,1,2,25,1,1,2,1,0,0,1,13,1,1,4,98,1,1
41,410234,1,1,1,10,11,21,5,8,0,1,0,25,1,49,402,49402,14,2011,2T3BF4DV9BW0,2,T,3,B,F,4,D,V,9,B,W,0,0,0,0,000000000,00000000000,0,0,0,1,0,0,0,0,0,0,0,998,0,0,0,12,2,3,8,0,0,0,1,41,97381,6,1,0,0,3,0,71,175,0,0,0,0,0,0,0,0,0,0,0,0,0,0,5,5,40,1,1,2,1,0,0,1,80,1,1,1,13,0,0
41,410235,1,1,1,10,11,15,30,58,0,1,0,53,1,21,21,21021,4,2002,1G3NL52E12C1,1,G,3,N,L,5,2,E,1,2,C,1,0,0,0,000000000,00000000000,0,0,0,1,0,0,0,0,0,0,0,998,0,0,0,12,6,2,58,0,0,0,1,53,99403,1,1,0,0,2,3,67,185,0,1,1,1,0,2,2012,7,2014,9,99,99,99,99,1,2,55,2,6,2,1,0,0,14,12,1,1,4,6,1,0
41,410236,1,3,1,13,11,21,45,12,2,1,0,41,1,41,51,41051,4,2011,JM1BL1VG0B14,J,M,1,B,L,1,V,G,0,B,1,4,0,0,0,000000000,00000000000,0,0,0,1,0,0,0,0,0,0,0,998,0,0,0,12,6,2,12,0,0,0,1,41,97415,6,1,0,0,3,1,68,165,0,0,0,0,0,0,0,0,0,0,51,0,0,0,3,2,65,1,1,2,2,0,0,1,54,1,1,1,52,1,1
41,410236,2,3,1,13,11,21,45,12,2,1,0,6,2,82,881,82881,66,1996,1FUYDZYBXTP7,1,F,U,Y,D,Z,Y,B,X,T,P,7,1,1,57,1933673,571933673,3,6,1,1,0,0,0,0,0,0,0,998,0,0,0,12,6,2,12,0,0,0,1,6,90220,6,1,6,0,3,0,65,203,2,0,0,0,0,7,2014,11,2014,0,0,0,0,0,3,2,65,1,1,2,2,0,0,1,54,1,1,1,52,0,0
41,410236,3,3,1,13,11,21,45,12,2,1,0,93,3,99,881,99881,66,9999,999999999999,9,9,9,9,9,9,9,9,9,9,9,9,2,1,99,999999999,99999999999,3,7,1,1,0,0,0,0,0,0,0,998,0,0,0,9,9,3,54,0,0,0,1,31,68154,6,1,6,0,3,0,69,270,0,0,0,0,0,0,0,0,0,0,0,0,0,0,3,2,65,1,1,2,2,0,0,1,98,1,1,1,98,0,0
41,410237,1,1,1,13,11,12,40,1,0,1,0,41,1,20,481,20481,31,2000,1GCGK29R2YF4,1,G,C,G,K,2,9,R,2,Y,F,4,0,0,0,000000000,00000000000,0,0,0,1,0,0,0,0,0,0,0,998,0,1,6,0,6,2,42,0,0,1,1,41,97701,6,1,0,0,3,0,63,150,0,0,0,0,1,5,2013,5,2013,4,0,0,0,0,1,2,55,1,2,2,4,0,0,1,13,7,3,4,2,1,0
41,410238,1,1,1,15,11,15,14,8,0,1,0,41,1,22,20,22020,4,2000,1G2WK52JXYF3,1,G,2,W,K,5,2,J,X,Y,F,3,0,0,0,000000000,00000000000,0,0,0,1,0,0,0,0,0,0,0,998,0,0,0,12,4,5,8,0,0,0,1,41,97504,0,0,0,0,0,0,63,130,0,0,0,0,0,0,0,0,0,0,38,0,0,0,1,2,30,1,1,2,98,2,3,11,80,1,1,1,13,0,0
41,410239,1,1,1,20,11,11,45,9,0,1,0,93,3,85,881,85881,66,2014,1XKYA48X1EJ3,1,X,K,Y,A,4,8,X,1,E,J,3,1,1,57,239039,57239039,3,6,1,1,0,0,0,0,0,0,0,998,0,0,0,3,9,5,9,0,0,0,1,41,97030,6,1,6,0,3,0,69,190,0,0,0,0,0,0,0,0,0,9,99,99,99,99,1,2,30,1,1,2,2,2,3,10,16,1,1,1,13,0,0
41,410240,1,4,1,21,11,6,55,12,2,1,0,41,1,49,472,49472,30,2002,5TEWN72N82Z0,5,T,E,W,N,7,2,N,8,2,Z,0,0,0,0,000000000,00000000000,0,0,0,1,0,0,0,0,0,0,0,998,0,0,0,12,6,2,12,0,0,0,1,41,97401,6,1,0,0,3,0,70,200,0,2,1,0,0,4,2013,5,2013,0,28,36,0,0,5,5,98,1,1,2,2,0,0,1,10,1,1,2,50,0,0
41,410240,2,4,1,21,11,6,55,12,2,1,0,41,1,35,403,35403,14,2014,JN8AF5MV1ET3,J,N,8,A,F,5,M,V,1,E,T,3,0,0,0,000000000,00000000000,0,0,0,1,0,0,0,0,0,0,0,998,0,0,0,12,6,2,12,0,0,0,1,41,97333,6,1,0,0,3,0,62,160,0,0,0,0,0,0,0,0,0,0,0,0,0,0,5,5,98,1,1,2,2,0,0,1,62,1,1,1,51,1,0
41,410240,3,4,1,21,11,6,55,12,2,1,0,41,1,12,471,12471,30,1994,1FTCR10X2RPC,1,F,T,C,R,1,0,X,2,R,P,C,0,0,0,000000000,00000000000,0,0,0,1,0,0,0,0,0,0,0,998,0,0,0,12,9,9,12,0,0,0,1,41,97456,6,1,0,0,3,0,71,280,0,0,0,0,0,0,0,0,0,0,0,0,0,0,5,5,98,1,1,2,2,0,0,1,54,1,1,1,98,0,0
41,410240,4,4,1,21,11,6,55,12,2,1,0,41,1,7,482,7482,31,2007,3D7KS28A47G8,3,D,7,K,S,2,8,A,4,7,G,8,0,0,0,000000000,00000000000,0,0,0,1,0,0,0,0,0,0,0,998,0,0,0,12,9,9,12,0,0,0,1,41,97448,6,1,0,0,3,0,69,200,0,0,0,0,0,0,0,0,0,0,0,0,0,0,5,5,98,1,1,2,2,0,0,1,54,1,1,1,98,0,0
41,410241,1,2,1,25,11,2,48,12,2,1,0,41,2,30,40,30040,4,2003,3VWRP69M33M0,3,V,W,R,P,6,9,M,3,3,M,0,0,0,0,000000000,00000000000,0,0,0,1,0,0,0,0,0,0,0,998,0,0,0,12,6,2,12,0,0,0,1,41,97301,6,1,0,0,3,0,67,130,0,1,0,0,2,11,2011,10,2014,0,36,51,91,0,3,3,65,1,1,2,2,0,0,1,54,1,1,1,52,0,1
41,410241,2,2,3,25,11,2,48,12,2,1,0,53,1,34,34,34034,4,2014,WBA3C3C59EPV,W,B,A,3,C,3,C,5,9,E,P,V,0,0,0,000000000,00000000000,0,0,0,1,0,0,0,0,0,0,0,998,0,0,0,12,6,2,12,0,0,0,1,53,98055,6,1,0,0,3,1,73,242,0,0,0,1,0,9,2012,9,2012,0,0,0,0,0,3,3,65,1,1,2,2,0,0,1,54,1,1,1,52,1,0
41,410242,1,1,1,26,11,17,52,8,0,1,0,41,3,92,982,92982,52,2012,15GGD2715C11,1,5,G,G,D,2,7,1,5,C,1,1,0,0,88,888888888,88888888888,3,21,22,1,0,0,0,0,6,3,0,998,0,0,0,14,0,5,8,0,0,0,1,41,97080,6,1,6,0,3,1,66,190,0,0,0,0,0,0,0,0,0,0,0,0,0,0,5,5,35,1,1,2,1,0,0,3,80,1,1,1,13,0,0
41,410243,1,1,1,2,1,19,4,8,0,1,0,41,1,7,482,7482,31,2012,3C6UD5HL4CG1,3,C,6,U,D,5,H,L,4,C,G,1,0,0,0,000000000,00000000000,0,0,0,1,0,0,0,0,0,0,0,998,0,0,0,12,4,5,8,0,0,0,1,41,97267,6,1,0,0,3,0,69,225,0,0,0,0,0,0,0,0,0,9,99,99,99,99,5,5,98,1,1,2,98,0,0,11,15,1,1,1,13,0,0
41,410244,1,1,2,20,7,5,0,42,0,1,0,53,1,20,37,20037,5,2004,1G1ND52F84M5,1,G,1,N,D,5,2,F,8,4,M,5,0,0,0,000000000,00000000000,0,0,0,1,0,0,0,0,0,0,0,998,0,1,5,7,6,2,42,0,0,0,1,53,98664,6,1,0,0,3,3,64,134,0,0,0,0,1,10,2011,10,2011,9,99,99,99,99,1,2,55,2,2,2,2,0,0,14,12,99,4,4,7,1,0
41,410245,1,2,1,21,8,6,57,12,2,1,0,41,1,54,31,54031,3,1995,JH4DC4467SS0,J,H,4,D,C,4,4,6,7,S,S,0,0,0,0,000000000,00000000000,0,0,0,1,0,0,0,0,0,0,0,998,0,0,0,12,6,2,12,0,0,0,1,41,97321,1,1,0,0,2,0,73,180,0,5,0,1,1,3,2012,7,2014,0,28,36,91,0,1,2,45,3,1,2,1,0,0,14,10,6,1,2,50,0,0
41,410245,2,2,1,21,8,6,57,12,2,1,0,41,1,12,13,12013,6,1993,1FAPP15J3PW1,1,F,A,P,P,1,5,J,3,P,W,1,0,0,0,000000000,00000000000,0,0,0,1,0,0,0,0,0,0,0,998,0,0,0,12,6,2,12,0,0,0,1,41,97401,3,1,0,0,2,0,66,155,0,0,0,0,0,0,0,0,0,0,0,0,0,0,1,2,45,2,1,2,1,0,0,14,62,1,1,1,51,1,0
41,410246,1,1,1,22,11,17,21,8,0,1,0,41,2,12,401,12401,14,1992,1FMDU32XXNUA,1,F,M,D,U,3,2,X,X,N,U,A,0,0,0,000000000,00000000000,0,0,0,1,0,0,0,0,0,0,0,998,0,0,0,12,8,8,8,0,0,0,1,41,97527,6,2,0,0,3,0,71,223,0,0,0,0,0,0,0,0,0,0,0,0,0,0,1,2,35,1,1,2,1,0,0,1,80,99,1,1,13,0,0