STATE,ST_CASE,VEH_NO,VE_FORMS,NUMOCCS,DAY,MONTH,HOUR,MINUTE,HARM_EV,MAN_COLL,UNITTYPE,HIT_RUN,REG_STAT,OWNER,MAKE,MODEL,MAK_MOD,BODY_TYP,MOD_YEAR,VIN,VIN_1,VIN_2,VIN_3,VIN_4,VIN_5,VIN_6,VIN_7,VIN_8,VIN_9,VIN_10,VIN_11,VIN_12,TOW_VEH,J_KNIFE,MCARR_I1,MCARR_I2,MCARR_ID,GVWR,V_CONFIG,CARGO_BT,HAZ_INV,HAZ_PLAC,HAZ_ID,HAZ_CNO,HAZ_REL,BUS_USE,SPEC_USE,EMER_USE,TRAV_SP,UNDERIDE,ROLLOVER,ROLINLOC,IMPACT1,DEFORMED,TOWED,M_HARM,VEH_SC1,VEH_SC2,FIRE_EXP,DR_PRES,L_STATE,DR_ZIP,L_STATUS,L_TYPE,CDL_STAT,L_ENDORS,L_COMPL,L_RESTRI,DR_HGT,DR_WGT,PREV_ACC,PREV_SUS,PREV_DWI,PREV_SPD,PREV_OTH,FIRST_MO,FIRST_YR,LAST_MO,LAST_YR,SPEEDREL,DR_SF1,DR_SF2,DR_SF3,DR_SF4,VTRAFWAY,VNUM_LAN,VSPD_LIM,VALIGN,VPROFILE,VPAVETYP,VSURCOND,VTRAFCON,VTCONT_F,P_CRASH1,P_CRASH2,P_CRASH3,PCRASH4,PCRASH5,ACC_TYPE,DEATHS,DR_DRINK
41,410247,1,2,1,28,11,16,40,12,2,1,0,53,2,37,32,37032,4,1994,JHMCD5636RC0,J,H,M,C,D,5,6,3,6,R,C,0,0,0,0,000000000,00000000000,0,0,0,1,0,0,0,0,0,0,0,998,0,0,0,12,6,2,12,0,0,0,1,41,97707,6,1,0,0,3,0,69,210,0,0,0,0,0,0,0,0,0,0,0,0,0,0,1,2,55,1,1,2,1,0,0,1,10,1,1,2,50,1,0
41,410247,2,2,3,28,11,16,40,12,2,1,0,41,2,20,431,20431,16,1996,3GNGK26R3TG1,3,G,N,G,K,2,6,R,3,T,G,1,0,0,0,000000000,00000000000,0,0,0,1,0,0,0,0,0,0,0,998,0,0,0,12,6,2,12,0,0,0,1,41,97754,6,1,0,0,3,0,68,220,0,0,0,0,0,0,0,0,0,9,99,99,99,99,1,2,55,1,1,2,1,0,0,1,62,1,1,1,51,1,0
41,410248,1,3,2,28,11,18,26,12,1,1,0,41,2,7,482,7482,31,1998,1B7MF33DXWJ1,1,B,7,M,F,3,3,D,X,W,J,1,0,0,0,000000000,00000000000,0,0,0,1,0,0,0,0,0,0,0,998,0,0,0,12,4,3,12,0,0,0,1,41,97374,6,1,0,0,3,0,66,140,0,0,0,0,0,0,0,0,0,9,99,99,99,99,1,2,55,1,1,2,2,0,0,1,50,1,1,1,20,0,0
41,410248,2,3,2,28,11,18,26,12,1,1,0,41,1,35,50,35050,4,2013,3N1CN7APXDL8,3,N,1,C,N,7,A,P,X,D,L,8,0,0,0,000000000,00000000000,0,0,0,1,0,0,0,0,0,0,0,0,0,0,0,6,6,2,12,0,0,0,1,41,97051,6,1,0,0,3,0,66,165,0,0,0,0,0,0,0,0,0,0,99,99,99,99,1,2,55,1,1,2,2,0,0,5,53,1,1,1,21,2,1
41,410248,3,3,4,28,11,18,26,12,1,1,0,41,1,37,441,37441,20,2003,5FNRL18943B0,5,F,N,R,L,1,8,9,4,3,B,0,0,0,0,000000000,00000000000,0,0,0,1,0,0,0,0,0,0,0,998,0,0,0,12,6,2,12,0,0,0,1,41,97335,6,1,0,0,3,0,73,202,0,0,0,1,0,1,2013,1,2013,0,0,0,0,0,1,2,55,1,1,2,2,0,0,1,62,1,1,1,98,0,0
41,410249,1,3,1,1,12,16,48,25,0,1,0,93,3,82,881,82881,66,2012,1FUJGLBG0CSB,1,F,U,J,G,L,B,G,0,C,S,B,1,1,57,0012407,570012407,3,6,1,1,0,0,0,0,0,0,0,998,0,1,1,11,6,2,1,0,0,0,1,53,98908,6,1,6,0,3,1,72,190,0,0,0,0,1,4,2012,4,2012,9,99,99,99,99,3,2,55,3,1,1,4,0,0,1,5,1,1,4,6,1,0
41,410249,2,3,1,1,12,16,48,25,0,1,0,16,3,12,481,12481,31,2012,3FRWF6FL1CV4,3,F,R,W,F,6,F,L,1,C,V,4,0,0,0,000000000,00000000000,0,0,0,1,0,0,0,0,0,0,0,998,0,0,0,12,6,2,12,0,0,0,1,16,83706,6,1,6,0,3,1,73,200,0,0,0,0,0,0,0,0,0,0,0,0,0,0,3,2,55,3,1,1,4,0,0,14,50,1,1,1,98,0,0
41,410249,3,3,3,1,12,16,48,25,0,1,0,41,2,14,401,14401,14,2002,4M2ZU86E62ZJ,4,M,2,Z,U,8,6,E,6,2,Z,J,0,0,0,000000000,00000000000,0,0,0,1,0,0,0,0,0,0,0,998,0,0,0,12,6,2,12,0,0,0,1,41,97833,6,1,0,0,3,0,69,225,0,0,0,0,0,0,0,0,0,0,0,0,0,0,3,2,55,3,1,1,4,0,0,14,50,1,1,1,98,0,0
41,410250,1,1,2,1,12,17,49,8,0,1,0,53,1,35,443,35443,20,1995,4N2DN11W6SD8,4,N,2,D,N,1,1,W,6,S,D,8,0,0,0,000000000,00000000000,0,0,0,1,0,0,0,0,0,0,0,998,0,0,0,12,2,5,8,0,0,0,1,53,98604,6,1,0,0,3,0,67,130,0,0,0,0,0,0,0,0,0,0,0,0,0,0,3,3,55,1,1,2,1,0,0,1,80,1,1,1,13,0,0
41,410251,1,1,1,2,12,10,20,24,0,1,0,41,1,12,481,12481,31,1999,1FTSX31F1XEB,1,F,T,S,X,3,1,F,1,X,E,B,0,0,0,000000000,00000000000,0,0,0,1,0,0,0,0,0,0,0,998,0,1,6,98,6,2,1,0,0,0,1,41,97420,6,1,0,0,3,1,70,235,0,0,0,0,0,0,0,0,0,4,0,0,0,0,1,2,55,2,1,2,1,0,0,14,13,1,1,4,1,1,0
41,410252,1,1,5,2,12,6,45,1,0,1,0,41,3,12,481,12481,31,2005,1FTWW31Y75EB,1,F,T,W,W,3,1,Y,7,5,E,B,0,0,0,000000000,00000000000,0,0,0,1,0,0,0,0,0,0,0,998,0,1,5,0,6,2,1,0,0,0,1,41,97403,6,1,0,0,3,0,65,195,0,0,0,0,0,0,0,0,0,4,0,0,0,0,1,2,98,4,2,4,11,0,0,14,19,99,9,4,99,3,0
41,410253,1,1,2,6,12,0,56,31,0,1,0,41,1,72,706,72706,80,2004,1HD1CGP104K4,1,H,D,1,C,G,P,1,0,4,K,4,0,0,0,000000000,00000000000,0,0,0,1,0,0,0,0,0,0,0,998,0,0,0,1,4,3,1,0,0,0,1,41,97080,6,1,0,0,3,0,65,200,1,0,0,1,0,8,2013,9,2014,4,0,0,0,0,6,1,55,2,2,2,2,40,3,14,13,7,1,4,1,1,0
41,410254,1,1,1,10,12,17,42,8,0,1,0,41,1,49,422,49422,15,2002,5TDBT48A12S1,5,T,D,B,T,4,8,A,1,2,S,1,0,0,0,000000000,00000000000,0,0,0,1,0,0,0,0,0,0,0,998,0,0,0,12,2,5,8,0,0,0,1,41,97385,6,1,0,0,3,1,67,125,0,0,0,0,0,0,0,0,0,0,0,0,0,0,5,4,45,1,2,2,2,0,0,1,80,1,1,1,13,0,0
41,410255,1,1,1,11,12,99,99,42,0,1,0,41,2,35,39,35039,4,2000,JN1CA31A3YT2,J,N,1,C,A,3,1,A,3,Y,T,2,0,0,0,000000000,00000000000,0,0,0,1,0,0,0,0,0,0,0,998,0,1,5,12,6,2,1,0,0,0,1,41,97730,6,1,0,0,3,0,70,185,0,0,0,2,1,2,2013,8,2014,4,0,0,0,0,1,2,55,2,1,2,2,0,0,14,12,1,1,4,6,1,1
41,410256,1,2,1,10,12,17,15,12,2,1,0,41,1,34,34,34034,3,1996,WBACG7324TAS,W,B,A,C,G,7,3,2,4,T,A,S,0,0,0,000000000,00000000000,0,0,0,1,0,0,0,0,0,0,0,998,0,0,0,12,4,3,12,0,0,0,1,41,97496,6,1,0,0,3,0,65,140,0,0,0,0,0,0,0,0,0,0,28,0,0,0,1,4,55,1,2,2,2,0,0,1,10,99,1,2,50,1,0
41,410256,2,2,2,10,12,17,15,12,2,1,0,41,1,20,443,20443,20,2004,1GNDX03E14D1,1,G,N,D,X,0,3,E,1,4,D,1,0,0,0,000000000,00000000000,0,0,0,1,0,0,0,0,0,0,0,998,0,0,0,12,4,3,12,0,0,0,1,41,97420,6,1,0,0,3,1,68,200,0,0,0,0,0,0,0,0,0,0,0,0,0,0,1,4,55,1,2,2,2,0,0,1,62,99,1,1,51,0,0
41,410257,1,1,2,11,12,17,26,18,0,1,0,41,1,53,40,53040,5,2012,JS2YB5A38C63,J,S,2,Y,B,5,A,3,8,C,6,3,0,0,0,000000000,00000000000,0,0,0,1,0,0,0,0,0,0,0,998,0,0,0,13,6,2,18,0,0,0,1,41,97219,6,1,0,0,3,0,65,145,0,0,0,0,0,0,0,0,0,0,0,0,0,0,1,2,45,1,1,2,1,0,0,1,98,1,1,1,15,1,0
41,410258,1,1,2,26,7,22,44,30,0,1,0,41,1,52,39,52039,3,1994,JA3AM54J4RY0,J,A,3,A,M,5,4,J,4,R,Y,0,0,0,0,000000000,00000000000,0,0,0,1,0,0,0,0,0,0,0,998,0,0,0,12,6,2,30,0,0,0,1,41,97080,6,1,0,0,3,0,71,145,0,1,0,2,1,11,2013,4,2014,4,0,0,0,0,1,2,45,2,2,2,1,0,0,14,12,1,1,4,6,1,1
41,410259,1,3,1,20,11,20,23,12,6,1,0,41,1,12,401,12401,14,1994,1FMDU34X7RUE,1,F,M,D,U,3,4,X,7,R,U,E,0,0,0,000000000,00000000000,0,0,0,1,0,0,0,0,0,0,0,998,0,0,0,12,6,2,12,0,0,0,1,41,97132,6,1,0,0,3,0,70,220,0,0,0,0,0,0,0,0,0,0,28,36,91,0,1,2,55,1,2,2,2,0,0,1,10,1,1,2,64,0,1
41,410259,2,3,1,20,11,20,23,12,6,1,0,41,2,20,482,20482,31,2005,3GNEK12Z95G2,3,G,N,E,K,1,2,Z,9,5,G,2,0,0,0,000000000,00000000000,0,0,0,1,0,0,0,0,0,0,0,998,0,0,0,8,2,5,12,0,0,0,1,41,97128,1,1,0,0,2,0,62,160,0,2,0,0,0,2,2012,11,2013,0,0,0,0,0,1,2,55,1,2,2,2,0,0,1,62,7,1,1,65,0,0
41,410259,3,3,1,20,11,20,23,12,6,1,0,41,1,35,51,35051,6,2013,JN8AS5MV9DW6,J,N,8,A,S,5,M,V,9,D,W,6,0,0,0,000000000,00000000000,0,0,0,1,0,0,0,0,0,0,0,998,0,0,0,12,6,2,12,0,0,0,1,41,97230,6,1,0,0,3,0,63,113,0,0,0,0,0,0,0,0,0,0,0,0,0,0,1,2,55,1,2,2,2,0,0,1,62,99,1,1,98,1,0
41,410260,1,1,3,18,11,6,9,35,0,1,0,41,1,12,481,12481,31,2000,1FTNX21F2YEE,1,F,T,N,X,2,1,F,2,Y,E,E,0,0,0,000000000,00000000000,0,0,0,1,0,0,0,0,0,0,0,998,0,1,5,12,6,2,1,0,0,0,1,41,97116,6,1,0,0,3,0,74,230,0,0,0,0,0,0,0,0,0,4,0,0,0,0,1,2,55,2,2,2,1,0,0,14,12,1,3,4,7,1,0
41,410261,1,4,3,5,12,16,15,12,2,1,0,41,2,7,442,7442,20,2005,1D4GP24R25B3,1,D,4,G,P,2,4,R,2,5,B,3,0,0,0,000000000,00000000000,0,0,0,1,0,0,0,0,0,0,0,998,0,0,0,12,6,2,12,0,0,0,1,53,99343,6,1,0,0,3,0,68,150,0,0,0,0,0,0,0,0,0,4,28,87,0,0,1,3,55,1,6,2,4,0,0,1,10,1,1,2,50,1,0
41,410261,2,4,3,5,12,16,15,12,2,1,0,41,1,51,46,51046,4,2007,YV1MH6826722,Y,V,1,M,H,6,8,2,6,7,2,2,0,0,0,000000000,00000000000,0,0,0,1,0,0,0,0,0,0,0,998,0,0,0,12,4,3,12,0,0,0,1,41,97709,6,1,0,0,3,0,67,125,0,0,0,0,0,0,0,0,0,0,0,0,0,0,1,3,55,1,5,2,4,0,0,1,62,1,1,1,51,0,0
41,410261,3,4,1,5,12,16,15,12,2,1,0,41,1,49,422,49422,15,2002,5TDBT48A92S0,5,T,D,B,T,4,8,A,9,2,S,0,0,0,0,000000000,00000000000,0,0,0,1,0,0,0,0,0,0,0,998,0,0,0,9,4,3,12,0,0,0,1,41,97132,6,1,0,0,3,0,67,138,0,0,0,0,0,0,0,0,0,0,0,0,0,0,1,3,55,1,5,2,4,0,0,1,62,1,1,1,98,0,0
41,410261,4,4,2,5,12,16,15,12,2,1,0,41,1,24,7,24007,4,2005,1G8AF52F05Z1,1,G,8,A,F,5,2,F,0,5,Z,1,0,0,0,000000000,00000000000,0,0,0,1,0,0,0,0,0,0,0,998,0,0,0,12,4,3,12,0,0,0,1,41,97006,6,1,0,0,3,0,74,248,0,0,0,2,0,5,2013,7,2013,0,0,0,0,0,1,3,55,1,6,2,4,0,0,2,54,99,1,1,98,0,0
41,410262,1,2,1,12,12,20,34,12,6,1,0,41,1,52,471,52471,30,1988,JA7FL24D2JP0,J,A,7,F,L,2,4,D,2,J,P,0,0,0,0,000000000,00000000000,0,0,0,1,0,0,0,0,0,0,0,998,0,0,0,1,6,2,12,0,0,0,1,41,97408,6,1,6,0,3,0,74,260,0,0,0,0,0,0,0,0,0,0,0,0,0,0,1,2,55,3,1,2,2,0,0,14,66,1,1,1,87,0,0
41,410262,2,2,1,12,12,20,34,12,6,1,0,41,1,63,401,63401,14,2002,KNDJA7233251,K,N,D,J,A,7,2,3,3,2,5,1,0,0,0,000000000,00000000000,0,0,0,1,0,0,0,0,0,0,0,998,0,0,0,12,4,3,12,0,0,0,1,41,97401,6,1,0,0,3,1,68,205,0,0,0,0,0,0,0,0,0,0,39,0,0,0,1,2,55,1,1,2,2,20,3,1,17,1,1,1,86,1,0
41,410263,1,1,1,13,12,19,52,42,0,1,0,41,1,20,16,20016,2,1993,1G1JF14T8P72,1,G,1,J,F,1,4,T,8,P,7,2,0,0,0,000000000,00000000000,0,0,0,1,0,0,0,0,0,0,0,998,0,0,0,12,6,2,42,0,0,0,1,41,97402,6,1,0,0,3,1,72,175,0,0,0,0,0,0,0,0,0,9,99,99,99,99,1,2,45,1,2,2,1,0,0,1,19,99,1,4,99,1,1
41,410264,1,2,4,13,10,17,20,12,1,1,0,41,1,19,3,19003,4,1999,1G6KF5495XU8,1,G,6,K,F,5,4,9,5,X,U,8,0,0,0,000000000,00000000000,0,0,0,1,0,0,0,0,0,0,0,998,0,0,0,12,4,3,12,0,0,0,1,41,97301,6,1,0,0,3,0,68,290,0,1,0,1,0,7,2012,4,2013,0,99,99,99,99,1,2,55,1,1,2,2,0,0,1,51,4,1,1,24,0,0
41,410264,2,2,1,13,10,17,20,12,1,1,0,0,0,12,998,12998,92,9999,000000000000,0,0,0,0,0,0,0,0,0,0,0,0,1,1,0,000000000,00000000000,0,0,0,1,0,0,0,0,0,0,0,998,0,0,0,6,9,5,12,0,0,0,1,41,97071,6,1,0,0,3,1,75,220,0,0,0,0,0,0,0,0,0,0,0,0,0,0,1,2,55,1,1,2,2,0,0,1,53,1,1,1,25,1,0
41,410265,1,1,2,14,12,99,99,42,0,1,0,41,1,37,32,37032,2,1991,1HGCB7166MA0,1,H,G,C,B,7,1,6,6,M,A,0,0,0,0,000000000,00000000000,0,0,0,1,0,0,0,0,0,0,0,998,0,1,5,9,6,2,42,0,0,0,1,41,97420,6,1,0,0,3,0,68,125,0,0,0,0,0,0,0,0,0,4,58,0,0,0,1,2,55,2,2,2,2,0,0,14,11,7,3,4,2,2,1
41,410266,1,1,1,14,12,1,53,43,0,1,0,41,2,35,472,35472,30,2000,1N6ED27Y9YC4,1,N,6,E,D,2,7,Y,9,Y,C,4,0,0,0,000000000,00000000000,0,0,0,1,0,0,0,0,0,0,0,998,0,0,0,9,9,3,43,0,0,0,1,41,97536,6,1,0,0,3,0,68,190,0,0,0,0,0,0,0,0,0,4,0,0,0,0,1,2,45,2,1,2,2,0,0,14,12,1,1,4,6,1,1
41,410267,1,3,1,15,12,5,23,12,2,1,0,41,1,35,43,35043,4,2004,3N1CB51DX4L8,3,N,1,C,B,5,1,D,X,4,L,8,0,0,0,000000000,00000000000,0,0,0,1,0,0,0,0,0,0,0,998,0,0,0,12,6,2,12,0,0,0,1,41,97035,6,1,0,0,3,1,74,180,0,0,0,0,0,0,0,0,0,4,28,0,0,0,1,2,55,1,1,2,4,0,0,1,10,1,1,2,50,1,0
41,410267,2,3,1,15,12,5,23,12,2,1,0,41,1,2,404,2404,14,2002,1J8GW58N22C2,1,J,8,G,W,5,8,N,2,2,C,2,0,0,0,000000000,00000000000,0,0,0,1,0,0,0,0,0,0,0,998,0,0,0,12,6,2,12,0,0,0,1,41,97701,6,1,0,0,3,0,69,170,0,0,0,0,0,0,0,0,0,0,0,0,0,0,1,2,55,1,1,2,4,0,0,1,62,1,1,1,51,0,0
41,410267,3,3,1,15,12,5,23,12,2,1,0,41,1,12,23,12023,4,2012,3FAHP0HA0CR4,3,F,A,H,P,0,H,A,0,C,R,4,0,0,0,000000000,00000000000,0,0,0,1,0,0,0,0,0,0,0,998,0,0,0,7,2,5,12,0,0,0,1,41,97739,6,1,0,0,3,0,72,170,0,0,0,0,0,0,0,0,0,0,0,0,0,0,1,2,55,1,1,2,4,0,0,1,51,1,1,1,98,0,0
41,410268,1,2,1,16,12,15,43,12,6,1,0,41,1,49,40,49040,4,2000,4T1BG22K3YU6,4,T,1,B,G,2,2,K,3,Y,U,6,0,0,0,000000000,00000000000,0,0,0,1,0,0,0,0,0,0,0,998,0,0,0,9,4,3,12,0,0,0,1,41,97603,6,1,0,0,3,1,70,125,0,0,0,0,0,0,0,0,0,0,38,0,0,0,1,2,55,1,1,2,1,20,3,1,17,1,1,1,89,1,0
41,410268,2,2,2,16,12,15,43,12,6,1,0,41,1,12,481,12481,31,2011,1FT8W3BT0BEA,1,F,T,8,W,3,B,T,0,B,E,A,0,0,0,000000000,00000000000,0,0,0,1,0,0,0,0,0,0,0,998,0,0,0,12,4,3,12,0,0,0,1,41,97603,6,1,6,0,3,1,66,150,0,0,0,0,0,0,0,0,0,0,0,0,0,0,5,3,55,1,1,2,1,0,0,1,66,1,1,1,88,0,0
41,410269,1,1,1,20,12,9,37,19,0,1,0,41,1,55,35,55035,4,2002,KMHDN45D82U2,K,M,H,D,N,4,5,D,8,2,U,2,0,0,0,000000000,00000000000,0,0,0,1,0,0,0,0,0,0,0,998,0,0,0,9,9,3,19,0,0,0,1,41,97836,6,1,0,0,3,0,71,180,0,0,0,0,1,4,2012,4,2012,4,0,0,0,0,1,2,55,1,1,2,2,0,0,1,19,98,1,4,99,1,1
41,410270,1,1,1,21,12,16,50,1,0,1,0,53,1,12,37,12037,4,2004,1FAFP38Z24W1,1,F,A,F,P,3,8,Z,2,4,W,1,0,0,0,000000000,00000000000,0,0,0,1,0,0,0,0,0,0,0,998,0,1,1,0,6,2,1,0,0,0,1,53,98383,6,1,0,0,3,1,72,235,0,0,0,0,1,9,2013,9,2013,4,0,0,0,0,2,2,65,3,2,2,2,0,0,14,98,1,1,1,98,1,0
41,410271,1,2,2,23,12,16,19,12,1,1,0,41,1,23,481,23481,31,1976,TCS346Z51732,T,C,S,3,4,6,Z,5,1,7,3,2,0,0,0,000000000,00000000000,0,0,0,1,0,0,0,0,0,0,0,998,0,0,0,12,4,3,8,0,0,0,1,41,97601,6,1,0,0,3,0,69,145,0,0,0,0,0,0,0,0,0,0,0,0,0,0,1,2,55,1,1,2,1,0,0,1,50,1,1,1,32,0,0
41,410271,2,2,0,23,12,16,19,12,1,1,0,41,6,12,471,12471,30,2000,1FTYR10C3YTB,1,F,T,Y,R,1,0,C,3,Y,T,B,0,0,0,000000000,00000000000,0,0,0,1,0,0,0,0,0,0,0,0,0,0,0,6,4,3,12,0,0,0,0,0,99997,7,6,97,7,6,7,998,997,998,998,998,998,998,98,9998,98,9998,8,20,0,0,0,1,2,55,1,1,2,1,0,0,0,53,0,0,0,32,0,0
41,410272,1,2,1,15,4,4,45,12,2,1,0,41,1,12,401,12401,14,1996,1FMDU35P3TUD,1,F,M,D,U,3,5,P,3,T,U,D,0,0,0,000000000,00000000000,0,0,0,1,0,0,0,0,0,0,0,998,0,0,0,12,4,3,12,0,0,0,1,41,97530,0,0,0,0,0,0,999,999,0,0,0,0,0,0,0,0,0,0,28,36,0,0,1,2,55,2,1,2,1,0,0,14,10,99,1,2,50,0,0
41,410272,2,2,1,15,4,4,45,12,2,1,0,41,1,30,47,30047,3,2000,3VWCF21C0YM4,3,V,W,C,F,2,1,C,0,Y,M,4,0,0,0,000000000,00000000000,0,0,0,1,0,0,0,0,0,0,0,998,0,0,0,12,4,3,12,0,0,0,1,41,97530,6,1,0,0,3,0,72,175,0,0,0,0,0,0,0,0,0,0,0,0,0,0,1,2,55,3,1,2,1,0,0,14,62,99,1,1,51,1,0
41,410273,1,1,1,11,9,6,0,24,0,1,0,53,1,49,32,49032,4,2010,2T1BU4EEXAC4,2,T,1,B,U,4,E,E,X,A,C,4,0,0,0,000000000,00000000000,0,0,0,1,0,0,0,0,0,0,0,998,0,0,0,12,6,2,24,0,0,0,1,53,98683,6,1,0,0,3,1,70,175,0,0,0,0,0,0,0,0,0,0,0,0,0,0,3,2,65,1,2,2,1,0,0,1,12,1,1,4,6,1,0
41,410274,1,1,6,26,9,19,16,17,0,1,0,41,1,20,431,20431,16,1997,3GNFK16R9VG1,3,G,N,F,K,1,6,R,9,V,G,1,0,0,0,000000000,00000000000,0,0,0,1,0,0,0,0,0,0,0,998,0,1,5,3,6,2,1,0,0,0,1,41,97756,6,1,0,0,3,0,67,190,0,0,0,0,0,0,0,0,0,3,36,91,0,0,5,5,55,1,1,2,1,0,0,1,6,99,9,4,99,1,1
41,410275,1,1,1,14,3,23,48,42,0,1,0,41,1,23,421,23421,15,1994,1GKDT13W1R05,1,G,K,D,T,1,3,W,1,R,0,5,0,0,0,000000000,00000000000,0,0,0,1,0,0,0,0,0,0,0,998,0,0,0,12,4,3,42,0,0,0,1,41,97045,6,1,0,0,3,0,63,150,0,0,0,0,0,0,0,0,0,9,99,99,99,99,1,2,45,1,1,2,1,0,0,1,19,99,1,4,99,1,1
41,410276,1,1,1,12,5,18,55,1,0,1,0,41,1,63,402,63402,14,2011,5XYKW4A26BG1,5,X,Y,K,W,4,A,2,6,B,G,1,0,0,0,000000000,00000000000,0,0,0,1,0,0,0,0,0,0,0,998,0,1,5,0,9,5,3,0,0,0,1,41,97488,6,1,0,0,3,3,64,154,0,0,0,0,0,0,0,0,0,9,99,99,99,99,1,2,98,1,1,2,98,0,0,1,13,99,9,4,1,1,0
41,410277,1,1,1,12,8,99,99,1,0,1,0,41,1,99,999,99999,99,9999,999999999999,9,9,9,9,9,9,9,9,9,9,9,9,0,0,0,000000000,00000000000,0,0,0,1,0,0,0,0,0,0,0,998,0,1,5,0,9,9,1,0,0,0,1,41,97479,6,1,6,0,3,0,70,218,0,0,0,0,0,0,0,0,0,9,99,99,99,99,1,2,98,1,1,2,98,0,0,1,19,99,9,4,99,1,1
41,410278,1,1,1,14,8,5,27,11,0,1,0,41,1,37,706,37706,80,2000,1HFSC3906YA2,1,H,F,S,C,3,9,0,6,Y,A,2,0,0,0,000000000,00000000000,0,0,0,1,0,0,0,0,0,0,0,998,0,0,0,12,9,3,11,0,0,0,1,41,97024,6,1,6,0,3,0,72,230,0,0,0,0,0,0,0,0,0,4,0,0,0,0,1,2,35,2,1,2,1,0,0,14,87,3,1,1,13,1,0
41,410279,1,1,1,30,8,16,8,1,0,1,0,41,2,49,499,49499,31,1978,RN23094102,R,N,2,3,0,9,4,1,0,2,,,0,0,0,000000000,00000000000,0,0,0,1,0,0,0,0,0,0,0,998,0,1,5,0,6,2,1,0,0,0,1,41,97401,1,1,0,0,2,0,68,165,0,1,0,1,0,3,2013,5,2013,4,0,0,0,0,3,2,65,2,6,2,1,0,0,14,13,7,3,4,2,1,1
41,410280,1,1,1,12,9,8,49,8,0,1,0,41,1,69,54,69054,6,2012,WMWZC5C5XCWL,W,M,W,Z,C,5,C,5,X,C,W,L,0,0,0,000000000,00000000000,0,0,0,1,0,0,0,0,0,0,0,998,0,0,0,12,9,9,8,0,0,0,1,41,97220,6,1,0,0,3,1,64,165,0,0,0,0,0,0,0,0,0,0,0,0,0,0,5,5,35,1,1,2,1,2,3,1,80,1,1,1,13,0,0
41,410281,1,1,2,20,9,14,2,1,0,1,0,92,0,98,701,98701,81,9999,999999999999,9,9,9,9,9,9,9,9,9,9,9,9,0,0,0,000000000,00000000000,0,0,0,1,0,0,0,0,0,0,0,998,0,0,0,0,6,2,1,0,0,0,1,41,97068,0,0,0,0,0,0,999,999,0,0,0,0,0,0,0,0,0,9,99,99,99,99,1,2,55,1,1,2,1,0,0,1,12,99,1,4,6,1,1
41,410282,1,1,1,18,9,99,99,35,0,1,0,41,2,37,32,37032,2,2000,1HGCG3253YA0,1,H,G,C,G,3,2,5,3,Y,A,0,0,0,0,000000000,00000000000,0,0,0,1,0,0,0,0,0,0,0,998,0,0,0,12,6,2,3,0,0,0,1,41,97501,0,0,0,0,0,0,65,150,0,0,0,2,0,8,2013,8,2014,4,0,0,0,0,1,2,55,2,1,2,99,0,0,14,12,99,4,4,7,1,1
41,410283,1,1,1,23,9,20,0,1,0,1,0,41,1,72,706,72706,80,1995,1HD1CAP17SY2,1,H,D,1,C,A,P,1,7,S,Y,2,0,0,0,000000000,00000000000,0,0,0,1,0,0,0,0,0,0,0,998,0,0,0,0,6,2,1,0,0,0,1,41,97470,6,1,0,0,3,0,73,175,0,0,0,0,0,0,0,0,0,4,99,99,99,99,1,2,55,2,2,2,1,0,0,14,12,1,1,4,6,1,0
41,410284,1,1,1,28,9,19,32,30,0,1,0,53,2,24,1,24001,4,1999,1G8ZK5270XZ1,1,G,8,Z,K,5,2,7,0,X,Z,1,0,0,0,000000000,00000000000,0,0,0,1,0,0,0,0,0,0,0,998,0,0,0,13,6,2,30,0,0,0,1,41,97223,1,1,0,0,2,3,69,130,0,0,0,0,0,0,0,0,0,9,99,99,99,99,1,2,98,3,1,2,1,0,0,14,13,3,1,4,1,1,1
41,410285,1,1,1,19,9,15,2,34,0,1,0,41,1,18,2,18002,4,2001,1G4HP54KX1U2,1,G,4,H,P,5,4,K,X,1,U,2,0,0,0,000000000,00000000000,0,0,0,1,0,0,0,0,0,0,0,998,0,1,5,14,6,2,1,0,0,0,1,41,97377,6,1,6,0,3,3,70,210,0,0,0,1,0,7,2012,7,2012,9,99,99,99,99,1,2,55,3,1,2,1,0,0,14,13,1,4,4,2,1,0
41,410286,1,1,1,2,10,18,22,1,0,1,0,99,9,99,999,99999,99,9999,999999999999,9,9,9,9,9,9,9,9,9,9,9,9,0,0,0,000000000,00000000000,0,0,0,1,0,0,0,0,0,0,0,998,0,1,1,0,9,9,1,0,0,0,1,41,97761,0,0,0,0,0,0,999,999,0,0,0,0,0,0,0,0,0,9,99,99,99,99,1,2,98,1,1,2,98,0,0,1,98,99,1,1,98,1,0
41,410287,1,2,1,9,10,23,44,12,6,1,0,0,0,98,998,98998,92,9999,000000000000,0,0,0,0,0,0,0,0,0,0,0,0,1,1,0,000000000,00000000000,0,0,0,1,0,0,0,0,0,0,0,998,0,0,0,9,9,5,12,0,0,0,1,41,97386,6,1,0,0,3,0,68,150,0,0,0,0,0,0,0,0,0,0,0,0,0,0,1,2,55,1,2,2,1,0,0,1,53,1,1,1,66,0,0