STATE,ST_CASE,VEH_NO,VE_FORMS,NUMOCCS,DAY,MONTH,HOUR,MINUTE,HARM_EV,MAN_COLL,UNITTYPE,HIT_RUN,REG_STAT,OWNER,MAKE,MODEL,MAK_MOD,BODY_TYP,MOD_YEAR,VIN,VIN_1,VIN_2,VIN_3,VIN_4,VIN_5,VIN_6,VIN_7,VIN_8,VIN_9,VIN_10,VIN_11,VIN_12,TOW_VEH,J_KNIFE,MCARR_I1,MCARR_I2,MCARR_ID,GVWR,V_CONFIG,CARGO_BT,HAZ_INV,HAZ_PLAC,HAZ_ID,HAZ_CNO,HAZ_REL,BUS_USE,SPEC_USE,EMER_USE,TRAV_SP,UNDERIDE,ROLLOVER,ROLINLOC,IMPACT1,DEFORMED,TOWED,M_HARM,VEH_SC1,VEH_SC2,FIRE_EXP,DR_PRES,L_STATE,DR_ZIP,L_STATUS,L_TYPE,CDL_STAT,L_ENDORS,L_COMPL,L_RESTRI,DR_HGT,DR_WGT,PREV_ACC,PREV_SUS,PREV_DWI,PREV_SPD,PREV_OTH,FIRST_MO,FIRST_YR,LAST_MO,LAST_YR,SPEEDREL,DR_SF1,DR_SF2,DR_SF3,DR_SF4,VTRAFWAY,VNUM_LAN,VSPD_LIM,VALIGN,VPROFILE,VPAVETYP,VSURCOND,VTRAFCON,VTCONT_F,P_CRASH1,P_CRASH2,P_CRASH3,PCRASH4,PCRASH5,ACC_TYPE,DEATHS,DR_DRINK
41,410287,2,2,2,9,10,23,44,12,6,1,0,41,1,22,2,22002,4,1999,1G2HX52K2XH2,1,G,2,H,X,5,2,K,2,X,H,2,0,0,0,000000000,00000000000,0,0,0,1,0,0,0,0,0,0,0,998,0,0,0,12,6,2,12,0,0,0,1,41,97386,6,1,0,0,3,0,70,170,0,0,0,1,0,10,2011,10,2011,0,0,0,0,0,1,2,55,1,2,2,1,0,0,1,51,6,1,1,66,1,0
41,410288,1,1,1,8,10,21,18,8,0,1,0,41,1,37,31,37031,4,2005,JHLRD78955C0,J,H,L,R,D,7,8,9,5,5,C,0,0,0,0,000000000,00000000000,0,0,0,1,0,0,0,0,0,0,0,998,0,0,0,12,2,5,8,0,0,0,1,41,97217,6,1,0,0,3,0,70,210,0,0,0,0,0,0,0,0,0,0,0,0,0,0,1,4,30,1,1,1,1,2,3,1,80,1,1,1,13,0,0
41,410289,1,2,1,16,10,16,27,12,6,1,0,41,1,37,705,37705,80,2008,JH2PC40498M1,J,H,2,P,C,4,0,4,9,8,M,1,0,0,0,000000000,00000000000,0,0,0,1,0,0,0,0,0,0,0,998,0,0,0,12,6,2,12,0,0,0,1,41,97527,6,1,0,0,3,1,71,176,0,3,0,2,0,1,2012,9,2013,0,35,0,0,0,1,2,45,1,1,2,1,0,0,6,50,1,1,1,48,1,0
41,410289,2,2,1,16,10,16,27,12,6,1,0,41,1,35,402,35402,14,2000,5N1ED28Y5YC5,5,N,1,E,D,2,8,Y,5,Y,C,5,0,0,0,000000000,00000000000,0,0,0,1,0,0,0,0,0,0,0,0,0,0,0,7,9,3,12,0,0,0,1,41,97345,6,1,0,0,3,0,70,170,0,0,0,1,0,10,2011,10,2011,0,0,0,0,0,1,2,45,1,1,2,1,0,0,5,53,1,1,1,48,0,0
41,410290,1,1,1,17,10,13,21,38,0,1,0,41,1,34,402,34402,14,2004,WBXPA73494WC,W,B,X,P,A,7,3,4,9,4,W,C,0,0,0,000000000,00000000000,0,0,0,1,0,0,0,0,0,0,0,998,0,0,0,12,6,2,42,0,0,0,1,41,97223,6,1,0,0,3,3,63,145,0,0,0,0,1,6,2013,6,2013,9,99,99,99,99,3,2,65,1,1,2,1,0,0,1,13,1,1,4,1,1,0
41,410291,1,3,2,20,10,15,8,12,2,1,0,41,1,49,32,49032,4,2001,1NXBR12E41Z5,1,N,X,B,R,1,2,E,4,1,Z,5,0,0,0,000000000,00000000000,0,0,0,1,0,0,0,0,0,0,0,998,0,0,0,12,6,2,12,0,0,0,1,41,97479,6,1,6,0,3,3,69,240,0,0,0,0,0,0,0,0,0,0,28,0,0,0,1,2,55,1,1,2,1,0,0,1,10,1,1,2,50,2,0
41,410291,2,3,1,20,10,15,8,12,2,1,0,41,3,85,881,85881,63,2001,1NKDXB0X71R8,1,N,K,D,X,B,0,X,7,1,R,8,1,1,57,0742065,570742065,3,4,10,1,0,0,0,0,0,0,0,998,0,1,5,12,9,2,12,0,0,0,1,41,97416,6,1,6,0,3,0,71,200,0,0,0,0,0,0,0,0,0,0,0,0,0,0,1,2,55,1,1,2,1,0,0,1,62,1,1,1,51,0,0
41,410291,3,3,2,20,10,15,8,12,2,1,0,41,1,14,6,14006,4,2005,2MEFM74W35X6,2,M,E,F,M,7,4,W,3,5,X,6,0,0,0,000000000,00000000000,0,0,0,1,0,0,0,0,0,0,0,998,0,0,0,14,2,5,54,0,0,0,1,41,97479,6,1,0,0,3,0,74,225,0,0,0,0,0,0,0,0,0,0,0,0,0,0,1,2,55,1,1,2,1,0,0,1,98,1,1,1,98,0,0
41,410292,1,1,1,22,10,18,46,8,0,1,0,41,1,37,32,37032,4,2010,1HGCP3F87AA0,1,H,G,C,P,3,F,8,7,A,A,0,0,0,0,000000000,00000000000,0,0,0,1,0,0,0,0,0,0,0,998,0,0,0,12,2,5,8,0,0,0,1,41,97305,6,1,0,0,3,1,75,350,0,0,0,0,0,0,0,0,0,0,0,0,0,0,1,2,35,1,1,2,2,0,0,1,80,1,1,1,13,0,0
41,410293,1,2,1,8,11,15,57,12,1,1,0,41,1,49,422,49422,15,2002,5TDBT48AX2S1,5,T,D,B,T,4,8,A,X,2,S,1,0,0,0,000000000,00000000000,0,0,0,1,0,0,0,0,0,0,0,998,0,0,0,12,4,3,12,0,0,0,1,41,97477,6,1,0,0,3,1,64,125,1,0,0,0,0,12,2011,12,2011,0,26,0,0,0,4,2,35,1,1,2,1,0,0,1,50,1,1,1,20,0,0
41,410293,2,2,3,8,11,15,57,12,1,1,0,41,1,35,39,35039,4,2007,1N4BA41E77C8,1,N,4,B,A,4,1,E,7,7,C,8,0,0,0,000000000,00000000000,0,0,0,1,0,0,0,0,0,0,0,0,0,0,0,6,4,3,8,0,0,0,1,41,97477,6,1,0,0,3,0,66,135,1,0,0,0,0,9,2013,9,2013,0,0,0,0,0,4,2,35,1,1,2,1,0,0,5,53,1,1,1,21,0,0
41,410294,1,1,1,18,12,22,9,8,0,1,0,41,2,37,402,37402,14,2007,JHLRE48367C1,J,H,L,R,E,4,8,3,6,7,C,1,0,0,0,000000000,00000000000,0,0,0,1,0,0,0,0,0,0,0,998,0,0,0,12,0,5,8,0,0,0,1,41,97140,6,1,0,0,3,1,64,130,0,0,0,0,0,0,0,0,0,0,0,0,0,0,5,4,15,1,1,2,2,0,0,1,80,1,1,1,13,0,0
41,410295,1,1,1,20,10,23,15,42,0,1,0,41,1,22,20,22020,2,1999,1G2WP12K0XF2,1,G,2,W,P,1,2,K,0,X,F,2,0,0,0,000000000,00000000000,0,0,0,1,0,0,0,0,0,0,0,998,0,1,5,11,6,2,42,0,0,0,1,41,97023,6,1,0,0,3,0,66,145,0,0,0,0,1,7,2014,7,2014,9,58,0,0,0,1,2,55,1,1,2,2,0,0,1,19,7,3,4,2,1,1
41,410296,1,3,2,22,10,15,1,12,6,1,0,41,1,6,52,6052,6,2007,3A4FY58B47T5,3,A,4,F,Y,5,8,B,4,7,T,5,0,0,0,000000000,00000000000,0,0,0,1,0,0,0,0,0,0,0,998,0,0,0,9,4,3,12,0,0,0,1,41,97027,6,1,0,0,3,3,72,375,0,0,0,0,0,0,0,0,0,0,38,0,0,0,5,5,45,1,1,2,2,0,0,11,15,1,1,1,82,1,0
41,410296,2,3,1,22,10,15,1,12,6,1,0,53,2,12,401,12401,14,1999,1FMZU34E8XZA,1,F,M,Z,U,3,4,E,8,X,Z,A,0,0,0,000000000,00000000000,0,0,0,1,0,0,0,0,0,0,0,998,0,0,0,12,4,3,12,0,0,0,1,41,97211,1,1,0,0,2,0,71,160,0,2,0,0,0,1,2014,4,2014,9,99,99,99,99,5,5,45,1,1,2,2,0,0,1,72,1,1,1,83,0,0
41,410296,3,3,1,22,10,15,1,12,6,1,0,41,1,12,442,12442,20,2003,2FMZA56443BB,2,F,M,Z,A,5,6,4,4,3,B,B,0,0,0,000000000,00000000000,0,0,0,1,0,0,0,0,0,0,0,998,0,0,0,5,2,5,12,0,0,0,1,41,97236,6,1,0,0,3,0,62,196,0,0,0,0,0,0,0,0,0,0,0,0,0,0,5,5,45,1,1,2,2,0,0,1,61,1,1,1,98,0,0
41,410298,1,1,4,28,10,1,0,1,0,1,0,41,2,37,31,37031,2,1995,2HGEJ1137SH5,2,H,G,E,J,1,1,3,7,S,H,5,0,0,0,000000000,00000000000,0,0,0,1,0,0,0,0,0,0,0,998,0,1,5,0,6,2,1,0,0,0,1,41,97738,6,1,0,0,3,0,69,145,0,0,0,0,0,0,0,0,0,4,0,0,0,0,1,2,55,2,1,2,1,0,0,14,12,1,1,4,6,1,1
41,410299,1,2,1,31,10,15,30,12,6,1,0,41,1,34,37,34037,4,1999,WBAGH8336XDP,W,B,A,G,H,8,3,3,6,X,D,P,0,0,0,000000000,00000000000,0,0,0,1,0,0,0,0,0,0,0,998,0,0,0,12,6,2,12,0,0,0,1,41,97030,6,1,0,0,3,0,65,170,1,0,0,0,0,1,2013,1,2013,0,38,0,0,0,5,5,25,1,1,2,1,0,0,11,15,1,1,1,68,0,0
41,410299,2,2,2,31,10,15,30,12,6,1,0,41,2,12,37,12037,4,2004,1FAHP38Z84W1,1,F,A,H,P,3,8,Z,8,4,W,1,0,0,0,000000000,00000000000,0,0,0,1,0,0,0,0,0,0,0,998,0,1,6,9,6,2,8,0,0,0,1,41,97030,6,1,0,0,3,0,64,195,0,0,0,0,0,0,0,0,0,0,0,0,0,0,5,5,98,1,1,2,1,0,0,1,68,1,1,1,69,0,0
41,410300,1,1,1,4,11,99,99,1,0,1,0,41,1,38,401,38401,14,2000,JACDJ58X2Y7J,J,A,C,D,J,5,8,X,2,Y,7,J,0,0,0,000000000,00000000000,0,0,0,1,0,0,0,0,0,0,0,998,0,1,1,0,6,2,1,0,0,0,1,41,97464,6,1,0,0,3,0,70,175,0,0,0,2,0,8,2013,3,2014,9,99,99,99,99,1,2,0,3,2,4,2,0,0,14,98,1,1,1,98,1,1
41,410301,1,1,1,26,12,13,48,8,0,1,0,41,1,7,482,7482,31,2007,1D7KS28D87J5,1,D,7,K,S,2,8,D,8,7,J,5,0,0,0,000000000,00000000000,0,0,0,1,0,0,0,0,0,0,0,998,0,0,0,12,2,5,8,0,0,0,1,41,97459,6,1,0,0,3,0,69,165,0,0,0,0,0,0,0,0,0,0,0,0,0,0,5,5,35,1,1,2,1,2,3,1,80,1,1,1,13,0,0
41,410302,1,1,1,26,12,17,27,8,0,1,0,41,1,20,9,20009,2,2014,2G1FA1E3XE93,2,G,1,F,A,1,E,3,X,E,9,3,0,0,0,000000000,00000000000,0,0,0,1,0,0,0,0,0,0,0,998,0,0,0,12,2,3,8,0,0,0,1,41,97305,6,1,0,0,3,0,60,145,1,0,0,0,0,1,2013,1,2013,0,38,0,0,0,1,2,30,1,1,2,1,0,0,1,80,1,1,1,13,0,0
41,410303,1,1,3,14,11,19,5,42,0,1,0,41,1,41,43,41043,4,1991,JM1HC2241M04,J,M,1,H,C,2,2,4,1,M,0,4,0,0,0,000000000,00000000000,0,0,0,1,0,0,0,0,0,0,0,998,0,0,0,12,6,2,42,0,0,0,1,41,97526,6,1,0,0,3,0,63,125,0,0,0,0,0,0,0,0,0,9,36,91,0,0,1,4,45,1,1,2,1,0,0,1,13,1,1,4,1,1,1
41,410304,1,1,1,16,11,9,40,1,0,1,0,41,1,2,403,2403,14,2005,1J4FA44S75P3,1,J,4,F,A,4,4,S,7,5,P,3,0,0,0,000000000,00000000000,0,0,0,1,0,0,0,0,0,0,0,998,0,1,5,0,9,2,42,0,0,0,1,41,97801,6,1,0,0,3,0,69,200,0,0,0,0,0,0,0,0,0,0,87,0,0,0,1,2,98,3,1,2,4,0,0,14,13,1,4,4,2,1,0
41,410305,1,1,1,30,11,99,99,1,0,1,0,92,0,20,471,20471,30,1990,1GCCT14Z3L21,1,G,C,C,T,1,4,Z,3,L,2,1,0,0,0,000000000,00000000000,0,0,0,1,0,0,0,0,0,0,0,998,0,1,6,0,9,2,3,0,0,0,1,41,97495,6,1,0,0,3,0,72,200,1,0,0,1,0,10,2012,10,2013,9,99,99,99,99,1,2,98,4,2,4,1,0,0,14,19,99,9,4,99,1,1
41,410306,1,2,1,30,11,7,43,12,6,1,0,6,1,42,48,42048,4,2006,WDBUF56J86A7,W,D,B,U,F,5,6,J,8,6,A,7,0,0,0,000000000,00000000000,0,0,0,1,0,0,0,0,0,0,0,998,0,0,0,12,6,2,12,0,0,0,1,41,97701,1,1,0,0,2,0,61,110,1,4,0,0,0,7,2012,10,2014,3,36,0,0,0,1,2,35,1,1,2,1,20,3,1,67,1,1,1,83,1,1
41,410306,2,2,1,30,11,7,43,12,6,1,0,41,1,35,51,35051,6,2011,JN8AS5MV1BW6,J,N,8,A,S,5,M,V,1,B,W,6,0,0,0,000000000,00000000000,0,0,0,1,0,0,0,0,0,0,0,998,0,1,5,9,6,2,12,0,0,0,1,41,97702,6,1,0,0,3,0,61,199,0,0,0,0,0,0,0,0,0,0,0,0,0,0,1,2,35,1,1,2,1,0,0,11,15,1,1,1,82,1,0
41,410307,1,1,1,28,11,20,26,8,0,1,0,41,2,20,402,20402,14,2003,2CNBJ7349369,2,C,N,B,J,7,3,4,9,3,6,9,0,0,0,000000000,00000000000,0,0,0,1,0,0,0,0,0,0,0,998,0,0,0,12,2,5,8,0,0,0,1,41,97527,0,0,0,0,0,0,66,130,0,2,0,0,0,1,2012,10,2014,0,0,0,0,0,1,2,25,1,1,2,2,0,0,1,80,4,1,1,13,0,0
41,410308,1,2,1,9,12,15,19,12,1,1,0,41,1,7,482,7482,31,2001,1B7HF13Y41J2,1,B,7,H,F,1,3,Y,4,1,J,2,0,0,0,000000000,00000000000,0,0,0,1,0,0,0,0,0,0,0,998,0,0,0,12,6,2,12,0,0,0,1,41,97862,6,1,0,0,3,0,68,178,0,0,0,0,0,0,0,0,0,0,0,0,0,0,2,2,55,1,1,2,2,0,0,1,50,1,1,1,20,1,0
41,410308,2,2,1,9,12,15,19,12,1,1,0,41,3,12,481,12481,40,2004,3FRNX65224V6,3,F,R,N,X,6,5,2,2,4,V,6,0,0,88,888888888,88888888888,2,2,3,1,0,0,0,0,0,0,0,0,0,0,0,6,9,5,12,0,0,0,1,41,97132,6,1,0,0,3,0,78,230,0,0,0,0,0,0,0,0,0,0,0,0,0,0,2,2,55,1,1,2,2,0,0,1,53,1,1,1,21,0,1
41,410309,1,1,1,28,12,5,27,8,0,1,0,41,1,12,17,12017,4,1999,1FAFP53U9XG2,1,F,A,F,P,5,3,U,9,X,G,2,0,0,0,000000000,00000000000,0,0,0,1,0,0,0,0,0,0,0,998,0,0,0,12,2,5,8,0,0,0,1,41,97416,6,1,0,0,3,0,64,170,1,0,0,0,0,1,2013,1,2013,0,0,0,0,0,1,2,55,1,1,2,2,0,0,1,80,1,1,1,13,0,0
41,410310,1,1,1,9,11,15,22,42,0,1,0,41,2,20,481,20481,31,1996,1GCEC14W4TZ1,1,G,C,E,C,1,4,W,4,T,Z,1,0,0,0,000000000,00000000000,0,0,0,1,0,0,0,0,0,0,0,998,0,0,0,12,6,2,42,0,0,0,1,41,97526,1,1,0,0,2,0,72,210,1,5,0,0,1,12,2011,6,2013,3,0,0,0,0,1,2,55,3,5,2,1,0,0,1,13,1,1,4,1,1,0
41,410311,1,1,3,28,12,3,50,31,0,1,0,41,2,12,401,12401,14,1999,1FTYR14X8XPB,1,F,T,Y,R,1,4,X,8,X,P,B,0,0,0,000000000,00000000000,0,0,0,1,0,0,0,0,0,0,0,998,0,1,5,12,6,2,1,0,0,0,1,41,97603,6,1,0,0,3,0,75,200,1,0,0,0,0,5,2012,5,2012,4,91,0,0,0,1,3,55,2,1,2,4,0,0,14,13,99,1,4,1,2,1
41,410312,1,5,3,1,12,13,19,12,6,1,0,16,2,20,443,20443,20,2002,1GNDX03E82D1,1,G,N,D,X,0,3,E,8,2,D,1,0,0,0,000000000,00000000000,0,0,0,1,0,0,0,0,0,0,0,998,0,0,0,12,6,2,12,0,0,0,1,41,97913,6,1,0,0,3,0,66,140,0,0,0,0,0,0,0,0,0,4,28,87,0,0,1,2,55,1,1,2,3,0,0,1,11,1,1,2,64,0,0
41,410312,2,5,2,1,12,13,19,12,6,1,0,41,1,49,482,49482,31,2014,5TFCY5F17EX0,5,T,F,C,Y,5,F,1,7,E,X,0,0,0,0,000000000,00000000000,0,0,0,1,0,0,0,0,0,0,0,998,0,0,0,11,4,3,12,0,0,0,1,41,97918,6,1,0,0,3,0,74,200,0,0,0,0,0,0,0,0,0,0,0,0,0,0,1,2,55,1,1,2,3,0,0,1,62,1,1,1,65,0,0
41,410312,3,5,3,1,12,13,19,12,6,1,0,41,1,12,481,12481,31,1999,1FTNW21F0XEB,1,F,T,N,W,2,1,F,0,X,E,B,0,0,0,000000000,00000000000,0,0,0,1,0,0,0,0,0,0,0,998,0,0,0,12,4,3,12,0,0,0,1,41,97918,6,1,6,0,3,0,72,255,0,0,0,0,0,0,0,0,0,0,0,0,0,0,1,2,55,1,1,2,3,0,0,1,62,1,1,1,98,0,0
41,410312,4,5,2,1,12,13,19,12,6,1,0,17,2,7,442,7442,20,2005,1D4GP45R15B3,1,D,4,G,P,4,5,R,1,5,B,3,0,0,0,000000000,00000000000,0,0,0,1,0,0,0,0,0,0,0,998,0,0,0,12,4,3,12,0,0,0,1,17,60098,6,1,0,0,3,3,63,150,0,0,0,0,0,0,0,0,0,0,0,0,0,0,1,2,55,1,1,2,3,0,0,1,62,1,1,1,98,1,0
41,410312,5,5,4,1,12,13,19,12,6,1,0,41,1,20,2,20002,4,2005,2G1WF52E9591,2,G,1,W,F,5,2,E,9,5,9,1,0,0,0,000000000,00000000000,0,0,0,1,0,0,0,0,0,0,0,998,0,0,0,12,9,9,12,0,0,0,1,41,97918,6,1,0,0,3,0,74,206,0,0,0,0,0,0,0,0,0,0,0,0,0,0,1,2,55,1,1,2,3,0,0,1,51,99,1,1,98,0,0
41,410313,1,1,2,11,12,18,16,8,0,1,1,41,2,37,31,37031,6,1989,JHMEE2856KS0,J,H,M,E,E,2,8,5,6,K,S,0,0,0,0,000000000,00000000000,0,0,0,1,0,0,0,0,0,0,0,998,0,0,0,12,9,5,8,0,0,0,1,41,97487,6,1,0,0,3,1,67,130,0,0,0,0,0,0,0,0,0,9,91,0,0,0,5,5,40,1,1,2,1,2,3,1,80,99,1,1,13,0,0
41,410314,1,2,1,30,12,17,30,12,2,1,0,6,1,6,52,6052,6,2007,3A4FY48B97T5,3,A,4,F,Y,4,8,B,9,7,T,5,0,0,0,000000000,00000000000,0,0,0,1,0,0,0,0,0,0,0,998,0,0,0,12,4,3,12,0,0,0,1,6,96134,6,1,0,0,3,1,71,174,0,0,0,0,0,0,0,0,0,0,28,0,0,0,1,2,55,1,1,2,4,0,0,1,10,1,1,2,50,1,0
41,410314,2,2,5,30,12,17,30,12,2,1,0,6,1,23,8,23008,6,2011,1GKKVRED3BJ2,1,G,K,K,V,R,E,D,3,B,J,2,0,0,0,000000000,00000000000,0,0,0,1,0,0,0,0,0,0,0,998,0,0,0,12,4,3,12,0,0,0,1,6,95503,6,1,0,0,3,0,73,195,0,0,0,0,1,5,2014,5,2014,0,0,0,0,0,1,2,55,1,1,2,4,0,0,1,62,1,1,1,51,0,0
41,410315,1,1,1,31,12,19,29,3,0,1,0,41,2,42,31,42031,6,1994,WDBEA92E2RF2,W,D,B,E,A,9,2,E,2,R,F,2,0,0,0,000000000,00000000000,0,0,0,1,0,0,0,0,0,0,0,998,0,0,0,0,6,2,3,0,0,0,1,41,97233,6,1,0,0,3,0,69,210,0,0,0,0,0,0,0,0,0,9,99,99,99,99,1,2,50,2,1,2,1,0,0,14,12,1,1,4,0,1,1
41,410316,1,3,1,22,11,19,9,12,2,1,0,99,9,99,999,99999,99,9999,999999999999,9,9,9,9,9,9,9,9,9,9,9,9,0,0,0,000000000,00000000000,0,0,0,1,0,0,0,0,0,0,0,998,0,0,0,12,9,9,12,0,0,0,1,41,97741,6,1,0,0,3,0,69,220,0,0,0,0,0,0,0,0,0,9,28,0,0,0,1,2,98,1,1,2,4,0,0,1,10,99,1,2,50,1,0
41,410316,2,3,1,22,11,19,9,12,2,1,0,99,9,99,999,99999,99,9999,999999999999,9,9,9,9,9,9,9,9,9,9,9,9,0,0,0,000000000,00000000000,0,0,0,1,0,0,0,0,0,0,0,998,0,0,0,12,9,9,12,0,0,0,1,99,99999,9,9,99,9,9,9,999,999,99,99,99,99,99,99,9999,99,9999,9,99,99,99,99,1,2,98,1,1,2,4,0,0,1,62,99,1,1,51,0,0
41,410316,3,3,1,22,11,19,9,12,2,1,0,99,9,99,881,99881,66,9999,999999999999,9,9,9,9,9,9,9,9,9,9,9,9,1,1,77,777777777,77777777777,3,99,99,1,0,0,0,0,0,0,0,998,0,0,0,98,9,9,12,0,0,0,1,99,99999,9,9,99,9,9,9,999,999,99,99,99,99,99,99,9999,99,9999,9,99,99,99,99,1,2,98,1,1,2,4,0,0,1,50,98,1,1,98,0,0
41,410317,1,1,1,23,11,22,53,8,0,1,0,41,1,37,31,37031,2,1993,JHMEH6263PS0,J,H,M,E,H,6,2,6,3,P,S,0,0,0,0,000000000,00000000000,0,0,0,1,0,0,0,0,0,0,0,998,0,0,0,12,2,3,8,0,0,0,1,41,97123,6,1,0,0,3,1,60,160,0,0,0,0,0,0,0,0,0,0,0,0,0,0,1,4,45,1,1,2,2,2,3,1,80,3,1,1,13,0,0
41,410319,1,1,2,22,12,18,17,9,0,1,0,41,1,19,22,19022,4,2007,1G6KD57Y27U1,1,G,6,K,D,5,7,Y,2,7,U,1,0,0,0,000000000,00000000000,0,0,0,1,0,0,0,0,0,0,0,998,0,0,0,12,4,9,9,0,0,0,1,41,97405,6,1,0,0,3,0,67,171,0,0,0,0,0,0,0,0,0,0,0,0,0,0,1,4,35,1,1,2,1,0,0,1,80,1,1,1,13,0,0
41,410320,1,1,1,28,5,19,0,3,0,1,0,99,9,99,999,99999,99,9999,999999999999,9,9,9,9,9,9,9,9,9,9,9,9,0,0,0,000000000,00000000000,0,0,0,1,0,0,0,0,0,0,0,998,0,0,0,0,9,9,3,0,0,0,1,41,97463,6,1,0,0,3,3,71,210,1,0,0,0,0,10,2013,10,2013,9,99,99,99,99,1,2,55,3,2,2,98,0,0,14,13,1,1,4,0,1,0
41,410321,1,2,1,16,10,15,45,12,6,1,0,41,1,20,471,20471,30,1991,1GCCS19Z6M81,1,G,C,C,S,1,9,Z,6,M,8,1,0,0,0,000000000,00000000000,0,0,0,1,0,0,0,0,0,0,0,998,0,0,0,11,9,2,12,0,0,0,1,41,97304,6,1,0,0,3,0,70,189,0,0,0,0,0,0,0,0,0,0,39,0,0,0,1,2,55,1,1,2,1,20,3,11,15,4,1,1,82,1,0
41,410321,2,2,1,16,10,15,45,12,6,1,0,41,2,12,442,12442,20,2003,2FMDA52433BA,2,F,M,D,A,5,2,4,3,3,B,A,0,0,0,000000000,00000000000,0,0,0,1,0,0,0,0,0,0,0,998,0,0,0,12,9,3,12,0,0,0,1,41,97338,6,1,0,0,3,1,60,110,0,0,0,1,0,2,2013,2,2013,0,0,0,0,0,5,5,55,1,1,2,1,0,0,1,66,1,1,1,83,0,0
41,410322,1,1,1,24,11,14,17,42,0,1,0,41,1,21,20,21020,4,1997,1G3WH52M9VF3,1,G,3,W,H,5,2,M,9,V,F,3,0,0,0,000000000,00000000000,0,0,0,1,0,0,0,0,0,0,0,998,0,0,0,12,6,2,2,0,0,1,1,41,97526,6,1,0,0,3,3,63,200,1,0,0,0,0,8,2013,8,2013,3,0,0,0,0,1,2,55,3,1,2,1,0,0,14,13,1,1,4,1,1,0
41,410323,1,1,1,29,11,12,26,42,0,1,0,0,0,99,739,99739,90,9999,999999999999,9,9,9,9,9,9,9,9,9,9,9,9,0,0,0,000000000,00000000000,0,0,0,1,0,0,0,0,0,0,0,998,0,0,0,98,9,9,42,0,0,0,1,41,97424,6,1,0,0,3,0,74,230,0,0,0,0,0,0,0,0,0,9,99,99,99,99,8,2,0,8,8,8,98,0,0,1,19,99,1,4,99,1,0
41,410324,1,1,2,20,12,18,30,43,0,1,0,53,1,7,482,7482,31,2013,1C6RR7FP2DS6,1,C,6,R,R,7,F,P,2,D,S,6,0,0,0,000000000,00000000000,0,0,0,1,0,0,0,0,0,0,0,998,0,1,5,12,4,3,1,0,0,0,1,53,98075,6,1,0,0,3,0,72,195,0,0,0,1,0,12,2012,12,2012,0,99,99,99,99,1,2,25,1,1,2,98,20,3,1,19,99,1,4,99,1,0
41,410325,1,1,1,31,12,9,44,42,0,1,0,53,1,99,999,99999,99,9999,999999999999,9,9,9,9,9,9,9,9,9,9,9,9,0,0,0,000000000,00000000000,0,0,0,1,0,0,0,0,0,0,0,998,0,0,0,98,9,9,42,0,0,0,1,53,98684,1,1,0,0,2,0,66,180,0,0,0,0,0,0,0,0,0,9,99,99,99,99,1,2,98,1,1,2,98,0,0,1,19,99,1,4,99,1,0
41,410326,1,2,1,19,12,13,0,12,6,1,0,41,1,55,33,55033,4,2004,KMHWF35H84A9,K,M,H,W,F,3,5,H,8,4,A,9,0,0,0,000000000,00000000000,0,0,0,1,0,0,0,0,0,0,0,998,0,0,0,12,4,3,12,0,0,0,1,41,97504,6,1,0,0,3,1,63,125,0,0,0,0,0,0,0,0,0,0,38,0,0,0,4,3,30,1,1,2,2,0,0,1,17,1,1,1,86,0,0
41,410326,2,2,1,19,12,13,0,12,6,1,0,41,1,37,705,37705,80,2001,JH2PC21451M2,J,H,2,P,C,2,1,4,5,1,M,2,0,0,0,000000000,00000000000,0,0,0,1,0,0,0,0,0,0,0,998,0,0,0,3,4,3,12,0,0,0,1,41,97501,6,1,0,0,3,1,68,170,0,0,0,0,0,0,0,0,0,0,0,0,0,0,4,3,30,1,1,2,2,0,0,1,71,1,1,1,87,1,0
41,410327,1,1,1,29,12,7,23,8,0,1,0,41,1,18,7,18007,4,1998,2G4WS52M3W14,2,G,4,W,S,5,2,M,3,W,1,4,0,0,0,000000000,00000000000,0,0,0,1,0,0,0,0,0,0,0,998,0,0,0,12,2,3,8,0,0,0,1,41,97365,6,1,6,0,3,0,65,150,0,0,0,0,0,0,0,0,0,0,0,0,0,0,1,2,55,1,2,2,2,0,0,1,80,8,1,1,13,0,0
42,420001,1,1,3,7,1,8,1,42,0,1,0,42,1,48,34,48034,6,1995,4S3BK635XS73,4,S,3,B,K,6,3,5,X,S,7,3,0,0,0,000000000,00000000000,0,0,0,1,0,0,0,0,0,0,0,35,0,0,0,1,6,2,42,0,0,0,1,42,17963,6,1,0,0,3,0,68,999,0,0,0,0,0,0,0,0,0,4,87,0,0,0,1,2,40,1,1,2,4,0,0,1,5,2,4,4,7,1,0
42,420002,1,1,1,5,1,1,58,35,0,1,0,42,2,22,20,22020,4,1999,1G2WP52K4XF2,1,G,2,W,P,5,2,K,4,X,F,2,0,0,0,000000000,00000000000,0,0,0,1,0,0,0,0,0,0,0,999,0,0,0,14,6,2,30,0,0,0,1,42,15954,1,1,0,0,2,0,73,999,0,16,1,0,8,6,2011,3,2013,3,51,0,0,0,1,2,55,1,1,2,1,0,0,1,12,1,1,4,6,1,1