STATE,ST_CASE,VEH_NO,VE_FORMS,NUMOCCS,DAY,MONTH,HOUR,MINUTE,HARM_EV,MAN_COLL,UNITTYPE,HIT_RUN,REG_STAT,OWNER,MAKE,MODEL,MAK_MOD,BODY_TYP,MOD_YEAR,VIN,VIN_1,VIN_2,VIN_3,VIN_4,VIN_5,VIN_6,VIN_7,VIN_8,VIN_9,VIN_10,VIN_11,VIN_12,TOW_VEH,J_KNIFE,MCARR_I1,MCARR_I2,MCARR_ID,GVWR,V_CONFIG,CARGO_BT,HAZ_INV,HAZ_PLAC,HAZ_ID,HAZ_CNO,HAZ_REL,BUS_USE,SPEC_USE,EMER_USE,TRAV_SP,UNDERIDE,ROLLOVER,ROLINLOC,IMPACT1,DEFORMED,TOWED,M_HARM,VEH_SC1,VEH_SC2,FIRE_EXP,DR_PRES,L_STATE,DR_ZIP,L_STATUS,L_TYPE,CDL_STAT,L_ENDORS,L_COMPL,L_RESTRI,DR_HGT,DR_WGT,PREV_ACC,PREV_SUS,PREV_DWI,PREV_SPD,PREV_OTH,FIRST_MO,FIRST_YR,LAST_MO,LAST_YR,SPEEDREL,DR_SF1,DR_SF2,DR_SF3,DR_SF4,VTRAFWAY,VNUM_LAN,VSPD_LIM,VALIGN,VPROFILE,VPAVETYP,VSURCOND,VTRAFCON,VTCONT_F,P_CRASH1,P_CRASH2,P_CRASH3,PCRASH4,PCRASH5,ACC_TYPE,DEATHS,DR_DRINK
42,420047,1,1,1,15,1,19,4,14,0,1,0,42,1,20,20,20020,4,1996,2G1WN52M4T91,2,G,1,W,N,5,2,M,4,T,9,1,0,0,0,000000000,00000000000,0,0,0,1,0,0,0,0,0,0,0,50,0,0,0,12,6,2,8,0,0,0,1,42,17049,6,1,0,0,3,3,62,999,0,0,0,0,0,0,0,0,0,0,0,0,0,0,1,2,45,1,6,2,2,0,0,1,50,1,1,1,98,0,1
42,420048,1,1,1,25,1,5,3,14,0,1,0,42,1,41,51,41051,4,2009,JM1BK32G0911,J,M,1,B,K,3,2,G,0,9,1,1,0,0,0,000000000,00000000000,0,0,0,1,0,0,0,0,0,0,0,55,0,0,0,12,6,2,14,0,0,0,1,42,18052,6,1,0,0,3,3,64,999,0,0,0,0,0,0,0,0,0,0,0,0,0,0,3,2,55,1,1,1,1,0,0,1,13,1,1,4,98,0,1
42,420049,1,2,1,19,1,17,0,12,6,1,0,42,2,98,884,98884,64,9999,999999999999,9,9,9,9,9,9,9,9,9,9,9,9,0,0,99,999999999,99999999999,9,1,98,1,0,0,0,0,0,0,0,5,0,0,0,9,4,5,12,39,0,0,1,42,17362,6,2,0,0,1,0,71,999,0,0,0,0,0,0,0,0,0,0,0,0,0,0,1,2,40,1,1,2,1,0,0,11,62,1,1,1,98,0,0
42,420049,2,2,2,19,1,17,0,12,6,1,0,42,1,48,35,48035,2,1988,JF1AX9427JH3,J,F,1,A,X,9,4,2,7,J,H,3,0,0,0,000000000,00000000000,0,0,0,1,0,0,0,0,0,0,0,45,0,0,0,12,6,2,12,0,0,0,1,42,17331,6,1,0,0,3,0,68,999,0,0,0,0,0,0,0,0,0,0,0,0,0,0,1,2,40,1,1,2,1,0,0,1,60,3,1,1,98,2,1
42,420050,1,3,1,6,1,20,58,12,2,1,0,42,1,34,34,34034,1,1997,WBABK8320VET,W,B,A,B,K,8,3,2,0,V,E,T,0,0,0,000000000,00000000000,0,0,0,1,0,0,0,0,0,0,0,45,0,0,0,12,6,2,12,0,0,0,1,42,19507,6,1,0,0,3,3,67,999,1,0,0,0,0,3,2011,3,2011,0,28,0,0,0,1,2,45,1,3,2,4,0,0,1,10,1,1,2,50,1,0
42,420050,2,3,1,6,1,20,58,12,2,1,0,42,1,22,2,22002,4,2002,1G2HX54KX241,1,G,2,H,X,5,4,K,X,2,4,1,0,0,0,000000000,00000000000,0,0,0,1,0,0,0,0,0,0,0,45,0,1,1,12,6,2,12,0,0,0,1,42,17922,6,1,0,0,3,0,70,999,0,0,0,0,0,0,0,0,0,0,0,0,0,0,1,2,45,1,3,2,4,0,0,1,62,1,1,1,51,0,0
42,420050,3,3,4,6,1,20,58,12,2,1,0,42,2,2,404,2404,14,2008,1J8HR58N68C1,1,J,8,H,R,5,8,N,6,8,C,1,0,0,0,000000000,00000000000,0,0,0,1,0,0,0,0,0,0,0,45,0,0,0,12,6,2,12,0,0,0,1,42,19506,6,1,0,0,3,3,64,999,0,0,0,1,0,3,2013,3,2013,0,0,0,0,0,1,2,45,1,3,2,4,0,0,1,62,2,1,1,98,0,0
42,420051,1,3,1,9,1,15,30,12,1,1,0,39,3,84,884,84884,62,2013,1HTMMAAL7DH2,1,H,T,M,M,A,A,L,7,D,H,2,0,0,57,00327574,5700327574,2,1,1,1,0,0,0,0,0,0,0,40,9,0,0,12,6,2,12,0,0,0,1,42,16441,6,1,0,0,3,0,77,999,1,0,0,0,1,4,2013,4,2013,5,6,0,0,0,1,2,55,1,1,2,1,0,0,1,50,7,1,4,20,0,0
42,420051,2,3,3,9,1,15,30,12,1,1,0,42,2,49,401,49401,14,2003,JTEBT14R7300,J,T,E,B,T,1,4,R,7,3,0,0,0,0,0,000000000,00000000000,0,0,0,1,0,0,0,0,0,0,0,0,0,0,0,6,6,2,12,0,0,0,1,42,16441,6,1,0,0,3,0,68,999,0,0,0,0,0,0,0,0,0,0,0,0,0,0,1,2,55,1,1,2,1,0,0,5,53,1,1,1,22,1,0
42,420051,3,3,1,9,1,15,30,12,1,1,0,42,1,12,37,12037,4,2011,1FAHP3FNXBW1,1,F,A,H,P,3,F,N,X,B,W,1,0,0,0,000000000,00000000000,0,0,0,1,0,0,0,0,0,0,0,55,0,0,0,12,6,2,12,0,0,0,1,42,16407,6,1,0,0,3,0,70,999,0,0,0,1,0,1,2012,1,2012,0,0,0,0,0,1,2,55,1,1,2,1,0,0,1,62,2,1,1,98,0,0
42,420052,1,2,1,12,1,21,35,12,6,1,0,42,2,12,17,12017,4,1996,1FALP52U7TA2,1,F,A,L,P,5,2,U,7,T,A,2,0,0,0,000000000,00000000000,0,0,0,1,0,0,0,0,0,0,0,999,0,0,0,1,6,2,12,0,0,0,1,42,19050,6,1,0,0,3,0,67,999,0,0,0,0,0,0,0,0,0,0,48,0,0,0,1,4,40,1,4,2,1,0,0,11,10,1,1,1,68,0,1
42,420052,2,2,1,12,1,21,35,12,6,1,0,42,1,12,481,12481,31,2008,1FTSX21576EA,1,F,T,S,X,2,1,5,7,6,E,A,0,0,0,000000000,00000000000,0,0,0,1,0,0,0,0,0,0,0,999,0,0,0,11,4,3,8,0,0,0,1,42,19018,6,1,0,0,3,3,74,999,1,0,0,0,0,6,2011,6,2011,0,0,0,0,0,1,4,40,1,4,2,1,0,0,1,62,7,1,1,69,0,1
42,420053,1,2,1,13,1,8,7,20,0,1,0,18,3,51,884,51884,72,2012,4V4NC9EH2CN5,4,V,4,N,C,9,E,H,2,C,N,5,1,1,57,00212340,5700212340,3,19,98,1,0,0,0,0,0,0,0,30,0,0,0,12,6,2,2,0,0,1,1,42,18102,6,1,6,3,3,0,74,999,0,0,0,0,0,0,0,0,0,5,6,0,0,0,4,6,65,1,1,1,1,8,3,1,10,8,4,2,12,0,0
42,420053,2,2,1,13,1,8,7,20,0,1,0,34,1,12,17,12017,6,2000,1FAFP58S8YA2,1,F,A,F,P,5,8,S,8,Y,A,2,0,0,0,000000000,00000000000,0,0,0,1,0,0,0,0,0,0,0,0,0,0,0,13,6,2,2,0,0,1,1,34,7840,6,1,0,0,3,3,71,999,1,0,0,0,3,11,2012,11,2013,0,0,0,0,0,4,6,65,1,1,1,1,8,3,5,60,1,1,1,98,1,0
42,420054,1,3,1,23,1,15,1,12,1,1,0,42,3,23,870,23870,61,2004,J8DB4B145470,J,8,D,B,4,B,1,4,5,4,7,0,0,0,57,02152493,5702152493,2,1,1,1,0,0,0,0,0,0,0,60,0,0,0,12,6,2,12,0,0,0,1,42,18964,6,1,0,0,3,0,75,999,0,0,0,0,0,0,0,0,0,5,0,0,0,0,6,2,99,1,4,1,1,3,3,1,50,1,1,1,33,1,0
42,420054,2,3,2,23,1,15,1,12,1,1,0,42,2,12,870,12870,61,1998,1FDWE37LXWHA,1,F,D,W,E,3,7,L,X,W,H,A,0,0,88,888888888,88888888888,2,1,1,1,0,0,0,0,0,0,0,0,0,0,0,6,6,2,12,0,0,0,1,42,19115,6,1,0,0,3,0,69,999,0,0,0,0,0,0,0,0,0,0,0,0,0,0,6,2,99,1,4,1,1,3,3,5,53,1,1,1,33,0,0
42,420054,3,3,1,23,1,15,1,12,1,1,0,42,3,38,884,38884,61,2013,JALE5W162D79,J,A,L,E,5,W,1,6,2,D,7,9,0,0,57,00132504,5700132504,2,1,1,1,0,0,0,0,0,0,0,0,0,0,0,6,4,5,12,0,0,0,1,42,19401,1,1,0,0,2,0,70,999,0,1,0,0,0,2,2013,2,2013,0,0,0,0,0,6,2,99,1,4,1,1,3,3,5,53,1,1,1,98,0,0
42,420055,1,2,1,15,1,7,0,8,0,1,0,42,1,35,472,35472,32,2001,1N6DD26S01C3,1,N,6,D,D,2,6,S,0,1,C,3,0,0,0,000000000,00000000000,0,0,0,1,0,0,0,0,0,0,0,999,0,0,0,12,6,2,8,0,0,0,1,42,17019,6,1,0,0,3,0,68,999,0,0,0,0,0,0,0,0,0,0,0,0,0,0,1,2,35,1,6,4,4,0,0,1,80,2,1,1,13,0,0
42,420055,2,2,0,15,1,7,0,8,0,1,0,42,6,23,481,23481,32,2003,2GTEK19V6313,2,G,T,E,K,1,9,V,6,3,1,3,0,0,0,000000000,00000000000,0,0,0,1,0,0,0,0,0,0,0,0,0,0,0,5,6,2,12,0,0,0,0,0,99997,7,6,97,7,6,7,998,997,998,998,998,998,998,98,9998,98,9998,8,0,0,0,0,1,2,35,1,6,4,4,0,0,0,53,0,0,0,98,0,0
42,420056,1,1,1,22,2,6,42,48,0,1,0,42,2,49,32,49032,4,1992,2T1AE94AXNC1,2,T,1,A,E,9,4,A,X,N,C,1,0,0,0,000000000,00000000000,0,0,0,1,0,0,0,0,0,0,0,75,0,1,5,12,6,2,42,0,0,0,1,42,19601,6,1,0,0,3,0,66,999,0,0,0,0,1,6,2012,6,2012,4,87,0,0,0,1,2,55,3,1,2,4,0,0,14,6,9,3,4,2,1,0
42,420057,1,1,2,12,2,22,58,25,0,1,0,42,2,6,52,6052,9,2001,3C8FY4BB11T6,3,C,8,F,Y,4,B,B,1,1,T,6,0,0,0,000000000,00000000000,0,0,0,1,0,0,0,0,0,0,0,100,0,1,1,7,6,2,1,0,0,0,1,42,17065,6,1,0,0,3,0,72,999,1,0,0,0,0,11,2011,11,2011,3,27,0,0,0,3,2,55,1,1,1,1,0,0,15,12,1,3,4,7,1,0
42,420058,1,1,1,13,2,21,19,24,0,1,0,42,1,20,461,20461,29,2003,1GCFG15X2312,1,G,C,F,G,1,5,X,2,3,1,2,0,0,0,000000000,00000000000,0,0,0,1,0,0,0,0,0,0,0,100,0,1,6,1,6,2,1,0,0,0,1,42,16335,6,1,0,0,3,0,74,999,0,0,0,0,0,0,0,0,0,3,27,0,0,0,3,2,65,1,1,2,1,0,0,15,13,1,1,4,1,1,1
42,420059,1,2,1,28,1,7,18,12,1,1,0,42,1,20,37,20037,4,2005,1G1ZT52815F1,1,G,1,Z,T,5,2,8,1,5,F,1,0,0,0,000000000,00000000000,0,0,0,1,0,0,0,0,0,0,0,999,0,0,0,12,6,2,12,0,0,0,1,42,19063,6,1,0,0,3,0,73,999,0,0,0,0,0,0,0,0,0,0,0,0,0,0,1,2,35,1,1,2,1,0,0,1,51,1,1,1,24,1,0
42,420059,2,2,2,28,1,7,18,12,1,1,0,42,2,98,884,98884,78,2007,2FZHCHDC37AX,2,F,Z,H,C,H,D,C,3,7,A,X,0,0,57,00374207,5700374207,3,19,98,1,0,0,0,0,0,0,0,999,0,0,0,6,2,5,12,0,0,0,1,42,19061,6,1,0,0,3,0,71,999,0,0,0,0,0,0,0,0,0,0,0,0,0,0,1,2,35,1,1,2,1,0,0,1,53,1,1,1,25,0,0
42,420060,1,1,1,11,1,2,1,8,0,1,1,99,9,99,999,99999,99,9999,999999999999,9,9,9,9,9,9,9,9,9,9,9,9,0,0,0,000000000,00000000000,0,0,0,1,0,0,0,0,0,0,0,999,0,0,0,1,2,5,8,0,0,0,1,99,99999,9,9,99,9,9,9,999,999,99,99,99,99,99,99,9999,99,9999,0,99,99,99,99,3,2,55,1,1,2,2,0,0,1,80,99,9,9,13,0,0
42,420061,1,1,1,1,2,20,21,24,0,1,0,42,1,49,50,49050,3,2006,JTKDE1773600,J,T,K,D,E,1,7,7,3,6,0,0,0,0,0,000000000,00000000000,0,0,0,1,0,0,0,0,0,0,0,999,0,0,0,1,6,2,42,0,0,0,1,42,15044,6,1,0,0,3,0,61,999,0,0,0,0,0,0,0,0,0,0,0,0,0,0,1,2,25,1,1,2,2,0,0,1,13,1,1,4,1,1,1
42,420062,1,1,2,11,2,18,28,9,0,1,0,42,1,53,41,53041,4,2010,JS2RF9A10A61,J,S,2,R,F,9,A,1,0,A,6,1,0,0,0,000000000,00000000000,0,0,0,1,0,0,0,0,0,0,0,40,0,0,0,1,6,2,9,0,0,0,1,42,18634,6,1,0,0,3,1,64,999,0,0,0,1,0,6,2011,6,2011,0,0,0,0,0,1,2,45,1,1,2,1,0,0,1,83,8,1,1,13,0,0
42,420063,1,1,2,10,2,6,30,8,0,1,0,42,1,7,442,7442,20,2011,2D4RN3DG2BR6,2,D,4,R,N,3,D,G,2,B,R,6,0,0,0,000000000,00000000000,0,0,0,1,0,0,0,0,0,0,0,30,0,0,0,2,4,3,8,0,0,0,1,42,18042,6,1,0,0,3,0,64,999,0,0,0,0,0,0,0,0,0,0,87,0,0,0,1,2,35,1,6,2,10,0,0,1,80,8,2,1,13,0,0
42,420064,1,1,1,2,2,9,46,33,0,1,0,42,1,37,32,37032,2,2003,1HGCM71693A0,1,H,G,C,M,7,1,6,9,3,A,0,0,0,0,000000000,00000000000,0,0,0,1,0,0,0,0,0,0,0,55,0,0,0,10,6,2,25,0,0,0,1,42,17025,6,1,0,0,3,0,73,999,0,0,0,0,0,0,0,0,0,4,0,0,0,0,6,1,55,2,6,1,1,0,0,14,12,1,1,4,6,1,0
42,420065,1,1,1,18,2,14,25,8,0,1,0,42,2,98,988,98988,50,2007,4DRBUAAM97B3,4,D,R,B,U,A,A,M,9,7,B,3,0,0,99,999999999,99999999999,2,21,22,1,0,0,0,0,1,2,0,999,0,0,0,3,2,5,8,0,0,0,1,42,19050,6,1,6,1,3,0,65,999,0,0,0,0,0,0,0,0,0,0,0,0,0,0,1,2,25,1,1,2,4,20,3,1,80,1,1,1,13,0,1
42,420066,1,2,1,26,2,15,17,12,1,1,0,42,2,7,43,7043,4,2004,1B3EL46J74N4,1,B,3,E,L,4,6,J,7,4,N,4,0,0,0,000000000,00000000000,0,0,0,1,0,0,0,0,0,0,0,65,0,0,0,6,6,2,12,0,0,0,1,42,16125,6,1,0,0,3,0,70,999,0,0,0,0,0,0,0,0,0,5,35,33,28,0,1,2,55,1,1,2,1,0,0,6,54,9,4,2,98,1,0
42,420066,2,2,2,26,2,15,17,12,1,1,0,42,1,20,25,20025,4,2014,1G1PA5SG3E71,1,G,1,P,A,5,S,G,3,E,7,1,0,0,0,000000000,00000000000,0,0,0,1,0,0,0,0,0,0,0,60,0,0,0,12,6,2,12,0,0,0,1,42,16424,6,1,0,0,3,1,68,999,0,0,0,0,0,0,0,0,0,0,0,0,0,0,1,2,55,1,1,2,1,0,0,1,62,7,1,1,98,0,0
42,420067,1,1,1,18,2,16,46,24,0,1,0,42,1,12,401,12401,14,2000,1FMZU83P7YZB,1,F,M,Z,U,8,3,P,7,Y,Z,B,0,0,0,000000000,00000000000,0,0,0,1,0,0,0,0,0,0,0,80,0,1,5,11,6,2,1,0,0,0,1,42,19073,6,1,0,0,3,0,65,999,0,0,0,0,0,0,0,0,0,3,35,0,0,0,3,3,55,1,1,1,1,0,0,15,12,8,1,4,6,1,0
42,420068,1,1,1,28,2,22,35,8,0,1,0,42,1,20,22,20022,4,2007,1G1AK55F6772,1,G,1,A,K,5,5,F,6,7,7,2,0,0,0,000000000,00000000000,0,0,0,1,0,0,0,0,0,0,0,999,0,0,0,1,2,3,8,0,0,0,1,42,16101,1,1,0,0,2,0,69,999,0,1,0,0,0,1,2014,1,2014,0,0,0,0,0,3,3,55,1,6,2,2,0,0,1,80,8,1,1,13,0,0
42,420069,1,2,2,20,2,6,53,12,8,1,0,42,2,49,32,49032,4,2010,JTDBU4EE2AJ0,J,T,D,B,U,4,E,E,2,A,J,0,0,0,0,000000000,00000000000,0,0,0,1,0,0,0,0,0,0,0,50,1,0,0,11,6,2,12,0,0,0,1,42,15679,6,1,0,0,3,3,62,999,0,0,0,0,0,0,0,0,0,0,28,0,0,0,1,2,55,3,5,2,4,0,0,14,10,1,1,2,64,2,0
42,420069,2,2,1,20,2,6,53,12,8,1,0,42,3,12,481,12481,31,2011,1FT7X2B6XBEA,1,F,T,7,X,2,B,6,X,B,E,A,1,1,0,000000000,00000000000,0,0,0,1,0,0,0,0,0,0,0,30,0,0,0,9,4,3,12,0,0,0,1,42,15679,6,1,0,0,3,0,69,999,0,0,0,0,0,0,0,0,0,0,0,0,0,0,1,2,55,2,6,2,4,0,0,14,62,7,1,1,65,0,0
42,420070,1,2,1,25,2,8,10,12,6,1,0,42,1,12,35,12035,4,1998,1FALP6534WK1,1,F,A,L,P,6,5,3,4,W,K,1,0,0,0,000000000,00000000000,0,0,0,1,0,0,0,0,0,0,0,999,0,0,0,4,6,2,12,0,0,0,1,42,15539,6,1,0,0,3,1,63,999,0,0,0,0,0,0,0,0,0,4,28,87,0,0,1,2,55,2,5,2,4,0,0,14,6,1,4,6,66,1,0
42,420070,2,2,1,25,2,8,10,12,6,1,0,42,2,41,53,41053,5,2007,JM3ER2933701,J,M,3,E,R,2,9,3,3,7,0,1,0,0,0,000000000,00000000000,0,0,0,1,0,0,0,0,0,0,0,999,0,0,0,12,6,2,12,0,0,0,1,42,15905,6,1,6,0,3,0,68,999,0,0,0,0,0,0,0,0,0,0,0,0,0,0,1,2,55,3,6,2,4,0,0,14,62,2,1,1,66,0,0
42,420071,1,1,1,21,2,23,47,8,0,1,1,42,2,6,51,6051,4,2006,2C3KA43RX6H3,2,C,3,K,A,4,3,R,X,6,H,3,0,0,0,000000000,00000000000,0,0,0,1,0,0,0,0,0,0,0,999,0,0,0,12,2,5,8,0,0,0,1,42,19134,6,1,0,0,3,0,68,999,1,1,0,0,0,4,2011,7,2012,0,99,99,99,99,1,5,35,1,1,2,1,0,0,1,80,1,1,9,13,0,0
42,420072,1,2,5,24,2,5,49,12,7,1,0,13,1,12,401,12401,14,2003,1FMZU63K83ZA,1,F,M,Z,U,6,3,K,8,3,Z,A,0,0,0,000000000,00000000000,0,0,0,1,0,0,0,0,0,0,0,999,0,1,3,1,9,2,1,0,0,0,1,13,30144,1,1,5,0,2,0,79,200,98,6,1,3,1,3,2012,9,2013,0,27,0,0,0,2,2,65,1,1,1,1,0,0,15,11,1,1,1,46,1,0
42,420072,2,2,1,24,2,5,49,12,7,1,0,18,3,98,809,98809,66,2007,2FWBA3CG27AY,2,F,W,B,A,3,C,G,2,7,A,Y,1,1,57,00021800,5700021800,3,6,1,1,0,0,0,0,0,0,0,999,0,0,0,7,2,5,12,0,0,0,1,34,8835,6,1,6,0,3,0,64,999,1,0,0,0,0,5,2011,5,2011,0,0,0,0,0,2,2,65,1,1,1,1,0,0,1,60,1,1,1,45,0,0
42,420073,1,2,4,14,2,9,0,24,0,1,0,42,1,41,441,41441,20,2003,JM3LW28A5303,J,M,3,L,W,2,8,A,5,3,0,3,0,0,0,000000000,00000000000,0,0,0,1,0,0,0,0,0,0,0,35,1,0,0,12,6,2,12,0,0,0,1,42,18603,6,1,0,0,3,1,63,999,0,0,0,0,0,0,0,0,0,4,87,0,0,0,1,2,45,1,1,2,10,0,0,1,6,7,4,4,7,2,0
42,420073,2,2,1,14,2,9,0,24,0,1,0,42,3,12,461,12461,21,2012,1FDSE3FL8CDB,1,F,D,S,E,3,F,L,8,C,D,B,0,0,0,000000000,00000000000,0,0,0,1,0,0,0,0,0,0,0,25,0,0,0,12,6,2,12,0,0,0,1,42,17837,6,1,0,0,3,1,65,999,0,0,0,0,0,0,0,0,0,0,0,0,0,0,1,2,45,1,1,2,10,0,0,1,62,2,1,1,98,0,0
42,420074,1,2,1,18,2,4,3,12,6,1,0,42,1,49,41,49041,2,1993,JT2SW21N6P00,J,T,2,S,W,2,1,N,6,P,0,0,0,0,0,000000000,00000000000,0,0,0,1,0,0,0,0,0,0,0,50,0,0,0,9,6,2,12,0,0,0,1,42,19149,6,1,0,0,3,0,64,999,0,0,0,0,0,0,0,0,0,4,87,28,0,0,3,4,55,1,1,1,3,28,3,1,6,99,4,2,48,1,0
42,420074,2,2,1,18,2,4,3,12,6,1,0,42,3,86,881,86881,63,2007,1M2AG11C17M0,1,M,2,A,G,1,1,C,1,7,M,0,0,0,57,01674612,5701674612,3,2,7,1,0,0,0,0,0,0,0,55,0,0,0,12,6,2,12,0,0,0,1,42,19076,6,1,6,0,3,0,64,999,0,0,0,0,2,4,2011,7,2011,0,0,0,0,0,3,4,55,1,1,1,3,28,3,1,61,9,1,2,48,0,0
42,420075,1,1,1,20,2,19,20,8,0,1,1,99,9,99,399,99399,9,9999,999999999999,9,9,9,9,9,9,9,9,9,9,9,9,0,0,0,000000000,00000000000,0,0,0,1,0,0,0,0,0,0,0,999,0,0,0,12,4,5,8,0,0,0,1,99,99999,9,9,99,9,9,9,999,999,99,99,99,99,99,99,9999,99,9999,3,0,0,0,0,1,4,25,1,1,2,2,0,0,1,80,99,1,1,13,0,0
42,420076,1,1,1,16,2,1,48,8,0,1,0,42,3,6,51,6051,4,2010,2C3CA5CV7AH1,2,C,3,C,A,5,C,V,7,A,H,1,0,0,0,000000000,00000000000,0,0,0,1,0,0,0,0,0,0,0,999,0,0,0,12,4,5,8,0,0,0,1,42,19133,6,1,0,0,3,3,63,999,0,0,0,0,0,0,0,0,0,0,0,0,0,0,2,4,40,1,1,2,1,2,3,1,80,1,1,1,13,0,0
42,420077,1,2,1,20,2,4,54,12,6,1,0,42,1,20,22,20022,2,2006,1G1AK15FX677,1,G,1,A,K,1,5,F,X,6,7,7,0,0,0,000000000,00000000000,0,0,0,1,0,0,0,0,0,0,0,999,0,0,0,2,6,2,12,0,0,0,1,42,15213,6,1,0,0,3,0,71,999,0,0,0,0,1,12,2013,12,2013,0,48,28,0,0,1,3,35,1,1,2,1,3,3,11,15,1,1,1,68,1,1
42,420077,2,2,1,20,2,4,54,12,6,1,0,42,1,12,471,12471,30,2009,1FTZR45E99PA,1,F,T,Z,R,4,5,E,9,9,P,A,0,0,0,000000000,00000000000,0,0,0,1,0,0,0,0,0,0,0,999,0,0,0,12,6,2,12,0,0,0,1,42,15203,6,1,0,0,3,0,68,999,0,0,0,0,0,0,0,0,0,4,0,0,0,0,1,4,35,1,1,2,1,3,3,1,54,7,1,1,69,0,0
42,420078,1,2,2,20,2,12,17,12,6,1,0,42,1,20,2,20002,4,2009,2G1WT57K5911,2,G,1,W,T,5,7,K,5,9,1,1,0,0,0,000000000,00000000000,0,0,0,1,0,0,0,0,0,0,0,15,0,0,0,12,6,2,12,0,0,0,1,42,17086,6,1,0,0,3,1,66,999,0,0,0,0,0,0,0,0,0,0,38,0,0,0,1,2,45,1,1,2,1,20,3,11,15,1,1,1,82,1,0
42,420078,2,2,1,20,2,12,17,12,6,1,0,42,2,12,32,12032,4,2011,3FADP4AJXBM1,3,F,A,D,P,4,A,J,X,B,M,1,0,0,0,000000000,00000000000,0,0,0,1,0,0,0,0,0,0,0,55,0,0,0,1,6,2,12,0,0,0,1,42,17813,6,1,0,0,3,1,62,999,0,0,0,0,0,0,0,0,0,0,0,0,0,0,1,2,55,1,1,2,1,0,0,1,67,8,1,2,83,0,0
42,420079,1,2,1,12,2,14,54,12,6,1,0,42,2,12,442,12442,20,2001,2FMZA51491BB,2,F,M,Z,A,5,1,4,9,1,B,B,0,0,0,000000000,00000000000,0,0,0,1,0,0,0,0,0,0,0,60,0,0,0,12,6,2,12,0,0,0,1,42,17356,1,1,0,0,2,0,68,999,0,0,0,0,0,0,0,0,0,5,0,0,0,0,1,2,40,1,6,2,1,0,0,1,66,2,2,1,88,0,0
42,420079,2,2,2,12,2,14,54,12,6,1,0,42,1,12,401,12401,14,1997,1FMDU35P9VUA,1,F,M,D,U,3,5,P,9,V,U,A,0,0,0,000000000,00000000000,0,0,0,1,0,0,0,0,0,0,0,40,0,0,0,11,6,2,12,0,0,0,1,42,17315,6,1,0,0,3,3,68,999,1,0,0,0,0,9,2013,9,2013,0,39,0,0,0,1,2,35,1,1,2,1,20,3,1,17,2,1,1,89,1,0
42,420080,1,2,2,5,2,14,30,12,6,1,0,42,1,20,473,20473,30,2004,1GCDT1389482,1,G,C,D,T,1,3,8,9,4,8,2,0,0,0,000000000,00000000000,0,0,0,1,0,0,0,0,0,0,0,45,0,0,0,3,6,2,12,0,0,0,1,42,18252,6,1,0,0,3,0,71,999,0,0,0,0,0,0,0,0,0,4,87,28,0,0,1,3,55,1,5,2,3,0,0,1,6,99,4,2,66,2,0
42,420080,2,2,1,5,2,14,30,12,6,1,0,42,3,12,461,12461,21,2012,1FTDS3ELXCDA,1,F,T,D,S,3,E,L,X,C,D,A,0,0,0,000000000,00000000000,0,0,0,1,0,0,0,0,0,0,0,35,0,0,0,12,6,2,12,0,0,0,1,42,18103,6,1,0,0,3,0,74,999,0,0,0,0,0,0,0,0,0,0,0,0,0,0,1,3,55,1,6,2,3,0,0,1,62,2,1,1,66,0,0
42,420081,1,1,4,9,2,2,15,8,0,1,0,42,1,12,401,12401,14,2004,1FMZU73K64UA,1,F,M,Z,U,7,3,K,6,4,U,A,0,0,0,000000000,00000000000,0,0,0,1,0,0,0,0,0,0,0,999,0,0,0,11,4,5,8,0,0,0,1,42,15216,6,1,0,0,3,0,68,999,1,1,2,0,0,7,2011,11,2012,0,6,0,0,0,1,2,25,3,6,2,1,0,0,14,80,99,1,6,13,0,1
42,420082,1,1,1,3,2,8,39,59,0,1,0,42,1,7,20,7020,4,2005,1B3ES56C25D2,1,B,3,E,S,5,6,C,2,5,D,2,0,0,0,000000000,00000000000,0,0,0,1,0,0,0,0,0,0,0,999,0,1,6,8,6,2,1,0,0,0,1,39,43125,6,1,0,0,3,3,70,260,0,0,0,0,0,0,0,0,0,4,89,58,0,0,1,2,40,3,1,2,1,0,0,14,11,6,3,4,2,1,0
42,420083,1,1,1,25,2,13,46,42,0,1,0,42,1,32,43,32043,1,2008,WAUDF48H58K0,W,A,U,D,F,4,8,H,5,8,K,0,0,0,0,000000000,00000000000,0,0,0,1,0,0,0,0,0,0,0,45,0,0,0,12,6,2,42,0,0,0,1,42,19063,6,1,0,0,3,0,70,999,0,0,0,0,0,0,0,0,0,0,0,0,0,0,3,2,45,1,5,2,1,0,0,1,13,1,1,4,1,1,0
42,420084,1,1,1,23,2,1,5,8,0,1,0,42,1,52,34,52034,4,2004,4A3AB56S64E0,4,A,3,A,B,5,6,S,6,4,E,0,0,0,0,000000000,00000000000,0,0,0,1,0,0,0,0,0,0,0,999,0,0,0,12,4,3,8,0,0,0,1,42,17512,6,1,0,0,3,0,74,999,1,0,0,0,1,12,2013,1,2014,3,0,0,0,0,1,2,25,1,1,2,1,0,0,1,80,1,1,1,13,0,1