STATE,ST_CASE,VEH_NO,VE_FORMS,NUMOCCS,DAY,MONTH,HOUR,MINUTE,HARM_EV,MAN_COLL,UNITTYPE,HIT_RUN,REG_STAT,OWNER,MAKE,MODEL,MAK_MOD,BODY_TYP,MOD_YEAR,VIN,VIN_1,VIN_2,VIN_3,VIN_4,VIN_5,VIN_6,VIN_7,VIN_8,VIN_9,VIN_10,VIN_11,VIN_12,TOW_VEH,J_KNIFE,MCARR_I1,MCARR_I2,MCARR_ID,GVWR,V_CONFIG,CARGO_BT,HAZ_INV,HAZ_PLAC,HAZ_ID,HAZ_CNO,HAZ_REL,BUS_USE,SPEC_USE,EMER_USE,TRAV_SP,UNDERIDE,ROLLOVER,ROLINLOC,IMPACT1,DEFORMED,TOWED,M_HARM,VEH_SC1,VEH_SC2,FIRE_EXP,DR_PRES,L_STATE,DR_ZIP,L_STATUS,L_TYPE,CDL_STAT,L_ENDORS,L_COMPL,L_RESTRI,DR_HGT,DR_WGT,PREV_ACC,PREV_SUS,PREV_DWI,PREV_SPD,PREV_OTH,FIRST_MO,FIRST_YR,LAST_MO,LAST_YR,SPEEDREL,DR_SF1,DR_SF2,DR_SF3,DR_SF4,VTRAFWAY,VNUM_LAN,VSPD_LIM,VALIGN,VPROFILE,VPAVETYP,VSURCOND,VTRAFCON,VTCONT_F,P_CRASH1,P_CRASH2,P_CRASH3,PCRASH4,PCRASH5,ACC_TYPE,DEATHS,DR_DRINK
42,420085,1,1,1,1,2,17,23,1,0,1,0,42,1,12,473,12473,30,2003,1FMZU77E73UB,1,F,M,Z,U,7,7,E,7,3,U,B,0,0,0,000000000,00000000000,0,0,0,1,0,0,0,0,0,0,0,70,0,2,1,0,6,2,1,0,0,0,1,42,16823,6,1,6,0,3,0,70,999,0,0,0,0,0,0,0,0,0,0,58,81,0,0,2,2,65,1,1,1,1,0,0,1,90,6,3,6,98,1,0
42,420086,1,1,4,23,2,19,55,7,0,1,0,42,2,12,401,12401,14,2000,1FMZU73X4YZB,1,F,M,Z,U,7,3,X,4,Y,Z,B,0,0,0,000000000,00000000000,0,0,0,1,0,0,0,0,0,0,0,999,0,0,0,0,6,2,7,0,0,0,1,42,15206,6,1,0,0,3,0,72,999,0,0,0,0,0,0,0,0,0,0,0,0,0,0,1,2,25,1,6,2,1,0,0,13,99,1,9,1,0,1,1
42,420087,1,2,1,2,2,10,0,12,2,1,0,42,1,47,37,47037,5,2005,JF4GG22635G0,J,F,4,G,G,2,2,6,3,5,G,0,0,0,0,000000000,00000000000,0,0,0,1,0,0,0,0,0,0,0,45,0,0,0,12,6,2,12,0,0,0,1,42,17603,6,1,0,0,3,0,64,999,0,0,0,0,0,0,0,0,0,0,99,99,99,99,1,2,45,1,6,2,1,0,0,1,10,1,1,2,50,0,0
42,420087,2,2,3,2,2,10,0,12,2,1,0,42,1,6,54,6054,6,2006,2A4GF48466R7,2,A,4,G,F,4,8,4,6,6,R,7,0,0,0,000000000,00000000000,0,0,0,1,0,0,0,0,0,0,0,45,0,0,0,12,6,2,12,0,0,0,1,42,19344,6,1,0,0,3,3,67,999,0,0,0,0,0,0,0,0,0,0,0,0,0,0,1,2,45,1,5,2,1,0,0,1,62,9,1,1,51,1,0
42,420088,1,2,2,3,2,7,17,8,0,1,0,42,3,82,884,82884,72,2003,1FVACXAK63HM,1,F,V,A,C,X,A,K,6,3,H,M,0,0,57,01814932,5701814932,3,19,98,1,0,0,0,0,0,0,0,35,0,0,0,11,2,5,8,0,0,0,1,42,17324,6,1,6,0,3,3,76,999,0,0,0,0,0,0,0,0,0,0,0,0,0,0,1,2,55,1,6,2,3,0,0,1,80,7,1,1,13,0,0
42,420088,2,2,1,3,2,7,17,8,0,1,0,24,3,12,461,12461,21,2003,1FDSE35L03HA,1,F,D,S,E,3,5,L,0,3,H,A,0,0,0,000000000,00000000000,0,0,0,1,0,0,0,0,0,0,0,35,0,0,0,14,2,5,8,0,0,0,1,42,17353,6,1,0,0,3,3,69,999,0,0,0,0,0,0,0,0,0,0,0,0,0,0,1,2,55,1,6,2,3,0,0,1,80,1,1,1,98,0,0
42,420089,1,2,1,21,2,0,48,12,1,1,0,42,2,41,50,41050,4,2014,JM1GJ1W68E11,J,M,1,G,J,1,W,6,8,E,1,1,0,0,0,000000000,00000000000,0,0,0,1,0,0,0,0,0,0,0,999,1,0,0,12,6,2,12,0,0,0,1,34,8012,6,1,0,0,3,0,71,999,0,0,0,0,2,3,2011,8,2011,0,27,0,0,0,3,3,55,2,5,2,1,0,0,15,51,99,1,1,24,1,0
42,420089,2,2,1,21,2,0,48,12,1,1,0,42,3,12,881,12881,62,2011,3FRNX6FC9BV5,3,F,R,N,X,6,F,C,9,B,V,5,0,0,77,777777777,77777777777,2,1,98,1,0,0,0,0,0,0,0,55,0,0,0,6,4,5,12,0,0,0,1,42,19129,6,1,6,0,3,0,68,999,0,0,0,0,0,0,0,0,0,0,0,0,0,0,3,3,55,2,5,2,1,0,0,14,53,1,1,1,25,0,0
42,420090,1,2,2,23,2,6,41,12,6,1,0,42,1,38,402,38402,14,1998,4S2CM58W6W43,4,S,2,C,M,5,8,W,6,W,4,3,0,0,0,000000000,00000000000,0,0,0,1,0,0,0,0,0,0,0,999,0,0,0,2,6,2,12,0,0,0,1,42,18201,6,1,0,0,3,0,70,999,0,0,0,0,0,0,0,0,0,4,28,87,0,0,1,3,45,2,1,2,4,0,0,14,5,99,5,2,66,1,0
42,420090,2,2,1,23,2,6,41,12,6,1,0,42,1,20,24,20024,6,2012,1GNKVGED3CJ2,1,G,N,K,V,G,E,D,3,C,J,2,0,0,0,000000000,00000000000,0,0,0,1,0,0,0,0,0,0,0,999,0,0,0,12,6,2,12,0,0,0,1,42,18707,6,1,0,0,3,3,70,999,0,0,0,0,0,0,0,0,0,0,0,0,0,0,1,3,45,3,1,2,4,0,0,14,62,99,1,1,66,0,0
42,420091,1,2,1,17,2,10,12,12,1,1,0,42,1,20,2,20002,4,2008,2G1WT58N5813,2,G,1,W,T,5,8,N,5,8,1,3,0,0,0,000000000,00000000000,0,0,0,1,0,0,0,0,0,0,0,999,1,0,0,12,6,2,12,0,0,0,1,42,18618,6,1,0,0,3,0,65,999,0,0,0,0,0,0,0,0,0,0,99,99,99,99,1,2,35,2,1,2,1,0,0,14,50,1,1,1,20,1,0
42,420091,2,2,1,17,2,10,12,12,1,1,0,42,3,82,884,82884,62,2007,1FVACWCT87HY,1,F,V,A,C,W,C,T,8,7,H,Y,0,0,88,888888888,88888888888,2,1,7,1,0,0,0,0,0,0,0,0,0,0,0,6,2,5,12,42,0,0,1,42,18706,6,1,6,0,3,1,67,999,0,0,0,0,0,0,0,0,0,0,0,0,0,0,1,2,35,2,1,2,1,0,0,5,53,1,1,1,21,0,0
42,420092,1,1,1,4,2,23,6,14,0,1,0,42,3,82,884,82884,66,2013,1FUJGLDR2DLF,1,F,U,J,G,L,D,R,2,D,L,F,1,1,57,00252424,5700252424,3,19,1,1,0,0,0,0,0,0,0,55,0,0,0,12,6,2,14,0,0,0,1,42,19601,6,1,6,0,3,0,71,999,0,0,0,0,0,0,0,0,0,4,0,0,0,0,3,2,65,2,6,2,4,0,0,14,50,99,1,1,98,1,0
42,420093,1,2,1,13,2,9,42,12,1,1,0,42,1,49,46,49046,5,2005,JTDKB22UX531,J,T,D,K,B,2,2,U,X,5,3,1,0,0,0,000000000,00000000000,0,0,0,1,0,0,0,0,0,0,0,999,0,0,0,12,6,2,12,0,0,0,1,42,15220,6,1,0,0,3,3,72,999,0,0,0,0,0,0,0,0,0,4,0,0,0,0,3,2,65,2,6,1,3,0,0,14,13,99,3,4,32,1,0
42,420093,2,2,1,13,2,9,42,12,1,1,0,42,3,86,881,86881,66,2008,1M1AW09Y88N0,1,M,1,A,W,0,9,Y,8,8,N,0,1,1,57,00484772,5700484772,3,6,3,1,0,0,0,0,0,0,0,0,0,0,0,6,2,5,12,0,0,0,1,42,15012,6,1,6,1,3,0,74,999,0,0,0,0,0,0,0,0,0,0,0,0,0,0,3,2,65,2,6,1,3,0,0,98,98,1,1,5,32,0,0
42,420094,1,3,1,11,2,16,5,12,6,1,0,42,1,22,19,22019,2,2007,1G2AL15F4771,1,G,2,A,L,1,5,F,4,7,7,1,0,0,0,000000000,00000000000,0,0,0,1,0,0,0,0,0,0,0,60,0,0,0,1,6,2,12,0,0,0,1,42,17058,6,1,0,0,3,0,64,999,0,0,0,3,0,6,2011,10,2011,5,48,0,0,0,1,2,45,1,1,2,1,0,0,11,15,99,1,1,68,1,0
42,420094,2,3,1,11,2,16,5,12,6,1,0,42,1,20,25,20025,4,2011,1G1PE5S91B72,1,G,1,P,E,5,S,9,1,B,7,2,0,0,0,000000000,00000000000,0,0,0,1,0,0,0,0,0,0,0,60,0,0,0,12,6,2,12,0,0,0,1,42,17044,6,1,0,0,3,0,63,999,0,0,0,0,0,0,0,0,0,0,0,0,0,0,1,2,45,1,1,2,1,0,0,1,62,99,1,1,69,0,0
42,420094,3,3,1,11,2,16,5,12,6,1,0,42,2,7,472,7472,30,1999,1B7GG26X7XS2,1,B,7,G,G,2,6,X,7,X,S,2,0,0,0,000000000,00000000000,0,0,0,1,0,0,0,0,0,0,0,60,0,0,0,9,4,5,12,0,0,0,1,42,17842,6,1,0,0,3,3,65,999,2,0,0,1,1,3,2012,3,2013,0,0,0,0,0,1,2,45,1,1,2,1,0,0,1,62,7,1,4,98,0,0
42,420095,1,1,1,17,2,17,3,8,0,1,1,99,9,99,999,99999,99,9999,999999999999,9,9,9,9,9,9,9,9,9,9,9,9,0,0,0,000000000,00000000000,0,0,0,1,0,0,0,0,0,0,0,999,0,0,0,1,9,5,8,0,0,0,1,99,99999,9,9,99,9,9,9,999,999,99,99,99,99,99,99,9999,99,9999,0,99,99,99,99,1,2,25,1,1,2,1,0,0,1,80,99,1,1,13,0,0
42,420096,1,3,2,22,2,13,21,12,7,1,0,42,2,12,401,12401,14,1996,1FMDU34X0TUC,1,F,M,D,U,3,4,X,0,T,U,C,0,0,0,000000000,00000000000,0,0,0,1,0,0,0,0,0,0,0,50,0,0,0,1,6,2,12,0,0,0,1,42,17602,0,0,0,0,0,0,71,999,1,1,0,0,2,7,2012,7,2013,4,28,27,0,0,1,4,35,1,5,2,1,0,0,15,52,6,1,2,48,0,1
42,420096,2,3,1,22,2,13,21,12,7,1,0,42,1,37,31,37031,4,2005,2HGES16345H5,2,H,G,E,S,1,6,3,4,5,H,5,0,0,0,000000000,00000000000,0,0,0,1,0,0,0,0,0,0,0,5,0,0,0,7,2,3,12,0,0,0,1,42,17602,6,1,0,0,3,1,63,999,0,0,0,1,0,11,2011,11,2011,0,0,0,0,0,1,4,35,1,5,2,1,0,0,2,53,1,1,1,48,0,0
42,420096,3,3,2,22,2,13,21,12,7,1,0,42,2,48,34,48034,6,2002,4S3BH6357263,4,S,3,B,H,6,3,5,7,2,6,3,0,0,0,000000000,00000000000,0,0,0,1,0,0,0,0,0,0,0,35,0,0,0,12,6,2,12,0,0,0,1,42,17603,6,1,0,0,3,3,67,999,0,0,0,0,1,10,2013,10,2013,0,0,0,0,0,1,4,35,1,6,2,1,0,0,1,62,1,1,1,98,1,0
42,420097,1,1,2,20,2,19,40,8,0,1,0,42,1,20,482,20482,31,2002,3GNEK13T22G1,3,G,N,E,K,1,3,T,2,2,G,1,0,0,0,000000000,00000000000,0,0,0,1,0,0,0,0,0,0,0,999,0,0,0,12,2,3,8,0,0,0,1,42,19320,6,1,0,0,3,0,69,999,0,0,0,0,0,0,0,0,0,3,0,0,0,0,1,2,35,1,1,2,8,0,0,1,80,8,1,1,13,0,0
42,420098,1,1,1,1,2,0,1,24,0,1,0,36,2,6,43,6043,1,1997,3C3EL55H6VT5,3,C,3,E,L,5,5,H,6,V,T,5,0,0,0,000000000,00000000000,0,0,0,1,0,0,0,0,0,0,0,75,0,1,5,11,6,2,1,0,0,0,1,42,16947,0,0,0,0,0,0,999,999,0,0,0,0,0,0,0,0,0,4,0,0,0,0,1,2,45,2,1,2,1,0,0,14,10,3,3,4,2,1,1
42,420099,1,3,1,27,2,14,27,12,6,1,0,42,1,48,38,48038,4,2007,JF1GD61647H5,J,F,1,G,D,6,1,6,4,7,H,5,0,0,0,000000000,00000000000,0,0,0,1,0,0,0,0,0,0,0,50,0,0,0,9,6,2,12,0,0,0,1,42,16662,6,1,0,0,3,0,69,999,0,0,0,0,0,0,0,0,0,4,87,28,0,0,1,2,45,1,6,2,3,0,0,1,6,1,3,2,66,1,0
42,420099,2,3,2,27,2,14,27,12,6,1,0,42,1,2,404,2404,14,2000,1J4FF48S3YL1,1,J,4,F,F,4,8,S,3,Y,L,1,0,0,0,000000000,00000000000,0,0,0,1,0,0,0,0,0,0,0,40,0,0,0,12,6,2,12,0,0,0,1,42,16664,6,1,0,0,3,0,64,999,0,0,0,0,0,0,0,0,0,0,0,0,0,0,1,2,45,1,5,2,3,0,0,1,62,1,1,1,66,0,0
42,420099,3,3,1,27,2,14,27,12,6,1,0,42,1,12,22,12022,6,2005,1FMZK01135GA,1,F,M,Z,K,0,1,1,3,5,G,A,0,0,0,000000000,00000000000,0,0,0,1,0,0,0,0,0,0,0,40,0,0,0,12,6,2,12,0,0,0,1,42,16673,6,1,0,0,3,3,68,999,0,0,0,0,0,0,0,0,0,0,87,0,0,0,1,2,45,1,6,2,3,0,0,1,62,1,1,1,98,0,0
42,420100,1,3,1,10,2,9,33,12,1,1,0,24,3,82,884,82884,66,1999,1FUYSSEB7XLB,1,F,U,Y,S,S,E,B,7,X,L,B,1,1,57,02352825,5702352825,3,6,1,1,0,0,0,0,0,0,0,35,0,0,0,12,6,2,12,0,0,0,1,24,20680,6,1,6,0,3,0,71,240,0,0,0,1,3,7,2011,12,2013,4,0,0,0,0,1,3,55,1,1,2,2,0,0,1,50,9,2,4,20,0,0
42,420100,2,3,1,10,2,9,33,12,1,1,0,42,1,7,442,7442,20,2007,1D4GP24R47B2,1,D,4,G,P,2,4,R,4,7,B,2,0,0,0,000000000,00000000000,0,0,0,1,0,0,0,0,0,0,0,0,0,0,0,6,6,2,12,0,0,0,1,42,18031,6,1,0,0,3,3,70,999,0,0,0,0,0,0,0,0,0,0,0,0,0,0,1,3,55,1,1,2,2,0,0,5,53,1,1,1,21,1,0
42,420100,3,3,1,10,2,9,33,12,1,1,0,42,3,51,884,51884,66,1999,4VG7DAGH5XN7,4,V,G,7,D,A,G,H,5,X,N,7,1,1,57,01863484,5701863484,3,6,1,1,0,0,0,0,0,0,0,35,0,0,0,11,6,2,12,0,0,0,1,42,18014,6,1,6,0,3,0,71,999,0,0,0,0,0,0,0,0,0,0,0,0,0,0,1,3,55,1,1,2,2,0,0,1,62,1,1,1,98,0,0
42,420101,1,1,1,23,2,12,25,24,0,1,0,40,3,86,884,86884,66,2013,1M1AW01X4DM0,1,M,1,A,W,0,1,X,4,D,M,0,2,3,57,00082866,5700082866,3,7,1,2,2,1133,3,1,0,0,0,65,0,1,6,1,6,2,42,0,0,0,1,42,16159,6,1,6,1,3,0,70,999,0,0,0,0,1,9,2013,9,2013,0,28,0,0,0,2,2,65,1,6,2,1,0,0,1,13,1,1,4,1,1,1
42,420102,1,1,1,21,2,22,0,42,0,1,0,42,2,18,7,18007,4,2001,2G4WS52J8111,2,G,4,W,S,5,2,J,8,1,1,1,0,0,0,000000000,00000000000,0,0,0,1,0,0,0,0,0,0,0,70,0,0,0,1,6,2,42,0,0,0,1,42,16828,6,1,0,0,3,0,72,999,0,0,0,0,0,0,0,0,0,4,87,0,0,0,1,2,55,1,1,2,4,0,0,1,6,1,1,4,1,1,0
42,420103,1,4,1,22,2,12,55,12,6,1,0,42,2,7,26,7026,4,2012,1C3CDZCB5CN1,1,C,3,C,D,Z,C,B,5,C,N,1,0,0,0,000000000,00000000000,0,0,0,1,0,0,0,0,0,0,0,70,0,0,0,12,6,2,12,0,0,0,1,42,15022,6,1,0,0,3,0,70,999,0,0,0,1,0,7,2011,7,2011,3,51,0,0,0,2,2,55,1,1,2,1,0,0,1,12,1,1,4,66,0,0
42,420103,2,4,2,22,2,12,55,12,6,1,0,42,1,12,401,12401,14,2011,1FMHK8F80BGA,1,F,M,H,K,8,F,8,0,B,G,A,0,0,0,000000000,00000000000,0,0,0,1,0,0,0,0,0,0,0,70,0,1,5,10,6,2,12,0,0,0,1,42,15317,6,1,0,0,3,0,79,999,1,0,0,0,0,7,2011,7,2011,0,0,0,0,0,2,2,55,1,1,2,1,0,0,1,62,1,1,1,66,1,0
42,420103,3,4,2,22,2,12,55,12,6,1,0,18,3,82,884,82884,66,2012,1FUJGLDR6CSB,1,F,U,J,G,L,D,R,6,C,S,B,1,3,57,00028406,5700028406,3,6,1,1,0,0,0,0,0,0,0,60,0,0,0,11,6,2,12,0,0,0,1,53,98362,6,1,6,0,3,3,72,210,0,0,0,0,0,0,0,0,0,0,0,0,0,0,2,2,55,1,1,2,1,0,0,1,62,3,2,3,98,0,0
42,420103,4,4,2,22,2,12,55,12,6,1,0,42,1,48,38,48038,6,2011,JF1GH6D6XBG8,J,F,1,G,H,6,D,6,X,B,G,8,0,0,0,000000000,00000000000,0,0,0,1,0,0,0,0,0,0,0,70,0,0,0,1,2,5,73,0,0,0,1,42,15301,6,1,0,0,3,0,70,999,0,0,0,0,0,0,0,0,0,0,0,0,0,0,2,2,55,1,1,2,1,0,0,1,62,8,1,4,98,0,0
42,420104,1,3,3,4,2,14,4,12,6,1,0,42,1,48,38,48038,6,2011,JF1GH6A65BH8,J,F,1,G,H,6,A,6,5,B,H,8,0,0,0,000000000,00000000000,0,0,0,1,0,0,0,0,0,0,0,999,0,0,0,3,6,2,12,0,0,0,1,42,19602,6,1,0,0,3,1,74,999,0,0,0,0,0,0,0,0,0,0,99,99,99,99,2,6,40,1,1,2,2,3,3,11,15,6,1,1,68,1,0
42,420104,2,3,2,4,2,14,4,12,6,1,0,42,1,2,404,2404,14,1997,1J4GZ58S5VC6,1,J,4,G,Z,5,8,S,5,V,C,6,0,0,0,000000000,00000000000,0,0,0,1,0,0,0,0,0,0,0,999,0,0,0,12,6,2,12,0,0,0,1,42,18011,6,1,0,0,3,0,70,999,0,0,0,0,0,0,0,0,0,0,99,99,99,99,2,6,40,1,1,2,2,3,3,1,62,8,1,1,69,0,0
42,420104,3,3,2,4,2,14,4,12,6,1,0,42,1,7,442,7442,20,2003,2D4GP44353R1,2,D,4,G,P,4,4,3,5,3,R,1,0,0,0,000000000,00000000000,0,0,0,1,0,0,0,0,0,0,0,0,0,0,0,12,2,5,12,0,0,0,1,42,19610,6,1,0,0,3,1,70,999,0,0,0,0,0,0,0,0,0,0,0,0,0,0,2,6,35,1,1,2,2,3,3,5,67,1,1,1,98,0,0
42,420105,1,1,5,9,2,21,9,25,0,1,0,42,1,14,401,14401,14,2005,4M2ZU86E15UJ,4,M,2,Z,U,8,6,E,1,5,U,J,0,0,0,000000000,00000000000,0,0,0,1,0,0,0,0,0,0,0,999,0,1,5,14,6,2,1,0,0,0,1,42,18504,6,1,0,0,3,0,67,999,0,0,0,0,0,0,0,0,0,0,87,0,0,0,3,2,50,2,1,2,3,0,0,14,5,99,2,4,2,2,0
42,420106,1,1,1,19,2,23,15,30,0,1,0,42,2,20,36,20036,2,2006,2G1WM15KX691,2,G,1,W,M,1,5,K,X,6,9,1,0,0,0,000000000,00000000000,0,0,0,1,0,0,0,0,0,0,0,45,0,0,0,9,6,2,30,0,0,0,1,42,15650,6,1,0,0,3,0,61,999,0,0,0,0,0,0,0,0,0,4,87,0,0,0,1,4,35,3,1,2,4,0,0,14,6,2,3,4,2,1,0
42,420107,1,1,1,4,2,2,28,25,0,1,0,4,1,2,403,2403,14,2013,1C4AJWAG1DL5,1,C,4,A,J,W,A,G,1,D,L,5,0,0,0,000000000,00000000000,0,0,0,1,0,0,0,0,0,0,0,999,0,1,6,11,6,2,1,0,0,1,1,4,86001,6,1,0,0,3,0,72,160,1,1,0,2,2,7,2011,10,2013,4,0,0,0,0,4,1,55,2,6,1,1,0,0,14,12,1,1,4,6,1,0
42,420108,1,1,1,12,2,13,7,48,0,1,0,42,2,2,405,2405,14,2005,1J4GL48KX5W5,1,J,4,G,L,4,8,K,X,5,W,5,0,0,0,000000000,00000000000,0,0,0,1,0,0,0,0,0,0,0,30,0,0,0,14,6,2,39,0,0,0,1,42,18446,6,1,0,0,3,1,64,999,0,0,0,0,0,0,0,0,0,3,0,0,0,0,1,2,25,2,5,2,1,0,0,14,12,1,1,4,6,1,0
42,420109,1,1,1,28,2,14,27,21,0,1,0,42,2,35,402,35402,14,2002,5N1ED28Y42C5,5,N,1,E,D,2,8,Y,4,2,C,5,0,0,0,000000000,00000000000,0,0,0,1,0,0,0,0,0,0,0,65,0,0,0,12,6,2,21,0,0,0,1,42,18072,6,1,0,0,3,0,74,999,0,0,0,0,0,0,0,0,0,4,99,99,99,99,3,3,55,3,1,1,1,0,0,14,13,1,1,4,1,1,0
42,420110,1,1,2,19,3,22,52,30,0,1,0,42,1,24,7,24007,4,2003,1G8AF52F13Z1,1,G,8,A,F,5,2,F,1,3,Z,1,0,0,0,000000000,00000000000,0,0,0,1,0,0,0,0,0,0,0,999,0,1,5,8,6,2,30,0,0,0,1,42,15684,6,1,0,0,3,3,71,999,0,0,0,0,0,0,0,0,0,3,87,0,0,0,3,2,45,1,1,1,2,0,0,1,6,1,3,4,2,1,1
42,420111,1,2,1,12,2,13,54,12,2,1,0,42,1,35,43,35043,4,2008,3N1AB61E38L6,3,N,1,A,B,6,1,E,3,8,L,6,0,0,0,000000000,00000000000,0,0,0,1,0,0,0,0,0,0,0,999,0,0,0,12,6,2,12,0,0,0,1,42,18103,6,1,0,0,3,3,68,999,0,0,0,0,0,0,0,0,0,0,51,0,0,0,1,2,40,1,5,1,1,0,0,1,10,9,1,2,50,1,1
42,420111,2,2,2,12,2,13,54,12,2,1,0,42,3,20,884,20884,72,2006,1GBT8C4CX6F4,1,G,B,T,8,C,4,C,X,6,F,4,0,0,57,00097235,5700097235,3,19,98,1,0,0,0,0,0,0,0,999,0,0,0,12,4,3,12,0,0,0,1,34,8865,6,1,6,0,3,0,72,999,1,0,0,0,0,8,2011,8,2011,0,0,0,0,0,1,2,40,1,6,1,1,0,0,1,62,8,1,1,51,0,0
42,420112,1,3,1,3,2,12,35,12,2,1,0,42,1,49,32,49032,4,2013,5YFBU4EEXDP1,5,Y,F,B,U,4,E,E,X,D,P,1,0,0,0,000000000,00000000000,0,0,0,1,0,0,0,0,0,0,0,999,0,0,0,12,6,2,12,0,0,0,1,42,18822,6,1,0,0,3,1,71,999,2,0,0,0,0,7,2012,11,2013,4,0,0,0,0,1,2,55,1,1,2,3,0,0,1,10,9,4,2,50,1,1
42,420112,2,3,1,3,2,12,35,12,2,1,0,42,3,82,884,82884,72,2009,1FVACXDJ39HA,1,F,V,A,C,X,D,J,3,9,H,A,0,0,57,02056020,5702056020,3,19,98,1,0,0,0,0,0,0,0,5,0,0,0,12,6,2,12,0,0,0,1,42,18801,6,1,6,0,3,0,72,999,0,0,0,0,0,0,0,0,0,0,0,0,0,0,1,2,55,1,1,2,3,0,0,1,62,99,1,1,51,0,0
42,420112,3,3,2,3,2,12,35,12,2,1,0,42,1,20,481,20481,32,2003,1GCHK29U03E3,1,G,C,H,K,2,9,U,0,3,E,3,0,0,0,000000000,00000000000,0,0,0,1,0,0,0,0,0,0,0,35,0,0,0,12,6,2,12,0,0,0,1,42,18801,6,1,0,0,3,3,70,999,1,0,0,0,0,9,2013,9,2013,0,0,0,0,0,1,2,55,1,1,2,3,0,0,1,62,7,1,1,98,0,0
42,420113,1,1,1,2,3,7,12,30,0,1,0,42,2,63,33,63033,5,2005,KNAFE1612550,K,N,A,F,E,1,6,1,2,5,5,0,0,0,0,000000000,00000000000,0,0,0,1,0,0,0,0,0,0,0,999,0,0,0,12,6,2,30,0,0,0,1,42,15010,6,1,0,0,2,0,66,999,3,3,0,0,1,4,2011,2,2014,0,99,99,99,99,1,2,15,1,1,2,2,0,0,99,12,1,9,4,6,1,0
42,420114,1,1,1,11,3,2,45,43,0,1,0,42,2,22,16,22016,2,1997,1G2JB1248V75,1,G,2,J,B,1,2,4,8,V,7,5,0,0,0,000000000,00000000000,0,0,0,1,0,0,0,0,0,0,0,60,0,0,0,12,6,2,43,0,0,0,1,42,18436,6,1,0,0,3,0,74,999,1,0,0,2,0,7,2012,4,2013,5,0,0,0,0,6,2,45,2,1,2,1,0,0,14,12,1,1,4,98,1,1
42,420115,1,1,2,2,3,6,30,14,0,1,0,42,2,6,43,6043,4,2002,1C3EL46R62N1,1,C,3,E,L,4,6,R,6,2,N,1,0,0,0,000000000,00000000000,0,0,0,1,0,0,0,0,0,0,0,999,4,0,0,9,6,2,14,0,0,0,1,42,16125,6,1,0,0,3,1,69,999,1,0,0,0,0,12,2011,12,2011,0,0,0,0,0,1,2,55,1,1,2,3,0,0,1,13,1,5,4,2,1,1
42,420116,1,1,1,3,3,11,20,8,0,1,0,42,3,12,481,12481,32,2008,1FTWF31R68EA,1,F,T,W,F,3,1,R,6,8,E,A,0,0,0,000000000,00000000000,0,0,0,1,0,0,0,0,0,0,0,999,0,0,0,12,2,3,8,0,0,0,1,42,19608,6,1,0,0,3,3,67,999,0,0,0,0,0,0,0,0,0,0,0,0,0,0,1,2,25,1,1,3,5,2,3,11,80,3,1,1,13,0,0
42,420117,1,1,2,5,3,21,32,43,0,1,0,42,2,12,401,12401,14,1997,1FMDU34X0VUB,1,F,M,D,U,3,4,X,0,V,U,B,0,0,0,000000000,00000000000,0,0,0,1,0,0,0,0,0,0,0,999,0,0,0,99,6,2,43,0,0,0,1,42,19138,0,0,0,0,0,0,68,999,0,33,0,0,0,11,2011,1,2012,0,99,99,99,99,3,2,25,1,1,2,4,0,0,99,99,1,9,9,99,1,0
42,420118,1,1,1,14,3,14,18,42,0,1,0,42,2,12,17,12017,4,2001,1FAFP52251A2,1,F,A,F,P,5,2,2,5,1,A,2,0,0,0,000000000,00000000000,0,0,0,1,0,0,0,0,0,0,0,999,0,0,0,12,6,2,42,0,0,0,1,42,17055,6,1,0,0,3,0,67,999,0,0,0,1,0,3,2012,3,2012,3,0,0,0,0,1,2,35,3,6,2,1,0,0,14,13,99,1,4,1,1,1
42,420119,1,1,1,21,3,18,25,42,0,1,0,42,2,20,32,20032,4,1999,1Y1SK5284XZ4,1,Y,1,S,K,5,2,8,4,X,Z,4,0,0,0,000000000,00000000000,0,0,0,1,0,0,0,0,0,0,0,55,0,0,0,12,6,2,42,0,0,1,1,42,16037,6,1,0,0,3,0,64,999,0,10,0,1,1,3,2011,1,2014,0,0,0,0,0,1,2,55,2,1,2,1,0,0,14,12,1,1,4,6,1,1
42,420120,1,2,1,15,3,17,17,12,6,1,0,42,1,12,37,12037,4,2002,1FAFP34P82W3,1,F,A,F,P,3,4,P,8,2,W,3,0,0,0,000000000,00000000000,0,0,0,1,0,0,0,0,0,0,0,999,0,0,0,12,2,5,12,0,0,0,1,42,19013,6,1,0,0,3,0,66,999,0,0,0,0,0,0,0,0,0,0,0,0,0,0,1,2,25,1,1,2,1,3,3,1,66,2,1,1,88,0,0
42,420120,2,2,1,15,3,17,17,12,6,1,0,92,0,73,709,73709,88,1999,JKAKXTCCXXA0,J,K,A,K,X,T,C,C,X,X,A,0,0,0,0,000000000,00000000000,0,0,0,1,0,0,0,0,0,0,0,999,0,0,0,8,6,2,33,0,0,0,1,42,19061,6,1,0,0,1,0,68,999,0,0,0,0,0,0,0,0,0,4,39,6,18,23,1,2,25,1,1,2,1,3,3,1,17,1,1,1,89,1,0
42,420121,1,1,1,12,3,9,14,8,0,1,0,42,1,2,407,2407,14,2011,1J4NF1GB0BD2,1,J,4,N,F,1,G,B,0,B,D,2,0,0,0,000000000,00000000000,0,0,0,1,0,0,0,0,0,0,0,999,0,0,0,2,2,3,8,0,0,0,1,42,15088,6,1,0,0,3,3,69,999,0,0,0,0,0,0,0,0,0,0,99,99,99,99,1,2,25,1,1,2,1,0,0,1,80,99,9,9,13,0,0