STATE,ST_CASE,VEH_NO,VE_FORMS,NUMOCCS,DAY,MONTH,HOUR,MINUTE,HARM_EV,MAN_COLL,UNITTYPE,HIT_RUN,REG_STAT,OWNER,MAKE,MODEL,MAK_MOD,BODY_TYP,MOD_YEAR,VIN,VIN_1,VIN_2,VIN_3,VIN_4,VIN_5,VIN_6,VIN_7,VIN_8,VIN_9,VIN_10,VIN_11,VIN_12,TOW_VEH,J_KNIFE,MCARR_I1,MCARR_I2,MCARR_ID,GVWR,V_CONFIG,CARGO_BT,HAZ_INV,HAZ_PLAC,HAZ_ID,HAZ_CNO,HAZ_REL,BUS_USE,SPEC_USE,EMER_USE,TRAV_SP,UNDERIDE,ROLLOVER,ROLINLOC,IMPACT1,DEFORMED,TOWED,M_HARM,VEH_SC1,VEH_SC2,FIRE_EXP,DR_PRES,L_STATE,DR_ZIP,L_STATUS,L_TYPE,CDL_STAT,L_ENDORS,L_COMPL,L_RESTRI,DR_HGT,DR_WGT,PREV_ACC,PREV_SUS,PREV_DWI,PREV_SPD,PREV_OTH,FIRST_MO,FIRST_YR,LAST_MO,LAST_YR,SPEEDREL,DR_SF1,DR_SF2,DR_SF3,DR_SF4,VTRAFWAY,VNUM_LAN,VSPD_LIM,VALIGN,VPROFILE,VPAVETYP,VSURCOND,VTRAFCON,VTCONT_F,P_CRASH1,P_CRASH2,P_CRASH3,PCRASH4,PCRASH5,ACC_TYPE,DEATHS,DR_DRINK
42,420161,1,1,1,13,3,16,44,8,0,1,0,42,1,35,47,35047,4,2005,1N4AL11D25C3,1,N,4,A,L,1,1,D,2,5,C,3,0,0,0,000000000,00000000000,0,0,0,1,0,0,0,0,0,0,0,999,0,0,0,1,4,5,8,0,0,0,1,42,19126,6,1,6,0,3,0,67,999,0,0,0,0,1,11,2012,11,2012,0,0,0,0,0,3,3,40,1,1,2,1,0,0,1,80,6,1,1,13,0,0
42,420162,1,1,1,15,1,14,19,24,0,1,0,42,1,23,481,23481,31,2007,2GTEK13Z2711,2,G,T,E,K,1,3,Z,2,7,1,1,0,0,0,000000000,00000000000,0,0,0,1,0,0,0,0,0,0,0,999,0,1,5,10,6,2,1,0,0,0,1,42,18708,6,1,0,0,3,0,69,999,0,0,0,1,0,3,2012,3,2012,4,87,0,0,0,1,3,55,1,6,2,4,0,0,1,6,99,4,4,2,1,1
42,420163,1,3,1,8,3,20,37,12,8,1,0,42,1,51,34,51034,4,1992,YV1AS8816N14,Y,V,1,A,S,8,8,1,6,N,1,4,0,0,0,000000000,00000000000,0,0,0,1,0,0,0,0,0,0,0,999,1,0,0,11,6,2,12,0,0,0,1,42,18708,6,1,0,0,3,0,73,999,0,0,0,0,0,0,0,0,0,0,28,0,0,0,1,2,35,1,1,2,1,0,0,1,10,1,1,2,64,1,1
42,420163,2,3,2,8,3,20,37,12,8,1,0,42,2,58,38,58038,4,2006,JNKAY01F86M2,J,N,K,A,Y,0,1,F,8,6,M,2,0,0,0,000000000,00000000000,0,0,0,1,0,0,0,0,0,0,0,999,0,0,0,10,4,3,12,0,0,0,1,42,18644,6,1,0,0,3,3,69,999,0,0,0,1,0,5,2013,5,2013,0,0,0,0,0,1,2,35,1,1,2,1,0,0,1,62,7,1,4,65,0,0
42,420163,3,3,2,8,3,20,37,12,8,1,0,42,1,32,43,32043,4,2004,WAULC68EX4A2,W,A,U,L,C,6,8,E,X,4,A,2,0,0,0,000000000,00000000000,0,0,0,1,0,0,0,0,0,0,0,999,0,0,0,12,6,2,12,0,0,0,1,42,18644,6,1,0,0,3,0,65,999,0,0,0,0,0,0,0,0,0,0,0,0,0,0,1,2,35,1,1,2,1,0,0,1,62,1,1,1,98,0,0
42,420164,1,3,2,7,3,20,25,12,2,1,0,42,2,49,401,49401,14,1994,JT3VN39W5R80,J,T,3,V,N,3,9,W,5,R,8,0,0,0,0,000000000,00000000000,0,0,0,1,0,0,0,0,0,0,0,55,0,0,0,12,6,2,12,0,0,0,1,42,17747,6,1,6,0,3,0,66,999,0,0,0,0,0,0,0,0,0,0,51,0,0,0,3,1,55,2,1,2,1,0,0,14,54,99,1,1,52,1,0
42,420164,2,3,2,7,3,20,25,12,2,1,0,42,2,7,422,7422,15,2004,1D4HB48N04F1,1,D,4,H,B,4,8,N,0,4,F,1,0,0,0,000000000,00000000000,0,0,0,1,0,0,0,0,0,0,0,55,0,0,0,12,6,2,12,0,0,0,1,42,17740,6,1,0,0,3,0,69,999,0,0,0,0,0,0,0,0,0,0,0,0,0,0,3,1,55,3,1,2,1,0,0,14,54,1,1,1,52,0,0
42,420164,3,3,3,7,3,20,25,12,2,1,0,42,1,2,404,2404,14,2002,1J4GW58SX2C2,1,J,4,G,W,5,8,S,X,2,C,2,0,0,0,000000000,00000000000,0,0,0,1,0,0,0,0,0,0,0,55,0,0,0,12,6,2,12,0,0,0,1,42,15537,6,1,0,0,3,1,70,999,0,0,0,0,0,0,0,0,0,0,0,0,0,0,3,1,55,3,1,2,1,0,0,14,54,2,1,1,98,0,0
42,420165,1,1,1,25,2,15,0,31,0,1,0,42,1,12,37,12037,3,2006,1FAHP31N86W1,1,F,A,H,P,3,1,N,8,6,W,1,0,0,0,000000000,00000000000,0,0,0,1,0,0,0,0,0,0,0,55,0,0,0,12,6,2,31,0,0,0,1,42,17844,6,1,0,0,3,0,68,999,1,0,0,0,0,1,2013,1,2013,0,0,0,0,0,1,2,45,1,5,1,1,0,0,1,8,1,1,4,6,1,0
42,420166,1,1,1,20,3,14,23,8,0,1,0,42,1,2,407,2407,14,2009,1J4FT28B29D1,1,J,4,F,T,2,8,B,2,9,D,1,0,0,0,000000000,00000000000,0,0,0,1,0,0,0,0,0,0,0,25,0,0,0,12,2,5,8,0,0,0,1,42,16125,6,1,0,0,3,3,70,999,0,0,0,0,0,0,0,0,0,0,6,0,0,0,1,2,35,1,1,2,1,0,0,1,80,2,1,1,13,0,0
42,420167,1,2,3,11,3,13,38,12,6,1,0,42,1,49,40,49040,4,2011,4T1BF3EK4BU2,4,T,1,B,F,3,E,K,4,B,U,2,0,0,0,000000000,00000000000,0,0,0,1,0,0,0,0,0,0,0,10,0,0,0,1,6,2,12,0,0,0,1,42,19046,6,1,0,0,3,3,64,999,0,0,0,0,0,0,0,0,0,0,48,0,0,0,2,3,35,1,1,2,1,3,3,11,15,1,1,1,68,1,0
42,420167,2,2,1,11,3,13,38,12,6,1,0,42,1,59,35,59035,4,2009,JTHCK2620920,J,T,H,C,K,2,6,2,0,9,2,0,0,0,0,000000000,00000000000,0,0,0,1,0,0,0,0,0,0,0,35,0,0,0,12,6,2,12,0,0,0,1,42,19141,6,1,0,0,3,0,66,999,0,0,0,0,0,0,0,0,0,0,0,0,0,0,2,3,35,1,1,2,1,0,0,1,62,1,1,1,69,0,0
42,420168,1,2,1,29,1,15,30,12,6,1,0,42,1,20,22,20022,2,2009,1G1AT18H7972,1,G,1,A,T,1,8,H,7,9,7,2,0,0,0,000000000,00000000000,0,0,0,1,0,0,0,0,0,0,0,35,0,0,0,2,6,2,12,0,0,0,1,42,16116,6,1,0,0,3,0,70,999,0,1,0,1,0,10,2012,1,2013,0,28,0,0,0,1,3,35,2,5,2,1,0,0,14,8,7,4,2,66,1,0
42,420168,2,2,1,29,1,15,30,12,6,1,0,42,1,12,402,12402,14,2010,1FMCU9DG9AKB,1,F,M,C,U,9,D,G,9,A,K,B,0,0,0,000000000,00000000000,0,0,0,1,0,0,0,0,0,0,0,999,0,0,0,12,6,2,12,0,0,0,1,42,16105,6,1,0,0,3,0,65,999,0,0,0,0,0,0,0,0,0,0,0,0,0,0,1,3,35,1,6,2,1,0,0,1,62,2,1,1,66,0,0
42,420169,1,1,2,17,3,16,38,14,0,1,0,42,1,20,481,20481,31,2003,1GCHK23173F2,1,G,C,H,K,2,3,1,7,3,F,2,0,0,0,000000000,00000000000,0,0,0,1,0,0,0,0,0,0,0,70,0,0,0,12,6,2,14,0,0,0,1,42,18106,6,1,0,0,3,0,71,999,1,1,2,0,0,3,2012,11,2012,3,0,0,0,0,3,2,55,3,5,1,1,0,0,14,11,6,1,4,11,1,0
42,420170,1,1,2,29,3,7,12,35,0,1,0,29,3,87,881,87881,66,2013,1XP4D49X8DD1,1,X,P,4,D,4,9,X,8,D,D,1,1,1,57,00003706,5700003706,3,6,1,1,0,0,0,0,0,0,0,70,0,1,5,5,6,2,1,0,0,0,1,29,65803,6,1,6,0,3,0,71,158,0,0,0,0,1,6,2011,6,2011,0,6,52,0,0,3,2,65,3,6,2,1,0,0,14,13,1,1,4,1,1,0
42,420171,1,1,1,25,3,15,46,8,0,1,0,42,1,7,402,7402,14,2000,1B4HS28N6YF2,1,B,4,H,S,2,8,N,6,Y,F,2,0,0,0,000000000,00000000000,0,0,0,1,0,0,0,0,0,0,0,999,0,0,0,12,0,5,8,0,0,0,1,42,19120,6,1,0,0,3,0,71,999,0,0,0,0,0,0,0,0,0,0,99,99,99,99,1,2,25,1,1,2,1,1,3,11,80,1,1,1,13,0,0
42,420172,1,4,1,14,3,7,38,12,6,1,0,42,3,90,981,90981,50,2004,1BABHC0A84F2,1,B,A,B,H,C,0,A,8,4,F,2,0,0,88,888888888,88888888888,3,21,22,1,0,0,0,0,1,2,0,999,7,0,0,1,4,3,12,0,0,0,1,42,16059,6,1,6,1,3,1,64,999,1,0,0,0,0,9,2012,9,2012,0,48,0,0,0,3,2,40,1,1,2,1,3,3,11,15,99,1,3,68,0,0
42,420172,2,4,1,14,3,7,38,12,6,1,0,42,1,7,482,7482,31,1999,1B7HF13Z0XJ5,1,B,7,H,F,1,3,Z,0,X,J,5,0,0,0,000000000,00000000000,0,0,0,1,0,0,0,0,0,0,0,999,0,0,0,12,6,2,12,0,0,0,1,42,15116,6,1,0,0,3,3,70,999,0,0,0,0,0,0,0,0,0,0,0,0,0,0,3,2,40,1,1,2,1,3,3,1,62,99,1,3,69,0,0
42,420172,3,4,1,14,3,7,38,12,6,1,0,42,1,35,47,35047,4,2011,1N4AL2AP1BN4,1,N,4,A,L,2,A,P,1,B,N,4,0,0,0,000000000,00000000000,0,0,0,1,0,0,0,0,0,0,0,0,0,0,0,12,6,2,12,0,0,0,1,42,15044,6,1,0,0,3,1,75,999,1,0,0,0,0,3,2014,3,2014,0,0,0,0,0,1,2,35,1,6,2,1,3,3,5,67,1,1,1,98,1,0
42,420172,4,4,1,14,3,7,38,12,6,1,0,42,1,34,35,34035,4,2011,WBAFU7C57BC7,W,B,A,F,U,7,C,5,7,B,C,7,0,0,0,000000000,00000000000,0,0,0,1,0,0,0,0,0,0,0,0,0,0,0,12,2,5,12,0,0,0,1,42,15044,6,1,0,0,3,0,70,999,0,0,0,0,0,0,0,0,0,0,0,0,0,0,1,2,35,1,6,2,1,3,3,5,67,1,1,1,98,0,0
42,420173,1,1,2,9,3,0,25,42,0,1,0,42,3,23,481,23481,31,2008,1GTHK23628F1,1,G,T,H,K,2,3,6,2,8,F,1,0,0,0,000000000,00000000000,0,0,0,1,0,0,0,0,0,0,0,62,0,0,0,1,6,2,42,0,0,0,1,42,16509,6,1,0,0,3,0,66,999,1,0,0,1,1,1,2012,4,2013,3,6,91,0,0,1,2,40,1,1,2,1,0,0,1,13,1,1,4,1,1,1
42,420174,1,1,1,7,3,21,43,8,0,1,1,99,9,99,999,99999,99,9999,999999999999,9,9,9,9,9,9,9,9,9,9,9,9,0,0,0,000000000,00000000000,0,0,0,1,0,0,0,0,0,0,0,999,0,0,0,98,9,5,8,0,0,0,1,99,99999,9,9,99,9,9,9,999,999,99,99,99,99,99,99,9999,99,9999,9,99,99,99,99,1,2,99,1,1,2,1,2,3,99,80,99,9,9,13,0,0
42,420175,1,1,1,29,3,23,40,42,0,1,0,42,1,12,24,12024,6,2008,2FMDK49C08BA,2,F,M,D,K,4,9,C,0,8,B,A,0,0,0,000000000,00000000000,0,0,0,1,0,0,0,0,0,0,0,80,0,1,3,11,6,2,1,0,0,0,1,42,18661,6,1,0,0,3,3,66,999,0,0,0,0,0,0,0,0,0,4,0,0,0,0,2,2,65,1,1,2,2,0,0,1,12,99,1,4,6,1,1
42,420176,1,1,1,30,3,21,50,21,0,1,0,42,1,2,404,2404,14,1997,1J4GZ58Y3VC7,1,J,4,G,Z,5,8,Y,3,V,C,7,0,0,0,000000000,00000000000,0,0,0,1,0,0,0,0,0,0,0,75,0,0,0,12,6,2,21,0,0,0,1,42,17019,6,1,0,0,3,0,70,999,2,0,0,1,0,10,2011,11,2012,4,87,0,0,0,3,2,55,1,1,2,10,0,0,99,13,1,1,4,1,1,0
42,420177,1,1,1,6,3,15,10,8,0,1,0,42,2,86,881,86881,63,2011,1M2AX09CXBM0,1,M,2,A,X,0,9,C,X,B,M,0,0,0,57,01244039,5701244039,3,2,98,1,0,0,0,0,0,0,0,999,0,0,0,12,0,3,8,0,0,0,1,42,15131,6,1,6,0,3,0,69,999,0,0,0,0,1,10,2012,10,2012,0,0,0,0,0,1,3,15,1,1,1,1,0,0,1,80,1,1,1,13,0,0
42,420178,1,1,1,12,3,4,0,35,0,1,0,42,1,14,36,14036,4,1999,1MEFM10P7XW6,1,M,E,F,M,1,0,P,7,X,W,6,0,0,0,000000000,00000000000,0,0,0,1,0,0,0,0,0,0,0,65,0,1,1,14,6,2,42,0,0,0,1,42,15377,6,1,0,0,3,0,69,999,0,0,0,0,0,0,0,0,0,4,0,0,0,0,1,2,25,1,1,4,1,0,0,1,13,1,1,4,1,1,1
42,420179,1,1,1,18,3,22,0,30,0,1,0,42,2,2,405,2405,14,2003,1J4GL48K23W6,1,J,4,G,L,4,8,K,2,3,W,6,0,0,0,000000000,00000000000,0,0,0,1,0,0,0,0,0,0,0,80,0,1,5,12,6,2,1,0,0,0,1,42,15801,6,1,0,0,3,0,65,999,1,0,0,0,0,1,2014,1,2014,3,0,0,0,0,1,2,35,1,1,2,1,0,0,1,13,1,1,4,1,1,1
42,420180,1,2,1,29,3,0,31,12,2,1,0,42,1,20,481,20481,31,1997,1GCEC14W4VZ1,1,G,C,E,C,1,4,W,4,V,Z,1,0,0,0,000000000,00000000000,0,0,0,1,0,0,0,0,0,0,0,45,0,0,0,12,6,2,12,0,0,0,1,42,17976,6,1,0,0,3,3,64,999,1,1,0,0,2,12,2011,3,2014,0,28,0,0,0,1,2,45,1,1,2,2,0,0,1,10,1,1,2,50,0,0
42,420180,2,2,1,29,3,0,31,12,2,1,0,42,1,20,16,20016,4,1996,1G1JC5247T72,1,G,1,J,C,5,2,4,7,T,7,2,0,0,0,000000000,00000000000,0,0,0,1,0,0,0,0,0,0,0,45,0,0,0,12,6,2,12,0,0,0,1,42,17976,6,1,0,0,3,0,65,999,0,0,0,0,0,0,0,0,0,0,0,0,0,0,1,2,45,1,1,2,2,0,0,1,62,1,1,1,51,1,0
42,420181,1,2,1,19,2,9,20,12,6,1,0,42,2,7,402,7402,14,2001,1B4HS28NX1F5,1,B,4,H,S,2,8,N,X,1,F,5,0,0,0,000000000,00000000000,0,0,0,1,0,0,0,0,0,0,0,40,0,1,1,3,6,2,12,0,0,0,1,42,15557,6,2,0,0,3,0,72,999,0,0,0,0,0,0,0,0,0,4,87,28,52,0,1,2,55,1,5,2,4,0,0,1,6,1,4,2,66,0,0
42,420181,2,2,1,19,2,9,20,12,6,1,0,42,1,20,22,20022,4,2006,1G1AL55F4677,1,G,1,A,L,5,5,F,4,6,7,7,0,0,0,000000000,00000000000,0,0,0,1,0,0,0,0,0,0,0,40,0,0,0,12,6,2,12,0,0,0,1,42,15501,6,1,0,0,3,0,71,999,0,0,0,0,0,0,0,0,0,0,0,0,0,0,1,2,55,1,6,2,4,0,0,1,62,1,1,1,66,1,0
42,420182,1,2,1,13,3,16,34,12,6,1,0,42,1,55,35,55035,5,2002,KMHDN55D82U0,K,M,H,D,N,5,5,D,8,2,U,0,0,0,0,000000000,00000000000,0,0,0,1,0,0,0,0,0,0,0,45,0,0,0,1,6,2,12,0,0,0,1,42,18848,6,1,0,0,3,0,66,999,0,0,0,0,0,0,0,0,0,0,6,48,0,0,1,2,55,3,1,2,1,0,0,11,15,1,1,1,68,0,1
42,420182,2,2,1,13,3,16,34,12,6,1,0,42,1,12,15,12015,4,1992,2FAPP36U0NB1,2,F,A,P,P,3,6,U,0,N,B,1,0,0,0,000000000,00000000000,0,0,0,1,0,0,0,0,0,0,0,55,9,0,0,12,6,2,12,0,0,0,1,42,18614,6,1,0,0,3,0,60,999,0,0,0,0,0,0,0,0,0,0,0,0,0,0,1,2,55,3,1,2,1,0,0,14,62,1,1,1,69,1,0
42,420183,1,1,2,14,3,14,39,35,0,1,0,42,2,22,18,22018,4,2005,1G2NE52E75M2,1,G,2,N,E,5,2,E,7,5,M,2,0,0,0,000000000,00000000000,0,0,0,1,0,0,0,0,0,0,0,50,0,1,1,1,6,2,1,0,0,0,1,42,15853,6,1,0,0,3,0,71,999,0,0,0,0,0,0,0,0,0,3,0,0,0,0,1,2,35,2,6,2,1,0,0,14,6,6,3,4,2,1,0
42,420184,1,3,1,30,3,17,41,12,6,1,0,21,1,7,482,7482,31,2013,1C6RR7KT0DS6,1,C,6,R,R,7,K,T,0,D,S,6,0,0,0,000000000,00000000000,0,0,0,1,0,0,0,0,0,0,0,999,0,0,0,12,6,2,12,0,0,0,1,21,41537,6,1,0,0,3,0,72,160,0,0,0,0,0,0,0,0,0,3,39,0,0,0,1,2,35,1,1,2,1,20,3,10,16,1,1,1,78,0,0
42,420184,2,3,1,30,3,17,41,12,6,1,0,42,1,37,32,37032,4,2010,1HGCP2F75AA0,1,H,G,C,P,2,F,7,5,A,A,0,0,0,0,000000000,00000000000,0,0,0,1,0,0,0,0,0,0,0,999,0,1,1,2,6,2,12,0,0,0,1,42,15444,6,1,6,0,3,0,67,999,0,0,0,0,0,0,0,0,0,0,0,0,0,0,1,2,35,1,5,2,1,0,0,1,65,1,1,1,79,1,0
42,420184,3,3,2,30,3,17,41,12,6,1,0,42,1,35,472,35472,30,2002,1N6ED27Y62C3,1,N,6,E,D,2,7,Y,6,2,C,3,0,0,0,000000000,00000000000,0,0,0,1,0,0,0,0,0,0,0,999,0,0,0,12,6,2,12,0,0,0,1,42,15357,6,1,0,0,3,0,68,999,0,0,0,0,0,0,0,0,0,0,0,0,0,0,1,2,35,1,1,2,1,0,0,1,62,1,1,1,98,0,0
42,420185,1,3,1,28,1,20,35,12,7,1,0,42,1,21,21,21021,2,1997,1G3NL12M5VM3,1,G,3,N,L,1,2,M,5,V,M,3,0,0,0,000000000,00000000000,0,0,0,1,0,0,0,0,0,0,0,60,0,0,0,12,6,2,12,0,0,0,1,42,17013,6,1,0,0,3,3,64,999,2,0,0,1,1,6,2011,11,2013,0,51,0,0,0,2,2,65,2,1,2,1,0,0,15,62,1,1,1,98,1,1
42,420185,2,3,1,28,1,20,35,12,7,1,0,37,3,82,881,82881,66,2009,1FUJGLCK19LA,1,F,U,J,G,L,C,K,1,9,L,A,1,1,57,01922433,5701922433,3,6,1,1,0,0,0,0,0,0,0,50,0,0,0,61,6,2,12,0,0,0,1,37,28227,6,1,6,0,3,0,68,999,0,0,0,0,1,8,2011,8,2011,0,0,0,0,0,2,2,65,3,1,2,1,0,0,14,54,8,2,2,47,0,0
42,420185,3,3,4,28,1,20,35,12,7,1,0,42,1,48,45,48045,6,2011,4S4BRDKC5B23,4,S,4,B,R,D,K,C,5,B,2,3,0,0,0,000000000,00000000000,0,0,0,1,0,0,0,0,0,0,0,55,0,0,0,81,4,3,12,0,0,0,1,42,17013,6,1,0,0,3,0,72,999,0,0,0,0,0,0,0,0,0,0,0,0,0,0,2,2,65,3,1,2,1,0,0,14,54,2,1,1,45,0,0
42,420186,1,1,1,9,3,19,0,35,0,1,0,42,1,20,16,20016,4,1998,1G1JC5240W72,1,G,1,J,C,5,2,4,0,W,7,2,0,0,0,000000000,00000000000,0,0,0,1,0,0,0,0,0,0,0,50,0,1,5,10,6,2,35,0,0,0,1,42,16938,6,1,6,0,3,0,70,999,0,0,0,0,0,0,0,0,0,0,99,99,99,99,1,2,45,3,6,2,1,0,0,14,12,1,1,4,6,1,1
42,420187,1,1,1,4,3,9,7,48,0,1,0,42,1,41,51,41051,4,2006,JM1BK32F1614,J,M,1,B,K,3,2,F,1,6,1,4,0,0,0,000000000,00000000000,0,0,0,1,0,0,0,0,0,0,0,65,0,0,0,98,6,2,21,0,0,0,1,42,19320,6,1,0,0,3,3,66,999,0,0,0,0,0,0,0,0,0,4,99,99,99,99,3,2,55,2,1,2,10,0,0,14,10,9,2,4,12,1,0
42,420188,1,1,1,23,3,0,42,1,0,1,0,42,2,20,471,20471,30,1998,1GCDT19X3W81,1,G,C,D,T,1,9,X,3,W,8,1,0,0,0,000000000,00000000000,0,0,0,1,0,0,0,0,0,0,0,60,0,2,5,0,6,2,1,0,0,0,1,42,17331,6,1,0,0,3,0,69,999,0,0,0,0,0,0,0,0,0,3,0,0,0,0,1,2,45,3,1,2,1,0,0,14,13,8,5,4,2,1,1
42,420189,1,2,1,21,3,7,28,12,2,1,0,42,2,13,1,13001,4,2000,1LNHM82W4YY8,1,L,N,H,M,8,2,W,4,Y,Y,8,0,0,0,000000000,00000000000,0,0,0,1,0,0,0,0,0,0,0,999,0,0,0,12,6,2,12,0,0,1,1,42,19440,6,1,0,0,3,3,63,999,0,0,0,1,0,3,2013,3,2013,4,28,0,0,0,1,2,40,3,4,2,1,40,3,14,10,99,1,2,50,1,0
42,420189,2,2,1,21,3,7,28,12,2,1,0,42,1,49,402,49402,14,2006,JTMBD31V1660,J,T,M,B,D,3,1,V,1,6,6,0,0,0,0,000000000,00000000000,0,0,0,1,0,0,0,0,0,0,0,999,0,0,0,12,6,2,12,0,0,1,1,42,18929,6,1,0,0,3,3,69,999,0,0,0,0,0,0,0,0,0,0,0,0,0,0,1,2,40,2,4,2,1,40,3,14,62,98,1,1,51,1,0
42,420190,1,2,4,12,3,14,55,12,6,1,0,42,2,37,32,37032,4,2009,1HGCP36899A0,1,H,G,C,P,3,6,8,9,9,A,0,0,0,0,000000000,00000000000,0,0,0,1,0,0,0,0,0,0,0,999,0,0,0,3,6,2,12,0,0,0,1,42,15401,6,2,0,0,3,0,76,999,0,0,0,0,1,2,2013,2,2013,4,28,6,0,0,2,5,40,2,6,2,2,0,0,14,6,9,4,2,66,2,0
42,420190,2,2,1,12,3,14,55,12,6,1,0,42,1,23,401,23401,14,2005,1GKDT13SX523,1,G,K,D,T,1,3,S,X,5,2,3,0,0,0,000000000,00000000000,0,0,0,1,0,0,0,0,0,0,0,40,0,0,0,12,6,2,12,0,0,0,1,42,15401,6,1,0,0,3,3,61,999,0,0,0,0,0,0,0,0,0,0,0,0,0,0,2,5,40,3,4,2,2,0,0,14,62,1,1,1,66,0,0
42,420191,1,1,1,18,3,18,55,42,0,1,0,42,1,14,3,14003,1,1991,6MPCT01Z7M86,6,M,P,C,T,0,1,Z,7,M,8,6,0,0,0,000000000,00000000000,0,0,0,1,0,0,0,0,0,0,0,999,0,0,0,12,6,2,42,0,0,0,1,42,17747,6,1,0,0,3,3,66,999,0,1,0,1,0,3,2011,4,2011,5,0,0,0,0,1,2,55,3,1,2,1,0,0,14,12,1,1,4,6,1,1
42,420192,1,3,2,5,1,15,10,12,6,1,0,12,2,12,401,12401,14,2003,1FMZU64W83UA,1,F,M,Z,U,6,4,W,8,3,U,A,0,0,0,000000000,00000000000,0,0,0,1,0,0,0,0,0,0,0,65,0,1,1,2,6,2,12,0,0,0,1,12,34105,6,1,0,0,3,0,71,999,0,0,0,0,0,0,0,0,0,4,87,51,0,0,2,2,65,2,1,1,4,0,0,14,6,7,4,4,66,0,0
42,420192,2,3,3,5,1,15,10,12,6,1,0,42,2,20,2,20002,6,1985,1G1BN35H8FX1,1,G,1,B,N,3,5,H,8,F,X,1,0,0,0,000000000,00000000000,0,0,0,1,0,0,0,0,0,0,0,65,0,0,0,12,6,2,12,0,0,0,1,42,18902,6,1,0,0,3,0,67,999,0,0,0,2,0,5,2011,12,2012,0,0,0,0,0,2,2,65,3,1,1,4,0,0,14,62,99,1,1,66,3,0
42,420192,3,3,2,5,1,15,10,12,6,1,0,51,1,6,441,6441,20,2013,2C4RC1BG7DR8,2,C,4,R,C,1,B,G,7,D,R,8,0,0,0,000000000,00000000000,0,0,0,1,0,0,0,0,0,0,0,65,0,0,0,61,6,2,12,0,0,0,1,51,24018,6,1,0,0,3,0,76,235,0,0,0,0,0,0,0,0,0,0,0,0,0,0,2,2,65,3,1,1,4,0,0,14,60,9,1,1,98,0,0
42,420193,1,1,1,8,3,14,27,30,0,1,0,42,2,6,14,6014,4,1985,1C3BF66P6FX6,1,C,3,B,F,6,6,P,6,F,X,6,0,0,0,000000000,00000000000,0,0,0,1,0,0,0,0,0,0,0,50,0,1,1,12,6,2,1,0,0,0,1,42,15459,6,1,0,0,3,0,72,999,0,0,0,0,0,0,0,0,0,5,0,0,0,0,1,2,30,3,1,2,1,0,0,14,13,1,1,4,1,1,1
42,420194,1,1,3,30,3,10,30,1,0,1,0,42,1,38,401,38401,14,2001,JACDJ58XX17J,J,A,C,D,J,5,8,X,X,1,7,J,0,0,0,000000000,00000000000,0,0,0,1,0,0,0,0,0,0,0,60,0,1,5,0,6,2,1,0,0,0,1,42,15224,6,1,6,0,3,1,71,999,0,0,0,0,0,0,0,0,0,4,87,0,0,0,3,2,65,2,6,2,10,0,0,14,6,9,3,4,2,1,0
42,420195,1,1,1,31,3,18,50,34,0,1,0,42,2,2,404,2404,14,1998,1J4FJ68S1WL1,1,J,4,F,J,6,8,S,1,W,L,1,0,0,0,000000000,00000000000,0,0,0,1,0,0,0,0,0,0,0,45,0,1,5,9,6,2,1,0,0,0,1,42,18231,6,1,0,0,3,0,73,999,0,0,0,0,0,0,0,0,0,0,58,0,0,0,1,2,45,3,1,2,1,0,0,14,13,99,1,4,1,1,1
42,420196,1,1,1,31,3,2,10,8,0,1,1,99,9,99,999,99999,79,9999,999999999999,9,9,9,9,9,9,9,9,9,9,9,9,1,1,99,999999999,99999999999,9,99,99,1,0,0,0,0,0,0,0,999,0,0,0,99,9,5,8,0,0,0,1,99,99999,9,9,99,9,9,9,999,999,99,99,99,99,99,99,9999,99,9999,0,99,99,99,99,3,2,55,1,1,2,1,0,0,99,80,3,9,1,13,0,0
42,420197,1,5,1,20,3,11,15,12,8,1,0,34,3,82,881,82881,66,2013,3AKJGEDR5DSF,3,A,K,J,G,E,D,R,5,D,S,F,1,1,57,00709906,5700709906,3,6,1,1,0,0,0,0,0,0,0,999,9,0,0,11,6,2,12,0,0,0,1,34,8863,6,1,6,0,8,3,69,999,0,0,0,0,1,6,2012,6,2012,0,28,0,0,0,1,3,55,3,6,2,1,0,0,14,11,6,1,6,64,1,0
42,420197,2,5,1,20,3,11,15,12,8,1,0,42,2,85,881,85881,66,2000,1XKWDB9X5YJ8,1,X,K,W,D,B,9,X,5,Y,J,8,1,1,57,01805809,5701805809,3,6,3,1,0,0,0,0,0,0,0,50,0,0,0,7,2,5,12,0,0,0,1,36,14892,6,1,6,0,3,0,69,999,0,0,0,0,1,6,2013,6,2013,0,0,0,0,0,1,3,55,2,5,2,1,0,0,14,62,1,1,1,65,0,0
42,420197,3,5,2,20,3,11,15,12,8,1,0,40,2,87,881,87881,63,2007,1NPALU0X47D6,1,N,P,A,L,U,0,X,4,7,D,6,0,0,57,00107540,5700107540,3,2,98,1,0,0,0,0,0,0,0,45,0,0,0,98,2,5,54,0,0,0,1,42,18512,6,1,6,0,3,0,72,999,0,0,0,0,0,0,0,0,0,0,0,0,0,0,1,3,55,2,5,2,1,0,0,14,98,1,1,1,98,0,0