STATE,ST_CASE,VEH_NO,VE_FORMS,NUMOCCS,DAY,MONTH,HOUR,MINUTE,HARM_EV,MAN_COLL,UNITTYPE,HIT_RUN,REG_STAT,OWNER,MAKE,MODEL,MAK_MOD,BODY_TYP,MOD_YEAR,VIN,VIN_1,VIN_2,VIN_3,VIN_4,VIN_5,VIN_6,VIN_7,VIN_8,VIN_9,VIN_10,VIN_11,VIN_12,TOW_VEH,J_KNIFE,MCARR_I1,MCARR_I2,MCARR_ID,GVWR,V_CONFIG,CARGO_BT,HAZ_INV,HAZ_PLAC,HAZ_ID,HAZ_CNO,HAZ_REL,BUS_USE,SPEC_USE,EMER_USE,TRAV_SP,UNDERIDE,ROLLOVER,ROLINLOC,IMPACT1,DEFORMED,TOWED,M_HARM,VEH_SC1,VEH_SC2,FIRE_EXP,DR_PRES,L_STATE,DR_ZIP,L_STATUS,L_TYPE,CDL_STAT,L_ENDORS,L_COMPL,L_RESTRI,DR_HGT,DR_WGT,PREV_ACC,PREV_SUS,PREV_DWI,PREV_SPD,PREV_OTH,FIRST_MO,FIRST_YR,LAST_MO,LAST_YR,SPEEDREL,DR_SF1,DR_SF2,DR_SF3,DR_SF4,VTRAFWAY,VNUM_LAN,VSPD_LIM,VALIGN,VPROFILE,VPAVETYP,VSURCOND,VTRAFCON,VTCONT_F,P_CRASH1,P_CRASH2,P_CRASH3,PCRASH4,PCRASH5,ACC_TYPE,DEATHS,DR_DRINK
42,420236,1,2,1,17,1,19,55,12,6,1,0,42,1,12,422,12422,15,1998,1FMPU18L9WLA,1,F,M,P,U,1,8,L,9,W,L,A,0,0,0,000000000,00000000000,0,0,0,1,0,0,0,0,0,0,0,10,0,0,0,9,6,2,12,0,0,0,1,42,16226,6,1,0,0,3,0,71,999,0,0,0,0,0,0,0,0,0,0,48,6,0,0,2,2,65,1,1,2,3,0,0,12,98,1,1,1,98,1,0
42,420236,2,2,1,17,1,19,55,12,6,1,0,42,1,2,404,2404,14,1998,1J4FJ27S3WL1,1,J,4,F,J,2,7,S,3,W,L,1,0,0,0,000000000,00000000000,0,0,0,1,0,0,0,0,0,0,0,45,0,0,0,12,6,2,12,0,0,0,1,42,16201,6,1,0,0,3,0,71,999,0,0,0,0,0,0,0,0,0,0,0,0,0,0,2,2,65,1,1,2,3,0,0,1,61,99,1,1,98,0,0
42,420237,1,1,1,20,4,2,36,1,0,1,0,42,2,20,22,20022,2,2005,1G1AL14F9576,1,G,1,A,L,1,4,F,9,5,7,6,0,0,0,000000000,00000000000,0,0,0,1,0,0,0,0,0,0,0,999,0,2,1,0,6,2,1,0,0,0,1,42,18434,6,1,0,0,3,0,69,999,0,0,0,0,0,0,0,0,0,5,0,0,0,0,2,2,65,1,6,1,1,0,0,1,98,1,1,1,98,1,1
42,420238,1,1,1,12,4,16,57,8,0,1,0,34,3,12,461,12461,21,2007,1FBSS31L27DA,1,F,B,S,S,3,1,L,2,7,D,A,0,0,0,000000000,00000000000,0,0,0,1,0,0,0,0,0,0,0,999,0,0,0,14,0,3,8,0,0,0,1,42,19013,6,1,0,0,3,0,71,999,0,0,0,0,0,0,0,0,0,0,0,0,0,0,4,1,25,1,1,2,1,0,0,1,80,1,1,1,13,0,0
42,420239,1,1,2,21,4,23,56,42,0,1,0,42,1,72,706,72706,80,2012,1HD1CT310CC4,1,H,D,1,C,T,3,1,0,C,C,4,0,0,0,000000000,00000000000,0,0,0,1,0,0,0,0,0,0,0,60,0,0,0,12,6,2,35,0,0,0,1,42,17954,6,1,0,0,3,3,65,999,0,0,0,0,0,0,0,0,0,0,58,0,0,0,1,2,45,2,1,2,1,0,0,14,12,1,1,4,6,1,0
42,420240,1,1,1,4,4,22,23,8,0,1,0,42,1,49,442,49442,20,2004,5TDBA23C34S0,5,T,D,B,A,2,3,C,3,4,S,0,0,0,0,000000000,00000000000,0,0,0,1,0,0,0,0,0,0,0,999,0,0,0,11,4,3,8,0,0,0,1,42,18360,6,1,0,0,3,0,69,999,0,0,0,0,0,0,0,0,0,0,0,0,0,0,1,2,55,1,1,2,1,0,0,6,80,1,1,1,13,0,0
42,420241,1,1,1,28,4,11,45,1,0,1,0,42,1,37,709,37709,80,1999,JH2PC3503XM0,J,H,2,P,C,3,5,0,3,X,M,0,0,0,0,000000000,00000000000,0,0,0,1,0,0,0,0,0,0,0,999,0,0,0,0,4,3,1,0,0,0,1,42,19602,1,1,0,0,2,0,65,999,0,0,0,0,0,0,0,0,0,5,52,0,0,0,1,2,25,1,5,2,1,0,0,1,98,3,1,1,98,1,0
42,420242,1,2,1,18,4,1,34,12,6,1,0,42,3,12,16,12016,4,2007,2FAHP71W37X1,2,F,A,H,P,7,1,W,3,7,X,1,0,0,0,000000000,00000000000,0,0,0,1,0,0,0,0,0,1,0,999,9,0,0,12,6,2,12,0,0,0,1,42,19082,6,1,0,0,3,0,72,999,0,0,0,0,0,0,0,0,0,0,99,99,99,99,1,2,30,1,1,2,1,0,0,1,67,99,1,1,83,0,0
42,420242,2,2,1,18,4,1,34,12,6,1,0,42,2,35,39,35039,4,2000,JN1CA31D0YT7,J,N,1,C,A,3,1,D,0,Y,T,7,0,0,0,000000000,00000000000,0,0,0,1,0,0,0,0,0,0,0,999,0,0,0,10,6,2,12,0,0,0,1,42,19027,6,1,0,0,3,0,66,999,0,1,0,0,1,7,2011,6,2012,0,38,0,0,0,4,1,25,1,1,2,1,20,3,11,15,99,1,1,82,1,0
42,420243,1,3,1,14,4,11,35,12,8,1,0,24,2,20,481,20481,31,1997,1GCGK24F9VE1,1,G,C,G,K,2,4,F,9,V,E,1,0,0,0,000000000,00000000000,0,0,0,1,0,0,0,0,0,0,0,999,0,0,0,11,6,2,12,0,0,0,1,24,21901,6,1,0,0,3,3,74,190,0,0,0,0,0,0,0,0,0,0,28,0,0,0,1,2,45,1,1,2,1,0,0,1,10,99,1,2,64,0,0
42,420243,2,3,1,14,4,11,35,12,8,1,0,42,1,37,31,37031,2,1996,1HGEJ6125TL0,1,H,G,E,J,6,1,2,5,T,L,0,0,0,0,000000000,00000000000,0,0,0,1,0,0,0,0,0,0,0,999,0,0,0,11,6,2,12,0,0,0,1,42,19352,1,1,0,0,2,1,68,999,2,7,0,0,2,3,2012,2,2014,0,0,0,0,0,1,2,45,1,1,2,1,0,0,1,62,9,1,1,65,0,0
42,420243,3,3,1,14,4,11,35,12,8,1,0,42,1,12,37,12037,4,2012,1FAHP3F27CL3,1,F,A,H,P,3,F,2,7,C,L,3,0,0,0,000000000,00000000000,0,0,0,1,0,0,0,0,0,0,0,999,0,0,0,12,6,2,12,0,0,0,1,42,19365,6,1,0,0,3,0,74,999,0,0,0,1,0,1,2012,1,2012,0,0,0,0,0,1,2,45,1,1,2,1,0,0,1,62,99,1,1,98,1,1
42,420244,1,1,2,23,4,5,15,8,0,1,0,42,2,37,441,37441,20,2001,2HKRL18651H5,2,H,K,R,L,1,8,6,5,1,H,5,0,0,0,000000000,00000000000,0,0,0,1,0,0,0,0,0,0,0,45,0,0,0,1,6,2,8,0,0,0,1,42,18017,6,1,0,0,3,0,66,999,1,0,0,0,1,5,2013,5,2013,0,0,0,0,0,1,2,45,3,1,2,1,0,0,14,80,8,1,1,13,0,0
42,420245,1,3,1,7,4,8,5,12,6,1,0,42,3,20,481,20481,31,2006,1GCHC24U46E2,1,G,C,H,C,2,4,U,4,6,E,2,0,0,0,000000000,00000000000,0,0,0,1,0,0,0,0,0,0,0,999,0,0,0,12,2,5,12,0,0,0,1,42,16156,6,2,0,0,3,0,75,999,0,0,0,0,0,0,0,0,0,0,38,0,0,0,0,0,0,0,0,0,0,0,0,1,98,1,1,1,88,0,0
42,420245,2,3,3,7,4,8,5,12,6,1,0,42,1,49,32,49032,4,2008,2T1BR32E08C8,2,T,1,B,R,3,2,E,0,8,C,8,0,0,0,000000000,00000000000,0,0,0,1,0,0,0,0,0,0,0,999,0,0,0,7,6,2,12,0,0,0,1,42,16105,6,1,0,0,3,0,65,999,0,0,0,0,0,0,0,0,0,0,35,0,0,0,1,2,35,1,1,2,1,0,0,6,71,1,1,1,89,1,0
42,420245,3,3,1,7,4,8,5,12,6,1,0,42,3,92,981,92981,52,1999,15GGB2218X10,1,5,G,G,B,2,2,1,8,X,1,0,0,0,88,888888888,88888888888,3,21,22,1,0,0,0,0,6,3,0,999,0,0,0,12,0,5,12,0,0,0,1,42,16105,6,1,6,1,3,0,71,999,0,0,0,1,0,5,2011,5,2011,0,0,0,0,0,1,2,35,1,1,2,1,0,0,1,62,2,1,1,98,0,0
42,420246,1,3,1,21,4,19,10,12,6,1,0,34,2,20,22,20022,2,2008,1G1AL18F1872,1,G,1,A,L,1,8,F,1,8,7,2,0,0,0,000000000,00000000000,0,0,0,1,0,0,0,0,0,0,0,5,0,0,0,11,6,2,12,0,0,0,1,34,17522,6,1,0,0,3,0,65,999,0,0,0,1,1,10,2012,5,2013,0,38,0,0,0,1,2,40,1,1,2,1,20,3,1,17,1,1,1,89,0,0
42,420246,2,3,3,21,4,19,10,12,6,1,0,42,2,20,481,20481,31,2000,2GCEK19T4Y12,2,G,C,E,K,1,9,T,4,Y,1,2,0,0,0,000000000,00000000000,0,0,0,1,0,0,0,0,0,0,0,40,0,1,1,12,6,2,1,0,0,0,1,42,17073,6,1,0,0,3,3,64,999,1,0,0,0,1,9,2012,10,2012,0,0,0,0,0,1,2,40,1,1,2,1,0,0,1,66,6,1,1,88,0,0
42,420246,3,3,1,21,4,19,10,12,6,1,0,42,2,21,17,21017,4,1996,1G3AJ55M0T63,1,G,3,A,J,5,5,M,0,T,6,3,0,0,0,000000000,00000000000,0,0,0,1,0,0,0,0,0,0,0,0,0,0,0,9,6,2,12,0,0,0,1,42,17522,6,1,0,0,3,0,70,999,0,0,0,0,0,0,0,0,0,0,0,0,0,0,1,2,40,1,1,2,1,0,0,5,62,1,1,1,98,1,0
42,420247,1,1,2,6,4,15,54,1,0,1,0,12,1,49,402,49402,14,2006,JTMZD33V6650,J,T,M,Z,D,3,3,V,6,6,5,0,0,0,0,000000000,00000000000,0,0,0,1,0,0,0,0,0,0,0,35,0,1,1,0,6,2,1,0,0,0,1,12,32903,6,1,0,0,3,3,64,999,0,0,0,0,0,0,0,0,0,4,79,0,0,0,1,2,55,3,5,2,1,0,0,14,6,6,4,2,98,1,0
42,420248,1,1,1,12,4,23,56,42,0,1,0,42,2,20,32,20032,4,1998,1Y1SK5284WZ4,1,Y,1,S,K,5,2,8,4,W,Z,4,0,0,0,000000000,00000000000,0,0,0,1,0,0,0,0,0,0,0,999,0,0,0,2,6,2,42,0,0,0,1,42,19053,6,1,0,0,3,1,66,999,0,1,2,0,0,10,2012,5,2013,4,0,0,0,0,1,2,35,3,6,2,1,0,0,14,10,7,9,4,7,1,1
42,420249,1,3,3,30,4,22,58,12,1,1,0,34,1,14,17,14017,4,2000,1MEFM55SXYG6,1,M,E,F,M,5,5,S,X,Y,G,6,0,0,0,000000000,00000000000,0,0,0,1,0,0,0,0,0,0,0,0,0,0,0,6,6,2,12,0,0,0,1,34,8004,6,1,0,0,3,0,65,999,0,0,0,0,0,0,0,0,0,0,23,54,0,0,3,2,65,1,1,2,2,40,3,5,53,1,1,1,21,1,0
42,420249,2,3,1,30,4,22,58,12,1,1,0,42,1,30,40,30040,4,1998,3VWRF81H8WM2,3,V,W,R,F,8,1,H,8,W,M,2,0,0,0,000000000,00000000000,0,0,0,1,0,0,0,0,0,0,0,62,2,0,0,12,6,2,12,0,0,0,1,42,15210,6,1,0,0,3,0,71,999,0,0,0,0,0,0,0,0,0,0,0,0,0,0,3,2,65,1,1,2,2,40,3,1,50,8,1,1,20,0,0
42,420249,3,3,2,30,4,22,58,12,1,1,0,8,4,20,404,20404,14,2013,2GNFLGEK8D62,2,G,N,F,L,G,E,K,8,D,6,2,0,0,0,000000000,00000000000,0,0,0,1,0,0,0,0,0,0,0,85,0,0,0,12,6,2,12,0,0,0,1,97,99999,9,9,99,0,9,9,999,999,99,99,99,99,99,99,9999,99,9999,4,6,0,0,0,3,2,65,1,1,2,2,40,3,1,50,6,1,1,98,0,0
42,420250,1,3,1,9,4,13,30,12,6,1,0,42,2,55,401,55401,14,2003,KM8SC73D03U4,K,M,8,S,C,7,3,D,0,3,U,4,0,0,0,000000000,00000000000,0,0,0,1,0,0,0,0,0,0,0,65,0,0,0,12,6,2,12,0,0,0,1,42,17013,6,1,0,0,3,0,71,999,0,0,0,0,0,0,0,0,0,3,51,35,0,0,2,2,55,1,1,2,1,0,0,6,12,1,1,4,64,1,1
42,420250,2,3,2,9,4,13,30,12,6,1,0,34,3,85,881,85881,66,2011,1XKADP9X9BJ2,1,X,K,A,D,P,9,X,9,B,J,2,1,1,57,01227326,5701227326,3,6,1,1,0,0,0,0,0,0,0,65,0,0,0,11,6,2,12,0,0,0,1,34,8081,6,1,6,0,3,0,72,999,4,3,0,1,5,6,2011,8,2013,0,0,0,0,0,2,2,55,1,1,2,1,0,0,1,62,99,1,1,65,1,0
42,420250,3,3,1,9,4,13,30,12,6,1,0,55,3,82,881,82881,66,2014,3AKJGLD59ESF,3,A,K,J,G,L,D,5,9,E,S,F,1,1,57,00074481,5700074481,3,6,1,1,0,0,0,0,0,0,0,60,0,0,0,62,6,2,35,0,0,0,1,13,30296,6,1,6,0,3,0,66,175,98,0,0,0,0,0,0,0,0,0,0,0,0,0,2,2,55,1,1,2,1,0,0,1,60,9,1,1,98,0,0
42,420251,1,1,2,27,4,18,45,24,0,1,0,36,1,72,706,72706,80,2002,1HD1GEV142Y3,1,H,D,1,G,E,V,1,4,2,Y,3,0,0,0,000000000,00000000000,0,0,0,1,0,0,0,0,0,0,0,55,0,0,0,61,6,2,5,0,0,0,1,36,14727,6,1,0,0,3,0,71,999,0,0,0,0,0,0,0,0,0,4,0,0,0,0,1,2,45,2,1,2,1,0,0,1,12,7,1,4,6,1,1
42,420252,1,3,1,18,4,13,45,12,8,1,0,42,1,20,37,20037,4,2004,1G1ND52F44M5,1,G,1,N,D,5,2,F,4,4,M,5,0,0,0,000000000,00000000000,0,0,0,1,0,0,0,0,0,0,0,55,0,0,0,11,6,2,12,0,0,0,1,42,16830,6,1,0,0,3,0,66,999,0,0,0,0,1,11,2013,11,2013,0,28,0,0,0,1,2,55,1,1,2,1,0,0,1,10,1,1,2,64,1,0
42,420252,2,3,1,18,4,13,45,12,8,1,0,42,1,12,481,12481,31,2001,1FTZX17201NA,1,F,T,Z,X,1,7,2,0,1,N,A,0,0,0,000000000,00000000000,0,0,0,1,0,0,0,0,0,0,0,55,0,0,0,11,6,2,12,0,0,0,1,42,16830,6,1,6,0,3,0,72,999,0,0,0,0,0,0,0,0,0,0,0,0,0,0,1,2,55,1,1,2,1,0,0,1,62,7,1,4,65,0,0
42,420252,3,3,2,18,4,13,45,12,8,1,0,42,2,20,481,20481,31,2005,1GCEK19V85E2,1,G,C,E,K,1,9,V,8,5,E,2,0,0,0,000000000,00000000000,0,0,0,1,0,0,0,0,0,0,0,55,0,0,0,12,6,2,12,0,0,0,1,42,15857,6,1,0,0,3,0,71,999,1,0,0,1,0,12,2011,6,2012,0,0,0,0,0,1,2,55,1,1,2,1,0,0,1,62,6,1,2,98,0,0
42,420253,1,3,1,26,4,18,34,12,6,1,0,42,1,20,9,20009,2,2010,2G1FB1EVXA91,2,G,1,F,B,1,E,V,X,A,9,1,0,0,0,000000000,00000000000,0,0,0,1,0,0,0,0,0,0,0,25,0,0,0,12,6,2,12,0,0,0,1,42,19082,6,1,0,0,3,0,72,999,0,0,0,0,0,0,0,0,0,0,0,0,0,0,4,3,25,1,1,2,1,3,3,1,66,99,1,1,88,0,0
42,420253,2,3,2,26,4,18,34,12,6,1,0,42,1,35,47,35047,4,2006,1N4BL11D46N3,1,N,4,B,L,1,1,D,4,6,N,3,0,0,0,000000000,00000000000,0,0,0,1,0,0,0,0,0,0,0,25,0,0,0,9,6,2,12,0,0,0,1,42,19143,6,1,0,0,3,0,61,999,0,0,0,0,0,0,0,0,0,0,39,0,0,0,4,1,25,1,1,2,1,3,3,1,17,1,1,1,89,1,0
42,420253,3,3,1,26,4,18,34,12,6,1,0,42,1,18,2,18002,4,2003,1G4HP52K93U2,1,G,4,H,P,5,2,K,9,3,U,2,0,0,0,000000000,00000000000,0,0,0,1,0,0,0,0,0,0,0,25,0,0,0,2,2,3,12,0,0,0,1,42,19139,6,1,0,0,3,0,70,999,0,0,0,0,0,0,0,0,0,0,0,0,0,0,4,3,25,1,1,2,1,3,3,1,61,99,1,3,98,0,0
42,420254,1,1,2,21,4,17,24,18,0,1,0,42,1,20,481,20481,31,2004,2GCEK19T9413,2,G,C,E,K,1,9,T,9,4,1,3,0,0,0,000000000,00000000000,0,0,0,1,0,0,0,0,0,0,0,55,0,0,0,1,6,2,42,0,0,0,1,42,15742,6,1,6,0,3,0,72,999,1,1,2,0,1,9,2011,11,2012,0,99,99,99,99,1,2,55,2,1,2,1,0,0,14,13,1,1,4,1,1,0
42,420255,1,1,1,19,4,20,50,8,0,1,0,42,1,12,481,12481,31,2012,1FT7X2B62CEC,1,F,T,7,X,2,B,6,2,C,E,C,0,0,0,000000000,00000000000,0,0,0,1,0,0,0,0,0,0,0,35,0,0,0,12,4,9,8,0,0,0,1,42,18966,6,1,6,0,3,0,75,999,1,0,0,0,1,10,2011,1,2014,5,0,0,0,0,1,4,25,1,1,2,1,0,0,1,80,1,1,1,13,0,0
42,420256,1,1,4,24,4,20,18,8,0,1,0,34,2,37,421,37421,15,2006,5FNYF18526B0,5,F,N,Y,F,1,8,5,2,6,B,0,0,0,0,000000000,00000000000,0,0,0,1,0,0,0,0,0,0,0,999,0,0,0,11,4,3,8,0,0,0,1,34,7079,6,1,0,0,3,0,63,999,0,0,0,0,0,0,0,0,0,0,0,0,0,0,2,2,65,1,6,2,1,0,0,1,80,2,1,1,13,0,0
42,420257,1,2,3,10,4,13,57,12,1,1,0,42,2,20,16,20016,4,2002,1G1JC5246272,1,G,1,J,C,5,2,4,6,2,7,2,0,0,0,000000000,00000000000,0,0,0,1,0,0,0,0,0,0,0,25,0,0,0,12,6,2,12,0,0,0,1,42,15601,6,1,0,0,3,3,70,999,0,0,0,0,0,0,0,0,0,0,0,0,0,0,6,2,55,2,1,2,1,0,0,14,50,1,1,1,20,1,0
42,420257,2,2,1,10,4,13,57,12,1,1,0,42,4,85,884,85884,66,2008,1XKDPBEX18J2,1,X,K,D,P,B,E,X,1,8,J,2,1,1,57,00113651,5700113651,3,6,3,1,0,0,0,0,0,0,0,0,0,0,0,6,2,5,12,0,0,0,1,42,19426,6,1,6,1,3,0,66,999,1,3,0,1,1,8,2011,4,2014,0,0,0,0,0,6,2,55,2,1,2,1,0,0,5,53,1,1,1,21,0,0
42,420258,1,2,4,23,4,1,17,12,7,1,1,42,2,53,41,53041,4,2010,JS2RE9A53A61,J,S,2,R,E,9,A,5,3,A,6,1,0,0,0,000000000,00000000000,0,0,0,1,0,0,0,0,0,0,0,999,0,1,5,3,6,2,30,0,0,0,1,99,99999,9,9,99,9,9,9,999,999,99,99,99,99,99,99,9999,99,9999,0,0,0,0,0,3,2,35,1,5,1,1,0,0,6,11,3,1,2,44,1,0
42,420258,2,2,1,23,4,1,17,12,7,1,0,42,1,7,482,7482,32,2001,3B7HC13Y31G7,3,B,7,H,C,1,3,Y,3,1,G,7,0,0,0,000000000,00000000000,0,0,0,1,0,0,0,0,0,0,0,3,0,0,0,61,2,5,12,0,0,0,1,42,15209,6,1,0,0,3,0,68,999,1,2,0,0,0,9,2011,2,2013,0,0,0,0,0,3,2,35,1,5,1,1,0,0,1,60,1,1,1,45,0,0
42,420259,1,2,1,12,4,21,27,14,0,1,0,42,3,2,499,2499,19,2012,999999999999,9,9,9,9,9,9,9,9,9,9,9,9,0,0,0,000000000,00000000000,0,0,0,1,0,0,0,0,0,0,0,999,0,0,0,1,4,5,8,0,0,0,1,42,19111,6,1,0,0,3,3,68,999,0,0,0,0,1,4,2014,4,2014,0,99,99,99,99,3,3,50,2,1,2,1,0,0,14,13,1,1,4,11,0,0
42,420259,3,2,1,12,4,21,27,14,0,1,0,42,1,13,421,13421,15,2007,5LMFL28537LJ,5,L,M,F,L,2,8,5,3,7,L,J,0,0,0,000000000,00000000000,0,0,0,1,0,0,0,0,0,0,0,999,0,0,0,61,4,5,12,0,0,0,1,42,19126,6,1,0,0,3,0,66,999,1,0,0,0,0,8,2013,8,2013,0,0,0,0,0,3,3,50,2,1,2,1,0,0,14,61,1,1,1,98,0,0
42,420260,1,1,1,15,4,0,30,24,0,1,0,42,1,2,404,2404,14,2004,1J4GW58N04C4,1,J,4,G,W,5,8,N,0,4,C,4,0,0,0,000000000,00000000000,0,0,0,1,0,0,0,0,0,0,0,60,0,1,5,1,6,2,1,0,0,0,1,42,17519,6,1,0,0,3,0,66,999,0,0,0,0,0,0,0,0,0,4,0,0,0,0,1,2,45,2,1,2,8,0,0,14,13,1,1,4,1,1,1
42,420261,1,1,1,5,4,0,50,42,0,1,0,42,2,18,20,18020,4,1992,2G4WB54L7N14,2,G,4,W,B,5,4,L,7,N,1,4,0,0,0,000000000,00000000000,0,0,0,1,0,0,0,0,0,0,0,999,0,0,0,9,6,2,42,0,0,0,1,42,17963,6,1,0,0,3,0,70,999,0,0,0,0,0,0,0,0,0,3,0,0,0,0,1,2,30,3,1,2,2,0,0,14,6,99,3,4,2,1,0
42,420262,1,1,1,1,4,5,19,24,0,1,0,42,3,20,403,20403,14,2004,1GNDT13S6424,1,G,N,D,T,1,3,S,6,4,2,4,0,0,0,000000000,00000000000,0,0,0,1,0,0,0,0,0,0,0,55,0,1,3,12,6,2,1,0,0,0,1,42,19063,1,1,0,0,2,0,73,999,0,0,0,0,0,0,0,0,0,0,99,99,99,99,3,2,55,2,1,2,1,0,0,1,12,1,1,4,6,1,1
42,420263,1,1,1,13,4,15,0,1,0,1,0,42,1,72,706,72706,80,1999,1HD1DJV14XY6,1,H,D,1,D,J,V,1,4,X,Y,6,0,0,0,000000000,00000000000,0,0,0,1,0,0,0,0,0,0,0,60,0,0,0,0,6,2,1,0,0,0,1,42,15341,6,1,0,0,2,0,67,999,0,0,0,0,0,0,0,0,0,4,0,0,0,0,3,2,55,3,6,2,1,0,0,14,6,99,1,4,2,1,0
42,420264,1,1,1,6,4,0,45,34,0,1,0,42,2,50,705,50705,80,2001,SMT800GE51J1,S,M,T,8,0,0,G,E,5,1,J,1,0,0,0,000000000,00000000000,0,0,0,1,0,0,0,0,0,0,0,999,0,0,0,12,6,2,59,0,0,0,1,42,18519,6,1,0,0,3,3,73,999,0,0,0,0,0,0,0,0,0,4,0,0,0,0,3,3,55,3,5,1,1,0,0,14,13,99,1,4,1,1,1
42,420265,1,1,1,12,4,18,38,30,0,1,0,42,1,12,3,12003,2,2003,1FAFP42X63F4,1,F,A,F,P,4,2,X,6,3,F,4,0,0,0,000000000,00000000000,0,0,0,1,0,0,0,0,0,0,0,100,0,0,0,3,6,2,42,35,0,0,1,42,19154,6,1,0,0,3,3,67,999,0,0,0,0,0,0,0,0,0,5,0,0,0,0,6,2,55,1,1,2,1,0,0,15,6,8,4,4,2,1,1
42,420266,1,3,1,12,4,14,4,12,6,1,0,42,2,12,21,12021,4,2005,1FAFP26165G1,1,F,A,F,P,2,6,1,6,5,G,1,0,0,0,000000000,00000000000,0,0,0,1,0,0,0,0,0,0,0,5,0,0,0,5,2,5,12,0,0,0,1,42,17801,6,1,0,0,3,0,71,999,0,0,0,0,0,0,0,0,0,0,48,0,0,0,1,2,55,1,1,2,1,0,0,11,15,1,1,1,68,0,0
42,420266,2,3,1,12,4,14,4,12,6,1,0,42,1,73,706,73706,80,2005,JKAZXCC105A0,J,K,A,Z,X,C,C,1,0,5,A,0,0,0,0,000000000,00000000000,0,0,0,1,0,0,0,0,0,0,0,55,0,0,0,12,6,2,12,0,0,0,1,42,17850,6,1,0,0,2,0,71,999,0,0,0,0,0,0,0,0,0,0,0,0,0,0,1,2,55,1,1,2,1,0,0,1,62,99,1,1,69,1,0
42,420266,3,3,3,12,4,14,4,12,6,1,0,42,2,20,403,20403,14,2005,1GNET16S1561,1,G,N,E,T,1,6,S,1,5,6,1,0,0,0,000000000,00000000000,0,0,0,1,0,0,0,0,0,0,0,5,0,0,0,11,4,3,12,0,0,0,1,42,17801,6,1,0,0,3,0,73,999,0,0,0,0,0,0,0,0,0,0,0,0,0,0,1,2,55,1,1,2,1,0,0,1,62,1,1,1,98,0,0
42,420267,1,1,1,4,5,2,15,34,0,1,0,42,1,14,21,14021,4,2007,3MEHM07107R6,3,M,E,H,M,0,7,1,0,7,R,6,0,0,0,000000000,00000000000,0,0,0,1,0,0,0,0,0,0,0,999,0,1,5,99,6,2,1,0,0,0,1,42,18436,6,1,0,0,3,3,63,999,0,0,0,1,0,12,2012,12,2012,4,0,0,0,0,1,2,30,3,1,2,1,0,0,14,12,1,1,4,6,1,0
42,420268,1,1,1,27,4,0,50,41,0,1,0,42,2,19,22,19022,4,2008,1G6KD57Y98U1,1,G,6,K,D,5,7,Y,9,8,U,1,0,0,0,000000000,00000000000,0,0,0,1,0,0,0,0,0,0,0,85,0,0,0,12,6,2,42,0,0,0,1,42,15338,6,1,0,0,3,0,60,999,0,0,0,0,0,0,0,0,0,3,58,0,0,0,1,2,55,1,1,2,1,0,0,1,10,7,4,4,7,1,1
42,420269,1,1,4,3,4,1,45,41,0,1,1,42,1,30,40,30040,4,2005,3VWSE69M45M0,3,V,W,S,E,6,9,M,4,5,M,0,0,0,0,000000000,00000000000,0,0,0,1,0,0,0,0,0,0,0,999,0,0,0,6,6,2,41,0,0,0,1,42,15683,6,1,0,0,3,1,72,999,0,0,0,1,0,3,2013,3,2013,4,0,0,0,0,1,2,50,3,1,2,1,0,0,14,6,99,4,4,7,1,0
42,420270,1,2,1,30,5,10,9,12,6,1,0,42,1,12,13,12013,6,1999,3FAFP15P7XR1,3,F,A,F,P,1,5,P,7,X,R,1,0,0,0,000000000,00000000000,0,0,0,1,0,0,0,0,0,0,0,999,0,0,0,8,6,2,12,0,0,0,1,42,18901,6,1,0,0,3,0,67,999,0,0,0,0,0,0,0,0,0,0,38,0,0,0,0,0,0,0,0,0,0,0,0,11,98,1,1,1,82,1,0
42,420270,2,2,1,30,5,10,9,12,6,1,0,34,1,87,881,87881,66,2006,1XP5DB9X46N6,1,X,P,5,D,B,9,X,4,6,N,6,1,1,57,00577357,5700577357,3,6,2,2,2,8888,3,1,0,0,0,999,0,0,0,12,6,2,12,0,0,0,1,34,7727,6,1,6,1,3,0,72,999,1,0,0,0,0,7,2012,7,2012,0,0,0,0,0,1,2,50,1,1,2,1,0,0,1,72,8,2,3,83,0,0
42,420271,1,2,1,24,5,2,20,12,8,1,0,42,1,20,481,20481,31,2002,1GCEK19V62Z2,1,G,C,E,K,1,9,V,6,2,Z,2,0,0,0,000000000,00000000000,0,0,0,1,0,0,0,0,0,0,0,55,0,0,0,11,6,2,12,0,0,0,1,42,18603,6,1,0,0,3,0,69,999,0,0,0,1,0,8,2012,8,2012,0,28,0,0,0,1,2,55,3,1,2,1,0,0,14,10,1,1,2,64,0,1
42,420271,2,2,5,24,5,2,20,12,8,1,0,42,1,20,16,20016,2,2000,1G1JC1241Y74,1,G,1,J,C,1,2,4,1,Y,7,4,0,0,0,000000000,00000000000,0,0,0,1,0,0,0,0,0,0,0,55,0,0,0,11,6,2,12,0,0,0,1,42,16743,6,1,0,0,3,0,72,999,0,0,0,0,0,0,0,0,0,0,0,0,0,0,1,2,55,2,1,2,1,0,0,14,62,1,1,1,65,1,0