STATE,ST_CASE,VEH_NO,VE_FORMS,NUMOCCS,DAY,MONTH,HOUR,MINUTE,HARM_EV,MAN_COLL,UNITTYPE,HIT_RUN,REG_STAT,OWNER,MAKE,MODEL,MAK_MOD,BODY_TYP,MOD_YEAR,VIN,VIN_1,VIN_2,VIN_3,VIN_4,VIN_5,VIN_6,VIN_7,VIN_8,VIN_9,VIN_10,VIN_11,VIN_12,TOW_VEH,J_KNIFE,MCARR_I1,MCARR_I2,MCARR_ID,GVWR,V_CONFIG,CARGO_BT,HAZ_INV,HAZ_PLAC,HAZ_ID,HAZ_CNO,HAZ_REL,BUS_USE,SPEC_USE,EMER_USE,TRAV_SP,UNDERIDE,ROLLOVER,ROLINLOC,IMPACT1,DEFORMED,TOWED,M_HARM,VEH_SC1,VEH_SC2,FIRE_EXP,DR_PRES,L_STATE,DR_ZIP,L_STATUS,L_TYPE,CDL_STAT,L_ENDORS,L_COMPL,L_RESTRI,DR_HGT,DR_WGT,PREV_ACC,PREV_SUS,PREV_DWI,PREV_SPD,PREV_OTH,FIRST_MO,FIRST_YR,LAST_MO,LAST_YR,SPEEDREL,DR_SF1,DR_SF2,DR_SF3,DR_SF4,VTRAFWAY,VNUM_LAN,VSPD_LIM,VALIGN,VPROFILE,VPAVETYP,VSURCOND,VTRAFCON,VTCONT_F,P_CRASH1,P_CRASH2,P_CRASH3,PCRASH4,PCRASH5,ACC_TYPE,DEATHS,DR_DRINK
42,420272,1,1,1,31,5,17,47,30,0,1,0,42,1,37,706,37706,80,2002,1HFSC47492A1,1,H,F,S,C,4,7,4,9,2,A,1,0,0,0,000000000,00000000000,0,0,0,1,0,0,0,0,0,0,0,999,0,0,0,12,6,2,30,0,0,0,1,42,17087,6,1,0,0,3,3,71,999,0,0,0,0,0,0,0,0,0,0,0,0,0,0,1,2,45,2,6,2,1,0,0,14,12,1,1,4,6,1,1
42,420273,1,1,1,21,5,13,0,35,0,1,0,15,1,72,706,72706,80,2014,1HD1JRV17EB0,1,H,D,1,J,R,V,1,7,E,B,0,0,0,0,000000000,00000000000,0,0,0,1,0,0,0,0,0,0,0,65,0,0,0,12,6,2,24,0,0,0,1,23,96815,6,1,0,0,3,0,71,150,0,0,0,0,0,0,0,0,0,0,99,99,99,99,3,2,65,1,1,2,2,0,0,1,10,1,1,4,6,1,0
42,420274,1,1,1,4,2,18,56,8,0,1,0,42,1,49,32,49032,4,2007,2T1BR32E27C7,2,T,1,B,R,3,2,E,2,7,C,7,0,0,0,000000000,00000000000,0,0,0,1,0,0,0,0,0,0,0,999,0,0,0,12,4,3,8,0,0,0,1,42,16143,6,1,0,0,3,0,68,999,0,0,0,0,0,0,0,0,0,0,0,0,0,0,1,3,55,1,1,2,1,0,0,1,80,8,2,1,13,0,0
42,420275,1,1,1,3,5,21,20,8,0,1,0,42,1,20,421,20421,15,2005,1GNEK13T45J2,1,G,N,E,K,1,3,T,4,5,J,2,0,0,0,000000000,00000000000,0,0,0,1,0,0,0,0,0,0,0,999,0,0,0,11,0,5,8,0,0,0,1,42,15203,6,1,0,0,3,0,69,999,1,0,0,0,0,5,2012,5,2012,0,28,38,33,0,1,2,25,1,1,2,1,20,3,11,80,1,1,1,13,0,0
42,420276,1,1,2,18,4,22,49,34,0,1,0,42,1,18,7,18007,4,1998,2G4WS52M6W15,2,G,4,W,S,5,2,M,6,W,1,5,0,0,0,000000000,00000000000,0,0,0,1,0,0,0,0,0,0,0,999,0,0,0,11,6,2,3,0,0,0,1,42,15761,6,1,0,0,3,0,70,999,0,0,0,0,0,0,0,0,0,0,33,0,0,0,1,2,45,2,6,2,1,0,0,14,12,1,1,4,6,1,0
42,420277,1,1,1,21,5,2,10,42,0,1,0,42,1,20,16,20016,2,2003,1G1JH12F3372,1,G,1,J,H,1,2,F,3,3,7,2,0,0,0,000000000,00000000000,0,0,0,1,0,0,0,0,0,0,0,999,0,0,0,62,6,2,42,0,0,0,1,42,15132,6,1,0,0,3,3,64,999,0,0,0,0,0,0,0,0,0,9,99,99,99,99,1,2,35,1,6,2,1,0,0,1,12,99,1,4,6,1,1
42,420278,1,2,1,8,5,19,50,12,6,1,0,42,2,37,706,37706,80,1999,1HFSC323XXA4,1,H,F,S,C,3,2,3,X,X,A,4,0,0,0,000000000,00000000000,0,0,0,1,0,0,0,0,0,0,0,40,0,0,0,12,6,2,12,0,0,0,1,42,15301,6,1,0,0,3,0,72,999,0,0,0,0,0,0,0,0,0,0,28,0,0,0,1,2,45,2,1,2,1,0,0,14,10,1,1,2,64,1,1
42,420278,2,2,1,8,5,19,50,12,6,1,0,42,2,48,38,48038,4,2007,JF1GD74657G5,J,F,1,G,D,7,4,6,5,7,G,5,0,0,0,000000000,00000000000,0,0,0,1,0,0,0,0,0,0,0,25,0,0,0,11,6,2,12,0,0,0,1,42,15312,6,1,6,0,3,0,65,999,0,0,0,0,1,10,2012,10,2012,0,0,0,0,0,1,2,45,3,1,2,1,0,0,14,62,9,1,1,65,0,0
42,420279,1,1,2,5,5,16,37,24,0,1,0,42,1,13,1,13001,4,2001,1LNHM97V51Y6,1,L,N,H,M,9,7,V,5,1,Y,6,0,0,0,000000000,00000000000,0,0,0,1,0,0,0,0,0,0,0,999,0,0,0,12,6,2,35,0,0,0,1,42,18657,6,1,0,0,3,0,66,999,0,0,0,0,0,0,0,0,0,0,99,99,99,99,1,3,25,1,6,2,1,0,0,1,13,9,1,4,1,1,0
42,420280,1,1,1,9,5,9,42,30,0,1,0,42,1,6,16,6016,4,1987,1C3BC56K5HF2,1,C,3,B,C,5,6,K,5,H,F,2,0,0,0,000000000,00000000000,0,0,0,1,0,0,0,0,0,0,0,999,0,0,0,12,6,2,30,0,0,0,1,42,17408,6,1,0,0,3,1,66,999,0,0,0,0,0,0,0,0,0,0,0,0,0,0,1,3,45,1,1,2,1,0,0,1,8,1,1,4,6,1,0
42,420281,1,1,1,30,5,14,41,42,0,1,0,42,1,12,15,12015,4,1991,1FAPP36X0MK1,1,F,A,P,P,3,6,X,0,M,K,1,0,0,0,000000000,00000000000,0,0,0,1,0,0,0,0,0,0,0,999,0,0,0,12,6,2,42,0,0,0,1,42,17402,6,1,0,0,3,1,66,999,0,0,0,0,0,0,0,0,0,0,0,0,0,0,2,5,35,1,1,2,1,3,3,11,8,1,1,4,1,1,0
42,420282,1,2,1,3,5,9,25,12,2,1,0,42,2,49,40,49040,4,1998,4T1BG22K5WU3,4,T,1,B,G,2,2,K,5,W,U,3,0,0,0,000000000,00000000000,0,0,0,1,0,0,0,0,0,0,0,999,0,0,0,12,6,2,12,0,0,0,1,42,16441,6,1,0,0,3,0,71,999,0,0,0,0,0,0,0,0,0,4,28,0,0,0,1,2,45,1,6,2,1,0,0,1,10,9,1,2,50,0,0
42,420282,2,2,1,3,5,9,25,12,2,1,0,42,2,12,13,12013,6,1995,1FASP15J5SW3,1,F,A,S,P,1,5,J,5,S,W,3,0,0,0,000000000,00000000000,0,0,0,1,0,0,0,0,0,0,0,999,0,0,0,12,6,2,12,0,0,0,1,42,19605,6,1,0,0,3,1,68,999,0,0,0,0,0,0,0,0,0,0,0,0,0,0,1,2,45,1,5,2,1,0,0,1,62,8,1,1,51,1,0
42,420283,1,2,1,19,5,12,22,12,2,1,0,42,1,20,16,20016,4,2000,1G1JC5242Y71,1,G,1,J,C,5,2,4,2,Y,7,1,0,0,0,000000000,00000000000,0,0,0,1,0,0,0,0,0,0,0,999,0,0,0,12,6,2,12,0,0,0,1,42,15084,6,1,0,0,3,0,65,999,0,0,0,0,0,0,0,0,0,0,28,0,0,0,1,2,40,1,1,2,1,0,0,1,10,99,1,2,50,1,0
42,420283,2,2,1,19,5,12,22,12,2,1,0,42,1,84,881,84881,63,2003,2HTCHAET13C0,2,H,T,C,H,A,E,T,1,3,C,0,0,0,57,00860796,5700860796,3,2,4,1,0,0,0,0,0,0,0,999,0,0,0,12,6,2,12,0,0,0,1,42,15022,6,1,6,0,3,0,70,999,1,0,0,0,1,6,2011,10,2011,0,0,0,0,0,1,2,40,1,5,2,1,0,0,1,62,3,9,3,51,0,0
42,420284,1,2,1,15,5,9,0,12,8,1,0,42,4,20,37,20037,4,2007,1G1ZS57F27F2,1,G,1,Z,S,5,7,F,2,7,F,2,0,0,0,000000000,00000000000,0,0,0,1,0,0,0,0,0,0,0,999,0,0,0,62,6,2,12,0,0,0,1,42,17901,6,1,0,0,3,3,70,999,1,0,0,1,0,1,2013,5,2014,4,28,0,0,0,1,2,45,2,1,2,2,0,0,14,6,7,1,2,64,1,0
42,420284,2,2,1,15,5,9,0,12,8,1,0,40,3,51,883,51883,66,2000,4V4ND1RJ5YN7,4,V,4,N,D,1,R,J,5,Y,N,7,1,1,57,00912923,5700912923,3,6,6,1,0,0,0,0,0,0,0,30,0,0,0,9,2,5,12,0,0,0,1,42,19380,6,1,6,0,3,0,76,999,0,0,0,0,1,7,2012,7,2012,0,0,0,0,0,1,2,45,3,1,2,2,0,0,14,62,9,2,1,65,0,0
42,420285,1,2,1,6,5,5,36,59,0,1,0,42,1,12,481,12481,31,2002,1FTRX18L52NA,1,F,T,R,X,1,8,L,5,2,N,A,0,0,0,000000000,00000000000,0,0,0,1,0,0,0,0,0,0,0,999,0,0,0,12,6,2,12,0,0,0,1,42,17353,6,1,0,0,3,3,67,999,0,0,0,0,0,0,0,0,0,0,99,99,99,99,1,3,50,1,1,2,1,0,0,1,10,99,1,4,6,0,0
42,420285,2,2,1,6,5,5,36,59,0,1,0,42,1,14,17,14017,4,1993,1MELM5042PA6,1,M,E,L,M,5,0,4,2,P,A,6,0,0,0,000000000,00000000000,0,0,0,1,0,0,0,0,0,0,0,999,0,0,0,1,6,2,12,0,0,0,1,42,17222,6,1,0,0,3,0,72,999,0,0,0,0,0,0,0,0,0,0,0,0,0,0,1,3,50,1,1,2,1,0,0,1,63,6,1,2,98,1,0
42,420286,1,2,2,30,5,15,35,12,6,1,0,42,2,2,406,2406,14,2006,1J8HG48K46C2,1,J,8,H,G,4,8,K,4,6,C,2,0,0,0,000000000,00000000000,0,0,0,1,0,0,0,0,0,0,0,20,0,0,0,12,6,2,12,0,0,0,1,42,17745,6,2,0,0,3,0,72,999,0,0,0,0,0,0,0,0,0,0,38,6,0,0,1,2,40,1,1,2,1,20,3,4,17,1,1,1,88,0,0
42,420286,2,2,1,30,5,15,35,12,6,1,0,42,1,53,706,53706,80,1997,JS1VX51L1V21,J,S,1,V,X,5,1,L,1,V,2,1,0,0,0,000000000,00000000000,0,0,0,1,0,0,0,0,0,0,0,40,0,0,0,10,6,2,12,0,0,0,1,42,16652,6,1,0,0,3,3,70,999,0,0,0,0,0,0,0,0,0,0,0,0,0,0,1,2,40,1,5,2,1,0,0,1,66,1,1,1,89,1,0
42,420287,1,1,1,20,5,5,40,35,0,1,0,42,1,20,471,20471,30,1997,1GCCS1447VK1,1,G,C,C,S,1,4,4,7,V,K,1,0,0,0,000000000,00000000000,0,0,0,1,0,0,0,0,0,0,0,45,0,1,5,2,6,2,1,0,0,0,1,42,15435,6,1,0,0,3,0,67,999,0,0,0,0,0,0,0,0,0,0,0,0,0,0,1,2,40,1,1,2,1,0,0,1,13,1,1,4,1,1,0
42,420288,1,1,2,23,5,23,49,1,0,1,0,0,0,76,739,76739,90,2003,JY4AG02363C0,J,Y,4,A,G,0,2,3,6,3,C,0,0,0,0,000000000,00000000000,0,0,0,1,0,0,0,0,0,0,0,40,0,2,2,0,2,3,1,0,0,0,1,42,16407,6,1,0,0,2,0,70,999,1,0,0,0,1,11,2011,9,2012,5,0,0,0,0,1,1,55,3,6,5,1,0,0,14,6,1,3,4,98,1,1
42,420289,1,1,1,25,5,15,54,25,0,1,0,34,1,76,705,76705,80,2009,JYARJ16E49A0,J,Y,A,R,J,1,6,E,4,9,A,0,0,0,0,000000000,00000000000,0,0,0,1,0,0,0,0,0,0,0,55,0,0,0,10,4,3,25,0,0,0,1,34,8857,6,1,0,0,3,3,68,999,0,0,0,1,0,6,2012,6,2012,0,0,0,0,0,6,1,55,3,6,1,1,0,0,14,12,99,1,4,6,1,1
42,420290,1,1,1,6,5,16,4,8,0,1,0,42,1,7,482,7482,32,2011,1D7RV1GT8BS5,1,D,7,R,V,1,G,T,8,B,S,5,0,0,0,000000000,00000000000,0,0,0,1,0,0,0,0,0,0,0,35,0,0,0,11,2,3,8,0,0,0,1,42,17566,6,1,0,0,3,0,74,999,0,0,0,0,0,0,0,0,0,0,0,0,0,0,1,2,35,1,1,2,1,0,0,1,82,1,1,4,13,0,1
42,420291,1,1,1,13,5,18,35,35,0,1,0,42,2,53,705,53705,80,2008,JS1GN7EA5821,J,S,1,G,N,7,E,A,5,8,2,1,0,0,0,000000000,00000000000,0,0,0,1,0,0,0,0,0,0,0,999,0,0,0,12,6,2,1,0,0,0,1,42,17347,6,1,0,0,3,0,71,999,1,0,0,0,0,8,2012,8,2012,4,0,0,0,0,1,2,25,2,1,2,1,0,0,14,6,1,1,4,1,1,0
42,420292,1,1,1,19,5,9,39,35,0,1,0,42,3,85,881,85881,63,2007,1NKDXBEX77J2,1,N,K,D,X,B,E,X,7,7,J,2,0,0,57,00374207,5700374207,3,1,7,1,0,0,0,0,0,0,0,999,0,1,5,2,6,2,30,0,0,0,1,42,19039,6,1,6,0,3,0,74,999,0,0,0,0,0,0,0,0,0,4,0,0,0,0,1,2,35,3,6,2,1,40,3,14,6,8,2,4,2,1,0
42,420293,1,1,1,24,5,19,59,30,0,1,0,42,1,72,706,72706,80,1999,1HD1BKL1XXY0,1,H,D,1,B,K,L,1,X,X,Y,0,0,0,0,000000000,00000000000,0,0,0,1,0,0,0,0,0,0,0,999,0,0,0,2,6,2,30,0,0,0,1,42,16841,6,1,0,0,3,0,68,999,0,0,0,0,0,0,0,0,0,3,0,0,0,0,1,2,35,1,1,2,2,0,0,1,13,99,1,4,1,1,1
42,420294,1,1,1,11,5,21,52,35,0,1,0,42,1,72,706,72706,80,1989,1HD1DML13KY5,1,H,D,1,D,M,L,1,3,K,Y,5,0,0,0,000000000,00000000000,0,0,0,1,0,0,0,0,0,0,0,45,0,0,0,11,6,2,35,0,0,0,1,42,19526,6,1,6,0,3,0,72,999,0,0,0,0,0,0,0,0,0,0,99,99,99,99,1,2,45,2,3,2,1,0,0,14,12,99,1,4,6,1,0
42,420295,1,2,1,6,5,9,48,12,6,1,0,42,1,59,31,59031,4,2000,JT8BF28G9Y51,J,T,8,B,F,2,8,G,9,Y,5,1,0,0,0,000000000,00000000000,0,0,0,1,0,0,0,0,0,0,0,15,0,0,0,1,6,2,12,0,0,0,1,42,17543,6,1,0,0,3,3,66,999,0,0,0,0,0,0,0,0,0,9,48,38,0,0,1,3,35,1,1,2,1,3,3,11,15,1,1,1,68,1,0
42,420295,2,2,2,6,5,9,48,12,6,1,0,42,1,2,404,2404,14,2000,1J4FF48S7YL2,1,J,4,F,F,4,8,S,7,Y,L,2,0,0,0,000000000,00000000000,0,0,0,1,0,0,0,0,0,0,0,35,0,0,0,12,6,2,12,0,0,0,1,42,17408,6,1,0,0,3,0,73,999,0,0,0,0,0,0,0,0,0,0,0,0,0,0,1,3,35,1,1,2,1,3,3,1,62,9,2,1,69,0,0
42,420296,1,2,2,3,5,14,38,12,6,1,0,24,1,20,481,20481,31,2008,1GCEK14J48E1,1,G,C,E,K,1,4,J,4,8,E,1,0,0,0,000000000,00000000000,0,0,0,1,0,0,0,0,0,0,0,10,0,0,0,5,2,5,12,0,0,0,1,24,21702,6,1,0,0,3,0,63,250,0,0,0,0,0,0,0,0,0,0,48,38,0,0,1,2,40,1,4,2,1,0,0,11,15,1,1,1,68,0,0
42,420296,2,2,2,3,5,14,38,12,6,1,0,42,1,72,706,72706,80,1998,1HD1GDL11WY3,1,H,D,1,G,D,L,1,1,W,Y,3,0,0,0,000000000,00000000000,0,0,0,1,0,0,0,0,0,0,0,25,0,0,0,12,6,2,12,0,0,0,1,42,17201,6,1,0,0,3,0,68,999,0,0,0,0,0,0,0,0,0,0,0,0,0,0,1,2,40,1,4,2,1,0,0,1,62,9,1,1,69,1,0
42,420297,1,1,1,5,5,0,5,42,0,1,0,42,2,22,18,22018,2,2004,1G2NW12E34C1,1,G,2,N,W,1,2,E,3,4,C,1,0,0,0,000000000,00000000000,0,0,0,1,0,0,0,0,0,0,0,999,0,0,0,3,6,2,42,0,0,0,1,42,15942,6,1,0,0,3,3,73,999,0,0,0,1,0,3,2012,3,2012,3,0,0,0,0,1,2,99,2,1,2,1,0,0,14,6,3,3,4,7,1,1
42,420298,1,1,2,27,5,22,24,8,0,1,0,42,1,20,481,20481,32,2009,3GCEK23M69G2,3,G,C,E,K,2,3,M,6,9,G,2,0,0,0,000000000,00000000000,0,0,0,1,0,0,0,0,0,0,0,999,0,0,0,12,2,3,8,0,0,0,1,42,19040,6,1,0,0,3,0,73,999,0,0,0,0,0,0,0,0,0,0,99,99,99,99,2,2,45,1,5,2,1,2,3,11,80,1,1,1,13,0,1
42,420299,1,1,4,11,5,20,50,8,0,1,0,42,1,18,20,18020,4,2003,2G4WB52K4312,2,G,4,W,B,5,2,K,4,3,1,2,0,0,0,000000000,00000000000,0,0,0,1,0,0,0,0,0,0,0,45,0,0,0,1,2,3,8,0,0,0,1,42,16505,0,0,0,0,0,0,69,999,0,0,0,0,0,0,0,0,0,5,0,0,0,0,1,2,25,1,1,2,1,0,0,1,80,1,1,1,13,0,1
42,420300,1,1,1,16,5,20,34,8,0,1,0,36,1,20,481,20481,31,2004,1GCEK19T94Z3,1,G,C,E,K,1,9,T,9,4,Z,3,0,0,0,000000000,00000000000,0,0,0,1,0,0,0,0,0,0,0,43,0,0,0,12,4,5,8,0,0,0,1,36,18641,6,1,0,0,3,0,70,999,0,0,0,0,0,0,0,0,0,0,6,0,0,0,1,2,45,2,1,2,2,0,0,14,13,1,1,4,13,0,1
42,420301,1,2,1,23,5,16,29,12,6,1,0,42,1,72,706,72706,80,2005,1HD1CGP115K4,1,H,D,1,C,G,P,1,1,5,K,4,0,0,0,000000000,00000000000,0,0,0,1,0,0,0,0,0,0,0,999,0,0,0,12,4,3,12,0,0,0,1,42,19438,6,1,0,0,2,0,69,999,0,0,0,0,0,0,0,0,0,3,0,0,0,0,1,4,35,1,1,2,1,0,0,1,62,3,2,2,69,1,0
42,420301,2,2,2,23,5,16,29,12,6,1,0,42,1,59,31,59031,4,2010,JTHBK1EG2A23,J,T,H,B,K,1,E,G,2,A,2,3,0,0,0,000000000,00000000000,0,0,0,1,0,0,0,0,0,0,0,999,0,0,0,5,2,3,12,0,0,0,1,42,19444,6,1,0,0,3,1,68,999,0,0,0,0,0,0,0,0,0,0,0,0,0,0,1,4,35,1,1,2,1,0,0,11,15,6,1,1,68,0,0
42,420302,1,2,1,19,5,23,40,12,6,1,0,42,1,72,706,72706,80,1998,1HD1BJL47WY0,1,H,D,1,B,J,L,4,7,W,Y,0,0,0,0,000000000,00000000000,0,0,0,1,0,0,0,0,0,0,0,999,0,0,0,12,6,2,12,0,0,0,1,42,16150,6,1,6,0,2,0,70,999,0,0,0,0,0,0,0,0,0,3,0,0,0,0,2,4,55,1,1,2,1,0,0,1,66,3,2,1,88,1,1
42,420302,2,2,1,19,5,23,40,12,6,1,0,42,3,86,882,86882,63,2004,1M2K195C14M0,1,M,2,K,1,9,5,C,1,4,M,0,0,0,88,888888888,88888888888,3,2,7,1,0,0,0,0,0,0,0,999,0,0,0,9,0,3,12,0,0,0,1,42,16127,6,1,6,0,3,0,73,999,0,0,0,1,0,10,2013,10,2013,0,0,0,0,0,1,2,45,1,1,2,1,20,3,1,17,98,1,1,89,0,0
42,420303,1,1,1,28,5,8,0,15,0,1,0,42,1,30,40,30040,4,2005,3VWSG71K65M6,3,V,W,S,G,7,1,K,6,5,M,6,0,0,0,000000000,00000000000,0,0,0,1,0,0,0,0,0,0,0,40,0,0,0,1,6,2,15,0,0,0,1,42,17557,6,1,0,0,3,3,66,999,0,0,0,0,0,0,0,0,0,0,0,0,0,0,1,2,98,1,1,2,1,1,3,1,83,3,1,1,13,0,0
42,420304,1,2,1,26,5,16,29,12,6,1,0,42,1,37,31,37031,2,2000,1HGEJ8245YL0,1,H,G,E,J,8,2,4,5,Y,L,0,0,0,0,000000000,00000000000,0,0,0,1,0,0,0,0,0,0,0,999,0,0,0,12,6,2,12,0,0,0,1,42,19075,6,1,0,0,3,0,72,999,0,0,0,0,0,0,0,0,0,3,0,0,0,0,1,2,35,1,1,2,1,0,0,1,67,2,2,1,83,0,1
42,420304,2,2,1,26,5,16,29,12,6,1,0,42,1,49,32,49032,4,2004,1NXBR32E04Z1,1,N,X,B,R,3,2,E,0,4,Z,1,0,0,0,000000000,00000000000,0,0,0,1,0,0,0,0,0,0,0,999,0,0,0,9,6,2,12,0,0,0,1,42,19031,6,1,0,0,3,0,65,999,0,0,0,0,0,0,0,0,0,0,0,0,0,0,1,2,25,1,1,2,1,20,3,11,15,1,1,1,82,1,0
42,420305,1,1,1,17,5,20,4,24,0,1,0,42,1,73,703,73703,80,2012,JKAEXMJ18CDA,J,K,A,E,X,M,J,1,8,C,D,A,0,0,0,000000000,00000000000,0,0,0,1,0,0,0,0,0,0,0,60,0,0,0,12,6,2,24,0,0,0,1,42,18077,6,1,0,0,3,0,70,999,0,0,0,0,0,0,0,0,0,5,0,0,0,0,1,2,35,2,1,2,1,0,0,14,12,8,1,4,6,1,0
42,420306,1,2,1,8,5,16,26,12,6,1,0,42,3,12,461,12461,21,2012,1FTNE2EL9CDB,1,F,T,N,E,2,E,L,9,C,D,B,0,0,0,000000000,00000000000,0,0,0,1,0,0,0,0,0,0,0,30,0,0,0,12,6,2,12,0,0,0,1,42,19061,6,1,0,0,3,0,74,999,0,0,0,0,0,0,0,0,0,0,39,0,0,0,1,3,35,1,1,2,1,3,3,1,17,2,1,1,88,0,0
42,420306,2,2,1,8,5,16,26,12,6,1,0,42,2,12,37,12037,3,2001,3FAHP31351R1,3,F,A,H,P,3,1,3,5,1,R,1,0,0,0,000000000,00000000000,0,0,0,1,0,0,0,0,0,0,0,15,0,0,0,8,6,2,12,0,0,0,1,42,19403,6,1,0,0,3,0,62,999,0,0,0,0,0,0,0,0,0,0,0,0,0,0,1,3,35,1,1,2,1,3,3,4,66,1,1,1,89,1,0
42,420307,1,1,1,4,5,16,28,33,0,1,0,42,1,72,706,72706,80,1952,E7797,E,7,7,9,7,,,,,,,,0,0,0,000000000,00000000000,0,0,0,1,0,0,0,0,0,0,0,999,0,0,0,3,2,3,33,0,0,0,1,42,18966,6,1,0,0,3,3,73,999,0,0,0,0,0,0,0,0,0,0,0,0,0,0,1,4,40,1,1,2,1,0,0,1,13,1,1,4,1,1,0
42,420308,1,1,1,10,5,3,25,30,0,1,0,42,2,20,2,20002,4,2006,2G1WC5810692,2,G,1,W,C,5,8,1,0,6,9,2,0,0,0,000000000,00000000000,0,0,0,1,0,0,0,0,0,0,0,60,0,1,6,12,6,2,1,0,0,1,1,42,15670,1,1,0,0,2,0,69,999,1,2,0,1,1,9,2012,4,2013,3,0,0,0,0,1,2,45,3,1,2,1,0,0,14,13,1,1,4,1,1,1
42,420309,1,1,1,7,5,11,17,1,0,1,0,99,1,12,884,12884,63,9999,999999999999,9,9,9,9,9,9,9,9,9,9,9,9,0,0,99,999999999,99999999999,3,2,4,1,0,0,0,0,0,0,0,999,0,2,1,0,6,2,1,0,0,0,1,42,16130,6,1,6,0,3,3,71,999,0,0,0,0,0,0,0,0,0,4,0,0,0,0,1,2,35,2,6,2,1,0,0,14,6,3,3,2,98,1,0
42,420310,1,2,1,13,5,11,27,12,2,1,0,42,1,48,401,48401,14,2006,JF1SG63666H7,J,F,1,S,G,6,3,6,6,6,H,7,0,0,0,000000000,00000000000,0,0,0,1,0,0,0,0,0,0,0,40,0,0,0,12,6,2,12,0,0,0,1,42,15217,6,1,0,0,3,0,74,999,1,0,0,0,0,2,2012,2,2012,0,28,6,0,0,1,2,35,1,1,2,1,0,0,1,10,1,1,2,50,1,0
42,420310,2,2,3,13,5,11,27,12,2,1,0,42,1,7,442,7442,20,2012,2C4RDGCG6CR1,2,C,4,R,D,G,C,G,6,C,R,1,0,0,0,000000000,00000000000,0,0,0,1,0,0,0,0,0,0,0,35,0,0,0,12,6,2,12,0,0,0,1,42,15139,6,1,0,0,3,1,65,999,0,0,0,0,0,0,0,0,0,0,0,0,0,0,1,2,35,1,1,2,1,0,0,1,62,1,1,1,51,0,0
42,420311,1,1,1,8,5,23,49,42,0,1,0,42,1,21,17,21017,4,1995,1G3AJ55M6S63,1,G,3,A,J,5,5,M,6,S,6,3,0,0,0,000000000,00000000000,0,0,0,1,0,0,0,0,0,0,0,45,0,1,6,8,6,2,1,0,0,0,1,42,16668,6,1,0,0,3,0,69,999,0,0,0,0,1,5,2014,5,2014,4,0,0,0,0,1,2,40,2,6,2,1,0,0,14,12,7,3,4,7,1,1
42,420312,1,2,1,9,5,21,16,12,2,1,0,42,2,76,705,76705,80,2008,JYARJ06E78A0,J,Y,A,R,J,0,6,E,7,8,A,0,0,0,0,000000000,00000000000,0,0,0,1,0,0,0,0,0,0,0,999,0,0,0,12,6,2,12,0,0,0,1,42,17061,1,1,0,0,2,0,69,999,1,1,0,0,1,8,2012,2,2014,3,28,0,0,0,1,2,40,1,1,2,1,0,0,1,10,1,1,2,50,1,1
42,420312,2,2,1,9,5,21,16,12,2,1,0,42,1,7,482,7482,31,2001,3B7HF13Z91M2,3,B,7,H,F,1,3,Z,9,1,M,2,0,0,0,000000000,00000000000,0,0,0,1,0,0,0,0,0,0,0,0,0,0,0,12,6,2,12,0,0,0,1,42,17070,6,1,0,0,3,3,70,999,0,0,0,0,0,0,0,0,0,0,0,0,0,0,1,2,40,1,1,2,1,0,0,5,62,1,1,1,51,0,0
42,420313,1,2,1,31,5,8,10,12,1,1,0,42,1,53,705,53705,80,2007,JS1GR7KA3721,J,S,1,G,R,7,K,A,3,7,2,1,0,0,0,000000000,00000000000,0,0,0,1,0,0,0,0,0,0,0,999,0,0,0,12,6,2,12,0,0,0,1,42,17111,6,1,0,0,3,3,74,999,0,1,0,1,1,12,2011,10,2012,3,27,0,0,0,2,2,65,1,1,2,1,0,0,15,51,1,1,1,24,1,0
42,420313,2,2,1,31,5,8,10,12,1,1,0,17,3,82,881,82881,66,2001,1FUY0DYB81LH,1,F,U,Y,0,D,Y,B,8,1,L,H,1,1,57,00241572,5700241572,3,6,1,1,0,0,0,0,0,0,0,999,0,0,0,6,2,5,12,0,0,0,1,10,19802,6,1,6,0,3,3,71,293,0,0,0,0,0,0,0,0,0,0,0,0,0,0,2,2,65,1,1,2,1,0,0,1,53,1,1,1,25,0,0
42,420314,1,2,1,23,5,20,34,12,2,1,0,42,2,18,20,18020,4,1997,2G4WF5210V14,2,G,4,W,F,5,2,1,0,V,1,4,0,0,0,000000000,00000000000,0,0,0,1,0,0,0,0,0,0,0,999,0,0,0,12,6,2,12,0,0,0,1,42,19310,1,1,0,0,2,0,63,999,2,3,1,0,2,10,2011,12,2013,3,28,0,0,0,1,2,45,1,1,2,1,0,0,1,10,1,1,2,50,0,1
42,420314,2,2,2,23,5,20,34,12,2,1,0,42,2,21,21,21021,4,2004,1G3NL52E84C2,1,G,3,N,L,5,2,E,8,4,C,2,0,0,0,000000000,00000000000,0,0,0,1,0,0,0,0,0,0,0,999,0,0,0,12,6,2,12,0,0,0,1,42,19320,6,1,0,0,3,1,74,999,0,0,0,0,0,0,0,0,0,0,0,0,0,0,1,2,45,1,1,2,1,0,0,1,62,1,1,1,51,2,0
42,420315,1,1,2,9,4,18,13,42,0,1,0,42,1,2,404,2404,14,1999,1J4FF68S8XL5,1,J,4,F,F,6,8,S,8,X,L,5,0,0,0,000000000,00000000000,0,0,0,1,0,0,0,0,0,0,0,70,0,1,5,9,6,2,42,0,0,0,1,42,17901,6,1,0,0,3,0,67,999,2,0,0,0,0,10,2012,10,2013,5,0,0,0,0,1,2,45,2,1,2,1,0,0,14,13,1,1,4,1,1,1