STATE,ST_CASE,VEH_NO,VE_FORMS,NUMOCCS,DAY,MONTH,HOUR,MINUTE,HARM_EV,MAN_COLL,UNITTYPE,HIT_RUN,REG_STAT,OWNER,MAKE,MODEL,MAK_MOD,BODY_TYP,MOD_YEAR,VIN,VIN_1,VIN_2,VIN_3,VIN_4,VIN_5,VIN_6,VIN_7,VIN_8,VIN_9,VIN_10,VIN_11,VIN_12,TOW_VEH,J_KNIFE,MCARR_I1,MCARR_I2,MCARR_ID,GVWR,V_CONFIG,CARGO_BT,HAZ_INV,HAZ_PLAC,HAZ_ID,HAZ_CNO,HAZ_REL,BUS_USE,SPEC_USE,EMER_USE,TRAV_SP,UNDERIDE,ROLLOVER,ROLINLOC,IMPACT1,DEFORMED,TOWED,M_HARM,VEH_SC1,VEH_SC2,FIRE_EXP,DR_PRES,L_STATE,DR_ZIP,L_STATUS,L_TYPE,CDL_STAT,L_ENDORS,L_COMPL,L_RESTRI,DR_HGT,DR_WGT,PREV_ACC,PREV_SUS,PREV_DWI,PREV_SPD,PREV_OTH,FIRST_MO,FIRST_YR,LAST_MO,LAST_YR,SPEEDREL,DR_SF1,DR_SF2,DR_SF3,DR_SF4,VTRAFWAY,VNUM_LAN,VSPD_LIM,VALIGN,VPROFILE,VPAVETYP,VSURCOND,VTRAFCON,VTCONT_F,P_CRASH1,P_CRASH2,P_CRASH3,PCRASH4,PCRASH5,ACC_TYPE,DEATHS,DR_DRINK
42,420316,1,1,1,2,5,20,12,15,0,1,0,42,2,63,401,63401,14,2011,KNDPB3A29B71,K,N,D,P,B,3,A,2,9,B,7,1,0,0,0,000000000,00000000000,0,0,0,1,0,0,0,0,0,0,0,35,0,0,0,1,2,3,15,0,0,0,1,42,19512,6,1,0,0,3,0,71,999,0,0,0,0,0,0,0,0,0,0,0,0,0,0,1,2,35,1,1,2,1,1,3,1,83,99,1,1,13,0,0
42,420317,1,1,2,25,5,9,30,9,0,1,0,42,1,32,45,32045,9,2001,TRUUT28NX110,T,R,U,U,T,2,8,N,X,1,1,0,0,0,0,000000000,00000000000,0,0,0,1,0,0,0,0,0,0,0,45,0,0,0,1,6,2,9,0,0,0,1,42,19046,6,1,0,0,3,0,62,999,0,0,0,0,0,0,0,0,0,0,0,0,0,0,1,2,45,1,4,2,1,0,0,1,83,9,1,1,13,0,0
42,420318,1,2,1,3,5,14,44,12,1,1,0,42,1,37,31,37031,4,2000,2HGEJ6674YH5,2,H,G,E,J,6,6,7,4,Y,H,5,0,0,0,000000000,00000000000,0,0,0,1,0,0,0,0,0,0,0,999,0,0,0,12,6,2,12,0,0,1,1,42,19539,6,1,0,0,3,0,69,999,0,0,0,0,0,0,0,0,0,5,6,26,0,0,3,2,55,1,6,2,1,0,0,1,51,1,1,1,24,0,0
42,420318,2,2,1,3,5,14,44,12,1,1,0,42,1,76,705,76705,80,2003,JYARJ06E63A0,J,Y,A,R,J,0,6,E,6,3,A,0,0,0,0,000000000,00000000000,0,0,0,1,0,0,0,0,0,0,0,50,0,0,0,6,6,2,12,0,0,0,1,42,19465,6,1,0,0,3,0,70,999,0,0,0,0,0,0,0,0,0,0,0,0,0,0,3,2,55,1,6,2,1,0,0,1,53,1,1,1,25,1,0
42,420319,1,1,1,25,5,13,55,42,0,1,0,92,0,98,739,98739,90,9999,000000000000,0,0,0,0,0,0,0,0,0,0,0,0,0,0,0,000000000,00000000000,0,0,0,1,0,0,0,0,0,0,0,40,0,0,0,1,4,5,42,0,0,0,1,42,15362,0,0,0,0,1,0,999,999,0,0,0,0,0,0,0,0,0,4,0,0,0,0,1,2,55,1,1,2,1,0,0,1,13,1,1,4,1,1,0
42,420320,1,2,1,25,5,21,21,12,6,1,0,42,1,76,739,76739,90,1999,JY4AJ02W7XA0,J,Y,4,A,J,0,2,W,7,X,A,0,0,0,0,000000000,00000000000,0,0,0,1,0,0,0,0,0,0,0,999,0,1,1,5,6,2,12,0,0,0,1,42,18444,6,1,0,0,1,0,67,999,0,0,0,0,1,3,2012,3,2012,0,39,0,0,0,1,2,45,1,1,1,1,20,3,1,17,99,1,1,87,1,1
42,420320,2,2,1,25,5,21,21,12,6,1,0,42,2,2,403,2403,14,2011,1J4BA3H15BL6,1,J,4,B,A,3,H,1,5,B,L,6,0,0,0,000000000,00000000000,0,0,0,1,0,0,0,0,0,0,0,999,0,0,0,1,4,3,12,0,0,0,1,42,18444,6,2,0,0,3,0,70,999,0,0,0,0,0,0,0,0,0,0,0,0,0,0,1,2,35,3,1,1,1,20,3,14,62,2,1,1,86,0,0
42,420321,1,2,1,12,5,18,28,12,8,1,0,42,3,12,16,12016,4,2009,2FAHP71V59X1,2,F,A,H,P,7,1,V,5,9,X,1,0,0,0,000000000,00000000000,0,0,0,1,0,0,0,0,0,5,6,999,0,0,0,7,6,2,12,0,0,0,1,42,18216,6,1,0,0,3,3,67,999,0,0,0,0,0,0,0,0,0,4,16,0,0,0,1,2,55,2,1,2,1,0,0,14,10,6,3,2,64,0,0
42,420321,2,2,2,12,5,18,28,12,8,1,0,42,1,49,51,49051,3,2007,JTDJT9235751,J,T,D,J,T,9,2,3,5,7,5,1,0,0,0,000000000,00000000000,0,0,0,1,0,0,0,0,0,0,0,999,0,0,0,11,6,2,12,0,0,0,1,42,18235,6,1,0,0,3,3,73,999,0,0,0,0,0,0,0,0,0,0,0,0,0,0,1,2,55,3,1,2,1,0,0,14,62,9,1,1,65,1,0
42,420322,1,1,2,10,5,2,33,9,0,1,0,42,2,32,51,32051,4,2012,WAU3GBFC0CN0,W,A,U,3,G,B,F,C,0,C,N,0,0,0,0,000000000,00000000000,0,0,0,1,0,0,0,0,0,0,0,999,0,0,0,12,6,2,9,0,0,0,1,42,19119,6,1,0,0,3,0,66,999,0,0,0,0,0,0,0,0,0,0,0,0,0,0,1,4,35,1,1,2,1,3,3,1,83,2,1,1,13,0,0
42,420323,1,2,1,5,5,11,17,12,7,1,0,42,1,73,705,73705,80,2007,JKAZX4P137A0,J,K,A,Z,X,4,P,1,3,7,A,0,0,0,0,000000000,00000000000,0,0,0,1,0,0,0,0,0,0,0,999,0,0,0,10,6,2,12,0,0,0,1,42,19425,6,1,0,0,3,0,71,999,0,0,0,1,0,9,2013,9,2013,5,0,0,0,0,1,2,35,1,3,2,1,0,0,1,50,99,1,1,44,1,0
42,420323,2,2,1,5,5,11,17,12,7,1,0,42,1,42,42,42042,4,2003,WDBRF84J03F3,W,D,B,R,F,8,4,J,0,3,F,3,0,0,0,000000000,00000000000,0,0,0,1,0,0,0,0,0,0,0,0,0,0,0,2,2,3,12,0,0,0,1,42,19382,6,1,0,0,3,3,66,999,0,0,0,0,0,0,0,0,0,0,38,0,0,0,1,2,35,1,3,2,1,0,0,5,53,1,1,1,45,0,0
42,420324,1,1,4,11,5,19,18,24,0,1,0,42,2,54,31,54031,3,2001,JH4DC43591S0,J,H,4,D,C,4,3,5,9,1,S,0,0,0,0,000000000,00000000000,0,0,0,1,0,0,0,0,0,0,0,999,0,1,5,11,6,2,1,0,0,0,1,42,17237,6,1,0,0,3,3,72,999,1,1,0,2,0,1,2012,5,2013,3,0,0,0,0,1,2,45,2,1,2,1,0,0,14,11,6,4,4,7,1,0
42,420325,1,1,1,20,5,1,18,39,0,1,0,42,2,35,47,35047,4,2004,1N4AL11D34C1,1,N,4,A,L,1,1,D,3,4,C,1,0,0,0,000000000,00000000000,0,0,0,1,0,0,0,0,0,0,0,999,0,0,0,12,6,2,39,0,0,0,1,42,19134,6,1,0,0,3,3,68,999,0,0,0,0,0,0,0,0,0,5,39,0,0,0,4,1,99,1,1,2,1,20,3,1,14,3,2,4,14,1,1
42,420326,1,1,1,19,5,13,40,8,0,1,0,42,1,20,461,20461,21,1997,1GBFG15R2V10,1,G,B,F,G,1,5,R,2,V,1,0,0,0,0,000000000,00000000000,0,0,0,1,0,0,0,0,0,0,0,999,0,0,0,12,4,5,8,0,0,0,1,42,19123,6,1,0,0,3,0,70,999,0,0,0,0,0,0,0,0,0,0,0,0,0,0,1,4,30,1,1,2,1,0,0,1,80,1,1,1,13,0,1
42,420327,1,1,1,10,5,18,56,14,0,1,0,36,2,7,20,7020,4,1999,3B3ES47Y9XT5,3,B,3,E,S,4,7,Y,9,X,T,5,0,0,0,000000000,00000000000,0,0,0,1,0,0,0,0,0,0,0,999,3,0,0,12,6,2,8,0,0,0,1,36,12801,6,1,0,0,3,3,70,999,0,0,0,0,0,0,0,0,0,5,6,0,0,0,2,2,65,1,1,2,2,0,0,1,11,1,1,4,11,0,0
42,420328,1,1,1,13,5,14,56,8,0,1,0,42,2,20,481,20481,31,1998,1GCEK14W8WZ1,1,G,C,E,K,1,4,W,8,W,Z,1,0,0,0,000000000,00000000000,0,0,0,1,0,0,0,0,0,0,0,45,0,0,0,12,6,2,8,0,0,0,1,42,18013,1,1,0,0,2,0,63,999,1,7,0,0,0,9,2011,11,2013,0,0,0,0,0,3,2,55,1,1,2,1,0,0,1,80,3,2,5,13,0,0
42,420329,1,1,1,20,5,14,37,35,0,1,0,42,2,12,17,12017,6,1999,1FAFP58S2XG2,1,F,A,F,P,5,8,S,2,X,G,2,0,0,0,000000000,00000000000,0,0,0,1,0,0,0,0,0,0,0,55,0,1,6,2,6,2,1,0,0,0,1,42,17316,6,1,0,0,3,3,66,999,0,0,0,1,0,2,2012,2,2012,5,0,0,0,0,1,2,45,3,3,2,1,0,0,14,11,6,1,4,1,1,0
42,420330,1,1,1,3,5,23,27,42,0,1,0,42,1,20,481,20481,31,1994,1GCEK14K5RZ2,1,G,C,E,K,1,4,K,5,R,Z,2,0,0,0,000000000,00000000000,0,0,0,1,0,0,0,0,0,0,0,60,0,1,5,2,6,2,42,0,0,0,1,42,16001,6,1,0,0,3,0,70,999,0,0,0,0,0,0,0,0,0,5,0,0,0,0,1,2,40,2,6,2,2,0,0,1,12,1,1,4,1,1,1
42,420331,1,3,2,28,5,20,24,12,1,1,0,40,4,12,881,12881,62,2013,3FRNF7FA9DV0,3,F,R,N,F,7,F,A,9,D,V,0,0,0,88,888888888,88888888888,2,1,1,1,0,0,0,0,0,0,0,65,7,0,0,12,4,3,12,0,0,0,1,42,18055,6,1,5,0,3,3,72,999,0,0,1,1,2,5,2012,4,2014,5,26,0,0,0,3,2,55,1,5,2,1,0,0,1,52,3,2,1,28,0,1
42,420331,2,3,1,28,5,20,24,12,1,1,0,42,1,2,403,2403,14,1997,1J4FY19S3VP4,1,J,4,F,Y,1,9,S,3,V,P,4,0,0,0,000000000,00000000000,0,0,0,1,0,0,0,0,0,0,0,55,0,0,0,6,6,2,12,0,0,0,1,42,18104,1,1,6,0,2,3,71,999,0,3,0,0,1,7,2013,12,2013,0,0,0,0,0,3,2,55,1,5,2,1,0,0,2,53,1,1,1,29,1,0
42,420331,3,3,1,28,5,20,24,12,1,1,0,34,3,82,881,82881,66,1996,1FUYDCYB8TH5,1,F,U,Y,D,C,Y,B,8,T,H,5,1,1,57,00448265,5700448265,3,6,2,1,0,0,0,0,0,0,0,55,0,0,0,6,4,3,12,0,0,0,1,42,18069,6,1,6,1,3,3,70,999,0,0,0,1,5,9,2012,4,2014,0,0,0,0,0,3,2,55,1,5,2,1,0,0,2,53,1,1,1,98,0,0
42,420332,1,1,1,11,5,1,29,42,0,1,0,42,1,30,47,30047,3,2000,3VWDD21CXYM4,3,V,W,D,D,2,1,C,X,Y,M,4,0,0,0,000000000,00000000000,0,0,0,1,0,0,0,0,0,0,0,60,0,0,0,3,6,2,42,0,0,0,1,42,17201,6,1,0,0,3,0,70,999,0,0,0,0,0,0,0,0,0,4,0,0,0,0,1,2,45,3,1,2,2,0,0,14,13,8,4,4,7,1,1
42,420333,1,3,1,22,5,14,43,12,8,1,0,54,2,20,22,20022,4,2007,1G1AK55F0773,1,G,1,A,K,5,5,F,0,7,7,3,0,0,0,000000000,00000000000,0,0,0,1,0,0,0,0,0,0,0,30,0,0,0,10,6,2,12,0,0,0,1,54,26047,6,1,0,0,3,0,66,115,0,0,0,0,0,0,0,0,0,0,28,0,0,0,1,2,25,1,1,2,1,0,0,1,10,1,1,2,64,1,0
42,420333,2,3,1,22,5,14,43,12,8,1,0,42,3,12,37,12037,5,2013,1FADP3K25DL3,1,F,A,D,P,3,K,2,5,D,L,3,0,0,0,000000000,00000000000,0,0,0,1,0,0,0,0,0,0,0,25,0,0,0,12,6,2,12,0,0,0,1,42,15211,6,1,0,0,3,1,67,999,0,0,0,0,1,12,2013,12,2013,0,0,0,0,0,1,2,25,1,1,2,1,0,0,1,62,1,1,1,98,0,0
42,420333,3,3,1,22,5,14,43,12,8,1,0,42,2,12,881,12881,61,2003,1FDXF46P33EB,1,F,D,X,F,4,6,P,3,3,E,B,0,0,88,888888888,88888888888,2,1,96,1,0,0,0,0,0,0,0,25,0,0,0,8,2,5,12,0,0,0,1,42,15071,6,1,0,0,3,1,73,999,0,0,0,0,0,0,0,0,0,0,0,0,0,0,1,2,25,1,1,2,1,0,0,1,62,1,1,1,65,0,0
42,420334,1,3,1,21,5,5,38,12,2,1,0,42,1,7,442,7442,20,2001,2B4GP44371R3,2,B,4,G,P,4,4,3,7,1,R,3,0,0,0,000000000,00000000000,0,0,0,1,0,0,0,0,0,0,0,60,0,0,0,12,6,2,12,0,0,0,1,42,16124,6,1,0,0,3,0,63,999,1,1,0,0,2,12,2011,11,2013,0,28,0,0,0,1,2,55,1,5,1,1,0,0,1,10,1,1,6,52,0,0
42,420334,2,3,1,21,5,5,38,12,2,1,0,42,1,12,471,12471,31,2000,1FTZR15X6YPB,1,F,T,Z,R,1,5,X,6,Y,P,B,0,0,0,000000000,00000000000,0,0,0,1,0,0,0,0,0,0,0,45,0,0,0,12,6,2,12,0,0,0,1,42,16342,6,1,0,0,3,3,67,999,0,0,0,0,0,0,0,0,0,0,0,0,0,0,1,2,55,1,6,1,1,0,0,1,63,1,1,1,52,1,1
42,420334,3,3,1,21,5,5,38,12,2,1,0,42,1,18,2,18002,4,2004,1G4HP54K5441,1,G,4,H,P,5,4,K,5,4,4,1,0,0,0,000000000,00000000000,0,0,0,1,0,0,0,0,0,0,0,45,0,0,0,12,6,2,12,0,0,0,1,42,16323,6,1,0,0,3,0,65,999,0,0,0,0,0,0,0,0,0,0,0,0,0,0,1,2,55,1,6,1,1,0,0,1,63,2,1,1,98,0,0
42,420335,1,1,1,31,5,1,41,30,0,1,0,42,1,35,43,35043,4,2008,3N1AB61E98L6,3,N,1,A,B,6,1,E,9,8,L,6,0,0,0,000000000,00000000000,0,0,0,1,0,0,0,0,0,0,0,60,0,0,0,12,6,2,42,0,0,0,1,42,18040,1,1,0,0,2,3,64,999,1,2,0,1,3,1,2012,5,2014,5,83,0,0,0,1,2,45,1,1,2,1,0,0,1,87,6,1,4,6,1,0
42,420336,1,3,1,16,5,12,20,12,11,1,0,26,2,55,401,55401,14,2006,KM8SC73D76U1,K,M,8,S,C,7,3,D,7,6,U,1,0,0,0,000000000,00000000000,0,0,0,1,0,0,0,0,0,0,0,999,9,0,0,1,6,2,42,0,0,0,1,26,48168,6,1,0,0,3,3,61,225,0,0,0,0,0,0,0,0,0,0,47,0,0,0,2,5,45,1,1,2,2,3,3,10,16,1,1,1,70,1,0
42,420336,2,3,2,16,5,12,20,12,11,1,0,42,4,35,43,35043,4,2014,3N1AB7AP0EY2,3,N,1,A,B,7,A,P,0,E,Y,2,0,0,0,000000000,00000000000,0,0,0,1,0,0,0,0,0,0,0,999,0,0,0,11,6,2,33,0,0,0,1,42,19033,6,1,0,0,3,0,63,999,0,0,0,0,0,0,0,0,0,0,0,0,0,0,2,5,45,1,1,2,2,3,3,1,60,9,1,1,71,0,0
42,420336,3,3,2,16,5,12,20,12,11,1,0,42,1,37,32,37032,4,2010,1HGCP2F85AA0,1,H,G,C,P,2,F,8,5,A,A,0,0,0,0,000000000,00000000000,0,0,0,1,0,0,0,0,0,0,0,0,0,0,0,9,4,5,12,0,0,0,1,42,19063,6,1,0,0,3,3,65,999,0,0,0,0,0,0,0,0,0,0,0,0,0,0,1,2,35,1,1,2,2,3,3,5,62,1,1,1,98,0,0
42,420337,1,1,2,29,5,23,45,42,0,1,0,92,0,76,734,76734,90,2005,JY4AH04YX5C0,J,Y,4,A,H,0,4,Y,X,5,C,0,0,0,0,000000000,00000000000,0,0,0,1,0,0,0,0,0,0,0,30,0,1,5,7,6,2,42,0,0,0,1,42,15301,0,0,0,0,1,0,999,999,0,0,0,0,0,0,0,0,0,4,18,0,0,0,1,2,20,2,6,2,1,0,0,14,12,99,3,4,7,1,1
42,420338,1,1,1,26,5,18,57,1,0,1,0,42,2,73,705,73705,80,2007,KM1MP5785711,K,M,1,M,P,5,7,8,5,7,1,1,0,0,0,000000000,00000000000,0,0,0,1,0,0,0,0,0,0,0,999,0,0,0,0,6,2,1,0,0,0,1,42,15001,6,7,0,0,3,2,72,999,0,0,0,0,0,0,0,0,0,3,74,0,0,0,1,2,35,1,1,2,1,0,0,1,9,98,9,3,98,1,0
42,420339,1,1,1,31,5,10,30,24,0,1,0,42,1,38,401,38401,14,2001,JACDJ58X317J,J,A,C,D,J,5,8,X,3,1,7,J,0,0,0,000000000,00000000000,0,0,0,1,0,0,0,0,0,0,0,50,0,0,0,2,6,2,42,0,0,0,1,42,17532,6,1,0,0,3,0,67,999,0,0,0,0,0,0,0,0,0,5,0,0,0,0,1,2,40,3,6,2,1,0,0,14,13,1,1,4,1,1,0
42,420340,1,2,1,19,5,12,48,21,0,1,0,42,3,86,884,86884,78,2007,1M2AT04C57M0,1,M,2,A,T,0,4,C,5,7,M,0,0,0,57,00833145,5700833145,3,19,98,1,0,0,0,0,0,0,0,35,0,1,2,12,6,2,12,0,0,0,1,42,17402,6,1,6,1,3,0,71,999,0,0,0,0,0,0,0,0,0,0,6,0,0,0,1,2,35,1,1,1,1,0,0,1,12,1,1,4,6,0,0
42,420340,2,2,1,19,5,12,48,21,0,1,0,42,2,9,20,9020,2,1998,1P3ES42Y6WD6,1,P,3,E,S,4,2,Y,6,W,D,6,0,0,0,000000000,00000000000,0,0,0,1,0,0,0,0,0,0,0,999,0,0,0,12,6,2,12,0,0,0,1,42,17103,6,1,0,0,3,0,65,999,0,0,0,0,0,0,0,0,0,0,0,0,0,0,1,2,35,1,1,1,1,0,0,1,62,1,1,1,98,1,0
42,420341,1,2,1,9,5,23,18,12,6,1,0,42,1,53,706,53706,80,2006,JS1VY53A9621,J,S,1,V,Y,5,3,A,9,6,2,1,0,0,0,000000000,00000000000,0,0,0,1,0,0,0,0,0,0,0,999,0,0,0,12,6,2,12,0,0,0,1,42,19050,6,1,0,0,3,0,67,999,0,0,0,0,0,0,0,0,0,0,0,0,0,0,1,2,35,1,1,2,1,0,0,1,67,8,1,1,69,1,0
42,420341,2,2,1,9,5,23,18,12,6,1,0,13,1,20,481,20481,31,1991,1GCDC14K1MZ1,1,G,C,D,C,1,4,K,1,M,Z,1,0,0,0,000000000,00000000000,0,0,0,1,0,0,0,0,0,0,0,999,0,0,0,3,6,2,12,0,0,0,1,13,31322,6,1,0,0,3,0,66,185,98,2,0,2,1,7,2013,7,2013,0,48,0,0,0,1,2,35,1,5,2,1,0,0,11,15,1,1,1,68,0,1
42,420342,1,2,2,2,5,15,15,26,0,1,0,95,1,12,3,12003,1,2006,1ZVFT84N4651,1,Z,V,F,T,8,4,N,4,6,5,1,0,0,0,000000000,00000000000,0,0,0,1,0,0,0,0,0,0,0,999,0,0,0,12,6,2,52,0,0,0,1,95,0,9,9,99,9,9,9,999,999,99,99,99,99,99,99,9999,99,9999,4,35,39,0,0,2,2,65,1,1,2,1,8,3,15,11,3,1,6,98,1,0
42,420342,2,2,1,2,5,15,15,26,0,1,0,95,2,85,884,85884,72,2012,1XKDD40X4CJ9,1,X,K,D,D,4,0,X,4,C,J,9,1,1,57,01550291,5701550291,3,19,98,1,0,0,0,0,0,0,0,55,0,0,0,1,2,5,12,0,0,0,1,95,0,9,9,99,9,9,9,999,999,99,99,99,99,99,99,9999,99,9999,0,0,0,0,0,2,2,65,1,1,2,1,8,3,1,60,6,1,1,98,0,1
42,420343,1,1,1,31,5,23,35,42,0,1,0,92,0,37,739,37739,90,2009,000000000000,0,0,0,0,0,0,0,0,0,0,0,0,0,0,0,000000000,00000000000,0,0,0,1,0,0,0,0,0,0,0,45,0,0,0,12,6,2,42,0,0,0,1,42,15827,1,1,0,0,1,0,76,999,0,5,0,0,0,9,2012,5,2014,4,18,0,0,0,1,2,55,3,6,4,1,0,0,14,13,1,1,4,1,1,1
42,420344,1,1,1,4,5,4,53,35,0,1,0,42,2,35,471,35471,30,1995,1N6HD16Y9SC3,1,N,6,H,D,1,6,Y,9,S,C,3,0,0,0,000000000,00000000000,0,0,0,1,0,0,0,0,0,0,0,50,0,1,5,10,6,2,1,0,0,0,1,42,17745,1,1,0,0,2,0,68,999,0,4,0,0,0,5,2011,5,2013,4,0,0,0,0,1,2,35,2,6,2,1,0,0,14,12,7,1,4,6,1,1
42,420345,1,1,1,11,5,22,45,8,0,1,1,99,9,99,999,99999,99,9999,999999999999,9,9,9,9,9,9,9,9,9,9,9,9,0,0,0,000000000,00000000000,0,0,0,1,0,0,0,0,0,0,0,999,0,0,0,14,9,5,8,0,0,0,1,99,99999,9,9,99,9,9,9,999,999,99,99,99,99,99,99,9999,99,9999,0,99,99,99,99,1,2,55,3,9,2,1,0,0,14,80,99,9,1,13,0,0
42,420346,1,2,2,11,5,13,15,12,6,1,0,42,1,55,35,55035,6,2012,KMHDC8AE9CU1,K,M,H,D,C,8,A,E,9,C,U,1,0,0,0,000000000,00000000000,0,0,0,1,0,0,0,0,0,0,0,5,0,0,0,8,6,2,12,0,0,0,1,42,18052,6,1,0,0,3,0,71,999,0,0,0,0,0,0,0,0,0,0,38,0,0,0,1,2,25,1,1,2,1,20,3,11,15,1,1,1,82,0,0
42,420346,2,2,1,11,5,13,15,12,6,1,0,42,1,76,705,76705,80,2002,JYARJ04E72A0,J,Y,A,R,J,0,4,E,7,2,A,0,0,0,0,000000000,00000000000,0,0,0,1,0,0,0,0,0,0,0,999,0,0,0,12,6,2,12,0,0,0,1,42,18103,6,7,0,0,3,3,71,999,0,1,0,1,0,3,2012,6,2012,0,0,0,0,0,1,4,35,1,1,2,1,0,0,1,67,98,1,1,83,1,0
42,420347,1,1,1,22,5,14,35,14,0,1,0,42,3,85,881,85881,66,2003,1XKWDB9X13J3,1,X,K,W,D,B,9,X,1,3,J,3,1,1,57,00849445,5700849445,3,6,1,1,0,0,0,0,0,0,0,50,0,0,0,1,6,2,14,0,0,0,1,42,17777,6,1,6,1,3,3,67,999,1,0,0,2,3,8,2011,8,2013,0,0,0,0,0,1,3,55,1,3,2,1,0,0,1,13,1,1,4,11,0,0
42,420348,1,2,3,12,5,21,15,12,1,1,0,42,1,37,33,37033,2,1997,JHMBB6150VC0,J,H,M,B,B,6,1,5,0,V,C,0,0,0,0,000000000,00000000000,0,0,0,1,0,0,0,0,0,0,0,100,0,1,5,12,6,2,42,0,0,0,1,42,16866,6,1,0,0,3,0,72,999,0,0,0,2,0,6,2011,7,2011,5,0,0,0,0,1,2,45,3,1,2,1,0,0,14,51,1,1,1,24,1,0
42,420348,2,2,1,12,5,21,15,12,1,1,0,42,1,48,38,48038,4,2008,JF1GE61618H5,J,F,1,G,E,6,1,6,1,8,H,5,0,0,0,000000000,00000000000,0,0,0,1,0,0,0,0,0,0,0,45,0,0,0,6,6,2,12,0,0,0,1,42,16668,6,1,0,0,3,0,71,999,0,0,0,0,0,0,0,0,0,0,0,0,0,0,1,2,45,3,1,2,1,0,0,14,53,1,1,1,25,0,0
42,420349,1,2,1,1,5,19,7,12,6,1,0,42,1,73,709,73709,80,2010,JKAZXCF15AA0,J,K,A,Z,X,C,F,1,5,A,A,0,0,0,0,000000000,00000000000,0,0,0,1,0,0,0,0,0,0,0,999,0,0,0,12,9,2,12,0,0,0,1,42,19141,6,1,6,1,3,0,65,999,1,0,0,0,2,2,2012,2,2012,0,99,99,99,99,1,2,25,1,1,2,1,0,0,98,17,99,1,1,98,1,0
42,420349,2,2,1,1,5,19,7,12,6,1,0,42,2,34,499,34499,14,2010,5UXFG4C5XAL2,5,U,X,F,G,4,C,5,X,A,L,2,0,0,0,000000000,00000000000,0,0,0,1,0,0,0,0,0,0,0,999,0,0,0,8,6,2,12,0,0,0,1,42,19129,6,1,0,0,3,0,66,999,0,0,0,0,0,0,0,0,0,0,99,99,99,99,1,2,25,1,1,2,1,0,0,12,10,99,1,2,98,0,0
42,420350,1,1,1,26,5,9,54,30,0,1,0,42,1,2,404,2404,14,1999,1J4FF68S5XL5,1,J,4,F,F,6,8,S,5,X,L,5,0,0,0,000000000,00000000000,0,0,0,1,0,0,0,0,0,0,0,45,0,0,0,12,6,2,30,0,0,0,1,42,18055,6,1,0,0,3,3,70,999,0,0,0,0,0,0,0,0,0,0,0,0,0,0,1,2,40,1,6,2,1,0,0,1,8,1,1,4,1,1,0
42,420351,1,1,1,30,5,21,45,18,0,1,0,42,1,72,706,72706,80,2007,1HD1CX3117K4,1,H,D,1,C,X,3,1,1,7,K,4,0,0,0,000000000,00000000000,0,0,0,1,0,0,0,0,0,0,0,50,0,0,0,12,4,3,18,0,0,0,1,42,17019,6,1,0,0,3,0,70,999,0,1,0,0,2,11,2012,5,2014,3,0,0,0,0,1,2,35,3,1,2,1,0,0,14,6,3,2,4,2,1,1
42,420352,1,7,1,12,5,13,10,12,1,1,0,34,2,87,881,87881,66,2000,1XP5DB9X6YN5,1,X,P,5,D,B,9,X,6,Y,N,5,1,1,57,01625331,5701625331,3,6,7,1,0,0,0,0,0,0,0,55,7,0,0,12,6,2,12,0,0,1,1,34,7109,6,1,6,0,3,0,66,999,1,1,0,0,5,11,2011,1,2014,4,0,0,0,0,3,2,55,1,5,2,1,40,3,1,51,3,2,1,24,0,0
42,420352,2,7,1,12,5,13,10,12,1,1,0,42,3,20,37,20037,4,2012,1G1ZA5EU5CF2,1,G,1,Z,A,5,E,U,5,C,F,2,0,0,0,000000000,00000000000,0,0,0,1,0,0,0,0,0,0,0,999,0,0,0,6,6,2,12,0,0,1,1,42,18960,6,1,0,0,3,3,70,999,1,0,0,0,0,12,2011,12,2011,0,0,0,0,0,3,2,55,1,5,2,1,40,3,1,53,1,1,1,25,1,0
42,420352,3,7,6,12,5,13,10,12,1,1,0,42,1,7,442,7442,20,2008,1D8HN44H98B1,1,D,8,H,N,4,4,H,9,8,B,1,0,0,0,000000000,00000000000,0,0,0,1,0,0,0,0,0,0,0,0,0,0,0,6,6,2,12,0,0,0,1,42,17325,6,1,0,0,3,0,72,999,0,0,0,0,0,0,0,0,0,0,0,0,0,0,3,2,55,1,5,2,1,40,3,5,53,1,1,1,98,0,0
42,420352,4,7,2,12,5,13,10,12,1,1,0,42,1,2,404,2404,14,1995,1J4GZ78SXSC5,1,J,4,G,Z,7,8,S,X,S,C,5,0,0,0,000000000,00000000000,0,0,0,1,0,0,0,0,0,0,0,0,0,0,0,6,6,2,12,0,0,1,1,42,17408,6,1,0,0,3,3,66,999,0,0,0,0,0,0,0,0,0,0,0,0,0,0,3,2,55,1,5,2,1,40,3,5,53,1,1,1,98,2,0
42,420352,5,7,3,12,5,13,10,12,1,1,0,42,2,20,870,20870,61,2007,1GBJG31U5712,1,G,B,J,G,3,1,U,5,7,1,2,0,0,88,888888888,88888888888,2,1,96,1,0,0,0,0,0,0,0,5,0,0,0,12,4,5,12,0,0,0,1,42,18032,6,1,0,0,3,0,73,999,0,0,0,0,1,8,2013,8,2013,0,0,0,0,0,3,2,55,1,5,2,1,40,3,2,60,7,1,4,98,0,0