STATE,ST_CASE,VEH_NO,VE_FORMS,NUMOCCS,DAY,MONTH,HOUR,MINUTE,HARM_EV,MAN_COLL,UNITTYPE,HIT_RUN,REG_STAT,OWNER,MAKE,MODEL,MAK_MOD,BODY_TYP,MOD_YEAR,VIN,VIN_1,VIN_2,VIN_3,VIN_4,VIN_5,VIN_6,VIN_7,VIN_8,VIN_9,VIN_10,VIN_11,VIN_12,TOW_VEH,J_KNIFE,MCARR_I1,MCARR_I2,MCARR_ID,GVWR,V_CONFIG,CARGO_BT,HAZ_INV,HAZ_PLAC,HAZ_ID,HAZ_CNO,HAZ_REL,BUS_USE,SPEC_USE,EMER_USE,TRAV_SP,UNDERIDE,ROLLOVER,ROLINLOC,IMPACT1,DEFORMED,TOWED,M_HARM,VEH_SC1,VEH_SC2,FIRE_EXP,DR_PRES,L_STATE,DR_ZIP,L_STATUS,L_TYPE,CDL_STAT,L_ENDORS,L_COMPL,L_RESTRI,DR_HGT,DR_WGT,PREV_ACC,PREV_SUS,PREV_DWI,PREV_SPD,PREV_OTH,FIRST_MO,FIRST_YR,LAST_MO,LAST_YR,SPEEDREL,DR_SF1,DR_SF2,DR_SF3,DR_SF4,VTRAFWAY,VNUM_LAN,VSPD_LIM,VALIGN,VPROFILE,VPAVETYP,VSURCOND,VTRAFCON,VTCONT_F,P_CRASH1,P_CRASH2,P_CRASH3,PCRASH4,PCRASH5,ACC_TYPE,DEATHS,DR_DRINK
42,420352,6,7,2,12,5,13,10,12,1,1,0,36,1,12,481,12481,31,2013,1FTFW1EF5DFB,1,F,T,F,W,1,E,F,5,D,F,B,0,0,0,000000000,00000000000,0,0,0,1,0,0,0,0,0,0,0,5,0,0,0,6,6,2,12,0,0,1,1,36,11930,6,1,0,0,3,0,73,999,0,0,0,0,0,0,0,0,0,0,0,0,0,0,3,2,55,1,5,2,1,40,3,1,53,1,1,1,98,0,0
42,420352,7,7,3,12,5,13,10,12,1,1,0,42,1,49,32,49032,4,2010,2T1BU4EE8AC3,2,T,1,B,U,4,E,E,8,A,C,3,0,0,0,000000000,00000000000,0,0,0,1,0,0,0,0,0,0,0,5,0,0,0,6,6,2,12,0,0,0,1,42,17901,6,1,0,0,3,1,72,999,0,0,0,0,0,0,0,0,0,0,0,0,0,0,3,2,55,1,5,2,1,40,3,2,53,1,1,1,98,0,0
42,420353,1,1,1,18,5,0,50,1,0,1,0,92,0,76,739,76739,90,2009,000000000000,0,0,0,0,0,0,0,0,0,0,0,0,0,0,0,000000000,00000000000,0,0,0,1,0,0,0,0,0,0,0,35,0,2,1,0,4,5,1,0,0,0,1,42,17360,6,1,0,0,1,0,71,999,0,0,0,0,0,0,0,0,0,5,18,0,0,0,9,9,25,1,6,2,1,0,0,11,15,3,2,1,98,1,0
42,420354,1,2,1,6,5,9,54,12,6,1,0,42,1,49,40,49040,4,2011,4T4BF3EK6BR2,4,T,4,B,F,3,E,K,6,B,R,2,0,0,0,000000000,00000000000,0,0,0,1,0,0,0,0,0,0,0,999,0,0,0,12,6,2,12,0,0,0,1,42,19405,6,1,0,0,3,3,68,999,0,0,0,0,0,0,0,0,0,0,99,99,99,99,4,2,35,1,1,1,1,1,3,1,68,99,1,3,88,0,0
42,420354,2,2,1,6,5,9,54,12,6,1,0,42,1,14,20,14020,4,2005,1MEFM43165G6,1,M,E,F,M,4,3,1,6,5,G,6,0,0,0,000000000,00000000000,0,0,0,1,0,0,0,0,0,0,0,999,0,0,0,9,6,2,8,0,0,0,1,42,19143,6,1,0,0,3,0,72,999,1,1,0,0,0,4,2012,10,2013,0,99,99,99,99,1,2,30,1,1,1,1,1,3,99,66,99,1,1,89,1,0
42,420355,1,2,1,28,5,13,28,12,6,1,0,42,2,37,705,37705,80,2006,JH2RC44576M0,J,H,2,R,C,4,4,5,7,6,M,0,0,0,0,000000000,00000000000,0,0,0,1,0,0,0,0,0,0,0,50,0,0,0,12,6,2,12,0,0,0,1,42,16049,6,1,0,0,2,1,71,999,0,0,0,0,0,0,0,0,0,0,28,0,0,0,1,2,55,2,3,2,1,0,0,14,10,1,1,2,64,1,0
42,420355,2,2,1,28,5,13,28,12,6,1,0,24,3,82,881,82881,66,2013,1FUJGEBG8DLF,1,F,U,J,G,E,B,G,8,D,L,F,1,1,57,00086820,5700086820,3,6,1,1,0,0,0,0,0,0,0,45,0,0,0,10,2,5,12,0,0,0,1,54,25403,6,1,6,0,3,0,71,195,0,0,0,0,0,0,0,0,0,0,0,0,0,0,1,2,55,3,3,2,1,0,0,14,62,3,2,1,65,0,0
42,420356,1,1,1,30,5,0,30,35,0,1,0,42,2,37,32,37032,4,1999,1HGCG1656XA0,1,H,G,C,G,1,6,5,6,X,A,0,0,0,0,000000000,00000000000,0,0,0,1,0,0,0,0,0,0,0,80,0,0,0,2,6,2,42,0,0,0,1,42,16428,6,1,0,0,3,3,68,999,0,0,0,0,2,11,2012,4,2014,5,0,0,0,0,1,4,55,3,6,2,1,0,0,14,11,6,4,4,7,1,1
42,420357,1,1,2,16,5,23,54,17,0,1,0,42,1,54,37,54037,2,2003,19UYA41623A0,1,9,U,Y,A,4,1,6,2,3,A,0,0,0,0,000000000,00000000000,0,0,0,1,0,0,0,0,0,0,0,999,0,0,0,1,6,2,42,0,0,0,1,42,15101,6,1,0,0,3,0,69,999,1,1,0,1,0,12,2011,12,2013,3,0,0,0,0,1,2,35,3,5,2,2,0,0,14,6,1,4,4,7,2,1
42,420358,1,1,2,11,5,15,15,25,0,1,0,42,1,23,481,23481,31,2004,1GTGK29U64Z1,1,G,T,G,K,2,9,U,6,4,Z,1,0,0,0,000000000,00000000000,0,0,0,1,0,0,0,0,0,0,0,999,0,0,0,11,6,2,25,0,0,0,1,42,19055,6,1,0,0,3,0,73,999,0,0,0,0,0,0,0,0,0,5,6,0,0,0,3,2,55,1,6,1,1,0,0,6,12,1,1,4,6,1,1
42,420359,1,1,1,31,5,1,56,35,0,1,0,42,1,22,9,22009,3,1998,2G2FS22K4W22,2,G,2,F,S,2,2,K,4,W,2,2,0,0,0,000000000,00000000000,0,0,0,1,0,0,0,0,0,0,0,999,0,0,0,1,6,2,42,0,0,1,1,42,15642,6,1,0,0,3,0,72,999,0,0,0,0,0,0,0,0,0,3,0,0,0,0,1,2,45,1,1,2,1,0,0,1,13,1,1,4,1,1,1
42,420360,1,1,1,19,5,3,30,1,0,1,0,42,1,12,401,12401,14,1999,1FMZU34EXXZA,1,F,M,Z,U,3,4,E,X,X,Z,A,0,0,0,000000000,00000000000,0,0,0,1,0,0,0,0,0,0,0,999,0,2,5,0,6,2,42,0,0,0,1,42,18630,6,1,0,0,3,1,77,999,0,0,0,0,0,0,0,0,0,3,0,0,0,0,1,2,55,1,1,5,1,0,0,1,6,1,4,4,7,1,1
42,420361,1,1,1,8,5,22,55,1,0,1,0,42,1,76,706,76706,80,2001,JYA2WEE031A0,J,Y,A,2,W,E,E,0,3,1,A,0,0,0,0,000000000,00000000000,0,0,0,1,0,0,0,0,0,0,0,999,0,0,0,0,6,2,1,0,0,0,1,42,17019,6,1,6,0,3,3,71,999,0,0,0,0,0,0,0,0,0,3,0,0,0,0,1,2,40,3,1,2,1,0,0,14,13,99,1,4,1,1,1
42,420362,1,2,1,4,5,15,39,12,1,1,0,42,1,37,709,37709,80,2006,JH2PC37086M3,J,H,2,P,C,3,7,0,8,6,M,3,0,0,0,000000000,00000000000,0,0,0,1,0,0,0,0,0,0,0,100,0,0,0,12,6,2,12,0,0,0,1,42,18302,6,1,0,0,2,0,66,999,1,0,1,2,0,10,2013,10,2013,5,0,0,0,0,1,3,30,1,5,2,1,0,0,1,50,1,1,1,20,1,0
42,420362,2,2,1,4,5,15,39,12,1,1,0,42,3,20,2,20002,4,2011,2G1WD5EM7B11,2,G,1,W,D,5,E,M,7,B,1,1,0,0,0,000000000,00000000000,0,0,0,1,0,0,0,0,0,0,0,0,0,0,0,6,6,2,12,0,0,0,1,42,19116,6,1,0,0,3,0,72,999,0,0,0,0,0,0,0,0,0,0,0,0,0,0,1,3,30,1,5,2,1,0,0,5,53,1,1,1,21,0,0
42,420363,1,2,1,18,5,17,54,12,2,1,0,42,1,76,705,76705,80,2012,JYARJ16EXCA0,J,Y,A,R,J,1,6,E,X,C,A,0,0,0,0,000000000,00000000000,0,0,0,1,0,0,0,0,0,0,0,65,0,0,0,12,6,2,12,0,0,0,1,42,15825,6,1,0,0,3,0,69,999,0,0,0,1,0,4,2013,4,2013,5,0,0,0,0,1,2,45,2,5,2,1,0,0,14,10,1,1,2,50,1,0
42,420363,2,2,2,18,5,17,54,12,2,1,0,42,1,18,22,18022,4,2014,1G4GB5G3XEF1,1,G,4,G,B,5,G,3,X,E,F,1,0,0,0,000000000,00000000000,0,0,0,1,0,0,0,0,0,0,0,35,0,0,0,12,4,3,12,0,0,0,1,42,16214,6,1,0,0,3,0,72,999,0,0,0,0,0,0,0,0,0,0,0,0,0,0,1,2,45,3,6,2,1,0,0,14,62,8,1,1,51,0,0
42,420364,1,1,1,8,5,17,24,43,0,1,0,42,2,98,706,98706,80,2009,1F9TF29929C3,1,F,9,T,F,2,9,9,2,9,C,3,0,0,0,000000000,00000000000,0,0,0,1,0,0,0,0,0,0,0,55,0,0,0,12,6,2,43,0,0,0,1,42,15644,6,1,0,0,3,3,66,999,1,0,0,0,1,8,2012,8,2012,0,99,99,99,99,1,2,25,1,1,2,1,0,0,1,12,1,1,4,6,1,0
42,420365,1,2,1,7,5,10,52,12,2,1,0,42,1,12,471,12471,30,1989,1FTCR15T9KPB,1,F,T,C,R,1,5,T,9,K,P,B,0,0,0,000000000,00000000000,0,0,0,1,0,0,0,0,0,0,0,35,0,1,1,12,6,2,12,0,0,0,1,42,19344,6,1,0,0,3,0,70,999,0,0,0,0,0,0,0,0,0,0,28,0,0,0,1,2,45,1,1,2,1,0,0,1,10,1,1,2,50,0,0
42,420365,2,2,1,7,5,10,52,12,2,1,0,42,2,24,1,24001,4,1997,1G8ZF5285VZ3,1,G,8,Z,F,5,2,8,5,V,Z,3,0,0,0,000000000,00000000000,0,0,0,1,0,0,0,0,0,0,0,50,0,0,0,12,6,2,12,0,0,0,1,42,19382,6,1,0,0,3,0,65,999,0,0,0,0,0,0,0,0,0,0,0,0,0,0,1,2,45,1,1,2,1,0,0,1,62,99,1,1,51,1,0
42,420366,1,1,2,14,6,16,51,1,0,1,0,42,1,2,402,2402,14,1973,J3F835TA0501,J,3,F,8,3,5,T,A,0,5,0,1,0,0,0,000000000,00000000000,0,0,0,1,0,0,0,0,0,0,0,50,0,2,1,0,6,2,1,0,0,0,1,42,16935,6,1,6,0,3,0,72,999,0,0,0,0,0,0,0,0,0,4,0,0,0,0,1,2,45,2,6,2,1,0,0,14,6,8,4,6,98,1,1
42,420367,1,2,1,21,6,22,55,12,2,1,0,42,2,20,37,20037,4,2001,1G1NE52J6161,1,G,1,N,E,5,2,J,6,1,6,1,0,0,0,000000000,00000000000,0,0,0,1,0,0,0,0,0,0,0,999,0,0,0,12,6,2,12,0,0,0,1,42,16415,6,2,0,0,3,0,74,999,0,0,0,0,0,0,0,0,0,0,28,0,0,0,1,5,40,1,1,2,1,0,0,1,10,1,1,2,50,1,0
42,420367,2,2,1,21,6,22,55,12,2,1,0,42,2,6,441,6441,20,2005,2C4GP54L95R2,2,C,4,G,P,5,4,L,9,5,R,2,0,0,0,000000000,00000000000,0,0,0,1,0,0,0,0,0,0,0,40,0,0,0,12,6,2,12,0,0,0,1,42,16505,6,1,0,0,3,3,67,999,1,0,0,1,0,9,2011,1,2013,0,0,0,0,0,1,5,40,1,1,2,1,0,0,1,62,1,1,1,51,0,0
42,420368,1,1,1,9,6,19,22,42,0,1,0,42,1,20,444,20444,20,2005,1GNDX33L75D2,1,G,N,D,X,3,3,L,7,5,D,2,0,0,0,000000000,00000000000,0,0,0,1,0,0,0,0,0,0,0,40,0,0,0,2,6,2,42,0,0,0,1,42,15923,6,1,0,0,3,3,72,999,0,0,0,1,0,8,2012,8,2012,0,6,0,0,0,1,2,45,3,1,2,1,0,0,14,13,1,1,4,1,1,0
42,420369,1,2,1,18,6,9,49,12,1,1,0,42,1,12,401,12401,14,2003,1FMDU73K43ZA,1,F,M,D,U,7,3,K,4,3,Z,A,0,0,0,000000000,00000000000,0,0,0,1,0,0,0,0,0,0,0,50,0,0,0,12,6,2,12,0,0,0,1,42,16033,6,1,0,0,3,0,71,999,0,0,0,0,0,0,0,0,0,4,0,0,0,0,2,5,55,1,6,2,1,0,0,1,8,1,1,1,20,1,0
42,420369,2,2,1,18,6,9,49,12,1,1,0,42,3,20,461,20461,21,2008,1GCHG35K3811,1,G,C,H,G,3,5,K,3,8,1,1,0,0,0,000000000,00000000000,0,0,0,1,0,0,0,0,0,0,0,0,0,0,0,6,2,5,12,0,0,0,1,42,16033,6,1,0,0,3,0,72,999,0,0,0,0,1,7,2013,7,2013,0,0,0,0,0,2,5,55,1,6,2,1,0,0,5,53,1,1,1,21,0,0
42,420370,1,2,2,28,6,20,0,12,8,1,0,42,1,72,706,72706,80,2012,1HD1KHM15CB6,1,H,D,1,K,H,M,1,5,C,B,6,0,0,0,000000000,00000000000,0,0,0,1,0,0,0,0,0,0,0,999,0,0,0,10,6,2,12,0,0,0,1,42,16510,6,1,0,0,3,0,70,999,0,0,0,0,0,0,0,0,0,0,28,0,0,0,1,2,55,2,6,2,1,0,0,14,10,3,2,2,64,1,0
42,420370,2,2,2,28,6,20,0,12,8,1,0,42,2,12,401,12401,14,2006,1FMEU73E06UA,1,F,M,E,U,7,3,E,0,6,U,A,0,0,0,000000000,00000000000,0,0,0,1,0,0,0,0,0,0,0,999,0,0,0,11,4,3,12,0,0,0,1,42,16673,6,1,0,0,3,3,72,999,0,0,0,0,0,0,0,0,0,0,0,0,0,0,1,2,55,3,5,2,1,0,0,14,62,7,1,4,65,0,0
42,420371,1,2,2,18,5,0,12,8,0,1,0,34,2,59,35,59035,4,2006,JTHCK2629650,J,T,H,C,K,2,6,2,9,6,5,0,0,0,0,000000000,00000000000,0,0,0,1,0,0,0,0,0,0,0,55,0,0,0,10,2,5,8,0,0,0,1,34,8824,6,1,0,0,3,0,64,999,0,0,0,0,1,3,2013,3,2013,0,0,0,0,0,2,2,55,1,1,2,1,0,0,1,80,1,1,1,13,0,1
42,420371,2,2,2,18,5,0,12,8,0,1,0,34,2,55,401,55401,14,2003,KM8SC73D73U5,K,M,8,S,C,7,3,D,7,3,U,5,0,0,0,000000000,00000000000,0,0,0,1,0,0,0,0,0,0,0,55,0,0,0,1,4,5,8,0,0,0,1,34,8540,6,1,0,0,3,0,66,999,0,0,0,0,1,7,2012,7,2012,0,0,0,0,0,2,2,55,1,1,2,1,0,0,1,80,3,1,1,98,0,1
42,420372,1,1,1,7,6,17,32,20,0,1,0,42,1,72,706,72706,80,2003,1HD1FRW143Y7,1,H,D,1,F,R,W,1,4,3,Y,7,0,0,0,000000000,00000000000,0,0,0,1,0,0,0,0,0,0,0,65,0,0,0,12,6,2,20,0,0,0,1,42,18337,6,1,6,0,3,0,70,999,0,0,0,0,0,0,0,0,0,0,35,0,0,0,2,2,65,1,5,2,1,4,3,6,10,1,1,4,6,1,0
42,420373,1,1,1,14,6,17,57,11,0,1,0,24,1,72,706,72706,80,2011,1HD1FC419BB6,1,H,D,1,F,C,4,1,9,B,B,6,0,0,0,000000000,00000000000,0,0,0,1,0,0,0,0,0,0,0,40,0,0,0,12,4,5,11,0,0,0,1,24,21750,6,1,0,0,3,0,71,215,0,0,0,0,0,0,0,0,0,0,0,0,0,0,1,2,40,2,1,2,1,0,0,14,87,3,1,1,13,1,0
42,420374,1,1,2,21,6,3,10,11,0,1,0,42,1,72,706,72706,80,2001,1HD1BMY101Y0,1,H,D,1,B,M,Y,1,0,1,Y,0,0,0,0,000000000,00000000000,0,0,0,1,0,0,0,0,0,0,0,999,0,0,0,12,6,2,11,0,0,0,1,42,19522,6,1,0,0,3,3,68,999,0,0,0,0,0,0,0,0,0,4,0,0,0,0,1,2,35,2,1,2,1,0,0,14,87,3,1,1,13,1,1
42,420375,1,1,1,28,6,15,30,33,0,1,0,42,1,98,706,98706,80,2000,5CDCNB516YG0,5,C,D,C,N,B,5,1,6,Y,G,0,0,0,0,000000000,00000000000,0,0,0,1,0,0,0,0,0,0,0,45,0,0,0,12,6,2,33,0,0,0,1,42,18824,6,1,0,0,3,0,68,999,0,0,0,0,2,1,2013,3,2014,0,0,0,0,0,2,2,45,2,1,2,1,0,0,14,12,1,1,4,6,1,0
42,420376,1,1,1,27,6,10,10,10,0,1,0,42,1,20,2,20002,4,1987,1G1BU51H8HA1,1,G,1,B,U,5,1,H,8,H,A,1,0,0,0,000000000,00000000000,0,0,0,1,0,0,0,0,0,0,0,0,0,0,0,3,6,2,10,0,0,0,1,42,17044,6,1,0,0,3,3,70,999,0,0,0,0,0,0,0,0,0,0,0,0,0,0,1,2,25,1,1,2,1,65,3,5,90,1,1,1,15,1,0
42,420377,1,1,1,2,6,15,11,42,0,1,0,42,1,12,17,12017,4,2002,1FAFP52U62A2,1,F,A,F,P,5,2,U,6,2,A,2,0,0,0,000000000,00000000000,0,0,0,1,0,0,0,0,0,0,0,999,0,0,0,1,6,2,42,0,0,0,1,42,15632,6,1,0,0,3,3,69,999,1,0,0,0,0,3,2012,3,2012,5,0,0,0,0,1,2,40,3,1,2,1,0,0,14,13,7,1,4,1,1,0
42,420378,1,1,2,18,6,21,30,30,0,1,0,42,1,72,706,72706,80,2009,1HD1BX5119Y0,1,H,D,1,B,X,5,1,1,9,Y,0,0,0,0,000000000,00000000000,0,0,0,1,0,0,0,0,0,0,0,999,0,0,0,12,6,2,30,0,0,0,1,42,17756,0,0,0,0,0,0,68,999,0,0,0,0,0,0,0,0,0,5,0,0,0,0,1,2,55,2,1,2,1,0,0,14,13,1,1,4,1,2,1
42,420379,1,2,1,25,6,15,33,12,2,1,0,42,2,14,21,14021,4,2007,3MEHM08177R6,3,M,E,H,M,0,8,1,7,7,R,6,0,0,0,000000000,00000000000,0,0,0,1,0,0,0,0,0,0,0,40,0,0,0,12,6,2,12,0,0,0,1,42,17036,6,1,0,0,3,0,67,999,0,0,0,0,0,0,0,0,0,0,28,6,0,0,1,2,40,1,1,2,1,0,0,1,10,1,1,2,50,0,0
42,420379,2,2,1,25,6,15,33,12,2,1,0,42,1,20,404,20404,14,2014,2GNALAEK4E11,2,G,N,A,L,A,E,K,4,E,1,1,0,0,0,000000000,00000000000,0,0,0,1,0,0,0,0,0,0,0,40,0,0,0,12,6,2,12,0,0,0,1,42,17109,6,1,0,0,3,3,60,999,0,0,0,0,0,0,0,0,0,0,0,0,0,0,1,2,40,1,1,2,1,0,0,1,62,1,1,1,51,1,0
42,420380,1,1,1,1,5,13,0,10,0,1,0,42,1,37,31,37031,4,2010,2HGFA1F50AH5,2,H,G,F,A,1,F,5,0,A,H,5,0,0,0,000000000,00000000000,0,0,0,1,0,0,0,0,0,0,0,999,0,0,0,12,6,2,10,0,0,0,1,42,19134,6,1,0,0,3,3,68,999,0,0,0,0,0,0,0,0,0,5,28,0,0,0,1,2,25,1,1,2,1,0,0,1,90,99,1,1,15,1,0
42,420381,1,1,6,23,6,14,38,16,0,1,0,42,2,22,18,22018,2,2004,1G2NW12E94C1,1,G,2,N,W,1,2,E,9,4,C,1,0,0,0,000000000,00000000000,0,0,0,1,0,0,0,0,0,0,0,999,0,0,0,0,6,2,16,0,0,0,1,42,15905,1,1,0,0,2,2,71,999,0,1,0,0,0,6,2014,6,2014,0,74,0,0,0,1,2,35,1,5,2,1,0,0,1,98,99,1,1,0,2,0
42,420382,1,1,1,17,6,23,45,42,0,1,0,42,1,20,16,20016,2,1997,1G1JC1247V71,1,G,1,J,C,1,2,4,7,V,7,1,0,0,0,000000000,00000000000,0,0,0,1,0,0,0,0,0,0,0,999,0,0,0,9,6,2,42,0,0,0,1,42,17519,6,1,0,0,3,0,71,999,0,0,0,0,0,0,0,0,0,3,0,0,0,0,1,2,40,1,1,2,1,0,0,1,6,99,3,4,7,1,0
42,420383,1,2,1,5,6,14,42,12,2,1,0,42,1,14,17,14017,4,2004,1MEFM50U24G6,1,M,E,F,M,5,0,U,2,4,G,6,0,0,0,000000000,00000000000,0,0,0,1,0,0,0,0,0,0,0,40,0,0,0,12,6,2,12,0,0,0,1,42,17331,6,1,0,0,3,3,68,999,1,0,0,0,0,5,2013,5,2013,0,28,0,0,0,1,2,35,3,6,2,1,0,0,14,10,1,1,2,50,1,0
42,420383,2,2,1,5,6,14,42,12,2,1,0,42,1,49,472,49472,30,2002,5TEWM72N92Z0,5,T,E,W,M,7,2,N,9,2,Z,0,0,0,0,000000000,00000000000,0,0,0,1,0,0,0,0,0,0,0,40,0,1,5,12,6,2,12,0,0,0,1,42,17331,6,1,0,0,3,0,72,999,0,0,0,0,0,0,0,0,0,0,0,0,0,0,1,2,35,3,4,2,1,0,0,14,62,1,1,1,51,0,0
42,420384,1,2,1,20,6,4,53,12,8,1,0,42,1,12,481,12481,31,2004,1FTPW14514KB,1,F,T,P,W,1,4,5,1,4,K,B,0,0,0,000000000,00000000000,0,0,0,1,0,0,0,0,0,0,0,999,0,0,0,11,6,2,12,0,0,0,1,42,15537,6,1,0,0,3,0,71,999,0,0,0,1,0,3,2014,3,2014,0,28,0,0,0,1,2,55,2,6,2,1,0,0,14,10,1,1,2,64,0,1
42,420384,2,2,1,20,6,4,53,12,8,1,0,42,1,20,37,20037,4,1999,1G1ND52J6XY1,1,G,1,N,D,5,2,J,6,X,Y,1,0,0,0,000000000,00000000000,0,0,0,1,0,0,0,0,0,0,0,999,0,0,0,10,6,2,12,0,0,0,1,42,15522,6,1,0,0,3,1,72,999,0,0,0,0,0,0,0,0,0,0,0,0,0,0,1,2,55,3,5,2,1,0,0,14,62,7,1,1,65,1,0
42,420385,1,2,2,18,6,10,30,12,1,1,0,42,1,18,7,18007,4,2005,2G4WS52J2511,2,G,4,W,S,5,2,J,2,5,1,1,0,0,0,000000000,00000000000,0,0,0,1,0,0,0,0,0,0,0,65,0,0,0,12,6,2,12,0,0,0,1,42,16510,6,1,0,0,3,0,64,999,1,0,0,0,0,3,2014,3,2014,0,26,0,0,0,2,2,65,1,1,2,1,0,0,1,52,2,1,1,28,1,0
42,420385,2,2,2,18,6,10,30,12,1,1,0,42,1,34,35,34035,4,2014,WBA5B3C5XED5,W,B,A,5,B,3,C,5,X,E,D,5,0,0,0,000000000,00000000000,0,0,0,1,0,0,0,0,0,0,0,65,0,0,0,6,2,5,12,0,0,0,1,42,16365,6,1,0,0,3,0,71,999,0,0,0,0,0,0,0,0,0,0,83,0,0,0,2,2,65,1,1,2,1,0,0,2,87,8,1,1,29,0,0
42,420386,1,2,1,20,6,16,52,12,1,1,0,42,1,20,25,20025,4,2013,1G1PC5SB1D72,1,G,1,P,C,5,S,B,1,D,7,2,0,0,0,000000000,00000000000,0,0,0,1,0,0,0,0,0,0,0,60,1,0,0,12,6,2,12,0,0,1,1,42,16240,6,1,6,0,3,3,70,999,0,0,0,0,1,6,2013,6,2013,4,27,0,0,0,3,2,65,1,5,1,1,0,0,15,51,1,1,1,24,1,0
42,420386,2,2,1,20,6,16,52,12,1,1,0,47,3,82,881,82881,66,2013,1FUJGLDR1DLB,1,F,U,J,G,L,D,R,1,D,L,B,1,1,57,00511412,5700511412,3,6,3,1,0,0,0,0,0,0,0,5,0,0,0,6,4,5,12,0,0,1,1,13,30223,6,1,6,0,3,0,67,155,98,0,0,0,0,0,0,0,0,0,0,0,0,0,3,2,65,1,5,1,1,0,0,1,53,1,1,1,25,0,0
42,420387,1,2,1,30,6,16,47,12,2,1,0,42,1,55,33,55033,4,2005,KMHWF35H05A1,K,M,H,W,F,3,5,H,0,5,A,1,0,0,0,000000000,00000000000,0,0,0,1,0,0,0,0,0,0,0,60,0,0,0,12,6,2,12,0,0,1,1,42,15557,6,1,7,0,3,0,69,999,0,0,0,0,0,0,0,0,0,5,28,0,0,0,1,5,45,1,5,1,1,0,0,1,10,1,1,2,50,0,0
42,420387,2,2,1,30,6,16,47,12,2,1,0,42,1,20,16,20016,2,2003,1G1JC12F9373,1,G,1,J,C,1,2,F,9,3,7,3,0,0,0,000000000,00000000000,0,0,0,1,0,0,0,0,0,0,0,45,0,0,0,12,6,2,12,0,0,0,1,42,15425,6,1,0,0,3,3,63,999,0,0,0,0,0,0,0,0,0,0,99,99,99,99,1,5,45,1,6,1,1,0,0,1,62,1,1,1,51,1,0
42,420388,1,1,2,4,6,19,34,1,0,1,0,42,2,2,404,2404,14,1997,1J4GZ78Y9VC6,1,J,4,G,Z,7,8,Y,9,V,C,6,0,0,0,000000000,00000000000,0,0,0,1,0,0,0,0,0,0,0,75,0,2,3,0,6,2,1,0,0,0,1,42,15377,0,0,0,0,0,0,59,999,0,1,0,0,0,12,2013,12,2013,3,0,0,0,0,2,2,65,1,1,2,2,0,0,1,6,1,4,4,7,1,0
42,420389,1,1,2,22,6,16,5,33,0,1,0,42,1,37,32,37032,4,2000,1HGCG1650YA0,1,H,G,C,G,1,6,5,0,Y,A,0,0,0,0,000000000,00000000000,0,0,0,1,0,0,0,0,0,5,5,999,0,0,0,12,6,2,30,0,0,0,1,42,19335,6,1,0,0,3,0,66,999,0,0,0,0,0,0,0,0,0,0,16,0,0,0,1,2,35,1,1,2,1,0,0,1,13,1,1,4,1,1,1
42,420390,1,1,1,7,6,2,5,35,0,1,0,42,1,20,461,20461,21,2002,1GBJG31R8212,1,G,B,J,G,3,1,R,8,2,1,2,0,0,0,000000000,00000000000,0,0,0,1,0,0,0,0,0,0,0,999,0,1,5,12,6,2,1,0,0,0,1,42,15001,3,1,0,0,2,0,69,999,0,0,0,0,0,0,0,0,0,4,99,99,99,99,3,2,65,3,2,1,1,0,0,14,13,99,1,4,1,1,1
42,420391,1,1,1,17,6,4,45,8,0,1,0,42,2,35,47,35047,4,1999,1N4DL01D2XC2,1,N,4,D,L,0,1,D,2,X,C,2,0,0,0,000000000,00000000000,0,0,0,1,0,0,0,0,0,0,0,999,0,0,0,12,2,5,8,0,0,0,1,42,19050,6,1,0,0,3,3,71,999,1,5,0,0,0,1,2014,4,2014,0,99,99,99,99,1,2,25,1,1,2,2,0,0,1,80,1,1,1,13,0,0
42,420392,1,1,1,20,6,9,25,8,0,1,0,42,1,12,481,12481,31,1982,1FDXK74N4CVA,1,F,D,X,K,7,4,N,4,C,V,A,0,0,0,000000000,00000000000,0,0,0,1,0,0,0,0,0,0,0,25,0,0,0,12,2,5,8,0,0,0,1,42,15537,6,1,0,0,3,0,72,999,0,0,0,0,0,0,0,0,0,0,0,0,0,0,2,2,55,1,1,2,1,0,0,1,80,3,1,1,13,0,0
42,420393,1,1,1,20,6,7,27,8,0,1,0,42,1,12,471,12471,31,1994,1FTCR15X6RTB,1,F,T,C,R,1,5,X,6,R,T,B,0,0,0,000000000,00000000000,0,0,0,1,0,0,0,0,0,0,0,50,0,0,0,12,4,3,8,0,0,0,1,42,19522,6,1,0,0,3,0,72,999,0,0,0,0,0,0,0,0,0,4,0,0,0,0,1,2,25,2,1,2,1,0,0,14,12,3,1,1,13,0,0
42,420394,1,1,1,6,6,22,52,8,0,1,0,42,1,12,17,12017,4,2001,1FAHP55S21A1,1,F,A,H,P,5,5,S,2,1,A,1,0,0,0,000000000,00000000000,0,0,0,1,0,0,0,0,0,0,0,999,0,0,0,1,4,3,8,0,0,0,1,42,18974,6,1,0,0,3,0,68,999,1,2,2,0,0,3,2012,9,2012,0,0,0,0,0,1,2,30,1,1,2,1,2,3,1,80,99,1,1,13,0,0