STATE,ST_CASE,VEH_NO,VE_FORMS,NUMOCCS,DAY,MONTH,HOUR,MINUTE,HARM_EV,MAN_COLL,UNITTYPE,HIT_RUN,REG_STAT,OWNER,MAKE,MODEL,MAK_MOD,BODY_TYP,MOD_YEAR,VIN,VIN_1,VIN_2,VIN_3,VIN_4,VIN_5,VIN_6,VIN_7,VIN_8,VIN_9,VIN_10,VIN_11,VIN_12,TOW_VEH,J_KNIFE,MCARR_I1,MCARR_I2,MCARR_ID,GVWR,V_CONFIG,CARGO_BT,HAZ_INV,HAZ_PLAC,HAZ_ID,HAZ_CNO,HAZ_REL,BUS_USE,SPEC_USE,EMER_USE,TRAV_SP,UNDERIDE,ROLLOVER,ROLINLOC,IMPACT1,DEFORMED,TOWED,M_HARM,VEH_SC1,VEH_SC2,FIRE_EXP,DR_PRES,L_STATE,DR_ZIP,L_STATUS,L_TYPE,CDL_STAT,L_ENDORS,L_COMPL,L_RESTRI,DR_HGT,DR_WGT,PREV_ACC,PREV_SUS,PREV_DWI,PREV_SPD,PREV_OTH,FIRST_MO,FIRST_YR,LAST_MO,LAST_YR,SPEEDREL,DR_SF1,DR_SF2,DR_SF3,DR_SF4,VTRAFWAY,VNUM_LAN,VSPD_LIM,VALIGN,VPROFILE,VPAVETYP,VSURCOND,VTRAFCON,VTCONT_F,P_CRASH1,P_CRASH2,P_CRASH3,PCRASH4,PCRASH5,ACC_TYPE,DEATHS,DR_DRINK
42,420429,1,2,1,18,6,23,20,12,2,1,0,42,1,7,20,7020,4,2005,1B3ES56C75D2,1,B,3,E,S,5,6,C,7,5,D,2,0,0,0,000000000,00000000000,0,0,0,1,0,0,0,0,0,0,0,999,1,0,0,12,6,2,12,0,0,0,1,42,16001,1,1,0,0,2,0,67,999,0,1,0,0,0,4,2013,4,2013,4,35,28,33,0,1,2,55,2,6,2,2,0,0,6,11,3,2,2,50,1,1
42,420429,2,2,1,18,6,23,20,12,2,1,0,42,1,2,404,2404,14,1999,1J4FF68S0XL6,1,J,4,F,F,6,8,S,0,X,L,6,0,0,0,000000000,00000000000,0,0,0,1,0,0,0,0,0,0,0,999,0,0,0,12,6,2,12,0,0,0,1,42,16001,6,1,0,0,3,0,62,999,0,0,0,0,0,0,0,0,0,0,0,0,0,0,1,2,55,3,5,2,2,0,0,14,62,99,1,1,51,1,0
42,420430,1,2,2,5,6,9,18,12,6,1,0,42,1,49,32,49032,4,1994,2T1AE04B9RC0,2,T,1,A,E,0,4,B,9,R,C,0,0,0,0,000000000,00000000000,0,0,0,1,0,0,0,0,0,0,0,999,0,0,0,3,6,2,12,0,0,0,1,42,19111,6,1,0,0,3,3,66,999,0,0,0,0,0,0,0,0,0,0,48,0,0,0,1,2,30,1,1,2,2,3,3,11,15,1,1,1,68,1,0
42,420430,2,2,1,5,6,9,18,12,6,1,0,42,1,12,461,12461,21,2011,1FTNE2EW9BDA,1,F,T,N,E,2,E,W,9,B,D,A,0,0,0,000000000,00000000000,0,0,0,1,0,0,0,0,0,0,0,999,0,0,0,12,6,2,12,0,0,0,1,42,19115,6,1,0,0,3,0,72,999,1,0,0,0,0,5,2013,5,2013,0,99,99,99,99,1,2,30,1,1,2,2,3,3,1,62,9,1,1,69,0,0
42,420431,1,1,1,13,6,22,35,1,0,1,0,42,2,12,471,12471,30,1989,1FTCR11T7KUA,1,F,T,C,R,1,1,T,7,K,U,A,0,0,0,000000000,00000000000,0,0,0,1,0,0,0,0,0,0,0,65,0,2,5,0,6,2,1,0,0,0,1,42,17331,6,1,6,0,3,0,70,999,0,0,0,0,0,0,0,0,0,3,0,0,0,0,1,2,40,3,1,2,2,0,0,14,6,3,4,4,7,1,1
42,420432,1,2,1,21,6,18,24,12,6,1,0,42,2,41,35,41035,4,2003,JM1BJ2253302,J,M,1,B,J,2,2,5,3,3,0,2,0,0,0,000000000,00000000000,0,0,0,1,0,0,0,0,0,0,0,40,0,0,0,12,6,2,12,0,0,0,1,42,17331,6,1,0,0,3,0,69,999,0,0,0,0,0,0,0,0,0,0,0,0,0,0,1,3,40,1,3,2,1,3,3,1,62,1,1,1,69,0,0
42,420432,2,2,1,21,6,18,24,12,6,1,0,51,1,72,706,72706,80,2004,1HD1FFW114Y6,1,H,D,1,F,F,W,1,1,4,Y,6,0,0,0,000000000,00000000000,0,0,0,1,0,0,0,0,0,0,0,10,0,0,0,2,6,2,12,0,0,0,1,51,22840,6,1,0,0,3,0,69,185,1,0,0,0,1,11,2012,12,2012,0,48,0,0,0,1,3,40,1,3,2,1,3,3,11,15,1,1,1,68,1,0
42,420433,1,2,2,4,6,12,50,12,1,1,0,42,1,37,32,37032,4,2001,JHMCG66561C0,J,H,M,C,G,6,6,5,6,1,C,0,0,0,0,000000000,00000000000,0,0,0,1,0,0,0,0,0,0,0,999,2,0,0,12,6,2,12,0,0,0,1,42,17547,6,1,0,0,3,3,68,999,0,0,0,0,0,0,0,0,0,0,99,99,99,99,1,2,55,1,1,2,1,0,0,1,50,3,2,1,33,1,0
42,420433,2,2,1,4,6,12,50,12,1,1,0,42,3,87,881,87881,66,2011,1XPXDB9X5BD1,1,X,P,X,D,B,9,X,5,B,D,1,1,1,57,00010883,5700010883,3,6,2,1,0,0,0,0,0,0,0,0,0,0,0,6,2,5,12,0,0,0,1,42,17022,6,1,6,1,3,0,70,999,0,0,0,0,0,0,0,0,0,0,0,0,0,0,1,2,55,1,1,2,1,0,0,5,53,1,1,1,33,0,0
42,420434,1,2,1,6,6,6,19,12,6,1,0,42,1,37,705,37705,80,2005,JH2RC44015M8,J,H,2,R,C,4,4,0,1,5,M,8,0,0,0,000000000,00000000000,0,0,0,1,0,0,0,0,0,0,0,999,0,0,0,12,4,3,12,0,0,0,1,42,19125,6,1,0,0,3,0,66,999,0,0,0,0,0,0,0,0,0,0,99,99,99,99,1,2,35,1,1,2,1,0,0,1,62,99,1,1,69,1,0
42,420434,2,2,1,6,6,6,19,12,6,1,0,42,1,12,481,12481,31,2010,1FTFW1EV8AFC,1,F,T,F,W,1,E,V,8,A,F,C,0,0,0,000000000,00000000000,0,0,0,1,0,0,0,0,0,0,0,10,0,0,0,5,4,5,12,0,0,0,1,42,19122,6,1,0,0,3,0,68,999,1,0,0,0,1,10,2012,12,2012,0,48,0,0,0,1,3,35,1,1,2,1,0,0,11,15,99,1,1,68,0,0
42,420435,1,2,1,15,6,14,21,12,6,1,0,92,0,37,702,37702,83,1998,JH2HE0306WK7,J,H,2,H,E,0,3,0,6,W,K,7,0,0,0,000000000,00000000000,0,0,0,1,0,0,0,0,0,0,0,999,0,0,0,12,6,2,12,0,0,0,1,42,19133,0,0,0,0,1,0,999,999,0,4,0,0,0,4,2013,4,2013,3,18,39,0,0,4,1,25,1,1,2,1,3,3,6,17,1,1,1,88,1,0
42,420435,2,2,1,15,6,14,21,12,6,1,0,42,2,37,402,37402,14,2008,JHLRE48548C0,J,H,L,R,E,4,8,5,4,8,C,0,0,0,0,000000000,00000000000,0,0,0,1,0,0,0,0,0,0,0,999,0,0,0,10,6,2,12,0,0,0,1,42,19130,6,1,0,0,3,3,67,999,0,0,0,0,0,0,0,0,0,0,0,0,0,0,4,1,25,1,1,2,1,3,3,1,66,2,1,1,89,0,0
42,420436,1,2,1,7,6,18,0,12,6,1,0,42,1,20,2,20002,4,2010,2G1WA5EN1A11,2,G,1,W,A,5,E,N,1,A,1,1,0,0,0,000000000,00000000000,0,0,0,1,0,0,0,0,0,0,0,5,0,0,0,1,4,3,12,0,0,0,1,42,15461,6,1,0,0,3,0,72,999,0,0,0,0,0,0,0,0,0,0,48,0,0,0,1,2,25,1,1,2,1,0,0,11,15,1,1,1,68,0,0
42,420436,2,2,1,7,6,18,0,12,6,1,0,42,1,72,706,72706,80,2014,1HD1KBM15EB6,1,H,D,1,K,B,M,1,5,E,B,6,0,0,0,000000000,00000000000,0,0,0,1,0,0,0,0,0,0,0,45,0,0,0,12,6,2,12,0,0,0,1,42,15344,6,7,0,0,3,0,71,999,0,0,0,0,1,1,2014,1,2014,3,0,0,0,0,1,2,25,1,1,2,1,0,0,1,62,3,2,1,69,1,0
42,420437,1,1,1,21,6,2,20,24,0,1,0,42,1,20,16,20016,2,2002,1G1JH12TX271,1,G,1,J,H,1,2,T,X,2,7,1,0,0,0,000000000,00000000000,0,0,0,1,0,0,0,0,0,0,0,55,0,0,0,2,6,2,24,0,0,0,1,42,16335,6,1,0,0,3,3,67,999,0,1,0,0,0,8,2013,8,2013,5,99,99,99,99,1,2,45,2,1,2,1,0,0,14,13,99,1,4,1,1,0
42,420438,1,1,1,16,6,19,12,35,0,1,0,42,1,72,706,72706,80,1992,1HD1BJL46NY0,1,H,D,1,B,J,L,4,6,N,Y,0,0,0,0,000000000,00000000000,0,0,0,1,0,0,0,0,0,0,0,999,0,0,0,1,6,2,35,0,0,0,1,42,16848,6,1,6,0,3,0,66,999,0,0,0,0,0,0,0,0,0,0,6,0,0,0,1,2,45,1,5,2,1,0,0,1,13,1,1,4,1,1,1
42,420439,1,1,1,10,6,11,3,8,0,1,0,42,2,49,472,49472,30,2004,5TENL42N84Z4,5,T,E,N,L,4,2,N,8,4,Z,4,0,0,0,000000000,00000000000,0,0,0,1,0,0,0,0,0,0,0,25,0,0,0,11,2,5,8,0,0,0,1,42,17847,6,1,6,0,3,3,72,999,0,0,0,0,0,0,0,0,0,0,0,0,0,0,4,2,25,1,1,2,1,0,0,1,80,99,1,1,13,0,0
42,420440,1,1,1,28,6,0,54,1,0,1,0,42,1,72,706,72706,80,2003,1HD1BSY193Y0,1,H,D,1,B,S,Y,1,9,3,Y,0,0,0,0,000000000,00000000000,0,0,0,1,0,0,0,0,0,0,0,999,0,0,0,0,4,3,1,0,0,0,1,42,15317,6,1,0,0,2,0,70,999,0,0,0,0,0,0,0,0,0,0,99,99,99,99,1,2,35,3,5,2,1,0,0,14,13,1,1,4,1,1,0
42,420441,1,1,1,4,6,17,10,1,0,1,0,39,1,37,706,37706,80,1984,1HFSC1427EA0,1,H,F,S,C,1,4,2,7,E,A,0,0,0,0,000000000,00000000000,0,0,0,1,0,0,0,0,0,0,0,50,0,0,0,0,4,3,1,0,0,0,1,39,44512,6,1,0,0,3,0,70,210,0,0,0,0,0,0,0,0,0,4,0,0,0,0,2,2,65,1,1,2,2,0,0,1,98,1,1,1,98,1,0
42,420442,1,1,1,30,6,14,44,16,0,1,0,42,3,85,881,85881,66,2014,1XKDD49X9EJ3,1,X,K,D,D,4,9,X,9,E,J,3,1,1,57,01140131,5701140131,3,6,3,1,0,0,0,0,0,0,0,55,0,0,0,0,6,2,16,0,0,0,1,42,16301,6,1,6,0,3,0,66,999,1,0,0,1,0,12,2012,5,2014,0,0,0,0,0,1,2,55,1,1,2,1,0,0,1,98,8,2,1,0,1,0
42,420443,1,4,4,4,6,22,27,12,11,1,0,42,1,59,403,59403,14,2006,2T2HA31U36C1,2,T,2,H,A,3,1,U,3,6,C,1,0,0,0,000000000,00000000000,0,0,0,1,0,0,0,0,0,0,0,999,0,0,0,7,6,2,12,0,0,0,1,42,19403,6,1,0,0,3,0,70,999,0,0,0,0,0,0,0,0,0,0,38,48,0,0,0,0,0,0,0,0,0,0,0,10,98,1,1,1,78,0,0
42,420443,2,4,1,4,6,22,27,12,11,1,0,42,2,73,706,73706,80,1999,JKAZRBC18XA0,J,K,A,Z,R,B,C,1,8,X,A,0,0,0,0,000000000,00000000000,0,0,0,1,0,0,0,0,0,0,0,999,0,0,0,2,6,2,54,0,0,0,1,42,19403,6,1,0,0,3,0,73,999,1,0,0,0,0,8,2013,8,2013,0,0,0,0,0,1,4,35,1,1,1,1,0,0,1,70,3,2,1,79,1,1
42,420443,3,4,1,4,6,22,27,12,11,1,0,42,1,37,31,37031,2,1999,1HGEJ6227XL0,1,H,G,E,J,6,2,2,7,X,L,0,0,0,0,000000000,00000000000,0,0,0,1,0,0,0,0,0,0,0,999,0,0,0,14,2,5,54,0,0,0,1,42,19422,6,1,0,0,3,0,65,999,0,0,0,0,0,0,0,0,0,0,0,0,0,0,1,4,35,1,1,1,1,0,0,1,62,3,2,1,98,0,0
42,420443,4,4,1,4,6,22,27,12,11,1,0,42,2,55,35,55035,4,2004,KMHDN46D64U7,K,M,H,D,N,4,6,D,6,4,U,7,0,0,0,000000000,00000000000,0,0,0,1,0,0,0,0,0,0,0,999,0,0,0,14,2,5,54,0,0,0,1,42,19403,6,1,0,0,3,3,65,999,0,0,0,0,0,0,0,0,0,0,0,0,0,0,1,4,35,1,1,1,1,0,0,1,62,2,1,1,98,0,0
42,420444,1,1,1,16,6,9,0,42,0,1,0,42,2,14,17,14017,4,2002,1MEFM55S82A6,1,M,E,F,M,5,5,S,8,2,A,6,0,0,0,000000000,00000000000,0,0,0,1,0,0,0,0,0,0,0,999,0,0,0,12,6,2,42,0,0,0,1,42,17740,1,1,0,0,2,0,69,999,0,4,1,1,0,7,2011,3,2014,0,99,99,99,99,1,2,55,2,1,2,1,0,0,14,13,1,1,4,1,1,0
42,420445,1,1,1,19,6,18,45,8,0,1,1,42,1,23,481,23481,31,2003,1GTHK29U23E2,1,G,T,H,K,2,9,U,2,3,E,2,0,0,0,000000000,00000000000,0,0,0,1,0,0,0,0,0,0,0,999,0,0,0,12,9,5,8,0,0,0,1,42,19154,1,1,0,0,2,0,59,999,0,4,0,0,0,7,2012,10,2013,0,99,99,99,99,1,2,35,1,1,2,1,0,0,1,11,99,1,4,13,0,0
42,420446,1,1,1,14,5,9,55,33,0,1,0,42,1,98,709,98709,80,1987,SW110347PA,S,W,1,1,0,3,4,7,P,A,,,0,0,0,000000000,00000000000,0,0,0,1,0,0,0,0,0,0,0,999,0,0,0,12,9,5,33,0,0,0,1,42,19152,6,1,0,0,2,0,71,999,0,0,0,0,0,0,0,0,0,0,99,99,99,99,3,2,30,2,5,2,1,0,0,14,12,1,1,4,6,1,0
42,420447,1,3,1,12,6,14,49,34,0,1,0,42,2,49,32,49032,4,1993,2T1AE09E2PC0,2,T,1,A,E,0,9,E,2,P,C,0,0,0,0,000000000,00000000000,0,0,0,1,0,0,0,0,0,0,0,70,0,0,0,98,6,2,12,0,0,0,1,42,16045,1,1,0,0,2,0,70,999,0,5,0,0,0,9,2011,10,2013,5,35,6,0,0,2,2,55,1,1,2,1,0,0,6,6,98,4,4,7,1,0
42,420447,2,3,1,12,6,14,49,34,0,1,0,42,3,87,881,87881,63,2009,1NPSLU0X09D7,1,N,P,S,L,U,0,X,0,9,D,7,0,0,57,00224742,5700224742,3,2,4,1,0,0,0,0,0,0,0,40,0,1,3,2,6,2,1,0,0,0,1,42,16210,6,1,6,0,3,1,64,999,0,0,0,0,0,0,0,0,0,0,35,0,0,0,2,2,55,1,1,2,1,0,0,6,52,8,2,4,98,0,0
42,420447,3,3,2,12,6,14,49,34,0,1,0,42,1,23,402,23402,14,2012,2GKFLVE53C62,2,G,K,F,L,V,E,5,3,C,6,2,0,0,0,000000000,00000000000,0,0,0,1,0,0,0,0,0,0,0,60,0,0,0,7,6,2,12,0,0,0,1,42,16201,6,1,0,0,3,0,72,999,0,0,0,0,0,0,0,0,0,4,0,0,0,0,2,2,55,1,1,2,1,0,0,1,60,2,1,1,98,0,0
42,420448,1,1,1,7,6,21,16,8,0,1,0,42,2,37,31,37031,2,2004,1HGEM22964L0,1,H,G,E,M,2,2,9,6,4,L,0,0,0,0,000000000,00000000000,0,0,0,1,0,0,0,0,0,0,0,999,0,0,0,12,6,2,8,0,0,0,1,42,19047,6,1,0,0,3,3,68,999,0,0,0,0,0,0,0,0,0,0,0,0,0,0,1,4,40,1,1,2,1,0,0,1,80,6,1,1,13,0,0
42,420449,1,1,1,22,6,22,52,8,0,1,0,42,1,49,32,49032,4,2007,2T1BR32E17C7,2,T,1,B,R,3,2,E,1,7,C,7,0,0,0,000000000,00000000000,0,0,0,1,0,0,0,0,0,0,0,35,0,0,0,12,6,2,8,0,0,0,1,42,18042,6,1,0,0,3,0,69,999,0,0,0,0,1,4,2013,4,2013,0,0,0,0,0,1,4,35,1,1,2,1,0,0,1,80,1,1,1,13,0,0
42,420450,1,1,1,15,6,16,34,44,0,1,0,42,1,72,706,72706,80,2003,1HD1BWB413Y0,1,H,D,1,B,W,B,4,1,3,Y,0,0,0,0,000000000,00000000000,0,0,0,1,0,0,0,0,0,0,0,999,0,0,0,0,6,5,14,0,0,0,1,42,17764,6,1,0,0,3,0,71,999,0,0,0,1,0,7,2013,7,2013,4,79,82,0,0,1,2,25,1,1,2,1,0,0,1,98,2,2,1,0,1,0
42,420451,1,1,1,7,6,22,7,24,0,1,0,42,1,73,706,73706,80,2008,JKAZXCE148A0,J,K,A,Z,X,C,E,1,4,8,A,0,0,0,0,000000000,00000000000,0,0,0,1,0,0,0,0,0,0,0,999,0,0,0,12,6,2,24,0,0,0,1,42,15902,6,7,6,0,3,0,70,999,0,0,0,0,3,11,2011,5,2014,4,0,0,0,0,1,2,25,3,5,2,1,0,0,14,13,1,1,4,1,1,1
42,420452,1,1,2,14,6,18,14,42,0,1,0,42,1,12,3,12003,1,1999,1FAFP45X4XF1,1,F,A,F,P,4,5,X,4,X,F,1,0,0,0,000000000,00000000000,0,0,0,1,0,0,0,0,0,0,0,999,0,0,0,11,6,2,42,0,0,0,1,42,19468,6,1,0,0,3,0,65,999,0,0,0,1,0,11,2013,11,2013,4,0,0,0,0,1,2,35,2,5,2,1,0,0,14,6,98,3,4,7,1,1
42,420453,1,1,2,29,6,14,30,11,0,1,0,42,1,72,706,72706,80,2002,1HD1FCW102Y6,1,H,D,1,F,C,W,1,0,2,Y,6,0,0,0,000000000,00000000000,0,0,0,1,0,0,0,0,0,0,0,999,0,0,0,12,4,3,11,0,0,0,1,42,17824,6,1,0,0,3,1,67,999,0,0,0,0,0,0,0,0,0,0,83,0,0,0,1,2,35,2,5,2,1,0,0,14,87,3,2,1,13,1,0
42,420454,1,2,1,12,6,15,35,12,6,1,0,42,1,12,401,12401,14,2000,1FMDU73E6YZA,1,F,M,D,U,7,3,E,6,Y,Z,A,0,0,0,000000000,00000000000,0,0,0,1,0,0,0,0,0,0,0,20,0,0,0,2,6,2,12,0,0,0,1,42,18088,6,1,0,0,3,0,68,999,0,0,0,0,0,0,0,0,0,0,48,0,0,0,1,2,40,1,5,2,2,0,0,11,10,1,1,1,68,0,0
42,420454,2,2,2,12,6,15,35,12,6,1,0,42,1,7,41,7041,4,2001,2B3HD46R11H6,2,B,3,H,D,4,6,R,1,1,H,6,0,0,0,000000000,00000000000,0,0,0,1,0,0,0,0,0,0,0,35,0,0,0,12,6,2,12,0,0,0,1,42,18071,6,1,0,0,3,0,71,999,0,0,0,0,0,0,0,0,0,0,0,0,0,0,1,2,40,1,6,2,2,0,0,1,72,1,1,1,69,1,0
42,420455,1,2,1,22,6,17,47,12,1,1,0,42,1,72,706,72706,80,2012,1HD1GPM15CC3,1,H,D,1,G,P,M,1,5,C,C,3,0,0,0,000000000,00000000000,0,0,0,1,0,0,0,0,0,0,0,999,0,0,0,12,6,2,12,0,0,0,1,42,18508,6,1,6,1,3,3,72,999,0,0,0,0,0,0,0,0,0,0,99,99,99,99,2,2,50,3,1,2,1,0,0,14,53,99,1,1,24,1,0
42,420455,2,2,1,22,6,17,47,12,1,1,0,42,2,12,481,12481,32,2003,1FTNX21F33EA,1,F,T,N,X,2,1,F,3,3,E,A,0,0,0,000000000,00000000000,0,0,0,1,0,0,0,0,0,0,0,50,0,0,0,6,2,3,12,0,0,0,1,42,18824,6,1,0,0,3,0,67,999,1,0,0,0,0,8,2011,8,2011,0,99,99,99,99,2,2,50,3,1,2,1,0,0,14,51,99,1,1,25,0,1
42,420456,1,1,2,15,6,13,32,43,0,1,0,42,2,20,4,20004,1,1978,1Z87L8S40471,1,Z,8,7,L,8,S,4,0,4,7,1,0,0,0,000000000,00000000000,0,0,0,1,0,0,0,0,0,0,0,999,0,1,5,3,6,2,43,0,0,1,1,42,17370,6,1,0,0,3,0,72,999,0,0,0,0,0,0,0,0,0,0,99,99,99,99,1,2,40,1,1,2,1,0,0,1,12,3,4,4,6,1,0
42,420457,1,2,1,18,3,10,45,43,0,1,0,42,1,18,2,18002,4,2004,1G4HP52K9441,1,G,4,H,P,5,2,K,9,4,4,1,0,0,0,000000000,00000000000,0,0,0,1,0,0,0,0,0,0,0,999,0,1,5,11,6,2,1,0,0,0,1,42,18360,6,1,0,0,3,3,72,999,0,0,0,0,0,0,0,0,0,0,35,0,0,0,3,2,65,1,1,1,1,0,0,15,13,1,1,4,1,1,0
42,420457,2,2,2,18,3,10,45,43,0,1,0,42,1,20,481,20481,32,2013,3GCPKSE70DG2,3,G,C,P,K,S,E,7,0,D,G,2,0,0,0,000000000,00000000000,0,0,0,1,0,0,0,0,0,0,0,999,0,0,0,6,6,2,12,0,0,0,1,42,18229,6,1,0,0,3,0,71,999,0,0,0,0,0,0,0,0,0,0,0,0,0,0,3,2,65,1,1,1,1,0,0,1,61,1,1,5,98,0,0
42,420458,1,1,2,7,6,21,36,14,0,1,0,42,1,37,706,37706,80,1988,1HFSC1809JA3,1,H,F,S,C,1,8,0,9,J,A,3,0,0,0,000000000,00000000000,0,0,0,1,0,0,0,0,0,0,0,999,0,0,0,12,6,2,14,0,0,0,1,42,16617,3,1,0,0,2,0,68,999,0,16,0,0,0,6,2011,1,2014,0,0,0,0,0,1,2,25,1,5,2,1,0,0,1,13,1,1,4,1,1,0
42,420459,1,1,1,5,6,16,46,30,0,1,0,42,1,98,706,98706,80,2003,4MZAX12J9334,4,M,Z,A,X,1,2,J,9,3,3,4,0,0,0,000000000,00000000000,0,0,0,1,0,0,0,0,0,0,0,999,0,0,0,3,6,2,30,0,0,0,1,42,18038,1,1,0,0,2,0,71,999,0,12,0,0,0,8,2011,4,2014,4,0,0,0,0,1,2,45,3,1,2,1,0,0,14,13,6,1,4,1,1,0
42,420460,1,1,2,7,6,18,40,30,0,1,0,92,0,37,734,37734,90,2005,1HFTE2607544,1,H,F,T,E,2,6,0,7,5,4,4,0,0,0,000000000,00000000000,0,0,0,1,0,0,0,0,0,0,0,35,0,0,0,1,6,2,30,0,0,0,1,42,17923,6,1,0,0,1,0,70,999,0,0,0,0,0,0,0,0,0,4,18,0,0,0,1,2,40,3,1,2,1,40,3,14,13,1,1,4,1,1,1
42,420461,1,2,1,20,6,10,25,12,6,1,0,39,1,53,703,53703,80,1999,89JS1NJ48A9X,8,9,J,S,1,N,J,4,8,A,9,X,0,0,0,000000000,00000000000,0,0,0,1,0,0,0,0,0,0,0,999,0,0,0,11,6,2,12,0,0,0,1,39,45039,6,1,0,0,3,0,67,160,0,0,0,0,0,0,0,0,0,0,0,0,0,0,6,2,65,2,1,1,1,21,3,14,10,1,1,2,64,1,0
42,420461,2,2,1,20,6,10,25,12,6,1,1,99,9,99,999,99999,99,9999,999999999999,9,9,9,9,9,9,9,9,9,9,9,9,9,0,99,999999999,99999999999,9,99,99,1,0,0,0,0,0,0,0,999,0,0,0,5,9,5,12,0,0,0,1,99,99999,9,9,99,9,9,9,999,999,99,99,99,99,99,99,9999,99,9999,0,0,0,0,0,6,2,65,1,1,1,1,21,3,1,61,99,1,1,65,0,0
42,420462,1,1,1,6,7,8,39,43,0,1,0,42,1,6,54,6054,6,2004,2C8GF68474R3,2,C,8,G,F,6,8,4,7,4,R,3,0,0,0,000000000,00000000000,0,0,0,1,0,0,0,0,0,0,0,60,0,0,0,12,6,2,42,0,0,0,1,42,15666,6,1,0,0,3,0,65,999,0,0,0,0,0,0,0,0,0,0,0,0,0,0,1,2,40,3,6,2,1,0,0,14,10,8,1,4,6,1,0
42,420463,1,1,1,12,7,18,20,24,0,1,0,42,2,63,441,63441,20,2004,KNDUP1317465,K,N,D,U,P,1,3,1,7,4,6,5,0,0,0,000000000,00000000000,0,0,0,1,0,0,0,0,0,0,0,55,0,0,0,12,6,2,8,0,0,0,1,42,16374,6,1,0,0,3,0,69,999,0,0,0,0,0,0,0,0,0,0,27,0,0,0,2,2,50,3,1,2,1,8,3,14,13,99,1,4,1,0,1
42,420464,1,1,2,13,7,3,58,1,0,1,0,42,2,20,22,20022,4,2008,1G1AL58F7871,1,G,1,A,L,5,8,F,7,8,7,1,0,0,0,000000000,00000000000,0,0,0,1,0,0,0,0,0,0,0,100,0,1,2,0,6,2,42,0,0,0,1,42,17957,0,0,0,0,0,0,999,999,0,0,0,0,0,0,0,0,0,5,58,0,0,0,1,2,45,3,6,2,1,0,0,14,6,7,3,4,98,1,1
42,420465,1,1,1,21,7,1,50,7,0,1,0,0,0,37,739,37739,90,9999,000000000000,0,0,0,0,0,0,0,0,0,0,0,0,0,0,0,000000000,00000000000,0,0,0,1,0,0,0,0,0,0,0,999,0,0,0,0,2,3,7,0,0,0,1,42,15459,6,1,0,0,3,3,63,999,0,0,0,0,0,0,0,0,0,0,0,0,0,0,1,2,55,1,6,1,2,0,0,99,99,1,9,9,0,1,1
42,420466,1,1,2,2,7,13,40,1,0,1,0,42,1,76,706,76706,80,1985,JYA56V006FA0,J,Y,A,5,6,V,0,0,6,F,A,0,0,0,0,000000000,00000000000,0,0,0,1,0,0,0,0,0,0,0,50,0,0,0,0,6,2,24,0,0,0,1,42,18211,6,1,6,0,2,0,72,999,0,2,0,0,2,1,2012,5,2013,4,0,0,0,0,1,2,55,3,6,2,1,40,1,14,11,1,1,4,98,1,1
42,420467,1,2,1,21,6,10,42,12,2,1,0,24,2,20,20,20020,4,2001,2G1WL52J4111,2,G,1,W,L,5,2,J,4,1,1,1,0,0,0,000000000,00000000000,0,0,0,1,0,0,0,0,0,0,0,999,0,0,0,12,6,2,12,0,0,0,1,24,17267,6,1,0,0,3,0,65,135,0,0,0,0,0,0,0,0,0,5,28,0,0,0,1,2,55,2,6,2,1,0,0,14,10,1,1,2,50,1,0
42,420467,2,2,1,21,6,10,42,12,2,1,0,42,1,13,1,13001,4,1993,1LNLM82W1PY6,1,L,N,L,M,8,2,W,1,P,Y,6,0,0,0,000000000,00000000000,0,0,0,1,0,0,0,0,0,0,0,999,0,0,0,12,6,2,12,0,0,0,1,42,17238,6,1,0,0,3,0,59,999,0,0,0,0,0,0,0,0,0,0,0,0,0,0,1,2,55,3,5,2,1,0,0,14,62,99,1,1,51,1,0
42,420468,1,1,1,19,7,23,13,42,0,1,0,42,1,53,705,53705,80,2013,JS1GN7FA8D21,J,S,1,G,N,7,F,A,8,D,2,1,0,0,0,000000000,00000000000,0,0,0,1,0,0,0,0,0,0,0,999,0,0,0,12,6,2,42,0,0,0,1,42,19382,6,1,6,0,2,0,71,999,0,0,0,0,1,10,2013,10,2013,5,0,0,0,0,1,2,25,2,6,2,1,0,0,14,12,99,1,4,6,1,1
42,420469,1,1,1,25,7,1,56,30,0,1,0,42,1,37,705,37705,80,2002,JH2PC35052M3,J,H,2,P,C,3,5,0,5,2,M,3,0,0,0,000000000,00000000000,0,0,0,1,0,0,0,0,0,0,0,40,0,0,0,10,6,2,31,0,0,0,1,42,15236,6,7,0,0,3,2,68,999,0,0,0,0,1,9,2013,9,2013,0,52,74,0,0,1,2,35,2,1,2,1,0,0,1,13,1,1,4,1,1,1
42,420470,1,1,1,20,7,19,58,11,0,1,0,42,2,76,706,76706,80,2000,JYAVP11E7YA0,J,Y,A,V,P,1,1,E,7,Y,A,0,0,0,0,000000000,00000000000,0,0,0,1,0,0,0,0,0,0,0,45,0,0,0,12,6,2,11,0,0,0,1,42,16323,6,1,6,0,2,0,74,999,0,4,0,0,0,11,2012,11,2012,0,0,0,0,0,1,2,45,1,6,2,1,0,0,1,87,1,1,1,13,1,0