STATE,ST_CASE,VEH_NO,VE_FORMS,NUMOCCS,DAY,MONTH,HOUR,MINUTE,HARM_EV,MAN_COLL,UNITTYPE,HIT_RUN,REG_STAT,OWNER,MAKE,MODEL,MAK_MOD,BODY_TYP,MOD_YEAR,VIN,VIN_1,VIN_2,VIN_3,VIN_4,VIN_5,VIN_6,VIN_7,VIN_8,VIN_9,VIN_10,VIN_11,VIN_12,TOW_VEH,J_KNIFE,MCARR_I1,MCARR_I2,MCARR_ID,GVWR,V_CONFIG,CARGO_BT,HAZ_INV,HAZ_PLAC,HAZ_ID,HAZ_CNO,HAZ_REL,BUS_USE,SPEC_USE,EMER_USE,TRAV_SP,UNDERIDE,ROLLOVER,ROLINLOC,IMPACT1,DEFORMED,TOWED,M_HARM,VEH_SC1,VEH_SC2,FIRE_EXP,DR_PRES,L_STATE,DR_ZIP,L_STATUS,L_TYPE,CDL_STAT,L_ENDORS,L_COMPL,L_RESTRI,DR_HGT,DR_WGT,PREV_ACC,PREV_SUS,PREV_DWI,PREV_SPD,PREV_OTH,FIRST_MO,FIRST_YR,LAST_MO,LAST_YR,SPEEDREL,DR_SF1,DR_SF2,DR_SF3,DR_SF4,VTRAFWAY,VNUM_LAN,VSPD_LIM,VALIGN,VPROFILE,VPAVETYP,VSURCOND,VTRAFCON,VTCONT_F,P_CRASH1,P_CRASH2,P_CRASH3,PCRASH4,PCRASH5,ACC_TYPE,DEATHS,DR_DRINK
42,420547,2,2,2,21,7,11,24,12,7,1,0,34,3,82,881,82881,66,2010,1FUJGLDR3ASA,1,F,U,J,G,L,D,R,3,A,S,A,1,1,57,02188636,5702188636,3,6,1,1,0,0,0,0,0,0,0,60,0,0,0,5,4,5,12,0,0,0,1,34,7087,9,9,99,9,9,9,999,999,99,99,99,99,99,99,9999,99,9999,0,0,0,0,0,3,4,65,1,1,2,1,0,0,1,61,1,1,1,45,0,0
42,420548,1,2,1,18,7,12,45,1,0,1,0,34,1,53,705,53705,80,2006,JS1VP53A2621,J,S,1,V,P,5,3,A,2,6,2,1,0,0,0,000000000,00000000000,0,0,0,1,0,0,0,0,0,0,0,70,0,0,0,0,6,2,54,0,0,0,1,34,8046,6,1,0,0,3,0,65,999,0,1,0,0,2,11,2011,10,2013,0,35,0,0,0,2,2,65,1,1,2,1,0,0,6,98,3,2,3,98,1,0
42,420548,2,2,1,18,7,12,45,1,0,1,0,41,1,82,881,82881,66,2005,1FUJA6CK25LM,1,F,U,J,A,6,C,K,2,5,L,M,1,1,57,02490686,5702490686,3,6,2,1,0,0,0,0,0,0,0,63,0,0,0,10,2,5,54,0,0,0,1,41,97828,6,1,6,0,3,3,73,215,0,0,0,0,0,0,0,0,0,0,0,0,0,0,2,2,65,1,1,2,1,0,0,1,98,1,1,1,98,0,0
42,420549,1,1,1,15,7,12,29,8,0,1,0,42,2,20,481,20481,31,2007,1GBJC39D57E1,1,G,B,J,C,3,9,D,5,7,E,1,0,0,0,000000000,00000000000,0,0,0,1,0,0,0,0,0,0,0,5,0,0,0,6,2,5,8,0,0,0,1,42,16148,6,1,0,0,3,0,72,999,0,0,0,0,0,0,0,0,0,0,0,0,0,0,1,2,25,1,1,2,1,0,0,13,80,1,1,1,92,0,0
42,420550,1,2,1,2,7,15,26,12,6,1,0,42,1,52,34,52034,4,2000,4A3AA46G0YE0,4,A,3,A,A,4,6,G,0,Y,E,0,0,0,0,000000000,00000000000,0,0,0,1,0,0,0,0,0,0,0,999,0,0,0,12,6,2,12,0,0,0,1,42,17315,6,1,0,0,3,3,73,999,0,0,0,0,0,0,0,0,0,0,0,0,0,0,2,2,40,1,5,1,1,0,0,1,17,1,1,1,64,1,1
42,420550,2,2,1,2,7,15,26,12,6,1,0,42,1,85,884,85884,66,2002,1XKWDB9X12J8,1,X,K,W,D,B,9,X,1,2,J,8,1,1,57,00636727,5700636727,3,6,3,1,0,0,0,0,0,0,0,0,0,0,0,9,4,5,12,0,0,0,1,42,17302,6,1,6,9,3,3,68,999,0,0,0,0,0,0,0,0,0,0,0,0,0,0,2,2,40,1,6,1,1,0,0,5,66,1,1,2,65,0,0
42,420551,1,3,1,20,7,2,12,12,1,1,0,42,4,55,35,55035,4,2013,5NPDH4AE2DH3,5,N,P,D,H,4,A,E,2,D,H,3,0,0,0,000000000,00000000000,0,0,0,1,0,0,0,0,0,0,0,100,0,1,1,12,6,2,1,0,0,0,1,42,17404,6,1,0,0,3,0,75,999,1,0,0,0,0,11,2011,11,2011,3,0,0,0,0,2,2,55,1,6,2,2,0,0,1,51,1,1,1,24,0,1
42,420551,2,3,1,20,7,2,12,12,1,1,0,42,1,37,704,37704,80,1979,CB400T210280,C,B,4,0,0,T,2,1,0,2,8,0,0,0,0,000000000,00000000000,0,0,0,1,0,0,0,0,0,0,0,55,0,0,0,6,6,2,12,0,0,0,1,42,17360,6,7,0,0,3,1,66,999,0,0,0,0,0,0,0,0,0,0,0,0,0,0,2,2,55,1,6,2,2,0,0,1,53,1,1,1,25,1,0
42,420551,3,3,1,20,7,2,12,12,1,1,0,42,1,37,706,37706,80,2000,1HFSC1803YA4,1,H,F,S,C,1,8,0,3,Y,A,4,0,0,0,000000000,00000000000,0,0,0,1,0,0,0,0,0,0,0,55,0,0,0,7,6,2,12,0,0,0,1,42,17364,6,1,0,0,2,0,70,999,0,3,0,0,0,5,2013,5,2013,0,0,0,0,0,2,2,55,1,6,2,2,0,0,1,60,1,1,1,98,1,0
42,420552,1,1,2,28,7,0,10,33,0,1,0,42,1,30,42,30042,3,2001,9BWPG61J2140,9,B,W,P,G,6,1,J,2,1,4,0,0,0,0,000000000,00000000000,0,0,0,1,0,0,0,0,0,0,0,999,0,0,0,14,6,2,43,0,0,0,1,42,18301,6,1,0,0,3,0,67,999,1,0,0,0,0,10,2012,10,2012,0,99,99,99,99,1,3,35,1,1,2,2,0,0,98,19,1,1,4,98,1,1
42,420553,1,1,2,3,7,15,30,42,0,1,0,54,1,14,443,14443,20,1997,4M2DV1112VDJ,4,M,2,D,V,1,1,1,2,V,D,J,0,0,0,000000000,00000000000,0,0,0,1,0,0,0,0,0,0,0,50,0,0,0,12,6,2,42,0,0,0,1,54,26323,6,1,0,0,3,3,59,170,0,0,0,0,0,0,0,0,0,0,6,0,0,0,1,2,55,2,1,2,2,0,0,14,13,1,1,4,1,1,0
42,420554,1,4,2,10,7,7,44,12,1,1,0,42,1,20,2,20002,4,2003,2G1WH52K5392,2,G,1,W,H,5,2,K,5,3,9,2,0,0,0,000000000,00000000000,0,0,0,1,0,0,0,0,0,0,0,35,0,0,0,12,6,2,12,0,0,0,1,42,17062,6,1,0,0,3,0,67,999,0,0,0,0,0,0,0,0,0,0,6,26,0,0,1,2,35,1,6,2,1,0,0,1,51,4,1,1,28,0,1
42,420554,2,4,1,10,7,7,44,12,1,1,0,42,2,12,17,12017,4,2001,1FAFP53U01A1,1,F,A,F,P,5,3,U,0,1,A,1,0,0,0,000000000,00000000000,0,0,0,1,0,0,0,0,0,0,0,35,0,0,0,6,6,2,12,0,0,0,1,42,17013,6,1,0,0,3,0,67,999,0,0,0,0,0,0,0,0,0,0,0,0,0,0,1,2,35,1,6,2,1,0,0,2,53,1,1,1,30,1,0
42,420554,3,4,2,10,7,7,44,12,1,1,0,42,1,2,404,2404,14,2001,1J4GW48N41C6,1,J,4,G,W,4,8,N,4,1,C,6,0,0,0,000000000,00000000000,0,0,0,1,0,0,0,0,0,0,0,35,0,0,0,2,2,5,12,0,0,0,1,42,17068,6,1,0,0,3,0,70,999,0,1,0,0,0,5,2013,5,2013,0,0,0,0,0,1,2,35,1,5,2,1,0,0,1,62,99,1,3,98,0,0
42,420554,4,4,1,10,7,7,44,12,1,1,0,42,1,72,706,72706,80,2014,1HD1KRM1XEB6,1,H,D,1,K,R,M,1,X,E,B,6,0,0,0,000000000,00000000000,0,0,0,1,0,0,0,0,0,0,0,0,0,0,0,0,2,5,1,0,0,0,1,42,17013,6,1,0,0,3,3,70,999,0,0,0,0,0,0,0,0,0,0,0,0,0,0,1,2,35,1,1,2,1,20,2,5,98,98,1,1,98,0,0
42,420555,1,1,1,28,7,21,0,42,0,1,0,42,2,12,401,12401,14,1989,1FMCU14T3KUC,1,F,M,C,U,1,4,T,3,K,U,C,0,0,0,000000000,00000000000,0,0,0,1,0,0,0,0,0,0,0,45,0,0,0,12,6,2,42,0,0,0,1,42,15522,6,2,0,0,3,0,67,999,0,0,0,0,0,0,0,0,0,5,0,0,0,0,1,2,20,2,1,2,99,0,0,14,12,1,1,4,6,1,0
42,420556,1,1,1,20,7,19,58,30,0,1,0,92,0,98,739,98739,90,2004,4XAJD50A0421,4,X,A,J,D,5,0,A,0,4,2,1,0,0,0,000000000,00000000000,0,0,0,1,0,0,0,0,0,0,0,35,0,0,0,3,6,2,30,0,0,0,1,42,18330,1,1,0,0,1,0,71,999,2,1,0,1,0,3,2014,6,2014,5,18,0,0,0,1,2,20,1,5,2,1,0,0,1,13,1,4,4,2,1,1
42,420557,1,1,2,9,7,13,25,42,0,1,0,42,1,7,442,7442,20,1998,1B4GP44G8WB5,1,B,4,G,P,4,4,G,8,W,B,5,0,0,0,000000000,00000000000,0,0,0,1,0,0,0,0,0,0,0,45,0,0,0,12,6,2,42,0,0,0,1,42,16686,6,1,0,0,3,3,62,999,0,0,0,0,0,0,0,0,0,4,0,0,0,0,1,2,45,3,1,2,1,0,0,14,13,1,1,4,1,1,0
42,420558,1,1,1,22,7,10,30,42,0,1,0,42,1,51,401,51401,14,2014,YV4902DZ6E25,Y,V,4,9,0,2,D,Z,6,E,2,5,0,0,0,000000000,00000000000,0,0,0,1,0,0,0,0,0,0,0,40,0,0,0,11,6,2,42,0,0,0,1,42,17885,6,1,0,0,3,0,69,999,0,0,0,1,0,8,2011,8,2011,0,99,99,99,99,1,2,45,1,1,2,1,0,0,1,12,1,1,4,6,1,0
42,420559,1,1,1,6,7,18,50,35,0,1,0,42,1,2,404,2404,14,1997,1J4GZ58S9VC5,1,J,4,G,Z,5,8,S,9,V,C,5,0,0,0,000000000,00000000000,0,0,0,1,0,0,0,0,0,0,0,999,0,1,6,14,6,2,1,0,0,0,1,42,17517,6,1,0,0,3,0,71,999,0,0,0,0,0,0,0,0,0,5,58,6,0,0,1,2,35,2,1,2,1,0,0,14,13,6,4,4,7,1,1
42,420560,1,1,1,7,7,19,37,33,0,1,0,42,1,23,401,23401,14,2004,1GKDT13SX422,1,G,K,D,T,1,3,S,X,4,2,2,0,0,0,000000000,00000000000,0,0,0,1,0,0,0,0,0,0,0,75,0,1,5,1,6,2,30,0,0,0,1,42,15074,6,1,0,0,3,0,67,999,0,0,0,0,0,0,0,0,0,5,0,0,0,0,3,2,50,2,5,2,2,0,0,14,13,1,1,4,1,1,1
42,420561,1,1,1,22,7,12,30,35,0,1,0,42,1,41,53,41053,5,2008,JM3ER2931801,J,M,3,E,R,2,9,3,1,8,0,1,0,0,0,000000000,00000000000,0,0,0,1,0,0,0,0,0,0,0,999,0,1,6,12,6,2,99,0,0,0,1,42,16120,6,1,0,0,3,3,70,999,0,0,0,0,0,0,0,0,0,0,99,99,99,99,1,2,35,2,1,2,1,0,0,14,13,1,1,4,1,1,0
42,420562,1,1,1,20,7,1,48,42,0,1,0,42,2,22,20,22020,4,2004,2G2WS5222411,2,G,2,W,S,5,2,2,2,4,1,1,0,0,0,000000000,00000000000,0,0,0,1,0,0,0,0,0,0,0,999,0,0,0,12,6,2,42,0,0,0,1,42,19320,6,1,0,0,3,0,71,999,0,0,0,0,1,5,2012,5,2012,3,0,0,0,0,1,2,55,1,3,2,1,0,0,1,6,99,2,4,2,1,1
42,420563,1,1,2,5,7,19,45,1,0,1,0,42,1,72,706,72706,80,2007,1HD1CZ3437K4,1,H,D,1,C,Z,3,4,3,7,K,4,0,0,0,000000000,00000000000,0,0,0,1,0,0,0,0,0,0,0,999,0,0,0,0,6,2,30,0,0,0,1,42,18621,6,1,0,0,3,0,64,999,1,0,0,1,1,10,2011,12,2013,3,0,0,0,0,1,2,50,2,6,2,1,0,0,14,6,1,1,1,98,2,1
42,420564,1,1,1,11,7,16,0,32,0,1,0,42,1,53,40,53040,4,2012,JS2YC5A37C63,J,S,2,Y,C,5,A,3,7,C,6,3,0,0,0,000000000,00000000000,0,0,0,1,0,0,0,0,0,0,0,999,0,1,5,12,6,2,1,0,0,0,1,42,16433,6,1,0,0,3,0,65,999,3,1,0,0,2,8,2012,2,2013,0,99,99,99,99,1,2,45,1,1,2,1,0,0,1,13,1,1,4,1,1,0
42,420565,1,2,1,30,7,17,54,1,0,1,0,42,1,76,705,76705,80,2001,JYAVM01Y11A0,J,Y,A,V,M,0,1,Y,1,1,A,0,0,0,0,000000000,00000000000,0,0,0,1,0,0,0,0,0,0,0,50,0,0,0,0,6,2,12,0,0,0,1,42,18031,6,7,0,0,3,3,72,999,0,0,0,0,0,0,0,0,0,4,0,0,0,0,1,2,40,2,5,2,1,0,0,14,10,3,3,2,98,1,1
42,420565,2,2,1,30,7,17,54,1,0,1,0,42,1,20,404,20404,14,2014,2GNFLFEK6E61,2,G,N,F,L,F,E,K,6,E,6,1,0,0,0,000000000,00000000000,0,0,0,1,0,0,0,0,0,0,0,40,0,0,0,12,6,2,12,0,0,0,1,42,18062,6,1,0,0,3,0,73,999,0,0,0,0,0,0,0,0,0,0,0,0,0,0,1,2,40,3,6,2,1,0,0,14,62,7,1,4,98,0,0
42,420566,1,1,1,30,3,9,16,24,0,1,0,42,1,19,14,19014,4,2002,1G6EL12Y12B1,1,G,6,E,L,1,2,Y,1,2,B,1,0,0,0,000000000,00000000000,0,0,0,1,0,0,0,0,0,0,0,50,0,0,0,12,6,2,42,0,0,0,1,42,16601,6,1,0,0,3,0,74,999,0,0,0,0,0,0,0,0,0,0,0,0,0,0,1,2,55,1,6,2,3,0,0,1,13,1,1,4,1,1,0
42,420567,1,1,1,29,5,19,0,23,0,1,0,42,1,7,29,7029,4,2013,1C3CDFCH0DD1,1,C,3,C,D,F,C,H,0,D,D,1,0,0,0,000000000,00000000000,0,0,0,1,0,0,0,0,0,0,0,65,0,0,0,1,4,5,23,0,0,0,1,42,15753,6,1,0,0,3,0,72,999,1,0,0,0,1,7,2012,9,2013,4,0,0,0,0,1,2,25,2,1,2,1,0,0,14,13,99,1,4,1,1,0
42,420568,1,2,1,5,7,18,5,7,0,1,0,42,1,37,705,37705,80,2005,JH2PE06055K0,J,H,2,P,E,0,6,0,5,5,K,0,0,0,0,000000000,00000000000,0,0,0,1,0,0,0,0,0,0,0,45,0,0,0,0,6,2,7,0,0,0,1,42,17777,6,1,6,3,3,3,71,999,0,0,0,0,1,3,2012,3,2012,0,0,0,0,0,1,2,40,2,3,2,1,0,0,14,10,1,3,2,0,1,1
42,420568,2,2,2,5,7,18,5,7,0,1,0,42,1,2,404,2404,14,1996,1J4FJ68S0TL1,1,J,4,F,J,6,8,S,0,T,L,1,0,0,0,000000000,00000000000,0,0,0,1,0,0,0,0,0,0,0,40,0,0,0,14,2,3,18,0,0,0,1,42,17701,6,2,0,0,3,3,65,999,0,0,0,0,0,0,0,0,0,0,99,99,99,99,1,2,40,3,3,2,1,0,0,14,11,1,1,2,98,0,0
42,420569,1,2,3,7,7,13,55,12,6,1,0,42,2,30,40,30040,4,2006,3VWWJ71K16M7,3,V,W,W,J,7,1,K,1,6,M,7,0,0,0,000000000,00000000000,0,0,0,1,0,0,0,0,0,0,0,999,0,0,0,11,6,2,12,0,0,0,1,42,17560,3,1,0,0,2,0,69,999,0,8,0,0,0,9,2011,6,2014,5,0,0,0,0,1,2,45,1,5,2,1,0,0,11,15,1,1,1,68,0,1
42,420569,2,2,1,7,7,13,55,12,6,1,0,42,1,49,46,49046,5,2007,JTDKB20U9732,J,T,D,K,B,2,0,U,9,7,3,2,0,0,0,000000000,00000000000,0,0,0,1,0,0,0,0,0,0,0,999,0,0,0,11,6,2,12,0,0,0,1,42,17602,6,1,0,0,3,3,62,999,0,0,0,0,0,0,0,0,0,0,0,0,0,0,1,2,45,1,6,2,1,0,0,1,62,1,1,1,69,1,0
42,420570,1,2,1,15,7,9,2,8,0,1,0,42,1,18,402,18402,14,2004,5GAET13P0422,5,G,A,E,T,1,3,P,0,4,2,2,0,0,0,000000000,00000000000,0,0,0,1,0,0,0,0,0,0,0,999,0,0,0,1,2,5,8,0,0,0,1,42,19152,6,1,0,0,3,0,71,999,0,0,0,0,0,0,0,0,0,0,0,0,0,0,1,2,35,1,1,2,1,0,0,1,11,7,1,4,98,0,0
42,420570,2,2,1,15,7,9,2,8,0,1,0,42,6,12,481,12481,31,2013,1FTFW1EF8DFD,1,F,T,F,W,1,E,F,8,D,F,D,0,0,0,000000000,00000000000,0,0,0,1,0,0,0,0,0,0,0,0,0,0,0,12,2,5,12,0,0,0,0,0,99997,7,6,97,7,6,7,998,997,998,998,998,998,998,98,9998,98,9998,8,0,0,0,0,1,2,35,1,1,2,1,0,0,0,98,0,0,0,98,0,0
42,420571,1,2,2,6,8,18,2,12,6,1,0,42,1,20,421,20421,15,1997,1GNEK13R1VJ3,1,G,N,E,K,1,3,R,1,V,J,3,0,0,0,000000000,00000000000,0,0,0,1,0,0,0,0,0,0,0,999,0,0,0,11,6,2,12,0,0,0,1,42,15732,6,1,0,0,3,0,72,999,0,0,0,0,0,0,0,0,0,0,38,0,0,0,6,1,25,1,6,1,1,20,3,11,15,1,1,1,82,1,0
42,420571,2,2,2,6,8,18,2,12,6,1,0,42,2,20,482,20482,31,2007,3GNFK12337G1,3,G,N,F,K,1,2,3,3,7,G,1,0,0,0,000000000,00000000000,0,0,0,1,0,0,0,0,0,0,0,999,0,0,0,12,6,2,12,0,0,0,1,42,16830,6,1,0,0,3,3,64,999,0,0,0,0,0,0,0,0,0,0,0,0,0,0,1,3,35,1,5,2,1,0,0,1,67,3,2,1,83,0,0
42,420572,1,2,1,20,8,4,30,12,2,1,0,42,2,9,38,9038,4,1999,1P3EJ46C3XN6,1,P,3,E,J,4,6,C,3,X,N,6,0,0,0,000000000,00000000000,0,0,0,1,0,0,0,0,0,0,0,999,0,0,0,12,6,2,12,0,0,0,1,42,18235,1,1,0,0,2,3,76,999,0,1,2,0,0,6,2013,7,2013,0,28,0,0,0,1,2,55,1,6,2,1,0,0,1,10,1,1,2,50,1,1
42,420572,2,2,1,20,8,4,30,12,2,1,0,49,3,86,881,86881,66,2012,1M1AN09Y4CM0,1,M,1,A,N,0,9,Y,4,C,M,0,1,1,57,00004015,5700004015,3,6,2,1,0,0,0,0,0,0,0,55,0,0,0,12,6,2,12,0,0,0,1,42,18071,6,1,6,0,3,0,70,999,0,0,0,0,0,0,0,0,0,0,0,0,0,0,1,2,55,1,5,2,1,0,0,1,62,9,2,1,51,0,0
42,420573,1,2,2,31,8,11,45,12,6,1,0,42,2,53,34,53034,4,2007,KL5JD56Z07K5,K,L,5,J,D,5,6,Z,0,7,K,5,0,0,0,000000000,00000000000,0,0,0,1,0,0,0,0,0,0,0,10,0,0,0,8,6,2,12,0,0,0,1,42,16417,6,1,0,0,3,0,62,999,0,0,0,0,0,0,0,0,0,0,38,0,0,0,1,2,35,1,1,2,1,20,3,11,15,2,1,1,82,0,0
42,420573,2,2,1,31,8,11,45,12,6,1,0,42,1,37,706,37706,80,2012,JH2RC5307CK4,J,H,2,R,C,5,3,0,7,C,K,4,0,0,0,000000000,00000000000,0,0,0,1,0,0,0,0,0,0,0,45,0,0,0,12,6,2,12,0,0,0,1,42,16417,6,1,0,0,3,1,66,999,0,1,0,0,0,4,2012,4,2012,0,0,0,0,0,2,2,55,1,1,2,1,0,0,1,67,3,2,1,83,1,0
42,420574,1,2,2,20,8,15,0,12,6,1,0,42,1,6,43,6043,2,2004,4C3AG42G64E0,4,C,3,A,G,4,2,G,6,4,E,0,0,0,0,000000000,00000000000,0,0,0,1,0,0,0,0,0,0,0,5,0,0,0,9,6,2,12,0,0,0,1,42,17051,6,1,0,0,3,3,70,999,0,0,0,1,0,2,2013,2,2013,0,38,0,0,0,1,2,30,1,1,2,1,20,3,11,15,99,1,1,82,1,0
42,420574,2,2,1,20,8,15,0,12,6,1,0,42,1,12,27,12027,5,2013,1FADP5BUXDL5,1,F,A,D,P,5,B,U,X,D,L,5,0,0,0,000000000,00000000000,0,0,0,1,0,0,0,0,0,0,0,45,0,0,0,12,6,2,12,0,0,0,1,42,17201,6,1,0,0,3,3,61,999,0,0,0,0,0,0,0,0,0,0,0,0,0,0,1,2,45,1,1,2,1,0,0,1,67,4,9,1,83,0,0
42,420575,1,2,1,10,8,18,51,12,1,1,0,42,1,72,706,72706,80,2004,1HD1FYW124Y7,1,H,D,1,F,Y,W,1,2,4,Y,7,0,0,0,000000000,00000000000,0,0,0,1,0,0,0,0,0,0,0,45,0,0,0,12,6,2,12,0,0,0,1,42,17370,6,1,0,0,3,0,66,999,0,0,0,0,0,0,0,0,0,4,26,0,0,0,1,2,45,1,1,2,1,0,0,1,52,3,2,1,28,1,0
42,420575,2,2,4,10,8,18,51,12,1,1,0,42,2,35,47,35047,4,2000,1N4DL01D1YC2,1,N,4,D,L,0,1,D,1,Y,C,2,0,0,0,000000000,00000000000,0,0,0,1,0,0,0,0,0,0,0,25,0,0,0,6,2,3,12,0,0,0,1,42,17356,6,2,0,0,3,0,67,999,0,0,0,0,0,0,0,0,0,0,0,0,0,0,1,2,45,1,1,2,1,0,0,10,53,1,1,1,31,0,0
42,420576,1,2,1,23,8,17,30,12,2,1,0,12,1,12,481,12481,31,2013,1FTFW1ET9DFD,1,F,T,F,W,1,E,T,9,D,F,D,0,0,0,000000000,00000000000,0,0,0,1,0,0,0,0,0,0,0,45,0,1,1,12,6,2,12,0,0,0,1,12,34491,6,1,0,0,3,3,63,999,0,0,0,0,0,0,0,0,0,0,28,0,0,0,1,2,45,1,1,2,2,0,0,1,10,1,1,2,50,0,0
42,420576,2,2,3,23,8,17,30,12,2,1,0,42,2,37,31,37031,2,1999,1HGEJ8247XL0,1,H,G,E,J,8,2,4,7,X,L,0,0,0,0,000000000,00000000000,0,0,0,1,0,0,0,0,0,0,0,45,0,0,0,12,6,2,12,0,0,0,1,42,18104,6,1,0,0,3,3,69,999,0,0,0,0,0,0,0,0,0,0,0,0,0,0,1,2,45,1,1,2,2,0,0,1,62,9,1,1,51,1,0
42,420577,1,1,1,10,8,23,27,1,0,1,0,42,1,12,402,12402,14,2003,1FMYU92133KA,1,F,M,Y,U,9,2,1,3,3,K,A,0,0,0,000000000,00000000000,0,0,0,1,0,0,0,0,0,0,0,70,0,2,1,0,6,2,14,0,0,0,1,42,15401,6,1,0,0,3,0,61,999,0,0,0,0,0,0,0,0,0,3,0,0,0,0,1,2,45,1,6,2,1,0,0,1,6,6,4,6,98,1,1
42,420578,1,2,1,22,8,11,8,12,6,1,0,42,1,20,443,20443,20,2005,1GNDV23E25D1,1,G,N,D,V,2,3,E,2,5,D,1,0,0,0,000000000,00000000000,0,0,0,1,0,0,0,0,0,0,0,5,0,1,1,9,6,2,1,0,0,0,1,42,18618,6,1,0,0,3,1,64,999,0,0,0,0,0,0,0,0,0,0,38,0,0,0,0,0,0,0,0,0,0,20,3,1,98,1,1,1,89,1,0
42,420578,2,2,1,22,8,11,8,12,6,1,0,42,1,49,44,49044,2,2002,2T1CE22P22C0,2,T,1,C,E,2,2,P,2,2,C,0,0,0,0,000000000,00000000000,0,0,0,1,0,0,0,0,0,0,0,40,0,0,0,12,6,2,12,0,0,0,1,42,18704,6,1,0,0,3,0,74,999,0,0,0,0,0,0,0,0,0,0,0,0,0,0,5,5,35,1,5,2,1,0,0,1,71,8,2,2,88,0,0
42,420579,1,1,1,24,8,19,48,42,0,1,0,42,2,48,34,48034,6,2000,4S3BH6869Y76,4,S,3,B,H,6,8,6,9,Y,7,6,0,0,0,000000000,00000000000,0,0,0,1,0,0,0,0,0,0,0,999,0,0,0,12,6,2,42,0,0,0,1,42,18706,1,1,0,0,2,0,69,999,0,2,1,0,0,11,2011,12,2012,4,0,0,0,0,1,2,40,3,1,2,1,0,0,14,13,1,1,4,1,1,1
42,420580,1,2,1,8,8,23,10,12,6,1,0,42,1,20,16,20016,4,1997,1G1JC5248V72,1,G,1,J,C,5,2,4,8,V,7,2,0,0,0,000000000,00000000000,0,0,0,1,0,0,0,0,0,0,0,999,0,0,0,3,6,2,12,0,0,0,1,42,16053,6,1,0,0,3,0,67,999,0,0,0,0,0,0,0,0,0,0,38,0,0,0,1,2,25,1,1,2,1,20,3,1,17,1,1,1,87,1,0
42,420580,2,2,1,8,8,23,10,12,6,1,0,42,1,12,401,12401,14,2000,1FMZU72XXYZA,1,F,M,Z,U,7,2,X,X,Y,Z,A,0,0,0,000000000,00000000000,0,0,0,1,0,0,0,0,0,0,0,55,0,1,2,12,6,2,12,0,0,0,1,42,16001,6,1,0,0,3,0,62,999,0,0,0,0,0,0,0,0,0,0,0,0,0,0,1,2,55,3,1,2,1,0,0,14,66,3,2,1,86,0,0
42,420581,1,2,2,10,8,9,44,12,6,1,0,42,1,72,706,72706,80,2002,1HD1FBW152Y6,1,H,D,1,F,B,W,1,5,2,Y,6,0,0,0,000000000,00000000000,0,0,0,1,0,0,0,0,0,0,0,75,0,0,0,11,6,2,12,0,0,0,1,42,15537,6,1,6,0,3,1,73,999,0,0,0,0,0,0,0,0,0,4,28,0,0,0,1,2,55,2,5,2,1,0,0,14,6,1,1,2,66,2,0
42,420581,2,2,1,10,8,9,44,12,6,1,0,42,1,20,481,20481,31,2000,2GCEC19T0Y11,2,G,C,E,C,1,9,T,0,Y,1,1,0,0,0,000000000,00000000000,0,0,0,1,0,0,0,0,0,0,0,35,0,0,0,12,6,2,12,0,0,0,1,42,17353,6,1,0,0,3,1,66,999,0,0,0,0,0,0,0,0,0,0,0,0,0,0,1,2,55,3,6,2,1,0,0,14,62,9,1,1,66,0,0
42,420582,1,2,2,26,8,21,21,12,6,1,0,42,1,37,31,37031,4,2008,1HGFA16548L1,1,H,G,F,A,1,6,5,4,8,L,1,0,0,0,000000000,00000000000,0,0,0,1,0,0,0,0,0,0,0,10,0,0,0,2,6,2,12,0,0,0,1,42,15550,6,1,0,0,3,0,71,999,0,0,0,0,0,0,0,0,0,0,38,0,0,0,1,2,35,1,6,2,1,20,3,1,17,1,1,1,87,0,0
42,420582,2,2,2,26,8,21,21,12,6,1,0,42,1,72,706,72706,80,2000,1HD4CAM18YK1,1,H,D,4,C,A,M,1,8,Y,K,1,0,0,0,000000000,00000000000,0,0,0,1,0,0,0,0,0,0,0,35,0,0,0,12,6,2,12,0,0,0,1,42,15554,6,1,0,0,2,0,74,999,0,0,0,0,0,0,0,0,0,0,0,0,0,0,1,2,55,1,6,2,1,0,0,1,66,3,2,1,86,1,0
42,420583,1,1,1,24,7,22,20,34,0,1,0,42,1,72,706,72706,80,2008,1HD1FF4198Y6,1,H,D,1,F,F,4,1,9,8,Y,6,0,0,0,000000000,00000000000,0,0,0,1,0,0,0,0,0,0,0,999,0,0,0,2,4,3,1,0,0,0,1,42,15223,6,1,6,0,3,0,71,999,0,0,0,0,0,0,0,0,0,0,99,99,99,99,1,2,40,3,6,2,1,0,0,14,13,99,1,4,1,1,1
42,420584,1,1,1,9,8,22,0,30,0,1,0,42,1,12,481,12481,32,1997,1FTDX1867VNA,1,F,T,D,X,1,8,6,7,V,N,A,0,0,0,000000000,00000000000,0,0,0,1,0,0,0,0,0,0,0,999,0,1,5,12,6,2,1,0,0,0,1,42,17814,6,1,0,0,3,0,74,999,0,0,0,0,0,0,0,0,0,4,0,0,0,0,1,2,40,1,1,2,1,0,0,1,13,1,1,4,1,1,1