STATE,ST_CASE,VEH_NO,VE_FORMS,NUMOCCS,DAY,MONTH,HOUR,MINUTE,HARM_EV,MAN_COLL,UNITTYPE,HIT_RUN,REG_STAT,OWNER,MAKE,MODEL,MAK_MOD,BODY_TYP,MOD_YEAR,VIN,VIN_1,VIN_2,VIN_3,VIN_4,VIN_5,VIN_6,VIN_7,VIN_8,VIN_9,VIN_10,VIN_11,VIN_12,TOW_VEH,J_KNIFE,MCARR_I1,MCARR_I2,MCARR_ID,GVWR,V_CONFIG,CARGO_BT,HAZ_INV,HAZ_PLAC,HAZ_ID,HAZ_CNO,HAZ_REL,BUS_USE,SPEC_USE,EMER_USE,TRAV_SP,UNDERIDE,ROLLOVER,ROLINLOC,IMPACT1,DEFORMED,TOWED,M_HARM,VEH_SC1,VEH_SC2,FIRE_EXP,DR_PRES,L_STATE,DR_ZIP,L_STATUS,L_TYPE,CDL_STAT,L_ENDORS,L_COMPL,L_RESTRI,DR_HGT,DR_WGT,PREV_ACC,PREV_SUS,PREV_DWI,PREV_SPD,PREV_OTH,FIRST_MO,FIRST_YR,LAST_MO,LAST_YR,SPEEDREL,DR_SF1,DR_SF2,DR_SF3,DR_SF4,VTRAFWAY,VNUM_LAN,VSPD_LIM,VALIGN,VPROFILE,VPAVETYP,VSURCOND,VTRAFCON,VTCONT_F,P_CRASH1,P_CRASH2,P_CRASH3,PCRASH4,PCRASH5,ACC_TYPE,DEATHS,DR_DRINK
42,420706,1,1,1,30,8,1,30,42,0,1,0,42,1,35,39,35039,4,1996,JN1CA21D0TT1,J,N,1,C,A,2,1,D,0,T,T,1,0,0,0,000000000,00000000000,0,0,0,1,0,0,0,0,0,0,0,80,0,0,0,8,6,2,42,0,0,0,1,42,15212,6,1,0,0,3,1,72,999,0,0,0,0,0,0,0,0,0,3,0,0,0,0,1,2,55,2,1,2,1,40,3,14,12,7,3,4,7,1,1
42,420707,1,1,1,16,8,1,13,59,0,1,0,42,1,73,705,73705,80,2007,JKAEXEA157A0,J,K,A,E,X,E,A,1,5,7,A,0,0,0,0,000000000,00000000000,0,0,0,1,0,0,0,0,0,0,0,45,0,0,0,12,6,2,59,0,0,0,1,42,17055,6,1,0,0,3,3,70,999,0,2,0,0,0,3,2012,6,2012,4,0,0,0,0,1,2,35,2,6,2,1,0,0,14,12,2,2,4,7,1,1
42,420708,1,2,1,4,9,18,15,12,6,1,0,42,1,12,402,12402,14,2001,1FMYU04111KB,1,F,M,Y,U,0,4,1,1,1,K,B,0,0,0,000000000,00000000000,0,0,0,1,0,0,0,0,0,0,0,15,0,0,0,12,6,2,12,0,0,0,1,42,15421,6,1,0,0,3,0,63,999,0,0,0,0,0,0,0,0,0,0,48,6,38,0,1,2,35,1,3,2,1,20,3,11,15,99,1,1,82,0,0
42,420708,2,2,1,4,9,18,15,12,6,1,0,42,1,72,706,72706,80,1992,1HD1BLL14NY0,1,H,D,1,B,L,L,1,4,N,Y,0,0,0,0,000000000,00000000000,0,0,0,1,0,0,0,0,0,0,0,50,0,0,0,1,6,2,12,0,0,0,1,42,15401,6,1,0,0,3,1,71,999,0,0,0,0,0,0,0,0,0,5,0,0,0,0,1,2,40,1,3,2,1,0,0,1,67,6,1,1,83,1,1
42,420709,1,2,2,24,9,18,55,12,6,1,0,42,2,12,442,12442,20,2000,2FMZA5149YBC,2,F,M,Z,A,5,1,4,9,Y,B,C,0,0,0,000000000,00000000000,0,0,0,1,0,0,0,0,0,0,0,15,0,0,0,9,6,2,12,0,0,0,1,42,18088,1,1,0,0,2,1,68,999,0,1,0,0,0,2,2014,2,2014,0,38,0,0,0,1,2,45,3,4,2,1,20,3,11,15,1,1,1,82,0,0
42,420709,2,2,1,24,9,18,55,12,6,1,0,34,1,72,706,72706,80,2009,1HD1GY41X9K3,1,H,D,1,G,Y,4,1,X,9,K,3,0,0,0,000000000,00000000000,0,0,0,1,0,0,0,0,0,0,0,55,0,0,0,12,6,2,12,0,0,0,1,34,7666,6,1,0,0,3,0,69,999,0,0,0,0,1,12,2013,12,2013,0,99,99,99,99,3,2,55,3,4,2,1,0,0,14,67,99,1,1,83,1,0
42,420710,1,2,1,18,9,15,15,12,6,1,0,42,1,22,16,22016,2,1999,1G2JB1243X75,1,G,2,J,B,1,2,4,3,X,7,5,0,0,0,000000000,00000000000,0,0,0,1,0,0,0,0,0,0,0,10,0,0,0,9,6,2,12,0,0,0,1,42,17702,6,1,0,0,3,0,65,999,0,0,0,0,0,0,0,0,0,0,38,0,0,0,0,0,0,0,0,0,0,20,3,11,98,1,1,1,82,1,0
42,420710,2,2,1,18,9,15,15,12,6,1,0,42,2,23,481,23481,31,2012,1GTR2VE76CZ1,1,G,T,R,2,V,E,7,6,C,Z,1,0,0,0,000000000,00000000000,0,0,0,1,0,0,0,0,0,0,0,40,0,0,0,12,4,3,12,0,0,0,1,42,17737,6,1,0,0,3,0,62,999,0,0,0,0,0,0,0,0,0,0,0,0,0,0,5,2,45,1,1,2,1,0,0,1,72,1,1,1,83,0,0
42,420711,1,2,2,14,9,18,24,12,6,1,0,42,2,72,706,72706,80,2005,1HD1PKE115Y9,1,H,D,1,P,K,E,1,1,5,Y,9,0,0,0,000000000,00000000000,0,0,0,1,0,0,0,0,0,0,0,70,0,0,0,12,6,2,12,0,0,0,1,42,17603,6,1,6,0,3,0,71,999,0,0,0,0,1,7,2014,7,2014,3,0,0,0,0,1,2,30,3,6,2,1,0,0,14,67,3,2,1,83,1,1
42,420711,2,2,2,14,9,18,24,12,6,1,0,42,2,12,471,12471,30,2004,1FTZR45E24TA,1,F,T,Z,R,4,5,E,2,4,T,A,0,0,0,000000000,00000000000,0,0,0,1,0,0,0,0,0,0,0,10,0,0,0,8,6,2,12,0,0,0,1,42,17562,6,1,0,0,3,3,69,999,0,0,0,0,0,0,0,0,0,0,0,0,0,0,1,2,20,1,5,2,1,20,3,11,15,7,1,1,82,0,0
42,420712,1,2,1,9,9,8,44,12,2,1,0,42,2,35,43,35043,4,2006,3N1CB51D36L5,3,N,1,C,B,5,1,D,3,6,L,5,0,0,0,000000000,00000000000,0,0,0,1,0,0,0,0,0,0,0,999,0,0,0,12,6,2,12,0,0,0,1,42,16648,6,1,0,0,3,0,68,999,0,0,0,0,0,0,0,0,0,0,28,0,0,0,1,2,55,1,3,2,1,0,0,1,54,1,1,1,52,1,0
42,420712,2,2,1,9,9,8,44,12,2,1,0,42,1,12,471,12471,30,2002,1FTZR45E32TA,1,F,T,Z,R,4,5,E,3,2,T,A,0,0,0,000000000,00000000000,0,0,0,1,0,0,0,0,0,0,0,999,0,0,0,12,6,2,12,0,0,0,1,42,16693,6,1,0,0,3,1,70,999,0,0,0,2,0,5,2013,7,2013,0,28,0,0,0,1,2,55,1,3,2,1,0,0,1,54,1,1,1,52,0,0
42,420713,1,2,1,7,9,14,55,12,2,1,0,42,1,20,481,20481,31,2001,1GCEK19T51E1,1,G,C,E,K,1,9,T,5,1,E,1,0,0,0,000000000,00000000000,0,0,0,1,0,0,0,0,0,0,0,54,0,0,0,12,6,2,12,0,0,0,1,42,18066,6,1,0,0,3,3,74,999,0,0,0,0,0,0,0,0,0,5,28,0,0,0,1,2,45,1,1,2,1,0,0,1,10,1,1,2,50,0,1
42,420713,2,2,2,7,9,14,55,12,2,1,0,42,1,2,404,2404,14,2001,1J4FF48S01L5,1,J,4,F,F,4,8,S,0,1,L,5,0,0,0,000000000,00000000000,0,0,0,1,0,0,0,0,0,0,0,999,0,0,0,12,6,2,12,0,0,1,1,42,18055,6,1,0,0,3,3,69,999,0,0,0,0,0,0,0,0,0,0,0,0,0,0,1,2,45,1,1,2,1,0,0,1,62,99,1,1,51,1,0
42,420714,1,2,1,14,9,15,10,12,2,1,0,42,2,63,402,63402,14,2014,5XYKTCA63EG5,5,X,Y,K,T,C,A,6,3,E,G,5,0,0,0,000000000,00000000000,0,0,0,1,0,0,0,0,0,0,0,50,0,0,0,12,6,2,12,0,0,0,1,42,16350,6,1,0,0,3,0,65,999,0,0,0,0,0,0,0,0,0,0,28,0,0,0,1,2,55,1,1,2,1,0,0,1,10,1,1,2,50,0,0
42,420714,2,2,1,14,9,15,10,12,2,1,0,42,1,20,39,20039,4,2010,KL1TD5DE8AB1,K,L,1,T,D,5,D,E,8,A,B,1,0,0,0,000000000,00000000000,0,0,0,1,0,0,0,0,0,0,0,999,0,0,0,12,6,2,12,0,0,0,1,42,16371,6,1,0,0,3,0,62,999,0,0,0,0,0,0,0,0,0,0,0,0,0,0,1,2,55,1,1,2,1,0,0,1,62,1,1,1,51,1,0
42,420715,1,2,1,14,9,8,2,12,2,1,0,42,1,12,401,12401,14,2004,1FMZU72K14UA,1,F,M,Z,U,7,2,K,1,4,U,A,0,0,0,000000000,00000000000,0,0,0,1,0,0,0,0,0,0,0,35,9,0,0,12,6,2,12,0,0,0,1,42,18655,6,1,0,0,3,3,71,999,0,0,0,0,0,0,0,0,0,0,28,0,0,0,1,2,35,2,5,2,1,0,0,14,10,1,1,2,50,0,0
42,420715,2,2,1,14,9,8,2,12,2,1,0,42,1,20,401,20401,14,1996,1GNDT13W5T22,1,G,N,D,T,1,3,W,5,T,2,2,0,0,0,000000000,00000000000,0,0,0,1,0,0,0,0,0,0,0,35,0,0,0,12,6,2,2,0,0,1,1,42,18603,6,1,6,0,3,3,72,999,0,0,0,0,0,0,0,0,0,0,99,99,99,99,1,2,35,3,6,2,1,0,0,14,62,1,1,1,51,1,0
42,420716,1,2,1,24,9,16,32,12,6,1,0,42,2,37,706,37706,80,2004,JH2RC50394M0,J,H,2,R,C,5,0,3,9,4,M,0,0,0,0,000000000,00000000000,0,0,0,1,0,0,0,0,0,0,0,40,0,0,0,12,6,2,12,0,0,0,1,42,16424,6,1,0,0,3,0,70,999,0,0,0,0,0,0,0,0,0,0,35,0,0,0,1,2,45,1,1,2,1,0,0,6,61,3,2,1,73,1,0
42,420716,2,2,2,24,9,16,32,12,6,1,0,42,2,37,32,37032,4,2001,1HGCF866X1A0,1,H,G,C,F,8,6,6,X,1,A,0,0,0,0,000000000,00000000000,0,0,0,1,0,0,0,0,0,0,0,2,0,0,0,8,4,5,12,0,0,0,1,42,16412,6,1,0,0,3,3,61,999,0,1,0,0,0,4,2012,4,2012,0,0,0,0,0,1,2,45,1,1,2,1,0,0,11,15,1,1,1,72,0,0
42,420717,1,2,4,19,9,8,25,12,6,1,0,42,3,7,482,7482,31,2007,1D7KS28D87J5,1,D,7,K,S,2,8,D,8,7,J,5,0,0,0,000000000,00000000000,0,0,0,1,0,0,0,0,0,0,0,10,0,0,0,9,6,2,12,0,0,1,1,42,19344,6,1,0,0,3,3,66,999,1,0,0,0,0,8,2014,8,2014,0,38,0,0,0,1,2,40,1,1,2,1,20,3,11,15,99,1,1,82,3,0
42,420717,2,2,1,19,9,8,25,12,6,1,0,42,3,82,881,82881,66,2001,1FUJA6CGX1LJ,1,F,U,J,A,6,C,G,X,1,L,J,1,3,88,888888888,88888888888,3,6,7,1,0,0,0,0,0,0,0,45,0,0,0,12,6,2,12,0,0,1,1,42,19141,6,1,6,0,3,0,68,999,0,0,0,0,0,0,0,0,0,0,0,0,0,0,1,2,40,1,1,2,1,0,0,1,67,8,2,2,83,0,0
42,420718,1,1,1,8,9,16,10,34,0,1,0,42,1,48,34,48034,4,2002,4S3BE6351272,4,S,3,B,E,6,3,5,1,2,7,2,0,0,0,000000000,00000000000,0,0,0,1,0,0,0,0,0,0,0,35,0,0,0,14,6,2,42,0,0,0,1,42,15360,6,1,0,0,3,0,64,999,0,0,0,0,0,0,0,0,0,0,99,99,99,99,1,2,45,3,5,2,1,0,0,14,10,9,1,4,6,1,0
42,420719,1,1,1,15,9,1,40,8,0,1,0,42,1,14,6,14006,4,1985,2MEBP95F5FX7,2,M,E,B,P,9,5,F,5,F,X,7,0,0,0,000000000,00000000000,0,0,0,1,0,0,0,0,0,0,0,35,0,0,0,14,0,5,8,0,0,0,1,42,15642,6,1,6,0,3,0,74,999,0,0,0,0,0,0,0,0,0,0,0,0,0,0,1,2,35,1,1,2,1,0,0,1,80,6,1,1,13,0,0
42,420720,1,1,1,8,9,12,13,8,0,1,0,42,3,51,881,51881,66,2008,4V4MC9DG28N4,4,V,4,M,C,9,D,G,2,8,N,4,1,1,57,00302618,5700302618,3,6,3,1,0,0,0,0,0,0,0,25,0,0,0,1,2,5,8,0,0,0,1,42,15554,6,1,6,0,3,0,70,999,0,0,0,0,0,0,0,0,0,0,0,0,0,0,5,5,45,1,1,2,1,0,0,1,80,8,2,2,13,0,0
42,420721,1,2,1,11,9,15,36,12,7,1,0,34,1,6,16,6016,1,1991,1C3XJ4538MG1,1,C,3,X,J,4,5,3,8,M,G,1,0,0,0,000000000,00000000000,0,0,0,1,0,0,0,0,0,0,0,50,0,1,5,81,6,2,14,0,0,0,1,34,7506,6,1,0,0,3,0,70,999,1,0,0,0,0,1,2014,1,2014,0,35,0,0,0,2,1,55,1,1,2,1,98,3,6,11,1,1,7,44,1,0
42,420721,2,2,1,11,9,15,36,12,7,1,0,36,3,2,404,2404,14,2013,1C4RJFAG0DC6,1,C,4,R,J,F,A,G,0,D,C,6,0,0,0,000000000,00000000000,0,0,0,1,0,0,0,0,0,0,0,40,0,0,0,61,2,5,12,0,0,0,1,42,18431,6,1,6,0,3,0,71,999,0,0,0,0,0,0,0,0,0,0,0,0,0,0,2,1,55,1,1,2,1,98,3,1,64,1,1,1,45,0,0
42,420722,1,2,2,26,9,15,12,12,6,1,0,42,2,22,22,22022,4,2005,1G2ZG5286541,1,G,2,Z,G,5,2,8,6,5,4,1,0,0,0,000000000,00000000000,0,0,0,1,0,0,0,0,0,0,0,5,0,0,0,7,6,2,12,0,0,0,1,42,17082,6,1,0,0,3,0,64,999,1,0,0,1,0,2,2012,3,2012,0,38,0,0,0,0,0,0,0,0,0,0,0,0,11,98,1,1,1,82,0,0
42,420722,2,2,1,26,9,15,12,12,6,1,0,42,2,72,706,72706,80,2012,1HD1BWV19CB0,1,H,D,1,B,W,V,1,9,C,B,0,0,0,0,000000000,00000000000,0,0,0,1,0,0,0,0,0,0,0,70,0,0,0,12,6,2,12,0,0,0,1,42,17058,1,1,0,0,2,0,72,999,0,1,0,0,0,10,2011,10,2011,3,0,0,0,0,1,2,55,1,1,2,1,0,0,1,72,99,1,1,83,1,1
42,420723,1,3,1,19,8,17,0,12,6,1,0,99,9,99,999,99999,99,9999,999999999999,9,9,9,9,9,9,9,9,9,9,9,9,0,0,0,000000000,00000000000,0,0,0,1,0,0,0,0,0,0,0,999,0,0,0,1,6,5,12,0,0,0,1,42,18064,3,2,0,0,2,3,68,999,0,0,0,0,0,0,0,0,0,0,48,52,0,0,1,2,40,1,1,2,1,3,3,11,15,1,1,1,68,1,0
42,420723,2,3,1,19,8,17,0,12,6,1,0,42,2,86,884,86884,72,1998,1M1AA13Y9WW0,1,M,1,A,A,1,3,Y,9,W,W,0,1,1,57,00312428,5700312428,3,19,3,1,0,0,0,0,0,0,0,999,0,0,0,11,2,5,12,0,0,0,1,96,8865,9,9,99,9,9,9,999,999,99,99,99,99,99,99,9999,99,9999,0,0,0,0,0,1,2,40,1,1,2,1,3,3,1,67,3,1,1,69,0,0
42,420723,3,3,1,19,8,17,0,12,6,1,0,42,1,49,442,49442,20,2011,5TDYK3DCXBS0,5,T,D,Y,K,3,D,C,X,B,S,0,0,0,0,000000000,00000000000,0,0,0,1,0,0,0,0,0,0,0,999,0,0,0,98,9,5,12,0,0,0,1,42,18064,6,1,0,0,3,3,68,999,0,0,0,0,0,0,0,0,0,0,0,0,0,0,1,2,40,1,1,2,1,3,3,1,60,8,1,1,98,0,0
42,420724,1,1,1,13,9,16,29,43,0,1,0,42,1,20,481,20481,32,2013,1GCRKSE77DZ3,1,G,C,R,K,S,E,7,7,D,Z,3,0,0,0,000000000,00000000000,0,0,0,1,0,0,0,0,0,0,0,55,0,0,0,14,6,2,23,0,0,0,1,42,17754,6,1,0,0,3,0,72,999,0,0,0,0,0,0,0,0,0,5,0,0,0,0,1,2,35,3,1,2,1,0,0,14,10,1,1,4,6,1,1
42,420725,1,1,1,13,9,3,30,7,0,1,0,42,2,53,706,53706,80,2008,JS1GT77AX821,J,S,1,G,T,7,7,A,X,8,2,1,0,0,0,000000000,00000000000,0,0,0,1,0,0,0,0,0,0,0,45,0,0,0,0,6,2,59,0,0,0,1,42,17557,6,1,0,0,3,0,66,999,0,2,0,0,0,1,2014,1,2014,0,0,0,0,0,1,2,45,3,1,2,1,0,0,14,13,3,1,4,0,1,1
42,420726,1,1,1,15,9,19,26,1,0,1,0,42,1,72,706,72706,80,2004,1HD1BXB164Y0,1,H,D,1,B,X,B,1,6,4,Y,0,0,0,0,000000000,00000000000,0,0,0,1,0,0,0,0,0,0,0,60,0,0,0,0,6,2,1,0,0,0,1,42,17029,6,1,0,0,2,3,70,999,0,0,0,1,0,10,2012,10,2012,0,36,0,0,0,1,2,45,1,1,2,1,0,0,1,8,3,3,1,98,1,0
42,420727,1,1,1,21,9,3,0,35,0,1,0,24,1,37,402,37402,14,2009,5J6RE48389L0,5,J,6,R,E,4,8,3,8,9,L,0,0,0,0,000000000,00000000000,0,0,0,1,0,0,0,0,0,0,0,999,0,1,5,99,6,2,1,0,0,0,1,24,21226,6,1,0,0,3,3,72,220,0,0,0,0,0,0,0,0,0,0,0,0,0,0,1,2,55,1,1,2,1,0,0,1,10,1,1,4,6,1,0
42,420728,1,1,1,4,9,18,0,7,0,1,0,42,1,73,706,73706,80,2013,JS1GR7MA5D21,J,S,1,G,R,7,M,A,5,D,2,1,0,0,0,000000000,00000000000,0,0,0,1,0,0,0,0,0,0,0,75,0,0,0,0,2,3,7,0,0,0,1,42,19335,6,1,0,0,3,0,75,999,0,0,0,0,0,0,0,0,0,5,0,0,0,0,2,2,55,1,1,2,1,0,0,1,6,99,1,4,0,1,0
42,420729,1,2,1,8,9,11,24,12,6,1,0,42,1,37,31,37031,4,2008,1HGFA16548L1,1,H,G,F,A,1,6,5,4,8,L,1,0,0,0,000000000,00000000000,0,0,0,1,0,0,0,0,0,0,0,999,0,0,0,10,6,2,12,0,0,0,1,42,16316,6,1,0,0,3,0,66,999,0,0,0,0,0,0,0,0,0,0,38,0,0,0,1,2,35,1,1,2,1,20,3,1,17,7,1,2,89,0,0
42,420729,2,2,1,8,9,11,24,12,6,1,0,42,2,98,706,98706,80,2000,SW71988PA,S,W,7,1,9,8,8,P,A,,,,0,0,0,000000000,00000000000,0,0,0,1,0,0,0,0,0,0,0,999,0,0,0,12,6,2,12,0,0,0,1,42,16316,6,1,0,0,3,0,71,999,0,0,0,0,0,0,0,0,0,0,0,0,0,0,5,5,45,1,1,2,1,0,0,1,66,3,2,1,88,1,0
42,420730,1,1,1,13,9,13,25,38,0,1,0,42,1,18,2,18002,4,1988,1G4HP54CXJH4,1,G,4,H,P,5,4,C,X,J,H,4,0,0,0,000000000,00000000000,0,0,0,1,0,0,0,0,0,0,0,15,0,0,0,82,2,3,38,0,0,0,1,42,17527,6,1,0,0,3,3,70,999,0,0,0,0,0,0,0,0,0,4,0,0,0,0,1,2,45,1,1,2,2,0,0,1,6,99,4,4,7,1,0
42,420731,1,1,1,19,9,18,3,35,0,1,0,42,2,2,403,2403,14,2002,1J4FA59S42P7,1,J,4,F,A,5,9,S,4,2,P,7,0,0,0,000000000,00000000000,0,0,0,1,0,0,0,0,0,0,0,70,0,1,5,1,4,3,1,0,0,0,1,42,15312,1,1,0,0,2,0,67,999,0,1,1,0,0,11,2013,1,2014,5,0,0,0,0,2,2,55,3,1,2,1,0,0,14,6,3,2,4,2,1,1
42,420732,1,2,2,20,9,18,56,12,6,1,0,42,2,20,471,20471,30,1994,1GCCS14Z4R81,1,G,C,C,S,1,4,Z,4,R,8,1,0,0,0,000000000,00000000000,0,0,0,1,0,0,0,0,0,0,0,999,0,0,0,4,6,2,12,0,0,0,1,42,19007,6,1,0,0,3,1,73,999,0,0,0,0,0,0,0,0,0,0,48,0,0,0,2,5,35,1,1,2,1,3,3,11,17,1,1,1,68,0,0
42,420732,2,2,2,20,9,18,56,12,6,1,0,42,2,72,706,72706,80,2003,1HD1GJV113K3,1,H,D,1,G,J,V,1,1,3,K,3,0,0,0,000000000,00000000000,0,0,0,1,0,0,0,0,0,0,0,999,0,0,0,12,6,2,12,0,0,0,1,42,19055,6,1,6,0,3,1,64,999,0,0,0,0,0,0,0,0,0,0,0,0,0,0,2,5,35,1,1,2,1,3,3,1,62,2,2,1,69,1,0
42,420733,1,2,3,8,9,18,59,12,6,1,0,39,1,18,2,18002,4,2004,1G4HP52K4441,1,G,4,H,P,5,2,K,4,4,4,1,0,0,0,000000000,00000000000,0,0,0,1,0,0,0,0,0,0,0,999,0,0,0,3,6,2,12,0,0,0,1,39,44514,6,1,0,0,3,0,62,250,0,0,0,0,0,0,0,0,0,0,38,0,0,0,1,2,45,1,1,2,1,20,3,1,17,1,1,1,87,1,0
42,420733,2,2,3,8,9,18,59,12,6,1,0,42,2,7,482,7482,31,1996,1B7KF26Z7TS5,1,B,7,K,F,2,6,Z,7,T,S,5,0,0,0,000000000,00000000000,0,0,0,1,0,0,0,0,0,0,0,999,0,0,0,12,6,2,12,0,0,0,1,42,16154,6,1,0,0,3,0,69,999,0,0,0,0,0,0,0,0,0,0,0,0,0,0,3,2,45,1,1,2,1,0,0,1,66,2,1,1,86,0,0
42,420734,1,1,2,8,9,16,0,33,0,1,0,42,3,7,442,7442,20,2008,2D8HN44H98R7,2,D,8,H,N,4,4,H,9,8,R,7,0,0,0,000000000,00000000000,0,0,0,1,0,0,0,0,0,1,0,30,0,0,0,14,6,2,30,0,0,0,1,42,15062,6,1,0,0,3,0,62,999,0,0,0,0,0,0,0,0,0,0,0,0,0,0,4,1,25,1,1,2,1,0,0,1,1,99,9,4,2,1,0
42,420735,1,2,1,28,9,8,35,12,6,1,0,42,1,12,3,12003,2,2001,1FAFP42X51F1,1,F,A,F,P,4,2,X,5,1,F,1,0,0,0,000000000,00000000000,0,0,0,1,0,0,0,0,0,0,0,999,0,0,0,12,6,2,12,0,0,0,1,42,17545,6,1,0,0,3,0,70,999,0,1,0,0,0,10,2013,10,2013,3,0,0,0,0,1,2,35,1,1,2,1,0,0,1,66,3,2,1,88,0,0
42,420735,2,2,2,28,9,8,35,12,6,1,0,42,1,12,37,12037,4,2010,1FAHP3FN9AW2,1,F,A,H,P,3,F,N,9,A,W,2,0,0,0,000000000,00000000000,0,0,0,1,0,0,0,0,0,0,0,999,0,0,0,9,6,2,12,0,0,0,1,42,17545,6,1,0,0,3,0,63,999,0,0,0,0,0,0,0,0,0,0,0,0,0,0,1,2,35,1,1,2,1,20,3,1,17,1,1,1,89,1,0
42,420736,1,2,1,6,9,12,36,12,6,1,0,42,1,20,404,20404,14,2014,2GNFLEEKXE61,2,G,N,F,L,E,E,K,X,E,6,1,0,0,0,000000000,00000000000,0,0,0,1,0,0,0,0,0,0,0,999,0,0,0,2,4,5,12,0,0,0,1,42,19034,6,1,0,0,3,3,72,999,0,0,0,0,0,0,0,0,0,0,48,0,0,0,1,2,45,1,4,2,1,0,0,11,15,1,1,1,68,0,0
42,420736,2,2,1,6,9,12,36,12,6,1,0,42,1,73,705,73705,80,2003,JKAZX4K143A0,J,K,A,Z,X,4,K,1,4,3,A,0,0,0,0,000000000,00000000000,0,0,0,1,0,0,0,0,0,0,0,999,0,0,0,12,6,2,12,0,0,0,1,42,19428,1,1,0,0,2,0,70,999,0,1,0,2,0,2,2012,7,2014,0,0,0,0,0,1,2,45,1,4,2,1,0,0,1,62,3,2,1,69,1,0
42,420737,1,2,1,30,9,6,13,12,11,1,0,42,1,7,880,7880,67,2013,3C63RRHL2DG6,3,C,6,3,R,R,H,L,2,D,G,6,0,0,88,888888888,88888888888,2,1,96,1,0,0,0,0,0,0,0,999,0,0,0,11,4,5,12,0,0,0,1,42,18014,6,1,0,0,3,0,74,999,0,0,0,0,0,0,0,0,0,0,38,0,0,0,1,2,25,1,1,2,1,20,3,11,15,99,1,3,82,0,0
42,420737,2,2,1,30,9,6,13,12,11,1,0,42,1,72,706,72706,80,2013,1HD1KBM11DB6,1,H,D,1,K,B,M,1,1,D,B,6,0,0,0,000000000,00000000000,0,0,0,1,0,0,0,0,0,0,0,999,0,0,0,9,6,2,12,0,0,0,1,42,18071,6,1,0,0,3,0,71,999,0,0,1,0,1,8,2012,5,2013,0,0,0,0,0,1,2,40,2,5,2,1,0,0,14,67,3,3,3,83,1,0
42,420738,1,2,1,8,9,8,30,12,6,1,0,42,1,23,481,23481,31,2011,1GTN2TEA1BZ1,1,G,T,N,2,T,E,A,1,B,Z,1,0,0,0,000000000,00000000000,0,0,0,1,0,0,0,0,0,0,0,999,0,0,0,3,6,2,12,0,0,0,1,42,16051,6,1,0,0,3,0,66,999,0,0,0,0,0,0,0,0,0,0,38,0,0,0,1,2,45,1,5,2,1,20,3,1,17,1,1,1,87,1,0
42,420738,2,2,1,8,9,8,30,12,6,1,0,42,1,86,881,86881,66,1994,1M1AA13Y6RW0,1,M,1,A,A,1,3,Y,6,R,W,0,1,1,57,00516498,5700516498,3,6,3,1,0,0,0,0,0,0,0,999,0,0,0,12,4,3,12,0,0,0,1,42,16137,6,1,6,0,3,0,66,999,0,0,0,0,0,0,0,0,0,0,0,0,0,0,1,2,45,1,6,2,1,0,0,1,66,3,2,1,86,0,0
42,420739,1,1,1,5,9,15,38,35,0,1,0,42,1,49,32,49032,4,2006,2T1BR30E36C6,2,T,1,B,R,3,0,E,3,6,C,6,0,0,0,000000000,00000000000,0,0,0,1,0,0,0,0,0,0,0,70,0,1,1,14,6,2,1,0,0,0,1,42,19057,6,1,0,0,3,0,61,999,0,0,0,0,0,0,0,0,0,0,85,0,0,0,3,2,65,3,1,2,1,0,0,17,61,6,4,4,2,1,0
42,420740,1,1,1,11,9,18,32,42,0,1,0,42,2,52,402,52402,14,2006,4A4MN21S56E0,4,A,4,M,N,2,1,S,5,6,E,0,0,0,0,000000000,00000000000,0,0,0,1,0,0,0,0,0,0,0,50,0,0,0,12,6,2,42,0,0,0,1,42,18657,6,1,0,0,3,0,70,999,0,0,0,0,0,0,0,0,0,5,0,0,0,0,1,2,40,3,6,2,1,0,0,14,11,99,9,4,7,1,0
42,420741,1,1,1,12,9,7,47,15,0,1,0,42,1,20,481,20481,32,2006,1GCHC29U96E1,1,G,C,H,C,2,9,U,9,6,E,1,0,0,0,000000000,00000000000,0,0,0,1,0,0,0,0,0,0,0,30,0,0,0,1,2,5,15,0,0,0,1,42,17543,6,1,0,0,3,0,71,999,0,0,0,0,0,0,0,0,0,0,0,0,0,0,1,2,40,1,1,2,1,0,0,1,83,8,1,1,13,0,0
42,420742,1,1,2,27,9,19,33,8,0,1,0,42,2,52,37,52037,3,2003,4A3AC44GX3E1,4,A,3,A,C,4,4,G,X,3,E,1,0,0,0,000000000,00000000000,0,0,0,1,0,0,0,0,0,0,0,45,0,0,0,1,2,5,8,0,0,0,1,42,16602,6,1,0,0,3,3,70,999,0,0,0,0,0,0,0,0,0,0,0,0,0,0,1,2,45,1,5,2,1,0,0,1,80,1,1,1,13,0,0
42,420743,1,1,2,7,9,19,47,35,0,1,0,42,1,20,37,20037,4,2006,1G1ZT51F66F1,1,G,1,Z,T,5,1,F,6,6,F,1,0,0,0,000000000,00000000000,0,0,0,1,0,0,0,0,0,0,0,50,0,1,5,9,6,2,1,0,0,0,1,42,18102,6,1,0,0,3,0,67,999,0,0,0,0,0,0,0,0,0,0,0,0,0,0,1,2,35,3,1,2,1,0,0,14,13,3,4,4,1,1,0