STATE,ST_CASE,VEH_NO,VE_FORMS,NUMOCCS,DAY,MONTH,HOUR,MINUTE,HARM_EV,MAN_COLL,UNITTYPE,HIT_RUN,REG_STAT,OWNER,MAKE,MODEL,MAK_MOD,BODY_TYP,MOD_YEAR,VIN,VIN_1,VIN_2,VIN_3,VIN_4,VIN_5,VIN_6,VIN_7,VIN_8,VIN_9,VIN_10,VIN_11,VIN_12,TOW_VEH,J_KNIFE,MCARR_I1,MCARR_I2,MCARR_ID,GVWR,V_CONFIG,CARGO_BT,HAZ_INV,HAZ_PLAC,HAZ_ID,HAZ_CNO,HAZ_REL,BUS_USE,SPEC_USE,EMER_USE,TRAV_SP,UNDERIDE,ROLLOVER,ROLINLOC,IMPACT1,DEFORMED,TOWED,M_HARM,VEH_SC1,VEH_SC2,FIRE_EXP,DR_PRES,L_STATE,DR_ZIP,L_STATUS,L_TYPE,CDL_STAT,L_ENDORS,L_COMPL,L_RESTRI,DR_HGT,DR_WGT,PREV_ACC,PREV_SUS,PREV_DWI,PREV_SPD,PREV_OTH,FIRST_MO,FIRST_YR,LAST_MO,LAST_YR,SPEEDREL,DR_SF1,DR_SF2,DR_SF3,DR_SF4,VTRAFWAY,VNUM_LAN,VSPD_LIM,VALIGN,VPROFILE,VPAVETYP,VSURCOND,VTRAFCON,VTCONT_F,P_CRASH1,P_CRASH2,P_CRASH3,PCRASH4,PCRASH5,ACC_TYPE,DEATHS,DR_DRINK
42,420744,1,1,1,27,9,20,9,42,0,1,0,42,1,76,705,76705,80,2002,JYARJ04E82A0,J,Y,A,R,J,0,4,E,8,2,A,0,0,0,0,000000000,00000000000,0,0,0,1,0,0,0,0,0,0,0,999,0,0,0,8,6,2,42,0,0,0,1,42,17322,6,7,0,0,3,1,67,999,0,0,0,0,1,3,2013,3,2013,4,0,0,0,0,1,2,40,2,1,2,1,0,0,14,12,1,1,4,6,1,0
42,420745,1,1,1,28,9,13,54,59,0,1,0,42,2,7,442,7442,20,2014,2C4RDGBG3ER3,2,C,4,R,D,G,B,G,3,E,R,3,0,0,0,000000000,00000000000,0,0,0,1,0,0,0,0,0,0,0,80,0,0,0,12,6,2,59,0,0,1,1,34,7620,6,1,0,0,3,0,73,999,0,0,0,0,0,0,0,0,0,5,0,0,0,0,1,2,35,1,5,1,1,0,0,1,13,1,1,4,1,1,1
42,420746,1,1,5,14,9,4,0,25,0,1,0,42,2,14,401,14401,14,2002,4M2ZU86EX2ZJ,4,M,2,Z,U,8,6,E,X,2,Z,J,0,0,0,000000000,00000000000,0,0,0,1,0,0,0,0,0,0,0,999,0,1,5,11,6,2,1,0,0,0,1,42,19145,6,1,0,0,3,0,66,999,0,0,0,0,0,0,0,0,0,0,0,0,0,0,6,1,25,2,1,1,1,0,0,14,12,1,1,4,6,3,0
42,420747,1,1,1,18,9,2,25,43,0,1,0,42,1,37,32,37032,4,1991,1HGCB7565MA1,1,H,G,C,B,7,5,6,5,M,A,1,0,0,0,000000000,00000000000,0,0,0,1,0,0,0,0,0,0,0,999,0,0,0,12,6,2,43,0,0,0,1,42,17241,6,1,0,0,3,0,65,999,0,2,0,0,0,6,2012,8,2012,0,99,99,99,99,1,2,35,1,1,2,1,0,0,1,12,1,1,4,6,1,0
42,420748,1,1,3,27,9,20,34,42,0,1,0,24,1,41,52,41052,6,2008,JM1CR29L0803,J,M,1,C,R,2,9,L,0,8,0,3,0,0,0,000000000,00000000000,0,0,0,1,0,0,0,0,0,0,0,90,0,0,0,12,6,2,42,0,0,1,1,24,20724,6,1,0,0,3,0,71,165,0,0,0,0,0,0,0,0,0,5,99,99,99,99,2,2,65,1,1,2,1,0,0,1,6,1,9,4,2,2,0
42,420749,1,1,1,4,9,2,30,42,0,1,0,42,1,37,31,37031,4,2009,2HGFA16849H5,2,H,G,F,A,1,6,8,4,9,H,5,0,0,0,000000000,00000000000,0,0,0,1,0,0,0,0,0,0,0,999,0,1,3,3,6,2,42,0,0,0,1,42,18302,6,1,0,0,3,0,72,999,0,0,0,0,0,0,0,0,0,4,6,0,0,0,2,2,65,1,1,2,1,0,0,1,6,7,4,4,7,1,1
42,420750,1,1,1,29,9,10,25,42,0,1,0,42,1,12,17,12017,4,2000,1FAFP53U5YA1,1,F,A,F,P,5,3,U,5,Y,A,1,0,0,0,000000000,00000000000,0,0,0,1,0,0,0,0,0,0,0,40,0,0,0,12,6,2,42,0,0,1,1,42,18421,6,1,0,0,3,3,60,999,0,0,0,0,0,0,0,0,0,0,99,99,99,99,1,2,35,3,6,2,1,0,0,14,13,1,1,4,1,1,0
42,420751,1,4,6,20,9,14,32,12,6,1,0,42,2,12,401,12401,14,2004,1FMZU74W24ZB,1,F,M,Z,U,7,4,W,2,4,Z,B,0,0,0,000000000,00000000000,0,0,0,1,0,0,0,0,0,0,0,999,0,1,1,1,6,2,12,0,0,0,1,42,18610,0,0,0,0,0,0,69,999,0,0,0,0,0,0,0,0,0,3,35,33,0,0,1,3,55,1,6,2,1,0,0,6,6,1,4,6,66,5,0
42,420751,2,4,1,20,9,14,32,12,6,1,0,42,1,7,472,7472,30,2006,1D7HW48J26S5,1,D,7,H,W,4,8,J,2,6,S,5,0,0,0,000000000,00000000000,0,0,0,1,0,0,0,0,0,0,0,45,0,0,0,12,6,2,12,0,0,0,1,42,18210,6,1,0,0,3,3,68,999,0,0,0,0,0,0,0,0,0,0,0,0,0,0,1,3,55,1,5,2,1,0,0,1,62,7,1,1,66,0,0
42,420751,3,4,1,20,9,14,32,12,6,1,0,42,1,12,422,12422,15,2004,1FMPU16LX4LB,1,F,M,P,U,1,6,L,X,4,L,B,0,0,0,000000000,00000000000,0,0,0,1,0,0,0,0,0,0,0,50,0,0,0,12,6,2,12,0,0,0,1,42,18610,6,1,0,0,3,0,72,999,0,0,0,0,0,0,0,0,0,0,0,0,0,0,1,3,55,1,5,2,1,0,0,1,62,3,2,1,98,0,0
42,420751,4,4,1,20,9,14,32,12,6,1,0,42,1,7,482,7482,31,2004,1D7HU18D64J1,1,D,7,H,U,1,8,D,6,4,J,1,0,0,0,000000000,00000000000,0,0,0,1,0,0,0,0,0,0,0,50,0,0,0,12,6,2,12,0,0,0,1,42,18612,6,1,6,0,3,3,68,999,0,0,0,2,1,11,2013,6,2014,0,0,0,0,0,1,3,55,1,5,2,1,0,0,1,52,9,1,1,98,0,0
42,420752,1,1,1,16,9,23,36,42,0,1,0,42,2,18,5,18005,2,1998,1G4GD221XW47,1,G,4,G,D,2,2,1,X,W,4,7,0,0,0,000000000,00000000000,0,0,0,1,0,0,0,0,0,0,0,999,0,1,5,1,6,2,1,0,0,0,1,42,16511,6,1,0,0,3,3,66,999,1,0,0,1,0,9,2013,2,2014,3,0,0,0,0,1,2,55,1,1,2,1,0,0,1,11,6,4,4,7,1,1
42,420753,1,1,2,13,9,0,2,34,0,1,0,42,1,22,16,22016,2,2002,1G2JB12T4271,1,G,2,J,B,1,2,T,4,2,7,1,0,0,0,000000000,00000000000,0,0,0,1,0,0,0,0,0,0,0,55,0,1,5,1,6,2,1,0,0,0,1,42,15961,1,1,0,0,2,0,64,999,0,2,1,1,0,1,2012,1,2014,5,0,0,0,0,1,2,35,3,1,2,1,0,0,14,13,1,1,4,1,1,1
42,420754,1,1,1,25,9,11,17,35,0,1,0,42,1,49,472,49472,30,1999,4TAPM62N6XZ5,4,T,A,P,M,6,2,N,6,X,Z,5,0,0,0,000000000,00000000000,0,0,0,1,0,0,0,0,0,0,0,45,0,0,0,14,4,3,42,0,0,0,1,42,17331,6,1,0,0,3,1,65,999,0,0,0,0,0,0,0,0,0,4,0,0,0,0,1,2,45,2,5,2,2,0,0,14,13,6,1,4,1,1,0
42,420755,1,1,1,18,9,13,32,11,0,1,0,12,1,72,706,72706,80,2003,1HD1FRW1X3Y7,1,H,D,1,F,R,W,1,X,3,Y,7,0,0,0,000000000,00000000000,0,0,0,1,0,0,0,0,0,0,0,50,0,0,0,12,6,2,11,0,0,0,1,12,34990,6,1,0,0,3,0,67,999,0,0,0,0,0,0,0,0,0,0,83,0,0,0,1,2,45,3,5,2,1,0,0,14,87,3,2,1,13,1,0
42,420756,1,3,1,10,9,11,50,12,7,1,0,42,1,20,404,20404,14,2008,2CNDL33F6860,2,C,N,D,L,3,3,F,6,8,6,0,0,0,0,000000000,00000000000,0,0,0,1,0,0,0,0,0,0,0,999,0,0,0,11,4,3,12,0,0,0,1,42,16335,6,1,0,0,3,0,68,999,0,0,0,0,0,0,0,0,0,4,26,0,0,0,5,5,45,1,1,2,1,0,0,1,52,7,1,4,48,0,0
42,420756,2,3,2,10,9,11,50,12,7,1,0,42,1,12,402,12402,14,2003,1FMYU03103KA,1,F,M,Y,U,0,3,1,0,3,K,A,0,0,0,000000000,00000000000,0,0,0,1,0,0,0,0,0,0,0,999,0,0,0,5,2,5,12,0,0,0,1,42,16335,6,1,0,0,3,3,67,999,0,0,0,0,0,0,0,0,0,0,0,0,0,0,5,5,45,1,1,2,1,0,0,2,53,1,1,1,48,0,0
42,420756,3,3,2,10,9,11,50,12,7,1,0,42,1,18,7,18007,6,1993,1G4AG85N2P64,1,G,4,A,G,8,5,N,2,P,6,4,0,0,0,000000000,00000000000,0,0,0,1,0,0,0,0,0,0,0,0,0,0,0,9,6,2,12,0,0,0,1,42,16335,6,1,6,0,3,3,62,999,1,0,0,0,0,5,2013,5,2013,0,0,0,0,0,1,2,35,1,1,2,1,20,3,5,68,1,1,1,98,2,0
42,420757,1,1,1,14,9,23,45,11,0,1,0,42,1,37,703,37703,88,1987,JH2MF0203HK1,J,H,2,M,F,0,2,0,3,H,K,1,0,0,0,000000000,00000000000,0,0,0,1,0,0,0,0,0,0,0,40,0,0,0,12,6,2,11,0,0,0,1,42,16001,6,1,0,0,3,1,69,999,0,0,0,0,0,0,0,0,0,0,83,0,0,0,1,2,35,1,5,2,1,0,0,1,87,3,2,3,13,1,1
42,420758,1,2,4,14,9,19,10,12,2,1,0,42,2,52,37,52037,3,2003,4A3AC44G73E0,4,A,3,A,C,4,4,G,7,3,E,0,0,0,0,000000000,00000000000,0,0,0,1,0,0,0,0,0,0,0,45,0,0,0,12,6,2,12,0,0,0,1,42,17042,6,1,0,0,3,1,75,999,0,0,0,0,1,7,2014,7,2014,0,28,0,0,0,5,3,45,1,1,2,1,0,0,1,10,1,1,2,50,2,0
42,420758,2,2,5,14,9,19,10,12,2,1,0,42,1,2,403,2403,14,2008,1J8GA59108L5,1,J,8,G,A,5,9,1,0,8,L,5,0,0,0,000000000,00000000000,0,0,0,1,0,0,0,0,0,0,0,45,0,1,5,12,6,2,12,0,0,0,1,42,17067,6,1,0,0,3,0,72,999,0,0,0,0,0,0,0,0,0,0,0,0,0,0,5,3,45,1,1,2,1,0,0,1,62,1,1,1,51,1,0
42,420759,1,2,1,18,9,14,48,12,2,1,0,42,1,52,402,52402,14,2006,4A4MN21S76E0,4,A,4,M,N,2,1,S,7,6,E,0,0,0,0,000000000,00000000000,0,0,0,1,0,0,0,0,0,0,0,999,9,0,0,12,6,2,12,0,0,0,1,42,15239,6,1,0,0,3,3,65,999,0,0,0,0,0,0,0,0,0,0,28,6,34,35,1,2,55,1,6,2,1,0,0,6,10,3,2,6,50,0,0
42,420759,2,2,1,18,9,14,48,12,2,1,0,42,1,49,43,49043,4,2007,4T1BK36B67U2,4,T,1,B,K,3,6,B,6,7,U,2,0,0,0,000000000,00000000000,0,0,0,1,0,0,0,0,0,0,0,999,0,0,0,12,6,2,12,0,0,0,1,42,15239,6,1,0,0,3,0,66,999,1,0,0,0,0,2,2014,2,2014,0,0,0,0,0,1,2,55,1,5,2,1,0,0,1,62,1,1,1,51,1,0
42,420760,1,2,1,26,9,2,0,12,2,1,0,42,2,49,32,49032,4,2007,2T1BR32E07C8,2,T,1,B,R,3,2,E,0,7,C,8,0,0,0,000000000,00000000000,0,0,0,1,0,0,0,0,0,0,0,999,1,0,0,12,6,2,12,0,0,0,1,42,19403,6,1,0,0,3,0,65,999,0,0,0,1,0,2,2012,2,2012,0,51,6,0,0,3,3,55,2,1,1,1,0,0,15,10,99,1,1,52,1,1
42,420760,2,2,1,26,9,2,0,12,2,1,0,42,3,98,898,98898,60,2005,5B4KP42UX534,5,B,4,K,P,4,2,U,X,5,3,4,0,0,88,888888888,88888888888,2,1,1,1,0,0,0,0,0,0,0,999,0,1,1,12,6,2,12,0,0,0,1,34,8078,6,1,0,0,3,0,72,999,0,0,0,0,0,0,0,0,0,0,0,0,0,0,3,3,55,1,1,1,1,0,0,1,54,9,2,2,52,0,0
42,420761,1,3,1,4,9,19,14,12,1,1,0,42,2,12,471,12471,30,2000,1FTZR15V4YTA,1,F,T,Z,R,1,5,V,4,Y,T,A,0,0,0,000000000,00000000000,0,0,0,1,0,0,0,0,0,0,0,65,0,1,2,12,6,2,12,0,0,0,1,42,17257,6,1,0,0,3,3,68,999,0,0,0,0,0,0,0,0,0,0,6,0,0,0,2,2,65,1,1,1,1,0,0,1,50,3,2,1,20,0,0
42,420761,2,3,3,4,9,19,14,12,1,1,0,42,1,20,32,20032,4,1993,1Y1SK5366PZ0,1,Y,1,S,K,5,3,6,6,P,Z,0,0,0,0,000000000,00000000000,0,0,0,1,0,0,0,0,0,0,0,0,0,0,0,6,6,2,2,0,0,1,1,42,17104,6,1,0,0,3,0,66,999,0,0,0,0,0,0,0,0,0,0,0,0,0,0,2,2,65,1,1,1,1,0,0,5,53,1,1,1,21,1,0
42,420761,3,3,1,4,9,19,14,12,1,1,0,42,3,20,421,20421,15,2008,1GNFK13088J1,1,G,N,F,K,1,3,0,8,8,J,1,0,0,0,000000000,00000000000,0,0,0,1,0,0,0,0,0,0,0,0,0,0,0,6,4,3,12,0,0,0,1,42,17225,6,1,0,0,3,0,72,999,0,0,0,0,0,0,0,0,0,0,0,0,0,0,2,2,65,1,1,1,1,0,0,5,53,1,1,1,98,0,0
42,420762,1,1,1,27,9,99,99,99,99,1,0,99,9,73,739,73739,90,9999,999999999999,9,9,9,9,9,9,9,9,9,9,9,9,0,0,0,000000000,00000000000,0,0,0,1,0,0,0,0,0,0,0,999,0,1,5,99,6,2,99,0,0,0,1,42,18847,6,1,0,0,1,0,73,999,0,0,0,0,0,0,0,0,0,5,99,99,99,99,1,2,35,1,1,2,1,0,0,1,99,99,9,9,99,1,1
42,420763,1,1,1,29,9,11,40,59,0,1,0,42,1,12,401,12401,14,2000,1FMZU72X8YZC,1,F,M,Z,U,7,2,X,8,Y,Z,C,0,0,0,000000000,00000000000,0,0,0,1,0,0,0,0,0,0,0,85,0,0,0,11,6,2,35,0,0,0,1,42,17517,6,1,0,0,1,0,72,999,0,0,0,0,0,0,0,0,0,0,99,99,99,99,6,2,65,1,1,2,1,0,0,1,11,9,1,4,99,1,1
42,420764,1,1,1,26,9,19,22,8,0,1,0,42,2,98,988,98988,51,2008,5FYH4FV188B0,5,F,Y,H,4,F,V,1,8,8,B,0,0,0,88,888888888,88888888888,3,21,22,1,0,0,0,0,4,3,0,999,0,0,0,11,9,5,8,0,0,0,1,10,19720,6,1,1,1,3,3,71,245,0,0,0,0,0,0,0,0,0,0,0,0,0,0,1,2,25,1,1,2,1,2,3,11,80,99,1,1,13,0,0
42,420765,1,3,1,18,9,18,41,35,0,1,0,42,2,12,471,12471,30,1999,1FTYR10C7XUB,1,F,T,Y,R,1,0,C,7,X,U,B,0,0,0,000000000,00000000000,0,0,0,1,0,0,0,0,0,0,0,70,7,0,0,12,6,2,12,0,0,0,1,42,16025,1,1,0,0,2,0,68,999,1,19,0,2,1,10,2012,9,2014,3,0,0,0,0,1,2,45,1,6,2,1,0,0,1,13,1,1,4,1,1,1
42,420765,2,3,1,18,9,18,41,35,0,1,0,42,1,23,481,23481,31,2004,1GTEC14V94Z2,1,G,T,E,C,1,4,V,9,4,Z,2,0,0,0,000000000,00000000000,0,0,0,1,0,0,0,0,0,0,0,45,0,0,0,9,6,2,12,0,0,0,1,42,15065,3,7,0,0,2,0,74,999,0,0,0,0,0,0,0,0,0,0,0,0,0,0,1,2,45,1,5,2,1,0,0,1,62,7,1,1,98,0,0
42,420765,3,3,1,18,9,18,41,35,0,1,0,42,1,41,55,41055,5,2013,JM1DE1KZ7D01,J,M,1,D,E,1,K,Z,7,D,0,1,0,0,0,000000000,00000000000,0,0,0,1,0,0,0,0,0,0,0,40,0,0,0,12,6,2,12,0,0,0,1,42,16025,6,1,0,0,3,3,70,999,0,0,0,0,0,0,0,0,0,0,0,0,0,0,1,2,45,1,5,2,1,0,0,1,62,7,1,4,98,0,0
42,420766,1,1,1,1,9,15,34,1,0,1,0,42,1,37,706,37706,80,1983,1HFSC0217DA3,1,H,F,S,C,0,2,1,7,D,A,3,0,0,0,000000000,00000000000,0,0,0,1,0,0,0,0,0,0,0,35,0,0,0,0,2,5,1,0,0,0,1,42,16839,6,1,6,0,2,0,74,999,0,0,0,0,0,0,0,0,0,0,0,0,0,0,1,2,35,2,1,2,1,0,0,14,12,2,5,6,98,1,1
42,420767,1,1,1,16,9,3,30,25,0,1,0,42,2,55,33,55033,4,2004,KMHWF35H04A9,K,M,H,W,F,3,5,H,0,4,A,9,0,0,0,000000000,00000000000,0,0,0,1,0,0,0,0,0,0,0,55,0,0,0,12,6,2,25,0,0,0,1,42,15219,0,0,0,0,0,0,66,999,0,0,0,0,0,0,0,0,0,5,0,0,0,0,3,2,35,1,1,1,2,0,0,1,12,1,1,4,6,1,0
42,420768,1,1,2,3,9,18,13,9,0,1,0,42,3,20,481,20481,31,2011,1GC1KVCG2BF2,1,G,C,1,K,V,C,G,2,B,F,2,0,0,0,000000000,00000000000,0,0,0,1,0,0,0,0,0,0,0,999,0,0,0,1,2,3,9,0,0,0,1,42,16912,6,1,0,0,3,0,63,999,1,0,0,1,0,8,2013,12,2013,4,38,0,0,0,1,2,35,1,1,2,1,0,0,10,83,1,1,1,13,0,0
42,420769,1,1,2,7,9,2,42,42,0,1,0,0,0,98,739,98739,90,9999,000000000000,0,0,0,0,0,0,0,0,0,0,0,0,0,0,0,000000000,00000000000,0,0,0,1,0,0,0,0,0,0,0,45,0,1,5,11,6,2,42,0,0,0,1,42,16049,6,1,0,0,1,0,69,999,1,0,0,0,2,10,2012,10,2012,4,0,0,0,0,1,2,55,2,6,4,1,0,0,14,12,1,1,4,6,1,1
42,420770,1,1,2,29,9,8,0,42,0,1,0,39,1,20,401,20401,14,2002,1GNDT13S6222,1,G,N,D,T,1,3,S,6,2,2,2,0,0,0,000000000,00000000000,0,0,0,1,0,0,0,0,0,0,0,999,0,0,0,12,6,2,42,0,0,0,1,39,44003,1,1,0,0,2,3,66,170,0,0,0,0,0,0,0,0,0,0,99,99,99,99,1,2,55,1,1,2,1,0,0,1,12,99,1,4,6,1,0
42,420771,1,1,1,28,9,17,34,1,0,1,0,42,1,98,709,98709,80,1999,1C9SF275XXB0,1,C,9,S,F,2,7,5,X,X,B,0,0,0,0,000000000,00000000000,0,0,0,1,0,0,0,0,0,0,0,999,0,0,0,0,6,2,24,0,0,0,1,42,15066,6,1,0,0,3,3,70,999,0,0,0,0,0,0,0,0,0,0,99,99,99,99,1,2,25,3,6,2,1,0,0,14,4,99,9,1,98,1,0
42,420772,1,1,2,30,9,21,2,8,0,1,0,42,1,18,22,18022,4,2005,2G4WD5323512,2,G,4,W,D,5,3,2,3,5,1,2,0,0,0,000000000,00000000000,0,0,0,1,0,0,0,0,0,0,0,999,0,0,0,1,4,5,8,0,0,0,1,42,18508,6,1,0,0,3,3,70,999,0,0,0,0,0,0,0,0,0,0,0,0,0,0,1,2,30,1,2,9,1,0,0,1,80,99,1,1,13,0,0
42,420773,1,2,2,19,12,14,33,12,1,1,0,42,1,20,25,20025,4,2011,1G1PG5S97B71,1,G,1,P,G,5,S,9,7,B,7,1,0,0,0,000000000,00000000000,0,0,0,1,0,0,0,0,0,0,0,66,0,0,0,12,6,2,12,0,0,0,1,42,17864,6,1,0,0,3,1,66,999,0,0,0,0,0,0,0,0,0,4,26,0,0,0,1,2,55,1,2,2,1,0,0,1,50,1,1,1,20,1,0
42,420773,2,2,1,19,12,14,33,12,1,1,0,42,2,12,23,12023,4,2010,3FAHPOHA8AR1,3,F,A,H,P,O,H,A,8,A,R,1,0,0,0,000000000,00000000000,0,0,0,1,0,0,0,0,0,0,0,0,0,0,0,6,6,2,12,0,0,0,1,42,17813,6,1,0,0,3,0,66,999,0,0,0,0,0,0,0,0,0,0,0,0,0,0,1,2,55,1,2,2,1,0,0,5,53,1,1,1,22,0,0
42,420774,1,2,1,10,12,19,34,12,6,1,0,42,1,7,29,7029,4,2014,1C3CDFBB9ED8,1,C,3,C,D,F,B,B,9,E,D,8,0,0,0,000000000,00000000000,0,0,0,1,0,0,0,0,0,0,0,15,0,0,0,10,6,2,12,0,0,0,1,42,18062,6,1,0,0,3,3,64,999,0,0,0,0,0,0,0,0,0,0,38,0,0,0,1,2,55,1,1,2,2,20,3,11,17,1,1,1,68,1,0
42,420774,2,2,1,10,12,19,34,12,6,1,0,42,2,86,881,86881,66,2002,1M1AE06Y52W0,1,M,1,A,E,0,6,Y,5,2,W,0,1,1,57,00563000,5700563000,3,6,98,1,0,0,0,0,0,0,0,35,0,0,0,12,4,3,12,0,0,0,1,42,18062,6,1,6,0,3,3,70,999,2,0,0,0,2,10,2013,10,2014,0,0,0,0,0,1,2,45,1,1,2,2,0,0,1,62,8,1,2,69,0,1
42,420775,1,2,4,19,12,20,25,12,6,1,0,42,2,20,16,20016,2,2001,1G1JF12T7171,1,G,1,J,F,1,2,T,7,1,7,1,0,0,0,000000000,00000000000,0,0,0,1,0,0,0,0,0,0,0,999,0,0,0,1,6,2,2,0,0,1,1,42,18071,6,1,0,0,3,0,67,999,0,0,0,0,0,0,0,0,0,4,28,6,0,0,1,2,35,1,1,2,1,0,0,1,6,1,4,2,64,4,0
42,420775,2,2,2,19,12,20,25,12,6,1,0,42,2,18,18,18018,4,1996,1G4NJ52M0TC4,1,G,4,N,J,5,2,M,0,T,C,4,0,0,0,000000000,00000000000,0,0,0,1,0,0,0,0,0,0,0,5,0,0,0,12,6,2,2,0,0,1,1,42,18235,6,1,0,0,3,0,63,999,1,0,0,0,1,8,2014,8,2014,0,0,0,0,0,1,2,25,1,1,2,1,0,0,1,62,2,1,1,65,0,0
42,420776,1,1,1,23,12,16,55,35,0,1,0,42,1,35,47,35047,4,2009,1N4AL21E19N5,1,N,4,A,L,2,1,E,1,9,N,5,0,0,0,000000000,00000000000,0,0,0,1,0,0,0,0,0,0,0,50,0,0,0,1,6,2,42,0,0,0,1,42,15851,6,1,0,0,3,0,66,999,0,0,0,0,0,0,0,0,0,0,0,0,0,0,1,2,45,3,5,2,2,0,0,14,8,1,1,4,98,1,0
42,420777,1,1,1,30,12,1,0,42,0,1,0,42,1,7,482,7482,32,2003,1D7HU18N23S3,1,D,7,H,U,1,8,N,2,3,S,3,0,0,0,000000000,00000000000,0,0,0,1,0,0,0,0,0,0,0,999,0,0,0,12,6,2,42,0,0,0,1,42,18801,6,1,0,0,3,9,69,999,0,0,0,0,0,0,0,0,0,4,0,0,0,0,1,2,45,1,3,2,99,0,0,1,6,99,9,4,10,1,1
42,420778,1,1,1,20,12,20,25,1,0,1,0,42,2,30,40,30040,4,2002,3VWSB69M32M1,3,V,W,S,B,6,9,M,3,2,M,1,0,0,0,000000000,00000000000,0,0,0,1,0,0,0,0,0,0,0,80,0,9,3,0,6,2,1,0,0,0,1,42,15501,6,1,0,0,3,0,65,999,0,0,0,0,0,0,0,0,0,3,0,0,0,0,2,2,65,1,1,1,1,0,0,1,12,1,9,4,10,1,0
42,420779,1,1,1,14,9,3,13,30,0,1,0,42,1,55,36,55036,3,2011,KMHCM3AC3BU1,K,M,H,C,M,3,A,C,3,B,U,1,0,0,0,000000000,00000000000,0,0,0,1,0,0,0,0,0,0,0,999,0,0,0,9,6,2,30,0,0,0,1,42,16101,6,1,0,0,3,3,67,999,0,0,0,0,0,0,0,0,0,3,0,0,0,0,1,2,40,1,5,2,1,0,0,1,6,8,3,4,2,1,1
42,420780,1,1,1,16,12,21,13,15,0,1,0,42,2,49,32,49032,4,2012,2T1BU4EE6CC8,2,T,1,B,U,4,E,E,6,C,C,8,0,0,0,000000000,00000000000,0,0,0,1,0,0,0,0,0,0,0,25,0,0,0,11,6,2,15,0,0,0,1,42,15227,6,1,0,0,3,0,67,999,0,0,0,0,0,0,0,0,0,0,0,0,0,0,1,3,25,1,1,2,2,2,3,1,80,1,1,1,13,0,0
42,420781,1,1,1,20,9,2,5,43,0,1,0,42,1,12,402,12402,14,2014,1FMCU9J90EUB,1,F,M,C,U,9,J,9,0,E,U,B,0,0,0,000000000,00000000000,0,0,0,1,0,0,0,0,0,0,0,999,0,1,5,11,6,2,30,0,0,0,1,42,17055,6,1,0,0,3,0,72,999,0,0,0,0,0,0,0,0,0,0,0,0,0,0,1,2,35,3,1,2,1,0,0,14,13,1,1,4,1,1,1
42,420782,1,1,1,1,9,20,37,42,0,1,0,10,1,2,403,2403,14,2011,1J4BA3H18BL5,1,J,4,B,A,3,H,1,8,B,L,5,0,0,0,000000000,00000000000,0,0,0,1,0,0,0,0,0,0,0,80,0,1,1,12,6,2,42,0,0,0,1,10,19810,3,1,0,0,2,0,71,190,0,0,0,0,0,0,0,0,0,3,0,0,0,0,1,2,40,3,6,2,1,0,0,14,13,1,1,4,1,1,1
42,420783,1,2,1,5,9,10,26,12,2,1,0,42,1,35,47,35047,4,2005,1N4AL11D95C3,1,N,4,A,L,1,1,D,9,5,C,3,0,0,0,000000000,00000000000,0,0,0,1,0,0,0,0,0,0,0,35,0,0,0,12,6,2,12,0,0,0,1,42,18020,6,1,0,0,3,3,60,999,0,0,0,0,0,0,0,0,0,0,28,0,0,0,1,2,45,2,5,2,1,0,0,14,10,1,1,2,50,1,0
42,420783,2,2,1,5,9,10,26,12,2,1,0,42,1,22,22,22022,4,2007,1G2ZF58B3742,1,G,2,Z,F,5,8,B,3,7,4,2,0,0,0,000000000,00000000000,0,0,0,1,0,0,0,0,0,0,0,35,0,0,0,12,6,2,12,0,0,0,1,42,18017,6,1,0,0,3,1,64,999,0,0,0,0,0,0,0,0,0,0,0,0,0,0,1,2,35,3,6,2,1,0,0,14,62,4,9,1,51,0,0
42,420784,1,1,1,25,12,21,30,35,0,1,0,42,1,24,7,24007,4,2006,1G8AL55B76Z1,1,G,8,A,L,5,5,B,7,6,Z,1,0,0,0,000000000,00000000000,0,0,0,1,0,0,0,0,0,0,0,60,0,1,5,11,6,2,34,0,0,0,1,42,18451,6,1,0,0,3,0,61,999,1,0,0,0,2,12,2012,5,2013,3,51,0,0,0,1,2,40,1,5,2,1,0,0,1,13,8,4,4,7,1,1
42,420785,1,1,1,11,12,4,20,35,0,1,0,28,4,55,401,55401,14,2014,5XYZT3LB2EG1,5,X,Y,Z,T,3,L,B,2,E,G,1,0,0,0,000000000,00000000000,0,0,0,1,0,0,0,0,0,0,0,70,0,0,0,1,6,2,35,0,0,0,1,42,15351,1,1,0,0,2,0,68,999,0,1,0,0,1,12,2014,12,2014,0,28,51,0,0,1,2,55,3,3,2,1,0,0,1,13,6,4,4,7,1,0
42,420786,1,1,1,24,12,9,59,9,0,1,0,42,3,86,882,86882,63,2007,1M2K195C97M0,1,M,2,K,1,9,5,C,9,7,M,0,0,0,57,344050,57344050,3,2,7,1,0,0,0,0,0,0,0,999,0,0,0,4,2,3,9,0,0,0,1,42,19464,6,1,6,1,3,0,72,999,0,0,0,0,1,6,2012,6,2012,0,0,0,0,0,1,2,25,1,1,2,2,3,3,10,83,1,1,1,13,0,0
42,420787,1,1,1,10,12,17,1,8,0,1,0,42,1,55,35,55035,4,2012,KMHDH4AE0CU3,K,M,H,D,H,4,A,E,0,C,U,3,0,0,0,000000000,00000000000,0,0,0,1,0,0,0,0,0,0,0,25,0,0,0,1,2,3,8,0,0,0,1,42,16046,0,0,0,0,0,0,999,999,0,0,0,0,0,0,0,0,0,0,6,0,0,0,0,0,0,0,0,0,0,0,0,1,80,99,1,1,98,0,1