STATE,ST_CASE,VEH_NO,VE_FORMS,NUMOCCS,DAY,MONTH,HOUR,MINUTE,HARM_EV,MAN_COLL,UNITTYPE,HIT_RUN,REG_STAT,OWNER,MAKE,MODEL,MAK_MOD,BODY_TYP,MOD_YEAR,VIN,VIN_1,VIN_2,VIN_3,VIN_4,VIN_5,VIN_6,VIN_7,VIN_8,VIN_9,VIN_10,VIN_11,VIN_12,TOW_VEH,J_KNIFE,MCARR_I1,MCARR_I2,MCARR_ID,GVWR,V_CONFIG,CARGO_BT,HAZ_INV,HAZ_PLAC,HAZ_ID,HAZ_CNO,HAZ_REL,BUS_USE,SPEC_USE,EMER_USE,TRAV_SP,UNDERIDE,ROLLOVER,ROLINLOC,IMPACT1,DEFORMED,TOWED,M_HARM,VEH_SC1,VEH_SC2,FIRE_EXP,DR_PRES,L_STATE,DR_ZIP,L_STATUS,L_TYPE,CDL_STAT,L_ENDORS,L_COMPL,L_RESTRI,DR_HGT,DR_WGT,PREV_ACC,PREV_SUS,PREV_DWI,PREV_SPD,PREV_OTH,FIRST_MO,FIRST_YR,LAST_MO,LAST_YR,SPEEDREL,DR_SF1,DR_SF2,DR_SF3,DR_SF4,VTRAFWAY,VNUM_LAN,VSPD_LIM,VALIGN,VPROFILE,VPAVETYP,VSURCOND,VTRAFCON,VTCONT_F,P_CRASH1,P_CRASH2,P_CRASH3,PCRASH4,PCRASH5,ACC_TYPE,DEATHS,DR_DRINK
42,421001,2,2,1,21,10,6,55,12,8,1,0,42,3,87,881,87881,63,2013,1NPXGGGG10D1,1,N,P,X,G,G,G,G,1,0,D,1,0,0,57,00433243,5700433243,3,2,4,1,0,0,0,0,0,0,0,45,0,1,5,10,6,2,12,0,0,0,1,42,17557,6,1,6,0,3,0,70,999,0,0,0,0,0,0,0,0,0,0,0,0,0,0,1,2,45,3,1,2,2,0,0,14,62,7,1,1,65,0,0
42,421002,1,2,1,22,10,8,59,12,2,1,0,10,1,49,53,49053,5,2009,4T3ZK11A19U0,4,T,3,Z,K,1,1,A,1,9,U,0,0,0,0,000000000,00000000000,0,0,0,1,0,0,0,0,0,0,0,999,0,0,0,12,6,2,12,0,0,0,1,10,19151,6,1,0,0,3,0,999,999,0,0,0,0,0,0,0,0,0,0,99,99,99,99,1,4,35,2,1,2,2,0,0,14,10,99,1,2,50,0,0
42,421002,2,2,2,22,10,8,59,12,2,1,0,42,1,49,402,49402,14,2005,JTEHD20VX560,J,T,E,H,D,2,0,V,X,5,6,0,0,0,0,000000000,00000000000,0,0,0,1,0,0,0,0,0,0,0,999,0,0,0,12,6,2,12,0,0,0,1,42,19103,6,1,0,0,3,0,68,999,0,0,0,0,0,0,0,0,0,0,0,0,0,0,1,4,35,3,1,2,2,0,0,14,62,99,1,1,51,1,0
42,421003,1,2,5,23,10,0,30,24,0,1,0,42,1,13,12,13012,4,2004,1LNHM87A74Y6,1,L,N,H,M,8,7,A,7,4,Y,6,0,0,0,000000000,00000000000,0,0,0,1,0,0,0,0,0,0,0,60,0,0,0,1,6,2,12,0,0,0,1,42,19401,1,1,0,0,2,3,69,999,0,1,0,0,1,10,2014,10,2014,4,0,0,0,0,3,3,65,2,1,2,2,0,0,15,6,1,9,4,2,1,0
42,421003,2,2,1,23,10,0,30,24,0,1,0,42,3,86,881,86881,66,2015,999999999999,9,9,9,9,9,9,9,9,9,9,9,9,1,1,57,00019080,5700019080,3,6,1,1,0,0,0,0,0,0,0,55,0,0,0,12,6,2,12,0,0,0,1,42,17110,6,1,6,0,3,0,71,999,0,0,0,0,0,0,0,0,0,0,0,0,0,0,3,3,65,2,1,2,2,0,0,14,60,7,1,1,98,0,0
42,421004,1,2,1,24,10,10,34,12,6,1,0,42,1,20,481,20481,31,2002,1GCEK14V82Z2,1,G,C,E,K,1,4,V,8,2,Z,2,0,0,0,000000000,00000000000,0,0,0,1,0,0,0,0,0,0,0,50,0,0,0,12,4,3,12,0,0,0,1,42,19507,6,1,0,0,3,0,70,999,0,0,0,0,0,0,0,0,0,0,39,0,0,0,1,2,55,1,1,2,1,20,3,1,17,1,1,1,88,0,0
42,421004,2,2,1,24,10,10,34,12,6,1,0,42,2,12,17,12017,4,1995,1FALP57U6SA1,1,F,A,L,P,5,7,U,6,S,A,1,0,0,0,000000000,00000000000,0,0,0,1,0,0,0,0,0,0,0,5,0,0,0,9,6,2,12,0,0,0,1,42,17067,6,1,0,0,3,0,60,999,0,0,0,0,0,0,0,0,0,0,0,0,0,0,1,2,35,1,1,2,1,20,3,1,66,1,1,1,89,1,0
42,421005,1,2,1,28,10,10,20,12,2,1,0,42,3,85,881,85881,63,2006,1NKDLBEX16R1,1,N,K,D,L,B,E,X,1,6,R,1,0,0,57,01275979,5701275979,3,2,4,1,0,0,0,0,0,0,0,45,0,0,0,12,6,2,12,0,0,1,1,42,15801,6,1,6,0,3,3,71,999,0,0,0,0,0,0,0,0,0,0,28,0,0,0,5,5,45,3,6,2,1,0,0,14,10,1,1,2,50,0,0
42,421005,2,2,1,28,10,10,20,12,2,1,0,42,3,85,881,85881,66,2011,1XKADP9XXBJ2,1,X,K,A,D,P,9,X,X,B,J,2,1,1,57,01880751,5701880751,3,6,1,1,0,0,0,0,0,0,0,999,0,0,0,12,6,2,12,0,0,1,1,24,21205,6,1,6,0,3,0,71,185,0,0,0,0,1,8,2013,8,2013,0,0,0,0,0,5,5,45,2,5,2,1,0,0,14,62,1,1,1,51,1,0
42,421006,1,3,1,30,10,23,49,12,2,1,0,42,1,12,23,12023,4,2009,3FAHP07Z69R1,3,F,A,H,P,0,7,Z,6,9,R,1,0,0,0,000000000,00000000000,0,0,0,1,0,0,0,0,0,0,0,999,0,0,0,12,6,2,12,0,0,0,1,42,19067,6,1,0,0,3,0,66,999,0,2,0,0,2,1,2013,5,2013,5,51,0,0,0,3,2,55,1,1,1,1,0,0,1,54,1,1,1,52,0,1
42,421006,2,3,1,30,10,23,49,12,2,1,0,42,1,7,29,7029,4,2014,1C3CDFBB6ED6,1,C,3,C,D,F,B,B,6,E,D,6,0,0,0,000000000,00000000000,0,0,0,1,0,0,0,0,0,0,0,999,0,0,0,12,6,2,12,0,0,0,1,42,19067,6,1,0,0,3,3,70,999,0,0,0,0,0,0,0,0,0,0,0,0,0,0,3,2,55,1,1,1,1,0,0,1,54,1,1,1,52,1,0
42,421006,3,3,1,30,10,23,49,12,2,1,0,42,2,30,40,30040,4,2009,3VWRZ71K39M0,3,V,W,R,Z,7,1,K,3,9,M,0,0,0,0,000000000,00000000000,0,0,0,1,0,0,0,0,0,0,0,999,0,0,0,11,6,2,12,0,0,0,1,42,19067,6,1,0,0,3,0,63,999,0,0,0,0,0,0,0,0,0,0,0,0,0,0,3,2,55,1,1,1,1,0,0,1,54,1,1,1,98,0,1
42,421007,1,3,1,31,10,17,11,12,2,1,0,42,1,37,31,37031,2,2002,1HGEM22042L0,1,H,G,E,M,2,2,0,4,2,L,0,0,0,0,000000000,00000000000,0,0,0,1,0,0,0,0,0,0,0,35,0,0,0,12,6,2,12,0,0,0,1,42,19035,6,1,0,0,3,3,72,999,0,0,0,0,0,0,0,0,0,0,28,0,0,0,1,2,30,2,5,2,1,40,3,14,10,1,1,2,50,1,0
42,421007,2,3,1,31,10,17,11,12,2,1,0,42,3,12,881,12881,61,2004,1FDAF56PX4EC,1,F,D,A,F,5,6,P,X,4,E,C,0,0,88,888888888,88888888888,2,1,98,1,0,0,0,0,0,0,0,35,0,0,0,12,6,2,12,0,0,0,1,42,19518,6,1,6,0,3,0,72,999,0,0,0,0,0,0,0,0,0,0,0,0,0,0,1,2,30,3,6,2,1,40,3,14,62,7,1,1,51,0,0
42,421007,3,3,1,31,10,17,11,12,2,1,0,42,1,48,45,48045,6,2012,4S4BRBAC2C33,4,S,4,B,R,B,A,C,2,C,3,3,0,0,0,000000000,00000000000,0,0,0,1,0,0,0,0,0,0,0,30,0,0,0,11,2,3,12,0,0,0,1,42,19462,6,1,0,0,3,0,64,999,0,0,0,0,0,0,0,0,0,0,0,0,0,0,1,2,30,2,5,2,1,40,3,14,60,1,1,1,98,0,0
42,421008,1,2,1,1,11,13,8,12,6,1,0,42,1,37,31,37031,2,1996,1HGEJ7127TL0,1,H,G,E,J,7,1,2,7,T,L,0,0,0,0,000000000,00000000000,0,0,0,1,0,0,0,0,0,0,0,80,1,0,0,12,6,2,2,0,0,1,1,42,17981,6,1,0,0,3,0,68,999,0,0,0,1,0,11,2012,11,2012,3,6,0,0,0,3,3,55,1,6,1,1,0,0,1,6,1,1,2,48,1,0
42,421008,2,2,1,1,11,13,8,12,6,1,0,18,3,84,881,84881,66,2013,3HSDHSJR4DN0,3,H,S,D,H,S,J,R,4,D,N,0,1,1,57,00085840,5700085840,3,6,1,1,0,0,0,0,0,0,0,50,0,0,0,9,6,2,12,0,0,1,1,42,18012,6,1,6,0,3,0,69,999,0,1,0,0,1,2,2014,5,2014,0,0,0,0,0,3,3,55,1,6,1,1,0,0,1,60,1,1,1,48,0,0
42,421009,1,1,1,1,11,5,40,8,0,1,0,42,2,37,31,37031,4,1998,2HGEJ6625WH5,2,H,G,E,J,6,6,2,5,W,H,5,0,0,0,000000000,00000000000,0,0,0,1,0,0,0,0,0,0,0,999,0,0,0,12,6,2,8,0,0,0,1,42,19149,6,1,0,0,3,0,66,999,0,0,0,0,0,0,0,0,0,0,0,0,0,0,2,3,40,1,1,2,2,0,0,1,80,1,1,1,13,0,0
42,421010,1,1,2,1,11,1,55,30,0,1,0,42,1,22,22,22022,4,2007,1G2ZH57N2741,1,G,2,Z,H,5,7,N,2,7,4,1,0,0,0,000000000,00000000000,0,0,0,1,0,0,0,0,0,0,0,998,0,0,0,12,6,2,30,0,0,0,1,42,19150,6,1,0,0,3,0,69,999,0,0,0,0,0,0,0,0,0,0,99,99,99,99,1,2,98,4,1,2,2,0,0,1,13,1,1,4,1,1,1
42,421011,1,2,2,7,11,17,6,12,1,1,0,42,3,37,31,37031,4,2007,1HGFA15867L0,1,H,G,F,A,1,5,8,6,7,L,0,0,0,0,000000000,00000000000,0,0,0,1,0,0,0,0,0,0,0,999,0,0,0,6,6,2,12,0,0,0,1,42,18344,6,1,0,0,3,0,68,999,0,0,0,0,0,0,0,0,0,4,0,0,0,0,1,4,45,3,6,2,4,0,0,14,6,99,4,2,32,2,0
42,421011,2,2,1,7,11,17,6,12,1,1,0,42,1,7,482,7482,31,2003,3D7KU28C53G8,3,D,7,K,U,2,8,C,5,3,G,8,0,0,0,000000000,00000000000,0,0,0,1,0,0,0,0,0,0,0,999,0,0,0,12,6,2,12,0,0,0,1,42,18466,6,1,0,0,3,0,65,999,0,0,0,0,0,0,0,0,0,0,0,0,0,0,1,4,45,1,6,2,4,0,0,1,62,1,1,1,32,0,0
42,421012,1,1,1,7,11,22,48,42,0,1,0,42,2,12,37,12037,4,2000,1FAFP3835YW3,1,F,A,F,P,3,8,3,5,Y,W,3,0,0,0,000000000,00000000000,0,0,0,1,0,0,0,0,0,0,0,65,0,0,0,61,6,2,42,0,0,0,1,42,16335,6,1,0,0,3,3,72,999,0,0,0,0,0,0,0,0,0,4,0,0,0,0,1,2,45,1,1,2,1,0,0,1,9,1,3,4,2,1,1
42,421013,1,2,1,8,11,18,0,12,6,1,0,42,1,7,472,7472,30,1997,1B7GG23X4VS1,1,B,7,G,G,2,3,X,4,V,S,1,0,0,0,000000000,00000000000,0,0,0,1,0,0,0,0,0,0,0,5,0,0,0,2,6,2,12,0,0,0,1,42,15531,6,1,0,0,3,0,66,999,0,0,1,0,0,7,2013,7,2013,0,38,0,0,0,1,2,25,1,1,2,1,20,3,1,17,99,1,1,87,0,1
42,421013,2,2,1,8,11,18,0,12,6,1,0,42,1,72,706,72706,80,2014,1HD1GPM12EC3,1,H,D,1,G,P,M,1,2,E,C,3,0,0,0,000000000,00000000000,0,0,0,1,0,0,0,0,0,0,0,40,0,0,0,12,6,2,12,0,0,0,1,42,15531,6,1,6,0,3,0,71,999,1,0,0,0,1,7,2014,7,2014,0,0,0,0,0,1,2,25,1,5,2,1,0,0,1,66,1,1,1,86,1,1
42,421014,1,2,2,10,11,5,41,12,6,1,0,42,3,82,881,82881,63,2007,1FVHC5CVX7HX,1,F,V,H,C,5,C,V,X,7,H,X,0,0,57,00098060,5700098060,3,2,2,2,2,8888,5,1,0,0,0,5,0,0,0,10,4,5,12,0,0,0,1,42,15931,6,1,6,1,3,0,71,999,0,0,0,0,0,0,0,0,0,0,38,0,0,0,1,2,45,1,3,2,1,0,0,10,16,1,1,1,78,0,0
42,421014,2,2,1,10,11,5,41,12,6,1,0,42,1,20,37,20037,4,1998,1G1ND52M0WY1,1,G,1,N,D,5,2,M,0,W,Y,1,0,0,0,000000000,00000000000,0,0,0,1,0,0,0,0,0,0,0,999,0,0,0,12,6,2,12,0,0,0,1,42,15563,6,1,6,0,3,1,71,999,0,0,0,0,0,0,0,0,0,0,0,0,0,0,1,2,45,1,3,2,1,0,0,1,70,1,1,1,79,1,0
42,421015,1,2,1,11,11,12,27,12,2,1,0,42,2,37,705,37705,80,1980,00PC01210358,0,0,P,C,0,1,2,1,0,3,5,8,0,0,0,000000000,00000000000,0,0,0,1,0,0,0,0,0,0,0,70,0,0,0,12,6,2,12,0,0,0,1,42,17241,1,1,0,0,2,0,68,999,0,2,0,0,0,9,2012,9,2014,4,28,0,0,0,1,2,45,2,1,2,1,40,3,14,10,1,1,2,50,1,0
42,421015,2,2,1,11,11,12,27,12,2,1,0,42,2,37,39,37039,5,2008,JHMGD38628S0,J,H,M,G,D,3,8,6,2,8,S,0,0,0,0,000000000,00000000000,0,0,0,1,0,0,0,0,0,0,0,35,0,0,0,12,6,2,12,0,0,0,1,42,17225,6,1,0,0,3,1,61,999,0,0,0,0,0,0,0,0,0,0,0,0,0,0,1,2,45,3,1,2,1,40,3,14,62,2,1,1,51,0,0
42,421016,1,1,1,12,11,18,11,8,0,1,0,42,2,2,403,2403,14,1997,1J4FY29P6VP4,1,J,4,F,Y,2,9,P,6,V,P,4,0,0,0,000000000,00000000000,0,0,0,1,0,0,0,0,0,0,0,998,0,0,0,12,0,5,8,0,0,0,1,42,19119,6,1,0,0,3,0,72,999,0,0,0,0,0,0,0,0,0,0,0,0,0,0,4,1,98,1,1,2,1,0,0,1,80,1,1,1,13,0,0
42,421017,1,1,1,12,11,13,2,1,0,1,0,17,3,86,881,86881,63,2004,1M1AE06Y54N0,1,M,1,A,E,0,6,Y,5,4,N,0,1,1,57,02064133,5702064133,3,4,2,1,0,0,0,0,0,0,0,50,0,2,1,0,6,2,52,0,0,0,1,42,18018,6,1,6,1,3,0,71,999,0,0,0,0,0,0,0,0,0,4,0,0,0,0,6,1,35,2,5,1,1,0,0,14,98,7,1,1,98,1,0
42,421018,1,2,3,14,11,20,0,12,6,1,0,42,1,2,405,2405,14,2002,1J4GL48K22W1,1,J,4,G,L,4,8,K,2,2,W,1,0,0,0,000000000,00000000000,0,0,0,1,0,0,0,0,0,0,0,35,0,0,0,3,6,2,12,0,0,0,1,42,16901,6,1,0,0,3,1,71,999,0,0,0,0,0,0,0,0,0,4,87,0,0,0,1,2,55,1,5,2,3,0,0,1,6,9,4,2,66,1,0
42,421018,2,2,1,14,11,20,0,12,6,1,0,42,1,20,481,20481,31,2000,2GCEK19T7Y13,2,G,C,E,K,1,9,T,7,Y,1,3,0,0,0,000000000,00000000000,0,0,0,1,0,0,0,0,0,0,0,35,0,0,0,12,6,2,12,0,0,0,1,42,19047,6,1,0,0,3,0,70,999,0,0,0,0,0,0,0,0,0,0,0,0,0,0,1,2,55,1,5,2,3,0,0,1,62,1,1,1,66,0,0
42,421019,1,1,1,15,11,14,52,8,0,1,0,42,3,98,902,98902,52,2000,1N9TA36A8YL0,1,N,9,T,A,3,6,A,8,Y,L,0,0,0,57,0010206,570010206,3,21,22,1,0,0,0,0,6,3,0,15,0,0,0,1,9,5,8,0,0,0,1,42,19141,6,1,6,1,3,1,66,999,1,0,0,0,1,1,2014,1,2014,0,99,99,99,99,1,2,30,1,1,2,1,0,0,1,80,6,1,1,13,0,0
42,421020,1,1,1,16,11,2,30,30,0,1,0,42,2,49,43,49043,4,2009,4T1BK36B09U3,4,T,1,B,K,3,6,B,0,9,U,3,0,0,0,000000000,00000000000,0,0,0,1,0,0,0,0,0,0,0,999,0,0,0,9,6,2,30,0,0,0,1,42,19131,1,1,0,0,2,0,77,999,0,16,0,0,7,1,2012,6,2014,5,0,0,0,0,3,3,35,1,1,2,1,0,0,1,13,1,1,4,1,1,1
42,421021,1,2,1,17,11,13,0,12,2,1,0,42,1,20,481,20481,31,2000,1GCEK14V1YE4,1,G,C,E,K,1,4,V,1,Y,E,4,0,0,0,000000000,00000000000,0,0,0,1,0,0,0,0,0,0,0,55,0,0,0,12,6,2,12,0,0,0,1,42,17268,6,1,0,0,3,0,66,999,0,0,0,0,0,0,0,0,0,0,28,0,0,0,1,2,55,3,6,2,2,0,0,14,9,99,1,2,50,1,0
42,421021,2,2,1,17,11,13,0,12,2,1,0,42,3,23,481,23481,31,2006,1GDJK34U16E1,1,G,D,J,K,3,4,U,1,6,E,1,0,0,0,000000000,00000000000,0,0,0,1,0,0,0,0,0,0,0,50,0,0,0,12,6,2,12,0,0,1,1,42,17233,6,1,6,0,3,0,70,999,0,0,0,0,0,0,0,0,0,0,0,0,0,0,1,2,55,2,5,2,2,0,0,14,62,7,1,1,51,1,0
42,421022,1,9,1,19,11,6,26,12,1,1,0,42,3,98,809,98809,66,2005,2FWJA3CV95AV,2,F,W,J,A,3,C,V,9,5,A,V,1,1,57,01986333,5701986333,3,6,1,1,0,0,0,0,0,0,0,999,7,0,0,12,6,2,12,0,0,0,1,42,19602,6,1,6,0,3,0,73,999,0,0,0,0,0,0,0,0,0,0,0,0,0,0,5,3,45,1,1,2,1,0,0,1,50,1,1,1,20,0,0
42,421022,2,9,1,19,11,6,26,12,1,1,0,42,1,35,43,35043,4,2009,3N1AB61E19L6,3,N,1,A,B,6,1,E,1,9,L,6,0,0,0,000000000,00000000000,0,0,0,1,0,0,0,0,0,0,0,0,0,0,0,6,6,2,12,0,0,0,1,42,18049,6,1,0,0,3,0,62,999,0,0,0,0,0,0,0,0,0,0,0,0,0,0,5,3,45,1,1,2,1,0,0,5,53,1,1,1,21,1,0
42,421022,3,9,1,19,11,6,26,12,1,1,0,42,1,52,46,52046,4,2014,JA32U8FW0EU0,J,A,3,2,U,8,F,W,0,E,U,0,0,0,0,000000000,00000000000,0,0,0,1,0,0,0,0,0,0,0,0,0,0,0,6,6,2,12,0,0,0,1,42,18015,6,1,0,0,3,1,64,999,0,0,0,0,0,0,0,0,0,0,0,0,0,0,5,3,45,1,1,2,1,0,0,5,53,1,1,1,98,0,0
42,421022,4,9,1,19,11,6,26,12,1,1,0,42,1,37,402,37402,14,2008,5J6RE48508L0,5,J,6,R,E,4,8,5,0,8,L,0,0,0,0,000000000,00000000000,0,0,0,1,0,0,0,0,0,0,0,0,0,0,0,6,6,2,12,0,0,0,1,42,19601,6,1,0,0,3,0,74,999,0,0,0,0,0,0,0,0,0,0,0,0,0,0,5,3,45,1,1,2,1,0,0,5,53,1,1,1,98,0,0
42,421022,5,9,4,19,11,6,26,12,1,1,0,42,1,7,442,7442,20,2004,1D4GP24R64B5,1,D,4,G,P,2,4,R,6,4,B,5,0,0,0,000000000,00000000000,0,0,0,1,0,0,0,0,0,0,0,0,0,0,0,6,6,2,12,0,0,0,1,42,18102,6,1,0,0,3,0,68,999,0,0,0,0,0,0,0,0,0,0,0,0,0,0,5,3,45,1,1,2,1,0,0,5,53,1,1,1,98,0,0
42,421022,6,9,1,19,11,6,26,12,1,1,0,42,1,48,38,48038,6,2007,JF1GG61687H8,J,F,1,G,G,6,1,6,8,7,H,8,0,0,0,000000000,00000000000,0,0,0,1,0,0,0,0,0,0,0,0,0,0,0,6,4,5,12,0,0,0,1,42,19522,6,1,0,0,3,1,69,999,0,0,0,0,0,0,0,0,0,0,0,0,0,0,5,3,45,1,1,2,1,0,0,5,53,1,1,1,98,0,0
42,421022,7,9,1,19,11,6,26,12,1,1,0,42,1,12,481,12481,31,2010,1FTEX1E88AFA,1,F,T,E,X,1,E,8,8,A,F,A,0,0,0,000000000,00000000000,0,0,0,1,0,0,0,0,0,0,0,999,0,0,0,8,6,2,12,0,0,0,1,42,19607,6,1,0,0,3,0,67,999,0,0,0,1,0,5,2012,5,2012,0,0,0,0,0,2,3,45,1,1,2,1,0,0,1,62,1,1,1,98,0,0
42,421022,8,9,3,19,11,6,26,12,1,1,0,24,4,12,23,12023,4,2014,3FA6P0H74ER1,3,F,A,6,P,0,H,7,4,E,R,1,0,0,0,000000000,00000000000,0,0,0,1,0,0,0,0,0,0,0,0,0,0,0,82,6,2,12,0,0,0,1,18,46350,6,1,0,0,3,0,74,175,0,0,0,0,0,0,0,0,0,0,0,0,0,0,0,0,0,0,0,0,0,0,0,98,98,1,1,5,98,0,0
42,421022,9,9,1,19,11,6,26,12,1,1,0,42,1,12,402,12402,14,2008,1FMCU93198KA,1,F,M,C,U,9,3,1,9,8,K,A,0,0,0,000000000,00000000000,0,0,0,1,0,0,0,0,0,0,0,0,0,0,0,3,6,2,31,0,0,0,1,42,19562,6,1,0,0,3,0,65,999,0,0,0,0,0,0,0,0,0,0,0,0,0,0,0,0,0,0,0,0,0,0,0,98,98,1,1,5,98,1,0
42,421023,1,2,1,19,11,17,25,35,0,1,0,42,1,7,461,7461,21,1997,2B4HB25Y3VK5,2,B,4,H,B,2,5,Y,3,V,K,5,0,0,0,000000000,00000000000,0,0,0,1,0,0,0,0,0,0,0,40,0,1,5,11,6,2,1,0,0,0,1,42,16406,6,1,0,0,3,0,68,999,1,0,0,0,1,9,2013,10,2013,4,28,0,0,0,1,2,55,1,6,2,3,0,0,1,6,1,9,4,7,1,0
42,421023,2,2,1,19,11,17,25,35,0,1,0,42,1,12,481,12481,31,2010,1FTFW1E81AFB,1,F,T,F,W,1,E,8,1,A,F,B,0,0,0,000000000,00000000000,0,0,0,1,0,0,0,0,0,0,0,40,0,0,0,11,2,5,12,0,0,0,1,42,16406,6,1,0,0,3,0,69,999,0,0,0,0,0,0,0,0,0,0,0,0,0,0,1,2,55,1,3,2,3,0,0,1,50,7,1,1,98,0,0
42,421024,1,2,2,20,11,17,10,12,2,1,0,42,1,20,37,20037,4,1998,1G1NE52M3WY1,1,G,1,N,E,5,2,M,3,W,Y,1,0,0,0,000000000,00000000000,0,0,0,1,0,0,0,0,0,0,0,55,0,0,0,12,6,2,12,0,0,0,1,42,17257,6,1,0,0,3,0,68,999,0,0,0,0,0,0,0,0,0,0,28,35,0,0,1,2,45,2,1,2,1,0,0,6,10,1,1,2,50,0,0
42,421024,2,2,1,20,11,17,10,12,2,1,0,42,1,7,20,7020,4,2001,1B3AS46C01D1,1,B,3,A,S,4,6,C,0,1,D,1,0,0,0,000000000,00000000000,0,0,0,1,0,0,0,0,0,0,0,55,0,0,0,12,6,2,12,0,0,0,1,42,17202,6,1,6,0,3,0,66,999,0,0,0,0,2,8,2012,8,2013,0,0,0,0,0,1,2,45,3,1,2,1,0,0,14,62,1,1,1,51,1,0
42,421025,1,2,1,24,11,3,0,12,7,1,0,42,6,14,402,14402,14,2011,4M2CN8H73BKJ,4,M,2,C,N,8,H,7,3,B,K,J,0,0,0,000000000,00000000000,0,0,0,1,0,0,0,0,0,0,0,0,0,0,0,7,4,3,12,0,0,0,0,0,99997,7,6,97,7,6,7,998,997,998,998,998,998,998,98,9998,98,9998,8,20,0,0,0,3,3,55,3,1,2,2,0,0,0,53,0,0,0,48,0,0
42,421025,2,2,1,24,11,3,0,12,7,1,0,42,3,12,461,12461,29,2006,1FCKE39L26DA,1,F,C,K,E,3,9,L,2,6,D,A,0,0,0,000000000,00000000000,0,0,0,1,0,0,0,0,0,0,0,50,0,0,0,2,4,3,8,0,0,0,1,10,19720,6,1,0,0,3,0,70,300,0,0,0,0,0,0,0,0,0,0,0,0,0,0,3,3,55,3,1,2,2,0,0,14,50,8,1,1,48,0,0
42,421026,1,1,1,24,11,15,1,35,0,1,0,42,1,37,705,37705,80,1985,JH2RC1303FM2,J,H,2,R,C,1,3,0,3,F,M,2,0,0,0,000000000,00000000000,0,0,0,1,0,0,0,0,0,0,0,55,0,0,0,12,6,2,35,0,0,0,1,42,16686,6,1,6,0,3,0,67,999,0,0,0,0,0,0,0,0,0,0,58,0,0,0,1,2,55,3,1,2,1,0,0,14,9,99,9,4,2,1,0
42,421027,1,2,1,25,11,10,49,12,6,1,0,42,1,6,43,6043,4,2004,1C3EL46X74N2,1,C,3,E,L,4,6,X,7,4,N,2,0,0,0,000000000,00000000000,0,0,0,1,0,0,0,0,0,0,0,999,0,0,0,12,6,2,12,0,0,0,1,42,15530,6,1,0,0,3,1,64,999,0,1,0,0,0,10,2013,10,2013,0,39,0,0,0,1,2,55,1,1,2,1,20,3,1,17,99,1,1,88,0,0
42,421027,2,2,1,25,11,10,49,12,6,1,0,42,1,12,35,12035,4,1995,1FALP6532SK1,1,F,A,L,P,6,5,3,2,S,K,1,0,0,0,000000000,00000000000,0,0,0,1,0,0,0,0,0,0,0,999,0,0,0,9,6,2,12,0,0,0,1,42,15560,6,1,0,0,3,3,63,999,0,0,0,0,0,0,0,0,0,0,0,0,0,0,1,2,55,1,1,2,1,0,0,1,66,99,1,1,89,1,0
42,421028,1,1,1,25,11,10,50,8,0,1,0,42,2,2,404,2404,14,2001,1J4GW48SX1C7,1,J,4,G,W,4,8,S,X,1,C,7,0,0,0,000000000,00000000000,0,0,0,1,0,0,0,0,0,0,0,25,0,0,0,12,2,3,8,0,0,0,1,42,18231,6,1,0,0,3,1,68,999,0,0,0,0,0,0,0,0,0,0,99,99,99,99,1,2,25,1,1,2,1,1,3,1,80,2,1,1,13,0,0
42,421029,1,2,1,25,11,16,6,12,2,1,0,42,2,35,47,35047,4,2005,1N4AL11D75C1,1,N,4,A,L,1,1,D,7,5,C,1,0,0,0,000000000,00000000000,0,0,0,1,0,0,0,0,0,0,0,45,0,0,0,12,6,2,12,0,0,0,1,42,15729,6,1,0,0,3,3,72,999,0,0,0,0,0,0,0,0,0,0,28,0,0,0,1,2,55,2,6,2,1,0,0,14,10,1,1,2,50,0,0
42,421029,2,2,2,25,11,16,6,12,2,1,0,42,1,20,404,20404,14,2007,2CNDL23F6762,2,C,N,D,L,2,3,F,6,7,6,2,0,0,0,000000000,00000000000,0,0,0,1,0,0,0,0,0,0,0,25,0,0,0,12,6,2,12,0,0,0,1,42,15724,6,1,0,0,3,0,72,999,0,0,0,0,0,0,0,0,0,0,0,0,0,0,1,2,55,3,5,2,1,0,0,14,62,1,1,1,51,1,0
42,421030,1,1,1,27,11,3,30,8,0,1,0,42,1,35,51,35051,6,2014,JN8AS5MV8EW7,J,N,8,A,S,5,M,V,8,E,W,7,0,0,0,000000000,00000000000,0,0,0,1,0,0,0,0,0,0,0,998,0,0,0,11,9,5,8,0,0,0,1,42,19126,6,1,0,0,3,0,66,999,0,0,0,0,0,0,0,0,0,0,0,0,0,0,1,2,98,1,1,2,1,0,0,1,80,9,1,1,13,0,0
42,421031,1,2,1,27,11,15,15,12,6,1,0,42,3,12,401,12401,14,2013,1FM5K8AR4DGB,1,F,M,5,K,8,A,R,4,D,G,B,0,0,0,000000000,00000000000,0,0,0,1,0,0,0,0,0,5,0,40,0,0,0,12,6,2,12,0,0,0,1,42,16411,6,1,0,0,3,0,73,999,3,0,0,0,3,2,2012,9,2014,0,16,0,0,0,4,3,25,1,1,2,2,3,3,1,66,1,1,1,86,0,0