STATE,ST_CASE,VEH_NO,VE_FORMS,NUMOCCS,DAY,MONTH,HOUR,MINUTE,HARM_EV,MAN_COLL,UNITTYPE,HIT_RUN,REG_STAT,OWNER,MAKE,MODEL,MAK_MOD,BODY_TYP,MOD_YEAR,VIN,VIN_1,VIN_2,VIN_3,VIN_4,VIN_5,VIN_6,VIN_7,VIN_8,VIN_9,VIN_10,VIN_11,VIN_12,TOW_VEH,J_KNIFE,MCARR_I1,MCARR_I2,MCARR_ID,GVWR,V_CONFIG,CARGO_BT,HAZ_INV,HAZ_PLAC,HAZ_ID,HAZ_CNO,HAZ_REL,BUS_USE,SPEC_USE,EMER_USE,TRAV_SP,UNDERIDE,ROLLOVER,ROLINLOC,IMPACT1,DEFORMED,TOWED,M_HARM,VEH_SC1,VEH_SC2,FIRE_EXP,DR_PRES,L_STATE,DR_ZIP,L_STATUS,L_TYPE,CDL_STAT,L_ENDORS,L_COMPL,L_RESTRI,DR_HGT,DR_WGT,PREV_ACC,PREV_SUS,PREV_DWI,PREV_SPD,PREV_OTH,FIRST_MO,FIRST_YR,LAST_MO,LAST_YR,SPEEDREL,DR_SF1,DR_SF2,DR_SF3,DR_SF4,VTRAFWAY,VNUM_LAN,VSPD_LIM,VALIGN,VPROFILE,VPAVETYP,VSURCOND,VTRAFCON,VTCONT_F,P_CRASH1,P_CRASH2,P_CRASH3,PCRASH4,PCRASH5,ACC_TYPE,DEATHS,DR_DRINK
44,440001,1,1,1,17,1,6,54,15,0,1,0,44,1,49,471,49471,30,1986,JT4RN55R0G01,J,T,4,R,N,5,5,R,0,G,0,1,0,0,0,000000000,00000000000,0,0,0,1,0,0,0,0,0,0,0,25,0,0,0,1,4,5,15,0,0,0,1,44,2842,6,1,0,0,3,0,71,175,0,0,0,0,0,0,0,0,0,9,38,0,0,0,1,2,25,1,1,2,2,98,3,1,80,1,1,1,13,0,0
44,440002,1,1,1,23,1,14,13,8,0,1,0,44,1,12,481,12481,31,2004,1FTNF21L54EB,1,F,T,N,F,2,1,L,5,4,E,B,0,0,0,000000000,00000000000,0,0,0,1,0,0,0,0,0,0,0,998,0,0,0,1,0,3,8,0,0,0,1,44,2822,6,1,0,0,3,3,73,250,0,0,0,0,0,0,0,0,0,0,38,0,0,0,1,2,25,1,1,1,2,98,3,1,80,1,1,1,13,0,0
44,440003,1,1,1,26,1,17,14,31,0,1,0,44,1,12,17,12017,4,2003,1FAFP55S03A1,1,F,A,F,P,5,5,S,0,3,A,1,0,0,0,000000000,00000000000,0,0,0,1,0,0,0,0,0,0,0,40,0,0,0,12,6,2,42,0,0,0,1,44,2816,6,1,0,0,3,3,63,160,0,0,0,0,0,0,0,0,0,9,0,0,0,0,1,2,40,1,1,2,1,0,0,1,9,1,2,4,2,1,0
44,440004,1,1,1,3,2,18,16,8,0,1,1,44,1,37,31,37031,4,2005,2HGES16395H5,2,H,G,E,S,1,6,3,9,5,H,5,0,0,0,000000000,00000000000,0,0,0,1,0,0,0,0,0,0,0,998,0,0,0,98,8,5,8,0,0,0,1,44,2904,6,1,0,0,3,0,69,210,0,0,0,0,0,0,0,0,0,0,86,87,0,0,1,2,25,1,1,2,3,0,0,1,80,1,1,1,13,0,0
44,440005,1,1,1,19,2,11,49,53,0,1,0,44,1,23,481,23481,31,2002,1GTEK14V92E2,1,G,T,E,K,1,4,V,9,2,E,2,0,0,0,000000000,00000000000,0,0,0,1,0,0,0,0,0,0,0,999,0,0,0,12,0,3,53,0,0,0,1,44,2816,6,1,0,0,3,3,68,185,0,0,0,0,0,0,0,0,0,0,87,0,0,0,1,2,25,1,1,5,11,0,0,99,98,99,1,4,98,1,0
44,440006,1,2,3,28,2,3,4,12,2,1,0,44,2,20,404,20404,14,2013,2GNFLCEK2D61,2,G,N,F,L,C,E,K,2,D,6,1,0,0,0,000000000,00000000000,0,0,0,1,0,0,0,0,0,0,0,59,0,0,0,12,6,2,12,0,0,0,1,44,2915,6,1,0,0,3,3,64,155,0,0,0,0,0,0,0,0,0,0,0,0,0,0,3,3,55,2,8,2,1,0,0,14,54,1,1,1,53,1,0
44,440006,2,2,1,28,2,3,4,12,2,1,0,44,2,37,31,37031,4,2006,2HGFA16506H5,2,H,G,F,A,1,6,5,0,6,H,5,0,0,0,000000000,00000000000,0,0,0,1,0,0,0,0,0,0,0,998,0,0,0,12,6,2,12,0,0,0,1,44,2901,6,1,0,0,3,3,61,97,0,0,0,0,0,0,0,0,0,0,50,0,0,0,3,3,55,3,8,2,1,0,0,14,54,1,1,1,53,0,1
44,440007,1,1,1,13,3,7,33,38,0,1,0,44,2,12,473,12473,30,2006,1FMEU74EX6UA,1,F,M,E,U,7,4,E,X,6,U,A,0,0,0,000000000,00000000000,0,0,0,1,0,0,0,0,0,0,0,998,0,0,0,11,4,3,38,0,0,0,1,44,2919,6,1,0,0,3,3,64,150,0,0,0,0,0,0,0,0,0,0,0,0,0,0,1,2,15,1,1,2,3,0,0,1,12,1,9,4,6,1,0
44,440008,1,2,1,2,4,17,23,12,2,1,0,44,1,12,37,12037,4,2013,1FADP3J24DL2,1,F,A,D,P,3,J,2,4,D,L,2,0,0,0,000000000,00000000000,0,0,0,1,0,0,0,0,0,0,0,58,0,0,0,12,6,2,12,0,0,0,1,44,2888,6,1,0,0,3,0,55,133,0,0,0,0,0,0,0,0,0,0,50,0,0,0,3,2,55,1,3,2,1,0,0,1,54,1,1,1,53,1,0
44,440008,2,2,1,2,4,17,23,12,2,1,0,44,1,23,481,23481,31,2008,1GTHK23678F2,1,G,T,H,K,2,3,6,7,8,F,2,0,0,0,000000000,00000000000,0,0,0,1,0,0,0,0,0,0,0,50,0,0,0,12,6,2,12,0,0,0,1,44,2830,6,1,6,0,3,0,68,175,0,0,0,0,0,0,0,0,0,0,0,0,0,0,3,2,55,1,3,2,1,0,0,1,54,1,1,1,53,0,0
44,440009,1,1,1,10,4,16,19,35,0,1,0,92,0,98,398,98398,9,9999,999999999999,9,9,9,9,9,9,9,9,9,9,9,9,0,0,0,000000000,00000000000,0,0,0,1,0,0,0,0,0,0,0,51,0,0,0,98,6,2,19,35,0,0,1,44,2837,6,1,0,0,3,3,70,230,0,0,0,1,0,9,2013,9,2013,3,28,0,0,0,9,8,98,1,1,2,1,0,0,98,8,1,7,4,15,1,0
44,440011,1,2,1,13,4,21,3,12,7,1,0,44,2,24,5,24005,4,2000,1G8JU52F2YY6,1,G,8,J,U,5,2,F,2,Y,Y,6,0,0,0,000000000,00000000000,0,0,0,1,0,0,0,0,0,0,0,64,0,1,6,4,6,2,1,0,0,0,1,44,2816,6,1,0,0,3,3,62,115,0,0,0,0,0,0,0,0,0,0,28,0,0,0,3,4,55,1,1,2,1,0,0,15,11,1,1,2,46,1,1
44,440011,2,2,2,13,4,21,3,12,7,1,0,44,2,35,39,35039,4,2005,1N4BA41E55C8,1,N,4,B,A,4,1,E,5,5,C,8,0,0,0,000000000,00000000000,0,0,0,1,0,0,0,0,0,0,0,998,0,0,0,10,6,2,12,0,0,0,1,44,2865,6,1,8,0,3,0,72,195,0,0,0,0,0,0,0,0,0,9,0,0,0,0,3,4,55,1,1,2,1,0,0,1,61,1,1,1,45,0,0
44,440012,1,1,1,2,5,21,27,35,0,1,0,44,1,53,705,53705,80,2001,JS1GN7BA1121,J,S,1,G,N,7,B,A,1,1,2,1,0,0,0,000000000,00000000000,0,0,0,1,0,0,0,0,0,0,0,999,0,0,0,12,6,2,30,0,0,0,1,44,2910,6,1,0,0,2,0,68,130,0,0,0,0,0,0,0,0,0,3,52,0,0,0,1,2,25,3,5,2,1,0,0,14,13,1,1,4,1,1,0
44,440013,1,1,1,13,5,11,37,33,0,1,0,44,1,35,39,35039,4,2002,JN1DA31A82T3,J,N,1,D,A,3,1,A,8,2,T,3,0,0,0,000000000,00000000000,0,0,0,1,0,0,0,0,0,0,0,40,0,0,0,1,6,2,42,0,0,0,1,44,2826,6,1,0,0,3,0,61,115,1,0,0,0,0,9,2012,9,2012,0,0,0,0,0,1,2,35,2,5,2,1,0,0,14,13,1,9,4,2,1,0
44,440014,1,1,1,21,5,19,47,33,0,1,0,44,2,53,705,53705,80,2001,JS1GN79A1121,J,S,1,G,N,7,9,A,1,1,2,1,0,0,0,000000000,00000000000,0,0,0,1,0,0,0,0,0,0,0,50,0,0,0,12,6,2,30,0,0,0,1,44,2889,6,1,6,0,3,0,71,235,0,0,0,0,0,0,0,0,0,3,79,0,0,0,1,2,35,3,1,2,1,0,0,14,9,99,9,4,16,1,1
44,440015,1,1,1,23,5,18,16,53,0,1,0,44,1,55,36,55036,3,2010,KMHCM3AC4AU1,K,M,H,C,M,3,A,C,4,A,U,1,0,0,0,000000000,00000000000,0,0,0,1,0,0,0,0,0,0,0,999,0,1,5,12,6,2,30,0,0,0,1,44,2816,6,1,0,0,3,0,69,145,0,0,0,0,0,0,0,0,0,9,0,0,0,0,1,2,30,1,1,2,1,0,0,1,13,1,1,4,1,1,1
44,440016,1,1,1,28,5,13,28,8,0,1,0,44,3,92,981,92981,52,2011,15GGD3015B11,1,5,G,G,D,3,0,1,5,B,1,1,0,0,88,888888888,88888888888,2,21,22,1,0,0,0,0,6,3,0,999,0,0,0,12,0,3,8,0,0,0,1,44,2920,6,1,6,1,3,3,64,200,2,0,0,0,0,9,2012,5,2013,0,38,0,0,0,4,2,25,1,1,2,1,3,3,11,80,1,1,2,13,0,0
44,440017,1,1,1,7,6,1,43,30,0,1,0,44,1,53,705,53705,80,2003,JS1GR7HA1321,J,S,1,G,R,7,H,A,1,3,2,1,0,0,0,000000000,00000000000,0,0,0,1,0,0,0,0,0,0,0,999,0,0,0,12,6,2,38,0,0,0,1,44,2883,6,1,0,0,3,3,70,230,0,0,0,1,1,2,2012,4,2012,3,6,0,0,0,1,2,25,2,1,2,1,0,0,14,6,1,9,4,7,1,1
44,440018,1,1,1,19,6,0,0,24,0,1,0,44,1,72,706,72706,80,1988,1HD1EBL17JY1,1,H,D,1,E,B,L,1,7,J,Y,1,0,0,0,000000000,00000000000,0,0,0,1,0,0,0,0,0,0,0,998,0,0,0,1,6,2,5,0,0,0,1,44,2878,6,1,0,0,3,3,73,230,0,0,0,0,0,0,0,0,0,9,0,0,0,0,1,2,25,2,5,2,1,0,0,14,13,1,5,4,2,1,1
44,440019,1,1,3,19,6,0,38,33,0,1,0,44,1,37,31,37031,4,1996,2HGEJ6627TH5,2,H,G,E,J,6,6,2,7,T,H,5,0,0,0,000000000,00000000000,0,0,0,1,0,0,0,0,0,0,0,48,0,0,0,3,6,2,30,0,0,0,1,44,2904,6,1,0,0,3,0,70,155,0,0,0,0,0,0,0,0,0,5,33,51,0,0,1,2,35,1,1,2,1,0,0,1,13,1,9,4,5,1,1
44,440020,1,1,1,27,6,1,18,33,0,1,0,44,0,53,705,53705,80,2006,JS1GN7DA1621,J,S,1,G,N,7,D,A,1,6,2,1,0,0,0,000000000,00000000000,0,0,0,1,0,0,0,0,0,0,0,63,0,0,0,12,6,2,33,0,0,0,1,44,2920,6,1,0,0,3,0,66,142,1,0,0,0,1,5,2012,8,2012,3,0,0,0,0,6,2,55,1,1,2,1,0,0,1,12,4,9,4,10,1,1
44,440021,1,1,1,31,5,21,10,8,0,1,0,44,1,49,472,49472,30,2006,5TENX22N06Z3,5,T,E,N,X,2,2,N,0,6,Z,3,0,0,0,000000000,00000000000,0,0,0,1,0,0,0,0,0,0,0,33,0,0,0,12,6,2,8,0,0,0,1,44,2886,6,1,0,0,3,0,70,230,0,0,0,0,0,0,0,0,0,0,0,0,0,0,1,4,30,1,5,2,1,0,0,1,80,1,1,1,13,0,0
44,440022,1,1,1,24,6,17,52,8,0,1,0,44,1,19,21,19021,4,2008,1G6DW67V1802,1,G,6,D,W,6,7,V,1,8,0,2,0,0,0,000000000,00000000000,0,0,0,1,0,0,0,0,0,0,0,998,0,0,0,11,2,5,8,0,0,0,1,44,2919,6,1,8,0,3,0,71,240,0,0,0,0,0,0,0,0,0,9,0,0,0,0,0,0,0,0,0,0,0,0,0,1,80,1,1,1,13,0,0
44,440023,1,1,1,21,5,23,15,8,0,1,0,9,2,30,40,30040,4,2009,3VWJM71K89M1,3,V,W,J,M,7,1,K,8,9,M,1,0,0,0,000000000,00000000000,0,0,0,1,0,0,0,0,0,0,0,60,0,0,0,12,6,2,8,0,0,0,1,9,6379,9,9,99,9,9,9,999,999,99,99,99,99,99,99,9999,99,9999,0,0,0,0,0,3,2,65,1,1,2,1,0,0,1,80,4,1,1,13,0,0
44,440024,1,1,2,9,7,21,26,1,0,1,0,25,1,48,38,48038,6,2002,JF1GG296X2G8,J,F,1,G,G,2,9,6,X,2,G,8,0,0,0,000000000,00000000000,0,0,0,1,0,0,0,0,0,0,0,100,0,1,5,0,6,2,1,0,0,0,1,25,2019,6,1,0,0,3,9,68,999,1,0,0,0,0,8,2012,8,2012,2,36,0,0,0,3,2,50,3,1,2,1,98,3,14,13,1,5,4,2,1,0
44,440025,1,2,1,17,7,12,46,12,6,1,0,25,3,20,471,20471,30,1992,1GBCS10A4N29,1,G,B,C,S,1,0,A,4,N,2,9,0,0,0,000000000,00000000000,0,0,0,1,0,0,0,0,0,0,0,998,0,0,0,62,8,3,12,0,0,0,1,25,2726,6,1,0,0,3,3,66,999,0,0,0,0,0,0,0,0,0,0,38,0,0,0,2,4,35,1,1,2,1,20,3,11,55,1,1,1,82,0,0
44,440025,2,2,1,17,7,12,46,12,6,1,0,44,1,72,706,72706,80,2007,1HD1JD5197Y0,1,H,D,1,J,D,5,1,9,7,Y,0,0,0,0,000000000,00000000000,0,0,0,1,0,0,0,0,0,0,0,35,0,0,0,12,6,2,12,0,0,0,1,44,2857,6,1,0,0,3,3,71,180,0,0,0,0,0,0,0,0,0,0,0,0,0,0,2,4,35,1,1,2,1,0,0,1,66,4,2,1,83,1,0
44,440026,1,1,1,23,7,1,49,42,0,1,0,9,1,12,481,12481,31,2011,1FT7W2BT1BEA,1,F,T,7,W,2,B,T,1,B,E,A,0,0,0,000000000,00000000000,0,0,0,1,0,0,0,0,0,0,0,999,0,1,5,11,6,2,1,0,0,0,1,9,6377,9,9,99,9,9,9,999,999,99,99,99,99,99,99,9999,99,9999,9,28,0,0,0,1,2,45,1,1,2,1,0,0,1,12,1,9,4,7,1,1
44,440027,1,1,1,23,7,23,9,24,0,1,0,44,2,55,35,55035,4,2004,KMHDN46D14U7,K,M,H,D,N,4,6,D,1,4,U,7,0,0,0,000000000,00000000000,0,0,0,1,0,0,0,0,0,0,0,999,0,0,0,11,6,2,24,0,0,0,1,44,2886,6,1,0,0,3,0,63,135,3,0,0,1,2,8,2013,3,2014,9,0,0,0,0,6,1,25,2,6,2,2,0,0,10,12,1,9,4,7,1,1
44,440028,1,1,2,10,8,15,50,42,0,1,0,44,1,49,402,49402,14,2007,JTMBK33V5750,J,T,M,B,K,3,3,V,5,7,5,0,0,0,0,000000000,00000000000,0,0,0,1,0,0,0,0,0,0,0,999,0,0,0,12,6,2,42,0,0,0,1,44,2879,6,1,0,0,3,3,68,150,0,0,0,0,0,0,0,0,0,0,0,0,0,0,3,4,50,3,5,2,1,0,0,14,13,1,9,4,2,1,0
44,440029,1,1,3,2,8,21,29,8,0,1,1,44,2,12,402,12402,14,2013,1FMCU9H95DUA,1,F,M,C,U,9,H,9,5,D,U,A,0,0,0,000000000,00000000000,0,0,0,1,0,0,0,0,0,0,0,998,0,0,0,12,0,5,8,0,0,0,1,36,11572,6,1,0,0,3,3,67,999,0,0,0,0,1,11,2011,11,2011,9,0,0,0,0,3,2,25,1,6,2,1,0,0,1,80,99,9,1,13,0,0
44,440030,1,1,1,7,9,22,59,42,0,1,0,44,2,49,32,49032,4,1998,2T1BR18E0WC0,2,T,1,B,R,1,8,E,0,W,C,0,0,0,0,000000000,00000000000,0,0,0,1,0,0,0,0,0,0,0,76,0,0,0,9,6,2,42,0,0,1,1,44,2879,6,1,0,0,3,0,75,170,0,0,0,1,0,4,2014,4,2014,3,0,0,0,0,3,2,50,2,1,2,1,0,0,14,6,7,2,4,2,1,1
44,440031,1,2,1,11,9,21,40,12,7,1,0,44,2,73,706,73706,80,2007,JKAZXCD197A0,J,K,A,Z,X,C,D,1,9,7,A,0,0,0,0,000000000,00000000000,0,0,0,1,0,0,0,0,0,0,0,40,0,0,0,10,6,2,12,0,0,0,1,25,2726,6,1,0,0,3,0,68,999,0,0,0,1,0,1,2013,1,2013,3,53,82,0,0,3,2,30,1,1,2,1,0,0,1,14,3,9,1,98,1,0
44,440031,2,2,1,11,9,21,40,12,7,1,0,44,2,19,23,19023,4,2013,2G61R5S31D91,2,G,6,1,R,5,S,3,1,D,9,1,0,0,0,000000000,00000000000,0,0,0,1,0,0,0,0,0,0,0,998,0,0,0,10,2,5,12,0,0,0,1,44,2921,6,1,0,0,3,0,72,190,0,0,0,0,0,0,0,0,0,0,0,0,0,0,3,2,30,1,1,2,1,0,0,15,60,1,1,1,98,0,0
44,440032,1,1,2,18,9,19,6,8,0,1,0,44,1,49,32,49032,4,2011,2T1BU4EE8BC6,2,T,1,B,U,4,E,E,8,B,C,6,0,0,0,000000000,00000000000,0,0,0,1,0,0,0,0,0,0,0,32,0,0,0,11,4,3,8,0,0,0,1,44,2919,6,1,0,0,3,3,69,159,0,0,0,0,0,0,0,0,0,0,0,0,0,0,1,3,30,1,5,2,1,0,0,1,80,9,1,1,13,0,0
44,440033,1,1,1,25,9,13,43,8,0,1,0,44,1,48,34,48034,4,2014,4S3BMBH62E30,4,S,3,B,M,B,H,6,2,E,3,0,0,0,0,000000000,00000000000,0,0,0,1,0,0,0,0,0,0,0,32,0,0,0,12,2,5,8,0,0,0,1,44,2891,6,1,0,0,3,3,68,175,0,0,0,0,0,0,0,0,0,0,0,0,0,0,1,2,25,1,1,2,2,0,0,1,80,1,1,1,13,0,0
44,440034,1,1,1,26,9,3,54,24,0,1,0,48,3,51,898,51898,66,2006,4V4NC9GH36N4,4,V,4,N,C,9,G,H,3,6,N,4,1,1,57,0184164,570184164,3,6,1,1,0,0,0,0,0,0,0,998,0,9,6,11,6,2,42,0,0,0,1,19,50325,6,1,6,0,3,0,66,190,0,0,0,0,2,5,2013,5,2013,9,28,0,0,0,2,2,30,1,1,2,2,0,0,1,6,1,9,4,7,1,0
44,440035,1,2,1,18,10,11,0,12,6,1,0,44,3,49,472,49472,30,2011,5TFTX4CN1BX0,5,T,F,T,X,4,C,N,1,B,X,0,0,0,0,000000000,00000000000,0,0,0,1,0,0,0,0,0,0,0,998,0,0,0,5,6,2,12,0,0,0,1,44,2816,6,1,0,0,3,3,64,165,0,0,0,0,0,0,0,0,0,0,27,0,0,0,3,4,55,1,1,2,1,0,0,15,51,1,1,2,46,0,0
44,440035,2,2,2,18,10,11,0,12,6,1,0,44,1,72,706,72706,80,2012,1HD1GV410CC3,1,H,D,1,G,V,4,1,0,C,C,3,0,0,0,000000000,00000000000,0,0,0,1,0,0,0,0,0,0,0,998,0,0,0,12,4,3,12,0,0,0,1,44,2886,6,1,8,0,3,0,74,250,1,0,0,0,0,11,2012,11,2012,0,84,0,0,0,3,4,55,1,1,2,1,0,0,1,60,3,2,1,45,1,0
44,440036,1,1,1,19,10,15,26,8,0,1,0,44,1,41,50,41050,4,2014,JM1GJ1W54E11,J,M,1,G,J,1,W,5,4,E,1,1,0,0,0,000000000,00000000000,0,0,0,1,0,0,0,0,0,0,0,998,0,0,0,1,4,3,8,0,0,0,1,44,2871,6,1,0,0,3,0,62,140,1,0,0,0,1,2,2013,9,2013,9,28,0,0,0,1,2,15,1,1,2,1,0,0,1,80,1,1,1,13,0,0
44,440037,1,1,1,20,10,12,57,42,0,1,0,44,1,12,21,12021,4,2005,1FAFP24155G1,1,F,A,F,P,2,4,1,5,5,G,1,0,0,0,000000000,00000000000,0,0,0,1,0,0,0,0,0,0,0,998,0,0,0,12,4,3,42,0,0,0,1,44,2920,6,1,0,0,3,0,66,200,0,0,0,0,0,0,0,0,0,9,0,0,0,0,1,2,25,1,1,2,1,0,0,1,6,1,9,4,1,1,0
44,440038,1,1,1,21,10,9,51,33,0,1,0,44,1,18,2,18002,4,1998,1G4HP52K5WH4,1,G,4,H,P,5,2,K,5,W,H,4,0,0,0,000000000,00000000000,0,0,0,1,0,0,0,0,0,0,0,998,0,0,0,12,6,2,30,0,0,0,1,44,2908,6,1,0,0,3,0,55,140,0,0,0,0,0,0,0,0,0,9,0,0,0,0,1,2,25,1,1,2,2,0,0,10,6,1,9,4,1,1,0
44,440039,1,1,1,7,11,17,1,8,0,1,0,44,1,42,48,42048,4,2011,WDDHF8HB9BA3,W,D,D,H,F,8,H,B,9,B,A,3,0,0,0,000000000,00000000000,0,0,0,1,0,0,0,0,0,0,0,999,0,0,0,1,4,5,8,0,0,0,1,44,2889,3,1,0,0,2,0,72,215,0,0,0,0,0,0,0,0,0,0,0,0,0,0,1,4,35,1,1,2,1,98,3,1,80,1,1,1,13,0,0
44,440040,1,2,1,8,11,23,29,12,6,1,1,44,2,37,31,37031,2,1997,1HGEJ7124VL0,1,H,G,E,J,7,1,2,4,V,L,0,0,0,0,000000000,00000000000,0,0,0,1,0,0,0,0,0,0,0,998,0,0,0,1,4,3,12,0,0,0,1,44,2909,0,0,0,0,0,0,999,999,99,99,99,99,99,99,9999,99,9999,0,38,0,0,0,1,2,25,1,1,2,1,0,0,11,55,1,1,1,68,0,0
44,440040,2,2,1,8,11,23,29,12,6,1,0,19,0,73,706,73706,80,1998,JKAZX2C1XWA0,J,K,A,Z,X,2,C,1,X,W,A,0,0,0,0,000000000,00000000000,0,0,0,1,0,0,0,0,0,0,0,998,0,0,0,11,6,2,12,0,0,0,1,44,2909,6,1,0,0,3,3,73,203,0,0,0,0,0,0,0,0,0,0,0,0,0,0,1,2,25,1,1,2,1,0,0,1,67,1,1,1,69,1,1
44,440041,1,1,1,10,11,18,50,35,0,1,0,0,0,98,739,98739,90,2007,4UF07ATV27T2,4,U,F,0,7,A,T,V,2,7,T,2,0,0,0,000000000,00000000000,0,0,0,1,0,0,0,0,0,0,0,998,0,9,1,11,2,3,1,0,0,0,1,44,2804,6,1,0,0,9,0,71,200,0,0,0,0,0,0,0,0,0,9,0,0,0,0,1,2,25,2,1,2,1,0,0,14,9,99,9,9,16,1,1
44,440042,1,2,1,26,11,12,5,12,6,1,0,44,1,49,32,49032,4,2005,2T1BR32E95C4,2,T,1,B,R,3,2,E,9,5,C,4,0,0,0,000000000,00000000000,0,0,0,1,0,0,0,0,0,0,0,998,0,0,0,12,6,2,12,0,0,0,1,44,2888,6,1,0,0,3,3,69,253,0,0,0,3,0,7,2012,9,2014,5,87,0,0,0,1,2,50,1,5,2,3,0,0,1,62,1,1,1,65,0,0
44,440042,2,2,1,26,11,12,5,12,6,1,0,44,1,37,39,37039,5,2007,JHMGD37627S0,J,H,M,G,D,3,7,6,2,7,S,0,0,0,0,000000000,00000000000,0,0,0,1,0,0,0,0,0,0,0,999,0,0,0,5,6,2,12,0,0,0,1,44,2901,6,1,0,0,3,3,71,125,0,0,0,0,0,0,0,0,0,0,87,28,0,0,1,2,50,1,6,2,3,0,0,1,54,1,3,2,64,1,0
44,440043,1,1,1,18,11,18,41,8,0,1,0,44,2,37,32,37032,4,2002,JHMCG66812C0,J,H,M,C,G,6,6,8,1,2,C,0,0,0,0,000000000,00000000000,0,0,0,1,0,0,0,0,0,0,0,998,0,0,0,12,4,3,8,0,0,0,1,44,2895,6,1,0,0,3,0,66,127,0,0,0,0,0,0,0,0,0,0,0,0,0,0,1,2,25,1,1,2,1,0,0,1,80,1,1,1,13,0,0
44,440044,1,3,3,27,11,21,45,12,7,1,0,44,2,49,46,49046,6,2014,JTDZN3EU5E33,J,T,D,Z,N,3,E,U,5,E,3,3,0,0,0,000000000,00000000000,0,0,0,1,0,0,0,0,0,0,0,56,0,0,0,12,6,2,12,0,0,0,1,44,2871,6,1,0,0,3,0,68,180,0,0,0,0,0,0,0,0,0,0,0,0,0,0,2,2,55,1,1,2,2,0,0,1,62,1,1,1,98,0,0
44,440044,2,3,1,27,11,21,45,12,7,1,0,44,1,23,401,23401,14,2004,1GKDT13S9421,1,G,K,D,T,1,3,S,9,4,2,1,0,0,0,000000000,00000000000,0,0,0,1,0,0,0,0,0,0,0,998,0,0,0,10,6,2,12,0,0,0,1,44,2812,6,1,0,0,3,0,74,205,0,1,0,0,0,12,2011,12,2011,9,0,0,0,0,2,2,55,1,1,2,2,0,0,1,60,4,1,1,45,0,0
44,440044,3,3,1,27,11,21,45,12,7,1,0,44,1,23,401,23401,14,2003,1GKDT13S7322,1,G,K,D,T,1,3,S,7,3,2,2,0,0,0,000000000,00000000000,0,0,0,1,0,0,0,0,0,0,0,73,0,1,5,2,6,2,12,0,0,0,1,44,2882,6,1,0,0,3,3,72,215,1,0,0,0,0,4,2014,4,2014,3,51,0,0,0,2,2,55,1,1,2,2,0,0,15,5,1,2,2,46,1,1
44,440045,1,1,1,30,11,17,29,58,0,1,0,44,1,73,705,73705,80,2011,JKAKLEE13BDA,J,K,A,K,L,E,E,1,3,B,D,A,0,0,0,000000000,00000000000,0,0,0,1,0,0,0,0,0,0,0,998,0,0,0,10,2,3,58,0,0,0,1,44,2865,6,1,0,0,3,0,73,184,0,0,0,0,0,0,0,0,0,9,0,0,0,0,1,2,50,2,1,2,1,0,0,14,9,99,7,3,16,1,0
44,440046,1,1,1,1,12,17,10,8,0,1,0,25,1,24,401,24401,14,2008,3GSCL33PX8S7,3,G,S,C,L,3,3,P,X,8,S,7,0,0,0,000000000,00000000000,0,0,0,1,0,0,0,0,0,0,0,51,0,0,0,12,4,3,8,0,0,0,1,25,2886,6,1,0,0,3,0,67,999,0,0,0,1,0,7,2012,7,2012,3,0,0,0,0,1,4,35,1,5,2,1,3,3,1,80,1,1,1,13,0,0
44,440047,1,2,2,10,12,16,5,12,6,1,0,44,2,49,40,49040,4,1992,4T1VK12E1NU0,4,T,1,V,K,1,2,E,1,N,U,0,0,0,0,000000000,00000000000,0,0,0,1,0,0,0,0,0,0,0,0,0,0,0,12,6,2,12,0,0,0,1,9,2816,9,9,99,9,9,9,999,999,99,99,99,99,99,99,9999,99,9999,0,87,0,0,0,1,2,25,1,9,2,2,0,0,5,62,12,1,2,65,0,0
44,440047,2,2,1,10,12,16,5,12,6,1,0,44,1,14,37,14037,4,1997,1MELM6537VK6,1,M,E,L,M,6,5,3,7,V,K,6,0,0,0,000000000,00000000000,0,0,0,1,0,0,0,0,0,0,0,999,0,0,0,1,6,2,12,0,0,0,1,44,2886,6,1,0,0,3,0,60,160,0,0,0,0,0,0,0,0,0,9,87,0,0,0,1,2,25,1,9,2,2,0,0,1,10,1,9,2,64,1,0
44,440048,1,1,1,14,12,1,33,8,0,1,1,44,1,18,24,18024,6,2008,5GAEV23768J1,5,G,A,E,V,2,3,7,6,8,J,1,0,0,0,000000000,00000000000,0,0,0,1,0,0,0,0,0,0,0,998,0,0,0,1,4,3,8,0,0,0,1,44,2907,6,1,0,0,3,0,67,190,0,0,0,0,0,0,0,0,0,9,0,0,0,0,3,2,25,1,1,2,1,3,3,1,80,1,1,1,13,0,0
44,440049,1,2,1,22,12,3,38,12,6,1,0,44,3,85,884,85884,66,1999,1XKWDB0X5XJ8,1,X,K,W,D,B,0,X,5,X,J,8,1,1,57,661656,57661656,3,6,2,1,0,0,0,0,0,0,0,998,0,0,0,7,6,2,12,0,0,0,1,44,2919,6,1,6,0,3,3,71,194,0,0,0,0,0,0,0,0,0,0,0,0,0,0,1,2,45,1,1,2,2,0,0,11,15,1,1,1,82,0,0