STATE,ST_CASE,VEH_NO,VE_FORMS,NUMOCCS,DAY,MONTH,HOUR,MINUTE,HARM_EV,MAN_COLL,UNITTYPE,HIT_RUN,REG_STAT,OWNER,MAKE,MODEL,MAK_MOD,BODY_TYP,MOD_YEAR,VIN,VIN_1,VIN_2,VIN_3,VIN_4,VIN_5,VIN_6,VIN_7,VIN_8,VIN_9,VIN_10,VIN_11,VIN_12,TOW_VEH,J_KNIFE,MCARR_I1,MCARR_I2,MCARR_ID,GVWR,V_CONFIG,CARGO_BT,HAZ_INV,HAZ_PLAC,HAZ_ID,HAZ_CNO,HAZ_REL,BUS_USE,SPEC_USE,EMER_USE,TRAV_SP,UNDERIDE,ROLLOVER,ROLINLOC,IMPACT1,DEFORMED,TOWED,M_HARM,VEH_SC1,VEH_SC2,FIRE_EXP,DR_PRES,L_STATE,DR_ZIP,L_STATUS,L_TYPE,CDL_STAT,L_ENDORS,L_COMPL,L_RESTRI,DR_HGT,DR_WGT,PREV_ACC,PREV_SUS,PREV_DWI,PREV_SPD,PREV_OTH,FIRST_MO,FIRST_YR,LAST_MO,LAST_YR,SPEEDREL,DR_SF1,DR_SF2,DR_SF3,DR_SF4,VTRAFWAY,VNUM_LAN,VSPD_LIM,VALIGN,VPROFILE,VPAVETYP,VSURCOND,VTRAFCON,VTCONT_F,P_CRASH1,P_CRASH2,P_CRASH3,PCRASH4,PCRASH5,ACC_TYPE,DEATHS,DR_DRINK
44,440049,2,2,1,22,12,3,38,12,6,1,0,44,1,14,6,14006,4,2002,2MEFM74W92X6,2,M,E,F,M,7,4,W,9,2,X,6,0,0,0,000000000,00000000000,0,0,0,1,0,0,0,0,0,0,0,50,2,0,0,1,6,2,12,0,0,0,1,44,2857,6,1,0,0,3,3,65,135,0,0,0,0,0,0,0,0,0,0,0,0,0,0,1,2,45,1,1,2,2,0,0,1,71,1,1,1,83,1,0
44,440050,1,1,1,27,12,20,26,38,0,1,0,44,1,12,461,12461,21,1998,1FTRE1429WHB,1,F,T,R,E,1,4,2,9,W,H,B,0,0,0,000000000,00000000000,0,0,0,1,0,0,0,0,0,0,0,30,0,0,0,12,6,2,34,0,0,0,1,44,2860,6,1,0,0,3,3,71,160,0,0,0,0,0,0,0,0,0,9,0,0,0,0,0,0,0,0,0,0,0,0,0,1,13,1,1,4,5,1,0
44,440051,1,2,1,29,12,12,56,12,6,1,0,12,1,19,22,19022,4,2006,1G6KD57Y16U1,1,G,6,K,D,5,7,Y,1,6,U,1,0,0,0,000000000,00000000000,0,0,0,1,0,0,0,0,0,0,0,32,0,0,0,2,6,2,39,0,0,0,1,12,2919,6,1,6,0,3,3,67,999,0,0,0,0,0,0,0,0,0,0,0,0,0,0,1,2,30,1,5,2,1,0,0,1,66,6,1,1,69,1,0
44,440051,2,2,1,29,12,12,56,12,6,1,0,44,3,6,441,6441,20,2010,2A4RR4DE2AR3,2,A,4,R,R,4,D,E,2,A,R,3,0,0,0,000000000,00000000000,0,0,0,1,0,0,0,0,0,0,0,998,0,0,0,12,2,3,12,0,0,0,1,44,2919,6,1,0,0,3,3,63,140,0,0,0,0,0,0,0,0,0,0,38,0,0,0,1,2,30,1,5,2,1,0,0,11,55,1,1,2,68,0,0
44,440052,1,1,3,31,12,23,22,30,0,1,0,44,2,12,17,12017,4,1999,1FAFP53SXXA1,1,F,A,F,P,5,3,S,X,X,A,1,0,0,0,000000000,00000000000,0,0,0,1,0,0,0,0,0,0,0,999,0,0,0,10,6,2,30,0,0,0,1,44,2893,6,1,0,0,3,0,67,135,0,0,0,0,0,0,0,0,0,3,0,0,0,0,2,4,35,1,2,2,1,0,0,1,14,1,1,4,14,1,0
45,450001,1,1,1,1,1,2,16,8,0,1,0,45,1,12,481,12481,31,1973,F10GNR45657,F,1,0,G,N,R,4,5,6,5,7,,0,0,0,000000000,00000000000,0,0,0,1,0,0,0,0,0,0,0,45,0,0,0,2,2,3,8,0,0,0,1,45,29356,1,1,5,0,2,0,72,180,0,0,0,0,0,0,0,0,0,0,0,0,0,0,2,8,45,1,1,2,1,0,0,1,80,99,1,1,13,0,1
45,450002,1,1,4,1,1,2,15,34,0,1,0,45,2,7,402,7402,14,1999,1B4HS28Z9XF7,1,B,4,H,S,2,8,Z,9,X,F,7,0,0,0,000000000,00000000000,0,0,0,1,0,0,0,0,0,0,0,87,0,1,6,12,6,2,1,0,0,0,1,45,29678,1,1,5,0,2,0,70,165,0,3,0,1,1,5,2011,6,2012,0,0,0,0,0,1,2,55,1,1,2,1,0,0,1,13,99,1,4,1,2,1
45,450003,1,1,1,1,1,4,40,59,0,1,0,45,1,22,20,22020,4,1997,1G2WP5215VF2,1,G,2,W,P,5,2,1,5,V,F,2,0,0,0,000000000,00000000000,0,0,0,1,0,0,0,0,0,0,0,65,0,1,5,12,6,2,42,0,0,0,1,45,29680,1,1,5,0,2,0,68,180,0,2,0,0,0,12,2011,3,2012,0,8,0,0,0,1,2,45,1,1,2,1,0,0,1,13,99,1,4,1,1,1
45,450004,1,1,1,1,1,20,45,8,0,1,0,45,1,37,31,37031,2,1982,JHMSR5336CS0,J,H,M,S,R,5,3,3,6,C,S,0,0,0,0,000000000,00000000000,0,0,0,1,0,0,0,0,0,0,0,35,0,0,0,12,2,5,8,0,0,0,1,45,29605,6,1,0,0,3,0,71,200,0,0,0,0,0,0,0,0,0,0,0,0,0,0,2,6,45,1,1,2,1,0,0,1,80,99,1,1,13,0,0
45,450005,1,1,1,1,1,11,9,34,0,1,0,45,1,12,481,12481,31,2013,1FTFW1CT9DKE,1,F,T,F,W,1,C,T,9,D,K,E,0,0,0,000000000,00000000000,0,0,0,1,0,0,0,0,0,0,0,45,0,0,0,12,6,2,42,0,0,0,1,45,29385,6,1,6,0,3,0,70,240,1,0,0,1,0,7,2012,12,2012,0,0,0,0,0,1,2,45,3,2,2,1,0,0,14,13,99,1,4,1,1,0
45,450006,1,1,1,1,1,4,30,34,0,1,0,45,2,12,401,12401,14,2002,1FMZU73E92UC,1,F,M,Z,U,7,3,E,9,2,U,C,0,0,0,000000000,00000000000,0,0,0,1,0,0,0,0,0,0,0,60,0,0,0,12,6,2,42,0,0,0,1,45,29138,1,1,5,0,2,0,69,253,0,1,0,0,0,6,2012,6,2012,4,0,0,0,0,1,2,55,1,2,2,1,0,0,1,12,99,1,4,6,1,1
45,450007,1,1,2,2,1,10,10,42,0,1,0,45,1,49,49,49049,6,2004,JTLKT3246401,J,T,L,K,T,3,2,4,6,4,0,1,0,0,0,000000000,00000000000,0,0,0,1,0,0,0,0,0,0,0,40,0,0,0,4,6,2,42,0,0,0,1,45,29063,6,1,0,0,3,0,64,165,1,0,0,0,0,6,2012,6,2012,4,0,0,0,0,1,2,40,2,1,2,2,0,0,14,12,99,9,4,6,1,1
45,450008,1,1,1,4,1,19,35,38,0,1,0,45,2,20,23,20023,6,2007,3GNDA23D57S5,3,G,N,D,A,2,3,D,5,7,S,5,0,0,0,000000000,00000000000,0,0,0,1,0,0,0,0,0,0,0,70,0,0,0,3,6,2,42,0,0,0,1,45,29550,6,1,0,0,3,0,74,225,0,0,0,0,0,0,0,0,0,4,58,0,0,0,1,2,55,3,1,2,1,0,0,14,13,99,9,4,1,1,1
45,450009,1,3,1,6,1,23,6,12,1,1,0,45,3,23,881,23881,66,2005,1GDJ7C1395F5,1,G,D,J,7,C,1,3,9,5,F,5,1,1,45,2355194,452355194,3,6,97,1,0,0,0,0,0,0,0,10,0,0,0,6,2,5,12,0,0,0,1,45,29406,6,1,6,3,3,0,69,180,0,1,0,2,0,4,2013,1,2014,0,0,0,0,0,3,3,60,1,2,2,1,40,3,1,53,99,1,1,25,0,0
45,450009,2,3,1,6,1,23,6,12,1,1,0,45,2,73,704,73704,80,2009,JKAEXMJ149DA,J,K,A,E,X,M,J,1,4,9,D,A,0,0,0,000000000,00000000000,0,0,0,1,0,0,0,0,0,0,0,90,0,0,0,12,6,2,12,0,0,0,1,45,29483,6,1,0,0,3,0,73,165,0,1,0,0,0,4,2012,4,2012,4,0,0,0,0,3,3,60,1,2,2,1,40,3,1,51,99,1,1,24,1,1
45,450009,3,3,2,6,1,23,6,12,1,1,0,45,2,52,46,52046,4,2011,JA32U8FW5BU0,J,A,3,2,U,8,F,W,5,B,U,0,0,0,0,000000000,00000000000,0,0,0,1,0,0,0,0,0,0,0,60,0,0,0,19,0,5,18,0,0,0,1,45,29445,6,1,0,0,3,0,74,260,0,0,0,0,0,0,0,0,0,0,0,0,0,0,3,3,60,1,2,2,1,40,3,1,90,99,1,1,98,0,0
45,450010,1,1,1,6,1,21,40,42,0,1,0,45,2,12,3,12003,2,2006,1ZVHT85H2651,1,Z,V,H,T,8,5,H,2,6,5,1,0,0,0,000000000,00000000000,0,0,0,1,0,0,0,0,0,0,0,55,0,0,0,9,6,2,42,0,0,0,1,45,29356,6,2,0,0,3,0,70,165,0,0,0,0,1,4,2013,4,2013,4,0,0,0,0,1,2,35,3,2,2,1,0,0,14,13,99,1,4,1,1,1
45,450011,1,2,1,7,1,8,20,12,6,1,0,45,1,37,32,37032,4,1987,1HGCA5621HA2,1,H,G,C,A,5,6,2,1,H,A,2,0,0,0,000000000,00000000000,0,0,0,1,0,0,0,0,0,0,0,8,0,0,0,9,6,2,12,0,0,0,1,45,29617,6,1,0,0,3,3,72,240,1,0,0,0,0,5,2011,5,2011,0,38,0,0,0,1,2,45,1,1,2,1,20,3,1,66,99,1,1,89,1,0
45,450011,2,2,1,7,1,8,20,12,6,1,0,45,2,35,47,35047,4,2000,1N4DL01D5YC1,1,N,4,D,L,0,1,D,5,Y,C,1,0,0,0,000000000,00000000000,0,0,0,1,0,0,0,0,0,0,0,79,0,0,0,12,6,2,12,0,0,0,1,45,29605,6,1,0,0,3,3,75,190,0,1,0,1,0,2,2012,7,2013,3,8,0,0,0,2,6,45,1,1,2,1,0,0,1,66,99,1,1,88,0,0
45,450012,1,1,1,8,1,1,40,38,0,1,0,45,2,35,47,35047,4,2012,1N4AL2AP5CC2,1,N,4,A,L,2,A,P,5,C,C,2,0,0,0,000000000,00000000000,0,0,0,1,0,0,0,0,0,0,0,90,0,1,6,4,6,2,42,0,0,0,1,45,29672,1,1,5,0,2,0,65,150,0,2,0,0,0,7,2011,8,2011,3,8,0,0,0,1,2,55,2,1,2,1,0,0,14,12,99,1,4,6,1,1
45,450013,1,1,3,8,1,14,5,35,0,1,0,45,2,2,404,2404,14,2004,1J4GX58S14C1,1,J,4,G,X,5,8,S,1,4,C,1,0,0,0,000000000,00000000000,0,0,0,1,0,0,0,0,0,0,0,94,0,0,0,12,6,2,42,0,0,0,1,45,29841,6,1,0,0,3,0,71,143,0,0,0,0,2,12,2011,3,2012,4,58,0,0,0,1,2,45,2,3,2,1,0,0,14,13,99,9,4,1,2,0
45,450014,1,1,1,8,1,13,55,10,0,1,0,45,1,18,2,18002,4,2002,1G4HP54K2241,1,G,4,H,P,5,4,K,2,2,4,1,0,0,0,000000000,00000000000,0,0,0,1,0,0,0,0,0,0,0,35,0,0,0,9,6,2,10,0,0,0,1,45,29170,6,1,0,0,3,3,66,165,0,0,0,0,0,0,0,0,0,0,39,51,0,0,1,2,45,1,1,2,1,65,3,98,90,98,1,2,98,1,0
45,450015,1,1,1,8,1,7,9,8,0,1,0,45,2,7,482,7482,31,2009,1D3HB13T99S7,1,D,3,H,B,1,3,T,9,9,S,7,0,0,0,000000000,00000000000,0,0,0,1,0,0,0,0,0,0,0,999,0,0,0,12,2,5,8,0,0,0,1,45,29112,6,1,0,0,3,0,73,210,0,2,0,0,0,9,2011,9,2013,0,0,0,0,0,1,2,55,1,1,2,1,0,0,1,80,99,1,1,13,0,0
45,450016,1,1,2,8,1,14,25,42,0,1,0,45,1,20,37,20037,4,1999,1G1ND52M2X61,1,G,1,N,D,5,2,M,2,X,6,1,0,0,0,000000000,00000000000,0,0,0,1,0,0,0,0,0,0,0,60,0,0,0,3,6,2,42,0,0,0,1,45,29655,6,1,0,0,3,0,65,143,0,0,0,0,0,0,0,0,0,0,0,0,0,0,1,2,55,1,2,2,1,0,0,1,13,99,1,4,1,2,0
45,450017,1,1,3,10,1,9,16,42,0,1,0,45,2,12,401,12401,14,2004,1FMZU73KX4UA,1,F,M,Z,U,7,3,K,X,4,U,A,0,0,0,000000000,00000000000,0,0,0,1,0,0,0,0,0,0,0,70,0,0,0,10,6,2,42,0,0,0,1,13,31069,6,1,0,0,3,3,61,138,98,0,0,1,0,11,2013,11,2013,0,0,0,0,0,3,4,70,1,1,2,1,0,0,1,12,99,1,4,6,1,0
45,450018,1,1,2,11,1,20,20,24,0,1,0,45,1,12,461,12461,21,1994,1FBJS31H4RHB,1,F,B,J,S,3,1,H,4,R,H,B,0,0,0,000000000,00000000000,0,0,0,1,0,0,0,0,0,0,0,65,0,1,1,11,6,2,1,0,0,0,1,45,29061,0,0,0,0,0,0,70,170,0,2,0,0,0,1,2011,10,2011,0,0,0,0,0,3,4,65,1,1,2,2,0,0,1,12,99,9,4,6,1,1
45,450019,1,1,1,12,1,0,30,34,0,1,0,45,2,20,481,20481,31,2006,2GCEK13T2611,2,G,C,E,K,1,3,T,2,6,1,1,0,0,0,000000000,00000000000,0,0,0,1,0,0,0,0,0,0,0,55,0,0,0,9,6,2,42,0,0,0,1,45,29472,6,1,0,0,3,0,72,150,3,0,0,0,1,3,2011,5,2012,0,0,0,0,0,1,2,55,3,1,2,1,0,0,14,13,99,1,4,1,1,1
45,450020,1,1,1,21,1,19,10,8,0,1,0,45,1,7,24,7024,4,2007,2B3KA43R07H7,2,B,3,K,A,4,3,R,0,7,H,7,0,0,0,000000000,00000000000,0,0,0,1,0,0,0,0,0,0,0,35,0,0,0,12,0,5,8,0,0,0,1,45,29580,6,1,0,0,3,0,68,196,0,0,0,0,0,0,0,0,0,0,0,0,0,0,1,2,35,1,1,2,1,0,0,1,80,99,1,1,13,0,0
45,450021,1,2,1,12,1,6,10,12,2,1,0,45,1,49,40,49040,4,1999,4T1BG22K3XU5,4,T,1,B,G,2,2,K,3,X,U,5,0,0,0,000000000,00000000000,0,0,0,1,0,0,0,0,0,0,0,69,0,0,0,12,6,2,12,0,0,0,1,45,29566,6,1,0,0,3,0,66,160,1,4,0,2,2,5,2011,4,2012,0,0,0,0,0,1,2,99,1,1,2,1,0,0,1,54,99,1,3,50,0,1
45,450021,2,2,1,12,1,6,10,12,2,1,0,45,1,20,25,20025,4,2013,1G1PC5SB8D71,1,G,1,P,C,5,S,B,8,D,7,1,0,0,0,000000000,00000000000,0,0,0,1,0,0,0,0,0,0,0,55,0,0,0,12,6,2,12,0,0,0,1,45,29566,1,1,5,0,2,0,64,153,0,1,0,1,0,8,2013,11,2013,0,0,0,0,0,1,2,99,1,1,2,1,0,0,1,54,99,1,1,51,1,0
45,450022,1,2,1,12,1,2,48,1,0,1,0,45,1,49,32,49032,4,1999,1NXBR12E1XZ2,1,N,X,B,R,1,2,E,1,X,Z,2,0,0,0,000000000,00000000000,0,0,0,1,0,0,0,0,0,0,0,40,0,1,1,0,6,2,2,0,0,1,1,45,29073,6,1,0,0,3,0,73,200,0,0,0,0,0,0,0,0,0,0,0,0,0,0,1,2,55,2,1,2,1,0,0,14,62,99,1,4,6,0,1
45,450022,2,2,1,12,1,2,48,1,0,1,0,45,1,20,481,20481,31,2001,2GCEK19T1113,2,G,C,E,K,1,9,T,1,1,1,3,0,0,0,000000000,00000000000,0,0,0,1,0,0,0,0,0,0,0,55,0,0,0,12,6,2,2,0,0,1,1,45,29070,6,1,0,0,3,3,67,150,0,0,0,0,0,0,0,0,0,0,0,0,0,0,1,2,55,2,1,2,1,0,0,14,11,99,1,6,98,1,1
45,450023,1,2,4,12,1,20,10,12,8,1,0,45,1,7,482,7482,31,1998,1B7HC13Y3WJ2,1,B,7,H,C,1,3,Y,3,W,J,2,0,0,0,000000000,00000000000,0,0,0,1,0,0,0,0,0,0,0,50,0,0,0,10,2,5,12,0,0,0,1,45,29563,6,1,0,0,3,3,74,215,0,1,0,0,0,5,2012,5,2012,0,0,0,0,0,1,2,55,3,1,2,1,0,0,14,62,99,1,1,65,0,0
45,450023,2,2,2,12,1,20,10,12,8,1,0,99,2,53,705,53705,80,2006,JS1GN7DA6621,J,S,1,G,N,7,D,A,6,6,2,1,0,0,0,000000000,00000000000,0,0,0,1,0,0,0,0,0,0,0,90,0,0,0,10,6,2,12,0,0,0,1,37,28340,6,1,0,0,2,0,70,999,0,0,0,0,0,0,0,0,0,4,28,0,0,0,1,2,55,2,1,2,1,0,0,14,10,99,1,2,64,1,1
45,450024,1,2,1,12,1,10,10,12,7,1,0,39,4,82,881,82881,66,2013,3AKJGLBG8DSB,3,A,K,J,G,L,B,G,8,D,S,B,1,1,39,0855464,390855464,3,6,1,1,0,0,0,0,0,0,0,45,0,0,0,2,0,5,12,0,0,0,1,47,37841,6,1,6,0,3,3,70,190,0,0,0,0,0,0,0,0,0,0,0,0,0,0,2,2,45,1,2,2,1,0,0,1,61,99,1,2,73,0,0
45,450024,2,2,1,12,1,10,10,12,7,1,0,45,1,72,706,72706,80,2013,1HD1FCM1XDB6,1,H,D,1,F,C,M,1,X,D,B,6,0,0,0,000000000,00000000000,0,0,0,1,0,0,0,0,0,0,0,20,0,0,0,11,6,2,12,0,0,0,1,45,29693,6,1,0,0,3,3,68,165,0,0,0,1,0,8,2012,8,2012,0,48,0,0,0,2,2,45,1,2,2,1,0,0,11,15,99,1,2,72,1,0
45,450025,1,1,1,13,1,9,55,33,0,1,0,45,1,12,23,12023,4,2010,3FAHP0HA0AR4,3,F,A,H,P,0,H,A,0,A,R,4,0,0,0,000000000,00000000000,0,0,0,1,0,0,0,0,0,0,0,45,0,0,0,99,6,2,33,0,0,0,1,45,29527,6,1,0,0,3,3,62,170,0,0,0,0,0,0,0,0,0,0,0,0,0,0,2,2,45,1,1,2,1,0,0,1,12,99,9,4,98,1,0
45,450026,1,2,1,14,1,9,40,12,6,1,0,45,1,59,32,59032,4,2000,JT8BH28F4Y01,J,T,8,B,H,2,8,F,4,Y,0,1,0,0,0,000000000,00000000000,0,0,0,1,0,0,0,0,0,0,0,20,0,0,0,12,6,2,12,0,0,0,1,45,29926,6,1,0,0,3,0,72,180,0,0,0,0,0,0,0,0,0,0,0,0,0,0,3,6,45,1,1,2,2,0,0,1,12,99,9,2,64,1,0
45,450026,2,2,1,14,1,9,40,12,6,1,0,45,1,7,43,7043,4,2005,1B3EL46T55N5,1,B,3,E,L,4,6,T,5,5,N,5,0,0,0,000000000,00000000000,0,0,0,1,0,0,0,0,0,0,0,45,0,0,0,10,6,2,12,0,0,0,1,45,29910,6,1,0,0,3,3,76,160,0,0,0,0,0,0,0,0,0,0,0,0,0,0,3,6,45,1,1,2,2,0,0,1,62,99,1,1,65,0,0
45,450027,1,2,2,14,1,15,38,12,6,1,0,45,2,20,421,20421,15,1999,1GNEK13JXXJ3,1,G,N,E,K,1,3,J,X,X,J,3,0,0,0,000000000,00000000000,0,0,0,1,0,0,0,0,0,0,0,40,0,0,0,12,6,2,12,0,0,0,1,45,29673,6,1,0,0,3,0,72,350,0,0,0,0,0,0,0,0,0,0,0,0,0,0,1,2,40,4,3,2,1,0,0,14,65,99,1,1,83,0,0
45,450027,2,2,1,14,1,15,38,12,6,1,0,45,2,12,3,12003,2,1993,1FACP40M3PF1,1,F,A,C,P,4,0,M,3,P,F,1,0,0,0,000000000,00000000000,0,0,0,1,0,0,0,0,0,0,0,10,0,0,0,9,6,2,12,0,0,0,1,45,29669,6,1,0,0,3,0,78,280,0,4,0,0,0,2,2011,7,2013,0,38,0,0,0,1,2,40,4,3,2,1,20,3,11,15,99,1,1,82,1,0
45,450028,1,2,1,17,1,22,48,12,6,1,0,45,2,53,33,53033,4,2002,JS2RA41S9251,J,S,2,R,A,4,1,S,9,2,5,1,0,0,0,000000000,00000000000,0,0,0,1,0,0,0,0,0,0,0,80,0,0,0,9,6,2,12,0,0,0,1,45,29150,6,1,0,0,3,0,69,180,0,3,0,2,0,12,2011,7,2013,0,38,0,0,0,1,2,55,1,1,2,1,0,0,1,65,99,1,1,77,1,1
45,450028,2,2,1,17,1,22,48,12,6,1,0,45,3,20,2,20002,4,2005,2G1WF52KX592,2,G,1,W,F,5,2,K,X,5,9,2,0,0,0,000000000,00000000000,0,0,0,1,0,0,0,0,0,5,0,11,0,0,0,12,6,2,12,0,0,0,1,45,29150,6,1,0,0,3,0,66,210,1,3,0,0,0,9,2012,11,2013,3,16,0,0,0,1,2,55,1,1,2,1,20,3,11,15,99,1,1,76,0,0
45,450029,1,1,1,18,1,18,30,53,0,1,0,45,1,35,472,35472,30,2007,1N6AD06U47C4,1,N,6,A,D,0,6,U,4,7,C,4,0,0,0,000000000,00000000000,0,0,0,1,0,0,0,0,0,0,0,45,0,0,0,10,6,2,35,0,0,0,1,45,29341,6,1,0,0,3,0,72,180,0,1,0,0,0,2,2011,2,2011,4,0,0,0,0,1,2,45,1,2,2,1,0,0,1,12,99,9,4,6,1,0
45,450030,1,1,1,18,1,2,33,8,0,1,1,45,2,20,401,20401,14,2002,1GNDS13S2222,1,G,N,D,S,1,3,S,2,2,2,2,0,0,0,000000000,00000000000,0,0,0,1,0,0,0,0,0,0,0,42,0,0,0,12,2,5,8,0,0,0,1,45,29526,6,2,0,0,3,3,66,160,0,0,0,0,0,0,0,0,0,4,91,0,0,0,1,2,55,1,1,2,1,0,0,1,13,1,1,4,1,0,0
45,450031,1,1,1,21,1,23,24,42,0,1,0,45,2,30,46,30046,4,2003,WVWPD63B03P3,W,V,W,P,D,6,3,B,0,3,P,3,0,0,0,000000000,00000000000,0,0,0,1,0,0,0,0,0,0,0,90,0,0,0,10,6,2,42,0,0,0,1,45,29568,1,1,5,0,2,3,72,160,0,0,0,0,0,0,0,0,0,3,8,0,0,0,1,2,25,1,1,2,1,0,0,1,12,99,1,4,6,1,1
45,450032,1,2,3,23,1,2,25,12,2,1,0,45,1,55,33,55033,4,2012,5NPEB4AC8CH4,5,N,P,E,B,4,A,C,8,C,H,4,0,0,0,000000000,00000000000,0,0,0,1,0,0,0,0,0,0,0,70,0,0,0,12,6,2,12,0,0,0,1,45,29407,6,1,0,0,3,3,67,170,0,0,0,2,0,2,2011,5,2012,0,0,0,0,0,3,4,70,1,1,2,1,0,0,1,62,99,1,1,51,2,0
45,450032,2,2,1,23,1,2,25,12,2,1,0,45,1,52,46,52046,4,2003,JA3AJ26E13U6,J,A,3,A,J,2,6,E,1,3,U,6,0,0,0,000000000,00000000000,0,0,0,1,0,0,0,0,0,0,0,70,0,0,0,12,6,2,12,0,0,0,1,45,29229,6,1,0,0,3,0,61,150,0,0,0,1,0,8,2012,8,2012,0,0,0,0,0,3,4,70,1,1,2,1,0,0,1,12,99,1,1,50,1,1
45,450033,1,1,1,24,1,2,7,1,0,1,0,45,1,20,421,20421,15,2004,1GNEK13Z24R1,1,G,N,E,K,1,3,Z,2,4,R,1,0,0,0,000000000,00000000000,0,0,0,1,0,0,0,0,0,0,0,50,0,1,5,0,6,2,1,0,0,0,1,45,29697,6,1,0,0,3,0,64,116,0,0,0,0,0,0,0,0,0,4,0,0,0,0,1,2,45,1,1,2,1,0,0,1,13,99,1,4,1,1,1
45,450034,1,1,1,25,1,4,0,35,0,1,0,45,1,54,35,54035,4,2003,19UUA566X3A0,1,9,U,U,A,5,6,6,X,3,A,0,0,0,0,000000000,00000000000,0,0,0,1,0,0,0,0,0,0,0,83,0,1,5,2,6,2,1,0,0,0,1,45,29742,6,1,0,0,3,0,71,230,0,0,0,0,0,0,0,0,0,3,0,0,0,0,1,2,55,2,2,2,1,0,0,14,13,99,1,4,1,1,1
45,450035,1,2,1,25,1,0,30,26,0,1,0,45,1,19,3,19003,4,2003,1G6KD54Y23U2,1,G,6,K,D,5,4,Y,2,3,U,2,0,0,0,000000000,00000000000,0,0,0,1,0,0,0,0,0,0,0,60,0,0,0,12,6,2,12,0,0,0,1,45,29115,6,1,6,3,3,0,68,215,0,0,0,0,0,0,0,0,0,0,0,0,0,0,3,4,60,1,1,2,1,28,3,1,61,99,1,1,98,0,0
45,450035,2,2,1,25,1,0,30,26,0,1,0,45,2,55,37,55037,2,2003,KMHHM65D23U0,K,M,H,H,M,6,5,D,2,3,U,0,0,0,0,000000000,00000000000,0,0,0,1,0,0,0,0,0,0,0,60,0,0,0,2,6,2,12,0,0,0,1,45,29229,6,1,0,0,3,0,66,125,0,0,0,0,0,0,0,0,0,0,0,0,0,0,3,4,60,1,1,2,1,28,3,1,51,99,3,4,6,1,1
45,450036,1,2,1,25,1,20,25,12,2,1,0,12,2,23,481,23481,31,1994,2GTEK19K2R15,2,G,T,E,K,1,9,K,2,R,1,5,0,0,0,000000000,00000000000,0,0,0,1,0,0,0,0,0,0,0,55,0,0,0,12,6,2,12,0,0,0,1,45,29838,1,1,5,0,2,0,73,215,0,4,0,0,0,5,2011,9,2013,0,28,0,0,0,1,2,55,2,2,2,1,0,0,14,10,99,1,1,50,1,1
45,450036,2,2,2,25,1,20,25,12,2,1,0,13,2,20,481,20481,31,1994,2GCEC19K5R12,2,G,C,E,C,1,9,K,5,R,1,2,0,0,0,000000000,00000000000,0,0,0,1,0,0,0,0,0,0,0,55,0,0,0,12,6,2,12,0,0,0,1,45,29821,1,1,5,0,2,0,74,200,0,0,0,0,0,0,0,0,0,0,0,0,0,0,1,2,55,3,2,2,1,0,0,14,62,99,1,2,51,2,0
45,450037,1,1,2,25,1,15,53,42,0,1,0,45,1,18,2,18002,4,1994,1G4HP52L1RH4,1,G,4,H,P,5,2,L,1,R,H,4,0,0,0,000000000,00000000000,0,0,0,1,0,0,0,0,0,0,0,65,0,0,0,3,6,2,42,0,0,0,1,45,29456,6,1,0,0,3,0,74,165,0,0,0,1,0,2,2013,2,2013,4,8,0,0,0,1,2,50,1,1,2,1,0,0,1,12,99,1,4,6,1,0
45,450038,1,1,1,26,1,3,10,9,0,1,1,45,1,12,16,12016,4,2004,2FAFP71W84X1,2,F,A,F,P,7,1,W,8,4,X,1,0,0,0,000000000,00000000000,0,0,0,1,0,0,0,0,0,0,0,45,0,0,0,12,0,5,9,0,0,0,1,45,29601,6,1,0,0,3,3,78,275,0,1,0,0,1,3,2012,8,2012,0,0,0,0,0,3,2,45,1,2,2,1,0,0,1,83,99,1,1,13,0,0
45,450039,1,1,1,27,1,15,30,1,0,1,0,45,1,72,706,72706,80,1999,1HD1GEV10XY3,1,H,D,1,G,E,V,1,0,X,Y,3,0,0,0,000000000,00000000000,0,0,0,1,0,0,0,0,0,0,0,35,0,0,0,0,0,3,34,0,0,0,1,45,29506,6,1,0,0,3,0,70,170,0,0,0,1,0,6,2011,6,2011,0,0,0,0,0,1,2,35,3,1,2,1,0,0,14,13,99,1,4,1,1,0
45,450040,1,1,3,27,1,18,25,8,0,1,0,45,1,20,401,20401,14,2001,1GNCT18W51K1,1,G,N,C,T,1,8,W,5,1,K,1,0,0,0,000000000,00000000000,0,0,0,1,0,0,0,0,0,0,0,45,0,0,0,12,6,2,8,0,0,0,1,45,29609,6,1,0,0,3,0,72,190,0,1,0,2,2,5,2011,1,2014,0,0,0,0,0,1,2,45,2,1,2,1,0,0,14,80,99,1,1,13,0,0
45,450041,1,1,1,28,1,16,55,42,0,1,0,45,2,35,401,35401,14,2000,JN8AR07Y2YW4,J,N,8,A,R,0,7,Y,2,Y,W,4,0,0,0,000000000,00000000000,0,0,0,1,0,0,0,0,0,0,0,35,0,0,0,10,6,2,42,0,0,0,1,45,29605,6,2,0,0,3,0,68,150,0,0,0,0,0,0,0,0,0,0,58,87,0,0,1,2,35,4,3,2,3,0,0,14,5,99,3,4,2,1,0
45,450042,1,2,1,31,1,23,50,12,7,1,0,45,1,12,3,12003,2,2006,1ZVHT82H4652,1,Z,V,H,T,8,2,H,4,6,5,2,0,0,0,000000000,00000000000,0,0,0,1,0,0,0,0,0,0,0,55,0,0,0,2,0,5,12,0,0,0,1,45,29680,6,1,0,0,3,0,72,200,0,0,0,0,0,0,0,0,0,0,0,0,0,0,3,4,55,1,1,2,1,0,0,1,61,99,1,1,45,0,0