STATE,ST_CASE,VEH_NO,VE_FORMS,NUMOCCS,DAY,MONTH,HOUR,MINUTE,HARM_EV,MAN_COLL,UNITTYPE,HIT_RUN,REG_STAT,OWNER,MAKE,MODEL,MAK_MOD,BODY_TYP,MOD_YEAR,VIN,VIN_1,VIN_2,VIN_3,VIN_4,VIN_5,VIN_6,VIN_7,VIN_8,VIN_9,VIN_10,VIN_11,VIN_12,TOW_VEH,J_KNIFE,MCARR_I1,MCARR_I2,MCARR_ID,GVWR,V_CONFIG,CARGO_BT,HAZ_INV,HAZ_PLAC,HAZ_ID,HAZ_CNO,HAZ_REL,BUS_USE,SPEC_USE,EMER_USE,TRAV_SP,UNDERIDE,ROLLOVER,ROLINLOC,IMPACT1,DEFORMED,TOWED,M_HARM,VEH_SC1,VEH_SC2,FIRE_EXP,DR_PRES,L_STATE,DR_ZIP,L_STATUS,L_TYPE,CDL_STAT,L_ENDORS,L_COMPL,L_RESTRI,DR_HGT,DR_WGT,PREV_ACC,PREV_SUS,PREV_DWI,PREV_SPD,PREV_OTH,FIRST_MO,FIRST_YR,LAST_MO,LAST_YR,SPEEDREL,DR_SF1,DR_SF2,DR_SF3,DR_SF4,VTRAFWAY,VNUM_LAN,VSPD_LIM,VALIGN,VPROFILE,VPAVETYP,VSURCOND,VTRAFCON,VTCONT_F,P_CRASH1,P_CRASH2,P_CRASH3,PCRASH4,PCRASH5,ACC_TYPE,DEATHS,DR_DRINK
45,450042,2,2,1,31,1,23,50,12,7,1,0,45,2,35,47,35047,4,2005,1N4AL11D25N4,1,N,4,A,L,1,1,D,2,5,N,4,0,0,0,000000000,00000000000,0,0,0,1,0,0,0,0,0,0,0,55,0,1,5,7,6,2,1,0,0,0,1,45,29680,6,1,0,0,3,0,68,140,1,0,0,5,0,8,2011,7,2013,0,27,0,0,0,3,4,55,1,1,2,1,0,0,15,10,99,1,2,44,1,1
45,450043,1,1,1,1,2,6,6,34,0,1,0,45,2,20,481,20481,31,1988,1GCDC14Z0JZ3,1,G,C,D,C,1,4,Z,0,J,Z,3,0,0,0,000000000,00000000000,0,0,0,1,0,0,0,0,0,0,0,55,0,0,0,99,6,2,42,0,0,0,1,45,29044,1,1,5,0,2,0,63,200,0,0,0,0,0,0,0,0,0,4,0,0,0,0,1,2,55,2,1,2,1,0,0,14,12,99,1,4,6,1,1
45,450044,1,1,2,1,2,6,43,42,0,1,0,36,1,49,40,49040,4,2005,4T1BE32K15U0,4,T,1,B,E,3,2,K,1,5,U,0,0,0,0,000000000,00000000000,0,0,0,1,0,0,0,0,0,0,0,70,0,0,0,12,6,2,42,0,0,1,1,36,11520,6,1,0,0,3,0,67,999,0,0,0,0,0,0,0,0,0,4,0,0,0,0,3,4,70,1,1,2,1,0,0,1,12,99,1,4,6,2,0
45,450045,1,1,1,1,2,0,50,42,0,1,0,45,2,52,37,52037,2,2004,4A3AE55H54E0,4,A,3,A,E,5,5,H,5,4,E,0,0,0,0,000000000,00000000000,0,0,0,1,0,0,0,0,0,0,0,70,0,0,0,12,6,2,42,0,0,0,1,45,29470,6,1,0,0,3,3,66,132,0,0,0,0,0,0,0,0,0,0,99,99,99,99,1,2,55,1,1,2,1,0,0,1,12,99,1,4,10,1,1
45,450046,1,1,1,2,2,17,30,42,0,1,0,45,1,20,2,20002,4,2007,2G1WT58K4791,2,G,1,W,T,5,8,K,4,7,9,1,0,0,0,000000000,00000000000,0,0,0,1,0,0,0,0,0,0,0,75,0,0,0,12,6,2,42,0,0,0,1,45,29470,6,1,0,0,3,0,71,258,0,0,0,0,0,0,0,0,0,3,0,0,0,0,1,2,55,3,1,2,1,0,0,14,13,99,1,4,1,1,1
45,450047,1,2,1,3,2,7,10,12,6,1,0,51,1,41,50,41050,4,2006,1YVFP80C265M,1,Y,V,F,P,8,0,C,2,6,5,M,0,0,0,000000000,00000000000,0,0,0,1,0,0,0,0,0,0,0,60,0,0,0,12,6,2,12,0,0,0,1,51,20181,6,1,0,0,3,0,72,165,0,0,0,0,1,8,2011,8,2011,0,0,0,0,0,2,2,55,1,1,2,1,0,0,1,66,99,1,1,83,0,0
45,450047,2,2,3,3,2,7,10,12,6,1,0,45,1,24,2,24002,2,1995,1G8ZH1277SZ2,1,G,8,Z,H,1,2,7,7,S,Z,2,0,0,0,000000000,00000000000,0,0,0,1,0,0,0,0,0,0,0,23,0,0,0,9,6,2,12,0,0,0,1,45,29154,6,1,0,0,3,0,71,210,0,2,0,0,0,8,2011,3,2013,0,38,0,0,0,2,2,55,1,1,2,1,0,0,11,17,99,1,1,82,1,0
45,450048,1,1,1,7,2,18,35,8,0,1,0,45,1,49,40,49040,4,2005,4T1BE32K35U5,4,T,1,B,E,3,2,K,3,5,U,5,0,0,0,000000000,00000000000,0,0,0,1,0,0,0,0,0,0,0,45,0,0,0,12,0,5,8,0,0,0,1,45,29640,6,1,0,0,3,3,67,160,0,0,0,0,0,0,0,0,0,0,0,0,0,0,1,2,45,2,1,2,1,0,0,14,80,99,1,1,13,0,0
45,450049,1,3,1,7,2,12,57,12,6,1,0,45,3,86,882,86882,63,1994,1M2K195C1RM0,1,M,2,K,1,9,5,C,1,R,M,0,0,0,45,2406438,452406438,3,2,7,1,0,0,0,0,0,0,0,25,0,0,0,12,6,2,12,0,0,0,1,45,29349,6,1,6,3,3,0,73,175,0,0,0,1,1,2,2013,6,2013,0,24,0,0,0,1,2,55,1,1,2,1,20,3,98,8,8,3,2,86,0,0
45,450049,2,3,2,7,2,12,57,12,6,1,0,45,2,12,422,12422,15,1998,1FMRU17L5WLB,1,F,M,R,U,1,7,L,5,W,L,B,0,0,0,000000000,00000000000,0,0,0,1,0,0,0,0,0,0,0,55,0,1,1,3,6,2,12,0,0,0,1,45,29322,6,1,0,0,3,3,69,340,0,1,0,0,0,3,2013,3,2013,0,0,0,0,0,1,2,55,1,1,2,1,0,0,1,66,99,1,1,87,1,0
45,450049,3,3,2,7,2,12,57,12,6,1,0,45,3,12,481,12481,31,2012,1FD8X3H65CEA,1,F,D,8,X,3,H,6,5,C,E,A,0,0,0,000000000,00000000000,0,0,0,1,0,0,0,0,0,0,0,55,0,0,0,12,6,2,12,0,0,0,1,45,29745,6,1,0,0,3,0,74,208,0,1,0,0,0,4,2011,4,2011,0,0,0,0,0,1,2,55,1,1,2,1,0,0,1,62,99,1,1,98,0,0
45,450050,1,1,1,7,2,5,50,1,0,1,0,45,2,49,401,49401,14,1998,JT3GN86R1W00,J,T,3,G,N,8,6,R,1,W,0,0,0,0,0,000000000,00000000000,0,0,0,1,0,0,0,0,0,0,0,55,0,1,5,0,6,2,1,0,0,0,1,45,29477,6,1,0,0,3,3,66,170,0,0,0,0,0,0,0,0,0,4,58,0,0,0,1,2,55,3,1,2,1,0,0,14,13,99,1,4,1,1,0
45,450051,1,1,1,7,2,11,35,34,0,1,0,45,1,55,35,55035,4,2006,KMHDN46D36U3,K,M,H,D,N,4,6,D,3,6,U,3,0,0,0,000000000,00000000000,0,0,0,1,0,0,0,0,0,0,0,55,0,0,0,12,6,2,42,0,0,0,1,45,29477,6,1,0,0,3,0,67,304,0,0,0,0,0,0,0,0,0,0,99,99,99,99,1,2,55,1,1,2,1,0,0,1,12,99,1,4,6,1,0
45,450052,1,2,1,8,2,11,24,12,2,1,0,45,2,23,431,23431,16,2003,1GKFK66U13J3,1,G,K,F,K,6,6,U,1,3,J,3,0,0,0,000000000,00000000000,0,0,0,1,0,0,0,0,0,0,0,45,0,0,0,12,6,2,12,0,0,0,1,45,29644,6,2,0,0,3,0,63,120,0,0,0,0,0,0,0,0,0,0,0,0,0,0,1,2,45,1,1,2,1,0,0,1,62,99,1,1,52,0,0
45,450052,2,2,1,8,2,11,24,12,2,1,0,45,2,7,999,7999,49,1998,1B4GP44G2WB7,1,B,4,G,P,4,4,G,2,W,B,7,0,0,0,000000000,00000000000,0,0,0,1,0,0,0,0,0,0,0,45,0,0,0,12,6,2,12,0,0,0,1,45,29650,6,1,0,0,3,3,66,260,0,2,0,0,0,7,2012,1,2013,0,28,0,0,0,1,2,45,1,1,2,1,0,0,1,54,99,1,2,52,1,0
45,450053,1,1,1,8,2,18,20,15,0,1,0,45,1,41,441,41441,20,1994,JM3LV5229R06,J,M,3,L,V,5,2,2,9,R,0,6,0,0,0,000000000,00000000000,0,0,0,1,0,0,0,0,0,0,0,40,0,0,0,12,2,3,15,0,0,0,1,45,29104,1,1,5,0,2,0,66,165,0,0,0,0,0,0,0,0,0,0,0,0,0,0,1,2,55,1,1,2,1,0,0,1,80,99,1,1,13,0,1
45,450054,1,1,1,8,2,1,30,24,0,1,0,45,1,20,481,20481,31,1994,1GCDC14Z2RZ1,1,G,C,D,C,1,4,Z,2,R,Z,1,0,0,0,000000000,00000000000,0,0,0,1,0,0,0,0,0,0,0,80,0,0,0,12,6,2,31,0,0,0,1,45,29069,6,1,0,0,3,0,70,188,0,0,0,2,0,10,2012,6,2013,4,0,0,0,0,3,4,70,1,1,2,1,0,0,1,13,99,1,4,1,1,1
45,450055,1,1,1,8,2,2,0,34,0,1,0,45,1,6,43,6043,4,2004,1C3EL56R64N1,1,C,3,E,L,5,6,R,6,4,N,1,0,0,0,000000000,00000000000,0,0,0,1,0,0,0,0,0,0,0,70,0,0,0,1,6,2,32,0,0,0,1,45,29483,1,1,5,0,2,0,66,160,0,3,0,1,0,2,2013,8,2013,4,0,0,0,0,1,2,35,3,1,2,1,0,0,14,13,99,1,4,1,1,1
45,450056,1,2,2,9,2,9,30,12,6,1,0,45,1,7,482,7482,31,2006,1D7HU18236S5,1,D,7,H,U,1,8,2,3,6,S,5,0,0,0,000000000,00000000000,0,0,0,1,0,0,0,0,0,0,0,45,0,0,0,12,6,2,12,0,0,0,1,45,29640,6,1,0,0,3,0,69,210,0,0,0,0,0,0,0,0,0,0,0,0,0,0,1,2,45,3,2,2,1,0,0,14,66,99,1,1,88,0,0
45,450056,2,2,1,9,2,9,30,12,6,1,0,45,1,20,481,20481,31,1997,1GCCS14X8V81,1,G,C,C,S,1,4,X,8,V,8,1,0,0,0,000000000,00000000000,0,0,0,1,0,0,0,0,0,0,0,5,0,0,0,9,6,2,12,0,0,0,1,45,29671,6,1,0,0,3,3,71,230,0,0,0,0,0,0,0,0,0,0,38,0,0,0,1,2,45,1,1,2,1,20,3,1,66,99,1,1,89,1,0
45,450057,1,2,1,10,2,13,18,12,6,1,0,45,2,42,401,42401,14,2004,4JGAB75E54A4,4,J,G,A,B,7,5,E,5,4,A,4,0,0,0,000000000,00000000000,0,0,0,1,0,0,0,0,0,0,0,5,0,0,0,9,6,2,12,0,0,0,1,45,29673,6,2,0,0,3,0,62,112,0,0,0,0,0,0,0,0,0,0,0,0,0,0,2,2,35,1,1,2,2,3,3,11,66,99,1,1,82,0,0
45,450057,2,2,1,10,2,13,18,12,6,1,0,45,2,12,37,12037,4,2005,1FAFP34N45W2,1,F,A,F,P,3,4,N,4,5,W,2,0,0,0,000000000,00000000000,0,0,0,1,0,0,0,0,0,0,0,60,0,0,0,12,6,2,12,0,0,0,1,45,29605,6,1,0,0,3,3,63,180,0,0,0,0,0,0,0,0,0,0,39,0,0,0,2,2,35,1,1,2,2,3,3,1,17,99,1,1,83,1,0
45,450058,1,1,1,11,2,22,40,34,0,1,0,45,1,20,481,20481,31,2007,1GCEC14C07E6,1,G,C,E,C,1,4,C,0,7,E,6,0,0,0,000000000,00000000000,0,0,0,1,0,0,0,0,0,0,0,55,0,1,6,12,6,2,1,0,0,0,1,45,29160,6,1,6,3,3,0,67,155,0,0,0,0,0,0,0,0,0,4,0,0,0,0,1,2,45,1,1,2,1,0,0,1,13,99,1,4,1,1,1
45,450059,1,1,1,11,2,15,5,35,0,1,0,45,2,20,473,20473,30,2006,1GCCS1366682,1,G,C,C,S,1,3,6,6,6,8,2,0,0,0,000000000,00000000000,0,0,0,1,0,0,0,0,0,0,0,50,0,1,5,12,6,2,42,0,0,0,1,45,29831,6,1,0,0,3,3,66,95,0,0,0,0,0,0,0,0,0,0,58,0,0,0,1,2,50,1,1,2,2,0,0,1,13,99,1,4,1,1,0
45,450060,1,1,1,11,2,9,35,34,0,1,0,45,1,53,34,53034,4,2007,KL5JD56Z37K6,K,L,5,J,D,5,6,Z,3,7,K,6,0,0,0,000000000,00000000000,0,0,0,1,0,0,0,0,0,0,0,45,0,0,0,4,6,2,42,0,0,0,1,45,29130,6,1,0,0,3,0,67,130,0,1,0,1,0,12,2013,1,2014,0,87,0,0,0,1,2,45,1,1,2,3,0,0,1,5,99,4,4,7,1,0
45,450061,1,1,1,11,2,18,38,8,0,1,0,45,1,37,32,37032,2,2001,1HGCG32761A0,1,H,G,C,G,3,2,7,6,1,A,0,0,0,0,000000000,00000000000,0,0,0,1,0,0,0,0,0,0,0,999,0,0,0,2,6,2,8,0,0,0,1,45,29554,6,1,0,0,3,0,63,117,0,0,0,0,0,0,0,0,0,0,0,0,0,0,2,5,40,1,1,2,2,0,0,1,80,99,1,1,13,0,0
45,450062,2,1,1,12,2,8,25,24,0,1,0,24,2,35,50,35050,4,2009,3N1BC13E99L4,3,N,1,B,C,1,3,E,9,9,L,4,0,0,0,000000000,00000000000,0,0,0,1,0,0,0,0,0,0,0,65,0,0,0,99,6,2,14,0,0,0,1,24,20774,0,0,0,0,0,0,999,999,99,99,99,99,99,99,9999,99,9999,4,0,0,0,0,3,4,70,1,1,2,10,0,0,1,13,99,9,4,2,1,0
45,450063,1,2,3,13,2,19,44,12,6,1,0,45,2,21,20,21020,4,1992,1G3AL54N4N64,1,G,3,A,L,5,4,N,4,N,6,4,0,0,0,000000000,00000000000,0,0,0,1,0,0,0,0,0,0,0,17,0,0,0,3,6,2,12,0,0,0,1,45,29493,6,1,0,0,3,0,72,190,0,1,0,1,0,2,2011,10,2013,0,38,0,0,0,2,5,45,1,1,2,1,3,3,11,66,99,1,1,68,1,0
45,450063,2,2,1,13,2,19,44,12,6,1,0,45,2,20,401,20401,14,2005,1GNDS13S0522,1,G,N,D,S,1,3,S,0,5,2,2,0,0,0,000000000,00000000000,0,0,0,1,0,0,0,0,0,0,0,47,0,0,0,12,6,2,12,0,0,0,1,45,29474,6,1,0,0,3,0,70,135,0,0,0,1,0,4,2012,4,2012,0,0,0,0,0,2,4,45,1,1,2,1,3,3,1,66,99,1,1,69,0,0
45,450064,1,1,3,13,2,2,0,18,0,1,0,45,1,37,31,37031,4,2004,2HGES16474H5,2,H,G,E,S,1,6,4,7,4,H,5,0,0,0,000000000,00000000000,0,0,0,1,0,0,0,0,0,0,0,50,0,0,0,12,6,2,18,0,0,0,1,45,29936,6,1,0,0,3,0,73,155,0,7,0,0,1,3,2012,12,2013,0,81,0,0,0,1,2,55,1,1,2,2,0,0,1,90,99,1,1,12,1,0
45,450065,1,2,1,14,2,8,10,12,6,1,0,45,1,20,401,20401,14,1995,1GNEK13K2SJ4,1,G,N,E,K,1,3,K,2,S,J,4,0,0,0,000000000,00000000000,0,0,0,1,0,0,0,0,0,0,0,35,0,0,0,12,6,2,12,0,0,0,1,45,29730,6,1,0,0,3,0,72,192,0,0,0,1,0,3,2011,3,2011,0,0,0,0,0,2,4,45,1,2,2,4,0,0,1,62,99,1,1,65,0,0
45,450065,2,2,1,14,2,8,10,12,6,1,0,45,1,12,3,12003,2,2007,1ZVFT80N7753,1,Z,V,F,T,8,0,N,7,7,5,3,0,0,0,000000000,00000000000,0,0,0,1,0,0,0,0,0,0,0,35,0,0,0,3,6,2,12,0,0,0,1,45,29732,6,1,0,0,3,3,69,165,0,1,0,0,0,2,2011,2,2011,4,87,0,0,0,2,4,45,1,2,2,4,0,0,1,5,99,4,2,64,1,0
45,450066,1,1,1,14,2,21,0,8,0,1,1,45,1,49,442,49442,20,2004,5TDZA22C74S1,5,T,D,Z,A,2,2,C,7,4,S,1,0,0,0,000000000,00000000000,0,0,0,1,0,0,0,0,0,0,0,999,0,0,0,12,9,5,8,0,0,0,1,45,29910,1,1,5,0,2,0,64,135,1,2,1,0,0,7,2011,8,2013,0,0,0,0,0,1,2,25,1,1,2,1,0,0,1,82,99,1,1,13,0,0
45,450067,1,1,4,15,2,21,5,8,0,1,0,45,1,49,40,49040,4,2005,4T1BE32K65U6,4,T,1,B,E,3,2,K,6,5,U,6,0,0,0,000000000,00000000000,0,0,0,1,0,0,0,0,0,0,0,51,0,0,0,12,6,2,8,0,0,0,1,45,29684,6,1,0,0,3,0,66,200,0,0,0,0,0,0,0,0,0,0,0,0,0,0,1,2,55,1,1,2,1,0,0,1,80,99,1,1,13,0,0
45,450068,1,1,1,15,2,1,5,42,0,1,0,51,1,35,48,35048,2,2003,JN1AZ34E73T0,J,N,1,A,Z,3,4,E,7,3,T,0,0,0,0,000000000,00000000000,0,0,0,1,0,0,0,0,0,0,0,70,0,1,3,9,6,2,1,0,0,0,1,45,29902,6,1,0,0,3,0,69,134,0,0,0,0,0,0,0,0,0,0,99,99,99,99,3,4,70,1,1,2,1,0,0,1,12,99,9,4,6,1,0
45,450069,1,1,2,15,2,18,33,34,0,1,0,45,1,7,482,7482,31,2003,1D7HA16D93J5,1,D,7,H,A,1,6,D,9,3,J,5,0,0,0,000000000,00000000000,0,0,0,1,0,0,0,0,0,0,0,55,0,1,5,99,6,2,1,0,0,0,1,45,29526,6,1,0,0,3,3,71,180,0,1,0,0,0,5,2011,5,2011,4,0,0,0,0,1,2,25,3,1,2,1,0,0,14,13,99,1,4,1,1,1
45,450070,1,1,1,15,2,16,40,21,0,1,0,37,1,49,442,49442,20,2006,5TDZA23C86S5,5,T,D,Z,A,2,3,C,8,6,S,5,0,0,0,000000000,00000000000,0,0,0,1,0,0,0,0,0,0,0,65,0,1,3,98,6,2,3,0,0,0,1,37,28562,6,1,0,0,3,3,68,999,1,0,0,0,0,1,2014,1,2014,0,99,99,99,99,2,2,60,1,1,2,1,0,0,1,12,99,9,4,6,1,0
45,450071,1,1,1,15,2,17,0,1,0,1,0,13,1,12,471,12471,30,2003,1FTYR10D03PA,1,F,T,Y,R,1,0,D,0,3,P,A,0,0,0,000000000,00000000000,0,0,0,1,0,0,0,0,0,0,0,50,0,1,6,0,6,2,42,0,0,0,1,13,31329,6,1,0,0,3,3,69,170,98,0,0,0,0,0,0,0,0,0,0,0,0,0,1,2,55,1,1,2,1,0,0,1,12,99,9,4,6,1,0
45,450072,1,1,2,16,2,6,0,35,0,1,0,45,1,22,22,22022,4,2009,1G2ZJ57B8942,1,G,2,Z,J,5,7,B,8,9,4,2,0,0,0,000000000,00000000000,0,0,0,1,0,0,0,0,0,0,0,86,0,1,5,12,6,2,1,0,0,0,1,45,29135,6,1,6,3,3,0,74,175,1,0,0,0,0,10,2011,10,2011,0,39,0,0,0,2,4,55,1,1,2,1,20,3,1,13,99,1,4,1,1,1
45,450073,1,1,3,17,2,13,45,42,0,1,0,45,1,49,32,49032,4,1995,1NXAE09B5SZ2,1,N,X,A,E,0,9,B,5,S,Z,2,0,0,0,000000000,00000000000,0,0,0,1,0,0,0,0,0,0,0,64,0,0,0,5,6,2,42,0,0,0,1,45,29340,6,1,0,0,3,3,67,210,1,0,0,1,0,9,2012,12,2013,3,0,0,0,0,1,2,35,1,1,2,1,0,0,1,12,99,1,4,6,2,0
45,450074,1,2,1,18,2,6,45,12,6,1,0,45,1,72,706,72706,80,2013,1HD1KEM12DB6,1,H,D,1,K,E,M,1,2,D,B,6,0,0,0,000000000,00000000000,0,0,0,1,0,0,0,0,0,0,0,45,0,0,0,12,6,2,12,0,0,0,1,45,29360,6,1,0,0,3,0,65,180,0,1,0,1,0,4,2013,2,2014,0,0,0,0,0,1,2,55,1,2,2,1,0,0,1,66,99,1,1,69,1,0
45,450074,2,2,5,18,2,6,45,12,6,1,0,45,3,82,981,82981,50,1984,4UZABRDT5ECF,4,U,Z,A,B,R,D,T,5,E,C,F,0,0,77,777777777,77777777777,3,21,22,1,0,0,0,0,1,2,0,10,0,0,0,4,6,2,12,0,0,0,1,45,29370,6,1,6,3,3,0,68,184,0,0,0,0,0,0,0,0,0,0,38,0,0,0,1,2,55,1,2,2,1,0,0,11,15,99,1,1,68,0,0
45,450075,1,2,1,19,2,7,20,12,2,1,0,93,3,82,881,82881,66,2013,1FVACXDT8DHF,1,F,V,A,C,X,D,T,8,D,H,F,1,1,42,0242294,420242294,3,6,1,1,0,0,0,0,0,0,0,45,0,0,0,12,6,2,12,0,0,0,1,37,27410,6,1,6,3,3,3,999,999,0,0,0,0,0,0,0,0,0,0,0,0,0,0,1,2,45,3,2,2,2,0,0,14,62,99,1,1,51,0,0
45,450075,2,2,1,19,2,7,20,12,2,1,0,13,1,20,9,20009,2,1995,2G1FP22S6S21,2,G,1,F,P,2,2,S,6,S,2,1,0,0,0,000000000,00000000000,0,0,0,1,0,0,0,0,0,0,0,45,0,0,0,12,6,2,12,0,0,0,1,13,30643,6,1,0,0,3,0,78,185,98,1,0,0,2,8,2011,1,2014,0,0,0,0,0,1,2,45,2,2,2,2,0,0,14,10,99,1,2,50,1,0
45,450076,1,1,1,21,2,6,0,11,0,1,0,45,2,49,401,49401,14,2001,JT3GN86R4101,J,T,3,G,N,8,6,R,4,1,0,1,0,0,0,000000000,00000000000,0,0,0,1,0,0,0,0,0,0,0,35,0,1,5,12,6,2,1,0,0,0,1,45,29325,6,2,0,0,3,0,62,160,0,0,0,0,0,0,0,0,0,0,83,0,0,0,1,2,35,1,1,2,1,0,0,17,87,6,9,1,13,1,0
45,450077,1,1,2,24,1,4,43,30,0,1,0,45,1,14,6,14006,4,2000,2MEFM75W5YX6,2,M,E,F,M,7,5,W,5,Y,X,6,0,0,0,000000000,00000000000,0,0,0,1,0,0,0,0,0,0,0,100,0,0,0,2,6,2,42,0,0,0,1,45,29828,6,1,0,0,3,0,70,202,0,0,0,0,0,0,0,0,0,4,8,58,37,0,1,2,55,4,2,2,1,0,0,14,13,99,1,4,1,1,1
45,450078,1,2,1,14,2,13,6,12,2,1,0,45,2,12,17,12017,4,2000,1FAFP53U7YG2,1,F,A,F,P,5,3,U,7,Y,G,2,0,0,0,000000000,00000000000,0,0,0,1,0,0,0,0,0,0,0,85,0,0,0,12,6,2,12,0,0,0,1,45,29907,1,1,5,0,2,0,70,155,1,1,1,0,0,11,2012,2,2013,3,8,27,0,0,2,2,55,3,1,2,1,0,0,14,10,99,1,2,50,1,0
45,450078,2,2,2,14,2,13,6,12,2,1,0,45,1,12,481,12481,31,2011,1FTEX1CM0BFC,1,F,T,E,X,1,C,M,0,B,F,C,0,0,0,000000000,00000000000,0,0,0,1,0,0,0,0,0,0,0,5,0,0,0,12,6,2,12,0,0,0,1,45,29907,6,1,0,0,3,0,74,215,0,0,0,0,0,0,0,0,0,0,0,0,0,0,2,2,55,2,1,2,1,0,0,14,62,7,1,1,51,0,0
45,450079,1,2,1,21,2,18,40,12,2,1,0,45,1,49,40,49040,4,2005,4T1BE32K35U4,4,T,1,B,E,3,2,K,3,5,U,4,0,0,0,000000000,00000000000,0,0,0,1,0,0,0,0,0,0,0,55,0,0,0,12,6,2,12,0,0,0,1,45,29943,6,1,0,0,3,3,63,188,0,0,0,0,0,0,0,0,0,0,0,0,0,0,1,2,55,1,1,2,1,0,0,1,62,99,1,1,51,0,0
45,450079,2,2,2,21,2,18,40,12,2,1,0,45,2,12,37,12037,6,2002,1FAFP36322W2,1,F,A,F,P,3,6,3,2,2,W,2,0,0,0,000000000,00000000000,0,0,0,1,0,0,0,0,0,0,0,55,0,0,0,12,6,2,12,0,0,0,1,45,29934,1,1,5,0,2,0,71,135,0,4,0,1,0,8,2012,6,2013,0,28,0,0,0,1,2,55,1,1,2,1,0,0,1,10,99,1,2,50,1,1
45,450080,1,2,1,22,2,10,45,12,6,1,0,45,1,37,32,37032,4,2007,1HGCM66517A0,1,H,G,C,M,6,6,5,1,7,A,0,0,0,0,000000000,00000000000,0,0,0,1,0,0,0,0,0,0,0,5,0,0,0,12,6,2,12,0,0,0,1,45,29812,6,1,6,3,3,3,70,204,0,0,0,0,0,0,0,0,0,0,38,0,0,0,1,2,45,1,1,2,1,20,3,1,66,99,1,1,88,0,0
45,450080,2,2,4,22,2,10,45,12,6,1,0,45,1,12,481,12481,31,2005,1FTRF122X5NA,1,F,T,R,F,1,2,2,X,5,N,A,0,0,0,000000000,00000000000,0,0,0,1,0,0,0,0,0,0,0,999,0,0,0,9,6,2,12,0,0,0,1,45,29107,6,1,0,0,3,3,70,295,0,2,0,1,0,9,2011,10,2013,0,0,0,0,0,1,2,45,1,1,2,1,0,0,1,66,99,1,1,89,1,0
45,450081,1,1,1,22,2,5,20,34,0,1,0,45,1,3,402,3402,14,2007,5GTDN13E5781,5,G,T,D,N,1,3,E,5,7,8,1,0,0,0,000000000,00000000000,0,0,0,1,0,0,0,0,0,0,0,90,0,0,0,12,6,2,42,0,0,0,1,45,29673,6,1,6,0,3,0,70,200,0,1,0,0,0,5,2013,5,2013,0,8,0,0,0,1,2,35,1,1,2,1,0,0,1,13,99,9,4,1,1,1
45,450082,1,1,3,9,1,23,2,9,0,1,0,45,3,98,881,98881,60,2007,1K9AF42817N0,1,K,9,A,F,4,2,8,1,7,N,0,0,0,77,777777777,77777777777,2,1,1,1,0,0,0,0,0,7,0,70,0,0,0,12,2,5,9,0,0,0,1,45,29485,6,1,0,0,2,0,70,235,0,0,0,0,0,0,0,0,0,0,0,0,0,0,2,3,45,1,1,2,1,0,0,1,83,6,1,2,13,0,0
45,450083,1,1,2,28,1,21,21,42,0,1,0,45,2,52,37,52037,2,1996,4A3AK34Y3TE3,4,A,3,A,K,3,4,Y,3,T,E,3,0,0,0,000000000,00000000000,0,0,0,1,0,0,0,0,0,0,0,67,0,0,0,10,6,2,42,0,0,0,1,45,29910,0,0,0,0,0,0,999,999,99,99,99,99,99,99,9999,99,9999,3,0,0,0,0,2,2,45,4,1,2,2,0,0,14,12,99,9,4,6,1,1
45,450084,1,2,1,7,2,20,53,12,2,1,0,45,1,49,46,49046,5,2010,JTDKN3DU1A00,J,T,D,K,N,3,D,U,1,A,0,0,0,0,0,000000000,00000000000,0,0,0,1,0,0,0,0,0,0,0,55,0,0,0,12,6,2,12,0,0,0,1,45,29649,6,1,0,0,3,0,67,150,0,0,0,0,0,0,0,0,0,0,0,0,0,0,1,2,55,1,1,2,1,0,0,1,62,99,1,1,51,1,0
45,450084,2,2,1,7,2,20,53,12,2,1,0,45,1,6,43,6043,4,2010,1C3CC4FBXAN1,1,C,3,C,C,4,F,B,X,A,N,1,0,0,0,000000000,00000000000,0,0,0,1,0,0,0,0,0,0,0,55,0,0,0,12,6,2,12,0,0,0,1,45,29138,6,1,0,0,3,3,69,150,0,0,0,0,0,0,0,0,0,0,28,0,0,0,1,2,55,1,1,2,1,0,0,17,10,6,1,2,50,0,0
45,450085,1,2,1,24,2,18,31,12,2,1,0,45,1,12,471,12471,30,1996,1FTCR10A7TTA,1,F,T,C,R,1,0,A,7,T,T,A,0,0,0,000000000,00000000000,0,0,0,1,0,0,0,0,0,0,0,67,0,0,0,12,6,2,12,0,0,0,1,45,29718,6,1,0,0,3,0,67,177,0,0,0,0,0,0,0,0,0,0,0,0,0,0,1,2,45,1,1,2,1,20,3,1,62,99,1,1,51,1,0
45,450085,2,2,1,24,2,18,31,12,2,1,0,45,1,49,402,49402,14,2010,JTMZF4DV0AD0,J,T,M,Z,F,4,D,V,0,A,D,0,0,0,0,000000000,00000000000,0,0,0,1,0,0,0,0,0,0,0,999,0,0,0,12,6,2,12,0,0,0,1,45,29067,6,1,0,0,3,0,65,225,0,0,0,0,0,0,0,0,0,0,0,0,0,0,1,2,45,1,1,2,1,20,3,1,62,99,1,2,50,0,0