STATE,ST_CASE,VEH_NO,VE_FORMS,NUMOCCS,DAY,MONTH,HOUR,MINUTE,HARM_EV,MAN_COLL,UNITTYPE,HIT_RUN,REG_STAT,OWNER,MAKE,MODEL,MAK_MOD,BODY_TYP,MOD_YEAR,VIN,VIN_1,VIN_2,VIN_3,VIN_4,VIN_5,VIN_6,VIN_7,VIN_8,VIN_9,VIN_10,VIN_11,VIN_12,TOW_VEH,J_KNIFE,MCARR_I1,MCARR_I2,MCARR_ID,GVWR,V_CONFIG,CARGO_BT,HAZ_INV,HAZ_PLAC,HAZ_ID,HAZ_CNO,HAZ_REL,BUS_USE,SPEC_USE,EMER_USE,TRAV_SP,UNDERIDE,ROLLOVER,ROLINLOC,IMPACT1,DEFORMED,TOWED,M_HARM,VEH_SC1,VEH_SC2,FIRE_EXP,DR_PRES,L_STATE,DR_ZIP,L_STATUS,L_TYPE,CDL_STAT,L_ENDORS,L_COMPL,L_RESTRI,DR_HGT,DR_WGT,PREV_ACC,PREV_SUS,PREV_DWI,PREV_SPD,PREV_OTH,FIRST_MO,FIRST_YR,LAST_MO,LAST_YR,SPEEDREL,DR_SF1,DR_SF2,DR_SF3,DR_SF4,VTRAFWAY,VNUM_LAN,VSPD_LIM,VALIGN,VPROFILE,VPAVETYP,VSURCOND,VTRAFCON,VTCONT_F,P_CRASH1,P_CRASH2,P_CRASH3,PCRASH4,PCRASH5,ACC_TYPE,DEATHS,DR_DRINK
45,450086,1,2,1,24,2,1,45,12,2,1,0,45,1,37,31,37031,2,1997,1HGEJ8242VL1,1,H,G,E,J,8,2,4,2,V,L,1,0,0,0,000000000,00000000000,0,0,0,1,0,0,0,0,0,0,0,70,0,0,0,12,6,2,12,0,0,0,1,45,29303,6,1,0,0,3,0,68,140,0,0,0,0,0,0,0,0,0,0,51,0,0,0,3,6,70,1,1,2,1,0,0,1,54,99,1,1,50,1,1
45,450086,2,2,2,24,2,1,45,12,2,1,0,1,3,82,881,82881,66,2013,1FUJGLDR4DSB,1,F,U,J,G,L,D,R,4,D,S,B,1,1,1,0165420,010165420,3,6,1,1,0,0,0,0,0,0,0,70,0,0,0,12,6,2,12,0,0,0,1,1,35215,6,1,6,3,3,3,67,205,0,0,0,0,0,0,0,0,0,0,0,0,0,0,3,6,70,1,1,2,1,0,0,1,54,99,1,1,51,0,0
45,450087,1,1,1,24,2,2,50,1,0,1,0,45,1,72,706,72706,80,2003,1HD1FHW143Y7,1,H,D,1,F,H,W,1,4,3,Y,7,0,0,0,000000000,00000000000,0,0,0,1,0,0,0,0,0,0,0,35,0,0,0,0,6,2,1,0,0,0,1,45,29365,6,1,0,0,3,3,72,220,0,0,0,0,0,0,0,0,0,0,0,0,0,0,1,2,25,3,2,2,1,0,0,14,13,99,9,4,1,1,1
45,450088,1,3,1,24,2,14,0,12,6,1,0,45,1,20,2,20002,4,2004,2G1WF52E6494,2,G,1,W,F,5,2,E,6,4,9,4,0,0,0,000000000,00000000000,0,0,0,1,0,0,0,0,0,0,0,45,0,0,0,12,6,2,12,0,0,0,1,45,29316,6,1,0,0,3,3,70,320,0,0,0,0,0,0,0,0,0,0,38,0,0,0,1,2,45,1,1,2,1,3,3,1,66,99,1,1,86,1,0
45,450088,2,3,1,24,2,14,0,12,6,1,0,45,1,37,441,37441,20,2004,5FNRL18664B0,5,F,N,R,L,1,8,6,6,4,B,0,0,0,0,000000000,00000000000,0,0,0,1,0,0,0,0,0,0,0,15,0,0,0,3,6,2,12,0,0,0,1,45,29323,6,1,0,0,3,3,68,265,0,0,0,0,0,0,0,0,0,0,0,0,0,0,1,2,45,1,1,2,1,3,3,1,66,99,1,1,87,0,0
45,450088,3,3,1,24,2,14,0,12,6,1,0,45,2,49,472,49472,30,2001,5TENL42N91Z7,5,T,E,N,L,4,2,N,9,1,Z,7,0,0,0,000000000,00000000000,0,0,0,1,0,0,0,0,0,0,0,0,0,0,0,12,6,2,12,0,0,0,1,45,29330,6,1,0,0,3,0,65,165,0,1,0,0,1,9,2012,7,2013,0,0,0,0,0,1,2,45,1,1,2,1,3,3,5,62,99,1,1,98,0,0
45,450089,1,2,1,25,2,16,50,7,0,1,0,24,3,51,881,51881,66,2002,4V4NC9GH62N3,4,V,4,N,C,9,G,H,6,2,N,3,1,1,24,2421624,242421624,3,6,1,1,0,0,0,0,0,0,0,70,0,0,0,0,0,5,7,0,0,0,1,24,21222,6,1,6,0,3,0,68,278,0,5,0,2,0,1,2012,8,2013,0,27,0,0,0,2,4,70,1,1,2,1,0,0,15,98,99,1,2,0,0,0
45,450089,2,2,1,25,2,16,50,7,0,1,0,37,1,55,401,55401,14,2005,KM8JN12D95U1,K,M,8,J,N,1,2,D,9,5,U,1,0,0,0,000000000,00000000000,0,0,0,1,0,0,0,0,0,0,0,70,0,0,0,12,6,2,42,0,0,0,1,37,28203,6,1,0,0,3,0,66,999,0,0,0,0,0,0,0,0,0,0,0,0,0,0,2,4,70,1,1,2,1,0,0,17,60,6,1,4,98,1,0
45,450090,1,1,2,27,2,5,55,8,0,1,0,45,3,12,881,12881,61,2008,1FDAW56R78EB,1,F,D,A,W,5,6,R,7,8,E,B,0,0,45,2190305,452190305,2,1,97,1,0,0,0,0,0,0,0,30,0,0,0,12,0,5,8,0,0,0,1,45,29510,6,1,0,0,3,0,68,185,0,1,0,0,0,12,2012,12,2012,0,0,0,0,0,1,2,35,1,1,2,1,0,0,1,80,1,1,1,13,0,0
45,450091,1,1,1,28,2,22,15,42,0,1,0,45,2,37,421,37421,15,2004,5FNYF18494B0,5,F,N,Y,F,1,8,4,9,4,B,0,0,0,0,000000000,00000000000,0,0,0,1,0,0,0,0,0,0,0,55,0,0,0,12,6,2,42,0,0,0,1,45,29470,1,1,5,0,2,0,71,235,0,0,0,0,0,0,0,0,0,0,99,99,99,99,1,2,45,2,1,2,1,0,0,14,12,99,1,4,6,1,1
45,450092,1,1,2,28,2,21,20,9,0,1,0,45,1,20,471,20471,30,1995,1GCCS1944S82,1,G,C,C,S,1,9,4,4,S,8,2,0,0,0,000000000,00000000000,0,0,0,1,0,0,0,0,0,0,0,40,0,0,0,12,2,5,9,0,0,0,1,45,29644,6,1,0,0,3,0,68,135,0,0,0,0,0,0,0,0,0,0,0,0,0,0,2,6,40,1,1,2,1,0,0,1,80,99,1,1,13,0,0
45,450093,1,1,1,1,3,19,30,8,0,1,1,37,1,23,481,23481,31,1997,1GTEC14R1VE5,1,G,T,E,C,1,4,R,1,V,E,5,0,0,0,000000000,00000000000,0,0,0,1,0,0,0,0,0,0,0,35,0,0,0,12,2,5,8,0,0,0,1,37,28673,6,1,0,0,3,0,999,999,99,99,99,99,99,99,9999,99,9999,0,86,0,0,0,1,2,45,1,1,2,1,0,0,1,80,99,1,1,13,0,0
45,450094,1,2,1,1,3,23,15,12,6,1,0,45,2,12,481,12481,31,1994,1FTEX15N9RKB,1,F,T,E,X,1,5,N,9,R,K,B,0,0,0,000000000,00000000000,0,0,0,1,0,0,0,0,0,0,0,40,0,0,0,2,6,2,12,0,0,0,1,45,29053,6,1,0,0,3,0,68,145,1,0,0,2,0,8,2011,1,2013,0,38,0,0,0,1,2,45,1,1,2,1,0,0,11,55,99,1,2,68,0,1
45,450094,2,2,1,1,3,23,15,12,6,1,0,45,1,72,706,72706,80,2001,1HD1FRW121Y6,1,H,D,1,F,R,W,1,2,1,Y,6,0,0,0,000000000,00000000000,0,0,0,1,0,0,0,0,0,0,0,45,0,0,0,12,6,2,12,0,0,0,1,45,29053,6,1,0,0,3,0,69,260,0,0,0,0,0,0,0,0,0,0,0,0,0,0,1,2,45,1,1,2,1,0,0,1,63,99,1,1,69,1,1
45,450095,1,1,1,2,3,0,5,42,0,1,0,45,2,20,481,20481,31,2004,1GCEK19T14E1,1,G,C,E,K,1,9,T,1,4,E,1,0,0,0,000000000,00000000000,0,0,0,1,0,0,0,0,0,0,0,110,0,0,0,12,6,2,42,0,0,0,1,45,29838,1,1,5,0,2,0,66,215,0,0,0,1,0,8,2013,8,2013,0,0,0,0,0,1,2,55,1,1,2,1,0,0,1,12,99,1,4,6,1,1
45,450096,1,3,1,2,3,17,50,12,1,1,0,45,2,12,3,12003,2,2005,1ZVFT82HX551,1,Z,V,F,T,8,2,H,X,5,5,1,0,0,0,000000000,00000000000,0,0,0,1,0,0,0,0,0,0,0,45,0,0,0,6,0,5,12,0,0,0,1,45,29617,1,1,5,0,2,0,69,180,1,2,0,2,0,7,2011,12,2013,0,0,0,0,0,1,2,55,1,1,2,1,0,0,2,53,99,1,1,29,0,0
45,450096,2,3,1,2,3,17,50,12,1,1,0,45,2,53,706,53706,80,1999,JS1VT52A0X21,J,S,1,V,T,5,2,A,0,X,2,1,0,0,0,000000000,00000000000,0,0,0,1,0,0,0,0,0,0,0,60,0,0,0,12,2,3,12,0,0,0,1,45,29617,6,1,0,0,3,0,71,210,0,1,0,1,0,5,2013,7,2013,4,0,0,0,0,1,2,55,1,1,2,1,0,0,1,52,99,1,1,28,1,1
45,450096,3,3,1,2,3,17,50,12,1,1,0,37,1,12,471,12471,30,1997,1FTCR14A4VPA,1,F,T,C,R,1,4,A,4,V,P,A,0,0,0,000000000,00000000000,0,0,0,1,0,0,0,0,0,0,0,35,0,0,0,19,0,5,18,0,0,0,1,37,28731,6,1,0,0,3,0,74,999,0,0,0,0,0,0,0,0,0,0,81,0,0,0,1,2,55,1,1,2,1,0,0,1,98,99,1,1,98,0,0
45,450097,1,1,2,2,3,23,0,1,0,1,0,37,1,7,482,7482,31,2003,1D7HU16NX3J6,1,D,7,H,U,1,6,N,X,3,J,6,0,0,0,000000000,00000000000,0,0,0,1,0,0,0,0,0,0,0,74,0,1,5,0,6,2,1,0,0,0,1,45,29621,6,1,0,0,3,0,67,140,0,0,0,0,0,0,0,0,0,3,58,0,0,0,1,2,45,1,1,2,1,0,0,1,12,99,9,4,6,1,1
45,450098,1,2,2,4,3,19,0,12,1,1,0,45,1,34,34,34034,2,1997,WBSBG9327VEY,W,B,S,B,G,9,3,2,7,V,E,Y,0,0,0,000000000,00000000000,0,0,0,1,0,0,0,0,0,0,0,75,0,0,0,12,6,2,12,0,0,0,1,45,29301,6,1,0,0,3,0,74,180,2,0,0,2,1,8,2011,3,2013,0,27,0,0,0,3,6,60,1,1,2,1,0,0,15,51,99,1,2,24,0,0
45,450098,2,2,4,4,3,19,0,12,1,1,0,6,2,49,442,49442,20,2002,4T3ZF19C72U4,4,T,3,Z,F,1,9,C,7,2,U,4,0,0,0,000000000,00000000000,0,0,0,1,0,0,0,0,0,0,0,65,0,1,1,6,6,2,1,0,0,0,1,6,90037,6,1,0,0,3,0,999,999,99,99,99,99,99,99,9999,99,9999,0,0,0,0,0,3,6,60,1,1,2,1,0,0,1,60,99,1,1,25,1,0
45,450099,1,2,1,4,3,13,25,12,2,1,0,37,3,86,881,86881,66,2000,1M1AE07Y7YW0,1,M,1,A,E,0,7,Y,7,Y,W,0,1,1,37,1498885,371498885,3,6,10,1,0,0,0,0,0,0,0,55,0,0,0,12,6,2,12,0,0,1,1,37,28360,6,1,6,0,3,0,73,999,0,0,0,0,0,0,0,0,0,0,0,0,0,0,1,2,55,1,1,2,1,0,0,1,62,99,1,1,51,0,0
45,450099,2,2,2,4,3,13,25,12,2,1,0,45,1,41,471,41471,30,1999,4F4YR12CXXTM,4,F,4,Y,R,1,2,C,X,X,T,M,0,0,0,000000000,00000000000,0,0,0,1,0,0,0,0,0,0,0,55,0,0,0,12,6,2,12,0,0,0,1,45,29512,6,2,0,0,3,0,70,165,1,0,0,0,1,9,2013,9,2013,0,28,0,0,0,1,2,55,1,1,2,1,0,0,1,12,99,1,2,50,2,0
45,450100,1,1,2,4,3,17,55,34,0,1,0,45,2,35,47,35047,4,2009,1N4AL21E29N5,1,N,4,A,L,2,1,E,2,9,N,5,0,0,0,000000000,00000000000,0,0,0,1,0,0,0,0,0,0,0,74,0,1,5,12,6,2,1,0,0,1,1,45,29669,1,1,5,0,2,0,69,180,0,2,0,0,1,1,2012,11,2013,3,8,0,0,0,1,2,35,1,1,2,1,0,0,1,13,99,9,4,1,1,0
45,450101,1,2,1,6,3,4,35,12,1,1,0,45,1,12,37,12037,4,2008,1FAHP35NX8W1,1,F,A,H,P,3,5,N,X,8,W,1,0,0,0,000000000,00000000000,0,0,0,1,0,0,0,0,0,0,0,30,0,0,0,6,2,5,12,0,0,0,1,45,29429,6,1,0,0,3,0,69,183,0,0,0,0,0,0,0,0,0,0,0,0,0,0,2,3,35,2,1,2,1,0,0,14,53,99,1,1,25,0,0
45,450101,2,2,1,6,3,4,35,12,1,1,0,45,1,34,706,34706,80,2012,WB1053407CZL,W,B,1,0,5,3,4,0,7,C,Z,L,0,0,0,000000000,00000000000,0,0,0,1,0,0,0,0,0,0,0,35,0,0,0,12,2,3,12,0,0,0,1,45,29687,1,1,5,0,2,0,72,185,2,2,0,3,0,3,2012,1,2014,0,0,0,0,0,2,3,35,2,1,2,1,0,0,14,51,99,1,1,24,1,1
45,450102,1,2,4,7,3,16,5,12,6,1,0,45,1,63,33,63033,4,2006,KNAFE1212652,K,N,A,F,E,1,2,1,2,6,5,2,0,0,0,000000000,00000000000,0,0,0,1,0,0,0,0,0,0,0,40,0,0,0,12,6,2,12,0,0,0,1,45,29080,6,1,0,0,3,3,66,186,0,0,0,0,0,0,0,0,0,0,0,0,0,0,2,4,45,1,1,2,2,0,0,1,66,99,1,1,86,1,0
45,450102,2,2,1,7,3,16,5,12,6,1,0,45,2,7,29,7029,4,2013,1C3CDFAA2DD2,1,C,3,C,D,F,A,A,2,D,D,2,0,0,0,000000000,00000000000,0,0,0,1,0,0,0,0,0,0,0,40,0,0,0,2,6,2,12,0,0,0,1,45,29154,0,0,0,0,0,0,999,999,99,99,99,99,99,99,9999,99,9999,0,38,0,0,0,2,4,45,3,1,2,2,21,3,14,66,99,1,1,87,0,0
45,450103,1,1,2,10,3,23,27,39,0,1,0,45,2,7,43,7043,4,2002,1B3EL46X22N2,1,B,3,E,L,4,6,X,2,2,N,2,0,0,0,000000000,00000000000,0,0,0,1,0,0,0,0,0,0,0,81,0,0,0,4,6,2,39,0,0,1,1,45,29403,6,1,0,0,3,0,67,160,0,0,0,0,0,0,0,0,0,3,8,0,0,0,1,2,35,1,1,2,1,0,0,6,12,99,1,4,6,2,0
45,450104,1,2,2,8,3,17,40,12,6,1,0,45,1,12,481,12481,31,2002,1FTWW33F02ED,1,F,T,W,W,3,3,F,0,2,E,D,0,0,0,000000000,00000000000,0,0,0,1,0,0,0,0,0,0,0,35,0,0,0,2,2,5,12,0,0,0,1,45,29532,6,1,6,3,3,0,67,210,0,1,0,0,0,11,2011,11,2011,0,0,0,0,0,1,2,35,1,1,2,1,0,0,1,66,6,1,1,87,0,0
45,450104,2,2,1,8,3,17,40,12,6,1,0,45,1,98,709,98709,81,9999,999999999999,9,9,9,9,9,9,9,9,9,9,9,9,0,0,0,000000000,00000000000,0,0,0,1,0,0,0,0,0,0,0,15,0,0,0,12,6,2,12,0,0,0,1,45,29527,1,1,5,0,2,0,71,160,0,2,0,0,0,1,2013,6,2013,0,38,0,0,0,1,2,35,1,1,2,1,20,3,1,66,99,1,1,86,1,0
45,450105,1,2,1,9,3,16,20,12,6,1,0,45,1,20,2,20002,4,2004,2G1WF55E6493,2,G,1,W,F,5,5,E,6,4,9,3,0,0,0,000000000,00000000000,0,0,0,1,0,0,0,0,0,0,0,60,0,0,0,12,6,2,12,0,0,0,1,45,29003,6,1,0,0,3,0,70,205,0,0,0,0,0,0,0,0,0,0,0,0,0,0,2,4,60,1,1,2,1,0,0,1,66,99,1,1,69,0,0
45,450105,2,2,1,9,3,16,20,12,6,1,0,45,1,21,1,21001,2,1985,1G3GM47Y7FP3,1,G,3,G,M,4,7,Y,7,F,P,3,0,0,0,000000000,00000000000,0,0,0,1,0,0,0,0,0,0,0,10,0,0,0,3,6,2,12,0,0,0,1,45,29018,6,1,0,0,3,3,74,200,0,0,0,0,0,0,0,0,0,0,38,0,0,0,2,4,60,1,1,2,1,0,0,11,66,99,1,1,68,1,0
45,450106,1,2,1,10,3,23,3,12,2,1,0,13,3,49,32,49032,4,2013,5YFBU4EE9DP1,5,Y,F,B,U,4,E,E,9,D,P,1,0,0,0,000000000,00000000000,0,0,0,1,0,0,0,0,0,0,0,45,0,0,0,12,6,2,12,0,0,0,1,45,29680,6,1,0,0,3,0,71,143,2,0,0,0,0,3,2012,2,2013,0,0,0,0,0,1,2,45,1,1,2,1,0,0,1,62,99,1,1,51,0,0
45,450106,2,2,1,10,3,23,3,12,2,1,0,45,1,20,481,20481,31,1989,1GCDC14Z7KE2,1,G,C,D,C,1,4,Z,7,K,E,2,0,0,0,000000000,00000000000,0,0,0,1,0,0,0,0,0,0,0,45,0,1,1,12,6,2,1,0,0,0,1,45,29680,6,1,0,0,3,0,66,165,0,0,0,0,0,0,0,0,0,0,28,0,0,0,1,2,45,1,1,2,1,0,0,1,10,99,1,2,50,1,1
45,450107,1,1,1,10,3,5,27,35,0,1,0,45,1,13,1,13001,4,1998,1LNFM82W1WY7,1,L,N,F,M,8,2,W,1,W,Y,7,0,0,0,000000000,00000000000,0,0,0,1,0,0,0,0,0,0,0,100,0,1,5,99,6,2,1,0,0,0,1,45,29405,6,1,0,0,3,0,67,135,1,3,0,0,0,11,2011,2,2014,3,8,0,0,0,1,2,55,1,3,2,1,0,0,1,13,99,1,4,1,1,0
45,450108,1,2,1,13,3,0,35,12,2,1,0,37,3,84,881,84881,66,2005,3HSCNAPR35N0,3,H,S,C,N,A,P,R,3,5,N,0,1,1,37,1512993,371512993,3,6,1,1,0,0,0,0,0,0,0,70,0,1,5,12,6,2,42,0,0,0,1,37,27851,6,1,6,0,3,0,75,999,0,1,0,0,1,12,2011,2,2012,0,0,0,0,0,3,6,70,1,1,2,1,0,0,1,62,6,1,1,51,1,0
45,450108,2,2,1,13,3,0,35,12,2,1,0,51,1,2,404,2404,14,2004,1J4FA69S44P7,1,J,4,F,A,6,9,S,4,4,P,7,0,0,0,000000000,00000000000,0,0,0,1,0,0,0,0,0,0,0,30,0,0,0,12,6,2,12,0,0,0,1,48,77357,6,1,0,0,3,3,999,999,0,0,0,0,0,0,0,0,0,0,51,0,0,0,3,6,70,1,1,2,1,0,0,1,62,99,1,1,50,0,0
45,450109,1,1,1,15,3,3,25,42,0,1,0,45,1,52,34,52034,4,2000,4A3AA46G8YE0,4,A,3,A,A,4,6,G,8,Y,E,0,0,0,0,000000000,00000000000,0,0,0,1,0,0,0,0,0,0,0,60,0,0,0,3,6,2,42,0,0,0,1,45,29568,1,1,5,0,2,0,65,135,0,5,0,1,0,4,2011,12,2012,4,0,0,0,0,1,2,55,1,1,2,1,0,0,1,12,99,1,4,6,1,1
45,450110,1,1,1,15,3,11,10,21,0,1,0,45,1,49,472,49472,30,2006,3TMJU62NX6M0,3,T,M,J,U,6,2,N,X,6,M,0,0,0,0,000000000,00000000000,0,0,0,1,0,0,0,0,0,0,0,75,0,0,0,12,6,2,21,0,0,1,1,45,29644,6,1,0,0,3,0,72,220,0,0,0,0,0,0,0,0,0,0,0,0,0,0,2,6,40,2,1,2,1,0,0,14,12,99,9,4,6,1,1
45,450111,1,1,2,15,3,13,31,35,0,1,0,45,2,20,22,20022,4,2007,1G1AL55F4772,1,G,1,A,L,5,5,F,4,7,7,2,0,0,0,000000000,00000000000,0,0,0,1,0,0,0,0,0,0,0,75,0,1,5,2,6,2,30,0,0,0,1,45,29212,6,1,0,0,3,0,65,225,0,0,0,0,0,0,0,0,0,4,0,0,0,0,1,2,35,1,2,2,1,0,0,1,12,99,1,4,6,1,0
45,450112,1,1,1,16,3,3,20,42,0,1,0,45,2,20,481,20481,31,2014,1GCVKRECXEZ1,1,G,C,V,K,R,E,C,X,E,Z,1,0,0,0,000000000,00000000000,0,0,0,1,0,0,0,0,0,0,0,70,0,1,1,9,6,2,42,0,0,0,1,45,29126,6,1,0,0,3,0,70,140,0,0,0,1,0,2,2013,2,2013,4,0,0,0,0,1,2,35,2,1,2,1,0,0,14,12,99,1,4,6,1,1
45,450113,1,1,1,16,3,12,18,1,0,1,0,45,2,24,401,24401,14,2006,5GZCZ53486S8,5,G,Z,C,Z,5,3,4,8,6,S,8,0,0,0,000000000,00000000000,0,0,0,1,0,0,0,0,0,0,0,70,0,1,3,0,6,2,1,0,0,0,1,45,29505,1,1,5,0,2,0,63,138,0,2,0,0,0,12,2011,10,2013,4,0,0,0,0,2,4,70,1,1,2,2,0,0,1,12,99,1,4,6,1,1
45,450114,1,1,1,17,3,0,39,30,0,1,0,45,2,41,45,41045,1,2000,JM1NB3533Y01,J,M,1,N,B,3,5,3,3,Y,0,1,0,0,0,000000000,00000000000,0,0,0,1,0,0,0,0,0,0,0,80,0,0,0,10,6,2,30,0,0,0,1,45,29720,6,1,0,0,3,0,70,145,0,1,0,0,1,7,2013,8,2013,4,0,0,0,0,1,2,45,1,1,2,2,0,0,1,13,99,1,4,1,1,0
45,450115,1,1,1,17,3,18,24,42,0,1,0,45,1,7,472,7472,30,2000,1B7GL22Z6YS6,1,B,7,G,L,2,2,Z,6,Y,S,6,0,0,0,000000000,00000000000,0,0,0,1,0,0,0,0,0,0,0,50,0,0,0,9,6,2,42,0,0,0,1,45,29303,6,1,0,0,3,3,68,210,0,0,0,0,0,0,0,0,0,4,0,0,0,0,1,2,35,1,1,2,2,0,0,1,13,99,1,4,1,1,1
45,450116,1,1,2,18,3,2,19,33,0,1,0,45,1,13,5,13005,4,1996,1LNLM82W4TY6,1,L,N,L,M,8,2,W,4,T,Y,6,0,0,0,000000000,00000000000,0,0,0,1,0,0,0,0,0,0,0,60,0,0,0,12,6,2,42,0,0,0,1,45,29926,1,1,5,0,2,0,71,200,0,2,0,2,0,6,2012,10,2013,4,0,0,0,0,3,4,45,1,1,2,2,0,0,1,12,99,1,4,6,1,0
45,450117,1,1,2,19,3,7,45,34,0,1,0,45,1,23,481,23481,31,2006,2GTEC13T8612,2,G,T,E,C,1,3,T,8,6,1,2,0,0,0,000000000,00000000000,0,0,0,1,0,0,0,0,0,0,0,999,0,1,5,12,6,2,1,0,0,0,1,45,29545,6,1,0,0,3,3,70,270,0,0,0,0,0,0,0,0,0,4,0,0,0,0,1,2,55,1,1,2,2,0,0,6,13,99,1,4,1,1,0
45,450118,1,1,2,23,3,19,40,34,0,1,0,45,2,7,20,7020,4,2005,1B3ES56C25D1,1,B,3,E,S,5,6,C,2,5,D,1,0,0,0,000000000,00000000000,0,0,0,1,0,0,0,0,0,0,0,62,0,1,5,12,6,2,1,0,0,0,1,45,29536,1,1,5,0,2,0,61,130,0,6,0,0,0,3,2011,3,2012,0,0,0,0,0,1,2,55,1,1,2,1,0,0,1,12,99,1,4,6,1,1
45,450119,1,2,1,23,3,1,0,12,2,1,0,37,1,72,706,72706,80,2013,1HD1FBM13DB6,1,H,D,1,F,B,M,1,3,D,B,6,0,0,0,000000000,00000000000,0,0,0,1,0,0,0,0,0,0,0,55,0,0,0,12,6,2,12,0,0,0,1,37,28464,6,1,0,0,3,3,64,999,0,0,0,0,0,0,0,0,0,0,28,0,0,0,1,2,55,1,1,2,1,0,0,1,10,99,1,2,50,1,1
45,450119,2,2,2,23,3,1,0,12,2,1,0,45,2,49,40,49040,4,1999,JT2BG22K8X03,J,T,2,B,G,2,2,K,8,X,0,3,0,0,0,000000000,00000000000,0,0,0,1,0,0,0,0,0,0,0,40,0,0,0,12,6,2,12,0,0,0,1,45,29036,6,1,0,0,3,3,75,200,1,0,0,1,1,4,2011,12,2013,0,0,0,0,0,1,2,55,1,1,2,1,0,0,1,62,99,1,1,51,0,0
45,450120,1,1,1,15,3,16,0,1,0,1,0,37,1,76,704,76704,83,1999,JYACH04W6XA0,J,Y,A,C,H,0,4,W,6,X,A,0,0,0,0,000000000,00000000000,0,0,0,1,0,0,0,0,0,0,0,70,0,0,0,0,6,2,1,0,0,0,1,37,28379,6,1,0,0,3,0,71,999,0,0,0,0,1,1,2014,1,2014,3,0,0,0,0,1,2,55,1,1,2,1,0,0,1,99,99,1,1,98,1,0
45,450121,1,2,3,25,1,17,20,12,6,1,0,45,1,12,17,12017,4,1997,1FALP53SXVA1,1,F,A,L,P,5,3,S,X,V,A,1,0,0,0,000000000,00000000000,0,0,0,1,0,0,0,0,0,0,0,37,0,0,0,9,6,2,12,0,0,0,1,45,29526,6,1,0,0,3,3,66,145,0,0,0,0,0,0,0,0,0,0,0,0,0,0,1,2,45,1,1,2,1,0,0,1,66,99,1,1,89,1,0
45,450121,2,2,4,25,1,17,20,12,6,1,0,45,2,20,481,20481,31,2011,1GCRCSE0XBZ1,1,G,C,R,C,S,E,0,X,B,Z,1,0,0,0,000000000,00000000000,0,0,0,1,0,0,0,0,0,0,0,65,0,1,1,12,6,2,12,0,0,0,1,45,29527,6,1,0,0,3,0,65,160,1,0,0,0,0,4,2013,4,2013,0,0,0,0,0,1,2,45,1,1,2,1,20,3,1,66,99,1,1,88,1,1
45,450122,1,2,1,10,2,18,28,12,2,1,0,45,1,37,31,37031,4,2002,1HGES16562L0,1,H,G,E,S,1,6,5,6,2,L,0,0,0,0,000000000,00000000000,0,0,0,1,0,0,0,0,0,0,0,55,0,0,0,12,6,2,12,0,0,0,1,45,29150,1,1,5,0,2,0,66,210,0,0,0,0,0,0,0,0,0,0,28,0,0,0,1,2,55,2,1,2,1,0,0,14,10,99,1,3,50,1,0
45,450122,2,2,1,10,2,18,28,12,2,1,0,45,2,20,39,20039,4,2011,KL1TD5DE7BB2,K,L,1,T,D,5,D,E,7,B,B,2,0,0,0,000000000,00000000000,0,0,0,1,0,0,0,0,0,0,0,55,0,0,0,12,6,2,12,0,0,0,1,45,29152,6,1,0,0,3,0,60,141,0,0,0,0,0,0,0,0,0,0,0,0,0,0,1,2,55,3,1,2,1,0,0,14,62,99,1,1,51,0,0
45,450123,1,2,1,23,2,5,26,12,2,1,0,45,1,23,471,23471,30,1996,1GTCS1942T85,1,G,T,C,S,1,9,4,2,T,8,5,0,0,0,000000000,00000000000,0,0,0,1,0,0,0,0,0,0,0,80,0,0,0,12,6,2,12,0,0,0,1,45,29229,6,1,0,0,3,0,72,180,1,0,0,0,1,4,2011,4,2011,0,0,0,0,0,3,6,60,4,1,2,1,0,0,14,62,99,1,1,51,1,0
45,450123,2,2,2,23,2,5,26,12,2,1,0,45,2,12,481,12481,31,2004,1FTRX14WX4NC,1,F,T,R,X,1,4,W,X,4,N,C,0,0,0,000000000,00000000000,0,0,0,1,0,0,0,0,0,0,0,45,0,0,0,12,6,2,12,0,0,0,1,45,29210,1,1,5,0,2,0,67,185,0,6,0,1,0,5,2012,10,2013,0,51,0,0,0,3,6,60,4,1,2,1,0,0,14,54,99,1,1,50,0,1
45,450124,1,1,6,5,3,10,25,14,0,1,0,37,2,38,403,38403,14,1999,4S2CK57W5X43,4,S,2,C,K,5,7,W,5,X,4,3,0,0,0,000000000,00000000000,0,0,0,1,0,0,0,0,0,0,0,70,0,1,2,12,6,2,14,0,0,0,1,37,27803,6,1,0,0,3,0,66,999,0,1,0,0,1,1,2012,6,2013,0,0,0,0,0,2,4,70,1,1,2,2,0,0,1,13,99,1,4,1,3,0
45,450125,1,2,1,16,3,5,5,12,2,1,0,45,2,12,422,12422,15,2000,1FMRU17L1YLA,1,F,M,R,U,1,7,L,1,Y,L,A,0,0,0,000000000,00000000000,0,0,0,1,0,0,0,0,0,0,0,55,0,0,0,12,6,2,12,0,0,0,1,45,29123,6,1,0,0,3,0,69,220,0,0,0,0,0,0,0,0,0,0,0,0,0,0,1,2,55,1,1,2,2,0,0,1,62,99,1,1,51,0,1