STATE,ST_CASE,VEH_NO,VE_FORMS,NUMOCCS,DAY,MONTH,HOUR,MINUTE,HARM_EV,MAN_COLL,UNITTYPE,HIT_RUN,REG_STAT,OWNER,MAKE,MODEL,MAK_MOD,BODY_TYP,MOD_YEAR,VIN,VIN_1,VIN_2,VIN_3,VIN_4,VIN_5,VIN_6,VIN_7,VIN_8,VIN_9,VIN_10,VIN_11,VIN_12,TOW_VEH,J_KNIFE,MCARR_I1,MCARR_I2,MCARR_ID,GVWR,V_CONFIG,CARGO_BT,HAZ_INV,HAZ_PLAC,HAZ_ID,HAZ_CNO,HAZ_REL,BUS_USE,SPEC_USE,EMER_USE,TRAV_SP,UNDERIDE,ROLLOVER,ROLINLOC,IMPACT1,DEFORMED,TOWED,M_HARM,VEH_SC1,VEH_SC2,FIRE_EXP,DR_PRES,L_STATE,DR_ZIP,L_STATUS,L_TYPE,CDL_STAT,L_ENDORS,L_COMPL,L_RESTRI,DR_HGT,DR_WGT,PREV_ACC,PREV_SUS,PREV_DWI,PREV_SPD,PREV_OTH,FIRST_MO,FIRST_YR,LAST_MO,LAST_YR,SPEEDREL,DR_SF1,DR_SF2,DR_SF3,DR_SF4,VTRAFWAY,VNUM_LAN,VSPD_LIM,VALIGN,VPROFILE,VPAVETYP,VSURCOND,VTRAFCON,VTCONT_F,P_CRASH1,P_CRASH2,P_CRASH3,PCRASH4,PCRASH5,ACC_TYPE,DEATHS,DR_DRINK
45,450287,2,2,1,12,6,9,15,12,7,1,0,45,3,12,481,12481,31,2007,1FDAF56P87EA,1,F,D,A,F,5,6,P,8,7,E,A,0,0,45,1407319,451407319,2,1,97,1,0,0,0,0,0,0,0,20,0,0,0,2,0,5,12,0,0,0,1,45,29697,6,1,6,3,3,3,73,272,0,0,0,0,0,0,0,0,0,0,35,0,0,0,1,2,35,1,2,2,1,0,0,6,51,99,1,1,73,0,0
45,450288,1,1,1,13,6,0,15,42,0,1,0,45,1,20,481,20481,31,1994,1GCCS14Z6R81,1,G,C,C,S,1,4,Z,6,R,8,1,0,0,0,000000000,00000000000,0,0,0,1,0,0,0,0,0,0,0,65,0,0,0,98,6,2,42,0,0,0,1,45,29527,6,1,0,0,3,0,67,170,0,0,0,0,0,0,0,0,0,4,0,0,0,0,1,2,45,3,1,2,1,0,0,14,13,99,1,4,1,1,1
45,450289,1,1,2,14,6,20,18,42,0,1,0,45,2,20,4,20004,2,1999,1G1YY22G9X51,1,G,1,Y,Y,2,2,G,9,X,5,1,0,0,0,000000000,00000000000,0,0,0,1,0,0,0,0,0,0,0,75,0,0,0,9,6,2,42,0,0,0,1,45,29154,6,1,6,3,3,0,70,145,0,0,0,0,0,0,0,0,0,0,8,0,0,0,2,4,45,3,1,2,1,0,0,14,12,99,1,4,6,1,0
45,450290,1,2,5,14,6,20,26,12,2,1,0,45,2,35,421,35421,15,2004,5N1AA08B44N7,5,N,1,A,A,0,8,B,4,4,N,7,0,0,0,000000000,00000000000,0,0,0,1,0,0,0,0,0,0,0,5,0,0,0,12,2,3,12,0,0,0,1,45,29627,6,1,0,0,3,0,71,220,0,0,0,0,0,0,0,0,0,0,0,0,0,0,1,2,45,1,1,2,1,0,0,1,62,7,1,1,51,0,0
45,450290,2,2,1,14,6,20,26,12,2,1,0,45,1,98,709,98709,81,2012,999999999999,9,9,9,9,9,9,9,9,9,9,9,9,0,0,0,000000000,00000000000,0,0,0,1,0,0,0,0,0,0,0,30,0,0,0,12,6,2,12,0,0,0,1,45,29621,1,1,5,0,2,0,66,192,0,0,0,0,0,0,0,0,0,0,28,0,0,0,1,2,45,1,1,2,1,0,0,1,10,99,1,2,50,1,1
45,450291,1,1,1,14,6,4,30,8,0,1,1,99,9,99,999,99999,99,9999,999999999999,9,9,9,9,9,9,9,9,9,9,9,9,0,0,0,000000000,00000000000,0,0,0,1,0,0,0,0,0,0,0,45,0,0,0,99,9,5,8,0,0,0,1,99,99999,9,9,99,9,9,9,999,999,99,99,99,99,99,99,9999,99,9999,0,0,0,0,0,1,2,55,1,1,2,1,0,0,1,80,99,1,1,13,0,0
45,450292,1,2,1,17,6,21,45,12,6,1,0,45,3,7,482,7482,31,2012,3C7WDTCL6CG2,3,C,7,W,D,T,C,L,6,C,G,2,0,0,0,000000000,00000000000,0,0,0,1,0,0,0,0,0,0,0,50,0,0,0,9,6,2,12,0,0,0,1,45,29697,6,1,0,0,3,3,74,220,0,0,0,2,1,4,2013,8,2013,0,0,0,0,0,1,2,50,1,1,2,1,0,0,1,62,99,1,1,65,0,0
45,450292,2,2,1,17,6,21,45,12,6,1,0,45,1,37,32,37032,4,2008,1HGCP26718A0,1,H,G,C,P,2,6,7,1,8,A,0,0,0,0,000000000,00000000000,0,0,0,1,0,0,0,0,0,0,0,50,0,0,0,12,6,2,12,0,0,0,1,45,29621,6,1,0,0,3,0,75,325,0,0,0,2,1,8,2011,9,2012,0,28,0,0,0,1,2,50,1,1,2,1,0,0,1,10,99,1,2,64,1,0
45,450293,1,2,2,19,6,12,27,12,2,1,0,45,2,20,443,20443,20,2005,1GNDV23E45D1,1,G,N,D,V,2,3,E,4,5,D,1,0,0,0,000000000,00000000000,0,0,0,1,0,0,0,0,0,0,0,45,0,0,0,12,6,2,12,0,0,0,1,45,29053,6,1,0,0,3,0,65,220,0,0,0,0,0,0,0,0,0,0,0,0,0,0,1,2,45,1,1,2,1,0,0,1,62,7,1,1,51,0,0
45,450293,2,2,1,19,6,12,27,12,2,1,0,45,2,24,1,24001,4,2002,1G8ZH52882Z2,1,G,8,Z,H,5,2,8,8,2,Z,2,0,0,0,000000000,00000000000,0,0,0,1,0,0,0,0,0,0,0,45,0,0,0,12,6,2,12,0,0,0,1,45,29223,6,1,0,0,3,0,72,175,0,0,0,2,0,6,2012,6,2013,0,28,0,0,0,1,2,45,1,1,2,1,0,0,1,10,99,1,3,50,1,0
45,450294,1,1,1,19,6,5,30,35,0,1,0,45,2,35,47,35047,4,2002,1N4AL11DX2C1,1,N,4,A,L,1,1,D,X,2,C,1,0,0,0,000000000,00000000000,0,0,0,1,0,0,0,0,0,0,0,55,0,0,0,12,6,2,35,0,0,0,1,45,29805,1,1,5,0,2,0,74,195,0,1,1,1,1,11,2011,6,2014,3,0,0,0,0,1,2,35,1,1,2,1,0,0,1,13,99,1,4,1,1,1
45,450295,1,1,1,20,6,21,40,8,0,1,0,37,1,34,34,34034,4,2002,WBAEV33422KL,W,B,A,E,V,3,3,4,2,2,K,L,0,0,0,000000000,00000000000,0,0,0,1,0,0,0,0,0,0,0,45,0,0,0,12,2,5,8,0,0,0,1,37,28052,6,1,0,0,3,0,69,999,0,0,0,0,0,0,0,0,0,0,0,0,0,0,2,4,45,1,2,2,1,0,0,1,80,99,1,1,13,0,0
45,450296,1,2,1,20,6,21,20,12,2,1,0,45,1,20,421,20421,15,1999,1GNEK13R4XJ3,1,G,N,E,K,1,3,R,4,X,J,3,0,0,0,000000000,00000000000,0,0,0,1,0,0,0,0,0,0,0,998,0,0,0,12,6,2,12,0,0,0,1,45,29569,6,1,0,0,3,0,64,210,0,3,0,1,0,10,2011,2,2014,0,0,0,0,0,1,2,55,4,1,2,2,0,0,14,62,99,1,1,51,1,0
45,450296,2,2,1,20,6,21,20,12,2,1,0,45,2,12,401,12401,14,2001,1FMYU60E91UC,1,F,M,Y,U,6,0,E,9,1,U,C,0,0,0,000000000,00000000000,0,0,0,1,0,0,0,0,0,0,0,998,0,0,0,12,6,2,12,0,0,0,1,45,29545,6,1,0,0,3,0,65,125,0,0,0,0,4,4,2012,4,2013,0,28,0,0,0,1,2,55,4,1,2,2,0,0,14,10,99,1,2,50,1,1
45,450297,1,1,1,20,6,23,50,8,0,1,0,45,2,24,5,24005,4,2001,1G8JU52F81Y5,1,G,8,J,U,5,2,F,8,1,Y,5,0,0,0,000000000,00000000000,0,0,0,1,0,0,0,0,0,0,0,63,0,0,0,1,6,2,8,0,0,0,1,45,29527,6,1,0,0,3,0,62,140,0,0,0,2,0,10,2012,11,2013,0,0,0,0,0,1,2,98,1,1,2,2,0,0,1,80,99,1,1,13,0,1
45,450298,1,1,1,21,6,20,46,35,0,1,0,45,1,12,481,12481,31,2001,1FTZX172X1NB,1,F,T,Z,X,1,7,2,X,1,N,B,0,0,0,000000000,00000000000,0,0,0,1,0,0,0,0,0,0,0,50,0,1,5,12,2,3,1,0,0,0,1,37,29440,3,1,0,0,2,0,65,999,0,0,0,0,0,0,0,0,0,4,0,0,0,0,1,2,45,1,1,2,1,0,0,1,12,99,1,4,6,1,1
45,450299,1,1,1,21,6,2,10,8,0,1,0,45,3,20,481,20481,31,2006,1GCHK23D56F1,1,G,C,H,K,2,3,D,5,6,F,1,0,0,0,000000000,00000000000,0,0,0,1,0,0,0,0,0,0,0,5,0,0,0,12,0,3,8,0,0,0,1,45,29581,6,1,6,0,3,0,72,180,0,0,0,4,2,6,2011,11,2013,0,0,0,0,0,1,2,0,1,1,2,2,0,0,1,80,99,1,1,13,0,1
45,450300,1,1,1,22,6,3,53,42,0,1,0,45,1,20,481,20481,31,1989,1GCDK14H7KE2,1,G,C,D,K,1,4,H,7,K,E,2,0,0,0,000000000,00000000000,0,0,0,1,0,0,0,0,0,0,0,90,0,0,0,12,6,2,42,0,0,0,1,45,29673,6,1,0,0,3,3,71,185,0,0,0,2,1,7,2011,4,2012,0,8,0,0,0,1,2,35,1,1,2,1,0,0,1,13,99,1,4,1,1,1
45,450301,1,1,2,25,6,21,42,30,0,1,0,45,1,20,481,20481,31,2010,1GCSKSE36AZ1,1,G,C,S,K,S,E,3,6,A,Z,1,0,0,0,000000000,00000000000,0,0,0,1,0,0,0,0,0,0,0,45,0,0,0,1,6,2,30,0,0,0,1,45,29526,6,1,0,0,3,3,70,208,1,1,0,0,0,11,2012,4,2014,0,99,99,99,99,1,2,30,1,1,2,1,0,0,1,13,99,1,4,1,1,0
45,450302,1,1,1,26,6,17,38,52,0,1,0,45,1,24,401,24401,14,2006,5GZCZ23DX6S9,5,G,Z,C,Z,2,3,D,X,6,S,9,0,0,0,000000000,00000000000,0,0,0,1,0,0,0,0,0,0,0,45,0,1,5,12,6,2,52,0,0,0,1,45,29483,1,1,5,0,2,0,71,120,0,2,0,0,0,1,2013,6,2014,4,0,0,0,0,1,2,55,1,1,2,1,0,0,1,12,99,1,4,6,1,1
45,450303,1,1,1,28,6,15,49,33,0,1,0,37,1,72,706,72706,80,2011,1HD1BX511BB0,1,H,D,1,B,X,5,1,1,B,B,0,0,0,0,000000000,00000000000,0,0,0,1,0,0,0,0,0,0,0,60,0,0,0,12,6,2,42,0,0,0,1,37,28083,6,1,0,0,3,3,70,999,0,0,0,1,0,1,2013,1,2013,3,0,0,0,0,1,2,45,3,2,2,1,0,0,14,13,99,1,4,1,1,1
45,450304,1,2,2,18,4,23,58,12,6,1,0,45,3,12,16,12016,4,2011,2FABP7BV3BX1,2,F,A,B,P,7,B,V,3,B,X,1,0,0,0,000000000,00000000000,0,0,0,1,0,0,0,0,0,0,0,62,0,0,0,3,6,2,12,0,0,0,1,45,29624,6,1,0,0,3,0,72,200,1,0,0,0,0,7,2012,7,2012,4,0,0,0,0,5,6,40,1,1,2,2,0,0,1,10,99,1,2,64,0,0
45,450304,2,2,3,18,4,23,58,12,6,1,0,45,2,7,472,7472,31,2000,1B7FL26X6YS6,1,B,7,F,L,2,6,X,6,Y,S,6,0,0,0,000000000,00000000000,0,0,0,1,0,0,0,0,0,0,0,30,0,0,0,12,6,2,12,0,0,0,1,45,29643,6,1,0,0,3,0,66,175,0,0,0,0,0,0,0,0,0,0,0,0,0,0,5,6,40,1,1,2,2,0,0,1,62,99,1,1,65,1,0
45,450305,1,1,1,26,5,16,25,34,0,1,0,45,1,12,17,12017,4,2011,1FAHP2EW6BG1,1,F,A,H,P,2,E,W,6,B,G,1,0,0,0,000000000,00000000000,0,0,0,1,0,0,0,0,0,0,0,60,0,1,5,12,6,2,1,0,0,0,1,45,29331,6,1,0,0,3,3,60,175,1,0,0,0,0,6,2011,6,2011,0,0,0,0,0,1,2,45,3,1,2,1,0,0,14,13,99,1,4,1,1,0
45,450306,1,3,1,7,6,1,18,8,0,1,0,45,1,7,26,7026,4,2010,1B3CC5FBXAN2,1,B,3,C,C,5,F,B,X,A,N,2,0,0,0,000000000,00000000000,0,0,0,1,0,0,0,0,0,0,0,45,0,0,0,12,6,2,8,0,0,0,1,45,29323,6,1,0,0,3,3,73,185,0,0,0,2,0,7,2012,8,2012,0,0,0,0,0,2,5,45,1,2,2,1,0,0,1,80,99,1,1,13,0,1
45,450306,2,3,1,7,6,1,18,8,0,1,0,45,1,49,401,49401,14,2004,JTEBU14R6400,J,T,E,B,U,1,4,R,6,4,0,0,0,0,0,000000000,00000000000,0,0,0,1,0,0,0,0,0,0,0,45,0,0,0,99,0,5,18,0,0,0,1,45,29323,6,1,0,0,3,3,71,205,0,0,0,0,0,0,0,0,0,0,0,0,0,0,2,5,45,1,2,2,1,0,0,1,90,99,1,1,98,0,0
45,450306,3,3,2,7,6,1,18,8,0,1,0,37,2,37,441,37441,20,2004,5FNRL18654B0,5,F,N,R,L,1,8,6,5,4,B,0,0,0,0,000000000,00000000000,0,0,0,1,0,0,0,0,0,0,0,45,0,0,0,99,0,5,18,0,0,0,1,37,28480,6,1,0,0,3,0,62,999,0,0,0,0,0,0,0,0,0,0,0,0,0,0,2,5,45,1,2,2,1,0,0,1,90,99,1,1,98,0,0
45,450307,1,2,1,22,6,5,10,12,2,1,0,45,1,12,481,12481,31,2004,1FTPW14594KC,1,F,T,P,W,1,4,5,9,4,K,C,0,0,0,000000000,00000000000,0,0,0,1,0,0,0,0,0,0,0,50,0,0,0,12,6,2,12,0,0,0,1,45,29690,6,1,0,0,3,3,68,214,0,0,0,0,0,0,0,0,0,0,0,0,0,0,3,4,50,1,1,2,1,0,0,1,62,99,1,1,51,0,0
45,450307,2,2,1,22,6,5,10,12,2,1,0,45,2,12,401,12401,14,2003,1FMZU67E83UC,1,F,M,Z,U,6,7,E,8,3,U,C,0,0,0,000000000,00000000000,0,0,0,1,0,0,0,0,0,0,0,50,0,0,0,12,6,2,12,0,0,0,1,45,29301,0,0,0,0,0,0,999,999,99,99,99,99,99,99,9999,99,9999,0,0,0,0,0,1,2,50,2,1,2,1,0,0,14,12,99,1,6,50,1,1
45,450308,1,1,1,22,6,2,13,11,0,1,0,45,1,72,709,72709,80,1969,SCDHPT201619,S,C,D,H,P,T,2,0,1,6,1,9,0,0,0,000000000,00000000000,0,0,0,1,0,0,0,0,0,0,0,45,0,0,0,12,6,2,11,0,0,0,1,45,29620,6,1,6,3,3,0,72,216,0,0,0,0,0,0,0,0,0,0,83,0,0,0,1,2,45,3,1,2,1,0,0,14,88,99,1,1,13,1,0
45,450309,1,1,3,27,6,1,45,1,0,1,0,45,2,12,481,12481,31,2003,1FTNW21P13EB,1,F,T,N,W,2,1,P,1,3,E,B,0,0,0,000000000,00000000000,0,0,0,1,0,0,0,0,0,0,0,80,0,1,5,0,6,2,2,0,0,1,1,45,29651,6,1,0,0,3,0,68,190,0,0,0,0,0,0,0,0,0,4,8,0,0,0,1,2,45,3,1,2,1,0,0,14,13,99,1,4,1,1,0
45,450310,1,1,1,28,6,21,35,8,0,1,0,45,1,52,40,52040,4,1997,6MMAP37P0VT0,6,M,M,A,P,3,7,P,0,V,T,0,0,0,0,000000000,00000000000,0,0,0,1,0,0,0,0,0,0,0,40,0,0,0,12,6,2,8,0,0,0,1,45,29645,6,1,0,0,3,3,65,120,0,0,0,0,0,0,0,0,0,0,0,0,0,0,2,4,40,1,2,2,1,0,0,1,80,99,1,1,13,0,0
45,450311,1,2,3,27,5,11,18,12,6,1,0,45,2,20,481,20481,31,1996,1GCEC19M1TE1,1,G,C,E,C,1,9,M,1,T,E,1,0,0,0,000000000,00000000000,0,0,0,1,0,0,0,0,0,0,0,15,0,0,0,3,6,2,12,0,0,0,1,45,29448,1,1,5,0,2,0,70,152,0,0,0,0,0,0,0,0,0,0,38,0,0,0,1,2,55,1,1,2,1,0,0,11,15,99,1,1,68,1,1
45,450311,2,2,1,27,5,11,18,12,6,1,0,1,3,87,881,87881,66,2004,1XP5DB9X04N8,1,X,P,5,D,B,9,X,0,4,N,8,1,1,1,0680185,010680185,3,6,7,1,0,0,0,0,0,0,0,55,0,0,0,12,2,3,12,0,0,0,1,1,35083,6,1,6,3,3,0,76,185,0,0,0,0,0,0,0,0,0,0,0,0,0,0,1,2,55,1,1,2,1,0,0,1,54,2,1,1,69,0,0
45,450312,1,1,1,13,6,21,25,35,0,1,0,45,1,72,706,72706,80,2005,1HD1BWB125Y0,1,H,D,1,B,W,B,1,2,5,Y,0,0,0,0,000000000,00000000000,0,0,0,1,0,0,0,0,0,0,0,55,0,0,0,12,6,2,1,0,0,0,1,45,29055,6,1,0,0,3,0,70,180,0,1,0,0,0,5,2013,5,2013,4,0,0,0,0,1,2,55,3,2,2,1,0,0,14,12,99,1,4,6,1,1
45,450313,1,2,1,13,6,4,15,12,2,1,0,37,2,12,3,12003,2,2005,1ZVHT80N7551,1,Z,V,H,T,8,0,N,7,5,5,1,0,0,0,000000000,00000000000,0,0,0,1,0,0,0,0,0,0,0,55,0,0,0,12,6,2,12,0,0,0,1,37,28139,6,1,0,0,3,0,61,999,1,0,0,0,1,3,2014,4,2014,0,0,0,0,0,3,5,55,1,1,2,1,0,0,1,54,99,1,1,50,0,0
45,450313,2,2,2,13,6,4,15,12,2,1,0,45,1,37,31,37031,2,2008,2HGFG12608H5,2,H,G,F,G,1,2,6,0,8,H,5,0,0,0,000000000,00000000000,0,0,0,1,0,0,0,0,0,0,0,55,0,0,0,12,6,2,12,0,0,0,1,45,29365,6,1,0,0,3,0,70,135,0,0,0,1,0,11,2013,11,2013,0,0,0,0,0,3,5,55,1,1,2,1,0,0,1,54,99,1,1,51,1,0
45,450314,1,1,2,28,6,22,20,42,0,1,0,45,2,12,441,12441,20,1997,1FMDA11U2VZA,1,F,M,D,A,1,1,U,2,V,Z,A,0,0,0,000000000,00000000000,0,0,0,1,0,0,0,0,0,0,0,55,0,0,0,2,6,2,42,0,0,0,1,45,29180,6,1,0,0,3,3,70,165,0,0,0,0,0,0,0,0,0,0,0,0,0,0,1,2,55,1,1,2,1,0,0,1,13,99,1,4,1,1,1
45,450315,1,1,1,30,6,17,25,42,0,1,0,45,1,14,443,14443,20,2002,4M2ZV11T12DJ,4,M,2,Z,V,1,1,T,1,2,D,J,0,0,0,000000000,00000000000,0,0,0,1,0,0,0,0,0,0,0,50,0,0,0,12,6,2,42,0,0,0,1,45,29941,6,1,0,0,3,0,65,215,0,0,0,0,0,0,0,0,0,0,0,0,0,0,1,2,55,3,1,2,1,0,0,14,13,99,1,4,1,1,1
45,450316,1,2,1,10,5,1,30,12,2,1,0,45,2,59,32,59032,4,2002,JTHBN30F7200,J,T,H,B,N,3,0,F,7,2,0,0,0,0,0,000000000,00000000000,0,0,0,1,0,0,0,0,0,0,0,55,0,0,0,12,6,2,12,0,0,0,1,45,29125,6,1,0,0,3,3,70,220,1,0,0,2,1,11,2011,9,2013,0,28,0,0,0,1,2,55,1,1,2,1,0,0,1,10,99,1,2,50,0,0
45,450316,2,2,2,10,5,1,30,12,2,1,0,45,1,20,20,20020,4,1993,2G1WN54T0P91,2,G,1,W,N,5,4,T,0,P,9,1,0,0,0,000000000,00000000000,0,0,0,1,0,0,0,0,0,0,0,55,0,0,0,12,6,2,12,0,0,0,1,45,29483,6,1,0,0,3,0,74,220,1,1,0,2,0,3,2013,2,2014,0,0,0,0,0,1,2,55,1,1,2,1,0,0,1,62,99,1,1,51,1,1
45,450317,1,1,1,19,6,2,0,33,0,1,0,45,1,76,704,76704,80,2007,JYARJ12Y87A0,J,Y,A,R,J,1,2,Y,8,7,A,0,0,0,0,000000000,00000000000,0,0,0,1,0,0,0,0,0,0,0,42,0,0,0,9,2,3,33,0,0,0,1,45,29466,6,1,0,0,3,3,75,195,0,0,0,0,0,0,0,0,0,0,99,99,99,99,5,6,45,1,1,2,1,0,0,1,12,99,1,4,6,1,0
45,450318,1,1,2,1,7,16,30,42,0,1,0,45,2,38,898,38898,61,1994,JALB4B1KXR70,J,A,L,B,4,B,1,K,X,R,7,0,0,0,77,777777777,77777777777,2,2,98,1,0,0,0,0,0,0,0,50,0,0,0,12,6,2,42,0,0,0,1,45,29645,6,1,0,0,2,0,71,210,0,1,0,0,0,7,2013,7,2013,0,0,0,0,0,1,2,50,1,1,2,1,0,0,1,12,99,1,4,6,1,1
45,450319,1,1,1,3,7,7,15,24,0,1,0,45,1,37,706,37706,80,2010,1HFSC47G6AA9,1,H,F,S,C,4,7,G,6,A,A,9,0,0,0,000000000,00000000000,0,0,0,1,0,0,0,0,0,0,0,70,0,0,0,3,6,2,24,0,0,0,1,45,29847,6,1,0,0,3,0,73,205,0,0,0,1,0,10,2013,10,2013,4,0,0,0,0,3,4,70,1,1,2,2,0,0,1,13,99,1,4,1,1,0
45,450320,1,2,1,3,7,20,0,12,6,1,0,36,2,20,421,20421,15,2007,1GNDT13S8722,1,G,N,D,T,1,3,S,8,7,2,2,0,0,0,000000000,00000000000,0,0,0,1,0,0,0,0,0,0,0,55,0,0,0,12,6,2,12,0,0,0,1,36,14820,6,1,0,0,3,0,72,999,0,0,0,0,0,0,0,0,0,0,0,0,0,0,1,2,55,4,1,2,1,0,0,14,66,99,1,2,88,0,0
45,450320,2,2,5,3,7,20,0,12,6,1,0,17,3,6,51,6051,4,2013,2C3CCASG1DH6,2,C,3,C,C,A,S,G,1,D,H,6,0,0,0,000000000,00000000000,0,0,0,1,0,0,0,0,0,0,0,5,0,0,0,9,6,2,12,0,0,0,1,17,60012,3,1,0,0,2,0,76,999,0,0,0,0,0,0,0,0,0,0,38,0,0,0,1,2,55,4,1,2,1,20,3,14,66,99,1,1,89,1,1
45,450321,1,1,1,3,7,22,10,1,0,1,0,45,1,72,706,72706,80,2009,1HD1FC4119Y6,1,H,D,1,F,C,4,1,1,9,Y,6,0,0,0,000000000,00000000000,0,0,0,1,0,0,0,0,0,0,0,55,0,0,0,0,6,2,1,0,0,0,1,45,29137,6,1,0,0,3,3,71,215,0,0,0,0,0,0,0,0,0,0,99,99,99,99,1,2,55,1,1,2,1,0,0,1,13,99,9,4,1,1,1
45,450322,1,1,1,4,7,2,16,42,0,1,0,32,2,2,404,2404,14,2000,1J4FA49S1YP7,1,J,4,F,A,4,9,S,1,Y,P,7,0,0,0,000000000,00000000000,0,0,0,1,0,0,0,0,0,0,0,70,0,0,0,4,6,2,42,0,0,0,1,45,29439,6,1,0,0,3,3,68,150,0,1,0,0,0,5,2014,5,2014,4,0,0,0,0,1,2,25,3,1,2,1,0,0,14,13,99,1,4,1,1,1
45,450323,1,1,2,4,7,2,0,42,0,1,0,45,2,12,481,12481,31,2004,1FTNX21P04EC,1,F,T,N,X,2,1,P,0,4,E,C,0,0,0,000000000,00000000000,0,0,0,1,0,0,0,0,0,0,0,65,0,0,0,12,6,2,42,0,0,0,1,45,29003,6,1,0,0,3,3,67,155,0,1,0,1,0,7,2013,7,2013,4,58,0,0,0,1,2,55,1,1,2,1,0,0,1,13,99,1,4,1,1,1
45,450324,1,1,4,5,7,18,25,1,0,1,0,45,1,20,421,20421,15,2000,1GNEK13T8YJ1,1,G,N,E,K,1,3,T,8,Y,J,1,0,0,0,000000000,00000000000,0,0,0,1,0,0,0,0,0,0,0,45,0,1,1,0,6,2,1,0,0,0,1,45,29624,6,1,0,0,3,0,66,170,0,3,0,0,0,10,2012,6,2014,0,99,99,99,99,2,4,45,1,1,2,1,0,0,1,10,99,9,2,98,1,0
45,450325,1,2,2,16,7,8,0,12,2,1,0,45,1,37,32,37032,4,2009,1HGCP26859A0,1,H,G,C,P,2,6,8,5,9,A,0,0,0,0,000000000,00000000000,0,0,0,1,0,0,0,0,0,0,0,40,0,0,0,12,6,2,12,0,0,0,1,45,29803,6,1,0,0,3,3,70,150,0,0,0,0,0,0,0,0,0,0,28,0,0,0,2,4,35,1,1,2,1,0,0,1,10,99,1,2,50,1,0
45,450325,2,2,1,16,7,8,0,12,2,1,0,45,1,7,482,7482,31,2012,1C6RD6GT3CS2,1,C,6,R,D,6,G,T,3,C,S,2,0,0,0,000000000,00000000000,0,0,0,1,0,0,0,0,0,0,0,35,0,0,0,12,6,2,12,0,0,0,1,45,29803,6,1,0,0,3,0,66,180,0,0,0,0,0,0,0,0,0,0,0,0,0,0,2,4,35,1,1,2,1,0,0,1,62,99,1,1,51,0,0
45,450326,1,1,3,12,4,19,15,42,0,1,0,45,2,63,402,63402,14,2014,5XYKT4A79FG5,5,X,Y,K,T,4,A,7,9,F,G,5,0,0,0,000000000,00000000000,0,0,0,1,0,0,0,0,0,0,0,60,0,0,0,2,6,2,42,0,0,0,1,45,29625,6,1,0,0,3,0,67,190,0,2,0,0,0,11,2013,3,2014,4,0,0,0,0,1,2,40,3,1,2,1,0,0,14,13,99,1,4,1,2,1
45,450327,1,2,1,23,4,18,46,12,6,1,0,45,2,54,421,54421,15,2005,2HNYD188X5H5,2,H,N,Y,D,1,8,8,X,5,H,5,0,0,0,000000000,00000000000,0,0,0,1,0,0,0,0,0,0,0,35,0,0,0,12,6,2,12,0,0,0,1,45,29690,1,1,5,0,2,0,70,230,0,0,0,0,0,0,0,0,0,3,8,28,0,0,1,2,35,2,2,2,1,0,0,14,10,99,1,2,64,0,1
45,450327,2,2,1,23,4,18,46,12,6,1,0,45,1,20,20,20020,4,1998,2G1WL52MXW92,2,G,1,W,L,5,2,M,X,W,9,2,0,0,0,000000000,00000000000,0,0,0,1,0,0,0,0,0,0,0,35,0,0,0,10,6,2,12,0,0,0,1,45,29690,6,1,0,0,3,0,74,124,0,0,0,0,0,0,0,0,0,0,0,0,0,0,1,2,35,3,2,2,1,0,0,14,62,99,1,1,65,1,0
45,450328,1,1,3,23,6,11,48,42,0,1,0,10,2,20,401,20401,14,2003,1GNDS13S4321,1,G,N,D,S,1,3,S,4,3,2,1,0,0,0,000000000,00000000000,0,0,0,1,0,0,0,0,0,0,0,85,0,0,0,12,6,2,42,0,0,0,1,10,19701,6,1,0,0,3,0,999,999,99,99,99,99,99,99,9999,99,9999,3,58,0,0,0,3,4,70,1,1,2,1,0,0,1,12,99,1,4,6,1,0
45,450329,1,1,1,21,6,22,25,15,0,1,0,37,2,7,403,7403,14,2007,1D8GT58K67W5,1,D,8,G,T,5,8,K,6,7,W,5,0,0,0,000000000,00000000000,0,0,0,1,0,0,0,0,0,0,0,45,0,0,0,12,2,5,15,0,0,0,1,37,28472,6,1,0,0,3,3,59,999,0,0,0,0,0,0,0,0,0,0,0,0,0,0,2,6,45,1,1,2,1,0,0,1,80,99,1,1,13,0,0
45,450330,1,1,1,22,6,21,40,11,0,1,0,45,1,53,704,53704,80,2007,JS1GN7DA1721,J,S,1,G,N,7,D,A,1,7,2,1,0,0,0,000000000,00000000000,0,0,0,1,0,0,0,0,0,0,0,55,0,0,0,12,6,2,11,0,0,0,1,45,29645,6,1,6,0,3,0,70,250,0,0,0,0,0,0,0,0,0,0,83,0,0,0,1,2,55,1,1,2,1,0,0,1,88,99,1,1,13,1,0
45,450331,1,1,1,24,6,6,55,42,0,1,0,45,2,84,881,84881,66,1998,1HTSCAAM9WH5,1,H,T,S,C,A,A,M,9,W,H,5,1,1,77,777777777,77777777777,3,6,10,1,0,0,0,0,0,0,0,60,0,0,0,12,6,2,42,0,0,0,1,45,29045,6,1,6,0,3,0,68,280,0,0,0,0,0,0,0,0,0,0,99,99,99,99,3,6,60,1,1,2,2,0,0,1,13,99,1,4,1,1,1