STATE,ST_CASE,VEH_NO,VE_FORMS,NUMOCCS,DAY,MONTH,HOUR,MINUTE,HARM_EV,MAN_COLL,UNITTYPE,HIT_RUN,REG_STAT,OWNER,MAKE,MODEL,MAK_MOD,BODY_TYP,MOD_YEAR,VIN,VIN_1,VIN_2,VIN_3,VIN_4,VIN_5,VIN_6,VIN_7,VIN_8,VIN_9,VIN_10,VIN_11,VIN_12,TOW_VEH,J_KNIFE,MCARR_I1,MCARR_I2,MCARR_ID,GVWR,V_CONFIG,CARGO_BT,HAZ_INV,HAZ_PLAC,HAZ_ID,HAZ_CNO,HAZ_REL,BUS_USE,SPEC_USE,EMER_USE,TRAV_SP,UNDERIDE,ROLLOVER,ROLINLOC,IMPACT1,DEFORMED,TOWED,M_HARM,VEH_SC1,VEH_SC2,FIRE_EXP,DR_PRES,L_STATE,DR_ZIP,L_STATUS,L_TYPE,CDL_STAT,L_ENDORS,L_COMPL,L_RESTRI,DR_HGT,DR_WGT,PREV_ACC,PREV_SUS,PREV_DWI,PREV_SPD,PREV_OTH,FIRST_MO,FIRST_YR,LAST_MO,LAST_YR,SPEEDREL,DR_SF1,DR_SF2,DR_SF3,DR_SF4,VTRAFWAY,VNUM_LAN,VSPD_LIM,VALIGN,VPROFILE,VPAVETYP,VSURCOND,VTRAFCON,VTCONT_F,P_CRASH1,P_CRASH2,P_CRASH3,PCRASH4,PCRASH5,ACC_TYPE,DEATHS,DR_DRINK
45,450332,1,2,1,27,6,12,15,12,6,1,0,45,1,98,709,98709,81,2012,999999999999,9,9,9,9,9,9,9,9,9,9,9,9,0,0,0,000000000,00000000000,0,0,0,1,0,0,0,0,0,0,0,25,0,0,0,9,6,2,12,0,0,0,1,45,29104,1,1,5,0,2,0,63,165,1,1,0,0,0,1,2012,1,2012,0,48,0,0,0,1,2,55,1,1,2,1,0,0,11,53,99,1,2,72,1,0
45,450332,2,2,2,27,6,12,15,12,6,1,0,37,3,85,881,85881,66,2001,1XKWDB9X11J8,1,X,K,W,D,B,9,X,1,1,J,8,1,1,37,2501132,372501132,3,6,2,1,0,0,0,0,0,0,0,55,0,0,0,12,6,2,12,0,0,0,1,37,28133,6,1,6,3,3,3,78,999,2,0,0,0,0,9,2012,1,2013,0,0,0,0,0,1,2,55,1,1,2,1,0,0,1,51,99,1,1,73,0,0
45,450333,1,1,1,28,6,1,20,34,0,1,0,45,2,12,471,12471,30,2011,1FTKR4EE1BPA,1,F,T,K,R,4,E,E,1,B,P,A,0,0,0,000000000,00000000000,0,0,0,1,0,0,0,0,0,0,0,55,0,0,0,12,6,2,42,0,0,1,1,45,29678,6,1,0,0,3,3,66,170,0,0,0,0,0,0,0,0,0,4,0,0,0,0,1,2,55,3,3,2,1,0,0,14,13,99,1,4,1,1,0
45,450334,1,2,4,5,7,22,0,12,2,1,0,45,2,12,422,12422,15,2007,1FMFU18597LA,1,F,M,F,U,1,8,5,9,7,L,A,0,0,0,000000000,00000000000,0,0,0,1,0,0,0,0,0,0,0,45,0,0,0,12,6,2,12,0,0,0,1,45,29127,6,2,0,0,3,0,68,130,0,0,0,0,0,0,0,0,0,0,0,0,0,0,1,2,55,3,2,2,1,0,0,14,62,99,1,1,51,0,0
45,450334,2,2,1,5,7,22,0,12,2,1,0,45,1,55,38,55038,4,2005,KMHFU45E35A4,K,M,H,F,U,4,5,E,3,5,A,4,0,0,0,000000000,00000000000,0,0,0,1,0,0,0,0,0,0,0,50,0,0,0,12,6,2,12,0,0,0,1,45,29073,6,1,0,0,3,3,62,160,0,1,0,0,0,10,2013,10,2013,0,28,0,0,0,1,2,55,2,2,2,1,0,0,14,10,99,1,2,50,1,0
45,450335,1,1,3,9,7,6,11,42,0,1,0,45,2,41,50,41050,4,2008,1YVHP80C885M,1,Y,V,H,P,8,0,C,8,8,5,M,0,0,0,000000000,00000000000,0,0,0,1,0,0,0,0,0,0,0,89,0,0,0,10,6,2,2,0,0,1,1,45,29650,0,0,0,0,0,0,999,999,99,99,99,99,99,99,9999,99,9999,0,8,0,0,0,2,2,40,1,2,2,1,0,0,1,13,99,1,4,1,2,0
45,450336,1,2,1,10,7,7,6,12,6,1,0,37,2,12,402,12402,14,2011,1FMCU0DGXBKA,1,F,M,C,U,0,D,G,X,B,K,A,0,0,0,000000000,00000000000,0,0,0,1,0,0,0,0,0,0,0,15,0,0,0,2,6,2,12,0,0,0,1,51,23517,6,1,0,0,3,3,71,160,0,0,0,1,1,10,2013,12,2013,0,38,0,0,0,1,2,35,1,1,2,1,0,0,11,15,99,1,1,68,0,0
45,450336,2,2,1,10,7,7,6,12,6,1,0,47,2,73,709,73709,80,2006,JKAEXMF1X6DA,J,K,A,E,X,M,F,1,X,6,D,A,0,0,0,000000000,00000000000,0,0,0,1,0,0,0,0,0,0,0,35,0,0,0,12,6,2,12,0,0,0,1,45,29681,6,1,0,0,3,0,72,230,1,0,0,0,0,1,2012,1,2012,0,0,0,0,0,1,2,35,1,1,2,1,0,0,1,54,99,1,1,69,1,0
45,450337,1,1,1,11,7,12,13,8,0,1,0,45,1,53,704,53704,80,2006,VTTGM51A8621,V,T,T,G,M,5,1,A,8,6,2,1,0,0,0,000000000,00000000000,0,0,0,1,0,0,0,0,0,0,0,50,0,0,0,12,2,3,8,0,0,0,1,45,29611,6,1,0,0,3,3,72,235,1,3,0,0,0,2,2012,3,2014,0,0,0,0,0,1,2,35,1,2,2,1,0,0,1,81,99,1,1,13,1,0
45,450338,1,2,1,4,6,20,35,12,6,1,0,37,3,84,881,84881,66,1999,2HSFHAMR6XC0,2,H,S,F,H,A,M,R,6,X,C,0,1,1,37,0356342,370356342,3,6,3,1,0,0,0,0,0,0,0,45,0,0,0,2,2,5,12,0,0,0,1,37,28112,6,1,6,0,3,3,73,999,0,0,0,0,0,0,0,0,0,0,0,0,0,0,1,2,55,1,1,2,1,0,0,6,60,99,1,1,73,0,0
45,450338,2,2,1,4,6,20,35,12,6,1,0,45,1,98,709,98709,81,2012,999999999999,9,9,9,9,9,9,9,9,9,9,9,9,0,0,0,000000000,00000000000,0,0,0,1,0,0,0,0,0,0,0,30,0,0,0,12,6,2,12,0,0,0,1,45,29108,6,1,0,0,3,3,71,145,0,0,0,0,0,0,0,0,0,0,48,0,0,0,1,2,55,1,1,2,1,0,0,11,15,99,1,2,72,1,0
45,450339,1,1,3,13,7,18,45,1,0,1,0,45,1,12,401,12401,14,1999,1FMZU34X1XUA,1,F,M,Z,U,3,4,X,1,X,U,A,0,0,0,000000000,00000000000,0,0,0,1,0,0,0,0,0,0,0,999,0,1,5,0,6,2,1,0,0,0,1,45,29944,6,1,0,0,3,0,63,113,0,1,0,0,0,4,2014,4,2014,4,99,99,99,99,1,2,55,4,1,2,1,0,0,14,13,99,9,4,1,1,0
45,450340,1,1,1,12,7,16,42,42,0,1,0,45,2,20,481,20481,31,2001,2GCEK19T4112,2,G,C,E,K,1,9,T,4,1,1,2,0,0,0,000000000,00000000000,0,0,0,1,0,0,0,0,0,0,0,65,0,0,0,7,6,2,42,0,0,0,1,45,29488,6,1,0,0,3,0,65,165,0,0,0,0,0,0,0,0,0,0,0,0,0,0,1,2,45,1,1,2,1,0,0,1,12,99,1,4,6,1,1
45,450341,1,1,1,14,7,7,30,34,0,1,0,45,1,12,481,12481,31,1999,1FTRX18W7XNA,1,F,T,R,X,1,8,W,7,X,N,A,0,0,0,000000000,00000000000,0,0,0,1,0,0,0,0,0,0,0,65,0,1,5,12,6,2,1,0,0,0,1,45,29479,6,1,0,0,3,0,68,152,0,1,0,0,0,5,2012,5,2012,4,0,0,0,0,1,2,55,3,1,2,1,0,0,14,12,99,1,4,6,1,1
45,450342,1,1,2,19,7,13,0,19,0,1,0,45,2,35,473,35473,31,2006,1N6BA07A46N5,1,N,6,B,A,0,7,A,4,6,N,5,0,0,0,000000000,00000000000,0,0,0,1,0,0,0,0,0,0,0,75,0,0,0,12,6,2,19,0,0,1,1,45,29627,6,1,0,0,3,3,71,153,1,1,0,1,0,2,2012,6,2013,4,0,0,0,0,1,2,45,1,1,2,2,0,0,1,13,99,1,4,1,1,0
45,450343,1,1,1,22,7,18,16,34,0,1,0,45,1,12,481,12481,31,2001,1FTRX18L81NB,1,F,T,R,X,1,8,L,8,1,N,B,0,0,0,000000000,00000000000,0,0,0,1,0,0,0,0,0,0,0,55,0,0,0,12,6,2,42,0,0,0,1,45,29627,6,1,0,0,3,0,71,200,0,0,0,0,0,0,0,0,0,4,0,0,0,0,1,2,45,1,2,2,1,0,0,1,13,99,1,4,1,1,0
45,450344,1,1,1,4,7,23,20,8,0,1,0,37,3,82,881,82881,66,2014,1FUJGEDV4ELF,1,F,U,J,G,E,D,V,4,E,L,F,1,1,37,0090792,370090792,3,6,1,1,0,0,0,0,0,0,0,62,0,0,0,12,6,2,8,0,0,0,1,37,28422,6,1,6,3,3,3,68,999,0,0,0,0,0,0,0,0,0,0,0,0,0,0,2,4,55,1,1,2,1,0,0,1,81,99,1,1,13,0,0
45,450345,1,1,1,5,7,0,50,8,0,1,0,45,1,9,38,9038,4,1999,1P3EJ46C5XN6,1,P,3,E,J,4,6,C,5,X,N,6,0,0,0,000000000,00000000000,0,0,0,1,0,0,0,0,0,0,0,50,0,0,0,12,0,5,8,0,0,0,1,45,29812,6,1,0,0,3,0,77,195,1,1,0,0,0,6,2012,8,2012,0,0,0,0,0,1,2,55,1,3,2,1,0,0,1,80,99,1,1,13,0,0
45,450346,1,2,5,6,7,2,21,12,2,1,0,37,1,52,34,52034,4,2011,4A32B2FF4BE0,4,A,3,2,B,2,F,F,4,B,E,0,0,0,0,000000000,00000000000,0,0,0,1,0,0,0,0,0,0,0,22,0,0,0,12,6,2,12,0,0,0,1,37,28364,6,1,0,0,3,0,64,999,0,1,0,1,0,5,2012,7,2013,0,38,0,0,0,1,2,35,1,1,2,1,4,3,11,54,99,1,1,68,1,1
45,450346,2,2,1,6,7,2,21,12,2,1,0,45,3,12,16,12016,4,2010,2FABP7BV9AX1,2,F,A,B,P,7,B,V,9,A,X,1,0,0,0,000000000,00000000000,0,0,0,1,0,0,0,0,0,0,0,108,0,0,0,12,6,2,12,0,0,0,1,45,29564,6,1,0,0,3,0,73,190,1,0,0,0,0,1,2014,1,2014,0,0,0,0,0,1,2,35,1,1,2,1,0,0,1,62,99,1,1,69,0,0
45,450347,1,1,2,5,7,11,15,8,0,1,0,45,2,20,401,20401,14,2003,1GNDT13S3321,1,G,N,D,T,1,3,S,3,3,2,1,0,0,0,000000000,00000000000,0,0,0,1,0,0,0,0,0,0,0,3,0,0,0,9,0,5,8,0,0,0,1,45,29692,6,1,0,0,3,0,63,165,0,0,0,0,0,0,0,0,0,0,0,0,0,0,1,2,0,1,2,2,1,0,0,11,80,99,1,1,13,0,0
45,450348,1,2,2,7,7,5,30,12,2,1,0,37,2,7,482,7482,31,2000,1B7KF2369YJ1,1,B,7,K,F,2,3,6,9,Y,J,1,0,0,0,000000000,00000000000,0,0,0,1,0,0,0,0,0,0,0,55,0,0,0,12,6,2,12,0,0,0,1,37,28208,6,1,0,0,3,0,65,999,0,0,0,0,0,0,0,0,0,0,0,0,0,0,1,2,55,1,1,2,1,0,0,1,62,99,1,1,51,0,0
45,450348,2,2,1,7,7,5,30,12,2,1,0,45,1,37,32,37032,4,2004,1HGCM56364A1,1,H,G,C,M,5,6,3,6,4,A,1,0,0,0,000000000,00000000000,0,0,0,1,0,0,0,0,0,0,0,55,0,0,0,12,6,2,12,0,0,0,1,45,29720,6,1,0,0,3,0,71,190,0,3,0,1,0,10,2013,4,2014,0,28,0,0,0,1,2,55,1,1,2,1,0,0,1,10,99,1,2,50,1,1
45,450349,1,1,1,9,7,21,35,1,0,1,0,45,2,14,401,14401,14,2001,4M2ZU86P11UJ,4,M,2,Z,U,8,6,P,1,1,U,J,0,0,0,000000000,00000000000,0,0,0,1,0,0,0,0,0,0,0,70,0,1,5,0,6,2,1,0,0,0,1,45,29644,6,1,0,0,3,0,69,145,0,0,0,0,0,0,0,0,0,0,0,0,0,0,3,4,70,1,1,2,1,0,0,1,13,99,1,4,1,1,1
45,450350,1,2,1,14,7,9,40,12,7,1,0,45,1,19,3,19003,4,2005,1G6KE57Y55U2,1,G,6,K,E,5,7,Y,5,5,U,2,0,0,0,000000000,00000000000,0,0,0,1,0,0,0,0,0,0,0,35,0,0,0,7,6,2,12,0,0,0,1,45,29554,6,1,0,0,3,3,73,183,0,0,0,2,0,3,2013,2,2014,0,27,0,0,0,5,5,45,1,1,2,1,0,0,15,63,99,1,1,45,1,1
45,450350,2,2,1,14,7,9,40,12,7,1,0,45,3,87,881,87881,66,1997,1XP5DR9X2VN4,1,X,P,5,D,R,9,X,2,V,N,4,1,2,45,2391558,452391558,3,6,10,1,0,0,0,0,0,0,0,45,0,1,1,5,6,2,1,0,0,0,1,45,29541,6,1,6,3,3,0,66,315,1,0,0,1,0,8,2012,12,2012,0,0,0,0,0,5,5,45,1,1,2,1,0,0,1,62,99,1,2,44,0,0
45,450351,1,1,1,17,7,21,30,42,0,1,0,45,1,7,482,7482,31,2002,1D7HA18N22S5,1,D,7,H,A,1,8,N,2,2,S,5,0,0,0,000000000,00000000000,0,0,0,1,0,0,0,0,0,0,0,45,0,0,0,12,6,2,42,0,0,0,1,45,29163,6,1,0,0,3,0,73,220,0,0,0,0,0,0,0,0,0,0,39,0,0,0,1,2,45,1,1,2,1,20,3,1,13,99,1,4,1,1,0
45,450352,1,1,2,18,7,0,5,31,0,1,0,45,1,35,34,35034,2,1994,JN1RZ24D1RX5,J,N,1,R,Z,2,4,D,1,R,X,5,0,0,0,000000000,00000000000,0,0,0,1,0,0,0,0,0,0,0,70,0,0,0,5,6,2,42,0,0,0,1,45,29576,6,2,0,0,3,0,69,145,0,0,0,0,0,0,0,0,0,4,0,0,0,0,1,2,35,3,1,2,1,0,0,14,13,99,1,4,1,1,0
45,450353,1,1,1,18,7,22,40,8,0,1,0,45,1,12,481,12481,31,2009,1FTRX12W09FA,1,F,T,R,X,1,2,W,0,9,F,A,0,0,0,000000000,00000000000,0,0,0,1,0,0,0,0,0,0,0,999,0,0,0,2,2,5,8,0,0,0,1,45,29436,6,1,0,0,3,0,72,224,1,0,0,0,0,12,2012,12,2012,0,0,0,0,0,1,2,99,1,1,2,1,0,0,1,80,99,1,1,13,0,0
45,450354,1,1,1,20,7,22,15,53,0,1,0,45,2,49,482,49482,31,2001,5TBRT34131S1,5,T,B,R,T,3,4,1,3,1,S,1,0,0,0,000000000,00000000000,0,0,0,1,0,0,0,0,0,0,0,55,0,1,5,2,6,2,1,0,0,0,1,45,29646,6,1,0,0,3,0,69,175,1,0,0,0,0,4,2013,4,2013,4,0,0,0,0,1,2,45,1,1,2,1,0,0,1,13,99,1,4,1,1,1
45,450355,1,2,2,21,7,16,19,12,2,1,0,45,2,23,481,23481,31,2007,2GTEK13C4715,2,G,T,E,K,1,3,C,4,7,1,5,0,0,0,000000000,00000000000,0,0,0,1,0,0,0,0,0,0,0,60,0,0,0,12,6,2,12,0,0,0,1,45,29161,6,2,0,0,3,0,67,140,0,0,0,0,0,0,0,0,0,0,28,0,0,0,1,2,55,2,1,2,2,0,0,14,10,99,1,1,51,0,0
45,450355,2,2,1,21,7,16,19,12,2,1,0,45,3,7,482,7482,31,2006,1D7HU18N56J1,1,D,7,H,U,1,8,N,5,6,J,1,0,0,0,000000000,00000000000,0,0,0,1,0,0,0,0,0,0,0,56,0,0,0,12,6,2,2,0,0,1,1,6,29161,6,1,0,0,3,0,999,999,99,99,99,99,99,99,9999,99,9999,0,0,0,0,0,1,2,55,3,1,2,2,0,0,14,62,99,1,2,50,1,0
45,450356,1,1,1,24,7,7,15,34,0,1,0,45,1,20,401,20401,14,1992,1GNCS18Z6N01,1,G,N,C,S,1,8,Z,6,N,0,1,0,0,0,000000000,00000000000,0,0,0,1,0,0,0,0,0,0,0,70,0,1,5,12,6,2,1,0,0,0,1,45,29745,6,1,0,0,3,0,70,135,1,0,0,1,0,8,2013,6,2014,4,0,0,0,0,1,2,40,2,2,2,1,0,0,14,12,99,1,4,6,1,0
45,450357,1,2,1,25,7,13,30,12,6,1,0,45,1,72,706,72706,80,2000,1HD4CAM12YK1,1,H,D,4,C,A,M,1,2,Y,K,1,0,0,0,000000000,00000000000,0,0,0,1,0,0,0,0,0,0,0,40,0,0,0,12,6,2,12,0,0,0,1,45,29455,6,1,0,0,3,0,70,180,0,0,0,0,0,0,0,0,0,0,0,0,0,0,1,2,45,1,1,2,1,0,0,1,65,99,1,1,83,1,1
45,450357,2,2,1,25,7,13,30,12,6,1,0,45,1,20,36,20036,2,2005,2G1WX12K5592,2,G,1,W,X,1,2,K,5,5,9,2,0,0,0,000000000,00000000000,0,0,0,1,0,0,0,0,0,0,0,15,0,0,0,9,6,2,12,0,0,0,1,45,29456,6,1,0,0,3,3,61,97,0,0,0,0,0,0,0,0,0,0,38,0,0,0,1,2,45,1,1,2,1,20,3,11,15,99,1,1,82,0,0
45,450358,1,2,1,7,6,14,10,1,0,1,0,45,1,20,481,20481,31,1997,2GCEC19R9V11,2,G,C,E,C,1,9,R,9,V,1,1,0,0,0,000000000,00000000000,0,0,0,1,0,0,0,0,0,0,0,10,0,0,0,2,6,2,12,0,0,0,1,45,29461,6,1,0,0,3,0,72,170,0,0,0,1,1,9,2012,11,2012,0,38,0,0,0,1,2,35,3,1,2,1,0,0,14,66,99,1,1,98,0,0
45,450358,2,2,1,7,6,14,10,1,0,1,0,45,2,53,706,53706,80,2007,JS1GW71A8721,J,S,1,G,W,7,1,A,8,7,2,1,0,0,0,000000000,00000000000,0,0,0,1,0,0,0,0,0,0,0,40,0,0,0,0,6,2,12,0,0,0,1,45,29461,6,1,0,0,3,0,76,208,0,0,0,0,0,0,0,0,0,0,0,0,0,0,1,2,35,2,1,2,1,0,0,14,15,99,1,1,98,1,0
45,450359,1,1,3,21,6,2,30,1,0,1,0,45,2,18,2,18002,4,2003,1G4HP52K63U2,1,G,4,H,P,5,2,K,6,3,U,2,0,0,0,000000000,00000000000,0,0,0,1,0,0,0,0,0,0,0,103,0,1,5,0,6,2,1,0,0,0,1,45,29488,6,2,0,0,3,0,74,180,0,0,0,0,0,0,0,0,0,4,0,0,0,0,1,2,55,3,1,2,1,0,0,14,13,99,1,4,1,1,1
45,450360,1,1,1,12,7,2,45,42,0,1,0,45,2,2,404,2404,14,1996,1J4FX58S4TC2,1,J,4,F,X,5,8,S,4,T,C,2,0,0,0,000000000,00000000000,0,0,0,1,0,0,0,0,0,0,0,40,0,0,0,12,6,2,2,0,0,1,1,45,29203,6,1,0,0,3,3,74,156,0,1,0,0,0,3,2013,3,2013,4,0,0,0,0,1,2,40,1,1,2,1,0,0,1,12,99,1,4,6,1,1
45,450361,1,1,1,12,7,2,33,9,0,1,0,45,1,35,39,35039,4,1994,JN1HJ01F7RT2,J,N,1,H,J,0,1,F,7,R,T,2,0,0,0,000000000,00000000000,0,0,0,1,0,0,0,0,0,0,0,999,0,0,0,12,6,2,9,0,0,0,1,45,29832,6,1,0,0,3,0,74,200,1,1,0,1,0,4,2012,9,2012,0,0,0,0,0,2,6,40,1,1,2,1,0,0,1,83,99,1,1,13,0,1
45,450362,1,1,3,23,7,15,15,34,0,1,0,45,2,20,481,20481,31,2000,1GCCS1952Y82,1,G,C,C,S,1,9,5,2,Y,8,2,0,0,0,000000000,00000000000,0,0,0,1,0,0,0,0,0,0,0,45,0,1,5,2,6,2,1,0,0,1,1,45,29102,6,1,0,0,3,0,66,160,1,0,0,0,0,4,2013,4,2013,0,0,0,0,0,1,2,45,3,1,2,1,0,0,14,13,99,1,4,1,2,1
45,450363,1,2,4,27,7,14,50,1,0,1,0,37,3,20,2,20002,4,2012,1G1ZC5EU9CF1,1,G,1,Z,C,5,E,U,9,C,F,1,0,0,0,000000000,00000000000,0,0,0,1,0,0,0,0,0,0,0,5,0,0,0,19,2,5,18,0,0,0,1,37,27886,6,1,0,0,3,0,63,999,0,0,0,0,0,0,0,0,0,0,0,0,0,0,5,6,45,1,1,2,1,3,3,11,66,99,1,1,98,0,0
45,450363,2,2,1,27,7,14,50,1,0,1,0,45,1,72,706,72706,80,2008,1HD1FS4198Y6,1,H,D,1,F,S,4,1,9,8,Y,6,0,0,0,000000000,00000000000,0,0,0,1,0,0,0,0,0,0,0,45,0,0,0,0,6,2,1,0,0,0,1,45,29527,6,1,0,0,3,3,66,165,0,1,0,0,0,4,2014,4,2014,0,39,0,0,0,5,6,45,1,1,2,1,3,3,1,66,99,1,1,98,1,0
45,450364,1,1,1,27,7,19,50,53,0,1,0,45,1,72,706,72706,80,2009,1HD1FC4189Y6,1,H,D,1,F,C,4,1,8,9,Y,6,0,0,0,000000000,00000000000,0,0,0,1,0,0,0,0,0,0,0,55,0,0,0,12,6,2,1,0,0,0,1,45,29488,6,1,0,0,3,0,69,190,0,0,0,0,0,0,0,0,0,0,0,0,0,0,1,2,45,3,1,2,1,40,3,14,13,99,1,4,1,1,1
45,450365,1,1,3,28,7,14,31,35,0,1,0,45,1,6,51,6051,4,2002,2C3AE76K12H2,2,C,3,A,E,7,6,K,1,2,H,2,0,0,0,000000000,00000000000,0,0,0,1,0,0,0,0,0,0,0,55,0,0,0,12,6,2,42,0,0,0,1,45,29180,6,1,0,0,3,0,65,195,0,0,0,0,0,0,0,0,0,4,0,0,0,0,1,2,55,3,2,2,1,0,0,14,13,99,1,4,1,1,1
45,450366,1,2,1,29,7,12,50,12,6,1,0,37,1,30,46,30046,4,2009,WVWML73C29E5,W,V,W,M,L,7,3,C,2,9,E,5,0,0,0,000000000,00000000000,0,0,0,1,0,0,0,0,0,0,0,51,0,0,0,1,6,2,12,0,0,0,1,37,27591,6,1,0,0,3,0,63,999,0,0,0,0,0,0,0,0,0,0,0,0,0,0,2,4,60,1,1,2,1,0,0,1,66,99,1,1,87,0,0
45,450366,2,2,2,29,7,12,50,12,6,1,0,45,1,20,2,20002,4,2007,2G1WB58K9793,2,G,1,W,B,5,8,K,9,7,9,3,0,0,0,000000000,00000000000,0,0,0,1,0,0,0,0,0,0,0,20,0,0,0,3,6,2,12,0,0,0,1,45,29569,6,1,0,0,3,0,75,230,1,0,0,1,0,8,2012,10,2012,0,38,0,0,0,1,2,60,1,1,2,1,20,3,1,66,99,1,1,86,1,0
45,450367,1,2,2,25,6,9,30,12,7,1,0,36,3,7,422,7422,15,2014,1C4RDJDG4EC4,1,C,4,R,D,J,D,G,4,E,C,4,0,0,0,000000000,00000000000,0,0,0,1,0,0,0,0,0,0,0,76,0,0,0,3,6,2,42,0,0,0,1,36,11768,6,1,0,0,3,3,70,999,0,0,0,0,0,0,0,0,0,0,0,0,0,0,2,4,70,1,1,2,1,0,0,1,61,99,1,1,45,1,0
45,450367,2,2,1,25,6,9,30,12,7,1,0,37,1,12,481,12481,31,2004,1FTNW21P64EB,1,F,T,N,W,2,1,P,6,4,E,B,0,0,0,000000000,00000000000,0,0,0,1,0,0,0,0,0,0,0,70,0,0,0,9,6,2,42,0,0,0,1,37,27831,6,1,8,0,2,0,70,999,1,0,0,0,0,12,2012,12,2012,0,80,0,0,0,2,4,70,1,1,2,1,0,0,1,1,99,4,2,44,0,0
45,450368,1,2,1,26,7,17,10,12,6,1,0,45,1,84,881,84881,66,1995,1HTSDAAN0SH6,1,H,T,S,D,A,A,N,0,S,H,6,1,1,45,0600405,450600405,3,6,1,1,0,0,0,0,0,0,0,55,0,0,0,2,0,5,12,0,0,0,1,45,29516,6,1,6,0,3,0,65,200,0,0,0,0,0,0,0,0,0,0,0,0,0,0,1,2,55,1,1,2,1,0,0,6,62,99,1,1,98,0,0
45,450368,2,2,1,26,7,17,10,12,6,1,0,45,1,98,709,98709,81,2009,999999999999,9,9,9,9,9,9,9,9,9,9,9,9,0,0,0,000000000,00000000000,0,0,0,1,0,0,0,0,0,0,0,20,0,0,0,12,6,2,12,0,0,0,1,45,29520,1,1,5,0,2,0,72,200,0,1,1,0,0,7,2012,9,2012,0,48,0,0,0,1,2,55,1,1,2,1,0,0,12,60,99,1,1,98,1,1
45,450369,1,2,1,27,7,2,0,12,6,1,0,45,2,13,1,13001,4,1997,1LNLM82W6VY7,1,L,N,L,M,8,2,W,6,V,Y,7,0,0,0,000000000,00000000000,0,0,0,1,0,0,0,0,0,0,0,10,0,0,0,9,6,2,12,0,0,0,1,45,29429,6,1,0,0,3,0,62,140,0,0,0,0,0,0,0,0,0,0,38,0,0,0,1,2,55,1,1,2,1,20,3,4,66,99,1,1,89,1,1
45,450369,2,2,1,27,7,2,0,12,6,1,0,37,3,85,881,85881,66,2011,1XKADP8XXBJ2,1,X,K,A,D,P,8,X,X,B,J,2,1,1,37,0090792,370090792,3,6,1,1,0,0,0,0,0,0,0,55,0,0,0,12,6,2,12,0,0,0,1,45,29579,6,1,6,3,3,0,77,275,0,0,0,0,1,10,2011,10,2011,0,0,0,0,0,2,4,55,1,1,2,1,0,0,1,66,99,1,1,88,0,0
45,450370,1,1,1,29,7,21,5,34,0,1,0,45,1,72,706,72706,80,1995,1HD1GHL39SY3,1,H,D,1,G,H,L,3,9,S,Y,3,0,0,0,000000000,00000000000,0,0,0,1,0,0,0,0,0,0,0,55,0,0,0,12,2,3,34,0,0,0,1,45,29591,6,1,0,0,3,3,68,172,1,0,0,0,0,10,2011,10,2011,0,0,0,0,0,1,2,55,1,1,2,1,0,0,1,13,99,1,4,1,1,1
45,450371,1,1,1,18,7,20,30,1,0,1,0,45,1,49,472,49472,30,1998,4TAWN72N4WZ0,4,T,A,W,N,7,2,N,4,W,Z,0,0,0,0,000000000,00000000000,0,0,0,1,0,0,0,0,0,0,0,55,0,1,5,0,6,2,1,0,0,0,1,45,29853,6,2,0,0,3,0,71,170,0,0,0,1,0,10,2013,10,2013,4,0,0,0,0,1,2,55,3,1,2,1,0,0,14,13,99,1,4,1,1,1
45,450372,1,1,1,7,7,22,15,42,0,1,0,45,1,37,32,37032,4,2001,1HGCG16581A0,1,H,G,C,G,1,6,5,8,1,A,0,0,0,0,000000000,00000000000,0,0,0,1,0,0,0,0,0,0,0,50,0,1,5,99,6,2,1,0,0,0,1,45,29412,1,1,5,0,2,3,70,150,0,2,0,0,0,5,2014,7,2014,0,99,99,99,99,1,2,35,1,1,2,1,0,0,1,12,99,9,4,6,1,1
45,450373,1,1,4,21,7,14,7,33,0,1,0,45,2,20,22,20022,4,2005,1G1AK52F2575,1,G,1,A,K,5,2,F,2,5,7,5,0,0,0,000000000,00000000000,0,0,0,1,0,0,0,0,0,0,0,45,0,1,5,99,6,2,38,0,0,0,1,45,29577,0,0,0,0,0,0,68,100,0,1,0,0,0,11,2013,11,2013,0,39,0,0,0,2,6,45,1,1,2,1,3,3,1,13,99,1,4,1,1,0
45,450374,1,2,2,27,7,17,30,12,6,1,0,45,1,13,5,13005,4,1997,1LNLM81W8VY6,1,L,N,L,M,8,1,W,8,V,Y,6,0,0,0,000000000,00000000000,0,0,0,1,0,0,0,0,0,0,0,60,0,0,0,3,6,2,12,0,0,0,1,45,29150,6,1,0,0,3,3,74,240,0,2,0,0,0,4,2014,7,2014,0,0,0,0,0,1,2,45,1,1,2,1,0,0,1,12,99,9,4,45,2,1
45,450374,2,2,6,27,7,17,30,12,6,1,0,45,1,12,422,12422,15,2003,1FMFU18L63LA,1,F,M,F,U,1,8,L,6,3,L,A,0,0,0,000000000,00000000000,0,0,0,1,0,0,0,0,0,0,0,45,0,0,0,12,6,2,12,0,0,0,1,45,29102,6,1,0,0,3,0,73,255,0,0,0,0,0,0,0,0,0,0,0,0,0,0,1,2,45,1,1,2,1,0,0,17,62,7,1,4,44,0,0