STATE,ST_CASE,VEH_NO,VE_FORMS,NUMOCCS,DAY,MONTH,HOUR,MINUTE,HARM_EV,MAN_COLL,UNITTYPE,HIT_RUN,REG_STAT,OWNER,MAKE,MODEL,MAK_MOD,BODY_TYP,MOD_YEAR,VIN,VIN_1,VIN_2,VIN_3,VIN_4,VIN_5,VIN_6,VIN_7,VIN_8,VIN_9,VIN_10,VIN_11,VIN_12,TOW_VEH,J_KNIFE,MCARR_I1,MCARR_I2,MCARR_ID,GVWR,V_CONFIG,CARGO_BT,HAZ_INV,HAZ_PLAC,HAZ_ID,HAZ_CNO,HAZ_REL,BUS_USE,SPEC_USE,EMER_USE,TRAV_SP,UNDERIDE,ROLLOVER,ROLINLOC,IMPACT1,DEFORMED,TOWED,M_HARM,VEH_SC1,VEH_SC2,FIRE_EXP,DR_PRES,L_STATE,DR_ZIP,L_STATUS,L_TYPE,CDL_STAT,L_ENDORS,L_COMPL,L_RESTRI,DR_HGT,DR_WGT,PREV_ACC,PREV_SUS,PREV_DWI,PREV_SPD,PREV_OTH,FIRST_MO,FIRST_YR,LAST_MO,LAST_YR,SPEEDREL,DR_SF1,DR_SF2,DR_SF3,DR_SF4,VTRAFWAY,VNUM_LAN,VSPD_LIM,VALIGN,VPROFILE,VPAVETYP,VSURCOND,VTRAFCON,VTCONT_F,P_CRASH1,P_CRASH2,P_CRASH3,PCRASH4,PCRASH5,ACC_TYPE,DEATHS,DR_DRINK
45,450375,1,1,1,31,7,17,11,42,0,1,0,45,2,20,481,20481,31,1994,1GCEK14K6RZ2,1,G,C,E,K,1,4,K,6,R,Z,2,0,0,0,000000000,00000000000,0,0,0,1,0,0,0,0,0,0,0,55,0,0,0,12,6,2,42,0,0,0,1,45,29479,6,1,0,0,3,3,72,165,0,3,0,0,0,5,2012,3,2013,0,58,0,0,0,1,2,55,1,1,2,2,0,0,1,13,99,1,4,1,1,1
45,450376,1,1,1,20,7,21,13,11,0,1,0,45,1,98,709,98709,80,9999,L4YTCAK008A3,L,4,Y,T,C,A,K,0,0,8,A,3,0,0,0,000000000,00000000000,0,0,0,1,0,0,0,0,0,0,0,30,0,0,0,12,6,2,11,0,0,0,1,45,29325,6,1,0,0,3,0,74,250,0,0,0,0,0,0,0,0,0,0,83,0,0,0,1,2,30,1,1,2,1,0,0,1,88,99,1,1,13,1,1
45,450377,1,1,1,20,7,23,35,8,0,1,0,45,2,49,46,49046,4,2011,JTDKN3DU9B02,J,T,D,K,N,3,D,U,9,B,0,2,0,0,0,000000000,00000000000,0,0,0,1,0,0,0,0,0,0,0,55,0,0,0,2,2,5,8,0,0,0,1,45,29689,6,2,0,0,3,3,70,160,1,0,0,0,0,5,2014,5,2014,0,0,0,0,0,1,2,55,1,1,2,1,0,0,1,80,99,1,1,13,0,0
45,450378,1,1,2,2,8,5,50,1,0,1,0,45,1,20,421,20421,15,2001,1GNEK13T01R1,1,G,N,E,K,1,3,T,0,1,R,1,0,0,0,000000000,00000000000,0,0,0,1,0,0,0,0,0,0,0,100,0,1,3,0,6,2,1,0,0,0,1,45,29112,6,1,0,0,3,0,69,225,0,1,0,1,0,5,2012,3,2013,0,8,0,0,0,3,4,70,1,1,2,1,0,0,1,12,99,9,4,6,1,1
45,450379,1,1,1,2,8,7,55,34,0,1,0,45,2,12,16,12016,4,2002,1FAFP55U12A1,1,F,A,F,P,5,5,U,1,2,A,1,0,0,0,000000000,00000000000,0,0,0,1,0,0,0,0,0,0,0,65,0,1,5,12,6,2,2,0,0,1,1,45,29474,6,1,0,0,3,0,67,190,0,0,0,0,0,0,0,0,0,3,0,0,0,0,1,2,55,1,1,2,1,0,0,1,13,99,1,4,1,1,0
45,450380,1,1,2,7,8,11,48,42,0,1,0,45,1,20,481,20481,31,1999,2GCEC19V1X12,2,G,C,E,C,1,9,V,1,X,1,2,0,0,0,000000000,00000000000,0,0,0,1,0,0,0,0,0,0,0,55,0,0,0,12,6,2,42,0,0,0,1,45,29621,6,1,0,0,3,3,69,179,3,0,0,1,0,12,2012,6,2014,4,0,0,0,0,1,2,55,1,1,2,1,0,0,1,13,99,1,4,1,1,0
45,450381,1,4,2,5,6,11,40,12,6,1,0,45,1,42,36,42036,2,1986,WDBBA48D9GA0,W,D,B,B,A,4,8,D,9,G,A,0,0,0,0,000000000,00000000000,0,0,0,1,0,0,0,0,0,0,0,30,0,0,0,5,6,2,12,0,0,0,1,45,29909,6,1,0,0,3,3,72,220,1,0,0,1,0,3,2013,8,2013,0,38,0,0,0,5,6,55,1,1,2,1,3,3,11,66,99,1,1,68,0,0
45,450381,2,4,1,5,6,11,40,12,6,1,0,45,1,37,402,37402,14,2014,5J6RM3H70EL0,5,J,6,R,M,3,H,7,0,E,L,0,0,0,0,000000000,00000000000,0,0,0,1,0,0,0,0,0,0,0,0,0,0,0,12,2,3,12,0,0,0,1,45,29909,6,1,0,0,3,0,71,275,0,0,0,1,1,1,2013,12,2013,0,0,0,0,0,2,3,55,1,2,2,1,3,3,5,63,99,1,1,98,0,0
45,450381,3,4,1,5,6,11,40,12,6,1,0,45,3,86,881,86881,66,2000,1M2P267C3YM0,1,M,2,P,2,6,7,C,3,Y,M,0,1,1,77,777777777,77777777777,3,6,98,1,0,0,0,0,0,0,0,45,0,1,5,12,6,2,1,0,0,0,1,45,29902,6,1,6,3,3,0,71,200,0,0,0,0,0,0,0,0,0,0,0,0,0,0,5,6,55,1,1,2,1,3,3,1,55,99,1,1,69,0,0
45,450381,4,4,2,5,6,11,40,12,6,1,0,45,1,59,403,59403,14,2009,2T2GK31U29C0,2,T,2,G,K,3,1,U,2,9,C,0,0,0,0,000000000,00000000000,0,0,0,1,0,0,0,0,0,0,0,0,0,0,0,9,6,2,12,0,0,0,1,45,29909,6,1,0,0,3,0,71,230,0,0,0,0,0,0,0,0,0,0,0,0,0,0,2,3,55,1,2,2,1,0,0,16,61,99,1,1,98,1,0
45,450382,1,1,1,29,7,20,10,42,0,1,0,45,1,23,481,23481,31,2003,1GTEC14T83Z1,1,G,T,E,C,1,4,T,8,3,Z,1,0,0,0,000000000,00000000000,0,0,0,1,0,0,0,0,0,0,0,70,0,0,0,12,6,2,42,0,0,0,1,45,29332,6,1,0,0,3,3,67,189,0,0,0,0,0,0,0,0,0,4,0,0,0,0,1,2,35,1,1,2,1,40,3,1,13,99,1,4,1,1,1
45,450383,1,2,1,11,6,14,12,12,6,1,0,45,2,2,403,2403,14,1998,1J4FY29P7WP7,1,J,4,F,Y,2,9,P,7,W,P,7,0,0,0,000000000,00000000000,0,0,0,1,0,0,0,0,0,0,0,40,0,0,0,12,6,2,12,0,0,0,1,45,29708,6,2,0,0,3,0,71,185,0,0,0,0,0,0,0,0,0,0,0,0,0,0,2,4,45,1,1,2,1,0,0,1,66,99,1,1,88,0,0
45,450383,2,2,1,11,6,14,12,12,6,1,0,45,1,49,32,49032,4,2008,1NXBR32E48Z9,1,N,X,B,R,3,2,E,4,8,Z,9,0,0,0,000000000,00000000000,0,0,0,1,0,0,0,0,0,0,0,10,0,0,0,10,6,2,12,0,0,0,1,45,29708,6,1,0,0,3,3,65,170,0,0,0,0,0,0,0,0,0,0,38,0,0,0,1,2,45,1,1,2,1,0,0,4,66,99,1,1,89,1,0
45,450384,1,1,3,7,6,0,5,1,0,1,0,45,1,7,403,7403,14,2007,1D8GT58K37W5,1,D,8,G,T,5,8,K,3,7,W,5,0,0,0,000000000,00000000000,0,0,0,1,0,0,0,0,0,0,0,70,0,1,3,0,6,2,42,0,0,0,1,45,29437,1,1,5,0,2,3,74,225,1,4,0,1,0,7,2012,5,2014,4,0,0,0,0,2,4,70,1,1,2,1,0,0,1,12,99,1,4,6,1,0
45,450385,1,2,1,25,7,10,45,12,7,1,0,47,3,98,809,98809,66,2007,2FWBA2CV37AX,2,F,W,B,A,2,C,V,3,7,A,X,1,1,47,0009269,470009269,3,6,1,1,0,0,0,0,0,0,0,70,0,1,5,9,6,2,1,0,0,0,1,45,29170,6,1,6,3,3,3,72,175,1,0,0,0,0,3,2014,3,2014,0,0,0,0,0,2,4,70,1,1,2,1,0,0,1,60,99,1,1,45,1,0
45,450385,2,2,1,25,7,10,45,12,7,1,0,12,1,6,52,6052,6,2005,2C4GM48L85R5,2,C,4,G,M,4,8,L,8,5,R,5,0,0,0,000000000,00000000000,0,0,0,1,0,0,0,0,0,0,0,70,0,0,0,3,6,2,12,0,0,0,1,12,33578,6,1,0,0,3,0,66,999,0,0,0,1,0,7,2013,7,2013,0,27,0,0,0,2,4,70,1,1,2,1,0,0,15,53,99,1,1,44,0,0
45,450386,1,2,2,28,7,13,20,12,7,1,0,37,2,20,401,20401,14,1996,1GNCS13W0T21,1,G,N,C,S,1,3,W,0,T,2,1,0,0,0,000000000,00000000000,0,0,0,1,0,0,0,0,0,0,0,70,0,0,0,2,6,2,42,0,0,0,1,37,28110,6,1,0,0,3,0,999,999,99,99,99,99,99,99,9999,99,9999,0,80,0,0,0,2,4,70,1,1,2,1,0,0,1,1,7,3,2,44,2,0
45,450386,2,2,1,28,7,13,20,12,7,1,0,37,2,12,401,12401,14,2004,1FMZU63K34UA,1,F,M,Z,U,6,3,K,3,4,U,A,0,0,0,000000000,00000000000,0,0,0,1,0,0,0,0,0,0,0,70,0,0,0,8,6,2,42,0,0,0,1,37,28421,6,1,0,0,3,0,999,999,99,99,99,99,99,99,9999,99,9999,0,0,0,0,0,2,4,70,1,1,2,1,0,0,1,60,99,1,1,45,0,0
45,450387,1,1,1,18,7,12,48,59,0,1,0,1,3,86,881,86881,66,2000,1M1AA18Y9YW1,1,M,1,A,A,1,8,Y,9,Y,W,1,1,1,1,0064462,010064462,3,6,3,1,0,0,0,0,0,0,0,65,0,1,5,2,6,2,1,0,0,0,1,13,31322,6,1,6,0,3,0,999,999,98,0,0,0,0,0,0,0,0,0,99,99,99,99,3,4,70,1,1,2,1,0,0,1,13,99,1,4,1,1,0
45,450388,1,1,1,10,8,0,45,34,0,1,0,45,1,12,3,12003,2,2005,1ZVFT82H2552,1,Z,V,F,T,8,2,H,2,5,5,2,0,0,0,000000000,00000000000,0,0,0,1,0,0,0,0,0,0,0,70,0,1,5,12,6,2,1,0,0,0,1,45,29481,6,1,0,0,3,0,68,183,0,0,0,0,0,0,0,0,0,4,0,0,0,0,1,2,55,1,1,2,2,0,0,1,12,99,1,4,6,1,1
45,450389,1,2,1,14,8,22,15,12,1,1,0,45,3,12,16,12016,4,2011,2FABP7BV2BX1,2,F,A,B,P,7,B,V,2,B,X,1,0,0,0,000000000,00000000000,0,0,0,1,0,0,0,0,0,0,0,59,0,0,0,12,6,2,12,0,0,0,1,45,29555,6,1,0,0,3,3,71,199,0,0,0,0,0,0,0,0,0,4,0,0,0,0,1,2,55,1,1,2,1,0,0,1,51,99,1,1,24,0,0
45,450389,2,2,1,14,8,22,15,12,1,1,0,45,1,98,709,98709,81,2013,999999999999,9,9,9,9,9,9,9,9,9,9,9,9,0,0,0,000000000,00000000000,0,0,0,1,0,0,0,0,0,0,0,35,0,0,0,6,6,2,12,0,0,0,1,45,29564,6,1,0,0,3,0,63,214,0,0,0,0,0,0,0,0,0,0,0,0,0,0,1,2,55,1,1,2,1,0,0,1,53,99,1,1,25,1,0
45,450390,1,2,1,14,8,13,23,12,1,1,0,45,1,37,31,37031,4,1998,2HGEJ6677WH5,2,H,G,E,J,6,6,7,7,W,H,5,0,0,0,000000000,00000000000,0,0,0,1,0,0,0,0,0,0,0,0,0,0,0,6,6,2,12,0,0,0,1,45,29655,6,1,0,0,3,0,73,240,0,0,0,0,0,0,0,0,0,0,0,0,0,0,1,5,55,1,1,2,1,3,3,5,53,99,1,1,22,1,0
45,450390,2,2,1,14,8,13,23,12,1,1,0,45,1,20,481,20481,31,1997,1GCGC29R7VE1,1,G,C,G,C,2,9,R,7,V,E,1,0,0,0,000000000,00000000000,0,0,0,1,0,0,0,0,0,0,0,999,0,0,0,12,6,2,12,0,0,0,1,45,29640,6,1,0,0,3,0,76,270,0,0,0,0,0,0,0,0,0,0,8,0,0,0,1,5,55,1,1,2,1,3,3,1,50,99,1,1,20,0,0
45,450391,1,2,1,16,8,12,36,12,2,1,0,45,1,20,404,20404,14,2006,2CNDL23F3660,2,C,N,D,L,2,3,F,3,6,6,0,0,0,0,000000000,00000000000,0,0,0,1,0,0,0,0,0,0,0,70,0,1,5,12,6,2,1,0,0,0,1,45,29407,6,1,0,0,3,3,74,225,1,1,0,0,1,1,2012,3,2014,3,58,0,0,0,1,2,45,1,1,2,1,0,0,1,10,99,1,2,50,0,1
45,450391,2,2,1,16,8,12,36,12,2,1,0,45,2,2,1,2001,6,2011,1J4NT1FA4BD2,1,J,4,N,T,1,F,A,4,B,D,2,0,0,0,000000000,00000000000,0,0,0,1,0,0,0,0,0,0,0,40,0,0,0,12,6,2,12,0,0,0,1,45,29455,6,2,0,0,3,0,65,110,2,0,0,0,0,5,2013,12,2013,0,0,0,0,0,1,2,45,1,1,2,1,0,0,1,62,99,1,1,51,1,0
45,450392,1,2,3,30,7,13,0,12,6,1,0,12,1,37,402,37402,14,2007,JHLRE383X7C0,J,H,L,R,E,3,8,3,X,7,C,0,0,0,0,000000000,00000000000,0,0,0,1,0,0,0,0,0,0,0,10,0,0,0,10,6,2,12,0,0,0,1,12,34711,6,1,0,0,3,0,66,999,0,0,0,0,0,0,0,0,0,0,38,0,0,0,2,2,35,1,2,2,1,0,0,4,66,99,1,1,89,0,0
45,450392,2,2,2,30,7,13,0,12,6,1,0,45,1,72,706,72706,80,2012,1HD1FBM16CB6,1,H,D,1,F,B,M,1,6,C,B,6,0,0,0,000000000,00000000000,0,0,0,1,0,0,0,0,0,0,0,35,0,0,0,12,6,2,12,0,0,0,1,45,29073,6,1,0,0,3,0,71,200,0,0,0,0,0,0,0,0,0,0,0,0,0,0,2,2,35,1,2,2,1,0,0,1,71,99,1,1,88,1,0
45,450393,1,1,1,6,8,16,55,42,0,1,0,45,1,12,481,12481,31,2006,1FTPX12526NA,1,F,T,P,X,1,2,5,2,6,N,A,0,0,0,000000000,00000000000,0,0,0,1,0,0,0,0,0,0,0,70,0,0,0,12,6,2,42,0,0,0,1,45,29945,6,1,0,0,3,0,69,200,0,0,0,0,0,0,0,0,0,0,99,99,99,99,3,4,70,1,1,2,1,0,0,1,12,99,1,4,6,1,0
45,450394,1,2,1,7,8,12,0,12,6,1,0,45,1,20,481,20481,31,1994,1GCEC19K6RE1,1,G,C,E,C,1,9,K,6,R,E,1,0,0,0,000000000,00000000000,0,0,0,1,0,0,0,0,0,0,0,5,0,0,0,9,2,5,12,0,0,0,1,45,29078,6,1,0,0,3,0,69,130,1,0,0,0,0,11,2012,11,2012,0,38,0,0,0,1,2,45,1,1,2,1,20,3,4,66,99,1,1,89,0,0
45,450394,2,2,1,7,8,12,0,12,6,1,0,45,1,37,705,37705,80,2007,JH2RC53457M0,J,H,2,R,C,5,3,4,5,7,M,0,0,0,0,000000000,00000000000,0,0,0,1,0,0,0,0,0,0,0,45,0,0,0,12,6,2,12,0,0,0,1,45,29073,6,1,0,0,3,3,68,210,1,0,0,0,0,2,2012,2,2012,0,0,0,0,0,2,4,45,1,1,2,1,0,0,1,66,99,1,1,88,1,0
45,450395,1,1,1,9,8,12,29,8,0,1,0,45,1,12,401,12401,14,1995,1FMCU22X4SUB,1,F,M,C,U,2,2,X,4,S,U,B,0,0,0,000000000,00000000000,0,0,0,1,0,0,0,0,0,0,0,40,0,0,0,12,0,5,8,0,0,0,1,45,29627,1,1,5,0,2,0,66,155,1,3,0,0,0,10,2012,10,2013,3,0,0,0,0,1,2,30,1,1,2,1,0,0,1,81,99,1,1,13,0,0
45,450396,1,1,4,15,8,22,0,42,0,1,0,45,1,20,32,20032,4,1996,1Y1SK5266TZ0,1,Y,1,S,K,5,2,6,6,T,Z,0,0,0,0,000000000,00000000000,0,0,0,1,0,0,0,0,0,0,0,999,0,0,0,12,6,2,42,0,0,0,1,45,29720,6,1,0,0,3,0,63,165,0,0,0,0,0,0,0,0,0,0,0,0,0,0,1,2,35,1,1,2,1,0,0,1,12,99,1,4,6,1,1
45,450397,1,1,1,16,8,3,10,34,0,1,0,45,2,49,40,49040,4,2006,1NXBR32EX6Z6,1,N,X,B,R,3,2,E,X,6,Z,6,0,0,0,000000000,00000000000,0,0,0,1,0,0,0,0,0,0,0,75,0,1,5,12,6,2,32,0,0,0,1,45,29560,6,1,0,0,3,0,69,260,0,0,0,0,0,0,0,0,0,3,0,0,0,0,1,2,50,4,1,2,1,0,0,14,13,99,1,4,1,1,1
45,450398,1,2,1,25,4,15,38,12,6,1,0,45,1,20,421,20421,15,2005,1GNEC13V15R2,1,G,N,E,C,1,3,V,1,5,R,2,0,0,0,000000000,00000000000,0,0,0,1,0,0,0,0,0,0,0,45,0,0,0,12,6,2,12,0,0,0,1,45,29410,6,1,0,0,3,0,66,135,0,0,0,0,1,6,2012,6,2012,0,0,0,0,0,2,6,45,1,1,2,1,0,0,1,66,99,1,1,69,0,0
45,450398,2,2,3,25,4,15,38,12,6,1,0,45,1,6,18,6018,4,2012,1C3CCBAB8CN2,1,C,3,C,C,B,A,B,8,C,N,2,0,0,0,000000000,00000000000,0,0,0,1,0,0,0,0,0,0,0,15,0,0,0,3,6,2,12,0,0,0,1,45,29445,6,1,0,0,3,3,64,180,0,0,0,2,0,9,2013,2,2014,0,38,0,0,0,2,6,45,1,1,2,1,0,0,11,66,99,1,1,68,1,0
45,450399,1,1,1,16,8,23,34,42,0,1,0,45,1,18,7,18007,4,2003,2G4WS52J6312,2,G,4,W,S,5,2,J,6,3,1,2,0,0,0,000000000,00000000000,0,0,0,1,0,0,0,0,0,0,0,70,0,1,5,9,6,2,42,0,0,0,1,45,29472,6,1,6,0,3,0,74,288,0,0,0,0,0,0,0,0,0,3,0,0,0,0,1,2,0,1,1,2,1,0,0,1,13,99,9,4,1,1,1
45,450400,1,1,6,18,8,3,18,1,0,1,0,45,2,35,421,35421,15,2010,5N1BA0NF1AN6,5,N,1,B,A,0,N,F,1,A,N,6,0,0,0,000000000,00000000000,0,0,0,1,0,0,0,0,0,0,0,64,0,1,3,0,6,2,1,0,0,0,1,45,29605,6,1,0,0,3,0,62,130,1,3,0,0,0,7,2012,4,2014,0,80,58,0,0,2,4,70,1,1,2,1,0,0,1,1,6,4,4,7,1,0
45,450401,1,2,1,21,8,14,14,12,7,1,0,45,1,98,703,98703,80,2013,LC2D2H123DC1,L,C,2,D,2,H,1,2,3,D,C,1,0,0,0,000000000,00000000000,0,0,0,1,0,0,0,0,0,0,0,40,0,0,0,3,2,3,12,0,0,0,1,45,29572,6,1,0,0,3,0,68,175,0,0,0,0,0,0,0,0,0,0,27,0,0,0,2,5,40,1,1,2,1,0,0,1,51,99,1,2,44,1,0
45,450401,2,2,1,21,8,14,14,12,7,1,0,45,1,98,709,98709,81,2008,RFBB9A0348B2,R,F,B,B,9,A,0,3,4,8,B,2,0,0,0,000000000,00000000000,0,0,0,1,0,0,0,0,0,0,0,40,0,0,0,9,2,3,12,0,0,0,1,45,29572,6,1,0,0,3,0,77,175,0,0,0,0,0,0,0,0,0,0,0,0,0,0,2,5,40,1,1,2,1,0,0,1,61,99,1,1,45,0,0
45,450402,1,1,1,21,8,22,0,8,0,1,0,45,1,20,22,20022,4,2009,1G1AT58HX972,1,G,1,A,T,5,8,H,X,9,7,2,0,0,0,000000000,00000000000,0,0,0,1,0,0,0,0,0,0,0,55,0,0,0,12,6,2,8,0,0,0,1,45,29030,6,1,0,0,3,0,62,190,0,0,0,0,0,0,0,0,0,0,0,0,0,0,1,2,55,1,1,2,1,0,0,1,80,99,1,1,13,0,0
45,450403,1,2,4,13,7,20,13,35,0,1,0,45,3,34,35,34035,5,2014,WBA5M2C57ED8,W,B,A,5,M,2,C,5,7,E,D,8,0,0,0,000000000,00000000000,0,0,0,1,0,0,0,0,0,0,0,75,0,0,0,5,2,5,12,0,0,0,1,45,29645,6,1,0,0,3,0,69,205,0,0,0,1,0,11,2013,11,2013,0,0,0,0,0,1,2,45,1,2,2,1,0,0,1,61,99,1,1,98,0,0
45,450403,2,2,4,13,7,20,13,35,0,1,0,45,2,37,32,37032,4,1997,1HGCE6671VA0,1,H,G,C,E,6,6,7,1,V,A,0,0,0,0,000000000,00000000000,0,0,0,1,0,0,0,0,0,0,0,100,0,1,1,12,6,2,1,0,0,0,1,45,29645,6,1,0,0,3,0,67,160,0,0,0,0,1,6,2013,6,2013,3,8,0,0,0,1,2,45,1,2,2,1,0,0,1,13,99,1,4,1,1,0
45,450404,1,3,1,22,8,12,40,12,1,1,0,51,3,7,442,7442,20,2014,2C4RDGCG9ER2,2,C,4,R,D,G,C,G,9,E,R,2,0,0,0,000000000,00000000000,0,0,0,1,0,0,0,0,0,0,0,0,0,0,0,6,6,2,12,0,0,0,1,45,29576,6,1,0,0,3,0,72,185,0,0,0,0,0,0,0,0,0,0,0,0,0,0,2,4,70,1,2,2,1,0,0,5,53,99,1,1,98,0,0
45,450404,2,3,1,22,8,12,40,12,1,1,0,37,3,7,442,7442,20,2014,2C4RDGCG3ER2,2,C,4,R,D,G,C,G,3,E,R,2,0,0,0,000000000,00000000000,0,0,0,1,0,0,0,0,0,0,0,0,0,0,0,6,6,2,12,0,0,0,1,45,29579,6,1,0,0,3,3,65,162,0,0,0,0,0,0,0,0,0,0,0,0,0,0,2,4,70,1,2,2,1,0,0,5,53,99,1,1,21,0,0
45,450404,3,3,1,22,8,12,40,12,1,1,0,37,2,21,401,21401,14,1998,1GHDT13W2W27,1,G,H,D,T,1,3,W,2,W,2,7,0,0,0,000000000,00000000000,0,0,0,1,0,0,0,0,0,0,0,70,0,1,3,12,6,2,1,0,0,0,1,37,28078,6,1,0,0,3,3,69,999,1,0,0,0,0,1,2014,1,2014,4,0,0,0,0,2,4,70,1,2,2,1,0,0,1,50,99,1,1,20,1,0
45,450405,1,2,1,22,8,14,55,12,2,1,0,45,1,20,481,20481,31,2005,2GCEK13T5512,2,G,C,E,K,1,3,T,5,5,1,2,0,0,0,000000000,00000000000,0,0,0,1,0,0,0,0,0,0,0,55,0,0,0,12,6,2,12,0,0,0,1,45,29102,6,1,0,0,3,0,67,155,0,0,0,0,0,0,0,0,0,0,0,0,0,0,1,2,55,1,1,2,1,0,0,1,62,99,1,1,51,0,0
45,450405,2,2,2,22,8,14,55,12,2,1,0,45,1,2,404,2404,14,2003,1J4GX48S43C5,1,J,4,G,X,4,8,S,4,3,C,5,0,0,0,000000000,00000000000,0,0,0,1,0,0,0,0,0,0,0,55,0,0,0,12,6,2,12,0,0,0,1,45,29506,6,1,0,0,3,0,67,170,0,1,0,0,0,3,2012,3,2012,0,28,0,0,0,1,2,55,1,1,2,1,0,0,1,10,99,1,2,50,1,0
45,450406,1,1,1,24,8,0,30,42,0,1,0,45,2,21,21,21021,4,2001,1G3NL52T61C2,1,G,3,N,L,5,2,T,6,1,C,2,0,0,0,000000000,00000000000,0,0,0,1,0,0,0,0,0,0,0,45,0,0,0,12,6,2,42,0,0,0,1,45,29374,6,1,0,0,3,0,67,115,0,0,0,0,1,2,2013,2,2013,0,99,99,99,99,1,2,45,1,1,2,1,0,0,1,13,99,9,4,1,1,0
45,450407,1,1,1,27,8,4,4,33,0,1,0,45,1,72,706,72706,80,2001,1HD1FBW181Y6,1,H,D,1,F,B,W,1,8,1,Y,6,0,0,0,000000000,00000000000,0,0,0,1,0,0,0,0,0,0,0,65,0,0,0,12,6,2,1,0,0,0,1,45,29583,6,1,0,0,3,0,73,220,0,2,0,1,0,2,2012,9,2012,0,39,0,0,0,1,2,45,1,1,2,1,20,3,4,12,99,1,4,6,1,1
45,450408,1,1,1,20,8,6,55,42,0,1,0,45,1,12,402,12402,14,2001,1FMYU01B91KB,1,F,M,Y,U,0,1,B,9,1,K,B,0,0,0,000000000,00000000000,0,0,0,1,0,0,0,0,0,0,0,70,0,0,0,12,6,2,42,0,0,0,1,45,29123,6,1,0,0,3,0,71,140,0,0,0,1,0,11,2013,11,2013,4,0,0,0,0,1,2,55,1,1,2,1,0,0,1,12,99,1,4,6,1,0
45,450409,1,2,1,21,8,15,15,12,6,1,0,45,1,20,404,20404,14,2006,2CNDL73FX661,2,C,N,D,L,7,3,F,X,6,6,1,0,0,0,000000000,00000000000,0,0,0,1,0,0,0,0,0,0,0,55,0,0,0,12,6,2,12,0,0,0,1,45,29710,6,1,0,0,3,3,63,150,0,0,0,0,0,0,0,0,0,0,0,0,0,0,1,2,55,2,1,2,1,0,0,14,66,99,1,1,88,0,0
45,450409,2,2,2,21,8,15,15,12,6,1,0,37,1,20,16,20016,4,2004,1G1JF52F1472,1,G,1,J,F,5,2,F,1,4,7,2,0,0,0,000000000,00000000000,0,0,0,1,0,0,0,0,0,0,0,25,0,0,0,9,6,2,12,0,0,0,1,37,27104,6,1,0,0,3,3,64,999,0,0,0,0,0,0,0,0,0,0,38,0,0,0,1,2,55,1,1,2,1,20,3,4,66,99,1,1,89,1,1
45,450410,1,1,1,24,8,20,10,42,0,1,0,45,2,21,17,21017,4,1996,1G3AJ55M0T63,1,G,3,A,J,5,5,M,0,T,6,3,0,0,0,000000000,00000000000,0,0,0,1,0,0,0,0,0,0,0,65,0,0,0,12,6,2,42,0,0,0,1,45,29180,1,1,5,0,2,0,72,140,0,1,0,0,0,4,2012,4,2012,3,0,0,0,0,1,2,55,3,1,2,1,0,0,14,12,99,1,4,6,1,1
45,450411,1,1,1,25,8,8,22,1,0,1,0,45,1,72,706,72706,80,2007,1HD1FC4197Y6,1,H,D,1,F,C,4,1,9,7,Y,6,0,0,0,000000000,00000000000,0,0,0,1,0,0,0,0,0,0,0,55,0,0,0,0,6,2,1,0,0,0,1,45,29456,6,1,0,0,3,0,74,225,0,0,0,0,0,0,0,0,0,0,83,0,0,0,1,2,55,1,1,2,1,0,0,1,88,9,9,1,98,1,0
45,450412,1,1,2,27,8,0,7,1,0,1,0,45,2,12,422,12422,15,1998,1FMPU18L0WLB,1,F,M,P,U,1,8,L,0,W,L,B,0,0,0,000000000,00000000000,0,0,0,1,0,0,0,0,0,0,0,70,0,1,1,0,6,2,1,0,0,0,1,45,29644,6,1,0,0,3,0,70,145,1,1,0,0,0,12,2011,3,2012,0,0,0,0,0,1,2,45,1,1,2,1,0,0,1,12,99,9,4,6,1,1
45,450413,1,2,1,27,8,18,25,12,6,1,0,45,1,73,705,73705,80,2012,JKAEXEE16CDA,J,K,A,E,X,E,E,1,6,C,D,A,0,0,0,000000000,00000000000,0,0,0,1,0,0,0,0,0,0,0,45,0,0,0,12,6,2,12,0,0,0,1,45,29571,6,1,0,0,3,0,71,140,0,0,0,0,0,0,0,0,0,0,0,0,0,0,2,2,45,1,1,2,1,0,0,1,61,99,1,1,71,1,0
45,450413,2,2,2,27,8,18,25,12,6,1,0,45,2,35,471,35471,30,1994,1N6SD11S0RC4,1,N,6,S,D,1,1,S,0,R,C,4,1,2,0,000000000,00000000000,0,0,0,1,0,0,0,0,0,0,0,50,0,0,0,5,4,5,51,0,0,0,1,45,29501,6,1,0,0,3,0,72,130,1,0,0,0,0,1,2013,1,2013,0,48,0,0,0,2,2,45,1,1,2,1,0,0,10,16,99,1,1,70,0,0
45,450414,1,6,1,11,6,21,8,12,6,1,0,45,1,50,706,50706,80,2001,SMT500FM51J1,S,M,T,5,0,0,F,M,5,1,J,1,0,0,0,000000000,00000000000,0,0,0,1,0,0,0,0,0,0,0,80,0,0,0,12,6,2,12,0,0,0,1,45,29123,6,1,0,0,3,0,70,200,0,0,0,0,0,0,0,0,0,3,8,27,0,0,3,8,60,1,1,2,1,0,0,1,51,99,1,2,44,1,1