STATE,ST_CASE,VEH_NO,VE_FORMS,NUMOCCS,DAY,MONTH,HOUR,MINUTE,HARM_EV,MAN_COLL,UNITTYPE,HIT_RUN,REG_STAT,OWNER,MAKE,MODEL,MAK_MOD,BODY_TYP,MOD_YEAR,VIN,VIN_1,VIN_2,VIN_3,VIN_4,VIN_5,VIN_6,VIN_7,VIN_8,VIN_9,VIN_10,VIN_11,VIN_12,TOW_VEH,J_KNIFE,MCARR_I1,MCARR_I2,MCARR_ID,GVWR,V_CONFIG,CARGO_BT,HAZ_INV,HAZ_PLAC,HAZ_ID,HAZ_CNO,HAZ_REL,BUS_USE,SPEC_USE,EMER_USE,TRAV_SP,UNDERIDE,ROLLOVER,ROLINLOC,IMPACT1,DEFORMED,TOWED,M_HARM,VEH_SC1,VEH_SC2,FIRE_EXP,DR_PRES,L_STATE,DR_ZIP,L_STATUS,L_TYPE,CDL_STAT,L_ENDORS,L_COMPL,L_RESTRI,DR_HGT,DR_WGT,PREV_ACC,PREV_SUS,PREV_DWI,PREV_SPD,PREV_OTH,FIRST_MO,FIRST_YR,LAST_MO,LAST_YR,SPEEDREL,DR_SF1,DR_SF2,DR_SF3,DR_SF4,VTRAFWAY,VNUM_LAN,VSPD_LIM,VALIGN,VPROFILE,VPAVETYP,VSURCOND,VTRAFCON,VTCONT_F,P_CRASH1,P_CRASH2,P_CRASH3,PCRASH4,PCRASH5,ACC_TYPE,DEATHS,DR_DRINK
45,450414,2,6,2,11,6,21,8,12,6,1,0,45,2,49,404,49404,14,2007,JTEBU11F9700,J,T,E,B,U,1,1,F,9,7,0,0,0,0,0,000000000,00000000000,0,0,0,1,0,0,0,0,0,0,0,60,0,0,0,7,6,2,12,0,0,0,1,45,29072,6,1,0,0,3,0,65,137,1,0,0,0,1,3,2014,3,2014,0,0,0,0,0,3,8,60,1,1,2,1,0,0,1,61,99,1,1,45,0,0
45,450414,3,6,2,11,6,21,8,12,6,1,0,45,1,34,35,34035,4,2008,WBANU53558CT,W,B,A,N,U,5,3,5,5,8,C,T,0,0,0,000000000,00000000000,0,0,0,1,0,0,0,0,0,0,0,60,0,0,0,19,0,5,18,0,0,0,1,45,29212,6,1,0,0,3,0,70,190,0,0,0,1,0,4,2013,4,2013,0,0,0,0,0,3,8,60,1,1,2,1,0,0,1,90,99,1,1,98,0,0
45,450414,4,6,1,11,6,21,8,12,6,1,0,45,1,22,22,22022,4,2006,1G2ZF55B7642,1,G,2,Z,F,5,5,B,7,6,4,2,0,0,0,000000000,00000000000,0,0,0,1,0,0,0,0,0,0,0,60,0,0,0,19,0,5,18,0,0,0,1,45,29063,6,1,0,0,3,0,66,190,0,0,0,0,0,0,0,0,0,0,0,0,0,0,3,8,60,1,1,2,1,0,0,1,90,99,1,1,98,0,0
45,450414,5,6,2,11,6,21,8,12,6,1,0,45,1,41,51,41051,4,2006,JM1BK1434615,J,M,1,B,K,1,4,3,4,6,1,5,0,0,0,000000000,00000000000,0,0,0,1,0,0,0,0,0,0,0,60,0,0,0,19,0,3,18,0,0,0,1,45,29210,6,1,0,0,3,3,70,175,0,0,0,0,0,0,0,0,0,0,0,0,0,0,3,8,60,1,1,2,1,0,0,1,90,99,1,1,98,0,0
45,450414,6,6,1,11,6,21,8,12,6,1,0,45,2,2,405,2405,14,2007,1J4GK48K27W5,1,J,4,G,K,4,8,K,2,7,W,5,0,0,0,000000000,00000000000,0,0,0,1,0,0,0,0,0,0,0,60,0,0,0,19,0,3,18,0,0,0,1,45,29209,6,1,0,0,3,3,66,148,1,1,0,1,0,8,2012,5,2014,0,0,0,0,0,3,8,60,1,1,2,1,0,0,1,90,99,1,1,98,0,0
45,450415,1,2,2,8,8,20,38,12,1,1,0,45,2,20,461,20461,21,2004,1GCGG25V3411,1,G,C,G,G,2,5,V,3,4,1,1,0,0,0,000000000,00000000000,0,0,0,1,0,0,0,0,0,0,0,8,0,0,0,6,4,5,12,0,0,0,1,45,29574,6,1,0,0,3,3,66,175,0,0,0,0,0,0,0,0,0,0,38,0,0,0,1,2,55,1,1,2,1,20,3,1,66,99,1,1,26,0,0
45,450415,2,2,1,8,8,20,38,12,1,1,0,45,1,53,705,53705,80,2007,JS1GW71A6721,J,S,1,G,W,7,1,A,6,7,2,1,0,0,0,000000000,00000000000,0,0,0,1,0,0,0,0,0,0,0,55,0,0,0,12,6,2,12,0,0,0,1,45,29574,6,1,0,0,3,3,71,169,0,0,0,0,0,0,0,0,0,0,0,0,0,0,1,2,55,1,1,2,1,0,0,1,65,99,1,1,24,1,0
45,450416,1,2,1,11,8,12,55,12,2,1,0,45,2,37,31,37031,4,2004,1HGES16504L0,1,H,G,E,S,1,6,5,0,4,L,0,0,0,0,000000000,00000000000,0,0,0,1,0,0,0,0,0,0,0,65,0,0,0,12,6,2,12,0,0,0,1,45,29048,6,1,0,0,3,0,66,140,0,0,0,0,0,0,0,0,0,3,27,0,0,0,1,2,45,1,1,2,1,0,0,6,10,99,1,1,50,1,0
45,450416,2,2,1,11,8,12,55,12,2,1,0,45,2,12,481,12481,31,1995,1FTDF15Y2SNA,1,F,T,D,F,1,5,Y,2,S,N,A,0,0,0,000000000,00000000000,0,0,0,1,0,0,0,0,0,0,0,30,0,0,0,12,6,2,12,0,0,0,1,45,29203,6,1,0,0,3,0,74,235,1,1,0,3,0,5,2012,8,2014,0,0,0,0,0,1,2,45,1,1,2,1,0,0,1,62,99,1,1,51,0,0
45,450417,1,1,1,22,8,20,0,33,0,1,0,45,1,34,34,34034,4,2014,WBA3A5G50ENN,W,B,A,3,A,5,G,5,0,E,N,N,0,0,0,000000000,00000000000,0,0,0,1,0,0,0,0,0,0,0,90,0,1,5,12,6,2,42,0,0,0,1,45,29650,6,1,0,0,3,0,67,130,1,1,0,1,1,4,2012,5,2014,0,8,0,0,0,2,4,45,2,2,2,1,0,0,14,12,99,1,4,6,1,0
45,450418,1,1,1,27,8,20,0,9,0,1,0,45,1,37,31,37031,2,2006,2HGFG11806H5,2,H,G,F,G,1,1,8,0,6,H,5,0,0,0,000000000,00000000000,0,0,0,1,0,0,0,0,0,0,0,55,0,0,0,12,6,2,9,0,0,0,1,45,29550,6,1,0,0,3,0,59,115,0,0,0,0,0,0,0,0,0,0,0,0,0,0,1,2,55,1,2,2,1,0,0,1,83,99,1,1,13,0,0
45,450419,1,2,1,28,8,6,39,12,6,1,0,45,2,84,881,84881,66,1996,2HSFMAMR4TC0,2,H,S,F,M,A,M,R,4,T,C,0,1,1,77,777777777,77777777777,3,6,98,1,0,0,0,0,0,0,0,45,0,0,0,12,4,3,12,0,0,0,1,45,29030,6,1,6,3,3,0,73,140,0,0,0,0,0,0,0,0,0,0,0,0,0,0,1,2,45,1,1,2,1,0,0,1,66,99,1,1,86,0,0
45,450419,2,2,2,28,8,6,39,12,6,1,0,45,1,12,37,12037,2,2003,3FAFP31323R1,3,F,A,F,P,3,1,3,2,3,R,1,0,0,0,000000000,00000000000,0,0,0,1,0,0,0,0,0,0,0,15,0,0,0,3,6,2,12,0,0,0,1,45,29164,6,1,0,0,3,3,74,175,1,0,0,1,0,1,2014,3,2014,0,38,0,0,0,1,2,45,1,1,2,1,20,3,1,66,99,1,1,87,1,0
45,450420,1,1,1,17,7,4,45,9,0,1,0,45,1,20,481,20481,31,2004,1GCHC29U34E1,1,G,C,H,C,2,9,U,3,4,E,1,0,0,0,000000000,00000000000,0,0,0,1,0,0,0,0,0,0,0,76,0,0,0,12,4,5,9,0,0,0,1,45,29644,6,1,0,0,3,0,72,220,0,0,0,0,0,0,0,0,0,3,0,0,0,0,1,2,45,1,1,2,1,0,0,1,83,99,1,1,13,0,0
45,450421,1,1,1,29,8,12,55,53,0,1,0,45,1,53,705,53705,80,2007,JS1VS56A1721,J,S,1,V,S,5,6,A,1,7,2,1,0,0,0,000000000,00000000000,0,0,0,1,0,0,0,0,0,0,0,40,0,0,0,3,6,2,1,0,0,0,1,45,29801,6,1,0,0,3,3,69,175,1,0,0,0,0,10,2013,10,2013,0,28,0,0,0,1,2,40,1,1,2,1,0,0,1,12,99,9,4,6,1,0
45,450422,1,2,1,29,8,16,45,12,6,1,0,45,2,37,441,37441,20,2005,5FNRL38485B0,5,F,N,R,L,3,8,4,8,5,B,0,0,0,0,000000000,00000000000,0,0,0,1,0,0,0,0,0,0,0,55,0,0,0,12,6,2,12,0,0,0,1,45,29180,6,1,0,0,3,0,69,197,1,0,0,0,0,7,2014,7,2014,0,0,0,0,0,1,2,55,1,1,2,1,0,0,1,66,99,1,1,88,0,0
45,450422,2,2,2,29,8,16,45,12,6,1,0,45,1,12,3,12003,2,2002,1FAFP40462F1,1,F,A,F,P,4,0,4,6,2,F,1,0,0,0,000000000,00000000000,0,0,0,1,0,0,0,0,0,0,0,45,0,0,0,9,6,2,12,0,0,0,1,45,29732,6,2,0,0,3,0,72,155,0,0,0,0,0,0,0,0,0,0,39,0,0,0,1,2,45,1,1,2,1,20,3,1,66,99,1,1,89,1,0
45,450423,1,1,1,29,8,20,55,42,0,1,0,45,2,7,482,7482,31,1996,1B7HC16Y9TS5,1,B,7,H,C,1,6,Y,9,T,S,5,0,0,0,000000000,00000000000,0,0,0,1,0,0,0,0,0,0,0,55,0,0,0,2,6,2,42,0,0,0,1,45,29180,6,1,0,0,3,0,71,235,0,0,0,1,0,8,2013,8,2013,0,0,0,0,0,1,2,45,1,1,2,1,0,0,1,13,99,1,4,1,1,1
45,450424,1,1,1,29,8,23,0,8,0,1,0,45,3,86,881,86881,66,2012,1M1AW07Y8CM0,1,M,1,A,W,0,7,Y,8,C,M,0,1,1,77,777777777,77777777777,3,6,1,1,0,0,0,0,0,0,0,65,0,0,0,12,6,2,8,0,0,0,1,45,29605,6,1,6,3,3,0,69,190,1,0,0,0,1,3,2014,3,2014,0,0,0,0,0,3,4,70,1,1,2,1,0,0,1,80,99,1,1,13,0,0
45,450425,1,2,1,30,8,16,45,25,0,1,0,45,1,12,401,12401,14,2000,1FMYU60XXYUA,1,F,M,Y,U,6,0,X,X,Y,U,A,0,0,0,000000000,00000000000,0,0,0,1,0,0,0,0,0,0,0,40,0,0,0,19,0,5,18,0,0,0,1,45,29385,6,1,0,0,3,3,67,185,0,0,0,0,0,0,0,0,0,0,0,0,0,0,2,2,45,1,1,2,1,0,0,1,90,99,1,1,98,0,0
45,450425,2,2,1,30,8,16,45,25,0,1,0,45,2,50,705,50705,80,2005,SMTC00L445J2,S,M,T,C,0,0,L,4,4,5,J,2,0,0,0,000000000,00000000000,0,0,0,1,0,0,0,0,0,0,0,45,0,0,0,12,6,2,25,0,0,0,1,45,29385,6,1,0,0,3,0,71,160,0,1,0,1,1,4,2013,10,2013,4,0,0,0,0,3,2,45,1,1,2,1,21,3,16,12,99,1,4,6,1,0
45,450426,1,2,6,30,8,12,0,12,6,1,0,45,1,22,20,22020,4,2004,2G2WR5440412,2,G,2,W,R,5,4,4,0,4,1,2,0,0,0,000000000,00000000000,0,0,0,1,0,0,0,0,0,0,0,55,0,0,0,2,6,2,12,0,0,0,1,45,29067,6,1,0,0,3,0,71,170,0,0,0,0,0,0,0,0,0,0,0,0,0,0,1,2,55,1,1,2,1,0,0,1,66,99,1,1,87,0,0
45,450426,2,2,1,30,8,12,0,12,6,1,0,45,2,20,401,20401,14,2004,1GNDT13S2421,1,G,N,D,T,1,3,S,2,4,2,1,0,0,0,000000000,00000000000,0,0,0,1,0,0,0,0,0,0,0,55,0,1,5,12,6,2,12,0,0,0,1,45,29067,1,1,5,0,2,0,65,135,1,5,2,0,0,4,2012,7,2014,0,39,0,0,0,1,2,55,1,1,2,1,20,3,1,66,99,1,1,86,1,1
45,450427,1,1,1,30,8,2,0,42,0,1,0,45,2,49,43,49043,4,1999,4T1BF18B3XU3,4,T,1,B,F,1,8,B,3,X,U,3,0,0,0,000000000,00000000000,0,0,0,1,0,0,0,0,0,0,0,55,0,0,0,3,6,2,42,0,0,0,1,45,29461,6,1,0,0,3,0,72,162,0,0,0,0,0,0,0,0,0,4,0,0,0,0,1,2,55,1,1,2,1,0,0,1,13,99,1,4,1,1,1
45,450428,1,1,1,30,8,23,45,34,0,1,0,45,2,14,17,14017,4,1999,1MEFM53S5XG6,1,M,E,F,M,5,3,S,5,X,G,6,0,0,0,000000000,00000000000,0,0,0,1,0,0,0,0,0,0,0,55,0,0,0,12,6,2,34,0,0,0,1,45,29161,6,1,0,0,3,0,76,230,0,0,0,0,0,0,0,0,0,0,0,0,0,0,1,2,55,3,1,2,1,0,0,14,13,99,1,4,1,1,1
45,450429,1,1,1,24,8,18,5,30,0,1,0,45,1,69,54,69054,3,2005,WMWRE33415TD,W,M,W,R,E,3,3,4,1,5,T,D,0,0,0,000000000,00000000000,0,0,0,1,0,0,0,0,0,0,0,60,0,0,0,1,6,2,32,0,0,0,1,45,29646,6,1,0,0,3,0,68,155,1,0,0,1,0,10,2013,1,2014,0,0,0,0,0,1,2,55,2,1,2,1,40,3,14,13,99,1,4,1,1,1
45,450430,1,2,1,31,8,2,30,12,1,1,0,45,1,24,2,24002,2,1999,1G8ZY127XXZ3,1,G,8,Z,Y,1,2,7,X,X,Z,3,0,0,0,000000000,00000000000,0,0,0,1,0,0,0,0,0,0,0,60,0,1,5,6,6,2,12,0,0,0,1,45,29130,6,1,0,0,3,3,68,155,0,0,0,0,0,0,0,0,0,0,0,0,0,0,3,4,60,1,1,2,1,0,0,1,53,99,1,1,25,0,0
45,450430,2,2,1,31,8,2,30,12,1,1,0,13,2,73,705,73705,80,2012,JKBZXNE10CA0,J,K,B,Z,X,N,E,1,0,C,A,0,0,0,0,000000000,00000000000,0,0,0,1,0,0,0,0,0,0,0,75,0,0,0,12,6,2,12,0,0,0,1,45,29229,6,1,0,0,3,0,73,225,0,0,0,0,0,0,0,0,0,4,0,0,0,0,3,4,60,1,1,2,1,0,0,1,51,99,1,2,24,1,1
45,450431,1,1,1,1,9,3,10,1,0,1,0,24,2,72,706,72706,80,2014,1HD1BFV11EB0,1,H,D,1,B,F,V,1,1,E,B,0,0,0,0,000000000,00000000000,0,0,0,1,0,0,0,0,0,0,0,100,0,0,0,0,6,2,1,0,0,0,1,45,29072,6,1,6,3,3,3,74,215,0,0,0,0,0,0,0,0,0,3,0,0,0,0,3,4,70,1,1,2,1,0,0,1,12,99,1,4,6,1,1
45,450432,1,1,1,4,9,22,45,8,0,1,0,45,1,38,401,38401,14,2000,JACDJ58X2Y7J,J,A,C,D,J,5,8,X,2,Y,7,J,0,0,0,000000000,00000000000,0,0,0,1,0,0,0,0,0,0,0,35,0,0,0,12,4,5,8,0,0,0,1,45,29118,6,1,0,0,3,0,67,254,1,0,0,0,0,4,2013,4,2013,0,0,0,0,0,2,4,45,1,1,2,1,3,3,1,80,99,1,1,13,0,0
45,450433,1,1,2,4,9,21,26,38,0,1,0,45,2,37,32,37032,4,1991,1HGCB7663MA0,1,H,G,C,B,7,6,6,3,M,A,0,0,0,0,000000000,00000000000,0,0,0,1,0,0,0,0,0,0,0,45,0,0,0,99,6,2,30,0,0,0,1,45,29621,1,1,5,0,2,0,69,155,0,3,0,1,0,6,2013,8,2013,4,0,0,0,0,1,2,45,1,1,2,1,0,0,1,13,99,1,4,1,1,0
45,450434,1,1,1,2,9,13,5,42,0,1,0,45,2,12,3,12003,2,2010,1ZVBP8AN8A51,1,Z,V,B,P,8,A,N,8,A,5,1,0,0,0,000000000,00000000000,0,0,0,1,0,0,0,0,0,0,0,70,0,0,0,12,6,2,42,0,0,0,1,45,29466,6,1,0,0,3,0,72,150,1,0,0,1,0,3,2012,11,2012,0,99,99,99,99,3,4,70,1,1,2,1,0,0,1,12,99,1,4,6,1,0
45,450435,1,1,1,4,9,20,24,8,0,1,0,45,1,23,481,23481,31,2004,1GTEC14X24Z3,1,G,T,E,C,1,4,X,2,4,Z,3,0,0,0,000000000,00000000000,0,0,0,1,0,0,0,0,0,0,0,55,0,0,0,12,4,5,8,0,0,0,1,45,29709,6,1,6,0,3,0,72,241,0,0,0,0,0,0,0,0,0,0,0,0,0,0,1,2,55,4,1,2,1,0,0,14,80,99,1,1,13,0,0
45,450436,1,2,2,5,9,19,40,12,6,1,0,45,1,63,34,63034,4,2013,KNAGM4A79D53,K,N,A,G,M,4,A,7,9,D,5,3,0,0,0,000000000,00000000000,0,0,0,1,0,0,0,0,0,0,0,10,0,1,1,3,6,2,12,0,0,0,1,45,29651,6,1,0,0,3,3,63,198,0,0,0,0,0,0,0,0,0,0,0,0,0,0,5,6,45,1,1,2,1,3,3,11,65,99,1,1,68,1,0
45,450436,2,2,3,5,9,19,40,12,6,1,0,45,1,37,32,37032,4,2004,1HGCM66544A0,1,H,G,C,M,6,6,5,4,4,A,0,0,0,0,000000000,00000000000,0,0,0,1,0,0,0,0,0,0,0,55,0,0,0,12,6,2,12,0,0,0,1,45,29687,6,1,0,0,3,0,64,130,2,0,0,0,0,3,2013,5,2013,0,39,0,0,0,5,6,45,1,1,2,1,3,3,1,66,99,1,1,69,0,0
45,450437,1,1,1,8,9,3,20,42,0,1,0,45,1,35,443,35443,20,1996,4N2DN11W9TD8,4,N,2,D,N,1,1,W,9,T,D,8,0,0,0,000000000,00000000000,0,0,0,1,0,0,0,0,0,0,0,55,0,1,5,12,6,2,1,0,0,0,1,45,29732,6,1,0,0,3,0,69,145,0,0,0,0,0,0,0,0,0,3,0,0,0,0,1,4,45,1,1,2,1,3,3,1,13,99,1,4,1,1,1
45,450438,1,1,1,7,9,1,45,30,0,1,0,45,1,2,404,2404,14,2001,1J4GX48S41C5,1,J,4,G,X,4,8,S,4,1,C,5,0,0,0,000000000,00000000000,0,0,0,1,0,0,0,0,0,0,0,45,0,1,5,3,6,2,1,0,0,0,1,45,29072,6,1,0,0,3,0,71,180,0,0,0,0,0,0,0,0,0,0,0,0,0,0,2,4,45,1,1,2,1,0,0,1,13,99,1,4,1,1,1
45,450439,1,1,1,8,9,16,30,23,0,1,0,45,2,14,17,14017,4,2005,1MEFM55S95A6,1,M,E,F,M,5,5,S,9,5,A,6,0,0,0,000000000,00000000000,0,0,0,1,0,0,0,0,0,0,0,105,0,1,5,12,6,2,34,0,0,0,1,45,29506,1,1,5,0,2,0,69,180,0,1,0,0,0,8,2013,8,2013,3,0,0,0,0,1,2,55,3,1,2,2,0,0,14,13,99,1,4,1,1,1
45,450440,1,2,1,10,9,18,4,12,6,1,0,45,2,37,31,37031,4,2008,1HGFA16588L0,1,H,G,F,A,1,6,5,8,8,L,0,0,0,0,000000000,00000000000,0,0,0,1,0,0,0,0,0,0,0,60,0,0,0,3,6,2,12,0,0,0,1,45,29657,6,1,0,0,3,3,63,125,0,0,0,0,0,0,0,0,0,0,0,0,0,0,3,6,60,1,1,2,1,0,0,1,63,99,1,1,44,0,0
45,450440,2,2,1,10,9,18,4,12,6,1,0,97,1,12,471,12471,30,1998,1FTYR14C9WPA,1,F,T,Y,R,1,4,C,9,W,P,A,1,1,0,000000000,00000000000,0,0,0,1,0,0,0,0,0,0,0,20,0,0,0,12,6,2,12,0,0,0,1,97,0,9,9,99,9,9,9,999,999,99,99,99,99,99,99,9999,99,9999,0,99,99,99,99,3,6,60,1,1,2,1,0,0,98,4,6,9,2,45,1,0
45,450441,1,1,7,14,6,21,34,1,0,1,0,45,2,7,422,7422,15,2005,1D4HD48N85F5,1,D,4,H,D,4,8,N,8,5,F,5,0,0,0,000000000,00000000000,0,0,0,1,0,0,0,0,0,0,0,62,0,1,1,0,6,2,1,0,0,0,1,45,29812,6,2,0,0,3,3,66,140,0,0,0,0,0,0,0,0,0,3,0,0,0,0,1,2,45,1,1,2,1,0,0,1,10,99,9,2,98,1,0
45,450442,1,1,2,14,6,2,55,1,0,1,0,45,2,20,401,20401,14,2000,1GNCS13W5Y22,1,G,N,C,S,1,3,W,5,Y,2,2,0,0,0,000000000,00000000000,0,0,0,1,0,0,0,0,0,0,0,50,0,1,1,0,6,2,1,0,0,0,1,45,29113,6,1,0,0,3,0,65,140,0,2,0,0,0,3,2012,9,2012,0,0,0,0,0,1,2,55,1,1,2,1,0,0,1,13,99,1,4,1,1,1
45,450443,1,1,1,7,9,13,0,42,0,1,0,45,3,53,705,53705,80,2007,JS1GN7DA0721,J,S,1,G,N,7,D,A,0,7,2,1,0,0,0,000000000,00000000000,0,0,0,1,0,0,0,0,0,0,0,65,0,0,0,12,6,2,42,0,0,0,1,45,29067,1,1,5,0,2,0,71,200,0,3,0,1,0,7,2012,4,2014,4,0,0,0,0,1,2,45,2,3,2,1,0,0,14,12,99,1,4,6,1,1
45,450444,1,1,2,8,9,11,15,42,0,1,0,45,1,12,21,12021,4,2006,1FAHP25106G1,1,F,A,H,P,2,5,1,0,6,G,1,0,0,0,000000000,00000000000,0,0,0,1,0,0,0,0,0,0,0,55,0,0,0,12,6,2,42,0,0,0,1,45,29414,6,1,0,0,3,3,69,205,0,0,0,1,0,10,2012,10,2012,4,0,0,0,0,6,1,30,2,1,2,2,0,0,14,13,99,1,4,1,1,0
45,450445,1,2,2,13,9,6,42,12,6,1,0,45,2,2,405,2405,14,2002,1J4GL48K42W3,1,J,4,G,L,4,8,K,4,2,W,3,0,0,0,000000000,00000000000,0,0,0,1,0,0,0,0,0,0,0,45,0,0,0,12,6,2,12,0,0,0,1,24,21032,6,1,0,0,3,0,65,140,0,0,0,0,0,0,0,0,0,0,0,0,0,0,2,5,45,1,1,2,1,0,0,1,66,99,1,1,69,0,0
45,450445,2,2,1,13,9,6,42,12,6,1,0,45,1,49,40,49040,4,2002,JTDBE32K1200,J,T,D,B,E,3,2,K,1,2,0,0,0,0,0,000000000,00000000000,0,0,0,1,0,0,0,0,0,0,0,20,0,0,0,2,6,2,12,0,0,0,1,45,29588,6,1,0,0,3,3,66,150,0,0,0,0,0,0,0,0,0,0,38,0,0,0,5,5,45,1,1,2,1,0,0,11,66,99,1,1,68,1,0
45,450446,1,1,2,2,8,21,10,34,0,1,0,45,2,13,5,13005,4,1994,1LNLM82W3RY7,1,L,N,L,M,8,2,W,3,R,Y,7,0,0,0,000000000,00000000000,0,0,0,1,0,0,0,0,0,0,0,54,0,1,5,98,6,2,1,0,0,0,1,45,29436,6,1,0,0,3,0,71,160,0,0,0,0,0,0,0,0,0,0,0,0,0,0,1,2,45,3,1,2,2,0,0,14,13,99,1,4,1,1,1
45,450447,1,1,1,12,9,18,42,43,0,1,0,45,1,35,401,35401,14,2002,JN8DR09Y72W7,J,N,8,D,R,0,9,Y,7,2,W,7,0,0,0,000000000,00000000000,0,0,0,1,0,0,0,0,0,0,0,65,0,1,5,2,6,2,42,0,0,0,1,45,29078,6,1,0,0,3,3,62,170,0,3,1,0,0,9,2012,1,2014,3,87,0,0,0,1,2,55,1,1,2,2,0,0,1,1,7,3,4,2,1,1
45,450448,1,1,4,11,5,20,57,8,0,1,0,45,1,41,50,41050,4,2006,1YVHP80C465M,1,Y,V,H,P,8,0,C,4,6,5,M,0,0,0,000000000,00000000000,0,0,0,1,0,0,0,0,0,0,0,45,0,0,0,2,0,5,8,0,0,0,1,45,29418,6,1,0,0,3,0,69,170,0,0,0,0,0,0,0,0,0,0,0,0,0,0,2,4,45,1,1,2,1,0,0,1,81,1,1,1,13,0,0
45,450449,1,1,2,26,7,1,0,30,0,1,0,45,2,37,32,37032,4,1994,1HGCD566XRA0,1,H,G,C,D,5,6,6,X,R,A,0,0,0,0,000000000,00000000000,0,0,0,1,0,0,0,0,0,0,0,65,0,1,5,7,6,2,30,0,0,0,1,45,29920,6,1,0,0,3,0,69,135,0,0,0,0,0,0,0,0,0,0,58,0,0,0,2,2,50,1,1,2,2,0,0,6,12,6,4,4,6,1,1
45,450450,1,2,1,18,9,10,12,12,1,1,0,45,2,12,481,12481,31,1996,1FTEF15Y7TLB,1,F,T,E,F,1,5,Y,7,T,L,B,0,0,0,000000000,00000000000,0,0,0,1,0,0,0,0,0,0,0,55,0,0,0,12,6,2,12,0,0,0,1,45,29526,6,1,0,0,3,3,70,200,0,0,0,0,0,0,0,0,0,4,0,0,0,0,1,2,55,1,1,2,1,50,3,1,50,99,1,1,20,1,1
45,450450,2,2,1,18,9,10,12,12,1,1,0,45,3,84,881,84881,61,2011,1HTMMAAMXBH3,1,H,T,M,M,A,A,M,X,B,H,3,0,0,77,777777777,77777777777,2,1,98,1,0,0,0,0,0,0,0,0,0,0,0,6,4,3,12,0,0,0,1,45,29566,6,1,0,0,3,0,69,160,0,0,0,0,0,0,0,0,0,0,0,0,0,0,1,2,55,1,1,2,1,50,3,5,53,99,1,1,21,0,0
45,450451,1,1,1,26,3,16,0,9,0,1,0,45,2,12,401,12401,14,2005,1FMDU77K65UB,1,F,M,D,U,7,7,K,6,5,U,B,0,0,0,000000000,00000000000,0,0,0,1,0,0,0,0,0,0,0,5,0,0,0,12,0,3,9,0,0,0,1,45,29036,6,1,0,0,3,0,71,145,1,1,0,0,0,1,2012,2,2012,0,0,0,0,0,5,4,30,1,1,2,1,3,3,10,83,99,1,1,13,0,0
45,450452,1,1,1,1,9,6,0,59,0,1,0,45,1,72,706,72706,80,2012,1HD1KBM16CB6,1,H,D,1,K,B,M,1,6,C,B,6,0,0,0,000000000,00000000000,0,0,0,1,0,0,0,0,0,0,0,30,0,0,0,12,6,2,34,0,0,0,1,45,29506,6,1,0,0,3,0,71,185,0,2,0,0,0,9,2012,5,2014,0,99,99,99,99,1,2,30,3,1,2,1,0,0,14,13,99,1,4,1,1,1
45,450453,1,1,2,10,9,3,0,8,0,1,0,45,1,49,472,49472,30,2014,5TFJX4GN3EX0,5,T,F,J,X,4,G,N,3,E,X,0,0,0,0,000000000,00000000000,0,0,0,1,0,0,0,0,0,0,0,35,0,0,0,2,4,5,8,0,0,0,1,45,29693,6,1,0,0,3,0,73,165,2,0,0,0,0,12,2013,7,2014,0,0,0,0,0,1,2,35,1,1,2,1,0,0,1,80,99,1,1,13,0,0
45,450454,1,1,1,13,9,15,15,9,0,1,0,45,1,7,442,7442,20,2002,1B4GP44312B5,1,B,4,G,P,4,4,3,1,2,B,5,0,0,0,000000000,00000000000,0,0,0,1,0,0,0,0,0,0,0,50,0,0,0,12,4,3,9,0,0,0,1,45,29692,1,1,5,0,2,0,76,220,0,0,0,0,0,0,0,0,0,0,0,0,0,0,1,2,55,1,1,2,1,0,0,1,81,99,1,1,13,0,0
45,450455,1,2,1,13,9,20,10,12,6,1,0,45,2,38,405,38405,14,2002,4S2CE58X3246,4,S,2,C,E,5,8,X,3,2,4,6,0,0,0,000000000,00000000000,0,0,0,1,0,0,0,0,0,0,0,10,0,0,0,10,6,2,12,0,0,0,1,45,29678,6,1,0,0,3,3,62,165,0,0,0,0,0,0,0,0,0,0,38,0,0,0,1,2,45,1,1,2,1,20,3,4,66,99,1,1,89,1,0
45,450455,2,2,1,13,9,20,10,12,6,1,0,45,1,2,404,2404,14,2010,1J4AA2D12AL1,1,J,4,A,A,2,D,1,2,A,L,1,0,0,0,000000000,00000000000,0,0,0,1,0,0,0,0,0,0,0,45,0,0,0,12,6,2,12,0,0,0,1,45,29693,6,1,0,0,3,3,67,115,0,0,0,0,0,0,0,0,0,0,0,0,0,0,2,2,45,1,1,2,1,0,0,1,66,99,1,1,88,0,0
45,450456,1,1,2,27,8,20,28,53,0,1,0,45,1,48,45,48045,4,2005,4S3BL6863542,4,S,3,B,L,6,8,6,3,5,4,2,0,0,0,000000000,00000000000,0,0,0,1,0,0,0,0,0,0,0,60,0,0,0,2,6,2,42,0,0,0,1,45,29388,6,1,0,0,3,0,70,200,0,0,0,0,0,0,0,0,0,3,58,0,0,0,1,2,25,3,2,2,1,0,0,14,13,99,9,4,1,1,0
45,450457,1,1,1,12,9,6,30,8,0,1,0,45,1,55,401,55401,14,2004,KM8SC13D14U7,K,M,8,S,C,1,3,D,1,4,U,7,0,0,0,000000000,00000000000,0,0,0,1,0,0,0,0,0,0,0,33,0,0,0,12,0,5,8,0,0,0,1,45,29461,6,1,0,0,3,0,71,190,0,0,0,0,0,0,0,0,0,0,0,0,0,0,1,2,35,1,1,2,1,0,0,1,80,99,1,1,13,0,0