STATE,ST_CASE,VEH_NO,VE_FORMS,NUMOCCS,DAY,MONTH,HOUR,MINUTE,HARM_EV,MAN_COLL,UNITTYPE,HIT_RUN,REG_STAT,OWNER,MAKE,MODEL,MAK_MOD,BODY_TYP,MOD_YEAR,VIN,VIN_1,VIN_2,VIN_3,VIN_4,VIN_5,VIN_6,VIN_7,VIN_8,VIN_9,VIN_10,VIN_11,VIN_12,TOW_VEH,J_KNIFE,MCARR_I1,MCARR_I2,MCARR_ID,GVWR,V_CONFIG,CARGO_BT,HAZ_INV,HAZ_PLAC,HAZ_ID,HAZ_CNO,HAZ_REL,BUS_USE,SPEC_USE,EMER_USE,TRAV_SP,UNDERIDE,ROLLOVER,ROLINLOC,IMPACT1,DEFORMED,TOWED,M_HARM,VEH_SC1,VEH_SC2,FIRE_EXP,DR_PRES,L_STATE,DR_ZIP,L_STATUS,L_TYPE,CDL_STAT,L_ENDORS,L_COMPL,L_RESTRI,DR_HGT,DR_WGT,PREV_ACC,PREV_SUS,PREV_DWI,PREV_SPD,PREV_OTH,FIRST_MO,FIRST_YR,LAST_MO,LAST_YR,SPEEDREL,DR_SF1,DR_SF2,DR_SF3,DR_SF4,VTRAFWAY,VNUM_LAN,VSPD_LIM,VALIGN,VPROFILE,VPAVETYP,VSURCOND,VTRAFCON,VTCONT_F,P_CRASH1,P_CRASH2,P_CRASH3,PCRASH4,PCRASH5,ACC_TYPE,DEATHS,DR_DRINK
45,450501,1,1,1,16,9,6,20,35,0,1,0,45,2,20,22,20022,4,2007,1G1AL55F3772,1,G,1,A,L,5,5,F,3,7,7,2,0,0,0,000000000,00000000000,0,0,0,1,0,0,0,0,0,0,0,80,0,1,5,10,6,2,42,0,0,0,1,45,29526,6,1,0,0,3,0,61,110,2,0,0,0,0,10,2012,11,2013,0,99,99,99,99,2,4,60,1,1,2,1,0,0,1,13,99,9,4,1,1,0
45,450502,1,1,2,16,9,20,30,39,0,1,0,45,1,12,17,12017,4,2001,1FAFP55U51A1,1,F,A,F,P,5,5,U,5,1,A,1,0,0,0,000000000,00000000000,0,0,0,1,0,0,0,0,0,0,0,40,0,0,0,12,6,2,39,0,0,0,1,45,29418,6,1,0,0,3,0,69,182,1,1,0,0,1,5,2012,10,2013,4,0,0,0,0,1,2,40,1,1,2,2,0,0,1,13,99,1,4,1,1,1
45,450503,1,1,1,18,9,15,54,1,0,1,0,45,1,37,402,37402,14,2002,JHLRD788X2C0,J,H,L,R,D,7,8,8,X,2,C,0,0,0,0,000000000,00000000000,0,0,0,1,0,0,0,0,0,0,0,60,0,1,5,0,6,2,1,0,0,0,1,45,29646,6,1,0,0,3,0,63,145,1,0,0,0,0,12,2013,12,2013,3,58,0,0,0,1,2,30,3,1,2,1,0,0,14,13,99,1,4,1,1,1
45,450504,1,1,3,3,10,20,38,8,0,1,0,45,1,12,422,12422,15,2003,1FMFU17L63LC,1,F,M,F,U,1,7,L,6,3,L,C,0,0,0,000000000,00000000000,0,0,0,1,0,0,0,0,0,0,0,45,0,0,0,12,4,5,8,0,0,0,1,45,29485,6,1,0,0,3,0,62,140,0,2,0,1,0,5,2014,9,2014,0,0,0,0,0,2,4,45,1,1,2,1,0,0,1,81,99,1,1,13,0,0
45,450505,1,2,1,3,10,2,40,12,2,1,0,37,1,41,402,41402,14,2004,4F2YZ04164KM,4,F,2,Y,Z,0,4,1,6,4,K,M,0,0,0,000000000,00000000000,0,0,0,1,0,0,0,0,0,0,0,70,0,1,5,12,6,2,2,0,0,1,1,37,28311,6,1,0,0,3,0,66,999,0,0,0,1,0,7,2012,7,2012,0,0,0,0,0,3,4,70,1,1,2,1,0,0,1,62,6,1,2,51,1,0
45,450505,2,2,1,3,10,2,40,12,2,1,0,36,2,52,46,52046,4,2010,JA32U8FW4AU0,J,A,3,2,U,8,F,W,4,A,U,0,0,0,0,000000000,00000000000,0,0,0,1,0,0,0,0,0,0,0,100,0,1,5,12,6,2,12,0,0,0,1,36,11779,6,1,0,0,3,3,67,999,0,0,0,0,1,11,2011,11,2011,3,51,28,0,0,3,4,70,1,1,2,1,0,0,1,10,99,1,2,50,1,1
45,450507,1,1,1,4,10,15,5,1,0,1,0,45,1,53,705,53705,80,2005,JS1GW71A3521,J,S,1,G,W,7,1,A,3,5,2,1,0,0,0,000000000,00000000000,0,0,0,1,0,0,0,0,0,0,0,70,0,0,0,0,6,2,1,0,0,0,1,45,29607,6,1,0,0,3,0,72,390,0,2,0,0,0,1,2012,8,2014,0,8,0,0,0,2,4,45,1,1,2,1,0,0,1,11,99,1,2,98,1,0
45,450508,1,2,2,4,10,19,55,12,7,1,0,45,2,20,481,20481,31,2003,2GCEK19T6312,2,G,C,E,K,1,9,T,6,3,1,2,0,0,0,000000000,00000000000,0,0,0,1,0,0,0,0,0,0,0,55,0,1,1,7,6,2,1,0,0,0,1,45,29102,6,1,0,0,3,0,63,142,1,0,0,0,0,7,2014,7,2014,0,0,0,0,0,3,4,45,1,1,2,1,0,0,1,60,99,1,1,45,1,0
45,450508,2,2,1,4,10,19,55,12,7,1,0,45,2,18,5,18005,2,1995,1G4GD22K1S47,1,G,4,G,D,2,2,K,1,S,4,7,0,0,0,000000000,00000000000,0,0,0,1,0,0,0,0,0,0,0,40,0,0,0,1,6,2,24,0,0,0,1,25,29625,6,1,0,0,3,0,75,999,0,0,0,0,0,0,0,0,0,4,27,0,0,0,3,4,45,1,1,2,1,0,0,1,51,99,1,2,44,0,0
45,450509,1,1,2,5,10,15,58,1,0,1,0,13,2,62,401,62401,14,2004,SALTY19424A8,S,A,L,T,Y,1,9,4,2,4,A,8,0,0,0,000000000,00000000000,0,0,0,1,0,0,0,0,0,0,0,999,0,1,3,0,6,2,1,0,0,0,1,13,30078,6,1,0,0,3,0,70,210,98,0,0,0,0,0,0,0,0,0,58,0,0,0,3,4,65,1,1,2,1,0,0,1,12,99,1,4,6,1,1
45,450510,1,1,1,5,10,20,44,24,0,1,0,45,1,21,2,21002,2,1980,3N69RAM24884,3,N,6,9,R,A,M,2,4,8,8,4,0,0,0,000000000,00000000000,0,0,0,1,0,0,0,0,0,0,0,35,0,0,0,10,6,2,39,0,0,0,1,45,29492,6,1,0,0,3,0,67,210,1,0,0,0,0,7,2012,7,2012,0,0,0,0,0,1,2,45,1,1,2,1,0,0,1,12,99,9,4,6,1,0
45,450511,1,2,4,6,10,22,57,12,1,1,0,13,2,12,481,12481,31,2003,1FTWW32F03EA,1,F,T,W,W,3,2,F,0,3,E,A,1,1,0,000000000,00000000000,0,0,0,1,0,0,0,0,0,0,0,65,0,0,0,6,0,5,12,0,0,0,1,13,30601,6,1,0,0,3,0,999,999,98,0,0,0,0,0,0,0,0,0,23,0,0,0,2,4,65,1,1,2,1,0,0,1,53,99,1,1,25,0,0
45,450511,2,2,1,6,10,22,57,12,1,1,0,12,1,37,705,37705,80,2003,1HFSC46033A1,1,H,F,S,C,4,6,0,3,3,A,1,0,0,0,000000000,00000000000,0,0,0,1,0,0,0,0,0,0,0,90,0,0,0,12,6,2,12,0,0,0,1,37,28117,1,1,5,0,2,0,72,999,0,4,0,0,2,6,2012,3,2014,4,0,0,0,0,2,4,65,1,1,2,1,0,0,1,51,99,1,1,24,1,1
45,450512,1,1,1,6,10,14,40,1,0,1,0,45,1,98,705,98705,80,2006,ZAPM270WX650,Z,A,P,M,2,7,0,W,X,6,5,0,0,0,0,000000000,00000000000,0,0,0,1,0,0,0,0,0,0,0,45,0,0,0,0,6,2,1,0,0,0,1,45,29671,6,1,6,0,3,3,70,165,2,0,0,0,1,3,2012,11,2013,4,0,0,0,0,1,2,35,3,2,2,1,0,0,14,13,99,1,4,1,1,0
45,450513,1,2,1,26,7,21,50,12,6,1,0,45,1,72,706,72706,80,1999,1HD1GGV12XY3,1,H,D,1,G,G,V,1,2,X,Y,3,0,0,0,000000000,00000000000,0,0,0,1,0,0,0,0,0,0,0,55,0,0,0,12,6,2,12,0,0,0,1,45,29164,6,1,0,0,3,3,66,200,0,0,0,0,0,0,0,0,0,0,0,0,0,0,1,2,55,1,1,2,1,0,0,1,66,99,1,1,83,1,1
45,450513,2,2,1,26,7,21,50,12,6,1,0,45,1,12,481,12481,31,2004,1FTPW14554KB,1,F,T,P,W,1,4,5,5,4,K,B,0,0,0,000000000,00000000000,0,0,0,1,0,0,0,0,0,0,0,10,0,0,0,9,6,2,12,0,0,0,1,45,29164,6,1,6,0,3,3,70,295,0,0,0,0,0,0,0,0,0,0,38,0,0,0,1,2,55,1,1,2,1,0,0,11,66,99,1,1,82,0,1
45,450514,1,2,1,7,8,0,5,12,1,1,0,45,2,35,39,35039,4,2008,1N4BA41E78C8,1,N,4,B,A,4,1,E,7,8,C,8,0,0,0,000000000,00000000000,0,0,0,1,0,0,0,0,0,0,0,58,0,0,0,12,6,2,12,0,0,0,1,45,29812,6,1,0,0,3,0,71,225,0,1,0,0,0,3,2013,3,2013,4,0,0,0,0,1,2,55,1,1,2,1,0,0,1,51,99,1,1,24,0,0
45,450514,2,2,1,7,8,0,5,12,1,1,0,45,1,98,709,98709,81,2012,999999999999,9,9,9,9,9,9,9,9,9,9,9,9,0,0,0,000000000,00000000000,0,0,0,1,0,0,0,0,0,0,0,35,0,0,0,6,6,2,12,0,0,0,1,45,29853,1,1,5,0,2,0,66,189,0,1,0,0,0,10,2013,10,2013,0,0,0,0,0,1,2,55,1,1,2,1,0,0,1,53,99,1,1,25,1,0
45,450515,1,1,1,8,8,15,25,50,0,1,0,45,1,98,850,98850,73,1995,4S7NT9K0XSC0,4,S,7,N,T,9,K,0,X,S,C,0,0,0,0,000000000,00000000000,0,0,0,1,0,0,0,0,0,0,0,60,0,0,0,12,6,2,50,0,0,0,1,45,29669,6,1,0,0,3,3,67,166,0,0,0,0,0,0,0,0,0,4,0,0,0,0,2,4,60,1,1,2,1,98,3,1,13,99,1,4,1,1,0
45,450516,1,1,1,28,8,5,36,8,0,1,0,45,3,12,16,12016,4,2011,2FABP7BV8BX1,2,F,A,B,P,7,B,V,8,B,X,1,0,0,0,000000000,00000000000,0,0,0,1,0,0,0,0,0,5,0,41,0,0,0,12,0,5,8,0,0,0,1,45,29615,6,1,0,0,3,3,67,205,1,0,0,0,0,1,2012,1,2012,0,16,0,0,0,5,6,45,1,2,2,1,0,0,1,80,99,1,1,13,0,0
45,450518,1,1,3,15,6,0,45,24,0,1,0,45,2,12,16,12016,4,2005,2FAHP71WX5X1,2,F,A,H,P,7,1,W,X,5,X,1,0,0,0,000000000,00000000000,0,0,0,1,0,0,0,0,0,0,0,95,0,0,0,12,6,2,24,0,0,0,1,45,29646,6,2,0,0,3,3,61,108,1,0,0,0,0,5,2014,5,2014,3,0,0,0,0,3,4,70,1,1,2,1,0,0,1,13,99,1,4,1,1,1
45,450519,1,1,1,10,9,23,27,8,0,1,0,45,2,37,31,37031,4,1991,1HGED364XML0,1,H,G,E,D,3,6,4,X,M,L,0,0,0,0,000000000,00000000000,0,0,0,1,0,0,0,0,0,0,0,40,0,0,0,12,0,5,8,0,0,0,1,45,29812,6,1,0,0,3,3,65,213,1,0,0,0,1,2,2012,2,2012,0,0,0,0,0,3,4,55,1,1,2,1,0,0,1,80,2,1,1,13,0,0
45,450520,1,2,1,21,9,2,30,12,1,1,0,45,2,23,481,23481,31,2009,3GTEC13C59G2,3,G,T,E,C,1,3,C,5,9,G,2,0,0,0,000000000,00000000000,0,0,0,1,0,0,0,0,0,0,0,90,0,0,0,12,6,2,12,0,0,0,1,45,29115,6,1,6,3,3,0,68,179,1,0,0,0,0,5,2013,5,2013,3,8,0,0,0,3,4,70,1,2,2,1,98,3,1,51,99,1,1,24,1,0
45,450520,2,2,1,21,9,2,30,12,1,1,0,45,2,85,881,85881,61,1999,1NKDLA9X9XJ7,1,N,K,D,L,A,9,X,9,X,J,7,0,0,45,1329817,451329817,2,2,4,1,0,0,0,0,0,0,0,55,0,0,0,6,6,2,12,0,0,0,1,45,29229,6,1,6,0,3,0,74,200,0,3,0,3,0,11,2013,8,2014,0,0,0,0,0,3,4,70,1,2,2,1,98,3,1,53,99,1,1,25,0,0
45,450521,1,2,1,25,9,19,40,12,1,1,0,45,1,6,54,6054,6,2006,2A8GF78476R6,2,A,8,G,F,7,8,4,7,6,R,6,0,0,0,000000000,00000000000,0,0,0,1,0,0,0,0,0,0,0,50,0,0,0,12,6,2,12,0,0,0,1,45,29351,6,1,0,0,3,3,61,230,0,1,0,0,0,6,2012,6,2012,0,0,0,0,0,3,4,50,1,2,2,1,0,0,1,51,99,1,1,24,0,0
45,450521,2,2,2,25,9,19,40,12,1,1,0,45,1,98,709,98709,81,2008,999999999999,9,9,9,9,9,9,9,9,9,9,9,9,0,0,0,000000000,00000000000,0,0,0,1,0,0,0,0,0,0,0,25,0,0,0,6,6,2,12,0,0,0,1,45,29360,1,1,5,0,2,0,71,220,0,1,0,0,0,12,2012,12,2012,0,23,0,0,0,3,4,50,1,1,2,1,0,0,1,53,99,1,1,25,1,0
45,450522,1,2,1,5,10,16,30,12,6,1,0,45,1,98,998,98998,92,9999,999999999999,9,9,9,9,9,9,9,9,9,9,9,9,0,0,0,000000000,00000000000,0,0,0,1,0,0,0,0,0,0,0,5,0,0,0,8,4,5,12,0,0,0,1,45,29138,6,1,0,0,3,0,77,220,0,2,0,0,0,11,2013,6,2014,0,38,0,0,0,1,2,40,1,1,2,1,0,0,98,55,99,1,1,89,1,0
45,450522,2,2,1,5,10,16,30,12,6,1,0,45,2,35,401,35401,14,1991,JN8HD17Y1MW0,J,N,8,H,D,1,7,Y,1,M,W,0,0,0,0,000000000,00000000000,0,0,0,1,0,0,0,0,0,0,0,35,0,0,0,12,4,5,12,0,0,0,1,45,29138,6,1,0,0,3,0,72,130,0,0,0,0,0,0,0,0,0,0,0,0,0,0,1,2,40,1,1,2,1,0,0,1,55,99,1,1,88,0,0
45,450523,1,2,4,6,10,20,20,12,6,1,0,45,1,37,32,37032,4,2007,1HGCM66587A0,1,H,G,C,M,6,6,5,8,7,A,0,0,0,0,000000000,00000000000,0,0,0,1,0,0,0,0,0,0,0,3,0,0,0,11,6,2,12,0,0,0,1,45,29388,6,1,0,0,3,0,67,176,0,0,0,0,0,0,0,0,0,0,38,0,0,0,1,2,55,1,1,2,1,20,3,11,15,99,1,1,82,0,0
45,450523,2,2,1,6,10,20,20,12,6,1,0,45,2,73,705,73705,80,2002,JKAZX4J152A0,J,K,A,Z,X,4,J,1,5,2,A,0,0,0,0,000000000,00000000000,0,0,0,1,0,0,0,0,0,0,0,35,0,0,0,12,6,2,12,0,0,0,1,45,29651,1,1,5,0,2,0,67,160,0,1,0,0,0,3,2014,3,2014,0,0,0,0,0,2,4,55,1,1,2,1,0,0,1,66,99,1,1,83,1,1
45,450524,1,2,3,6,10,2,58,12,6,1,0,45,1,20,481,20481,31,2011,1GCPKSE32BF1,1,G,C,P,K,S,E,3,2,B,F,1,0,0,0,000000000,00000000000,0,0,0,1,0,0,0,0,0,0,0,35,0,1,1,12,6,2,1,0,0,0,1,45,29576,6,1,0,0,3,0,72,195,0,0,0,1,0,7,2012,7,2012,0,38,39,0,0,1,2,45,1,1,2,1,21,3,1,66,99,1,1,88,1,0
45,450524,2,2,2,6,10,2,58,12,6,1,0,45,1,12,402,12402,14,2004,1FMYU02194KB,1,F,M,Y,U,0,2,1,9,4,K,B,0,0,0,000000000,00000000000,0,0,0,1,0,0,0,0,0,0,0,45,0,1,1,11,6,2,1,0,0,0,1,45,29577,6,1,0,0,3,0,70,210,0,0,0,1,0,11,2013,11,2013,0,0,0,0,0,3,4,35,1,1,2,1,0,0,1,66,99,1,1,89,0,0
45,450525,1,1,2,14,9,7,3,42,0,1,0,45,1,20,25,20025,4,2012,1G1PD5SH9C71,1,G,1,P,D,5,S,H,9,C,7,1,0,0,0,000000000,00000000000,0,0,0,1,0,0,0,0,0,0,0,55,0,0,0,12,6,2,42,0,0,0,1,45,29810,6,1,0,0,3,0,74,140,0,0,0,1,0,4,2012,4,2012,4,39,0,0,0,1,2,30,1,1,2,1,20,3,1,13,99,1,4,1,1,0
45,450526,1,1,1,7,10,1,45,34,0,1,0,45,2,49,40,49040,4,1998,4T1BG22K1WU2,4,T,1,B,G,2,2,K,1,W,U,2,0,0,0,000000000,00000000000,0,0,0,1,0,0,0,0,0,0,0,55,0,1,5,12,6,2,1,0,0,0,1,45,29596,6,1,0,0,3,0,65,140,0,0,0,0,0,0,0,0,0,4,0,0,0,0,1,2,55,1,1,2,1,0,0,1,10,99,1,4,6,1,0
45,450527,1,3,1,7,10,11,15,12,2,1,0,13,1,49,472,49472,30,2006,5TBJU32116S4,5,T,B,J,U,3,2,1,1,6,S,4,0,0,0,000000000,00000000000,0,0,0,1,0,0,0,0,0,0,0,45,0,0,0,12,6,2,12,0,0,0,1,13,31406,6,1,0,0,3,0,76,165,98,0,0,0,0,0,0,0,0,0,28,0,0,0,1,2,45,1,1,2,1,0,0,1,54,99,1,2,50,1,0
45,450527,2,3,2,7,10,11,15,12,2,1,0,55,3,84,881,84881,66,2005,1HTWYAHTX5J1,1,H,T,W,Y,A,H,T,X,5,J,1,1,1,55,0025100,550025100,3,6,4,1,0,0,0,0,0,0,0,45,0,0,0,12,6,2,12,0,0,0,1,13,31312,6,1,6,3,3,0,69,170,98,0,0,0,0,0,0,0,0,0,0,0,0,0,1,2,45,1,1,2,1,0,0,1,62,99,1,1,51,0,0
45,450527,3,3,1,7,10,11,15,12,2,1,0,13,1,12,401,12401,14,1999,1FMRU1760XLB,1,F,M,R,U,1,7,6,0,X,L,B,0,0,0,000000000,00000000000,0,0,0,1,0,0,0,0,0,0,0,45,0,0,0,12,6,2,12,0,0,0,1,13,31405,1,1,5,0,2,0,999,999,98,4,0,1,1,4,2012,5,2014,0,0,0,0,0,1,2,45,1,1,2,1,0,0,1,52,99,1,1,98,0,0
45,450528,1,1,1,9,10,10,50,42,0,1,0,45,1,35,402,35402,14,2006,5N1AN08U56C5,5,N,1,A,N,0,8,U,5,6,C,5,0,0,0,000000000,00000000000,0,0,0,1,0,0,0,0,0,0,0,45,0,1,5,2,6,2,42,0,0,0,1,45,29720,6,1,0,0,3,3,62,114,0,0,0,0,0,0,0,0,0,0,99,99,99,99,1,2,45,1,1,2,1,0,0,1,13,99,1,4,1,1,0
45,450529,1,1,1,9,10,21,1,8,0,1,0,45,1,12,3,12003,2,1995,1FALP4043SF1,1,F,A,L,P,4,0,4,3,S,F,1,0,0,0,000000000,00000000000,0,0,0,1,0,0,0,0,0,0,0,45,0,0,0,12,6,2,8,0,0,0,1,45,29920,6,1,6,3,3,3,67,230,2,1,0,1,0,11,2011,9,2014,0,0,0,0,0,5,6,45,1,1,2,1,98,3,1,81,99,1,1,13,0,0
45,450530,1,1,1,9,10,22,45,35,0,1,0,45,2,34,35,34035,4,1995,WBAHD5323SGB,W,B,A,H,D,5,3,2,3,S,G,B,0,0,0,000000000,00000000000,0,0,0,1,0,0,0,0,0,0,0,80,0,1,5,12,6,2,1,0,0,0,1,45,29689,6,1,0,0,3,0,66,152,2,0,0,0,0,8,2012,7,2013,4,58,0,0,0,1,2,50,1,1,2,2,0,0,1,13,99,1,4,1,1,0
45,450531,1,1,1,9,10,7,19,42,0,1,0,45,3,12,461,12461,21,2012,1FTNE1EL1CDB,1,F,T,N,E,1,E,L,1,C,D,B,0,0,0,000000000,00000000000,0,0,0,1,0,0,0,0,0,0,0,65,0,0,0,12,6,2,42,0,0,0,1,45,29687,6,1,6,0,3,3,72,220,0,0,0,0,0,0,0,0,0,4,0,0,0,0,1,2,45,1,1,2,1,0,0,1,13,99,1,4,1,1,0
45,450532,1,1,1,10,10,6,35,42,0,1,0,45,2,49,40,49040,4,1996,4T1BG12K2TU9,4,T,1,B,G,1,2,K,2,T,U,9,0,0,0,000000000,00000000000,0,0,0,1,0,0,0,0,0,0,0,60,0,0,0,1,6,2,42,0,0,0,1,45,29687,6,1,0,0,3,3,68,140,0,1,0,1,1,4,2012,5,2014,0,0,0,0,0,1,2,45,2,1,2,1,0,0,14,12,99,9,4,6,1,0
45,450533,1,2,1,10,10,9,35,12,6,1,0,37,3,12,481,12481,31,2015,1FT7W2A68FEB,1,F,T,7,W,2,A,6,8,F,E,B,0,0,0,000000000,00000000000,0,0,0,1,0,0,0,0,0,0,0,45,0,0,0,12,6,2,12,0,0,0,1,45,29223,6,1,0,0,3,0,72,185,1,1,0,2,0,1,2013,7,2014,0,0,0,0,0,5,5,40,1,1,2,1,3,3,1,66,99,1,1,69,0,0
45,450533,2,2,1,10,10,9,35,12,6,1,0,45,1,19,3,19003,4,2002,1G6KD54Y72U1,1,G,6,K,D,5,4,Y,7,2,U,1,0,0,0,000000000,00000000000,0,0,0,1,0,0,0,0,0,0,0,5,0,0,0,3,6,2,12,0,0,0,1,45,29223,6,1,0,0,3,3,71,176,0,0,0,1,0,4,2012,4,2012,0,38,0,0,0,5,5,40,1,1,2,1,3,3,11,66,99,1,1,68,1,0
45,450534,1,1,1,10,10,11,35,43,0,1,0,45,2,54,35,54035,4,2007,19UUA66227A0,1,9,U,U,A,6,6,2,2,7,A,0,0,0,0,000000000,00000000000,0,0,0,1,0,0,0,0,0,0,0,75,0,0,0,12,6,2,43,0,0,0,1,45,29020,1,1,5,0,2,0,62,114,4,4,0,4,1,4,2012,5,2014,4,0,0,0,0,3,4,70,1,1,2,1,0,0,1,12,99,1,4,6,1,1
45,450535,1,2,1,11,10,10,15,12,8,1,0,45,3,98,809,98809,66,2003,2FWJA3AV73AK,2,F,W,J,A,3,A,V,7,3,A,K,1,1,45,1170688,451170688,3,6,2,1,0,0,0,0,0,0,0,45,0,0,0,10,6,2,12,0,0,0,1,45,29036,6,1,6,3,3,0,71,230,0,1,0,1,0,12,2011,7,2014,0,0,0,0,0,1,2,45,1,1,2,1,0,0,1,62,99,1,1,65,0,0
45,450535,2,2,1,11,10,10,15,12,8,1,0,45,2,20,25,20025,4,2012,1G1PG5SC4C71,1,G,1,P,G,5,S,C,4,C,7,1,0,0,0,000000000,00000000000,0,0,0,1,0,0,0,0,0,0,0,45,0,0,0,10,6,2,12,0,0,0,1,45,29209,6,1,6,0,3,0,67,180,0,0,0,0,0,0,0,0,0,0,28,0,0,0,1,2,45,1,1,2,1,0,0,1,10,99,1,2,64,1,0
45,450536,1,1,1,12,10,1,4,8,0,1,0,45,1,20,481,20481,31,2011,3GCPCSE02BG3,3,G,C,P,C,S,E,0,2,B,G,3,0,0,0,000000000,00000000000,0,0,0,1,0,0,0,0,0,0,0,55,0,0,0,12,6,2,8,0,0,0,1,45,29150,6,1,0,0,3,0,69,180,0,0,0,0,0,0,0,0,0,0,0,0,0,0,2,4,55,1,1,2,1,0,0,1,80,99,1,1,13,0,0
45,450537,1,1,2,12,10,1,50,42,0,1,0,45,2,12,481,12481,31,1997,1FTDX1863VNA,1,F,T,D,X,1,8,6,3,V,N,A,0,0,0,000000000,00000000000,0,0,0,1,0,0,0,0,0,0,0,70,0,0,0,2,6,2,42,0,0,0,1,45,29075,6,1,0,0,3,0,71,175,0,0,0,0,0,0,0,0,0,3,0,0,0,0,1,2,45,1,1,2,2,0,0,1,12,99,1,4,6,1,1
45,450538,1,1,1,12,10,3,30,42,0,1,0,45,1,12,17,12017,4,1989,1FABP50U3KA2,1,F,A,B,P,5,0,U,3,K,A,2,0,0,0,000000000,00000000000,0,0,0,1,0,0,0,0,0,0,0,55,0,0,0,12,6,2,42,0,0,0,1,45,29617,6,1,0,0,3,3,74,180,0,0,0,0,0,0,0,0,0,0,0,0,0,0,1,2,45,1,2,2,1,0,0,1,12,99,1,4,6,1,1
45,450539,1,2,3,12,10,17,48,12,6,1,0,45,2,20,481,20481,31,2007,1GCCS1391782,1,G,C,C,S,1,3,9,1,7,8,2,0,0,0,000000000,00000000000,0,0,0,1,0,0,0,0,0,0,0,55,0,0,0,9,6,2,12,0,0,0,1,45,29560,1,1,5,0,2,0,70,180,0,3,0,0,0,10,2012,9,2014,0,38,39,0,0,1,2,55,1,1,2,1,20,3,1,17,99,1,1,89,1,1
45,450539,2,2,2,12,10,17,48,12,6,1,0,45,2,23,481,23481,31,1997,1GTFC29S1VE5,1,G,T,F,C,2,9,S,1,V,E,5,0,0,0,000000000,00000000000,0,0,0,1,0,0,0,0,0,0,0,55,0,1,5,12,6,2,1,0,0,0,1,45,29560,1,1,5,0,2,0,66,165,0,5,1,0,0,9,2012,7,2014,0,0,0,0,0,1,2,55,1,1,2,1,0,0,1,17,99,1,1,88,0,0
45,450540,1,1,1,11,10,22,10,1,0,1,0,13,1,37,706,37706,80,2007,1HFSC55077A3,1,H,F,S,C,5,5,0,7,7,A,3,0,0,0,000000000,00000000000,0,0,0,1,0,0,0,0,0,0,0,60,0,0,0,0,6,2,1,0,0,0,1,13,30814,1,1,5,0,2,3,999,999,98,2,1,0,0,9,2014,10,2014,3,0,0,0,0,1,2,45,2,2,2,1,0,0,14,12,99,1,4,6,1,1
45,450541,1,1,2,15,10,7,0,42,0,1,0,5,1,12,3,12003,2,2001,1FAFP40461F2,1,F,A,F,P,4,0,4,6,1,F,2,0,0,0,000000000,00000000000,0,0,0,1,0,0,0,0,0,0,0,70,0,0,0,12,6,2,42,0,0,0,1,5,72501,6,1,0,0,3,0,67,170,1,0,0,0,0,11,2013,11,2013,0,99,99,99,99,3,6,70,1,1,2,2,0,0,1,13,99,9,4,1,2,0
45,450542,1,2,1,16,10,11,15,12,6,1,0,45,2,51,881,51881,66,2000,4V4ND2RFXYN2,4,V,4,N,D,2,R,F,X,Y,N,2,1,1,77,777777777,77777777777,3,6,10,1,0,0,0,0,0,0,0,45,0,0,0,9,6,2,12,0,0,0,1,45,29720,6,1,6,0,3,0,70,185,0,0,0,0,1,8,2013,8,2013,0,0,0,0,0,1,2,45,1,1,2,1,0,0,1,66,99,1,1,89,0,0
45,450542,2,2,1,16,10,11,15,12,6,1,0,45,1,37,32,37032,4,2002,1HGCF86662A0,1,H,G,C,F,8,6,6,6,2,A,0,0,0,0,000000000,00000000000,0,0,0,1,0,0,0,0,0,0,0,45,0,0,0,12,6,2,12,0,0,0,1,45,29720,6,1,0,0,3,0,70,190,0,0,0,0,0,0,0,0,0,0,39,0,0,0,1,2,45,1,1,2,1,20,3,1,66,99,1,1,88,1,0
45,450543,1,1,1,30,9,20,35,8,0,1,0,45,1,12,481,12481,31,2003,1FTRX17243NA,1,F,T,R,X,1,7,2,4,3,N,A,0,0,0,000000000,00000000000,0,0,0,1,0,0,0,0,0,0,0,30,0,0,0,12,6,2,8,0,0,0,1,45,29209,6,1,0,0,3,3,70,300,0,0,0,0,0,0,0,0,0,0,0,0,0,0,1,2,35,1,1,2,1,0,0,1,80,99,1,1,13,0,0
45,450544,1,1,1,6,10,14,25,34,0,1,0,45,2,35,472,35472,30,1998,1N6DD26Y7WC3,1,N,6,D,D,2,6,Y,7,W,C,3,0,0,0,000000000,00000000000,0,0,0,1,0,0,0,0,0,0,0,55,0,0,0,12,6,2,32,0,0,0,1,45,29474,6,1,6,3,3,3,65,180,0,0,0,0,0,0,0,0,0,0,99,99,99,99,1,2,45,1,1,2,1,0,0,1,12,99,9,4,6,1,0
45,450545,1,1,1,9,10,22,20,8,0,1,0,45,1,30,40,30040,4,2001,3VWSB69MX1M1,3,V,W,S,B,6,9,M,X,1,M,1,0,0,0,000000000,00000000000,0,0,0,1,0,0,0,0,0,0,0,65,0,0,0,12,6,2,8,0,0,0,1,45,29644,6,1,0,0,3,3,64,220,0,0,0,0,0,0,0,0,0,0,0,0,0,0,3,4,70,1,1,2,1,0,0,1,80,99,1,1,13,0,0