STATE,ST_CASE,VEH_NO,VE_FORMS,NUMOCCS,DAY,MONTH,HOUR,MINUTE,HARM_EV,MAN_COLL,UNITTYPE,HIT_RUN,REG_STAT,OWNER,MAKE,MODEL,MAK_MOD,BODY_TYP,MOD_YEAR,VIN,VIN_1,VIN_2,VIN_3,VIN_4,VIN_5,VIN_6,VIN_7,VIN_8,VIN_9,VIN_10,VIN_11,VIN_12,TOW_VEH,J_KNIFE,MCARR_I1,MCARR_I2,MCARR_ID,GVWR,V_CONFIG,CARGO_BT,HAZ_INV,HAZ_PLAC,HAZ_ID,HAZ_CNO,HAZ_REL,BUS_USE,SPEC_USE,EMER_USE,TRAV_SP,UNDERIDE,ROLLOVER,ROLINLOC,IMPACT1,DEFORMED,TOWED,M_HARM,VEH_SC1,VEH_SC2,FIRE_EXP,DR_PRES,L_STATE,DR_ZIP,L_STATUS,L_TYPE,CDL_STAT,L_ENDORS,L_COMPL,L_RESTRI,DR_HGT,DR_WGT,PREV_ACC,PREV_SUS,PREV_DWI,PREV_SPD,PREV_OTH,FIRST_MO,FIRST_YR,LAST_MO,LAST_YR,SPEEDREL,DR_SF1,DR_SF2,DR_SF3,DR_SF4,VTRAFWAY,VNUM_LAN,VSPD_LIM,VALIGN,VPROFILE,VPAVETYP,VSURCOND,VTRAFCON,VTCONT_F,P_CRASH1,P_CRASH2,P_CRASH3,PCRASH4,PCRASH5,ACC_TYPE,DEATHS,DR_DRINK
45,450546,1,1,1,15,10,11,45,42,0,1,0,45,1,20,4,20004,2,1991,1G1YY2389M51,1,G,1,Y,Y,2,3,8,9,M,5,1,0,0,0,000000000,00000000000,0,0,0,1,0,0,0,0,0,0,0,70,0,0,0,9,6,2,42,0,0,0,1,45,29461,6,1,0,0,3,0,73,191,0,1,0,2,2,4,2012,1,2014,4,0,0,0,0,1,2,45,2,1,2,1,0,0,14,12,99,9,4,6,1,0
45,450547,1,3,3,17,10,16,10,12,1,1,0,45,1,12,471,12471,30,1994,1FTCR10A5RUE,1,F,T,C,R,1,0,A,5,R,U,E,0,0,0,000000000,00000000000,0,0,0,1,0,0,0,0,0,0,0,55,0,0,0,12,6,2,12,0,0,0,1,45,29569,6,1,6,0,3,3,64,175,1,1,0,0,0,2,2013,3,2014,4,0,0,0,0,1,2,55,1,1,2,1,0,0,1,50,99,1,1,20,1,0
45,450547,2,3,1,17,10,16,10,12,1,1,0,45,2,20,481,20481,31,1995,1GCEC14K6SZ1,1,G,C,E,C,1,4,K,6,S,Z,1,0,0,0,000000000,00000000000,0,0,0,1,0,0,0,0,0,0,0,0,0,0,0,6,4,5,12,0,0,0,1,45,29569,6,1,0,0,3,0,67,235,0,0,0,0,0,0,0,0,0,0,0,0,0,0,1,2,55,1,1,2,1,0,0,1,53,99,1,1,22,0,0
45,450547,3,3,1,17,10,16,10,12,1,1,0,37,2,12,402,12402,14,2003,1FMYU03143KB,1,F,M,Y,U,0,3,1,4,3,K,B,0,0,0,000000000,00000000000,0,0,0,1,0,0,0,0,0,0,0,55,0,0,0,12,6,2,12,0,0,0,1,37,28463,6,1,0,0,3,3,69,999,0,0,0,0,0,0,0,0,0,0,0,0,0,0,1,2,55,1,1,2,1,0,0,1,62,99,1,1,98,0,0
45,450548,1,2,2,17,10,22,15,12,2,1,0,45,1,98,709,98709,81,9999,999999999999,9,9,9,9,9,9,9,9,9,9,9,9,0,0,0,000000000,00000000000,0,0,0,1,0,0,0,0,0,0,0,20,0,0,0,12,6,2,12,0,0,0,1,45,29045,0,0,0,0,0,0,70,175,0,0,0,0,0,0,0,0,0,0,0,0,0,0,1,2,55,3,1,2,1,0,0,14,62,99,1,1,51,1,0
45,450548,2,2,1,17,10,22,15,12,2,1,0,45,1,49,472,49472,30,2004,5TENL42N34Z3,5,T,E,N,L,4,2,N,3,4,Z,3,0,0,0,000000000,00000000000,0,0,0,1,0,0,0,0,0,0,0,55,0,0,0,12,6,2,42,0,0,0,1,45,29130,6,1,0,0,3,3,66,192,1,0,0,0,1,8,2013,4,2014,0,28,0,0,0,1,2,55,2,1,2,1,0,0,14,10,99,1,2,50,0,0
45,450549,1,1,1,19,10,2,40,8,0,1,0,45,1,7,26,7026,4,2014,1C3CDZAB8EN2,1,C,3,C,D,Z,A,B,8,E,N,2,0,0,0,000000000,00000000000,0,0,0,1,0,0,0,0,0,0,0,65,0,0,0,1,4,3,8,0,0,0,1,45,29630,6,1,0,0,3,3,70,155,0,0,0,1,2,6,2012,5,2013,0,0,0,0,0,3,4,70,1,1,2,1,0,0,1,80,99,1,1,13,0,0
45,450550,1,1,3,19,10,4,40,11,0,1,0,45,1,37,32,37032,4,1997,1HGCE6672VA0,1,H,G,C,E,6,6,7,2,V,A,0,0,0,0,000000000,00000000000,0,0,0,1,0,0,0,0,0,0,0,60,0,0,0,12,6,2,25,0,0,0,1,45,29730,6,1,0,0,3,0,72,186,0,1,0,0,0,6,2014,6,2014,0,83,0,0,0,3,8,60,1,1,2,1,0,0,1,87,99,1,1,13,1,0
45,450551,1,1,1,18,6,12,13,31,0,1,0,45,1,20,37,20037,4,2012,1G1ZC5EU5CF2,1,G,1,Z,C,5,E,U,5,C,F,2,0,0,0,000000000,00000000000,0,0,0,1,0,0,0,0,0,0,0,55,0,0,0,2,6,2,31,0,0,0,1,45,29907,6,1,0,0,3,3,68,278,1,5,0,0,0,9,2012,2,2014,0,0,0,0,0,2,4,55,1,1,2,1,3,3,1,13,99,1,4,1,1,0
45,450552,1,1,1,19,8,22,15,8,0,1,0,45,2,20,443,20443,20,2003,1GNDX03E13D1,1,G,N,D,X,0,3,E,1,3,D,1,0,0,0,000000000,00000000000,0,0,0,1,0,0,0,0,0,0,0,94,0,0,0,3,0,5,8,0,0,0,1,45,29436,6,1,0,0,3,0,71,165,0,0,0,0,0,0,0,0,0,3,0,0,0,0,1,2,55,1,1,2,1,0,0,1,80,99,1,1,13,0,0
45,450553,1,1,1,22,9,4,45,34,0,1,0,45,1,12,481,12481,31,1997,1FTDX17W2VNB,1,F,T,D,X,1,7,W,2,V,N,B,0,0,0,000000000,00000000000,0,0,0,1,0,0,0,0,0,0,0,50,0,0,0,2,6,2,34,0,0,0,1,45,29566,0,0,0,0,0,0,60,100,1,3,1,0,0,4,2012,8,2014,4,0,0,0,0,1,2,35,1,1,2,1,0,0,1,12,99,1,4,6,1,1
45,450554,1,1,2,28,9,4,30,1,0,1,0,45,1,12,481,12481,31,2001,2FTZX17211CA,2,F,T,Z,X,1,7,2,1,1,C,A,0,0,0,000000000,00000000000,0,0,0,1,0,0,0,0,0,0,0,70,0,1,5,0,6,2,1,0,0,0,1,99,99999,9,9,99,9,9,9,999,999,99,99,99,99,99,99,9999,99,9999,0,0,0,0,0,3,4,70,1,1,2,1,0,0,1,13,99,1,4,1,1,1
45,450555,1,1,1,13,10,5,10,8,0,1,1,99,9,99,999,99999,99,9999,999999999999,9,9,9,9,9,9,9,9,9,9,9,9,0,0,0,000000000,00000000000,0,0,0,1,0,0,0,0,0,0,0,45,0,0,0,12,9,5,8,0,0,0,1,99,99999,9,9,99,9,9,9,999,999,99,99,99,99,99,99,9999,99,9999,0,0,0,0,0,2,6,45,1,1,2,2,0,0,1,80,99,1,1,13,0,0
45,450556,1,2,1,12,9,11,45,12,6,1,0,45,2,98,804,98804,66,2000,2WLPCCCJ5YK9,2,W,L,P,C,C,C,J,5,Y,K,9,1,1,45,2200570,452200570,3,6,1,1,0,0,0,0,0,0,0,45,0,0,0,12,6,2,12,0,0,0,1,45,29483,6,1,6,0,3,0,72,260,0,2,0,0,0,5,2013,2,2014,0,0,0,0,0,2,4,45,1,1,2,1,0,0,1,65,99,1,1,69,0,0
45,450556,2,2,2,12,9,11,45,12,6,1,0,45,1,53,40,53040,4,2011,JS2YC5A26B63,J,S,2,Y,C,5,A,2,6,B,6,3,0,0,0,000000000,00000000000,0,0,0,1,0,0,0,0,0,0,0,10,0,0,0,3,6,2,12,0,0,0,1,45,29483,6,1,0,0,3,0,69,240,0,0,0,1,0,10,2011,10,2011,0,38,0,0,0,2,4,45,1,1,2,1,0,0,11,66,99,1,1,68,1,0
45,450557,1,2,1,19,10,16,7,1,0,1,0,45,2,12,422,12422,15,1998,1FMRU17L3WLA,1,F,M,R,U,1,7,L,3,W,L,A,0,0,0,000000000,00000000000,0,0,0,1,0,0,0,0,0,0,0,30,0,0,0,19,6,2,18,0,0,0,1,45,29568,6,1,0,0,3,0,73,188,1,3,0,1,2,4,2012,1,2014,0,38,0,0,0,1,2,45,1,1,2,1,20,3,1,66,99,1,1,98,0,0
45,450557,2,2,1,19,10,16,7,1,0,1,0,45,1,73,705,73705,80,1999,JKAVNDA15XB5,J,K,A,V,N,D,A,1,5,X,B,5,0,0,0,000000000,00000000000,0,0,0,1,0,0,0,0,0,0,0,45,0,0,0,0,6,2,1,0,0,0,1,45,29566,6,1,0,0,3,0,70,200,0,0,0,0,0,0,0,0,0,0,0,0,0,0,1,2,45,1,1,2,1,0,0,1,66,99,1,1,98,1,0
45,450558,1,2,1,22,10,20,45,12,6,1,0,45,1,98,709,98709,81,9999,999999999999,9,9,9,9,9,9,9,9,9,9,9,9,0,0,0,000000000,00000000000,0,0,0,1,0,0,0,0,0,0,0,25,0,0,0,12,6,2,12,0,0,0,1,45,29445,1,1,5,0,2,3,65,150,1,2,0,0,0,10,2012,10,2013,0,0,0,0,0,1,2,45,1,1,2,1,0,0,1,66,99,1,1,69,1,0
45,450558,2,2,1,22,10,20,45,12,6,1,0,45,2,18,2,18002,4,1998,1G4HP52K7WH4,1,G,4,H,P,5,2,K,7,W,H,4,0,0,0,000000000,00000000000,0,0,0,1,0,0,0,0,0,0,0,25,0,0,0,2,6,2,12,0,0,0,1,45,29479,6,1,0,0,3,0,60,130,0,0,0,0,0,0,0,0,0,0,38,0,0,0,1,2,45,1,1,2,1,0,0,11,15,99,1,1,68,0,0
45,450559,1,1,2,25,10,3,50,42,0,1,0,45,1,73,704,73704,80,2007,JKAZX4P177A0,J,K,A,Z,X,4,P,1,7,7,A,0,0,0,0,000000000,00000000000,0,0,0,1,0,0,0,0,0,0,0,70,0,0,0,12,6,2,42,0,0,0,1,45,29487,6,1,0,0,3,0,73,220,0,1,0,1,1,5,2012,6,2013,3,0,0,0,0,1,2,55,3,1,2,1,0,0,14,13,99,9,4,1,1,1
45,450560,1,1,1,25,10,2,12,10,0,1,0,45,2,12,23,12023,4,2010,3FAHP0HA2AR1,3,F,A,H,P,0,H,A,2,A,R,1,0,0,0,000000000,00000000000,0,0,0,1,0,0,0,0,0,0,0,77,0,0,0,3,6,2,10,0,0,0,1,45,29073,6,1,0,0,3,0,71,175,0,0,0,0,0,0,0,0,0,0,39,0,0,0,1,2,30,1,1,2,1,65,3,1,90,99,1,1,98,1,1
45,450561,1,1,1,25,10,13,36,32,0,1,0,45,1,7,402,7402,14,2000,1B4HS28N7YF2,1,B,4,H,S,2,8,N,7,Y,F,2,0,0,0,000000000,00000000000,0,0,0,1,0,0,0,0,0,0,0,55,0,0,0,12,6,2,42,0,0,1,1,45,29020,6,1,0,0,3,0,67,162,1,0,0,0,0,7,2012,7,2012,4,0,0,0,0,1,2,55,1,1,2,1,0,0,1,12,99,1,4,6,1,1
45,450562,1,5,3,26,10,15,0,12,1,1,0,45,1,12,23,12023,4,2012,3FAHP0JG4CR3,3,F,A,H,P,0,J,G,4,C,R,3,0,0,0,000000000,00000000000,0,0,0,1,0,0,0,0,0,0,0,70,0,0,0,12,6,2,12,0,0,0,1,45,29554,6,1,6,0,3,3,66,232,0,0,0,0,0,0,0,0,0,4,0,0,0,0,3,4,70,1,1,2,1,0,0,1,51,99,1,1,20,1,0
45,450562,2,5,2,26,10,15,0,12,1,1,0,21,1,55,33,55033,4,2013,5NPEC4AC4DH7,5,N,P,E,C,4,A,C,4,D,H,7,0,0,0,000000000,00000000000,0,0,0,1,0,0,0,0,0,0,0,0,0,0,0,6,6,2,26,0,0,0,1,21,40517,6,1,0,0,3,0,64,152,0,0,0,0,0,0,0,0,0,0,0,0,0,0,3,4,70,1,1,2,1,0,0,1,53,99,1,1,22,0,0
45,450562,3,5,3,26,10,15,0,12,1,1,0,13,1,37,31,37031,4,2013,19XFB2F57DE0,1,9,X,F,B,2,F,5,7,D,E,0,0,0,0,000000000,00000000000,0,0,0,1,0,0,0,0,0,0,0,0,0,0,0,3,6,2,12,0,0,0,1,13,31312,6,1,0,0,3,0,69,190,98,0,0,0,0,0,0,0,0,0,0,0,0,0,3,4,70,1,1,2,1,0,0,1,53,99,1,1,98,0,0
45,450562,4,5,1,26,10,15,0,12,1,1,0,45,1,22,24,22024,4,2008,6G2ER57728L1,6,G,2,E,R,5,7,7,2,8,L,1,0,0,0,000000000,00000000000,0,0,0,1,0,0,0,0,0,0,0,0,0,0,0,6,0,5,12,0,0,0,1,45,29384,6,1,0,0,3,0,65,177,0,0,0,0,0,0,0,0,0,0,0,0,0,0,3,4,70,1,1,2,1,0,0,1,53,99,1,1,98,0,0
45,450562,5,5,1,26,10,15,0,12,1,1,0,45,1,7,482,7482,31,2014,3C63RPHLXEG1,3,C,6,3,R,P,H,L,X,E,G,1,1,1,0,000000000,00000000000,0,0,0,1,0,0,0,0,0,0,0,0,0,0,0,6,0,5,12,0,0,0,1,45,29212,6,1,0,0,3,0,68,196,0,0,0,0,0,0,0,0,0,0,0,0,0,0,3,4,70,1,1,2,1,0,0,1,53,99,1,1,98,0,0
45,450563,1,1,1,24,8,2,27,33,0,1,0,45,1,37,32,37032,4,1992,1HGCB7671NA1,1,H,G,C,B,7,6,7,1,N,A,1,0,0,0,000000000,00000000000,0,0,0,1,0,0,0,0,0,0,0,61,0,0,0,99,6,2,42,0,0,0,1,45,29687,6,1,0,0,3,0,65,155,1,0,0,0,0,3,2013,3,2013,4,0,0,0,0,1,2,35,3,2,2,1,20,3,14,13,99,1,4,1,1,1
45,450564,1,1,1,8,9,21,51,8,0,1,0,45,2,49,43,49043,4,2005,4T1BK36B25U0,4,T,1,B,K,3,6,B,2,5,U,0,0,0,0,000000000,00000000000,0,0,0,1,0,0,0,0,0,0,0,45,0,0,0,12,4,3,8,0,0,0,1,45,29687,6,1,0,0,3,0,66,120,0,0,0,1,0,3,2013,3,2013,0,0,0,0,0,2,6,45,1,2,2,1,0,0,1,81,99,1,1,13,0,0
45,450565,1,1,1,8,10,20,14,8,0,1,0,45,2,20,471,20471,30,1983,2GCEK14H4D11,2,G,C,E,K,1,4,H,4,D,1,1,0,0,0,000000000,00000000000,0,0,0,1,0,0,0,0,0,0,0,35,0,0,0,12,0,5,8,0,0,0,1,45,29745,6,2,0,0,3,3,75,190,0,0,0,0,0,0,0,0,0,0,0,0,0,0,2,4,35,1,2,2,1,0,0,1,80,99,1,1,13,0,0
45,450566,1,1,1,14,10,0,0,9,0,1,1,45,1,23,431,23431,16,2001,3GKEC16T71G1,3,G,K,E,C,1,6,T,7,1,G,1,0,0,0,000000000,00000000000,0,0,0,1,0,0,0,0,0,0,0,55,0,0,0,2,4,5,9,0,0,0,1,45,29360,6,1,0,0,3,3,65,185,0,0,0,1,0,8,2013,8,2013,0,0,0,0,0,1,2,55,1,1,2,1,0,0,1,83,99,1,1,13,0,0
45,450567,1,2,1,16,10,18,5,57,0,1,0,93,3,82,881,82881,66,2007,1FUJBBCK97LX,1,F,U,J,B,B,C,K,9,7,L,X,1,1,48,2126019,482126019,3,6,1,1,0,0,0,0,0,0,0,65,0,1,5,7,6,2,1,0,0,0,1,48,77373,6,1,6,3,3,3,999,999,0,0,0,1,2,6,2014,9,2014,0,0,0,0,0,3,4,70,1,2,2,1,0,0,1,62,7,1,4,98,0,0
45,450567,2,2,1,16,10,18,5,57,0,1,0,37,1,19,421,19421,15,2004,1GYEK63N44R1,1,G,Y,E,K,6,3,N,4,4,R,1,0,0,0,000000000,00000000000,0,0,0,1,0,0,0,0,0,0,0,85,0,0,0,11,6,2,12,0,0,0,1,37,28739,6,1,0,0,3,3,67,999,0,0,0,0,0,0,0,0,0,4,0,0,0,0,3,4,70,1,2,2,1,0,0,1,12,99,1,4,6,1,0
45,450568,1,2,2,21,10,20,23,12,6,1,0,45,2,37,32,37032,4,2009,1HGCP36829A0,1,H,G,C,P,3,6,8,2,9,A,0,0,0,0,000000000,00000000000,0,0,0,1,0,0,0,0,0,0,0,5,0,0,0,5,6,2,12,0,0,0,1,45,29611,6,1,0,0,3,0,69,170,0,0,0,0,0,0,0,0,0,0,0,0,0,0,0,0,0,0,0,0,0,0,0,98,61,99,1,5,98,0,0
45,450568,2,2,4,21,10,20,23,12,6,1,0,45,2,37,31,37031,4,2012,19XFB2F80CE0,1,9,X,F,B,2,F,8,0,C,E,0,0,0,0,000000000,00000000000,0,0,0,1,0,0,0,0,0,0,0,90,0,0,0,12,6,2,31,0,0,0,1,45,29605,1,1,5,0,2,0,72,135,1,3,0,0,3,1,2013,8,2014,4,0,0,0,0,2,6,40,3,1,2,1,0,0,14,13,99,1,4,98,1,0
45,450569,1,2,1,24,10,22,45,12,2,1,0,45,1,37,31,37031,4,2001,2HGES26781H5,2,H,G,E,S,2,6,7,8,1,H,5,0,0,0,000000000,00000000000,0,0,0,1,0,0,0,0,0,0,0,55,0,0,0,12,6,2,12,0,0,0,1,45,29615,1,1,5,0,2,0,69,160,0,1,1,0,0,7,2014,8,2014,3,28,0,0,0,1,2,45,1,1,2,1,0,0,1,10,99,1,2,50,1,1
45,450569,2,2,1,24,10,22,45,12,2,1,0,45,1,20,471,20471,30,1999,1GCCS1448XK1,1,G,C,C,S,1,4,4,8,X,K,1,0,0,0,000000000,00000000000,0,0,0,1,0,0,0,0,0,0,0,40,0,0,0,12,6,2,12,0,0,0,1,45,29649,6,1,0,0,3,0,73,229,0,0,0,0,0,0,0,0,0,0,0,0,0,0,1,2,45,1,1,2,1,0,0,1,62,99,1,1,51,0,0
45,450570,1,1,1,25,10,7,58,8,0,1,0,45,1,37,441,37441,20,2000,2HKRL1865YH5,2,H,K,R,L,1,8,6,5,Y,H,5,0,0,0,000000000,00000000000,0,0,0,1,0,0,0,0,0,0,0,45,0,0,0,12,6,2,8,0,0,0,1,45,29926,6,1,0,0,3,0,62,150,0,0,0,1,0,1,2012,1,2012,0,0,0,0,0,5,4,45,1,1,2,1,3,3,1,81,99,1,1,13,0,0
45,450571,1,2,3,29,10,16,20,12,2,1,0,45,1,18,3,18003,4,1996,1G4CW52K3TH6,1,G,4,C,W,5,2,K,3,T,H,6,0,0,0,000000000,00000000000,0,0,0,1,0,0,0,0,0,0,0,45,0,0,0,12,6,2,12,0,0,0,1,45,29817,6,1,0,0,3,0,75,220,0,0,0,0,0,0,0,0,0,0,0,0,0,0,1,2,55,1,1,2,1,0,0,1,62,7,1,1,51,1,0
45,450571,2,2,3,29,10,16,20,12,2,1,0,45,2,2,404,2404,14,1993,1J4GX58S1PC6,1,J,4,G,X,5,8,S,1,P,C,6,0,0,0,000000000,00000000000,0,0,0,1,0,0,0,0,0,0,0,57,0,0,0,12,6,2,12,0,0,0,1,45,29853,6,1,0,0,3,0,67,155,3,1,0,1,3,12,2012,8,2014,0,28,0,0,0,1,2,55,1,1,2,1,0,0,1,10,99,1,2,50,0,0
45,450573,1,1,1,29,10,13,4,53,0,1,0,45,1,34,34,34034,4,2002,WBABS33412PG,W,B,A,B,S,3,3,4,1,2,P,G,0,0,0,000000000,00000000000,0,0,0,1,0,0,0,0,0,0,0,50,0,0,0,12,4,3,53,0,0,0,1,45,29569,6,1,0,0,3,3,65,175,0,0,0,0,0,0,0,0,0,0,0,0,0,0,1,2,55,1,1,2,1,0,0,1,13,99,9,4,1,1,0
45,450574,1,1,5,23,8,4,15,42,0,1,0,37,2,20,2,20002,4,2008,2G1WT58K9892,2,G,1,W,T,5,8,K,9,8,9,2,0,0,0,000000000,00000000000,0,0,0,1,0,0,0,0,0,0,0,60,0,0,0,12,6,2,42,0,0,0,1,37,28340,6,1,0,0,3,0,69,999,0,0,0,0,0,0,0,0,0,4,0,0,0,0,1,2,55,1,1,2,1,0,0,1,12,99,1,4,6,3,0
45,450575,1,5,2,6,9,19,40,12,6,1,0,45,1,41,44,41044,2,1995,1YVGE31C8S53,1,Y,V,G,E,3,1,C,8,S,5,3,0,0,0,000000000,00000000000,0,0,0,1,0,0,0,0,0,0,0,15,0,0,0,3,6,2,12,0,0,0,1,45,29655,6,1,0,0,3,3,65,140,0,0,0,0,0,0,0,0,0,0,0,0,0,0,5,5,45,1,2,2,1,3,3,1,62,99,1,1,87,2,0
45,450575,2,5,2,6,9,19,40,12,6,1,0,45,2,12,3,12003,2,1984,1FABP26A7EF2,1,F,A,B,P,2,6,A,7,E,F,2,0,0,0,000000000,00000000000,0,0,0,1,0,0,0,0,0,0,0,15,0,0,0,9,6,2,12,0,0,0,1,45,29693,6,1,0,0,3,0,65,140,0,0,0,1,0,11,2013,11,2013,0,0,0,0,0,5,5,45,1,2,2,1,3,3,1,54,99,1,1,98,0,0
45,450575,3,5,1,6,9,19,40,12,6,1,0,45,1,49,40,49040,4,2012,4T1BF1FK0CU0,4,T,1,B,F,1,F,K,0,C,U,0,0,0,0,000000000,00000000000,0,0,0,1,0,0,0,0,0,0,0,17,0,0,0,9,6,2,12,0,0,0,1,45,29672,6,1,0,0,3,3,63,215,0,2,1,0,0,6,2012,10,2013,0,0,0,0,0,5,5,45,1,2,2,1,3,3,1,66,99,1,1,98,0,0
45,450575,4,5,1,6,9,19,40,12,6,1,0,45,1,2,405,2405,14,2012,1C4PJMAK9CW1,1,C,4,P,J,M,A,K,9,C,W,1,0,0,0,000000000,00000000000,0,0,0,1,0,0,0,0,0,0,0,0,0,0,0,12,0,5,12,0,0,0,1,45,29691,6,1,0,0,3,3,69,165,0,0,0,0,0,0,0,0,0,0,0,0,0,0,5,5,45,1,2,2,1,3,3,1,62,99,1,1,98,0,0
45,450575,5,5,1,6,9,19,40,12,6,1,0,13,1,20,481,20481,31,2012,1GCRCREA3CZ1,1,G,C,R,C,R,E,A,3,C,Z,1,0,0,0,000000000,00000000000,0,0,0,1,0,0,0,0,0,0,0,72,0,1,1,12,6,2,12,0,0,0,1,13,30518,6,1,0,0,3,0,70,150,98,0,0,0,0,0,0,0,0,3,28,39,0,0,5,5,45,1,2,2,1,3,3,1,66,99,1,1,86,0,0
45,450576,1,1,2,11,9,17,25,34,0,1,0,45,2,12,481,12481,31,2002,1FTRX17W92NA,1,F,T,R,X,1,7,W,9,2,N,A,0,0,0,000000000,00000000000,0,0,0,1,0,0,0,0,0,0,0,55,0,0,0,2,6,2,34,0,0,0,1,45,29466,1,1,5,0,2,0,62,115,1,1,0,0,1,7,2013,1,2014,0,0,0,0,0,1,2,55,3,1,2,1,0,0,14,13,99,1,4,1,1,1
45,450577,1,1,1,30,10,6,20,8,0,1,0,45,1,12,481,12481,31,2006,1FTRX14W16NB,1,F,T,R,X,1,4,W,1,6,N,B,0,0,0,000000000,00000000000,0,0,0,1,0,0,0,0,0,0,0,35,0,0,0,12,4,5,8,0,0,0,1,45,29671,6,1,0,0,3,0,71,190,0,0,0,0,0,0,0,0,0,0,0,0,0,0,1,2,35,1,1,2,1,0,0,1,80,99,1,1,13,0,0
45,450578,1,1,1,31,10,20,24,42,0,1,0,45,2,35,39,35039,4,1987,JN1HU11P8HT3,J,N,1,H,U,1,1,P,8,H,T,3,0,0,0,000000000,00000000000,0,0,0,1,0,0,0,0,0,0,0,70,0,0,0,4,6,2,42,0,0,0,1,45,29153,6,1,0,0,3,0,73,243,0,0,0,0,0,0,0,0,0,4,0,0,0,0,1,2,55,3,1,2,2,0,0,14,13,99,1,4,1,1,1
45,450579,1,1,1,3,11,21,40,35,0,1,0,45,1,22,18,22018,2,1995,1G2NW15M7SC8,1,G,2,N,W,1,5,M,7,S,C,8,0,0,0,000000000,00000000000,0,0,0,1,0,0,0,0,0,0,0,70,0,1,5,12,6,2,1,0,0,0,1,45,29625,6,2,0,0,3,0,63,136,0,0,0,0,0,0,0,0,0,4,0,0,0,0,1,2,25,3,1,2,1,0,0,14,12,99,1,4,6,1,1
45,450580,1,1,1,29,10,1,45,8,0,1,0,39,3,7,27,7027,6,2014,3C4PDDBG5ET1,3,C,4,P,D,D,B,G,5,E,T,1,0,0,0,000000000,00000000000,0,0,0,1,0,0,0,0,0,0,0,55,0,0,0,12,6,2,8,0,0,0,1,26,48827,6,1,0,0,3,0,71,173,0,0,0,0,0,0,0,0,0,0,0,0,0,0,3,4,55,1,1,2,1,0,0,1,80,6,1,1,13,0,0
45,450581,1,2,2,26,10,18,20,12,6,1,0,45,2,12,3,12003,2,2002,1FAFP40402F1,1,F,A,F,P,4,0,4,0,2,F,1,0,0,0,000000000,00000000000,0,0,0,1,0,0,0,0,0,0,0,30,0,0,0,3,6,2,12,0,0,0,1,45,29414,6,1,0,0,3,0,66,200,0,0,0,0,0,0,0,0,0,0,38,0,0,0,2,4,50,1,1,2,1,0,0,11,66,99,1,1,68,2,0
45,450581,2,2,3,26,10,18,20,12,6,1,0,12,1,7,482,7482,31,2003,3D7MU48623G7,3,D,7,M,U,4,8,6,2,3,G,7,0,0,0,000000000,00000000000,0,0,0,1,0,0,0,0,0,0,0,50,0,0,0,12,6,2,12,0,0,0,1,12,32189,6,1,6,0,3,0,72,999,0,0,0,0,0,0,0,0,0,0,0,0,0,0,2,4,50,1,1,2,1,0,0,1,66,99,1,1,69,0,0
45,450582,1,2,1,29,10,5,15,12,6,1,0,45,1,3,431,3431,16,2005,5GRGN23UX5H1,5,G,R,G,N,2,3,U,X,5,H,1,0,0,0,000000000,00000000000,0,0,0,1,0,0,0,0,0,0,0,45,0,0,0,12,6,2,12,0,0,0,1,45,29455,6,1,0,0,3,0,61,138,0,1,0,1,1,2,2012,12,2013,0,0,0,0,0,1,2,45,1,1,2,1,0,0,1,65,99,1,1,73,0,0
45,450582,2,2,2,29,10,5,15,12,6,1,0,45,1,58,37,58037,4,2007,JNKBV61E57M7,J,N,K,B,V,6,1,E,5,7,M,7,0,0,0,000000000,00000000000,0,0,0,1,0,0,0,0,0,0,0,20,0,0,0,3,6,2,12,0,0,0,1,45,29732,6,1,0,0,3,0,62,140,0,1,0,0,0,7,2014,7,2014,0,38,0,0,0,1,2,45,1,1,2,1,20,3,11,66,99,1,1,72,1,0
45,450583,2,1,1,1,11,2,30,8,0,1,0,45,1,20,421,20421,15,2005,1GNEC13T05J2,1,G,N,E,C,1,3,T,0,5,J,2,0,0,0,000000000,00000000000,0,0,0,1,0,0,0,0,0,0,0,55,0,0,0,12,6,2,8,0,0,0,1,45,29301,6,1,6,3,3,0,73,240,0,0,0,1,1,8,2012,3,2014,0,0,0,0,0,3,4,55,1,2,2,2,0,0,1,80,99,1,1,13,0,0
45,450584,1,1,4,3,11,17,5,53,0,1,0,45,1,12,481,12481,31,2000,2FTZF1726YCA,2,F,T,Z,F,1,7,2,6,Y,C,A,0,0,0,000000000,00000000000,0,0,0,1,0,0,0,0,0,0,0,55,0,1,5,2,6,2,1,0,0,0,1,45,29673,6,1,0,0,3,0,73,170,0,0,0,3,1,3,2013,4,2014,0,8,0,0,0,1,2,35,1,2,2,1,0,0,1,13,99,1,4,1,1,0
45,450585,1,1,1,5,11,13,22,42,0,1,0,13,1,49,40,49040,4,2007,4T1BE46K47U5,4,T,1,B,E,4,6,K,4,7,U,5,0,0,0,000000000,00000000000,0,0,0,1,0,0,0,0,0,0,0,70,0,0,0,1,6,2,42,0,0,0,1,13,31021,6,1,0,0,3,0,999,999,98,0,0,0,0,0,0,0,0,0,99,99,99,99,3,4,70,1,1,2,1,0,0,1,13,99,9,4,1,1,0