STATE,ST_CASE,VEH_NO,VE_FORMS,NUMOCCS,DAY,MONTH,HOUR,MINUTE,HARM_EV,MAN_COLL,UNITTYPE,HIT_RUN,REG_STAT,OWNER,MAKE,MODEL,MAK_MOD,BODY_TYP,MOD_YEAR,VIN,VIN_1,VIN_2,VIN_3,VIN_4,VIN_5,VIN_6,VIN_7,VIN_8,VIN_9,VIN_10,VIN_11,VIN_12,TOW_VEH,J_KNIFE,MCARR_I1,MCARR_I2,MCARR_ID,GVWR,V_CONFIG,CARGO_BT,HAZ_INV,HAZ_PLAC,HAZ_ID,HAZ_CNO,HAZ_REL,BUS_USE,SPEC_USE,EMER_USE,TRAV_SP,UNDERIDE,ROLLOVER,ROLINLOC,IMPACT1,DEFORMED,TOWED,M_HARM,VEH_SC1,VEH_SC2,FIRE_EXP,DR_PRES,L_STATE,DR_ZIP,L_STATUS,L_TYPE,CDL_STAT,L_ENDORS,L_COMPL,L_RESTRI,DR_HGT,DR_WGT,PREV_ACC,PREV_SUS,PREV_DWI,PREV_SPD,PREV_OTH,FIRST_MO,FIRST_YR,LAST_MO,LAST_YR,SPEEDREL,DR_SF1,DR_SF2,DR_SF3,DR_SF4,VTRAFWAY,VNUM_LAN,VSPD_LIM,VALIGN,VPROFILE,VPAVETYP,VSURCOND,VTRAFCON,VTCONT_F,P_CRASH1,P_CRASH2,P_CRASH3,PCRASH4,PCRASH5,ACC_TYPE,DEATHS,DR_DRINK
45,450586,1,1,2,30,8,0,45,8,0,1,1,45,1,20,481,20481,31,1995,1GCEC14Z0SZ1,1,G,C,E,C,1,4,Z,0,S,Z,1,0,0,0,000000000,00000000000,0,0,0,1,0,0,0,0,0,0,0,45,0,0,0,12,0,5,8,0,0,0,1,45,29485,6,1,0,0,3,0,71,210,0,0,0,0,1,4,2013,4,2013,0,0,0,0,0,2,4,45,1,1,2,1,0,0,1,80,99,1,1,13,0,1
45,450587,1,1,3,31,8,3,15,8,0,1,0,45,2,20,401,20401,14,2002,1GNES16S9261,1,G,N,E,S,1,6,S,9,2,6,1,0,0,0,000000000,00000000000,0,0,0,1,0,0,0,0,0,0,0,55,0,0,0,12,6,2,8,0,0,0,1,45,29526,1,1,5,0,2,3,66,175,0,2,0,0,0,8,2013,3,2014,0,0,0,0,0,2,4,60,1,1,2,1,0,0,1,81,99,1,1,13,0,0
45,450588,1,1,2,15,10,21,30,53,0,1,0,45,2,7,24,7024,4,2007,2B3KA43G57H7,2,B,3,K,A,4,3,G,5,7,H,7,0,0,0,000000000,00000000000,0,0,0,1,0,0,0,0,0,0,0,35,0,0,0,12,6,2,34,0,0,0,1,45,29621,1,1,5,0,2,0,69,233,0,0,0,0,0,0,0,0,0,0,0,0,0,0,1,2,45,1,1,2,1,0,0,1,12,99,1,4,6,1,0
45,450589,1,1,2,27,10,13,50,1,0,1,0,45,1,7,482,7482,31,1995,1B7KC26W5SS1,1,B,7,K,C,2,6,W,5,S,S,1,0,0,0,000000000,00000000000,0,0,0,1,0,0,0,0,0,0,0,45,0,1,5,0,6,2,1,0,0,0,1,45,29860,6,1,0,0,3,0,68,160,0,1,0,0,0,9,2014,9,2014,4,0,0,0,0,6,1,45,1,2,2,1,0,0,1,13,99,9,4,1,1,0
45,450590,1,2,3,6,11,11,14,12,2,1,0,13,2,14,17,14017,4,2002,1MEFM50U42A6,1,M,E,F,M,5,0,U,4,2,A,6,0,0,0,000000000,00000000000,0,0,0,1,0,0,0,0,0,0,0,60,0,0,0,12,6,2,12,0,0,0,1,45,29620,1,1,5,0,2,0,69,190,0,1,0,0,0,9,2014,9,2014,0,28,0,0,0,1,2,55,1,3,2,1,0,0,1,12,99,1,4,50,1,0
45,450590,2,2,1,6,11,11,14,12,2,1,0,45,3,82,881,82881,66,2015,1FUJGED61FLG,1,F,U,J,G,E,D,6,1,F,L,G,1,1,45,0311729,450311729,3,6,8,1,0,0,0,0,0,0,0,55,0,0,0,12,6,2,12,0,0,0,1,45,29832,6,1,6,3,3,3,74,240,0,0,0,0,0,0,0,0,0,0,0,0,0,0,1,2,55,1,3,2,1,0,0,1,13,7,1,4,51,0,0
45,450591,1,2,2,1,11,6,44,12,6,1,0,45,1,12,481,12481,31,2007,1FTPW12V97KA,1,F,T,P,W,1,2,V,9,7,K,A,0,0,0,000000000,00000000000,0,0,0,1,0,0,0,0,0,0,0,50,0,0,0,12,6,2,12,0,0,0,1,45,29579,6,1,0,0,3,0,71,250,0,0,0,2,0,1,2013,7,2014,0,0,0,0,0,2,6,45,1,1,2,1,3,3,1,66,99,1,1,88,0,0
45,450591,2,2,1,1,11,6,44,12,6,1,0,45,1,2,405,2405,14,2008,1J8GP58K78W1,1,J,8,G,P,5,8,K,7,8,W,1,0,0,0,000000000,00000000000,0,0,0,1,0,0,0,0,0,0,0,30,0,0,0,9,6,2,12,0,0,0,1,45,29588,6,1,0,0,3,3,65,115,0,0,0,0,0,0,0,0,0,0,39,0,0,0,2,6,45,1,1,2,1,3,3,1,66,99,1,1,89,1,0
45,450592,1,2,1,5,11,19,30,12,1,1,0,45,1,49,472,49472,30,2007,3TMJU62N07M0,3,T,M,J,U,6,2,N,0,7,M,0,0,0,0,000000000,00000000000,0,0,0,1,0,0,0,0,0,0,0,55,0,0,0,12,6,2,12,0,0,0,1,45,29569,6,1,0,0,3,3,68,140,0,1,1,1,0,9,2012,1,2014,4,0,0,0,0,2,4,60,1,1,2,1,0,0,1,51,99,1,1,24,0,0
45,450592,2,2,2,5,11,19,30,12,1,1,0,45,1,98,709,98709,81,2014,999999999999,9,9,9,9,9,9,9,9,9,9,9,9,0,0,0,000000000,00000000000,0,0,0,1,0,0,0,0,0,0,0,15,0,0,0,6,6,2,12,0,0,0,1,45,29511,6,1,0,0,3,0,72,195,1,0,0,0,0,9,2014,9,2014,0,0,0,0,0,2,4,60,1,1,2,1,0,0,1,53,99,1,1,25,1,0
45,450593,1,1,1,17,3,14,48,42,0,1,0,45,1,20,481,20481,31,1995,1GCEK19K4SE2,1,G,C,E,K,1,9,K,4,S,E,2,0,0,0,000000000,00000000000,0,0,0,1,0,0,0,0,0,0,0,55,0,0,0,12,6,2,42,0,0,0,1,45,29472,6,1,0,0,3,3,69,225,0,0,0,0,0,0,0,0,0,4,0,0,0,0,1,2,55,1,1,2,2,0,0,1,12,99,1,4,6,1,0
45,450594,1,3,2,3,5,16,19,12,6,1,0,45,1,42,48,42048,4,2010,WDDHF5GB2AA0,W,D,D,H,F,5,G,B,2,A,A,0,0,0,0,000000000,00000000000,0,0,0,1,0,0,0,0,0,0,0,15,0,0,0,12,6,2,12,0,0,0,1,45,29512,6,1,0,0,3,0,62,250,0,0,0,0,0,0,0,0,0,0,0,0,0,0,1,2,35,1,1,2,1,0,0,1,66,99,1,1,86,0,0
45,450594,2,3,2,3,5,16,19,12,6,1,0,45,1,6,441,6441,20,2003,2C8GP54L13R1,2,C,8,G,P,5,4,L,1,3,R,1,0,0,0,000000000,00000000000,0,0,0,1,0,0,0,0,0,0,0,50,0,1,1,3,6,2,1,0,0,0,1,45,29570,6,1,0,0,3,0,69,135,0,0,0,0,0,0,0,0,0,3,39,8,0,0,1,2,25,1,1,2,1,20,3,1,66,99,1,1,87,0,0
45,450594,3,3,1,3,5,16,19,12,6,1,0,45,1,20,401,20401,14,1989,1GNCT18Z7K81,1,G,N,C,T,1,8,Z,7,K,8,1,0,0,0,000000000,00000000000,0,0,0,1,0,0,0,0,0,0,0,0,0,0,0,12,6,2,12,0,0,0,1,45,29512,6,1,0,0,3,0,64,165,0,0,0,0,0,0,0,0,0,0,0,0,0,0,1,2,25,1,1,2,1,20,3,5,62,99,1,1,98,1,0
45,450595,1,2,1,28,5,18,40,12,7,1,0,45,1,77,706,77706,80,2003,5VPTB16D2330,5,V,P,T,B,1,6,D,2,3,3,0,0,0,0,000000000,00000000000,0,0,0,1,0,0,0,0,0,0,0,35,0,0,0,3,6,2,12,0,0,0,1,45,29579,6,1,0,0,3,3,74,210,0,1,0,0,0,2,2013,2,2013,0,27,0,0,0,8,4,0,1,1,2,1,0,0,15,51,99,1,2,44,1,0
45,450595,2,2,1,28,5,18,40,12,7,1,0,45,2,30,40,30040,4,2012,3VWLL7AJ5CM3,3,V,W,L,L,7,A,J,5,C,M,3,0,0,0,000000000,00000000000,0,0,0,1,0,0,0,0,0,0,0,30,0,0,0,9,4,5,12,0,0,0,1,45,29526,0,0,0,0,0,0,999,999,99,99,99,99,99,99,9999,99,9999,0,0,0,0,0,2,4,98,1,1,2,1,0,0,1,61,99,1,1,45,0,0
45,450596,1,1,1,2,6,21,45,39,0,1,0,45,1,24,10,24010,6,2009,5GZER23D29J1,5,G,Z,E,R,2,3,D,2,9,J,1,0,0,0,000000000,00000000000,0,0,0,1,0,0,0,0,0,0,0,50,0,0,0,12,6,2,2,0,0,1,1,45,29492,6,1,0,0,3,0,70,150,0,0,0,0,0,0,0,0,0,0,39,0,0,0,1,2,35,1,1,2,1,98,3,1,13,99,9,4,1,1,0
45,450597,1,1,5,7,6,22,0,11,0,1,0,45,1,21,441,21441,20,2001,1GHDX03E01D1,1,G,H,D,X,0,3,E,0,1,D,1,0,0,0,000000000,00000000000,0,0,0,1,0,0,0,0,0,0,0,55,0,1,5,12,6,2,1,0,0,0,1,45,29532,6,1,0,0,3,3,66,205,1,0,0,0,0,12,2013,12,2013,0,83,58,0,0,1,2,55,1,1,2,1,0,0,1,88,7,1,4,1,1,0
45,450598,1,2,1,18,6,7,0,12,6,1,0,37,3,87,881,87881,66,2006,1XP5DB9X56N8,1,X,P,5,D,B,9,X,5,6,N,8,1,1,37,0165207,370165207,3,6,4,1,0,0,0,0,0,0,0,40,0,0,0,4,4,5,12,0,0,0,1,37,28146,6,1,6,0,3,0,999,999,99,99,99,99,99,99,9999,99,9999,0,0,0,0,0,5,5,45,1,1,2,1,0,0,1,65,99,1,1,79,0,0
45,450598,2,2,1,18,6,7,0,12,6,1,0,45,1,20,481,20481,31,2011,3GCPCSE05BG2,3,G,C,P,C,S,E,0,5,B,G,2,0,0,0,000000000,00000000000,0,0,0,1,0,0,0,0,0,0,0,12,0,0,0,12,6,2,12,0,0,0,1,45,29550,6,1,0,0,3,0,73,220,0,0,0,0,0,0,0,0,0,0,38,0,0,0,1,2,45,1,1,2,1,20,3,10,66,99,1,1,78,1,0
45,450599,1,2,1,11,7,22,8,12,1,1,0,45,1,37,441,37441,20,2007,5FNRL38767B4,5,F,N,R,L,3,8,7,6,7,B,4,0,0,0,000000000,00000000000,0,0,0,1,0,0,0,0,0,0,0,56,0,0,0,12,6,2,12,0,0,0,1,45,29485,6,1,0,0,3,0,70,180,0,0,0,1,0,3,2013,3,2013,0,0,0,0,0,5,5,45,1,1,2,1,3,3,1,50,99,1,1,20,0,1
45,450599,2,2,4,11,7,22,8,12,1,1,0,45,1,37,402,37402,14,2009,5J6RE38749L0,5,J,6,R,E,3,8,7,4,9,L,0,0,0,0,000000000,00000000000,0,0,0,1,0,0,0,0,0,0,0,0,0,0,0,6,6,2,12,0,0,0,1,45,29485,6,1,0,0,3,3,67,132,0,0,0,0,0,0,0,0,0,0,0,0,0,0,5,5,45,1,1,2,1,3,3,5,53,99,1,1,21,1,0
45,450600,1,2,1,18,6,11,46,12,7,1,0,45,1,98,709,98709,81,9999,999999999999,9,9,9,9,9,9,9,9,9,9,9,9,0,0,0,000000000,00000000000,0,0,0,1,0,0,0,0,0,0,0,10,0,0,0,10,6,2,12,0,0,0,1,45,29574,1,1,5,0,2,0,76,175,0,0,0,0,0,0,0,0,0,0,48,0,0,0,1,2,25,1,1,2,1,0,0,11,15,99,1,1,72,1,1
45,450600,2,2,1,18,6,11,46,12,7,1,0,45,3,20,2,20002,4,2012,2G1WD5E39C12,2,G,1,W,D,5,E,3,9,C,1,2,0,0,0,000000000,00000000000,0,0,0,1,0,0,0,0,0,5,0,55,0,0,0,2,4,3,12,0,0,0,1,45,29574,1,1,5,0,2,0,76,185,0,1,0,1,0,9,2013,2,2014,0,16,0,0,0,1,2,25,1,1,2,1,0,0,1,51,99,1,1,73,0,0
45,450601,1,2,2,14,7,17,0,12,1,1,0,45,1,12,471,12471,31,1995,1FTCR10A6STA,1,F,T,C,R,1,0,A,6,S,T,A,0,0,0,000000000,00000000000,0,0,0,1,0,0,0,0,0,0,0,40,0,0,0,12,6,2,12,0,0,0,1,45,29560,6,1,0,0,3,0,69,230,0,0,0,0,0,0,0,0,0,4,0,0,0,0,2,4,60,1,1,2,1,0,0,1,51,99,1,1,24,1,0
45,450601,2,2,1,14,7,17,0,12,1,1,0,45,1,12,481,12481,31,2012,1FTFX1CT0CFB,1,F,T,F,X,1,C,T,0,C,F,B,1,1,0,000000000,00000000000,0,0,0,1,0,0,0,0,0,0,0,35,0,0,0,6,4,5,12,0,0,0,1,45,29505,6,1,0,0,3,0,68,253,0,0,0,0,0,0,0,0,0,0,0,0,0,0,2,4,60,1,1,2,1,0,0,1,53,99,1,1,25,0,0
45,450602,1,3,3,17,7,17,26,12,1,1,0,45,1,19,22,19022,4,2010,1G6KD5EY0AU1,1,G,6,K,D,5,E,Y,0,A,U,1,0,0,0,000000000,00000000000,0,0,0,1,0,0,0,0,0,0,0,65,0,0,0,12,6,2,12,0,0,0,1,45,29926,6,1,0,0,3,0,74,205,0,0,0,0,0,0,0,0,0,0,26,0,0,0,2,6,55,1,1,2,1,0,0,1,51,99,1,1,24,0,0
45,450602,2,3,1,17,7,17,26,12,1,1,0,45,1,42,47,42047,2,2006,WDBTK56J16F1,W,D,B,T,K,5,6,J,1,6,F,1,0,0,0,000000000,00000000000,0,0,0,1,0,0,0,0,0,0,0,45,0,0,0,6,6,2,12,0,0,0,1,45,29927,6,1,0,0,3,3,62,175,0,0,0,0,0,0,0,0,0,0,0,0,0,0,2,6,55,1,1,2,1,0,0,1,61,99,1,1,98,1,0
45,450602,3,3,1,17,7,17,26,12,1,1,0,13,1,12,471,12471,30,1993,1FTCR10A8PTA,1,F,T,C,R,1,0,A,8,P,T,A,0,0,0,000000000,00000000000,0,0,0,1,0,0,0,0,0,0,0,45,0,0,0,6,4,5,12,0,0,0,1,13,31408,6,1,0,0,3,3,67,190,98,0,0,1,0,11,2013,11,2013,0,0,0,0,0,2,6,55,1,1,2,1,0,0,1,53,99,1,1,25,0,0
45,450603,1,1,1,19,7,3,50,34,0,1,0,45,2,7,28,7028,2,2013,2C3CDYBT3DH7,2,C,3,C,D,Y,B,T,3,D,H,7,0,0,0,000000000,00000000000,0,0,0,1,0,0,0,0,0,0,0,65,0,1,5,12,6,2,1,0,0,0,1,45,29510,1,1,5,0,2,0,69,186,0,2,0,4,0,1,2012,6,2014,4,0,0,0,0,1,2,45,1,1,2,1,0,0,1,13,99,1,4,1,1,0
45,450604,1,2,1,19,7,23,18,12,6,1,0,36,1,53,706,53706,80,2013,JS1GR7MA2D21,J,S,1,G,R,7,M,A,2,D,2,1,0,0,0,000000000,00000000000,0,0,0,1,0,0,0,0,0,0,0,30,0,0,0,12,6,2,12,0,0,0,1,36,11542,6,1,0,0,3,0,75,999,0,0,0,0,2,7,2013,12,2013,0,0,0,0,0,5,6,40,1,1,2,1,3,3,1,66,99,1,1,69,1,0
45,450604,2,2,1,19,7,23,18,12,6,1,0,12,1,12,3,12003,2,2013,1ZVBP8CF9D52,1,Z,V,B,P,8,C,F,9,D,5,2,0,0,0,000000000,00000000000,0,0,0,1,0,0,0,0,0,0,0,10,0,0,0,3,4,5,12,0,0,0,1,12,33462,6,1,0,0,3,0,69,999,0,0,0,0,0,0,0,0,0,0,38,0,0,0,5,6,40,1,1,2,1,3,3,11,66,99,1,1,68,0,0
45,450605,1,2,2,7,8,16,45,12,2,1,0,45,2,20,19,20019,4,1996,1G1LD5540TY1,1,G,1,L,D,5,5,4,0,T,Y,1,0,0,0,000000000,00000000000,0,0,0,1,0,0,0,0,0,0,0,25,0,0,0,12,6,2,12,0,0,0,1,45,29536,1,1,0,0,2,0,66,193,0,1,0,0,0,7,2013,7,2013,0,0,0,0,0,1,2,40,1,1,5,1,0,0,1,62,99,1,1,51,1,0
45,450605,2,2,1,7,8,16,45,12,2,1,0,45,2,12,481,12481,31,2000,1FTNX20F6YEB,1,F,T,N,X,2,0,F,6,Y,E,B,0,0,0,000000000,00000000000,0,0,0,1,0,0,0,0,0,0,0,50,0,0,0,12,6,2,12,0,0,0,1,45,29512,6,1,6,0,3,0,68,200,0,0,0,0,0,0,0,0,0,3,28,0,0,0,1,2,40,1,1,5,1,0,0,1,10,99,1,2,50,0,0
45,450606,1,1,1,21,8,20,25,34,0,1,0,45,2,41,45,41045,1,2006,JM1NC25F3601,J,M,1,N,C,2,5,F,3,6,0,1,0,0,0,000000000,00000000000,0,0,0,1,0,0,0,0,0,0,0,60,0,1,5,12,6,2,1,0,0,0,1,45,29440,6,1,0,0,3,3,66,154,1,0,0,0,1,10,2012,9,2013,4,0,0,0,0,1,2,45,1,1,2,1,0,0,1,12,99,1,4,6,1,1
45,450607,1,1,1,23,8,18,52,24,0,1,0,45,1,72,706,72706,80,2006,1HD1FRW116Y6,1,H,D,1,F,R,W,1,1,6,Y,6,0,0,0,000000000,00000000000,0,0,0,1,0,0,0,0,0,0,0,85,0,0,0,99,6,2,24,0,0,0,1,45,29582,6,1,0,0,3,0,70,185,0,0,0,0,0,0,0,0,0,0,0,0,0,0,3,3,65,2,1,2,1,0,0,14,12,99,9,4,6,1,0
45,450608,1,1,1,23,8,20,15,34,0,1,0,45,2,49,40,49040,4,2007,4T1BE46K27U0,4,T,1,B,E,4,6,K,2,7,U,0,0,0,0,000000000,00000000000,0,0,0,1,0,0,0,0,0,0,0,90,0,1,5,12,6,2,32,0,0,0,1,45,29440,6,1,0,0,3,3,72,200,1,0,0,2,0,7,2012,3,2014,3,0,0,0,0,1,2,45,2,1,2,1,0,0,14,12,99,1,4,6,1,0
45,450609,1,1,1,15,6,2,1,42,0,1,0,24,1,37,32,37032,4,2006,1HGCM66506A0,1,H,G,C,M,6,6,5,0,6,A,0,0,0,0,000000000,00000000000,0,0,0,1,0,0,0,0,0,0,0,65,0,0,0,12,6,2,42,0,0,0,1,24,21704,6,1,0,0,3,0,72,180,0,0,0,0,0,0,0,0,0,0,8,39,0,0,1,2,35,1,1,2,1,0,0,1,13,4,9,4,1,1,1
45,450610,1,1,1,24,8,14,50,34,0,1,0,37,1,12,422,12422,15,2006,1FMFU15516LA,1,F,M,F,U,1,5,5,1,6,L,A,0,0,0,000000000,00000000000,0,0,0,1,0,0,0,0,0,0,0,71,0,1,5,9,6,2,42,0,0,0,1,37,28216,6,1,0,0,3,3,999,999,0,0,0,0,0,0,0,0,0,4,0,0,0,0,1,2,55,1,1,2,1,0,0,1,6,99,9,4,7,1,0
45,450611,1,2,1,30,8,23,55,12,1,1,0,45,1,55,37,55037,2,1999,KMHJG24FXXU1,K,M,H,J,G,2,4,F,X,X,U,1,0,0,0,000000000,00000000000,0,0,0,1,0,0,0,0,0,0,0,64,0,0,0,12,6,2,12,0,0,0,1,45,29102,6,1,0,0,3,0,67,188,0,1,0,0,0,9,2013,9,2013,3,0,0,0,0,1,2,45,1,2,2,1,0,0,1,51,99,1,1,24,0,1
45,450611,2,2,2,30,8,23,55,12,1,1,0,45,2,7,472,7472,31,1994,1B7GL23X1RS5,1,B,7,G,L,2,3,X,1,R,S,5,0,0,0,000000000,00000000000,0,0,0,1,0,0,0,0,0,0,0,20,0,0,0,6,6,2,12,0,0,0,1,45,29102,0,0,0,0,0,0,999,999,99,99,99,99,99,99,9999,99,9999,0,0,0,0,0,1,2,45,1,2,2,1,0,0,1,53,99,1,1,25,1,1
45,450612,1,1,1,1,9,4,5,8,0,1,1,99,9,99,999,99999,99,9999,999999999999,9,9,9,9,9,9,9,9,9,9,9,9,0,0,0,000000000,00000000000,0,0,0,1,0,0,0,0,0,0,0,999,0,0,0,12,9,5,8,0,0,0,1,99,99999,9,9,99,9,9,9,999,999,99,99,99,99,99,99,9999,99,9999,0,0,0,0,0,1,2,55,1,1,2,1,0,0,1,80,99,9,1,13,0,0
45,450613,1,1,1,5,9,20,25,34,0,1,0,45,2,22,18,22018,4,2000,1G2NF52T3YC5,1,G,2,N,F,5,2,T,3,Y,C,5,0,0,0,000000000,00000000000,0,0,0,1,0,0,0,0,0,0,0,50,0,1,5,2,6,2,1,0,0,0,1,45,29550,6,1,0,0,3,0,67,185,0,0,0,0,1,1,2012,1,2012,4,0,0,0,0,1,2,40,3,1,2,1,0,0,14,13,99,1,4,1,1,0
45,450614,1,2,5,6,9,0,30,12,6,1,0,45,1,12,401,12401,14,1998,1FMZU32EXWZB,1,F,M,Z,U,3,2,E,X,W,Z,B,0,0,0,000000000,00000000000,0,0,0,1,0,0,0,0,0,0,0,58,0,1,1,9,6,2,12,0,0,0,1,45,29501,6,1,0,0,3,0,70,150,0,0,0,0,0,0,0,0,0,0,0,0,0,0,1,2,55,1,1,2,1,0,0,6,10,99,1,2,64,1,1
45,450614,2,2,1,6,9,0,30,12,6,1,0,45,2,7,24,7024,4,2007,2B3KA43R27H6,2,B,3,K,A,4,3,R,2,7,H,6,0,0,0,000000000,00000000000,0,0,0,1,0,0,0,0,0,0,0,44,0,0,0,12,6,2,12,0,0,0,1,45,29555,6,1,0,0,3,3,68,195,1,0,0,0,0,9,2013,9,2013,0,0,0,0,0,1,2,55,1,1,2,1,0,0,1,62,99,1,1,65,0,0
45,450615,1,1,3,7,9,13,54,34,0,1,0,42,2,20,401,20401,14,2002,1GNDT13S7222,1,G,N,D,T,1,3,S,7,2,2,2,0,0,0,000000000,00000000000,0,0,0,1,0,0,0,0,0,0,0,85,0,1,5,99,6,2,1,0,0,0,1,42,19125,6,1,0,0,3,0,66,999,0,0,0,0,0,0,0,0,0,3,0,0,0,0,2,2,70,1,1,2,1,0,0,1,6,99,3,4,2,1,0
45,450616,1,2,1,14,9,20,0,12,1,1,0,45,1,98,709,98709,81,2013,999999999999,9,9,9,9,9,9,9,9,9,9,9,9,0,0,0,000000000,00000000000,0,0,0,1,0,0,0,0,0,0,0,35,0,0,0,6,6,2,12,0,0,0,1,45,29566,1,1,5,0,2,0,77,215,0,0,0,0,0,0,0,0,0,0,0,0,0,0,1,2,45,1,1,2,1,0,0,1,53,99,1,1,25,1,1
45,450616,2,2,1,14,9,20,0,12,1,1,1,45,1,20,4,20004,2,1999,1G1YY22G1X51,1,G,1,Y,Y,2,2,G,1,X,5,1,0,0,0,000000000,00000000000,0,0,0,1,0,0,0,0,0,0,0,102,0,0,0,12,9,5,12,0,0,0,1,45,29568,6,1,0,0,3,0,70,195,0,2,0,1,0,12,2011,10,2012,0,99,99,99,99,1,2,45,1,1,2,1,0,0,1,51,99,1,1,24,0,0
45,450617,1,2,1,15,9,14,0,12,2,1,0,99,9,54,421,54421,15,2008,5J8TB18538A8,5,J,8,T,B,1,8,5,3,8,A,8,0,0,0,000000000,00000000000,0,0,0,1,0,0,0,0,0,0,0,35,0,0,0,12,6,2,12,0,0,0,1,45,29016,0,0,0,0,0,0,999,999,0,0,0,0,0,0,0,0,0,0,0,0,0,0,1,2,45,1,1,2,1,0,0,1,62,99,1,1,51,1,0
45,450617,2,2,1,15,9,14,0,12,2,1,0,45,3,84,881,84881,66,2001,1HTSCAAM51H3,1,H,T,S,C,A,A,M,5,1,H,3,1,1,45,0122024,450122024,3,6,3,1,0,0,0,0,0,0,0,40,0,0,0,12,6,2,12,0,0,0,1,45,29045,6,1,6,0,3,0,66,150,0,0,0,3,0,7,2012,6,2013,0,28,0,0,0,1,2,45,1,1,2,1,0,0,6,10,6,1,2,50,0,0
45,450618,1,1,1,21,9,23,20,8,0,1,1,99,9,99,999,99999,99,9999,999999999999,9,9,9,9,9,9,9,9,9,9,9,9,0,0,0,000000000,00000000000,0,0,0,1,0,0,0,0,0,0,0,999,0,0,0,99,9,5,8,0,0,0,1,99,99999,9,9,99,9,9,9,999,999,99,99,99,99,99,99,9999,99,9999,0,0,0,0,0,1,2,55,1,1,2,1,0,0,1,80,99,9,1,13,0,0
45,450619,1,1,2,3,10,3,45,32,0,1,0,45,1,54,31,54031,5,1999,JH4DC4364XS0,J,H,4,D,C,4,3,6,4,X,S,0,0,0,0,000000000,00000000000,0,0,0,1,0,0,0,0,0,0,0,55,0,1,5,12,6,2,1,0,0,0,1,45,29059,6,1,0,0,3,0,70,215,0,0,0,1,0,3,2013,3,2013,0,58,0,0,0,1,2,55,1,1,2,1,0,0,1,13,99,1,4,1,1,1
45,450620,1,2,1,4,10,19,38,12,2,1,0,45,2,2,404,2404,14,2009,1J4GB59109L7,1,J,4,G,B,5,9,1,0,9,L,7,0,0,0,000000000,00000000000,0,0,0,1,0,0,0,0,0,0,0,15,0,0,0,12,6,2,12,0,0,0,1,45,29169,6,1,0,0,3,0,71,165,0,0,0,0,0,0,0,0,0,0,0,0,0,0,1,2,35,1,1,2,1,0,0,11,66,99,1,1,68,0,0
45,450620,2,2,2,4,10,19,38,12,2,1,0,45,2,53,705,53705,80,2002,JS1GT74A8221,J,S,1,G,T,7,4,A,8,2,2,1,0,0,0,000000000,00000000000,0,0,0,1,0,0,0,0,0,0,0,72,0,0,0,12,6,2,12,0,0,0,1,45,29033,1,1,5,0,2,0,71,165,1,3,0,3,1,5,2012,8,2014,3,8,0,0,0,1,2,35,1,1,2,1,0,0,1,66,99,1,1,69,2,1
45,450621,1,1,1,7,10,23,44,8,0,1,0,42,3,12,16,12016,6,2011,2FMHK6DTXBBD,2,F,M,H,K,6,D,T,X,B,B,D,0,0,0,000000000,00000000000,0,0,0,1,0,0,0,0,0,0,0,40,0,0,0,13,4,5,8,0,0,0,1,42,15301,6,1,0,0,3,0,74,999,0,0,0,0,0,0,0,0,0,0,0,0,0,0,2,3,40,1,1,2,1,0,0,1,80,99,1,1,13,0,0
45,450622,1,1,1,9,10,6,20,9,0,1,0,45,3,12,881,12881,60,2008,3FRNF65C68V0,3,F,R,N,F,6,5,C,6,8,V,0,0,0,45,2182567,452182567,2,1,1,1,0,0,0,0,0,0,0,40,0,0,0,12,0,5,9,0,0,0,1,45,29483,6,1,6,0,3,0,72,165,1,0,0,2,0,1,2013,6,2013,0,0,0,0,0,2,2,45,1,1,2,1,0,0,1,83,99,1,1,13,0,0
45,450623,1,1,1,14,10,6,43,1,0,1,0,12,2,2,404,2404,14,2001,1J4FT48S01L5,1,J,4,F,T,4,8,S,0,1,L,5,0,0,0,000000000,00000000000,0,0,0,1,0,0,0,0,0,0,0,70,0,1,5,0,6,2,1,0,0,0,1,12,34607,6,1,0,0,3,3,67,999,0,0,0,0,0,0,0,0,0,0,83,0,0,0,3,2,70,1,1,2,1,0,0,1,87,7,1,4,3,1,0
45,450624,1,2,1,16,10,0,25,12,2,1,0,45,2,37,32,37032,4,1993,1HGCB7552PA1,1,H,G,C,B,7,5,5,2,P,A,1,0,0,0,000000000,00000000000,0,0,0,1,0,0,0,0,0,0,0,45,0,0,0,12,6,2,12,0,0,0,1,45,29646,6,1,0,0,3,0,69,280,0,0,0,2,1,6,2012,12,2012,0,0,0,0,0,1,2,45,1,1,2,1,0,0,1,62,99,1,1,51,1,0
45,450624,2,2,1,16,10,0,25,12,2,1,0,45,1,42,33,42033,1,1994,WDBFA63E3RF1,W,D,B,F,A,6,3,E,3,R,F,1,0,0,0,000000000,00000000000,0,0,0,1,0,0,0,0,0,0,0,45,0,0,0,12,6,2,12,0,0,0,1,45,29646,1,1,0,0,2,0,69,209,0,1,0,0,0,9,2014,9,2014,0,0,0,0,0,1,2,45,1,1,2,1,0,0,1,10,99,1,2,50,0,1