STATE,ST_CASE,VEH_NO,VE_FORMS,NUMOCCS,DAY,MONTH,HOUR,MINUTE,HARM_EV,MAN_COLL,UNITTYPE,HIT_RUN,REG_STAT,OWNER,MAKE,MODEL,MAK_MOD,BODY_TYP,MOD_YEAR,VIN,VIN_1,VIN_2,VIN_3,VIN_4,VIN_5,VIN_6,VIN_7,VIN_8,VIN_9,VIN_10,VIN_11,VIN_12,TOW_VEH,J_KNIFE,MCARR_I1,MCARR_I2,MCARR_ID,GVWR,V_CONFIG,CARGO_BT,HAZ_INV,HAZ_PLAC,HAZ_ID,HAZ_CNO,HAZ_REL,BUS_USE,SPEC_USE,EMER_USE,TRAV_SP,UNDERIDE,ROLLOVER,ROLINLOC,IMPACT1,DEFORMED,TOWED,M_HARM,VEH_SC1,VEH_SC2,FIRE_EXP,DR_PRES,L_STATE,DR_ZIP,L_STATUS,L_TYPE,CDL_STAT,L_ENDORS,L_COMPL,L_RESTRI,DR_HGT,DR_WGT,PREV_ACC,PREV_SUS,PREV_DWI,PREV_SPD,PREV_OTH,FIRST_MO,FIRST_YR,LAST_MO,LAST_YR,SPEEDREL,DR_SF1,DR_SF2,DR_SF3,DR_SF4,VTRAFWAY,VNUM_LAN,VSPD_LIM,VALIGN,VPROFILE,VPAVETYP,VSURCOND,VTRAFCON,VTCONT_F,P_CRASH1,P_CRASH2,P_CRASH3,PCRASH4,PCRASH5,ACC_TYPE,DEATHS,DR_DRINK
45,450625,1,1,1,16,10,21,34,8,0,1,0,45,1,69,54,69054,1,2014,WMWXM7C59ET9,W,M,W,X,M,7,C,5,9,E,T,9,0,0,0,000000000,00000000000,0,0,0,1,0,0,0,0,0,0,0,45,0,0,0,1,4,3,8,0,0,0,1,45,29584,6,1,0,0,3,3,71,340,0,0,0,0,0,0,0,0,0,0,0,0,0,0,2,5,40,1,1,2,1,0,0,1,80,99,1,1,13,0,0
45,450626,1,1,1,17,10,14,41,8,0,1,0,45,1,12,422,12422,15,2002,1FMRU17L92LA,1,F,M,R,U,1,7,L,9,2,L,A,0,0,0,000000000,00000000000,0,0,0,1,0,0,0,0,0,0,0,35,0,0,0,12,4,3,8,0,0,0,1,45,29209,6,1,0,0,3,0,61,220,1,2,0,0,0,2,2012,2,2013,0,0,0,0,0,2,2,35,1,1,2,1,20,3,1,80,99,1,1,13,0,0
45,450627,1,1,1,21,10,20,5,8,0,1,0,45,2,12,481,12481,31,2010,1FTSW2BR4AEA,1,F,T,S,W,2,B,R,4,A,E,A,0,0,0,000000000,00000000000,0,0,0,1,0,0,0,0,0,0,0,35,0,0,0,1,4,5,8,0,0,0,1,45,29673,1,1,5,0,2,0,70,160,0,1,0,2,1,9,2013,10,2014,0,0,0,0,0,1,2,45,1,1,2,1,0,0,1,13,99,1,4,1,0,0
45,450628,1,1,1,23,10,2,10,8,0,1,1,39,2,22,18,22018,2,2000,1G2NE12T5YM7,1,G,2,N,E,1,2,T,5,Y,M,7,0,0,0,000000000,00000000000,0,0,0,1,0,0,0,0,0,0,0,65,0,0,0,12,4,3,8,0,0,0,1,45,29910,6,1,0,0,3,0,65,150,0,0,0,1,0,9,2014,9,2014,3,0,0,0,0,3,2,35,1,1,2,1,3,3,1,80,99,1,1,13,0,1
45,450629,1,2,1,24,10,15,15,12,6,1,0,45,1,55,35,55035,4,2013,5NPDH4AEXDH3,5,N,P,D,H,4,A,E,X,D,H,3,0,0,0,000000000,00000000000,0,0,0,1,0,0,0,0,0,0,0,10,0,0,0,5,6,2,12,0,0,0,1,45,29566,6,1,0,0,3,3,62,130,0,0,0,0,0,0,0,0,0,0,38,0,0,0,2,2,45,1,1,2,1,0,0,11,66,99,1,1,68,0,0
45,450629,2,2,1,24,10,15,15,12,6,1,0,45,1,72,706,72706,80,2001,1HD1FBW121Y6,1,H,D,1,F,B,W,1,2,1,Y,6,0,0,0,000000000,00000000000,0,0,0,1,0,0,0,0,0,0,0,45,0,0,0,12,6,2,12,0,0,0,1,45,29566,6,1,0,0,3,3,72,180,0,0,0,0,0,0,0,0,0,0,0,0,0,0,2,2,45,1,1,2,1,0,0,1,65,99,1,1,69,1,0
45,450630,1,2,1,25,10,4,38,12,2,1,0,45,1,12,401,12401,14,2000,1FMYU60X3YUA,1,F,M,Y,U,6,0,X,3,Y,U,A,0,0,0,000000000,00000000000,0,0,0,1,0,0,0,0,0,0,0,45,0,0,0,12,6,2,12,0,0,0,1,45,29605,0,0,0,0,0,0,999,999,99,99,99,99,99,99,9999,99,9999,0,0,0,0,0,2,2,45,1,1,2,1,0,0,1,62,99,1,1,51,0,1
45,450630,2,2,1,25,10,4,38,12,2,1,0,37,2,37,32,37032,4,2004,1HGCM56884A0,1,H,G,C,M,5,6,8,8,4,A,0,0,0,0,000000000,00000000000,0,0,0,1,0,0,0,0,0,0,0,45,0,0,0,12,6,2,12,0,0,0,1,37,28152,6,1,0,0,3,0,999,999,99,99,99,99,99,99,9999,99,9999,0,0,0,0,0,2,2,45,1,1,2,1,0,0,1,10,99,1,2,50,1,0
45,450631,1,4,1,26,10,20,0,12,1,1,0,99,9,99,999,99999,99,9999,999999999999,9,9,9,9,9,9,9,9,9,9,9,9,0,0,0,000000000,00000000000,0,0,0,1,0,0,0,0,0,0,0,0,0,0,0,6,9,5,12,0,0,0,1,99,99999,9,9,99,9,9,9,999,999,99,99,99,99,99,99,9999,99,9999,0,0,0,0,0,3,3,70,1,1,2,1,0,0,1,53,99,1,1,98,0,0
45,450631,2,4,1,26,10,20,0,12,1,1,0,45,2,49,32,49032,4,2009,2T1BU40E79C1,2,T,1,B,U,4,0,E,7,9,C,1,0,0,0,000000000,00000000000,0,0,0,1,0,0,0,0,0,0,0,0,0,0,0,6,6,2,12,0,0,0,1,45,29073,6,1,0,0,3,3,65,181,0,2,0,1,0,3,2013,8,2014,0,0,0,0,0,3,3,70,1,1,2,1,0,0,1,53,99,1,1,98,0,0
45,450631,3,4,2,26,10,20,0,12,1,1,0,45,1,19,18,19018,4,2011,1G6DL5EY4B01,1,G,6,D,L,5,E,Y,4,B,0,1,0,0,0,000000000,00000000000,0,0,0,1,0,0,0,0,0,0,0,0,0,0,0,6,6,2,12,0,0,0,1,45,29440,6,1,0,0,3,0,69,197,0,0,0,0,0,0,0,0,0,0,0,0,0,0,3,3,70,1,1,2,1,0,0,1,53,99,1,1,21,1,0
45,450631,4,4,4,26,10,20,0,12,1,1,0,45,1,49,482,49482,31,2002,5TBRN34112S2,5,T,B,R,N,3,4,1,1,2,S,2,0,0,0,000000000,00000000000,0,0,0,1,0,0,0,0,0,0,0,70,0,0,0,12,6,2,12,0,0,0,1,45,29033,6,1,0,0,3,0,67,160,1,0,0,0,0,1,2012,1,2012,4,0,0,0,0,3,3,70,1,1,2,1,0,0,1,50,99,1,1,20,0,0
45,450632,1,2,1,28,10,21,39,12,2,1,0,45,1,37,402,37402,14,2012,5J6RM4H50CL0,5,J,6,R,M,4,H,5,0,C,L,0,0,0,0,000000000,00000000000,0,0,0,1,0,0,0,0,0,0,0,45,0,0,0,12,6,2,12,0,0,0,1,45,29455,6,1,0,0,3,3,66,140,0,0,0,1,0,8,2012,8,2012,0,0,0,0,0,2,2,45,1,1,2,1,0,0,1,54,99,1,1,51,0,0
45,450632,2,2,1,28,10,21,39,12,2,1,0,45,2,7,472,7472,31,1992,1B7FL26Y7NS6,1,B,7,F,L,2,6,Y,7,N,S,6,0,0,0,000000000,00000000000,0,0,0,1,0,0,0,0,0,0,0,45,0,0,0,12,6,2,12,0,0,0,1,45,29485,6,1,0,0,3,3,71,160,1,0,0,0,0,7,2013,7,2013,0,51,0,0,0,2,2,45,1,1,2,1,0,0,1,54,99,9,2,50,1,0
45,450633,1,2,2,29,10,15,40,12,2,1,0,45,1,49,46,49046,4,2009,JTDKB20UX978,J,T,D,K,B,2,0,U,X,9,7,8,0,0,0,000000000,00000000000,0,0,0,1,0,0,0,0,0,0,0,35,0,0,0,12,6,2,12,0,0,0,1,45,29579,6,1,0,0,3,3,68,175,0,0,0,0,0,0,0,0,0,0,0,0,0,0,1,2,35,1,1,2,1,0,0,1,62,99,1,1,69,1,0
45,450633,2,2,2,29,10,15,40,12,2,1,0,45,1,19,3,19003,4,1990,1G6CD5338L43,1,G,6,C,D,5,3,3,8,L,4,3,0,0,0,000000000,00000000000,0,0,0,1,0,0,0,0,0,0,0,15,0,0,0,12,6,2,12,0,0,0,1,45,29579,6,2,0,0,3,0,67,130,0,0,0,0,0,0,0,0,0,0,38,0,0,0,1,2,35,1,1,2,1,0,0,11,66,99,1,1,68,0,0
45,450634,1,3,1,29,10,5,0,12,6,1,0,45,1,19,18,19018,4,2009,1G6DF5770901,1,G,6,D,F,5,7,7,0,9,0,1,0,0,0,000000000,00000000000,0,0,0,1,0,0,0,0,0,0,0,0,0,0,0,9,6,2,12,0,0,0,1,45,29104,6,1,0,0,3,0,75,262,0,0,0,2,0,11,2013,6,2014,0,0,0,0,0,5,5,35,1,1,2,1,3,3,5,62,99,1,1,98,1,0
45,450634,2,3,1,29,10,5,0,12,6,1,0,45,1,35,47,35047,4,2002,1N4AL11D42C1,1,N,4,A,L,1,1,D,4,2,C,1,0,0,0,000000000,00000000000,0,0,0,1,0,0,0,0,0,0,0,0,0,0,0,9,6,2,12,0,0,0,1,45,29530,1,1,0,0,2,0,67,165,0,1,0,0,0,1,2013,1,2013,0,0,0,0,0,5,5,35,1,1,2,1,3,3,5,50,99,1,1,65,0,0
45,450634,3,3,1,29,10,5,0,12,6,1,0,45,2,19,18,19018,4,2004,1G6DM577X401,1,G,6,D,M,5,7,7,X,4,0,1,0,0,0,000000000,00000000000,0,0,0,1,0,0,0,0,0,0,0,123,0,0,0,12,6,2,12,0,0,0,1,45,29501,6,1,0,0,3,0,68,157,0,0,0,0,0,0,0,0,0,0,37,0,0,0,5,5,35,1,1,2,1,3,3,1,50,99,9,2,64,0,1
45,450635,1,2,1,30,10,6,0,12,1,1,0,45,3,87,881,87881,66,2013,1XPTDP9X2DD1,1,X,P,T,D,P,9,X,2,D,D,1,1,1,45,52188159,4552188159,3,6,10,1,0,0,0,0,0,0,0,0,0,0,0,6,0,5,12,0,0,0,1,45,29510,6,1,6,3,3,0,74,212,0,3,0,0,0,1,2012,5,2013,0,0,0,0,0,1,2,55,1,1,2,1,0,0,5,53,99,1,1,21,0,0
45,450635,2,2,2,30,10,6,0,12,1,1,0,37,3,23,481,23481,31,2007,1GTHK29U47E1,1,G,T,H,K,2,9,U,4,7,E,1,0,0,0,000000000,00000000000,0,0,0,1,0,0,0,0,0,0,0,50,0,0,0,12,6,2,12,0,0,0,1,45,29468,6,1,6,0,3,0,71,186,0,2,0,3,1,1,2012,10,2014,4,0,0,0,0,1,2,55,1,1,2,1,0,0,1,50,99,1,1,20,2,0
45,450636,1,1,1,5,11,14,25,42,0,1,0,45,3,12,481,12481,31,2008,1FTPX14V88KC,1,F,T,P,X,1,4,V,8,8,K,C,0,0,0,000000000,00000000000,0,0,0,1,0,0,0,0,0,0,0,60,0,0,0,12,6,2,42,0,0,0,1,45,29150,6,1,0,0,3,0,69,245,0,0,0,0,0,0,0,0,0,0,0,0,0,0,2,2,55,1,1,2,1,0,0,1,8,7,9,4,7,1,0
45,450637,1,1,1,5,11,21,45,8,0,1,0,45,1,37,39,37039,5,2007,JHMGD38467S0,J,H,M,G,D,3,8,4,6,7,S,0,0,0,0,000000000,00000000000,0,0,0,1,0,0,0,0,0,0,0,45,0,0,0,12,6,2,8,0,0,0,1,45,29928,1,1,5,0,2,0,68,190,1,1,0,0,0,1,2014,7,2014,0,0,0,0,0,3,2,45,1,1,2,1,0,0,1,80,99,1,1,13,0,0
45,450638,1,1,1,7,11,16,30,42,0,1,0,45,2,20,2,20002,4,2007,2G1WT58K8791,2,G,1,W,T,5,8,K,8,7,9,1,0,0,0,000000000,00000000000,0,0,0,1,0,0,0,0,0,0,0,75,0,0,0,11,6,2,42,0,0,0,1,45,29010,6,1,0,0,3,3,60,150,0,0,0,0,0,0,0,0,0,0,0,0,0,0,3,2,70,1,1,2,1,0,0,17,13,7,1,4,1,1,0
45,450639,1,1,1,7,11,15,30,35,0,1,0,45,2,53,703,53703,80,2005,JS1RJ18C7521,J,S,1,R,J,1,8,C,7,5,2,1,0,0,0,000000000,00000000000,0,0,0,1,0,0,0,0,0,0,0,60,0,0,0,12,6,2,35,0,0,0,1,45,29841,6,1,0,0,3,0,72,225,0,0,0,0,0,0,0,0,0,4,8,0,0,0,1,2,40,2,2,5,1,0,0,14,12,99,1,4,6,1,0
45,450640,1,1,1,7,11,18,45,11,0,1,0,45,1,53,705,53705,80,2011,JS1GX72AXB21,J,S,1,G,X,7,2,A,X,B,2,1,0,0,0,000000000,00000000000,0,0,0,1,0,0,0,0,0,0,0,50,0,0,0,12,6,2,1,0,0,0,1,45,29512,6,1,6,0,3,0,74,275,0,0,0,0,1,11,2012,11,2012,0,83,0,0,0,1,2,55,1,1,2,1,0,0,1,87,99,1,1,13,1,0
45,450641,1,1,1,8,11,4,30,38,0,1,0,53,2,54,31,54031,3,2001,JH4DC23881S8,J,H,4,D,C,2,3,8,8,1,S,8,0,0,0,000000000,00000000000,0,0,0,1,0,0,0,0,0,0,0,60,0,1,5,99,6,2,2,0,0,1,1,45,29483,6,1,0,0,3,0,62,120,1,0,0,1,1,10,2012,11,2013,0,0,0,0,0,2,2,60,1,1,2,1,0,0,1,13,99,9,4,1,1,0
45,450642,1,1,1,8,11,6,55,34,0,1,0,45,1,20,9,20009,2,2000,2G1FP22K9Y21,2,G,1,F,P,2,2,K,9,Y,2,1,0,0,0,000000000,00000000000,0,0,0,1,0,0,0,0,0,0,0,50,0,1,5,12,6,2,1,0,0,0,1,45,29511,6,1,0,0,3,0,71,220,0,0,0,0,0,0,0,0,0,4,0,0,0,0,1,2,60,1,1,2,1,0,0,1,12,99,1,4,6,1,0
45,450643,1,2,1,8,11,20,45,12,2,1,0,45,1,20,25,20025,4,2011,1G1PF5S97B71,1,G,1,P,F,5,S,9,7,B,7,1,0,0,0,000000000,00000000000,0,0,0,1,0,0,0,0,0,0,0,35,0,0,0,12,6,2,12,0,0,0,1,45,29067,6,1,6,0,3,3,70,200,0,1,0,0,0,1,2012,1,2012,0,0,0,0,0,1,2,35,1,1,2,1,0,0,1,62,99,1,1,51,0,0
45,450643,2,2,1,8,11,20,45,12,2,1,0,45,1,41,402,41402,14,2001,4F2CU09151KM,4,F,2,C,U,0,9,1,5,1,K,M,0,0,0,000000000,00000000000,0,0,0,1,0,0,0,0,0,0,0,35,0,1,1,12,6,2,12,0,0,0,1,45,29720,6,1,0,0,3,0,69,160,0,0,0,0,0,0,0,0,0,0,0,0,0,0,1,2,35,1,1,2,1,0,0,1,10,99,1,2,50,1,1
45,450644,1,1,1,8,11,18,5,8,0,1,0,45,1,12,3,12003,2,1998,1FAFP42X3WF1,1,F,A,F,P,4,2,X,3,W,F,1,0,0,0,000000000,00000000000,0,0,0,1,0,0,0,0,0,0,0,45,0,0,0,2,0,5,8,0,0,0,1,45,29810,6,1,6,0,3,3,62,206,0,3,0,0,2,10,2013,9,2014,0,0,0,0,0,1,2,55,1,1,2,1,0,0,1,80,99,1,1,13,0,0
45,450645,1,1,1,8,11,18,25,8,0,1,0,45,2,38,474,38474,30,2008,1GGCS13E4887,1,G,G,C,S,1,3,E,4,8,8,7,0,0,0,000000000,00000000000,0,0,0,1,0,0,0,0,0,0,0,55,0,0,0,12,6,2,8,0,0,0,1,45,29040,1,1,5,0,2,0,69,237,0,3,0,0,0,6,2012,10,2014,0,0,0,0,0,1,2,55,1,1,2,1,0,0,6,81,99,1,1,13,0,0
45,450646,1,2,2,8,11,0,17,12,2,1,0,12,1,12,481,12481,31,2009,1FTRX12839FA,1,F,T,R,X,1,2,8,3,9,F,A,0,0,0,000000000,00000000000,0,0,0,1,0,0,0,0,0,0,0,70,0,0,0,12,6,2,12,0,0,0,1,12,33325,6,1,0,0,3,0,72,999,0,0,0,0,0,0,0,0,0,0,0,0,0,0,1,2,35,1,1,2,1,0,0,1,10,99,1,2,50,0,1
45,450646,2,2,5,8,11,0,17,12,2,1,0,45,2,35,47,35047,4,2001,1N4DL01D91C1,1,N,4,D,L,0,1,D,9,1,C,1,0,0,0,000000000,00000000000,0,0,0,1,0,0,0,0,0,0,0,998,0,0,0,12,6,2,12,0,0,0,1,45,29607,1,1,5,0,2,0,64,140,0,4,0,1,0,10,2013,10,2014,0,0,0,0,0,1,2,35,1,1,2,1,0,0,1,62,99,1,1,51,3,0
45,450647,1,1,1,9,11,16,30,53,0,1,0,45,2,6,41,6041,4,2000,2C3HD36J5YH4,2,C,3,H,D,3,6,J,5,Y,H,4,0,0,0,000000000,00000000000,0,0,0,1,0,0,0,0,0,0,0,85,0,0,0,1,6,2,42,0,0,0,1,45,29448,1,1,5,0,2,0,75,180,0,0,0,0,0,0,0,0,0,3,58,0,0,0,1,2,45,1,1,2,1,0,0,1,12,99,1,4,6,1,1
45,450648,1,3,2,9,11,6,14,23,0,1,0,45,1,23,8,23008,6,2009,1GKER23D59J1,1,G,K,E,R,2,3,D,5,9,J,1,0,0,0,000000000,00000000000,0,0,0,1,0,0,0,0,0,0,0,60,0,0,0,12,6,2,12,0,0,0,1,45,29920,6,1,0,0,3,0,68,185,0,0,0,0,0,0,0,0,0,0,0,0,0,0,2,2,60,1,1,2,1,0,0,1,62,99,1,1,98,0,0
45,450648,2,3,4,9,11,6,14,23,0,1,0,45,1,14,401,14401,14,2006,4M2EU388X6UJ,4,M,2,E,U,3,8,8,X,6,U,J,0,0,0,000000000,00000000000,0,0,0,1,0,0,0,0,0,0,0,55,0,0,0,0,6,2,7,0,0,0,1,45,29910,6,1,0,0,3,0,73,180,0,0,0,0,0,0,0,0,0,0,0,0,0,0,2,2,60,1,1,2,1,0,0,1,90,99,1,1,98,0,0
45,450648,3,3,1,9,11,6,14,23,0,1,0,45,1,49,32,49032,4,1999,1NXBR12EXXZ2,1,N,X,B,R,1,2,E,X,X,Z,2,0,0,0,000000000,00000000000,0,0,0,1,0,0,0,0,0,0,0,60,0,0,0,4,6,2,23,0,0,0,1,45,29935,0,0,0,0,0,0,999,999,99,99,99,99,99,99,9999,99,9999,0,28,0,0,0,2,2,60,1,1,2,1,0,0,1,12,99,1,4,6,1,1
45,450649,1,1,4,11,11,15,11,59,0,1,0,45,2,20,25,20025,4,2014,1G1PB5SH6E74,1,G,1,P,B,5,S,H,6,E,7,4,0,0,0,000000000,00000000000,0,0,0,1,0,0,0,0,0,0,0,70,0,0,0,2,6,2,42,0,0,0,1,45,29307,6,1,0,0,3,0,70,145,0,1,0,1,0,7,2012,10,2012,4,8,28,0,0,1,2,45,1,1,2,1,0,0,1,12,99,9,4,6,1,1
45,450650,1,1,1,12,11,6,40,1,0,1,0,45,3,37,32,37032,4,2005,1HGCM56475A0,1,H,G,C,M,5,6,4,7,5,A,0,0,0,0,000000000,00000000000,0,0,0,1,0,0,0,0,0,0,0,45,0,1,5,0,6,2,1,0,0,0,1,45,29720,6,1,0,0,3,3,68,140,0,1,0,4,0,1,2013,10,2014,4,0,0,0,0,1,2,45,3,1,2,1,0,0,14,13,99,9,4,1,1,0
45,450651,1,1,3,12,11,14,42,42,0,1,0,45,1,54,31,54031,3,1997,JHKA9641VC00,J,H,K,A,9,6,4,1,V,C,0,0,0,0,0,000000000,00000000000,0,0,0,1,0,0,0,0,0,0,0,60,0,1,5,10,6,2,1,0,0,0,1,45,29209,6,1,0,0,3,0,72,192,0,0,0,0,0,0,0,0,0,0,8,0,0,0,1,2,25,1,1,2,1,0,0,1,12,99,1,4,6,1,1
45,450652,1,1,1,13,11,20,30,34,0,1,0,45,1,51,43,51043,4,1998,YV1LS5537W14,Y,V,1,L,S,5,5,3,7,W,1,4,0,0,0,000000000,00000000000,0,0,0,1,0,0,0,0,0,0,0,55,0,1,5,11,6,2,1,0,0,0,1,45,29940,6,1,0,0,3,0,70,205,0,0,0,0,0,0,0,0,0,4,0,0,0,0,1,2,55,1,1,2,1,0,0,1,13,99,1,4,1,1,1
45,450653,1,1,1,15,11,6,35,42,0,1,0,45,2,37,31,37031,4,2005,2HGES165X5H5,2,H,G,E,S,1,6,5,X,5,H,5,0,0,0,000000000,00000000000,0,0,0,1,0,0,0,0,0,0,0,60,0,0,0,3,6,2,42,0,0,0,1,45,29651,6,2,0,0,3,0,63,140,0,0,0,0,0,0,0,0,0,4,0,0,0,0,1,2,30,2,2,2,1,0,0,14,12,99,1,4,6,1,0
45,450654,1,1,1,16,11,19,0,8,0,1,0,45,2,20,2,20002,4,2004,2G1WH52K6491,2,G,1,W,H,5,2,K,6,4,9,1,0,0,0,000000000,00000000000,0,0,0,1,0,0,0,0,0,0,0,55,0,0,0,2,4,5,8,0,0,0,1,45,29832,6,1,0,0,3,3,66,225,2,3,0,3,0,1,2012,9,2014,0,0,0,0,0,1,2,55,1,1,2,1,0,0,1,80,99,1,1,13,0,0
45,450655,1,1,2,18,11,21,0,42,0,1,0,45,1,12,481,12481,31,2001,2FTRF07W51CA,2,F,T,R,F,0,7,W,5,1,C,A,0,0,0,000000000,00000000000,0,0,0,1,0,0,0,0,0,0,0,40,0,1,5,12,6,2,42,0,0,0,1,45,29511,6,2,0,0,3,0,67,145,0,0,0,1,0,4,2014,4,2014,0,8,0,0,0,1,2,25,3,1,2,1,0,0,14,13,99,1,4,1,1,0
45,450656,1,1,1,18,11,12,58,34,0,1,0,45,1,37,32,37032,4,2000,1HGCG1651YA0,1,H,G,C,G,1,6,5,1,Y,A,0,0,0,0,000000000,00000000000,0,0,0,1,0,0,0,0,0,0,0,30,0,0,0,12,6,2,32,0,0,0,1,45,29803,6,1,0,0,3,3,63,130,0,0,0,0,0,0,0,0,0,0,99,99,99,99,2,2,35,1,1,2,1,0,0,1,13,99,9,4,1,1,0
45,450657,1,2,1,19,11,6,25,12,2,1,0,37,1,12,481,12481,31,2005,1FTRF12W55NA,1,F,T,R,F,1,2,W,5,5,N,A,0,0,0,000000000,00000000000,0,0,0,1,0,0,0,0,0,0,0,55,0,0,0,12,6,2,12,0,0,0,1,37,28216,6,1,0,0,3,0,68,999,0,0,0,0,0,0,0,0,0,0,0,0,0,0,1,2,55,3,1,2,1,0,0,14,62,99,1,1,51,1,0
45,450657,2,2,1,19,11,6,25,12,2,1,0,45,1,12,401,12401,14,1996,1FMDU34XXTUC,1,F,M,D,U,3,4,X,X,T,U,C,0,0,0,000000000,00000000000,0,0,0,1,0,0,0,0,0,0,0,55,0,0,0,12,6,2,12,0,0,0,1,45,29678,6,1,0,0,3,0,70,260,0,0,0,0,1,4,2013,4,2013,0,28,0,0,0,1,2,55,2,1,2,1,0,0,14,10,99,1,2,50,0,0
45,450658,1,1,1,21,11,11,30,42,0,1,0,37,1,37,31,37031,4,2010,2HGFA1F57AH5,2,H,G,F,A,1,F,5,7,A,H,5,0,0,0,000000000,00000000000,0,0,0,1,0,0,0,0,0,0,0,70,0,0,0,12,6,2,42,0,0,0,1,37,27713,6,1,0,0,3,0,63,999,0,0,0,0,0,0,0,0,0,4,0,0,0,0,3,2,70,1,1,2,1,0,0,1,12,99,1,4,6,1,0
45,450659,1,1,1,22,11,11,25,35,0,1,0,45,2,35,32,35032,2,1993,JN1MS34P3PW3,J,N,1,M,S,3,4,P,3,P,W,3,0,0,0,000000000,00000000000,0,0,0,1,0,0,0,0,0,0,0,70,0,0,0,10,6,2,30,0,0,0,1,45,29307,6,1,0,0,3,0,73,165,1,2,0,0,1,1,2013,1,2014,3,0,0,0,0,1,2,45,1,1,2,1,0,0,1,6,99,9,4,2,1,0
45,450660,1,1,1,23,11,0,5,8,0,1,0,45,2,35,47,35047,4,2006,1N4AL11D6N35,1,N,4,A,L,1,1,D,6,N,3,5,0,0,0,000000000,00000000000,0,0,0,1,0,0,0,0,0,0,0,60,0,0,0,12,6,2,8,0,0,0,1,45,29210,6,1,0,0,3,3,63,115,1,0,0,1,0,5,2012,7,2012,0,0,0,0,0,3,3,60,1,2,2,2,0,0,1,80,99,1,1,13,0,0
45,450661,1,1,1,23,11,16,52,34,0,1,0,45,1,23,471,23471,30,1998,1GTCS19W6W85,1,G,T,C,S,1,9,W,6,W,8,5,0,0,0,000000000,00000000000,0,0,0,1,0,0,0,0,0,0,0,70,0,1,5,12,6,2,42,0,0,0,1,45,29516,6,2,0,0,3,0,66,160,0,0,0,0,0,0,0,0,0,3,8,0,0,0,1,2,55,1,1,2,2,0,0,1,13,99,1,4,1,1,0
45,450662,1,2,1,23,11,19,40,12,6,1,0,45,1,23,401,23401,14,2003,1GKDS13S2321,1,G,K,D,S,1,3,S,2,3,2,1,0,0,0,000000000,00000000000,0,0,0,1,0,0,0,0,0,0,0,50,0,0,0,3,6,2,12,0,0,0,1,45,29505,6,1,0,0,3,3,74,140,0,0,0,1,0,8,2013,8,2013,0,28,58,0,0,1,2,55,1,1,2,2,0,0,1,10,99,9,2,64,1,0
45,450662,2,2,2,23,11,19,40,12,6,1,0,45,2,20,481,20481,31,2010,1GCPKPEX3AZ1,1,G,C,P,K,P,E,X,3,A,Z,1,0,0,0,000000000,00000000000,0,0,0,1,0,0,0,0,0,0,0,54,0,0,0,12,6,2,12,0,0,0,1,45,29501,6,1,0,0,3,0,72,260,1,0,0,3,1,4,2012,5,2014,0,0,0,0,0,1,2,55,1,1,2,2,0,0,1,62,99,1,1,65,0,0
45,450663,1,1,4,6,9,16,30,1,0,1,0,45,2,49,401,49401,14,1998,JT3GN86R7W00,J,T,3,G,N,8,6,R,7,W,0,0,0,0,0,000000000,00000000000,0,0,0,1,0,0,0,0,0,0,0,70,0,1,5,0,6,2,1,0,0,0,1,45,29644,6,2,0,0,3,3,68,155,0,0,0,0,0,0,0,0,0,4,80,0,0,0,3,3,70,3,1,2,1,0,0,14,1,99,3,4,2,1,0
45,450664,1,2,2,16,10,9,55,12,7,1,0,12,1,49,404,49404,14,2013,JTEBU4BF3DK1,J,T,E,B,U,4,B,F,3,D,K,1,0,0,0,000000000,00000000000,0,0,0,1,0,0,0,0,0,0,0,70,0,0,0,10,6,2,42,0,0,0,1,12,33455,6,1,0,0,3,3,69,999,0,0,0,0,0,0,0,0,0,0,0,0,0,0,3,2,70,1,1,2,1,0,0,1,61,99,1,1,45,1,0
45,450664,2,2,1,16,10,9,55,12,7,1,0,45,2,37,32,37032,2,2003,1HGCM82663A0,1,H,G,C,M,8,2,6,6,3,A,0,0,0,0,000000000,00000000000,0,0,0,1,0,0,0,0,0,0,0,70,0,0,0,2,6,2,42,0,0,0,1,45,29033,6,1,0,0,3,3,69,120,1,0,0,0,1,9,2014,9,2014,0,27,0,0,0,3,2,70,1,1,2,1,0,0,15,11,99,1,2,44,0,0
45,450665,1,2,1,24,10,3,18,12,1,1,0,37,3,51,881,51881,66,2013,4V4NC9EH7DN5,4,V,4,N,C,9,E,H,7,D,N,5,1,1,77,777777777,77777777777,3,6,1,1,0,0,0,0,0,0,0,60,0,0,0,6,4,3,12,0,0,0,1,13,30331,6,1,6,3,3,3,72,268,98,0,0,0,1,8,2014,8,2014,0,0,0,0,0,3,3,60,1,1,2,1,0,0,1,53,99,1,1,25,0,0
45,450665,2,2,1,24,10,3,18,12,1,1,0,45,1,20,39,20039,4,2004,KL1TD62664B1,K,L,1,T,D,6,2,6,6,4,B,1,0,0,0,000000000,00000000000,0,0,0,1,0,0,0,0,0,0,0,75,0,0,0,12,6,2,12,0,0,0,1,45,29630,6,1,0,0,3,0,72,190,1,4,0,1,0,1,2012,4,2014,0,99,99,99,99,3,3,60,1,1,2,1,0,0,1,51,99,9,1,24,1,0