STATE,ST_CASE,VEH_NO,VE_FORMS,NUMOCCS,DAY,MONTH,HOUR,MINUTE,HARM_EV,MAN_COLL,UNITTYPE,HIT_RUN,REG_STAT,OWNER,MAKE,MODEL,MAK_MOD,BODY_TYP,MOD_YEAR,VIN,VIN_1,VIN_2,VIN_3,VIN_4,VIN_5,VIN_6,VIN_7,VIN_8,VIN_9,VIN_10,VIN_11,VIN_12,TOW_VEH,J_KNIFE,MCARR_I1,MCARR_I2,MCARR_ID,GVWR,V_CONFIG,CARGO_BT,HAZ_INV,HAZ_PLAC,HAZ_ID,HAZ_CNO,HAZ_REL,BUS_USE,SPEC_USE,EMER_USE,TRAV_SP,UNDERIDE,ROLLOVER,ROLINLOC,IMPACT1,DEFORMED,TOWED,M_HARM,VEH_SC1,VEH_SC2,FIRE_EXP,DR_PRES,L_STATE,DR_ZIP,L_STATUS,L_TYPE,CDL_STAT,L_ENDORS,L_COMPL,L_RESTRI,DR_HGT,DR_WGT,PREV_ACC,PREV_SUS,PREV_DWI,PREV_SPD,PREV_OTH,FIRST_MO,FIRST_YR,LAST_MO,LAST_YR,SPEEDREL,DR_SF1,DR_SF2,DR_SF3,DR_SF4,VTRAFWAY,VNUM_LAN,VSPD_LIM,VALIGN,VPROFILE,VPAVETYP,VSURCOND,VTRAFCON,VTCONT_F,P_CRASH1,P_CRASH2,P_CRASH3,PCRASH4,PCRASH5,ACC_TYPE,DEATHS,DR_DRINK
45,450666,1,1,1,13,11,18,2,42,0,1,0,45,1,37,32,37032,4,2004,1HGCM66554A0,1,H,G,C,M,6,6,5,5,4,A,0,0,0,0,000000000,00000000000,0,0,0,1,0,0,0,0,0,0,0,35,0,0,0,12,6,2,42,0,0,0,1,45,29009,6,1,0,0,3,0,63,160,1,0,0,0,0,3,2012,3,2012,0,39,0,0,0,1,2,35,1,1,2,1,20,3,1,13,99,1,4,1,1,0
45,450667,2,1,2,12,11,18,43,14,0,1,0,45,1,20,473,20473,30,2005,1GCDT1967581,1,G,C,D,T,1,9,6,7,5,8,1,0,0,0,000000000,00000000000,0,0,0,1,0,0,0,0,0,0,0,25,0,0,0,10,4,5,8,0,0,0,1,45,29554,6,2,0,0,3,3,72,230,0,0,0,0,0,0,0,0,0,0,0,0,0,0,1,2,55,1,1,2,1,0,0,1,80,99,1,1,98,0,0
45,450668,1,5,1,20,11,15,38,12,8,1,0,45,2,84,881,84881,66,1997,1HTSDAALXVH4,1,H,T,S,D,A,A,L,X,V,H,4,1,1,77,777777777,77777777777,3,6,1,1,0,0,0,0,0,0,0,55,0,0,0,12,6,2,12,0,0,0,1,45,29645,6,1,0,0,2,3,73,210,0,0,0,1,0,7,2013,7,2013,0,27,0,0,0,1,2,55,1,1,2,1,0,0,1,54,99,1,2,64,0,0
45,450668,2,5,2,20,11,15,38,12,8,1,0,45,1,7,442,7442,20,2005,1D4GP45R75B1,1,D,4,G,P,4,5,R,7,5,B,1,0,0,0,000000000,00000000000,0,0,0,1,0,0,0,0,0,0,0,50,0,1,5,10,6,2,12,0,0,0,1,45,29384,6,1,0,0,3,0,64,125,0,0,0,0,0,0,0,0,0,0,0,0,0,0,1,2,55,1,1,2,1,0,0,1,62,99,1,1,65,0,0
45,450668,3,5,1,20,11,15,38,12,8,1,0,45,1,7,482,7482,31,1999,1B7HC16Y9XS2,1,B,7,H,C,1,6,Y,9,X,S,2,0,0,0,000000000,00000000000,0,0,0,1,0,0,0,0,0,0,0,45,0,0,0,10,6,2,12,0,0,0,1,45,29360,6,1,0,0,3,0,70,185,0,0,0,0,0,0,0,0,0,0,0,0,0,0,1,2,55,1,1,2,1,0,0,1,62,99,1,1,98,0,0
45,450668,4,5,2,20,11,15,38,12,8,1,0,45,2,63,421,63421,15,2009,KNDJJ7418950,K,N,D,J,J,7,4,1,8,9,5,0,0,0,0,000000000,00000000000,0,0,0,1,0,0,0,0,0,0,0,35,0,0,0,12,6,2,12,0,0,0,1,45,29360,6,1,0,0,3,0,67,175,0,0,0,0,0,0,0,0,0,0,0,0,0,0,1,2,55,1,1,2,1,0,0,1,62,99,1,1,98,1,0
45,450668,5,5,2,20,11,15,38,12,8,1,0,45,1,37,32,37032,4,2009,1HGCP26449A0,1,H,G,C,P,2,6,4,4,9,A,0,0,0,0,000000000,00000000000,0,0,0,1,0,0,0,0,0,0,0,20,0,0,0,13,6,2,12,0,0,0,1,45,29360,6,1,0,0,3,0,66,165,0,0,0,0,0,0,0,0,0,0,0,0,0,0,1,2,55,1,1,2,1,0,0,1,59,99,1,1,98,0,0
45,450669,1,1,1,12,11,10,10,32,0,1,0,45,1,18,2,18002,4,2000,1G4HR54K0YU3,1,G,4,H,R,5,4,K,0,Y,U,3,0,0,0,000000000,00000000000,0,0,0,1,0,0,0,0,0,0,0,55,0,1,5,12,6,2,35,0,0,0,1,45,29543,6,1,0,0,3,0,69,154,0,0,0,1,0,2,2013,2,2013,0,0,0,0,0,1,2,55,1,1,2,1,0,0,1,13,99,9,4,1,1,0
45,450670,1,1,1,23,11,2,0,30,0,1,0,45,2,12,4,12004,2,1996,1FALP6249TH1,1,F,A,L,P,6,2,4,9,T,H,1,0,0,0,000000000,00000000000,0,0,0,1,0,0,0,0,0,0,0,70,0,1,5,3,6,2,1,0,0,0,1,45,29626,6,1,0,0,3,0,73,155,0,0,0,1,0,8,2012,8,2012,0,8,0,0,0,2,2,55,3,1,2,1,0,0,14,13,99,1,4,1,1,1
45,450671,1,2,1,24,11,18,42,12,2,1,0,45,1,20,2,20002,4,2006,2G1WU5812693,2,G,1,W,U,5,8,1,2,6,9,3,0,0,0,000000000,00000000000,0,0,0,1,0,0,0,0,0,0,0,45,0,0,0,12,6,2,12,0,0,0,1,45,29518,6,1,0,0,3,0,62,161,0,0,0,1,1,7,2013,2,2014,0,0,0,0,0,1,2,50,1,1,2,2,0,0,1,62,99,1,1,51,1,0
45,450671,2,2,2,24,11,18,42,12,2,1,0,45,2,49,40,49040,4,2010,4T1BF3EK2AU5,4,T,1,B,F,3,E,K,2,A,U,5,0,0,0,000000000,00000000000,0,0,0,1,0,0,0,0,0,0,0,50,0,0,0,12,6,2,12,0,0,0,1,45,29560,6,2,0,0,3,0,73,128,1,2,0,3,1,4,2013,10,2014,4,0,0,0,0,1,2,50,1,1,2,2,0,0,1,10,99,1,2,50,1,0
45,450672,1,2,1,24,11,14,1,12,2,1,0,45,1,24,1,24001,4,1998,1G8ZK5272WZ2,1,G,8,Z,K,5,2,7,2,W,Z,2,0,0,0,000000000,00000000000,0,0,0,1,0,0,0,0,0,0,0,55,0,0,0,12,6,2,12,0,0,0,1,45,29115,6,1,0,0,3,0,72,211,0,0,0,0,0,0,0,0,0,0,0,0,0,0,1,2,55,1,1,2,2,0,0,1,62,99,1,1,51,1,0
45,450672,2,2,6,24,11,14,1,12,2,1,0,45,1,6,441,6441,20,2006,2A4GP64L26R7,2,A,4,G,P,6,4,L,2,6,R,7,0,0,0,000000000,00000000000,0,0,0,1,0,0,0,0,0,0,0,55,0,0,0,12,6,2,12,0,0,0,1,45,29436,6,1,0,0,3,0,68,155,0,0,0,0,0,0,0,0,0,0,28,0,0,0,1,2,55,1,1,2,2,0,0,1,10,99,1,2,50,0,0
45,450673,1,2,2,25,11,2,30,12,6,1,0,45,2,12,401,12401,14,1998,1FMZU35PXWZA,1,F,M,Z,U,3,5,P,X,W,Z,A,0,0,0,000000000,00000000000,0,0,0,1,0,0,0,0,0,0,0,80,0,0,0,12,6,2,12,0,0,0,1,45,29153,6,1,0,0,3,0,69,180,0,0,0,0,0,0,0,0,0,0,8,38,0,0,1,2,30,1,1,2,2,0,0,1,71,99,1,1,93,0,1
45,450673,2,2,1,25,11,2,30,12,6,1,0,45,1,23,401,23401,14,2003,1GKDS13S2321,1,G,K,D,S,1,3,S,2,3,2,1,0,0,0,000000000,00000000000,0,0,0,1,0,0,0,0,0,0,0,5,0,0,0,9,6,2,12,0,0,0,1,45,29569,6,1,0,0,3,0,63,215,0,0,0,0,0,0,0,0,0,0,0,0,0,0,1,2,30,1,1,2,2,0,0,13,56,99,1,1,92,1,0
45,450674,1,1,2,25,11,20,17,8,0,1,0,45,2,37,32,37032,4,2008,1HGCP26418A0,1,H,G,C,P,2,6,4,1,8,A,0,0,0,0,000000000,00000000000,0,0,0,1,0,0,0,0,0,0,0,35,0,0,0,12,0,5,8,0,0,0,1,45,29662,6,1,0,0,3,3,62,107,0,0,0,1,0,5,2014,5,2014,0,0,0,0,0,1,2,35,1,1,2,1,0,0,1,81,99,1,1,13,0,0
45,450675,1,1,1,25,11,3,11,42,0,1,0,45,2,7,21,7021,6,2007,2D4FV47V07H7,2,D,4,F,V,4,7,V,0,7,H,7,0,0,0,000000000,00000000000,0,0,0,1,0,0,0,0,0,0,0,65,0,0,0,10,6,2,42,0,0,1,1,45,29684,6,1,0,0,3,0,69,150,1,2,0,1,0,3,2012,9,2014,0,0,0,0,0,1,2,40,2,1,2,1,0,0,14,12,99,1,4,6,1,1
45,450676,1,2,1,26,11,17,29,12,6,1,0,45,1,7,472,7472,31,1999,1B7GL22Y3XS1,1,B,7,G,L,2,2,Y,3,X,S,1,0,0,0,000000000,00000000000,0,0,0,1,0,0,0,0,0,0,0,55,0,0,0,12,6,2,12,0,0,0,1,45,29532,6,1,0,0,3,3,70,170,1,0,0,0,0,8,2014,8,2014,0,0,0,0,0,1,2,55,1,1,2,1,0,0,1,50,99,1,1,98,0,0
45,450676,2,2,1,26,11,17,29,12,6,1,0,45,1,55,36,55036,4,2005,KMHCG45C05U5,K,M,H,C,G,4,5,C,0,5,U,5,0,0,0,000000000,00000000000,0,0,0,1,0,0,0,0,0,0,0,0,0,0,0,9,6,2,12,0,0,0,1,45,29574,1,1,5,0,2,0,66,170,0,0,0,2,0,4,2013,11,2013,0,0,0,0,0,1,2,55,1,1,2,1,0,0,7,53,99,9,1,98,1,0
45,450677,1,2,4,27,11,5,0,12,1,1,0,45,1,7,482,7482,31,2014,3C63RRGL9EG1,3,C,6,3,R,R,G,L,9,E,G,1,0,0,45,2540386,452540386,2,2,6,1,0,0,0,0,0,0,0,15,0,0,0,6,4,5,12,0,0,0,1,45,29810,6,1,6,0,3,0,73,268,1,1,0,0,0,4,2014,8,2014,0,23,0,0,0,3,2,70,1,1,2,1,0,0,2,53,99,1,1,25,0,0
45,450677,2,2,7,27,11,5,0,12,1,1,0,13,1,6,441,6441,20,2006,2A4GP44R86R7,2,A,4,G,P,4,4,R,8,6,R,7,0,0,0,000000000,00000000000,0,0,0,1,0,0,0,0,0,0,0,70,0,0,0,12,6,2,12,0,0,0,1,13,30034,6,1,0,0,3,3,64,176,98,0,0,0,0,0,0,0,0,0,0,0,0,0,3,2,70,1,1,2,1,0,0,1,51,99,1,1,24,1,0
45,450678,1,1,1,27,11,0,30,26,0,1,0,45,2,37,32,37032,4,1999,1HGCG1658XA0,1,H,G,C,G,1,6,5,8,X,A,0,0,0,0,000000000,00000000000,0,0,0,1,0,0,0,0,0,0,0,60,0,0,0,9,6,2,26,0,0,0,1,45,29115,6,1,0,0,3,0,72,145,1,0,0,2,1,6,2012,10,2014,0,0,0,0,0,3,2,70,1,1,2,1,0,0,1,12,6,1,4,6,0,0
45,450679,1,2,2,28,11,19,20,12,6,1,0,45,2,24,3,24003,6,1999,1G8ZK8278XZ3,1,G,8,Z,K,8,2,7,8,X,Z,3,0,0,0,000000000,00000000000,0,0,0,1,0,0,0,0,0,0,0,0,0,0,0,9,6,2,12,0,0,0,1,45,29571,1,1,5,0,2,0,70,150,1,1,0,0,1,11,2013,11,2014,0,0,0,0,0,3,2,70,1,1,2,1,0,0,7,53,99,1,1,45,2,0
45,450679,2,2,1,28,11,19,20,12,6,1,0,45,2,37,32,37032,4,1994,1HGCD563XRA1,1,H,G,C,D,5,6,3,X,R,A,1,0,0,0,000000000,00000000000,0,0,0,1,0,0,0,0,0,0,0,65,0,0,0,12,6,2,12,0,0,0,1,45,29032,6,1,0,0,3,0,73,205,0,0,0,0,0,0,0,0,0,0,0,0,0,0,3,2,70,1,1,2,1,0,0,1,50,6,1,2,44,0,0
45,450680,1,1,1,29,11,3,15,34,0,1,0,45,1,7,482,7482,31,2005,1D7HA18D05S3,1,D,7,H,A,1,8,D,0,5,S,3,0,0,0,000000000,00000000000,0,0,0,1,0,0,0,0,0,0,0,65,0,1,5,12,6,2,34,0,0,0,1,45,29645,6,1,6,0,3,0,68,150,1,0,0,0,0,4,2014,4,2014,4,0,0,0,0,1,2,50,1,2,2,1,0,0,1,12,99,1,4,6,1,1
45,450681,1,1,1,29,11,4,30,18,0,1,0,37,1,35,402,35402,14,2003,5N1ED28T43C7,5,N,1,E,D,2,8,T,4,3,C,7,0,0,0,000000000,00000000000,0,0,0,1,0,0,0,0,0,0,0,70,0,0,0,2,6,2,18,0,0,0,1,37,28562,6,1,0,0,3,3,72,999,0,0,0,0,0,0,0,0,0,0,99,99,99,99,3,2,70,3,1,2,1,0,0,14,13,99,9,4,1,1,0
45,450682,1,1,2,30,11,13,0,42,0,1,0,45,1,14,6,14006,4,1992,2MELM75WXNX7,2,M,E,L,M,7,5,W,X,N,X,7,0,0,0,000000000,00000000000,0,0,0,1,0,0,0,0,0,0,0,65,0,0,0,12,6,2,42,0,0,0,1,45,29455,6,1,0,0,3,0,65,168,5,5,0,0,0,12,2012,4,2014,4,0,0,0,0,1,2,45,1,1,2,1,0,0,1,13,99,1,4,1,1,0
45,450683,1,1,1,30,11,23,40,1,0,1,0,45,2,23,401,23401,14,1997,1GKCS13W3V25,1,G,K,C,S,1,3,W,3,V,2,5,0,0,0,000000000,00000000000,0,0,0,1,0,0,0,0,0,0,0,60,0,1,1,0,6,2,1,0,0,0,1,45,29061,1,1,5,0,2,0,71,207,0,1,0,0,0,4,2012,4,2012,4,0,0,0,0,1,2,55,1,1,2,1,0,0,1,6,99,9,2,98,1,1
45,450684,1,2,1,23,9,14,20,12,7,1,0,45,2,37,32,37032,4,1996,1HGCD5636TA2,1,H,G,C,D,5,6,3,6,T,A,2,0,0,0,000000000,00000000000,0,0,0,1,0,0,0,0,0,0,0,45,0,0,0,2,4,3,12,0,0,0,1,45,29412,6,1,0,0,3,3,64,190,0,0,0,0,0,0,0,0,0,0,0,0,0,0,2,2,45,1,1,2,2,0,0,1,61,99,1,1,45,0,0
45,450684,2,2,1,23,9,14,20,12,7,1,0,45,1,49,40,49040,4,2012,4T1BF1FKXCU6,4,T,1,B,F,1,F,K,X,C,U,6,0,0,0,000000000,00000000000,0,0,0,1,0,0,0,0,0,0,0,33,0,0,0,7,6,2,42,0,0,0,1,45,29420,6,1,0,0,3,0,73,190,0,1,0,0,0,3,2013,3,2013,0,48,0,0,0,2,2,45,1,1,2,2,0,0,15,53,99,9,2,44,1,0
45,450686,1,1,1,31,10,2,1,34,0,1,0,12,1,49,32,49032,4,2012,2T1BU4EE1CC8,2,T,1,B,U,4,E,E,1,C,C,8,0,0,0,000000000,00000000000,0,0,0,1,0,0,0,0,0,0,0,68,0,0,0,12,6,2,19,0,0,0,1,12,29115,1,1,0,0,2,0,74,185,0,3,1,0,0,3,2014,10,2014,4,0,0,0,0,1,2,25,2,1,2,1,0,0,14,12,99,1,4,6,1,1
45,450687,1,2,3,1,12,8,43,12,1,1,0,45,2,52,35,52035,4,1999,JA3AY26A5XU0,J,A,3,A,Y,2,6,A,5,X,U,0,0,0,0,000000000,00000000000,0,0,0,1,0,0,0,0,0,0,0,0,0,0,0,6,6,2,12,0,0,0,1,45,29325,6,1,0,0,3,3,63,224,1,0,0,0,0,10,2014,10,2014,4,0,0,0,0,2,2,50,1,2,2,1,0,0,5,53,99,1,1,22,3,0
45,450687,2,2,2,1,12,8,43,12,1,1,0,45,1,12,422,12422,15,2000,1FMRU17L5YLA,1,F,M,R,U,1,7,L,5,Y,L,A,0,0,0,000000000,00000000000,0,0,0,1,0,0,0,0,0,0,0,50,0,0,0,12,6,2,12,0,0,0,1,45,29360,6,1,0,0,3,3,73,165,0,2,0,0,0,5,2012,1,2013,0,99,99,99,99,2,2,50,1,2,2,1,0,0,1,50,99,1,1,20,0,0
45,450688,1,2,1,1,12,12,40,12,6,1,0,45,3,82,881,82881,66,1999,1FUYSSEB4XLB,1,F,U,Y,S,S,E,B,4,X,L,B,1,1,45,2397913,452397913,3,6,10,1,0,0,0,0,0,0,0,40,0,0,0,9,4,5,12,0,0,0,1,45,29115,6,1,6,0,3,0,74,190,0,2,0,1,1,3,2013,10,2014,0,0,0,0,0,1,2,35,1,1,2,1,0,0,1,66,99,1,1,89,0,0
45,450688,2,2,1,1,12,12,40,12,6,1,0,45,1,49,46,49046,4,2013,JTDKN3DU3D03,J,T,D,K,N,3,D,U,3,D,0,3,0,0,0,000000000,00000000000,0,0,0,1,0,0,0,0,0,0,0,50,0,0,0,12,6,2,12,0,0,0,1,45,29112,6,1,0,0,3,3,64,150,0,0,0,0,0,0,0,0,0,3,39,0,0,0,1,2,35,1,1,2,1,20,3,1,66,99,1,1,88,1,0
45,450689,1,2,1,2,12,15,15,12,6,1,0,45,3,86,881,86881,63,2007,1M2AG11C17M0,1,M,2,A,G,1,1,C,1,7,M,0,0,0,45,1303610,451303610,3,2,7,1,0,0,0,0,0,0,0,45,0,0,0,12,6,2,12,0,0,0,1,45,29544,6,1,6,0,3,3,70,210,0,0,0,0,0,0,0,0,0,0,0,0,0,0,2,2,45,1,1,2,1,0,0,1,71,99,1,1,88,0,0
45,450689,2,2,1,2,12,15,15,12,6,1,0,45,2,49,46,49046,4,2012,JTDKDTB39C10,J,T,D,K,D,T,B,3,9,C,1,0,0,0,0,000000000,00000000000,0,0,0,1,0,0,0,0,0,0,0,10,0,0,0,9,6,2,12,0,0,0,1,45,29588,6,1,0,0,3,3,64,180,1,0,0,2,0,7,2012,4,2013,0,38,0,0,0,1,2,45,1,1,2,1,0,0,1,66,99,1,1,89,1,0
45,450690,1,2,1,3,12,6,30,12,6,1,0,45,3,85,881,85881,66,2005,1XKWDB9X95J0,1,X,K,W,D,B,9,X,9,5,J,0,1,1,45,2189950,452189950,3,6,8,1,0,0,0,0,0,0,0,3,0,0,0,9,0,5,12,0,0,0,1,45,29510,6,1,6,0,3,0,68,210,4,1,0,0,0,2,2012,2,2014,0,87,0,0,0,1,2,55,1,1,2,2,0,0,13,66,99,1,1,98,0,0
45,450690,2,2,1,3,12,6,30,12,6,1,0,45,1,23,8,23008,6,2008,1GKER23708J3,1,G,K,E,R,2,3,7,0,8,J,3,0,0,0,000000000,00000000000,0,0,0,1,0,0,0,0,0,0,0,55,0,0,0,12,6,2,12,0,0,0,1,45,29571,6,1,0,0,3,0,63,112,0,0,0,0,0,0,0,0,0,0,0,0,0,0,1,2,55,1,1,2,2,0,0,1,56,99,1,1,98,1,0
45,450691,1,2,1,20,10,11,10,12,2,1,0,45,3,86,881,86881,66,2006,1M1AJ06Y46N0,1,M,1,A,J,0,6,Y,4,6,N,0,1,1,45,2188159,452188159,3,6,10,1,0,0,0,0,0,0,0,55,0,0,0,12,6,2,12,0,0,0,1,45,29510,6,1,6,0,3,0,66,140,1,2,0,0,0,9,2012,7,2014,4,27,0,0,0,1,2,55,1,1,2,1,0,0,1,12,6,1,4,50,0,0
45,450691,2,2,3,20,10,11,10,12,2,1,0,45,2,12,443,12443,20,2005,2FMZA51625BA,2,F,M,Z,A,5,1,6,2,5,B,A,0,0,0,000000000,00000000000,0,0,0,1,0,0,0,0,0,0,0,55,0,0,0,12,6,2,12,0,0,0,1,45,29048,6,1,0,0,3,0,68,130,0,0,0,0,0,0,0,0,0,0,0,0,0,0,1,2,55,1,1,2,1,0,0,1,13,7,1,4,51,1,0
45,450692,1,1,2,5,12,1,54,8,0,1,1,45,1,12,481,12481,31,2003,1FTNW21F63EA,1,F,T,N,W,2,1,F,6,3,E,A,0,0,0,000000000,00000000000,0,0,0,1,0,0,0,0,0,0,0,35,0,0,0,12,0,5,8,0,0,0,1,45,29697,6,1,0,0,3,3,71,203,0,0,0,0,0,0,0,0,0,0,0,0,0,0,1,2,35,1,1,2,2,0,0,1,80,99,1,1,13,0,1
45,450693,1,2,1,6,12,17,24,12,6,1,0,45,2,7,482,7482,31,2007,1D7HA18P77S1,1,D,7,H,A,1,8,P,7,7,S,1,0,0,0,000000000,00000000000,0,0,0,1,0,0,0,0,0,0,0,55,0,0,0,12,6,2,12,0,0,0,1,45,29061,6,1,0,0,3,0,63,157,0,0,0,0,0,0,0,0,0,0,0,0,0,0,1,2,45,1,1,2,1,0,0,1,66,99,1,1,88,0,0
45,450693,2,2,2,6,12,17,24,12,6,1,0,12,1,55,33,55033,4,2011,5NPEB4ACXBH2,5,N,P,E,B,4,A,C,X,B,H,2,0,0,0,000000000,00000000000,0,0,0,1,0,0,0,0,0,0,0,60,0,0,0,9,6,2,12,0,0,0,1,12,33309,6,1,0,0,3,0,65,999,0,1,0,0,0,8,2013,8,2013,0,39,38,0,0,1,2,30,1,1,2,1,20,3,4,66,99,1,1,89,1,0
45,450694,1,1,1,10,12,3,40,8,0,1,0,45,1,63,441,63441,20,2005,KNDUP1326567,K,N,D,U,P,1,3,2,6,5,6,7,0,0,0,000000000,00000000000,0,0,0,1,0,0,0,0,0,0,0,55,0,0,0,12,4,3,8,0,0,0,1,45,29526,6,1,0,0,3,3,62,389,2,0,0,0,0,4,2013,4,2013,0,0,0,0,0,5,2,55,1,1,2,1,0,0,1,80,99,1,1,13,0,0
45,450695,1,1,1,10,12,0,54,24,0,1,0,45,1,52,39,52039,2,1997,JA3AM84J4VY0,J,A,3,A,M,8,4,J,4,V,Y,0,0,0,0,000000000,00000000000,0,0,0,1,0,0,0,0,0,0,0,100,0,1,5,10,6,2,24,0,0,0,1,45,29526,6,1,0,0,3,0,71,130,1,0,0,1,1,4,2012,9,2012,4,0,0,0,0,3,3,65,3,2,2,1,0,0,14,13,99,1,4,1,1,1
45,450696,1,3,2,10,12,5,30,12,8,1,0,45,2,12,401,12401,14,1997,1FMDU35P8VZA,1,F,M,D,U,3,5,P,8,V,Z,A,0,0,0,000000000,00000000000,0,0,0,1,0,0,0,0,0,0,0,30,0,0,0,10,6,2,12,0,0,0,1,45,29827,6,1,0,0,3,0,69,215,0,0,0,0,0,0,0,0,0,0,0,0,0,0,1,2,55,1,1,2,1,0,0,1,62,99,1,1,98,0,0
45,450696,2,3,1,10,12,5,30,12,8,1,0,45,3,84,881,84881,66,2007,2HSCEAPR47C3,2,H,S,C,E,A,P,R,4,7,C,3,1,1,45,0333175,450333175,3,6,8,1,0,0,0,0,0,0,0,45,0,0,0,10,6,2,42,0,0,0,1,45,29432,6,1,6,0,3,3,66,165,1,0,0,0,0,11,2014,11,2014,0,28,0,0,0,1,2,55,1,1,2,1,0,0,1,54,99,1,2,64,0,0
45,450696,3,3,1,10,12,5,30,12,8,1,0,45,3,85,881,85881,66,1999,1XKWDB9X1XJ8,1,X,K,W,D,B,9,X,1,X,J,8,1,1,45,0829219,450829219,3,6,3,1,0,0,0,0,0,0,0,45,0,0,0,10,6,2,42,0,0,0,1,45,29039,6,1,6,3,3,3,71,223,0,0,0,1,0,10,2013,10,2013,0,0,0,0,0,1,2,55,1,1,2,1,0,0,1,62,99,1,1,65,1,0
45,450697,1,1,1,12,12,1,40,1,0,1,0,45,2,53,704,53704,80,2007,JS1GN7DA4721,J,S,1,G,N,7,D,A,4,7,2,1,0,0,0,000000000,00000000000,0,0,0,1,0,0,0,0,0,0,0,70,0,0,0,0,6,2,43,0,0,0,1,45,29730,1,1,5,0,2,0,71,185,0,1,0,2,1,4,2012,10,2014,3,0,0,0,0,1,2,35,3,1,2,1,0,0,14,13,99,1,4,1,1,1
45,450698,1,1,3,12,12,17,57,53,0,1,0,45,5,55,33,55033,4,2005,KMHWF35H55A1,K,M,H,W,F,3,5,H,5,5,A,1,0,0,0,000000000,00000000000,0,0,0,1,0,0,0,0,0,0,0,76,0,0,0,8,6,2,42,0,0,0,1,45,29621,1,1,5,0,2,0,70,220,0,3,0,0,0,5,2012,5,2013,0,8,0,0,0,1,2,35,1,1,2,1,0,0,1,6,99,9,4,2,3,1
45,450699,1,2,1,12,12,11,36,12,2,1,0,45,2,12,3,12003,2,2006,1ZVFT80N9652,1,Z,V,F,T,8,0,N,9,6,5,2,0,0,0,000000000,00000000000,0,0,0,1,0,0,0,0,0,0,0,65,0,0,0,12,6,2,12,0,0,0,1,45,29374,6,1,0,0,3,0,76,245,0,0,0,1,0,10,2014,10,2014,3,28,0,0,0,1,2,55,2,2,2,1,0,0,14,10,99,1,2,50,0,0
45,450699,2,2,2,12,12,11,36,12,2,1,0,45,1,63,37,63037,6,2013,KNDJT2A64D75,K,N,D,J,T,2,A,6,4,D,7,5,0,0,0,000000000,00000000000,0,0,0,1,0,0,0,0,0,0,0,50,0,0,0,12,6,2,12,0,0,0,1,45,29706,6,1,0,0,3,3,62,176,0,0,0,1,0,4,2014,4,2014,0,0,0,0,0,1,2,55,3,2,2,1,0,0,14,62,99,1,1,51,2,0
45,450700,1,2,1,13,12,4,40,12,2,1,0,37,3,85,881,85881,66,2003,1XKDDB9X03J3,1,X,K,D,D,B,9,X,0,3,J,3,1,3,37,0789703,370789703,3,6,2,1,0,0,0,0,0,0,0,55,0,0,0,12,6,2,12,0,0,0,1,37,28092,6,1,6,3,3,3,67,999,0,0,0,0,3,1,2013,11,2014,0,0,0,0,0,3,2,60,1,1,2,1,0,0,1,54,99,1,1,51,0,0
45,450700,2,2,1,13,12,4,40,12,2,1,0,45,1,6,43,6043,4,2007,1C3LC46K27N5,1,C,3,L,C,4,6,K,2,7,N,5,0,0,0,000000000,00000000000,0,0,0,1,0,0,0,0,0,0,0,55,0,0,0,12,6,2,12,0,0,0,1,45,29115,6,1,0,0,3,0,64,290,0,3,2,0,0,11,2012,5,2013,0,51,0,0,0,3,2,60,1,1,2,1,0,0,1,54,99,1,1,50,1,1
45,450701,1,2,1,13,12,12,25,1,0,1,0,45,1,7,482,7482,31,2001,3B7HC13Y51G7,3,B,7,H,C,1,3,Y,5,1,G,7,0,0,0,000000000,00000000000,0,0,0,1,0,0,0,0,0,0,0,5,0,0,0,10,4,5,12,0,0,0,1,45,29172,6,1,0,0,3,3,66,155,0,0,0,0,0,0,0,0,0,0,0,0,0,0,1,2,30,1,2,2,1,0,0,12,54,99,1,2,98,0,0
45,450701,2,2,1,13,12,12,25,1,0,1,0,45,1,37,704,37704,80,2009,JH2SC59J29K0,J,H,2,S,C,5,9,J,2,9,K,0,0,0,0,000000000,00000000000,0,0,0,1,0,0,0,0,0,0,0,53,0,0,0,0,6,2,1,0,0,0,1,45,29172,6,1,0,0,3,0,67,170,0,2,0,0,0,1,2013,1,2014,3,0,0,0,0,1,2,30,1,2,2,1,0,0,1,59,99,1,1,98,1,0
45,450702,1,2,2,13,12,17,40,35,0,1,0,45,1,18,2,18002,4,1993,1G4HP53L9PH5,1,G,4,H,P,5,3,L,9,P,H,5,0,0,0,000000000,00000000000,0,0,0,1,0,0,0,0,0,0,0,55,0,0,0,12,6,2,12,0,0,0,1,45,29563,6,1,0,0,3,0,70,180,0,1,0,0,0,1,2014,1,2014,0,0,0,0,0,1,2,55,1,1,2,1,0,0,1,62,99,1,1,98,2,0
45,450702,2,2,2,13,12,17,40,35,0,1,0,45,1,37,32,37032,4,1999,1HGCG5641XA0,1,H,G,C,G,5,6,4,1,X,A,0,0,0,0,000000000,00000000000,0,0,0,1,0,0,0,0,0,0,0,55,0,0,0,12,6,2,12,0,0,0,1,45,29565,6,1,0,0,3,0,62,130,0,0,0,0,0,0,0,0,0,4,0,0,0,0,1,2,55,1,1,2,1,0,0,1,13,99,1,4,1,0,0