STATE,ST_CASE,VEH_NO,VE_FORMS,NUMOCCS,DAY,MONTH,HOUR,MINUTE,HARM_EV,MAN_COLL,UNITTYPE,HIT_RUN,REG_STAT,OWNER,MAKE,MODEL,MAK_MOD,BODY_TYP,MOD_YEAR,VIN,VIN_1,VIN_2,VIN_3,VIN_4,VIN_5,VIN_6,VIN_7,VIN_8,VIN_9,VIN_10,VIN_11,VIN_12,TOW_VEH,J_KNIFE,MCARR_I1,MCARR_I2,MCARR_ID,GVWR,V_CONFIG,CARGO_BT,HAZ_INV,HAZ_PLAC,HAZ_ID,HAZ_CNO,HAZ_REL,BUS_USE,SPEC_USE,EMER_USE,TRAV_SP,UNDERIDE,ROLLOVER,ROLINLOC,IMPACT1,DEFORMED,TOWED,M_HARM,VEH_SC1,VEH_SC2,FIRE_EXP,DR_PRES,L_STATE,DR_ZIP,L_STATUS,L_TYPE,CDL_STAT,L_ENDORS,L_COMPL,L_RESTRI,DR_HGT,DR_WGT,PREV_ACC,PREV_SUS,PREV_DWI,PREV_SPD,PREV_OTH,FIRST_MO,FIRST_YR,LAST_MO,LAST_YR,SPEEDREL,DR_SF1,DR_SF2,DR_SF3,DR_SF4,VTRAFWAY,VNUM_LAN,VSPD_LIM,VALIGN,VPROFILE,VPAVETYP,VSURCOND,VTRAFCON,VTCONT_F,P_CRASH1,P_CRASH2,P_CRASH3,PCRASH4,PCRASH5,ACC_TYPE,DEATHS,DR_DRINK
45,450703,1,1,1,14,12,2,30,38,0,1,0,45,2,20,471,20471,30,1997,1GCCS14X7VK1,1,G,C,C,S,1,4,X,7,V,K,1,0,0,0,000000000,00000000000,0,0,0,1,0,0,0,0,0,0,0,60,0,1,5,2,6,2,1,0,0,0,1,45,29340,6,1,0,0,3,0,66,130,0,2,0,0,1,4,2013,6,2014,4,0,0,0,0,1,2,45,1,1,2,1,0,0,1,13,99,1,4,1,1,1
45,450704,1,2,3,14,12,16,53,12,6,1,0,45,2,7,482,7482,31,2005,1D7HU18D45S2,1,D,7,H,U,1,8,D,4,5,S,2,0,0,0,000000000,00000000000,0,0,0,1,0,0,0,0,0,0,0,15,0,0,0,9,4,5,12,0,0,0,1,45,29054,6,2,0,0,3,3,69,140,0,0,0,0,0,0,0,0,0,0,38,0,0,0,1,2,45,1,1,2,1,20,3,1,66,99,1,1,89,0,0
45,450704,2,2,2,14,12,16,53,12,6,1,0,45,1,72,706,72706,80,2007,1HD1JL5127Y0,1,H,D,1,J,L,5,1,2,7,Y,0,0,0,0,000000000,00000000000,0,0,0,1,0,0,0,0,0,0,0,45,0,0,0,12,6,2,12,0,0,0,1,45,29045,6,1,0,0,3,3,68,153,0,0,0,0,0,0,0,0,0,0,0,0,0,0,1,2,45,1,1,2,1,0,0,1,66,99,1,1,88,2,1
45,450705,1,3,1,10,12,16,15,12,1,1,0,45,1,23,431,23431,16,1999,1GKEC13R7XJ7,1,G,K,E,C,1,3,R,7,X,J,7,0,0,0,000000000,00000000000,0,0,0,1,0,0,0,0,0,0,0,45,0,0,0,12,6,2,12,0,0,0,1,45,29128,6,1,0,0,3,0,66,265,0,0,0,0,0,0,0,0,0,4,0,0,0,0,1,2,45,1,1,2,1,3,3,1,50,99,1,1,98,0,0
45,450705,2,3,0,10,12,16,15,12,1,1,0,45,6,12,481,12481,31,1993,1FTDF15N1PNA,1,F,T,D,F,1,5,N,1,P,N,A,0,0,0,000000000,00000000000,0,0,0,1,0,0,0,0,0,0,0,0,0,0,0,6,6,2,12,0,0,0,0,0,99997,7,6,97,7,6,7,998,997,998,998,998,998,998,98,9998,98,9998,8,0,0,0,0,1,2,45,1,1,2,1,3,3,0,80,0,0,0,98,0,0
45,450705,3,3,1,10,12,16,15,12,1,1,0,45,1,35,481,35481,31,2008,1N6AA07D68N3,1,N,6,A,A,0,7,D,6,8,N,3,0,0,0,000000000,00000000000,0,0,0,1,0,0,0,0,0,0,0,998,0,0,0,3,0,5,12,0,0,0,1,45,29150,6,1,0,0,3,3,65,145,0,0,0,0,0,0,0,0,0,0,0,0,0,0,1,2,45,1,1,2,1,3,3,6,50,99,1,2,98,0,0
45,450706,1,1,2,16,12,11,28,1,0,1,0,45,3,12,461,12461,21,2009,1FTNS24L99DA,1,F,T,N,S,2,4,L,9,9,D,A,0,0,0,000000000,00000000000,0,0,0,1,0,0,0,0,0,0,0,70,0,1,5,0,6,2,1,0,0,0,1,45,29405,6,1,0,0,3,3,61,183,0,0,0,0,0,0,0,0,0,0,80,0,0,0,3,2,70,1,1,2,1,0,0,1,1,99,3,4,2,1,1
45,450707,1,1,1,13,8,5,39,43,0,1,0,45,1,37,402,37402,14,2009,5J6RE38319L0,5,J,6,R,E,3,8,3,1,9,L,0,0,0,0,000000000,00000000000,0,0,0,1,0,0,0,0,0,0,0,999,0,0,0,12,6,2,43,0,0,0,1,45,29642,6,1,0,0,3,0,63,100,0,0,0,0,0,0,0,0,0,0,0,0,0,0,2,2,45,1,1,2,1,3,3,1,13,99,9,4,1,1,0
45,450708,1,1,1,5,12,3,55,42,0,1,0,45,3,12,461,12461,21,2013,1FTNS2EW4DDA,1,F,T,N,S,2,E,W,4,D,D,A,0,0,0,000000000,00000000000,0,0,0,1,0,0,0,0,0,0,0,49,0,0,0,12,6,2,42,0,0,0,1,45,29488,6,1,0,0,3,0,69,170,1,0,0,1,0,7,2012,5,2013,0,99,99,99,99,1,2,55,1,1,2,1,0,0,1,12,99,9,4,6,1,0
45,450709,1,2,1,16,12,13,15,12,6,1,0,45,3,85,881,85881,66,1999,1NKDXUEX8XJ7,1,N,K,D,X,U,E,X,8,X,J,7,1,1,45,2323325,452323325,3,6,4,1,0,0,0,0,0,0,0,45,0,0,0,12,6,2,12,0,0,0,1,45,29150,6,1,6,3,3,0,65,185,1,0,0,0,1,3,2012,10,2013,0,0,0,0,0,1,2,45,1,1,2,2,0,0,1,66,99,1,1,88,0,0
45,450709,2,2,1,16,12,13,15,12,6,1,0,45,1,20,22,20022,4,2010,1G1AD5F53A71,1,G,1,A,D,5,F,5,3,A,7,1,0,0,0,000000000,00000000000,0,0,0,1,0,0,0,0,0,0,0,35,0,0,0,10,6,2,12,0,0,0,1,45,29128,6,1,0,0,3,0,48,137,0,0,0,0,0,0,0,0,0,4,0,0,0,0,1,2,45,1,1,2,2,20,3,1,6,99,9,2,89,1,0
45,450710,1,1,1,17,12,21,35,43,0,1,0,45,1,52,47,52047,6,2015,4A4AP3AU8FE0,4,A,4,A,P,3,A,U,8,F,E,0,0,0,0,000000000,00000000000,0,0,0,1,0,0,0,0,0,0,0,60,0,1,5,12,6,2,43,0,0,0,1,45,29657,6,1,6,0,3,0,72,245,1,0,0,0,1,6,2014,6,2014,0,0,0,0,0,1,2,45,3,1,2,1,0,0,14,13,99,1,4,1,1,1
45,450711,1,1,2,18,12,16,18,8,0,1,0,45,2,13,15,13015,4,2011,1LNHL9DR0BG6,1,L,N,H,L,9,D,R,0,B,G,6,0,0,0,000000000,00000000000,0,0,0,1,0,0,0,0,0,0,0,999,0,0,0,12,6,2,14,0,0,0,1,45,29115,1,1,5,0,2,0,71,170,0,1,0,0,0,11,2012,11,2012,0,0,0,0,0,1,2,98,1,1,2,1,0,0,1,12,99,9,4,6,0,0
45,450712,1,2,1,17,12,20,12,12,6,1,0,45,1,3,431,3431,16,2007,5GTDN13E5781,5,G,T,D,N,1,3,E,5,7,8,1,0,0,0,000000000,00000000000,0,0,0,1,0,0,0,0,0,0,0,55,0,0,0,12,6,2,12,0,0,0,1,45,29860,6,1,0,0,3,0,69,199,0,0,0,0,1,11,2012,11,2012,0,0,0,0,0,1,2,55,1,1,2,1,0,0,1,66,99,1,1,83,0,0
45,450712,2,2,1,17,12,20,12,12,6,1,0,45,1,55,33,55033,4,2014,5NPEB4AC8EH9,5,N,P,E,B,4,A,C,8,E,H,9,0,0,0,000000000,00000000000,0,0,0,1,0,0,0,0,0,0,0,5,0,0,0,9,6,2,12,0,0,0,1,45,29809,6,1,0,0,3,0,67,150,0,0,0,0,0,0,0,0,0,0,38,0,0,0,1,2,55,1,1,2,1,20,3,11,15,99,1,1,82,1,0
45,450713,1,3,2,18,12,18,42,8,0,1,0,45,1,49,53,49053,5,2009,4T3ZK11A49U0,4,T,3,Z,K,1,1,A,4,9,U,0,0,0,0,000000000,00000000000,0,0,0,1,0,0,0,0,0,0,0,35,0,0,0,12,4,5,8,0,0,0,1,45,29073,6,1,0,0,3,3,67,150,0,1,0,0,0,8,2014,8,2014,0,0,0,0,0,2,2,50,1,1,2,1,0,0,1,80,99,1,1,13,0,0
45,450713,2,3,2,18,12,18,42,8,0,1,0,45,1,23,481,23481,31,2002,2GTEC19V8211,2,G,T,E,C,1,9,V,8,2,1,1,0,0,0,000000000,00000000000,0,0,0,1,0,0,0,0,0,0,0,50,0,0,0,14,4,5,8,0,0,0,1,45,29461,6,1,0,0,3,3,68,175,0,0,0,1,0,10,2012,10,2012,0,0,0,0,0,2,2,50,1,1,2,1,0,0,1,80,99,1,1,98,0,0
45,450713,3,3,2,18,12,18,42,8,0,1,0,45,1,20,481,20481,31,2014,3GCUKSEC2EG4,3,G,C,U,K,S,E,C,2,E,G,4,0,0,0,000000000,00000000000,0,0,0,1,0,0,0,0,0,0,0,50,0,0,0,14,4,5,8,0,0,0,1,45,29456,6,1,0,0,3,0,71,160,1,0,0,2,2,9,2012,11,2014,0,0,0,0,0,2,2,50,1,1,2,1,0,0,1,80,99,1,1,98,0,0
45,450714,1,1,1,18,12,19,20,9,0,1,0,45,1,7,442,7442,20,2003,2D4GP44L63R1,2,D,4,G,P,4,4,L,6,3,R,1,0,0,0,000000000,00000000000,0,0,0,1,0,0,0,0,0,0,0,35,0,0,0,12,6,2,9,0,0,0,1,45,29483,6,1,0,0,3,3,61,190,0,0,0,0,0,0,0,0,0,0,0,0,0,0,1,2,35,1,1,2,1,0,0,1,80,99,1,1,13,0,0
45,450715,1,1,1,18,12,0,50,35,0,1,0,37,1,12,402,12402,14,2011,1FMCU0D75BKA,1,F,M,C,U,0,D,7,5,B,K,A,0,0,0,000000000,00000000000,0,0,0,1,0,0,0,0,0,0,0,55,0,0,0,12,6,2,42,0,0,0,1,37,28379,6,1,0,0,3,3,66,999,0,0,0,0,0,0,0,0,0,4,0,0,0,0,1,2,55,1,2,2,1,0,0,1,12,99,1,4,6,1,0
45,450716,1,1,3,19,12,5,50,32,0,1,0,45,1,30,52,30052,4,2012,WVWMP7AN4CE5,W,V,W,M,P,7,A,N,4,C,E,5,0,0,0,000000000,00000000000,0,0,0,1,0,0,0,0,0,0,0,55,0,1,5,99,6,2,1,0,0,0,1,45,29732,6,1,0,0,3,0,60,136,0,0,0,0,0,0,0,0,0,0,27,0,0,0,1,2,55,1,1,2,1,0,0,15,12,6,1,4,6,1,0
45,450717,1,2,1,18,12,14,15,12,2,1,0,13,2,20,25,20025,4,2013,1G1PA5SH8D71,1,G,1,P,A,5,S,H,8,D,7,1,0,0,0,000000000,00000000000,0,0,0,1,0,0,0,0,0,0,0,55,0,0,0,12,6,2,12,0,0,0,1,13,31419,6,1,0,0,3,0,68,120,98,3,0,0,0,7,2013,7,2013,0,28,0,0,0,1,2,55,1,1,2,1,0,0,1,10,99,1,2,50,1,0
45,450717,2,2,1,18,12,14,15,12,2,1,0,45,1,49,401,49401,14,2009,JTEBU14RX9K0,J,T,E,B,U,1,4,R,X,9,K,0,0,0,0,000000000,00000000000,0,0,0,1,0,0,0,0,0,0,0,55,0,0,0,12,6,2,12,0,0,0,1,45,29910,6,1,0,0,3,3,65,120,0,0,0,0,0,0,0,0,0,0,0,0,0,0,1,2,55,1,1,2,1,0,0,1,62,99,1,1,51,0,0
45,450718,1,1,1,20,12,2,0,34,0,1,0,45,2,41,471,41471,30,1997,4F4CR16X5VTM,4,F,4,C,R,1,6,X,5,V,T,M,0,0,0,000000000,00000000000,0,0,0,1,0,0,0,0,0,0,0,50,0,1,5,98,6,2,1,0,0,0,1,45,29571,6,1,0,0,3,0,70,180,0,0,0,0,0,0,0,0,0,3,0,0,0,0,1,2,25,2,1,2,1,0,0,14,12,99,1,4,6,1,1
45,450719,1,1,1,20,12,10,40,32,0,1,0,45,1,20,471,20471,30,1987,1GCCS14RXH21,1,G,C,C,S,1,4,R,X,H,2,1,0,0,0,000000000,00000000000,0,0,0,1,0,0,0,0,0,0,0,45,0,1,5,2,6,2,1,0,0,0,1,45,29102,6,1,6,3,3,3,75,285,1,0,0,1,1,9,2012,5,2014,4,0,0,0,0,1,2,45,1,1,2,2,0,0,1,13,99,9,4,1,1,0
45,450720,1,1,1,20,12,22,25,35,0,1,0,45,1,12,32,12032,4,2014,3FADP4BJ8EM1,3,F,A,D,P,4,B,J,8,E,M,1,0,0,0,000000000,00000000000,0,0,0,1,0,0,0,0,0,0,0,75,0,0,0,98,6,2,42,0,0,0,1,45,29620,6,1,0,0,3,3,68,195,0,0,0,0,0,0,0,0,0,4,0,0,0,0,1,2,25,2,1,2,1,0,0,14,12,99,1,4,6,1,1
45,450721,1,1,1,21,12,10,55,33,0,1,0,45,1,12,17,12017,4,2006,1FAFP56U46A1,1,F,A,F,P,5,6,U,4,6,A,1,0,0,0,000000000,00000000000,0,0,0,1,0,0,0,0,0,0,0,45,0,0,0,3,6,2,42,0,0,0,1,45,29730,6,1,0,0,3,3,71,140,0,1,0,0,1,11,2012,3,2013,0,0,0,0,0,2,2,45,1,1,2,1,0,0,1,13,99,1,4,1,1,1
45,450722,1,2,5,22,12,20,10,12,2,1,0,45,1,12,401,12401,14,1996,1FMDU34X3TUB,1,F,M,D,U,3,4,X,3,T,U,B,0,0,0,000000000,00000000000,0,0,0,1,0,0,0,0,0,0,0,65,0,0,0,12,6,2,12,0,0,0,1,45,29569,6,1,0,0,3,0,69,160,1,2,0,0,0,6,2013,3,2014,0,0,0,0,0,1,2,45,1,1,2,2,0,0,1,10,99,1,2,50,0,1
45,450722,2,2,2,22,12,20,10,12,2,1,0,45,2,2,404,2404,14,2003,1J4GX48S53C5,1,J,4,G,X,4,8,S,5,3,C,5,0,0,0,000000000,00000000000,0,0,0,1,0,0,0,0,0,0,0,45,0,0,0,12,6,2,12,0,0,0,1,45,29569,6,1,0,0,3,0,67,155,0,0,0,2,0,3,2012,6,2012,0,0,0,0,0,1,2,45,1,1,2,2,0,0,1,62,99,1,1,51,2,0
45,450723,1,2,1,23,12,5,5,12,2,1,0,45,2,20,880,20880,67,2009,1GBE5C1959F4,1,G,B,E,5,C,1,9,5,9,F,4,0,0,45,1287135,451287135,2,1,97,1,0,0,0,0,0,0,0,45,0,0,0,12,6,2,12,0,0,0,1,45,29710,6,1,0,0,3,3,75,245,0,0,0,0,0,0,0,0,0,0,0,0,0,0,1,2,55,4,2,2,2,0,0,14,62,99,1,1,51,0,0
45,450723,2,2,1,23,12,5,5,12,2,1,0,45,2,63,34,63034,4,2013,5XXGM4A77DG2,5,X,X,G,M,4,A,7,7,D,G,2,0,0,0,000000000,00000000000,0,0,0,1,0,0,0,0,0,0,0,51,0,0,0,12,6,2,12,0,0,0,1,45,29742,1,1,5,0,2,0,62,105,0,2,0,1,0,4,2013,11,2014,0,28,0,0,0,1,2,55,4,2,2,2,0,0,14,10,99,1,2,50,1,0
45,450724,1,1,2,23,12,5,55,8,0,1,0,37,3,82,881,82881,61,2014,1FVACWDTXEHF,1,F,V,A,C,W,D,T,X,E,H,F,0,0,37,0181069,370181069,2,1,1,1,0,0,0,0,0,0,0,45,0,0,0,12,0,5,8,0,0,0,1,45,29334,6,1,0,0,3,0,67,165,0,0,0,0,0,0,0,0,0,0,0,0,0,0,2,2,55,1,1,2,1,0,0,1,81,99,1,1,13,0,0
45,450725,1,1,1,23,12,15,15,34,0,1,0,45,1,12,401,12401,14,1999,1FMZU32X1XUC,1,F,M,Z,U,3,2,X,1,X,U,C,0,0,0,000000000,00000000000,0,0,0,1,0,0,0,0,0,0,0,40,0,0,0,12,6,2,42,0,0,0,1,45,29335,6,1,0,0,3,0,72,180,0,0,0,0,0,0,0,0,0,4,0,0,0,0,1,2,55,2,2,2,2,0,0,14,6,99,9,4,7,1,1
45,450726,1,1,1,24,12,12,35,8,0,1,0,13,1,49,40,49040,4,2004,4T1BE32K04U8,4,T,1,B,E,3,2,K,0,4,U,8,0,0,0,000000000,00000000000,0,0,0,1,0,0,0,0,0,0,0,70,0,0,0,12,6,2,8,0,0,0,1,13,31320,6,1,0,0,3,3,75,175,98,0,0,0,0,0,0,0,0,0,0,0,0,0,3,3,70,1,2,2,2,0,0,1,12,99,9,4,6,0,0
45,450727,1,1,3,24,12,12,21,42,0,1,0,12,1,19,20,19020,6,2008,1GYEE6373802,1,G,Y,E,E,6,3,7,3,8,0,2,0,0,0,000000000,00000000000,0,0,0,1,0,0,0,0,0,0,0,70,0,0,0,10,6,2,42,0,0,0,1,12,33707,6,1,0,0,3,3,71,999,0,0,0,0,0,0,0,0,0,4,0,0,0,0,3,2,70,1,1,2,2,0,0,1,12,99,1,4,6,1,0
45,450728,1,1,1,24,12,18,0,35,0,1,0,45,1,63,34,63034,4,2006,KNAGE1239650,K,N,A,G,E,1,2,3,9,6,5,0,0,0,0,000000000,00000000000,0,0,0,1,0,0,0,0,0,0,0,80,0,0,0,12,6,2,42,0,0,0,1,45,29037,6,1,0,0,3,0,67,200,0,0,0,1,0,2,2014,2,2014,3,0,0,0,0,1,2,55,3,2,2,2,0,0,1,13,99,1,4,1,1,0
45,450729,1,1,1,25,12,17,20,32,0,1,0,45,2,37,402,37402,14,2003,SHSRD78853U1,S,H,S,R,D,7,8,8,5,3,U,1,0,0,0,000000000,00000000000,0,0,0,1,0,0,0,0,0,0,0,45,0,1,5,12,6,2,1,0,0,0,1,45,29609,6,1,0,0,3,0,71,170,0,0,0,0,0,0,0,0,0,4,0,0,0,0,1,2,35,3,1,2,1,0,0,14,13,99,1,4,1,1,1
45,450730,1,1,1,27,12,2,0,33,0,1,0,45,1,41,51,41051,4,2009,JM1BK32F5912,J,M,1,B,K,3,2,F,5,9,1,2,0,0,0,000000000,00000000000,0,0,0,1,0,0,0,0,0,0,0,55,0,1,5,99,6,2,1,0,0,0,1,45,29449,6,1,0,0,3,0,72,200,0,0,0,0,0,0,0,0,0,0,8,0,0,0,1,2,30,4,1,2,1,0,0,14,12,99,1,4,6,1,1
45,450731,1,1,3,27,12,10,40,31,0,1,0,45,2,18,23,18023,4,2007,1G4HE57Y87U1,1,G,4,H,E,5,7,Y,8,7,U,1,0,0,0,000000000,00000000000,0,0,0,1,0,0,0,0,0,0,0,50,0,1,5,2,6,2,1,0,0,0,1,45,29714,6,1,0,0,3,0,62,98,1,0,0,2,1,7,2012,6,2014,0,0,0,0,0,1,2,45,1,1,2,1,0,0,1,13,99,1,4,1,2,0
45,450732,1,1,1,28,12,0,45,34,0,1,0,45,1,22,20,22020,4,2007,2G2WP5520711,2,G,2,W,P,5,5,2,0,7,1,1,0,0,0,000000000,00000000000,0,0,0,1,0,0,0,0,0,0,0,80,0,1,1,2,6,2,1,0,0,0,1,45,29154,6,1,0,0,3,0,68,241,1,0,0,0,0,8,2013,8,2013,3,0,0,0,0,1,2,55,3,1,2,1,0,0,14,13,99,1,4,1,1,1
45,450733,1,1,1,28,12,20,20,42,0,1,0,45,1,12,481,12481,31,2000,1FTNW21LXYED,1,F,T,N,W,2,1,L,X,Y,E,D,0,0,0,000000000,00000000000,0,0,0,1,0,0,0,0,0,0,0,70,0,0,0,10,6,2,42,0,0,0,1,45,29456,6,1,0,0,3,0,75,180,0,1,0,0,0,6,2013,6,2013,4,0,0,0,0,3,3,60,1,2,2,2,0,0,17,13,6,3,4,1,1,0
45,450734,1,1,1,28,12,23,0,53,0,1,0,45,1,49,32,49032,4,2009,JTDBL40E1990,J,T,D,B,L,4,0,E,1,9,9,0,0,0,0,000000000,00000000000,0,0,0,1,0,0,0,0,0,0,0,60,0,0,0,5,6,2,42,0,0,0,1,45,29720,1,1,5,0,2,0,76,176,0,0,0,1,0,6,2014,6,2014,3,0,0,0,0,1,2,45,1,1,2,2,0,0,1,13,99,1,4,1,1,1
45,450735,1,1,1,4,12,18,0,8,0,1,0,45,1,14,401,14401,14,1998,4M2ZU55P4WUJ,4,M,2,Z,U,5,5,P,4,W,U,J,0,0,0,000000000,00000000000,0,0,0,1,0,0,0,0,0,0,0,30,0,0,0,12,4,5,8,0,0,0,1,45,29605,6,1,6,0,3,0,74,198,1,0,0,1,0,8,2012,5,2013,0,0,0,0,0,2,2,35,1,1,2,1,0,0,1,81,99,1,1,13,0,0
45,450736,1,1,1,5,12,5,17,8,0,1,0,45,1,37,32,37032,4,1997,1HGCD563XVA2,1,H,G,C,D,5,6,3,X,V,A,2,0,0,0,000000000,00000000000,0,0,0,1,0,0,0,0,0,0,0,30,0,0,0,12,6,2,8,0,0,0,1,45,29611,6,1,0,0,3,3,64,190,0,1,0,0,0,6,2014,6,2014,0,0,0,0,0,1,2,35,1,1,2,2,3,3,1,80,99,1,1,13,0,0
45,450737,1,2,3,5,12,20,25,12,2,1,0,45,2,49,43,49043,4,2006,4T1BK36B36U1,4,T,1,B,K,3,6,B,3,6,U,1,0,0,0,000000000,00000000000,0,0,0,1,0,0,0,0,0,0,0,45,0,0,0,12,6,2,12,0,0,0,1,45,29556,6,1,0,0,3,0,67,306,0,0,0,1,0,5,2014,5,2014,0,0,0,0,0,1,2,55,2,2,2,1,0,0,14,62,99,1,1,51,1,0
45,450737,2,2,1,5,12,20,25,12,2,1,0,45,2,49,32,49032,4,2010,1NXBU4EEXAZ2,1,N,X,B,U,4,E,E,X,A,Z,2,0,0,0,000000000,00000000000,0,0,0,1,0,0,0,0,0,0,0,45,0,0,0,12,6,2,12,0,0,0,1,45,29056,6,1,0,0,3,0,72,185,0,0,0,0,0,0,0,0,0,0,28,0,0,0,1,2,45,2,2,2,1,0,0,14,10,99,1,2,50,0,0
45,450738,1,2,2,6,12,18,45,12,1,1,0,45,1,41,35,41035,4,2003,JM1BJ2259311,J,M,1,B,J,2,2,5,9,3,1,1,0,0,0,000000000,00000000000,0,0,0,1,0,0,0,0,0,0,0,70,0,0,0,6,6,2,42,0,0,0,1,45,29053,6,1,0,0,3,0,67,220,0,2,0,1,1,3,2013,12,2014,0,0,0,0,0,3,2,70,1,1,2,2,0,0,1,53,99,1,1,25,1,0
45,450738,2,2,1,6,12,18,45,12,1,1,0,45,1,7,28,7028,2,2012,2C3CDYAG1CH2,2,C,3,C,D,Y,A,G,1,C,H,2,0,0,0,000000000,00000000000,0,0,0,1,0,0,0,0,0,0,0,100,0,1,5,12,6,2,1,0,0,0,1,45,29461,6,1,0,0,3,3,72,225,0,0,0,0,0,0,0,0,0,3,8,0,0,0,3,2,70,1,1,2,2,0,0,1,51,99,1,1,24,1,1
45,450739,1,1,1,8,12,23,55,8,0,1,0,45,1,23,431,23431,16,1999,1GKEK13R3XR9,1,G,K,E,K,1,3,R,3,X,R,9,0,0,0,000000000,00000000000,0,0,0,1,0,0,0,0,0,0,0,40,0,0,0,12,6,2,8,0,0,0,1,45,29501,6,1,0,0,3,0,74,185,0,0,0,0,0,0,0,0,0,0,0,0,0,0,1,2,40,1,1,2,2,0,0,1,80,99,1,1,13,0,0
45,450740,1,1,2,12,12,14,28,42,0,1,0,45,2,34,35,34035,4,2001,WBADT53421CE,W,B,A,D,T,5,3,4,2,1,C,E,0,0,0,000000000,00000000000,0,0,0,1,0,0,0,0,0,0,0,80,0,1,6,10,6,2,42,0,0,0,1,45,29690,6,1,0,0,3,0,67,115,2,0,0,1,1,4,2013,6,2014,0,8,0,0,0,1,2,45,1,1,2,1,0,0,1,13,99,1,4,1,2,0
45,450741,1,2,1,13,12,17,36,12,2,1,0,45,2,7,24,7024,4,2008,2B3KA43R58H3,2,B,3,K,A,4,3,R,5,8,H,3,0,0,0,000000000,00000000000,0,0,0,1,0,0,0,0,0,0,0,45,0,0,0,12,6,2,12,0,0,0,1,45,29625,1,1,5,0,2,0,66,236,0,1,0,0,0,8,2013,8,2013,0,0,0,0,0,1,2,45,1,2,2,1,0,0,1,62,99,1,1,51,1,1
45,450741,2,2,1,13,12,17,36,12,2,1,0,45,3,12,481,12481,31,2011,1FTVX1EF3BKE,1,F,T,V,X,1,E,F,3,B,K,E,0,0,0,000000000,00000000000,0,0,0,1,0,0,0,0,0,0,0,45,0,0,0,12,6,2,12,0,0,0,1,45,29687,6,1,0,0,3,3,69,240,0,0,0,0,0,0,0,0,0,0,28,0,0,0,1,2,45,1,2,2,1,0,0,1,10,99,1,2,50,0,0
45,450744,1,1,2,27,12,18,15,59,0,1,0,34,2,37,402,37402,14,2008,JHLRE48778C0,J,H,L,R,E,4,8,7,7,8,C,0,0,0,0,000000000,00000000000,0,0,0,1,0,0,0,0,0,0,0,20,0,0,0,12,6,2,59,0,0,0,1,34,7931,6,1,0,0,3,0,68,999,0,0,0,0,0,0,0,0,0,0,48,0,0,0,6,1,35,1,2,2,1,20,3,11,15,99,1,4,98,1,0
45,450745,1,2,1,30,12,4,35,12,6,1,0,45,3,82,881,82881,66,2013,1FUJGEDR8DLF,1,F,U,J,G,E,D,R,8,D,L,F,1,1,45,031729,45031729,3,6,2,1,0,0,0,0,0,0,0,55,0,0,0,61,4,5,12,0,0,0,1,45,29006,6,1,6,3,3,0,68,324,1,0,0,0,0,7,2013,7,2013,0,0,0,0,0,1,2,55,1,2,2,2,0,0,1,66,99,1,1,89,0,0
45,450745,2,2,1,30,12,4,35,12,6,1,0,45,1,37,31,37031,4,1998,2HGEJ6672WH5,2,H,G,E,J,6,6,7,2,W,H,5,0,0,0,000000000,00000000000,0,0,0,1,0,0,0,0,0,0,0,55,0,0,0,12,6,2,12,0,0,0,1,45,29105,1,1,0,0,2,0,71,195,1,5,0,0,0,11,2012,11,2014,0,39,0,0,0,1,2,55,1,1,2,2,20,3,1,66,99,1,1,88,1,0
45,450746,1,1,1,16,12,12,20,30,0,1,0,45,1,98,709,98709,81,2012,999999999999,9,9,9,9,9,9,9,9,9,9,9,9,0,0,0,000000000,00000000000,0,0,0,1,0,0,0,0,0,0,0,40,0,0,0,12,6,2,30,0,0,0,1,45,29133,1,1,0,0,2,0,71,170,0,0,0,0,0,0,0,0,0,0,0,0,0,0,1,2,25,1,1,2,1,0,0,1,12,99,1,4,6,1,1
45,450747,1,1,1,18,12,19,43,8,0,1,1,99,9,99,999,99999,99,9999,999999999999,9,9,9,9,9,9,9,9,9,9,9,9,0,0,0,000000000,00000000000,0,0,0,1,0,0,0,0,0,0,0,999,0,0,0,99,9,5,8,0,0,0,1,99,99999,9,9,99,9,9,9,999,999,99,99,99,99,99,99,9999,99,9999,0,0,0,0,0,1,2,30,1,2,2,1,0,0,1,80,99,9,1,13,0,0
45,450748,1,3,2,21,12,14,56,12,2,1,0,45,2,34,34,34034,4,1997,WBACD4326VAV,W,B,A,C,D,4,3,2,6,V,A,V,0,0,0,000000000,00000000000,0,0,0,1,0,0,0,0,0,0,0,60,0,0,0,12,6,2,12,0,0,0,1,45,29936,6,1,0,0,3,0,64,140,0,2,0,1,0,2,2013,7,2014,0,28,0,0,0,1,2,55,2,2,2,2,0,0,14,54,99,1,2,50,1,0
45,450748,2,3,3,21,12,14,56,12,2,1,0,26,1,48,45,48045,6,2014,4S4BRCCC4E32,4,S,4,B,R,C,C,C,4,E,3,2,0,0,0,000000000,00000000000,0,0,0,1,0,0,0,0,0,0,0,50,0,0,0,12,6,2,12,0,0,0,1,26,48187,6,1,0,0,3,0,67,176,0,0,0,1,0,3,2014,3,2014,0,0,0,0,0,1,2,55,3,2,2,2,0,0,14,62,99,1,1,51,0,0