STATE,ST_CASE,VEH_NO,VE_FORMS,NUMOCCS,DAY,MONTH,HOUR,MINUTE,HARM_EV,MAN_COLL,UNITTYPE,HIT_RUN,REG_STAT,OWNER,MAKE,MODEL,MAK_MOD,BODY_TYP,MOD_YEAR,VIN,VIN_1,VIN_2,VIN_3,VIN_4,VIN_5,VIN_6,VIN_7,VIN_8,VIN_9,VIN_10,VIN_11,VIN_12,TOW_VEH,J_KNIFE,MCARR_I1,MCARR_I2,MCARR_ID,GVWR,V_CONFIG,CARGO_BT,HAZ_INV,HAZ_PLAC,HAZ_ID,HAZ_CNO,HAZ_REL,BUS_USE,SPEC_USE,EMER_USE,TRAV_SP,UNDERIDE,ROLLOVER,ROLINLOC,IMPACT1,DEFORMED,TOWED,M_HARM,VEH_SC1,VEH_SC2,FIRE_EXP,DR_PRES,L_STATE,DR_ZIP,L_STATUS,L_TYPE,CDL_STAT,L_ENDORS,L_COMPL,L_RESTRI,DR_HGT,DR_WGT,PREV_ACC,PREV_SUS,PREV_DWI,PREV_SPD,PREV_OTH,FIRST_MO,FIRST_YR,LAST_MO,LAST_YR,SPEEDREL,DR_SF1,DR_SF2,DR_SF3,DR_SF4,VTRAFWAY,VNUM_LAN,VSPD_LIM,VALIGN,VPROFILE,VPAVETYP,VSURCOND,VTRAFCON,VTCONT_F,P_CRASH1,P_CRASH2,P_CRASH3,PCRASH4,PCRASH5,ACC_TYPE,DEATHS,DR_DRINK
46,460016,1,1,2,16,2,0,38,1,0,1,0,46,2,37,32,37032,4,2004,1HGCM66564A0,1,H,G,C,M,6,6,5,6,4,A,0,0,0,0,000000000,00000000000,0,0,0,1,0,0,0,0,0,0,0,65,0,2,5,0,6,2,1,0,0,0,1,46,57106,6,1,0,0,3,0,64,155,1,0,0,0,1,11,2013,11,2013,3,0,0,0,0,1,2,45,2,1,2,1,0,0,14,6,1,2,4,7,2,1
46,460017,1,2,1,17,2,10,43,12,2,1,0,93,3,85,881,85881,66,2006,1XKADB9X26J1,1,X,K,A,D,B,9,X,2,6,J,1,2,1,57,423360,57423360,3,7,8,1,0,0,0,0,0,0,0,64,7,0,0,12,6,2,12,0,0,0,1,5,72455,6,1,6,1,3,1,72,170,0,1,1,2,0,8,2011,9,2013,0,0,0,0,0,1,2,65,1,1,2,1,0,0,1,62,1,1,1,51,0,0
46,460017,2,2,1,17,2,10,43,12,2,1,0,46,1,2,405,2405,14,2007,1J4GL48K67W5,1,J,4,G,L,4,8,K,6,7,W,5,0,0,0,000000000,00000000000,0,0,0,1,0,0,0,0,0,0,0,998,0,0,0,12,6,2,12,0,0,0,1,46,57235,6,1,0,0,3,1,60,130,0,1,0,0,1,1,2012,1,2012,0,28,0,0,0,1,2,65,1,1,2,1,0,0,1,10,1,1,2,50,1,0
46,460018,1,1,1,22,2,1,55,1,0,1,0,46,3,12,461,12461,21,2011,1FDSE3FL4BDA,1,F,D,S,E,3,F,L,4,B,D,A,0,0,0,000000000,00000000000,0,0,0,1,0,0,0,0,0,0,0,998,0,1,5,0,6,2,2,0,0,1,1,46,57249,6,1,0,0,3,1,67,145,2,0,0,0,0,3,2011,3,2011,0,0,0,0,0,1,2,55,1,1,2,1,0,0,1,12,6,1,4,6,1,1
46,460019,1,1,1,22,2,15,20,38,0,1,0,46,2,12,17,12017,4,1997,1FALP53S7VG1,1,F,A,L,P,5,3,S,7,V,G,1,0,0,0,000000000,00000000000,0,0,0,1,0,0,0,0,0,0,0,55,0,1,5,11,6,2,1,0,0,0,1,46,57043,6,1,0,0,2,0,71,200,0,1,0,0,0,2,2012,2,2012,0,0,0,0,0,1,2,55,2,2,2,1,0,0,14,13,7,1,4,1,1,1
46,460020,1,1,2,22,2,16,37,24,0,1,0,46,1,7,482,7482,31,2005,1D7HU18D05S2,1,D,7,H,U,1,8,D,0,5,S,2,0,0,0,000000000,00000000000,0,0,0,1,0,0,0,0,0,0,0,50,0,1,5,1,6,2,1,0,0,0,1,46,57104,6,1,0,0,3,1,69,250,0,0,0,1,0,5,2012,5,2012,0,0,0,0,0,1,2,65,1,1,1,1,0,0,1,11,1,1,4,1,2,0
46,460021,1,2,2,24,2,17,10,12,6,1,0,46,2,59,403,59403,14,2008,2T2HK31U18C0,2,T,2,H,K,3,1,U,1,8,C,0,0,0,0,000000000,00000000000,0,0,0,1,0,0,0,0,0,0,0,48,0,0,0,12,6,2,12,0,0,0,1,46,57580,6,1,0,0,3,1,68,155,0,0,0,0,0,0,0,0,0,0,0,0,0,0,1,2,65,1,1,1,3,0,0,1,62,1,1,1,66,0,0
46,460021,2,2,3,24,2,17,10,12,6,1,0,46,1,12,481,12481,31,1988,1FTEF14N7JKA,1,F,T,E,F,1,4,N,7,J,K,A,0,0,0,000000000,00000000000,0,0,0,1,0,0,0,0,0,0,0,59,0,0,0,3,6,2,12,0,0,0,1,29,64068,6,1,0,0,3,1,71,235,0,0,0,0,0,0,0,0,0,4,28,0,0,0,1,2,65,1,1,1,3,0,0,1,6,1,4,2,66,2,0
46,460022,1,1,1,2,3,12,30,1,0,1,0,46,1,37,32,37032,2,2004,1HGCM82634A0,1,H,G,C,M,8,2,6,3,4,A,0,0,0,0,000000000,00000000000,0,0,0,1,0,0,0,0,0,0,0,65,0,1,5,0,6,2,1,0,0,0,1,46,57078,6,1,0,0,3,0,70,250,0,0,0,0,0,0,0,0,0,0,0,0,0,0,1,2,65,1,2,1,1,0,0,1,12,1,1,4,6,1,1
46,460023,1,2,1,6,3,5,22,12,6,1,0,27,1,6,42,6042,4,1996,2C3HC56F7TH1,2,C,3,H,C,5,6,F,7,T,H,1,0,0,0,000000000,00000000000,0,0,0,1,0,0,0,0,0,0,0,45,0,0,0,12,6,2,12,0,0,0,1,46,57106,6,1,0,0,3,1,69,150,0,0,0,1,0,9,2013,9,2013,0,0,0,0,0,1,2,65,1,1,2,3,0,0,1,62,1,1,1,66,0,0
46,460023,2,2,1,6,3,5,22,12,6,1,0,46,1,20,39,20039,5,2004,KL1TD62644B2,K,L,1,T,D,6,2,6,4,4,B,2,0,0,0,000000000,00000000000,0,0,0,1,0,0,0,0,0,0,0,998,0,0,0,9,6,2,12,0,0,0,1,46,57024,6,1,0,0,3,1,67,170,0,0,0,0,0,0,0,0,0,4,28,0,0,0,1,2,65,1,1,2,3,0,0,1,6,99,4,2,66,1,0
46,460024,1,1,1,6,3,15,15,38,0,1,0,46,2,12,481,12481,31,2000,1FTNX21F6YEA,1,F,T,N,X,2,1,F,6,Y,E,A,0,0,0,000000000,00000000000,0,0,0,1,0,0,0,0,0,0,0,38,0,1,5,12,6,2,1,0,0,0,1,46,57793,6,1,6,0,3,0,64,155,0,0,0,0,0,0,0,0,0,0,58,0,0,0,1,2,45,1,1,4,1,0,0,1,12,6,4,4,7,1,1
46,460025,1,1,3,25,3,21,30,1,0,1,0,46,2,37,32,37032,4,1991,1HGCB7552MA1,1,H,G,C,B,7,5,5,2,M,A,1,0,0,0,000000000,00000000000,0,0,0,1,0,0,0,0,0,0,0,70,0,1,5,0,6,2,1,0,0,0,1,46,57201,6,1,0,0,3,0,65,132,0,0,0,0,0,0,0,0,0,2,51,0,0,0,1,2,40,2,2,2,1,0,0,14,6,7,3,4,7,1,0
46,460026,1,1,1,22,3,10,13,42,0,1,0,46,3,7,482,7482,31,2001,3B7KC23621G2,3,B,7,K,C,2,3,6,2,1,G,2,0,0,0,000000000,00000000000,0,0,0,1,0,0,0,0,0,0,0,998,0,0,0,12,6,2,42,0,0,0,1,46,57106,6,1,0,0,3,0,72,180,0,0,0,0,0,0,0,0,0,0,99,99,99,99,1,2,25,3,1,2,1,0,0,14,13,1,1,4,1,1,0
46,460027,1,1,1,24,1,7,3,8,0,1,0,46,2,6,18,6018,4,2011,1C3BC4FB6BN5,1,C,3,B,C,4,F,B,6,B,N,5,0,0,0,000000000,00000000000,0,0,0,1,0,0,0,0,0,0,0,36,0,0,0,12,4,5,8,0,0,0,1,46,57110,6,1,0,0,3,1,70,180,0,1,1,0,0,6,2012,6,2012,0,99,99,99,99,5,5,30,1,2,2,4,0,0,1,82,1,1,9,15,0,0
46,460028,1,2,1,2,4,0,1,8,0,1,0,46,6,20,37,20037,4,2007,1G1ZU57N77F2,1,G,1,Z,U,5,7,N,7,7,F,2,0,0,0,000000000,00000000000,0,0,0,1,0,0,0,0,0,0,0,0,0,0,0,7,6,2,12,0,0,0,0,0,99997,7,6,97,7,6,7,998,997,998,998,998,998,998,98,9998,98,9998,8,0,0,0,0,2,2,75,1,1,1,1,0,0,0,53,0,0,0,98,0,0
46,460028,2,2,1,2,4,0,1,8,0,1,0,46,1,22,2,22002,4,1998,1G2HX52K1W42,1,G,2,H,X,5,2,K,1,W,4,2,0,0,0,000000000,00000000000,0,0,0,1,0,0,0,0,0,0,0,76,0,0,0,12,6,2,8,0,0,0,1,46,57104,6,1,0,0,3,0,62,103,0,0,0,0,0,0,0,0,0,0,0,0,0,0,2,2,75,1,1,1,1,0,0,1,80,6,1,1,13,0,0
46,460029,1,1,2,11,4,18,22,34,0,1,0,46,2,37,32,37032,4,1995,JHMCD5657SC0,J,H,M,C,D,5,6,5,7,S,C,0,0,0,0,000000000,00000000000,0,0,0,1,0,0,0,0,0,0,0,87,0,0,0,98,6,2,30,0,0,0,1,46,57032,6,2,0,0,3,1,65,156,1,0,0,0,1,8,2013,8,2013,4,36,0,0,0,1,2,65,1,1,2,1,0,0,6,6,9,3,4,2,1,0
46,460030,1,2,1,11,4,22,57,12,2,1,0,46,1,20,16,20016,4,2000,1G1JC5244Y73,1,G,1,J,C,5,2,4,4,Y,7,3,0,0,0,000000000,00000000000,0,0,0,1,0,0,0,0,0,0,0,39,0,0,0,12,6,2,12,0,0,0,1,46,57103,1,1,0,0,2,0,66,180,0,0,0,0,1,12,2013,12,2013,0,51,0,0,0,2,2,75,1,1,1,1,0,0,1,54,1,1,1,52,1,1
46,460030,2,2,1,11,4,22,57,12,2,1,0,46,3,85,881,85881,66,2001,1XKWDB9X41J8,1,X,K,W,D,B,9,X,4,1,J,8,1,1,57,00711524,5700711524,3,6,1,1,0,0,0,0,0,0,0,69,0,0,0,12,6,2,12,0,0,0,1,46,57701,6,1,6,1,3,0,74,225,0,0,0,1,0,10,2011,10,2011,0,0,0,0,0,2,2,75,1,1,1,1,0,0,1,54,8,1,1,52,0,0
46,460031,1,1,2,12,4,21,20,8,0,1,9,46,1,18,2,18002,4,2001,1G4HR54KX1U2,1,G,4,H,R,5,4,K,X,1,U,2,0,0,0,000000000,00000000000,0,0,0,1,0,0,0,0,0,0,0,45,0,0,0,12,2,3,8,0,0,0,1,46,57078,6,1,0,0,3,0,73,180,0,0,0,0,0,0,0,0,0,0,0,0,0,0,5,5,45,1,1,1,1,0,0,1,80,1,1,1,13,0,0
46,460032,1,1,1,12,4,8,0,1,0,1,0,38,2,12,17,12017,4,1998,1FAFP52U2WA1,1,F,A,F,P,5,2,U,2,W,A,1,0,0,0,000000000,00000000000,0,0,0,1,0,0,0,0,0,0,0,80,0,1,5,0,6,2,1,0,0,0,1,38,58538,6,7,0,0,3,1,66,175,0,0,0,0,1,8,2013,8,2013,3,0,0,0,0,1,2,55,3,2,2,1,0,0,14,6,99,2,4,2,1,1
46,460033,1,1,1,15,4,15,48,1,0,1,0,46,3,85,881,85881,63,1995,1XKDDE9X6SJ6,1,X,K,D,D,E,9,X,6,S,J,6,0,0,88,888888888,88888888888,3,2,8,1,0,0,0,0,0,0,0,59,0,1,5,0,6,2,1,0,0,0,1,46,57042,6,1,6,1,3,0,70,300,0,0,0,0,0,0,0,0,0,3,0,0,0,0,1,2,55,1,1,2,1,0,0,1,1,3,2,4,7,1,0
46,460034,1,2,1,16,4,11,5,12,6,1,0,46,1,52,46,52046,4,2008,JA3AU86U48U0,J,A,3,A,U,8,6,U,4,8,U,0,0,0,0,000000000,00000000000,0,0,0,1,0,0,0,0,0,0,0,40,0,0,0,3,6,2,12,0,0,0,1,46,57243,6,1,0,0,3,1,68,165,0,0,0,1,0,7,2012,7,2012,0,28,51,0,0,1,2,65,1,1,2,3,0,0,17,10,1,4,2,66,1,0
46,460034,2,2,2,16,4,11,5,12,6,1,0,46,1,12,481,12481,31,2004,1FTPX14584NB,1,F,T,P,X,1,4,5,8,4,N,B,0,0,0,000000000,00000000000,0,0,0,1,0,0,0,0,0,0,0,40,0,0,0,1,6,2,12,0,0,0,1,46,57225,6,1,6,0,3,0,70,180,0,0,0,0,0,0,0,0,0,0,0,0,0,0,1,2,65,1,1,2,3,0,0,1,62,2,1,1,66,0,0
46,460035,1,1,1,29,3,0,53,42,0,1,0,46,2,7,482,7482,31,2004,3D7KU28C34G2,3,D,7,K,U,2,8,C,3,4,G,2,0,0,0,000000000,00000000000,0,0,0,1,0,0,0,0,0,0,0,65,0,0,0,3,6,2,42,0,0,0,1,46,57259,6,1,0,0,1,0,75,300,0,0,0,1,0,3,2013,3,2013,0,6,0,0,0,1,2,65,1,1,2,1,0,0,1,13,6,1,4,6,1,1
46,460036,1,2,1,17,4,17,0,12,6,1,0,46,3,86,881,86881,66,2007,1M1AK06YX7N0,1,M,1,A,K,0,6,Y,X,7,N,0,1,1,57,923,57923,3,6,8,1,0,0,0,0,0,0,0,55,0,0,0,3,4,5,12,0,0,0,1,46,57069,6,1,6,1,3,1,71,215,0,0,0,0,0,0,0,0,0,0,0,0,0,0,1,5,55,1,1,1,1,0,0,1,66,1,1,1,87,0,0
46,460036,2,2,1,17,4,17,0,12,6,1,0,46,1,23,471,23471,30,1992,1GKDT13Z5N25,1,G,K,D,T,1,3,Z,5,N,2,5,0,0,0,000000000,00000000000,0,0,0,1,0,0,0,0,0,0,0,55,1,0,0,11,6,2,12,0,0,0,1,46,57069,6,1,0,0,3,1,73,180,0,0,0,0,0,0,0,0,0,0,39,0,0,0,1,3,65,1,1,1,1,20,3,1,17,1,1,1,86,1,0
46,460037,1,1,1,18,4,5,15,1,0,1,0,46,2,20,481,20481,31,1981,1GCEK14H6BJ1,1,G,C,E,K,1,4,H,6,B,J,1,0,0,0,000000000,00000000000,0,0,0,1,0,0,0,0,0,0,0,75,0,1,5,0,6,2,1,0,0,0,1,46,57543,3,1,0,0,2,0,67,170,0,0,0,0,0,0,0,0,0,0,58,0,0,0,1,2,65,2,2,2,1,0,0,14,6,9,3,4,2,1,1
46,460038,1,1,1,3,4,5,30,35,0,1,0,46,1,12,3,12003,2,1996,1FALP4042TF1,1,F,A,L,P,4,0,4,2,T,F,1,0,0,0,000000000,00000000000,0,0,0,1,0,0,0,0,0,0,0,55,0,1,5,12,6,2,1,0,0,0,1,46,57048,6,1,0,0,3,1,72,250,0,0,0,2,1,10,2011,10,2013,0,0,0,0,0,2,2,55,1,1,2,2,0,0,1,13,1,1,4,1,1,0
46,460039,1,1,1,22,4,14,36,1,0,1,0,46,2,35,47,35047,4,1997,1N4BU31D5VC1,1,N,4,B,U,3,1,D,5,V,C,1,0,0,0,000000000,00000000000,0,0,0,1,0,0,0,0,0,0,0,62,0,1,5,0,6,2,1,0,0,0,1,93,57752,0,0,0,0,0,0,71,200,0,0,0,0,0,0,0,0,0,0,0,0,0,0,1,2,55,1,1,2,1,0,0,1,13,1,1,4,1,1,1
46,460040,1,1,1,24,4,18,50,1,0,1,0,46,2,13,421,13421,15,1999,5LMPU28A2XLJ,5,L,M,P,U,2,8,A,2,X,L,J,0,0,0,000000000,00000000000,0,0,0,1,0,0,0,0,0,0,0,42,0,1,5,0,6,2,1,0,0,0,1,46,57750,6,7,0,0,3,1,64,170,0,0,0,0,0,0,0,0,0,0,58,0,0,0,1,2,45,2,3,4,1,0,0,14,6,7,2,4,2,1,0
46,460041,1,1,1,29,4,17,0,1,0,1,0,46,1,7,482,7482,31,2005,1D7HU18D45S1,1,D,7,H,U,1,8,D,4,5,S,1,0,0,0,000000000,00000000000,0,0,0,1,0,0,0,0,0,0,0,998,0,1,5,0,6,2,1,0,0,0,1,46,57783,6,1,0,0,3,0,71,200,0,0,0,0,0,0,0,0,0,0,0,0,0,0,1,2,35,3,2,2,3,0,0,14,13,1,1,4,1,1,0
46,460042,1,1,1,1,5,4,50,1,0,1,0,46,1,30,46,30046,4,2001,WVWPH63B11P2,W,V,W,P,H,6,3,B,1,1,P,2,0,0,0,000000000,00000000000,0,0,0,1,0,0,0,0,0,0,0,74,0,1,5,0,6,2,1,0,0,0,1,46,57555,6,1,0,0,3,0,63,130,0,0,0,0,0,0,0,0,0,4,0,0,0,0,1,2,35,1,2,4,1,0,0,1,6,7,2,4,7,1,1
46,460043,1,2,2,3,5,18,43,1,0,1,0,46,2,72,706,72706,80,2000,1HD1CGP18YK1,1,H,D,1,C,G,P,1,8,Y,K,1,0,0,0,000000000,00000000000,0,0,0,1,0,0,0,0,0,0,0,25,0,0,0,0,6,2,1,0,0,0,1,46,57311,6,1,0,0,2,0,72,165,0,0,0,0,0,0,0,0,0,0,99,99,99,99,1,3,65,1,1,1,1,0,0,10,3,99,2,2,98,1,0
46,460043,2,2,1,3,5,18,43,1,0,1,0,46,3,85,881,85881,66,2015,1XKYD49X1FJ4,1,X,K,Y,D,4,9,X,1,F,J,4,1,1,57,00278055,5700278055,3,6,1,1,0,0,0,0,0,0,0,8,0,0,0,9,4,5,54,0,0,0,1,46,57350,6,1,6,1,3,1,72,220,1,0,0,1,1,2,2012,11,2013,0,0,0,0,0,1,3,50,1,1,1,1,20,3,2,67,1,1,1,98,0,0
46,460044,1,2,1,17,5,12,0,12,2,1,0,46,1,20,20,20020,4,1993,2G1WL54T2P11,2,G,1,W,L,5,4,T,2,P,1,1,0,0,0,000000000,00000000000,0,0,0,1,0,0,0,0,0,0,0,63,0,0,0,12,6,2,12,0,0,0,1,46,57317,6,1,0,0,3,0,67,140,0,0,0,2,0,7,2012,9,2012,0,51,0,0,0,1,2,65,1,3,4,1,0,0,1,54,1,1,1,52,1,0
46,460044,2,2,1,17,5,12,0,12,2,1,0,46,1,12,401,12401,14,1992,1FMDU34XXNUB,1,F,M,D,U,3,4,X,X,N,U,B,0,0,0,000000000,00000000000,0,0,0,1,0,0,0,0,0,0,0,30,0,0,0,12,6,2,12,0,0,0,1,46,57529,6,1,0,0,3,0,69,165,0,0,0,0,0,0,0,0,0,0,51,0,0,0,1,2,65,1,3,4,1,0,0,1,54,1,1,1,52,0,0
46,460045,1,1,1,9,5,19,15,30,0,1,0,46,2,12,442,12442,20,1995,2FMDA5142SBA,2,F,M,D,A,5,1,4,2,S,B,A,0,0,0,000000000,00000000000,0,0,0,1,0,0,0,0,0,0,0,998,0,0,0,12,6,2,19,0,0,0,1,46,57057,6,1,0,0,3,0,71,175,0,0,0,0,0,0,0,0,0,0,0,0,0,0,1,2,25,1,1,2,1,0,0,1,12,1,1,4,6,1,1
46,460046,1,2,1,23,5,18,30,12,2,1,0,46,1,12,481,12481,31,1995,1FTEF14N7SNA,1,F,T,E,F,1,4,N,7,S,N,A,0,0,0,000000000,00000000000,0,0,0,1,0,0,0,0,0,0,0,65,0,0,0,12,6,2,12,0,0,0,1,46,57451,6,1,0,0,3,1,65,160,0,0,0,0,0,0,0,0,0,0,0,0,0,0,1,2,65,1,1,2,1,0,0,1,62,6,1,1,51,0,1
46,460046,2,2,4,23,5,18,30,12,2,1,0,46,2,37,31,37031,4,2007,2HGFA16877H3,2,H,G,F,A,1,6,8,7,7,H,3,0,0,0,000000000,00000000000,0,0,0,1,0,0,0,0,0,0,0,998,0,0,0,12,6,2,12,0,0,0,1,53,98604,6,1,0,0,3,0,69,165,0,0,0,0,0,0,0,0,0,0,28,0,0,0,1,2,65,1,1,2,1,0,0,1,10,7,1,2,50,3,0
46,460047,1,1,1,23,5,20,15,39,0,1,0,46,1,20,481,20481,31,1987,1GCDT14R2H22,1,G,C,D,T,1,4,R,2,H,2,2,0,0,0,000000000,00000000000,0,0,0,1,0,0,0,0,0,0,0,65,0,0,0,12,6,2,39,0,0,0,1,46,57701,6,1,0,0,3,1,71,160,0,0,0,0,0,0,0,0,0,0,0,0,0,0,3,2,65,1,2,2,1,0,0,1,13,1,1,4,1,1,1
46,460048,1,1,2,24,5,11,28,1,0,1,0,38,1,72,706,72706,80,2005,1HD1BWB105Y0,1,H,D,1,B,W,B,1,0,5,Y,0,0,0,0,000000000,00000000000,0,0,0,1,0,0,0,0,0,0,0,40,0,0,0,0,2,5,1,0,0,0,1,38,58622,6,1,0,0,3,1,69,207,0,0,0,0,0,0,0,0,0,0,84,0,0,0,2,2,65,1,1,1,1,0,0,1,52,9,2,4,98,1,0
46,460049,1,2,1,29,5,15,5,12,2,1,0,46,2,20,34,20034,3,1996,2C1MR2260T67,2,C,1,M,R,2,2,6,0,T,6,7,0,0,0,000000000,00000000000,0,0,0,1,0,0,0,0,0,0,0,55,0,0,0,12,6,2,12,0,0,0,1,46,57262,0,0,0,0,0,0,999,999,0,0,0,0,0,0,0,0,0,0,28,0,0,0,1,2,55,1,1,1,1,0,0,1,10,1,1,2,50,1,1
46,460049,2,2,2,29,5,15,5,12,2,1,0,46,2,49,442,49442,20,2012,5TDKK3DC3CS2,5,T,D,K,K,3,D,C,3,C,S,2,0,0,0,000000000,00000000000,0,0,0,1,0,0,0,0,0,0,0,10,0,0,0,12,6,2,12,0,0,0,1,46,57630,6,1,0,0,3,0,63,175,0,0,0,0,0,0,0,0,0,0,0,0,0,0,1,2,55,1,1,1,1,0,0,1,62,2,1,1,51,0,0
46,460050,1,1,1,11,6,20,30,31,0,1,0,20,1,12,471,12471,30,1998,1FTZR15UXWPA,1,F,T,Z,R,1,5,U,X,W,P,A,0,0,0,000000000,00000000000,0,0,0,1,0,0,0,0,0,0,0,61,0,1,5,10,6,2,1,0,0,0,1,20,67834,6,1,0,0,3,0,67,155,0,0,0,0,1,11,2011,11,2011,0,0,0,0,0,1,2,65,1,1,2,1,0,0,1,13,99,1,4,1,1,1
46,460051,2,1,1,10,6,12,3,8,0,1,0,46,2,22,20,22020,4,2006,2G2WP5526611,2,G,2,W,P,5,5,2,6,6,1,1,0,0,0,000000000,00000000000,0,0,0,1,0,0,0,0,0,0,0,998,0,0,0,9,4,5,8,0,0,0,1,46,57401,0,0,0,0,0,0,999,999,0,0,0,0,0,0,0,0,0,0,0,0,0,0,0,0,0,0,0,0,0,0,0,13,9,99,1,1,92,0,0
46,460052,1,1,1,15,6,13,25,1,0,1,0,46,2,98,734,98734,90,2012,4XAZN5EA7CA5,4,X,A,Z,N,5,E,A,7,C,A,5,0,0,0,000000000,00000000000,0,0,0,1,0,0,0,0,0,0,0,30,0,1,5,0,4,5,1,0,0,0,1,46,57783,6,1,0,0,3,1,68,190,0,0,0,0,0,0,0,0,0,0,58,0,0,0,1,2,30,1,2,4,1,0,0,2,52,9,2,4,2,1,0
46,460053,1,1,1,9,6,21,5,1,0,1,0,46,2,35,39,35039,4,1995,JN1CA21D6ST0,J,N,1,C,A,2,1,D,6,S,T,0,0,0,0,000000000,00000000000,0,0,0,1,0,0,0,0,0,0,0,56,0,1,5,0,6,2,1,0,0,0,1,46,57042,6,1,0,0,3,0,67,170,0,1,0,0,0,4,2012,4,2012,0,58,0,0,0,1,2,55,1,1,4,1,0,0,17,87,6,2,4,3,1,1
46,460054,1,1,1,21,6,10,50,38,0,1,0,46,1,20,422,20422,15,2007,3GNGK26K97G2,3,G,N,G,K,2,6,K,9,7,G,2,0,0,0,000000000,00000000000,0,0,0,1,0,0,0,0,0,0,0,99,0,1,5,12,6,2,1,0,0,0,1,46,57201,6,1,6,0,3,1,72,200,2,0,0,1,1,5,2012,12,2012,3,0,0,0,0,1,2,55,3,2,2,1,0,0,14,13,1,1,4,1,1,0
46,460055,1,2,1,15,6,17,44,12,2,1,0,46,2,12,23,12023,4,2014,3FA6P0HDXER2,3,F,A,6,P,0,H,D,X,E,R,2,0,0,0,000000000,00000000000,0,0,0,1,0,0,0,0,0,0,0,20,0,0,0,12,6,2,12,0,0,0,1,46,57103,0,0,0,0,0,0,999,999,0,0,0,0,0,0,0,0,0,0,38,0,0,0,1,2,25,1,1,2,1,0,0,11,15,1,1,2,68,0,0
46,460055,2,2,1,15,6,17,44,12,2,1,0,46,1,72,706,72706,80,2007,1HD1CZ34X7K4,1,H,D,1,C,Z,3,4,X,7,K,4,0,0,0,000000000,00000000000,0,0,0,1,0,0,0,0,0,0,0,998,0,0,0,12,6,2,12,0,0,0,1,46,57110,6,1,0,0,3,1,74,180,1,0,0,1,1,11,2011,8,2013,0,0,0,0,0,1,2,25,1,1,2,1,0,0,1,62,1,1,1,69,1,0
46,460056,1,1,1,26,6,17,52,1,0,1,0,46,1,12,471,12471,30,1995,1FTCR11U5SUB,1,F,T,C,R,1,1,U,5,S,U,B,0,0,0,000000000,00000000000,0,0,0,1,0,0,0,0,0,0,0,57,0,1,5,0,6,2,1,0,0,0,1,46,57626,6,1,6,0,3,1,71,250,0,0,0,0,1,7,2013,7,2013,0,0,0,0,0,1,2,55,1,1,4,11,0,0,1,9,1,3,4,2,1,1
46,460057,1,2,1,28,6,14,47,12,8,1,0,46,1,49,401,49401,14,1995,JT3VN39WXS01,J,T,3,V,N,3,9,W,X,S,0,1,0,0,0,000000000,00000000000,0,0,0,1,0,0,0,0,0,0,0,65,0,0,0,11,6,2,12,0,0,0,1,46,57719,6,1,0,0,3,1,64,180,0,0,0,0,0,0,0,0,0,0,0,0,0,0,1,2,65,1,2,1,2,0,0,1,62,1,1,1,66,1,1
46,460057,2,2,1,28,6,14,47,12,8,1,0,93,3,85,881,85881,66,2000,1NKDX6EX1YS9,1,N,K,D,X,6,E,X,1,Y,S,9,3,1,57,0225276,570225276,3,8,97,1,0,0,0,0,0,0,0,35,0,0,0,9,0,5,12,0,0,0,1,48,77447,6,1,6,1,3,0,999,999,0,0,0,0,1,3,2014,3,2014,0,28,0,0,0,1,2,65,1,2,1,2,40,3,1,10,7,1,1,66,0,0
46,460058,1,1,1,30,6,22,37,1,0,1,0,46,3,12,423,12423,16,2004,1FMNU43S84EA,1,F,M,N,U,4,3,S,8,4,E,A,0,0,0,000000000,00000000000,0,0,0,1,0,0,0,0,0,0,0,29,0,1,5,0,6,2,1,0,0,0,1,46,57078,6,1,0,0,3,0,73,235,0,0,0,1,0,3,2014,3,2014,0,0,0,0,0,1,2,30,3,1,4,1,0,0,14,6,11,3,4,2,1,1
46,460059,1,2,2,5,7,22,0,12,2,1,0,46,2,20,471,20471,30,1998,1GCCS1444W81,1,G,C,C,S,1,4,4,4,W,8,1,0,0,0,000000000,00000000000,0,0,0,1,0,0,0,0,0,0,0,85,0,0,0,12,6,2,12,0,0,0,1,46,57501,6,1,0,0,3,0,72,170,0,0,0,0,0,0,0,0,0,0,33,0,0,0,2,2,65,1,2,1,1,0,0,6,54,1,1,2,52,1,1
46,460059,2,2,1,5,7,22,0,12,2,1,0,31,3,82,881,82881,66,2014,3AKJGLDV6ESB,3,A,K,J,G,L,D,V,6,E,S,B,1,1,57,320526,57320526,3,6,1,1,0,0,0,0,0,0,0,60,0,0,0,12,6,2,12,0,0,0,1,53,98601,6,1,6,0,3,0,78,220,0,0,0,0,4,10,2011,7,2012,0,0,0,0,0,2,2,65,1,2,1,1,0,0,1,54,1,1,1,52,0,0
46,460060,1,1,1,5,7,20,8,1,0,1,0,46,1,20,9,20009,2,1987,1G1FP21F7HN1,1,G,1,F,P,2,1,F,7,H,N,1,0,0,0,000000000,00000000000,0,0,0,1,0,0,0,0,0,0,0,998,0,1,5,0,6,2,1,0,0,0,1,46,57212,6,1,0,0,3,1,70,180,0,0,0,0,0,0,0,0,0,4,0,0,0,0,1,2,55,1,1,4,1,0,0,1,6,1,4,4,7,1,1
46,460061,1,1,1,12,7,13,30,35,0,1,0,48,1,72,706,72706,80,2011,1HD1KGM12BB6,1,H,D,1,K,G,M,1,2,B,B,6,0,0,0,000000000,00000000000,0,0,0,1,0,0,0,0,0,0,0,50,0,0,0,12,6,2,42,0,0,0,1,48,77373,6,1,0,0,3,0,999,999,0,0,0,0,0,0,0,0,0,0,0,0,0,0,1,2,45,3,2,2,1,0,0,14,13,1,1,4,1,1,0