STATE,ST_CASE,VEH_NO,VE_FORMS,NUMOCCS,DAY,MONTH,HOUR,MINUTE,HARM_EV,MAN_COLL,UNITTYPE,HIT_RUN,REG_STAT,OWNER,MAKE,MODEL,MAK_MOD,BODY_TYP,MOD_YEAR,VIN,VIN_1,VIN_2,VIN_3,VIN_4,VIN_5,VIN_6,VIN_7,VIN_8,VIN_9,VIN_10,VIN_11,VIN_12,TOW_VEH,J_KNIFE,MCARR_I1,MCARR_I2,MCARR_ID,GVWR,V_CONFIG,CARGO_BT,HAZ_INV,HAZ_PLAC,HAZ_ID,HAZ_CNO,HAZ_REL,BUS_USE,SPEC_USE,EMER_USE,TRAV_SP,UNDERIDE,ROLLOVER,ROLINLOC,IMPACT1,DEFORMED,TOWED,M_HARM,VEH_SC1,VEH_SC2,FIRE_EXP,DR_PRES,L_STATE,DR_ZIP,L_STATUS,L_TYPE,CDL_STAT,L_ENDORS,L_COMPL,L_RESTRI,DR_HGT,DR_WGT,PREV_ACC,PREV_SUS,PREV_DWI,PREV_SPD,PREV_OTH,FIRST_MO,FIRST_YR,LAST_MO,LAST_YR,SPEEDREL,DR_SF1,DR_SF2,DR_SF3,DR_SF4,VTRAFWAY,VNUM_LAN,VSPD_LIM,VALIGN,VPROFILE,VPAVETYP,VSURCOND,VTRAFCON,VTCONT_F,P_CRASH1,P_CRASH2,P_CRASH3,PCRASH4,PCRASH5,ACC_TYPE,DEATHS,DR_DRINK
46,460062,1,1,1,5,7,99,99,33,0,1,0,30,1,49,472,49472,30,2011,5TFUU4EN4BX0,5,T,F,U,U,4,E,N,4,B,X,0,0,0,0,000000000,00000000000,0,0,0,1,0,0,0,0,0,0,0,80,0,0,0,12,6,2,34,0,0,0,1,30,59716,6,1,0,0,3,1,70,180,98,0,0,0,0,0,0,0,0,0,0,0,0,0,4,2,40,3,1,1,1,21,3,14,11,1,1,4,1,1,0
46,460063,1,2,2,16,7,21,34,12,1,1,0,46,1,72,706,72706,80,2010,1HD1KH419AB6,1,H,D,1,K,H,4,1,9,A,B,6,0,0,0,000000000,00000000000,0,0,0,1,0,0,0,0,0,0,0,0,0,0,0,6,6,2,12,0,0,0,1,46,57006,6,1,6,0,3,0,70,220,1,0,0,0,0,7,2012,7,2012,0,54,0,0,0,6,1,65,1,1,1,1,0,0,5,53,1,1,1,21,1,0
46,460063,2,2,1,16,7,21,34,12,1,1,0,46,1,20,23,20023,6,2011,3GNBABFW5BS6,3,G,N,B,A,B,F,W,5,B,S,6,0,0,0,000000000,00000000000,0,0,0,1,0,0,0,0,0,0,0,57,0,0,0,12,6,2,12,0,0,0,1,46,57055,6,1,0,0,3,1,68,165,0,0,0,1,1,6,2014,7,2014,0,0,0,0,0,6,1,65,1,1,1,1,0,0,1,50,1,1,1,20,0,0
46,460064,1,2,1,17,7,1,54,12,6,1,0,46,2,22,18,22018,4,1999,1G2WP52K4XF2,1,G,2,W,P,5,2,K,4,X,F,2,0,0,0,000000000,00000000000,0,0,0,1,0,0,0,0,0,0,0,998,0,0,0,11,6,2,2,0,0,1,1,46,57401,6,1,0,0,3,0,69,200,0,0,0,0,0,0,0,0,0,0,28,0,0,0,1,2,65,1,1,2,1,0,0,1,10,1,1,2,64,1,0
46,460064,2,2,1,17,7,1,54,12,6,1,0,93,3,87,881,87881,66,2010,1XPHD49X0AD7,1,X,P,H,D,4,9,X,0,A,D,7,2,1,57,618375,57618375,3,7,1,1,0,0,0,0,0,0,0,62,0,0,0,11,6,2,12,0,0,0,1,46,57279,6,1,6,1,3,0,70,275,0,0,0,0,0,0,0,0,0,0,0,0,0,0,1,2,65,1,1,2,1,0,0,1,62,1,1,1,65,0,0
46,460065,1,2,1,19,7,9,49,12,6,1,0,46,1,72,706,72706,80,1999,1HD4CJM12XK1,1,H,D,4,C,J,M,1,2,X,K,1,0,0,0,000000000,00000000000,0,0,0,1,0,0,0,0,0,0,0,44,0,0,0,12,6,2,12,0,0,0,1,46,57717,6,1,0,0,3,0,72,170,0,2,1,0,0,11,2012,11,2012,0,0,0,0,0,2,2,65,1,1,2,1,0,0,1,17,1,1,1,88,1,1
46,460065,2,2,2,19,7,9,49,12,6,1,0,46,1,20,473,20473,30,2012,1GCHTDFEXC81,1,G,C,H,T,D,F,E,X,C,8,1,0,0,0,000000000,00000000000,0,0,0,1,0,0,0,0,0,0,0,11,0,0,0,8,2,5,12,0,0,0,1,46,57717,6,1,0,0,3,0,72,210,0,0,0,0,1,5,2012,5,2012,0,38,0,0,0,1,2,65,1,1,2,1,20,3,1,66,1,1,1,89,0,0
46,460066,1,1,1,20,7,12,35,1,0,1,0,46,1,72,706,72706,80,2004,1HD4CJM124K4,1,H,D,4,C,J,M,1,2,4,K,4,0,0,0,000000000,00000000000,0,0,0,1,0,0,0,0,0,0,0,53,0,0,0,0,6,2,1,0,0,0,1,46,57072,6,1,0,0,3,1,67,150,3,0,0,0,0,10,2011,12,2013,0,0,0,0,0,1,2,55,3,1,2,1,0,0,14,13,1,1,4,1,1,0
46,460067,1,1,1,29,4,10,35,35,0,1,0,46,1,22,18,22018,4,2003,1G2NW52E53C1,1,G,2,N,W,5,2,E,5,3,C,1,0,0,0,000000000,00000000000,0,0,0,1,0,0,0,0,0,0,0,65,0,1,4,12,6,2,1,0,0,0,1,46,57054,6,1,0,0,3,1,72,160,0,0,0,0,0,0,0,0,0,0,0,0,0,0,1,2,55,1,1,1,1,0,0,1,13,1,1,4,1,1,0
46,460068,1,1,1,24,5,22,30,1,0,1,0,46,1,98,739,98739,90,2010,4XAZN55A6AA0,4,X,A,Z,N,5,5,A,6,A,A,0,0,0,0,000000000,00000000000,0,0,0,1,0,0,0,0,0,0,0,30,0,1,5,0,2,5,1,0,0,0,1,46,57769,6,1,0,0,3,0,72,155,0,0,0,0,0,0,0,0,0,4,0,0,0,0,1,2,35,2,2,4,11,0,0,14,6,8,4,4,2,1,1
46,460069,1,1,1,3,7,14,29,11,0,1,0,46,2,72,706,72706,80,2007,1HD1JD5157Y0,1,H,D,1,J,D,5,1,5,7,Y,0,0,0,0,000000000,00000000000,0,0,0,1,0,0,0,0,0,0,0,50,0,0,0,12,4,3,11,0,0,0,1,46,57218,6,1,0,0,3,1,66,150,0,0,0,0,0,0,0,0,0,0,0,0,0,0,1,2,55,1,1,2,1,0,0,1,87,3,1,1,13,1,0
46,460070,1,2,1,3,7,8,58,12,6,1,0,46,1,21,21,21021,4,2004,1G3NL52F14C1,1,G,3,N,L,5,2,F,1,4,C,1,0,0,0,000000000,00000000000,0,0,0,1,0,0,0,0,0,0,0,5,0,0,0,9,6,2,12,0,0,0,1,46,57783,6,1,0,0,3,1,63,120,0,0,0,0,0,0,0,0,0,0,38,0,0,0,1,2,25,1,2,2,1,20,3,11,66,1,1,1,82,1,0
46,460070,2,2,1,3,7,8,58,12,6,1,0,46,3,20,2,20002,4,2006,2G1WD58C8691,2,G,1,W,D,5,8,C,8,6,9,1,0,0,0,000000000,00000000000,0,0,0,1,0,0,0,0,0,0,0,25,0,0,0,12,6,2,12,0,0,0,1,46,57783,6,1,0,0,3,0,72,185,0,0,0,2,0,1,2012,2,2013,0,0,0,0,0,1,4,25,1,2,2,1,0,0,1,17,1,1,1,83,0,0
46,460071,1,1,1,27,7,10,28,1,0,1,0,8,1,7,482,7482,31,2002,3B7KF23C62M3,3,B,7,K,F,2,3,C,6,2,M,3,1,1,0,000000000,00000000000,0,0,0,1,0,0,0,0,0,0,0,55,0,1,5,0,6,2,1,0,0,0,1,8,80817,6,1,3,0,3,1,70,145,0,0,0,0,0,0,0,0,0,0,0,0,0,0,1,2,55,3,1,2,1,0,0,14,13,1,1,4,1,1,0
46,460072,1,1,1,13,7,17,43,42,0,1,0,46,1,12,461,12461,21,1993,1FDEE14N6PHB,1,F,D,E,E,1,4,N,6,P,H,B,0,0,0,000000000,00000000000,0,0,0,1,0,0,0,0,0,0,0,998,0,0,0,11,6,2,8,0,0,0,1,46,57104,0,0,0,0,0,0,64,130,0,0,0,0,0,0,0,0,0,0,0,0,0,0,5,5,25,1,1,1,1,0,0,1,13,1,1,4,1,0,0
46,460073,1,1,1,16,7,11,54,9,0,1,0,46,1,12,401,12401,14,2011,1FMHK7D81BGA,1,F,M,H,K,7,D,8,1,B,G,A,0,0,0,000000000,00000000000,0,0,0,1,0,0,0,0,0,0,0,10,0,0,0,12,4,3,9,0,0,0,1,46,57106,6,1,0,0,3,1,65,205,0,0,0,0,0,0,0,0,0,0,0,0,0,0,0,0,0,0,0,0,0,0,0,98,98,1,1,1,98,0,0
46,460074,1,1,1,1,8,9,33,34,0,1,0,31,1,72,706,72706,80,2001,1HD1DDV101Y6,1,H,D,1,D,D,V,1,0,1,Y,6,1,1,0,000000000,00000000000,0,0,0,1,0,0,0,0,0,0,0,60,0,0,0,12,6,2,1,0,0,0,1,31,68008,6,1,0,0,3,1,71,265,0,0,0,0,0,0,0,0,0,0,0,0,0,0,1,2,65,1,1,2,1,0,0,1,12,1,1,4,6,1,0
46,460075,1,2,1,2,8,10,12,12,6,1,0,46,3,20,481,20481,31,2005,1GCHK39295E2,1,G,C,H,K,3,9,2,9,5,E,2,1,1,88,888888888,88888888888,2,4,3,1,0,0,0,0,0,0,0,55,0,0,0,12,6,2,12,0,0,0,1,46,57601,6,1,0,0,3,1,68,200,1,0,0,0,0,9,2013,9,2013,0,0,0,0,0,5,4,65,1,2,2,1,0,0,1,72,8,1,1,83,0,0
46,460075,2,2,2,2,8,10,12,12,6,1,0,46,2,23,481,23481,31,1996,2GTEK19R6T15,2,G,T,E,K,1,9,R,6,T,1,5,0,0,0,000000000,00000000000,0,0,0,1,0,0,0,0,0,0,0,998,0,0,0,10,6,2,12,0,0,0,1,46,57625,0,0,0,0,0,0,999,999,0,0,0,0,0,0,0,0,0,0,38,0,0,0,5,4,65,1,2,2,1,20,3,11,98,1,1,1,82,2,0
46,460076,1,2,1,4,8,15,28,12,8,1,0,31,1,76,706,76706,80,2001,JYAVP02E91A0,J,Y,A,V,P,0,2,E,9,1,A,0,0,0,0,000000000,00000000000,0,0,0,1,0,0,0,0,0,0,0,25,0,0,0,10,6,2,12,0,0,0,1,31,68047,6,1,0,0,3,0,999,999,0,0,0,1,0,4,2014,4,2014,0,28,0,0,0,1,2,50,2,2,2,1,0,0,14,10,9,1,2,64,1,0
46,460076,2,2,1,4,8,15,28,12,8,1,0,46,1,37,31,37031,4,2007,JHMFA36297S0,J,H,M,F,A,3,6,2,9,7,S,0,0,0,0,000000000,00000000000,0,0,0,1,0,0,0,0,0,0,0,45,0,0,0,10,4,5,12,0,0,0,1,46,57702,6,1,0,0,3,0,71,220,0,0,0,0,0,0,0,0,0,0,0,0,0,0,1,2,50,3,2,2,1,0,0,14,62,9,1,1,65,0,0
46,460077,1,1,1,5,8,13,0,1,0,1,0,25,1,72,706,72706,80,2005,1HD1FFW115Y6,1,H,D,1,F,F,W,1,1,5,Y,6,0,0,0,000000000,00000000000,0,0,0,1,0,0,0,0,0,0,0,10,0,0,0,0,2,5,1,0,0,0,1,25,2360,6,1,6,0,3,1,77,999,0,0,0,0,0,0,0,0,0,0,0,0,0,0,1,2,35,3,2,2,1,0,0,14,13,1,1,4,1,1,0
46,460078,1,1,3,6,8,2,30,1,0,1,0,46,2,20,471,20471,30,1983,1GCDT14B0D01,1,G,C,D,T,1,4,B,0,D,0,1,0,0,0,000000000,00000000000,0,0,0,1,0,0,0,0,0,0,0,82,0,1,5,0,6,2,1,0,0,0,1,46,57626,6,2,0,0,3,1,65,125,0,0,0,1,0,1,2013,1,2013,3,0,0,0,0,1,2,65,1,1,2,2,0,0,1,6,8,3,4,2,1,1
46,460079,1,1,1,9,8,22,8,23,0,1,0,46,1,20,481,20481,31,2006,1GCHK29D86E2,1,G,C,H,K,2,9,D,8,6,E,2,0,0,0,000000000,00000000000,0,0,0,1,0,0,0,0,0,0,0,25,0,1,4,1,6,2,1,0,0,1,1,46,57751,6,1,0,0,3,1,67,185,0,0,0,0,0,0,0,0,0,0,0,0,0,0,1,2,25,3,1,1,2,0,0,14,13,1,1,4,1,1,1
46,460080,1,1,3,8,8,9,20,1,0,1,0,46,1,21,20,21020,2,1995,1G3WH12MXSD3,1,G,3,W,H,1,2,M,X,S,D,3,0,0,0,000000000,00000000000,0,0,0,1,0,0,0,0,0,0,0,65,0,1,5,0,6,2,1,0,0,0,1,46,57078,6,1,6,0,3,1,64,130,1,0,0,0,0,4,2013,4,2013,0,0,0,0,0,1,2,65,1,1,2,2,0,0,1,13,1,1,4,1,1,0
46,460081,1,1,2,12,8,2,0,42,0,1,1,46,2,12,481,12481,31,2013,1FT7W2BT5DEA,1,F,T,7,W,2,B,T,5,D,E,A,0,0,0,000000000,00000000000,0,0,0,1,0,0,0,0,0,0,0,60,0,0,0,1,6,2,42,0,0,0,1,8,81226,2,1,0,0,2,0,67,150,0,0,0,0,0,0,0,0,0,0,91,0,0,0,1,2,55,1,1,2,1,0,0,1,13,1,1,4,1,1,1
46,460082,1,1,2,13,8,1,0,7,0,1,0,41,1,35,401,35401,14,2001,JN8DR09Y41W5,J,N,8,D,R,0,9,Y,4,1,W,5,0,0,0,000000000,00000000000,0,0,0,1,0,0,0,0,0,0,0,65,0,1,4,0,6,2,1,0,0,0,1,41,97128,6,1,0,0,3,0,74,195,0,0,0,0,0,0,0,0,0,3,28,0,0,0,1,2,65,1,1,2,1,0,0,1,98,9,2,4,0,1,0
46,460083,1,1,2,13,8,20,47,8,0,1,0,46,1,23,481,23481,31,2014,1GTV2VEC1EZ3,1,G,T,V,2,V,E,C,1,E,Z,3,0,0,0,000000000,00000000000,0,0,0,1,0,0,0,0,0,0,0,34,0,0,0,12,2,5,8,0,0,0,1,46,57702,6,1,0,0,3,0,67,190,0,0,0,0,0,0,0,0,0,0,0,0,0,0,5,5,35,1,1,1,1,0,0,1,80,1,1,1,13,0,0
46,460084,1,2,1,23,8,10,50,12,8,1,0,46,1,49,402,49402,14,2012,5TDBK3EH7CS1,5,T,D,B,K,3,E,H,7,C,S,1,0,0,0,000000000,00000000000,0,0,0,1,0,0,0,0,0,0,0,75,0,0,0,10,6,2,12,0,0,0,1,46,57702,6,1,0,0,3,1,68,169,1,0,0,0,1,3,2012,4,2012,4,51,0,0,0,1,2,50,4,2,2,1,0,0,14,10,7,1,2,64,1,0
46,460084,2,2,2,23,8,10,50,12,8,1,0,46,1,20,481,20481,31,2008,1GCHK23698F1,1,G,C,H,K,2,3,6,9,8,F,1,1,1,0,000000000,00000000000,0,0,0,1,0,0,0,0,0,0,0,51,0,0,0,11,6,2,12,0,0,0,1,46,57702,6,1,0,0,3,1,69,245,0,0,0,0,0,0,0,0,0,0,0,0,0,0,1,2,50,4,2,2,1,0,0,14,62,6,1,1,65,0,0
46,460085,1,1,1,24,8,3,0,1,0,1,0,46,1,20,481,20481,31,2001,1GCHK29131E3,1,G,C,H,K,2,9,1,3,1,E,3,0,0,0,000000000,00000000000,0,0,0,1,0,0,0,0,0,0,0,90,0,1,5,0,6,2,1,0,0,0,1,46,57374,6,1,6,0,3,0,72,200,3,2,0,0,3,2,2012,6,2014,0,0,0,0,0,1,2,55,1,1,2,2,0,0,1,13,1,1,4,1,1,1
46,460086,1,1,2,19,8,13,13,24,0,1,0,46,1,51,43,51043,4,1998,YV1LS5678W15,Y,V,1,L,S,5,6,7,8,W,1,5,0,0,0,000000000,00000000000,0,0,0,1,0,0,0,0,0,0,0,35,0,1,4,12,6,2,1,0,0,0,1,46,57701,6,1,0,0,3,1,73,190,0,0,0,0,0,0,0,0,0,0,0,0,0,0,1,2,25,2,5,2,1,0,0,14,13,1,1,4,1,1,1
46,460087,1,1,1,26,8,8,33,1,0,1,0,46,3,12,881,12881,63,1994,1FDZU90L2RVA,1,F,D,Z,U,9,0,L,2,R,V,A,0,0,57,2408814,572408814,3,2,6,1,0,0,0,0,0,0,0,69,0,2,5,0,6,2,1,0,0,0,1,46,57430,6,1,6,0,3,0,71,245,0,0,0,0,0,0,0,0,0,0,0,0,0,0,1,2,65,1,2,2,1,0,0,1,9,6,2,4,7,1,0
46,460088,1,1,1,17,8,9,25,24,0,1,0,55,1,72,706,72706,80,2011,1HD1MBM14BB8,1,H,D,1,M,B,M,1,4,B,B,8,0,0,0,000000000,00000000000,0,0,0,1,0,0,0,0,0,0,0,998,0,0,0,9,4,3,24,0,0,0,1,55,54843,6,1,0,0,3,1,66,190,0,0,0,0,0,0,0,0,0,4,0,0,0,0,1,2,50,2,1,2,1,0,0,14,6,3,2,4,7,1,0
46,460089,1,1,1,4,9,9,38,10,0,1,0,46,2,21,21,21021,4,2003,1G3NL52E53C2,1,G,3,N,L,5,2,E,5,3,C,2,0,0,0,000000000,00000000000,0,0,0,1,0,0,0,0,0,0,0,998,0,0,0,9,6,2,10,0,0,0,1,46,57719,6,1,0,0,3,1,61,150,0,0,0,0,0,0,0,0,0,0,0,0,0,0,1,2,25,1,1,2,1,65,3,1,91,1,1,1,15,1,0
46,460090,1,1,1,11,8,21,0,8,0,1,0,46,2,7,472,7472,30,2008,1D7HW48N48S5,1,D,7,H,W,4,8,N,4,8,S,5,0,0,0,000000000,00000000000,0,0,0,1,0,0,0,0,0,0,0,10,0,0,0,14,0,5,8,0,0,0,1,46,57702,6,1,0,0,3,0,71,140,0,0,0,2,4,5,2012,2,2014,0,99,99,99,99,1,2,25,1,1,2,1,0,0,4,80,1,1,1,98,0,0
46,460091,1,3,1,10,9,11,28,12,6,1,0,46,1,7,482,7482,31,2013,1C6RR7FT8DS5,1,C,6,R,R,7,F,T,8,D,S,5,0,0,0,000000000,00000000000,0,0,0,1,0,0,0,0,0,0,0,998,0,0,0,1,6,2,12,0,0,0,1,46,57386,6,1,0,0,3,1,70,180,0,0,0,0,0,0,0,0,0,0,38,0,0,0,1,4,65,1,1,2,1,0,0,11,15,1,1,2,68,1,1
46,460091,2,3,1,10,9,11,28,12,6,1,0,46,3,87,881,87881,66,2003,1XP5DB9XX3D5,1,X,P,5,D,B,9,X,X,3,D,5,1,1,57,01619764,5701619764,3,6,1,1,0,0,0,0,0,0,0,56,0,0,0,12,6,2,12,0,0,0,1,46,57353,6,1,0,0,2,0,70,180,0,0,0,0,0,0,0,0,0,0,0,0,0,0,1,4,65,1,1,2,1,0,0,1,62,9,1,1,69,0,0
46,460091,3,3,3,10,9,11,28,12,6,1,0,46,2,20,2,20002,4,2013,2G1WG5E30D12,2,G,1,W,G,5,E,3,0,D,1,2,0,0,0,000000000,00000000000,0,0,0,1,0,0,0,0,0,0,0,998,0,0,0,11,6,2,12,0,0,0,1,46,57322,6,1,0,0,3,0,63,190,0,0,0,0,0,0,0,0,0,0,0,0,0,0,1,2,55,1,1,2,1,21,3,10,63,12,1,1,98,0,0
46,460092,1,1,1,17,9,23,0,31,0,1,0,27,1,72,706,72706,80,1985,1HD1DBL19FY5,1,H,D,1,D,B,L,1,9,F,Y,5,0,0,0,000000000,00000000000,0,0,0,1,0,0,0,0,0,0,0,60,0,0,0,12,6,2,1,0,0,0,1,27,56273,6,1,6,0,3,1,71,165,0,0,0,0,0,0,0,0,0,0,0,0,0,0,1,2,65,2,1,2,1,0,0,14,12,1,1,4,6,1,1
46,460093,1,1,1,18,9,10,59,5,0,1,0,27,1,73,705,73705,80,2001,JKAKLEA141A0,J,K,A,K,L,E,A,1,4,1,A,0,0,0,0,000000000,00000000000,0,0,0,1,0,0,0,0,0,0,0,33,0,0,0,0,4,3,1,0,0,0,1,27,55345,6,1,0,0,3,1,69,190,0,0,0,3,0,10,2011,8,2014,0,99,99,99,99,1,2,25,3,6,2,1,0,0,14,9,9,2,4,0,1,0
46,460094,1,2,2,20,9,9,30,12,6,1,0,46,2,14,17,14017,4,1995,1MELM55U2SA6,1,M,E,L,M,5,5,U,2,S,A,6,0,0,0,000000000,00000000000,0,0,0,1,0,0,0,0,0,0,0,35,0,0,0,12,6,2,12,0,0,0,1,46,57201,6,1,0,0,3,1,68,180,0,0,0,0,0,0,0,0,0,0,38,0,0,0,1,2,55,1,1,4,1,0,0,1,17,3,1,1,88,0,0
46,460094,2,2,1,20,9,9,30,12,6,1,0,46,1,20,401,20401,14,1998,1GNDT13W2W21,1,G,N,D,T,1,3,W,2,W,2,1,0,0,0,000000000,00000000000,0,0,0,1,0,0,0,0,0,0,0,55,0,1,5,9,6,2,1,0,0,0,1,46,57260,6,1,0,0,3,0,74,280,0,0,0,0,0,0,0,0,0,0,99,99,99,99,1,2,55,1,1,4,1,0,0,1,66,1,1,1,89,1,0
46,460095,1,2,3,20,9,11,10,12,6,1,0,46,2,23,8,23008,6,2012,1GKKVRED9CJ3,1,G,K,K,V,R,E,D,9,C,J,3,0,0,0,000000000,00000000000,0,0,0,1,0,0,0,0,0,0,0,52,0,0,0,12,6,2,12,0,0,0,1,46,57070,6,1,6,0,3,0,73,210,0,0,0,0,0,0,0,0,0,0,0,0,0,0,1,2,65,1,1,2,1,0,0,1,17,2,1,1,86,0,0
46,460095,2,2,1,20,9,11,10,12,6,1,0,46,1,20,2,20002,4,2003,2G1WH52K7393,2,G,1,W,H,5,2,K,7,3,9,3,0,0,0,000000000,00000000000,0,0,0,1,0,0,0,0,0,0,0,20,0,0,0,3,6,2,12,0,0,0,1,46,57043,6,1,0,0,3,0,64,160,0,0,0,0,0,0,0,0,0,0,39,0,0,0,1,2,55,1,1,2,1,20,3,1,66,1,1,1,87,1,0
46,460096,1,2,1,5,9,19,58,12,2,1,0,46,3,94,981,94981,50,2012,1T7YT4E22C11,1,T,7,Y,T,4,E,2,2,C,1,1,0,0,88,888888888,88888888888,3,21,22,1,0,0,0,0,1,2,0,10,0,0,0,12,4,5,12,0,0,0,1,46,57032,6,1,6,1,3,0,63,165,1,0,0,0,0,8,2014,8,2014,0,38,0,0,0,5,5,40,1,1,2,1,0,0,11,15,1,1,2,68,0,0
46,460096,2,2,2,5,9,19,58,12,2,1,0,46,1,72,706,72706,80,2004,1HD1FCW104Y6,1,H,D,1,F,C,W,1,0,4,Y,6,0,0,0,000000000,00000000000,0,0,0,1,0,0,0,0,0,0,0,33,0,0,0,12,6,2,12,0,0,0,1,46,57014,6,1,6,0,3,1,71,185,0,0,0,0,0,0,0,0,0,0,0,0,0,0,5,5,40,1,1,2,1,0,0,1,62,3,2,1,69,1,0
46,460097,1,1,2,28,9,0,15,31,0,1,0,27,2,20,20,20020,4,1999,2G1WL52M5X92,2,G,1,W,L,5,2,M,5,X,9,2,0,0,0,000000000,00000000000,0,0,0,1,0,0,0,0,0,0,0,31,0,1,5,12,6,2,1,0,0,0,1,27,56149,6,1,6,0,3,1,999,999,0,0,0,0,0,0,0,0,0,0,91,0,0,0,1,2,55,1,1,2,1,0,0,1,11,99,1,4,1,1,1
46,460098,1,2,1,28,9,15,6,12,2,1,0,28,3,82,881,82881,66,2015,3AKJGLD59FD0,3,A,K,J,G,L,D,5,9,F,D,0,1,1,57,154237,57154237,3,6,1,1,0,0,0,0,0,0,0,998,0,0,0,12,6,2,12,0,0,0,1,48,76523,6,1,6,0,3,1,999,999,0,0,0,0,0,0,0,0,0,0,51,0,0,0,1,2,65,1,1,2,1,0,0,1,10,1,1,2,50,0,0
46,460098,2,2,2,28,9,15,6,12,2,1,0,8,1,55,401,55401,14,2012,5XYZGDAB4CG1,5,X,Y,Z,G,D,A,B,4,C,G,1,0,0,0,000000000,00000000000,0,0,0,1,0,0,0,0,0,0,0,62,0,0,0,12,6,2,12,0,0,0,1,8,80732,6,1,0,0,3,1,67,152,0,0,0,0,0,0,0,0,0,0,0,0,0,0,1,2,65,1,1,2,1,0,0,1,62,1,1,1,51,1,0
46,460099,1,2,1,21,8,5,2,12,6,1,0,46,1,20,481,20481,31,1998,2GCEK19R5W11,2,G,C,E,K,1,9,R,5,W,1,1,0,0,0,000000000,00000000000,0,0,0,1,0,0,0,0,0,0,0,15,0,0,0,11,6,2,12,0,0,0,1,46,57201,6,1,0,0,3,0,64,145,0,0,0,1,0,3,2014,3,2014,0,38,0,0,0,1,5,35,1,1,1,2,0,0,11,15,1,1,1,74,0,0
46,460099,2,2,1,21,8,5,2,12,6,1,0,46,1,76,706,76706,80,2004,JYAVP11E24A0,J,Y,A,V,P,1,1,E,2,4,A,0,0,0,0,000000000,00000000000,0,0,0,1,0,0,0,0,0,0,0,35,0,0,0,9,6,2,12,0,0,0,1,46,57201,6,1,0,0,3,1,74,215,0,0,0,0,0,0,0,0,0,0,0,0,0,0,1,5,35,1,1,1,2,0,0,1,62,1,1,1,74,1,0
46,460100,1,2,2,26,8,19,46,12,2,1,0,46,2,7,481,7481,31,1993,1B7HM16Y9PS2,1,B,7,H,M,1,6,Y,9,P,S,2,0,0,0,000000000,00000000000,0,0,0,1,0,0,0,0,0,0,0,50,0,0,0,12,6,2,12,0,0,0,1,46,57551,6,1,0,0,3,1,74,225,0,0,0,0,0,0,0,0,0,0,80,0,0,0,1,2,55,1,1,2,2,0,0,1,1,1,2,2,50,1,0
46,460100,2,2,1,26,8,19,46,12,2,1,0,46,2,7,482,7482,31,1998,3B7HF12Y8WM2,3,B,7,H,F,1,2,Y,8,W,M,2,0,0,0,000000000,00000000000,0,0,0,1,0,0,0,0,0,0,0,45,0,0,0,12,6,2,12,0,0,0,1,46,57764,0,0,0,0,0,0,999,999,0,0,0,0,0,0,0,0,0,0,0,0,0,0,1,2,55,1,1,2,2,0,0,1,62,6,1,1,51,0,0
46,460101,1,1,1,9,9,5,5,8,0,1,1,99,9,99,999,99999,99,9999,999999999999,9,9,9,9,9,9,9,9,9,9,9,9,9,0,99,999999999,99999999999,9,99,99,1,0,0,0,0,99,99,9,999,0,0,0,99,9,9,8,99,99,0,1,99,99999,9,9,99,9,9,9,999,999,99,99,99,99,99,99,9999,99,9999,9,99,99,99,99,1,2,65,1,1,2,1,0,0,1,80,99,9,9,13,0,0
46,460102,1,1,2,11,10,5,29,31,0,1,0,46,1,35,403,35403,14,2012,JN8AF5MV6CT1,J,N,8,A,F,5,M,V,6,C,T,1,0,0,0,000000000,00000000000,0,0,0,1,0,0,0,0,0,0,0,998,0,1,5,12,6,2,1,0,0,0,1,46,57220,6,1,0,0,3,0,70,240,0,0,0,0,0,0,0,0,0,0,0,0,0,0,1,2,55,3,1,2,1,0,0,14,13,99,1,4,1,1,1
46,460103,1,1,1,13,10,14,40,10,0,1,0,46,3,87,881,87881,66,1999,1XP5DB9X3XN4,1,X,P,5,D,B,9,X,3,X,N,4,1,1,57,2072239,572072239,3,6,4,1,0,0,0,0,0,0,0,10,0,0,0,2,6,2,10,0,0,0,1,27,56236,6,1,6,0,3,1,72,190,0,0,0,0,0,0,0,0,0,0,0,0,0,0,1,2,25,1,3,2,1,65,3,1,91,1,1,1,15,1,0
46,460104,1,2,2,17,10,19,18,12,6,1,0,46,1,20,34,20034,5,1994,2C1MR6462R67,2,C,1,M,R,6,4,6,2,R,6,7,0,0,0,000000000,00000000000,0,0,0,1,0,0,0,0,0,0,0,22,0,0,0,3,6,2,12,0,0,0,1,46,57107,6,1,0,0,3,1,73,220,0,0,0,0,0,0,0,0,0,0,38,0,0,0,1,2,35,1,1,2,1,20,3,1,17,1,1,1,87,2,0
46,460104,2,2,2,17,10,19,18,12,6,1,0,46,1,55,33,55033,4,2013,5NPEB4AC3DH7,5,N,P,E,B,4,A,C,3,D,H,7,0,0,0,000000000,00000000000,0,0,0,1,0,0,0,0,0,0,0,35,0,0,0,12,6,2,12,0,0,0,1,46,57106,6,1,0,0,3,0,72,175,0,0,0,1,0,1,2014,1,2014,0,0,0,0,0,2,2,35,1,1,2,1,0,0,1,66,1,1,1,86,0,0