STATE,ST_CASE,VEH_NO,VE_FORMS,NUMOCCS,DAY,MONTH,HOUR,MINUTE,HARM_EV,MAN_COLL,UNITTYPE,HIT_RUN,REG_STAT,OWNER,MAKE,MODEL,MAK_MOD,BODY_TYP,MOD_YEAR,VIN,VIN_1,VIN_2,VIN_3,VIN_4,VIN_5,VIN_6,VIN_7,VIN_8,VIN_9,VIN_10,VIN_11,VIN_12,TOW_VEH,J_KNIFE,MCARR_I1,MCARR_I2,MCARR_ID,GVWR,V_CONFIG,CARGO_BT,HAZ_INV,HAZ_PLAC,HAZ_ID,HAZ_CNO,HAZ_REL,BUS_USE,SPEC_USE,EMER_USE,TRAV_SP,UNDERIDE,ROLLOVER,ROLINLOC,IMPACT1,DEFORMED,TOWED,M_HARM,VEH_SC1,VEH_SC2,FIRE_EXP,DR_PRES,L_STATE,DR_ZIP,L_STATUS,L_TYPE,CDL_STAT,L_ENDORS,L_COMPL,L_RESTRI,DR_HGT,DR_WGT,PREV_ACC,PREV_SUS,PREV_DWI,PREV_SPD,PREV_OTH,FIRST_MO,FIRST_YR,LAST_MO,LAST_YR,SPEEDREL,DR_SF1,DR_SF2,DR_SF3,DR_SF4,VTRAFWAY,VNUM_LAN,VSPD_LIM,VALIGN,VPROFILE,VPAVETYP,VSURCOND,VTRAFCON,VTCONT_F,P_CRASH1,P_CRASH2,P_CRASH3,PCRASH4,PCRASH5,ACC_TYPE,DEATHS,DR_DRINK
46,460105,1,2,2,23,10,19,19,12,1,1,0,46,2,84,881,84881,63,1970,456080H06096,4,5,6,0,8,0,H,0,6,0,9,6,0,0,88,888888888,88888888888,3,2,8,1,0,0,0,0,0,0,0,30,0,0,0,6,2,5,12,0,0,0,1,27,55918,6,1,0,0,3,0,999,999,0,0,0,0,0,0,0,0,0,0,0,0,0,0,2,2,70,1,1,1,1,0,0,2,18,1,1,1,29,0,0
46,460105,2,2,1,23,10,19,19,12,1,1,0,46,1,18,7,18007,4,2004,2G4WS52J2413,2,G,4,W,S,5,2,J,2,4,1,3,0,0,0,000000000,00000000000,0,0,0,1,0,0,0,0,0,0,0,75,1,0,0,12,6,2,12,0,0,0,1,46,57223,6,1,0,0,3,0,71,220,0,0,0,0,0,0,0,0,0,0,99,99,99,99,2,2,70,1,1,1,1,0,0,1,52,1,1,1,28,1,0
46,460106,1,1,2,24,10,3,22,1,0,1,0,56,2,48,45,48045,6,2008,4S4BP60C0863,4,S,4,B,P,6,0,C,0,8,6,3,0,0,0,000000000,00000000000,0,0,0,1,0,0,0,0,0,0,0,112,0,1,5,0,6,2,1,0,0,0,1,99,99999,9,9,99,9,9,9,999,999,99,99,99,99,99,99,9999,99,9999,3,0,0,0,0,1,2,65,3,2,1,1,0,0,14,6,99,2,4,7,1,0
46,460107,1,2,1,29,10,14,0,12,6,1,0,46,1,18,2,18002,4,2003,1G4HR54K03U2,1,G,4,H,R,5,4,K,0,3,U,2,0,0,0,000000000,00000000000,0,0,0,1,0,0,0,0,0,0,0,55,0,0,0,9,6,2,12,0,0,0,1,46,57252,6,1,0,0,3,1,67,160,0,0,0,0,0,0,0,0,0,0,0,0,0,0,1,2,65,1,1,2,1,0,0,1,66,1,1,1,89,1,0
46,460107,2,2,1,29,10,14,0,12,6,1,0,46,2,87,881,87881,66,1997,1XPGD98X4VN4,1,X,P,G,D,9,8,X,4,V,N,4,1,1,57,992245,57992245,3,6,8,1,0,0,0,0,0,0,0,10,0,0,0,12,4,3,12,0,0,0,1,46,57279,6,1,0,0,3,0,71,200,0,0,0,0,0,0,0,0,0,0,39,0,0,0,1,2,55,1,1,2,1,20,3,1,17,1,1,1,88,0,0
46,460108,1,1,4,1,11,20,58,1,0,1,0,46,2,20,403,20403,14,2003,1GNDT13S2321,1,G,N,D,T,1,3,S,2,3,2,1,0,0,0,000000000,00000000000,0,0,0,1,0,0,0,0,0,0,0,73,0,1,5,0,6,2,1,0,0,0,1,46,57701,0,0,0,0,0,0,999,999,0,0,0,0,0,0,0,0,0,3,91,0,0,0,1,2,65,2,1,2,1,0,0,14,6,7,2,4,2,1,1
46,460109,1,1,1,2,11,23,11,34,0,1,0,27,2,22,9,22009,3,1994,2G2FS22S1R22,2,G,2,F,S,2,2,S,1,R,2,2,0,0,0,000000000,00000000000,0,0,0,1,0,0,0,0,0,0,0,65,0,0,0,9,6,2,34,0,0,0,1,46,57002,0,0,0,0,0,0,999,999,0,0,0,0,0,0,0,0,0,3,0,0,0,0,1,2,55,1,1,4,1,0,0,1,6,1,3,4,2,1,1
46,460110,1,1,2,6,11,17,35,1,0,1,0,45,3,84,881,84881,62,2008,1HTMMAAM68H6,1,H,T,M,M,A,A,M,6,8,H,6,0,0,57,01075692,5701075692,2,1,97,1,0,0,0,0,0,0,0,57,0,1,5,0,6,2,1,0,0,0,1,48,77546,6,1,6,0,3,0,999,999,0,0,0,0,0,0,0,0,0,0,91,0,0,0,1,2,55,1,1,2,1,0,0,1,12,1,1,4,6,1,1
46,460111,1,2,1,8,11,19,14,1,0,1,0,40,1,53,706,53706,80,2004,JKSVNBC114A0,J,K,S,V,N,B,C,1,1,4,A,0,0,0,0,000000000,00000000000,0,0,0,1,0,0,0,0,0,0,0,75,0,0,0,0,6,2,1,0,0,0,1,40,73149,6,1,0,0,3,0,70,185,0,0,0,0,0,0,0,0,0,3,0,0,0,0,2,2,75,1,1,1,1,0,0,1,4,1,2,2,98,1,1
46,460111,2,2,4,8,11,19,14,1,0,1,0,16,3,7,442,7442,20,2014,2C4RDGCG5ER4,2,C,4,R,D,G,C,G,5,E,R,4,0,0,0,000000000,00000000000,0,0,0,1,0,0,0,0,0,0,0,69,0,0,0,11,2,3,54,0,0,0,1,42,15650,6,1,0,0,3,1,999,999,0,0,0,1,0,10,2014,10,2014,0,0,0,0,0,2,2,75,1,1,1,1,0,0,1,98,1,1,1,98,0,0
46,460112,1,3,1,15,11,10,29,12,6,1,0,30,3,86,881,86881,66,2013,1M1AW02Y8DM0,1,M,1,A,W,0,2,Y,8,D,M,0,1,3,57,00291072,5700291072,3,6,1,1,0,0,0,0,0,0,0,52,0,0,0,7,6,2,12,0,0,0,1,35,87123,6,1,6,0,3,0,68,185,98,0,0,0,0,0,0,0,0,0,0,0,0,0,2,2,75,1,1,1,3,0,0,1,6,8,4,2,66,0,0
46,460112,2,3,7,15,11,10,29,12,6,1,0,46,2,20,422,20422,15,2004,3GNFK16Z44G3,3,G,N,F,K,1,6,Z,4,4,G,3,0,0,0,000000000,00000000000,0,0,0,1,0,0,0,0,0,0,0,74,0,0,0,12,6,2,12,0,0,0,1,46,57004,6,1,0,0,3,1,67,140,0,0,0,0,0,0,0,0,0,0,0,0,0,0,2,2,75,1,1,1,3,0,0,1,62,3,1,1,66,1,0
46,460112,3,3,1,15,11,10,29,12,6,1,0,46,2,55,33,55033,4,2007,5NPEU46F47H2,5,N,P,E,U,4,6,F,4,7,H,2,0,0,0,000000000,00000000000,0,0,0,1,0,0,0,0,0,0,0,50,0,0,0,12,2,3,73,0,0,0,1,46,57106,6,1,0,0,3,1,72,180,0,0,0,2,1,5,2012,11,2014,0,0,0,0,0,2,2,75,1,1,1,3,0,0,1,90,8,1,1,98,0,0
46,460113,1,1,1,26,11,18,40,59,0,1,0,46,2,12,481,12481,31,1997,1FTDX18W9VKD,1,F,T,D,X,1,8,W,9,V,K,D,0,0,0,000000000,00000000000,0,0,0,1,0,0,0,0,0,0,0,59,0,1,5,12,6,2,1,0,0,0,1,46,57523,6,1,0,0,3,1,67,160,1,0,0,0,0,11,2013,11,2013,0,0,0,0,0,1,2,55,2,2,4,1,40,3,14,12,7,1,4,6,1,0
46,460114,1,1,1,28,11,1,17,1,0,1,0,46,1,12,401,12401,14,2000,1FMZU73E2YZC,1,F,M,Z,U,7,3,E,2,Y,Z,C,0,0,0,000000000,00000000000,0,0,0,1,0,0,0,0,0,0,0,65,0,1,5,0,6,2,1,0,0,0,1,46,57380,6,1,0,0,3,0,72,210,0,0,0,0,1,8,2014,8,2014,0,0,0,0,0,1,2,65,1,1,2,1,0,0,1,12,7,3,4,7,1,1
46,460115,1,2,1,14,8,16,36,12,6,1,0,46,1,18,2,18002,4,1990,1G4HP54C0LH4,1,G,4,H,P,5,4,C,0,L,H,4,0,0,0,000000000,00000000000,0,0,0,1,0,0,0,0,0,0,0,5,0,0,0,9,6,2,12,0,0,0,1,46,57078,6,7,0,0,3,0,68,170,0,6,0,0,1,10,2011,11,2013,0,38,0,0,0,1,2,65,1,1,2,1,0,0,11,98,1,1,1,98,1,1
46,460115,2,2,2,14,8,16,36,12,6,1,0,41,1,7,482,7482,31,2003,3D7LU38CX3G8,3,D,7,L,U,3,8,C,X,3,G,8,0,0,0,000000000,00000000000,0,0,0,1,0,0,0,0,0,0,0,65,0,0,0,12,6,2,12,0,0,0,1,46,57078,6,1,0,0,3,0,69,170,0,0,0,0,0,0,0,0,0,0,0,0,0,0,1,2,65,1,1,2,1,0,0,1,71,3,1,1,98,0,0
46,460116,1,2,1,21,10,2,18,12,1,1,0,46,1,20,481,20481,31,1999,2GCEK19T4X11,2,G,C,E,K,1,9,T,4,X,1,1,0,0,0,000000000,00000000000,0,0,0,1,0,0,0,0,0,0,0,65,0,0,0,12,6,2,12,0,0,1,1,46,57078,6,1,6,0,3,1,75,200,0,0,0,0,3,3,2012,6,2014,0,39,0,0,0,1,2,65,1,1,1,1,20,3,1,51,1,1,1,24,1,1
46,460116,2,2,1,21,10,2,18,12,1,1,0,31,3,82,881,82881,66,2012,1FUJGLDR7CSB,1,F,U,J,G,L,D,R,7,C,S,B,1,1,57,723801,57723801,3,6,3,1,0,0,0,0,0,0,0,5,0,0,0,6,2,5,12,0,0,0,1,46,57201,6,1,6,0,3,1,68,285,0,0,0,1,0,5,2013,5,2013,0,0,0,0,0,1,2,65,1,1,1,1,20,3,1,53,3,1,1,25,0,0
46,460117,1,2,1,3,12,17,5,12,6,1,0,46,2,7,442,7442,20,2006,1D4GP45R76B5,1,D,4,G,P,4,5,R,7,6,B,5,0,0,0,000000000,00000000000,0,0,0,1,0,0,0,0,0,0,0,5,0,0,0,9,6,2,12,0,0,0,1,46,57359,6,1,0,0,3,1,63,210,0,0,0,0,0,0,0,0,0,0,38,0,0,0,2,2,70,1,1,1,1,0,0,1,17,1,1,1,89,1,0
46,460117,2,2,1,3,12,17,5,12,6,1,0,46,3,12,481,12481,31,2013,1FTFX1EF1DFE,1,F,T,F,X,1,E,F,1,D,F,E,0,0,0,000000000,00000000000,0,0,0,1,0,0,0,0,0,0,0,68,0,0,0,12,6,2,12,0,0,0,1,46,57385,6,1,6,0,3,1,74,195,0,0,0,1,0,6,2012,6,2012,0,0,0,0,0,2,2,70,1,1,1,1,0,0,1,71,8,1,1,88,0,0
46,460118,1,2,1,4,12,18,12,12,2,1,0,46,1,37,32,37032,4,2013,1HGCR2F31DA0,1,H,G,C,R,2,F,3,1,D,A,0,0,0,0,000000000,00000000000,0,0,0,1,0,0,0,0,0,0,0,40,0,0,0,12,6,2,12,0,0,0,1,46,57106,6,1,0,0,3,1,62,380,0,0,0,0,0,0,0,0,0,0,51,0,0,0,2,4,40,1,2,2,1,0,0,1,54,4,1,1,52,1,0
46,460118,2,2,1,4,12,18,12,12,2,1,0,46,1,37,402,37402,14,2013,2HKRM4H59DH6,2,H,K,R,M,4,H,5,9,D,H,6,0,0,0,000000000,00000000000,0,0,0,1,0,0,0,0,0,0,0,40,0,0,0,12,6,2,12,0,0,0,1,46,57106,6,1,0,0,3,1,67,135,0,0,0,0,0,0,0,0,0,0,0,0,0,0,2,4,40,1,2,2,1,0,0,1,54,4,1,1,52,0,0
46,460119,1,3,1,19,12,17,41,12,8,1,0,46,1,20,421,20421,15,2004,1GNEK13V64J2,1,G,N,E,K,1,3,V,6,4,J,2,0,0,0,000000000,00000000000,0,0,0,1,0,0,0,0,0,0,0,67,0,0,0,11,6,2,12,0,0,0,1,46,57702,6,1,0,0,3,1,72,300,0,0,0,0,0,0,0,0,0,0,0,0,0,0,1,2,50,2,2,2,1,0,0,14,10,1,1,2,64,1,0
46,460119,2,3,2,19,12,17,41,12,8,1,0,46,1,62,421,62421,15,2014,SALWR2EFXEA3,S,A,L,W,R,2,E,F,X,E,A,3,0,0,0,000000000,00000000000,0,0,0,1,0,0,0,0,0,0,0,45,0,1,5,9,6,2,1,0,0,0,1,46,57702,6,1,0,0,3,1,69,130,0,0,0,0,0,0,0,0,0,0,0,0,0,0,1,2,50,3,2,2,1,0,0,14,62,1,1,1,65,0,0
46,460119,3,3,4,19,12,17,41,12,8,1,0,46,1,19,421,19421,15,2011,1GYS4BEF3BR2,1,G,Y,S,4,B,E,F,3,B,R,2,0,0,0,000000000,00000000000,0,0,0,1,0,0,0,0,0,0,0,45,0,0,0,12,6,2,12,0,0,0,1,46,57702,6,1,0,0,3,1,69,210,0,0,0,0,0,0,0,0,0,0,0,0,0,0,1,2,50,3,2,2,1,0,0,14,62,6,1,1,98,0,0
46,460120,1,2,1,21,12,7,29,12,6,1,0,46,1,22,20,22020,4,2006,2G2WR5544611,2,G,2,W,R,5,5,4,4,6,1,1,0,0,0,000000000,00000000000,0,0,0,1,0,0,0,0,0,0,0,45,0,1,5,9,6,2,12,0,0,0,1,46,57315,6,1,0,0,3,1,72,175,0,0,0,0,0,0,0,0,0,0,39,0,0,0,1,2,55,1,1,2,2,0,0,1,66,1,1,1,89,1,1
46,460120,2,2,1,21,12,7,29,12,6,1,0,46,1,12,471,12471,30,2002,1FTZR45E52PB,1,F,T,Z,R,4,5,E,5,2,P,B,0,0,0,000000000,00000000000,0,0,0,1,0,0,0,0,0,0,0,65,0,0,0,12,6,2,12,0,0,0,1,46,57376,6,1,0,0,3,0,66,160,0,0,0,0,0,0,0,0,0,0,0,0,0,0,1,2,55,1,1,2,2,20,3,1,17,2,1,1,88,0,0
46,460121,1,1,4,24,12,23,54,8,0,1,0,46,1,12,401,12401,14,2010,1FMEU7DE5AUA,1,F,M,E,U,7,D,E,5,A,U,A,0,0,0,000000000,00000000000,0,0,0,1,0,0,0,0,0,0,0,65,0,0,0,12,4,5,8,0,0,0,1,46,57470,6,1,0,0,3,0,67,140,0,0,0,0,0,0,0,0,0,0,0,0,0,0,1,2,65,1,1,2,1,0,0,1,80,1,1,1,13,0,0
46,460122,1,2,1,26,12,22,35,12,2,1,0,46,2,7,482,7482,31,2002,3B7KF236X2M2,3,B,7,K,F,2,3,6,X,2,M,2,0,0,0,000000000,00000000000,0,0,0,1,0,0,0,0,0,0,0,60,0,0,0,12,6,2,12,0,0,0,1,46,57552,6,1,0,0,3,1,75,275,0,0,0,0,0,0,0,0,0,0,99,99,99,99,1,2,65,2,1,2,4,0,0,14,62,9,1,1,51,0,0
46,460122,2,2,1,26,12,22,35,12,2,1,0,46,1,12,461,12461,21,1990,1FDEE14N2LHB,1,F,D,E,E,1,4,N,2,L,H,B,0,0,0,000000000,00000000000,0,0,0,1,0,0,0,0,0,0,0,998,0,0,0,12,6,2,12,0,0,0,1,46,57567,6,1,0,0,3,0,74,200,0,0,0,0,0,0,0,0,0,0,28,0,0,0,1,2,65,3,1,2,4,0,0,14,10,1,1,2,50,1,1
46,460123,1,2,2,26,12,7,25,12,2,1,0,46,1,7,482,7482,31,2000,3B7HF13Z0YM2,3,B,7,H,F,1,3,Z,0,Y,M,2,0,0,0,000000000,00000000000,0,0,0,1,0,0,0,0,0,0,0,998,0,0,0,12,6,2,2,0,0,1,1,46,57633,2,1,0,0,2,0,999,999,0,2,1,0,1,12,2014,12,2014,0,0,0,0,0,1,2,55,1,3,5,1,0,0,1,54,3,2,1,52,1,0
46,460123,2,2,1,26,12,7,25,12,2,1,0,46,2,35,473,35473,31,2004,1N6AA06B84N5,1,N,6,A,A,0,6,B,8,4,N,5,0,0,0,000000000,00000000000,0,0,0,1,0,0,0,0,0,0,0,998,0,0,0,12,6,2,12,0,0,0,1,46,57633,1,1,0,0,2,0,73,180,0,2,1,0,0,9,2014,9,2014,0,0,0,0,0,1,2,55,1,3,5,1,0,0,1,54,3,2,1,52,0,0
46,460124,1,1,2,26,12,10,52,1,0,1,0,46,1,20,481,20481,31,1994,1GCEK14K9RE1,1,G,C,E,K,1,4,K,9,R,E,1,0,0,0,000000000,00000000000,0,0,0,1,0,0,0,0,0,0,0,76,0,2,5,0,6,2,1,0,0,0,1,46,57043,6,1,0,0,3,0,71,215,1,0,0,0,0,7,2012,7,2012,0,0,0,0,0,1,2,55,1,1,2,4,0,0,1,12,7,1,4,6,2,0
46,460125,1,2,2,31,10,23,22,12,2,1,0,46,2,22,2,22002,4,2003,1G2HX54K2341,1,G,2,H,X,5,4,K,2,3,4,1,0,0,0,000000000,00000000000,0,0,0,1,0,0,0,0,0,0,0,998,0,0,0,12,6,2,12,0,0,1,1,46,57623,6,1,0,0,3,1,76,315,0,0,0,0,0,0,0,0,0,0,28,0,0,0,1,2,65,1,1,2,1,0,0,1,10,1,1,2,50,2,0
46,460125,2,2,1,31,10,23,22,12,2,1,0,46,2,87,881,87881,66,2002,1XP5DB9X82D5,1,X,P,5,D,B,9,X,8,2,D,5,1,1,57,02476967,5702476967,3,6,4,1,0,0,0,0,0,0,0,65,0,1,5,12,6,2,2,0,0,1,1,46,57479,6,1,6,0,3,1,76,285,0,0,0,2,0,3,2012,3,2013,0,0,0,0,0,1,2,65,1,1,2,1,0,0,1,62,9,1,1,51,0,0
47,470001,1,2,1,1,1,0,40,12,6,1,0,37,3,84,881,84881,63,2005,1HSHXAHR55J0,1,H,S,H,X,A,H,R,5,5,J,0,1,1,57,00121018,5700121018,3,4,1,1,0,0,0,0,0,0,0,998,0,0,0,5,6,2,12,0,0,0,1,45,29732,1,1,1,0,2,0,70,200,0,0,0,0,0,0,0,0,0,0,36,0,0,0,5,6,45,1,1,2,1,0,0,11,15,1,1,1,68,0,0
47,470001,2,2,1,1,1,0,40,12,6,1,0,47,2,35,47,35047,4,2012,1N4AL2AP9CN4,1,N,4,A,L,2,A,P,9,C,N,4,0,0,0,000000000,00000000000,0,0,0,1,0,0,0,0,0,0,0,998,1,0,0,12,6,2,12,0,0,0,1,47,38104,6,1,0,0,3,0,68,230,0,0,0,1,0,12,2013,12,2013,0,6,0,0,0,5,6,45,1,1,2,1,0,0,1,67,1,1,1,69,1,0
47,470002,1,1,1,1,1,4,30,1,0,1,0,47,2,23,401,23401,14,2002,1GKES16S5261,1,G,K,E,S,1,6,S,5,2,6,1,0,0,0,000000000,00000000000,0,0,0,1,0,0,0,0,0,0,0,998,0,2,5,0,6,2,1,0,0,0,1,47,37311,6,1,0,0,3,3,68,115,0,0,0,0,0,0,0,0,0,0,0,0,0,0,1,2,55,1,1,2,1,0,0,1,12,1,1,4,6,1,1
47,470003,1,1,1,3,1,18,0,42,0,1,0,47,2,37,31,37031,4,1999,1HGEJ6572XL0,1,H,G,E,J,6,5,7,2,X,L,0,0,0,0,000000000,00000000000,0,0,0,1,0,0,0,0,0,0,0,998,0,1,5,1,6,2,42,0,0,0,1,47,38468,3,1,0,0,2,0,69,145,0,0,0,0,0,0,0,0,0,4,28,0,0,0,1,2,55,3,6,2,1,0,0,14,6,1,4,4,7,1,1
47,470004,1,1,1,2,1,99,99,42,0,1,0,47,2,20,471,20471,30,2002,1GCCS1956282,1,G,C,C,S,1,9,5,6,2,8,2,0,0,0,000000000,00000000000,0,0,0,1,0,0,0,0,0,0,0,998,0,0,0,11,6,2,42,0,0,0,1,47,38305,0,0,0,0,0,0,999,999,99,99,99,99,99,99,9999,99,9999,4,28,0,0,0,1,2,55,1,1,2,2,0,0,1,6,6,1,4,6,1,1
47,470005,1,1,5,1,1,3,21,33,0,1,0,47,1,20,2,20002,4,2001,2G1WF52E8192,2,G,1,W,F,5,2,E,8,1,9,2,0,0,0,000000000,00000000000,0,0,0,1,0,0,0,0,0,0,0,998,0,0,0,98,6,2,30,0,0,0,1,47,37129,6,1,0,0,3,0,63,130,0,0,0,0,0,0,0,0,0,4,58,0,0,0,2,2,45,3,1,2,1,0,0,14,6,7,2,4,7,1,1
47,470006,1,2,1,9,1,16,58,12,2,1,0,47,2,49,40,49040,4,2009,4T1BE46K79U8,4,T,1,B,E,4,6,K,7,9,U,8,0,0,0,000000000,00000000000,0,0,0,1,0,0,0,0,0,0,0,998,0,0,0,12,6,2,12,32,0,0,1,12,37323,2,1,0,0,2,0,65,160,0,1,0,0,0,4,2011,4,2011,0,28,0,0,0,1,2,55,1,6,2,1,0,0,1,10,1,1,2,50,1,0
47,470006,2,2,1,9,1,16,58,12,2,1,0,47,1,63,441,63441,20,2005,KNDUP1329567,K,N,D,U,P,1,3,2,9,5,6,7,0,0,0,000000000,00000000000,0,0,0,1,0,0,0,0,0,0,0,998,0,0,0,12,6,2,12,0,0,0,1,47,37323,6,1,0,0,3,0,69,130,0,0,0,0,0,0,0,0,0,0,0,0,0,0,1,2,55,1,5,2,1,0,0,1,62,99,1,1,51,0,0
47,470007,1,3,1,12,1,8,15,12,2,1,0,47,1,49,47,49047,6,2004,2T1KR32E94C3,2,T,1,K,R,3,2,E,9,4,C,3,0,0,0,000000000,00000000000,0,0,0,1,0,0,0,0,0,0,0,998,1,0,0,12,6,2,12,0,0,0,1,47,37922,6,1,0,0,3,0,69,160,0,0,0,0,0,0,0,0,0,0,0,0,0,0,3,2,60,1,2,2,1,0,0,1,50,1,1,1,98,0,0
47,470007,2,3,0,12,1,8,15,12,2,1,0,47,6,12,471,12471,30,2006,1FTYR10D36PA,1,F,T,Y,R,1,0,D,3,6,P,A,0,0,0,000000000,00000000000,0,0,0,1,0,0,0,0,0,0,0,0,7,0,0,12,6,2,12,0,0,0,0,0,99997,7,6,97,7,6,7,998,997,998,998,998,998,998,98,9998,98,9998,8,0,0,0,0,3,2,60,1,2,2,1,0,0,0,98,0,0,0,98,0,0
47,470007,3,3,0,12,1,8,15,12,2,1,0,39,6,37,32,37032,2,1992,1HGCB7171NA0,1,H,G,C,B,7,1,7,1,N,A,0,0,0,0,000000000,00000000000,0,0,0,1,0,0,0,0,0,0,0,0,0,0,0,9,6,2,12,0,0,0,0,0,99997,7,6,97,7,6,7,998,997,998,998,998,998,998,98,9998,98,9998,8,0,0,0,0,3,2,60,1,2,2,1,0,0,0,98,0,0,0,98,0,0
47,470008,1,1,1,1,1,22,45,24,0,1,0,47,1,20,481,20481,31,2008,2GCEC19J9812,2,G,C,E,C,1,9,J,9,8,1,2,0,0,0,000000000,00000000000,0,0,0,1,0,0,0,0,0,0,0,998,0,0,0,1,6,2,24,0,0,0,1,47,38134,6,1,0,0,3,0,69,240,0,0,0,1,0,2,2012,2,2012,9,99,99,99,99,3,5,55,2,2,2,2,0,0,14,13,1,1,4,1,1,0
47,470009,1,1,2,2,1,17,55,8,0,1,0,47,1,63,38,63038,2,2012,KNAFW6A30C55,K,N,A,F,W,6,A,3,0,C,5,5,0,0,0,000000000,00000000000,0,0,0,1,0,0,0,0,0,0,0,998,0,0,0,12,4,3,8,0,0,0,1,47,38126,6,1,0,0,3,0,66,190,0,0,0,0,0,0,0,0,0,0,0,0,0,0,1,4,40,1,1,2,1,0,0,1,80,99,1,1,13,0,0
47,470010,1,1,6,4,1,2,52,42,0,1,1,47,2,12,17,12017,4,1997,1FALP52U5VA2,1,F,A,L,P,5,2,U,5,V,A,2,0,0,0,000000000,00000000000,0,0,0,1,0,0,0,0,0,0,0,998,0,0,0,7,6,2,42,0,0,0,1,47,38107,2,1,2,0,2,0,999,999,0,0,0,0,0,0,0,0,0,4,6,58,0,0,1,4,40,1,1,2,1,0,0,1,6,7,3,4,7,1,0
47,470011,1,1,4,6,1,21,38,8,0,1,0,28,1,22,22,22022,1,2006,1G2ZM3511642,1,G,2,Z,M,3,5,1,1,6,4,2,0,0,0,000000000,00000000000,0,0,0,1,0,0,0,0,0,0,0,998,0,0,0,11,6,2,8,0,0,0,1,28,38619,6,1,0,0,3,1,62,128,98,0,0,0,0,0,0,0,0,0,28,0,0,0,1,6,35,1,1,2,1,0,0,1,80,1,1,2,13,0,0
47,470012,1,2,1,2,1,11,15,12,2,1,0,47,1,49,44,49044,1,2001,2T1FF28P21C4,2,T,1,F,F,2,8,P,2,1,C,4,0,0,0,000000000,00000000000,0,0,0,1,0,0,0,0,0,0,0,998,0,0,0,12,6,2,12,0,0,0,1,47,37716,6,1,0,0,3,0,70,185,0,0,0,0,0,0,0,0,0,0,28,0,0,0,1,2,35,1,5,2,2,0,0,1,8,1,1,2,50,0,0
47,470012,2,2,2,2,1,11,15,12,2,1,0,47,1,48,34,48034,4,1991,4S4BC63C3M76,4,S,4,B,C,6,3,C,3,M,7,6,0,0,0,000000000,00000000000,0,0,0,1,0,0,0,0,0,0,0,998,0,0,0,12,6,2,12,32,0,0,1,47,37716,6,1,0,0,3,0,70,185,0,0,0,0,0,0,0,0,0,0,0,0,0,0,1,2,35,1,1,2,2,0,0,1,62,99,1,1,51,1,0
47,470014,1,1,1,12,1,0,41,33,0,1,0,47,1,53,705,53705,80,2001,JS1NP41A0121,J,S,1,N,P,4,1,A,0,1,2,1,0,0,0,000000000,00000000000,0,0,0,1,0,0,0,0,0,0,0,998,0,0,0,3,6,2,31,0,0,0,1,47,37042,6,1,0,0,3,0,68,130,0,0,0,0,0,0,0,0,0,0,36,89,0,0,1,4,45,3,5,2,1,0,0,14,13,1,1,4,1,1,1
47,470015,1,3,4,8,1,18,57,12,6,1,0,47,1,37,32,37032,4,2005,3HGCM56485G7,3,H,G,C,M,5,6,4,8,5,G,7,0,0,0,000000000,00000000000,0,0,0,1,0,0,0,0,0,0,0,998,0,0,0,11,6,2,12,0,0,0,1,47,37064,6,1,0,0,3,1,68,185,0,0,0,0,0,0,0,0,0,0,0,0,0,0,1,2,45,3,1,2,1,0,0,14,62,7,1,1,65,0,0
47,470015,2,3,1,8,1,18,57,12,6,1,0,47,1,35,472,35472,30,2008,1N6AD07U68C4,1,N,6,A,D,0,7,U,6,8,C,4,0,0,0,000000000,00000000000,0,0,0,1,0,0,0,0,0,0,0,998,0,0,0,12,6,2,12,0,0,0,1,47,37167,6,1,0,0,3,0,73,221,0,0,0,0,0,0,0,0,0,0,0,0,0,0,1,2,45,3,1,2,1,0,0,2,98,2,1,1,98,0,0
47,470015,3,3,2,8,1,18,57,12,6,1,0,47,1,49,402,49402,14,2013,2T3YFREV3DW0,2,T,3,Y,F,R,E,V,3,D,W,0,0,0,0,000000000,00000000000,0,0,0,1,0,0,0,0,0,0,0,998,0,1,1,11,6,2,12,32,0,0,1,47,37067,6,1,0,0,3,0,66,165,1,0,0,0,0,2,2012,2,2012,0,28,0,0,0,1,2,45,2,1,2,1,0,0,14,10,1,1,2,64,1,0
47,470016,1,1,2,11,1,12,55,1,0,1,0,47,1,7,482,7482,31,2008,1D7HA16N88J1,1,D,7,H,A,1,6,N,8,8,J,1,0,0,0,000000000,00000000000,0,0,0,1,0,0,0,0,0,0,0,998,0,2,5,0,6,2,1,0,0,0,1,47,37820,6,1,0,0,3,0,68,195,1,0,0,0,1,10,2012,11,2012,4,87,0,0,0,1,2,45,2,6,2,2,0,0,14,6,7,3,4,2,1,0
47,470017,1,1,4,11,1,22,50,8,0,1,0,28,2,37,31,37031,4,2007,1HGFA16817L0,1,H,G,F,A,1,6,8,1,7,L,0,0,0,0,000000000,00000000000,0,0,0,1,0,0,0,0,0,0,0,998,0,0,0,12,4,3,8,0,0,0,1,28,38671,6,1,0,0,3,0,66,125,98,0,0,0,0,0,0,0,0,0,0,0,0,0,5,6,45,1,1,2,1,0,0,1,80,99,1,1,13,0,0
47,470019,1,1,1,12,1,11,42,35,0,1,0,47,1,20,481,20481,31,2013,1GCNKPEX0DZ2,1,G,C,N,K,P,E,X,0,D,Z,2,0,0,0,000000000,00000000000,0,0,0,1,0,0,0,0,0,0,0,998,0,2,5,14,6,2,35,32,0,0,1,47,37640,6,1,0,0,3,0,69,210,0,0,0,0,0,0,0,0,0,4,0,0,0,0,1,2,45,3,6,2,1,0,0,14,13,1,1,4,1,1,0