STATE,ST_CASE,VEH_NO,VE_FORMS,NUMOCCS,DAY,MONTH,HOUR,MINUTE,HARM_EV,MAN_COLL,UNITTYPE,HIT_RUN,REG_STAT,OWNER,MAKE,MODEL,MAK_MOD,BODY_TYP,MOD_YEAR,VIN,VIN_1,VIN_2,VIN_3,VIN_4,VIN_5,VIN_6,VIN_7,VIN_8,VIN_9,VIN_10,VIN_11,VIN_12,TOW_VEH,J_KNIFE,MCARR_I1,MCARR_I2,MCARR_ID,GVWR,V_CONFIG,CARGO_BT,HAZ_INV,HAZ_PLAC,HAZ_ID,HAZ_CNO,HAZ_REL,BUS_USE,SPEC_USE,EMER_USE,TRAV_SP,UNDERIDE,ROLLOVER,ROLINLOC,IMPACT1,DEFORMED,TOWED,M_HARM,VEH_SC1,VEH_SC2,FIRE_EXP,DR_PRES,L_STATE,DR_ZIP,L_STATUS,L_TYPE,CDL_STAT,L_ENDORS,L_COMPL,L_RESTRI,DR_HGT,DR_WGT,PREV_ACC,PREV_SUS,PREV_DWI,PREV_SPD,PREV_OTH,FIRST_MO,FIRST_YR,LAST_MO,LAST_YR,SPEEDREL,DR_SF1,DR_SF2,DR_SF3,DR_SF4,VTRAFWAY,VNUM_LAN,VSPD_LIM,VALIGN,VPROFILE,VPAVETYP,VSURCOND,VTRAFCON,VTCONT_F,P_CRASH1,P_CRASH2,P_CRASH3,PCRASH4,PCRASH5,ACC_TYPE,DEATHS,DR_DRINK
47,470107,1,2,1,27,2,12,20,12,6,1,0,47,2,20,16,20016,2,1998,1G1JC1241WM1,1,G,1,J,C,1,2,4,1,W,M,1,0,0,0,000000000,00000000000,0,0,0,1,0,0,0,0,0,0,0,998,0,0,0,10,6,2,12,0,0,0,1,47,38301,6,1,0,0,3,0,65,180,0,0,0,0,0,0,0,0,0,0,38,0,0,0,1,2,30,1,1,2,1,0,0,11,15,1,1,2,82,1,0
47,470107,2,2,1,27,2,12,20,12,6,1,0,47,1,22,20,22020,2,1995,1G2WJ12X3SF2,1,G,2,W,J,1,2,X,3,S,F,2,0,0,0,000000000,00000000000,0,0,0,1,0,0,0,0,0,0,0,998,0,0,0,12,6,2,12,0,0,0,1,47,38305,6,1,0,0,3,0,64,130,0,0,0,0,0,0,0,0,0,0,0,0,0,0,5,5,40,1,1,2,1,0,0,1,66,99,1,1,83,0,0
47,470108,1,1,1,21,2,16,35,35,0,1,0,47,1,37,706,37706,80,1983,JH2SC1202DM0,J,H,2,S,C,1,2,0,2,D,M,0,0,0,0,000000000,00000000000,0,0,0,1,0,0,0,0,0,0,0,998,0,0,0,12,6,2,1,0,0,0,1,47,37932,6,1,0,0,3,0,73,210,0,0,0,0,0,0,0,0,0,4,0,0,0,0,1,2,55,3,1,2,1,0,0,14,13,1,1,4,1,1,1
47,470109,1,1,3,24,2,99,99,1,0,1,0,47,2,63,441,63441,20,2006,KNDMB2335660,K,N,D,M,B,2,3,3,5,6,6,0,0,0,0,000000000,00000000000,0,0,0,1,0,0,0,0,0,0,0,998,0,2,5,0,6,2,42,0,0,0,1,47,37379,2,1,2,0,2,0,70,200,0,3,3,0,0,4,2012,2,2013,0,28,0,0,0,1,2,55,2,1,2,1,0,0,14,9,1,2,4,7,2,1
47,470110,1,2,1,24,2,15,40,12,2,1,0,47,1,20,2,20002,4,2002,2G1WH55K2293,2,G,1,W,H,5,5,K,2,2,9,3,0,0,0,000000000,00000000000,0,0,0,1,0,0,0,0,0,0,0,998,0,0,0,12,6,2,12,0,0,0,1,47,37064,6,1,0,0,3,0,62,140,0,0,0,0,0,0,0,0,0,0,28,0,0,0,1,2,45,1,1,2,1,0,0,1,10,1,1,2,50,1,0
47,470110,2,2,1,24,2,15,40,12,2,1,0,47,1,12,471,12471,30,1991,1FTCR10U4MUD,1,F,T,C,R,1,0,U,4,M,U,D,0,0,0,000000000,00000000000,0,0,0,1,0,0,0,0,0,0,0,998,0,1,2,12,6,2,12,0,0,0,1,47,38401,6,1,0,0,3,0,71,250,1,0,0,0,0,1,2014,1,2014,0,0,0,0,0,1,2,45,1,1,2,1,0,0,1,54,99,1,1,51,1,0
47,470111,1,1,2,23,2,15,30,35,0,1,0,21,2,12,37,12037,4,2000,1FAFP3833YW3,1,F,A,F,P,3,8,3,3,Y,W,3,0,0,0,000000000,00000000000,0,0,0,1,0,0,0,0,0,0,0,998,0,1,2,98,6,2,1,0,0,0,1,21,42064,6,1,0,0,3,3,62,150,2,0,0,0,0,5,2012,11,2013,0,85,0,0,0,2,2,70,1,1,2,1,0,0,1,60,6,3,4,8,1,0
47,470112,1,2,1,17,2,13,25,12,6,1,0,47,1,49,32,49032,4,1995,2T1AE09B4SC0,2,T,1,A,E,0,9,B,4,S,C,0,0,0,0,000000000,00000000000,0,0,0,1,0,0,0,0,0,0,0,998,0,0,0,1,6,2,12,32,0,0,1,47,38583,6,1,0,0,3,0,71,185,0,0,0,0,0,0,0,0,0,0,38,0,0,0,1,2,25,1,1,2,1,21,3,4,17,1,1,1,88,0,0
47,470112,2,2,2,17,2,13,25,12,6,1,0,47,1,35,472,35472,30,1998,1N6DD21Y5WC3,1,N,6,D,D,2,1,Y,5,W,C,3,0,0,0,000000000,00000000000,0,0,0,1,0,0,0,0,0,0,0,998,0,1,5,9,6,2,1,0,0,0,1,47,37110,6,1,0,0,3,0,73,205,0,0,0,0,0,0,0,0,0,0,0,0,0,0,2,3,55,1,1,2,1,0,0,1,66,7,1,2,89,1,0
47,470113,1,2,2,24,2,10,30,12,6,1,0,47,1,12,481,12481,31,2004,1FTRX12W24NA,1,F,T,R,X,1,2,W,2,4,N,A,0,0,0,000000000,00000000000,0,0,0,1,0,0,0,0,0,0,0,0,0,0,0,3,6,2,12,0,0,0,1,47,37110,6,1,0,0,3,0,69,267,0,0,0,0,0,0,0,0,0,0,0,0,0,0,1,2,40,2,2,2,1,20,3,5,55,99,1,1,98,1,0
47,470113,2,2,2,24,2,10,30,12,6,1,0,47,1,7,43,7043,4,2004,1B3EL36X04N1,1,B,3,E,L,3,6,X,0,4,N,1,0,0,0,000000000,00000000000,0,0,0,1,0,0,0,0,0,0,0,998,0,0,0,12,6,2,12,0,0,0,1,47,37129,6,1,0,0,3,0,65,130,0,0,0,1,0,12,2012,12,2012,0,6,28,0,0,2,2,40,3,2,2,1,0,0,14,10,99,1,2,98,0,0
47,470114,1,1,2,28,2,22,30,57,0,1,0,47,2,20,403,20403,14,2005,1GNES16S6561,1,G,N,E,S,1,6,S,6,5,6,1,0,0,0,000000000,00000000000,0,0,0,1,0,0,0,0,0,0,0,998,0,1,5,11,6,2,1,0,0,0,1,47,37042,6,1,0,0,3,2,63,250,0,0,0,0,1,3,2012,3,2012,0,58,74,0,0,3,2,70,2,2,2,1,0,0,14,12,1,1,4,6,1,1
47,470115,1,1,3,1,3,9,36,1,0,1,0,47,2,20,401,20401,14,2004,1GNCS18X34K1,1,G,N,C,S,1,8,X,3,4,K,1,0,0,0,000000000,00000000000,0,0,0,1,0,0,0,0,0,0,0,998,0,1,5,0,6,2,1,0,0,0,1,47,38583,6,2,0,0,3,2,68,145,0,0,0,0,0,0,0,0,0,4,73,0,0,0,1,2,45,3,1,2,1,0,0,14,11,8,4,4,1,1,0
47,470116,1,1,1,25,2,16,58,8,0,1,1,99,9,99,499,99499,39,9999,999999999999,9,9,9,9,9,9,9,9,9,9,9,9,0,0,0,000000000,00000000000,0,0,0,1,0,0,0,0,0,0,0,998,0,0,0,99,9,5,8,99,99,0,1,99,99999,9,9,99,9,9,9,999,999,99,99,99,99,99,99,9999,99,9999,9,99,99,99,99,2,2,35,1,1,2,1,0,0,15,80,99,1,2,13,0,0
47,470117,1,3,1,8,3,12,9,12,6,1,0,47,1,55,33,55033,4,2011,5NPEC4AB2BH2,5,N,P,E,C,4,A,B,2,B,H,2,0,0,0,000000000,00000000000,0,0,0,1,0,0,0,0,0,0,0,12,0,0,0,4,6,2,12,0,0,0,1,47,37617,6,1,0,0,3,0,65,115,0,0,0,0,0,0,0,0,0,0,38,0,0,0,1,5,40,1,6,2,1,2,3,11,15,99,1,1,68,0,0
47,470117,2,3,1,8,3,12,9,12,6,1,0,47,1,73,706,73706,80,1998,JKAZX2C10WA0,J,K,A,Z,X,2,C,1,0,W,A,0,0,0,0,000000000,00000000000,0,0,0,1,0,0,0,0,0,0,0,89,0,0,0,12,6,2,12,0,0,0,1,47,37660,2,1,0,0,2,0,71,145,1,2,1,3,0,6,2011,6,2013,3,36,0,0,0,1,6,45,1,5,2,1,2,3,1,17,99,1,3,69,1,0
47,470117,3,3,2,8,3,12,9,12,6,1,0,47,1,37,32,37032,4,2010,1HGCP2F80AA1,1,H,G,C,P,2,F,8,0,A,A,1,0,0,0,000000000,00000000000,0,0,0,1,0,0,0,0,0,0,0,998,0,0,0,12,2,5,54,0,0,0,1,47,37663,6,1,0,0,3,0,63,124,0,0,0,0,0,0,0,0,0,0,0,0,0,0,0,0,0,0,0,0,0,2,3,1,98,99,1,1,98,0,0
47,470119,1,1,1,8,3,2,6,30,0,1,0,28,1,55,37,55037,2,2004,KMHHN65F94U1,K,M,H,H,N,6,5,F,9,4,U,1,0,0,0,000000000,00000000000,0,0,0,1,0,0,0,0,0,0,0,998,0,1,5,12,6,2,1,0,0,0,1,28,38053,1,8,1,0,2,0,67,155,98,0,0,0,0,0,0,0,0,3,6,0,0,0,1,4,40,1,1,2,1,0,0,1,13,1,1,4,1,1,0
47,470120,1,2,1,6,3,9,54,12,1,1,0,18,4,82,881,82881,66,2013,1FUJGLDR7DSB,1,F,U,J,G,L,D,R,7,D,S,B,1,1,57,00885036,5700885036,3,6,1,1,0,0,0,0,0,0,0,998,0,0,0,6,4,5,12,0,0,0,1,37,28759,6,1,6,0,3,0,70,999,2,0,0,0,0,3,2011,4,2013,0,0,0,0,0,2,2,55,1,1,2,1,0,0,2,53,1,1,1,29,0,0
47,470120,2,2,1,6,3,9,54,12,1,1,0,47,3,12,461,12461,21,2006,1FTNE24W66DA,1,F,T,N,E,2,4,W,6,6,D,A,0,0,0,000000000,00000000000,0,0,0,1,0,0,0,0,0,0,0,998,3,0,0,12,6,2,12,0,0,0,1,47,37821,6,1,0,0,3,0,71,295,1,0,0,1,0,3,2012,2,2014,3,26,0,0,0,2,2,55,1,1,2,1,0,0,1,52,99,1,1,28,1,0
47,470121,1,1,1,4,3,22,36,24,0,1,0,47,1,7,472,7472,30,2000,1B7GL22X7YS5,1,B,7,G,L,2,2,X,7,Y,S,5,0,0,0,000000000,00000000000,0,0,0,1,0,0,0,0,0,0,0,998,0,0,0,2,6,2,24,0,0,0,1,47,37708,6,1,0,0,3,1,71,205,0,0,0,1,0,9,2013,9,2013,0,0,0,0,0,2,2,55,1,1,2,1,0,0,1,13,1,1,4,1,1,1
47,470122,1,1,2,4,3,1,50,30,0,1,0,47,2,2,404,2404,14,1999,1J4GW58S5XC5,1,J,4,G,W,5,8,S,5,X,C,5,0,0,0,000000000,00000000000,0,0,0,1,0,0,0,0,0,0,0,998,0,1,5,1,6,2,1,0,0,0,1,47,37920,2,1,2,0,2,0,67,140,0,3,0,0,1,8,2011,11,2012,3,0,0,0,0,1,2,50,3,5,2,8,0,0,14,6,3,1,4,1,2,1
47,470123,1,1,1,8,3,5,0,30,0,1,0,47,2,7,43,7043,2,2005,4B3AG52H35E0,4,B,3,A,G,5,2,H,3,5,E,0,0,0,0,000000000,00000000000,0,0,0,1,0,0,0,0,0,0,0,998,0,0,0,9,6,2,30,0,0,0,1,47,38117,6,1,0,0,3,0,62,130,0,0,0,0,0,0,0,0,0,9,99,99,99,99,2,2,55,1,1,2,1,0,0,1,13,99,1,4,1,1,0
47,470124,1,3,4,9,3,0,5,12,7,1,0,47,1,49,40,49040,4,2008,4T1BE46KX8U2,4,T,1,B,E,4,6,K,X,8,U,2,0,0,0,000000000,00000000000,0,0,0,1,0,0,0,0,0,0,0,998,0,1,5,1,6,2,12,0,0,0,1,47,38127,6,1,0,0,3,0,67,169,0,0,0,0,0,0,0,0,0,3,6,0,0,0,3,3,55,1,1,2,1,0,0,1,78,99,1,3,49,1,1
47,470124,2,3,2,9,3,0,5,12,7,1,0,47,2,37,31,37031,4,1998,1HGEJ6670WL0,1,H,G,E,J,6,6,7,0,W,L,0,0,0,0,000000000,00000000000,0,0,0,1,0,0,0,0,0,0,0,998,0,0,0,10,6,2,12,0,0,0,1,47,38118,1,1,0,0,2,0,72,230,0,1,0,0,0,8,2013,8,2013,0,0,0,0,0,3,3,55,1,1,2,1,0,0,15,78,1,1,3,49,0,0
47,470124,3,3,0,9,3,0,5,12,7,1,0,47,6,20,481,20481,31,2000,1GCEC14V7YE4,1,G,C,E,C,1,4,V,7,Y,E,4,0,0,0,000000000,00000000000,0,0,0,1,0,0,0,0,0,0,0,0,0,0,0,12,4,5,54,0,0,0,0,0,99997,7,6,97,7,6,7,998,997,998,998,998,998,998,98,9998,98,9998,8,0,0,0,0,0,0,0,0,0,0,0,0,0,0,98,0,0,0,98,0,0
47,470125,1,1,1,2,3,99,99,34,0,1,0,47,1,14,38,14038,3,2000,1ZWFT61L3Y56,1,Z,W,F,T,6,1,L,3,Y,5,6,0,0,0,000000000,00000000000,0,0,0,1,0,0,0,0,0,0,0,998,0,1,5,9,6,2,1,0,0,0,1,47,37078,6,1,0,0,3,1,67,135,0,0,0,0,0,0,0,0,0,0,28,87,0,0,1,2,55,1,6,2,4,0,0,1,5,1,9,4,7,1,0
47,470126,1,2,2,2,3,23,5,12,6,1,0,47,2,37,32,37032,2,2005,1HGCM82665A0,1,H,G,C,M,8,2,6,6,5,A,0,0,0,0,000000000,00000000000,0,0,0,1,0,0,0,0,0,0,0,998,0,0,0,3,6,2,12,0,0,0,1,47,37083,6,1,0,0,3,0,73,150,1,0,0,2,0,7,2012,9,2013,0,28,0,0,0,1,2,55,1,1,2,2,0,0,1,10,1,1,2,64,2,0
47,470126,2,2,1,2,3,23,5,12,6,1,0,47,1,49,401,49401,14,1999,JT3HN86RXX02,J,T,3,H,N,8,6,R,X,X,0,2,0,0,0,000000000,00000000000,0,0,0,1,0,0,0,0,0,0,0,998,7,0,0,12,6,2,12,0,0,0,1,47,37186,6,1,0,0,3,1,71,208,0,0,0,0,0,0,0,0,0,0,0,0,0,0,1,2,55,1,1,2,2,0,0,1,62,99,1,1,65,0,0
47,470127,1,1,2,11,3,19,25,8,0,1,0,47,1,18,3,18003,4,1996,1G4CW52K7TH6,1,G,4,C,W,5,2,K,7,T,H,6,0,0,0,000000000,00000000000,0,0,0,1,0,0,0,0,0,0,0,998,0,0,0,12,2,3,8,0,0,0,1,47,38116,6,1,0,0,3,0,69,190,0,0,0,0,0,0,0,0,0,0,0,0,0,0,5,5,45,1,1,2,1,0,0,1,80,99,1,1,13,0,0
47,470128,1,1,1,30,1,20,47,8,0,1,1,47,2,24,9,24009,4,2007,1G8ZV57757F2,1,G,8,Z,V,5,7,7,5,7,F,2,0,0,0,000000000,00000000000,0,0,0,1,0,0,0,0,0,0,0,998,0,0,0,12,4,3,8,0,0,0,1,47,37013,6,1,0,0,3,0,65,125,1,0,0,0,0,11,2011,11,2011,0,0,0,0,0,1,2,30,3,1,2,1,0,0,14,80,4,1,3,13,0,0
47,470129,1,2,1,11,3,20,10,12,2,1,0,47,2,12,473,12473,30,2001,1FMZU67E01UC,1,F,M,Z,U,6,7,E,0,1,U,C,0,0,0,000000000,00000000000,0,0,0,1,0,0,0,0,0,0,0,998,0,1,1,12,6,2,1,0,0,0,1,47,37721,6,2,0,0,3,3,68,135,0,0,0,0,0,0,0,0,0,0,6,28,52,0,1,2,45,1,1,2,1,0,0,1,10,99,1,2,50,0,0
47,470129,2,2,2,11,3,20,10,12,2,1,0,47,2,37,31,37031,3,1988,JHMED8361JS0,J,H,M,E,D,8,3,6,1,J,S,0,0,0,0,000000000,00000000000,0,0,0,1,0,0,0,0,0,0,0,998,0,1,1,12,6,2,1,0,0,0,1,47,37807,6,1,0,0,3,0,66,140,0,0,0,0,0,0,0,0,0,9,99,99,99,99,1,2,45,1,1,2,1,0,0,1,62,99,1,1,51,1,0
47,470130,1,2,1,3,3,12,10,12,6,1,0,47,1,13,1,13001,4,2005,1LNHM81W65Y6,1,L,N,H,M,8,1,W,6,5,Y,6,0,0,0,000000000,00000000000,0,0,0,1,0,0,0,0,0,0,0,998,0,0,0,3,6,2,12,32,0,0,1,47,37416,6,1,6,0,3,0,73,225,0,0,0,0,0,0,0,0,0,0,38,0,0,0,2,5,55,1,1,2,2,0,0,11,15,1,1,1,68,1,0
47,470130,2,2,1,3,3,12,10,12,6,1,0,47,3,86,881,86881,66,2000,1M2AA18Y1YW1,1,M,2,A,A,1,8,Y,1,Y,W,1,1,1,57,2302432,572302432,3,6,3,1,0,0,0,0,0,0,0,998,0,0,0,12,6,2,12,0,0,0,1,47,37329,6,1,6,0,3,0,70,155,0,0,0,0,0,0,0,0,0,0,24,0,0,0,2,2,55,1,2,2,2,0,0,1,67,99,1,1,69,0,0
47,470131,1,1,2,5,3,99,99,14,0,1,0,47,2,18,401,18401,14,2004,3G5DB03E34S5,3,G,5,D,B,0,3,E,3,4,S,5,0,0,0,000000000,00000000000,0,0,0,1,0,0,0,0,0,0,0,998,1,0,0,12,6,2,14,0,0,0,1,47,37849,6,1,0,0,3,1,72,195,0,0,0,0,0,0,0,0,0,0,0,0,0,0,5,4,55,3,5,2,1,0,0,14,98,99,1,4,98,1,0
47,470132,1,3,2,22,2,18,55,12,1,1,0,54,1,49,40,49040,4,2012,4T1BF1FK9CU0,4,T,1,B,F,1,F,K,9,C,U,0,0,0,0,000000000,00000000000,0,0,0,1,0,0,0,0,0,0,0,998,1,0,0,6,6,2,12,0,0,0,1,54,25801,6,1,0,0,3,3,72,170,0,0,0,0,0,0,0,0,0,9,99,99,99,99,3,3,65,1,1,2,1,0,0,1,53,1,1,1,25,1,0
47,470132,2,3,1,22,2,18,55,12,1,1,0,93,3,82,881,82881,66,2012,1FUJGLBG1CLB,1,F,U,J,G,L,B,G,1,C,L,B,1,1,57,00580685,5700580685,3,6,1,1,0,0,0,0,0,0,0,998,7,0,0,12,6,2,12,0,0,0,1,54,24740,6,1,6,0,3,0,71,184,0,1,0,1,1,2,2011,10,2012,0,26,0,0,0,3,3,55,1,1,2,1,0,0,1,51,1,1,1,24,1,0
47,470132,3,3,1,22,2,18,55,12,1,1,0,51,2,35,43,35043,4,2005,3N1CB51D75L5,3,N,1,C,B,5,1,D,7,5,L,5,0,0,0,000000000,00000000000,0,0,0,1,0,0,0,0,0,0,0,998,0,0,0,14,2,3,54,0,0,0,1,51,37777,1,1,0,0,2,0,64,150,0,0,0,0,1,12,2012,12,2012,9,0,0,0,0,3,3,65,1,1,2,1,0,0,1,98,1,1,1,98,0,0
47,470133,1,1,2,12,3,0,4,24,0,1,0,47,1,41,53,41053,5,2007,JM3ER2930701,J,M,3,E,R,2,9,3,0,7,0,1,0,0,0,000000000,00000000000,0,0,0,1,0,0,0,0,0,0,0,998,0,1,5,11,6,2,1,0,0,0,1,47,37879,6,1,0,0,3,0,71,130,0,0,0,0,0,0,0,0,0,0,0,0,0,0,1,4,55,2,3,2,1,0,0,14,12,99,1,4,6,1,1
47,470134,1,3,1,11,3,10,12,12,1,1,0,47,2,20,22,20022,2,2007,1G1AK15F8771,1,G,1,A,K,1,5,F,8,7,7,1,0,0,0,000000000,00000000000,0,0,0,1,0,0,0,0,0,0,0,0,0,0,0,6,6,2,12,0,0,0,1,47,38401,6,1,0,0,3,0,72,180,0,0,0,0,0,0,0,0,0,0,0,0,0,0,1,2,55,1,1,2,1,0,0,5,15,1,1,1,21,1,0
47,470134,2,3,1,11,3,10,12,12,1,1,0,47,1,20,481,20481,31,2013,3GCPCSE09DG1,3,G,C,P,C,S,E,0,9,D,G,1,0,0,0,000000000,00000000000,0,0,0,1,0,0,0,0,0,0,0,998,0,0,0,12,6,2,12,0,0,0,1,47,38401,6,1,0,0,3,0,78,205,0,0,0,0,1,5,2013,5,2013,0,6,0,0,0,1,2,55,1,1,2,1,0,0,1,50,1,1,1,20,0,0
47,470134,3,3,1,11,3,10,12,12,1,1,0,47,3,12,481,12481,31,2008,1FTSX21R78EC,1,F,T,S,X,2,1,R,7,8,E,C,0,0,0,000000000,00000000000,0,0,0,1,0,0,0,0,0,0,0,998,0,0,0,12,6,2,12,0,0,0,1,47,38474,6,1,0,0,3,0,71,200,0,0,0,0,0,0,0,0,0,0,0,0,0,0,1,2,55,1,1,2,1,0,0,1,98,1,1,1,98,0,0
47,470135,1,1,1,7,3,19,0,34,0,1,0,47,1,51,45,51045,4,2008,YV1AS9826810,Y,V,1,A,S,9,8,2,6,8,1,0,0,0,0,000000000,00000000000,0,0,0,1,0,0,0,0,0,0,0,998,0,0,0,12,6,2,34,0,0,0,1,47,37212,6,1,0,0,3,0,67,140,0,0,0,0,0,0,0,0,0,4,0,0,0,0,0,0,0,0,0,0,0,0,0,98,6,1,1,5,98,1,1
47,470136,1,1,1,14,3,16,0,32,0,1,0,47,2,12,481,12481,31,1990,1FTEF14N8LPA,1,F,T,E,F,1,4,N,8,L,P,A,0,0,0,000000000,00000000000,0,0,0,1,0,0,0,0,0,0,0,998,0,0,0,12,6,2,42,0,0,0,1,47,37801,2,1,2,0,2,2,72,225,0,0,0,0,0,0,0,0,0,4,74,0,0,0,1,2,45,3,1,2,1,0,0,14,6,1,1,4,1,1,1
47,470137,1,1,1,14,3,10,40,41,0,1,0,47,2,12,471,12471,30,1998,1FTYR14U8WPA,1,F,T,Y,R,1,4,U,8,W,P,A,0,0,0,000000000,00000000000,0,0,0,1,0,0,0,0,0,0,0,998,0,0,0,12,6,2,42,0,0,0,1,47,38357,6,1,0,0,3,0,71,175,0,0,0,0,0,0,0,0,0,0,0,0,0,0,1,2,55,1,1,2,1,0,0,1,13,1,1,4,1,1,0
47,470138,1,2,1,19,2,18,18,12,6,1,0,47,1,49,44,49044,2,1999,2T1CF22P9XC2,2,T,1,C,F,2,2,P,9,X,C,2,0,0,0,000000000,00000000000,0,0,0,1,0,0,0,0,0,0,0,998,0,0,0,12,6,2,12,0,0,0,1,47,38019,6,1,0,0,3,3,67,162,0,0,0,0,0,0,0,0,0,0,0,0,0,0,2,2,55,1,1,2,1,0,0,1,66,99,1,1,69,0,0
47,470138,2,2,1,19,2,18,18,12,6,1,0,5,1,24,1,24001,4,2002,1G8ZK52752Z2,1,G,8,Z,K,5,2,7,5,2,Z,2,0,0,0,000000000,00000000000,0,0,0,1,0,0,0,0,0,0,0,998,0,0,0,3,6,2,12,0,0,0,1,5,72394,6,1,8,0,3,0,70,213,0,0,0,0,0,0,0,0,0,0,38,0,0,0,2,3,55,1,1,2,1,0,0,11,15,1,1,1,68,1,0
47,470139,1,1,2,8,3,19,45,42,0,1,0,47,2,12,471,12471,30,1999,1FTZR15V8XPA,1,F,T,Z,R,1,5,V,8,X,P,A,6,1,0,000000000,00000000000,0,0,0,1,0,0,0,0,0,0,0,998,0,1,5,3,6,2,1,0,0,0,1,47,38474,6,1,0,0,3,0,73,200,0,0,0,0,0,0,0,0,0,4,22,0,0,0,1,2,45,3,1,2,1,0,0,14,6,99,2,4,98,1,0
47,470140,1,3,1,12,3,6,59,12,6,1,0,47,1,2,404,2404,14,1992,1J4FJ58S6NL1,1,J,4,F,J,5,8,S,6,N,L,1,0,0,0,000000000,00000000000,0,0,0,1,0,0,0,0,0,0,0,998,0,0,0,11,6,2,12,32,0,0,1,47,37331,6,1,0,0,3,0,70,150,0,0,0,0,0,0,0,0,0,4,28,0,0,0,1,2,55,3,6,2,2,0,0,14,6,99,4,2,64,1,0
47,470140,2,3,1,12,3,6,59,12,6,1,0,47,1,20,16,20016,4,2003,1G1JC52F1372,1,G,1,J,C,5,2,F,1,3,7,2,0,0,0,000000000,00000000000,0,0,0,1,0,0,0,0,0,0,0,998,0,0,0,11,6,2,12,0,0,0,1,47,37303,6,1,0,0,3,1,68,198,0,0,0,0,0,0,0,0,0,0,0,0,0,0,1,2,55,2,5,2,2,0,0,14,62,99,1,1,65,0,0
47,470140,3,3,1,12,3,6,59,12,6,1,0,47,1,20,441,20441,20,1995,1GBDM19W4SB2,1,G,B,D,M,1,9,W,4,S,B,2,0,0,0,000000000,00000000000,0,0,0,1,0,0,0,0,0,0,0,998,0,0,0,12,6,2,12,0,0,0,1,47,37312,6,1,0,0,3,0,71,176,0,0,0,0,1,9,2012,9,2012,0,0,0,0,0,1,2,55,2,5,2,2,0,0,14,62,7,1,3,98,0,0
47,470141,1,1,1,11,3,13,38,5,0,1,0,47,1,12,471,12471,30,2000,1FTZR15V1YTA,1,F,T,Z,R,1,5,V,1,Y,T,A,0,0,0,000000000,00000000000,0,0,0,1,0,0,0,0,0,0,0,998,0,0,0,0,6,2,5,0,0,0,1,47,37023,6,1,0,0,3,0,63,185,1,0,0,0,0,10,2012,10,2012,9,59,0,0,0,1,2,25,1,1,2,1,0,0,13,98,1,1,4,0,1,0
47,470142,1,1,1,14,3,11,20,34,0,1,0,47,1,12,473,12473,30,2005,1FMZU67K55UA,1,F,M,Z,U,6,7,K,5,5,U,A,0,0,0,000000000,00000000000,0,0,0,1,0,0,0,0,0,0,0,998,0,0,0,11,6,2,32,0,0,0,1,47,37829,6,1,0,0,3,0,71,275,1,0,0,0,0,1,2014,1,2014,0,0,0,0,0,1,2,45,1,1,2,1,0,0,1,12,1,1,4,6,1,0
47,470143,1,2,3,13,3,1,54,12,1,1,0,21,1,20,2,20002,4,2013,2G1WG5E35D11,2,G,1,W,G,5,E,3,5,D,1,1,0,0,0,000000000,00000000000,0,0,0,1,0,0,0,0,0,0,0,80,1,0,0,12,6,2,12,0,0,0,1,21,42206,6,1,0,0,3,0,73,270,1,0,0,0,0,5,2012,5,2012,3,36,0,0,0,1,2,30,1,1,2,1,0,0,1,50,99,1,1,20,2,1
47,470143,2,2,1,13,3,1,54,12,1,1,0,24,3,84,881,84881,63,2012,1HSDJSJR5CJ0,1,H,S,D,J,S,J,R,5,C,J,0,0,0,57,00548880,5700548880,3,2,1,1,0,0,0,0,0,0,0,0,0,0,0,6,4,5,12,0,0,0,1,21,42721,6,1,6,1,3,0,69,180,0,0,0,0,0,0,0,0,0,0,0,0,0,0,1,2,30,1,1,2,1,20,3,5,53,1,1,1,21,0,0
47,470144,1,1,1,19,3,3,9,33,0,1,0,47,1,20,481,20481,31,2008,1GCEC19048Z2,1,G,C,E,C,1,9,0,4,8,Z,2,0,0,0,000000000,00000000000,0,0,0,1,0,0,0,0,0,0,0,998,0,1,6,12,6,2,1,0,0,0,1,47,38122,6,1,0,0,3,1,70,175,2,0,0,1,0,4,2011,10,2012,0,6,0,0,0,1,4,40,1,1,2,1,0,0,1,13,1,1,4,1,1,0
47,470145,1,2,1,24,2,21,1,12,1,1,0,99,9,53,709,53709,80,9999,017A08A0282,0,1,7,A,0,8,A,0,2,8,2,,0,0,0,000000000,00000000000,0,0,0,1,0,0,0,0,0,0,0,998,0,0,0,12,6,2,12,0,0,1,1,47,37127,6,1,0,0,2,0,74,213,1,1,1,0,1,5,2011,10,2012,3,0,0,0,0,3,4,70,1,1,2,1,0,0,1,6,99,1,1,24,1,0
47,470145,2,2,4,24,2,21,1,12,1,1,0,47,1,7,442,7442,20,2005,1D4GP45R45B1,1,D,4,G,P,4,5,R,4,5,B,1,0,0,0,000000000,00000000000,0,0,0,1,0,0,0,0,0,0,0,998,0,0,0,6,6,2,12,0,0,0,1,47,37388,6,1,0,0,3,0,64,180,0,0,0,0,0,0,0,0,0,0,0,0,0,0,3,4,70,1,1,2,1,0,0,1,53,1,1,1,25,0,0
47,470146,1,2,1,20,3,20,50,12,6,1,0,47,2,49,40,49040,4,2010,4T1BF3EK0AU5,4,T,1,B,F,3,E,K,0,A,U,5,0,0,0,000000000,00000000000,0,0,0,1,0,0,0,0,0,0,0,998,0,0,0,9,6,2,12,0,0,0,1,47,38111,6,1,0,0,3,0,66,155,0,0,0,1,0,6,2013,6,2013,0,38,0,0,0,5,7,45,1,1,2,1,0,0,11,98,1,1,7,82,0,0