STATE,ST_CASE,VEH_NO,VE_FORMS,NUMOCCS,DAY,MONTH,HOUR,MINUTE,HARM_EV,MAN_COLL,UNITTYPE,HIT_RUN,REG_STAT,OWNER,MAKE,MODEL,MAK_MOD,BODY_TYP,MOD_YEAR,VIN,VIN_1,VIN_2,VIN_3,VIN_4,VIN_5,VIN_6,VIN_7,VIN_8,VIN_9,VIN_10,VIN_11,VIN_12,TOW_VEH,J_KNIFE,MCARR_I1,MCARR_I2,MCARR_ID,GVWR,V_CONFIG,CARGO_BT,HAZ_INV,HAZ_PLAC,HAZ_ID,HAZ_CNO,HAZ_REL,BUS_USE,SPEC_USE,EMER_USE,TRAV_SP,UNDERIDE,ROLLOVER,ROLINLOC,IMPACT1,DEFORMED,TOWED,M_HARM,VEH_SC1,VEH_SC2,FIRE_EXP,DR_PRES,L_STATE,DR_ZIP,L_STATUS,L_TYPE,CDL_STAT,L_ENDORS,L_COMPL,L_RESTRI,DR_HGT,DR_WGT,PREV_ACC,PREV_SUS,PREV_DWI,PREV_SPD,PREV_OTH,FIRST_MO,FIRST_YR,LAST_MO,LAST_YR,SPEEDREL,DR_SF1,DR_SF2,DR_SF3,DR_SF4,VTRAFWAY,VNUM_LAN,VSPD_LIM,VALIGN,VPROFILE,VPAVETYP,VSURCOND,VTRAFCON,VTCONT_F,P_CRASH1,P_CRASH2,P_CRASH3,PCRASH4,PCRASH5,ACC_TYPE,DEATHS,DR_DRINK
47,470146,2,2,1,20,3,20,50,12,6,1,0,47,1,53,705,53705,80,2012,JS1GN7FA3C21,J,S,1,G,N,7,F,A,3,C,2,1,0,0,0,000000000,00000000000,0,0,0,1,0,0,0,0,0,0,0,998,0,0,0,12,6,2,12,0,0,0,1,47,38002,6,1,6,0,2,0,65,170,0,0,0,0,0,0,0,0,0,3,0,0,0,0,5,7,45,1,1,2,1,0,0,1,72,99,1,1,83,1,1
47,470147,1,2,1,21,3,16,0,12,6,1,0,47,1,49,32,49032,4,2010,JTDBU4EEXAJ0,J,T,D,B,U,4,E,E,X,A,J,0,0,0,0,000000000,00000000000,0,0,0,1,0,0,0,0,0,0,0,998,0,0,0,62,6,2,12,0,0,0,1,47,38382,6,1,0,0,3,1,68,180,0,0,0,0,0,0,0,0,0,0,39,0,0,0,1,5,30,1,1,2,1,2,3,1,17,1,1,1,89,1,0
47,470147,2,2,1,21,3,16,0,12,6,1,0,47,3,84,981,84981,50,2003,4DRBGAAN43A9,4,D,R,B,G,A,A,N,4,3,A,9,0,0,88,888888888,88888888888,3,21,22,1,0,0,0,0,1,2,0,998,0,0,0,12,6,2,12,0,0,0,1,47,38301,6,1,6,1,3,0,68,160,1,0,0,0,0,4,2012,4,2012,0,0,0,0,0,1,3,30,1,1,2,1,2,3,1,66,4,1,1,88,0,0
47,470148,1,2,1,10,3,99,99,12,2,1,0,47,1,7,41,7041,4,1999,2B3HD46R4XH7,2,B,3,H,D,4,6,R,4,X,H,7,0,0,0,000000000,00000000000,0,0,0,1,0,0,0,0,0,0,0,998,0,0,0,12,6,2,12,0,0,1,1,47,38066,2,1,2,0,2,0,67,148,3,1,0,0,0,9,2011,1,2013,0,28,0,0,0,1,2,55,1,1,2,1,0,0,1,10,1,1,2,50,1,0
47,470148,2,2,2,10,3,99,99,12,2,1,0,93,3,82,881,82881,66,2005,1FUJA6CK75PU,1,F,U,J,A,6,C,K,7,5,P,U,0,0,57,02269216,5702269216,3,5,96,1,0,0,0,0,0,0,0,998,0,0,0,12,6,2,12,0,0,1,1,47,38002,6,1,6,0,3,0,71,220,1,0,0,0,0,10,2011,10,2011,0,0,0,0,0,1,2,55,1,1,2,1,0,0,1,62,4,1,1,51,0,0
47,470149,1,1,1,13,3,18,10,59,0,1,0,47,1,53,706,53706,80,2001,JS1GT74A1121,J,S,1,G,T,7,4,A,1,1,2,1,0,0,0,000000000,00000000000,0,0,0,1,0,0,0,0,0,0,0,92,0,0,0,3,6,2,59,0,0,0,1,47,37042,6,1,0,0,3,1,72,270,0,1,0,3,0,6,2011,11,2013,3,36,0,0,0,1,2,45,3,1,2,1,0,0,14,6,1,1,4,1,1,0
47,470150,1,1,2,15,3,13,35,35,0,1,0,92,0,58,33,58033,4,1993,JNKCP01D9PT4,J,N,K,C,P,0,1,D,9,P,T,4,0,0,0,000000000,00000000000,0,0,0,1,0,0,0,0,0,0,0,998,0,0,0,3,6,2,35,0,0,0,1,47,37098,6,1,6,0,3,0,68,175,1,0,0,0,0,2,2014,2,2014,0,0,0,0,0,2,2,70,3,1,2,1,0,0,14,12,99,5,4,7,1,0
47,470151,1,3,1,16,3,16,50,12,2,1,0,47,2,12,481,12481,31,1981,2FTCF10F7BCA,2,F,T,C,F,1,0,F,7,B,C,A,0,0,0,000000000,00000000000,0,0,0,1,0,0,0,0,0,0,0,998,0,0,0,12,6,2,12,0,0,0,1,47,37061,6,1,0,0,3,0,70,205,0,0,0,0,0,0,0,0,0,0,28,0,0,0,1,2,55,1,1,2,2,0,0,1,10,1,1,2,50,1,0
47,470151,2,3,1,16,3,16,50,12,2,1,0,47,2,20,404,20404,14,2010,2CNFLEEY8A63,2,C,N,F,L,E,E,Y,8,A,6,3,0,0,0,000000000,00000000000,0,0,0,1,0,0,0,0,0,0,0,998,0,0,0,12,6,2,12,0,0,0,1,47,37185,6,1,0,0,3,0,77,240,0,0,0,0,0,0,0,0,0,0,0,0,0,0,1,2,55,1,1,2,2,0,0,1,54,1,1,1,51,0,1
47,470151,3,3,1,16,3,16,50,12,2,1,0,47,1,12,481,12481,31,2008,1FTRF14V88KC,1,F,T,R,F,1,4,V,8,8,K,C,0,0,0,000000000,00000000000,0,0,0,1,0,0,0,0,0,0,0,998,0,0,0,2,6,2,12,0,0,0,1,47,38117,6,1,0,0,3,1,70,190,1,1,1,0,0,5,2012,11,2012,0,0,0,0,0,1,2,55,1,1,2,2,0,0,1,10,6,1,2,98,0,0
47,470152,1,1,1,17,3,16,4,25,0,1,0,47,3,20,461,20461,21,2003,1GCFG25TX312,1,G,C,F,G,2,5,T,X,3,1,2,0,0,0,000000000,00000000000,0,0,0,1,0,0,0,0,0,0,0,998,0,1,3,12,6,2,1,0,0,0,1,47,38128,6,1,0,0,3,0,72,200,0,0,0,0,0,0,0,0,0,0,6,58,0,0,3,3,65,1,1,2,1,0,0,1,12,6,2,4,7,1,0
47,470153,1,1,2,18,3,21,20,8,0,1,0,47,1,48,34,48034,6,2000,4S3BH6861Y76,4,S,3,B,H,6,8,6,1,Y,7,6,0,0,0,000000000,00000000000,0,0,0,1,0,0,0,0,0,0,0,998,0,0,0,14,2,5,8,0,0,0,1,47,37722,6,1,0,0,3,0,72,195,0,0,0,0,0,0,0,0,0,0,0,0,0,0,1,2,55,1,6,2,1,0,0,1,80,99,1,1,13,0,0
47,470154,1,1,1,17,3,13,42,1,0,1,0,47,1,12,481,12481,31,1995,1FTEX15NXSKA,1,F,T,E,X,1,5,N,X,S,K,A,0,0,0,000000000,00000000000,0,0,0,1,0,0,0,0,0,0,0,998,0,1,6,0,6,2,3,0,0,0,1,47,37774,6,1,0,0,3,1,71,215,1,0,0,0,0,4,2013,4,2013,0,58,87,0,0,1,2,30,2,1,2,2,0,0,14,12,7,3,4,7,1,0
47,470155,1,1,2,18,3,4,0,40,0,1,0,92,0,37,402,37402,14,1999,JHLRD1860XC0,J,H,L,R,D,1,8,6,0,X,C,0,0,0,0,000000000,00000000000,0,0,0,1,0,0,0,0,0,0,0,998,0,0,0,12,6,2,42,0,0,0,1,47,37322,6,1,0,0,3,0,70,220,0,0,0,1,0,5,2013,5,2013,3,6,0,0,0,1,2,55,3,2,2,1,0,0,14,6,1,1,4,1,1,1
47,470156,1,2,2,20,3,18,25,12,6,1,0,47,1,53,706,53706,80,2009,JS1GX72A5921,J,S,1,G,X,7,2,A,5,9,2,1,0,0,0,000000000,00000000000,0,0,0,1,0,0,0,0,0,0,0,998,0,0,0,12,6,2,12,0,0,0,1,47,38135,6,1,0,0,3,0,68,170,0,0,0,0,0,0,0,0,0,4,0,0,0,0,5,7,50,1,1,2,1,0,0,1,65,1,1,1,77,1,0
47,470156,2,2,1,20,3,18,25,12,6,1,0,47,1,49,46,49046,5,2012,JTDZN3EU4C31,J,T,D,Z,N,3,E,U,4,C,3,1,0,0,0,000000000,00000000000,0,0,0,1,0,0,0,0,0,0,0,998,0,0,0,5,6,2,12,0,0,0,1,47,38134,6,1,0,0,3,0,72,180,2,0,0,0,0,9,2011,1,2012,0,0,0,0,0,1,2,99,1,1,2,1,0,0,11,15,99,1,2,76,0,0
47,470157,1,5,1,21,2,8,45,12,1,1,0,47,2,18,2,18002,4,2002,1G4HP54K22U2,1,G,4,H,P,5,4,K,2,2,U,2,0,0,0,000000000,00000000000,0,0,0,1,0,0,0,0,0,0,0,998,0,0,0,12,6,2,12,0,0,0,1,47,37075,6,1,0,0,3,0,65,140,0,0,0,0,0,0,0,0,0,0,6,0,0,0,1,5,45,1,2,2,1,2,3,1,50,1,1,1,20,1,0
47,470157,2,5,1,21,2,8,45,12,1,1,0,47,1,42,47,42047,2,2002,WDBLJ70G32F1,W,D,B,L,J,7,0,G,3,2,F,1,0,0,0,000000000,00000000000,0,0,0,1,0,0,0,0,0,0,0,0,0,0,0,6,6,2,12,0,0,0,1,47,37072,6,1,0,0,3,1,70,183,0,0,0,0,0,0,0,0,0,0,0,0,0,0,1,5,45,1,2,2,1,2,3,5,53,1,1,1,21,0,0
47,470157,3,5,1,21,2,8,45,12,1,1,0,47,2,6,441,6441,20,2005,1C4GP45R45B3,1,C,4,G,P,4,5,R,4,5,B,3,0,0,0,000000000,00000000000,0,0,0,1,0,0,0,0,0,0,0,0,0,0,0,6,4,3,12,0,0,0,1,47,37067,6,1,0,0,3,1,70,175,0,0,0,0,0,0,0,0,0,0,0,0,0,0,1,5,45,1,2,2,1,2,3,5,98,1,1,1,98,0,0
47,470157,4,5,1,21,2,8,45,12,1,1,0,47,1,37,31,37031,4,2010,19XFA1F88AE0,1,9,X,F,A,1,F,8,8,A,E,0,0,0,0,000000000,00000000000,0,0,0,1,0,0,0,0,0,0,0,998,0,0,0,7,4,5,12,0,0,0,1,47,37206,6,1,0,0,3,3,64,145,0,0,0,0,0,0,0,0,0,0,0,0,0,0,1,6,45,1,1,2,1,0,0,4,98,99,1,1,98,0,0
47,470157,5,5,1,21,2,8,45,12,1,1,0,47,2,13,421,13421,15,2003,5LMFU27R73LJ,5,L,M,F,U,2,7,R,7,3,L,J,0,0,0,000000000,00000000000,0,0,0,1,0,0,0,0,0,0,0,998,0,0,0,12,6,2,12,0,0,0,1,47,37115,6,1,0,0,3,0,66,196,0,0,0,0,0,0,0,0,0,0,0,0,0,0,1,6,45,1,1,2,1,0,0,1,98,99,1,1,98,0,0
47,470158,1,1,1,21,3,99,99,42,0,1,0,47,2,12,4,12004,2,1997,1FALP6249VH1,1,F,A,L,P,6,2,4,9,V,H,1,0,0,0,000000000,00000000000,0,0,0,1,0,0,0,0,0,0,0,998,0,0,0,11,6,2,42,0,0,0,1,47,38572,2,1,2,0,2,0,66,140,1,0,0,0,0,6,2013,6,2013,3,6,39,0,0,1,2,55,3,1,2,1,20,3,10,6,1,1,4,6,1,1
47,470159,1,1,1,20,2,18,3,17,0,1,0,47,1,20,404,20404,14,2005,2CNDL13F4561,2,C,N,D,L,1,3,F,4,5,6,1,0,0,0,000000000,00000000000,0,0,0,1,0,0,0,0,0,0,0,998,0,0,0,11,6,2,17,0,0,0,1,47,37073,6,1,0,0,3,0,63,125,0,0,0,0,0,0,0,0,0,0,85,0,0,0,3,5,70,1,1,2,1,0,0,1,60,9,3,4,3,1,0
47,470160,1,1,1,18,3,20,29,8,0,1,0,47,1,24,7,24007,4,2004,1G8AL54FX4Z1,1,G,8,A,L,5,4,F,X,4,Z,1,0,0,0,000000000,00000000000,0,0,0,1,0,0,0,0,0,0,0,998,0,0,0,12,4,3,8,0,0,0,1,47,37343,6,1,0,0,3,2,70,180,0,0,0,1,0,10,2012,10,2012,0,74,0,0,0,5,5,40,1,1,2,1,1,3,1,80,4,1,3,13,0,1
47,470161,1,2,2,20,3,6,58,12,6,1,0,47,2,49,40,49040,4,2002,4T1BE32K92U0,4,T,1,B,E,3,2,K,9,2,U,0,0,0,0,000000000,00000000000,0,0,0,1,0,0,0,0,0,0,0,998,0,0,0,9,6,2,12,0,0,0,1,47,37416,6,1,0,0,3,0,65,160,0,0,0,0,0,0,0,0,0,9,38,0,0,0,1,2,40,1,1,2,1,20,3,11,15,1,1,1,82,1,0
47,470161,2,2,1,20,3,6,58,12,6,1,0,47,1,7,482,7482,31,2014,1C6RR7PT7ES1,1,C,6,R,R,7,P,T,7,E,S,1,0,0,0,000000000,00000000000,0,0,0,1,0,0,0,0,0,0,0,998,0,0,0,12,6,2,12,0,0,0,1,47,37341,6,1,0,0,3,0,71,231,1,0,0,1,0,3,2013,3,2013,9,0,0,0,0,2,3,50,1,6,2,1,0,0,1,67,8,1,2,83,0,0
47,470162,1,1,1,21,3,16,33,33,0,1,0,47,1,53,706,53706,80,2012,JS1GX72A1C21,J,S,1,G,X,7,2,A,1,C,2,1,0,0,0,000000000,00000000000,0,0,0,1,0,0,0,0,0,0,0,998,0,0,0,98,6,2,1,0,0,0,1,47,37210,6,1,0,0,3,0,67,225,0,0,0,1,0,7,2012,7,2012,3,6,0,0,0,1,2,30,3,5,2,1,0,0,14,6,1,1,4,1,1,0
47,470163,1,2,1,19,3,10,20,12,2,1,0,47,1,22,2,22002,4,1999,1G2HX52K8XH2,1,G,2,H,X,5,2,K,8,X,H,2,0,0,0,000000000,00000000000,0,0,0,1,0,0,0,0,0,0,0,998,0,0,0,12,6,2,12,0,0,0,1,47,37311,6,1,0,0,3,1,71,160,6,0,0,1,3,3,2011,1,2014,0,28,0,0,0,1,2,40,1,3,2,1,0,0,1,10,99,1,2,50,1,0
47,470163,2,2,1,19,3,10,20,12,2,1,0,47,1,12,481,12481,31,2006,1FTSW21P56EC,1,F,T,S,W,2,1,P,5,6,E,C,0,0,0,000000000,00000000000,0,0,0,1,0,0,0,0,0,0,0,998,0,0,0,12,6,2,12,0,0,0,1,47,37343,6,1,6,0,3,0,74,230,0,0,0,0,0,0,0,0,0,0,0,0,0,0,1,2,40,1,3,2,1,0,0,1,62,99,1,1,51,0,0
47,470164,1,3,2,28,3,23,30,12,1,1,0,47,1,52,34,52034,4,2004,4A3AB36S84E0,4,A,3,A,B,3,6,S,8,4,E,0,0,0,0,000000000,00000000000,0,0,0,1,0,0,0,0,0,0,0,998,7,0,0,12,6,2,12,0,0,0,1,47,37059,6,1,0,0,3,0,63,130,0,0,0,0,0,0,0,0,0,0,0,0,0,0,1,2,55,1,1,2,1,0,0,1,62,99,1,3,98,0,0
47,470164,2,3,2,28,3,23,30,12,1,1,0,47,2,12,3,12003,2,2005,1ZVFT82H6552,1,Z,V,F,T,8,2,H,6,5,5,2,0,0,0,000000000,00000000000,0,0,0,1,0,0,0,0,0,0,0,998,0,0,0,6,6,5,12,0,0,0,1,47,37357,6,1,0,0,3,1,73,200,0,0,0,0,0,0,0,0,0,0,0,0,0,0,1,2,55,1,1,2,1,0,0,2,53,1,1,1,29,0,1
47,470164,3,3,1,28,3,23,30,12,1,1,0,47,1,37,31,37031,2,1997,1HGEJ8143VL1,1,H,G,E,J,8,1,4,3,V,L,1,0,0,0,000000000,00000000000,0,0,0,1,0,0,0,0,0,0,0,998,1,0,0,12,6,2,12,0,0,0,1,47,38583,6,1,0,0,3,0,72,140,0,0,0,2,0,8,2011,1,2013,0,26,0,0,0,1,2,55,1,1,2,1,0,0,1,52,4,1,3,28,1,0
47,470165,1,1,1,17,3,11,40,1,0,1,0,28,3,82,881,82881,66,2006,1FUJA6CK46DW,1,F,U,J,A,6,C,K,4,6,D,W,1,1,57,02412927,5702412927,3,6,10,1,0,0,0,0,0,0,0,998,0,2,5,0,6,2,1,0,0,0,1,28,38801,6,1,6,0,3,0,71,200,98,0,0,0,0,0,0,0,0,0,0,0,0,0,1,2,55,3,1,2,1,0,0,14,13,1,1,4,1,1,0
47,470166,1,1,1,27,3,18,12,35,0,1,0,47,1,73,705,73705,80,2005,JKAZX4J105A0,J,K,A,Z,X,4,J,1,0,5,A,0,0,0,0,000000000,00000000000,0,0,0,1,0,0,0,0,0,0,0,998,0,0,0,11,6,2,42,0,0,0,1,47,37873,6,1,0,0,3,0,73,300,0,0,0,0,0,0,0,0,0,3,0,0,0,0,1,2,30,2,1,2,1,0,0,14,6,1,1,4,6,1,0
47,470167,1,1,1,2,3,0,24,30,0,1,0,47,2,12,401,12401,14,1998,1FMZU32X7WUA,1,F,M,Z,U,3,2,X,7,W,U,A,0,0,0,000000000,00000000000,0,0,0,1,0,0,0,0,0,0,0,998,0,0,0,12,6,2,30,0,0,0,1,28,38671,6,1,0,0,3,0,63,127,98,0,0,0,0,0,0,0,0,9,99,99,99,99,5,4,40,1,2,2,1,0,0,99,12,99,9,4,6,1,0
47,470168,1,2,1,27,3,6,0,12,1,1,0,47,3,86,881,86881,63,1999,1M2P264C9XM0,1,M,2,P,2,6,4,C,9,X,M,0,0,0,88,888888888,88888888888,3,2,4,1,0,0,0,0,0,0,0,998,0,0,0,6,6,2,12,0,0,0,1,47,38474,6,1,6,0,3,0,61,185,0,0,0,0,0,0,0,0,0,0,0,0,0,0,2,2,65,1,1,2,1,0,0,1,53,1,1,1,25,0,0
47,470168,2,2,1,27,3,6,0,12,1,1,0,47,1,23,481,23481,31,1997,1GTFC24RXVZ5,1,G,T,F,C,2,4,R,X,V,Z,5,0,0,0,000000000,00000000000,0,0,0,1,0,0,0,0,0,0,0,998,2,0,0,12,6,2,12,0,0,0,1,47,37174,6,1,0,0,3,3,68,195,1,0,0,0,0,1,2014,1,2014,9,99,99,99,99,2,2,65,1,1,2,1,0,0,1,51,99,1,1,24,1,0
47,470169,1,2,1,22,3,17,15,12,2,1,0,47,1,72,706,72706,80,2006,1HD1GM1166K3,1,H,D,1,G,M,1,1,6,6,K,3,0,0,0,000000000,00000000000,0,0,0,1,0,0,0,0,0,0,0,998,0,0,0,12,6,2,12,0,0,1,1,47,37871,2,1,2,0,2,0,70,200,0,0,0,0,0,0,0,0,0,0,28,0,0,0,1,2,45,2,1,2,1,0,0,14,10,1,1,2,50,1,1
47,470169,2,2,1,22,3,17,15,12,2,1,0,47,3,12,881,12881,61,2008,1FDXF47R28EA,1,F,D,X,F,4,7,R,2,8,E,A,1,1,88,888888888,88888888888,2,4,3,1,0,0,0,0,0,0,0,998,0,1,5,12,4,5,12,0,0,0,1,47,37713,6,1,0,0,2,0,72,201,0,0,0,0,0,0,0,0,0,0,0,0,0,0,1,2,45,3,1,2,1,0,0,14,62,7,1,1,51,0,0
47,470170,1,2,1,2,4,2,15,12,2,1,0,47,2,73,705,73705,80,2000,JKAZX4J13YA0,J,K,A,Z,X,4,J,1,3,Y,A,0,0,0,0,000000000,00000000000,0,0,0,1,0,0,0,0,0,0,0,998,0,0,0,12,6,2,12,0,0,0,1,47,37825,6,1,0,0,3,1,69,160,0,0,0,0,0,0,0,0,0,4,28,52,0,0,1,2,55,2,5,2,1,0,0,14,10,1,1,2,50,1,0
47,470170,2,2,1,2,4,2,15,12,2,1,0,93,3,82,881,82881,66,2006,1FUJA6CK26LX,1,F,U,J,A,6,C,K,2,6,L,X,1,1,57,00722979,5700722979,3,6,1,1,0,0,0,0,0,0,0,998,0,0,0,12,6,2,12,0,0,0,1,47,37880,6,1,6,0,3,0,67,180,0,0,0,0,0,0,0,0,0,0,0,0,0,0,1,2,55,3,6,2,1,0,0,14,60,7,1,1,51,0,0
47,470172,1,1,3,29,3,18,45,1,0,1,0,47,2,41,471,41471,30,1987,JM2UF4128H01,J,M,2,U,F,4,1,2,8,H,0,1,0,0,0,000000000,00000000000,0,0,0,1,0,0,0,0,0,0,0,998,0,2,5,0,6,2,1,0,0,0,1,47,37643,2,1,2,0,2,0,67,135,0,0,0,0,0,0,0,0,0,3,28,0,0,0,1,2,20,2,3,2,2,0,0,14,6,3,2,4,7,1,1
47,470173,1,1,2,29,3,20,36,33,0,1,1,47,2,20,37,20037,4,2002,1G1ND52J22M5,1,G,1,N,D,5,2,J,2,2,M,5,0,0,0,000000000,00000000000,0,0,0,1,0,0,0,0,0,0,0,998,0,0,0,1,4,3,8,0,0,0,1,47,38111,1,1,1,0,2,0,63,126,0,1,0,0,0,6,2013,6,2013,0,6,0,0,0,1,2,35,1,1,2,1,0,0,1,13,1,3,4,2,0,0
47,470174,1,1,1,31,3,0,30,35,0,1,0,47,1,6,43,6043,1,2008,1C3LC45K28N1,1,C,3,L,C,4,5,K,2,8,N,1,0,0,0,000000000,00000000000,0,0,0,1,0,0,0,0,0,0,0,998,0,0,0,12,6,2,3,0,0,0,1,47,37641,6,1,0,0,3,0,61,129,4,0,0,0,0,5,2011,12,2013,0,39,0,0,0,1,2,45,1,1,2,1,20,3,1,14,3,2,4,14,1,0
47,470175,1,1,1,29,3,10,44,34,0,1,0,47,1,7,442,7442,20,2003,1D4GP25R43B2,1,D,4,G,P,2,5,R,4,3,B,2,0,0,0,000000000,00000000000,0,0,0,1,0,0,0,0,0,0,0,998,0,0,0,12,6,2,34,0,0,0,1,47,37043,6,1,0,0,3,0,64,150,1,0,0,0,1,2,2012,2,2012,4,6,0,0,0,6,2,70,1,1,1,2,0,0,1,6,4,1,4,1,1,0
47,470176,1,2,1,30,3,9,4,12,6,1,0,47,1,53,706,53706,80,2007,JS1GT77A4721,J,S,1,G,T,7,7,A,4,7,2,1,0,0,0,000000000,00000000000,0,0,0,1,0,0,0,0,0,0,0,998,0,0,0,98,6,2,12,0,0,0,1,47,37343,6,1,0,0,3,0,68,170,3,0,0,4,0,10,2011,1,2014,3,6,28,36,0,5,5,40,1,1,2,1,0,0,1,8,1,1,2,49,0,0
47,470176,2,2,1,30,3,9,4,12,6,1,0,92,0,53,705,53705,80,2003,JS1GR7HA3321,J,S,1,G,R,7,H,A,3,3,2,1,0,0,0,000000000,00000000000,0,0,0,1,0,0,0,0,0,0,0,998,0,0,0,9,6,2,12,0,0,0,1,47,37377,6,1,0,0,3,0,68,185,0,0,0,0,0,0,0,0,0,0,0,0,0,0,5,5,40,1,1,2,1,0,0,1,78,99,1,3,49,1,0
47,470177,1,1,1,6,4,12,31,31,0,1,0,47,1,19,3,19003,4,2000,1G6KF5796YU2,1,G,6,K,F,5,7,9,6,Y,U,2,0,0,0,000000000,00000000000,0,0,0,1,0,0,0,0,0,0,0,998,0,0,0,12,6,2,19,0,0,0,1,47,37914,6,1,0,0,3,0,68,225,0,0,0,0,0,0,0,0,0,4,0,0,0,0,1,2,35,2,1,2,1,0,0,14,6,1,1,4,6,1,0
47,470178,1,2,1,5,4,23,46,12,6,1,0,28,1,12,3,12003,1,2003,1FAFP45X93F3,1,F,A,F,P,4,5,X,9,3,F,3,0,0,0,000000000,00000000000,0,0,0,1,0,0,0,0,0,0,0,998,0,0,0,12,6,2,12,0,0,0,1,28,38671,6,1,0,0,3,0,70,165,98,0,0,0,0,0,0,0,0,4,6,0,0,0,1,5,45,1,1,2,1,0,0,1,66,99,1,1,69,0,0
47,470178,2,2,1,5,4,23,46,12,6,1,0,28,2,12,3,12003,1,1990,1FACP44E6LF1,1,F,A,C,P,4,4,E,6,L,F,1,0,0,0,000000000,00000000000,0,0,0,1,0,0,0,0,0,0,0,998,0,0,0,3,6,2,12,0,0,0,1,47,38125,6,1,0,0,3,1,65,165,0,0,0,0,0,0,0,0,0,0,0,0,0,0,1,2,99,1,1,2,1,0,0,11,15,99,1,1,68,1,0
47,470179,1,2,1,27,1,5,53,12,6,1,0,47,2,87,881,87881,66,1993,1XP5DB9X5PD3,1,X,P,5,D,B,9,X,5,P,D,3,1,1,88,888888888,88888888888,3,6,1,1,0,0,0,0,0,0,0,998,0,0,0,12,4,5,12,0,0,0,1,47,37711,6,1,6,0,3,0,67,190,0,0,0,0,0,0,0,0,0,0,0,0,0,0,1,2,55,2,2,2,4,0,0,14,62,99,1,1,65,0,0
47,470179,2,2,1,27,1,5,53,12,6,1,0,47,1,49,40,49040,4,2001,4T1BG22K61U7,4,T,1,B,G,2,2,K,6,1,U,7,0,0,0,000000000,00000000000,0,0,0,1,0,0,0,0,0,0,0,998,0,0,0,11,6,2,12,0,0,0,1,47,37650,6,1,0,0,3,0,72,167,0,0,0,0,0,0,0,0,0,0,28,87,89,0,1,2,55,2,2,2,4,0,0,14,5,1,2,2,64,1,0
47,470180,1,1,1,31,3,20,20,32,0,1,0,47,1,72,706,72706,80,2013,1HD1KBM16DB6,1,H,D,1,K,B,M,1,6,D,B,6,0,0,0,000000000,00000000000,0,0,0,1,0,0,0,0,0,0,0,998,0,0,0,12,6,2,32,0,0,0,1,47,38002,6,1,0,0,2,0,73,192,1,0,0,0,0,4,2013,4,2013,9,0,0,0,0,1,2,50,1,2,2,1,0,0,1,13,99,1,4,1,1,1
47,470181,1,1,1,6,4,4,30,30,0,1,0,92,0,20,401,20401,14,1997,1GNDT13W5V21,1,G,N,D,T,1,3,W,5,V,2,1,0,0,0,000000000,00000000000,0,0,0,1,0,0,0,0,0,0,0,998,0,0,0,3,6,2,30,0,0,0,1,47,38111,2,1,0,0,2,0,69,185,0,1,0,0,0,8,2011,8,2011,9,0,0,0,0,1,3,35,1,1,2,1,0,0,99,13,99,9,9,5,1,0
47,470182,1,3,1,7,4,5,13,23,0,1,0,21,3,87,881,87881,66,2002,1XP5DB9X52D5,1,X,P,5,D,B,9,X,5,2,D,5,1,1,57,00129750,5700129750,3,6,2,2,2,1203,3,1,0,0,0,998,0,0,0,12,6,2,12,0,0,0,1,47,37656,6,1,6,1,3,0,69,280,0,0,0,0,0,0,0,0,0,0,0,0,0,0,3,2,70,1,2,2,2,0,0,1,98,1,1,1,98,0,0
47,470182,2,3,3,7,4,5,13,23,0,1,0,47,2,7,20,7020,4,2005,1B3ES56C65D2,1,B,3,E,S,5,6,C,6,5,D,2,0,0,0,000000000,00000000000,0,0,0,1,0,0,0,0,0,0,0,998,9,0,0,9,6,2,12,0,0,0,1,47,37814,0,0,0,0,0,0,999,999,0,2,0,0,0,12,2013,12,2013,0,0,0,0,0,3,2,70,1,2,2,2,0,0,1,13,7,1,4,1,2,0
47,470182,3,3,1,7,4,5,13,23,0,1,0,93,3,87,881,87881,66,2013,1XP4D49X8DD1,1,X,P,4,D,4,9,X,8,D,D,1,1,1,57,00175587,5700175587,3,6,3,1,0,0,0,0,0,0,0,998,9,0,0,5,2,5,12,0,0,0,1,5,72584,6,1,6,0,3,0,67,155,0,0,0,0,0,0,0,0,0,0,27,0,0,0,3,2,70,1,2,2,2,0,0,15,98,1,1,1,98,0,0
47,470183,1,2,1,5,4,22,57,12,6,1,0,47,1,7,472,7472,31,2006,1D7HE22K76S7,1,D,7,H,E,2,2,K,7,6,S,7,0,0,0,000000000,00000000000,0,0,0,1,0,0,0,0,0,0,0,998,0,0,0,12,6,2,12,0,0,0,1,47,38018,6,1,0,0,3,0,72,215,1,0,0,0,0,3,2012,3,2012,0,39,0,0,0,1,6,40,1,1,2,1,2,3,1,17,99,1,3,77,0,0
47,470183,2,2,1,5,4,22,57,12,6,1,0,47,2,20,404,20404,14,2011,2GNALBEC6B12,2,G,N,A,L,B,E,C,6,B,1,2,0,0,0,000000000,00000000000,0,0,0,1,0,0,0,0,0,0,0,998,0,0,0,1,6,2,12,0,0,0,1,47,38018,6,1,0,0,3,3,73,275,0,0,0,1,0,5,2011,5,2011,0,0,0,0,0,1,5,40,1,1,2,1,2,3,11,66,99,1,3,76,1,0