STATE,ST_CASE,VEH_NO,VE_FORMS,NUMOCCS,DAY,MONTH,HOUR,MINUTE,HARM_EV,MAN_COLL,UNITTYPE,HIT_RUN,REG_STAT,OWNER,MAKE,MODEL,MAK_MOD,BODY_TYP,MOD_YEAR,VIN,VIN_1,VIN_2,VIN_3,VIN_4,VIN_5,VIN_6,VIN_7,VIN_8,VIN_9,VIN_10,VIN_11,VIN_12,TOW_VEH,J_KNIFE,MCARR_I1,MCARR_I2,MCARR_ID,GVWR,V_CONFIG,CARGO_BT,HAZ_INV,HAZ_PLAC,HAZ_ID,HAZ_CNO,HAZ_REL,BUS_USE,SPEC_USE,EMER_USE,TRAV_SP,UNDERIDE,ROLLOVER,ROLINLOC,IMPACT1,DEFORMED,TOWED,M_HARM,VEH_SC1,VEH_SC2,FIRE_EXP,DR_PRES,L_STATE,DR_ZIP,L_STATUS,L_TYPE,CDL_STAT,L_ENDORS,L_COMPL,L_RESTRI,DR_HGT,DR_WGT,PREV_ACC,PREV_SUS,PREV_DWI,PREV_SPD,PREV_OTH,FIRST_MO,FIRST_YR,LAST_MO,LAST_YR,SPEEDREL,DR_SF1,DR_SF2,DR_SF3,DR_SF4,VTRAFWAY,VNUM_LAN,VSPD_LIM,VALIGN,VPROFILE,VPAVETYP,VSURCOND,VTRAFCON,VTCONT_F,P_CRASH1,P_CRASH2,P_CRASH3,PCRASH4,PCRASH5,ACC_TYPE,DEATHS,DR_DRINK
47,470184,1,1,3,5,1,20,5,8,0,1,0,47,2,21,21,21021,4,2001,1G3NL52T41C1,1,G,3,N,L,5,2,T,4,1,C,1,0,0,0,000000000,00000000000,0,0,0,1,0,0,0,0,0,0,0,998,0,0,0,12,4,3,8,0,0,0,1,47,37912,6,2,0,0,3,0,72,205,0,0,0,0,0,0,0,0,0,0,0,0,0,0,1,4,35,1,1,2,2,0,0,1,80,99,1,1,13,0,0
47,470185,1,1,1,10,4,17,24,42,0,1,0,47,1,49,401,49401,14,1989,JT4RN81P8K00,J,T,4,R,N,8,1,P,8,K,0,0,0,0,0,000000000,00000000000,0,0,0,1,0,0,0,0,0,0,0,998,0,0,0,12,6,2,42,0,0,0,1,47,37921,6,1,0,0,3,1,74,230,0,0,0,0,0,0,0,0,0,0,0,0,0,0,1,2,30,1,6,2,1,0,0,1,13,1,1,4,1,1,0
47,470186,1,1,1,22,3,17,50,42,0,1,0,47,2,35,39,35039,4,1996,JN1CA21D9TT1,J,N,1,C,A,2,1,D,9,T,T,1,0,0,0,000000000,00000000000,0,0,0,1,0,0,0,0,0,0,0,998,0,1,6,12,6,2,1,0,0,0,1,47,37660,6,1,0,0,3,1,73,190,0,0,0,0,0,0,0,0,0,4,4,6,0,0,1,2,15,1,6,2,1,0,0,1,6,1,1,4,1,1,0
47,470187,1,2,1,8,4,19,15,12,2,1,0,47,1,20,16,20016,2,2002,1G1JS1247271,1,G,1,J,S,1,2,4,7,2,7,1,0,0,0,000000000,00000000000,0,0,0,1,0,0,0,0,0,0,0,998,0,0,0,12,6,2,12,0,0,0,1,47,38012,6,1,0,0,3,0,73,165,0,0,0,1,0,10,2012,10,2012,0,28,0,0,0,1,2,55,1,1,2,1,0,0,1,10,1,1,2,50,1,1
47,470187,2,2,1,8,4,19,15,12,2,1,0,47,1,12,481,12481,31,2011,1FT7W2BT5BEA,1,F,T,7,W,2,B,T,5,B,E,A,0,0,0,000000000,00000000000,0,0,0,1,0,0,0,0,0,0,0,998,0,0,0,12,6,2,12,0,0,0,1,47,38059,6,1,6,0,3,0,69,156,0,0,0,2,0,4,2011,11,2012,0,0,0,0,0,1,2,55,1,1,2,1,0,0,1,54,99,1,1,51,0,1
47,470188,1,1,1,12,4,13,45,32,0,1,0,47,1,35,39,35039,4,1996,JN1CA21D5TM4,J,N,1,C,A,2,1,D,5,T,M,4,0,0,0,000000000,00000000000,0,0,0,1,0,0,0,0,0,0,0,998,0,0,0,1,6,2,35,0,0,0,1,47,38024,6,1,0,0,3,0,65,147,2,0,0,0,0,7,2013,8,2013,0,0,0,0,0,1,2,55,1,6,2,1,0,0,1,12,1,1,4,6,1,0
47,470189,1,1,1,12,4,17,57,42,0,1,0,47,1,20,499,20499,31,1996,1GCEC19M2TE1,1,G,C,E,C,1,9,M,2,T,E,1,0,0,0,000000000,00000000000,0,0,0,1,0,0,0,0,0,0,0,998,0,0,0,9,6,2,42,0,0,0,1,47,37826,6,1,0,0,3,0,72,160,1,0,0,0,0,2,2013,2,2013,4,28,0,0,0,1,2,55,2,6,2,1,0,0,14,6,9,3,4,2,1,1
47,470190,1,1,1,4,4,8,30,38,0,1,0,47,1,19,3,19003,4,1997,1G6KD54Y4VU2,1,G,6,K,D,5,4,Y,4,V,U,2,0,0,0,000000000,00000000000,0,0,0,1,0,0,0,0,0,0,0,998,0,0,0,12,6,2,42,0,0,0,1,47,37083,6,1,0,0,3,2,70,180,1,0,0,0,0,11,2012,11,2012,0,74,0,0,0,1,2,35,2,1,2,2,0,0,14,12,1,1,4,6,1,0
47,470191,1,2,1,6,4,21,5,12,2,1,0,47,1,20,481,20481,31,2001,2GCEK19T7111,2,G,C,E,K,1,9,T,7,1,1,1,0,0,0,000000000,00000000000,0,0,0,1,0,0,0,0,0,0,0,998,0,0,0,12,6,2,12,0,0,0,1,47,37862,6,1,6,0,3,3,69,230,0,0,0,0,0,0,0,0,0,0,28,33,0,0,1,2,55,1,1,2,1,0,0,6,10,99,1,2,50,0,0
47,470191,2,2,4,6,4,21,5,12,2,1,0,47,1,22,2,22002,4,2002,1G2HY54K5241,1,G,2,H,Y,5,4,K,5,2,4,1,0,0,0,000000000,00000000000,0,0,0,1,0,0,0,0,0,0,0,998,0,0,0,12,6,2,12,0,0,0,1,47,37821,6,1,0,0,3,0,73,200,1,0,0,0,0,4,2011,4,2011,0,0,0,0,0,1,2,55,1,1,2,1,0,0,1,54,99,1,3,51,1,0
47,470192,1,1,1,28,3,22,50,34,0,1,0,47,1,20,481,20481,31,2005,1GCEK19Z15Z1,1,G,C,E,K,1,9,Z,1,5,Z,1,0,0,0,000000000,00000000000,0,0,0,1,0,0,0,0,0,0,0,998,0,1,5,12,6,2,1,0,0,0,1,47,38024,6,1,0,0,3,0,71,250,0,0,0,3,0,8,2011,1,2014,0,0,0,0,0,1,2,55,1,1,2,2,0,0,1,13,99,1,4,1,1,1
47,470193,1,2,1,6,4,9,30,12,6,1,0,47,1,13,13,13013,4,2010,3LNHL2GC3AR7,3,L,N,H,L,2,G,C,3,A,R,7,0,0,0,000000000,00000000000,0,0,0,1,0,0,0,0,0,0,0,998,0,0,0,10,6,2,12,0,0,0,1,47,37185,6,1,0,0,3,0,66,130,0,0,0,0,0,0,0,0,0,0,0,0,0,0,1,3,45,1,2,2,1,1,3,1,17,99,1,1,89,1,0
47,470193,2,2,1,6,4,9,30,12,6,1,0,47,1,19,3,19003,4,2004,1G6KD54Y94U1,1,G,6,K,D,5,4,Y,9,4,U,1,0,0,0,000000000,00000000000,0,0,0,1,0,0,0,0,0,0,0,998,0,0,0,12,6,2,12,0,0,0,1,47,37055,6,1,0,0,3,1,73,180,0,0,0,0,0,0,0,0,0,0,39,0,0,0,1,4,45,1,2,2,1,1,3,1,66,99,1,1,88,0,0
47,470194,1,1,1,11,4,22,22,42,0,1,0,47,2,35,402,35402,14,2000,5N1ED28T0YC5,5,N,1,E,D,2,8,T,0,Y,C,5,0,0,0,000000000,00000000000,0,0,0,1,0,0,0,0,0,0,0,998,0,0,0,11,6,2,42,0,0,0,1,47,37363,2,1,2,0,2,0,71,180,2,0,0,0,0,4,2012,5,2013,0,0,0,0,0,5,4,45,1,1,2,1,0,0,1,12,1,1,4,6,1,0
47,470195,1,1,2,10,4,12,33,8,0,1,1,47,1,21,21,21021,4,2003,1G3NL52FX3C1,1,G,3,N,L,5,2,F,X,3,C,1,0,0,0,000000000,00000000000,0,0,0,1,0,0,0,0,0,0,0,998,0,0,0,12,4,3,8,0,0,0,1,47,37129,6,1,0,0,3,0,65,147,2,0,0,1,0,5,2012,12,2012,0,6,28,36,0,3,4,70,1,1,2,1,0,0,15,11,3,1,4,13,0,0
47,470196,1,1,1,11,4,2,44,52,0,1,0,47,1,2,404,2404,14,2000,1J4G248S0YC2,1,J,4,G,2,4,8,S,0,Y,C,2,0,0,0,000000000,00000000000,0,0,0,1,0,0,0,0,0,0,0,998,0,1,5,11,6,2,52,0,0,0,1,47,38127,6,1,0,0,3,0,69,185,2,0,0,2,0,10,2012,2,2014,9,0,0,0,0,3,4,65,1,1,2,1,0,0,1,13,99,1,4,1,1,0
47,470198,1,2,1,13,4,9,39,12,6,1,0,13,2,12,481,12481,31,2000,1FTRX18L5YNA,1,F,T,R,X,1,8,L,5,Y,N,A,0,0,0,000000000,00000000000,0,0,0,1,0,0,0,0,0,0,0,998,0,0,0,10,6,2,12,0,0,0,1,13,30741,6,1,0,0,3,1,77,320,98,0,0,0,0,0,0,0,0,0,38,0,0,0,1,2,55,1,1,2,1,0,0,11,98,1,1,1,68,0,0
47,470198,2,2,1,13,4,9,39,12,6,1,0,47,1,37,706,37706,80,1991,JH2SC2603MM1,J,H,2,S,C,2,6,0,3,M,M,1,0,0,0,000000000,00000000000,0,0,0,1,0,0,0,0,0,0,0,998,0,0,0,12,6,2,12,0,0,0,1,47,37421,6,1,0,0,3,1,72,170,0,0,0,0,0,0,0,0,0,0,0,0,0,0,1,2,55,1,1,2,1,0,0,1,71,3,1,1,69,1,0
47,470199,1,2,2,14,4,15,15,12,6,1,0,47,3,90,981,90981,50,2003,1BAAKCPA03F2,1,B,A,A,K,C,P,A,0,3,F,2,0,0,88,888888888,88888888888,3,21,22,1,0,0,0,0,1,2,0,998,0,0,0,12,6,2,12,0,0,0,1,47,37018,6,1,6,1,3,0,66,135,0,0,0,0,0,0,0,0,0,0,0,0,0,0,1,2,55,1,1,2,1,0,0,1,70,1,1,1,74,0,0
47,470199,2,2,1,14,4,15,15,12,6,1,0,47,1,2,404,2404,14,2000,1J4FF48S7YL1,1,J,4,F,F,4,8,S,7,Y,L,1,0,0,0,000000000,00000000000,0,0,0,1,0,0,0,0,0,0,0,998,0,0,0,9,6,2,12,0,0,0,1,47,37355,6,1,0,0,3,1,69,200,0,0,0,0,0,0,0,0,0,0,38,0,0,0,1,2,55,1,1,2,1,0,0,8,16,1,1,7,74,1,0
47,470200,1,3,1,10,4,10,49,12,1,1,0,13,3,85,881,85881,63,2015,1NKDX4TX8FJ4,1,N,K,D,X,4,T,X,8,F,J,4,0,0,57,01871484,5701871484,3,2,4,1,0,0,0,0,0,0,0,998,0,1,5,6,6,2,1,0,0,0,1,13,30120,1,1,1,0,2,2,74,235,98,2,0,0,0,10,2013,1,2014,0,74,0,0,0,1,2,55,3,6,2,1,0,0,14,98,99,1,1,98,1,0
47,470200,2,3,1,10,4,10,49,12,1,1,0,13,3,98,881,98881,63,2007,2FZHAZCVX7AY,2,F,Z,H,A,Z,C,V,X,7,A,Y,0,0,57,01871484,5701871484,3,2,4,1,0,0,0,0,0,0,0,998,0,1,5,12,6,2,12,0,0,0,1,13,30058,6,1,6,1,3,0,67,185,98,1,0,0,0,5,2012,5,2012,0,24,0,0,0,1,2,55,3,6,2,1,0,0,14,98,99,1,1,98,0,0
47,470200,3,3,1,10,4,10,49,12,1,1,0,13,3,23,881,23881,63,1991,1GDM7H1J0MJ5,1,G,D,M,7,H,1,J,0,M,J,5,0,0,57,00976157,5700976157,3,2,4,1,0,0,0,0,0,0,0,998,0,0,0,6,2,5,12,0,0,0,1,13,30106,6,1,6,0,3,3,66,140,98,0,0,0,0,0,0,0,0,0,0,0,0,0,1,2,55,3,6,2,1,0,0,14,98,99,1,1,98,0,0
47,470201,1,2,2,21,4,16,49,12,6,1,0,47,1,35,472,35472,30,2009,1N6AD09WX9C4,1,N,6,A,D,0,9,W,X,9,C,4,0,0,0,000000000,00000000000,0,0,0,1,0,0,0,0,0,0,0,998,0,0,0,9,6,2,12,0,0,0,1,47,37618,6,1,0,0,3,0,74,280,0,0,0,0,0,0,0,0,0,0,38,0,0,0,1,2,30,1,1,2,1,20,3,11,15,1,1,1,82,1,0
47,470201,2,2,1,21,4,16,49,12,6,1,0,93,3,98,805,98805,63,2008,10TFAAC288S1,1,0,T,F,A,A,C,2,8,8,S,1,0,0,57,00669746,5700669746,3,2,5,1,0,0,0,0,0,0,0,998,0,0,0,12,4,5,12,0,0,0,1,47,37617,6,1,6,0,3,1,71,210,0,0,0,0,0,0,0,0,0,0,0,0,0,0,5,3,45,1,1,2,1,0,0,1,67,1,1,1,83,0,0
47,470202,1,1,2,13,4,3,15,2,0,1,0,47,2,20,2,20002,4,1983,1G1AN69H2DX1,1,G,1,A,N,6,9,H,2,D,X,1,0,0,0,000000000,00000000000,0,0,0,1,0,0,0,0,0,0,0,998,0,0,0,0,4,3,2,0,0,1,1,47,38305,6,1,0,0,3,0,63,195,0,0,0,0,0,0,0,0,0,9,0,0,0,0,1,2,30,1,1,2,1,0,0,1,98,1,1,4,0,1,0
47,470203,1,2,2,13,4,17,1,12,2,1,0,47,2,24,1,24001,4,1999,1G8ZK5272XZ3,1,G,8,Z,K,5,2,7,2,X,Z,3,0,0,0,000000000,00000000000,0,0,0,1,0,0,0,0,0,0,0,998,0,0,0,12,6,2,12,32,0,0,1,47,37764,0,0,0,0,0,0,73,150,0,0,0,0,0,0,0,0,0,4,28,0,0,0,1,2,30,1,1,2,1,0,0,1,10,1,1,2,50,1,1
47,470203,2,2,1,13,4,17,1,12,2,1,0,47,2,52,37,52037,3,2001,4A3AC34G31E2,4,A,3,A,C,3,4,G,3,1,E,2,0,0,0,000000000,00000000000,0,0,0,1,0,0,0,0,0,0,0,998,0,0,0,12,6,2,12,0,0,0,1,47,37764,6,1,0,0,3,0,66,170,1,0,0,1,0,9,2013,1,2014,0,0,0,0,0,1,2,30,1,1,2,1,0,0,1,62,99,1,1,51,0,0
47,470204,1,10,1,16,4,16,50,12,1,1,0,47,1,12,3,12003,2,2006,1ZVFT80N1651,1,Z,V,F,T,8,0,N,1,6,5,1,0,0,0,000000000,00000000000,0,0,0,1,0,0,0,0,0,0,0,998,0,0,0,12,6,2,12,0,0,0,1,47,38135,6,1,0,0,3,0,70,180,0,0,0,1,0,3,2014,3,2014,3,0,0,0,0,1,4,45,1,6,2,1,0,0,1,50,99,1,1,20,1,0
47,470204,2,10,2,16,4,16,50,12,1,1,0,47,2,12,401,12401,14,2000,1FMDU62X3YZB,1,F,M,D,U,6,2,X,3,Y,Z,B,0,0,0,000000000,00000000000,0,0,0,1,0,0,0,0,0,0,0,0,0,0,0,6,6,2,12,0,0,0,1,47,38122,0,0,0,0,0,0,999,999,99,99,99,99,99,99,9999,99,9999,0,0,0,0,0,1,4,45,1,6,2,1,0,0,5,53,1,1,1,21,0,0
47,470204,3,10,2,16,4,16,50,12,1,1,0,47,4,7,24,7024,4,2014,2C3CDXBG7EH1,2,C,3,C,D,X,B,G,7,E,H,1,0,0,0,000000000,00000000000,0,0,0,1,0,0,0,0,0,0,0,0,0,0,0,6,6,2,12,0,0,0,1,47,38053,6,1,0,0,3,0,72,165,1,0,0,0,0,4,2014,4,2014,0,0,0,0,0,1,4,45,1,6,2,1,0,0,5,98,1,1,1,98,0,0
47,470204,4,10,1,16,4,16,50,12,1,1,0,47,1,37,421,37421,15,2004,2HKYF18674H5,2,H,K,Y,F,1,8,6,7,4,H,5,0,0,0,000000000,00000000000,0,0,0,1,0,0,0,0,0,0,0,0,0,0,0,14,6,2,54,0,0,0,1,47,38117,6,1,0,0,3,0,65,125,0,0,0,0,0,0,0,0,0,0,0,0,0,0,1,5,45,1,6,2,1,0,0,5,98,1,1,1,98,0,0
47,470204,5,10,2,16,4,16,50,12,1,1,0,47,0,20,37,20037,4,2012,1G1ZC5E02CF1,1,G,1,Z,C,5,E,0,2,C,F,1,0,0,0,000000000,00000000000,0,0,0,1,0,0,0,0,0,0,0,0,0,0,0,6,6,2,12,0,0,0,1,47,38016,6,1,0,0,3,0,67,199,1,1,0,0,0,9,2011,11,2012,0,0,0,0,0,1,5,45,1,6,2,1,0,0,5,60,1,1,1,98,1,0
47,470204,6,10,1,16,4,16,50,12,1,1,0,47,1,20,421,20421,15,2000,1GNEK13RXYR1,1,G,N,E,K,1,3,R,X,Y,R,1,0,0,0,000000000,00000000000,0,0,0,1,0,0,0,0,0,0,0,0,0,0,0,6,6,2,12,0,0,0,1,47,38122,6,1,0,0,3,0,69,200,0,0,0,0,0,0,0,0,0,0,0,0,0,0,1,5,45,1,6,2,1,0,0,5,98,1,1,1,98,0,0
47,470204,7,10,1,16,4,16,50,12,1,1,0,47,1,20,22,20022,4,2007,1G1AK55F3771,1,G,1,A,K,5,5,F,3,7,7,1,0,0,0,000000000,00000000000,0,0,0,1,0,0,0,0,0,0,0,0,0,0,0,6,6,2,12,0,0,0,1,47,38111,6,1,0,0,3,0,65,207,1,0,0,0,0,4,2012,4,2012,0,0,0,0,0,1,5,45,1,6,2,1,0,0,5,98,1,1,1,98,0,0
47,470204,8,10,1,16,4,16,50,12,1,1,0,47,2,53,402,53402,14,2002,2S3TE52V9261,2,S,3,T,E,5,2,V,9,2,6,1,0,0,0,000000000,00000000000,0,0,0,1,0,0,0,0,0,0,0,0,0,0,0,9,6,2,12,0,0,0,1,47,38128,6,1,0,0,3,0,69,208,0,0,0,1,0,7,2011,7,2011,0,0,0,0,0,1,5,45,1,6,2,1,0,0,5,61,1,1,1,98,0,0
47,470204,9,10,1,16,4,16,50,12,1,1,0,47,2,19,3,19003,4,1990,1G6CD5338L42,1,G,6,C,D,5,3,3,8,L,4,2,0,0,0,000000000,00000000000,0,0,0,1,0,0,0,0,0,0,0,0,0,0,0,7,4,5,12,0,0,0,1,47,38118,6,1,0,0,3,1,63,160,0,0,0,0,0,0,0,0,0,0,0,0,0,0,1,6,45,1,6,2,1,0,0,5,60,1,1,1,98,0,0
47,470204,10,10,1,16,4,16,50,12,1,1,0,47,2,12,17,12017,4,2010,1FAHP2EW2AG1,1,F,A,H,P,2,E,W,2,A,G,1,0,0,0,000000000,00000000000,0,0,0,1,0,0,0,0,0,0,0,0,0,0,0,6,4,5,12,0,0,0,1,47,38002,6,1,0,0,3,0,67,170,0,2,0,1,0,7,2012,9,2012,0,0,0,0,0,1,6,45,1,6,2,1,0,0,5,60,1,1,1,98,0,0
47,470205,1,1,1,31,1,99,99,1,0,1,0,12,1,72,706,72706,80,2005,1HD1CGP1X5K4,1,H,D,1,C,G,P,1,X,5,K,4,0,0,0,000000000,00000000000,0,0,0,1,0,0,0,0,0,0,0,998,0,0,0,0,4,3,1,0,0,0,1,12,32506,6,1,0,0,3,0,72,999,0,1,0,0,1,6,2011,7,2011,0,87,0,0,0,5,5,35,3,6,2,4,0,0,14,5,1,1,1,98,1,1
47,470206,1,1,1,19,4,1,0,41,0,1,0,47,2,12,471,12471,30,2000,1FTZR15V7YTB,1,F,T,Z,R,1,5,V,7,Y,T,B,0,0,0,000000000,00000000000,0,0,0,1,0,0,0,0,0,0,0,998,0,0,0,12,6,2,42,0,0,0,1,47,38501,6,1,0,0,3,0,72,150,0,0,0,0,0,0,0,0,0,0,0,0,0,0,1,2,45,1,1,2,1,0,0,1,13,1,1,4,1,1,0
47,470207,1,2,1,19,4,16,50,12,6,1,0,47,2,72,706,72706,80,2001,1HD1GEV381Y3,1,H,D,1,G,E,V,3,8,1,Y,3,0,0,0,000000000,00000000000,0,0,0,1,0,0,0,0,0,0,0,998,0,0,0,1,6,2,12,0,0,0,1,47,38001,1,1,1,0,2,0,73,175,0,1,0,1,0,10,2013,1,2014,4,28,38,48,0,4,3,99,2,9,9,99,0,0,10,6,1,1,2,80,1,0
47,470207,2,2,1,19,4,16,50,12,6,1,0,47,1,20,403,20403,14,2006,1GNDS13S6621,1,G,N,D,S,1,3,S,6,6,2,1,0,0,0,000000000,00000000000,0,0,0,1,0,0,0,0,0,0,0,998,0,0,0,12,6,2,12,0,0,0,1,47,37097,6,1,0,0,3,1,70,150,0,0,0,0,0,0,0,0,0,0,0,0,0,0,1,2,55,2,6,2,1,0,0,14,62,7,1,1,81,0,0
47,470208,1,1,2,13,4,21,23,8,0,1,1,47,2,20,471,20471,30,1993,1GCCS14R6P81,1,G,C,C,S,1,4,R,6,P,8,1,0,0,0,000000000,00000000000,0,0,0,1,0,0,0,0,0,0,0,998,0,0,0,12,6,2,8,0,0,0,1,47,37879,2,1,2,0,2,0,70,160,0,0,0,0,0,0,0,0,0,0,6,0,0,0,5,5,45,1,6,2,1,0,0,1,13,99,9,4,13,0,0
47,470209,1,1,1,20,4,16,9,42,0,1,0,28,1,23,461,23461,21,1996,1GDFG15R3T10,1,G,D,F,G,1,5,R,3,T,1,0,0,0,0,000000000,00000000000,0,0,0,1,0,0,0,0,0,0,0,998,0,0,0,12,6,2,42,0,0,0,1,28,38611,6,1,0,0,3,0,70,200,98,3,0,0,0,6,2013,3,2014,0,89,0,0,0,1,2,45,1,6,2,1,0,0,1,13,1,1,4,1,1,0
47,470210,1,1,2,11,4,13,0,34,0,1,0,47,1,2,403,2403,14,1997,1J4FY19S4VP4,1,J,4,F,Y,1,9,S,4,V,P,4,0,0,0,000000000,00000000000,0,0,0,1,0,0,0,0,0,0,0,998,0,0,0,12,6,2,42,0,0,0,1,47,37365,6,1,0,0,3,3,72,160,0,0,0,0,0,0,0,0,0,0,58,0,0,0,1,2,45,1,1,2,1,0,0,1,13,7,3,4,2,1,1
47,470211,1,1,2,13,4,16,44,32,0,1,0,47,2,35,471,35471,30,1996,1N6SD11S5TC3,1,N,6,S,D,1,1,S,5,T,C,3,0,0,0,000000000,00000000000,0,0,0,1,0,0,0,0,0,0,0,998,0,1,5,11,6,2,1,0,0,0,1,47,37110,6,1,0,0,3,2,75,180,0,0,0,0,0,0,0,0,0,0,36,74,0,0,1,2,55,2,1,4,1,0,0,14,6,7,3,4,7,1,1
47,470212,1,1,1,14,4,20,55,8,0,1,0,47,1,20,24,20024,6,2009,1GNER23D79S1,1,G,N,E,R,2,3,D,7,9,S,1,0,0,0,000000000,00000000000,0,0,0,1,0,0,0,0,0,0,0,998,0,0,0,12,6,2,8,0,0,0,1,47,37885,6,1,0,0,3,0,69,225,0,0,0,0,0,0,0,0,0,0,0,0,0,0,5,5,45,1,5,2,1,0,0,1,80,6,1,1,13,0,0
47,470213,1,1,1,8,4,13,50,32,0,1,0,92,0,35,43,35043,4,2010,3N1AB6AP6AL6,3,N,1,A,B,6,A,P,6,A,L,6,0,0,0,000000000,00000000000,0,0,0,1,0,0,0,0,0,0,0,998,0,1,5,12,6,2,32,0,0,0,1,47,38201,6,1,0,0,3,1,69,145,0,0,0,0,0,0,0,0,0,9,0,0,0,0,2,2,65,1,1,2,1,0,0,1,13,1,1,4,1,1,0
47,470214,1,1,1,18,4,21,7,8,0,1,1,99,9,99,999,99999,99,9999,999999999999,9,9,9,9,9,9,9,9,9,9,9,9,0,0,0,000000000,00000000000,0,0,0,1,0,0,0,0,0,0,0,998,0,0,0,99,9,5,8,99,99,0,1,99,99999,9,9,99,9,9,9,999,999,99,99,99,99,99,99,9999,99,9999,0,6,36,0,0,5,5,40,1,1,2,1,0,0,8,98,1,1,3,98,0,0
47,470215,1,2,1,22,4,7,5,12,6,1,0,47,2,6,52,6052,6,2006,3A4FY48B76T2,3,A,4,F,Y,4,8,B,7,6,T,2,0,0,0,000000000,00000000000,0,0,0,1,0,0,0,0,0,0,0,998,0,0,0,9,6,2,12,0,0,0,1,47,38555,6,2,0,0,3,1,71,290,0,0,0,0,0,0,0,0,0,0,38,0,0,0,1,2,45,1,1,2,2,20,3,11,15,1,1,1,82,1,0
47,470215,2,2,3,22,4,7,5,12,6,1,0,47,1,12,401,12401,14,1996,1FMDU34X6TUD,1,F,M,D,U,3,4,X,6,T,U,D,0,0,0,000000000,00000000000,0,0,0,1,0,0,0,0,0,0,0,998,0,0,0,12,6,2,12,0,0,0,1,47,38555,6,1,0,0,3,0,61,140,1,0,0,0,0,10,2013,10,2013,0,24,0,0,0,1,2,45,1,1,2,2,0,0,1,66,99,1,1,83,0,1
47,470216,1,1,2,26,4,5,0,57,0,1,0,51,1,22,16,22016,2,2005,3G2JB12FX5S1,3,G,2,J,B,1,2,F,X,5,S,1,0,0,0,000000000,00000000000,0,0,0,1,0,0,0,0,0,0,0,998,0,0,0,11,6,2,52,0,0,0,1,51,24319,6,1,0,0,3,0,70,160,1,0,0,0,0,11,2013,11,2013,4,91,0,0,0,3,2,60,2,6,2,1,0,0,14,6,4,9,4,7,1,1
47,470217,1,1,1,27,4,2,29,8,0,1,1,99,9,99,999,99999,99,9999,999999999999,9,9,9,9,9,9,9,9,9,9,9,9,0,0,0,000000000,00000000000,0,0,0,1,0,0,0,0,0,0,0,999,0,0,0,99,9,9,8,99,99,0,1,99,99999,9,9,99,9,9,9,999,999,99,99,99,99,99,99,9999,99,9999,9,99,99,99,99,5,7,45,1,1,2,99,1,3,99,99,99,9,9,13,0,0
47,470218,1,3,2,22,4,12,35,12,6,1,0,47,2,20,403,20403,14,2006,1GNDS13S6621,1,G,N,D,S,1,3,S,6,6,2,1,0,0,0,000000000,00000000000,0,0,0,1,0,0,0,0,0,0,0,998,0,0,0,12,6,2,12,32,0,0,1,47,37066,6,2,0,0,3,3,61,134,0,0,0,0,0,0,0,0,0,0,39,0,0,0,2,4,35,1,1,2,1,1,3,1,17,99,1,1,69,0,0
47,470218,2,3,2,22,4,12,35,12,6,1,0,21,4,63,34,63034,4,2012,KNAGM4AD9C50,K,N,A,G,M,4,A,D,9,C,5,0,0,0,0,000000000,00000000000,0,0,0,1,0,0,0,0,0,0,0,998,0,0,0,3,6,2,12,0,0,0,1,47,37066,6,1,0,0,3,0,71,200,0,0,0,0,0,0,0,0,0,0,39,0,0,0,2,4,35,1,1,2,1,1,3,11,15,1,1,1,68,1,0
47,470218,3,3,3,22,4,12,35,12,6,1,0,47,2,37,441,37441,20,2007,5FNRL38717B0,5,F,N,R,L,3,8,7,1,7,B,0,0,0,0,000000000,00000000000,0,0,0,1,0,0,0,0,0,0,0,0,0,0,0,12,2,5,12,0,0,0,1,47,37066,6,1,0,0,3,3,67,125,1,0,0,0,0,9,2011,9,2011,0,0,0,0,0,1,3,35,1,1,2,1,1,3,5,67,1,1,1,98,0,0
47,470219,1,1,2,27,4,10,10,8,0,1,0,47,2,37,32,37032,4,2002,1HGCG55662A0,1,H,G,C,G,5,5,6,6,2,A,0,0,0,0,000000000,00000000000,0,0,0,1,0,0,0,0,0,0,0,998,0,0,0,4,6,2,8,0,0,0,1,47,37923,0,0,0,0,0,0,999,999,99,99,99,99,99,99,9999,99,9999,0,28,0,0,0,3,5,55,1,1,2,1,0,0,99,13,6,5,4,13,0,0
47,470220,1,1,2,11,4,14,24,10,0,1,0,47,1,20,404,20404,14,2013,2GNALPEK4D62,2,G,N,A,L,P,E,K,4,D,6,2,0,0,0,000000000,00000000000,0,0,0,1,0,0,0,0,0,0,0,998,0,1,1,9,6,2,10,0,0,0,1,47,37931,6,1,0,0,3,0,65,156,0,0,0,0,0,0,0,0,0,0,39,0,0,0,1,2,45,2,2,2,1,65,3,14,90,99,1,1,98,1,0
47,470221,1,2,1,3,2,17,6,12,1,1,0,47,1,7,442,7442,20,2004,1D4GP45R04B5,1,D,4,G,P,4,5,R,0,4,B,5,0,0,0,000000000,00000000000,0,0,0,1,0,0,0,0,0,0,0,998,0,0,0,12,6,2,12,32,0,0,1,47,37122,6,1,0,0,3,0,70,270,0,0,0,0,0,0,0,0,0,0,26,0,0,0,2,5,40,1,1,2,1,1,3,1,17,99,1,1,24,1,0