STATE,ST_CASE,VEH_NO,VE_FORMS,NUMOCCS,DAY,MONTH,HOUR,MINUTE,HARM_EV,MAN_COLL,UNITTYPE,HIT_RUN,REG_STAT,OWNER,MAKE,MODEL,MAK_MOD,BODY_TYP,MOD_YEAR,VIN,VIN_1,VIN_2,VIN_3,VIN_4,VIN_5,VIN_6,VIN_7,VIN_8,VIN_9,VIN_10,VIN_11,VIN_12,TOW_VEH,J_KNIFE,MCARR_I1,MCARR_I2,MCARR_ID,GVWR,V_CONFIG,CARGO_BT,HAZ_INV,HAZ_PLAC,HAZ_ID,HAZ_CNO,HAZ_REL,BUS_USE,SPEC_USE,EMER_USE,TRAV_SP,UNDERIDE,ROLLOVER,ROLINLOC,IMPACT1,DEFORMED,TOWED,M_HARM,VEH_SC1,VEH_SC2,FIRE_EXP,DR_PRES,L_STATE,DR_ZIP,L_STATUS,L_TYPE,CDL_STAT,L_ENDORS,L_COMPL,L_RESTRI,DR_HGT,DR_WGT,PREV_ACC,PREV_SUS,PREV_DWI,PREV_SPD,PREV_OTH,FIRST_MO,FIRST_YR,LAST_MO,LAST_YR,SPEEDREL,DR_SF1,DR_SF2,DR_SF3,DR_SF4,VTRAFWAY,VNUM_LAN,VSPD_LIM,VALIGN,VPROFILE,VPAVETYP,VSURCOND,VTRAFCON,VTCONT_F,P_CRASH1,P_CRASH2,P_CRASH3,PCRASH4,PCRASH5,ACC_TYPE,DEATHS,DR_DRINK
47,470221,2,2,1,3,2,17,6,12,1,1,0,29,2,22,22,22022,4,2007,1G2ZG58N9741,1,G,2,Z,G,5,8,N,9,7,4,1,0,0,0,000000000,00000000000,0,0,0,1,0,0,0,0,0,0,0,998,0,0,0,6,6,2,12,0,0,0,1,29,64152,6,1,0,0,3,0,67,125,0,0,0,1,0,12,2011,12,2011,0,0,0,0,0,1,5,40,1,1,2,1,1,3,2,53,1,1,1,25,0,0
47,470222,1,1,1,1,3,15,54,53,0,1,0,47,1,73,706,73706,80,2001,JKBVNAE191A1,J,K,B,V,N,A,E,1,9,1,A,1,0,0,0,000000000,00000000000,0,0,0,1,0,0,0,0,0,0,0,998,0,0,0,1,6,2,53,0,0,0,1,47,37115,6,1,0,0,2,1,73,250,0,0,0,0,0,0,0,0,0,0,58,0,0,0,5,5,45,1,1,2,1,0,0,15,13,1,1,4,1,1,0
47,470223,1,2,1,11,4,20,21,12,6,1,0,47,2,20,36,20036,2,2004,2G1WW12E2492,2,G,1,W,W,1,2,E,2,4,9,2,0,0,0,000000000,00000000000,0,0,0,1,0,0,0,0,0,0,0,998,0,0,0,3,6,2,12,0,0,0,1,47,37172,1,1,1,0,2,0,74,195,0,2,0,0,0,9,2013,11,2013,4,51,58,0,0,1,2,50,2,1,2,2,0,0,6,98,3,4,2,98,1,1
47,470223,2,2,2,11,4,20,21,12,6,1,0,47,1,37,441,37441,20,2004,5FNRL18904B0,5,F,N,R,L,1,8,9,0,4,B,0,0,0,0,000000000,00000000000,0,0,0,1,0,0,0,0,0,0,0,55,0,0,0,12,6,2,12,0,0,0,1,47,37080,6,1,0,0,3,1,69,140,0,0,0,0,0,0,0,0,0,0,0,0,0,0,1,2,50,3,1,2,2,0,0,14,54,99,1,1,98,0,0
47,470224,1,1,1,16,4,4,57,8,0,1,0,47,3,20,461,20461,21,2012,1GCWGFCA8C11,1,G,C,W,G,F,C,A,8,C,1,1,0,0,0,000000000,00000000000,0,0,0,1,0,0,0,0,0,0,0,998,0,0,0,12,4,3,8,0,0,0,1,47,37398,6,1,0,0,3,1,73,270,0,0,0,0,0,0,0,0,0,0,0,0,0,0,1,2,55,1,1,2,1,0,0,1,80,99,1,1,13,0,0
47,470225,1,2,1,19,4,17,25,12,1,1,0,47,2,23,481,23481,31,2006,1GTEK19Z96Z1,1,G,T,E,K,1,9,Z,9,6,Z,1,0,0,0,000000000,00000000000,0,0,0,1,0,0,0,0,0,0,0,998,0,1,5,12,6,2,1,0,0,0,1,47,38462,2,1,2,0,2,0,72,190,0,1,1,0,0,4,2012,4,2012,0,35,0,0,0,1,2,55,2,1,2,1,0,0,6,51,99,1,2,24,1,1
47,470225,2,2,2,19,4,17,25,12,1,1,0,47,1,7,24,7024,4,2006,2B3KA53H16H2,2,B,3,K,A,5,3,H,1,6,H,2,0,0,0,000000000,00000000000,0,0,0,1,0,0,0,0,0,0,0,998,0,0,0,6,6,2,12,0,0,0,1,47,38372,6,1,0,0,3,0,68,194,0,0,0,0,0,0,0,0,0,0,0,0,0,0,1,2,55,2,1,2,1,0,0,14,53,1,1,1,25,0,0
47,470226,1,1,1,23,4,15,39,53,0,1,0,28,1,37,31,37031,4,2007,1HGFA16507L1,1,H,G,F,A,1,6,5,0,7,L,1,0,0,0,000000000,00000000000,0,0,0,1,0,0,0,0,0,0,0,998,0,0,0,12,6,2,42,0,0,0,1,28,38614,6,1,0,0,3,0,68,180,98,0,0,0,0,0,0,0,0,9,99,99,99,99,2,2,35,3,1,2,1,0,0,14,13,1,1,4,1,1,0
47,470227,1,2,1,27,2,13,16,12,6,1,0,47,2,37,32,37032,4,2011,5J6TF2H58BL0,5,J,6,T,F,2,H,5,8,B,L,0,0,0,0,000000000,00000000000,0,0,0,1,0,0,0,0,0,0,0,998,0,0,0,12,4,5,12,0,0,0,1,47,37221,6,1,0,0,3,0,70,175,0,0,0,0,0,0,0,0,0,0,0,0,0,0,1,3,30,1,2,2,1,2,3,11,66,99,1,1,76,0,0
47,470227,2,2,2,27,2,13,16,12,6,1,0,47,2,49,40,49040,4,2000,4T1BG22K9YU7,4,T,1,B,G,2,2,K,9,Y,U,7,0,0,0,000000000,00000000000,0,0,0,1,0,0,0,0,0,0,0,998,0,0,0,9,4,3,8,0,0,0,1,47,37217,6,1,0,0,3,0,68,150,0,0,0,0,0,0,0,0,0,0,39,0,0,0,1,2,30,1,1,2,1,2,3,1,17,99,1,1,77,0,0
47,470228,1,1,2,14,4,13,5,30,0,1,0,47,1,53,33,53033,6,2006,JS2RC62H7653,J,S,2,R,C,6,2,H,7,6,5,3,0,0,0,000000000,00000000000,0,0,0,1,0,0,0,0,0,0,0,998,0,0,0,6,6,2,30,0,0,0,1,47,37711,1,1,0,0,2,0,71,160,0,4,0,1,0,2,2013,2,2014,4,87,0,0,0,5,5,50,1,1,2,2,0,0,1,6,1,3,4,2,1,0
47,470229,1,1,5,12,4,23,54,34,0,1,0,47,2,69,54,69054,1,2006,WMWRH33546TF,W,M,W,R,H,3,3,5,4,6,T,F,0,0,0,000000000,00000000000,0,0,0,1,0,0,0,0,0,0,0,998,0,1,5,6,6,2,35,0,0,0,1,47,38060,6,1,0,0,3,0,70,150,0,0,0,0,0,0,0,0,0,4,36,58,89,0,1,2,45,2,6,2,1,0,0,14,6,7,3,4,2,1,1
47,470230,1,1,1,21,4,9,51,24,0,1,0,47,1,45,421,45421,15,2013,WP1AF2A23DLA,W,P,1,A,F,2,A,2,3,D,L,A,0,0,0,000000000,00000000000,0,0,0,1,0,0,0,0,0,0,0,998,0,1,5,11,6,2,1,0,0,0,1,47,37377,6,1,0,0,3,1,75,220,0,0,0,0,0,0,0,0,0,0,0,0,0,0,2,2,70,1,1,2,1,0,0,1,12,99,1,4,6,1,0
47,470231,1,3,1,25,4,17,10,12,2,1,0,47,1,7,481,7481,31,1987,1B7HD14T1HS3,1,B,7,H,D,1,4,T,1,H,S,3,0,0,0,000000000,00000000000,0,0,0,1,0,0,0,0,0,0,0,998,0,0,0,12,6,2,12,0,0,0,1,47,37087,6,1,0,0,3,0,72,260,0,0,0,0,0,0,0,0,0,0,28,0,0,0,1,2,55,1,5,2,1,0,0,1,10,1,1,2,50,1,0
47,470231,2,3,1,25,4,17,10,12,2,1,0,47,2,35,51,35051,6,2010,JN8AS5MT3AW0,J,N,8,A,S,5,M,T,3,A,W,0,0,0,0,000000000,00000000000,0,0,0,1,0,0,0,0,0,0,0,998,0,0,0,12,6,2,12,0,0,0,1,47,37022,6,1,0,0,3,0,71,250,1,0,0,0,0,7,2012,7,2012,0,0,0,0,0,1,2,55,1,6,2,1,0,0,1,62,99,1,1,51,0,0
47,470231,3,3,1,25,4,17,10,12,2,1,0,47,2,49,32,49032,4,2001,2T1BR12E01C4,2,T,1,B,R,1,2,E,0,1,C,4,0,0,0,000000000,00000000000,0,0,0,1,0,0,0,0,0,0,0,998,0,1,1,9,6,2,12,0,0,0,1,47,37186,2,1,0,0,2,0,68,180,0,1,1,0,0,4,2014,4,2014,0,0,0,0,0,1,2,55,1,5,2,1,0,0,1,62,3,1,1,98,0,0
47,470232,1,3,1,28,4,13,25,12,1,1,0,47,1,12,37,12037,5,2003,3FAFP37313R1,3,F,A,F,P,3,7,3,1,3,R,1,0,0,0,000000000,00000000000,0,0,0,1,0,0,0,0,0,0,0,998,0,0,0,6,6,2,12,0,0,0,1,47,37160,6,1,0,0,3,0,72,165,0,0,0,0,0,0,0,0,0,0,45,0,0,0,2,2,70,1,1,2,2,0,0,1,98,1,1,1,98,0,0
47,470232,2,3,2,28,4,13,25,12,1,1,0,47,2,19,18,19018,4,2007,1G6DM57T1701,1,G,6,D,M,5,7,T,1,7,0,1,0,0,0,000000000,00000000000,0,0,0,1,0,0,0,0,0,0,0,998,0,0,0,6,6,2,12,32,0,0,1,6,37160,6,1,0,0,3,0,63,240,0,0,0,0,0,0,0,0,0,0,45,0,0,0,2,2,70,1,1,2,2,0,0,1,53,1,1,1,25,1,0
47,470232,3,3,1,28,4,13,25,12,1,1,0,47,1,49,404,49404,14,2014,JTEBU4BF1EK1,J,T,E,B,U,4,B,F,1,E,K,1,0,0,0,000000000,00000000000,0,0,0,1,0,0,0,0,0,0,0,998,0,1,1,12,6,2,1,0,0,0,1,47,37355,6,1,0,0,3,0,71,220,0,0,0,1,0,5,2013,5,2013,0,6,26,0,0,2,2,70,1,1,2,2,0,0,1,51,1,1,1,24,0,0
47,470233,1,2,1,29,4,15,30,53,0,1,0,47,1,20,28,20028,5,2013,1G1JC6SB2D41,1,G,1,J,C,6,S,B,2,D,4,1,0,0,0,000000000,00000000000,0,0,0,1,0,0,0,0,0,0,0,998,0,1,5,11,6,2,1,32,0,0,1,47,37754,1,1,1,0,2,0,75,265,2,0,0,0,1,6,2013,1,2014,0,28,0,0,0,1,2,40,1,1,2,1,0,0,1,12,1,1,4,6,1,1
47,470233,2,2,1,29,4,15,30,53,0,1,0,47,3,12,481,12481,31,2014,1FTEW1CM2EKD,1,F,T,E,W,1,C,M,2,E,K,D,0,0,0,000000000,00000000000,0,0,0,1,0,0,0,0,0,0,0,998,0,0,0,5,2,5,12,0,0,0,1,47,37705,6,1,0,0,3,0,73,207,0,0,0,1,0,11,2011,11,2011,0,89,0,0,0,1,2,40,1,1,2,1,0,0,3,98,10,1,1,98,0,0
47,470234,1,1,1,30,4,14,47,5,0,1,0,47,1,72,706,72706,80,2009,1HD1GM4109K3,1,H,D,1,G,M,4,1,0,9,K,3,0,0,0,000000000,00000000000,0,0,0,1,0,0,0,0,0,0,0,998,0,0,0,0,6,2,5,0,0,0,1,47,38128,6,1,0,0,3,0,70,175,0,0,0,2,1,1,2013,3,2014,2,99,99,99,99,1,6,45,1,1,2,1,0,0,1,98,1,1,1,0,1,0
47,470235,1,1,1,30,4,11,12,32,0,1,0,47,3,84,882,84882,62,1983,1HTAA17B8DHA,1,H,T,A,A,1,7,B,8,D,H,A,0,0,88,888888888,88888888888,2,1,96,1,0,0,0,0,0,0,0,998,0,0,0,12,6,2,72,0,0,0,1,47,38585,6,1,0,0,3,0,70,190,0,0,0,0,0,0,0,0,0,0,24,58,0,0,1,2,45,2,5,2,2,0,0,14,13,1,1,4,1,1,0
47,470236,1,2,1,19,4,17,40,12,6,1,0,47,1,37,706,37706,80,1998,1HFSC3409WA1,1,H,F,S,C,3,4,0,9,W,A,1,0,0,0,000000000,00000000000,0,0,0,1,0,0,0,0,0,0,0,998,0,0,0,12,6,2,12,0,0,0,1,47,38358,6,1,0,0,3,0,74,260,0,0,0,0,0,0,0,0,0,0,0,0,0,0,5,5,45,1,1,2,1,0,0,1,67,3,1,1,69,1,0
47,470236,2,2,5,19,4,17,40,12,6,1,0,47,0,24,401,24401,14,2005,5GZCZ53485S8,5,G,Z,C,Z,5,3,4,8,5,S,8,0,0,0,000000000,00000000000,0,0,0,1,0,0,0,0,0,0,0,998,0,0,0,1,6,2,12,0,0,0,1,47,38340,1,1,1,0,2,0,64,210,0,0,0,0,0,0,0,0,0,0,38,0,0,0,5,5,45,1,1,2,1,0,0,11,15,1,1,1,68,0,0
47,470237,1,2,1,22,4,16,38,12,6,1,0,13,2,49,40,49040,4,1999,4T1BG28K6XU5,4,T,1,B,G,2,8,K,6,X,U,5,0,0,0,000000000,00000000000,0,0,0,1,0,0,0,0,0,0,0,998,1,0,0,3,6,2,12,0,0,0,1,13,30741,6,2,0,0,3,0,66,178,98,0,0,0,0,0,0,0,0,4,28,52,58,0,1,2,45,2,6,2,2,0,0,14,6,7,2,2,98,1,0
47,470237,2,2,2,22,4,16,38,12,6,1,0,47,1,2,404,2404,14,2004,1J4GX48S04C4,1,J,4,G,X,4,8,S,0,4,C,4,0,0,0,000000000,00000000000,0,0,0,1,0,0,0,0,0,0,0,998,0,0,0,12,6,2,12,0,0,0,1,47,37397,6,1,6,0,3,0,68,155,0,0,0,0,0,0,0,0,0,0,0,0,0,0,1,2,45,3,5,2,2,0,0,14,62,99,1,1,98,0,0
47,470238,1,2,2,24,4,13,6,12,6,1,0,47,1,20,481,20481,31,1994,1GCEK19K8RE2,1,G,C,E,K,1,9,K,8,R,E,2,0,0,0,000000000,00000000000,0,0,0,1,0,0,0,0,0,0,0,998,0,0,0,9,6,2,12,0,0,0,1,47,37914,6,1,0,0,3,3,75,300,0,0,0,0,0,0,0,0,0,0,38,0,0,0,0,0,0,0,0,0,0,0,0,11,15,1,1,1,82,0,0
47,470238,2,2,1,24,4,13,6,12,6,1,0,47,1,37,705,37705,80,2007,JH2PC21057K8,J,H,2,P,C,2,1,0,5,7,K,8,0,0,0,000000000,00000000000,0,0,0,1,0,0,0,0,0,0,0,998,0,0,0,12,6,2,12,0,0,0,1,47,37934,6,1,0,0,3,3,70,190,0,0,0,0,0,0,0,0,0,0,0,0,0,0,1,2,30,1,2,2,1,0,0,1,72,99,1,1,83,1,0
47,470239,1,3,1,24,4,15,40,12,6,1,0,47,1,12,17,12017,4,1996,1FALP53S0TA2,1,F,A,L,P,5,3,S,0,T,A,2,0,0,0,000000000,00000000000,0,0,0,1,0,0,0,0,0,0,0,998,0,0,0,12,6,2,12,0,0,0,1,47,37184,1,1,0,0,2,0,71,160,0,8,0,2,0,12,2012,4,2014,0,38,0,0,0,1,2,35,1,1,2,1,20,3,1,17,99,1,1,88,0,0
47,470239,2,3,1,24,4,15,40,12,6,1,0,47,2,2,403,2403,14,2003,1J4FA49SX3P3,1,J,4,F,A,4,9,S,X,3,P,3,0,0,0,000000000,00000000000,0,0,0,1,0,0,0,0,0,0,0,0,0,0,0,11,4,5,12,0,0,0,1,47,37090,6,1,0,0,3,1,70,195,1,0,0,0,0,10,2012,10,2012,0,0,0,0,0,1,2,35,1,1,2,1,20,3,5,62,1,1,1,98,0,0
47,470239,3,3,1,24,4,15,40,12,6,1,0,47,1,72,706,72706,80,2010,1HD1JN515AB0,1,H,D,1,J,N,5,1,5,A,B,0,0,0,0,000000000,00000000000,0,0,0,1,0,0,0,0,0,0,0,998,0,0,0,9,6,2,12,0,0,0,1,47,37129,6,1,0,0,3,3,73,240,0,0,0,0,0,0,0,0,0,0,0,0,0,0,1,2,45,1,1,2,1,0,0,1,66,99,1,1,89,1,0
47,470240,1,1,1,28,4,7,31,1,0,1,0,47,1,20,422,20422,15,2004,3GNEC16Z54G1,3,G,N,E,C,1,6,Z,5,4,G,1,0,0,0,000000000,00000000000,0,0,0,1,0,0,0,0,0,0,0,998,0,1,3,0,6,2,1,0,0,0,1,47,37160,6,1,0,0,3,1,72,230,0,0,0,0,0,0,0,0,0,0,0,0,0,0,2,2,65,1,1,2,2,0,0,1,12,99,1,4,6,1,0
47,470241,1,1,1,28,4,16,25,42,0,1,0,47,2,37,32,37032,4,1996,1HGCD5633TA2,1,H,G,C,D,5,6,3,3,T,A,2,0,0,0,000000000,00000000000,0,0,0,1,0,0,0,0,0,0,0,998,0,0,0,12,6,2,42,0,0,0,1,47,37757,6,1,0,0,3,1,73,170,0,0,0,0,0,0,0,0,0,0,58,0,0,0,1,2,35,1,6,2,2,0,0,1,13,99,2,4,2,1,0
47,470242,1,1,1,2,5,15,30,53,0,1,0,47,1,7,442,7442,20,2005,2D4GP44L25R1,2,D,4,G,P,4,4,L,2,5,R,1,0,0,0,000000000,00000000000,0,0,0,1,0,0,0,0,0,0,0,998,0,0,0,12,6,2,42,0,0,0,1,47,37919,6,1,0,0,3,1,73,375,0,0,0,0,0,0,0,0,0,0,0,0,0,0,1,2,55,1,1,2,1,0,0,1,13,1,1,4,1,1,0
47,470243,1,1,1,3,5,19,50,42,0,1,0,47,1,35,401,35401,14,1991,1N6SD11S9MC3,1,N,6,S,D,1,1,S,9,M,C,3,0,0,0,000000000,00000000000,0,0,0,1,0,0,0,0,0,0,0,998,0,0,0,12,6,2,42,0,0,1,1,47,37381,6,1,0,0,3,0,68,175,0,0,0,0,0,0,0,0,0,4,28,0,0,0,1,2,45,3,3,2,1,0,0,14,6,6,1,4,6,1,1
47,470244,1,1,2,4,5,15,2,1,0,1,0,47,1,72,706,72706,80,2002,1HD1DGV192Y6,1,H,D,1,D,G,V,1,9,2,Y,6,0,0,0,000000000,00000000000,0,0,0,1,0,0,0,0,0,0,0,998,0,0,0,0,6,2,1,0,0,0,1,47,37167,6,1,0,0,3,0,72,260,0,0,0,0,1,9,2011,9,2011,0,0,0,0,0,2,2,70,1,5,2,1,0,0,1,1,1,1,1,98,1,0
47,470245,1,1,2,4,5,18,40,1,0,1,0,47,1,41,51,41051,4,2008,JM1BK32F3811,J,M,1,B,K,3,2,F,3,8,1,1,0,0,0,000000000,00000000000,0,0,0,1,0,0,0,0,0,0,0,998,0,2,6,0,6,2,1,0,0,0,1,48,42223,6,1,0,0,3,0,999,999,0,0,0,0,0,0,0,0,0,3,6,0,0,0,1,2,45,1,1,2,1,0,0,1,13,9,2,4,2,1,1
47,470246,1,2,1,1,5,17,46,12,6,1,0,47,1,20,2,20002,4,2000,2G1WF52E9Y92,2,G,1,W,F,5,2,E,9,Y,9,2,0,0,0,000000000,00000000000,0,0,0,1,0,0,0,0,0,0,0,998,0,0,0,7,6,2,12,0,0,0,1,47,37820,6,1,0,0,3,1,66,125,0,0,0,0,0,0,0,0,0,0,38,0,0,0,0,0,0,0,0,0,0,0,0,4,98,1,1,1,74,1,0
47,470246,2,2,1,1,5,17,46,12,6,1,0,47,1,49,33,49033,2,1993,JT2AT86F7P01,J,T,2,A,T,8,6,F,7,P,0,1,0,0,0,000000000,00000000000,0,0,0,1,0,0,0,0,0,0,0,998,0,0,0,12,6,2,12,0,0,0,1,47,37877,6,1,0,0,3,1,71,140,0,0,0,1,0,3,2014,3,2014,0,0,0,0,0,2,2,45,1,1,2,1,0,0,1,71,99,1,1,74,0,0
47,470247,1,1,1,4,5,99,99,30,0,1,0,47,0,37,705,37705,80,2001,JH2RC43051M7,J,H,2,R,C,4,3,0,5,1,M,7,0,0,0,000000000,00000000000,0,0,0,1,0,0,0,0,0,0,0,998,0,0,0,12,6,2,30,0,0,0,1,47,37885,6,1,0,0,2,3,72,200,0,1,0,0,0,5,2011,5,2011,3,6,0,0,0,1,2,50,2,2,2,1,0,0,14,6,1,1,4,6,1,1
47,470248,1,1,1,1,3,16,47,8,0,1,0,47,1,37,32,37032,4,2010,1HGCP2F37AA1,1,H,G,C,P,2,F,3,7,A,A,1,0,0,0,000000000,00000000000,0,0,0,1,0,0,0,0,0,0,0,998,0,0,0,12,0,5,8,0,0,0,1,47,37208,6,1,0,0,3,0,63,160,2,0,0,0,0,4,2013,11,2013,0,0,0,0,0,5,5,45,1,1,2,1,3,3,10,80,99,1,1,13,0,0
47,470249,1,2,1,1,5,9,35,12,2,1,0,47,1,23,421,23421,15,1989,1GKEV18K8KF5,1,G,K,E,V,1,8,K,8,K,F,5,0,0,0,000000000,00000000000,0,0,0,1,0,0,0,0,0,0,0,998,0,0,0,12,6,2,12,0,0,0,1,47,38478,6,1,0,0,3,0,68,130,0,0,0,0,0,0,0,0,0,0,0,0,0,0,1,2,40,1,6,2,1,0,0,1,50,1,1,1,52,1,0
47,470249,2,2,0,1,5,9,35,12,2,1,0,47,6,20,880,20880,67,2002,1GBJK34G62E2,1,G,B,J,K,3,4,G,6,2,E,2,1,1,88,888888888,88888888888,2,4,1,1,0,0,0,0,0,0,0,0,0,0,0,12,6,2,12,0,0,0,0,0,99997,7,6,97,7,6,7,998,997,998,998,998,998,998,98,9998,98,9998,8,20,0,0,0,1,2,40,1,5,2,1,0,0,0,98,0,0,0,52,0,0
47,470250,1,2,1,17,4,99,99,12,6,1,0,47,2,24,7,24007,4,2007,1G8AJ55F17Z2,1,G,8,A,J,5,5,F,1,7,Z,2,0,0,0,000000000,00000000000,0,0,0,1,0,0,0,0,0,0,0,998,0,1,5,3,6,2,12,0,0,1,1,47,38506,1,1,0,0,2,0,67,148,0,0,0,0,0,0,0,0,0,9,28,36,58,0,1,2,55,1,2,2,1,0,0,1,13,6,4,2,66,1,0
47,470250,2,2,1,17,4,99,99,12,6,1,0,47,2,20,20,20020,4,1995,2G1WL52M7S11,2,G,1,W,L,5,2,M,7,S,1,1,0,0,0,000000000,00000000000,0,0,0,1,0,0,0,0,0,0,0,998,1,0,0,12,6,2,12,0,0,1,1,47,38372,6,1,0,0,3,1,72,225,0,0,0,0,1,9,2013,9,2013,0,0,0,0,0,1,2,55,1,1,2,1,0,0,1,62,4,1,1,66,0,0
47,470251,1,1,1,25,4,18,27,35,0,1,0,47,2,73,705,73705,80,2006,JKBZXJC166A0,J,K,B,Z,X,J,C,1,6,6,A,0,0,0,0,000000000,00000000000,0,0,0,1,0,0,0,0,0,0,0,998,0,0,0,12,6,2,35,0,0,0,1,47,37128,6,1,0,0,3,0,72,180,0,0,0,0,1,1,2014,1,2014,0,0,0,0,0,1,2,45,3,1,2,1,0,0,14,13,3,2,4,2,1,0
47,470252,1,1,1,2,5,0,30,8,0,1,0,47,2,49,40,49040,4,2007,4T1BE46K97U6,4,T,1,B,E,4,6,K,9,7,U,6,0,0,0,000000000,00000000000,0,0,0,1,0,0,0,0,0,0,0,998,0,0,0,12,6,2,8,0,0,0,1,47,38117,6,1,0,0,3,0,74,205,0,0,0,0,0,0,0,0,0,0,0,0,0,0,3,3,45,1,1,2,1,0,0,1,80,1,1,1,13,0,0
47,470253,1,2,1,28,2,11,30,12,1,1,0,47,1,18,7,18007,4,2000,2G4WY55J2Y11,2,G,4,W,Y,5,5,J,2,Y,1,1,0,0,0,000000000,00000000000,0,0,0,1,0,0,0,0,0,0,0,998,0,0,0,12,6,2,12,32,0,0,1,47,38063,6,1,0,0,3,0,64,196,0,0,0,0,0,0,0,0,0,0,26,0,0,0,1,2,55,1,1,2,1,0,0,1,50,99,1,1,20,1,0
47,470253,2,2,1,28,2,11,30,12,1,1,0,47,1,12,481,12481,31,2011,1FT7W2BT4BED,1,F,T,7,W,2,B,T,4,B,E,D,1,1,0,000000000,00000000000,0,0,0,1,0,0,0,0,0,0,0,0,0,0,0,6,4,5,12,0,0,0,1,47,38063,6,1,0,0,3,3,70,180,0,0,0,0,0,0,0,0,0,0,0,0,0,0,1,2,55,1,1,2,1,0,0,11,53,1,1,1,22,0,0
47,470254,1,2,1,3,5,13,45,12,6,1,0,47,2,20,481,20481,31,1995,2GCEC19K7S11,2,G,C,E,C,1,9,K,7,S,1,1,0,0,0,000000000,00000000000,0,0,0,1,0,0,0,0,0,0,0,998,0,1,5,12,6,2,1,32,0,0,1,47,38343,6,1,0,0,3,0,69,212,0,2,1,0,0,1,2013,11,2013,0,39,0,0,0,1,2,45,1,1,2,1,20,3,1,17,1,1,1,88,0,1
47,470254,2,2,2,3,5,13,45,12,6,1,0,47,3,20,481,20481,31,2005,1GCEK14T45Z3,1,G,C,E,K,1,4,T,4,5,Z,3,1,1,0,000000000,00000000000,0,0,0,1,0,0,0,0,0,0,0,998,0,1,5,11,6,2,1,0,0,0,1,47,38355,6,1,0,0,3,0,69,145,0,0,0,0,0,0,0,0,0,0,0,0,0,0,1,2,55,1,1,2,1,0,0,1,66,99,1,1,89,2,0
47,470255,1,1,2,4,5,3,10,52,0,1,0,47,1,53,705,53705,80,2006,JS1GN7DAX621,J,S,1,G,N,7,D,A,X,6,2,1,0,0,0,000000000,00000000000,0,0,0,1,0,0,0,0,0,0,0,998,0,0,0,12,6,2,52,0,0,0,1,47,37042,6,1,0,0,3,0,72,160,0,0,0,0,0,0,0,0,0,3,0,0,0,0,2,3,55,3,1,2,1,0,0,14,6,3,2,4,1,1,1
47,470256,1,2,1,4,5,16,49,12,6,1,0,47,2,12,401,12401,14,2005,1FMZU73K65ZA,1,F,M,Z,U,7,3,K,6,5,Z,A,0,0,0,000000000,00000000000,0,0,0,1,0,0,0,0,0,0,0,998,0,0,0,7,6,2,12,0,0,0,1,47,38242,6,1,0,0,3,0,64,150,2,0,0,0,0,7,2011,10,2013,0,4,38,0,0,1,2,40,1,1,2,1,20,3,11,15,1,1,1,82,0,0
47,470256,2,2,1,4,5,16,49,12,6,1,0,47,1,72,706,72706,80,2013,1HD1KBM18DB6,1,H,D,1,K,B,M,1,8,D,B,6,0,0,0,000000000,00000000000,0,0,0,1,0,0,0,0,0,0,0,998,0,0,0,12,6,2,12,0,0,0,1,47,38333,6,1,0,0,3,0,69,230,0,0,0,2,0,8,2012,1,2014,3,0,0,0,0,5,5,55,1,1,2,1,0,0,1,66,3,2,2,83,1,0
47,470257,1,2,1,6,5,22,20,12,1,1,0,47,1,37,31,37031,3,1994,2HGEH2372RH5,2,H,G,E,H,2,3,7,2,R,H,5,0,0,0,000000000,00000000000,0,0,0,1,0,0,0,0,0,0,0,998,0,0,0,6,6,2,12,0,0,0,1,47,38120,6,1,0,0,3,0,73,155,2,1,0,5,1,2,2012,4,2013,0,27,0,0,0,2,3,55,2,5,1,1,0,0,15,53,1,1,2,25,1,0
47,470257,2,2,1,6,5,22,20,12,1,1,0,47,1,37,402,37402,14,2012,5J6RM4H74CL0,5,J,6,R,M,4,H,7,4,C,L,0,0,0,0,000000000,00000000000,0,0,0,1,0,0,0,0,0,0,0,998,0,0,0,12,6,2,12,0,0,0,1,47,38068,6,1,0,0,3,0,66,172,0,0,0,0,0,0,0,0,0,0,0,0,0,0,2,3,55,2,5,1,1,0,0,15,51,99,1,2,24,0,0
47,470258,1,1,1,8,5,1,19,35,0,1,0,47,1,77,706,77706,80,1999,5VPCB15L6X30,5,V,P,C,B,1,5,L,6,X,3,0,0,0,0,000000000,00000000000,0,0,0,1,0,0,0,0,0,0,0,998,0,0,0,12,6,2,35,0,0,0,1,47,37323,0,0,0,0,0,0,71,200,0,0,0,0,0,0,0,0,0,4,0,0,0,0,1,2,35,2,1,2,1,0,0,14,6,3,2,4,6,1,1
47,470259,1,3,2,22,4,21,56,12,1,1,0,24,3,82,881,82881,66,2000,1FUPCSZB3YPF,1,F,U,P,C,S,Z,B,3,Y,P,F,1,1,57,02457672,5702457672,3,6,1,1,0,0,0,0,0,0,0,0,0,0,0,6,2,5,12,0,0,0,1,12,33127,6,1,6,0,3,1,71,999,0,0,0,0,1,7,2011,7,2011,0,0,0,0,0,3,2,70,1,1,2,1,0,0,5,50,1,1,1,98,0,0