STATE,ST_CASE,VEH_NO,VE_FORMS,NUMOCCS,DAY,MONTH,HOUR,MINUTE,HARM_EV,MAN_COLL,UNITTYPE,HIT_RUN,REG_STAT,OWNER,MAKE,MODEL,MAK_MOD,BODY_TYP,MOD_YEAR,VIN,VIN_1,VIN_2,VIN_3,VIN_4,VIN_5,VIN_6,VIN_7,VIN_8,VIN_9,VIN_10,VIN_11,VIN_12,TOW_VEH,J_KNIFE,MCARR_I1,MCARR_I2,MCARR_ID,GVWR,V_CONFIG,CARGO_BT,HAZ_INV,HAZ_PLAC,HAZ_ID,HAZ_CNO,HAZ_REL,BUS_USE,SPEC_USE,EMER_USE,TRAV_SP,UNDERIDE,ROLLOVER,ROLINLOC,IMPACT1,DEFORMED,TOWED,M_HARM,VEH_SC1,VEH_SC2,FIRE_EXP,DR_PRES,L_STATE,DR_ZIP,L_STATUS,L_TYPE,CDL_STAT,L_ENDORS,L_COMPL,L_RESTRI,DR_HGT,DR_WGT,PREV_ACC,PREV_SUS,PREV_DWI,PREV_SPD,PREV_OTH,FIRST_MO,FIRST_YR,LAST_MO,LAST_YR,SPEEDREL,DR_SF1,DR_SF2,DR_SF3,DR_SF4,VTRAFWAY,VNUM_LAN,VSPD_LIM,VALIGN,VPROFILE,VPAVETYP,VSURCOND,VTRAFCON,VTCONT_F,P_CRASH1,P_CRASH2,P_CRASH3,PCRASH4,PCRASH5,ACC_TYPE,DEATHS,DR_DRINK
47,470259,2,3,2,22,4,21,56,12,1,1,0,93,3,84,881,84881,66,2014,3HSDJSJR9EN0,3,H,S,D,J,S,J,R,9,E,N,0,1,1,57,00105234,5700105234,3,6,1,1,0,0,0,0,0,0,0,0,0,0,0,6,6,2,12,0,0,0,1,21,41311,6,1,6,0,3,0,72,195,0,0,0,1,0,8,2011,8,2011,0,89,0,0,0,3,2,70,1,1,2,1,0,0,5,53,1,1,1,21,0,0
47,470259,3,3,1,22,4,21,56,12,1,1,0,5,3,87,881,87881,66,2012,1XPHDP9X2CD1,1,X,P,H,D,P,9,X,2,C,D,1,1,1,57,00889451,5700889451,3,6,8,1,0,0,0,0,0,0,0,998,0,0,0,12,6,2,2,0,0,1,1,5,72123,6,1,6,0,3,3,72,210,0,0,0,0,0,0,0,0,0,9,99,99,99,99,3,2,70,1,1,2,1,0,0,1,50,1,1,1,20,1,0
47,470260,1,3,1,12,5,11,10,12,6,1,0,47,2,35,47,35047,4,2002,1N4AL11D52C1,1,N,4,A,L,1,1,D,5,2,C,1,0,0,0,000000000,00000000000,0,0,0,1,0,0,0,0,0,0,0,998,0,0,0,11,6,2,12,0,0,0,1,47,37886,6,1,0,0,3,2,71,175,1,0,0,1,0,9,2012,3,2014,3,6,28,74,0,5,5,55,1,1,2,1,0,0,6,10,1,1,2,64,0,0
47,470260,2,3,1,12,5,11,10,12,6,1,0,47,2,22,9,22009,3,1998,2G2FS22K2W22,2,G,2,F,S,2,2,K,2,W,2,2,0,0,0,000000000,00000000000,0,0,0,1,0,0,0,0,0,0,0,998,0,0,0,9,6,2,12,0,0,0,1,47,37801,6,1,0,0,3,0,63,98,2,0,0,0,0,12,2011,6,2013,0,0,0,0,0,5,5,55,1,1,2,1,0,0,1,62,7,1,1,65,0,0
47,470260,3,3,2,12,5,11,10,12,6,1,0,47,1,49,40,49040,4,2012,4T1BK1FKXCU0,4,T,1,B,K,1,F,K,X,C,U,0,0,0,0,000000000,00000000000,0,0,0,1,0,0,0,0,0,0,0,998,0,0,0,12,6,2,12,0,0,0,1,47,37385,6,1,0,0,3,0,63,135,1,0,0,0,0,7,2012,7,2012,0,0,0,0,0,5,5,55,1,1,2,1,0,0,1,54,99,1,1,98,1,0
47,470261,1,1,1,8,5,20,11,1,0,1,0,47,2,73,705,73705,80,2009,JKALEEA199A0,J,K,A,L,E,E,A,1,9,9,A,0,0,0,0,000000000,00000000000,0,0,0,1,0,0,0,0,0,0,0,998,0,0,0,0,6,2,24,0,0,0,1,47,38501,6,1,0,0,3,0,74,185,0,0,0,0,0,0,0,0,0,0,0,0,0,0,1,2,45,2,6,2,1,0,0,14,6,1,2,2,98,1,0
47,470262,1,2,1,10,5,21,30,33,0,1,0,47,2,14,6,14006,4,2005,2MEFM74W85X6,2,M,E,F,M,7,4,W,8,5,X,6,0,0,0,000000000,00000000000,0,0,0,1,0,0,0,0,0,0,0,998,0,0,0,98,6,2,12,0,0,0,1,47,37115,1,1,0,0,2,0,73,204,0,0,0,0,0,0,0,0,0,0,6,28,36,0,5,5,40,1,2,1,1,0,0,1,13,99,1,4,1,1,1
47,470262,2,2,1,10,5,21,30,33,0,1,0,47,2,41,51,41051,4,2008,JM1BK323X818,J,M,1,B,K,3,2,3,X,8,1,8,0,0,0,000000000,00000000000,0,0,0,1,0,0,0,0,0,0,0,998,0,0,0,12,6,2,12,0,0,0,1,47,37128,6,2,0,0,3,3,60,115,0,0,0,0,0,0,0,0,0,0,0,0,0,0,5,5,40,1,2,1,1,0,0,1,62,99,1,3,98,0,0
47,470263,1,1,1,4,5,21,48,1,0,1,0,0,0,37,734,37734,90,2008,1HFTE3108846,1,H,F,T,E,3,1,0,8,8,4,6,0,0,0,000000000,00000000000,0,0,0,1,0,0,0,0,0,0,0,998,0,2,1,0,2,5,1,0,0,0,1,47,38585,6,1,0,0,1,0,73,250,1,0,0,0,0,8,2012,8,2012,5,0,0,0,0,1,2,30,1,1,2,1,0,0,10,6,9,3,3,98,1,1
47,470264,1,3,1,5,5,23,13,12,6,1,0,47,2,37,32,37032,4,2002,1HGCG16542A0,1,H,G,C,G,1,6,5,4,2,A,0,0,0,0,000000000,00000000000,0,0,0,1,0,0,0,0,0,0,0,998,1,0,0,11,6,2,12,0,0,0,1,47,37870,6,1,0,0,3,1,70,180,0,0,0,0,0,0,0,0,0,0,28,0,0,0,1,2,55,1,1,2,1,0,0,1,10,1,1,2,64,1,0
47,470264,2,3,3,5,5,23,13,12,6,1,0,47,1,7,461,7461,21,1995,2B6HB21Y5SK5,2,B,6,H,B,2,1,Y,5,S,K,5,0,0,0,000000000,00000000000,0,0,0,1,0,0,0,0,0,0,0,998,7,0,0,11,6,2,12,32,0,0,1,47,37757,6,1,0,0,3,0,70,230,0,0,0,1,0,4,2013,4,2013,0,0,0,0,0,1,2,55,1,1,2,1,0,0,1,62,99,1,1,65,0,0
47,470264,3,3,2,5,5,23,13,12,6,1,0,47,1,6,441,6441,20,1996,1C4GP54R0TB3,1,C,4,G,P,5,4,R,0,T,B,3,0,0,0,000000000,00000000000,0,0,0,1,0,0,0,0,0,0,0,998,0,0,0,12,6,5,54,0,0,0,1,47,37857,6,1,0,0,3,0,68,239,0,0,0,0,0,0,0,0,0,0,0,0,0,0,1,2,55,1,1,2,1,0,0,1,90,99,1,3,98,0,0
47,470265,1,1,3,7,5,15,15,35,0,1,0,47,2,22,441,22441,20,2002,1GMDX03E22D2,1,G,M,D,X,0,3,E,2,2,D,2,0,0,0,000000000,00000000000,0,0,0,1,0,0,0,0,0,0,0,998,0,1,5,12,6,2,1,0,0,0,1,47,37881,6,1,0,0,3,0,62,160,0,1,0,0,1,3,2013,4,2013,3,58,89,0,0,1,2,40,3,6,2,1,0,0,14,6,8,2,4,2,1,0
47,470266,1,1,1,5,5,23,16,24,0,1,0,47,2,35,402,35402,14,2002,5N1ED28T62C5,5,N,1,E,D,2,8,T,6,2,C,5,0,0,0,000000000,00000000000,0,0,0,1,0,0,0,0,0,0,0,998,0,1,5,1,6,2,24,0,0,0,1,47,37055,6,1,0,0,3,3,69,170,0,0,0,1,0,3,2012,3,2012,5,6,58,0,0,3,2,70,3,6,2,1,0,0,14,6,6,4,4,7,1,1
47,470267,1,2,2,9,5,16,35,12,2,1,0,47,2,24,1,24001,4,1994,1G8ZK5578RZ1,1,G,8,Z,K,5,5,7,8,R,Z,1,0,0,0,000000000,00000000000,0,0,0,1,0,0,0,0,0,0,0,998,0,0,0,12,6,2,12,0,0,0,1,47,37404,1,1,0,0,2,0,68,205,0,1,0,0,0,9,2013,9,2013,0,28,0,0,0,1,2,35,1,1,2,2,0,0,1,10,1,1,2,50,1,0
47,470267,2,2,2,9,5,16,35,12,2,1,0,47,2,20,32,20032,4,1993,1Y1SK5389PZ0,1,Y,1,S,K,5,3,8,9,P,Z,0,0,0,0,000000000,00000000000,0,0,0,1,0,0,0,0,0,0,0,998,0,0,0,12,6,2,12,0,0,0,1,47,37407,0,0,0,0,0,0,999,999,0,0,0,0,0,0,0,0,0,0,0,0,0,0,1,2,35,1,1,2,2,0,0,1,62,99,1,9,51,0,0
47,470269,1,3,1,6,5,20,53,12,2,1,0,47,1,20,481,20481,31,2002,2GCEC19W7212,2,G,C,E,C,1,9,W,7,2,1,2,0,0,0,000000000,00000000000,0,0,0,1,0,0,0,0,0,0,0,998,0,0,0,12,6,2,12,0,0,0,1,47,37090,6,1,0,0,3,0,72,165,1,0,0,0,0,8,2013,8,2013,0,28,0,0,0,5,5,40,1,1,2,1,0,0,1,10,1,2,2,50,1,0
47,470269,2,3,2,6,5,20,53,12,2,1,0,47,1,12,401,12401,14,2013,1FM5K7D86DGA,1,F,M,5,K,7,D,8,6,D,G,A,0,0,0,000000000,00000000000,0,0,0,1,0,0,0,0,0,0,0,998,0,0,0,12,6,2,12,0,0,0,1,47,37138,6,1,0,0,3,0,69,205,1,0,0,1,0,6,2012,10,2012,0,0,0,0,0,5,5,40,1,1,2,1,0,0,1,62,99,1,1,51,0,0
47,470269,3,3,1,6,5,20,53,12,2,1,0,47,1,41,51,41051,4,2006,JM1BK12F7615,J,M,1,B,K,1,2,F,7,6,1,5,0,0,0,000000000,00000000000,0,0,0,1,0,0,0,0,0,0,0,998,0,0,0,12,6,2,12,0,0,0,1,47,37122,6,1,0,0,3,3,68,138,1,0,0,0,0,6,2011,6,2011,0,0,0,0,0,5,5,40,1,1,2,1,0,0,1,98,99,1,1,98,0,0
47,470270,1,1,2,8,5,21,25,8,0,1,1,47,2,7,482,7482,31,1999,1B7HC16Y0XS2,1,B,7,H,C,1,6,Y,0,X,S,2,0,0,0,000000000,00000000000,0,0,0,1,0,0,0,0,0,0,0,998,0,0,0,12,4,5,8,0,0,0,1,47,37748,6,1,0,0,3,0,61,138,1,0,0,1,0,12,2012,1,2013,9,99,99,99,99,1,2,25,3,6,2,1,0,0,14,82,99,9,1,13,0,1
47,470271,1,2,1,12,5,12,40,12,2,1,0,47,1,72,706,72706,80,2008,1HD1BW5168Y0,1,H,D,1,B,W,5,1,6,8,Y,0,0,0,0,000000000,00000000000,0,0,0,1,0,0,0,0,0,0,0,998,0,0,0,12,6,2,12,0,0,0,1,47,37922,6,1,0,0,3,0,74,240,0,0,0,0,0,0,0,0,0,4,28,0,0,0,1,2,35,2,1,2,1,0,0,14,10,1,1,2,50,1,0
47,470271,2,2,1,12,5,12,40,12,2,1,0,47,1,20,481,20481,31,1999,1GCEK14T2XZ1,1,G,C,E,K,1,4,T,2,X,Z,1,0,0,0,000000000,00000000000,0,0,0,1,0,0,0,0,0,0,0,998,7,0,0,12,6,2,12,32,0,0,1,47,37385,6,1,0,0,3,0,73,245,0,0,0,0,0,0,0,0,0,0,0,0,0,0,1,2,35,3,1,2,1,0,0,14,62,7,1,1,51,0,0
47,470272,1,1,1,14,5,17,15,59,0,1,0,47,1,35,49,35049,6,2006,JN8AZ08WX6W5,J,N,8,A,Z,0,8,W,X,6,W,5,0,0,0,000000000,00000000000,0,0,0,1,0,0,0,0,0,0,0,998,0,0,0,12,6,2,42,0,0,0,1,47,38237,6,1,0,0,3,1,72,228,0,0,0,0,0,0,0,0,0,0,0,0,0,0,1,2,55,1,5,2,1,0,0,1,13,1,1,4,1,1,0
47,470273,1,1,2,12,5,18,25,42,0,1,0,47,1,37,706,37706,80,1981,JH2SC0409BC1,J,H,2,S,C,0,4,0,9,B,C,1,0,0,0,000000000,00000000000,0,0,0,1,0,0,0,0,0,0,0,998,0,0,0,12,6,2,42,0,0,0,1,47,37186,6,1,0,0,3,1,73,220,0,1,0,0,0,11,2012,11,2012,9,0,0,0,0,1,2,30,1,1,2,1,0,0,1,13,1,1,4,1,1,0
47,470274,1,2,2,7,5,21,9,12,1,1,0,47,1,35,39,35039,4,2013,1N4AA5AP7DC8,1,N,4,A,A,5,A,P,7,D,C,8,0,0,0,000000000,00000000000,0,0,0,1,0,0,0,0,0,0,0,998,2,0,0,12,6,2,12,0,0,0,1,47,37312,6,1,0,0,3,1,69,142,0,1,0,1,0,5,2011,6,2011,5,26,0,0,0,1,3,40,1,1,2,1,0,0,1,50,99,9,3,20,1,0
47,470274,2,2,2,7,5,21,9,12,1,1,0,47,1,38,401,38401,14,1996,JACDJ58V6T79,J,A,C,D,J,5,8,V,6,T,7,9,0,0,0,000000000,00000000000,0,0,0,1,0,0,0,0,0,0,0,0,0,1,1,6,6,2,12,0,0,0,1,47,37312,6,1,0,0,3,0,73,165,0,0,0,0,0,0,0,0,0,0,0,0,0,0,1,3,40,1,1,2,1,0,0,5,53,1,1,1,21,0,0
47,470275,1,2,1,5,5,20,50,1,0,1,0,47,1,72,706,72706,80,2001,1HD1GEV161Y3,1,H,D,1,G,E,V,1,6,1,Y,3,0,0,0,000000000,00000000000,0,0,0,1,0,0,0,0,0,0,0,998,0,0,0,0,6,2,1,0,0,0,1,47,38583,6,1,0,0,3,0,71,175,0,0,0,0,0,0,0,0,0,9,80,0,0,0,2,2,70,1,1,2,1,0,0,1,1,99,1,1,98,1,1
47,470275,2,2,2,5,5,20,50,1,0,1,0,13,3,82,461,82461,21,2014,WDYPE8CC6E58,W,D,Y,P,E,8,C,C,6,E,5,8,0,0,0,000000000,00000000000,0,0,0,1,0,0,0,0,0,0,0,998,0,0,0,14,0,5,54,0,0,0,1,48,78130,6,1,0,0,3,0,999,999,0,0,0,0,0,0,0,0,0,0,0,0,0,0,2,2,70,1,1,2,1,0,0,1,90,99,1,3,98,0,0
47,470276,1,1,1,3,5,99,99,35,0,1,0,47,1,35,43,35043,4,1998,3N1AB41D0WL0,3,N,1,A,B,4,1,D,0,W,L,0,0,0,0,000000000,00000000000,0,0,0,1,0,0,0,0,0,0,0,998,0,1,5,98,6,2,1,0,0,0,1,47,37064,6,1,0,0,3,0,60,110,1,0,0,0,0,8,2012,8,2012,0,0,0,0,0,1,2,50,3,1,2,1,0,0,14,13,99,9,4,1,1,1
47,470277,1,2,1,8,5,12,26,12,6,1,0,47,1,7,43,7043,4,2001,1B3EJ46XX1N6,1,B,3,E,J,4,6,X,X,1,N,6,0,0,0,000000000,00000000000,0,0,0,1,0,0,0,0,0,0,0,998,0,0,0,3,6,2,12,0,0,0,1,47,37110,6,1,0,0,3,1,64,140,1,0,0,0,0,9,2011,9,2011,0,28,58,0,0,1,2,55,3,1,2,1,0,0,14,10,6,4,2,66,1,0
47,470277,2,2,2,8,5,12,26,12,6,1,0,13,1,20,404,20404,14,2013,1GNALDEK7DZ1,1,G,N,A,L,D,E,K,7,D,Z,1,0,0,0,000000000,00000000000,0,0,0,1,0,0,0,0,0,0,0,998,0,0,0,12,6,2,12,0,0,0,1,13,30028,6,1,6,0,3,0,64,187,98,0,0,0,0,0,0,0,0,0,0,0,0,0,1,2,55,2,1,2,1,0,0,14,62,99,1,1,66,0,0
47,470278,1,1,1,18,5,20,2,1,0,1,0,47,1,7,482,7482,31,2008,3D7KS28A38G1,3,D,7,K,S,2,8,A,3,8,G,1,0,0,0,000000000,00000000000,0,0,0,1,0,0,0,0,0,0,0,998,0,2,1,0,6,2,1,0,0,0,1,47,37806,6,1,0,0,3,0,73,185,0,0,0,0,0,0,0,0,0,0,6,58,0,0,1,2,40,1,2,2,1,0,0,1,13,8,1,6,98,1,0
47,470279,1,2,1,19,5,14,56,1,0,1,0,42,1,76,705,76705,80,2007,JYARJ13E37A0,J,Y,A,R,J,1,3,E,3,7,A,0,0,0,0,000000000,00000000000,0,0,0,1,0,0,0,0,0,0,0,998,0,0,0,0,6,2,12,0,0,0,1,42,19526,6,1,0,0,3,0,62,999,0,0,0,0,0,0,0,0,0,3,28,0,0,0,1,2,30,2,5,2,1,0,0,14,6,1,1,2,98,1,0
47,470279,2,2,1,19,5,14,56,1,0,1,0,37,1,12,37,12037,5,2013,1FADP3L94DL1,1,F,A,D,P,3,L,9,4,D,L,1,0,0,0,000000000,00000000000,0,0,0,1,0,0,0,0,0,0,0,998,0,0,0,12,6,2,12,0,0,0,1,37,28716,6,1,0,0,3,0,68,999,0,0,0,0,0,0,0,0,0,0,0,0,0,0,1,2,30,3,6,2,1,0,0,14,62,99,1,1,98,0,0
47,470280,1,1,1,16,5,99,99,35,0,1,0,92,0,73,703,73703,80,2014,JKAEX8B15EA0,J,K,A,E,X,8,B,1,5,E,A,0,0,0,0,000000000,00000000000,0,0,0,1,0,0,0,0,0,0,0,998,0,0,0,12,6,2,42,0,0,0,1,47,37869,6,1,6,0,2,1,70,180,0,0,0,0,0,0,0,0,0,9,52,0,0,0,1,2,50,1,1,2,1,0,0,1,13,1,1,4,1,1,0
47,470281,1,1,1,18,5,99,99,8,0,1,1,99,9,99,999,99999,99,9999,999999999999,9,9,9,9,9,9,9,9,9,9,9,9,9,0,0,000000000,00000000000,0,0,0,1,0,0,0,0,0,0,0,999,0,0,0,12,9,5,8,99,99,0,1,99,99999,9,9,99,9,9,9,999,999,99,99,99,99,99,99,9999,99,9999,9,99,99,99,99,6,1,40,2,1,2,2,0,0,99,80,99,9,1,13,0,0
47,470282,1,1,2,19,4,21,55,15,0,1,0,47,1,12,442,12442,20,2000,2FMZA5148YBA,2,F,M,Z,A,5,1,4,8,Y,B,A,0,0,0,000000000,00000000000,0,0,0,1,0,0,0,0,0,0,0,42,0,0,0,12,4,5,15,0,0,0,1,47,37115,6,1,0,0,3,0,68,147,0,0,0,0,0,0,0,0,0,0,0,0,0,0,5,6,40,1,1,2,1,2,3,1,83,1,1,1,13,0,0
47,470283,1,1,1,14,1,18,9,1,0,1,0,92,0,98,998,98998,92,2007,000000000000,0,0,0,0,0,0,0,0,0,0,0,0,0,0,0,000000000,00000000000,0,0,0,1,0,0,0,0,0,0,0,998,0,2,5,0,4,5,1,0,0,0,1,47,37865,6,1,0,0,1,0,72,195,0,0,0,0,0,0,0,0,0,0,0,0,0,0,1,2,25,1,3,2,1,0,0,1,12,3,1,4,6,1,0
47,470284,1,2,2,11,5,10,25,12,6,1,0,47,1,72,706,72706,80,2013,1HD1JDV10DB0,1,H,D,1,J,D,V,1,0,D,B,0,0,0,0,000000000,00000000000,0,0,0,1,0,0,0,0,0,0,0,998,0,0,0,12,6,2,12,0,0,0,1,47,38501,6,1,0,0,2,0,69,250,1,0,0,0,0,2,2014,2,2014,0,0,0,0,0,2,2,65,1,1,2,1,0,0,1,68,99,1,1,88,2,0
47,470284,2,2,1,11,5,10,25,12,6,1,0,47,1,37,31,37031,4,2012,19XFB2F51CE0,1,9,X,F,B,2,F,5,1,C,E,0,0,0,0,000000000,00000000000,0,0,0,1,0,0,0,0,0,0,0,998,0,0,0,11,6,2,12,0,0,0,1,47,38501,6,1,0,0,3,0,67,135,0,0,0,0,0,0,0,0,0,0,38,0,0,0,1,2,35,1,1,2,1,20,3,1,17,1,1,1,89,0,0
47,470285,1,1,1,10,5,23,25,1,0,1,0,47,1,49,472,49472,30,1998,4TAWN72N3WZ0,4,T,A,W,N,7,2,N,3,W,Z,0,0,0,0,000000000,00000000000,0,0,0,1,0,0,0,0,0,0,0,998,0,1,3,0,6,2,1,0,0,0,1,47,38474,6,1,0,0,3,0,70,200,0,0,0,0,0,0,0,0,0,0,58,0,0,0,2,2,65,2,1,2,1,0,0,14,12,99,4,4,7,1,1
47,470286,1,1,2,11,5,14,20,35,0,1,0,47,1,54,38,54038,3,2006,JH4DC53836S0,J,H,4,D,C,5,3,8,3,6,S,0,0,0,0,000000000,00000000000,0,0,0,1,0,0,0,0,0,0,0,998,0,1,5,12,6,2,1,0,0,0,1,47,37825,6,1,0,0,3,0,70,190,0,0,0,0,0,0,0,0,0,4,0,0,0,0,1,2,35,2,6,2,1,0,0,14,6,99,3,4,2,1,0
47,470287,1,4,2,12,4,20,41,12,6,1,0,47,1,72,706,72706,80,2011,1HD1KBM16BB6,1,H,D,1,K,B,M,1,6,B,B,6,0,0,0,000000000,00000000000,0,0,0,1,0,0,0,0,0,0,0,998,0,0,0,7,4,3,12,0,0,0,1,47,37214,6,1,0,0,3,0,73,200,0,0,0,0,0,0,0,0,0,0,48,0,0,0,5,5,45,1,6,2,1,0,0,12,53,1,1,2,98,1,0
47,470287,2,4,1,12,4,20,41,12,6,1,0,47,1,21,17,21017,4,1996,1G3AJ55M3T63,1,G,3,A,J,5,5,M,3,T,6,3,0,0,0,000000000,00000000000,0,0,0,1,0,0,0,0,0,0,0,998,0,0,0,12,6,2,12,0,0,0,1,47,37115,6,1,0,0,3,0,66,175,0,0,0,0,0,0,0,0,0,0,0,0,0,0,5,5,45,1,6,2,1,0,0,1,52,1,1,1,98,0,0
47,470287,3,4,1,12,4,20,41,12,6,1,0,47,1,20,2,20002,4,2007,2G1WT58K0791,2,G,1,W,T,5,8,K,0,7,9,1,0,0,0,000000000,00000000000,0,0,0,1,0,0,0,0,0,0,0,998,7,0,0,12,6,2,12,0,0,0,1,47,37115,6,1,0,0,3,3,65,182,0,1,0,0,0,9,2012,9,2012,0,26,0,0,0,5,5,45,1,6,2,1,0,0,1,52,1,1,1,98,0,0
47,470287,4,4,2,12,4,20,41,12,6,1,0,47,1,35,47,35047,4,1999,1N4DL01D4XC1,1,N,4,D,L,0,1,D,4,X,C,1,0,0,0,000000000,00000000000,0,0,0,1,0,0,0,0,0,0,0,998,2,0,0,12,6,2,12,0,0,0,1,47,37115,0,0,0,0,0,0,999,999,0,0,0,0,0,0,0,0,0,0,26,0,0,0,5,5,45,1,6,2,1,0,0,1,52,3,1,1,98,0,0
47,470288,1,1,1,16,4,23,4,8,0,1,0,47,1,49,32,49032,4,2000,2T1BR12E6YC3,2,T,1,B,R,1,2,E,6,Y,C,3,0,0,0,000000000,00000000000,0,0,0,1,0,0,0,0,0,0,0,998,0,0,0,12,6,2,8,0,0,0,1,47,37129,6,1,6,0,3,0,65,182,0,0,0,0,0,0,0,0,0,0,38,0,0,0,6,1,40,2,1,1,1,21,3,14,80,1,1,1,13,0,1
47,470289,1,1,2,24,5,99,99,42,0,1,0,47,1,41,45,41045,1,1999,JM1NB3538X01,J,M,1,N,B,3,5,3,8,X,0,1,0,0,0,000000000,00000000000,0,0,0,1,0,0,0,0,0,0,0,998,0,1,5,3,6,2,1,0,0,0,1,47,37064,6,1,0,0,3,0,73,195,0,0,0,0,0,0,0,0,0,0,0,0,0,0,1,2,35,3,6,2,1,0,0,14,13,6,4,4,2,1,1
47,470290,1,1,1,15,5,18,27,34,0,1,0,47,1,49,46,49046,5,2005,JTDKB20U3530,J,T,D,K,B,2,0,U,3,5,3,0,0,0,0,000000000,00000000000,0,0,0,1,0,0,0,0,0,0,0,998,0,1,1,12,6,2,1,0,0,0,1,47,37174,6,1,0,0,3,0,71,170,0,0,0,0,0,0,0,0,0,0,99,99,99,99,2,2,70,1,1,2,1,0,0,1,13,7,1,4,1,1,0
47,470291,1,2,1,22,5,6,18,1,0,1,0,47,1,23,481,23481,31,1999,1GTEK19T3XE5,1,G,T,E,K,1,9,T,3,X,E,5,0,0,0,000000000,00000000000,0,0,0,1,0,0,0,0,0,0,0,998,0,2,1,0,6,2,1,0,0,0,1,47,37722,6,1,0,0,3,0,66,165,0,0,0,0,0,0,0,0,0,4,28,58,0,0,1,2,55,1,6,2,1,0,0,1,13,6,3,6,98,1,1
47,470291,2,2,1,22,5,6,18,1,0,1,0,37,2,12,37,12037,6,2005,1FAFP36N85W2,1,F,A,F,P,3,6,N,8,5,W,2,0,0,0,000000000,00000000000,0,0,0,1,0,0,0,0,0,0,0,998,0,0,0,13,6,2,12,0,0,0,1,37,28788,6,1,0,0,3,3,66,999,0,0,0,0,0,0,0,0,0,0,0,0,0,0,1,2,55,1,5,2,1,0,0,1,62,99,1,1,98,0,0
47,470292,1,1,1,20,5,6,35,34,0,1,0,47,2,38,401,38401,14,1999,JACDJ58X0X79,J,A,C,D,J,5,8,X,0,X,7,9,0,0,0,000000000,00000000000,0,0,0,1,0,0,0,0,0,0,0,998,0,1,5,9,6,2,42,0,0,0,1,47,38482,1,1,1,0,2,1,71,190,0,1,0,1,1,8,2012,9,2013,0,0,0,0,0,1,2,35,1,5,2,1,0,0,1,12,1,1,4,6,1,0
47,470293,1,2,1,16,5,8,55,24,0,1,0,47,3,49,482,49482,31,2000,5TBBT4412YS0,5,T,B,B,T,4,4,1,2,Y,S,0,0,0,0,000000000,00000000000,0,0,0,1,0,0,0,0,0,0,0,998,0,0,0,82,6,2,12,0,0,0,1,47,38555,6,1,0,0,3,0,68,180,0,0,0,0,0,0,0,0,0,4,28,36,87,0,1,2,55,1,1,2,2,0,0,1,13,1,2,4,2,1,0
47,470293,2,2,1,16,5,8,55,24,0,1,0,47,3,85,881,85881,63,1999,3BKMHZ7X9XF7,3,B,K,M,H,Z,7,X,9,X,F,7,0,0,88,888888888,88888888888,3,2,3,1,0,0,0,0,0,0,0,998,0,0,0,12,6,2,12,0,0,0,1,47,38555,6,1,6,0,3,1,75,205,0,0,0,0,0,0,0,0,0,0,24,0,0,0,1,2,55,1,1,2,2,0,0,1,62,7,1,1,98,0,0
47,470294,1,2,1,30,4,18,38,12,2,1,0,47,0,53,705,53705,80,2005,JS1GN79A6521,J,S,1,G,N,7,9,A,6,5,2,1,0,0,0,000000000,00000000000,0,0,0,1,0,0,0,0,0,0,0,998,0,0,0,12,6,2,12,0,0,0,1,47,37814,6,1,0,0,2,0,68,180,0,1,0,1,0,5,2012,4,2013,4,89,0,0,0,1,2,30,2,2,2,2,0,0,14,10,1,1,2,50,1,0
47,470294,2,2,2,30,4,18,38,12,2,1,0,47,1,63,34,63034,4,2007,KNAGE1239751,K,N,A,G,E,1,2,3,9,7,5,1,0,0,0,000000000,00000000000,0,0,0,1,0,0,0,0,0,0,0,998,0,0,0,12,6,2,12,0,0,0,1,47,37814,6,1,0,0,3,0,63,160,0,0,0,0,0,0,0,0,0,0,0,0,0,0,1,2,30,1,2,2,2,0,0,1,62,99,1,1,51,0,0
47,470295,1,2,2,19,5,22,17,12,1,1,0,47,3,23,881,23881,63,2009,1GDM7F1B79F4,1,G,D,M,7,F,1,B,7,9,F,4,0,0,57,00449433,5700449433,3,1,97,1,0,0,0,0,0,0,0,998,0,0,0,6,6,2,12,0,0,0,1,47,37918,6,1,6,1,3,0,72,235,1,0,0,0,0,7,2012,7,2012,0,0,0,0,0,2,2,55,1,6,2,1,40,3,3,53,1,1,1,25,0,0
47,470295,2,2,1,19,5,22,17,12,1,1,0,47,1,12,16,12016,4,1992,2FACP74W1NX1,2,F,A,C,P,7,4,W,1,N,X,1,0,0,0,000000000,00000000000,0,0,0,1,0,0,0,0,0,0,0,998,0,0,0,12,6,2,12,0,0,0,1,47,37681,6,1,0,0,3,0,70,229,0,0,0,0,0,0,0,0,0,9,26,0,0,0,2,2,55,1,6,2,1,40,3,1,51,4,1,1,24,1,0
47,470296,1,1,1,22,5,20,47,34,0,1,0,93,3,85,881,85881,66,2013,1XKAD49X5DJ3,1,X,K,A,D,4,9,X,5,D,J,3,1,1,57,00655796,5700655796,3,6,1,1,0,0,0,0,0,0,0,998,0,0,0,12,6,2,42,0,0,1,1,12,38019,6,1,6,0,3,0,69,999,0,0,0,1,0,5,2012,5,2012,9,99,99,99,99,2,3,55,1,1,2,1,0,0,1,12,1,1,4,6,1,0