STATE,ST_CASE,VEH_NO,VE_FORMS,NUMOCCS,DAY,MONTH,HOUR,MINUTE,HARM_EV,MAN_COLL,UNITTYPE,HIT_RUN,REG_STAT,OWNER,MAKE,MODEL,MAK_MOD,BODY_TYP,MOD_YEAR,VIN,VIN_1,VIN_2,VIN_3,VIN_4,VIN_5,VIN_6,VIN_7,VIN_8,VIN_9,VIN_10,VIN_11,VIN_12,TOW_VEH,J_KNIFE,MCARR_I1,MCARR_I2,MCARR_ID,GVWR,V_CONFIG,CARGO_BT,HAZ_INV,HAZ_PLAC,HAZ_ID,HAZ_CNO,HAZ_REL,BUS_USE,SPEC_USE,EMER_USE,TRAV_SP,UNDERIDE,ROLLOVER,ROLINLOC,IMPACT1,DEFORMED,TOWED,M_HARM,VEH_SC1,VEH_SC2,FIRE_EXP,DR_PRES,L_STATE,DR_ZIP,L_STATUS,L_TYPE,CDL_STAT,L_ENDORS,L_COMPL,L_RESTRI,DR_HGT,DR_WGT,PREV_ACC,PREV_SUS,PREV_DWI,PREV_SPD,PREV_OTH,FIRST_MO,FIRST_YR,LAST_MO,LAST_YR,SPEEDREL,DR_SF1,DR_SF2,DR_SF3,DR_SF4,VTRAFWAY,VNUM_LAN,VSPD_LIM,VALIGN,VPROFILE,VPAVETYP,VSURCOND,VTRAFCON,VTCONT_F,P_CRASH1,P_CRASH2,P_CRASH3,PCRASH4,PCRASH5,ACC_TYPE,DEATHS,DR_DRINK
47,470335,1,1,1,6,6,2,31,33,0,1,0,47,1,76,706,76706,80,2001,JYARN05E51A0,J,Y,A,R,N,0,5,E,5,1,A,0,0,0,0,000000000,00000000000,0,0,0,1,0,0,0,0,0,0,0,998,0,0,0,1,6,2,33,0,0,0,1,47,38053,6,1,0,0,2,1,67,265,0,0,0,0,0,0,0,0,0,4,6,0,0,0,1,2,35,2,1,2,1,0,0,14,6,1,1,4,1,1,0
47,470336,1,1,1,27,3,22,45,35,0,1,0,47,2,12,481,12481,31,2005,1FTPX14515NB,1,F,T,P,X,1,4,5,1,5,N,B,0,0,0,000000000,00000000000,0,0,0,1,0,0,0,0,0,0,0,998,0,1,5,11,6,2,30,0,0,0,1,47,37354,6,1,0,0,3,0,72,294,0,0,0,0,0,0,0,0,0,0,28,0,0,0,1,2,35,1,1,2,1,0,0,1,12,3,2,4,7,1,1
47,470337,1,1,2,7,6,0,1,34,0,1,0,47,2,52,37,52037,3,1997,4A3AK44Y8VE1,4,A,3,A,K,4,4,Y,8,V,E,1,0,0,0,000000000,00000000000,0,0,0,1,0,0,0,0,0,0,0,998,0,0,0,12,6,2,42,0,0,0,1,35,37042,6,1,0,0,2,0,71,175,98,0,0,1,0,12,2012,12,2012,0,6,28,0,0,1,2,35,1,1,2,1,0,0,1,12,1,1,4,6,2,1
47,470338,1,2,1,8,6,21,0,12,1,1,0,47,1,41,35,41035,4,2000,JM1BJ2220Y02,J,M,1,B,J,2,2,2,0,Y,0,2,0,0,0,000000000,00000000000,0,0,0,1,0,0,0,0,0,0,0,998,1,0,0,12,6,2,12,0,0,0,1,47,37030,6,1,0,0,3,0,76,230,0,0,0,0,0,0,0,0,0,9,0,0,0,0,3,2,70,1,5,2,1,0,0,1,51,99,1,1,24,1,0
47,470338,2,2,1,8,6,21,0,12,1,1,0,93,3,82,881,82881,66,1999,1FUYSWEB5XLA,1,F,U,Y,S,W,E,B,5,X,L,A,1,1,57,01959133,5701959133,3,6,1,1,0,0,0,0,0,0,0,998,0,0,0,6,4,5,12,0,0,0,1,6,91306,6,1,6,0,3,0,71,160,0,0,0,0,3,9,2011,11,2013,9,24,0,0,0,3,2,70,1,5,2,1,0,0,1,53,99,1,1,25,0,0
47,470339,1,2,1,27,5,16,13,12,6,1,0,47,2,6,43,6043,1,2003,1C3EL55T03N5,1,C,3,E,L,5,5,T,0,3,N,5,0,0,0,000000000,00000000000,0,0,0,1,0,0,0,0,0,0,0,998,0,0,0,9,6,2,12,32,0,0,1,47,38478,6,1,0,0,3,0,73,200,0,0,0,0,0,0,0,0,0,0,38,0,0,0,1,2,55,2,1,2,1,20,3,11,15,1,1,1,82,1,0
47,470339,2,2,2,27,5,16,13,12,6,1,0,47,2,20,498,20498,30,1995,1GCFK29KXSE2,1,G,C,F,K,2,9,K,X,S,E,2,0,0,0,000000000,00000000000,0,0,0,1,0,0,0,0,0,0,0,998,0,0,0,12,6,2,12,0,0,0,1,47,38468,6,1,0,0,3,0,69,155,0,0,0,0,0,0,0,0,0,0,0,0,0,0,2,2,60,1,1,2,1,0,0,1,67,1,1,1,83,0,0
47,470340,1,2,5,31,5,14,20,12,1,1,0,36,4,7,442,7442,20,2013,2C4RDGCG0DR7,2,C,4,R,D,G,C,G,0,D,R,7,0,0,0,000000000,00000000000,0,0,0,1,0,0,0,0,0,0,0,998,0,0,0,6,4,5,12,0,0,0,1,47,37027,6,1,0,0,3,1,71,200,1,0,0,1,0,6,2012,12,2013,0,86,0,0,0,2,2,70,1,1,2,1,0,0,17,80,9,1,2,41,0,0
47,470340,2,2,1,31,5,14,20,12,1,1,0,13,2,12,471,12471,30,1999,1FTYR14X3XPB,1,F,T,Y,R,1,4,X,3,X,P,B,0,0,0,000000000,00000000000,0,0,0,1,0,0,0,0,0,0,0,998,0,0,0,12,6,2,8,0,0,0,1,47,37129,6,1,0,0,3,1,70,125,0,0,0,0,0,0,0,0,0,9,0,0,0,0,2,2,70,1,1,2,1,0,0,1,80,9,1,2,40,0,0
47,470341,1,1,1,31,5,16,26,1,0,1,0,47,0,98,709,98709,80,2005,KM4MP5178571,K,M,4,M,P,5,1,7,8,5,7,1,0,0,0,000000000,00000000000,0,0,0,1,0,0,0,0,0,0,0,998,0,0,0,0,6,2,1,0,0,0,1,47,37416,6,1,0,0,2,0,68,155,1,0,0,0,0,5,2012,5,2012,4,24,0,0,0,1,2,30,2,6,2,1,0,0,14,6,99,1,3,98,1,0
47,470342,1,3,1,7,6,15,30,12,2,1,0,47,2,50,705,50705,80,2010,SMTD00NS4AJ4,S,M,T,D,0,0,N,S,4,A,J,4,0,0,0,000000000,00000000000,0,0,0,1,0,0,0,0,0,0,0,998,0,0,0,12,6,2,12,0,0,0,1,47,37620,6,1,0,0,3,1,69,205,0,2,0,2,1,10,2011,4,2013,4,6,28,36,0,1,2,45,2,2,2,1,0,0,14,6,1,1,2,50,1,0
47,470342,2,3,1,7,6,15,30,12,2,1,0,47,3,49,482,49482,31,2010,5TFDW5F18AX1,5,T,F,D,W,5,F,1,8,A,X,1,0,0,0,000000000,00000000000,0,0,0,1,0,0,0,0,0,0,0,998,0,0,0,12,6,2,12,0,0,0,1,47,37640,6,1,6,0,3,1,66,150,0,0,0,0,0,0,0,0,0,0,0,0,0,0,1,2,45,3,2,2,1,0,0,14,62,7,1,1,51,0,0
47,470342,3,3,1,7,6,15,30,12,2,1,0,47,1,50,706,50706,80,2008,SMT700PD18T3,S,M,T,7,0,0,P,D,1,8,T,3,0,0,0,000000000,00000000000,0,0,0,1,0,0,0,0,0,0,0,998,0,0,0,12,6,2,54,0,0,0,1,47,37640,6,1,0,0,3,0,71,160,0,0,0,0,0,0,0,0,0,0,0,0,0,0,1,2,45,2,2,2,1,0,0,14,90,99,1,1,98,0,0
47,470343,1,1,2,9,6,14,11,1,0,1,0,47,2,20,402,20402,14,1992,2CNBE18U4N69,2,C,N,B,E,1,8,U,4,N,6,9,0,0,0,000000000,00000000000,0,0,0,1,0,0,0,0,0,0,0,998,0,2,1,0,6,2,1,0,0,0,1,17,60165,0,0,0,0,0,0,999,999,0,0,0,0,0,0,0,0,0,0,58,0,0,0,2,2,65,1,1,2,1,0,0,1,12,9,3,6,98,1,1
47,470344,1,2,1,9,6,13,49,12,6,1,0,47,2,41,471,41471,30,2003,4F4YR16V13TM,4,F,4,Y,R,1,6,V,1,3,T,M,0,0,0,000000000,00000000000,0,0,0,1,0,0,0,0,0,0,0,998,0,0,0,2,6,2,12,0,0,0,1,24,38340,6,1,0,0,3,1,66,200,0,0,0,0,0,0,0,0,0,0,38,0,0,0,2,3,55,1,2,2,1,21,3,11,15,1,1,1,68,1,0
47,470344,2,2,1,9,6,13,49,12,6,1,0,47,1,22,20,22020,4,2004,2G2WP5229412,2,G,2,W,P,5,2,2,9,4,1,2,0,0,0,000000000,00000000000,0,0,0,1,0,0,0,0,0,0,0,998,0,0,0,12,6,2,12,0,0,0,1,47,38334,0,0,0,0,0,0,71,150,0,0,0,0,1,5,2012,5,2012,0,0,0,0,0,2,3,55,1,2,2,1,0,0,1,66,99,1,1,69,0,0
47,470345,1,1,1,2,6,20,0,42,0,1,0,0,0,98,734,98734,90,2000,4UF00HTL6YT3,4,U,F,0,0,H,T,L,6,Y,T,3,0,0,0,000000000,00000000000,0,0,0,1,0,0,0,0,0,0,0,998,0,0,0,12,6,5,42,0,0,0,1,47,38544,0,0,0,0,1,0,67,161,0,0,0,0,0,0,0,0,0,0,0,0,0,0,1,2,55,1,6,2,1,0,0,1,13,99,1,4,1,1,0
47,470346,1,1,1,8,6,21,20,24,0,1,0,47,2,12,401,12401,14,1993,1FMDU32XXPUA,1,F,M,D,U,3,2,X,X,P,U,A,0,0,0,000000000,00000000000,0,0,0,1,0,0,0,0,0,0,0,998,0,0,0,3,6,2,42,0,0,0,1,47,37743,2,1,2,0,2,0,72,200,1,2,1,0,0,10,2013,4,2014,4,6,37,0,0,1,2,30,3,1,2,1,0,0,14,13,1,1,4,1,1,1
47,470347,1,1,1,13,5,99,99,1,0,1,1,47,2,73,705,73705,80,2000,JKAZX4J14YA0,J,K,A,Z,X,4,J,1,4,Y,A,0,0,0,0,000000000,00000000000,0,0,0,1,0,0,0,0,0,0,0,998,0,0,0,0,2,5,1,0,0,0,1,47,38231,1,1,0,0,2,0,74,165,0,0,0,0,0,0,0,0,0,0,0,0,0,0,1,2,55,1,1,2,1,0,0,1,12,99,9,4,6,1,1
47,470348,1,1,2,8,6,3,20,24,0,1,0,47,2,35,472,35472,30,2008,1N6AD06U28C4,1,N,6,A,D,0,6,U,2,8,C,4,0,0,0,000000000,00000000000,0,0,0,1,0,0,0,0,0,0,0,998,0,1,5,12,6,2,1,0,0,0,1,47,37663,1,1,0,0,2,0,63,145,0,2,0,0,0,7,2013,8,2013,0,0,0,0,0,2,2,70,1,1,2,1,0,0,1,13,99,9,4,1,1,1
47,470349,1,1,1,8,6,2,8,59,0,1,0,47,3,20,481,20481,31,2001,1GCHC23141F1,1,G,C,H,C,2,3,1,4,1,F,1,0,0,0,000000000,00000000000,0,0,0,1,0,0,0,0,0,0,0,998,0,1,5,1,6,2,52,0,0,0,1,47,37041,6,1,6,0,3,0,74,255,0,0,0,1,0,5,2013,5,2013,9,0,0,0,0,2,2,45,3,1,2,2,0,0,14,13,99,4,4,2,1,1
47,470350,1,1,2,25,5,18,2,33,0,1,0,47,1,20,481,20481,31,2000,2GCEK19TXY12,2,G,C,E,K,1,9,T,X,Y,1,2,0,0,0,000000000,00000000000,0,0,0,1,0,0,0,0,0,0,0,998,0,1,6,12,6,2,1,32,0,0,1,47,37218,6,1,0,0,3,0,66,304,0,0,0,0,0,0,0,0,0,0,0,0,0,0,5,5,50,1,1,2,1,0,0,1,12,1,1,4,6,1,0
47,470351,1,1,1,7,6,13,5,52,0,1,0,47,6,20,401,20401,14,2000,1GCCS1942YK1,1,G,C,C,S,1,9,4,2,Y,K,1,0,0,0,000000000,00000000000,0,0,0,1,0,0,0,0,0,0,0,998,0,0,0,5,4,3,52,0,0,0,0,0,99997,7,6,97,7,6,7,998,997,998,998,998,998,998,98,9998,98,9998,8,0,0,0,0,1,2,99,1,1,2,1,0,0,0,98,0,0,0,98,1,0
47,470352,1,1,1,11,6,21,58,33,0,1,0,47,1,72,706,72706,80,2007,1HD1BW5137Y0,1,H,D,1,B,W,5,1,3,7,Y,0,0,0,0,000000000,00000000000,0,0,0,1,0,0,0,0,0,0,0,998,0,0,0,1,6,2,33,0,0,0,1,28,38637,6,1,0,0,3,3,70,180,98,0,0,0,0,0,0,0,0,9,0,0,0,0,5,7,45,1,1,2,1,0,0,1,13,99,9,4,1,1,0
47,470353,1,2,3,6,6,9,45,12,1,1,0,47,2,63,33,63033,4,2006,KNAFE1218652,K,N,A,F,E,1,2,1,8,6,5,2,0,0,0,000000000,00000000000,0,0,0,1,0,0,0,0,0,0,0,998,0,0,0,12,6,2,12,0,0,0,1,47,38501,6,1,0,0,3,0,64,136,1,0,0,0,0,6,2014,6,2014,5,26,0,0,0,2,2,70,1,1,2,1,0,0,1,51,99,1,1,24,0,0
47,470353,2,2,1,6,6,9,45,12,1,1,0,47,2,23,401,23401,14,2000,1GKDT13W5Y22,1,G,K,D,T,1,3,W,5,Y,2,2,0,0,0,000000000,00000000000,0,0,0,1,0,0,0,0,0,0,0,998,0,1,1,6,6,2,1,0,0,1,1,47,38562,2,1,0,0,2,0,67,119,0,1,1,0,0,7,2011,7,2011,0,0,0,0,0,2,2,70,1,1,2,1,0,0,1,53,99,1,1,25,1,0
47,470354,1,1,1,7,6,11,57,42,0,1,0,47,2,12,471,12471,30,1996,1FTCR10A5TUD,1,F,T,C,R,1,0,A,5,T,U,D,0,0,0,000000000,00000000000,0,0,0,1,0,0,0,0,0,0,0,998,0,1,5,5,6,2,42,0,0,0,1,47,38506,6,1,0,0,3,0,67,115,0,0,0,0,0,0,0,0,0,4,28,58,0,0,1,2,35,2,6,2,1,0,0,14,12,8,4,4,7,1,0
47,470355,1,2,1,7,6,11,30,12,1,1,0,47,1,12,471,12471,30,1988,1FTCR14TXJPB,1,F,T,C,R,1,4,T,X,J,P,B,0,0,0,000000000,00000000000,0,0,0,1,0,0,0,0,0,0,0,998,0,0,0,6,6,2,12,0,0,0,1,47,38024,6,1,6,0,3,0,71,245,0,0,0,0,0,0,0,0,0,0,0,0,0,0,2,2,65,1,6,2,1,0,0,2,53,1,1,1,29,1,0
47,470355,2,2,3,7,6,11,30,12,1,1,0,47,1,24,401,24401,14,2005,5GZCZ53465S8,5,G,Z,C,Z,5,3,4,6,5,S,8,0,0,0,000000000,00000000000,0,0,0,1,0,0,0,0,0,0,0,998,0,0,0,12,6,2,12,0,0,0,1,47,38059,0,0,0,0,0,0,64,130,0,0,0,0,0,0,0,0,0,0,0,0,0,0,2,2,65,1,6,2,1,0,0,1,52,99,1,1,28,0,0
47,470356,1,1,1,13,6,0,30,42,0,1,0,47,1,12,481,12481,31,2000,1FTRX17W7YNB,1,F,T,R,X,1,7,W,7,Y,N,B,0,0,0,000000000,00000000000,0,0,0,1,0,0,0,0,0,0,0,998,0,0,0,9,6,2,42,0,0,0,1,47,37331,6,1,0,0,3,1,66,220,1,0,0,0,2,12,2013,3,2014,4,0,0,0,0,1,2,55,2,6,2,2,0,0,14,12,1,1,4,6,1,1
47,470357,1,2,2,13,6,19,24,1,0,1,0,47,1,76,706,76706,80,2002,JYARN10E42A0,J,Y,A,R,N,1,0,E,4,2,A,0,0,0,0,000000000,00000000000,0,0,0,1,0,0,0,0,0,0,0,998,0,0,0,0,6,2,12,0,0,0,1,47,37664,6,1,0,0,3,0,70,135,0,0,0,0,0,0,0,0,0,4,28,0,0,0,1,2,35,2,2,2,1,0,0,14,6,99,1,2,98,1,0
47,470357,2,2,2,13,6,19,24,1,0,1,0,47,2,49,40,49040,4,1994,4T1SK12E3RU3,4,T,1,S,K,1,2,E,3,R,U,3,0,0,0,000000000,00000000000,0,0,0,1,0,0,0,0,0,0,0,998,0,0,0,12,6,2,12,0,0,0,1,47,37660,6,1,0,0,3,0,69,165,0,0,0,1,0,6,2011,6,2011,0,0,0,0,0,1,2,35,3,2,2,1,0,0,14,62,99,1,1,98,0,0
47,470358,1,1,1,15,6,2,30,42,0,1,0,47,1,63,34,63034,4,2005,KNAGD126X553,K,N,A,G,D,1,2,6,X,5,5,3,0,0,0,000000000,00000000000,0,0,0,1,0,0,0,0,0,0,0,998,0,0,0,9,6,2,42,0,0,0,1,47,37857,6,1,0,0,3,3,73,169,1,0,0,1,0,2,2013,4,2014,3,0,0,0,0,1,2,45,1,1,2,1,0,0,1,13,1,3,4,2,1,0
47,470359,1,1,1,21,5,15,15,42,0,1,0,47,1,12,17,12017,4,2003,1FAFP55283A2,1,F,A,F,P,5,5,2,8,3,A,2,0,0,0,000000000,00000000000,0,0,0,1,0,0,0,0,0,0,0,77,0,1,5,9,6,2,42,0,0,0,1,47,38301,6,1,0,0,3,1,71,220,0,0,0,0,0,0,0,0,0,3,28,0,0,0,1,2,40,3,1,2,1,0,0,14,6,7,3,4,2,1,1
47,470360,1,3,2,12,6,14,30,12,6,1,0,47,1,12,17,12017,4,2000,1FAFP5522YG2,1,F,A,F,P,5,5,2,2,Y,G,2,0,0,0,000000000,00000000000,0,0,0,1,0,0,0,0,0,0,0,998,1,1,1,10,6,2,12,0,0,0,1,47,37188,6,1,0,0,3,0,72,125,0,0,0,0,0,0,0,0,0,0,0,0,0,0,2,4,70,1,1,2,1,0,0,1,12,9,3,7,64,1,0
47,470360,2,3,3,12,6,14,30,12,6,1,0,21,1,63,402,63402,14,2011,5XYKU3A16BG0,5,X,Y,K,U,3,A,1,6,B,G,0,0,0,0,000000000,00000000000,0,0,0,1,0,0,0,0,0,0,0,998,7,1,1,12,6,2,12,0,0,0,1,21,40165,6,1,0,0,3,0,71,185,1,0,0,0,0,1,2014,1,2014,0,84,0,0,0,2,2,70,1,1,2,1,0,0,1,64,99,9,1,65,0,0
47,470360,3,3,2,12,6,14,30,12,6,1,0,47,1,2,404,2404,14,2007,1J8GR48K57C6,1,J,8,G,R,4,8,K,5,7,C,6,0,0,0,000000000,00000000000,0,0,0,1,0,0,0,0,0,0,0,998,0,0,0,13,6,2,12,0,0,0,1,47,37072,6,1,0,0,3,0,67,138,0,0,0,0,0,0,0,0,0,0,0,0,0,0,2,2,70,1,1,2,1,0,0,1,98,99,1,1,98,0,0
47,470361,1,1,1,16,6,0,26,1,0,1,0,47,1,2,404,2404,14,2001,1J4FT48S81L5,1,J,4,F,T,4,8,S,8,1,L,5,0,0,0,000000000,00000000000,0,0,0,1,0,0,0,0,0,0,0,998,0,2,5,0,2,5,42,0,0,0,1,47,37804,6,1,0,0,3,0,62,150,0,0,0,1,0,6,2013,6,2013,4,28,0,0,0,1,2,35,2,1,2,1,0,0,14,12,3,4,4,98,1,1
47,470362,1,2,2,10,5,9,48,8,0,1,0,39,1,98,850,98850,65,2006,1RF434649620,1,R,F,4,3,4,6,4,9,6,2,0,1,1,0,000000000,00000000000,0,0,0,1,0,0,0,0,0,0,0,998,0,0,0,1,4,5,8,0,0,0,1,12,33037,6,1,0,0,3,0,70,999,0,0,0,0,0,0,0,0,0,0,36,41,0,0,3,4,70,1,2,2,1,4,3,1,80,1,1,1,13,0,0
47,470362,2,2,0,10,5,9,48,8,0,1,0,47,3,12,880,12880,67,2012,1FD0X4HY8CEB,1,F,D,0,X,4,H,Y,8,C,E,B,0,0,88,888888888,88888888888,2,1,97,1,0,0,0,0,0,13,0,998,0,0,0,7,4,5,12,40,0,0,0,0,99997,7,6,97,7,6,7,998,997,998,998,998,998,998,98,9998,98,9998,8,0,0,0,0,3,4,70,1,2,2,1,0,0,0,98,0,0,0,98,0,0
47,470363,1,3,1,9,6,16,53,12,6,1,0,47,2,22,18,22018,2,1999,1G2NW12E9XM7,1,G,2,N,W,1,2,E,9,X,M,7,0,0,0,000000000,00000000000,0,0,0,1,0,0,0,0,0,0,0,998,0,0,0,9,6,2,12,0,0,0,1,47,38116,2,1,2,0,2,0,67,230,0,1,0,0,0,8,2011,8,2011,3,6,36,58,0,5,7,45,1,1,2,2,0,0,6,10,1,3,2,98,1,0
47,470363,2,3,1,9,6,16,53,12,6,1,0,47,1,12,17,12017,4,2000,1FAFP5326YA2,1,F,A,F,P,5,3,2,6,Y,A,2,0,0,0,000000000,00000000000,0,0,0,1,0,0,0,0,0,0,0,998,0,0,0,1,6,2,12,0,0,0,1,47,38118,6,7,0,0,3,2,66,146,0,0,0,0,0,0,0,0,0,0,73,0,0,0,5,7,45,1,1,2,2,0,0,1,62,7,1,2,98,0,0
47,470363,3,3,2,9,6,16,53,12,6,1,0,1,2,34,401,34401,14,2001,WBAFA53591LM,W,B,A,F,A,5,3,5,9,1,L,M,0,0,0,000000000,00000000000,0,0,0,1,0,0,0,0,0,0,0,998,0,0,0,12,6,2,12,0,0,0,1,47,38111,6,1,0,0,3,0,70,148,0,0,0,1,0,2,2014,2,2014,0,0,0,0,0,5,7,45,1,1,2,2,0,0,1,98,99,1,1,98,0,0
47,470364,1,1,1,17,6,11,2,10,0,1,0,47,1,49,40,49040,4,2005,4T1BE32K45U0,4,T,1,B,E,3,2,K,4,5,U,0,0,0,0,000000000,00000000000,0,0,0,1,0,0,0,0,0,0,0,0,0,0,0,9,6,2,10,0,0,0,1,47,37813,6,1,0,0,3,1,63,142,2,0,0,0,0,6,2012,9,2013,0,39,0,0,0,1,2,99,1,2,2,1,65,3,5,98,1,1,1,98,1,0
47,470365,1,2,1,12,6,10,56,12,6,1,0,29,3,82,881,82881,66,2014,3AKJGHDV2ESF,3,A,K,J,G,H,D,V,2,E,S,F,1,1,57,00003706,5700003706,3,6,1,1,0,0,0,0,0,0,0,998,0,0,0,5,6,2,12,0,0,0,1,47,37367,6,1,6,0,3,0,70,205,0,0,0,0,0,0,0,0,0,0,38,89,0,0,5,5,45,1,1,1,1,0,0,11,15,1,1,1,68,0,0
47,470365,2,2,1,12,6,10,56,12,6,1,0,47,2,23,481,23481,31,1989,1GTDC14Z6KZ5,1,G,T,D,C,1,4,Z,6,K,Z,5,1,1,0,000000000,00000000000,0,0,0,1,0,0,0,0,0,0,0,998,3,0,0,12,6,2,12,0,0,0,1,47,37055,6,2,0,0,3,1,70,145,0,0,0,0,0,0,0,0,0,0,0,0,0,0,5,5,45,1,1,2,1,0,0,1,67,7,1,1,69,1,0
47,470366,1,1,1,16,6,13,30,17,0,1,0,47,1,49,32,49032,4,2011,2T1BU4EE6BC5,2,T,1,B,U,4,E,E,6,B,C,5,0,0,0,000000000,00000000000,0,0,0,1,0,0,0,0,0,0,0,998,0,0,0,12,6,2,17,32,0,0,1,47,37397,6,1,0,0,3,0,67,230,0,0,0,0,0,0,0,0,0,4,28,0,0,0,1,2,55,3,6,2,1,0,0,14,12,6,9,4,7,1,0
47,470367,1,3,1,16,6,15,0,12,6,1,0,47,1,20,482,20482,31,2002,3GNEK13T32G2,3,G,N,E,K,1,3,T,3,2,G,2,0,0,0,000000000,00000000000,0,0,0,1,0,0,0,0,0,0,0,998,0,1,1,12,6,2,12,0,0,0,1,47,38135,6,1,0,0,3,0,73,220,0,0,0,0,0,0,0,0,0,0,39,0,0,0,1,2,30,1,2,2,1,20,3,1,17,1,1,1,86,1,0
47,470367,2,3,2,16,6,15,0,12,6,1,0,47,3,20,481,20481,31,2013,1GCNCPEX1DZ2,1,G,C,N,C,P,E,X,1,D,Z,2,0,0,0,000000000,00000000000,0,0,0,1,0,0,0,0,0,0,0,998,0,1,1,3,6,2,12,0,0,0,1,47,38004,6,1,0,0,3,0,72,180,1,0,0,0,0,4,2014,4,2014,0,0,0,0,0,1,2,35,1,1,2,1,0,0,1,66,99,1,1,87,0,0
47,470367,3,3,2,16,6,15,0,12,6,1,0,47,1,49,43,49043,4,2007,4T1BK36B07U2,4,T,1,B,K,3,6,B,0,7,U,2,0,0,0,000000000,00000000000,0,0,0,1,0,0,0,0,0,0,0,998,2,0,0,12,6,2,12,0,0,0,1,47,38002,6,1,0,0,3,0,70,185,0,0,0,0,0,0,0,0,0,0,0,0,0,0,1,2,35,1,1,2,1,0,0,1,98,2,1,1,98,0,0
47,470368,1,1,4,13,6,17,45,8,0,1,0,12,3,7,442,7442,20,2013,2C4RDGCG6DR5,2,C,4,R,D,G,C,G,6,D,R,5,0,0,0,000000000,00000000000,0,0,0,1,0,0,0,0,0,0,0,998,0,0,0,12,4,5,8,0,0,0,1,47,37185,6,1,0,0,3,0,71,260,0,0,0,1,0,6,2013,6,2013,0,0,0,0,0,2,2,60,1,6,2,1,0,0,1,80,99,1,1,13,0,0
47,470369,1,1,1,1,6,10,36,42,0,1,0,47,1,7,482,7482,31,1998,1B7HC16Y7WS6,1,B,7,H,C,1,6,Y,7,W,S,6,0,0,0,000000000,00000000000,0,0,0,1,0,0,0,0,0,0,0,998,0,0,0,12,6,2,42,0,0,0,1,47,37355,6,1,0,0,3,3,70,175,0,0,0,0,0,0,0,0,0,0,0,0,0,0,1,2,55,1,1,2,1,0,0,1,12,1,1,4,6,1,0
47,470370,1,1,1,16,6,99,99,35,0,1,0,47,2,20,404,20404,14,2005,2CNDL73F7560,2,C,N,D,L,7,3,F,7,5,6,0,0,0,0,000000000,00000000000,0,0,0,1,0,0,0,0,0,0,0,998,0,1,5,12,6,2,1,0,0,0,1,47,37096,2,1,0,0,2,0,74,200,0,0,0,0,0,0,0,0,0,9,0,0,0,0,2,2,70,1,1,2,1,0,0,1,12,99,1,4,6,1,0
47,470371,1,2,1,15,6,1,55,12,1,1,0,0,0,37,734,37734,90,2007,000000000000,0,0,0,0,0,0,0,0,0,0,0,0,0,0,0,000000000,00000000000,0,0,0,1,0,0,0,0,0,0,0,998,0,1,1,12,6,2,1,0,0,0,1,47,38372,6,1,0,0,1,0,75,175,0,0,0,0,0,0,0,0,0,0,6,18,26,0,1,2,55,1,1,2,1,0,0,3,51,99,1,1,24,1,1
47,470371,2,2,1,15,6,1,55,12,1,1,0,0,0,98,734,98734,90,2013,000000000000,0,0,0,0,0,0,0,0,0,0,0,0,0,0,0,000000000,00000000000,0,0,0,1,0,0,0,0,0,0,0,998,0,0,0,6,6,2,12,0,0,0,1,47,38475,6,1,0,0,1,0,73,200,1,0,0,0,0,8,2013,8,2013,9,99,99,99,99,1,2,55,1,1,2,1,0,0,2,53,1,1,1,25,0,0
47,470372,1,1,1,14,6,17,30,35,0,1,0,92,0,20,431,20431,16,1997,3GNFK16R7VG1,3,G,N,F,K,1,6,R,7,V,G,1,0,0,0,000000000,00000000000,0,0,0,1,0,0,0,0,0,0,0,998,0,1,5,98,6,2,1,0,0,0,1,47,37135,2,1,2,0,2,3,72,210,0,0,0,0,0,0,0,0,0,9,28,58,0,0,1,2,45,1,3,2,1,0,0,1,12,8,4,4,7,1,1
47,470373,1,1,1,22,6,4,20,53,0,1,0,47,1,20,481,20481,31,2006,2GCEK13T8612,2,G,C,E,K,1,3,T,8,6,1,2,0,0,0,000000000,00000000000,0,0,0,1,0,0,0,0,0,0,0,998,0,1,5,12,6,2,1,0,0,0,1,47,37087,6,1,0,0,3,0,73,290,0,0,0,0,0,0,0,0,0,0,0,0,0,0,1,2,55,1,1,2,1,0,0,1,12,1,1,4,6,1,1
47,470374,1,2,3,12,6,15,57,12,1,1,0,47,2,22,18,22018,4,2003,1G2NF52E93M7,1,G,2,N,F,5,2,E,9,3,M,7,0,0,0,000000000,00000000000,0,0,0,1,0,0,0,0,0,0,0,0,0,0,0,6,6,2,12,0,0,0,1,47,38063,6,1,0,0,3,1,65,260,0,0,0,0,0,0,0,0,0,0,0,0,0,0,1,2,50,3,1,2,1,0,0,5,53,1,1,1,21,1,0
47,470374,2,2,1,12,6,15,57,12,1,1,0,47,1,3,402,3402,14,2008,5GTEN13E2881,5,G,T,E,N,1,3,E,2,8,8,1,0,0,0,000000000,00000000000,0,0,0,1,0,0,0,0,0,0,0,998,0,1,1,12,6,2,12,0,0,0,1,47,38037,6,1,0,0,3,1,70,175,0,0,0,0,0,0,0,0,0,0,26,0,0,0,1,2,50,3,1,2,1,0,0,14,50,99,1,3,20,0,0