STATE,ST_CASE,VEH_NO,VE_FORMS,NUMOCCS,DAY,MONTH,HOUR,MINUTE,HARM_EV,MAN_COLL,UNITTYPE,HIT_RUN,REG_STAT,OWNER,MAKE,MODEL,MAK_MOD,BODY_TYP,MOD_YEAR,VIN,VIN_1,VIN_2,VIN_3,VIN_4,VIN_5,VIN_6,VIN_7,VIN_8,VIN_9,VIN_10,VIN_11,VIN_12,TOW_VEH,J_KNIFE,MCARR_I1,MCARR_I2,MCARR_ID,GVWR,V_CONFIG,CARGO_BT,HAZ_INV,HAZ_PLAC,HAZ_ID,HAZ_CNO,HAZ_REL,BUS_USE,SPEC_USE,EMER_USE,TRAV_SP,UNDERIDE,ROLLOVER,ROLINLOC,IMPACT1,DEFORMED,TOWED,M_HARM,VEH_SC1,VEH_SC2,FIRE_EXP,DR_PRES,L_STATE,DR_ZIP,L_STATUS,L_TYPE,CDL_STAT,L_ENDORS,L_COMPL,L_RESTRI,DR_HGT,DR_WGT,PREV_ACC,PREV_SUS,PREV_DWI,PREV_SPD,PREV_OTH,FIRST_MO,FIRST_YR,LAST_MO,LAST_YR,SPEEDREL,DR_SF1,DR_SF2,DR_SF3,DR_SF4,VTRAFWAY,VNUM_LAN,VSPD_LIM,VALIGN,VPROFILE,VPAVETYP,VSURCOND,VTRAFCON,VTCONT_F,P_CRASH1,P_CRASH2,P_CRASH3,PCRASH4,PCRASH5,ACC_TYPE,DEATHS,DR_DRINK
47,470535,1,2,1,26,7,14,10,12,2,1,0,5,2,53,706,53706,80,2009,JS1GX72A0921,J,S,1,G,X,7,2,A,0,9,2,1,0,0,0,000000000,00000000000,0,0,0,1,0,0,0,0,0,0,0,998,0,0,0,12,6,2,12,0,0,0,1,5,72327,6,1,6,0,3,0,69,193,0,0,0,1,2,8,2012,2,2014,4,0,0,0,0,5,5,40,2,1,2,1,0,0,14,6,99,9,2,50,1,0
47,470535,2,2,1,26,7,14,10,12,2,1,0,47,1,12,16,12016,4,2002,2FAFP74W12X1,2,F,A,F,P,7,4,W,1,2,X,1,0,0,0,000000000,00000000000,0,0,0,1,0,0,0,0,0,0,0,998,0,0,0,12,6,2,12,0,0,0,1,47,38127,6,1,0,0,3,0,70,260,0,0,0,0,0,0,0,0,0,0,0,0,0,0,5,5,40,3,1,2,1,0,0,14,62,99,1,1,51,0,0
47,470536,1,2,2,16,8,9,18,12,6,1,0,47,1,72,706,72706,80,2009,1HD1KB4119Y6,1,H,D,1,K,B,4,1,1,9,Y,6,0,0,0,000000000,00000000000,0,0,0,1,0,0,0,0,0,0,0,998,0,0,0,12,6,2,12,0,0,0,1,47,38343,6,1,0,0,3,0,75,200,1,0,0,0,0,10,2013,10,2013,0,0,0,0,0,1,2,30,1,1,2,1,0,0,1,67,99,1,1,83,1,0
47,470536,2,2,1,16,8,9,18,12,6,1,0,47,2,69,54,69054,3,2008,WMWML33578TN,W,M,W,M,L,3,3,5,7,8,T,N,0,0,0,000000000,00000000000,0,0,0,1,0,0,0,0,0,0,0,998,0,0,0,10,6,2,12,0,0,0,1,47,38305,6,2,0,0,3,3,61,100,0,0,0,0,0,0,0,0,0,0,36,0,0,0,1,3,30,1,1,2,1,20,3,11,15,2,1,1,82,0,0
47,470537,1,1,1,15,8,3,30,21,0,1,0,93,3,82,881,82881,66,2012,1FUJGEDV5CLB,1,F,U,J,G,E,D,V,5,C,L,B,1,1,57,00330006,5700330006,3,6,2,2,2,1991,3,2,0,0,0,998,0,0,0,83,6,2,21,0,0,1,1,47,38401,6,1,6,1,3,3,71,235,0,0,0,0,0,0,0,0,0,9,99,99,99,99,3,2,60,1,1,2,1,0,0,1,13,99,9,4,1,1,0
47,470538,1,2,1,7,8,10,55,12,6,1,0,47,2,37,32,37032,2,1997,1HGCD7208VA0,1,H,G,C,D,7,2,0,8,V,A,0,0,0,0,000000000,00000000000,0,0,0,1,0,0,0,0,0,0,0,998,0,0,0,3,6,2,12,0,0,0,1,47,37355,6,1,0,0,3,0,64,113,0,0,0,3,3,3,2012,6,2014,0,38,0,0,0,2,3,45,1,1,2,1,0,0,11,15,99,1,1,68,1,0
47,470538,2,2,1,7,8,10,55,12,6,1,0,47,1,63,37,63037,6,2011,KNDJT2A26B72,K,N,D,J,T,2,A,2,6,B,7,2,0,0,0,000000000,00000000000,0,0,0,1,0,0,0,0,0,0,0,998,0,0,0,12,6,2,12,0,0,0,1,47,37398,6,1,0,0,3,0,73,186,0,0,0,0,0,0,0,0,0,0,0,0,0,0,2,3,65,1,1,2,1,0,0,1,62,99,1,3,69,0,0
47,470539,1,2,1,15,8,16,47,53,0,1,0,47,4,7,482,7482,31,2014,1C6RR6GT1ES2,1,C,6,R,R,6,G,T,1,E,S,2,0,0,0,000000000,00000000000,0,0,0,1,0,0,0,0,0,0,0,998,0,0,0,11,6,2,42,0,0,0,1,47,37165,6,1,0,0,3,0,67,215,2,0,0,0,0,1,2013,3,2014,0,0,0,0,0,1,2,55,1,5,2,1,0,0,1,12,99,1,4,6,1,0
47,470539,2,2,1,15,8,16,47,53,0,1,0,47,1,7,482,7482,31,2012,3C6JD6AT8CG2,3,C,6,J,D,6,A,T,8,C,G,2,0,0,0,000000000,00000000000,0,0,0,1,0,0,0,0,0,0,0,998,0,0,0,1,2,5,54,32,0,0,1,47,37040,6,1,0,0,3,1,70,175,0,1,0,1,0,6,2012,12,2013,0,0,0,0,0,1,2,55,1,6,2,1,0,0,1,90,99,1,1,98,0,0
47,470540,1,2,3,15,8,17,26,12,6,1,0,47,2,20,481,20481,31,1986,1GCDC14N4GF4,1,G,C,D,C,1,4,N,4,G,F,4,0,0,0,000000000,00000000000,0,0,0,1,0,0,0,0,0,0,0,998,0,1,1,12,6,2,12,0,0,0,1,47,38478,6,1,0,0,3,0,72,320,0,0,0,0,0,0,0,0,0,0,39,0,0,0,2,3,65,1,1,2,1,1,3,1,17,99,1,1,88,1,1
47,470540,2,2,1,15,8,17,26,12,6,1,0,1,1,12,3,12003,1,1996,1FALP45X6TF2,1,F,A,L,P,4,5,X,6,T,F,2,0,0,0,000000000,00000000000,0,0,0,1,0,0,0,0,0,0,0,998,0,0,0,11,6,2,12,0,0,0,1,1,35806,6,1,0,0,3,0,71,200,0,0,0,1,0,10,2011,10,2011,0,0,0,0,0,1,3,55,1,1,2,1,1,3,1,66,99,1,1,89,0,0
47,470541,1,4,2,8,7,13,35,12,1,1,0,27,1,6,43,6043,1,2008,1C3LC45K98N6,1,C,3,L,C,4,5,K,9,8,N,6,0,0,0,000000000,00000000000,0,0,0,1,0,0,0,0,0,0,0,998,2,0,0,12,6,2,12,0,0,0,1,27,56364,6,1,6,0,3,0,68,218,0,0,0,0,0,0,0,0,0,0,6,26,0,0,2,2,55,1,1,2,1,40,3,15,50,1,1,2,20,0,0
47,470541,2,4,4,8,7,13,35,12,1,1,0,47,1,12,401,12401,14,2002,1FMZU73E22ZC,1,F,M,Z,U,7,3,E,2,2,Z,C,0,0,0,000000000,00000000000,0,0,0,1,0,0,0,0,0,0,0,0,7,0,0,6,6,2,12,0,0,0,1,53,37042,6,1,0,0,3,1,71,180,0,0,0,0,0,0,0,0,0,0,24,0,0,0,2,2,55,1,1,2,1,40,3,5,53,1,1,1,21,1,0
47,470541,3,4,1,8,7,13,35,12,1,1,0,17,1,53,41,53041,4,2011,JS2RE9A19B61,J,S,2,R,E,9,A,1,9,B,6,1,0,0,0,000000000,00000000000,0,0,0,1,0,0,0,0,0,0,0,0,0,0,0,6,6,2,12,0,0,0,1,17,37080,6,1,0,0,3,1,65,125,0,0,0,2,0,7,2012,4,2013,0,0,0,0,0,2,2,55,1,1,2,1,40,3,5,53,1,1,1,98,0,0
47,470541,4,4,2,8,7,13,35,12,1,1,0,1,1,49,32,49032,4,2005,JTDBR32E0500,J,T,D,B,R,3,2,E,0,5,0,0,0,0,0,000000000,00000000000,0,0,0,1,0,0,0,0,0,0,0,0,0,0,0,6,2,5,12,0,0,0,1,1,36106,6,1,0,0,3,0,72,175,0,0,0,0,0,0,0,0,0,0,0,0,0,0,2,2,55,1,1,2,1,40,3,5,53,1,1,1,98,0,0
47,470542,1,1,1,4,8,20,22,33,0,1,0,47,1,37,704,37704,80,1975,00000CB55012,0,0,0,0,0,C,B,5,5,0,1,2,0,0,0,000000000,00000000000,0,0,0,1,0,0,0,0,0,0,0,998,0,0,0,12,6,2,53,0,0,0,1,47,37211,2,1,2,0,2,0,73,175,0,1,0,0,2,6,2012,6,2014,3,0,0,0,0,1,2,30,2,1,2,1,0,0,14,6,3,2,4,7,1,1
47,470543,1,2,1,12,8,7,5,1,0,1,0,47,1,72,706,72706,80,2002,1HD1GEV132K4,1,H,D,1,G,E,V,1,3,2,K,4,0,0,0,000000000,00000000000,0,0,0,1,0,0,0,0,0,0,0,998,0,0,0,0,6,2,12,0,0,0,1,47,38355,6,1,0,0,3,0,71,200,0,0,0,0,0,0,0,0,0,0,0,0,0,0,1,6,55,1,1,2,1,1,3,1,62,98,1,3,98,1,0
47,470543,2,2,1,12,8,7,5,1,0,1,0,47,2,20,441,20441,20,1991,1GBDM15Z5MB1,1,G,B,D,M,1,5,Z,5,M,B,1,0,0,0,000000000,00000000000,0,0,0,1,0,0,0,0,0,0,0,998,7,0,0,2,4,3,12,0,0,0,1,47,38343,6,1,0,0,3,0,66,115,0,0,0,0,0,0,0,0,0,0,38,0,0,0,1,6,55,1,1,2,1,1,3,11,15,99,1,1,98,0,0
47,470544,1,1,1,15,8,15,15,17,0,1,0,47,1,37,31,37031,4,2004,2HGES16304HS,2,H,G,E,S,1,6,3,0,4,H,S,0,0,0,000000000,00000000000,0,0,0,1,0,0,0,0,0,0,0,998,0,1,5,7,6,2,42,0,0,0,1,48,37416,6,1,0,0,3,9,68,323,1,0,0,0,0,10,2013,10,2013,3,27,36,0,0,2,2,55,2,5,2,1,0,0,6,6,7,5,4,2,1,1
47,470545,1,1,1,18,8,14,0,53,0,1,0,47,1,34,401,34401,14,2003,5UXFA535X3LV,5,U,X,F,A,5,3,5,X,3,L,V,0,0,0,000000000,00000000000,0,0,0,1,0,0,0,0,0,0,0,998,0,0,0,12,6,2,19,0,0,0,1,47,38116,6,1,0,0,3,0,74,210,0,0,0,0,0,0,0,0,0,9,0,0,0,0,5,5,40,1,1,2,1,0,0,1,12,1,1,4,6,1,0
47,470546,1,1,2,16,8,10,47,42,0,1,0,47,2,12,37,12037,4,2011,1FAHP3FN8BW1,1,F,A,H,P,3,F,N,8,B,W,1,0,0,0,000000000,00000000000,0,0,0,1,0,0,0,0,0,0,0,998,0,1,5,12,6,2,42,0,0,1,1,48,37052,6,1,0,0,3,0,999,999,0,0,0,0,0,0,0,0,0,0,28,0,0,0,1,2,45,1,1,2,1,0,0,1,12,1,1,4,6,2,0
47,470548,1,1,1,17,8,3,25,1,0,1,0,47,1,20,421,20421,15,2005,1GNEK13T45R1,1,G,N,E,K,1,3,T,4,5,R,1,0,0,0,000000000,00000000000,0,0,0,1,0,0,0,0,0,0,0,998,0,2,1,0,6,2,1,0,0,0,1,47,37303,6,1,0,0,3,0,68,160,0,0,0,1,0,12,2012,12,2012,0,28,58,0,0,6,1,70,2,6,1,1,40,3,14,12,9,3,6,98,1,1
47,470549,1,3,1,4,8,13,53,12,2,1,0,47,2,35,47,35047,4,2002,1N4AL11D92C7,1,N,4,A,L,1,1,D,9,2,C,7,0,0,0,000000000,00000000000,0,0,0,1,0,0,0,0,0,0,0,998,0,0,0,12,6,2,12,0,0,0,1,47,38116,6,1,0,0,3,3,74,190,0,0,0,0,0,0,0,0,0,9,99,99,99,99,5,7,40,1,1,2,1,2,3,11,15,1,1,1,68,0,0
47,470549,2,3,1,4,8,13,53,12,2,1,0,47,1,12,37,12037,4,2010,1FAHP3ENXAW2,1,F,A,H,P,3,E,N,X,A,W,2,0,0,0,000000000,00000000000,0,0,0,1,0,0,0,0,0,0,0,998,0,0,0,12,6,2,12,32,0,0,1,47,38106,6,1,0,0,3,0,65,165,0,0,0,0,0,0,0,0,0,0,0,0,0,0,5,7,40,1,1,2,1,2,3,1,67,99,1,1,69,1,0
47,470549,3,3,1,4,8,13,53,12,2,1,0,47,3,58,37,58037,4,2006,JNKCV51E96M5,J,N,K,C,V,5,1,E,9,6,M,5,0,0,0,000000000,00000000000,0,0,0,1,0,0,0,0,0,0,0,0,0,0,0,7,4,5,12,0,0,0,1,47,38261,6,1,0,0,3,0,66,155,0,0,0,0,0,0,0,0,0,0,0,0,0,0,5,7,40,1,1,2,1,2,3,5,62,1,1,1,98,0,0
47,470550,1,1,1,21,8,2,30,35,0,1,0,47,1,20,481,20481,31,2003,1GCEC14XX3Z1,1,G,C,E,C,1,4,X,X,3,Z,1,0,0,0,000000000,00000000000,0,0,0,1,0,0,0,0,0,0,0,998,0,1,5,12,6,2,1,0,0,0,1,47,37663,6,1,0,0,3,0,70,155,0,0,0,0,0,0,0,0,0,0,0,0,0,0,1,2,45,1,1,2,2,0,0,1,12,3,2,4,6,1,1
47,470551,1,1,1,16,8,13,40,5,0,1,0,12,1,53,706,53706,80,2008,JS1GX72A9821,J,S,1,G,X,7,2,A,9,8,2,1,0,0,0,000000000,00000000000,0,0,0,1,0,0,0,0,0,0,0,998,0,0,0,0,4,3,52,0,0,0,1,12,37040,1,1,5,0,2,0,72,999,0,1,0,0,0,3,2014,3,2014,3,0,0,0,0,1,2,35,3,1,2,1,0,0,14,6,3,1,4,0,1,0
47,470552,1,1,1,13,8,1,30,42,0,1,0,47,1,20,22,20022,4,2008,1G1AK58F3871,1,G,1,A,K,5,8,F,3,8,7,1,0,0,0,000000000,00000000000,0,0,0,1,0,0,0,0,0,0,0,998,0,0,0,12,6,2,42,0,0,0,1,47,37825,6,1,0,0,3,0,63,105,0,0,0,0,1,4,2013,4,2013,0,0,0,0,0,5,5,55,1,1,2,1,0,0,1,13,1,1,4,1,1,0
47,470553,1,1,1,15,8,22,0,8,0,1,1,99,9,99,999,99999,99,9999,999999999999,9,9,9,9,9,9,9,9,9,9,9,9,9,0,0,000000000,00000000000,0,0,0,1,0,0,0,0,0,0,0,998,0,0,0,99,9,5,8,99,99,0,1,99,99999,9,9,99,9,9,9,999,999,99,99,99,99,99,99,9999,99,9999,9,99,99,99,99,1,3,30,1,1,2,1,40,3,99,82,99,9,9,6,0,0
47,470554,1,1,1,16,8,19,0,34,0,1,0,0,0,37,733,37733,90,2002,478TE214X243,4,7,8,T,E,2,1,4,X,2,4,3,0,0,0,000000000,00000000000,0,0,0,1,0,0,0,0,0,0,0,998,0,0,0,12,6,2,34,0,0,0,1,47,38024,6,1,0,0,1,0,72,215,0,0,0,0,0,0,0,0,0,0,18,0,0,0,1,2,55,1,1,4,1,0,0,1,13,3,1,4,1,1,1
47,470555,1,2,1,20,8,13,25,12,6,1,0,47,1,12,481,12481,31,1993,1FTDF15N0PNB,1,F,T,D,F,1,5,N,0,P,N,B,0,0,0,000000000,00000000000,0,0,0,1,0,0,0,0,0,0,0,998,0,0,0,1,6,2,12,32,0,0,1,47,38570,6,1,0,0,3,0,70,175,0,0,0,0,0,0,0,0,0,0,39,48,0,0,1,4,45,1,1,2,1,1,3,11,15,1,1,1,68,1,0
47,470555,2,2,1,20,8,13,25,12,6,1,0,47,3,86,881,86881,66,1996,1M3AA15K0TW0,1,M,3,A,A,1,5,K,0,T,W,0,1,1,57,00061581,5700061581,3,6,1,1,0,0,0,0,0,0,0,998,0,0,0,12,6,2,12,0,0,0,1,21,42717,6,1,6,0,3,0,71,190,0,0,0,0,0,0,0,0,0,0,0,0,0,0,1,4,45,1,1,2,1,0,0,1,67,7,9,1,69,0,0
47,470556,1,1,3,8,8,15,8,35,0,1,0,47,1,52,37,52037,3,2003,4A3AC44G13E2,4,A,3,A,C,4,4,G,1,3,E,2,0,0,0,000000000,00000000000,0,0,0,1,0,0,0,0,0,0,0,998,0,1,5,12,6,2,1,0,0,0,1,47,37890,6,1,0,0,3,1,71,147,0,0,0,0,0,0,0,0,0,4,0,0,0,0,2,2,55,3,2,2,2,0,0,14,6,3,3,4,2,1,0
47,470557,1,1,1,18,8,15,30,30,0,1,0,47,1,22,20,22020,4,1995,1G2WJ52M5SF2,1,G,2,W,J,5,2,M,5,S,F,2,0,0,0,000000000,00000000000,0,0,0,1,0,0,0,0,0,0,0,998,0,0,0,12,6,2,30,32,0,0,1,47,38574,6,1,0,0,3,0,68,150,0,0,0,0,0,0,0,0,0,0,0,0,0,0,1,2,45,1,1,2,1,0,0,1,13,1,1,4,1,1,0
47,470558,1,1,1,21,8,23,47,52,0,1,0,47,1,72,706,72706,80,2013,1HD1KEM16DB6,1,H,D,1,K,E,M,1,6,D,B,6,0,0,0,000000000,00000000000,0,0,0,1,0,0,0,0,0,0,0,998,0,0,0,1,6,2,52,0,0,0,1,47,38127,6,1,0,0,2,3,70,210,1,0,0,2,0,10,2011,12,2013,0,36,0,0,0,3,4,45,1,1,2,1,0,0,1,13,1,1,4,1,1,0
47,470559,1,2,1,22,8,17,0,12,2,1,0,47,2,49,43,49043,4,1995,4T1GB11E7SU0,4,T,1,G,B,1,1,E,7,S,U,0,0,0,0,000000000,00000000000,0,0,0,1,0,0,0,0,0,0,0,998,0,0,0,12,6,2,12,0,0,0,1,47,38018,6,1,0,0,3,1,71,230,1,0,0,0,0,12,2013,12,2013,0,6,0,0,0,2,2,55,1,1,2,1,0,0,1,12,99,9,7,50,1,0
47,470559,2,2,3,22,8,17,0,12,2,1,0,47,1,23,421,23421,15,2003,1GKEC13Z23J1,1,G,K,E,C,1,3,Z,2,3,J,1,0,0,0,000000000,00000000000,0,0,0,1,0,0,0,0,0,0,0,998,0,1,1,12,6,2,12,0,0,0,1,47,38016,6,1,0,0,3,0,72,220,1,0,0,0,0,11,2012,11,2012,0,0,0,0,0,2,2,55,1,1,2,1,0,0,1,62,99,1,1,51,0,0
47,470560,1,1,1,23,8,1,16,34,0,1,0,47,2,37,31,37031,4,2002,2HGES25812H6,2,H,G,E,S,2,5,8,1,2,H,6,0,0,0,000000000,00000000000,0,0,0,1,0,0,0,0,0,0,0,998,0,1,5,12,6,2,34,0,0,0,1,47,37848,1,1,0,0,2,0,71,205,0,1,0,0,0,2,2013,2,2013,9,99,99,99,99,2,2,45,1,5,2,1,0,0,1,13,1,1,4,1,1,0
47,470561,1,1,1,23,8,19,20,33,0,1,0,47,1,37,706,37706,80,2004,JH2SC57004M0,J,H,2,S,C,5,7,0,0,4,M,0,0,0,0,000000000,00000000000,0,0,0,1,0,0,0,0,0,0,0,998,0,0,0,12,6,2,33,0,0,0,1,47,38116,6,1,0,0,3,0,71,160,1,0,0,2,0,7,2012,6,2014,4,6,36,0,0,1,5,40,2,6,1,1,0,0,14,6,99,9,4,7,1,0
47,470562,1,3,1,9,8,22,58,12,2,1,0,16,1,72,706,72706,80,2002,1HD1FDV1X2Y6,1,H,D,1,F,D,V,1,X,2,Y,6,0,0,0,000000000,00000000000,0,0,0,1,0,0,0,0,0,0,0,998,0,0,0,12,6,2,12,0,0,0,1,16,83835,6,1,0,0,3,0,70,190,0,0,0,0,0,0,0,0,0,0,28,0,0,0,5,3,50,1,6,2,1,0,0,1,10,1,1,2,50,1,1
47,470562,2,3,1,9,8,22,58,12,2,1,0,47,2,55,35,55035,4,2007,KMHDU46DX7U0,K,M,H,D,U,4,6,D,X,7,U,0,0,0,0,000000000,00000000000,0,0,0,1,0,0,0,0,0,0,0,998,0,0,0,12,6,2,12,0,0,0,1,47,37040,6,1,0,0,3,0,66,125,0,0,0,0,0,0,0,0,0,0,0,0,0,0,5,3,50,1,5,2,1,0,0,1,62,99,1,1,51,0,0
47,470562,3,3,3,9,8,22,58,12,2,1,0,47,3,13,1,13001,12,1998,1L1FM81W7WY6,1,L,1,F,M,8,1,W,7,W,Y,6,0,0,0,000000000,00000000000,0,0,0,1,0,0,0,0,0,0,0,998,0,0,0,14,6,2,73,0,0,0,1,47,38222,6,1,6,1,3,3,70,230,0,0,0,0,0,0,0,0,0,0,0,0,0,0,5,3,50,1,6,2,1,0,0,1,90,99,1,1,98,0,0
47,470563,1,1,1,25,8,20,50,42,0,1,0,47,1,37,32,37032,2,2002,1HGCG32782A0,1,H,G,C,G,3,2,7,8,2,A,0,0,0,0,000000000,00000000000,0,0,0,1,0,0,0,0,0,0,0,998,0,0,0,11,6,2,42,0,0,0,1,47,37604,6,1,0,0,3,0,67,135,0,0,0,0,0,0,0,0,0,4,0,0,0,0,1,2,35,1,5,2,1,0,0,1,6,1,1,4,6,1,0
47,470564,1,1,1,25,8,21,46,9,0,1,0,47,2,22,20,22020,4,1999,1G2WP52K6XF3,1,G,2,W,P,5,2,K,6,X,F,3,0,0,0,000000000,00000000000,0,0,0,1,0,0,0,0,0,0,0,998,0,0,0,12,6,2,9,0,0,0,1,47,37322,1,1,0,0,2,0,73,300,0,0,0,0,0,0,0,0,0,0,0,0,0,0,5,5,35,1,1,2,1,0,0,1,83,3,1,1,13,0,0
47,470565,1,2,1,22,8,20,56,12,2,1,0,48,2,7,28,7028,2,2010,2B3CJ4DV3AH3,2,B,3,C,J,4,D,V,3,A,H,3,0,0,0,000000000,00000000000,0,0,0,1,0,0,0,0,0,0,0,998,0,0,0,12,6,2,12,0,0,0,1,48,75426,6,1,0,0,3,0,999,999,0,0,0,0,0,0,0,0,0,0,4,51,0,0,3,2,65,1,2,2,1,0,0,1,98,1,1,1,52,0,0
47,470565,2,2,3,22,8,20,56,12,2,1,0,47,1,49,32,49032,4,2013,2T1BU4EE0DC0,2,T,1,B,U,4,E,E,0,D,C,0,0,0,0,000000000,00000000000,0,0,0,1,0,0,0,0,0,0,0,998,0,0,0,12,6,2,12,0,0,0,1,17,60452,6,1,0,0,3,1,68,150,0,0,0,0,0,0,0,0,0,0,0,0,0,0,3,2,65,1,2,2,1,0,0,1,54,99,1,1,52,1,0
47,470566,1,1,1,24,8,2,25,33,0,1,0,47,2,18,2,18002,4,1995,1G4HP52L9SH4,1,G,4,H,P,5,2,L,9,S,H,4,0,0,0,000000000,00000000000,0,0,0,1,0,0,0,0,0,0,0,998,0,0,0,12,6,2,42,0,0,1,1,47,38122,6,1,0,0,3,0,72,250,1,0,0,1,0,3,2012,6,2012,4,6,36,0,0,1,5,35,3,1,2,1,0,0,14,6,1,1,4,1,1,0
47,470567,1,1,1,16,6,19,9,8,0,1,0,47,2,63,402,63402,14,2008,KNDJD7351858,K,N,D,J,D,7,3,5,1,8,5,8,0,0,0,000000000,00000000000,0,0,0,1,0,0,0,0,0,0,0,998,0,0,0,6,0,3,8,0,0,0,1,47,37777,6,1,0,0,3,0,69,236,0,0,0,0,1,7,2013,7,2013,0,0,0,0,0,1,2,15,1,1,2,1,0,0,9,80,99,1,1,92,0,0
47,470568,1,1,2,10,8,0,50,42,0,1,0,47,2,63,31,63031,4,2001,KNAFB1212150,K,N,A,F,B,1,2,1,2,1,5,0,0,0,0,000000000,00000000000,0,0,0,1,0,0,0,0,0,0,0,998,0,0,0,10,6,2,42,0,0,0,1,47,38425,6,1,0,0,3,0,70,195,0,0,0,0,0,0,0,0,0,0,28,0,0,0,1,2,55,2,1,2,2,0,0,14,6,3,2,4,7,1,1
47,470569,1,2,1,19,8,7,55,12,6,1,0,47,1,49,40,49040,4,2009,4T1BE46K29U8,4,T,1,B,E,4,6,K,2,9,U,8,0,0,0,000000000,00000000000,0,0,0,1,0,0,0,0,0,0,0,998,0,0,0,3,6,2,12,0,0,0,1,47,37012,6,1,0,0,3,0,64,180,0,0,0,0,0,0,0,0,0,0,28,87,0,0,5,5,45,3,5,2,2,0,0,14,6,1,1,2,64,1,0
47,470569,2,2,1,19,8,7,55,12,6,1,0,47,1,55,401,55401,14,2009,5NMSH13E59H2,5,N,M,S,H,1,3,E,5,9,H,2,0,0,0,000000000,00000000000,0,0,0,1,0,0,0,0,0,0,0,998,0,0,0,12,6,2,12,0,0,0,1,47,38587,6,1,0,0,3,0,67,148,0,0,0,1,1,3,2012,1,2013,0,0,0,0,0,5,5,45,2,6,2,2,0,0,14,62,7,1,2,65,0,0
47,470570,1,1,1,22,8,15,30,43,0,1,0,0,0,37,734,37734,90,2001,478TE2209142,4,7,8,T,E,2,2,0,9,1,4,2,0,0,0,000000000,00000000000,0,0,0,1,0,0,0,0,0,0,0,998,0,1,6,12,6,2,43,0,0,0,1,47,37013,6,1,0,0,1,0,69,185,0,1,1,0,0,8,2012,8,2012,0,18,0,0,0,1,2,35,2,2,2,1,0,0,14,12,3,9,4,6,1,1
47,470571,1,2,2,10,8,99,99,12,2,1,0,47,1,7,482,7482,31,2009,1D3HB13T19S7,1,D,3,H,B,1,3,T,1,9,S,7,0,0,0,000000000,00000000000,0,0,0,1,0,0,0,0,0,0,0,998,0,0,0,12,6,2,12,0,0,0,1,47,38501,6,1,0,0,3,3,74,195,1,0,0,1,0,10,2012,11,2013,0,87,0,0,0,2,2,65,1,1,2,2,0,0,1,6,99,2,7,50,0,0
47,470571,2,2,2,10,8,99,99,12,2,1,0,13,2,12,37,12037,4,2002,3FAFP37382R1,3,F,A,F,P,3,7,3,8,2,R,1,0,0,0,000000000,00000000000,0,0,0,1,0,0,0,0,0,0,0,998,0,0,0,12,6,2,12,0,0,0,1,47,37421,6,1,0,0,3,0,65,140,1,0,0,0,0,12,2013,12,2013,0,0,0,0,0,2,2,65,1,1,2,2,0,0,1,62,99,1,3,51,1,0
47,470572,1,1,1,20,8,3,55,30,0,1,0,47,3,12,481,12481,31,1997,1FTDF1724VNC,1,F,T,D,F,1,7,2,4,V,N,C,0,0,0,000000000,00000000000,0,0,0,1,0,0,0,0,0,0,0,998,0,1,6,12,6,2,30,0,0,0,1,47,37034,6,1,0,0,3,0,80,330,0,0,0,0,0,0,0,0,0,0,0,0,0,0,5,3,45,1,1,2,1,0,0,1,13,1,1,4,1,1,0
47,470573,1,1,2,26,8,20,33,1,0,1,0,47,2,41,46,41046,2,1994,JM1EC4359R03,J,M,1,E,C,4,3,5,9,R,0,3,0,0,0,000000000,00000000000,0,0,0,1,0,0,0,0,0,0,0,998,0,1,5,0,6,2,3,32,0,0,1,47,37840,6,1,0,0,3,0,61,120,0,0,0,0,0,0,0,0,0,9,0,0,0,0,1,2,25,2,3,2,1,0,0,14,8,1,7,4,7,1,0
47,470574,1,2,1,24,8,19,18,12,1,1,0,18,3,82,881,82881,66,2012,1FUJGBDV7CLB,1,F,U,J,G,B,D,V,7,C,L,B,1,1,57,00624483,5700624483,3,6,1,1,0,0,0,0,0,0,0,998,0,0,0,6,6,2,12,0,0,0,1,47,38106,6,1,6,0,3,0,71,224,0,2,0,1,0,5,2012,8,2014,0,89,0,0,0,3,2,65,1,1,1,1,0,0,8,53,1,1,5,25,0,0
47,470574,2,2,2,24,8,19,18,12,1,1,0,47,2,54,31,54031,4,1999,JH4DB7653XS0,J,H,4,D,B,7,6,5,3,X,S,0,0,0,0,000000000,00000000000,0,0,0,1,0,0,0,0,0,0,0,998,1,0,0,12,6,2,12,0,0,0,1,47,38104,6,1,0,0,3,1,62,130,0,0,0,0,0,0,0,0,0,3,6,29,36,0,3,2,65,1,1,1,1,0,0,1,51,99,1,5,24,1,1
47,470575,1,2,1,21,8,20,47,12,1,1,0,92,0,98,734,98734,90,2004,4XAGJ50A7425,4,X,A,G,J,5,0,A,7,4,2,5,0,0,0,000000000,00000000000,0,0,0,1,0,0,0,0,0,0,0,998,0,1,1,6,6,2,1,0,0,0,1,47,37765,6,1,0,0,1,0,74,260,0,0,0,0,0,0,0,0,0,0,18,0,0,0,1,2,45,1,6,2,1,0,0,1,53,1,1,1,25,1,0
47,470575,2,2,1,21,8,20,47,12,1,1,0,92,0,73,739,73739,90,2006,999999999999,9,9,9,9,9,9,9,9,9,9,9,9,0,0,0,000000000,00000000000,0,0,0,1,0,0,0,0,0,0,0,998,0,1,1,12,6,2,1,0,0,0,1,47,37863,2,1,2,0,1,0,66,160,0,0,0,0,0,0,0,0,0,0,18,26,0,0,1,2,45,1,6,2,1,0,0,1,51,99,1,1,24,0,1