STATE,ST_CASE,VEH_NO,VE_FORMS,NUMOCCS,DAY,MONTH,HOUR,MINUTE,HARM_EV,MAN_COLL,UNITTYPE,HIT_RUN,REG_STAT,OWNER,MAKE,MODEL,MAK_MOD,BODY_TYP,MOD_YEAR,VIN,VIN_1,VIN_2,VIN_3,VIN_4,VIN_5,VIN_6,VIN_7,VIN_8,VIN_9,VIN_10,VIN_11,VIN_12,TOW_VEH,J_KNIFE,MCARR_I1,MCARR_I2,MCARR_ID,GVWR,V_CONFIG,CARGO_BT,HAZ_INV,HAZ_PLAC,HAZ_ID,HAZ_CNO,HAZ_REL,BUS_USE,SPEC_USE,EMER_USE,TRAV_SP,UNDERIDE,ROLLOVER,ROLINLOC,IMPACT1,DEFORMED,TOWED,M_HARM,VEH_SC1,VEH_SC2,FIRE_EXP,DR_PRES,L_STATE,DR_ZIP,L_STATUS,L_TYPE,CDL_STAT,L_ENDORS,L_COMPL,L_RESTRI,DR_HGT,DR_WGT,PREV_ACC,PREV_SUS,PREV_DWI,PREV_SPD,PREV_OTH,FIRST_MO,FIRST_YR,LAST_MO,LAST_YR,SPEEDREL,DR_SF1,DR_SF2,DR_SF3,DR_SF4,VTRAFWAY,VNUM_LAN,VSPD_LIM,VALIGN,VPROFILE,VPAVETYP,VSURCOND,VTRAFCON,VTCONT_F,P_CRASH1,P_CRASH2,P_CRASH3,PCRASH4,PCRASH5,ACC_TYPE,DEATHS,DR_DRINK
47,470576,1,1,3,24,8,18,7,8,0,1,0,92,0,22,22,22022,4,2009,1G2ZJ57K4942,1,G,2,Z,J,5,7,K,4,9,4,2,0,0,0,000000000,00000000000,0,0,0,1,0,0,0,0,0,0,0,998,0,0,0,12,6,2,8,0,0,0,1,47,38114,6,1,0,0,3,0,62,145,0,0,0,2,0,5,2013,5,2013,0,0,0,0,0,5,5,40,1,1,2,1,0,0,1,80,99,1,3,13,0,0
47,470577,1,2,1,28,8,12,32,12,6,1,0,47,1,18,2,18002,4,1989,1G4HP54C5KH4,1,G,4,H,P,5,4,C,5,K,H,4,0,0,0,000000000,00000000000,0,0,0,1,0,0,0,0,0,0,0,998,0,0,0,9,6,2,12,0,0,0,1,47,37826,6,1,0,0,3,0,65,170,0,0,0,0,0,0,0,0,0,0,38,0,0,0,2,2,45,1,1,2,1,0,0,1,98,1,1,1,89,1,0
47,470577,2,2,1,28,8,12,32,12,6,1,0,47,1,6,441,6441,20,2006,1A4GP45RX6B5,1,A,4,G,P,4,5,R,X,6,B,5,0,0,0,000000000,00000000000,0,0,0,1,0,0,0,0,0,0,0,998,0,0,0,12,6,2,12,32,0,0,1,47,37303,6,1,0,0,3,0,72,175,0,0,0,0,0,0,0,0,0,0,0,0,0,0,2,2,45,1,1,2,1,0,0,1,72,4,1,3,88,0,0
47,470578,1,4,1,27,8,13,45,12,1,1,0,47,1,20,431,20431,16,1995,1GNFK16K6SJ4,1,G,N,F,K,1,6,K,6,S,J,4,0,0,0,000000000,00000000000,0,0,0,1,0,0,0,0,0,0,0,998,0,0,0,12,6,2,12,32,0,0,1,47,37620,6,1,0,0,3,0,65,250,0,0,0,0,0,0,0,0,0,9,4,0,0,0,2,4,45,1,1,2,1,1,3,1,50,1,1,1,20,0,0
47,470578,2,4,3,27,8,13,45,12,1,1,0,47,1,63,441,63441,20,2007,KNDMB1338761,K,N,D,M,B,1,3,3,8,7,6,1,0,0,0,000000000,00000000000,0,0,0,1,0,0,0,0,0,0,0,0,0,0,0,6,6,2,12,0,0,0,1,47,37664,6,1,0,0,3,3,65,160,0,0,0,0,0,0,0,0,0,0,0,0,0,0,2,4,45,1,1,2,1,1,3,5,53,1,1,1,21,1,0
47,470578,3,4,2,27,8,13,45,12,1,1,0,47,1,37,402,37402,14,2011,5J6RE3H50BL0,5,J,6,R,E,3,H,5,0,B,L,0,0,0,0,000000000,00000000000,0,0,0,1,0,0,0,0,0,0,0,0,0,0,0,10,4,5,12,0,0,0,1,47,37664,6,1,0,0,3,0,68,135,0,0,0,0,0,0,0,0,0,0,0,0,0,0,2,5,45,1,1,2,1,1,3,5,62,1,1,1,98,0,0
47,470578,4,4,1,27,8,13,45,12,1,1,0,47,1,59,403,59403,14,2008,2T2GK31U98C0,2,T,2,G,K,3,1,U,9,8,C,0,0,0,0,000000000,00000000000,0,0,0,1,0,0,0,0,0,0,0,0,0,0,0,12,4,5,12,0,0,0,1,47,37664,6,1,0,0,3,0,65,175,0,0,0,0,0,0,0,0,0,0,0,0,0,0,2,5,45,1,1,2,1,1,3,5,62,1,1,1,98,0,0
47,470579,1,1,1,29,8,1,55,34,0,1,0,28,1,20,10,20010,2,1985,1G1GZ37G7FR2,1,G,1,G,Z,3,7,G,7,F,R,2,0,0,0,000000000,00000000000,0,0,0,1,0,0,0,0,0,0,0,998,0,1,5,12,6,2,1,0,0,0,1,47,38357,6,1,0,0,3,0,999,999,0,0,0,0,0,0,0,0,0,0,89,0,0,0,1,2,55,3,1,2,1,0,0,14,6,1,1,4,1,1,1
47,470580,1,1,1,30,8,11,6,24,0,1,0,47,1,49,482,49482,31,2000,5TBBT4415YS0,5,T,B,B,T,4,4,1,5,Y,S,0,0,0,0,000000000,00000000000,0,0,0,1,0,0,0,0,0,0,0,998,0,1,5,6,6,2,1,0,0,0,1,47,37097,6,1,0,0,3,1,70,160,0,0,0,0,0,0,0,0,0,0,28,58,0,0,1,2,45,2,6,2,2,0,0,14,12,7,3,4,7,1,0
47,470581,1,2,3,28,8,5,50,12,2,1,0,47,2,24,1,24001,4,1993,1G8ZG5596PZ2,1,G,8,Z,G,5,5,9,6,P,Z,2,0,0,0,000000000,00000000000,0,0,0,1,0,0,0,0,0,0,0,998,0,0,0,12,6,2,12,0,0,0,1,47,38585,0,0,0,0,0,0,74,160,0,0,0,0,0,0,0,0,0,0,6,39,0,0,1,2,45,1,6,2,1,20,3,1,17,3,1,1,90,1,0
47,470581,2,2,2,28,8,5,50,12,2,1,0,47,3,12,481,12481,31,2008,1FDNF20538EC,1,F,D,N,F,2,0,5,3,8,E,C,0,0,0,000000000,00000000000,0,0,0,1,0,0,0,0,0,0,0,998,0,0,0,12,6,2,12,0,0,0,1,47,38556,6,1,0,0,3,0,71,168,0,0,0,0,0,0,0,0,0,0,0,0,0,0,1,2,55,1,1,2,1,0,0,1,66,99,1,1,90,0,0
47,470582,1,1,1,19,6,5,45,43,0,1,0,21,1,20,39,20039,4,2005,KL1TD52665B3,K,L,1,T,D,5,2,6,6,5,B,3,0,0,0,000000000,00000000000,0,0,0,1,0,0,0,0,0,0,0,998,0,1,5,11,6,2,1,0,0,0,1,21,40769,6,1,0,0,3,0,63,150,0,0,0,0,0,0,0,0,0,0,0,0,0,0,1,2,45,1,1,2,1,0,0,1,12,6,9,4,7,1,0
47,470583,1,1,1,13,8,22,14,32,0,1,0,47,1,72,706,72706,80,2006,1HD1FLW176Y6,1,H,D,1,F,L,W,1,7,6,Y,6,0,0,0,000000000,00000000000,0,0,0,1,0,0,0,0,0,0,0,998,0,0,0,12,6,2,1,0,0,0,1,47,37091,6,1,0,0,3,0,73,226,1,0,0,0,0,9,2012,9,2012,0,0,0,0,0,1,2,45,1,1,2,1,0,0,1,13,99,1,4,1,1,1
47,470584,1,2,1,31,8,12,30,12,2,1,0,47,1,49,472,49472,30,2007,5TEPX42NX7Z3,5,T,E,P,X,4,2,N,X,7,Z,3,0,0,0,000000000,00000000000,0,0,0,1,0,0,0,0,0,0,0,25,0,0,0,12,6,2,12,0,0,0,1,47,37862,6,1,6,0,3,0,67,155,0,0,0,0,0,0,0,0,0,9,38,0,0,0,1,4,35,1,1,2,1,0,0,11,15,99,1,1,68,0,0
47,470584,2,2,5,31,8,12,30,12,2,1,0,42,2,12,24,12024,6,2011,2FMDK4KC6BBB,2,F,M,D,K,4,K,C,6,B,B,B,0,0,0,000000000,00000000000,0,0,0,1,0,0,0,0,0,0,0,37,0,0,0,12,6,2,12,0,0,1,1,42,18925,6,1,0,0,3,1,73,999,0,0,0,0,0,0,0,0,0,9,99,99,99,99,1,4,35,1,1,2,1,0,0,1,66,99,1,1,69,1,0
47,470585,1,2,1,29,8,21,27,12,6,1,0,47,1,20,481,20481,31,1986,1GCEK14N2GF3,1,G,C,E,K,1,4,N,2,G,F,3,0,0,0,000000000,00000000000,0,0,0,1,0,0,0,0,0,0,0,998,0,0,0,1,6,2,12,0,0,0,1,47,37660,6,1,6,0,3,0,68,160,0,0,0,0,0,0,0,0,0,0,38,0,0,0,1,5,40,1,5,2,1,2,3,11,15,1,1,1,68,1,1
47,470585,2,2,1,29,8,21,27,12,6,1,0,47,1,30,47,30047,3,2003,3VWCK21C03M4,3,V,W,C,K,2,1,C,0,3,M,4,0,0,0,000000000,00000000000,0,0,0,1,0,0,0,0,0,0,0,998,0,0,0,12,6,2,12,0,0,0,1,47,37664,6,1,0,0,3,3,64,145,0,0,0,0,0,0,0,0,0,0,0,0,0,0,1,5,40,1,6,2,1,2,3,1,67,99,1,1,69,0,0
47,470586,1,2,3,31,8,12,45,12,6,1,0,47,1,7,472,7472,30,1998,1B7FL26YXWS5,1,B,7,F,L,2,6,Y,X,W,S,5,0,0,0,000000000,00000000000,0,0,0,1,0,0,0,0,0,0,0,998,0,0,0,9,6,2,12,0,0,0,1,47,37379,6,1,0,0,3,0,67,160,0,0,0,0,0,0,0,0,0,0,38,0,0,0,1,2,55,1,1,2,1,20,3,4,15,1,1,1,89,2,0
47,470586,2,2,2,31,8,12,45,12,6,1,0,1,2,6,18,6018,4,2012,1C3CCBBG5CN1,1,C,3,C,C,B,B,G,5,C,N,1,0,0,0,000000000,00000000000,0,0,0,1,0,0,0,0,0,0,0,998,0,0,0,12,6,2,12,0,0,0,1,1,35966,6,1,0,0,3,3,63,260,0,0,0,0,0,0,0,0,0,0,0,0,0,0,3,2,55,1,5,2,1,0,0,1,66,99,1,1,88,0,0
47,470587,1,2,1,15,8,14,55,12,6,1,0,47,1,35,39,35039,4,2008,1N4BA41E68C8,1,N,4,B,A,4,1,E,6,8,C,8,0,0,0,000000000,00000000000,0,0,0,1,0,0,0,0,0,0,0,998,0,0,0,3,6,2,12,0,0,0,1,47,38138,6,1,0,0,3,0,70,220,1,0,0,0,0,2,2014,2,2014,9,29,48,0,0,2,3,55,1,1,2,1,0,0,12,98,99,1,7,98,1,0
47,470587,2,2,1,15,8,14,55,12,6,1,0,47,3,12,870,12870,55,2009,1FDWE35P79DA,1,F,D,W,E,3,5,P,7,9,D,A,0,0,88,888888888,88888888888,2,20,22,1,0,0,0,0,98,0,0,998,0,0,0,12,6,2,12,0,0,0,1,47,38112,6,1,6,0,3,3,72,200,0,0,0,0,0,0,0,0,0,0,0,0,0,0,3,4,55,1,1,2,1,0,0,1,64,99,1,3,98,0,0
47,470588,1,3,1,27,8,14,50,12,6,1,0,21,3,85,881,85881,66,2006,1XKAD49X26J1,1,X,K,A,D,4,9,X,2,6,J,1,1,1,57,00255520,5700255520,3,6,1,2,2,2794,8,2,0,0,0,998,0,0,0,12,6,2,12,0,0,1,1,21,42629,6,1,6,1,3,0,68,200,0,0,0,0,0,0,0,0,0,9,99,99,99,99,3,2,70,3,2,2,1,0,0,14,10,99,1,6,64,1,0
47,470588,2,3,1,27,8,14,50,12,6,1,0,18,3,84,881,84881,63,2007,2HSCNAPR07C3,2,H,S,C,N,A,P,R,0,7,C,3,2,1,57,00172598,5700172598,3,4,1,1,0,0,0,0,0,0,0,998,0,0,0,62,6,2,12,0,0,1,1,45,29617,6,1,6,0,3,0,72,227,0,0,0,1,1,9,2012,1,2013,0,0,0,0,0,3,2,70,2,2,2,1,0,0,14,64,99,1,1,65,0,0
47,470588,3,3,2,27,8,14,50,12,6,1,0,37,1,37,421,37421,15,2013,5FNYF3H50DB0,5,F,N,Y,F,3,H,5,0,D,B,0,0,0,0,000000000,00000000000,0,0,0,1,0,0,0,0,0,0,0,998,0,0,0,12,6,2,12,0,0,0,1,17,61884,6,1,0,0,3,1,67,130,0,0,0,0,0,0,0,0,0,0,0,0,0,0,3,2,70,2,2,2,1,0,0,14,54,99,1,1,98,0,0
47,470589,1,1,1,28,8,22,5,8,0,1,0,47,1,12,402,12402,14,2009,1FMCU03G29KC,1,F,M,C,U,0,3,G,2,9,K,C,0,0,0,000000000,00000000000,0,0,0,1,0,0,0,0,0,0,0,998,0,0,0,1,6,2,8,0,0,0,1,47,37931,6,1,0,0,3,0,63,118,1,0,0,0,0,10,2011,10,2011,9,0,0,0,0,1,6,50,1,1,2,1,0,0,1,80,99,1,3,13,0,0
47,470590,1,2,2,24,8,22,7,12,2,1,0,47,1,12,3,12003,2,2010,1ZVBP8AN5A51,1,Z,V,B,P,8,A,N,5,A,5,1,0,0,0,000000000,00000000000,0,0,0,1,0,0,0,0,0,0,0,998,0,0,0,12,6,2,12,0,0,0,1,47,37180,6,1,0,0,3,0,69,140,0,0,0,0,0,0,0,0,0,0,0,0,0,0,2,2,55,1,1,2,1,0,0,1,64,1,1,1,51,0,0
47,470590,2,2,1,24,8,22,7,12,2,1,0,47,1,12,17,12017,4,2001,1FAFP55U51A1,1,F,A,F,P,5,5,U,5,1,A,1,0,0,0,000000000,00000000000,0,0,0,1,0,0,0,0,0,0,0,998,0,0,0,12,6,2,12,0,0,0,1,47,37127,0,0,0,0,0,0,999,999,0,0,0,0,0,0,0,0,0,0,0,0,0,0,2,2,55,1,1,2,1,0,0,1,10,1,1,7,50,1,1
47,470591,1,2,1,27,8,11,35,12,2,1,0,48,4,12,32,12032,5,2014,3FADP4EJ0EM1,3,F,A,D,P,4,E,J,0,E,M,1,0,0,0,000000000,00000000000,0,0,0,1,0,0,0,0,0,0,0,998,0,0,0,12,6,2,12,0,0,0,1,47,37087,6,1,0,0,3,1,72,236,3,0,0,0,0,12,2012,7,2014,0,28,0,0,0,1,4,45,1,1,2,1,0,0,1,10,1,1,2,50,1,0
47,470591,2,2,1,27,8,11,35,12,2,1,0,47,1,12,422,12422,15,2000,1FMPU16L8YLB,1,F,M,P,U,1,6,L,8,Y,L,B,0,0,0,000000000,00000000000,0,0,0,1,0,0,0,0,0,0,0,998,0,0,0,12,6,2,12,0,0,0,1,47,37122,6,1,0,0,3,0,62,120,1,0,0,0,0,10,2013,10,2013,0,0,0,0,0,2,4,45,1,1,2,1,0,0,1,62,1,1,1,51,0,0
47,470592,1,1,1,3,9,5,55,11,0,1,0,47,1,20,481,20481,31,2001,1GCHK29121E3,1,G,C,H,K,2,9,1,2,1,E,3,0,0,0,000000000,00000000000,0,0,0,1,0,0,0,0,0,0,0,998,0,1,5,12,6,2,1,0,0,0,1,47,37334,6,1,0,0,3,0,67,145,1,0,0,0,0,4,2014,4,2014,0,0,0,0,0,1,2,55,1,1,2,1,0,0,1,87,1,1,1,13,1,0
47,470593,1,1,1,12,7,23,46,1,0,1,0,47,1,72,706,72706,80,2001,1HD1DDV151Y6,1,H,D,1,D,D,V,1,5,1,Y,6,0,0,0,000000000,00000000000,0,0,0,1,0,0,0,0,0,0,0,998,0,0,0,0,6,2,39,0,0,0,1,47,37210,1,1,1,0,2,0,75,220,0,0,0,1,0,6,2013,6,2013,0,28,0,0,0,1,2,30,1,1,2,1,0,0,11,15,1,1,2,98,1,1
47,470594,1,2,1,13,8,20,30,12,2,1,0,93,3,51,881,51881,66,1999,4VG7DBRF3XN7,4,V,G,7,D,B,R,F,3,X,N,7,1,1,57,00659150,5700659150,3,6,1,1,0,0,0,0,0,0,0,998,0,0,0,12,6,2,12,0,0,0,1,47,38116,6,1,6,0,3,0,74,170,0,1,0,0,0,7,2012,7,2012,0,89,0,0,0,1,2,55,1,6,2,1,0,0,1,62,99,1,1,51,0,0
47,470594,2,2,1,13,8,20,30,12,2,1,0,47,1,20,25,20025,4,2011,1G1PF5S9XB72,1,G,1,P,F,5,S,9,X,B,7,2,0,0,0,000000000,00000000000,0,0,0,1,0,0,0,0,0,0,0,998,0,0,0,12,6,2,12,0,0,1,1,47,38344,6,1,0,0,3,1,65,200,0,0,0,0,0,0,0,0,0,0,27,28,0,0,1,2,55,1,5,2,1,0,0,6,10,99,1,2,50,1,0
47,470595,1,1,1,1,9,19,30,30,0,1,0,47,1,49,471,49471,30,1995,4TARN81A8SZ3,4,T,A,R,N,8,1,A,8,S,Z,3,0,0,0,000000000,00000000000,0,0,0,1,0,0,0,0,0,0,0,998,0,0,0,12,6,2,30,0,0,0,1,47,37110,6,1,0,0,3,0,69,150,0,0,0,0,0,0,0,0,0,0,0,0,0,0,1,2,55,1,1,2,1,0,0,1,13,1,1,4,1,1,1
47,470596,1,1,1,4,9,22,1,33,0,1,0,47,1,55,41,55041,2,2011,KMHHU6KH8BU0,K,M,H,H,U,6,K,H,8,B,U,0,0,0,0,000000000,00000000000,0,0,0,1,0,0,0,0,0,0,0,998,0,1,5,1,6,2,33,0,0,0,1,47,38116,6,1,0,0,3,0,67,175,0,3,0,3,0,10,2011,6,2014,4,0,0,0,0,5,5,45,1,1,2,1,0,0,1,6,99,1,4,1,1,0
47,470597,1,2,2,3,9,12,15,12,6,1,0,47,1,12,401,12401,14,2004,1FMZU73K74UB,1,F,M,Z,U,7,3,K,7,4,U,B,0,0,0,000000000,00000000000,0,0,0,1,0,0,0,0,0,0,0,998,0,0,0,9,6,2,12,32,0,0,1,47,37771,6,1,0,0,3,1,63,101,0,0,0,0,0,0,0,0,0,0,38,0,0,0,0,0,0,0,0,0,0,0,0,11,98,1,1,1,82,1,0
47,470597,2,2,1,3,9,12,15,12,6,1,0,47,1,12,481,12481,31,2015,1FT7W2BT9FEA,1,F,T,7,W,2,B,T,9,F,E,A,0,0,0,000000000,00000000000,0,0,0,1,0,0,0,0,0,0,0,998,0,0,0,12,6,2,12,0,0,0,1,47,37771,6,1,0,0,3,0,73,240,0,0,0,0,0,0,0,0,0,0,0,0,0,0,2,3,40,1,6,2,1,0,0,1,72,1,1,1,83,0,0
47,470598,1,2,1,4,9,99,99,12,1,1,0,47,1,35,39,35039,4,2005,1N4BA41E75C8,1,N,4,B,A,4,1,E,7,5,C,8,0,0,0,000000000,00000000000,0,0,0,1,0,0,0,0,0,0,0,998,2,0,0,12,6,2,12,0,0,0,1,47,37772,1,1,0,0,2,0,72,250,0,1,0,0,0,7,2013,7,2013,0,0,0,0,0,2,2,65,1,1,2,99,0,0,1,50,99,1,4,20,1,1
47,470598,2,2,1,4,9,99,99,12,1,1,1,99,9,99,999,99999,99,9999,999999999999,9,9,9,9,9,9,9,9,9,9,9,9,9,0,0,000000000,00000000000,0,0,0,1,0,0,0,0,99,99,9,0,0,0,0,6,9,5,12,99,99,0,1,99,99999,9,9,99,9,9,9,999,999,99,99,99,99,99,99,9999,99,9999,9,99,99,99,99,2,2,55,1,1,2,99,0,0,5,53,1,1,5,21,0,0
47,470599,1,1,1,3,9,12,20,32,0,1,0,47,1,37,32,37032,6,1994,1HGCE1820RA0,1,H,G,C,E,1,8,2,0,R,A,0,0,0,0,000000000,00000000000,0,0,0,1,0,0,0,0,0,0,0,998,0,1,6,12,6,2,1,0,0,0,1,47,37814,6,1,0,0,3,0,72,200,1,0,0,0,0,7,2014,7,2014,0,0,0,0,0,2,4,55,1,1,2,1,0,0,1,8,1,1,4,6,1,0
47,470600,1,2,1,3,9,9,2,24,0,1,0,18,3,82,881,82881,66,2011,1FUJGEDVXBSA,1,F,U,J,G,E,D,V,X,B,S,A,1,1,57,00711691,5700711691,3,6,3,1,0,0,0,0,0,0,0,998,0,0,0,62,6,2,12,0,0,0,1,47,38301,6,1,6,0,3,0,70,170,0,0,0,0,0,0,0,0,0,0,0,0,0,0,2,2,65,1,5,2,1,0,0,1,98,99,1,1,98,0,0
47,470600,2,2,1,3,9,9,2,24,0,1,0,47,1,23,401,23401,14,2004,1GKDS13S4423,1,G,K,D,S,1,3,S,4,4,2,3,0,0,0,000000000,00000000000,0,0,0,1,0,0,0,0,0,0,0,998,0,1,3,98,6,2,1,0,0,0,1,47,38310,6,1,0,0,3,0,62,182,0,3,0,8,1,11,2011,4,2014,0,58,0,0,0,2,2,65,1,6,2,1,0,0,1,13,99,9,4,1,1,0
47,470601,1,1,2,6,9,3,45,7,0,1,0,0,0,37,734,37734,90,2007,1HFTE354X740,1,H,F,T,E,3,5,4,X,7,4,0,6,1,0,000000000,00000000000,0,0,0,1,0,0,0,0,0,0,0,998,0,1,1,0,6,2,1,0,0,0,1,47,38058,6,1,0,0,1,0,72,215,0,0,0,1,0,11,2012,11,2012,9,18,22,36,0,1,2,45,2,6,2,1,0,0,14,6,99,3,4,0,1,1
47,470602,1,1,2,5,9,11,30,1,0,1,0,0,0,98,739,98739,90,2001,999999999999,9,9,9,9,9,9,9,9,9,9,9,9,0,0,0,000000000,00000000000,0,0,0,1,0,0,0,0,0,0,0,998,0,2,1,0,4,5,1,0,0,0,1,47,37731,6,1,0,0,1,0,61,122,1,0,0,0,0,6,2013,6,2013,0,18,31,0,0,2,2,30,1,1,2,1,0,0,13,8,99,7,3,98,1,0
47,470603,1,1,1,8,9,6,17,30,0,1,0,47,2,41,37,41037,4,1999,1YVGF22C5X58,1,Y,V,G,F,2,2,C,5,X,5,8,0,0,0,000000000,00000000000,0,0,0,1,0,0,0,0,0,0,0,998,0,0,0,12,6,2,30,0,0,0,1,47,37932,6,1,0,0,3,0,66,176,0,0,0,0,0,0,0,0,0,0,0,0,0,0,2,2,40,2,6,2,1,0,0,14,12,1,1,4,6,1,0
47,470604,1,1,1,1,9,18,15,14,0,1,0,47,1,13,1,13001,4,2003,1LNHM83W13Y6,1,L,N,H,M,8,3,W,1,3,Y,6,0,0,0,000000000,00000000000,0,0,0,1,0,0,0,0,0,0,0,998,0,0,0,12,6,2,14,0,0,0,1,47,37830,6,1,0,0,3,0,67,150,0,0,0,0,0,0,0,0,0,0,28,0,0,0,1,2,25,1,1,2,1,0,0,1,50,1,1,4,11,1,0
47,470605,1,2,1,28,8,9,22,12,6,1,0,47,3,12,461,12461,21,1991,1FBJS31H5MHA,1,F,B,J,S,3,1,H,5,M,H,A,0,0,0,000000000,00000000000,0,0,0,1,0,0,0,0,0,0,0,998,0,0,0,5,4,3,12,0,0,0,1,47,37411,6,1,0,0,3,0,70,220,2,0,0,0,0,9,2013,12,2013,0,38,0,0,0,5,5,35,1,1,2,1,0,0,11,15,1,1,1,68,0,0
47,470605,2,2,1,28,8,9,22,12,6,1,0,47,1,37,703,37703,80,2012,MLHMC4105C52,M,L,H,M,C,4,1,0,5,C,5,2,0,0,0,000000000,00000000000,0,0,0,1,0,0,0,0,0,0,0,998,0,0,0,12,6,2,12,0,0,0,1,47,37149,6,1,0,0,2,3,62,150,0,0,0,0,0,0,0,0,0,0,0,0,0,0,5,5,35,1,1,2,1,0,0,1,66,3,1,1,69,1,0
47,470606,1,1,1,1,7,21,30,8,0,1,0,47,1,12,441,12441,20,1994,1FMDA31X5RZA,1,F,M,D,A,3,1,X,5,R,Z,A,0,0,0,000000000,00000000000,0,0,0,1,0,0,0,0,0,0,0,998,0,0,0,12,4,3,8,0,0,0,1,47,37203,1,1,0,0,2,1,76,280,0,1,0,0,0,11,2013,11,2013,0,0,0,0,0,5,5,40,1,2,2,1,0,0,1,80,1,1,1,13,0,0
47,470607,1,1,1,10,9,1,11,34,0,1,0,47,1,54,37,54037,2,2001,19UYA42451A0,1,9,U,Y,A,4,2,4,5,1,A,0,0,0,0,000000000,00000000000,0,0,0,1,0,0,0,0,0,0,0,998,0,1,5,9,6,2,1,0,0,0,1,47,37934,6,1,0,0,3,0,70,185,0,0,0,0,0,0,0,0,0,0,0,0,0,0,6,1,55,2,1,2,1,0,0,14,6,7,5,4,2,1,0
47,470608,1,2,2,9,9,15,39,12,6,1,0,47,2,63,401,63401,14,2000,KNDJA7239Y56,K,N,D,J,A,7,2,3,9,Y,5,6,0,0,0,000000000,00000000000,0,0,0,1,0,0,0,0,0,0,0,998,0,0,0,3,6,2,12,0,0,0,1,47,38114,2,1,2,0,2,0,71,220,0,1,0,0,1,9,2013,5,2014,0,6,36,38,0,1,7,45,1,5,2,1,2,3,11,15,1,1,1,68,0,1
47,470608,2,2,1,9,9,15,39,12,6,1,0,28,1,72,706,72706,80,2001,1HD1CGP191K1,1,H,D,1,C,G,P,1,9,1,K,1,0,0,0,000000000,00000000000,0,0,0,1,0,0,0,0,0,0,0,998,0,0,0,12,6,2,12,0,0,0,1,28,38637,6,1,0,0,3,0,67,155,98,0,0,0,0,0,0,0,0,0,0,0,0,0,1,6,45,1,6,2,1,2,3,1,66,99,1,1,69,1,0
47,470609,1,2,1,6,9,21,55,12,2,1,0,47,1,20,498,20498,31,1998,1GCEK19M7WE1,1,G,C,E,K,1,9,M,7,W,E,1,0,0,0,000000000,00000000000,0,0,0,1,0,0,0,0,0,0,0,998,0,0,0,12,6,2,12,0,0,0,1,47,37073,6,1,0,0,3,0,71,230,0,0,0,0,0,0,0,0,0,0,51,0,0,0,1,2,55,1,2,2,1,0,0,1,10,99,1,3,50,1,1
47,470609,2,2,1,6,9,21,55,12,2,1,0,47,1,23,401,23401,14,1996,1GKCS13W2T25,1,G,K,C,S,1,3,W,2,T,2,5,0,0,0,000000000,00000000000,0,0,0,1,0,0,0,0,0,0,0,998,0,0,0,12,6,2,12,32,0,0,1,47,37186,6,1,0,0,3,0,64,210,0,0,0,0,0,0,0,0,0,0,0,0,0,0,1,2,55,1,2,2,1,0,0,1,54,99,1,3,51,0,0
47,470610,1,2,1,9,9,14,2,12,6,1,0,47,1,23,401,23401,14,2008,1GKDS13S4821,1,G,K,D,S,1,3,S,4,8,2,1,0,0,0,000000000,00000000000,0,0,0,1,0,0,0,0,0,0,0,998,0,0,0,12,6,2,12,0,0,0,1,47,37185,6,1,0,0,3,0,64,250,0,0,0,0,0,0,0,0,0,0,0,0,0,0,1,2,30,1,2,2,1,20,3,10,16,1,1,1,78,0,0
47,470610,2,2,1,9,9,14,2,12,6,1,0,47,1,37,706,37706,80,2000,1HFSC1809YA4,1,H,F,S,C,1,8,0,9,Y,A,4,0,0,0,000000000,00000000000,0,0,0,1,0,0,0,0,0,0,0,998,0,0,0,3,6,2,12,0,0,0,1,47,37134,6,1,0,0,2,0,69,155,0,0,0,1,0,10,2013,10,2013,9,99,99,99,99,5,5,30,1,2,2,1,0,0,1,65,99,1,1,79,1,0
47,470611,1,1,1,31,8,5,20,8,0,1,0,47,2,20,403,20403,14,2008,1GNDS13S1821,1,G,N,D,S,1,3,S,1,8,2,1,0,0,0,000000000,00000000000,0,0,0,1,0,0,0,0,0,0,0,998,0,0,0,12,6,2,8,0,0,0,1,47,37355,6,1,0,0,3,0,72,155,0,0,0,1,0,5,2012,5,2012,0,0,0,0,0,2,2,70,1,2,2,2,0,0,1,80,99,1,1,13,0,0
47,470612,1,1,1,5,9,20,0,42,0,1,0,47,1,73,705,73705,80,2008,JKAEXEA128A0,J,K,A,E,X,E,A,1,2,8,A,0,0,0,0,000000000,00000000000,0,0,0,1,0,0,0,0,0,0,0,998,0,0,0,9,6,2,42,0,0,0,1,47,37857,6,1,0,0,2,0,64,139,2,0,0,0,0,9,2011,9,2012,0,0,0,0,0,1,2,35,3,1,2,1,0,0,14,6,7,3,4,2,1,1
47,470613,1,1,1,7,9,23,10,1,0,1,0,0,0,53,739,53739,90,2004,4UF04ATV14T2,4,U,F,0,4,A,T,V,1,4,T,2,0,0,0,000000000,00000000000,0,0,0,1,0,0,0,0,0,0,0,998,0,2,5,0,6,2,1,0,0,0,1,47,37755,6,1,0,0,1,0,74,250,0,0,0,0,0,0,0,0,0,3,18,24,28,0,1,2,35,2,6,2,1,0,0,14,6,3,2,4,7,1,1