STATE,ST_CASE,VEH_NO,VE_FORMS,NUMOCCS,DAY,MONTH,HOUR,MINUTE,HARM_EV,MAN_COLL,UNITTYPE,HIT_RUN,REG_STAT,OWNER,MAKE,MODEL,MAK_MOD,BODY_TYP,MOD_YEAR,VIN,VIN_1,VIN_2,VIN_3,VIN_4,VIN_5,VIN_6,VIN_7,VIN_8,VIN_9,VIN_10,VIN_11,VIN_12,TOW_VEH,J_KNIFE,MCARR_I1,MCARR_I2,MCARR_ID,GVWR,V_CONFIG,CARGO_BT,HAZ_INV,HAZ_PLAC,HAZ_ID,HAZ_CNO,HAZ_REL,BUS_USE,SPEC_USE,EMER_USE,TRAV_SP,UNDERIDE,ROLLOVER,ROLINLOC,IMPACT1,DEFORMED,TOWED,M_HARM,VEH_SC1,VEH_SC2,FIRE_EXP,DR_PRES,L_STATE,DR_ZIP,L_STATUS,L_TYPE,CDL_STAT,L_ENDORS,L_COMPL,L_RESTRI,DR_HGT,DR_WGT,PREV_ACC,PREV_SUS,PREV_DWI,PREV_SPD,PREV_OTH,FIRST_MO,FIRST_YR,LAST_MO,LAST_YR,SPEEDREL,DR_SF1,DR_SF2,DR_SF3,DR_SF4,VTRAFWAY,VNUM_LAN,VSPD_LIM,VALIGN,VPROFILE,VPAVETYP,VSURCOND,VTRAFCON,VTCONT_F,P_CRASH1,P_CRASH2,P_CRASH3,PCRASH4,PCRASH5,ACC_TYPE,DEATHS,DR_DRINK
47,470614,1,1,1,9,9,21,35,42,0,1,0,47,2,76,709,76709,80,2000,AL00AN00X000,A,L,0,0,A,N,0,0,X,0,0,0,0,0,0,000000000,00000000000,0,0,0,1,0,0,0,0,0,0,0,998,0,0,0,12,6,2,42,0,0,0,1,47,38478,6,1,0,0,3,0,74,150,1,0,0,0,0,6,2012,6,2012,4,0,0,0,0,1,2,55,3,1,2,1,0,0,14,6,99,1,4,1,1,0
47,470615,1,1,1,12,9,23,20,30,0,1,0,47,1,12,4,12004,2,1973,3J87A229634,3,J,8,7,A,2,2,9,6,3,4,,0,0,0,000000000,00000000000,0,0,0,1,0,0,0,0,0,0,0,998,0,0,0,4,6,2,30,0,0,0,1,47,37921,6,1,0,0,3,0,71,210,0,0,0,0,0,0,0,0,0,5,0,0,0,0,1,2,30,1,5,2,1,0,0,1,12,6,4,4,7,1,0
47,470616,1,1,1,15,9,2,12,30,0,1,0,47,2,35,39,35039,4,2004,1N4BA41EX4C8,1,N,4,B,A,4,1,E,X,4,C,8,0,0,0,000000000,00000000000,0,0,0,1,0,0,0,0,0,0,0,998,0,0,0,12,6,2,30,0,0,0,1,47,37721,6,1,0,0,3,0,70,200,0,1,1,0,0,3,2013,3,2013,0,51,0,0,0,3,4,55,1,1,2,1,0,0,1,12,1,1,4,6,1,0
47,470617,1,2,1,26,8,14,30,12,7,1,0,47,3,82,881,82881,63,2015,3ALSG3DV2FDG,3,A,L,S,G,3,D,V,2,F,D,G,0,0,57,00029441,5700029441,3,2,4,1,0,0,0,0,0,0,0,998,0,1,1,82,6,2,1,0,0,0,1,47,37030,1,1,1,0,2,0,70,200,0,0,0,0,0,0,0,0,0,0,58,0,0,0,2,4,70,1,1,2,1,0,0,15,11,1,1,2,46,1,0
47,470617,2,2,1,26,8,14,30,12,7,1,0,13,3,54,35,54035,4,2010,19UUA8F51AA0,1,9,U,U,A,8,F,5,1,A,A,0,0,0,0,000000000,00000000000,0,0,0,1,0,0,0,0,0,0,0,998,0,0,0,62,6,2,12,0,0,0,1,13,30114,6,1,0,0,3,0,73,215,98,0,0,1,0,9,2011,9,2011,0,0,0,0,0,2,4,70,1,1,2,1,0,0,1,61,1,1,1,45,0,0
47,470618,1,1,1,1,9,6,35,1,0,1,0,47,1,53,705,53705,80,2008,JS1GN7EA3821,J,S,1,G,N,7,E,A,3,8,2,1,0,0,0,000000000,00000000000,0,0,0,1,0,0,0,0,0,0,0,998,0,0,0,0,6,2,14,0,0,0,1,47,37015,6,1,0,0,3,0,70,189,0,0,0,2,0,3,2013,6,2013,5,0,0,0,0,3,3,70,1,2,2,1,0,0,1,6,3,2,5,2,1,0
47,470619,1,1,1,9,9,99,99,35,0,1,0,47,1,12,471,12471,30,2000,1FTYR14V4YTA,1,F,T,Y,R,1,4,V,4,Y,T,A,0,0,0,000000000,00000000000,0,0,0,1,0,0,0,0,0,0,0,998,0,0,0,61,6,2,35,0,0,0,1,47,38067,6,1,0,0,3,1,71,202,0,0,0,0,0,0,0,0,0,0,28,58,0,0,1,2,55,2,6,2,1,0,0,14,6,9,3,4,2,1,0
47,470620,1,2,1,14,9,7,45,12,6,1,0,47,1,7,482,7482,31,2003,1D7HA18N83J6,1,D,7,H,A,1,8,N,8,3,J,6,0,0,0,000000000,00000000000,0,0,0,1,0,0,0,0,0,0,0,998,0,0,0,12,6,2,12,0,0,0,1,47,38135,6,1,0,0,3,0,76,280,0,0,0,0,0,0,0,0,0,0,39,0,0,0,1,5,45,1,1,2,1,1,3,1,17,1,1,1,88,0,0
47,470620,2,2,1,14,9,7,45,12,6,1,0,47,2,12,471,12471,30,1997,1FTCR10A5VUC,1,F,T,C,R,1,0,A,5,V,U,C,0,0,0,000000000,00000000000,0,0,0,1,0,0,0,0,0,0,0,998,0,0,0,11,6,2,12,0,0,0,1,47,38134,6,1,0,0,3,0,66,190,0,0,0,0,0,0,0,0,0,0,0,0,0,0,1,3,35,1,1,2,1,1,3,1,66,99,1,1,89,1,1
47,470621,1,2,3,29,8,14,59,12,2,1,0,47,1,23,8,23008,6,2011,1GKKRSED1BJ4,1,G,K,K,R,S,E,D,1,B,J,4,0,0,0,000000000,00000000000,0,0,0,1,0,0,0,0,0,0,0,998,0,0,0,12,6,2,12,0,0,0,1,47,37880,6,1,0,0,3,0,67,178,0,0,0,0,0,0,0,0,0,0,28,84,0,0,1,2,55,1,1,2,1,0,0,17,10,99,1,2,50,0,0
47,470621,2,2,2,29,8,14,59,12,2,1,0,47,2,20,22,20022,2,2008,1G1AL18F5872,1,G,1,A,L,1,8,F,5,8,7,2,0,0,0,000000000,00000000000,0,0,0,1,0,0,0,0,0,0,0,998,2,0,0,12,6,2,12,0,0,0,1,47,37322,6,1,0,0,3,0,68,230,0,0,0,0,0,0,0,0,0,0,0,0,0,0,1,2,55,1,1,2,1,0,0,1,62,99,1,1,51,1,0
47,470622,1,2,1,11,9,15,20,12,2,1,0,47,1,12,401,12401,14,1995,1FMDU32X0SUA,1,F,M,D,U,3,2,X,0,S,U,A,0,0,0,000000000,00000000000,0,0,0,1,0,0,0,0,0,0,0,998,0,0,0,12,6,2,12,0,0,0,1,47,38075,6,1,0,0,3,0,71,150,0,0,0,1,0,7,2012,7,2012,0,28,0,0,0,1,2,55,1,1,2,2,0,0,1,10,1,1,2,50,1,0
47,470622,2,2,1,11,9,15,20,12,2,1,0,47,3,86,881,86881,63,2007,1M2AL02C37M0,1,M,2,A,L,0,2,C,3,7,M,0,0,0,57,02387862,5702387862,3,2,4,1,0,0,0,0,0,0,0,998,7,1,5,12,6,2,12,0,0,0,1,47,38019,6,1,6,0,3,0,71,176,0,0,0,0,0,0,0,0,0,0,0,0,0,0,1,2,55,1,1,2,2,0,0,1,62,99,1,1,51,0,0
47,470623,1,2,1,5,8,16,32,12,2,1,0,39,1,41,51,41051,4,2010,JM1BL1SF4A13,J,M,1,B,L,1,S,F,4,A,1,3,0,0,0,000000000,00000000000,0,0,0,1,0,0,0,0,0,0,0,998,0,0,0,12,6,2,12,0,0,0,1,47,37912,6,1,0,0,3,0,65,180,0,0,0,1,0,5,2014,5,2014,9,38,51,0,0,1,2,45,1,1,2,1,20,3,10,16,1,1,1,80,0,0
47,470623,2,2,1,5,8,16,32,12,2,1,0,47,1,63,35,63035,4,2007,KNALD1257751,K,N,A,L,D,1,2,5,7,7,5,1,0,0,0,000000000,00000000000,0,0,0,1,0,0,0,0,0,0,0,998,0,0,0,12,6,2,12,32,0,0,1,47,37849,6,1,0,0,3,0,63,175,0,0,0,0,0,0,0,0,0,0,0,0,0,0,1,2,45,1,1,2,1,0,0,1,54,99,1,1,81,1,0
47,470624,1,1,1,12,9,99,99,42,0,1,0,47,1,49,49,49049,6,2005,JTLKT3248540,J,T,L,K,T,3,2,4,8,5,4,0,0,0,0,000000000,00000000000,0,0,0,1,0,0,0,0,0,0,0,998,0,0,0,5,6,2,42,32,0,0,1,47,37369,6,1,0,0,3,1,60,103,0,0,0,0,0,0,0,0,0,0,0,0,0,0,1,2,45,3,5,2,1,0,0,14,13,1,1,4,1,1,0
47,470625,1,1,3,16,9,1,40,30,0,1,0,47,2,20,4,20004,2,1996,1G1YY2259T51,1,G,1,Y,Y,2,2,5,9,T,5,1,0,0,0,000000000,00000000000,0,0,0,1,0,0,0,0,0,0,0,998,0,1,6,9,6,2,30,0,0,0,1,47,38111,3,1,0,0,2,0,72,230,0,0,0,0,0,0,0,0,0,3,58,0,0,0,1,4,40,2,1,2,1,0,0,14,6,7,3,4,2,2,0
47,470626,1,1,1,19,9,20,12,1,0,1,0,47,1,72,706,72706,80,1997,1HD1CGP12VY2,1,H,D,1,C,G,P,1,2,V,Y,2,0,0,0,000000000,00000000000,0,0,0,1,0,0,0,0,0,0,0,998,0,0,0,0,6,2,24,0,0,0,1,47,37650,6,1,0,0,3,1,65,280,0,0,0,0,0,0,0,0,0,9,28,0,0,0,1,2,45,3,1,2,1,0,0,14,6,6,1,6,98,1,1
47,470627,1,2,2,17,9,20,26,12,6,1,0,18,3,82,881,82881,66,2007,1FUJA6CK67LX,1,F,U,J,A,6,C,K,6,7,L,X,1,1,57,01648850,5701648850,3,6,1,1,0,0,0,0,0,0,0,998,0,0,0,63,6,2,12,0,0,0,1,47,38572,6,1,6,0,3,1,72,225,2,0,0,1,0,10,2011,4,2014,9,24,0,0,0,1,2,55,1,1,2,1,0,0,13,98,99,1,2,98,0,0
47,470627,2,2,2,17,9,20,26,12,6,1,0,47,1,12,471,12471,30,2000,1FTYR10V2YTP,1,F,T,Y,R,1,0,V,2,Y,T,P,0,0,0,000000000,00000000000,0,0,0,1,0,0,0,0,0,0,0,998,1,0,0,12,6,2,12,0,0,0,1,47,38555,6,1,0,0,3,0,69,196,0,0,0,0,0,0,0,0,0,9,99,99,99,99,1,2,55,1,1,2,1,0,0,1,98,4,1,1,98,1,0
47,470628,1,2,1,20,9,22,5,12,2,1,0,47,1,37,706,37706,80,2006,JH2SC57076M2,J,H,2,S,C,5,7,0,7,6,M,2,0,0,0,000000000,00000000000,0,0,0,1,0,0,0,0,0,0,0,998,0,0,0,12,6,2,12,0,0,0,1,47,38028,6,1,0,0,3,0,67,145,0,0,0,4,1,9,2012,8,2014,0,36,48,0,0,2,4,45,1,1,2,1,2,3,11,15,1,1,1,68,1,0
47,470628,2,2,1,20,9,22,5,12,2,1,0,47,1,49,40,49040,4,2012,4T1BF1FK1CU5,4,T,1,B,F,1,F,K,1,C,U,5,0,0,0,000000000,00000000000,0,0,0,1,0,0,0,0,0,0,0,998,0,0,0,12,6,2,12,0,0,0,1,47,38135,6,1,0,0,3,3,68,135,1,0,0,1,1,12,2012,5,2013,0,0,0,0,0,2,5,45,1,1,2,1,2,3,1,66,99,1,1,69,0,0
47,470629,1,2,1,8,9,17,51,12,6,1,0,93,3,84,881,84881,66,2012,3HSDJSJR1CN6,3,H,S,D,J,S,J,R,1,C,N,6,1,1,57,00265752,5700265752,3,6,1,1,0,0,0,0,0,0,0,998,0,0,0,12,6,2,12,0,0,0,1,47,37075,6,1,6,0,3,1,69,180,1,0,0,1,0,12,2012,8,2013,0,24,0,0,0,1,2,35,1,1,2,1,0,0,1,67,99,1,1,69,0,0
47,470629,2,2,1,8,9,17,51,12,6,1,0,47,2,49,43,49043,4,1999,4T1BF18B6XU2,4,T,1,B,F,1,8,B,6,X,U,2,0,0,0,000000000,00000000000,0,0,0,1,0,0,0,0,0,0,0,998,0,0,0,9,6,2,12,0,0,0,1,47,37218,6,1,0,0,3,1,73,190,0,0,0,0,0,0,0,0,0,0,38,0,0,0,1,3,35,1,1,2,1,20,3,11,15,1,1,1,68,1,0
47,470630,1,1,1,21,9,9,13,1,0,1,0,18,1,53,706,53706,80,2001,JS1GT74AX121,J,S,1,G,T,7,4,A,X,1,2,1,0,0,0,000000000,00000000000,0,0,0,1,0,0,0,0,0,0,0,998,0,0,0,0,6,2,42,0,0,0,1,18,46227,6,1,0,0,3,0,70,185,0,0,0,0,0,0,0,0,0,3,0,0,0,0,1,2,30,3,2,2,1,0,0,14,6,3,2,1,98,1,0
47,470631,1,1,2,29,8,17,57,42,0,1,0,47,2,35,39,35039,4,2005,1N4BA41E35C8,1,N,4,B,A,4,1,E,3,5,C,8,0,0,0,000000000,00000000000,0,0,0,1,0,0,0,0,0,0,0,998,0,1,5,6,6,2,1,0,0,0,1,47,37387,2,1,0,0,2,0,75,260,0,1,1,0,0,7,2014,7,2014,5,36,0,0,0,1,2,45,1,1,2,1,0,0,1,6,7,5,4,2,1,1
47,470632,1,1,1,10,9,16,5,24,0,1,0,47,2,69,54,69054,3,2004,WMWRC33454TJ,W,M,W,R,C,3,3,4,5,4,T,J,0,0,0,000000000,00000000000,0,0,0,1,0,0,0,0,0,0,0,998,0,1,5,10,6,2,1,0,0,0,1,47,37421,6,1,0,0,3,1,62,130,0,0,0,0,0,0,0,0,0,0,58,0,0,0,3,2,70,1,1,2,1,0,0,1,12,7,2,4,6,1,0
47,470633,1,1,1,16,9,16,25,1,0,1,0,47,1,72,706,72706,80,2007,1HD1BW5157Y0,1,H,D,1,B,W,5,1,5,7,Y,0,0,0,0,000000000,00000000000,0,0,0,1,0,0,0,0,0,0,0,998,0,0,0,0,6,2,1,0,0,0,1,47,37096,6,1,0,0,2,1,72,215,0,0,0,0,0,0,0,0,0,0,52,0,0,0,1,2,55,3,1,2,1,0,0,14,6,3,2,4,2,1,0
47,470634,1,2,2,13,9,14,36,12,6,1,0,25,1,14,20,14020,4,2005,1MEHM43115G6,1,M,E,H,M,4,3,1,1,5,G,6,0,0,0,000000000,00000000000,0,0,0,1,0,0,0,0,0,0,0,998,0,0,0,9,4,5,12,0,0,0,1,25,37128,6,1,0,0,3,1,72,999,0,0,0,0,0,0,0,0,0,0,38,0,0,0,1,2,45,1,1,2,1,20,3,11,15,1,1,1,82,0,0
47,470634,2,2,2,13,9,14,36,12,6,1,0,47,2,53,706,53706,80,2012,JS1VS55A4C21,J,S,1,V,S,5,5,A,4,C,2,1,0,0,0,000000000,00000000000,0,0,0,1,0,0,0,0,0,0,0,998,0,0,0,12,6,2,12,0,0,0,1,47,37128,6,1,0,0,2,0,68,170,1,0,0,0,0,3,2014,3,2014,0,0,0,0,0,1,4,45,1,1,2,1,0,0,1,67,3,1,3,83,1,0
47,470635,1,1,1,14,9,13,6,42,0,1,0,47,1,59,34,59034,4,2001,JT8BD69S4101,J,T,8,B,D,6,9,S,4,1,0,1,0,0,0,000000000,00000000000,0,0,0,1,0,0,0,0,0,0,0,998,0,0,0,3,6,2,42,0,0,1,1,47,37323,6,1,0,0,3,1,71,167,1,3,1,0,0,10,2011,7,2014,0,28,36,58,0,2,2,70,2,1,2,1,0,0,14,6,8,2,4,7,1,0
47,470636,1,1,1,17,9,22,44,34,0,1,0,47,1,12,471,12471,30,1998,1FTZR15X3WPB,1,F,T,Z,R,1,5,X,3,W,P,B,0,0,0,000000000,00000000000,0,0,0,1,0,0,0,0,0,0,0,998,0,1,5,6,6,2,1,0,0,0,1,47,37354,6,1,0,0,3,0,73,236,0,0,0,0,0,0,0,0,0,4,58,0,0,0,1,2,45,3,6,2,1,0,0,14,6,6,4,4,7,1,1
47,470637,1,1,1,22,9,0,15,9,0,1,1,47,1,39,34,39034,4,2002,SAJDA03N12FM,S,A,J,D,A,0,3,N,1,2,F,M,0,0,0,000000000,00000000000,0,0,0,1,0,0,0,0,0,0,0,998,0,0,0,12,4,5,9,0,0,0,1,47,37042,0,0,0,0,0,0,999,999,0,1,1,0,0,4,2014,4,2014,9,99,99,99,99,5,5,45,3,6,2,1,0,0,14,13,99,9,4,13,0,0
47,470638,1,1,1,19,9,3,30,42,0,1,0,6,1,20,431,20431,16,1990,1GNGR26K6LF1,1,G,N,G,R,2,6,K,6,L,F,1,0,0,0,000000000,00000000000,0,0,0,1,0,0,0,0,0,0,0,998,0,1,6,12,6,2,1,0,0,0,1,6,95405,2,1,2,0,2,0,71,165,0,1,0,0,0,4,2013,4,2013,0,28,58,0,0,2,2,45,3,1,2,1,0,0,14,6,6,3,4,2,1,1
47,470639,1,1,1,7,9,13,0,42,0,1,0,47,1,20,32,20032,4,2000,1Y1SK5289YZ4,1,Y,1,S,K,5,2,8,9,Y,Z,4,0,0,0,000000000,00000000000,0,0,0,1,0,0,0,0,0,0,0,998,0,1,5,12,6,2,42,32,0,0,1,47,37019,6,1,0,0,3,0,66,170,0,0,0,0,0,0,0,0,0,0,0,0,0,0,1,2,45,3,6,2,1,0,0,14,13,99,1,4,1,1,0
47,470640,1,2,1,25,9,21,16,12,2,1,0,47,1,72,706,72706,80,1997,1HD1BJL46VY0,1,H,D,1,B,J,L,4,6,V,Y,0,0,0,0,000000000,00000000000,0,0,0,1,0,0,0,0,0,0,0,998,0,0,0,12,6,2,12,0,0,0,1,47,37601,1,1,1,0,2,0,72,240,0,0,0,0,0,0,0,0,0,9,51,0,0,0,5,7,45,1,1,2,1,0,0,1,54,1,1,1,52,1,1
47,470640,2,2,2,25,9,21,16,12,2,1,0,47,2,6,52,6052,6,2002,3C8FY68B92T2,3,C,8,F,Y,6,8,B,9,2,T,2,0,0,0,000000000,00000000000,0,0,0,1,0,0,0,0,0,0,0,998,0,0,0,12,6,2,12,32,0,0,1,47,37660,6,1,0,0,3,0,61,135,0,0,0,0,0,0,0,0,0,0,0,0,0,0,5,7,45,1,1,2,1,0,0,1,54,99,1,1,52,0,0
47,470641,1,2,1,25,9,22,53,12,6,1,0,47,1,59,31,59031,4,2008,JTHBJ46G7821,J,T,H,B,J,4,6,G,7,8,2,1,0,0,0,000000000,00000000000,0,0,0,1,0,0,0,0,0,0,0,998,0,0,0,12,6,2,12,0,0,0,1,47,37849,6,1,0,0,3,0,73,270,0,0,0,0,0,0,0,0,0,9,39,0,0,0,6,3,55,1,6,2,1,1,3,1,17,99,9,3,88,1,1
47,470641,2,2,1,25,9,22,53,12,6,1,0,47,2,41,441,41441,20,2004,JM3LW28J2405,J,M,3,L,W,2,8,J,2,4,0,5,0,0,0,000000000,00000000000,0,0,0,1,0,0,0,0,0,0,0,998,0,0,0,11,9,2,12,0,0,0,1,47,37909,6,2,0,0,3,3,65,126,1,0,0,0,0,2,2013,2,2013,9,0,0,0,0,2,3,45,1,6,2,1,1,3,1,66,99,9,3,89,0,0
47,470642,1,1,2,20,9,18,15,34,0,1,0,47,2,41,441,41441,20,1997,JM3LV5228V08,J,M,3,L,V,5,2,2,8,V,0,8,0,0,0,000000000,00000000000,0,0,0,1,0,0,0,0,0,0,0,998,0,1,5,7,6,2,1,0,0,0,1,47,38357,6,1,6,0,3,1,72,208,0,0,0,1,0,3,2013,3,2013,4,6,28,58,0,1,2,55,2,2,2,1,0,0,14,6,9,3,4,2,1,1
47,470643,1,1,1,23,9,1,26,43,0,1,0,47,1,12,17,12017,4,2003,1FAFP55U83A1,1,F,A,F,P,5,5,U,8,3,A,1,0,0,0,000000000,00000000000,0,0,0,1,0,0,0,0,0,0,0,998,0,0,0,12,6,2,43,0,0,0,1,47,37814,2,1,2,0,2,0,71,210,0,1,0,0,1,11,2011,2,2012,0,28,0,0,0,1,2,35,2,6,2,1,0,0,14,6,3,2,4,7,1,1
47,470644,1,2,2,18,9,11,30,12,2,1,0,21,1,52,37,52037,3,2009,4A3AK24F39E0,4,A,3,A,K,2,4,F,3,9,E,0,0,0,0,000000000,00000000000,0,0,0,1,0,0,0,0,0,0,0,998,0,0,0,12,6,2,12,0,0,0,1,21,42519,6,1,0,0,3,0,73,160,0,0,0,0,0,0,0,0,0,0,6,28,0,0,5,5,55,2,1,2,1,0,0,14,10,1,1,2,50,1,0
47,470644,2,2,1,18,9,11,30,12,2,1,0,47,2,49,40,49040,4,2011,4T1BF3EK4BU7,4,T,1,B,F,3,E,K,4,B,U,7,0,0,0,000000000,00000000000,0,0,0,1,0,0,0,0,0,0,0,998,0,0,0,12,6,2,12,0,0,0,1,47,37755,6,1,0,0,3,1,62,155,0,0,0,0,0,0,0,0,0,0,24,0,0,0,5,5,55,3,1,2,1,0,0,14,62,99,1,1,51,0,0
47,470645,1,4,1,26,9,16,23,12,1,1,0,47,2,20,25,20025,4,2011,1G1PH5S96B71,1,G,1,P,H,5,S,9,6,B,7,1,0,0,0,000000000,00000000000,0,0,0,1,0,0,0,0,0,0,0,998,0,0,0,12,6,2,12,0,0,0,1,47,38555,6,1,0,0,3,1,72,150,0,0,0,0,0,0,0,0,0,0,26,0,0,0,3,4,55,1,5,2,1,0,0,1,52,1,1,1,28,0,0
47,470645,2,4,1,26,9,16,23,12,1,1,0,47,1,20,9,20009,2,1995,2G1FP22S2S21,2,G,1,F,P,2,2,S,2,S,2,1,0,0,0,000000000,00000000000,0,0,0,1,0,0,0,0,0,0,0,998,0,0,0,6,6,2,12,0,0,0,1,47,37846,6,1,0,0,3,0,71,155,0,0,0,1,0,4,2013,4,2013,0,0,0,0,0,3,4,55,1,5,2,1,0,0,2,53,1,1,1,29,1,0
47,470645,3,4,1,26,9,16,23,12,1,1,0,47,2,51,48,51048,6,2005,YV1MW3823520,Y,V,1,M,W,3,8,2,3,5,2,0,0,0,0,000000000,00000000000,0,0,0,1,0,0,0,0,0,0,0,998,0,0,0,6,6,2,12,0,0,0,1,47,37934,6,1,0,0,3,1,62,115,0,0,0,0,0,0,0,0,0,0,0,0,0,0,3,4,55,1,5,2,1,0,0,1,53,1,1,1,98,0,0
47,470645,4,4,2,26,9,16,23,12,1,1,0,47,1,35,47,35047,4,2009,1N4AL21E89C1,1,N,4,A,L,2,1,E,8,9,C,1,0,0,0,000000000,00000000000,0,0,0,1,0,0,0,0,0,0,0,998,0,0,0,12,6,2,12,0,0,0,1,99,37931,9,9,99,9,9,9,999,999,99,99,99,99,99,99,9999,99,9999,0,0,0,0,0,3,4,55,1,5,2,1,0,0,1,51,6,1,2,98,0,0
47,470646,1,2,2,27,9,3,23,12,1,1,0,47,0,14,4,14004,2,1994,1MELM62W5RH6,1,M,E,L,M,6,2,W,5,R,H,6,0,0,0,000000000,00000000000,0,0,0,1,0,0,0,0,0,0,0,998,2,0,0,12,6,2,12,0,0,0,1,47,37404,2,1,2,0,2,0,68,210,0,1,0,0,0,8,2014,8,2014,3,36,41,0,0,1,4,35,1,1,2,1,1,3,1,50,3,2,1,20,0,1
47,470646,2,2,3,27,9,3,23,12,1,1,0,47,1,54,35,54035,4,2001,19UUA56661A0,1,9,U,U,A,5,6,6,6,1,A,0,0,0,0,000000000,00000000000,0,0,0,1,0,0,0,0,0,0,0,0,0,0,0,6,6,2,12,0,0,0,1,47,37343,6,1,0,0,3,0,73,201,1,0,0,0,0,6,2013,6,2013,0,0,0,0,0,1,4,35,1,1,2,1,1,3,5,53,1,1,1,21,1,0
47,470647,1,1,4,28,9,21,21,42,0,1,0,47,1,35,39,35039,4,2001,JN1CA31D21T8,J,N,1,C,A,3,1,D,2,1,T,8,0,0,0,000000000,00000000000,0,0,0,1,0,0,0,0,0,0,0,998,0,0,0,12,6,2,42,0,0,0,1,47,37742,6,1,0,0,3,0,69,190,0,0,0,0,0,0,0,0,0,0,28,58,0,0,1,2,30,1,1,2,1,0,0,1,13,6,1,4,6,1,0
47,470648,1,2,1,27,9,22,2,8,0,1,1,99,9,99,999,99999,99,9999,999999999999,9,9,9,9,9,9,9,9,9,9,9,9,9,0,0,000000000,00000000000,0,0,0,1,0,0,0,0,99,99,0,999,0,0,0,99,9,5,8,99,99,0,1,99,99999,9,9,99,9,9,9,999,999,99,99,99,99,99,99,9999,99,9999,9,99,99,99,99,5,4,40,1,1,2,1,0,0,1,80,98,1,9,13,0,0
47,470648,2,2,2,27,9,22,2,8,0,1,0,47,1,63,402,63402,14,2012,5XYKT4A22CG2,5,X,Y,K,T,4,A,2,2,C,G,2,0,0,0,000000000,00000000000,0,0,0,1,0,0,0,0,0,0,0,998,0,0,0,14,0,5,8,0,0,0,1,47,38116,6,1,0,0,3,3,66,190,0,0,0,0,0,0,0,0,0,0,0,0,0,0,5,4,40,1,1,2,1,0,0,1,80,98,1,9,98,0,0
47,470649,1,1,1,27,9,13,7,1,0,1,0,47,1,2,403,2403,14,2003,1J4FA49S73P3,1,J,4,F,A,4,9,S,7,3,P,3,0,0,0,000000000,00000000000,0,0,0,1,0,0,0,0,0,0,0,998,0,2,3,0,6,2,1,0,0,0,1,47,37167,6,1,0,0,3,0,64,157,0,0,0,0,0,0,0,0,0,0,28,36,58,0,2,4,55,1,1,2,1,0,0,15,13,6,9,4,8,1,0
47,470650,1,2,1,15,9,20,59,12,2,1,0,47,1,20,401,20401,14,1999,1GNCT18W3XK1,1,G,N,C,T,1,8,W,3,X,K,1,0,0,0,000000000,00000000000,0,0,0,1,0,0,0,0,0,0,0,998,0,0,0,12,6,2,12,0,0,0,1,47,38451,6,1,0,0,3,1,65,172,1,0,0,0,0,10,2013,10,2013,0,4,6,28,36,1,2,55,1,1,2,1,0,0,1,10,1,1,2,50,1,0
47,470650,2,2,1,15,9,20,59,12,2,1,0,47,2,12,37,12037,4,2008,1FAHP35N98W1,1,F,A,H,P,3,5,N,9,8,W,1,0,0,0,000000000,00000000000,0,0,0,1,0,0,0,0,0,0,0,998,0,0,0,12,6,2,12,0,0,0,1,47,38401,6,1,0,0,3,0,65,135,0,0,0,0,0,0,0,0,0,0,0,0,0,0,1,2,55,1,1,2,1,0,0,1,62,3,2,1,51,0,0
47,470651,1,2,2,30,9,6,31,12,1,1,0,13,1,52,35,52035,2,2002,JA3AY11A02U0,J,A,3,A,Y,1,1,A,0,2,U,0,0,0,0,000000000,00000000000,0,0,0,1,0,0,0,0,0,0,0,998,0,0,0,12,6,2,12,0,0,0,1,13,30721,6,1,0,0,3,0,71,185,98,0,0,1,0,8,2013,8,2013,0,26,0,0,0,3,3,65,1,2,2,2,0,0,1,50,1,1,1,20,1,0
47,470651,2,2,1,30,9,6,31,12,1,1,0,17,3,82,881,82881,66,2014,3AKJGLD63ESF,3,A,K,J,G,L,D,6,3,E,S,F,1,1,57,00092493,5700092493,3,6,3,1,0,0,0,0,0,0,0,0,0,0,0,6,6,2,12,0,0,0,1,13,30666,6,1,6,0,3,0,999,999,98,1,0,0,0,7,2014,7,2014,0,0,0,0,0,3,3,65,1,2,2,2,0,0,5,53,1,1,1,21,0,0
47,470652,1,1,1,29,9,7,13,42,0,1,0,47,1,35,471,35471,30,1996,1N6SD16Y9TC3,1,N,6,S,D,1,6,Y,9,T,C,3,0,0,0,000000000,00000000000,0,0,0,1,0,0,0,0,0,0,0,998,0,0,0,1,6,2,42,0,0,0,1,47,37909,6,1,0,0,3,0,73,165,1,0,0,0,0,9,2012,9,2012,0,0,0,0,0,2,2,50,1,2,2,2,0,0,1,12,6,5,4,7,1,0
47,470654,1,2,2,18,9,16,53,12,6,1,0,47,2,20,471,20471,30,1995,1GCCS14Z6S82,1,G,C,C,S,1,4,Z,6,S,8,2,0,0,0,000000000,00000000000,0,0,0,1,0,0,0,0,0,0,0,998,0,0,0,9,6,2,12,0,0,0,1,47,37874,6,1,0,0,3,1,65,225,0,0,0,0,0,0,0,0,0,0,38,0,0,0,0,0,0,0,0,0,0,0,0,8,66,1,1,1,89,2,0