STATE,ST_CASE,VEH_NO,VE_FORMS,NUMOCCS,DAY,MONTH,HOUR,MINUTE,HARM_EV,MAN_COLL,UNITTYPE,HIT_RUN,REG_STAT,OWNER,MAKE,MODEL,MAK_MOD,BODY_TYP,MOD_YEAR,VIN,VIN_1,VIN_2,VIN_3,VIN_4,VIN_5,VIN_6,VIN_7,VIN_8,VIN_9,VIN_10,VIN_11,VIN_12,TOW_VEH,J_KNIFE,MCARR_I1,MCARR_I2,MCARR_ID,GVWR,V_CONFIG,CARGO_BT,HAZ_INV,HAZ_PLAC,HAZ_ID,HAZ_CNO,HAZ_REL,BUS_USE,SPEC_USE,EMER_USE,TRAV_SP,UNDERIDE,ROLLOVER,ROLINLOC,IMPACT1,DEFORMED,TOWED,M_HARM,VEH_SC1,VEH_SC2,FIRE_EXP,DR_PRES,L_STATE,DR_ZIP,L_STATUS,L_TYPE,CDL_STAT,L_ENDORS,L_COMPL,L_RESTRI,DR_HGT,DR_WGT,PREV_ACC,PREV_SUS,PREV_DWI,PREV_SPD,PREV_OTH,FIRST_MO,FIRST_YR,LAST_MO,LAST_YR,SPEEDREL,DR_SF1,DR_SF2,DR_SF3,DR_SF4,VTRAFWAY,VNUM_LAN,VSPD_LIM,VALIGN,VPROFILE,VPAVETYP,VSURCOND,VTRAFCON,VTCONT_F,P_CRASH1,P_CRASH2,P_CRASH3,PCRASH4,PCRASH5,ACC_TYPE,DEATHS,DR_DRINK
47,470654,2,2,1,18,9,16,53,12,6,1,0,47,3,12,481,12481,31,2000,1FTNX21F4YEC,1,F,T,N,X,2,1,F,4,Y,E,C,1,1,0,000000000,00000000000,0,0,0,1,0,0,0,0,0,0,0,998,0,0,0,12,6,2,12,0,0,0,1,47,37874,6,1,0,0,3,0,72,225,1,0,0,0,0,6,2014,6,2014,0,0,0,0,0,1,2,45,1,1,2,1,0,0,1,73,99,1,1,88,0,1
47,470655,1,1,2,25,9,13,13,42,0,1,0,47,1,35,443,35443,20,1999,4N2XN11T0XD8,4,N,2,X,N,1,1,T,0,X,D,8,0,0,0,000000000,00000000000,0,0,0,1,0,0,0,0,0,0,0,998,0,0,0,12,6,2,42,0,0,0,1,47,37305,6,1,0,0,3,3,64,200,0,0,0,0,0,0,0,0,0,0,28,0,0,0,1,2,30,1,1,2,1,0,0,1,12,1,1,4,6,1,0
47,470656,1,2,1,5,7,16,25,12,2,1,0,47,1,76,703,76703,80,1975,351301785,3,5,1,3,0,1,7,8,5,,,,0,0,0,000000000,00000000000,0,0,0,1,0,0,0,0,0,0,0,998,0,0,0,12,6,2,12,0,0,0,1,47,37931,6,1,0,0,3,3,71,200,0,0,0,0,0,0,0,0,0,3,0,0,0,0,1,2,40,1,2,2,1,0,0,1,62,99,9,3,69,1,0
47,470656,2,2,1,5,7,16,25,12,2,1,0,47,2,49,32,49032,4,1998,1NXBR18E5WZ0,1,N,X,B,R,1,8,E,5,W,Z,0,0,0,0,000000000,00000000000,0,0,0,1,0,0,0,0,0,0,0,998,0,0,0,12,6,2,12,0,0,0,1,47,37918,6,1,0,0,3,0,65,150,0,0,0,0,0,0,0,0,0,0,38,0,0,0,1,2,40,1,2,2,1,0,0,11,15,99,1,3,68,0,0
47,470657,1,1,1,28,9,15,30,8,0,1,0,47,3,13,13,13013,4,2014,3LN6L2LU8ER8,3,L,N,6,L,2,L,U,8,E,R,8,0,0,0,000000000,00000000000,0,0,0,1,0,0,0,0,0,0,0,998,0,0,0,12,2,5,8,0,0,0,1,47,37774,6,1,0,0,3,3,63,130,0,0,0,0,0,0,0,0,0,0,28,0,0,0,1,2,45,3,1,2,1,0,0,14,13,1,1,4,13,0,0
47,470658,1,1,4,27,9,22,15,24,0,1,0,48,2,12,401,12401,14,2002,1FMYU60E52UC,1,F,M,Y,U,6,0,E,5,2,U,C,0,0,0,000000000,00000000000,0,0,0,1,0,0,0,0,0,0,0,998,0,1,2,11,6,2,1,0,0,0,1,48,77081,0,0,0,0,0,0,999,999,99,99,99,99,99,99,9999,99,9999,0,6,28,36,0,3,2,70,2,1,2,1,0,0,14,12,1,1,4,6,1,0
47,470659,1,1,1,27,9,13,45,32,0,1,0,47,1,24,1,24001,4,2002,1G8ZH54892Z1,1,G,8,Z,H,5,4,8,9,2,Z,1,0,0,0,000000000,00000000000,0,0,0,1,0,0,0,0,0,0,0,998,0,1,5,12,6,2,1,32,0,0,1,47,37167,1,1,1,0,2,0,67,120,1,3,0,0,1,10,2011,10,2013,9,99,99,99,99,1,2,45,1,1,2,1,0,0,1,13,1,1,4,1,1,0
47,470660,1,2,1,23,9,22,30,12,2,1,0,21,1,24,7,24007,4,2006,1G8AJ55F46Z1,1,G,8,A,J,5,5,F,4,6,Z,1,0,0,0,000000000,00000000000,0,0,0,1,0,0,0,0,0,0,0,998,0,0,0,12,6,2,12,0,0,0,1,21,42104,6,1,0,0,3,0,73,200,1,0,0,0,0,5,2013,5,2013,0,51,0,0,0,2,2,70,1,1,2,1,0,0,1,54,99,1,3,52,0,1
47,470660,2,2,2,23,9,22,30,12,2,1,0,29,4,49,40,49040,4,2013,4T1BF1FK7DU2,4,T,1,B,F,1,F,K,7,D,U,2,0,0,0,000000000,00000000000,0,0,0,1,0,0,0,0,0,0,0,998,0,0,0,12,6,2,12,0,0,0,1,8,80111,6,1,0,0,3,1,64,125,0,0,0,0,1,4,2012,4,2012,0,0,0,0,0,2,2,70,1,1,2,1,0,0,1,54,99,1,3,52,1,0
47,470661,1,1,2,28,9,0,40,35,0,1,0,47,2,20,481,20481,31,1997,1GBGC24R0VZ1,1,G,B,G,C,2,4,R,0,V,Z,1,0,0,0,000000000,00000000000,0,0,0,1,0,0,0,0,0,0,0,998,0,1,5,9,6,2,1,0,0,0,1,47,37301,6,1,0,0,3,0,66,160,0,0,0,1,0,9,2013,9,2013,5,6,0,0,0,1,2,35,1,2,2,1,0,0,1,6,99,4,4,7,1,1
47,470662,1,2,0,9,8,10,37,12,1,1,0,13,6,82,881,82881,66,2005,1FUJA6CG55LU,1,F,U,J,A,6,C,G,5,5,L,U,1,1,57,02126609,5702126609,3,6,1,1,0,0,0,0,0,0,0,0,0,0,0,6,4,3,12,0,0,0,0,0,99997,7,6,97,7,6,7,998,997,998,998,998,998,998,98,9998,98,9998,8,0,0,0,0,3,4,55,1,1,2,1,98,3,0,98,0,0,0,98,0,0
47,470662,2,2,1,9,8,10,37,12,1,1,0,47,2,35,443,35443,20,1997,4N2DN1115VD8,4,N,2,D,N,1,1,1,5,V,D,8,0,0,0,000000000,00000000000,0,0,0,1,0,0,0,0,0,0,0,998,1,0,0,12,6,2,12,0,0,0,1,47,37206,6,1,0,0,3,0,72,210,1,0,0,0,0,4,2014,4,2014,0,0,0,0,0,3,4,55,1,1,2,1,0,0,1,50,99,1,4,98,1,0
47,470663,1,1,5,30,9,23,0,24,0,1,0,55,3,82,881,82881,66,2004,1FUJA6AV74LN,1,F,U,J,A,6,A,V,7,4,L,N,1,1,57,00278091,5700278091,3,6,1,1,0,0,0,0,0,0,0,998,0,1,3,62,6,2,1,0,0,0,1,55,53206,6,1,6,0,3,0,69,160,3,0,0,0,1,5,2014,8,2014,0,0,0,0,0,3,2,60,2,1,2,1,0,0,14,12,1,1,4,6,1,0
47,470664,1,3,2,29,9,16,35,12,1,1,0,47,1,49,40,49040,2,1994,4T1SK12C4RU4,4,T,1,S,K,1,2,C,4,R,U,4,0,0,0,000000000,00000000000,0,0,0,1,0,0,0,0,0,0,0,998,1,0,0,6,6,2,12,0,0,0,1,47,37129,6,1,0,0,3,0,62,150,0,2,0,1,0,10,2011,12,2011,0,45,0,0,0,3,4,70,1,1,2,1,0,0,2,53,1,1,1,29,2,0
47,470664,2,3,1,29,9,16,35,12,1,1,0,47,3,82,881,82881,62,2007,1FVACWDCX7HX,1,F,V,A,C,W,D,C,X,7,H,X,0,0,57,00061575,5700061575,2,1,1,1,0,0,0,0,0,0,0,998,7,0,0,12,6,2,12,0,0,0,1,47,38242,6,1,6,0,3,0,70,250,0,0,0,0,0,0,0,0,0,0,0,0,0,0,3,4,70,1,1,2,1,0,0,1,52,98,1,1,28,0,0
47,470664,3,3,1,29,9,16,35,12,1,1,0,47,1,72,706,72706,80,2006,1HD1FRW126Y6,1,H,D,1,F,R,W,1,2,6,Y,6,0,0,0,000000000,00000000000,0,0,0,1,0,0,0,0,0,0,0,998,0,0,0,82,6,2,12,0,0,0,1,47,37086,6,1,0,0,3,0,67,184,0,0,0,1,1,4,2012,5,2012,0,89,0,0,0,3,4,70,1,1,2,1,0,0,1,52,98,1,1,98,0,0
47,470665,1,1,1,28,9,19,39,42,0,1,0,47,1,20,16,20016,2,2002,1G1JH12T4271,1,G,1,J,H,1,2,T,4,2,7,1,0,0,0,000000000,00000000000,0,0,0,1,0,0,0,0,0,0,0,998,0,1,5,3,6,2,1,0,0,0,1,47,37022,2,1,0,0,2,0,999,999,1,0,0,0,0,1,2013,1,2013,0,0,0,0,0,1,2,45,3,1,2,1,0,0,14,12,99,4,4,7,1,1
47,470666,1,1,2,30,9,14,55,23,0,1,0,47,1,12,481,12481,31,1994,1FTEF15H8RNB,1,F,T,E,F,1,5,H,8,R,N,B,0,0,0,000000000,00000000000,0,0,0,1,0,0,0,0,0,0,0,998,0,0,0,10,6,2,23,0,0,0,1,47,38201,6,1,0,0,3,0,65,185,0,0,0,0,0,0,0,0,0,9,80,0,0,0,1,2,55,1,6,2,1,0,0,1,1,99,7,4,7,1,0
47,470667,1,1,1,2,10,22,30,1,0,1,0,47,1,76,705,76705,80,2005,JYARJ06E25A0,J,Y,A,R,J,0,6,E,2,5,A,0,0,0,0,000000000,00000000000,0,0,0,1,0,0,0,0,0,0,0,998,0,0,0,0,0,5,1,0,0,0,1,47,38588,6,1,0,0,2,0,67,140,0,0,0,0,2,7,2013,7,2014,3,0,0,0,0,1,2,45,3,1,2,1,0,0,14,6,1,1,4,1,1,1
47,470668,1,1,1,23,9,22,54,32,0,1,0,48,1,12,401,12401,14,2002,1FMZU63E42ZB,1,F,M,Z,U,6,3,E,4,2,Z,B,0,0,0,000000000,00000000000,0,0,0,1,0,0,0,0,0,0,0,998,0,1,5,1,6,2,42,0,0,1,1,48,75068,1,1,0,0,2,1,999,999,1,1,0,0,0,12,2012,8,2014,0,0,0,0,0,1,2,55,3,2,2,1,0,0,14,13,99,1,4,1,1,0
47,470669,1,2,2,27,9,23,50,12,2,1,0,47,2,20,36,20036,2,2000,2G1WW12E3Y91,2,G,1,W,W,1,2,E,3,Y,9,1,0,0,0,000000000,00000000000,0,0,0,1,0,0,0,0,0,0,0,998,0,0,0,12,6,2,12,0,0,0,1,47,37058,6,1,0,0,3,0,74,185,1,0,0,0,0,12,2013,12,2013,0,36,38,0,0,5,5,45,1,1,2,1,2,3,11,15,1,1,1,68,0,1
47,470669,2,2,2,27,9,23,50,12,2,1,0,47,1,77,706,77706,80,2007,5VPAB26D0730,5,V,P,A,B,2,6,D,0,7,3,0,0,0,0,000000000,00000000000,0,0,0,1,0,0,0,0,0,0,0,998,0,0,0,12,6,2,12,0,0,0,1,48,37042,6,1,0,0,3,1,999,999,0,0,0,0,0,0,0,0,0,0,0,0,0,0,5,5,45,1,1,2,1,2,3,1,62,99,1,3,69,1,0
47,470670,1,1,4,26,9,22,32,34,0,1,0,47,2,20,16,20016,2,2001,1G1JF12T1171,1,G,1,J,F,1,2,T,1,1,7,1,0,0,0,000000000,00000000000,0,0,0,1,0,0,0,0,0,0,0,998,0,1,5,12,6,2,1,0,0,0,1,47,38351,6,1,0,0,3,0,67,125,0,0,0,0,0,0,0,0,0,3,58,0,0,0,1,2,40,3,6,2,1,0,0,14,6,6,7,4,7,1,1
47,470671,1,1,1,6,10,15,1,35,0,1,0,47,1,2,404,2404,14,1998,1J4FJ67S2WL2,1,J,4,F,J,6,7,S,2,W,L,2,0,0,0,000000000,00000000000,0,0,0,1,0,0,0,0,0,0,0,998,0,1,5,11,6,2,1,0,0,0,1,47,37830,6,1,0,0,3,0,67,160,0,0,0,0,0,0,0,0,0,9,99,99,99,99,2,2,40,2,1,2,2,0,0,14,12,1,1,4,6,1,0
47,470672,1,1,1,7,10,99,99,42,0,1,0,47,1,7,482,7482,31,1997,1B6MF36D4VJ5,1,B,6,M,F,3,6,D,4,V,J,5,0,0,88,888888888,88888888888,2,1,97,1,0,0,0,0,0,0,0,998,0,0,0,10,6,2,42,0,0,0,1,47,38564,6,1,0,0,3,3,72,240,0,0,0,0,0,0,0,0,0,9,99,99,99,99,1,2,45,1,1,2,99,0,0,1,13,99,9,4,5,1,1
47,470673,1,2,1,1,10,15,13,12,6,1,0,47,1,12,471,12471,30,1996,1FTCR14A4TPA,1,F,T,C,R,1,4,A,4,T,P,A,0,0,0,000000000,00000000000,0,0,0,1,0,0,0,0,0,0,0,998,0,0,0,10,6,2,12,0,0,0,1,47,37379,6,1,0,0,3,0,70,185,0,0,0,0,0,0,0,0,0,0,0,0,0,0,1,2,99,1,2,2,1,20,3,10,16,99,1,3,78,1,0
47,470673,2,2,5,1,10,15,13,12,6,1,0,47,2,54,37,54037,2,1999,19UYA2257XL0,1,9,U,Y,A,2,2,5,7,X,L,0,0,0,0,000000000,00000000000,0,0,0,1,0,0,0,0,0,0,0,998,0,0,0,12,6,2,12,0,0,0,1,47,37343,6,1,0,0,3,0,71,195,0,0,0,0,0,0,0,0,0,0,0,0,0,0,2,2,55,1,2,2,1,0,0,1,65,99,1,3,79,0,0
47,470674,1,1,1,9,10,6,30,8,0,1,0,47,1,35,39,35039,4,2001,JN1CA31A41T1,J,N,1,C,A,3,1,A,4,1,T,1,0,0,0,000000000,00000000000,0,0,0,1,0,0,0,0,0,0,0,998,0,0,0,12,4,3,8,0,0,0,1,47,38106,1,1,0,0,2,0,71,175,0,2,0,0,1,2,2013,5,2014,0,0,0,0,0,5,7,40,1,1,2,1,0,0,1,80,4,1,3,13,0,0
47,470675,1,1,1,4,10,5,0,35,0,1,0,47,1,52,37,52037,1,1998,4A3AX55F8WE1,4,A,3,A,X,5,5,F,8,W,E,1,0,0,0,000000000,00000000000,0,0,0,1,0,0,0,0,0,0,0,998,0,1,5,12,6,2,35,0,0,1,1,47,37323,6,1,0,0,3,0,68,156,0,0,0,0,0,0,0,0,0,0,0,0,0,0,5,5,55,1,6,2,1,0,0,1,13,1,1,4,1,1,1
47,470676,1,1,1,4,10,19,45,24,0,1,0,47,2,76,706,76706,80,2003,JYARN07E63A0,J,Y,A,R,N,0,7,E,6,3,A,0,0,0,0,000000000,00000000000,0,0,0,1,0,0,0,0,0,0,0,998,0,0,0,10,6,2,24,0,0,0,1,47,38560,6,1,0,0,3,0,72,170,0,0,0,0,0,0,0,0,0,3,0,0,0,0,1,2,40,2,2,2,1,0,0,14,6,99,1,4,6,1,1
47,470677,1,1,1,5,10,99,99,23,0,1,0,0,0,53,734,53734,90,2008,5SAAR41A6871,5,S,A,A,R,4,1,A,6,8,7,1,0,0,0,000000000,00000000000,0,0,0,1,0,0,0,0,0,0,0,998,0,0,0,12,6,2,23,0,0,0,1,47,37122,6,1,0,0,1,0,69,160,0,0,0,0,0,0,0,0,0,0,0,0,0,0,1,2,40,3,2,2,99,0,0,14,13,99,9,4,1,1,1
47,470678,1,1,1,14,9,19,30,11,0,1,0,47,1,37,705,37705,80,1999,JH2RD0601XK7,J,H,2,R,D,0,6,0,1,X,K,7,0,0,0,000000000,00000000000,0,0,0,1,0,0,0,0,0,0,0,998,0,0,0,12,6,2,11,0,0,0,1,47,38253,6,1,0,0,2,0,71,200,0,0,0,0,0,0,0,0,0,0,0,0,0,0,1,2,55,1,1,2,1,0,0,1,87,3,2,1,13,1,0
47,470679,1,1,3,9,10,14,25,1,0,1,0,47,2,12,471,12471,30,1994,1FTCR10X9RUC,1,F,T,C,R,1,0,X,9,R,U,C,0,0,0,000000000,00000000000,0,0,0,1,0,0,0,0,0,0,0,998,0,1,5,0,6,2,1,0,0,0,1,47,37814,6,1,0,0,3,0,73,230,0,0,0,0,0,0,0,0,0,0,36,0,0,0,1,2,35,1,1,4,1,0,0,1,12,1,4,4,7,1,1
47,470680,1,1,1,11,10,11,20,34,0,1,0,47,2,12,3,12003,2,2006,1ZVFT80N6651,1,Z,V,F,T,8,0,N,6,6,5,1,0,0,0,000000000,00000000000,0,0,0,1,0,0,0,0,0,0,0,998,0,1,5,12,6,2,1,0,0,0,1,47,38571,6,1,4,0,3,0,71,150,0,0,0,0,0,0,0,0,0,0,0,0,0,0,1,2,45,1,2,2,2,0,0,1,13,1,1,4,1,1,0
47,470681,1,1,1,12,10,4,50,35,0,1,0,47,1,2,404,2404,14,1993,1J4FJ68S7PL5,1,J,4,F,J,6,8,S,7,P,L,5,0,0,0,000000000,00000000000,0,0,0,1,0,0,0,0,0,0,0,998,0,1,5,1,6,2,35,0,0,0,1,47,37766,6,1,0,0,3,3,65,135,0,0,0,0,0,0,0,0,0,9,99,99,99,99,3,2,55,2,2,2,2,0,0,14,6,99,2,4,2,1,0
47,470682,1,1,3,12,10,6,48,32,0,1,0,47,2,12,3,12003,1,2006,1ZVFT84N8651,1,Z,V,F,T,8,4,N,8,6,5,1,0,0,0,000000000,00000000000,0,0,0,1,0,0,0,0,0,0,0,998,0,1,5,14,6,2,1,0,0,0,1,47,37075,1,1,0,0,2,2,71,185,1,1,0,0,0,11,2013,6,2014,0,74,0,0,0,1,2,35,3,2,2,2,0,0,14,6,1,9,4,2,1,1
47,470683,1,1,2,5,10,8,0,57,0,1,0,47,2,35,47,35047,4,2009,1N4AL21E19N5,1,N,4,A,L,2,1,E,1,9,N,5,0,0,0,000000000,00000000000,0,0,0,1,0,0,0,0,0,0,0,998,0,0,0,12,6,2,24,0,0,0,1,47,37660,6,1,0,0,3,0,73,220,0,0,0,0,0,0,0,0,0,5,28,58,0,0,3,2,65,1,1,2,1,0,0,1,12,1,1,4,6,1,0
47,470684,1,2,2,11,10,10,28,12,6,1,0,18,2,55,35,55035,5,2004,KMHDN56D54U1,K,M,H,D,N,5,6,D,5,4,U,1,0,0,0,000000000,00000000000,0,0,0,1,0,0,0,0,0,0,0,998,0,0,0,9,6,2,12,0,0,0,1,18,46140,6,1,0,0,3,0,72,240,0,0,0,0,0,0,0,0,0,0,38,0,0,0,0,0,0,0,0,0,0,0,0,11,15,1,1,1,82,1,0
47,470684,2,2,2,11,10,10,28,12,6,1,0,47,1,35,402,35402,14,2010,5N1AN0NUXAC5,5,N,1,A,N,0,N,U,X,A,C,5,0,0,0,000000000,00000000000,0,0,0,1,0,0,0,0,0,0,0,998,0,0,0,12,6,2,12,0,0,0,1,47,37801,6,1,0,0,3,3,65,183,0,0,0,0,0,0,0,0,0,0,0,0,0,0,5,5,45,1,5,2,2,0,0,1,72,99,1,1,83,0,0
47,470685,1,2,1,11,10,11,15,12,6,1,0,47,1,41,471,41471,30,2002,4F4YR12D02TM,4,F,4,Y,R,1,2,D,0,2,T,M,0,0,0,000000000,00000000000,0,0,0,1,0,0,0,0,0,0,0,998,0,0,0,9,6,2,12,0,0,0,1,47,37659,6,1,0,0,3,0,72,150,1,0,0,0,0,12,2012,12,2012,0,38,0,0,0,0,0,0,0,0,0,0,0,0,11,15,1,1,1,82,1,0
47,470685,2,2,1,11,10,11,15,12,6,1,0,47,1,42,42,42042,4,1996,WDBHA28E7TF3,W,D,B,H,A,2,8,E,7,T,F,3,0,0,0,000000000,00000000000,0,0,0,1,0,0,0,0,0,0,0,998,0,0,0,12,6,2,12,0,0,0,1,47,37617,6,1,0,0,3,3,69,275,0,0,0,0,0,0,0,0,0,9,99,99,99,99,2,2,45,1,6,2,1,0,0,1,72,99,1,1,83,0,0
47,470686,1,2,1,12,10,17,42,12,6,1,0,47,1,37,32,37032,4,1996,1HGCD5652TA1,1,H,G,C,D,5,6,5,2,T,A,1,0,0,0,000000000,00000000000,0,0,0,1,0,0,0,0,0,0,0,998,0,0,0,3,6,2,12,0,0,0,1,47,38134,6,1,0,0,3,0,69,210,1,0,0,0,0,12,2011,12,2011,0,48,0,0,0,2,3,45,1,1,2,1,0,0,11,15,1,1,1,68,0,0
47,470686,2,2,1,12,10,17,42,12,6,1,0,47,1,72,706,72706,80,2013,1HD1LC312DC4,1,H,D,1,L,C,3,1,2,D,C,4,0,0,0,000000000,00000000000,0,0,0,1,0,0,0,0,0,0,0,998,0,0,0,12,6,2,12,0,0,0,1,47,38016,3,1,0,0,2,0,70,195,0,0,0,2,0,3,2013,4,2013,0,0,0,0,0,2,3,45,1,1,2,1,0,0,1,67,99,1,1,69,1,0
47,470687,1,1,2,18,8,15,8,53,0,1,0,47,1,20,37,20037,4,2006,1G1ZS51F86F2,1,G,1,Z,S,5,1,F,8,6,F,2,0,0,0,000000000,00000000000,0,0,0,1,0,0,0,0,0,0,0,50,0,0,0,12,6,2,30,0,0,0,1,47,37015,0,0,0,0,0,0,999,999,99,99,99,99,99,99,9999,99,9999,3,0,0,0,0,1,2,35,3,6,2,1,0,0,14,6,1,1,4,1,1,0
47,470688,1,2,1,9,9,14,57,12,6,1,0,47,1,45,40,45040,1,1999,WP0CA2981XU6,W,P,0,C,A,2,9,8,1,X,U,6,0,0,0,000000000,00000000000,0,0,0,1,0,0,0,0,0,0,0,70,0,1,5,5,6,2,1,0,0,0,1,47,37153,6,1,0,0,3,1,69,185,0,0,0,2,0,4,2012,5,2014,0,28,0,0,0,3,4,70,1,1,2,1,0,0,1,11,1,1,2,48,1,0
47,470688,2,2,1,9,9,14,57,12,6,1,0,47,1,20,36,20036,2,2002,2G1WW12E0293,2,G,1,W,W,1,2,E,0,2,9,3,0,0,0,000000000,00000000000,0,0,0,1,0,0,0,0,0,0,0,70,0,0,0,12,9,3,12,0,0,0,1,47,37130,6,1,0,0,3,0,70,190,0,0,0,0,1,12,2013,12,2013,0,0,0,0,0,3,4,70,1,1,2,1,0,0,1,60,99,1,1,48,0,0
47,470689,1,2,1,4,10,9,36,12,1,1,0,47,1,20,481,20481,31,2007,2GCEK19J8716,2,G,C,E,K,1,9,J,8,7,1,6,1,1,0,000000000,00000000000,0,0,0,1,0,0,0,0,0,0,0,998,0,0,0,12,6,2,12,0,0,0,1,47,37743,6,1,0,0,3,0,70,195,0,0,0,0,0,0,0,0,0,0,6,0,0,0,1,2,45,3,1,2,1,0,0,14,51,99,1,1,24,0,0
47,470689,2,2,2,4,10,9,36,12,1,1,0,0,0,98,998,98998,92,1985,000000000000,0,0,0,0,0,0,0,0,0,0,0,0,0,0,0,000000000,00000000000,0,0,0,1,0,0,0,0,0,0,0,998,0,1,5,6,6,2,12,0,0,0,1,47,37743,6,1,0,0,1,0,72,188,0,0,0,0,0,0,0,0,0,0,0,0,0,0,1,2,45,3,1,2,1,0,0,14,53,1,1,1,25,1,0
47,470690,1,1,1,24,9,20,3,42,0,1,0,47,1,49,471,49471,30,1986,JT4RN50R2G01,J,T,4,R,N,5,0,R,2,G,0,1,0,0,0,000000000,00000000000,0,0,0,1,0,0,0,0,0,0,0,998,0,1,5,12,6,2,42,0,0,0,1,47,37015,6,1,0,0,3,0,67,300,0,0,0,0,0,0,0,0,0,0,0,0,0,0,1,2,55,1,1,2,1,0,0,1,12,3,2,4,6,1,1
47,470691,1,1,1,2,10,15,13,1,0,1,0,47,1,12,481,12481,31,1998,1FTZF176XWNB,1,F,T,Z,F,1,7,6,X,W,N,B,0,0,0,000000000,00000000000,0,0,0,1,0,0,0,0,0,0,0,998,0,1,5,0,6,2,1,0,0,0,1,47,37757,6,1,0,0,3,1,69,185,1,0,0,0,0,8,2012,8,2012,9,0,0,0,0,3,2,70,2,1,2,1,0,0,14,9,1,9,4,2,1,0
47,470692,1,1,1,5,10,99,99,32,0,1,0,47,1,35,47,35047,4,2002,1N4AL11D82C1,1,N,4,A,L,1,1,D,8,2,C,1,0,0,0,000000000,00000000000,0,0,0,1,0,0,0,0,0,0,0,998,0,0,0,12,6,2,32,0,0,0,1,47,37076,6,1,0,0,3,0,62,106,0,0,0,0,0,0,0,0,0,9,0,0,0,0,1,2,35,3,1,2,1,0,0,14,6,1,1,4,1,1,1
47,470693,1,1,2,9,10,17,54,33,0,1,0,47,1,12,401,12401,14,2004,1FMDU65W14UB,1,F,M,D,U,6,5,W,1,4,U,B,0,0,0,000000000,00000000000,0,0,0,1,0,0,0,0,0,0,0,998,0,1,6,14,6,2,14,0,0,0,1,47,38134,6,1,0,0,3,0,69,175,0,0,0,0,0,0,0,0,0,0,36,0,0,0,1,2,99,1,2,2,1,0,0,1,13,7,1,4,1,1,0
47,470694,1,3,2,5,10,11,56,12,6,1,0,47,1,37,421,37421,15,2013,5FNYF4H97DB0,5,F,N,Y,F,4,H,9,7,D,B,0,0,0,0,000000000,00000000000,0,0,0,1,0,0,0,0,0,0,0,998,0,0,0,12,6,2,12,0,0,0,1,47,37861,6,1,0,0,3,1,68,160,0,0,0,0,0,0,0,0,0,0,38,0,0,0,1,2,35,1,1,2,1,20,3,1,17,1,1,3,88,0,0
47,470694,2,3,1,5,10,11,56,12,6,1,0,47,1,37,706,37706,80,1998,1HFSC3401WA1,1,H,F,S,C,3,4,0,1,W,A,1,0,0,0,000000000,00000000000,0,0,0,1,0,0,0,0,0,0,0,998,0,0,0,9,6,2,12,0,0,0,1,47,37708,6,1,6,0,3,0,72,175,0,0,0,0,0,0,0,0,0,0,0,0,0,0,2,3,55,1,1,2,1,0,0,1,66,99,1,3,89,1,0
47,470694,3,3,1,5,10,11,56,12,6,1,0,47,1,21,17,21017,4,1989,2G3AJ51RXK23,2,G,3,A,J,5,1,R,X,K,2,3,0,0,0,000000000,00000000000,0,0,0,1,0,0,0,0,0,0,0,0,0,0,0,12,6,2,12,0,0,0,1,47,37709,2,1,0,0,2,3,68,130,0,0,0,0,0,0,0,0,0,0,0,0,0,0,1,2,10,1,1,2,1,20,3,5,66,1,1,1,98,0,0
47,470695,1,2,1,1,10,16,40,12,6,1,0,47,1,65,31,65031,2,2013,WMEEJ3BA1DK6,W,M,E,E,J,3,B,A,1,D,K,6,0,0,0,000000000,00000000000,0,0,0,1,0,0,0,0,0,0,0,998,0,0,0,1,6,2,12,0,0,0,1,47,38366,6,1,0,0,3,0,73,194,0,0,0,0,0,0,0,0,0,0,38,0,0,0,2,3,55,1,2,2,1,0,0,11,15,1,1,1,68,1,0
47,470695,2,2,1,1,10,16,40,12,6,1,0,47,1,13,14,13014,6,2008,2LMDU88C48BJ,2,L,M,D,U,8,8,C,4,8,B,J,0,0,0,000000000,00000000000,0,0,0,1,0,0,0,0,0,0,0,998,0,0,0,12,6,2,12,0,0,0,1,47,38340,6,1,0,0,3,0,66,126,0,0,0,0,0,0,0,0,0,0,0,0,0,0,2,2,55,1,2,2,1,0,0,1,67,99,1,1,69,0,0
47,470696,1,1,1,5,8,14,25,53,0,1,0,47,1,12,481,12481,31,2007,1FTPW14V57KC,1,F,T,P,W,1,4,V,5,7,K,C,0,0,0,000000000,00000000000,0,0,0,1,0,0,0,0,0,0,0,998,0,0,0,1,6,2,35,0,0,0,1,47,37710,6,1,0,0,3,0,65,190,0,0,0,0,0,0,0,0,0,0,0,0,0,0,1,2,45,3,1,2,1,0,0,14,13,99,9,4,2,1,0
47,470697,1,1,1,1,10,10,0,53,0,1,0,47,3,86,881,86881,63,1987,1M2B120C4HA0,1,M,2,B,1,2,0,C,4,H,A,0,0,0,57,01028770,5701028770,3,2,5,1,0,0,0,0,0,0,0,998,0,1,5,2,6,2,1,0,0,0,1,47,38544,6,1,6,0,3,1,69,155,1,0,0,1,0,11,2011,12,2012,0,0,0,0,0,1,2,45,1,5,2,1,0,0,1,13,1,1,4,1,1,0