STATE,ST_CASE,VEH_NO,VE_FORMS,NUMOCCS,DAY,MONTH,HOUR,MINUTE,HARM_EV,MAN_COLL,UNITTYPE,HIT_RUN,REG_STAT,OWNER,MAKE,MODEL,MAK_MOD,BODY_TYP,MOD_YEAR,VIN,VIN_1,VIN_2,VIN_3,VIN_4,VIN_5,VIN_6,VIN_7,VIN_8,VIN_9,VIN_10,VIN_11,VIN_12,TOW_VEH,J_KNIFE,MCARR_I1,MCARR_I2,MCARR_ID,GVWR,V_CONFIG,CARGO_BT,HAZ_INV,HAZ_PLAC,HAZ_ID,HAZ_CNO,HAZ_REL,BUS_USE,SPEC_USE,EMER_USE,TRAV_SP,UNDERIDE,ROLLOVER,ROLINLOC,IMPACT1,DEFORMED,TOWED,M_HARM,VEH_SC1,VEH_SC2,FIRE_EXP,DR_PRES,L_STATE,DR_ZIP,L_STATUS,L_TYPE,CDL_STAT,L_ENDORS,L_COMPL,L_RESTRI,DR_HGT,DR_WGT,PREV_ACC,PREV_SUS,PREV_DWI,PREV_SPD,PREV_OTH,FIRST_MO,FIRST_YR,LAST_MO,LAST_YR,SPEEDREL,DR_SF1,DR_SF2,DR_SF3,DR_SF4,VTRAFWAY,VNUM_LAN,VSPD_LIM,VALIGN,VPROFILE,VPAVETYP,VSURCOND,VTRAFCON,VTCONT_F,P_CRASH1,P_CRASH2,P_CRASH3,PCRASH4,PCRASH5,ACC_TYPE,DEATHS,DR_DRINK
47,470698,1,1,1,14,10,8,35,35,0,1,0,47,2,37,32,37032,4,2008,1HGCP26868A0,1,H,G,C,P,2,6,8,6,8,A,0,0,0,0,000000000,00000000000,0,0,0,1,0,0,0,0,0,0,0,998,0,0,0,12,6,2,42,0,0,0,1,47,37357,6,1,0,0,3,1,68,135,1,0,0,1,0,10,2011,9,2012,4,0,0,0,0,1,2,55,2,1,2,2,0,0,14,6,1,1,4,6,1,0
47,470699,1,1,1,14,10,18,0,32,0,1,0,47,1,20,481,20481,31,2009,1GCEK14C39Z1,1,G,C,E,K,1,4,C,3,9,Z,1,0,0,0,000000000,00000000000,0,0,0,1,0,0,0,0,0,0,0,998,0,1,5,12,6,2,32,0,0,0,1,47,38565,6,1,0,0,3,1,69,210,0,0,0,0,0,0,0,0,0,0,85,0,0,0,1,2,55,1,1,2,1,0,0,1,59,7,1,4,3,1,0
47,470701,1,1,2,9,10,13,35,30,0,1,0,47,2,22,9,22009,3,1999,2G2FS22KXX22,2,G,2,F,S,2,2,K,X,X,2,2,0,0,0,000000000,00000000000,0,0,0,1,0,0,0,0,0,0,0,998,0,0,0,12,6,2,30,0,0,0,1,47,38109,1,1,0,0,2,0,64,140,0,0,0,0,0,0,0,0,0,5,6,0,0,0,5,7,45,1,1,2,1,0,0,1,6,1,4,4,7,1,0
47,470702,1,1,1,12,10,20,10,23,0,1,0,47,1,7,481,7481,31,1981,1B7FD14E4BS1,1,B,7,F,D,1,4,E,4,B,S,1,0,0,0,000000000,00000000000,0,0,0,1,0,0,0,0,0,0,0,998,0,0,0,12,6,2,23,0,0,0,1,47,37057,6,1,0,0,3,0,71,192,0,0,0,0,0,0,0,0,0,0,0,0,0,0,1,2,55,1,1,2,1,0,0,1,13,1,1,4,1,1,0
47,470703,1,2,3,30,9,16,21,24,0,1,0,47,2,37,402,37402,14,2000,JHLRD1841YC0,J,H,L,R,D,1,8,4,1,Y,C,0,0,0,0,000000000,00000000000,0,0,0,1,0,0,0,0,0,0,0,0,0,0,0,6,6,2,12,0,0,0,1,47,37076,6,1,0,0,3,0,66,230,0,0,0,0,0,0,0,0,0,0,0,0,0,0,1,3,40,1,1,2,1,1,3,5,53,1,1,1,98,0,0
47,470703,2,2,2,30,9,16,21,24,0,1,0,47,1,18,22,18022,4,2007,2G4WC5825711,2,G,4,W,C,5,8,2,5,7,1,1,0,0,0,000000000,00000000000,0,0,0,1,0,0,0,0,0,0,0,65,2,0,0,1,6,2,12,0,0,0,1,26,37210,6,1,0,0,3,0,68,140,0,0,0,0,0,0,0,0,0,3,0,0,0,0,1,3,40,1,1,2,1,0,0,1,13,1,1,4,1,1,0
47,470704,1,1,1,13,10,2,9,30,0,1,0,47,2,41,47,41047,4,1995,JM1TA2210S11,J,M,1,T,A,2,2,1,0,S,1,1,0,0,0,000000000,00000000000,0,0,0,1,0,0,0,0,0,0,0,998,0,0,0,12,6,2,2,0,0,1,1,47,37354,6,1,0,0,3,0,73,250,0,0,0,0,0,0,0,0,0,0,0,0,0,0,1,2,45,2,1,2,2,0,0,14,6,1,1,4,6,1,0
47,470705,1,3,2,19,10,12,15,30,0,1,0,47,1,7,24,7024,4,2006,2B3KA53H56H3,2,B,3,K,A,5,3,H,5,6,H,3,0,0,0,000000000,00000000000,0,0,0,1,0,0,0,0,0,0,0,998,0,0,0,12,6,2,30,0,0,0,1,47,37617,6,1,0,0,3,0,69,175,0,0,0,0,0,0,0,0,0,9,99,99,99,99,1,2,55,1,5,2,1,0,0,1,13,1,1,4,1,1,0
47,470705,2,3,1,19,10,12,15,30,0,1,0,47,1,23,421,23421,15,2007,1GKFK13007J1,1,G,K,F,K,1,3,0,0,7,J,1,0,0,0,000000000,00000000000,0,0,0,1,0,0,0,0,0,0,0,998,0,0,0,13,2,5,54,0,0,0,1,47,37617,6,1,0,0,3,0,64,150,0,0,0,0,0,0,0,0,0,0,0,0,0,0,1,2,55,1,6,2,1,0,0,1,98,99,1,1,98,0,0
47,470705,3,3,2,19,10,12,15,30,0,1,0,51,1,12,23,12023,4,2014,3FA6P0G78ER3,3,F,A,6,P,0,G,7,8,E,R,3,0,0,0,000000000,00000000000,0,0,0,1,0,0,0,0,0,0,0,998,0,0,0,98,2,5,54,0,0,0,1,51,24271,6,1,0,0,3,1,70,220,0,0,0,0,0,0,0,0,0,0,0,0,0,0,1,2,55,1,6,2,1,0,0,1,98,99,1,1,98,0,0
47,470707,1,1,1,18,10,3,58,1,0,1,0,28,2,2,404,2404,14,2000,1J4G248N0YC1,1,J,4,G,2,4,8,N,0,Y,C,1,0,0,0,000000000,00000000000,0,0,0,1,0,0,0,0,0,0,0,998,0,2,5,0,6,2,42,0,0,0,1,28,39465,6,1,0,0,3,0,68,230,98,0,0,0,0,0,0,0,0,0,0,0,0,0,2,2,70,1,1,2,1,0,0,1,13,1,1,4,1,1,0
47,470708,1,3,1,24,8,11,0,12,1,1,0,37,1,37,421,37421,15,2007,5FNYF28747B0,5,F,N,Y,F,2,8,7,4,7,B,0,0,0,0,000000000,00000000000,0,0,0,1,0,0,0,0,0,0,0,0,0,0,0,6,4,5,12,0,0,0,1,37,28601,6,1,0,0,3,0,74,999,0,0,0,0,0,0,0,0,0,0,0,0,0,0,3,4,55,1,1,2,1,7,3,1,53,1,1,1,98,0,0
47,470708,2,3,2,24,8,11,0,12,1,1,0,47,2,14,6,14006,4,1999,2MEFM75W9XX7,2,M,E,F,M,7,5,W,9,X,X,7,0,0,0,000000000,00000000000,0,0,0,1,0,0,0,0,0,0,0,0,0,0,0,6,6,2,12,0,0,0,1,47,38343,6,1,0,0,3,1,71,210,0,0,0,1,0,4,2013,4,2013,0,0,0,0,0,3,4,55,1,1,2,1,7,3,1,53,1,1,1,21,1,0
47,470708,3,3,1,24,8,11,0,12,1,1,0,47,2,49,32,49032,4,1997,1NXBA02E3VZ6,1,N,X,B,A,0,2,E,3,V,Z,6,0,0,0,000000000,00000000000,0,0,0,1,0,0,0,0,0,0,0,998,0,0,0,12,6,2,12,0,0,0,1,47,38462,6,1,0,0,3,0,67,179,0,0,0,0,0,0,0,0,0,4,89,0,0,0,3,4,55,1,1,2,1,7,3,1,50,1,1,1,20,0,0
47,470709,1,1,1,21,10,12,34,42,0,1,0,47,1,42,45,42045,1,2006,WDBWK54F46F0,W,D,B,W,K,5,4,F,4,6,F,0,0,0,0,000000000,00000000000,0,0,0,1,0,0,0,0,0,0,0,998,0,0,0,12,6,2,42,0,0,1,1,47,37922,6,1,0,0,3,0,70,165,0,1,0,0,0,12,2013,12,2013,3,0,0,0,0,1,2,40,1,2,2,1,0,0,1,13,1,1,4,1,1,0
47,470710,1,1,3,22,10,15,54,34,0,1,0,47,1,41,402,41402,14,2001,4F2YU08151KM,4,F,2,Y,U,0,8,1,5,1,K,M,0,0,0,000000000,00000000000,0,0,0,1,0,0,0,0,0,0,0,998,0,1,5,1,6,2,34,0,0,0,1,47,37803,6,1,0,0,3,3,61,135,0,0,0,0,0,0,0,0,0,0,0,0,0,0,1,2,40,3,6,2,1,0,0,14,6,1,1,4,1,1,0
47,470711,1,2,0,4,9,7,37,12,2,1,0,47,6,13,1,13001,4,1996,1LNLM82W4TY6,1,L,N,L,M,8,2,W,4,T,Y,6,0,0,0,000000000,00000000000,0,0,0,1,0,0,0,0,0,0,0,0,0,0,0,12,6,2,12,0,0,0,0,0,99997,7,6,97,7,6,7,998,997,998,998,998,998,998,98,9998,98,9998,8,0,0,0,0,1,2,30,1,1,2,1,0,0,0,62,0,0,0,98,0,0
47,470711,2,2,1,4,9,7,37,12,2,1,0,48,3,20,28,20028,4,2013,1G1JE5SH3D41,1,G,1,J,E,5,S,H,3,D,4,1,0,0,0,000000000,00000000000,0,0,0,1,0,0,0,0,0,0,0,998,0,0,0,12,6,2,12,0,0,0,1,45,29455,6,1,0,0,3,0,74,240,0,0,0,0,0,0,0,0,0,0,4,28,36,0,1,2,30,1,1,2,1,0,0,1,10,99,1,2,98,1,0
47,470712,1,1,1,17,10,6,20,42,0,1,0,47,1,12,422,12422,15,1999,1FMRU1866XLB,1,F,M,R,U,1,8,6,6,X,L,B,0,0,0,000000000,00000000000,0,0,0,1,0,0,0,0,0,0,0,998,0,0,0,12,6,2,42,0,0,1,1,21,40215,6,1,0,0,3,0,74,240,0,0,0,0,0,0,0,0,0,0,28,0,0,0,2,2,70,2,5,2,1,0,0,14,6,1,9,4,7,1,0
47,470714,1,2,1,17,10,18,16,1,0,1,0,51,1,72,706,72706,80,2003,1HD1GDV103K3,1,H,D,1,G,D,V,1,0,3,K,3,0,0,0,000000000,00000000000,0,0,0,1,0,0,0,0,0,0,0,998,0,0,0,0,6,2,1,0,0,0,1,51,37174,6,1,0,0,2,0,70,160,1,0,0,0,0,10,2013,10,2013,9,28,0,0,0,1,2,45,2,1,2,1,0,0,14,6,99,1,2,98,1,1
47,470714,2,2,1,17,10,18,16,1,0,1,0,47,1,72,706,72706,80,2013,1HD1KEM15DB6,1,H,D,1,K,E,M,1,5,D,B,6,0,0,0,000000000,00000000000,0,0,0,1,0,0,0,0,0,0,0,998,0,0,0,12,4,5,12,0,0,0,1,47,37174,6,1,6,0,3,1,71,180,0,0,0,0,0,0,0,0,0,0,0,0,0,0,1,2,45,3,1,2,1,0,0,14,62,99,1,1,98,0,0
47,470715,1,1,2,25,6,20,22,1,0,1,0,0,0,37,734,37734,90,2003,478TE2304343,4,7,8,T,E,2,3,0,4,3,4,3,0,0,0,000000000,00000000000,0,0,0,1,0,0,0,0,0,0,0,998,0,2,1,0,2,5,1,0,0,0,1,47,37861,2,1,0,0,1,0,70,185,1,1,1,0,0,10,2013,10,2013,9,18,0,0,0,1,2,35,1,6,2,1,0,0,1,9,99,9,3,98,1,1
47,470716,1,1,1,18,10,14,21,8,0,1,0,47,1,18,22,18022,4,2006,2G4WC5823612,2,G,4,W,C,5,8,2,3,6,1,2,0,0,0,000000000,00000000000,0,0,0,1,0,0,0,0,0,0,0,998,0,0,0,12,6,2,8,0,0,0,1,47,37849,6,1,0,0,3,1,65,167,0,0,0,0,0,0,0,0,0,0,28,0,0,0,5,5,45,1,5,2,1,0,0,1,11,1,1,4,13,0,0
47,470717,1,3,3,25,10,0,54,12,1,1,0,47,2,20,2,20002,4,1995,1G1BL52P8SR1,1,G,1,B,L,5,2,P,8,S,R,1,0,0,0,000000000,00000000000,0,0,0,1,0,0,0,0,0,0,0,998,0,1,1,12,6,2,12,0,0,0,1,47,38114,6,1,0,0,3,0,70,189,0,0,0,2,0,1,2012,7,2013,3,6,36,58,0,3,5,55,1,1,2,1,0,0,1,51,99,1,3,24,1,0
47,470717,2,3,3,25,10,0,54,12,1,1,0,47,2,63,38,63038,4,2014,KNAFX4A68E51,K,N,A,F,X,4,A,6,8,E,5,1,0,0,0,000000000,00000000000,0,0,0,1,0,0,0,0,0,0,0,998,0,0,0,6,6,2,12,0,0,0,1,47,38109,6,1,0,0,3,0,69,375,1,0,0,0,0,7,2014,7,2014,9,0,0,0,0,3,5,55,1,1,2,1,0,0,1,53,1,1,3,25,1,0
47,470717,3,3,4,25,10,0,54,12,1,1,0,47,2,35,39,35039,4,2012,1N4AA5AP0CC8,1,N,4,A,A,5,A,P,0,C,C,8,0,0,0,000000000,00000000000,0,0,0,1,0,0,0,0,0,0,0,998,0,0,0,5,6,2,12,0,0,0,1,47,38119,6,1,0,0,3,3,64,130,0,0,0,0,0,0,0,0,0,0,0,0,0,0,3,5,55,1,1,2,1,0,0,1,61,1,1,1,98,0,0
47,470718,1,2,2,24,10,20,20,12,2,1,0,47,1,72,706,72706,80,2007,1HD1JB5107Y0,1,H,D,1,J,B,5,1,0,7,Y,0,0,0,0,000000000,00000000000,0,0,0,1,0,0,0,0,0,0,0,998,0,0,0,12,6,2,12,0,0,0,1,47,37040,1,1,1,0,2,0,72,190,0,3,0,0,0,7,2014,10,2014,0,27,38,0,0,5,5,45,1,2,2,1,0,0,15,54,99,1,1,52,1,1
47,470718,2,2,1,24,10,20,20,12,2,1,0,47,1,12,37,12037,4,2007,1FAHP34N37W1,1,F,A,H,P,3,4,N,3,7,W,1,0,0,0,000000000,00000000000,0,0,0,1,0,0,0,0,0,0,0,998,0,0,0,12,6,2,12,0,0,0,1,47,37043,6,1,0,0,3,3,67,172,0,0,0,0,0,0,0,0,0,0,27,38,0,0,5,5,45,1,2,2,1,0,0,15,54,99,1,1,52,0,1
47,470719,1,1,1,21,10,99,99,35,0,1,0,47,2,20,471,20471,30,1998,1GCCS19X7W82,1,G,C,C,S,1,9,X,7,W,8,2,0,0,0,000000000,00000000000,0,0,0,1,0,0,0,0,0,0,0,998,0,0,0,11,6,2,35,0,0,0,1,47,38313,6,1,0,0,3,0,75,275,0,0,0,0,0,0,0,0,0,0,0,0,0,0,1,2,55,9,6,2,1,0,0,1,12,99,9,4,6,1,0
47,470721,1,1,2,19,10,2,50,38,0,1,0,47,1,22,18,22018,4,2005,1G2NE52E05M1,1,G,2,N,E,5,2,E,0,5,M,1,0,0,0,000000000,00000000000,0,0,0,1,0,0,0,0,0,0,0,998,0,0,0,12,6,2,42,0,0,1,1,47,37365,6,1,0,0,3,1,65,200,1,0,0,0,0,1,2012,1,2012,4,28,0,0,0,1,2,45,2,1,2,1,0,0,14,6,1,1,4,6,2,1
47,470722,1,1,1,19,10,22,30,42,0,1,0,47,1,12,402,12402,14,2012,1FMCU0EGXCKB,1,F,M,C,U,0,E,G,X,C,K,B,0,0,0,000000000,00000000000,0,0,0,1,0,0,0,0,0,0,0,998,0,0,0,12,6,2,42,0,0,0,1,47,37303,6,1,0,0,3,1,63,200,2,0,0,0,2,11,2011,8,2014,4,0,0,0,0,1,2,55,3,6,2,1,0,0,14,6,3,2,4,1,1,0
47,470723,1,1,2,24,10,13,16,31,0,1,0,47,1,49,471,49471,30,1991,JT4RN01P5M70,J,T,4,R,N,0,1,P,5,M,7,0,0,0,0,000000000,00000000000,0,0,0,1,0,0,0,0,0,0,0,998,0,1,5,1,6,2,1,0,0,0,1,47,37708,6,1,0,0,3,3,68,140,1,0,0,0,0,11,2012,11,2012,0,58,0,0,0,1,2,45,3,1,2,1,0,0,14,6,1,1,4,1,1,0
47,470724,1,1,1,26,10,0,45,32,0,1,0,47,1,12,401,12401,14,2002,1FMDU74E62UA,1,F,M,D,U,7,4,E,6,2,U,A,0,0,0,000000000,00000000000,0,0,0,1,0,0,0,0,0,0,0,998,0,1,5,12,6,2,1,0,0,0,1,47,37329,6,1,0,0,3,0,69,140,0,1,0,0,0,8,2014,8,2014,0,36,0,0,0,1,2,55,1,1,2,1,0,0,1,12,1,1,4,6,1,1
47,470725,1,2,1,15,10,5,33,12,2,1,0,47,2,20,37,20037,4,2001,1G1NE52J1161,1,G,1,N,E,5,2,J,1,1,6,1,0,0,0,000000000,00000000000,0,0,0,1,0,0,0,0,0,0,0,998,0,0,0,12,6,2,12,0,0,0,1,47,37087,6,1,0,0,3,1,63,150,0,0,0,0,0,0,0,0,0,0,28,0,0,0,5,5,55,1,1,2,2,0,0,1,10,1,4,2,50,0,0
47,470725,2,2,1,15,10,5,33,12,2,1,0,47,2,23,481,23481,31,2000,1GTEC14V5YZ1,1,G,T,E,C,1,4,V,5,Y,Z,1,0,0,0,000000000,00000000000,0,0,0,1,0,0,0,0,0,0,0,998,0,0,0,12,6,2,12,0,0,0,1,47,37031,6,1,0,0,3,0,74,220,0,0,0,0,0,0,0,0,0,0,0,0,0,0,5,5,55,1,1,2,2,0,0,1,62,99,1,3,51,1,0
47,470726,1,2,2,25,10,22,13,12,6,1,0,47,1,72,706,72706,80,2005,1HD1FCW1X5Y6,1,H,D,1,F,C,W,1,X,5,Y,6,0,0,0,000000000,00000000000,0,0,0,1,0,0,0,0,0,0,0,998,0,0,0,12,6,2,12,0,0,0,1,47,37388,2,1,2,0,2,0,72,190,1,2,2,0,0,9,2013,1,2014,0,39,0,0,0,1,5,30,1,1,2,1,1,3,1,17,3,2,1,88,1,1
47,470726,2,2,1,25,10,22,13,12,6,1,0,47,1,20,403,20403,14,2006,1GNDS13S0621,1,G,N,D,S,1,3,S,0,6,2,1,0,0,0,000000000,00000000000,0,0,0,1,0,0,0,0,0,0,0,998,0,0,0,11,6,2,12,0,0,1,1,47,37388,6,1,0,0,3,0,61,120,0,0,0,0,0,0,0,0,0,0,0,0,0,0,1,4,30,1,1,2,1,0,0,1,17,3,2,1,89,0,0
47,470727,1,1,1,20,9,23,0,42,0,1,0,47,1,23,421,23421,15,2009,1GKFK03229R2,1,G,K,F,K,0,3,2,2,9,R,2,0,0,0,000000000,00000000000,0,0,0,1,0,0,0,0,0,0,0,73,0,1,5,12,6,2,42,0,0,0,1,47,37220,6,1,0,0,3,0,72,205,0,0,0,0,0,0,0,0,0,3,0,0,0,0,1,2,35,3,2,2,1,0,0,14,6,1,1,4,1,1,1
47,470728,1,2,1,18,10,14,8,12,6,1,0,21,2,7,482,7482,31,2014,1C6RR7FTXES2,1,C,6,R,R,7,F,T,X,E,S,2,0,0,0,000000000,00000000000,0,0,0,1,0,0,0,0,0,0,0,998,0,0,0,1,4,5,12,0,0,0,1,21,42345,6,1,0,0,3,0,72,214,1,0,0,0,0,11,2012,11,2012,0,0,0,0,0,1,2,35,1,1,2,1,0,0,1,72,6,1,2,65,0,0
47,470728,2,2,1,18,10,14,8,12,6,1,0,47,2,73,706,73706,80,2003,JKAZX9B183A0,J,K,A,Z,X,9,B,1,8,3,A,0,0,0,0,000000000,00000000000,0,0,0,1,0,0,0,0,0,0,0,998,0,0,0,12,6,2,12,0,0,0,1,47,37090,2,1,2,0,2,0,72,200,0,0,0,0,0,0,0,0,0,9,36,38,0,0,0,0,0,0,0,0,0,0,0,1,6,3,2,1,64,1,0
47,470729,1,2,1,1,9,13,55,12,7,1,0,47,1,49,40,49040,4,2012,4T1BF1FK5CU0,4,T,1,B,F,1,F,K,5,C,U,0,0,0,0,000000000,00000000000,0,0,0,1,0,0,0,0,0,0,0,998,0,0,0,62,6,2,12,0,0,0,1,47,37027,6,1,0,0,3,1,73,210,0,0,0,0,0,0,0,0,0,0,0,0,0,0,3,4,55,1,1,2,1,0,0,15,10,1,1,2,44,1,0
47,470729,2,2,1,1,9,13,55,12,7,1,1,99,9,99,999,99999,99,9999,999999999999,9,9,9,9,9,9,9,9,9,9,9,9,9,0,99,999999999,99999999999,9,99,99,1,0,0,0,0,99,99,9,998,0,0,0,99,9,5,12,99,99,0,1,99,99999,9,9,99,9,9,9,999,999,99,99,99,99,99,99,9999,99,9999,9,99,99,99,99,3,4,55,1,1,2,1,0,0,1,61,99,1,1,45,0,0
47,470730,1,2,1,16,10,9,50,12,8,1,0,93,3,84,881,84881,66,1997,2HSFBAERXVC0,2,H,S,F,B,A,E,R,X,V,C,0,1,1,57,00809322,5700809322,3,6,1,1,0,0,0,0,0,0,0,998,0,0,0,62,6,2,12,0,0,0,1,47,38001,6,1,6,0,3,0,68,265,0,1,0,0,0,3,2012,3,2012,0,24,0,0,0,2,2,70,1,1,2,1,0,0,1,54,1,1,6,64,1,0
47,470730,2,2,2,16,10,9,50,12,8,1,0,37,3,82,881,82881,66,2013,1FUJGLBG4DLF,1,F,U,J,G,L,B,G,4,D,L,F,2,1,57,00121018,5700121018,3,7,1,1,0,0,0,0,0,0,0,998,0,1,1,9,6,2,12,0,0,0,1,48,77047,6,1,6,1,3,0,999,999,0,0,0,0,1,10,2012,10,2012,0,0,0,0,0,2,2,70,1,1,2,1,0,0,16,54,99,1,1,65,0,0
47,470731,1,1,4,23,10,21,0,42,0,1,0,47,1,41,50,41050,4,2003,1YVHP80D035M,1,Y,V,H,P,8,0,D,0,3,5,M,0,0,0,000000000,00000000000,0,0,0,1,0,0,0,0,0,0,0,998,0,0,0,9,6,2,42,0,0,0,1,47,37150,0,0,0,0,0,0,999,999,0,0,0,0,0,0,0,0,0,3,6,0,0,0,1,2,45,2,1,2,1,0,0,14,6,7,3,4,2,1,0
47,470732,1,1,1,26,10,23,0,9,0,1,0,47,1,23,461,23461,21,1997,1GTGG29R6V11,1,G,T,G,G,2,9,R,6,V,1,1,0,0,0,000000000,00000000000,0,0,0,1,0,0,0,0,0,0,0,998,0,0,0,12,2,3,9,0,0,0,1,47,37620,6,1,0,0,3,0,74,200,1,0,0,0,1,7,2013,8,2013,0,6,91,0,0,1,2,45,1,1,2,1,0,0,1,83,99,1,1,13,0,1
47,470733,1,2,0,25,10,11,25,12,1,1,0,47,6,84,881,84881,63,2006,2HSCNAPR06C3,2,H,S,C,N,A,P,R,0,6,C,3,1,1,57,02424444,5702424444,3,4,8,1,0,0,0,0,0,0,0,0,0,0,0,6,4,5,12,0,0,0,0,0,99997,7,6,97,7,6,7,998,997,998,998,998,998,998,98,9998,98,9998,8,20,0,0,0,1,2,55,2,1,2,1,0,0,0,98,0,0,0,98,0,0
47,470733,2,2,1,25,10,11,25,12,1,1,0,47,1,53,34,53034,4,2005,KL5JD56Z15K1,K,L,5,J,D,5,6,Z,1,5,K,1,0,0,0,000000000,00000000000,0,0,0,1,0,0,0,0,0,0,0,998,0,0,0,12,6,2,12,0,0,0,1,47,38488,6,1,0,0,3,0,70,140,1,0,0,1,1,10,2012,5,2013,4,28,0,0,0,1,2,55,2,1,2,1,0,0,14,10,2,2,2,98,1,1
47,470734,1,2,1,29,10,11,14,12,1,1,0,29,1,12,17,12017,4,2005,1FAFP56275A2,1,F,A,F,P,5,6,2,7,5,A,2,0,0,0,000000000,00000000000,0,0,0,1,0,0,0,0,0,0,0,998,1,0,0,12,6,2,12,0,0,0,1,29,63123,6,1,0,0,3,1,66,135,0,0,0,0,0,0,0,0,0,0,0,0,0,0,2,2,70,1,1,2,2,0,0,1,50,99,1,4,20,1,0
47,470734,2,2,1,29,10,11,14,12,1,1,0,12,3,85,881,85881,66,2005,1XKTDB9X25J0,1,X,K,T,D,B,9,X,2,5,J,0,1,1,57,02504998,5702504998,3,6,1,1,0,0,0,0,0,0,0,0,0,0,0,6,6,2,12,0,0,0,1,12,33134,6,1,6,0,3,1,66,999,0,1,0,0,0,9,2014,9,2014,0,24,0,0,0,2,2,70,1,1,2,2,0,0,7,53,1,1,5,21,0,0
47,470735,1,1,1,29,10,18,55,42,0,1,0,47,1,20,481,20481,31,1990,1GCDK14K1LZ2,1,G,C,D,K,1,4,K,1,L,Z,2,0,0,0,000000000,00000000000,0,0,0,1,0,0,0,0,0,0,0,998,0,0,0,12,6,2,42,0,0,0,1,47,37921,6,1,0,0,3,0,68,175,0,0,0,0,0,0,0,0,0,3,0,0,0,0,1,2,50,1,1,2,1,0,0,1,13,1,1,4,1,1,0
47,470736,1,2,1,28,10,8,1,12,6,1,0,47,1,37,705,37705,80,2005,JH2PC21395M6,J,H,2,P,C,2,1,3,9,5,M,6,0,0,0,000000000,00000000000,0,0,0,1,0,0,0,0,0,0,0,998,0,0,0,12,6,2,12,0,0,0,1,47,37129,6,1,0,0,2,0,68,170,0,0,0,0,0,0,0,0,0,0,0,0,0,0,1,2,45,1,1,2,1,0,0,1,70,99,1,1,77,1,0
47,470736,2,2,1,28,10,8,1,12,6,1,0,47,1,12,481,12481,31,2004,1FTPW14574KC,1,F,T,P,W,1,4,5,7,4,K,C,0,0,0,000000000,00000000000,0,0,0,1,0,0,0,0,0,0,0,998,0,0,0,1,6,2,12,0,0,0,1,47,37204,0,0,0,0,0,0,999,999,0,0,0,0,0,0,0,0,0,0,38,0,0,0,0,0,0,0,0,0,0,0,0,11,98,99,1,1,76,0,0
47,470737,1,1,3,27,10,7,30,24,0,1,0,18,1,98,850,98850,73,2004,4VZBR1D944C0,4,V,Z,B,R,1,D,9,4,4,C,0,0,0,0,000000000,00000000000,0,0,0,1,0,0,0,0,0,0,0,998,0,0,0,1,6,2,42,0,0,0,1,18,46167,6,1,0,0,3,1,65,160,0,0,0,0,0,0,0,0,0,9,99,99,99,99,2,2,70,1,5,2,1,0,0,1,13,1,1,4,1,2,0
47,470738,1,1,1,24,10,1,35,8,0,1,0,47,1,12,481,12481,31,2001,1FTRX08L51KA,1,F,T,R,X,0,8,L,5,1,K,A,0,0,0,000000000,00000000000,0,0,0,1,0,0,0,0,0,0,0,998,0,0,0,11,4,5,8,0,0,0,1,47,38334,6,1,0,0,3,0,73,190,0,0,0,0,0,0,0,0,0,0,0,0,0,0,1,2,30,1,1,2,1,0,0,1,80,2,1,1,13,0,0
47,470739,1,1,1,27,10,17,45,8,0,1,0,47,1,12,17,12017,4,2005,1FAFP56S55A1,1,F,A,F,P,5,6,S,5,5,A,1,0,0,0,000000000,00000000000,0,0,0,1,0,0,0,0,0,0,0,998,0,0,0,12,2,5,8,0,0,0,1,47,38019,6,1,0,0,3,0,64,130,0,0,0,0,0,0,0,0,0,0,0,0,0,0,1,2,45,1,1,2,1,0,0,1,80,99,1,1,13,0,0
47,470740,1,2,1,24,10,11,7,12,6,1,0,93,3,87,881,87881,66,2006,1XPGDU9X56N6,1,X,P,G,D,U,9,X,5,6,N,6,1,1,57,00036784,5700036784,3,6,1,1,0,0,0,0,0,0,0,998,0,0,0,9,6,2,12,0,0,0,1,47,38220,6,1,6,0,3,1,66,150,1,0,0,0,0,9,2012,9,2012,0,0,0,0,0,1,2,55,1,5,2,1,0,0,1,62,9,2,1,65,0,0
47,470740,2,2,1,24,10,11,7,12,6,1,0,47,1,35,39,35039,4,2002,JN1DA31D82T4,J,N,1,D,A,3,1,D,8,2,T,4,0,0,0,000000000,00000000000,0,0,0,1,0,0,0,0,0,0,0,998,0,0,0,12,6,2,12,32,0,0,1,47,38320,6,1,0,0,3,0,62,112,1,0,0,0,0,2,2013,2,2013,0,28,0,0,0,1,2,55,1,6,2,1,0,0,1,10,1,1,2,64,1,0
47,470741,1,3,1,26,10,13,50,12,2,1,1,47,2,35,402,35402,14,2001,5N1ED28TX1C5,5,N,1,E,D,2,8,T,X,1,C,5,0,0,0,000000000,00000000000,0,0,0,1,0,0,0,0,0,0,0,998,0,0,0,12,6,2,12,0,0,0,1,47,38456,1,1,1,0,2,0,67,140,0,0,0,0,0,0,0,0,0,0,6,28,36,0,1,2,45,2,1,2,1,0,0,14,10,1,1,2,50,0,0