STATE,ST_CASE,VEH_NO,VE_FORMS,NUMOCCS,DAY,MONTH,HOUR,MINUTE,HARM_EV,MAN_COLL,UNITTYPE,HIT_RUN,REG_STAT,OWNER,MAKE,MODEL,MAK_MOD,BODY_TYP,MOD_YEAR,VIN,VIN_1,VIN_2,VIN_3,VIN_4,VIN_5,VIN_6,VIN_7,VIN_8,VIN_9,VIN_10,VIN_11,VIN_12,TOW_VEH,J_KNIFE,MCARR_I1,MCARR_I2,MCARR_ID,GVWR,V_CONFIG,CARGO_BT,HAZ_INV,HAZ_PLAC,HAZ_ID,HAZ_CNO,HAZ_REL,BUS_USE,SPEC_USE,EMER_USE,TRAV_SP,UNDERIDE,ROLLOVER,ROLINLOC,IMPACT1,DEFORMED,TOWED,M_HARM,VEH_SC1,VEH_SC2,FIRE_EXP,DR_PRES,L_STATE,DR_ZIP,L_STATUS,L_TYPE,CDL_STAT,L_ENDORS,L_COMPL,L_RESTRI,DR_HGT,DR_WGT,PREV_ACC,PREV_SUS,PREV_DWI,PREV_SPD,PREV_OTH,FIRST_MO,FIRST_YR,LAST_MO,LAST_YR,SPEEDREL,DR_SF1,DR_SF2,DR_SF3,DR_SF4,VTRAFWAY,VNUM_LAN,VSPD_LIM,VALIGN,VPROFILE,VPAVETYP,VSURCOND,VTRAFCON,VTCONT_F,P_CRASH1,P_CRASH2,P_CRASH3,PCRASH4,PCRASH5,ACC_TYPE,DEATHS,DR_DRINK
47,470863,1,1,3,17,12,23,37,42,0,1,0,47,2,12,17,12017,4,2000,1FAFP5524YA1,1,F,A,F,P,5,5,2,4,Y,A,1,0,0,0,000000000,00000000000,0,0,0,1,0,0,0,0,0,0,0,998,0,0,0,9,6,2,42,0,0,0,1,47,37921,0,0,0,0,0,0,999,999,99,99,99,99,99,99,9999,99,9999,0,0,0,0,0,1,2,45,1,1,2,1,0,0,1,13,1,1,4,1,1,1
47,470864,1,2,1,16,12,9,45,12,2,1,0,47,1,7,402,7402,14,1999,1B4HS28Y4XF6,1,B,4,H,S,2,8,Y,4,X,F,6,0,0,0,000000000,00000000000,0,0,0,1,0,0,0,0,0,0,0,998,7,0,0,12,6,2,12,0,0,0,1,47,38556,6,1,0,0,3,0,73,260,0,0,0,0,0,0,0,0,0,0,28,0,0,0,1,2,45,3,5,2,2,0,0,14,10,99,1,2,50,0,0
47,470864,2,2,1,16,12,9,45,12,2,1,0,47,1,12,37,12037,5,2014,1FADP3K23EL4,1,F,A,D,P,3,K,2,3,E,L,4,0,0,0,000000000,00000000000,0,0,0,1,0,0,0,0,0,0,0,998,0,0,0,12,6,2,12,0,0,0,1,47,38556,6,1,0,0,3,0,60,220,1,1,0,2,0,1,2013,11,2013,0,0,0,0,0,1,2,45,2,6,2,2,0,0,14,62,99,1,1,51,1,0
47,470865,1,1,1,21,12,16,30,24,0,1,0,47,1,37,704,37704,80,2009,JH2PC40049K2,J,H,2,P,C,4,0,0,4,9,K,2,0,0,0,000000000,00000000000,0,0,0,1,0,0,0,0,0,0,0,998,0,0,0,2,6,2,24,0,0,0,1,47,37334,6,1,0,0,2,0,70,166,0,0,0,0,0,0,0,0,0,0,89,0,0,0,5,5,55,3,5,2,1,0,0,14,13,1,1,4,1,1,0
47,470866,1,2,2,18,12,3,48,12,1,1,0,47,1,49,40,49040,4,2003,4T1BE32K43U6,4,T,1,B,E,3,2,K,4,3,U,6,0,0,0,000000000,00000000000,0,0,0,1,0,0,0,0,0,0,0,998,0,0,0,12,6,2,12,0,0,0,1,47,37922,6,1,0,0,3,0,73,189,2,0,0,0,0,10,2012,2,2013,0,6,36,0,0,3,3,55,1,1,2,1,0,0,1,52,99,1,1,28,1,0
47,470866,2,2,1,18,12,3,48,12,1,1,0,47,1,49,402,49402,14,2014,2T3RFREV9EW1,2,T,3,R,F,R,E,V,9,E,W,1,0,0,0,000000000,00000000000,0,0,0,1,0,0,0,0,0,0,0,998,0,0,0,6,6,2,12,0,0,0,1,47,37721,6,1,0,0,3,0,68,145,0,0,0,0,0,0,0,0,0,0,0,0,0,0,3,2,55,1,1,2,1,0,0,2,53,1,1,1,29,0,0
47,470867,1,1,4,13,12,18,45,1,0,1,0,92,0,52,401,52401,14,2001,JA4LS21HX1P0,J,A,4,L,S,2,1,H,X,1,P,0,0,0,0,000000000,00000000000,0,0,0,1,0,0,0,0,0,0,0,998,0,2,1,0,6,2,1,0,0,0,1,1,36027,0,0,0,0,0,0,999,999,99,99,99,99,99,99,9999,99,9999,0,28,58,0,0,1,4,55,2,1,2,1,0,0,14,6,1,3,6,98,1,0
47,470868,1,1,1,14,12,8,15,1,0,1,0,47,1,6,43,6043,2,2003,4C3AG52HX3E1,4,C,3,A,G,5,2,H,X,3,E,1,0,0,0,000000000,00000000000,0,0,0,1,0,0,0,0,0,0,0,998,0,1,5,0,6,2,1,0,0,0,1,47,37347,6,1,0,0,3,0,60,109,1,0,0,0,1,5,2012,4,2014,0,0,0,0,0,1,2,55,3,6,2,1,0,0,14,6,1,4,4,2,1,0
47,470869,1,1,1,20,12,16,6,42,0,1,0,47,1,35,43,35043,4,2013,3N1AB7AP1DL6,3,N,1,A,B,7,A,P,1,D,L,6,0,0,0,000000000,00000000000,0,0,0,1,0,0,0,0,0,0,0,998,0,0,0,12,6,2,42,0,0,0,1,47,37877,6,1,0,0,3,0,66,168,1,0,0,1,0,10,2012,7,2014,4,28,0,0,0,1,2,45,2,6,2,2,0,0,14,6,3,2,4,7,1,0
47,470870,1,1,1,14,12,22,25,42,0,1,0,47,2,49,472,49472,30,1998,4TAVL52N9WZ1,4,T,A,V,L,5,2,N,9,W,Z,1,0,0,0,000000000,00000000000,0,0,0,1,0,0,0,0,0,0,0,998,0,0,0,9,6,2,42,0,0,1,1,47,37329,6,1,0,0,3,0,72,215,0,0,0,0,0,0,0,0,0,9,28,0,0,0,1,2,55,3,1,2,1,0,0,14,6,99,3,4,2,1,0
47,470871,1,2,4,15,12,17,50,12,6,1,0,47,2,32,43,32043,4,2005,WAUAF68E35A4,W,A,U,A,F,6,8,E,3,5,A,4,0,0,0,000000000,00000000000,0,0,0,1,0,0,0,0,0,0,0,998,0,0,0,4,6,2,12,0,0,0,1,47,38401,0,0,0,0,0,0,999,999,99,99,99,99,99,99,9999,99,9999,0,28,52,0,0,1,2,45,1,1,2,2,0,0,1,10,99,4,2,66,1,0
47,470871,2,2,1,15,12,17,50,12,6,1,0,47,1,20,37,20037,4,2013,1G11H5SA6DF2,1,G,1,1,H,5,S,A,6,D,F,2,0,0,0,000000000,00000000000,0,0,0,1,0,0,0,0,0,0,0,998,0,0,0,12,6,2,12,0,0,0,1,47,37064,6,1,0,0,3,3,65,150,0,0,0,0,0,0,0,0,0,0,0,0,0,0,1,2,45,1,1,2,2,0,0,1,62,99,1,1,66,0,0
47,470872,1,2,2,19,12,17,15,12,6,1,0,47,1,12,3,12003,1,2002,1FAFP45XX2F1,1,F,A,F,P,4,5,X,X,2,F,1,0,0,0,000000000,00000000000,0,0,0,1,0,0,0,0,0,0,0,998,0,0,0,3,6,2,12,0,0,0,1,47,37388,6,1,6,0,3,0,69,190,0,0,0,0,1,9,2014,9,2014,0,38,0,0,0,2,3,55,1,1,2,1,0,0,11,15,99,1,1,68,1,0
47,470872,2,2,1,19,12,17,15,12,6,1,0,47,1,14,6,14006,4,2009,2MEHM75V89X6,2,M,E,H,M,7,5,V,8,9,X,6,0,0,0,000000000,00000000000,0,0,0,1,0,0,0,0,0,0,0,998,0,0,0,12,6,2,12,0,0,0,1,47,37388,6,1,0,0,3,3,66,170,0,0,0,0,0,0,0,0,0,0,0,0,0,0,2,2,55,1,1,2,1,0,0,1,67,99,1,1,69,0,0
47,470873,1,1,1,19,12,17,37,8,0,1,0,47,2,63,38,63038,4,2014,KNAFX4A63E52,K,N,A,F,X,4,A,6,3,E,5,2,0,0,0,000000000,00000000000,0,0,0,1,0,0,0,0,0,0,0,998,0,0,0,12,6,2,8,0,0,0,1,47,37355,6,1,0,0,3,1,68,215,0,0,0,0,0,0,0,0,0,0,0,0,0,0,5,5,40,1,1,2,1,0,0,1,80,1,1,1,13,0,0
47,470874,1,1,2,13,12,23,20,42,0,1,0,21,2,20,37,20037,4,2012,1G1ZC5EU7CF2,1,G,1,Z,C,5,E,U,7,C,F,2,0,0,0,000000000,00000000000,0,0,0,1,0,0,0,0,0,0,0,998,0,1,5,12,6,2,2,0,0,1,1,21,40769,6,2,0,0,2,3,66,225,0,0,0,0,0,0,0,0,0,3,0,0,0,0,1,2,35,3,6,2,1,0,0,14,6,1,9,4,2,1,1
47,470875,1,2,1,20,12,4,46,12,2,1,0,47,3,20,39,20039,4,2005,KL1TD626X5B4,K,L,1,T,D,6,2,6,X,5,B,4,0,0,0,000000000,00000000000,0,0,0,1,0,0,0,0,0,0,0,998,0,0,0,12,6,2,12,0,0,0,1,47,37938,6,1,0,0,3,0,71,240,2,0,0,0,0,9,2012,11,2012,0,28,0,0,0,1,3,45,2,1,2,2,0,0,14,10,1,9,2,50,1,0
47,470875,2,2,1,20,12,4,46,12,2,1,0,47,1,12,422,12422,15,1998,1FMRU18W7WLB,1,F,M,R,U,1,8,W,7,W,L,B,0,0,0,000000000,00000000000,0,0,0,1,0,0,0,0,0,0,0,998,0,0,0,12,6,2,12,0,0,0,1,47,37871,6,1,0,0,3,0,74,185,1,0,0,0,0,3,2014,3,2014,0,0,0,0,0,1,3,45,3,1,2,2,0,0,14,62,99,1,1,51,0,1
47,470876,1,2,6,31,12,9,20,12,2,1,0,47,1,12,442,12442,20,2003,2FMZA51403BB,2,F,M,Z,A,5,1,4,0,3,B,B,0,0,0,000000000,00000000000,0,0,0,1,0,0,0,0,0,0,0,998,0,0,0,12,6,2,12,0,0,0,1,47,37748,6,1,0,0,3,0,61,130,1,0,0,0,0,9,2014,9,2014,0,28,0,0,0,1,2,50,2,1,2,1,0,0,14,10,99,1,2,50,1,0
47,470876,2,2,2,31,12,9,20,12,2,1,0,47,3,20,870,20870,61,2013,1GB3G2CL5D11,1,G,B,3,G,2,C,L,5,D,1,1,0,0,88,888888888,88888888888,2,1,1,1,0,0,0,0,0,6,9,998,0,0,0,12,6,2,12,0,0,0,1,47,37923,6,1,0,0,3,0,75,250,0,0,0,0,0,0,0,0,0,0,0,0,0,0,1,2,50,3,1,2,1,0,0,14,62,99,1,1,51,0,0
47,470877,1,1,2,15,12,20,4,42,0,1,0,47,2,49,40,49040,4,1997,JT2BF22K6V00,J,T,2,B,F,2,2,K,6,V,0,0,0,0,0,000000000,00000000000,0,0,0,1,0,0,0,0,0,0,0,998,0,0,0,9,6,2,42,0,0,0,1,47,37040,6,2,0,0,3,1,67,147,0,0,0,0,0,0,0,0,0,4,0,0,0,0,1,2,45,3,1,2,2,0,0,14,6,1,5,4,2,2,0
47,470878,1,3,1,23,12,4,25,12,8,1,0,47,1,12,481,12481,31,2006,1FTRX12W16NA,1,F,T,R,X,1,2,W,1,6,N,A,0,0,0,000000000,00000000000,0,0,0,1,0,0,0,0,0,0,0,998,1,0,0,11,6,2,12,0,0,0,1,47,38401,6,1,0,0,3,0,72,160,0,1,0,2,0,4,2013,1,2014,0,28,36,0,0,1,2,55,1,5,2,2,0,0,1,10,1,1,2,64,1,0
47,470878,2,3,1,23,12,4,25,12,8,1,0,47,1,20,22,20022,4,2007,1G1AL55F8774,1,G,1,A,L,5,5,F,8,7,7,4,0,0,0,000000000,00000000000,0,0,0,1,0,0,0,0,0,0,0,998,0,0,0,11,6,2,12,0,0,0,1,47,37034,6,1,0,0,3,3,65,103,0,0,0,1,0,2,2014,2,2014,0,0,0,0,0,1,2,55,1,6,2,2,0,0,1,62,99,1,1,65,0,0
47,470878,3,3,1,23,12,4,25,12,8,1,0,1,3,12,461,12461,21,1999,1FTNE24L9XHA,1,F,T,N,E,2,4,L,9,X,H,A,0,0,0,000000000,00000000000,0,0,0,1,0,0,0,0,0,0,0,998,1,0,0,12,6,2,12,0,0,0,1,1,35756,6,1,0,0,3,0,72,170,1,1,0,0,0,11,2012,2,2013,9,99,99,99,99,1,2,55,1,6,2,2,0,0,1,54,99,1,1,98,1,0
47,470879,1,1,1,23,12,21,55,8,0,1,0,47,1,35,443,35443,20,1996,1N6SD11S0TC3,1,N,6,S,D,1,1,S,0,T,C,3,0,0,0,000000000,00000000000,0,0,0,1,0,0,0,0,0,0,0,998,0,0,0,12,6,2,8,0,0,0,1,47,38551,6,1,6,0,3,0,71,190,0,0,0,0,0,0,0,0,0,0,0,0,0,0,1,3,55,1,5,2,2,0,0,1,80,99,1,1,13,0,0
47,470880,1,2,1,13,12,12,17,12,6,1,0,47,2,12,13,12013,2,1999,3FAKP1137XR2,3,F,A,K,P,1,1,3,7,X,R,2,0,0,0,000000000,00000000000,0,0,0,1,0,0,0,0,0,0,0,998,0,0,0,3,6,2,12,0,0,0,1,47,37664,6,1,0,0,3,0,70,160,0,0,0,0,0,0,0,0,0,0,38,0,0,0,2,2,45,1,1,2,1,0,0,11,15,1,1,1,68,1,0
47,470880,2,2,1,13,12,12,17,12,6,1,0,47,1,20,481,20481,31,1988,1GCDK14K8JE1,1,G,C,D,K,1,4,K,8,J,E,1,0,0,0,000000000,00000000000,0,0,0,1,0,0,0,0,0,0,0,998,0,0,0,12,6,2,12,0,0,0,1,47,37660,6,1,0,0,3,0,63,110,1,0,0,1,1,3,2013,11,2013,0,0,0,0,0,2,2,45,1,1,2,1,0,0,1,67,99,9,1,69,0,0
47,470881,1,2,2,19,12,18,5,12,6,1,0,47,2,14,6,14006,4,2008,2MEFM75V28X6,2,M,E,F,M,7,5,V,2,8,X,6,0,0,0,000000000,00000000000,0,0,0,1,0,0,0,0,0,0,0,998,0,0,0,10,6,2,12,0,0,0,1,47,38138,6,1,0,0,3,0,64,155,0,0,0,0,0,0,0,0,0,0,38,0,0,0,0,0,0,0,0,0,0,0,0,4,17,1,1,1,89,1,0
47,470881,2,2,1,19,12,18,5,12,6,1,0,13,4,6,51,6051,4,2014,2C3CCAAG3EH2,2,C,3,C,C,A,A,G,3,E,H,2,0,0,0,000000000,00000000000,0,0,0,1,0,0,0,0,0,0,0,998,0,0,0,12,6,2,12,0,0,0,1,47,38120,6,1,0,0,3,0,65,120,1,0,0,0,1,2,2014,12,2014,0,0,0,0,0,2,2,35,1,1,2,1,0,0,1,71,99,1,1,88,0,0
47,470882,1,2,1,14,12,10,55,12,6,1,0,47,1,23,471,23471,30,2000,1GTCS1956YK2,1,G,T,C,S,1,9,5,6,Y,K,2,0,0,0,000000000,00000000000,0,0,0,1,0,0,0,0,0,0,0,998,0,0,0,11,6,2,12,0,0,0,1,47,37643,6,1,0,0,3,0,74,275,0,0,0,0,0,0,0,0,0,0,38,0,0,0,1,2,30,1,1,2,1,20,3,11,15,1,1,1,82,1,0
47,470882,2,2,1,14,12,10,55,12,6,1,0,47,2,12,37,12037,4,2008,1FAHP35N48W2,1,F,A,H,P,3,5,N,4,8,W,2,0,0,0,000000000,00000000000,0,0,0,1,0,0,0,0,0,0,0,998,0,0,0,12,6,2,12,0,0,0,1,47,37658,6,1,0,0,3,0,65,200,0,1,0,0,0,9,2013,9,2013,0,84,0,0,0,2,2,45,1,1,2,1,0,0,1,67,6,1,1,83,0,0
47,470883,1,1,1,27,12,2,15,1,0,1,0,47,2,7,25,7025,5,2007,1B3HB28B67D1,1,B,3,H,B,2,8,B,6,7,D,1,0,0,0,000000000,00000000000,0,0,0,1,0,0,0,0,0,0,0,998,0,2,1,0,6,2,1,0,0,0,1,18,38301,6,1,0,0,3,0,72,200,0,0,0,0,0,0,0,0,0,0,58,0,0,0,1,2,45,3,1,2,1,0,0,14,13,6,1,6,98,1,1
47,470884,1,2,2,29,12,6,37,12,6,1,0,47,1,20,4,20004,2,2012,1G1YL2DE1C51,1,G,1,Y,L,2,D,E,1,C,5,1,0,0,0,000000000,00000000000,0,0,0,1,0,0,0,0,0,0,0,998,0,0,0,9,6,2,12,0,0,0,1,47,37830,6,1,0,0,3,0,75,195,1,0,0,0,0,12,2013,12,2013,0,47,0,0,0,2,3,50,1,1,2,2,0,0,98,98,1,1,1,72,1,0
47,470884,2,2,1,29,12,6,37,12,6,1,0,47,1,12,402,12402,14,2004,1FMYU02184DA,1,F,M,Y,U,0,2,1,8,4,D,A,0,0,0,000000000,00000000000,0,0,0,1,0,0,0,0,0,0,0,998,0,0,0,12,6,2,12,0,0,0,1,47,37920,6,1,0,0,3,0,68,190,0,0,0,0,0,0,0,0,0,0,0,0,0,0,2,3,50,1,1,2,2,0,0,1,60,99,1,1,73,0,0
47,470885,1,1,1,29,12,5,53,8,0,1,0,47,1,49,40,49040,4,1997,JT2BG22K5V00,J,T,2,B,G,2,2,K,5,V,0,0,0,0,0,000000000,00000000000,0,0,0,1,0,0,0,0,0,0,0,998,0,0,0,12,6,2,8,0,0,0,1,47,37865,6,1,6,0,3,0,71,190,1,0,0,0,1,5,2012,6,2012,0,0,0,0,0,1,4,50,1,2,2,2,0,0,1,80,1,1,1,13,0,0
47,470886,1,1,5,26,12,1,11,30,0,1,0,47,2,20,401,20401,14,1998,1GNDT13WXW21,1,G,N,D,T,1,3,W,X,W,2,1,0,0,0,000000000,00000000000,0,0,0,1,0,0,0,0,0,0,0,998,0,1,5,9,6,2,1,0,0,0,1,47,37130,0,0,0,0,0,0,999,999,99,99,99,99,99,99,9999,99,9999,3,6,28,36,0,1,2,45,2,1,2,1,0,0,14,6,1,9,4,7,1,0
47,470887,1,1,1,30,12,17,15,8,0,1,1,99,9,20,999,20999,99,9999,999999999999,9,9,9,9,9,9,9,9,9,9,9,9,0,0,0,000000000,00000000000,0,0,0,1,0,0,0,0,0,0,0,998,0,0,0,12,9,9,8,99,99,0,1,99,99999,9,9,99,0,9,9,999,999,99,99,99,99,99,99,9999,99,9999,9,99,99,99,99,5,5,50,1,1,2,1,0,0,1,11,99,1,4,13,0,0
47,470888,1,2,2,24,8,16,5,12,99,1,0,47,1,23,481,23481,31,2012,3GTP2VE79CG1,3,G,T,P,2,V,E,7,9,C,G,1,1,1,0,000000000,00000000000,0,0,0,1,0,0,0,0,0,0,0,998,9,0,0,83,6,2,42,99,99,0,1,47,38478,6,1,0,0,3,0,72,275,0,0,0,0,0,0,0,0,0,9,0,0,0,0,1,2,50,1,1,2,99,0,0,1,66,99,9,1,87,1,0
47,470888,2,2,5,24,8,16,5,12,99,1,0,47,2,20,471,20471,30,1999,1GCCS19X5XK2,1,G,C,C,S,1,9,X,5,X,K,2,0,0,0,000000000,00000000000,0,0,0,1,0,0,0,0,0,0,0,998,0,0,0,12,9,9,12,99,99,0,1,47,38485,6,2,0,0,3,3,74,156,2,0,0,0,0,7,2013,11,2013,4,39,0,0,0,1,2,45,1,1,2,99,20,3,99,17,99,9,1,86,0,0
47,470889,1,2,3,4,11,14,6,12,6,1,0,47,2,7,403,7403,14,2008,1D8GT58K28W1,1,D,8,G,T,5,8,K,2,8,W,1,0,0,0,000000000,00000000000,0,0,0,1,0,0,0,0,0,0,0,998,0,0,0,10,6,2,12,0,0,0,1,47,37211,3,1,0,0,2,0,63,160,0,0,0,0,0,0,0,0,0,0,0,0,0,0,1,3,30,1,1,2,1,1,3,11,66,1,1,1,82,0,0
47,470889,2,2,1,4,11,14,6,12,6,1,0,47,1,18,7,18007,4,2000,2G4WS52JXY11,2,G,4,W,S,5,2,J,X,Y,1,1,0,0,0,000000000,00000000000,0,0,0,1,0,0,0,0,0,0,0,998,0,0,0,12,6,2,12,0,0,0,1,47,37013,6,1,0,0,3,1,74,375,0,0,0,0,0,0,0,0,0,0,39,0,0,0,2,3,45,1,6,2,1,1,3,1,17,1,1,1,83,1,0
47,470890,1,1,1,23,11,3,47,8,0,1,0,47,2,20,16,20016,2,2001,1G1JC1244171,1,G,1,J,C,1,2,4,4,1,7,1,0,0,0,000000000,00000000000,0,0,0,1,0,0,0,0,0,0,0,998,0,0,0,12,6,2,8,0,0,0,1,47,37013,1,1,1,0,2,0,69,135,0,0,0,2,0,6,2013,10,2013,0,0,0,0,0,3,6,70,1,6,2,1,0,0,1,80,7,1,1,13,0,1
47,470891,1,1,1,24,11,20,35,32,0,1,0,47,1,20,401,20401,14,1995,1GNCS13W5S22,1,G,N,C,S,1,3,W,5,S,2,2,0,0,0,000000000,00000000000,0,0,0,1,0,0,0,0,0,0,0,998,0,1,5,12,6,2,32,0,0,0,1,47,37211,6,1,0,0,3,0,66,165,0,0,0,0,0,0,0,0,0,0,0,0,0,0,5,5,40,1,1,2,1,0,0,1,13,1,1,4,1,1,0
47,470892,1,1,2,5,1,1,32,5,0,1,0,47,2,20,402,20402,14,2002,2CNBJ7347269,2,C,N,B,J,7,3,4,7,2,6,9,0,0,0,000000000,00000000000,0,0,0,1,0,0,0,0,0,0,0,998,0,0,0,0,0,3,5,0,0,0,1,47,37343,6,1,0,0,3,0,72,150,0,0,0,0,0,0,0,0,0,9,99,99,99,99,1,2,30,1,1,2,99,0,0,1,98,1,1,1,0,1,0
47,470893,1,1,2,31,12,22,0,10,0,1,0,28,1,42,43,42043,4,2000,WDBNG75J4YA0,W,D,B,N,G,7,5,J,4,Y,A,0,0,0,0,000000000,00000000000,0,0,0,1,0,0,0,0,0,0,0,998,0,0,0,12,6,2,10,0,0,0,1,47,38109,1,1,1,0,2,0,65,153,1,1,0,0,0,8,2013,10,2014,0,6,39,0,0,1,2,35,1,1,2,1,65,3,1,90,99,1,1,15,1,0
47,470894,1,2,2,5,12,2,50,12,1,1,0,6,1,20,431,20431,16,1995,1GNFK16K6SJ3,1,G,N,F,K,1,6,K,6,S,J,3,0,0,0,000000000,00000000000,0,0,0,1,0,0,0,0,0,0,0,998,0,0,0,6,6,2,42,0,0,0,1,6,95363,6,1,0,0,3,1,65,265,0,0,0,0,0,0,0,0,0,0,0,0,0,0,3,2,70,1,1,2,1,0,0,1,53,1,1,1,25,1,0
47,470894,2,2,1,5,12,2,50,12,1,1,0,47,2,7,402,7402,14,2000,1B4HR28Y0YF2,1,B,4,H,R,2,8,Y,0,Y,F,2,0,0,0,000000000,00000000000,0,0,0,1,0,0,0,0,0,0,0,998,0,0,0,12,6,2,12,0,0,0,1,47,38049,2,1,2,0,2,0,74,185,0,1,0,0,0,1,2014,1,2014,0,6,26,0,0,3,2,70,1,1,2,1,0,0,1,51,1,1,1,24,0,0
47,470895,1,4,1,27,12,19,12,12,8,1,0,47,1,20,22,20022,4,2007,1G1AL55F2771,1,G,1,A,L,5,5,F,2,7,7,1,0,0,0,000000000,00000000000,0,0,0,1,0,0,0,0,0,0,0,998,0,0,0,10,6,2,12,32,0,0,1,47,37160,6,1,0,0,3,0,59,120,0,0,0,1,0,5,2014,5,2014,0,6,28,36,0,1,3,55,1,5,2,2,40,3,1,10,1,1,2,64,0,1
47,470895,2,4,2,27,12,19,12,12,8,1,0,47,1,41,441,41441,20,2001,JM3LW28G7102,J,M,3,L,W,2,8,G,7,1,0,2,0,0,0,000000000,00000000000,0,0,0,1,0,0,0,0,0,0,0,998,0,0,0,10,2,5,12,0,0,0,1,47,37160,6,1,0,0,3,0,67,185,0,0,0,0,0,0,0,0,0,0,0,0,0,0,1,3,55,1,6,2,2,40,3,1,62,99,1,1,65,0,0
47,470895,3,4,1,27,12,19,12,12,8,1,0,47,2,37,402,37402,14,2014,5J6RM3H70EL0,5,J,6,R,M,3,H,7,0,E,L,0,0,0,0,000000000,00000000000,0,0,0,1,0,0,0,0,0,0,0,998,0,0,0,10,6,2,12,0,0,0,1,47,37160,6,1,0,0,3,0,68,170,0,0,0,0,0,0,0,0,0,0,0,0,0,0,1,3,55,1,6,2,2,40,3,1,62,99,1,1,98,0,0
47,470895,4,4,2,27,12,19,12,12,8,1,0,47,1,59,35,59035,1,2010,JTHFF2C22A25,J,T,H,F,F,2,C,2,2,A,2,5,0,0,0,000000000,00000000000,0,0,0,1,0,0,0,0,0,0,0,998,0,0,0,12,6,2,12,0,0,0,1,47,37160,6,1,0,0,3,0,71,230,0,0,0,1,0,5,2012,5,2012,0,0,0,0,0,1,3,55,1,6,2,2,40,3,1,62,99,1,1,98,1,0
47,470896,1,2,2,27,12,10,50,12,7,1,0,47,2,63,441,63441,20,2004,KNDUP131X465,K,N,D,U,P,1,3,1,X,4,6,5,0,0,0,000000000,00000000000,0,0,0,1,0,0,0,0,0,0,0,998,0,0,0,9,4,5,12,0,0,0,1,47,37321,6,1,0,0,3,1,67,145,0,0,0,0,0,0,0,0,0,0,6,27,0,0,2,3,70,1,1,2,1,0,0,15,10,1,1,2,47,0,0
47,470896,2,2,2,27,12,10,50,12,7,1,0,47,1,19,23,19023,4,2014,2G61M5S32E92,2,G,6,1,M,5,S,3,2,E,9,2,0,0,0,000000000,00000000000,0,0,0,1,0,0,0,0,0,0,0,998,0,0,0,1,6,2,25,0,0,0,1,47,38506,6,1,0,0,3,0,63,155,0,0,0,0,0,0,0,0,0,0,0,0,0,0,2,3,70,1,1,2,1,0,0,1,60,1,1,1,45,1,0
47,470897,1,1,4,28,12,5,49,42,0,1,0,47,2,12,422,12422,15,1999,1FMPU18L9XLB,1,F,M,P,U,1,8,L,9,X,L,B,0,0,0,000000000,00000000000,0,0,0,1,0,0,0,0,0,0,0,998,0,0,0,12,6,2,42,0,0,0,1,47,37130,6,2,0,0,3,2,60,110,0,0,0,0,0,0,0,0,0,0,6,36,52,73,1,2,35,2,1,2,2,0,0,14,12,1,1,4,6,1,1
47,470898,1,1,1,16,11,4,4,24,0,1,0,47,1,20,401,20401,14,2002,1GNDS13S3221,1,G,N,D,S,1,3,S,3,2,2,1,0,0,0,000000000,00000000000,0,0,0,1,0,0,0,0,0,0,0,64,0,1,5,1,6,2,1,0,0,0,1,47,37086,6,1,0,0,3,0,69,175,2,0,0,0,0,3,2013,3,2013,3,0,0,0,0,3,3,55,2,2,2,1,0,0,99,13,3,2,4,2,1,1
47,470899,1,1,3,13,11,6,15,25,0,1,0,47,1,20,2,20002,4,2003,2G1WH52K8393,2,G,1,W,H,5,2,K,8,3,9,3,0,0,0,000000000,00000000000,0,0,0,1,0,0,0,0,0,0,0,998,0,0,0,11,6,2,8,0,0,0,1,47,38017,6,1,0,0,3,0,64,182,0,0,0,0,0,0,0,0,0,9,6,28,58,87,3,2,65,1,6,2,4,0,0,1,5,1,9,4,7,0,0
47,470900,1,3,1,31,12,18,33,12,2,1,0,47,2,13,421,13421,15,2004,5LMFU28R44LJ,5,L,M,F,U,2,8,R,4,4,L,J,0,0,0,000000000,00000000000,0,0,0,1,0,0,0,0,0,0,0,998,0,0,0,12,6,2,12,0,0,0,1,47,38128,0,0,0,0,0,0,65,140,1,0,0,0,1,7,2012,4,2013,0,28,0,0,0,5,5,45,1,6,2,1,0,0,1,10,1,1,2,50,0,0
47,470900,2,3,1,31,12,18,33,12,2,1,0,47,1,63,37,63037,6,2012,KNDJT2A65C74,K,N,D,J,T,2,A,6,5,C,7,4,0,0,0,000000000,00000000000,0,0,0,1,0,0,0,0,0,0,0,998,0,0,0,12,6,2,12,0,0,0,1,47,38135,6,1,0,0,3,0,62,180,2,0,0,0,0,1,2013,10,2014,0,0,0,0,0,5,5,45,1,5,2,1,0,0,1,62,1,1,1,51,1,0
47,470900,3,3,1,31,12,18,33,12,2,1,0,47,1,22,2,22002,4,1996,1G2HX52K9T42,1,G,2,H,X,5,2,K,9,T,4,2,0,0,0,000000000,00000000000,0,0,0,1,0,0,0,0,0,0,0,998,0,0,0,12,6,2,12,0,0,0,1,47,38127,6,1,0,0,3,0,67,160,0,0,0,0,0,0,0,0,0,0,0,0,0,0,5,5,45,1,5,2,1,0,0,1,62,1,1,1,98,0,0