STATE,ST_CASE,VEH_NO,VE_FORMS,NUMOCCS,DAY,MONTH,HOUR,MINUTE,HARM_EV,MAN_COLL,UNITTYPE,HIT_RUN,REG_STAT,OWNER,MAKE,MODEL,MAK_MOD,BODY_TYP,MOD_YEAR,VIN,VIN_1,VIN_2,VIN_3,VIN_4,VIN_5,VIN_6,VIN_7,VIN_8,VIN_9,VIN_10,VIN_11,VIN_12,TOW_VEH,J_KNIFE,MCARR_I1,MCARR_I2,MCARR_ID,GVWR,V_CONFIG,CARGO_BT,HAZ_INV,HAZ_PLAC,HAZ_ID,HAZ_CNO,HAZ_REL,BUS_USE,SPEC_USE,EMER_USE,TRAV_SP,UNDERIDE,ROLLOVER,ROLINLOC,IMPACT1,DEFORMED,TOWED,M_HARM,VEH_SC1,VEH_SC2,FIRE_EXP,DR_PRES,L_STATE,DR_ZIP,L_STATUS,L_TYPE,CDL_STAT,L_ENDORS,L_COMPL,L_RESTRI,DR_HGT,DR_WGT,PREV_ACC,PREV_SUS,PREV_DWI,PREV_SPD,PREV_OTH,FIRST_MO,FIRST_YR,LAST_MO,LAST_YR,SPEEDREL,DR_SF1,DR_SF2,DR_SF3,DR_SF4,VTRAFWAY,VNUM_LAN,VSPD_LIM,VALIGN,VPROFILE,VPAVETYP,VSURCOND,VTRAFCON,VTCONT_F,P_CRASH1,P_CRASH2,P_CRASH3,PCRASH4,PCRASH5,ACC_TYPE,DEATHS,DR_DRINK
47,470901,1,1,2,16,12,18,3,42,0,1,0,47,1,12,3,12003,2,2008,1ZVHT82H8851,1,Z,V,H,T,8,2,H,8,8,5,1,0,0,0,000000000,00000000000,0,0,0,1,0,0,0,0,0,0,0,998,0,0,0,9,6,2,42,0,0,0,1,47,37397,2,1,2,0,2,0,75,160,0,10,1,2,1,8,2012,10,2014,0,6,36,58,0,1,2,35,1,1,2,1,0,0,1,12,7,3,4,2,1,0
47,470902,1,2,1,26,12,19,55,12,2,1,0,47,0,36,38,36038,3,2012,3C3CFFBR6CT1,3,C,3,C,F,F,B,R,6,C,T,1,0,0,0,000000000,00000000000,0,0,0,1,0,0,0,0,0,0,0,998,0,0,0,12,6,2,12,0,0,0,1,47,37922,6,1,0,0,3,0,68,375,1,0,0,1,1,2,2013,7,2014,0,6,24,28,0,1,2,40,3,6,2,1,0,0,14,10,1,1,2,50,1,1
47,470902,2,2,2,26,12,19,55,12,2,1,0,47,2,51,45,51045,4,2008,YV1AS9821810,Y,V,1,A,S,9,8,2,1,8,1,0,0,0,0,000000000,00000000000,0,0,0,1,0,0,0,0,0,0,0,998,0,0,0,12,6,2,12,0,0,0,1,47,91601,6,1,0,0,3,0,73,160,0,0,0,1,0,5,2013,5,2013,0,0,0,0,0,1,2,40,2,5,2,1,0,0,14,62,99,1,1,51,0,0
47,470903,1,2,1,24,10,17,44,12,1,1,0,47,2,21,3,21003,4,1988,1G3CW51C7J13,1,G,3,C,W,5,1,C,7,J,1,3,0,0,0,000000000,00000000000,0,0,0,1,0,0,0,0,0,0,0,0,0,0,0,6,6,2,12,0,0,1,1,47,37013,6,1,0,0,3,0,67,150,0,0,0,0,0,0,0,0,0,9,54,0,0,0,3,3,55,1,2,2,1,0,0,5,98,1,1,1,21,1,0
47,470903,2,2,1,24,10,17,44,12,1,1,0,17,3,85,881,85881,66,2012,1XKWD49XXCR2,1,X,K,W,D,4,9,X,X,C,R,2,1,1,57,00754533,5700754533,3,6,1,1,0,0,0,0,0,0,0,998,1,0,0,12,6,2,12,0,0,0,1,18,46052,6,1,6,0,3,1,66,195,0,0,0,0,0,0,0,0,0,0,0,0,0,0,3,3,55,1,2,2,1,0,0,1,50,2,2,1,20,0,0
47,470904,1,2,1,5,9,13,20,12,6,1,0,47,2,59,31,59031,4,1996,JT8BF12G4T01,J,T,8,B,F,1,2,G,4,T,0,1,0,0,0,000000000,00000000000,0,0,0,1,0,0,0,0,0,0,0,998,0,0,0,11,6,2,12,0,0,0,1,47,37208,6,1,0,0,3,0,64,160,0,0,0,0,0,0,0,0,0,0,0,0,0,0,1,4,45,1,2,2,1,2,3,1,66,1,1,1,89,1,0
47,470904,2,2,1,5,9,13,20,12,6,1,0,22,1,37,39,37039,5,2007,JHMGD38607S0,J,H,M,G,D,3,8,6,0,7,S,0,0,0,0,000000000,00000000000,0,0,0,1,0,0,0,0,0,0,0,998,0,0,0,12,6,2,12,0,0,0,1,47,37209,6,1,0,0,3,0,61,125,0,0,0,0,0,0,0,0,0,0,6,36,39,89,1,5,45,1,2,2,1,2,3,1,17,1,1,1,88,0,0
47,470905,1,1,1,26,11,11,55,24,0,1,0,47,0,69,54,69054,3,2006,WMWRC33586TK,W,M,W,R,C,3,3,5,8,6,T,K,0,0,0,000000000,00000000000,0,0,0,1,0,0,0,0,0,0,0,998,0,0,0,1,4,3,24,0,0,0,1,47,37221,6,1,0,0,3,2,70,170,1,0,0,2,1,5,2014,5,2014,0,28,58,74,0,1,2,30,3,2,2,1,0,0,14,6,7,2,4,2,1,1
47,470906,1,2,1,15,10,18,48,12,1,1,0,47,1,12,23,12023,4,2009,3FAHP08179R1,3,F,A,H,P,0,8,1,7,9,R,1,0,0,0,000000000,00000000000,0,0,0,1,0,0,0,0,0,0,0,998,0,0,0,12,6,2,12,0,0,0,1,47,38048,6,1,0,0,3,0,62,115,0,0,0,1,0,5,2014,5,2014,9,99,99,99,99,1,2,45,1,5,2,1,0,0,1,50,1,1,1,98,0,0
47,470906,2,2,0,15,10,18,48,12,1,1,0,47,6,20,481,20481,31,1994,2GCEC19K7R12,2,G,C,E,C,1,9,K,7,R,1,2,1,1,0,000000000,00000000000,0,0,0,1,0,0,0,0,0,0,0,0,0,0,0,6,6,2,12,0,0,0,0,0,99997,7,6,97,7,6,7,998,997,998,998,998,998,998,98,9998,98,9998,8,20,0,0,0,1,2,45,1,5,2,1,0,0,0,53,0,0,0,98,0,0
47,470907,1,1,1,5,10,14,14,53,0,1,0,47,1,20,20,20020,4,1995,2G1WL52M1S11,2,G,1,W,L,5,2,M,1,S,1,1,0,0,0,000000000,00000000000,0,0,0,1,0,0,0,0,0,0,0,998,0,0,0,12,6,2,53,0,0,0,1,47,37620,6,1,0,0,3,0,73,240,0,0,0,0,0,0,0,0,0,9,99,99,99,99,1,2,35,2,5,2,1,0,0,14,12,1,1,4,6,1,0
47,470908,1,1,1,26,12,18,34,8,0,1,0,47,2,24,1,24001,4,1994,1G8ZK5578RZ2,1,G,8,Z,K,5,5,7,8,R,Z,2,0,0,0,000000000,00000000000,0,0,0,1,0,0,0,0,0,0,0,998,0,0,0,12,6,2,8,0,0,0,1,47,37013,6,1,0,0,3,1,73,213,0,0,0,0,1,1,2013,1,2013,0,0,0,0,0,5,5,40,1,1,2,1,0,0,1,80,1,1,1,13,0,0
47,470909,1,3,1,2,12,5,8,57,0,1,0,93,3,82,881,82881,66,2012,1FUJGEDR0CSB,1,F,U,J,G,E,D,R,0,C,S,B,1,1,57,01200996,5701200996,3,6,1,1,0,0,0,0,0,0,0,998,0,1,1,12,6,2,12,0,0,1,1,47,37208,6,1,6,0,3,0,67,208,0,0,0,0,0,0,0,0,0,9,24,0,0,0,3,2,70,3,5,2,1,0,0,14,12,1,1,4,6,1,0
47,470909,2,3,1,2,12,5,8,57,0,1,0,18,3,84,881,84881,66,2013,3HSDJAPR9DN3,3,H,S,D,J,A,P,R,9,D,N,3,2,1,57,00265752,5700265752,3,7,1,1,0,0,0,0,0,0,0,998,0,0,0,12,6,2,12,0,0,1,1,17,61956,6,1,6,1,3,1,71,275,0,0,0,0,1,8,2013,8,2013,0,0,0,0,0,3,2,65,2,6,2,1,0,0,14,54,9,2,3,98,1,0
47,470909,3,3,1,2,12,5,8,57,0,1,0,18,1,34,34,34034,2,2009,WBSWD93519PY,W,B,S,W,D,9,3,5,1,9,P,Y,0,0,0,000000000,00000000000,0,0,0,1,0,0,0,0,0,0,0,998,0,0,0,12,6,2,12,0,0,1,1,41,37204,6,1,0,0,3,1,77,205,0,0,0,0,0,0,0,0,0,0,0,0,0,0,3,2,70,2,5,2,1,0,0,14,54,99,2,3,98,0,0
47,470910,1,1,1,22,12,17,21,53,0,1,0,47,1,35,402,35402,14,2007,5N1AN08W87C5,5,N,1,A,N,0,8,W,8,7,C,5,0,0,0,000000000,00000000000,0,0,0,1,0,0,0,0,0,0,0,998,0,0,0,2,4,5,53,0,0,0,1,47,37138,6,1,0,0,3,1,70,200,2,0,0,0,0,11,2014,12,2014,0,6,0,0,0,1,2,30,3,1,2,1,0,0,14,13,1,1,4,1,0,0
47,470911,1,1,2,4,10,13,0,5,0,1,0,47,2,35,481,35481,31,2009,1N6AA06C19N3,1,N,6,A,A,0,6,C,1,9,N,3,0,0,0,000000000,00000000000,0,0,0,1,0,0,0,0,0,0,0,998,0,0,0,0,0,5,5,0,0,0,1,47,37724,6,1,0,0,3,0,63,170,0,0,0,0,0,0,0,0,0,0,0,0,0,0,1,2,55,1,1,2,1,0,0,1,98,1,1,1,0,1,0
47,470912,1,1,1,4,11,19,30,24,0,1,0,47,2,12,17,12017,4,2003,1FAFP55U23A1,1,F,A,F,P,5,5,U,2,3,A,1,0,0,0,000000000,00000000000,0,0,0,1,0,0,0,0,0,0,0,998,0,1,5,11,6,2,2,0,0,1,1,47,37917,2,1,2,0,2,0,69,170,0,0,0,0,0,0,0,0,0,0,0,0,0,0,1,2,35,2,6,2,1,0,0,14,12,1,1,4,6,1,0
47,470913,1,4,1,3,10,18,50,12,1,1,0,47,0,12,481,12481,31,2004,1FTNW21P94EB,1,F,T,N,W,2,1,P,9,4,E,B,0,0,0,000000000,00000000000,0,0,0,1,0,0,0,0,0,0,0,998,7,1,1,12,6,2,12,0,0,0,1,47,37087,6,1,0,0,3,0,69,175,0,0,0,1,0,12,2013,12,2013,0,6,26,0,0,3,4,70,1,1,2,2,0,0,1,51,99,1,1,24,0,1
47,470913,2,4,4,3,10,18,50,12,1,1,0,21,1,37,32,37032,4,2000,1HGCG565XYA0,1,H,G,C,G,5,6,5,X,Y,A,0,0,0,0,000000000,00000000000,0,0,0,1,0,0,0,0,0,0,0,998,7,1,1,6,6,2,12,0,0,0,1,21,42025,6,1,6,0,3,3,62,135,0,0,0,0,0,0,0,0,0,0,0,0,0,0,3,4,70,1,1,2,2,0,0,2,53,4,9,1,25,4,0
47,470913,3,4,1,3,10,18,50,12,1,1,0,47,0,20,37,20037,4,2006,1G1ZS51F06F2,1,G,1,Z,S,5,1,F,0,6,F,2,0,0,0,000000000,00000000000,0,0,0,1,0,0,0,0,0,0,0,0,0,0,0,6,6,2,12,0,0,0,1,47,37087,6,1,0,0,3,1,67,168,0,0,0,0,0,0,0,0,0,0,0,0,0,0,3,4,70,1,1,2,2,0,0,5,53,1,1,1,98,0,0
47,470913,6,4,1,3,10,18,50,12,1,1,0,47,0,7,24,7024,4,2007,2B3KA53HX7H7,2,B,3,K,A,5,3,H,X,7,H,7,0,0,0,000000000,00000000000,0,0,0,1,0,0,0,0,0,0,0,998,0,0,0,11,6,2,12,0,0,0,1,47,37087,6,1,0,0,3,1,70,215,2,1,1,1,0,5,2012,8,2014,0,84,0,0,0,3,4,70,1,1,2,2,0,0,1,51,99,9,9,98,0,0
47,470914,1,2,1,11,12,17,43,12,8,1,0,47,1,13,1,13001,4,2001,1LNHM82W41Y6,1,L,N,H,M,8,2,W,4,1,Y,6,0,0,0,000000000,00000000000,0,0,0,1,0,0,0,0,0,0,0,998,0,0,0,1,6,2,14,0,0,0,1,47,37138,6,1,0,0,3,3,71,170,0,0,0,0,0,0,0,0,0,9,99,99,99,99,1,2,30,1,2,3,1,0,0,1,50,99,1,1,66,1,0
47,470914,2,2,0,11,12,17,43,12,8,1,0,47,6,23,481,23481,31,2000,1GTEK19T2YE3,1,G,T,E,K,1,9,T,2,Y,E,3,0,0,0,000000000,00000000000,0,0,0,1,0,0,0,0,0,0,0,0,0,0,0,1,6,2,12,0,0,0,0,0,99997,7,6,97,7,6,7,998,997,998,998,998,998,998,98,9998,98,9998,8,0,0,0,0,0,0,0,0,0,0,0,0,0,0,98,0,0,0,66,0,0
47,470915,1,2,2,7,5,16,24,12,6,1,0,47,2,35,51,35051,6,2014,5N1AT2ML3EC7,5,N,1,A,T,2,M,L,3,E,C,7,0,0,0,000000000,00000000000,0,0,0,1,0,0,0,0,0,0,0,998,0,0,0,11,6,2,12,0,0,0,1,47,37840,6,1,0,0,3,0,63,108,0,0,0,0,0,0,0,0,0,0,0,0,0,0,2,2,45,3,5,2,1,0,0,3,66,99,1,1,86,0,0
47,470915,2,2,1,7,5,16,24,12,6,1,0,47,1,20,37,20037,4,2009,1G1ZF57589F1,1,G,1,Z,F,5,7,5,8,9,F,1,0,0,0,000000000,00000000000,0,0,0,1,0,0,0,0,0,0,0,998,0,0,0,1,6,2,12,0,0,0,1,47,37840,6,1,0,0,3,1,67,158,1,0,0,0,0,1,2014,1,2014,0,0,0,0,0,2,2,45,1,5,2,1,0,0,1,17,99,1,1,87,1,0
47,470916,1,1,1,31,12,22,0,35,0,1,0,47,2,12,17,12017,4,2002,1FAFP55UX2A1,1,F,A,F,P,5,5,U,X,2,A,1,0,0,0,000000000,00000000000,0,0,0,1,0,0,0,0,0,0,0,998,0,0,0,12,6,2,35,0,0,0,1,47,38363,2,1,0,0,2,0,73,245,0,1,1,0,0,11,2012,2,2013,0,0,0,0,0,2,2,70,2,5,2,1,0,0,14,12,99,1,4,6,1,1
48,480001,1,2,2,1,1,4,22,12,1,1,0,48,2,30,52,30052,4,2012,WVWHN7AN7CE5,W,V,W,H,N,7,A,N,7,C,E,5,0,0,0,000000000,00000000000,0,0,0,1,0,0,0,0,0,0,0,998,0,0,0,12,6,2,8,0,0,0,1,48,78045,6,1,0,0,3,3,999,999,0,0,0,0,0,0,0,0,0,0,84,0,0,0,3,2,65,1,2,8,1,0,0,1,50,99,1,1,32,0,0
48,480001,2,2,0,1,1,4,22,12,1,1,0,48,6,22,20,22020,4,2006,2G2WP5520611,2,G,2,W,P,5,5,2,0,6,1,1,0,0,0,000000000,00000000000,0,0,0,1,0,0,0,0,0,0,0,0,0,0,0,6,4,3,12,0,0,0,0,0,99997,7,6,97,7,6,7,998,997,998,998,998,998,998,98,9998,98,9998,8,54,0,0,0,3,2,65,1,2,8,1,0,0,0,53,0,0,0,32,0,0
48,480002,1,1,1,1,1,0,20,42,0,1,0,48,1,12,401,12401,14,2000,1FMZU62X7YUB,1,F,M,Z,U,6,2,X,7,Y,U,B,0,0,0,000000000,00000000000,0,0,0,1,0,0,0,0,0,0,0,998,0,1,5,12,6,2,1,0,0,0,1,48,75224,0,0,0,0,0,0,62,293,0,0,0,0,0,0,0,0,0,3,48,0,0,0,2,6,45,1,2,8,1,0,0,11,12,99,1,4,9,1,1
48,480003,1,2,2,1,1,15,11,12,6,1,0,48,1,14,17,14017,4,2002,1MEFM55S32G6,1,M,E,F,M,5,5,S,3,2,G,6,0,0,0,000000000,00000000000,0,0,0,1,0,0,0,0,0,0,0,998,0,0,0,11,4,3,12,0,0,0,1,48,75040,6,1,0,0,3,3,999,999,0,0,0,0,0,0,0,0,0,0,38,0,0,0,0,0,0,0,0,0,0,20,3,11,15,99,1,1,68,0,0
48,480003,2,2,2,1,1,15,11,12,6,1,0,48,1,72,706,72706,80,2008,1HD1FC4118Y6,1,H,D,1,F,C,4,1,1,8,Y,6,0,0,0,000000000,00000000000,0,0,0,1,0,0,0,0,0,0,0,998,0,0,0,12,4,3,12,0,0,0,1,48,75044,6,1,0,0,3,0,999,999,0,0,0,0,0,0,0,0,0,0,0,0,0,0,2,5,40,1,3,8,1,0,0,1,72,99,1,1,69,2,0
48,480004,1,1,1,1,1,3,39,3,0,1,0,48,1,63,402,63402,14,2013,5XYKT3A16DG4,5,X,Y,K,T,3,A,1,6,D,G,4,0,0,0,000000000,00000000000,0,0,0,1,0,0,0,0,0,0,0,998,0,0,0,0,2,3,3,0,0,0,1,48,77354,6,1,0,0,3,3,999,999,0,0,0,0,0,0,0,0,0,0,0,0,0,0,3,2,30,1,1,8,1,20,3,1,14,99,1,4,0,1,1
48,480005,1,1,1,1,1,4,0,43,0,1,0,48,1,12,481,12481,31,2003,1FTRW08LX3KC,1,F,T,R,W,0,8,L,X,3,K,C,0,0,0,000000000,00000000000,0,0,0,1,0,0,0,0,0,0,0,998,0,1,5,61,4,3,1,0,0,0,1,48,78387,6,1,0,0,3,0,999,999,0,1,0,0,0,12,2013,12,2013,4,0,0,0,0,1,2,60,2,2,8,1,0,0,14,6,99,3,4,7,1,0
48,480006,1,2,2,1,1,1,0,12,6,1,0,48,1,20,481,20481,31,2008,2GCEC13J5811,2,G,C,E,C,1,3,J,5,8,1,1,0,0,0,000000000,00000000000,0,0,0,1,0,0,0,0,0,0,0,998,0,0,0,12,4,3,12,0,0,0,1,48,77429,6,1,0,0,3,0,999,999,0,0,0,0,1,10,2013,10,2013,0,39,0,0,0,4,5,30,1,1,1,1,0,0,1,17,99,1,1,86,0,1
48,480006,2,2,2,1,1,1,0,12,6,1,0,48,1,42,42,42042,4,2005,WDBRF40J15F7,W,D,B,R,F,4,0,J,1,5,F,7,0,0,0,000000000,00000000000,0,0,0,1,0,0,0,0,0,0,0,998,0,0,0,3,4,3,38,0,0,0,1,48,77019,6,1,0,0,3,3,999,999,0,0,0,0,0,0,0,0,0,0,0,0,0,0,4,4,98,8,8,8,1,3,3,1,66,99,1,1,87,1,0
48,480007,1,1,5,1,1,2,25,8,0,1,0,48,1,7,442,7442,20,2004,1D4GP45R54B5,1,D,4,G,P,4,5,R,5,4,B,5,0,0,0,000000000,00000000000,0,0,0,1,0,0,0,0,0,0,0,998,0,0,0,12,2,3,8,0,0,0,1,48,77057,6,1,0,0,3,0,999,999,0,0,0,0,0,0,0,0,0,0,0,0,0,0,3,4,45,1,1,1,1,0,0,1,81,99,1,1,13,0,0
48,480008,1,1,1,1,1,1,40,25,0,1,0,48,1,20,2,20002,4,2005,2G1WF52E0593,2,G,1,W,F,5,2,E,0,5,9,3,0,0,0,000000000,00000000000,0,0,0,1,0,0,0,0,0,0,0,998,0,0,0,61,6,2,20,0,0,0,1,48,77084,6,1,0,0,3,0,999,999,0,0,0,0,0,0,0,0,0,0,0,0,0,0,3,2,65,1,1,8,1,0,0,1,12,99,1,4,6,1,0
48,480009,1,1,1,1,1,4,14,42,0,1,0,48,1,20,482,20482,31,2004,3GNEC12T54G3,3,G,N,E,C,1,2,T,5,4,G,3,0,0,0,000000000,00000000000,0,0,0,1,0,0,0,0,0,0,0,998,0,1,5,8,4,3,1,0,0,0,1,48,76049,6,1,0,0,3,0,68,175,1,13,0,1,0,6,2011,1,2013,4,0,0,0,0,1,2,55,2,2,8,1,0,0,14,6,99,3,4,7,1,1
48,480010,1,2,1,1,1,8,14,12,6,1,0,48,1,7,402,7402,14,2003,1D4HR48N33F5,1,D,4,H,R,4,8,N,3,3,F,5,0,0,0,000000000,00000000000,0,0,0,1,0,0,0,0,0,0,0,998,0,0,0,12,6,2,12,0,0,0,1,48,75401,6,1,0,0,3,0,999,999,1,0,0,0,0,11,2012,11,2012,0,28,51,0,0,1,2,65,2,1,8,1,0,0,14,10,7,1,2,64,0,0
48,480010,2,2,1,1,1,8,14,12,6,1,0,48,1,12,37,12037,4,2010,1FAHP3HN3AW1,1,F,A,H,P,3,H,N,3,A,W,1,0,0,0,000000000,00000000000,0,0,0,1,0,0,0,0,0,0,0,998,0,0,0,1,6,2,12,0,0,0,1,48,75474,6,1,0,0,3,0,63,123,0,0,0,0,0,0,0,0,0,0,0,0,0,0,1,2,65,3,1,8,1,0,0,14,62,3,4,2,65,1,0
48,480011,1,1,1,1,1,14,36,39,0,1,0,48,2,20,481,20481,31,1998,2GCEC19R7W12,2,G,C,E,C,1,9,R,7,W,1,2,0,0,0,000000000,00000000000,0,0,0,1,0,0,0,0,0,0,0,998,0,0,0,12,4,3,39,0,0,0,1,48,79502,6,1,0,0,3,0,999,999,1,0,0,0,2,1,2012,8,2013,3,0,0,0,0,1,2,75,1,1,8,1,0,0,1,12,99,1,4,6,1,0
48,480012,1,2,1,1,1,12,15,12,6,1,0,48,0,12,4,12004,2,1989,1FAPP6240KH1,1,F,A,P,P,6,2,4,0,K,H,1,0,0,0,000000000,00000000000,0,0,0,1,0,0,0,0,0,0,0,998,0,0,0,3,4,3,12,0,0,0,1,49,79371,3,1,0,0,2,0,65,180,98,0,0,0,0,0,0,0,0,0,38,91,0,0,8,8,98,8,8,8,98,0,0,1,17,99,1,1,87,0,0
48,480012,2,2,1,1,1,12,15,12,6,1,0,48,1,20,481,20481,31,1995,1GCEC14H1SZ2,1,G,C,E,C,1,4,H,1,S,Z,2,0,0,0,000000000,00000000000,0,0,0,1,0,0,0,0,0,0,0,998,0,1,1,12,4,3,1,0,0,0,1,48,79339,6,1,0,0,3,3,999,999,0,0,0,0,1,11,2012,11,2012,0,0,0,0,0,1,2,60,1,1,5,1,0,0,1,66,99,1,1,86,1,0
48,480013,1,2,1,1,1,5,35,12,2,1,0,48,1,20,404,20404,14,2007,2CNDL13F3760,2,C,N,D,L,1,3,F,3,7,6,0,0,0,0,000000000,00000000000,0,0,0,1,0,0,0,0,0,0,0,998,0,1,1,12,6,2,12,0,0,0,1,48,79744,6,1,6,0,3,0,999,999,1,0,0,0,3,4,2011,7,2013,0,0,0,0,0,1,2,75,1,1,8,1,0,0,1,10,99,1,2,50,1,0
48,480013,2,2,1,1,1,5,35,12,2,1,0,48,2,7,880,7880,67,2008,3D7MX48A88G1,3,D,7,M,X,4,8,A,8,8,G,1,0,0,88,888888888,88888888888,2,1,96,1,0,0,0,0,0,0,0,998,0,0,0,12,6,2,12,0,0,0,1,22,71343,6,1,0,0,3,0,69,180,0,0,0,0,1,9,2013,9,2013,0,0,0,0,0,1,2,75,1,1,8,1,0,0,1,62,99,1,1,51,0,0
48,480014,1,1,1,1,1,21,35,42,0,1,0,26,2,20,36,20036,2,1998,2G1WW12M4W93,2,G,1,W,W,1,2,M,4,W,9,3,0,0,0,000000000,00000000000,0,0,0,1,0,0,0,0,0,0,0,998,0,0,0,10,6,2,42,0,0,0,1,26,48423,6,1,0,0,3,0,67,134,0,0,0,0,0,0,0,0,0,4,0,0,0,0,1,2,60,2,3,8,1,0,0,14,12,3,2,4,6,1,1
48,480015,1,1,1,1,1,4,0,35,0,1,0,48,0,12,481,12481,31,2004,2FTRF17264CA,2,F,T,R,F,1,7,2,6,4,C,A,0,0,0,000000000,00000000000,0,0,0,1,0,0,0,0,0,0,0,998,0,1,5,99,4,3,3,0,0,0,1,48,75979,6,1,0,0,3,0,999,999,0,0,0,0,1,4,2012,4,2012,0,58,28,0,0,1,2,70,1,1,8,1,0,0,1,13,6,2,4,6,1,1
48,480016,1,2,1,2,1,6,30,12,1,1,0,48,3,84,881,84881,62,1997,1HTSCAAM1VH4,1,H,T,S,C,A,A,M,1,V,H,4,0,0,57,2360336,572360336,2,1,3,1,0,0,0,0,0,0,0,998,0,0,0,6,2,5,12,0,0,0,1,48,75074,6,1,0,0,3,0,999,999,0,0,0,0,1,12,2013,12,2013,0,0,0,0,0,5,5,60,1,2,8,1,0,0,1,53,1,1,1,25,0,0
48,480016,2,2,1,2,1,6,30,12,1,1,0,48,1,52,34,52034,4,2002,4A3AA46G02E0,4,A,3,A,A,4,6,G,0,2,E,0,0,0,0,000000000,00000000000,0,0,0,1,0,0,0,0,0,0,0,998,0,0,0,12,6,2,12,0,0,0,1,48,75407,1,1,0,0,2,0,999,999,0,2,0,4,1,1,2012,12,2013,0,0,0,0,0,5,5,60,1,2,8,1,0,0,1,51,1,1,1,24,1,0
48,480017,1,1,1,2,1,22,28,34,0,1,0,48,0,12,481,12481,31,2004,1FTNW20P94EA,1,F,T,N,W,2,0,P,9,4,E,A,0,0,0,000000000,00000000000,0,0,0,1,0,0,0,0,0,0,0,998,0,1,5,12,4,3,1,0,0,0,1,48,77447,6,1,6,0,3,0,999,999,0,0,0,2,0,9,2012,10,2012,4,0,0,0,0,1,2,45,1,1,8,1,0,0,6,12,99,2,4,6,1,0
48,480018,1,2,1,3,1,6,40,12,2,1,0,5,3,82,881,82881,66,2012,1FUJGLDR9CLB,1,F,U,J,G,L,D,R,9,C,L,B,1,1,57,2361905,572361905,3,6,1,1,0,0,0,0,0,0,0,998,0,1,2,12,6,2,12,0,0,0,1,22,70401,6,1,6,0,3,3,70,344,0,0,0,0,0,0,0,0,0,0,0,0,0,0,1,2,65,1,2,8,1,0,0,1,62,1,1,1,52,0,0
48,480018,2,2,1,3,1,6,40,12,2,1,0,48,1,49,422,49422,15,2002,5TDZT34A22S1,5,T,D,Z,T,3,4,A,2,2,S,1,0,0,0,000000000,00000000000,0,0,0,1,0,0,0,0,0,0,0,998,0,1,1,12,6,2,12,0,0,0,1,48,75803,6,1,0,0,3,0,999,999,0,0,0,0,0,0,0,0,0,0,28,58,0,0,1,2,65,1,2,8,1,0,0,1,13,6,1,6,52,1,0
48,480019,1,1,1,3,1,7,30,24,0,1,0,48,1,12,37,12037,4,2007,1FAFP34N47W3,1,F,A,F,P,3,4,N,4,7,W,3,0,0,0,000000000,00000000000,0,0,0,1,0,0,0,0,0,0,0,998,0,0,0,1,4,3,24,0,0,0,1,48,78223,6,1,0,0,3,3,999,999,0,0,0,0,0,0,0,0,0,0,28,0,0,0,3,5,65,1,1,8,1,0,0,1,13,1,1,4,1,1,0
48,480020,1,1,1,3,1,9,40,1,0,1,0,48,1,14,6,14006,4,1994,2MELM75W1RX6,2,M,E,L,M,7,5,W,1,R,X,6,0,0,0,000000000,00000000000,0,0,0,1,0,0,0,0,0,0,0,998,0,2,5,0,6,2,1,32,0,0,1,48,79041,6,1,0,0,3,0,999,999,0,0,0,0,0,0,0,0,0,4,58,0,0,0,2,2,75,1,1,8,1,0,0,1,8,7,3,4,1,1,0
48,480021,1,2,4,3,1,16,25,12,6,1,0,48,2,63,34,63034,4,2013,KNAGM4A73D53,K,N,A,G,M,4,A,7,3,D,5,3,0,0,0,000000000,00000000000,0,0,0,1,0,0,0,0,0,0,0,998,0,0,0,9,6,2,12,0,0,0,1,48,77625,6,1,0,0,3,0,999,999,0,0,0,0,0,0,0,0,0,0,38,0,0,0,1,2,65,1,1,8,1,0,0,11,15,99,1,1,68,2,0
48,480021,2,2,1,3,1,16,25,12,6,1,0,48,1,20,481,20481,31,1994,1GNFK16K5RJ3,1,G,N,F,K,1,6,K,5,R,J,3,0,0,0,000000000,00000000000,0,0,0,1,0,0,0,0,0,0,0,998,0,0,0,12,4,3,12,0,0,0,1,48,77707,6,1,0,0,3,3,999,999,0,0,0,0,1,10,2012,10,2012,0,34,0,0,0,1,2,65,1,1,8,1,0,0,6,62,3,1,1,69,0,0
48,480022,1,1,1,3,1,11,9,1,0,1,0,48,1,7,880,7880,67,2007,3D6WG46A87G8,3,D,6,W,G,4,6,A,8,7,G,8,0,0,88,888888888,88888888888,2,1,97,1,0,0,0,0,0,0,0,998,0,2,5,0,6,2,1,0,0,0,1,48,76365,6,1,0,0,3,0,66,208,1,0,0,0,0,1,2013,1,2013,0,58,0,0,0,1,2,75,1,1,8,1,0,0,1,13,6,4,4,1,1,0
48,480023,1,1,2,3,1,22,26,24,0,1,0,48,2,85,881,85881,66,2006,1XKADB9X86J1,1,X,K,A,D,B,9,X,8,6,J,1,1,1,57,1783905,571783905,3,6,98,1,0,0,0,0,0,0,0,998,0,1,4,99,6,2,1,0,0,0,1,48,78155,6,1,6,0,3,0,999,999,0,2,0,0,2,8,2011,6,2012,4,58,0,0,0,1,2,75,3,2,8,1,0,0,14,6,99,1,4,1,2,0