STATE,ST_CASE,VEH_NO,VE_FORMS,NUMOCCS,DAY,MONTH,HOUR,MINUTE,HARM_EV,MAN_COLL,UNITTYPE,HIT_RUN,REG_STAT,OWNER,MAKE,MODEL,MAK_MOD,BODY_TYP,MOD_YEAR,VIN,VIN_1,VIN_2,VIN_3,VIN_4,VIN_5,VIN_6,VIN_7,VIN_8,VIN_9,VIN_10,VIN_11,VIN_12,TOW_VEH,J_KNIFE,MCARR_I1,MCARR_I2,MCARR_ID,GVWR,V_CONFIG,CARGO_BT,HAZ_INV,HAZ_PLAC,HAZ_ID,HAZ_CNO,HAZ_REL,BUS_USE,SPEC_USE,EMER_USE,TRAV_SP,UNDERIDE,ROLLOVER,ROLINLOC,IMPACT1,DEFORMED,TOWED,M_HARM,VEH_SC1,VEH_SC2,FIRE_EXP,DR_PRES,L_STATE,DR_ZIP,L_STATUS,L_TYPE,CDL_STAT,L_ENDORS,L_COMPL,L_RESTRI,DR_HGT,DR_WGT,PREV_ACC,PREV_SUS,PREV_DWI,PREV_SPD,PREV_OTH,FIRST_MO,FIRST_YR,LAST_MO,LAST_YR,SPEEDREL,DR_SF1,DR_SF2,DR_SF3,DR_SF4,VTRAFWAY,VNUM_LAN,VSPD_LIM,VALIGN,VPROFILE,VPAVETYP,VSURCOND,VTRAFCON,VTCONT_F,P_CRASH1,P_CRASH2,P_CRASH3,PCRASH4,PCRASH5,ACC_TYPE,DEATHS,DR_DRINK
48,480024,1,1,6,3,1,23,0,1,0,1,0,48,2,12,422,12422,15,2003,1FMRU15W73LB,1,F,M,R,U,1,5,W,7,3,L,B,0,0,0,000000000,00000000000,0,0,0,1,0,0,0,0,0,0,0,998,0,1,5,0,6,2,1,0,0,0,1,48,75701,1,1,0,0,2,0,999,999,0,6,0,1,0,3,2012,5,2013,0,34,58,0,0,1,2,70,1,2,8,1,0,0,6,13,6,3,4,1,1,0
48,480025,1,2,2,3,1,1,50,12,6,1,0,48,2,20,37,20037,4,2004,1G1ND52F44M6,1,G,1,N,D,5,2,F,4,4,M,6,0,0,0,000000000,00000000000,0,0,0,1,0,0,0,0,0,0,0,998,0,0,0,12,4,3,12,0,0,0,1,48,78745,6,1,0,0,3,0,999,999,0,3,0,1,0,12,2011,12,2013,0,0,0,0,0,4,3,50,1,1,8,1,3,3,1,17,99,1,1,86,0,1
48,480025,2,2,2,3,1,1,50,12,6,1,0,48,2,49,40,49040,4,2000,JT2BG22K2Y04,J,T,2,B,G,2,2,K,2,Y,0,4,0,0,0,000000000,00000000000,0,0,0,1,0,0,0,0,0,0,0,998,0,0,0,3,6,2,12,32,0,0,1,48,78745,3,1,0,0,2,0,999,999,0,0,0,0,0,0,0,0,0,0,0,0,0,0,4,3,98,8,8,8,1,3,3,1,66,99,1,1,87,2,0
48,480026,1,4,1,3,1,17,9,12,1,1,0,17,2,7,24,7024,4,2009,2B3KA33VX9H5,2,B,3,K,A,3,3,V,X,9,H,5,0,0,0,000000000,00000000000,0,0,0,1,0,0,0,0,0,0,0,998,0,0,0,6,2,3,12,0,0,0,1,48,76308,6,1,0,0,3,3,999,999,0,0,0,0,0,0,0,0,0,0,0,0,0,0,3,4,60,1,2,8,1,0,0,2,53,99,1,1,29,0,0
48,480026,2,4,2,3,1,17,9,12,1,1,0,48,2,41,50,41050,4,2007,JM1BK12F9717,J,M,1,B,K,1,2,F,9,7,1,7,0,0,0,000000000,00000000000,0,0,0,1,0,0,0,0,0,0,0,998,0,0,0,12,2,3,12,0,0,0,1,48,76306,0,0,0,0,0,0,999,999,0,1,0,0,1,1,2012,6,2012,0,0,0,0,0,3,4,60,1,2,8,1,0,0,1,52,3,2,1,28,0,0
48,480026,3,4,3,3,1,17,9,12,1,1,0,48,2,20,39,20039,4,2004,KL1TD52624B2,K,L,1,T,D,5,2,6,2,4,B,2,0,0,0,000000000,00000000000,0,0,0,1,0,0,0,0,0,0,0,998,0,0,0,12,4,3,12,0,0,0,1,48,76351,6,1,0,0,3,0,999,999,0,0,0,0,0,0,0,0,0,0,26,0,0,0,3,4,60,1,2,8,1,0,0,1,52,99,1,1,98,2,0
48,480026,4,4,1,3,1,17,9,12,1,1,0,48,1,20,421,20421,15,2007,1GNFC13097R2,1,G,N,F,C,1,3,0,9,7,R,2,0,0,0,000000000,00000000000,0,0,0,1,0,0,0,0,0,0,0,998,0,0,0,12,4,3,12,0,0,0,1,48,76301,6,1,0,0,3,0,999,999,1,0,0,0,0,3,2011,3,2011,0,0,0,0,0,3,4,60,1,2,8,1,0,0,1,52,1,1,1,98,0,0
48,480027,1,1,1,3,1,21,20,8,0,1,0,48,1,20,482,20482,31,2005,3GNEC12Z95G2,3,G,N,E,C,1,2,Z,9,5,G,2,0,0,0,000000000,00000000000,0,0,0,1,0,0,0,0,0,0,0,998,0,0,0,12,2,3,8,0,0,0,1,48,78114,6,1,0,0,3,0,999,999,0,0,0,0,0,0,0,0,0,0,0,0,0,0,1,4,55,1,1,8,1,0,0,1,80,1,1,1,13,0,0
48,480028,1,1,1,4,1,19,12,8,0,1,0,48,1,37,32,37032,4,2010,1HGCP2F31AA0,1,H,G,C,P,2,F,3,1,A,A,0,0,0,0,000000000,00000000000,0,0,0,1,0,0,0,0,0,0,0,998,0,0,0,12,2,3,8,0,0,0,1,48,76542,6,1,0,0,3,3,999,999,0,0,0,0,0,0,0,0,0,0,0,0,0,0,5,5,40,1,1,8,1,0,0,15,80,99,1,2,13,0,0
48,480029,1,1,1,4,1,20,40,8,0,1,0,48,1,12,481,12481,31,2011,1FTFW1CFXBFC,1,F,T,F,W,1,C,F,X,B,F,C,0,0,0,000000000,00000000000,0,0,0,1,0,0,0,0,0,0,0,998,0,0,0,12,2,3,8,0,0,0,1,48,76522,6,1,0,0,3,0,999,999,0,0,0,1,0,7,2011,7,2011,0,0,0,0,0,1,2,60,1,2,8,1,0,0,1,81,6,1,1,13,0,0
48,480030,1,1,2,4,1,8,4,38,0,1,0,48,2,7,482,7482,31,1997,1B7HF13YXVJ6,1,B,7,H,F,1,3,Y,X,V,J,6,1,1,0,000000000,00000000000,0,0,0,1,0,0,0,0,0,0,0,998,0,1,5,12,6,2,1,0,0,0,1,48,79012,6,1,0,0,3,3,999,999,0,0,0,1,1,4,2011,2,2013,0,51,58,0,0,1,2,70,2,1,8,1,0,0,14,10,7,3,4,2,2,0
48,480031,1,1,6,4,1,0,35,35,0,1,0,48,0,20,421,20421,15,1999,1GNEC13R5XJ4,1,G,N,E,C,1,3,R,5,X,J,4,0,0,0,000000000,00000000000,0,0,0,1,0,0,0,0,0,0,0,998,0,1,5,12,6,2,35,0,0,0,1,48,75134,0,0,0,0,0,0,999,999,0,0,0,0,0,0,0,0,0,0,91,0,0,0,3,1,75,1,1,8,1,0,0,1,12,99,1,4,6,1,1
48,480032,1,1,5,4,1,23,57,1,0,1,0,48,2,20,421,20421,15,2003,1GNEC13V63R1,1,G,N,E,C,1,3,V,6,3,R,1,0,0,0,000000000,00000000000,0,0,0,1,0,0,0,0,0,0,0,998,0,2,4,0,6,2,1,0,0,0,1,48,75165,6,1,0,0,3,3,999,999,0,0,0,0,0,0,0,0,0,0,0,0,0,0,2,2,65,1,1,8,1,0,0,1,8,99,4,4,7,1,0
48,480033,1,2,1,4,1,0,1,12,1,1,0,48,1,20,16,20016,4,2002,1G1JF5249274,1,G,1,J,F,5,2,4,9,2,7,4,0,0,0,000000000,00000000000,0,0,0,1,0,0,0,0,0,0,0,998,0,1,5,12,6,2,1,0,0,0,1,48,75840,6,1,0,0,3,3,999,999,1,0,0,0,0,6,2012,6,2012,5,0,0,0,0,3,2,75,1,1,8,1,0,0,1,9,99,2,2,32,1,0
48,480033,2,2,1,4,1,0,1,12,1,1,0,22,3,51,884,51884,66,2014,4V4M19EHXEN1,4,V,4,M,1,9,E,H,X,E,N,1,2,1,57,29124,5729124,3,7,1,1,0,0,0,0,0,0,0,998,0,0,0,6,4,5,12,0,0,0,1,48,77503,6,1,6,1,3,3,999,999,1,0,0,0,0,4,2011,4,2011,0,0,0,0,0,3,2,75,1,1,8,1,0,0,1,60,1,1,1,32,0,0
48,480034,1,1,1,4,1,5,30,8,0,1,0,48,1,42,42,42042,4,2010,WDDGF5EBXAF4,W,D,D,G,F,5,E,B,X,A,F,4,0,0,0,000000000,00000000000,0,0,0,1,0,0,0,0,0,0,0,998,0,0,0,12,2,3,8,0,0,0,1,36,77002,6,1,0,0,3,0,71,999,0,0,0,0,0,0,0,0,0,0,0,0,0,0,3,4,60,1,1,1,1,0,0,1,80,99,1,1,13,0,0
48,480035,1,1,1,4,1,10,35,1,0,1,0,48,0,12,401,12401,14,2001,1FMZU63P51UB,1,F,M,Z,U,6,3,P,5,1,U,B,0,0,0,000000000,00000000000,0,0,0,1,0,0,0,0,0,0,0,998,0,2,5,0,4,3,1,0,0,0,1,48,76518,1,1,0,0,2,0,999,999,0,1,0,1,0,9,2013,11,2013,4,58,0,0,0,1,9,60,1,1,4,1,0,0,1,6,7,2,4,6,1,0
48,480036,1,1,1,4,1,17,0,42,0,1,0,48,1,63,402,63402,14,2007,KNDJD7367757,K,N,D,J,D,7,3,6,7,7,5,7,0,0,0,000000000,00000000000,0,0,0,1,0,0,0,0,0,0,0,998,0,0,0,12,6,2,42,0,0,0,1,48,75154,6,1,0,0,3,0,999,999,0,0,0,0,0,0,0,0,0,0,28,0,0,0,1,2,55,1,1,8,1,0,0,1,12,99,1,4,6,1,1
48,480037,1,1,2,4,1,1,5,8,0,1,0,48,1,7,24,7024,4,2011,2B3CL5CT1BH6,2,B,3,C,L,5,C,T,1,B,H,6,0,0,0,000000000,00000000000,0,0,0,1,0,0,0,0,0,0,0,998,0,0,0,12,4,3,8,0,0,0,1,48,78584,6,1,6,0,3,0,999,999,0,0,0,1,0,1,2011,1,2011,0,0,0,0,0,5,5,55,1,1,8,1,0,0,1,80,99,1,1,13,0,0
48,480038,1,2,1,4,1,16,15,12,2,1,0,48,2,20,431,20431,16,2002,1GNEC16Z92J1,1,G,N,E,C,1,6,Z,9,2,J,1,0,0,0,000000000,00000000000,0,0,0,1,0,0,0,0,0,0,0,998,0,1,1,12,6,2,12,0,0,0,1,48,75493,0,0,0,0,0,0,63,170,0,0,0,0,0,0,0,0,0,3,0,0,0,0,1,2,70,2,3,8,1,0,0,14,54,9,1,1,52,1,0
48,480038,2,2,4,4,1,16,15,12,2,1,0,48,2,12,401,12401,14,1996,1FMDU32X5TZB,1,F,M,D,U,3,2,X,5,T,Z,B,0,0,0,000000000,00000000000,0,0,0,1,0,0,0,0,0,0,0,998,0,0,0,12,4,3,12,0,0,0,1,48,75480,6,1,0,0,3,0,999,999,0,0,0,0,0,0,0,0,0,0,0,0,0,0,1,2,70,3,3,8,1,0,0,14,54,99,1,1,52,0,0
48,480039,1,1,1,5,1,2,52,23,0,1,0,48,1,72,706,72706,80,2011,1HD1JP526BB0,1,H,D,1,J,P,5,2,6,B,B,0,0,0,0,000000000,00000000000,0,0,0,1,0,0,0,0,0,0,0,998,0,0,0,12,4,3,23,0,0,0,1,48,78064,6,1,6,0,3,0,999,999,0,0,0,0,0,0,0,0,0,0,28,0,0,0,3,3,60,3,3,8,1,0,0,14,13,99,1,4,1,1,1
48,480040,1,1,2,5,1,9,20,9,0,1,0,48,1,20,481,20481,31,1994,2GCEC19Z0R12,2,G,C,E,C,1,9,Z,0,R,1,2,0,0,0,000000000,00000000000,0,0,0,1,0,0,0,0,0,0,0,998,0,0,0,12,2,5,9,0,0,0,1,48,79839,6,1,0,0,3,3,999,999,0,0,0,0,0,0,0,0,0,0,0,0,0,0,1,2,60,1,1,8,1,0,0,15,83,1,1,1,13,0,0
48,480041,1,2,2,5,1,21,38,12,6,1,0,48,1,49,45,49045,4,2000,JTDBT1233Y00,J,T,D,B,T,1,2,3,3,Y,0,0,0,0,0,000000000,00000000000,0,0,0,1,0,0,0,0,0,0,0,998,0,0,0,10,4,3,12,0,0,0,1,48,75961,1,1,0,0,2,0,999,999,0,1,0,1,4,7,2012,1,2014,0,38,0,0,0,1,2,45,1,1,8,1,20,3,11,15,99,1,1,82,1,0
48,480041,2,2,1,5,1,21,38,12,6,1,0,48,2,20,481,20481,31,2008,1GCEC19C98Z3,1,G,C,E,C,1,9,C,9,8,Z,3,0,0,0,000000000,00000000000,0,0,0,1,0,0,0,0,0,0,0,998,0,0,0,12,4,3,12,0,0,0,1,48,75964,6,1,0,0,3,0,999,999,0,0,0,0,0,0,0,0,0,0,0,0,0,0,5,5,45,1,1,8,1,0,0,1,67,99,1,1,83,0,0
48,480042,1,1,2,5,1,0,54,8,0,1,0,48,2,7,403,7403,14,2011,1D4PT4GK8BW6,1,D,4,P,T,4,G,K,8,B,W,6,0,0,0,000000000,00000000000,0,0,0,1,0,0,0,0,0,0,0,998,0,0,0,12,2,3,8,0,0,0,1,48,78372,6,2,0,0,2,2,999,999,0,0,0,0,0,0,0,0,0,0,73,0,0,0,5,5,60,1,1,8,1,0,0,1,80,99,1,1,13,0,0
48,480043,1,2,1,6,1,23,5,12,6,1,0,48,1,20,482,20482,31,2004,3GNEC12T84G2,3,G,N,E,C,1,2,T,8,4,G,2,0,0,0,000000000,00000000000,0,0,0,1,0,0,0,0,0,0,0,998,0,0,0,12,4,3,12,0,0,0,1,48,77089,1,1,0,0,2,0,999,999,0,1,0,0,0,1,2013,1,2013,3,39,0,0,0,1,3,98,8,8,1,1,3,3,1,17,99,1,1,88,0,1
48,480043,2,2,2,6,1,23,5,12,6,1,0,48,3,49,40,49040,4,2011,4T4BF3EK8BR1,4,T,4,B,F,3,E,K,8,B,R,1,0,0,0,000000000,00000000000,0,0,0,1,0,0,0,0,0,0,0,998,0,0,0,9,6,2,12,0,0,0,1,48,77541,6,1,6,0,3,0,999,999,1,3,0,1,0,10,2011,11,2013,0,0,0,0,0,3,3,40,1,1,1,1,3,3,1,66,99,1,1,89,2,0
48,480044,1,1,1,6,1,0,8,1,0,1,0,48,1,12,481,12481,31,2000,2FTRX07L9YCA,2,F,T,R,X,0,7,L,9,Y,C,A,0,0,0,000000000,00000000000,0,0,0,1,0,0,0,0,0,0,0,998,0,2,5,0,4,3,1,0,0,0,1,48,76360,6,1,0,0,3,0,999,999,0,0,0,0,0,0,0,0,0,0,51,58,0,0,1,2,60,3,1,8,1,0,0,14,12,7,3,4,7,1,1
48,480045,1,2,3,7,1,7,48,8,0,1,0,48,1,20,481,20481,31,1995,1GNEC16KXSJ3,1,G,N,E,C,1,6,K,X,S,J,3,0,0,0,000000000,00000000000,0,0,0,1,0,0,0,0,0,0,0,998,0,0,0,12,4,3,8,0,0,0,1,48,78223,6,1,0,0,3,0,999,999,0,0,0,0,0,0,0,0,0,0,0,0,0,0,1,2,45,1,1,8,1,0,0,1,81,1,1,1,13,0,0
48,480045,2,2,0,7,1,7,48,8,0,1,0,48,3,86,882,86882,63,2008,1M2AV02C88M0,1,M,2,A,V,0,2,C,8,8,M,0,0,0,57,1939073,571939073,3,2,7,1,0,0,0,0,0,0,0,0,0,0,0,10,4,3,12,0,0,0,0,0,99997,7,6,97,7,6,7,998,997,998,998,998,998,998,98,9998,98,9998,8,54,0,0,0,1,2,45,1,1,8,1,0,0,0,53,0,0,0,98,0,0
48,480046,1,1,1,7,1,8,2,1,0,1,0,48,2,20,481,20481,31,1997,1GCCS1446V81,1,G,C,C,S,1,4,4,6,V,8,1,0,0,0,000000000,00000000000,0,0,0,1,0,0,0,0,0,0,0,998,0,2,1,0,4,3,1,0,0,0,1,48,77901,1,1,0,0,2,0,999,999,0,1,0,1,2,8,2011,5,2013,0,0,0,0,0,2,4,75,1,1,8,1,0,0,1,10,7,4,6,98,1,0
48,480047,1,2,1,7,1,8,55,12,1,1,0,48,1,20,421,20421,15,2011,1GNSKBE09BR1,1,G,N,S,K,B,E,0,9,B,R,1,0,0,0,000000000,00000000000,0,0,0,1,0,0,0,0,0,0,0,998,0,0,0,12,4,3,12,0,0,0,1,48,77024,6,1,0,0,3,0,999,999,0,0,0,0,0,0,0,0,0,5,0,0,0,0,3,5,65,1,3,8,1,0,0,1,50,99,1,1,20,0,1
48,480047,2,2,2,7,1,8,55,12,1,1,0,48,1,20,2,20002,4,2010,2G1WB5EK8A11,2,G,1,W,B,5,E,K,8,A,1,1,0,0,0,000000000,00000000000,0,0,0,1,0,0,0,0,0,0,0,0,0,0,0,6,4,3,12,0,0,0,1,48,77060,6,1,0,0,3,0,999,999,0,1,0,0,0,8,2013,8,2013,0,54,0,0,0,3,5,65,1,3,8,1,0,0,7,53,1,1,1,21,1,0
48,480048,1,2,8,7,1,14,55,12,6,1,0,8,1,23,421,23421,15,2005,1GKFK66U35J2,1,G,K,F,K,6,6,U,3,5,J,2,0,0,0,000000000,00000000000,0,0,0,1,0,0,0,0,0,0,0,998,0,0,0,12,4,3,12,0,0,0,1,8,81650,6,1,0,0,3,0,60,267,0,0,0,0,0,0,0,0,0,0,0,0,0,0,2,6,50,1,1,1,1,0,0,1,62,99,1,1,65,0,0
48,480048,2,2,1,7,1,14,55,12,6,1,0,48,1,20,2,20002,4,2008,2G1WT55K4892,2,G,1,W,T,5,5,K,4,8,9,2,0,0,0,000000000,00000000000,0,0,0,1,0,0,0,0,0,0,0,998,0,0,0,3,4,3,12,0,0,0,1,48,77532,6,1,0,0,3,3,999,999,0,0,0,0,0,0,0,0,0,0,0,0,0,0,2,6,50,1,1,1,1,0,0,1,12,99,1,7,64,1,0
48,480049,1,1,1,7,1,6,40,8,0,1,0,48,1,12,17,12017,4,2012,1FAHP2FW6CG1,1,F,A,H,P,2,F,W,6,C,G,1,0,0,0,000000000,00000000000,0,0,0,1,0,0,0,0,0,0,0,998,0,0,0,12,4,3,8,0,0,0,1,48,76179,6,1,5,0,3,3,999,999,0,2,0,3,0,3,2012,10,2013,0,0,0,0,0,3,3,60,1,1,8,1,0,0,1,80,99,1,1,13,0,0
48,480050,1,2,1,8,1,19,52,12,6,1,0,48,2,37,32,37032,4,2002,3HGCG56442G7,3,H,G,C,G,5,6,4,4,2,G,7,0,0,0,000000000,00000000000,0,0,0,1,0,0,0,0,0,0,0,998,0,0,0,3,6,2,12,0,0,0,1,48,75115,6,1,0,0,3,3,999,999,0,0,0,0,1,10,2012,10,2012,0,33,58,0,0,1,2,75,1,3,8,1,0,0,6,10,7,4,2,64,1,0
48,480050,2,2,1,8,1,19,52,12,6,1,0,48,2,12,21,12021,4,2006,1FAFP24116G1,1,F,A,F,P,2,4,1,1,6,G,1,0,0,0,000000000,00000000000,0,0,0,1,0,0,0,0,0,0,0,998,0,0,0,12,4,3,12,0,0,0,1,48,75969,6,1,0,0,3,3,999,999,0,0,0,0,0,0,0,0,0,0,0,0,0,0,1,2,75,1,3,8,1,0,0,1,62,99,1,1,65,0,0
48,480051,1,1,2,8,1,23,50,30,0,1,0,48,1,72,706,72706,80,2012,1HD1CT31XCC4,1,H,D,1,C,T,3,1,X,C,C,4,0,0,0,000000000,00000000000,0,0,0,1,0,0,0,0,0,0,0,998,0,0,0,12,2,3,30,0,0,0,1,48,78214,6,1,0,0,3,3,999,999,0,0,0,1,0,12,2011,12,2011,4,91,0,0,0,1,4,35,2,2,8,2,0,0,15,6,99,1,4,1,1,1
48,480052,1,2,1,8,1,7,28,12,6,1,0,48,2,12,32,12032,4,2013,3FADP4BJ8DM2,3,F,A,D,P,4,B,J,8,D,M,2,0,0,0,000000000,00000000000,0,0,0,1,0,0,0,0,0,0,0,998,0,0,0,3,6,2,12,0,0,0,1,48,78228,0,0,0,0,0,0,999,999,0,0,0,0,0,0,0,0,0,0,48,0,0,0,1,2,50,1,2,8,2,0,0,12,10,99,1,1,98,1,0
48,480052,2,2,1,8,1,7,28,12,6,1,0,48,2,86,881,86881,66,2003,1M1AA14YX3W1,1,M,1,A,A,1,4,Y,X,3,W,1,1,1,57,2017132,572017132,3,6,4,1,0,0,0,0,0,0,0,998,0,0,0,12,2,3,12,0,0,0,1,48,78641,6,1,6,0,3,0,999,999,0,0,0,0,1,11,2013,11,2013,0,0,0,0,0,1,2,50,1,2,8,2,0,0,1,62,4,9,1,98,0,0
48,480053,1,1,1,8,1,20,37,8,0,1,0,48,1,7,482,7482,31,1995,1B7HC16Y6SS1,1,B,7,H,C,1,6,Y,6,S,S,1,0,0,0,000000000,00000000000,0,0,0,1,0,0,0,0,0,0,0,998,0,0,0,12,2,3,8,0,0,0,1,48,75243,6,1,0,0,3,0,999,999,0,0,0,0,0,0,0,0,0,0,0,0,0,0,2,6,35,1,1,8,2,0,0,1,81,99,1,1,13,0,0
48,480054,1,2,1,8,1,6,12,12,6,1,1,93,3,84,881,84881,66,2007,2HSCNAPR27C3,2,H,S,C,N,A,P,R,2,7,C,3,1,1,57,2404594,572404594,3,6,3,1,0,0,0,0,0,0,0,998,0,0,0,7,0,5,12,0,0,0,1,48,77373,6,1,6,0,3,3,999,999,1,3,0,2,1,1,2011,10,2013,0,21,91,0,0,8,8,98,8,8,8,1,20,3,1,17,1,1,1,89,0,0
48,480054,2,2,1,8,1,6,12,12,6,1,0,48,2,38,402,38402,14,1997,4S2CK58E5V43,4,S,2,C,K,5,8,E,5,V,4,3,0,0,0,000000000,00000000000,0,0,0,1,0,0,0,0,0,0,0,998,1,0,0,12,6,2,12,0,0,0,1,48,78362,6,1,0,0,3,3,999,999,0,0,0,0,0,0,0,0,0,0,0,0,0,0,2,4,55,1,1,8,1,0,0,1,66,99,1,1,88,1,0
48,480055,1,1,1,8,1,19,11,1,0,1,0,35,1,7,482,7482,31,1995,1B7HF16YXSS1,1,B,7,H,F,1,6,Y,X,S,S,1,0,0,0,000000000,00000000000,0,0,0,1,0,0,0,0,0,0,0,998,0,2,5,0,4,3,1,0,0,0,1,35,87401,6,1,6,0,3,3,72,180,98,0,0,2,0,7,2011,5,2012,0,0,0,0,0,1,2,75,1,1,8,1,0,0,1,54,6,4,4,8,1,0
48,480056,1,2,1,9,1,19,15,12,2,1,0,48,2,41,37,41037,4,2001,1YVGF22C7152,1,Y,V,G,F,2,2,C,7,1,5,2,0,0,0,000000000,00000000000,0,0,0,1,0,0,0,0,0,0,0,998,0,0,0,12,6,2,12,0,0,0,1,48,76253,6,1,0,0,3,3,62,145,0,0,0,0,0,0,0,0,0,0,50,0,0,0,1,2,75,1,1,8,2,0,0,1,54,99,1,1,52,1,0
48,480056,2,2,1,9,1,19,15,12,2,1,0,48,1,18,7,18007,4,1999,2G4WS52MXX14,2,G,4,W,S,5,2,M,X,X,1,4,0,0,0,000000000,00000000000,0,0,0,1,0,0,0,0,0,0,0,998,0,0,0,12,6,2,12,0,0,0,1,22,76265,6,1,0,0,3,3,64,160,0,0,0,0,0,0,0,0,0,0,0,0,0,0,1,2,75,1,1,8,2,0,0,1,54,99,1,1,52,1,0
48,480057,1,1,1,9,1,6,59,8,0,1,0,48,2,12,461,12461,21,2008,1FTNE14W18DA,1,F,T,N,E,1,4,W,1,8,D,A,0,0,0,000000000,00000000000,0,0,0,1,0,0,0,0,0,0,0,998,0,0,0,12,2,3,8,0,0,0,1,48,77009,6,1,0,0,3,0,999,999,0,0,0,0,0,0,0,0,0,0,0,0,0,0,2,4,30,1,1,1,2,0,0,1,81,99,1,1,13,0,0
48,480058,1,1,5,9,1,13,30,1,0,1,0,37,2,7,482,7482,31,2005,1D7HU18N35S3,1,D,7,H,U,1,8,N,3,5,S,3,5,1,0,000000000,00000000000,0,0,0,1,0,0,0,0,0,0,0,998,0,2,3,0,4,3,1,0,0,0,1,37,27405,6,1,0,0,3,0,60,999,0,0,0,0,0,0,0,0,0,0,88,0,0,0,2,4,75,1,1,8,1,0,0,1,8,4,3,4,2,1,0
48,480059,1,2,1,9,1,16,48,12,6,1,0,48,2,20,421,20421,15,2012,1GNSKCE09CR1,1,G,N,S,K,C,E,0,9,C,R,1,0,0,0,000000000,00000000000,0,0,0,1,0,0,0,0,0,0,0,998,0,0,0,12,4,3,12,0,0,0,1,48,79108,6,1,0,0,3,3,999,999,2,0,0,0,0,8,2012,3,2013,0,58,0,0,0,1,2,75,3,2,8,1,0,0,14,13,6,4,6,64,0,0
48,480059,2,2,1,9,1,16,48,12,6,1,0,48,1,23,402,23402,14,2011,2CTFLXE53B62,2,C,T,F,L,X,E,5,3,B,6,2,0,0,0,000000000,00000000000,0,0,0,1,0,0,0,0,0,0,0,998,0,0,0,9,6,2,12,0,0,0,1,48,79007,6,1,0,0,3,0,999,999,0,0,0,0,0,0,0,0,0,0,0,0,0,0,1,2,75,3,2,8,1,0,0,14,62,99,1,1,65,1,0
48,480060,1,1,2,9,1,19,55,11,0,1,0,48,1,35,47,35047,4,2004,1N4AL11D04C1,1,N,4,A,L,1,1,D,0,4,C,1,0,0,0,000000000,00000000000,0,0,0,1,0,0,0,0,0,0,0,998,0,0,0,12,6,2,11,0,0,0,1,48,77423,6,1,0,0,3,0,999,999,0,0,0,0,0,0,0,0,0,0,83,0,0,0,1,2,55,1,1,8,2,0,0,1,87,99,1,1,13,1,0
48,480061,1,1,1,10,1,7,24,17,0,1,0,48,9,20,421,20421,15,2002,1GNDT13W92K2,1,G,N,D,T,1,3,W,9,2,K,2,0,0,0,000000000,00000000000,0,0,0,1,0,0,0,0,0,0,0,998,0,0,0,12,6,2,3,0,0,0,1,99,99999,9,9,99,9,9,9,999,999,99,99,99,99,99,99,9999,99,9999,5,0,0,0,0,1,2,25,1,1,8,1,0,0,1,12,7,1,4,1,1,0
48,480062,1,2,1,10,1,8,10,12,6,1,0,48,1,12,471,12471,30,2003,1FTYR10U13PB,1,F,T,Y,R,1,0,U,1,3,P,B,0,0,0,000000000,00000000000,0,0,0,1,0,0,0,0,0,0,0,998,0,0,0,3,6,2,12,0,0,0,1,48,75076,6,1,0,0,3,0,999,999,0,0,0,0,0,0,0,0,0,4,28,87,0,0,1,2,75,1,1,8,6,0,0,1,5,1,4,2,64,1,0
48,480062,2,2,2,10,1,8,10,12,6,1,0,92,0,55,401,55401,14,2004,KM8SC13E74U8,K,M,8,S,C,1,3,E,7,4,U,8,0,0,0,000000000,00000000000,0,0,0,1,0,0,0,0,0,0,0,998,0,0,0,12,6,2,12,0,0,0,1,48,75076,6,1,0,0,3,3,999,999,0,0,0,1,0,1,2013,1,2013,0,0,0,0,0,1,2,75,1,1,8,6,0,0,1,62,1,1,1,65,0,0
48,480063,1,1,1,10,1,2,3,8,0,1,0,12,1,20,421,20421,15,2008,1GNFK13048J1,1,G,N,F,K,1,3,0,4,8,J,1,0,0,0,000000000,00000000000,0,0,0,1,0,0,0,0,0,0,0,998,0,0,0,12,4,3,8,0,0,0,1,21,32210,6,1,0,0,3,0,70,170,0,0,0,0,0,0,0,0,0,0,0,0,0,0,3,4,60,1,2,2,2,0,0,1,81,99,1,1,13,0,0
48,480064,1,2,2,10,1,0,53,12,6,1,0,48,1,6,51,6051,4,2007,2C3LK53G77H6,2,C,3,L,K,5,3,G,7,7,H,6,0,0,0,000000000,00000000000,0,0,0,1,0,0,0,0,0,0,0,998,0,0,0,12,4,3,12,0,0,0,1,48,79356,6,1,0,0,3,0,999,999,0,0,0,0,0,0,0,0,0,0,39,0,0,0,4,3,50,1,1,8,1,3,3,1,17,99,1,1,86,0,0
48,480064,2,2,2,10,1,0,53,12,6,1,0,48,2,20,481,20481,31,1989,1GCDC14K1KZ2,1,G,C,D,C,1,4,K,1,K,Z,2,0,0,0,000000000,00000000000,0,0,0,1,0,0,0,0,0,0,0,998,0,0,0,3,6,2,12,0,0,0,1,48,79404,0,0,0,0,0,0,999,999,0,0,0,0,0,0,0,0,0,0,0,0,0,0,8,4,98,8,8,8,1,3,3,1,66,99,1,1,87,1,1