STATE,ST_CASE,VEH_NO,VE_FORMS,NUMOCCS,DAY,MONTH,HOUR,MINUTE,HARM_EV,MAN_COLL,UNITTYPE,HIT_RUN,REG_STAT,OWNER,MAKE,MODEL,MAK_MOD,BODY_TYP,MOD_YEAR,VIN,VIN_1,VIN_2,VIN_3,VIN_4,VIN_5,VIN_6,VIN_7,VIN_8,VIN_9,VIN_10,VIN_11,VIN_12,TOW_VEH,J_KNIFE,MCARR_I1,MCARR_I2,MCARR_ID,GVWR,V_CONFIG,CARGO_BT,HAZ_INV,HAZ_PLAC,HAZ_ID,HAZ_CNO,HAZ_REL,BUS_USE,SPEC_USE,EMER_USE,TRAV_SP,UNDERIDE,ROLLOVER,ROLINLOC,IMPACT1,DEFORMED,TOWED,M_HARM,VEH_SC1,VEH_SC2,FIRE_EXP,DR_PRES,L_STATE,DR_ZIP,L_STATUS,L_TYPE,CDL_STAT,L_ENDORS,L_COMPL,L_RESTRI,DR_HGT,DR_WGT,PREV_ACC,PREV_SUS,PREV_DWI,PREV_SPD,PREV_OTH,FIRST_MO,FIRST_YR,LAST_MO,LAST_YR,SPEEDREL,DR_SF1,DR_SF2,DR_SF3,DR_SF4,VTRAFWAY,VNUM_LAN,VSPD_LIM,VALIGN,VPROFILE,VPAVETYP,VSURCOND,VTRAFCON,VTCONT_F,P_CRASH1,P_CRASH2,P_CRASH3,PCRASH4,PCRASH5,ACC_TYPE,DEATHS,DR_DRINK
48,480217,2,2,2,26,1,20,27,12,1,1,0,48,2,12,402,12402,14,2006,1FMYU03126KA,1,F,M,Y,U,0,3,1,2,6,K,A,0,0,0,000000000,00000000000,0,0,0,1,0,0,0,0,0,0,0,998,0,1,3,6,4,3,1,0,0,0,1,48,78644,0,0,0,0,0,0,999,999,0,0,0,0,0,0,0,0,0,0,0,0,0,0,3,2,65,1,1,8,1,0,0,1,53,99,1,1,25,1,0
48,480218,1,1,1,26,1,7,52,59,0,1,0,48,1,20,421,20421,15,1999,1GNEC13R1XJ5,1,G,N,E,C,1,3,R,1,X,J,5,0,0,0,000000000,00000000000,0,0,0,1,0,0,0,0,0,0,0,998,0,1,5,12,6,2,1,0,0,0,1,48,75601,6,1,0,0,3,0,999,999,1,0,0,0,0,12,2011,12,2011,0,0,0,0,0,2,2,65,1,1,8,1,0,0,1,13,1,1,4,1,1,1
48,480219,1,2,1,26,1,15,47,12,1,1,0,48,3,12,481,12481,31,2012,1FT7W2BT5CEA,1,F,T,7,W,2,B,T,5,C,E,A,0,0,0,000000000,00000000000,0,0,0,1,0,0,0,0,0,0,0,998,7,0,0,12,2,3,12,0,0,0,1,48,79705,6,1,0,0,3,3,999,999,0,1,0,3,0,6,2012,3,2013,5,91,0,0,0,1,4,70,1,1,8,1,0,0,1,51,1,1,1,24,0,0
48,480219,2,2,2,26,1,15,47,12,1,1,0,48,1,20,471,20471,30,2001,1GCCS19WX181,1,G,C,C,S,1,9,W,X,1,8,1,0,0,0,000000000,00000000000,0,0,0,1,0,0,0,0,0,0,0,998,0,0,0,6,6,2,12,0,0,0,1,48,78669,6,1,0,0,3,0,999,999,0,0,0,0,0,0,0,0,0,0,0,0,0,0,1,4,70,1,1,8,1,0,0,1,53,99,1,1,25,1,0
48,480220,1,4,1,27,1,19,33,12,6,1,0,48,1,54,37,54037,2,1999,19UYA2251XL0,1,9,U,Y,A,2,2,5,1,X,L,0,0,0,0,000000000,00000000000,0,0,0,1,0,0,0,0,0,0,0,998,0,0,0,11,6,2,12,0,0,1,1,48,78254,6,1,0,0,3,0,999,999,1,0,0,0,3,9,2012,7,2013,5,0,0,0,0,2,2,70,1,2,8,1,0,0,1,12,99,1,4,66,1,1
48,480220,2,4,1,27,1,19,33,12,6,1,0,48,1,37,32,37032,4,2012,1HGCP2F36CA1,1,H,G,C,P,2,F,3,6,C,A,1,0,0,0,000000000,00000000000,0,0,0,1,0,0,0,0,0,0,0,998,0,0,0,9,4,3,12,0,0,0,1,48,78232,6,1,0,0,3,0,999,999,0,0,0,0,0,0,0,0,0,0,0,0,0,0,2,2,70,1,2,8,1,0,0,1,62,99,1,1,66,0,0
48,480220,3,4,2,27,1,19,33,12,6,1,0,29,1,6,441,6441,20,2011,2A4RR5DG7BR7,2,A,4,R,R,5,D,G,7,B,R,7,1,1,0,000000000,00000000000,0,0,0,1,0,0,0,0,0,0,0,998,0,0,0,12,6,2,12,0,0,0,1,29,63301,6,1,0,0,3,3,73,195,0,0,0,0,0,0,0,0,0,0,0,0,0,0,2,2,70,1,2,8,1,0,0,1,62,99,1,1,98,0,0
48,480220,4,4,2,27,1,19,33,12,6,1,0,48,3,12,402,12402,14,2013,1FMCU0HXXDUA,1,F,M,C,U,0,H,X,X,D,U,A,0,0,0,000000000,00000000000,0,0,0,1,0,0,0,0,0,0,0,998,0,0,0,12,4,3,12,0,0,0,1,48,78254,6,1,0,0,3,3,999,999,0,0,0,0,0,0,0,0,0,0,0,0,0,0,2,2,70,1,2,8,1,0,0,1,62,99,1,1,98,0,0
48,480221,1,2,1,27,1,3,40,12,2,1,0,48,1,35,49,35049,6,2009,JN8AZ18W89W2,J,N,8,A,Z,1,8,W,8,9,W,2,0,0,0,000000000,00000000000,0,0,0,1,0,0,0,0,0,0,0,998,0,0,0,12,6,2,12,0,0,0,1,48,75252,3,1,0,0,2,0,999,999,0,3,0,2,0,7,2011,3,2013,0,51,0,0,0,3,5,60,3,1,8,1,0,0,14,54,99,1,1,52,0,1
48,480221,2,2,1,27,1,3,40,12,2,1,0,48,1,49,40,49040,4,1999,4T1BG22K2XU8,4,T,1,B,G,2,2,K,2,X,U,8,0,0,0,000000000,00000000000,0,0,0,1,0,0,0,0,0,0,0,998,0,0,0,12,6,2,12,0,0,0,1,48,75212,6,1,0,0,3,3,64,187,0,0,0,0,0,0,0,0,0,0,0,0,0,0,3,5,60,2,1,8,1,0,0,14,54,99,1,1,52,1,0
48,480222,1,1,1,27,1,2,2,25,0,1,0,48,2,35,402,35402,14,2002,5N1MD28T42C5,5,N,1,M,D,2,8,T,4,2,C,5,0,0,0,000000000,00000000000,0,0,0,1,0,0,0,0,0,0,0,998,0,0,0,12,4,3,25,0,0,1,1,48,75088,6,1,0,0,3,0,68,185,0,0,0,0,0,0,0,0,0,0,39,0,0,0,3,3,55,1,1,8,1,20,3,1,17,99,1,4,14,1,1
48,480223,2,1,4,27,1,5,22,14,0,1,0,48,3,7,482,7482,31,2011,3D7UT2CL9BG6,3,D,7,U,T,2,C,L,9,B,G,6,0,0,0,000000000,00000000000,0,0,0,1,0,0,0,0,0,0,0,998,0,0,0,12,6,2,14,0,0,0,1,48,78332,0,0,0,0,0,0,999,999,0,4,0,0,0,3,2011,3,2012,5,0,0,0,0,1,2,70,1,1,8,1,0,0,1,13,99,1,4,1,3,0
48,480224,1,2,1,27,1,7,0,12,6,1,0,48,2,84,881,84881,66,2012,1HSDJSJR8CJ5,1,H,S,D,J,S,J,R,8,C,J,5,1,1,57,1550677,571550677,3,6,1,1,0,0,0,0,0,0,0,998,0,0,0,8,2,5,12,0,0,0,1,48,78254,6,1,6,0,3,0,999,999,0,0,0,0,0,0,0,0,0,0,38,0,0,0,1,2,65,1,1,8,1,20,3,11,15,99,1,1,82,0,0
48,480224,2,2,1,27,1,7,0,12,6,1,0,48,0,37,703,37703,80,2012,JH2MC1304CK6,J,H,2,M,C,1,3,0,4,C,K,6,0,0,0,000000000,00000000000,0,0,0,1,0,0,0,0,0,0,0,998,0,0,0,12,8,3,12,0,0,0,1,48,78250,6,1,0,0,3,3,999,999,1,0,0,1,0,9,2011,9,2011,0,0,0,0,0,1,3,98,8,8,8,8,0,0,1,67,99,1,1,83,1,0
48,480225,1,2,1,27,1,13,29,12,6,1,0,48,3,82,881,82881,66,2003,1FUJA6CG03LK,1,F,U,J,A,6,C,G,0,3,L,K,1,1,57,2409305,572409305,3,6,8,1,0,0,0,0,0,0,0,998,0,0,0,10,6,2,12,0,0,0,1,48,76501,6,1,6,0,3,0,999,999,0,0,0,0,0,0,0,0,0,0,0,0,0,0,1,2,75,1,1,8,1,0,0,1,62,7,1,4,65,0,0
48,480225,2,2,1,27,1,13,29,12,6,1,0,48,1,12,401,12401,14,1999,1FMZU32X3XZB,1,F,M,Z,U,3,2,X,3,X,Z,B,0,0,0,000000000,00000000000,0,0,0,1,0,0,0,0,0,0,0,998,0,0,0,12,6,2,12,0,0,0,1,48,76825,6,1,0,0,3,3,999,999,1,0,0,1,0,5,2011,5,2012,0,28,58,0,0,1,2,75,1,1,8,1,0,0,1,12,7,4,4,64,1,0
48,480226,1,1,1,27,1,8,1,1,0,1,0,48,1,41,471,41471,30,1998,4F4YR16U3WTM,4,F,4,Y,R,1,6,U,3,W,T,M,0,0,0,000000000,00000000000,0,0,0,1,0,0,0,0,0,0,0,998,0,2,5,0,4,3,1,0,0,0,1,48,77351,6,1,0,0,3,0,999,999,0,0,0,0,0,0,0,0,0,0,0,0,0,0,1,2,55,1,2,8,1,0,0,1,13,6,3,4,2,1,0
48,480227,1,1,1,27,1,8,42,1,0,1,0,48,2,35,481,35481,31,2009,1N6AA06A59N3,1,N,6,A,A,0,6,A,5,9,N,3,0,0,0,000000000,00000000000,0,0,0,1,0,0,0,0,0,0,0,998,0,2,5,0,4,3,1,0,0,0,1,4,79013,6,1,0,0,3,0,68,200,0,0,0,0,0,0,0,0,0,0,0,0,0,0,1,3,75,1,1,8,1,0,0,6,12,99,1,4,6,1,0
48,480228,1,2,1,27,1,14,16,12,6,1,0,93,2,7,880,7880,67,2012,3C63DRGL0CG1,3,C,6,3,D,R,G,L,0,C,G,1,1,1,57,2385357,572385357,3,4,3,1,0,0,0,0,0,0,0,998,0,0,0,5,4,3,12,0,0,0,1,48,79766,6,1,0,0,3,3,999,999,0,0,0,1,0,6,2012,6,2012,0,39,91,0,0,1,2,98,8,8,8,98,20,3,1,17,99,1,1,87,0,0
48,480228,2,2,2,27,1,14,16,12,6,1,0,48,3,86,881,86881,66,1985,1M2N179Y4FA0,1,M,2,N,1,7,9,Y,4,F,A,0,1,1,57,2343564,572343564,3,6,1,1,0,0,0,0,0,0,0,998,0,1,1,12,6,2,12,0,0,0,1,48,79359,6,1,6,1,3,0,999,999,1,0,0,1,0,11,2011,11,2011,0,0,0,0,0,1,2,75,1,1,8,1,0,0,1,66,6,1,1,86,1,0
48,480229,1,1,1,28,1,12,59,35,0,1,0,48,1,20,16,20016,4,2000,1G1JC5248Y72,1,G,1,J,C,5,2,4,8,Y,7,2,0,0,0,000000000,00000000000,0,0,0,1,0,0,0,0,0,0,0,998,0,1,6,98,4,3,1,0,0,0,1,48,78947,6,1,0,0,3,3,999,999,0,0,0,0,0,0,0,0,0,5,0,0,0,0,1,2,60,1,2,8,2,0,0,1,13,99,1,4,1,1,0
48,480230,1,2,1,29,1,17,45,12,1,1,0,17,3,87,881,87881,66,2013,1XPHD49X4DD1,1,X,P,H,D,4,9,X,4,D,D,1,1,1,57,307244,57307244,3,6,2,1,0,0,0,0,0,0,0,0,0,0,0,6,2,3,12,0,0,0,1,48,76522,6,1,6,1,3,0,999,999,0,0,0,0,0,0,0,0,0,0,54,0,0,0,2,4,75,1,2,8,1,0,0,98,53,99,1,1,22,0,0
48,480230,2,2,2,29,1,17,45,12,1,1,0,48,2,12,481,12481,31,2006,1FTPX12536NA,1,F,T,P,X,1,2,5,3,6,N,A,0,0,0,000000000,00000000000,0,0,0,1,0,0,0,0,0,0,0,998,0,0,0,12,6,2,12,0,0,0,1,48,79356,6,1,0,0,3,3,999,999,0,0,0,0,0,0,0,0,0,0,0,0,0,0,2,4,75,1,2,8,1,0,0,1,50,99,1,1,20,1,0
48,480231,1,1,2,29,1,0,0,30,0,1,0,48,2,6,52,6052,6,2003,3C4FY58BX3T5,3,C,4,F,Y,5,8,B,X,3,T,5,0,0,0,000000000,00000000000,0,0,0,1,0,0,0,0,0,0,0,998,0,0,0,9,6,2,30,0,0,0,1,48,78040,0,0,0,0,0,0,999,999,1,0,0,0,0,11,2012,11,2012,5,0,0,0,0,1,2,60,1,1,1,1,0,0,1,10,7,3,4,2,1,1
48,480232,1,1,3,29,1,11,4,42,0,1,0,48,3,7,41,7041,4,2001,2B3HD46R91H6,2,B,3,H,D,4,6,R,9,1,H,6,0,0,0,000000000,00000000000,0,0,0,1,0,0,0,0,0,0,0,998,0,0,0,12,4,3,42,0,0,0,1,48,78610,0,0,0,0,0,0,999,999,0,0,0,0,0,0,0,0,0,0,28,0,0,0,1,2,65,1,1,8,1,0,0,1,10,7,9,4,1,1,0
48,480233,1,2,3,29,1,6,36,12,2,1,0,48,2,20,461,20461,21,2008,1GCFG15X4811,1,G,C,F,G,1,5,X,4,8,1,1,0,0,0,000000000,00000000000,0,0,0,1,0,0,0,0,0,0,0,998,0,0,0,12,6,2,12,0,0,0,1,96,0,9,9,99,9,9,9,999,999,99,99,99,99,99,99,9999,99,9999,0,0,0,0,0,2,2,35,1,1,8,2,0,0,1,10,99,9,2,50,1,0
48,480233,2,2,1,29,1,6,36,12,2,1,0,92,0,87,881,87881,66,2005,1XPTDB9X95D8,1,X,P,T,D,B,9,X,9,5,D,8,0,0,77,777777777,77777777777,3,5,96,1,0,0,0,0,0,0,0,998,0,0,0,12,4,3,12,0,0,0,1,47,38372,6,1,6,0,3,0,69,175,0,0,0,2,0,2,2012,4,2013,0,0,0,0,0,2,2,35,1,1,8,2,0,0,1,62,99,1,1,51,0,0
48,480234,1,2,1,30,1,17,20,12,2,1,0,48,1,41,45,41045,1,2005,JM1NB3530504,J,M,1,N,B,3,5,3,0,5,0,4,0,0,0,000000000,00000000000,0,0,0,1,0,0,0,0,0,0,0,998,0,0,0,12,6,2,12,0,0,0,1,48,75904,6,1,0,0,3,3,999,999,0,0,0,1,0,11,2012,11,2012,0,28,51,0,0,5,4,60,1,1,8,1,0,0,1,10,99,9,2,50,1,0
48,480234,2,2,1,30,1,17,20,12,2,1,0,48,2,41,37,41037,4,2000,1YVGF22C4Y51,1,Y,V,G,F,2,2,C,4,Y,5,1,0,0,0,000000000,00000000000,0,0,0,1,0,0,0,0,0,0,0,998,0,0,0,12,6,2,12,0,0,0,1,48,75969,6,1,0,0,3,3,999,999,0,0,0,0,0,0,0,0,0,0,0,0,0,0,5,4,60,1,1,8,1,0,0,1,62,7,1,1,51,0,0
48,480235,1,1,1,30,1,7,20,24,0,1,0,48,2,73,706,73706,80,2004,JKBVNKA154A0,J,K,B,V,N,K,A,1,5,4,A,0,0,0,0,000000000,00000000000,0,0,0,1,0,0,0,0,0,0,0,998,0,0,0,12,6,2,24,0,0,1,1,48,78521,1,1,0,0,2,0,999,999,0,2,0,0,1,3,2012,7,2013,4,0,0,0,0,1,2,45,3,1,8,1,0,0,14,13,99,9,4,1,1,1
48,480236,1,2,13,30,1,6,48,12,1,1,0,48,3,84,981,84981,50,2003,4DRBRABN83B9,4,D,R,B,R,A,B,N,8,3,B,9,0,0,88,888888888,88888888888,3,21,22,1,0,0,0,0,1,2,0,0,0,0,0,6,4,3,12,0,0,0,1,48,78071,6,1,6,1,3,3,999,999,0,0,0,0,0,0,0,0,0,0,0,0,0,0,5,4,70,1,2,8,1,0,0,5,53,1,1,1,23,0,0
48,480236,2,2,7,30,1,6,48,12,1,1,0,48,3,12,461,12461,21,2010,1FBSS3BLXADA,1,F,B,S,S,3,B,L,X,A,D,A,0,0,57,2095200,572095200,1,20,22,1,0,0,0,0,0,0,0,998,0,1,5,12,6,2,12,0,0,0,1,48,75662,6,1,6,0,3,3,999,999,0,0,0,0,1,9,2011,9,2011,5,0,0,0,0,5,4,70,1,2,8,1,0,0,1,50,99,9,1,20,3,0
48,480237,1,1,99,31,1,22,25,8,0,1,1,99,9,20,999,20999,49,9999,999999999999,9,9,9,9,9,9,9,9,9,9,9,9,0,0,0,000000000,00000000000,0,0,0,1,0,0,0,0,0,0,0,998,0,0,0,12,4,5,8,0,0,0,1,99,99999,9,9,99,0,9,9,999,999,99,99,99,99,99,99,9999,99,9999,0,38,0,0,0,3,2,35,1,1,1,1,0,0,1,80,99,9,1,13,0,0
48,480238,1,1,3,31,1,13,30,1,0,1,0,48,1,12,401,12401,14,2002,1FMZU62E12ZA,1,F,M,Z,U,6,2,E,1,2,Z,A,0,0,0,000000000,00000000000,0,0,0,1,0,0,0,0,0,0,0,998,0,1,5,0,6,2,1,0,0,0,1,48,78541,6,1,0,0,3,0,999,999,0,0,0,0,0,0,0,0,0,0,58,0,0,0,2,2,75,1,1,8,1,0,0,1,98,6,7,4,98,1,0
48,480239,1,1,1,2,1,21,27,8,0,1,0,48,2,49,32,49032,4,2011,2T1BU4EE1BC5,2,T,1,B,U,4,E,E,1,B,C,5,0,0,0,000000000,00000000000,0,0,0,1,0,0,0,0,0,0,0,998,0,0,0,12,2,5,8,0,0,0,1,48,77030,6,2,0,0,3,2,999,999,0,0,0,0,0,0,0,0,0,0,38,73,0,0,1,2,30,1,1,1,1,0,0,11,80,99,1,1,13,0,0
48,480240,1,2,2,11,1,23,47,12,1,1,1,48,1,12,16,12016,4,2006,2FAFP71W56X1,2,F,A,F,P,7,1,W,5,6,X,1,0,0,0,000000000,00000000000,0,0,0,1,0,0,0,0,0,0,0,998,0,0,0,12,4,3,12,0,0,0,1,48,75088,0,0,0,0,0,0,999,999,1,7,0,2,0,9,2011,7,2013,3,91,0,0,0,3,2,60,3,1,8,1,0,0,14,51,99,1,1,24,0,1
48,480240,2,2,2,11,1,23,47,12,1,1,0,48,2,2,405,2405,14,2006,1J4GL48K26W2,1,J,4,G,L,4,8,K,2,6,W,2,0,0,0,000000000,00000000000,0,0,0,1,0,0,0,0,0,0,0,998,0,0,0,6,6,2,2,0,0,1,1,22,71119,9,9,99,9,9,9,69,215,99,99,99,99,99,99,9999,99,9999,0,0,0,0,0,3,2,60,3,1,8,1,0,0,14,53,99,1,1,25,2,0
48,480241,1,1,1,15,1,0,25,33,0,1,0,48,2,12,3,12003,2,2002,1FAFP40432F1,1,F,A,F,P,4,0,4,3,2,F,1,0,0,0,000000000,00000000000,0,0,0,1,0,0,0,0,0,0,0,998,0,1,5,99,6,2,33,0,0,0,1,48,77375,6,1,0,0,3,0,999,999,0,0,0,2,0,12,2011,11,2013,3,39,58,0,0,3,2,30,2,1,8,1,0,0,14,12,7,9,4,6,1,1
48,480242,1,1,1,15,1,0,1,34,0,1,0,48,1,19,18,19018,4,2011,1G6DV5EP1B01,1,G,6,D,V,5,E,P,1,B,0,1,0,0,0,000000000,00000000000,0,0,0,1,0,0,0,0,0,0,0,82,0,1,5,61,6,2,34,0,0,0,1,48,77082,6,1,0,0,3,0,999,999,0,1,0,0,1,11,2011,11,2013,3,0,0,0,0,1,5,45,1,1,8,1,0,0,1,13,99,3,4,2,1,1
48,480243,1,1,1,16,1,20,58,52,0,1,0,48,1,37,32,37032,4,2001,1HGCG16581A0,1,H,G,C,G,1,6,5,8,1,A,0,0,0,0,000000000,00000000000,0,0,0,1,0,0,0,0,0,0,0,998,0,1,5,12,4,3,52,0,0,0,1,48,77024,6,1,0,0,3,3,999,999,1,0,0,0,0,1,2013,1,2013,0,99,99,99,99,3,3,65,3,2,8,1,0,0,14,9,99,9,4,2,1,1
48,480244,1,3,1,26,1,14,21,12,2,1,0,48,1,63,401,63401,14,2006,KNDJF7233672,K,N,D,J,F,7,2,3,3,6,7,2,0,0,0,000000000,00000000000,0,0,0,1,0,0,0,0,0,0,0,998,0,0,0,12,4,3,12,0,0,0,1,48,75119,6,1,0,0,3,3,999,999,0,0,0,0,0,0,0,0,0,0,51,0,0,0,1,2,55,2,1,8,1,0,0,14,10,99,9,2,50,0,0
48,480244,2,3,1,26,1,14,21,12,2,1,0,48,2,73,709,73709,80,2012,JKAZX4R10CA0,J,K,A,Z,X,4,R,1,0,C,A,0,0,0,0,000000000,00000000000,0,0,0,1,0,0,0,0,0,0,0,998,0,0,0,12,9,2,12,0,0,0,1,48,75110,6,1,0,0,2,0,61,158,0,0,0,0,0,0,0,0,0,0,0,0,0,0,1,2,55,3,1,8,1,0,0,14,62,99,1,1,51,1,0
48,480244,3,3,1,26,1,14,21,12,2,1,0,48,1,73,709,73709,80,2010,JKAZX4R10AA0,J,K,A,Z,X,4,R,1,0,A,A,0,0,0,0,000000000,00000000000,0,0,0,1,0,0,0,0,0,0,0,998,0,0,0,98,9,5,54,0,0,0,1,48,75110,6,1,0,0,3,0,999,999,0,2,0,0,0,11,2011,4,2013,0,0,0,0,0,1,2,55,3,1,8,1,0,0,14,98,99,1,1,98,0,0
48,480245,1,2,1,30,1,2,0,12,2,1,0,48,1,35,47,35047,4,2000,1N4DL01D2YC1,1,N,4,D,L,0,1,D,2,Y,C,1,0,0,0,000000000,00000000000,0,0,0,1,0,0,0,0,0,0,0,998,0,0,0,12,4,3,12,0,0,0,1,48,77520,0,0,0,0,0,0,999,999,0,0,0,0,0,0,0,0,0,0,0,0,0,0,5,4,45,1,1,8,1,0,0,1,62,99,1,1,69,1,1
48,480245,2,2,1,30,1,2,0,12,2,1,0,48,2,12,481,12481,31,1999,2FTZX1726XCA,2,F,T,Z,X,1,7,2,6,X,C,A,0,0,0,000000000,00000000000,0,0,0,1,0,0,0,0,0,0,0,998,0,0,0,12,4,3,12,0,0,0,1,48,77013,6,1,0,0,3,0,999,999,0,1,0,0,0,8,2011,8,2011,0,38,0,0,0,5,4,45,1,1,8,1,0,0,11,15,99,1,2,68,0,1
48,480246,1,2,1,30,1,6,20,12,1,1,0,48,1,49,482,49482,31,2013,5TFRM5F10DX0,5,T,F,R,M,5,F,1,0,D,X,0,0,0,0,000000000,00000000000,0,0,0,1,0,0,0,0,0,0,0,998,0,0,0,12,4,3,12,0,0,0,1,48,77530,6,1,0,0,3,3,999,999,0,0,0,0,0,0,0,0,0,0,0,0,0,0,3,4,65,1,2,8,1,0,0,1,50,99,1,1,20,0,0
48,480246,2,2,2,30,1,6,20,12,1,1,0,99,9,19,3,19003,2,1980,6D474A213645,6,D,4,7,4,A,2,1,3,6,4,5,0,0,0,000000000,00000000000,0,0,0,1,0,0,0,0,0,0,0,0,0,0,0,6,6,2,12,0,0,0,1,48,77575,6,1,0,0,3,3,999,999,0,1,0,0,0,10,2013,10,2013,0,54,0,0,0,3,4,65,1,2,8,1,0,0,5,53,1,1,1,21,1,0
48,480247,1,2,1,5,1,21,27,12,7,1,0,48,1,63,402,63402,14,2011,5XYKT3A12BG1,5,X,Y,K,T,3,A,1,2,B,G,1,0,0,0,000000000,00000000000,0,0,0,1,0,0,0,0,0,0,0,998,0,0,0,81,2,5,12,0,0,0,1,48,78229,6,1,0,0,3,0,999,999,0,0,0,0,1,4,2013,4,2013,5,26,27,58,84,3,2,65,1,1,8,1,0,0,1,51,6,9,2,44,0,0
48,480247,2,2,2,5,1,21,27,12,7,1,0,48,1,14,6,14006,4,1997,2MELM75WXVX6,2,M,E,L,M,7,5,W,X,V,X,6,0,0,0,000000000,00000000000,0,0,0,1,0,0,0,0,0,0,0,998,0,0,0,61,6,2,30,32,0,0,1,48,78415,6,1,0,0,3,3,999,999,1,0,0,0,0,7,2011,7,2011,0,0,0,0,0,3,2,65,1,1,8,1,0,0,1,60,99,1,1,45,1,0
48,480248,1,2,1,14,1,20,16,12,6,1,0,48,2,72,709,72709,80,2014,1HD1HPH15EC8,1,H,D,1,H,P,H,1,5,E,C,8,0,0,0,000000000,00000000000,0,0,0,1,0,0,0,0,0,0,0,998,0,0,0,12,8,2,12,0,0,0,1,48,77014,6,1,6,0,2,0,999,999,0,0,0,0,0,0,0,0,0,5,39,0,0,0,5,6,45,1,1,8,1,0,0,1,62,99,9,1,69,1,0
48,480248,2,2,2,14,1,20,16,12,6,1,0,48,1,20,421,20421,15,2007,1GNFC13JX7R1,1,G,N,F,C,1,3,J,X,7,R,1,0,0,0,000000000,00000000000,0,0,0,1,0,0,0,0,0,0,0,998,0,0,0,9,2,3,12,0,0,0,1,48,77032,0,0,0,0,0,0,999,999,0,0,0,0,0,0,0,0,0,0,0,0,0,0,5,6,45,1,1,8,1,0,0,11,15,99,1,1,68,0,0
48,480249,1,2,1,18,1,16,26,12,1,1,0,48,1,12,481,12481,31,2009,1FTRW12869FA,1,F,T,R,W,1,2,8,6,9,F,A,0,0,0,000000000,00000000000,0,0,0,1,0,0,0,0,0,0,0,998,0,0,0,12,4,3,12,0,0,0,1,48,79849,6,1,0,0,3,0,999,999,1,0,0,0,0,2,2013,2,2013,3,0,0,0,0,3,2,40,1,1,8,1,0,0,1,51,99,1,1,32,0,1
48,480249,2,2,3,18,1,16,26,12,1,1,0,48,2,20,422,20422,15,2004,1GNEC16Z54J2,1,G,N,E,C,1,6,Z,5,4,J,2,0,0,0,000000000,00000000000,0,0,0,1,0,0,0,0,0,0,0,998,0,0,0,6,4,3,12,0,0,0,1,48,79938,6,1,0,0,3,0,999,999,0,0,0,0,0,0,0,0,0,0,0,0,0,0,3,2,40,1,1,8,1,0,0,15,53,99,1,1,32,1,0
48,480250,1,1,1,18,1,1,29,8,0,1,1,48,0,12,401,12401,14,1996,1FMDU32X2TZA,1,F,M,D,U,3,2,X,2,T,Z,A,0,0,0,000000000,00000000000,0,0,0,1,0,0,0,0,0,0,0,998,0,0,0,12,2,5,8,0,0,0,1,48,77336,6,1,0,0,3,0,999,999,0,0,0,0,1,8,2013,8,2013,0,23,0,0,0,1,2,30,1,1,8,1,0,0,1,80,99,1,1,13,0,0
48,480251,1,1,2,19,1,0,15,33,0,1,0,48,1,72,706,72706,80,2006,1HD1JAB116Y0,1,H,D,1,J,A,B,1,1,6,Y,0,0,0,0,000000000,00000000000,0,0,0,1,0,0,0,0,0,0,0,998,0,0,0,98,8,3,33,0,0,0,1,48,77521,6,1,0,0,3,0,999,999,0,1,1,0,0,6,2012,7,2012,0,27,0,0,0,4,3,50,1,1,8,1,0,0,15,12,99,1,4,6,1,1
48,480252,1,2,1,19,1,18,24,18,0,1,0,48,1,72,706,72706,80,2007,1HD1FF4187Y6,1,H,D,1,F,F,4,1,8,7,Y,6,0,0,0,000000000,00000000000,0,0,0,1,0,0,0,0,0,0,0,998,0,0,0,12,8,3,43,0,0,0,1,48,77072,6,1,6,0,3,0,999,999,0,0,0,1,0,6,2012,6,2012,5,41,0,0,0,6,1,45,1,1,8,1,0,0,1,90,1,1,1,15,1,1
48,480252,2,2,1,19,1,18,24,18,0,1,0,48,1,72,706,72706,80,1994,1HD1ELL18RY1,1,H,D,1,E,L,L,1,8,R,Y,1,0,0,0,000000000,00000000000,0,0,0,1,0,0,0,0,0,0,0,998,0,0,0,99,8,3,12,0,0,0,1,48,77546,6,1,0,0,3,3,999,999,0,0,0,0,0,0,0,0,0,5,41,0,0,0,6,1,45,1,1,8,1,0,0,1,52,99,1,1,98,0,1
48,480253,1,1,2,23,1,16,24,30,0,1,0,48,2,30,40,30040,4,1999,3VWSC29M2XM0,3,V,W,S,C,2,9,M,2,X,M,0,0,0,0,000000000,00000000000,0,0,0,1,0,0,0,0,0,0,0,998,0,0,0,9,6,2,30,0,0,0,1,48,79932,6,2,0,0,3,2,999,999,0,0,0,0,0,0,0,0,0,2,73,0,0,0,4,3,40,1,1,2,1,0,0,1,12,99,1,4,6,1,0
48,480254,1,1,1,23,1,1,19,1,0,1,0,48,2,20,481,20481,31,2004,1GCGC23U24F1,1,G,C,G,C,2,3,U,2,4,F,1,0,0,0,000000000,00000000000,0,0,0,1,0,0,0,0,0,0,0,998,0,2,5,0,4,8,1,0,0,0,1,48,77429,3,1,0,0,2,3,999,999,0,0,0,0,0,0,0,0,0,0,58,0,0,0,3,2,45,3,1,8,1,0,0,14,13,6,1,4,1,1,1