STATE,ST_CASE,VEH_NO,VE_FORMS,NUMOCCS,DAY,MONTH,HOUR,MINUTE,HARM_EV,MAN_COLL,UNITTYPE,HIT_RUN,REG_STAT,OWNER,MAKE,MODEL,MAK_MOD,BODY_TYP,MOD_YEAR,VIN,VIN_1,VIN_2,VIN_3,VIN_4,VIN_5,VIN_6,VIN_7,VIN_8,VIN_9,VIN_10,VIN_11,VIN_12,TOW_VEH,J_KNIFE,MCARR_I1,MCARR_I2,MCARR_ID,GVWR,V_CONFIG,CARGO_BT,HAZ_INV,HAZ_PLAC,HAZ_ID,HAZ_CNO,HAZ_REL,BUS_USE,SPEC_USE,EMER_USE,TRAV_SP,UNDERIDE,ROLLOVER,ROLINLOC,IMPACT1,DEFORMED,TOWED,M_HARM,VEH_SC1,VEH_SC2,FIRE_EXP,DR_PRES,L_STATE,DR_ZIP,L_STATUS,L_TYPE,CDL_STAT,L_ENDORS,L_COMPL,L_RESTRI,DR_HGT,DR_WGT,PREV_ACC,PREV_SUS,PREV_DWI,PREV_SPD,PREV_OTH,FIRST_MO,FIRST_YR,LAST_MO,LAST_YR,SPEEDREL,DR_SF1,DR_SF2,DR_SF3,DR_SF4,VTRAFWAY,VNUM_LAN,VSPD_LIM,VALIGN,VPROFILE,VPAVETYP,VSURCOND,VTRAFCON,VTCONT_F,P_CRASH1,P_CRASH2,P_CRASH3,PCRASH4,PCRASH5,ACC_TYPE,DEATHS,DR_DRINK
48,480300,1,2,2,7,2,21,43,12,1,1,0,48,2,14,17,14017,4,2003,1MEFM50203A6,1,M,E,F,M,5,0,2,0,3,A,6,0,0,0,000000000,00000000000,0,0,0,1,0,0,0,0,0,0,0,998,0,1,1,12,6,2,12,0,0,0,1,48,77662,6,1,0,0,3,3,999,999,0,0,0,0,1,10,2013,10,2013,3,91,0,0,0,2,2,35,1,3,8,2,3,3,1,50,99,1,1,20,0,1
48,480300,2,2,2,7,2,21,43,12,1,1,0,48,1,37,441,37441,20,2006,5FNRL38686B0,5,F,N,R,L,3,8,6,8,6,B,0,0,0,0,000000000,00000000000,0,0,0,1,0,0,0,0,0,0,0,0,0,0,0,6,6,2,12,0,0,0,1,48,77662,6,1,0,0,3,3,999,999,0,0,0,0,0,0,0,0,0,0,0,0,0,0,2,2,35,1,3,8,2,3,3,5,53,99,1,1,21,1,0
48,480301,1,2,1,7,2,19,4,12,6,1,0,35,3,20,2,20002,4,2009,2G1WT57K4911,2,G,1,W,T,5,7,K,4,9,1,1,0,0,0,000000000,00000000000,0,0,0,1,0,0,0,0,0,0,0,998,0,0,0,9,4,3,12,0,0,0,1,35,88101,6,1,0,0,3,0,72,188,98,0,0,0,1,5,2013,5,2013,0,38,0,0,0,1,2,98,8,8,8,1,20,3,4,17,99,1,1,89,1,0
48,480301,2,2,2,7,2,19,4,12,6,1,0,35,2,24,7,24007,4,2007,1G8AL55F37Z1,1,G,8,A,L,5,5,F,3,7,Z,1,0,0,0,000000000,00000000000,0,0,0,1,0,0,0,0,0,0,0,998,0,0,0,12,6,2,12,0,0,0,1,35,88101,6,1,6,0,3,0,69,115,98,0,0,0,5,1,2012,3,2013,0,0,0,0,0,2,2,75,1,1,8,1,0,0,1,66,6,1,2,88,0,0
48,480302,1,1,3,8,2,6,41,1,0,1,0,48,1,20,481,20481,31,2001,2GCEK19T2112,2,G,C,E,K,1,9,T,2,1,1,2,0,0,0,000000000,00000000000,0,0,0,1,0,0,0,0,0,0,0,998,0,2,3,0,8,8,1,0,0,0,1,48,75249,6,1,0,0,3,3,72,281,0,0,0,0,0,0,0,0,0,0,0,0,0,0,6,1,65,2,2,8,4,0,0,16,5,99,4,4,7,1,0
48,480304,1,1,1,8,2,2,40,52,0,1,0,48,0,20,481,20481,31,2008,1GCHK23K68F1,1,G,C,H,K,2,3,K,6,8,F,1,0,0,0,000000000,00000000000,0,0,0,1,0,0,0,0,0,0,0,998,0,1,5,12,6,2,2,0,0,1,1,48,77905,6,1,0,0,3,0,999,999,0,0,0,0,0,0,0,0,0,4,0,0,0,0,1,2,70,3,1,8,1,0,0,14,13,99,1,4,1,1,1
48,480305,1,2,1,9,2,0,23,12,7,1,0,48,1,52,46,52046,4,2009,JA3AU26U19U0,J,A,3,A,U,2,6,U,1,9,U,0,0,0,0,000000000,00000000000,0,0,0,1,0,0,0,0,0,0,0,998,0,0,0,61,6,2,42,0,0,1,1,48,78258,6,1,0,0,3,0,999,999,0,0,0,0,0,0,0,0,0,5,0,0,0,0,2,2,40,1,1,8,1,0,0,6,60,99,1,1,45,1,1
48,480305,2,2,99,9,2,0,23,12,7,1,1,48,1,30,47,30047,3,2006,3VWSF31YX6M3,3,V,W,S,F,3,1,Y,X,6,M,3,0,0,0,000000000,00000000000,0,0,0,1,0,0,0,0,0,0,0,998,0,0,0,1,2,3,12,0,0,0,1,48,78232,6,2,0,0,3,0,999,999,0,0,0,0,0,0,0,0,0,0,27,0,0,0,2,2,40,1,1,8,1,0,0,15,11,99,1,2,46,0,0
48,480306,1,1,99,9,2,4,43,8,0,1,1,99,9,49,40,49040,4,9999,999999999999,9,9,9,9,9,9,9,9,9,9,9,9,0,0,0,000000000,00000000000,0,0,0,1,0,0,0,0,0,0,0,998,0,0,0,12,2,5,8,0,0,0,1,99,99999,9,9,99,0,9,9,999,999,99,99,99,99,99,99,9999,99,9999,0,0,0,0,0,1,4,35,1,1,1,1,0,0,1,80,99,1,1,13,0,0
48,480307,1,2,1,9,2,2,45,12,1,1,0,48,1,19,22,19022,4,2007,1G6KD57Y87U1,1,G,6,K,D,5,7,Y,8,7,U,1,0,0,0,000000000,00000000000,0,0,0,1,0,0,0,0,0,0,0,998,0,0,0,12,4,3,12,0,0,0,1,48,77019,6,1,0,0,3,0,999,999,0,4,0,0,2,2,2012,2,2013,5,91,0,0,0,4,1,60,1,1,8,2,0,0,1,51,99,1,1,24,0,1
48,480307,2,2,4,9,2,2,45,12,1,1,0,48,2,37,32,37032,4,1992,1HGCB7671NA1,1,H,G,C,B,7,6,7,1,N,A,1,0,0,0,000000000,00000000000,0,0,0,1,0,0,0,0,0,0,0,998,0,0,0,6,6,2,12,0,0,0,1,48,77075,6,1,0,0,3,0,999,999,0,0,0,0,0,0,0,0,0,0,0,0,0,0,4,1,60,1,1,8,2,0,0,1,53,99,1,1,25,2,0
48,480308,1,1,3,9,2,17,51,33,0,1,0,48,2,12,422,12422,15,1998,1FMPU18L3WLB,1,F,M,P,U,1,8,L,3,W,L,B,0,0,0,000000000,00000000000,0,0,0,1,0,0,0,0,0,0,0,998,0,1,1,98,6,2,1,0,0,0,1,48,78661,0,0,0,0,0,0,999,999,0,0,0,0,0,0,0,0,0,0,91,0,0,0,3,3,50,1,1,8,1,0,0,1,9,99,2,4,7,1,1
48,480309,1,2,1,10,2,20,25,25,0,1,0,48,1,19,18,19018,4,2007,1G6DP5776701,1,G,6,D,P,5,7,7,6,7,0,1,0,0,0,000000000,00000000000,0,0,0,1,0,0,0,0,0,0,0,998,0,0,0,12,2,3,25,0,0,0,1,48,75249,6,1,0,0,3,0,999,999,0,0,0,0,0,0,0,0,0,4,0,0,0,0,3,2,60,1,2,8,4,0,0,1,6,3,3,4,2,0,0
48,480309,2,2,1,10,2,20,25,25,0,1,0,48,6,7,24,7024,4,2009,2B3KA43D89H5,2,B,3,K,A,4,3,D,8,9,H,5,0,0,0,000000000,00000000000,0,0,0,1,0,0,0,0,0,0,0,998,0,0,0,12,2,3,12,0,0,0,0,0,99997,7,6,97,7,6,7,998,997,998,998,998,998,998,98,9998,98,9998,8,54,0,0,0,3,2,60,1,2,8,4,0,0,0,53,0,0,0,98,0,0
48,480310,1,2,1,10,2,17,26,12,2,1,0,48,1,12,481,12481,31,2010,1FTSW2BR3AEA,1,F,T,S,W,2,B,R,3,A,E,A,0,0,0,000000000,00000000000,0,0,0,1,0,0,0,0,0,0,0,998,0,1,1,12,4,3,12,0,0,0,1,48,76247,6,1,0,0,3,3,999,999,0,0,0,0,0,0,0,0,0,4,0,0,0,0,1,2,60,2,1,8,4,0,0,14,6,99,1,2,50,0,0
48,480310,2,2,2,10,2,17,26,12,2,1,0,48,1,12,481,12481,31,1997,1FALP52U0VG2,1,F,A,L,P,5,2,U,0,V,G,2,0,0,0,000000000,00000000000,0,0,0,1,0,0,0,0,0,0,0,998,0,0,0,12,6,2,12,0,0,0,1,48,76052,6,2,0,0,3,0,999,999,0,0,0,0,0,0,0,0,0,0,0,0,0,0,1,2,60,3,1,8,4,0,0,14,62,99,1,1,51,1,0
48,480311,1,2,3,10,2,20,48,12,2,1,0,48,1,23,481,23481,31,2005,2GTEC19V0512,2,G,T,E,C,1,9,V,0,5,1,2,0,0,0,000000000,00000000000,0,0,0,1,0,0,0,0,0,0,0,998,0,0,0,12,6,2,12,0,0,0,1,48,76401,6,1,0,0,3,0,999,999,0,0,0,0,0,0,0,0,0,4,51,87,0,0,1,2,70,1,1,8,4,0,0,1,6,99,9,4,52,1,0
48,480311,2,2,1,10,2,20,48,12,2,1,0,48,1,12,481,12481,31,2012,1FT8W3BT0CEA,1,F,T,8,W,3,B,T,0,C,E,A,1,3,0,000000000,00000000000,0,0,0,1,0,0,0,0,0,0,0,998,0,0,0,12,4,3,12,0,0,0,1,48,78063,6,1,0,0,3,0,999,999,0,0,0,0,0,0,0,0,0,0,0,0,0,0,1,2,70,1,1,8,4,0,0,1,62,7,1,4,52,0,0
48,480312,1,1,99,10,2,18,48,8,0,1,1,99,9,99,999,99999,99,9999,999999999999,9,9,9,9,9,9,9,9,9,9,9,9,0,0,0,000000000,00000000000,0,0,0,1,0,0,0,0,0,0,0,998,0,0,0,12,8,5,8,0,0,0,1,99,99999,9,9,99,9,9,9,999,999,99,99,99,99,99,99,9999,99,9999,0,99,99,99,99,2,2,45,1,1,8,2,0,0,1,80,99,9,1,13,0,0
48,480313,1,1,2,10,2,17,0,8,0,1,0,48,1,12,422,12422,15,2003,1FMRU15W13LB,1,F,M,R,U,1,5,W,1,3,L,B,0,0,0,000000000,00000000000,0,0,0,1,0,0,0,0,0,0,0,998,0,0,0,12,2,5,8,0,0,0,1,48,77033,6,1,0,0,3,3,999,999,0,0,0,1,0,6,2013,6,2013,0,0,0,0,0,0,0,0,0,0,0,0,0,0,11,80,99,1,7,13,0,0
48,480314,1,1,1,10,2,5,45,33,0,1,0,48,2,41,35,41035,4,2003,JM1BJ2257301,J,M,1,B,J,2,2,5,7,3,0,1,0,0,0,000000000,00000000000,0,0,0,1,0,0,0,0,0,0,0,998,0,0,0,14,6,2,42,0,0,0,1,48,77072,6,1,0,0,3,0,999,999,0,0,0,0,0,0,0,0,0,3,0,0,0,0,3,2,35,2,1,1,10,0,0,14,13,99,9,4,1,1,0
48,480315,1,2,1,10,2,9,28,12,7,1,0,48,3,82,884,82884,66,2008,1FUBA5CKX8DZ,1,F,U,B,A,5,C,K,X,8,D,Z,1,1,57,1012667,571012667,3,6,2,1,0,0,0,0,0,0,0,998,0,1,5,82,4,3,1,0,0,0,1,48,77084,6,1,6,1,3,0,999,999,0,0,0,0,2,8,2011,11,2011,0,28,0,0,0,3,5,60,1,1,1,2,0,0,15,11,99,9,2,46,1,0
48,480315,2,2,2,10,2,9,28,12,7,1,0,48,1,12,17,12017,4,1999,1FAFP53S5XA1,1,F,A,F,P,5,3,S,5,X,A,1,0,0,0,000000000,00000000000,0,0,0,1,0,0,0,0,0,0,0,998,0,0,0,9,2,3,12,0,0,0,1,48,77053,6,1,0,0,3,3,999,999,0,6,0,0,0,5,2011,4,2013,0,0,0,0,0,3,5,60,1,1,1,2,0,0,1,60,99,1,1,45,0,0
48,480316,1,1,2,10,2,18,46,8,0,1,1,48,1,21,2,21002,4,1995,1G3HN52K3S48,1,G,3,H,N,5,2,K,3,S,4,8,0,0,0,000000000,00000000000,0,0,0,1,0,0,0,0,0,0,0,998,0,0,0,12,2,5,8,0,0,0,1,48,79706,6,1,0,0,3,0,999,999,0,0,0,1,0,12,2012,12,2012,0,0,0,0,0,5,4,35,1,1,8,1,0,0,1,80,99,9,1,13,0,0
48,480317,1,1,1,11,2,21,26,30,0,1,0,48,2,20,421,20421,15,2004,1GNEC13V64J3,1,G,N,E,C,1,3,V,6,4,J,3,0,0,0,000000000,00000000000,0,0,0,1,0,0,0,0,0,0,0,998,0,1,5,12,4,3,1,0,0,0,1,48,76541,6,1,0,0,3,0,999,999,0,0,0,0,0,0,0,0,0,4,0,0,0,0,1,2,30,3,1,8,2,0,0,14,13,99,9,4,1,1,1
48,480318,1,1,99,11,2,2,0,8,0,1,1,99,9,99,999,99999,99,9999,999999999999,9,9,9,9,9,9,9,9,9,9,9,9,0,0,0,000000000,00000000000,0,0,0,1,0,0,0,0,0,0,0,998,0,0,0,12,2,5,8,0,0,0,1,99,99999,9,9,99,9,9,9,999,999,99,99,99,99,99,99,9999,99,9999,0,0,0,0,0,2,3,40,1,1,1,1,3,3,1,80,99,9,1,13,0,0
48,480319,1,1,2,11,2,3,18,30,0,1,0,48,2,12,422,12422,15,2000,1FMRU1767YLC,1,F,M,R,U,1,7,6,7,Y,L,C,0,0,0,000000000,00000000000,0,0,0,1,0,0,0,0,0,0,0,998,0,1,5,9,6,2,1,0,0,0,1,99,99999,9,9,99,9,9,9,999,999,99,99,99,99,99,99,9999,99,9999,0,0,0,0,0,3,2,35,3,1,2,2,0,0,14,13,99,9,4,1,1,0
48,480320,1,1,4,11,2,2,27,1,0,1,0,48,3,20,461,20461,21,2007,1GBJG316X712,1,G,B,J,G,3,1,6,X,7,1,2,0,0,88,888888888,88888888888,2,99,1,1,0,0,0,0,0,6,5,998,0,9,5,0,6,2,1,0,0,0,1,48,76951,6,1,6,0,3,0,999,999,0,0,0,0,0,0,0,0,0,4,87,91,0,0,2,2,75,1,1,8,4,0,0,1,6,99,9,4,2,3,0
48,480322,1,1,1,12,2,2,20,33,0,1,0,48,0,20,403,20403,14,2006,1GNDS13S2621,1,G,N,D,S,1,3,S,2,6,2,1,0,0,0,000000000,00000000000,0,0,0,1,0,0,0,0,0,0,0,998,0,1,5,98,6,2,42,0,0,0,1,48,77075,6,1,0,0,3,0,999,999,0,1,0,1,1,3,2011,3,2012,5,0,0,0,0,3,2,40,1,1,1,2,0,0,1,12,99,1,4,6,1,1
48,480323,1,1,1,12,2,20,17,8,0,1,0,48,1,55,401,55401,14,2008,5NMSG13DX8H1,5,N,M,S,G,1,3,D,X,8,H,1,0,0,0,000000000,00000000000,0,0,0,1,0,0,0,0,0,0,0,998,0,0,0,12,6,2,8,0,0,0,1,48,75571,6,1,0,0,3,0,999,999,0,0,0,1,0,10,2013,10,2013,0,0,0,0,0,5,5,45,1,2,8,1,0,0,1,80,99,1,1,13,0,0
48,480324,1,1,1,13,2,20,57,34,0,1,0,48,1,49,40,49040,4,1998,JT2BG22K2W01,J,T,2,B,G,2,2,K,2,W,0,1,0,0,0,000000000,00000000000,0,0,0,1,0,0,0,0,0,0,0,998,0,0,0,12,4,3,34,0,0,0,1,48,77041,6,1,0,0,3,3,999,999,0,0,0,0,0,0,0,0,0,0,0,0,0,0,1,4,45,1,1,1,1,0,0,1,13,99,1,4,1,1,1
48,480325,1,2,1,13,2,5,33,12,2,1,0,93,2,85,881,85881,66,2006,1XKDPBTX76J1,1,X,K,D,P,B,T,X,7,6,J,1,1,1,57,2389253,572389253,3,6,3,1,0,0,0,0,0,0,0,998,0,0,0,12,6,2,12,0,0,1,1,48,78014,6,1,6,0,3,0,999,999,0,0,0,0,3,2,2013,6,2013,0,0,0,0,0,1,2,70,1,1,8,1,0,0,1,62,99,1,1,51,0,0
48,480325,2,2,1,13,2,5,33,12,2,1,0,48,2,20,9,20009,2,2011,2G1FB1ED9B91,2,G,1,F,B,1,E,D,9,B,9,1,0,0,0,000000000,00000000000,0,0,0,1,0,0,0,0,0,0,0,998,0,0,0,12,6,2,12,0,0,1,1,48,78582,6,1,7,0,3,0,999,999,1,1,0,0,1,1,2012,12,2012,0,28,0,0,0,1,2,70,1,1,8,1,0,0,1,10,99,1,2,50,1,0
48,480326,1,2,1,14,2,19,3,12,6,1,0,93,3,87,881,87881,66,2010,1XPXD49X0AD1,1,X,P,X,D,4,9,X,0,A,D,1,1,1,57,2424010,572424010,3,6,3,1,0,0,0,0,0,0,0,0,0,0,0,7,2,5,12,0,0,0,1,38,58784,6,1,6,0,3,0,66,175,0,0,0,1,0,3,2012,3,2012,0,38,54,0,0,1,2,98,8,8,8,98,20,3,5,66,99,1,1,89,0,0
48,480326,2,2,1,14,2,19,3,12,6,1,0,48,1,55,33,55033,4,2010,5NPET4AC8AH6,5,N,P,E,T,4,A,C,8,A,H,6,0,0,0,000000000,00000000000,0,0,0,1,0,0,0,0,0,0,0,998,0,0,0,12,6,2,12,0,0,0,1,48,78717,6,1,0,0,3,3,999,999,0,0,0,1,0,2,2012,2,2012,0,0,0,0,0,2,2,75,1,1,8,1,0,0,1,50,99,1,1,88,1,0
48,480327,1,2,1,14,2,23,5,12,6,1,0,48,2,12,481,12481,31,1997,1FTJW35F5VEA,1,F,T,J,W,3,5,F,5,V,E,A,0,0,0,000000000,00000000000,0,0,0,1,0,0,0,0,0,0,0,998,0,0,0,12,4,3,12,0,0,0,1,48,79766,1,1,0,0,2,0,999,999,0,9,1,0,0,3,2011,8,2013,0,39,91,0,0,1,2,45,1,1,8,1,20,3,1,17,99,1,1,86,0,1
48,480327,2,2,2,14,2,23,5,12,6,1,0,48,2,18,7,18007,4,1991,3G4AH54N3MS6,3,G,4,A,H,5,4,N,3,M,S,6,0,0,0,000000000,00000000000,0,0,0,1,0,0,0,0,0,0,0,998,0,0,0,3,4,3,12,32,0,0,1,48,79764,6,1,0,0,3,3,999,999,0,0,0,0,0,0,0,0,0,0,0,0,0,0,1,2,98,8,8,8,98,0,0,1,66,99,1,1,87,2,0
48,480328,1,1,2,14,2,1,19,32,0,1,0,48,3,35,401,35401,14,2013,5N1AR2MN1DC6,5,N,1,A,R,2,M,N,1,D,C,6,0,0,0,000000000,00000000000,0,0,0,1,0,0,0,0,0,0,0,998,0,0,0,12,6,2,32,0,0,0,1,48,77521,6,1,0,0,3,0,999,999,0,0,0,0,0,0,0,0,0,3,0,0,0,0,1,2,40,1,1,8,1,0,0,1,6,99,2,4,2,2,1
48,480329,1,1,2,14,2,10,45,35,0,1,0,48,2,20,481,20481,31,2006,2GCEC13T5612,2,G,C,E,C,1,3,T,5,6,1,2,0,0,0,000000000,00000000000,0,0,0,1,0,0,0,0,0,0,0,998,0,0,0,81,2,3,35,0,0,0,1,48,77093,0,0,0,0,0,0,999,999,0,10,0,0,0,3,2011,11,2013,0,48,0,0,0,1,2,98,8,8,8,98,97,8,11,12,99,2,4,2,1,0
48,480330,1,1,99,14,2,19,35,8,0,1,1,99,9,99,999,99999,49,9999,999999999999,9,9,9,9,9,9,9,9,9,9,9,9,0,0,0,000000000,00000000000,0,0,0,1,0,0,0,0,0,0,0,998,0,0,0,98,9,5,8,0,0,0,1,99,99999,9,9,99,0,9,9,999,999,99,99,99,99,99,99,9999,99,9999,0,0,0,0,0,3,3,45,1,1,8,1,0,0,1,80,99,1,1,13,0,0
48,480331,1,1,3,14,2,19,47,8,0,1,0,48,2,23,481,23481,31,2005,1GTEC19V35Z2,1,G,T,E,C,1,9,V,3,5,Z,2,0,0,0,000000000,00000000000,0,0,0,1,0,0,0,0,0,0,0,998,0,0,0,12,2,3,8,0,0,0,1,48,77087,6,1,0,0,3,0,999,999,0,0,0,0,0,0,0,0,0,0,0,0,0,0,3,3,35,1,1,1,1,0,0,1,80,99,1,1,13,0,0
48,480332,1,1,1,14,2,3,0,33,0,1,0,48,0,37,705,37705,80,1986,JH2RC1905GM2,J,H,2,R,C,1,9,0,5,G,M,2,0,0,0,000000000,00000000000,0,0,0,1,0,0,0,0,0,0,0,998,0,0,0,12,8,3,33,0,0,0,1,48,77062,1,1,0,0,2,3,999,999,0,2,0,0,1,2,2013,1,2014,0,28,0,0,0,3,4,40,1,1,1,1,0,0,1,12,99,1,4,6,1,0
48,480333,1,1,1,14,2,6,53,1,0,1,0,93,1,82,884,82884,66,2007,1FUJBBCK57LW,1,F,U,J,B,B,C,K,5,7,L,W,1,1,57,2365366,572365366,3,6,3,1,0,0,0,0,0,0,0,998,0,2,6,0,4,3,3,0,0,0,1,48,77084,6,1,6,0,3,3,999,999,3,1,0,0,0,3,2011,1,2013,0,48,0,0,0,1,2,30,2,2,8,1,40,3,14,13,99,1,4,98,1,0
48,480334,1,2,1,14,2,17,1,12,6,1,0,47,1,12,481,12481,31,1998,1FTZX17W5WKB,1,F,T,Z,X,1,7,W,5,W,K,B,0,0,0,000000000,00000000000,0,0,0,1,0,0,0,0,0,0,0,998,0,0,0,9,4,5,12,0,0,0,1,20,76643,6,1,0,0,3,0,69,185,0,0,0,0,0,0,0,0,0,0,38,0,0,0,0,0,0,0,0,0,0,0,0,1,98,99,1,1,89,1,0
48,480334,2,2,1,14,2,17,1,12,6,1,0,48,2,20,421,20421,15,2004,1GNEK13Z04J2,1,G,N,E,K,1,3,Z,0,4,J,2,0,0,0,000000000,00000000000,0,0,0,1,0,0,0,0,0,0,0,998,0,0,0,12,4,3,12,0,0,0,1,48,76643,6,1,0,0,3,0,999,999,0,0,0,0,0,0,0,0,0,0,0,0,0,0,5,5,45,1,1,8,1,0,0,1,72,99,1,1,88,0,0
48,480335,1,1,1,15,2,3,30,1,0,1,0,48,9,41,441,41441,20,2004,JM3LW28AX405,J,M,3,L,W,2,8,A,X,4,0,5,0,0,0,000000000,00000000000,0,0,0,1,0,0,0,0,0,0,0,998,0,2,5,0,4,3,1,0,0,0,1,48,79907,0,0,0,0,0,0,999,999,0,5,0,0,1,5,2011,10,2013,0,28,58,0,0,2,2,75,3,1,8,1,0,0,14,13,6,1,4,1,1,0
48,480336,1,1,1,15,2,0,32,38,0,1,0,48,2,37,32,37032,4,1997,1HGCE667XVA0,1,H,G,C,E,6,6,7,X,V,A,0,0,0,0,000000000,00000000000,0,0,0,1,0,0,0,0,0,0,0,998,0,1,6,12,6,2,1,99,99,0,1,48,78065,6,1,0,0,3,0,999,999,0,0,0,0,0,0,0,0,0,5,99,99,99,99,2,2,70,1,1,8,1,0,0,1,13,99,1,4,1,1,1
48,480337,1,1,1,15,2,23,0,1,0,1,0,48,1,20,431,20431,16,2001,3GNEC16T21G1,3,G,N,E,C,1,6,T,2,1,G,1,0,0,0,000000000,00000000000,0,0,0,1,0,0,0,0,0,0,0,998,0,2,5,0,4,3,1,0,0,0,1,48,77901,6,1,0,0,3,0,999,999,0,0,0,0,0,0,0,0,0,0,58,0,0,0,1,2,60,2,1,8,1,0,0,1,12,7,3,4,1,1,0
48,480338,1,2,1,15,2,18,35,12,1,1,0,48,3,12,481,12481,31,1999,1FTNW21F8XEF,1,F,T,N,W,2,1,F,8,X,E,F,1,1,0,000000000,00000000000,0,0,0,1,0,0,0,0,0,0,0,998,0,0,0,12,4,3,8,0,0,0,1,48,75062,6,1,0,0,3,3,999,999,0,0,0,0,0,0,0,0,0,0,0,0,0,0,2,3,45,1,3,8,1,0,0,1,50,7,1,2,32,0,0
48,480338,2,2,0,15,2,18,35,12,1,1,0,48,6,20,401,20401,14,1996,1GNCS13W8T21,1,G,N,C,S,1,3,W,8,T,2,1,0,0,0,000000000,00000000000,0,0,0,1,0,0,0,0,0,0,0,0,0,0,0,6,6,2,12,0,0,0,0,0,99997,7,6,97,7,6,7,998,997,998,998,998,998,998,98,9998,98,9998,8,20,0,0,0,2,3,45,1,3,8,1,0,0,0,53,0,0,0,32,0,0
48,480339,1,1,2,15,2,5,53,8,0,1,1,48,2,37,32,37032,2,2000,1HGCG3245YA0,1,H,G,C,G,3,2,4,5,Y,A,0,0,0,0,000000000,00000000000,0,0,0,1,0,0,0,0,0,0,0,998,0,0,0,12,2,5,8,0,0,0,1,48,77035,0,0,0,0,0,0,999,999,0,7,0,2,0,11,2011,7,2013,0,0,0,0,0,1,4,35,1,1,1,1,0,0,1,80,99,1,1,13,0,0
48,480340,1,1,2,15,2,19,33,5,0,1,1,99,9,12,401,12401,14,1997,999999999999,9,9,9,9,9,9,9,9,9,9,9,9,0,0,0,000000000,00000000000,0,0,0,1,0,0,0,0,0,0,0,998,0,0,0,0,0,5,5,0,0,0,1,99,99999,9,9,99,9,9,9,999,999,99,99,99,99,99,99,9999,99,9999,0,0,0,0,0,1,2,30,1,1,1,1,0,0,1,98,99,1,1,0,1,0
48,480341,1,1,2,15,2,6,56,31,0,1,0,48,1,20,4,20004,2,1999,1G1YY22G0X51,1,G,1,Y,Y,2,2,G,0,X,5,1,0,0,0,000000000,00000000000,0,0,0,1,0,0,0,0,0,0,0,998,0,1,5,98,6,2,1,0,0,0,1,48,78621,6,1,0,0,3,0,999,999,0,0,0,0,0,0,0,0,0,4,0,0,0,0,1,2,60,3,1,8,1,0,0,14,6,99,4,4,7,1,1
48,480342,1,2,2,15,2,5,51,12,2,1,0,48,0,49,40,49040,4,2006,JTDBE32K0630,J,T,D,B,E,3,2,K,0,6,3,0,0,0,0,000000000,00000000000,0,0,0,1,0,0,0,0,0,0,0,998,0,0,0,12,6,2,12,0,0,0,1,48,75862,6,1,0,0,3,3,999,999,1,0,0,0,0,4,2012,4,2012,0,0,0,0,0,1,2,55,1,3,8,1,0,0,1,62,99,1,1,51,1,0
48,480342,2,2,1,15,2,5,51,12,2,1,0,48,2,35,47,35047,4,2004,1N4AL11D74C1,1,N,4,A,L,1,1,D,7,4,C,1,0,0,0,000000000,00000000000,0,0,0,1,0,0,0,0,0,0,0,998,0,0,0,12,6,2,12,0,0,0,1,48,77328,6,1,0,0,3,0,999,999,0,0,0,0,0,0,0,0,0,0,33,0,0,0,1,2,55,1,3,8,1,0,0,6,10,99,1,2,50,1,0
48,480343,1,2,2,15,2,21,7,59,0,1,0,48,2,37,706,37706,80,2000,JH2SC4405YM0,J,H,2,S,C,4,4,0,5,Y,M,0,0,0,0,000000000,00000000000,0,0,0,1,0,0,0,0,0,0,0,120,0,0,0,98,4,3,12,0,0,0,1,48,78362,6,1,0,0,3,3,999,999,0,6,0,0,0,4,2011,2,2014,0,29,0,0,0,3,3,75,1,1,8,1,0,0,6,10,99,1,4,6,1,0
48,480343,2,2,1,15,2,21,7,59,0,1,0,95,3,51,881,51881,66,2000,4V4ND4GH0YN7,4,V,4,N,D,4,G,H,0,Y,N,7,1,1,57,198,57198,3,6,98,1,0,0,0,0,0,0,0,998,0,0,0,14,2,8,12,0,0,0,1,95,0,9,9,99,9,9,9,999,999,99,99,99,99,99,99,9999,99,9999,0,0,0,0,0,3,3,75,1,1,8,1,0,0,1,64,4,1,1,98,0,0
48,480344,1,2,3,16,2,1,0,33,0,1,0,48,2,22,24,22024,4,2009,6G2ER577X9L1,6,G,2,E,R,5,7,7,X,9,L,1,0,0,0,000000000,00000000000,0,0,0,1,0,0,0,0,0,0,0,998,0,0,0,98,6,2,12,0,0,0,1,48,78065,6,1,0,0,3,3,999,999,0,0,0,2,0,6,2013,6,2013,4,91,0,0,0,4,4,45,1,1,8,1,3,3,1,12,99,1,4,6,0,1
48,480344,2,2,2,16,2,1,0,33,0,1,0,48,2,37,31,37031,4,2012,2HGFB2F86CH5,2,H,G,F,B,2,F,8,6,C,H,5,0,0,0,000000000,00000000000,0,0,0,1,0,0,0,0,0,0,0,0,0,0,0,6,6,2,12,0,0,0,1,48,77479,6,1,0,0,3,3,999,999,0,0,0,0,0,0,0,0,0,0,0,0,0,0,4,4,45,1,1,8,1,3,3,5,53,99,1,1,98,1,1