STATE,ST_CASE,VEH_NO,VE_FORMS,NUMOCCS,DAY,MONTH,HOUR,MINUTE,HARM_EV,MAN_COLL,UNITTYPE,HIT_RUN,REG_STAT,OWNER,MAKE,MODEL,MAK_MOD,BODY_TYP,MOD_YEAR,VIN,VIN_1,VIN_2,VIN_3,VIN_4,VIN_5,VIN_6,VIN_7,VIN_8,VIN_9,VIN_10,VIN_11,VIN_12,TOW_VEH,J_KNIFE,MCARR_I1,MCARR_I2,MCARR_ID,GVWR,V_CONFIG,CARGO_BT,HAZ_INV,HAZ_PLAC,HAZ_ID,HAZ_CNO,HAZ_REL,BUS_USE,SPEC_USE,EMER_USE,TRAV_SP,UNDERIDE,ROLLOVER,ROLINLOC,IMPACT1,DEFORMED,TOWED,M_HARM,VEH_SC1,VEH_SC2,FIRE_EXP,DR_PRES,L_STATE,DR_ZIP,L_STATUS,L_TYPE,CDL_STAT,L_ENDORS,L_COMPL,L_RESTRI,DR_HGT,DR_WGT,PREV_ACC,PREV_SUS,PREV_DWI,PREV_SPD,PREV_OTH,FIRST_MO,FIRST_YR,LAST_MO,LAST_YR,SPEEDREL,DR_SF1,DR_SF2,DR_SF3,DR_SF4,VTRAFWAY,VNUM_LAN,VSPD_LIM,VALIGN,VPROFILE,VPAVETYP,VSURCOND,VTRAFCON,VTCONT_F,P_CRASH1,P_CRASH2,P_CRASH3,PCRASH4,PCRASH5,ACC_TYPE,DEATHS,DR_DRINK
48,480345,1,1,1,16,2,3,7,8,0,1,0,5,1,35,39,35039,4,2007,1N4BA41E67C8,1,N,4,B,A,4,1,E,6,7,C,8,0,0,0,000000000,00000000000,0,0,0,1,0,0,0,0,0,0,0,998,0,0,0,12,2,3,8,0,0,0,1,5,75006,1,1,0,0,2,0,70,188,0,1,0,0,0,9,2013,9,2013,0,0,0,0,0,3,3,60,1,1,8,1,0,0,1,80,4,1,1,13,0,0
48,480346,1,2,5,16,2,17,30,12,6,1,0,48,2,12,402,12402,14,2008,1FMCU03138KE,1,F,M,C,U,0,3,1,3,8,K,E,0,0,0,000000000,00000000000,0,0,0,1,0,0,0,0,0,0,0,0,0,0,0,11,4,3,12,0,0,0,1,9,79741,0,0,0,0,0,0,67,999,98,0,0,0,0,0,0,0,0,0,38,0,0,0,8,5,98,8,8,8,98,20,3,4,19,99,1,1,89,0,0
48,480346,2,2,1,16,2,17,30,12,6,1,0,48,1,72,706,72706,80,2008,1HD1HMH178K8,1,H,D,1,H,M,H,1,7,8,K,8,0,0,0,000000000,00000000000,0,0,0,1,0,0,0,0,0,0,0,998,0,0,0,12,8,3,12,0,0,0,1,48,79762,6,1,0,0,3,3,999,999,2,0,0,1,0,3,2011,8,2012,0,0,0,0,0,5,5,75,1,1,8,1,0,0,1,66,99,1,1,88,1,0
48,480347,1,2,1,16,2,14,25,12,2,1,0,48,2,12,471,12471,30,2001,1FTYR10D41PB,1,F,T,Y,R,1,0,D,4,1,P,B,0,0,0,000000000,00000000000,0,0,0,1,0,0,0,0,0,0,0,998,0,0,0,12,6,2,12,0,0,0,1,48,79512,6,1,0,0,3,3,63,126,0,0,0,0,1,9,2013,9,2013,0,51,58,0,0,1,2,70,1,1,8,1,0,0,1,13,6,2,6,50,1,0
48,480347,2,2,1,16,2,14,25,12,2,1,0,40,1,85,881,85881,66,1999,1XKTDU9XXXJ7,1,X,K,T,D,U,9,X,X,X,J,7,1,1,57,1738231,571738231,3,6,2,1,0,0,0,0,0,0,0,998,0,0,0,12,6,2,12,0,0,0,1,40,73036,6,1,6,0,3,0,68,170,0,0,0,0,1,12,2012,12,2012,0,0,0,0,0,1,2,70,1,1,8,1,0,0,1,62,99,1,1,51,0,0
48,480349,1,1,1,16,2,1,30,52,0,1,0,48,1,37,31,37031,4,1999,1HGEJ6574XL0,1,H,G,E,J,6,5,7,4,X,L,0,0,0,0,000000000,00000000000,0,0,0,1,0,0,0,0,0,0,0,998,0,1,3,12,6,2,1,0,0,0,1,48,79083,6,1,0,0,3,3,999,999,0,0,0,0,1,6,2011,6,2011,0,51,0,0,0,2,2,75,1,1,8,1,0,0,1,13,99,1,4,1,1,1
48,480350,1,2,1,16,2,14,20,12,2,1,0,48,1,72,706,72706,80,2005,1HD1BWB1X5Y0,1,H,D,1,B,W,B,1,X,5,Y,0,0,0,0,000000000,00000000000,0,0,0,1,0,0,0,0,0,0,0,998,0,0,0,12,4,3,12,0,0,0,1,48,76060,6,1,0,0,3,0,999,999,0,0,0,0,0,0,0,0,0,5,0,0,0,0,1,2,55,2,1,8,1,0,0,14,10,99,1,2,50,1,0
48,480350,2,2,3,16,2,14,20,12,2,1,0,48,1,20,404,20404,14,2010,2CNALBEW9A64,2,C,N,A,L,B,E,W,9,A,6,4,0,0,0,000000000,00000000000,0,0,0,1,0,0,0,0,0,0,0,998,0,0,0,12,4,3,12,0,0,0,1,48,76084,6,1,0,0,3,3,999,999,0,0,0,0,0,0,0,0,0,0,0,0,0,0,1,2,55,3,1,8,1,0,0,14,62,99,1,1,51,0,0
48,480351,1,1,1,16,2,1,10,24,0,1,0,48,1,20,481,20481,31,2004,2GCEC19T0412,2,G,C,E,C,1,9,T,0,4,1,2,0,0,0,000000000,00000000000,0,0,0,1,0,0,0,0,0,0,0,998,0,1,5,12,6,2,24,0,0,0,1,48,76016,6,1,0,0,3,3,999,999,0,0,0,0,1,2,2012,2,2012,4,0,0,0,0,4,2,60,2,1,8,1,0,0,14,12,99,9,4,6,1,1
48,480352,1,2,1,17,2,3,5,12,6,1,0,48,0,73,709,73709,80,1998,JKAZX2C10WA0,J,K,A,Z,X,2,C,1,0,W,A,0,0,0,0,000000000,00000000000,0,0,0,1,0,0,0,0,0,0,0,998,0,0,0,98,9,2,12,0,0,0,1,48,78109,1,1,0,0,2,0,999,999,0,6,0,0,0,4,2011,1,2014,5,39,0,0,0,5,5,45,3,2,8,1,3,3,14,17,99,9,1,69,1,1
48,480352,2,2,1,17,2,3,5,12,6,1,0,48,2,20,473,20473,30,2006,1GCCS1464681,1,G,C,C,S,1,4,6,4,6,8,1,0,0,0,000000000,00000000000,0,0,0,1,0,0,0,0,0,0,0,998,0,0,0,81,6,2,12,0,0,0,1,48,78239,0,0,0,0,0,0,999,999,0,0,0,0,0,0,0,0,0,0,38,0,0,0,5,5,45,2,2,8,1,3,3,11,63,99,9,1,68,0,0
48,480353,1,1,99,17,2,0,21,8,0,1,1,99,9,99,999,99999,99,9999,999999999999,9,9,9,9,9,9,9,9,9,9,9,9,0,0,0,000000000,00000000000,0,0,0,1,0,0,0,0,0,0,0,998,0,0,0,12,2,5,8,0,0,0,1,99,99999,9,9,99,9,9,9,999,999,99,99,99,99,99,99,9999,99,9999,0,0,0,0,0,3,2,65,1,1,8,1,0,0,1,80,99,9,1,13,0,0
48,480354,1,1,1,17,2,18,45,8,0,1,0,48,1,30,40,30040,4,2011,3VWPL7AJ0BM6,3,V,W,P,L,7,A,J,0,B,M,6,0,0,0,000000000,00000000000,0,0,0,1,0,0,0,0,0,0,0,998,0,0,0,12,4,3,8,0,0,0,1,48,78676,6,1,0,0,3,3,999,999,0,0,0,0,0,0,0,0,0,0,0,0,0,0,3,4,65,1,1,8,1,0,0,1,80,99,9,1,13,0,0
48,480355,1,1,1,17,2,20,5,33,0,1,0,48,1,37,709,37709,80,2002,JH2SC50022M0,J,H,2,S,C,5,0,0,2,2,M,0,0,0,0,000000000,00000000000,0,0,0,1,0,0,0,0,0,0,0,998,0,0,0,98,9,2,42,0,0,0,1,48,77379,6,1,0,0,2,0,999,999,0,0,0,1,0,12,2013,12,2013,0,0,0,0,0,3,2,35,1,1,8,1,0,0,1,13,99,9,4,1,1,0
48,480356,1,1,1,17,2,4,0,59,0,1,0,48,1,22,22,22022,4,2005,1G2ZG5285541,1,G,2,Z,G,5,2,8,5,5,4,1,0,0,0,000000000,00000000000,0,0,0,1,0,0,0,0,0,0,0,998,0,0,0,99,6,2,42,0,0,0,1,48,76033,1,1,0,0,2,0,999,999,1,2,0,1,0,3,2012,6,2013,5,0,0,0,0,1,2,60,2,2,8,2,0,0,14,12,99,9,4,6,1,0
48,480357,1,1,1,17,2,20,27,8,0,1,0,48,1,20,461,20461,21,1987,1GBEG25K2H71,1,G,B,E,G,2,5,K,2,H,7,1,0,0,0,000000000,00000000000,0,0,0,1,0,0,0,0,0,0,0,998,0,0,0,12,4,3,8,0,0,0,1,48,77713,6,1,0,0,3,0,999,999,0,0,0,0,0,0,0,0,0,0,0,0,0,0,3,3,75,1,1,8,1,0,0,1,80,99,1,1,13,0,0
48,480358,1,2,1,17,2,17,56,12,2,1,0,48,1,20,481,20481,31,2003,2GCEC19T9313,2,G,C,E,C,1,9,T,9,3,1,3,0,0,0,000000000,00000000000,0,0,0,1,0,0,0,0,0,0,0,998,0,0,0,12,6,2,12,0,0,1,1,48,75647,1,1,0,0,2,0,999,999,0,3,0,0,0,4,2011,12,2013,0,51,0,0,0,1,2,70,1,1,8,1,0,0,1,10,99,9,2,50,1,0
48,480358,2,2,1,17,2,17,56,12,2,1,0,48,1,12,37,12037,4,2003,1FAFP34P23W1,1,F,A,F,P,3,4,P,2,3,W,1,0,0,0,000000000,00000000000,0,0,0,1,0,0,0,0,0,0,0,998,0,1,1,12,6,2,12,0,0,1,1,48,75701,6,1,0,0,3,3,999,999,0,0,0,3,0,7,2011,4,2013,0,0,0,0,0,1,2,70,1,1,8,1,0,0,1,62,99,9,1,51,1,0
48,480359,1,1,99,18,2,17,46,8,0,1,1,99,9,99,999,99999,99,9999,999999999999,9,9,9,9,9,9,9,9,9,9,9,9,0,0,0,000000000,00000000000,0,0,0,1,0,0,0,0,0,0,0,998,0,0,0,12,9,5,8,0,0,0,1,99,99999,9,9,99,9,9,9,999,999,99,99,99,99,99,99,9999,99,9999,0,0,0,0,0,1,2,15,1,1,8,1,0,0,1,80,99,9,1,13,0,0
48,480360,1,2,1,18,2,18,48,12,6,1,0,48,1,55,33,55033,4,2009,5NPET46C69H5,5,N,P,E,T,4,6,C,6,9,H,5,0,0,0,000000000,00000000000,0,0,0,1,0,0,0,0,0,0,0,998,0,0,0,62,2,3,12,0,0,0,1,48,78503,6,1,0,0,3,3,999,999,0,0,0,0,0,0,0,0,0,0,38,0,0,0,1,2,99,1,1,8,1,20,3,1,19,99,1,1,89,0,0
48,480360,2,2,1,18,2,18,48,12,6,1,0,48,1,72,706,72706,80,2007,1HD4CN2197K4,1,H,D,4,C,N,2,1,9,7,K,4,0,0,0,000000000,00000000000,0,0,0,1,0,0,0,0,0,0,0,998,0,0,0,98,9,2,12,0,0,0,1,48,78504,6,1,0,0,2,0,999,999,1,0,0,0,0,8,2012,8,2012,0,0,0,0,0,2,2,55,1,1,8,1,0,0,1,68,99,9,1,88,1,0
48,480361,1,1,2,18,2,21,33,25,0,1,0,48,2,12,401,12401,14,1996,1FMDU32P3TZB,1,F,M,D,U,3,2,P,3,T,Z,B,0,0,0,000000000,00000000000,0,0,0,1,0,0,0,0,0,0,0,998,0,1,1,11,6,2,1,0,0,0,1,48,77070,1,1,0,0,2,0,999,999,0,3,0,0,0,9,2012,3,2013,4,58,0,0,0,3,1,75,1,1,8,1,0,0,1,13,6,9,4,6,1,0
48,480363,1,2,1,19,2,8,40,12,1,1,0,48,1,12,481,12481,31,2005,1FTPW14565KD,1,F,T,P,W,1,4,5,6,5,K,D,0,0,0,000000000,00000000000,0,0,0,1,0,0,0,0,0,0,0,998,0,1,1,12,6,2,1,0,0,0,1,48,79045,6,1,0,0,3,0,999,999,1,0,0,1,1,4,2012,12,2012,5,0,0,0,0,1,2,70,1,1,8,1,0,0,1,51,99,9,1,24,1,0
48,480363,2,2,1,19,2,8,40,12,1,1,0,48,1,20,481,20481,31,2004,1GCGK23U74F1,1,G,C,G,K,2,3,U,7,4,F,1,0,0,0,000000000,00000000000,0,0,0,1,0,0,0,0,0,0,0,998,0,0,0,6,6,2,12,0,0,0,1,48,79045,6,1,6,0,3,0,999,999,0,0,0,0,0,0,0,0,0,0,0,0,0,0,1,2,70,1,1,8,1,0,0,1,53,99,9,1,25,0,0
48,480364,1,2,2,19,2,21,3,12,2,1,0,48,2,13,482,13482,31,2006,5LTPW18566FJ,5,L,T,P,W,1,8,5,6,6,F,J,0,0,0,000000000,00000000000,0,0,0,1,0,0,0,0,0,0,0,998,0,0,0,12,4,3,12,0,0,0,1,1,35763,6,1,0,0,3,0,68,180,0,0,0,0,1,4,2013,4,2013,0,38,39,0,0,1,2,55,1,1,8,1,21,3,1,62,3,2,1,69,0,0
48,480364,2,2,4,19,2,21,3,12,2,1,0,48,1,63,32,63032,4,2007,KNADE1233761,K,N,A,D,E,1,2,3,3,7,6,1,0,0,0,000000000,00000000000,0,0,0,1,0,0,0,0,0,0,0,80,0,0,0,12,4,3,12,0,0,0,1,48,79510,6,2,0,0,3,0,999,999,0,0,0,0,0,0,0,0,0,3,0,0,0,0,1,2,55,1,1,8,1,0,0,11,63,99,1,1,68,1,0
48,480365,1,1,1,19,2,5,59,11,0,1,0,48,1,72,706,72706,80,1975,5D52636H5,5,D,5,2,6,3,6,H,5,,,,0,0,0,000000000,00000000000,0,0,0,1,0,0,0,0,0,0,0,998,0,0,0,98,9,2,11,0,0,0,1,48,77664,6,1,0,0,2,3,999,999,0,0,0,0,0,0,0,0,0,0,0,0,0,0,1,2,65,1,1,8,1,0,0,1,87,99,1,1,13,1,0
48,480366,1,2,1,20,2,2,3,25,0,1,0,48,0,76,706,76706,80,2009,JYARN23E79A0,J,Y,A,R,N,2,3,E,7,9,A,0,0,0,0,000000000,00000000000,0,0,0,1,0,0,0,0,0,0,0,998,0,0,0,98,9,2,25,0,0,0,1,48,77015,6,1,6,0,3,0,999,999,0,0,0,0,1,8,2012,8,2012,3,0,0,0,0,3,4,60,2,1,8,1,0,0,14,12,99,9,4,6,1,1
48,480366,2,2,99,20,2,2,3,25,0,1,1,99,9,99,999,99999,99,9999,999999999999,9,9,9,9,9,9,9,9,9,9,9,9,9,0,99,999999999,99999999999,9,99,99,1,0,0,0,0,99,99,9,998,0,0,0,14,9,5,54,0,0,0,1,99,99999,9,9,99,9,9,9,999,999,99,99,99,99,99,99,9999,99,9999,0,0,0,0,0,3,4,60,3,1,8,1,0,0,14,90,99,9,1,98,0,0
48,480367,1,1,2,20,2,9,58,8,0,1,0,48,2,12,481,12481,31,1998,1FTRX18L9WKC,1,F,T,R,X,1,8,L,9,W,K,C,0,0,0,000000000,00000000000,0,0,0,1,0,0,0,0,0,0,0,998,0,0,0,12,2,5,8,0,0,0,1,48,77587,0,0,0,0,0,0,999,999,0,2,0,0,0,3,2012,6,2013,0,0,0,0,0,1,5,35,1,1,8,1,0,0,1,80,99,9,1,13,0,0
48,480368,1,2,3,20,2,13,19,12,2,1,0,5,1,9,20,9020,4,2000,1P3ES46C8YD6,1,P,3,E,S,4,6,C,8,Y,D,6,0,0,0,000000000,00000000000,0,0,0,1,0,0,0,0,0,0,0,998,0,0,0,12,6,2,12,0,0,0,1,5,71832,6,1,0,0,3,0,67,290,0,0,0,0,4,4,2013,6,2013,0,33,0,0,0,1,2,70,1,1,8,1,0,0,6,10,99,1,2,50,2,0
48,480368,2,2,1,20,2,13,19,12,2,1,0,48,1,12,481,12481,31,1998,1FTZX18W5WKA,1,F,T,Z,X,1,8,W,5,W,K,A,0,0,0,000000000,00000000000,0,0,0,1,0,0,0,0,0,0,0,998,0,1,1,12,6,2,12,0,0,0,1,48,75437,6,1,6,0,3,0,999,999,0,0,0,0,1,10,2012,10,2012,0,0,0,0,0,1,2,70,1,1,8,1,0,0,1,62,99,1,1,51,0,0
48,480369,1,1,1,20,2,20,47,8,0,1,0,48,1,51,46,51046,4,2001,YV1VS295X1F6,Y,V,1,V,S,2,9,5,X,1,F,6,0,0,0,000000000,00000000000,0,0,0,1,0,0,0,0,0,0,0,998,0,0,0,12,4,3,8,0,0,0,1,48,76133,6,1,0,0,3,0,999,999,0,0,0,0,0,0,0,0,0,0,0,0,0,0,4,3,40,1,1,8,1,0,0,1,80,1,1,1,13,0,0
48,480370,1,1,1,20,2,19,15,8,0,1,0,48,1,12,481,12481,31,1999,1FTRX18L0XKA,1,F,T,R,X,1,8,L,0,X,K,A,0,0,0,000000000,00000000000,0,0,0,1,0,0,0,0,0,0,0,998,0,0,0,12,2,5,8,0,0,0,1,48,78724,1,1,0,0,2,0,999,999,0,4,0,1,1,9,2011,8,2013,0,0,0,0,0,5,5,50,1,1,8,1,0,0,15,80,99,1,1,13,0,0
48,480371,1,2,1,21,2,6,15,12,1,1,0,48,1,20,481,20481,31,2006,2GCEC13V1612,2,G,C,E,C,1,3,V,1,6,1,2,0,0,0,000000000,00000000000,0,0,0,1,0,0,0,0,0,0,0,998,0,0,0,12,6,2,12,0,0,0,1,48,77060,6,1,0,0,3,0,999,999,0,0,0,0,0,0,0,0,0,5,0,0,0,0,1,2,55,1,1,8,1,0,0,1,52,99,1,1,28,1,0
48,480371,2,2,1,21,2,6,15,12,1,1,0,48,1,12,481,12481,31,1996,1FTJX35F1TEB,1,F,T,J,X,3,5,F,1,T,E,B,0,0,0,000000000,00000000000,0,0,0,1,0,0,0,0,0,0,0,998,0,0,0,6,4,3,12,0,0,0,1,48,77963,6,1,0,0,3,3,999,999,0,0,0,0,0,0,0,0,0,0,0,0,0,0,1,2,55,1,1,8,1,0,0,2,53,99,1,1,30,0,0
48,480372,1,3,1,21,2,6,40,12,1,1,0,48,2,49,422,49422,15,2006,5TDZT34A96S2,5,T,D,Z,T,3,4,A,9,6,S,2,0,0,0,000000000,00000000000,0,0,0,1,0,0,0,0,0,0,0,998,0,1,5,12,4,3,12,0,0,0,1,48,78613,6,1,0,0,3,3,999,999,0,0,0,0,0,0,0,0,0,5,0,0,0,0,1,4,70,1,2,8,1,0,0,1,51,6,1,1,24,0,0
48,480372,2,3,1,21,2,6,40,12,1,1,0,48,3,98,809,98809,63,1999,2FZXKWYB4XAA,2,F,Z,X,K,W,Y,B,4,X,A,A,0,0,57,2385647,572385647,3,2,4,1,0,0,0,0,0,0,0,998,0,0,0,6,4,3,12,0,0,0,1,48,78613,6,1,6,0,3,0,999,999,0,0,0,0,0,0,0,0,0,0,0,0,0,0,1,4,70,1,2,8,1,0,0,1,53,99,1,1,25,0,0
48,480372,3,3,1,21,2,6,40,12,1,1,0,48,1,72,706,72706,80,2006,1HD1JAB136Y0,1,H,D,1,J,A,B,1,3,6,Y,0,0,0,0,000000000,00000000000,0,0,0,1,0,0,0,0,0,0,0,998,0,0,0,12,4,3,12,0,0,0,1,48,76522,6,1,7,0,3,0,999,999,0,0,0,0,0,0,0,0,0,5,26,0,0,0,1,4,70,1,2,8,1,0,0,1,51,99,1,1,98,1,0
48,480373,1,2,1,22,2,7,0,12,2,1,0,40,1,12,401,12401,14,2007,1FMEU63867UB,1,F,M,E,U,6,3,8,6,7,U,B,0,0,0,000000000,00000000000,0,0,0,1,0,0,0,0,0,0,0,998,0,1,1,12,4,3,12,0,0,0,1,40,74701,6,1,0,0,3,3,78,300,0,0,0,1,0,8,2013,8,2013,0,28,0,0,0,1,2,75,1,1,8,1,0,0,1,10,99,1,2,50,0,0
48,480373,2,2,1,22,2,7,0,12,2,1,0,35,1,49,46,49046,3,2011,JTDKN3DUXB53,J,T,D,K,N,3,D,U,X,B,5,3,0,0,0,000000000,00000000000,0,0,0,1,0,0,0,0,0,0,0,998,0,0,0,12,4,3,12,0,0,0,1,35,87015,6,1,0,0,3,0,76,230,98,0,0,0,0,0,0,0,0,0,0,0,0,0,1,2,75,1,1,8,1,0,0,1,62,99,1,1,51,1,0
48,480374,1,1,2,22,2,20,34,32,0,1,0,48,2,14,6,14006,4,2006,2MEFM74V96X6,2,M,E,F,M,7,4,V,9,6,X,6,0,0,0,000000000,00000000000,0,0,0,1,0,0,0,0,0,0,0,998,0,1,5,98,4,3,1,0,0,0,1,48,78415,3,1,0,0,2,0,999,999,1,3,0,0,0,5,2011,2,2012,0,0,0,0,0,1,2,30,2,1,8,1,0,0,14,12,99,3,4,7,1,1
48,480375,1,1,1,22,2,18,28,1,0,1,0,48,0,53,706,53706,80,2002,JS1GW71A7221,J,S,1,G,W,7,1,A,7,2,2,1,0,0,0,000000000,00000000000,0,0,0,1,0,0,0,0,0,0,0,998,0,0,0,0,8,5,1,0,0,0,1,48,78723,6,1,6,0,2,3,999,999,0,0,0,0,0,0,0,0,0,5,0,0,0,0,1,2,30,3,1,8,1,0,0,14,9,99,1,1,98,1,0
48,480376,1,1,1,22,2,23,22,1,0,1,0,48,1,12,481,12481,31,2001,1FTSW31F71EA,1,F,T,S,W,3,1,F,7,1,E,A,0,0,0,000000000,00000000000,0,0,0,1,0,0,0,0,0,0,0,998,0,2,1,0,6,2,1,0,0,0,1,48,77974,6,1,0,0,3,0,999,999,2,1,0,0,0,4,2011,1,2013,0,58,0,0,0,1,2,60,1,1,8,1,0,0,1,13,6,4,6,98,1,1
48,480377,1,2,1,23,2,14,46,12,98,1,0,48,2,22,16,22016,4,2002,1G2JB5244272,1,G,2,J,B,5,2,4,4,2,7,2,0,0,0,000000000,00000000000,0,0,0,1,0,0,0,0,0,0,0,998,0,0,0,11,2,3,12,0,0,0,1,48,77493,6,1,0,0,3,0,999,999,0,0,0,0,0,0,0,0,0,0,38,51,0,0,2,2,40,1,1,8,1,0,0,11,15,99,1,2,68,0,0
48,480377,2,2,1,23,2,14,46,12,98,1,0,48,1,72,706,72706,80,2011,1HD1FF418BB6,1,H,D,1,F,F,4,1,8,B,B,6,0,0,0,000000000,00000000000,0,0,0,1,0,0,0,0,0,0,0,998,0,0,0,98,8,3,12,0,0,0,1,48,77493,6,1,0,0,3,3,999,999,0,0,0,0,0,0,0,0,0,0,0,0,0,0,2,2,40,1,1,8,1,0,0,1,66,99,1,1,69,1,0
48,480378,1,1,1,23,2,21,25,8,0,1,0,48,2,12,481,12481,31,1997,1FTDX0769VKB,1,F,T,D,X,0,7,6,9,V,K,B,0,0,0,000000000,00000000000,0,0,0,1,0,0,0,0,0,0,0,998,0,0,0,1,2,5,8,0,0,0,1,48,75701,6,2,0,0,3,0,999,999,0,0,0,0,0,0,0,0,0,0,0,0,0,0,5,7,40,1,1,8,1,0,0,1,80,99,1,1,13,0,0
48,480379,1,1,2,24,2,2,25,21,0,1,0,48,1,35,39,35039,4,2000,JN1CA31D4YT5,J,N,1,C,A,3,1,D,4,Y,T,5,0,0,0,000000000,00000000000,0,0,0,1,0,0,0,0,0,0,0,998,0,0,0,12,6,2,21,0,0,0,1,48,78218,0,0,0,0,0,0,999,999,0,6,0,0,0,4,2011,4,2011,5,0,0,0,0,3,2,35,2,1,8,1,0,0,14,12,99,1,4,6,1,1
48,480380,1,1,1,24,2,19,21,9,0,1,0,48,1,82,881,82881,66,1997,2FUYDSEB3VA7,2,F,U,Y,D,S,E,B,3,V,A,7,1,1,99,999999999,99999999999,3,6,3,1,0,0,0,0,0,0,0,998,0,0,0,7,0,5,9,0,0,0,1,48,78596,6,1,6,0,3,0,999,999,0,0,0,0,1,11,2012,11,2012,0,0,0,0,0,1,2,15,1,1,8,1,0,0,4,83,99,1,1,13,0,0
48,480381,1,1,1,24,2,5,25,30,0,1,0,22,1,12,481,12481,31,2008,1FTPW14V78FB,1,F,T,P,W,1,4,V,7,8,F,B,0,0,0,000000000,00000000000,0,0,0,1,0,0,0,0,0,0,0,998,0,2,5,12,6,2,30,0,0,1,1,22,70817,6,1,0,0,3,3,73,175,0,0,0,0,0,0,0,0,0,0,99,99,99,99,3,2,75,1,3,8,2,0,0,1,13,99,1,4,1,1,0
48,480382,1,2,3,23,1,20,43,12,1,1,0,48,1,9,38,9038,4,1996,1P3EJ46C3TN1,1,P,3,E,J,4,6,C,3,T,N,1,0,0,0,000000000,00000000000,0,0,0,1,0,0,0,0,0,0,0,998,0,0,0,6,4,3,12,0,0,0,1,48,78368,6,1,0,0,3,0,999,999,0,0,0,0,0,0,0,0,0,0,0,0,0,0,2,2,75,1,1,8,1,0,0,1,53,99,1,1,25,1,0
48,480382,2,2,1,23,1,20,43,12,1,1,0,48,1,49,482,49482,31,2012,5TFRM5F14CX0,5,T,F,R,M,5,F,1,4,C,X,0,0,0,0,000000000,00000000000,0,0,0,1,0,0,0,0,0,0,0,998,0,0,0,12,4,5,12,0,0,0,1,48,78064,6,1,0,0,3,0,999,999,1,0,0,0,0,2,2011,2,2011,3,0,0,0,0,2,2,75,1,1,8,1,0,0,1,51,99,1,1,24,0,0
48,480383,1,1,1,7,2,4,5,30,0,1,0,48,2,2,404,2404,14,1998,1J4FX58SXWC3,1,J,4,F,X,5,8,S,X,W,C,3,0,0,0,000000000,00000000000,0,0,0,1,0,0,0,0,0,0,0,998,0,0,0,5,4,3,30,0,0,0,1,48,77489,0,0,0,0,0,0,999,999,0,0,0,0,0,0,0,0,0,4,0,0,0,0,1,2,30,1,1,8,1,40,3,1,12,6,1,4,6,1,1
48,480384,1,1,1,12,2,5,26,1,0,1,0,48,3,84,881,84881,66,2007,1HSMKAANX7H3,1,H,S,M,K,A,A,N,X,7,H,3,1,1,57,115479,57115479,3,6,1,1,0,0,0,0,0,0,0,998,0,2,5,0,6,2,1,0,0,0,1,48,78653,6,1,6,0,3,0,999,999,1,0,0,0,6,2,2011,1,2013,0,58,77,0,0,2,2,70,3,1,8,1,0,0,1,13,6,1,4,1,1,0
48,480385,1,2,1,14,2,19,18,12,1,1,0,48,2,37,32,37032,4,1990,JHMCB7650LC0,J,H,M,C,B,7,6,5,0,L,C,0,0,0,0,000000000,00000000000,0,0,0,1,0,0,0,0,0,0,0,998,0,0,0,12,6,2,12,0,0,0,1,48,76106,1,1,0,0,2,0,999,999,0,1,0,0,1,1,2012,2,2012,5,0,0,0,0,3,5,98,1,2,8,1,3,3,1,50,99,1,1,20,1,1
48,480385,2,2,1,14,2,19,18,12,1,1,0,48,3,20,880,20880,67,2005,1GBE5C1255F5,1,G,B,E,5,C,1,2,5,5,F,5,0,0,99,999999999,99999999999,2,1,97,1,0,0,0,0,0,0,0,0,0,0,0,6,8,5,12,0,0,0,1,48,76106,6,1,0,0,3,0,999,999,0,8,0,0,1,12,2012,6,2013,0,0,0,0,0,3,5,98,1,2,8,1,3,3,5,53,1,1,1,21,0,0
48,480386,1,1,6,16,2,17,50,1,0,1,0,48,1,20,431,20431,16,2000,3GNEC16T7YG2,3,G,N,E,C,1,6,T,7,Y,G,2,0,0,0,000000000,00000000000,0,0,0,1,0,0,0,0,0,0,0,998,0,2,1,0,6,2,1,0,0,0,1,48,78242,1,1,0,0,2,0,999,999,0,1,0,0,0,8,2011,8,2011,5,91,0,0,0,4,2,45,1,2,8,1,0,0,1,12,99,1,6,98,2,1
48,480387,1,1,1,17,2,17,1,8,0,1,0,48,1,7,482,7482,31,2013,3C63RRJL0DG5,3,C,6,3,R,R,J,L,0,D,G,5,0,0,0,000000000,00000000000,0,0,0,1,0,0,0,0,0,0,0,998,0,0,0,12,0,5,8,0,0,0,1,48,77803,6,1,6,0,3,0,999,999,0,0,0,2,1,7,2011,9,2012,0,0,0,0,0,5,5,40,1,1,8,1,0,0,1,80,99,1,1,13,0,0