STATE,ST_CASE,VEH_NO,VE_FORMS,NUMOCCS,DAY,MONTH,HOUR,MINUTE,HARM_EV,MAN_COLL,UNITTYPE,HIT_RUN,REG_STAT,OWNER,MAKE,MODEL,MAK_MOD,BODY_TYP,MOD_YEAR,VIN,VIN_1,VIN_2,VIN_3,VIN_4,VIN_5,VIN_6,VIN_7,VIN_8,VIN_9,VIN_10,VIN_11,VIN_12,TOW_VEH,J_KNIFE,MCARR_I1,MCARR_I2,MCARR_ID,GVWR,V_CONFIG,CARGO_BT,HAZ_INV,HAZ_PLAC,HAZ_ID,HAZ_CNO,HAZ_REL,BUS_USE,SPEC_USE,EMER_USE,TRAV_SP,UNDERIDE,ROLLOVER,ROLINLOC,IMPACT1,DEFORMED,TOWED,M_HARM,VEH_SC1,VEH_SC2,FIRE_EXP,DR_PRES,L_STATE,DR_ZIP,L_STATUS,L_TYPE,CDL_STAT,L_ENDORS,L_COMPL,L_RESTRI,DR_HGT,DR_WGT,PREV_ACC,PREV_SUS,PREV_DWI,PREV_SPD,PREV_OTH,FIRST_MO,FIRST_YR,LAST_MO,LAST_YR,SPEEDREL,DR_SF1,DR_SF2,DR_SF3,DR_SF4,VTRAFWAY,VNUM_LAN,VSPD_LIM,VALIGN,VPROFILE,VPAVETYP,VSURCOND,VTRAFCON,VTCONT_F,P_CRASH1,P_CRASH2,P_CRASH3,PCRASH4,PCRASH5,ACC_TYPE,DEATHS,DR_DRINK
48,480388,1,1,5,22,2,18,53,8,0,1,0,48,2,35,49,35049,6,2006,JN8AZ08W06W5,J,N,8,A,Z,0,8,W,0,6,W,5,0,0,0,000000000,00000000000,0,0,0,1,0,0,0,0,0,0,0,998,0,0,0,12,2,3,8,0,0,0,1,48,75901,6,7,0,0,3,3,999,999,0,0,0,0,0,0,0,0,0,0,23,0,0,0,1,5,40,1,1,8,1,2,3,1,80,1,1,1,13,0,0
48,480389,1,2,1,22,2,6,3,12,2,1,0,48,3,84,882,84882,66,2005,3HSCEAPR35N0,3,H,S,C,E,A,P,R,3,5,N,0,1,1,57,1952907,571952907,3,6,4,1,0,0,0,0,0,0,0,998,0,0,0,12,4,3,12,0,0,0,1,48,78541,6,1,6,0,3,0,999,999,0,2,0,0,0,2,2012,7,2012,0,51,0,0,0,1,2,65,1,1,8,1,0,0,1,54,99,1,1,52,0,0
48,480389,2,2,3,22,2,6,3,12,2,1,0,48,1,20,481,20481,31,2003,1GCEC14V43Z3,1,G,C,E,C,1,4,V,4,3,Z,3,0,0,0,000000000,00000000000,0,0,0,1,0,0,0,0,0,0,0,998,0,0,0,12,6,2,2,0,0,1,1,48,78557,6,1,6,0,3,0,999,999,0,0,0,0,1,3,2012,3,2012,0,0,0,0,0,1,2,65,1,1,8,1,0,0,1,54,99,1,1,52,3,0
48,480390,1,2,1,23,2,1,27,8,0,1,0,48,2,42,44,42044,2,2004,WDBSK75F14F0,W,D,B,S,K,7,5,F,1,4,F,0,0,0,0,000000000,00000000000,0,0,0,1,0,0,0,0,0,0,0,998,0,0,0,12,2,5,8,0,0,0,1,48,77021,6,1,0,0,3,0,999,999,0,0,0,0,0,0,0,0,0,0,0,0,0,0,5,7,40,1,1,8,2,0,0,1,80,99,1,1,13,0,0
48,480390,2,2,1,23,2,1,27,8,0,1,1,99,9,41,999,41999,49,9999,999999999999,9,9,9,9,9,9,9,9,9,9,9,9,0,0,0,000000000,00000000000,0,0,0,1,0,0,0,0,0,0,0,998,0,0,0,99,9,5,8,0,0,0,1,99,99999,9,9,99,0,9,9,999,999,99,99,99,99,99,99,9999,99,9999,0,0,0,0,0,5,7,40,1,1,8,2,0,0,1,80,99,9,1,98,0,0
48,480391,1,2,1,25,2,6,45,12,2,1,0,48,3,6,18,6018,4,2013,1C3CCBBG4DN7,1,C,3,C,C,B,B,G,4,D,N,7,0,0,0,000000000,00000000000,0,0,0,1,0,0,0,0,0,0,0,998,0,0,0,12,6,2,12,0,0,0,1,1,36618,6,1,0,0,3,0,61,87,0,1,0,0,0,8,2012,8,2012,0,0,0,0,0,1,3,75,1,2,8,1,0,0,1,62,99,1,1,51,1,0
48,480391,2,2,1,25,2,6,45,12,2,1,0,48,1,7,43,7043,4,2004,1B3EL36X84N3,1,B,3,E,L,3,6,X,8,4,N,3,0,0,0,000000000,00000000000,0,0,0,1,0,0,0,0,0,0,0,998,0,0,0,12,6,2,12,0,0,0,1,48,79065,6,1,0,0,3,0,999,999,0,0,0,0,0,0,0,0,0,3,51,0,0,0,1,3,75,1,2,8,1,0,0,1,10,99,1,2,50,1,0
48,480392,1,1,99,26,2,23,20,8,0,1,1,99,9,99,999,99999,99,9999,999999999999,9,9,9,9,9,9,9,9,9,9,9,9,0,0,0,000000000,00000000000,0,0,0,1,0,0,0,0,0,0,0,998,0,0,0,99,9,5,8,0,0,0,1,99,99999,9,9,99,9,9,9,999,999,99,99,99,99,99,99,9999,99,9999,0,0,0,0,0,3,4,60,1,2,1,1,0,0,1,80,99,1,1,13,0,0
48,480393,1,1,2,27,2,1,28,30,0,1,0,48,1,12,481,12481,31,2007,1FTRW12WX7KC,1,F,T,R,W,1,2,W,X,7,K,C,0,0,0,000000000,00000000000,0,0,0,1,0,0,0,0,0,0,0,998,0,0,0,9,6,2,30,0,0,0,1,48,78114,6,1,0,0,3,3,999,999,2,0,0,0,0,1,2012,1,2012,5,99,99,99,99,2,3,65,1,1,8,1,0,0,1,12,7,9,4,1,1,0
48,480394,1,2,2,27,2,7,11,12,1,1,0,48,3,86,890,86890,66,2006,1M2AG11Y56M0,1,M,2,A,G,1,1,Y,5,6,M,0,1,1,57,1935441,571935441,3,6,2,1,0,0,0,0,0,0,0,998,0,0,0,6,2,5,12,0,0,0,1,48,78942,6,1,6,1,3,0,999,999,0,2,0,1,0,10,2011,4,2013,0,0,0,0,0,2,2,70,1,1,8,1,0,0,2,53,99,1,1,31,0,0
48,480394,2,2,1,27,2,7,11,12,1,1,0,5,1,20,2,20002,4,2011,2G1WG5EK4B12,2,G,1,W,G,5,E,K,4,B,1,2,0,0,0,000000000,00000000000,0,0,0,1,0,0,0,0,0,0,0,998,0,0,0,12,6,2,12,0,0,0,1,48,78942,6,1,0,0,3,0,999,999,0,0,0,0,0,0,0,0,0,5,0,0,0,0,2,2,70,1,1,8,1,0,0,1,52,99,1,1,28,1,0
48,480395,1,1,1,30,1,23,27,8,0,1,0,48,1,20,404,20404,14,2013,1GNALBEK8DZ1,1,G,N,A,L,B,E,K,8,D,Z,1,0,0,0,000000000,00000000000,0,0,0,1,0,0,0,0,0,0,0,998,0,0,0,12,2,5,8,0,0,0,1,48,79764,6,1,0,0,3,3,999,999,0,0,0,1,0,6,2013,6,2013,0,0,0,0,0,1,8,45,1,1,8,1,3,3,1,80,1,1,1,13,0,0
48,480397,1,2,2,7,2,2,15,12,2,1,0,48,2,20,9,20009,2,2013,2G1FA1E30D92,2,G,1,F,A,1,E,3,0,D,9,2,0,0,0,000000000,00000000000,0,0,0,1,0,0,0,0,0,0,0,86,0,0,0,12,6,2,12,0,0,0,1,48,77449,1,1,0,0,2,0,999,999,0,7,0,0,1,8,2012,12,2013,3,91,0,0,0,5,7,40,1,1,8,1,0,0,1,62,99,1,1,69,1,1
48,480397,2,2,1,7,2,2,15,12,2,1,0,48,3,30,42,30042,5,2013,WVWPF7AJ5DW1,W,V,W,P,F,7,A,J,5,D,W,1,0,0,0,000000000,00000000000,0,0,0,1,0,0,0,0,0,0,0,998,0,0,0,12,6,2,12,0,0,0,1,48,77095,6,1,0,0,3,0,999,999,0,0,0,0,0,0,0,0,0,0,38,0,0,0,5,7,40,1,1,8,1,0,0,11,15,99,1,1,68,1,1
48,480398,1,1,6,1,1,1,40,1,0,1,0,48,2,12,401,12401,14,2003,1FMZU62K83ZB,1,F,M,Z,U,6,2,K,8,3,Z,B,0,0,0,000000000,00000000000,0,0,0,1,0,0,0,0,0,0,0,998,0,2,1,0,6,2,1,0,0,0,1,48,78401,0,0,0,0,0,0,999,999,0,0,0,0,0,0,0,0,0,0,28,0,0,0,3,3,65,1,1,8,2,0,0,1,9,99,1,1,98,1,1
48,480399,1,1,2,14,2,18,36,8,0,1,0,48,1,20,481,20481,31,2011,3GCPCSE07BG2,3,G,C,P,C,S,E,0,7,B,G,2,0,0,0,000000000,00000000000,0,0,0,1,0,0,0,0,0,0,0,998,0,0,0,12,4,3,8,0,0,0,1,48,78516,6,1,6,0,3,0,999,999,1,2,0,0,0,3,2011,10,2011,0,0,0,0,0,3,3,60,1,1,8,1,0,0,1,80,99,1,1,13,0,0
48,480400,1,2,1,16,2,1,30,12,2,1,0,48,1,7,482,7482,31,2012,3C63DRGL4CG2,3,C,6,3,D,R,G,L,4,C,G,2,0,0,0,000000000,00000000000,0,0,0,1,0,0,0,0,0,0,0,998,0,0,0,12,6,2,12,0,0,0,1,48,78389,1,1,0,0,2,0,999,999,1,1,0,0,0,10,2011,10,2013,0,51,91,0,0,1,2,70,2,1,8,1,0,0,14,10,99,1,2,50,0,1
48,480400,2,2,1,16,2,1,30,12,2,1,0,48,1,53,403,53403,14,1996,JS3LA11S8T41,J,S,3,L,A,1,1,S,8,T,4,1,0,0,0,000000000,00000000000,0,0,0,1,0,0,0,0,0,0,0,998,0,0,0,12,6,2,12,0,0,0,1,48,78383,6,1,0,0,3,0,999,999,0,0,0,0,0,0,0,0,0,0,0,0,0,0,1,2,70,3,1,8,1,0,0,14,62,99,1,1,51,1,0
48,480401,1,1,2,18,2,11,22,52,0,1,0,48,0,12,17,12017,4,2005,1FAFP53U85A2,1,F,A,F,P,5,3,U,8,5,A,2,0,0,0,000000000,00000000000,0,0,0,1,0,0,0,0,0,0,0,998,0,0,0,4,4,3,52,0,0,0,1,48,77365,6,1,0,0,3,3,999,999,0,0,0,0,0,0,0,0,0,4,0,0,0,0,1,2,45,3,2,8,1,0,0,14,6,99,4,4,7,1,0
48,480402,1,2,2,19,2,20,20,12,1,1,0,48,1,7,482,7482,31,2007,1D7KS28A07J5,1,D,7,K,S,2,8,A,0,7,J,5,0,0,0,000000000,00000000000,0,0,0,1,0,0,0,0,0,0,0,0,0,0,0,6,6,2,12,0,0,0,1,48,79382,6,1,0,0,3,0,999,999,0,1,0,0,0,8,2011,8,2011,0,0,0,0,0,1,2,75,1,1,8,1,0,0,5,53,1,1,1,22,1,0
48,480402,2,2,1,19,2,20,20,12,1,1,0,48,2,2,403,2403,14,2007,1J4GR48K95C6,1,J,4,G,R,4,8,K,9,5,C,6,0,0,0,000000000,00000000000,0,0,0,1,0,0,0,0,0,0,0,998,0,0,0,12,6,2,12,0,0,0,1,48,79336,6,2,0,0,3,0,999,999,0,0,0,0,0,0,0,0,0,5,0,0,0,0,1,2,75,1,1,8,1,0,0,1,50,99,1,1,20,0,0
48,480403,1,1,1,19,2,18,34,9,0,1,0,48,3,12,481,12481,31,2013,1FTFX1EFXDFD,1,F,T,F,X,1,E,F,X,D,F,D,1,1,0,000000000,00000000000,0,0,0,1,0,0,0,0,0,0,0,998,0,0,0,12,2,5,9,0,0,0,1,48,79765,6,1,6,0,3,0,999,999,0,0,0,1,0,12,2012,12,2012,0,0,0,0,0,1,2,40,1,1,8,1,0,0,1,80,99,1,1,13,0,0
48,480404,1,2,1,20,2,8,16,12,6,1,0,48,2,49,32,49032,4,1989,JT2AE94F2K00,J,T,2,A,E,9,4,F,2,K,0,0,0,0,0,000000000,00000000000,0,0,0,1,0,0,0,0,0,0,0,998,0,0,0,3,4,3,12,0,0,0,1,48,78214,1,1,0,0,2,0,999,999,0,2,0,0,0,4,2012,4,2012,0,38,0,0,0,5,7,50,1,2,8,1,0,0,11,15,1,1,1,68,0,0
48,480404,2,2,1,20,2,8,16,12,6,1,0,48,2,73,709,73709,80,2000,JKBVNCA10YB5,J,K,B,V,N,C,A,1,0,Y,B,5,0,0,0,000000000,00000000000,0,0,0,1,0,0,0,0,0,0,0,998,0,0,0,12,4,3,12,0,0,0,1,48,78244,6,1,6,0,3,3,999,999,0,0,0,0,0,0,0,0,0,0,0,0,0,0,5,7,50,1,2,8,1,0,0,1,62,1,1,1,69,1,0
48,480405,1,2,2,20,2,17,6,12,6,1,0,48,1,20,2,20002,4,2011,2G1WH52K9593,2,G,1,W,H,5,2,K,9,5,9,3,0,0,0,000000000,00000000000,0,0,0,1,0,0,0,0,0,0,0,998,0,0,0,5,8,2,12,0,0,0,1,48,78629,6,1,0,0,3,0,999,999,0,0,0,0,0,0,0,0,0,0,38,0,0,0,5,5,35,1,1,8,1,3,3,11,15,99,1,1,68,1,0
48,480405,2,2,1,20,2,17,6,12,6,1,0,48,1,35,49,35049,6,2005,JN8AZ08T35W3,J,N,8,A,Z,0,8,T,3,5,W,3,0,0,0,000000000,00000000000,0,0,0,1,0,0,0,0,0,0,0,998,0,0,0,12,6,2,12,0,0,0,1,48,78632,6,1,0,0,3,0,999,999,0,0,0,0,0,0,0,0,0,0,0,0,0,0,5,5,35,1,1,8,1,3,3,1,62,99,1,1,69,0,0
48,480406,1,1,99,21,2,19,50,8,0,1,1,99,9,12,32,12032,9,9999,999999999999,9,9,9,9,9,9,9,9,9,9,9,9,0,0,0,000000000,00000000000,0,0,0,1,0,0,0,0,0,0,0,998,0,0,0,12,9,5,8,0,0,0,1,99,99999,9,9,99,0,9,9,999,999,99,99,99,99,99,99,9999,99,9999,0,0,0,0,0,2,2,75,1,1,8,1,0,0,1,80,99,1,1,13,0,0
48,480407,1,1,1,21,2,21,39,1,0,1,0,48,2,6,51,6051,4,2006,2C3LK63H96H3,2,C,3,L,K,6,3,H,9,6,H,3,0,0,0,000000000,00000000000,0,0,0,1,0,0,0,0,0,0,0,998,0,9,5,0,6,2,1,0,0,0,1,48,77417,6,1,0,0,3,3,999,999,0,1,0,2,0,12,2011,3,2013,4,0,0,0,0,2,2,50,1,1,8,1,0,0,1,13,99,1,4,1,1,0
48,480408,1,2,1,21,2,22,20,12,1,1,0,93,3,82,898,82898,66,1997,2FUYDZYB8VA6,2,F,U,Y,D,Z,Y,B,8,V,A,6,1,1,57,1697339,571697339,3,6,3,1,0,0,0,0,0,0,0,0,0,0,0,6,4,3,12,0,0,0,1,29,65712,6,1,6,0,3,0,71,315,0,0,0,1,0,12,2011,12,2011,0,0,0,0,0,1,2,60,1,1,8,1,3,3,5,53,1,1,1,21,0,0
48,480408,2,2,1,21,2,22,20,12,1,1,0,6,3,51,898,51898,66,2010,4V4NC9TH8AN2,4,V,4,N,C,9,T,H,8,A,N,2,1,1,57,1974607,571974607,3,6,1,1,0,0,0,0,0,0,0,998,0,0,0,12,6,2,12,0,0,0,1,6,93305,6,1,6,0,3,0,67,172,0,0,0,1,4,4,2012,1,2014,0,0,0,0,0,1,2,60,1,1,8,1,3,3,1,50,99,1,1,20,1,0
48,480409,1,1,1,21,2,5,30,8,0,1,0,48,1,35,51,35051,6,2011,JN8AS5MV7BW2,J,N,8,A,S,5,M,V,7,B,W,2,0,0,0,000000000,00000000000,0,0,0,1,0,0,0,0,0,0,0,998,0,0,0,12,4,3,8,0,0,0,1,48,77381,6,1,0,0,3,3,999,999,0,0,0,1,0,1,2013,1,2013,0,0,0,0,0,3,5,65,1,1,8,1,0,0,1,80,99,1,1,13,0,0
48,480410,1,2,1,21,2,16,0,12,6,1,0,48,2,12,23,12023,4,2007,3FAHP07Z47R2,3,F,A,H,P,0,7,Z,4,7,R,2,0,0,0,000000000,00000000000,0,0,0,1,0,0,0,0,0,0,0,998,0,0,0,3,6,2,12,0,0,0,1,48,78582,6,1,0,0,3,0,999,999,0,0,0,0,0,0,0,0,0,0,0,0,0,0,2,2,60,1,1,8,1,0,0,1,9,99,4,4,66,1,0
48,480410,2,2,3,21,2,16,0,12,6,1,0,48,1,20,481,20481,31,2006,2GCEC13T0611,2,G,C,E,C,1,3,T,0,6,1,1,0,0,0,000000000,00000000000,0,0,0,1,0,0,0,0,0,0,0,998,0,0,0,12,4,3,12,0,0,0,1,48,78584,6,1,0,0,3,0,999,999,0,0,0,1,0,12,2012,12,2012,0,0,0,0,0,2,2,60,1,1,8,1,0,0,1,64,99,1,1,66,0,0
48,480411,1,1,1,22,2,16,54,14,0,1,0,48,1,20,481,20481,31,2007,2GCEC13VX711,2,G,C,E,C,1,3,V,X,7,1,1,0,0,0,000000000,00000000000,0,0,0,1,0,0,0,0,0,0,0,998,0,0,0,12,4,3,14,0,0,0,1,48,77566,6,1,0,0,3,0,999,999,1,0,0,0,0,9,2012,9,2012,5,0,0,0,0,3,2,60,1,1,8,1,0,0,1,11,99,1,4,11,0,0
48,480412,1,1,2,22,2,1,20,33,0,1,0,48,1,24,5,24005,4,2005,1G8JD54R35Y5,1,G,8,J,D,5,4,R,3,5,Y,5,0,0,0,000000000,00000000000,0,0,0,1,0,0,0,0,0,0,0,998,0,0,0,1,6,2,42,0,0,0,1,48,75203,6,1,0,0,3,3,999,999,1,1,0,0,0,5,2011,10,2011,3,0,0,0,0,1,2,35,1,1,8,1,0,0,1,90,7,2,4,3,1,1
48,480413,1,1,2,23,2,15,30,1,0,1,0,48,1,72,706,72706,80,2006,1HD1BWB136Y0,1,H,D,1,B,W,B,1,3,6,Y,0,0,0,0,000000000,00000000000,0,0,0,1,0,0,0,0,0,0,0,998,0,0,0,0,8,3,1,0,0,0,1,48,77568,6,1,0,0,3,3,69,338,0,0,0,0,0,0,0,0,0,0,84,0,0,0,1,2,50,2,1,8,1,0,0,14,50,9,2,1,98,1,0
48,480414,1,2,1,23,2,17,19,12,6,1,0,48,1,63,441,63441,20,2005,KNDUP1328567,K,N,D,U,P,1,3,2,8,5,6,7,0,0,0,000000000,00000000000,0,0,0,1,0,0,0,0,0,0,0,998,0,1,9,9,4,3,12,0,0,0,1,48,75116,6,1,0,0,3,3,63,160,0,0,0,0,0,0,0,0,0,0,38,0,0,0,1,2,98,8,8,8,98,20,3,4,17,99,1,1,89,1,0
48,480414,2,2,3,23,2,17,19,12,6,1,0,48,0,3,421,3421,15,2003,5GRGN23U23H1,5,G,R,G,N,2,3,U,2,3,H,1,0,0,0,000000000,00000000000,0,0,0,1,0,0,0,0,0,0,0,44,0,0,0,12,2,3,12,0,0,0,1,48,75137,1,1,0,0,2,0,999,999,1,10,0,0,0,4,2011,8,2013,3,0,0,0,0,2,2,30,1,1,8,1,0,0,1,66,6,1,2,88,0,0
48,480415,1,1,2,23,2,12,50,43,0,1,0,48,3,20,481,20481,31,1999,1GCGC23R9XF0,1,G,C,G,C,2,3,R,9,X,F,0,1,1,0,000000000,00000000000,0,0,0,1,0,0,0,0,0,0,0,998,0,1,1,98,4,3,1,0,0,0,1,48,79529,0,0,0,0,0,0,999,999,0,0,0,0,0,0,0,0,0,0,58,0,0,0,1,2,70,1,1,8,1,0,0,1,13,6,3,4,7,1,1
48,480416,1,1,3,23,2,5,59,33,0,1,0,48,2,12,3,12003,2,2002,1FAFP40422F1,1,F,A,F,P,4,0,4,2,2,F,1,0,0,0,000000000,00000000000,0,0,0,1,0,0,0,0,0,0,0,74,0,0,0,98,4,3,30,0,0,0,1,48,78644,6,1,0,0,3,0,999,999,0,1,0,5,0,10,2012,2,2013,0,83,91,0,0,4,2,55,2,1,8,1,0,0,14,87,99,2,4,2,1,1
48,480417,1,1,1,23,2,5,47,42,0,1,0,48,2,49,32,49032,4,2013,5YFBU4EE4DP1,5,Y,F,B,U,4,E,E,4,D,P,1,0,0,0,000000000,00000000000,0,0,0,1,0,0,0,0,0,0,0,998,0,0,0,12,4,3,42,0,0,0,1,48,78387,6,1,6,0,3,3,999,999,2,0,0,1,1,3,2011,7,2013,5,58,0,0,0,2,2,75,1,1,8,2,0,0,1,10,7,3,4,2,1,0
48,480418,1,1,2,23,2,17,51,42,0,1,0,48,1,12,3,12003,2,2001,1FAFP40441F1,1,F,A,F,P,4,0,4,4,1,F,1,0,0,0,000000000,00000000000,0,0,0,1,0,0,0,0,0,0,0,998,0,0,0,9,6,2,42,0,0,0,1,48,77334,6,1,0,0,3,0,999,999,0,0,0,2,0,7,2013,10,2013,4,0,0,0,0,1,2,60,2,1,8,1,0,0,14,6,99,3,4,2,2,1
48,480419,1,1,1,24,2,20,45,1,0,1,0,48,0,98,706,98706,80,2006,5L5SZ166X610,5,L,5,S,Z,1,6,6,X,6,1,0,0,0,0,000000000,00000000000,0,0,0,1,0,0,0,0,0,0,0,998,0,0,0,0,8,3,1,0,0,0,1,48,77520,6,1,6,0,3,3,999,999,0,0,0,0,0,0,0,0,0,0,0,0,0,0,1,2,55,1,1,8,1,0,0,1,13,99,1,4,1,1,1
48,480420,1,2,2,24,2,7,23,12,8,1,0,20,3,20,481,20481,31,2006,1GCJC33U56F1,1,G,C,J,C,3,3,U,5,6,F,1,0,0,0,000000000,00000000000,0,0,0,1,0,0,0,0,0,0,0,998,0,0,0,61,6,2,12,0,0,1,1,48,79373,6,1,0,0,3,3,999,999,0,6,0,0,0,3,2011,3,2013,0,28,51,0,0,1,2,70,1,1,8,1,0,0,1,10,99,1,2,64,2,1
48,480420,2,2,1,24,2,7,23,12,8,1,0,93,3,85,881,85881,66,2012,1XKDP4TX3CJ3,1,X,K,D,P,4,T,X,3,C,J,3,1,1,57,1973508,571973508,3,6,3,1,0,0,0,0,0,0,0,998,0,0,0,61,4,3,12,0,0,0,1,48,75757,6,1,6,0,3,3,999,999,0,0,0,0,0,0,0,0,0,0,0,0,0,0,1,2,70,1,1,8,1,0,0,1,62,7,1,1,65,0,0
48,480421,1,1,2,24,2,3,17,33,0,1,0,48,2,12,481,12481,31,2004,1FTRW12W54KC,1,F,T,R,W,1,2,W,5,4,K,C,0,0,0,000000000,00000000000,0,0,0,1,0,0,0,0,0,0,0,71,0,1,3,99,4,3,1,0,0,0,1,48,75220,0,0,0,0,0,0,60,121,0,0,0,0,0,0,0,0,0,3,0,0,0,0,4,3,35,1,3,8,1,0,0,1,12,99,4,4,7,2,1
48,480422,1,1,1,24,2,23,45,59,0,1,0,48,3,59,35,59035,4,2014,JTHBF1D23E50,J,T,H,B,F,1,D,2,3,E,5,0,0,0,0,000000000,00000000000,0,0,0,1,0,0,0,0,0,0,0,50,0,0,0,11,6,2,59,0,0,0,1,48,75081,6,1,0,0,3,0,60,96,0,1,0,0,3,10,2011,7,2013,5,0,0,0,0,4,5,45,1,1,8,1,0,0,1,12,99,1,4,6,1,0
48,480423,1,2,1,24,2,20,46,12,2,1,0,35,1,34,401,34401,14,2011,5UXWX7C5XBL7,5,U,X,W,X,7,C,5,X,B,L,7,0,0,0,000000000,00000000000,0,0,0,1,0,0,0,0,0,0,0,998,0,9,3,12,6,2,12,0,0,0,1,35,88023,6,1,0,0,3,0,70,135,98,0,0,1,0,7,2013,7,2013,0,50,0,0,0,3,2,75,1,1,8,1,0,0,1,54,99,1,1,52,1,1
48,480423,2,2,1,24,2,20,46,12,2,1,0,35,1,49,442,49442,20,2005,5TDZA23C45S2,5,T,D,Z,A,2,3,C,4,5,S,2,0,0,0,000000000,00000000000,0,0,0,1,0,0,0,0,0,0,0,998,0,0,0,12,6,2,12,0,0,0,1,35,88001,6,1,0,0,3,0,73,330,98,0,0,0,0,0,0,0,0,0,0,0,0,0,3,2,75,1,1,8,1,0,0,1,54,99,1,1,52,1,0
48,480424,1,2,1,24,2,5,22,12,1,1,0,48,1,7,482,7482,31,2003,1D7HA16D13J6,1,D,7,H,A,1,6,D,1,3,J,6,0,0,0,000000000,00000000000,0,0,0,1,0,0,0,0,0,0,0,998,0,0,0,6,6,2,12,0,0,0,1,48,79521,6,1,0,0,3,0,999,999,0,0,0,0,0,0,0,0,0,0,0,0,0,0,1,2,75,1,1,8,1,0,0,1,53,99,1,1,25,1,0
48,480424,2,2,1,24,2,5,22,12,1,1,0,48,1,20,481,20481,31,2012,1GC4K1C88CF1,1,G,C,4,K,1,C,8,8,C,F,1,0,0,0,000000000,00000000000,0,0,0,1,0,0,0,0,0,0,0,998,0,0,0,12,6,2,12,0,0,0,1,48,76210,6,1,6,0,3,0,999,999,4,0,0,3,1,6,2011,12,2013,5,91,0,0,0,1,2,75,1,1,8,1,0,0,1,51,99,1,1,24,0,0
48,480425,1,1,1,24,2,19,35,8,0,1,0,48,1,20,22,20022,4,2009,1G1AT58H6971,1,G,1,A,T,5,8,H,6,9,7,1,0,0,0,000000000,00000000000,0,0,0,1,0,0,0,0,0,0,0,998,0,0,0,12,2,3,8,0,0,0,1,48,78574,6,1,0,0,3,3,999,999,1,0,0,0,0,11,2011,11,2011,0,39,0,0,0,5,5,55,1,1,8,1,8,3,1,80,99,1,1,13,0,0
48,480426,1,2,2,25,2,6,15,12,1,1,0,48,1,35,47,35047,2,2008,1N4BL24E38C1,1,N,4,B,L,2,4,E,3,8,C,1,0,0,0,000000000,00000000000,0,0,0,1,0,0,0,0,0,0,0,998,0,0,0,12,6,2,12,0,0,0,1,48,77494,6,1,0,0,3,3,999,999,2,0,0,1,0,5,2011,12,2012,4,0,0,0,0,1,2,30,1,1,8,1,0,0,1,50,1,1,1,32,1,0
48,480426,2,2,0,25,2,6,15,12,1,1,0,48,6,84,884,84884,63,1999,1HTHCAHR0XH6,1,H,T,H,C,A,H,R,0,X,H,6,0,0,57,881482,57881482,3,2,3,1,0,0,0,0,0,0,0,0,0,0,0,6,4,3,12,0,0,0,0,0,99997,7,6,97,7,6,7,998,997,998,998,998,998,998,98,9998,98,9998,8,20,0,0,0,1,2,30,1,1,8,1,0,0,0,53,0,0,0,32,0,0
48,480428,1,1,1,25,2,4,12,33,0,1,0,48,0,72,706,72706,80,1999,1HD1CGP14XK1,1,H,D,1,C,G,P,1,4,X,K,1,0,0,0,000000000,00000000000,0,0,0,1,0,0,0,0,0,0,0,998,0,0,0,98,4,3,33,0,0,0,1,48,78210,1,1,0,0,2,0,999,999,0,2,0,0,0,7,2011,7,2012,5,0,0,0,0,4,1,45,3,1,8,1,0,0,1,13,99,1,4,1,1,1
48,480429,1,1,1,25,2,21,29,1,0,1,0,48,2,35,481,35481,31,2007,1N6AA07A47N2,1,N,6,A,A,0,7,A,4,7,N,2,0,0,0,000000000,00000000000,0,0,0,1,0,0,0,0,0,0,0,998,0,9,5,0,4,3,1,0,0,0,1,48,79323,0,0,0,0,0,0,999,999,0,0,0,0,0,0,0,0,0,0,58,0,0,0,1,2,75,1,1,8,1,0,0,1,13,6,4,4,7,1,1
48,480430,1,1,1,26,2,6,41,3,0,1,0,48,1,35,47,35047,4,2013,1N4AL3AP7DN4,1,N,4,A,L,3,A,P,7,D,N,4,0,0,0,000000000,00000000000,0,0,0,1,0,0,0,0,0,0,0,998,0,0,0,0,4,3,3,0,0,0,1,48,77531,1,1,0,0,2,0,999,999,0,1,0,2,0,2,2013,1,2014,0,0,0,0,0,1,2,60,1,2,8,2,0,0,1,98,99,1,4,0,1,0
48,480431,1,1,1,26,2,18,50,35,0,1,0,48,1,7,482,7482,31,2008,1D7HA18N78J2,1,D,7,H,A,1,8,N,7,8,J,2,0,0,0,000000000,00000000000,0,0,0,1,0,0,0,0,0,0,0,998,0,1,5,99,6,2,42,0,0,0,1,48,75684,6,1,0,0,3,0,999,999,0,2,0,3,0,4,2011,3,2013,4,0,0,0,0,1,2,55,3,1,8,1,0,0,14,6,99,4,4,7,1,1
48,480432,1,2,2,27,2,10,35,12,6,1,0,48,1,7,402,7402,14,1999,1B4HR28Y7XF6,1,B,4,H,R,2,8,Y,7,X,F,6,0,0,0,000000000,00000000000,0,0,0,1,0,0,0,0,0,0,0,998,0,0,0,12,4,3,12,0,0,0,1,48,75227,0,0,0,0,0,0,999,999,0,1,0,0,0,9,2013,9,2013,0,39,0,0,0,2,4,45,1,1,8,1,3,3,1,17,4,1,1,69,0,0