STATE,ST_CASE,VEH_NO,VE_FORMS,NUMOCCS,DAY,MONTH,HOUR,MINUTE,HARM_EV,MAN_COLL,UNITTYPE,HIT_RUN,REG_STAT,OWNER,MAKE,MODEL,MAK_MOD,BODY_TYP,MOD_YEAR,VIN,VIN_1,VIN_2,VIN_3,VIN_4,VIN_5,VIN_6,VIN_7,VIN_8,VIN_9,VIN_10,VIN_11,VIN_12,TOW_VEH,J_KNIFE,MCARR_I1,MCARR_I2,MCARR_ID,GVWR,V_CONFIG,CARGO_BT,HAZ_INV,HAZ_PLAC,HAZ_ID,HAZ_CNO,HAZ_REL,BUS_USE,SPEC_USE,EMER_USE,TRAV_SP,UNDERIDE,ROLLOVER,ROLINLOC,IMPACT1,DEFORMED,TOWED,M_HARM,VEH_SC1,VEH_SC2,FIRE_EXP,DR_PRES,L_STATE,DR_ZIP,L_STATUS,L_TYPE,CDL_STAT,L_ENDORS,L_COMPL,L_RESTRI,DR_HGT,DR_WGT,PREV_ACC,PREV_SUS,PREV_DWI,PREV_SPD,PREV_OTH,FIRST_MO,FIRST_YR,LAST_MO,LAST_YR,SPEEDREL,DR_SF1,DR_SF2,DR_SF3,DR_SF4,VTRAFWAY,VNUM_LAN,VSPD_LIM,VALIGN,VPROFILE,VPAVETYP,VSURCOND,VTRAFCON,VTCONT_F,P_CRASH1,P_CRASH2,P_CRASH3,PCRASH4,PCRASH5,ACC_TYPE,DEATHS,DR_DRINK
48,480629,2,2,1,24,3,19,14,12,6,1,0,1,3,12,880,12880,67,1999,1FDWF36F4XEE,1,F,D,W,F,3,6,F,4,X,E,E,0,0,88,888888888,88888888888,2,1,97,1,0,0,0,0,0,0,0,998,0,0,0,12,4,3,12,0,0,0,1,1,36207,6,1,0,0,3,0,67,150,0,0,0,0,0,0,0,0,0,0,0,0,0,0,2,2,55,1,1,8,2,0,0,1,66,6,1,2,88,0,0
48,480630,1,2,2,24,3,21,30,12,6,1,0,48,1,22,441,22441,20,2002,1GMDX03E92D1,1,G,M,D,X,0,3,E,9,2,D,1,0,0,0,000000000,00000000000,0,0,0,1,0,0,0,0,0,0,0,998,0,0,0,61,6,2,12,0,0,0,1,48,76574,1,1,0,0,2,0,999,999,0,9,0,0,0,11,2011,2,2014,0,28,51,0,0,1,2,65,1,1,8,1,0,0,1,10,7,1,2,64,1,0
48,480630,2,2,1,24,3,21,30,12,6,1,0,48,1,7,482,7482,31,2003,1D7HA16K43J5,1,D,7,H,A,1,6,K,4,3,J,5,0,0,0,000000000,00000000000,0,0,0,1,0,0,0,0,0,0,0,998,0,0,0,12,4,3,12,0,0,0,1,48,78747,1,1,0,0,2,0,999,999,0,10,0,0,0,4,2011,3,2014,0,0,0,0,0,1,2,65,1,1,8,1,0,0,1,62,4,1,1,65,0,1
48,480631,1,1,1,25,3,22,18,33,0,1,0,48,1,34,705,34705,80,2001,WB10554A01ZA,W,B,1,0,5,5,4,A,0,1,Z,A,0,0,0,000000000,00000000000,0,0,0,1,0,0,0,0,0,0,0,998,0,0,0,98,8,3,33,0,0,0,1,48,78258,6,1,0,0,3,0,999,999,0,1,0,0,0,5,2012,5,2012,0,0,0,0,0,3,2,40,2,2,8,1,0,0,14,12,99,1,4,6,1,0
48,480632,1,1,2,25,3,19,25,42,0,1,0,48,1,63,32,63032,4,2013,KNADM4A39D62,K,N,A,D,M,4,A,3,9,D,6,2,0,0,0,000000000,00000000000,0,0,0,1,0,0,0,0,0,0,0,998,0,0,0,12,6,2,42,0,0,0,1,48,75766,6,1,0,0,3,3,999,999,0,0,0,0,1,3,2013,3,2013,3,0,0,0,0,1,2,30,3,2,8,1,0,0,14,9,99,1,4,6,1,0
48,480633,1,1,1,25,3,19,8,8,0,1,0,48,2,23,401,23401,14,2003,1GKDS13S1321,1,G,K,D,S,1,3,S,1,3,2,1,0,0,0,000000000,00000000000,0,0,0,1,0,0,0,0,0,0,0,998,0,0,0,12,2,5,8,0,0,0,1,48,75216,6,1,0,0,3,0,999,999,0,0,0,0,0,0,0,0,0,0,38,0,0,0,1,4,98,8,8,8,98,3,3,11,80,1,1,1,13,0,0
48,480634,1,1,3,25,3,9,32,42,0,1,0,48,1,23,431,23431,16,1999,1GDEC16R1XJ7,1,G,D,E,C,1,6,R,1,X,J,7,0,0,0,000000000,00000000000,0,0,0,1,0,0,0,0,0,0,0,998,0,1,5,3,6,2,42,0,0,0,1,48,77833,1,1,0,0,2,0,999,999,0,6,0,0,1,12,2011,9,2013,0,0,0,0,0,1,2,65,1,2,8,1,0,0,1,13,99,1,4,1,1,0
48,480635,1,2,3,26,3,12,25,12,2,1,0,48,2,7,422,7422,15,2014,1C4RDHAG8EC3,1,C,4,R,D,H,A,G,8,E,C,3,0,0,0,000000000,00000000000,0,0,0,1,0,0,0,0,0,0,0,998,0,0,0,12,6,2,12,0,0,0,1,48,78102,6,1,0,0,3,3,999,999,1,0,0,0,0,11,2012,11,2012,0,28,51,0,0,1,2,75,2,1,8,1,0,0,14,10,99,1,2,50,0,0
48,480635,2,2,1,26,3,12,25,12,2,1,0,48,2,12,461,12461,21,2008,1FTNE14W68DA,1,F,T,N,E,1,4,W,6,8,D,A,0,0,0,000000000,00000000000,0,0,0,1,0,0,0,0,0,0,0,998,0,1,5,12,6,2,12,0,0,1,1,48,78410,6,1,0,0,3,0,999,999,1,0,0,0,0,11,2012,11,2012,0,0,0,0,0,1,2,75,3,1,8,1,0,0,14,62,99,1,1,51,1,0
48,480636,1,1,1,26,3,6,18,1,0,1,0,48,1,20,403,20403,14,2005,1GNDS13SX521,1,G,N,D,S,1,3,S,X,5,2,1,0,0,0,000000000,00000000000,0,0,0,1,0,0,0,0,0,0,0,998,0,2,5,0,4,3,1,0,0,0,1,48,78655,6,1,0,0,3,3,999,999,0,0,0,0,0,0,0,0,0,0,58,0,0,0,3,2,75,2,1,8,1,0,0,14,12,7,3,4,2,1,0
48,480637,1,3,1,26,3,8,17,12,8,1,0,48,2,12,37,12037,2,2005,3FAFP31N15R1,3,F,A,F,P,3,1,N,1,5,R,1,0,0,0,000000000,00000000000,0,0,0,1,0,0,0,0,0,0,0,998,0,0,0,61,6,2,12,0,0,0,1,48,78541,6,1,6,0,3,0,999,999,0,0,0,0,0,0,0,0,0,0,28,0,0,0,5,5,45,1,1,8,1,0,0,1,10,99,1,2,64,1,0
48,480637,2,3,1,26,3,8,17,12,8,1,0,48,2,23,402,23402,14,2012,2GKALWEK4C61,2,G,K,A,L,W,E,K,4,C,6,1,0,0,0,000000000,00000000000,0,0,0,1,0,0,0,0,0,0,0,998,0,0,0,61,2,3,12,0,0,0,1,48,78539,6,1,0,0,3,0,999,999,0,4,0,1,1,4,2012,12,2013,0,0,0,0,0,5,5,45,1,1,8,1,0,0,1,62,99,1,1,65,0,0
48,480637,3,3,1,26,3,8,17,12,8,1,0,48,2,35,473,35473,31,2004,1N6AA07B34N5,1,N,6,A,A,0,7,B,3,4,N,5,0,0,0,000000000,00000000000,0,0,0,1,0,0,0,0,0,0,0,998,0,0,0,12,6,2,12,0,0,0,1,48,78542,6,1,0,0,3,0,999,999,1,0,0,0,0,2,2012,2,2012,0,0,0,0,0,5,5,45,1,1,8,1,0,0,1,62,99,1,1,98,0,0
48,480638,1,1,1,26,3,14,58,1,0,1,0,48,1,2,405,2405,14,2002,1J4GK48K82W1,1,J,4,G,K,4,8,K,8,2,W,1,0,0,0,000000000,00000000000,0,0,0,1,0,0,0,0,0,0,0,998,0,2,3,0,6,2,1,0,0,0,1,48,79414,6,1,0,0,3,0,999,999,0,0,0,0,0,0,0,0,0,0,58,0,0,0,2,4,75,2,1,8,1,0,0,14,12,99,4,4,7,1,0
48,480639,1,4,1,26,3,8,45,12,1,1,0,48,1,87,881,87881,66,2001,1XP5DB9X61N5,1,X,P,5,D,B,9,X,6,1,N,5,1,1,57,1843848,571843848,3,6,3,1,0,0,0,0,0,0,0,998,0,0,0,12,4,3,12,0,0,0,1,48,77836,6,1,6,0,3,0,999,999,0,0,0,1,2,11,2011,1,2013,5,0,0,0,0,1,2,70,1,2,8,1,0,0,1,52,3,2,1,28,0,0
48,480639,2,4,1,26,3,8,45,12,1,1,0,48,1,20,481,20481,31,2000,1GCEK19T3YE1,1,G,C,E,K,1,9,T,3,Y,E,1,0,0,0,000000000,00000000000,0,0,0,1,0,0,0,0,0,0,0,998,0,0,0,6,6,2,12,0,0,0,1,48,78121,6,1,0,0,3,3,999,999,0,0,0,0,0,0,0,0,0,0,83,0,0,0,1,2,70,1,2,8,1,0,0,2,87,2,1,1,29,0,0
48,480639,3,4,1,26,3,8,45,12,1,1,0,48,1,37,471,37471,30,2006,2HJYK16246H5,2,H,J,Y,K,1,6,2,4,6,H,5,0,0,0,000000000,00000000000,0,0,0,1,0,0,0,0,0,0,0,998,0,0,0,11,6,2,12,0,0,0,1,48,78121,6,1,0,0,3,3,999,999,0,0,0,0,0,0,0,0,0,0,0,0,0,0,1,2,70,1,2,8,1,0,0,1,66,99,1,1,98,1,0
48,480639,4,4,1,26,3,8,45,12,1,1,0,48,3,20,481,20481,31,2011,1GB4KZCL5BF1,1,G,B,4,K,Z,C,L,5,B,F,1,0,0,0,000000000,00000000000,0,0,0,1,0,0,0,0,0,0,0,998,0,0,0,7,2,8,12,0,0,0,1,48,78016,6,1,0,0,3,3,999,999,1,0,0,1,0,8,2011,8,2013,0,0,0,0,0,1,2,70,1,2,8,1,0,0,1,62,7,1,4,98,0,0
48,480640,1,1,1,27,3,12,41,1,0,1,0,48,2,20,471,20471,30,2000,1GCCS1450YK2,1,G,C,C,S,1,4,5,0,Y,K,2,0,0,0,000000000,00000000000,0,0,0,1,0,0,0,0,0,0,0,998,0,2,5,0,6,2,1,0,0,0,1,48,77566,0,0,0,0,0,0,999,999,0,1,0,0,0,2,2012,2,2012,0,0,0,0,0,2,2,50,3,2,8,1,0,0,14,12,7,3,4,2,1,0
48,480641,1,3,1,27,3,6,36,35,0,1,0,48,3,84,884,84884,66,2006,1HSHXAHR56J3,1,H,S,H,X,A,H,R,5,6,J,3,1,1,57,1947109,571947109,3,6,2,1,0,0,0,0,0,0,0,998,0,0,0,61,4,5,12,0,0,0,1,48,76550,6,1,6,1,3,3,999,999,1,0,0,0,1,1,2013,3,2013,0,0,0,0,0,1,4,70,1,1,8,2,0,0,1,64,7,1,1,98,0,0
48,480641,2,3,1,27,3,6,36,35,0,1,0,48,2,20,422,20422,15,2013,1GNSCJE04DR3,1,G,N,S,C,J,E,0,4,D,R,3,0,0,0,000000000,00000000000,0,0,0,1,0,0,0,0,0,0,0,998,0,0,0,12,4,3,12,0,0,0,1,48,76888,6,1,0,0,3,0,999,999,0,0,0,0,0,0,0,0,0,0,0,0,0,0,1,4,70,1,1,8,2,0,0,1,59,99,1,1,98,0,0
48,480641,3,3,1,27,3,6,36,35,0,1,0,48,2,12,471,12471,30,2002,1FTYR10U62PB,1,F,T,Y,R,1,0,U,6,2,P,B,0,0,0,000000000,00000000000,0,0,0,1,0,0,0,0,0,0,0,998,0,1,5,82,6,2,35,0,0,0,1,48,78628,1,1,0,0,2,0,999,999,0,1,0,0,1,10,2013,3,2014,4,51,0,0,0,1,4,70,1,1,8,2,0,0,1,12,99,9,4,6,1,0
48,480642,1,1,1,27,3,23,41,38,0,1,0,0,0,76,733,76733,90,2001,JY43GG0361C0,J,Y,4,3,G,G,0,3,6,1,C,0,0,0,0,000000000,00000000000,0,0,0,1,0,0,0,0,0,0,0,998,0,0,0,12,2,5,38,0,0,0,1,48,76513,6,1,0,0,1,0,999,999,1,1,0,1,0,6,2012,6,2013,4,0,0,0,0,1,2,60,3,1,4,11,0,0,1,13,99,1,4,1,1,1
48,480643,1,2,2,27,3,16,58,12,6,1,0,48,2,67,35,67035,2,2013,JF1ZNAA18D27,J,F,1,Z,N,A,A,1,8,D,2,7,0,0,0,000000000,00000000000,0,0,0,1,0,0,0,0,0,0,0,998,0,0,0,3,6,2,12,0,0,0,1,48,76036,6,1,0,0,3,3,999,999,0,0,0,0,0,0,0,0,0,0,39,0,0,0,1,2,99,1,1,8,1,20,3,1,17,99,1,1,87,1,0
48,480643,2,2,1,27,3,16,58,12,6,1,0,48,1,2,403,2403,14,2011,1J4BA3H1XBL6,1,J,4,B,A,3,H,1,X,B,L,6,0,0,0,000000000,00000000000,0,0,0,1,0,0,0,0,0,0,0,998,0,0,0,12,2,3,12,0,0,0,1,48,76179,6,1,0,0,3,0,999,999,0,0,0,0,0,0,0,0,0,0,0,0,0,0,1,2,99,1,1,8,1,0,0,1,66,99,1,1,86,0,0
48,480644,1,1,1,29,3,20,50,1,0,1,0,35,1,12,481,12481,31,2009,1FTWW31R29EA,1,F,T,W,W,3,1,R,2,9,E,A,0,0,0,000000000,00000000000,0,0,0,1,0,0,0,0,0,0,0,998,0,1,3,0,4,3,1,0,0,0,1,35,87410,6,1,0,0,3,0,70,185,98,0,0,0,1,8,2013,8,2013,0,58,0,0,0,2,2,55,1,1,8,1,0,0,1,13,6,3,4,7,1,1
48,480645,1,1,4,29,3,15,23,1,0,1,0,48,1,12,481,12481,31,2002,1FTRX07W52KA,1,F,T,R,X,0,7,W,5,2,K,A,1,1,0,000000000,00000000000,0,0,0,1,0,0,0,0,0,0,0,998,0,9,3,0,6,2,1,0,0,0,1,48,75165,6,1,0,0,3,0,999,999,0,0,0,0,0,0,0,0,0,4,21,0,0,0,6,1,55,2,2,8,1,0,0,2,8,99,9,4,6,1,0
48,480646,1,1,2,29,3,1,55,33,0,1,0,48,1,6,51,6051,4,2006,2C3KA43R96H1,2,C,3,K,A,4,3,R,9,6,H,1,0,0,0,000000000,00000000000,0,0,0,1,0,0,0,0,0,0,0,998,0,0,0,99,6,2,42,0,0,0,1,48,77009,0,0,0,0,0,0,999,999,0,0,0,0,0,0,0,0,0,3,0,0,0,0,4,4,45,3,1,8,1,0,0,14,13,99,1,4,1,1,1
48,480647,1,1,2,29,3,5,15,42,0,1,0,48,2,20,473,20473,30,2008,1GCCS1998881,1,G,C,C,S,1,9,9,8,8,8,1,0,0,0,000000000,00000000000,0,0,0,1,0,0,0,0,0,0,0,998,0,0,0,9,6,2,42,0,0,0,1,48,75965,6,1,0,0,3,0,999,999,0,0,0,0,1,7,2013,7,2013,4,58,0,0,0,1,2,75,3,1,8,2,0,0,14,13,6,3,4,2,2,0
48,480648,1,1,1,29,3,12,52,42,0,1,0,48,1,7,482,7482,31,2008,3D7KS26D48G2,3,D,7,K,S,2,6,D,4,8,G,2,0,0,0,000000000,00000000000,0,0,0,1,0,0,0,0,0,0,0,998,0,1,5,63,4,3,1,0,0,0,1,48,77363,6,1,0,0,3,3,999,999,0,0,0,0,0,0,0,0,0,4,99,99,99,99,1,2,55,3,1,8,1,0,0,14,13,6,3,4,2,1,1
48,480649,1,2,1,29,3,17,35,12,6,1,0,48,0,76,706,76706,80,2007,JYARN20E07A0,J,Y,A,R,N,2,0,E,0,7,A,0,0,0,0,000000000,00000000000,0,0,0,1,0,0,0,0,0,0,0,998,0,0,0,12,8,8,12,0,0,0,1,48,76006,1,1,1,0,2,0,999,999,1,1,0,3,0,6,2011,3,2014,3,39,0,0,0,2,4,55,1,1,8,1,3,3,1,17,99,1,1,88,1,0
48,480649,2,2,2,29,3,17,35,12,6,1,0,48,1,63,34,63034,4,2007,KNAGE1239751,K,N,A,G,E,1,2,3,9,7,5,1,0,0,0,000000000,00000000000,0,0,0,1,0,0,0,0,0,0,0,998,0,0,0,9,4,3,12,0,0,0,1,48,75052,6,1,0,0,3,0,999,999,0,0,0,0,0,0,0,0,0,0,0,0,0,0,1,2,99,1,1,8,1,3,3,1,66,99,1,1,89,0,0
48,480650,1,2,1,30,3,0,36,1,0,1,0,48,1,72,706,72706,80,1990,1HD1EML18LY1,1,H,D,1,E,M,L,1,8,L,Y,1,0,0,0,000000000,00000000000,0,0,0,1,0,0,0,0,0,0,0,998,0,0,0,0,8,5,1,0,0,0,1,48,79605,6,1,0,0,3,3,999,999,0,0,0,0,0,0,0,0,0,0,57,0,0,0,4,2,45,1,1,8,1,98,3,1,51,3,2,1,98,1,0
48,480650,2,2,1,30,3,0,36,1,0,1,0,48,1,72,706,72706,80,2012,1HD1FBM11CB6,1,H,D,1,F,B,M,1,1,C,B,6,0,0,0,000000000,00000000000,0,0,0,1,0,0,0,0,0,0,0,998,0,0,0,6,8,5,12,0,0,0,1,48,79602,6,1,6,0,3,3,999,999,0,0,0,0,0,0,0,0,0,0,0,0,0,0,4,2,45,1,1,8,1,0,0,1,98,99,1,1,98,0,0
48,480651,1,5,1,31,3,8,8,12,1,1,0,48,2,20,404,20404,14,2012,2GNFLCEK6C61,2,G,N,F,L,C,E,K,6,C,6,1,0,0,0,000000000,00000000000,0,0,0,1,0,0,0,0,0,0,0,998,0,0,0,12,4,3,12,0,0,0,1,48,75501,6,1,0,0,3,0,999,999,0,0,0,0,0,0,0,0,0,5,0,0,0,0,1,4,55,1,1,8,1,0,0,1,50,1,1,1,20,0,0
48,480651,2,5,1,31,3,8,8,12,1,1,0,5,1,24,1,24001,4,1994,1G8ZF5593RZ3,1,G,8,Z,F,5,5,9,3,R,Z,3,0,0,0,000000000,00000000000,0,0,0,1,0,0,0,0,0,0,0,0,0,0,0,6,6,2,12,0,0,0,1,5,71854,6,1,0,0,3,0,70,175,0,1,1,0,0,5,2013,6,2013,0,0,0,0,0,1,4,55,1,1,8,1,0,0,5,53,99,1,1,22,1,0
48,480651,3,5,1,31,3,8,8,12,1,1,0,48,1,49,32,49032,4,2012,2T1BU4EE5CC8,2,T,1,B,U,4,E,E,5,C,C,8,0,0,0,000000000,00000000000,0,0,0,1,0,0,0,0,0,0,0,998,0,0,0,12,4,3,12,0,0,0,1,48,75501,6,1,0,0,3,0,999,999,0,0,0,0,0,0,0,0,0,0,0,0,0,0,1,4,55,1,1,8,1,0,0,1,62,99,1,1,98,0,0
48,480651,4,5,1,31,3,8,8,12,1,1,0,48,2,20,481,20481,31,2008,2GCEK1904813,2,G,C,E,K,1,9,0,4,8,1,3,0,0,0,000000000,00000000000,0,0,0,1,0,0,0,0,0,0,0,998,0,0,0,12,2,3,12,0,0,0,1,48,75501,6,1,0,0,3,3,999,999,0,0,0,0,0,0,0,0,0,0,0,0,0,0,1,4,55,1,1,8,1,0,0,1,62,99,1,1,98,0,0
48,480651,5,5,1,31,3,8,8,12,1,1,0,48,2,82,881,82881,63,2014,3ALACXDT6EDF,3,A,L,A,C,X,D,T,6,E,D,F,0,0,57,119456,57119456,3,1,1,1,0,0,0,0,0,0,0,998,0,0,0,7,2,5,12,0,0,0,1,5,71854,6,1,6,0,3,3,70,190,0,0,0,0,0,0,0,0,0,0,0,0,0,0,1,4,55,1,1,8,1,0,0,98,60,99,1,1,98,0,0
48,480653,1,1,2,10,3,16,46,5,0,1,0,93,3,87,881,87881,66,2012,1XPHD49X0CD1,1,X,P,H,D,4,9,X,0,C,D,1,1,1,57,2064970,572064970,3,6,98,1,0,0,0,0,0,0,0,998,0,0,0,0,0,5,5,0,0,0,1,48,78217,6,1,6,0,3,3,999,999,0,0,0,0,6,12,2012,11,2013,0,0,0,0,0,2,2,60,1,1,8,2,0,0,4,98,1,1,1,0,1,0
48,480654,1,1,1,15,3,22,50,35,0,1,0,48,1,2,403,2403,14,1998,1J4FY19S5WP7,1,J,4,F,Y,1,9,S,5,W,P,7,0,0,0,000000000,00000000000,0,0,0,1,0,0,0,0,0,0,0,998,0,1,5,98,6,2,1,0,0,0,1,48,76557,6,1,0,0,3,3,999,999,0,0,0,1,0,6,2013,6,2013,0,58,0,0,0,1,2,70,2,2,8,1,0,0,14,10,7,4,4,2,1,0
48,480655,1,1,2,15,3,12,40,14,0,1,0,48,1,20,481,20481,31,2006,1GCEC19T86Z2,1,G,C,E,C,1,9,T,8,6,Z,2,0,0,0,000000000,00000000000,0,0,0,1,0,0,0,0,0,0,0,998,0,0,0,9,6,2,14,0,0,0,1,48,77031,6,1,0,0,3,0,999,999,0,0,0,0,0,0,0,0,0,4,58,0,0,0,2,2,75,1,1,8,2,0,0,1,6,7,3,4,11,1,0
48,480656,1,1,2,16,3,12,31,1,0,1,0,48,2,7,482,7482,31,2002,1D7HA18N12S7,1,D,7,H,A,1,8,N,1,2,S,7,0,0,0,000000000,00000000000,0,0,0,1,0,0,0,0,0,0,0,998,0,2,5,0,6,2,1,0,0,0,1,48,78572,6,1,0,0,3,0,999,999,0,0,0,0,0,0,0,0,0,0,58,0,0,0,2,2,75,1,1,8,1,0,0,1,12,7,3,4,2,1,0
48,480657,1,2,1,16,3,1,48,12,2,1,0,48,1,20,481,20481,31,2014,1GC0CVCG0EF1,1,G,C,0,C,V,C,G,0,E,F,1,0,0,0,000000000,00000000000,0,0,0,1,0,0,0,0,0,0,0,998,0,1,1,12,6,2,12,0,0,0,1,48,78416,6,1,0,0,3,0,999,999,0,0,0,0,0,0,0,0,0,0,28,0,0,0,1,2,55,1,1,8,1,0,0,1,10,99,1,2,50,0,1
48,480657,2,2,2,16,3,1,48,12,2,1,0,48,2,35,47,35047,4,2003,1N4AL11D03C2,1,N,4,A,L,1,1,D,0,3,C,2,0,0,0,000000000,00000000000,0,0,0,1,0,0,0,0,0,0,0,998,0,0,0,12,6,2,12,0,0,0,1,48,78410,0,0,0,0,0,0,999,999,0,5,0,0,0,6,2011,2,2014,0,0,0,0,0,1,2,55,1,1,8,1,0,0,1,62,99,1,1,51,1,0
48,480658,1,1,2,18,3,20,8,15,0,1,0,48,1,13,5,13005,4,1997,1LNLM97V9VY6,1,L,N,L,M,9,7,V,9,V,Y,6,0,0,0,000000000,00000000000,0,0,0,1,0,0,0,0,0,0,0,998,0,0,0,12,2,3,15,0,0,0,1,48,78609,6,1,0,0,3,3,999,999,0,0,0,0,0,0,0,0,0,0,0,0,0,0,1,2,55,1,1,8,1,0,0,1,80,1,1,1,13,0,0
48,480659,1,1,1,19,3,13,14,8,0,1,0,48,3,12,881,12881,61,2008,1FDAF56R68EE,1,F,D,A,F,5,6,R,6,8,E,E,0,0,48,5265563C,485265563C,2,1,1,1,0,0,0,0,0,0,0,998,0,0,0,12,2,3,8,0,0,0,1,48,75603,6,1,0,0,3,0,999,999,0,0,0,2,0,8,2011,3,2012,0,0,0,0,0,5,5,45,1,1,8,1,0,0,1,80,99,1,1,13,0,0
48,480660,1,2,1,20,3,11,21,12,98,1,0,48,2,12,13,12013,2,2002,3FAFP11362R2,3,F,A,F,P,1,1,3,6,2,R,2,0,0,0,000000000,00000000000,0,0,0,1,0,0,0,0,0,0,0,998,0,0,0,98,6,2,12,0,0,0,1,48,78046,6,1,0,0,3,3,999,999,0,0,0,0,0,0,0,0,0,0,39,0,0,0,2,2,98,8,8,8,98,20,3,1,17,99,1,1,91,1,0
48,480660,2,2,1,20,3,11,21,12,98,1,0,48,1,32,46,32046,4,2008,WAUPN54E88N0,W,A,U,P,N,5,4,E,8,8,N,0,0,0,0,000000000,00000000000,0,0,0,1,0,0,0,0,0,0,0,998,0,0,0,98,4,3,12,0,0,0,1,48,78045,6,1,0,0,3,0,999,999,0,0,0,0,0,0,0,0,0,0,0,0,0,0,4,2,60,1,1,8,1,0,0,1,66,99,1,1,91,0,0
48,480661,1,1,2,21,3,20,29,8,0,1,0,48,1,23,481,23481,31,2007,3GTEC13C07G5,3,G,T,E,C,1,3,C,0,7,G,5,0,0,0,000000000,00000000000,0,0,0,1,0,0,0,0,0,0,0,998,0,0,0,12,2,3,8,32,0,0,1,48,79902,6,1,0,0,3,0,999,999,0,0,0,0,1,10,2011,10,2011,0,0,0,0,0,2,2,50,1,1,8,1,0,0,1,80,99,1,1,13,0,0
48,480662,1,2,2,22,3,3,20,39,0,1,0,48,1,37,31,37031,4,2009,1HGFA16509L0,1,H,G,F,A,1,6,5,0,9,L,0,0,0,0,000000000,00000000000,0,0,0,1,0,0,0,0,0,0,0,998,0,0,0,63,4,3,12,0,0,0,1,48,77083,6,1,0,0,3,3,999,999,0,0,0,0,0,0,0,0,0,0,0,0,0,0,3,3,60,1,1,1,1,0,0,1,13,99,1,4,1,1,1
48,480662,2,2,1,22,3,3,20,39,0,1,0,48,2,2,403,2403,14,2008,1J8FA24108L5,1,J,8,F,A,2,4,1,0,8,L,5,0,0,0,000000000,00000000000,0,0,0,1,0,0,0,0,0,0,0,998,0,1,1,12,4,3,12,0,0,0,1,48,77017,0,0,0,0,0,0,999,999,0,6,0,0,0,4,2011,11,2013,5,0,0,0,0,3,3,60,1,1,1,1,0,0,1,61,99,1,1,98,0,1
48,480663,1,1,2,24,3,21,12,8,0,1,0,48,2,20,402,20402,14,2000,2CNBE13C9Y69,2,C,N,B,E,1,3,C,9,Y,6,9,0,0,0,000000000,00000000000,0,0,0,1,0,0,0,0,0,0,0,998,0,0,0,12,4,3,8,0,0,0,1,48,78217,6,1,0,0,3,3,999,999,0,0,0,0,0,0,0,0,0,0,0,0,0,0,4,2,45,1,3,8,1,0,0,1,80,1,1,1,13,0,0
48,480664,1,1,1,25,3,5,32,1,0,1,0,93,3,82,881,82881,66,2013,1FUJGEBG4DSF,1,F,U,J,G,E,B,G,4,D,S,F,1,1,57,767118,57767118,3,6,98,1,0,0,0,0,0,0,0,65,0,2,5,0,4,3,1,0,0,0,1,48,76108,6,1,6,0,3,3,999,999,0,0,0,0,0,0,0,0,0,0,85,0,0,0,3,3,65,1,1,8,1,0,0,1,50,7,1,4,1,1,0
48,480665,1,2,3,25,3,14,15,42,0,1,0,48,2,22,20,22020,4,2006,2G2WP5525611,2,G,2,W,P,5,5,2,5,6,1,1,0,0,0,000000000,00000000000,0,0,0,1,0,0,0,0,0,0,0,998,0,0,0,3,4,3,42,0,0,0,1,48,77051,0,0,0,0,0,0,999,999,0,12,0,1,0,4,2011,1,2014,2,91,0,0,0,2,2,35,1,1,1,1,0,0,1,6,99,1,4,6,1,0
48,480665,2,2,2,25,3,14,15,42,0,1,0,48,1,22,22,22022,4,2008,1G2ZH57N7841,1,G,2,Z,H,5,7,N,7,8,4,1,0,0,0,000000000,00000000000,0,0,0,1,0,0,0,0,0,0,0,998,0,0,0,12,2,3,54,0,0,0,1,48,77087,0,0,0,0,0,0,999,999,0,0,0,0,0,0,0,0,0,2,91,0,0,0,2,2,35,1,1,1,1,0,0,1,98,99,1,1,98,0,0
48,480666,1,1,3,26,3,10,22,39,0,1,0,48,2,20,37,20037,4,2006,1G1ZS51866F1,1,G,1,Z,S,5,1,8,6,6,F,1,0,0,0,000000000,00000000000,0,0,0,1,0,0,0,0,0,0,0,998,0,0,0,12,6,2,39,0,0,0,1,48,79339,6,1,0,0,3,3,999,999,0,0,0,0,0,0,0,0,0,0,91,0,0,0,1,6,50,1,1,8,1,0,0,1,12,99,1,4,6,1,0
48,480667,1,2,17,26,3,17,2,12,6,1,0,48,3,82,981,82981,50,2013,4UZABRDTXDCF,4,U,Z,A,B,R,D,T,X,D,C,F,0,0,88,888888888,88888888888,3,21,22,1,0,0,0,0,1,2,0,998,0,0,0,12,4,5,12,0,0,0,1,48,75603,6,1,6,1,3,3,999,999,0,0,0,0,0,0,0,0,0,0,0,0,0,0,1,2,50,1,1,8,1,0,0,1,71,99,1,1,77,0,0
48,480667,2,2,1,26,3,17,2,12,6,1,0,48,0,37,706,37706,80,1995,1HFSC3201SA0,1,H,F,S,C,3,2,0,1,S,A,0,0,0,0,000000000,00000000000,0,0,0,1,0,0,0,0,0,0,0,998,0,0,0,3,8,3,12,0,0,0,1,48,75601,1,1,0,0,2,0,999,999,0,11,1,0,2,10,2011,3,2014,0,38,0,0,0,0,0,0,0,0,0,0,0,0,11,15,99,1,1,76,1,0