STATE,ST_CASE,VEH_NO,VE_FORMS,NUMOCCS,DAY,MONTH,HOUR,MINUTE,HARM_EV,MAN_COLL,UNITTYPE,HIT_RUN,REG_STAT,OWNER,MAKE,MODEL,MAK_MOD,BODY_TYP,MOD_YEAR,VIN,VIN_1,VIN_2,VIN_3,VIN_4,VIN_5,VIN_6,VIN_7,VIN_8,VIN_9,VIN_10,VIN_11,VIN_12,TOW_VEH,J_KNIFE,MCARR_I1,MCARR_I2,MCARR_ID,GVWR,V_CONFIG,CARGO_BT,HAZ_INV,HAZ_PLAC,HAZ_ID,HAZ_CNO,HAZ_REL,BUS_USE,SPEC_USE,EMER_USE,TRAV_SP,UNDERIDE,ROLLOVER,ROLINLOC,IMPACT1,DEFORMED,TOWED,M_HARM,VEH_SC1,VEH_SC2,FIRE_EXP,DR_PRES,L_STATE,DR_ZIP,L_STATUS,L_TYPE,CDL_STAT,L_ENDORS,L_COMPL,L_RESTRI,DR_HGT,DR_WGT,PREV_ACC,PREV_SUS,PREV_DWI,PREV_SPD,PREV_OTH,FIRST_MO,FIRST_YR,LAST_MO,LAST_YR,SPEEDREL,DR_SF1,DR_SF2,DR_SF3,DR_SF4,VTRAFWAY,VNUM_LAN,VSPD_LIM,VALIGN,VPROFILE,VPAVETYP,VSURCOND,VTRAFCON,VTCONT_F,P_CRASH1,P_CRASH2,P_CRASH3,PCRASH4,PCRASH5,ACC_TYPE,DEATHS,DR_DRINK
48,480747,2,2,1,5,4,10,50,12,6,1,0,48,3,20,481,20481,31,2005,1GCHK23U05F9,1,G,C,H,K,2,3,U,0,5,F,9,0,0,0,000000000,00000000000,0,0,0,1,0,0,0,0,0,0,0,0,0,0,0,12,4,3,12,0,0,0,1,48,78410,6,1,0,0,3,0,999,999,0,0,0,0,0,0,0,0,0,0,0,0,0,0,1,2,60,1,1,8,6,40,3,5,62,99,1,1,66,0,0
48,480748,1,1,2,5,4,3,47,52,0,1,0,48,1,37,706,37706,80,2008,JH2SC590X8M0,J,H,2,S,C,5,9,0,X,8,M,0,0,0,0,000000000,00000000000,0,0,0,1,0,0,0,0,0,0,0,998,0,0,0,98,8,3,52,0,0,0,1,48,76036,6,1,0,0,3,0,999,999,0,0,0,0,1,10,2012,10,2012,5,0,0,0,0,1,2,35,3,2,1,1,0,0,14,13,99,1,4,1,1,1
48,480749,1,1,1,6,4,5,18,42,0,1,0,30,1,12,471,12471,30,1998,1FTYR10C7WPB,1,F,T,Y,R,1,0,C,7,W,P,B,0,0,0,000000000,00000000000,0,0,0,1,0,0,0,0,0,0,0,998,0,1,5,12,6,2,42,0,0,0,1,48,75929,6,1,0,0,3,0,999,999,0,0,0,0,0,0,0,0,0,5,0,0,0,0,5,5,50,1,2,8,1,0,0,1,12,99,1,4,6,1,0
48,480750,1,3,1,6,4,20,39,12,1,1,0,48,1,12,4,12004,2,1996,1FALP6246TH1,1,F,A,L,P,6,2,4,6,T,H,1,0,0,0,000000000,00000000000,0,0,0,1,0,0,0,0,0,0,0,998,0,0,0,6,6,2,12,0,0,1,1,48,76502,6,1,0,0,3,0,70,280,0,0,0,0,0,0,0,0,0,0,0,0,0,0,1,2,70,1,2,8,1,0,0,2,53,99,1,1,30,1,0
48,480750,2,3,2,6,4,20,39,12,1,1,0,48,1,37,31,37031,4,2008,1HGFA16588L0,1,H,G,F,A,1,6,5,8,8,L,0,0,0,0,000000000,00000000000,0,0,0,1,0,0,0,0,0,0,0,998,0,0,0,12,4,3,12,0,0,0,1,48,76513,6,1,0,0,3,3,999,999,0,0,0,0,0,0,0,0,0,0,0,0,0,0,1,2,70,1,2,8,1,0,0,1,62,99,1,1,98,0,0
48,480750,3,3,1,6,4,20,39,12,1,1,0,48,2,20,481,20481,31,2005,1GCHK24275E2,1,G,C,H,K,2,4,2,7,5,E,2,0,0,0,000000000,00000000000,0,0,0,1,0,0,0,0,0,0,0,998,0,0,0,12,4,3,12,0,0,0,1,48,76534,1,1,0,0,2,0,999,999,0,7,0,0,0,2,2012,3,2014,5,91,0,0,0,1,2,70,1,2,8,1,0,0,1,52,99,1,1,28,0,0
48,480751,1,1,1,6,4,5,22,8,0,1,0,93,3,82,884,82884,66,2003,1FUJA6AV13LK,1,F,U,J,A,6,A,V,1,3,L,K,1,1,57,1490474,571490474,3,6,2,1,0,0,0,0,0,0,0,998,0,0,0,12,2,5,8,0,0,0,1,48,76457,6,1,6,1,3,0,999,999,0,0,0,0,0,0,0,0,0,0,0,0,0,0,1,2,70,1,1,8,2,0,0,1,80,7,1,1,13,0,0
48,480752,1,1,1,6,4,0,5,1,0,1,0,48,2,20,481,20481,31,1991,1GCGK24K1ME2,1,G,C,G,K,2,4,K,1,M,E,2,0,0,0,000000000,00000000000,0,0,0,1,0,0,0,0,0,0,0,998,0,1,5,0,4,3,1,0,0,0,1,48,78155,6,1,6,0,3,3,999,999,0,0,0,0,0,0,0,0,0,0,0,0,0,0,1,2,60,1,1,8,1,0,0,1,13,6,4,4,1,1,1
48,480753,1,1,1,6,4,21,30,9,0,1,0,48,1,20,2,20002,4,2008,2G1WB58K3892,2,G,1,W,B,5,8,K,3,8,9,2,0,0,0,000000000,00000000000,0,0,0,1,0,0,0,0,0,0,0,998,0,0,0,12,2,3,9,0,0,0,1,48,77086,6,1,6,0,3,0,999,999,3,0,0,0,0,6,2011,1,2013,0,0,0,0,0,2,3,50,1,1,8,1,0,0,1,83,99,1,1,13,0,0
48,480754,1,1,4,4,4,1,15,1,0,1,0,48,3,12,481,12481,31,2002,1FTNW21F12EB,1,F,T,N,W,2,1,F,1,2,E,B,0,0,0,000000000,00000000000,0,0,0,1,0,0,0,0,0,0,0,998,0,1,5,0,6,2,1,0,0,1,1,48,78382,6,1,0,0,3,0,999,999,0,0,0,0,1,5,2013,5,2013,0,0,0,0,0,1,2,75,2,2,8,2,0,0,14,12,99,9,4,6,1,0
48,480755,1,2,1,6,4,6,0,12,9,1,0,93,3,84,884,84884,66,2007,2HSCEAHR37C3,2,H,S,C,E,A,H,R,3,7,C,3,1,1,57,369545,57369545,3,6,2,1,0,0,0,0,0,0,0,998,0,0,0,82,4,3,12,0,0,0,1,48,77338,6,1,6,0,3,0,999,999,0,0,0,0,0,0,0,0,0,0,0,0,0,0,3,3,60,2,2,1,2,0,0,14,63,6,1,3,93,0,0
48,480755,2,2,1,6,4,6,0,12,9,1,0,48,1,3,431,3431,16,2006,5GTDN1369681,5,G,T,D,N,1,3,6,9,6,8,1,0,0,0,000000000,00000000000,0,0,0,1,0,0,0,0,0,0,0,998,0,0,0,6,4,3,12,0,0,0,1,48,77026,1,1,0,0,2,3,999,999,1,8,0,0,3,9,2011,2,2014,0,31,0,0,0,3,3,60,2,2,1,2,0,0,13,10,99,1,1,92,1,0
48,480756,1,2,1,6,4,22,35,12,6,1,0,48,0,82,884,82884,66,1997,2FUYDSEB8VA8,2,F,U,Y,D,S,E,B,8,V,A,8,0,0,57,1719122,571719122,3,5,96,1,0,0,0,0,0,0,0,998,0,0,0,12,4,3,12,0,0,0,1,48,77099,6,1,6,0,3,3,999,999,0,9,0,0,0,12,2011,12,2012,0,39,91,0,0,2,4,35,1,1,1,2,3,3,11,15,99,1,1,76,0,1
48,480756,2,2,1,6,4,22,35,12,6,1,0,48,1,20,421,20421,15,2001,1GNEC13TX1R2,1,G,N,E,C,1,3,T,X,1,R,2,0,0,0,000000000,00000000000,0,0,0,1,0,0,0,0,0,0,0,998,0,0,0,10,4,3,2,0,0,1,1,48,77099,1,1,0,0,2,0,999,999,0,2,0,0,0,12,2011,2,2013,0,0,0,0,0,1,5,99,1,1,8,2,3,3,1,65,99,1,1,77,1,1
48,480757,1,1,1,6,4,2,55,32,0,1,0,48,1,7,482,7482,31,2012,3C6UD5NL6CG2,3,C,6,U,D,5,N,L,6,C,G,2,0,0,0,000000000,00000000000,0,0,0,1,0,0,0,0,0,0,0,998,0,1,5,98,6,2,32,0,0,0,1,48,75652,6,1,0,0,3,0,999,999,0,1,0,0,0,12,2011,12,2011,0,0,0,0,0,1,2,60,1,1,8,2,0,0,1,13,99,1,4,1,1,1
48,480758,1,1,1,6,4,1,15,57,0,1,0,48,1,23,481,23481,31,1988,2GTFC24K2J15,2,G,T,F,C,2,4,K,2,J,1,5,0,0,0,000000000,00000000000,0,0,0,1,0,0,0,0,0,0,0,998,0,9,5,61,6,2,1,0,0,0,1,48,77803,6,1,0,0,3,0,999,999,0,0,0,0,0,0,0,0,0,4,58,0,0,0,3,3,75,1,1,8,1,0,0,1,12,99,1,4,6,1,1
48,480759,1,2,1,7,4,17,10,25,0,1,0,48,1,35,50,35050,4,2012,3N1CN7AP3CL8,3,N,1,C,N,7,A,P,3,C,L,8,0,0,0,000000000,00000000000,0,0,0,1,0,0,0,0,0,0,0,998,0,1,1,12,4,3,25,32,0,0,1,48,77049,6,1,0,0,3,3,999,999,0,0,0,0,0,0,0,0,0,0,0,0,0,0,6,2,60,2,1,8,1,0,0,14,13,99,1,4,1,1,1
48,480759,2,2,1,7,4,17,10,25,0,1,0,48,1,12,481,12481,31,2005,1FTRF12225NA,1,F,T,R,F,1,2,2,2,5,N,A,0,0,0,000000000,00000000000,0,0,0,1,0,0,0,0,0,0,0,998,0,0,0,4,4,3,12,0,0,0,1,48,77018,6,1,0,0,3,0,999,999,0,0,0,0,0,0,0,0,0,0,0,0,0,0,6,2,60,2,1,8,1,0,0,14,61,99,1,1,98,0,0
48,480760,1,1,1,7,4,22,57,38,0,1,0,48,1,37,32,37032,4,2013,1HGCR2F53DA2,1,H,G,C,R,2,F,5,3,D,A,2,0,0,0,000000000,00000000000,0,0,0,1,0,0,0,0,0,0,0,998,0,0,0,12,6,2,2,0,0,1,1,48,79512,6,1,0,0,3,0,56,79,0,0,0,0,0,0,0,0,0,0,0,0,0,0,1,2,60,1,1,8,1,0,0,1,13,99,1,4,1,1,1
48,480761,1,1,1,6,4,23,5,1,0,1,0,48,2,20,482,20482,31,2004,3GNEC12T54G1,3,G,N,E,C,1,2,T,5,4,G,1,0,0,0,000000000,00000000000,0,0,0,1,0,0,0,0,0,0,0,998,0,1,5,0,4,3,1,0,0,0,1,48,76821,6,1,0,0,3,3,999,999,0,0,0,0,0,0,0,0,0,4,58,0,0,0,1,2,70,3,1,8,1,0,0,14,13,6,4,4,7,1,1
48,480762,1,1,1,7,4,17,0,53,0,1,0,48,1,12,422,12422,15,2004,1FMPU17L34LA,1,F,M,P,U,1,7,L,3,4,L,A,0,0,0,000000000,00000000000,0,0,0,1,0,0,0,0,0,0,0,998,0,1,5,98,6,2,1,0,0,0,1,48,75683,6,1,0,0,3,0,999,999,0,1,0,1,1,11,2011,1,2014,4,0,0,0,0,1,2,55,3,1,8,11,0,0,14,13,6,3,4,2,1,0
48,480763,1,2,1,8,4,20,38,12,6,1,0,48,2,20,9,20009,2,2010,2G1FA1EV1A91,2,G,1,F,A,1,E,V,1,A,9,1,0,0,0,000000000,00000000000,0,0,0,1,0,0,0,0,0,0,0,92,0,0,0,12,4,3,12,0,0,0,1,48,75216,6,1,0,0,3,0,999,999,0,0,0,1,0,5,2013,5,2013,3,0,0,0,0,2,3,35,1,1,8,1,0,0,1,62,8,2,1,69,0,0
48,480763,2,2,1,8,4,20,38,12,6,1,0,48,1,35,39,35039,4,2004,1N4BA41E04C8,1,N,4,B,A,4,1,E,0,4,C,8,0,0,0,000000000,00000000000,0,0,0,1,0,0,0,0,0,0,0,998,0,0,0,3,6,2,12,0,0,0,1,48,75233,6,1,0,0,3,0,63,185,0,0,0,0,0,0,0,0,0,0,0,0,0,0,2,3,35,1,1,8,1,0,0,11,15,99,1,1,68,1,0
48,480764,1,1,2,8,4,0,30,52,0,1,0,93,1,82,884,82884,66,2005,1FUJA6CK75DU,1,F,U,J,A,6,C,K,7,5,D,U,1,1,57,369567,57369567,3,6,1,1,0,0,0,0,0,0,0,998,0,1,1,12,6,2,2,0,0,1,1,48,76567,6,1,6,0,3,3,999,999,0,0,0,1,1,9,2013,3,2014,0,0,0,0,0,3,4,65,1,1,8,1,98,9,1,13,99,1,4,1,1,0
48,480765,1,2,2,8,4,20,37,8,0,1,1,48,1,20,2,20002,4,2010,2G1WB5EK2A12,2,G,1,W,B,5,E,K,2,A,1,2,0,0,0,000000000,00000000000,0,0,0,1,0,0,0,0,0,0,0,998,0,0,0,12,2,3,8,0,0,0,1,48,77088,6,1,0,0,3,3,999,999,0,0,0,0,0,0,0,0,0,0,0,0,0,0,2,3,45,1,1,8,1,0,0,1,80,99,1,1,13,0,0
48,480765,2,2,1,8,4,20,37,8,0,1,0,48,1,20,402,20402,14,2004,2CNBJ1348469,2,C,N,B,J,1,3,4,8,4,6,9,0,0,0,000000000,00000000000,0,0,0,1,0,0,0,0,0,0,0,998,0,0,0,14,8,5,8,0,0,0,1,48,77088,6,1,0,0,3,0,999,999,0,1,0,0,1,9,2012,1,2013,0,0,0,0,0,2,3,45,1,1,8,1,0,0,1,80,99,1,1,98,0,0
48,480766,1,1,2,8,4,10,40,1,0,1,0,99,9,18,23,18023,4,2007,1G4HD57247U1,1,G,4,H,D,5,7,2,4,7,U,1,0,0,0,000000000,00000000000,0,0,0,1,0,0,0,0,0,0,0,998,0,9,3,0,6,2,1,0,0,0,1,8,81212,6,1,0,0,3,0,65,200,0,0,0,0,0,0,0,0,0,0,58,0,0,0,2,2,80,3,2,8,1,0,0,14,12,7,4,4,7,1,0
48,480767,1,1,2,8,4,17,0,30,0,1,0,48,2,12,481,12481,31,2004,1FTNW20L74EB,1,F,T,N,W,2,0,L,7,4,E,B,0,0,0,000000000,00000000000,0,0,0,1,0,0,0,0,0,0,0,998,0,1,3,98,6,2,1,0,0,0,1,48,76135,6,1,0,0,3,3,999,999,0,7,0,1,0,4,2011,6,2011,0,91,0,0,0,3,3,60,1,1,8,1,0,0,1,1,99,9,4,7,1,1
48,480768,1,1,1,8,4,6,5,8,0,1,0,48,2,22,22,22022,4,2006,1G2ZF55BX642,1,G,2,Z,F,5,5,B,X,6,4,2,0,0,0,000000000,00000000000,0,0,0,1,0,0,0,0,0,0,0,998,0,0,0,12,4,3,8,0,0,0,1,48,78721,6,1,0,0,3,0,999,999,1,0,0,1,0,8,2012,3,2013,0,0,0,0,0,2,3,45,1,1,8,1,3,3,1,80,99,1,1,13,0,0
48,480769,1,2,2,9,4,1,5,12,1,1,0,48,3,12,481,12481,31,2013,1FT7W2B69DEA,1,F,T,7,W,2,B,6,9,D,E,A,0,0,0,000000000,00000000000,0,0,0,1,0,0,0,0,0,0,0,998,0,9,5,12,6,2,1,0,0,0,1,48,78130,6,1,0,0,3,0,999,999,1,0,0,1,0,3,2012,12,2013,4,26,91,0,0,2,2,75,1,1,8,1,0,0,6,11,99,1,2,32,1,1
48,480769,2,2,1,9,4,1,5,12,1,1,0,48,3,7,880,7880,67,2011,3D6WU7EL8BG6,3,D,6,W,U,7,E,L,8,B,G,6,1,1,99,999999999,99999999999,2,4,3,1,0,0,0,0,0,0,0,998,0,0,0,6,4,5,12,0,0,0,1,48,78211,6,1,6,0,3,3,999,999,0,0,0,1,0,2,2013,2,2013,0,0,0,0,0,2,2,75,1,1,8,1,0,0,1,60,99,1,1,32,0,0
48,480770,1,1,1,9,4,15,16,1,0,1,0,48,2,55,35,55035,4,2008,KMHDU46D98U5,K,M,H,D,U,4,6,D,9,8,U,5,0,0,0,000000000,00000000000,0,0,0,1,0,0,0,0,0,0,0,998,0,1,5,0,4,3,1,0,0,0,1,48,78748,6,1,0,0,3,3,999,999,0,0,0,0,0,0,0,0,0,0,58,0,0,0,2,2,75,2,1,8,1,0,0,14,12,7,3,4,2,1,0
48,480771,1,2,1,9,4,5,0,24,0,1,0,48,1,20,471,20471,30,2003,1GCCS14H0381,1,G,C,C,S,1,4,H,0,3,8,1,0,0,0,000000000,00000000000,0,0,0,1,0,0,0,0,0,0,0,998,0,0,0,12,4,3,12,32,0,0,1,48,77020,6,1,0,0,3,0,999,999,0,0,0,0,0,0,0,0,0,0,0,0,0,0,1,2,30,1,1,1,1,0,0,1,12,99,1,4,6,1,0
48,480771,2,2,1,9,4,5,0,24,0,1,0,48,1,82,881,82881,66,2001,1FUJAHCG71PF,1,F,U,J,A,H,C,G,7,1,P,F,1,1,57,2072393,572072393,3,6,1,1,0,0,0,0,0,0,0,998,0,0,0,4,2,5,12,0,0,0,1,48,78541,6,1,6,0,3,0,999,999,0,3,0,0,1,5,2011,5,2013,0,0,0,0,0,6,2,98,8,8,8,98,0,0,1,64,99,1,1,98,0,0
48,480772,1,1,1,9,4,15,32,8,0,1,0,48,1,12,401,12401,14,2014,1FM5K7B84EGB,1,F,M,5,K,7,B,8,4,E,G,B,0,0,0,000000000,00000000000,0,0,0,1,0,0,0,0,0,0,0,998,0,0,0,12,8,5,8,0,0,0,1,48,77584,6,1,0,0,3,3,999,999,0,0,0,0,0,0,0,0,0,0,38,0,0,0,0,0,0,0,0,0,0,0,0,10,80,99,1,1,13,0,0
48,480773,1,1,4,9,4,6,20,14,0,1,0,48,3,12,880,12880,67,2007,1FDWW36P87EB,1,F,D,W,W,3,6,P,8,7,E,B,1,1,88,888888888,88888888888,2,4,3,1,0,0,0,0,0,0,0,998,0,0,0,12,6,2,14,0,0,0,1,48,78102,6,1,0,0,3,0,999,999,0,6,0,4,0,5,2011,12,2013,0,0,0,0,0,2,2,75,1,1,8,1,0,0,1,13,99,1,4,11,4,0
48,480774,1,2,2,9,4,1,22,12,6,1,0,13,2,87,881,87881,66,2006,1XP5DB9X76N8,1,X,P,5,D,B,9,X,7,6,N,8,1,1,57,547784,57547784,3,6,3,1,0,0,0,0,0,0,0,998,0,0,0,12,4,3,12,0,0,0,1,13,30520,6,1,6,3,3,3,75,150,98,0,0,1,0,7,2012,7,2012,0,81,0,0,0,2,2,75,1,1,8,1,0,0,1,90,8,2,3,98,0,0
48,480774,2,2,1,9,4,1,22,12,6,1,0,48,1,20,481,20481,31,2001,1GCGK13U31F1,1,G,C,G,K,1,3,U,3,1,F,1,0,0,0,000000000,00000000000,0,0,0,1,0,0,0,0,0,0,0,0,0,0,0,9,6,2,12,0,0,0,1,48,78412,0,0,0,0,0,0,999,999,0,0,0,0,0,0,0,0,0,0,54,0,0,0,2,2,75,1,1,8,1,0,0,7,53,1,1,1,98,1,0
48,480775,1,1,1,6,2,10,58,33,0,1,0,48,1,12,37,12037,4,2001,1FAFP33P91W2,1,F,A,F,P,3,3,P,9,1,W,2,0,0,0,000000000,00000000000,0,0,0,1,0,0,0,0,0,0,0,998,0,0,0,12,4,3,33,0,0,0,1,48,78041,6,1,0,0,3,2,999,999,0,0,0,1,0,3,2013,3,2013,0,74,0,0,0,3,3,60,1,1,8,1,0,0,1,13,99,1,4,1,1,0
48,480776,1,2,2,4,4,10,5,12,6,1,0,48,1,6,18,6018,4,2012,1C3CCBBB9CN1,1,C,3,C,C,B,B,B,9,C,N,1,0,0,0,000000000,00000000000,0,0,0,1,0,0,0,0,0,0,0,998,0,0,0,12,6,2,12,0,0,0,1,48,75656,6,1,0,0,3,3,999,999,0,0,0,0,0,0,0,0,0,0,0,0,0,0,2,2,70,1,1,8,1,0,0,1,68,99,1,1,88,0,0
48,480776,2,2,1,4,4,10,5,12,6,1,0,48,1,7,880,7880,67,1997,3B7MC33D5VM5,3,B,7,M,C,3,3,D,5,V,M,5,0,0,88,888888888,88888888888,2,1,97,1,0,0,0,0,0,0,0,998,0,0,0,11,6,2,12,0,0,0,1,48,75455,6,1,0,0,3,0,999,999,0,0,0,0,0,0,0,0,0,0,38,0,0,0,1,2,98,8,8,8,98,20,3,4,19,99,1,1,89,1,0
48,480777,1,1,1,9,4,17,22,1,0,1,0,48,1,12,481,12481,31,1998,1FTZX1769WKB,1,F,T,Z,X,1,7,6,9,W,K,B,0,0,0,000000000,00000000000,0,0,0,1,0,0,0,0,0,0,0,998,0,1,3,0,6,2,1,0,0,0,1,48,79510,6,1,0,0,3,0,999,999,0,0,0,0,0,0,0,0,0,0,80,0,0,0,2,2,75,1,1,8,1,0,0,1,1,99,4,4,7,1,0
48,480778,1,1,1,9,4,7,36,8,0,1,0,48,1,20,471,20471,30,2001,1GNCS13W6121,1,G,N,C,S,1,3,W,6,1,2,1,0,0,0,000000000,00000000000,0,0,0,1,0,0,0,0,0,0,0,998,0,0,0,12,4,3,8,0,0,0,1,48,79563,6,1,6,0,3,0,999,999,1,0,0,1,0,10,2013,12,2013,0,31,0,0,0,0,0,0,0,0,0,0,0,0,8,98,99,1,5,13,0,0
48,480779,1,1,1,10,4,0,8,1,0,1,0,48,1,72,706,72706,80,2006,1HD1FCW196Y6,1,H,D,1,F,C,W,1,9,6,Y,6,0,0,0,000000000,00000000000,0,0,0,1,0,0,0,0,0,0,0,998,0,0,0,0,6,2,1,0,0,0,1,48,77505,6,1,0,0,3,0,999,999,0,0,0,0,0,0,0,0,0,5,0,0,0,0,3,2,65,2,2,8,1,0,0,3,12,99,9,4,7,1,1
48,480780,1,2,1,10,4,15,55,12,1,1,0,48,3,12,880,12880,67,2014,1FD0W4GT4EEA,1,F,D,0,W,4,G,T,4,E,E,A,1,1,57,1971526,571971526,2,4,3,1,0,0,0,0,0,0,0,998,0,0,0,12,4,3,12,0,0,0,1,48,77566,6,1,0,0,3,3,999,999,0,0,0,0,2,4,2012,1,2014,5,0,0,0,0,2,2,65,1,1,8,1,0,0,1,51,99,1,1,24,0,0
48,480780,2,2,2,10,4,15,55,12,1,1,0,5,1,55,33,55033,4,2004,KMHWF35H14A9,K,M,H,W,F,3,5,H,1,4,A,9,0,0,0,000000000,00000000000,0,0,0,1,0,0,0,0,0,0,0,998,0,0,0,6,6,2,12,0,0,0,1,5,77081,3,1,0,0,2,3,69,180,0,0,0,0,0,0,0,0,0,0,0,0,0,0,2,2,65,1,1,8,1,0,0,1,53,99,1,1,25,1,0
48,480781,1,2,1,10,4,17,25,12,6,1,0,48,1,12,473,12473,30,2008,1FMEU31E18UA,1,F,M,E,U,3,1,E,1,8,U,A,0,0,0,000000000,00000000000,0,0,0,1,0,0,0,0,0,0,0,998,0,0,0,12,4,3,12,0,0,0,1,48,77868,6,1,0,0,3,0,999,999,1,0,0,0,0,3,2013,3,2013,0,91,33,0,0,1,2,70,1,1,8,1,0,0,6,54,6,1,2,66,0,0
48,480781,2,2,1,10,4,17,25,12,6,1,0,48,1,22,20,22020,2,1996,1G2WJ12M7TF2,1,G,2,W,J,1,2,M,7,T,F,2,0,0,0,000000000,00000000000,0,0,0,1,0,0,0,0,0,0,0,998,0,0,0,9,6,2,12,0,0,0,1,48,77830,6,1,0,0,3,3,999,999,0,0,0,0,0,0,0,0,0,0,0,0,0,0,1,2,70,1,1,8,1,0,0,1,54,7,1,1,66,1,0
48,480782,1,1,1,10,4,18,0,1,0,1,0,48,0,12,481,12481,31,2002,1FTPX18L12NB,1,F,T,P,X,1,8,L,1,2,N,B,0,0,0,000000000,00000000000,0,0,0,1,0,0,0,0,0,0,0,998,0,2,1,0,6,2,1,0,0,0,1,48,78577,6,1,0,0,3,3,999,999,1,0,0,1,0,12,2011,1,2014,4,58,0,0,0,6,1,55,3,2,8,1,0,0,14,13,6,1,6,98,1,0
48,480783,1,1,1,10,4,8,20,46,0,1,0,48,2,37,421,37421,15,2004,2HKYF18584H6,2,H,K,Y,F,1,8,5,8,4,H,6,0,0,0,000000000,00000000000,0,0,0,1,0,0,0,0,0,0,0,998,0,0,0,12,4,3,46,32,0,0,1,48,79109,6,1,0,0,3,0,999,999,0,0,0,0,0,0,0,0,0,0,51,0,0,0,1,5,30,1,1,8,1,3,3,1,12,99,1,4,6,1,0
48,480784,1,2,1,11,4,14,8,12,6,1,0,93,2,82,884,82884,66,1996,1FUYDZYB8TP8,1,F,U,Y,D,Z,Y,B,8,T,P,8,1,2,57,1609780,571609780,3,6,2,1,0,0,0,0,0,0,0,998,0,0,0,1,6,2,12,0,0,1,1,48,79072,6,1,6,1,3,0,999,999,0,0,0,0,0,0,0,0,0,0,28,0,0,0,1,2,75,3,2,8,1,0,0,14,61,8,4,2,66,0,0
48,480784,2,2,1,11,4,14,8,12,6,1,0,48,2,12,481,12481,31,2003,1FTRX17W83KA,1,F,T,R,X,1,7,W,8,3,K,A,0,0,0,000000000,00000000000,0,0,0,1,0,0,0,0,0,0,0,998,0,1,5,62,6,2,12,32,0,0,1,48,76443,6,1,0,0,3,3,999,999,2,0,0,0,2,2,2013,3,2013,0,0,0,0,0,1,2,75,2,2,8,1,0,0,14,62,99,1,1,66,1,0
48,480785,1,1,1,11,4,16,58,1,0,1,0,48,1,72,706,72706,80,2005,1HD1BWB175Y0,1,H,D,1,B,W,B,1,7,5,Y,0,0,0,0,000000000,00000000000,0,0,0,1,0,0,0,0,0,0,0,998,0,0,0,0,8,3,1,0,0,0,1,48,75165,6,1,0,0,2,0,67,190,0,0,0,0,0,0,0,0,0,0,0,0,0,0,3,2,75,1,1,8,1,0,0,1,12,99,1,6,98,1,0
48,480786,1,1,1,11,4,11,45,8,0,1,0,48,3,20,461,20461,21,2007,1GCGG25U7711,1,G,C,G,G,2,5,U,7,7,1,1,0,0,57,110623,57110623,1,20,22,1,0,0,0,0,0,0,0,998,0,0,0,12,2,5,8,0,0,0,1,48,77067,6,1,0,0,3,0,999,999,0,0,0,0,0,0,0,0,0,0,38,0,0,0,1,2,30,1,1,1,1,3,3,11,80,1,1,1,13,0,0
48,480787,1,1,1,11,4,2,10,8,0,1,0,48,2,52,48,52048,5,2014,ML32A4HJ2EH0,M,L,3,2,A,4,H,J,2,E,H,0,0,0,0,000000000,00000000000,0,0,0,1,0,0,0,0,0,0,0,998,0,0,0,12,4,3,8,0,0,0,1,48,76119,0,0,0,0,0,0,999,999,0,7,0,0,0,12,2011,8,2013,0,0,0,0,0,1,4,40,1,1,8,1,0,0,1,80,99,1,1,13,0,0
48,480788,1,1,99,11,4,20,43,8,0,1,1,99,9,99,499,99499,39,9999,999999999999,9,9,9,9,9,9,9,9,9,9,9,9,9,0,0,000000000,00000000000,0,0,0,1,0,0,0,0,0,0,0,998,0,0,0,12,9,5,8,0,0,0,1,99,99999,9,9,99,9,9,9,999,999,99,99,99,99,99,99,9999,99,9999,0,0,0,0,0,1,2,35,1,1,8,1,0,0,1,80,99,1,1,13,0,0
48,480789,1,3,3,12,4,16,33,12,6,1,0,48,2,37,32,37032,4,2000,JHMCG5640YC0,J,H,M,C,G,5,6,4,0,Y,C,0,0,0,0,000000000,00000000000,0,0,0,1,0,0,0,0,0,0,0,998,0,0,0,3,6,2,12,0,0,0,1,48,78957,6,1,0,0,3,3,999,999,0,0,0,1,0,5,2011,5,2011,0,91,38,0,0,1,2,75,1,2,8,1,21,3,1,17,99,1,1,87,1,1
48,480789,2,3,2,12,4,16,33,12,6,1,0,48,1,49,401,49401,14,2014,JTEZU5JR8E50,J,T,E,Z,U,5,J,R,8,E,5,0,0,0,0,000000000,00000000000,0,0,0,1,0,0,0,0,0,0,0,998,0,0,0,12,6,2,12,0,0,0,1,48,78602,6,1,0,0,3,0,999,999,0,0,0,0,0,0,0,0,0,0,0,0,0,0,3,2,75,1,2,8,1,0,0,1,66,99,1,1,86,0,0
48,480789,3,3,1,12,4,16,33,12,6,1,0,48,1,12,481,12481,31,2012,1FTFW1EF5CKE,1,F,T,F,W,1,E,F,5,C,K,E,0,0,0,000000000,00000000000,0,0,0,1,0,0,0,0,0,0,0,0,0,0,0,12,2,8,12,0,0,0,1,48,78957,6,1,0,0,3,3,999,999,1,0,0,0,0,10,2012,10,2012,0,0,0,0,0,1,2,98,8,8,8,1,20,3,5,62,99,1,1,98,0,0