STATE,ST_CASE,VEH_NO,VE_FORMS,NUMOCCS,DAY,MONTH,HOUR,MINUTE,HARM_EV,MAN_COLL,UNITTYPE,HIT_RUN,REG_STAT,OWNER,MAKE,MODEL,MAK_MOD,BODY_TYP,MOD_YEAR,VIN,VIN_1,VIN_2,VIN_3,VIN_4,VIN_5,VIN_6,VIN_7,VIN_8,VIN_9,VIN_10,VIN_11,VIN_12,TOW_VEH,J_KNIFE,MCARR_I1,MCARR_I2,MCARR_ID,GVWR,V_CONFIG,CARGO_BT,HAZ_INV,HAZ_PLAC,HAZ_ID,HAZ_CNO,HAZ_REL,BUS_USE,SPEC_USE,EMER_USE,TRAV_SP,UNDERIDE,ROLLOVER,ROLINLOC,IMPACT1,DEFORMED,TOWED,M_HARM,VEH_SC1,VEH_SC2,FIRE_EXP,DR_PRES,L_STATE,DR_ZIP,L_STATUS,L_TYPE,CDL_STAT,L_ENDORS,L_COMPL,L_RESTRI,DR_HGT,DR_WGT,PREV_ACC,PREV_SUS,PREV_DWI,PREV_SPD,PREV_OTH,FIRST_MO,FIRST_YR,LAST_MO,LAST_YR,SPEEDREL,DR_SF1,DR_SF2,DR_SF3,DR_SF4,VTRAFWAY,VNUM_LAN,VSPD_LIM,VALIGN,VPROFILE,VPAVETYP,VSURCOND,VTRAFCON,VTCONT_F,P_CRASH1,P_CRASH2,P_CRASH3,PCRASH4,PCRASH5,ACC_TYPE,DEATHS,DR_DRINK
48,480941,2,2,3,30,4,19,54,1,0,1,0,48,0,20,2,20002,4,2005,2G1WF52E6591,2,G,1,W,F,5,2,E,6,5,9,1,0,0,0,000000000,00000000000,0,0,0,1,0,0,0,0,0,0,0,998,0,0,0,12,4,3,12,0,0,0,1,48,78251,6,1,0,0,3,0,999,999,0,0,0,0,1,9,2012,9,2012,0,0,0,0,0,5,7,45,1,1,8,1,0,0,1,62,4,1,1,98,0,0
48,480942,1,2,1,30,4,0,29,12,1,1,0,48,3,82,884,82884,66,2000,1FUYDDYB4YLB,1,F,U,Y,D,D,Y,B,4,Y,L,B,1,1,57,2477764,572477764,3,6,1,1,0,0,0,0,0,0,0,998,0,0,0,6,2,3,12,0,0,0,1,48,78852,6,1,6,0,3,0,999,999,0,0,0,2,0,12,2013,4,2014,0,0,0,0,0,1,2,45,1,1,8,1,0,0,1,53,1,1,1,25,0,0
48,480942,2,2,1,30,4,0,29,12,1,1,0,48,2,12,401,12401,14,1999,1FMRU17L1XLB,1,F,M,R,U,1,7,L,1,X,L,B,0,0,0,000000000,00000000000,0,0,0,1,0,0,0,0,0,0,0,998,0,0,0,12,4,3,12,0,0,0,1,48,77073,6,1,0,0,3,0,999,999,0,2,0,0,0,11,2013,1,2014,5,0,0,0,0,1,2,45,1,1,8,1,0,0,1,51,99,1,1,24,1,1
48,480943,1,1,1,30,4,20,45,32,0,1,0,46,1,12,471,12471,30,2006,1FTYR10UX6PA,1,F,T,Y,R,1,0,U,X,6,P,A,0,0,0,000000000,00000000000,0,0,0,1,0,0,0,0,0,0,0,998,0,1,5,12,4,3,1,0,0,0,1,46,75482,6,1,0,0,3,3,81,210,0,0,0,0,0,0,0,0,0,0,0,0,0,0,1,2,70,1,1,8,1,0,0,1,12,99,1,4,6,1,0
48,480944,1,2,1,3,4,15,45,1,0,1,0,48,2,35,402,35402,14,2003,5N1ED28T43C6,5,N,1,E,D,2,8,T,4,3,C,6,0,0,0,000000000,00000000000,0,0,0,1,0,0,0,0,0,0,0,998,0,2,1,0,6,2,1,0,0,0,1,48,76446,6,1,6,0,3,3,999,999,0,0,0,0,0,0,0,0,0,0,0,0,0,0,1,2,75,1,1,8,1,0,0,1,13,7,1,6,98,1,1
48,480944,2,2,2,3,4,15,45,1,0,1,0,48,2,12,422,12422,15,1997,1FMEU18WXVLC,1,F,M,E,U,1,8,W,X,V,L,C,0,0,0,000000000,00000000000,0,0,0,1,0,0,0,0,0,0,0,998,0,1,5,12,4,3,12,0,0,0,1,48,79706,6,1,0,0,3,0,999,999,0,0,0,0,0,0,0,0,0,0,0,0,0,0,1,2,75,1,1,8,1,99,9,1,62,99,1,1,98,0,0
48,480945,1,1,1,3,4,20,46,8,0,1,0,48,3,13,14,13014,6,2011,2LMDJ6JK2BBJ,2,L,M,D,J,6,J,K,2,B,B,J,0,0,0,000000000,00000000000,0,0,0,1,0,0,0,0,0,0,0,998,0,0,0,12,2,3,8,0,0,0,1,48,78537,6,1,0,0,3,0,999,999,0,0,0,0,0,0,0,0,0,0,0,0,0,0,1,2,65,1,1,8,1,0,0,1,80,99,1,1,13,0,0
48,480946,1,1,1,18,4,21,0,46,0,1,0,48,1,49,40,49040,4,1995,JT2SK11EXS03,J,T,2,S,K,1,1,E,X,S,0,3,0,0,0,000000000,00000000000,0,0,0,1,0,0,0,0,0,0,0,998,0,0,0,12,2,3,46,0,0,0,1,48,77504,6,1,0,0,3,3,999,999,0,0,0,0,0,0,0,0,0,0,0,0,0,0,2,4,35,1,1,1,1,3,3,1,12,99,1,4,6,1,0
48,480947,1,1,1,25,4,6,5,38,0,1,0,48,2,82,884,82884,66,2002,1FUJBBCG72LJ,1,F,U,J,B,B,C,G,7,2,L,J,1,1,57,2329189,572329189,3,6,8,1,0,0,0,0,0,0,0,998,0,0,0,12,6,2,2,0,0,1,1,48,77036,6,1,6,0,3,0,999,999,0,0,0,0,0,0,0,0,0,5,0,0,0,0,6,1,45,2,2,8,1,21,3,1,13,99,1,4,1,1,0
48,480948,1,2,1,26,4,2,3,12,1,1,0,40,0,73,706,73706,80,2012,JKBZXNE1XCA0,J,K,B,Z,X,N,E,1,X,C,A,0,0,0,0,000000000,00000000000,0,0,0,1,0,0,0,0,0,0,0,998,0,0,0,12,8,3,12,0,0,0,1,48,76002,6,1,0,0,3,0,67,301,3,0,0,0,0,11,2011,2,2012,5,0,0,0,0,3,3,60,1,1,8,1,0,0,1,50,99,1,1,32,1,1
48,480948,2,2,0,26,4,2,3,12,1,1,0,48,6,12,17,12017,4,2004,1FAFP56S04A1,1,F,A,F,P,5,6,S,0,4,A,1,0,0,0,000000000,00000000000,0,0,0,1,0,0,0,0,0,0,0,0,0,0,0,6,4,3,12,0,0,0,0,0,99997,7,6,97,7,6,7,998,997,998,998,998,998,998,98,9998,98,9998,8,20,0,0,0,3,3,60,1,1,8,1,0,0,0,53,0,0,0,32,0,0
48,480949,1,1,1,26,4,17,12,1,0,1,0,48,1,37,706,37706,80,2002,JH2RC44FX2M0,J,H,2,R,C,4,4,F,X,2,M,0,0,0,0,000000000,00000000000,0,0,0,1,0,0,0,0,0,0,0,70,0,0,0,0,2,3,1,0,0,0,1,48,79938,6,1,6,0,3,0,999,999,0,0,0,0,0,0,0,0,0,4,77,0,0,0,1,2,45,3,1,8,1,0,0,14,13,99,1,4,1,1,1
48,480950,1,2,3,26,4,13,52,12,6,1,0,48,2,12,471,12471,30,2003,1FTYR44V93PA,1,F,T,Y,R,4,4,V,9,3,P,A,0,0,0,000000000,00000000000,0,0,0,1,0,0,0,0,0,0,0,998,0,0,0,61,4,3,12,0,0,0,1,48,76117,6,1,0,0,3,3,999,999,0,0,0,0,0,0,0,0,0,0,38,0,0,0,1,2,98,8,8,8,98,20,3,11,15,1,1,1,82,0,0
48,480950,2,2,2,26,4,13,52,12,6,1,0,48,1,72,706,72706,80,2005,1HD1DJV175Y6,1,H,D,1,D,J,V,1,7,5,Y,6,0,0,0,000000000,00000000000,0,0,0,1,0,0,0,0,0,0,0,998,0,0,0,12,4,3,12,0,0,0,1,48,76117,6,1,6,0,3,0,999,999,0,0,0,0,0,0,0,0,0,0,0,0,0,0,5,5,40,1,2,8,1,0,0,1,67,99,1,1,83,1,0
48,480951,1,2,5,28,4,16,23,12,8,1,0,48,1,12,481,12481,31,2004,1FTSW31P14EA,1,F,T,S,W,3,1,P,1,4,E,A,1,1,0,000000000,00000000000,0,0,0,1,0,0,0,0,0,0,0,998,0,1,5,10,4,3,1,0,0,0,1,48,78629,6,1,6,0,3,0,999,999,0,0,0,0,0,0,0,0,0,0,0,0,0,0,1,2,70,1,3,8,1,0,0,1,1,99,9,2,64,0,0
48,480951,2,2,2,28,4,16,23,12,8,1,0,48,1,49,442,49442,20,2013,5TDYK3DC5DS3,5,T,D,Y,K,3,D,C,5,D,S,3,0,0,0,000000000,00000000000,0,0,0,1,0,0,0,0,0,0,0,998,0,0,0,10,6,2,12,0,0,0,1,48,77904,6,1,0,0,3,0,999,999,0,0,0,0,0,0,0,0,0,0,0,0,0,0,1,2,70,1,3,8,1,0,0,1,62,99,1,1,65,2,0
48,480952,1,3,1,29,4,13,40,12,1,1,0,93,2,85,884,85884,66,2005,1XKDDU9X05J1,1,X,K,D,D,U,9,X,0,5,J,1,1,3,57,1971526,571971526,3,6,3,1,0,0,0,0,0,0,0,998,0,0,0,12,4,3,12,0,0,0,1,48,77535,6,1,6,0,3,0,999,999,0,0,0,0,1,11,2012,11,2012,4,26,0,0,0,3,2,70,1,1,8,1,0,0,1,52,99,1,1,28,0,0
48,480952,2,3,1,29,4,13,40,12,1,1,0,48,2,12,3,12003,2,1997,1FALP4043VF1,1,F,A,L,P,4,0,4,3,V,F,1,0,0,0,000000000,00000000000,0,0,0,1,0,0,0,0,0,0,0,998,0,0,0,6,6,2,12,0,0,0,1,48,78244,0,0,0,0,0,0,999,999,0,0,0,0,0,0,0,0,0,0,0,0,0,0,3,2,70,1,1,8,1,0,0,2,53,99,1,1,29,1,0
48,480952,3,3,1,29,4,13,40,12,1,1,0,48,1,34,34,34034,4,2008,WBAVB73578KY,W,B,A,V,B,7,3,5,7,8,K,Y,0,0,0,000000000,00000000000,0,0,0,1,0,0,0,0,0,0,0,998,0,0,0,6,4,3,12,0,0,0,1,48,78244,6,1,6,0,3,0,999,999,2,0,0,0,0,2,2012,11,2012,0,0,0,0,0,3,2,70,1,1,8,1,0,0,2,53,99,1,1,98,0,0
48,480953,1,2,4,29,4,20,5,54,11,1,0,48,2,20,481,20481,31,2003,2GCEK19T8311,2,G,C,E,K,1,9,T,8,3,1,1,1,1,0,000000000,00000000000,0,0,0,1,0,0,0,0,0,0,0,998,0,0,0,18,2,3,54,0,0,0,1,48,77573,6,1,0,0,3,0,999,999,0,0,0,0,0,0,0,0,0,0,22,0,0,0,1,2,70,1,2,8,1,0,0,1,98,99,9,2,98,0,0
48,480953,2,2,2,29,4,20,5,54,11,1,0,48,1,12,473,12473,30,2001,1FMZU67EX1UB,1,F,M,Z,U,6,7,E,X,1,U,B,0,0,0,000000000,00000000000,0,0,0,1,0,0,0,0,0,0,0,998,0,0,0,12,4,3,54,0,0,0,1,48,75216,6,1,0,0,3,0,999,999,0,0,0,0,0,0,0,0,0,0,0,0,0,0,1,2,70,1,2,8,1,0,0,1,98,99,1,1,98,1,0
48,480954,1,1,1,30,4,2,14,34,0,1,0,48,1,7,43,7043,4,2004,4B3AG52H34E1,4,B,3,A,G,5,2,H,3,4,E,1,0,0,0,000000000,00000000000,0,0,0,1,0,0,0,0,0,0,0,89,0,0,0,98,6,2,35,0,0,0,1,48,79853,0,0,0,0,0,0,999,999,0,0,0,0,0,0,0,0,0,3,0,0,0,0,1,2,50,3,1,8,1,0,0,14,6,99,4,4,7,1,1
48,480955,1,2,1,30,4,12,45,12,2,1,0,48,2,37,705,37705,80,1993,JH2PC2509PM2,J,H,2,P,C,2,5,0,9,P,M,2,0,0,0,000000000,00000000000,0,0,0,1,0,0,0,0,0,0,0,998,0,0,0,12,9,2,12,0,0,0,1,48,77489,0,0,0,0,0,0,999,999,0,2,0,0,0,2,2012,5,2013,0,35,0,0,0,1,2,45,1,1,1,1,0,0,1,10,99,1,2,50,1,0
48,480955,2,2,1,30,4,12,45,12,2,1,0,48,1,35,473,35473,31,2006,1N6AA07A06N5,1,N,6,A,A,0,7,A,0,6,N,5,0,0,0,000000000,00000000000,0,0,0,1,0,0,0,0,0,0,0,998,0,0,0,12,4,5,12,0,0,0,1,48,77545,6,1,0,0,3,0,999,999,0,0,0,1,0,12,2012,12,2012,0,0,0,0,0,1,2,45,1,1,1,1,0,0,1,62,99,1,1,51,0,0
48,480956,1,1,2,5,4,0,47,8,0,1,0,48,1,37,403,37403,14,2010,5J6YH1H7XAL0,5,J,6,Y,H,1,H,7,X,A,L,0,0,0,0,000000000,00000000000,0,0,0,1,0,0,0,0,0,0,0,998,0,0,0,12,4,5,8,0,0,0,1,48,76227,6,1,0,0,3,3,999,999,0,0,0,1,0,4,2013,4,2013,0,0,0,0,0,5,5,65,1,1,8,1,98,1,15,90,7,1,1,13,0,0
48,480957,1,2,1,13,4,9,27,12,1,1,0,48,1,55,35,55035,4,2010,KMHDU4AD4AU9,K,M,H,D,U,4,A,D,4,A,U,9,0,0,0,000000000,00000000000,0,0,0,1,0,0,0,0,0,0,0,998,0,0,0,12,4,3,12,0,0,0,1,48,75067,6,1,0,0,3,3,999,999,1,0,0,0,0,12,2011,12,2011,5,0,0,0,0,2,3,45,1,3,8,2,3,3,1,50,99,1,1,20,1,0
48,480957,2,2,3,13,4,9,27,12,1,1,0,48,3,7,26,7026,4,2014,1C3CDZAB8EN1,1,C,3,C,D,Z,A,B,8,E,N,1,0,0,0,000000000,00000000000,0,0,0,1,0,0,0,0,0,0,0,0,0,0,0,6,4,3,12,0,0,0,1,48,78231,6,1,6,0,3,3,999,999,0,0,0,0,0,0,0,0,0,0,0,0,0,0,2,3,45,1,3,8,2,3,3,5,53,1,1,1,21,0,0
48,480958,1,2,1,16,4,21,50,12,6,1,0,48,2,82,884,82884,66,2000,1FVNFXZBXYPG,1,F,V,N,F,X,Z,B,X,Y,P,G,1,1,57,286600,57286600,3,6,3,1,0,0,0,0,0,0,0,998,0,0,0,9,2,5,12,0,0,0,1,48,77414,6,1,6,0,3,0,999,999,0,1,0,0,1,11,2011,6,2012,0,38,0,0,0,1,2,99,1,1,8,1,20,3,1,17,99,1,1,89,0,0
48,480958,2,2,1,16,4,21,50,12,6,1,0,48,2,12,3,12003,2,2011,1ZVBP8JS3B51,1,Z,V,B,P,8,J,S,3,B,5,1,0,0,0,000000000,00000000000,0,0,0,1,0,0,0,0,0,0,0,998,0,0,0,12,6,2,12,0,0,0,1,48,77957,6,1,0,0,3,3,999,999,0,0,0,1,0,12,2012,12,2012,0,0,0,0,0,3,2,75,1,1,8,1,0,0,1,66,1,1,1,88,1,0
48,480959,1,1,1,18,4,9,49,39,0,1,0,48,1,73,703,73703,80,2014,JKAEX8B10EA0,J,K,A,E,X,8,B,1,0,E,A,0,0,0,0,000000000,00000000000,0,0,0,1,0,0,0,0,0,0,0,998,0,0,0,98,8,2,39,0,0,0,1,48,78754,6,1,0,0,3,0,999,999,1,1,0,0,1,7,2012,12,2013,5,29,0,0,0,3,3,65,3,2,8,1,0,0,6,13,99,9,4,1,1,0
48,480960,1,1,1,28,4,14,40,39,0,1,0,48,2,55,401,55401,14,2007,5NMSH13E97H0,5,N,M,S,H,1,3,E,9,7,H,0,0,0,0,000000000,00000000000,0,0,0,1,0,0,0,0,0,0,0,998,0,0,0,1,4,3,39,0,0,0,1,48,77018,6,1,0,0,3,0,999,999,0,0,0,0,0,0,0,0,0,0,39,0,0,0,2,4,99,1,2,2,1,0,0,1,13,99,1,4,1,1,0
48,480961,1,1,33,20,4,7,15,24,0,1,0,48,2,98,988,98988,51,2000,YE2CC11B6Y20,Y,E,2,C,C,1,1,B,6,Y,2,0,0,0,57,1506785,571506785,3,21,22,1,0,0,0,0,5,3,0,998,0,1,5,12,2,3,1,0,0,0,1,48,75203,6,1,6,1,3,3,999,999,0,0,0,0,0,0,0,0,0,4,0,0,0,0,3,2,75,1,1,8,2,0,0,1,6,4,3,4,2,2,0
48,480962,1,2,2,27,4,11,21,12,2,1,0,48,2,20,481,20481,31,2007,1GCEK19Z47Z1,1,G,C,E,K,1,9,Z,4,7,Z,1,0,0,0,000000000,00000000000,0,0,0,1,0,0,0,0,0,0,0,998,0,0,0,12,6,2,12,0,0,0,1,48,76856,6,1,0,0,3,0,999,999,0,0,0,1,0,8,2011,8,2011,0,51,0,0,0,1,2,60,1,1,8,1,0,0,1,10,7,1,2,52,0,0
48,480962,2,2,2,27,4,11,21,12,2,1,0,35,1,37,421,37421,15,2013,5FNYF4H50DB0,5,F,N,Y,F,4,H,5,0,D,B,0,0,0,0,000000000,00000000000,0,0,0,1,0,0,0,0,0,0,0,998,0,0,0,12,6,2,12,0,0,0,1,35,87410,6,1,0,0,3,0,69,160,98,0,0,1,0,4,2013,4,2013,0,0,0,0,0,1,2,60,1,1,8,1,0,0,1,62,6,1,2,52,1,0
48,480963,1,2,2,29,4,13,40,12,6,1,0,48,2,12,481,12481,31,1996,1FTJW35F0TEA,1,F,T,J,W,3,5,F,0,T,E,A,0,0,0,000000000,00000000000,0,0,0,1,0,0,0,0,0,0,0,998,0,0,0,3,4,5,12,0,0,0,1,48,79761,6,1,0,0,3,3,999,999,0,1,0,0,0,6,2012,6,2012,0,38,0,0,0,1,4,35,1,1,8,1,0,0,11,15,99,1,1,68,0,0
48,480963,2,2,1,29,4,13,40,12,6,1,0,48,0,37,705,37705,80,2008,JH2PC40028M1,J,H,2,P,C,4,0,0,2,8,M,1,0,0,0,000000000,00000000000,0,0,0,1,0,0,0,0,0,0,0,998,0,0,0,12,4,3,12,0,0,0,1,48,79763,1,1,0,0,2,0,999,999,0,1,0,1,0,11,2013,12,2013,4,0,0,0,0,1,4,35,1,1,8,1,0,0,1,62,99,1,1,69,1,0
48,480964,1,1,1,29,4,14,32,52,0,1,0,48,3,84,884,84884,61,2006,3HAJFAVK76L2,3,H,A,J,F,A,V,K,7,6,L,2,0,0,57,2468820,572468820,2,1,3,1,0,0,0,0,0,0,0,998,0,1,1,12,4,3,52,0,0,0,1,48,76542,1,1,0,0,2,0,999,999,1,9,0,1,0,8,2011,5,2013,0,0,0,0,0,1,2,70,1,1,8,1,0,0,1,13,6,1,4,1,1,0
48,480965,1,2,1,30,4,22,52,12,2,1,0,48,2,12,17,12017,4,2008,1FAHP24W28G1,1,F,A,H,P,2,4,W,2,8,G,1,0,0,0,000000000,00000000000,0,0,0,1,0,0,0,0,0,0,0,998,0,0,0,12,4,3,12,0,0,0,1,48,76028,6,1,6,0,3,3,999,999,0,0,0,0,5,11,2011,11,2013,0,35,0,0,0,1,2,75,2,1,8,1,0,0,6,10,99,1,2,50,1,0
48,480965,2,2,1,30,4,22,52,12,2,1,0,93,3,87,884,87884,66,1999,1XP5DB9X5XD4,1,X,P,5,D,B,9,X,5,X,D,4,1,1,57,1888225,571888225,3,6,2,1,0,0,0,0,0,0,0,998,0,1,1,12,4,3,12,0,0,0,1,48,79414,6,1,6,0,3,0,999,999,0,0,0,0,2,12,2011,8,2013,0,0,0,0,0,1,2,75,3,1,8,1,0,0,14,54,99,1,1,51,0,0
48,480966,1,2,1,12,2,9,13,12,6,1,0,48,1,49,32,49032,4,1998,1NXBR12E2WZ0,1,N,X,B,R,1,2,E,2,W,Z,0,0,0,0,000000000,00000000000,0,0,0,1,0,0,0,0,0,0,0,998,0,0,0,10,4,3,12,0,0,0,1,48,79905,6,1,0,0,3,3,999,999,0,0,0,1,0,2,2011,2,2011,0,38,0,0,0,0,0,0,0,0,0,0,0,0,11,15,99,1,1,82,1,0
48,480966,2,2,1,12,2,9,13,12,6,1,0,35,2,20,36,20036,2,2003,2G1WX12K7391,2,G,1,W,X,1,2,K,7,3,9,1,0,0,0,000000000,00000000000,0,0,0,1,0,0,0,0,0,0,0,998,0,0,0,12,4,3,12,0,0,0,1,35,87123,9,9,99,9,9,9,999,999,99,99,99,99,99,99,9999,99,9999,0,0,0,0,0,5,5,35,1,1,8,1,0,0,1,72,99,1,1,83,0,0
48,480967,1,2,3,13,3,23,33,12,1,1,0,48,2,49,47,49047,6,2004,2T1KR32E94C1,2,T,1,K,R,3,2,E,9,4,C,1,0,0,0,000000000,00000000000,0,0,0,1,0,0,0,0,0,0,0,998,0,0,0,6,2,3,12,0,0,0,1,48,76052,6,1,0,0,3,0,999,999,0,0,0,0,0,0,0,0,0,0,0,0,0,0,3,4,55,1,1,8,1,0,0,15,53,99,1,1,25,0,0
48,480967,2,2,1,13,3,23,33,12,1,1,0,48,1,53,705,53705,80,2008,JS1GN7EA6821,J,S,1,G,N,7,E,A,6,8,2,1,0,0,0,000000000,00000000000,0,0,0,1,0,0,0,0,0,0,0,998,0,0,0,12,8,2,12,0,0,0,1,48,75208,6,1,0,0,3,0,73,225,0,0,0,0,0,0,0,0,0,0,26,0,0,0,3,4,55,1,1,8,1,0,0,1,51,99,1,1,24,1,0
48,480968,1,1,4,21,3,16,30,1,0,1,0,48,2,13,421,13421,15,1999,5LMRU27A5XLJ,5,L,M,R,U,2,7,A,5,X,L,J,0,0,0,000000000,00000000000,0,0,0,1,0,0,0,0,0,0,0,998,0,1,3,0,6,2,1,0,0,0,1,48,77057,0,0,0,0,0,0,999,999,0,0,0,0,0,0,0,0,0,0,24,0,0,0,3,2,75,3,2,8,1,0,0,14,9,99,9,4,1,1,0
48,480969,1,1,1,27,3,21,44,8,0,1,0,48,3,20,470,20470,29,2008,1GNFG1544811,1,G,N,F,G,1,5,4,4,8,1,1,0,0,0,000000000,00000000000,0,0,0,1,0,0,0,0,0,0,0,998,0,0,0,12,2,3,8,0,0,0,1,48,78557,6,1,0,0,3,3,999,999,0,0,0,1,1,3,2012,12,2013,0,38,0,0,0,2,2,30,1,1,8,1,0,0,15,80,99,1,1,13,0,0
48,480970,1,3,1,1,4,13,0,12,2,1,0,48,1,20,481,20481,31,2003,2GCEC19V3313,2,G,C,E,C,1,9,V,3,3,1,3,0,0,0,000000000,00000000000,0,0,0,1,0,0,0,0,0,0,0,998,0,0,0,12,4,3,12,0,0,0,1,48,78064,6,1,0,0,3,0,999,999,2,0,0,0,0,10,2012,11,2013,0,51,28,0,0,5,5,35,1,1,8,1,0,0,1,10,99,1,2,50,0,0
48,480970,2,3,1,1,4,13,0,12,2,1,0,48,1,72,706,72706,80,2012,1HD1KHM17CB6,1,H,D,1,K,H,M,1,7,C,B,6,0,0,0,000000000,00000000000,0,0,0,1,0,0,0,0,0,0,0,998,0,0,0,12,8,2,12,0,0,0,1,48,78112,6,1,6,0,3,0,999,999,0,0,0,1,0,8,2013,8,2013,0,0,0,0,0,5,5,35,1,1,8,1,0,0,1,62,99,1,1,51,1,0
48,480970,3,3,1,1,4,13,0,12,2,1,0,48,1,35,403,35403,14,2012,JN8AF5MR2CT1,J,N,8,A,F,5,M,R,2,C,T,1,0,0,0,000000000,00000000000,0,0,0,1,0,0,0,0,0,0,0,0,0,1,5,3,4,3,12,0,0,0,1,48,78065,6,1,0,0,3,0,999,999,0,0,0,0,0,0,0,0,0,0,0,0,0,0,0,0,0,0,0,0,0,0,0,98,68,1,1,1,98,0,0
48,480971,1,3,1,3,4,1,33,12,1,1,0,6,1,20,2,20002,4,2009,2G1WD57C0911,2,G,1,W,D,5,7,C,0,9,1,1,0,0,0,000000000,00000000000,0,0,0,1,0,0,0,0,0,0,0,998,0,0,0,12,6,2,12,0,0,0,1,6,94544,6,1,0,0,3,0,67,165,0,1,0,0,0,11,2011,11,2011,3,0,0,0,0,3,3,60,1,3,8,1,0,0,1,51,99,1,1,24,1,1
48,480971,2,3,2,3,4,1,33,12,1,1,0,48,2,12,880,12880,67,2009,1FDWF36R19EA,1,F,D,W,F,3,6,R,1,9,E,A,0,0,77,777777777,77777777777,2,1,97,1,0,0,0,0,0,0,0,998,0,0,0,6,4,3,12,0,0,0,1,48,79835,6,1,0,0,3,0,999,999,0,0,0,0,0,0,0,0,0,0,0,0,0,0,3,3,60,1,3,8,1,0,0,1,53,99,1,1,25,0,0
48,480971,3,3,1,3,4,1,33,12,1,1,0,48,2,55,33,55033,4,2013,5NPEB4AC9DH6,5,N,P,E,B,4,A,C,9,D,H,6,0,0,0,000000000,00000000000,0,0,0,1,0,0,0,0,0,0,0,998,0,0,0,82,4,3,12,0,0,0,1,48,79936,0,0,0,0,0,0,999,999,0,0,0,0,0,0,0,0,0,0,0,0,0,0,3,3,60,1,3,8,1,0,0,1,61,99,1,1,98,0,0
48,480972,1,1,2,20,4,19,5,38,0,1,0,48,2,20,36,20036,2,2001,2G1WX15K3192,2,G,1,W,X,1,5,K,3,1,9,2,0,0,0,000000000,00000000000,0,0,0,1,0,0,0,0,0,0,0,998,0,1,5,12,6,2,38,0,0,0,1,48,78639,6,1,0,0,3,0,999,999,0,0,0,0,0,0,0,0,0,4,39,0,0,0,1,2,45,1,1,8,1,20,3,1,14,99,1,4,14,1,0
48,480973,1,1,2,21,4,22,15,38,0,1,0,48,2,41,50,41050,4,2007,1YVHP84C175M,1,Y,V,H,P,8,4,C,1,7,5,M,0,0,0,000000000,00000000000,0,0,0,1,0,0,0,0,0,0,0,998,0,0,0,12,4,3,38,0,0,0,1,48,77306,0,0,0,0,0,0,999,999,0,0,0,0,0,0,0,0,0,3,24,39,0,0,1,2,30,1,1,8,1,20,3,1,17,99,7,4,7,1,0
48,480974,1,1,1,22,4,23,24,52,0,1,0,40,3,82,884,82884,66,2013,1FUJGLBGXDSB,1,F,U,J,G,L,B,G,X,D,S,B,1,1,57,3327,573327,3,6,1,1,0,0,0,0,0,0,0,998,0,0,0,12,6,2,21,0,0,0,1,13,30175,6,1,6,0,3,3,71,230,98,0,0,0,0,0,0,0,0,0,99,99,99,99,2,2,70,2,1,8,1,0,0,14,12,1,1,4,6,1,0
48,480976,1,2,2,25,4,7,14,12,2,1,0,99,9,37,32,37032,4,1992,999999999999,9,9,9,9,9,9,9,9,9,9,9,9,0,0,0,000000000,00000000000,0,0,0,1,0,0,0,0,0,0,0,998,0,1,1,12,6,2,12,0,0,0,1,48,75002,6,1,0,0,3,0,999,999,0,0,0,0,0,0,0,0,0,0,51,0,0,0,1,2,65,1,1,2,1,0,0,1,10,99,1,2,50,1,1
48,480976,2,2,2,25,4,7,14,12,2,1,0,48,1,20,481,20481,31,2012,3GCPCSE02CG1,3,G,C,P,C,S,E,0,2,C,G,1,0,0,0,000000000,00000000000,0,0,0,1,0,0,0,0,0,0,0,998,0,0,0,12,4,3,12,0,0,0,1,48,75092,6,1,0,0,3,3,999,999,0,0,0,1,0,9,2013,9,2013,0,0,0,0,0,1,2,65,1,1,2,1,0,0,1,62,7,1,1,51,0,0
48,480977,1,1,1,26,4,16,25,33,0,1,0,48,1,72,706,72706,80,2010,1HD1BW514AB0,1,H,D,1,B,W,5,1,4,A,B,0,0,0,0,000000000,00000000000,0,0,0,1,0,0,0,0,0,0,0,998,0,0,0,98,8,2,24,0,0,0,1,48,75069,6,1,0,0,3,0,999,999,0,0,0,0,0,0,0,0,0,3,58,0,0,0,2,2,40,3,2,8,1,0,0,14,12,99,1,4,6,1,0
48,480978,1,2,1,26,4,21,24,12,2,1,0,48,2,51,42,51042,4,1994,YV1LS5524R21,Y,V,1,L,S,5,5,2,4,R,2,1,0,0,0,000000000,00000000000,0,0,0,1,0,0,0,0,0,0,0,998,0,0,0,12,6,2,12,0,0,0,1,48,75150,6,1,0,0,3,3,999,999,0,0,0,0,0,0,0,0,0,0,50,0,0,0,2,3,35,1,1,8,1,0,0,1,10,99,1,2,52,0,0
48,480978,2,2,2,26,4,21,24,12,2,1,0,48,0,35,47,35047,4,2003,1N4AL11D43C2,1,N,4,A,L,1,1,D,4,3,C,2,0,0,0,000000000,00000000000,0,0,0,1,0,0,0,0,0,0,0,998,0,0,0,12,6,2,12,0,0,0,1,48,75149,6,1,0,0,3,3,66,259,0,0,0,0,0,0,0,0,0,0,0,0,0,0,2,3,35,1,1,8,1,0,0,1,54,99,1,1,52,1,0