STATE,ST_CASE,VEH_NO,VE_FORMS,NUMOCCS,DAY,MONTH,HOUR,MINUTE,HARM_EV,MAN_COLL,UNITTYPE,HIT_RUN,REG_STAT,OWNER,MAKE,MODEL,MAK_MOD,BODY_TYP,MOD_YEAR,VIN,VIN_1,VIN_2,VIN_3,VIN_4,VIN_5,VIN_6,VIN_7,VIN_8,VIN_9,VIN_10,VIN_11,VIN_12,TOW_VEH,J_KNIFE,MCARR_I1,MCARR_I2,MCARR_ID,GVWR,V_CONFIG,CARGO_BT,HAZ_INV,HAZ_PLAC,HAZ_ID,HAZ_CNO,HAZ_REL,BUS_USE,SPEC_USE,EMER_USE,TRAV_SP,UNDERIDE,ROLLOVER,ROLINLOC,IMPACT1,DEFORMED,TOWED,M_HARM,VEH_SC1,VEH_SC2,FIRE_EXP,DR_PRES,L_STATE,DR_ZIP,L_STATUS,L_TYPE,CDL_STAT,L_ENDORS,L_COMPL,L_RESTRI,DR_HGT,DR_WGT,PREV_ACC,PREV_SUS,PREV_DWI,PREV_SPD,PREV_OTH,FIRST_MO,FIRST_YR,LAST_MO,LAST_YR,SPEEDREL,DR_SF1,DR_SF2,DR_SF3,DR_SF4,VTRAFWAY,VNUM_LAN,VSPD_LIM,VALIGN,VPROFILE,VPAVETYP,VSURCOND,VTRAFCON,VTCONT_F,P_CRASH1,P_CRASH2,P_CRASH3,PCRASH4,PCRASH5,ACC_TYPE,DEATHS,DR_DRINK
48,481178,1,3,4,26,5,18,10,12,6,1,0,48,3,20,431,20431,16,2000,3GNFK16T9YG1,3,G,N,F,K,1,6,T,9,Y,G,1,0,0,0,000000000,00000000000,0,0,0,1,0,0,0,0,0,0,0,998,0,0,0,7,6,2,12,0,0,0,1,48,78550,6,1,0,0,3,0,999,999,0,0,0,0,0,0,0,0,0,4,0,0,0,0,2,2,75,3,3,8,2,0,0,14,52,3,3,7,64,2,0
48,481178,2,3,3,26,5,18,10,12,6,1,0,48,2,12,3,12003,2,2013,1ZVBP8AMXD52,1,Z,V,B,P,8,A,M,X,D,5,2,0,0,0,000000000,00000000000,0,0,0,1,0,0,0,0,0,0,0,998,0,0,0,12,6,2,12,0,0,0,1,48,78577,0,0,0,0,0,0,999,999,0,0,0,0,0,0,0,0,0,0,0,0,0,0,2,2,75,2,3,8,2,0,0,14,62,99,1,1,65,2,0
48,481178,3,3,5,26,5,18,10,12,6,1,0,48,3,35,47,35047,4,2013,1N4AL3AP6DN4,1,N,4,A,L,3,A,P,6,D,N,4,0,0,0,000000000,00000000000,0,0,0,1,0,0,0,0,0,0,0,998,0,0,0,12,4,3,12,0,0,0,1,48,77587,6,1,0,0,3,0,999,999,0,0,0,0,0,0,0,0,0,0,0,0,0,0,2,2,75,2,3,8,2,0,0,14,62,6,1,4,98,0,0
48,481179,1,2,1,26,5,17,35,12,98,1,0,48,1,53,705,53705,80,2003,JS1GN7BA0321,J,S,1,G,N,7,B,A,0,3,2,1,0,0,0,000000000,00000000000,0,0,0,1,0,0,0,0,0,0,0,998,0,0,0,81,4,3,12,0,0,0,1,48,76116,6,1,0,0,3,0,999,999,0,19,0,0,1,9,2011,3,2014,0,0,0,0,0,1,4,40,1,1,8,1,0,0,1,62,99,1,1,69,1,0
48,481179,2,2,1,26,5,17,35,12,98,1,0,48,1,59,403,59403,14,2006,JTJHW31U1600,J,T,J,H,W,3,1,U,1,6,0,0,0,0,0,000000000,00000000000,0,0,0,1,0,0,0,0,0,0,0,998,0,0,0,81,4,3,12,0,0,0,1,48,76116,6,1,0,0,3,3,999,999,0,0,0,0,0,0,0,0,0,0,0,0,0,0,1,4,40,1,1,8,1,0,0,11,15,99,1,1,68,0,0
48,481181,1,2,1,27,5,11,58,12,6,1,0,47,0,86,884,86884,66,2012,1M1AW09Y3CM0,1,M,1,A,W,0,9,Y,3,C,M,0,1,1,57,531,57531,3,6,3,1,0,0,0,0,0,0,0,998,0,1,1,3,6,2,2,0,0,1,1,22,71435,6,1,6,0,3,0,999,999,0,1,0,0,1,1,2012,1,2012,0,39,0,0,0,4,2,55,1,2,8,1,20,3,1,17,99,1,1,87,0,0
48,481181,2,2,1,27,5,11,58,12,6,1,0,19,3,82,884,82884,66,2010,1FVHC3BS1ADA,1,F,V,H,C,3,B,S,1,A,D,A,0,0,57,369351,57369351,3,5,96,1,0,0,0,0,0,0,0,998,0,0,0,12,6,2,12,0,0,1,1,48,79703,6,1,6,0,3,3,999,999,1,0,0,0,0,6,2012,6,2012,0,0,0,0,0,2,2,99,1,1,8,1,0,0,1,66,99,1,1,86,1,0
48,481182,1,1,1,27,5,10,15,1,0,1,0,48,1,37,706,37706,80,2002,1HFSC49092A0,1,H,F,S,C,4,9,0,9,2,A,0,0,0,0,000000000,00000000000,0,0,0,1,0,0,0,0,0,0,0,998,0,0,0,0,8,2,1,0,0,0,1,48,79848,6,1,0,0,3,3,999,999,0,0,0,0,0,0,0,0,0,0,87,0,0,0,1,3,75,3,2,8,1,0,0,14,5,99,9,2,98,1,0
48,481183,1,2,1,28,5,15,40,12,6,1,0,93,3,82,884,82884,66,2004,1FUJA6CK34LM,1,F,U,J,A,6,C,K,3,4,L,M,1,1,57,1490474,571490474,3,6,1,1,0,0,0,0,0,0,0,998,0,0,0,12,2,3,12,0,0,0,1,48,76550,6,1,6,0,3,3,999,999,0,0,0,0,0,0,0,0,0,0,0,0,0,0,1,4,70,3,1,8,1,0,0,14,67,99,1,1,83,0,0
48,481183,2,2,2,28,5,15,40,12,6,1,0,48,2,35,43,35043,4,2013,3N1AB7AP3DL7,3,N,1,A,B,7,A,P,3,D,L,7,0,0,0,000000000,00000000000,0,0,0,1,0,0,0,0,0,0,0,998,0,0,0,61,6,2,12,0,0,0,1,48,76522,0,0,0,0,0,0,999,999,0,0,0,0,0,0,0,0,0,0,38,0,0,0,1,2,99,1,1,8,1,20,3,11,15,99,1,1,82,1,0
48,481184,1,1,99,28,5,3,0,8,0,1,1,99,9,99,999,99999,99,9999,999999999999,9,9,9,9,9,9,9,9,9,9,9,9,0,0,0,000000000,00000000000,0,0,0,1,0,0,0,0,0,0,0,998,0,0,0,99,9,5,8,0,0,0,1,99,99999,9,9,99,9,9,9,999,999,99,99,99,99,99,99,9999,99,9999,0,0,0,0,0,2,3,35,1,1,8,1,0,0,1,80,99,9,1,13,0,0
48,481185,1,1,1,28,5,23,0,8,0,1,0,48,2,20,481,20481,31,1995,1GCEC14H2SZ1,1,G,C,E,C,1,4,H,2,S,Z,1,0,0,0,000000000,00000000000,0,0,0,1,0,0,0,0,0,0,0,998,0,0,0,12,2,5,8,0,0,0,1,48,79764,6,1,0,0,3,3,999,999,0,0,0,1,0,9,2013,9,2013,0,0,0,0,0,5,5,55,1,1,8,1,0,0,1,80,99,1,1,13,0,0
48,481186,1,1,3,28,5,18,30,1,0,1,0,48,1,7,482,7482,31,2008,1D7HA16K28J1,1,D,7,H,A,1,6,K,2,8,J,1,0,0,0,000000000,00000000000,0,0,0,1,0,0,0,0,0,0,0,998,0,9,1,0,2,3,1,0,0,0,1,48,77650,6,1,0,0,3,0,71,134,0,0,0,0,0,0,0,0,0,4,0,0,0,0,1,2,15,1,1,8,5,0,0,1,6,99,9,1,98,1,1
48,481188,1,1,1,28,5,6,6,1,0,1,0,48,1,49,401,49401,14,1999,JT3GN86R0X01,J,T,3,G,N,8,6,R,0,X,0,1,0,0,0,000000000,00000000000,0,0,0,1,0,0,0,0,0,0,0,998,0,9,1,0,4,3,1,0,0,0,1,48,79512,1,1,0,0,2,0,69,189,0,4,1,0,0,7,2011,3,2014,0,0,0,0,0,1,2,60,1,1,8,1,0,0,1,12,7,9,6,98,1,1
48,481189,1,1,1,29,5,16,59,53,0,1,0,48,2,12,401,12401,14,2001,1FMZU67E41UA,1,F,M,Z,U,6,7,E,4,1,U,A,0,0,0,000000000,00000000000,0,0,0,1,0,0,0,0,0,0,0,998,0,1,5,98,4,3,1,0,0,0,1,48,76635,0,0,0,0,0,0,999,999,0,0,0,0,0,0,0,0,0,4,58,0,0,0,1,2,60,2,1,8,1,0,0,14,10,7,4,4,2,1,0
48,481190,1,2,1,29,5,9,0,12,6,1,0,48,1,6,51,6051,4,2012,2C3CCAKT4CH3,2,C,3,C,C,A,K,T,4,C,H,3,0,0,0,000000000,00000000000,0,0,0,1,0,0,0,0,0,0,0,998,0,0,0,12,4,3,12,0,0,0,1,48,76015,6,1,0,0,3,0,999,999,0,0,0,0,0,0,0,0,0,0,38,0,0,0,2,4,40,1,1,8,1,3,3,11,15,99,1,1,68,0,0
48,481190,2,2,1,29,5,9,0,12,6,1,0,48,1,49,481,49481,31,1996,JT4TN12D2T00,J,T,4,T,N,1,2,D,2,T,0,0,0,0,0,000000000,00000000000,0,0,0,1,0,0,0,0,0,0,0,998,0,0,0,7,4,3,8,0,0,0,1,48,75052,6,1,0,0,3,0,999,999,0,0,0,0,0,0,0,0,0,0,0,0,0,0,2,3,40,1,1,8,1,3,3,1,62,99,1,1,69,0,0
48,481191,1,1,2,29,5,23,6,42,0,1,0,5,2,13,5,13005,4,2001,1LNHM97V31Y6,1,L,N,H,M,9,7,V,3,1,Y,6,0,0,0,000000000,00000000000,0,0,0,1,0,0,0,0,0,0,0,998,0,0,0,9,6,2,42,0,0,0,1,48,78721,0,0,0,0,0,0,999,999,0,5,0,0,0,7,2011,6,2013,4,0,0,0,0,2,2,35,1,1,8,1,0,0,1,13,99,1,4,1,1,0
48,481192,1,1,99,30,5,21,20,8,0,1,1,99,9,99,999,99999,99,9999,999999999999,9,9,9,9,9,9,9,9,9,9,9,9,0,0,0,000000000,00000000000,0,0,0,1,0,0,0,0,0,0,0,998,0,0,0,99,9,5,8,0,0,0,1,99,99999,9,9,99,9,9,9,999,999,99,99,99,99,99,99,9999,99,9999,0,0,0,0,0,2,2,40,1,1,8,1,0,0,1,80,99,1,1,13,0,0
48,481193,1,1,2,31,5,3,9,42,0,1,0,48,2,7,472,7472,30,2008,1D3HE58N58S5,1,D,3,H,E,5,8,N,5,8,S,5,0,0,0,000000000,00000000000,0,0,0,1,0,0,0,0,0,0,0,998,0,1,5,3,6,2,42,0,0,0,1,48,78223,0,0,0,0,0,0,999,999,0,4,0,1,1,7,2013,5,2014,5,91,0,0,0,2,2,35,1,1,8,1,0,0,1,6,99,4,4,6,1,1
48,481194,1,1,1,31,5,2,25,33,0,1,0,48,2,20,431,20431,16,2002,1GNEC16Z72J1,1,G,N,E,C,1,6,Z,7,2,J,1,0,0,0,000000000,00000000000,0,0,0,1,0,0,0,0,0,0,0,998,0,0,0,98,6,2,30,0,0,0,1,48,78260,6,1,0,0,3,0,999,999,0,0,0,0,1,10,2013,10,2013,5,58,0,0,0,3,1,30,3,6,8,1,0,0,14,13,99,1,4,1,1,1
48,481195,1,1,1,31,5,21,15,1,0,1,0,48,1,20,481,20481,31,2006,2GCEC13T0611,2,G,C,E,C,1,3,T,0,6,1,1,0,0,0,000000000,00000000000,0,0,0,1,0,0,0,0,0,0,0,998,0,2,5,0,6,2,1,0,0,0,1,48,77803,0,0,0,0,0,0,999,999,0,0,0,0,0,0,0,0,0,0,0,0,0,0,1,4,50,1,1,8,1,0,0,1,13,99,1,4,1,1,1
48,481197,1,1,1,31,5,0,40,1,0,1,0,48,0,12,481,12481,31,2003,1FTRX18L13NB,1,F,T,R,X,1,8,L,1,3,N,B,0,0,0,000000000,00000000000,0,0,0,1,0,0,0,0,0,0,0,998,0,2,5,0,4,3,1,0,0,0,1,48,79022,2,1,0,0,2,0,999,999,0,0,0,0,0,0,0,0,0,0,28,0,0,0,1,2,70,1,1,8,1,0,0,1,13,6,9,4,6,1,1
48,481198,1,2,1,31,5,17,16,12,6,1,0,48,1,12,3,12003,2,2012,1ZVBP8CF4C52,1,Z,V,B,P,8,C,F,4,C,5,2,0,0,0,000000000,00000000000,0,0,0,1,0,0,0,0,0,0,0,998,0,0,0,11,2,3,12,0,0,0,1,39,79606,6,1,0,0,3,0,74,190,0,0,0,0,0,0,0,0,0,0,38,0,0,0,0,0,0,0,0,0,0,0,0,10,98,1,1,1,78,0,0
48,481198,2,2,1,31,5,17,16,12,6,1,0,48,1,72,706,72706,80,2009,1HD1FB4169Y6,1,H,D,1,F,B,4,1,6,9,Y,6,0,0,0,000000000,00000000000,0,0,0,1,0,0,0,0,0,0,0,998,0,0,0,81,8,3,12,0,0,0,1,48,79603,6,1,0,0,3,0,999,999,0,0,0,0,0,0,0,0,0,0,27,0,0,0,4,2,45,1,1,8,1,0,0,15,70,99,1,1,79,1,0
48,481199,1,2,1,16,2,2,35,8,0,1,0,48,1,7,26,7026,4,2008,1B3LC46K38N2,1,B,3,L,C,4,6,K,3,8,N,2,0,0,0,000000000,00000000000,0,0,0,1,0,0,0,0,0,0,0,998,0,0,0,12,4,3,8,0,0,0,1,48,75050,6,1,0,0,3,0,999,999,1,1,0,0,0,7,2011,12,2012,5,91,0,0,0,3,3,60,1,1,8,1,0,0,1,80,1,1,1,13,0,1
48,481199,2,2,0,16,2,2,35,8,0,1,0,48,6,12,17,12017,4,2005,1FAFP53285A1,1,F,A,F,P,5,3,2,8,5,A,1,0,0,0,000000000,00000000000,0,0,0,1,0,0,0,0,0,0,0,0,0,0,0,6,4,3,12,0,0,0,0,0,99997,7,6,97,7,6,7,998,997,998,998,998,998,998,98,9998,98,9998,8,0,0,0,0,3,3,60,1,1,8,1,0,0,0,98,0,0,0,98,0,0
48,481200,1,1,1,1,3,1,59,1,0,1,0,22,3,82,884,82884,66,2006,1FVHAWCK16LV,1,F,V,H,A,W,C,K,1,6,L,V,1,1,57,286600,57286600,3,6,98,1,0,0,0,0,0,0,0,998,0,2,6,0,6,2,1,0,0,0,1,48,77880,6,1,6,0,3,0,999,999,0,0,0,0,3,8,2013,1,2014,0,89,0,0,0,3,2,75,1,1,8,1,0,0,1,13,99,1,4,1,1,0
48,481202,1,1,1,30,4,0,55,1,0,1,0,48,0,72,706,72706,80,1997,1HD1GEL35VY3,1,H,D,1,G,E,L,3,5,V,Y,3,0,0,0,000000000,00000000000,0,0,0,1,0,0,0,0,0,0,0,998,0,0,0,0,8,2,1,0,0,0,1,48,76859,1,1,6,0,2,0,999,999,0,8,0,0,0,6,2011,9,2013,0,0,0,0,0,1,2,45,3,1,8,1,0,0,14,13,6,5,6,98,1,0
48,481203,1,2,1,3,5,22,36,25,0,1,0,48,1,54,35,54035,4,2004,19UUA662X4A0,1,9,U,U,A,6,6,2,X,4,A,0,0,0,0,000000000,00000000000,0,0,0,1,0,0,0,0,0,0,0,998,0,0,0,12,4,3,25,0,0,0,1,48,77089,6,1,0,0,3,0,999,999,0,0,0,0,0,0,0,0,0,0,0,0,0,0,3,5,60,1,1,1,1,0,0,16,8,99,9,4,7,1,0
48,481203,2,2,2,3,5,22,36,25,0,1,0,48,0,12,16,12016,4,1998,2FAFP73W5WX1,2,F,A,F,P,7,3,W,5,W,X,1,0,0,0,000000000,00000000000,0,0,0,1,0,0,0,0,0,0,0,998,0,0,0,7,2,3,12,0,0,0,1,48,77061,6,1,0,0,3,0,999,999,0,1,0,0,0,1,2014,1,2014,0,0,0,0,0,3,5,60,1,1,1,1,0,0,1,60,99,1,1,98,0,0
48,481204,1,1,1,3,5,4,34,33,0,1,0,48,0,72,706,72706,80,2007,1HD1CZ3437K4,1,H,D,1,C,Z,3,4,3,7,K,4,0,0,0,000000000,00000000000,0,0,0,1,0,0,0,0,0,0,0,998,0,0,0,98,8,2,33,0,0,0,1,48,78754,6,1,0,0,3,0,999,999,1,0,0,0,0,10,2012,10,2012,0,0,0,0,0,2,2,55,2,1,8,1,0,0,14,12,99,1,4,6,1,0
48,481205,1,2,3,13,5,1,20,25,0,1,0,48,2,52,401,52401,14,1998,JA4LS31P4WP0,J,A,4,L,S,3,1,P,4,W,P,0,0,0,0,000000000,00000000000,0,0,0,1,0,0,0,0,0,0,0,998,0,0,0,12,2,3,25,0,0,0,1,48,77067,0,0,0,0,0,0,999,999,0,0,0,0,0,0,0,0,0,0,0,0,0,0,3,4,60,1,1,1,2,0,0,1,10,99,1,4,6,1,0
48,481205,2,2,1,13,5,1,20,25,0,1,0,93,3,51,881,51881,66,2015,4V4NC9EH1FN1,4,V,4,N,C,9,E,H,1,F,N,1,1,1,57,1922866,571922866,3,6,2,1,0,0,0,0,0,0,0,998,0,0,0,7,4,3,12,0,0,0,1,48,77530,6,1,6,1,3,3,999,999,0,0,0,0,0,0,0,0,0,0,0,0,0,0,3,4,60,1,1,1,2,0,0,1,60,99,1,1,98,0,0
48,481206,1,1,1,15,5,1,0,24,0,1,0,48,1,12,401,12401,14,2001,1FMYU60EX1UA,1,F,M,Y,U,6,0,E,X,1,U,A,0,0,0,000000000,00000000000,0,0,0,1,0,0,0,0,0,0,0,998,0,1,5,98,4,3,1,0,0,0,1,48,76108,6,1,0,0,3,3,999,999,0,1,0,0,0,3,2012,3,2012,5,0,0,0,0,4,2,45,2,1,8,1,0,0,14,12,7,9,4,2,1,0
48,481207,1,2,1,15,5,17,59,12,2,1,0,48,1,52,46,52046,4,2003,JA3AJ26E53U0,J,A,3,A,J,2,6,E,5,3,U,0,0,0,0,000000000,00000000000,0,0,0,1,0,0,0,0,0,0,0,998,0,0,0,12,6,2,12,0,0,0,1,48,77340,6,1,0,0,3,3,999,999,1,0,0,2,0,9,2011,4,2013,0,28,0,0,0,1,2,50,1,1,8,1,0,0,1,10,99,1,2,50,1,0
48,481207,2,2,1,15,5,17,59,12,2,1,0,92,0,12,23,12023,4,2008,3FAHP06Z68R1,3,F,A,H,P,0,6,Z,6,8,R,1,0,0,0,000000000,00000000000,0,0,0,1,0,0,0,0,0,0,0,998,0,0,0,12,6,2,12,0,0,0,1,48,75094,6,1,0,0,3,0,999,999,0,0,0,0,0,0,0,0,0,0,0,0,0,0,1,2,50,1,1,8,1,0,0,1,62,99,1,1,51,0,0
48,481208,1,1,1,16,5,14,0,38,0,1,0,48,1,35,473,35473,31,2005,1N6AA07B35N5,1,N,6,A,A,0,7,B,3,5,N,5,0,0,0,000000000,00000000000,0,0,0,1,0,0,0,0,0,0,0,998,0,1,6,98,4,3,1,0,0,0,1,48,78840,6,1,7,0,3,0,999,999,0,2,0,2,0,7,2011,4,2014,0,0,0,0,0,1,2,70,1,1,8,1,0,0,1,1,99,4,4,7,1,1
48,481209,1,2,1,20,5,10,0,33,0,1,0,48,1,49,32,49032,4,2008,1NXBR32EX8Z9,1,N,X,B,R,3,2,E,X,8,Z,9,0,0,0,000000000,00000000000,0,0,0,1,0,0,0,0,0,0,0,998,0,0,0,12,6,2,12,32,0,0,1,48,75756,6,1,0,0,3,0,999,999,0,0,0,0,0,0,0,0,0,0,51,0,0,0,2,2,50,1,2,1,1,0,0,1,12,99,1,7,98,1,0
48,481209,2,2,1,20,5,10,0,33,0,1,0,93,3,82,881,82881,66,2012,1FUJGLDR3CSB,1,F,U,J,G,L,D,R,3,C,S,B,0,0,57,3706,573706,3,5,96,1,0,0,0,0,0,0,0,998,0,0,0,98,4,3,12,0,0,0,1,40,73521,6,1,6,0,3,0,69,180,0,0,0,0,0,0,0,0,0,0,0,0,0,0,2,2,50,1,2,1,1,0,0,1,13,7,1,4,3,0,0
48,481210,1,1,1,20,5,2,18,33,0,1,0,48,1,72,706,72706,80,2013,1HD1GPM14DC3,1,H,D,1,G,P,M,1,4,D,C,3,0,0,0,000000000,00000000000,0,0,0,1,0,0,0,0,0,0,0,998,0,0,0,98,8,2,33,0,0,0,1,48,76710,1,1,0,0,2,0,999,999,0,3,0,0,0,11,2012,11,2012,5,0,0,0,0,3,3,40,1,2,8,1,0,0,16,13,99,1,4,1,1,1
48,481211,1,1,1,20,5,21,24,8,0,1,0,48,1,7,461,7461,21,1994,2B7HB21XXRK1,2,B,7,H,B,2,1,X,X,R,K,1,0,0,0,000000000,00000000000,0,0,0,1,0,0,0,0,0,0,0,998,0,0,0,12,4,3,8,0,0,0,1,48,78501,6,1,0,0,3,3,999,999,0,0,0,0,0,0,0,0,0,0,0,0,0,0,3,3,60,1,1,8,1,0,0,1,80,99,1,1,13,0,0
48,481212,1,1,1,20,5,5,40,58,0,1,0,4,1,42,48,42048,2,2006,WDBUF56J76A9,W,D,B,U,F,5,6,J,7,6,A,9,0,0,0,000000000,00000000000,0,0,0,1,0,0,0,0,0,0,0,998,0,0,0,12,4,3,58,0,0,0,1,4,85606,6,1,0,0,3,0,71,190,0,0,0,0,0,0,0,0,0,0,0,0,0,0,2,2,75,1,1,8,1,0,0,1,12,99,1,4,6,1,0
48,481213,1,1,1,22,5,23,30,14,0,1,0,48,0,53,705,53705,80,2002,JS1GN79A8221,J,S,1,G,N,7,9,A,8,2,2,1,0,0,0,000000000,00000000000,0,0,0,1,0,0,0,0,0,0,0,998,0,0,0,12,8,2,14,0,0,0,1,48,75006,1,1,0,0,2,0,74,230,0,7,0,0,0,7,2011,12,2013,0,0,0,0,0,3,5,60,1,3,8,1,0,0,1,11,99,1,4,11,1,1
48,481214,1,2,1,22,5,10,19,12,6,1,0,48,2,20,481,20481,31,2006,1GCEC19X36Z2,1,G,C,E,C,1,9,X,3,6,Z,2,0,0,0,000000000,00000000000,0,0,0,1,0,0,0,0,0,0,0,998,0,0,0,3,4,3,12,0,0,0,1,48,75074,6,1,0,0,3,0,999,999,0,0,0,0,0,0,0,0,0,0,38,0,0,0,1,4,40,1,1,8,1,0,0,11,15,99,1,1,68,0,0
48,481214,2,2,1,22,5,10,19,12,6,1,0,92,0,37,709,37709,80,2006,999999999999,9,9,9,9,9,9,9,9,9,9,9,9,0,0,0,000000000,00000000000,0,0,0,1,0,0,0,0,0,0,0,998,0,0,0,12,8,2,12,0,0,0,1,48,75098,0,0,0,0,0,0,69,196,0,0,0,0,0,0,0,0,0,0,0,0,0,0,1,4,40,1,1,8,1,0,0,1,62,99,1,1,69,1,0
48,481215,1,1,1,22,5,17,52,9,0,1,0,48,3,12,880,12880,67,2013,1FT8W3DT4DEB,1,F,T,8,W,3,D,T,4,D,E,B,1,1,57,1506433,571506433,2,4,3,1,0,0,0,0,0,0,0,998,0,0,0,12,0,3,9,0,0,0,1,48,79070,6,1,6,0,3,0,999,999,0,0,0,0,0,0,0,0,0,0,0,0,0,0,1,4,30,1,1,2,1,0,0,1,83,99,1,1,13,0,0
48,481216,1,1,1,22,5,11,5,58,0,1,0,48,1,23,472,23472,30,2008,1GTCS13E4881,1,G,T,C,S,1,3,E,4,8,8,1,0,0,0,000000000,00000000000,0,0,0,1,0,0,0,0,0,0,0,998,0,1,5,98,4,3,1,32,0,0,1,48,79772,6,1,0,0,3,3,999,999,0,0,0,0,0,0,0,0,0,0,0,0,0,0,3,2,80,2,1,8,1,0,0,6,13,99,1,4,1,1,0
48,481217,1,1,2,23,5,4,15,52,0,1,0,34,3,87,881,87881,66,2004,1NP5DB9X74N8,1,N,P,5,D,B,9,X,7,4,N,8,1,1,57,1810506,571810506,3,6,6,1,0,0,0,0,0,0,0,998,0,1,5,12,6,2,1,0,0,1,1,34,8879,6,1,6,0,3,0,71,136,0,0,0,0,0,0,0,0,0,0,0,0,0,0,3,2,75,1,2,8,1,0,0,1,13,99,1,4,1,2,0
48,481218,1,1,1,24,5,3,0,24,0,1,0,48,0,53,705,53705,80,2012,JS1GN7FA4C21,J,S,1,G,N,7,F,A,4,C,2,1,0,0,0,000000000,00000000000,0,0,0,1,0,0,0,0,0,0,0,998,0,0,0,98,8,2,24,0,0,0,1,48,78205,1,1,0,0,2,0,999,999,0,20,0,0,1,7,2011,12,2013,4,0,0,0,0,6,1,98,3,2,8,1,0,0,3,6,99,3,4,2,1,1
48,481219,1,2,1,24,5,9,55,12,6,1,0,48,2,37,32,37032,4,2006,1HGCM72616A0,1,H,G,C,M,7,2,6,1,6,A,0,0,0,0,000000000,00000000000,0,0,0,1,0,0,0,0,0,0,0,998,0,0,0,12,4,3,12,0,0,0,1,48,77449,0,0,0,0,0,0,999,999,0,0,0,0,0,0,0,0,0,0,0,0,0,0,1,2,98,8,8,8,98,3,3,4,66,99,1,1,86,0,0
48,481219,2,2,1,24,5,9,55,12,6,1,0,48,2,49,50,49050,3,2009,JTKDE1674902,J,T,K,D,E,1,6,7,4,9,0,2,0,0,0,000000000,00000000000,0,0,0,1,0,0,0,0,0,0,0,998,0,1,1,81,4,3,12,0,0,0,1,48,77493,6,1,0,0,3,0,999,999,3,0,0,1,1,7,2011,5,2012,3,39,0,0,0,2,2,40,1,1,8,1,3,3,1,17,99,1,1,87,1,1
48,481221,1,1,3,25,5,21,40,8,0,1,0,48,1,34,34,34034,4,2006,WBAVB13546KX,W,B,A,V,B,1,3,5,4,6,K,X,0,0,0,000000000,00000000000,0,0,0,1,0,0,0,0,0,0,0,998,0,0,0,12,2,3,8,0,0,0,1,48,78501,6,1,0,0,3,3,999,999,0,0,0,0,0,0,0,0,0,0,0,0,0,0,2,2,75,1,1,8,1,0,0,1,80,99,1,1,13,0,0
48,481222,1,2,1,28,5,12,23,12,6,1,0,40,1,87,884,87884,66,2000,1XP5DB9X2YD5,1,X,P,5,D,B,9,X,2,Y,D,5,1,1,57,1269727,571269727,3,6,3,1,0,0,0,0,0,0,0,998,0,0,0,12,4,3,12,0,0,0,1,40,74525,6,1,6,1,3,3,70,200,0,0,0,0,0,0,0,0,0,0,0,0,0,0,5,5,98,1,1,8,1,0,0,1,71,1,1,1,88,0,0
48,481222,2,2,1,28,5,12,23,12,6,1,0,48,1,7,482,7482,31,2006,3D7ML48C36G2,3,D,7,M,L,4,8,C,3,6,G,2,0,0,0,000000000,00000000000,0,0,0,1,0,0,0,0,0,0,0,998,0,0,0,9,6,2,12,0,0,0,1,48,75455,6,1,0,0,3,0,999,999,0,0,0,0,0,0,0,0,0,0,38,0,0,0,0,0,0,0,0,0,0,0,0,1,98,99,1,1,89,1,0
48,481223,1,2,1,29,5,1,40,12,2,1,0,48,1,82,884,82884,66,2006,1FUJBBCG06LU,1,F,U,J,B,B,C,G,0,6,L,U,1,1,57,2422876,572422876,3,6,3,1,0,0,0,0,0,0,0,998,0,0,0,12,6,2,2,0,0,1,1,48,77085,6,1,6,0,3,0,999,999,0,0,0,0,1,5,2012,5,2012,0,0,0,0,0,2,2,75,1,1,8,1,0,0,1,54,99,1,1,52,0,0
48,481223,2,2,1,29,5,1,40,12,2,1,0,6,2,14,17,14017,4,2000,1MEFM55S2YA6,1,M,E,F,M,5,5,S,2,Y,A,6,0,0,0,000000000,00000000000,0,0,0,1,0,0,0,0,0,0,0,998,0,0,0,12,6,2,12,0,0,0,1,6,92548,6,1,0,0,3,3,70,170,0,1,0,0,0,2,2012,2,2012,0,51,0,0,0,2,2,75,1,1,8,1,0,0,1,54,99,1,1,52,1,0
48,481224,1,2,1,30,5,22,34,12,6,1,0,48,2,20,481,20481,31,2008,1GCEC14X88Z1,1,G,C,E,C,1,4,X,8,8,Z,1,0,0,0,000000000,00000000000,0,0,0,1,0,0,0,0,0,0,0,51,0,0,0,12,4,3,12,0,0,0,1,48,75220,0,0,0,0,0,0,999,999,0,0,0,0,0,0,0,0,0,3,0,0,0,0,2,3,35,1,1,8,1,3,3,1,66,3,1,1,88,0,1
48,481224,2,2,1,30,5,22,34,12,6,1,0,48,1,20,22,20022,4,2008,1G1AL58F4871,1,G,1,A,L,5,8,F,4,8,7,1,0,0,0,000000000,00000000000,0,0,0,1,0,0,0,0,0,0,0,998,0,0,0,9,4,3,12,0,0,0,1,48,75208,6,1,0,0,3,0,999,202,0,0,0,0,0,0,0,0,0,0,0,0,0,0,8,8,98,8,8,8,1,3,3,1,17,99,1,1,89,1,0