STATE,ST_CASE,VEH_NO,VE_FORMS,NUMOCCS,DAY,MONTH,HOUR,MINUTE,HARM_EV,MAN_COLL,UNITTYPE,HIT_RUN,REG_STAT,OWNER,MAKE,MODEL,MAK_MOD,BODY_TYP,MOD_YEAR,VIN,VIN_1,VIN_2,VIN_3,VIN_4,VIN_5,VIN_6,VIN_7,VIN_8,VIN_9,VIN_10,VIN_11,VIN_12,TOW_VEH,J_KNIFE,MCARR_I1,MCARR_I2,MCARR_ID,GVWR,V_CONFIG,CARGO_BT,HAZ_INV,HAZ_PLAC,HAZ_ID,HAZ_CNO,HAZ_REL,BUS_USE,SPEC_USE,EMER_USE,TRAV_SP,UNDERIDE,ROLLOVER,ROLINLOC,IMPACT1,DEFORMED,TOWED,M_HARM,VEH_SC1,VEH_SC2,FIRE_EXP,DR_PRES,L_STATE,DR_ZIP,L_STATUS,L_TYPE,CDL_STAT,L_ENDORS,L_COMPL,L_RESTRI,DR_HGT,DR_WGT,PREV_ACC,PREV_SUS,PREV_DWI,PREV_SPD,PREV_OTH,FIRST_MO,FIRST_YR,LAST_MO,LAST_YR,SPEEDREL,DR_SF1,DR_SF2,DR_SF3,DR_SF4,VTRAFWAY,VNUM_LAN,VSPD_LIM,VALIGN,VPROFILE,VPAVETYP,VSURCOND,VTRAFCON,VTCONT_F,P_CRASH1,P_CRASH2,P_CRASH3,PCRASH4,PCRASH5,ACC_TYPE,DEATHS,DR_DRINK
48,481225,1,1,6,30,5,21,16,9,0,1,0,48,1,7,402,7402,14,2000,1B4HR28Y0YF2,1,B,4,H,R,2,8,Y,0,Y,F,2,0,0,0,000000000,00000000000,0,0,0,1,0,0,0,0,0,0,0,998,0,0,0,12,4,3,9,0,0,0,1,48,78071,6,1,0,0,3,0,999,999,0,0,0,0,1,4,2013,4,2013,0,0,0,0,0,1,3,70,1,3,8,1,0,0,1,83,1,1,1,13,0,0
48,481226,1,2,1,30,5,16,15,12,6,1,0,48,2,7,27,7027,6,2012,3C4PDCAB9CT3,3,C,4,P,D,C,A,B,9,C,T,3,0,0,0,000000000,00000000000,0,0,0,1,0,0,0,0,0,0,0,998,0,0,0,3,4,3,12,0,0,0,1,48,77662,6,1,0,0,3,0,67,172,0,0,0,0,0,0,0,0,0,0,38,0,0,0,1,2,65,1,1,8,2,0,0,1,10,1,1,2,98,1,0
48,481226,2,2,1,30,5,16,15,12,6,1,0,48,2,13,1,13001,4,1994,1LNLM82W0RY7,1,L,N,L,M,8,2,W,0,R,Y,7,0,0,0,000000000,00000000000,0,0,0,1,0,0,0,0,0,0,0,998,0,0,0,12,4,3,12,0,0,0,1,48,77626,6,1,0,0,3,3,999,999,0,0,0,0,0,0,0,0,0,0,0,0,0,0,1,2,65,1,1,8,2,0,0,1,62,99,1,1,98,0,0
48,481227,1,1,99,31,5,21,31,8,0,1,1,99,9,99,999,99999,99,9999,999999999999,9,9,9,9,9,9,9,9,9,9,9,9,0,0,0,000000000,00000000000,0,0,0,1,0,0,0,0,0,0,0,999,0,0,0,12,8,5,8,99,99,0,1,99,99999,9,9,99,0,9,9,999,999,99,99,99,99,99,99,9999,99,9999,0,99,99,99,99,5,5,50,1,1,8,1,0,0,1,80,99,1,1,13,0,0
48,481228,1,1,3,31,5,6,10,38,0,1,0,48,1,37,32,37032,4,2013,1HGCR2F30DA0,1,H,G,C,R,2,F,3,0,D,A,0,0,0,0,000000000,00000000000,0,0,0,1,0,0,0,0,0,0,0,998,0,0,0,81,4,3,38,0,0,0,1,48,77803,6,1,0,0,3,0,999,999,0,0,0,0,0,0,0,0,0,0,58,21,0,0,1,2,60,1,1,8,1,0,0,1,13,6,4,4,6,1,1
48,481229,1,1,24,31,5,14,7,1,0,1,1,48,9,20,481,20481,31,2000,1GCGC29U5YE3,1,G,C,G,C,2,9,U,5,Y,E,3,0,0,0,000000000,00000000000,0,0,0,1,0,0,0,0,0,0,0,998,0,2,5,0,6,2,1,0,0,0,1,99,99999,9,9,99,9,9,9,999,999,99,99,99,99,99,99,9999,99,9999,0,58,0,0,0,1,2,60,1,2,8,1,0,0,1,13,7,1,4,1,3,0
48,481230,1,1,4,31,5,11,50,14,0,1,0,48,1,20,482,20482,31,2002,3GNEK13T52G1,3,G,N,E,K,1,3,T,5,2,G,1,0,0,0,000000000,00000000000,0,0,0,1,0,0,0,0,0,0,0,998,0,0,0,9,4,3,14,0,0,0,1,48,75693,6,1,0,0,3,0,999,999,0,0,0,0,0,0,0,0,0,4,79,0,0,0,2,2,70,1,2,8,2,0,0,1,6,99,3,4,11,2,0
48,481231,1,1,1,17,1,15,43,9,0,1,0,48,2,20,421,20421,15,2005,1GNEC13T95R2,1,G,N,E,C,1,3,T,9,5,R,2,0,0,0,000000000,00000000000,0,0,0,1,0,0,0,0,0,0,0,998,0,0,0,62,2,5,9,0,0,0,1,48,75701,6,1,0,0,3,0,999,999,0,0,0,1,0,5,2012,5,2012,0,0,0,0,0,1,2,30,1,1,8,1,0,0,1,83,99,1,1,13,0,0
48,481232,1,2,1,23,2,3,0,12,1,1,0,48,2,20,22,20022,4,2009,1G1AT58HX971,1,G,1,A,T,5,8,H,X,9,7,1,0,0,0,000000000,00000000000,0,0,0,1,0,0,0,0,0,0,0,998,0,0,0,12,4,3,12,0,0,0,1,48,75217,1,1,0,0,2,0,999,999,0,1,0,0,0,6,2013,6,2013,0,0,0,0,0,3,5,60,1,3,8,1,0,0,1,50,99,1,1,32,0,1
48,481232,2,2,0,23,2,3,0,12,1,1,0,48,6,35,473,35473,31,2005,1N6BA06A05N5,1,N,6,B,A,0,6,A,0,5,N,5,0,0,0,000000000,00000000000,0,0,0,1,0,0,0,0,0,0,0,0,0,0,0,6,4,3,12,0,0,0,0,0,99997,7,6,97,7,6,7,998,997,998,998,998,998,998,98,9998,98,9998,8,20,0,0,0,3,5,60,1,3,8,1,0,0,0,53,0,0,0,32,0,0
48,481233,1,1,2,31,3,3,43,52,0,1,0,48,2,19,3,19003,4,1998,1G6KD54YXWU7,1,G,6,K,D,5,4,Y,X,W,U,7,0,0,0,000000000,00000000000,0,0,0,1,0,0,0,0,0,0,0,998,0,1,5,98,6,2,1,0,0,0,1,48,79512,0,0,0,0,0,0,999,999,0,4,0,0,1,11,2011,4,2013,0,0,0,0,0,1,2,75,1,1,8,1,0,0,1,13,99,1,4,1,1,1
48,481234,1,1,1,16,4,4,0,14,0,1,0,48,1,20,481,20481,31,1988,1GCFC24H7JZ2,1,G,C,F,C,2,4,H,7,J,Z,2,0,0,0,000000000,00000000000,0,0,0,1,0,0,0,0,0,0,0,998,0,0,0,12,6,2,14,0,0,0,1,48,75803,6,1,0,0,3,0,999,999,0,0,0,0,0,0,0,0,0,0,0,0,0,0,1,2,70,1,1,8,1,0,0,1,11,99,1,4,11,1,1
48,481235,1,1,7,11,5,20,51,8,0,1,0,48,1,63,36,63036,6,2008,KNAFG5265871,K,N,A,F,G,5,2,6,5,8,7,1,0,0,0,000000000,00000000000,0,0,0,1,0,0,0,0,0,0,0,998,0,0,0,98,0,5,8,0,0,0,1,48,79403,0,0,0,0,0,0,999,999,0,15,0,0,0,5,2012,12,2013,0,31,0,0,0,0,0,0,0,0,0,0,0,0,13,81,99,1,5,92,0,0
48,481236,1,1,1,29,5,18,0,38,0,1,0,48,2,20,481,20481,31,2003,1GCEC14X53Z2,1,G,C,E,C,1,4,X,5,3,Z,2,0,0,0,000000000,00000000000,0,0,0,1,0,0,0,0,0,0,0,998,0,1,5,12,6,2,1,0,0,0,1,48,76374,1,1,0,0,2,0,999,999,0,2,0,1,0,12,2012,5,2014,0,58,0,0,0,1,2,75,1,1,8,1,0,0,1,13,6,9,4,7,1,1
48,481237,1,2,1,30,5,1,30,12,1,1,1,93,3,82,884,82884,66,2007,1FUJBBCK17LW,1,F,U,J,B,B,C,K,1,7,L,W,1,1,57,2395724,572395724,3,6,1,1,0,0,0,0,0,0,0,998,0,0,0,12,4,3,12,0,0,0,1,39,44410,6,1,6,0,3,0,71,250,0,0,0,1,3,1,2012,5,2013,5,91,0,0,0,2,2,75,1,1,8,1,0,0,1,51,99,1,1,24,0,0
48,481237,2,2,2,30,5,1,30,12,1,1,0,48,2,12,401,12401,14,1993,1FMDU32X3PUC,1,F,M,D,U,3,2,X,3,P,U,C,0,0,0,000000000,00000000000,0,0,0,1,0,0,0,0,0,0,0,998,0,1,3,6,6,2,1,0,0,0,1,48,78226,6,1,0,0,3,0,999,999,0,0,0,0,0,0,0,0,0,0,0,0,0,0,2,2,75,1,1,8,1,0,0,1,53,99,1,1,25,1,0
48,481238,1,1,2,30,5,22,50,1,0,1,0,12,1,76,706,76706,80,2008,JYAVP27E28A0,J,Y,A,V,P,2,7,E,2,8,A,0,0,0,0,000000000,00000000000,0,0,0,1,0,0,0,0,0,0,0,998,0,0,0,0,6,2,1,0,0,0,1,48,78410,1,1,0,0,2,2,999,999,0,4,0,0,0,2,2014,5,2014,5,74,0,0,0,5,5,45,3,1,8,1,0,0,14,13,99,9,4,1,1,1
48,481239,1,1,1,31,5,22,55,42,0,1,0,48,1,6,18,6018,4,2013,1C3CCBCG6DN5,1,C,3,C,C,B,C,G,6,D,N,5,0,0,0,000000000,00000000000,0,0,0,1,0,0,0,0,0,0,0,998,0,0,0,82,4,3,17,0,0,0,1,48,76550,6,1,0,0,3,0,999,999,3,0,0,0,2,7,2011,11,2013,0,99,99,99,99,1,4,70,1,1,8,1,0,0,1,13,99,1,4,1,1,0
48,481240,1,2,1,1,6,14,31,12,6,1,0,4,2,73,706,73706,80,1998,JKBVNAE19WA0,J,K,B,V,N,A,E,1,9,W,A,0,0,0,0,000000000,00000000000,0,0,0,1,0,0,0,0,0,0,0,998,0,0,0,98,8,2,12,0,0,0,1,48,75035,6,1,0,0,3,3,999,999,0,0,0,0,0,0,0,0,0,0,0,0,0,0,1,2,45,1,1,8,1,0,0,1,62,99,1,1,69,1,0
48,481240,2,2,1,1,6,14,31,12,6,1,0,48,1,37,705,37705,80,2003,JH2PC21323M4,J,H,2,P,C,2,1,3,2,3,M,4,0,0,0,000000000,00000000000,0,0,0,1,0,0,0,0,0,0,0,998,0,0,0,98,8,5,12,0,0,0,1,48,75009,6,1,0,0,3,0,999,999,0,0,0,0,0,0,0,0,0,0,38,0,0,0,1,2,45,1,1,8,1,0,0,11,15,99,1,1,68,0,0
48,481241,1,2,2,1,6,9,55,45,0,1,0,48,1,63,32,63032,4,2004,KNADC1256463,K,N,A,D,C,1,2,5,6,4,6,3,0,0,0,000000000,00000000000,0,0,0,1,0,0,0,0,0,0,0,998,0,0,0,12,6,2,12,0,0,0,1,48,76112,6,1,0,0,3,0,62,130,0,0,0,0,0,0,0,0,0,3,27,0,0,0,3,4,60,1,1,8,1,98,3,15,51,6,1,2,98,1,0
48,481241,3,2,1,1,6,9,55,45,0,1,0,48,2,20,421,20421,15,2000,1GNEC13T9YJ1,1,G,N,E,C,1,3,T,9,Y,J,1,0,0,0,000000000,00000000000,0,0,0,1,0,0,0,0,0,0,0,998,0,0,0,12,2,3,12,0,0,0,1,48,75061,0,0,0,0,0,0,999,999,0,7,1,0,0,6,2011,5,2014,0,0,0,0,0,3,4,60,1,1,8,1,98,3,1,59,99,1,1,98,0,0
48,481242,1,2,1,1,6,21,54,12,8,1,0,48,3,86,884,86884,66,2013,1M1AN09Y9DM0,1,M,1,A,N,0,9,Y,9,D,M,0,1,1,57,1935441,571935441,3,6,2,1,0,0,0,0,0,0,0,998,0,0,0,61,4,3,12,0,0,0,1,48,77856,6,1,6,1,3,3,999,999,0,0,0,0,1,9,2013,9,2013,0,0,0,0,0,1,2,70,1,1,8,1,0,0,1,62,7,1,4,66,0,0
48,481242,2,2,1,1,6,21,54,12,8,1,0,48,2,12,17,12017,4,2005,1FAHP53205A2,1,F,A,H,P,5,3,2,0,5,A,2,0,0,0,000000000,00000000000,0,0,0,1,0,0,0,0,0,0,0,998,0,0,0,61,4,3,12,0,0,0,1,48,77872,6,1,0,0,3,0,999,999,0,0,0,0,0,0,0,0,0,0,51,0,0,0,1,2,70,1,1,8,1,0,0,1,12,99,1,4,66,1,0
48,481243,1,1,1,1,6,20,29,11,0,1,0,48,1,37,706,37706,80,2006,1HFSC47FX6A5,1,H,F,S,C,4,7,F,X,6,A,5,0,0,0,000000000,00000000000,0,0,0,1,0,0,0,0,0,0,0,998,0,0,0,98,8,2,11,0,0,0,1,48,75965,6,1,0,0,3,0,999,999,0,0,0,0,0,0,0,0,0,0,0,0,0,0,2,2,70,1,2,8,1,0,0,1,87,99,1,1,13,1,0
48,481244,1,2,2,1,6,9,34,12,6,1,0,48,1,58,37,58037,4,2009,JNKCV61F49M3,J,N,K,C,V,6,1,F,4,9,M,3,0,0,0,000000000,00000000000,0,0,0,1,0,0,0,0,0,0,0,998,0,0,0,9,4,3,12,0,0,0,1,48,76040,6,1,0,0,3,0,999,999,0,0,0,1,0,12,2013,12,2013,0,0,0,0,0,1,4,99,1,1,8,1,3,3,11,66,99,1,1,82,1,0
48,481244,2,2,1,1,6,9,34,12,6,1,0,48,3,12,481,12481,31,1994,1FTHX25M2RKB,1,F,T,H,X,2,5,M,2,R,K,B,0,0,0,000000000,00000000000,0,0,0,1,0,0,0,0,0,0,0,998,0,0,0,12,4,3,12,0,0,0,1,48,76180,6,1,0,0,3,0,999,999,0,0,0,1,0,4,2014,4,2014,4,39,0,0,0,1,2,35,4,3,8,1,3,3,14,17,99,1,1,83,0,0
48,481245,1,1,1,2,6,6,17,8,0,1,0,48,2,13,12,13012,4,2002,1LNHM87A92Y6,1,L,N,H,M,8,7,A,9,2,Y,6,0,0,0,000000000,00000000000,0,0,0,1,0,0,0,0,0,0,0,998,0,0,0,12,4,3,8,0,0,0,1,48,78242,6,1,0,0,3,0,999,999,0,0,0,0,0,0,0,0,0,0,0,0,0,0,3,2,70,1,1,8,1,0,0,15,80,99,1,1,13,0,0
48,481247,1,1,1,2,6,2,24,30,0,1,0,48,2,12,16,12016,4,2002,2FAFP71W32X1,2,F,A,F,P,7,1,W,3,2,X,1,0,0,0,000000000,00000000000,0,0,0,1,0,0,0,0,0,0,0,998,0,0,0,9,6,2,30,0,0,0,1,48,75150,0,0,0,0,0,0,62,170,0,0,0,0,0,0,0,0,0,3,0,0,0,0,2,3,35,1,1,8,1,0,0,1,9,99,3,4,2,1,1
48,481248,1,1,1,2,6,3,50,8,0,1,1,48,2,37,31,37031,3,2000,1HGEJ8143YL0,1,H,G,E,J,8,1,4,3,Y,L,0,0,0,0,000000000,00000000000,0,0,0,1,0,0,0,0,0,0,0,998,0,0,0,98,8,5,8,0,0,0,1,48,79758,6,1,0,0,3,0,999,999,0,0,0,0,0,0,0,0,0,0,0,0,0,0,1,2,70,1,1,8,1,0,0,1,80,99,1,1,13,0,0
48,481249,1,5,1,2,6,15,26,12,1,1,0,48,3,84,884,84884,66,2004,2HSCHAPR24C0,2,H,S,C,H,A,P,R,2,4,C,0,1,3,57,337574,57337574,3,6,1,1,0,0,0,0,0,0,0,998,0,0,0,12,4,3,12,0,0,0,1,48,76013,6,1,6,0,3,3,999,999,0,0,0,0,1,3,2014,3,2014,5,91,0,0,0,3,2,65,1,1,8,1,0,0,1,50,99,1,1,20,0,0
48,481249,2,5,2,2,6,15,26,12,1,1,0,48,3,12,37,12037,4,2014,1FADP3K23EL3,1,F,A,D,P,3,K,2,3,E,L,3,0,0,0,000000000,00000000000,0,0,0,1,0,0,0,0,0,0,0,0,0,0,0,6,6,2,12,0,0,0,1,48,78705,6,1,0,0,3,3,999,999,0,0,0,0,0,0,0,0,0,0,0,0,0,0,3,2,65,1,1,8,1,0,0,5,53,1,1,1,21,1,0
48,481249,3,5,1,2,6,15,26,12,1,1,0,48,1,54,35,54035,4,2007,19UUA76537A0,1,9,U,U,A,7,6,5,3,7,A,0,0,0,0,000000000,00000000000,0,0,0,1,0,0,0,0,0,0,0,0,0,1,1,6,6,2,12,0,0,0,1,48,75208,6,1,0,0,3,0,999,999,0,0,0,0,0,0,0,0,0,0,0,0,0,0,3,2,65,1,1,8,1,0,0,5,53,1,1,1,98,0,0
48,481249,4,5,1,2,6,15,26,12,1,1,0,48,1,12,481,12481,31,2012,1FTFW1CT2CFA,1,F,T,F,W,1,C,T,2,C,F,A,0,0,0,000000000,00000000000,0,0,0,1,0,0,0,0,0,0,0,0,0,0,0,6,6,2,12,0,0,0,1,40,74063,6,1,0,0,3,0,76,212,0,0,0,0,0,0,0,0,0,0,0,0,0,0,3,2,65,1,1,8,1,0,0,5,53,1,1,1,98,0,0
48,481249,5,5,2,2,6,15,26,12,1,1,0,48,1,12,850,12850,73,2013,1F66F5DY9D0A,1,F,6,6,F,5,D,Y,9,D,0,A,0,0,0,000000000,00000000000,0,0,0,1,0,0,0,0,0,0,0,0,0,0,0,6,4,5,12,0,0,0,1,48,75218,6,1,0,0,3,0,999,999,0,0,0,0,0,0,0,0,0,0,0,0,0,0,3,2,65,1,1,8,1,0,0,5,53,1,1,1,98,0,0
48,481250,1,3,1,2,6,19,29,12,1,1,0,93,3,98,884,98884,66,2013,5KJJAEDR3DPF,5,K,J,J,A,E,D,R,3,D,P,F,1,1,57,1440700,571440700,3,6,2,1,0,0,0,0,0,0,0,998,0,0,0,12,2,3,12,0,0,0,1,48,76014,6,1,6,1,3,0,999,999,1,0,0,1,1,12,2011,4,2013,5,0,0,0,0,1,2,60,1,1,8,1,0,0,1,50,99,1,1,20,0,0
48,481250,2,3,3,2,6,19,29,12,1,1,0,48,2,6,441,6441,20,2000,1C4GP64L2YB6,1,C,4,G,P,6,4,L,2,Y,B,6,0,0,0,000000000,00000000000,0,0,0,1,0,0,0,0,0,0,0,0,0,0,0,6,6,2,12,0,0,0,1,48,76009,6,1,0,0,3,0,999,999,0,0,0,0,0,0,0,0,0,0,0,0,0,0,1,2,60,1,1,8,1,0,0,1,53,1,1,1,22,2,0
48,481250,3,3,5,2,6,19,29,12,1,1,0,48,1,37,441,37441,20,2005,5FNRL38865B1,5,F,N,R,L,3,8,8,6,5,B,1,0,0,0,000000000,00000000000,0,0,0,1,0,0,0,0,0,0,0,998,0,0,0,12,2,5,54,0,0,0,1,48,76002,6,1,0,0,3,0,999,999,0,0,0,0,0,0,0,0,0,0,0,0,0,0,1,2,60,1,1,8,1,0,0,1,98,99,1,1,98,0,0
48,481251,1,1,1,2,6,21,45,15,0,1,0,48,1,23,481,23481,31,2011,3GTP1VE05BG3,3,G,T,P,1,V,E,0,5,B,G,3,0,0,0,000000000,00000000000,0,0,0,1,0,0,0,0,0,0,0,998,0,0,0,12,4,3,15,0,0,0,1,48,76706,6,1,0,0,3,0,999,999,0,0,0,1,0,1,2013,1,2013,0,0,0,0,0,1,2,60,1,1,8,1,0,0,1,83,1,1,1,13,0,0
48,481252,1,2,1,2,6,6,10,8,0,1,0,48,1,7,482,7482,31,1999,1B7MF3363XJ6,1,B,7,M,F,3,3,6,3,X,J,6,0,0,0,000000000,00000000000,0,0,0,1,0,0,0,0,0,0,0,998,0,0,0,12,2,5,8,0,0,0,1,48,79845,6,1,0,0,3,0,999,999,0,0,0,0,0,0,0,0,0,0,0,0,0,0,2,3,60,1,1,8,1,0,0,1,80,6,1,1,13,0,0
48,481252,2,2,99,2,6,6,10,8,0,1,1,99,9,99,999,99999,49,9999,999999999999,9,9,9,9,9,9,9,9,9,9,9,9,0,0,0,000000000,00000000000,0,0,0,1,0,0,0,0,0,0,0,998,0,0,0,12,9,5,8,0,0,0,1,99,99999,9,9,99,9,9,9,999,999,99,99,99,99,99,99,9999,99,9999,0,0,0,0,0,2,3,60,1,1,8,1,0,0,1,80,99,1,1,98,0,0
48,481253,1,2,6,2,6,11,2,12,6,1,0,48,3,12,461,12461,21,2003,1FBSS31L23HA,1,F,B,S,S,3,1,L,2,3,H,A,0,0,0,000000000,00000000000,0,0,0,1,0,0,0,0,0,0,0,998,0,1,1,11,4,3,12,0,0,0,1,48,77701,6,1,0,0,3,2,999,999,0,0,0,0,0,0,0,0,0,0,38,74,0,0,1,2,98,8,8,8,98,20,3,1,17,1,1,1,89,1,0
48,481253,2,2,1,2,6,11,2,12,6,1,0,48,1,55,38,55038,4,2001,KMHFU45D41A1,K,M,H,F,U,4,5,D,4,1,A,1,0,0,0,000000000,00000000000,0,0,0,1,0,0,0,0,0,0,0,998,0,0,0,12,4,3,12,0,0,0,1,48,76567,6,1,0,0,3,0,999,999,0,0,0,0,0,0,0,0,0,0,0,0,0,0,1,5,60,1,1,8,1,0,0,1,66,8,1,1,88,0,0
48,481254,1,2,1,3,6,16,8,12,6,1,0,48,3,49,52,49052,5,2010,JTKKU4B43AJ0,J,T,K,K,U,4,B,4,3,A,J,0,0,0,0,000000000,00000000000,0,0,0,1,0,0,0,0,0,0,0,70,0,0,0,12,4,3,12,0,0,0,1,48,79764,6,1,0,0,3,3,999,999,0,0,0,0,0,0,0,0,0,0,58,0,0,0,1,2,55,3,1,8,1,0,0,14,10,6,1,4,66,0,0
48,481254,2,2,1,3,6,16,8,12,6,1,0,48,1,24,1,24001,4,2001,1G8ZH52841Z3,1,G,8,Z,H,5,2,8,4,1,Z,3,0,0,0,000000000,00000000000,0,0,0,1,0,0,0,0,0,0,0,998,0,0,0,9,4,3,12,0,0,0,1,48,79707,6,1,0,0,3,3,999,999,0,0,0,0,0,0,0,0,0,0,0,0,0,0,1,2,55,2,1,8,1,0,0,14,62,7,1,4,66,1,1
48,481255,1,1,1,3,6,1,5,8,0,1,0,17,9,87,884,87884,66,2005,1NDPB3A29572,1,N,D,P,B,3,A,2,9,5,7,2,1,1,57,226673,57226673,3,6,2,1,0,0,0,0,0,0,0,998,0,0,0,12,2,5,8,0,0,0,1,48,77630,6,1,6,1,3,0,999,999,0,0,0,1,0,3,2012,3,2012,0,0,0,0,0,2,2,75,1,1,8,1,0,0,1,80,99,1,1,13,0,0
48,481256,1,2,4,3,6,18,26,12,6,1,0,48,2,35,39,35039,4,2007,1N4BA41E57C8,1,N,4,B,A,4,1,E,5,7,C,8,0,0,0,000000000,00000000000,0,0,0,1,0,0,0,0,0,0,0,998,0,0,0,83,6,8,12,0,0,0,1,48,75243,6,1,0,0,3,0,999,999,0,4,1,0,0,5,2013,9,2013,0,38,0,0,0,1,2,98,8,8,8,98,21,3,1,17,1,1,1,87,2,0
48,481256,2,2,1,3,6,18,26,12,6,1,0,40,4,82,884,82884,66,2012,1FUJGLDV2CSB,1,F,U,J,G,L,D,V,2,C,S,B,1,1,57,116971,57116971,3,6,1,1,0,0,0,0,0,0,0,998,0,0,0,12,4,8,12,0,0,0,1,40,73018,6,1,6,0,3,0,69,285,0,0,0,0,3,3,2013,3,2013,0,0,0,0,0,2,2,60,1,1,8,1,0,0,1,66,99,1,1,86,0,0
48,481257,1,3,1,3,6,6,7,12,1,1,0,48,2,23,471,23471,30,2003,1GTCS14H1382,1,G,T,C,S,1,4,H,1,3,8,2,0,0,0,000000000,00000000000,0,0,0,1,0,0,0,0,0,0,0,998,0,1,3,6,6,2,12,0,0,0,1,48,78118,6,1,0,0,3,0,999,999,0,0,0,0,0,0,0,0,0,0,0,0,0,0,2,2,75,1,1,8,1,0,0,1,53,1,1,1,25,1,0
48,481257,2,3,1,3,6,6,7,12,1,1,0,40,1,20,421,20421,15,1996,3GNEK18RXTG1,3,G,N,E,K,1,8,R,X,T,G,1,0,0,0,000000000,00000000000,0,0,0,1,0,0,0,0,0,0,0,998,0,0,0,12,4,3,12,0,0,0,1,40,73753,6,1,0,0,3,0,71,195,0,1,0,0,4,7,2011,2,2014,5,0,0,0,0,2,2,75,1,1,8,1,0,0,1,51,99,1,1,24,0,0
48,481257,3,3,1,3,6,6,7,12,1,1,0,40,2,85,884,85884,66,2007,1XKWDB9X17J1,1,X,K,W,D,B,9,X,1,7,J,1,1,1,57,80806,5780806,3,6,2,1,0,0,0,0,0,0,0,998,0,0,0,12,2,3,12,0,0,0,1,48,75146,6,1,6,0,3,3,999,999,0,1,0,0,0,5,2013,5,2013,0,0,0,0,0,2,2,75,1,1,8,1,0,0,1,62,99,1,1,98,0,0
48,481258,1,2,1,4,6,17,18,12,1,1,0,48,3,85,884,85884,66,2003,1XKWDB9X93J8,1,X,K,W,D,B,9,X,9,3,J,8,1,1,57,1947505,571947505,3,6,3,1,0,0,0,0,0,0,0,998,0,0,0,6,2,5,12,0,0,0,1,48,76401,6,1,6,0,3,3,999,999,0,0,0,0,1,4,2014,4,2014,0,0,0,0,0,2,2,75,1,1,8,1,0,0,1,53,1,1,1,27,0,0
48,481258,2,2,1,4,6,17,18,12,1,1,0,48,1,20,481,20481,31,1996,1GCEC14MXTZ2,1,G,C,E,C,1,4,M,X,T,Z,2,0,0,0,000000000,00000000000,0,0,0,1,0,0,0,0,0,0,0,998,0,0,0,12,6,2,12,0,0,0,1,48,76446,6,1,6,0,3,0,999,999,0,0,0,0,0,0,0,0,0,5,0,0,0,0,2,2,75,1,1,8,1,0,0,1,51,99,1,1,24,1,0
48,481259,1,2,1,4,6,21,52,12,6,1,0,48,2,20,481,20481,31,2009,1GCEC29019Z1,1,G,C,E,C,2,9,0,1,9,Z,1,0,0,0,000000000,00000000000,0,0,0,1,0,0,0,0,0,0,0,998,0,0,0,12,4,3,12,0,0,0,1,48,78666,6,1,0,0,3,0,999,999,0,0,0,0,0,0,0,0,0,0,38,0,0,0,1,2,98,8,8,8,98,20,3,11,15,1,1,1,82,0,0
48,481259,2,2,1,4,6,21,52,12,6,1,0,48,1,72,706,72706,80,2004,1HD1FBW194Y7,1,H,D,1,F,B,W,1,9,4,Y,7,0,0,0,000000000,00000000000,0,0,0,1,0,0,0,0,0,0,0,998,0,0,0,1,4,3,12,0,0,0,1,48,78132,6,1,0,0,3,0,999,999,0,0,0,0,0,0,0,0,0,0,0,0,0,0,1,2,55,1,1,8,1,0,0,1,67,99,1,1,83,1,1
48,481260,1,2,3,4,6,16,55,12,7,1,0,48,2,49,401,49401,14,2002,JT3GN86R9202,J,T,3,G,N,8,6,R,9,2,0,2,0,0,0,000000000,00000000000,0,0,0,1,0,0,0,0,0,0,0,998,0,0,0,7,4,3,12,0,0,0,1,48,77072,0,0,0,0,0,0,999,999,0,0,0,0,0,0,0,0,0,3,0,0,0,0,3,2,35,1,1,1,1,0,0,15,11,99,1,2,47,1,1
48,481260,2,2,1,4,6,16,55,12,7,1,0,48,1,42,48,42048,4,2005,WDBUF65J25A6,W,D,B,U,F,6,5,J,2,5,A,6,0,0,0,000000000,00000000000,0,0,0,1,0,0,0,0,0,0,0,998,0,0,0,1,2,5,12,0,0,0,1,48,77071,6,1,0,0,3,3,999,999,0,0,0,0,0,0,0,0,0,0,0,0,0,0,3,2,35,1,1,1,1,0,0,1,61,99,1,1,45,0,0
48,481262,1,3,1,4,6,3,14,12,2,1,0,48,1,38,401,38401,14,1996,JACDJ58V7T79,J,A,C,D,J,5,8,V,7,T,7,9,0,0,0,000000000,00000000000,0,0,0,1,0,0,0,0,0,0,0,998,0,0,0,12,6,2,12,0,0,0,1,48,76108,6,1,0,0,3,0,999,999,0,0,0,0,0,0,0,0,0,4,51,0,0,0,3,3,60,1,2,8,1,0,0,1,54,99,1,1,52,1,1
48,481262,2,3,1,4,6,3,14,12,2,1,0,48,3,12,880,12880,67,2013,1FDWE3FL0DDB,1,F,D,W,E,3,F,L,0,D,D,B,0,0,88,888888888,88888888888,2,1,96,1,0,0,0,0,0,0,0,998,0,0,0,12,6,2,12,0,0,0,1,48,76033,6,1,0,0,3,3,999,999,1,0,0,0,1,10,2012,12,2012,0,0,0,0,0,3,3,60,1,2,8,1,0,0,1,54,99,1,1,52,0,0