STATE,ST_CASE,VEH_NO,VE_FORMS,NUMOCCS,DAY,MONTH,HOUR,MINUTE,HARM_EV,MAN_COLL,UNITTYPE,HIT_RUN,REG_STAT,OWNER,MAKE,MODEL,MAK_MOD,BODY_TYP,MOD_YEAR,VIN,VIN_1,VIN_2,VIN_3,VIN_4,VIN_5,VIN_6,VIN_7,VIN_8,VIN_9,VIN_10,VIN_11,VIN_12,TOW_VEH,J_KNIFE,MCARR_I1,MCARR_I2,MCARR_ID,GVWR,V_CONFIG,CARGO_BT,HAZ_INV,HAZ_PLAC,HAZ_ID,HAZ_CNO,HAZ_REL,BUS_USE,SPEC_USE,EMER_USE,TRAV_SP,UNDERIDE,ROLLOVER,ROLINLOC,IMPACT1,DEFORMED,TOWED,M_HARM,VEH_SC1,VEH_SC2,FIRE_EXP,DR_PRES,L_STATE,DR_ZIP,L_STATUS,L_TYPE,CDL_STAT,L_ENDORS,L_COMPL,L_RESTRI,DR_HGT,DR_WGT,PREV_ACC,PREV_SUS,PREV_DWI,PREV_SPD,PREV_OTH,FIRST_MO,FIRST_YR,LAST_MO,LAST_YR,SPEEDREL,DR_SF1,DR_SF2,DR_SF3,DR_SF4,VTRAFWAY,VNUM_LAN,VSPD_LIM,VALIGN,VPROFILE,VPAVETYP,VSURCOND,VTRAFCON,VTCONT_F,P_CRASH1,P_CRASH2,P_CRASH3,PCRASH4,PCRASH5,ACC_TYPE,DEATHS,DR_DRINK
48,481262,3,3,2,4,6,3,14,12,2,1,0,48,1,63,36,63036,6,2010,KNADH4A3XA66,K,N,A,D,H,4,A,3,X,A,6,6,0,0,0,000000000,00000000000,0,0,0,1,0,0,0,0,0,0,0,998,0,0,0,12,6,2,12,32,0,0,1,48,76135,6,1,0,0,3,3,999,999,0,0,0,0,0,0,0,0,0,0,0,0,0,0,3,3,60,1,2,8,1,0,0,1,54,99,1,1,98,0,0
48,481263,1,2,1,4,6,9,55,12,2,1,0,48,0,24,2,24002,2,1999,1G8ZH1277XZ1,1,G,8,Z,H,1,2,7,7,X,Z,1,0,0,0,000000000,00000000000,0,0,0,1,0,0,0,0,0,0,0,998,0,0,0,12,6,2,12,0,0,0,1,48,79225,0,0,0,0,0,0,999,999,0,0,0,0,0,0,0,0,0,4,28,0,0,0,1,2,60,1,3,8,1,0,0,1,10,99,1,2,50,1,0
48,481263,2,2,1,4,6,9,55,12,2,1,0,48,2,41,471,41471,30,1990,JM2UF1130L09,J,M,2,U,F,1,1,3,0,L,0,9,0,0,0,000000000,00000000000,0,0,0,1,0,0,0,0,0,0,0,998,0,1,9,12,6,2,12,0,0,0,1,48,79225,0,0,0,0,0,0,999,999,0,0,0,0,0,0,0,0,0,0,0,0,0,0,1,2,60,1,3,8,1,0,0,1,62,99,1,1,51,1,0
48,481264,1,2,1,4,6,7,30,12,1,1,0,93,3,82,881,82881,66,2010,1FUJGLDR3ASA,1,F,U,J,G,L,D,R,3,A,S,A,1,1,57,1556061,571556061,3,6,1,1,0,0,0,0,0,0,0,998,0,0,0,12,6,2,12,0,0,0,1,26,48202,6,1,0,0,2,0,69,235,0,0,0,1,0,6,2013,6,2013,5,0,0,0,0,1,2,75,1,2,8,1,0,0,1,52,99,1,1,28,1,0
48,481264,2,2,1,4,6,7,30,12,1,1,0,28,3,86,881,86881,66,2014,1M1AN07Y9EM0,1,M,1,A,N,0,7,Y,9,E,M,0,1,1,57,648875,57648875,3,6,1,1,0,0,0,0,0,0,0,998,0,0,0,6,4,3,12,0,0,0,1,28,39601,6,1,6,0,3,0,71,200,98,0,0,1,0,2,2013,2,2013,0,0,0,0,0,1,2,75,1,2,8,1,0,0,2,53,99,1,1,31,0,0
48,481265,1,2,1,4,6,17,54,12,6,1,0,48,3,86,881,86881,66,2013,1M1AN07YXDM0,1,M,1,A,N,0,7,Y,X,D,M,0,1,1,57,1996179,571996179,3,6,4,1,0,0,0,0,0,0,0,998,0,0,0,63,4,3,12,0,0,0,1,48,76431,6,1,6,0,3,0,999,999,0,2,0,0,1,4,2012,5,2013,0,0,0,0,0,1,2,65,1,1,8,1,0,0,1,62,99,1,1,66,0,0
48,481265,2,2,1,4,6,17,54,12,6,1,0,48,2,49,32,49032,4,1999,1NXBR12E7XZ1,1,N,X,B,R,1,2,E,7,X,Z,1,0,0,0,000000000,00000000000,0,0,0,1,0,0,0,0,0,0,0,998,3,0,0,12,6,2,12,0,0,0,1,48,76431,0,0,0,0,0,0,999,999,0,0,0,0,0,0,0,0,0,0,0,0,0,0,1,2,65,1,1,8,1,0,0,1,70,7,4,6,66,1,0
48,481266,1,3,1,5,6,14,8,12,7,1,0,48,2,12,880,12880,67,1999,1FDWF36F3XEC,1,F,D,W,F,3,6,F,3,X,E,C,1,1,88,888888888,88888888888,2,4,3,1,0,0,0,0,0,0,0,998,0,0,0,5,6,2,12,0,0,0,1,48,75048,6,1,6,0,3,0,999,999,0,0,0,0,1,3,2012,3,2012,5,0,0,0,0,1,2,5,1,1,8,1,0,0,1,50,6,1,1,48,1,0
48,481266,2,3,1,5,6,14,8,12,7,1,0,48,1,49,482,49482,31,2007,5TFRV54107X0,5,T,F,R,V,5,4,1,0,7,X,0,0,0,0,000000000,00000000000,0,0,0,1,0,0,0,0,0,0,0,998,0,0,0,12,6,2,12,0,0,0,1,48,75166,6,1,6,0,3,0,999,999,0,0,0,0,0,0,0,0,0,0,0,0,0,0,1,2,5,1,1,8,1,0,0,1,62,99,1,1,98,0,0
48,481266,3,3,1,5,6,14,8,12,7,1,0,48,1,20,421,20421,15,2003,1GNEC13VX3R2,1,G,N,E,C,1,3,V,X,3,R,2,1,1,0,000000000,00000000000,0,0,0,1,0,0,0,0,0,0,0,0,0,0,0,7,2,5,12,0,0,0,1,48,75082,6,1,0,0,3,0,999,999,0,0,0,1,0,9,2013,9,2013,0,0,0,0,0,1,2,50,1,1,8,1,0,0,5,53,99,1,1,48,0,0
48,481267,1,2,1,5,6,2,15,12,2,1,0,1,3,51,881,51881,66,2006,4V4NC9GH26N4,4,V,4,N,C,9,G,H,2,6,N,4,1,1,57,684807,57684807,3,6,1,1,0,0,0,0,0,0,0,998,0,0,0,12,6,2,12,0,0,0,1,13,31903,6,1,4,3,3,0,73,330,98,5,0,0,1,9,2012,9,2013,0,0,0,0,0,3,2,75,3,2,8,1,0,0,6,54,8,2,1,52,0,0
48,481267,2,2,1,5,6,2,15,12,2,1,0,48,1,20,481,20481,31,2007,2GCEC13J0715,2,G,C,E,C,1,3,J,0,7,1,5,0,0,0,000000000,00000000000,0,0,0,1,0,0,0,0,0,0,0,998,0,0,0,12,6,2,12,0,0,0,1,48,75482,6,1,0,0,3,0,72,198,0,0,0,0,0,0,0,0,0,0,51,0,0,0,3,2,75,3,2,8,1,0,0,14,54,99,1,1,52,1,1
48,481268,1,2,1,5,6,12,30,57,0,1,0,22,1,35,34,35034,2,1985,JN1HZ14S5FX0,J,N,1,H,Z,1,4,S,5,F,X,0,0,0,0,000000000,00000000000,0,0,0,1,0,0,0,0,0,0,0,998,0,1,3,11,6,2,57,0,0,0,1,48,77345,0,0,0,0,0,0,999,999,0,0,0,0,0,0,0,0,0,0,0,0,0,0,3,2,75,1,1,8,1,0,0,1,12,99,1,4,6,1,0
48,481268,2,2,2,5,6,12,30,57,0,1,0,48,1,20,403,20403,14,2004,1GNES16S3461,1,G,N,E,S,1,6,S,3,4,6,1,0,0,0,000000000,00000000000,0,0,0,1,0,0,0,0,0,0,0,998,0,0,0,12,2,3,54,0,0,0,1,48,77536,6,1,0,0,3,3,999,999,0,0,0,0,0,0,0,0,0,0,0,0,0,0,3,2,75,1,1,8,1,0,0,1,60,99,1,1,98,0,0
48,481269,1,2,1,5,6,12,45,12,6,1,0,48,2,23,421,23421,15,2003,1GKEC13Z83R1,1,G,K,E,C,1,3,Z,8,3,R,1,0,0,0,000000000,00000000000,0,0,0,1,0,0,0,0,0,0,0,998,0,0,0,12,4,5,12,0,0,0,1,48,77535,0,0,0,0,0,0,999,999,0,0,0,0,0,0,0,0,0,0,38,91,0,0,0,0,0,0,0,0,0,0,0,1,17,99,1,7,88,0,0
48,481269,2,2,1,5,6,12,45,12,6,1,0,48,1,12,481,12481,31,2002,1FTRX17WX2NA,1,F,T,R,X,1,7,W,X,2,N,A,0,0,0,000000000,00000000000,0,0,0,1,0,0,0,0,0,0,0,998,0,1,3,9,4,3,12,0,0,0,1,48,77535,6,1,0,0,3,3,999,999,0,0,0,0,0,0,0,0,0,0,0,0,0,0,1,2,65,1,1,8,1,0,0,1,71,99,1,1,89,1,0
48,481270,1,4,1,5,6,23,35,12,6,1,0,48,1,12,481,12481,31,2002,1FTSW30F42EA,1,F,T,S,W,3,0,F,4,2,E,A,0,0,0,000000000,00000000000,0,0,0,1,0,0,0,0,0,0,0,998,0,0,0,12,4,3,12,0,0,0,1,48,79355,6,1,0,0,3,0,999,999,0,0,0,0,0,0,0,0,0,5,0,0,0,0,2,4,45,1,1,8,1,0,0,1,17,99,1,1,86,0,0
48,481270,2,4,1,5,6,23,35,12,6,1,0,48,0,19,14,19014,4,2001,1G6KY54981U1,1,G,6,K,Y,5,4,9,8,1,U,1,0,0,0,000000000,00000000000,0,0,0,1,0,0,0,0,0,0,0,0,0,0,0,1,4,3,12,0,0,0,1,48,79407,6,1,0,0,3,3,999,999,0,0,0,1,2,10,2012,10,2013,0,54,0,0,0,1,2,98,8,8,8,98,20,3,5,66,99,1,1,87,0,0
48,481270,3,4,1,5,6,23,35,12,6,1,0,48,1,24,7,24007,4,2007,1G8AL55FX7Z1,1,G,8,A,L,5,5,F,X,7,Z,1,0,0,0,000000000,00000000000,0,0,0,1,0,0,0,0,0,0,0,0,0,0,0,7,4,3,12,0,0,0,1,48,79415,0,0,0,0,0,0,999,999,0,0,0,0,0,0,0,0,0,0,54,0,0,0,1,2,98,8,8,8,98,20,3,7,66,99,1,1,98,0,1
48,481270,4,4,0,5,6,23,35,12,6,1,0,48,6,24,5,24005,4,2000,1G8JU52F6YY6,1,G,8,J,U,5,2,F,6,Y,Y,6,0,0,0,000000000,00000000000,0,0,0,1,0,0,0,0,0,0,0,0,0,0,0,9,4,3,12,0,0,0,0,0,99997,7,6,97,7,6,7,998,997,998,998,998,998,998,98,9998,98,9998,8,20,0,0,0,1,2,98,8,8,8,98,20,3,0,66,0,0,0,98,0,0
48,481271,1,1,5,5,6,18,15,1,0,1,0,40,0,49,422,49422,15,2001,5TDZT34A31S0,5,T,D,Z,T,3,4,A,3,1,S,0,0,0,0,000000000,00000000000,0,0,0,1,0,0,0,0,0,0,0,998,0,2,1,0,6,2,1,0,0,0,1,48,79107,6,1,0,0,3,2,999,999,0,0,0,1,0,9,2012,9,2012,0,58,74,0,0,2,2,75,1,1,8,1,0,0,1,13,6,9,6,98,1,1
48,481272,1,2,1,5,6,4,15,12,1,1,0,47,3,84,884,84884,66,2012,1HSDESJN1CJ4,1,H,S,D,E,S,J,N,1,C,J,4,2,1,57,63419,5763419,3,7,1,1,0,0,0,0,0,0,0,998,0,0,0,12,4,3,12,0,0,0,1,48,77090,6,1,6,1,3,0,999,999,1,0,0,0,0,12,2013,12,2013,5,0,0,0,0,2,2,80,1,1,8,1,0,0,1,51,99,1,1,24,0,0
48,481272,2,2,1,5,6,4,15,12,1,1,0,96,1,20,431,20431,16,1999,1GNFK16R1XJ4,1,G,N,F,K,1,6,R,1,X,J,4,0,0,0,000000000,00000000000,0,0,0,1,0,0,0,0,0,0,0,998,0,1,5,6,4,3,12,0,0,0,1,96,0,9,9,99,9,9,9,999,999,99,99,99,99,99,99,9999,99,9999,0,0,0,0,0,2,2,80,1,1,8,1,0,0,1,53,99,1,1,25,1,0
48,481273,1,2,1,5,6,21,42,12,6,1,0,48,2,72,706,72706,80,2002,1HD4CKM192K1,1,H,D,4,C,K,M,1,9,2,K,1,0,0,0,000000000,00000000000,0,0,0,1,0,0,0,0,0,0,0,998,0,0,0,12,8,2,12,0,0,0,1,48,78744,6,1,0,0,3,0,999,999,0,0,0,0,0,0,0,0,0,0,39,0,0,0,4,2,99,1,1,8,1,3,3,1,17,99,1,1,86,1,0
48,481273,2,2,1,5,6,21,42,12,6,1,0,48,1,20,2,20002,4,2014,1G11Y5SL2EU1,1,G,1,1,Y,5,S,L,2,E,U,1,0,0,0,000000000,00000000000,0,0,0,1,0,0,0,0,0,0,0,998,0,0,0,83,4,3,12,0,0,0,1,48,78653,6,1,0,0,3,0,999,999,0,0,0,0,0,0,0,0,0,0,0,0,0,0,4,3,98,1,1,8,1,3,3,1,66,99,1,1,87,0,0
48,481274,1,3,1,6,6,12,18,12,8,1,0,48,1,20,481,20481,31,2008,1GCHK23KX8F1,1,G,C,H,K,2,3,K,X,8,F,1,1,1,0,000000000,00000000000,0,0,0,1,0,0,0,0,0,0,0,998,0,0,0,11,4,3,12,32,0,0,1,48,77399,6,1,0,0,3,3,999,999,0,0,0,0,0,0,0,0,0,0,51,0,0,0,1,2,65,1,2,8,1,0,0,1,10,99,1,2,64,1,1
48,481274,2,3,1,6,6,12,18,12,8,1,0,48,3,85,884,85884,66,2007,1XKADB8X37J0,1,X,K,A,D,B,8,X,3,7,J,0,1,1,57,2207464,572207464,3,6,2,1,0,0,0,0,0,0,0,998,0,0,0,63,2,3,12,0,0,0,1,48,78542,6,1,6,0,3,0,999,999,0,0,0,0,0,0,0,0,0,0,0,0,0,0,1,2,65,1,2,8,1,0,0,1,62,7,1,1,65,0,0
48,481274,3,3,1,6,6,12,18,12,8,1,0,48,2,12,481,12481,31,2013,1FTFW1EF1DKD,1,F,T,F,W,1,E,F,1,D,K,D,0,0,0,000000000,00000000000,0,0,0,1,0,0,0,0,0,0,0,998,0,0,0,12,2,5,54,0,0,0,1,48,78380,6,1,0,0,3,0,999,999,0,0,0,0,0,0,0,0,0,0,0,0,0,0,1,2,65,1,2,8,1,0,0,1,98,7,1,4,98,0,0
48,481276,1,2,1,6,6,21,21,12,2,1,0,48,1,20,8,20008,4,1977,1X69D7L12464,1,X,6,9,D,7,L,1,2,4,6,4,0,0,0,000000000,00000000000,0,0,0,1,0,0,0,0,0,0,0,998,0,0,0,12,2,5,12,0,0,0,1,48,75657,1,1,1,0,2,0,999,999,1,7,0,1,1,3,2013,11,2013,0,51,0,0,0,1,2,30,3,2,8,1,0,0,14,10,99,1,2,50,0,0
48,481276,2,2,1,6,6,21,21,12,2,1,0,48,1,72,706,72706,80,2012,1HD4LE215CC4,1,H,D,4,L,E,2,1,5,C,C,4,0,0,0,000000000,00000000000,0,0,0,1,0,0,0,0,0,0,0,998,0,0,0,12,8,2,12,0,0,0,1,48,75605,6,1,0,0,3,3,999,999,0,0,0,0,1,2,2014,2,2014,0,0,0,0,0,1,2,30,2,2,8,1,0,0,14,62,99,1,1,51,1,0
48,481277,1,2,1,6,6,9,19,12,6,1,0,40,1,12,471,12471,30,1990,1FTCR14TXLPB,1,F,T,C,R,1,4,T,X,L,P,B,0,0,0,000000000,00000000000,0,0,0,1,0,0,0,0,0,0,0,998,0,0,0,9,4,3,12,0,0,0,1,40,74562,6,1,0,0,3,0,73,210,0,0,0,0,0,0,0,0,0,0,38,0,0,0,0,0,0,0,0,0,0,20,3,4,17,99,1,1,89,1,0
48,481277,2,2,2,6,6,9,19,12,6,1,0,48,1,20,481,20481,31,2006,2GCEC13T9611,2,G,C,E,C,1,3,T,9,6,1,1,0,0,0,000000000,00000000000,0,0,0,1,0,0,0,0,0,0,0,998,0,0,0,12,4,3,12,0,0,0,1,48,75416,6,1,0,0,3,3,999,999,0,0,0,0,0,0,0,0,0,0,0,0,0,0,5,5,55,1,1,8,1,0,0,1,73,6,1,2,88,0,0
48,481278,1,1,1,6,6,23,28,1,0,1,0,48,1,52,401,52401,14,1994,JA4MR51M5RJ0,J,A,4,M,R,5,1,M,5,R,J,0,0,0,0,000000000,00000000000,0,0,0,1,0,0,0,0,0,0,0,998,0,9,5,0,6,2,1,0,0,0,1,48,77327,6,1,0,0,3,3,999,999,0,0,0,0,0,0,0,0,0,4,58,0,0,0,1,2,60,3,2,8,11,0,0,14,13,6,4,4,2,1,1
48,481279,1,1,1,7,6,10,0,43,0,1,0,48,2,13,13,13013,4,2008,3LNHM26T78R6,3,L,N,H,M,2,6,T,7,8,R,6,0,0,0,000000000,00000000000,0,0,0,1,0,0,0,0,0,0,0,998,0,1,5,61,6,2,43,0,0,1,1,48,75051,0,0,0,0,0,0,66,116,0,4,0,0,0,3,2013,3,2014,3,85,0,0,0,5,7,45,1,3,8,1,0,0,1,67,9,3,4,2,1,0
48,481280,1,3,1,7,6,0,51,12,1,1,0,48,2,19,18,19018,4,2011,1G6DE5EYXB01,1,G,6,D,E,5,E,Y,X,B,0,1,0,0,0,000000000,00000000000,0,0,0,1,0,0,0,0,0,0,0,998,0,0,0,12,4,3,12,0,0,0,1,48,78732,6,1,0,0,3,3,999,999,1,0,0,1,0,10,2012,3,2014,5,0,0,0,0,3,3,65,1,1,8,1,3,3,1,50,99,1,1,20,0,0
48,481280,2,3,2,7,6,0,51,12,1,1,0,48,1,12,37,12037,5,2006,1FAFP37N66W1,1,F,A,F,P,3,7,N,6,6,W,1,0,0,0,000000000,00000000000,0,0,0,1,0,0,0,0,0,0,0,0,0,0,0,6,6,2,12,0,0,0,1,48,76065,6,1,0,0,3,0,68,297,0,0,0,0,0,0,0,0,0,0,0,0,0,0,3,3,65,1,1,8,1,3,3,5,53,1,1,1,21,1,0
48,481280,3,3,2,7,6,0,51,12,1,1,0,48,0,12,37,12037,4,2012,1FAHP3F25CL3,1,F,A,H,P,3,F,2,5,C,L,3,0,0,0,000000000,00000000000,0,0,0,1,0,0,0,0,0,0,0,0,0,0,0,6,4,3,12,0,0,0,1,48,76065,6,1,0,0,3,0,999,999,0,0,0,0,0,0,0,0,0,0,0,0,0,0,3,3,65,1,1,8,1,3,3,5,53,1,1,1,98,0,0
48,481281,1,2,1,7,6,15,23,26,0,1,0,22,2,72,706,72706,80,2005,1HD1GPW1X5K3,1,H,D,1,G,P,W,1,X,5,K,3,0,0,0,000000000,00000000000,0,0,0,1,0,0,0,0,0,0,0,998,0,0,0,98,8,2,26,0,0,0,1,22,71112,6,1,0,0,3,0,999,999,0,0,0,0,0,0,0,0,0,0,0,0,0,0,2,3,65,1,1,8,1,0,0,1,8,6,9,4,7,1,0
48,481281,2,2,1,7,6,15,23,26,0,1,0,22,1,72,706,72706,80,2006,1HD1KBW166Y6,1,H,D,1,K,B,W,1,6,6,Y,6,0,0,0,000000000,00000000000,0,0,0,1,0,0,0,0,0,0,0,998,0,0,0,98,8,2,26,0,0,0,1,40,73120,6,1,0,0,3,0,66,170,0,0,0,0,1,1,2014,1,2014,0,0,0,0,0,2,3,65,1,1,8,1,0,0,1,90,99,1,4,98,0,0
48,481282,1,1,2,7,6,1,7,5,0,1,0,48,1,20,481,20481,31,1999,1GCEC19V0XZ1,1,G,C,E,C,1,9,V,0,X,Z,1,0,0,0,000000000,00000000000,0,0,0,1,0,0,0,0,0,0,0,998,0,0,0,0,0,3,5,0,0,0,1,48,77022,6,1,0,0,3,0,999,999,1,2,0,1,1,8,2012,10,2013,0,0,0,0,0,1,2,30,1,1,2,1,0,0,1,98,99,1,1,0,1,1
48,481284,1,3,1,7,6,22,17,12,1,1,0,48,1,6,43,6043,4,2007,1C3LC46K67N5,1,C,3,L,C,4,6,K,6,7,N,5,0,0,0,000000000,00000000000,0,0,0,1,0,0,0,0,0,0,0,998,0,0,0,12,2,3,12,0,0,0,1,48,77084,6,1,0,0,3,0,999,999,0,0,0,0,0,0,0,0,0,0,0,0,0,0,4,4,35,1,1,1,1,3,3,1,61,99,1,1,32,0,0
48,481284,2,3,1,7,6,22,17,12,1,1,0,48,0,73,705,73705,80,2005,JKBZXJC165A0,J,K,B,Z,X,J,C,1,6,5,A,0,0,0,0,000000000,00000000000,0,0,0,1,0,0,0,0,0,0,0,998,0,0,0,6,8,3,12,0,0,0,1,48,77036,0,0,0,0,0,0,999,999,0,0,0,0,0,0,0,0,0,0,0,0,0,0,4,4,35,1,1,1,1,0,0,15,10,99,1,2,32,1,0
48,481284,3,3,4,7,6,22,17,12,1,1,0,48,2,20,443,20443,20,1998,1GNDX03E9WD1,1,G,N,D,X,0,3,E,9,W,D,1,0,0,0,000000000,00000000000,0,0,0,1,0,0,0,0,0,0,0,0,0,0,0,6,2,5,54,0,0,0,1,48,77074,0,0,0,0,0,0,999,999,0,0,0,0,0,0,0,0,0,0,0,0,0,0,4,4,35,1,1,1,1,3,3,5,98,1,1,1,98,0,0
48,481285,1,3,1,7,6,4,16,12,2,1,0,48,1,20,481,20481,31,2006,2GCEC13T9611,2,G,C,E,C,1,3,T,9,6,1,1,0,0,0,000000000,00000000000,0,0,0,1,0,0,0,0,0,0,0,998,0,0,0,12,4,3,12,0,0,0,1,48,77028,6,1,0,0,3,3,999,999,1,7,0,0,2,6,2011,1,2014,0,0,0,0,0,3,5,60,1,1,1,1,0,0,1,61,99,1,1,51,1,0
48,481285,2,3,1,7,6,4,16,12,2,1,0,48,1,7,482,7482,31,2010,1D7RB1CT3AS1,1,D,7,R,B,1,C,T,3,A,S,1,0,0,0,000000000,00000000000,0,0,0,1,0,0,0,0,0,0,0,998,0,0,0,12,4,3,12,0,0,0,1,48,77028,6,1,0,0,3,0,999,999,0,1,0,2,0,9,2011,4,2013,0,28,91,0,0,3,5,60,1,1,1,1,0,0,1,8,99,9,2,50,0,1
48,481285,3,3,1,7,6,4,16,12,2,1,0,48,1,20,37,20037,4,2012,1G1ZD5EU9CF1,1,G,1,Z,D,5,E,U,9,C,F,1,0,0,0,000000000,00000000000,0,0,0,1,0,0,0,0,0,0,0,998,0,0,0,12,4,3,12,0,0,0,1,48,77598,6,1,6,0,3,0,999,999,0,0,0,1,0,10,2012,10,2012,0,0,0,0,0,3,5,60,1,1,1,1,0,0,1,61,99,1,1,98,0,0
48,481286,1,2,1,7,6,7,45,12,6,1,0,29,1,12,23,12023,4,2008,3FAHP07Z28R2,3,F,A,H,P,0,7,Z,2,8,R,2,0,0,0,000000000,00000000000,0,0,0,1,0,0,0,0,0,0,0,998,0,0,0,12,4,3,12,0,0,0,1,29,65202,6,1,0,0,3,0,74,200,0,0,0,0,0,0,0,0,0,0,38,0,0,0,1,2,60,1,2,8,1,0,0,11,15,99,1,2,68,0,0
48,481286,2,2,1,7,6,7,45,12,6,1,0,48,0,76,706,76706,80,2000,JYAVP02E5YA0,J,Y,A,V,P,0,2,E,5,Y,A,0,0,0,0,000000000,00000000000,0,0,0,1,0,0,0,0,0,0,0,998,0,0,0,61,8,2,12,0,0,0,1,48,75189,6,1,0,0,2,0,68,246,0,0,0,0,0,0,0,0,0,0,0,0,0,0,1,2,60,1,2,8,1,0,0,1,62,99,1,1,69,1,0
48,481287,1,2,2,7,6,19,53,12,6,1,0,48,2,37,31,37031,4,2007,2HGFA16867H3,2,H,G,F,A,1,6,8,6,7,H,3,0,0,0,000000000,00000000000,0,0,0,1,0,0,0,0,0,0,0,998,0,0,0,4,6,2,12,0,0,0,1,48,76901,6,1,0,0,3,0,999,999,0,9,0,1,0,6,2011,5,2014,2,0,0,0,0,1,2,75,1,1,8,1,0,0,1,13,6,9,6,66,2,1
48,481287,2,2,1,7,6,19,53,12,6,1,0,93,3,85,884,85884,66,2003,1XKWDB9X83J3,1,X,K,W,D,B,9,X,8,3,J,3,1,1,57,1254608,571254608,3,6,2,1,0,0,0,0,0,0,0,998,7,0,0,12,4,3,12,0,0,0,1,28,39336,6,1,6,0,3,3,71,277,98,0,0,0,0,0,0,0,0,0,0,0,0,0,1,2,75,1,1,8,1,0,0,1,62,99,1,1,66,0,0
48,481288,1,1,1,24,5,2,0,14,0,1,0,48,2,18,2,18002,4,2005,1G4HP52K05U2,1,G,4,H,P,5,2,K,0,5,U,2,0,0,0,000000000,00000000000,0,0,0,1,0,0,0,0,0,0,0,998,0,0,0,12,2,5,8,0,0,0,1,48,77089,1,1,0,0,2,0,999,999,0,7,0,1,0,2,2012,2,2014,0,28,0,0,0,1,2,30,1,1,8,1,0,0,1,13,99,1,4,11,0,1
48,481289,1,3,1,28,5,15,23,12,1,1,0,48,1,20,16,20016,4,2003,1G1JC52F0373,1,G,1,J,C,5,2,F,0,3,7,3,0,0,0,000000000,00000000000,0,0,0,1,0,0,0,0,0,0,0,0,0,0,0,6,6,2,12,32,0,0,1,48,76384,6,1,0,0,3,0,999,999,0,0,0,0,0,0,0,0,0,0,54,0,0,0,4,3,60,1,1,8,1,0,0,5,53,1,1,1,21,1,0
48,481289,2,3,0,28,5,15,23,12,1,1,0,48,6,20,471,20471,30,1995,1GCCT14Z4S82,1,G,C,C,T,1,4,Z,4,S,8,2,0,0,0,000000000,00000000000,0,0,0,1,0,0,0,0,0,0,0,0,0,0,0,6,4,3,12,0,0,0,0,0,99997,7,6,97,7,6,7,998,997,998,998,998,998,998,98,9998,98,9998,8,0,0,0,0,4,3,60,1,1,8,1,0,0,0,53,0,0,0,98,0,0
48,481289,3,3,1,28,5,15,23,12,1,1,0,48,3,87,884,87884,66,2007,1XP7DU9X77D6,1,X,P,7,D,U,9,X,7,7,D,6,1,1,57,2327643,572327643,3,6,3,1,0,0,0,0,0,0,0,998,0,0,0,12,4,3,12,0,0,0,1,48,77076,6,1,6,0,3,0,999,999,0,0,0,0,0,0,0,0,0,0,0,0,0,0,4,3,60,1,1,8,1,0,0,1,50,99,9,1,20,0,0
48,481290,1,1,99,30,5,17,9,8,0,1,1,99,9,99,999,99999,99,9999,999999999999,9,9,9,9,9,9,9,9,9,9,9,9,0,0,0,000000000,00000000000,0,0,0,1,0,0,0,0,0,0,0,998,0,0,0,12,9,5,8,99,99,0,1,99,99999,9,9,99,9,9,9,999,999,99,99,99,99,99,99,9999,99,9999,5,38,0,0,0,1,2,30,1,1,8,1,0,0,1,80,99,1,1,13,0,0
48,481291,1,2,1,6,6,16,11,12,6,1,0,48,3,82,884,82884,66,2000,1FUY3MDB4YLF,1,F,U,Y,3,M,D,B,4,Y,L,F,1,1,57,2076347,572076347,3,6,98,1,0,0,0,0,0,0,0,998,0,0,0,5,2,5,12,0,0,0,1,48,75203,6,1,6,0,3,0,999,999,2,0,0,0,0,1,2012,1,2012,0,0,0,0,0,3,5,60,1,1,8,1,0,0,1,61,99,1,1,66,0,0
48,481291,2,2,1,6,6,16,11,12,6,1,0,48,1,49,43,49043,4,2004,4T1BF28B74U3,4,T,1,B,F,2,8,B,7,4,U,3,0,0,0,000000000,00000000000,0,0,0,1,0,0,0,0,0,0,0,998,0,0,0,12,4,3,12,0,0,0,1,48,75704,6,1,0,0,3,3,999,999,0,0,0,0,0,0,0,0,0,0,58,85,0,0,3,5,60,1,1,8,1,0,0,15,11,6,1,2,66,1,0
48,481292,1,1,2,6,6,17,8,33,0,1,0,48,0,39,36,39036,4,2004,SAJEA51C84WE,S,A,J,E,A,5,1,C,8,4,W,E,0,0,0,000000000,00000000000,0,0,0,1,0,0,0,0,0,0,0,998,0,0,0,9,6,2,42,0,0,0,1,48,77065,0,0,0,0,0,0,999,999,0,0,0,0,0,0,0,0,0,3,39,0,0,0,1,2,30,1,1,1,1,0,0,1,12,99,1,4,6,2,0
48,481293,1,2,1,7,6,16,20,12,2,1,0,48,2,12,37,12037,4,2013,1FADP3F25DL2,1,F,A,D,P,3,F,2,5,D,L,2,0,0,0,000000000,00000000000,0,0,0,1,0,0,0,0,0,0,0,998,0,0,0,12,6,2,12,0,0,1,1,48,76036,1,1,0,0,2,0,999,999,0,1,0,4,0,8,2013,4,2014,0,99,99,99,99,1,2,65,1,1,8,1,0,0,1,10,99,1,2,50,1,1