STATE,ST_CASE,VEH_NO,VE_FORMS,NUMOCCS,DAY,MONTH,HOUR,MINUTE,HARM_EV,MAN_COLL,UNITTYPE,HIT_RUN,REG_STAT,OWNER,MAKE,MODEL,MAK_MOD,BODY_TYP,MOD_YEAR,VIN,VIN_1,VIN_2,VIN_3,VIN_4,VIN_5,VIN_6,VIN_7,VIN_8,VIN_9,VIN_10,VIN_11,VIN_12,TOW_VEH,J_KNIFE,MCARR_I1,MCARR_I2,MCARR_ID,GVWR,V_CONFIG,CARGO_BT,HAZ_INV,HAZ_PLAC,HAZ_ID,HAZ_CNO,HAZ_REL,BUS_USE,SPEC_USE,EMER_USE,TRAV_SP,UNDERIDE,ROLLOVER,ROLINLOC,IMPACT1,DEFORMED,TOWED,M_HARM,VEH_SC1,VEH_SC2,FIRE_EXP,DR_PRES,L_STATE,DR_ZIP,L_STATUS,L_TYPE,CDL_STAT,L_ENDORS,L_COMPL,L_RESTRI,DR_HGT,DR_WGT,PREV_ACC,PREV_SUS,PREV_DWI,PREV_SPD,PREV_OTH,FIRST_MO,FIRST_YR,LAST_MO,LAST_YR,SPEEDREL,DR_SF1,DR_SF2,DR_SF3,DR_SF4,VTRAFWAY,VNUM_LAN,VSPD_LIM,VALIGN,VPROFILE,VPAVETYP,VSURCOND,VTRAFCON,VTCONT_F,P_CRASH1,P_CRASH2,P_CRASH3,PCRASH4,PCRASH5,ACC_TYPE,DEATHS,DR_DRINK
48,481293,2,2,1,7,6,16,20,12,2,1,0,48,1,12,401,12401,14,1997,1FMCU22E4VUC,1,F,M,C,U,2,2,E,4,V,U,C,0,0,0,000000000,00000000000,0,0,0,1,0,0,0,0,0,0,0,998,0,1,1,12,6,2,12,0,0,1,1,48,75189,6,1,6,0,3,0,999,999,0,0,0,1,0,11,2013,11,2013,0,0,0,0,0,1,2,65,1,1,8,1,0,0,1,62,6,1,1,51,1,1
48,481294,1,2,2,7,6,15,50,12,2,1,0,48,1,37,471,37471,30,2011,5FPYK1F56BB4,5,F,P,Y,K,1,F,5,6,B,B,4,0,0,0,000000000,00000000000,0,0,0,1,0,0,0,0,0,0,0,998,0,0,0,12,6,2,12,0,0,0,1,48,76401,6,1,0,0,3,3,999,999,0,0,0,0,0,0,0,0,0,5,51,0,0,0,1,2,70,3,2,8,1,40,3,14,10,99,1,2,50,2,0
48,481294,2,2,3,7,6,15,50,12,2,1,0,48,0,7,482,7482,31,2005,3D7MS48C25G7,3,D,7,M,S,4,8,C,2,5,G,7,0,0,0,000000000,00000000000,0,0,0,1,0,0,0,0,0,0,0,998,0,0,0,12,6,2,12,0,0,0,1,48,76844,6,1,6,0,3,3,999,999,1,0,0,0,0,1,2013,1,2013,0,0,0,0,0,1,2,70,2,2,8,1,40,3,1,62,99,1,1,51,0,0
48,481295,1,2,1,8,6,20,45,12,2,1,0,92,0,76,706,76706,80,2004,JYARJ06E94A0,J,Y,A,R,J,0,6,E,9,4,A,0,0,0,0,000000000,00000000000,0,0,0,1,0,0,0,0,0,0,0,998,0,0,0,12,8,3,12,0,0,0,1,48,77418,1,1,0,0,2,0,999,999,0,9,0,1,0,10,2011,9,2013,5,51,37,0,0,1,2,60,1,3,8,1,0,0,1,54,6,1,1,52,1,0
48,481295,2,2,4,8,6,20,45,12,2,1,0,48,2,7,402,7402,14,1998,1B4HS28Y2WF1,1,B,4,H,S,2,8,Y,2,W,F,1,0,0,0,000000000,00000000000,0,0,0,1,0,0,0,0,0,0,0,998,0,0,0,12,4,3,12,0,0,0,1,48,77418,6,1,0,0,3,3,999,999,0,3,0,2,4,6,2011,1,2014,0,0,0,0,0,1,2,60,1,3,8,1,0,0,1,54,7,1,1,52,0,0
48,481296,1,2,3,8,6,22,45,12,2,1,0,48,2,6,44,6044,4,1998,1C3EJ56H5WN1,1,C,3,E,J,5,6,H,5,W,N,1,0,0,0,000000000,00000000000,0,0,0,1,0,0,0,0,0,0,0,998,0,0,0,12,6,2,12,0,0,0,1,48,75686,6,1,0,0,3,0,999,999,1,0,0,0,0,6,2012,6,2012,0,12,0,0,0,1,2,60,1,2,8,2,0,0,1,62,99,1,1,51,1,0
48,481296,2,2,1,8,6,22,45,12,2,1,0,48,2,20,481,20481,31,1999,2GCEC19V4X12,2,G,C,E,C,1,9,V,4,X,1,2,0,0,0,000000000,00000000000,0,0,0,1,0,0,0,0,0,0,0,998,0,0,0,12,6,2,12,0,0,0,1,48,75480,0,0,0,0,0,0,999,999,0,0,0,0,0,0,0,0,0,0,91,51,0,0,1,2,60,1,2,8,2,0,0,1,10,99,1,2,50,0,1
48,481297,1,1,1,8,6,6,0,1,0,1,0,48,2,23,431,23431,16,1999,1GKEC13R0XJ7,1,G,K,E,C,1,3,R,0,X,J,7,0,0,0,000000000,00000000000,0,0,0,1,0,0,0,0,0,0,0,48,0,2,5,0,4,3,1,0,0,0,1,48,75232,0,0,0,0,0,0,999,999,0,0,0,0,0,0,0,0,0,3,0,0,0,0,1,2,30,3,1,8,1,0,0,14,6,99,1,4,6,1,1
48,481298,1,2,99,8,6,23,35,8,0,1,1,99,9,23,431,23431,16,9999,999999999999,9,9,9,9,9,9,9,9,9,9,9,9,0,0,0,000000000,00000000000,0,0,0,1,0,0,0,0,0,0,0,998,0,0,0,12,9,5,8,0,0,0,1,99,99999,9,9,99,0,9,9,999,999,99,99,99,99,99,99,9999,99,9999,0,99,99,99,99,3,3,98,1,8,8,1,0,0,17,80,99,1,1,13,0,0
48,481298,2,2,1,8,6,23,35,8,0,1,0,40,3,82,884,82884,66,2012,1FUJGEDV3CLB,1,F,U,J,G,E,D,V,3,C,L,B,1,1,57,214438,57214438,3,6,2,1,0,0,0,0,0,0,0,998,0,0,0,14,8,5,8,0,0,0,1,48,77015,6,1,6,0,3,0,999,999,0,0,0,0,0,0,0,0,0,0,0,0,0,0,4,2,50,1,1,8,1,0,0,1,80,1,1,1,98,0,0
48,481299,1,1,1,8,6,20,38,33,0,1,0,48,1,72,706,72706,80,2005,1HD1BXB185Y0,1,H,D,1,B,X,B,1,8,5,Y,0,0,0,0,000000000,00000000000,0,0,0,1,0,0,0,0,0,0,0,998,0,0,0,12,8,3,33,0,0,0,1,48,77536,6,1,0,0,3,3,999,999,0,0,0,0,0,0,0,0,0,0,0,0,0,0,2,4,35,1,1,1,1,0,0,1,12,99,1,4,6,1,0
48,481300,1,1,2,8,6,2,25,1,0,1,0,48,2,20,421,20421,15,1995,1GNCS13W6S22,1,G,N,C,S,1,3,W,6,S,2,2,0,0,0,000000000,00000000000,0,0,0,1,0,0,0,0,0,0,0,998,0,2,3,0,6,2,1,0,0,0,1,48,79705,0,0,0,0,0,0,999,999,0,0,0,0,0,0,0,0,0,0,0,0,0,0,2,2,75,1,1,8,1,0,0,1,12,99,1,4,6,1,1
48,481301,1,1,4,8,6,16,0,1,0,1,0,12,1,20,431,20431,16,2001,3GNFK16TX1G1,3,G,N,F,K,1,6,T,X,1,G,1,0,0,0,000000000,00000000000,0,0,0,1,0,0,0,0,0,0,0,998,0,2,3,0,4,3,1,0,0,0,1,12,33196,6,1,0,0,3,3,66,999,0,0,0,0,0,0,0,0,0,0,58,0,0,0,3,2,80,2,1,8,1,0,0,1,12,7,3,4,6,2,0
48,481302,1,1,1,8,6,2,59,8,0,1,0,48,2,21,21,21021,4,2002,1G3NL52F62C1,1,G,3,N,L,5,2,F,6,2,C,1,0,0,0,000000000,00000000000,0,0,0,1,0,0,0,0,0,0,0,998,0,0,0,12,2,5,8,0,0,0,1,48,76106,6,1,0,0,3,3,999,999,0,0,0,0,1,1,2014,1,2014,0,0,0,0,0,2,2,98,1,1,8,1,0,0,1,80,3,2,1,13,0,0
48,481303,1,1,1,8,6,21,5,8,0,1,0,48,2,39,34,39034,4,2003,SAJEA01T83FM,S,A,J,E,A,0,1,T,8,3,F,M,0,0,0,000000000,00000000000,0,0,0,1,0,0,0,0,0,0,0,998,0,0,0,12,4,3,8,0,0,0,1,48,77089,6,1,0,0,3,0,999,999,0,0,0,1,0,1,2012,1,2012,0,0,0,0,0,3,2,75,1,1,8,1,0,0,1,80,99,1,1,13,0,0
48,481304,1,2,1,9,6,8,16,12,6,1,0,48,1,20,422,20422,15,2011,1GNSCJE05BR1,1,G,N,S,C,J,E,0,5,B,R,1,0,0,0,000000000,00000000000,0,0,0,1,0,0,0,0,0,0,0,998,0,0,0,12,4,3,12,0,0,0,1,48,78132,6,1,0,0,3,3,999,999,0,0,0,0,0,0,0,0,0,0,38,0,0,0,5,3,45,1,1,8,1,0,0,11,15,99,1,1,82,0,0
48,481304,2,2,1,9,6,8,16,12,6,1,0,48,3,20,461,20461,21,2005,1GCHG39U4512,1,G,C,H,G,3,9,U,4,5,1,2,0,0,0,000000000,00000000000,0,0,0,1,0,0,0,0,0,0,0,998,0,1,1,5,4,3,1,0,0,0,1,48,78027,6,1,0,0,3,0,999,999,0,0,0,0,0,0,0,0,0,0,0,0,0,0,5,3,45,1,1,8,1,0,0,1,72,98,1,1,83,1,0
48,481305,1,1,1,9,6,21,58,8,0,1,0,48,2,7,472,7472,30,2010,1D7CE3BK6AS1,1,D,7,C,E,3,B,K,6,A,S,1,0,0,0,000000000,00000000000,0,0,0,1,0,0,0,0,0,0,0,998,0,0,0,12,2,3,8,0,0,0,1,48,78108,6,1,0,0,3,0,999,999,0,0,0,0,0,0,0,0,0,0,91,0,0,0,4,2,50,1,2,8,2,0,0,1,82,4,9,9,13,0,0
48,481306,1,1,1,9,6,12,15,42,0,1,0,48,2,24,9,24009,4,2007,1G8ZS57N37F2,1,G,8,Z,S,5,7,N,3,7,F,2,0,0,0,000000000,00000000000,0,0,0,1,0,0,0,0,0,0,0,998,0,0,0,12,6,2,42,0,0,0,1,48,79521,6,1,0,0,3,0,999,999,0,0,0,1,0,12,2011,12,2011,4,0,0,0,0,1,2,70,1,4,8,6,0,0,1,6,99,9,4,7,1,0
48,481307,1,2,1,9,6,13,20,59,0,1,0,48,3,38,402,38402,14,2000,4S2CK58W3Y43,4,S,2,C,K,5,8,W,3,Y,4,3,0,0,0,000000000,00000000000,0,0,0,1,0,0,0,0,0,0,0,998,0,1,5,98,6,2,1,0,0,0,1,48,77356,6,1,0,0,3,0,999,999,0,0,0,0,0,0,0,0,0,0,0,0,0,0,3,4,55,1,1,8,1,0,0,1,13,98,9,4,5,1,0
48,481307,2,2,5,9,6,13,20,59,0,1,0,48,1,20,422,20422,15,2007,1GNFK16367R2,1,G,N,F,K,1,6,3,6,7,R,2,1,1,0,000000000,00000000000,0,0,0,1,0,0,0,0,0,0,0,998,0,0,0,6,4,5,12,0,0,0,1,48,77356,6,1,0,0,3,0,999,999,0,0,0,1,0,7,2012,7,2012,0,0,0,0,0,4,3,55,1,1,8,1,0,0,1,60,99,1,1,98,0,0
48,481308,1,3,1,9,6,9,20,12,7,1,0,93,3,86,881,86881,66,2010,1M1AN07Y7AN0,1,M,1,A,N,0,7,Y,7,A,N,0,1,1,57,405598,57405598,3,6,2,1,0,0,0,0,0,0,0,998,0,0,0,81,4,3,12,0,0,0,1,48,76354,6,1,6,0,3,0,999,999,0,0,0,0,1,12,2012,12,2012,5,0,0,0,0,3,3,50,1,1,8,2,0,0,1,50,9,2,2,44,0,0
48,481308,2,3,1,9,6,9,20,12,7,1,0,48,1,37,31,37031,2,2013,2HGFG4A59DH7,2,H,G,F,G,4,A,5,9,D,H,7,0,0,0,000000000,00000000000,0,0,0,1,0,0,0,0,0,0,0,0,0,0,0,61,6,2,12,0,0,0,1,48,76179,6,1,0,0,3,0,999,999,0,0,0,0,0,0,0,0,0,0,0,0,0,0,3,3,50,1,1,8,2,0,0,5,60,99,1,1,45,1,0
48,481308,3,3,1,9,6,9,20,12,7,1,0,48,1,2,405,2405,14,2012,1C4PJLAK0CW1,1,C,4,P,J,L,A,K,0,C,W,1,0,0,0,000000000,00000000000,0,0,0,1,0,0,0,0,0,0,0,0,0,0,0,61,4,3,12,0,0,0,1,48,76179,6,1,0,0,3,3,999,999,0,0,0,0,0,0,0,0,0,0,0,0,0,0,3,3,50,1,1,8,2,0,0,5,60,99,1,1,98,0,0
48,481309,1,1,1,9,6,2,45,53,0,1,0,48,1,72,706,72706,80,2014,1HD1LF314EC4,1,H,D,1,L,F,3,1,4,E,C,4,0,0,0,000000000,00000000000,0,0,0,1,0,0,0,0,0,0,0,998,0,0,0,12,8,2,53,0,0,0,1,48,78201,1,1,0,0,2,0,999,999,0,5,1,2,0,2,2012,4,2014,4,0,0,0,0,1,2,55,3,2,8,1,0,0,14,18,3,2,4,2,1,1
48,481310,1,2,1,10,6,1,50,12,2,1,0,48,1,49,472,49472,30,2010,5TENX4CN4AZ7,5,T,E,N,X,4,C,N,4,A,Z,7,0,0,0,000000000,00000000000,0,0,0,1,0,0,0,0,0,0,0,998,0,0,0,12,6,2,12,0,0,0,1,48,78026,6,1,7,0,3,0,999,999,0,1,0,2,1,10,2011,4,2012,0,51,0,0,0,3,3,65,3,3,8,1,0,0,14,54,99,1,1,52,1,1
48,481310,2,2,1,10,6,1,50,12,2,1,0,48,1,18,20,18020,4,1999,2G4WB52K0X15,2,G,4,W,B,5,2,K,0,X,1,5,0,0,0,000000000,00000000000,0,0,0,1,0,0,0,0,0,0,0,998,0,0,0,12,6,2,12,0,0,0,1,48,78237,6,1,0,0,3,0,999,999,0,0,0,0,0,0,0,0,0,0,0,0,0,0,3,3,65,2,3,8,1,0,0,14,54,99,1,1,52,0,0
48,481311,1,1,99,10,6,0,7,8,0,1,1,99,9,99,999,99999,99,9999,999999999999,9,9,9,9,9,9,9,9,9,9,9,9,0,0,0,000000000,00000000000,0,0,0,1,0,0,0,0,0,0,0,998,0,0,0,98,9,5,8,99,99,0,1,99,99999,9,9,99,9,9,9,999,999,99,99,99,99,99,99,9999,99,9999,0,0,0,0,0,3,2,75,1,1,8,2,0,0,1,80,99,9,1,13,0,0
48,481312,1,2,1,10,6,13,2,12,1,1,0,93,3,87,884,87884,66,2012,1XPWDP9X3CD1,1,X,P,W,D,P,9,X,3,C,D,1,1,1,57,480979,57480979,3,6,2,2,2,1267,3,1,0,0,0,0,0,0,0,6,2,5,12,0,0,0,1,48,78409,6,1,6,1,3,3,999,999,1,0,0,0,0,6,2011,6,2011,0,0,0,0,0,1,2,70,1,1,8,1,50,3,5,53,1,1,1,21,0,0
48,481312,2,2,1,10,6,13,2,12,1,1,0,48,2,49,472,49472,30,1996,4TANL42N4TZ2,4,T,A,N,L,4,2,N,4,T,Z,2,0,0,0,000000000,00000000000,0,0,0,1,0,0,0,0,0,0,0,998,0,0,0,12,6,2,12,0,0,0,1,48,77662,6,1,0,0,3,3,999,999,0,0,0,0,0,0,0,0,0,5,41,0,0,0,1,2,70,1,1,8,1,50,3,1,50,3,2,1,20,1,0
48,481313,1,1,1,10,6,5,59,1,0,1,0,48,1,18,2,18002,4,2002,1G4HP54KX241,1,G,4,H,P,5,4,K,X,2,4,1,0,0,0,000000000,00000000000,0,0,0,1,0,0,0,0,0,0,0,998,0,9,5,0,4,3,1,0,0,0,1,48,76903,6,1,0,0,3,0,999,999,0,0,0,0,0,0,0,0,0,0,58,0,0,0,1,2,75,1,1,8,1,0,0,1,12,7,9,4,7,1,0
48,481314,1,1,1,10,6,1,33,11,0,1,0,28,1,37,706,37706,80,2008,1HFSC47L88A7,1,H,F,S,C,4,7,L,8,8,A,7,1,1,0,000000000,00000000000,0,0,0,1,0,0,0,0,0,0,0,998,0,0,0,12,8,2,11,0,0,0,1,53,98409,6,1,0,0,3,0,77,285,0,0,0,0,0,0,0,0,0,0,0,0,0,0,3,2,75,1,1,8,1,0,0,1,87,99,1,1,13,1,0
48,481315,1,2,3,10,6,18,51,12,6,1,0,48,1,37,31,37031,2,2001,1HGEM22991L0,1,H,G,E,M,2,2,9,9,1,L,0,0,0,0,000000000,00000000000,0,0,0,1,0,0,0,0,0,0,0,998,0,0,0,12,6,2,12,0,0,0,1,48,78758,1,1,0,0,2,0,999,999,0,3,0,0,0,11,2011,1,2013,0,0,0,0,0,3,2,65,1,2,8,1,3,3,1,17,99,1,1,88,1,0
48,481315,2,2,1,10,6,18,51,12,6,1,0,48,1,12,481,12481,31,2004,2FTRF17244CA,2,F,T,R,F,1,7,2,4,4,C,A,0,0,0,000000000,00000000000,0,0,0,1,0,0,0,0,0,0,0,998,0,1,9,9,6,2,12,0,0,0,1,48,78660,1,1,0,0,2,0,999,999,1,3,0,2,0,10,2011,5,2014,0,0,0,0,0,2,2,99,1,1,8,1,3,3,1,17,99,1,1,89,1,0
48,481316,1,1,1,11,6,12,59,42,0,1,0,48,1,42,42,42042,4,2000,WDBHA24GXYA8,W,D,B,H,A,2,4,G,X,Y,A,8,0,0,0,000000000,00000000000,0,0,0,1,0,0,0,0,0,0,0,998,0,0,0,62,6,2,42,32,0,0,1,48,78216,6,1,0,0,3,3,999,999,0,0,0,0,0,0,0,0,0,0,0,0,0,0,3,4,30,3,2,8,1,0,0,14,13,99,1,4,1,1,0
48,481317,1,2,1,11,6,5,14,12,6,1,0,48,2,24,7,24007,4,2006,1G8AJ55F26Z1,1,G,8,A,J,5,5,F,2,6,Z,1,0,0,0,000000000,00000000000,0,0,0,1,0,0,0,0,0,0,0,998,0,0,0,81,4,3,12,0,0,0,1,48,76541,6,1,0,0,3,3,999,999,0,0,0,0,0,0,0,0,0,0,35,0,0,0,1,2,75,1,2,8,1,0,0,6,54,7,4,2,66,1,0
48,481317,2,2,1,11,6,5,14,12,6,1,0,48,1,20,481,20481,31,1998,1GCGC33R9WF0,1,G,C,G,C,3,3,R,9,W,F,0,0,0,0,000000000,00000000000,0,0,0,1,0,0,0,0,0,0,0,998,0,0,0,12,4,3,12,0,0,0,1,48,76528,6,1,0,0,3,0,999,999,0,0,0,0,0,0,0,0,0,0,0,0,0,0,1,2,75,1,2,8,1,0,0,1,62,99,1,1,66,0,0
48,481318,1,1,1,11,6,18,50,26,0,1,0,48,2,72,706,72706,80,2003,1HD4CAM303K4,1,H,D,4,C,A,M,3,0,3,K,4,0,0,0,000000000,00000000000,0,0,0,1,0,0,0,0,0,0,0,998,0,0,0,98,8,2,26,0,0,0,1,48,75228,6,1,0,0,2,0,60,134,0,0,0,0,0,0,0,0,0,4,52,0,0,0,4,1,70,2,2,8,1,0,0,14,6,99,9,4,6,1,0
48,481319,1,1,1,11,6,5,39,38,0,1,0,12,2,58,37,58037,4,2006,JNKCV51E46M5,J,N,K,C,V,5,1,E,4,6,M,5,0,0,0,000000000,00000000000,0,0,0,1,0,0,0,0,0,0,0,998,0,0,0,12,4,3,38,0,0,0,1,48,78574,6,1,0,0,3,0,999,999,0,0,0,0,0,0,0,0,0,4,39,0,0,0,1,2,30,1,1,8,1,20,3,1,14,99,1,4,14,1,0
48,481320,1,2,1,11,6,16,50,12,2,1,0,48,1,18,2,18002,4,1995,1G4HR52L4SH5,1,G,4,H,R,5,2,L,4,S,H,5,0,0,0,000000000,00000000000,0,0,0,1,0,0,0,0,0,0,0,998,0,0,0,12,6,2,12,0,0,0,1,48,77662,6,1,0,0,3,3,999,999,1,0,0,0,0,12,2012,12,2012,0,50,0,0,0,2,3,75,1,1,8,1,0,0,1,54,6,1,2,50,1,0
48,481320,2,2,1,11,6,16,50,12,2,1,0,48,1,49,472,49472,30,2009,5TEPX42N29Z6,5,T,E,P,X,4,2,N,2,9,Z,6,0,0,0,000000000,00000000000,0,0,0,1,0,0,0,0,0,0,0,998,0,0,0,12,6,2,12,0,0,0,1,48,77656,6,1,0,0,3,3,999,999,0,0,0,0,0,0,0,0,0,0,0,0,0,0,2,3,75,1,1,8,1,0,0,1,62,99,1,1,51,0,0
48,481321,1,2,6,11,6,21,18,8,0,1,0,48,1,6,54,6054,6,2004,2C8GM68444R6,2,C,8,G,M,6,8,4,4,4,R,6,0,0,0,000000000,00000000000,0,0,0,1,0,0,0,0,0,0,0,998,0,0,0,12,4,3,8,0,0,0,1,48,76711,6,1,0,0,3,0,999,999,0,0,0,0,0,0,0,0,0,0,0,0,0,0,3,2,65,1,1,8,1,0,0,1,80,99,1,1,13,0,0
48,481321,2,2,1,11,6,21,18,8,0,1,0,48,1,7,482,7482,31,2010,1D7RV1GP2AS2,1,D,7,R,V,1,G,P,2,A,S,2,0,0,0,000000000,00000000000,0,0,0,1,0,0,0,0,0,0,0,998,0,0,0,14,8,5,8,0,0,0,1,48,76706,6,1,0,0,3,3,999,999,0,0,0,0,0,0,0,0,0,0,0,0,0,0,3,2,65,1,1,8,1,0,0,1,80,6,1,2,98,0,0
48,481322,1,1,1,11,6,15,43,10,0,1,0,48,2,12,13,12013,2,2001,3FAFP11361R1,3,F,A,F,P,1,1,3,6,1,R,1,0,0,0,000000000,00000000000,0,0,0,1,0,0,0,0,0,0,0,998,0,1,1,9,6,2,10,0,0,0,1,48,77371,6,1,0,0,3,0,999,999,0,0,0,0,0,0,0,0,0,0,39,0,0,0,1,2,30,1,1,8,1,65,3,1,90,99,1,1,98,1,0
48,481323,1,2,1,12,6,0,40,12,2,1,0,48,3,7,482,7482,31,2014,3C6UR5DL5EG2,3,C,6,U,R,5,D,L,5,E,G,2,0,0,0,000000000,00000000000,0,0,0,1,0,0,0,0,0,0,0,998,0,1,1,12,6,2,12,0,0,0,1,48,76943,6,1,0,0,3,0,999,999,0,3,0,1,0,3,2012,3,2014,0,28,51,0,0,1,2,75,1,1,8,1,0,0,1,10,99,1,2,50,1,1
48,481323,2,2,1,12,6,0,40,12,2,1,0,93,3,84,881,84881,66,2006,2HSCNAPR16C1,2,H,S,C,N,A,P,R,1,6,C,1,1,1,57,704914,57704914,3,6,2,1,0,0,0,0,0,0,0,998,0,1,1,12,6,2,12,0,0,0,1,48,78744,6,1,6,0,3,0,999,999,0,0,0,0,1,12,2011,12,2011,0,0,0,0,0,1,2,75,1,1,8,1,0,0,1,62,99,1,1,51,0,0
48,481324,1,3,1,12,6,0,35,12,2,1,0,93,1,84,881,84881,66,1999,2HSFHAER2XC0,2,H,S,F,H,A,E,R,2,X,C,0,1,1,57,1829768,571829768,3,6,8,1,0,0,0,0,0,0,0,998,0,0,0,12,6,2,12,0,0,0,1,48,77630,6,1,6,0,3,3,999,999,0,0,0,0,0,0,0,0,0,0,0,0,0,0,1,2,70,3,1,8,1,0,0,14,62,99,1,1,69,0,0
48,481324,2,3,1,12,6,0,35,12,2,1,0,48,1,22,20,22020,2,1997,1G2WP1216VF2,1,G,2,W,P,1,2,1,6,V,F,2,0,0,0,000000000,00000000000,0,0,0,1,0,0,0,0,0,0,0,998,0,0,0,12,6,2,12,0,0,0,1,48,78629,6,1,0,0,3,0,999,999,0,0,0,0,0,0,0,0,0,0,48,0,0,0,1,2,70,2,1,8,1,0,0,11,15,99,1,1,68,1,0
48,481324,3,3,1,12,6,0,35,12,2,1,0,48,1,7,482,7482,31,2011,3D7TP2CL5BG5,3,D,7,T,P,2,C,L,5,B,G,5,0,0,0,000000000,00000000000,0,0,0,1,0,0,0,0,0,0,0,998,0,0,0,61,2,3,12,0,0,0,1,48,78727,6,1,0,0,3,0,999,999,0,0,0,0,0,0,0,0,0,0,0,0,0,0,1,2,70,2,1,8,1,0,0,14,62,99,1,1,98,0,0
48,481325,1,2,2,12,6,8,21,12,6,1,0,48,1,7,482,7482,31,2005,1D7HA18D25S3,1,D,7,H,A,1,8,D,2,5,S,3,0,0,0,000000000,00000000000,0,0,0,1,0,0,0,0,0,0,0,998,0,0,0,1,6,2,12,0,0,0,1,48,76031,6,1,0,0,3,3,999,999,0,0,0,0,0,0,0,0,0,4,0,0,0,0,1,2,60,1,2,8,6,0,0,1,6,99,4,2,64,1,0
48,481325,2,2,2,12,6,8,21,12,6,1,0,48,1,7,880,7880,67,2007,3D7MX48C97G7,3,D,7,M,X,4,8,C,9,7,G,7,0,0,88,888888888,88888888888,2,1,97,1,0,0,0,0,0,0,0,998,0,0,0,11,6,2,12,0,0,0,1,48,76033,6,1,0,0,3,0,999,999,0,0,0,0,0,0,0,0,0,0,0,0,0,0,1,2,60,1,2,8,6,0,0,1,62,7,1,1,65,0,0
48,481326,1,1,1,12,6,4,15,53,0,1,0,48,1,76,706,76706,80,2008,JYAVP19E68A0,J,Y,A,V,P,1,9,E,6,8,A,0,0,0,0,000000000,00000000000,0,0,0,1,0,0,0,0,0,0,0,998,0,0,0,12,8,2,53,0,0,0,1,48,75143,6,1,0,0,3,0,68,170,0,1,0,0,0,5,2014,5,2014,0,0,0,0,0,1,2,98,3,1,8,1,0,0,1,13,99,1,4,1,1,1
48,481327,1,1,1,12,6,6,20,53,0,1,0,48,1,20,481,20481,31,2003,1GCHC29123E2,1,G,C,H,C,2,9,1,2,3,E,2,0,0,0,000000000,00000000000,0,0,0,1,0,0,0,0,0,0,0,998,0,2,5,98,4,3,1,0,0,0,1,48,75103,6,1,0,0,3,3,999,999,0,0,0,2,2,1,2012,4,2014,4,58,0,0,0,1,3,98,1,2,8,1,0,0,1,13,99,1,4,1,1,0
48,481328,1,3,1,13,6,10,50,12,6,1,0,48,1,49,46,49046,4,2009,JTDKB20U7934,J,T,D,K,B,2,0,U,7,9,3,4,0,0,0,000000000,00000000000,0,0,0,1,0,0,0,0,0,0,0,998,0,0,0,12,4,3,12,32,0,0,1,48,78250,6,1,0,0,3,3,999,999,1,0,0,0,0,12,2013,12,2013,0,39,0,0,0,3,3,60,1,1,8,1,3,3,1,62,99,1,1,69,0,0
48,481328,2,3,3,13,6,10,50,12,6,1,0,48,3,12,461,12461,21,2010,1FDSS3ES0ADA,1,F,D,S,S,3,E,S,0,A,D,A,0,0,0,000000000,00000000000,0,0,0,1,0,0,0,0,0,0,0,998,0,0,0,3,4,3,12,0,0,0,1,48,78213,6,1,6,0,3,0,999,999,0,0,0,0,0,0,0,0,0,0,0,0,0,0,3,5,60,1,1,8,1,3,3,11,15,99,1,1,68,1,0
48,481328,3,3,3,13,6,10,50,12,6,1,0,48,1,20,421,20421,15,2005,1GNEK13T95R2,1,G,N,E,K,1,3,T,9,5,R,2,0,0,0,000000000,00000000000,0,0,0,1,0,0,0,0,0,0,0,998,0,0,0,12,4,3,12,0,0,0,1,48,78254,6,1,0,0,3,0,999,999,0,0,0,0,0,0,0,0,0,0,0,0,0,0,3,5,60,1,1,8,1,3,3,11,61,99,1,1,98,0,0
48,481329,1,1,1,13,6,1,15,11,0,1,0,48,1,72,706,72706,80,2005,1HD1BWB115Y0,1,H,D,1,B,W,B,1,1,5,Y,0,0,0,0,000000000,00000000000,0,0,0,1,0,0,0,0,0,0,0,998,0,0,0,12,8,2,11,0,0,0,1,48,75020,6,1,6,0,3,0,999,999,0,0,0,0,0,0,0,0,0,0,83,0,0,0,1,2,65,1,1,8,1,0,0,1,87,99,1,1,13,1,0
48,481330,1,2,4,13,6,9,33,12,2,1,0,30,1,20,481,20481,31,1999,3GNGK26J9XG1,3,G,N,G,K,2,6,J,9,X,G,1,0,0,0,000000000,00000000000,0,0,0,1,0,0,0,0,0,0,0,998,0,0,0,12,2,3,12,0,0,0,1,30,59405,6,1,0,0,3,3,74,330,98,0,0,2,0,6,2013,4,2014,0,38,53,0,0,2,3,60,1,1,8,1,0,0,11,15,99,1,1,68,0,0
48,481330,2,2,1,13,6,9,33,12,2,1,0,48,2,37,31,37031,2,1987,JHMEC1346HS0,J,H,M,E,C,1,3,4,6,H,S,0,0,0,0,000000000,00000000000,0,0,0,1,0,0,0,0,0,0,0,998,0,0,0,12,4,3,12,0,0,0,1,48,75647,1,1,0,0,2,0,999,999,0,42,1,1,0,11,2011,6,2014,0,0,0,0,0,2,3,60,1,1,8,1,0,0,1,62,99,1,1,69,1,0