STATE,ST_CASE,VEH_NO,VE_FORMS,NUMOCCS,DAY,MONTH,HOUR,MINUTE,HARM_EV,MAN_COLL,UNITTYPE,HIT_RUN,REG_STAT,OWNER,MAKE,MODEL,MAK_MOD,BODY_TYP,MOD_YEAR,VIN,VIN_1,VIN_2,VIN_3,VIN_4,VIN_5,VIN_6,VIN_7,VIN_8,VIN_9,VIN_10,VIN_11,VIN_12,TOW_VEH,J_KNIFE,MCARR_I1,MCARR_I2,MCARR_ID,GVWR,V_CONFIG,CARGO_BT,HAZ_INV,HAZ_PLAC,HAZ_ID,HAZ_CNO,HAZ_REL,BUS_USE,SPEC_USE,EMER_USE,TRAV_SP,UNDERIDE,ROLLOVER,ROLINLOC,IMPACT1,DEFORMED,TOWED,M_HARM,VEH_SC1,VEH_SC2,FIRE_EXP,DR_PRES,L_STATE,DR_ZIP,L_STATUS,L_TYPE,CDL_STAT,L_ENDORS,L_COMPL,L_RESTRI,DR_HGT,DR_WGT,PREV_ACC,PREV_SUS,PREV_DWI,PREV_SPD,PREV_OTH,FIRST_MO,FIRST_YR,LAST_MO,LAST_YR,SPEEDREL,DR_SF1,DR_SF2,DR_SF3,DR_SF4,VTRAFWAY,VNUM_LAN,VSPD_LIM,VALIGN,VPROFILE,VPAVETYP,VSURCOND,VTRAFCON,VTCONT_F,P_CRASH1,P_CRASH2,P_CRASH3,PCRASH4,PCRASH5,ACC_TYPE,DEATHS,DR_DRINK
48,481370,1,1,1,19,6,21,30,38,0,1,0,48,1,12,481,12481,31,2001,1FTRW08L61KE,1,F,T,R,W,0,8,L,6,1,K,E,0,0,0,000000000,00000000000,0,0,0,1,0,0,0,0,0,0,0,998,0,1,5,12,4,3,38,0,0,0,1,48,76903,6,1,0,0,3,0,999,999,0,0,0,0,0,0,0,0,0,0,58,0,0,0,1,2,60,1,1,8,1,0,0,1,13,6,3,4,2,1,1
48,481371,1,1,1,20,6,15,10,1,0,1,0,48,1,76,706,76706,80,2008,JYAVP28E38A0,J,Y,A,V,P,2,8,E,3,8,A,0,0,0,0,000000000,00000000000,0,0,0,1,0,0,0,0,0,0,0,998,0,0,0,0,8,2,1,0,0,0,1,48,75756,6,1,0,0,3,3,999,999,0,0,0,0,0,0,0,0,0,0,0,0,0,0,1,2,55,3,2,8,1,0,0,14,13,99,1,4,1,1,1
48,481373,1,1,1,20,6,18,45,42,0,1,0,48,0,20,421,20421,15,1990,1GNEV18K5LF1,1,G,N,E,V,1,8,K,5,L,F,1,0,0,0,000000000,00000000000,0,0,0,1,0,0,0,0,0,0,0,998,0,1,5,12,4,3,1,0,0,0,1,48,75948,1,1,0,0,2,0,999,999,0,1,0,0,0,10,2013,10,2013,0,0,0,0,0,1,2,35,1,1,8,7,0,0,1,6,99,2,4,7,1,1
48,481374,1,1,2,20,6,12,8,1,0,1,0,48,2,37,706,37706,80,1998,1HFSC3439WA1,1,H,F,S,C,3,4,3,9,W,A,1,0,0,0,000000000,00000000000,0,0,0,1,0,0,0,0,0,0,0,998,0,0,0,0,2,3,1,0,0,0,1,48,77590,6,1,0,0,3,0,999,999,0,0,0,0,0,0,0,0,0,0,0,0,0,0,3,2,75,1,1,8,1,0,0,1,1,99,1,1,98,1,0
48,481375,1,1,1,21,6,21,0,38,0,1,0,48,2,35,472,35472,30,1998,1N6DD26S2WC3,1,N,6,D,D,2,6,S,2,W,C,3,0,0,0,000000000,00000000000,0,0,0,1,0,0,0,0,0,0,0,56,0,1,5,12,4,3,1,0,0,0,1,96,79533,9,9,99,9,9,9,999,999,99,99,99,99,99,99,9999,99,9999,0,83,0,0,0,1,2,60,1,2,5,11,0,0,1,87,6,4,4,8,1,1
48,481376,1,1,1,22,6,3,18,8,0,1,1,99,9,42,999,42999,99,9999,999999999999,9,9,9,9,9,9,9,9,9,9,9,9,0,0,0,000000000,00000000000,0,0,0,1,0,0,0,0,0,0,0,998,0,0,0,12,2,5,8,99,99,0,1,99,99999,9,9,99,9,9,9,999,999,99,99,99,99,99,99,9999,99,9999,0,99,99,99,99,3,5,60,1,1,2,1,0,0,1,80,99,1,1,13,0,0
48,481378,1,1,1,23,6,3,25,21,0,1,0,48,2,49,40,49040,4,1997,4T1BG22K0VU7,4,T,1,B,G,2,2,K,0,V,U,7,0,0,0,000000000,00000000000,0,0,0,1,0,0,0,0,0,0,0,998,0,0,0,12,6,2,21,0,0,1,1,48,78238,0,0,0,0,0,0,999,999,0,0,0,0,0,0,0,0,0,0,0,0,0,0,3,4,65,2,2,8,1,0,0,14,13,1,1,4,1,1,0
48,481379,1,1,1,11,1,16,20,32,0,1,0,48,1,7,21,7021,6,2006,2D4GV57296H2,2,D,4,G,V,5,7,2,9,6,H,2,0,0,0,000000000,00000000000,0,0,0,1,0,0,0,0,0,0,0,998,0,1,5,98,8,2,1,0,0,0,1,48,75904,1,1,0,0,2,0,999,999,2,4,0,0,0,2,2011,10,2013,5,0,0,0,0,1,2,55,3,1,8,1,0,0,14,13,99,1,4,1,1,1
48,481380,1,1,1,7,2,8,44,24,0,1,0,48,1,12,481,12481,31,2009,1FTRW12809FA,1,F,T,R,W,1,2,8,0,9,F,A,0,0,0,000000000,00000000000,0,0,0,1,0,0,0,0,0,0,0,998,0,1,1,12,2,3,24,0,0,0,1,48,78058,6,1,0,0,3,3,999,999,0,0,0,0,0,0,0,0,0,4,0,0,0,0,1,2,55,2,2,8,2,0,0,14,6,99,2,4,7,1,0
48,481382,1,1,1,21,5,16,14,14,0,1,0,48,3,20,481,20481,31,2014,1GC1KVCG4EF1,1,G,C,1,K,V,C,G,4,E,F,1,0,0,0,000000000,00000000000,0,0,0,1,0,0,0,0,0,0,0,998,0,0,0,12,6,2,14,0,0,0,1,48,78387,3,1,0,0,2,3,999,999,0,3,0,3,1,2,2012,3,2014,0,48,0,0,0,3,3,75,1,1,8,1,0,0,1,11,99,1,4,11,0,0
48,481383,1,1,4,5,6,22,46,8,0,1,0,48,1,7,402,7402,14,1998,1B4HS28Y4WF1,1,B,4,H,S,2,8,Y,4,W,F,1,0,0,0,000000000,00000000000,0,0,0,1,0,0,0,0,0,0,0,998,0,0,0,12,4,3,8,0,0,0,1,48,77701,6,1,0,0,3,3,999,999,0,0,0,0,0,0,0,0,0,0,0,0,0,0,4,3,55,1,1,8,1,0,0,1,80,99,1,1,13,0,0
48,481384,1,2,2,6,6,23,56,12,6,1,0,48,1,72,706,72706,80,2009,1HD1BW5129Y0,1,H,D,1,B,W,5,1,2,9,Y,0,0,0,0,000000000,00000000000,0,0,0,1,0,0,0,0,0,0,0,998,0,0,0,61,4,3,12,0,0,0,1,48,78942,6,1,6,0,3,0,999,999,0,0,0,0,0,0,0,0,0,0,39,0,0,0,1,2,98,8,8,8,98,20,3,1,17,99,1,1,89,2,1
48,481384,2,2,2,6,6,23,56,12,6,1,0,48,2,55,39,55039,4,2007,KMHFC46F47A1,K,M,H,F,C,4,6,F,4,7,A,1,0,0,0,000000000,00000000000,0,0,0,1,0,0,0,0,0,0,0,998,0,0,0,12,4,3,12,0,0,0,1,48,78016,0,0,0,0,0,0,999,999,0,0,0,0,0,0,0,0,0,0,0,0,0,0,2,4,70,1,1,8,1,0,0,1,66,99,1,1,88,0,0
48,481385,1,1,1,10,6,5,55,8,0,1,0,93,3,82,881,82881,66,2014,1FUJGLDR9ELF,1,F,U,J,G,L,D,R,9,E,L,F,1,1,57,187774,57187774,3,6,1,1,0,0,0,0,0,0,0,998,0,0,0,14,8,5,8,0,0,0,1,48,78218,6,1,6,0,3,3,999,999,0,0,0,0,0,0,0,0,0,0,0,0,0,0,2,2,75,1,1,8,1,0,0,1,80,1,1,1,13,0,0
48,481386,1,1,1,10,6,14,0,38,0,1,0,48,1,13,1,13001,4,2004,1LNHM85W94Y6,1,L,N,H,M,8,5,W,9,4,Y,6,0,0,0,000000000,00000000000,0,0,0,1,0,0,0,0,0,0,0,998,0,1,5,6,4,3,1,0,0,0,1,48,77995,6,1,0,0,3,3,999,999,0,0,0,0,0,0,0,0,0,0,58,0,0,0,1,2,70,3,1,8,1,0,0,14,13,6,4,4,2,1,0
48,481387,1,1,5,12,6,20,10,1,0,1,0,48,2,22,403,22403,14,2006,2CKDL63F5662,2,C,K,D,L,6,3,F,5,6,6,2,0,0,0,000000000,00000000000,0,0,0,1,0,0,0,0,0,0,0,998,0,2,1,0,4,3,1,0,0,0,1,48,75052,0,0,0,0,0,0,999,999,0,0,0,0,0,0,0,0,0,0,48,0,0,0,3,4,60,1,1,8,1,0,0,1,13,99,1,7,98,1,0
48,481388,1,1,1,12,6,15,45,52,0,1,0,93,1,84,881,84881,66,2009,2HSCUAPR29C0,2,H,S,C,U,A,P,R,2,9,C,0,1,1,57,1290776,571290776,3,6,3,1,0,0,0,0,0,0,0,998,0,1,5,98,6,2,2,0,0,1,1,13,30349,6,1,6,1,3,0,70,300,98,0,0,2,0,2,2012,3,2014,0,0,0,0,0,2,2,80,1,1,8,1,0,0,1,13,99,1,4,1,1,0
48,481389,1,2,1,13,6,6,50,12,6,1,0,48,2,7,482,7482,31,1994,1B7KC26Z7RS6,1,B,7,K,C,2,6,Z,7,R,S,6,0,0,0,000000000,00000000000,0,0,0,1,0,0,0,0,0,0,0,998,0,0,0,11,4,3,12,0,0,0,1,48,77661,6,1,0,0,3,0,999,999,0,0,0,0,0,0,0,0,0,0,38,0,0,0,0,0,0,0,0,0,0,0,0,11,15,99,1,1,82,1,0
48,481389,2,2,1,13,6,6,50,12,6,1,0,48,1,7,482,7482,31,2001,3B7KF23761G7,3,B,7,K,F,2,3,7,6,1,G,7,0,0,0,000000000,00000000000,0,0,0,1,0,0,0,0,0,0,0,998,0,0,0,12,4,3,12,0,0,0,1,48,77575,6,1,0,0,3,3,999,999,0,0,0,1,0,3,2012,3,2012,0,0,0,0,0,2,3,55,3,1,8,1,0,0,14,72,99,1,1,83,0,0
48,481390,1,2,1,13,6,22,20,24,0,1,0,48,2,59,34,59034,4,1999,JT8BH68X6X00,J,T,8,B,H,6,8,X,6,X,0,0,0,0,0,000000000,00000000000,0,0,0,1,0,0,0,0,0,0,0,998,0,0,0,98,6,2,24,0,0,0,1,48,77379,6,1,0,0,3,0,999,999,0,0,0,0,0,0,0,0,0,5,0,0,0,0,3,3,65,1,2,8,1,0,0,1,9,99,9,4,5,1,0
48,481390,2,2,1,13,6,22,20,24,0,1,0,48,1,20,481,20481,31,2014,1GCRCREH0EZ1,1,G,C,R,C,R,E,H,0,E,Z,1,0,0,0,000000000,00000000000,0,0,0,1,0,0,0,0,0,0,0,998,0,0,0,12,2,3,54,0,0,0,1,48,77563,6,1,0,0,3,0,999,999,0,0,0,0,0,0,0,0,0,0,0,0,0,0,3,3,65,1,2,8,1,0,0,1,64,99,1,1,98,0,0
48,481391,1,1,1,13,6,21,12,8,0,1,0,48,1,49,51,49051,4,2007,JTDBT9234711,J,T,D,B,T,9,2,3,4,7,1,1,0,0,0,000000000,00000000000,0,0,0,1,0,0,0,0,0,0,0,998,0,0,0,12,2,5,8,0,0,0,1,48,77062,6,7,0,0,3,2,999,999,0,0,0,0,0,0,0,0,0,0,73,0,0,0,3,2,45,1,1,8,1,0,0,1,80,3,1,1,13,0,0
48,481392,1,2,1,13,6,14,39,12,6,1,0,48,1,7,482,7482,31,2001,1B7MC33621J1,1,B,7,M,C,3,3,6,2,1,J,1,0,0,0,000000000,00000000000,0,0,0,1,0,0,0,0,0,0,0,998,0,0,0,1,4,3,12,0,0,0,1,48,76712,6,1,0,0,3,0,999,999,0,0,0,0,0,0,0,0,0,0,38,48,0,0,2,3,60,1,1,8,1,0,0,11,15,99,1,1,68,0,0
48,481392,2,2,1,13,6,14,39,12,6,1,0,48,1,73,705,73705,80,2008,JKAKLEE118DA,J,K,A,K,L,E,E,1,1,8,D,A,0,0,0,000000000,00000000000,0,0,0,1,0,0,0,0,0,0,0,998,0,0,0,12,6,2,12,0,0,0,1,48,76707,6,1,0,0,3,0,999,999,0,0,0,0,0,0,0,0,0,0,0,0,0,0,2,2,60,1,1,8,1,0,0,1,62,99,1,1,69,1,0
48,481393,1,1,2,13,6,14,17,1,0,1,0,48,0,12,471,12471,30,1993,1FTEX15Y8PKB,1,F,T,E,X,1,5,Y,8,P,K,B,0,0,0,000000000,00000000000,0,0,0,1,0,0,0,0,0,0,0,998,0,2,5,0,4,3,1,0,0,0,1,48,78744,6,1,0,0,3,3,999,999,0,1,0,0,0,10,2011,10,2011,0,80,0,0,0,1,2,75,1,1,8,1,0,0,1,1,99,4,4,1,1,0
48,481394,1,1,2,14,6,8,16,38,0,1,1,48,2,52,37,52037,2,1996,4A3AK44Y6TE3,4,A,3,A,K,4,4,Y,6,T,E,3,0,0,0,000000000,00000000000,0,0,0,1,0,0,0,0,0,0,0,998,0,0,0,12,6,2,38,0,0,0,1,48,75119,6,1,0,0,3,0,999,999,0,7,0,0,0,10,2011,11,2013,4,91,0,0,0,1,2,30,1,1,8,1,0,0,1,12,99,1,4,6,1,1
48,481395,1,1,5,14,6,17,55,1,0,1,0,48,2,12,401,12401,14,2002,1FMYU60E02UB,1,F,M,Y,U,6,0,E,0,2,U,B,0,0,0,000000000,00000000000,0,0,0,1,0,0,0,0,0,0,0,998,0,2,1,0,4,3,1,0,0,0,1,48,77071,6,1,0,0,3,0,999,999,0,2,0,3,1,12,2011,1,2014,0,80,0,0,0,2,4,60,1,1,8,1,0,0,1,1,99,1,4,98,1,0
48,481396,1,1,1,14,6,19,25,1,0,1,0,48,1,20,421,20421,15,1999,1GNCS13W6X21,1,G,N,C,S,1,3,W,6,X,2,1,0,0,0,000000000,00000000000,0,0,0,1,0,0,0,0,0,0,0,998,0,2,5,0,4,3,1,0,0,0,1,48,75460,6,1,0,0,3,0,999,999,0,0,0,0,0,0,0,0,0,0,0,0,0,0,1,2,65,1,1,8,1,0,0,1,12,99,1,4,6,1,0
48,481397,1,2,1,14,6,17,9,12,6,1,0,48,1,12,471,12471,30,1995,1FTCR10A4STA,1,F,T,C,R,1,0,A,4,S,T,A,0,0,0,000000000,00000000000,0,0,0,1,0,0,0,0,0,0,0,998,0,0,0,12,4,3,12,0,0,0,1,48,79072,6,1,0,0,3,3,999,999,0,0,0,1,0,5,2012,5,2012,0,0,0,0,0,1,2,75,8,8,8,1,0,0,1,66,1,1,1,88,0,0
48,481397,2,2,2,14,6,17,9,12,6,1,0,0,0,37,733,37733,90,2005,1HFTE240X544,1,H,F,T,E,2,4,0,X,5,4,4,0,0,0,000000000,00000000000,0,0,0,1,0,0,0,0,0,0,0,998,0,0,0,9,4,3,12,0,0,0,1,48,79064,6,1,0,0,1,0,999,999,0,0,0,0,0,0,0,0,0,0,39,0,0,0,1,2,98,8,8,8,1,20,3,1,17,1,1,1,89,2,1
48,481398,1,2,1,14,6,12,33,12,6,1,0,48,2,7,482,7482,31,2000,1B7KF2360YJ1,1,B,7,K,F,2,3,6,0,Y,J,1,0,0,0,000000000,00000000000,0,0,0,1,0,0,0,0,0,0,0,998,0,0,0,12,4,3,12,0,0,0,1,48,77303,6,7,0,0,3,1,999,999,0,0,0,0,0,0,0,0,0,0,51,0,0,0,1,2,60,3,2,8,1,0,0,14,10,99,1,2,66,0,0
48,481398,2,2,1,14,6,12,33,12,6,1,0,48,2,53,405,53405,14,2004,JS3TY92V3441,J,S,3,T,Y,9,2,V,3,4,4,1,0,0,0,000000000,00000000000,0,0,0,1,0,0,0,0,0,0,0,998,0,0,0,11,6,2,12,0,0,0,1,48,77301,0,0,0,0,0,0,999,999,0,0,0,0,0,0,0,0,0,0,0,0,0,0,1,2,60,2,2,8,1,0,0,1,62,98,1,1,66,1,0
48,481399,1,1,2,14,6,14,45,30,0,1,0,48,1,20,403,20403,14,2004,1GNDS13S4423,1,G,N,D,S,1,3,S,4,4,2,3,0,0,0,000000000,00000000000,0,0,0,1,0,0,0,0,0,0,0,998,0,1,3,3,6,2,30,0,0,0,1,48,76117,6,1,0,0,3,3,999,999,0,0,0,0,0,0,0,0,0,4,0,0,0,0,3,2,75,3,1,8,1,0,0,1,12,99,4,4,6,1,0
48,481400,1,2,1,15,6,22,17,12,6,1,0,48,2,42,46,42046,2,2001,WDBPJ75JX1A0,W,D,B,P,J,7,5,J,X,1,A,0,0,0,0,000000000,00000000000,0,0,0,1,0,0,0,0,0,0,0,998,0,0,0,12,4,3,12,0,0,0,1,48,75211,6,1,0,0,3,0,999,999,0,0,0,0,0,0,0,0,0,3,0,0,0,0,1,4,35,1,1,8,1,0,0,1,66,6,1,2,83,0,0
48,481400,2,2,2,15,6,22,17,12,6,1,0,48,2,49,47,49047,6,2003,2T1KR32EX3C0,2,T,1,K,R,3,2,E,X,3,C,0,0,0,0,000000000,00000000000,0,0,0,1,0,0,0,0,0,0,0,998,0,0,0,9,4,3,12,0,0,0,1,48,75208,6,1,0,0,3,0,999,999,0,0,0,0,0,0,0,0,0,0,38,0,0,0,1,2,98,1,8,8,98,20,3,11,15,1,1,1,82,1,0
48,481401,1,2,1,15,6,10,0,12,1,1,0,48,1,37,421,37421,15,2005,5FNYF18615B0,5,F,N,Y,F,1,8,6,1,5,B,0,0,0,0,000000000,00000000000,0,0,0,1,0,0,0,0,0,0,0,998,0,0,0,12,4,3,12,0,0,0,1,48,77064,6,1,0,0,3,3,999,999,0,0,0,0,0,0,0,0,0,0,0,0,0,0,3,3,60,1,1,8,1,0,0,15,11,99,1,4,32,0,0
48,481401,2,2,2,15,6,10,0,12,1,1,0,48,1,49,403,49403,14,2003,JTEGD21A3300,J,T,E,G,D,2,1,A,3,3,0,0,0,0,0,000000000,00000000000,0,0,0,1,0,0,0,0,0,0,0,0,0,0,0,6,6,2,12,0,0,0,1,48,77379,6,1,0,0,3,3,999,999,0,0,0,0,0,0,0,0,0,0,0,0,0,0,3,3,60,1,1,8,1,0,0,2,98,99,1,4,32,1,0
48,481403,1,2,2,16,6,10,56,30,0,1,0,48,2,20,481,20481,31,1994,1GCEC19K5RE2,1,G,C,E,C,1,9,K,5,R,E,2,0,0,0,000000000,00000000000,0,0,0,1,0,0,0,0,0,0,0,998,0,0,0,2,6,2,30,0,0,0,1,48,77657,6,1,0,0,3,0,999,999,0,0,0,1,1,3,2013,8,2013,4,0,0,0,0,5,5,35,1,1,8,1,0,0,1,13,99,1,4,1,1,0
48,481403,2,2,1,16,6,10,56,30,0,1,0,48,3,85,884,85884,63,2012,1NKDL40XXCJ3,1,N,K,D,L,4,0,X,X,C,J,3,0,0,57,1941682,571941682,3,2,4,1,0,0,0,0,0,0,0,998,0,0,0,98,8,5,54,0,0,0,1,48,77656,6,1,6,0,3,0,999,999,0,0,0,0,0,0,0,0,0,0,0,0,0,0,5,5,35,1,1,8,1,0,0,1,98,99,1,1,98,0,0
48,481404,1,2,4,16,6,15,51,12,2,1,0,48,3,20,481,20481,31,2011,1GC1CVCGXBF2,1,G,C,1,C,V,C,G,X,B,F,2,1,3,0,000000000,00000000000,0,0,0,1,0,0,0,0,0,0,0,998,0,0,0,12,6,2,12,0,0,0,1,48,79731,0,0,0,0,0,0,999,999,0,0,0,0,0,0,0,0,0,0,51,0,0,0,1,2,75,1,1,8,1,0,0,1,12,99,1,4,52,1,0
48,481404,2,2,1,16,6,15,51,12,2,1,0,48,1,82,884,82884,66,1998,1FUYSSEB5WL9,1,F,U,Y,S,S,E,B,5,W,L,9,1,1,57,2009547,572009547,3,6,4,1,0,0,0,0,0,0,0,998,0,1,5,12,4,3,12,0,0,0,1,48,79761,6,1,6,0,3,0,999,999,0,0,0,0,2,1,2013,1,2013,0,0,0,0,0,1,2,75,1,1,8,1,0,0,1,62,7,1,4,52,0,0
48,481405,1,1,1,17,6,6,20,42,0,1,0,48,1,52,37,52037,3,2001,4A3AC44G61E1,4,A,3,A,C,4,4,G,6,1,E,1,0,0,0,000000000,00000000000,0,0,0,1,0,0,0,0,0,0,0,998,0,0,0,12,6,2,42,0,0,0,1,48,75119,6,1,0,0,3,0,70,203,0,0,0,0,0,0,0,0,0,4,0,0,0,0,1,2,40,3,2,8,1,0,0,14,13,99,2,4,1,1,0
48,481406,1,2,1,17,6,13,55,12,6,1,0,48,1,22,20,22020,4,2007,2G2WP5520711,2,G,2,W,P,5,5,2,0,7,1,1,0,0,0,000000000,00000000000,0,0,0,1,0,0,0,0,0,0,0,998,0,0,0,9,6,2,12,0,0,0,1,48,79313,6,1,0,0,3,0,999,999,0,0,0,0,0,0,0,0,0,0,0,0,0,0,1,2,60,1,1,2,1,0,0,1,66,99,1,1,89,1,0
48,481406,2,2,2,17,6,13,55,12,6,1,0,48,3,20,880,20880,67,2006,1GBJ7C1306F4,1,G,B,J,7,C,1,3,0,6,F,4,0,0,57,2165732,572165732,2,1,97,1,0,0,0,0,0,0,0,998,0,1,5,12,4,3,12,0,0,0,1,48,79339,6,1,6,0,3,1,999,999,0,0,0,0,0,0,0,0,0,0,38,0,0,0,1,2,99,1,1,2,1,0,0,1,17,99,1,1,88,0,0
48,481408,1,3,1,17,6,4,33,12,8,1,0,93,3,85,884,85884,66,1995,1XKAD69X7SR6,1,X,K,A,D,6,9,X,7,S,R,6,1,1,57,623760,57623760,3,6,98,1,0,0,0,0,0,0,0,998,0,0,0,11,6,2,12,0,0,0,1,48,78840,6,1,6,0,3,0,999,999,0,0,0,1,1,3,2014,5,2014,0,51,0,0,0,1,2,75,1,1,8,1,0,0,1,10,99,1,2,64,0,0
48,481408,2,3,1,17,6,4,33,12,8,1,0,6,2,82,884,82884,66,1999,1FUPCSZB9XLA,1,F,U,P,C,S,Z,B,9,X,L,A,1,1,77,777777777,77777777777,3,6,98,1,0,0,0,0,0,0,0,998,0,0,0,63,2,5,12,0,0,0,1,6,90042,6,1,6,0,3,0,66,235,0,0,0,0,0,0,0,0,0,0,0,0,0,0,1,2,75,1,1,8,1,0,0,1,62,99,1,1,65,0,0
48,481408,3,3,1,17,6,4,33,12,8,1,0,48,1,49,482,49482,31,2005,5TBDT44175S4,5,T,B,D,T,4,4,1,7,5,S,4,0,0,0,000000000,00000000000,0,0,0,1,0,0,0,0,0,0,0,998,0,0,0,12,6,2,12,0,0,0,1,48,78840,6,1,6,0,3,3,999,999,0,0,0,0,0,0,0,0,0,0,0,0,0,0,1,2,75,1,1,8,1,0,0,1,54,99,1,1,98,1,0
48,481409,1,1,1,18,6,22,30,25,0,1,0,48,1,20,481,20481,31,2009,1GCHK63679F1,1,G,C,H,K,6,3,6,7,9,F,1,0,0,0,000000000,00000000000,0,0,0,1,0,0,0,0,0,0,0,998,0,0,0,12,2,3,25,0,0,0,1,48,78550,6,1,0,0,3,0,999,999,0,0,0,0,0,0,0,0,0,0,0,0,0,0,3,3,75,1,1,8,1,0,0,1,8,99,1,4,6,1,0
48,481410,1,2,4,18,6,12,0,12,2,1,0,48,1,6,18,6018,4,2013,1C3CCBBB6DN7,1,C,3,C,C,B,B,B,6,D,N,7,0,0,0,000000000,00000000000,0,0,0,1,0,0,0,0,0,0,0,998,0,0,0,12,6,2,12,0,0,0,1,48,78584,6,1,0,0,3,0,999,999,0,0,0,1,0,6,2014,6,2014,0,51,0,0,0,1,2,75,1,1,8,1,0,0,1,10,99,1,2,50,4,1
48,481410,2,2,2,18,6,12,0,12,2,1,0,31,3,85,884,85884,66,2012,1XKAD49X7CJ3,1,X,K,A,D,4,9,X,7,C,J,3,1,1,57,53467,5753467,3,6,1,1,0,0,0,0,0,0,0,998,0,0,0,12,6,2,12,0,0,0,1,4,85203,6,1,6,0,3,0,71,240,0,0,0,0,0,0,0,0,0,0,0,0,0,0,1,2,75,1,1,8,1,0,0,1,62,99,1,1,51,0,0
48,481411,1,2,1,19,6,10,22,12,6,1,0,48,1,14,6,14006,4,2001,2MEFM75W81X6,2,M,E,F,M,7,5,W,8,1,X,6,0,0,0,000000000,00000000000,0,0,0,1,0,0,0,0,0,0,0,998,0,0,0,81,4,3,12,0,0,0,1,48,77802,6,1,0,0,3,3,999,999,0,0,0,0,0,0,0,0,0,0,48,0,0,0,0,0,0,0,0,0,0,0,0,11,98,99,1,7,98,1,0
48,481411,2,2,1,19,6,10,22,12,6,1,0,93,2,87,884,87884,66,2003,1XP7DU9X93D8,1,X,P,7,D,U,9,X,9,3,D,8,1,1,99,999999999,99999999999,3,6,2,1,0,0,0,0,0,0,0,998,0,0,0,12,2,3,12,0,0,0,1,48,75670,6,1,6,1,3,0,999,999,0,0,0,1,0,3,2012,3,2012,0,0,0,0,0,1,2,70,1,1,8,1,0,0,1,64,99,1,1,98,0,0
48,481412,1,2,2,19,6,11,53,12,6,1,0,48,1,19,17,19017,4,1998,W06VR52R0WR1,W,0,6,V,R,5,2,R,0,W,R,1,0,0,0,000000000,00000000000,0,0,0,1,0,0,0,0,0,0,0,998,0,0,0,9,6,2,12,0,0,0,1,48,75043,6,1,0,0,3,3,68,140,0,0,0,0,0,0,0,0,0,0,38,39,0,0,1,2,99,1,1,8,1,20,3,1,17,99,1,1,89,2,0
48,481412,2,2,3,19,6,11,53,12,6,1,0,48,2,12,422,12422,15,2002,1FMRU15W82LA,1,F,M,R,U,1,5,W,8,2,L,A,0,0,0,000000000,00000000000,0,0,0,1,0,0,0,0,0,0,0,998,0,0,0,12,6,2,12,0,0,0,1,48,75228,0,0,0,0,0,0,999,999,0,0,0,0,0,0,0,0,0,0,0,0,0,0,2,3,35,1,1,8,1,0,0,1,66,99,1,1,88,0,0
48,481413,1,3,1,20,6,15,29,25,0,1,0,48,3,98,898,98898,63,2007,2FZHATDC07AX,2,F,Z,H,A,T,D,C,0,7,A,X,0,0,57,2013885,572013885,3,2,97,1,0,0,0,0,0,0,0,998,0,0,0,61,4,3,25,0,0,0,1,48,75060,6,1,6,0,3,0,999,999,0,0,0,0,0,0,0,0,0,0,0,0,0,0,3,3,70,1,1,8,1,0,0,1,1,99,9,4,7,0,0
48,481413,2,3,1,20,6,15,29,25,0,1,0,48,1,51,401,51401,14,2010,YV4982CY7A15,Y,V,4,9,8,2,C,Y,7,A,1,5,0,0,0,000000000,00000000000,0,0,0,1,0,0,0,0,0,0,0,998,0,0,0,62,2,5,54,0,0,0,1,48,75034,6,1,0,0,3,0,999,999,0,0,0,0,0,0,0,0,0,0,0,0,0,0,3,3,70,1,1,8,1,0,0,1,98,99,1,1,98,0,0
48,481413,3,3,1,20,6,15,29,25,0,1,0,48,1,20,473,20473,30,2005,1GCCS1961581,1,G,C,C,S,1,9,6,1,5,8,1,0,0,0,000000000,00000000000,0,0,0,1,0,0,0,0,0,0,0,998,0,0,0,12,6,2,54,0,0,0,1,48,75214,6,1,0,0,3,3,999,999,1,0,0,0,0,12,2013,12,2013,0,0,0,0,0,3,3,70,1,1,8,1,0,0,1,98,99,1,1,98,1,0
48,481414,1,1,7,20,6,14,30,32,0,1,0,48,2,20,403,20403,14,2005,1GNES16S0561,1,G,N,E,S,1,6,S,0,5,6,1,0,0,0,000000000,00000000000,0,0,0,1,0,0,0,0,0,0,0,998,0,1,3,98,4,3,1,0,0,0,1,48,75041,6,1,0,0,3,0,999,999,1,0,0,0,0,10,2012,10,2012,0,0,0,0,0,3,2,75,1,1,8,1,0,0,1,1,6,9,4,7,2,0
48,481415,1,3,1,20,6,7,0,12,8,1,0,93,3,87,884,87884,66,2012,1XPHD79X0CD1,1,X,P,H,D,7,9,X,0,C,D,1,1,1,57,369545,57369545,3,6,2,1,0,0,0,0,0,0,0,998,0,1,5,62,4,3,12,0,0,0,1,48,76148,6,1,6,1,3,3,999,999,0,0,0,3,0,1,2012,10,2013,0,28,0,0,0,1,2,75,1,1,8,1,0,0,1,10,99,1,2,64,1,0