STATE,ST_CASE,VEH_NO,VE_FORMS,NUMOCCS,DAY,MONTH,HOUR,MINUTE,HARM_EV,MAN_COLL,UNITTYPE,HIT_RUN,REG_STAT,OWNER,MAKE,MODEL,MAK_MOD,BODY_TYP,MOD_YEAR,VIN,VIN_1,VIN_2,VIN_3,VIN_4,VIN_5,VIN_6,VIN_7,VIN_8,VIN_9,VIN_10,VIN_11,VIN_12,TOW_VEH,J_KNIFE,MCARR_I1,MCARR_I2,MCARR_ID,GVWR,V_CONFIG,CARGO_BT,HAZ_INV,HAZ_PLAC,HAZ_ID,HAZ_CNO,HAZ_REL,BUS_USE,SPEC_USE,EMER_USE,TRAV_SP,UNDERIDE,ROLLOVER,ROLINLOC,IMPACT1,DEFORMED,TOWED,M_HARM,VEH_SC1,VEH_SC2,FIRE_EXP,DR_PRES,L_STATE,DR_ZIP,L_STATUS,L_TYPE,CDL_STAT,L_ENDORS,L_COMPL,L_RESTRI,DR_HGT,DR_WGT,PREV_ACC,PREV_SUS,PREV_DWI,PREV_SPD,PREV_OTH,FIRST_MO,FIRST_YR,LAST_MO,LAST_YR,SPEEDREL,DR_SF1,DR_SF2,DR_SF3,DR_SF4,VTRAFWAY,VNUM_LAN,VSPD_LIM,VALIGN,VPROFILE,VPAVETYP,VSURCOND,VTRAFCON,VTCONT_F,P_CRASH1,P_CRASH2,P_CRASH3,PCRASH4,PCRASH5,ACC_TYPE,DEATHS,DR_DRINK
48,481496,2,2,1,2,7,17,55,12,2,1,0,40,1,12,3,12003,2,2007,1ZVFT80N0753,1,Z,V,F,T,8,0,N,0,7,5,3,0,0,0,000000000,00000000000,0,0,0,1,0,0,0,0,0,0,0,998,0,0,0,12,6,2,12,0,0,0,1,40,73717,6,1,0,0,3,3,71,240,0,0,0,0,0,0,0,0,0,4,0,0,0,0,5,3,75,1,1,8,2,0,0,1,6,99,3,2,50,0,0
48,481498,1,1,1,2,7,14,15,38,0,1,0,48,1,20,481,20481,31,2004,2GCEC19T3412,2,G,C,E,C,1,9,T,3,4,1,2,0,0,0,000000000,00000000000,0,0,0,1,0,0,0,0,0,0,0,998,0,2,5,98,6,2,1,0,0,0,1,48,79720,6,1,6,0,3,0,999,999,0,0,0,0,1,2,2014,2,2014,4,58,0,0,0,1,2,70,3,1,8,1,0,0,1,13,6,2,4,7,1,0
48,481499,1,1,2,2,7,13,58,1,0,1,0,48,2,2,403,2403,14,1999,1J4FY19S8XP4,1,J,4,F,Y,1,9,S,8,X,P,4,0,0,0,000000000,00000000000,0,0,0,1,0,0,0,0,0,0,0,998,0,2,3,0,4,3,1,0,0,0,1,4,72855,6,1,0,0,3,3,77,290,0,0,0,0,0,0,0,0,0,0,58,0,0,0,3,2,75,1,1,8,1,0,0,1,1,6,4,4,7,1,0
48,481500,1,2,1,2,7,0,20,12,2,1,0,48,0,24,2,24002,2,2001,1G8ZP12891Z3,1,G,8,Z,P,1,2,8,9,1,Z,3,0,0,0,000000000,00000000000,0,0,0,1,0,0,0,0,0,0,0,998,0,0,0,12,6,2,12,0,0,1,1,48,78250,6,1,0,0,3,3,999,999,0,0,0,0,0,0,0,0,0,0,28,51,0,0,1,2,70,1,1,8,1,0,0,1,10,1,1,2,50,1,0
48,481500,2,2,1,2,7,0,20,12,2,1,0,48,1,20,481,20481,31,2008,3GCEC13JX8G1,3,G,C,E,C,1,3,J,X,8,G,1,0,0,0,000000000,00000000000,0,0,0,1,0,0,0,0,0,0,0,998,0,1,1,12,6,2,12,0,0,0,1,48,78861,6,1,0,0,3,0,999,999,0,0,0,0,0,0,0,0,0,0,0,0,0,0,1,2,70,1,1,8,1,0,0,1,62,1,1,1,51,0,0
48,481501,1,1,1,2,7,16,15,32,0,1,0,93,3,84,881,84881,63,2006,1HTMMAAL96H2,1,H,T,M,M,A,A,L,9,6,H,2,0,0,58,561268,58561268,3,1,3,1,0,0,0,0,0,0,0,998,0,1,5,12,6,2,1,0,0,0,1,12,79756,6,1,0,0,2,3,71,999,0,0,0,1,0,3,2013,3,2013,0,0,0,0,0,1,2,75,1,1,8,1,0,0,1,13,99,1,4,1,1,0
48,481503,1,2,3,2,7,12,8,12,6,1,0,48,0,6,43,6043,4,2009,1C3LC46B09N5,1,C,3,L,C,4,6,B,0,9,N,5,0,0,0,000000000,00000000000,0,0,0,1,0,0,0,0,0,0,0,998,0,0,0,81,4,3,12,0,0,0,1,48,78613,0,0,0,0,0,0,999,999,0,0,0,0,0,0,0,0,0,0,38,0,0,0,3,2,60,1,1,8,1,21,3,11,15,99,1,1,68,1,0
48,481503,2,2,1,2,7,12,8,12,6,1,0,48,1,32,44,32044,4,2012,WAUWGAFC0CN0,W,A,U,W,G,A,F,C,0,C,N,0,0,0,0,000000000,00000000000,0,0,0,1,0,0,0,0,0,0,0,998,0,0,0,12,4,3,12,0,0,0,1,48,78717,6,1,0,0,3,0,999,999,0,1,0,0,0,6,2012,6,2012,0,0,0,0,0,3,2,60,1,1,8,1,0,0,1,62,99,1,1,69,0,0
48,481504,1,2,2,3,7,23,20,12,6,1,0,48,2,20,28,20028,4,2013,1G1JE5SH5D42,1,G,1,J,E,5,S,H,5,D,4,2,0,0,0,000000000,00000000000,0,0,0,1,0,0,0,0,0,0,0,998,0,0,0,9,6,2,12,0,0,0,1,48,78130,0,0,0,0,0,0,999,999,0,0,0,0,0,0,0,0,0,0,39,0,0,0,1,2,98,8,8,8,98,20,3,1,17,99,1,1,89,1,0
48,481504,2,2,1,3,7,23,20,12,6,1,0,48,3,82,881,82881,66,2013,3AKBGAD42DSF,3,A,K,B,G,A,D,4,2,D,S,F,0,0,58,1777764,581777764,3,5,96,1,0,0,0,0,0,0,0,998,0,0,0,12,4,3,12,0,0,0,1,48,78130,6,1,6,0,3,0,999,999,0,0,0,0,1,11,2013,11,2013,0,0,0,0,0,5,4,55,1,1,8,1,0,0,1,66,99,1,1,88,0,0
48,481505,1,1,2,3,7,13,44,32,0,1,0,48,1,19,22,19022,4,2010,1G6KD5EY8AU1,1,G,6,K,D,5,E,Y,8,A,U,1,0,0,0,000000000,00000000000,0,0,0,1,0,0,0,0,0,0,0,998,0,0,0,12,6,2,32,32,0,0,1,48,75165,6,1,0,0,3,3,999,999,0,0,0,0,0,0,0,0,0,0,0,0,0,0,1,2,30,1,1,8,1,0,0,1,12,99,1,4,6,1,0
48,481506,1,2,3,3,7,21,45,12,2,1,0,48,1,2,404,2404,14,1999,1J4GW58S6XC5,1,J,4,G,W,5,8,S,6,X,C,5,0,0,0,000000000,00000000000,0,0,0,1,0,0,0,0,0,0,0,998,0,0,0,12,6,2,12,0,0,0,1,48,79052,6,1,0,0,3,3,999,999,0,0,0,0,0,0,0,0,0,0,38,0,0,0,1,2,55,1,1,8,1,21,3,1,62,99,1,1,69,1,0
48,481506,2,2,7,3,7,21,45,12,2,1,0,48,2,49,422,49422,15,2010,5TDKY5G13AS0,5,T,D,K,Y,5,G,1,3,A,S,0,0,0,0,000000000,00000000000,0,0,0,1,0,0,0,0,0,0,0,998,0,0,0,12,6,2,12,0,0,0,1,48,78629,6,1,0,0,3,0,999,999,0,0,0,0,0,0,0,0,0,0,0,0,0,0,1,2,55,1,1,8,1,0,0,11,15,99,1,2,68,0,0
48,481507,1,1,1,3,7,21,45,9,0,1,0,48,1,7,482,7482,31,2003,1D7HA18N23S1,1,D,7,H,A,1,8,N,2,3,S,1,0,0,0,000000000,00000000000,0,0,0,1,0,0,0,0,0,0,0,998,0,0,0,12,0,3,9,0,0,0,1,48,77022,0,0,0,0,0,0,999,999,0,0,0,0,0,0,0,0,0,0,38,0,0,0,2,2,35,1,1,1,1,0,0,10,83,99,1,1,13,0,1
48,481508,1,3,2,3,7,12,50,12,1,1,0,48,2,7,422,7422,15,2008,1D8HD48N18F1,1,D,8,H,D,4,8,N,1,8,F,1,0,0,0,000000000,00000000000,0,0,0,1,0,0,0,0,0,0,0,998,0,0,0,12,4,3,12,0,0,0,1,48,78217,6,1,0,0,3,3,999,999,0,0,0,0,0,0,0,0,0,0,0,0,0,0,1,4,75,1,1,8,1,0,0,1,52,99,1,1,28,0,0
48,481508,2,3,1,3,7,12,50,12,1,1,0,27,2,12,442,12442,20,1998,2FMDA5149WBB,2,F,M,D,A,5,1,4,9,W,B,B,0,0,0,000000000,00000000000,0,0,0,1,0,0,0,0,0,0,0,998,0,0,0,6,4,3,12,0,0,0,1,48,76112,6,1,7,0,3,0,999,999,0,0,0,0,0,0,0,0,0,5,0,0,0,0,1,4,75,1,1,8,1,0,0,2,53,99,1,1,30,1,0
48,481508,3,3,1,3,7,12,50,12,1,1,0,48,1,20,481,20481,31,2008,2GCEC19C4813,2,G,C,E,C,1,9,C,4,8,1,3,0,0,0,000000000,00000000000,0,0,0,1,0,0,0,0,0,0,0,998,0,0,0,12,4,3,12,0,0,0,1,48,78155,6,1,0,0,3,0,999,999,0,0,0,0,0,0,0,0,0,0,0,0,0,0,1,4,75,1,1,8,1,0,0,1,62,99,1,1,98,0,0
48,481509,1,2,3,3,7,16,50,12,6,1,0,48,3,20,481,20481,31,2007,1GCHC23D27F1,1,G,C,H,C,2,3,D,2,7,F,1,0,0,0,000000000,00000000000,0,0,0,1,0,0,0,0,0,0,0,998,0,0,0,12,4,3,12,0,0,0,1,48,77306,0,0,0,0,0,0,999,999,0,0,0,0,0,0,0,0,0,0,0,0,0,0,1,2,35,2,1,8,2,0,0,14,62,99,1,1,65,0,0
48,481509,2,2,1,3,7,16,50,12,6,1,0,48,1,12,3,12003,2,2008,1ZVHT80N1851,1,Z,V,H,T,8,0,N,1,8,5,1,0,0,0,000000000,00000000000,0,0,0,1,0,0,0,0,0,0,0,998,0,0,0,7,6,2,12,0,0,0,1,48,77379,6,1,0,0,3,0,999,999,0,0,0,2,0,12,2013,2,2014,4,33,0,0,0,1,2,35,3,1,8,2,0,0,6,6,99,4,2,64,1,0
48,481510,1,2,1,3,7,10,15,12,1,1,0,93,3,82,881,82881,66,2012,1FUJGEDV4CSB,1,F,U,J,G,E,D,V,4,C,S,B,1,1,57,327574,57327574,3,6,1,1,0,0,0,0,0,0,0,998,0,0,0,6,8,8,12,0,0,0,1,48,75224,6,1,6,0,3,0,999,999,0,0,0,0,0,0,0,0,0,0,0,0,0,0,2,2,75,1,1,8,1,0,0,1,53,99,1,1,25,0,0
48,481510,2,2,1,3,7,10,15,12,1,1,0,48,1,37,32,37032,4,1996,1HGCD5635TA1,1,H,G,C,D,5,6,3,5,T,A,1,0,0,0,000000000,00000000000,0,0,0,1,0,0,0,0,0,0,0,998,0,0,0,12,6,2,12,0,0,0,1,48,76107,6,1,0,0,3,0,999,999,0,2,0,1,2,4,2012,5,2014,5,0,0,0,0,2,2,75,1,1,8,1,0,0,1,51,99,1,1,24,1,0
48,481511,1,1,99,3,7,21,15,8,0,1,1,99,9,99,999,99999,99,9999,999999999999,9,9,9,9,9,9,9,9,9,9,9,9,0,0,0,000000000,00000000000,0,0,0,1,0,0,0,0,0,0,0,998,0,0,0,12,2,5,8,0,0,0,1,99,99999,9,9,99,9,9,9,999,999,99,99,99,99,99,99,9999,99,9999,0,38,0,0,0,1,2,50,1,2,8,1,0,0,1,80,99,1,1,13,0,0
48,481512,1,6,1,4,7,12,41,12,1,1,0,48,1,7,20,7020,4,2005,1B3ES66S95D1,1,B,3,E,S,6,6,S,9,5,D,1,0,0,0,000000000,00000000000,0,0,0,1,0,0,0,0,0,0,0,998,0,0,0,12,6,2,12,0,0,0,1,48,78666,6,1,0,0,3,0,999,999,0,1,0,0,0,1,2014,1,2014,5,91,0,0,0,1,4,60,1,1,8,1,3,3,1,50,99,1,1,20,0,1
48,481512,2,6,4,4,7,12,41,12,1,1,0,48,2,35,47,35047,2,2013,1N4AL2EP6DC1,1,N,4,A,L,2,E,P,6,D,C,1,0,0,0,000000000,00000000000,0,0,0,1,0,0,0,0,0,0,0,0,0,0,0,6,6,2,12,0,0,0,1,48,77386,6,1,0,0,3,0,999,999,0,0,0,0,0,0,0,0,0,0,0,0,0,0,1,4,60,1,1,8,1,3,3,5,53,99,1,1,22,1,0
48,481512,3,6,3,4,7,12,41,12,1,1,0,48,1,12,481,12481,31,2013,1FTEW1CM4DKE,1,F,T,E,W,1,C,M,4,D,K,E,0,0,0,000000000,00000000000,0,0,0,1,0,0,0,0,0,0,0,998,0,0,0,12,4,3,12,0,0,0,1,48,78741,6,1,0,0,3,0,999,999,0,0,0,0,0,0,0,0,0,0,0,0,0,0,1,4,60,1,1,8,1,3,3,1,62,99,1,1,98,0,0
48,481512,4,6,2,4,7,12,41,12,1,1,0,48,1,49,51,49051,3,2013,JTDJTUD38DD5,J,T,D,J,T,U,D,3,8,D,D,5,0,0,0,000000000,00000000000,0,0,0,1,0,0,0,0,0,0,0,998,0,0,0,12,4,3,12,0,0,0,1,48,78741,6,1,0,0,3,0,999,999,0,0,0,0,0,0,0,0,0,0,0,0,0,0,1,4,60,1,1,8,1,3,3,1,62,99,1,1,98,0,0
48,481512,5,6,1,4,7,12,41,12,1,1,0,48,3,20,421,20421,15,2009,1GNEC03049R2,1,G,N,E,C,0,3,0,4,9,R,2,0,0,0,000000000,00000000000,0,0,0,1,0,0,0,0,0,0,0,998,0,0,0,12,4,5,12,0,0,0,1,48,78666,6,1,0,0,3,0,999,999,0,0,0,0,0,0,0,0,0,0,0,0,0,0,1,4,60,1,1,8,1,3,3,10,54,99,1,1,98,0,0
48,481512,6,6,2,4,7,12,41,12,1,1,0,48,1,12,24,12024,6,2010,2FMDK3GC2ABB,2,F,M,D,K,3,G,C,2,A,B,B,0,0,0,000000000,00000000000,0,0,0,1,0,0,0,0,0,0,0,998,0,0,0,12,2,5,54,0,0,0,1,48,78648,6,1,0,0,3,0,999,999,0,0,0,0,0,0,0,0,0,0,0,0,0,0,1,4,60,1,1,8,1,3,3,17,98,99,1,2,98,0,0
48,481513,1,1,1,4,7,1,27,30,0,1,0,48,2,24,9,24009,4,2007,1G8ZS57N47F2,1,G,8,Z,S,5,7,N,4,7,F,2,0,0,0,000000000,00000000000,0,0,0,1,0,0,0,0,0,0,0,71,0,1,5,62,6,2,30,0,0,0,1,48,78586,0,0,0,0,0,0,999,999,0,0,0,0,0,0,0,0,0,3,0,0,0,0,1,2,30,3,1,8,1,0,0,14,6,99,3,4,2,1,1
48,481514,1,1,1,4,7,0,35,42,0,1,0,48,1,20,482,20482,31,2008,3GNEC12JX8G2,3,G,N,E,C,1,2,J,X,8,G,2,0,0,0,000000000,00000000000,0,0,0,1,0,0,0,0,0,0,0,998,0,1,5,12,6,2,42,0,0,1,1,48,77068,6,1,0,0,3,3,999,999,0,0,0,0,0,0,0,0,0,0,0,0,0,0,6,1,30,2,2,8,1,0,0,14,12,99,1,4,6,1,1
48,481515,1,1,1,4,7,22,3,30,0,1,0,48,1,13,1,13001,4,1998,1LNFM82W4WY7,1,L,N,F,M,8,2,W,4,W,Y,7,0,0,0,000000000,00000000000,0,0,0,1,0,0,0,0,0,0,0,998,0,0,0,12,4,3,30,0,0,0,1,48,77049,6,1,0,0,3,3,999,999,0,0,0,1,0,4,2013,4,2013,3,0,0,0,0,1,4,50,3,1,8,2,0,0,1,13,6,9,4,2,1,1
48,481516,1,1,1,4,7,23,45,8,0,1,0,48,2,20,481,20481,31,2002,1GCEC14W62Z2,1,G,C,E,C,1,4,W,6,2,Z,2,0,0,0,000000000,00000000000,0,0,0,1,0,0,0,0,0,0,0,998,0,0,0,12,2,3,8,0,0,0,1,48,77375,6,1,0,0,3,3,999,999,0,0,0,2,0,8,2011,7,2013,0,0,0,0,0,1,2,55,1,1,8,1,0,0,6,80,99,1,1,13,0,1
48,481517,1,4,1,4,7,1,51,12,6,1,0,48,0,35,402,35402,14,2006,5N1AN08U26C5,5,N,1,A,N,0,8,U,2,6,C,5,0,0,0,000000000,00000000000,0,0,0,1,0,0,0,0,0,0,0,998,0,1,1,12,4,3,12,0,0,0,1,48,77479,6,1,0,0,3,0,999,999,0,5,0,1,0,11,2011,4,2014,0,50,0,0,0,4,4,35,1,1,1,1,3,3,1,17,99,1,1,86,1,1
48,481517,2,4,2,4,7,1,51,12,6,1,0,48,3,7,442,7442,20,2012,2C4RDGCG2CR1,2,C,4,R,D,G,C,G,2,C,R,1,0,0,0,000000000,00000000000,0,0,0,1,0,0,0,0,0,0,0,998,0,0,0,83,4,3,12,0,0,0,1,48,77031,6,1,6,0,3,0,999,999,0,2,0,0,0,6,2012,8,2012,0,0,0,0,0,4,3,99,1,1,1,1,3,3,1,66,99,1,1,87,0,0
48,481517,3,4,1,4,7,1,51,12,6,1,0,48,1,34,34,34034,2,2008,WBSWD93518PY,W,B,S,W,D,9,3,5,1,8,P,Y,0,0,0,000000000,00000000000,0,0,0,1,0,0,0,0,0,0,0,998,0,0,0,82,4,3,12,0,0,0,1,99,77007,9,9,99,9,9,9,999,999,99,99,99,99,99,99,9999,99,9999,0,0,0,0,0,4,3,99,1,1,1,1,3,3,1,66,99,1,1,98,0,0
48,481517,4,4,3,4,7,1,51,12,6,1,0,48,1,35,47,35047,4,2014,1N4AL3AP6EN2,1,N,4,A,L,3,A,P,6,E,N,2,0,0,0,000000000,00000000000,0,0,0,1,0,0,0,0,0,0,0,998,0,0,0,12,2,3,12,0,0,0,1,48,77008,6,1,0,0,3,0,999,999,0,2,0,0,0,11,2011,9,2013,0,0,0,0,0,4,3,99,1,1,1,1,3,3,1,66,99,1,1,98,0,0
48,481518,1,1,1,4,7,2,29,33,0,1,0,48,0,12,37,12037,4,2002,1FAFP38352W3,1,F,A,F,P,3,8,3,5,2,W,3,0,0,0,000000000,00000000000,0,0,0,1,0,0,0,0,0,0,0,998,0,0,0,12,6,2,42,0,0,0,1,48,77042,0,0,0,0,0,0,999,999,0,4,0,0,0,2,2013,3,2014,3,0,0,0,0,4,3,35,1,1,2,1,0,0,1,13,99,1,4,1,1,1
48,481519,1,2,1,4,7,19,42,12,6,1,0,48,2,49,40,49040,4,2012,4T1BF1FK4CU0,4,T,1,B,F,1,F,K,4,C,U,0,0,0,0,000000000,00000000000,0,0,0,1,0,0,0,0,0,0,0,998,0,0,0,3,2,3,12,0,0,0,1,48,78501,6,1,0,0,3,3,999,999,0,1,0,0,0,5,2013,5,2013,0,38,0,0,0,5,5,45,1,1,8,1,0,0,11,15,99,1,1,68,0,0
48,481519,2,2,1,4,7,19,42,12,6,1,0,48,1,72,706,72706,80,2010,1HD1FB418AB6,1,H,D,1,F,B,4,1,8,A,B,6,0,0,0,000000000,00000000000,0,0,0,1,0,0,0,0,0,0,0,998,0,0,0,12,4,3,12,0,0,0,1,48,78539,6,1,0,0,3,3,999,999,0,0,0,0,0,0,0,0,0,0,0,0,0,0,5,5,45,1,1,8,1,0,0,1,62,99,1,1,69,1,0
48,481520,1,1,3,4,7,22,35,8,0,1,0,48,2,49,40,49040,4,2003,4T1BF32K13U0,4,T,1,B,F,3,2,K,1,3,U,0,0,0,0,000000000,00000000000,0,0,0,1,0,0,0,0,0,0,0,998,0,0,0,12,4,3,8,0,0,0,1,48,77703,6,1,0,0,3,3,999,999,0,0,0,0,0,0,0,0,0,0,0,0,0,0,3,2,75,1,1,8,1,0,0,1,80,99,1,1,13,0,0
48,481521,1,2,1,4,7,22,17,12,1,1,0,48,0,13,421,13421,15,2007,5LMFU275X7LJ,5,L,M,F,U,2,7,5,X,7,L,J,0,0,0,000000000,00000000000,0,0,0,1,0,0,0,0,0,0,0,998,0,1,1,12,4,3,12,0,0,0,1,48,79382,6,1,0,0,3,0,999,999,0,1,0,0,0,8,2011,8,2011,5,0,0,0,0,6,1,55,3,2,8,1,0,0,14,50,99,1,1,32,0,0
48,481521,2,2,2,4,7,22,17,12,1,1,0,48,1,49,32,49032,4,1989,JT2VV22E7K00,J,T,2,V,V,2,2,E,7,K,0,0,0,0,0,000000000,00000000000,0,0,0,1,0,0,0,0,0,0,0,0,0,0,0,6,6,2,12,0,0,0,1,48,79404,6,1,0,0,3,0,999,999,0,2,0,2,3,3,2012,4,2014,0,54,0,0,0,6,1,55,3,2,8,1,0,0,7,53,1,1,1,32,1,0
48,481522,1,1,2,4,7,17,5,1,0,1,0,22,2,14,401,14401,14,2002,4M2ZU66E72UJ,4,M,2,Z,U,6,6,E,7,2,U,J,0,0,0,000000000,00000000000,0,0,0,1,0,0,0,0,0,0,0,998,0,2,5,0,4,3,1,0,0,0,1,48,77587,0,0,0,0,0,0,999,999,0,0,0,0,0,0,0,0,0,0,58,0,0,0,1,2,60,1,1,8,1,0,0,1,13,6,4,4,7,1,1
48,481523,1,1,1,4,7,21,5,34,0,1,0,48,3,12,461,12461,21,1999,1FTRE1428XHB,1,F,T,R,E,1,4,2,8,X,H,B,0,0,0,000000000,00000000000,0,0,0,1,0,0,0,0,0,0,0,998,0,0,0,12,4,3,34,0,0,0,1,40,73401,6,1,0,0,3,0,68,145,0,0,0,0,0,0,0,0,0,5,37,0,0,0,3,4,60,1,2,8,1,0,0,1,13,3,2,4,1,1,0
48,481524,1,1,3,4,7,12,35,1,0,1,0,0,0,98,733,98733,90,2000,000000000000,0,0,0,0,0,0,0,0,0,0,0,0,0,0,0,000000000,00000000000,0,0,0,1,0,0,0,0,0,0,0,998,0,2,1,0,2,3,1,0,0,0,1,48,78101,0,0,0,0,0,0,999,999,0,0,0,0,0,0,0,0,0,0,57,0,0,0,1,2,30,1,1,8,11,0,0,1,3,99,4,2,98,1,0
48,481525,1,1,1,4,7,16,43,38,0,1,0,48,1,12,481,12481,31,2007,1FTRF12257NA,1,F,T,R,F,1,2,2,5,7,N,A,0,0,0,000000000,00000000000,0,0,0,1,0,0,0,0,0,0,0,998,0,1,6,12,6,2,38,0,0,0,1,48,76426,6,1,0,0,3,0,65,134,0,0,0,0,0,0,0,0,0,4,0,0,0,0,1,2,45,2,1,8,1,40,3,14,13,99,1,4,1,1,1
48,481526,1,2,1,5,7,1,15,12,6,1,0,48,2,12,3,12003,2,2009,1ZVHT88S9951,1,Z,V,H,T,8,8,S,9,9,5,1,0,0,0,000000000,00000000000,0,0,0,1,0,0,0,0,0,0,0,998,0,0,0,3,4,3,12,0,0,0,1,48,79849,6,1,6,0,3,0,999,999,1,0,0,0,0,3,2013,3,2013,4,39,0,0,0,1,2,35,1,1,8,1,3,3,1,17,99,1,1,87,1,1
48,481526,2,2,4,5,7,1,15,12,6,1,0,48,0,20,481,20481,31,2012,3GCPCSE08CG2,3,G,C,P,C,S,E,0,8,C,G,2,0,0,0,000000000,00000000000,0,0,0,1,0,0,0,0,0,0,0,998,0,0,0,12,4,3,12,0,0,0,1,48,79761,6,1,0,0,3,3,999,999,0,0,0,0,0,0,0,0,0,0,0,0,0,0,1,4,98,8,8,8,98,3,3,4,66,99,1,1,86,0,0
48,481527,1,2,2,5,7,18,5,12,6,1,0,48,2,22,19,22019,2,2010,1G2ZA5E02A41,1,G,2,Z,A,5,E,0,2,A,4,1,0,0,0,000000000,00000000000,0,0,0,1,0,0,0,0,0,0,0,998,0,0,0,12,4,3,12,0,0,0,1,48,78596,6,1,0,0,3,0,999,999,1,1,0,0,0,9,2011,11,2012,3,37,39,0,0,2,3,30,1,2,8,1,3,3,1,17,99,1,1,86,2,0
48,481527,2,2,5,5,7,18,5,12,6,1,0,48,2,23,8,23008,6,2012,1GKKRNED8CJ2,1,G,K,K,R,N,E,D,8,C,J,2,0,0,0,000000000,00000000000,0,0,0,1,0,0,0,0,0,0,0,998,0,0,0,1,4,3,12,0,0,0,1,48,78596,6,1,0,0,3,0,999,999,0,0,0,0,0,0,0,0,0,0,0,0,0,0,1,2,98,8,8,8,98,3,3,1,66,99,1,1,87,0,0
48,481528,1,1,1,5,7,17,35,32,0,1,0,48,1,49,43,49043,4,2003,JTDBE32K7302,J,T,D,B,E,3,2,K,7,3,0,2,0,0,0,000000000,00000000000,0,0,0,1,0,0,0,0,0,0,0,998,0,1,5,98,6,2,1,0,0,1,1,48,77021,6,1,0,0,3,0,999,999,0,2,0,0,0,1,2012,4,2014,3,0,0,0,0,2,2,98,1,1,8,1,0,0,1,13,99,1,4,1,1,0
48,481529,1,2,1,5,7,20,4,12,1,1,0,93,3,85,881,85881,66,2014,1XKYD49X5EJ4,1,X,K,Y,D,4,9,X,5,E,J,4,1,1,57,1721743,571721743,3,6,3,1,0,0,0,0,0,0,0,998,0,1,5,12,6,2,12,0,0,0,1,48,79602,6,1,6,0,3,0,999,999,0,0,0,0,0,0,0,0,0,5,0,0,0,0,2,2,75,1,1,8,1,0,0,1,51,99,1,1,24,1,0
48,481529,2,2,1,5,7,20,4,12,1,1,0,6,2,82,881,82881,66,1999,1FUYSSEB5XLB,1,F,U,Y,S,S,E,B,5,X,L,B,1,1,57,2402912,572402912,3,6,1,1,0,0,0,0,0,0,0,998,0,0,0,6,4,3,12,0,0,0,1,6,92683,6,1,6,0,3,3,65,130,0,0,0,0,4,6,2013,6,2014,0,0,0,0,0,2,2,75,1,1,8,1,0,0,1,53,99,1,1,25,0,0
48,481530,1,1,1,5,7,17,35,1,0,1,0,48,1,76,706,76706,80,1999,JYAVP07E1XA0,J,Y,A,V,P,0,7,E,1,X,A,0,0,0,0,000000000,00000000000,0,0,0,1,0,0,0,0,0,0,0,998,0,0,0,0,8,2,1,0,0,0,1,48,77662,6,1,0,0,2,0,74,333,1,0,0,0,1,10,2011,7,2013,0,0,0,0,0,1,2,60,3,1,8,1,0,0,1,13,99,4,4,1,1,1
48,481531,1,2,2,5,7,0,32,12,6,1,0,48,1,37,706,37706,80,2002,1HFSC47092A1,1,H,F,S,C,4,7,0,9,2,A,1,0,0,0,000000000,00000000000,0,0,0,1,0,0,0,0,0,0,0,998,0,0,0,12,4,3,12,0,0,0,1,48,75703,6,1,0,0,3,0,999,999,0,1,0,0,0,12,2011,12,2011,0,0,0,0,0,5,5,40,1,1,8,1,0,0,1,50,99,1,1,98,1,1
48,481531,2,2,0,5,7,0,32,12,6,1,0,48,6,53,705,53705,80,2007,JS1GN7DA6721,J,S,1,G,N,7,D,A,6,7,2,1,0,0,0,000000000,00000000000,0,0,0,1,0,0,0,0,0,0,0,0,0,0,0,98,8,8,12,0,0,0,0,0,99997,7,6,97,7,6,7,998,997,998,998,998,998,998,98,9998,98,9998,8,20,0,0,0,5,5,40,1,1,8,1,0,0,0,98,0,0,0,98,0,0
48,481532,1,1,1,5,7,1,16,23,0,1,0,48,1,37,705,37705,80,2008,JH2PC40058M1,J,H,2,P,C,4,0,0,5,8,M,1,0,0,0,000000000,00000000000,0,0,0,1,0,0,0,0,0,0,0,998,0,0,0,12,8,2,23,0,0,0,1,48,78744,6,1,0,0,3,0,999,999,0,0,0,0,0,0,0,0,0,5,0,0,0,0,6,1,45,3,2,8,1,0,0,14,13,99,1,4,1,1,1
48,481533,1,1,1,6,7,1,43,24,0,1,0,22,2,20,2,20002,4,1989,1G1BN51E9KR1,1,G,1,B,N,5,1,E,9,K,R,1,0,0,0,000000000,00000000000,0,0,0,1,0,0,0,0,0,0,0,998,0,0,0,81,6,2,42,0,0,0,1,48,75605,0,0,0,0,0,0,999,999,0,0,0,0,0,0,0,0,0,3,0,0,0,0,5,5,45,3,1,8,1,0,0,14,13,99,1,4,1,1,1
48,481534,1,2,1,6,7,4,5,12,2,1,0,35,3,51,884,51884,66,2012,4V4NC9TJ3CN5,4,V,4,N,C,9,T,J,3,C,N,5,1,1,57,1608775,571608775,3,6,2,1,0,0,0,0,0,0,0,998,0,0,0,12,4,3,12,0,0,0,1,48,77957,6,1,6,1,3,3,999,999,0,0,0,1,0,7,2013,7,2013,0,0,0,0,0,1,2,70,1,1,8,1,0,0,1,62,99,1,1,51,0,0