STATE,ST_CASE,VEH_NO,VE_FORMS,NUMOCCS,DAY,MONTH,HOUR,MINUTE,HARM_EV,MAN_COLL,UNITTYPE,HIT_RUN,REG_STAT,OWNER,MAKE,MODEL,MAK_MOD,BODY_TYP,MOD_YEAR,VIN,VIN_1,VIN_2,VIN_3,VIN_4,VIN_5,VIN_6,VIN_7,VIN_8,VIN_9,VIN_10,VIN_11,VIN_12,TOW_VEH,J_KNIFE,MCARR_I1,MCARR_I2,MCARR_ID,GVWR,V_CONFIG,CARGO_BT,HAZ_INV,HAZ_PLAC,HAZ_ID,HAZ_CNO,HAZ_REL,BUS_USE,SPEC_USE,EMER_USE,TRAV_SP,UNDERIDE,ROLLOVER,ROLINLOC,IMPACT1,DEFORMED,TOWED,M_HARM,VEH_SC1,VEH_SC2,FIRE_EXP,DR_PRES,L_STATE,DR_ZIP,L_STATUS,L_TYPE,CDL_STAT,L_ENDORS,L_COMPL,L_RESTRI,DR_HGT,DR_WGT,PREV_ACC,PREV_SUS,PREV_DWI,PREV_SPD,PREV_OTH,FIRST_MO,FIRST_YR,LAST_MO,LAST_YR,SPEEDREL,DR_SF1,DR_SF2,DR_SF3,DR_SF4,VTRAFWAY,VNUM_LAN,VSPD_LIM,VALIGN,VPROFILE,VPAVETYP,VSURCOND,VTRAFCON,VTCONT_F,P_CRASH1,P_CRASH2,P_CRASH3,PCRASH4,PCRASH5,ACC_TYPE,DEATHS,DR_DRINK
48,481534,2,2,1,6,7,4,5,12,2,1,0,48,1,37,31,37031,4,2010,19XFA1F8XAE0,1,9,X,F,A,1,F,8,X,A,E,0,0,0,0,000000000,00000000000,0,0,0,1,0,0,0,0,0,0,0,998,0,0,0,12,6,2,12,0,0,0,1,48,77995,6,1,6,0,3,0,999,999,1,0,0,2,1,6,2012,2,2013,0,51,0,0,0,1,2,70,1,1,8,1,0,0,1,10,99,1,2,50,1,1
48,481535,1,1,1,6,7,23,35,8,0,1,0,1,3,86,884,86884,66,2014,1M1AW01Y0EM0,1,M,1,A,W,0,1,Y,0,E,M,0,1,1,57,978310,57978310,3,6,1,1,0,0,0,0,0,0,0,998,0,0,0,12,2,3,8,0,0,0,1,48,77034,6,1,6,0,3,3,999,999,0,0,0,0,0,0,0,0,0,0,0,0,0,0,3,2,65,1,1,2,1,0,0,1,80,99,9,1,13,0,0
48,481536,1,1,1,6,7,14,32,35,0,1,0,48,0,53,705,53705,80,1986,JS1VP51A9G21,J,S,1,V,P,5,1,A,9,G,2,1,0,0,0,000000000,00000000000,0,0,0,1,0,0,0,0,0,0,0,998,0,0,0,12,8,2,35,0,0,0,1,48,76065,6,1,0,0,3,3,999,999,1,1,0,0,0,2,2012,3,2013,4,0,0,0,0,1,2,55,3,1,8,1,0,0,1,13,6,9,4,1,1,0
48,481537,1,3,2,7,7,4,5,12,1,1,0,96,9,7,482,7482,31,1996,1B7KC23C7TJ1,1,B,7,K,C,2,3,C,7,T,J,1,1,1,0,000000000,00000000000,0,0,0,1,0,0,0,0,0,0,0,998,0,0,0,6,6,2,12,0,0,0,1,96,99999,9,9,99,9,9,9,999,999,99,99,99,99,99,99,9999,99,9999,0,24,0,0,0,3,2,80,1,1,8,1,0,0,1,53,99,1,1,25,1,0
48,481537,2,3,2,7,7,4,5,12,1,1,0,93,3,84,884,84884,66,9999,3HSDJAPR6FN5,3,H,S,D,J,A,P,R,6,F,N,5,1,1,57,327574,57327574,3,6,1,1,0,0,0,0,0,0,0,998,0,0,0,12,6,2,12,0,0,0,1,48,76543,6,1,6,0,3,0,999,999,0,0,0,1,0,4,2014,4,2014,5,0,0,0,0,3,2,80,1,1,8,1,0,0,1,51,99,1,1,24,0,0
48,481537,3,3,1,7,7,4,5,12,1,1,0,48,3,82,884,82884,66,2003,1FUJA6CG63LH,1,F,U,J,A,6,C,G,6,3,L,H,1,2,57,1211358,571211358,3,6,3,1,0,0,0,0,0,0,0,998,0,0,0,12,6,2,12,0,0,0,1,48,78213,6,1,6,0,3,0,999,999,0,0,0,1,0,2,2014,2,2014,0,0,0,0,0,3,2,80,1,1,8,1,0,0,1,50,9,9,2,98,0,0
48,481538,1,1,1,7,7,6,50,23,0,1,0,22,3,87,884,87884,66,2007,1XP5DB9X87D6,1,X,P,5,D,B,9,X,8,7,D,6,1,1,57,228634,57228634,3,6,4,1,0,0,0,0,0,0,0,998,0,1,5,12,6,2,23,0,0,0,1,22,71358,6,1,6,0,3,3,999,999,0,0,0,0,0,0,0,0,0,0,83,0,0,0,1,2,70,1,1,8,1,0,0,17,87,6,9,4,6,1,0
48,481539,1,1,1,8,7,19,35,1,0,1,0,48,1,50,706,50706,80,2009,SMT905RN79T3,S,M,T,9,0,5,R,N,7,9,T,3,0,0,0,000000000,00000000000,0,0,0,1,0,0,0,0,0,0,0,998,0,0,0,0,8,3,59,0,0,0,1,48,78628,6,1,0,0,3,3,999,999,0,0,0,0,0,0,0,0,0,4,0,0,0,0,1,2,55,3,1,8,1,0,0,14,6,99,1,1,98,1,0
48,481540,2,2,1,8,7,21,31,12,7,1,0,48,2,41,471,41471,30,2000,4F4YR12C2YTM,4,F,4,Y,R,1,2,C,2,Y,T,M,0,0,0,000000000,00000000000,0,0,0,1,0,0,0,0,0,0,0,998,0,0,0,61,4,3,12,0,0,0,1,48,76513,6,1,0,0,3,0,999,999,0,0,0,1,0,1,2014,1,2014,5,27,0,0,0,3,3,65,1,1,8,1,0,0,15,10,99,1,2,47,1,0
48,481540,3,2,4,8,7,21,31,12,7,1,0,17,2,35,401,35401,14,2014,5N1AR2MM3EC6,5,N,1,A,R,2,M,M,3,E,C,6,0,0,0,000000000,00000000000,0,0,0,1,0,0,0,0,0,0,0,998,0,0,0,81,2,5,12,0,0,0,1,17,60441,6,1,0,0,3,0,60,125,0,0,0,0,0,0,0,0,0,0,0,0,0,0,3,3,65,1,1,8,1,0,0,1,61,99,1,1,45,0,0
48,481541,1,1,1,8,7,9,25,1,0,1,0,48,2,2,499,2499,19,1977,J7F83EH06978,J,7,F,8,3,E,H,0,6,9,7,8,0,0,0,000000000,00000000000,0,0,0,1,0,0,0,0,0,0,0,998,0,2,2,0,4,3,1,0,0,0,1,48,75570,6,1,0,0,3,0,999,999,0,0,0,1,1,8,2011,12,2012,0,27,58,0,0,3,2,75,1,1,8,1,0,0,15,12,7,3,4,98,1,0
48,481542,1,2,4,8,7,10,12,12,1,1,0,48,2,20,37,20037,4,2001,1G1ND52J5161,1,G,1,N,D,5,2,J,5,1,6,1,0,0,0,000000000,00000000000,0,0,0,1,0,0,0,0,0,0,0,0,0,0,0,6,6,2,12,0,0,0,1,48,77541,6,1,0,0,3,3,999,999,0,0,0,0,0,0,0,0,0,0,0,0,0,0,1,2,55,1,1,8,1,0,0,5,53,99,1,1,22,1,0
48,481542,2,2,1,8,7,10,12,12,1,1,0,48,2,12,481,12481,31,2002,1FTRW07662KC,1,F,T,R,W,0,7,6,6,2,K,C,0,0,0,000000000,00000000000,0,0,0,1,0,0,0,0,0,0,0,998,0,0,0,12,6,2,12,0,0,0,1,48,77566,6,1,0,0,3,3,999,999,0,0,0,0,0,0,0,0,0,0,0,0,0,0,1,2,55,1,1,8,1,0,0,1,50,99,1,1,20,0,0
48,481543,1,2,1,8,7,22,40,12,1,1,1,99,9,99,999,99999,99,9999,999999999999,9,9,9,9,9,9,9,9,9,9,9,9,1,1,0,000000000,00000000000,0,0,0,1,0,0,0,0,0,0,0,998,0,0,0,6,2,5,12,0,0,0,1,99,99999,9,9,99,9,9,9,999,999,99,99,99,99,99,99,9999,99,9999,0,0,0,0,0,3,4,65,1,1,8,1,0,0,1,53,99,1,1,25,0,0
48,481543,2,2,1,8,7,22,40,12,1,1,0,48,1,72,706,72706,80,2005,1HD1BNY105Y0,1,H,D,1,B,N,Y,1,0,5,Y,0,0,0,0,000000000,00000000000,0,0,0,1,0,0,0,0,0,0,0,998,0,0,0,12,8,2,12,0,0,0,1,48,75249,6,1,0,0,3,0,67,136,0,0,0,0,0,0,0,0,0,0,0,0,0,0,3,4,65,1,1,8,1,0,0,1,51,4,9,1,24,1,1
48,481544,1,2,1,8,7,21,46,12,2,1,0,48,1,49,402,49402,14,2010,JTMYF4DV9A50,J,T,M,Y,F,4,D,V,9,A,5,0,0,0,0,000000000,00000000000,0,0,0,1,0,0,0,0,0,0,0,998,0,0,0,12,6,2,12,0,0,1,1,48,78006,6,1,0,0,3,0,999,999,0,0,0,0,0,0,0,0,0,0,28,51,0,0,1,3,70,1,2,8,1,0,0,1,10,99,1,2,50,1,0
48,481544,2,2,1,8,7,21,46,12,2,1,0,18,3,82,881,82881,66,2011,1FUBGADV6BSA,1,F,U,B,G,A,D,V,6,B,S,A,2,1,57,241829,57241829,3,7,1,1,0,0,0,0,0,0,0,998,0,0,0,12,4,3,12,0,0,0,1,48,78250,6,1,6,0,1,0,999,999,0,0,0,0,0,0,0,0,0,0,0,0,0,0,1,3,70,1,2,8,1,0,0,1,62,99,1,1,51,0,0
48,481545,1,1,3,8,7,23,27,43,0,1,0,48,1,41,45,41045,1,1993,JM1NA3518P04,J,M,1,N,A,3,5,1,8,P,0,4,0,0,0,000000000,00000000000,0,0,0,1,0,0,0,0,0,0,0,998,0,1,6,12,4,3,1,0,0,0,1,48,76648,6,1,0,0,3,0,999,999,0,0,0,1,0,10,2011,10,2011,0,39,58,0,0,1,2,55,2,1,8,1,40,3,14,8,9,1,4,7,1,1
48,481546,1,2,2,8,7,15,20,12,7,1,0,48,1,20,481,20481,31,1999,1GCEK19T8XE1,1,G,C,E,K,1,9,T,8,X,E,1,0,0,0,000000000,00000000000,0,0,0,1,0,0,0,0,0,0,0,998,0,1,1,11,6,2,12,0,0,0,1,48,79501,1,1,0,0,2,0,999,999,0,1,0,1,0,1,2014,5,2014,0,48,91,0,0,1,2,75,1,1,8,1,0,0,12,10,99,1,1,98,0,1
48,481546,2,2,2,8,7,15,20,12,7,1,0,35,1,20,403,20403,14,2008,1GNDS13S2828,1,G,N,D,S,1,3,S,2,8,2,8,0,0,0,000000000,00000000000,0,0,0,1,0,0,0,0,0,0,0,998,0,1,5,82,6,2,1,0,0,0,1,35,88310,0,0,0,0,0,0,72,250,98,0,0,0,0,0,0,0,0,0,0,0,0,0,1,2,75,1,1,8,1,0,0,1,62,6,1,2,98,1,0
48,481547,1,1,3,9,7,17,54,8,0,1,0,48,1,20,481,20481,31,2007,2GCEC13V9711,2,G,C,E,C,1,3,V,9,7,1,1,1,1,0,000000000,00000000000,0,0,0,1,0,0,0,0,0,0,0,998,0,0,0,7,8,8,8,0,0,0,1,48,78264,6,1,0,0,3,0,999,999,0,0,0,0,0,0,0,0,0,0,0,0,0,0,1,3,55,1,1,8,1,3,3,1,80,99,1,1,13,0,0
48,481548,1,1,1,9,7,23,40,25,0,1,0,48,2,49,40,49040,4,1995,4T1SK11E3SU4,4,T,1,S,K,1,1,E,3,S,U,4,0,0,0,000000000,00000000000,0,0,0,1,0,0,0,0,0,0,0,998,0,1,1,12,4,3,25,0,0,0,1,48,76010,6,1,0,0,3,3,68,201,0,0,0,1,0,10,2012,10,2012,0,81,0,0,0,6,1,70,2,2,8,1,0,0,14,90,6,1,4,8,1,1
48,481549,2,1,1,9,7,18,0,14,0,1,0,48,1,49,43,49043,4,1998,4T1BF18B9WU2,4,T,1,B,F,1,8,B,9,W,U,2,0,0,0,000000000,00000000000,0,0,0,1,0,0,0,0,0,0,0,998,0,0,0,12,6,2,14,0,0,0,1,48,75247,6,1,0,0,3,0,65,155,0,3,0,0,0,9,2011,9,2012,0,34,0,0,0,3,4,65,1,1,8,1,0,0,6,11,99,1,4,11,1,1
48,481550,1,1,1,9,7,11,5,1,0,1,0,48,1,98,703,98703,80,2002,KM4MJ51A1212,K,M,4,M,J,5,1,A,1,2,1,2,0,0,0,000000000,00000000000,0,0,0,1,0,0,0,0,0,0,0,998,0,0,0,0,8,2,1,0,0,0,1,48,75092,6,1,6,0,3,0,67,138,0,0,0,0,0,0,0,0,0,0,0,0,0,0,3,2,75,1,1,8,1,0,0,1,13,99,1,4,1,1,0
48,481551,1,2,1,9,7,9,47,12,8,1,0,48,2,18,24,18024,6,2011,5GAKRBED0BJ1,5,G,A,K,R,B,E,D,0,B,J,1,1,1,0,000000000,00000000000,0,0,0,1,0,0,0,0,0,0,0,998,0,0,0,7,4,3,12,0,0,0,1,48,77070,6,1,0,0,3,3,999,999,0,0,0,0,0,0,0,0,0,0,0,0,0,0,1,4,30,1,1,1,1,0,0,1,10,99,1,2,66,1,0
48,481551,2,2,2,9,7,9,47,12,8,1,0,48,2,20,404,20404,14,2013,2GNALBEK5D62,2,G,N,A,L,B,E,K,5,D,6,2,0,0,0,000000000,00000000000,0,0,0,1,0,0,0,0,0,0,0,998,0,0,0,7,2,5,12,0,0,0,1,48,77346,1,1,0,0,2,0,999,999,0,15,0,2,1,8,2011,4,2014,0,0,0,0,0,1,4,30,1,1,1,1,0,0,1,62,99,1,1,66,0,0
48,481552,1,3,1,9,7,17,52,12,2,1,0,48,2,7,472,7472,30,2000,1B7HG2AZ9YS7,1,B,7,H,G,2,A,Z,9,Y,S,7,0,0,0,000000000,00000000000,0,0,0,1,0,0,0,0,0,0,0,998,0,0,0,12,6,2,12,0,0,0,1,48,79705,1,1,0,0,2,0,999,999,0,3,1,0,0,4,2014,5,2014,9,99,99,99,99,2,3,60,1,1,8,1,0,0,1,12,99,1,4,50,1,1
48,481552,2,3,3,9,7,17,52,12,2,1,0,48,0,49,422,49422,15,2013,5TDDW5G19DS0,5,T,D,D,W,5,G,1,9,D,S,0,0,0,0,000000000,00000000000,0,0,0,1,0,0,0,0,0,0,0,998,0,0,0,12,6,2,12,0,0,0,1,48,79707,6,1,6,0,3,3,999,999,0,0,0,0,0,0,0,0,0,0,0,0,0,0,2,3,60,1,1,8,1,0,0,1,62,99,1,1,51,0,0
48,481552,3,3,1,9,7,17,52,12,2,1,0,48,2,19,481,19481,31,2012,1GYS3CEF3CR1,1,G,Y,S,3,C,E,F,3,C,R,1,0,0,0,000000000,00000000000,0,0,0,1,0,0,0,0,0,0,0,998,0,0,0,12,2,3,12,0,0,0,1,48,79707,6,1,0,0,3,0,999,999,0,0,0,1,0,8,2012,8,2012,0,0,0,0,0,2,3,60,1,1,8,1,0,0,1,62,6,1,2,98,0,0
48,481553,1,1,1,9,7,13,25,32,0,1,0,48,1,20,481,20481,31,2008,1GCEC14C28Z3,1,G,C,E,C,1,4,C,2,8,Z,3,0,0,0,000000000,00000000000,0,0,0,1,0,0,0,0,0,0,0,998,0,1,5,12,6,2,1,0,0,0,1,48,75965,6,1,0,0,3,0,999,999,0,0,0,0,0,0,0,0,0,4,0,0,0,0,1,2,50,3,1,8,1,0,0,14,13,99,1,4,1,1,0
48,481554,1,2,1,9,7,14,40,12,11,1,0,48,2,7,482,7482,31,2007,3D7ML49A07G8,3,D,7,M,L,4,9,A,0,7,G,8,1,1,0,000000000,00000000000,0,0,0,1,0,0,0,0,0,0,0,998,0,0,0,14,8,8,12,0,0,0,1,48,76449,6,1,0,0,3,0,999,999,0,0,0,1,0,11,2011,11,2011,0,21,0,0,0,1,2,45,1,2,8,1,0,0,1,98,99,1,1,98,0,0
48,481554,2,2,1,9,7,14,40,12,11,1,0,48,2,23,481,23481,31,1995,2GTEC19K8S15,2,G,T,E,C,1,9,K,8,S,1,5,0,0,0,000000000,00000000000,0,0,0,1,0,0,0,0,0,0,0,998,0,0,0,13,8,3,12,0,0,0,1,48,76449,6,1,0,0,3,3,999,999,0,0,0,0,0,0,0,0,0,0,0,0,0,0,1,2,45,1,2,8,1,0,0,1,98,99,1,1,98,1,0
48,481555,1,1,1,9,7,10,15,10,0,1,0,48,2,7,482,7482,31,2004,3D7KU28C64G1,3,D,7,K,U,2,8,C,6,4,G,1,1,1,0,000000000,00000000000,0,0,0,1,0,0,0,0,0,0,0,998,0,0,0,3,6,2,10,0,0,0,1,48,79325,6,1,0,0,3,3,999,999,0,0,0,0,0,0,0,0,0,0,39,0,0,0,1,2,60,3,2,8,1,65,3,14,90,1,1,1,15,1,0
48,481556,1,1,1,9,7,4,25,1,0,1,0,93,3,82,884,82884,66,2011,1FUJC5CV4BDA,1,F,U,J,C,5,C,V,4,B,D,A,1,1,57,115479,57115479,3,6,1,1,0,0,0,0,0,0,0,998,0,2,1,0,6,2,1,0,0,0,1,48,79106,6,1,6,0,3,0,999,999,1,0,0,1,1,12,2011,7,2012,0,0,0,0,0,2,2,70,1,1,2,1,0,0,1,98,9,1,1,98,1,0
48,481557,1,1,1,9,7,5,20,1,0,1,0,93,0,84,884,84884,66,2006,2HSCNAPR16C2,2,H,S,C,N,A,P,R,1,6,C,2,1,1,57,2456232,572456232,3,6,2,1,0,0,0,0,0,0,0,998,0,2,3,0,6,2,2,0,0,1,1,48,79072,6,1,6,1,3,0,999,999,0,0,0,4,0,4,2012,6,2014,4,89,0,0,0,2,2,75,3,2,8,1,0,0,14,6,6,2,4,7,1,0
48,481558,1,2,1,9,7,17,45,12,2,1,0,47,2,7,482,7482,31,2001,1B7MC33751J5,1,B,7,M,C,3,3,7,5,1,J,5,0,0,0,000000000,00000000000,0,0,0,1,0,0,0,0,0,0,0,998,0,0,0,12,4,3,12,0,0,0,1,47,37085,6,1,0,0,3,0,77,215,0,0,0,1,0,12,2012,12,2012,0,51,0,0,0,1,2,60,3,1,8,2,0,0,14,10,7,1,2,52,0,0
48,481558,2,2,2,9,7,17,45,12,2,1,0,48,2,37,421,37421,15,2011,5FNYF3H4XBB0,5,F,N,Y,F,3,H,4,X,B,B,0,0,0,0,000000000,00000000000,0,0,0,1,0,0,0,0,0,0,0,998,0,0,0,12,4,3,12,0,0,0,1,48,78114,6,1,0,0,3,0,999,999,0,0,0,0,0,0,0,0,0,0,0,0,0,0,1,2,60,2,1,8,2,0,0,14,62,6,1,2,52,1,0
48,481559,1,1,1,10,7,11,55,42,0,1,0,48,1,20,23,20023,6,2010,3GNBABDB8AS6,3,G,N,B,A,B,D,B,8,A,S,6,0,0,0,000000000,00000000000,0,0,0,1,0,0,0,0,0,0,0,998,0,0,0,12,6,2,42,0,0,0,1,40,75844,6,1,0,0,3,3,66,155,0,0,0,0,0,0,0,0,0,4,58,0,0,0,1,2,55,3,3,8,1,0,0,14,13,6,1,4,1,1,0
48,481560,1,2,2,10,7,1,24,12,2,1,0,48,3,12,880,12880,67,2012,1FDRF3GT8CEC,1,F,D,R,F,3,G,T,8,C,E,C,0,0,88,888888888,88888888888,2,1,96,1,0,0,0,0,0,0,0,998,0,0,0,12,6,2,12,0,0,0,1,48,75652,6,1,0,0,3,3,999,999,1,1,0,1,0,11,2011,11,2013,0,91,51,0,0,2,2,65,1,2,8,1,0,0,1,54,6,1,2,52,0,1
48,481560,2,2,4,10,7,1,24,12,2,1,0,48,1,49,442,49442,20,2012,5TDKK3DC4CS2,5,T,D,K,K,3,D,C,4,C,S,2,0,0,0,000000000,00000000000,0,0,0,1,0,0,0,0,0,0,0,998,0,0,0,12,6,2,12,0,0,0,1,48,77836,6,1,0,0,3,0,999,999,0,0,0,0,0,0,0,0,0,0,0,0,0,0,2,2,65,1,2,8,1,0,0,1,54,7,1,1,52,3,0
48,481561,1,2,1,11,7,12,48,12,6,1,0,48,2,20,25,20025,4,2014,1G1PC5SB6E71,1,G,1,P,C,5,S,B,6,E,7,1,0,0,0,000000000,00000000000,0,0,0,1,0,0,0,0,0,0,0,998,0,0,0,81,6,2,12,0,0,0,1,48,75052,0,0,0,0,0,0,68,370,0,0,0,0,0,0,0,0,0,0,39,0,0,0,2,2,40,1,2,8,1,3,3,1,17,99,1,1,87,1,0
48,481561,2,2,1,11,7,12,48,12,6,1,0,48,3,38,884,38884,62,1994,JALH6A1U5R31,J,A,L,H,6,A,1,U,5,R,3,1,0,0,77,777777777,77777777777,2,1,1,1,0,0,0,0,0,0,0,998,0,0,0,12,4,3,12,0,0,0,1,48,76248,6,1,0,0,3,3,999,999,0,0,0,1,0,7,2011,7,2011,0,39,0,0,0,4,3,99,1,2,8,1,3,3,1,17,99,1,1,86,0,0
48,481562,1,2,1,11,7,2,32,12,2,1,0,48,1,72,706,72706,80,2008,1HD1JD5118Y0,1,H,D,1,J,D,5,1,1,8,Y,0,0,0,0,000000000,00000000000,0,0,0,1,0,0,0,0,0,0,0,998,0,0,0,12,8,2,12,32,0,0,1,48,78222,6,1,0,0,3,0,999,999,0,0,0,0,0,0,0,0,0,0,51,0,0,0,1,4,70,1,1,8,1,0,0,1,10,99,1,1,50,1,0
48,481562,2,2,4,11,7,2,32,12,2,1,0,48,1,20,421,20421,15,2004,1GNEC13V84R2,1,G,N,E,C,1,3,V,8,4,R,2,0,0,0,000000000,00000000000,0,0,0,1,0,0,0,0,0,0,0,998,0,0,0,12,4,3,12,0,0,0,1,48,78516,6,1,0,0,3,3,999,999,0,0,0,0,0,0,0,0,0,0,0,0,0,0,1,4,70,1,1,8,1,0,0,1,62,99,1,1,51,0,0
48,481563,1,1,1,11,7,9,42,32,0,1,0,48,1,76,705,76705,80,2007,JYARJ06E87A0,J,Y,A,R,J,0,6,E,8,7,A,0,0,0,0,000000000,00000000000,0,0,0,1,0,0,0,0,0,0,0,998,0,0,0,12,8,2,32,0,0,0,1,48,78130,6,1,0,0,3,0,999,999,0,0,0,0,0,0,0,0,0,4,0,0,0,0,1,2,65,3,1,8,1,0,0,14,13,99,1,4,1,1,0
48,481564,1,2,1,11,7,14,42,12,1,1,0,18,3,82,884,82884,66,2007,1FUJBBCK87LW,1,F,U,J,B,B,C,K,8,7,L,W,1,1,57,1647533,571647533,3,6,1,1,0,0,0,0,0,0,0,998,0,0,0,6,2,5,12,0,0,0,1,18,46158,6,1,6,0,3,0,66,214,0,1,0,1,0,2,2012,7,2012,0,0,0,0,0,3,2,75,1,1,8,1,0,0,2,53,99,1,1,29,0,0
48,481564,2,2,2,11,7,14,42,12,1,1,0,48,3,12,481,12481,31,2010,1FTSW2AR7AEB,1,F,T,S,W,2,A,R,7,A,E,B,0,0,0,000000000,00000000000,0,0,0,1,0,0,0,0,0,0,0,998,0,0,0,12,6,2,12,0,0,0,1,48,75494,6,1,0,0,3,0,74,273,0,4,0,2,0,8,2011,4,2014,5,0,0,0,0,3,2,75,1,1,8,1,0,0,1,52,7,9,1,28,1,0
48,481565,1,2,1,11,7,21,45,12,1,1,0,17,3,51,884,51884,66,2010,4V4NC9TJ9AN2,4,V,4,N,C,9,T,J,9,A,N,2,1,1,57,284600,57284600,3,6,98,1,0,0,0,0,0,0,0,53,0,0,0,6,6,2,12,0,0,1,1,4,85345,6,1,6,0,3,3,72,245,0,0,0,0,0,0,0,0,0,0,0,0,0,0,3,2,75,1,1,8,1,0,0,1,53,99,1,1,25,0,0
48,481565,2,2,1,11,7,21,45,12,1,1,0,6,1,82,884,82884,66,2007,1FUJA6CK37DY,1,F,U,J,A,6,C,K,3,7,D,Y,1,1,57,618211,57618211,3,6,98,1,0,0,0,0,0,0,0,998,0,0,0,12,6,2,12,0,0,1,1,6,93722,6,1,6,0,3,3,67,164,1,0,0,0,0,3,2013,3,2013,5,0,0,0,0,3,2,75,1,1,8,1,0,0,1,51,99,1,1,24,1,0
48,481566,1,2,3,11,7,6,55,12,6,1,0,48,1,7,482,7482,31,1998,3B7HC13Z8WG2,3,B,7,H,C,1,3,Z,8,W,G,2,0,0,0,000000000,00000000000,0,0,0,1,0,0,0,0,0,0,0,998,0,0,0,3,6,2,12,32,0,0,1,48,79226,6,1,0,0,3,3,999,999,0,0,0,0,0,0,0,0,0,0,38,0,0,0,1,2,99,1,1,8,1,20,3,11,15,99,1,1,76,1,0
48,481566,2,2,1,11,7,6,55,12,6,1,0,48,2,12,17,12017,4,2008,1FAHP24W48G1,1,F,A,H,P,2,4,W,4,8,G,1,0,0,0,000000000,00000000000,0,0,0,1,0,0,0,0,0,0,0,998,0,0,0,12,4,3,12,0,0,0,1,48,79015,1,1,0,0,2,0,999,999,0,12,0,1,0,8,2011,6,2014,0,0,0,0,0,1,2,60,1,1,8,1,0,0,1,65,99,1,1,77,0,0
48,481567,1,1,7,11,7,22,16,1,0,1,0,20,1,20,421,20421,15,2002,1GNEC13V02R3,1,G,N,E,C,1,3,V,0,2,R,3,0,0,0,000000000,00000000000,0,0,0,1,0,0,0,0,0,0,0,998,0,1,5,0,6,2,1,0,0,0,1,20,67846,6,1,0,0,3,0,70,304,0,0,0,0,0,0,0,0,0,0,58,83,0,0,1,2,75,1,1,8,1,0,0,17,87,7,5,4,1,2,0
48,481568,1,1,3,17,3,10,24,38,0,1,0,48,1,20,481,20481,31,2008,3GCEC13J78G2,3,G,C,E,C,1,3,J,7,8,G,2,0,0,0,000000000,00000000000,0,0,0,1,0,0,0,0,0,0,0,998,0,0,0,12,6,2,38,0,0,0,1,48,78028,6,1,0,0,3,0,999,999,0,0,0,0,0,0,0,0,0,0,0,0,0,0,2,1,35,1,1,8,1,0,0,1,12,99,1,4,6,1,0
48,481569,1,1,2,26,5,9,41,1,0,1,0,48,1,34,34,34034,4,2006,WBAVB13566PT,W,B,A,V,B,1,3,5,6,6,P,T,0,0,0,000000000,00000000000,0,0,0,1,0,0,0,0,0,0,0,998,0,9,3,0,6,2,1,0,0,0,1,48,76574,6,1,0,0,3,0,999,999,0,1,0,1,0,12,2011,12,2013,0,99,99,99,99,3,4,55,1,1,8,1,0,0,1,13,99,1,4,1,1,0
48,481570,1,1,1,19,6,0,58,41,0,1,0,6,2,12,17,12017,6,1998,1FAFP58SXWG2,1,F,A,F,P,5,8,S,X,W,G,2,0,0,0,000000000,00000000000,0,0,0,1,0,0,0,0,0,0,0,998,0,0,0,12,6,2,41,0,0,0,1,48,77627,6,1,0,0,3,3,61,111,0,0,0,0,0,0,0,0,0,5,0,0,0,0,1,4,60,1,1,8,1,0,0,1,13,99,1,4,1,1,0
48,481571,1,2,1,23,6,16,9,12,6,1,0,48,1,21,23,21023,4,2000,1G3WX52H4YF1,1,G,3,W,X,5,2,H,4,Y,F,1,0,0,0,000000000,00000000000,0,0,0,1,0,0,0,0,0,0,0,998,0,0,0,1,4,3,12,0,0,0,1,48,78666,6,1,0,0,3,3,999,999,0,0,0,0,0,0,0,0,0,0,51,58,91,0,1,2,55,1,2,8,1,0,0,1,13,6,4,6,64,0,0
48,481571,2,2,1,23,6,16,9,12,6,1,0,48,1,72,706,72706,80,2006,1HD1BJY196Y0,1,H,D,1,B,J,Y,1,9,6,Y,0,0,0,0,000000000,00000000000,0,0,0,1,0,0,0,0,0,0,0,998,0,0,0,12,8,2,12,0,0,0,1,48,78669,6,1,0,0,3,3,999,999,0,0,0,0,0,0,0,0,0,0,0,0,0,0,1,2,55,1,2,8,1,0,0,1,62,99,1,1,65,1,0
48,481572,1,1,5,26,6,12,35,1,0,1,0,48,2,12,481,12481,31,2001,1FTRW08LX1KE,1,F,T,R,W,0,8,L,X,1,K,E,0,0,0,000000000,00000000000,0,0,0,1,0,0,0,0,0,0,0,998,0,2,5,0,6,2,1,0,0,0,1,48,78617,0,0,0,0,0,0,999,999,0,6,0,0,0,7,2012,6,2014,0,58,87,0,0,5,4,60,3,2,8,2,0,0,14,5,6,4,4,7,2,0
48,481573,1,2,1,14,6,5,40,12,1,1,0,48,2,20,421,20421,15,1996,1GNEC13R2TJ3,1,G,N,E,C,1,3,R,2,T,J,3,0,0,0,000000000,00000000000,0,0,0,1,0,0,0,0,0,0,0,998,0,0,0,12,4,3,12,0,0,0,1,48,77434,1,1,0,0,2,0,999,999,0,3,0,0,0,4,2013,8,2013,5,0,0,0,0,4,2,40,1,1,1,1,0,0,1,50,99,1,1,20,1,0