STATE,ST_CASE,VEH_NO,VE_FORMS,NUMOCCS,DAY,MONTH,HOUR,MINUTE,HARM_EV,MAN_COLL,UNITTYPE,HIT_RUN,REG_STAT,OWNER,MAKE,MODEL,MAK_MOD,BODY_TYP,MOD_YEAR,VIN,VIN_1,VIN_2,VIN_3,VIN_4,VIN_5,VIN_6,VIN_7,VIN_8,VIN_9,VIN_10,VIN_11,VIN_12,TOW_VEH,J_KNIFE,MCARR_I1,MCARR_I2,MCARR_ID,GVWR,V_CONFIG,CARGO_BT,HAZ_INV,HAZ_PLAC,HAZ_ID,HAZ_CNO,HAZ_REL,BUS_USE,SPEC_USE,EMER_USE,TRAV_SP,UNDERIDE,ROLLOVER,ROLINLOC,IMPACT1,DEFORMED,TOWED,M_HARM,VEH_SC1,VEH_SC2,FIRE_EXP,DR_PRES,L_STATE,DR_ZIP,L_STATUS,L_TYPE,CDL_STAT,L_ENDORS,L_COMPL,L_RESTRI,DR_HGT,DR_WGT,PREV_ACC,PREV_SUS,PREV_DWI,PREV_SPD,PREV_OTH,FIRST_MO,FIRST_YR,LAST_MO,LAST_YR,SPEEDREL,DR_SF1,DR_SF2,DR_SF3,DR_SF4,VTRAFWAY,VNUM_LAN,VSPD_LIM,VALIGN,VPROFILE,VPAVETYP,VSURCOND,VTRAFCON,VTCONT_F,P_CRASH1,P_CRASH2,P_CRASH3,PCRASH4,PCRASH5,ACC_TYPE,DEATHS,DR_DRINK
48,481573,2,2,1,14,6,5,40,12,1,1,0,48,3,98,908,98908,51,2009,YE2CC29B3920,Y,E,2,C,C,2,9,B,3,9,2,0,0,0,57,229351,57229351,3,21,22,1,0,0,0,0,4,3,0,0,0,0,0,6,2,5,12,0,0,0,1,48,77505,6,1,6,1,3,0,999,999,0,0,0,0,0,0,0,0,0,0,54,0,0,0,4,2,40,1,1,1,1,0,0,5,53,99,1,1,21,0,0
48,481574,1,1,3,4,7,14,30,1,0,1,0,48,1,7,482,7482,31,2010,1D7RB1CT6AS1,1,D,7,R,B,1,C,T,6,A,S,1,0,0,0,000000000,00000000000,0,0,0,1,0,0,0,0,0,0,0,998,0,2,5,0,4,3,1,0,0,0,1,96,78140,9,9,99,9,9,9,999,999,99,99,99,99,99,99,9999,99,9999,4,58,0,0,0,1,2,25,2,1,8,11,0,0,14,12,7,3,4,6,1,0
48,481575,1,1,1,5,7,4,40,1,0,1,0,48,2,53,706,53706,80,2014,JS1GT78A4E21,J,S,1,G,T,7,8,A,4,E,2,1,0,0,0,000000000,00000000000,0,0,0,1,0,0,0,0,0,0,0,998,0,0,0,0,6,2,1,0,0,0,1,48,79934,6,1,0,0,2,3,999,999,0,0,0,0,0,0,0,0,0,0,99,99,99,99,1,2,65,1,1,8,1,0,0,1,13,99,1,4,1,1,0
48,481576,1,2,1,7,7,21,3,12,6,1,0,48,1,13,14,13014,6,2009,2LMDU68C69BJ,2,L,M,D,U,6,8,C,6,9,B,J,0,0,0,000000000,00000000000,0,0,0,1,0,0,0,0,0,0,0,998,0,0,0,11,4,3,12,0,0,0,1,48,75249,6,1,0,0,3,3,999,999,0,0,0,0,0,0,0,0,0,0,38,0,0,0,1,2,98,8,8,8,98,20,3,4,19,99,1,1,89,0,0
48,481576,2,2,1,7,7,21,3,12,6,1,0,48,2,37,706,37706,80,2001,JH2SC44011M1,J,H,2,S,C,4,4,0,1,1,M,1,0,0,0,000000000,00000000000,0,0,0,1,0,0,0,0,0,0,0,50,0,0,0,12,8,2,12,0,0,0,1,48,75134,1,1,0,0,2,0,67,122,0,1,0,0,0,1,2014,1,2014,3,0,0,0,0,2,3,35,1,2,8,1,0,0,1,66,8,2,1,88,1,0
48,481577,1,2,2,7,7,20,45,12,6,1,0,48,1,20,404,20404,14,2011,2CNALFECXB63,2,C,N,A,L,F,E,C,X,B,6,3,0,0,0,000000000,00000000000,0,0,0,1,0,0,0,0,0,0,0,998,0,0,0,3,6,2,12,0,0,0,1,48,79081,6,1,6,0,3,0,999,999,0,0,0,1,0,2,2012,2,2012,0,38,0,0,0,1,2,75,1,1,8,1,0,0,11,15,99,1,1,68,2,0
48,481577,2,2,1,7,7,20,45,12,6,1,0,18,3,84,881,84881,66,1999,2HSFLAHN9XC0,2,H,S,F,L,A,H,N,9,X,C,0,1,1,57,1182224,571182224,3,6,2,1,0,0,0,0,0,0,0,998,0,0,0,12,4,3,12,0,0,0,1,47,37604,6,1,6,0,3,1,75,270,0,0,0,0,2,4,2014,5,2014,0,0,0,0,0,1,2,75,1,1,8,1,0,0,1,62,99,1,1,69,0,0
48,481578,1,1,1,9,7,17,56,42,0,1,0,48,1,12,402,12402,14,2011,1FMCU0EG9BKA,1,F,M,C,U,0,E,G,9,B,K,A,0,0,0,000000000,00000000000,0,0,0,1,0,0,0,0,0,0,0,998,0,0,0,12,4,3,42,32,0,0,1,48,76049,6,1,0,0,3,3,999,999,0,0,0,0,0,0,0,0,0,4,0,0,0,0,1,2,35,2,1,8,1,0,0,14,12,99,1,4,6,1,0
48,481579,1,1,1,10,7,22,2,42,0,1,0,48,1,34,35,34035,4,2011,WBAFU9C55BC7,W,B,A,F,U,9,C,5,5,B,C,7,0,0,0,000000000,00000000000,0,0,0,1,0,0,0,0,0,0,0,998,0,0,0,9,4,3,42,0,0,0,1,48,78636,6,1,0,0,3,3,999,999,0,0,0,1,0,6,2012,6,2012,4,0,0,0,0,1,2,60,2,2,8,1,0,0,14,6,99,2,4,7,1,1
48,481580,1,1,1,10,7,7,45,18,0,1,0,48,1,7,482,7482,31,2000,3B7HF13Z3YG1,3,B,7,H,F,1,3,Z,3,Y,G,1,0,0,0,000000000,00000000000,0,0,0,1,0,0,0,0,0,0,0,998,0,1,6,12,4,3,1,0,0,0,1,48,78414,6,1,0,0,3,0,999,999,0,0,0,0,0,0,0,0,0,4,0,0,0,0,5,2,40,3,1,8,1,0,0,14,13,99,1,4,1,1,0
48,481581,1,1,1,11,7,20,57,1,0,1,0,48,2,37,706,37706,80,2014,JH2SC5903EK6,J,H,2,S,C,5,9,0,3,E,K,6,0,0,0,000000000,00000000000,0,0,0,1,0,0,0,0,0,0,0,998,0,0,0,0,8,3,1,0,0,0,1,48,77836,6,1,0,0,3,0,999,999,0,3,0,3,1,12,2011,3,2014,4,0,0,0,0,1,2,70,2,1,8,1,0,0,14,12,99,1,4,6,1,1
48,481582,1,2,1,11,7,15,45,12,2,1,0,48,2,20,880,20880,67,2008,1GBJC346X8E1,1,G,B,J,C,3,4,6,X,8,E,1,5,1,57,865168,57865168,2,4,12,1,0,0,0,0,0,0,0,998,0,0,0,12,4,3,12,0,0,0,1,48,76834,6,1,6,0,3,0,999,999,0,0,0,0,0,0,0,0,0,0,51,0,0,0,1,2,75,1,1,8,1,0,0,1,8,99,1,2,50,0,0
48,481582,2,2,1,11,7,15,45,12,2,1,0,48,2,20,2,20002,4,2002,2G1WF52E2292,2,G,1,W,F,5,2,E,2,2,9,2,0,0,0,000000000,00000000000,0,0,0,1,0,0,0,0,0,0,0,998,0,0,0,12,6,2,12,0,0,0,1,48,76872,6,1,6,0,3,0,999,999,0,0,0,0,0,0,0,0,0,0,0,0,0,0,1,2,75,1,1,8,1,0,0,1,62,99,1,1,51,1,0
48,481583,1,1,1,11,7,21,26,38,0,1,0,48,1,20,481,20481,31,1998,2GCEC19R6W11,2,G,C,E,C,1,9,R,6,W,1,1,1,1,0,000000000,00000000000,0,0,0,1,0,0,0,0,0,0,0,998,0,1,6,98,6,2,1,0,0,0,1,48,76527,6,1,0,0,3,3,999,999,1,0,0,1,0,8,2012,11,2013,0,51,58,0,0,1,2,50,3,1,8,1,0,0,14,12,7,3,4,2,1,1
48,481584,1,2,2,11,7,11,0,12,6,1,0,48,2,49,482,49482,31,2001,5TBRT34181S2,5,T,B,R,T,3,4,1,8,1,S,2,0,0,0,000000000,00000000000,0,0,0,1,0,0,0,0,0,0,0,998,0,0,0,12,4,3,12,0,0,0,1,48,78641,6,2,0,0,3,1,999,999,0,0,0,0,0,0,0,0,0,0,39,0,0,0,1,6,65,1,1,8,1,3,3,1,17,99,1,1,88,0,0
48,481584,2,2,1,11,7,11,0,12,6,1,0,48,1,72,706,72706,80,2006,1HD1FHW1X6Y6,1,H,D,1,F,H,W,1,X,6,Y,6,0,0,0,000000000,00000000000,0,0,0,1,0,0,0,0,0,0,0,998,0,0,0,9,4,3,12,0,0,0,1,48,78681,6,1,0,0,3,0,999,999,0,0,0,1,0,1,2013,1,2013,0,0,0,0,0,8,4,98,8,8,8,98,3,3,1,66,99,1,1,89,1,0
48,481585,1,2,1,11,7,7,17,12,2,1,0,48,1,20,481,20481,31,1999,2GCEC19T8X12,2,G,C,E,C,1,9,T,8,X,1,2,0,0,0,000000000,00000000000,0,0,0,1,0,0,0,0,0,0,0,998,0,0,0,12,6,2,12,0,0,0,1,48,76550,6,1,6,0,3,3,999,999,0,0,0,0,0,0,0,0,0,0,51,0,0,0,1,2,65,1,2,8,1,99,9,1,54,99,1,1,52,1,0
48,481585,2,2,1,11,7,7,17,12,2,1,0,48,2,20,2,20002,4,2011,2G1WG5EKXB11,2,G,1,W,G,5,E,K,X,B,1,1,0,0,0,000000000,00000000000,0,0,0,1,0,0,0,0,0,0,0,998,0,0,0,12,6,2,12,0,0,0,1,48,76527,0,0,0,0,0,0,999,999,1,4,0,1,1,2,2012,7,2014,0,0,0,0,0,1,2,65,1,2,8,1,0,0,1,54,99,1,1,52,1,0
48,481586,1,1,1,12,7,21,30,8,0,1,1,48,1,19,20,19020,6,2011,3GYFNGEY5BS6,3,G,Y,F,N,G,E,Y,5,B,S,6,0,0,0,000000000,00000000000,0,0,0,1,0,0,0,0,0,0,0,998,0,0,0,12,4,3,8,32,0,0,1,48,78239,6,1,0,0,3,3,999,999,0,0,0,0,0,0,0,0,0,0,0,0,0,0,1,2,45,1,1,8,1,0,0,1,80,99,1,1,13,0,0
48,481587,1,2,1,12,7,17,55,12,2,1,0,48,1,7,482,7482,31,2000,3B7HF13Z8YM2,3,B,7,H,F,1,3,Z,8,Y,M,2,0,0,0,000000000,00000000000,0,0,0,1,0,0,0,0,0,0,0,998,0,0,0,12,2,3,12,0,0,0,1,48,75135,6,1,0,0,3,0,999,999,1,0,0,1,0,7,2012,10,2013,0,91,38,0,0,1,2,55,1,2,8,1,0,0,11,15,99,1,1,68,0,0
48,481587,2,2,1,12,7,17,55,12,2,1,0,48,1,98,706,98706,80,1995,4EMRL1E29SN1,4,E,M,R,L,1,E,2,9,S,N,1,0,0,0,000000000,00000000000,0,0,0,1,0,0,0,0,0,0,0,998,0,0,0,12,8,3,12,0,0,0,1,48,75121,1,1,0,0,2,0,999,999,0,3,0,1,0,7,2012,11,2013,0,0,0,0,0,1,2,55,1,2,8,1,0,0,1,62,99,1,1,69,1,0
48,481588,1,1,1,12,7,22,3,8,0,1,0,48,1,20,9,20009,2,2011,2G1FB1ED5B91,2,G,1,F,B,1,E,D,5,B,9,1,0,0,0,000000000,00000000000,0,0,0,1,0,0,0,0,0,0,0,998,0,0,0,12,2,3,8,0,0,0,1,48,75215,0,0,0,0,0,0,999,999,0,9,0,0,0,8,2011,12,2013,0,0,0,0,0,1,6,35,1,1,8,1,0,0,1,80,99,1,1,13,0,0
48,481589,1,1,1,12,7,11,3,33,0,1,0,48,1,76,706,76706,80,2009,JYAVP28E39A0,J,Y,A,V,P,2,8,E,3,9,A,0,0,0,0,000000000,00000000000,0,0,0,1,0,0,0,0,0,0,0,998,0,0,0,12,8,3,33,0,0,0,1,48,75060,6,1,6,0,3,3,999,999,0,0,0,0,0,0,0,0,0,3,0,0,0,0,2,3,35,2,1,8,1,0,0,14,13,99,1,4,1,1,0
48,481590,1,2,2,12,7,19,18,12,6,1,0,48,2,49,422,49422,15,2014,5TDZY5G17ES0,5,T,D,Z,Y,5,G,1,7,E,S,0,0,0,0,000000000,00000000000,0,0,0,1,0,0,0,0,0,0,0,998,0,0,0,12,4,3,12,0,0,0,1,48,75110,6,1,0,0,3,3,999,999,0,0,0,0,0,0,0,0,0,0,39,0,0,0,1,3,55,1,1,8,1,3,3,1,17,1,1,1,86,0,0
48,481590,2,2,1,12,7,19,18,12,6,1,0,48,2,2,999,2999,49,1977,J7F93EH09254,J,7,F,9,3,E,H,0,9,2,5,4,0,0,0,000000000,00000000000,0,0,0,1,0,0,0,0,0,0,0,998,0,1,1,3,4,3,12,0,0,0,1,48,75119,6,1,6,0,3,3,999,999,0,0,0,0,0,0,0,0,0,0,0,0,0,0,1,5,98,8,8,8,1,3,3,1,66,99,1,1,87,1,0
48,481591,1,1,1,12,7,4,31,32,0,1,0,48,2,72,706,72706,80,2011,1HD1JN519BB0,1,H,D,1,J,N,5,1,9,B,B,0,0,0,0,000000000,00000000000,0,0,0,1,0,0,0,0,0,0,0,998,0,0,0,98,8,2,32,0,0,0,1,48,79323,6,1,6,0,2,0,999,999,0,0,0,0,0,0,0,0,0,4,0,0,0,0,1,2,75,2,1,8,1,0,0,14,12,99,9,4,6,1,1
48,481592,1,2,1,12,7,0,30,11,0,1,0,48,1,37,706,37706,80,2004,1HFSC52044A1,1,H,F,S,C,5,2,0,4,4,A,1,0,0,0,000000000,00000000000,0,0,0,1,0,0,0,0,0,0,0,998,0,0,0,12,8,2,11,0,0,0,1,48,77590,1,1,0,0,2,0,999,999,1,7,0,1,0,10,2011,7,2014,0,0,0,0,0,1,2,75,1,1,8,1,0,0,1,87,99,1,1,13,1,0
48,481592,2,2,2,12,7,0,30,11,0,1,0,48,1,12,481,12481,31,2008,1FTSX21508ED,1,F,T,S,X,2,1,5,0,8,E,D,1,2,0,000000000,00000000000,0,0,0,1,0,0,0,0,0,0,0,998,0,0,0,0,8,5,51,0,0,0,1,48,76538,6,1,6,0,3,0,999,999,0,0,0,1,0,6,2014,6,2014,0,58,0,0,0,1,2,75,1,1,8,1,0,0,1,13,6,1,4,98,0,0
48,481593,1,1,1,12,7,23,30,1,0,1,0,48,1,23,401,23401,14,1999,1GKCS18W6XK5,1,G,K,C,S,1,8,W,6,X,K,5,0,0,0,000000000,00000000000,0,0,0,1,0,0,0,0,0,0,0,998,0,9,1,0,4,3,1,0,0,0,1,48,77088,6,1,6,0,3,3,999,999,0,0,0,0,0,0,0,0,0,4,58,0,0,0,1,2,60,3,1,8,1,0,0,1,13,6,5,6,98,1,1
48,481594,1,2,1,12,7,11,8,12,6,1,0,48,1,20,22,20022,4,2009,1G1AT58HX972,1,G,1,A,T,5,8,H,X,9,7,2,0,0,0,000000000,00000000000,0,0,0,1,0,0,0,0,0,0,0,998,0,0,0,9,6,2,12,0,0,0,1,48,76887,6,1,0,0,3,0,999,999,0,0,0,0,0,0,0,0,0,0,39,0,0,0,5,3,60,1,2,8,1,3,3,1,17,99,1,1,89,1,0
48,481594,2,2,1,12,7,11,8,12,6,1,0,48,1,49,401,49401,14,2004,JTEZU14R6480,J,T,E,Z,U,1,4,R,6,4,8,0,0,0,0,000000000,00000000000,0,0,0,1,0,0,0,0,0,0,0,998,0,0,0,12,4,3,12,0,0,1,1,48,78628,6,1,0,0,3,0,999,999,0,0,0,0,0,0,0,0,0,0,0,0,0,0,5,3,60,1,2,8,1,3,3,1,66,99,1,1,88,0,0
48,481595,1,1,7,12,7,13,46,1,0,1,0,48,1,20,441,20441,20,1998,1GNDM19W5WB1,1,G,N,D,M,1,9,W,5,W,B,1,0,0,0,000000000,00000000000,0,0,0,1,0,0,0,0,0,0,0,998,0,9,1,0,4,3,1,0,0,0,1,48,78521,6,1,0,0,3,0,999,999,0,0,0,0,0,0,0,0,0,0,0,0,0,0,3,3,70,1,1,8,1,0,0,1,1,99,3,1,98,2,0
48,481596,1,2,1,13,7,21,3,12,2,1,0,48,2,12,481,12481,31,2001,1FTZX17231NB,1,F,T,Z,X,1,7,2,3,1,N,B,0,0,0,000000000,00000000000,0,0,0,1,0,0,0,0,0,0,0,998,0,0,0,12,4,3,12,0,0,0,1,48,78065,0,0,0,0,0,0,999,999,0,0,0,0,0,0,0,0,0,0,51,0,0,0,1,2,60,1,1,8,1,0,0,1,10,99,1,2,50,0,1
48,481596,2,2,2,13,7,21,3,12,2,1,0,48,2,12,17,12017,4,1996,1FALP52U4TA1,1,F,A,L,P,5,2,U,4,T,A,1,0,0,0,000000000,00000000000,0,0,0,1,0,0,0,0,0,0,0,998,0,0,0,12,4,3,12,0,0,0,1,48,78069,0,0,0,0,0,0,999,999,0,0,0,0,0,0,0,0,0,0,0,0,0,0,1,2,60,1,1,8,1,0,0,1,62,99,1,1,51,1,0
48,481597,1,1,1,13,7,17,45,1,0,1,0,48,1,53,706,53706,80,2006,JS1GW71A5621,J,S,1,G,W,7,1,A,5,6,2,1,0,0,0,000000000,00000000000,0,0,0,1,0,0,0,0,0,0,0,998,0,0,0,0,8,2,1,0,0,0,1,48,76528,6,1,0,0,3,0,999,999,0,0,0,0,0,0,0,0,0,3,0,0,0,0,1,2,60,3,1,8,1,0,0,14,13,99,9,4,1,1,1
48,481598,1,1,99,13,7,22,40,8,0,1,1,99,9,99,999,99999,99,9999,999999999999,9,9,9,9,9,9,9,9,9,9,9,9,0,0,0,000000000,00000000000,0,0,0,1,0,0,0,0,0,0,0,999,0,0,0,99,9,5,8,99,99,0,1,99,99999,9,9,99,9,9,9,999,999,99,99,99,99,99,99,9999,99,9999,0,99,99,99,99,2,3,35,1,1,8,1,0,0,1,80,99,1,1,13,0,0
48,481599,1,1,1,13,7,5,22,24,0,1,0,48,1,23,481,23481,31,1999,2GTEC19V8X15,2,G,T,E,C,1,9,V,8,X,1,5,0,0,0,000000000,00000000000,0,0,0,1,0,0,0,0,0,0,0,998,0,1,5,12,4,3,59,0,0,0,1,48,75042,0,0,0,0,0,0,63,166,0,0,0,0,0,0,0,0,0,5,0,0,0,0,3,5,60,1,1,8,1,0,0,1,13,99,4,4,1,1,1
48,481600,1,1,5,13,7,14,5,30,0,1,0,48,2,7,482,7482,31,2010,3D7UT2CL0AG1,3,D,7,U,T,2,C,L,0,A,G,1,0,0,0,000000000,00000000000,0,0,0,1,0,0,0,0,0,0,0,998,0,0,0,81,6,2,30,0,0,0,1,48,78640,6,1,0,0,3,0,999,999,0,0,0,0,0,0,0,0,0,4,0,0,0,0,1,2,35,1,1,8,1,0,0,1,13,99,9,4,1,1,0
48,481601,1,1,4,13,7,5,18,1,0,1,0,48,2,12,481,12481,31,2002,1FTRX17W52NA,1,F,T,R,X,1,7,W,5,2,N,A,0,0,0,000000000,00000000000,0,0,0,1,0,0,0,0,0,0,0,998,0,2,1,0,6,2,1,0,0,0,1,48,79720,6,2,0,0,3,0,999,999,0,0,0,0,0,0,0,0,0,0,0,0,0,0,2,4,45,2,2,8,1,0,0,1,10,7,3,2,98,1,0
48,481602,1,1,1,13,7,22,51,11,0,1,0,48,2,49,32,49032,4,2007,JTDBR32E7701,J,T,D,B,R,3,2,E,7,7,0,1,0,0,0,000000000,00000000000,0,0,0,1,0,0,0,0,0,0,0,998,0,0,0,12,4,3,11,0,0,0,1,48,75401,6,1,0,0,3,3,66,107,0,0,0,0,0,0,0,0,0,0,0,0,0,0,5,3,70,1,1,8,1,0,0,1,87,99,1,1,13,1,0
48,481603,1,1,3,13,7,0,0,11,0,1,0,48,1,7,20,7020,4,2003,1B3ES26C33D1,1,B,3,E,S,2,6,C,3,3,D,1,0,0,0,000000000,00000000000,0,0,0,1,0,0,0,0,0,0,0,998,0,0,0,12,6,2,11,0,0,0,1,48,75980,6,1,0,0,3,3,999,999,0,2,0,0,0,7,2012,9,2013,0,0,0,0,0,2,2,75,1,1,8,1,0,0,1,87,99,1,1,13,2,0
48,481604,1,1,4,13,7,23,46,25,0,1,0,48,2,12,481,12481,31,2008,1FTPW14V98FB,1,F,T,P,W,1,4,V,9,8,F,B,0,0,0,000000000,00000000000,0,0,0,1,0,0,0,0,0,0,0,75,0,1,2,12,4,3,1,0,0,0,1,48,77354,6,2,0,0,3,0,999,999,0,0,0,0,0,0,0,0,0,3,0,0,0,0,3,4,65,1,2,8,1,0,0,1,51,7,2,4,3,1,0
48,481605,1,3,3,13,7,11,19,12,7,1,0,48,2,7,482,7482,31,2003,1D7HA16N53J5,1,D,7,H,A,1,6,N,5,3,J,5,0,0,0,000000000,00000000000,0,0,0,1,0,0,0,0,0,0,0,998,0,1,1,63,6,2,12,0,0,0,1,48,76053,6,1,0,0,3,0,999,999,0,0,0,0,0,0,0,0,0,5,27,0,0,0,3,3,60,4,2,8,1,0,0,15,10,99,1,2,47,1,0
48,481605,2,3,1,13,7,11,19,12,7,1,0,48,1,20,2,20002,4,2012,2G1WG5E37C12,2,G,1,W,G,5,E,3,7,C,1,2,0,0,0,000000000,00000000000,0,0,0,1,0,0,0,0,0,0,0,998,0,0,0,1,4,5,12,0,0,0,1,48,75060,6,1,6,0,3,0,999,999,0,0,0,0,0,0,0,0,0,0,0,0,0,0,3,3,60,4,2,8,1,0,0,14,61,99,1,1,45,0,0
48,481605,3,3,1,13,7,11,19,12,7,1,0,40,3,82,881,82881,66,2011,1FUJGBDV6BLA,1,F,U,J,G,B,D,V,6,B,L,A,1,1,57,80806,5780806,3,6,11,1,0,0,0,0,0,0,0,998,0,0,0,12,6,2,12,0,0,0,1,48,76052,6,1,6,0,3,3,999,999,0,0,0,0,0,0,0,0,0,0,0,0,0,0,3,3,60,4,2,8,1,0,0,14,62,99,1,1,98,0,0
48,481606,1,2,1,13,7,2,54,12,2,1,0,48,2,7,482,7482,31,2005,1D7HA16N25J6,1,D,7,H,A,1,6,N,2,5,J,6,0,0,0,000000000,00000000000,0,0,0,1,0,0,0,0,0,0,0,998,0,1,3,12,6,2,12,0,0,0,1,48,79414,6,1,0,0,3,0,999,999,1,1,0,0,0,1,2012,10,2013,0,51,91,0,0,2,4,75,1,1,8,1,0,0,1,54,99,1,1,52,0,1
48,481606,2,2,2,13,7,2,54,12,2,1,0,48,1,37,31,37031,2,2003,1HGEM22973L0,1,H,G,E,M,2,2,9,7,3,L,0,0,0,0,000000000,00000000000,0,0,0,1,0,0,0,0,0,0,0,998,0,0,0,12,6,2,12,0,0,0,1,48,76901,6,1,0,0,3,0,999,999,0,0,0,0,0,0,0,0,0,0,0,0,0,0,2,4,75,1,1,8,1,0,0,1,54,99,1,1,52,1,0
48,481607,1,1,1,13,7,20,50,42,0,1,0,48,1,23,481,23481,31,1985,1GTDC14H3FS5,1,G,T,D,C,1,4,H,3,F,S,5,0,0,0,000000000,00000000000,0,0,0,1,0,0,0,0,0,0,0,998,0,1,6,12,4,3,42,0,0,0,1,48,75773,3,1,0,0,2,0,999,999,0,0,0,0,0,0,0,0,0,4,0,0,0,0,1,2,60,1,1,8,1,0,0,1,12,99,1,4,1,1,0
48,481608,1,2,1,14,7,9,2,12,2,1,0,48,2,23,8,23008,6,2007,1GKER13727J1,1,G,K,E,R,1,3,7,2,7,J,1,0,0,0,000000000,00000000000,0,0,0,1,0,0,0,0,0,0,0,998,0,0,0,12,4,3,12,32,0,1,1,48,79382,6,1,6,0,3,0,999,999,0,0,0,0,0,0,0,0,0,3,51,0,0,0,2,4,75,1,1,8,1,0,0,1,54,99,1,1,52,0,0
48,481608,2,2,2,14,7,9,2,12,2,1,0,48,1,48,45,48045,4,2004,JF1GG68574H8,J,F,1,G,G,6,8,5,7,4,H,8,0,0,0,000000000,00000000000,0,0,0,1,0,0,0,0,0,0,0,998,0,0,0,12,6,2,12,0,0,0,1,48,79313,6,1,0,0,3,3,999,999,0,0,0,0,0,0,0,0,0,0,0,0,0,0,2,4,75,1,1,8,1,0,0,1,54,99,1,1,52,2,0
48,481609,1,2,1,14,7,6,40,24,0,1,0,48,1,35,472,35472,30,2012,1N6AD0ER7CC4,1,N,6,A,D,0,E,R,7,C,C,4,0,0,0,000000000,00000000000,0,0,0,1,0,0,0,0,0,0,0,998,0,0,0,1,6,2,12,0,0,0,1,48,78380,6,1,0,0,3,0,999,999,0,0,0,0,0,0,0,0,0,0,28,58,0,0,1,2,70,1,1,8,1,0,0,1,13,99,1,4,1,0,0
48,481609,2,2,5,14,7,6,40,24,0,1,0,48,3,12,461,12461,21,2012,1FBSS3BL3CDA,1,F,B,S,S,3,B,L,3,C,D,A,0,0,0,000000000,00000000000,0,0,0,1,0,0,0,0,0,0,0,998,0,1,5,12,4,3,12,0,0,0,1,4,86040,6,1,6,1,3,0,72,253,0,0,0,0,0,0,0,0,0,0,0,0,0,0,1,2,70,1,1,8,1,0,0,1,62,6,1,1,98,1,0
48,481610,1,2,4,15,7,5,15,12,6,1,0,48,2,63,34,63034,4,2004,KNAGD1282452,K,N,A,G,D,1,2,8,2,4,5,2,0,0,0,000000000,00000000000,0,0,0,1,0,0,0,0,0,0,0,998,0,0,0,9,6,2,12,0,0,0,1,48,78244,6,1,0,0,3,3,999,999,1,7,0,0,0,2,2012,10,2013,4,39,0,0,0,1,2,98,8,8,8,98,20,3,1,17,99,1,1,89,1,1
48,481610,2,2,1,15,7,5,15,12,6,1,0,48,2,12,402,12402,14,2008,1FMCU03148KE,1,F,M,C,U,0,3,1,4,8,K,E,0,0,0,000000000,00000000000,0,0,0,1,0,0,0,0,0,0,0,998,0,0,0,12,6,2,12,0,0,0,1,48,78244,6,1,0,0,3,3,999,999,0,0,0,0,0,0,0,0,0,0,0,0,0,0,1,4,35,1,1,8,1,0,0,1,66,1,1,1,88,0,0
48,481611,1,2,1,15,7,14,0,12,1,1,0,48,3,87,884,87884,63,2007,1NPALB0X77N7,1,N,P,A,L,B,0,X,7,7,N,7,0,0,57,1934967,571934967,3,1,4,1,0,0,0,0,0,0,0,998,0,0,0,12,2,3,12,0,0,0,1,48,77327,6,1,6,0,3,0,999,999,0,0,0,0,1,2,2012,2,2012,5,26,91,0,0,1,2,65,1,1,8,1,0,0,1,50,99,1,1,20,0,0
48,481611,2,2,3,15,7,14,0,12,1,1,0,48,2,35,47,35047,4,2008,1N4AL21E38C2,1,N,4,A,L,2,1,E,3,8,C,2,0,0,0,000000000,00000000000,0,0,0,1,0,0,0,0,0,0,0,0,0,0,0,6,6,2,12,0,0,0,1,48,77327,6,1,0,0,3,0,999,999,0,0,0,0,0,0,0,0,0,0,0,0,0,0,1,2,65,1,1,8,1,0,0,5,53,99,1,1,22,2,0
48,481612,1,1,1,15,7,6,58,1,0,1,0,48,1,20,22,20022,4,2008,1G1AK58F3873,1,G,1,A,K,5,8,F,3,8,7,3,0,0,0,000000000,00000000000,0,0,0,1,0,0,0,0,0,0,0,998,0,9,3,0,4,3,1,0,0,0,1,48,75020,6,1,0,0,3,0,999,999,0,0,0,0,0,0,0,0,0,0,0,0,0,0,2,2,55,1,1,8,1,0,0,1,12,99,1,4,6,1,0
48,481613,1,1,99,15,7,5,53,8,0,1,1,48,1,35,402,35402,14,2001,5N1ED28Y61C5,5,N,1,E,D,2,8,Y,6,1,C,5,0,0,0,000000000,00000000000,0,0,0,1,0,0,0,0,0,0,0,998,0,0,0,12,2,5,8,0,0,0,1,48,79415,6,1,0,0,3,3,999,999,1,0,0,0,0,12,2011,12,2011,0,38,0,0,0,1,2,30,1,1,8,2,0,0,1,80,99,9,1,13,0,0
48,481614,1,1,1,15,7,11,49,8,0,1,0,48,2,12,481,12481,31,2004,1FTRX12W54NB,1,F,T,R,X,1,2,W,5,4,N,B,0,0,0,000000000,00000000000,0,0,0,1,0,0,0,0,0,0,0,998,0,0,0,12,2,5,8,0,0,0,1,48,79703,6,1,0,0,3,3,999,999,0,0,0,0,0,0,0,0,0,0,38,0,0,0,1,2,20,1,1,8,1,0,0,1,80,99,1,1,13,0,0