STATE,ST_CASE,VEH_NO,VE_FORMS,NUMOCCS,DAY,MONTH,HOUR,MINUTE,HARM_EV,MAN_COLL,UNITTYPE,HIT_RUN,REG_STAT,OWNER,MAKE,MODEL,MAK_MOD,BODY_TYP,MOD_YEAR,VIN,VIN_1,VIN_2,VIN_3,VIN_4,VIN_5,VIN_6,VIN_7,VIN_8,VIN_9,VIN_10,VIN_11,VIN_12,TOW_VEH,J_KNIFE,MCARR_I1,MCARR_I2,MCARR_ID,GVWR,V_CONFIG,CARGO_BT,HAZ_INV,HAZ_PLAC,HAZ_ID,HAZ_CNO,HAZ_REL,BUS_USE,SPEC_USE,EMER_USE,TRAV_SP,UNDERIDE,ROLLOVER,ROLINLOC,IMPACT1,DEFORMED,TOWED,M_HARM,VEH_SC1,VEH_SC2,FIRE_EXP,DR_PRES,L_STATE,DR_ZIP,L_STATUS,L_TYPE,CDL_STAT,L_ENDORS,L_COMPL,L_RESTRI,DR_HGT,DR_WGT,PREV_ACC,PREV_SUS,PREV_DWI,PREV_SPD,PREV_OTH,FIRST_MO,FIRST_YR,LAST_MO,LAST_YR,SPEEDREL,DR_SF1,DR_SF2,DR_SF3,DR_SF4,VTRAFWAY,VNUM_LAN,VSPD_LIM,VALIGN,VPROFILE,VPAVETYP,VSURCOND,VTRAFCON,VTCONT_F,P_CRASH1,P_CRASH2,P_CRASH3,PCRASH4,PCRASH5,ACC_TYPE,DEATHS,DR_DRINK
48,481615,1,1,99,15,7,22,50,8,0,1,1,99,9,20,999,20999,99,9999,999999999999,9,9,9,9,9,9,9,9,9,9,9,9,0,0,0,000000000,00000000000,0,0,0,1,0,0,0,0,0,0,0,998,0,0,0,12,9,5,8,0,0,0,1,99,99999,9,9,99,9,9,9,999,999,99,99,99,99,99,99,9999,99,9999,0,99,99,99,99,3,4,50,1,1,8,1,0,0,1,80,99,9,1,13,0,0
48,481616,1,2,1,16,7,10,15,12,6,1,0,48,1,12,37,12037,4,2008,1FAHP35N98W2,1,F,A,H,P,3,5,N,9,8,W,2,0,0,0,000000000,00000000000,0,0,0,1,0,0,0,0,0,0,0,998,0,0,0,82,4,3,12,0,0,0,1,48,75764,6,1,0,0,3,3,999,999,0,0,0,0,0,0,0,0,0,0,38,0,0,0,2,3,70,1,2,8,1,20,3,11,15,99,1,1,68,1,0
48,481616,2,2,2,16,7,10,15,12,6,1,0,48,1,20,28,20028,4,2012,1G1JC5SH7C41,1,G,1,J,C,5,S,H,7,C,4,1,0,0,0,000000000,00000000000,0,0,0,1,0,0,0,0,0,0,0,998,0,0,0,12,4,3,12,0,0,0,1,48,75785,6,1,0,0,3,0,999,999,0,0,0,0,0,0,0,0,0,0,0,0,0,0,2,2,70,1,2,8,1,0,0,1,62,7,1,1,69,0,0
48,481617,1,2,2,16,7,15,11,12,6,1,1,48,2,6,441,6441,20,2001,2C8GP54L31R2,2,C,8,G,P,5,4,L,3,1,R,2,0,0,0,000000000,00000000000,0,0,0,1,0,0,0,0,0,0,0,998,0,0,0,3,2,3,12,0,0,0,1,48,75234,0,0,0,0,0,0,999,999,0,0,0,0,0,0,0,0,0,0,38,0,0,0,2,4,35,1,1,8,1,3,3,11,15,99,1,1,68,0,0
48,481617,2,2,1,16,7,15,11,12,6,1,0,48,1,76,705,76705,80,2008,JYARJ16E38A0,J,Y,A,R,J,1,6,E,3,8,A,0,0,0,0,000000000,00000000000,0,0,0,1,0,0,0,0,0,0,0,998,0,0,0,12,8,2,12,0,0,0,1,48,75043,6,1,0,0,3,0,71,200,0,5,1,0,0,11,2012,3,2014,0,0,0,0,0,2,4,35,1,1,8,1,3,3,1,62,99,1,1,69,1,0
48,481618,1,1,1,16,7,3,0,1,0,1,0,48,1,12,401,12401,14,1999,1FMYU22E9XUC,1,F,M,Y,U,2,2,E,9,X,U,C,0,0,0,000000000,00000000000,0,0,0,1,0,0,0,0,0,0,0,998,0,1,3,0,6,2,1,0,0,0,1,48,77089,6,1,0,0,3,3,999,999,0,0,0,0,0,0,0,0,0,5,0,0,0,0,3,2,60,3,2,1,1,0,0,14,13,99,9,4,1,1,1
48,481619,1,1,1,16,7,4,40,8,0,1,0,48,1,12,481,12481,31,2009,1FTRW14899FA,1,F,T,R,W,1,4,8,9,9,F,A,0,0,0,000000000,00000000000,0,0,0,1,0,0,0,0,0,0,0,998,0,0,0,12,2,5,8,0,0,0,1,48,77651,6,1,0,0,3,0,999,999,0,0,0,0,0,0,0,0,0,0,0,0,0,0,1,2,40,1,1,8,2,0,0,1,80,99,1,1,13,0,0
48,481620,1,1,2,16,7,20,50,18,0,1,0,48,2,7,482,7482,31,2008,3D7MX49A68G1,3,D,7,M,X,4,9,A,6,8,G,1,0,0,0,000000000,00000000000,0,0,0,1,0,0,0,0,0,0,0,998,0,0,0,12,6,2,18,0,0,0,1,48,79110,6,1,0,0,3,0,999,999,0,0,0,0,1,10,2012,10,2012,5,37,0,0,0,1,2,30,1,1,8,1,0,0,1,90,99,1,1,12,2,1
48,481621,1,1,1,16,7,18,30,1,0,1,0,48,2,20,481,20481,31,2002,1GNEK13Z62R3,1,G,N,E,K,1,3,Z,6,2,R,3,0,0,0,000000000,00000000000,0,0,0,1,0,0,0,0,0,0,0,998,0,2,5,0,4,3,1,0,0,0,1,48,76821,6,2,0,0,3,3,999,999,0,0,0,0,0,0,0,0,0,0,58,83,0,0,1,2,75,1,1,8,1,0,0,1,87,7,3,4,8,1,0
48,481622,1,3,1,16,7,13,22,12,1,1,0,48,1,20,481,20481,31,2009,3GCEC23009G1,3,G,C,E,C,2,3,0,0,9,G,1,0,0,0,000000000,00000000000,0,0,0,1,0,0,0,0,0,0,0,998,0,0,0,12,4,3,12,0,0,0,1,48,75979,6,1,0,0,3,0,999,999,0,0,0,1,0,1,2014,1,2014,5,91,0,0,0,1,4,75,1,1,8,1,0,0,1,52,99,1,1,28,0,0
48,481622,2,3,1,16,7,13,22,12,1,1,0,48,2,7,482,7482,31,2002,3D7HA18N62G1,3,D,7,H,A,1,8,N,6,2,G,1,0,0,0,000000000,00000000000,0,0,0,1,0,0,0,0,0,0,0,998,0,0,0,6,4,3,12,0,0,0,1,48,75979,6,1,0,0,3,0,999,999,1,0,0,0,0,10,2013,10,2013,0,0,0,0,0,1,4,75,1,1,8,1,0,0,2,53,99,1,1,30,1,0
48,481622,3,3,1,16,7,13,22,12,1,1,0,48,1,20,481,20481,31,1992,1GCHC33NXNJ3,1,G,C,H,C,3,3,N,X,N,J,3,0,0,0,000000000,00000000000,0,0,0,1,0,0,0,0,0,0,0,998,0,0,0,12,4,3,12,0,0,0,1,48,75964,6,1,0,0,3,0,999,999,0,0,0,0,0,0,0,0,0,0,0,0,0,0,1,4,75,1,1,8,1,0,0,1,62,99,1,1,98,0,0
48,481623,1,1,1,17,7,1,59,42,0,1,0,48,2,35,50,35050,4,2010,3N1CC1AP7AL4,3,N,1,C,C,1,A,P,7,A,L,4,0,0,0,000000000,00000000000,0,0,0,1,0,0,0,0,0,0,0,998,0,0,0,12,4,3,2,0,0,1,1,48,78521,6,1,0,0,3,0,999,999,0,0,0,0,0,0,0,0,0,0,99,99,99,99,3,2,75,3,1,8,1,0,0,1,13,1,1,4,1,1,0
48,481624,1,4,1,17,7,14,31,12,1,1,0,48,1,58,39,58039,6,2009,JNRAS18U09M1,J,N,R,A,S,1,8,U,0,9,M,1,0,0,0,000000000,00000000000,0,0,0,1,0,0,0,0,0,0,0,998,0,0,0,6,2,8,12,0,0,0,1,48,78240,6,1,0,0,3,0,999,999,1,0,0,0,0,2,2013,2,2013,0,0,0,0,0,6,2,35,1,2,8,1,0,0,2,53,99,1,1,98,0,0
48,481624,2,4,1,17,7,14,31,12,1,1,0,48,1,37,32,37032,2,2009,1HGCS12889A0,1,H,G,C,S,1,2,8,8,9,A,0,0,0,0,000000000,00000000000,0,0,0,1,0,0,0,0,0,0,0,998,0,0,0,6,2,3,12,0,0,0,1,48,78261,6,1,0,0,3,0,999,999,0,0,0,0,0,0,0,0,0,0,0,0,0,0,6,2,35,1,2,8,1,0,0,2,53,99,1,1,98,0,0
48,481624,3,4,3,17,7,14,31,12,1,1,0,48,2,19,18,19018,4,2006,1G6DP5770601,1,G,6,D,P,5,7,7,0,6,0,1,0,0,0,000000000,00000000000,0,0,0,1,0,0,0,0,0,0,0,998,0,0,0,6,6,2,12,32,0,0,1,48,78245,6,1,6,0,3,3,999,999,0,0,0,0,0,0,0,0,0,0,0,0,0,0,6,2,35,1,2,8,1,0,0,2,53,99,1,1,29,1,0
48,481624,4,4,3,17,7,14,31,12,1,1,0,48,2,20,431,20431,16,2002,1GNEC16Z42J2,1,G,N,E,C,1,6,Z,4,2,J,2,0,0,0,000000000,00000000000,0,0,0,1,0,0,0,0,0,0,0,998,0,0,0,12,6,2,12,0,0,0,1,48,78245,3,1,0,0,2,0,999,999,0,0,0,0,0,0,0,0,0,5,26,0,0,0,6,2,35,1,2,8,1,0,0,1,52,4,1,1,28,0,0
48,481625,1,2,1,17,7,16,55,12,6,1,0,48,0,22,18,22018,4,2003,1G2NF52E23C1,1,G,2,N,F,5,2,E,2,3,C,1,0,0,0,000000000,00000000000,0,0,0,1,0,0,0,0,0,0,0,998,0,0,0,9,4,3,12,0,0,0,1,48,79761,6,1,0,0,3,3,999,999,0,0,0,0,0,0,0,0,0,0,38,0,0,0,1,2,98,8,8,8,98,20,3,4,17,99,1,1,89,1,0
48,481625,2,2,2,17,7,16,55,12,6,1,0,48,1,7,28,7028,2,2013,2C3CDYBT3DH5,2,C,3,C,D,Y,B,T,3,D,H,5,0,0,0,000000000,00000000000,0,0,0,1,0,0,0,0,0,0,0,998,0,0,0,12,4,3,12,0,0,0,1,48,79745,6,1,0,0,3,0,999,999,0,0,0,0,0,0,0,0,0,0,0,0,0,0,2,2,75,1,1,8,1,0,0,1,66,99,1,1,88,0,0
48,481626,1,1,1,17,7,22,31,43,0,1,0,48,1,20,421,20421,15,2000,1GNEK13T4YJ2,1,G,N,E,K,1,3,T,4,Y,J,2,0,0,0,000000000,00000000000,0,0,0,1,0,0,0,0,0,0,0,998,0,2,5,98,4,3,1,0,0,0,1,48,78024,6,1,0,0,3,3,999,999,0,0,0,2,0,7,2012,10,2013,4,58,0,0,0,1,2,65,3,2,8,1,0,0,14,13,7,3,4,1,1,1
48,481627,1,1,1,14,7,15,23,34,0,1,0,48,1,23,481,23481,31,2004,1GTHK23164F1,1,G,T,H,K,2,3,1,6,4,F,1,0,0,0,000000000,00000000000,0,0,0,1,0,0,0,0,0,0,0,998,0,1,5,5,4,3,1,0,0,0,1,48,77447,6,1,0,0,3,0,999,999,0,0,0,0,0,0,0,0,0,3,0,0,0,0,1,2,35,1,1,8,1,0,0,1,13,99,1,4,1,1,0
48,481628,1,1,1,14,7,16,9,32,0,1,0,48,3,7,482,7482,31,2003,1D7HA18D03S3,1,D,7,H,A,1,8,D,0,3,S,3,0,0,0,000000000,00000000000,0,0,0,1,0,0,0,0,0,0,0,998,0,1,5,98,4,3,1,0,0,0,1,48,77372,6,1,6,0,3,3,999,999,0,0,0,0,0,0,0,0,0,0,0,0,0,0,4,2,55,1,1,8,1,0,0,1,13,99,1,4,1,1,1
48,481629,1,1,2,17,7,15,50,1,0,1,0,48,1,72,706,72706,80,2001,1HD1DDV101Y6,1,H,D,1,D,D,V,1,0,1,Y,6,0,0,0,000000000,00000000000,0,0,0,1,0,0,0,0,0,0,0,998,0,0,0,0,2,3,1,0,0,0,1,48,75482,6,1,0,0,3,0,999,999,0,2,0,2,0,8,2012,2,2013,0,0,0,0,0,3,2,75,1,1,8,2,0,0,1,1,99,9,2,98,1,0
48,481630,1,2,3,17,7,8,43,12,2,1,0,48,2,52,37,52037,2,2003,4A3AE45G33E0,4,A,3,A,E,4,5,G,3,3,E,0,0,0,0,000000000,00000000000,0,0,0,1,0,0,0,0,0,0,0,998,0,0,0,12,6,2,12,0,0,0,1,48,75644,0,0,0,0,0,0,76,168,0,0,0,0,0,0,0,0,0,0,58,0,0,0,1,2,70,1,1,8,2,0,0,1,13,6,2,6,50,1,0
48,481630,2,2,2,17,7,8,43,12,2,1,0,48,2,12,3,12003,2,2005,1ZVFT80N6551,1,Z,V,F,T,8,0,N,6,5,5,1,0,0,0,000000000,00000000000,0,0,0,1,0,0,0,0,0,0,0,998,0,0,0,12,6,2,12,0,0,0,1,48,75644,6,2,0,0,3,3,999,999,1,0,0,1,0,10,2013,4,2014,0,0,0,0,0,1,2,70,1,1,8,2,0,0,1,62,99,1,1,51,1,0
48,481631,1,2,1,18,7,10,44,12,6,1,0,48,1,72,706,72706,80,2002,1HD1DDV312Y6,1,H,D,1,D,D,V,3,1,2,Y,6,0,0,0,000000000,00000000000,0,0,0,1,0,0,0,0,0,0,0,998,0,0,0,99,8,2,12,0,0,0,1,48,75075,6,1,0,0,3,0,999,999,1,0,0,0,0,12,2012,12,2012,0,48,0,0,0,2,5,99,1,1,8,1,3,3,10,16,99,1,1,78,1,0
48,481631,2,2,1,18,7,10,44,12,6,1,0,48,1,35,47,35047,4,2005,1N4AL11D75N9,1,N,4,A,L,1,1,D,7,5,N,9,0,0,0,000000000,00000000000,0,0,0,1,0,0,0,0,0,0,0,998,0,0,0,81,2,5,12,32,0,0,1,48,75074,6,1,0,0,3,0,999,999,0,0,0,0,0,0,0,0,0,0,0,0,0,0,2,3,40,1,1,8,1,3,3,1,65,99,1,1,79,0,0
48,481632,1,1,2,18,7,4,11,30,0,1,0,48,2,7,43,7043,4,2004,1B3EL36T04N1,1,B,3,E,L,3,6,T,0,4,N,1,0,0,0,000000000,00000000000,0,0,0,1,0,0,0,0,0,0,0,998,0,0,0,3,6,2,30,0,0,1,1,48,78002,6,2,0,0,3,2,999,999,1,0,0,0,0,12,2013,12,2013,4,73,0,0,0,1,2,45,1,1,8,2,0,0,1,9,99,1,4,6,2,0
48,481633,1,2,1,18,7,12,10,12,6,1,0,48,1,20,471,20471,30,1997,1GCCS1445V81,1,G,C,C,S,1,4,4,5,V,8,1,0,0,0,000000000,00000000000,0,0,0,1,0,0,0,0,0,0,0,998,0,0,0,61,6,2,12,0,0,0,1,48,77422,6,1,0,0,3,0,72,158,0,0,0,0,0,0,0,0,0,4,0,0,0,0,1,2,55,3,1,8,2,0,0,14,13,6,4,6,66,1,0
48,481633,2,2,1,18,7,12,10,12,6,1,0,48,1,20,481,20481,31,2014,3GCUKREC9EG1,3,G,C,U,K,R,E,C,9,E,G,1,0,0,0,000000000,00000000000,0,0,0,1,0,0,0,0,0,0,0,998,0,0,0,12,4,3,12,0,0,0,1,48,77422,6,1,0,0,3,0,999,999,1,0,0,0,0,12,2013,12,2013,0,0,0,0,0,1,2,55,2,1,8,2,0,0,14,62,99,1,1,66,0,0
48,481634,1,1,99,18,7,21,0,8,0,1,1,99,9,99,999,99999,99,9999,999999999999,9,9,9,9,9,9,9,9,9,9,9,9,0,0,0,000000000,00000000000,0,0,0,1,0,0,0,0,0,0,0,998,0,0,0,12,8,5,8,0,0,0,1,99,99999,9,9,99,9,9,9,999,999,99,99,99,99,99,99,9999,99,9999,0,0,0,0,0,1,2,15,3,1,8,1,0,0,14,80,99,1,1,13,0,0
48,481635,1,1,1,18,7,14,35,1,0,1,0,48,3,20,481,20481,31,2002,1GCHC24UX2E2,1,G,C,H,C,2,4,U,X,2,E,2,0,0,0,000000000,00000000000,0,0,0,1,0,0,0,0,0,0,0,998,0,9,5,0,2,3,1,0,0,0,1,48,75773,6,1,6,0,3,0,72,313,0,0,0,0,1,2,2013,2,2013,0,58,0,0,0,1,2,75,1,1,8,1,0,0,1,13,6,4,4,7,1,0
48,481636,1,2,1,19,7,4,14,12,6,1,0,48,0,55,35,55035,4,2010,KMHDU4AD5AU0,K,M,H,D,U,4,A,D,5,A,U,0,0,0,0,000000000,00000000000,0,0,0,1,0,0,0,0,0,0,0,998,0,0,0,3,4,3,12,0,0,0,1,48,76549,1,1,0,0,2,3,73,259,0,1,0,0,0,4,2014,4,2014,0,38,0,0,0,1,6,45,1,1,8,1,3,3,11,15,99,1,1,68,1,1
48,481636,2,2,3,19,7,4,14,12,6,1,0,48,1,35,47,35047,4,2009,1N4AL21E29N5,1,N,4,A,L,2,1,E,2,9,N,5,0,0,0,000000000,00000000000,0,0,0,1,0,0,0,0,0,0,0,998,0,0,0,12,4,3,12,32,0,0,1,48,76548,6,1,0,0,3,0,999,999,0,0,0,0,0,0,0,0,0,0,0,0,0,0,1,6,45,1,1,8,1,3,3,1,62,99,1,1,69,0,1
48,481637,1,2,2,19,7,2,0,26,0,1,0,48,1,20,37,20037,4,2005,1G1ND52FX5M1,1,G,1,N,D,5,2,F,X,5,M,1,0,0,0,000000000,00000000000,0,0,0,1,0,0,0,0,0,0,0,998,0,0,0,6,6,2,12,0,0,0,1,48,78245,1,1,0,0,2,3,999,999,0,1,0,0,0,6,2014,6,2014,0,0,0,0,0,3,3,60,1,1,8,1,0,0,1,9,99,9,4,2,2,1
48,481637,2,2,2,19,7,2,0,26,0,1,0,48,2,12,481,12481,31,2004,1FTPW14574KD,1,F,T,P,W,1,4,5,7,4,K,D,0,0,0,000000000,00000000000,0,0,0,1,0,0,0,0,0,0,0,998,0,0,0,12,4,3,12,0,0,0,1,48,78006,0,0,0,0,0,0,999,999,0,0,0,0,0,0,0,0,0,0,91,0,0,0,3,3,60,1,1,8,1,0,0,1,50,3,2,1,98,0,1
48,481638,1,1,1,19,7,16,27,38,0,1,0,48,1,73,706,73706,80,1997,JKBVNAD1XVA0,J,K,B,V,N,A,D,1,X,V,A,0,0,0,0,000000000,00000000000,0,0,0,1,0,0,0,0,0,0,0,998,0,0,0,12,8,2,38,0,0,0,1,48,78611,6,1,6,0,3,0,999,999,0,0,0,0,0,0,0,0,0,0,0,0,0,0,5,3,55,3,2,8,1,0,0,14,13,99,9,4,1,1,0
48,481639,1,1,3,19,7,2,0,38,0,1,1,48,1,12,481,12481,31,2008,1FTRW12W28KC,1,F,T,R,W,1,2,W,2,8,K,C,0,0,0,000000000,00000000000,0,0,0,1,0,0,0,0,0,0,0,998,0,0,0,12,6,2,38,0,0,0,1,48,78666,0,0,0,0,0,0,999,999,0,7,0,0,0,2,2012,4,2014,4,39,91,0,0,1,2,30,1,3,8,1,0,0,1,6,99,9,4,2,1,1
48,481640,1,1,1,19,7,16,45,9,0,1,0,48,1,12,481,12481,31,2003,1FTRW07L83KD,1,F,T,R,W,0,7,L,8,3,K,D,0,0,0,000000000,00000000000,0,0,0,1,0,0,0,0,0,0,0,998,0,0,0,12,2,5,9,0,0,0,1,48,75023,6,1,0,0,3,0,999,999,0,0,0,2,0,2,2012,5,2014,0,38,91,0,0,2,5,35,1,1,8,1,3,3,11,83,99,1,1,13,0,0
48,481641,1,1,1,19,7,9,49,8,0,1,0,48,2,7,482,7482,31,2003,1D7HU18N33S1,1,D,7,H,U,1,8,N,3,3,S,1,0,0,0,000000000,00000000000,0,0,0,1,0,0,0,0,0,0,0,998,0,0,0,12,2,5,8,0,0,0,1,48,77096,0,0,0,0,0,0,999,999,0,0,0,0,0,0,0,0,0,0,0,0,0,0,3,3,35,1,1,1,1,0,0,1,80,99,1,1,13,0,0
48,481642,1,1,1,19,7,0,1,1,0,1,0,48,2,22,9,22009,2,1995,2G2FV22P6S22,2,G,2,F,V,2,2,P,6,S,2,2,0,0,0,000000000,00000000000,0,0,0,1,0,0,0,0,0,0,0,998,0,1,5,0,4,3,1,0,0,0,1,48,79367,0,0,0,0,0,0,999,999,0,14,0,2,0,8,2011,6,2014,0,58,0,0,0,1,2,60,1,1,8,11,0,0,1,10,7,4,4,7,1,1
48,481643,1,1,1,19,7,15,35,21,0,1,0,48,1,20,481,20481,31,2006,2GCEC13V7613,2,G,C,E,C,1,3,V,7,6,1,3,0,0,0,000000000,00000000000,0,0,0,1,0,0,0,0,0,0,0,998,0,0,0,12,6,2,21,0,0,0,1,48,79118,6,1,0,0,3,0,999,999,0,0,0,0,0,0,0,0,0,0,0,0,0,0,3,2,75,1,1,8,1,0,0,1,13,99,1,4,1,1,0
48,481644,1,3,1,19,7,22,24,12,2,1,0,48,1,63,33,63033,4,2002,KNAFB1219251,K,N,A,F,B,1,2,1,9,2,5,1,0,0,0,000000000,00000000000,0,0,0,1,0,0,0,0,0,0,0,998,0,0,0,12,6,2,12,0,0,1,1,48,79102,6,1,0,0,3,3,999,999,0,1,0,0,0,2,2013,2,2013,0,51,0,0,0,3,2,75,1,1,8,1,0,0,1,54,99,1,1,52,1,1
48,481644,2,3,1,19,7,22,24,12,2,1,0,48,1,6,51,6051,4,2008,2C3LA63H08H1,2,C,3,L,A,6,3,H,0,8,H,1,0,0,0,000000000,00000000000,0,0,0,1,0,0,0,0,0,0,0,998,0,0,0,12,6,2,12,0,0,1,1,48,79118,6,1,0,0,3,3,999,999,0,0,0,0,0,0,0,0,0,0,0,0,0,0,3,2,75,1,1,8,1,0,0,1,54,6,1,1,52,0,0
48,481644,3,3,2,19,7,22,24,12,2,1,0,48,2,24,9,24009,4,2009,1G8ZX57799F1,1,G,8,Z,X,5,7,7,9,9,F,1,0,0,0,000000000,00000000000,0,0,0,1,0,0,0,0,0,0,0,998,0,0,0,12,4,3,12,0,0,1,1,48,80923,6,1,0,0,3,0,999,999,0,0,0,0,0,0,0,0,0,0,0,0,0,0,3,2,75,1,1,8,1,0,0,1,62,99,1,1,98,0,0
48,481645,1,1,2,19,7,3,59,52,0,1,0,48,2,63,34,63034,4,2012,5XXGM4A75CG0,5,X,X,G,M,4,A,7,5,C,G,0,0,0,0,000000000,00000000000,0,0,0,1,0,0,0,0,0,0,0,998,0,1,3,12,4,3,1,0,0,0,1,48,76021,6,1,0,0,3,0,999,999,0,0,0,0,0,0,0,0,0,5,91,0,0,0,3,3,50,1,1,8,1,0,0,1,12,99,1,4,6,1,1
48,481646,1,1,1,20,7,20,0,38,0,1,0,48,0,98,998,98998,92,1953,000000000000,0,0,0,0,0,0,0,0,0,0,0,0,0,0,0,000000000,00000000000,0,0,0,1,0,0,0,0,0,0,0,998,0,0,0,12,2,3,38,0,0,0,1,48,78944,6,1,0,0,3,0,999,999,0,0,0,0,0,0,0,0,0,4,39,0,0,0,1,2,98,8,8,8,98,20,3,11,6,99,1,4,1,1,0
48,481647,1,1,2,20,7,13,13,24,0,1,0,48,1,20,421,20421,15,2004,3GNEC16Z24G2,3,G,N,E,C,1,6,Z,2,4,G,2,0,0,0,000000000,00000000000,0,0,0,1,0,0,0,0,0,0,0,998,0,1,5,12,4,3,1,0,0,0,1,48,77502,6,1,6,0,3,0,999,999,0,0,0,0,0,0,0,0,0,0,58,0,0,0,3,2,65,1,1,8,1,0,0,1,5,7,9,4,2,1,0
48,481648,1,2,1,20,7,16,15,12,6,1,0,48,1,20,28,20028,4,2012,1G1JE6SH7C42,1,G,1,J,E,6,S,H,7,C,4,2,0,0,0,000000000,00000000000,0,0,0,1,0,0,0,0,0,0,0,998,0,0,0,1,4,3,12,0,0,0,1,48,78130,6,1,6,0,3,0,999,999,0,0,0,0,0,0,0,0,0,0,38,0,0,0,1,2,98,8,8,8,98,20,3,4,17,99,1,1,87,0,0
48,481648,2,2,1,20,7,16,15,12,6,1,0,48,1,76,706,76706,80,2007,JYAVP11EX7A0,J,Y,A,V,P,1,1,E,X,7,A,0,0,0,0,000000000,00000000000,0,0,0,1,0,0,0,0,0,0,0,998,0,0,0,12,4,3,12,0,0,0,1,48,78123,6,1,0,0,3,0,999,999,0,0,0,0,0,0,0,0,0,0,0,0,0,0,5,5,40,1,1,8,1,0,0,1,66,99,1,1,86,1,0
48,481649,1,2,1,20,7,23,15,12,6,1,0,48,0,55,35,55035,4,1998,KMHJF24M9WU7,K,M,H,J,F,2,4,M,9,W,U,7,0,0,0,000000000,00000000000,0,0,0,1,0,0,0,0,0,0,0,998,0,0,0,12,4,3,12,0,0,0,1,48,75104,6,1,0,0,3,0,999,999,0,0,0,0,0,0,0,0,0,0,27,0,0,0,3,4,65,1,1,8,1,0,0,15,11,99,1,2,46,0,1
48,481649,2,2,6,20,7,23,15,12,6,1,0,48,1,20,481,20481,31,2007,3GCEC13J57G5,3,G,C,E,C,1,3,J,5,7,G,5,0,0,0,000000000,00000000000,0,0,0,1,0,0,0,0,0,0,0,998,0,1,2,7,4,3,12,0,0,0,1,48,75043,6,1,0,0,3,0,999,999,0,0,0,0,0,0,0,0,0,0,0,0,0,0,3,4,65,1,1,8,1,0,0,1,60,99,1,1,45,1,0
48,481650,1,1,1,20,7,2,4,33,0,1,0,48,2,6,51,6051,4,2008,2C3KA43R98H1,2,C,3,K,A,4,3,R,9,8,H,1,0,0,0,000000000,00000000000,0,0,0,1,0,0,0,0,0,0,0,998,0,1,6,98,6,2,42,0,0,0,1,48,75061,6,1,0,0,3,3,999,999,1,1,1,0,1,5,2012,3,2013,3,58,0,0,0,1,2,30,1,1,8,1,0,0,1,50,6,2,4,3,1,1
48,481651,1,2,1,20,7,1,4,12,1,1,0,48,1,23,431,23431,16,2003,1GKEK63U33J1,1,G,K,E,K,6,3,U,3,3,J,1,0,0,0,000000000,00000000000,0,0,0,1,0,0,0,0,0,0,0,998,0,0,0,12,6,2,12,0,0,0,1,48,75457,6,1,0,0,3,3,72,277,0,0,0,0,0,0,0,0,0,5,0,0,0,0,3,2,75,1,1,8,1,0,0,1,51,99,1,1,24,1,0
48,481651,2,2,2,20,7,1,4,12,1,1,0,93,2,84,884,84884,66,2005,2HSCNAPR35C0,2,H,S,C,N,A,P,R,3,5,C,0,0,0,57,2202165,572202165,3,5,96,1,0,0,0,0,0,0,0,998,0,0,0,6,6,2,12,0,0,0,1,99,99999,9,9,99,9,9,9,999,999,99,99,99,99,99,99,9999,99,9999,0,0,0,0,0,3,2,75,1,1,8,1,0,0,1,53,99,1,1,25,0,0
48,481652,1,1,1,20,7,20,56,9,0,1,0,48,2,7,442,7442,20,1998,2B4GP44GXWR7,2,B,4,G,P,4,4,G,X,W,R,7,0,0,0,000000000,00000000000,0,0,0,1,0,0,0,0,0,0,0,998,0,0,0,12,2,3,9,32,0,0,1,48,77050,6,1,0,0,3,3,999,999,0,0,0,0,0,0,0,0,0,0,0,0,0,0,2,3,99,1,1,8,1,3,3,1,83,99,1,1,13,0,0
48,481653,1,2,1,21,7,15,59,12,6,1,0,48,1,7,402,7402,14,2002,1B4HR48N22F1,1,B,4,H,R,4,8,N,2,2,F,1,0,0,0,000000000,00000000000,0,0,0,1,0,0,0,0,0,0,0,998,0,0,0,9,6,2,12,0,0,0,1,48,78358,6,1,0,0,3,3,999,999,0,0,0,0,0,0,0,0,0,0,38,0,0,0,1,2,99,1,1,8,1,20,3,4,17,99,1,1,89,1,0
48,481653,2,2,5,21,7,15,59,12,6,1,0,48,1,7,482,7482,31,2010,1D7RV1GT1AS1,1,D,7,R,V,1,G,T,1,A,S,1,0,0,0,000000000,00000000000,0,0,0,1,0,0,0,0,0,0,0,998,0,0,0,12,6,2,12,0,0,0,1,48,78154,6,1,6,0,3,0,999,999,0,0,0,0,0,0,0,0,0,0,0,0,0,0,5,3,60,1,1,8,1,0,0,1,68,99,1,1,88,0,0
48,481654,1,1,1,22,7,6,28,1,0,1,0,48,2,12,471,12471,30,2002,1FTYR10D62PA,1,F,T,Y,R,1,0,D,6,2,P,A,0,0,0,000000000,00000000000,0,0,0,1,0,0,0,0,0,0,0,998,0,9,5,0,4,3,1,0,0,0,1,48,78372,6,1,0,0,3,0,999,999,1,0,0,0,0,4,2012,4,2012,0,58,0,0,0,1,2,60,1,1,8,1,0,0,1,13,6,5,4,7,1,0