STATE,ST_CASE,VEH_NO,VE_FORMS,NUMOCCS,DAY,MONTH,HOUR,MINUTE,HARM_EV,MAN_COLL,UNITTYPE,HIT_RUN,REG_STAT,OWNER,MAKE,MODEL,MAK_MOD,BODY_TYP,MOD_YEAR,VIN,VIN_1,VIN_2,VIN_3,VIN_4,VIN_5,VIN_6,VIN_7,VIN_8,VIN_9,VIN_10,VIN_11,VIN_12,TOW_VEH,J_KNIFE,MCARR_I1,MCARR_I2,MCARR_ID,GVWR,V_CONFIG,CARGO_BT,HAZ_INV,HAZ_PLAC,HAZ_ID,HAZ_CNO,HAZ_REL,BUS_USE,SPEC_USE,EMER_USE,TRAV_SP,UNDERIDE,ROLLOVER,ROLINLOC,IMPACT1,DEFORMED,TOWED,M_HARM,VEH_SC1,VEH_SC2,FIRE_EXP,DR_PRES,L_STATE,DR_ZIP,L_STATUS,L_TYPE,CDL_STAT,L_ENDORS,L_COMPL,L_RESTRI,DR_HGT,DR_WGT,PREV_ACC,PREV_SUS,PREV_DWI,PREV_SPD,PREV_OTH,FIRST_MO,FIRST_YR,LAST_MO,LAST_YR,SPEEDREL,DR_SF1,DR_SF2,DR_SF3,DR_SF4,VTRAFWAY,VNUM_LAN,VSPD_LIM,VALIGN,VPROFILE,VPAVETYP,VSURCOND,VTRAFCON,VTCONT_F,P_CRASH1,P_CRASH2,P_CRASH3,PCRASH4,PCRASH5,ACC_TYPE,DEATHS,DR_DRINK
48,481962,1,1,1,28,8,10,38,1,0,1,0,48,1,20,481,20481,31,2008,1GCHK29K48E1,1,G,C,H,K,2,9,K,4,8,E,1,0,0,0,000000000,00000000000,0,0,0,1,0,0,0,0,0,0,0,998,0,2,5,0,6,2,1,0,0,0,1,48,77466,6,1,0,0,3,0,999,999,0,0,0,0,0,0,0,0,0,0,0,0,0,0,1,2,75,3,1,8,1,0,0,14,13,6,4,4,2,1,0
48,481963,1,2,1,28,8,23,16,12,6,1,0,48,2,35,43,35043,4,2004,3N1AB51D24L7,3,N,1,A,B,5,1,D,2,4,L,7,0,0,0,000000000,00000000000,0,0,0,1,0,0,0,0,0,0,0,998,0,1,5,12,6,2,1,0,0,0,1,48,75210,0,0,0,0,0,0,69,210,0,0,0,0,0,0,0,0,0,5,28,58,0,0,2,3,45,2,1,8,1,0,0,14,10,99,1,2,45,1,0
48,481963,2,2,1,28,8,23,16,12,6,1,0,48,3,20,2,20002,4,2004,2G1WF52E8492,2,G,1,W,F,5,2,E,8,4,9,2,0,0,0,000000000,00000000000,0,0,0,1,0,0,0,0,0,0,0,998,0,0,0,5,2,3,12,0,0,0,1,48,75217,0,0,0,0,0,0,999,999,0,0,0,0,0,0,0,0,0,0,0,0,0,0,2,3,45,2,1,8,1,0,0,14,61,99,1,1,44,0,0
48,481964,1,2,1,28,8,5,45,12,1,1,0,48,2,12,481,12481,31,2003,1FTRX17L13NA,1,F,T,R,X,1,7,L,1,3,N,A,0,0,0,000000000,00000000000,0,0,0,1,0,0,0,0,0,0,0,998,0,0,0,12,6,2,12,0,0,0,1,48,78557,1,1,0,0,2,0,999,999,0,1,0,2,2,3,2012,8,2014,5,0,0,0,0,1,4,75,1,2,8,1,0,0,1,51,99,1,1,24,1,0
48,481964,2,2,1,28,8,5,45,12,1,1,0,40,3,85,881,85881,66,1995,1XKAD69X8SS6,1,X,K,A,D,6,9,X,8,S,S,6,1,1,57,1491916,571491916,3,6,2,2,2,1267,3,1,0,0,0,998,0,0,0,6,4,3,12,0,0,0,1,40,73801,6,1,6,1,3,3,74,180,0,1,0,0,4,1,2012,3,2014,0,0,0,0,0,1,4,75,1,2,8,1,0,0,1,53,99,1,1,25,0,0
48,481965,1,2,2,29,8,21,30,12,6,1,0,48,2,12,17,12017,4,2000,1FAFP56S7YA2,1,F,A,F,P,5,6,S,7,Y,A,2,0,0,0,000000000,00000000000,0,0,0,1,0,0,0,0,0,0,0,998,0,0,0,12,4,3,12,0,0,0,1,48,75237,0,0,0,0,0,0,999,999,0,0,0,0,0,0,0,0,0,3,0,0,0,0,2,3,45,1,1,8,1,0,0,1,72,6,1,2,83,0,1
48,481965,2,2,5,29,8,21,30,12,6,1,0,48,3,37,31,37031,4,2013,19XFB2F58DE0,1,9,X,F,B,2,F,5,8,D,E,0,0,0,0,000000000,00000000000,0,0,0,1,0,0,0,0,0,0,0,998,0,0,0,9,4,3,12,0,0,0,1,48,75154,6,1,0,0,3,3,61,253,0,0,0,0,0,0,0,0,0,0,0,0,0,0,0,0,0,0,0,0,0,0,0,11,15,99,1,1,82,1,0
48,481966,1,1,1,29,8,21,13,1,0,1,0,0,0,76,734,76734,90,2006,JY4AJ20Y46C0,J,Y,4,A,J,2,0,Y,4,6,C,0,0,0,0,000000000,00000000000,0,0,0,1,0,0,0,0,0,0,0,998,0,2,5,0,4,3,1,0,0,0,1,48,79108,6,1,0,0,1,0,999,999,0,0,0,0,0,0,0,0,0,4,0,0,0,0,1,2,35,3,1,1,1,0,0,14,12,99,9,4,6,1,1
48,481967,1,1,1,30,8,2,20,1,0,1,0,48,2,20,481,20481,31,2000,1GCEC14V0YZ3,1,G,C,E,C,1,4,V,0,Y,Z,3,0,0,0,000000000,00000000000,0,0,0,1,0,0,0,0,0,0,0,998,0,2,5,0,2,3,1,0,0,0,1,48,75092,6,1,0,0,3,0,999,999,0,0,0,0,0,0,0,0,0,0,99,99,99,99,1,2,45,1,2,8,1,0,0,1,98,99,4,4,4,1,1
48,481968,1,2,1,30,8,21,44,33,0,1,0,48,1,62,421,62421,15,2010,SALSH2E42AA2,S,A,L,S,H,2,E,4,2,A,A,2,0,0,0,000000000,00000000000,0,0,0,1,0,0,0,0,0,0,0,998,0,1,1,1,4,3,1,0,0,0,1,48,77571,1,1,0,0,2,0,999,999,0,2,1,2,0,8,2012,9,2013,0,0,0,0,0,3,2,45,1,1,1,1,0,0,1,13,99,1,4,1,1,1
48,481968,2,2,1,30,8,21,44,33,0,1,0,48,2,42,47,42047,2,2004,WDBTK65G74T0,W,D,B,T,K,6,5,G,7,4,T,0,0,0,0,000000000,00000000000,0,0,0,1,0,0,0,0,0,0,0,998,0,0,0,12,4,3,12,0,0,0,1,48,77059,6,1,0,0,3,0,999,999,0,0,0,0,0,0,0,0,0,0,0,0,0,0,3,2,45,1,1,1,1,0,0,1,62,99,1,1,98,0,0
48,481969,1,1,1,30,8,13,46,25,0,1,0,48,2,23,481,23481,31,2001,2GTEC19T6112,2,G,T,E,C,1,9,T,6,1,1,2,0,0,0,000000000,00000000000,0,0,0,1,0,0,0,0,0,0,0,998,0,0,0,98,8,8,25,0,0,0,1,48,79118,6,1,0,0,3,0,999,999,0,0,0,0,0,0,0,0,0,0,0,0,0,0,3,3,60,3,2,8,1,0,0,14,12,99,9,4,6,1,1
48,481970,1,1,1,30,8,5,19,30,0,1,0,48,1,35,48,35048,2,2011,JN1AZ4EH1BM5,J,N,1,A,Z,4,E,H,1,B,M,5,0,0,0,000000000,00000000000,0,0,0,1,0,0,0,0,0,0,0,998,0,1,3,12,4,3,30,0,0,0,1,48,78741,6,1,0,0,3,0,999,999,1,0,0,0,1,10,2012,1,2013,0,0,0,0,0,2,2,70,2,1,8,1,0,0,14,12,99,1,4,6,1,1
48,481971,1,1,99,31,8,22,16,8,0,1,1,99,9,12,471,12471,30,9999,999999999999,9,9,9,9,9,9,9,9,9,9,9,9,0,0,0,000000000,00000000000,0,0,0,1,0,0,0,0,0,0,0,998,0,0,0,12,2,5,8,99,99,0,1,99,99999,9,9,99,9,9,9,999,999,99,99,99,99,99,99,9999,99,9999,5,99,99,99,99,5,5,45,1,1,8,1,0,0,1,80,99,1,1,13,0,0
48,481972,1,1,1,31,8,11,16,24,0,1,0,48,1,72,706,72706,80,2005,1HD1CGP185K4,1,H,D,1,C,G,P,1,8,5,K,4,0,0,0,000000000,00000000000,0,0,0,1,0,0,0,0,0,0,0,998,0,0,0,12,8,3,24,0,0,0,1,48,76209,6,1,0,0,3,0,999,999,0,0,0,0,0,0,0,0,0,4,0,0,0,0,3,2,75,3,1,8,1,0,0,14,13,99,1,4,1,1,0
48,481973,1,1,6,31,8,21,9,33,0,1,0,48,2,20,2,20002,4,2004,2G1WH52K7493,2,G,1,W,H,5,2,K,7,4,9,3,0,0,0,000000000,00000000000,0,0,0,1,0,0,0,0,0,0,0,74,0,0,0,5,4,3,42,0,0,0,1,48,75253,0,0,0,0,0,0,999,999,0,0,0,0,0,0,0,0,0,3,48,0,0,0,2,3,40,2,1,8,1,0,0,14,13,99,1,4,1,6,1
48,481974,1,2,1,31,8,1,50,12,6,1,0,48,1,72,706,72706,80,2013,1HD4LE213DC4,1,H,D,4,L,E,2,1,3,D,C,4,0,0,0,000000000,00000000000,0,0,0,1,0,0,0,0,0,0,0,998,0,0,0,12,8,3,12,0,0,0,1,48,77065,3,1,0,0,2,0,999,999,0,0,0,0,0,0,0,0,0,3,0,0,0,0,1,2,35,1,1,8,1,0,0,1,62,99,1,1,69,1,1
48,481974,2,2,1,31,8,1,50,12,6,1,0,48,1,49,45,49045,4,2002,JTDBT1232202,J,T,D,B,T,1,2,3,2,2,0,2,0,0,0,000000000,00000000000,0,0,0,1,0,0,0,0,0,0,0,998,0,0,0,81,4,3,12,0,0,0,1,48,77429,6,1,0,0,3,3,999,999,0,0,0,0,0,0,0,0,0,0,38,0,0,0,1,2,35,1,1,8,1,0,0,11,15,99,1,1,68,0,0
48,481975,1,1,1,31,8,14,44,32,0,1,0,48,2,2,404,2404,14,1994,1J4FJ28S2RL1,1,J,4,F,J,2,8,S,2,R,L,1,0,0,0,000000000,00000000000,0,0,0,1,0,0,0,0,0,0,0,998,0,1,5,12,4,3,32,0,0,0,1,48,75605,6,1,0,0,3,3,999,999,0,0,0,0,2,2,2013,3,2013,0,0,0,0,0,1,2,55,1,1,8,1,0,0,1,12,99,1,4,6,1,1
48,481976,1,1,1,31,8,3,23,38,0,1,0,48,2,20,481,20481,31,1982,2GCDC14H2C11,2,G,C,D,C,1,4,H,2,C,1,1,0,0,0,000000000,00000000000,0,0,0,1,0,0,0,0,0,0,0,998,0,0,0,12,4,3,8,0,0,0,1,48,77320,1,1,0,0,2,0,999,999,0,1,0,0,0,5,2013,5,2013,0,91,0,0,0,1,2,98,1,8,8,98,20,3,1,14,99,1,4,14,0,1
48,481977,1,3,1,19,4,2,23,12,1,1,0,48,2,6,52,6052,6,2005,3C4FY58BX5T6,3,C,4,F,Y,5,8,B,X,5,T,6,0,0,0,000000000,00000000000,0,0,0,1,0,0,0,0,0,0,0,998,0,0,0,12,4,3,12,0,0,0,1,48,79936,1,1,0,0,2,0,999,999,1,8,0,1,1,5,2011,1,2014,3,91,27,0,0,5,5,50,1,1,8,1,0,0,15,51,99,1,2,24,0,1
48,481977,2,3,1,19,4,2,23,12,1,1,0,48,1,41,50,41050,4,2004,1YVFP84C345N,1,Y,V,F,P,8,4,C,3,4,5,N,0,0,0,000000000,00000000000,0,0,0,1,0,0,0,0,0,0,0,998,0,1,1,6,6,2,12,0,0,0,1,48,79903,6,1,0,0,3,0,999,999,0,0,0,0,0,0,0,0,0,0,0,0,0,0,5,5,50,1,1,8,1,0,0,1,53,99,1,1,25,1,1
48,481977,3,3,1,19,4,2,23,12,1,1,0,92,0,12,481,12481,31,2006,1FTRX02W46K3,1,F,T,R,X,0,2,W,4,6,K,3,0,0,0,000000000,00000000000,0,0,0,1,0,0,0,0,0,0,0,998,0,0,0,12,4,3,12,0,0,0,1,48,79936,6,1,0,0,3,0,999,999,0,0,0,0,0,0,0,0,0,0,0,0,0,0,5,5,50,1,1,8,1,0,0,1,62,99,1,1,98,0,0
48,481978,1,1,1,23,6,22,13,35,0,1,0,48,1,12,471,12471,30,2002,1FTZR45E32PA,1,F,T,Z,R,4,5,E,3,2,P,A,0,0,0,000000000,00000000000,0,0,0,1,0,0,0,0,0,0,0,49,0,1,5,12,4,3,35,0,0,0,1,48,79605,6,1,0,0,3,0,999,999,0,0,0,0,0,0,0,0,0,3,0,0,0,0,1,2,30,1,1,8,1,0,0,1,13,99,1,4,1,1,1
48,481979,1,2,1,10,8,0,34,20,0,1,0,48,0,98,706,98706,80,2007,VBKVD94047M9,V,B,K,V,D,9,4,0,4,7,M,9,0,0,0,000000000,00000000000,0,0,0,1,0,0,0,0,0,0,0,998,0,0,0,12,8,3,20,0,0,0,1,48,75040,6,1,0,0,2,0,999,999,0,0,0,0,0,0,0,0,0,0,27,0,0,0,3,4,70,1,2,8,1,0,0,15,13,99,1,4,1,1,1
48,481979,2,2,4,10,8,0,34,20,0,1,0,40,1,12,481,12481,31,2011,1FTFW1EFXBFD,1,F,T,F,W,1,E,F,X,B,F,D,0,0,0,000000000,00000000000,0,0,0,1,0,0,0,0,0,0,0,998,0,0,0,12,4,3,54,0,0,0,1,40,73003,6,1,0,0,3,0,69,170,0,1,0,0,0,12,2012,12,2012,0,0,0,0,0,3,4,70,1,2,8,1,0,0,1,98,99,1,1,98,0,0
48,481980,1,1,7,12,8,3,40,1,0,1,0,6,2,49,442,49442,20,2013,5TDXK3DC4DS3,5,T,D,X,K,3,D,C,4,D,S,3,0,0,0,000000000,00000000000,0,0,0,1,0,0,0,0,0,0,0,998,0,2,3,0,4,3,1,0,0,0,1,47,92058,6,1,0,0,3,1,63,116,0,0,0,0,0,0,0,0,0,4,58,0,0,0,3,2,80,3,3,8,1,0,0,1,13,6,1,4,6,1,0
48,481981,1,2,1,13,8,14,55,12,6,1,0,48,1,59,38,59038,5,2011,JTHKD5BHXB20,J,T,H,K,D,5,B,H,X,B,2,0,0,0,0,000000000,00000000000,0,0,0,1,0,0,0,0,0,0,0,998,0,0,0,12,4,3,12,0,0,0,1,48,77062,6,1,0,0,3,0,999,999,0,0,0,0,0,0,0,0,0,0,39,0,0,0,3,4,45,1,1,1,1,3,3,1,17,99,1,1,69,0,0
48,481981,2,2,1,13,8,14,55,12,6,1,0,48,1,19,398,19398,4,2006,1G6DM57T6601,1,G,6,D,M,5,7,T,6,6,0,1,0,0,0,000000000,00000000000,0,0,0,1,0,0,0,0,0,0,0,998,0,0,0,82,2,3,12,0,0,0,1,48,77059,6,1,0,0,3,0,999,999,0,0,0,0,0,0,0,0,0,0,0,0,0,0,3,4,45,1,1,1,1,3,3,11,15,99,1,1,68,1,0
48,481982,1,2,1,15,8,3,56,12,6,1,0,48,1,53,705,53705,80,2004,JS1GN7CA1421,J,S,1,G,N,7,C,A,1,4,2,1,0,0,0,000000000,00000000000,0,0,0,1,0,0,0,0,0,0,0,100,0,0,0,12,4,3,12,0,0,0,1,48,78702,6,1,0,0,3,0,999,999,0,0,0,2,1,3,2013,2,2014,4,39,0,0,0,1,4,35,1,1,8,1,3,3,1,17,99,1,1,88,1,0
48,481982,2,2,1,15,8,3,56,12,6,1,0,48,2,20,481,20481,31,1995,2GCEC19K9S12,2,G,C,E,C,1,9,K,9,S,1,2,0,0,0,000000000,00000000000,0,0,0,1,0,0,0,0,0,0,0,998,0,0,0,62,4,3,12,0,0,0,1,48,78702,1,1,0,0,2,0,999,999,0,3,0,0,0,8,2011,8,2012,0,0,0,0,0,1,2,99,1,1,8,1,3,3,1,66,99,1,1,89,0,1
48,481983,1,2,1,20,8,16,55,12,7,1,0,48,1,72,706,72706,80,2012,1HD1GX416CC3,1,H,D,1,G,X,4,1,6,C,C,3,0,0,0,000000000,00000000000,0,0,0,1,0,0,0,0,0,0,0,998,0,0,0,61,8,3,12,0,0,0,1,48,78223,6,1,0,0,2,0,999,999,0,0,0,0,0,0,0,0,0,0,28,0,0,0,6,2,65,2,1,8,1,0,0,14,10,99,1,2,45,1,0
48,481983,2,2,4,20,8,16,55,12,7,1,0,48,1,12,481,12481,31,2013,1FTFW1CT4DKF,1,F,T,F,W,1,C,T,4,D,K,F,0,0,0,000000000,00000000000,0,0,0,1,0,0,0,0,0,0,0,998,0,0,0,81,2,5,12,0,0,0,1,48,78746,6,1,0,0,3,0,999,999,0,0,0,1,0,4,2012,4,2012,0,0,0,0,0,6,2,65,2,1,8,1,0,0,14,61,99,1,1,44,0,0
48,481984,1,2,4,22,8,20,51,8,0,1,0,48,2,20,421,20421,15,2012,1GNSCBE07CR2,1,G,N,S,C,B,E,0,7,C,R,2,0,0,0,000000000,00000000000,0,0,0,1,0,0,0,0,0,0,0,998,0,0,0,12,4,3,8,0,0,0,1,48,78332,6,1,0,0,3,0,999,999,0,0,0,0,0,0,0,0,0,0,0,0,0,0,3,3,65,2,2,8,1,0,0,15,80,4,1,1,13,0,0
48,481984,2,2,1,22,8,20,51,8,0,1,0,48,1,20,481,20481,31,2006,2GCEK13V0612,2,G,C,E,K,1,3,V,0,6,1,2,0,0,0,000000000,00000000000,0,0,0,1,0,0,0,0,0,0,0,998,0,0,0,14,8,5,8,0,0,0,1,48,78379,6,1,6,0,3,0,999,999,0,0,0,0,0,0,0,0,0,0,0,0,0,0,3,3,65,2,2,8,1,0,0,14,80,7,1,1,98,0,0
48,481985,1,2,3,23,8,20,35,12,6,1,0,48,2,12,481,12481,31,2013,1FTFW1CT8DKD,1,F,T,F,W,1,C,T,8,D,K,D,0,0,0,000000000,00000000000,0,0,0,1,0,0,0,0,0,0,0,998,0,0,0,12,6,2,12,0,0,0,1,48,79520,6,1,0,0,3,0,999,999,0,0,0,1,0,1,2012,1,2012,0,0,0,0,0,2,2,75,3,1,8,1,0,0,14,61,99,1,1,73,1,0
48,481985,2,2,2,23,8,20,35,12,6,1,0,48,1,12,481,12481,31,2006,1FTRX14W86FB,1,F,T,R,X,1,4,W,8,6,F,B,0,0,0,000000000,00000000000,0,0,0,1,0,0,0,0,0,0,0,998,0,0,0,9,4,3,12,0,0,0,1,48,76936,6,1,0,0,3,0,999,999,0,1,0,0,0,2,2014,2,2014,0,48,91,0,0,2,2,75,3,1,8,1,0,0,11,10,99,1,2,72,0,1
48,481986,1,2,2,23,8,16,27,12,6,1,0,48,1,20,481,20481,31,1993,2GCEC19H3P11,2,G,C,E,C,1,9,H,3,P,1,1,0,0,0,000000000,00000000000,0,0,0,1,0,0,0,0,0,0,0,998,0,1,5,82,6,2,12,0,0,0,1,48,78626,6,1,0,0,3,0,999,999,0,0,0,1,0,10,2013,10,2013,0,58,91,0,0,1,2,55,1,1,8,1,0,0,1,13,6,9,6,66,1,1
48,481986,2,2,1,23,8,16,27,12,6,1,0,48,1,49,40,49040,4,2002,JTDBE32KX200,J,T,D,B,E,3,2,K,X,2,0,0,0,0,0,000000000,00000000000,0,0,0,1,0,0,0,0,0,0,0,998,0,0,0,12,4,3,12,0,0,0,1,48,78728,6,1,0,0,3,0,999,999,2,0,0,0,1,12,2011,2,2013,0,0,0,0,0,1,2,55,1,1,8,1,0,0,2,62,99,1,1,66,0,0
48,481987,1,2,5,24,8,15,42,12,1,1,0,48,2,7,482,7482,31,2009,1D3HB13T79S7,1,D,3,H,B,1,3,T,7,9,S,7,0,0,0,000000000,00000000000,0,0,0,1,0,0,0,0,0,0,0,998,0,0,0,12,4,3,12,0,0,0,1,48,75846,6,1,0,0,3,0,999,999,0,8,0,1,2,12,2011,1,2014,5,0,0,0,0,2,2,70,1,1,8,1,0,0,1,51,99,1,1,24,0,0
48,481987,2,2,3,24,8,15,42,12,1,1,0,48,1,7,482,7482,31,2002,1D7HA18N22J1,1,D,7,H,A,1,8,N,2,2,J,1,0,0,0,000000000,00000000000,0,0,0,1,0,0,0,0,0,0,0,998,0,0,0,6,6,2,12,0,0,0,1,48,77080,6,1,0,0,3,0,999,999,0,0,0,0,0,0,0,0,0,0,0,0,0,0,2,2,70,1,1,8,1,0,0,1,53,99,1,1,25,1,0
48,481988,1,3,1,28,8,12,11,12,1,1,0,48,3,84,884,84884,66,2012,3HSDJSJR1CN0,3,H,S,D,J,S,J,R,1,C,N,0,1,1,57,336890,57336890,3,6,1,1,0,0,0,0,0,0,0,998,0,0,0,12,6,2,12,0,0,0,1,48,75219,6,1,6,0,3,0,69,234,0,0,0,0,0,0,0,0,0,5,0,0,0,0,2,2,75,1,1,8,1,0,0,1,51,99,1,1,24,1,0
48,481988,2,3,1,28,8,12,11,12,1,1,0,18,3,82,884,82884,66,9999,3AKJGLBG4FSG,3,A,K,J,G,L,B,G,4,F,S,G,1,1,57,289675,57289675,3,6,1,1,0,0,0,0,0,0,0,998,0,0,0,6,4,5,12,0,0,0,1,5,72455,6,1,6,0,3,0,73,171,0,0,0,0,0,0,0,0,0,0,0,0,0,0,2,2,75,1,1,8,1,0,0,1,53,99,1,1,25,0,0
48,481988,3,3,2,28,8,12,11,12,1,1,0,48,2,38,472,38472,30,1997,1GGCS19X1V86,1,G,G,C,S,1,9,X,1,V,8,6,0,0,0,000000000,00000000000,0,0,0,1,0,0,0,0,0,0,0,998,0,0,0,6,4,3,12,0,0,0,1,48,75229,1,1,0,0,2,0,999,999,0,3,0,0,0,12,2011,2,2013,0,0,0,0,0,2,2,75,1,1,8,1,0,0,1,53,99,1,1,98,0,0
48,481989,1,1,1,28,8,10,0,32,0,1,0,48,1,18,2,18002,4,2004,1G4HP54K0441,1,G,4,H,P,5,4,K,0,4,4,1,0,0,0,000000000,00000000000,0,0,0,1,0,0,0,0,0,0,0,70,0,0,0,12,6,2,32,0,0,0,1,48,75455,6,1,0,0,3,3,67,207,0,0,0,0,0,0,0,0,0,3,99,99,99,99,1,2,60,3,1,8,1,0,0,14,13,1,1,4,1,1,0
48,481990,1,3,1,29,8,10,0,12,7,1,0,48,2,35,473,35473,31,2005,1N6AA06A05N5,1,N,6,A,A,0,6,A,0,5,N,5,0,0,0,000000000,00000000000,0,0,0,1,0,0,0,0,0,0,0,998,0,0,0,1,4,3,12,0,0,0,1,48,78123,6,2,0,0,3,0,999,999,0,0,0,0,0,0,0,0,0,0,51,0,0,0,1,4,65,1,1,8,1,0,0,1,50,6,1,1,48,1,0
48,481990,2,3,1,29,8,10,0,12,7,1,0,48,2,37,31,37031,2,2002,1HGEM21962L0,1,H,G,E,M,2,1,9,6,2,L,0,0,0,0,000000000,00000000000,0,0,0,1,0,0,0,0,0,0,0,0,0,0,0,7,2,3,12,0,0,0,1,48,78155,6,2,0,0,3,0,999,999,0,0,0,0,0,0,0,0,0,0,0,0,0,0,1,4,65,1,1,8,1,0,0,5,53,99,1,1,48,0,0
48,481990,3,3,1,29,8,10,0,12,7,1,0,48,3,12,481,12481,31,2010,1FTNF2A59AEB,1,F,T,N,F,2,A,5,9,A,E,B,0,0,0,000000000,00000000000,0,0,0,1,0,0,0,0,0,0,0,998,0,0,0,12,4,3,12,0,0,0,1,48,78748,6,1,0,0,3,0,999,999,0,0,0,0,0,0,0,0,0,0,0,0,0,0,1,4,65,1,1,8,1,0,0,1,62,99,1,1,98,0,0
48,481991,1,2,2,29,8,18,7,12,1,1,0,48,1,49,40,49040,4,1996,4T1BF12K0TU8,4,T,1,B,F,1,2,K,0,T,U,8,0,0,0,000000000,00000000000,0,0,0,1,0,0,0,0,0,0,0,998,0,0,0,6,6,2,12,0,0,0,1,48,75840,6,1,0,0,3,0,999,999,0,0,0,0,0,0,0,0,0,4,28,0,0,0,1,2,70,1,2,8,2,0,0,1,6,99,3,2,66,2,0
48,481991,2,2,3,29,8,18,7,12,1,1,0,48,3,12,481,12481,31,2012,1FT7W2BT7CEA,1,F,T,7,W,2,B,T,7,C,E,A,0,0,0,000000000,00000000000,0,0,0,1,0,0,0,0,0,0,0,998,0,0,0,12,4,3,12,0,0,0,1,48,75801,6,1,0,0,3,0,999,999,0,0,0,0,0,0,0,0,0,0,0,0,0,0,1,2,70,1,2,8,2,0,0,1,62,99,1,1,66,0,0
48,481992,1,2,3,29,8,18,15,12,6,1,0,48,1,21,21,21021,4,2003,1G3NL52F33C1,1,G,3,N,L,5,2,F,3,3,C,1,0,0,0,000000000,00000000000,0,0,0,1,0,0,0,0,0,0,0,998,0,1,5,3,4,3,1,0,0,0,1,48,76657,1,1,0,0,2,3,999,999,0,6,0,0,0,2,2012,7,2014,0,38,0,0,0,1,2,98,8,8,8,98,20,3,1,17,99,1,1,87,1,1
48,481992,2,2,2,29,8,18,15,12,6,1,0,48,1,49,40,49040,4,2011,4T1BF3EK6BU6,4,T,1,B,F,3,E,K,6,B,U,6,0,0,0,000000000,00000000000,0,0,0,1,0,0,0,0,0,0,0,998,0,0,0,12,4,3,12,0,0,0,1,48,76708,6,1,0,0,3,3,999,999,0,0,0,0,0,0,0,0,0,0,0,0,0,0,1,2,98,1,1,8,1,0,0,1,66,99,1,1,86,0,0
48,481993,1,1,2,29,8,0,55,8,0,1,0,48,1,41,51,41051,4,2012,JM1BL1V76C16,J,M,1,B,L,1,V,7,6,C,1,6,0,0,0,000000000,00000000000,0,0,0,1,0,0,0,0,0,0,0,998,0,0,0,12,2,3,8,0,0,0,1,48,77365,6,1,0,0,3,3,999,999,0,0,0,0,0,0,0,0,0,0,0,0,0,0,5,5,55,1,1,8,1,0,0,1,80,99,1,1,13,0,0
48,481994,1,1,2,31,8,17,33,1,0,1,0,48,1,12,471,12471,30,2002,1FTYR10UX2PA,1,F,T,Y,R,1,0,U,X,2,P,A,0,0,0,000000000,00000000000,0,0,0,1,0,0,0,0,0,0,0,998,0,2,1,0,6,2,1,0,0,0,1,48,77381,6,1,0,0,3,3,999,999,0,0,0,0,0,0,0,0,0,0,58,0,0,0,3,2,80,1,1,8,1,0,0,1,1,7,3,6,98,1,0
48,481995,1,1,6,17,8,4,31,1,0,1,1,48,2,23,421,23421,15,2002,1GKEC13V42J2,1,G,K,E,C,1,3,V,4,2,J,2,0,0,0,000000000,00000000000,0,0,0,1,0,0,0,0,0,0,0,998,0,2,3,0,6,2,1,0,0,0,1,48,77995,0,0,0,0,0,0,999,999,0,13,0,0,0,8,2011,4,2014,0,58,0,0,0,2,2,80,1,1,8,1,0,0,1,12,7,3,4,2,1,0
48,481996,1,1,1,24,8,4,36,8,0,1,0,48,1,7,24,7024,4,2008,2B3KA43G98H3,2,B,3,K,A,4,3,G,9,8,H,3,0,0,0,000000000,00000000000,0,0,0,1,0,0,0,0,0,0,0,998,0,0,0,14,8,2,8,0,0,0,1,48,75494,6,1,0,0,3,0,999,999,0,0,0,0,0,0,0,0,0,0,31,91,0,0,1,2,98,1,1,8,2,0,0,8,82,99,1,9,13,0,1
48,481997,1,1,1,28,8,21,10,23,0,1,0,48,0,6,52,6052,1,2005,3C3AY55E85T6,3,C,3,A,Y,5,5,E,8,5,T,6,0,0,0,000000000,00000000000,0,0,0,1,0,0,0,0,0,0,0,998,0,1,5,5,4,3,1,0,0,0,1,48,76643,6,1,0,0,3,0,63,114,0,0,0,1,0,8,2013,8,2013,0,58,0,0,0,1,2,65,1,1,8,1,0,0,1,13,6,4,4,7,1,1
48,481999,1,1,1,31,8,8,34,32,0,1,0,48,0,24,401,24401,14,2005,5GZCZ53485S8,5,G,Z,C,Z,5,3,4,8,5,S,8,0,0,0,000000000,00000000000,0,0,0,1,0,0,0,0,0,0,0,998,0,1,5,61,6,2,1,0,0,0,1,48,76031,6,1,0,0,3,3,999,999,0,0,0,1,0,2,2014,2,2014,0,58,0,0,0,1,2,60,2,2,8,1,0,0,14,13,6,3,4,7,1,1
48,482000,1,2,3,31,8,16,28,12,6,1,0,48,2,12,401,12401,14,1999,1FMYU22X6XUA,1,F,M,Y,U,2,2,X,6,X,U,A,0,0,0,000000000,00000000000,0,0,0,1,0,0,0,0,0,0,0,998,0,0,0,81,6,2,12,0,0,0,1,48,78830,6,1,0,0,3,0,999,999,0,0,0,0,0,0,0,0,0,0,0,0,0,0,1,2,75,1,1,8,1,0,0,1,8,99,4,2,64,1,0