STATE,ST_CASE,VEH_NO,VE_FORMS,NUMOCCS,DAY,MONTH,HOUR,MINUTE,HARM_EV,MAN_COLL,UNITTYPE,HIT_RUN,REG_STAT,OWNER,MAKE,MODEL,MAK_MOD,BODY_TYP,MOD_YEAR,VIN,VIN_1,VIN_2,VIN_3,VIN_4,VIN_5,VIN_6,VIN_7,VIN_8,VIN_9,VIN_10,VIN_11,VIN_12,TOW_VEH,J_KNIFE,MCARR_I1,MCARR_I2,MCARR_ID,GVWR,V_CONFIG,CARGO_BT,HAZ_INV,HAZ_PLAC,HAZ_ID,HAZ_CNO,HAZ_REL,BUS_USE,SPEC_USE,EMER_USE,TRAV_SP,UNDERIDE,ROLLOVER,ROLINLOC,IMPACT1,DEFORMED,TOWED,M_HARM,VEH_SC1,VEH_SC2,FIRE_EXP,DR_PRES,L_STATE,DR_ZIP,L_STATUS,L_TYPE,CDL_STAT,L_ENDORS,L_COMPL,L_RESTRI,DR_HGT,DR_WGT,PREV_ACC,PREV_SUS,PREV_DWI,PREV_SPD,PREV_OTH,FIRST_MO,FIRST_YR,LAST_MO,LAST_YR,SPEEDREL,DR_SF1,DR_SF2,DR_SF3,DR_SF4,VTRAFWAY,VNUM_LAN,VSPD_LIM,VALIGN,VPROFILE,VPAVETYP,VSURCOND,VTRAFCON,VTCONT_F,P_CRASH1,P_CRASH2,P_CRASH3,PCRASH4,PCRASH5,ACC_TYPE,DEATHS,DR_DRINK
48,482000,2,2,3,31,8,16,28,12,6,1,0,48,2,12,401,12401,14,2003,1FMZU63K53ZB,1,F,M,Z,U,6,3,K,5,3,Z,B,0,0,0,000000000,00000000000,0,0,0,1,0,0,0,0,0,0,0,998,0,0,0,12,4,3,12,0,0,0,1,48,78834,6,1,0,0,3,3,999,999,0,0,0,0,0,0,0,0,0,0,0,0,0,0,1,2,75,1,1,8,1,0,0,1,62,99,1,1,65,0,0
48,482001,1,1,1,2,2,23,40,59,0,1,0,48,1,23,471,23471,30,1995,1GTCS19Z9S85,1,G,T,C,S,1,9,Z,9,S,8,5,0,0,0,000000000,00000000000,0,0,0,1,0,0,0,0,0,0,0,998,0,9,5,1,4,3,1,0,0,0,1,48,76559,6,1,0,0,3,0,999,999,0,0,0,0,1,3,2012,3,2012,0,58,0,0,0,1,2,60,1,2,8,1,0,0,1,13,6,3,4,1,1,1
48,482002,1,1,1,4,1,1,1,30,0,1,0,48,1,7,482,7482,31,2012,1C6RD6KT9CS1,1,C,6,R,D,6,K,T,9,C,S,1,0,0,0,000000000,00000000000,0,0,0,1,0,0,0,0,0,0,0,998,0,0,0,9,4,3,30,0,0,0,1,48,79912,6,1,0,0,3,0,999,999,1,0,0,0,1,3,2012,10,2012,5,0,0,0,0,3,3,45,1,1,8,1,0,0,1,13,99,9,4,5,1,1
48,482003,1,1,2,28,6,0,47,24,0,1,0,48,1,72,706,72706,80,2003,1HD1GHV133K3,1,H,D,1,G,H,V,1,3,3,K,3,0,0,0,000000000,00000000000,0,0,0,1,0,0,0,0,0,0,0,998,0,0,0,98,8,2,24,0,0,0,1,48,76705,0,0,0,0,0,0,999,999,0,8,0,1,0,7,2011,10,2013,0,0,0,0,0,2,2,55,1,1,8,1,0,0,1,13,99,1,4,1,1,1
48,482004,1,1,1,19,8,12,0,42,0,1,0,48,1,62,421,62421,15,2010,SALSK2D49AA2,S,A,L,S,K,2,D,4,9,A,A,2,0,0,0,000000000,00000000000,0,0,0,1,0,0,0,0,0,0,0,998,0,0,0,12,6,2,42,0,0,0,1,48,77065,6,1,0,0,3,3,999,999,0,0,0,0,0,0,0,0,0,0,39,0,0,0,1,2,99,1,1,8,1,20,3,1,14,98,1,4,14,1,0
48,482005,1,6,1,20,8,21,14,12,1,1,0,4,1,7,482,7482,31,2012,3C63D3JL4CG3,3,C,6,3,D,3,J,L,4,C,G,3,0,0,0,000000000,00000000000,0,0,0,1,0,0,0,0,0,0,0,998,0,0,0,12,4,3,12,0,0,0,1,48,78155,6,1,0,0,3,3,999,999,0,0,0,0,0,0,0,0,0,5,91,0,0,0,3,2,60,1,1,8,1,0,0,1,51,99,1,1,24,0,1
48,482005,2,6,1,20,8,21,14,12,1,1,0,48,2,54,31,54031,3,1990,JH4DA9357LS0,J,H,4,D,A,9,3,5,7,L,S,0,0,0,0,000000000,00000000000,0,0,0,1,0,0,0,0,0,0,0,998,0,0,0,6,6,2,12,0,0,0,1,48,79925,1,1,0,0,2,0,999,999,0,1,0,2,0,3,2013,8,2013,0,0,0,0,0,3,2,60,1,1,8,1,0,0,1,53,99,1,1,25,1,0
48,482005,3,6,2,20,8,21,14,12,1,1,0,48,0,14,17,14017,4,1998,1MEFM55U0WG6,1,M,E,F,M,5,5,U,0,W,G,6,0,0,0,000000000,00000000000,0,0,0,1,0,0,0,0,0,0,0,998,0,0,0,6,4,3,12,0,0,0,1,48,79915,1,1,0,0,2,0,999,999,0,5,0,0,0,9,2011,12,2013,0,0,0,0,0,3,2,60,1,1,8,1,0,0,1,53,99,1,1,98,1,0
48,482005,4,6,2,20,8,21,14,12,1,1,0,18,3,84,884,84884,66,2013,3HSDJSJR9DN3,3,H,S,D,J,S,J,R,9,D,N,3,0,0,57,261902,57261902,3,5,96,1,0,0,0,0,0,0,0,0,0,0,0,7,2,5,12,0,0,0,1,36,11751,6,1,6,0,3,3,69,999,1,0,0,0,0,5,2013,5,2013,0,0,0,0,0,3,2,60,1,1,8,1,0,0,5,60,99,1,1,98,0,0
48,482005,5,6,5,20,8,21,14,12,1,1,0,27,1,12,401,12401,14,2004,1FMZU72K84ZB,1,F,M,Z,U,7,2,K,8,4,Z,B,0,0,0,000000000,00000000000,0,0,0,1,0,0,0,0,0,0,0,998,0,0,0,6,2,5,12,0,0,0,1,27,55077,6,1,0,0,3,0,63,165,0,0,0,0,1,7,2014,7,2014,0,0,0,0,0,3,2,60,1,1,8,1,0,0,1,53,99,1,1,98,0,0
48,482005,6,6,2,20,8,21,14,12,1,1,0,48,1,18,2,18002,4,2004,1G4HP52K64U2,1,G,4,H,P,5,2,K,6,4,U,2,0,0,0,000000000,00000000000,0,0,0,1,0,0,0,0,0,0,0,998,0,0,0,6,2,5,12,0,0,0,1,48,77009,6,1,6,0,3,3,999,999,1,1,0,0,0,9,2012,11,2012,0,0,0,0,0,3,2,60,1,1,8,1,0,0,1,53,99,1,1,98,0,0
48,482006,1,1,1,23,8,2,40,34,0,1,0,48,1,20,481,20481,31,2011,1GC3KZC8XBF1,1,G,C,3,K,Z,C,8,X,B,F,1,0,0,0,000000000,00000000000,0,0,0,1,0,0,0,0,0,0,0,998,0,1,3,98,4,3,1,0,0,0,1,48,77340,6,1,0,0,3,0,999,999,0,0,0,3,0,3,2013,6,2014,4,0,0,0,0,4,2,55,2,1,8,1,0,0,14,12,99,1,4,6,1,1
48,482007,1,1,1,24,8,2,11,33,0,1,0,48,2,12,3,12003,2,1997,1FALP4048VF1,1,F,A,L,P,4,0,4,8,V,F,1,0,0,0,000000000,00000000000,0,0,0,1,0,0,0,0,0,0,0,998,0,0,0,12,2,3,8,0,0,0,1,48,75041,0,0,0,0,0,0,999,999,0,0,0,0,0,0,0,0,0,0,91,0,0,0,2,8,45,1,1,8,1,0,0,1,13,99,1,4,1,0,1
48,482008,1,1,1,24,8,22,5,8,0,1,0,48,1,20,2,20002,4,2008,2G1WT55K9892,2,G,1,W,T,5,5,K,9,8,9,2,0,0,0,000000000,00000000000,0,0,0,1,0,0,0,0,0,0,0,998,0,0,0,12,2,3,8,0,0,0,1,48,75236,6,1,6,0,3,3,999,999,0,0,0,0,0,0,0,0,0,0,0,0,0,0,4,2,30,1,1,8,1,0,0,1,80,99,1,1,13,0,0
48,482009,1,1,1,28,8,12,17,46,0,1,0,48,2,12,481,12481,31,1993,1FTEF15Y5PNA,1,F,T,E,F,1,5,Y,5,P,N,A,0,0,0,000000000,00000000000,0,0,0,1,0,0,0,0,0,0,0,998,0,0,0,12,6,2,46,0,0,0,1,48,76009,6,1,0,0,3,0,999,999,0,0,0,0,0,0,0,0,0,5,0,0,0,0,1,2,35,1,1,2,1,3,3,1,13,6,9,4,6,1,0
48,482010,1,2,1,29,8,23,17,12,6,1,0,48,2,2,403,2403,14,2011,1J4BA3H10BL6,1,J,4,B,A,3,H,1,0,B,L,6,0,0,0,000000000,00000000000,0,0,0,1,0,0,0,0,0,0,0,998,0,0,0,12,4,3,12,0,0,0,1,48,75661,6,1,0,0,3,0,999,999,1,0,0,1,0,1,2013,2,2013,0,38,0,0,0,1,2,55,1,1,8,1,21,3,1,17,99,1,1,83,0,0
48,482010,2,2,5,29,8,23,17,12,6,1,0,48,1,20,37,20037,4,2012,1G1ZC5E0XCF3,1,G,1,Z,C,5,E,0,X,C,F,3,0,0,0,000000000,00000000000,0,0,0,1,0,0,0,0,0,0,0,998,0,0,0,9,6,2,12,0,0,0,1,48,75670,6,2,0,0,3,0,999,999,1,0,0,1,0,1,2012,8,2014,0,0,0,0,0,6,1,99,1,1,8,1,0,0,11,15,99,1,1,82,1,0
48,482011,1,2,1,29,8,23,28,12,1,1,0,48,1,72,706,72706,80,2000,1HD1BMY15YY0,1,H,D,1,B,M,Y,1,5,Y,Y,0,0,0,0,000000000,00000000000,0,0,0,1,0,0,0,0,0,0,0,998,0,0,0,12,8,3,12,0,0,0,1,48,78616,1,1,0,0,2,3,999,999,0,8,0,0,0,1,2013,4,2014,5,0,0,0,0,2,2,65,1,2,8,1,0,0,1,50,99,1,1,20,1,0
48,482011,2,2,6,29,8,23,28,12,1,1,0,48,1,20,481,20481,31,2011,3GCPCREA5BG4,3,G,C,P,C,R,E,A,5,B,G,4,0,0,0,000000000,00000000000,0,0,0,1,0,0,0,0,0,0,0,0,0,0,0,6,4,8,12,0,0,0,1,48,78045,6,1,0,0,3,0,999,999,0,0,0,0,0,0,0,0,0,0,0,0,0,0,2,2,65,1,2,8,1,0,0,5,53,99,1,1,21,0,0
48,482012,1,1,1,30,8,4,38,33,0,1,0,48,1,37,32,37032,4,2010,1HGCP2F83AA1,1,H,G,C,P,2,F,8,3,A,A,1,0,0,0,000000000,00000000000,0,0,0,1,0,0,0,0,0,0,0,77,0,0,0,1,6,2,42,0,0,1,1,48,75065,6,1,0,0,3,0,999,999,0,0,0,0,0,0,0,0,0,3,0,0,0,0,1,2,30,3,1,8,1,0,0,1,13,1,1,4,1,1,1
48,482013,1,1,3,30,8,13,26,32,0,1,0,48,1,23,401,23401,14,2003,1GKDS13S6322,1,G,K,D,S,1,3,S,6,3,2,2,0,0,0,000000000,00000000000,0,0,0,1,0,0,0,0,0,0,0,998,0,1,5,12,4,3,1,0,0,0,1,48,75051,6,1,6,0,3,0,999,999,0,0,0,0,1,9,2011,9,2011,0,89,0,0,0,1,2,65,1,1,8,1,0,0,1,59,99,4,4,1,1,0
48,482014,1,2,2,1,9,0,23,1,0,1,0,48,2,72,706,72706,80,2003,1HD1BWB403Y0,1,H,D,1,B,W,B,4,0,3,Y,0,0,0,0,000000000,00000000000,0,0,0,1,0,0,0,0,0,0,0,998,0,0,0,0,8,3,12,0,0,0,1,48,75040,6,1,0,0,3,0,999,999,0,0,0,0,0,0,0,0,0,0,0,0,0,0,3,2,75,1,1,8,1,0,0,1,1,99,1,1,98,1,0
48,482014,2,2,1,1,9,0,23,1,0,1,0,5,1,12,481,12481,31,2007,1FTRF12237KC,1,F,T,R,F,1,2,2,3,7,K,C,0,0,0,000000000,00000000000,0,0,0,1,0,0,0,0,0,0,0,998,0,0,0,12,2,3,12,0,0,0,1,5,72830,6,1,6,0,3,3,68,210,0,0,0,0,0,0,0,0,0,0,0,0,0,0,3,2,75,1,1,8,1,0,0,1,50,99,1,1,98,0,0
48,482015,1,1,2,1,9,0,38,42,0,1,0,48,2,63,33,63033,5,2005,KNAFE1611551,K,N,A,F,E,1,6,1,1,5,5,1,0,0,0,000000000,00000000000,0,0,0,1,0,0,0,0,0,0,0,998,0,1,6,12,6,2,42,0,0,0,1,48,76539,0,0,0,0,0,0,999,999,0,0,0,0,0,0,0,0,0,4,91,0,0,0,1,2,40,3,2,8,1,40,3,14,13,99,1,4,1,1,1
48,482016,1,1,2,1,9,8,20,1,0,1,0,48,1,72,706,72706,80,2009,1HD1FC41X9Y6,1,H,D,1,F,C,4,1,X,9,Y,6,0,0,0,000000000,00000000000,0,0,0,1,0,0,0,0,0,0,0,998,0,0,0,0,8,3,1,0,0,0,1,48,76857,6,1,6,0,3,3,999,999,0,0,0,1,1,8,2013,2,2014,4,0,0,0,0,1,2,60,3,2,8,1,0,0,14,13,99,1,4,1,1,0
48,482017,1,2,1,1,9,14,0,12,6,1,0,48,2,37,32,37032,4,2005,3HGCM56425G7,3,H,G,C,M,5,6,4,2,5,G,7,0,0,0,000000000,00000000000,0,0,0,1,0,0,0,0,0,0,0,67,0,0,0,5,4,3,12,0,0,0,1,48,75229,0,0,0,0,0,0,63,139,0,0,0,0,0,0,0,0,0,3,52,0,0,0,2,4,35,1,1,8,1,0,0,1,9,99,3,2,66,1,0
48,482017,2,2,2,1,9,14,0,12,6,1,0,48,1,42,43,42043,4,2010,WDDNG7BB1AA3,W,D,D,N,G,7,B,B,1,A,A,3,0,0,0,000000000,00000000000,0,0,0,1,0,0,0,0,0,0,0,998,0,0,0,12,4,3,12,0,0,0,1,48,75025,6,1,0,0,3,0,999,999,0,0,0,0,0,0,0,0,0,0,0,0,0,0,2,3,35,1,1,8,1,0,0,1,62,2,1,1,66,0,0
48,482018,1,1,1,1,9,18,46,38,0,1,0,93,3,87,884,87884,66,2009,1XPXDB9XX9D7,1,X,P,X,D,B,9,X,X,9,D,7,1,1,57,1661593,571661593,3,6,7,1,0,0,0,0,0,0,0,998,0,0,0,12,4,3,38,0,0,0,1,48,78368,6,1,6,0,3,0,999,999,0,0,0,1,1,7,2012,9,2012,0,0,0,0,0,1,2,70,1,1,8,1,0,0,1,12,99,1,4,6,1,0
48,482019,1,2,2,1,9,16,8,12,6,1,0,40,1,84,884,84884,66,1993,1HTSDN2N9PH4,1,H,T,S,D,N,2,N,9,P,H,4,1,2,99,999999999,99999999999,3,6,97,1,0,0,0,0,0,0,0,998,0,1,5,2,6,2,12,0,0,0,1,40,73450,6,1,0,0,2,0,70,325,0,0,0,1,1,4,2013,7,2013,5,0,0,0,0,1,2,75,1,2,8,1,0,0,2,10,8,3,2,66,0,0
48,482019,2,2,1,1,9,16,8,12,6,1,0,48,1,35,43,35043,4,2012,3N1AB6AP0CL7,3,N,1,A,B,6,A,P,0,C,L,7,0,0,0,000000000,00000000000,0,0,0,1,0,0,0,0,0,0,0,998,0,1,1,12,6,2,12,0,0,0,1,48,75035,6,1,0,0,3,3,999,999,0,0,0,0,0,0,0,0,0,0,0,0,0,0,1,2,75,1,2,8,1,0,0,1,62,99,1,1,66,1,0
48,482020,1,1,1,1,9,2,57,32,0,1,0,48,2,12,481,12481,31,2001,1FTRW07LX1KE,1,F,T,R,W,0,7,L,X,1,K,E,0,0,0,000000000,00000000000,0,0,0,1,0,0,0,0,0,0,0,998,0,1,5,12,4,3,1,0,0,0,1,48,77028,0,0,0,0,0,0,999,999,0,0,0,0,0,0,0,0,0,5,0,0,0,0,1,2,30,2,1,8,1,0,0,1,12,99,1,4,6,1,1
48,482021,1,1,1,1,9,0,50,8,0,1,0,48,2,37,32,37032,4,2002,1HGCG56752A0,1,H,G,C,G,5,6,7,5,2,A,0,0,0,0,000000000,00000000000,0,0,0,1,0,0,0,0,0,0,0,998,0,0,0,12,2,3,8,0,0,0,1,48,77346,6,1,0,0,3,0,999,999,0,1,0,0,0,11,2013,11,2013,0,0,0,0,0,3,4,60,1,1,8,1,0,0,1,80,99,1,1,13,0,0
48,482022,1,2,1,1,9,13,43,12,2,1,0,48,2,49,401,49401,14,2005,JTEZU14R4500,J,T,E,Z,U,1,4,R,4,5,0,0,0,0,0,000000000,00000000000,0,0,0,1,0,0,0,0,0,0,0,998,0,0,0,12,4,3,12,0,0,0,1,48,78022,6,1,0,0,3,3,999,999,0,0,0,0,0,0,0,0,0,0,33,0,0,0,1,2,55,2,2,8,1,0,0,6,10,99,1,2,50,1,0
48,482022,2,2,1,1,9,13,43,12,2,1,0,48,2,63,402,63402,14,2015,5XYKWDA79FG5,5,X,Y,K,W,D,A,7,9,F,G,5,0,0,0,000000000,00000000000,0,0,0,1,0,0,0,0,0,0,0,998,0,0,0,12,4,3,12,0,0,0,1,48,78418,6,1,0,0,3,0,999,999,0,0,0,0,0,0,0,0,0,0,91,0,0,0,1,2,55,2,2,8,1,0,0,14,62,99,1,1,51,0,0
48,482023,1,1,1,1,9,6,45,1,0,1,0,48,2,14,37,14037,4,2000,1MEFM66L1YK6,1,M,E,F,M,6,6,L,1,Y,K,6,0,0,0,000000000,00000000000,0,0,0,1,0,0,0,0,0,0,0,998,0,2,5,0,4,3,1,0,0,0,1,48,77864,6,1,6,0,3,0,999,999,0,0,0,0,0,0,0,0,0,4,0,0,0,0,1,2,70,3,1,8,99,0,0,14,13,99,4,4,1,1,1
48,482024,1,2,2,2,9,13,4,24,0,1,0,48,3,20,481,20481,31,2005,1GBE4C3215F5,1,G,B,E,4,C,3,2,1,5,F,5,1,1,57,59915,5759915,3,4,3,1,0,0,0,0,0,0,0,998,0,1,1,3,6,2,12,0,0,1,1,48,75503,6,1,6,0,3,0,999,999,0,0,0,0,0,0,0,0,0,0,0,0,0,0,1,2,50,1,3,8,1,0,0,1,13,99,1,4,1,2,0
48,482024,2,2,1,2,9,13,4,24,0,1,0,25,3,82,881,82881,66,2003,1FUJBBCG33LK,1,F,U,J,B,B,C,G,3,3,L,K,1,3,57,1717813,571717813,3,6,1,1,0,0,0,0,0,0,0,998,0,0,0,12,6,2,12,0,0,1,1,44,2863,6,1,6,0,3,0,65,160,0,0,0,0,0,0,0,0,0,0,0,0,0,0,1,2,50,1,3,8,1,0,0,1,63,99,1,1,98,0,0
48,482025,1,1,2,2,9,3,25,24,0,1,0,48,2,20,421,20421,15,2007,1GNFC130X7R1,1,G,N,F,C,1,3,0,X,7,R,1,0,0,0,000000000,00000000000,0,0,0,1,0,0,0,0,0,0,0,998,0,1,1,98,6,2,1,0,0,0,1,48,75212,6,1,0,0,3,0,62,163,0,6,0,0,0,12,2011,6,2013,0,0,0,0,0,3,3,60,1,2,8,1,0,0,1,9,99,1,4,1,1,1
48,482026,1,3,2,2,9,16,15,12,1,1,0,48,3,82,881,82881,66,2006,1FUJA6AV76LW,1,F,U,J,A,6,A,V,7,6,L,W,1,1,57,871225,57871225,3,6,1,1,0,0,0,0,0,0,0,998,0,1,1,12,6,2,12,0,0,1,1,48,78112,6,1,6,0,3,3,999,999,0,0,0,0,0,0,0,0,0,0,0,0,0,0,3,2,75,1,1,8,1,0,0,1,51,6,1,1,24,1,0
48,482026,2,3,2,2,9,16,15,12,1,1,0,22,3,49,43,49043,4,2005,4T1BK36B55U0,4,T,1,B,K,3,6,B,5,5,U,0,0,0,0,000000000,00000000000,0,0,0,1,0,0,0,0,0,0,0,998,0,0,0,6,4,3,12,0,0,0,1,22,70346,6,1,4,0,3,3,70,270,0,0,0,0,1,10,2013,10,2013,0,0,0,0,0,3,2,75,1,1,8,1,0,0,1,53,99,1,1,25,0,0
48,482026,3,3,1,2,9,16,15,12,1,1,0,48,1,35,48,35048,2,2003,JN1AZ34D23T1,J,N,1,A,Z,3,4,D,2,3,T,1,0,0,0,000000000,00000000000,0,0,0,1,0,0,0,0,0,0,0,998,0,0,0,63,4,3,12,0,0,0,1,48,77429,6,1,0,0,3,0,999,999,0,0,0,0,0,0,0,0,0,0,0,0,0,0,3,2,75,1,1,8,1,0,0,1,60,99,1,1,98,0,0
48,482027,1,1,1,2,9,9,56,59,0,1,0,48,1,23,481,23481,31,1999,2GTEK19T1X15,2,G,T,E,K,1,9,T,1,X,1,5,0,0,0,000000000,00000000000,0,0,0,1,0,0,0,0,0,0,0,998,0,0,0,12,6,2,46,0,0,0,1,48,79603,6,1,0,0,3,3,999,999,0,0,0,0,0,0,0,0,0,0,0,0,0,0,5,5,45,1,1,8,1,0,0,11,12,99,1,4,6,1,0
48,482028,1,1,1,2,9,6,0,59,0,1,0,48,2,2,404,2404,14,2001,1J4FT48S41L6,1,J,4,F,T,4,8,S,4,1,L,6,0,0,0,000000000,00000000000,0,0,0,1,0,0,0,0,0,0,0,998,0,1,5,12,6,2,1,0,0,0,1,48,76360,6,1,6,0,3,3,999,999,0,0,0,0,0,0,0,0,0,4,0,0,0,0,1,2,75,3,2,8,1,0,0,14,13,99,1,4,1,1,0
48,482029,1,2,1,3,9,17,24,12,98,1,0,48,1,7,482,7482,31,2014,1C6RR6GT0ES1,1,C,6,R,R,6,G,T,0,E,S,1,0,0,0,000000000,00000000000,0,0,0,1,0,0,0,0,0,0,0,998,0,0,0,7,4,3,12,0,0,0,1,48,75979,6,1,0,0,3,0,999,999,0,0,0,0,0,0,0,0,0,0,35,91,0,0,1,2,75,3,1,8,1,0,0,6,10,99,1,2,64,0,0
48,482029,2,2,1,3,9,17,24,12,98,1,0,48,1,37,705,37705,80,2009,JH2PC40079K2,J,H,2,P,C,4,0,0,7,9,K,2,0,0,0,000000000,00000000000,0,0,0,1,0,0,0,0,0,0,0,998,0,0,0,98,8,2,12,0,0,0,1,48,77656,6,1,0,0,2,0,999,999,0,0,0,1,1,3,2013,4,2013,0,0,0,0,0,1,2,75,3,1,8,1,0,0,14,62,99,1,1,65,1,0
48,482030,1,3,1,3,9,21,0,45,0,1,0,48,1,20,481,20481,31,2003,2GCEC19T6313,2,G,C,E,C,1,9,T,6,3,1,3,0,0,0,000000000,00000000000,0,0,0,1,0,0,0,0,0,0,0,998,0,0,0,12,6,2,12,0,0,0,1,48,77450,0,0,0,0,0,0,999,999,0,0,0,0,0,0,0,0,0,3,29,0,0,0,3,4,60,1,1,1,1,0,0,6,10,99,1,5,15,1,1
48,482030,3,3,1,3,9,21,0,45,0,1,0,48,1,49,422,49422,15,2001,5TDZT34A81S0,5,T,D,Z,T,3,4,A,8,1,S,0,0,0,0,000000000,00000000000,0,0,0,1,0,0,0,0,0,0,0,998,0,0,0,6,4,3,12,0,0,0,1,48,77493,6,1,0,0,3,0,999,999,0,0,0,0,0,0,0,0,0,0,0,0,0,0,3,4,60,1,1,1,1,0,0,1,64,99,1,1,98,0,0
48,482030,4,3,1,3,9,21,0,45,0,1,0,48,1,37,421,37421,15,2009,5FNYF38579B0,5,F,N,Y,F,3,8,5,7,9,B,0,0,0,0,000000000,00000000000,0,0,0,1,0,0,0,0,0,0,0,998,0,0,0,6,2,5,12,0,0,0,1,48,77024,6,1,0,0,3,0,999,999,0,0,0,0,0,0,0,0,0,0,0,0,0,0,3,4,60,1,1,1,1,0,0,1,64,99,1,1,98,0,0
48,482031,1,1,1,3,9,7,12,8,0,1,0,48,0,52,46,52046,4,2003,JA3AJ26E13U0,J,A,3,A,J,2,6,E,1,3,U,0,0,0,0,000000000,00000000000,0,0,0,1,0,0,0,0,0,0,0,998,0,0,0,12,2,3,8,0,0,0,1,48,77022,6,1,0,0,3,0,999,999,0,0,0,0,1,7,2012,7,2012,0,0,0,0,0,2,3,35,1,1,8,1,0,0,1,80,99,1,1,13,0,0
48,482032,1,1,3,3,9,7,40,8,0,1,0,48,1,12,422,12422,15,2008,1FMFK19538LA,1,F,M,F,K,1,9,5,3,8,L,A,0,0,0,000000000,00000000000,0,0,0,1,0,0,0,0,0,0,0,998,0,0,0,12,2,5,8,0,0,0,1,48,77469,6,1,0,0,3,3,999,999,0,0,0,0,0,0,0,0,0,0,0,0,0,0,1,2,30,1,1,8,1,0,0,1,80,99,1,1,13,0,0
48,482033,1,2,1,3,9,8,21,12,1,1,0,48,1,12,23,12023,4,2014,3FA6P0LU6ER3,3,F,A,6,P,0,L,U,6,E,R,3,0,0,0,000000000,00000000000,0,0,0,1,0,0,0,0,0,0,0,998,0,0,0,12,6,2,12,0,0,0,1,48,75750,6,1,0,0,3,3,75,229,0,1,0,2,0,2,2012,6,2012,5,0,0,0,0,3,2,65,1,1,8,1,0,0,1,51,99,1,1,24,1,0
48,482033,2,2,1,3,9,8,21,12,1,1,0,22,2,82,884,82884,66,2006,1FVJA6AV26LW,1,F,V,J,A,6,A,V,2,6,L,W,1,1,57,2362423,572362423,3,6,3,1,0,0,0,0,0,0,0,998,0,0,0,6,4,3,12,0,0,0,1,22,71106,6,1,6,0,3,0,999,999,0,0,0,0,0,0,0,0,0,0,0,0,0,0,3,2,65,1,1,8,1,0,0,1,53,99,1,1,25,0,0
48,482034,1,2,1,3,9,17,16,12,2,1,0,93,1,84,884,84884,66,1998,2HSFHAER7WC0,2,H,S,F,H,A,E,R,7,W,C,0,1,3,57,896543,57896543,3,6,3,1,0,0,0,0,0,0,0,998,0,0,0,12,2,3,12,0,0,0,1,48,77547,6,1,6,0,3,3,999,999,0,0,0,0,0,0,0,0,0,0,0,0,0,0,1,2,60,1,1,8,1,0,0,1,62,99,1,1,51,0,0
48,482034,2,2,1,3,9,17,16,12,2,1,0,48,2,49,46,49046,5,2012,JTDKDTB31C10,J,T,D,K,D,T,B,3,1,C,1,0,0,0,0,000000000,00000000000,0,0,0,1,0,0,0,0,0,0,0,998,0,0,0,12,6,2,12,0,0,0,1,48,77845,6,1,0,0,3,0,999,999,0,0,0,0,0,0,0,0,0,0,51,0,0,0,1,2,60,1,1,8,1,0,0,1,10,99,1,2,50,1,0
48,482035,1,2,1,3,9,5,25,12,1,1,0,93,3,51,884,51884,66,2012,4V4NC9TH8CN5,4,V,4,N,C,9,T,H,8,C,N,5,1,1,57,212550,57212550,3,6,1,1,0,0,0,0,0,0,0,998,0,0,0,6,6,2,12,0,0,0,1,48,75935,6,1,6,0,3,0,999,999,0,1,0,0,0,8,2012,8,2012,0,0,0,0,0,2,2,75,1,1,8,1,0,0,2,53,99,1,1,29,0,0
48,482035,2,2,1,3,9,5,25,12,1,1,0,48,1,12,880,12880,67,2014,1FT8W3DT5EEB,1,F,T,8,W,3,D,T,5,E,E,B,1,1,57,2164080,572164080,2,4,3,1,0,0,0,0,0,0,0,998,0,0,0,12,6,2,12,0,0,0,1,48,77429,6,1,0,0,3,0,999,999,0,0,0,0,0,0,0,0,0,0,0,0,0,0,2,2,75,1,1,8,1,0,0,1,52,99,1,1,28,1,0
48,482036,1,1,1,3,9,12,30,24,0,1,0,48,2,12,422,12422,15,2008,1FMFK19588LA,1,F,M,F,K,1,9,5,8,8,L,A,0,0,0,000000000,00000000000,0,0,0,1,0,0,0,0,0,0,0,998,0,1,6,12,4,3,24,0,0,0,1,48,79562,6,1,0,0,3,0,999,999,0,0,0,1,0,1,2014,1,2014,0,0,0,0,0,1,2,65,3,2,8,1,0,0,14,13,99,1,4,1,1,0
48,482037,1,1,2,3,9,6,2,8,0,1,0,93,3,87,884,87884,66,2013,2NP3LN9X8DM2,2,N,P,3,L,N,9,X,8,D,M,2,0,0,57,911108,57911108,3,5,96,1,0,0,0,0,0,0,0,998,0,0,0,12,0,5,8,0,0,0,1,6,75236,6,1,6,0,3,3,74,200,0,0,0,0,0,0,0,0,0,0,0,0,0,0,2,2,99,1,3,8,1,0,0,1,80,9,1,1,13,0,0
48,482038,1,3,1,3,9,18,18,12,2,1,0,48,0,7,482,7482,31,2011,3D7TT2CT3BG5,3,D,7,T,T,2,C,T,3,B,G,5,0,0,0,000000000,00000000000,0,0,0,1,0,0,0,0,0,0,0,998,0,0,0,12,6,2,12,0,0,0,1,48,79745,6,1,0,0,3,3,999,999,0,0,0,0,0,0,0,0,0,0,51,0,0,0,1,2,75,1,1,8,1,0,0,1,10,99,1,2,50,0,0