STATE,ST_CASE,VEH_NO,VE_FORMS,NUMOCCS,DAY,MONTH,HOUR,MINUTE,HARM_EV,MAN_COLL,UNITTYPE,HIT_RUN,REG_STAT,OWNER,MAKE,MODEL,MAK_MOD,BODY_TYP,MOD_YEAR,VIN,VIN_1,VIN_2,VIN_3,VIN_4,VIN_5,VIN_6,VIN_7,VIN_8,VIN_9,VIN_10,VIN_11,VIN_12,TOW_VEH,J_KNIFE,MCARR_I1,MCARR_I2,MCARR_ID,GVWR,V_CONFIG,CARGO_BT,HAZ_INV,HAZ_PLAC,HAZ_ID,HAZ_CNO,HAZ_REL,BUS_USE,SPEC_USE,EMER_USE,TRAV_SP,UNDERIDE,ROLLOVER,ROLINLOC,IMPACT1,DEFORMED,TOWED,M_HARM,VEH_SC1,VEH_SC2,FIRE_EXP,DR_PRES,L_STATE,DR_ZIP,L_STATUS,L_TYPE,CDL_STAT,L_ENDORS,L_COMPL,L_RESTRI,DR_HGT,DR_WGT,PREV_ACC,PREV_SUS,PREV_DWI,PREV_SPD,PREV_OTH,FIRST_MO,FIRST_YR,LAST_MO,LAST_YR,SPEEDREL,DR_SF1,DR_SF2,DR_SF3,DR_SF4,VTRAFWAY,VNUM_LAN,VSPD_LIM,VALIGN,VPROFILE,VPAVETYP,VSURCOND,VTRAFCON,VTCONT_F,P_CRASH1,P_CRASH2,P_CRASH3,PCRASH4,PCRASH5,ACC_TYPE,DEATHS,DR_DRINK
48,482231,2,2,2,27,9,6,15,12,2,1,0,48,2,20,481,20481,31,2010,1GCSCSEA2AZ1,1,G,C,S,C,S,E,A,2,A,Z,1,0,0,0,000000000,00000000000,0,0,0,1,0,0,0,0,0,0,0,998,0,0,0,12,6,2,12,0,0,0,1,48,75703,0,0,0,0,0,0,999,999,0,0,0,0,0,0,0,0,0,0,28,51,0,0,1,2,60,1,2,8,1,0,0,1,62,99,1,1,50,0,0
48,482232,1,1,1,27,9,20,45,32,0,1,0,48,0,72,706,72706,80,2006,1HD4CJM136K4,1,H,D,4,C,J,M,1,3,6,K,4,0,0,0,000000000,00000000000,0,0,0,1,0,0,0,0,0,0,0,998,0,0,0,98,4,3,32,0,0,0,1,48,79605,6,1,0,0,3,0,999,999,0,0,0,0,0,0,0,0,0,0,0,0,0,0,1,2,60,1,1,8,1,0,0,1,13,99,1,4,1,1,1
48,482233,1,2,3,28,9,17,56,12,9,1,0,48,1,6,441,6441,20,2014,2C4RC1CG2ER1,2,C,4,R,C,1,C,G,2,E,R,1,0,0,0,000000000,00000000000,0,0,0,1,0,0,0,0,0,0,0,998,0,0,0,6,4,3,12,32,0,0,1,48,75503,6,1,0,0,3,3,999,999,0,0,0,0,0,0,0,0,0,0,38,0,0,0,1,2,98,8,8,8,98,20,3,10,16,99,1,1,78,0,0
48,482233,2,2,2,28,9,17,56,12,9,1,0,5,1,72,706,72706,80,2008,1HD1FF4128Y6,1,H,D,1,F,F,4,1,2,8,Y,6,0,0,0,000000000,00000000000,0,0,0,1,0,0,0,0,0,0,0,998,0,0,0,10,8,2,12,0,0,0,1,5,71854,6,1,0,0,3,0,70,310,0,0,0,0,0,0,0,0,0,0,0,0,0,0,3,3,55,1,1,8,1,0,0,1,65,99,1,1,79,1,0
48,482234,1,2,1,28,9,18,45,12,2,1,0,48,1,23,421,23421,15,2011,1GKS1CE03BR3,1,G,K,S,1,C,E,0,3,B,R,3,0,0,0,000000000,00000000000,0,0,0,1,0,0,0,0,0,0,0,998,0,0,0,12,6,2,12,32,0,0,1,48,78669,6,1,0,0,3,0,999,999,0,0,0,1,0,12,2012,12,2012,0,51,0,0,0,2,2,75,1,1,8,1,0,0,1,54,99,1,1,52,1,0
48,482234,2,2,1,28,9,18,45,12,2,1,0,48,1,63,36,63036,6,2008,KNAFG5265871,K,N,A,F,G,5,2,6,5,8,7,1,0,0,0,000000000,00000000000,0,0,0,1,0,0,0,0,0,0,0,998,0,0,0,12,6,2,12,0,0,0,1,48,78669,6,1,0,0,3,0,999,999,0,0,0,0,0,0,0,0,0,0,0,0,0,0,2,2,75,1,1,8,1,0,0,1,54,99,1,1,52,0,0
48,482235,1,1,1,28,9,3,42,1,0,1,0,48,2,2,405,2405,14,2002,1J4GK48K62W1,1,J,4,G,K,4,8,K,6,2,W,1,0,0,0,000000000,00000000000,0,0,0,1,0,0,0,0,0,0,0,998,0,2,1,0,4,3,1,0,0,0,1,48,76528,0,0,0,0,0,0,999,999,0,0,0,0,0,0,0,0,0,4,0,0,0,0,1,2,55,2,2,8,1,0,0,14,12,7,3,6,98,1,1
48,482236,1,1,2,28,9,19,35,8,0,1,0,48,2,12,401,12401,14,2001,1FMYU60E31UC,1,F,M,Y,U,6,0,E,3,1,U,C,0,0,0,000000000,00000000000,0,0,0,1,0,0,0,0,0,0,0,998,0,0,0,12,2,5,8,0,0,0,1,48,75067,6,1,0,0,3,3,999,999,0,0,0,0,0,0,0,0,0,0,0,0,0,0,3,3,45,1,2,8,1,0,0,1,80,2,1,1,13,0,0
48,482237,1,2,2,28,9,15,3,12,1,1,0,48,2,18,7,18007,4,1996,1G4AG55M0T64,1,G,4,A,G,5,5,M,0,T,6,4,0,0,0,000000000,00000000000,0,0,0,1,0,0,0,0,0,0,0,0,0,0,0,6,6,2,12,0,0,0,1,48,77373,6,1,0,0,3,0,999,999,0,10,0,0,1,9,2011,9,2014,0,54,0,0,0,3,2,75,1,1,8,1,0,0,5,61,99,1,1,21,1,1
48,482237,2,2,3,28,9,15,3,12,1,1,0,48,2,12,481,12481,31,2013,1FTFW1EF8DKD,1,F,T,F,W,1,E,F,8,D,K,D,0,0,0,000000000,00000000000,0,0,0,1,0,0,0,0,0,0,0,998,0,0,0,12,6,2,12,0,0,0,1,48,77566,6,1,0,0,3,0,999,999,0,0,0,0,0,0,0,0,0,0,27,0,0,0,3,2,75,1,1,8,1,0,0,6,50,99,1,2,20,0,0
48,482238,1,1,1,28,9,7,55,53,0,1,0,48,1,7,482,7482,31,2003,1D7HA16K83J5,1,D,7,H,A,1,6,K,8,3,J,5,0,0,0,000000000,00000000000,0,0,0,1,0,0,0,0,0,0,0,998,0,1,5,10,4,3,1,99,99,0,1,48,75935,6,1,0,0,3,3,999,999,0,0,0,0,0,0,0,0,0,0,99,99,99,99,1,2,55,1,1,8,1,0,0,1,12,99,4,4,6,1,0
48,482239,1,2,1,29,9,11,40,1,0,1,0,48,2,82,881,82881,66,2002,1FUJA9AS12LJ,1,F,U,J,A,9,A,S,1,2,L,J,1,1,57,2350188,572350188,3,6,3,1,0,0,0,0,0,0,0,998,0,0,0,5,0,5,12,0,0,0,1,48,78232,6,1,6,0,3,0,999,999,0,0,0,1,1,1,2012,12,2012,0,38,0,0,0,2,2,45,1,2,8,1,3,3,11,15,99,1,1,98,0,0
48,482239,2,2,1,29,9,11,40,1,0,1,0,48,1,37,706,37706,80,2000,1HFSC3409YA3,1,H,F,S,C,3,4,0,9,Y,A,3,0,0,0,000000000,00000000000,0,0,0,1,0,0,0,0,0,0,0,998,0,0,0,0,6,2,1,0,0,0,1,48,78148,6,1,0,0,3,0,999,999,0,0,0,0,0,0,0,0,0,5,0,0,0,0,2,2,45,1,2,8,1,3,3,1,62,98,1,1,98,1,0
48,482240,1,1,2,29,9,22,25,8,0,1,0,48,2,49,40,49040,4,1998,JT2BF22K7W00,J,T,2,B,F,2,2,K,7,W,0,0,0,0,0,000000000,00000000000,0,0,0,1,0,0,0,0,0,0,0,998,0,0,0,12,4,3,8,0,0,0,1,48,75040,0,0,0,0,0,0,999,999,0,0,0,0,0,0,0,0,0,0,0,0,0,0,3,5,60,1,1,8,1,0,0,1,80,99,1,1,13,0,0
48,482241,1,2,1,29,9,19,56,12,2,1,0,48,2,12,481,12481,31,2009,1FTPW12V89KB,1,F,T,P,W,1,2,V,8,9,K,B,0,0,0,000000000,00000000000,0,0,0,1,0,0,0,0,0,0,0,998,0,1,1,12,4,3,12,0,0,0,1,48,78130,6,1,0,0,3,0,999,999,0,0,0,0,0,0,0,0,0,0,51,91,0,0,1,2,50,2,2,8,1,0,0,14,10,99,1,2,50,0,1
48,482241,2,2,1,29,9,19,56,12,2,1,0,48,1,6,43,6043,1,2006,1C3EL75R86N2,1,C,3,E,L,7,5,R,8,6,N,2,0,0,0,000000000,00000000000,0,0,0,1,0,0,0,0,0,0,0,998,0,0,0,12,4,3,12,0,0,0,1,48,78747,6,1,0,0,3,0,999,999,0,0,0,0,1,6,2013,6,2013,0,0,0,0,0,1,2,50,3,2,8,1,0,0,14,62,99,1,1,51,1,0
48,482242,1,3,1,29,9,8,30,12,8,1,0,35,3,7,880,7880,67,2012,3C7WDTAL4CG1,3,C,7,W,D,T,A,L,4,C,G,1,0,0,99,999999999,99999999999,2,1,97,1,0,0,0,0,0,0,0,998,0,1,5,62,6,2,12,0,0,0,1,48,78934,6,1,0,0,3,3,999,999,0,0,0,0,0,0,0,0,0,0,28,0,0,0,1,2,75,1,1,8,1,0,0,1,10,99,1,2,64,1,0
48,482242,2,3,1,29,9,8,30,12,8,1,0,48,3,86,884,86884,66,2004,1M1AE06Y64N0,1,M,1,A,E,0,6,Y,6,4,N,0,0,0,57,1960154,571960154,3,5,96,1,0,0,0,0,0,0,0,998,0,1,5,63,4,3,12,0,0,0,1,48,79360,6,1,6,0,3,0,999,999,0,0,0,0,0,0,0,0,0,0,0,0,0,0,1,2,75,1,1,8,1,0,0,1,62,99,1,1,65,0,0
48,482242,3,3,1,29,9,8,30,12,8,1,0,48,3,86,884,86884,66,2005,1M1AK06Y95N0,1,M,1,A,K,0,6,Y,9,5,N,0,0,0,57,1960154,571960154,3,5,96,1,0,0,0,0,0,0,0,998,0,0,0,12,6,2,12,0,0,0,1,48,79360,6,1,6,0,3,3,999,999,0,0,0,0,0,0,0,0,0,0,0,0,0,0,1,2,75,1,1,8,1,0,0,1,54,99,1,1,98,1,0
48,482243,1,2,1,29,9,19,25,12,1,1,0,48,2,35,51,35051,6,2009,JN8AS58T19W0,J,N,8,A,S,5,8,T,1,9,W,0,0,0,0,000000000,00000000000,0,0,0,1,0,0,0,0,0,0,0,998,0,0,0,12,2,3,12,0,0,0,1,48,79606,6,1,6,0,3,0,999,999,0,0,0,2,2,1,2012,12,2013,0,26,0,0,0,6,1,75,2,1,8,1,0,0,14,52,99,1,1,28,0,0
48,482243,2,2,1,29,9,19,25,12,1,1,0,48,1,72,706,72706,80,2004,1HD1BXB174Y0,1,H,D,1,B,X,B,1,7,4,Y,0,0,0,0,000000000,00000000000,0,0,0,1,0,0,0,0,0,0,0,998,0,0,0,6,8,2,12,0,0,0,1,48,79606,1,1,0,0,2,0,999,999,0,3,0,2,3,1,2013,6,2014,0,0,0,0,0,6,1,75,2,1,8,1,0,0,2,53,99,1,1,29,1,0
48,482244,1,2,1,30,9,18,27,12,6,1,0,48,1,76,705,76705,80,2005,JYARJ08E15A0,J,Y,A,R,J,0,8,E,1,5,A,0,0,0,0,000000000,00000000000,0,0,0,1,0,0,0,0,0,0,0,998,0,0,0,98,8,2,12,0,0,0,1,32,89408,6,1,0,0,2,0,70,191,0,1,0,0,0,10,2011,10,2011,3,0,0,0,0,5,6,45,3,5,8,1,3,3,14,17,3,2,1,69,1,0
48,482244,2,2,1,30,9,18,27,12,6,1,0,48,2,12,37,12037,3,2003,3FAFP31363R1,3,F,A,F,P,3,1,3,6,3,R,1,0,0,0,000000000,00000000000,0,0,0,1,0,0,0,0,0,0,0,998,0,0,0,3,4,3,12,0,0,0,1,48,76543,6,1,0,0,3,0,999,999,1,0,0,0,0,3,2013,3,2013,0,48,0,0,0,5,5,35,3,6,8,1,3,3,11,63,99,1,1,68,0,0
48,482245,1,1,1,30,9,14,41,1,0,1,0,48,1,37,706,37706,80,1987,1HFSC1424HA3,1,H,F,S,C,1,4,2,4,H,A,3,0,0,0,000000000,00000000000,0,0,0,1,0,0,0,0,0,0,0,998,0,0,0,0,8,2,1,0,0,0,1,48,75060,6,1,6,0,2,3,69,238,0,0,0,1,0,6,2013,6,2013,0,0,0,0,0,3,2,70,1,1,8,1,0,0,1,1,99,9,1,98,1,0
48,482246,1,1,1,30,9,1,50,33,0,1,0,48,1,20,481,20481,31,2014,3GCUKSEC4EG3,3,G,C,U,K,S,E,C,4,E,G,3,0,0,0,000000000,00000000000,0,0,0,1,0,0,0,0,0,0,0,998,0,0,0,98,6,2,42,0,0,0,1,48,77008,6,1,0,0,3,0,999,999,0,0,0,0,0,0,0,0,0,0,0,0,0,0,2,2,40,1,1,1,1,0,0,1,12,99,1,4,6,1,1
48,482247,1,2,2,30,9,14,30,12,6,1,0,48,2,24,9,24009,4,2007,1G8ZV57717F2,1,G,8,Z,V,5,7,7,1,7,F,2,0,0,0,000000000,00000000000,0,0,0,1,0,0,0,0,0,0,0,998,0,0,0,3,6,2,12,0,0,0,1,48,77656,0,0,0,0,0,0,999,999,0,0,0,0,0,0,0,0,0,0,38,91,0,0,1,4,55,1,1,8,1,0,0,11,15,99,1,1,68,1,0
48,482247,2,2,1,30,9,14,30,12,6,1,0,93,3,86,898,86898,66,2014,1M1AN07Y4EM0,1,M,1,A,N,0,7,Y,4,E,M,0,0,0,57,1346982,571346982,3,5,96,1,0,0,0,0,0,0,0,998,0,1,5,12,2,3,12,0,0,0,1,48,77351,6,1,6,0,3,3,999,999,1,0,0,0,1,10,2011,1,2013,0,0,0,0,0,1,4,55,1,1,8,1,0,0,1,62,99,1,1,69,0,0
48,482248,1,2,2,30,9,13,30,12,6,1,0,0,0,99,739,99739,90,9999,000000000000,0,0,0,0,0,0,0,0,0,0,0,0,0,0,0,000000000,00000000000,0,0,0,1,0,0,0,0,0,0,0,998,0,0,0,12,2,3,12,0,0,0,1,48,75156,1,1,0,0,1,0,999,999,0,5,0,0,0,5,2012,7,2014,0,39,0,0,0,1,2,99,1,1,8,1,20,3,1,17,99,1,1,86,1,0
48,482248,2,2,2,30,9,13,30,12,6,1,0,48,3,86,884,86884,63,2007,1M2AC08C47M0,1,M,2,A,C,0,8,C,4,7,M,0,0,0,57,237997,57237997,3,2,7,1,0,0,0,0,0,0,0,998,0,0,0,3,0,5,12,0,0,0,1,48,75156,6,1,6,0,3,0,999,999,0,0,0,1,0,5,2014,5,2014,0,0,0,0,0,1,2,35,1,1,8,1,0,0,1,66,99,1,1,87,0,0
48,482249,1,2,2,30,9,17,15,12,6,1,0,48,0,23,481,23481,31,1995,2GTEC19K9S15,2,G,T,E,C,1,9,K,9,S,1,5,0,0,0,000000000,00000000000,0,0,0,1,0,0,0,0,0,0,0,998,0,0,0,12,4,3,12,0,0,0,1,48,77520,0,0,0,0,0,0,999,999,0,0,0,0,0,0,0,0,0,0,39,91,0,0,1,2,99,1,1,8,1,20,3,1,17,99,1,1,88,1,1
48,482249,2,2,1,30,9,17,15,12,6,1,0,48,1,82,884,82884,66,2007,1FUJAPAV47DW,1,F,U,J,A,P,A,V,4,7,D,W,1,1,57,1251746,571251746,3,6,3,1,0,0,0,0,0,0,0,998,0,0,0,9,2,5,12,0,0,0,1,48,76103,6,1,6,0,3,0,999,999,0,0,0,0,1,8,2012,8,2012,0,0,0,0,0,1,2,60,1,1,8,1,0,0,1,66,99,1,1,89,0,0
48,482250,1,2,1,13,3,2,35,12,1,1,0,48,1,20,431,20431,16,2003,3GNEC16Z63G3,3,G,N,E,C,1,6,Z,6,3,G,3,0,0,0,000000000,00000000000,0,0,0,1,0,0,0,0,0,0,0,998,0,0,0,12,6,2,12,0,0,0,1,48,77642,6,1,0,0,3,0,999,999,0,0,0,1,1,4,2012,4,2013,5,0,0,0,0,2,2,35,1,1,8,1,0,0,1,51,99,1,1,24,1,1
48,482250,2,2,2,13,3,2,35,12,1,1,0,48,1,82,884,82884,66,1993,1FUWDCXA2PH4,1,F,U,W,D,C,X,A,2,P,H,4,1,1,57,1963188,571963188,3,6,1,1,0,0,0,0,0,0,0,998,0,0,0,6,4,3,12,0,0,0,1,48,77705,6,1,6,0,3,0,999,999,0,0,0,0,0,0,0,0,0,0,0,0,0,0,2,2,35,1,1,8,1,0,0,1,53,99,1,1,25,0,0
48,482251,1,2,1,9,9,20,10,8,0,1,1,99,9,99,999,99999,99,9999,999999999999,9,9,9,9,9,9,9,9,9,9,9,9,0,0,0,000000000,00000000000,0,0,0,1,0,0,0,0,0,0,0,998,0,0,0,12,9,5,8,99,99,0,1,99,99999,9,9,99,9,9,9,999,999,99,99,99,99,99,99,9999,99,9999,0,0,0,0,0,1,5,40,1,1,8,1,3,3,1,80,99,1,1,13,0,0
48,482251,2,2,1,9,9,20,10,8,0,1,0,48,1,55,38,55038,4,2003,KMHFU45E63A2,K,M,H,F,U,4,5,E,6,3,A,2,0,0,0,000000000,00000000000,0,0,0,1,0,0,0,0,0,0,0,0,0,0,0,9,2,8,54,0,0,0,1,48,76014,0,0,0,0,0,0,999,999,0,0,0,0,0,0,0,0,0,0,0,0,0,0,0,0,0,0,0,0,0,3,3,5,66,99,1,1,98,0,0
48,482252,1,1,2,25,9,10,49,42,0,1,0,48,1,12,481,12481,31,2004,1FTSW31P64EC,1,F,T,S,W,3,1,P,6,4,E,C,0,0,0,000000000,00000000000,0,0,0,1,0,0,0,0,0,0,0,998,0,0,0,3,6,2,42,32,0,0,1,48,76542,6,1,0,0,3,0,999,999,1,0,0,1,0,7,2012,10,2012,4,91,0,0,0,6,1,75,1,3,8,1,0,0,16,13,99,4,4,1,1,0
48,482253,1,2,2,29,8,18,20,12,2,1,0,48,1,7,482,7482,31,2001,3B7HC13Z61M5,3,B,7,H,C,1,3,Z,6,1,M,5,0,0,0,000000000,00000000000,0,0,0,1,0,0,0,0,0,0,0,998,0,0,0,12,6,2,12,0,0,0,1,48,78611,6,1,0,0,3,0,999,999,0,0,0,0,0,0,0,0,0,3,0,0,0,0,5,5,70,1,1,8,2,0,0,1,6,99,2,2,50,0,0
48,482253,2,2,2,29,8,18,20,12,2,1,0,48,2,49,442,49442,20,2013,5TDYK3DC6DS3,5,T,D,Y,K,3,D,C,6,D,S,3,0,0,0,000000000,00000000000,0,0,0,1,0,0,0,0,0,0,0,998,0,0,0,12,6,2,12,0,0,0,1,48,78240,6,1,0,0,3,0,999,999,0,0,0,0,0,0,0,0,0,0,0,0,0,0,5,5,70,1,1,8,2,0,0,1,62,99,1,1,51,1,0
48,482254,1,1,4,16,9,7,58,43,0,1,0,48,1,37,402,37402,14,2014,3CZRM3H55EG7,3,C,Z,R,M,3,H,5,5,E,G,7,0,0,0,000000000,00000000000,0,0,0,1,0,0,0,0,0,0,0,998,0,0,0,12,6,2,19,32,0,0,1,48,75116,6,1,0,0,3,0,999,999,1,0,0,0,0,10,2011,10,2011,0,0,0,0,0,6,1,65,3,3,8,1,0,0,14,13,99,1,4,1,1,0
48,482255,1,1,1,18,9,1,50,32,0,1,0,48,3,12,16,12016,4,2009,2FAHP71V09X1,2,F,A,H,P,7,1,V,0,9,X,1,0,0,0,000000000,00000000000,0,0,0,1,0,0,0,0,0,0,0,998,0,1,5,12,8,2,32,0,0,0,1,48,76861,6,1,0,0,3,0,999,999,0,0,0,0,0,0,0,0,0,4,0,0,0,0,1,2,30,1,2,8,6,0,0,1,6,99,9,4,2,1,0
48,482256,1,1,1,20,9,17,9,8,0,1,0,48,1,7,482,7482,31,2008,1D7HA18N78S5,1,D,7,H,A,1,8,N,7,8,S,5,0,0,0,000000000,00000000000,0,0,0,1,0,0,0,0,0,0,0,998,0,0,0,12,2,5,8,0,0,0,1,48,77584,6,1,0,0,3,3,999,999,0,0,0,0,0,0,0,0,0,0,0,0,0,0,2,3,30,1,1,1,1,0,0,1,80,99,1,1,13,0,0
48,482257,1,2,1,29,9,7,46,12,2,1,0,48,2,22,441,22441,20,2000,1GMDX03E6YD3,1,G,M,D,X,0,3,E,6,Y,D,3,0,0,0,000000000,00000000000,0,0,0,1,0,0,0,0,0,0,0,998,0,1,2,12,6,2,12,0,0,0,1,48,78574,6,1,6,0,3,3,999,999,0,0,0,0,0,0,0,0,0,0,28,51,0,0,1,2,70,1,1,8,1,0,0,1,10,99,1,2,50,1,0
48,482257,2,2,1,29,9,7,46,12,2,1,0,48,1,7,472,7472,30,2002,1B7HL38X72S5,1,B,7,H,L,3,8,X,7,2,S,5,0,0,0,000000000,00000000000,0,0,0,1,0,0,0,0,0,0,0,998,0,0,0,12,6,2,12,0,0,0,1,48,78872,6,1,0,0,3,3,999,999,0,0,0,0,0,0,0,0,0,0,0,0,0,0,1,2,70,1,1,8,1,0,0,1,62,99,1,1,51,1,0
48,482258,1,1,1,30,9,6,30,8,0,1,0,48,1,20,471,20471,30,2003,1GCCS14H8382,1,G,C,C,S,1,4,H,8,3,8,2,0,0,0,000000000,00000000000,0,0,0,1,0,0,0,0,0,0,0,998,0,0,0,12,0,5,8,0,0,0,1,48,78214,6,1,0,0,3,3,999,999,0,0,0,0,0,0,0,0,0,0,0,0,0,0,1,4,35,1,1,8,1,0,0,1,80,99,1,1,13,0,0
48,482259,1,3,1,30,9,23,0,12,7,1,1,48,1,20,2,20002,4,2008,2G1WD58C2891,2,G,1,W,D,5,8,C,2,8,9,1,0,0,0,000000000,00000000000,0,0,0,1,0,0,0,0,0,0,0,998,0,0,0,3,4,3,12,0,0,0,1,48,77373,6,1,0,0,3,0,999,999,0,1,0,0,0,3,2013,3,2013,0,33,91,0,0,1,2,25,1,3,1,1,0,0,6,10,99,1,2,48,0,1
48,482259,2,3,2,30,9,23,0,12,7,1,0,48,2,12,473,12473,30,2002,1FMZU67E62UC,1,F,M,Z,U,6,7,E,6,2,U,C,0,0,0,000000000,00000000000,0,0,0,1,0,0,0,0,0,0,0,998,0,0,0,9,2,3,12,0,0,0,1,48,77076,6,1,0,0,3,0,999,999,0,0,0,1,0,10,2013,10,2013,0,0,0,0,0,1,2,25,1,3,1,1,0,0,1,60,99,1,1,48,0,0
48,482259,3,3,2,30,9,23,0,12,7,1,0,48,2,35,39,35039,4,1997,JN1CA21D3VT8,J,N,1,C,A,2,1,D,3,V,T,8,0,0,0,000000000,00000000000,0,0,0,1,0,0,0,0,0,0,0,998,0,0,0,12,4,3,12,0,0,0,1,48,77076,6,1,0,0,3,3,999,999,1,0,0,0,0,6,2012,6,2012,0,0,0,0,0,1,2,25,1,3,1,1,0,0,1,62,99,1,1,98,1,0
48,482260,1,2,1,30,9,15,6,12,2,1,0,48,1,12,481,12481,31,2009,1FTPW14V09FA,1,F,T,P,W,1,4,V,0,9,F,A,0,0,0,000000000,00000000000,0,0,0,1,0,0,0,0,0,0,0,998,0,0,0,12,6,2,12,0,0,1,1,48,75605,6,1,0,0,3,0,999,999,0,0,0,1,0,8,2013,8,2013,0,28,33,51,0,1,2,65,1,1,8,1,0,0,6,10,99,1,2,50,1,0
48,482260,2,2,1,30,9,15,6,12,2,1,0,93,3,86,881,86881,66,2000,1M1AA13YXYW1,1,M,1,A,A,1,3,Y,X,Y,W,1,1,1,57,565734,57565734,3,6,3,1,0,0,0,0,0,0,0,998,0,0,0,12,6,2,12,0,0,1,1,48,75651,6,1,6,0,3,3,999,999,0,0,0,0,0,0,0,0,0,0,0,0,0,0,1,2,65,1,1,8,1,0,0,1,62,99,1,1,51,0,0
48,482261,1,2,99,7,9,20,17,8,0,1,1,99,9,99,999,99999,99,9999,999999999999,9,9,9,9,9,9,9,9,9,9,9,9,0,0,0,000000000,00000000000,0,0,0,1,0,0,0,0,0,0,0,998,0,0,0,12,2,5,8,99,99,0,1,99,99999,9,9,99,9,9,9,999,999,99,99,99,99,99,99,9999,99,9999,0,99,99,99,99,1,4,30,1,1,1,2,0,0,1,80,99,1,1,13,0,0
48,482261,2,2,99,7,9,20,17,8,0,1,1,99,9,99,999,99999,99,9999,999999999999,9,9,9,9,9,9,9,9,9,9,9,9,0,0,0,000000000,00000000000,0,0,0,1,0,0,0,0,0,0,0,998,0,0,0,12,2,5,8,0,0,0,1,99,99999,9,9,99,9,9,9,999,999,99,99,99,99,99,99,9999,99,9999,0,99,99,99,99,1,4,30,1,1,1,2,0,0,1,80,99,9,1,98,0,0
48,482262,1,2,1,30,9,12,42,12,1,1,0,93,3,85,884,85884,63,1998,3BKMLD9X7WF7,3,B,K,M,L,D,9,X,7,W,F,7,0,0,57,1339456,571339456,3,2,2,2,2,1993,3,1,0,0,0,998,0,0,0,6,2,5,12,0,0,0,1,48,78130,6,1,6,1,3,1,999,999,0,0,0,0,0,0,0,0,0,0,0,0,0,0,1,2,70,1,1,8,1,0,0,11,61,99,1,1,74,0,0
48,482262,2,2,1,30,9,12,42,12,1,1,0,48,1,98,703,98703,80,2012,RFBBFM299CB1,R,F,B,B,F,M,2,9,9,C,B,1,0,0,0,000000000,00000000000,0,0,0,1,0,0,0,0,0,0,0,998,0,0,0,12,4,3,12,0,0,0,1,48,78023,6,1,0,0,3,3,999,999,0,0,0,0,0,0,0,0,0,5,0,0,0,0,1,2,70,1,1,8,1,0,0,6,11,99,1,2,74,1,0
48,482263,1,1,2,14,6,19,33,34,0,1,0,48,0,20,16,20016,4,2004,1G1JC52F6473,1,G,1,J,C,5,2,F,6,4,7,3,0,0,0,000000000,00000000000,0,0,0,1,0,0,0,0,0,0,0,998,0,1,5,98,8,2,1,0,0,0,1,48,79907,0,0,0,0,0,0,999,999,0,0,0,0,0,0,0,0,0,0,29,58,91,0,5,3,40,1,1,8,1,0,0,6,13,6,9,4,2,1,1
48,482264,1,1,4,2,8,21,57,8,0,1,0,48,1,52,34,52034,4,2003,4A3AA46H63E0,4,A,3,A,A,4,6,H,6,3,E,0,0,0,0,000000000,00000000000,0,0,0,1,0,0,0,0,0,0,0,998,0,0,0,12,2,5,8,0,0,0,1,35,79905,6,1,0,0,3,0,66,999,98,0,0,0,0,0,0,0,0,0,0,0,0,0,3,3,35,1,1,8,2,3,3,1,80,99,1,1,13,0,0
48,482265,1,1,1,10,8,2,6,33,0,1,0,48,1,72,706,72706,80,2012,1HD1KBM13CB6,1,H,D,1,K,B,M,1,3,C,B,6,0,0,0,000000000,00000000000,0,0,0,1,0,0,0,0,0,0,0,998,0,0,0,98,8,2,33,0,0,0,1,48,78660,6,1,0,0,3,0,999,999,1,0,0,0,0,9,2012,9,2012,0,37,0,0,0,2,2,55,2,1,8,1,0,0,14,12,99,9,4,6,1,1
48,482266,1,1,1,16,8,22,6,8,0,1,0,48,2,12,481,12481,31,2003,1FTSW31P73EB,1,F,T,S,W,3,1,P,7,3,E,B,0,0,0,000000000,00000000000,0,0,0,1,0,0,0,0,0,0,0,998,0,0,0,12,0,3,8,0,0,0,1,48,79915,0,0,0,0,0,0,999,999,0,0,0,0,1,4,2014,4,2014,0,38,0,0,0,4,3,99,1,1,8,1,3,3,11,80,99,1,1,13,0,0
48,482267,1,2,2,17,8,2,7,12,7,1,1,48,1,98,398,98398,3,2004,WMWRE334X4TD,W,M,W,R,E,3,3,4,X,4,T,D,0,0,0,000000000,00000000000,0,0,0,1,0,0,0,0,0,0,0,998,0,1,5,62,4,8,12,0,0,0,1,48,79821,6,1,0,0,3,0,999,999,0,0,0,0,0,0,0,0,0,0,0,0,0,0,2,2,60,1,1,2,1,0,0,15,10,99,1,2,48,0,0
48,482267,2,2,5,17,8,2,7,12,7,1,0,35,2,19,18,19018,4,2005,1G6DP5675501,1,G,6,D,P,5,6,7,5,5,0,1,0,0,0,000000000,00000000000,0,0,0,1,0,0,0,0,0,0,0,998,0,1,5,83,6,8,12,0,0,0,1,35,88021,6,1,0,0,3,0,69,135,98,0,0,0,0,0,0,0,0,0,0,0,0,0,2,2,60,1,1,2,1,0,0,1,61,99,1,1,48,1,0