STATE,ST_CASE,VEH_NO,VE_FORMS,NUMOCCS,DAY,MONTH,HOUR,MINUTE,HARM_EV,MAN_COLL,UNITTYPE,HIT_RUN,REG_STAT,OWNER,MAKE,MODEL,MAK_MOD,BODY_TYP,MOD_YEAR,VIN,VIN_1,VIN_2,VIN_3,VIN_4,VIN_5,VIN_6,VIN_7,VIN_8,VIN_9,VIN_10,VIN_11,VIN_12,TOW_VEH,J_KNIFE,MCARR_I1,MCARR_I2,MCARR_ID,GVWR,V_CONFIG,CARGO_BT,HAZ_INV,HAZ_PLAC,HAZ_ID,HAZ_CNO,HAZ_REL,BUS_USE,SPEC_USE,EMER_USE,TRAV_SP,UNDERIDE,ROLLOVER,ROLINLOC,IMPACT1,DEFORMED,TOWED,M_HARM,VEH_SC1,VEH_SC2,FIRE_EXP,DR_PRES,L_STATE,DR_ZIP,L_STATUS,L_TYPE,CDL_STAT,L_ENDORS,L_COMPL,L_RESTRI,DR_HGT,DR_WGT,PREV_ACC,PREV_SUS,PREV_DWI,PREV_SPD,PREV_OTH,FIRST_MO,FIRST_YR,LAST_MO,LAST_YR,SPEEDREL,DR_SF1,DR_SF2,DR_SF3,DR_SF4,VTRAFWAY,VNUM_LAN,VSPD_LIM,VALIGN,VPROFILE,VPAVETYP,VSURCOND,VTRAFCON,VTCONT_F,P_CRASH1,P_CRASH2,P_CRASH3,PCRASH4,PCRASH5,ACC_TYPE,DEATHS,DR_DRINK
48,482310,1,3,1,4,10,12,45,12,2,1,0,48,2,37,32,37032,2,2009,1HGCS22849A0,1,H,G,C,S,2,2,8,4,9,A,0,0,0,0,000000000,00000000000,0,0,0,1,0,0,0,0,0,0,0,998,0,0,0,12,6,2,12,0,0,0,1,48,77489,6,1,0,0,3,3,999,999,1,0,0,0,0,10,2011,10,2011,0,33,91,0,0,1,2,75,1,3,8,1,0,0,6,54,99,1,2,52,1,0
48,482310,2,3,1,4,10,12,45,12,2,1,0,48,1,35,47,35047,4,2011,1N4AL2AP1BN4,1,N,4,A,L,2,A,P,1,B,N,4,0,0,0,000000000,00000000000,0,0,0,1,0,0,0,0,0,0,0,998,0,0,0,12,4,3,12,0,0,0,1,48,76904,6,1,0,0,3,3,999,999,0,0,0,0,0,0,0,0,0,0,0,0,0,0,1,2,75,1,3,8,1,0,0,6,62,99,1,2,98,0,0
48,482310,3,3,1,4,10,12,45,12,2,1,0,48,2,7,28,7028,2,2014,2C3CDYAGXEH2,2,C,3,C,D,Y,A,G,X,E,H,2,0,0,0,000000000,00000000000,0,0,0,1,0,0,0,0,0,0,0,998,0,0,0,12,6,2,12,0,0,0,1,48,76825,6,1,0,0,3,0,999,999,0,0,0,0,0,0,0,0,0,0,0,0,0,0,1,2,75,1,3,8,1,0,0,1,54,99,1,1,52,0,0
48,482311,1,1,2,4,10,1,52,1,0,1,0,48,2,19,20,19020,6,2008,1GYEE63A5801,1,G,Y,E,E,6,3,A,5,8,0,1,0,0,0,000000000,00000000000,0,0,0,1,0,0,0,0,0,0,0,998,0,9,3,0,6,2,1,0,0,0,1,48,79015,6,1,0,0,3,3,999,999,0,1,0,0,0,11,2011,11,2011,3,58,0,0,0,2,2,75,1,1,8,1,0,0,1,51,6,3,4,2,2,1
48,482312,1,2,1,4,10,2,27,12,2,1,0,6,2,63,38,63038,4,2010,KNAFU4A27A52,K,N,A,F,U,4,A,2,7,A,5,2,0,0,0,000000000,00000000000,0,0,0,1,0,0,0,0,0,0,0,998,0,0,0,12,6,2,12,0,0,0,1,48,76020,6,1,0,0,3,3,999,999,0,0,0,0,0,0,0,0,0,0,24,51,0,0,5,5,55,1,1,8,1,0,0,1,10,99,1,2,50,1,0
48,482312,2,2,1,4,10,2,27,12,2,1,0,48,1,49,401,49401,14,1998,JT3GN87R9W00,J,T,3,G,N,8,7,R,9,W,0,0,0,0,0,000000000,00000000000,0,0,0,1,0,0,0,0,0,0,0,998,0,0,0,12,6,2,12,0,0,0,1,48,76126,6,1,0,0,3,0,999,999,0,0,0,0,0,0,0,0,0,0,0,0,0,0,5,5,55,1,1,8,1,0,0,1,62,99,1,1,51,0,0
48,482313,1,7,3,4,10,13,0,12,9,1,0,48,2,49,43,49043,4,2006,4T1BK36B16U1,4,T,1,B,K,3,6,B,1,6,U,1,0,0,0,000000000,00000000000,0,0,0,1,0,0,0,0,0,0,0,998,0,0,0,9,6,2,12,0,0,0,1,48,76134,1,1,0,0,2,0,999,999,0,14,0,0,0,11,2011,5,2014,3,0,0,0,0,4,4,40,1,1,8,1,0,0,1,6,99,4,1,48,2,0
48,482313,2,7,1,4,10,13,0,12,9,1,0,48,2,20,481,20481,31,2001,1GCEC19VX1E2,1,G,C,E,C,1,9,V,X,1,E,2,0,0,0,000000000,00000000000,0,0,0,1,0,0,0,0,0,0,0,998,0,0,0,6,6,2,12,0,0,0,1,48,76110,6,1,0,0,3,0,999,999,0,5,0,0,0,1,2012,3,2013,0,0,0,0,0,4,4,40,1,1,8,1,0,0,1,53,99,1,1,48,0,0
48,482313,3,7,1,4,10,13,0,12,9,1,0,44,1,37,31,37031,2,1993,1HGEJ2240PL0,1,H,G,E,J,2,2,4,0,P,L,0,0,0,0,000000000,00000000000,0,0,0,1,0,0,0,0,0,0,0,998,0,0,0,6,6,2,12,0,0,0,1,48,76002,6,1,0,0,3,0,999,999,0,0,0,0,0,0,0,0,0,0,0,0,0,0,4,4,40,1,1,8,1,0,0,99,99,99,9,9,98,0,0
48,482313,4,7,2,4,10,13,0,12,9,1,0,48,1,6,441,6441,20,2010,2A4RR7DXXAR3,2,A,4,R,R,7,D,X,X,A,R,3,0,0,0,000000000,00000000000,0,0,0,1,0,0,0,0,0,0,0,998,0,0,0,6,4,5,12,0,0,0,1,48,76115,6,1,0,0,3,0,999,999,0,0,0,0,0,0,0,0,0,0,0,0,0,0,4,4,40,1,1,8,1,0,0,99,99,99,9,9,98,0,0
48,482313,5,7,1,4,10,13,0,12,9,1,0,48,2,38,402,38402,14,2001,4S2CK58W6143,4,S,2,C,K,5,8,W,6,1,4,3,0,0,0,000000000,00000000000,0,0,0,1,0,0,0,0,0,0,0,998,0,0,0,7,4,3,12,32,0,0,1,48,76115,6,1,0,0,3,0,999,999,0,0,0,0,0,0,0,0,0,0,0,0,0,0,4,4,40,1,1,8,1,0,0,99,99,99,9,9,98,0,0
48,482313,6,7,2,4,10,13,0,12,9,1,0,48,2,35,443,35443,20,1993,4N2DN11WXPD8,4,N,2,D,N,1,1,W,X,P,D,8,0,0,0,000000000,00000000000,0,0,0,1,0,0,0,0,0,0,0,998,0,0,0,6,4,5,12,0,0,0,1,48,76110,0,0,0,0,0,0,999,999,0,0,0,0,0,0,0,0,0,0,0,0,0,0,4,4,40,1,1,8,1,0,0,99,99,99,9,9,98,0,0
48,482313,7,7,2,4,10,13,0,12,9,1,0,48,1,35,43,35043,4,2012,3N1AB6AP9CL6,3,N,1,A,B,6,A,P,9,C,L,6,0,0,0,000000000,00000000000,0,0,0,1,0,0,0,0,0,0,0,998,0,0,0,7,2,5,12,0,0,0,1,48,76140,6,1,0,0,3,0,999,999,0,0,0,0,0,0,0,0,0,0,0,0,0,0,4,4,40,1,1,8,1,0,0,99,99,99,9,9,98,0,0
48,482314,1,1,1,9,3,8,26,19,0,1,0,48,1,12,481,12481,31,1992,1FTEX15N1NKA,1,F,T,E,X,1,5,N,1,N,K,A,0,0,0,000000000,00000000000,0,0,0,1,0,0,0,0,0,0,0,998,0,0,0,12,4,3,19,0,0,0,1,48,79549,6,1,0,0,3,3,999,999,1,0,0,0,0,3,2014,3,2014,0,0,0,0,0,1,2,60,1,1,8,1,0,0,1,12,99,1,4,6,1,0
48,482315,1,2,1,25,5,0,59,1,0,1,0,48,1,50,706,50706,80,2011,SMT920K14BT4,S,M,T,9,2,0,K,1,4,B,T,4,0,0,0,000000000,00000000000,0,0,0,1,0,0,0,0,0,0,0,998,0,0,0,0,4,3,1,0,0,0,1,48,79916,6,1,0,0,3,0,999,999,0,0,0,0,0,0,0,0,0,5,0,0,0,0,3,2,65,2,1,8,1,0,0,14,6,99,9,1,98,1,0
48,482315,2,2,1,25,5,0,59,1,0,1,0,12,1,63,34,63034,4,2010,KNAGG4A81A53,K,N,A,G,G,4,A,8,1,A,5,3,0,0,0,000000000,00000000000,0,0,0,1,0,0,0,0,0,0,0,998,0,0,0,12,0,5,54,0,0,0,1,48,79908,9,9,99,9,9,9,999,999,99,99,99,99,99,99,9999,99,9999,0,0,0,0,0,3,2,65,2,1,8,1,0,0,14,90,99,1,1,98,0,0
48,482316,1,2,3,9,8,11,21,12,1,1,0,48,2,14,6,14006,4,2000,2MEFM75W7YX7,2,M,E,F,M,7,5,W,7,Y,X,7,0,0,0,000000000,00000000000,0,0,0,1,0,0,0,0,0,0,0,998,0,0,0,12,4,3,12,0,0,0,1,48,79107,6,1,0,0,3,0,999,999,0,0,0,0,0,0,0,0,0,5,0,0,0,0,5,5,40,1,1,8,1,3,3,1,50,99,1,1,20,1,0
48,482316,2,2,1,9,8,11,21,12,1,1,0,48,1,20,404,20404,14,2010,2CNALBEW8A62,2,C,N,A,L,B,E,W,8,A,6,2,0,0,0,000000000,00000000000,0,0,0,1,0,0,0,0,0,0,0,0,0,0,0,6,4,5,12,0,0,0,1,48,75002,6,1,0,0,3,3,999,999,0,0,0,0,0,0,0,0,0,0,0,0,0,0,5,5,40,1,1,8,1,0,0,5,53,1,1,1,21,0,0
48,482317,1,1,1,3,10,16,20,16,0,1,0,48,3,20,481,20481,31,2008,1GCHK29618E1,1,G,C,H,K,2,9,6,1,8,E,1,0,0,0,000000000,00000000000,0,0,0,1,0,0,0,0,0,0,0,998,0,0,0,0,6,2,16,0,0,0,1,48,76450,6,1,0,0,3,0,67,228,0,0,0,0,1,5,2013,5,2013,0,0,0,0,0,1,2,70,1,1,8,1,0,0,1,98,99,1,1,0,1,0
48,482318,1,1,99,4,10,12,49,9,0,1,1,99,9,99,999,99999,99,9999,999999999999,9,9,9,9,9,9,9,9,9,9,9,9,0,0,0,000000000,00000000000,0,0,0,1,0,0,0,0,0,0,0,998,0,0,0,12,2,5,9,0,0,0,1,99,99999,9,9,99,9,9,9,999,999,99,99,99,99,99,99,9999,99,9999,0,99,99,99,99,1,2,45,1,1,8,1,0,0,1,83,99,9,1,13,0,0
48,482319,1,3,3,5,10,5,25,12,2,1,0,48,2,7,28,7028,2,2011,2B3CJ4DG5BH5,2,B,3,C,J,4,D,G,5,B,H,5,0,0,0,000000000,00000000000,0,0,0,1,0,0,0,0,0,0,0,998,0,0,0,12,6,2,12,0,0,0,1,48,78012,6,1,0,0,3,0,999,999,0,0,0,3,0,11,2011,4,2014,3,33,0,0,0,1,2,70,1,1,8,1,0,0,6,54,99,1,2,52,2,1
48,482319,2,3,2,5,10,5,25,12,2,1,0,48,1,12,481,12481,31,2012,1FTFW1CT0CFA,1,F,T,F,W,1,C,T,0,C,F,A,0,0,0,000000000,00000000000,0,0,0,1,0,0,0,0,0,0,0,998,0,0,0,12,6,2,12,0,0,0,1,48,78064,6,1,0,0,3,0,999,999,0,0,0,0,0,0,0,0,0,0,0,0,0,0,1,2,70,1,1,8,1,0,0,1,60,99,1,1,98,0,0
48,482319,3,3,1,5,10,5,25,12,2,1,0,48,3,12,481,12481,31,2013,1FTFX1EF3DKF,1,F,T,F,X,1,E,F,3,D,K,F,0,0,0,000000000,00000000000,0,0,0,1,0,0,0,0,0,0,0,998,0,0,0,12,6,2,12,0,0,0,1,48,78016,6,1,0,0,3,0,999,999,1,0,0,0,0,11,2011,11,2011,0,0,0,0,0,1,2,70,1,1,8,1,0,0,1,54,99,1,1,52,0,0
48,482320,1,1,1,5,10,20,40,8,0,1,0,48,1,54,37,54037,2,1999,19UYA2257XL0,1,9,U,Y,A,2,2,5,7,X,L,0,0,0,0,000000000,00000000000,0,0,0,1,0,0,0,0,0,0,0,998,0,0,0,11,0,3,8,0,0,0,1,48,75235,6,1,0,0,3,0,999,999,0,0,0,2,0,12,2012,4,2013,0,0,0,0,0,1,4,30,1,2,8,1,0,0,1,80,99,1,1,13,0,0
48,482321,1,1,5,5,10,1,11,42,0,1,0,48,1,20,481,20481,31,2003,1GCHK23153F1,1,G,C,H,K,2,3,1,5,3,F,1,0,0,0,000000000,00000000000,0,0,0,1,0,0,0,0,0,0,0,998,0,1,1,12,6,2,42,0,0,0,1,48,76258,6,1,0,0,3,3,999,999,0,2,1,1,0,9,2012,7,2013,2,0,0,0,0,1,2,35,1,1,8,1,0,0,1,12,99,1,4,6,1,1
48,482322,1,2,1,5,10,17,30,12,6,1,0,48,0,37,705,37705,80,2005,JH2RC50345M1,J,H,2,R,C,5,0,3,4,5,M,1,0,0,0,000000000,00000000000,0,0,0,1,0,0,0,0,0,0,0,998,0,0,0,11,8,3,12,0,0,0,1,48,76264,6,1,0,0,2,0,999,999,0,0,0,1,0,7,2014,7,2014,0,0,0,0,0,1,2,35,1,1,8,1,0,0,1,62,99,1,1,69,1,0
48,482322,2,2,2,5,10,17,30,12,6,1,0,48,2,12,481,12481,31,2009,1FTPW14V29FA,1,F,T,P,W,1,4,V,2,9,F,A,0,0,0,000000000,00000000000,0,0,0,1,0,0,0,0,0,0,0,998,0,0,0,12,2,8,12,0,0,0,1,48,76264,0,0,0,0,0,0,999,999,0,0,0,0,0,0,0,0,0,0,38,0,0,0,1,2,35,1,1,8,1,0,0,11,15,99,1,2,68,0,0
48,482323,1,2,1,5,10,3,40,12,2,1,0,48,2,55,33,55033,4,2004,KMHWF35HX4A9,K,M,H,W,F,3,5,H,X,4,A,9,0,0,0,000000000,00000000000,0,0,0,1,0,0,0,0,0,0,0,998,0,0,0,12,6,2,12,0,0,0,1,48,77373,6,1,0,0,3,2,999,999,0,4,0,0,0,11,2012,3,2014,0,51,74,0,0,3,3,65,1,1,8,1,0,0,1,54,99,1,1,52,1,1
48,482323,2,2,1,5,10,3,40,12,2,1,0,48,2,49,40,49040,4,2007,4T1BK46K97U0,4,T,1,B,K,4,6,K,9,7,U,0,0,0,0,000000000,00000000000,0,0,0,1,0,0,0,0,0,0,0,998,0,0,0,12,6,2,12,0,0,0,1,48,77044,6,1,0,0,3,3,999,999,0,0,0,0,0,0,0,0,0,0,0,0,0,0,3,3,65,1,1,8,1,0,0,1,54,99,1,1,52,1,0
48,482324,1,1,2,5,10,1,45,5,0,1,0,48,1,22,19,22019,2,2008,1G2AN18B1871,1,G,2,A,N,1,8,B,1,8,7,1,0,0,0,000000000,00000000000,0,0,0,1,0,0,0,0,0,0,0,998,0,0,0,0,0,3,5,0,0,0,1,48,77009,6,1,0,0,3,3,999,999,1,4,0,0,0,11,2011,8,2013,0,91,0,0,0,1,2,30,1,1,1,1,0,0,1,98,1,1,1,0,1,1
48,482325,1,1,1,5,10,4,50,42,0,1,0,48,2,7,482,7482,31,2007,1D7HA18297S2,1,D,7,H,A,1,8,2,9,7,S,2,0,0,0,000000000,00000000000,0,0,0,1,0,0,0,0,0,0,0,998,0,0,0,12,4,3,42,0,0,0,1,48,77584,1,1,0,0,2,3,999,999,0,7,0,0,0,2,2013,7,2014,0,0,0,0,0,1,2,30,2,1,8,1,0,0,14,12,99,1,4,6,1,1
48,482326,1,2,1,5,10,15,35,33,0,1,0,48,1,37,705,37705,80,2005,JH2PC37005M2,J,H,2,P,C,3,7,0,0,5,M,2,0,0,0,000000000,00000000000,0,0,0,1,0,0,0,0,0,0,0,998,0,0,0,12,8,3,54,0,0,0,1,48,77093,6,1,0,0,3,0,999,999,0,2,0,3,0,10,2012,5,2014,0,0,0,0,0,2,3,35,1,1,1,1,0,0,1,12,99,1,4,6,1,1
48,482326,2,2,1,5,10,15,35,33,0,1,0,48,1,12,481,12481,31,2001,1FTZX17201NB,1,F,T,Z,X,1,7,2,0,1,N,B,0,0,0,000000000,00000000000,0,0,0,1,0,0,0,0,0,0,0,998,0,0,0,12,2,5,54,0,0,0,1,48,77040,6,1,0,0,3,3,999,999,0,0,0,0,0,0,0,0,0,0,0,0,0,0,2,3,35,1,1,1,1,0,0,1,98,99,1,1,98,0,0
48,482327,1,1,3,5,10,1,2,57,0,1,0,48,1,23,422,23422,15,2008,1GKFC13028R1,1,G,K,F,C,1,3,0,2,8,R,1,0,0,0,000000000,00000000000,0,0,0,1,0,0,0,0,0,0,0,998,0,1,3,12,4,3,1,0,0,0,1,48,75602,6,1,6,0,3,0,999,999,1,0,0,0,0,11,2013,11,2013,0,0,0,0,0,3,2,75,1,1,8,1,0,0,1,12,99,1,4,6,2,1
48,482328,1,1,1,5,10,23,34,8,0,1,0,48,1,82,884,82884,66,2007,1FUJBBCG97LW,1,F,U,J,B,B,C,G,9,7,L,W,1,1,57,266865,57266865,3,6,1,1,0,0,0,0,0,0,0,998,0,0,0,12,2,5,8,0,0,0,1,48,77493,6,1,6,0,3,0,999,999,0,0,0,0,0,0,0,0,0,0,0,0,0,0,1,2,70,1,1,8,1,0,0,1,80,99,1,1,13,0,0
48,482329,1,2,1,5,10,2,7,12,2,1,0,48,1,7,472,7472,30,2006,1D7HE48N06S5,1,D,7,H,E,4,8,N,0,6,S,5,0,0,0,000000000,00000000000,0,0,0,1,0,0,0,0,0,0,0,998,0,0,0,12,6,2,12,0,0,0,1,48,77331,6,1,0,0,3,0,999,999,0,0,0,0,0,0,0,0,0,0,51,0,0,0,1,2,55,1,3,8,1,0,0,1,10,99,1,2,50,1,1
48,482329,2,2,1,5,10,2,7,12,2,1,0,48,1,7,482,7482,31,2006,3D7KS29CX6G2,3,D,7,K,S,2,9,C,X,6,G,2,0,0,0,000000000,00000000000,0,0,0,1,0,0,0,0,0,0,0,998,0,0,0,12,6,2,12,0,0,0,1,48,77371,6,1,0,0,3,0,999,999,0,0,0,0,0,0,0,0,0,0,0,0,0,0,1,2,55,1,3,8,1,0,0,1,62,99,1,1,51,0,0
48,482330,1,1,1,5,10,20,45,8,0,1,0,48,1,49,472,49472,30,1996,4TAWN72N3TZ2,4,T,A,W,N,7,2,N,3,T,Z,2,0,0,0,000000000,00000000000,0,0,0,1,0,0,0,0,0,0,0,998,0,0,0,12,4,3,8,0,0,0,1,48,76116,0,0,0,0,0,0,999,999,0,0,0,0,0,0,0,0,0,0,0,0,0,0,3,2,40,1,1,8,1,0,0,1,80,99,1,1,13,0,0
48,482331,1,1,2,5,10,2,20,59,0,1,0,48,1,20,482,20482,31,2004,3GNEC12T94G3,3,G,N,E,C,1,2,T,9,4,G,3,0,0,0,000000000,00000000000,0,0,0,1,0,0,0,0,0,0,0,998,0,1,5,12,6,2,1,0,0,0,1,48,75043,6,1,0,0,3,0,999,999,1,0,0,1,0,3,2012,10,2013,0,91,0,0,0,2,2,80,1,1,8,1,0,0,1,13,1,1,4,1,1,0
48,482332,1,1,1,6,10,18,0,32,0,1,0,48,0,72,706,72706,80,2009,1HD1CX3159K4,1,H,D,1,C,X,3,1,5,9,K,4,0,0,0,000000000,00000000000,0,0,0,1,0,0,0,0,0,0,0,998,0,0,0,98,8,2,32,0,0,0,1,48,75501,6,1,0,0,3,3,999,999,0,0,0,0,0,0,0,0,0,4,0,0,0,0,1,2,55,3,1,8,1,0,0,14,13,99,1,4,1,1,0
48,482333,1,2,1,6,10,8,9,12,1,1,0,48,2,20,25,20025,4,2012,1G1PG5SCXC72,1,G,1,P,G,5,S,C,X,C,7,2,0,0,0,000000000,00000000000,0,0,0,1,0,0,0,0,0,0,0,998,0,0,0,12,4,3,12,0,0,0,1,48,75554,6,1,0,0,3,0,999,999,0,0,0,0,0,0,0,0,0,5,0,0,0,0,1,2,70,1,2,8,1,0,0,1,51,99,1,1,24,0,0
48,482333,2,2,1,6,10,8,9,12,1,1,0,48,1,23,481,23481,31,2005,2GTEC19TX513,2,G,T,E,C,1,9,T,X,5,1,3,0,0,0,000000000,00000000000,0,0,0,1,0,0,0,0,0,0,0,998,0,1,5,6,4,3,1,0,0,0,1,48,75559,6,1,0,0,3,3,999,999,0,0,0,0,0,0,0,0,0,0,0,0,0,0,1,2,70,1,2,8,1,0,0,1,53,99,1,1,25,1,0
48,482334,1,2,1,6,10,13,50,12,1,1,0,48,0,82,881,82881,66,1997,1FUYDSEB9VL6,1,F,U,Y,D,S,E,B,9,V,L,6,1,1,57,2022252,572022252,3,6,4,1,0,0,0,0,0,0,0,998,0,0,0,6,4,8,12,0,0,0,1,48,75149,6,1,6,0,3,3,999,999,0,0,0,0,0,0,0,0,0,0,0,0,0,0,2,4,70,1,1,8,1,0,0,1,53,99,1,1,25,0,0
48,482334,2,2,2,6,10,13,50,12,1,1,0,48,2,20,2,20002,4,1994,1G1BN52WXRR1,1,G,1,B,N,5,2,W,X,R,R,1,0,0,0,000000000,00000000000,0,0,0,1,0,0,0,0,0,0,0,998,0,0,0,12,4,3,12,32,0,0,1,48,75785,6,1,0,0,3,3,999,999,0,1,0,0,0,6,2014,6,2014,0,0,0,0,0,2,4,70,1,1,8,1,0,0,1,51,6,1,1,24,1,0
48,482335,1,1,1,6,10,4,30,8,0,1,0,48,2,12,481,12481,31,2002,1FTRW07L62KB,1,F,T,R,W,0,7,L,6,2,K,B,0,0,0,000000000,00000000000,0,0,0,1,0,0,0,0,0,0,0,998,0,0,0,12,2,3,8,0,0,0,1,48,75645,6,1,0,0,3,0,999,999,0,0,0,0,0,0,0,0,0,0,0,0,0,0,5,5,45,1,3,8,1,0,0,1,80,99,1,1,13,0,0
48,482336,1,1,1,6,10,11,30,16,0,1,0,48,1,20,421,20421,15,2005,1GNEC13T25R1,1,G,N,E,C,1,3,T,2,5,R,1,0,0,0,000000000,00000000000,0,0,0,1,0,0,0,0,0,0,0,998,0,0,0,0,2,3,16,0,0,0,1,48,77377,6,1,0,0,3,3,999,999,0,0,0,0,0,0,0,0,0,0,0,0,0,0,1,2,40,1,1,8,1,0,0,1,91,99,1,1,0,1,0
48,482337,1,1,1,6,10,13,15,1,0,1,0,18,3,84,881,84881,63,2013,1HTWBAAN6DJ1,1,H,T,W,B,A,A,N,6,D,J,1,0,0,57,2385006,572385006,3,1,98,1,0,0,0,0,0,0,0,998,0,2,5,0,4,3,1,0,0,0,1,48,79401,6,1,6,0,3,0,999,999,0,0,0,0,0,0,0,0,0,4,58,0,0,0,1,2,70,3,3,1,1,40,3,14,13,6,4,4,1,1,0
48,482338,1,2,4,6,10,12,30,12,6,1,0,48,1,49,402,49402,14,2013,JTMZFREV1DD0,J,T,M,Z,F,R,E,V,1,D,D,0,0,0,0,000000000,00000000000,0,0,0,1,0,0,0,0,0,0,0,998,0,0,0,5,4,3,12,0,0,0,1,6,91755,6,1,0,0,3,3,71,155,0,0,0,0,0,0,0,0,0,0,38,0,0,0,4,2,98,2,8,8,98,20,3,14,17,99,1,1,87,2,0
48,482338,2,2,1,6,10,12,30,12,6,1,0,93,1,20,880,20880,67,2013,1GC4K1C81DF2,1,G,C,4,K,1,C,8,1,D,F,2,1,1,88,888888888,88888888888,3,4,98,1,0,0,0,0,0,0,0,998,0,0,0,12,4,3,12,0,0,0,1,48,77433,6,1,6,0,3,3,999,999,0,0,0,0,0,0,0,0,0,0,0,0,0,0,1,2,98,8,8,8,98,0,0,1,66,99,1,1,86,0,0
48,482339,1,2,3,6,10,16,50,12,2,1,0,48,2,67,33,67033,5,2012,JTKKU4B41C10,J,T,K,K,U,4,B,4,1,C,1,0,0,0,0,000000000,00000000000,0,0,0,1,0,0,0,0,0,0,0,998,0,0,0,12,6,2,12,0,0,0,1,48,78390,6,1,0,0,3,0,999,999,0,1,0,1,0,3,2012,5,2012,3,28,51,0,0,1,2,60,1,1,8,1,0,0,1,10,99,1,2,50,1,0
48,482339,2,2,1,6,10,16,50,12,2,1,0,48,3,84,881,84881,66,2007,2HSCNAPR97C4,2,H,S,C,N,A,P,R,9,7,C,4,1,1,57,1943050,571943050,3,6,2,1,0,0,0,0,0,0,0,998,0,0,0,12,4,3,12,0,0,0,1,48,78390,6,1,6,1,3,3,999,999,0,0,0,0,0,0,0,0,0,0,0,0,0,0,1,2,60,1,1,8,1,0,0,1,62,7,1,1,51,0,0
48,482340,1,2,1,6,10,19,15,12,6,1,0,5,2,37,32,37032,4,2003,JHMCM56653C0,J,H,M,C,M,5,6,6,5,3,C,0,0,0,0,000000000,00000000000,0,0,0,1,0,0,0,0,0,0,0,998,0,0,0,81,4,3,12,0,0,0,1,5,71913,6,1,0,0,3,3,64,148,0,0,0,0,0,0,0,0,0,0,38,0,0,0,2,4,50,1,1,8,1,4,3,11,15,99,1,1,68,0,0
48,482340,2,2,1,6,10,19,15,12,6,1,0,48,0,53,705,53705,80,2000,JS1GN79A1Y21,J,S,1,G,N,7,9,A,1,Y,2,1,0,0,0,000000000,00000000000,0,0,0,1,0,0,0,0,0,0,0,998,0,0,0,12,4,3,12,0,0,0,1,48,75706,6,1,0,0,2,0,65,185,0,3,0,4,0,6,2012,1,2014,0,0,0,0,0,2,4,50,1,1,8,1,4,3,1,62,99,1,1,69,1,0
48,482341,1,4,1,6,10,7,40,12,1,1,0,48,0,20,481,20481,31,2014,3GCUKSEC9EG1,3,G,C,U,K,S,E,C,9,E,G,1,1,1,0,000000000,00000000000,0,0,0,1,0,0,0,0,0,0,0,998,0,0,0,12,2,3,12,0,0,0,1,48,78230,6,1,0,0,3,0,999,999,0,1,0,0,0,12,2012,12,2012,5,0,0,0,0,1,2,65,1,1,8,1,0,0,1,52,99,9,1,28,0,0
48,482341,2,4,2,6,10,7,40,12,1,1,0,48,2,20,37,20037,4,2012,1G1ZB5E04CF2,1,G,1,Z,B,5,E,0,4,C,F,2,0,0,0,000000000,00000000000,0,0,0,1,0,0,0,0,0,0,0,998,0,0,0,6,6,2,12,0,0,0,1,48,78520,6,1,0,0,3,0,999,999,0,0,0,0,0,0,0,0,0,0,0,0,0,0,1,2,65,1,1,8,1,0,0,2,53,99,1,1,29,1,0
48,482341,3,4,1,6,10,7,40,12,1,1,0,48,1,7,472,7472,30,2001,1B7GL2ANX1S1,1,B,7,G,L,2,A,N,X,1,S,1,0,0,0,000000000,00000000000,0,0,0,1,0,0,0,0,0,0,0,998,0,0,0,12,4,3,12,0,0,0,1,48,78719,6,1,0,0,3,0,999,999,0,1,0,2,0,3,2012,4,2014,0,0,0,0,0,1,2,65,1,1,8,1,0,0,1,62,99,1,1,98,0,0
48,482341,4,4,3,6,10,7,40,12,1,1,0,48,0,12,481,12481,31,2008,1FTWW31RX8ED,1,F,T,W,W,3,1,R,X,8,E,D,0,0,0,000000000,00000000000,0,0,0,1,0,0,0,0,0,0,0,0,0,0,0,6,2,5,12,0,0,0,1,48,78744,6,1,0,0,3,3,999,999,0,0,0,0,0,0,0,0,0,0,0,0,0,0,1,2,65,1,1,8,1,0,0,5,53,1,1,1,98,0,0
48,482342,1,1,1,7,10,8,22,1,0,1,0,48,1,18,7,18007,4,2003,2G4WS52J5311,2,G,4,W,S,5,2,J,5,3,1,1,0,0,0,000000000,00000000000,0,0,0,1,0,0,0,0,0,0,0,998,0,9,5,0,4,3,1,0,0,0,1,48,78940,6,1,0,0,3,3,999,999,0,0,0,0,0,0,0,0,0,0,83,58,0,0,1,2,60,3,1,8,2,0,0,14,87,7,1,4,1,1,0
48,482343,1,1,2,7,10,9,48,8,0,1,0,48,1,12,481,12481,31,2002,1FTRW08L72KD,1,F,T,R,W,0,8,L,7,2,K,D,1,1,0,000000000,00000000000,0,0,0,1,0,0,0,0,0,0,0,998,0,0,0,12,0,5,8,0,0,0,1,35,78232,6,1,0,0,3,0,68,180,98,0,0,0,0,0,0,0,0,0,0,0,0,0,2,3,65,1,1,8,1,0,0,1,80,99,1,1,13,0,0