STATE,ST_CASE,VEH_NO,VE_FORMS,NUMOCCS,DAY,MONTH,HOUR,MINUTE,HARM_EV,MAN_COLL,UNITTYPE,HIT_RUN,REG_STAT,OWNER,MAKE,MODEL,MAK_MOD,BODY_TYP,MOD_YEAR,VIN,VIN_1,VIN_2,VIN_3,VIN_4,VIN_5,VIN_6,VIN_7,VIN_8,VIN_9,VIN_10,VIN_11,VIN_12,TOW_VEH,J_KNIFE,MCARR_I1,MCARR_I2,MCARR_ID,GVWR,V_CONFIG,CARGO_BT,HAZ_INV,HAZ_PLAC,HAZ_ID,HAZ_CNO,HAZ_REL,BUS_USE,SPEC_USE,EMER_USE,TRAV_SP,UNDERIDE,ROLLOVER,ROLINLOC,IMPACT1,DEFORMED,TOWED,M_HARM,VEH_SC1,VEH_SC2,FIRE_EXP,DR_PRES,L_STATE,DR_ZIP,L_STATUS,L_TYPE,CDL_STAT,L_ENDORS,L_COMPL,L_RESTRI,DR_HGT,DR_WGT,PREV_ACC,PREV_SUS,PREV_DWI,PREV_SPD,PREV_OTH,FIRST_MO,FIRST_YR,LAST_MO,LAST_YR,SPEEDREL,DR_SF1,DR_SF2,DR_SF3,DR_SF4,VTRAFWAY,VNUM_LAN,VSPD_LIM,VALIGN,VPROFILE,VPAVETYP,VSURCOND,VTRAFCON,VTCONT_F,P_CRASH1,P_CRASH2,P_CRASH3,PCRASH4,PCRASH5,ACC_TYPE,DEATHS,DR_DRINK
48,482344,1,2,1,7,10,23,55,12,6,1,0,48,2,12,481,12481,31,1996,1FTJW35F0TEA,1,F,T,J,W,3,5,F,0,T,E,A,0,0,0,000000000,00000000000,0,0,0,1,0,0,0,0,0,0,0,998,0,0,0,12,4,3,12,0,0,0,1,48,78251,6,1,0,0,3,0,999,999,2,0,0,0,0,3,2012,9,2012,0,39,0,0,0,5,5,40,1,1,8,1,3,3,1,17,99,1,1,88,0,0
48,482344,2,2,1,7,10,23,55,12,6,1,0,48,1,24,2,24002,2,1999,1G8ZP1286XZ3,1,G,8,Z,P,1,2,8,6,X,Z,3,0,0,0,000000000,00000000000,0,0,0,1,0,0,0,0,0,0,0,998,0,0,0,9,6,2,12,0,0,0,1,48,78250,6,1,0,0,3,0,999,999,0,0,0,0,0,0,0,0,0,0,0,0,0,0,1,2,99,1,1,8,1,3,3,1,66,99,1,1,89,1,0
48,482346,1,2,2,7,10,7,2,12,2,1,0,48,3,12,481,12481,31,2011,1FT7W2BTXBEC,1,F,T,7,W,2,B,T,X,B,E,C,0,0,0,000000000,00000000000,0,0,0,1,0,0,0,0,0,0,0,998,0,0,0,12,6,2,12,0,0,0,1,48,77901,6,1,0,0,3,0,999,999,0,0,0,1,0,6,2012,6,2012,0,28,91,0,0,1,2,65,1,1,8,1,0,0,1,10,99,1,2,50,0,1
48,482346,2,2,1,7,10,7,2,12,2,1,0,48,1,12,481,12481,31,2014,1FTFW1EF9EKD,1,F,T,F,W,1,E,F,9,E,K,D,0,0,0,000000000,00000000000,0,0,0,1,0,0,0,0,0,0,0,998,0,0,0,12,6,2,12,0,0,0,1,48,78539,6,1,0,0,3,0,999,999,0,0,0,0,0,0,0,0,0,0,0,0,0,0,1,2,65,1,1,8,1,0,0,1,62,99,1,1,51,1,0
48,482347,1,1,1,7,10,23,7,30,0,1,0,48,1,23,481,23481,31,2000,2GTEC19T9Y11,2,G,T,E,C,1,9,T,9,Y,1,1,0,0,0,000000000,00000000000,0,0,0,1,0,0,0,0,0,0,0,998,0,1,5,12,4,3,30,0,0,0,1,48,76240,0,0,0,0,0,0,63,176,0,0,0,0,0,0,0,0,0,3,0,0,0,0,1,2,30,1,1,8,1,0,0,1,12,99,1,4,6,1,1
48,482348,1,2,1,7,10,20,45,8,0,1,0,48,2,49,40,49040,4,2003,4T1BE32K63U2,4,T,1,B,E,3,2,K,6,3,U,2,0,0,0,000000000,00000000000,0,0,0,1,0,0,0,0,0,0,0,998,0,0,0,12,2,3,8,0,0,0,1,48,75082,6,1,0,0,3,3,999,999,0,0,0,0,0,0,0,0,0,5,0,0,0,0,4,3,50,1,3,8,1,0,0,1,80,99,1,1,13,0,0
48,482348,2,2,0,7,10,20,45,8,0,1,0,48,6,7,482,7482,31,2007,1D7HA18217S2,1,D,7,H,A,1,8,2,1,7,S,2,0,0,0,000000000,00000000000,0,0,0,1,0,0,0,0,0,0,0,0,0,0,0,6,2,3,54,0,0,0,0,0,99997,7,6,97,7,6,7,998,997,998,998,998,998,998,98,9998,98,9998,8,0,0,0,0,4,3,50,1,3,8,1,0,0,0,53,0,0,0,98,0,0
48,482349,1,1,1,7,10,11,44,1,0,1,0,48,1,12,471,12471,30,2000,1FTYR10C4YPA,1,F,T,Y,R,1,0,C,4,Y,P,A,0,0,0,000000000,00000000000,0,0,0,1,0,0,0,0,0,0,0,998,0,1,5,0,2,3,1,0,0,0,1,48,76249,6,1,0,0,3,0,999,999,0,0,0,0,0,0,0,0,0,0,58,0,0,0,1,2,60,1,1,8,1,0,0,1,13,6,4,4,7,1,0
48,482350,1,2,1,7,10,6,23,12,1,1,0,1,1,37,39,37039,5,2009,JHMGE88679S0,J,H,M,G,E,8,8,6,7,9,S,0,0,0,0,000000000,00000000000,0,0,0,1,0,0,0,0,0,0,0,998,0,0,0,12,6,2,12,0,0,0,1,48,76049,6,1,0,0,3,3,999,999,0,0,0,0,0,0,0,0,0,5,0,0,0,0,2,2,75,1,2,8,1,0,0,1,51,99,1,1,24,1,0
48,482350,2,2,1,7,10,6,23,12,1,1,0,93,3,87,884,87884,66,2005,1XP5DB9X45D8,1,X,P,5,D,B,9,X,4,5,D,8,1,1,57,1905389,571905389,3,6,2,1,0,0,0,0,0,0,0,998,0,0,0,6,2,5,12,0,0,0,1,48,76033,6,1,6,0,3,0,999,999,0,0,0,0,0,0,0,0,0,0,38,0,0,0,2,2,75,1,2,8,1,0,0,1,53,99,1,1,25,0,0
48,482351,1,1,1,7,10,19,19,1,0,1,0,48,1,7,481,7481,31,1983,1B7HW14T8DS4,1,B,7,H,W,1,4,T,8,D,S,4,0,0,0,000000000,00000000000,0,0,0,1,0,0,0,0,0,0,0,998,0,2,5,0,6,2,1,0,0,0,1,48,78332,6,1,0,0,3,0,999,999,0,0,0,0,0,0,0,0,0,0,0,0,0,0,2,2,75,1,1,8,1,0,0,1,1,99,3,4,2,1,1
48,482352,1,3,2,7,10,14,48,43,0,1,0,22,3,84,881,84881,62,1997,1HTSDAAN5VH4,1,H,T,S,D,A,A,N,5,V,H,4,0,0,57,1842217,571842217,2,1,98,1,0,0,0,0,0,0,0,998,0,1,5,83,4,3,12,0,0,0,1,22,70605,1,1,0,0,2,3,999,999,0,0,0,0,0,0,0,0,0,0,58,0,0,0,1,2,60,1,3,8,1,0,0,1,13,99,1,4,1,0,0
48,482352,2,3,3,7,10,14,48,43,0,1,0,35,1,12,16,12016,4,1996,2FALP73W8TX1,2,F,A,L,P,7,3,W,8,T,X,1,0,0,0,000000000,00000000000,0,0,0,1,0,0,0,0,0,0,0,998,0,0,0,9,4,3,12,0,0,0,1,35,87701,6,1,0,0,3,0,72,215,98,0,0,0,0,0,0,0,0,0,0,0,0,0,1,2,60,1,3,8,1,0,0,1,62,99,1,1,98,1,0
48,482352,3,3,1,7,10,14,48,43,0,1,0,48,2,38,898,38898,61,2006,JALB4B161670,J,A,L,B,4,B,1,6,1,6,7,0,0,0,88,888888888,88888888888,2,1,1,1,0,0,0,0,0,0,0,998,0,1,5,12,6,2,12,0,0,0,1,48,77339,6,1,0,0,2,0,999,999,0,0,0,1,0,1,2013,1,2013,0,0,0,0,0,1,2,60,1,3,8,1,0,0,1,62,99,1,1,98,1,0
48,482353,1,1,1,7,10,22,36,8,0,1,0,48,1,7,422,7422,15,2004,1D4HB48D74F1,1,D,4,H,B,4,8,D,7,4,F,1,0,0,0,000000000,00000000000,0,0,0,1,0,0,0,0,0,0,0,998,0,0,0,12,4,3,8,0,0,0,1,48,75703,6,1,0,0,3,3,999,999,0,0,0,1,0,9,2014,9,2014,0,0,0,0,0,5,5,45,1,1,8,1,0,0,1,80,1,1,1,13,0,0
48,482354,1,3,1,7,10,14,20,12,1,1,0,48,0,37,32,37032,4,2010,5KBCP3F85AB0,5,K,B,C,P,3,F,8,5,A,B,0,0,0,0,000000000,00000000000,0,0,0,1,0,0,0,0,0,0,0,998,0,0,0,12,4,3,12,0,0,0,1,48,76013,6,1,0,0,3,3,999,999,0,0,0,1,0,12,2011,12,2011,0,26,0,0,0,3,5,60,1,1,8,1,0,0,1,51,99,1,1,24,0,0
48,482354,2,3,5,7,10,14,20,12,1,1,0,48,2,41,35,41035,4,1996,JM1BB1414T03,J,M,1,B,B,1,4,1,4,T,0,3,0,0,0,000000000,00000000000,0,0,0,1,0,0,0,0,0,0,0,998,0,0,0,6,6,2,12,0,0,0,1,48,76013,6,1,0,0,3,0,999,999,0,0,0,0,0,0,0,0,0,0,0,0,0,0,3,5,60,1,1,8,1,0,0,1,53,99,1,1,25,1,0
48,482354,3,3,2,7,10,14,20,12,1,1,0,48,2,59,31,59031,4,2000,JT8BF28G6Y51,J,T,8,B,F,2,8,G,6,Y,5,1,0,0,0,000000000,00000000000,0,0,0,1,0,0,0,0,0,0,0,998,0,0,0,81,2,8,12,0,0,0,1,48,76010,6,1,0,0,3,3,999,999,0,0,0,0,0,0,0,0,0,0,0,0,0,0,3,5,60,1,1,8,1,0,0,1,61,99,1,1,98,0,0
48,482355,1,1,1,7,10,5,35,43,0,1,0,48,2,20,481,20481,31,1997,1GCHC34R4VE1,1,G,C,H,C,3,4,R,4,V,E,1,0,0,0,000000000,00000000000,0,0,0,1,0,0,0,0,0,0,0,998,0,1,3,98,4,3,1,0,0,0,1,48,77706,6,1,0,0,3,0,999,999,0,2,0,1,0,6,2012,9,2013,0,0,0,0,0,2,2,80,2,2,8,1,0,0,14,12,7,3,4,6,1,0
48,482356,1,2,1,7,10,14,14,12,6,1,0,48,0,23,481,23481,31,2002,1GTHK23G02F1,1,G,T,H,K,2,3,G,0,2,F,1,0,0,0,000000000,00000000000,0,0,0,1,0,0,0,0,0,0,0,998,0,0,0,12,4,3,12,0,0,0,1,48,77437,6,2,0,0,3,3,999,999,0,0,0,0,0,0,0,0,0,0,35,0,0,0,1,2,60,1,1,8,1,0,0,6,10,99,1,1,74,0,0
48,482356,2,2,1,7,10,14,14,12,6,1,0,48,2,18,7,18007,4,1993,1G4AG54N1P64,1,G,4,A,G,5,4,N,1,P,6,4,0,0,0,000000000,00000000000,0,0,0,1,0,0,0,0,0,0,0,998,0,1,1,9,6,2,12,0,0,0,1,48,77414,6,1,0,0,3,3,999,999,0,0,0,0,0,0,0,0,0,0,42,0,0,0,1,2,60,1,1,8,1,0,0,11,53,99,1,1,74,1,0
48,482357,1,1,1,7,10,18,11,42,0,1,0,48,1,49,401,49401,14,2001,JT3HN86RX103,J,T,3,H,N,8,6,R,X,1,0,3,0,0,0,000000000,00000000000,0,0,0,1,0,0,0,0,0,0,0,998,0,0,0,12,6,2,42,0,0,1,1,48,78628,6,1,0,0,3,0,999,999,0,0,0,2,0,12,2013,1,2014,0,0,0,0,0,5,3,35,2,1,8,1,0,0,14,12,99,1,4,6,1,0
48,482358,1,1,2,8,10,21,10,8,0,1,0,48,0,38,402,38402,14,2001,4S2CK58W8143,4,S,2,C,K,5,8,W,8,1,4,3,0,0,0,000000000,00000000000,0,0,0,1,0,0,0,0,0,0,0,998,0,0,0,12,2,3,8,0,0,0,1,48,78210,1,1,0,0,2,0,999,999,0,1,0,0,0,2,2014,2,2014,0,0,0,0,0,3,4,45,1,1,8,1,0,0,1,52,7,1,2,13,0,0
48,482359,1,1,1,8,10,17,20,59,0,1,0,39,2,34,34,34034,2,1995,WBABJ6323SJD,W,B,A,B,J,6,3,2,3,S,J,D,0,0,0,000000000,00000000000,0,0,0,1,0,0,0,0,0,0,0,998,0,0,0,9,4,3,42,0,0,0,1,48,78654,6,1,0,0,3,3,999,999,0,0,0,0,0,0,0,0,0,0,58,84,0,0,2,2,70,1,1,8,1,40,3,1,60,7,3,4,3,1,0
48,482360,1,1,2,8,10,20,6,8,0,1,0,48,2,12,3,12003,2,1998,1FAFP4045WF2,1,F,A,F,P,4,0,4,5,W,F,2,0,0,0,000000000,00000000000,0,0,0,1,0,0,0,0,0,0,0,998,0,0,0,12,2,3,8,0,0,0,1,48,78639,6,1,0,0,3,0,999,999,0,0,0,3,1,5,2012,8,2014,0,0,0,0,0,1,4,50,1,1,8,1,0,0,1,80,1,1,1,13,0,0
48,482361,1,1,1,8,10,6,15,32,0,1,0,48,1,52,35,52035,4,2000,JA3AY26C1YU0,J,A,3,A,Y,2,6,C,1,Y,U,0,0,0,0,000000000,00000000000,0,0,0,1,0,0,0,0,0,0,0,998,0,1,5,7,6,2,1,0,0,0,1,48,76661,6,1,0,0,3,0,63,285,0,4,0,0,0,8,2012,5,2014,4,58,0,0,0,1,2,60,3,1,8,1,0,0,14,10,7,3,4,2,1,0
48,482362,1,2,1,8,10,15,40,12,6,1,0,28,1,7,27,7027,6,2014,3C4PDCAB3ET1,3,C,4,P,D,C,A,B,3,E,T,1,0,0,0,000000000,00000000000,0,0,0,1,0,0,0,0,0,0,0,998,0,0,0,12,4,3,12,0,0,0,1,28,39305,3,1,0,0,2,0,68,148,98,0,0,0,0,0,0,0,0,0,38,39,0,0,4,3,45,1,1,8,1,20,3,1,17,99,1,1,86,0,0
48,482362,2,2,2,8,10,15,40,12,6,1,0,48,1,18,2,18002,4,2000,1G4HP54K1Y42,1,G,4,H,P,5,4,K,1,Y,4,2,0,0,0,000000000,00000000000,0,0,0,1,0,0,0,0,0,0,0,998,0,0,0,2,4,3,12,32,0,0,1,48,77619,6,1,0,0,3,0,999,999,0,0,0,0,0,0,0,0,0,0,0,0,0,0,8,3,98,1,1,8,1,0,0,1,66,99,1,1,87,1,0
48,482363,1,3,1,8,10,17,50,12,6,1,0,48,1,7,482,7482,31,2005,3D7MS48C85G7,3,D,7,M,S,4,8,C,8,5,G,7,0,0,0,000000000,00000000000,0,0,0,1,0,0,0,0,0,0,0,998,0,0,0,12,4,3,12,0,0,0,1,48,76556,6,1,0,0,3,0,999,999,0,0,0,0,0,0,0,0,0,3,39,0,0,0,5,5,98,8,8,8,98,3,3,1,17,6,1,1,88,0,0
48,482363,2,3,2,8,10,17,50,12,6,1,0,48,2,20,22,20022,4,2006,1G1AK55FX676,1,G,1,A,K,5,5,F,X,6,7,6,0,0,0,000000000,00000000000,0,0,0,1,0,0,0,0,0,0,0,998,0,0,0,11,6,2,12,0,0,0,1,48,76567,0,0,0,0,0,0,999,999,0,0,0,0,0,0,0,0,0,0,0,0,0,0,1,3,98,8,8,8,98,3,3,4,66,99,1,1,89,1,0
48,482363,3,3,3,8,10,17,50,12,6,1,0,48,1,59,403,59403,14,2005,2T2GA31U45C0,2,T,2,G,A,3,1,U,4,5,C,0,0,0,0,000000000,00000000000,0,0,0,1,0,0,0,0,0,0,0,998,0,0,0,12,4,3,12,0,0,0,1,48,76537,6,1,0,0,3,0,999,999,0,0,0,1,0,9,2014,9,2014,0,0,0,0,0,1,3,98,8,8,8,98,3,3,4,66,99,1,1,98,0,0
48,482364,1,2,1,8,10,16,45,12,7,1,0,48,1,72,706,72706,80,2010,1HD1FC418AB6,1,H,D,1,F,C,4,1,8,A,B,6,0,0,0,000000000,00000000000,0,0,0,1,0,0,0,0,0,0,0,998,0,0,0,98,8,2,12,0,0,0,1,48,77464,6,1,6,0,3,3,999,999,0,0,0,0,0,0,0,0,0,0,0,0,0,0,1,2,60,1,1,8,1,0,0,1,60,99,1,1,48,1,0
48,482364,2,2,1,8,10,16,45,12,7,1,0,48,1,55,33,55033,4,2005,KMHWF35H45A1,K,M,H,W,F,3,5,H,4,5,A,1,0,0,0,000000000,00000000000,0,0,0,1,0,0,0,0,0,0,0,998,0,0,0,81,2,3,12,0,0,0,1,48,77063,0,0,0,0,0,0,999,999,0,0,0,0,0,0,0,0,0,0,35,91,0,0,1,2,60,1,1,8,1,0,0,6,10,7,1,2,48,0,0
48,482365,1,1,99,9,10,21,16,8,0,1,1,99,9,99,999,99999,99,9999,999999999999,9,9,9,9,9,9,9,9,9,9,9,9,9,0,99,999999999,99999999999,9,99,99,1,0,0,0,0,99,99,9,999,0,0,0,12,2,5,8,0,0,0,1,99,99999,9,9,99,9,9,9,999,999,99,99,99,99,99,99,9999,99,9999,0,99,99,99,99,3,5,60,1,1,1,1,0,0,1,80,99,1,1,13,0,0
48,482366,1,2,2,9,10,6,50,11,0,1,0,48,1,7,482,7482,31,1999,3B6MF3661XM5,3,B,6,M,F,3,6,6,1,X,M,5,0,0,0,000000000,00000000000,0,0,0,1,0,0,0,0,0,0,0,998,0,0,0,12,6,2,12,0,0,0,1,48,79065,6,1,0,0,3,0,999,999,0,0,0,0,0,0,0,0,0,0,0,0,0,0,1,2,75,1,1,8,1,0,0,1,87,99,1,1,13,2,0
48,482366,2,2,1,9,10,6,50,11,0,1,0,31,3,82,881,82881,66,2014,3AKJGLD54ESF,3,A,K,J,G,L,D,5,4,E,S,F,1,1,57,53467,5753467,3,6,1,1,0,0,0,0,0,0,0,998,0,0,0,12,6,2,12,0,0,0,1,6,92399,6,1,6,0,3,3,69,195,0,0,0,0,0,0,0,0,0,0,0,0,0,0,1,2,75,1,1,8,1,0,0,1,62,99,1,1,98,0,0
48,482367,1,1,2,9,10,18,28,1,0,1,0,48,2,7,482,7482,31,1995,1B7HC16X3SS1,1,B,7,H,C,1,6,X,3,S,S,1,0,0,0,000000000,00000000000,0,0,0,1,0,0,0,0,0,0,0,998,0,2,5,0,4,3,1,0,0,0,1,48,78118,0,0,0,0,0,0,999,999,0,0,0,0,0,0,0,0,0,0,58,0,0,0,1,2,60,3,1,8,1,0,0,14,62,7,3,4,98,1,0
48,482368,1,2,1,9,10,21,43,12,8,1,0,48,1,12,481,12481,31,1984,1FTEX15H9EKA,1,F,T,E,X,1,5,H,9,E,K,A,0,0,0,000000000,00000000000,0,0,0,1,0,0,0,0,0,0,0,998,0,0,0,61,6,2,58,0,0,0,1,48,78801,6,1,0,0,3,3,999,999,1,0,0,0,0,10,2011,10,2011,0,27,28,0,0,1,2,30,1,1,8,1,0,0,1,10,99,1,2,64,1,1
48,482368,2,2,1,9,10,21,43,12,8,1,0,48,1,12,401,12401,14,1999,1FMZU32E2XZA,1,F,M,Z,U,3,2,E,2,X,Z,A,0,0,0,000000000,00000000000,0,0,0,1,0,0,0,0,0,0,0,998,0,0,0,61,2,5,12,0,0,0,1,48,78242,6,1,0,0,3,0,999,999,0,0,0,0,1,12,2012,12,2012,0,0,0,0,0,1,2,30,1,1,8,1,0,0,1,62,99,1,1,65,0,0
48,482369,1,1,2,9,10,14,10,1,0,1,0,48,2,23,401,23401,14,2003,1GKDS13S2323,1,G,K,D,S,1,3,S,2,3,2,3,0,0,0,000000000,00000000000,0,0,0,1,0,0,0,0,0,0,0,998,0,2,1,0,6,2,1,0,0,0,1,48,79830,6,1,0,0,3,3,999,999,0,0,0,0,0,0,0,0,0,0,51,58,0,0,1,2,75,1,1,8,1,0,0,1,12,7,3,6,98,2,0
48,482370,1,1,1,9,10,23,26,42,0,1,0,48,2,37,32,37032,2,1996,1HGCD7263TA0,1,H,G,C,D,7,2,6,3,T,A,0,0,0,0,000000000,00000000000,0,0,0,1,0,0,0,0,0,0,0,998,0,0,0,81,6,2,42,0,0,0,1,48,76053,1,1,0,0,2,3,999,999,0,22,0,0,0,5,2012,9,2014,3,0,0,0,0,1,8,40,1,1,8,1,0,0,1,9,99,2,4,7,1,0
48,482371,1,2,1,10,10,22,44,12,6,1,0,48,1,2,403,2403,14,2009,1J4GB59139L7,1,J,4,G,B,5,9,1,3,9,L,7,0,0,0,000000000,00000000000,0,0,0,1,0,0,0,0,0,0,0,998,0,0,0,12,2,3,12,0,0,0,1,48,78229,6,1,0,0,3,0,999,999,0,1,0,0,0,9,2012,9,2012,0,0,0,0,0,1,5,35,1,1,8,1,3,3,1,17,99,1,1,86,0,0
48,482371,2,2,4,10,10,22,44,12,6,1,0,48,3,22,401,22401,14,2004,3G7DA03E54S5,3,G,7,D,A,0,3,E,5,4,S,5,0,0,0,000000000,00000000000,0,0,0,1,0,0,0,0,0,0,0,998,0,0,0,3,4,3,12,0,0,0,1,48,78213,6,1,0,0,3,3,999,999,0,0,0,0,0,0,0,0,0,0,0,0,0,0,1,5,99,1,1,8,1,3,3,1,17,99,1,1,87,1,0
48,482372,1,1,1,10,10,22,57,21,0,1,0,48,1,49,403,49403,14,2010,5TDZK3EH1AS0,5,T,D,Z,K,3,E,H,1,A,S,0,0,0,0,000000000,00000000000,0,0,0,1,0,0,0,0,0,0,0,998,0,0,0,12,6,2,21,0,0,1,1,48,77090,6,1,0,0,3,3,999,999,1,0,0,0,0,7,2014,7,2014,0,0,0,0,0,4,3,45,1,1,1,1,0,0,1,12,99,1,4,6,1,1
48,482373,1,1,1,10,10,7,12,31,0,1,0,48,1,7,482,7482,31,2001,3B7HC13Z51G2,3,B,7,H,C,1,3,Z,5,1,G,2,1,1,0,000000000,00000000000,0,0,0,1,0,0,0,0,0,0,0,998,0,1,4,12,4,3,1,0,0,0,1,48,77373,6,1,0,0,3,3,999,999,0,0,0,0,0,0,0,0,0,0,0,0,0,0,6,1,65,1,2,8,1,0,0,1,9,99,3,4,7,1,0
48,482374,1,2,2,10,10,2,55,12,2,1,0,48,1,12,23,12023,4,2007,3FAHP07167R1,3,F,A,H,P,0,7,1,6,7,R,1,0,0,0,000000000,00000000000,0,0,0,1,0,0,0,0,0,0,0,60,0,0,0,12,4,3,12,0,0,0,1,48,77450,6,1,0,0,3,3,999,999,0,0,0,1,0,5,2012,5,2012,0,24,50,91,0,3,2,45,1,1,8,1,0,0,1,54,99,1,1,52,1,1
48,482374,2,2,1,10,10,2,55,12,2,1,0,48,3,20,2,20002,4,2011,2G1WD5EM7B12,2,G,1,W,D,5,E,M,7,B,1,2,0,0,0,000000000,00000000000,0,0,0,1,0,0,0,0,0,5,6,50,0,0,0,12,4,3,12,0,0,0,1,48,77084,6,1,0,0,3,3,999,999,0,0,0,0,0,0,0,0,0,0,16,0,0,0,3,2,45,1,1,8,1,0,0,1,54,99,1,1,52,0,0
48,482375,1,1,1,10,10,8,55,8,0,1,0,48,1,85,884,85884,66,1998,1XKTDR9XXWJ7,1,X,K,T,D,R,9,X,X,W,J,7,1,1,57,1021485,571021485,3,6,98,1,0,0,0,0,0,0,0,998,0,0,0,14,0,5,8,0,0,0,1,48,77049,6,1,6,0,3,0,999,999,0,0,0,1,2,4,2012,2,2013,0,24,0,0,0,3,4,35,1,1,1,1,3,3,10,80,99,1,1,13,0,0
48,482376,1,1,4,10,10,22,29,38,0,1,0,48,2,12,481,12481,31,2008,1FTRW12W68KC,1,F,T,R,W,1,2,W,6,8,K,C,0,0,0,000000000,00000000000,0,0,0,1,0,0,0,0,0,0,0,998,0,0,0,12,6,2,38,0,0,0,1,48,76033,0,0,0,0,0,0,999,999,0,0,0,0,0,0,0,0,0,4,0,0,0,0,1,2,40,1,1,8,2,0,0,1,6,99,9,4,2,1,0
48,482377,1,1,3,10,10,3,45,34,0,1,0,48,1,6,43,6043,2,2003,4C3AG42G03E1,4,C,3,A,G,4,2,G,0,3,E,1,0,0,0,000000000,00000000000,0,0,0,1,0,0,0,0,0,0,0,998,0,1,5,12,6,2,34,0,0,0,1,13,30114,6,1,0,0,3,0,68,150,98,1,0,0,0,1,2012,1,2012,0,91,0,0,0,1,2,70,1,1,8,1,0,0,1,13,99,1,4,1,1,0
48,482378,1,1,1,10,10,2,9,38,0,1,0,48,1,12,481,12481,31,2004,1FTPW12544KC,1,F,T,P,W,1,2,5,4,4,K,C,0,0,0,000000000,00000000000,0,0,0,1,0,0,0,0,0,0,0,998,0,1,5,81,6,2,38,0,0,0,1,48,76106,1,1,0,0,2,0,999,999,0,24,0,1,1,2,2012,9,2014,5,0,0,0,0,1,2,30,1,1,8,1,0,0,1,6,99,9,4,2,1,1
48,482379,1,2,1,10,10,19,18,12,6,1,0,18,1,12,461,12461,21,2010,1FBSS3BL4ADA,1,F,B,S,S,3,B,L,4,A,D,A,0,0,0,000000000,00000000000,0,0,0,1,0,0,0,0,0,0,0,998,0,0,0,12,4,3,12,0,0,0,1,18,46107,6,1,0,0,3,3,72,200,0,1,0,0,0,2,2012,2,2012,0,39,0,0,0,4,2,55,1,2,8,1,20,3,1,17,99,1,1,88,0,0
48,482379,2,2,3,10,10,19,18,12,6,1,0,48,2,12,22,12022,6,2006,1FMZK01176GA,1,F,M,Z,K,0,1,1,7,6,G,A,0,0,0,000000000,00000000000,0,0,0,1,0,0,0,0,0,0,0,998,0,0,0,9,6,2,12,0,0,0,1,48,78745,0,0,0,0,0,0,999,999,0,0,0,0,0,0,0,0,0,0,0,0,0,0,2,2,99,1,2,8,1,0,0,1,66,99,1,1,89,1,0
48,482380,1,1,1,10,10,22,43,53,0,1,0,48,1,49,482,49482,31,2003,5TBBT44183S3,5,T,B,B,T,4,4,1,8,3,S,3,0,0,0,000000000,00000000000,0,0,0,1,0,0,0,0,0,0,0,998,0,1,5,98,4,3,1,0,0,0,1,48,76310,6,1,0,0,3,0,999,999,1,0,0,0,0,2,2013,2,2013,0,0,0,0,0,1,2,45,1,1,8,2,0,0,1,13,99,1,4,1,1,1
48,482381,1,2,2,11,10,16,47,12,1,1,0,96,9,35,399,35399,4,2012,3N1CB6AP1CL2,3,N,1,C,B,6,A,P,1,C,L,2,0,0,0,000000000,00000000000,0,0,0,1,0,0,0,0,0,0,0,0,0,0,0,6,6,2,12,0,0,0,1,48,99999,0,0,0,0,0,0,999,999,0,0,0,0,0,0,0,0,0,0,54,0,0,0,4,3,55,1,1,8,1,0,0,5,53,99,1,1,21,1,0
48,482381,2,2,1,11,10,16,47,12,1,1,0,48,3,7,482,7482,31,2014,1C6RR6LM8ES2,1,C,6,R,R,6,L,M,8,E,S,2,0,0,0,000000000,00000000000,0,0,0,1,0,0,0,0,0,0,0,998,0,0,0,12,4,3,12,0,0,0,1,48,78251,1,1,6,0,2,0,999,999,0,6,0,2,0,11,2011,10,2014,0,0,0,0,0,4,3,55,1,1,8,1,0,0,1,50,4,9,1,20,0,0
48,482382,1,1,1,11,10,0,5,8,0,1,0,48,2,20,481,20481,31,1999,2GCEC19V0X12,2,G,C,E,C,1,9,V,0,X,1,2,0,0,0,000000000,00000000000,0,0,0,1,0,0,0,0,0,0,0,998,0,0,0,12,2,3,8,0,0,0,1,48,77015,6,1,0,0,3,0,999,999,0,0,0,0,0,0,0,0,0,0,0,0,0,0,1,4,50,1,1,8,1,0,0,1,80,99,1,1,13,0,0
48,482383,1,2,2,11,10,23,21,12,1,1,0,48,1,20,37,20037,4,2008,1G1ZT58N68F1,1,G,1,Z,T,5,8,N,6,8,F,1,0,0,0,000000000,00000000000,0,0,0,1,0,0,0,0,0,0,0,998,0,0,0,12,4,3,12,0,0,0,1,48,77521,0,0,0,0,0,0,999,999,0,5,0,0,0,3,2012,7,2014,4,91,0,0,0,3,3,60,3,1,8,1,0,0,14,51,99,1,1,24,1,1