STATE,ST_CASE,VEH_NO,VE_FORMS,NUMOCCS,DAY,MONTH,HOUR,MINUTE,HARM_EV,MAN_COLL,UNITTYPE,HIT_RUN,REG_STAT,OWNER,MAKE,MODEL,MAK_MOD,BODY_TYP,MOD_YEAR,VIN,VIN_1,VIN_2,VIN_3,VIN_4,VIN_5,VIN_6,VIN_7,VIN_8,VIN_9,VIN_10,VIN_11,VIN_12,TOW_VEH,J_KNIFE,MCARR_I1,MCARR_I2,MCARR_ID,GVWR,V_CONFIG,CARGO_BT,HAZ_INV,HAZ_PLAC,HAZ_ID,HAZ_CNO,HAZ_REL,BUS_USE,SPEC_USE,EMER_USE,TRAV_SP,UNDERIDE,ROLLOVER,ROLINLOC,IMPACT1,DEFORMED,TOWED,M_HARM,VEH_SC1,VEH_SC2,FIRE_EXP,DR_PRES,L_STATE,DR_ZIP,L_STATUS,L_TYPE,CDL_STAT,L_ENDORS,L_COMPL,L_RESTRI,DR_HGT,DR_WGT,PREV_ACC,PREV_SUS,PREV_DWI,PREV_SPD,PREV_OTH,FIRST_MO,FIRST_YR,LAST_MO,LAST_YR,SPEEDREL,DR_SF1,DR_SF2,DR_SF3,DR_SF4,VTRAFWAY,VNUM_LAN,VSPD_LIM,VALIGN,VPROFILE,VPAVETYP,VSURCOND,VTRAFCON,VTCONT_F,P_CRASH1,P_CRASH2,P_CRASH3,PCRASH4,PCRASH5,ACC_TYPE,DEATHS,DR_DRINK
48,482460,1,1,2,17,10,16,22,17,0,1,0,48,2,7,482,7482,31,2007,1D3KS28AX7J5,1,D,3,K,S,2,8,A,X,7,J,5,0,0,0,000000000,00000000000,0,0,0,1,0,0,0,0,0,0,0,998,0,1,6,11,4,3,1,0,0,0,1,48,78830,6,7,0,0,3,2,999,999,0,0,0,0,0,0,0,0,0,0,33,74,0,0,1,2,75,1,1,8,1,0,0,6,9,99,3,4,2,1,0
48,482461,1,1,1,17,10,3,45,38,0,1,0,48,2,76,705,76705,80,2012,JYARJ16E3CA0,J,Y,A,R,J,1,6,E,3,C,A,0,0,0,0,000000000,00000000000,0,0,0,1,0,0,0,0,0,0,0,998,0,0,0,3,6,2,38,0,0,0,1,48,79762,6,1,0,0,3,0,999,999,1,0,0,0,0,2,2012,2,2012,4,0,0,0,0,1,2,40,1,1,8,1,0,0,1,9,99,4,4,14,1,1
48,482462,1,2,2,17,10,4,23,12,2,1,0,48,2,22,403,22403,14,2009,2CKDL33F7962,2,C,K,D,L,3,3,F,7,9,6,2,0,0,0,000000000,00000000000,0,0,0,1,0,0,0,0,0,0,0,998,3,0,0,12,6,2,12,0,0,0,1,48,76903,6,1,0,0,3,0,999,999,1,18,0,1,2,10,2011,5,2014,0,28,51,0,0,1,2,75,1,1,8,1,0,0,1,10,99,1,2,50,2,0
48,482462,2,2,1,17,10,4,23,12,2,1,0,48,3,87,881,87881,66,2000,1XP5DR9X0YD5,1,X,P,5,D,R,9,X,0,Y,D,5,1,1,57,2393360,572393360,3,6,2,1,0,0,0,0,0,0,0,998,0,0,0,12,6,2,12,0,0,0,1,16,83641,6,1,6,0,3,0,73,240,0,0,0,0,0,0,0,0,0,0,0,0,0,0,1,2,75,1,1,8,1,0,0,1,62,1,1,1,51,0,0
48,482463,1,2,2,17,10,7,7,12,6,1,0,48,1,20,481,20481,31,2008,2GCEC13C1813,2,G,C,E,C,1,3,C,1,8,1,3,0,0,0,000000000,00000000000,0,0,0,1,0,0,0,0,0,0,0,998,0,0,0,9,4,3,12,0,0,0,1,48,79755,6,1,0,0,3,0,999,999,0,0,0,0,0,0,0,0,0,0,48,0,0,0,1,2,75,1,1,8,1,0,0,11,15,99,1,1,74,1,0
48,482463,2,2,2,17,10,7,7,12,6,1,0,48,3,12,481,12481,31,2011,1FT8W3AT5BEC,1,F,T,8,W,3,A,T,5,B,E,C,0,0,0,000000000,00000000000,0,0,0,1,0,0,0,0,0,0,0,998,0,0,0,12,4,3,12,0,0,0,1,48,79766,6,1,0,0,3,0,999,999,0,0,0,1,0,6,2012,6,2012,0,35,0,0,0,1,2,75,1,1,8,1,0,0,6,61,99,1,2,74,0,0
48,482464,1,1,1,18,10,1,10,33,0,1,0,48,1,76,703,76703,80,1997,JYA3EKC01VA0,J,Y,A,3,E,K,C,0,1,V,A,0,0,0,0,000000000,00000000000,0,0,0,1,0,0,0,0,0,0,0,998,0,0,0,12,8,2,33,0,0,0,1,48,75211,6,1,0,0,3,0,999,999,0,0,0,1,0,4,2014,4,2014,4,0,0,0,0,2,3,35,2,1,8,1,0,0,14,12,99,1,4,6,1,1
48,482465,1,2,2,18,10,1,0,12,6,1,0,48,2,24,1,24001,4,1997,1G8ZH5283VZ1,1,G,8,Z,H,5,2,8,3,V,Z,1,0,0,0,000000000,00000000000,0,0,0,1,0,0,0,0,0,0,0,998,0,1,1,12,6,2,12,0,0,0,1,26,48421,6,1,0,0,3,0,65,125,0,0,0,0,0,0,0,0,0,0,28,51,0,0,1,4,70,1,1,8,1,0,0,1,10,99,1,2,64,1,1
48,482465,2,2,1,18,10,1,0,12,6,1,0,48,3,7,880,7880,67,2006,3D7MX49C46G2,3,D,7,M,X,4,9,C,4,6,G,2,1,1,57,2515442,572515442,2,4,3,1,0,0,0,0,0,0,0,998,0,0,0,9,6,2,12,0,0,0,1,48,76133,6,1,6,0,3,0,999,999,1,0,0,0,0,10,2013,10,2013,0,0,0,0,0,1,4,70,1,1,8,1,0,0,1,62,7,1,1,65,0,0
48,482466,1,2,1,19,10,16,20,12,6,1,0,48,1,76,706,76706,80,2009,JYAVP21E39A0,J,Y,A,V,P,2,1,E,3,9,A,0,0,0,0,000000000,00000000000,0,0,0,1,0,0,0,0,0,0,0,998,0,0,0,9,8,2,12,0,0,0,1,48,78681,6,1,0,0,3,3,999,999,0,0,0,0,0,0,0,0,0,0,47,0,0,0,1,4,70,1,1,8,1,0,0,11,10,99,1,2,72,1,0
48,482466,2,2,1,19,10,16,20,12,6,1,0,48,2,49,482,49482,31,2006,5TBET34136S5,5,T,B,E,T,3,4,1,3,6,S,5,0,0,0,000000000,00000000000,0,0,0,1,0,0,0,0,0,0,0,998,0,0,0,12,4,3,12,0,0,0,1,48,78737,6,2,0,0,3,0,999,999,0,0,0,0,0,0,0,0,0,0,0,0,0,0,1,4,70,1,1,8,1,0,0,15,61,9,9,2,73,0,0
48,482467,1,1,1,19,10,13,22,42,0,1,0,26,1,98,706,98706,80,2004,4MZAX14J8434,4,M,Z,A,X,1,4,J,8,4,3,4,0,0,0,000000000,00000000000,0,0,0,1,0,0,0,0,0,0,0,998,0,0,0,98,8,2,42,0,0,0,1,26,49238,6,1,0,0,3,0,72,185,0,0,0,0,0,0,0,0,0,4,0,0,0,0,1,2,40,3,1,8,1,0,0,1,13,99,1,4,1,1,0
48,482468,1,1,1,19,10,22,9,25,0,1,0,48,1,41,51,41051,4,2008,JM1BK12FX818,J,M,1,B,K,1,2,F,X,8,1,8,0,0,0,000000000,00000000000,0,0,0,1,0,0,0,0,0,0,0,998,0,1,5,7,4,3,25,0,0,0,1,48,75051,6,1,0,0,3,0,60,168,0,0,0,0,0,0,0,0,0,3,58,0,0,0,6,2,70,3,2,8,1,0,0,14,11,6,9,4,7,1,0
48,482469,1,1,2,19,10,17,44,14,0,1,0,48,1,7,402,7402,14,2002,1B4HS58N42F1,1,B,4,H,S,5,8,N,4,2,F,1,0,0,0,000000000,00000000000,0,0,0,1,0,0,0,0,0,0,0,998,0,0,0,9,6,2,14,0,0,0,1,48,79928,6,1,6,0,3,0,999,999,0,0,0,0,0,0,0,0,0,3,0,0,0,0,3,2,75,1,2,8,1,0,0,15,9,99,3,4,11,2,0
48,482470,1,1,1,19,10,20,5,33,0,1,0,48,2,72,706,72706,80,2010,1HD1KB417AB6,1,H,D,1,K,B,4,1,7,A,B,6,0,0,0,000000000,00000000000,0,0,0,1,0,0,0,0,0,0,0,998,0,0,0,12,2,3,33,0,0,0,1,48,78504,6,1,0,0,3,3,999,999,0,0,0,0,0,0,0,0,0,5,0,0,0,0,3,4,55,1,1,8,1,0,0,11,13,99,9,4,4,1,0
48,482471,1,2,1,19,10,1,45,12,1,1,0,48,1,37,706,37706,80,1982,JH2SC010XCM1,J,H,2,S,C,0,1,0,X,C,M,1,0,0,0,000000000,00000000000,0,0,0,1,0,0,0,0,0,0,0,998,0,0,0,6,4,3,12,0,0,0,1,48,77632,6,1,0,0,3,3,999,999,0,0,0,0,0,0,0,0,0,0,0,0,0,0,3,3,75,1,2,8,1,0,0,1,53,99,1,1,25,1,0
48,482471,2,2,1,19,10,1,45,12,1,1,1,27,3,35,402,35402,14,2013,5N1AN0NW4DN8,5,N,1,A,N,0,N,W,4,D,N,8,0,0,0,000000000,00000000000,0,0,0,1,0,0,0,0,0,0,0,998,0,0,0,12,4,5,12,0,0,0,1,48,77662,6,1,0,0,3,0,999,999,1,0,0,0,1,5,2013,9,2014,0,91,0,0,0,3,3,75,1,2,8,1,0,0,1,51,99,1,1,24,0,0
48,482472,1,1,1,19,10,4,12,53,0,1,0,48,1,7,20,7020,4,2004,1B3ES56CX4D5,1,B,3,E,S,5,6,C,X,4,D,5,0,0,0,000000000,00000000000,0,0,0,1,0,0,0,0,0,0,0,998,0,0,0,12,6,2,42,0,0,0,1,48,78833,6,1,0,0,3,3,999,999,0,0,0,0,0,0,0,0,0,0,28,0,0,0,1,2,55,1,1,8,1,0,0,1,12,99,1,4,6,1,0
48,482473,1,1,1,19,10,19,45,8,0,1,0,48,0,37,32,37032,4,2005,1HGCM56825A1,1,H,G,C,M,5,6,8,2,5,A,1,0,0,0,000000000,00000000000,0,0,0,1,0,0,0,0,0,0,0,998,0,0,0,1,4,3,8,0,0,0,1,48,76132,6,1,0,0,3,0,999,999,0,0,0,0,0,0,0,0,0,0,0,0,0,0,3,4,60,1,1,8,1,0,0,1,80,99,1,1,13,0,0
48,482474,1,1,1,20,10,5,50,33,0,1,0,48,1,76,705,76705,80,1994,JYA3ALE03RA0,J,Y,A,3,A,L,E,0,3,R,A,0,0,0,0,000000000,00000000000,0,0,0,1,0,0,0,0,0,0,0,998,0,0,0,12,8,2,33,0,0,0,1,48,75142,1,1,0,0,2,3,69,150,0,19,1,1,0,3,2012,7,2014,4,0,0,0,0,6,1,65,2,1,8,1,0,0,16,12,99,1,4,6,1,0
48,482475,1,1,1,20,10,21,40,1,0,1,0,48,2,19,480,19480,31,2005,1GYEC63T05R1,1,G,Y,E,C,6,3,T,0,5,R,1,0,0,0,000000000,00000000000,0,0,0,1,0,0,0,0,0,0,0,998,0,9,5,0,6,2,1,0,0,0,1,48,75060,6,1,6,0,3,0,999,999,0,1,0,1,0,7,2013,4,2014,0,80,0,0,0,1,2,55,1,1,8,5,0,0,1,1,7,5,4,7,1,1
48,482476,1,2,2,21,10,19,35,8,0,1,0,48,2,35,473,35473,31,2004,1N6AA07A34N5,1,N,6,A,A,0,7,A,3,4,N,5,0,0,0,000000000,00000000000,0,0,0,1,0,0,0,0,0,0,0,998,0,0,0,12,4,3,8,0,0,0,1,48,77022,6,1,0,0,3,0,999,999,0,1,0,0,0,7,2012,7,2012,0,0,0,0,0,3,2,75,1,2,8,1,0,0,1,80,99,1,1,13,0,0
48,482476,2,2,2,21,10,19,35,8,0,1,0,48,1,20,421,20421,15,2015,1GNSCCKC7FR1,1,G,N,S,C,C,K,C,7,F,R,1,0,0,0,000000000,00000000000,0,0,0,1,0,0,0,0,0,0,0,998,0,0,0,14,8,5,8,0,0,0,1,48,77379,6,1,6,0,3,0,999,999,1,0,0,0,0,4,2012,4,2012,0,0,0,0,0,3,2,75,1,2,8,1,0,0,15,80,1,1,2,98,0,0
48,482477,1,2,1,22,10,15,53,12,1,1,0,48,1,72,706,72706,80,2005,1HD1FBW155Y6,1,H,D,1,F,B,W,1,5,5,Y,6,0,0,0,000000000,00000000000,0,0,0,1,0,0,0,0,0,0,0,998,0,0,0,12,6,2,12,0,0,0,1,48,77535,6,1,0,0,3,0,999,999,0,0,0,0,0,0,0,0,0,5,0,0,0,0,1,2,55,1,1,8,1,0,0,1,50,99,9,1,20,1,0
48,482477,2,2,1,22,10,15,53,12,1,1,0,48,2,12,401,12401,14,2003,1FMDU65K93UB,1,F,M,D,U,6,5,K,9,3,U,B,0,0,0,000000000,00000000000,0,0,0,1,0,0,0,0,0,0,0,0,0,0,0,6,4,3,12,0,0,0,1,48,77523,6,1,0,0,3,0,999,999,0,0,0,0,0,0,0,0,0,0,0,0,0,0,1,2,55,1,1,8,1,0,0,5,53,1,1,1,22,0,0
48,482478,1,1,99,22,10,23,0,8,0,1,1,99,9,99,999,99999,99,9999,999999999999,9,9,9,9,9,9,9,9,9,9,9,9,0,0,0,000000000,00000000000,0,0,0,1,0,0,0,0,0,99,9,998,0,0,0,12,2,5,8,99,99,0,1,99,99999,9,9,99,9,9,9,999,999,99,99,99,99,99,99,9999,99,9999,0,99,99,99,99,2,4,35,1,1,8,1,0,0,1,80,99,1,1,13,0,0
48,482479,1,2,2,22,10,0,1,12,6,1,0,48,2,35,47,35047,4,2006,1N4AL11D06N4,1,N,4,A,L,1,1,D,0,6,N,4,0,0,0,000000000,00000000000,0,0,0,1,0,0,0,0,0,0,0,998,0,0,0,5,4,3,12,0,0,0,1,48,75238,0,0,0,0,0,0,999,999,0,0,0,0,0,0,0,0,0,0,39,0,0,0,2,4,98,1,8,8,98,3,3,1,17,99,1,1,87,1,0
48,482479,2,2,3,22,10,0,1,12,6,1,0,48,2,55,36,55036,4,2005,KMHCG45C15U6,K,M,H,C,G,4,5,C,1,5,U,6,0,0,0,000000000,00000000000,0,0,0,1,0,0,0,0,0,0,0,998,0,0,0,12,4,3,12,0,0,0,1,48,75243,0,0,0,0,0,0,999,999,0,0,0,0,0,0,0,0,0,0,0,0,0,0,2,4,40,1,2,8,1,3,3,1,66,99,1,1,86,0,0
48,482480,1,1,2,22,10,23,30,8,0,1,1,48,2,30,47,30047,3,2005,3VWCM31Y05M3,3,V,W,C,M,3,1,Y,0,5,M,3,0,0,0,000000000,00000000000,0,0,0,1,0,0,0,0,0,0,0,998,0,0,0,12,4,3,8,0,0,0,1,48,77034,1,1,0,0,2,0,999,999,1,9,0,0,0,5,2012,10,2014,0,0,0,0,0,3,2,40,1,1,1,1,0,0,1,80,99,1,1,13,0,1
48,482481,1,1,5,22,10,15,35,39,0,1,0,93,3,84,884,84884,66,1994,1HSRDALR8RH6,1,H,S,R,D,A,L,R,8,R,H,6,1,2,57,852353,57852353,3,6,98,1,0,0,0,0,0,0,0,998,0,0,0,12,6,2,39,0,0,0,1,8,81004,6,1,6,1,3,0,72,145,0,0,0,0,0,0,0,0,0,5,85,0,0,0,3,3,60,1,1,8,1,0,0,1,60,9,9,4,2,1,0
48,482482,1,1,99,22,10,3,45,23,0,1,0,48,9,37,32,37032,4,2005,1HGCM56835A0,1,H,G,C,M,5,6,8,3,5,A,0,0,0,0,000000000,00000000000,0,0,0,1,0,0,0,0,0,0,0,998,0,0,0,82,6,2,23,0,0,0,1,99,99999,9,9,99,9,9,9,999,999,99,99,99,99,99,99,9999,99,9999,0,0,0,0,0,4,1,99,2,2,8,1,0,0,14,13,99,1,4,1,1,1
48,482483,1,2,1,22,10,9,35,12,6,1,0,48,3,87,884,87884,66,2013,1XPHD40X5DD1,1,X,P,H,D,4,0,X,5,D,D,1,1,1,57,126597,57126597,3,6,2,1,0,0,0,0,0,0,0,998,0,9,4,12,6,2,12,0,0,0,1,48,76431,6,1,6,1,3,0,999,999,0,0,0,0,0,0,0,0,0,0,0,0,0,0,1,2,70,1,1,8,1,0,0,1,66,99,1,1,88,0,0
48,482483,2,2,2,22,10,9,35,12,6,1,0,48,1,55,33,55033,4,2014,5NPEB4AC0EH8,5,N,P,E,B,4,A,C,0,E,H,8,0,0,0,000000000,00000000000,0,0,0,1,0,0,0,0,0,0,0,998,0,0,0,9,6,2,12,32,0,0,1,48,76266,6,1,0,0,3,3,999,999,1,0,0,1,0,9,2013,11,2013,0,38,0,0,0,1,2,99,1,1,8,1,20,3,4,17,99,1,1,89,1,0
48,482484,1,2,1,23,10,5,53,12,8,1,0,48,2,7,472,7472,30,2001,1B7HL2AX61S3,1,B,7,H,L,2,A,X,6,1,S,3,0,0,0,000000000,00000000000,0,0,0,1,0,0,0,0,0,0,0,998,0,1,5,62,4,3,12,0,0,0,1,48,78933,0,0,0,0,0,0,999,999,0,0,0,0,0,0,0,0,0,4,91,0,0,0,1,2,60,2,3,8,2,0,0,14,10,99,1,2,64,0,0
48,482484,2,2,2,23,10,5,53,12,8,1,0,48,2,24,398,24398,4,2002,1G8JU54F62Y5,1,G,8,J,U,5,4,F,6,2,Y,5,0,0,0,000000000,00000000000,0,0,0,1,0,0,0,0,0,0,0,998,0,0,0,62,4,3,12,0,0,0,1,48,78944,6,1,0,0,3,3,999,999,0,0,0,0,0,0,0,0,0,0,0,0,0,0,1,2,60,3,3,8,2,0,0,14,62,99,1,1,65,1,0
48,482485,1,1,1,23,10,2,42,38,0,1,0,48,0,19,18,19018,4,2008,1G6DV57V0801,1,G,6,D,V,5,7,V,0,8,0,1,0,0,0,000000000,00000000000,0,0,0,1,0,0,0,0,0,0,0,998,0,1,6,98,6,2,1,0,0,0,1,48,79022,0,0,0,0,0,0,999,999,0,0,0,0,0,0,0,0,0,0,58,0,0,0,1,2,75,1,1,8,1,0,0,1,12,7,9,4,2,1,0
48,482486,1,2,1,23,10,16,37,12,2,1,0,48,2,12,481,12481,31,2003,1FTRW08L03KA,1,F,T,R,W,0,8,L,0,3,K,A,0,0,0,000000000,00000000000,0,0,0,1,0,0,0,0,0,0,0,998,0,0,0,12,4,3,12,0,0,0,1,48,77351,6,1,0,0,3,0,999,999,0,0,0,0,1,10,2012,10,2012,0,51,0,0,0,1,2,60,2,1,8,1,0,0,14,10,99,1,2,50,0,0
48,482486,2,2,1,23,10,16,37,12,2,1,0,48,1,49,472,49472,30,2002,5TENL42N72Z0,5,T,E,N,L,4,2,N,7,2,Z,0,0,0,0,000000000,00000000000,0,0,0,1,0,0,0,0,0,0,0,998,0,0,0,12,6,2,12,0,0,0,1,48,77597,6,1,0,0,3,3,999,999,0,0,0,0,0,0,0,0,0,0,0,0,0,0,1,2,60,3,1,8,1,0,0,14,62,99,1,1,51,1,0
48,482487,1,2,1,23,10,12,56,12,6,1,0,5,3,20,481,20481,31,1999,2GCEC19TXX11,2,G,C,E,C,1,9,T,X,X,1,1,0,0,0,000000000,00000000000,0,0,0,1,0,0,0,0,0,0,0,998,0,0,0,3,6,2,12,0,0,0,1,48,79761,0,0,0,0,0,0,999,999,0,0,0,0,0,0,0,0,0,0,39,0,0,0,1,2,99,1,1,8,1,20,3,1,17,99,1,1,87,1,0
48,482487,2,2,1,23,10,12,56,12,6,1,0,93,3,84,884,84884,66,2006,1HTMSAAR36H1,1,H,T,M,S,A,A,R,3,6,H,1,0,0,57,166918,57166918,3,5,96,1,0,0,0,0,0,0,0,998,0,0,0,12,2,5,12,0,0,0,1,48,79761,6,1,6,0,3,0,999,999,0,0,0,0,0,0,0,0,0,0,0,0,0,0,5,5,55,1,1,8,1,0,0,1,66,99,1,1,86,0,0
48,482488,1,2,99,23,10,23,50,8,0,1,1,48,2,2,405,2405,14,2004,1J8GK48K54W2,1,J,8,G,K,4,8,K,5,4,W,2,0,0,0,000000000,00000000000,0,0,0,1,0,0,0,0,0,0,0,998,0,0,0,12,2,5,8,0,0,0,1,48,79707,6,1,0,0,3,0,999,999,0,0,0,3,1,2,2012,4,2013,5,38,91,0,0,5,5,40,1,1,8,1,3,3,1,80,99,1,1,13,0,0
48,482488,2,2,1,23,10,23,50,8,0,1,0,48,1,20,9,20009,2,2013,2G1FA1E34D91,2,G,1,F,A,1,E,3,4,D,9,1,0,0,0,000000000,00000000000,0,0,0,1,0,0,0,0,0,0,0,998,0,0,0,12,2,5,8,0,0,0,1,48,77073,6,1,6,0,3,0,999,999,2,0,0,0,0,2,2012,12,2013,0,0,0,0,0,5,5,40,1,1,8,1,3,3,1,80,99,1,1,98,0,0
48,482489,1,4,2,23,10,12,11,12,6,1,0,48,0,20,2,20002,4,2011,2G1WA5EK4B12,2,G,1,W,A,5,E,K,4,B,1,2,0,0,0,000000000,00000000000,0,0,0,1,0,0,0,0,0,0,0,998,0,0,0,3,6,2,12,0,0,0,1,48,76051,6,1,0,0,3,0,999,999,0,0,0,0,0,0,0,0,0,0,38,0,0,0,5,5,45,1,1,8,1,0,0,11,15,99,1,1,68,1,0
48,482489,2,4,1,23,10,12,11,12,6,1,0,48,2,7,482,7482,31,2012,3C63DRJL7CG1,3,C,6,3,D,R,J,L,7,C,G,1,0,0,0,000000000,00000000000,0,0,0,1,0,0,0,0,0,0,0,998,0,0,0,12,4,3,12,0,0,0,1,48,78727,6,1,0,0,3,0,999,999,0,0,0,0,0,0,0,0,0,0,0,0,0,0,5,5,45,1,1,8,1,0,0,1,62,99,1,1,69,0,0
48,482489,3,4,1,23,10,12,11,12,6,1,0,48,2,49,32,49032,4,2010,1NXBU4EEXAZ1,1,N,X,B,U,4,E,E,X,A,Z,1,0,0,0,000000000,00000000000,0,0,0,1,0,0,0,0,0,0,0,0,0,0,0,9,2,3,12,0,0,0,1,48,78750,6,1,0,0,3,0,999,999,0,0,0,0,0,0,0,0,0,0,0,0,0,0,1,2,99,1,1,8,1,20,3,5,68,1,1,1,98,0,0
48,482489,4,4,3,23,10,12,11,12,6,1,0,48,1,23,481,23481,31,2009,3GTEK23M19G2,3,G,T,E,K,2,3,M,1,9,G,2,0,0,0,000000000,00000000000,0,0,0,1,0,0,0,0,0,0,0,0,0,0,0,12,2,3,12,0,0,0,1,48,78747,6,1,0,0,3,0,999,999,0,0,0,2,0,12,2013,4,2014,0,0,0,0,0,1,2,99,1,1,8,1,20,3,5,54,1,1,1,98,0,0
48,482490,1,1,2,24,10,0,37,8,0,1,1,48,2,35,473,35473,31,2006,1N6BA07A36N5,1,N,6,B,A,0,7,A,3,6,N,5,0,0,0,000000000,00000000000,0,0,0,1,0,0,0,0,0,0,0,998,0,0,0,12,2,5,8,0,0,0,1,48,78130,6,1,0,0,3,3,999,999,1,0,0,3,0,3,2013,5,2014,0,91,0,0,0,5,5,45,1,1,8,1,0,0,1,80,99,1,1,13,0,0
48,482491,1,3,3,24,10,13,57,12,6,1,0,48,2,12,481,12481,31,2001,1FDSW35F01ED,1,F,D,S,W,3,5,F,0,1,E,D,0,0,0,000000000,00000000000,0,0,0,1,0,0,0,0,0,0,0,998,0,0,0,12,6,2,12,0,0,0,1,48,76401,6,1,0,0,3,0,999,999,0,0,0,0,0,0,0,0,0,0,0,0,0,0,1,2,70,1,2,8,1,0,0,1,1,99,9,2,66,3,0
48,482491,2,3,1,24,10,13,57,12,6,1,0,29,3,87,884,87884,66,2013,1XPHD49X6DD2,1,X,P,H,D,4,9,X,6,D,D,2,1,1,57,1490474,571490474,3,6,2,1,0,0,0,0,0,0,0,998,0,1,5,63,4,3,12,0,0,0,1,48,79416,6,1,6,1,3,3,999,999,0,0,0,0,0,0,0,0,0,0,0,0,0,0,1,2,70,1,2,8,1,0,0,1,62,99,1,1,66,0,0
48,482491,3,3,1,24,10,13,57,12,6,1,0,48,3,87,884,87884,66,2006,1XP5DB9XX6D6,1,X,P,5,D,B,9,X,X,6,D,6,1,1,57,2132561,572132561,3,6,8,1,0,0,0,0,0,0,0,998,0,0,0,12,4,3,12,0,0,0,1,48,76470,6,1,6,0,3,3,999,999,0,0,0,0,0,0,0,0,0,0,0,0,0,0,1,2,70,1,2,8,1,0,0,1,59,99,1,1,98,0,0
48,482492,1,1,1,24,10,2,15,59,0,1,0,48,1,12,3,12003,2,2002,1FAFP42X82F1,1,F,A,F,P,4,2,X,8,2,F,1,0,0,0,000000000,00000000000,0,0,0,1,0,0,0,0,0,0,0,998,0,0,0,12,4,3,30,0,0,0,1,48,77084,0,0,0,0,0,0,999,999,0,0,0,0,0,0,0,0,0,3,58,0,0,0,1,2,40,1,1,8,1,0,0,1,13,6,1,4,1,1,1
48,482493,1,2,2,24,10,16,55,12,1,1,0,48,1,49,482,49482,31,2000,5TBRT3418YS0,5,T,B,R,T,3,4,1,8,Y,S,0,0,0,0,000000000,00000000000,0,0,0,1,0,0,0,0,0,0,0,998,0,0,0,12,6,2,12,0,0,0,1,48,77629,1,1,0,0,2,0,999,999,0,2,0,4,0,11,2012,9,2014,5,91,0,0,0,1,2,75,1,1,8,1,0,0,1,51,99,1,1,24,1,0
48,482493,2,2,1,24,10,16,55,12,1,1,0,0,0,98,999,98999,99,2000,000000000000,0,0,0,0,0,0,0,0,0,0,0,0,1,1,0,000000000,00000000000,0,0,0,1,0,0,0,0,0,0,0,998,0,0,0,6,2,5,12,0,0,0,1,48,77713,6,1,0,0,1,0,999,999,0,0,0,0,0,0,0,0,0,0,0,0,0,0,1,2,75,1,1,8,1,0,0,1,53,99,1,1,25,0,0
48,482494,1,1,1,24,10,18,59,42,0,1,0,0,0,53,739,53739,90,9999,000000000000,0,0,0,0,0,0,0,0,0,0,0,0,0,0,0,000000000,00000000000,0,0,0,1,0,0,0,0,0,0,0,998,0,0,0,12,4,3,42,0,0,0,1,48,77351,6,1,0,0,1,0,999,999,0,3,0,0,1,11,2011,11,2013,5,99,99,99,99,1,2,30,1,1,8,1,0,0,1,12,99,1,4,6,1,1
48,482495,1,1,1,25,10,1,11,1,0,1,0,48,2,72,706,72706,80,2010,1HD1JN515AB0,1,H,D,1,J,N,5,1,5,A,B,0,0,0,0,000000000,00000000000,0,0,0,1,0,0,0,0,0,0,0,998,0,0,0,0,8,5,1,0,0,0,1,22,70583,4,1,4,0,2,0,70,250,0,0,0,0,0,0,0,0,0,3,0,0,0,0,3,2,40,1,1,8,1,0,0,1,6,99,9,4,2,1,0
48,482496,1,2,1,25,10,9,27,12,6,1,0,48,1,49,32,49032,4,2012,5YFBU4EE3CP0,5,Y,F,B,U,4,E,E,3,C,P,0,0,0,0,000000000,00000000000,0,0,0,1,0,0,0,0,0,0,0,998,0,0,0,82,4,3,12,0,0,0,1,48,75233,6,1,0,0,3,0,999,999,0,0,0,0,0,0,0,0,0,0,38,0,0,0,2,4,45,1,1,8,1,3,3,11,15,99,1,1,68,0,0
48,482496,2,2,1,25,10,9,27,12,6,1,0,48,0,53,705,53705,80,2007,JS1GN7DA9721,J,S,1,G,N,7,D,A,9,7,2,1,0,0,0,000000000,00000000000,0,0,0,1,0,0,0,0,0,0,0,998,0,0,0,12,8,2,12,0,0,0,1,48,75216,6,1,0,0,2,0,67,229,0,0,0,1,0,11,2012,11,2012,3,0,0,0,0,2,4,45,1,1,8,1,3,3,1,62,99,1,1,69,1,0
48,482497,1,1,1,25,10,12,20,33,0,1,0,6,2,49,499,49499,31,1994,JT4VN93D2R50,J,T,4,V,N,9,3,D,2,R,5,0,0,0,0,000000000,00000000000,0,0,0,1,0,0,0,0,0,0,0,998,0,0,0,10,6,2,38,0,0,0,1,6,92110,1,1,0,0,2,0,76,230,0,1,0,0,0,10,2011,10,2011,0,0,0,0,0,2,3,40,3,1,8,1,0,0,14,13,99,1,4,1,1,0
48,482498,1,2,2,25,10,23,38,12,1,1,0,48,2,59,35,59035,4,2010,JTHBP5C29A50,J,T,H,B,P,5,C,2,9,A,5,0,0,0,0,000000000,00000000000,0,0,0,1,0,0,0,0,0,0,0,998,0,0,0,12,4,3,12,0,0,1,1,48,75010,6,1,0,0,3,0,999,999,0,0,0,0,0,0,0,0,0,5,0,0,0,0,3,3,70,1,1,8,1,0,0,15,51,99,1,2,24,0,0