STATE,ST_CASE,VEH_NO,VE_FORMS,NUMOCCS,DAY,MONTH,HOUR,MINUTE,HARM_EV,MAN_COLL,UNITTYPE,HIT_RUN,REG_STAT,OWNER,MAKE,MODEL,MAK_MOD,BODY_TYP,MOD_YEAR,VIN,VIN_1,VIN_2,VIN_3,VIN_4,VIN_5,VIN_6,VIN_7,VIN_8,VIN_9,VIN_10,VIN_11,VIN_12,TOW_VEH,J_KNIFE,MCARR_I1,MCARR_I2,MCARR_ID,GVWR,V_CONFIG,CARGO_BT,HAZ_INV,HAZ_PLAC,HAZ_ID,HAZ_CNO,HAZ_REL,BUS_USE,SPEC_USE,EMER_USE,TRAV_SP,UNDERIDE,ROLLOVER,ROLINLOC,IMPACT1,DEFORMED,TOWED,M_HARM,VEH_SC1,VEH_SC2,FIRE_EXP,DR_PRES,L_STATE,DR_ZIP,L_STATUS,L_TYPE,CDL_STAT,L_ENDORS,L_COMPL,L_RESTRI,DR_HGT,DR_WGT,PREV_ACC,PREV_SUS,PREV_DWI,PREV_SPD,PREV_OTH,FIRST_MO,FIRST_YR,LAST_MO,LAST_YR,SPEEDREL,DR_SF1,DR_SF2,DR_SF3,DR_SF4,VTRAFWAY,VNUM_LAN,VSPD_LIM,VALIGN,VPROFILE,VPAVETYP,VSURCOND,VTRAFCON,VTCONT_F,P_CRASH1,P_CRASH2,P_CRASH3,PCRASH4,PCRASH5,ACC_TYPE,DEATHS,DR_DRINK
48,482498,2,2,2,25,10,23,38,12,1,1,0,48,1,2,404,2404,14,2006,1J4GS48K76C2,1,J,4,G,S,4,8,K,7,6,C,2,0,0,0,000000000,00000000000,0,0,0,1,0,0,0,0,0,0,0,998,0,1,5,6,6,2,12,0,0,0,1,48,75022,6,1,0,0,3,3,999,999,0,0,0,0,0,0,0,0,0,0,0,0,0,0,3,3,70,1,1,8,1,0,0,1,53,99,1,1,25,1,0
48,482499,1,1,2,25,10,16,57,25,0,1,0,5,1,12,401,12401,14,1996,1FMDU34XXTUC,1,F,M,D,U,3,4,X,X,T,U,C,0,0,0,000000000,00000000000,0,0,0,1,0,0,0,0,0,0,0,998,0,9,3,61,6,2,25,0,0,0,1,5,71923,6,1,0,0,3,0,67,170,0,0,0,0,0,0,0,0,0,0,0,0,0,0,3,2,75,1,1,8,1,0,0,1,1,99,9,4,6,1,0
48,482500,1,1,1,25,10,22,1,18,0,1,0,48,1,77,706,77706,80,2000,5VPCS15D3Y30,5,V,P,C,S,1,5,D,3,Y,3,0,0,0,0,000000000,00000000000,0,0,0,1,0,0,0,0,0,0,0,998,0,0,0,12,8,3,18,0,0,0,1,48,77092,6,1,0,0,3,0,67,191,0,0,0,0,0,0,0,0,0,0,0,0,0,0,2,2,45,3,1,8,1,0,0,1,13,99,1,4,1,1,1
48,482501,1,2,1,25,10,21,50,12,2,1,0,48,1,35,401,35401,14,2008,5N1AR18U48C6,5,N,1,A,R,1,8,U,4,8,C,6,0,0,0,000000000,00000000000,0,0,0,1,0,0,0,0,0,0,0,998,0,0,0,12,4,3,12,0,0,0,1,48,77354,6,1,0,0,3,0,999,999,0,3,0,0,0,5,2013,4,2014,0,28,91,0,0,5,5,50,1,1,8,1,0,0,15,10,99,1,2,50,0,1
48,482501,2,2,1,25,10,21,50,12,2,1,0,48,2,55,33,55033,4,2010,5NPEU4AC0AH6,5,N,P,E,U,4,A,C,0,A,H,6,0,0,0,000000000,00000000000,0,0,0,1,0,0,0,0,0,0,0,998,0,0,0,12,4,3,12,0,0,0,1,48,77373,6,1,0,0,3,0,999,999,0,0,0,0,0,0,0,0,0,0,0,0,0,0,5,5,50,1,1,8,1,0,0,1,62,99,1,1,51,1,0
48,482502,1,1,2,25,10,0,51,1,0,1,0,48,2,20,481,20481,31,1997,2GCEC19R1V12,2,G,C,E,C,1,9,R,1,V,1,2,0,0,0,000000000,00000000000,0,0,0,1,0,0,0,0,0,0,0,998,0,9,5,0,6,2,42,0,0,1,1,48,77340,6,1,0,0,3,0,999,999,0,0,0,0,0,0,0,0,0,4,0,0,0,0,1,2,55,3,1,8,1,0,0,14,13,6,4,4,7,1,0
48,482503,1,1,1,25,10,2,54,33,0,1,0,48,1,20,482,20482,31,2004,3GNEC12T44G3,3,G,N,E,C,1,2,T,4,4,G,3,0,0,0,000000000,00000000000,0,0,0,1,0,0,0,0,0,0,0,78,0,1,5,14,4,3,1,0,0,0,1,48,79601,6,1,0,0,3,0,999,999,1,1,0,0,0,5,2012,12,2013,5,0,0,0,0,5,5,35,2,1,8,1,0,0,14,6,99,4,4,2,1,1
48,482504,1,1,1,25,10,0,53,1,0,1,0,48,1,23,421,23421,15,2003,3GKEC16Z63G1,3,G,K,E,C,1,6,Z,6,3,G,1,0,0,0,000000000,00000000000,0,0,0,1,0,0,0,0,0,0,0,998,0,2,1,0,6,2,1,0,0,0,1,48,78758,0,0,0,0,0,0,999,999,0,18,1,0,0,12,2011,9,2014,5,0,0,0,0,5,3,40,2,1,8,1,0,0,14,6,99,9,2,98,1,1
48,482505,1,3,3,26,10,17,33,25,0,1,0,48,2,49,43,49043,4,2001,4T1BF28B91U1,4,T,1,B,F,2,8,B,9,1,U,1,0,0,0,000000000,00000000000,0,0,0,1,0,0,0,0,0,0,0,998,0,0,0,7,6,2,12,0,0,0,1,48,76501,6,1,0,0,3,0,999,999,0,2,0,2,0,1,2012,1,2014,5,84,0,0,0,3,3,75,1,3,8,1,0,0,17,50,6,9,4,6,1,0
48,482505,2,3,4,26,10,17,33,25,0,1,0,48,1,7,482,7482,31,2004,1D7HA18D74J2,1,D,7,H,A,1,8,D,7,4,J,2,0,0,0,000000000,00000000000,0,0,0,1,0,0,0,0,0,0,0,0,0,0,0,6,6,2,12,0,0,0,1,48,76309,6,1,0,0,3,0,999,999,0,0,0,0,0,0,0,0,0,0,0,0,0,0,3,3,75,1,3,8,1,0,0,5,64,99,1,1,98,0,0
48,482505,3,3,1,26,10,17,33,25,0,1,0,48,1,49,40,49040,4,2013,4T1BF1FK7DU6,4,T,1,B,F,1,F,K,7,D,U,6,0,0,0,000000000,00000000000,0,0,0,1,0,0,0,0,0,0,0,0,0,0,0,6,4,3,12,0,0,0,1,48,77450,6,1,0,0,3,3,999,999,0,0,0,0,0,0,0,0,0,0,0,0,0,0,3,3,75,1,3,8,1,0,0,5,53,99,1,1,98,0,0
48,482506,1,4,1,26,10,13,25,12,1,1,0,48,1,20,481,20481,31,2007,2GCEC13J4715,2,G,C,E,C,1,3,J,4,7,1,5,0,0,0,000000000,00000000000,0,0,0,1,0,0,0,0,0,0,0,998,0,0,0,12,4,3,12,0,0,0,1,48,78213,6,1,0,0,3,3,999,999,0,0,0,0,0,0,0,0,0,0,0,0,0,0,6,1,45,1,8,8,1,21,3,1,52,4,9,1,28,0,0
48,482506,2,4,1,26,10,13,25,12,1,1,0,92,0,76,706,76706,80,2002,JYARN07E82A0,J,Y,A,R,N,0,7,E,8,2,A,0,0,0,0,000000000,00000000000,0,0,0,1,0,0,0,0,0,0,0,998,0,0,0,6,4,3,12,0,0,0,1,48,78201,6,1,0,0,2,3,999,999,0,0,0,0,0,0,0,0,0,0,0,0,0,0,6,1,45,1,8,8,1,21,3,2,53,99,1,1,29,1,0
48,482506,3,4,3,26,10,13,25,12,1,1,0,48,1,37,31,37031,4,2006,JHMFA36246S0,J,H,M,F,A,3,6,2,4,6,S,0,0,0,0,000000000,00000000000,0,0,0,1,0,0,0,0,0,0,0,998,0,0,0,6,2,5,12,0,0,0,1,48,78023,6,1,0,0,3,3,999,999,0,0,0,0,0,0,0,0,0,0,0,0,0,0,6,1,45,1,8,8,1,21,3,2,53,99,1,1,98,0,0
48,482506,4,4,1,26,10,13,25,12,1,1,0,48,1,7,482,7482,31,2011,1D7RV1CT8BS5,1,D,7,R,V,1,C,T,8,B,S,5,0,0,0,000000000,00000000000,0,0,0,1,0,0,0,0,0,0,0,998,0,0,0,7,2,5,12,0,0,0,1,48,78249,6,1,0,0,3,0,999,999,0,0,0,0,0,0,0,0,0,0,0,0,0,0,6,1,98,2,8,8,1,0,0,14,60,99,1,1,98,0,0
48,482507,1,2,1,26,10,21,59,12,6,1,0,48,1,20,481,20481,31,2001,2GCEC19W4112,2,G,C,E,C,1,9,W,4,1,1,2,0,0,0,000000000,00000000000,0,0,0,1,0,0,0,0,0,0,0,998,0,0,0,12,4,3,12,0,0,0,1,48,77017,3,7,0,0,2,2,59,180,0,3,0,0,0,2,2012,2,2012,3,37,39,73,0,2,3,30,1,3,8,1,3,3,1,17,99,1,1,69,1,1
48,482507,2,2,1,26,10,21,59,12,6,1,0,48,2,12,481,12481,31,2004,1FTPW14564KC,1,F,T,P,W,1,4,5,6,4,K,C,0,0,0,000000000,00000000000,0,0,0,1,0,0,0,0,0,0,0,998,0,0,0,1,4,3,12,0,0,0,1,48,75206,6,1,0,0,3,0,999,999,0,1,0,0,0,8,2013,8,2013,0,0,0,0,0,2,3,30,1,3,8,1,3,3,11,63,99,1,1,68,0,0
48,482508,1,1,1,26,10,6,40,1,0,1,0,48,2,12,423,12423,16,2000,1FMNU42L2YEE,1,F,M,N,U,4,2,L,2,Y,E,E,0,0,0,000000000,00000000000,0,0,0,1,0,0,0,0,0,0,0,998,0,2,5,0,4,3,1,0,0,0,1,48,79081,0,0,0,0,0,0,999,999,0,0,0,0,0,0,0,0,0,0,0,0,0,0,1,2,75,1,1,8,1,0,0,1,13,6,4,4,2,1,0
48,482509,1,2,1,26,10,20,0,12,6,1,0,48,2,7,24,7024,4,2009,2B3KA43DX9H5,2,B,3,K,A,4,3,D,X,9,H,5,0,0,0,000000000,00000000000,0,0,0,1,0,0,0,0,0,0,0,998,0,0,0,12,4,3,12,0,0,0,1,48,77045,1,1,0,0,2,3,999,999,0,2,0,0,0,11,2011,10,2014,0,0,0,0,0,1,3,35,1,1,1,1,3,3,1,66,99,1,1,88,0,0
48,482509,2,2,1,26,10,20,0,12,6,1,0,48,2,23,421,23421,15,2005,1GKEC13VX5J2,1,G,K,E,C,1,3,V,X,5,J,2,0,0,0,000000000,00000000000,0,0,0,1,0,0,0,0,0,0,0,998,0,1,5,7,4,3,12,0,0,0,1,48,77021,0,0,0,0,0,0,999,999,0,0,0,0,0,0,0,0,0,0,39,0,0,0,1,2,98,1,8,8,1,3,3,1,17,99,1,1,89,1,1
48,482510,1,2,2,26,10,18,28,12,6,1,0,48,1,72,706,72706,80,2000,1HD1FRW1XYY6,1,H,D,1,F,R,W,1,X,Y,Y,6,0,0,0,000000000,00000000000,0,0,0,1,0,0,0,0,0,0,0,998,0,0,0,12,8,2,12,0,0,0,1,48,78572,1,1,0,0,2,0,999,999,0,0,0,0,0,0,0,0,0,0,39,0,0,0,2,2,55,3,2,8,1,3,3,14,17,99,1,1,83,2,1
48,482510,2,2,4,26,10,18,28,12,6,1,0,48,2,12,422,12422,15,2004,1FMRU17W44LB,1,F,M,R,U,1,7,W,4,4,L,B,0,0,0,000000000,00000000000,0,0,0,1,0,0,0,0,0,0,0,998,0,0,0,8,4,3,12,0,0,0,1,48,78541,6,1,0,0,3,3,999,999,0,0,0,0,0,0,0,0,0,0,0,0,0,0,1,4,98,2,8,8,1,3,3,11,66,99,1,1,82,0,0
48,482511,1,2,1,26,10,16,13,12,1,1,0,48,3,84,884,84884,66,2004,3HSCEAHR44N0,3,H,S,C,E,A,H,R,4,4,N,0,1,1,57,2211018,572211018,3,6,2,1,0,0,0,0,0,0,0,998,0,0,0,6,4,5,12,0,0,0,1,48,79549,6,1,6,1,3,0,999,999,0,0,0,0,0,0,0,0,0,0,0,0,0,0,1,2,75,1,1,8,1,0,0,2,53,1,1,1,29,0,0
48,482511,2,2,1,26,10,16,13,12,1,1,0,48,3,20,481,20481,31,2015,1GC1KUE85FF1,1,G,C,1,K,U,E,8,5,F,F,1,0,0,0,000000000,00000000000,0,0,0,1,0,0,0,0,0,0,0,998,0,0,0,12,6,2,12,0,0,0,1,48,76230,1,1,0,0,2,0,999,999,0,8,1,1,0,1,2012,10,2014,5,0,0,0,0,1,2,75,1,1,8,1,0,0,1,52,99,1,1,28,1,0
48,482512,1,1,1,27,10,21,29,8,0,1,0,48,1,32,402,32402,14,2010,WA1LKAFP1AA0,W,A,1,L,K,A,F,P,1,A,A,0,0,0,0,000000000,00000000000,0,0,0,1,0,0,0,0,0,0,0,998,0,0,0,12,4,5,8,0,0,0,1,48,78249,6,1,0,0,3,3,999,999,1,0,0,0,0,10,2012,10,2012,0,0,0,0,0,4,3,50,1,1,8,1,3,3,1,80,1,1,1,13,0,0
48,482513,1,2,1,27,10,19,2,1,0,1,0,48,2,2,404,2404,14,1999,1J4G258S0XC6,1,J,4,G,2,5,8,S,0,X,C,6,0,0,0,000000000,00000000000,0,0,0,1,0,0,0,0,0,0,0,998,0,0,0,82,2,3,12,0,0,0,1,48,75206,0,0,0,0,0,0,999,999,0,0,0,0,0,0,0,0,0,0,38,52,0,0,1,4,30,1,1,8,1,3,3,11,15,99,1,1,98,0,0
48,482513,2,2,1,27,10,19,2,1,0,1,0,48,0,98,703,98703,88,2009,ZAPM448F2956,Z,A,P,M,4,4,8,F,2,9,5,6,0,0,0,000000000,00000000000,0,0,0,1,0,0,0,0,0,0,0,998,0,0,0,0,8,3,12,0,0,0,1,48,75206,6,1,0,0,3,3,999,186,0,0,0,0,0,0,0,0,0,0,0,0,0,0,1,4,30,1,1,8,1,3,3,1,62,3,1,1,98,1,0
48,482514,1,2,1,27,10,11,49,12,1,1,0,48,3,20,405,20405,14,2015,3GNAL3EK6FS5,3,G,N,A,L,3,E,K,6,F,S,5,0,0,0,000000000,00000000000,0,0,0,1,0,0,0,0,0,0,0,998,0,0,0,12,4,3,12,0,0,0,1,48,77494,1,1,0,0,2,3,999,999,0,1,0,0,0,6,2014,6,2014,5,0,0,0,0,3,4,60,1,2,1,1,0,0,1,51,99,1,1,24,1,0
48,482514,2,2,1,27,10,11,49,12,1,1,0,93,3,86,884,86884,66,2013,1M1AN07Y7DM0,1,M,1,A,N,0,7,Y,7,D,M,0,1,1,57,1828608,571828608,3,6,2,1,0,0,0,0,0,0,0,998,0,0,0,6,2,8,12,0,0,0,1,48,77505,6,1,6,1,3,3,999,999,0,0,0,0,1,4,2013,4,2013,0,0,0,0,0,3,4,60,1,2,1,1,0,0,1,53,1,1,1,25,0,0
48,482515,1,2,1,27,10,16,39,12,6,1,0,48,1,19,3,19003,4,2004,1G6KE57Y64U2,1,G,6,K,E,5,7,Y,6,4,U,2,0,0,0,000000000,00000000000,0,0,0,1,0,0,0,0,0,0,0,998,0,0,0,9,4,3,12,0,0,0,1,48,76522,6,1,0,0,3,0,999,999,0,0,0,1,0,5,2014,5,2014,0,38,0,0,0,0,0,0,0,0,0,0,0,0,98,98,99,1,1,89,1,0
48,482515,2,2,1,27,10,16,39,12,6,1,0,48,2,12,471,12471,30,1999,1FTYR14V5XPA,1,F,T,Y,R,1,4,V,5,X,P,A,0,0,0,000000000,00000000000,0,0,0,1,0,0,0,0,0,0,0,998,0,0,0,12,4,3,12,0,0,0,1,48,78642,6,1,0,0,3,0,999,999,0,0,0,0,0,0,0,0,0,0,0,0,0,0,5,5,55,1,1,8,1,0,0,1,71,99,1,1,88,0,0
48,482516,1,1,1,28,10,12,47,20,0,1,0,48,2,20,471,20471,30,1993,1GCCS19Z6P01,1,G,C,C,S,1,9,Z,6,P,0,1,0,0,0,000000000,00000000000,0,0,0,1,0,0,0,0,0,0,0,998,0,0,0,12,4,3,20,0,0,0,1,48,78237,1,1,0,0,2,3,999,999,0,9,0,1,2,12,2013,5,2014,0,28,0,0,0,6,1,65,1,2,8,1,0,0,1,12,2,1,4,6,1,0
48,482517,1,1,0,28,10,11,36,8,0,1,0,48,6,87,884,87884,66,1996,1XPFD68X3TD3,1,X,P,F,D,6,8,X,3,T,D,3,1,1,57,19619252,5719619252,3,6,98,1,0,0,0,0,0,0,0,998,0,0,0,12,0,5,8,0,0,0,0,0,99997,7,6,97,7,6,7,998,997,998,998,998,998,998,98,9998,98,9998,8,0,0,0,0,1,2,60,1,1,8,1,0,0,0,98,0,0,0,15,0,0
48,482518,1,2,2,28,10,23,47,12,2,1,0,48,2,12,401,12401,14,1995,1FMDU32X3SZB,1,F,M,D,U,3,2,X,3,S,Z,B,0,0,0,000000000,00000000000,0,0,0,1,0,0,0,0,0,0,0,998,0,0,0,12,4,3,12,0,0,0,1,48,77535,3,1,0,0,2,0,999,999,0,0,0,0,0,0,0,0,0,0,91,0,0,0,1,2,45,1,1,8,1,0,0,1,10,99,1,2,50,0,0
48,482518,2,2,1,28,10,23,47,12,2,1,0,48,0,20,2,20002,4,2011,2G1WD5EMXB11,2,G,1,W,D,5,E,M,X,B,1,1,0,0,0,000000000,00000000000,0,0,0,1,0,0,0,0,0,5,0,998,0,0,0,12,4,3,12,0,0,0,1,48,77049,6,1,0,0,3,0,999,999,0,0,0,0,0,0,0,0,0,0,16,0,0,0,1,2,45,1,1,8,1,99,9,1,62,99,1,1,51,1,0
48,482519,1,1,1,28,10,11,4,38,0,1,0,48,2,18,2,18002,4,2003,1G4HP52K1342,1,G,4,H,P,5,2,K,1,3,4,2,0,0,0,000000000,00000000000,0,0,0,1,0,0,0,0,0,0,0,998,0,0,0,12,6,2,17,99,99,0,1,48,78634,1,1,0,0,2,3,999,999,1,1,0,0,0,6,2012,1,2014,0,0,0,0,0,1,2,60,3,1,8,1,0,0,14,13,1,1,4,1,1,1
48,482520,1,1,1,29,10,3,19,30,0,1,0,48,1,20,421,20421,15,1999,1GNEC13R8XJ5,1,G,N,E,C,1,3,R,8,X,J,5,0,0,0,000000000,00000000000,0,0,0,1,0,0,0,0,0,0,0,998,0,1,5,98,6,2,30,0,0,0,1,48,78155,6,1,0,0,3,3,999,999,1,1,0,0,0,1,2012,2,2013,0,99,99,99,99,2,3,70,1,1,8,1,0,0,1,12,99,1,4,6,1,1
48,482521,1,2,1,30,10,3,47,12,6,1,1,48,2,7,482,7482,31,1997,3B7HF13Y3VG7,3,B,7,H,F,1,3,Y,3,V,G,7,0,0,0,000000000,00000000000,0,0,0,1,0,0,0,0,0,0,0,998,0,0,0,12,4,3,12,0,0,0,1,99,99999,9,9,99,9,9,9,999,999,99,99,99,99,99,99,9999,99,9999,0,39,0,0,0,4,3,45,1,1,8,1,3,3,1,61,99,1,1,73,0,1
48,482521,2,2,1,30,10,3,47,12,6,1,0,48,1,49,32,49032,4,2006,1NXBR30E66Z6,1,N,X,B,R,3,0,E,6,6,Z,6,0,0,0,000000000,00000000000,0,0,0,1,0,0,0,0,0,0,0,998,0,0,0,7,6,2,12,0,0,0,1,48,78552,6,1,0,0,3,3,999,999,0,0,0,0,0,0,0,0,0,0,0,0,0,0,4,3,45,1,1,8,1,3,3,11,15,99,1,1,72,1,0
48,482522,1,3,2,30,10,15,35,12,8,1,0,48,1,7,482,7482,31,2005,3D7KS28C95G8,3,D,7,K,S,2,8,C,9,5,G,8,0,0,0,000000000,00000000000,0,0,0,1,0,0,0,0,0,0,0,998,0,0,0,61,4,5,12,0,0,0,1,48,77379,6,1,0,0,3,3,999,999,0,0,0,0,0,0,0,0,0,0,0,0,0,0,1,2,60,1,1,8,1,0,0,1,62,99,1,1,65,0,0
48,482522,2,3,1,30,10,15,35,12,8,1,0,48,1,12,481,12481,31,2002,1FTSW30F02ED,1,F,T,S,W,3,0,F,0,2,E,D,0,0,0,000000000,00000000000,0,0,0,1,0,0,0,0,0,0,0,998,0,0,0,61,6,2,12,0,0,0,1,48,76667,6,1,0,0,3,0,999,999,0,0,0,0,0,0,0,0,0,0,28,51,91,0,1,2,60,1,1,8,1,0,0,1,10,99,1,2,64,0,0
48,482522,3,3,3,30,10,15,35,12,8,1,0,48,1,20,37,20037,4,2012,1G1ZC5E09CF2,1,G,1,Z,C,5,E,0,9,C,F,2,0,0,0,000000000,00000000000,0,0,0,1,0,0,0,0,0,0,0,998,0,1,9,12,6,2,12,0,0,0,1,48,76667,6,1,0,0,3,0,999,999,0,0,0,0,0,0,0,0,0,0,0,0,0,0,1,2,60,1,1,8,1,0,0,1,62,99,1,1,98,1,0
48,482523,1,2,3,31,10,21,34,12,6,1,0,48,1,23,481,23481,31,2006,1GTEC19V16Z2,1,G,T,E,C,1,9,V,1,6,Z,2,0,0,0,000000000,00000000000,0,0,0,1,0,0,0,0,0,0,0,998,0,0,0,5,4,3,12,0,0,0,1,48,76542,6,1,0,0,3,3,999,999,0,0,0,0,0,0,0,0,0,0,38,0,0,0,1,2,70,1,1,8,1,21,3,1,17,1,1,1,87,0,0
48,482523,2,2,1,31,10,21,34,12,6,1,0,48,1,72,706,72706,80,2014,1HD1KRM17EB6,1,H,D,1,K,R,M,1,7,E,B,6,0,0,0,000000000,00000000000,0,0,0,1,0,0,0,0,0,0,0,998,0,0,0,12,8,2,12,32,0,0,1,48,78681,6,1,0,0,3,0,73,248,0,0,0,0,0,0,0,0,0,0,0,0,0,0,2,2,70,1,1,8,1,0,0,1,66,99,1,1,86,1,0
48,482524,1,3,1,23,8,2,43,12,1,1,0,48,0,76,706,76706,80,1996,JYA4NKE04TA0,J,Y,A,4,N,K,E,0,4,T,A,0,0,0,0,000000000,00000000000,0,0,0,1,0,0,0,0,0,0,0,998,0,0,0,12,2,3,12,0,0,0,1,48,79924,0,0,0,0,0,0,999,999,0,8,0,0,0,7,2012,8,2014,0,0,0,0,0,3,4,60,1,3,8,1,0,0,1,50,99,1,1,32,1,0
48,482524,2,3,0,23,8,2,43,12,1,1,0,48,6,12,16,12016,4,2007,2FAFP71W17X1,2,F,A,F,P,7,1,W,1,7,X,1,0,0,0,000000000,00000000000,0,0,0,1,0,0,0,0,0,5,5,0,0,0,0,6,2,3,12,41,0,0,0,0,99997,7,6,97,7,6,7,998,997,998,998,998,998,998,98,9998,98,9998,8,54,0,0,0,3,4,60,1,3,8,1,0,0,0,53,0,0,0,32,0,0
48,482524,3,3,1,23,8,2,43,12,1,1,0,48,1,20,2,20002,4,2000,2G1WF55E0Y91,2,G,1,W,F,5,5,E,0,Y,9,1,0,0,0,000000000,00000000000,0,0,0,1,0,0,0,0,0,0,0,998,0,0,0,98,4,3,12,0,0,0,1,48,79924,0,0,0,0,0,0,999,999,0,0,0,0,0,0,0,0,0,0,0,0,0,0,3,4,60,1,3,8,1,0,0,1,50,99,1,1,98,0,0
48,482525,1,1,1,20,9,21,7,73,0,1,0,26,1,7,472,7472,30,1997,3B7HF13Z1VG7,3,B,7,H,F,1,3,Z,1,V,G,7,0,0,0,000000000,00000000000,0,0,0,1,0,0,0,0,0,0,0,998,0,0,0,1,4,3,25,0,0,0,1,26,48601,6,1,0,0,3,0,69,200,1,0,0,0,0,3,2013,3,2013,0,58,0,0,0,3,4,70,1,1,8,1,0,0,1,90,99,1,1,12,1,0
48,482526,1,1,1,3,10,23,30,14,0,1,0,48,1,35,47,35047,4,2011,1N4AL2AP6BN4,1,N,4,A,L,2,A,P,6,B,N,4,0,0,0,000000000,00000000000,0,0,0,1,0,0,0,0,0,0,0,998,0,0,0,12,6,2,14,0,0,0,1,48,77521,6,1,0,0,3,3,999,999,0,0,0,0,0,0,0,0,0,0,0,0,0,0,3,5,60,1,1,1,1,0,0,1,11,99,1,4,11,1,0
48,482527,1,3,1,9,10,17,2,12,2,1,0,48,1,49,40,49040,4,2012,4T4BF1FK1CR2,4,T,4,B,F,1,F,K,1,C,R,2,0,0,0,000000000,00000000000,0,0,0,1,0,0,0,0,0,0,0,998,0,0,0,12,6,2,12,0,0,0,1,48,77058,6,1,0,0,3,0,999,999,0,0,0,0,0,0,0,0,0,3,28,0,0,0,5,7,45,1,1,8,1,0,0,1,10,1,1,2,50,1,0
48,482527,2,3,2,9,10,17,2,12,2,1,0,48,2,37,31,37031,4,2008,2HGFA55598H7,2,H,G,F,A,5,5,5,9,8,H,7,0,0,0,000000000,00000000000,0,0,0,1,0,0,0,0,0,0,0,998,0,0,0,12,6,2,12,0,0,0,1,48,77057,6,1,0,0,3,3,999,999,0,0,0,0,0,0,0,0,0,3,0,0,0,0,5,7,45,1,1,8,1,0,0,1,62,1,1,1,51,1,0
48,482527,3,3,1,9,10,17,2,12,2,1,0,48,1,12,422,12422,15,2012,1FMJK1H50CEF,1,F,M,J,K,1,H,5,0,C,E,F,0,0,0,000000000,00000000000,0,0,0,1,0,0,0,0,0,0,0,998,0,0,0,12,2,3,54,0,0,0,1,48,77059,6,1,0,0,3,0,999,999,0,0,0,0,0,0,0,0,0,0,0,0,0,0,5,7,45,1,1,8,1,0,0,1,62,1,1,1,98,0,0
48,482528,1,2,2,9,10,4,57,12,6,1,0,48,1,20,471,20471,30,2001,1GCCS1955181,1,G,C,C,S,1,9,5,5,1,8,1,0,0,0,000000000,00000000000,0,0,0,1,0,0,0,0,0,0,0,998,0,0,0,12,6,2,12,0,0,0,1,48,76903,6,1,0,0,3,0,999,999,0,7,0,1,0,3,2012,9,2014,0,39,0,0,0,5,7,50,1,1,8,1,3,3,1,17,99,1,1,83,1,0
48,482528,2,2,1,9,10,4,57,12,6,1,0,48,3,82,881,82881,66,2010,1FUJGBDV0ASA,1,F,U,J,G,B,D,V,0,A,S,A,1,1,99,999999999,99999999999,3,6,1,1,0,0,0,0,0,0,0,998,0,0,0,9,4,3,12,0,0,0,1,48,76903,6,1,6,0,3,0,999,999,0,0,0,0,0,0,0,0,0,0,0,0,0,0,1,5,98,8,8,8,98,3,3,11,66,99,1,1,82,0,0
48,482529,1,1,1,9,10,1,50,1,0,1,0,48,1,7,482,7482,31,2006,3D7LX39CX6G1,3,D,7,L,X,3,9,C,X,6,G,1,0,0,0,000000000,00000000000,0,0,0,1,0,0,0,0,0,0,0,998,0,2,5,0,4,3,1,0,0,0,1,48,76088,6,1,6,0,3,0,999,999,0,0,0,0,1,10,2013,10,2013,0,0,0,0,0,1,2,75,1,1,8,1,0,0,1,13,6,4,4,7,1,1
48,482530,1,2,1,10,10,17,37,12,2,1,0,48,2,37,31,37031,4,1999,1HGCG1653XA0,1,H,G,C,G,1,6,5,3,X,A,0,0,0,0,000000000,00000000000,0,0,0,1,0,0,0,0,0,0,0,998,0,0,0,12,4,3,12,0,0,0,1,48,78650,6,1,0,0,3,3,999,999,1,0,0,0,0,8,2014,8,2014,0,38,0,0,0,1,3,65,1,1,8,1,0,0,11,15,99,1,1,68,1,1
48,482530,2,2,2,10,10,17,37,12,2,1,0,48,2,7,482,7482,31,2001,3B7KC23651G1,3,B,7,K,C,2,3,6,5,1,G,1,0,0,0,000000000,00000000000,0,0,0,1,0,0,0,0,0,0,0,998,0,0,0,12,4,3,12,0,0,0,1,48,78947,6,1,0,0,3,0,999,999,0,0,0,0,0,0,0,0,0,0,0,0,0,0,1,3,65,1,1,8,1,0,0,1,62,7,1,1,69,0,0
48,482531,1,1,1,11,10,19,30,9,0,1,0,48,1,49,33,49033,3,2000,JTDDR32T3Y00,J,T,D,D,R,3,2,T,3,Y,0,0,0,0,0,000000000,00000000000,0,0,0,1,0,0,0,0,0,0,0,998,0,0,0,12,2,3,9,0,0,0,1,48,78213,6,1,0,0,3,3,999,999,0,0,0,1,0,8,2013,8,2013,0,0,0,0,0,1,2,55,1,1,8,1,0,0,1,83,1,1,1,13,0,0