STATE,ST_CASE,VEH_NO,VE_FORMS,NUMOCCS,DAY,MONTH,HOUR,MINUTE,HARM_EV,MAN_COLL,UNITTYPE,HIT_RUN,REG_STAT,OWNER,MAKE,MODEL,MAK_MOD,BODY_TYP,MOD_YEAR,VIN,VIN_1,VIN_2,VIN_3,VIN_4,VIN_5,VIN_6,VIN_7,VIN_8,VIN_9,VIN_10,VIN_11,VIN_12,TOW_VEH,J_KNIFE,MCARR_I1,MCARR_I2,MCARR_ID,GVWR,V_CONFIG,CARGO_BT,HAZ_INV,HAZ_PLAC,HAZ_ID,HAZ_CNO,HAZ_REL,BUS_USE,SPEC_USE,EMER_USE,TRAV_SP,UNDERIDE,ROLLOVER,ROLINLOC,IMPACT1,DEFORMED,TOWED,M_HARM,VEH_SC1,VEH_SC2,FIRE_EXP,DR_PRES,L_STATE,DR_ZIP,L_STATUS,L_TYPE,CDL_STAT,L_ENDORS,L_COMPL,L_RESTRI,DR_HGT,DR_WGT,PREV_ACC,PREV_SUS,PREV_DWI,PREV_SPD,PREV_OTH,FIRST_MO,FIRST_YR,LAST_MO,LAST_YR,SPEEDREL,DR_SF1,DR_SF2,DR_SF3,DR_SF4,VTRAFWAY,VNUM_LAN,VSPD_LIM,VALIGN,VPROFILE,VPAVETYP,VSURCOND,VTRAFCON,VTCONT_F,P_CRASH1,P_CRASH2,P_CRASH3,PCRASH4,PCRASH5,ACC_TYPE,DEATHS,DR_DRINK
48,482694,2,2,1,14,11,12,55,12,6,1,0,18,3,82,881,82881,66,2013,1FUJGLDR7DSB,1,F,U,J,G,L,D,R,7,D,S,B,1,1,57,264184,57264184,3,6,1,1,0,0,0,0,0,0,0,998,0,0,0,12,4,3,12,0,0,0,1,54,25880,6,1,6,0,3,3,71,248,0,1,0,0,3,5,2014,10,2014,0,0,0,0,0,1,2,30,1,1,8,1,0,0,1,66,99,1,1,86,0,0
48,482695,1,1,1,14,11,16,5,8,0,1,0,48,3,20,481,20481,31,2011,1GCNCPEX4BZ3,1,G,C,N,C,P,E,X,4,B,Z,3,0,0,0,000000000,00000000000,0,0,0,1,0,0,0,0,0,0,0,998,0,0,0,12,2,5,8,0,0,0,1,48,78076,6,1,0,0,3,0,999,999,0,0,0,0,0,0,0,0,0,0,38,0,0,0,1,4,35,1,1,8,1,20,3,4,80,1,1,1,13,0,0
48,482696,1,1,1,14,11,18,5,34,0,1,0,48,3,20,403,20403,14,2003,1GNDT13S5322,1,G,N,D,T,1,3,S,5,3,2,2,0,0,0,000000000,00000000000,0,0,0,1,0,0,0,0,0,0,0,998,0,1,5,12,6,2,1,0,0,0,1,48,79109,6,1,6,0,3,3,999,999,0,0,0,2,0,9,2012,2,2013,3,39,0,0,0,1,2,35,1,1,8,1,0,0,1,14,99,9,4,14,1,0
48,482697,1,1,2,14,11,21,37,30,0,1,0,48,0,22,18,22018,2,2000,1G2WR1213YF2,1,G,2,W,R,1,2,1,3,Y,F,2,0,0,0,000000000,00000000000,0,0,0,1,0,0,0,0,0,0,0,998,0,0,0,9,4,3,30,0,0,0,1,48,78724,0,0,0,0,0,0,999,999,0,0,0,0,0,0,0,0,0,0,37,0,0,0,2,2,25,1,2,8,1,0,0,1,12,99,3,4,6,1,0
48,482698,1,1,2,14,11,18,57,8,0,1,0,48,2,13,421,13421,15,2001,5LMEU27R91LJ,5,L,M,E,U,2,7,R,9,1,L,J,0,0,0,000000000,00000000000,0,0,0,1,0,0,0,0,0,0,0,998,0,0,0,12,2,3,8,0,0,0,1,48,76301,0,0,0,0,0,0,999,999,0,0,0,0,0,0,0,0,0,0,0,0,0,0,1,2,30,1,1,8,1,0,0,1,80,1,1,1,13,0,0
48,482699,1,1,1,15,11,23,52,33,0,1,0,48,1,12,481,12481,31,2006,1FTSX21P16EB,1,F,T,S,X,2,1,P,1,6,E,B,0,0,0,000000000,00000000000,0,0,0,1,0,0,0,0,0,0,0,998,0,1,5,98,6,2,1,0,0,0,1,48,75904,6,1,0,0,3,0,999,999,0,0,0,0,0,0,0,0,0,4,0,0,0,0,2,2,55,1,1,8,2,0,0,1,6,99,2,4,2,1,1
48,482700,1,1,1,15,11,15,13,42,0,1,0,48,1,23,481,23481,31,2002,2GTEC19V2213,2,G,T,E,C,1,9,V,2,2,1,3,0,0,0,000000000,00000000000,0,0,0,1,0,0,0,0,0,0,0,998,0,0,0,3,6,2,42,0,0,0,1,48,77095,6,1,0,0,3,0,999,999,0,0,0,0,0,0,0,0,0,4,58,0,0,0,1,2,55,3,2,8,1,0,0,14,13,6,4,4,7,1,0
48,482701,1,4,1,15,11,3,56,12,1,1,0,48,3,85,884,85884,66,2003,1XKDDB9X33J7,1,X,K,D,D,B,9,X,3,3,J,7,1,1,57,380595,57380595,3,6,1,1,0,0,0,0,0,0,0,998,7,0,0,12,2,3,12,0,0,0,1,48,75474,6,1,6,0,3,0,999,999,0,0,0,0,0,0,0,0,0,5,0,0,0,0,3,3,60,1,1,8,1,0,0,1,50,3,1,1,20,0,0
48,482701,2,4,1,15,11,3,56,12,1,1,0,12,4,35,47,35047,4,2014,1N4AL3AP7EN3,1,N,4,A,L,3,A,P,7,E,N,3,0,0,0,000000000,00000000000,0,0,0,1,0,0,0,0,0,0,0,0,0,0,0,6,6,2,12,0,0,0,1,8,75243,6,1,0,0,3,0,65,160,0,0,0,2,2,1,2012,1,2013,0,0,0,0,0,3,3,60,1,1,8,1,0,0,5,53,1,1,1,21,0,0
48,482701,3,4,1,15,11,3,56,12,1,1,0,48,3,7,24,7024,4,2012,2C3CDXBG5CH1,2,C,3,C,D,X,B,G,5,C,H,1,0,0,0,000000000,00000000000,0,0,0,1,0,0,0,0,0,0,0,0,0,0,0,6,6,2,12,0,0,0,1,48,75038,6,1,0,0,3,0,999,999,0,0,0,0,0,0,0,0,0,0,0,0,0,0,3,3,60,1,1,8,1,0,0,5,53,1,1,1,98,1,0
48,482701,4,4,2,15,11,3,56,12,1,1,0,40,3,82,881,82881,66,2015,3AKJGLD54FSG,3,A,K,J,G,L,D,5,4,F,S,G,0,0,57,303024,57303024,3,5,96,1,0,0,0,0,0,0,0,0,0,0,0,6,2,3,12,0,0,0,1,47,37421,6,1,6,0,3,0,69,188,0,0,0,0,0,0,0,0,0,0,0,0,0,0,3,3,60,1,1,8,1,0,0,4,53,1,1,1,98,0,0
48,482702,1,1,4,15,11,2,34,59,0,1,0,48,1,19,14,19014,4,1999,1G6KY5493XU9,1,G,6,K,Y,5,4,9,3,X,U,9,0,0,0,000000000,00000000000,0,0,0,1,0,0,0,0,0,0,0,89,0,1,3,98,6,2,1,0,0,0,1,48,75063,1,1,0,0,2,0,68,322,0,11,0,0,1,11,2011,11,2014,3,27,0,0,0,2,2,60,1,2,8,8,0,0,1,6,99,3,4,2,1,1
48,482703,1,2,1,15,11,5,12,12,2,1,0,0,0,98,998,98998,92,9999,000000000000,0,0,0,0,0,0,0,0,0,0,0,0,0,0,0,000000000,00000000000,0,0,0,1,0,0,0,0,0,0,0,998,0,0,0,12,2,3,12,0,0,0,1,48,77363,0,0,0,0,0,0,999,999,0,0,0,0,0,0,0,0,0,0,51,0,0,0,1,2,70,1,2,8,1,0,0,1,10,99,1,1,52,0,0
48,482703,2,2,1,15,11,5,12,12,2,1,0,48,1,20,481,20481,31,2000,2GCEC19T2Y11,2,G,C,E,C,1,9,T,2,Y,1,1,0,0,0,000000000,00000000000,0,0,0,1,0,0,0,0,0,0,0,998,0,0,0,12,6,2,12,0,0,0,1,48,77840,6,1,0,0,3,0,999,999,0,0,0,0,1,9,2013,9,2013,0,0,0,0,0,1,2,70,1,2,8,1,0,0,1,62,99,1,1,52,1,0
48,482704,1,2,1,15,11,2,38,12,2,1,0,48,2,7,482,7482,31,2012,3C63DRGL8CG1,3,C,6,3,D,R,G,L,8,C,G,1,1,1,0,000000000,00000000000,0,0,0,1,0,0,0,0,0,0,0,998,0,0,0,12,6,2,2,0,0,1,1,48,78520,6,1,6,0,3,0,999,999,0,0,0,1,2,11,2011,1,2013,0,0,0,0,0,1,2,70,3,2,8,1,0,0,14,62,6,1,1,51,0,0
48,482704,2,2,1,15,11,2,38,12,2,1,0,48,1,19,3,19003,4,2002,1G6KD54Y72U1,1,G,6,K,D,5,4,Y,7,2,U,1,0,0,0,000000000,00000000000,0,0,0,1,0,0,0,0,0,0,0,998,2,0,0,12,6,2,2,0,0,1,1,48,78374,6,1,0,0,3,0,999,999,0,0,0,1,0,2,2013,2,2013,0,51,0,0,0,1,2,70,2,2,8,1,0,0,14,10,99,1,2,50,1,1
48,482705,1,2,1,16,11,14,14,12,8,1,0,48,2,23,481,23481,31,2005,2GTEC19T0513,2,G,T,E,C,1,9,T,0,5,1,3,0,0,0,000000000,00000000000,0,0,0,1,0,0,0,0,0,0,0,998,0,0,0,61,4,3,12,0,0,0,1,48,79720,1,1,0,0,2,0,999,999,0,2,0,0,2,4,2012,7,2013,0,35,0,0,0,1,2,75,1,1,8,1,0,0,6,54,99,1,1,66,1,0
48,482705,2,2,1,16,11,14,14,12,8,1,0,93,1,82,884,82884,66,1997,1FUYDZYB2VP7,1,F,U,Y,D,Z,Y,B,2,V,P,7,1,1,57,603719,57603719,3,6,3,1,0,0,0,0,0,0,0,998,0,0,0,63,2,3,12,0,0,0,1,48,79714,6,1,6,0,3,3,999,999,0,0,0,0,0,0,0,0,0,0,0,0,0,0,1,2,75,1,1,8,1,0,0,1,54,7,1,1,66,0,0
48,482706,1,6,1,16,11,22,54,12,1,1,0,96,9,30,47,30047,3,1999,3VWCC21C7XM4,3,V,W,C,C,2,1,C,7,X,M,4,0,0,0,000000000,00000000000,0,0,0,1,0,0,0,0,0,0,0,998,0,0,0,12,6,2,12,0,0,0,1,48,78526,0,0,0,0,0,0,999,999,0,0,0,0,0,0,0,0,0,5,0,0,0,0,3,3,65,1,3,8,2,0,0,1,51,99,1,1,24,1,0
48,482706,2,6,1,16,11,22,54,12,1,1,0,96,9,12,37,12037,4,2005,1FAFP34N85W1,1,F,A,F,P,3,4,N,8,5,W,1,0,0,0,000000000,00000000000,0,0,0,1,0,0,0,0,0,0,0,998,0,0,0,6,4,3,12,0,0,0,1,96,0,9,9,99,9,9,9,999,999,99,99,99,99,99,99,9999,99,9999,0,0,0,0,0,3,3,65,1,3,8,2,0,0,1,53,1,1,1,25,0,0
48,482706,3,6,1,16,11,22,54,12,1,1,0,48,1,35,47,35047,4,2006,1N4AL11D76N3,1,N,4,A,L,1,1,D,7,6,N,3,0,0,0,000000000,00000000000,0,0,0,1,0,0,0,0,0,0,0,998,0,0,0,12,6,2,12,0,0,0,1,48,78521,6,1,0,0,3,3,999,999,0,0,0,0,0,0,0,0,0,0,0,0,0,0,3,3,65,1,3,8,2,0,0,1,50,1,1,1,98,0,0
48,482706,4,6,2,16,11,22,54,12,1,1,0,48,1,20,37,20037,4,2013,1G11F5RRXDF1,1,G,1,1,F,5,R,R,X,D,F,1,0,0,0,000000000,00000000000,0,0,0,1,0,0,0,0,0,0,0,998,0,0,0,11,2,5,12,0,0,0,1,48,78520,6,1,0,0,3,3,999,999,0,0,0,0,0,0,0,0,0,0,0,0,0,0,3,3,65,1,3,8,2,0,0,1,50,7,1,2,98,0,0
48,482706,5,6,1,16,11,22,54,12,1,1,0,48,3,12,481,12481,31,2005,1FTRF12235NB,1,F,T,R,F,1,2,2,3,5,N,B,0,0,0,000000000,00000000000,0,0,0,1,0,0,0,0,0,0,0,0,0,0,0,6,2,5,12,0,0,0,1,48,78526,6,1,0,0,3,3,999,999,0,0,0,0,0,0,0,0,0,0,0,0,0,0,3,3,65,1,3,8,2,0,0,2,50,4,1,1,98,0,0
48,482706,6,6,99,16,11,22,54,12,1,1,1,99,9,99,999,99999,99,9999,999999999999,9,9,9,9,9,9,9,9,9,9,9,9,0,0,0,000000000,00000000000,0,0,0,1,0,0,0,0,0,0,0,998,0,0,0,12,2,5,12,0,0,0,1,99,99999,9,9,99,9,9,9,999,999,99,99,99,99,99,99,9999,99,9999,5,0,0,0,0,3,3,65,1,3,8,2,0,0,1,50,99,1,1,98,0,0
48,482707,1,1,1,16,11,7,25,38,0,1,0,48,1,20,481,20481,31,1998,1GCEC14W5WZ1,1,G,C,E,C,1,4,W,5,W,Z,1,0,0,0,000000000,00000000000,0,0,0,1,0,0,0,0,0,0,0,998,0,1,6,61,4,3,38,0,0,0,1,48,77346,6,1,7,0,3,3,999,999,0,0,0,0,0,0,0,0,0,4,58,0,0,0,1,2,60,3,3,8,2,0,0,14,6,7,3,4,2,1,0
48,482708,1,2,1,16,11,19,13,12,6,1,0,48,3,20,481,20481,31,2008,1GCEC19C58Z2,1,G,C,E,C,1,9,C,5,8,Z,2,0,0,0,000000000,00000000000,0,0,0,1,0,0,0,0,0,0,0,998,0,0,0,12,4,3,12,0,0,0,1,48,78363,6,1,0,0,2,3,999,999,0,0,0,0,0,0,0,0,0,0,38,0,0,0,2,4,45,1,1,8,2,0,0,11,15,99,1,1,68,0,0
48,482708,2,2,1,16,11,19,13,12,6,1,0,20,1,72,706,72706,80,1981,1HD1BEK18BY0,1,H,D,1,B,E,K,1,8,B,Y,0,0,0,0,000000000,00000000000,0,0,0,1,0,0,0,0,0,0,0,998,0,0,0,9,8,3,12,0,0,0,1,20,66086,6,1,0,0,3,0,67,260,0,0,0,0,0,0,0,0,0,0,0,0,0,0,2,4,45,1,1,8,2,0,0,1,62,99,1,1,69,1,0
48,482709,1,1,8,16,11,2,55,8,0,1,0,47,9,98,988,98988,58,2007,2PCY33495717,2,P,C,Y,3,3,4,9,5,7,1,7,0,0,57,737302,57737302,3,21,22,1,0,0,0,0,5,3,0,998,0,0,0,12,2,5,8,0,0,0,1,12,32084,6,1,6,0,3,0,75,999,0,0,0,0,0,0,0,0,0,0,38,0,0,0,3,3,70,1,1,8,2,0,0,1,80,6,1,2,13,0,0
48,482710,1,1,1,16,11,3,30,32,0,1,0,48,2,20,2,20002,4,2012,2G1WB5E39C12,2,G,1,W,B,5,E,3,9,C,1,2,0,0,0,000000000,00000000000,0,0,0,1,0,0,0,0,0,0,0,998,0,1,5,12,4,3,1,0,0,0,1,48,78140,6,1,0,0,3,0,999,999,0,0,0,0,0,0,0,0,0,3,99,99,99,99,1,2,45,1,1,8,2,0,0,1,12,99,1,4,6,1,0
48,482711,1,2,1,17,11,7,2,12,8,1,0,93,3,84,881,84881,66,2006,2HSCNAPRX6C2,2,H,S,C,N,A,P,R,X,6,C,2,1,3,57,1490474,571490474,3,6,2,1,0,0,0,0,0,0,0,998,0,1,5,11,6,2,12,0,0,0,1,48,79041,6,1,6,0,3,3,999,999,2,0,0,0,0,3,2013,4,2014,0,28,51,0,0,1,2,75,1,3,8,1,0,0,1,10,99,1,2,64,1,0
48,482711,2,2,6,17,11,7,2,12,8,1,0,48,1,7,442,7442,20,2005,1D4GP24RX5B1,1,D,4,G,P,2,4,R,X,5,B,1,0,0,0,000000000,00000000000,0,0,0,1,0,0,0,0,0,0,0,998,0,1,5,61,4,3,12,0,0,0,1,48,78541,6,1,0,0,3,0,999,999,0,0,0,0,0,0,0,0,0,0,0,0,0,0,1,2,75,1,3,8,1,0,0,1,62,7,1,1,65,0,0
48,482712,1,1,1,18,11,4,30,14,0,1,0,93,2,87,881,87881,66,2005,1XP5DB9X45D8,1,X,P,5,D,B,9,X,4,5,D,8,1,1,57,1449973,571449973,3,6,3,1,0,0,0,0,0,0,0,998,0,0,0,81,8,5,14,0,0,0,1,48,75181,6,1,6,0,3,0,999,999,1,0,0,0,0,8,2014,8,2014,0,21,91,0,0,3,2,75,1,1,8,1,0,0,1,98,99,1,1,98,0,0
48,482713,1,3,1,18,11,10,39,12,1,1,0,48,2,20,481,20481,31,2000,1GCEC14WXYZ1,1,G,C,E,C,1,4,W,X,Y,Z,1,0,0,0,000000000,00000000000,0,0,0,1,0,0,0,0,0,0,0,998,0,0,0,12,6,2,12,0,0,0,1,48,78384,6,1,0,0,3,3,999,999,0,0,0,0,0,0,0,0,0,5,0,0,0,0,2,3,45,1,1,8,1,3,3,1,50,99,1,1,20,1,0
48,482713,2,3,1,18,11,10,39,12,1,1,0,48,2,20,421,20421,15,2004,1GNEC13V64R2,1,G,N,E,C,1,3,V,6,4,R,2,0,0,0,000000000,00000000000,0,0,0,1,0,0,0,0,0,0,0,0,0,0,0,6,6,2,12,0,0,0,1,48,78332,6,1,0,0,3,3,999,999,0,0,0,0,0,0,0,0,0,0,0,0,0,0,2,3,45,1,1,8,1,3,3,5,53,1,1,1,21,0,0
48,482713,3,3,2,18,11,10,39,12,1,1,0,48,2,12,481,12481,31,2000,1FTRX08L3YKB,1,F,T,R,X,0,8,L,3,Y,K,B,0,0,0,000000000,00000000000,0,0,0,1,0,0,0,0,0,0,0,998,0,0,0,9,4,3,12,0,0,0,1,48,78332,6,1,0,0,3,0,999,999,1,0,0,0,0,10,2012,10,2012,0,0,0,0,0,1,2,98,8,8,8,98,3,3,11,66,99,1,1,98,0,0
48,482714,1,1,1,18,11,18,15,35,0,1,0,48,0,2,403,2403,14,1998,1J4FY19S1WP7,1,J,4,F,Y,1,9,S,1,W,P,7,0,0,0,000000000,00000000000,0,0,0,1,0,0,0,0,0,0,0,998,0,1,5,12,4,3,35,0,0,0,1,48,75946,6,1,6,0,3,0,999,999,0,0,0,0,0,0,0,0,0,4,0,0,0,0,1,2,55,3,2,8,1,0,0,14,12,99,1,4,6,1,1
48,482715,1,2,1,19,11,5,10,12,2,1,0,48,1,12,37,12037,4,2014,1FADP3K21EL3,1,F,A,D,P,3,K,2,1,E,L,3,0,0,0,000000000,00000000000,0,0,0,1,0,0,0,0,0,0,0,998,0,0,0,12,6,2,12,0,0,0,1,48,76009,6,1,6,0,3,3,999,999,0,0,0,0,0,0,0,0,0,0,33,0,0,0,1,2,55,1,3,8,1,0,0,6,10,99,1,2,50,1,0
48,482715,2,2,1,19,11,5,10,12,2,1,0,48,2,55,401,55401,14,2003,KM8SC13D43U3,K,M,8,S,C,1,3,D,4,3,U,3,0,0,0,000000000,00000000000,0,0,0,1,0,0,0,0,0,0,0,998,0,0,0,12,6,2,12,0,0,0,1,48,75049,6,1,0,0,3,0,999,999,0,0,0,0,0,0,0,0,0,0,0,0,0,0,1,2,55,1,3,8,1,0,0,1,62,99,1,1,51,1,0
48,482716,1,1,1,19,11,1,50,1,0,1,0,48,2,41,51,41051,4,2010,JM1BL1SF0A12,J,M,1,B,L,1,S,F,0,A,1,2,0,0,0,000000000,00000000000,0,0,0,1,0,0,0,0,0,0,0,59,0,2,5,0,6,2,1,0,0,0,1,48,75126,6,1,0,0,3,0,999,999,0,1,0,0,0,8,2013,8,2013,3,99,99,99,99,1,2,55,3,1,8,1,0,0,14,12,99,1,4,6,1,0
48,482717,1,1,1,21,11,23,7,33,0,1,0,48,2,20,421,20421,15,2008,1GNFK13058R2,1,G,N,F,K,1,3,0,5,8,R,2,0,0,0,000000000,00000000000,0,0,0,1,0,0,0,0,0,0,0,998,0,0,0,98,6,2,42,0,0,0,1,48,75234,6,1,0,0,3,3,69,217,0,1,0,0,0,11,2011,11,2011,3,0,0,0,0,2,3,40,1,1,8,1,0,0,1,12,99,1,4,6,1,1
48,482718,1,1,2,21,11,18,17,33,0,1,0,31,2,20,4,20004,2,1996,1G1YY32P9T51,1,G,1,Y,Y,3,2,P,9,T,5,1,0,0,0,000000000,00000000000,0,0,0,1,0,0,0,0,0,0,0,998,0,1,5,98,6,2,1,0,0,0,1,48,77479,6,7,0,0,3,2,999,999,0,0,0,0,0,0,0,0,0,4,73,0,0,0,2,2,35,3,1,8,2,0,0,14,12,99,1,4,6,1,0
48,482719,1,1,1,21,11,2,13,99,99,1,0,48,1,53,706,53706,80,2004,JS1GW71A7421,J,S,1,G,W,7,1,A,7,4,2,1,0,0,0,000000000,00000000000,0,0,0,1,0,0,0,0,0,0,0,998,0,0,0,12,2,3,99,0,0,0,1,48,77590,6,1,0,0,2,0,68,203,0,3,0,0,0,9,2012,2,2013,0,0,0,0,0,5,5,50,1,1,8,2,0,0,1,99,99,1,1,16,1,1
48,482720,1,1,1,21,11,20,11,53,0,1,0,48,1,37,32,37032,2,2001,1HGCG32451A0,1,H,G,C,G,3,2,4,5,1,A,0,0,0,0,000000000,00000000000,0,0,0,1,0,0,0,0,0,0,0,998,0,1,5,12,4,3,1,0,0,0,1,48,79109,6,1,6,0,3,0,999,999,1,0,0,0,0,12,2012,12,2012,4,0,0,0,0,1,2,45,1,1,5,1,0,0,1,13,99,1,4,1,1,1
48,482721,1,2,1,21,11,12,11,12,6,1,0,48,1,13,1,13001,4,1999,1LNHM82W8XY6,1,L,N,H,M,8,2,W,8,X,Y,6,0,0,0,000000000,00000000000,0,0,0,1,0,0,0,0,0,0,0,998,0,0,0,11,4,3,12,0,0,0,1,48,76013,6,1,0,0,3,3,999,999,0,0,0,0,0,0,0,0,0,0,38,0,0,0,0,0,0,0,0,0,0,0,0,4,17,99,1,1,89,1,0
48,482721,2,2,1,21,11,12,11,12,6,1,0,48,2,12,3,12003,2,2003,1FAFP40463F3,1,F,A,F,P,4,0,4,6,3,F,3,0,0,0,000000000,00000000000,0,0,0,1,0,0,0,0,0,0,0,998,0,0,0,12,4,3,12,0,0,0,1,48,76017,6,1,0,0,3,0,999,999,0,0,0,0,0,0,0,0,0,0,0,0,0,0,3,3,40,1,1,8,1,0,0,1,71,99,1,1,88,0,0
48,482722,1,1,4,22,11,21,14,9,0,1,0,48,2,3,431,3431,16,2006,5GTDN136X681,5,G,T,D,N,1,3,6,X,6,8,1,0,0,0,000000000,00000000000,0,0,0,1,0,0,0,0,0,0,0,998,0,0,0,12,2,5,9,0,0,0,1,48,78521,1,1,0,0,2,3,999,999,0,1,0,0,0,3,2014,3,2014,0,0,0,0,0,5,5,55,1,1,8,1,0,0,1,80,99,1,1,13,0,0
48,482723,1,1,1,22,11,2,17,8,0,1,1,48,1,20,498,20498,30,1981,1GCDC14H9BS1,1,G,C,D,C,1,4,H,9,B,S,1,0,0,0,000000000,00000000000,0,0,0,1,0,0,0,0,0,0,0,998,0,0,0,12,2,3,8,0,0,0,1,48,76011,6,1,0,0,3,0,999,999,0,0,0,0,0,0,0,0,0,0,0,0,0,0,5,5,40,1,1,8,2,0,0,1,80,99,1,1,13,0,1
48,482724,1,1,99,22,11,1,14,9,0,1,1,48,9,35,47,35047,9,9999,999999999999,9,9,9,9,9,9,9,9,9,9,9,9,0,0,0,000000000,00000000000,0,0,0,1,0,0,0,0,0,0,0,998,0,0,0,98,8,5,9,0,0,0,1,99,99999,9,9,99,9,9,9,999,999,99,99,99,99,99,99,9999,99,9999,0,0,0,0,0,1,2,35,3,2,8,2,0,0,14,83,99,1,1,13,0,0
48,482725,1,3,2,23,11,22,0,12,1,1,0,48,1,20,481,20481,31,1992,1GCDC14K7NZ2,1,G,C,D,C,1,4,K,7,N,Z,2,0,0,0,000000000,00000000000,0,0,0,1,0,0,0,0,0,0,0,998,0,1,1,12,6,2,12,0,0,0,1,48,76240,6,1,0,0,3,0,999,999,0,0,0,0,0,0,0,0,0,0,0,0,0,0,3,2,60,1,1,8,1,0,0,1,51,99,1,1,24,1,0
48,482725,2,3,1,23,11,22,0,12,1,1,0,93,3,82,884,82884,66,2013,1FUJGNDR8DDB,1,F,U,J,G,N,D,R,8,D,D,B,1,1,57,879345,57879345,3,6,6,1,0,0,0,0,0,0,0,30,0,0,0,6,4,5,12,0,0,0,1,48,76245,6,1,6,0,3,0,999,999,0,0,0,2,0,5,2012,9,2014,0,0,0,0,0,3,2,60,1,1,8,1,0,0,15,53,99,1,1,25,0,0
48,482725,3,3,2,23,11,22,0,12,1,1,0,48,1,20,431,20431,16,1999,3GNEC16R8XG2,3,G,N,E,C,1,6,R,8,X,G,2,0,0,0,000000000,00000000000,0,0,0,1,0,0,0,0,0,0,0,998,0,0,0,62,2,3,12,32,0,0,1,48,76273,6,1,0,0,3,0,999,999,0,0,0,0,0,0,0,0,0,0,0,0,0,0,3,2,60,1,1,8,1,0,0,1,50,7,1,1,98,0,0
48,482726,1,1,1,23,11,19,54,8,0,1,0,48,2,37,31,37031,4,2009,2HGFA16549H5,2,H,G,F,A,1,6,5,4,9,H,5,0,0,0,000000000,00000000000,0,0,0,1,0,0,0,0,0,0,0,998,0,0,0,12,2,5,8,0,0,0,1,48,75115,6,1,0,0,3,3,999,999,0,0,0,0,0,0,0,0,0,0,0,0,0,0,2,3,99,1,1,8,1,3,3,4,80,99,1,1,13,0,0
48,482727,1,1,1,23,11,4,22,8,0,1,0,48,1,59,31,59031,4,1998,JT8BF28G9W50,J,T,8,B,F,2,8,G,9,W,5,0,0,0,0,000000000,00000000000,0,0,0,1,0,0,0,0,0,0,0,998,0,0,0,12,4,3,8,0,0,0,1,48,79415,6,1,0,0,3,0,999,999,0,0,0,0,0,0,0,0,0,0,0,0,0,0,4,2,45,1,1,8,1,0,0,1,80,99,1,1,13,0,0
48,482728,1,2,1,24,11,0,58,12,1,1,0,48,1,52,46,52046,4,2015,JA32U2FU8FU0,J,A,3,2,U,2,F,U,8,F,U,0,0,0,0,000000000,00000000000,0,0,0,1,0,0,0,0,0,0,0,998,0,0,0,12,6,2,12,0,0,0,1,48,78230,6,1,0,0,3,0,999,999,2,0,0,0,1,2,2012,4,2014,5,91,0,0,0,2,2,65,1,1,2,1,0,0,1,51,99,1,1,24,0,1
48,482728,2,2,2,24,11,0,58,12,1,1,0,48,1,22,19,22019,2,2009,1G2AS18H8972,1,G,2,A,S,1,8,H,8,9,7,2,0,0,0,000000000,00000000000,0,0,0,1,0,0,0,0,0,0,0,998,0,9,3,6,6,2,12,0,0,0,1,48,78114,6,1,6,0,3,0,999,999,0,0,0,0,0,0,0,0,0,0,0,0,0,0,2,2,65,1,1,2,1,0,0,1,53,99,1,1,25,1,0
48,482729,1,1,99,12,7,4,35,8,0,1,1,99,9,99,999,99999,99,9999,999999999999,9,9,9,9,9,9,9,9,9,9,9,9,9,0,99,999999999,99999999999,9,99,99,1,0,0,0,0,99,99,9,999,0,0,0,99,9,5,8,99,99,0,1,99,99999,9,9,99,9,9,9,999,999,99,99,99,99,99,99,9999,99,9999,0,99,99,99,99,3,4,35,1,2,8,1,0,0,1,80,99,1,1,13,0,0
48,482730,1,2,1,14,9,15,57,12,6,1,0,48,1,35,473,35473,31,2004,1N6AA06A14N5,1,N,6,A,A,0,6,A,1,4,N,5,0,0,0,000000000,00000000000,0,0,0,1,0,0,0,0,0,0,0,998,0,0,0,12,4,3,12,0,0,0,1,48,77017,0,0,0,0,0,0,999,999,0,0,0,0,0,0,0,0,0,3,28,0,0,0,1,2,30,1,1,1,1,0,0,1,17,99,1,2,84,0,1
48,482730,2,2,1,14,9,15,57,12,6,1,0,48,1,37,706,37706,80,2001,JH2SC44041M1,J,H,2,S,C,4,4,0,4,1,M,1,0,0,0,000000000,00000000000,0,0,0,1,0,0,0,0,0,0,0,998,0,0,0,98,8,3,12,0,0,0,1,48,77017,0,0,0,0,0,0,999,999,0,0,0,0,0,0,0,0,0,0,0,0,0,0,1,2,99,1,1,1,1,20,3,11,62,99,1,1,84,1,0