STATE,ST_CASE,VEH_NO,VE_FORMS,NUMOCCS,DAY,MONTH,HOUR,MINUTE,HARM_EV,MAN_COLL,UNITTYPE,HIT_RUN,REG_STAT,OWNER,MAKE,MODEL,MAK_MOD,BODY_TYP,MOD_YEAR,VIN,VIN_1,VIN_2,VIN_3,VIN_4,VIN_5,VIN_6,VIN_7,VIN_8,VIN_9,VIN_10,VIN_11,VIN_12,TOW_VEH,J_KNIFE,MCARR_I1,MCARR_I2,MCARR_ID,GVWR,V_CONFIG,CARGO_BT,HAZ_INV,HAZ_PLAC,HAZ_ID,HAZ_CNO,HAZ_REL,BUS_USE,SPEC_USE,EMER_USE,TRAV_SP,UNDERIDE,ROLLOVER,ROLINLOC,IMPACT1,DEFORMED,TOWED,M_HARM,VEH_SC1,VEH_SC2,FIRE_EXP,DR_PRES,L_STATE,DR_ZIP,L_STATUS,L_TYPE,CDL_STAT,L_ENDORS,L_COMPL,L_RESTRI,DR_HGT,DR_WGT,PREV_ACC,PREV_SUS,PREV_DWI,PREV_SPD,PREV_OTH,FIRST_MO,FIRST_YR,LAST_MO,LAST_YR,SPEEDREL,DR_SF1,DR_SF2,DR_SF3,DR_SF4,VTRAFWAY,VNUM_LAN,VSPD_LIM,VALIGN,VPROFILE,VPAVETYP,VSURCOND,VTRAFCON,VTCONT_F,P_CRASH1,P_CRASH2,P_CRASH3,PCRASH4,PCRASH5,ACC_TYPE,DEATHS,DR_DRINK
48,482731,1,1,1,6,10,0,20,38,0,1,1,48,2,20,481,20481,31,2014,1GCNCPEHXEZ2,1,G,C,N,C,P,E,H,X,E,Z,2,0,0,0,000000000,00000000000,0,0,0,1,0,0,0,0,0,0,0,998,0,0,0,12,4,3,38,0,0,0,1,48,77089,6,1,0,0,3,0,999,999,0,3,0,0,0,11,2011,7,2013,5,0,0,0,0,1,2,30,1,1,1,1,0,0,1,13,99,1,4,1,1,0
48,482732,1,2,2,11,10,6,14,12,6,1,0,48,1,37,31,37031,2,2008,2HGFG12878H5,2,H,G,F,G,1,2,8,7,8,H,5,0,0,0,000000000,00000000000,0,0,0,1,0,0,0,0,0,0,0,998,0,0,0,5,6,2,12,0,0,0,1,48,78640,6,1,0,0,3,0,999,999,0,0,0,0,0,0,0,0,0,0,28,51,0,0,1,2,45,3,2,8,2,0,0,14,5,99,4,2,64,1,0
48,482732,2,2,1,11,10,6,14,12,6,1,0,48,2,49,482,49482,31,2005,5TBET38165S4,5,T,B,E,T,3,8,1,6,5,S,4,0,0,0,000000000,00000000000,0,0,0,1,0,0,0,0,0,0,0,998,0,0,0,12,6,2,12,0,0,0,1,48,78640,6,1,0,0,3,0,999,999,0,0,0,0,0,0,0,0,0,0,0,0,0,0,1,2,45,2,2,8,2,0,0,14,62,99,1,1,65,0,0
48,482733,1,1,1,29,10,3,37,58,0,1,0,48,2,53,706,53706,80,2007,JS1GT77A7721,J,S,1,G,T,7,7,A,7,7,2,1,0,0,0,000000000,00000000000,0,0,0,1,0,0,0,0,0,0,0,998,0,0,0,14,8,2,5,0,0,0,1,48,78046,0,0,0,0,0,0,999,999,0,3,0,0,0,7,2012,10,2014,0,0,0,0,0,1,2,30,1,1,8,1,0,0,1,98,99,1,1,98,1,0
48,482734,1,1,1,31,10,3,58,38,0,1,0,48,3,84,881,84881,66,2011,1HTMMAAL0BH3,1,H,T,M,M,A,A,L,0,B,H,3,1,1,57,735846,57735846,3,6,1,1,0,0,0,0,0,0,0,998,0,1,5,81,4,3,1,0,0,0,1,48,78504,6,1,0,0,3,0,999,999,0,0,0,0,0,0,0,0,0,4,0,0,0,0,1,2,70,1,1,8,2,0,0,1,12,99,1,4,6,1,0
48,482735,1,1,1,31,10,10,40,8,0,1,0,48,1,49,482,49482,31,2008,5TBEV54138S4,5,T,B,E,V,5,4,1,3,8,S,4,0,0,0,000000000,00000000000,0,0,0,1,0,0,0,0,0,0,0,998,0,0,0,12,2,3,8,0,0,0,1,48,78045,6,1,0,0,3,0,999,999,0,0,0,1,0,12,2011,12,2011,0,0,0,0,0,4,2,98,1,1,8,2,3,3,11,80,99,1,1,13,0,0
48,482736,1,1,3,7,11,16,18,5,0,1,0,4,4,12,481,12481,31,2014,1FTNF1CFXEKD,1,F,T,N,F,1,C,F,X,E,K,D,0,0,0,000000000,00000000000,0,0,0,1,0,0,0,0,0,0,0,998,0,0,0,0,0,5,5,0,0,0,1,48,77072,6,1,0,0,3,3,999,999,0,0,0,0,0,0,0,0,0,0,0,0,0,0,3,3,35,1,1,1,1,0,0,1,98,99,1,1,0,1,0
48,482737,1,1,2,8,11,2,30,30,0,1,0,48,2,23,481,23481,31,2007,2GTEC13Z9711,2,G,T,E,C,1,3,Z,9,7,1,1,0,0,0,000000000,00000000000,0,0,0,1,0,0,0,0,0,0,0,998,0,0,0,3,6,2,30,0,0,0,1,48,76240,6,1,0,0,3,0,999,999,0,0,0,0,0,0,0,0,0,3,91,0,0,0,1,2,30,1,1,2,1,0,0,1,9,99,4,4,7,1,1
48,482738,1,3,1,10,11,16,4,12,6,1,0,48,1,12,17,12017,4,2003,1FAFP55U93A2,1,F,A,F,P,5,5,U,9,3,A,2,0,0,0,000000000,00000000000,0,0,0,1,0,0,0,0,0,0,0,998,0,0,0,12,4,3,12,0,0,0,1,48,78387,6,1,0,0,3,3,999,999,0,0,0,0,0,0,0,0,0,0,38,0,0,0,1,2,98,8,8,8,98,20,3,1,17,99,1,1,88,1,0
48,482738,2,3,1,10,11,16,4,12,6,1,0,48,3,20,461,20461,21,2014,1GCSGAFX9E12,1,G,C,S,G,A,F,X,9,E,1,2,0,0,0,000000000,00000000000,0,0,0,1,0,0,0,0,0,0,0,998,0,1,1,8,4,3,12,0,0,0,1,48,78405,6,1,0,0,3,0,999,999,0,0,0,0,0,0,0,0,0,0,0,0,0,0,3,2,75,1,1,8,1,0,0,1,66,99,1,1,89,0,0
48,482738,3,3,2,10,11,16,4,12,6,1,0,48,1,12,481,12481,31,2000,1FTSW31F2YEC,1,F,T,S,W,3,1,F,2,Y,E,C,0,0,0,000000000,00000000000,0,0,0,1,0,0,0,0,0,0,0,998,0,0,0,63,2,3,12,0,0,0,1,48,76844,9,9,99,0,9,9,999,999,99,99,99,99,99,99,9999,99,9999,0,0,0,0,0,3,2,75,1,1,8,1,0,0,1,66,99,1,1,98,0,0
48,482739,1,2,1,11,11,13,12,12,2,1,0,48,2,20,20,20020,4,1998,2G1WL52M9W92,2,G,1,W,L,5,2,M,9,W,9,2,0,0,0,000000000,00000000000,0,0,0,1,0,0,0,0,0,0,0,998,0,0,0,12,6,2,12,32,0,0,1,48,76247,6,1,0,0,3,0,999,999,0,1,0,0,0,2,2012,2,2012,0,28,0,0,0,1,2,30,1,1,8,1,0,0,1,10,99,1,2,50,1,0
48,482739,2,2,2,11,11,13,12,12,2,1,0,48,2,19,421,19421,15,2011,1GYS3HEF4BR1,1,G,Y,S,3,H,E,F,4,B,R,1,0,0,0,000000000,00000000000,0,0,0,1,0,0,0,0,0,0,0,998,0,0,0,12,6,2,12,0,0,0,1,48,76092,6,1,0,0,3,0,999,999,0,0,0,0,0,0,0,0,0,0,0,0,0,0,1,2,30,1,1,8,1,0,0,1,62,99,1,1,51,0,0
48,482740,1,1,1,13,11,22,25,42,0,1,0,48,1,12,3,12003,2,2006,1ZVHT82H7652,1,Z,V,H,T,8,2,H,7,6,5,2,0,0,0,000000000,00000000000,0,0,0,1,0,0,0,0,0,0,0,75,0,1,5,12,6,2,42,0,0,0,1,48,75069,6,1,0,0,3,0,999,999,0,10,0,3,1,7,2012,10,2014,3,0,0,0,0,1,2,45,1,1,8,1,0,0,3,13,99,1,4,1,1,0
48,482741,1,1,4,16,11,12,48,1,0,1,0,48,2,7,482,7482,31,2010,3D7UT2CL0AG1,3,D,7,U,T,2,C,L,0,A,G,1,0,0,0,000000000,00000000000,0,0,0,1,0,0,0,0,0,0,0,998,0,2,1,0,6,2,1,0,0,0,1,48,77581,6,1,0,0,3,3,999,999,0,0,0,0,0,0,0,0,0,5,0,0,0,0,2,2,75,1,2,8,4,0,0,1,12,99,3,4,98,2,0
48,482742,1,2,2,20,11,15,35,12,1,1,0,48,1,20,481,20481,31,1988,1GCGC34N7JE1,1,G,C,G,C,3,4,N,7,J,E,1,0,0,0,000000000,00000000000,0,0,0,1,0,0,0,0,0,0,0,998,0,0,0,12,6,2,12,0,0,0,1,48,75672,6,1,6,0,3,0,999,999,2,0,0,0,0,1,2013,5,2014,0,0,0,0,0,4,2,55,1,1,8,1,0,0,1,50,99,1,1,32,1,0
48,482742,2,2,2,20,11,15,35,12,1,1,0,93,3,82,881,82881,66,2007,1FUBA5CG87PY,1,F,U,B,A,5,C,G,8,7,P,Y,1,1,57,16130,5716130,3,6,1,1,0,0,0,0,0,0,0,0,0,0,0,6,2,3,12,0,0,0,1,48,79111,6,1,6,0,3,0,999,999,0,0,0,0,1,5,2014,5,2014,0,54,0,0,0,4,2,55,1,1,8,1,0,0,7,53,1,1,1,32,0,0
48,482743,1,1,1,20,11,6,8,8,0,1,1,48,2,7,482,7482,31,2011,3D7UT2CL1BG5,3,D,7,U,T,2,C,L,1,B,G,5,0,0,0,000000000,00000000000,0,0,0,1,0,0,0,0,0,0,0,998,0,0,0,3,2,5,8,0,0,0,1,48,76801,6,1,0,0,3,3,999,999,0,12,0,1,0,11,2011,4,2014,0,91,0,0,0,1,3,70,1,1,8,1,0,0,1,80,99,1,1,13,0,0
48,482744,1,2,1,21,11,3,21,12,2,1,0,48,2,20,481,20481,31,1995,2GCEC19K7S12,2,G,C,E,C,1,9,K,7,S,1,2,0,0,0,000000000,00000000000,0,0,0,1,0,0,0,0,0,0,0,998,0,0,0,12,6,2,12,0,0,0,1,48,78026,6,1,0,0,3,0,999,999,0,6,0,0,0,1,2012,10,2013,0,28,51,0,0,1,2,60,1,1,8,1,0,0,1,10,99,1,2,50,1,1
48,482744,2,2,1,21,11,3,21,12,2,1,0,48,3,7,482,7482,31,2012,1C6RD6KP3CS2,1,C,6,R,D,6,K,P,3,C,S,2,0,0,0,000000000,00000000000,0,0,0,1,0,0,0,0,0,0,0,998,0,0,0,12,6,2,12,0,0,0,1,48,78745,6,1,0,0,3,0,999,999,0,0,0,0,0,0,0,0,0,0,0,0,0,0,1,2,60,1,1,8,1,0,0,1,62,99,1,1,51,0,0
48,482745,1,1,1,21,11,1,29,1,0,1,0,48,1,72,706,72706,80,2009,1HD1FF4109Y6,1,H,D,1,F,F,4,1,0,9,Y,6,0,0,0,000000000,00000000000,0,0,0,1,0,0,0,0,0,0,0,998,0,0,0,0,8,8,1,0,0,0,1,48,76031,6,1,0,0,3,0,999,999,0,0,0,0,0,0,0,0,0,4,0,0,0,0,1,2,60,3,1,8,2,0,0,14,13,99,1,4,1,1,1
48,482747,1,1,1,22,11,16,47,53,0,1,0,48,0,38,402,38402,14,2001,4S2CK58W1143,4,S,2,C,K,5,8,W,1,1,4,3,0,0,0,000000000,00000000000,0,0,0,1,0,0,0,0,0,0,0,998,0,1,9,98,6,2,1,0,0,0,1,48,77093,0,0,0,0,0,0,999,999,0,8,0,0,0,5,2012,10,2014,0,35,0,0,0,1,2,70,1,2,8,2,0,0,6,54,6,9,4,6,1,1
48,482748,1,2,1,22,11,4,47,12,1,1,0,48,1,12,481,12481,31,2014,1FT7W2BT8EEB,1,F,T,7,W,2,B,T,8,E,E,B,0,0,0,000000000,00000000000,0,0,0,1,0,0,0,0,0,0,0,0,0,1,1,6,6,2,12,0,0,0,1,48,78006,6,1,0,0,3,3,999,999,0,0,0,1,0,8,2013,8,2013,0,54,91,0,0,3,2,70,1,2,8,2,0,0,7,53,1,1,1,21,0,1
48,482748,2,2,1,22,11,4,47,12,1,1,0,48,3,12,481,12481,31,1999,1FTNW21F7XEC,1,F,T,N,W,2,1,F,7,X,E,C,0,0,0,000000000,00000000000,0,0,0,1,0,0,0,0,0,0,0,998,0,0,0,12,6,2,12,0,0,0,1,48,78382,6,1,0,0,3,0,999,999,0,0,0,1,0,2,2012,2,2012,0,0,0,0,0,3,2,70,1,2,8,2,0,0,6,50,99,1,1,20,1,0
48,482749,1,3,1,22,11,6,20,12,7,1,0,48,2,7,28,7028,2,2013,2C3CDYAG2DH5,2,C,3,C,D,Y,A,G,2,D,H,5,0,0,0,000000000,00000000000,0,0,0,1,0,0,0,0,0,0,0,998,0,0,0,98,4,3,12,0,0,0,1,48,75070,6,1,0,0,3,0,999,999,0,0,0,0,0,0,0,0,0,0,28,37,39,91,4,4,45,1,1,8,2,3,3,1,11,99,1,2,44,0,1
48,482749,2,3,1,22,11,6,20,12,7,1,0,48,1,49,32,49032,4,2009,JTDBL40E49J0,J,T,D,B,L,4,0,E,4,9,J,0,0,0,0,000000000,00000000000,0,0,0,1,0,0,0,0,0,0,0,998,0,0,0,3,8,3,12,0,0,0,1,48,75094,6,1,0,0,3,0,999,999,0,0,0,0,0,0,0,0,0,0,0,0,0,0,2,4,98,8,8,8,2,3,3,1,66,99,1,1,98,1,0
48,482749,3,3,1,22,11,6,20,12,7,1,0,48,1,35,47,35047,4,2006,1N4BL11D66N3,1,N,4,B,L,1,1,D,6,6,N,3,0,0,0,000000000,00000000000,0,0,0,1,0,0,0,0,0,0,0,998,0,0,0,7,2,3,12,0,0,0,1,48,75238,0,0,0,0,0,0,999,999,0,0,0,0,0,0,0,0,0,0,0,0,0,0,4,4,45,1,1,8,2,3,3,1,60,99,1,1,45,0,0
48,482750,1,3,5,22,11,15,50,12,6,1,0,48,1,55,33,55033,4,2002,KMHWF25H52A6,K,M,H,W,F,2,5,H,5,2,A,6,0,0,0,000000000,00000000000,0,0,0,1,0,0,0,0,0,0,0,998,0,0,0,3,6,2,12,0,0,0,1,48,76692,6,1,0,0,3,0,64,306,0,0,0,0,0,0,0,0,0,4,28,0,0,0,1,2,60,3,2,8,2,0,0,14,6,99,4,2,64,4,0
48,482750,2,3,1,22,11,15,50,12,6,1,0,48,2,7,482,7482,31,2004,1D7HA18N94S7,1,D,7,H,A,1,8,N,9,4,S,7,0,0,0,000000000,00000000000,0,0,0,1,0,0,0,0,0,0,0,998,0,0,0,12,6,2,12,0,0,0,1,48,76705,6,1,0,0,3,0,999,999,0,0,0,0,0,0,0,0,0,0,0,0,0,0,1,2,60,1,2,8,2,0,0,1,62,99,1,1,65,0,0
48,482750,3,3,5,22,11,15,50,12,6,1,0,48,2,12,880,12880,67,2001,1FDWW36F71ED,1,F,D,W,W,3,6,F,7,1,E,D,0,0,88,888888888,88888888888,2,1,97,1,0,0,0,0,0,0,0,998,3,0,0,12,4,3,12,0,0,0,1,48,76705,6,1,0,0,3,0,999,999,0,0,0,0,0,0,0,0,0,0,26,0,0,0,1,2,60,1,2,8,2,0,0,1,62,99,1,1,98,0,0
48,482751,1,1,2,22,11,18,32,31,0,1,0,48,2,12,481,12481,31,2008,1FTRW12W58FB,1,F,T,R,W,1,2,W,5,8,F,B,0,0,0,000000000,00000000000,0,0,0,1,0,0,0,0,0,0,0,998,0,0,0,11,6,2,31,0,0,1,1,48,77864,6,1,0,0,3,0,999,999,0,0,0,0,0,0,0,0,0,4,58,0,0,0,3,2,75,1,1,8,2,0,0,1,12,7,3,4,2,2,1
48,482752,1,2,1,22,11,11,58,12,6,1,0,48,2,20,37,20037,4,2007,1G1ZT58F07F2,1,G,1,Z,T,5,8,F,0,7,F,2,0,0,0,000000000,00000000000,0,0,0,1,0,0,0,0,0,0,0,998,0,0,0,12,6,2,12,0,0,0,1,48,78681,6,1,0,0,3,0,999,999,0,6,0,0,0,4,2012,10,2014,0,39,0,0,0,4,3,55,1,2,8,2,3,3,1,17,99,1,1,86,1,0
48,482752,2,2,1,22,11,11,58,12,6,1,0,48,2,52,401,52401,14,2003,JA4LS21H83J0,J,A,4,L,S,2,1,H,8,3,J,0,0,0,0,000000000,00000000000,0,0,0,1,0,0,0,0,0,0,0,998,0,1,1,3,6,2,12,0,0,0,1,48,78728,6,1,0,0,3,0,999,999,0,0,0,0,0,0,0,0,0,0,0,0,0,0,4,3,98,8,8,8,2,3,3,1,66,99,1,1,87,0,0
48,482753,1,1,1,23,11,22,24,1,0,1,0,48,1,72,706,72706,80,2002,1HD1BHY112Y0,1,H,D,1,B,H,Y,1,1,2,Y,0,0,0,0,000000000,00000000000,0,0,0,1,0,0,0,0,0,0,0,998,0,0,0,0,8,2,1,0,0,0,1,48,78611,6,1,0,0,3,0,999,999,0,0,0,0,0,0,0,0,0,0,0,0,0,0,1,4,65,3,3,8,1,0,0,15,13,99,1,4,1,1,1
48,482754,1,1,5,23,11,21,38,38,0,1,0,48,2,37,31,37031,2,2007,2HGFG12877H5,2,H,G,F,G,1,2,8,7,7,H,5,0,0,0,000000000,00000000000,0,0,0,1,0,0,0,0,0,0,0,63,0,1,6,12,4,3,1,0,0,0,1,48,77078,0,0,0,0,0,0,999,999,0,8,0,0,0,7,2012,6,2013,3,6,91,0,0,5,5,35,1,1,8,1,0,0,1,9,99,4,4,7,1,1
48,482755,1,1,3,23,11,1,19,42,0,1,0,48,0,20,481,20481,31,2008,1GCEC14X78Z3,1,G,C,E,C,1,4,X,7,8,Z,3,0,0,0,000000000,00000000000,0,0,0,1,0,0,0,0,0,0,0,998,0,0,0,12,4,3,42,0,0,0,1,48,77034,0,0,0,0,0,0,999,999,0,2,0,0,0,7,2012,9,2013,0,0,0,0,0,3,2,35,1,1,1,2,0,0,1,9,99,2,4,7,1,1
48,482756,1,2,1,24,11,6,45,12,2,1,0,48,1,20,25,20025,4,2014,1G1PC5SB6E73,1,G,1,P,C,5,S,B,6,E,7,3,0,0,0,000000000,00000000000,0,0,0,1,0,0,0,0,0,0,0,998,0,0,0,12,4,3,12,0,0,0,1,48,79331,6,1,0,0,3,0,999,999,0,0,0,0,0,0,0,0,0,0,28,51,0,0,1,2,75,1,1,8,1,0,0,1,10,99,1,2,50,1,0
48,482756,2,2,3,24,11,6,45,12,2,1,0,24,1,49,43,49043,4,2003,4T1BF28B03U2,4,T,1,B,F,2,8,B,0,3,U,2,0,0,0,000000000,00000000000,0,0,0,1,0,0,0,0,0,0,0,998,0,0,0,12,4,3,12,0,0,0,1,48,79707,6,1,0,0,3,3,999,999,0,0,0,0,0,0,0,0,0,0,0,0,0,0,1,2,75,1,1,8,1,0,0,1,62,99,1,1,51,2,0
48,482757,1,4,1,25,11,23,9,12,6,1,0,48,2,12,401,12401,14,2006,1FMEU64E96ZA,1,F,M,E,U,6,4,E,9,6,Z,A,0,0,0,000000000,00000000000,0,0,0,1,0,0,0,0,0,0,0,998,0,1,1,82,4,3,12,0,0,0,1,48,75081,6,1,0,0,3,3,999,999,3,1,0,0,0,9,2012,3,2013,0,39,0,0,0,2,3,45,1,1,8,1,3,3,1,17,99,1,1,90,0,1
48,482757,2,4,2,25,11,23,9,12,6,1,0,48,1,49,402,49402,14,2009,JTMBF33V29D0,J,T,M,B,F,3,3,V,2,9,D,0,0,0,0,000000000,00000000000,0,0,0,1,0,0,0,0,0,0,0,998,0,0,0,12,2,3,12,0,0,0,1,48,75243,6,1,0,0,3,0,999,999,0,1,0,0,0,11,2014,11,2014,0,0,0,0,0,1,4,98,8,8,8,98,3,3,1,66,99,1,1,90,0,0
48,482757,3,4,1,25,11,23,9,12,6,1,0,48,1,35,402,35402,14,2013,5N1AN0NU6DN8,5,N,1,A,N,0,N,U,6,D,N,8,0,0,0,000000000,00000000000,0,0,0,1,0,0,0,0,0,0,0,998,0,0,0,11,2,3,12,0,0,0,1,48,78753,6,1,0,0,3,3,999,999,0,0,0,1,0,2,2013,2,2013,0,0,0,0,0,1,4,98,8,8,8,98,3,3,1,60,99,1,1,98,0,0
48,482757,4,4,1,25,11,23,9,12,6,1,0,48,1,55,35,55035,4,2010,KMHDU4AD7AU0,K,M,H,D,U,4,A,D,7,A,U,0,0,0,0,000000000,00000000000,0,0,0,1,0,0,0,0,0,0,0,998,0,0,0,9,6,2,12,0,0,0,1,48,75042,6,1,0,0,3,3,999,999,0,0,0,0,0,0,0,0,0,0,0,0,0,0,1,4,98,8,8,8,98,3,3,1,66,99,1,1,98,1,0
48,482758,1,6,2,25,11,19,13,12,2,1,0,48,2,2,404,2404,14,2002,1J4GX48S92C2,1,J,4,G,X,4,8,S,9,2,C,2,0,0,0,000000000,00000000000,0,0,0,1,0,0,0,0,0,0,0,998,0,1,1,12,4,3,12,0,0,0,1,48,75217,0,0,0,0,0,0,999,999,0,0,0,0,0,0,0,0,0,3,37,39,0,0,1,3,35,1,1,8,1,3,3,1,17,99,1,1,83,0,0
48,482758,2,6,2,25,11,19,13,12,2,1,0,48,3,49,40,49040,4,2011,4T1BF3EK7BU6,4,T,1,B,F,3,E,K,7,B,U,6,0,0,0,000000000,00000000000,0,0,0,1,0,0,0,0,0,0,0,998,0,0,0,12,4,3,12,0,0,0,1,48,75228,3,1,0,0,2,0,999,999,0,0,0,0,0,0,0,0,0,0,0,0,0,0,2,3,98,8,8,8,98,3,3,11,66,99,1,1,82,0,0
48,482758,3,6,1,25,11,19,13,12,2,1,0,48,2,20,25,20025,4,2012,1G1PC5SH6C72,1,G,1,P,C,5,S,H,6,C,7,2,0,0,0,000000000,00000000000,0,0,0,1,0,0,0,0,0,0,0,998,0,0,0,9,6,2,12,32,0,1,1,48,75228,6,1,6,0,3,3,75,252,1,0,0,0,1,5,2012,7,2012,0,0,0,0,0,2,3,98,8,8,8,98,3,3,1,66,99,1,1,98,1,0
48,482758,4,6,1,25,11,19,13,12,2,1,0,48,1,20,461,20461,21,2008,1GCGG25C6811,1,G,C,G,G,2,5,C,6,8,1,1,0,0,0,000000000,00000000000,0,0,0,1,0,0,0,0,0,0,0,998,0,0,0,61,2,5,12,0,0,0,1,48,75228,0,0,0,0,0,0,999,999,0,0,0,0,0,0,0,0,0,0,0,0,0,0,2,3,98,8,8,8,98,3,3,1,60,99,1,1,98,0,0
48,482758,5,6,1,25,11,19,13,12,2,1,0,48,2,35,47,35047,4,2008,1N4AL21E48N4,1,N,4,A,L,2,1,E,4,8,N,4,0,0,0,000000000,00000000000,0,0,0,1,0,0,0,0,0,0,0,0,0,0,0,12,2,5,12,0,0,0,1,48,75228,0,0,0,0,0,0,999,999,0,0,0,0,0,0,0,0,0,0,0,0,0,0,1,3,35,1,1,8,1,3,3,5,66,1,1,1,98,0,0
48,482758,6,6,2,25,11,19,13,12,2,1,0,48,2,2,404,2404,14,2004,1J4GX48S94C3,1,J,4,G,X,4,8,S,9,4,C,3,0,0,0,000000000,00000000000,0,0,0,1,0,0,0,0,0,0,0,0,0,0,0,12,2,5,12,0,0,0,1,48,75228,3,1,0,0,2,0,999,999,0,0,0,0,0,0,0,0,0,0,0,0,0,0,1,3,35,1,1,8,1,3,3,5,66,1,1,1,98,0,0
48,482759,1,1,1,25,11,12,45,59,0,1,0,48,3,7,482,7482,31,2006,3D7KR26D96G2,3,D,7,K,R,2,6,D,9,6,G,2,0,0,0,000000000,00000000000,0,0,0,1,0,0,0,0,0,0,0,998,0,0,0,12,4,3,21,0,0,0,1,48,79107,6,1,6,0,3,0,999,999,0,0,0,0,0,0,0,0,0,5,0,0,0,0,3,2,35,1,3,8,1,0,0,1,12,99,1,4,6,1,0
48,482760,1,2,1,25,11,1,40,12,1,1,0,48,2,12,481,12481,31,2012,1FT7W2BT5CEC,1,F,T,7,W,2,B,T,5,C,E,C,0,0,0,000000000,00000000000,0,0,0,1,0,0,0,0,0,0,0,998,0,0,0,12,6,2,12,0,0,0,1,48,77303,6,1,0,0,3,0,999,999,0,11,0,0,0,2,2012,11,2014,5,99,99,99,99,3,2,75,1,1,8,1,0,0,1,51,99,1,1,24,1,0
48,482760,2,2,1,25,11,1,40,12,1,1,0,48,3,98,809,98809,63,2006,2FZACGCS96AW,2,F,Z,A,C,G,C,S,9,6,A,W,0,0,99,999999999,99999999999,3,1,1,1,0,0,0,0,0,0,0,998,0,0,0,6,4,3,12,0,0,0,1,48,77079,6,1,0,0,2,0,999,999,0,0,0,0,0,0,0,0,0,0,0,0,0,0,3,2,75,1,1,8,1,0,0,1,53,99,1,1,25,0,0
48,482761,1,2,1,26,11,8,52,12,6,1,0,48,1,20,401,20401,14,2002,1GNDT13S3222,1,G,N,D,T,1,3,S,3,2,2,2,0,0,0,000000000,00000000000,0,0,0,1,0,0,0,0,0,0,0,998,0,1,1,82,6,2,12,0,0,0,1,48,79764,6,1,0,0,3,0,999,999,0,0,0,0,2,9,2014,9,2014,0,0,0,0,0,2,2,75,3,1,8,1,0,0,14,12,99,3,4,66,1,0
48,482761,2,2,1,26,11,8,52,12,6,1,0,48,2,12,481,12481,31,2015,1FT8W3BT7FEA,1,F,T,8,W,3,B,T,7,F,E,A,0,0,0,000000000,00000000000,0,0,0,1,0,0,0,0,0,0,0,998,0,0,0,12,4,3,12,0,0,0,1,48,79707,6,1,0,0,3,0,999,999,0,0,0,1,0,5,2012,5,2012,0,0,0,0,0,2,2,75,1,1,8,1,0,0,1,62,99,1,1,66,0,0
48,482762,1,1,3,26,11,7,51,38,0,1,0,48,2,12,481,12481,31,2004,1FTPW14554KA,1,F,T,P,W,1,4,5,5,4,K,A,0,0,0,000000000,00000000000,0,0,0,1,0,0,0,0,0,0,0,998,0,1,6,12,6,2,1,0,0,0,1,48,78839,6,1,0,0,3,3,999,999,0,0,0,0,0,0,0,0,0,4,58,0,0,0,1,2,75,3,2,8,1,0,0,14,13,6,1,4,1,1,1
48,482763,1,1,1,26,11,4,30,52,0,1,0,40,3,98,809,98809,66,2007,2FWJA3CG07AX,2,F,W,J,A,3,C,G,0,7,A,X,1,1,57,661173,57661173,3,6,1,2,2,2795,8,1,0,0,0,998,0,1,6,12,6,2,1,0,0,0,1,48,78412,6,1,6,1,3,1,999,999,0,0,0,0,0,0,0,0,0,0,99,99,99,99,2,2,75,1,1,8,1,0,0,1,13,99,1,4,1,1,0
48,482764,1,3,1,27,11,21,54,12,6,1,0,48,2,12,3,12003,2,2001,1FAFP40491F2,1,F,A,F,P,4,0,4,9,1,F,2,0,0,0,000000000,00000000000,0,0,0,1,0,0,0,0,0,0,0,998,0,0,0,12,6,2,12,0,0,0,1,48,77521,0,0,0,0,0,0,999,999,0,0,0,0,0,0,0,0,0,5,28,0,0,0,1,2,98,1,1,8,1,0,0,1,10,99,1,2,64,1,1
48,482764,2,3,3,27,11,21,54,12,6,1,0,48,2,20,431,20431,16,2003,3GNEC16Z03G2,3,G,N,E,C,1,6,Z,0,3,G,2,0,0,0,000000000,00000000000,0,0,0,1,0,0,0,0,0,0,0,998,0,0,0,9,2,5,12,0,0,0,1,48,77471,6,1,0,0,3,3,999,999,0,0,0,0,0,0,0,0,0,0,0,0,0,0,1,2,98,1,1,8,1,0,0,1,62,7,1,1,65,0,0
48,482764,3,3,2,27,11,21,54,12,6,1,0,48,2,2,403,2403,14,2006,1J4FA64S66P7,1,J,4,F,A,6,4,S,6,6,P,7,0,0,0,000000000,00000000000,0,0,0,1,0,0,0,0,0,0,0,998,0,0,0,12,4,3,12,0,0,0,1,48,77521,6,2,0,0,3,3,999,999,0,0,0,0,0,0,0,0,0,0,0,0,0,0,1,2,98,1,1,8,1,0,0,1,54,99,1,1,98,0,0
48,482765,1,1,1,28,11,6,12,38,0,1,0,35,1,2,404,2404,14,1994,1J4FJ67S4RL1,1,J,4,F,J,6,7,S,4,R,L,1,0,0,0,000000000,00000000000,0,0,0,1,0,0,0,0,0,0,0,998,0,0,0,12,4,3,38,0,0,0,1,48,79714,6,1,6,0,3,0,999,999,0,0,0,0,0,0,0,0,0,4,39,0,0,0,1,2,35,1,1,8,1,20,3,1,13,99,1,4,1,1,1