STATE,ST_CASE,VEH_NO,VE_FORMS,NUMOCCS,DAY,MONTH,HOUR,MINUTE,HARM_EV,MAN_COLL,UNITTYPE,HIT_RUN,REG_STAT,OWNER,MAKE,MODEL,MAK_MOD,BODY_TYP,MOD_YEAR,VIN,VIN_1,VIN_2,VIN_3,VIN_4,VIN_5,VIN_6,VIN_7,VIN_8,VIN_9,VIN_10,VIN_11,VIN_12,TOW_VEH,J_KNIFE,MCARR_I1,MCARR_I2,MCARR_ID,GVWR,V_CONFIG,CARGO_BT,HAZ_INV,HAZ_PLAC,HAZ_ID,HAZ_CNO,HAZ_REL,BUS_USE,SPEC_USE,EMER_USE,TRAV_SP,UNDERIDE,ROLLOVER,ROLINLOC,IMPACT1,DEFORMED,TOWED,M_HARM,VEH_SC1,VEH_SC2,FIRE_EXP,DR_PRES,L_STATE,DR_ZIP,L_STATUS,L_TYPE,CDL_STAT,L_ENDORS,L_COMPL,L_RESTRI,DR_HGT,DR_WGT,PREV_ACC,PREV_SUS,PREV_DWI,PREV_SPD,PREV_OTH,FIRST_MO,FIRST_YR,LAST_MO,LAST_YR,SPEEDREL,DR_SF1,DR_SF2,DR_SF3,DR_SF4,VTRAFWAY,VNUM_LAN,VSPD_LIM,VALIGN,VPROFILE,VPAVETYP,VSURCOND,VTRAFCON,VTCONT_F,P_CRASH1,P_CRASH2,P_CRASH3,PCRASH4,PCRASH5,ACC_TYPE,DEATHS,DR_DRINK
48,482766,1,2,1,28,11,16,32,1,0,1,0,48,1,53,706,53706,80,2006,JS1GR7KA3621,J,S,1,G,R,7,K,A,3,6,2,1,0,0,0,000000000,00000000000,0,0,0,1,0,0,0,0,0,0,0,998,0,0,0,0,8,3,1,0,0,0,1,48,78244,6,1,0,0,3,3,999,999,1,4,0,2,1,5,2012,7,2014,3,0,0,0,0,3,2,70,1,1,8,1,0,0,1,51,3,1,1,98,1,0
48,482766,2,2,2,28,11,16,32,1,0,1,0,48,0,12,471,12471,30,2010,1FTKR1AD9APA,1,F,T,K,R,1,A,D,9,A,P,A,0,0,0,000000000,00000000000,0,0,0,1,0,0,0,0,0,0,0,998,0,0,0,6,2,8,12,0,0,0,1,48,78264,1,1,1,0,2,0,999,999,0,1,0,0,0,8,2014,8,2014,0,27,0,0,0,3,2,70,1,1,8,1,0,0,15,53,99,1,1,98,0,0
48,482767,1,1,1,28,11,1,15,20,0,1,0,48,2,59,31,59031,4,2013,JTHBK1GG3D20,J,T,H,B,K,1,G,G,3,D,2,0,0,0,0,000000000,00000000000,0,0,0,1,0,0,0,0,0,0,0,998,0,0,0,12,6,2,20,0,0,0,1,48,77375,1,1,0,0,2,0,999,999,0,3,0,0,0,2,2014,2,2014,0,37,0,0,0,6,2,65,1,1,8,1,0,0,1,12,99,1,4,6,1,1
48,482768,1,1,2,28,11,12,5,1,0,1,0,48,1,20,431,20431,16,1995,1GBEC16K3SJ4,1,G,B,E,C,1,6,K,3,S,J,4,0,0,0,000000000,00000000000,0,0,0,1,0,0,0,0,0,0,0,63,0,2,5,0,4,3,1,0,0,0,1,48,79336,6,1,0,0,3,0,999,999,0,0,0,0,0,0,0,0,0,4,0,0,0,0,1,2,60,1,1,4,1,0,0,1,13,7,3,4,2,1,0
48,482769,1,2,1,29,11,17,2,12,2,1,0,48,2,12,3,12003,2,2004,1FAFP40654F2,1,F,A,F,P,4,0,6,5,4,F,2,0,0,0,000000000,00000000000,0,0,0,1,0,0,0,0,0,0,0,998,0,0,0,12,4,3,12,0,0,0,1,48,77591,6,2,0,0,3,2,999,999,0,0,0,0,0,0,0,0,0,0,73,38,0,0,2,1,45,1,2,8,1,0,0,11,15,99,1,1,68,0,0
48,482769,2,2,1,29,11,17,2,12,2,1,0,48,1,72,706,72706,80,2000,1HD1BHY14YY0,1,H,D,1,B,H,Y,1,4,Y,Y,0,0,0,0,000000000,00000000000,0,0,0,1,0,0,0,0,0,0,0,998,0,0,0,12,4,3,12,0,0,0,1,48,77510,6,1,0,0,3,0,71,276,1,0,0,0,0,3,2012,3,2012,0,0,0,0,0,2,1,45,1,2,8,1,0,0,1,62,99,1,1,69,1,1
48,482770,1,2,1,30,11,18,10,12,2,1,0,48,1,12,481,12481,31,1987,1FTCF15N7HNB,1,F,T,C,F,1,5,N,7,H,N,B,0,0,0,000000000,00000000000,0,0,0,1,0,0,0,0,0,0,0,998,0,0,0,12,6,2,12,32,0,0,1,48,78211,6,1,0,0,3,0,999,999,0,0,0,0,0,0,0,0,0,0,0,0,0,0,1,4,35,1,1,8,1,0,0,1,62,99,1,1,51,1,1
48,482770,2,2,1,30,11,18,10,12,2,1,0,48,1,7,482,7482,31,1996,1B7KC23Z1TJ1,1,B,7,K,C,2,3,Z,1,T,J,1,0,0,0,000000000,00000000000,0,0,0,1,0,0,0,0,0,0,0,998,0,0,0,12,6,2,12,0,0,0,1,48,78211,6,1,0,0,3,0,999,999,0,0,0,0,0,0,0,0,0,0,51,0,0,0,1,4,35,1,1,8,1,0,0,1,10,99,1,2,50,0,0
48,482771,1,1,1,30,11,2,29,1,0,1,0,48,1,72,706,72706,80,2007,1HD1KB4187Y7,1,H,D,1,K,B,4,1,8,7,Y,7,0,0,0,000000000,00000000000,0,0,0,1,0,0,0,0,0,0,0,998,0,0,0,0,4,3,1,0,0,0,1,48,75703,6,1,0,0,2,0,999,999,0,1,0,1,0,6,2012,2,2014,0,0,0,0,0,1,2,55,1,1,8,1,0,0,1,12,1,1,4,6,1,1
48,482772,1,1,1,18,8,23,49,33,0,1,0,48,1,76,706,76706,80,2013,JYAVP32E7DA0,J,Y,A,V,P,3,2,E,7,D,A,0,0,0,0,000000000,00000000000,0,0,0,1,0,0,0,0,0,0,0,998,0,0,0,98,8,2,1,0,0,0,1,48,77802,6,1,0,0,3,0,999,999,1,0,0,0,0,8,2014,8,2014,0,0,0,0,0,5,5,55,3,1,8,1,0,0,14,13,99,1,4,1,1,1
48,482773,1,1,2,30,11,13,29,33,0,1,0,48,1,24,9,24009,4,2007,1G8ZS57N37F1,1,G,8,Z,S,5,7,N,3,7,F,1,0,0,0,000000000,00000000000,0,0,0,1,0,0,0,0,0,0,0,998,0,0,0,98,6,2,58,32,0,0,1,48,76106,6,1,0,0,3,0,999,999,0,1,0,0,1,10,2012,3,2014,5,0,0,0,0,2,2,98,1,2,8,1,0,0,3,13,99,1,4,1,1,0
48,482774,1,2,2,4,10,18,27,12,6,1,0,48,2,20,22,20022,4,2009,1G1AS58H0971,1,G,1,A,S,5,8,H,0,9,7,1,0,0,0,000000000,00000000000,0,0,0,1,0,0,0,0,0,0,0,998,0,0,0,11,2,3,12,0,0,0,1,48,78064,0,0,0,0,0,0,999,999,0,0,0,0,0,0,0,0,0,0,39,0,0,0,1,2,98,8,8,8,98,20,3,1,17,99,1,1,89,0,0
48,482774,2,2,1,4,10,18,27,12,6,1,0,48,0,53,706,53706,80,2006,JS1GT76A9621,J,S,1,G,T,7,6,A,9,6,2,1,0,0,0,000000000,00000000000,0,0,0,1,0,0,0,0,0,0,0,998,0,0,0,12,4,3,12,0,0,0,1,48,78064,6,1,0,0,3,3,999,999,0,0,0,2,1,1,2012,5,2014,0,0,0,0,0,1,4,35,1,1,8,1,0,0,1,66,99,1,1,88,1,0
48,482775,1,1,2,5,10,7,30,42,0,1,0,48,2,35,472,35472,30,2014,1N6AD0ER8EN7,1,N,6,A,D,0,E,R,8,E,N,7,0,0,0,000000000,00000000000,0,0,0,1,0,0,0,0,0,0,0,998,0,0,0,12,4,3,42,0,0,0,1,48,77291,6,1,0,0,3,3,999,999,0,0,0,0,0,0,0,0,0,5,0,0,0,0,4,2,45,3,1,8,1,0,0,14,13,99,1,4,1,1,1
48,482776,1,1,1,18,10,23,11,8,0,1,0,48,1,13,1,13001,4,1996,1LNLM81W0TY6,1,L,N,L,M,8,1,W,0,T,Y,6,0,0,0,000000000,00000000000,0,0,0,1,0,0,0,0,0,0,0,998,0,0,0,12,2,5,8,0,0,0,1,48,77708,6,1,0,0,3,0,999,999,1,10,0,1,1,11,2011,9,2014,0,0,0,0,0,1,4,35,1,1,8,1,2,3,1,80,99,1,1,13,0,0
48,482777,1,1,5,7,12,9,56,1,0,1,0,48,1,12,422,12422,15,2002,1FMRU15W92LA,1,F,M,R,U,1,5,W,9,2,L,A,0,0,0,000000000,00000000000,0,0,0,1,0,0,0,0,0,0,0,998,0,2,5,0,6,2,1,0,0,0,1,48,78953,6,1,0,0,3,3,999,999,0,0,0,0,0,0,0,0,0,0,58,0,0,0,1,2,65,1,1,8,1,0,0,1,13,6,4,4,1,1,0
48,482778,1,2,1,19,10,2,12,12,1,1,0,48,1,12,880,12880,67,2011,1FT8W3BT5BEA,1,F,T,8,W,3,B,T,5,B,E,A,0,0,88,888888888,88888888888,2,1,97,1,0,0,0,0,0,0,0,998,0,0,0,12,4,3,12,0,0,0,1,48,77905,6,1,6,0,3,0,999,999,0,0,0,2,1,3,2013,5,2014,5,91,0,0,0,5,5,50,1,1,8,1,0,0,1,51,99,1,1,24,0,0
48,482778,2,2,2,19,10,2,12,12,1,1,0,48,2,12,422,12422,15,2000,1FMRU1564YLB,1,F,M,R,U,1,5,6,4,Y,L,B,0,0,0,000000000,00000000000,0,0,0,1,0,0,0,0,0,0,0,998,0,1,5,6,4,3,12,0,0,0,1,48,77951,6,1,0,0,3,0,999,999,0,0,0,0,0,0,0,0,0,0,0,0,0,0,5,5,50,1,1,8,1,0,0,1,53,99,1,1,25,1,0
48,482779,1,1,1,21,10,17,1,9,0,1,0,48,1,49,482,49482,31,2014,5TFEY5F13EX1,5,T,F,E,Y,5,F,1,3,E,X,1,0,0,0,000000000,00000000000,0,0,0,1,0,0,0,0,0,0,0,998,0,0,0,12,2,5,9,0,0,0,1,48,77459,6,1,0,0,3,0,999,999,0,0,0,3,0,5,2012,4,2014,0,0,0,0,0,0,0,0,0,0,0,0,0,0,98,83,1,1,7,13,0,0
48,482780,1,1,4,25,10,0,21,1,0,1,0,48,2,12,401,12401,14,2001,1FMZU67E01UC,1,F,M,Z,U,6,7,E,0,1,U,C,0,0,0,000000000,00000000000,0,0,0,1,0,0,0,0,0,0,0,998,0,2,4,0,4,3,1,0,0,0,1,48,77541,6,1,0,0,3,3,999,999,0,0,0,1,0,10,2014,10,2014,4,99,99,99,99,3,3,98,8,8,8,1,0,0,1,98,99,9,4,3,1,0
48,482781,1,1,1,25,10,21,48,8,0,1,0,48,2,2,404,2404,14,2005,1J4GS48K45C5,1,J,4,G,S,4,8,K,4,5,C,5,0,0,0,000000000,00000000000,0,0,0,1,0,0,0,0,0,0,0,998,0,0,0,12,4,5,8,0,0,0,1,48,76001,1,1,0,0,2,3,999,999,0,4,0,0,0,5,2012,8,2013,0,0,0,0,0,3,3,60,1,1,8,1,0,0,1,80,99,1,1,13,0,0
48,482782,1,1,2,31,10,23,15,8,0,1,0,48,3,55,402,55402,14,2014,KM8JU3AG3EU7,K,M,8,J,U,3,A,G,3,E,U,7,0,0,0,000000000,00000000000,0,0,0,1,0,0,0,0,0,0,0,998,0,0,0,12,4,5,8,0,0,0,1,48,78550,6,1,0,0,3,3,999,999,0,0,0,0,0,0,0,0,0,0,0,0,0,0,2,2,75,3,1,8,1,0,0,14,80,99,1,1,13,0,0
48,482783,1,1,1,1,11,0,3,9,0,1,0,48,2,22,18,22018,4,2004,1G2NF52E14M6,1,G,2,N,F,5,2,E,1,4,M,6,0,0,0,000000000,00000000000,0,0,0,1,0,0,0,0,0,0,0,998,0,0,0,12,4,3,9,0,0,0,1,48,77036,6,1,0,0,3,3,999,999,0,0,0,0,0,0,0,0,0,0,0,0,0,0,3,3,35,1,1,8,1,0,0,1,83,99,1,1,13,0,0
48,482784,1,1,1,4,11,22,50,33,0,1,0,48,1,45,40,45040,1,2000,WP0CA2987YU6,W,P,0,C,A,2,9,8,7,Y,U,6,0,0,0,000000000,00000000000,0,0,0,1,0,0,0,0,0,0,0,998,0,0,0,98,6,2,42,0,0,0,1,48,75218,6,1,0,0,3,3,72,167,0,0,0,1,0,1,2014,1,2014,4,0,0,0,0,2,3,35,1,1,8,2,0,0,1,6,99,9,4,6,1,1
48,482785,1,2,2,4,11,6,57,12,6,1,0,48,2,23,481,23481,31,2002,2GTEC19T9213,2,G,T,E,C,1,9,T,9,2,1,3,0,0,0,000000000,00000000000,0,0,0,1,0,0,0,0,0,0,0,998,0,0,0,12,6,2,12,0,0,0,1,48,76088,6,1,0,0,3,3,999,999,0,0,0,0,0,0,0,0,0,0,0,0,0,0,1,2,60,1,1,8,2,0,0,1,62,99,1,1,66,0,0
48,482785,2,2,1,4,11,6,57,12,6,1,0,48,2,12,481,12481,31,1999,1FTRX17L3XKC,1,F,T,R,X,1,7,L,3,X,K,C,0,0,0,000000000,00000000000,0,0,0,1,0,0,0,0,0,0,0,998,0,0,0,3,6,2,12,0,0,0,1,48,76135,6,1,0,0,3,0,999,999,0,0,0,0,0,0,0,0,0,4,0,0,0,0,1,2,60,1,1,8,2,0,0,1,6,99,9,2,66,1,0
48,482786,1,1,1,6,11,19,41,8,0,1,0,48,3,2,1,2001,6,2013,1C4NJCCB7DD1,1,C,4,N,J,C,C,B,7,D,D,1,0,0,0,000000000,00000000000,0,0,0,1,0,0,0,0,0,0,0,998,0,0,0,12,2,5,8,0,0,0,1,48,77077,6,1,0,0,3,0,999,999,0,0,0,0,0,0,0,0,0,0,0,0,0,0,3,4,40,1,1,1,1,0,0,1,80,99,1,1,13,0,0
48,482788,1,1,2,8,11,11,53,33,0,1,0,48,0,12,17,12017,4,2003,1FAFP53U83G2,1,F,A,F,P,5,3,U,8,3,G,2,0,0,0,000000000,00000000000,0,0,0,1,0,0,0,0,0,0,0,998,0,0,0,98,6,2,42,0,0,0,1,48,77060,0,0,0,0,0,0,999,999,0,0,0,0,0,0,0,0,0,3,0,0,0,0,3,2,35,3,1,1,1,0,0,14,12,99,1,4,6,1,0
48,482789,1,1,29,8,11,9,44,8,0,1,0,48,3,94,989,94989,50,2014,1T7YU4E26E12,1,T,7,Y,U,4,E,2,6,E,1,2,0,0,88,888888888,88888888888,3,21,22,1,0,0,0,0,1,2,0,998,0,0,0,12,2,5,8,0,0,0,1,48,79109,6,1,6,1,3,3,999,999,2,0,0,0,2,3,2012,10,2013,0,0,0,0,0,5,5,35,1,1,8,1,0,0,1,80,99,1,1,13,0,0
48,482790,1,2,1,10,11,12,20,12,6,1,0,48,3,12,880,12880,67,2009,1FDWX37R59EA,1,F,D,W,X,3,7,R,5,9,E,A,0,0,57,60013,5760013,2,1,97,1,0,0,0,0,0,0,0,998,0,0,0,12,4,3,12,0,0,0,1,40,74523,6,1,6,0,3,3,63,155,0,0,0,1,0,11,2011,11,2011,0,39,0,0,0,2,3,60,1,1,8,1,3,3,1,17,99,1,1,86,0,0
48,482790,2,2,1,10,11,12,20,12,6,1,0,48,1,37,441,37441,20,2005,5FNRL38635B0,5,F,N,R,L,3,8,6,3,5,B,0,0,0,0,000000000,00000000000,0,0,0,1,0,0,0,0,0,0,0,998,0,0,0,3,4,3,12,0,0,0,1,48,75762,6,1,0,0,3,3,999,999,2,0,0,0,0,4,2014,5,2014,0,0,0,0,0,1,2,99,1,1,8,1,3,3,1,66,99,1,1,87,1,0
48,482791,1,1,1,11,11,20,37,8,0,1,1,48,1,20,481,20481,31,2008,3GCEC13CX8G2,3,G,C,E,C,1,3,C,X,8,G,2,0,0,0,000000000,00000000000,0,0,0,1,0,0,0,0,0,0,0,998,0,0,0,98,9,5,8,0,0,0,1,48,79714,6,1,0,0,3,0,999,999,0,0,0,0,0,0,0,0,0,0,91,0,0,0,0,0,0,0,0,0,0,0,0,10,80,99,9,1,13,0,1
48,482792,1,1,3,14,11,21,51,8,0,1,0,48,1,20,24,20024,6,2011,1GNKREED5BJ2,1,G,N,K,R,E,E,D,5,B,J,2,0,0,0,000000000,00000000000,0,0,0,1,0,0,0,0,0,0,0,998,0,0,0,82,4,5,8,0,0,0,1,48,75087,6,1,0,0,3,3,999,999,1,0,0,0,1,11,2012,7,2014,3,0,0,0,0,1,2,40,1,1,8,1,0,0,1,80,99,1,1,13,0,0
48,482793,1,1,1,15,11,18,6,8,0,1,0,48,1,55,35,55035,4,2001,KMHDN45D01U0,K,M,H,D,N,4,5,D,0,1,U,0,0,0,0,000000000,00000000000,0,0,0,1,0,0,0,0,0,0,0,998,0,0,0,12,4,5,8,0,0,0,1,48,78520,6,1,0,0,3,3,999,999,0,0,0,0,0,0,0,0,0,0,0,0,0,0,5,5,35,1,1,2,2,0,0,1,80,99,1,1,13,0,0
48,482794,1,1,1,15,11,21,0,59,0,1,0,93,3,82,884,82884,66,2013,1FUJGLDR2DLB,1,F,U,J,G,L,D,R,2,D,L,B,1,1,57,837251,57837251,3,6,2,1,0,0,0,0,0,0,0,998,0,1,5,98,6,2,59,99,99,0,1,48,76389,6,1,6,1,3,3,999,999,0,0,0,0,1,3,2012,3,2012,0,99,99,99,99,1,2,75,2,1,8,1,0,0,1,12,1,1,4,6,1,0
48,482795,1,1,1,16,11,2,47,8,0,1,0,48,2,49,40,49040,4,2002,4T1BE32K42U6,4,T,1,B,E,3,2,K,4,2,U,6,0,0,0,000000000,00000000000,0,0,0,1,0,0,0,0,0,0,0,998,0,0,0,12,4,3,8,0,0,0,1,48,75089,6,1,0,0,3,3,999,999,0,0,0,0,0,0,0,0,0,5,87,0,0,0,1,2,40,1,1,8,2,0,0,1,80,4,2,1,13,0,0
48,482796,1,1,1,17,11,4,52,24,0,1,0,48,1,35,50,35050,4,2014,3N1CE2CP2EL4,3,N,1,C,E,2,C,P,2,E,L,4,0,0,0,000000000,00000000000,0,0,0,1,0,0,0,0,0,0,0,998,0,0,0,12,6,2,24,0,0,0,1,48,77535,6,1,0,0,3,3,999,999,0,0,0,0,1,10,2013,10,2013,5,0,0,0,0,5,7,45,2,1,8,2,0,0,15,6,99,9,4,7,1,0
48,482797,1,1,2,19,11,21,55,8,0,1,0,48,1,20,37,20037,4,1998,1G1ND52T9W61,1,G,1,N,D,5,2,T,9,W,6,1,0,0,0,000000000,00000000000,0,0,0,1,0,0,0,0,0,0,0,998,0,0,0,12,2,5,8,0,0,0,1,48,77084,0,0,0,0,0,0,999,999,0,0,0,0,0,0,0,0,0,0,0,0,0,0,5,7,35,1,1,1,1,3,3,1,80,99,1,1,13,0,0
48,482798,1,2,1,20,11,22,50,12,6,1,0,48,2,12,481,12481,31,2006,1FTPW12VX6KC,1,F,T,P,W,1,2,V,X,6,K,C,0,0,0,000000000,00000000000,0,0,0,1,0,0,0,0,0,0,0,998,0,1,5,3,6,2,12,0,0,0,1,48,78233,6,1,0,0,3,0,999,999,0,0,0,0,0,0,0,0,0,0,48,27,0,0,3,2,70,1,3,8,1,0,0,15,11,99,1,2,48,1,1
48,482798,2,2,1,20,11,22,50,12,6,1,0,93,3,82,884,82884,66,9999,3AKJGBDVXESF,3,A,K,J,G,B,D,V,X,E,S,F,1,1,57,387401,57387401,3,6,2,2,2,1203,3,1,0,0,0,998,0,0,0,12,4,3,12,0,0,0,1,48,78065,6,1,6,1,3,1,999,999,0,0,0,0,0,0,0,0,0,0,0,0,0,0,3,2,70,1,3,8,1,0,0,1,60,99,1,1,48,0,0
48,482799,1,3,1,20,11,22,27,33,0,1,0,48,0,37,31,37031,2,2011,2HGFG1B62BH5,2,H,G,F,G,1,B,6,2,B,H,5,0,0,0,000000000,00000000000,0,0,0,1,0,0,0,0,0,0,0,998,0,1,5,81,6,2,42,0,0,0,1,48,75044,0,0,0,0,0,0,72,230,0,0,0,0,0,0,0,0,0,5,58,0,0,0,2,3,40,1,1,8,1,0,0,1,13,6,1,4,1,1,0
48,482799,2,3,1,20,11,22,27,33,0,1,0,48,1,35,39,35039,4,1998,JN1CA21D8WT5,J,N,1,C,A,2,1,D,8,W,T,5,0,0,0,000000000,00000000000,0,0,0,1,0,0,0,0,0,0,0,998,0,0,0,12,4,3,12,0,0,0,1,48,75042,0,0,0,0,0,0,999,999,0,0,0,0,0,0,0,0,0,0,0,0,0,0,2,3,40,1,1,8,1,0,0,1,64,99,1,1,98,0,0
48,482799,3,3,1,20,11,22,27,33,0,1,0,48,2,20,16,20016,4,2002,1G1JC5241274,1,G,1,J,C,5,2,4,1,2,7,4,0,0,0,000000000,00000000000,0,0,0,1,0,0,0,0,0,0,0,998,0,0,0,12,4,3,12,0,0,0,1,48,75254,6,1,0,0,3,3,999,999,0,0,0,2,0,8,2013,3,2014,0,0,0,0,0,2,3,40,1,1,8,1,0,0,1,51,99,1,1,98,0,0
48,482800,1,2,5,21,11,15,45,12,6,1,0,48,3,12,481,12481,31,2001,1FTNW20F61ED,1,F,T,N,W,2,0,F,6,1,E,D,0,0,0,000000000,00000000000,0,0,0,1,0,0,0,0,0,0,0,998,0,0,0,82,4,3,12,0,0,0,1,48,77040,6,1,0,0,3,3,999,999,0,0,0,1,0,7,2012,7,2012,4,51,0,0,0,1,4,70,1,1,8,2,0,0,1,6,99,9,2,66,0,0
48,482800,2,2,1,21,11,15,45,12,6,1,0,48,1,22,19,22019,2,2007,1G2AL15F4773,1,G,2,A,L,1,5,F,4,7,7,3,0,0,0,000000000,00000000000,0,0,0,1,0,0,0,0,0,0,0,998,0,0,0,12,6,2,12,0,0,0,1,48,77379,0,0,0,0,0,0,999,999,0,0,0,0,0,0,0,0,0,0,0,0,0,0,1,4,70,1,1,8,2,0,0,1,62,99,1,1,66,1,0
48,482801,1,2,1,21,11,18,44,12,6,1,0,40,3,82,881,82881,66,2013,1FUJGEDVXDLB,1,F,U,J,G,E,D,V,X,D,L,B,1,1,57,214438,57214438,3,6,1,1,0,0,0,0,0,0,0,998,0,0,0,12,4,3,12,0,0,0,1,48,77581,6,1,6,0,3,0,999,999,0,0,0,0,0,0,0,0,0,0,0,0,0,0,2,2,75,1,2,8,2,0,0,1,62,7,1,1,65,0,0
48,482801,2,2,1,21,11,18,44,12,6,1,0,48,1,30,47,30047,3,1999,3VWCA21C4XM4,3,V,W,C,A,2,1,C,4,X,M,4,0,0,0,000000000,00000000000,0,0,0,1,0,0,0,0,0,0,0,998,0,0,0,9,6,2,12,0,0,0,1,48,76656,6,1,0,0,3,0,83,226,0,0,0,1,0,6,2014,6,2014,0,0,0,0,0,2,2,75,1,2,8,2,0,0,1,9,99,4,4,64,1,1
48,482802,1,1,11,21,11,5,36,20,0,1,0,99,9,20,461,20461,21,2003,1GAHG39U4312,1,G,A,H,G,3,9,U,4,3,1,2,0,0,0,000000000,00000000000,0,0,0,1,0,0,0,0,0,0,0,998,0,1,3,12,4,3,20,0,0,0,1,98,0,9,9,99,9,9,9,999,999,99,99,99,99,99,99,9999,99,9999,4,0,0,0,0,3,2,75,3,2,8,2,0,0,14,13,99,2,4,7,3,0
48,482803,1,1,2,22,11,5,20,52,0,1,0,48,1,20,2,20002,4,2007,2G1WB58K4792,2,G,1,W,B,5,8,K,4,7,9,2,0,0,0,000000000,00000000000,0,0,0,1,0,0,0,0,0,0,0,998,0,0,0,12,6,2,52,0,0,0,1,48,75052,0,0,0,0,0,0,65,170,0,12,0,0,1,1,2012,7,2014,4,0,0,0,0,3,3,60,1,1,8,2,0,0,1,13,99,1,4,1,1,1
48,482804,1,3,3,22,11,13,54,12,7,1,0,48,1,7,24,7024,4,2010,2B3CA4CD2AH1,2,B,3,C,A,4,C,D,2,A,H,1,0,0,0,000000000,00000000000,0,0,0,1,0,0,0,0,0,0,0,998,0,0,0,3,4,3,12,0,0,0,1,48,75243,6,1,0,0,3,0,999,999,0,0,0,0,0,0,0,0,0,0,28,0,0,0,2,3,35,2,2,8,2,0,0,6,8,99,9,2,44,0,0
48,482804,2,3,2,22,11,13,54,12,7,1,0,48,1,37,32,37032,2,2005,1HGCM82775A0,1,H,G,C,M,8,2,7,7,5,A,0,0,0,0,000000000,00000000000,0,0,0,1,0,0,0,0,0,0,0,998,0,0,0,9,4,3,12,0,0,0,1,48,75093,6,1,0,0,3,3,999,999,0,0,0,0,0,0,0,0,0,0,0,0,0,0,2,3,35,2,2,8,2,0,0,14,60,99,1,1,45,0,0
48,482804,3,3,1,22,11,13,54,12,7,1,0,48,1,37,706,37706,80,2007,1HFSC55027A3,1,H,F,S,C,5,5,0,2,7,A,3,0,0,0,000000000,00000000000,0,0,0,1,0,0,0,0,0,0,0,998,0,0,0,98,8,2,12,0,0,0,1,48,75034,6,1,6,0,3,0,999,999,1,0,0,0,0,10,2013,10,2013,0,0,0,0,0,2,3,35,3,2,8,2,0,0,14,62,99,1,1,98,1,0
48,482805,1,2,1,22,11,0,37,12,6,1,0,48,2,53,706,53706,80,1998,JS1GV75A1W21,J,S,1,G,V,7,5,A,1,W,2,1,0,0,0,000000000,00000000000,0,0,0,1,0,0,0,0,0,0,0,70,0,0,0,12,8,2,12,0,0,0,1,48,77396,6,1,0,0,2,0,999,999,0,0,0,0,1,5,2013,5,2013,3,37,39,0,0,2,2,40,1,1,8,2,3,3,1,17,99,1,1,88,1,0
48,482805,2,2,1,22,11,0,37,12,6,1,0,48,2,22,403,22403,14,2006,2CKDL63F9660,2,C,K,D,L,6,3,F,9,6,6,0,0,0,0,000000000,00000000000,0,0,0,1,0,0,0,0,0,0,0,998,0,0,0,9,4,3,12,0,0,0,1,48,77365,0,0,0,0,0,0,999,999,0,0,0,0,0,0,0,0,0,0,0,0,0,0,2,2,40,8,8,8,98,3,3,1,66,99,1,1,89,0,0
48,482806,1,1,3,22,11,6,23,59,0,1,0,48,2,20,481,20481,31,1999,1GCEC14WXXZ1,1,G,C,E,C,1,4,W,X,X,Z,1,0,0,0,000000000,00000000000,0,0,0,1,0,0,0,0,0,0,0,998,0,0,0,12,4,3,59,0,0,0,1,48,77351,6,1,0,0,3,0,999,999,0,0,0,0,0,0,0,0,0,5,39,91,0,0,1,2,30,1,1,8,2,20,3,1,14,99,1,4,14,1,1
48,482807,1,1,2,22,11,17,45,1,0,1,0,48,1,7,482,7482,31,2006,1D7KS28C86J1,1,D,7,K,S,2,8,C,8,6,J,1,0,0,0,000000000,00000000000,0,0,0,1,0,0,0,0,0,0,0,998,0,2,5,0,6,2,1,0,0,0,1,48,76524,6,1,0,0,3,0,999,999,0,4,0,0,0,1,2012,3,2014,0,0,0,0,0,1,2,40,1,1,8,2,0,0,1,12,99,1,4,6,1,1
48,482808,1,1,1,22,11,21,0,38,0,1,0,48,3,20,481,20481,31,2004,1GCHC24UX4E3,1,G,C,H,C,2,4,U,X,4,E,3,0,0,0,000000000,00000000000,0,0,0,1,0,0,0,0,0,0,0,998,0,1,6,11,4,3,1,0,0,0,1,48,76066,6,1,0,0,3,0,999,999,0,0,0,0,0,0,0,0,0,4,0,0,0,0,1,2,75,1,1,8,1,0,0,1,13,99,3,4,1,1,1
48,482809,1,2,1,23,11,10,0,12,2,1,0,48,1,49,32,49032,4,2011,2T1BU4EE9BC6,2,T,1,B,U,4,E,E,9,B,C,6,0,0,0,000000000,00000000000,0,0,0,1,0,0,0,0,0,0,0,998,0,0,0,12,6,2,12,0,0,0,1,48,78230,6,1,0,0,3,0,999,999,0,0,0,0,0,0,0,0,0,0,28,0,0,0,5,5,45,1,1,8,1,0,0,1,10,99,1,2,50,0,0
48,482809,2,2,1,23,11,10,0,12,2,1,0,48,1,37,31,37031,4,2008,2HGFA16828H5,2,H,G,F,A,1,6,8,2,8,H,5,0,0,0,000000000,00000000000,0,0,0,1,0,0,0,0,0,0,0,998,0,0,0,12,6,2,12,0,0,0,1,48,78250,6,1,0,0,3,0,999,999,0,0,0,0,0,0,0,0,0,0,0,0,0,0,5,5,45,1,1,8,1,0,0,1,62,99,1,1,51,1,0