STATE,ST_CASE,VEH_NO,VE_FORMS,NUMOCCS,DAY,MONTH,HOUR,MINUTE,HARM_EV,MAN_COLL,UNITTYPE,HIT_RUN,REG_STAT,OWNER,MAKE,MODEL,MAK_MOD,BODY_TYP,MOD_YEAR,VIN,VIN_1,VIN_2,VIN_3,VIN_4,VIN_5,VIN_6,VIN_7,VIN_8,VIN_9,VIN_10,VIN_11,VIN_12,TOW_VEH,J_KNIFE,MCARR_I1,MCARR_I2,MCARR_ID,GVWR,V_CONFIG,CARGO_BT,HAZ_INV,HAZ_PLAC,HAZ_ID,HAZ_CNO,HAZ_REL,BUS_USE,SPEC_USE,EMER_USE,TRAV_SP,UNDERIDE,ROLLOVER,ROLINLOC,IMPACT1,DEFORMED,TOWED,M_HARM,VEH_SC1,VEH_SC2,FIRE_EXP,DR_PRES,L_STATE,DR_ZIP,L_STATUS,L_TYPE,CDL_STAT,L_ENDORS,L_COMPL,L_RESTRI,DR_HGT,DR_WGT,PREV_ACC,PREV_SUS,PREV_DWI,PREV_SPD,PREV_OTH,FIRST_MO,FIRST_YR,LAST_MO,LAST_YR,SPEEDREL,DR_SF1,DR_SF2,DR_SF3,DR_SF4,VTRAFWAY,VNUM_LAN,VSPD_LIM,VALIGN,VPROFILE,VPAVETYP,VSURCOND,VTRAFCON,VTCONT_F,P_CRASH1,P_CRASH2,P_CRASH3,PCRASH4,PCRASH5,ACC_TYPE,DEATHS,DR_DRINK
48,482810,1,2,1,23,11,22,40,12,1,1,0,48,0,76,705,76705,80,2003,JYARJ06E83A0,J,Y,A,R,J,0,6,E,8,3,A,0,0,0,0,000000000,00000000000,0,0,0,1,0,0,0,0,0,0,0,998,0,0,0,12,8,2,12,0,0,0,1,48,75212,0,0,0,0,0,0,64,162,0,0,0,0,0,0,0,0,0,3,0,0,0,0,2,3,35,1,1,8,1,0,0,6,51,99,1,1,24,1,1
48,482810,2,2,2,23,11,22,40,12,1,1,0,48,1,12,17,12017,4,1999,1FAFP53U0XG2,1,F,A,F,P,5,3,U,0,X,G,2,0,0,0,000000000,00000000000,0,0,0,1,0,0,0,0,0,0,0,998,0,0,0,6,2,3,12,0,0,0,1,48,75208,6,1,0,0,3,3,999,999,0,0,0,0,0,0,0,0,0,0,0,0,0,0,2,3,35,1,1,8,1,0,0,1,53,99,1,1,25,0,0
48,482811,1,1,1,23,11,3,50,59,0,1,0,35,2,41,471,41471,30,2002,4F4YR16U12TM,4,F,4,Y,R,1,6,U,1,2,T,M,0,0,0,000000000,00000000000,0,0,0,1,0,0,0,0,0,0,0,998,0,1,1,4,6,2,1,0,0,0,1,35,88012,6,1,0,0,3,3,73,160,98,0,0,1,0,7,2014,7,2014,0,99,99,99,99,3,2,65,1,1,2,1,0,0,1,9,99,2,4,1,1,1
48,482812,1,2,1,30,11,19,20,12,1,1,0,5,3,82,884,82884,66,2005,1FUJBBCK75LN,1,F,U,J,B,B,C,K,7,5,L,N,1,1,57,1198869,571198869,3,6,11,1,0,0,0,0,0,0,0,998,0,0,0,6,2,5,12,0,0,0,1,5,72374,6,1,6,0,3,0,69,200,0,0,0,0,0,0,0,0,0,0,0,0,0,0,2,2,75,1,1,8,1,0,0,1,53,99,1,1,25,0,0
48,482812,2,2,1,30,11,19,20,12,1,1,0,48,1,20,421,20421,15,2010,1GNMCBE35AR1,1,G,N,M,C,B,E,3,5,A,R,1,0,0,0,000000000,00000000000,0,0,0,1,0,0,0,0,0,0,0,998,3,0,0,12,6,2,12,0,0,0,1,48,79084,6,1,0,0,3,0,999,999,0,0,0,0,0,0,0,0,0,5,0,0,0,0,2,2,75,1,1,8,1,0,0,1,51,99,1,1,24,1,0
48,482813,1,1,4,23,11,3,49,24,0,1,0,48,1,23,481,23481,31,2008,3GTEC13J18G1,3,G,T,E,C,1,3,J,1,8,G,1,0,0,0,000000000,00000000000,0,0,0,1,0,0,0,0,0,0,0,998,0,1,5,81,6,2,2,0,0,1,1,48,75154,0,0,0,0,0,0,999,999,0,0,0,0,0,0,0,0,0,0,0,0,0,0,3,3,75,1,1,8,1,0,0,1,13,1,1,4,1,1,0
48,482814,1,2,1,23,11,13,6,1,0,1,0,48,0,76,706,76706,80,2005,JYARN13E05A0,J,Y,A,R,N,1,3,E,0,5,A,0,0,0,0,000000000,00000000000,0,0,0,1,0,0,0,0,0,0,0,998,0,0,0,0,2,3,1,0,0,0,1,48,78726,1,1,0,0,2,0,999,999,0,5,0,2,0,3,2012,12,2013,5,0,0,0,0,3,2,30,4,1,8,1,0,0,14,9,99,9,1,98,1,0
48,482814,2,2,3,23,11,13,6,1,0,1,0,48,1,34,34,34034,4,2007,WBAVA33557KX,W,B,A,V,A,3,3,5,5,7,K,X,0,0,0,000000000,00000000000,0,0,0,1,0,0,0,0,0,0,0,998,0,0,0,6,2,5,54,0,0,0,1,48,78726,6,1,0,0,3,0,999,999,0,0,0,0,0,0,0,0,0,0,0,0,0,0,3,2,30,4,1,8,1,0,0,14,98,99,1,1,98,0,0
48,482815,1,1,2,23,11,3,15,1,0,1,0,48,1,58,34,58034,4,1996,JNKAY21D0TM3,J,N,K,A,Y,2,1,D,0,T,M,3,0,0,0,000000000,00000000000,0,0,0,1,0,0,0,0,0,0,0,998,0,1,3,0,4,3,1,0,0,0,1,48,77418,6,1,0,0,3,0,999,999,0,0,0,2,1,10,2012,12,2013,0,0,0,0,0,2,2,65,2,1,8,2,0,0,14,12,1,1,4,6,1,0
48,482816,1,2,1,24,11,13,35,12,6,1,0,48,2,22,20,22020,4,2005,2G2WP5227513,2,G,2,W,P,5,2,2,7,5,1,3,0,0,0,000000000,00000000000,0,0,0,1,0,0,0,0,0,0,0,998,0,0,0,9,6,2,12,0,0,0,1,48,77591,6,1,0,0,3,3,999,999,0,0,0,1,0,8,2012,8,2012,0,38,0,0,0,1,2,99,1,1,8,1,20,3,11,15,99,1,1,82,1,0
48,482816,2,2,2,24,11,13,35,12,6,1,0,48,1,12,481,12481,31,2011,1FTEX1CMXBFC,1,F,T,E,X,1,C,M,X,B,F,C,0,0,0,000000000,00000000000,0,0,0,1,0,0,0,0,0,0,0,998,0,0,0,12,4,3,12,0,0,0,1,48,77480,6,1,0,0,3,3,999,999,0,0,0,0,0,0,0,0,0,0,0,0,0,0,1,2,50,1,1,8,1,0,0,1,67,99,1,1,83,0,0
48,482817,1,2,1,24,11,10,0,12,2,1,0,48,2,12,37,12037,4,2014,1FADP3F21EL1,1,F,A,D,P,3,F,2,1,E,L,1,0,0,0,000000000,00000000000,0,0,0,1,0,0,0,0,0,0,0,998,0,0,0,12,4,3,12,0,0,0,1,48,76660,6,1,0,0,3,0,70,206,2,0,0,0,1,8,2012,11,2013,0,51,0,0,0,1,2,70,1,1,8,1,0,0,1,10,99,1,2,50,1,0
48,482817,2,2,1,24,11,10,0,12,2,1,0,93,1,85,884,85884,66,1998,1XKAD69X9WJ7,1,X,K,A,D,6,9,X,9,W,J,7,1,1,57,487060,57487060,3,6,97,1,0,0,0,0,0,0,0,998,0,0,0,12,4,5,12,0,0,0,1,48,76442,6,1,6,0,3,3,999,999,0,0,0,0,0,0,0,0,0,0,0,0,0,0,1,2,70,1,1,8,1,0,0,1,62,99,1,1,51,0,0
48,482818,1,2,1,24,11,12,20,1,0,1,0,48,1,98,706,98706,80,2007,ZD4RRTT017S0,Z,D,4,R,R,T,T,0,1,7,S,0,0,0,0,000000000,00000000000,0,0,0,1,0,0,0,0,0,0,0,60,0,0,0,0,8,2,1,0,0,0,1,48,77381,6,1,6,0,3,3,999,999,0,0,0,0,0,0,0,0,0,3,0,0,0,0,2,2,45,1,1,8,1,0,0,1,66,3,2,1,98,1,0
48,482818,2,2,5,24,11,12,20,1,0,1,0,48,1,59,403,59403,14,2015,2T2ZK1BA8FC1,2,T,2,Z,K,1,B,A,8,F,C,1,0,0,0,000000000,00000000000,0,0,0,1,0,0,0,0,0,0,0,998,0,0,0,5,4,3,12,0,0,0,1,6,92117,6,1,0,0,3,3,71,180,0,0,0,0,0,0,0,0,0,0,38,0,0,0,1,2,99,1,1,8,1,20,3,11,15,99,1,1,98,0,0
48,482819,1,2,6,24,11,18,55,12,6,1,0,48,2,23,8,23008,6,2007,1GKER137X7J1,1,G,K,E,R,1,3,7,X,7,J,1,0,0,0,000000000,00000000000,0,0,0,1,0,0,0,0,0,0,0,998,0,0,0,2,4,3,12,0,0,0,1,48,78724,0,0,0,0,0,0,999,999,0,0,0,0,0,0,0,0,0,0,38,0,0,0,2,2,98,1,1,8,1,0,0,11,15,99,1,1,68,0,0
48,482819,2,2,1,24,11,18,55,12,6,1,0,48,2,73,703,73703,80,2004,JKAEXMF134DA,J,K,A,E,X,M,F,1,3,4,D,A,0,0,0,000000000,00000000000,0,0,0,1,0,0,0,0,0,0,0,998,0,0,0,98,8,2,12,0,0,0,1,48,78664,1,1,0,0,2,0,999,999,0,14,0,0,1,3,2012,10,2014,3,0,0,0,0,2,2,98,1,1,8,1,0,0,1,62,99,1,1,69,1,0
48,482820,1,2,1,25,11,14,22,12,8,1,0,48,1,49,51,49051,3,2014,JTDJTUD3XED5,J,T,D,J,T,U,D,3,X,E,D,5,1,1,0,000000000,00000000000,0,0,0,1,0,0,0,0,0,0,0,998,0,1,5,11,6,2,12,0,0,0,1,45,29210,6,1,0,0,3,0,65,152,0,0,0,0,1,7,2014,7,2014,5,0,0,0,0,1,2,45,1,1,8,1,0,0,1,6,99,9,2,64,1,0
48,482820,2,2,1,25,11,14,22,12,8,1,0,48,1,7,482,7482,31,2009,3D7ML48L19G5,3,D,7,M,L,4,8,L,1,9,G,5,1,1,0,000000000,00000000000,0,0,0,1,0,0,0,0,0,0,0,998,0,0,0,9,4,3,12,0,0,0,1,48,78112,6,1,0,0,3,0,999,999,0,0,0,0,0,0,0,0,0,0,0,0,0,0,1,2,45,1,1,8,1,0,0,1,62,7,1,1,65,0,0
48,482821,1,1,4,25,11,11,20,1,0,1,0,48,2,20,421,20421,15,2001,1GNEC13T51R1,1,G,N,E,C,1,3,T,5,1,R,1,0,0,0,000000000,00000000000,0,0,0,1,0,0,0,0,0,0,0,998,0,2,5,0,4,3,1,0,0,0,1,48,79346,1,1,0,0,2,3,999,999,0,1,0,0,0,6,2013,6,2013,0,0,0,0,0,1,2,75,3,1,8,1,0,0,14,13,6,4,4,6,1,0
48,482822,1,8,1,25,11,15,37,12,1,1,0,48,0,82,884,82884,66,1996,1FUYDSEB2TH8,1,F,U,Y,D,S,E,B,2,T,H,8,1,1,57,1956782,571956782,3,6,4,1,0,0,0,0,0,0,0,998,0,0,0,12,6,2,2,0,0,1,1,48,77469,6,1,6,0,3,0,999,999,0,8,0,0,2,5,2012,6,2014,5,0,0,0,0,3,3,70,1,2,8,1,0,0,1,51,99,1,1,24,1,0
48,482822,2,8,1,25,11,15,37,12,1,1,0,93,3,86,884,86884,66,2013,1M1AN07Y1DM0,1,M,1,A,N,0,7,Y,1,D,M,0,1,1,57,02253067,5702253067,3,6,3,1,0,0,0,0,0,0,0,998,0,0,0,6,2,8,12,0,0,0,1,48,75692,6,1,6,0,3,0,999,999,0,0,0,0,0,0,0,0,0,0,0,0,0,0,3,3,70,1,2,8,1,0,0,1,53,1,1,1,25,0,0
48,482822,3,8,1,25,11,15,37,12,1,1,0,48,3,55,33,55033,4,2015,5NPE24AF0FH0,5,N,P,E,2,4,A,F,0,F,H,0,0,0,0,000000000,00000000000,0,0,0,1,0,0,0,0,0,0,0,998,0,0,0,61,2,8,54,0,0,0,1,26,49445,6,1,6,0,3,0,72,180,0,0,0,1,0,12,2011,12,2011,0,0,0,0,0,3,3,70,1,2,8,1,0,0,1,98,99,1,1,98,0,0
48,482822,4,8,1,25,11,15,37,12,1,1,0,48,1,35,49,35049,6,2007,JN8AZ08T17W5,J,N,8,A,Z,0,8,T,1,7,W,5,0,0,0,000000000,00000000000,0,0,0,1,0,0,0,0,0,0,0,998,0,0,0,61,2,3,12,0,0,0,1,48,78666,6,1,0,0,3,0,999,999,0,0,0,0,0,0,0,0,0,0,0,0,0,0,3,3,70,1,2,8,1,0,0,1,60,99,1,1,98,0,0
48,482822,5,8,1,25,11,15,37,12,1,1,0,48,3,12,481,12481,31,2011,1FTMF1CM8BKD,1,F,T,M,F,1,C,M,8,B,K,D,0,0,0,000000000,00000000000,0,0,0,1,0,0,0,0,0,0,0,998,0,0,0,6,2,8,12,0,0,0,1,48,77355,6,1,0,0,3,3,999,999,0,0,0,0,0,0,0,0,0,0,0,0,0,0,3,3,70,1,2,8,1,0,0,1,60,99,1,1,98,0,0
48,482822,6,8,1,25,11,15,37,12,1,1,0,93,3,86,884,86884,66,2012,1M1AN07Y6CM0,1,M,1,A,N,0,7,Y,6,C,M,0,1,1,57,2253067,572253067,3,6,3,1,0,0,0,0,0,0,0,998,0,0,0,11,2,8,12,0,0,0,1,48,75692,6,1,6,0,3,3,999,999,0,0,0,0,0,0,0,0,0,0,0,0,0,0,3,3,70,1,2,8,1,0,0,1,60,99,1,1,98,0,0
48,482822,7,8,2,25,11,15,37,12,1,1,0,48,1,49,32,49032,4,2010,JTDBU4EE6A90,J,T,D,B,U,4,E,E,6,A,9,0,0,0,0,000000000,00000000000,0,0,0,1,0,0,0,0,0,0,0,998,3,0,0,61,6,2,12,0,0,1,1,48,78230,6,1,0,0,3,3,999,999,0,0,0,0,0,0,0,0,0,0,0,0,0,0,3,3,70,1,2,8,1,0,0,1,60,99,1,1,98,0,0
48,482822,8,8,1,25,11,15,37,12,1,1,0,93,3,51,884,51884,66,2008,4V4NC9EJ98N5,4,V,4,N,C,9,E,J,9,8,N,5,1,1,57,192068,57192068,3,6,1,1,0,0,0,0,0,0,0,998,0,0,0,98,6,2,12,0,0,1,1,28,39209,2,1,6,0,2,0,67,380,98,0,0,0,0,0,0,0,0,0,0,0,0,0,3,3,70,1,2,8,1,0,0,1,60,99,1,1,98,0,0
48,482823,1,1,1,25,11,12,46,10,0,1,0,48,1,20,481,20481,31,2011,1GCRCPEX9BZ1,1,G,C,R,C,P,E,X,9,B,Z,1,0,0,0,000000000,00000000000,0,0,0,1,0,0,0,0,0,0,0,998,0,0,0,9,6,2,10,0,0,1,1,48,78415,6,1,0,0,3,0,999,999,0,0,0,0,0,0,0,0,0,0,38,0,0,0,1,2,60,1,1,8,1,65,3,1,90,99,1,1,15,1,0
48,482824,1,2,1,25,11,15,14,12,1,1,0,48,1,49,40,49040,4,2008,4T1BB46K88U0,4,T,1,B,B,4,6,K,8,8,U,0,0,0,0,000000000,00000000000,0,0,0,1,0,0,0,0,0,0,0,998,0,0,0,12,6,2,12,0,0,0,1,48,78681,6,1,0,0,3,3,999,999,0,0,0,1,0,2,2012,2,2012,0,0,0,0,0,2,2,65,1,1,8,1,0,0,1,50,99,1,1,32,1,0
48,482824,2,2,0,25,11,15,14,12,1,1,0,48,6,82,884,82884,66,1998,1FUW3MCA4WP9,1,F,U,W,3,M,C,A,4,W,P,9,1,1,57,1988116,571988116,3,6,1,1,0,0,0,0,0,0,0,0,0,0,0,6,4,8,12,0,0,0,0,0,99997,7,6,97,7,6,7,998,997,998,998,998,998,998,98,9998,98,9998,8,20,0,0,0,2,2,65,1,1,8,1,0,0,0,53,0,0,0,32,0,0
48,482825,1,1,1,26,11,6,59,32,0,1,0,48,2,35,47,35047,4,2011,1N4BL2AP0BN4,1,N,4,B,L,2,A,P,0,B,N,4,0,0,0,000000000,00000000000,0,0,0,1,0,0,0,0,0,0,0,998,0,0,0,12,4,3,32,0,0,0,1,48,78382,6,1,0,0,3,0,999,999,0,0,0,0,0,0,0,0,0,0,0,0,0,0,1,2,35,1,1,8,1,0,0,1,8,1,1,4,6,1,0
48,482826,1,3,1,26,11,14,17,12,2,1,0,93,4,51,884,51884,66,2014,4V4NC9EH4EN1,4,V,4,N,C,9,E,H,4,E,N,1,1,1,57,233617,57233617,3,6,1,1,0,0,0,0,0,0,0,998,0,0,0,12,4,3,12,0,0,0,1,48,75160,6,1,6,0,3,0,999,999,0,0,0,0,1,2,2012,2,2012,5,51,0,0,0,1,4,70,1,3,8,1,0,0,1,50,8,1,2,50,0,0
48,482826,2,3,1,26,11,14,17,12,2,1,0,48,3,82,884,82884,66,2001,1FUJAHAV41PH,1,F,U,J,A,H,A,V,4,1,P,H,1,1,57,1807943,571807943,3,6,1,1,0,0,0,0,0,0,0,998,7,0,0,12,4,3,12,0,0,0,1,48,75482,6,1,6,0,3,0,999,999,0,0,0,0,2,12,2011,1,2014,0,0,0,0,0,1,4,70,1,3,8,1,0,0,1,62,99,1,1,51,0,0
48,482826,3,3,1,26,11,14,17,12,2,1,0,48,2,37,31,37031,4,2011,19XFA1F52BE0,1,9,X,F,A,1,F,5,2,B,E,0,0,0,0,000000000,00000000000,0,0,0,1,0,0,0,0,0,0,0,998,0,0,0,82,6,2,12,0,0,0,1,48,78610,6,1,0,0,3,3,999,999,0,0,0,0,0,0,0,0,0,0,0,0,0,0,1,4,70,1,3,8,1,0,0,1,61,6,1,2,98,1,0
48,482827,1,2,1,26,11,13,0,12,6,1,0,48,2,22,2,22002,4,1986,2G2GN69A8G22,2,G,2,G,N,6,9,A,8,G,2,2,0,0,0,000000000,00000000000,0,0,0,1,0,0,0,0,0,0,0,998,0,0,0,9,4,3,12,0,0,0,1,48,77560,0,0,0,0,0,0,999,999,0,1,0,0,0,10,2014,10,2014,0,39,0,0,0,1,2,98,8,8,8,98,20,3,1,17,99,1,1,89,1,0
48,482827,2,2,3,26,11,13,0,12,6,1,0,48,2,7,422,7422,15,2007,1D8HD48267F5,1,D,8,H,D,4,8,2,6,7,F,5,0,0,0,000000000,00000000000,0,0,0,1,0,0,0,0,0,0,0,998,0,1,1,12,4,3,12,0,0,0,1,48,77514,6,1,6,0,3,3,999,999,0,0,0,1,0,12,2012,12,2012,0,0,0,0,0,1,2,60,1,1,8,1,0,0,1,66,99,1,1,88,0,0
48,482828,1,3,2,26,11,9,6,12,6,1,0,48,1,49,422,49422,15,2003,5TDZT38A83S2,5,T,D,Z,T,3,8,A,8,3,S,2,0,0,0,000000000,00000000000,0,0,0,1,0,0,0,0,0,0,0,998,0,0,0,9,2,5,12,0,0,0,1,48,75040,6,1,0,0,3,0,999,999,1,0,0,0,0,7,2012,7,2012,0,31,0,0,0,1,2,30,1,1,8,1,0,0,8,10,99,1,1,48,0,0
48,482828,2,3,1,26,11,9,6,12,6,1,0,48,0,37,705,37705,80,1995,JH2PC2135SM2,J,H,2,P,C,2,1,3,5,S,M,2,0,0,0,000000000,00000000000,0,0,0,1,0,0,0,0,0,0,0,998,0,0,0,12,4,3,12,0,0,0,1,48,75040,6,1,0,0,3,3,999,999,0,1,0,0,0,5,2013,5,2013,0,0,0,0,0,1,2,30,1,1,8,1,0,0,1,64,99,1,1,48,1,0
48,482828,3,3,1,26,11,9,6,12,6,1,0,48,0,82,881,82881,66,2015,1FUBCXCY7FHG,1,F,U,B,C,X,C,Y,7,F,H,G,1,1,88,888888888,88888888888,3,6,98,1,0,0,0,0,0,0,0,998,0,0,0,61,0,5,54,0,0,0,1,48,75088,6,1,6,0,3,1,999,999,0,0,0,0,0,0,0,0,0,0,0,0,0,0,1,2,30,1,1,8,1,0,0,1,98,99,1,1,98,0,0
48,482829,1,3,1,26,11,6,10,12,6,1,0,48,3,7,482,7482,31,2012,3C7WDMDL7CG1,3,C,7,W,D,M,D,L,7,C,G,1,0,0,0,000000000,00000000000,0,0,0,1,0,0,0,0,0,0,0,998,0,0,0,11,6,2,12,0,0,0,1,48,78222,6,1,0,0,3,0,999,999,0,0,0,0,0,0,0,0,0,0,28,0,0,0,1,4,75,1,1,8,1,0,0,1,10,99,1,2,66,1,0
48,482829,2,3,1,26,11,6,10,12,6,1,0,93,3,85,884,85884,66,2013,1XKWD49X5DJ3,1,X,K,W,D,4,9,X,5,D,J,3,1,1,57,1168614,571168614,3,6,1,1,0,0,0,0,0,0,0,998,0,1,5,61,6,2,12,0,0,1,1,48,78801,6,1,6,0,3,0,999,999,0,0,0,0,0,0,0,0,0,0,0,0,0,0,1,4,75,1,1,8,1,0,0,1,62,99,1,1,66,0,0
48,482829,3,3,1,26,11,6,10,12,6,1,0,93,3,85,884,85884,66,2013,1XKWD49X3DJ3,1,X,K,W,D,4,9,X,3,D,J,3,1,3,57,1958768,571958768,3,6,1,1,0,0,0,0,0,0,0,998,0,0,0,12,6,2,12,0,0,1,1,48,78801,6,1,6,0,3,0,999,999,0,0,0,0,0,0,0,0,0,0,0,0,0,0,1,4,75,1,1,8,1,0,0,1,62,99,1,1,98,0,0
48,482830,1,2,1,26,11,18,20,12,1,1,0,48,1,72,706,72706,80,2009,1HD1KB4129Y6,1,H,D,1,K,B,4,1,2,9,Y,6,0,0,0,000000000,00000000000,0,0,0,1,0,0,0,0,0,0,0,998,0,0,0,6,8,3,12,0,0,0,1,48,79756,6,1,0,0,3,0,999,999,0,0,0,0,0,0,0,0,0,0,0,0,0,0,1,2,30,1,1,8,1,0,0,1,53,1,1,1,25,1,0
48,482830,2,2,1,26,11,18,20,12,1,1,1,48,2,20,481,20481,31,1994,2GCEC19K2R12,2,G,C,E,C,1,9,K,2,R,1,2,0,0,0,000000000,00000000000,0,0,0,1,0,0,0,0,0,0,0,998,0,0,0,12,2,3,12,0,0,0,1,48,79756,6,1,0,0,3,0,999,999,0,0,0,0,0,0,0,0,0,5,0,0,0,0,1,2,30,1,1,8,1,0,0,1,51,99,1,1,24,0,0
48,482831,1,1,1,26,11,21,55,43,0,1,0,48,2,58,37,58037,4,2008,JNKBV61E98M2,J,N,K,B,V,6,1,E,9,8,M,2,0,0,0,000000000,00000000000,0,0,0,1,0,0,0,0,0,0,0,70,0,0,0,3,6,2,43,0,0,0,1,48,77566,1,1,0,0,2,0,999,999,0,18,0,0,0,7,2012,10,2014,3,0,0,0,0,1,2,55,3,2,8,1,0,0,14,9,99,4,4,7,1,0
48,482832,1,2,1,27,11,3,22,12,6,1,0,48,1,35,48,35048,2,2006,JN1AZ34D16M3,J,N,1,A,Z,3,4,D,1,6,M,3,0,0,0,000000000,00000000000,0,0,0,1,0,0,0,0,0,0,0,998,0,0,0,9,6,2,12,0,0,0,1,48,76543,6,1,0,0,3,3,67,182,0,0,0,1,0,2,2013,2,2013,5,28,0,0,0,1,2,30,1,2,8,1,0,0,1,10,7,3,2,64,1,1
48,482832,2,2,1,27,11,3,22,12,6,1,0,12,1,34,35,34035,4,2007,WBANE53577CW,W,B,A,N,E,5,3,5,7,7,C,W,0,0,0,000000000,00000000000,0,0,0,1,0,0,0,0,0,0,0,998,0,0,0,11,6,2,12,0,0,0,1,12,76548,6,1,0,0,3,3,72,999,0,3,0,0,0,7,2013,7,2014,0,0,0,0,0,1,2,30,1,2,8,1,0,0,1,62,99,1,1,65,0,0
48,482833,1,1,1,27,11,20,27,25,0,1,0,19,3,84,881,84881,66,2015,3HSDJSNR8FN6,3,H,S,D,J,S,N,R,8,F,N,6,0,0,57,134697,57134697,3,5,96,1,0,0,0,0,0,0,0,998,0,0,0,12,4,3,58,0,0,0,1,48,75159,6,1,6,0,3,3,66,235,0,0,0,0,1,4,2013,4,2013,0,0,0,0,0,3,3,60,1,1,8,1,0,0,1,12,99,1,4,6,1,0
48,482834,1,2,1,27,11,17,55,12,2,1,0,48,2,12,401,12401,14,2001,1FMZU67E01UA,1,F,M,Z,U,6,7,E,0,1,U,A,0,0,0,000000000,00000000000,0,0,0,1,0,0,0,0,0,0,0,998,0,0,0,12,4,3,12,0,0,0,1,48,77060,0,0,0,0,0,0,999,999,0,0,0,0,0,0,0,0,0,0,27,28,0,0,1,2,35,1,1,8,1,0,0,15,10,99,1,2,50,1,1
48,482834,2,2,1,27,11,17,55,12,2,1,0,48,2,20,481,20481,31,1997,1GCGC33R4VF0,1,G,C,G,C,3,3,R,4,V,F,0,0,0,0,000000000,00000000000,0,0,0,1,0,0,0,0,0,0,0,998,0,0,0,12,2,3,12,0,0,0,1,48,77039,0,0,0,0,0,0,999,999,0,0,0,0,0,0,0,0,0,0,0,0,0,0,1,2,35,1,1,8,1,0,0,1,62,99,1,1,51,0,0
48,482835,1,2,1,27,11,23,39,12,6,1,0,48,2,12,3,12003,2,2001,1FAFP40441F1,1,F,A,F,P,4,0,4,4,1,F,1,0,0,0,000000000,00000000000,0,0,0,1,0,0,0,0,0,0,0,998,0,0,0,9,6,2,12,0,0,0,1,48,79403,6,1,0,0,3,3,999,999,0,0,0,0,0,0,0,0,0,0,39,0,0,0,4,3,98,8,8,8,98,3,3,1,17,99,1,1,89,1,0
48,482835,2,2,1,27,11,23,39,12,6,1,0,93,3,87,881,87881,66,2013,1XPSD79X2DD1,1,X,P,S,D,7,9,X,2,D,D,1,1,1,57,232937,57232937,3,6,2,2,2,1267,3,1,0,0,0,998,0,0,0,12,4,3,12,0,0,0,1,48,79411,6,1,6,1,3,1,999,999,1,0,0,0,1,6,2012,7,2014,0,0,0,0,0,4,2,45,1,1,8,1,3,3,1,66,99,1,1,88,0,0
48,482836,1,1,1,27,11,2,45,53,0,1,0,48,1,24,1,24001,4,2000,1G8ZH5285YZ2,1,G,8,Z,H,5,2,8,5,Y,Z,2,0,0,0,000000000,00000000000,0,0,0,1,0,0,0,0,0,0,0,998,0,0,0,12,6,2,32,0,0,0,1,48,79102,6,1,0,0,3,3,999,999,0,0,0,0,0,0,0,0,0,0,0,0,0,0,1,2,55,1,1,8,1,0,0,1,12,1,1,4,6,1,1
48,482837,1,2,2,28,11,7,40,12,1,1,0,48,2,2,405,2405,14,2008,1J8GP28K48W1,1,J,8,G,P,2,8,K,4,8,W,1,0,0,0,000000000,00000000000,0,0,0,1,0,0,0,0,0,0,0,998,0,0,0,12,4,3,12,0,0,0,1,48,77077,1,1,0,0,2,0,999,999,0,12,0,0,0,12,2013,11,2014,0,0,0,0,0,3,5,60,1,2,2,1,0,0,1,50,99,1,1,32,0,0
48,482837,2,2,2,28,11,7,40,12,1,1,0,48,2,35,47,35047,4,1997,1N4BU31D2VC1,1,N,4,B,U,3,1,D,2,V,C,1,0,0,0,000000000,00000000000,0,0,0,1,0,0,0,0,0,0,0,0,0,0,0,6,6,2,12,0,0,1,1,48,77040,0,0,0,0,0,0,999,999,0,0,0,0,0,0,0,0,0,0,54,0,0,0,3,5,60,1,2,2,1,0,0,7,53,99,1,1,32,1,0
48,482838,1,1,1,29,11,16,47,1,0,1,0,48,0,37,705,37705,80,2001,JH2RC44661M4,J,H,2,R,C,4,4,6,6,1,M,4,0,0,0,000000000,00000000000,0,0,0,1,0,0,0,0,0,0,0,998,0,0,0,0,8,2,1,0,0,0,1,48,78250,6,1,0,0,2,0,999,999,0,0,0,2,0,5,2012,7,2013,5,0,0,0,0,5,7,40,1,1,8,1,0,0,1,9,99,9,1,98,1,0
48,482839,1,2,2,29,11,23,16,12,6,1,0,48,2,7,24,7024,4,2007,2B3KA43R67H8,2,B,3,K,A,4,3,R,6,7,H,8,0,0,0,000000000,00000000000,0,0,0,1,0,0,0,0,0,0,0,998,0,0,0,83,2,3,12,0,0,0,1,48,78220,6,1,0,0,3,0,999,999,0,0,0,0,0,0,0,0,0,0,38,0,0,0,5,5,40,1,1,8,1,0,0,11,15,1,1,1,68,0,0
48,482839,2,2,1,29,11,23,16,12,6,1,0,48,2,53,705,53705,80,2002,JS1GR7HA8221,J,S,1,G,R,7,H,A,8,2,2,1,0,0,0,000000000,00000000000,0,0,0,1,0,0,0,0,0,0,0,998,0,0,0,12,4,3,12,0,0,0,1,48,78220,0,0,0,0,0,0,999,999,0,2,0,0,0,8,2012,2,2014,0,0,0,0,0,5,5,40,1,1,8,1,0,0,1,62,99,1,1,69,1,1