STATE,ST_CASE,VEH_NO,VE_FORMS,NUMOCCS,DAY,MONTH,HOUR,MINUTE,HARM_EV,MAN_COLL,UNITTYPE,HIT_RUN,REG_STAT,OWNER,MAKE,MODEL,MAK_MOD,BODY_TYP,MOD_YEAR,VIN,VIN_1,VIN_2,VIN_3,VIN_4,VIN_5,VIN_6,VIN_7,VIN_8,VIN_9,VIN_10,VIN_11,VIN_12,TOW_VEH,J_KNIFE,MCARR_I1,MCARR_I2,MCARR_ID,GVWR,V_CONFIG,CARGO_BT,HAZ_INV,HAZ_PLAC,HAZ_ID,HAZ_CNO,HAZ_REL,BUS_USE,SPEC_USE,EMER_USE,TRAV_SP,UNDERIDE,ROLLOVER,ROLINLOC,IMPACT1,DEFORMED,TOWED,M_HARM,VEH_SC1,VEH_SC2,FIRE_EXP,DR_PRES,L_STATE,DR_ZIP,L_STATUS,L_TYPE,CDL_STAT,L_ENDORS,L_COMPL,L_RESTRI,DR_HGT,DR_WGT,PREV_ACC,PREV_SUS,PREV_DWI,PREV_SPD,PREV_OTH,FIRST_MO,FIRST_YR,LAST_MO,LAST_YR,SPEEDREL,DR_SF1,DR_SF2,DR_SF3,DR_SF4,VTRAFWAY,VNUM_LAN,VSPD_LIM,VALIGN,VPROFILE,VPAVETYP,VSURCOND,VTRAFCON,VTCONT_F,P_CRASH1,P_CRASH2,P_CRASH3,PCRASH4,PCRASH5,ACC_TYPE,DEATHS,DR_DRINK
48,482881,1,1,1,2,12,4,33,8,0,1,0,48,1,7,482,7482,31,2001,1B7HC13Y61J5,1,B,7,H,C,1,3,Y,6,1,J,5,0,0,0,000000000,00000000000,0,0,0,1,0,0,0,0,0,0,0,998,0,0,0,12,6,2,8,0,0,0,1,48,75560,6,1,0,0,3,3,999,999,0,0,0,0,0,0,0,0,0,0,0,0,0,0,1,2,65,1,1,8,1,0,0,1,80,1,1,1,13,0,0
48,482882,1,1,2,2,12,14,57,1,0,1,0,48,2,20,37,20037,4,2006,1G1ZT51F96F1,1,G,1,Z,T,5,1,F,9,6,F,1,0,0,0,000000000,00000000000,0,0,0,1,0,0,0,0,0,0,0,998,0,1,1,0,4,3,1,0,0,0,1,48,78549,6,1,0,0,3,0,999,999,0,0,0,0,0,0,0,0,0,0,58,91,0,0,6,1,45,1,2,8,1,0,0,1,12,7,3,6,98,1,0
48,482883,1,1,1,2,12,18,7,8,0,1,0,22,3,98,981,98981,50,2012,4DRBUSKN8CB6,4,D,R,B,U,S,K,N,8,C,B,6,0,0,57,156451,57156451,3,21,22,1,0,0,0,0,1,2,0,998,0,0,0,12,2,5,8,0,0,0,1,48,77665,6,1,6,1,3,0,999,999,1,0,0,0,0,2,2012,2,2012,0,0,0,0,0,1,2,65,1,1,8,1,0,0,1,80,99,1,1,13,0,0
48,482884,1,1,2,2,12,12,0,32,0,1,0,48,2,63,38,63038,4,2013,KNAFU4A25D57,K,N,A,F,U,4,A,2,5,D,5,7,0,0,0,000000000,00000000000,0,0,0,1,0,0,0,0,0,0,0,998,0,0,0,12,4,3,32,0,0,0,1,48,79735,6,1,0,0,3,3,999,999,0,2,0,0,0,3,2013,4,2014,0,0,0,0,0,1,2,75,1,2,8,1,0,0,1,13,99,5,4,1,1,0
48,482885,1,1,1,2,12,0,15,8,0,1,0,48,3,7,482,7482,31,2012,3C6UD5HL3CG1,3,C,6,U,D,5,H,L,3,C,G,1,0,0,0,000000000,00000000000,0,0,0,1,0,0,0,0,0,0,0,998,0,0,0,12,2,5,8,0,0,0,1,4,86303,6,1,0,0,3,0,72,198,0,0,0,0,0,0,0,0,0,0,0,0,0,0,2,2,80,1,1,8,1,0,0,1,80,99,1,1,13,0,0
48,482886,1,2,1,2,12,18,50,12,2,1,0,48,2,20,16,20016,2,1999,1G1JC124XX71,1,G,1,J,C,1,2,4,X,X,7,1,0,0,0,000000000,00000000000,0,0,0,1,0,0,0,0,0,0,0,998,0,0,0,12,6,2,12,0,0,0,1,48,75755,1,1,0,0,2,0,62,130,2,11,0,2,2,12,2011,8,2014,0,50,0,0,0,2,2,75,1,2,8,1,0,0,1,54,99,1,1,52,1,1
48,482886,2,2,1,2,12,18,50,12,2,1,0,48,2,7,28,7028,2,2010,2B3CJ4DV3AH2,2,B,3,C,J,4,D,V,3,A,H,2,0,0,0,000000000,00000000000,0,0,0,1,0,0,0,0,0,0,0,998,0,0,0,12,6,2,12,0,0,0,1,48,76270,6,1,0,0,3,0,999,999,0,0,0,1,0,6,2013,6,2013,0,0,0,0,0,2,2,75,1,2,8,1,0,0,1,64,99,1,1,52,0,0
48,482887,1,1,1,3,12,17,55,1,0,1,0,48,2,18,2,18002,4,2001,1G4HR54K41U1,1,G,4,H,R,5,4,K,4,1,U,1,0,0,0,000000000,00000000000,0,0,0,1,0,0,0,0,0,0,0,998,0,1,5,0,4,3,1,0,0,0,1,48,77418,6,1,0,0,3,3,999,999,0,0,0,2,1,4,2012,10,2014,4,0,0,0,0,1,2,45,1,3,8,1,0,0,1,12,99,4,4,6,1,0
48,482888,1,2,3,3,12,15,39,33,0,1,0,49,1,20,9,20009,2,2012,2G1FK1EJ8C91,2,G,1,F,K,1,E,J,8,C,9,1,0,0,0,000000000,00000000000,0,0,0,1,0,0,0,0,0,0,0,998,0,1,3,98,2,3,12,0,0,0,1,49,77027,6,1,0,0,3,3,68,195,98,1,1,1,0,3,2014,11,2014,3,0,0,0,0,4,3,45,1,1,8,1,0,0,1,13,99,1,4,1,3,0
48,482888,2,2,2,3,12,15,39,33,0,1,0,48,2,24,441,24441,20,2005,5GZDV23L15D2,5,G,Z,D,V,2,3,L,1,5,D,2,0,0,0,000000000,00000000000,0,0,0,1,0,0,0,0,0,0,0,998,0,0,0,81,2,5,12,0,0,0,1,48,77038,6,1,0,0,3,3,999,999,0,0,0,0,0,0,0,0,0,0,0,0,0,0,4,3,45,1,1,8,1,0,0,1,64,99,1,1,98,0,0
48,482889,1,1,9,3,12,9,12,1,0,1,0,48,2,20,421,20421,15,2001,1GNEC13T71J1,1,G,N,E,C,1,3,T,7,1,J,1,0,0,0,000000000,00000000000,0,0,0,1,0,0,0,0,0,0,0,998,0,1,5,0,6,2,1,0,0,0,1,48,77080,0,0,0,0,0,0,999,999,0,0,0,0,0,0,0,0,0,0,37,58,0,0,2,2,75,1,1,8,1,0,0,1,13,6,9,4,1,2,0
48,482890,1,2,1,3,12,12,55,12,1,1,0,48,1,73,705,73705,80,2003,JKBZXJB123A0,J,K,B,Z,X,J,B,1,2,3,A,0,0,0,0,000000000,00000000000,0,0,0,1,0,0,0,0,0,0,0,998,0,0,0,12,4,3,12,0,0,0,1,48,76028,6,1,0,0,2,0,999,999,0,0,0,1,0,6,2014,6,2014,0,0,0,0,0,1,2,55,1,1,8,1,0,0,1,50,1,1,1,20,1,0
48,482890,2,2,1,3,12,12,55,12,1,1,0,48,3,98,884,98884,63,2006,2FZHAZCV06AV,2,F,Z,H,A,Z,C,V,0,6,A,V,0,0,88,888888888,88888888888,3,2,2,1,0,0,0,0,0,0,0,0,0,0,0,6,2,5,12,0,0,0,1,48,76140,6,1,6,0,3,3,999,999,0,0,0,0,0,0,0,0,0,0,0,0,0,0,1,2,55,1,1,8,1,0,0,5,53,1,1,1,21,0,0
48,482891,1,2,1,3,12,16,53,12,2,1,0,48,1,20,421,20421,15,2011,1GNSCAE09BR3,1,G,N,S,C,A,E,0,9,B,R,3,0,0,0,000000000,00000000000,0,0,0,1,0,0,0,0,0,0,0,998,7,1,1,12,6,2,12,0,0,0,1,48,77833,6,1,0,0,3,3,999,999,1,1,0,3,1,4,2012,10,2013,0,51,0,0,0,2,2,65,1,1,8,1,0,0,1,54,99,1,1,52,0,0
48,482891,2,2,1,3,12,16,53,12,2,1,0,48,1,49,32,49032,4,2008,1NXBR32EX8Z0,1,N,X,B,R,3,2,E,X,8,Z,0,0,0,0,000000000,00000000000,0,0,0,1,0,0,0,0,0,0,0,998,0,0,0,12,6,2,12,0,0,0,1,48,77833,6,1,0,0,3,0,999,999,0,0,0,0,0,0,0,0,0,0,0,0,0,0,2,2,65,1,1,8,1,0,0,1,54,99,1,1,52,1,0
48,482892,1,1,2,4,12,23,1,1,0,1,0,48,2,12,481,12481,31,2005,1FTPW12515KE,1,F,T,P,W,1,2,5,1,5,K,E,0,0,0,000000000,00000000000,0,0,0,1,0,0,0,0,0,0,0,998,0,2,3,0,4,3,1,0,0,0,1,48,79720,6,1,0,0,3,3,999,999,0,1,0,1,0,12,2013,2,2014,0,58,0,0,0,2,2,75,1,1,8,1,0,0,1,13,6,4,4,7,2,0
48,482893,1,1,2,4,12,5,57,1,0,1,0,48,2,7,402,7402,14,1999,1B4HR28Y7XF5,1,B,4,H,R,2,8,Y,7,X,F,5,0,0,0,000000000,00000000000,0,0,0,1,0,0,0,0,0,0,0,998,0,2,3,0,4,3,1,0,0,0,1,48,79360,6,1,0,0,3,3,999,999,0,0,0,0,2,7,2012,7,2014,4,24,0,0,0,2,2,75,3,1,8,2,0,0,14,12,99,4,4,6,1,0
48,482894,1,1,1,4,12,0,30,31,0,1,0,48,2,20,481,20481,31,1997,2GCEC19R5V11,2,G,C,E,C,1,9,R,5,V,1,1,0,0,0,000000000,00000000000,0,0,0,1,0,0,0,0,0,0,0,998,0,1,5,12,4,3,1,0,0,0,1,48,78542,0,0,0,0,0,0,999,999,0,0,0,0,0,0,0,0,0,4,58,0,0,0,1,2,30,1,1,8,2,0,0,1,13,99,9,4,7,1,1
48,482895,1,3,2,4,12,7,40,12,1,1,0,48,1,49,32,49032,4,1999,1NXBR12EXXZ2,1,N,X,B,R,1,2,E,X,X,Z,2,0,0,0,000000000,00000000000,0,0,0,1,0,0,0,0,0,0,0,998,0,0,0,12,6,2,12,0,0,0,1,48,78552,6,1,0,0,3,3,999,999,0,0,0,0,0,0,0,0,0,4,0,0,0,0,2,2,75,1,1,8,2,0,0,1,52,99,1,1,28,1,0
48,482895,2,3,1,4,12,7,40,12,1,1,0,48,2,37,32,37032,4,2014,1HGCR2F54EA2,1,H,G,C,R,2,F,5,4,E,A,2,0,0,0,000000000,00000000000,0,0,0,1,0,0,0,0,0,0,0,998,0,0,0,12,4,3,12,0,0,0,1,48,77354,6,1,0,0,3,0,999,999,0,0,0,0,0,0,0,0,0,0,0,0,0,0,2,2,75,1,1,8,2,0,0,1,52,99,1,1,98,0,0
48,482895,3,3,1,4,12,7,40,12,1,1,0,93,3,51,881,51881,66,2015,4V4NC9TH1FN9,4,V,4,N,C,9,T,H,1,F,N,9,1,1,57,1133590,571133590,3,6,1,1,0,0,0,0,0,0,0,998,0,0,0,6,2,5,12,0,0,0,1,48,78521,6,1,6,0,3,0,999,999,0,0,0,1,1,5,2012,10,2012,0,0,0,0,0,2,2,75,1,1,8,2,0,0,2,53,99,1,1,29,0,0
48,482896,1,1,1,4,12,8,56,38,0,1,0,48,3,86,881,86881,66,2013,1M1AX04Y7DM0,1,M,1,A,X,0,4,Y,7,D,M,0,1,1,57,1943396,571943396,3,6,2,1,0,0,0,0,0,0,0,998,0,2,5,98,6,2,1,0,0,0,1,48,78046,6,1,6,1,3,0,999,999,0,0,0,0,0,0,0,0,0,0,58,0,0,0,1,2,70,1,1,8,1,0,0,1,12,99,1,4,6,1,0
48,482897,1,1,2,4,12,1,45,42,0,1,0,48,2,49,32,49032,4,2011,JTDBU4EE5B91,J,T,D,B,U,4,E,E,5,B,9,1,0,0,0,000000000,00000000000,0,0,0,1,0,0,0,0,0,0,0,998,0,0,0,1,6,2,42,0,0,0,1,48,76087,6,1,0,0,3,0,999,999,0,0,0,0,0,0,0,0,0,0,0,0,0,0,1,2,40,3,1,8,1,0,0,14,13,99,1,4,1,1,1
48,482898,1,1,1,4,12,5,30,35,0,1,0,48,2,12,17,12017,4,1989,1FABP50U7KA2,1,F,A,B,P,5,0,U,7,K,A,2,0,0,0,000000000,00000000000,0,0,0,1,0,0,0,0,0,0,0,998,0,0,0,98,6,2,35,0,0,1,1,48,75934,6,1,0,0,3,3,999,999,0,0,0,0,0,0,0,0,0,4,0,0,0,0,1,2,30,3,2,8,99,0,0,14,13,99,1,4,1,1,0
48,482899,1,1,2,5,12,1,5,58,0,1,0,48,0,7,24,7024,4,2013,2C3CDXBG6DH5,2,C,3,C,D,X,B,G,6,D,H,5,0,0,0,000000000,00000000000,0,0,0,1,0,0,0,0,0,0,0,998,0,0,0,98,6,2,58,0,0,0,1,48,78220,6,1,0,0,3,3,999,999,1,0,0,0,0,6,2014,6,2014,5,0,0,0,0,1,4,40,2,1,8,2,0,0,14,12,3,2,4,7,1,0
48,482900,1,1,1,5,12,11,26,1,0,1,0,48,1,12,481,12481,31,2008,1FTRW12W78FB,1,F,T,R,W,1,2,W,7,8,F,B,0,0,0,000000000,00000000000,0,0,0,1,0,0,0,0,0,0,0,998,0,2,3,0,6,2,1,0,0,0,1,48,78028,6,1,0,0,3,3,999,999,0,0,0,0,0,0,0,0,0,0,58,0,0,0,2,2,80,1,1,8,1,0,0,1,13,6,3,4,7,1,0
48,482901,1,1,1,5,12,11,26,33,0,1,0,48,1,49,32,49032,4,2005,JTDBR32EX520,J,T,D,B,R,3,2,E,X,5,2,0,0,0,0,000000000,00000000000,0,0,0,1,0,0,0,0,0,0,0,998,0,1,3,61,6,2,1,0,0,0,1,48,75116,6,1,0,0,3,0,65,237,0,0,0,0,0,0,0,0,0,0,48,0,0,0,3,3,60,1,2,8,1,0,0,10,11,99,3,4,2,1,0
48,482902,1,2,1,5,12,8,53,12,6,1,0,48,1,55,35,55035,4,2013,5NPDH4AE3DH2,5,N,P,D,H,4,A,E,3,D,H,2,0,0,0,000000000,00000000000,0,0,0,1,0,0,0,0,0,0,0,998,0,0,0,3,4,3,12,0,0,0,1,48,75252,6,1,0,0,3,0,69,197,0,0,0,0,0,0,0,0,0,0,38,0,0,0,2,4,45,1,1,8,2,0,0,11,15,99,1,1,68,1,0
48,482902,2,2,1,5,12,8,53,12,6,1,0,48,1,34,35,34035,4,2008,WBANW135X8CN,W,B,A,N,W,1,3,5,X,8,C,N,0,0,0,000000000,00000000000,0,0,0,1,0,0,0,0,0,0,0,998,0,0,0,12,4,3,12,0,0,0,1,48,75231,0,0,0,0,0,0,999,999,0,0,0,0,0,0,0,0,0,0,0,0,0,0,2,4,45,1,1,8,2,0,0,1,62,99,1,1,69,0,0
48,482903,1,2,1,5,12,20,21,12,6,1,0,48,2,53,705,53705,80,2003,JS1GN7BA3321,J,S,1,G,N,7,B,A,3,3,2,1,0,0,0,000000000,00000000000,0,0,0,1,0,0,0,0,0,0,0,80,0,0,0,12,8,2,12,0,0,0,1,48,75057,6,1,0,0,3,0,69,180,0,0,0,0,0,0,0,0,0,3,0,0,0,0,2,3,45,1,2,8,1,0,0,6,72,99,1,2,83,1,0
48,482903,2,2,2,5,12,20,21,12,6,1,0,48,1,59,32,59032,4,2003,JTHBN30F8301,J,T,H,B,N,3,0,F,8,3,0,1,0,0,0,000000000,00000000000,0,0,0,1,0,0,0,0,0,0,0,998,0,0,0,9,2,3,12,0,0,0,1,48,75248,6,1,0,0,3,0,999,999,0,0,0,1,0,12,2011,12,2011,0,0,0,0,0,0,0,0,0,0,0,0,0,0,11,15,99,1,1,82,0,1
48,482904,1,2,1,5,12,6,20,12,98,1,0,48,1,7,880,7880,67,2013,3C63R3KL3DG5,3,C,6,3,R,3,K,L,3,D,G,5,0,0,88,888888888,88888888888,2,1,96,1,0,0,0,0,0,0,0,998,0,0,0,11,4,3,12,0,0,0,1,48,79763,6,1,0,0,3,3,999,999,0,0,0,0,0,0,0,0,0,0,0,0,0,0,5,5,55,1,1,8,2,0,0,15,53,99,1,2,48,0,0
48,482904,2,2,1,5,12,6,20,12,98,1,0,48,1,76,706,76706,80,1996,JYA4NLC07TA0,J,Y,A,4,N,L,C,0,7,T,A,0,0,0,0,000000000,00000000000,0,0,0,1,0,0,0,0,0,0,0,998,0,0,0,98,8,2,12,0,0,0,1,48,79763,6,1,0,0,3,3,999,999,0,0,0,0,0,0,0,0,0,0,35,0,0,0,5,5,55,1,1,8,2,0,0,6,10,99,1,2,48,1,0
48,482905,1,2,1,5,12,9,45,59,0,1,0,93,3,51,881,51881,66,2012,4V4NC9EJ0CN5,4,V,4,N,C,9,E,J,0,C,N,5,1,1,57,6652323,576652323,3,6,97,1,0,0,0,0,0,0,0,998,0,0,0,98,4,3,12,0,0,1,1,48,79118,6,1,6,0,3,0,999,999,1,0,0,2,1,5,2014,9,2014,4,39,91,0,0,2,2,98,2,8,8,2,20,3,14,50,6,1,4,8,0,0
48,482905,2,2,1,5,12,9,45,59,0,1,0,48,2,12,461,12461,21,2005,1FTSS34P35HA,1,F,T,S,S,3,4,P,3,5,H,A,0,0,0,000000000,00000000000,0,0,0,1,0,0,0,0,0,0,0,998,0,0,0,12,6,2,12,0,0,1,1,48,79106,6,1,6,0,3,0,999,999,0,0,0,0,0,0,0,0,0,0,0,0,0,0,1,2,75,1,1,8,2,0,0,1,66,1,1,1,98,1,0
48,482906,1,1,1,5,12,16,33,58,0,1,0,48,1,12,481,12481,31,1997,1FTDX07W8VKA,1,F,T,D,X,0,7,W,8,V,K,A,0,0,0,000000000,00000000000,0,0,0,1,0,0,0,0,0,0,0,998,0,1,1,12,4,3,1,0,0,0,1,48,78223,6,1,0,0,3,3,999,999,0,0,0,0,0,0,0,0,0,4,58,0,0,0,1,2,60,3,1,8,1,0,0,14,13,6,9,6,98,1,0
48,482908,1,1,1,5,12,22,30,8,0,1,0,48,2,35,402,35402,14,2010,5N1AN0NU1AC5,5,N,1,A,N,0,N,U,1,A,C,5,0,0,0,000000000,00000000000,0,0,0,1,0,0,0,0,0,0,0,998,0,0,0,12,2,3,8,0,0,0,1,48,79706,6,1,0,0,3,0,999,999,0,0,0,0,0,0,0,0,0,0,0,0,0,0,5,5,50,1,1,8,1,0,0,1,80,1,1,1,13,0,0
48,482909,1,1,1,5,12,20,50,42,0,1,0,48,3,12,880,12880,67,2006,1FDXF46P06ED,1,F,D,X,F,4,6,P,0,6,E,D,1,1,88,888888888,88888888888,2,4,3,1,0,0,0,0,0,0,0,998,0,0,0,12,6,2,42,0,0,0,1,48,79014,1,1,0,0,2,0,999,999,0,7,0,0,0,4,2012,7,2014,0,0,0,0,0,1,2,75,1,1,8,1,0,0,1,12,99,1,4,6,1,1
48,482910,1,7,1,5,12,16,3,12,1,1,0,48,2,35,473,35473,31,2006,1N6BA06A36N5,1,N,6,B,A,0,6,A,3,6,N,5,0,0,0,000000000,00000000000,0,0,0,1,0,0,0,0,0,0,0,998,0,0,0,12,4,3,12,0,0,0,1,48,78336,6,1,6,0,3,0,999,999,1,0,0,0,0,1,2013,1,2013,5,0,0,0,0,5,5,55,1,3,8,1,8,3,6,50,99,2,2,20,0,0
48,482910,2,7,4,5,12,16,3,12,1,1,0,48,2,37,402,37402,14,2003,JHLRD68483C0,J,H,L,R,D,6,8,4,8,3,C,0,0,0,0,000000000,00000000000,0,0,0,1,0,0,0,0,0,0,0,0,0,1,1,6,4,3,12,0,0,0,1,48,78387,6,1,0,0,3,3,999,999,0,0,0,0,0,0,0,0,0,0,0,0,0,0,5,5,55,1,3,8,1,8,3,5,53,1,1,1,21,1,0
48,482910,3,7,1,5,12,16,3,12,1,1,0,48,1,7,25,7025,5,2010,1B3CB4HA6AD6,1,B,3,C,B,4,H,A,6,A,D,6,0,0,0,000000000,00000000000,0,0,0,1,0,0,0,0,0,0,0,0,0,0,0,6,2,3,12,0,0,0,1,48,78336,6,1,0,0,3,0,999,999,1,0,0,0,0,11,2012,11,2012,0,0,0,0,0,5,5,55,1,3,8,1,8,3,5,53,1,1,1,98,0,0
48,482910,4,7,2,5,12,16,3,12,1,1,0,48,1,19,18,19018,4,2003,1G6DM57N2301,1,G,6,D,M,5,7,N,2,3,0,1,0,0,0,000000000,00000000000,0,0,0,1,0,0,0,0,0,0,0,0,0,0,0,6,2,3,12,0,0,0,1,48,78359,6,1,0,0,3,0,999,999,1,0,0,1,0,3,2012,2,2013,0,0,0,0,0,5,5,55,1,3,8,1,8,3,5,53,1,1,1,98,0,0
48,482910,5,7,3,5,12,16,3,12,1,1,0,48,2,12,481,12481,31,2007,1FTPW14V07KC,1,F,T,P,W,1,4,V,0,7,K,C,0,0,0,000000000,00000000000,0,0,0,1,0,0,0,0,0,0,0,0,0,0,0,6,2,8,12,0,0,0,1,48,78336,6,1,0,0,3,0,999,999,0,0,0,0,0,0,0,0,0,0,0,0,0,0,5,5,55,1,3,8,1,8,3,5,53,1,1,1,98,0,0
48,482910,6,7,1,5,12,16,3,12,1,1,0,48,1,59,402,59402,14,2006,JTJBT20X5600,J,T,J,B,T,2,0,X,5,6,0,0,0,0,0,000000000,00000000000,0,0,0,1,0,0,0,0,0,0,0,0,0,0,0,6,4,3,12,0,0,0,1,48,77449,6,1,0,0,3,0,999,999,0,0,0,1,0,1,2013,1,2013,0,0,0,0,0,5,5,55,1,3,8,1,8,3,5,60,1,1,1,98,0,0
48,482910,7,7,1,5,12,16,3,12,1,1,0,48,1,6,43,6043,4,2002,1C3EL65R62N1,1,C,3,E,L,6,5,R,6,2,N,1,0,0,0,000000000,00000000000,0,0,0,1,0,0,0,0,0,0,0,0,0,0,0,6,2,8,12,0,0,0,1,48,78336,6,1,0,0,3,0,999,999,0,0,0,0,0,0,0,0,0,0,0,0,0,0,5,5,55,1,3,8,1,8,3,5,60,1,1,1,98,0,0
48,482911,1,3,1,6,12,8,33,12,2,1,0,48,2,2,407,2407,14,2009,1J4FT28BX9D1,1,J,4,F,T,2,8,B,X,9,D,1,0,0,0,000000000,00000000000,0,0,0,1,0,0,0,0,0,0,0,998,0,0,0,12,6,2,12,0,0,0,1,48,79934,0,0,0,0,0,0,999,999,0,0,0,0,0,0,0,0,0,0,39,0,0,0,1,2,99,1,1,8,1,20,3,1,17,99,1,1,98,1,0
48,482911,2,3,2,6,12,8,33,12,2,1,0,48,1,12,481,12481,31,2010,1FTFW1CVXAFC,1,F,T,F,W,1,C,V,X,A,F,C,0,0,0,000000000,00000000000,0,0,0,1,0,0,0,0,0,0,0,998,0,0,0,12,6,2,12,0,0,0,1,48,79720,6,1,0,0,3,0,999,999,0,0,0,0,0,0,0,0,0,0,0,0,0,0,1,2,75,1,1,8,1,0,0,1,66,6,1,2,50,2,1
48,482911,3,3,1,6,12,8,33,12,2,1,0,48,3,87,884,87884,66,2011,1NPTL0TX3BD1,1,N,P,T,L,0,T,X,3,B,D,1,0,0,57,1800085,571800085,3,5,96,1,0,0,0,0,0,0,0,998,0,0,0,12,4,3,12,0,0,0,1,48,79714,6,1,6,0,3,3,999,999,0,0,0,0,0,0,0,0,0,0,0,0,0,0,1,2,75,1,1,8,1,0,0,1,54,99,1,1,51,0,0
48,482912,1,2,1,25,11,17,45,12,6,1,0,48,1,37,31,37031,3,1995,2HGEH2351SH5,2,H,G,E,H,2,3,5,1,S,H,5,0,0,0,000000000,00000000000,0,0,0,1,0,0,0,0,0,0,0,998,0,0,0,62,6,2,12,0,0,0,1,48,78405,0,0,0,0,0,0,999,999,0,0,0,0,0,0,0,0,0,0,39,0,0,0,1,2,99,1,1,1,1,20,3,1,17,99,1,1,89,1,0
48,482912,2,2,1,25,11,17,45,12,6,1,0,48,1,20,481,20481,31,2012,3GCPCSE09CG1,3,G,C,P,C,S,E,0,9,C,G,1,0,0,0,000000000,00000000000,0,0,0,1,0,0,0,0,0,0,0,998,0,0,0,12,4,3,12,0,0,0,1,48,78332,6,1,0,0,3,0,999,999,0,0,0,0,0,0,0,0,0,0,0,0,0,0,2,2,75,1,1,8,1,0,0,1,66,6,1,3,88,0,0
48,482913,1,2,1,2,12,11,45,12,6,1,0,48,2,20,2,20002,4,2003,2G1WH52KX391,2,G,1,W,H,5,2,K,X,3,9,1,0,0,0,000000000,00000000000,0,0,0,1,0,0,0,0,0,0,0,998,0,1,5,63,4,3,12,0,0,0,1,48,77099,0,0,0,0,0,0,999,999,0,0,0,0,0,0,0,0,0,0,37,39,0,0,5,5,35,1,1,1,1,3,3,1,17,99,1,1,89,1,0
48,482913,2,2,1,2,12,11,45,12,6,1,0,48,1,37,421,37421,15,2012,5FNYF3H62CB0,5,F,N,Y,F,3,H,6,2,C,B,0,0,0,0,000000000,00000000000,0,0,0,1,0,0,0,0,0,0,0,998,0,0,0,12,2,3,12,0,0,0,1,48,77450,6,1,0,0,3,3,999,999,0,0,0,0,0,0,0,0,0,0,0,0,0,0,5,5,99,1,1,1,1,3,3,1,66,99,1,1,88,0,0
48,482914,1,1,1,6,12,3,25,30,0,1,0,48,1,63,401,63401,14,2002,KNDJB7231251,K,N,D,J,B,7,2,3,1,2,5,1,0,0,0,000000000,00000000000,0,0,0,1,0,0,0,0,0,0,0,998,0,1,5,12,4,3,30,0,0,0,1,48,76541,0,0,0,0,0,0,999,999,0,0,0,0,0,0,0,0,0,4,0,0,0,0,1,2,30,1,1,8,1,0,0,1,13,99,1,4,1,1,0
48,482915,1,3,1,6,12,16,52,12,6,1,0,48,2,12,481,12481,31,2002,1FTSW30L12EB,1,F,T,S,W,3,0,L,1,2,E,B,0,0,0,000000000,00000000000,0,0,0,1,0,0,0,0,0,0,0,998,0,0,0,10,2,3,12,0,0,0,1,48,78644,6,1,0,0,3,3,999,999,0,0,0,0,0,0,0,0,0,0,38,0,0,0,1,2,99,1,1,8,1,4,3,4,17,99,1,1,89,0,0
48,482915,2,3,4,6,12,16,52,12,6,1,0,48,1,49,32,49032,4,1999,1NXBR12E5XZ2,1,N,X,B,R,1,2,E,5,X,Z,2,0,0,0,000000000,00000000000,0,0,0,1,0,0,0,0,0,0,0,998,0,0,0,12,4,3,12,0,0,0,1,48,78724,0,0,0,0,0,0,999,999,0,0,0,0,0,0,0,0,0,0,0,0,0,0,4,4,65,1,1,8,1,4,3,1,66,8,1,1,88,1,0
48,482915,3,3,4,6,12,16,52,12,6,1,0,48,2,35,421,35421,15,2004,5N1AA08A64N7,5,N,1,A,A,0,8,A,6,4,N,7,0,0,0,000000000,00000000000,0,0,0,1,0,0,0,0,0,0,0,998,0,0,0,12,2,3,12,0,0,0,1,48,78648,6,1,0,0,3,0,999,999,0,0,0,0,0,0,0,0,0,0,0,0,0,0,4,4,65,1,1,8,1,4,3,1,59,4,1,1,98,0,0
48,482916,1,1,2,6,12,0,57,14,0,1,1,48,2,12,481,12481,31,1997,1FTDX1766VKD,1,F,T,D,X,1,7,6,6,V,K,D,0,0,0,000000000,00000000000,0,0,0,1,0,0,0,0,0,0,0,998,0,0,0,12,4,3,14,0,0,0,1,48,75146,9,9,99,9,9,9,999,999,99,99,99,99,99,99,9999,99,9999,0,0,0,0,0,1,2,30,1,1,8,1,0,0,1,50,99,1,4,11,1,0
48,482917,1,1,1,6,12,11,24,33,0,1,0,48,1,72,706,72706,80,2009,1HD1BX5189Y0,1,H,D,1,B,X,5,1,8,9,Y,0,0,0,0,000000000,00000000000,0,0,0,1,0,0,0,0,0,0,0,998,0,0,0,98,8,2,33,0,0,0,1,48,78130,6,1,0,0,3,0,999,999,0,0,0,0,0,0,0,0,0,4,0,0,0,0,4,2,5,3,2,8,1,0,0,1,13,99,1,4,1,1,0
48,482918,1,1,1,6,12,4,16,52,0,1,0,48,0,35,47,35047,4,2005,1N4AL11D25N4,1,N,4,A,L,1,1,D,2,5,N,4,0,0,0,000000000,00000000000,0,0,0,1,0,0,0,0,0,0,0,998,0,1,5,12,6,2,1,0,0,0,1,48,78656,6,1,0,0,3,0,999,999,0,0,0,0,0,0,0,0,0,0,39,0,0,0,5,4,40,1,1,8,1,20,3,1,13,99,1,4,1,1,1