STATE,ST_CASE,VEH_NO,VE_FORMS,NUMOCCS,DAY,MONTH,HOUR,MINUTE,HARM_EV,MAN_COLL,UNITTYPE,HIT_RUN,REG_STAT,OWNER,MAKE,MODEL,MAK_MOD,BODY_TYP,MOD_YEAR,VIN,VIN_1,VIN_2,VIN_3,VIN_4,VIN_5,VIN_6,VIN_7,VIN_8,VIN_9,VIN_10,VIN_11,VIN_12,TOW_VEH,J_KNIFE,MCARR_I1,MCARR_I2,MCARR_ID,GVWR,V_CONFIG,CARGO_BT,HAZ_INV,HAZ_PLAC,HAZ_ID,HAZ_CNO,HAZ_REL,BUS_USE,SPEC_USE,EMER_USE,TRAV_SP,UNDERIDE,ROLLOVER,ROLINLOC,IMPACT1,DEFORMED,TOWED,M_HARM,VEH_SC1,VEH_SC2,FIRE_EXP,DR_PRES,L_STATE,DR_ZIP,L_STATUS,L_TYPE,CDL_STAT,L_ENDORS,L_COMPL,L_RESTRI,DR_HGT,DR_WGT,PREV_ACC,PREV_SUS,PREV_DWI,PREV_SPD,PREV_OTH,FIRST_MO,FIRST_YR,LAST_MO,LAST_YR,SPEEDREL,DR_SF1,DR_SF2,DR_SF3,DR_SF4,VTRAFWAY,VNUM_LAN,VSPD_LIM,VALIGN,VPROFILE,VPAVETYP,VSURCOND,VTRAFCON,VTCONT_F,P_CRASH1,P_CRASH2,P_CRASH3,PCRASH4,PCRASH5,ACC_TYPE,DEATHS,DR_DRINK
48,482919,1,2,6,18,10,8,11,12,6,1,0,48,2,12,422,12422,15,2001,1FMRU15WX1LB,1,F,M,R,U,1,5,W,X,1,L,B,0,0,0,000000000,00000000000,0,0,0,1,0,0,0,0,0,0,0,998,0,0,0,81,4,3,12,0,0,0,1,48,76014,0,0,0,0,0,0,999,999,0,16,1,1,1,2,2012,7,2014,0,47,0,0,0,3,4,45,1,1,8,1,3,3,10,16,99,1,1,70,0,0
48,482919,2,2,1,18,10,8,11,12,6,1,0,48,1,37,705,37705,80,2000,JH2RC4307YM6,J,H,2,R,C,4,3,0,7,Y,M,6,0,0,0,000000000,00000000000,0,0,0,1,0,0,0,0,0,0,0,998,0,0,0,12,6,2,12,0,0,0,1,48,76179,6,1,0,0,3,0,999,999,0,0,0,1,0,3,2014,3,2014,0,0,0,0,0,3,4,45,1,1,8,1,3,3,1,60,99,1,1,71,1,0
48,482920,1,1,2,7,12,3,21,42,0,1,0,48,2,52,34,52034,4,1999,4A3AA46L9XE0,4,A,3,A,A,4,6,L,9,X,E,0,0,0,0,000000000,00000000000,0,0,0,1,0,0,0,0,0,0,0,998,0,0,0,12,4,3,42,0,0,0,1,48,78207,0,0,0,0,0,0,999,999,0,0,0,0,0,0,0,0,0,5,91,0,0,0,1,2,99,3,1,8,1,20,3,11,6,99,9,4,1,1,1
48,482921,1,3,1,7,12,18,6,12,1,1,0,48,1,72,706,72706,80,2010,1HD1GP415AC3,1,H,D,1,G,P,4,1,5,A,C,3,0,0,0,000000000,00000000000,0,0,0,1,0,0,0,0,0,0,0,998,0,0,0,12,8,2,12,0,0,0,1,48,78216,6,1,0,0,3,0,999,999,0,0,0,0,0,0,0,0,0,5,0,0,0,0,3,4,70,1,1,8,1,0,0,1,52,99,1,1,28,1,1
48,482921,2,3,1,7,12,18,6,12,1,1,0,48,1,72,706,72706,80,2014,1HD1BFV18EB0,1,H,D,1,B,F,V,1,8,E,B,0,0,0,0,000000000,00000000000,0,0,0,1,0,0,0,0,0,0,0,998,0,0,0,6,2,5,12,0,0,0,1,48,78216,6,1,6,0,3,0,999,999,0,0,0,0,0,0,0,0,0,0,0,0,0,0,3,4,70,1,1,8,1,0,0,2,53,99,1,1,29,0,0
48,482921,3,3,1,7,12,18,6,12,1,1,0,48,1,58,404,58404,14,2014,JN8CS1MU1EM4,J,N,8,C,S,1,M,U,1,E,M,4,0,0,0,000000000,00000000000,0,0,0,1,0,0,0,0,0,0,0,998,0,0,0,82,2,3,12,0,0,0,1,48,78247,6,1,0,0,3,0,999,999,0,0,0,1,0,12,2012,12,2012,0,0,0,0,0,3,4,70,1,1,8,1,0,0,1,61,99,1,1,98,0,0
48,482922,1,1,1,7,12,6,20,1,0,1,0,48,2,12,3,12003,2,2003,1FAFP40463F3,1,F,A,F,P,4,0,4,6,3,F,3,0,0,0,000000000,00000000000,0,0,0,1,0,0,0,0,0,0,0,998,0,1,5,0,2,3,1,0,0,0,1,48,77092,0,0,0,0,0,0,999,999,0,0,0,0,0,0,0,0,0,0,0,0,0,0,2,2,30,1,1,8,1,0,0,1,13,99,3,4,2,1,1
48,482923,1,2,1,7,12,13,40,12,6,1,0,48,2,38,401,38401,14,1999,JACDJ58X9X79,J,A,C,D,J,5,8,X,9,X,7,9,0,0,0,000000000,00000000000,0,0,0,1,0,0,0,0,0,0,0,998,0,0,0,12,4,3,12,0,0,0,1,48,77081,6,1,0,0,3,0,999,999,0,0,0,0,0,0,0,0,0,0,0,0,0,0,2,2,30,1,1,1,1,0,0,1,66,99,1,1,88,0,0
48,482923,2,2,1,7,12,13,40,12,6,1,0,48,1,48,401,48401,14,2013,JF2SHAEC9DH4,J,F,2,S,H,A,E,C,9,D,H,4,0,0,0,000000000,00000000000,0,0,0,1,0,0,0,0,0,0,0,998,0,0,0,61,4,3,12,0,0,0,1,48,77401,6,1,0,0,3,3,999,999,0,0,0,0,0,0,0,0,0,0,38,0,0,0,1,2,99,1,1,1,1,20,3,4,17,99,1,1,89,1,0
48,482924,1,1,1,7,12,5,50,1,0,1,0,48,2,12,481,12481,31,2004,1FTNW20P14ED,1,F,T,N,W,2,0,P,1,4,E,D,0,0,0,000000000,00000000000,0,0,0,1,0,0,0,0,0,0,0,998,0,9,5,0,4,3,1,0,0,0,1,96,0,9,9,99,9,9,9,999,999,99,99,99,99,99,99,9999,99,9999,0,0,0,0,0,2,2,60,1,1,8,1,0,0,1,12,7,9,4,1,1,1
48,482925,1,2,1,7,12,18,40,12,6,1,0,22,2,20,481,20481,31,2010,1GCSCSE07AZ2,1,G,C,S,C,S,E,0,7,A,Z,2,0,0,0,000000000,00000000000,0,0,0,1,0,0,0,0,0,0,0,998,0,0,0,12,6,2,12,0,0,0,1,22,71118,6,1,0,0,3,3,68,160,0,0,0,0,0,0,0,0,0,0,51,91,0,0,1,2,70,1,1,8,1,0,0,1,13,6,9,6,66,0,1
48,482925,2,2,2,7,12,18,40,12,6,1,0,48,1,7,26,7026,4,2013,1C3CDZCB6DN5,1,C,3,C,D,Z,C,B,6,D,N,5,0,0,0,000000000,00000000000,0,0,0,1,0,0,0,0,0,0,0,998,0,0,0,62,6,2,12,32,0,0,1,48,75702,6,1,0,0,3,0,999,999,0,0,0,0,0,0,0,0,0,0,0,0,0,0,1,2,70,1,1,8,1,0,0,1,62,7,1,1,66,1,0
48,482926,1,1,1,8,12,6,45,59,0,1,0,48,2,7,26,7026,4,2014,1C3CDZAB9EN2,1,C,3,C,D,Z,A,B,9,E,N,2,0,0,0,000000000,00000000000,0,0,0,1,0,0,0,0,0,0,0,998,0,0,0,12,4,3,59,32,0,0,1,48,78065,6,1,0,0,3,0,999,999,0,0,0,0,1,2,2012,2,2012,0,99,99,99,99,5,5,50,1,1,8,1,0,0,1,13,6,9,4,6,1,0
48,482927,1,2,1,8,12,18,14,9,0,1,0,48,2,20,481,20481,31,1999,2GCEC19W4X12,2,G,C,E,C,1,9,W,4,X,1,2,0,0,0,000000000,00000000000,0,0,0,1,0,0,0,0,0,0,0,998,0,0,0,12,4,3,9,0,0,0,1,48,79412,6,1,0,0,3,3,999,999,0,0,0,0,0,0,0,0,0,0,0,0,0,0,1,4,45,1,1,8,1,0,0,1,83,9,1,1,13,0,0
48,482927,2,2,2,8,12,18,14,9,0,1,0,48,2,38,402,38402,14,2004,4S2CK58Y6443,4,S,2,C,K,5,8,Y,6,4,4,3,0,0,0,000000000,00000000000,0,0,0,1,0,0,0,0,0,0,0,998,0,0,0,63,2,5,9,0,0,0,1,48,79403,9,9,99,0,9,9,999,999,99,99,99,99,99,99,9999,99,9999,0,0,0,0,0,1,4,45,1,1,8,1,0,0,1,83,99,1,1,98,0,0
48,482928,1,2,1,8,12,20,31,12,2,1,0,48,1,7,880,7880,67,2011,3D73Y4CL4BG6,3,D,7,3,Y,4,C,L,4,B,G,6,0,0,88,888888888,88888888888,2,1,97,1,0,0,0,0,0,0,0,998,0,1,5,12,4,3,12,0,0,0,1,48,78372,6,1,0,0,3,3,999,999,0,0,0,0,0,0,0,0,0,0,28,91,0,0,1,2,70,1,1,8,1,0,0,1,10,99,1,2,50,0,1
48,482928,2,2,2,8,12,20,31,12,2,1,0,48,2,12,402,12402,14,2012,1FMCU9EG8CKB,1,F,M,C,U,9,E,G,8,C,K,B,0,0,0,000000000,00000000000,0,0,0,1,0,0,0,0,0,0,0,998,0,0,0,12,6,2,12,0,0,1,1,48,78380,6,1,0,0,3,0,999,999,0,0,0,0,0,0,0,0,0,0,0,0,0,0,1,2,70,1,1,8,1,0,0,1,62,99,1,1,51,2,0
48,482929,1,2,2,8,12,11,13,12,2,1,0,48,2,20,481,20481,31,2003,3GNEC13T43G2,3,G,N,E,C,1,3,T,4,3,G,2,0,0,0,000000000,00000000000,0,0,0,1,0,0,0,0,0,0,0,998,0,1,5,12,6,2,12,0,0,0,1,48,75845,1,1,0,0,2,0,999,999,0,0,0,0,0,0,0,0,0,0,28,51,91,0,1,2,75,1,1,8,1,0,0,1,10,99,1,2,50,0,0
48,482929,2,2,1,8,12,11,13,12,2,1,0,48,1,49,32,49032,4,2010,1NXBU4EE2AZ1,1,N,X,B,U,4,E,E,2,A,Z,1,0,0,0,000000000,00000000000,0,0,0,1,0,0,0,0,0,0,0,998,0,0,0,12,6,2,12,0,0,0,1,48,75835,6,1,0,0,3,0,999,999,0,0,0,0,0,0,0,0,0,0,0,0,0,0,1,2,75,1,1,8,1,0,0,1,62,99,1,1,51,1,0
48,482930,1,2,2,8,12,15,16,12,2,1,0,48,1,12,401,12401,14,2002,1FMZU63E02ZC,1,F,M,Z,U,6,3,E,0,2,Z,C,0,0,0,000000000,00000000000,0,0,0,1,0,0,0,0,0,0,0,998,0,0,0,12,6,2,12,0,0,0,1,48,75647,6,1,0,0,3,3,999,999,0,0,0,0,0,0,0,0,0,0,38,0,0,0,1,2,70,1,1,8,1,0,0,11,10,99,1,2,68,2,0
48,482930,2,2,1,8,12,15,16,12,2,1,0,48,3,85,884,85884,66,2003,1XKWDB9X33R3,1,X,K,W,D,B,9,X,3,3,R,3,0,0,57,1719710,571719710,3,5,96,1,0,0,0,0,0,0,0,998,0,0,0,12,4,3,12,0,0,0,1,48,78626,6,1,6,0,3,0,999,999,0,0,0,1,0,9,2014,9,2014,0,0,0,0,0,1,2,70,1,1,8,1,0,0,1,62,7,1,1,69,0,0
48,482931,1,3,1,8,12,5,20,25,0,1,0,48,1,41,45,41045,1,1995,JM1NA3537S06,J,M,1,N,A,3,5,3,7,S,0,6,0,0,0,000000000,00000000000,0,0,0,1,0,0,0,0,0,0,0,998,3,0,0,98,8,3,25,0,0,0,1,48,76137,6,1,6,0,3,3,999,999,0,0,0,0,0,0,0,0,0,0,0,0,0,0,3,3,50,1,1,8,1,0,0,1,9,99,1,4,1,1,0
48,482931,2,3,1,8,12,5,20,25,0,1,0,48,3,23,481,23481,31,2009,1GDJC74699F1,1,G,D,J,C,7,4,6,9,9,F,1,0,0,0,000000000,00000000000,0,0,0,1,0,0,0,0,0,0,0,998,0,0,0,12,2,5,12,0,0,0,1,48,76262,6,1,6,0,3,0,999,999,1,0,0,0,1,7,2012,10,2013,0,0,0,0,0,3,3,50,1,1,8,1,0,0,1,61,99,1,1,98,0,0
48,482931,3,3,1,8,12,5,20,25,0,1,0,40,3,82,884,82884,66,2007,1FUJA6CKX7LX,1,F,U,J,A,6,C,K,X,7,L,X,1,1,57,444655,57444655,3,6,3,1,0,0,0,0,0,0,0,998,0,0,0,14,8,3,12,0,0,0,1,40,73533,6,1,6,0,3,0,73,252,0,0,0,0,0,0,0,0,0,0,0,0,0,0,3,3,50,1,1,8,1,0,0,1,61,99,1,1,98,0,0
48,482932,1,1,1,8,12,0,31,33,0,1,0,48,2,59,34,59034,4,2004,JT8BL69S2400,J,T,8,B,L,6,9,S,2,4,0,0,0,0,0,000000000,00000000000,0,0,0,1,0,0,0,0,0,0,0,998,0,1,5,61,6,2,1,0,0,0,1,48,76120,0,0,0,0,0,0,999,999,0,7,0,1,1,1,2012,11,2014,4,0,0,0,0,1,2,30,2,3,8,8,0,0,14,6,99,5,4,7,1,0
48,482933,1,1,1,9,12,20,53,8,0,1,0,48,1,20,421,20421,15,2009,1GNEC23379R2,1,G,N,E,C,2,3,3,7,9,R,2,0,0,0,000000000,00000000000,0,0,0,1,0,0,0,0,0,0,0,998,0,0,0,12,2,5,8,0,0,0,1,48,78207,6,1,0,0,3,3,999,999,0,0,0,0,0,0,0,0,0,0,0,0,0,0,4,2,30,1,1,8,1,0,0,11,80,1,1,1,13,0,0
48,482934,1,3,1,9,12,18,5,12,1,1,0,48,3,82,884,82884,66,2005,1FUJAPAV45DN,1,F,U,J,A,P,A,V,4,5,D,N,1,1,57,1941984,571941984,3,6,1,1,0,0,0,0,0,0,0,998,0,0,0,12,6,2,12,0,0,1,1,48,79407,6,1,6,0,3,0,999,999,2,0,0,1,1,1,2013,8,2014,5,0,0,0,0,2,2,70,1,1,8,1,0,0,1,51,99,1,1,24,0,0
48,482934,2,3,1,9,12,18,5,12,1,1,0,48,2,12,481,12481,31,2001,1FTRX17W61NA,1,F,T,R,X,1,7,W,6,1,N,A,0,0,0,000000000,00000000000,0,0,0,1,0,0,0,0,0,0,0,998,0,0,0,6,6,2,12,0,0,1,1,48,76940,6,1,0,0,3,0,999,999,0,0,0,0,0,0,0,0,0,0,0,0,0,0,2,2,70,1,1,8,1,0,0,1,53,1,1,1,25,1,0
48,482934,3,3,1,9,12,18,5,12,1,1,0,0,0,98,998,98998,92,1972,020723R,0,2,0,7,2,3,R,,,,,,1,1,0,000000000,00000000000,0,0,0,1,0,0,0,0,0,0,0,998,0,0,0,6,4,8,12,0,0,0,1,48,78586,0,0,0,0,0,0,999,999,0,0,0,0,0,0,0,0,0,0,0,0,0,0,2,2,70,1,1,8,1,0,0,1,53,1,1,1,98,0,0
48,482935,1,2,1,10,12,21,47,12,2,1,0,48,1,55,36,55036,4,2005,KMHCG45C05U6,K,M,H,C,G,4,5,C,0,5,U,6,0,0,0,000000000,00000000000,0,0,0,1,0,0,0,0,0,0,0,998,0,0,0,12,6,8,12,0,0,0,1,48,79763,1,1,0,0,2,0,999,999,0,4,0,0,0,4,2012,5,2014,0,51,0,0,0,3,2,75,1,1,8,1,0,0,1,54,99,1,1,52,1,1
48,482935,2,2,2,10,12,21,47,12,2,1,0,4,4,23,461,23461,22,2014,1GDY72CA1E19,1,G,D,Y,7,2,C,A,1,E,1,9,0,0,0,000000000,00000000000,0,0,0,1,0,0,0,0,0,0,0,998,0,1,1,12,6,2,12,0,0,0,1,1,36854,6,1,0,0,3,3,71,195,0,0,0,0,0,0,0,0,0,0,0,0,0,0,3,2,75,1,1,8,1,0,0,1,54,99,1,1,52,0,0
48,482936,1,1,1,10,12,17,50,8,0,1,1,48,1,55,402,55402,14,2013,KM8JU3AC0DU7,K,M,8,J,U,3,A,C,0,D,U,7,0,0,0,000000000,00000000000,0,0,0,1,0,0,0,0,0,0,0,998,0,0,0,12,2,5,8,0,0,0,1,48,77043,6,1,0,0,3,3,999,999,0,0,0,0,0,0,0,0,0,0,0,0,0,0,1,2,30,1,1,1,1,0,0,1,80,99,1,1,13,0,0
48,482937,1,1,1,10,12,20,5,42,0,1,0,48,1,20,481,20481,31,2003,1GCEC14X83Z2,1,G,C,E,C,1,4,X,8,3,Z,2,0,0,0,000000000,00000000000,0,0,0,1,0,0,0,0,0,0,0,998,0,0,0,61,4,3,42,0,0,0,1,48,77045,6,1,0,0,3,0,999,999,0,0,0,0,2,7,2013,8,2013,0,0,0,0,0,3,2,35,1,1,8,1,0,0,1,12,99,2,4,6,1,0
48,482938,1,1,1,10,12,18,28,8,0,1,0,48,2,2,403,2403,14,2008,1J4GB39158L5,1,J,4,G,B,3,9,1,5,8,L,5,0,0,0,000000000,00000000000,0,0,0,1,0,0,0,0,0,0,0,998,0,0,0,12,2,8,8,0,0,0,1,48,78064,6,1,0,0,3,0,999,999,0,0,0,0,0,0,0,0,0,0,0,0,0,0,1,2,55,3,2,8,1,0,0,14,11,6,1,4,13,0,0
48,482939,1,1,1,10,12,19,37,38,0,1,0,48,1,52,34,52034,4,2000,4A3AA46G3YE0,4,A,3,A,A,4,6,G,3,Y,E,0,0,0,0,000000000,00000000000,0,0,0,1,0,0,0,0,0,0,0,998,0,0,0,12,6,2,2,0,0,1,1,48,76240,6,1,0,0,3,0,65,78,0,0,0,0,0,0,0,0,0,0,99,99,99,99,2,2,70,1,2,8,1,0,0,1,13,99,1,4,1,1,1
48,482940,1,2,1,11,12,6,28,8,0,1,0,48,1,20,481,20481,31,2014,3GCPCREC4EG3,3,G,C,P,C,R,E,C,4,E,G,3,0,0,0,000000000,00000000000,0,0,0,1,0,0,0,0,0,0,0,998,0,0,0,12,4,3,8,0,0,0,1,48,78228,6,1,6,0,3,0,999,999,0,0,0,0,0,0,0,0,0,0,0,0,0,0,2,3,40,1,1,8,2,0,0,1,80,99,1,1,13,0,0
48,482940,2,2,1,11,12,6,28,8,0,1,0,48,1,49,472,49472,30,2009,3TMJU62N79M0,3,T,M,J,U,6,2,N,7,9,M,0,0,0,0,000000000,00000000000,0,0,0,1,0,0,0,0,0,0,0,998,0,0,0,12,4,3,12,0,0,0,1,48,78228,6,1,0,0,3,0,999,999,0,0,0,0,0,0,0,0,0,0,0,0,0,0,2,3,40,1,1,8,2,0,0,1,52,99,1,1,98,0,0
48,482941,1,2,1,11,12,21,45,12,1,1,0,48,1,12,481,12481,31,2007,1FTRX12W57KD,1,F,T,R,X,1,2,W,5,7,K,D,0,0,0,000000000,00000000000,0,0,0,1,0,0,0,0,0,0,0,998,0,1,1,12,4,3,1,0,0,0,1,48,77545,6,1,0,0,3,0,999,999,1,1,0,1,1,3,2012,10,2014,3,28,0,0,0,3,4,65,1,1,8,1,0,0,1,11,99,1,2,32,1,1
48,482941,2,2,2,11,12,21,45,12,1,1,0,48,1,35,443,35443,20,1999,4N2XN11T8XD8,4,N,2,X,N,1,1,T,8,X,D,8,0,0,0,000000000,00000000000,0,0,0,1,0,0,0,0,0,0,0,998,0,0,0,6,4,3,12,0,0,0,1,48,77388,6,1,0,0,3,0,999,999,0,0,0,0,0,0,0,0,0,0,0,0,0,0,3,4,65,1,1,8,1,0,0,1,60,99,1,1,32,0,0
48,482942,1,2,1,11,12,22,51,12,6,1,0,48,1,23,481,23481,31,2006,1GTEC14X06Z2,1,G,T,E,C,1,4,X,0,6,Z,2,0,0,0,000000000,00000000000,0,0,0,1,0,0,0,0,0,0,0,998,0,0,0,12,4,3,12,0,0,0,1,37,77092,6,1,0,0,3,2,72,999,0,0,0,0,0,0,0,0,0,3,74,91,0,0,2,3,35,1,1,1,1,3,3,1,66,99,1,1,88,0,1
48,482942,2,2,1,11,12,22,51,12,6,1,0,48,2,20,421,20421,15,2009,1GNFC33089R1,1,G,N,F,C,3,3,0,8,9,R,1,0,0,0,000000000,00000000000,0,0,0,1,0,0,0,0,0,0,0,998,0,1,1,9,4,3,12,0,0,0,1,48,77092,6,1,0,0,3,0,999,999,0,0,0,0,0,0,0,0,0,0,0,0,0,0,2,3,35,1,1,1,1,3,3,1,66,99,1,1,89,1,0
48,482943,1,1,1,11,12,12,59,1,0,1,0,48,2,58,37,58037,4,2009,JNKCV61E49M3,J,N,K,C,V,6,1,E,4,9,M,3,0,0,0,000000000,00000000000,0,0,0,1,0,0,0,0,0,0,0,998,0,1,5,0,6,2,42,0,0,0,1,48,75672,6,1,0,0,3,0,999,999,0,0,0,0,0,0,0,0,0,3,24,58,0,0,1,2,30,2,3,8,1,0,0,14,13,6,4,4,7,1,0
48,482944,1,1,1,11,12,23,45,1,0,1,0,48,1,7,880,7880,67,2003,3D7MU48CX3G8,3,D,7,M,U,4,8,C,X,3,G,8,0,0,88,888888888,88888888888,2,1,96,1,0,0,0,0,0,0,0,998,0,2,5,0,6,2,1,0,0,1,1,48,76255,1,1,0,0,2,0,70,199,0,4,1,0,0,12,2012,3,2014,4,0,0,0,0,1,2,60,3,1,8,1,0,0,14,13,99,4,4,1,1,1
48,482945,1,2,1,11,12,21,7,12,1,1,0,48,1,73,706,73706,80,2004,JKBVNCA174B5,J,K,B,V,N,C,A,1,7,4,B,5,0,0,0,000000000,00000000000,0,0,0,1,0,0,0,0,0,0,0,998,0,0,0,6,8,2,12,0,0,0,1,48,75765,6,1,0,0,2,2,999,999,0,0,0,0,1,2,2013,2,2013,0,27,74,0,0,2,2,55,1,1,8,2,0,0,15,53,99,1,2,32,1,0
48,482945,2,2,2,11,12,21,7,12,1,1,0,48,1,37,441,37441,20,2005,5FNRL38845B1,5,F,N,R,L,3,8,8,4,5,B,1,0,0,0,000000000,00000000000,0,0,0,1,0,0,0,0,0,0,0,998,0,0,0,12,2,3,12,0,0,0,1,48,75640,6,1,6,0,3,3,999,999,0,0,0,0,0,0,0,0,0,0,0,0,0,0,2,2,55,1,1,8,2,0,0,1,52,4,9,1,32,0,0
48,482946,1,1,1,12,12,19,4,8,0,1,0,48,1,20,481,20481,31,2004,1GCEC19T64Z2,1,G,C,E,C,1,9,T,6,4,Z,2,0,0,0,000000000,00000000000,0,0,0,1,0,0,0,0,0,0,0,998,0,0,0,12,4,8,8,0,0,0,1,48,78213,6,1,0,0,3,3,999,999,0,0,0,0,0,0,0,0,0,0,0,0,0,0,5,7,35,1,1,8,1,0,0,1,80,4,1,1,13,0,0
48,482947,1,1,1,12,12,11,59,1,0,1,0,47,2,20,481,20481,31,2004,2GCEC19V4412,2,G,C,E,C,1,9,V,4,4,1,2,0,0,0,000000000,00000000000,0,0,0,1,0,0,0,0,0,0,0,998,0,2,4,0,6,2,1,0,0,0,1,48,77845,6,1,0,0,3,0,999,999,0,0,0,0,0,0,0,0,0,5,0,0,0,0,6,1,75,1,3,8,1,0,0,16,12,99,1,4,6,1,0
48,482948,1,1,1,12,12,11,0,43,0,1,0,48,2,18,2,18002,2,1990,1G4HP14C0LH4,1,G,4,H,P,1,4,C,0,L,H,4,0,0,0,000000000,00000000000,0,0,0,1,0,0,0,0,0,0,0,998,0,0,0,98,6,2,43,0,0,0,1,48,77015,6,1,6,0,3,0,999,999,0,0,0,0,0,0,0,0,0,3,39,0,0,0,2,2,45,1,1,8,1,3,3,1,14,99,1,4,14,1,0
48,482949,1,2,1,12,12,18,6,12,1,1,0,48,2,7,41,7041,4,2004,2B3HD46R44H5,2,B,3,H,D,4,6,R,4,4,H,5,0,0,0,000000000,00000000000,0,0,0,1,0,0,0,0,0,0,0,998,3,0,0,12,4,3,12,0,0,0,1,48,75423,6,1,0,0,3,0,68,171,0,0,0,0,0,0,0,0,0,0,0,0,0,0,1,2,60,1,1,8,1,0,0,1,50,99,1,1,32,1,0
48,482949,2,2,0,12,12,18,6,12,1,1,0,48,6,85,881,85881,66,2013,1XKAD49X0DJ3,1,X,K,A,D,4,9,X,0,D,J,3,1,1,57,198130,57198130,3,6,3,1,0,0,0,0,0,0,0,998,0,0,0,6,8,8,12,0,0,0,0,0,99997,7,6,97,7,6,7,998,997,998,998,998,998,998,98,9998,98,9998,8,54,0,0,0,1,2,60,1,1,8,1,0,0,0,53,0,0,0,32,0,0
48,482950,1,2,3,12,12,19,48,12,6,1,0,48,2,12,422,12422,15,2001,1FMRU15W61LB,1,F,M,R,U,1,5,W,6,1,L,B,0,0,0,000000000,00000000000,0,0,0,1,0,0,0,0,0,0,0,998,0,0,0,1,2,3,12,0,0,0,1,48,77640,1,1,0,0,2,0,999,999,0,2,0,1,0,3,2014,12,2014,0,38,91,0,0,5,5,50,1,1,8,1,0,0,11,15,99,1,1,68,0,0
48,482950,2,2,1,12,12,19,48,12,6,1,0,28,2,73,705,73705,80,2001,JKAZX4J111A0,J,K,A,Z,X,4,J,1,1,1,A,0,0,0,0,000000000,00000000000,0,0,0,1,0,0,0,0,0,0,0,998,0,0,0,12,8,2,12,0,0,0,1,12,32055,0,0,0,0,0,0,69,999,0,0,0,0,1,4,2014,4,2014,0,0,0,0,0,5,5,50,1,1,8,1,0,0,1,66,99,1,1,69,1,0
48,482951,1,1,1,12,12,1,30,23,0,1,0,48,1,72,706,72706,80,2012,1HD1KBM1XCB6,1,H,D,1,K,B,M,1,X,C,B,6,0,0,0,000000000,00000000000,0,0,0,1,0,0,0,0,0,0,0,998,0,0,0,98,8,3,23,32,0,0,1,48,79403,6,1,0,0,3,0,999,999,0,0,0,1,0,3,2014,3,2014,0,0,0,0,0,2,4,65,1,2,8,1,0,0,1,13,99,1,4,1,1,1
48,482952,1,1,1,12,12,11,53,46,0,1,0,48,1,12,481,12481,31,1998,1FTZX0769WKA,1,F,T,Z,X,0,7,6,9,W,K,A,0,0,0,000000000,00000000000,0,0,0,1,0,0,0,0,0,0,0,998,0,0,0,12,4,3,46,0,0,0,1,48,76036,6,1,0,0,3,0,999,999,0,0,0,0,0,0,0,0,0,5,0,0,0,0,3,2,98,1,1,8,1,3,3,1,12,99,1,4,6,1,0
48,482953,1,2,1,12,12,7,52,12,6,1,0,48,2,49,50,49050,3,2006,JTKDE177X601,J,T,K,D,E,1,7,7,X,6,0,1,0,0,0,000000000,00000000000,0,0,0,1,0,0,0,0,0,0,0,998,0,0,0,81,6,2,12,0,0,0,1,48,75455,6,1,0,0,3,0,999,999,0,0,0,0,0,0,0,0,0,4,87,0,0,0,1,4,65,1,1,8,2,0,0,1,6,99,4,2,66,1,0
48,482953,2,2,2,12,12,7,52,12,6,1,0,5,5,20,481,20481,31,2011,3GCPKSE35BG1,3,G,C,P,K,S,E,3,5,B,G,1,0,0,0,000000000,00000000000,0,0,0,1,0,0,0,0,0,0,0,0,0,0,0,12,6,2,12,0,0,0,1,48,75455,0,0,0,0,0,0,999,999,0,0,0,0,0,0,0,0,0,0,0,0,0,0,1,4,65,1,1,8,2,0,0,5,62,1,1,1,66,0,0
48,482954,1,2,2,12,12,23,57,12,6,1,0,48,2,6,18,6018,4,2012,1C3CCBBG4CN2,1,C,3,C,C,B,B,G,4,C,N,2,0,0,0,000000000,00000000000,0,0,0,1,0,0,0,0,0,0,0,998,0,0,0,1,6,2,12,0,0,0,1,48,78621,6,1,0,0,3,0,999,999,0,0,0,1,1,5,2012,3,2013,0,51,0,0,0,1,4,55,1,1,8,1,0,0,1,10,99,1,2,66,1,0
48,482954,2,2,1,12,12,23,57,12,6,1,0,48,1,20,481,20481,31,2006,2GCEC13V9613,2,G,C,E,C,1,3,V,9,6,1,3,0,0,0,000000000,00000000000,0,0,0,1,0,0,0,0,0,0,0,998,0,0,0,12,4,3,12,0,0,0,1,48,78758,3,1,0,0,2,0,999,999,0,0,0,0,0,0,0,0,0,0,0,0,0,0,1,4,55,1,1,8,1,0,0,1,62,99,1,1,66,0,0
48,482955,1,1,1,13,12,21,35,1,0,1,0,48,1,72,706,72706,80,2009,1HD1JM5189Y0,1,H,D,1,J,M,5,1,8,9,Y,0,0,0,0,000000000,00000000000,0,0,0,1,0,0,0,0,0,0,0,998,0,0,0,0,8,3,1,0,0,0,1,48,76522,6,1,0,0,3,3,999,999,1,1,0,0,0,8,2012,1,2013,0,0,0,0,0,6,2,55,2,2,8,1,0,0,14,12,99,5,4,6,1,1