STATE,ST_CASE,VEH_NO,VE_FORMS,NUMOCCS,DAY,MONTH,HOUR,MINUTE,HARM_EV,MAN_COLL,UNITTYPE,HIT_RUN,REG_STAT,OWNER,MAKE,MODEL,MAK_MOD,BODY_TYP,MOD_YEAR,VIN,VIN_1,VIN_2,VIN_3,VIN_4,VIN_5,VIN_6,VIN_7,VIN_8,VIN_9,VIN_10,VIN_11,VIN_12,TOW_VEH,J_KNIFE,MCARR_I1,MCARR_I2,MCARR_ID,GVWR,V_CONFIG,CARGO_BT,HAZ_INV,HAZ_PLAC,HAZ_ID,HAZ_CNO,HAZ_REL,BUS_USE,SPEC_USE,EMER_USE,TRAV_SP,UNDERIDE,ROLLOVER,ROLINLOC,IMPACT1,DEFORMED,TOWED,M_HARM,VEH_SC1,VEH_SC2,FIRE_EXP,DR_PRES,L_STATE,DR_ZIP,L_STATUS,L_TYPE,CDL_STAT,L_ENDORS,L_COMPL,L_RESTRI,DR_HGT,DR_WGT,PREV_ACC,PREV_SUS,PREV_DWI,PREV_SPD,PREV_OTH,FIRST_MO,FIRST_YR,LAST_MO,LAST_YR,SPEEDREL,DR_SF1,DR_SF2,DR_SF3,DR_SF4,VTRAFWAY,VNUM_LAN,VSPD_LIM,VALIGN,VPROFILE,VPAVETYP,VSURCOND,VTRAFCON,VTCONT_F,P_CRASH1,P_CRASH2,P_CRASH3,PCRASH4,PCRASH5,ACC_TYPE,DEATHS,DR_DRINK
48,482995,2,2,2,21,12,1,23,12,2,1,0,48,2,20,481,20481,31,2004,1GCEC14XX4Z2,1,G,C,E,C,1,4,X,X,4,Z,2,0,0,0,000000000,00000000000,0,0,0,1,0,0,0,0,0,0,0,998,0,0,0,12,4,3,12,0,0,0,1,48,77017,6,2,0,0,3,0,999,999,0,0,0,0,0,0,0,0,0,0,0,0,0,0,1,2,30,3,3,1,1,0,0,14,54,6,1,2,52,1,0
48,482996,1,1,3,21,12,1,18,24,0,1,0,48,2,23,431,23431,16,1999,3GKFK16R2XG5,3,G,K,F,K,1,6,R,2,X,G,5,0,0,0,000000000,00000000000,0,0,0,1,0,0,0,0,0,0,0,998,0,1,1,11,6,2,24,0,0,0,1,21,40160,0,0,0,0,0,0,66,120,0,0,0,0,0,0,0,0,0,4,58,0,0,0,3,2,75,1,1,8,1,0,0,1,52,4,9,4,6,1,0
48,482997,1,1,1,22,12,0,10,1,0,1,0,48,1,12,880,12880,67,2008,1FTWW33R48EA,1,F,T,W,W,3,3,R,4,8,E,A,0,0,88,888888888,88888888888,2,1,97,1,0,0,0,0,0,0,0,998,0,9,5,0,6,2,1,0,0,0,1,48,79764,6,1,0,0,3,0,999,999,0,0,0,0,0,0,0,0,0,0,0,0,0,0,2,2,75,1,1,8,1,0,0,1,12,7,5,4,2,1,1
48,482998,1,2,2,22,12,6,16,12,6,1,0,93,3,86,884,86884,66,2007,1M2AG11CX7M0,1,M,2,A,G,1,1,C,X,7,M,0,1,1,57,1854486,571854486,3,6,3,1,0,0,0,0,0,0,0,998,0,0,0,62,2,3,12,0,0,0,1,48,79331,6,1,6,0,3,0,999,999,0,0,0,0,4,1,2013,7,2013,0,0,0,0,0,1,4,60,1,1,8,1,0,0,13,98,99,1,1,92,0,0
48,482998,2,2,1,22,12,6,16,12,6,1,0,48,2,37,31,37031,4,2011,2HGFA1F58BH3,2,H,G,F,A,1,F,5,8,B,H,3,0,0,0,000000000,00000000000,0,0,0,1,0,0,0,0,0,0,0,998,0,0,0,12,6,2,12,0,0,0,1,48,76522,6,1,0,0,3,0,999,999,0,0,0,0,0,0,0,0,0,0,0,0,0,0,1,4,60,1,1,8,1,0,0,1,56,99,1,1,93,1,0
48,482999,1,1,2,22,12,0,20,8,0,1,0,48,1,19,421,19421,15,2003,1GYEK63N33R2,1,G,Y,E,K,6,3,N,3,3,R,2,0,0,0,000000000,00000000000,0,0,0,1,0,0,0,0,0,0,0,998,0,0,0,12,4,3,8,0,0,0,1,48,76179,6,1,0,0,3,3,999,999,1,0,0,0,0,10,2013,10,2013,0,0,0,0,0,3,2,50,1,1,8,1,0,0,1,81,8,1,1,13,0,0
48,483000,1,1,1,24,12,3,37,1,0,1,0,48,1,37,403,37403,14,2004,5J6YH28574L0,5,J,6,Y,H,2,8,5,7,4,L,0,0,0,0,000000000,00000000000,0,0,0,1,0,0,0,0,0,0,0,998,0,9,5,0,6,2,1,0,0,0,1,48,78207,0,0,0,0,0,0,999,999,0,0,0,0,0,0,0,0,0,5,0,0,0,0,6,1,99,2,2,8,1,0,0,14,13,99,9,4,1,1,1
48,483001,1,1,2,24,12,4,16,33,0,1,0,48,1,47,35,47035,4,2008,YS3FB49Y8811,Y,S,3,F,B,4,9,Y,8,8,1,1,0,0,0,000000000,00000000000,0,0,0,1,0,0,0,0,0,0,0,998,0,0,0,98,6,2,30,0,0,0,1,48,75074,6,1,0,0,3,3,999,999,0,0,0,0,1,6,2012,6,2012,3,37,91,0,0,2,3,35,2,1,8,1,0,0,14,12,99,1,4,6,1,1
48,483002,1,1,2,24,12,1,16,33,0,1,0,48,1,12,3,12003,2,2008,1ZVHT82H1851,1,Z,V,H,T,8,2,H,1,8,5,1,0,0,0,000000000,00000000000,0,0,0,1,0,0,0,0,0,0,0,998,0,1,5,98,4,3,30,0,0,0,1,48,79411,1,1,0,0,2,3,999,999,0,2,0,0,0,8,2013,12,2014,0,91,0,0,0,2,3,40,1,1,8,1,0,0,1,13,99,1,4,1,1,1
48,483003,1,1,1,25,12,18,48,3,0,1,0,48,2,20,2,20002,4,2005,2G1WF52E3591,2,G,1,W,F,5,2,E,3,5,9,1,0,0,0,000000000,00000000000,0,0,0,1,0,0,0,0,0,0,0,998,0,0,0,0,0,3,3,0,0,0,1,48,77640,6,1,0,0,3,0,999,999,0,0,0,0,0,0,0,0,0,0,99,99,99,99,2,2,75,1,1,8,1,0,0,1,13,99,1,4,0,1,0
48,483004,1,1,2,27,12,1,36,21,0,1,0,48,2,13,401,13401,14,2004,5LMEU68H64ZJ,5,L,M,E,U,6,8,H,6,4,Z,J,0,0,0,000000000,00000000000,0,0,0,1,0,0,0,0,0,0,0,998,0,0,0,12,6,2,21,0,0,0,1,48,78537,6,1,0,0,3,0,999,999,0,0,0,0,0,0,0,0,0,0,37,39,0,0,3,3,35,1,1,8,1,3,3,1,12,99,1,4,6,1,0
48,483005,1,2,1,28,12,6,43,12,1,1,0,48,1,12,401,12401,14,2002,1FMZU62E12ZA,1,F,M,Z,U,6,2,E,1,2,Z,A,0,0,0,000000000,00000000000,0,0,0,1,0,0,0,0,0,0,0,998,0,0,0,12,4,3,12,0,0,0,1,48,79423,1,1,0,0,2,0,999,999,1,6,0,0,0,2,2012,12,2014,5,91,0,0,0,2,3,65,1,1,8,1,3,3,1,50,99,1,1,20,0,1
48,483005,2,2,1,28,12,6,43,12,1,1,0,48,2,49,32,49032,4,2006,1NXBR32E76Z6,1,N,X,B,R,3,2,E,7,6,Z,6,0,0,0,000000000,00000000000,0,0,0,1,0,0,0,0,0,0,0,0,0,0,0,6,6,2,12,0,0,0,1,48,79412,6,1,6,0,3,3,999,999,0,0,0,1,0,10,2013,10,2013,0,0,0,0,0,2,3,65,1,1,8,1,3,3,5,53,1,1,1,21,1,0
48,483006,1,2,1,5,9,11,35,12,2,1,0,48,3,12,481,12481,31,2013,1FTFX1EF0DKE,1,F,T,F,X,1,E,F,0,D,K,E,0,0,0,000000000,00000000000,0,0,0,1,0,0,0,0,0,0,0,998,0,0,0,12,4,3,12,0,0,0,1,35,88240,6,1,0,0,3,0,69,230,98,0,0,2,0,6,2012,3,2013,0,0,0,0,0,2,2,55,1,1,8,1,0,0,1,62,7,1,4,51,1,0
48,483006,2,2,1,5,9,11,35,12,2,1,0,48,3,20,481,20481,31,2011,1GC0CVCG5BF2,1,G,C,0,C,V,C,G,5,B,F,2,0,0,0,000000000,00000000000,0,0,0,1,0,0,0,0,0,0,0,998,0,0,0,12,4,3,12,0,0,0,1,48,79714,6,1,0,0,3,3,999,999,0,1,0,0,0,3,2014,3,2014,0,51,0,0,0,2,2,55,1,1,8,1,0,0,1,10,99,1,4,50,0,0
48,483007,1,1,1,14,9,4,33,1,0,1,0,48,0,20,431,20431,16,2000,3GNEC16T1YG1,3,G,N,E,C,1,6,T,1,Y,G,1,0,0,0,000000000,00000000000,0,0,0,1,0,0,0,0,0,0,0,998,0,2,5,0,4,3,1,0,0,0,1,48,79928,6,1,6,0,3,0,999,999,0,0,0,0,0,0,0,0,0,0,0,0,0,0,3,2,75,1,1,8,1,0,0,1,13,99,1,4,1,1,0
48,483008,1,1,2,19,10,16,44,33,0,1,0,48,2,12,401,12401,14,1999,1FMYU22X5XUB,1,F,M,Y,U,2,2,X,5,X,U,B,0,0,0,000000000,00000000000,0,0,0,1,0,0,0,0,0,0,0,998,0,1,5,98,6,2,30,0,0,0,1,48,75074,0,0,0,0,0,0,999,999,0,0,0,0,0,0,0,0,0,3,0,0,0,0,3,2,45,3,1,8,1,0,0,14,13,99,1,4,1,1,1
48,483009,1,1,1,31,10,12,0,8,0,1,0,93,3,85,881,85881,66,2005,1XKDDB9X55J1,1,X,K,D,D,B,9,X,5,5,J,1,1,1,57,97213,5797213,3,6,3,1,0,0,0,0,0,0,0,998,0,0,0,12,0,5,8,0,0,0,1,48,75884,6,1,6,0,3,3,999,999,1,0,0,0,0,1,2012,1,2012,0,0,0,0,0,5,5,35,1,1,8,1,3,3,11,80,1,1,1,13,0,0
48,483010,1,1,1,1,11,2,54,46,0,1,0,48,1,23,421,23421,15,2005,1GKEC16Z75R1,1,G,K,E,C,1,6,Z,7,5,R,1,0,0,0,000000000,00000000000,0,0,0,1,0,0,0,0,0,0,0,998,0,0,0,12,6,2,46,0,0,1,1,48,78164,6,1,0,0,3,0,999,999,0,0,0,0,0,0,0,0,0,0,0,0,0,0,5,5,55,1,1,8,1,65,3,1,12,99,1,4,6,1,0
48,483011,1,1,2,9,11,0,40,10,0,1,0,48,2,49,472,49472,30,2003,5TEGN92N33Z3,5,T,E,G,N,9,2,N,3,3,Z,3,0,0,0,000000000,00000000000,0,0,0,1,0,0,0,0,0,0,0,998,0,0,0,9,4,3,10,0,0,0,1,48,77301,1,1,0,0,2,0,999,999,0,9,1,0,0,12,2011,5,2014,0,39,0,0,0,1,2,50,1,1,8,1,65,3,1,90,99,1,1,15,1,1
48,483012,1,1,1,14,11,3,10,30,0,1,0,48,2,35,47,35047,4,2012,1N4AL2APXCN5,1,N,4,A,L,2,A,P,X,C,N,5,0,0,0,000000000,00000000000,0,0,0,1,0,0,0,0,0,0,0,998,0,0,0,12,4,3,30,0,0,0,1,48,77340,1,1,0,0,2,0,999,999,0,3,0,0,0,11,2012,5,2013,0,0,0,0,0,1,2,30,2,1,8,1,0,0,14,13,99,1,4,1,1,1
48,483013,1,1,1,19,11,18,54,8,0,1,0,48,1,35,47,35047,4,2005,1N4AL11D35N4,1,N,4,A,L,1,1,D,3,5,N,4,0,0,0,000000000,00000000000,0,0,0,1,0,0,0,0,0,0,0,998,0,0,0,12,4,3,8,0,0,0,1,48,76708,6,1,0,0,3,3,999,999,0,0,0,0,0,0,0,0,0,0,0,0,0,0,2,2,60,1,1,8,1,0,0,1,80,99,1,1,13,0,0
48,483014,1,1,1,20,11,2,6,33,0,1,0,48,0,72,706,72706,80,1994,1HD1DPL14RY5,1,H,D,1,D,P,L,1,4,R,Y,5,0,0,0,000000000,00000000000,0,0,0,1,0,0,0,0,0,0,0,998,0,0,0,12,4,3,59,0,0,0,1,48,75070,6,1,0,0,2,3,999,999,0,1,0,0,0,11,2012,11,2012,5,0,0,0,0,4,3,55,1,1,8,1,0,0,1,12,3,2,4,6,1,1
48,483015,1,1,2,21,11,19,35,1,0,1,0,48,2,7,482,7482,31,2004,3D3KU28C34G1,3,D,3,K,U,2,8,C,3,4,G,1,0,0,0,000000000,00000000000,0,0,0,1,0,0,0,0,0,0,0,998,0,9,5,0,6,2,1,0,0,0,1,48,78654,6,1,0,0,3,0,999,999,0,0,0,0,2,11,2012,10,2014,4,58,0,0,0,1,2,70,3,1,8,2,0,0,14,6,6,3,4,7,1,1
48,483016,1,2,1,24,11,6,49,12,6,1,0,48,2,12,481,12481,31,2007,1FTRX12W57NA,1,F,T,R,X,1,2,W,5,7,N,A,0,0,0,000000000,00000000000,0,0,0,1,0,0,0,0,0,0,0,998,0,0,0,62,6,2,12,0,0,1,1,48,79849,6,1,0,0,3,3,999,999,0,0,0,0,0,0,0,0,0,0,99,99,99,99,2,2,80,1,1,8,1,0,0,1,13,6,5,4,98,1,0
48,483016,2,2,2,24,11,6,49,12,6,1,0,5,3,85,884,85884,66,2013,1XKDP4EX5DJ3,1,X,K,D,P,4,E,X,5,D,J,3,1,3,57,1554711,571554711,3,6,3,1,0,0,0,0,0,0,0,998,0,0,0,12,4,3,12,0,0,0,1,48,75050,6,1,6,0,3,0,999,999,0,0,0,1,0,5,2014,5,2014,0,0,0,0,0,2,2,80,1,1,8,1,0,0,1,64,99,1,1,98,0,0
48,483017,1,1,2,25,11,19,15,8,0,1,1,48,9,12,17,12017,4,1999,1FAFP53S4XG1,1,F,A,F,P,5,3,S,4,X,G,1,0,0,0,000000000,00000000000,0,0,0,1,0,0,0,0,0,0,0,998,0,0,0,11,4,3,8,0,0,0,1,99,99999,9,9,99,9,9,9,999,999,99,99,99,99,99,99,9999,99,9999,0,0,0,0,0,5,5,55,1,1,2,1,0,0,1,80,99,1,1,13,0,0
48,483018,1,1,1,26,11,3,17,52,0,1,0,48,1,72,706,72706,80,2014,1HD1KRM11EB6,1,H,D,1,K,R,M,1,1,E,B,6,0,0,0,000000000,00000000000,0,0,0,1,0,0,0,0,0,0,0,998,0,0,0,98,8,2,52,0,0,0,1,48,76904,6,1,0,0,3,0,999,999,1,1,0,2,0,12,2011,10,2014,3,0,0,0,0,3,2,65,3,1,8,1,0,0,14,12,99,1,4,6,1,0
48,483019,1,1,1,5,12,0,38,25,0,1,0,4,1,9,20,9020,4,1999,3P3ES47CXXT2,3,P,3,E,S,4,7,C,X,X,T,2,0,0,0,000000000,00000000000,0,0,0,1,0,0,0,0,0,0,0,998,0,0,0,12,6,2,25,0,0,1,1,4,86440,6,1,0,0,3,0,64,120,0,0,0,0,0,0,0,0,0,4,0,0,0,0,3,2,65,3,1,1,1,3,3,14,13,99,1,4,1,1,0
48,483020,1,1,1,5,12,19,47,8,0,1,1,99,9,99,999,99999,99,9999,999999999999,9,9,9,9,9,9,9,9,9,9,9,9,0,0,0,000000000,00000000000,0,0,0,1,0,0,0,0,0,0,0,998,0,0,0,99,9,5,8,0,0,0,1,99,99999,9,9,99,9,9,9,999,999,99,99,99,99,99,99,9999,99,9999,5,99,99,99,99,3,3,40,1,1,8,1,0,0,1,80,99,1,1,13,0,0
48,483021,1,1,2,6,12,2,7,8,0,1,0,48,2,20,461,20461,21,2001,1GBFG15R0112,1,G,B,F,G,1,5,R,0,1,1,2,0,0,0,000000000,00000000000,0,0,0,1,0,0,0,0,0,0,0,998,0,0,0,12,4,5,8,0,0,0,1,48,78404,1,1,0,0,2,0,999,999,0,4,0,0,0,12,2011,3,2014,0,0,0,0,0,2,2,55,1,1,8,1,0,0,1,80,99,1,1,13,0,0
48,483022,1,2,2,6,12,23,54,12,6,1,0,48,2,7,482,7482,31,2014,3C6UR5NLXEG2,3,C,6,U,R,5,N,L,X,E,G,2,0,0,0,000000000,00000000000,0,0,0,1,0,0,0,0,0,0,0,998,0,0,0,12,4,3,12,0,0,0,1,48,76904,6,1,0,0,3,3,999,999,0,0,0,0,0,0,0,0,0,0,91,38,0,0,1,9,40,1,1,8,1,3,3,11,15,99,1,1,68,0,1
48,483022,2,2,1,6,12,23,54,12,6,1,0,48,2,37,31,37031,4,1999,1HGEJ6670XL0,1,H,G,E,J,6,6,7,0,X,L,0,0,0,0,000000000,00000000000,0,0,0,1,0,0,0,0,0,0,0,998,0,0,0,9,6,2,12,0,0,0,1,48,76903,6,1,0,0,3,0,999,999,0,0,0,1,0,8,2014,8,2014,3,0,0,0,0,1,9,40,1,1,8,1,3,3,1,62,7,1,2,69,1,0
48,483023,1,1,1,7,12,0,55,42,0,1,0,48,0,20,481,20481,31,2010,3GCRCSE07AG2,3,G,C,R,C,S,E,0,7,A,G,2,0,0,0,000000000,00000000000,0,0,0,1,0,0,0,0,0,0,0,998,0,1,5,12,6,2,42,0,0,0,1,48,79379,6,1,6,0,3,0,999,999,0,0,0,0,0,0,0,0,0,3,0,0,0,0,1,2,75,1,1,8,1,0,0,1,12,99,1,4,6,1,1
48,483024,1,1,1,8,12,17,34,8,0,1,0,35,2,20,431,20431,16,1999,1GNFK16R9XJ4,1,G,N,F,K,1,6,R,9,X,J,4,0,0,0,000000000,00000000000,0,0,0,1,0,0,0,0,0,0,0,998,0,0,0,12,2,3,8,0,0,0,1,35,88008,6,1,0,0,3,0,64,116,98,0,0,0,0,0,0,0,0,0,0,0,0,0,2,2,40,1,1,8,1,0,0,1,80,99,1,1,13,0,0
48,483025,1,1,1,9,12,15,50,25,0,1,0,48,3,37,31,37031,2,2012,2HGFG4A51CH7,2,H,G,F,G,4,A,5,1,C,H,7,0,0,0,000000000,00000000000,0,0,0,1,0,0,0,0,0,0,0,998,0,1,1,12,4,3,25,0,0,0,1,48,77429,1,1,0,0,2,0,999,999,0,3,0,0,0,2,2013,2,2013,0,29,0,0,0,3,4,65,1,1,1,1,0,0,6,12,99,1,4,6,1,1
48,483026,1,1,1,11,12,22,15,38,0,1,0,48,3,85,884,85884,66,2013,1XKWD49X7DJ3,1,X,K,W,D,4,9,X,7,D,J,3,1,1,57,1414364,571414364,3,6,3,2,2,1977,2,2,0,0,0,998,0,1,6,12,6,2,38,0,0,0,1,48,78045,6,1,6,1,3,1,999,999,0,0,0,0,0,0,0,0,0,4,0,0,0,0,1,2,55,3,1,8,1,0,0,14,13,99,1,4,1,1,0
48,483027,1,2,1,11,12,12,5,12,6,1,0,48,1,12,3,12003,2,2014,1ZVBP8CF0E53,1,Z,V,B,P,8,C,F,0,E,5,3,0,0,0,000000000,00000000000,0,0,0,1,0,0,0,0,0,0,0,998,0,0,0,12,4,3,12,0,0,0,1,48,79761,6,1,0,0,3,3,999,999,1,1,0,0,1,7,2012,6,2013,2,0,0,0,0,5,7,45,1,1,8,1,0,0,1,62,99,1,1,69,1,0
48,483027,2,2,1,11,12,12,5,12,6,1,0,48,2,12,422,12422,15,2012,1FMJU1H56CEF,1,F,M,J,U,1,H,5,6,C,E,F,0,0,0,000000000,00000000000,0,0,0,1,0,0,0,0,0,0,0,998,0,0,0,82,4,3,12,0,0,0,1,48,79088,6,1,0,0,3,0,999,999,0,0,0,0,0,0,0,0,0,0,0,0,0,0,5,7,45,1,1,8,1,0,0,11,15,99,1,1,68,0,0
48,483028,1,2,1,11,12,7,3,12,6,1,0,48,2,37,32,37032,4,2001,1HGCG56631A1,1,H,G,C,G,5,6,6,3,1,A,1,0,0,0,000000000,00000000000,0,0,0,1,0,0,0,0,0,0,0,998,0,0,0,81,6,2,12,0,0,0,1,48,76244,6,1,0,0,3,0,71,200,0,0,0,0,0,0,0,0,0,0,38,0,0,0,1,2,98,1,1,8,1,0,0,1,17,99,1,1,87,1,0
48,483028,2,2,1,11,12,7,3,12,6,1,0,48,1,20,421,20421,15,2008,1GNFC13028R2,1,G,N,F,C,1,3,0,2,8,R,2,0,0,0,000000000,00000000000,0,0,0,1,0,0,0,0,0,0,0,998,0,1,1,12,6,2,12,0,0,0,1,48,75165,6,1,0,0,3,0,999,999,0,0,0,0,0,0,0,0,0,0,0,0,0,0,2,2,60,1,1,8,1,0,0,1,66,99,1,1,86,0,0
48,483029,1,4,1,11,12,15,51,12,1,1,0,48,1,23,481,23481,31,2013,3GTP2VE78DG1,3,G,T,P,2,V,E,7,8,D,G,1,0,0,0,000000000,00000000000,0,0,0,1,0,0,0,0,0,0,0,998,0,0,0,12,6,2,12,0,0,0,1,48,78584,6,1,0,0,3,0,999,999,2,2,0,0,0,11,2012,11,2014,5,91,28,39,0,2,2,45,1,1,8,1,3,3,1,51,99,1,1,24,0,0
48,483029,2,4,1,11,12,15,51,12,1,1,0,48,1,12,24,12024,6,2009,2FMDK39C09BA,2,F,M,D,K,3,9,C,0,9,B,A,0,0,0,000000000,00000000000,0,0,0,1,0,0,0,0,0,0,0,998,0,0,0,12,6,2,12,0,0,0,1,48,78629,6,1,0,0,3,3,999,999,0,0,0,0,0,0,0,0,0,0,0,0,0,0,2,2,45,1,1,8,1,0,0,1,62,99,1,1,98,1,0
48,483029,3,4,2,11,12,15,51,12,1,1,0,48,2,12,481,12481,31,2010,1FTSW2BR9AEA,1,F,T,S,W,2,B,R,9,A,E,A,0,0,0,000000000,00000000000,0,0,0,1,0,0,0,0,0,0,0,998,0,0,0,6,4,8,12,0,0,0,1,48,78073,6,1,0,0,3,0,999,999,0,0,0,0,0,0,0,0,0,0,0,0,0,0,2,2,45,1,1,8,1,3,3,1,53,1,1,1,25,0,0
48,483029,4,4,1,11,12,15,51,12,1,1,0,48,1,20,481,20481,31,2008,3GCEK13J98G2,3,G,C,E,K,1,3,J,9,8,G,2,0,0,0,000000000,00000000000,0,0,0,1,0,0,0,0,0,0,0,998,0,0,0,3,8,8,12,0,0,0,1,48,78959,6,1,0,0,3,3,999,999,0,0,0,0,0,0,0,0,0,0,0,0,0,0,2,2,45,1,1,8,1,0,0,1,53,99,1,1,98,0,0
48,483030,1,2,1,11,12,4,24,12,2,1,0,48,1,49,40,49040,4,2004,4T1BE32K44U2,4,T,1,B,E,3,2,K,4,4,U,2,0,0,0,000000000,00000000000,0,0,0,1,0,0,0,0,0,0,0,998,0,0,0,12,4,3,12,0,0,0,1,48,78410,6,1,0,0,3,3,999,999,0,0,0,0,0,0,0,0,0,0,51,0,0,0,3,3,65,1,1,8,1,0,0,12,54,99,1,1,98,0,1
48,483030,2,2,1,11,12,4,24,12,2,1,0,48,1,12,32,12032,4,2015,3FADP4AJ3FM1,3,F,A,D,P,4,A,J,3,F,M,1,0,0,0,000000000,00000000000,0,0,0,1,0,0,0,0,0,0,0,998,0,0,0,12,4,3,12,0,0,0,1,48,78418,6,1,0,0,3,3,999,999,0,0,0,0,0,0,0,0,0,0,0,0,0,0,3,3,65,1,1,8,1,0,0,1,54,99,1,1,98,1,0
48,483031,1,1,2,12,12,23,45,1,0,1,0,48,1,37,31,37031,2,2009,2HGFG12609H5,2,H,G,F,G,1,2,6,0,9,H,5,0,0,0,000000000,00000000000,0,0,0,1,0,0,0,0,0,0,0,70,0,2,4,0,4,3,1,0,0,0,1,48,75208,6,1,0,0,3,0,73,192,0,0,0,1,0,9,2013,9,2013,3,48,0,0,0,3,3,60,1,1,8,1,0,0,1,51,6,3,4,3,1,0
48,483032,1,1,2,13,12,2,22,8,0,1,0,48,0,38,421,38421,15,2006,4NUDS13S6627,4,N,U,D,S,1,3,S,6,6,2,7,0,0,0,000000000,00000000000,0,0,0,1,0,0,0,0,0,0,0,998,0,0,0,12,2,3,8,0,0,0,1,48,78220,6,1,0,0,3,0,999,999,0,0,0,0,0,0,0,0,0,0,91,0,0,0,4,3,40,1,1,1,1,0,0,1,80,99,1,1,13,0,1
48,483033,1,2,1,13,12,19,0,12,6,1,0,48,2,82,881,82881,66,1999,1FUYSXYBXXPA,1,F,U,Y,S,X,Y,B,X,X,P,A,1,1,57,2065004,572065004,3,6,4,1,0,0,0,0,0,0,0,998,0,0,0,12,4,3,12,0,0,0,1,48,76014,6,1,6,0,3,0,999,999,0,0,0,0,1,7,2013,7,2013,0,0,0,0,0,6,2,65,2,1,8,1,0,0,14,64,99,1,1,74,0,0
48,483033,2,2,3,13,12,19,0,12,6,1,0,48,2,24,7,24007,4,2006,1G8AL55F06Z1,1,G,8,A,L,5,5,F,0,6,Z,1,0,0,0,000000000,00000000000,0,0,0,1,0,0,0,0,0,0,0,998,0,0,0,9,4,3,12,0,0,0,1,5,72206,6,1,0,0,3,0,66,140,0,0,0,0,0,0,0,0,0,0,27,0,0,0,3,3,65,2,1,8,1,0,0,15,13,99,3,4,74,1,0
48,483034,1,1,2,13,12,1,50,32,0,1,0,48,2,53,41,53041,4,2011,JS2RF9A30B61,J,S,2,R,F,9,A,3,0,B,6,1,0,0,0,000000000,00000000000,0,0,0,1,0,0,0,0,0,0,0,998,0,0,0,12,6,2,32,0,0,1,1,29,77042,2,1,0,0,2,0,71,200,0,5,0,1,1,8,2012,12,2013,0,0,0,0,0,1,2,45,1,1,8,1,0,0,1,13,1,1,4,1,1,0
48,483035,1,1,1,14,12,6,49,1,0,1,0,48,3,63,34,63034,4,2015,KNAFX4A64F53,K,N,A,F,X,4,A,6,4,F,5,3,0,0,0,000000000,00000000000,0,0,0,1,0,0,0,0,0,0,0,998,0,9,1,0,6,2,1,0,0,0,1,48,77505,6,1,0,0,3,0,999,999,0,0,0,0,0,0,0,0,0,0,99,99,99,99,3,4,45,1,1,8,1,0,0,1,9,99,9,3,98,1,1
48,483036,1,1,99,14,12,0,10,8,0,1,1,99,9,99,999,99999,99,9999,999999999999,9,9,9,9,9,9,9,9,9,9,9,9,1,1,99,999999999,99999999999,9,99,99,1,0,0,0,0,99,99,9,999,0,0,0,99,9,5,8,99,99,0,1,99,99999,9,9,99,9,9,9,999,999,99,99,99,99,99,99,9999,99,9999,9,99,99,99,99,1,2,75,1,1,8,1,0,0,1,80,99,9,9,13,0,0
48,483037,1,1,5,15,12,8,49,32,0,1,0,48,2,12,422,12422,15,2003,1FMRU17W03LA,1,F,M,R,U,1,7,W,0,3,L,A,0,0,0,000000000,00000000000,0,0,0,1,0,0,0,0,0,0,0,998,0,1,5,98,4,3,32,0,0,0,1,48,78839,6,1,6,0,3,0,999,999,0,0,0,0,0,0,0,0,0,0,0,0,0,0,1,3,75,1,1,8,2,0,0,1,87,7,9,4,3,1,0
48,483038,1,1,3,16,12,14,24,1,0,1,0,35,2,12,3,12003,2,2001,1FAFP42X61F2,1,F,A,F,P,4,2,X,6,1,F,2,0,0,0,000000000,00000000000,0,0,0,1,0,0,0,0,0,0,0,120,0,2,5,0,4,3,1,0,0,0,1,48,79323,6,1,0,0,3,0,999,999,0,0,0,0,0,0,0,0,0,3,0,0,0,0,1,2,65,1,1,8,1,0,0,1,98,9,4,4,7,1,0
48,483039,1,2,1,15,12,15,24,12,6,1,0,48,2,22,20,22020,4,2007,2G2WP5526711,2,G,2,W,P,5,5,2,6,7,1,1,0,0,0,000000000,00000000000,0,0,0,1,0,0,0,0,0,0,0,998,0,0,0,3,6,2,12,0,0,0,1,48,76033,1,1,0,0,2,0,999,999,0,12,0,0,0,12,2011,12,2014,0,48,0,0,0,1,2,60,1,1,8,1,0,0,11,10,99,1,2,68,1,0
48,483039,2,2,1,15,12,15,24,12,6,1,0,48,3,82,881,82881,66,1995,1FUYDSYB4SP8,1,F,U,Y,D,S,Y,B,4,S,P,8,1,1,57,1845694,571845694,3,6,4,1,0,0,0,0,0,0,0,998,0,0,0,12,4,3,12,0,0,0,1,48,76244,6,1,6,0,3,3,999,999,0,0,0,2,0,2,2013,6,2013,0,48,0,0,0,1,2,60,1,1,8,1,0,0,1,62,99,1,1,69,0,0