STATE,ST_CASE,VEH_NO,VE_FORMS,NUMOCCS,DAY,MONTH,HOUR,MINUTE,HARM_EV,MAN_COLL,UNITTYPE,HIT_RUN,REG_STAT,OWNER,MAKE,MODEL,MAK_MOD,BODY_TYP,MOD_YEAR,VIN,VIN_1,VIN_2,VIN_3,VIN_4,VIN_5,VIN_6,VIN_7,VIN_8,VIN_9,VIN_10,VIN_11,VIN_12,TOW_VEH,J_KNIFE,MCARR_I1,MCARR_I2,MCARR_ID,GVWR,V_CONFIG,CARGO_BT,HAZ_INV,HAZ_PLAC,HAZ_ID,HAZ_CNO,HAZ_REL,BUS_USE,SPEC_USE,EMER_USE,TRAV_SP,UNDERIDE,ROLLOVER,ROLINLOC,IMPACT1,DEFORMED,TOWED,M_HARM,VEH_SC1,VEH_SC2,FIRE_EXP,DR_PRES,L_STATE,DR_ZIP,L_STATUS,L_TYPE,CDL_STAT,L_ENDORS,L_COMPL,L_RESTRI,DR_HGT,DR_WGT,PREV_ACC,PREV_SUS,PREV_DWI,PREV_SPD,PREV_OTH,FIRST_MO,FIRST_YR,LAST_MO,LAST_YR,SPEEDREL,DR_SF1,DR_SF2,DR_SF3,DR_SF4,VTRAFWAY,VNUM_LAN,VSPD_LIM,VALIGN,VPROFILE,VPAVETYP,VSURCOND,VTRAFCON,VTCONT_F,P_CRASH1,P_CRASH2,P_CRASH3,PCRASH4,PCRASH5,ACC_TYPE,DEATHS,DR_DRINK
48,483040,1,1,1,17,12,17,55,38,0,1,0,48,2,18,2,18002,4,1997,1G4HR52K3VH5,1,G,4,H,R,5,2,K,3,V,H,5,0,0,0,000000000,00000000000,0,0,0,1,0,0,0,0,0,0,0,998,0,1,6,98,4,3,1,0,0,0,1,48,76067,1,1,3,0,2,0,999,999,0,7,0,0,0,12,2013,11,2014,4,0,0,0,0,1,2,60,1,1,8,2,0,0,1,13,6,4,4,7,1,1
48,483041,1,2,1,17,12,9,50,12,2,1,0,48,1,34,34,34034,4,1999,WBAAM5336XFR,W,B,A,A,M,5,3,3,6,X,F,R,0,0,0,000000000,00000000000,0,0,0,1,0,0,0,0,0,0,0,998,0,0,0,12,6,2,12,0,0,0,1,48,75092,6,1,0,0,3,0,999,999,0,0,0,0,0,0,0,0,0,0,28,4,51,0,1,2,70,1,1,8,1,0,0,1,10,99,1,2,50,1,0
48,483041,2,2,3,17,12,9,50,12,2,1,0,48,2,20,421,20421,15,2001,1GNEC13T71J1,1,G,N,E,C,1,3,T,7,1,J,1,0,0,0,000000000,00000000000,0,0,0,1,0,0,0,0,0,0,0,998,0,0,0,12,6,2,12,0,0,0,1,48,75438,6,1,0,0,3,3,999,999,0,0,0,1,0,9,2013,9,2013,0,0,0,0,0,1,2,70,1,1,8,1,0,0,1,62,1,1,1,51,0,0
48,483042,1,3,1,17,12,7,36,12,8,1,0,48,2,7,482,7482,31,2012,3C7WDTCL2CG2,3,C,7,W,D,T,C,L,2,C,G,2,0,0,0,000000000,00000000000,0,0,0,1,0,0,0,0,0,0,0,998,0,0,0,61,2,3,12,0,0,0,1,48,79360,6,1,0,0,3,0,999,999,0,0,0,0,0,0,0,0,0,0,35,0,0,0,1,2,75,1,1,8,1,0,0,6,64,6,1,2,64,0,0
48,483042,2,3,1,17,12,7,36,12,8,1,0,48,1,12,402,12402,14,2010,1FMCU0D79AKD,1,F,M,C,U,0,D,7,9,A,K,D,0,0,0,000000000,00000000000,0,0,0,1,0,0,0,0,0,0,0,998,0,0,0,61,6,2,12,0,0,0,1,48,79323,6,1,0,0,3,0,999,999,0,0,0,0,0,0,0,0,0,0,0,0,0,0,1,2,75,1,1,8,1,0,0,1,62,99,1,1,65,1,0
48,483042,3,3,1,17,12,7,36,12,8,1,0,48,3,20,481,20481,31,2011,1GC2KXC87BZ4,1,G,C,2,K,X,C,8,7,B,Z,4,0,0,0,000000000,00000000000,0,0,0,1,0,0,0,0,0,0,0,998,0,0,0,12,4,3,12,0,0,0,1,48,79323,6,1,0,0,3,0,999,999,1,0,0,0,1,4,2012,5,2014,0,0,0,0,0,1,2,75,1,1,8,1,0,0,1,62,99,1,1,98,0,0
48,483043,1,1,3,17,12,14,5,42,0,1,0,40,1,35,39,35039,4,2006,1N4BA41E06C8,1,N,4,B,A,4,1,E,0,6,C,8,0,0,0,000000000,00000000000,0,0,0,1,0,0,0,0,0,0,0,998,0,0,0,12,4,3,42,0,0,0,1,40,74745,6,1,0,0,3,3,63,118,0,0,0,0,0,0,0,0,0,0,0,0,0,0,1,2,60,2,1,8,1,0,0,14,12,1,1,4,6,1,0
48,483044,1,1,1,18,12,10,10,42,0,1,0,48,1,6,421,6421,15,2007,1A8HX582X7F5,1,A,8,H,X,5,8,2,X,7,F,5,0,0,0,000000000,00000000000,0,0,0,1,0,0,0,0,0,0,0,998,0,0,0,12,6,2,42,0,0,0,1,48,75833,6,1,0,0,3,3,999,999,0,0,0,0,0,0,0,0,0,0,0,0,0,0,1,2,45,1,2,8,1,0,0,1,12,99,1,4,1,1,0
48,483045,1,2,1,18,12,8,13,12,6,1,0,48,3,7,482,7482,31,2005,3D7KR28C25G8,3,D,7,K,R,2,8,C,2,5,G,8,2,1,88,888888888,88888888888,2,4,98,1,0,0,0,0,0,0,0,998,0,0,0,1,4,3,12,0,0,0,1,48,76462,6,1,6,0,3,3,999,999,0,0,0,0,0,0,0,0,0,5,28,51,0,0,1,3,75,1,3,8,2,0,0,1,10,99,1,2,64,0,0
48,483045,2,2,1,18,12,8,13,12,6,1,0,48,2,35,50,35050,4,2014,3N1CN7AP0EL8,3,N,1,C,N,7,A,P,0,E,L,8,0,0,0,000000000,00000000000,0,0,0,1,0,0,0,0,0,0,0,998,0,0,0,12,6,2,12,0,0,0,1,48,76449,6,1,0,0,3,0,62,235,0,0,0,0,0,0,0,0,0,0,0,0,0,0,1,3,75,1,3,8,2,0,0,1,62,99,1,1,65,1,0
48,483046,1,1,99,19,12,6,55,8,0,1,1,99,9,99,999,99999,99,9999,999999999999,9,9,9,9,9,9,9,9,9,9,9,9,0,0,99,999999999,99999999999,9,99,99,1,0,0,0,0,99,99,9,999,0,0,0,12,9,5,8,99,99,0,1,99,99999,9,9,99,9,9,9,999,999,99,99,99,99,99,99,9999,99,9999,4,27,0,0,0,2,3,35,1,1,8,2,0,0,15,80,99,1,2,13,0,0
48,483047,1,2,1,19,12,15,20,12,2,1,0,48,2,82,881,82881,66,1997,1FUPCSEB2VP8,1,F,U,P,C,S,E,B,2,V,P,8,1,1,57,1939744,571939744,3,6,8,1,0,0,0,0,0,0,0,998,0,1,5,12,6,2,12,0,0,0,1,48,76884,1,1,6,0,2,1,999,999,0,3,0,1,0,8,2012,9,2014,0,0,0,0,0,1,2,60,3,1,8,1,0,0,14,62,7,1,1,51,0,0
48,483047,2,2,2,19,12,15,20,12,2,1,0,48,3,49,40,49040,4,2014,4T1BF1FKXEU4,4,T,1,B,F,1,F,K,X,E,U,4,0,0,0,000000000,00000000000,0,0,0,1,0,0,0,0,0,0,0,998,0,0,0,12,6,2,12,0,0,0,1,48,78408,6,1,0,0,3,3,999,999,1,0,0,0,0,4,2012,4,2012,0,28,51,0,0,1,2,60,2,1,8,1,0,0,14,10,99,1,2,50,1,0
48,483048,1,2,4,20,12,1,5,12,6,1,0,48,1,35,53,35053,2,2014,JN1AR5EF1EM2,J,N,1,A,R,5,E,F,1,E,M,2,0,0,0,000000000,00000000000,0,0,0,1,0,0,0,0,0,0,0,99,0,0,0,12,6,2,12,0,0,0,1,48,75222,6,1,0,0,3,0,999,999,0,0,0,0,0,0,0,0,0,3,39,0,0,0,3,4,40,1,1,8,1,3,3,15,17,99,1,1,88,0,1
48,483048,2,2,2,20,12,1,5,12,6,1,0,48,2,42,48,42048,4,2008,WDBUF56X98B2,W,D,B,U,F,5,6,X,9,8,B,2,0,0,0,000000000,00000000000,0,0,0,1,0,0,0,0,0,0,0,998,0,0,0,9,6,2,12,0,0,0,1,48,75233,6,2,0,0,3,3,66,168,0,0,0,0,0,0,0,0,0,0,0,0,0,0,8,4,40,3,8,8,98,3,3,14,66,99,1,1,89,1,0
48,483049,1,2,1,20,12,12,5,12,1,1,0,93,3,86,881,86881,66,2013,1M1AX09Y0DM0,1,M,1,A,X,0,9,Y,0,D,M,0,1,1,57,1854486,571854486,3,6,2,1,0,0,0,0,0,0,0,998,0,0,0,6,4,5,12,0,0,0,1,48,79070,6,1,6,1,3,3,999,999,1,0,0,0,0,9,2012,9,2012,0,0,0,0,0,1,3,75,1,2,8,1,0,0,11,53,99,1,1,26,0,0
48,483049,2,2,3,20,12,12,5,12,1,1,0,48,2,23,402,23402,14,2010,2CTALFEW0A63,2,C,T,A,L,F,E,W,0,A,6,3,0,0,0,000000000,00000000000,0,0,0,1,0,0,0,0,0,0,0,998,0,0,0,12,6,2,12,0,0,0,1,48,79081,6,1,0,0,3,0,999,999,0,0,0,0,0,0,0,0,0,5,0,0,0,0,1,3,75,1,2,8,1,0,0,1,52,99,1,1,24,1,0
48,483050,1,1,1,20,12,5,41,53,0,1,0,48,2,12,481,12481,31,2007,1FTRW12W87KC,1,F,T,R,W,1,2,W,8,7,K,C,0,0,0,000000000,00000000000,0,0,0,1,0,0,0,0,0,0,0,998,0,1,5,12,6,2,1,0,0,0,1,48,77856,6,1,0,0,3,0,999,999,0,3,0,1,1,6,2012,9,2014,0,0,0,0,0,1,2,70,3,2,8,1,0,0,14,13,99,4,4,1,1,1
48,483051,1,1,1,20,12,16,47,42,0,1,0,48,2,18,7,18007,4,2002,2G4WS52J8211,2,G,4,W,S,5,2,J,8,2,1,1,0,0,0,000000000,00000000000,0,0,0,1,0,0,0,0,0,0,0,998,0,0,0,9,6,2,42,0,0,0,1,48,75771,6,1,0,0,3,0,999,999,1,5,0,6,3,5,2012,12,2014,4,58,0,0,0,1,2,55,3,3,8,1,0,0,14,6,7,3,4,2,1,0
48,483052,1,1,2,20,12,0,20,25,0,1,0,48,0,20,481,20481,31,2000,2GCEC19T1Y12,2,G,C,E,C,1,9,T,1,Y,1,2,0,0,0,000000000,00000000000,0,0,0,1,0,0,0,0,0,0,0,998,0,1,3,11,6,2,1,0,0,0,1,48,76001,6,1,0,0,3,0,999,999,0,0,0,0,0,0,0,0,0,5,0,0,0,0,3,3,60,1,1,8,1,0,0,1,12,99,1,4,6,1,1
48,483053,1,1,4,20,12,6,20,1,0,1,0,48,2,20,421,20421,15,1998,1GNCS13W3W21,1,G,N,C,S,1,3,W,3,W,2,1,0,0,0,000000000,00000000000,0,0,0,1,0,0,0,0,0,0,0,998,0,2,5,0,4,3,1,0,0,0,1,48,76537,0,0,0,0,0,0,999,999,0,0,0,0,0,0,0,0,0,4,0,0,0,0,4,3,65,3,1,8,1,0,0,6,98,7,4,4,2,2,0
48,483054,1,2,5,21,12,13,42,12,6,1,0,48,2,7,472,7472,30,1993,1B7FL23X6PS2,1,B,7,F,L,2,3,X,6,P,S,2,0,0,0,000000000,00000000000,0,0,0,1,0,0,0,0,0,0,0,998,0,1,3,61,6,2,1,0,0,0,1,48,78251,6,1,0,0,3,0,999,999,0,0,0,0,0,0,0,0,0,0,27,0,0,0,3,2,75,1,1,8,1,0,0,15,10,99,1,2,48,2,0
48,483054,2,2,2,21,12,13,42,12,6,1,0,48,2,37,31,37031,2,2005,1HGEM22925L0,1,H,G,E,M,2,2,9,2,5,L,0,0,0,0,000000000,00000000000,0,0,0,1,0,0,0,0,0,0,0,998,0,0,0,12,2,3,12,0,0,0,1,48,78501,6,1,0,0,3,0,999,999,0,0,0,0,0,0,0,0,0,0,58,0,0,0,3,2,75,1,1,8,1,0,0,1,61,6,1,6,48,0,0
48,483055,1,1,1,21,12,14,30,1,0,1,0,48,0,34,34,34034,2,1998,WBABF7320WEH,W,B,A,B,F,7,3,2,0,W,E,H,0,0,0,000000000,00000000000,0,0,0,1,0,0,0,0,0,0,0,998,0,2,1,0,4,3,1,0,0,0,1,48,78263,6,1,0,0,3,0,999,999,0,0,0,0,0,0,0,0,0,0,99,99,99,99,1,2,40,1,1,8,1,0,0,1,10,99,9,2,98,1,0
48,483056,1,2,1,21,12,2,16,25,0,1,0,48,2,49,40,49040,4,2003,4T1BE32K93U1,4,T,1,B,E,3,2,K,9,3,U,1,0,0,0,000000000,00000000000,0,0,0,1,0,0,0,0,0,0,0,998,0,0,0,61,6,2,25,0,0,0,1,48,77091,6,1,0,0,3,0,999,999,0,0,0,0,0,0,0,0,0,0,0,0,0,0,3,3,60,1,3,8,1,0,0,1,12,99,1,4,6,1,1
48,483056,2,2,1,21,12,2,16,25,0,1,0,48,2,49,32,49032,4,2009,1NXBU40E09Z1,1,N,X,B,U,4,0,E,0,9,Z,1,0,0,0,000000000,00000000000,0,0,0,1,0,0,0,0,0,0,0,998,0,0,0,9,4,3,54,0,0,0,1,48,77375,6,1,0,0,3,3,999,999,0,0,0,0,0,0,0,0,0,0,0,0,0,0,3,2,60,1,3,8,1,0,0,1,64,99,1,1,98,1,0
48,483058,1,1,1,21,12,2,20,53,0,1,0,48,1,20,481,20481,31,2000,1GCGC33J4YF4,1,G,C,G,C,3,3,J,4,Y,F,4,0,0,0,000000000,00000000000,0,0,0,1,0,0,0,0,0,0,0,998,0,0,0,12,4,3,42,0,0,0,1,48,77303,6,1,6,0,3,0,999,999,1,0,0,0,0,10,2013,10,2013,4,0,0,0,0,1,2,40,2,1,8,1,0,0,14,12,99,1,4,6,1,1
48,483059,1,2,1,21,12,17,8,12,2,1,0,93,3,86,881,86881,66,2015,1M1AN07Y8FM0,1,M,1,A,N,0,7,Y,8,F,M,0,1,3,57,1184736,571184736,3,6,2,1,0,0,0,0,0,0,0,998,0,0,0,12,4,3,12,0,0,0,1,48,76951,6,1,6,1,3,0,999,999,0,0,0,0,0,0,0,0,0,0,0,0,0,0,1,2,75,1,1,8,1,0,0,1,62,99,1,1,51,0,0
48,483059,2,2,1,21,12,17,8,12,2,1,0,48,1,12,481,12481,31,2012,1FTFW1R63CFC,1,F,T,F,W,1,R,6,3,C,F,C,0,0,0,000000000,00000000000,0,0,0,1,0,0,0,0,0,0,0,998,0,1,5,12,6,2,12,0,0,0,1,48,78704,6,1,0,0,3,0,999,999,0,0,0,0,0,0,0,0,0,0,28,0,0,0,1,2,75,1,1,8,1,0,0,1,10,99,1,2,50,1,0
48,483060,1,1,2,21,12,4,25,1,0,1,0,48,1,23,401,23401,14,1999,1GKCS13W1X25,1,G,K,C,S,1,3,W,1,X,2,5,0,0,0,000000000,00000000000,0,0,0,1,0,0,0,0,0,0,0,998,0,2,1,0,6,2,1,0,0,0,1,48,77833,6,1,0,0,3,0,999,999,0,0,0,0,0,0,0,0,0,4,58,0,0,0,1,2,35,3,1,8,1,0,0,14,13,6,4,6,98,1,1
48,483061,1,3,1,22,12,21,14,12,1,1,0,48,0,23,431,23431,16,1991,1GKER16K9MF5,1,G,K,E,R,1,6,K,9,M,F,5,0,0,0,000000000,00000000000,0,0,0,1,0,0,0,0,0,0,0,998,0,0,0,12,6,2,2,0,0,1,1,48,75417,6,1,0,0,3,3,999,999,0,0,0,0,0,0,0,0,0,5,0,0,0,0,3,4,60,1,3,8,1,0,0,1,50,1,1,1,20,0,0
48,483061,2,3,3,22,12,21,14,12,1,1,0,29,1,12,402,12402,14,2011,1FMCU0D70BKA,1,F,M,C,U,0,D,7,0,B,K,A,0,0,0,000000000,00000000000,0,0,0,1,0,0,0,0,0,0,0,0,0,0,0,6,6,2,2,0,0,1,1,29,63701,6,1,0,0,3,3,66,140,0,0,0,0,0,0,0,0,0,0,0,0,0,0,3,4,60,1,3,8,1,0,0,5,53,1,1,1,21,2,0
48,483061,3,3,2,22,12,21,14,12,1,1,0,39,2,51,881,51881,66,2015,4V4NC9EG3FN1,4,V,4,N,C,9,E,G,3,F,N,1,1,1,57,908743,57908743,3,6,1,1,0,0,0,0,0,0,0,0,0,0,0,6,2,5,12,0,0,0,1,39,45856,6,1,6,0,3,0,71,210,0,0,0,0,0,0,0,0,0,0,0,0,0,0,3,4,60,1,3,8,1,0,0,5,53,1,1,1,98,0,0
48,483062,1,1,2,22,12,19,0,8,0,1,0,48,3,12,461,12461,21,2007,1FDSS34P47DA,1,F,D,S,S,3,4,P,4,7,D,A,0,0,0,000000000,00000000000,0,0,0,1,0,0,0,0,0,0,0,998,0,0,0,12,2,5,8,0,0,0,1,48,75089,6,1,0,0,3,3,999,999,1,0,0,0,0,4,2014,4,2014,0,0,0,0,0,2,3,40,1,1,8,1,0,0,1,80,99,1,1,13,0,0
48,483063,1,2,1,22,12,23,49,12,2,1,0,48,2,6,51,6051,4,2011,2C3CA5CG8BH5,2,C,3,C,A,5,C,G,8,B,H,5,0,0,0,000000000,00000000000,0,0,0,1,0,0,0,0,0,0,0,998,0,0,0,12,6,2,12,0,0,0,1,48,77386,6,1,0,0,3,0,999,999,0,0,0,1,0,12,2014,12,2014,0,91,51,0,0,3,3,65,1,1,8,1,0,0,1,54,99,1,1,52,0,1
48,483063,2,2,1,22,12,23,49,12,2,1,0,48,2,20,16,20016,4,1996,1G1JC5246T72,1,G,1,J,C,5,2,4,6,T,7,2,0,0,0,000000000,00000000000,0,0,0,1,0,0,0,0,0,0,0,998,0,0,0,12,6,2,12,0,0,0,1,48,77701,6,1,0,0,3,3,999,999,0,0,0,1,0,9,2013,9,2013,0,0,0,0,0,3,3,65,1,1,8,1,0,0,1,54,99,1,1,52,1,0
48,483064,1,1,1,23,12,6,20,8,0,1,0,48,1,20,2,20002,4,2008,2G1WT58K3892,2,G,1,W,T,5,8,K,3,8,9,2,0,0,0,000000000,00000000000,0,0,0,1,0,0,0,0,0,0,0,998,0,0,0,12,2,5,8,0,0,0,1,48,75116,6,1,0,0,3,0,999,999,0,0,0,0,0,0,0,0,0,0,0,0,0,0,1,4,40,1,1,8,2,0,0,11,80,99,1,1,13,0,0
48,483065,1,2,3,23,12,17,40,12,6,1,0,22,2,12,481,12481,31,2011,1FTFX1CF0BFB,1,F,T,F,X,1,C,F,0,B,F,B,0,0,0,000000000,00000000000,0,0,0,1,0,0,0,0,0,0,0,998,0,0,0,12,4,3,12,0,0,0,1,48,77078,0,0,0,0,0,0,999,999,0,0,0,0,0,0,0,0,0,3,0,0,0,0,1,2,35,1,1,8,1,0,0,1,66,99,1,1,88,0,0
48,483065,2,2,1,23,12,17,40,12,6,1,0,48,1,49,401,49401,14,1997,JT3GN86R5V00,J,T,3,G,N,8,6,R,5,V,0,0,0,0,0,000000000,00000000000,0,0,0,1,0,0,0,0,0,0,0,998,0,0,0,61,6,2,12,0,0,0,1,48,77091,1,1,0,0,2,0,999,999,0,1,0,0,0,9,2013,9,2013,0,38,0,0,0,1,2,98,8,8,8,1,3,3,1,17,99,1,1,89,1,0
48,483066,1,2,2,23,12,19,9,12,6,1,0,48,1,37,32,37032,4,2007,JHMCM56347C0,J,H,M,C,M,5,6,3,4,7,C,0,0,0,0,000000000,00000000000,0,0,0,1,0,0,0,0,0,0,0,998,0,0,0,5,6,2,12,0,0,0,1,48,78664,6,1,0,0,3,3,999,999,0,0,0,0,0,0,0,0,0,0,0,0,0,0,1,4,75,2,2,8,1,0,0,14,13,6,4,6,66,2,0
48,483066,2,2,2,23,12,19,9,12,6,1,0,48,1,12,481,12481,31,2014,1FTFW1ET0EFB,1,F,T,F,W,1,E,T,0,E,F,B,0,0,0,000000000,00000000000,0,0,0,1,0,0,0,0,0,0,0,998,0,0,0,12,4,3,12,0,0,0,1,48,78730,6,1,0,0,3,0,999,999,0,1,0,3,0,2,2012,4,2014,0,0,0,0,0,1,4,75,3,2,8,1,0,0,14,62,99,1,1,66,0,0
48,483067,1,1,99,7,10,7,40,8,0,1,1,99,9,20,999,20999,49,9999,999999999999,9,9,9,9,9,9,9,9,9,9,9,9,0,0,0,000000000,00000000000,0,0,0,1,0,0,0,0,0,0,0,998,0,0,0,12,9,5,8,99,99,0,1,99,99999,9,9,99,9,9,9,999,999,99,99,99,99,99,99,9999,99,9999,9,0,0,0,0,1,2,30,1,1,8,1,0,0,1,80,99,1,1,13,0,0
48,483068,1,2,1,23,12,8,42,12,6,1,0,48,3,98,898,98898,62,2014,5PVNJ8JN7E4S,5,P,V,N,J,8,J,N,7,E,4,S,0,0,99,999999999,99999999999,2,1,6,1,0,0,0,0,0,0,0,998,0,0,0,81,6,2,12,0,0,0,1,48,78726,6,1,0,0,3,0,999,999,0,0,0,0,0,0,0,0,0,4,0,0,0,0,2,2,75,1,1,8,2,0,0,1,12,99,1,4,66,1,0
48,483068,2,2,1,23,12,8,42,12,6,1,0,48,2,82,884,82884,66,2000,1FVXTEDB8YHB,1,F,V,X,T,E,D,B,8,Y,H,B,1,1,57,1277314,571277314,3,6,1,1,0,0,0,0,0,0,0,998,0,0,0,11,6,2,12,0,0,0,1,48,78750,6,1,6,0,3,1,999,999,0,0,0,0,0,0,0,0,0,0,0,0,0,0,2,2,75,1,1,8,2,0,0,1,62,99,1,1,66,0,0
48,483069,1,2,1,23,12,22,33,12,2,1,0,48,2,7,41,7041,4,1993,2B3ED56T8PH6,2,B,3,E,D,5,6,T,8,P,H,6,0,0,0,000000000,00000000000,0,0,0,1,0,0,0,0,0,0,0,998,0,0,0,12,6,2,12,0,0,0,1,4,76248,6,1,0,0,3,0,65,138,0,0,0,1,0,11,2012,11,2012,0,51,89,0,0,3,4,60,1,1,8,1,0,0,1,54,99,1,1,52,1,0
48,483069,2,2,3,23,12,22,33,12,2,1,0,48,2,58,35,58035,4,2001,JNKCA31A01T0,J,N,K,C,A,3,1,A,0,1,T,0,0,0,0,000000000,00000000000,0,0,0,1,0,0,0,0,0,0,0,998,0,0,0,12,6,2,12,0,0,0,1,48,75051,0,0,0,0,0,0,999,999,0,0,0,0,0,0,0,0,0,0,12,0,0,0,3,4,60,1,1,8,1,0,0,1,54,99,1,1,52,1,0
48,483070,1,1,1,23,12,12,4,52,0,1,0,48,1,2,422,2422,15,2014,1C4PJLDB9EW2,1,C,4,P,J,L,D,B,9,E,W,2,0,0,0,000000000,00000000000,0,0,0,1,0,0,0,0,0,0,0,998,0,0,0,12,6,2,52,0,0,0,1,48,78641,6,1,0,0,3,0,999,999,0,0,0,0,0,0,0,0,0,0,99,99,99,99,2,2,80,1,2,8,1,0,0,1,12,99,1,4,6,1,0
48,483071,1,2,1,24,12,14,46,12,1,1,0,48,1,49,401,49401,14,2002,JT3GN86R3202,J,T,3,G,N,8,6,R,3,2,0,2,0,0,0,000000000,00000000000,0,0,0,1,0,0,0,0,0,0,0,998,0,1,1,12,4,3,12,0,0,0,1,48,76240,6,1,0,0,3,0,999,999,0,1,0,0,2,2,2012,5,2014,5,0,0,0,0,3,2,65,1,1,8,1,0,0,1,52,99,1,1,32,0,0
48,483071,2,2,4,24,12,14,46,12,1,1,0,48,1,49,40,49040,4,1998,JT2BG22K2W01,J,T,2,B,G,2,2,K,2,W,0,1,0,0,0,000000000,00000000000,0,0,0,1,0,0,0,0,0,0,0,998,0,0,0,6,4,3,12,0,0,0,1,48,76227,6,1,0,0,3,0,999,999,0,0,0,0,0,0,0,0,0,0,0,0,0,0,3,2,65,1,1,8,1,0,0,1,53,99,1,1,32,1,0
48,483072,1,1,2,24,12,21,15,24,0,1,0,48,1,20,481,20481,31,2004,2GCEC13T3414,2,G,C,E,C,1,3,T,3,4,1,4,0,0,0,000000000,00000000000,0,0,0,1,0,0,0,0,0,0,0,62,0,0,0,12,4,3,24,0,0,0,1,48,77503,1,1,0,0,2,3,999,999,0,2,1,0,0,10,2014,12,2014,3,39,0,0,0,1,2,30,1,1,8,1,20,3,1,14,99,1,4,14,1,1
48,483074,1,1,1,24,12,3,53,42,0,1,0,48,2,49,472,49472,30,2013,5TFTX4CN3DX0,5,T,F,T,X,4,C,N,3,D,X,0,0,0,0,000000000,00000000000,0,0,0,1,0,0,0,0,0,0,0,998,0,0,0,12,4,3,42,0,0,0,1,48,77082,6,1,0,0,3,3,999,999,0,10,0,2,0,7,2012,12,2014,0,0,0,0,0,1,4,30,1,1,8,1,0,0,1,12,99,1,4,6,1,1
48,483075,1,2,1,24,12,8,20,12,2,1,0,48,1,87,884,87884,66,2001,1XP5DB9X71N5,1,X,P,5,D,B,9,X,7,1,N,5,1,3,57,2003260,572003260,3,6,8,1,0,0,0,0,0,0,0,998,0,0,0,12,6,2,12,0,0,0,1,48,78962,6,1,6,0,3,0,999,999,0,0,0,0,0,0,0,0,0,0,0,0,0,0,1,2,75,1,2,8,1,0,0,1,62,7,1,1,51,0,0
48,483075,2,2,2,24,12,8,20,12,2,1,0,48,2,49,472,49472,30,2003,5TEGN92NX3Z1,5,T,E,G,N,9,2,N,X,3,Z,1,0,0,0,000000000,00000000000,0,0,0,1,0,0,0,0,0,0,0,998,0,0,0,12,6,2,12,0,0,0,1,48,77320,6,1,0,0,3,0,999,999,0,0,0,0,0,0,0,0,0,0,51,0,0,0,1,2,75,1,2,8,1,0,0,1,10,99,1,2,50,1,0
48,483076,1,3,1,24,12,18,30,12,6,1,0,48,1,35,47,35047,4,2013,1N4AL3AP4DN5,1,N,4,A,L,3,A,P,4,D,N,5,0,0,0,000000000,00000000000,0,0,0,1,0,0,0,0,0,0,0,998,0,0,0,82,6,2,12,0,0,0,1,48,79605,6,1,0,0,3,0,999,999,0,0,0,0,0,0,0,0,0,0,39,0,0,0,2,3,99,1,2,8,1,20,3,1,17,99,1,1,87,1,0
48,483076,2,3,2,24,12,18,30,12,6,1,0,48,2,20,422,20422,15,2005,1GNEC16Z95J1,1,G,N,E,C,1,6,Z,9,5,J,1,0,0,0,000000000,00000000000,0,0,0,1,0,0,0,0,0,0,0,998,0,1,1,12,6,2,12,0,0,0,1,48,76542,6,1,0,0,3,0,999,999,0,0,0,1,0,2,2012,2,2012,0,0,0,0,0,5,3,65,1,2,8,1,0,0,1,66,99,1,1,86,0,0
48,483076,3,3,1,24,12,18,30,12,6,1,0,48,1,12,481,12481,31,2000,1FTRX17WXYNB,1,F,T,R,X,1,7,W,X,Y,N,B,0,0,0,000000000,00000000000,0,0,0,1,0,0,0,0,0,0,0,0,0,0,0,63,4,5,12,0,0,0,1,48,78642,6,1,0,0,3,0,999,999,0,0,0,0,0,0,0,0,0,0,0,0,0,0,2,3,99,1,2,8,1,20,3,5,64,1,1,1,98,0,0
48,483077,1,1,1,25,12,3,45,8,0,1,1,99,9,99,999,99999,99,9999,999999999999,9,9,9,9,9,9,9,9,9,9,9,9,0,0,0,000000000,00000000000,0,0,0,1,0,0,0,0,0,0,0,998,0,0,0,99,9,5,8,0,0,0,1,99,99999,9,9,99,9,9,9,999,999,99,99,99,99,99,99,9999,99,9999,0,99,99,99,99,1,2,60,1,1,8,1,0,0,1,80,99,9,1,13,0,0
48,483078,1,1,1,25,12,1,30,8,0,1,0,48,1,59,31,59031,4,2007,JTHBJ46G9720,J,T,H,B,J,4,6,G,9,7,2,0,0,0,0,000000000,00000000000,0,0,0,1,0,0,0,0,0,0,0,998,0,0,0,81,2,5,8,0,0,0,1,37,28314,1,1,0,0,2,3,999,999,0,1,0,1,1,9,2012,9,2014,0,86,0,0,0,3,5,55,1,1,8,1,0,0,1,80,98,1,1,13,0,0
48,483079,1,1,1,25,12,21,50,1,0,1,0,48,0,20,481,20481,31,1984,1GCDC14H3ES1,1,G,C,D,C,1,4,H,3,E,S,1,0,0,0,000000000,00000000000,0,0,0,1,0,0,0,0,0,0,0,998,0,9,5,0,4,3,1,0,0,0,1,48,78941,1,1,0,0,2,0,999,999,0,0,0,0,0,0,0,0,0,4,0,0,0,0,1,2,60,3,1,8,1,0,0,14,12,6,4,4,7,1,1