STATE,ST_CASE,VEH_NO,VE_FORMS,NUMOCCS,DAY,MONTH,HOUR,MINUTE,HARM_EV,MAN_COLL,UNITTYPE,HIT_RUN,REG_STAT,OWNER,MAKE,MODEL,MAK_MOD,BODY_TYP,MOD_YEAR,VIN,VIN_1,VIN_2,VIN_3,VIN_4,VIN_5,VIN_6,VIN_7,VIN_8,VIN_9,VIN_10,VIN_11,VIN_12,TOW_VEH,J_KNIFE,MCARR_I1,MCARR_I2,MCARR_ID,GVWR,V_CONFIG,CARGO_BT,HAZ_INV,HAZ_PLAC,HAZ_ID,HAZ_CNO,HAZ_REL,BUS_USE,SPEC_USE,EMER_USE,TRAV_SP,UNDERIDE,ROLLOVER,ROLINLOC,IMPACT1,DEFORMED,TOWED,M_HARM,VEH_SC1,VEH_SC2,FIRE_EXP,DR_PRES,L_STATE,DR_ZIP,L_STATUS,L_TYPE,CDL_STAT,L_ENDORS,L_COMPL,L_RESTRI,DR_HGT,DR_WGT,PREV_ACC,PREV_SUS,PREV_DWI,PREV_SPD,PREV_OTH,FIRST_MO,FIRST_YR,LAST_MO,LAST_YR,SPEEDREL,DR_SF1,DR_SF2,DR_SF3,DR_SF4,VTRAFWAY,VNUM_LAN,VSPD_LIM,VALIGN,VPROFILE,VPAVETYP,VSURCOND,VTRAFCON,VTCONT_F,P_CRASH1,P_CRASH2,P_CRASH3,PCRASH4,PCRASH5,ACC_TYPE,DEATHS,DR_DRINK
48,483080,1,1,2,25,12,14,49,42,0,1,0,48,2,35,50,35050,5,2014,3N1CE2CP2EL3,3,N,1,C,E,2,C,P,2,E,L,3,0,0,0,000000000,00000000000,0,0,0,1,0,0,0,0,0,0,0,998,0,0,0,12,6,2,42,0,0,0,1,48,79602,6,1,0,0,3,3,999,999,0,0,0,0,0,0,0,0,0,0,0,0,0,0,5,5,35,1,1,8,1,0,0,1,12,1,1,4,6,2,0
48,483081,1,2,1,26,12,22,51,12,6,1,0,48,1,55,35,55035,4,2010,KMHDU4AD0AU9,K,M,H,D,U,4,A,D,0,A,U,9,0,0,0,000000000,00000000000,0,0,0,1,0,0,0,0,0,0,0,998,0,0,0,3,6,2,12,0,0,0,1,48,77015,6,1,0,0,3,0,999,999,0,0,0,0,0,0,0,0,0,0,0,0,0,0,1,2,60,1,1,8,11,0,0,1,9,99,4,2,66,1,0
48,483081,2,2,2,26,12,22,51,12,6,1,0,48,2,23,8,23008,6,2011,1GKKRSED9BJ1,1,G,K,K,R,S,E,D,9,B,J,1,0,0,0,000000000,00000000000,0,0,0,1,0,0,0,0,0,0,0,998,0,0,0,12,4,3,12,0,0,0,1,48,75662,6,1,0,0,3,3,999,999,0,0,0,0,0,0,0,0,0,0,0,0,0,0,1,2,60,1,1,8,11,0,0,1,62,99,1,1,66,0,0
48,483082,1,2,1,26,12,12,6,12,2,1,0,48,2,19,3,19003,4,1993,1G6DW5279PR7,1,G,6,D,W,5,2,7,9,P,R,7,0,0,0,000000000,00000000000,0,0,0,1,0,0,0,0,0,0,0,998,0,0,0,12,6,2,12,0,0,0,1,48,75701,1,1,0,0,2,3,999,999,0,6,0,0,0,10,2014,12,2014,0,28,51,0,0,5,5,55,1,1,2,2,0,0,1,10,99,1,2,50,0,0
48,483082,2,2,2,26,12,12,6,12,2,1,0,48,1,20,481,20481,31,2010,1GCSCSE09AZ1,1,G,C,S,C,S,E,0,9,A,Z,1,0,0,0,000000000,00000000000,0,0,0,1,0,0,0,0,0,0,0,998,0,0,0,12,6,2,12,0,0,0,1,48,75785,6,1,0,0,3,3,999,999,0,0,0,0,0,0,0,0,0,0,0,0,0,0,5,5,55,1,1,2,2,0,0,1,62,99,1,1,51,1,0
48,483083,1,1,1,26,12,12,29,1,0,1,0,48,3,49,472,49472,30,2006,5TBDT44156S5,5,T,B,D,T,4,4,1,5,6,S,5,0,0,0,000000000,00000000000,0,0,0,1,0,0,0,0,0,0,0,998,0,9,5,0,6,2,1,0,0,0,1,48,79072,6,1,0,0,3,0,999,999,0,0,0,0,0,0,0,0,0,4,0,0,0,0,1,2,70,3,1,8,1,0,0,14,13,6,4,4,1,1,1
48,483084,1,1,3,26,12,11,20,1,0,1,0,48,1,12,422,12422,15,2006,1FMPU155X6LA,1,F,M,P,U,1,5,5,X,6,L,A,0,0,0,000000000,00000000000,0,0,0,1,0,0,0,0,0,0,0,998,0,9,5,0,6,2,1,32,0,0,1,48,78343,6,1,0,0,3,0,999,999,0,0,0,0,0,0,0,0,0,0,58,0,0,0,2,2,75,1,2,8,1,0,0,1,1,7,9,4,2,1,0
48,483085,1,1,3,27,12,22,45,30,0,1,0,48,1,12,3,12003,2,2002,1FAFP40442F1,1,F,A,F,P,4,0,4,4,2,F,1,0,0,0,000000000,00000000000,0,0,0,1,0,0,0,0,0,0,0,59,0,0,0,12,6,2,2,0,0,1,1,48,75051,6,1,0,0,3,0,65,158,0,1,0,0,0,3,2013,3,2013,3,0,0,0,0,2,2,99,1,1,2,1,0,0,1,51,7,3,4,2,1,0
48,483086,1,1,1,27,12,4,44,52,0,1,0,48,1,59,35,59035,4,2003,JTHBD1929300,J,T,H,B,D,1,9,2,9,3,0,0,0,0,0,000000000,00000000000,0,0,0,1,0,0,0,0,0,0,0,998,0,0,0,63,4,3,52,0,0,0,1,48,77551,6,1,0,0,3,3,999,999,0,0,0,0,1,8,2014,8,2014,5,0,0,0,0,3,3,65,2,2,8,1,0,0,14,9,99,3,4,2,1,0
48,483087,1,1,2,27,12,20,50,8,0,1,0,48,2,20,37,20037,4,2007,1G1ZS58F37F2,1,G,1,Z,S,5,8,F,3,7,F,2,0,0,0,000000000,00000000000,0,0,0,1,0,0,0,0,0,0,0,998,0,0,0,12,2,3,8,0,0,0,1,48,77041,0,0,0,0,0,0,999,999,0,0,0,0,0,0,0,0,0,0,0,0,0,0,1,7,45,1,1,8,1,0,0,1,80,99,1,1,13,0,0
48,483088,1,1,2,28,12,2,45,42,0,1,0,48,1,58,37,58037,4,2004,JNKCV51E84M1,J,N,K,C,V,5,1,E,8,4,M,1,0,0,0,000000000,00000000000,0,0,0,1,0,0,0,0,0,0,0,74,0,0,0,63,6,2,42,0,0,1,1,48,75116,0,0,0,0,0,0,65,166,0,2,0,0,0,5,2013,5,2014,3,0,0,0,0,2,3,35,1,1,8,1,0,0,1,12,7,4,4,2,1,1
48,483089,1,1,1,28,12,0,30,1,0,1,0,48,1,35,50,35050,5,2011,3N1BC1CP2BL4,3,N,1,B,C,1,C,P,2,B,L,4,0,0,0,000000000,00000000000,0,0,0,1,0,0,0,0,0,0,0,998,0,9,1,0,6,2,1,0,0,0,1,48,79083,6,1,0,0,3,3,999,999,0,0,0,0,0,0,0,0,0,0,51,0,0,0,1,2,45,3,1,8,1,0,0,14,54,7,5,6,98,1,1
48,483090,1,1,1,29,12,20,25,8,0,1,0,48,2,23,481,23481,31,2002,2GTEC19V5214,2,G,T,E,C,1,9,V,5,2,1,4,0,0,0,000000000,00000000000,0,0,0,1,0,0,0,0,0,0,0,998,0,0,0,12,2,3,8,0,0,0,1,48,77044,0,0,0,0,0,0,999,999,0,1,0,0,0,3,2014,3,2014,0,0,0,0,0,4,3,50,1,1,8,1,0,0,1,80,99,1,1,13,0,0
48,483091,1,1,1,29,12,19,50,40,0,1,0,48,1,37,705,37705,80,2001,JH2PC35011M2,J,H,2,P,C,3,5,0,1,1,M,2,0,0,0,000000000,00000000000,0,0,0,1,0,0,0,0,0,0,0,998,0,0,0,98,8,2,40,0,0,0,1,48,77023,6,1,0,0,2,0,999,999,0,0,0,0,0,0,0,0,0,0,0,0,0,0,2,2,40,1,1,1,1,0,0,1,13,99,9,4,1,1,0
48,483093,1,2,1,27,12,16,52,12,6,1,0,48,1,12,37,12037,4,2005,3FAFP31N55R1,3,F,A,F,P,3,1,N,5,5,R,1,0,0,0,000000000,00000000000,0,0,0,1,0,0,0,0,0,0,0,998,0,0,0,9,6,2,12,0,0,0,1,48,77546,6,1,0,0,3,3,999,999,0,0,0,0,0,0,0,0,0,0,39,0,0,0,1,2,99,1,1,8,2,20,3,1,17,99,1,1,89,1,0
48,483093,2,2,1,27,12,16,52,12,6,1,0,48,1,12,461,12461,21,2012,1FTSS3EL2CDB,1,F,T,S,S,3,E,L,2,C,D,B,0,0,0,000000000,00000000000,0,0,0,1,0,0,0,0,0,0,0,998,0,0,0,12,4,3,12,0,0,0,1,48,77586,6,1,0,0,3,3,999,999,0,0,0,0,0,0,0,0,0,0,0,0,0,0,2,2,40,1,1,8,2,0,0,1,66,1,1,1,88,0,0
48,483094,1,2,4,28,12,12,28,12,2,1,0,48,1,49,40,49040,4,2014,4T1BF1FK9EU7,4,T,1,B,F,1,F,K,9,E,U,7,0,0,0,000000000,00000000000,0,0,0,1,0,0,0,0,0,0,0,998,0,0,0,12,6,2,12,0,0,0,1,48,77565,6,1,0,0,3,3,999,999,0,0,0,0,0,0,0,0,0,0,51,0,0,0,1,2,60,3,2,8,1,0,0,14,10,99,1,2,50,0,0
48,483094,2,2,4,28,12,12,28,12,2,1,0,48,1,19,18,19018,4,2009,1G6DV57V2901,1,G,6,D,V,5,7,V,2,9,0,1,0,0,0,000000000,00000000000,0,0,0,1,0,0,0,0,0,0,0,998,0,0,0,12,6,2,12,0,0,0,1,48,77070,6,1,0,0,3,0,999,999,0,0,0,0,0,0,0,0,0,0,0,0,0,0,1,2,60,2,2,8,1,0,0,14,62,99,1,1,51,1,0
48,483095,1,1,1,28,12,1,45,42,0,1,0,48,1,58,37,58037,4,2013,JN1CV6APXDM7,J,N,1,C,V,6,A,P,X,D,M,7,0,0,0,000000000,00000000000,0,0,0,1,0,0,0,0,0,0,0,998,0,0,0,12,6,2,42,0,0,0,1,48,75206,6,1,0,0,3,3,67,264,0,0,0,0,0,0,0,0,0,3,0,0,0,0,2,2,30,3,1,8,1,0,0,1,13,99,1,4,1,1,1
48,483096,1,1,1,29,12,20,15,42,0,1,0,48,2,37,32,37032,4,2004,1HGCM56634A0,1,H,G,C,M,5,6,6,3,4,A,0,0,0,0,000000000,00000000000,0,0,0,1,0,0,0,0,0,0,0,998,0,1,5,12,4,3,42,0,0,0,1,48,78704,1,1,0,0,2,0,999,999,0,12,0,0,0,3,2012,12,2014,3,24,0,0,0,4,3,55,1,3,8,1,0,0,1,13,99,1,4,1,1,1
48,483097,1,1,1,29,12,23,20,10,0,1,0,48,3,87,884,87884,66,2013,1XPXD40X2DD1,1,X,P,X,D,4,0,X,2,D,D,1,1,1,57,2025044,572025044,3,6,2,1,0,0,0,0,0,0,0,998,0,0,0,3,6,2,10,0,0,0,1,48,78222,6,1,6,1,3,3,999,999,0,0,0,1,0,6,2012,6,2012,0,39,0,0,0,1,2,99,1,1,8,1,65,3,1,91,99,1,1,15,1,0
48,483098,1,3,1,29,12,16,30,12,2,1,0,48,2,12,481,12481,31,2004,1FTRF12W94NA,1,F,T,R,F,1,2,W,9,4,N,A,0,0,0,000000000,00000000000,0,0,0,1,0,0,0,0,0,0,0,998,0,0,0,12,6,2,12,0,0,1,1,48,78582,6,1,0,0,3,0,999,999,0,8,1,0,0,6,2012,9,2014,0,51,0,0,0,1,2,75,1,1,8,1,0,0,1,10,99,1,2,52,1,0
48,483098,2,3,1,29,12,16,30,12,2,1,0,48,1,49,482,49482,31,2013,5TFEY5F13DX1,5,T,F,E,Y,5,F,1,3,D,X,1,0,0,0,000000000,00000000000,0,0,0,1,0,0,0,0,0,0,0,998,0,0,0,12,6,2,12,0,0,0,1,48,78582,6,1,0,0,3,0,999,999,0,0,0,0,0,0,0,0,0,0,0,0,0,0,1,2,75,1,1,8,1,0,0,1,54,99,1,1,52,1,0
48,483098,3,3,2,29,12,16,30,12,2,1,0,48,2,24,401,24401,14,2007,5GZCZ53487S8,5,G,Z,C,Z,5,3,4,8,7,S,8,0,0,0,000000000,00000000000,0,0,0,1,0,0,0,0,0,0,0,998,0,0,0,62,2,5,54,0,0,0,1,48,77903,6,1,6,0,3,3,999,999,0,0,0,0,0,0,0,0,0,0,0,0,0,0,1,2,75,1,1,8,1,0,0,1,98,99,1,1,98,0,0
48,483099,1,2,2,29,12,17,29,12,6,1,0,48,2,49,33,49033,2,1996,JT2DG02T4T00,J,T,2,D,G,0,2,T,4,T,0,0,0,0,0,000000000,00000000000,0,0,0,1,0,0,0,0,0,0,0,998,0,0,0,9,4,3,12,0,0,0,1,48,76063,6,1,0,0,3,0,999,999,0,0,0,0,0,0,0,0,0,0,38,0,0,0,0,0,0,0,0,0,0,0,0,4,17,99,1,1,89,1,0
48,483099,2,2,1,29,12,17,29,12,6,1,0,48,1,7,482,7482,31,2001,1B7HC13Y81J6,1,B,7,H,C,1,3,Y,8,1,J,6,0,0,0,000000000,00000000000,0,0,0,1,0,0,0,0,0,0,0,998,0,0,0,12,4,3,12,0,0,0,1,48,76016,6,1,0,0,3,0,999,999,0,1,0,1,0,1,2012,6,2012,0,0,0,0,0,2,3,40,1,1,8,1,0,0,1,71,4,1,1,88,0,1
48,483100,1,1,1,29,12,12,50,1,0,1,0,48,2,37,705,37705,80,2012,JH2PC4045CK5,J,H,2,P,C,4,0,4,5,C,K,5,0,0,0,000000000,00000000000,0,0,0,1,0,0,0,0,0,0,0,998,0,0,0,0,8,2,1,0,0,0,1,48,79605,6,1,0,0,3,0,999,999,1,1,0,0,1,5,2012,7,2014,3,0,0,0,0,5,5,35,1,1,8,1,0,0,1,62,3,2,1,98,1,0
48,483101,1,1,1,30,12,5,18,38,0,1,0,48,0,41,471,41471,30,1996,4F4CR17U3TTM,4,F,4,C,R,1,7,U,3,T,T,M,0,0,0,000000000,00000000000,0,0,0,1,0,0,0,0,0,0,0,998,0,1,6,81,4,3,38,0,0,0,1,48,78948,6,1,0,0,3,0,999,999,0,0,0,1,0,11,2014,11,2014,0,0,0,0,0,1,4,70,1,1,8,1,0,0,1,9,99,3,4,2,1,0
48,483102,1,1,1,30,12,3,42,21,0,1,0,48,1,58,32,58032,4,2002,JNKDA31AX2T0,J,N,K,D,A,3,1,A,X,2,T,0,0,0,0,000000000,00000000000,0,0,0,1,0,0,0,0,0,0,0,998,0,0,0,12,6,2,21,0,0,0,1,48,78201,6,1,0,0,3,0,999,999,0,2,0,0,1,9,2013,4,2014,0,51,0,0,0,6,2,60,3,2,8,1,0,0,1,12,99,1,4,6,1,1
48,483103,1,1,1,30,12,18,5,42,0,1,0,48,1,20,481,20481,31,2002,1GCEC14W72Z3,1,G,C,E,C,1,4,W,7,2,Z,3,0,0,0,000000000,00000000000,0,0,0,1,0,0,0,0,0,0,0,998,0,1,5,61,6,2,42,0,0,0,1,48,75494,6,1,0,0,3,3,66,153,0,0,0,0,0,0,0,0,0,4,0,0,0,0,1,2,55,3,2,8,1,0,0,14,13,99,1,4,1,1,1
48,483104,1,1,1,30,12,6,56,8,0,1,0,48,3,20,481,20481,31,2012,3GCPCSE04CG1,3,G,C,P,C,S,E,0,4,C,G,1,0,0,0,000000000,00000000000,0,0,0,1,0,0,0,0,0,0,0,998,0,0,0,12,2,3,8,0,0,0,1,48,76943,6,1,6,0,3,0,999,999,0,0,0,0,0,0,0,0,0,0,0,0,0,0,3,2,45,1,1,8,1,0,0,1,80,99,1,1,13,0,0
48,483105,1,1,1,29,12,22,20,8,0,1,0,40,3,82,884,82884,66,2011,1FUJGEDV5BS6,1,F,U,J,G,E,D,V,5,B,S,6,1,1,57,214438,57214438,3,6,2,1,0,0,0,0,0,0,0,998,0,0,0,12,2,5,8,0,0,0,1,48,77449,6,1,6,0,3,0,999,999,0,0,0,0,0,0,0,0,0,0,0,0,0,0,1,2,55,1,1,8,2,0,0,1,80,6,1,1,13,0,0
48,483106,1,2,1,30,12,5,27,12,6,1,0,93,3,86,881,86881,66,2015,1M1AW09YXFM0,1,M,1,A,W,0,9,Y,X,F,M,0,1,1,57,1200892,571200892,3,6,3,1,0,0,0,0,0,0,0,998,0,0,0,3,4,8,12,0,0,0,1,48,75935,6,1,6,0,3,0,999,999,0,0,0,0,0,0,0,0,0,0,0,0,0,0,1,2,98,8,8,8,2,3,3,1,66,99,1,1,87,0,0
48,483106,2,2,1,30,12,5,27,12,6,1,0,48,1,49,403,49403,14,2012,5TDZK3EH8CS0,5,T,D,Z,K,3,E,H,8,C,S,0,0,0,0,000000000,00000000000,0,0,0,1,0,0,0,0,0,0,0,998,0,0,0,12,6,2,12,0,0,0,1,48,77659,6,1,6,0,3,0,999,999,1,0,0,0,0,3,2014,3,2014,0,39,0,0,0,2,3,55,1,1,8,2,3,3,1,17,99,1,1,86,1,0
48,483107,1,1,3,31,12,16,25,25,0,1,0,48,2,54,39,54039,4,2007,JH4CL96827C0,J,H,4,C,L,9,6,8,2,7,C,0,0,0,0,000000000,00000000000,0,0,0,1,0,0,0,0,0,0,0,998,0,1,3,12,4,3,25,0,0,0,1,48,77096,1,1,0,0,2,0,999,999,0,6,0,0,0,12,2013,12,2014,3,0,0,0,0,3,6,60,1,1,1,1,0,0,1,12,99,1,4,6,2,0
48,483108,1,1,1,31,12,20,18,8,0,1,0,48,2,37,32,37032,4,1999,1HGCG1643XA0,1,H,G,C,G,1,6,4,3,X,A,0,0,0,0,000000000,00000000000,0,0,0,1,0,0,0,0,0,0,0,998,0,0,0,12,2,3,8,0,0,0,1,48,77041,1,1,0,0,2,3,999,999,1,3,0,1,1,1,2012,10,2014,0,0,0,0,0,3,2,35,1,1,8,1,0,0,1,80,7,1,1,13,0,0
48,483109,1,1,1,31,12,10,45,43,0,1,0,48,1,13,1,13001,4,2003,1LNHM82W43Y6,1,L,N,H,M,8,2,W,4,3,Y,6,0,0,0,000000000,00000000000,0,0,0,1,0,0,0,0,0,0,0,998,0,0,0,61,6,2,42,0,0,0,1,48,79720,6,1,0,0,3,3,999,999,0,0,0,0,0,0,0,0,0,4,87,0,0,0,1,4,75,1,1,8,4,0,0,1,6,99,4,4,7,1,0
48,483110,1,2,1,31,12,6,50,12,2,1,0,48,1,22,22,22022,4,2006,1G2ZG5588642,1,G,2,Z,G,5,5,8,8,6,4,2,0,0,0,000000000,00000000000,0,0,0,1,0,0,0,0,0,0,0,998,0,0,0,12,4,3,12,0,0,0,1,48,75792,1,1,0,0,2,0,999,999,0,7,0,1,0,1,2012,11,2014,0,38,0,0,0,1,2,75,1,2,8,1,21,3,1,17,99,1,1,69,0,0
48,483110,2,2,1,31,12,6,50,12,2,1,0,48,1,49,471,49471,30,1992,4TARN81A0NZ0,4,T,A,R,N,8,1,A,0,N,Z,0,0,0,0,000000000,00000000000,0,0,0,1,0,0,0,0,0,0,0,998,0,0,0,12,4,3,12,0,0,0,1,48,75708,1,1,0,0,2,0,999,999,0,3,1,0,0,5,2012,10,2014,0,0,0,0,0,1,2,75,1,2,8,1,0,0,11,15,99,1,1,68,1,0
48,483111,1,3,1,21,8,3,4,57,0,1,1,48,2,12,37,12037,4,2003,1FAFP33P03W2,1,F,A,F,P,3,3,P,0,3,W,2,0,0,0,000000000,00000000000,0,0,0,1,0,0,0,0,0,0,0,998,0,0,0,12,6,2,12,0,0,0,1,48,78059,0,0,0,0,0,0,999,999,0,4,0,0,0,6,2012,8,2013,4,0,0,0,0,3,2,75,1,1,8,1,0,0,1,51,4,9,4,7,0,1
48,483111,2,3,1,21,8,3,4,57,0,1,0,48,1,35,47,35047,4,2013,1N4AA5AP4DC8,1,N,4,A,A,5,A,P,4,D,C,8,0,0,0,000000000,00000000000,0,0,0,1,0,0,0,0,0,0,0,998,0,0,0,12,6,2,12,0,0,0,1,48,78109,6,1,6,0,3,0,999,999,0,0,0,3,0,2,2012,2,2014,0,0,0,0,0,3,2,75,1,1,8,1,0,0,1,64,99,1,1,98,1,0
48,483111,3,3,1,21,8,3,4,57,0,1,0,48,3,51,881,51881,66,2006,4V4NC9TJ26N4,4,V,4,N,C,9,T,J,2,6,N,4,1,1,57,311128,57311128,3,6,3,1,0,0,0,0,0,0,0,998,0,0,0,12,4,3,12,0,0,0,1,48,78109,6,1,6,0,3,3,999,999,0,0,0,0,1,11,2012,11,2012,0,0,0,0,0,3,2,75,1,1,8,1,0,0,1,50,99,1,1,98,0,0
48,483112,1,1,1,13,9,1,1,8,0,1,0,48,2,37,31,37031,4,2003,2HGES26743H5,2,H,G,E,S,2,6,7,4,3,H,5,0,0,0,000000000,00000000000,0,0,0,1,0,0,0,0,0,0,0,998,0,0,0,12,4,3,8,0,0,0,1,48,75087,6,1,0,0,3,3,999,999,0,0,0,0,0,0,0,0,0,0,0,0,0,0,1,2,60,1,2,8,2,0,0,1,80,99,1,1,13,0,0
48,483113,1,3,2,14,9,18,8,99,99,1,0,35,1,72,706,72706,80,2006,1HD1FFW116Y6,1,H,D,1,F,F,W,1,1,6,Y,6,0,0,0,000000000,00000000000,0,0,0,1,0,0,0,0,0,0,0,998,0,0,0,81,4,3,99,0,0,0,1,35,88001,6,1,6,0,3,0,999,999,98,0,0,0,0,0,0,0,0,3,0,0,0,0,3,2,35,2,2,8,1,0,0,14,12,99,9,4,99,1,1
48,483113,2,3,2,14,9,18,8,99,99,1,0,35,1,72,706,72706,80,2003,1HD1FBW303Y7,1,H,D,1,F,B,W,3,0,3,Y,7,0,0,0,000000000,00000000000,0,0,0,1,0,0,0,0,0,0,0,998,0,0,0,12,4,3,99,0,0,0,1,35,88001,6,1,0,0,2,0,72,275,98,0,0,0,2,7,2012,11,2013,5,0,0,0,0,3,2,35,2,2,8,1,0,0,2,12,99,9,4,98,0,0
48,483113,3,3,1,14,9,18,8,99,99,1,0,35,2,72,706,72706,80,2008,1HD1FR4138Y6,1,H,D,1,F,R,4,1,3,8,Y,6,0,0,0,000000000,00000000000,0,0,0,1,0,0,0,0,0,0,0,998,0,0,0,12,4,3,99,0,0,0,1,35,88044,2,1,2,0,2,0,68,160,98,0,0,0,0,0,0,0,0,5,0,0,0,0,3,2,35,2,2,8,1,0,0,14,12,99,9,4,98,0,0
48,483114,1,1,1,14,9,2,6,34,0,1,0,48,0,72,706,72706,80,2009,1HD1BX51X9Y0,1,H,D,1,B,X,5,1,X,9,Y,0,0,0,0,000000000,00000000000,0,0,0,1,0,0,0,0,0,0,0,998,0,0,0,12,8,3,34,0,0,0,1,48,76028,6,1,0,0,3,0,999,999,0,0,0,0,0,0,0,0,0,0,0,0,0,0,5,3,60,3,1,8,1,0,0,1,13,99,1,5,1,1,0
48,483115,1,1,1,21,9,21,19,8,0,1,0,48,1,12,481,12481,31,2001,1FTZX17291NB,1,F,T,Z,X,1,7,2,9,1,N,B,0,0,0,000000000,00000000000,0,0,0,1,0,0,0,0,0,0,0,998,0,0,0,9,2,3,8,0,0,0,1,48,77020,6,1,0,0,3,0,999,999,0,0,0,0,0,0,0,0,0,0,31,0,0,0,1,2,30,1,1,2,1,0,0,13,80,99,1,2,92,0,0
48,483116,1,1,1,1,10,8,28,8,0,1,1,48,1,37,31,37031,2,2000,1HGEJ8246YL0,1,H,G,E,J,8,2,4,6,Y,L,0,0,0,0,000000000,00000000000,0,0,0,1,0,0,0,0,0,0,0,998,0,0,0,12,2,5,8,0,0,0,1,48,78046,6,1,0,0,3,0,999,999,1,0,0,0,0,8,2012,8,2012,0,38,0,0,0,1,2,30,1,1,8,1,0,0,1,80,99,1,1,13,0,0
48,483117,1,1,3,26,10,0,56,42,0,1,0,48,2,18,25,18025,4,2013,1G4PP5SK8D42,1,G,4,P,P,5,S,K,8,D,4,2,0,0,0,000000000,00000000000,0,0,0,1,0,0,0,0,0,0,0,998,0,0,0,5,4,3,42,0,0,0,1,48,78582,6,1,0,0,3,0,999,999,0,0,0,0,0,0,0,0,0,5,0,0,0,0,5,5,30,1,1,2,1,0,0,11,9,99,2,4,2,1,0
48,483118,1,2,1,22,11,1,55,12,1,1,0,48,1,72,706,72706,80,2004,1HD1CGP114K4,1,H,D,1,C,G,P,1,1,4,K,4,0,0,0,000000000,00000000000,0,0,0,1,0,0,0,0,0,0,0,998,0,0,0,12,2,3,12,0,0,0,1,48,79930,6,1,0,0,3,0,999,999,0,0,0,0,0,0,0,0,0,4,28,0,0,0,3,3,40,1,1,8,1,0,0,98,51,99,1,2,24,1,1
48,483118,2,2,1,22,11,1,55,12,1,1,0,48,1,72,706,72706,80,2012,1HD1LF329CC4,1,H,D,1,L,F,3,2,9,C,C,4,0,0,0,000000000,00000000000,0,0,0,1,0,0,0,0,0,0,0,998,0,0,0,6,2,3,12,0,0,0,1,48,79938,6,1,0,0,3,3,999,999,0,2,1,0,0,6,2012,9,2013,5,28,0,0,0,3,3,40,1,1,8,1,0,0,98,53,99,1,2,26,1,1
48,483119,1,2,2,1,12,14,56,12,6,1,0,48,2,41,52,41052,6,2008,JM1CR2936803,J,M,1,C,R,2,9,3,6,8,0,3,0,0,0,000000000,00000000000,0,0,0,1,0,0,0,0,0,0,0,998,0,0,0,12,4,3,12,0,0,0,1,48,77396,6,1,0,0,3,0,999,999,0,0,0,0,0,0,0,0,0,0,0,0,0,0,5,7,55,1,1,8,1,0,0,1,66,99,1,1,83,0,0
48,483119,2,2,1,1,12,14,56,12,6,1,0,48,1,24,7,24007,4,2003,1G8AG52F63Z1,1,G,8,A,G,5,2,F,6,3,Z,1,0,0,0,000000000,00000000000,0,0,0,1,0,0,0,0,0,0,0,998,0,0,0,9,4,3,12,0,0,0,1,48,77338,6,1,0,0,3,3,999,999,0,0,0,0,0,0,0,0,0,0,0,0,0,0,1,4,98,8,8,8,98,20,3,11,15,99,1,1,82,1,0
48,483120,1,1,1,11,12,2,47,45,0,1,0,48,2,37,402,37402,14,2008,JHLRE38768C0,J,H,L,R,E,3,8,7,6,8,C,0,0,0,0,000000000,00000000000,0,0,0,1,0,0,0,0,0,0,0,998,0,1,9,12,8,2,45,0,0,1,1,48,77536,6,1,0,0,3,0,999,999,0,0,0,0,1,8,2013,8,2013,0,0,0,0,0,3,3,65,1,1,8,1,0,0,1,13,99,1,4,15,1,0
48,483121,1,1,2,13,12,9,14,8,0,1,0,48,1,22,18,22018,4,2003,1G2NF52E63C1,1,G,2,N,F,5,2,E,6,3,C,1,0,0,0,000000000,00000000000,0,0,0,1,0,0,0,0,0,0,0,998,0,0,0,12,4,5,8,0,0,0,1,48,77062,6,1,0,0,3,0,999,999,0,0,0,0,0,0,0,0,0,0,91,0,0,0,5,5,55,1,1,2,1,0,0,1,13,99,1,4,13,0,0
48,483122,1,2,2,15,12,11,54,12,7,1,0,48,1,12,23,12023,4,2008,3FAHP07Z08R1,3,F,A,H,P,0,7,Z,0,8,R,1,0,0,0,000000000,00000000000,0,0,0,1,0,0,0,0,0,0,0,998,0,0,0,61,2,3,12,0,0,0,1,48,78416,6,1,0,0,3,0,999,999,0,0,0,0,0,0,0,0,0,0,48,0,0,0,4,2,35,1,1,8,1,0,0,15,10,99,1,2,47,0,0
48,483122,2,2,1,15,12,11,54,12,7,1,0,48,1,35,43,35043,4,2004,3N1CB51D14L8,3,N,1,C,B,5,1,D,1,4,L,8,0,0,0,000000000,00000000000,0,0,0,1,0,0,0,0,0,0,0,998,0,1,6,81,4,3,1,0,0,0,1,48,78415,6,1,0,0,3,3,999,999,0,0,0,0,0,0,0,0,0,0,0,0,0,0,4,2,35,1,1,8,1,0,0,1,61,99,1,1,45,1,0
48,483123,1,1,1,18,12,23,0,38,0,1,0,48,1,7,481,7481,31,1992,3B7KM23C0NM5,3,B,7,K,M,2,3,C,0,N,M,5,0,0,0,000000000,00000000000,0,0,0,1,0,0,0,0,0,0,0,998,0,1,6,61,6,2,1,0,0,0,1,48,75110,6,1,6,0,3,3,999,999,0,0,0,0,0,0,0,0,0,4,0,0,0,0,1,2,55,3,1,8,2,0,0,14,10,4,3,4,2,1,1