STATE,ST_CASE,VEH_NO,VE_FORMS,NUMOCCS,DAY,MONTH,HOUR,MINUTE,HARM_EV,MAN_COLL,UNITTYPE,HIT_RUN,REG_STAT,OWNER,MAKE,MODEL,MAK_MOD,BODY_TYP,MOD_YEAR,VIN,VIN_1,VIN_2,VIN_3,VIN_4,VIN_5,VIN_6,VIN_7,VIN_8,VIN_9,VIN_10,VIN_11,VIN_12,TOW_VEH,J_KNIFE,MCARR_I1,MCARR_I2,MCARR_ID,GVWR,V_CONFIG,CARGO_BT,HAZ_INV,HAZ_PLAC,HAZ_ID,HAZ_CNO,HAZ_REL,BUS_USE,SPEC_USE,EMER_USE,TRAV_SP,UNDERIDE,ROLLOVER,ROLINLOC,IMPACT1,DEFORMED,TOWED,M_HARM,VEH_SC1,VEH_SC2,FIRE_EXP,DR_PRES,L_STATE,DR_ZIP,L_STATUS,L_TYPE,CDL_STAT,L_ENDORS,L_COMPL,L_RESTRI,DR_HGT,DR_WGT,PREV_ACC,PREV_SUS,PREV_DWI,PREV_SPD,PREV_OTH,FIRST_MO,FIRST_YR,LAST_MO,LAST_YR,SPEEDREL,DR_SF1,DR_SF2,DR_SF3,DR_SF4,VTRAFWAY,VNUM_LAN,VSPD_LIM,VALIGN,VPROFILE,VPAVETYP,VSURCOND,VTRAFCON,VTCONT_F,P_CRASH1,P_CRASH2,P_CRASH3,PCRASH4,PCRASH5,ACC_TYPE,DEATHS,DR_DRINK
48,483243,1,2,3,11,12,13,48,12,6,1,0,48,2,20,403,20403,14,2005,1GNDS13S4521,1,G,N,D,S,1,3,S,4,5,2,1,0,0,0,000000000,00000000000,0,0,0,1,0,0,0,0,0,0,0,998,0,1,1,3,6,2,12,0,0,0,1,48,76116,0,0,0,0,0,0,999,999,0,0,0,0,0,0,0,0,0,5,8,28,0,0,1,4,45,1,1,8,1,0,0,1,61,3,4,2,64,1,0
48,483243,2,2,1,11,12,13,48,12,6,1,0,48,1,37,31,37031,2,2007,2HGFG11877H5,2,H,G,F,G,1,1,8,7,7,H,5,0,0,0,000000000,00000000000,0,0,0,1,0,0,0,0,0,0,0,998,0,0,0,12,6,2,12,0,0,0,1,48,76049,6,1,0,0,3,3,999,999,0,0,0,0,0,0,0,0,0,0,0,0,0,0,1,4,45,1,1,8,1,0,0,1,62,99,1,1,65,0,0
48,483244,1,1,1,14,12,0,32,33,0,1,0,48,2,12,481,12481,31,2004,1FTRX12W04NC,1,F,T,R,X,1,2,W,0,4,N,C,0,0,0,000000000,00000000000,0,0,0,1,0,0,0,0,0,0,0,998,0,0,0,81,6,2,42,0,0,1,1,48,75042,0,0,0,0,0,0,999,999,0,0,0,0,0,0,0,0,0,5,0,0,0,0,5,5,35,1,1,8,1,0,0,1,13,99,1,4,1,1,0
48,483245,1,1,2,31,12,22,30,24,0,1,0,48,2,63,38,63038,4,2014,KNAFX4A62E52,K,N,A,F,X,4,A,6,2,E,5,2,0,0,0,000000000,00000000000,0,0,0,1,0,0,0,0,0,0,0,998,0,0,0,12,2,3,3,0,0,0,1,48,76708,6,1,0,0,3,0,64,156,0,1,0,0,0,3,2012,3,2012,0,0,0,0,0,1,2,30,1,1,8,1,0,0,1,14,99,1,4,14,1,1
48,483246,1,1,1,12,3,15,52,8,0,1,0,48,2,23,461,23461,21,2004,1GTFG15X5411,1,G,T,F,G,1,5,X,5,4,1,1,0,0,0,000000000,00000000000,0,0,0,1,0,0,0,0,0,0,0,998,0,0,0,12,2,3,8,0,0,0,1,48,75149,6,1,0,0,3,3,999,999,0,0,0,0,0,0,0,0,0,0,0,0,0,0,2,4,40,2,3,8,1,0,0,14,80,1,1,1,13,0,0
48,483247,1,2,1,18,8,4,24,12,6,1,0,48,1,20,2,20002,4,2011,2G1WB5EK9B12,2,G,1,W,B,5,E,K,9,B,1,2,0,0,0,000000000,00000000000,0,0,0,1,0,0,0,0,0,0,0,998,0,0,0,12,6,2,12,0,0,0,1,48,75801,6,1,0,0,3,3,999,999,0,0,0,0,0,0,0,0,0,0,28,0,0,0,5,5,55,1,1,8,1,0,0,1,10,99,1,2,64,1,0
48,483247,2,2,1,18,8,4,24,12,6,1,0,18,3,82,881,82881,66,2015,3AKJGLD54FSG,3,A,K,J,G,L,D,5,4,F,S,G,1,1,57,264184,57264184,3,6,1,1,0,0,0,0,0,0,0,998,0,0,0,62,6,2,12,0,0,0,1,18,46226,6,1,6,3,3,0,67,155,0,0,0,0,1,6,2013,6,2013,0,0,0,0,0,5,5,55,1,1,8,1,0,0,1,62,99,1,1,65,0,1
48,483248,1,2,1,25,8,18,53,12,6,1,0,48,3,7,482,7482,31,2014,1C6RR6GGXES3,1,C,6,R,R,6,G,G,X,E,S,3,0,0,0,000000000,00000000000,0,0,0,1,0,0,0,0,0,0,0,998,0,0,0,12,6,2,12,0,0,0,1,48,77378,6,1,0,0,3,1,999,999,3,0,0,0,0,9,2011,11,2013,0,28,0,0,0,5,7,55,1,3,8,1,0,0,1,10,99,1,2,64,0,0
48,483248,2,2,1,25,8,18,53,12,6,1,0,48,2,21,23,21023,4,2002,1G3WH52H52F1,1,G,3,W,H,5,2,H,5,2,F,1,0,0,0,000000000,00000000000,0,0,0,1,0,0,0,0,0,0,0,998,0,0,0,61,6,2,12,0,0,0,1,48,77356,6,1,0,0,3,0,999,999,0,0,0,0,0,0,0,0,0,0,0,0,0,0,5,7,55,1,3,8,1,0,0,1,62,7,1,2,65,1,0
48,483249,1,1,1,20,11,11,46,8,0,1,0,35,1,12,481,12481,31,1999,1FTSW31F8XEC,1,F,T,S,W,3,1,F,8,X,E,C,0,0,0,000000000,00000000000,0,0,0,1,0,0,0,0,0,0,0,998,0,0,0,12,0,5,8,0,0,0,1,35,79902,6,1,0,0,3,3,999,999,98,0,0,0,0,0,0,0,0,0,0,0,0,0,3,4,35,2,2,8,1,0,0,14,80,1,1,1,13,0,0
48,483250,1,1,4,7,5,12,0,30,0,1,0,5,2,12,471,12471,30,2002,1FTYR14U82TA,1,F,T,Y,R,1,4,U,8,2,T,A,0,0,0,000000000,00000000000,0,0,0,1,0,0,0,0,0,0,0,998,0,1,5,9,6,2,30,0,0,0,1,5,72904,6,1,0,0,3,0,70,175,1,0,0,1,2,11,2012,8,2013,0,0,0,0,0,1,2,65,1,1,8,1,0,0,1,13,99,1,4,1,1,0
48,483251,1,2,1,16,10,16,29,12,2,1,0,48,1,53,706,53706,80,2009,JS1GT78A8921,J,S,1,G,T,7,8,A,8,9,2,1,0,0,0,000000000,00000000000,0,0,0,1,0,0,0,0,0,0,0,998,0,0,0,12,6,2,12,0,0,0,1,24,79916,6,1,0,0,3,0,73,180,0,0,0,0,0,0,0,0,0,5,0,0,0,0,2,3,45,1,1,8,1,0,0,1,66,99,1,2,69,1,0
48,483251,2,2,3,16,10,16,29,12,2,1,0,48,1,55,401,55401,14,2002,KM8SC73D72U2,K,M,8,S,C,7,3,D,7,2,U,2,0,0,0,000000000,00000000000,0,0,0,1,0,0,0,0,0,0,0,998,0,0,0,12,6,2,12,0,0,0,1,6,79924,6,1,0,0,3,0,59,130,0,0,0,0,0,0,0,0,0,0,38,0,0,0,2,4,45,1,1,8,1,0,0,11,15,1,1,1,68,0,0
48,483252,1,2,1,27,11,11,14,12,6,1,0,48,1,20,2,20002,4,2000,2G1WF52E4Y93,2,G,1,W,F,5,2,E,4,Y,9,3,0,0,0,000000000,00000000000,0,0,0,1,0,0,0,0,0,0,0,998,0,0,0,9,2,3,12,0,0,0,1,48,75148,6,1,0,0,3,3,999,999,0,0,0,0,0,0,0,0,0,0,38,0,0,0,4,1,98,8,8,8,98,20,3,1,17,99,1,1,89,1,0
48,483252,2,2,1,27,11,11,14,12,6,1,0,48,2,12,880,12880,67,2003,1FDWF36P83EC,1,F,D,W,F,3,6,P,8,3,E,C,0,0,88,888888888,88888888888,2,1,96,1,0,0,0,0,0,0,0,998,0,0,0,12,2,5,12,0,0,0,1,48,75440,6,1,0,0,3,0,999,999,0,0,0,0,0,0,0,0,0,0,0,0,0,0,1,6,55,1,2,8,1,20,3,1,66,99,1,1,88,0,0
48,483253,1,2,2,10,12,15,42,12,1,1,0,48,1,12,481,12481,31,1997,1FTDF0721VKB,1,F,T,D,F,0,7,2,1,V,K,B,0,0,0,000000000,00000000000,0,0,0,1,0,0,0,0,0,0,0,998,0,1,3,6,6,2,12,0,0,0,1,48,76106,3,1,0,0,2,0,999,999,0,0,0,0,0,0,0,0,0,0,0,0,0,0,3,2,75,1,1,8,1,0,0,1,53,99,1,1,25,2,0
48,483253,2,2,1,10,12,15,42,12,1,1,0,93,3,85,881,85881,63,2005,2NKMHD7X05M0,2,N,K,M,H,D,7,X,0,5,M,0,0,0,57,2191165,572191165,3,1,1,1,0,0,0,0,0,0,0,998,0,0,0,12,6,2,12,0,0,0,1,48,76106,6,1,6,0,3,0,999,999,0,0,0,1,0,1,2012,1,2012,5,0,0,0,0,3,2,75,1,1,8,1,0,0,1,51,99,1,1,24,0,0
48,483254,1,2,1,10,8,12,13,12,6,1,0,48,1,18,3,18003,4,2001,1G4CW54K6142,1,G,4,C,W,5,4,K,6,1,4,2,0,0,0,000000000,00000000000,0,0,0,1,0,0,0,0,0,0,0,998,0,0,0,3,2,3,12,0,0,0,1,48,79124,6,1,0,0,3,3,999,999,0,0,0,0,0,0,0,0,0,0,38,0,0,0,1,5,55,1,1,8,1,0,0,11,15,99,1,1,68,0,0
48,483254,2,2,1,10,8,12,13,12,6,1,0,48,0,72,706,72706,80,2011,1HD1FMM19BB6,1,H,D,1,F,M,M,1,9,B,B,6,0,0,0,000000000,00000000000,0,0,0,1,0,0,0,0,0,0,0,998,0,0,0,12,6,2,12,0,0,0,1,48,79118,0,0,0,0,0,0,999,999,0,0,0,0,0,0,0,0,0,0,0,0,0,0,2,2,55,1,1,8,1,0,0,1,62,99,1,1,69,1,0
48,483255,1,2,1,22,8,20,56,5,0,1,0,48,1,72,706,72706,80,2014,1HD1GNM23EC3,1,H,D,1,G,N,M,2,3,E,C,3,0,0,0,000000000,00000000000,0,0,0,1,0,0,0,0,0,0,0,998,0,0,0,0,8,2,12,0,0,0,1,48,78666,6,1,6,0,2,3,999,999,0,0,0,0,1,9,2013,9,2013,0,0,0,0,0,3,3,70,2,1,8,1,0,0,14,60,98,1,1,0,1,0
48,483255,2,2,3,22,8,20,56,5,0,1,0,93,2,82,881,82881,66,2004,1FUJA6CK24LM,1,F,U,J,A,6,C,K,2,4,L,M,1,1,57,2384000,572384000,3,6,1,1,0,0,0,0,0,0,0,998,0,0,0,12,2,5,12,0,0,0,1,21,42262,6,1,6,0,3,3,72,145,0,0,0,0,0,0,0,0,0,0,0,0,0,0,3,3,70,2,1,8,1,0,0,14,60,99,1,1,98,0,0
48,483256,1,1,1,25,5,20,29,8,0,1,1,48,2,35,472,35472,30,2008,1N6AD07U98C4,1,N,6,A,D,0,7,U,9,8,C,4,0,0,0,000000000,00000000000,0,0,0,1,0,0,0,0,0,0,0,998,0,0,0,12,2,5,8,0,0,0,1,48,79924,6,1,0,0,3,0,999,999,1,0,0,0,0,5,2014,5,2014,0,91,0,0,0,3,3,40,1,1,8,1,0,0,1,80,99,1,1,13,0,0
48,483257,1,1,1,2,7,9,12,14,0,1,1,99,9,13,1,13001,4,2000,1LNHM83W5YY8,1,L,N,H,M,8,3,W,5,Y,Y,8,0,0,0,000000000,00000000000,0,0,0,1,0,0,0,0,0,0,0,998,0,0,0,12,6,2,8,0,0,0,1,48,79907,1,1,0,0,2,0,999,999,0,6,0,1,2,12,2011,5,2014,0,0,0,0,0,3,3,40,1,1,8,1,0,0,1,13,99,1,4,11,0,0
48,483258,1,1,1,31,8,0,34,33,0,1,0,48,2,37,32,37032,4,1995,1HGCD5630SA8,1,H,G,C,D,5,6,3,0,S,A,8,0,0,0,000000000,00000000000,0,0,0,1,0,0,0,0,0,0,0,998,0,0,0,98,6,2,30,0,0,0,1,48,75234,6,1,0,0,3,0,999,999,0,0,0,0,0,0,0,0,0,0,0,0,0,0,2,3,40,1,1,8,1,0,0,1,12,99,1,4,6,1,0
48,483259,1,1,1,2,10,5,10,3,0,1,0,48,1,20,443,20443,20,2004,1GNDU03E34D2,1,G,N,D,U,0,3,E,3,4,D,2,0,0,0,000000000,00000000000,0,0,0,1,0,0,0,0,0,0,0,998,0,0,0,0,2,3,3,0,0,0,1,48,75098,6,1,0,0,3,0,999,999,0,0,0,1,0,2,2012,2,2012,0,0,0,0,0,1,2,35,1,1,2,1,0,0,1,12,99,1,4,0,1,0
48,483260,1,1,1,20,8,5,46,8,0,1,0,48,1,12,3,12003,2,1998,1FAFP4041WF1,1,F,A,F,P,4,0,4,1,W,F,1,0,0,0,000000000,00000000000,0,0,0,1,0,0,0,0,0,0,0,998,0,0,0,12,2,5,8,0,0,0,1,48,79936,6,1,0,0,3,3,999,999,1,0,0,0,0,8,2014,8,2014,0,0,0,0,0,3,4,40,1,1,8,1,3,3,1,80,1,1,1,13,0,0
48,483261,1,1,1,22,3,0,15,14,0,1,0,48,1,72,706,72706,80,2006,1HD1CGP126K4,1,H,D,1,C,G,P,1,2,6,K,4,0,0,0,000000000,00000000000,0,0,0,1,0,0,0,0,0,0,0,998,0,0,0,12,8,2,14,0,0,0,1,48,76115,6,1,0,0,3,0,999,999,0,0,0,0,0,0,0,0,0,4,0,0,0,0,1,2,35,1,2,8,1,0,0,1,6,99,9,4,11,1,1
49,490001,1,1,1,1,1,2,4,14,0,1,0,49,1,47,35,47035,1,1999,YS3DD78N8X70,Y,S,3,D,D,7,8,N,8,X,7,0,0,0,0,000000000,00000000000,0,0,0,1,0,0,0,0,0,0,0,998,0,0,0,12,6,2,14,0,0,0,1,49,84094,6,1,0,0,3,0,70,185,98,0,0,0,0,0,0,0,0,0,28,0,0,0,1,2,45,1,1,2,1,0,0,1,13,1,1,4,11,1,1
49,490002,1,1,4,2,1,13,40,8,0,1,0,6,1,49,403,49403,14,2012,5TDBK3EH8CS1,5,T,D,B,K,3,E,H,8,C,S,1,1,1,0,000000000,00000000000,0,0,0,1,0,0,0,0,0,0,0,65,0,0,0,1,4,5,8,0,0,0,1,6,92037,6,1,0,0,3,0,67,163,0,0,0,0,0,0,0,0,0,0,0,0,0,0,3,2,65,1,1,2,1,0,0,1,80,6,1,1,13,0,0
49,490003,1,2,2,2,1,18,16,8,0,1,0,49,1,35,50,35050,5,2007,3N1BC13EX7L4,3,N,1,B,C,1,3,E,X,7,L,4,0,0,0,000000000,00000000000,0,0,0,1,0,0,0,0,0,0,0,65,0,0,0,2,4,3,8,0,0,0,1,49,84327,6,1,0,0,3,0,71,200,98,0,0,0,0,0,0,0,0,0,0,0,0,0,3,3,65,1,1,1,1,0,0,1,80,7,1,1,13,0,0
49,490003,2,2,1,2,1,18,16,8,0,1,0,49,1,12,401,12401,14,2004,1FMZU74W14UB,1,F,M,Z,U,7,4,W,1,4,U,B,0,0,0,000000000,00000000000,0,0,0,1,0,0,0,0,0,0,0,60,0,0,0,14,0,5,8,0,0,0,1,49,84067,6,1,0,0,3,3,68,155,98,0,0,0,0,0,0,0,0,0,0,0,0,0,3,3,65,1,1,1,1,0,0,1,80,6,1,2,98,0,0
49,490004,1,2,1,3,1,18,55,12,2,1,0,49,1,54,35,54035,4,2000,19UUA5660YA0,1,9,U,U,A,5,6,6,0,Y,A,0,0,0,0,000000000,00000000000,0,0,0,1,0,0,0,0,0,0,0,998,0,0,0,12,6,2,12,0,0,0,1,49,84062,6,1,0,0,3,0,73,195,98,0,0,0,0,0,0,0,0,0,51,0,0,0,1,2,60,1,1,2,1,0,0,1,10,1,1,2,50,1,0
49,490004,2,2,1,3,1,18,55,12,2,1,0,49,3,85,881,85881,66,2014,1XKDP4EXXEJ4,1,X,K,D,P,4,E,X,X,E,J,4,2,1,57,004015,57004015,3,7,4,1,0,0,0,0,0,0,0,60,0,1,1,12,6,2,12,0,0,1,1,49,84057,6,1,6,1,3,0,72,200,98,0,0,0,0,0,0,0,0,0,0,0,0,0,1,2,60,1,1,2,1,0,0,1,54,1,1,1,51,0,0
49,490005,1,1,1,12,1,12,30,35,0,1,0,32,1,55,36,55036,4,2005,KMHCG45C85U5,K,M,H,C,G,4,5,C,8,5,U,5,0,0,0,000000000,00000000000,0,0,0,1,0,0,0,0,0,0,0,80,0,1,5,12,6,2,1,0,0,0,1,32,89130,6,1,0,0,3,0,71,135,0,0,0,0,0,0,0,0,0,0,28,0,0,0,3,2,80,1,2,1,1,0,0,1,13,1,1,4,1,1,1
49,490006,1,2,1,14,1,8,54,12,6,1,0,49,1,18,7,18007,4,2001,2G4WS52J4112,2,G,4,W,S,5,2,J,4,1,1,2,0,0,0,000000000,00000000000,0,0,0,1,0,0,0,0,0,0,0,10,0,0,0,10,6,2,12,0,0,0,1,49,84319,6,1,0,0,3,0,65,180,98,0,0,0,0,0,0,0,0,0,38,0,0,0,1,2,45,1,2,2,1,20,3,11,15,1,1,1,82,1,0
49,490006,2,2,1,14,1,8,54,12,6,1,0,49,1,7,482,7482,31,2001,3B7KF23671G2,3,B,7,K,F,2,3,6,7,1,G,2,0,0,0,000000000,00000000000,0,0,0,1,0,0,0,0,0,0,0,60,0,0,0,12,6,2,12,0,0,0,1,49,84340,6,1,0,0,3,3,78,290,98,0,0,1,0,10,2012,10,2012,0,0,0,0,0,3,4,60,1,2,2,1,0,0,1,67,99,1,1,83,0,0
49,490007,1,1,1,15,1,6,20,8,0,1,0,49,1,23,481,23481,31,1987,1GTDR14K4HS5,1,G,T,D,R,1,4,K,4,H,S,5,0,0,0,000000000,00000000000,0,0,0,1,0,0,0,0,0,0,0,30,0,0,0,12,2,5,8,0,0,0,1,49,84604,6,1,6,0,3,3,70,180,98,0,0,0,0,0,0,0,0,0,0,0,0,0,5,5,35,1,1,1,1,2,3,1,80,1,1,1,13,0,0
49,490008,1,1,1,17,1,6,43,8,0,1,0,49,2,53,40,53040,4,2008,JS2YB4179851,J,S,2,Y,B,4,1,7,9,8,5,1,0,0,0,000000000,00000000000,0,0,0,1,0,0,0,0,0,0,0,35,0,0,0,12,4,3,8,0,0,0,1,49,84120,6,1,0,0,3,3,65,152,98,0,0,0,1,7,2013,7,2013,0,0,0,0,0,5,5,40,1,1,2,1,0,0,1,80,1,1,1,13,0,0
49,490009,1,2,1,12,1,4,18,12,6,1,0,49,3,85,881,85881,63,2013,1NKDX4TX6DJ3,1,N,K,D,X,4,T,X,6,D,J,3,1,2,57,2093360,572093360,3,4,2,2,2,1267,3,8,0,0,0,60,0,0,0,9,4,5,12,0,0,0,1,49,84066,6,1,6,1,3,0,72,205,98,0,0,0,0,0,0,0,0,0,88,0,0,0,1,3,65,1,2,2,4,0,0,1,8,99,7,2,66,0,0
49,490009,2,2,1,12,1,4,18,12,6,1,0,19,1,84,881,84881,66,2000,2HSCHAPR0YC0,2,H,S,C,H,A,P,R,0,Y,C,0,1,1,57,0606058,570606058,3,6,2,1,0,0,0,0,0,0,0,60,0,0,0,12,6,2,12,0,0,0,1,49,84629,6,1,6,0,3,3,71,170,98,0,0,0,0,0,0,0,0,0,0,0,0,0,1,3,65,1,2,2,4,0,0,1,62,1,1,1,66,1,0
49,490010,1,5,1,25,1,20,32,12,1,1,0,49,1,7,482,7482,31,2011,1D7RB1GP1BS6,1,D,7,R,B,1,G,P,1,B,S,6,0,0,0,000000000,00000000000,0,0,0,1,0,0,0,0,0,0,0,70,0,0,0,12,6,2,12,0,0,0,1,49,84118,6,1,0,0,3,0,63,140,98,0,0,0,0,0,0,0,0,3,39,0,0,0,5,6,45,1,2,2,1,3,3,1,52,1,1,1,28,0,1
49,490010,2,5,3,25,1,20,32,12,1,1,0,49,2,48,34,48034,6,1995,4S3BK6353S73,4,S,3,B,K,6,3,5,3,S,7,3,0,0,0,000000000,00000000000,0,0,0,1,0,0,0,0,0,0,0,5,0,0,0,6,6,2,12,0,0,0,1,49,84107,6,1,0,0,3,0,74,220,98,0,0,1,0,8,2012,8,2012,0,0,0,0,0,5,6,45,1,2,2,1,3,3,2,53,1,1,1,29,1,0
49,490010,3,5,3,25,1,20,32,12,1,1,0,49,1,12,422,12422,15,2001,1FMPU16L61LA,1,F,M,P,U,1,6,L,6,1,L,A,0,0,0,000000000,00000000000,0,0,0,1,0,0,0,0,0,0,0,0,0,0,0,6,6,2,12,0,0,0,1,49,84129,6,1,0,0,3,0,64,210,98,0,0,0,1,11,2011,11,2011,0,0,0,0,0,5,6,45,1,2,2,1,3,3,5,52,1,1,1,98,0,0
49,490010,4,5,2,25,1,20,32,12,1,1,0,49,2,7,442,7442,20,2002,2B4GP44R12R5,2,B,4,G,P,4,4,R,1,2,R,5,0,0,0,000000000,00000000000,0,0,0,1,0,0,0,0,0,0,0,0,0,0,0,6,6,2,12,0,0,0,1,49,84047,3,1,0,0,2,3,70,235,98,0,0,0,0,0,0,0,0,0,0,0,0,0,5,6,45,1,2,2,1,3,3,5,50,1,1,1,98,0,0
49,490010,5,5,2,25,1,20,32,12,1,1,0,49,1,51,46,51046,4,2008,YV1MS3828823,Y,V,1,M,S,3,8,2,8,8,2,3,0,0,0,000000000,00000000000,0,0,0,1,0,0,0,0,0,0,0,0,0,0,0,6,2,5,12,0,0,0,1,49,84096,6,1,0,0,3,3,67,127,98,0,0,0,0,0,0,0,0,0,0,0,0,0,5,6,45,1,2,2,1,3,3,5,50,1,1,1,98,0,0
49,490011,1,2,1,23,1,8,10,12,6,1,0,49,3,85,881,85881,66,2012,1XKAD49X4CR3,1,X,K,A,D,4,9,X,4,C,R,3,1,1,57,00167651,5700167651,3,6,3,1,0,0,0,0,0,0,0,30,0,0,0,12,6,2,12,0,0,0,1,49,84660,6,1,6,0,3,3,69,215,98,0,0,0,0,0,0,0,0,4,39,0,0,0,1,6,60,1,1,2,1,3,3,1,17,1,1,1,83,0,0
49,490011,2,2,1,23,1,8,10,12,6,1,0,49,1,35,39,35039,4,1999,JN1CA21D0XT2,J,N,1,C,A,2,1,D,0,X,T,2,0,0,0,000000000,00000000000,0,0,0,1,0,0,0,0,0,0,0,0,0,0,0,9,6,2,12,0,0,0,1,49,84660,6,1,0,0,3,0,72,215,98,0,0,0,0,0,0,0,0,0,0,0,0,0,1,4,99,1,1,2,1,3,3,11,66,1,1,1,82,1,0
49,490013,1,2,1,28,1,6,29,8,0,1,0,49,1,12,481,12481,31,2013,1FTFW1ET5DKF,1,F,T,F,W,1,E,T,5,D,K,F,0,0,0,000000000,00000000000,0,0,0,1,0,0,0,0,0,0,0,30,0,0,0,12,2,5,8,0,0,0,1,38,84075,6,1,6,0,3,0,68,185,0,0,0,0,0,0,0,0,0,0,0,0,0,0,5,5,40,1,1,2,1,3,3,1,80,1,1,1,13,0,1
49,490013,2,2,1,28,1,6,29,8,0,1,0,49,1,12,401,12401,14,2008,1FMEU73E98UA,1,F,M,E,U,7,3,E,9,8,U,A,0,0,0,000000000,00000000000,0,0,0,1,0,0,0,0,0,0,0,35,0,0,0,14,2,5,8,0,0,0,1,49,84075,6,1,0,0,3,0,66,180,98,0,0,1,1,7,2011,10,2011,0,0,0,0,0,5,5,40,1,1,2,1,3,3,1,80,1,1,1,98,0,0
49,490014,1,1,1,18,1,17,57,1,0,1,0,49,1,12,471,12471,30,2007,1FTYR10D87PA,1,F,T,Y,R,1,0,D,8,7,P,A,0,0,0,000000000,00000000000,0,0,0,1,0,0,0,0,0,0,0,75,0,1,1,0,6,2,31,0,0,0,1,49,84074,6,1,0,0,3,0,71,230,98,0,0,2,0,4,2013,10,2013,3,6,37,0,0,5,3,60,1,1,2,1,0,0,1,9,1,1,2,98,1,0
49,490015,1,2,1,30,1,6,50,31,0,1,0,49,3,85,881,85881,63,2008,1NKWL49X28R2,1,N,K,W,L,4,9,X,2,8,R,2,1,2,57,2093360,572093360,3,4,2,2,2,1267,3,2,0,0,0,40,0,1,5,7,6,2,12,0,0,0,1,49,84321,6,1,6,3,3,0,73,190,98,0,0,0,0,0,0,0,0,4,28,87,0,0,1,2,40,2,2,2,4,0,0,14,5,99,3,4,7,0,0
49,490015,2,2,1,30,1,6,50,31,0,1,0,49,3,7,482,7482,31,2011,1D7RV1CT6BS6,1,D,7,R,V,1,C,T,6,B,S,6,0,0,0,000000000,00000000000,0,0,0,1,0,0,0,0,0,0,0,40,0,0,0,11,6,2,12,0,0,0,1,49,84066,6,1,0,0,3,0,73,270,98,0,0,0,0,0,0,0,0,0,0,0,0,0,1,2,40,3,2,2,4,0,0,14,54,6,1,5,98,1,0
49,490016,1,2,1,13,1,10,37,12,2,1,0,49,1,20,431,20431,16,1990,1GNEV16K3LF1,1,G,N,E,V,1,6,K,3,L,F,1,0,0,0,000000000,00000000000,0,0,0,1,0,0,0,0,0,0,0,30,0,0,0,12,6,2,12,0,0,0,1,49,84321,6,1,0,0,3,0,71,210,98,0,0,0,0,0,0,0,0,0,51,87,0,0,1,3,40,2,6,2,3,0,0,14,5,2,2,2,50,0,0
49,490016,2,2,2,13,1,10,37,12,2,1,0,49,1,23,481,23481,31,1994,1GTGK29NXRE5,1,G,T,G,K,2,9,N,X,R,E,5,0,0,0,000000000,00000000000,0,0,0,1,0,0,0,0,0,0,0,40,0,0,0,12,6,2,12,0,0,0,1,49,84028,6,1,0,0,3,0,75,205,98,0,0,0,0,0,0,0,0,0,0,0,0,0,1,3,40,3,5,2,3,0,0,14,54,7,1,1,51,1,0
49,490017,1,1,2,28,1,0,19,30,0,1,0,49,2,42,42,42042,4,2011,WDDGF8BB0BR1,W,D,D,G,F,8,B,B,0,B,R,1,0,0,0,000000000,00000000000,0,0,0,1,0,0,0,0,0,0,0,999,0,0,0,9,6,2,30,0,0,0,1,49,84119,1,1,0,0,2,0,72,165,98,1,0,1,0,6,2013,9,2013,3,0,0,0,0,1,2,50,1,1,1,1,0,0,1,12,99,1,4,6,1,1
49,490019,1,2,3,27,2,15,3,12,6,1,0,49,1,49,401,49401,14,1997,JT3HN86R3V01,J,T,3,H,N,8,6,R,3,V,0,1,0,0,0,000000000,00000000000,0,0,0,1,0,0,0,0,0,0,0,65,0,0,0,12,6,2,12,0,0,0,1,49,84601,6,1,0,0,3,0,74,216,98,0,0,0,0,0,0,0,0,4,28,87,0,0,1,2,65,1,2,2,2,0,0,1,6,99,4,2,64,0,0
49,490019,2,2,1,27,2,15,3,12,6,1,0,40,1,12,13,12013,2,2000,3FAKP1137YR1,3,F,A,K,P,1,1,3,7,Y,R,1,0,0,0,000000000,00000000000,0,0,0,1,0,0,0,0,0,0,0,65,0,0,0,9,6,2,12,0,0,0,1,40,83221,6,1,0,0,3,0,69,190,0,0,0,0,0,0,0,0,0,0,0,0,0,0,1,2,65,1,2,2,2,0,0,1,62,99,1,1,65,1,0
49,490020,1,1,4,24,2,18,0,42,0,1,0,49,1,20,481,20481,31,1990,1GCGC24K3LE1,1,G,C,G,C,2,4,K,3,L,E,1,0,0,0,000000000,00000000000,0,0,0,1,0,0,0,0,0,0,0,25,0,0,0,9,2,3,42,0,0,0,1,49,84643,6,1,0,0,3,0,69,375,98,0,0,0,0,0,0,0,0,0,28,0,0,0,1,2,25,1,1,2,1,0,0,10,13,99,3,4,2,1,1
49,490021,1,1,1,17,3,6,56,8,0,1,0,40,1,37,31,37031,4,1999,1HGEJ814XXL0,1,H,G,E,J,8,1,4,X,X,L,0,0,0,0,000000000,00000000000,0,0,0,1,0,0,0,0,0,0,0,60,0,0,0,12,6,2,8,0,0,0,1,49,84074,0,0,0,0,0,0,999,999,99,99,99,99,99,99,9999,99,9999,0,0,0,0,0,1,2,60,1,1,2,1,0,0,1,80,1,1,1,13,0,0