STATE,ST_CASE,VEH_NO,VE_FORMS,NUMOCCS,DAY,MONTH,HOUR,MINUTE,HARM_EV,MAN_COLL,UNITTYPE,HIT_RUN,REG_STAT,OWNER,MAKE,MODEL,MAK_MOD,BODY_TYP,MOD_YEAR,VIN,VIN_1,VIN_2,VIN_3,VIN_4,VIN_5,VIN_6,VIN_7,VIN_8,VIN_9,VIN_10,VIN_11,VIN_12,TOW_VEH,J_KNIFE,MCARR_I1,MCARR_I2,MCARR_ID,GVWR,V_CONFIG,CARGO_BT,HAZ_INV,HAZ_PLAC,HAZ_ID,HAZ_CNO,HAZ_REL,BUS_USE,SPEC_USE,EMER_USE,TRAV_SP,UNDERIDE,ROLLOVER,ROLINLOC,IMPACT1,DEFORMED,TOWED,M_HARM,VEH_SC1,VEH_SC2,FIRE_EXP,DR_PRES,L_STATE,DR_ZIP,L_STATUS,L_TYPE,CDL_STAT,L_ENDORS,L_COMPL,L_RESTRI,DR_HGT,DR_WGT,PREV_ACC,PREV_SUS,PREV_DWI,PREV_SPD,PREV_OTH,FIRST_MO,FIRST_YR,LAST_MO,LAST_YR,SPEEDREL,DR_SF1,DR_SF2,DR_SF3,DR_SF4,VTRAFWAY,VNUM_LAN,VSPD_LIM,VALIGN,VPROFILE,VPAVETYP,VSURCOND,VTRAFCON,VTCONT_F,P_CRASH1,P_CRASH2,P_CRASH3,PCRASH4,PCRASH5,ACC_TYPE,DEATHS,DR_DRINK
49,490206,1,2,2,21,11,17,29,1,0,1,0,49,2,51,43,51043,4,2001,YV1SZ58D0110,Y,V,1,S,Z,5,8,D,0,1,1,0,0,0,0,000000000,00000000000,0,0,0,1,0,0,0,0,0,0,0,5,0,0,0,5,2,3,12,0,0,0,1,49,84098,6,2,0,0,3,3,64,125,98,0,0,0,0,0,0,0,0,0,38,0,0,0,5,3,25,1,1,2,1,0,0,11,15,1,1,1,98,0,0
49,490206,2,2,1,21,11,17,29,1,0,1,0,49,1,72,706,72706,80,2002,1HD1HAZ132K8,1,H,D,1,H,A,Z,1,3,2,K,8,0,0,0,000000000,00000000000,0,0,0,1,0,0,0,0,0,0,0,25,0,0,0,0,6,2,12,0,0,0,1,49,84098,6,1,0,0,3,3,74,230,98,0,0,0,0,0,0,0,0,0,0,0,0,0,5,3,25,1,1,2,1,0,0,1,17,3,1,1,98,1,0
49,490207,1,2,2,29,11,16,12,12,6,1,0,49,1,55,33,55033,4,1997,KMHCF34TXVU7,K,M,H,C,F,3,4,T,X,V,U,7,0,0,0,000000000,00000000000,0,0,0,1,0,0,0,0,0,0,0,30,0,0,0,9,6,2,12,0,0,0,1,49,84043,6,1,0,0,3,0,66,123,98,0,0,0,0,0,0,0,0,0,39,0,0,0,1,5,40,1,1,1,1,3,3,1,17,1,1,1,89,1,0
49,490207,2,2,3,29,11,16,12,12,6,1,0,49,1,22,18,22018,4,2001,1G2WP52K91F1,1,G,2,W,P,5,2,K,9,1,F,1,0,0,0,000000000,00000000000,0,0,0,1,0,0,0,0,0,0,0,60,0,0,0,12,6,2,12,0,0,0,1,49,84020,6,1,0,0,3,0,62,138,98,0,0,0,0,0,0,0,0,0,0,0,0,0,2,3,60,1,1,1,1,3,3,1,66,1,1,1,88,0,0
49,490208,1,1,3,30,10,19,8,8,0,1,0,49,1,37,32,37032,4,2008,1HGCP26358A1,1,H,G,C,P,2,6,3,5,8,A,1,0,0,0,000000000,00000000000,0,0,0,1,0,0,0,0,0,0,0,43,0,0,0,12,2,5,8,0,0,0,1,49,84088,6,1,0,0,3,3,67,138,98,0,0,0,0,0,0,0,0,0,0,0,0,0,5,5,40,1,1,2,1,0,0,1,80,1,1,1,13,0,0
49,490209,1,1,1,29,5,12,0,1,0,1,0,49,1,72,706,72706,80,2005,1HD1FCW115Y6,1,H,D,1,F,C,W,1,1,5,Y,6,0,0,0,000000000,00000000000,0,0,0,1,0,0,0,0,0,0,0,30,0,0,0,0,2,5,1,0,0,0,1,49,84726,6,1,6,1,3,3,71,160,98,0,0,0,0,0,0,0,0,0,28,0,0,0,1,2,30,4,2,2,1,0,0,14,13,1,1,4,1,1,0
49,490210,1,1,1,26,9,16,18,31,0,1,0,49,1,35,47,35047,4,2014,1N4AL3APXEN2,1,N,4,A,L,3,A,P,X,E,N,2,0,0,0,000000000,00000000000,0,0,0,1,0,0,0,0,0,0,0,999,0,0,0,12,6,2,35,0,0,1,1,32,89027,6,1,0,0,3,0,69,165,0,0,0,0,0,0,0,0,0,0,28,0,0,0,1,2,50,1,2,2,1,0,0,1,13,1,1,4,1,1,1
49,490211,1,2,2,15,11,21,42,12,1,1,0,49,2,35,47,35047,4,1997,1N4BU31D2VC1,1,N,4,B,U,3,1,D,2,V,C,1,0,0,0,000000000,00000000000,0,0,0,1,0,0,0,0,0,0,0,100,0,0,0,12,6,2,12,0,0,0,1,49,84084,6,1,6,0,3,3,66,162,98,0,0,0,0,0,0,0,0,3,26,0,0,0,5,5,35,1,1,2,1,0,0,1,51,1,1,1,24,1,1
49,490211,2,2,2,15,11,21,42,12,1,1,0,49,1,12,37,12037,4,2005,1FAFP34N55W2,1,F,A,F,P,3,4,N,5,5,W,2,0,0,0,000000000,00000000000,0,0,0,1,0,0,0,0,0,0,0,35,0,0,0,6,2,5,12,0,0,0,1,49,84081,6,2,0,0,3,3,64,110,98,0,0,0,0,0,0,0,0,0,0,0,0,0,5,5,35,1,1,2,1,0,0,1,53,1,1,1,25,0,0
49,490212,1,1,1,22,11,21,0,57,0,1,0,49,1,41,51,41051,4,2011,JM1BL1UG4B13,J,M,1,B,L,1,U,G,4,B,1,3,0,0,0,000000000,00000000000,0,0,0,1,0,0,0,0,0,0,0,80,0,1,5,9,6,2,1,0,0,0,1,49,84075,6,1,0,0,3,0,64,120,98,0,0,1,0,1,2012,1,2012,4,58,0,0,0,3,4,65,1,1,2,2,0,0,1,12,1,1,4,6,1,1
49,490213,1,1,1,4,12,16,35,31,0,1,0,49,1,20,4,20004,3,1989,1G1YY2184K51,1,G,1,Y,Y,2,1,8,4,K,5,1,0,0,0,000000000,00000000000,0,0,0,1,0,0,0,0,0,0,0,90,0,0,0,2,6,2,42,0,0,0,1,49,84780,2,1,0,0,2,2,68,215,98,1,0,1,0,9,2012,9,2012,3,28,74,0,0,1,2,50,1,2,2,1,0,0,1,13,1,1,4,1,1,0
49,490214,1,1,1,27,9,99,99,8,0,1,1,99,9,99,999,99999,99,9999,999999999999,9,9,9,9,9,9,9,9,9,9,9,9,9,0,0,000000000,00000000000,0,0,0,1,0,0,0,0,99,99,9,999,0,0,0,99,2,5,8,0,0,0,1,99,99999,9,9,99,9,9,9,999,999,99,99,99,99,99,99,9999,99,9999,9,99,99,99,99,1,2,99,9,9,2,99,0,0,99,82,99,9,9,13,0,0
49,490215,1,1,1,19,10,19,57,14,0,1,0,49,1,37,35,37035,1,2004,JHMAP21424T0,J,H,M,A,P,2,1,4,2,4,T,0,0,0,0,000000000,00000000000,0,0,0,1,0,0,0,0,0,0,0,999,0,0,0,3,6,2,14,0,0,0,1,49,84120,6,1,0,0,3,0,73,147,98,0,0,1,1,10,2012,2,2013,3,36,0,0,0,1,2,99,2,2,2,1,0,0,14,6,99,5,4,11,1,0
49,490217,1,1,5,26,11,23,49,1,0,1,0,49,2,41,51,41051,4,2008,JM1BK3439818,J,M,1,B,K,3,4,3,9,8,1,8,0,0,0,000000000,00000000000,0,0,0,1,0,0,0,0,0,0,0,120,0,1,5,0,6,2,1,0,0,0,1,49,84040,6,1,0,0,3,3,75,135,98,0,0,1,0,5,2014,5,2014,3,33,58,0,0,2,3,55,2,2,2,1,0,0,6,6,99,3,4,7,2,0
49,490218,1,1,2,1,12,23,30,30,0,1,0,49,2,59,34,59034,4,2008,JTHCE96S0800,J,T,H,C,E,9,6,S,0,8,0,0,0,0,0,000000000,00000000000,0,0,0,1,0,0,0,0,0,0,0,115,0,1,5,12,6,2,1,0,0,0,1,49,84066,6,1,0,0,3,0,66,200,98,0,0,0,0,0,0,0,0,3,0,0,0,0,1,2,35,4,3,2,1,0,0,14,13,99,1,4,1,1,1
49,490219,1,1,1,7,12,13,17,33,0,1,0,49,1,49,403,49403,14,2006,JTEEW21A1600,J,T,E,E,W,2,1,A,1,6,0,0,0,0,0,000000000,00000000000,0,0,0,1,0,0,0,0,0,0,0,40,0,0,0,98,6,2,42,0,0,0,1,49,84763,6,1,0,0,3,3,66,148,98,0,0,0,0,0,0,0,0,0,51,0,0,0,1,5,40,1,1,2,1,0,0,1,12,1,1,4,6,1,0
49,490220,1,1,1,24,12,17,5,1,0,1,0,49,1,12,401,12401,14,2001,1FMYU60EX1UC,1,F,M,Y,U,6,0,E,X,1,U,C,0,0,0,000000000,00000000000,0,0,0,1,0,0,0,0,0,0,0,75,0,1,3,0,6,2,1,0,0,0,1,49,84337,6,1,0,0,3,3,71,135,98,0,0,1,1,1,2014,9,2014,0,28,58,0,0,3,2,75,4,1,2,1,0,0,14,12,7,1,4,6,1,0
49,490221,1,1,1,11,12,4,20,31,0,1,0,49,2,20,481,20481,31,2002,3GNEK13T82G2,3,G,N,E,K,1,3,T,8,2,G,2,0,0,0,000000000,00000000000,0,0,0,1,0,0,0,0,0,0,0,60,0,1,5,98,6,2,1,0,0,0,1,49,84501,6,1,0,0,3,3,72,140,98,1,1,0,2,4,2012,1,2014,9,28,0,0,0,1,2,65,2,1,2,1,40,3,14,12,1,1,4,6,1,0
49,490222,1,2,1,5,12,17,14,12,1,1,0,49,1,72,706,72706,80,2012,1HD1GPM10CC3,1,H,D,1,G,P,M,1,0,C,C,3,0,0,0,000000000,00000000000,0,0,0,1,0,0,0,0,0,0,0,55,0,0,0,12,6,2,12,0,0,0,1,49,84601,6,1,0,0,3,3,72,175,98,0,0,4,0,8,2012,3,2014,4,26,36,0,0,3,4,65,1,1,2,1,0,0,1,52,3,1,1,28,1,0
49,490222,2,2,3,5,12,17,14,12,1,1,0,49,2,37,32,37032,4,2008,JHMCP26848C0,J,H,M,C,P,2,6,8,4,8,C,0,0,0,0,000000000,00000000000,0,0,0,1,0,0,0,0,0,0,0,35,0,0,0,6,2,5,12,0,0,0,1,49,84660,6,1,0,0,3,0,73,170,98,2,0,0,2,1,2013,2,2014,0,0,0,0,0,3,4,65,1,1,2,1,0,0,2,53,1,1,1,29,0,0
49,490223,1,1,1,13,12,17,24,15,0,1,0,49,2,35,51,35051,6,2014,5N1AT2MV0EC7,5,N,1,A,T,2,M,V,0,E,C,7,0,0,0,000000000,00000000000,0,0,0,1,0,0,0,0,0,0,0,40,0,0,0,12,4,3,15,0,0,0,1,49,84081,1,1,5,0,2,0,75,260,98,0,0,2,2,1,2012,6,2013,0,0,0,0,0,1,2,40,1,2,2,2,0,0,1,83,1,1,3,13,0,1
49,490224,1,1,1,4,10,19,59,1,0,1,0,49,2,98,739,98739,90,2000,UTR05873,U,T,R,0,5,8,7,3,,,,,0,0,0,000000000,00000000000,0,0,0,1,0,0,0,0,0,0,0,999,0,1,1,0,2,5,1,0,0,0,1,49,84116,3,1,0,0,2,3,74,180,98,0,0,0,0,0,0,0,0,3,99,99,99,99,1,2,99,3,1,2,1,0,0,14,9,4,1,3,98,1,0
49,490225,1,2,1,31,12,1,15,12,2,1,0,49,3,20,481,20481,31,2013,1GB2KVCG9DZ1,1,G,B,2,K,V,C,G,9,D,Z,1,0,0,0,000000000,00000000000,0,0,0,1,0,0,0,0,0,0,0,60,0,0,0,12,6,2,12,0,0,0,1,49,84047,3,1,0,0,2,0,67,205,98,0,0,0,2,4,2013,11,2013,0,51,0,0,0,3,2,60,1,1,1,1,0,0,1,54,1,1,1,52,1,0
49,490225,2,2,1,31,12,1,15,12,2,1,0,49,2,20,37,20037,4,2012,1G1ZC5E03CF2,1,G,1,Z,C,5,E,0,3,C,F,2,0,0,0,000000000,00000000000,0,0,0,1,0,0,0,0,0,0,0,60,0,0,0,12,6,2,12,0,0,0,1,49,84074,6,1,0,0,3,3,71,209,98,0,0,0,0,0,0,0,0,0,0,0,0,0,3,2,60,1,1,1,1,0,0,1,54,1,1,1,52,1,0
49,490226,1,1,1,29,12,22,50,14,0,1,0,53,1,54,38,54038,3,2002,JH4DC548X2C0,J,H,4,D,C,5,4,8,X,2,C,0,0,0,0,000000000,00000000000,0,0,0,1,0,0,0,0,0,0,0,65,0,0,0,9,6,2,14,0,0,0,1,53,98004,6,1,0,0,3,0,71,175,0,0,0,0,0,0,0,0,0,4,0,0,0,0,3,2,55,2,6,2,3,0,0,14,6,99,3,4,11,1,0
49,490227,1,1,1,3,12,21,20,53,0,1,0,49,2,37,32,37032,4,1994,1HGCD5641RA0,1,H,G,C,D,5,6,4,1,R,A,0,0,0,0,000000000,00000000000,0,0,0,1,0,0,0,0,0,0,0,50,0,0,0,98,6,2,30,0,0,1,1,49,84047,1,1,0,0,2,0,72,300,98,1,0,0,0,5,2014,5,2014,3,28,0,0,0,5,5,40,3,2,2,1,0,0,14,12,1,1,4,6,1,0
49,490228,1,1,1,7,11,18,20,35,0,1,0,49,2,37,739,37739,90,2000,999999999999,9,9,9,9,9,9,9,9,9,9,9,9,0,0,0,000000000,00000000000,0,0,0,1,0,0,0,0,0,0,0,60,0,0,0,98,0,5,35,0,0,0,1,49,84115,6,7,0,0,3,0,74,137,98,0,0,0,0,0,0,0,0,3,0,0,0,0,1,2,25,1,1,5,1,0,0,1,13,1,1,4,1,1,0
49,490229,1,1,4,13,12,9,44,1,0,1,0,53,9,2,402,2402,14,1983,1JCCN87E4DT0,1,J,C,C,N,8,7,E,4,D,T,0,0,0,0,000000000,00000000000,0,0,0,1,0,0,0,0,0,0,0,999,0,1,5,0,6,2,1,0,0,0,1,49,84056,6,1,0,0,3,0,66,170,98,0,0,0,0,0,0,0,0,0,99,99,99,99,1,2,99,1,2,5,11,0,0,13,13,99,1,5,98,2,0
49,490230,1,1,1,22,12,18,7,8,0,1,0,49,1,35,47,35047,4,2005,1N4AL11D35N4,1,N,4,A,L,1,1,D,3,5,N,4,0,0,0,000000000,00000000000,0,0,0,1,0,0,0,0,0,0,0,999,0,0,0,12,6,2,8,0,0,0,1,49,84047,1,1,0,0,2,0,72,159,98,0,0,1,0,9,2013,9,2013,9,42,0,0,0,3,3,99,1,1,2,2,2,3,1,80,1,1,3,13,0,1
49,490231,1,2,2,12,12,5,49,12,2,1,0,4,2,55,36,55036,4,2014,KMHCT4AE6EU6,K,M,H,C,T,4,A,E,6,E,U,6,0,0,0,000000000,00000000000,0,0,0,1,0,0,0,0,0,0,0,58,0,0,0,12,6,2,12,0,0,0,1,49,84106,6,1,0,0,3,0,66,155,98,0,0,0,1,6,2014,6,2014,0,51,0,0,0,1,2,60,4,1,2,1,0,0,14,10,1,1,2,50,2,0
49,490231,2,2,1,12,12,5,49,12,2,1,0,49,1,49,482,49482,31,2015,5TFHW5F17FX4,5,T,F,H,W,5,F,1,7,F,X,4,0,0,0,000000000,00000000000,0,0,0,1,0,0,0,0,0,0,0,55,0,0,0,12,6,2,12,0,0,0,1,6,96049,6,1,0,0,3,0,71,180,0,0,0,0,0,0,0,0,0,0,0,0,0,0,1,2,60,4,1,2,1,0,0,14,62,6,1,2,51,0,0
50,500001,1,1,1,5,1,11,24,1,0,1,0,50,2,24,1,24001,4,2001,1G8ZH52871Z3,1,G,8,Z,H,5,2,8,7,1,Z,3,0,0,0,000000000,00000000000,0,0,0,1,0,0,0,0,0,0,0,998,0,2,5,0,6,2,1,0,0,0,1,50,5401,6,1,0,0,3,0,64,116,0,0,0,1,0,1,2013,1,2013,4,0,0,0,0,1,2,30,2,1,4,3,0,0,14,6,1,5,4,7,1,0
50,500002,1,1,1,15,1,9,8,8,0,1,1,50,2,23,481,23481,31,2005,1GTHK29U25E3,1,G,T,H,K,2,9,U,2,5,E,3,0,0,0,000000000,00000000000,0,0,0,1,0,0,0,0,0,0,0,998,0,0,0,1,0,5,8,0,0,0,1,50,5767,6,1,0,0,3,0,71,190,0,0,0,0,0,0,0,0,0,0,0,0,0,0,1,2,30,1,1,2,2,20,3,10,80,1,1,1,13,0,0
50,500003,1,2,2,20,1,13,15,24,0,1,0,25,1,49,40,49040,4,2003,4T1BE32K23U7,4,T,1,B,E,3,2,K,2,3,U,7,0,0,0,000000000,00000000000,0,0,0,1,0,0,0,0,0,0,0,998,0,0,0,1,6,2,12,0,0,0,1,25,2067,6,1,0,0,3,3,69,999,0,0,0,0,0,0,0,0,0,4,28,0,0,0,1,2,50,2,1,2,3,0,0,14,12,1,1,4,6,1,0
50,500003,2,2,3,20,1,13,15,24,0,1,0,50,1,48,34,48034,4,2004,4S3BE6252472,4,S,3,B,E,6,2,5,2,4,7,2,0,0,0,000000000,00000000000,0,0,0,1,0,0,0,0,0,0,0,998,0,0,0,12,6,2,12,0,0,0,1,50,5842,0,0,0,0,0,0,999,999,0,0,0,0,0,0,0,0,0,0,0,0,0,0,1,2,50,3,1,2,3,0,0,14,62,9,1,4,98,0,0
50,500004,1,2,2,26,1,15,28,12,6,1,0,92,0,98,998,98998,91,1994,000000000000,0,0,0,0,0,0,0,0,0,0,0,0,0,0,0,000000000,00000000000,0,0,0,1,0,0,0,0,0,0,0,998,0,0,0,12,6,2,12,0,0,0,1,50,5743,0,0,0,0,0,0,999,999,0,0,0,0,0,0,0,0,0,0,0,0,0,0,1,2,50,1,1,2,8,0,0,1,98,1,1,7,98,1,0
50,500004,2,2,1,26,1,15,28,12,6,1,0,50,2,98,804,98804,66,2004,5KJJABCK84PM,5,K,J,J,A,B,C,K,8,4,P,M,1,1,57,312763,57312763,3,6,1,1,0,0,0,0,0,0,0,998,0,0,0,3,2,5,12,0,0,0,1,50,5488,6,1,6,0,3,0,69,160,0,0,0,0,0,0,0,0,0,0,0,0,0,0,1,2,50,1,1,2,8,0,0,1,78,6,1,2,98,0,0
50,500005,1,1,1,29,1,11,0,30,0,1,0,50,1,18,22,18022,4,2008,2G4WE5877811,2,G,4,W,E,5,8,7,7,8,1,1,0,0,0,000000000,00000000000,0,0,0,1,0,0,0,0,0,0,0,998,0,0,0,10,6,2,30,0,0,0,1,50,5733,6,1,6,0,3,0,67,215,0,0,0,0,0,0,0,0,0,0,0,0,0,0,1,2,50,1,1,2,1,0,0,1,12,1,1,4,6,1,0
50,500006,1,1,1,30,1,12,11,42,0,1,0,50,1,49,402,49402,14,2009,JTMBF33V4950,J,T,M,B,F,3,3,V,4,9,5,0,0,0,0,000000000,00000000000,0,0,0,1,0,0,0,0,0,0,0,998,0,0,0,12,6,2,42,0,0,0,1,50,5757,6,1,0,0,3,0,67,130,0,0,0,0,0,0,0,0,0,0,0,0,0,0,1,2,40,1,1,2,1,0,0,1,12,1,1,4,6,1,0
50,500007,1,1,1,11,2,15,23,30,0,1,0,50,2,12,402,12402,14,2012,1FMCU9C72CKA,1,F,M,C,U,9,C,7,2,C,K,A,0,0,0,000000000,00000000000,0,0,0,1,0,0,0,0,0,0,0,998,0,0,0,11,6,2,30,0,0,0,1,50,5251,6,1,0,0,3,3,64,125,0,0,0,0,0,0,0,0,0,0,0,0,0,0,1,2,35,1,5,2,1,0,0,1,12,1,1,4,6,1,1
50,500008,1,3,0,14,2,10,12,8,0,1,0,36,6,84,890,84890,66,2011,3HSCUAPR1BN1,3,H,S,C,U,A,P,R,1,B,N,1,1,1,57,566783,57566783,3,6,1,1,0,0,0,0,0,0,0,998,0,0,0,6,6,2,12,0,0,0,0,0,99997,7,6,97,7,6,7,998,997,998,998,998,998,998,98,9998,98,9998,8,0,0,0,0,1,2,65,1,6,2,3,0,0,0,98,0,0,0,98,0,0
50,500008,2,3,1,14,2,10,12,8,0,1,0,33,1,12,37,12037,5,2013,1FADP3K24DL1,1,F,A,D,P,3,K,2,4,D,L,1,0,0,0,000000000,00000000000,0,0,0,1,0,0,0,0,0,0,0,998,0,0,0,12,6,2,8,0,0,0,1,33,3582,6,1,0,0,3,0,75,220,0,0,0,1,0,11,2012,11,2012,4,0,0,0,0,3,2,65,1,6,2,3,0,0,1,80,1,1,1,13,0,0
50,500008,3,3,1,14,2,10,12,8,0,1,0,50,2,7,43,7043,4,2005,1B3EL46JX5N5,1,B,3,E,L,4,6,J,X,5,N,5,0,0,0,000000000,00000000000,0,0,0,1,0,0,0,0,0,0,0,998,0,0,0,12,6,2,12,0,0,0,1,50,5033,6,1,0,0,3,0,70,150,0,0,0,0,1,3,2011,3,2011,0,0,0,0,0,3,2,65,1,6,2,3,0,0,1,50,1,1,1,98,0,0
50,500009,1,2,1,21,2,20,3,12,6,1,0,42,3,82,890,82890,66,2005,1FUJA6AV55PU,1,F,U,J,A,6,A,V,5,5,P,U,1,2,57,2173574,572173574,3,6,1,1,0,0,0,0,0,0,0,998,0,0,0,4,6,2,12,0,0,0,1,42,18372,6,1,6,0,3,0,69,999,0,0,0,0,0,0,0,0,0,4,0,0,0,0,1,2,50,3,5,2,4,0,0,14,6,1,7,2,98,0,0
50,500009,2,2,25,21,2,20,3,12,6,1,0,34,3,98,988,98988,58,2000,YE2TC32B9Y20,Y,E,2,T,C,3,2,B,9,Y,2,0,0,0,57,686394,57686394,3,21,22,1,0,0,0,0,5,3,0,998,0,0,0,12,6,2,12,0,0,0,1,34,8510,6,1,6,1,3,0,67,999,3,0,0,0,0,12,2011,9,2013,0,0,0,0,0,1,2,50,2,6,2,4,0,0,14,54,99,9,1,98,1,0
50,500010,1,1,2,30,3,19,19,42,0,1,0,33,2,41,51,41051,4,2008,JM1BK32G6818,J,M,1,B,K,3,2,G,6,8,1,8,0,0,0,000000000,00000000000,0,0,0,1,0,0,0,0,0,0,0,998,0,1,5,98,6,2,42,0,0,0,1,50,5151,6,1,0,0,3,0,73,150,0,0,0,0,1,11,2011,11,2011,0,0,0,0,0,1,2,50,3,5,2,1,0,0,14,13,6,1,4,1,1,0
50,500011,1,1,1,17,4,18,8,24,0,1,0,50,2,37,705,37705,80,2001,JH2PC35081M2,J,H,2,P,C,3,5,0,8,1,M,2,0,0,0,000000000,00000000000,0,0,0,1,0,0,0,0,0,0,0,998,0,0,0,12,6,2,24,0,0,0,1,50,5468,6,1,0,0,2,0,71,145,0,2,0,1,7,6,2011,4,2013,3,0,0,0,0,3,2,50,3,1,2,1,0,0,14,13,2,2,4,2,1,0
50,500012,1,2,1,1,5,15,31,12,6,1,0,50,1,49,472,49472,30,2007,5TEUU42N67Z3,5,T,E,U,U,4,2,N,6,7,Z,3,0,0,0,000000000,00000000000,0,0,0,1,0,0,0,0,0,0,0,998,0,0,0,12,6,2,12,0,0,0,1,50,5156,6,1,0,0,3,3,66,131,0,0,0,0,0,0,0,0,0,0,38,0,0,0,1,2,50,1,5,2,1,0,0,11,15,1,1,2,68,0,0
50,500012,2,2,1,1,5,15,31,12,6,1,0,50,2,76,705,76705,80,1985,JYA1FG005FA0,J,Y,A,1,F,G,0,0,5,F,A,0,0,0,0,000000000,00000000000,0,0,0,1,0,0,0,0,0,0,0,998,0,0,0,10,6,2,12,0,0,0,1,50,5149,6,1,0,0,3,0,70,165,0,0,0,0,0,0,0,0,0,0,0,0,0,0,1,2,50,1,6,2,1,0,0,1,62,1,1,1,69,1,0
50,500013,1,1,1,7,5,17,34,24,0,1,0,50,1,37,706,37706,80,2003,JH2RC44523M7,J,H,2,R,C,4,4,5,2,3,M,7,0,0,0,000000000,00000000000,0,0,0,1,0,0,0,0,0,0,0,998,0,0,0,3,6,2,24,0,0,0,1,33,3590,6,1,0,0,3,0,62,140,0,0,0,0,0,0,0,0,0,0,0,0,0,0,1,2,50,3,1,2,1,0,0,14,13,1,1,4,1,1,0
50,500014,1,1,1,1,6,15,28,1,0,1,0,50,1,39,36,39036,4,2003,SAJEA51D83XD,S,A,J,E,A,5,1,D,8,3,X,D,0,0,0,000000000,00000000000,0,0,0,1,0,0,0,0,0,0,0,998,0,2,5,0,6,2,42,0,0,0,1,50,5444,6,1,0,0,3,3,72,185,0,0,0,1,0,7,2011,7,2011,0,0,0,0,0,1,2,50,3,6,4,1,0,0,14,13,6,3,4,2,1,1
50,500015,1,2,1,16,6,15,34,12,2,1,0,50,1,24,7,24007,4,2004,1G8AV12FX4Z1,1,G,8,A,V,1,2,F,X,4,Z,1,0,0,0,000000000,00000000000,0,0,0,1,0,0,0,0,0,0,0,998,0,0,0,12,6,2,12,0,0,0,1,50,5661,6,1,0,0,3,0,61,123,1,1,0,0,0,10,2011,11,2013,0,0,0,0,0,1,2,35,2,6,2,1,0,0,14,10,1,1,2,50,1,1
50,500015,2,2,2,16,6,15,34,12,2,1,0,50,3,86,890,86890,63,1987,1M2AY04Y0HM0,1,M,2,A,Y,0,4,Y,0,H,M,0,0,0,57,1307136,571307136,3,1,4,1,0,0,0,0,0,0,0,998,0,0,0,12,6,2,12,0,0,0,1,50,5661,6,1,6,0,3,0,73,180,0,0,0,0,0,0,0,0,0,0,0,0,0,0,1,2,35,3,5,2,1,0,0,14,62,7,1,2,51,0,0
50,500016,1,2,1,21,6,15,5,12,2,1,0,50,1,30,40,30040,4,2009,3VWJZ71K29M0,3,V,W,J,Z,7,1,K,2,9,M,0,0,0,0,000000000,00000000000,0,0,0,1,0,0,0,0,0,0,0,998,0,1,1,12,6,2,12,0,0,0,1,50,5763,6,1,0,0,3,0,68,170,0,0,0,0,0,0,0,0,0,0,0,0,0,0,1,2,50,1,1,2,1,0,0,1,10,7,1,2,50,1,0
50,500016,2,2,3,21,6,15,5,12,2,1,0,50,1,12,401,12401,14,2005,1FMYU93155KE,1,F,M,Y,U,9,3,1,5,5,K,E,0,0,0,000000000,00000000000,0,0,0,1,0,0,0,0,0,0,0,998,0,0,0,12,6,2,12,0,0,0,1,50,5763,6,1,0,0,3,0,57,105,0,0,0,1,0,3,2013,3,2013,0,0,0,0,0,1,2,50,1,1,2,1,0,0,1,62,9,1,1,51,0,0
50,500017,1,5,1,29,6,9,10,12,6,1,0,50,1,48,34,48034,6,1996,4S3BK4352T73,4,S,3,B,K,4,3,5,2,T,7,3,0,0,0,000000000,00000000000,0,0,0,1,0,0,0,0,0,0,0,998,0,0,0,12,6,2,12,0,0,0,1,50,5681,6,1,0,0,3,0,69,180,1,0,0,1,0,8,2011,11,2013,0,28,0,0,0,1,2,40,1,1,2,1,0,0,1,10,1,1,2,64,0,0
50,500017,2,5,1,29,6,9,10,12,6,1,0,25,1,72,706,72706,80,2013,1HD1KBM15DB6,1,H,D,1,K,B,M,1,5,D,B,6,0,0,0,000000000,00000000000,0,0,0,1,0,0,0,0,0,0,0,998,0,0,0,61,6,2,12,0,0,0,1,25,1749,6,1,0,0,3,3,67,999,0,0,0,0,0,0,0,0,0,0,0,0,0,0,1,2,40,1,1,2,1,0,0,1,62,10,1,1,65,0,0
50,500017,3,5,1,29,6,9,10,12,6,1,0,25,1,72,706,72706,80,1999,1HD1FHW15XY6,1,H,D,1,F,H,W,1,5,X,Y,6,0,0,0,000000000,00000000000,0,0,0,1,0,0,0,0,0,0,0,998,0,0,0,12,6,2,12,0,0,0,1,25,2364,6,1,0,0,3,0,73,999,0,0,0,0,0,0,0,0,0,0,0,0,0,0,1,2,40,1,1,2,1,0,0,1,62,1,1,1,98,1,0
50,500017,4,5,1,29,6,9,10,12,6,1,0,25,1,72,706,72706,80,2010,1HD1FF419AB6,1,H,D,1,F,F,4,1,9,A,B,6,0,0,0,000000000,00000000000,0,0,0,1,0,0,0,0,0,0,0,998,0,0,0,4,6,2,12,0,0,0,1,25,1749,6,1,0,0,3,3,70,999,0,0,0,0,0,0,0,0,0,0,0,0,0,0,1,2,40,1,1,2,1,0,0,1,62,8,9,1,98,0,0