STATE,ST_CASE,VEH_NO,VE_FORMS,NUMOCCS,DAY,MONTH,HOUR,MINUTE,HARM_EV,MAN_COLL,UNITTYPE,HIT_RUN,REG_STAT,OWNER,MAKE,MODEL,MAK_MOD,BODY_TYP,MOD_YEAR,VIN,VIN_1,VIN_2,VIN_3,VIN_4,VIN_5,VIN_6,VIN_7,VIN_8,VIN_9,VIN_10,VIN_11,VIN_12,TOW_VEH,J_KNIFE,MCARR_I1,MCARR_I2,MCARR_ID,GVWR,V_CONFIG,CARGO_BT,HAZ_INV,HAZ_PLAC,HAZ_ID,HAZ_CNO,HAZ_REL,BUS_USE,SPEC_USE,EMER_USE,TRAV_SP,UNDERIDE,ROLLOVER,ROLINLOC,IMPACT1,DEFORMED,TOWED,M_HARM,VEH_SC1,VEH_SC2,FIRE_EXP,DR_PRES,L_STATE,DR_ZIP,L_STATUS,L_TYPE,CDL_STAT,L_ENDORS,L_COMPL,L_RESTRI,DR_HGT,DR_WGT,PREV_ACC,PREV_SUS,PREV_DWI,PREV_SPD,PREV_OTH,FIRST_MO,FIRST_YR,LAST_MO,LAST_YR,SPEEDREL,DR_SF1,DR_SF2,DR_SF3,DR_SF4,VTRAFWAY,VNUM_LAN,VSPD_LIM,VALIGN,VPROFILE,VPAVETYP,VSURCOND,VTRAFCON,VTCONT_F,P_CRASH1,P_CRASH2,P_CRASH3,PCRASH4,PCRASH5,ACC_TYPE,DEATHS,DR_DRINK
50,500017,5,5,1,29,6,9,10,12,6,1,0,25,1,37,706,37706,80,1996,1HFSC2201TA8,1,H,F,S,C,2,2,0,1,T,A,8,0,0,0,000000000,00000000000,0,0,0,1,0,0,0,0,0,0,0,998,0,0,0,98,6,2,12,0,0,0,1,25,2038,6,1,6,0,3,3,77,999,0,0,0,0,0,0,0,0,0,0,0,0,0,0,1,2,40,1,1,2,1,0,0,1,62,7,9,1,98,0,0
50,500018,1,1,1,2,7,1,7,35,0,1,0,0,0,98,998,98998,97,1986,000000000000,0,0,0,0,0,0,0,0,0,0,0,0,0,0,0,000000000,00000000000,0,0,0,1,0,0,0,0,0,0,0,998,0,2,5,82,2,5,1,0,0,0,1,9,5758,9,9,99,9,9,9,999,999,99,99,99,99,99,99,9999,99,9999,0,0,0,0,0,1,2,50,1,6,4,2,0,0,1,13,1,1,4,1,1,0
50,500019,1,1,2,5,7,10,33,42,0,1,0,50,1,20,19,20019,8,1992,1G1LT5342NY2,1,G,1,L,T,5,3,4,2,N,Y,2,0,0,0,000000000,00000000000,0,0,0,1,0,0,0,0,0,0,0,998,0,0,0,12,6,2,42,0,0,0,1,50,5641,6,1,0,0,3,3,71,168,0,0,0,0,0,0,0,0,0,0,0,0,0,0,1,2,25,1,6,2,1,0,0,1,13,7,1,4,1,1,0
50,500020,1,1,2,6,7,0,41,17,0,1,0,50,1,20,461,20461,21,2008,1GNFG1546812,1,G,N,F,G,1,5,4,6,8,1,2,0,0,0,000000000,00000000000,0,0,0,1,0,0,0,0,0,0,0,999,0,1,5,12,6,2,17,0,0,0,1,50,5062,6,1,0,0,3,0,69,230,0,0,0,0,0,0,0,0,0,0,0,0,0,0,1,3,50,1,1,2,1,0,0,1,13,1,1,4,1,1,1
50,500021,1,2,1,9,7,18,8,12,6,1,0,50,1,19,3,19003,4,2002,1G6KD54Y92U1,1,G,6,K,D,5,4,Y,9,2,U,1,0,0,0,000000000,00000000000,0,0,0,1,0,0,0,0,0,0,0,998,0,0,0,3,6,2,12,0,0,0,1,50,5658,6,1,0,0,3,3,73,225,0,6,0,0,5,7,2011,12,2013,0,48,0,0,0,1,2,50,1,1,2,1,0,0,11,15,1,1,2,68,1,0
50,500021,2,2,1,9,7,18,8,12,6,1,0,33,1,82,881,82881,66,2005,1FUJF6CK45DV,1,F,U,J,F,6,C,K,4,5,D,V,1,1,57,2271489,572271489,3,6,10,1,0,0,0,0,0,0,0,998,0,0,0,12,6,2,12,0,0,0,1,33,3588,6,1,6,0,3,0,66,210,0,0,0,0,0,0,0,0,0,0,0,0,0,0,1,2,50,1,1,2,1,0,0,1,62,3,2,1,69,0,0
50,500022,1,3,1,14,7,22,37,12,2,1,0,50,2,21,23,21023,4,2002,1G3WS52H32F2,1,G,3,W,S,5,2,H,3,2,F,2,0,0,0,000000000,00000000000,0,0,0,1,0,0,0,0,0,0,0,78,0,0,0,12,6,2,12,0,0,0,1,50,5201,6,1,0,0,3,0,67,175,0,1,0,2,0,12,2012,12,2013,3,28,36,0,0,1,2,50,2,4,2,2,0,0,6,10,1,1,2,50,1,1
50,500022,2,3,2,14,7,22,37,12,2,1,0,50,1,30,40,30040,4,1998,3VWTD81HXWM1,3,V,W,T,D,8,1,H,X,W,M,1,0,0,0,000000000,00000000000,0,0,0,1,0,0,0,0,0,0,0,998,0,0,0,12,6,2,12,0,0,0,1,50,5261,1,1,0,0,2,0,68,160,1,1,0,1,6,5,2012,10,2013,0,0,0,0,0,1,2,50,3,4,2,2,0,0,14,54,1,1,1,51,1,0
50,500022,3,3,2,14,7,22,37,12,2,1,0,17,3,82,881,82881,66,2006,1FUJA6CK76LX,1,F,U,J,A,6,C,K,7,6,L,X,1,1,57,1062707,571062707,3,6,1,1,0,0,0,0,0,0,0,998,0,0,0,10,2,5,12,0,0,0,1,33,3281,6,1,6,0,3,3,73,225,0,0,0,0,0,0,0,0,0,0,0,0,0,0,1,2,50,3,4,2,2,0,0,14,98,1,1,1,98,0,0
50,500023,1,1,1,20,7,20,28,1,0,1,0,50,1,53,706,53706,80,2006,JS1GR7KAX621,J,S,1,G,R,7,K,A,X,6,2,1,0,0,0,000000000,00000000000,0,0,0,1,0,0,0,0,0,0,0,998,0,0,0,0,6,2,1,0,0,0,1,50,5477,6,1,0,0,3,0,74,180,0,1,0,2,3,9,2011,7,2013,3,0,0,0,0,1,2,35,2,5,2,1,0,0,14,9,3,2,2,98,1,1
50,500024,1,1,1,30,7,23,13,8,0,1,0,50,2,49,46,49046,5,2005,JTDKB20U8530,J,T,D,K,B,2,0,U,8,5,3,0,0,0,0,000000000,00000000000,0,0,0,1,0,0,0,0,0,0,0,998,0,0,0,12,6,2,8,0,0,0,1,50,5403,6,1,0,0,3,0,67,185,0,0,0,1,0,4,2014,4,2014,0,0,0,0,0,3,2,65,1,1,2,1,0,0,1,13,1,1,4,13,0,0
50,500025,1,2,1,2,8,17,49,12,1,1,0,50,1,76,706,76706,80,2003,JYARP09E44A0,J,Y,A,R,P,0,9,E,4,4,A,0,0,0,0,000000000,00000000000,0,0,0,1,0,0,0,0,0,0,0,998,0,0,0,12,6,2,12,0,0,0,1,50,5855,6,1,0,0,3,3,67,165,0,0,0,1,1,2,2012,9,2013,3,0,0,0,0,3,2,65,1,1,2,2,0,0,1,51,1,1,1,24,1,1
50,500025,2,2,2,2,8,17,49,12,1,1,0,50,1,48,45,48045,6,2011,4S4BRBCC7B14,4,S,4,B,R,B,C,C,7,B,1,4,0,0,0,000000000,00000000000,0,0,0,1,0,0,0,0,0,0,0,998,0,0,0,6,2,3,12,0,0,0,1,50,5842,6,1,0,0,3,0,71,170,0,0,0,0,0,0,0,0,0,0,0,0,0,0,3,2,65,1,1,2,2,0,0,1,53,1,1,1,25,0,0
50,500026,1,1,1,25,8,14,45,1,0,1,0,50,1,49,482,49482,31,2006,5TBDT44136S5,5,T,B,D,T,4,4,1,3,6,S,5,0,0,0,000000000,00000000000,0,0,0,1,0,0,0,0,0,0,0,998,0,1,1,0,6,2,1,0,0,0,1,50,5060,6,1,0,0,3,3,72,195,1,0,0,1,0,2,2012,2,2013,0,0,0,0,0,3,2,65,1,1,2,1,0,0,1,8,7,7,6,98,1,0
50,500027,1,1,1,28,8,15,31,8,0,1,0,50,2,19,18,19018,4,2005,1G6DP5678501,1,G,6,D,P,5,6,7,8,5,0,1,0,0,0,000000000,00000000000,0,0,0,1,0,0,0,0,0,0,0,998,0,0,0,12,0,3,8,0,0,0,1,50,5061,6,2,0,0,3,0,66,175,0,0,0,0,0,0,0,0,0,0,0,0,0,0,1,2,50,1,1,2,1,0,0,1,80,1,1,1,13,0,0
50,500028,1,1,1,31,8,23,21,1,0,1,0,33,3,82,890,82890,66,2013,1FVXA7000DLF,1,F,V,X,A,7,0,0,0,D,L,F,1,1,57,316620,57316620,3,6,2,1,0,0,0,0,0,0,0,998,0,2,1,0,6,2,1,0,0,0,1,33,3592,6,1,6,0,3,3,72,220,1,0,0,0,0,7,2012,7,2012,4,0,0,0,0,1,2,50,3,6,2,1,0,0,14,6,1,7,2,98,1,0
50,500029,1,1,2,2,9,21,29,35,0,1,0,95,1,6,441,6441,20,2008,2A8HR44H38R6,2,A,8,H,R,4,4,H,3,8,R,6,0,0,0,000000000,00000000000,0,0,0,1,0,0,0,0,0,0,0,998,0,2,5,12,6,2,1,0,0,0,1,95,0,9,9,99,0,9,9,999,999,99,99,99,99,99,99,9999,99,9999,4,0,0,0,0,3,2,65,1,1,2,2,0,0,1,5,1,3,4,2,1,0
50,500030,1,1,1,6,9,19,48,24,0,1,0,92,0,76,705,76705,80,1996,JYA3HHE05TA1,J,Y,A,3,H,H,E,0,5,T,A,1,0,0,0,000000000,00000000000,0,0,0,1,0,0,0,0,0,0,0,998,0,0,0,12,6,2,24,0,0,0,1,50,5492,0,0,0,0,0,0,72,180,0,0,0,0,0,0,0,0,0,3,36,0,0,0,1,2,50,3,5,2,1,0,0,14,13,1,1,4,1,1,1
50,500031,1,1,1,22,9,20,36,8,0,1,0,50,1,7,442,7442,20,2004,2D4GP44L04R5,2,D,4,G,P,4,4,L,0,4,R,5,0,0,0,000000000,00000000000,0,0,0,1,0,0,0,0,0,0,0,998,0,0,0,11,2,3,8,0,0,0,1,50,5452,6,1,0,0,3,3,68,140,0,0,0,0,0,0,0,0,0,0,0,0,0,0,3,3,35,1,1,2,1,1,3,1,80,1,1,1,13,0,0
50,500032,1,2,1,8,10,10,26,12,6,1,0,50,1,55,35,55035,6,2000,KMHJW35F1YU1,K,M,H,J,W,3,5,F,1,Y,U,1,0,0,0,000000000,00000000000,0,0,0,1,0,0,0,0,0,0,0,998,0,0,0,9,6,2,12,0,0,0,1,50,5478,6,1,0,0,3,3,59,150,0,0,0,0,0,0,0,0,0,0,0,0,0,0,1,2,50,1,1,2,2,0,0,11,15,1,1,1,82,1,0
50,500032,2,2,1,8,10,10,26,12,6,1,0,36,1,98,890,98890,66,1999,2FWYFDYB6XA9,2,F,W,Y,F,D,Y,B,6,X,A,9,1,1,57,2134285,572134285,3,6,1,1,0,0,0,0,0,0,0,998,0,0,0,12,6,2,12,0,0,0,1,36,12958,6,1,6,0,3,0,74,999,0,0,0,0,0,0,0,0,0,0,0,0,0,0,1,2,50,1,1,2,2,0,0,1,72,9,2,1,83,0,0
50,500033,1,1,2,25,10,19,46,1,0,1,0,50,2,18,20,18020,4,2000,2G4WF551XY12,2,G,4,W,F,5,5,1,X,Y,1,2,0,0,0,000000000,00000000000,0,0,0,1,0,0,0,0,0,0,0,998,0,2,5,0,6,2,42,0,0,0,1,98,5301,0,0,0,0,0,0,999,999,0,0,0,0,0,0,0,0,0,4,36,0,0,0,1,2,25,3,4,5,1,0,0,14,12,1,1,4,6,1,0
50,500034,1,1,1,25,10,12,50,42,0,1,0,92,0,53,733,53733,90,2003,JSAAK47A2321,J,S,A,A,K,4,7,A,2,3,2,1,0,0,0,000000000,00000000000,0,0,0,1,0,0,0,0,0,0,0,998,0,0,0,12,6,2,42,0,0,0,1,50,5651,6,2,0,0,3,0,67,125,0,0,0,0,1,5,2014,5,2014,0,0,0,0,0,1,2,50,1,1,5,1,0,0,1,13,1,1,4,1,1,0
50,500035,1,1,1,2,11,6,22,24,0,1,0,25,1,30,40,30040,6,2010,3VWTL7AJ0AM6,3,V,W,T,L,7,A,J,0,A,M,6,0,0,0,000000000,00000000000,0,0,0,1,0,0,0,0,0,0,0,998,0,1,5,98,6,2,1,0,0,0,1,25,1913,6,1,0,0,3,3,999,999,0,1,0,0,1,4,2013,6,2013,0,0,0,0,0,3,2,65,2,6,2,1,0,0,14,12,1,1,4,6,1,1
50,500036,1,2,2,7,11,12,15,12,6,1,0,50,1,37,33,37033,2,1997,JHMBB6151VC0,J,H,M,B,B,6,1,5,1,V,C,0,0,0,0,000000000,00000000000,0,0,0,1,0,0,0,0,0,0,0,998,0,0,0,3,6,2,12,0,0,0,1,50,5408,1,1,0,0,2,0,70,180,0,1,0,2,0,10,2012,11,2014,0,36,0,0,0,3,2,45,1,1,2,6,0,0,1,15,1,1,6,64,2,0
50,500036,2,2,1,7,11,12,15,12,6,1,0,50,3,82,890,82890,63,2008,1FVACXBS78HZ,1,F,V,A,C,X,B,S,7,8,H,Z,0,0,88,888888888,88888888888,3,2,7,1,0,0,0,0,0,0,0,998,0,0,0,12,6,2,12,0,0,0,1,50,5483,6,1,6,0,3,3,72,291,1,0,0,0,1,1,2014,1,2014,0,0,0,0,0,3,4,45,1,1,2,6,0,0,1,62,1,1,1,65,0,0
50,500037,1,1,1,12,11,22,0,42,0,1,0,50,1,23,481,23481,31,2008,2GTEK13C1811,2,G,T,E,K,1,3,C,1,8,1,1,0,0,0,000000000,00000000000,0,0,0,1,0,0,0,0,0,0,0,43,0,0,0,98,6,2,42,0,0,0,1,50,5822,6,1,0,0,3,0,69,170,0,0,0,2,1,7,2013,10,2014,0,39,0,0,0,1,2,35,1,4,2,1,20,3,10,12,99,3,4,7,1,1
50,500038,1,1,2,28,11,21,30,42,0,1,0,50,1,20,481,20481,31,2008,2GCEK19CX813,2,G,C,E,K,1,9,C,X,8,1,3,0,0,0,000000000,00000000000,0,0,0,1,0,0,0,0,0,0,0,998,0,0,0,3,6,2,42,0,0,0,1,50,5462,6,1,0,0,3,0,66,180,0,0,0,0,1,7,2012,7,2012,4,36,0,0,0,1,2,30,1,1,4,3,0,0,3,8,99,2,4,7,1,1
50,500039,1,1,2,29,11,19,45,30,0,1,0,50,2,30,46,30046,4,2009,WVWMA63B5XE5,W,V,W,M,A,6,3,B,5,X,E,5,0,0,0,000000000,00000000000,0,0,0,1,0,0,0,0,0,0,0,998,0,0,0,98,6,2,30,0,0,0,1,50,5735,1,1,0,0,2,0,67,213,0,6,0,0,0,5,2013,7,2013,4,0,0,0,0,1,2,50,1,1,2,2,0,0,1,13,1,1,4,1,1,1
50,500040,1,1,1,3,12,14,45,1,0,1,0,50,2,49,402,49402,14,2005,JTEHD20V3500,J,T,E,H,D,2,0,V,3,5,0,0,0,0,0,000000000,00000000000,0,0,0,1,0,0,0,0,0,0,0,998,0,1,5,0,6,2,1,0,0,0,1,50,5251,6,1,0,0,3,0,61,150,0,0,0,0,0,0,0,0,0,0,0,0,0,0,1,2,30,2,6,2,2,0,0,14,12,1,1,4,6,1,0
50,500041,1,2,1,24,12,15,4,12,2,1,0,50,1,47,35,47035,5,1999,YS3DD58N2X20,Y,S,3,D,D,5,8,N,2,X,2,0,0,0,0,000000000,00000000000,0,0,0,1,0,0,0,0,0,0,0,998,0,0,0,12,6,2,12,0,0,0,1,50,5476,6,1,0,0,3,0,72,220,0,0,0,0,0,0,0,0,0,0,28,0,0,0,1,2,50,1,1,2,2,0,0,1,10,1,1,2,50,1,0
50,500041,2,2,4,24,12,15,4,12,2,1,0,50,2,48,38,48038,6,2011,JF1GH6D69BH8,J,F,1,G,H,6,D,6,9,B,H,8,0,0,0,000000000,00000000000,0,0,0,1,0,0,0,0,0,0,0,998,0,0,0,12,6,2,12,0,0,0,1,50,5450,6,2,0,0,3,0,71,290,0,0,0,0,0,0,0,0,0,0,0,0,0,0,1,2,50,1,1,2,2,0,0,1,62,7,1,1,51,0,0
50,500042,1,1,1,29,12,5,45,3,0,1,0,50,1,12,402,12402,14,2007,1FMCU59H17KA,1,F,M,C,U,5,9,H,1,7,K,A,0,0,0,000000000,00000000000,0,0,0,1,0,0,0,0,0,0,0,998,0,0,0,0,6,2,3,0,0,0,1,50,5656,6,1,0,0,3,0,63,220,0,0,0,0,0,0,0,0,0,0,0,0,0,0,1,2,50,2,5,2,4,0,0,14,5,10,5,4,0,1,0
51,510001,1,1,2,1,1,1,38,33,0,1,0,51,2,19,3,19003,4,2000,1G6KF5790YU3,1,G,6,K,F,5,7,9,0,Y,U,3,0,0,0,000000000,00000000000,0,0,0,1,0,0,0,0,0,0,0,80,0,0,0,1,6,2,31,0,0,0,1,51,23669,6,1,0,0,3,0,72,187,0,1,1,1,1,4,2011,10,2013,3,0,0,0,0,2,6,45,1,1,1,1,3,3,1,13,2,1,4,1,1,1
51,510002,1,1,1,2,1,18,52,38,0,1,0,51,1,53,402,53402,14,1999,JS3TD62V2X41,J,S,3,T,D,6,2,V,2,X,4,1,0,0,0,000000000,00000000000,0,0,0,1,0,0,0,0,0,0,0,55,0,0,0,98,6,2,42,0,0,0,1,51,24439,6,1,0,0,3,0,69,210,0,0,0,0,4,6,2012,9,2013,0,0,0,0,0,1,2,55,2,2,2,4,0,0,14,13,1,2,4,2,1,0
51,510003,1,1,1,2,1,16,40,35,0,1,0,18,3,82,881,82881,66,2012,1FUJGLDR9CSB,1,F,U,J,G,L,D,R,9,C,S,B,1,1,18,21375400,1821375400,3,6,1,1,0,0,0,0,0,0,0,65,0,1,3,11,6,2,1,0,0,0,1,28,39212,6,1,6,0,3,0,71,211,98,0,0,0,0,0,0,0,0,0,0,0,0,0,3,2,65,1,1,2,2,0,0,1,12,2,1,4,6,1,0
51,510004,1,3,1,1,1,22,10,8,0,1,0,51,1,2,404,2404,14,1999,1J4GW58S9XC6,1,J,4,G,W,5,8,S,9,X,C,6,0,0,0,000000000,00000000000,0,0,0,1,0,0,0,0,0,0,0,45,0,0,0,12,6,2,8,0,0,0,1,51,22815,6,1,0,0,3,0,64,118,0,0,0,1,0,10,2011,10,2011,0,0,0,0,0,5,5,45,1,2,2,1,0,0,1,80,99,1,1,13,0,0
51,510004,2,3,1,1,1,22,10,8,0,1,0,51,3,12,870,12870,61,2003,1FDXE45F33HB,1,F,D,X,E,4,5,F,3,3,H,B,0,0,88,888888888,88888888888,2,1,96,1,0,0,0,0,0,0,0,45,0,0,0,12,0,5,8,0,0,0,1,51,22815,6,1,0,0,3,0,68,219,0,0,0,0,0,0,0,0,0,0,0,0,0,0,5,5,45,1,2,2,1,0,0,1,80,99,1,1,98,0,0
51,510004,3,3,1,1,1,22,10,8,0,1,0,51,2,7,20,7020,4,2001,1B3ES46C91D1,1,B,3,E,S,4,6,C,9,1,D,1,0,0,0,000000000,00000000000,0,0,0,1,0,0,0,0,0,0,0,45,0,0,0,12,0,5,8,0,0,0,1,51,22830,6,1,0,0,3,0,65,125,0,0,0,0,0,0,0,0,0,0,0,0,0,0,1,2,45,1,2,2,1,0,0,15,80,6,1,2,98,0,0
51,510005,1,1,1,2,1,21,30,42,0,1,0,51,1,38,401,38401,14,1998,JACDJ58X3W79,J,A,C,D,J,5,8,X,3,W,7,9,0,0,0,000000000,00000000000,0,0,0,1,0,0,0,0,0,0,0,60,0,0,0,10,6,2,42,0,0,0,1,51,22968,6,1,0,0,3,0,69,170,3,1,0,2,1,1,2011,10,2013,3,0,0,0,0,1,2,45,2,1,2,3,0,0,14,13,1,1,4,1,1,0
51,510006,1,1,1,4,1,6,22,42,0,1,0,51,1,35,471,35471,30,1994,1N6SD11S2RC3,1,N,6,S,D,1,1,S,2,R,C,3,0,0,0,000000000,00000000000,0,0,0,1,0,0,0,0,0,0,0,60,0,0,0,12,6,2,42,0,0,0,1,51,23970,6,1,0,0,3,0,70,190,0,0,0,0,0,0,0,0,0,0,0,0,0,0,1,2,55,1,1,2,1,0,0,1,13,2,1,4,1,1,0
51,510007,1,1,1,5,1,7,3,53,0,1,0,51,2,53,405,53405,14,2005,JS3TX92V8541,J,S,3,T,X,9,2,V,8,5,4,1,0,0,0,000000000,00000000000,0,0,0,1,0,0,0,0,0,0,0,998,0,1,5,11,6,2,1,0,0,0,1,51,24503,6,1,0,0,3,0,66,120,0,0,0,0,0,0,0,0,0,0,79,0,0,0,1,3,45,3,2,2,4,0,0,14,5,2,2,4,7,1,0
51,510008,1,3,3,5,1,22,5,12,6,1,0,51,2,53,405,53405,14,2006,JS3TX92V9641,J,S,3,T,X,9,2,V,9,6,4,1,0,0,0,000000000,00000000000,0,0,0,1,0,0,0,0,0,0,0,75,0,1,1,12,6,2,12,0,0,0,1,51,23453,1,1,0,0,2,0,73,253,0,2,0,0,0,4,2013,4,2013,5,39,37,0,0,2,4,45,1,1,2,2,3,3,1,17,1,1,1,83,0,1
51,510008,2,3,1,5,1,22,5,12,6,1,0,51,1,6,441,6441,20,2005,1C4GP45R75B2,1,C,4,G,P,4,5,R,7,5,B,2,0,0,0,000000000,00000000000,0,0,0,1,0,0,0,0,0,0,0,5,0,0,0,10,6,2,12,0,0,0,1,51,23456,6,1,0,0,3,0,72,228,1,1,0,0,0,11,2011,12,2011,0,0,0,0,0,2,3,45,1,1,2,2,3,3,11,66,1,1,1,82,1,0
51,510008,3,3,1,5,1,22,5,12,6,1,0,51,1,12,443,12443,20,2006,2FMZA51676BA,2,F,M,Z,A,5,1,6,7,6,B,A,0,0,0,000000000,00000000000,0,0,0,1,0,0,0,0,0,0,0,0,0,0,0,8,8,9,12,0,0,0,1,51,23464,6,1,0,0,3,0,67,200,0,0,0,1,0,4,2011,4,2011,0,0,0,0,0,2,2,45,1,1,2,2,3,3,5,10,1,1,1,98,0,0
51,510009,1,1,1,4,1,12,15,34,0,1,0,51,1,20,481,20481,31,1980,CKM24A115384,C,K,M,2,4,A,1,1,5,3,8,4,0,0,0,000000000,00000000000,0,0,0,1,0,0,0,0,0,0,0,45,0,0,0,12,6,2,42,0,0,0,1,51,22742,6,1,6,0,3,0,66,186,0,0,0,1,1,1,2011,6,2011,0,58,0,0,0,1,2,45,1,2,2,4,0,0,1,5,9,2,4,2,1,0
51,510010,1,2,1,8,1,7,50,12,2,1,0,51,2,37,32,37032,4,2000,1HGCG6682YA0,1,H,G,C,G,6,6,8,2,Y,A,0,0,0,0,000000000,00000000000,0,0,0,1,0,0,0,0,0,0,0,55,0,0,0,12,6,2,12,0,0,0,1,18,47326,6,1,0,0,2,0,68,152,0,2,0,0,1,9,2013,9,2013,0,51,0,0,0,1,2,55,2,1,2,1,0,0,14,10,1,1,2,50,1,0
51,510010,2,2,1,8,1,7,50,12,2,1,0,51,3,86,881,86881,63,2009,1M2AX09C29M0,1,M,2,A,X,0,9,C,2,9,M,0,0,0,51,01759238,5101759238,3,2,4,1,0,0,0,0,0,0,0,55,0,0,0,12,6,2,12,0,0,0,1,51,23102,6,1,6,0,3,0,74,160,1,0,0,1,0,12,2013,12,2013,0,0,0,0,0,1,2,55,3,1,2,1,0,0,14,62,2,1,1,51,0,0
51,510011,1,1,1,9,1,18,30,34,0,1,0,51,2,48,38,48038,2,1995,JF1GM2355SH4,J,F,1,G,M,2,3,5,5,S,H,4,0,0,0,000000000,00000000000,0,0,0,1,0,0,0,0,0,0,0,55,0,0,0,12,6,2,42,0,0,1,1,51,23882,6,1,0,0,3,0,62,117,0,0,0,1,0,9,2012,9,2012,0,58,0,0,0,1,2,55,1,1,2,1,0,0,1,13,6,1,4,1,1,0
51,510012,2,1,1,8,1,19,56,14,0,1,0,51,1,24,5,24005,4,2002,1G8JU54F12Y5,1,G,8,J,U,5,4,F,1,2,Y,5,0,0,0,000000000,00000000000,0,0,0,1,0,0,0,0,0,0,0,60,0,0,0,12,6,2,14,0,0,0,1,51,22701,6,1,0,0,3,3,68,164,0,0,0,0,0,0,0,0,0,0,0,0,0,0,1,2,60,3,2,2,1,0,0,14,13,1,1,4,1,1,0
51,510013,1,2,1,7,1,18,49,12,6,1,0,12,1,35,43,35043,4,2013,3N1AB7AP2DL7,3,N,1,A,B,7,A,P,2,D,L,7,0,0,0,000000000,00000000000,0,0,0,1,0,0,0,0,0,0,0,10,0,0,0,3,6,2,12,0,0,0,1,12,32771,6,1,0,0,3,0,70,999,0,0,0,0,0,0,0,0,0,0,38,0,0,0,3,2,35,1,2,2,1,3,3,11,54,1,1,2,68,1,0
51,510013,2,2,1,7,1,18,49,12,6,1,0,51,2,37,32,37032,4,1998,1HGCG5553WA0,1,H,G,C,G,5,5,5,3,W,A,0,0,0,0,000000000,00000000000,0,0,0,1,0,0,0,0,0,0,0,40,0,0,0,12,2,5,12,0,0,0,1,51,22191,6,1,0,0,3,0,69,145,0,1,0,2,0,5,2011,12,2012,3,0,0,0,0,3,2,35,1,2,2,1,3,3,1,54,7,1,2,69,0,0
51,510014,1,1,1,8,1,13,27,8,0,1,0,51,2,7,482,7482,31,1997,2B7KB31ZXVK5,2,B,7,K,B,3,1,Z,X,V,K,5,0,0,0,000000000,00000000000,0,0,0,1,0,0,0,0,0,0,0,35,0,0,0,12,8,8,8,0,0,0,1,51,24212,6,1,0,0,3,3,66,180,0,0,0,0,0,0,0,0,0,0,38,0,0,0,2,6,35,1,1,2,1,0,0,1,80,2,1,1,13,0,0
51,510016,1,2,1,10,1,5,50,12,2,1,0,51,1,20,471,20471,30,1999,1GCCS19X8X81,1,G,C,C,S,1,9,X,8,X,8,1,0,0,0,000000000,00000000000,0,0,0,1,0,0,0,0,0,0,0,50,0,0,0,12,6,2,12,0,0,0,1,51,22923,6,1,0,0,3,0,66,145,0,0,0,0,0,0,0,0,0,0,28,0,0,0,1,2,55,2,1,2,4,0,0,14,5,99,7,2,50,1,1
51,510016,2,2,1,10,1,5,50,12,2,1,0,17,3,51,881,51881,66,2014,4V5NC9UG6EN1,4,V,5,N,C,9,U,G,6,E,N,1,1,1,17,467296,17467296,3,6,1,1,0,0,0,0,0,0,0,45,0,0,0,12,6,2,12,0,0,0,1,51,23141,6,1,6,0,3,0,69,175,0,0,0,0,0,0,0,0,0,0,0,0,0,0,1,2,55,3,1,2,4,0,0,14,62,99,1,1,51,0,0
51,510017,1,1,1,11,1,2,3,31,0,1,0,51,2,2,405,2405,14,2004,1J4GL48K34W2,1,J,4,G,L,4,8,K,3,4,W,2,0,0,0,000000000,00000000000,0,0,0,1,0,0,0,0,0,0,0,65,0,1,5,1,6,2,42,0,0,0,1,51,24517,6,1,0,0,3,0,68,145,0,0,0,0,0,0,0,0,0,0,0,0,0,0,1,2,55,3,2,2,2,0,0,14,13,2,1,4,1,1,1
51,510018,1,1,1,11,1,4,7,42,0,1,0,51,2,19,3,19003,4,2004,1G6DM5777401,1,G,6,D,M,5,7,7,7,4,0,1,0,0,0,000000000,00000000000,0,0,0,1,0,0,0,0,0,0,0,60,0,0,0,3,6,2,42,0,0,0,1,37,27610,1,1,0,0,2,0,65,999,0,0,0,0,0,0,0,0,0,3,0,0,0,0,1,2,35,1,3,2,2,0,0,1,12,1,1,4,6,1,1
51,510019,1,1,1,11,1,16,15,42,0,1,0,51,1,37,402,37402,14,2002,SHSRD78402U0,S,H,S,R,D,7,8,4,0,2,U,0,0,0,0,000000000,00000000000,0,0,0,1,0,0,0,0,0,0,0,45,0,0,0,12,6,2,42,0,0,0,1,51,23420,6,1,0,0,3,0,66,200,0,0,0,1,0,7,2012,7,2012,0,0,0,0,0,1,2,55,3,1,2,2,0,0,14,13,1,1,4,1,1,0
51,510020,1,2,1,12,1,15,32,12,6,1,0,51,1,21,17,21017,4,1993,1G3AG55N9P64,1,G,3,A,G,5,5,N,9,P,6,4,0,0,0,000000000,00000000000,0,0,0,1,0,0,0,0,0,0,0,15,0,0,0,9,6,2,12,0,0,0,1,51,24174,6,1,0,0,3,3,72,262,1,0,0,0,0,12,2011,12,2011,0,38,39,0,0,1,2,99,1,1,2,1,3,3,11,66,99,1,1,82,1,0