STATE,ST_CASE,VEH_NO,VE_FORMS,NUMOCCS,DAY,MONTH,HOUR,MINUTE,HARM_EV,MAN_COLL,UNITTYPE,HIT_RUN,REG_STAT,OWNER,MAKE,MODEL,MAK_MOD,BODY_TYP,MOD_YEAR,VIN,VIN_1,VIN_2,VIN_3,VIN_4,VIN_5,VIN_6,VIN_7,VIN_8,VIN_9,VIN_10,VIN_11,VIN_12,TOW_VEH,J_KNIFE,MCARR_I1,MCARR_I2,MCARR_ID,GVWR,V_CONFIG,CARGO_BT,HAZ_INV,HAZ_PLAC,HAZ_ID,HAZ_CNO,HAZ_REL,BUS_USE,SPEC_USE,EMER_USE,TRAV_SP,UNDERIDE,ROLLOVER,ROLINLOC,IMPACT1,DEFORMED,TOWED,M_HARM,VEH_SC1,VEH_SC2,FIRE_EXP,DR_PRES,L_STATE,DR_ZIP,L_STATUS,L_TYPE,CDL_STAT,L_ENDORS,L_COMPL,L_RESTRI,DR_HGT,DR_WGT,PREV_ACC,PREV_SUS,PREV_DWI,PREV_SPD,PREV_OTH,FIRST_MO,FIRST_YR,LAST_MO,LAST_YR,SPEEDREL,DR_SF1,DR_SF2,DR_SF3,DR_SF4,VTRAFWAY,VNUM_LAN,VSPD_LIM,VALIGN,VPROFILE,VPAVETYP,VSURCOND,VTRAFCON,VTCONT_F,P_CRASH1,P_CRASH2,P_CRASH3,PCRASH4,PCRASH5,ACC_TYPE,DEATHS,DR_DRINK
51,510064,1,2,1,14,2,20,0,12,6,1,0,51,1,37,32,37032,4,1998,1HGCG1644WA0,1,H,G,C,G,1,6,4,4,W,A,0,0,0,0,000000000,00000000000,0,0,0,1,0,0,0,0,0,0,0,999,0,0,0,11,6,2,12,0,0,0,1,51,23237,6,1,0,0,3,3,63,240,0,2,0,1,1,4,2011,6,2013,0,38,39,0,0,1,2,25,1,1,2,1,20,3,1,17,1,1,1,86,1,1
51,510064,2,2,1,14,2,20,0,12,6,1,0,34,1,51,881,51881,66,2007,4V4NC9TG57N4,4,V,4,N,C,9,T,G,5,7,N,4,1,1,34,01515290,3401515290,3,6,1,1,0,0,0,0,0,0,0,55,0,0,0,2,6,2,12,0,0,1,1,34,7601,6,1,6,0,3,0,72,999,1,0,0,0,0,3,2011,3,2011,0,0,0,0,0,2,4,55,1,2,2,1,0,0,1,66,1,1,1,87,0,0
51,510065,1,2,1,18,2,8,20,12,6,1,0,51,1,52,34,52034,4,2006,4A3AB36FX6E0,4,A,3,A,B,3,6,F,X,6,E,0,0,0,0,000000000,00000000000,0,0,0,1,0,0,0,0,0,0,0,55,0,0,0,3,6,2,12,0,0,0,1,51,24219,6,1,0,0,3,0,66,175,0,0,0,1,0,5,2011,5,2011,3,39,0,0,0,1,2,45,2,2,2,4,0,0,14,6,1,4,2,64,1,0
51,510065,2,2,1,18,2,8,20,12,6,1,0,51,1,2,404,2404,14,2007,1J8GR48K67C5,1,J,8,G,R,4,8,K,6,7,C,5,0,0,0,000000000,00000000000,0,0,0,1,0,0,0,0,0,0,0,40,0,0,0,12,6,2,12,0,0,0,1,51,24272,6,1,0,0,3,0,62,150,0,0,0,0,0,0,0,0,0,0,0,0,0,0,1,2,45,2,2,2,4,0,0,14,62,1,1,1,65,0,0
51,510066,1,1,1,18,2,14,38,42,0,1,0,51,2,37,31,37031,4,2003,2HGES16543H6,2,H,G,E,S,1,6,5,4,3,H,6,0,0,0,000000000,00000000000,0,0,0,1,0,0,0,0,0,0,0,85,0,0,0,11,6,2,42,0,0,0,1,51,23898,6,1,0,0,3,0,61,120,0,0,0,0,0,0,0,0,0,3,0,0,0,0,1,2,55,2,1,2,1,0,0,14,12,9,3,4,2,1,1
51,510067,1,2,1,19,2,17,0,12,2,1,0,51,1,49,32,49032,4,1995,2T1AE04B0SC1,2,T,1,A,E,0,4,B,0,S,C,1,0,0,0,000000000,00000000000,0,0,0,1,0,0,0,0,0,0,0,55,0,0,0,12,6,2,12,0,0,0,1,51,24054,6,1,0,0,3,0,69,150,0,0,0,0,0,0,0,0,0,0,28,0,0,0,1,2,55,1,2,2,1,0,0,1,10,2,1,2,50,1,0
51,510067,2,2,4,19,2,17,0,12,2,1,0,51,2,7,41,7041,4,1997,2B3HD46F1VH6,2,B,3,H,D,4,6,F,1,V,H,6,0,0,0,000000000,00000000000,0,0,0,1,0,0,0,0,0,0,0,55,0,0,0,12,6,2,12,0,0,0,1,51,24013,6,1,0,0,3,0,65,126,1,0,0,1,2,4,2012,11,2013,0,0,0,0,0,1,2,55,1,2,2,1,0,0,1,62,2,1,1,51,0,0
51,510068,1,1,1,20,2,5,3,8,0,1,0,51,1,37,31,37031,4,2005,1HGES16315L0,1,H,G,E,S,1,6,3,1,5,L,0,0,0,0,000000000,00000000000,0,0,0,1,0,0,0,0,0,0,0,40,0,0,0,12,8,8,8,0,0,0,1,51,22192,6,1,0,0,3,0,60,175,0,0,0,0,0,0,0,0,0,0,0,0,0,0,2,5,45,1,1,1,1,0,0,1,80,1,1,1,13,0,0
51,510069,1,2,1,22,2,19,56,12,6,1,0,51,1,48,34,48034,6,1990,JF2BJ63C5LH9,J,F,2,B,J,6,3,C,5,L,H,9,0,0,0,000000000,00000000000,0,0,0,1,0,0,0,0,0,0,0,0,0,0,0,3,6,2,12,0,0,0,1,51,22469,6,1,0,0,3,0,64,140,0,0,0,0,0,0,0,0,0,0,51,0,0,0,1,2,55,1,1,2,1,0,0,5,53,1,1,1,98,1,0
51,510069,2,2,1,22,2,19,56,12,6,1,0,51,1,7,482,7482,31,1999,3B7HC13Z1XG1,3,B,7,H,C,1,3,Z,1,X,G,1,0,0,0,000000000,00000000000,0,0,0,1,0,0,0,0,0,0,0,55,0,0,0,12,6,2,12,0,0,0,1,51,22469,6,1,0,0,3,0,73,185,3,0,0,1,0,1,2012,9,2012,0,0,0,0,0,1,2,55,1,1,2,1,0,0,1,50,1,1,1,98,0,0
51,510070,1,2,1,24,2,11,30,12,7,1,0,51,1,12,481,12481,31,2011,3FRXF7FG4BV6,3,F,R,X,F,7,F,G,4,B,V,6,0,0,0,000000000,00000000000,0,0,0,1,0,0,0,0,0,0,0,25,0,0,0,3,8,3,8,0,0,0,1,51,20110,6,1,6,0,3,3,66,175,1,0,0,1,6,7,2011,12,2013,0,0,0,0,0,2,2,30,1,1,2,1,0,0,1,50,1,1,1,48,0,0
51,510070,2,2,0,24,2,11,30,12,7,1,0,51,6,37,441,37441,20,2012,5FNRL5H61CB0,5,F,N,R,L,5,H,6,1,C,B,0,0,0,0,000000000,00000000000,0,0,0,1,0,0,0,0,0,0,0,0,0,0,0,8,9,3,12,0,0,0,0,0,99997,7,6,97,7,6,7,998,997,998,998,998,998,998,98,9998,98,9998,8,20,0,0,0,2,2,30,1,1,2,1,0,0,0,98,0,0,0,48,0,0
51,510071,1,1,1,24,2,18,34,8,0,1,0,51,3,82,881,82881,61,2007,4UZAANCP47CZ,4,U,Z,A,A,N,C,P,4,7,C,Z,0,0,51,00021800,5100021800,2,1,1,1,0,0,0,0,0,0,0,20,0,0,0,12,8,3,8,0,0,0,1,51,24179,6,1,0,0,3,0,67,167,1,0,0,0,0,9,2012,9,2012,0,0,0,0,0,3,3,25,1,1,2,1,0,0,1,80,1,1,1,13,0,0
51,510072,1,1,1,26,2,11,46,42,0,1,0,51,1,20,2,20002,4,2008,2G1WB58K1891,2,G,1,W,B,5,8,K,1,8,9,1,0,0,0,000000000,00000000000,0,0,0,1,0,0,0,0,0,0,0,65,0,0,0,3,6,2,42,0,0,0,1,51,23868,6,1,0,0,3,0,67,165,0,0,0,0,1,5,2011,5,2011,0,58,0,0,0,1,2,55,3,1,2,1,0,0,14,13,2,7,4,2,1,0
51,510073,1,1,1,25,2,11,24,9,0,1,0,51,1,55,33,55033,4,2011,5NPEB4AC6BH1,5,N,P,E,B,4,A,C,6,B,H,1,0,0,0,000000000,00000000000,0,0,0,1,0,0,0,0,0,0,0,45,0,0,0,1,6,2,9,0,0,0,1,51,23417,6,1,0,0,3,3,63,135,0,0,0,0,0,0,0,0,0,0,33,0,0,0,1,2,55,3,1,2,1,0,0,6,51,1,1,2,13,0,0
51,510074,1,1,1,12,2,5,57,3,0,1,0,51,1,7,472,7472,30,2006,1D7HE48K76S7,1,D,7,H,E,4,8,K,7,6,S,7,0,0,0,000000000,00000000000,0,0,0,1,0,0,0,0,0,0,0,65,0,0,0,0,6,2,3,0,0,0,1,51,23851,6,1,0,0,3,0,63,140,0,0,0,0,0,0,0,0,0,0,0,0,0,0,1,2,55,1,1,2,1,0,0,1,98,1,1,4,0,1,0
51,510075,1,1,2,23,2,7,3,30,0,1,0,51,1,30,42,30042,3,2002,3VWDC21V92M8,3,V,W,D,C,2,1,V,9,2,M,8,0,0,0,000000000,00000000000,0,0,0,1,0,0,0,0,0,0,0,70,0,0,0,3,6,2,30,0,0,0,1,51,22150,6,1,0,0,3,0,66,140,0,0,0,1,0,4,2011,4,2011,3,0,0,0,0,2,2,35,3,1,2,1,0,0,14,13,4,2,4,2,1,1
51,510076,1,2,1,28,2,4,24,12,2,1,0,51,1,35,471,35471,30,1991,1N6SD16S5MC3,1,N,6,S,D,1,6,S,5,M,C,3,0,0,0,000000000,00000000000,0,0,0,1,0,0,0,0,0,0,0,55,0,0,0,12,6,2,12,0,0,0,1,51,23315,6,1,0,0,3,0,74,190,0,0,0,0,0,0,0,0,0,0,51,0,0,0,1,2,55,1,1,2,1,0,0,1,10,2,1,2,50,1,0
51,510076,2,2,1,28,2,4,24,12,2,1,0,18,3,85,884,85884,63,2012,1XKADP9X4CJ3,1,X,K,A,D,P,9,X,4,C,J,3,0,0,18,02840600,1802840600,3,2,2,1,0,0,0,0,0,0,0,55,0,0,0,12,6,2,12,0,0,0,1,51,23430,6,1,6,0,3,0,70,185,0,0,0,0,0,0,0,0,0,0,0,0,0,0,1,2,55,1,1,2,1,0,0,1,62,2,1,1,51,0,0
51,510077,1,1,1,28,2,13,0,24,0,1,0,51,1,49,403,49403,14,2002,JTEGF21A7200,J,T,E,G,F,2,1,A,7,2,0,0,0,0,0,000000000,00000000000,0,0,0,1,0,0,0,0,0,0,0,998,0,1,5,12,6,2,1,0,0,0,1,51,24083,6,1,0,0,3,0,70,170,0,0,0,0,0,0,0,0,0,0,0,0,0,0,3,2,60,1,2,2,1,0,0,1,13,1,1,4,1,1,0
51,510078,1,2,1,28,2,21,58,12,7,1,0,51,1,20,2,20002,4,2006,2B1WB55K6693,2,B,1,W,B,5,5,K,6,6,9,3,0,0,0,000000000,00000000000,0,0,0,1,0,0,0,0,0,0,0,90,0,0,0,10,6,2,42,0,0,0,1,51,23503,2,1,0,0,2,0,72,165,0,0,0,0,0,0,0,0,0,0,35,0,0,0,3,4,55,4,1,1,1,0,0,6,10,1,1,2,44,1,1
51,510078,2,2,1,28,2,21,58,12,7,1,0,51,1,37,31,37031,4,2013,2HGFB2F53DH5,2,H,G,F,B,2,F,5,3,D,H,5,0,0,0,000000000,00000000000,0,0,0,1,0,0,0,0,0,0,0,60,0,0,0,5,2,8,12,0,0,0,1,51,23707,6,1,0,0,3,0,68,140,0,0,0,2,0,1,2012,9,2013,0,0,0,0,0,3,4,55,4,1,1,1,0,0,14,61,1,1,1,45,0,0
51,510079,1,1,1,28,2,17,20,8,0,1,0,51,1,20,34,20034,3,1994,2C1MR2465R67,2,C,1,M,R,2,4,6,5,R,6,7,0,0,0,000000000,00000000000,0,0,0,1,0,0,0,0,0,0,0,35,0,0,0,1,8,8,8,0,0,0,1,51,24133,6,1,0,0,3,0,77,190,0,0,0,0,0,0,0,0,0,0,0,0,0,0,1,2,55,1,1,2,1,0,0,1,80,1,1,1,13,0,0
51,510080,1,3,2,6,2,9,49,12,6,1,0,37,2,12,37,12037,4,2002,1FAFP33P42W1,1,F,A,F,P,3,3,P,4,2,W,1,0,0,0,000000000,00000000000,0,0,0,1,0,0,0,0,0,0,0,65,0,0,0,8,6,2,12,0,0,0,1,37,27545,6,1,0,0,3,3,64,999,0,1,0,1,1,9,2011,2,2012,0,28,0,0,0,3,3,65,1,1,2,1,0,0,15,11,6,3,2,44,2,0
51,510080,2,3,1,6,2,9,49,12,6,1,0,51,3,86,884,86884,62,2009,1M2AX04C29M0,1,M,2,A,X,0,4,C,2,9,M,0,0,0,88,888888888,88888888888,2,2,7,1,0,0,0,0,0,0,0,65,0,0,0,12,9,2,12,0,0,0,1,51,22556,6,1,6,0,3,3,74,210,0,2,0,1,0,9,2012,12,2013,0,0,0,0,0,3,3,65,1,1,2,1,0,0,1,60,1,1,1,45,0,0
51,510080,3,3,1,6,2,9,49,12,6,1,0,51,1,49,40,49040,4,2005,4T1BE30K05U9,4,T,1,B,E,3,0,K,0,5,U,9,0,0,0,000000000,00000000000,0,0,0,1,0,0,0,0,0,0,0,65,0,0,0,5,6,2,12,0,0,0,1,51,23117,6,1,0,0,3,3,61,111,0,0,0,0,0,0,0,0,0,0,0,0,0,0,3,3,65,1,1,2,1,0,0,1,61,1,1,1,98,0,0
51,510081,1,1,4,11,2,19,58,33,0,1,0,51,2,35,39,35039,4,2002,JN1DA31A12T3,J,N,1,D,A,3,1,A,1,2,T,3,0,0,0,000000000,00000000000,0,0,0,1,0,0,0,0,0,0,0,40,0,0,0,12,6,2,3,0,0,0,1,51,23435,1,1,0,0,2,0,68,180,0,2,0,1,1,5,2012,5,2012,0,0,0,0,0,2,2,35,3,1,2,1,0,0,14,13,1,1,4,4,1,0
51,510082,1,3,1,26,2,17,8,12,2,1,0,55,1,49,40,49040,4,2011,4T4BF3EK9BR0,4,T,4,B,F,3,E,K,9,B,R,0,0,0,0,000000000,00000000000,0,0,0,1,0,0,0,0,0,0,0,998,0,0,0,12,6,2,12,0,0,0,1,55,53022,6,1,0,0,3,0,65,135,0,0,0,0,0,0,0,0,0,0,51,0,0,0,2,2,65,1,1,2,1,0,0,1,8,8,2,2,52,1,0
51,510082,2,3,1,26,2,17,8,12,2,1,0,51,3,82,884,82884,63,2007,1FVHC5DE87HX,1,F,V,H,C,5,D,E,8,7,H,X,0,0,51,02393779,5102393779,3,2,4,1,0,0,0,0,0,0,0,998,7,0,0,12,6,2,12,0,0,0,1,51,24421,6,1,6,0,3,0,73,255,0,0,0,0,0,0,0,0,0,0,0,0,0,0,2,2,65,1,1,2,1,0,0,1,54,9,2,2,52,0,0
51,510082,3,3,1,26,2,17,8,12,2,1,0,51,1,38,402,38402,14,1998,4S2CM58W6W43,4,S,2,C,M,5,8,W,6,W,4,3,0,0,0,000000000,00000000000,0,0,0,1,0,0,0,0,0,0,0,998,0,0,0,19,8,2,54,0,0,0,1,51,24572,6,1,0,0,3,0,62,110,0,0,0,0,0,0,0,0,0,0,0,0,0,0,2,2,65,1,1,2,1,0,0,1,98,2,1,1,98,0,0
51,510083,1,1,1,20,2,22,25,8,0,1,0,51,1,7,24,7024,4,2007,2B3KA43R67H7,2,B,3,K,A,4,3,R,6,7,H,7,0,0,0,000000000,00000000000,0,0,0,1,0,0,0,0,0,0,0,40,0,0,0,12,8,3,8,0,0,0,1,51,23324,6,1,0,0,3,0,72,220,0,0,0,1,0,8,2013,8,2013,0,0,0,0,0,1,2,45,1,1,2,1,0,0,1,80,1,1,1,13,0,0
51,510084,1,1,1,18,2,8,40,1,0,1,0,51,3,85,884,85884,66,1997,1XKWDB9XXVJ7,1,X,K,W,D,B,9,X,X,V,J,7,1,1,57,02384578,5702384578,3,6,2,1,0,0,0,0,0,0,0,40,0,2,1,0,6,2,1,0,0,0,1,51,24609,6,1,6,0,3,0,75,335,1,0,0,0,1,12,2012,1,2013,0,0,0,0,0,1,2,35,3,1,2,1,0,0,15,13,1,7,2,98,1,0
51,510085,1,1,1,18,2,18,27,8,0,1,0,51,1,37,421,37421,15,2005,5FNYF18485B0,5,F,N,Y,F,1,8,4,8,5,B,0,0,0,0,000000000,00000000000,0,0,0,1,0,0,0,0,0,0,0,45,0,0,0,12,8,5,8,0,0,0,1,51,20147,6,1,0,0,3,0,64,130,0,0,0,2,0,7,2012,10,2013,0,0,0,0,0,2,5,45,1,2,2,2,3,3,1,80,1,1,1,13,0,0
51,510086,1,1,1,25,2,18,32,14,0,1,0,0,0,76,701,76701,81,2008,000000000000,0,0,0,0,0,0,0,0,0,0,0,0,0,0,0,000000000,00000000000,0,0,0,1,0,0,0,0,0,0,0,25,0,0,0,1,6,2,14,0,0,0,1,51,23455,1,1,0,0,1,0,67,170,0,6,1,0,0,2,2012,9,2013,0,0,0,0,0,1,2,25,1,1,2,1,0,0,1,13,1,1,4,1,1,1
51,510087,1,1,1,5,2,11,9,24,0,1,0,51,1,35,43,35043,4,2010,3N1AB6AP6AL6,3,N,1,A,B,6,A,P,6,A,L,6,0,0,0,000000000,00000000000,0,0,0,1,0,0,0,0,0,0,0,60,0,0,0,1,6,2,39,0,0,0,1,51,23803,6,1,0,0,3,0,59,145,1,0,0,1,0,2,2011,1,2014,0,0,0,0,0,3,3,60,1,1,2,2,0,0,1,13,2,1,4,1,1,0
51,510088,1,1,1,22,2,22,34,53,0,1,0,51,1,2,403,2403,14,2009,1J8GA59159L7,1,J,8,G,A,5,9,1,5,9,L,7,0,0,0,000000000,00000000000,0,0,0,1,0,0,0,0,0,0,0,60,0,1,2,12,6,2,1,0,0,0,1,51,24651,6,1,0,0,3,0,70,175,0,0,0,1,0,2,2011,2,2011,0,0,0,0,0,1,2,55,1,1,2,1,0,0,1,12,1,1,4,6,1,1
51,510089,1,1,1,25,2,22,40,8,0,1,1,99,9,99,999,99999,99,9999,999999999999,9,9,9,9,9,9,9,9,9,9,9,9,0,0,99,999999999,99999999999,9,99,99,1,0,0,0,0,0,0,0,999,0,0,0,12,9,5,8,0,0,0,1,99,99999,9,9,99,9,9,9,999,999,99,99,99,99,99,99,9999,99,9999,9,0,0,0,0,3,2,98,1,1,2,1,0,0,1,80,1,9,9,13,0,0
51,510091,1,1,1,3,3,6,36,42,0,1,0,51,1,69,54,69054,3,2009,WMWMF33559TW,W,M,W,M,F,3,3,5,5,9,T,W,0,0,0,000000000,00000000000,0,0,0,1,0,0,0,0,0,0,0,55,0,0,0,11,6,2,42,0,0,0,1,51,23847,6,1,0,0,3,0,64,160,1,0,0,0,2,3,2013,4,2013,0,0,0,0,0,1,2,55,1,1,2,1,0,0,1,12,3,2,4,7,1,0
51,510092,1,1,2,3,3,12,3,42,0,1,0,51,2,12,422,12422,15,1997,1FMFU18L9VLB,1,F,M,F,U,1,8,L,9,V,L,B,0,0,0,000000000,00000000000,0,0,0,1,0,0,0,0,0,0,0,45,0,0,0,3,6,2,42,0,0,0,1,51,23868,6,1,0,0,3,0,69,260,0,0,0,0,0,0,0,0,0,4,0,0,0,0,1,2,45,1,1,2,4,0,0,1,12,3,4,4,7,1,0
51,510093,1,1,1,3,3,10,45,35,0,1,0,51,1,23,471,23471,30,1997,1GTDT19X0VK5,1,G,T,D,T,1,9,X,0,V,K,5,0,0,0,000000000,00000000000,0,0,0,1,0,0,0,0,0,0,0,45,0,1,5,1,6,2,42,0,0,0,1,51,23002,6,1,0,0,3,0,73,257,0,0,0,0,0,0,0,0,0,3,0,0,0,0,1,2,45,2,1,2,4,0,0,14,5,2,2,4,7,1,0
51,510094,1,2,1,3,3,12,15,12,1,1,0,37,1,20,16,20016,4,2002,1G1JC1246272,1,G,1,J,C,1,2,4,6,2,7,2,0,0,0,000000000,00000000000,0,0,0,1,0,0,0,0,0,0,0,65,0,0,0,6,6,2,12,0,0,0,1,51,24588,6,1,0,0,3,0,64,125,0,0,0,0,0,0,0,0,0,0,0,0,0,0,1,2,55,1,1,2,4,0,0,1,8,1,1,2,98,1,0
51,510094,2,2,1,3,3,12,15,12,1,1,0,51,1,7,482,7482,31,2003,3D7KU26D03G8,3,D,7,K,U,2,6,D,0,3,G,8,0,0,0,000000000,00000000000,0,0,0,1,0,0,0,0,0,0,0,45,0,0,0,12,6,2,12,0,0,0,1,51,24522,6,1,0,0,3,0,73,190,0,0,0,1,3,11,2011,3,2013,0,0,0,0,0,1,2,55,1,1,2,4,0,0,1,62,1,1,1,98,0,0
51,510095,1,2,2,7,3,9,15,12,6,1,0,51,1,20,22,20022,4,2010,1G1AF5F52A71,1,G,1,A,F,5,F,5,2,A,7,1,0,0,0,000000000,00000000000,0,0,0,1,0,0,0,0,0,0,0,45,0,0,0,3,6,2,12,0,0,0,1,51,22924,6,1,0,0,3,0,69,200,0,0,0,0,0,0,0,0,0,0,28,0,0,0,1,2,55,1,1,2,4,0,0,1,5,1,4,2,64,1,0
51,510095,2,2,1,7,3,9,15,12,6,1,0,51,1,19,3,19003,4,1998,1G6KD54Y3WU7,1,G,6,K,D,5,4,Y,3,W,U,7,0,0,0,000000000,00000000000,0,0,0,1,0,0,0,0,0,0,0,35,0,0,0,12,6,2,12,0,0,0,1,51,23920,6,1,0,0,3,0,76,205,0,0,0,1,2,8,2011,7,2013,0,0,0,0,0,1,2,55,1,1,2,4,0,0,1,62,1,1,1,65,0,0
51,510096,1,1,1,7,3,2,23,8,0,1,0,51,1,23,481,23481,31,2001,2GTEC19V6112,2,G,T,E,C,1,9,V,6,1,1,2,0,0,0,000000000,00000000000,0,0,0,1,0,0,0,0,0,0,0,40,0,0,0,1,8,3,8,0,0,0,1,51,23072,6,1,0,0,3,0,73,254,0,4,1,0,1,2,2012,6,2013,0,28,0,0,0,3,2,45,1,2,2,2,0,0,15,80,1,1,2,13,0,1
51,510097,1,1,1,26,2,1,30,34,0,1,0,51,1,24,401,24401,14,2008,3GSCL53728S6,3,G,S,C,L,5,3,7,2,8,S,6,0,0,0,000000000,00000000000,0,0,0,1,0,0,0,0,0,0,0,35,0,0,0,12,6,2,34,0,0,0,1,51,24380,6,1,0,0,3,0,69,200,0,0,0,0,0,0,0,0,0,0,39,0,0,0,1,2,35,1,2,2,1,20,3,1,14,2,1,4,14,1,0
51,510098,1,6,3,8,3,23,48,12,9,1,0,51,1,37,31,37031,3,1992,2HGEH2359NH5,2,H,G,E,H,2,3,5,9,N,H,5,0,0,0,000000000,00000000000,0,0,0,1,0,0,0,0,0,0,0,999,0,0,0,6,6,2,12,0,0,0,1,51,23518,6,1,0,0,3,0,66,200,0,0,0,0,0,0,0,0,0,3,27,0,0,0,3,3,55,1,3,2,1,0,0,15,11,2,1,2,98,1,0
51,510098,2,6,1,8,3,23,48,12,9,1,0,51,1,37,33,37033,2,1999,JHMBB6245XC0,J,H,M,B,B,6,2,4,5,X,C,0,0,0,0,000000000,00000000000,0,0,0,1,0,0,0,0,0,0,0,999,0,0,0,12,6,2,12,0,0,0,1,51,23462,6,2,0,0,3,0,66,165,1,0,0,0,0,8,2013,8,2013,3,0,0,0,0,3,3,55,1,3,2,1,0,0,1,61,2,1,1,98,0,0
51,510098,3,6,1,8,3,23,48,12,9,1,0,51,1,54,39,54039,4,2004,JH4CL968X4C0,J,H,4,C,L,9,6,8,X,4,C,0,0,0,0,000000000,00000000000,0,0,0,1,0,0,0,0,0,0,0,999,0,0,0,11,6,2,12,0,0,0,1,51,23508,6,1,0,0,3,0,72,215,0,0,0,1,4,6,2011,5,2013,3,28,0,0,0,3,3,55,1,3,2,1,0,0,1,8,2,7,2,44,0,0
51,510098,4,6,1,8,3,23,48,12,9,1,0,51,1,49,472,49472,30,2007,5TEKU72N27Z4,5,T,E,K,U,7,2,N,2,7,Z,4,0,0,0,000000000,00000000000,0,0,0,1,0,0,0,0,0,0,0,0,0,0,0,6,6,2,12,0,0,0,1,51,23693,6,1,0,0,3,0,71,190,0,0,0,1,1,6,2011,5,2013,0,0,0,0,0,3,3,55,1,3,2,1,0,0,5,50,1,1,1,45,0,0
51,510098,5,6,1,8,3,23,48,12,9,1,0,99,9,49,32,49032,4,2005,2T1KR32E65C3,2,T,1,K,R,3,2,E,6,5,C,3,0,0,0,000000000,00000000000,0,0,0,1,0,0,0,0,0,0,0,0,0,0,0,6,6,2,12,0,0,0,1,47,37075,6,1,0,0,3,3,71,210,0,0,0,0,1,3,2013,3,2013,0,0,0,0,0,3,3,55,1,3,2,1,0,0,5,61,1,1,1,98,0,0
51,510098,6,6,1,8,3,23,48,12,9,1,0,51,1,42,47,42047,2,2005,WDBTJ65J35F1,W,D,B,T,J,6,5,J,3,5,F,1,0,0,0,000000000,00000000000,0,0,0,1,0,0,0,0,0,0,0,15,0,0,0,12,9,2,12,0,0,0,1,51,23320,6,1,0,0,3,0,64,170,0,0,0,0,1,3,2013,3,2013,0,0,0,0,0,3,3,55,1,3,2,1,0,0,1,51,1,1,1,98,0,0
51,510099,1,1,2,9,3,3,13,42,0,1,0,51,1,12,481,12481,31,2004,1FTPW145X4KC,1,F,T,P,W,1,4,5,X,4,K,C,0,0,0,000000000,00000000000,0,0,0,1,0,0,0,0,0,0,0,70,0,0,0,12,6,2,2,0,0,1,1,51,23124,6,1,0,0,3,3,68,215,0,3,0,0,0,12,2011,2,2012,0,58,0,0,0,1,2,55,1,1,2,1,0,0,1,13,6,7,4,1,2,0
51,510100,1,2,3,9,3,1,21,12,6,1,0,51,1,37,31,37031,2,2012,2HGFB2F8XCH5,2,H,G,F,B,2,F,8,X,C,H,5,0,0,0,000000000,00000000000,0,0,0,1,0,0,0,0,0,0,0,17,0,0,0,3,6,2,12,0,0,1,1,51,22193,6,1,0,0,3,0,67,148,0,0,0,0,0,0,0,0,0,0,38,39,0,0,3,4,55,1,1,2,1,3,3,11,54,2,1,1,68,2,1
51,510100,2,2,2,9,3,1,21,12,6,1,0,10,1,23,401,23401,14,2003,1GKDT13S1322,1,G,K,D,T,1,3,S,1,3,2,2,0,0,0,000000000,00000000000,0,0,0,1,0,0,0,0,0,0,0,63,0,0,0,12,6,2,12,0,0,0,1,10,19933,6,1,0,0,3,0,68,260,0,0,0,0,0,0,0,0,0,3,0,0,0,0,3,4,55,1,1,2,1,3,3,1,17,2,1,1,69,0,0
51,510101,1,2,1,11,3,13,40,12,8,1,0,51,1,72,706,72706,80,2013,1HD1KBM13DB6,1,H,D,1,K,B,M,1,3,D,B,6,0,0,0,000000000,00000000000,0,0,0,1,0,0,0,0,0,0,0,60,0,0,0,7,6,2,12,0,0,0,1,51,24202,6,1,6,0,3,0,74,225,1,0,0,4,1,10,2011,2,2012,0,28,0,0,0,1,2,40,2,1,2,1,0,0,14,10,3,5,2,64,1,0
51,510101,2,2,1,11,3,13,40,12,8,1,0,51,3,12,473,12473,30,2011,1FMHK8B84BGA,1,F,M,H,K,8,B,8,4,B,G,A,0,0,0,000000000,00000000000,0,0,0,1,0,0,0,0,0,0,0,35,0,0,0,10,6,2,12,0,0,0,1,51,24211,6,1,0,0,3,0,71,225,0,0,0,0,0,0,0,0,0,0,0,0,0,0,1,2,40,2,1,2,1,0,0,14,62,2,1,1,65,0,0
51,510102,1,1,1,13,3,8,55,38,0,1,0,51,1,20,481,20481,31,2003,1GCEK14V33Z2,1,G,C,E,K,1,4,V,3,3,Z,2,0,0,0,000000000,00000000000,0,0,0,1,0,0,0,0,0,0,0,55,0,0,0,12,6,2,38,0,0,0,1,51,23084,6,1,0,0,3,0,70,215,0,0,0,0,0,0,0,0,0,0,58,0,0,0,1,2,45,3,1,2,1,0,0,14,12,7,7,4,6,1,1
51,510103,1,2,1,10,3,22,3,12,2,1,0,51,1,35,43,35043,4,2003,3N1AB51D33L7,3,N,1,A,B,5,1,D,3,3,L,7,0,0,0,000000000,00000000000,0,0,0,1,0,0,0,0,0,0,0,75,0,0,0,12,6,2,12,0,0,0,1,51,23696,6,1,0,0,3,0,76,210,1,0,0,1,2,8,2011,1,2014,0,28,0,0,0,1,2,45,3,3,2,1,0,0,14,10,2,1,2,50,1,1