STATE,ST_CASE,VEH_NO,VE_FORMS,NUMOCCS,DAY,MONTH,HOUR,MINUTE,HARM_EV,MAN_COLL,UNITTYPE,HIT_RUN,REG_STAT,OWNER,MAKE,MODEL,MAK_MOD,BODY_TYP,MOD_YEAR,VIN,VIN_1,VIN_2,VIN_3,VIN_4,VIN_5,VIN_6,VIN_7,VIN_8,VIN_9,VIN_10,VIN_11,VIN_12,TOW_VEH,J_KNIFE,MCARR_I1,MCARR_I2,MCARR_ID,GVWR,V_CONFIG,CARGO_BT,HAZ_INV,HAZ_PLAC,HAZ_ID,HAZ_CNO,HAZ_REL,BUS_USE,SPEC_USE,EMER_USE,TRAV_SP,UNDERIDE,ROLLOVER,ROLINLOC,IMPACT1,DEFORMED,TOWED,M_HARM,VEH_SC1,VEH_SC2,FIRE_EXP,DR_PRES,L_STATE,DR_ZIP,L_STATUS,L_TYPE,CDL_STAT,L_ENDORS,L_COMPL,L_RESTRI,DR_HGT,DR_WGT,PREV_ACC,PREV_SUS,PREV_DWI,PREV_SPD,PREV_OTH,FIRST_MO,FIRST_YR,LAST_MO,LAST_YR,SPEEDREL,DR_SF1,DR_SF2,DR_SF3,DR_SF4,VTRAFWAY,VNUM_LAN,VSPD_LIM,VALIGN,VPROFILE,VPAVETYP,VSURCOND,VTRAFCON,VTCONT_F,P_CRASH1,P_CRASH2,P_CRASH3,PCRASH4,PCRASH5,ACC_TYPE,DEATHS,DR_DRINK
51,510586,1,1,1,20,11,9,15,32,0,1,0,51,1,20,481,20481,31,2001,1GCHK24151E2,1,G,C,H,K,2,4,1,5,1,E,2,0,0,0,000000000,00000000000,0,0,0,1,0,0,0,0,0,0,0,55,0,0,0,12,6,2,42,0,0,0,1,51,24521,6,1,0,0,3,0,65,159,0,0,0,0,0,0,0,0,0,0,0,0,0,0,1,2,55,1,1,2,1,0,0,1,13,99,1,4,1,1,0
51,510587,1,1,1,23,11,20,6,24,0,1,0,51,2,41,441,41441,20,2000,JM3LW28G2Y01,J,M,3,L,W,2,8,G,2,Y,0,1,0,0,0,000000000,00000000000,0,0,0,1,0,0,0,0,0,0,0,70,0,1,5,12,6,2,1,0,0,0,1,51,23452,6,1,0,0,3,0,70,280,1,0,0,0,0,3,2013,3,2013,3,0,0,0,0,3,4,55,1,1,2,1,0,0,1,12,99,4,4,7,1,1
51,510588,1,1,1,22,11,19,45,8,0,1,0,51,2,49,32,49032,4,1994,4T1SK12E8RU4,4,T,1,S,K,1,2,E,8,R,U,4,0,0,0,000000000,00000000000,0,0,0,1,0,0,0,0,0,0,0,45,0,0,0,12,8,8,8,0,0,0,1,51,24151,6,1,0,0,3,0,65,125,0,0,0,0,0,0,0,0,0,0,0,0,0,0,2,2,45,3,1,2,1,0,0,14,80,4,1,1,13,0,0
51,510589,1,1,2,7,11,11,28,42,0,1,0,51,1,12,471,12471,30,1995,1FTCR14A1SPB,1,F,T,C,R,1,4,A,1,S,P,B,0,0,0,000000000,00000000000,0,0,0,1,0,0,0,0,0,0,0,55,0,0,0,12,6,2,42,0,0,1,1,51,24301,6,1,0,0,3,0,71,220,0,0,0,0,0,0,0,0,0,0,0,0,0,0,1,4,55,3,2,2,1,0,0,14,13,2,1,4,1,2,0
51,510590,1,1,1,20,11,17,37,8,0,1,0,51,2,6,41,6041,4,1999,2C3HD46J5XH6,2,C,3,H,D,4,6,J,5,X,H,6,0,0,0,000000000,00000000000,0,0,0,1,0,0,0,0,0,0,0,30,0,0,0,12,8,2,8,0,0,0,1,51,24141,6,1,0,0,3,0,64,155,0,0,0,0,0,0,0,0,0,0,0,0,0,0,1,2,35,1,2,2,1,0,0,1,80,1,1,1,13,0,0
51,510591,1,1,1,23,11,18,23,35,0,1,0,51,1,37,31,37031,4,1994,1HGEG8665RL0,1,H,G,E,G,8,6,6,5,R,L,0,0,0,0,000000000,00000000000,0,0,0,1,0,0,0,0,0,0,0,55,0,1,2,12,6,2,35,0,0,0,1,51,22942,6,1,0,0,3,0,74,220,0,0,0,0,0,0,0,0,0,0,81,0,0,0,3,2,55,1,1,2,2,0,0,17,90,8,7,4,3,1,1
51,510592,1,2,1,23,11,22,55,24,0,1,0,51,1,20,401,20401,14,1999,1GNDT13W8X22,1,G,N,D,T,1,3,W,8,X,2,2,0,0,0,000000000,00000000000,0,0,0,1,0,0,0,0,0,0,0,70,0,0,0,12,8,8,24,0,0,0,1,51,24527,6,1,0,0,3,0,72,175,0,2,0,0,0,8,2012,1,2013,0,58,0,0,0,1,2,65,4,1,2,2,0,0,14,12,9,1,4,98,1,1
51,510592,2,2,1,23,11,22,55,24,0,1,0,37,1,55,35,55035,4,2006,KMHDN46D46U2,K,M,H,D,N,4,6,D,4,6,U,2,0,0,0,000000000,00000000000,0,0,0,1,0,0,0,0,0,0,0,65,0,0,0,18,8,8,54,0,0,0,1,37,28212,6,1,0,0,3,3,75,999,0,5,0,0,1,11,2011,3,2012,0,0,0,0,0,1,2,65,4,1,2,2,0,0,14,98,1,1,1,98,0,0
51,510593,1,1,1,28,11,13,39,8,0,1,0,51,3,20,421,20421,15,2011,1GNSKBE00BR3,1,G,N,S,K,B,E,0,0,B,R,3,0,0,0,000000000,00000000000,0,0,0,1,0,0,0,0,0,0,0,25,0,0,0,12,8,8,8,0,0,0,1,51,24058,6,1,0,0,3,0,73,205,0,0,0,1,0,2,2014,2,2014,0,0,0,0,0,1,2,35,1,1,2,1,0,0,1,80,99,1,1,13,0,0
51,510594,1,1,1,29,11,2,20,42,0,1,0,51,1,32,42,32042,4,2004,WAULD64B34N0,W,A,U,L,D,6,4,B,3,4,N,0,0,0,0,000000000,00000000000,0,0,0,1,0,0,0,0,0,0,0,60,0,0,0,10,6,2,42,0,0,0,1,51,24018,6,1,0,0,3,0,65,125,3,1,0,0,3,12,2011,5,2014,3,0,0,0,0,1,2,35,1,1,2,1,0,0,1,13,99,1,4,1,1,1
51,510595,1,1,1,24,11,3,45,42,0,1,0,51,2,22,18,22018,2,2001,1G2NF12T11M6,1,G,2,N,F,1,2,T,1,1,M,6,0,0,0,000000000,00000000000,0,0,0,1,0,0,0,0,0,0,0,60,0,0,0,12,6,2,42,0,0,0,1,51,23093,1,1,0,0,2,0,68,186,0,0,0,0,0,0,0,0,0,0,0,0,0,0,1,2,55,1,2,2,2,0,0,1,11,1,1,4,1,1,1
51,510596,1,1,1,24,11,21,42,8,0,1,0,51,2,13,5,13005,4,1988,1LNBM81F1JY6,1,L,N,B,M,8,1,F,1,J,Y,6,0,0,0,000000000,00000000000,0,0,0,1,0,0,0,0,0,0,0,35,0,0,0,11,8,2,8,0,0,0,1,51,23504,6,1,0,0,3,0,69,200,0,0,0,0,0,0,0,0,0,0,0,0,0,0,1,2,30,1,1,2,2,0,0,1,80,99,1,1,13,0,1
51,510597,1,1,1,30,11,3,28,42,0,1,0,39,4,49,40,49040,4,2013,4T1BF1FK1DU7,4,T,1,B,F,1,F,K,1,D,U,7,0,0,0,000000000,00000000000,0,0,0,1,0,0,0,0,0,0,0,108,0,0,0,11,6,2,42,0,0,0,1,51,23504,1,1,0,0,2,0,72,205,0,4,0,0,1,11,2013,8,2014,0,37,0,0,0,6,1,55,2,1,1,1,0,0,14,6,2,2,4,7,1,0
51,510598,1,1,2,27,11,20,14,42,0,1,0,51,1,37,31,37031,2,1993,1HGEJ1261PL0,1,H,G,E,J,1,2,6,1,P,L,0,0,0,0,000000000,00000000000,0,0,0,1,0,0,0,0,0,0,0,90,0,1,5,1,6,2,1,0,0,0,1,51,23220,0,0,0,0,0,0,999,999,0,0,0,0,0,0,0,0,0,0,0,0,0,0,3,2,70,1,1,2,1,0,0,1,13,99,2,4,2,1,1
51,510599,1,1,1,30,11,11,30,42,0,1,0,51,1,49,40,49040,4,2005,4T1BE32K95U4,4,T,1,B,E,3,2,K,9,5,U,4,0,0,0,000000000,00000000000,0,0,0,1,0,0,0,0,0,0,0,55,0,0,0,12,6,2,42,0,0,0,1,51,24540,6,1,0,0,3,3,64,124,0,0,0,1,0,8,2013,8,2013,0,0,0,0,0,1,2,55,2,2,2,1,0,0,14,13,2,1,4,1,1,1
51,510600,1,1,1,14,11,23,54,42,0,1,0,51,2,49,482,49482,31,2011,5TFUY5F19BX2,5,T,F,U,Y,5,F,1,9,B,X,2,0,0,0,000000000,00000000000,0,0,0,1,0,0,0,0,0,0,0,998,0,0,0,12,6,2,42,0,0,1,1,51,23111,6,1,0,0,3,0,67,145,1,0,0,0,1,2,2014,8,2014,0,0,0,0,0,2,2,60,1,1,2,1,0,0,1,13,99,1,4,1,1,0
51,510601,1,2,2,26,11,17,27,12,6,1,0,36,1,49,472,49472,30,2007,5TEPX42N77Z4,5,T,E,P,X,4,2,N,7,7,Z,4,0,0,0,000000000,00000000000,0,0,0,1,0,0,0,0,0,0,0,5,0,0,0,9,6,2,12,0,0,0,1,36,13904,6,1,0,0,3,0,72,999,0,0,0,0,0,0,0,0,0,0,38,0,0,0,2,2,45,1,1,2,2,20,3,11,15,99,1,1,82,1,0
51,510601,2,2,1,26,11,17,27,12,6,1,0,51,1,2,404,2404,14,2005,1J4GR48K15C6,1,J,4,G,R,4,8,K,1,5,C,6,0,0,0,000000000,00000000000,0,0,0,1,0,0,0,0,0,0,0,45,0,0,0,12,6,2,12,0,0,0,1,51,24014,6,1,0,0,3,0,72,165,0,0,0,0,0,0,0,0,0,0,0,0,0,0,2,2,45,1,1,2,2,0,0,1,67,99,1,1,83,0,0
51,510602,1,2,1,29,11,11,30,12,6,1,0,51,1,23,481,23481,31,1995,1GTGK24FXSE5,1,G,T,G,K,2,4,F,X,S,E,5,0,0,0,000000000,00000000000,0,0,0,1,0,0,0,0,0,0,0,25,0,0,0,1,6,2,12,0,0,0,1,51,23175,6,1,6,0,3,0,75,200,0,0,0,0,0,0,0,0,0,0,38,39,0,0,3,2,55,1,2,2,1,20,3,11,66,2,1,1,76,1,1
51,510602,2,2,1,29,11,11,30,12,6,1,0,51,1,2,403,2403,14,2001,1J4GW58N01C6,1,J,4,G,W,5,8,N,0,1,C,6,0,0,0,000000000,00000000000,0,0,0,1,0,0,0,0,0,0,0,55,0,0,0,11,6,2,12,0,0,0,1,51,23149,6,1,6,0,3,0,73,215,0,0,0,0,0,0,0,0,0,0,0,0,0,0,3,2,55,1,2,2,1,0,0,1,65,1,1,1,77,0,0
51,510603,1,1,1,29,11,18,24,33,0,1,0,51,1,72,706,72706,80,1951,51FL4132,5,1,F,L,4,1,3,2,,,,,0,0,0,000000000,00000000000,0,0,0,1,0,0,0,0,0,0,0,35,0,0,0,12,6,2,33,0,0,0,1,51,23693,6,1,0,0,3,0,76,225,0,0,0,0,0,0,0,0,0,0,0,0,0,0,2,2,35,4,1,2,1,0,0,14,12,99,1,4,6,1,0
51,510604,1,2,1,11,11,14,15,12,6,1,0,51,1,7,43,7043,4,1999,1B3EJ46X1XN5,1,B,3,E,J,4,6,X,1,X,N,5,0,0,0,000000000,00000000000,0,0,0,1,0,0,0,0,0,0,0,5,0,0,0,10,6,2,12,0,0,0,1,51,24529,6,1,0,0,3,3,68,172,0,0,0,0,0,0,0,0,0,0,39,0,0,0,2,4,60,1,1,2,1,20,3,11,17,2,1,1,68,1,0
51,510604,2,2,1,11,11,14,15,12,6,1,0,51,2,18,7,18007,4,2001,2G4WS52J3112,2,G,4,W,S,5,2,J,3,1,1,2,0,0,0,000000000,00000000000,0,0,0,1,0,0,0,0,0,0,0,60,0,0,0,12,6,2,12,0,0,0,1,51,24534,6,1,0,0,3,0,66,160,0,0,0,2,0,7,2013,7,2013,0,0,0,0,0,2,4,60,1,1,2,1,0,0,1,17,1,1,1,69,0,0
51,510605,1,1,1,25,11,10,15,8,0,1,0,51,1,12,481,12481,31,2006,1FTPX12596FA,1,F,T,P,X,1,2,5,9,6,F,A,0,0,0,000000000,00000000000,0,0,0,1,0,0,0,0,0,0,0,30,0,0,0,1,8,8,8,0,0,0,1,51,23233,6,1,0,0,3,0,72,192,0,0,0,1,1,1,2013,6,2014,0,0,0,0,0,1,2,35,1,1,2,1,0,0,1,80,99,1,1,13,0,0
51,510606,1,1,1,9,11,6,0,42,0,1,0,51,2,49,46,49046,4,2014,JTDKN3DU4E17,J,T,D,K,N,3,D,U,4,E,1,7,0,0,0,000000000,00000000000,0,0,0,1,0,0,0,0,0,0,0,55,0,0,0,12,6,2,42,0,0,0,1,51,22443,0,0,0,0,0,0,999,999,0,0,0,0,1,10,2014,10,2014,0,0,0,0,0,1,2,55,1,1,2,1,0,0,1,12,99,1,4,6,1,0
51,510607,1,1,1,14,11,20,4,8,0,1,0,51,1,54,35,54035,4,2005,19UUA66295A0,1,9,U,U,A,6,6,2,9,5,A,0,0,0,0,000000000,00000000000,0,0,0,1,0,0,0,0,0,0,0,65,0,0,0,12,8,8,8,0,0,0,1,51,23294,6,1,0,0,3,0,72,230,0,0,0,0,0,0,0,0,0,0,0,0,0,0,3,3,60,1,1,2,1,28,3,1,80,2,1,1,13,0,0
51,510608,1,2,1,10,11,18,22,12,6,1,0,51,3,84,881,84881,61,2010,1HTMMAAL0AH1,1,H,T,M,M,A,A,L,0,A,H,1,0,0,88,888888888,88888888888,2,1,1,1,0,0,0,0,0,0,0,15,0,0,0,5,8,8,12,0,0,0,1,9,6605,6,1,6,0,3,0,999,999,99,99,99,99,99,99,9999,99,9999,0,38,0,0,0,3,2,55,1,1,2,1,0,0,11,15,99,1,1,68,0,0
51,510608,2,2,2,10,11,18,22,12,6,1,0,51,1,7,41,7041,4,1996,2B3HD46T1TH2,2,B,3,H,D,4,6,T,1,T,H,2,0,0,0,000000000,00000000000,0,0,0,1,0,0,0,0,0,0,0,50,0,0,0,12,6,2,12,0,0,0,1,51,23188,6,1,0,0,3,0,74,165,0,0,0,0,0,0,0,0,0,0,0,0,0,0,3,2,55,1,1,2,1,0,0,1,66,99,1,1,69,1,0
51,510609,1,1,1,24,11,13,42,30,0,1,0,51,1,49,402,49402,14,2011,2T3DF4DV1BW0,2,T,3,D,F,4,D,V,1,B,W,0,0,0,0,000000000,00000000000,0,0,0,1,0,0,0,0,0,0,0,50,0,0,0,12,8,3,30,0,0,0,1,51,20187,6,1,0,0,3,3,70,170,0,0,0,0,1,12,2011,12,2011,0,36,0,0,0,1,2,50,1,2,2,1,0,0,1,13,99,1,4,1,1,0
51,510610,1,1,1,10,11,16,10,59,0,1,0,51,1,49,472,49472,30,2011,3TMLU4ENXBM0,3,T,M,L,U,4,E,N,X,B,M,0,0,0,0,000000000,00000000000,0,0,0,1,0,0,0,0,0,0,0,60,0,0,0,12,6,2,42,0,0,0,1,42,17236,6,1,0,0,3,0,72,999,0,0,0,0,0,0,0,0,0,0,58,0,0,0,3,2,60,1,1,2,1,0,0,1,13,8,2,4,2,1,0
51,510611,1,1,1,17,11,20,11,8,0,1,0,51,1,37,32,37032,4,2000,1HGCG165XYA0,1,H,G,C,G,1,6,5,X,Y,A,0,0,0,0,000000000,00000000000,0,0,0,1,0,0,0,0,0,0,0,20,0,0,0,12,8,8,8,0,0,0,1,51,22003,6,1,0,0,3,0,70,150,0,0,0,0,1,2,2012,2,2012,0,23,0,0,0,2,2,25,1,1,2,1,0,0,1,80,99,1,1,13,0,0
51,510612,1,1,1,20,11,7,24,42,0,1,0,51,1,37,401,37401,14,1999,4S6CK58W3X44,4,S,6,C,K,5,8,W,3,X,4,4,0,0,0,000000000,00000000000,0,0,0,1,0,0,0,0,0,0,0,60,0,1,1,11,6,2,42,0,0,0,1,51,22485,6,1,0,0,3,3,67,200,0,0,0,0,0,0,0,0,0,0,0,0,0,0,1,2,45,1,1,2,1,0,0,1,12,1,1,4,6,1,0
51,510613,1,1,2,23,11,8,49,38,0,1,0,51,1,18,3,18003,4,1994,1G4CW52L6R16,1,G,4,C,W,5,2,L,6,R,1,6,0,0,0,000000000,00000000000,0,0,0,1,0,0,0,0,0,0,0,998,0,0,0,1,6,2,34,0,0,0,1,51,22942,6,1,0,0,3,0,74,240,0,0,0,1,1,3,2014,3,2014,0,0,0,0,0,1,2,45,2,1,2,1,0,0,14,12,1,1,4,6,2,0
51,510614,1,2,1,1,12,13,0,35,0,1,0,51,2,13,421,13421,15,2003,5LMFU28R03LJ,5,L,M,F,U,2,8,R,0,3,L,J,0,0,0,000000000,00000000000,0,0,0,1,0,0,0,0,0,0,0,70,0,1,2,12,6,2,1,0,0,0,1,51,22801,1,1,0,0,2,0,77,285,0,3,0,0,0,4,2012,12,2013,0,0,0,0,0,3,2,70,1,1,2,1,0,0,1,12,99,1,5,6,1,0
51,510614,2,2,1,1,12,13,0,35,0,1,0,36,1,12,850,12850,73,2014,1F64F5DY9E0A,1,F,6,4,F,5,D,Y,9,E,0,A,0,0,0,000000000,00000000000,0,0,0,1,0,0,0,0,0,0,0,65,0,0,0,11,8,8,54,0,0,0,1,36,13104,6,1,0,0,3,0,68,999,0,0,0,0,0,0,0,0,0,0,0,0,0,0,3,2,70,1,1,2,1,0,0,1,91,1,1,1,98,0,0
51,510615,1,1,1,1,12,15,38,15,0,1,0,51,3,12,461,12461,22,2006,1FTNE24LX6HA,1,F,T,N,E,2,4,L,X,6,H,A,0,0,0,000000000,00000000000,0,0,0,1,0,0,0,0,0,0,0,20,0,0,0,12,0,5,15,0,0,0,1,51,23464,6,1,0,0,3,0,69,140,0,0,0,0,0,0,0,0,0,0,0,0,0,0,1,2,25,1,1,2,1,0,0,1,81,1,1,1,13,0,0
51,510616,1,1,1,2,12,1,52,33,0,1,0,51,2,76,705,76705,80,2004,JYARN13E34A0,J,Y,A,R,N,1,3,E,3,4,A,0,0,0,0,000000000,00000000000,0,0,0,1,0,0,0,0,0,0,0,998,0,0,0,12,6,2,42,0,0,0,1,51,23438,6,1,0,0,2,0,72,210,1,3,1,1,3,2,2012,7,2014,3,0,0,0,0,1,4,30,2,1,2,1,0,0,14,6,99,2,4,7,1,1
51,510617,1,2,1,2,12,12,24,12,6,1,0,51,3,20,481,20481,31,2013,1GC2KVCB9DZ2,1,G,C,2,K,V,C,B,9,D,Z,2,0,0,0,000000000,00000000000,0,0,0,1,0,0,0,0,0,0,0,12,0,0,0,12,8,2,12,0,0,0,1,24,20874,6,1,0,0,3,0,73,205,0,0,0,0,1,5,2014,5,2014,0,38,0,0,0,1,4,40,1,3,2,2,0,0,11,17,99,1,1,82,0,0
51,510617,2,2,2,2,12,12,24,12,6,1,0,51,2,76,704,76704,80,2010,JYASJ07Y1AA0,J,Y,A,S,J,0,7,Y,1,A,A,0,0,0,0,000000000,00000000000,0,0,0,1,0,0,0,0,0,0,0,40,0,0,0,2,6,2,12,0,0,0,1,51,22193,6,1,0,0,3,0,72,224,0,0,0,1,0,10,2012,10,2012,0,0,0,0,0,1,4,40,1,3,2,2,0,0,1,67,99,1,1,83,1,0
51,510618,1,1,1,3,12,19,0,35,0,1,0,51,1,35,50,35050,4,2008,3N1BC13E18L4,3,N,1,B,C,1,3,E,1,8,L,4,0,0,0,000000000,00000000000,0,0,0,1,0,0,0,0,0,0,0,75,0,0,0,12,6,2,35,0,0,0,1,51,24273,6,1,0,0,3,0,73,210,0,0,0,2,2,6,2013,9,2014,3,0,0,0,0,3,2,55,2,2,2,2,0,0,14,6,3,3,4,2,1,0
51,510619,1,1,3,3,12,18,16,14,0,1,0,51,2,12,461,12461,21,1999,1FDRE14L9XHA,1,F,D,R,E,1,4,L,9,X,H,A,0,0,0,000000000,00000000000,0,0,0,1,0,0,0,0,0,0,0,45,0,0,0,1,6,2,42,0,0,0,1,51,23220,6,1,0,0,3,0,68,150,2,0,0,0,1,3,2014,8,2014,0,0,0,0,0,1,2,25,1,1,2,1,0,0,1,13,99,1,4,1,1,1
51,510620,1,2,1,4,12,10,30,12,6,1,0,51,1,12,471,12471,30,2007,1FTYR10D87PA,1,F,T,Y,R,1,0,D,8,7,P,A,0,0,0,000000000,00000000000,0,0,0,1,0,0,0,0,0,0,0,55,0,0,0,2,6,2,12,0,0,0,1,51,22553,6,1,0,0,3,0,69,180,0,0,0,0,0,0,0,0,0,0,28,0,0,0,2,2,55,1,1,2,1,0,0,1,54,1,1,2,64,1,0
51,510620,2,2,1,4,12,10,30,12,6,1,0,37,3,84,881,84881,66,2012,3HSDJSJR9CN6,3,H,S,D,J,S,J,R,9,C,N,6,1,1,57,54861700,5754861700,3,6,1,1,0,0,0,0,0,0,0,55,0,0,0,12,6,2,12,0,0,0,1,37,28376,6,1,6,3,3,0,73,999,0,0,0,1,0,7,2013,7,2013,0,0,0,0,0,1,2,55,1,1,2,1,0,0,1,62,2,1,1,65,0,0
51,510621,1,1,1,1,12,18,6,8,0,1,1,51,1,20,481,20481,31,1992,2GCEC19KXN12,2,G,C,E,C,1,9,K,X,N,1,2,0,0,0,000000000,00000000000,0,0,0,1,0,0,0,0,0,0,0,25,0,0,0,12,8,8,8,0,0,0,1,51,22637,6,1,0,0,3,0,74,175,0,0,0,0,0,0,0,0,0,0,0,0,0,0,1,2,55,1,1,2,2,0,0,1,80,2,1,1,13,0,0
51,510622,1,1,3,7,12,3,34,33,0,1,0,51,2,20,401,20401,14,2002,1GNEK13Z62R1,1,G,N,E,K,1,3,Z,6,2,R,1,0,0,0,000000000,00000000000,0,0,0,1,0,0,0,0,0,0,0,50,0,0,0,12,6,2,42,0,0,0,1,51,23508,1,1,0,0,2,0,68,180,0,0,0,0,0,0,0,0,0,3,0,0,0,0,1,2,25,4,1,2,1,0,0,14,6,4,2,4,1,2,1
51,510623,1,2,1,4,12,22,53,12,2,1,0,51,1,49,40,49040,4,2011,4T4BF3EK4BR2,4,T,4,B,F,3,E,K,4,B,R,2,0,0,0,000000000,00000000000,0,0,0,1,0,0,0,0,0,0,0,998,0,0,0,12,8,3,12,0,0,0,1,51,23192,6,1,0,0,3,3,74,185,1,1,0,0,1,7,2014,9,2014,0,51,0,0,0,1,2,55,1,1,2,2,0,0,1,54,1,1,1,52,1,0
51,510623,2,2,1,4,12,22,53,12,2,1,0,37,3,55,42,55042,3,2012,KMHTC6AD5CU0,K,M,H,T,C,6,A,D,5,C,U,0,0,0,0,000000000,00000000000,0,0,0,1,0,0,0,0,0,0,0,998,0,0,0,12,8,3,12,0,0,0,1,51,23015,6,1,0,0,3,3,68,171,0,0,0,0,0,0,0,0,0,0,0,0,0,0,1,2,55,1,1,2,2,0,0,1,54,1,1,1,52,0,0
51,510624,1,1,2,6,12,1,56,42,0,1,0,51,2,54,35,54035,4,1999,19UUA5649XA0,1,9,U,U,A,5,6,4,9,X,A,0,0,0,0,000000000,00000000000,0,0,0,1,0,0,0,0,0,0,0,45,0,0,0,4,6,2,42,0,0,0,1,51,23701,1,1,0,0,2,0,71,180,1,2,0,0,0,8,2013,12,2013,0,58,0,0,0,1,2,35,2,1,2,1,0,0,14,13,9,4,4,2,1,1
51,510625,1,1,2,7,12,2,34,21,0,1,0,51,1,30,46,30046,4,2001,WVWPD63BX1P2,W,V,W,P,D,6,3,B,X,1,P,2,0,0,0,000000000,00000000000,0,0,0,1,0,0,0,0,0,0,0,998,0,0,0,11,6,2,21,0,0,0,1,51,23702,6,1,0,0,3,0,62,147,1,1,0,0,0,10,2013,10,2014,0,0,0,0,0,1,2,35,1,1,2,2,0,0,1,13,99,2,4,1,1,0
51,510626,1,2,1,9,12,7,0,12,2,1,0,51,1,20,401,20401,14,2004,1GNDT13S2423,1,G,N,D,T,1,3,S,2,4,2,3,0,0,0,000000000,00000000000,0,0,0,1,0,0,0,0,0,0,0,50,0,0,0,12,6,2,12,0,0,0,1,51,24333,6,1,0,0,3,0,66,130,0,0,0,0,0,0,0,0,0,0,51,87,0,0,1,2,55,1,2,2,4,0,0,1,54,1,1,2,50,0,0
51,510626,2,2,1,9,12,7,0,12,2,1,0,51,1,12,461,12461,21,1988,1FTDE14N4JHA,1,F,T,D,E,1,4,N,4,J,H,A,0,0,0,000000000,00000000000,0,0,0,1,0,0,0,0,0,0,0,50,0,0,0,12,6,2,12,0,0,0,1,51,24333,6,1,0,0,3,0,73,240,0,0,0,0,0,0,0,0,0,0,0,0,0,0,1,2,55,1,2,2,4,0,0,1,62,1,1,1,51,1,0
51,510627,1,2,1,9,12,20,9,12,6,1,0,51,2,2,404,2404,14,1995,1J4GZ78Y2SC6,1,J,4,G,Z,7,8,Y,2,S,C,6,0,0,0,000000000,00000000000,0,0,0,1,0,0,0,0,0,0,0,998,0,1,5,4,6,2,30,0,0,0,1,51,23225,1,1,0,0,2,0,72,185,0,0,0,0,0,0,0,0,0,0,58,0,0,0,1,2,35,1,1,2,1,0,0,1,10,99,4,2,64,1,1
51,510627,2,2,1,9,12,20,9,12,6,1,0,51,2,37,31,37031,4,2006,1HGFA16836L1,1,H,G,F,A,1,6,8,3,6,L,1,0,0,0,000000000,00000000000,0,0,0,1,0,0,0,0,0,0,0,998,0,0,0,12,6,2,30,0,0,0,1,51,22963,6,1,0,0,3,0,69,155,0,0,0,0,0,0,0,0,0,0,0,0,0,0,1,2,35,1,1,2,1,0,0,1,62,99,1,1,65,0,0
51,510628,1,1,1,11,12,2,35,1,0,1,0,51,1,72,706,72706,80,2010,1HD1FC412AB6,1,H,D,1,F,C,4,1,2,A,B,6,0,0,0,000000000,00000000000,0,0,0,1,0,0,0,0,0,0,0,65,0,0,0,0,6,2,1,0,0,0,1,51,23875,6,1,6,0,3,0,69,220,0,0,0,2,0,11,2012,12,2012,0,0,0,0,0,3,2,70,1,2,2,1,0,0,1,13,2,3,4,2,1,1
51,510629,1,2,1,11,12,14,5,1,0,1,0,51,0,73,709,73709,83,2007,JKAKXGDCX7A0,J,K,A,K,X,G,D,C,X,7,A,0,0,0,0,000000000,00000000000,0,0,0,1,0,0,0,0,0,0,0,50,0,0,0,0,6,2,12,0,0,0,1,51,22443,1,1,0,0,1,0,71,195,0,14,0,1,2,12,2011,7,2014,0,28,0,0,0,1,2,25,1,1,2,1,20,3,1,17,4,1,1,98,1,0
51,510629,2,2,1,11,12,14,5,1,0,1,0,51,3,90,981,90981,50,2008,1BAKDCPA28F2,1,B,A,K,D,C,P,A,2,8,F,2,0,0,88,888888888,88888888888,2,21,22,1,0,0,0,0,1,2,0,20,0,0,0,12,8,8,12,0,0,0,1,51,22443,6,1,6,0,3,0,67,127,0,0,0,0,0,0,0,0,0,0,0,0,0,0,1,2,25,1,1,2,1,0,0,1,66,1,1,1,98,0,0
51,510630,1,2,1,11,12,13,40,59,0,1,0,51,2,58,35,58035,4,1997,JNKCA21D4VT4,J,N,K,C,A,2,1,D,4,V,T,4,0,0,0,000000000,00000000000,0,0,0,1,0,0,0,0,0,0,0,55,0,0,0,1,6,2,12,0,0,0,1,51,22936,6,1,0,0,3,0,66,185,0,0,0,0,0,0,0,0,0,0,58,0,0,0,1,2,55,3,1,2,1,0,0,14,13,8,4,4,2,1,0
51,510630,2,2,1,11,12,13,40,59,0,1,0,51,3,85,881,85881,66,2004,1XKWDB9XX4J0,1,X,K,W,D,B,9,X,X,4,J,0,1,1,51,964655,51964655,3,6,8,1,0,0,0,0,0,0,0,55,0,0,0,12,6,2,12,0,0,0,1,51,24599,6,1,6,0,3,0,69,230,0,0,0,0,0,0,0,0,0,0,0,0,0,0,1,2,55,2,1,2,1,0,0,14,64,4,1,1,98,0,0
51,510631,1,3,1,12,12,17,34,12,6,1,0,51,1,30,421,30421,15,2014,WVGEP9BP4ED0,W,V,G,E,P,9,B,P,4,E,D,0,0,0,0,000000000,00000000000,0,0,0,1,0,0,0,0,0,0,0,55,0,0,0,7,8,8,12,0,0,0,1,51,23898,6,1,0,0,3,3,68,140,0,0,0,0,0,0,0,0,0,0,27,0,0,0,1,2,55,1,1,2,1,0,0,15,10,1,1,2,47,0,0