STATE,ST_CASE,VEH_NO,VE_FORMS,NUMOCCS,DAY,MONTH,HOUR,MINUTE,HARM_EV,MAN_COLL,UNITTYPE,HIT_RUN,REG_STAT,OWNER,MAKE,MODEL,MAK_MOD,BODY_TYP,MOD_YEAR,VIN,VIN_1,VIN_2,VIN_3,VIN_4,VIN_5,VIN_6,VIN_7,VIN_8,VIN_9,VIN_10,VIN_11,VIN_12,TOW_VEH,J_KNIFE,MCARR_I1,MCARR_I2,MCARR_ID,GVWR,V_CONFIG,CARGO_BT,HAZ_INV,HAZ_PLAC,HAZ_ID,HAZ_CNO,HAZ_REL,BUS_USE,SPEC_USE,EMER_USE,TRAV_SP,UNDERIDE,ROLLOVER,ROLINLOC,IMPACT1,DEFORMED,TOWED,M_HARM,VEH_SC1,VEH_SC2,FIRE_EXP,DR_PRES,L_STATE,DR_ZIP,L_STATUS,L_TYPE,CDL_STAT,L_ENDORS,L_COMPL,L_RESTRI,DR_HGT,DR_WGT,PREV_ACC,PREV_SUS,PREV_DWI,PREV_SPD,PREV_OTH,FIRST_MO,FIRST_YR,LAST_MO,LAST_YR,SPEEDREL,DR_SF1,DR_SF2,DR_SF3,DR_SF4,VTRAFWAY,VNUM_LAN,VSPD_LIM,VALIGN,VPROFILE,VPAVETYP,VSURCOND,VTRAFCON,VTCONT_F,P_CRASH1,P_CRASH2,P_CRASH3,PCRASH4,PCRASH5,ACC_TYPE,DEATHS,DR_DRINK
51,510631,2,3,1,12,12,17,34,12,6,1,0,51,1,2,405,2405,14,2004,1J4GL48K24W3,1,J,4,G,L,4,8,K,2,4,W,3,0,0,0,000000000,00000000000,0,0,0,1,0,0,0,0,0,0,0,55,0,0,0,12,6,2,12,0,0,0,1,51,23487,6,1,0,0,3,0,66,118,0,0,0,0,0,0,0,0,0,0,0,0,0,0,1,2,55,1,1,2,1,0,0,1,61,2,1,1,45,1,0
51,510631,3,3,1,12,12,17,34,12,6,1,0,51,1,22,20,22020,2,2004,1G2NE52F24M6,1,G,2,N,E,5,2,F,2,4,M,6,0,0,0,000000000,00000000000,0,0,0,1,0,0,0,0,0,0,0,55,0,0,0,12,6,2,12,0,0,0,1,51,23434,6,1,0,0,3,0,72,165,0,2,0,2,1,2,2013,2,2014,0,0,0,0,0,1,2,55,1,1,2,1,0,0,1,62,2,1,1,98,0,0
51,510632,1,2,1,14,12,18,25,12,6,1,0,51,1,72,706,72706,80,2007,1HD1FF4137Y6,1,H,D,1,F,F,4,1,3,7,Y,6,0,0,0,000000000,00000000000,0,0,0,1,0,0,0,0,0,0,0,30,0,0,0,3,6,2,12,0,0,0,1,51,24523,6,1,0,0,3,0,66,140,0,0,0,0,1,3,2013,3,2013,0,39,0,0,0,1,2,98,1,2,2,1,20,3,1,17,99,1,1,87,1,0
51,510632,2,2,1,14,12,18,25,12,6,1,0,51,1,23,481,23481,31,2010,3GTRKUEA2AG1,3,G,T,R,K,U,E,A,2,A,G,1,0,0,0,000000000,00000000000,0,0,0,1,0,0,0,0,0,0,0,45,0,0,0,12,6,2,12,0,0,0,1,51,24550,6,1,0,0,3,0,70,200,1,0,0,0,0,11,2013,11,2013,0,0,0,0,0,1,2,98,1,2,2,1,0,0,1,66,99,1,1,86,0,0
51,510633,1,1,2,15,12,3,1,38,0,1,0,51,1,2,403,2403,14,1994,1J4GZ78S6RC3,1,J,4,G,Z,7,8,S,6,R,C,3,0,0,0,000000000,00000000000,0,0,0,1,0,0,0,0,0,0,0,60,0,1,6,11,6,2,1,0,0,0,1,51,24479,6,1,0,0,3,0,64,125,0,0,0,0,0,0,0,0,0,3,0,0,0,0,1,2,55,2,2,2,1,0,0,14,6,99,2,4,7,1,1
51,510634,1,1,1,15,12,12,22,42,0,1,0,51,1,12,402,12402,14,2013,1FMCU0HX5DUA,1,F,M,C,U,0,H,X,5,D,U,A,0,0,0,000000000,00000000000,0,0,0,1,0,0,0,0,0,0,0,104,0,1,1,12,6,2,42,0,0,0,1,51,23043,6,1,0,0,3,0,66,140,0,0,0,0,0,0,0,0,0,3,0,0,0,0,1,2,55,3,1,2,1,0,0,14,13,99,4,4,2,1,0
51,510635,1,1,2,18,12,13,40,42,0,1,0,51,2,20,431,20431,16,1998,3GNEC16R1WG1,3,G,N,E,C,1,6,R,1,W,G,1,0,0,0,000000000,00000000000,0,0,0,1,0,0,0,0,0,0,0,65,0,1,5,3,6,2,1,0,0,0,1,51,24439,0,0,0,0,0,0,999,999,0,0,0,0,0,0,0,0,0,3,0,0,0,0,1,2,55,1,1,2,1,0,0,1,12,4,4,4,7,1,1
51,510636,1,2,1,19,12,8,30,12,6,1,0,51,1,20,20,20020,4,1998,2G1WL52M4W91,2,G,1,W,L,5,2,M,4,W,9,1,0,0,0,000000000,00000000000,0,0,0,1,0,0,0,0,0,0,0,50,0,0,0,9,6,2,12,0,0,0,1,51,22488,6,1,0,0,3,0,62,110,0,0,0,0,0,0,0,0,0,0,39,0,0,0,1,2,55,1,1,2,1,20,3,11,15,99,1,1,82,1,0
51,510636,2,2,1,19,12,8,30,12,6,1,0,51,1,84,881,84881,63,2000,1HSHCAHR2YH2,1,H,S,H,C,A,H,R,2,Y,H,2,0,0,88,888888888,88888888888,3,2,2,1,0,0,0,0,0,0,0,55,0,0,0,12,6,2,12,0,0,0,1,51,22520,6,1,6,0,3,0,69,207,0,0,0,0,0,0,0,0,0,0,0,0,0,0,1,2,55,1,1,2,1,0,0,1,67,4,1,1,83,0,0
51,510637,1,1,1,19,12,7,0,8,0,1,1,51,2,30,47,30047,1,2004,3VWCD31Y64M3,3,V,W,C,D,3,1,Y,6,4,M,3,0,0,0,000000000,00000000000,0,0,0,1,0,0,0,0,0,0,0,55,0,0,0,10,8,8,8,0,0,0,1,51,22603,6,1,0,0,3,0,72,210,0,0,0,2,1,7,2012,1,2013,0,0,0,0,0,1,2,55,1,3,2,1,0,0,1,80,99,1,1,13,0,0
51,510638,1,1,1,21,12,7,45,42,0,1,0,24,3,12,17,12017,4,2013,1FAHP2M82DG1,1,F,A,H,P,2,M,8,2,D,G,1,0,0,0,000000000,00000000000,0,0,0,1,0,0,0,0,0,5,0,50,0,0,0,12,6,2,42,0,0,0,1,51,22485,6,1,0,0,3,0,69,260,0,0,0,0,0,0,0,0,0,0,16,0,0,0,1,2,45,3,2,2,1,0,0,14,12,99,2,4,6,1,0
51,510639,1,1,1,12,12,11,52,8,0,1,0,51,1,7,28,7028,2,2014,2C3CDYAG5EH2,2,C,3,C,D,Y,A,G,5,E,H,2,0,0,0,000000000,00000000000,0,0,0,1,0,0,0,0,0,0,0,45,0,0,0,11,8,3,8,0,0,0,1,51,23451,1,1,0,0,2,0,69,145,0,1,0,1,1,6,2014,8,2014,0,0,0,0,0,3,3,45,1,1,2,1,0,0,1,80,1,1,1,13,0,0
51,510640,1,2,2,21,12,17,48,12,2,1,0,51,1,23,481,23481,31,2007,1GTEC14C07Z5,1,G,T,E,C,1,4,C,0,7,Z,5,0,0,0,000000000,00000000000,0,0,0,1,0,0,0,0,0,0,0,50,0,0,0,12,6,2,12,0,0,0,1,51,24148,6,1,0,0,3,0,69,178,0,0,0,0,0,0,0,0,0,0,58,0,0,0,1,2,55,3,1,2,1,0,0,14,10,2,1,2,50,0,0
51,510640,2,2,1,21,12,17,48,12,2,1,0,51,1,49,33,49033,3,1986,JT2ST64L7G70,J,T,2,S,T,6,4,L,7,G,7,0,0,0,0,000000000,00000000000,0,0,0,1,0,0,0,0,0,0,0,45,0,0,0,12,6,2,12,0,0,0,1,51,24112,6,1,0,0,3,0,78,190,1,2,0,0,1,3,2014,5,2014,0,0,0,0,0,1,2,55,3,1,2,1,0,0,14,62,1,1,1,51,1,1
51,510641,1,1,1,23,12,16,28,38,0,1,0,51,1,7,442,7442,20,1999,1B4GP44G1XB5,1,B,4,G,P,4,4,G,1,X,B,5,0,0,0,000000000,00000000000,0,0,0,1,0,0,0,0,0,0,0,25,0,0,0,11,6,2,38,0,0,0,1,51,23663,6,1,0,0,3,0,74,190,0,2,0,0,0,8,2013,8,2014,0,0,0,0,0,1,2,25,1,1,2,1,0,0,1,12,99,1,4,6,1,0
51,510642,1,1,1,21,12,21,11,8,0,1,0,51,1,55,33,55033,4,2012,5NPEC4AC2CH4,5,N,P,E,C,4,A,C,2,C,H,4,0,0,0,000000000,00000000000,0,0,0,1,0,0,0,0,0,0,0,35,0,0,0,12,6,2,8,0,0,0,1,51,23321,6,1,0,0,3,0,71,170,0,0,0,0,0,0,0,0,0,0,0,0,0,0,1,2,35,1,1,2,1,0,0,1,80,1,1,1,13,0,0
51,510643,1,2,1,22,12,19,47,12,6,1,0,51,1,35,401,35401,14,1999,JN8AR07Y1XW3,J,N,8,A,R,0,7,Y,1,X,W,3,0,0,0,000000000,00000000000,0,0,0,1,0,0,0,0,0,0,0,999,0,0,0,12,8,8,12,0,0,0,1,51,22901,0,0,0,0,0,0,999,999,0,1,0,0,0,2,2013,2,2013,0,38,39,0,0,1,2,45,1,1,2,2,0,0,1,17,1,1,1,86,0,0
51,510643,2,2,4,22,12,19,47,12,6,1,0,51,1,37,31,37031,4,2004,2HGES25744H6,2,H,G,E,S,2,5,7,4,4,H,6,0,0,0,000000000,00000000000,0,0,0,1,0,0,0,0,0,0,0,999,0,0,0,1,8,8,12,0,0,0,1,51,22903,6,1,0,0,3,3,69,155,0,0,0,0,1,2,2012,2,2012,0,0,0,0,0,1,2,45,1,1,2,2,0,0,1,17,1,1,1,87,1,0
51,510644,1,1,3,24,12,5,0,24,0,1,0,34,2,49,40,49040,4,2011,4T1BF3EK7BU6,4,T,1,B,F,3,E,K,7,B,U,6,0,0,0,000000000,00000000000,0,0,0,1,0,0,0,0,0,0,0,60,0,0,0,12,6,2,25,0,0,0,1,12,33952,6,1,0,0,3,0,70,999,0,0,0,0,0,0,0,0,0,0,28,0,0,0,3,3,60,1,1,2,2,0,0,1,13,1,7,4,2,1,0
51,510645,1,1,1,26,12,15,15,42,0,1,0,51,1,49,472,49472,30,1995,JT4RN13P1S60,J,T,4,R,N,1,3,P,1,S,6,0,0,0,0,000000000,00000000000,0,0,0,1,0,0,0,0,0,0,0,20,0,0,0,12,6,2,42,0,0,0,1,51,24246,6,1,6,0,3,0,78,220,0,0,0,0,0,0,0,0,0,0,0,0,0,0,1,2,25,1,3,2,1,0,0,1,13,99,1,4,1,1,1
51,510646,1,1,1,24,12,21,21,8,0,1,0,51,1,35,43,35043,4,1998,1N4AB41D8WC7,1,N,4,A,B,4,1,D,8,W,C,7,0,0,0,000000000,00000000000,0,0,0,1,0,0,0,0,0,0,0,35,0,0,0,11,6,2,8,0,0,0,1,51,23451,6,1,0,0,3,0,72,215,0,0,0,0,0,0,0,0,0,0,0,0,0,0,2,2,35,1,1,2,2,0,0,1,80,4,1,1,13,0,0
51,510647,1,1,4,24,12,21,0,42,0,1,0,99,9,12,3,12003,2,2008,1ZVHT80N5852,1,Z,V,H,T,8,0,N,5,8,5,2,0,0,0,000000000,00000000000,0,0,0,1,0,0,0,0,0,0,0,90,0,1,5,6,6,2,1,0,0,0,1,99,20002,9,9,99,9,9,9,999,999,99,99,99,99,99,99,9999,99,9999,0,36,0,0,0,3,4,70,1,1,2,2,0,0,1,13,1,7,4,2,1,0
51,510648,1,1,1,27,12,5,44,42,0,1,0,51,1,12,3,12003,2,2006,1ZVHT82H4651,1,Z,V,H,T,8,2,H,4,6,5,1,0,0,0,000000000,00000000000,0,0,0,1,0,0,0,0,0,0,0,998,0,0,0,3,6,2,42,0,0,0,1,51,24501,6,1,0,0,3,0,71,220,0,11,0,2,1,5,2012,4,2014,3,36,0,0,0,1,2,55,1,2,2,1,0,0,1,12,3,4,4,7,1,0
51,510649,1,1,1,28,12,22,55,8,0,1,0,51,2,35,52,35052,6,2013,JN8AZ2KR7DT3,J,N,8,A,Z,2,K,R,7,D,T,3,0,0,0,000000000,00000000000,0,0,0,1,0,0,0,0,0,0,0,35,0,0,0,12,8,8,8,0,0,0,1,51,23231,6,1,0,0,3,0,76,185,0,3,0,1,2,2,2012,9,2013,0,0,0,0,0,1,2,35,1,2,2,2,0,0,1,80,99,1,1,13,0,0
51,510650,1,2,1,17,12,7,10,12,6,1,0,51,1,55,35,55035,4,2003,KMHDN45D73U6,K,M,H,D,N,4,5,D,7,3,U,6,0,0,0,000000000,00000000000,0,0,0,1,0,0,0,0,0,0,0,10,0,0,0,10,6,2,12,0,0,0,1,51,22191,6,1,0,0,3,0,68,186,0,0,0,0,2,4,2013,4,2013,0,48,0,0,0,1,2,45,1,1,2,1,0,0,11,17,2,1,1,68,1,0
51,510650,2,2,1,17,12,7,10,12,6,1,0,51,1,35,472,35472,30,2006,1N6AD07W96C4,1,N,6,A,D,0,7,W,9,6,C,4,0,0,0,000000000,00000000000,0,0,0,1,0,0,0,0,0,0,0,35,0,0,0,12,6,2,12,0,0,0,1,51,20187,6,1,0,0,3,3,71,200,0,0,0,0,0,0,0,0,0,0,0,0,0,0,3,3,45,1,1,2,1,0,0,15,66,2,1,1,69,0,0
51,510651,1,1,1,29,12,9,45,8,0,1,0,24,3,84,881,84881,62,2002,1HTMMAAM72H5,1,H,T,M,M,A,A,M,7,2,H,5,0,0,24,21731980,2421731980,2,1,1,1,0,0,0,0,0,0,0,55,0,0,0,3,6,2,8,0,0,0,1,24,21215,6,1,3,0,2,0,71,194,0,0,0,1,0,11,2014,11,2014,0,28,0,0,0,3,6,55,1,1,2,1,0,0,1,13,4,1,4,13,0,0
51,510652,1,3,1,23,12,22,28,12,6,1,0,51,1,35,43,35043,4,2004,3N1CB51D24L8,3,N,1,C,B,5,1,D,2,4,L,8,0,0,0,000000000,00000000000,0,0,0,1,0,0,0,0,0,0,0,999,0,0,0,12,6,2,12,0,0,0,1,51,23226,6,1,0,0,3,0,65,140,0,0,0,1,0,4,2012,4,2012,0,28,51,0,0,1,2,55,1,1,2,2,0,0,1,10,1,1,2,64,1,1
51,510652,2,3,1,23,12,22,28,12,6,1,0,51,1,6,441,6441,20,1999,1C4GP64L4XB5,1,C,4,G,P,6,4,L,4,X,B,5,0,0,0,000000000,00000000000,0,0,0,1,0,0,0,0,0,0,0,45,0,0,0,11,6,2,12,0,0,0,1,51,23069,6,1,0,0,3,3,66,160,0,0,0,0,0,0,0,0,0,0,0,0,0,0,1,2,55,1,1,2,2,0,0,1,62,1,1,1,65,0,0
51,510652,3,3,5,23,12,22,28,12,6,1,0,51,1,37,441,37441,20,2006,5FNRL38226B0,5,F,N,R,L,3,8,2,2,6,B,0,0,0,0,000000000,00000000000,0,0,0,1,0,0,0,0,0,0,0,50,0,0,0,12,6,2,12,0,0,0,1,51,22546,6,1,0,0,3,0,69,145,0,0,0,0,0,0,0,0,0,0,0,0,0,0,1,2,55,1,1,2,2,0,0,1,62,1,1,1,98,0,0
51,510653,1,2,1,31,12,17,48,35,0,1,0,51,1,49,33,49033,2,2000,JTDDY32T7Y00,J,T,D,D,Y,3,2,T,7,Y,0,0,0,0,0,000000000,00000000000,0,0,0,1,0,0,0,0,0,0,0,55,0,1,3,1,6,2,1,0,0,0,1,51,24435,6,1,0,0,3,0,64,170,0,0,0,0,0,0,0,0,0,0,0,0,0,0,2,2,55,1,2,2,1,0,0,1,12,3,2,4,7,1,0
51,510653,2,2,1,31,12,17,48,35,0,1,0,51,1,51,45,51045,4,2010,YV1992AHXA11,Y,V,1,9,9,2,A,H,X,A,1,1,0,0,0,000000000,00000000000,0,0,0,1,0,0,0,0,0,0,0,40,0,0,0,12,6,2,54,0,0,0,1,51,24450,6,1,0,0,3,0,73,195,0,0,0,0,0,0,0,0,0,0,0,0,0,0,2,2,55,1,2,2,1,0,0,1,98,4,1,2,98,0,0
51,510654,1,1,1,31,12,22,52,8,0,1,1,51,1,35,43,35043,2,1994,1N4EB32A7RC7,1,N,4,E,B,3,2,A,7,R,C,7,0,0,0,000000000,00000000000,0,0,0,1,0,0,0,0,0,0,0,45,0,0,0,12,6,2,8,0,0,0,1,51,23093,6,1,0,0,3,0,72,220,0,0,0,2,1,7,2012,5,2014,0,51,0,0,0,1,2,55,1,1,2,1,0,0,1,80,99,1,2,13,0,0
51,510655,1,1,2,28,12,3,8,59,0,1,0,24,2,54,38,54038,3,2006,JH4DC53086S0,J,H,4,D,C,5,3,0,8,6,S,0,0,0,0,000000000,00000000000,0,0,0,1,0,0,0,0,0,0,0,60,0,0,0,99,6,2,30,0,0,0,1,99,99999,9,9,99,9,9,9,999,999,99,99,99,99,99,99,9999,99,9999,0,83,0,0,0,3,3,35,4,1,2,1,0,0,14,87,9,3,4,3,1,0
51,510656,1,1,3,14,12,2,20,35,0,1,0,51,2,20,481,20481,31,2007,1GCHK29D57E1,1,G,C,H,K,2,9,D,5,7,E,1,0,0,0,000000000,00000000000,0,0,0,1,0,0,0,0,0,0,0,70,0,1,3,11,6,2,1,0,0,0,1,51,24368,6,1,0,0,3,0,67,160,0,0,0,0,0,0,0,0,0,4,0,0,0,0,6,1,35,2,9,2,1,0,0,14,6,2,7,4,7,1,1
51,510657,1,1,1,19,12,6,32,8,0,1,0,24,1,49,40,49040,4,2001,JT2BF22K9102,J,T,2,B,F,2,2,K,9,1,0,2,0,0,0,000000000,00000000000,0,0,0,1,0,0,0,0,0,0,0,40,0,0,0,12,8,8,8,0,0,0,1,24,20905,6,1,0,0,3,0,63,135,0,0,0,0,0,0,0,0,0,0,0,0,0,0,2,2,35,1,1,2,1,0,0,1,80,99,1,1,13,0,0
51,510658,1,1,1,21,12,21,15,1,0,1,0,51,1,20,481,20481,31,1997,1GCEK19R7VE2,1,G,C,E,K,1,9,R,7,V,E,2,0,0,0,000000000,00000000000,0,0,0,1,0,0,0,0,0,0,0,60,0,2,3,0,8,3,1,0,0,0,1,51,23824,6,1,0,0,3,0,70,160,0,0,0,0,0,0,0,0,0,0,58,0,0,0,2,2,60,1,1,2,1,0,0,1,11,8,7,4,6,1,1
51,510659,1,1,1,22,12,22,15,9,0,1,1,42,3,84,881,84881,62,2015,3HAMSSTR1FL6,3,H,A,M,S,S,T,R,1,F,L,6,0,0,57,00242397,5700242397,2,1,1,1,0,0,0,0,0,0,0,5,0,0,0,8,8,8,9,0,0,0,1,37,27239,6,1,6,0,3,3,69,999,0,0,0,0,0,0,0,0,0,0,0,0,0,0,2,2,55,1,1,2,2,0,0,1,83,2,1,1,13,0,0
51,510660,1,1,1,28,12,3,30,25,0,1,0,51,1,72,706,72706,82,2012,1HD1GZM19CC3,1,H,D,1,G,Z,M,1,9,C,C,3,0,0,0,000000000,00000000000,0,0,0,1,0,0,0,0,0,0,0,999,0,0,0,11,6,2,25,0,0,0,1,51,23669,6,1,0,0,3,0,66,160,0,0,0,1,0,11,2012,11,2012,0,0,0,0,0,3,3,60,2,1,1,1,0,0,14,12,1,1,4,6,1,0
51,510661,1,2,2,7,12,19,49,12,6,1,0,51,2,20,441,20441,20,1994,1GBDM19ZXRB1,1,G,B,D,M,1,9,Z,X,R,B,1,0,0,0,000000000,00000000000,0,0,0,1,0,0,0,0,0,0,0,10,0,0,0,2,6,2,12,0,0,0,1,51,22903,6,1,0,0,3,0,64,120,0,0,0,0,0,0,0,0,0,0,38,0,0,0,3,3,60,1,2,2,1,0,0,11,15,99,1,1,68,1,0
51,510661,2,2,1,7,12,19,49,12,6,1,0,51,1,35,47,35047,4,2000,1N4DL01A7YC2,1,N,4,D,L,0,1,A,7,Y,C,2,0,0,0,000000000,00000000000,0,0,0,1,0,0,0,0,0,0,0,55,0,0,0,12,6,2,12,0,0,0,1,51,22031,6,1,0,0,3,0,64,190,0,0,0,1,0,3,2014,3,2014,0,0,0,0,0,3,3,60,1,2,2,1,0,0,1,62,3,2,2,69,0,0
51,510662,1,1,1,18,12,19,51,8,0,1,0,24,3,35,39,35039,4,2014,1N4AA5AP9EC4,1,N,4,A,A,5,A,P,9,E,C,4,0,0,0,000000000,00000000000,0,0,0,1,0,0,0,0,0,0,0,15,0,0,0,12,8,8,8,0,0,0,1,51,22204,6,1,0,0,3,0,71,160,0,0,0,0,1,8,2013,8,2013,0,0,0,0,0,2,2,25,1,1,2,1,3,3,11,80,99,1,1,13,0,0
53,530001,1,1,1,2,1,16,53,8,0,1,0,53,1,35,47,35047,4,2011,1N4AL2AP3BC1,1,N,4,A,L,2,A,P,3,B,C,1,0,0,0,000000000,00000000000,0,0,0,1,0,0,0,0,0,0,0,998,0,0,0,12,8,5,8,0,0,0,1,53,99352,6,1,0,0,3,0,64,130,0,0,0,0,0,0,0,0,0,0,0,0,0,0,1,2,30,1,1,2,1,2,3,15,80,99,1,1,13,0,0
53,530002,1,1,1,1,1,1,17,33,0,1,0,53,1,41,471,41471,30,1990,JM2UF1131L08,J,M,2,U,F,1,1,3,1,L,0,8,0,0,0,000000000,00000000000,0,0,0,1,0,0,0,0,0,0,0,998,0,0,0,14,8,2,42,0,0,0,1,53,98503,6,1,0,0,3,0,70,150,0,0,0,1,1,2,2012,9,2012,4,0,0,0,0,5,4,30,3,2,2,1,0,0,14,13,99,1,4,1,1,1
53,530003,1,2,1,1,1,10,2,12,2,1,0,53,1,12,481,12481,31,2008,1FTRX14W78FA,1,F,T,R,X,1,4,W,7,8,F,A,0,0,0,000000000,00000000000,0,0,0,1,0,0,0,0,0,0,0,998,3,0,0,12,6,2,12,0,0,0,1,53,98328,6,1,0,0,3,3,72,210,0,0,0,0,0,0,0,0,0,0,28,0,0,0,1,2,98,1,1,2,2,0,0,1,10,99,1,2,50,1,0
53,530003,2,2,6,1,1,10,2,12,2,1,0,53,2,20,481,20481,31,2005,1GCHK23255F8,1,G,C,H,K,2,3,2,5,5,F,8,0,0,0,000000000,00000000000,0,0,0,1,0,0,0,0,0,0,0,998,0,0,0,12,6,2,12,0,0,0,1,53,98374,6,1,0,0,3,0,69,185,0,0,0,0,0,0,0,0,0,0,0,0,0,0,1,2,55,1,1,2,2,0,0,1,62,7,1,1,51,0,0
53,530004,1,1,1,4,1,22,5,52,0,1,0,53,2,12,13,12013,2,2001,3FAFP11321R1,3,F,A,F,P,1,1,3,2,1,R,1,0,0,0,000000000,00000000000,0,0,0,1,0,0,0,0,0,0,0,998,0,0,0,12,6,2,52,0,0,0,1,53,99006,1,1,0,0,2,0,69,180,1,3,0,0,2,3,2011,6,2013,0,0,0,0,0,1,2,60,1,1,2,1,0,0,1,13,99,1,4,1,1,1
53,530005,1,1,3,1,1,2,44,40,0,1,0,53,2,12,3,12003,2,2001,1FAFP45X81F1,1,F,A,F,P,4,5,X,8,1,F,1,0,0,0,000000000,00000000000,0,0,0,1,0,0,0,0,0,0,0,998,0,1,5,12,8,8,1,0,0,0,1,53,98125,6,1,0,0,3,0,77,210,1,0,0,0,0,4,2013,4,2013,4,0,0,0,0,1,2,30,1,1,2,2,0,0,1,9,99,2,4,7,2,1
53,530006,1,2,1,5,1,9,55,12,6,1,0,53,2,30,32,30032,2,1970,1102210223,1,1,0,2,2,1,0,2,2,3,,,0,0,0,000000000,00000000000,0,0,0,1,0,0,0,0,0,0,0,998,0,0,0,81,8,5,2,0,0,1,1,53,98226,6,2,0,0,3,1,63,120,0,0,0,0,0,0,0,0,0,4,28,87,0,0,1,2,35,3,2,2,4,0,0,14,5,99,4,2,98,1,0
53,530006,2,2,1,5,1,9,55,12,6,1,0,53,2,49,472,49472,30,2002,5TEGN92N42Z8,5,T,E,G,N,9,2,N,4,2,Z,8,0,0,0,000000000,00000000000,0,0,0,1,0,0,0,0,0,0,0,998,0,0,0,12,8,5,12,0,0,0,1,53,98226,6,1,0,0,3,0,69,190,0,0,0,0,0,0,0,0,0,0,0,0,0,0,1,2,35,2,2,2,4,0,0,14,62,99,1,1,98,0,0
53,530007,1,2,1,6,1,5,9,12,2,1,0,53,1,12,481,12481,31,2001,1FTNX21S71ED,1,F,T,N,X,2,1,S,7,1,E,D,0,0,0,000000000,00000000000,0,0,0,1,0,0,0,0,0,0,0,998,7,1,1,12,6,2,12,0,0,0,1,53,98223,1,1,0,0,2,0,72,220,0,3,0,4,0,11,2011,4,2012,4,28,87,0,0,1,2,60,1,3,2,4,0,0,1,5,99,2,2,50,0,0
53,530007,2,2,1,6,1,5,9,12,2,1,0,53,1,49,50,49050,3,2006,JTKDE1777600,J,T,K,D,E,1,7,7,7,6,0,0,0,0,0,000000000,00000000000,0,0,0,1,0,0,0,0,0,0,0,998,0,1,1,12,6,2,12,0,0,0,1,53,98290,6,1,0,0,3,3,65,160,0,0,0,0,0,0,0,0,0,0,0,0,0,0,1,2,60,1,3,2,4,0,0,1,62,99,1,1,51,1,0
53,530008,1,1,1,7,1,11,58,32,0,1,0,53,1,47,36,47036,6,2001,YS3EF58ZX130,Y,S,3,E,F,5,8,Z,X,1,3,0,0,0,0,000000000,00000000000,0,0,0,1,0,0,0,0,0,0,0,998,0,1,5,14,6,2,1,0,0,0,1,53,98001,6,1,0,0,3,0,69,160,0,2,0,0,1,6,2011,6,2013,4,35,0,0,0,1,2,35,1,2,2,2,0,0,6,54,6,1,4,6,1,0
53,530010,1,1,2,11,1,2,15,1,0,1,0,53,1,7,482,7482,31,2012,3C63D3NL2CG2,3,C,6,3,D,3,N,L,2,C,G,2,0,0,0,000000000,00000000000,0,0,0,1,0,0,0,0,0,0,0,998,0,9,6,0,6,2,1,0,0,0,1,53,98587,6,1,0,0,3,3,72,275,0,1,0,0,1,11,2011,4,2012,4,0,0,0,0,1,2,30,3,2,2,2,0,0,14,13,99,1,4,1,1,1
53,530011,1,1,1,11,1,19,6,8,0,1,0,53,2,49,32,49032,4,2002,1NXBR12E62Z5,1,N,X,B,R,1,2,E,6,2,Z,5,0,0,0,000000000,00000000000,0,0,0,1,0,0,0,0,0,0,0,998,0,0,0,12,6,2,8,0,0,0,1,53,98258,6,1,0,0,3,0,66,130,0,2,0,0,2,1,2011,4,2013,0,0,0,0,0,1,4,30,1,1,2,2,2,3,1,80,3,1,1,13,0,0
53,530012,1,1,1,12,1,18,50,39,0,1,0,53,1,20,481,20481,31,1996,1GCGK24R2TZ1,1,G,C,G,K,2,4,R,2,T,Z,1,0,0,0,000000000,00000000000,0,0,0,1,0,0,0,0,0,0,0,998,0,0,0,12,6,2,39,0,0,0,1,53,98232,6,1,0,0,3,0,71,180,0,0,0,0,0,0,0,0,0,4,0,0,0,0,1,2,40,3,4,2,2,0,0,14,13,99,1,4,1,1,1
53,530013,1,1,2,12,1,15,14,1,0,1,0,53,2,49,401,49401,14,1992,JT3VN39W1N80,J,T,3,V,N,3,9,W,1,N,8,0,0,0,0,000000000,00000000000,0,0,0,1,0,0,0,0,0,0,0,998,0,9,5,0,6,2,1,0,0,0,1,53,98466,6,2,0,0,3,1,69,145,0,0,0,0,0,0,0,0,0,0,0,0,0,0,1,2,45,2,2,2,2,0,0,14,12,99,1,4,6,1,0
53,530014,1,1,2,18,1,7,15,1,0,1,0,53,2,20,481,20481,31,2003,1GCEC14X33Z2,1,G,C,E,C,1,4,X,3,3,Z,2,0,0,0,000000000,00000000000,0,0,0,1,0,0,0,0,0,0,0,998,0,2,6,0,6,2,1,0,0,0,1,53,99301,6,1,0,0,3,0,68,180,0,1,0,0,3,6,2011,2,2013,4,87,0,0,0,1,2,55,1,3,2,4,0,0,1,5,99,2,4,7,1,1
53,530015,1,1,4,18,1,5,30,1,0,1,0,53,1,20,481,20481,31,2004,1GCHK29284E3,1,G,C,H,K,2,9,2,8,4,E,3,0,0,0,000000000,00000000000,0,0,0,1,0,0,0,0,0,0,0,998,0,1,3,0,6,2,1,0,0,0,1,53,99326,6,1,0,0,3,0,70,210,0,0,0,1,0,6,2012,6,2012,4,87,0,0,0,2,4,70,1,1,1,4,0,0,1,5,99,9,4,7,1,0