STATE,ST_CASE,VEH_NO,VE_FORMS,NUMOCCS,DAY,MONTH,HOUR,MINUTE,HARM_EV,MAN_COLL,UNITTYPE,HIT_RUN,REG_STAT,OWNER,MAKE,MODEL,MAK_MOD,BODY_TYP,MOD_YEAR,VIN,VIN_1,VIN_2,VIN_3,VIN_4,VIN_5,VIN_6,VIN_7,VIN_8,VIN_9,VIN_10,VIN_11,VIN_12,TOW_VEH,J_KNIFE,MCARR_I1,MCARR_I2,MCARR_ID,GVWR,V_CONFIG,CARGO_BT,HAZ_INV,HAZ_PLAC,HAZ_ID,HAZ_CNO,HAZ_REL,BUS_USE,SPEC_USE,EMER_USE,TRAV_SP,UNDERIDE,ROLLOVER,ROLINLOC,IMPACT1,DEFORMED,TOWED,M_HARM,VEH_SC1,VEH_SC2,FIRE_EXP,DR_PRES,L_STATE,DR_ZIP,L_STATUS,L_TYPE,CDL_STAT,L_ENDORS,L_COMPL,L_RESTRI,DR_HGT,DR_WGT,PREV_ACC,PREV_SUS,PREV_DWI,PREV_SPD,PREV_OTH,FIRST_MO,FIRST_YR,LAST_MO,LAST_YR,SPEEDREL,DR_SF1,DR_SF2,DR_SF3,DR_SF4,VTRAFWAY,VNUM_LAN,VSPD_LIM,VALIGN,VPROFILE,VPAVETYP,VSURCOND,VTRAFCON,VTCONT_F,P_CRASH1,P_CRASH2,P_CRASH3,PCRASH4,PCRASH5,ACC_TYPE,DEATHS,DR_DRINK
53,530016,1,1,1,19,1,10,24,35,0,1,0,53,1,12,401,12401,14,2006,1FMDK051X6GA,1,F,M,D,K,0,5,1,X,6,G,A,0,0,0,000000000,00000000000,0,0,0,1,0,0,0,0,0,0,0,998,0,9,5,14,8,2,1,0,0,0,1,53,98366,6,1,0,0,3,0,70,256,1,0,0,0,1,9,2013,9,2013,0,0,0,0,0,6,1,98,3,2,2,2,0,0,14,13,99,1,4,1,1,0
53,530017,1,1,1,19,1,20,0,8,0,1,1,53,1,49,472,49472,30,2007,5TEUU42N47Z3,5,T,E,U,U,4,2,N,4,7,Z,3,0,0,0,000000000,00000000000,0,0,0,1,0,0,0,0,0,0,0,998,0,0,0,12,2,5,8,0,0,0,1,53,98665,6,1,0,0,3,0,73,200,0,0,0,0,1,12,2013,12,2013,0,38,0,0,0,1,2,35,1,1,1,1,2,3,11,80,99,1,1,13,0,0
53,530019,1,1,1,20,1,10,48,30,0,1,0,53,1,7,481,7481,31,1979,B01437E,B,0,1,4,3,7,E,,,,,,0,0,0,000000000,00000000000,0,0,0,1,0,0,0,0,0,0,0,998,0,0,0,61,8,2,30,0,0,0,1,53,98584,6,1,0,0,3,3,72,180,0,0,0,0,0,0,0,0,0,0,0,0,0,0,1,2,35,2,6,2,1,0,0,14,10,99,1,4,6,1,0
53,530020,1,1,1,3,1,14,30,24,0,1,0,53,1,7,482,7482,31,1996,1B7KC26C6TJ1,1,B,7,K,C,2,6,C,6,T,J,1,0,0,0,000000000,00000000000,0,0,0,1,0,0,0,0,0,0,0,998,0,1,5,99,6,2,1,0,0,0,1,53,99328,6,1,0,0,3,3,61,200,1,0,0,1,1,4,2012,9,2013,0,0,0,0,0,1,2,65,1,1,1,1,0,0,1,8,99,1,4,1,1,0
53,530022,1,2,1,20,1,10,42,12,6,1,0,53,2,49,401,49401,14,2007,JTEBU14R0780,J,T,E,B,U,1,4,R,0,7,8,0,0,0,0,000000000,00000000000,0,0,0,1,0,0,0,0,0,0,0,998,0,0,0,12,8,2,12,0,0,0,1,53,99205,6,1,0,0,3,0,66,135,0,0,0,0,0,0,0,0,0,0,39,0,0,0,1,4,30,1,1,2,1,3,3,1,17,99,1,1,88,0,0
53,530022,2,2,2,20,1,10,42,12,6,1,0,53,1,20,16,20016,4,2000,1G1JC5244Y72,1,G,1,J,C,5,2,4,4,Y,7,2,0,0,0,000000000,00000000000,0,0,0,1,0,0,0,0,0,0,0,998,0,0,0,9,8,2,12,0,0,0,1,53,99205,6,1,0,0,3,3,61,142,0,0,0,0,0,0,0,0,0,0,0,0,0,0,1,2,25,1,1,2,1,3,3,1,66,99,1,1,89,1,0
53,530023,1,1,1,21,1,16,59,8,0,1,0,53,1,6,43,6043,1,2006,1C3EL55R46N1,1,C,3,E,L,5,5,R,4,6,N,1,0,0,0,000000000,00000000000,0,0,0,1,0,0,0,0,0,0,0,998,0,0,0,12,8,2,8,0,0,0,1,53,98026,6,1,0,0,3,0,72,185,0,0,0,1,0,3,2012,3,2012,0,0,0,0,0,1,2,25,1,2,2,1,0,0,1,80,99,1,1,13,0,0
53,530024,1,1,1,21,1,11,25,39,0,1,0,41,1,20,23,20023,6,2011,3GNBABFW0BS5,3,G,N,B,A,B,F,W,0,B,S,5,0,0,0,000000000,00000000000,0,0,0,1,0,0,0,0,0,0,0,998,0,0,0,12,6,2,39,0,0,0,1,41,97424,6,1,0,0,3,3,67,170,1,0,0,1,0,1,2011,7,2013,0,0,0,0,0,1,2,50,1,1,2,1,20,3,1,14,99,1,4,14,1,0
53,530025,1,1,1,23,1,14,25,24,0,1,0,53,1,20,398,20398,4,1953,C53L063868,C,5,3,L,0,6,3,8,6,8,,,0,0,0,000000000,00000000000,0,0,0,1,0,0,0,0,0,0,0,998,0,0,0,82,8,2,35,0,0,0,1,53,98548,6,1,0,0,3,0,67,149,0,0,0,0,0,0,0,0,0,0,0,0,0,0,1,2,50,3,1,2,1,0,0,14,13,99,1,4,1,1,0
53,530026,1,1,1,23,1,1,8,31,0,1,0,53,2,72,706,72706,80,2002,1HD1BTY172Y0,1,H,D,1,B,T,Y,1,7,2,Y,0,0,0,0,000000000,00000000000,0,0,0,1,0,0,0,0,0,0,0,998,0,0,0,12,6,2,31,0,0,0,1,53,98056,6,1,0,0,3,0,68,220,0,0,0,0,2,6,2012,7,2012,4,37,0,0,0,5,4,50,1,1,2,1,0,0,1,13,99,1,4,1,1,0
53,530027,1,1,1,23,1,18,49,35,0,1,0,53,2,98,709,98709,80,2008,4MZHL04D883B,4,M,Z,H,L,0,4,D,8,8,3,B,0,0,0,000000000,00000000000,0,0,0,1,0,0,0,0,0,0,0,998,0,0,0,9,8,2,35,0,0,0,1,53,98363,6,1,0,0,3,0,75,300,0,1,0,1,1,2,2011,4,2012,0,0,0,0,0,1,2,35,1,2,2,2,0,0,1,12,1,1,4,6,1,0
53,530028,1,2,1,24,1,6,10,12,2,1,0,53,2,12,471,12471,30,1993,1FTDR15X7PPB,1,F,T,D,R,1,5,X,7,P,P,B,0,0,0,000000000,00000000000,0,0,0,1,0,0,0,0,0,0,0,998,0,1,1,12,6,2,12,0,0,0,1,53,98248,6,1,0,0,3,0,71,175,0,0,0,4,0,4,2011,12,2012,0,28,0,0,0,1,2,60,1,1,2,1,0,0,1,10,99,1,2,50,0,0
53,530028,2,2,1,24,1,6,10,12,2,1,0,53,1,63,33,63033,4,2002,KNAFB1214252,K,N,A,F,B,1,2,1,4,2,5,2,0,0,0,000000000,00000000000,0,0,0,1,0,0,0,0,0,0,0,998,0,0,0,12,6,2,12,0,0,0,1,53,99109,6,1,0,0,3,3,74,150,0,0,0,0,0,0,0,0,0,0,0,0,0,0,1,2,60,1,1,2,1,0,0,1,62,1,1,1,51,1,0
53,530029,1,1,1,24,1,22,22,1,0,1,0,53,2,12,471,12471,30,2001,1FTZR15E81PA,1,F,T,Z,R,1,5,E,8,1,P,A,0,0,0,000000000,00000000000,0,0,0,1,0,0,0,0,0,0,0,998,0,1,5,0,6,2,1,0,0,0,1,53,98626,6,1,0,0,3,0,71,170,0,0,0,0,0,0,0,0,0,0,0,0,0,0,1,2,55,1,2,2,1,0,0,1,12,99,1,4,6,1,1
53,530030,1,1,1,25,1,18,15,8,0,1,0,53,2,52,34,52034,4,2001,4A3AA46G11E1,4,A,3,A,A,4,6,G,1,1,E,1,0,0,0,000000000,00000000000,0,0,0,1,0,0,0,0,0,0,0,998,0,0,0,12,8,5,8,0,0,0,1,53,98446,6,1,0,0,3,0,68,135,0,0,0,0,0,0,0,0,0,0,0,0,0,0,1,4,35,1,2,2,1,0,0,1,80,99,1,1,13,0,0
53,530031,1,1,1,25,1,23,10,30,0,1,0,53,1,58,32,58032,4,1993,JNKNG01C4PM2,J,N,K,N,G,0,1,C,4,P,M,2,0,0,0,000000000,00000000000,0,0,0,1,0,0,0,0,0,0,0,998,0,0,0,2,8,2,30,0,0,0,1,53,99338,6,1,0,0,3,0,70,140,1,0,0,0,3,5,2011,8,2013,0,58,0,0,0,1,2,50,3,1,2,1,0,0,14,13,6,4,4,7,1,1
53,530032,1,2,1,26,1,1,20,12,6,1,0,53,1,2,404,2404,14,1998,1J4FJ68S6WL1,1,J,4,F,J,6,8,S,6,W,L,1,0,0,0,000000000,00000000000,0,0,0,1,0,0,0,0,0,0,0,998,0,0,0,12,8,2,12,0,0,0,1,53,98360,6,1,0,0,3,0,74,165,1,0,0,0,1,1,2011,12,2012,0,39,0,0,0,1,4,35,1,2,2,2,3,3,1,17,99,1,1,69,0,1
53,530032,2,2,2,26,1,1,20,12,6,1,0,53,1,58,37,58037,4,2008,JNKBV61E88M2,J,N,K,B,V,6,1,E,8,8,M,2,0,0,0,000000000,00000000000,0,0,0,1,0,0,0,0,0,0,0,998,0,0,0,3,8,2,12,0,0,0,1,53,98374,6,1,0,0,3,3,69,240,0,0,0,0,0,0,0,0,0,0,0,0,0,0,1,4,35,1,2,2,2,3,3,11,15,1,1,1,68,1,0
53,530033,1,1,1,30,1,0,30,35,0,1,0,53,1,37,31,37031,4,1988,1HGED3542JA0,1,H,G,E,D,3,5,4,2,J,A,0,0,0,0,000000000,00000000000,0,0,0,1,0,0,0,0,0,0,0,998,0,0,0,12,6,2,35,0,0,0,1,53,98266,6,1,0,0,3,3,67,145,1,2,1,0,2,12,2011,8,2013,4,0,0,0,0,1,2,50,2,2,2,2,0,0,14,13,99,1,4,1,1,1
53,530034,1,1,4,1,2,16,50,1,0,1,0,53,2,12,481,12481,31,2004,1FTNW21P34EA,1,F,T,N,W,2,1,P,3,4,E,A,0,0,0,000000000,00000000000,0,0,0,1,0,0,0,0,0,0,0,998,0,9,6,0,6,2,1,0,0,0,1,53,98284,6,1,0,0,3,0,70,125,0,0,0,1,1,3,2011,3,2013,4,58,0,0,0,1,2,35,2,4,2,1,0,0,14,10,7,1,4,6,1,1
53,530035,1,1,1,3,2,0,47,1,0,1,0,53,1,37,31,37031,3,1994,1HGEJ1139RL0,1,H,G,E,J,1,1,3,9,R,L,0,0,0,0,000000000,00000000000,0,0,0,1,0,0,0,0,0,0,0,998,0,9,6,0,6,2,1,0,0,0,1,53,98944,6,1,0,0,3,3,66,150,0,0,1,0,1,7,2012,7,2012,3,0,0,0,0,1,2,35,1,1,1,1,0,0,1,13,99,1,4,1,1,1
53,530036,1,2,1,4,2,15,16,12,2,1,0,53,1,49,32,49032,4,1993,JT2AE09E8P00,J,T,2,A,E,0,9,E,8,P,0,0,0,0,0,000000000,00000000000,0,0,0,1,0,0,0,0,0,0,0,998,0,0,0,12,8,2,12,0,0,0,1,53,99016,6,1,0,0,3,3,60,100,0,0,0,0,0,0,0,0,0,0,38,48,0,0,5,4,35,1,1,2,1,0,0,11,15,99,1,1,68,1,0
53,530036,2,2,1,4,2,15,16,12,2,1,0,53,1,37,421,37421,15,2004,2HKYF187X4H5,2,H,K,Y,F,1,8,7,X,4,H,5,0,0,0,000000000,00000000000,0,0,0,1,0,0,0,0,0,0,0,998,0,0,0,12,8,2,12,0,0,0,1,53,99206,6,1,0,0,3,3,62,150,0,0,0,0,0,0,0,0,0,0,0,0,0,0,5,4,35,1,1,2,1,0,0,1,62,99,1,1,69,0,0
53,530037,1,3,1,6,2,10,2,12,1,1,0,41,2,12,401,12401,14,1994,1FMDU34X3RUD,1,F,M,D,U,3,4,X,3,R,U,D,0,0,0,000000000,00000000000,0,0,0,1,0,0,0,0,0,0,0,998,0,0,0,12,6,2,12,0,0,0,1,53,98604,6,1,0,0,3,0,71,210,0,0,0,0,0,0,0,0,0,0,87,0,0,0,3,3,70,1,1,2,4,0,0,1,5,99,9,1,24,1,0
53,530037,2,3,1,6,2,10,2,12,1,1,0,41,3,82,881,82881,66,2012,1FUJGLBG9CSB,1,F,U,J,G,L,B,G,9,C,S,B,1,1,57,190991,57190991,3,6,1,1,0,0,0,0,0,0,0,998,0,0,0,12,8,5,12,0,0,0,1,4,85392,6,1,6,1,3,0,68,205,0,2,0,0,1,3,2012,4,2012,0,0,0,0,0,3,3,70,1,1,2,4,0,0,1,98,99,1,1,98,0,0
53,530037,3,3,1,6,2,10,2,12,1,1,0,6,3,85,881,85881,66,2004,1XKADB8X84J0,1,X,K,A,D,B,8,X,8,4,J,0,1,1,57,2028432,572028432,3,6,1,1,0,0,0,0,0,0,0,998,0,0,0,6,8,5,12,0,0,0,1,6,95993,6,1,6,1,3,0,70,190,0,0,0,1,0,10,2011,10,2011,0,0,0,0,0,3,3,70,1,1,2,4,0,0,1,53,99,1,1,25,0,0
53,530038,1,1,3,6,2,16,24,25,0,1,0,99,9,20,989,20989,59,2007,1GBE5V1937F4,1,G,B,E,5,V,1,9,3,7,F,4,0,0,77,777777777,77777777777,2,21,22,1,0,0,0,0,99,0,0,998,0,0,0,12,8,2,25,0,0,0,1,53,98387,6,1,6,1,3,3,72,290,0,0,0,0,0,0,0,0,0,0,91,0,0,0,3,4,60,1,1,1,1,0,0,1,12,99,1,4,6,1,0
53,530039,1,1,5,8,2,19,50,1,0,1,0,53,2,49,421,49421,15,1999,JT3HT05J1X00,J,T,3,H,T,0,5,J,1,X,0,0,0,0,0,000000000,00000000000,0,0,0,1,0,0,0,0,0,0,0,998,0,2,6,0,8,2,1,0,0,0,1,53,98405,6,2,0,0,3,1,69,200,0,0,0,0,0,0,0,0,0,4,0,0,0,0,1,8,35,1,1,5,1,0,0,1,9,99,9,4,2,1,0
53,530040,1,2,1,8,2,21,45,12,6,1,0,53,1,49,471,49471,30,1992,JT4VN93D4N50,J,T,4,V,N,9,3,D,4,N,5,0,0,0,0,000000000,00000000000,0,0,0,1,0,0,0,0,0,0,0,998,0,0,0,3,6,2,12,0,0,0,1,53,98271,6,1,0,0,3,3,70,215,0,0,0,0,1,11,2013,11,2013,4,87,0,0,0,1,2,55,1,2,2,3,0,0,1,5,99,4,2,64,1,0
53,530040,2,2,1,8,2,21,45,12,6,1,0,53,1,20,421,20421,15,2010,1GNUKBE09AR2,1,G,N,U,K,B,E,0,9,A,R,2,0,0,0,000000000,00000000000,0,0,0,1,0,0,0,0,0,0,0,998,0,0,0,12,6,2,12,0,0,0,1,53,98223,6,1,0,0,3,0,65,155,1,2,0,0,2,9,2011,9,2013,0,0,0,0,0,1,2,55,1,2,2,3,0,0,1,62,99,1,1,65,0,0
53,530041,1,1,1,9,2,20,47,8,0,1,1,99,9,99,999,99999,99,9999,999999999999,9,9,9,9,9,9,9,9,9,9,9,9,0,0,0,000000000,00000000000,0,0,0,1,0,0,0,0,0,0,0,998,0,0,0,12,8,5,8,0,0,0,1,99,99999,9,9,99,9,9,9,999,999,99,99,99,99,99,99,9999,99,9999,9,0,0,0,0,3,2,30,1,1,2,3,0,0,1,80,99,1,1,13,0,0
53,530042,1,1,1,10,2,7,5,25,0,1,0,53,1,63,31,63031,4,1994,KNAFA1218R52,K,N,A,F,A,1,2,1,8,R,5,2,0,0,0,000000000,00000000000,0,0,0,1,0,0,0,0,0,0,0,998,0,0,0,12,6,2,25,0,0,0,1,53,99216,6,1,0,0,3,3,65,180,0,0,0,0,0,0,0,0,0,0,0,0,0,0,6,1,60,1,2,1,1,0,0,1,12,99,1,4,6,1,1
53,530043,1,1,1,12,2,18,41,8,0,1,0,53,1,54,36,54036,4,1997,JH4KA9656VC8,J,H,4,K,A,9,6,5,6,V,C,8,0,0,0,000000000,00000000000,0,0,0,1,0,0,0,0,0,0,0,998,0,0,0,12,8,5,8,0,0,0,1,53,98503,6,1,0,0,3,0,66,160,1,0,0,0,1,6,2013,12,2013,0,0,0,0,0,1,4,35,1,1,2,1,0,0,1,80,99,1,1,13,0,0
53,530044,1,2,1,13,2,15,20,12,2,1,0,41,2,37,35,37035,1,2000,JHMAP1142YT0,J,H,M,A,P,1,1,4,2,Y,T,0,0,0,0,000000000,00000000000,0,0,0,1,0,0,0,0,0,0,0,998,3,0,0,12,8,2,12,0,0,0,1,41,97370,6,1,6,0,3,3,74,260,1,0,0,0,0,1,2014,1,2014,0,28,0,0,0,1,2,55,3,2,2,1,0,0,14,11,6,9,2,50,1,1
53,530044,2,2,1,13,2,15,20,12,2,1,0,53,3,12,481,12481,31,2005,1FTVX14515NB,1,F,T,V,X,1,4,5,1,5,N,B,0,0,0,000000000,00000000000,0,0,0,1,0,0,0,0,0,0,0,998,0,0,0,12,6,2,12,0,0,0,1,53,98610,6,1,0,0,3,3,71,210,0,0,0,0,0,0,0,0,0,0,0,0,0,0,1,2,55,2,2,2,1,0,0,14,62,7,1,1,51,0,0
53,530045,1,1,2,14,2,8,0,1,0,1,0,53,1,48,38,48038,4,2007,JF1GD74637G5,J,F,1,G,D,7,4,6,3,7,G,5,0,0,0,000000000,00000000000,0,0,0,1,0,0,0,0,0,0,0,998,0,9,5,0,6,2,1,0,0,0,1,53,99354,6,1,0,0,3,0,66,170,0,0,0,0,1,3,2011,3,2011,0,0,0,0,0,1,2,65,1,2,2,99,0,0,1,12,99,1,4,6,2,0
53,530046,1,1,1,15,2,6,14,42,0,1,0,53,2,12,471,12471,30,2005,1FTYR15E35PB,1,F,T,Y,R,1,5,E,3,5,P,B,0,0,0,000000000,00000000000,0,0,0,1,0,0,0,0,0,0,0,998,0,0,0,12,6,2,42,0,0,0,1,53,98058,6,1,0,0,3,0,74,196,1,0,0,0,0,6,2012,6,2012,4,87,0,0,0,1,2,55,1,1,2,4,0,0,6,12,99,1,4,6,1,0
53,530047,1,1,1,16,2,20,25,1,0,1,0,53,2,20,481,20481,31,2004,1GCHK29U34E1,1,G,C,H,K,2,9,U,3,4,E,1,0,0,0,000000000,00000000000,0,0,0,1,0,0,0,0,0,0,0,998,0,1,5,0,6,2,1,0,0,0,1,53,98948,3,1,0,0,2,3,68,207,0,0,0,0,0,0,0,0,0,4,0,0,0,0,1,2,50,2,1,4,1,0,0,14,9,99,3,4,2,1,1
53,530048,1,1,3,16,2,11,38,38,0,1,0,53,2,59,33,59033,2,1992,JT8UZ30C3N00,J,T,8,U,Z,3,0,C,3,N,0,0,0,0,0,000000000,00000000000,0,0,0,1,0,0,0,0,0,0,0,998,0,0,0,12,8,2,42,0,0,0,1,53,98223,6,1,0,0,3,3,67,200,0,0,0,1,0,12,2012,12,2012,3,0,0,0,0,1,2,35,1,3,2,2,0,0,1,6,99,2,4,2,1,0
53,530049,1,1,5,16,2,22,9,33,0,1,0,53,1,30,48,30048,4,2004,WVWAF63D3480,W,V,W,A,F,6,3,D,3,4,8,0,0,0,0,000000000,00000000000,0,0,0,1,0,0,0,0,0,0,0,998,0,0,0,14,8,2,30,0,0,0,1,53,98002,6,1,0,0,3,3,71,140,0,0,0,0,0,0,0,0,0,3,91,0,0,0,1,2,35,1,6,2,2,0,0,1,9,99,2,4,2,1,0
53,530050,1,1,2,19,2,99,99,1,0,1,0,53,1,2,403,2403,14,2008,1J4GA64188L5,1,J,4,G,A,6,4,1,8,8,L,5,0,0,0,000000000,00000000000,0,0,0,1,0,0,0,0,0,0,0,998,0,2,6,0,8,2,1,0,0,0,1,53,98847,6,1,6,0,3,0,67,215,0,0,0,0,0,0,0,0,0,0,87,0,0,0,1,1,98,2,5,4,3,0,0,14,5,4,2,4,2,2,1
53,530051,1,2,1,16,2,23,13,25,0,1,0,53,1,37,32,37032,2,2002,1HGCG22572A0,1,H,G,C,G,2,2,5,7,2,A,0,0,0,0,000000000,00000000000,0,0,0,1,0,0,0,0,0,0,0,998,3,0,0,12,6,2,25,0,0,0,1,53,98314,6,1,0,0,3,0,71,190,0,1,0,1,0,2,2013,4,2013,4,0,0,0,0,3,4,60,1,1,2,2,0,0,1,9,99,9,4,7,1,0
53,530051,2,2,1,16,2,23,13,25,0,1,0,36,3,82,881,82881,66,2014,1FUJGBDV6ELF,1,F,U,J,G,B,D,V,6,E,L,F,1,1,57,332037,57332037,3,6,2,1,0,0,0,0,0,0,0,998,0,2,5,8,8,2,1,0,0,0,1,53,98374,6,1,6,1,3,0,66,135,0,0,0,0,1,3,2012,3,2012,0,0,0,0,0,3,4,60,1,1,2,2,0,0,1,61,99,1,1,98,0,0
53,530052,1,2,1,15,2,16,33,12,6,1,0,53,1,7,20,7020,4,2000,1B3ES46C6YD7,1,B,3,E,S,4,6,C,6,Y,D,7,0,0,0,000000000,00000000000,0,0,0,1,0,0,0,0,0,0,0,998,0,0,0,9,6,2,12,0,0,0,1,53,98813,6,1,0,0,3,0,69,250,0,0,0,0,0,0,0,0,0,4,28,87,0,0,1,2,60,1,2,2,3,0,0,1,5,1,4,2,98,1,0
53,530052,2,2,1,15,2,16,33,12,6,1,0,53,2,35,472,35472,30,2012,1N6AD0EV1CC4,1,N,6,A,D,0,E,V,1,C,C,4,0,0,0,000000000,00000000000,0,0,0,1,0,0,0,0,0,0,0,998,0,0,0,12,6,2,12,0,0,0,1,53,98831,6,1,0,0,3,0,67,120,0,0,0,0,1,4,2012,4,2012,0,0,0,0,0,1,2,60,1,2,2,3,0,0,1,62,99,1,1,98,0,0
53,530053,1,2,1,16,2,17,16,12,2,1,0,53,1,37,32,37032,4,1995,1HGCD563XSA1,1,H,G,C,D,5,6,3,X,S,A,1,0,0,0,000000000,00000000000,0,0,0,1,0,0,0,0,0,0,0,998,0,0,0,12,8,2,12,0,0,0,1,53,98294,6,1,0,0,3,0,67,300,0,0,0,0,0,0,0,0,0,0,28,0,0,0,1,2,40,2,2,2,2,0,0,14,10,99,1,2,50,1,0
53,530053,2,2,1,16,2,17,16,12,2,1,0,53,2,12,481,12481,31,1998,1FTZX1860WKA,1,F,T,Z,X,1,8,6,0,W,K,A,0,0,0,000000000,00000000000,0,0,0,1,0,0,0,0,0,0,0,998,0,0,0,12,8,2,12,0,0,0,1,53,98077,6,1,0,0,3,0,72,220,0,0,0,0,0,0,0,0,0,0,0,0,0,0,1,2,40,3,2,2,2,0,0,14,62,99,1,1,51,0,0
53,530055,1,1,1,20,2,15,56,1,0,1,0,53,2,7,43,7043,4,2004,1B3EL36T54N3,1,B,3,E,L,3,6,T,5,4,N,3,0,0,0,000000000,00000000000,0,0,0,1,0,0,0,0,0,0,0,998,0,9,6,0,8,2,1,0,0,0,1,53,99027,6,1,0,0,3,3,67,115,2,0,0,0,1,3,2011,5,2013,0,0,0,0,0,1,2,35,1,1,2,3,0,0,1,13,99,1,4,1,1,1
53,530056,1,1,1,20,2,22,41,8,0,1,0,53,1,37,32,37032,4,2001,1HGCG16541A0,1,H,G,C,G,1,6,5,4,1,A,0,0,0,0,000000000,00000000000,0,0,0,1,0,0,0,0,0,0,0,998,0,0,0,12,8,5,8,0,0,0,1,53,98053,6,1,0,0,3,0,66,130,1,0,0,0,0,2,2013,2,2013,0,0,0,0,0,1,2,35,1,2,2,2,0,0,1,80,4,1,1,13,0,0
53,530057,1,1,2,21,2,12,35,1,0,1,0,41,2,20,481,20481,31,1998,2GCEK19R3W11,2,G,C,E,K,1,9,R,3,W,1,1,0,0,0,000000000,00000000000,0,0,0,1,0,0,0,0,0,0,0,998,0,1,5,0,6,2,1,0,0,0,1,53,98802,6,1,0,0,3,0,70,215,3,0,0,6,7,1,2013,1,2014,0,0,0,0,0,1,2,60,1,2,2,1,0,0,1,13,6,4,4,1,1,1
53,530058,1,2,4,21,2,4,46,12,6,1,0,53,1,30,40,30040,4,1999,3VWSE29M1XM1,3,V,W,S,E,2,9,M,1,X,M,1,0,0,0,000000000,00000000000,0,0,0,1,0,0,0,0,0,0,0,998,0,0,0,5,6,2,12,0,0,0,1,53,98855,6,1,0,0,3,0,61,130,0,0,0,1,1,5,2011,7,2013,4,87,0,0,0,1,3,45,3,1,2,4,0,0,14,5,99,4,2,98,2,1
53,530058,2,2,1,21,2,4,46,12,6,1,0,53,3,82,881,82881,66,2004,1FUJA6CK14PM,1,F,U,J,A,6,C,K,1,4,P,M,1,1,57,0002796,570002796,3,6,2,1,0,0,0,0,0,0,0,998,0,0,0,12,6,2,12,0,0,0,1,53,99216,6,1,6,1,3,0,72,200,0,0,0,0,0,0,0,0,0,0,0,0,0,0,1,3,45,2,1,2,4,0,0,14,62,1,1,1,98,0,0
53,530059,1,2,1,16,1,15,18,12,6,1,0,53,1,35,471,35471,30,1982,JN6MD06S4CW1,J,N,6,M,D,0,6,S,4,C,W,1,0,0,0,000000000,00000000000,0,0,0,1,0,0,0,0,0,0,0,998,0,0,0,9,6,2,12,0,0,0,1,53,98858,6,1,6,0,3,0,69,190,2,0,0,0,2,4,2012,7,2013,0,38,0,0,0,1,2,60,1,4,2,1,20,3,11,15,99,1,1,82,1,0
53,530059,2,2,1,16,1,15,18,12,6,1,0,53,3,12,422,12422,15,2008,1FMFU16518LA,1,F,M,F,U,1,6,5,1,8,L,A,0,0,0,000000000,00000000000,0,0,0,1,0,0,0,0,0,0,0,998,7,1,2,12,6,2,12,0,0,0,1,53,98858,6,1,0,0,3,0,74,225,0,0,0,0,0,0,0,0,0,0,0,0,0,0,1,2,60,1,4,2,1,0,0,1,67,99,1,1,83,0,0
53,530060,1,4,1,21,2,18,40,12,8,1,0,41,1,2,404,2404,14,2012,1C4RJFAG2CC1,1,C,4,R,J,F,A,G,2,C,C,1,0,0,0,000000000,00000000000,0,0,0,1,0,0,0,0,0,0,0,998,0,0,0,62,8,2,12,0,0,0,1,41,97217,6,1,0,0,3,0,64,130,0,0,0,0,0,0,0,0,0,0,51,91,0,0,3,2,55,1,1,1,1,0,0,1,54,1,1,1,64,0,1
53,530060,2,4,2,21,2,18,40,12,8,1,0,53,1,7,26,7026,4,2008,1B3LC56K48N1,1,B,3,L,C,5,6,K,4,8,N,1,0,0,0,000000000,00000000000,0,0,0,1,0,0,0,0,0,0,0,998,0,0,0,63,8,2,12,0,0,0,1,53,98626,6,1,0,0,3,3,66,150,0,0,0,0,0,0,0,0,0,0,0,0,0,0,3,2,55,1,1,1,1,0,0,1,62,99,1,1,65,0,0
53,530060,3,4,2,21,2,18,40,12,8,1,0,53,2,54,35,54035,4,1996,JH4UA365XTC0,J,H,4,U,A,3,6,5,X,T,C,0,0,0,0,000000000,00000000000,0,0,0,1,0,0,0,0,0,0,0,998,0,0,0,61,8,2,12,0,0,0,1,53,98229,6,1,0,0,3,0,62,130,0,0,0,0,0,0,0,0,0,0,0,0,0,0,3,2,55,1,1,1,1,0,0,1,62,99,1,4,98,0,0
53,530060,4,4,4,21,2,18,40,12,8,1,0,53,1,35,401,35401,14,2008,5N1AR18B68C6,5,N,1,A,R,1,8,B,6,8,C,6,0,0,0,000000000,00000000000,0,0,0,1,0,0,0,0,0,0,0,998,0,0,0,12,8,2,12,0,0,0,1,53,98632,6,1,0,0,3,3,71,190,0,0,0,0,0,0,0,0,0,0,0,0,0,0,3,2,55,1,1,1,1,0,0,1,62,99,1,1,98,1,0
53,530061,1,1,1,21,2,0,0,42,0,1,0,53,1,7,482,7482,31,2007,3D7MX38A57G8,3,D,7,M,X,3,8,A,5,7,G,8,0,0,0,000000000,00000000000,0,0,0,1,0,0,0,0,0,0,0,998,0,0,0,12,6,2,42,0,0,0,1,53,98930,6,1,6,0,3,0,66,190,0,0,0,0,0,0,0,0,0,0,0,0,0,0,1,2,50,3,1,2,1,0,0,14,11,99,1,4,1,1,1