STATE,ST_CASE,VEH_NO,VE_FORMS,NUMOCCS,DAY,MONTH,HOUR,MINUTE,HARM_EV,MAN_COLL,UNITTYPE,HIT_RUN,REG_STAT,OWNER,MAKE,MODEL,MAK_MOD,BODY_TYP,MOD_YEAR,VIN,VIN_1,VIN_2,VIN_3,VIN_4,VIN_5,VIN_6,VIN_7,VIN_8,VIN_9,VIN_10,VIN_11,VIN_12,TOW_VEH,J_KNIFE,MCARR_I1,MCARR_I2,MCARR_ID,GVWR,V_CONFIG,CARGO_BT,HAZ_INV,HAZ_PLAC,HAZ_ID,HAZ_CNO,HAZ_REL,BUS_USE,SPEC_USE,EMER_USE,TRAV_SP,UNDERIDE,ROLLOVER,ROLINLOC,IMPACT1,DEFORMED,TOWED,M_HARM,VEH_SC1,VEH_SC2,FIRE_EXP,DR_PRES,L_STATE,DR_ZIP,L_STATUS,L_TYPE,CDL_STAT,L_ENDORS,L_COMPL,L_RESTRI,DR_HGT,DR_WGT,PREV_ACC,PREV_SUS,PREV_DWI,PREV_SPD,PREV_OTH,FIRST_MO,FIRST_YR,LAST_MO,LAST_YR,SPEEDREL,DR_SF1,DR_SF2,DR_SF3,DR_SF4,VTRAFWAY,VNUM_LAN,VSPD_LIM,VALIGN,VPROFILE,VPAVETYP,VSURCOND,VTRAFCON,VTCONT_F,P_CRASH1,P_CRASH2,P_CRASH3,PCRASH4,PCRASH5,ACC_TYPE,DEATHS,DR_DRINK
53,530228,3,3,2,12,7,12,55,12,6,1,0,53,1,12,481,12481,31,2009,1FTWW33R49EA,1,F,T,W,W,3,3,R,4,9,E,A,0,0,0,000000000,00000000000,0,0,0,1,0,0,0,0,0,0,0,0,0,0,0,12,8,5,12,0,0,0,1,53,98373,6,1,0,0,3,0,68,200,1,0,0,0,0,3,2012,3,2012,0,0,0,0,0,1,2,55,1,2,2,1,0,0,5,98,99,1,1,98,0,0
53,530229,1,2,1,17,7,16,45,12,2,1,0,53,2,32,43,32043,4,1997,WAUCB88D6VA2,W,A,U,C,B,8,8,D,6,V,A,2,0,0,0,000000000,00000000000,0,0,0,1,0,0,0,0,0,0,0,998,0,0,0,12,8,2,12,0,0,0,1,53,98201,6,1,0,0,3,0,70,135,0,0,0,0,1,3,2014,3,2014,0,28,0,0,0,1,2,50,2,1,2,1,0,0,14,10,99,1,2,50,1,0
53,530229,2,2,1,17,7,16,45,12,2,1,0,53,1,7,482,7482,31,2012,3C63D3JL6CG2,3,C,6,3,D,3,J,L,6,C,G,2,0,0,0,000000000,00000000000,0,0,0,1,0,0,0,0,0,0,0,998,0,0,0,12,8,2,12,0,0,0,1,53,98292,6,1,6,0,3,0,72,200,2,1,0,0,2,8,2011,7,2012,0,0,0,0,0,1,2,50,3,1,2,1,0,0,14,62,99,1,1,51,0,0
53,530232,1,1,1,21,7,8,14,24,0,1,0,53,3,85,884,85884,66,2007,1XKDPB0X47R1,1,X,K,D,P,B,0,X,4,7,R,1,1,1,57,182852,57182852,3,6,1,1,0,0,0,0,0,0,0,998,0,0,0,12,8,2,24,0,0,0,1,53,98362,6,1,6,1,3,0,67,170,0,0,0,0,0,0,0,0,0,0,0,0,0,0,1,2,60,1,1,1,1,0,0,1,13,99,1,4,1,1,0
53,530233,1,1,2,22,7,3,25,38,0,1,0,49,1,41,45,41045,1,2007,JM1NC25FX701,J,M,1,N,C,2,5,F,X,7,0,1,0,0,0,000000000,00000000000,0,0,0,1,0,0,0,0,0,0,0,998,0,0,0,12,6,2,99,0,0,0,1,49,84015,6,1,0,0,3,0,65,120,98,0,0,1,1,8,2011,9,2013,0,0,0,0,0,1,2,25,2,2,2,99,0,0,14,12,3,1,4,6,1,1
53,530234,1,1,1,23,7,13,10,8,0,1,0,6,1,23,481,23481,31,1997,2GTEC19WXV15,2,G,T,E,C,1,9,W,X,V,1,5,0,0,0,000000000,00000000000,0,0,0,1,0,0,0,0,0,0,0,998,0,0,0,12,8,3,8,0,0,0,1,6,92805,6,1,0,0,3,0,69,179,0,0,0,0,0,0,0,0,0,4,0,0,0,0,1,2,25,1,1,2,2,0,0,1,6,99,9,4,98,0,0
53,530235,1,1,2,25,7,21,50,8,0,1,0,53,1,7,482,7482,31,2007,1D7HU18257S1,1,D,7,H,U,1,8,2,5,7,S,1,0,0,0,000000000,00000000000,0,0,0,1,0,0,0,0,0,0,0,998,0,0,0,12,8,2,8,0,0,0,1,53,98362,6,1,0,0,3,0,70,185,0,0,0,0,0,0,0,0,0,0,0,0,0,0,3,3,60,1,2,1,1,0,0,1,80,99,1,1,13,0,0
53,530236,1,2,1,26,7,7,50,12,2,1,0,53,2,35,43,35043,4,2000,3N1CB51D6YL3,3,N,1,C,B,5,1,D,6,Y,L,3,0,0,0,000000000,00000000000,0,0,0,1,0,0,0,0,0,0,0,998,0,0,0,12,6,2,12,0,0,0,1,53,99026,6,2,0,0,3,0,66,120,0,0,0,0,0,0,0,0,0,0,28,0,0,0,1,2,35,2,1,2,1,0,0,14,10,99,1,2,50,0,0
53,530236,2,2,1,26,7,7,50,12,2,1,0,53,1,37,705,37705,80,1985,JH2RC1902FM1,J,H,2,R,C,1,9,0,2,F,M,1,0,0,0,000000000,00000000000,0,0,0,1,0,0,0,0,0,0,0,998,0,0,0,12,6,2,12,0,0,0,1,53,99026,6,1,0,0,3,0,72,200,0,0,0,0,0,0,0,0,0,0,0,0,0,0,1,2,35,3,1,2,1,0,0,14,62,99,1,1,51,1,0
53,530237,1,1,1,26,7,13,42,1,0,1,0,53,1,98,706,98706,80,2008,VBKVD94078M9,V,B,K,V,D,9,4,0,7,8,M,9,0,0,0,000000000,00000000000,0,0,0,1,0,0,0,0,0,0,0,998,0,0,0,0,6,2,1,0,0,0,1,53,98270,6,1,0,0,3,0,75,280,0,0,0,0,0,0,0,0,0,4,37,0,0,0,1,2,35,4,2,2,1,0,0,14,13,99,1,4,1,1,0
53,530239,1,2,1,30,4,10,29,12,2,1,0,53,1,20,37,20037,4,2005,1G1ZT548X5F2,1,G,1,Z,T,5,4,8,X,5,F,2,0,0,0,000000000,00000000000,0,0,0,1,0,0,0,0,0,0,0,998,0,0,0,12,6,2,12,0,0,0,1,53,98932,6,1,0,0,3,0,70,203,0,0,0,0,0,0,0,0,0,0,28,0,0,0,2,2,55,1,1,2,1,0,0,1,10,99,1,1,50,1,0
53,530239,2,2,1,30,4,10,29,12,2,1,0,53,1,20,20,20020,4,1991,2G1WL54T6M91,2,G,1,W,L,5,4,T,6,M,9,1,0,0,0,000000000,00000000000,0,0,0,1,0,0,0,0,0,0,0,0,0,0,0,12,6,2,12,0,0,0,1,53,98944,6,1,0,0,3,0,67,160,0,0,0,2,1,5,2012,3,2014,0,0,0,0,0,1,2,35,1,1,2,1,20,3,5,67,99,1,1,51,0,0
53,530240,1,2,2,26,7,10,0,12,6,1,0,53,1,30,43,30043,10,1982,1V1KG0173CV0,1,V,1,K,G,0,1,7,3,C,V,0,0,0,0,000000000,00000000000,0,0,0,1,0,0,0,0,0,0,0,998,0,0,0,81,8,5,12,0,0,0,1,53,99006,6,1,0,0,3,0,64,150,0,0,0,0,0,0,0,0,0,0,38,0,0,0,1,4,30,1,1,2,1,3,3,11,15,99,1,1,76,0,0
53,530240,2,2,2,26,7,10,0,12,6,1,0,53,1,72,706,72706,80,2001,1HD1GEV141Y3,1,H,D,1,G,E,V,1,4,1,Y,3,0,0,0,000000000,00000000000,0,0,0,1,0,0,0,0,0,0,0,998,0,0,0,12,8,5,12,0,0,0,1,53,99021,6,1,6,0,3,0,72,250,0,0,0,0,0,0,0,0,0,0,0,0,0,0,1,4,30,1,1,2,1,3,3,1,65,99,1,1,77,1,0
53,530241,1,2,1,26,7,15,41,12,6,1,0,53,2,7,472,7472,30,2006,1D7HE48N66S6,1,D,7,H,E,4,8,N,6,6,S,6,0,0,0,000000000,00000000000,0,0,0,1,0,0,0,0,0,0,0,998,0,0,0,82,8,2,12,0,0,0,1,53,98290,6,1,0,0,3,0,67,180,0,2,0,0,0,10,2011,11,2013,0,38,0,0,0,1,2,35,1,1,2,1,0,0,11,15,99,1,1,68,0,0
53,530241,2,2,1,26,7,15,41,12,6,1,0,53,1,98,706,98706,80,2004,4MZAX14J5434,4,M,Z,A,X,1,4,J,5,4,3,4,0,0,0,000000000,00000000000,0,0,0,1,0,0,0,0,0,0,0,998,0,0,0,12,8,2,12,0,0,0,1,53,98290,6,1,0,0,3,0,67,125,0,0,0,1,0,12,2013,12,2013,0,0,0,0,0,1,2,35,1,1,2,1,0,0,1,62,99,1,1,69,1,1
53,530242,1,1,1,25,7,19,57,8,0,1,0,53,1,20,481,20481,31,1995,1GCEC19K8SE1,1,G,C,E,C,1,9,K,8,S,E,1,0,0,0,000000000,00000000000,0,0,0,1,0,0,0,0,0,0,0,998,0,0,0,12,8,5,8,0,0,0,1,53,98058,1,1,0,0,2,0,64,174,0,0,0,0,0,0,0,0,0,0,0,0,0,0,4,1,98,3,1,2,1,0,0,14,80,99,1,1,13,0,0
53,530243,1,2,1,27,7,21,24,12,2,1,0,24,1,72,706,72706,80,2013,1HD1KHM11DB6,1,H,D,1,K,H,M,1,1,D,B,6,0,0,0,000000000,00000000000,0,0,0,1,0,0,0,0,0,0,0,998,0,0,0,12,6,2,12,0,0,0,1,24,20833,6,1,0,0,3,0,70,175,0,0,0,0,0,0,0,0,0,0,28,0,0,0,1,2,60,2,2,2,1,0,0,14,10,99,1,2,50,1,0
53,530243,2,2,3,27,7,21,24,12,2,1,0,53,2,20,443,20443,20,2003,1GNDX03E33D2,1,G,N,D,X,0,3,E,3,3,D,2,0,0,0,000000000,00000000000,0,0,0,1,0,0,0,0,0,0,0,998,0,0,0,12,6,2,12,0,0,0,1,53,99207,0,0,0,0,0,0,68,180,0,0,0,0,1,8,2013,8,2013,0,0,0,0,0,1,2,60,3,2,2,1,0,0,14,62,99,1,1,51,0,0
53,530244,1,1,1,30,7,9,13,1,0,1,0,95,0,72,706,72706,80,2000,1HD1FDV17YY6,1,H,D,1,F,D,V,1,7,Y,Y,6,0,0,0,000000000,00000000000,0,0,0,1,0,0,0,0,0,0,0,998,0,0,0,0,6,2,1,0,0,0,1,95,0,9,9,99,9,9,9,999,999,99,99,99,99,99,99,9999,99,9999,0,0,0,0,0,1,2,65,1,1,2,1,0,0,1,9,99,9,9,98,1,0
53,530245,1,1,1,31,7,15,32,8,0,1,1,53,3,87,881,87881,63,2014,3BPZL20X2EF2,3,B,P,Z,L,2,0,X,2,E,F,2,0,0,57,1461419,571461419,3,2,7,1,0,0,0,0,0,0,0,998,0,0,0,12,8,5,8,0,0,0,1,53,98030,6,1,6,1,3,1,69,170,0,0,0,0,2,1,2012,5,2014,0,0,0,0,0,1,2,30,1,2,2,1,2,3,10,80,99,1,1,13,0,0
53,530246,1,1,1,2,8,15,47,24,0,1,0,53,1,76,706,76706,80,2006,JYARN15EX6A0,J,Y,A,R,N,1,5,E,X,6,A,0,0,0,0,000000000,00000000000,0,0,0,1,0,0,0,0,0,0,0,998,0,0,0,12,6,2,31,0,0,0,1,53,98166,6,1,0,0,3,0,64,140,0,4,0,3,2,1,2012,8,2013,4,0,0,0,0,3,5,60,1,2,1,1,0,0,1,9,99,9,4,2,1,0
53,530247,1,1,5,2,8,21,10,1,0,1,0,16,2,7,442,7442,20,2003,1D8GP24333B2,1,D,8,G,P,2,4,3,3,3,B,2,0,0,0,000000000,00000000000,0,0,0,1,0,0,0,0,0,0,0,998,0,9,1,0,6,2,1,0,0,0,1,16,83501,6,7,0,0,3,3,67,118,0,0,0,0,0,0,0,0,0,0,0,0,0,0,1,2,65,2,2,2,1,0,0,14,87,6,3,2,98,1,0
53,530248,1,1,2,3,8,22,44,52,0,1,0,53,2,49,471,49471,30,1990,JT4VN93D8L50,J,T,4,V,N,9,3,D,8,L,5,0,0,0,0,000000000,00000000000,0,0,0,1,0,0,0,0,0,0,0,998,0,1,1,12,8,2,1,0,0,0,1,20,66442,1,1,0,0,2,0,71,145,0,1,1,2,2,7,2012,12,2013,0,91,0,0,0,1,2,50,3,2,1,1,0,0,14,11,99,1,4,1,1,1
53,530249,1,2,1,1,8,16,24,12,6,1,0,53,1,20,404,20404,14,2006,2CNDL73F6660,2,C,N,D,L,7,3,F,6,6,6,0,0,0,0,000000000,00000000000,0,0,0,1,0,0,0,0,0,0,0,998,0,0,0,81,6,2,12,0,0,0,1,53,99006,6,1,0,0,3,0,69,150,0,0,0,0,0,0,0,0,0,0,38,0,0,0,1,2,35,1,1,2,1,20,3,1,17,99,1,1,87,1,0
53,530249,2,2,2,1,8,16,24,12,6,1,0,53,1,12,481,12481,31,1977,F10SR000357,F,1,0,S,R,0,0,0,3,5,7,,0,0,0,000000000,00000000000,0,0,0,1,0,0,0,0,0,0,0,998,0,0,0,12,6,2,12,0,0,0,1,53,98260,6,1,0,0,3,0,69,220,0,0,0,0,0,0,0,0,0,0,0,0,0,0,1,2,60,1,1,2,1,0,0,1,66,99,1,1,86,0,0
53,530250,1,2,1,3,8,10,5,12,2,1,0,53,1,12,13,12013,2,1998,3FAKP1137WR2,3,F,A,K,P,1,1,3,7,W,R,2,0,0,0,000000000,00000000000,0,0,0,1,0,0,0,0,0,0,0,998,0,0,0,12,8,2,12,0,0,0,1,53,99025,6,1,0,0,3,3,66,185,0,0,0,0,0,0,0,0,0,0,28,0,0,0,1,2,55,3,2,2,1,0,0,14,10,99,1,2,50,1,0
53,530250,2,2,1,3,8,10,5,12,2,1,0,53,1,87,881,87881,66,2006,1XP5DB9X76N6,1,X,P,5,D,B,9,X,7,6,N,6,1,1,57,272966,57272966,3,6,97,1,0,0,0,0,0,0,0,998,0,0,0,12,8,2,12,0,0,0,1,53,99148,6,1,6,1,3,3,74,220,1,0,0,0,0,9,2012,9,2012,0,0,0,0,0,1,2,55,3,2,2,1,0,0,14,62,99,1,1,51,0,0
53,530251,1,1,1,4,8,10,55,8,0,1,0,53,1,20,481,20481,31,2003,2GCEK19VX311,2,G,C,E,K,1,9,V,X,3,1,1,0,0,0,000000000,00000000000,0,0,0,1,0,0,0,0,0,0,0,998,0,0,0,12,8,5,8,0,0,0,1,53,98201,6,1,0,0,3,3,68,125,0,0,0,0,0,0,0,0,0,0,38,0,0,0,1,2,30,1,1,2,1,2,3,11,80,99,1,1,13,0,0
53,530252,1,2,1,7,8,18,15,12,2,1,0,53,1,12,4,12004,1,2003,1FAHP60A33Y1,1,F,A,H,P,6,0,A,3,3,Y,1,0,0,0,000000000,00000000000,0,0,0,1,0,0,0,0,0,0,0,998,0,0,0,12,8,2,12,0,0,0,1,53,99212,6,1,0,0,3,0,72,170,0,0,0,0,0,0,0,0,0,0,28,0,0,0,1,2,98,1,2,2,1,0,0,1,10,99,1,2,50,1,0
53,530252,2,2,2,7,8,18,15,12,2,1,0,41,3,89,881,89881,66,2014,4V4NC9EHXEN1,4,V,4,N,C,9,E,H,X,E,N,1,1,1,57,535595,57535595,3,6,1,1,0,0,0,0,0,0,0,998,0,0,0,12,8,2,12,0,0,0,1,41,97301,6,1,6,1,3,0,68,170,0,1,0,0,0,6,2014,6,2014,0,0,0,0,0,1,2,98,1,2,2,1,0,0,1,62,99,1,1,51,0,0
53,530253,1,1,3,9,8,13,34,1,0,1,0,53,2,73,998,73998,97,2014,JKBRTCB14EB5,J,K,B,R,T,C,B,1,4,E,B,5,0,0,0,000000000,00000000000,0,0,0,1,0,0,0,0,0,0,0,998,0,2,6,0,8,2,1,0,0,0,1,53,98407,6,1,6,0,1,0,73,210,0,0,0,1,0,2,2013,2,2013,4,0,0,0,0,1,8,25,3,1,4,1,0,0,14,11,99,9,4,2,1,1
53,530254,1,2,1,9,8,16,28,12,7,1,0,53,1,37,706,37706,80,2003,1HFSC46023A1,1,H,F,S,C,4,6,0,2,3,A,1,0,0,0,000000000,00000000000,0,0,0,1,0,0,0,0,0,0,0,998,0,0,0,81,8,2,12,0,0,0,1,53,98288,6,1,0,0,3,0,71,245,0,0,0,1,0,8,2011,8,2011,3,0,0,0,0,3,3,50,1,2,2,1,0,0,1,11,99,1,2,44,1,1
53,530254,2,2,1,9,8,16,28,12,7,1,0,53,3,98,988,98988,52,2011,5FYH5YU0XBB0,5,F,Y,H,5,Y,U,0,X,B,B,0,0,0,77,777777777,77777777777,3,21,22,1,0,0,0,0,6,3,0,998,0,0,0,61,8,3,12,0,0,0,1,53,98126,6,1,6,1,3,0,71,250,0,0,0,0,0,0,0,0,0,0,0,0,0,0,3,3,50,1,2,2,1,0,0,1,61,99,1,1,45,0,0
53,530255,1,2,2,6,5,11,54,12,6,1,0,53,1,49,403,49403,14,2002,JTEGD21A8200,J,T,E,G,D,2,1,A,8,2,0,0,0,0,0,000000000,00000000000,0,0,0,1,0,0,0,0,0,0,0,998,0,0,0,12,8,2,12,0,0,0,1,53,98675,6,1,0,0,3,3,62,160,1,0,0,0,0,11,2013,11,2013,0,39,0,0,0,1,2,35,1,1,2,1,3,3,1,17,99,1,1,86,0,0
53,530255,2,2,2,6,5,11,54,12,6,1,0,53,2,12,37,12037,6,2000,1FAFP36P0YW1,1,F,A,F,P,3,6,P,0,Y,W,1,0,0,0,000000000,00000000000,0,0,0,1,0,0,0,0,0,0,0,998,0,0,0,1,8,2,12,0,0,0,1,53,98648,6,1,3,0,3,0,70,190,0,0,0,2,0,6,2011,3,2014,0,0,0,0,0,1,2,35,1,1,2,1,3,3,1,66,99,1,1,87,1,0
53,530256,1,1,1,10,8,15,40,30,0,1,0,53,2,20,471,20471,30,1997,1GCCS1948V81,1,G,C,C,S,1,9,4,8,V,8,1,0,0,0,000000000,00000000000,0,0,0,1,0,0,0,0,0,0,0,998,0,0,0,6,6,2,30,0,0,0,1,53,98948,0,0,0,0,0,0,999,999,0,0,0,0,0,0,0,0,0,0,0,0,0,0,1,2,55,1,1,2,1,0,0,1,8,99,4,4,2,1,1
53,530257,1,1,2,10,8,3,9,8,0,1,0,53,3,12,461,12461,29,2007,1FDWE35P47DA,1,F,D,W,E,3,5,P,4,7,D,A,0,0,0,000000000,00000000000,0,0,0,1,0,0,0,0,0,0,0,998,0,0,0,3,8,5,8,0,0,0,1,53,98843,6,1,0,0,3,0,72,220,0,0,0,0,1,5,2014,5,2014,0,0,0,0,0,1,3,60,1,1,2,1,0,0,1,80,6,1,1,13,0,0
53,530258,1,1,1,11,8,13,22,43,0,1,0,53,1,7,850,7850,73,1971,WA98190363,W,A,9,8,1,9,0,3,6,3,,,0,0,0,000000000,00000000000,0,0,0,1,0,0,0,0,0,0,0,998,0,1,6,12,8,2,1,0,0,0,1,53,98155,6,1,0,0,3,0,63,190,0,0,0,0,0,0,0,0,0,0,0,0,0,0,1,2,25,1,6,2,1,20,3,1,3,99,1,4,14,1,0
53,530259,1,3,3,17,6,6,56,12,6,1,0,53,1,7,472,7472,30,2002,1B7GG42N72S6,1,B,7,G,G,4,2,N,7,2,S,6,0,0,0,000000000,00000000000,0,0,0,1,0,0,0,0,0,0,0,998,0,0,0,82,6,2,12,0,0,0,1,53,98513,1,1,0,0,2,0,63,130,0,0,0,0,2,10,2013,10,2013,0,91,0,0,0,1,4,35,1,1,2,2,0,0,3,6,99,4,2,64,0,0
53,530259,2,3,1,17,6,6,56,12,6,1,0,53,1,12,461,12461,21,2005,1FDSE35L65HB,1,F,D,S,E,3,5,L,6,5,H,B,0,0,0,000000000,00000000000,0,0,0,1,0,0,0,0,0,0,0,998,0,0,0,12,6,2,12,0,0,0,1,53,98503,6,1,0,0,3,0,70,165,0,0,0,0,0,0,0,0,0,0,0,0,0,0,1,4,35,1,1,2,2,0,0,1,62,99,1,1,65,1,0
53,530259,3,3,1,17,6,6,56,12,6,1,0,53,1,35,473,35473,31,2004,1N6AA07B74N5,1,N,6,A,A,0,7,B,7,4,N,5,0,0,0,000000000,00000000000,0,0,0,1,0,0,0,0,0,0,0,998,0,0,0,12,6,2,12,0,0,0,1,53,98576,6,1,6,0,3,3,72,190,0,0,0,0,0,0,0,0,0,0,0,0,0,0,1,4,35,1,1,2,2,0,0,1,62,99,1,1,98,0,0
53,530260,1,1,1,16,8,20,55,8,0,1,1,99,9,99,999,99999,99,9999,999999999999,9,9,9,9,9,9,9,9,9,9,9,9,0,0,0,000000000,00000000000,0,0,0,1,0,0,0,0,0,0,0,998,0,0,0,99,9,9,8,0,0,0,1,99,99999,9,9,99,9,9,9,999,999,99,99,99,99,99,99,9999,99,9999,9,0,0,0,0,5,4,40,1,2,2,1,0,0,1,80,6,1,9,13,0,0
53,530261,1,1,1,16,8,3,15,8,0,1,0,41,3,82,881,82881,66,1989,1FUYDSYB4KP3,1,F,U,Y,D,S,Y,B,4,K,P,3,1,1,57,02193809,5702193809,3,6,4,1,0,0,0,0,0,0,0,998,0,0,0,12,9,5,8,0,0,0,1,53,98948,6,1,6,1,3,0,67,198,0,0,0,1,5,10,2011,4,2013,4,0,0,0,0,1,2,25,1,1,2,1,0,0,1,80,6,1,1,13,0,0
53,530262,1,1,1,17,8,2,30,38,0,1,0,53,1,36,31,36031,1,1972,124BS1005645,1,2,4,B,S,1,0,0,5,6,4,5,0,0,0,000000000,00000000000,0,0,0,1,0,0,0,0,0,0,0,998,0,1,6,99,8,2,1,0,0,0,1,53,98855,6,1,0,0,3,0,70,140,0,0,0,0,0,0,0,0,0,4,58,0,0,0,1,2,50,2,1,2,1,0,0,14,12,99,4,4,7,1,1
53,530263,1,2,1,11,8,23,19,12,1,1,0,53,2,72,706,72706,80,1987,1HD1CAN18HY1,1,H,D,1,C,A,N,1,8,H,Y,1,0,0,0,000000000,00000000000,0,0,0,1,0,0,0,0,0,0,0,998,0,0,0,12,8,2,12,0,0,0,1,53,98177,6,1,0,0,2,0,75,185,0,0,0,1,1,4,2013,5,2014,3,0,0,0,0,1,2,30,1,3,2,2,0,0,1,51,99,1,1,24,1,1
53,530263,2,2,3,11,8,23,19,12,1,1,0,53,2,49,402,49402,14,2004,JTEHD20V9460,J,T,E,H,D,2,0,V,9,4,6,0,0,0,0,000000000,00000000000,0,0,0,1,0,0,0,0,0,0,0,998,0,0,0,6,8,2,12,0,0,0,1,53,98117,6,1,0,0,3,3,66,130,1,0,0,0,0,2,2012,2,2012,0,0,0,0,0,1,2,30,1,3,2,2,0,0,1,53,99,1,1,25,0,0
53,530264,1,1,1,14,8,0,23,35,0,1,0,53,2,7,471,7471,30,1986,JB7FK24EXGP0,J,B,7,F,K,2,4,E,X,G,P,0,0,0,0,000000000,00000000000,0,0,0,1,0,0,0,0,0,0,0,998,0,1,5,99,6,2,42,0,0,0,1,53,98022,6,1,0,0,3,3,66,155,0,0,0,3,0,9,2011,7,2014,4,0,0,0,0,1,2,55,3,1,2,2,0,0,14,12,99,4,4,7,1,0
53,530265,1,1,6,16,8,3,4,1,0,1,0,53,1,48,34,48034,4,1992,JF1BC6725NG6,J,F,1,B,C,6,7,2,5,N,G,6,0,0,0,000000000,00000000000,0,0,0,1,0,0,0,0,0,0,0,998,0,9,5,0,6,2,1,0,0,0,1,53,98662,6,1,0,0,3,0,72,155,0,0,0,1,0,4,2012,4,2012,4,91,0,0,0,3,5,60,1,1,2,1,0,0,1,13,99,1,4,1,1,1
53,530266,1,1,1,18,8,18,48,42,0,1,0,53,2,20,431,20431,16,1999,3GNFK16R9XG1,3,G,N,F,K,1,6,R,9,X,G,1,0,0,0,000000000,00000000000,0,0,0,1,0,0,0,0,0,0,0,998,0,0,0,12,8,2,42,0,0,0,1,53,98321,6,1,0,0,3,3,70,170,0,0,0,0,0,0,0,0,0,4,0,0,0,0,1,2,45,1,1,2,1,0,0,1,9,99,9,4,7,1,1
53,530267,1,2,1,23,8,11,19,12,2,1,0,53,1,76,706,76706,80,2011,JYARN23EXBA0,J,Y,A,R,N,2,3,E,X,B,A,0,0,0,0,000000000,00000000000,0,0,0,1,0,0,0,0,0,0,0,998,0,0,0,12,8,2,12,0,0,0,1,53,98665,6,1,0,0,3,0,70,220,0,0,0,1,0,3,2012,3,2012,0,35,38,51,0,1,2,55,1,2,2,1,0,0,6,10,99,1,2,50,1,0
53,530267,2,2,1,23,8,11,19,12,2,1,0,53,2,84,884,84884,66,2007,2HSCNAPR37C4,2,H,S,C,N,A,P,R,3,7,C,4,1,1,77,777777777,77777777777,3,6,3,1,0,0,0,0,0,0,0,998,0,0,0,12,8,2,12,0,0,0,1,53,98444,6,1,6,1,3,0,77,450,0,0,0,0,2,2,2014,7,2014,0,0,0,0,0,1,2,55,1,2,2,1,0,0,1,62,99,1,1,51,0,0
53,530268,1,1,2,20,8,18,52,1,0,1,0,53,2,20,421,20421,15,1997,1GNEK13R1VJ4,1,G,N,E,K,1,3,R,1,V,J,4,0,0,0,000000000,00000000000,0,0,0,1,0,0,0,0,0,0,0,25,0,1,6,0,8,2,42,0,0,0,1,53,98802,1,1,0,0,2,0,72,170,0,1,1,0,4,3,2014,6,2014,0,0,0,0,0,1,2,25,3,2,4,1,0,0,14,87,6,4,4,7,1,1
53,530269,1,1,1,21,8,21,32,31,0,1,0,53,1,12,3,12003,2,2006,1ZVHT82H2651,1,Z,V,H,T,8,2,H,2,6,5,1,0,0,0,000000000,00000000000,0,0,0,1,0,0,0,0,0,0,0,998,0,1,5,99,8,2,42,0,0,0,1,53,98444,6,1,0,0,3,0,70,170,0,0,0,0,0,0,0,0,0,4,0,0,0,0,5,4,35,1,1,2,1,0,0,1,6,99,9,4,2,1,0
53,530270,1,2,2,21,8,10,52,12,6,1,0,53,1,37,32,37032,4,1991,1HGCB7667MA1,1,H,G,C,B,7,6,6,7,M,A,1,0,0,0,000000000,00000000000,0,0,0,1,0,0,0,0,0,0,0,998,0,0,0,81,6,2,12,0,0,0,1,53,98848,6,1,8,0,3,0,64,130,1,0,0,0,0,11,2012,11,2012,0,39,0,0,0,1,2,55,1,1,2,1,20,3,11,17,99,1,1,76,2,0
53,530270,2,2,1,21,8,10,52,12,6,1,0,53,3,12,481,12481,31,2005,1FTWX31P25EB,1,F,T,W,X,3,1,P,2,5,E,B,0,0,0,000000000,00000000000,0,0,0,1,0,0,0,0,0,0,0,998,0,0,0,12,8,2,12,0,0,0,1,53,98273,6,1,6,0,3,3,70,170,0,0,0,1,0,8,2011,8,2011,0,0,0,0,0,1,2,30,1,1,2,1,0,0,1,66,99,1,1,77,0,0
53,530271,1,3,2,24,8,20,51,12,2,1,0,99,9,7,472,7472,30,2004,1D7HG42N24S5,1,D,7,H,G,4,2,N,2,4,S,5,0,0,0,000000000,00000000000,0,0,0,1,0,0,0,0,0,0,0,998,0,0,0,12,6,2,12,0,0,0,1,53,98047,6,2,0,0,3,3,71,165,0,0,0,0,0,0,0,0,0,0,28,0,0,0,1,2,50,1,2,2,1,0,0,1,10,99,1,2,50,1,0
53,530271,2,3,1,24,8,20,51,12,2,1,0,53,1,12,422,12422,15,2004,1FMDU74K14UB,1,F,M,D,U,7,4,K,1,4,U,B,0,0,0,000000000,00000000000,0,0,0,1,0,0,0,0,0,0,0,998,0,0,0,12,6,2,12,0,0,0,1,53,98052,6,1,0,0,3,0,75,215,0,0,0,0,0,0,0,0,0,0,0,0,0,0,1,2,50,1,2,2,1,0,0,1,62,99,1,1,51,1,1
53,530271,3,3,1,24,8,20,51,12,2,1,0,53,3,42,401,42401,14,2009,4JGBB86E69A5,4,J,G,B,B,8,6,E,6,9,A,5,0,0,0,000000000,00000000000,0,0,0,1,0,0,0,0,0,0,0,998,0,0,0,12,6,2,12,0,0,0,1,53,98052,6,1,0,0,3,0,62,125,0,0,0,0,0,0,0,0,0,0,0,0,0,0,1,2,50,1,2,2,1,0,0,1,62,99,1,1,98,0,0