STATE,ST_CASE,VEH_NO,VE_FORMS,NUMOCCS,DAY,MONTH,HOUR,MINUTE,HARM_EV,MAN_COLL,UNITTYPE,HIT_RUN,REG_STAT,OWNER,MAKE,MODEL,MAK_MOD,BODY_TYP,MOD_YEAR,VIN,VIN_1,VIN_2,VIN_3,VIN_4,VIN_5,VIN_6,VIN_7,VIN_8,VIN_9,VIN_10,VIN_11,VIN_12,TOW_VEH,J_KNIFE,MCARR_I1,MCARR_I2,MCARR_ID,GVWR,V_CONFIG,CARGO_BT,HAZ_INV,HAZ_PLAC,HAZ_ID,HAZ_CNO,HAZ_REL,BUS_USE,SPEC_USE,EMER_USE,TRAV_SP,UNDERIDE,ROLLOVER,ROLINLOC,IMPACT1,DEFORMED,TOWED,M_HARM,VEH_SC1,VEH_SC2,FIRE_EXP,DR_PRES,L_STATE,DR_ZIP,L_STATUS,L_TYPE,CDL_STAT,L_ENDORS,L_COMPL,L_RESTRI,DR_HGT,DR_WGT,PREV_ACC,PREV_SUS,PREV_DWI,PREV_SPD,PREV_OTH,FIRST_MO,FIRST_YR,LAST_MO,LAST_YR,SPEEDREL,DR_SF1,DR_SF2,DR_SF3,DR_SF4,VTRAFWAY,VNUM_LAN,VSPD_LIM,VALIGN,VPROFILE,VPAVETYP,VSURCOND,VTRAFCON,VTCONT_F,P_CRASH1,P_CRASH2,P_CRASH3,PCRASH4,PCRASH5,ACC_TYPE,DEATHS,DR_DRINK
53,530272,1,1,2,26,8,20,36,42,0,1,0,40,2,35,47,35047,4,2007,1N4AL21E27C1,1,N,4,A,L,2,1,E,2,7,C,1,0,0,0,000000000,00000000000,0,0,0,1,0,0,0,0,0,0,0,998,0,0,0,6,8,2,42,0,0,0,1,53,98223,6,1,0,0,3,0,64,152,0,0,0,0,0,0,0,0,0,3,0,0,0,0,1,2,20,3,2,7,1,0,0,14,6,99,4,4,2,1,1
53,530273,1,1,3,26,8,17,5,1,0,1,0,53,2,20,16,20016,4,1991,1G1JC54G1M72,1,G,1,J,C,5,4,G,1,M,7,2,0,0,0,000000000,00000000000,0,0,0,1,0,0,0,0,0,0,0,998,0,1,1,0,6,2,1,0,0,0,1,53,98948,1,1,0,0,2,0,69,200,0,1,0,0,8,10,2013,7,2014,0,58,0,0,0,1,2,55,1,1,2,1,0,0,1,12,7,4,2,98,1,0
53,530274,1,1,1,27,8,8,48,1,0,1,0,53,2,7,482,7482,31,2001,3B7HF13Z41G8,3,B,7,H,F,1,3,Z,4,1,G,8,0,0,0,000000000,00000000000,0,0,0,1,0,0,0,0,0,0,0,998,0,9,5,0,8,2,1,0,0,0,1,53,98837,6,1,0,0,3,0,70,180,0,0,0,0,1,3,2013,3,2013,0,0,0,0,0,1,2,50,1,1,2,1,0,0,1,52,6,9,4,7,1,0
53,530275,1,1,1,29,8,8,46,9,0,1,0,53,3,20,498,20498,39,2002,1GBJ7C1C22J5,1,G,B,J,7,C,1,C,2,2,J,5,0,0,0,000000000,00000000000,0,0,0,1,0,0,0,0,0,0,0,998,0,0,0,99,9,3,9,0,0,0,1,53,98373,6,1,0,0,3,0,65,160,0,0,0,0,0,0,0,0,0,0,0,0,0,0,4,3,98,1,1,1,1,3,3,11,80,99,1,1,13,0,0
53,530276,1,1,2,27,8,1,2,25,0,1,0,53,1,37,706,37706,80,2006,JH2RC50436M2,J,H,2,R,C,5,0,4,3,6,M,2,0,0,0,000000000,00000000000,0,0,0,1,0,0,0,0,0,0,0,998,0,0,0,61,8,2,25,0,0,0,1,53,98032,6,1,0,0,3,0,69,155,0,0,0,1,0,8,2013,8,2013,4,0,0,0,0,6,1,98,2,1,1,1,0,0,14,12,99,1,4,6,1,1
53,530277,1,1,1,26,1,11,0,1,0,1,0,53,1,12,401,12401,14,1999,1FMYU22EXXUA,1,F,M,Y,U,2,2,E,X,X,U,A,0,0,0,000000000,00000000000,0,0,0,1,0,0,0,0,0,0,0,998,0,9,6,0,8,2,1,0,0,0,1,53,98331,6,1,0,0,3,0,68,180,0,0,0,0,0,0,0,0,0,3,0,0,0,0,1,2,35,3,8,2,1,0,0,14,12,99,1,4,6,1,0
53,530278,1,1,1,28,8,20,56,24,0,1,0,53,1,7,472,7472,30,1999,1B7GG22X5XS1,1,B,7,G,G,2,2,X,5,X,S,1,0,0,0,000000000,00000000000,0,0,0,1,0,0,0,0,0,0,0,998,0,1,5,99,8,2,1,0,0,0,1,53,98812,6,1,0,0,3,3,69,135,0,0,0,1,0,6,2012,6,2012,3,0,0,0,0,1,2,50,2,2,2,1,0,0,14,11,99,4,4,2,1,0
53,530279,1,2,3,28,8,16,1,12,2,1,0,53,2,34,34,34034,2,1998,WBABF8325WEH,W,B,A,B,F,8,3,2,5,W,E,H,0,0,0,000000000,00000000000,0,0,0,1,0,0,0,0,0,0,0,998,0,0,0,12,8,2,12,0,0,0,1,53,98271,1,1,0,0,2,0,70,170,0,2,0,0,1,1,2012,8,2014,0,28,0,0,0,5,2,35,1,1,2,1,0,0,1,10,99,1,2,50,1,0
53,530279,2,2,1,28,8,16,1,12,2,1,0,53,2,20,422,20422,15,2014,1GNSKKE71ER1,1,G,N,S,K,K,E,7,1,E,R,1,0,0,0,000000000,00000000000,0,0,0,1,0,0,0,0,0,0,0,998,0,0,0,12,8,2,12,0,0,0,1,53,98201,6,1,0,0,3,0,65,125,0,0,0,0,0,0,0,0,0,0,0,0,0,0,5,2,35,1,1,2,1,0,0,1,62,9,1,1,51,0,0
53,530280,1,1,1,29,8,0,49,1,0,1,0,53,1,73,705,73705,80,2013,JKBZXJE17DA0,J,K,B,Z,X,J,E,1,7,D,A,0,0,0,0,000000000,00000000000,0,0,0,1,0,0,0,0,0,0,0,998,0,0,0,0,6,2,1,0,0,0,1,48,75159,0,0,0,0,0,0,999,999,99,99,99,99,99,99,9999,99,9999,4,0,0,0,0,1,4,40,3,1,1,1,0,0,14,13,99,1,4,1,1,0
53,530281,1,1,2,30,8,18,7,8,0,1,0,53,2,12,481,12481,31,1994,1FTEF14N3RLB,1,F,T,E,F,1,4,N,3,R,L,B,0,0,0,000000000,00000000000,0,0,0,1,0,0,0,0,0,0,0,998,0,0,0,12,8,5,8,0,0,0,1,53,98579,1,1,0,0,2,0,69,185,0,1,0,0,4,1,2012,2,2014,0,0,0,0,0,3,2,45,1,2,2,2,0,0,1,80,9,1,4,13,0,0
53,530282,1,1,1,1,9,15,35,42,0,1,0,53,1,7,470,7470,28,2006,2D4GP44L86R6,2,D,4,G,P,4,4,L,8,6,R,6,0,0,0,000000000,00000000000,0,0,0,1,0,0,0,0,0,0,0,998,0,1,6,12,8,2,42,0,0,0,1,53,98512,6,1,0,0,3,3,67,185,0,0,0,0,0,0,0,0,0,4,0,0,0,0,3,2,60,3,1,2,1,0,0,14,13,99,1,4,1,1,0
53,530283,1,1,1,2,9,1,23,9,0,1,1,99,9,24,1,24001,4,1996,1G8ZJ5276TZ2,1,G,8,Z,J,5,2,7,6,T,Z,2,0,0,0,000000000,00000000000,0,0,0,1,0,0,0,0,0,0,0,998,0,0,0,99,8,5,9,0,0,0,1,53,99001,6,1,0,0,3,0,67,135,0,0,0,0,1,9,2011,9,2011,4,0,0,0,0,5,2,98,1,2,2,1,0,0,1,84,99,1,4,13,0,0
53,530285,1,2,1,5,9,17,7,12,6,1,0,53,1,72,706,72706,80,2013,1HD1KBM10DB6,1,H,D,1,K,B,M,1,0,D,B,6,0,0,0,000000000,00000000000,0,0,0,1,0,0,0,0,0,0,0,998,0,0,0,12,8,2,12,0,0,0,1,53,98125,6,1,0,0,3,0,68,220,1,0,0,0,0,8,2012,8,2012,4,33,0,0,0,1,2,45,1,4,2,1,0,0,6,10,99,1,2,73,1,0
53,530285,2,2,2,5,9,17,7,12,6,1,0,53,1,37,402,37402,14,2013,2HKRM3H36DH5,2,H,K,R,M,3,H,3,6,D,H,5,0,0,0,000000000,00000000000,0,0,0,1,0,0,0,0,0,0,0,998,0,0,0,63,6,2,12,0,0,0,1,53,98359,6,1,0,0,3,0,69,140,0,0,0,0,0,0,0,0,0,0,0,0,0,0,1,2,45,1,4,2,1,0,0,11,17,99,1,1,72,0,0
53,530286,1,2,3,5,9,16,42,12,6,1,0,53,3,20,2,20002,4,2013,2G1WC5E37D11,2,G,1,W,C,5,E,3,7,D,1,1,0,0,0,000000000,00000000000,0,0,0,1,0,0,0,0,0,0,0,998,0,0,0,81,6,2,12,0,0,0,1,12,32413,6,1,0,0,3,0,66,999,0,0,0,0,0,0,0,0,0,0,38,0,0,0,1,2,55,1,1,2,1,0,0,11,10,99,1,1,68,1,0
53,530286,2,2,1,5,9,16,42,12,6,1,0,41,2,7,482,7482,31,1998,1B7MC3367WJ2,1,B,7,M,C,3,3,6,7,W,J,2,0,0,0,000000000,00000000000,0,0,0,1,0,0,0,0,0,0,0,998,0,0,0,12,6,2,12,0,0,0,1,53,98665,1,1,0,0,2,0,70,220,0,1,0,0,2,11,2011,8,2014,0,0,0,0,0,1,2,55,1,1,2,1,0,0,1,62,99,1,1,69,0,0
53,530287,1,2,1,18,7,19,25,12,6,1,0,53,1,76,705,76705,80,1999,JYARJ04E7XA0,J,Y,A,R,J,0,4,E,7,X,A,0,0,0,0,000000000,00000000000,0,0,0,1,0,0,0,0,0,0,0,998,0,0,0,12,8,5,12,0,0,0,1,53,98902,6,1,0,0,3,3,71,135,0,0,0,1,3,7,2012,10,2013,4,39,0,0,0,1,2,25,1,2,2,1,20,3,1,17,99,1,1,88,1,1
53,530287,2,2,4,18,7,19,25,12,6,1,0,53,2,6,441,6441,20,2001,2C8GP64L01R2,2,C,8,G,P,6,4,L,0,1,R,2,0,0,0,000000000,00000000000,0,0,0,1,0,0,0,0,0,0,0,998,0,0,0,63,8,5,12,0,0,0,1,53,98902,6,1,0,0,3,0,62,160,0,0,0,0,0,0,0,0,0,0,0,0,0,0,1,2,25,1,2,2,1,20,3,1,66,99,1,1,89,0,0
53,530288,1,1,1,5,9,19,13,8,0,1,0,53,2,30,40,30040,2,1985,WVWCA0160FW8,W,V,W,C,A,0,1,6,0,F,W,8,0,0,0,000000000,00000000000,0,0,0,1,0,0,0,0,0,0,0,998,0,0,0,12,8,5,8,0,0,0,1,53,98226,1,1,0,0,2,3,72,170,0,0,0,0,0,0,0,0,0,0,38,91,0,0,1,4,35,1,1,2,1,0,0,1,80,99,1,1,13,0,1
53,530289,1,1,2,7,9,15,24,42,0,1,0,53,2,20,471,20471,30,1998,1GCCS19X3W82,1,G,C,C,S,1,9,X,3,W,8,2,0,0,0,000000000,00000000000,0,0,0,1,0,0,0,0,0,0,0,998,0,0,0,12,8,2,42,0,0,0,1,53,98362,1,1,0,0,2,3,72,210,0,2,0,0,2,3,2012,5,2013,3,0,0,0,0,1,2,35,1,1,2,1,0,0,1,13,99,1,4,1,1,1
53,530290,1,2,1,7,9,20,30,12,2,1,0,53,2,72,706,72706,80,1992,1HD1BJL4XNY0,1,H,D,1,B,J,L,4,X,N,Y,0,0,0,0,000000000,00000000000,0,0,0,1,0,0,0,0,0,0,0,998,0,0,0,12,8,2,12,0,0,0,1,53,98601,6,1,0,0,3,0,69,165,0,0,0,1,0,4,2012,4,2012,0,28,0,0,0,1,2,50,2,2,2,1,0,0,14,10,99,1,2,50,1,1
53,530290,2,2,3,7,9,20,30,12,2,1,0,53,3,55,401,55401,14,2014,5XYZTDLB3EG1,5,X,Y,Z,T,D,L,B,3,E,G,1,0,0,0,000000000,00000000000,0,0,0,1,0,0,0,0,0,0,0,998,0,0,0,12,8,2,12,0,0,0,1,97,0,9,9,99,9,9,9,999,999,99,99,99,99,99,99,9999,99,9999,0,0,0,0,0,1,2,50,3,2,2,1,0,0,14,62,9,1,1,51,0,0
53,530291,1,1,1,9,9,0,24,42,0,1,0,53,1,37,31,37031,2,1993,1HGEJ2149PL0,1,H,G,E,J,2,1,4,9,P,L,0,0,0,0,000000000,00000000000,0,0,0,1,0,0,0,0,0,0,0,998,0,0,0,9,8,2,42,0,0,0,1,53,98223,6,1,0,0,3,3,71,200,0,1,0,3,1,5,2012,5,2013,3,0,0,0,0,5,4,40,2,1,2,1,0,0,14,13,99,3,4,2,1,0
53,530292,1,1,3,10,9,2,17,8,0,1,0,53,2,48,34,48034,4,2010,4S3BMFL62A12,4,S,3,B,M,F,L,6,2,A,1,2,0,0,0,000000000,00000000000,0,0,0,1,0,0,0,0,0,0,0,998,0,0,0,12,8,2,8,0,0,0,1,53,98337,6,1,0,0,3,0,72,190,0,1,0,0,2,10,2011,12,2013,0,91,0,0,0,1,2,25,1,2,2,1,0,0,1,80,99,1,1,13,0,1
53,530293,1,1,1,11,9,13,50,24,0,1,0,16,1,37,706,37706,80,2002,JH2RC43072M8,J,H,2,R,C,4,3,0,7,2,M,8,0,0,0,000000000,00000000000,0,0,0,1,0,0,0,0,0,0,0,998,0,0,0,12,8,2,24,0,0,0,1,16,83686,6,1,0,0,3,0,69,200,1,0,0,1,0,5,2013,7,2014,4,0,0,0,0,1,2,55,3,2,2,1,0,0,14,13,99,1,4,1,1,0
53,530294,1,4,2,13,9,14,5,24,0,1,0,30,2,37,706,37706,80,2003,1HFSC49053A1,1,H,F,S,C,4,9,0,5,3,A,1,0,0,0,000000000,00000000000,0,0,0,1,0,0,0,0,0,0,0,998,0,0,0,12,6,2,24,0,0,0,1,53,98632,6,1,0,0,3,0,70,200,0,0,0,0,0,0,0,0,0,0,0,0,0,0,1,2,55,2,2,2,1,0,0,14,13,99,1,4,1,1,1
53,530294,2,4,1,13,9,14,5,24,0,1,0,53,1,72,706,72706,80,2014,1HD1KEL11EB6,1,H,D,1,K,E,L,1,1,E,B,6,0,0,0,000000000,00000000000,0,0,0,1,0,0,0,0,0,0,0,998,0,0,0,12,8,2,12,0,0,0,1,53,98611,6,1,0,0,3,0,73,230,0,0,0,0,0,0,0,0,0,0,0,0,0,0,1,2,55,2,2,2,1,0,0,14,50,99,1,1,98,0,0
53,530294,3,4,1,13,9,14,5,24,0,1,0,53,2,72,706,72706,80,2002,1HD1HAZ132K8,1,H,D,1,H,A,Z,1,3,2,K,8,0,0,0,000000000,00000000000,0,0,0,1,0,0,0,0,0,0,0,998,0,0,0,0,8,2,12,0,0,0,1,53,98611,6,1,0,0,3,3,65,140,0,0,0,0,0,0,0,0,0,0,0,0,0,0,1,2,55,2,2,2,1,0,0,14,50,99,9,2,98,0,0
53,530294,4,4,1,13,9,14,5,24,0,1,0,41,1,72,706,72706,80,1998,1HD1BML10WY0,1,H,D,1,B,M,L,1,0,W,Y,0,0,0,0,000000000,00000000000,0,0,0,1,0,0,0,0,0,0,0,998,0,0,0,12,8,2,12,0,0,0,1,41,97016,6,1,0,0,3,0,70,150,0,0,0,0,0,0,0,0,0,0,0,0,0,0,1,2,55,2,2,2,1,0,0,14,50,99,9,1,98,0,0
53,530295,1,2,1,25,8,8,0,12,6,1,0,53,1,12,401,12401,14,1999,1FMYU22E0XUB,1,F,M,Y,U,2,2,E,0,X,U,B,0,0,0,000000000,00000000000,0,0,0,1,0,0,0,0,0,0,0,998,3,0,0,12,6,2,12,0,0,0,1,53,98391,6,1,0,0,3,0,68,190,0,0,0,1,1,4,2012,7,2014,0,39,0,0,0,1,2,50,1,1,2,1,20,3,1,17,99,1,1,86,1,0
53,530295,2,2,1,25,8,8,0,12,6,1,0,53,3,85,881,85881,63,1999,1NKDXBOX5XR7,1,N,K,D,X,B,O,X,5,X,R,7,1,1,77,777777777,77777777777,3,4,4,1,0,0,0,0,0,0,0,998,0,0,0,3,8,2,12,0,0,0,1,53,98944,6,1,6,1,3,0,69,190,0,0,0,0,0,0,0,0,0,0,0,0,0,0,1,2,50,1,1,2,1,0,0,1,66,99,1,1,87,0,0
53,530296,1,2,1,7,9,11,45,12,6,1,0,53,1,76,706,76706,80,2002,JYAVP11E32A0,J,Y,A,V,P,1,1,E,3,2,A,0,0,0,0,000000000,00000000000,0,0,0,1,0,0,0,0,0,0,0,998,0,0,0,62,8,2,12,0,0,0,1,53,98382,6,1,0,0,3,3,67,170,0,0,0,0,0,0,0,0,0,0,39,0,0,0,3,1,45,1,1,2,1,3,3,1,17,99,1,1,89,1,0
53,530296,2,2,1,7,9,11,45,12,6,1,0,53,2,20,402,20402,14,1997,2CNBE1868V69,2,C,N,B,E,1,8,6,8,V,6,9,0,0,0,000000000,00000000000,0,0,0,1,0,0,0,0,0,0,0,998,0,0,0,12,8,5,12,0,0,0,1,53,98382,6,1,0,0,3,0,68,125,0,0,0,2,0,5,2012,2,2013,0,0,0,0,0,3,3,45,1,1,2,1,0,0,1,66,99,1,1,88,0,0
53,530297,1,1,1,13,9,19,22,11,0,1,0,41,0,98,739,98739,90,2007,4XAMH68A27A2,4,X,A,M,H,6,8,A,2,7,A,2,0,0,0,000000000,00000000000,0,0,0,1,0,0,0,0,0,0,0,998,0,0,0,12,6,2,11,0,0,0,1,53,99208,6,1,0,0,3,0,68,220,1,0,0,0,1,4,2012,3,2014,0,0,0,0,0,3,1,25,8,8,2,1,0,0,99,87,99,1,1,13,1,1
53,530298,1,2,1,14,9,17,35,12,6,1,0,53,1,12,17,12017,4,1997,1FALP52U0VG2,1,F,A,L,P,5,2,U,0,V,G,2,0,0,0,000000000,00000000000,0,0,0,1,0,0,0,0,0,0,0,998,0,0,0,12,6,2,12,0,0,0,1,53,99349,6,1,0,0,3,3,65,165,1,5,0,0,0,10,2011,3,2012,0,39,0,0,0,1,4,55,1,1,2,1,3,3,1,16,99,1,1,88,0,1
53,530298,2,2,1,14,9,17,35,12,6,1,0,53,2,48,34,48034,6,2001,4S3BH6755166,4,S,3,B,H,6,7,5,5,1,6,6,0,0,0,000000000,00000000000,0,0,0,1,0,0,0,0,0,0,0,998,0,0,0,9,6,2,12,0,0,0,1,53,99362,6,1,0,0,3,0,67,140,0,0,0,0,0,0,0,0,0,0,0,0,0,0,1,2,35,1,1,2,1,3,3,1,66,99,1,1,89,1,0
53,530299,1,1,2,15,9,5,44,1,0,1,0,53,2,23,421,23421,15,2000,1GKDT13W1Y23,1,G,K,D,T,1,3,W,1,Y,2,3,0,0,0,000000000,00000000000,0,0,0,1,0,0,0,0,0,0,0,998,0,9,3,0,6,2,1,0,0,0,1,6,94536,6,1,0,0,3,0,68,160,0,0,0,0,0,0,0,0,0,0,0,0,0,0,2,2,60,1,1,2,1,0,0,1,12,99,4,4,7,1,0
53,530300,1,2,1,20,9,9,35,12,6,1,0,53,2,2,404,2404,14,1996,1J4GZ78S0TC3,1,J,4,G,Z,7,8,S,0,T,C,3,0,0,0,000000000,00000000000,0,0,0,1,0,0,0,0,0,0,0,998,0,0,0,9,8,2,12,0,0,0,1,53,98823,6,1,0,0,3,0,65,105,0,0,0,0,0,0,0,0,0,0,39,0,0,0,1,2,60,1,1,2,1,3,3,1,17,99,1,1,89,1,0
53,530300,2,2,1,20,9,9,35,12,6,1,0,53,3,20,481,20481,31,2013,1GC1KVCGXDF2,1,G,C,1,K,V,C,G,X,D,F,2,0,0,0,000000000,00000000000,0,0,0,1,0,0,0,0,0,0,0,998,0,0,0,12,6,2,12,0,0,0,1,53,98837,6,1,0,0,3,0,75,250,0,0,0,0,0,0,0,0,0,0,0,0,0,0,1,2,60,1,1,2,1,0,0,1,66,99,1,1,88,0,0
53,530301,1,2,36,17,9,11,2,12,2,1,0,56,3,93,983,93983,51,1999,1M8TRMPA3XP0,1,M,8,T,R,M,P,A,3,X,P,0,0,0,57,12016,5712016,3,21,22,1,0,0,0,0,5,3,0,998,7,0,0,12,8,3,12,0,0,0,1,53,98155,6,1,6,1,3,3,75,300,0,0,0,0,0,0,0,0,0,0,28,0,0,0,1,2,40,2,2,2,1,0,0,14,10,99,1,2,50,0,0
53,530301,2,2,1,17,9,11,2,12,2,1,0,53,2,37,32,37032,4,1994,1HGCD5666RA0,1,H,G,C,D,5,6,6,6,R,A,0,0,0,0,000000000,00000000000,0,0,0,1,0,0,0,0,0,0,0,998,0,0,0,12,8,2,12,0,0,0,1,53,98070,6,1,0,0,3,0,65,130,0,0,0,0,0,0,0,0,0,0,0,0,0,0,1,2,40,3,2,2,1,0,0,14,62,9,1,2,51,1,0
53,530302,1,1,3,1,6,0,50,42,0,1,0,53,2,20,37,20037,4,2000,1G1ND52JXY62,1,G,1,N,D,5,2,J,X,Y,6,2,0,0,0,000000000,00000000000,0,0,0,1,0,0,0,0,0,0,0,998,0,0,0,61,8,2,42,0,0,0,1,53,98901,0,0,0,0,0,0,69,175,0,0,0,0,0,0,0,0,0,3,91,0,0,0,1,2,25,1,1,2,1,0,0,1,9,99,9,4,7,1,1
53,530303,1,1,2,1,6,13,6,1,0,1,0,53,2,7,482,7482,31,2007,1D7HA18P27S2,1,D,7,H,A,1,8,P,2,7,S,2,0,0,0,000000000,00000000000,0,0,0,1,0,0,0,0,0,0,0,998,0,9,1,0,8,2,1,0,0,0,1,45,29588,6,1,0,0,3,3,65,155,0,0,0,0,0,0,0,0,0,3,91,0,0,0,1,2,35,3,1,2,1,0,0,14,6,6,9,2,98,1,1
53,530304,1,1,1,31,7,12,12,1,0,1,0,53,1,20,2,20002,4,2008,2G1WC5839812,2,G,1,W,C,5,8,3,9,8,1,2,0,0,0,000000000,00000000000,0,0,0,1,0,0,0,0,0,0,0,998,0,9,5,0,8,2,1,0,0,0,1,53,99343,6,1,0,0,3,0,70,200,0,0,0,0,0,0,0,0,0,4,0,0,0,0,1,2,55,3,1,2,1,0,0,14,13,99,1,4,1,1,0
53,530305,1,2,1,2,8,17,27,12,2,1,0,53,1,20,34,20034,3,1998,2C1MR2260W67,2,C,1,M,R,2,2,6,0,W,6,7,0,0,0,000000000,00000000000,0,0,0,1,0,0,0,0,0,0,0,998,0,0,0,12,8,2,12,0,0,0,1,53,98168,3,1,0,0,2,0,64,180,0,0,0,0,0,0,0,0,0,4,28,0,0,0,1,2,25,1,2,2,1,0,0,10,10,99,1,2,80,1,1
53,530305,2,2,2,2,8,17,27,12,2,1,0,53,2,14,401,14401,14,2002,4M2ZU66E72ZJ,4,M,2,Z,U,6,6,E,7,2,Z,J,0,0,0,000000000,00000000000,0,0,0,1,0,0,0,0,0,0,0,998,0,0,0,12,8,2,12,0,0,0,1,53,98168,6,1,0,0,3,0,67,235,1,1,0,1,0,8,2013,5,2014,0,0,0,0,0,1,2,25,1,2,2,1,20,3,1,62,99,1,1,81,0,0
53,530306,1,2,1,12,9,10,22,12,2,1,0,41,2,49,40,49040,4,1998,JT2BG22K8W02,J,T,2,B,G,2,2,K,8,W,0,2,0,0,0,000000000,00000000000,0,0,0,1,0,0,0,0,0,0,0,998,3,0,0,12,8,2,12,0,0,0,1,53,99111,6,1,0,0,3,0,70,130,0,0,0,1,0,5,2014,5,2014,0,28,0,0,0,1,2,60,1,1,2,1,0,0,1,10,99,1,2,50,1,0
53,530306,2,2,1,12,9,10,22,12,2,1,0,53,3,87,890,87890,66,2012,1XPVDP9X1CD1,1,X,P,V,D,P,9,X,1,C,D,1,1,1,57,236189,57236189,3,6,1,1,0,0,0,0,0,0,0,998,0,0,0,12,8,2,12,0,0,0,1,53,99004,6,1,6,1,3,3,72,190,0,0,0,0,0,0,0,0,0,0,0,0,0,0,1,2,60,1,1,2,1,0,0,1,62,99,1,1,51,0,0
53,530307,1,2,3,21,9,15,52,12,6,1,0,4,2,63,37,63037,6,2013,KNDJT2A53D74,K,N,D,J,T,2,A,5,3,D,7,4,0,0,0,000000000,00000000000,0,0,0,1,0,0,0,0,0,0,0,998,0,0,0,12,8,2,12,0,0,0,1,41,97812,6,1,0,0,3,0,68,280,0,0,0,0,0,0,0,0,0,0,38,0,0,0,1,2,35,1,1,2,1,4,3,4,17,99,1,1,86,0,0
53,530307,2,2,1,21,9,15,52,12,6,1,0,53,1,37,706,37706,80,2001,1HFSC34651A4,1,H,F,S,C,3,4,6,5,1,A,4,0,0,0,000000000,00000000000,0,0,0,1,0,0,0,0,0,0,0,998,0,0,0,81,8,2,12,0,0,0,1,53,98837,6,1,0,0,3,0,74,208,0,0,0,0,0,0,0,0,0,0,0,0,0,0,1,2,60,1,1,2,1,0,0,1,66,99,1,1,87,1,0
53,530308,1,2,2,23,9,9,5,12,2,1,0,53,1,48,401,48401,14,2000,JF1SF6351YH7,J,F,1,S,F,6,3,5,1,Y,H,7,0,0,0,000000000,00000000000,0,0,0,1,0,0,0,0,0,0,0,998,0,0,0,12,6,2,12,0,0,1,1,53,98612,6,1,0,0,3,0,62,119,1,0,0,1,0,6,2012,6,2014,0,28,0,0,0,1,2,55,1,1,2,2,0,0,6,54,1,1,2,50,2,0
53,530308,2,2,1,23,9,9,5,12,2,1,0,53,1,12,471,12471,30,2005,1FTZR45E75PA,1,F,T,Z,R,4,5,E,7,5,P,A,0,0,0,000000000,00000000000,0,0,0,1,0,0,0,0,0,0,0,998,0,0,0,12,6,2,12,0,0,0,1,53,98632,6,1,6,0,3,3,75,190,0,0,0,0,0,0,0,0,0,0,0,0,0,0,1,2,55,1,1,2,2,0,0,1,62,7,1,2,51,0,0
53,530309,1,1,2,23,9,8,23,42,0,1,0,53,1,98,999,98999,49,2012,523MF1A67CM1,5,2,3,M,F,1,A,6,7,C,M,1,0,0,0,000000000,00000000000,0,0,0,1,0,0,0,0,0,0,0,998,0,0,0,12,8,2,42,0,0,0,1,53,98279,6,1,0,0,3,3,72,250,0,0,0,0,0,0,0,0,0,0,58,0,0,0,1,2,35,3,2,2,2,0,0,14,13,99,1,4,1,1,0
53,530310,1,2,2,24,9,14,6,12,6,1,0,53,2,37,31,37031,3,1991,2HGED736XMH5,2,H,G,E,D,7,3,6,X,M,H,5,0,0,0,000000000,00000000000,0,0,0,1,0,0,0,0,0,0,0,998,0,0,0,9,8,2,12,0,0,0,1,53,98391,1,1,0,0,2,0,71,170,0,6,0,0,6,10,2011,1,2014,3,28,37,58,0,1,2,35,4,1,2,1,0,0,14,90,6,4,2,64,2,0
53,530310,2,2,1,24,9,14,6,12,6,1,0,53,1,18,2,18002,4,1998,1G4HP52K2WH4,1,G,4,H,P,5,2,K,2,W,H,4,0,0,0,000000000,00000000000,0,0,0,1,0,0,0,0,0,0,0,998,0,0,0,12,8,2,12,0,0,0,1,53,99362,6,1,0,0,3,0,64,170,1,0,0,0,1,2,2013,2,2013,0,0,0,0,0,1,2,35,4,1,2,1,0,0,14,62,7,1,1,65,0,0
53,530311,1,1,1,25,9,18,38,24,0,1,0,53,2,12,401,12401,14,1996,1FMDU34X2TUB,1,F,M,D,U,3,4,X,2,T,U,B,0,0,0,000000000,00000000000,0,0,0,1,0,0,0,0,0,0,0,998,0,1,5,81,8,2,3,0,0,0,1,53,99207,1,1,0,0,2,0,61,125,0,0,0,0,0,0,0,0,0,0,0,0,0,0,1,2,35,1,1,2,1,0,0,1,13,99,1,4,1,1,1
53,530312,1,1,1,25,9,19,45,30,0,1,0,53,1,72,706,72706,80,2014,1HD1KRM16EB7,1,H,D,1,K,R,M,1,6,E,B,7,0,0,0,000000000,00000000000,0,0,0,1,0,0,0,0,0,0,0,998,0,0,0,12,6,2,30,0,0,0,1,53,99301,6,1,0,0,3,3,70,190,1,1,0,0,2,4,2013,7,2013,4,0,0,0,0,1,2,40,3,1,2,1,0,0,14,13,99,1,4,1,1,1
53,530313,1,1,1,26,9,6,24,8,0,1,0,53,1,12,471,12471,30,1995,1FTCR14A0SPA,1,F,T,C,R,1,4,A,0,S,P,A,0,0,0,000000000,00000000000,0,0,0,1,0,0,0,0,0,0,0,998,0,0,0,12,8,5,8,0,0,0,1,53,98032,6,1,0,0,3,0,67,130,1,0,0,2,1,9,2012,6,2014,0,0,0,0,0,5,4,35,1,1,2,2,0,0,1,80,99,1,1,13,0,0