STATE,ST_CASE,VEH_NO,VE_FORMS,NUMOCCS,DAY,MONTH,HOUR,MINUTE,HARM_EV,MAN_COLL,UNITTYPE,HIT_RUN,REG_STAT,OWNER,MAKE,MODEL,MAK_MOD,BODY_TYP,MOD_YEAR,VIN,VIN_1,VIN_2,VIN_3,VIN_4,VIN_5,VIN_6,VIN_7,VIN_8,VIN_9,VIN_10,VIN_11,VIN_12,TOW_VEH,J_KNIFE,MCARR_I1,MCARR_I2,MCARR_ID,GVWR,V_CONFIG,CARGO_BT,HAZ_INV,HAZ_PLAC,HAZ_ID,HAZ_CNO,HAZ_REL,BUS_USE,SPEC_USE,EMER_USE,TRAV_SP,UNDERIDE,ROLLOVER,ROLINLOC,IMPACT1,DEFORMED,TOWED,M_HARM,VEH_SC1,VEH_SC2,FIRE_EXP,DR_PRES,L_STATE,DR_ZIP,L_STATUS,L_TYPE,CDL_STAT,L_ENDORS,L_COMPL,L_RESTRI,DR_HGT,DR_WGT,PREV_ACC,PREV_SUS,PREV_DWI,PREV_SPD,PREV_OTH,FIRST_MO,FIRST_YR,LAST_MO,LAST_YR,SPEEDREL,DR_SF1,DR_SF2,DR_SF3,DR_SF4,VTRAFWAY,VNUM_LAN,VSPD_LIM,VALIGN,VPROFILE,VPAVETYP,VSURCOND,VTRAFCON,VTCONT_F,P_CRASH1,P_CRASH2,P_CRASH3,PCRASH4,PCRASH5,ACC_TYPE,DEATHS,DR_DRINK
53,530314,1,3,1,27,9,9,56,12,6,1,0,53,1,7,20,7020,4,2005,1B3ES56C75D2,1,B,3,E,S,5,6,C,7,5,D,2,0,0,0,000000000,00000000000,0,0,0,1,0,0,0,0,0,0,0,998,0,0,0,12,8,5,12,0,0,0,1,53,98198,6,1,0,0,3,0,65,140,0,0,0,0,0,0,0,0,0,0,38,0,0,0,1,2,98,1,2,2,1,20,3,10,16,99,1,2,78,0,0
53,530314,2,3,1,27,9,9,56,12,6,1,0,53,1,37,706,37706,80,2002,JH2RC44392M6,J,H,2,R,C,4,4,3,9,2,M,6,0,0,0,000000000,00000000000,0,0,0,1,0,0,0,0,0,0,0,998,0,0,0,81,8,2,12,0,0,0,1,53,98001,6,1,6,0,2,3,68,210,1,0,0,0,0,10,2013,10,2013,4,0,0,0,0,3,3,45,1,8,1,1,0,0,1,65,99,1,1,79,1,0
53,530314,3,3,1,27,9,9,56,12,6,1,0,53,1,49,402,49402,14,2013,2T3RFREVXDW0,2,T,3,R,F,R,E,V,X,D,W,0,0,0,0,000000000,00000000000,0,0,0,1,0,0,0,0,0,0,0,998,0,0,0,12,8,5,12,0,0,0,1,53,98198,6,1,0,0,3,0,65,195,0,0,0,0,0,0,0,0,0,0,0,0,0,0,3,3,45,1,8,1,1,0,0,1,62,99,1,1,98,0,0
53,530315,1,1,2,23,5,14,25,30,0,1,0,53,1,49,40,49040,4,1999,JT2BG22KXX03,J,T,2,B,G,2,2,K,X,X,0,3,0,0,0,000000000,00000000000,0,0,0,1,0,0,0,0,0,0,0,998,0,1,3,12,8,2,30,0,0,0,1,53,98221,6,1,0,0,3,0,65,130,0,0,0,0,0,0,0,0,0,0,0,0,0,0,1,2,50,1,2,7,1,0,0,1,62,7,1,4,1,1,0
53,530316,1,1,1,19,6,23,54,8,0,1,0,53,1,20,20,20020,4,1997,2G1WL52MXV11,2,G,1,W,L,5,2,M,X,V,1,1,0,0,0,000000000,00000000000,0,0,0,1,0,0,0,0,0,0,0,998,0,0,0,12,8,5,8,0,0,0,1,53,99205,6,1,0,0,3,0,66,160,0,3,0,2,6,6,2011,10,2013,0,0,0,0,0,4,3,30,1,1,2,1,0,0,1,80,99,1,1,13,0,0
53,530317,1,1,1,8,7,22,34,14,0,1,0,53,1,13,5,13005,4,1989,1LNBM81F0KY8,1,L,N,B,M,8,1,F,0,K,Y,8,0,0,0,000000000,00000000000,0,0,0,1,0,0,0,0,0,0,0,998,0,0,0,12,8,2,19,0,0,0,1,53,98020,6,1,0,0,3,3,72,195,0,0,0,0,0,0,0,0,0,0,0,0,0,0,1,2,25,1,2,2,1,0,0,8,17,99,1,4,11,1,0
53,530318,1,1,1,7,8,10,29,1,0,1,0,40,3,86,881,86881,66,2003,1M1AA08Y33W0,1,M,1,A,A,0,8,Y,3,3,W,0,2,1,57,352425,57352425,3,7,4,1,0,0,0,0,0,0,0,998,0,2,1,0,6,2,1,0,0,0,1,53,98136,6,1,6,1,3,0,75,215,2,1,0,0,0,8,2011,12,2011,0,0,0,0,0,1,2,50,2,6,1,1,0,0,14,6,99,2,2,98,1,0
53,530319,1,1,1,7,8,21,26,1,0,1,0,53,1,55,401,55401,14,2003,KM8SC73D73U4,K,M,8,S,C,7,3,D,7,3,U,4,0,0,0,000000000,00000000000,0,0,0,1,0,0,0,0,0,0,0,998,0,1,5,0,8,2,1,0,0,0,1,53,98823,6,1,0,0,3,0,68,195,0,0,0,0,0,0,0,0,0,0,58,0,0,0,1,2,60,1,1,2,1,0,0,1,12,6,4,4,7,1,1
53,530320,1,2,1,4,9,7,42,12,1,1,0,53,1,53,706,53706,80,1999,JS1GR7DA0X21,J,S,1,G,R,7,D,A,0,X,2,1,0,0,0,000000000,00000000000,0,0,0,1,0,0,0,0,0,0,0,998,0,0,0,12,8,2,12,0,0,0,1,53,98033,6,1,0,0,3,0,69,170,0,0,0,0,0,0,0,0,0,0,0,0,0,0,3,4,60,1,1,1,1,0,0,1,52,99,1,1,28,1,0
53,530320,2,2,1,4,9,7,42,12,1,1,0,53,1,49,32,49032,4,1998,1NXBR12E1WZ1,1,N,X,B,R,1,2,E,1,W,Z,1,0,0,0,000000000,00000000000,0,0,0,1,0,0,0,0,0,0,0,998,0,0,0,6,8,8,12,0,0,0,1,53,98020,6,1,0,0,3,0,71,187,0,0,0,0,0,0,0,0,0,0,0,0,0,0,3,4,60,1,1,1,1,0,0,2,53,99,1,1,29,0,0
53,530324,1,1,1,10,9,7,26,8,0,1,0,53,1,7,482,7482,31,2014,1C6RR7TTXES1,1,C,6,R,R,7,T,T,X,E,S,1,0,0,0,000000000,00000000000,0,0,0,1,0,0,0,0,0,0,0,998,0,0,0,12,8,2,8,0,0,0,1,53,98563,6,1,0,0,3,0,74,210,0,0,0,1,0,5,2014,5,2014,0,0,0,0,0,1,2,45,1,1,1,1,0,0,1,80,99,1,1,13,0,0
53,530325,1,1,1,15,9,15,29,8,0,1,0,53,1,49,46,49046,4,2013,JTDKDTB30D15,J,T,D,K,D,T,B,3,0,D,1,5,0,0,0,000000000,00000000000,0,0,0,1,0,0,0,0,0,0,0,998,0,0,0,12,8,2,8,0,0,0,1,53,98034,6,1,0,0,3,0,66,130,0,0,0,0,0,0,0,0,0,0,38,0,0,0,1,2,25,1,1,2,1,20,3,11,80,99,1,1,13,0,0
53,530326,1,1,3,19,9,22,50,33,0,1,1,53,2,45,31,45031,2,1995,WP0AA2999SS3,W,P,0,A,A,2,9,9,9,S,S,3,0,0,0,000000000,00000000000,0,0,0,1,0,0,0,0,0,0,0,998,0,0,0,99,8,2,99,0,0,0,1,53,98109,6,1,0,0,3,0,76,250,1,0,0,2,1,1,2013,4,2014,4,0,0,0,0,1,2,35,2,2,2,1,0,0,14,12,99,4,4,7,1,1
53,530327,1,1,3,22,9,20,6,35,0,1,0,53,1,12,481,12481,31,1999,1FTNX21S9XEA,1,F,T,N,X,2,1,S,9,X,E,A,0,0,0,000000000,00000000000,0,0,0,1,0,0,0,0,0,0,0,998,0,1,5,99,6,2,1,0,0,0,1,53,98952,6,1,0,0,3,0,72,180,0,0,0,1,1,8,2012,6,2013,0,58,0,0,0,1,2,55,3,2,2,1,0,0,14,13,6,1,4,5,1,1
53,530328,1,2,1,27,9,12,10,12,2,1,0,53,1,30,40,30040,4,2014,3VWLL7AJXEM2,3,V,W,L,L,7,A,J,X,E,M,2,0,0,0,000000000,00000000000,0,0,0,1,0,0,0,0,0,0,0,998,0,0,0,12,8,2,12,0,0,0,1,53,98584,6,1,0,0,3,3,61,112,0,0,0,0,0,0,0,0,0,0,28,0,0,0,1,2,30,2,1,2,1,0,0,14,10,99,1,2,50,1,0
53,530328,2,2,1,27,9,12,10,12,2,1,0,53,1,20,431,20431,16,2001,3GNGK26UX1G1,3,G,N,G,K,2,6,U,X,1,G,1,0,0,0,000000000,00000000000,0,0,0,1,0,0,0,0,0,0,0,998,0,0,0,12,8,2,12,0,0,0,1,53,98358,6,1,0,0,3,3,62,159,0,0,0,0,0,0,0,0,0,0,0,0,0,0,1,2,30,3,1,2,1,0,0,14,62,99,1,1,51,0,0
53,530329,1,1,1,27,9,21,40,8,0,1,0,53,1,23,401,23401,14,2004,1GKDS13S7421,1,G,K,D,S,1,3,S,7,4,2,1,0,0,0,000000000,00000000000,0,0,0,1,0,0,0,0,0,0,0,998,0,0,0,12,8,2,8,0,0,0,1,53,98258,6,1,0,0,3,3,76,216,2,0,0,0,1,10,2012,9,2013,0,0,0,0,0,5,6,35,1,1,2,1,0,0,3,80,98,1,1,13,0,0
53,530330,1,2,1,27,9,11,10,1,0,1,0,53,1,72,706,72706,80,2007,1HD1FC4197Y7,1,H,D,1,F,C,4,1,9,7,Y,7,0,0,0,000000000,00000000000,0,0,0,1,0,0,0,0,0,0,0,998,0,0,0,0,8,2,12,0,0,0,1,53,98092,6,1,6,0,3,3,74,220,0,0,0,0,0,0,0,0,0,0,0,0,0,0,3,5,60,1,1,2,1,0,0,1,9,99,9,2,98,1,0
53,530330,2,2,1,27,9,11,10,1,0,1,0,41,3,87,884,87884,66,2015,1XPBDP9X3FD2,1,X,P,B,D,P,9,X,3,F,D,2,1,1,57,151766,57151766,3,6,1,1,0,0,0,0,0,0,0,998,0,0,0,99,0,5,12,0,0,0,1,53,98604,6,1,6,1,3,3,71,210,0,0,0,0,0,0,0,0,0,0,0,0,0,0,3,5,60,1,1,2,1,0,0,1,60,99,1,1,98,0,0
53,530331,1,2,1,27,9,8,50,12,6,1,0,53,1,20,481,20481,31,1999,1GCEK14T2XZ1,1,G,C,E,K,1,4,T,2,X,Z,1,0,0,0,000000000,00000000000,0,0,0,1,0,0,0,0,0,0,0,998,0,0,0,81,8,2,12,0,0,0,1,53,98230,6,1,0,0,3,0,72,230,1,0,0,4,3,9,2012,8,2013,4,39,0,0,0,1,2,35,1,1,2,1,20,3,17,17,4,1,1,87,0,0
53,530331,2,2,2,27,9,8,50,12,6,1,0,95,2,50,706,50706,80,2005,SMT700FR25J2,S,M,T,7,0,0,F,R,2,5,J,2,0,0,0,000000000,00000000000,0,0,0,1,0,0,0,0,0,0,0,998,0,0,0,12,8,2,12,0,0,0,1,95,0,9,9,99,9,9,9,999,999,99,99,99,99,99,99,9999,99,9999,0,0,0,0,0,1,2,45,1,1,2,1,0,0,1,66,99,1,1,86,1,0
53,530332,1,1,1,28,9,18,11,32,0,1,0,53,2,55,36,55036,4,1997,KMHVF24N4VU3,K,M,H,V,F,2,4,N,4,V,U,3,0,0,0,000000000,00000000000,0,0,0,1,0,0,0,0,0,0,0,998,0,0,0,99,8,2,2,0,0,1,1,53,99152,6,1,0,0,3,3,65,160,0,0,0,0,0,0,0,0,0,3,0,0,0,0,1,2,55,1,1,2,1,0,0,1,13,99,1,4,5,1,1
53,530333,1,2,3,29,9,18,11,12,2,1,0,53,2,22,18,22018,4,2004,1G2NE52FX4M6,1,G,2,N,E,5,2,F,X,4,M,6,0,0,0,000000000,00000000000,0,0,0,1,0,0,0,0,0,0,0,998,0,0,0,12,8,2,12,0,0,1,1,53,98374,1,1,0,0,2,0,68,150,0,5,0,0,9,7,2012,4,2013,3,28,37,0,0,1,2,50,2,1,2,2,0,0,14,10,99,9,2,50,1,0
53,530333,2,2,2,29,9,18,11,12,2,1,0,53,2,20,481,20481,31,2010,3GCRKTE37AG1,3,G,C,R,K,T,E,3,7,A,G,1,0,0,0,000000000,00000000000,0,0,0,1,0,0,0,0,0,0,0,998,0,0,0,12,8,2,12,0,0,0,1,53,98012,6,1,0,0,3,0,70,195,0,0,0,1,0,2,2012,2,2012,0,0,0,0,0,1,2,50,3,1,2,2,0,0,14,62,99,1,1,51,0,0
53,530334,1,2,1,4,10,5,30,12,2,1,0,53,1,7,442,7442,20,2014,2C4RDGBG5ER1,2,C,4,R,D,G,B,G,5,E,R,1,0,0,0,000000000,00000000000,0,0,0,1,0,0,0,0,0,0,0,998,3,0,0,12,6,2,12,0,0,0,1,53,99348,6,1,0,0,3,0,68,200,0,0,0,0,0,0,0,0,0,0,28,0,0,0,1,2,60,1,2,2,1,0,0,1,10,99,1,2,50,1,0
53,530334,2,2,1,4,10,5,30,12,2,1,0,53,3,51,884,51884,66,2001,4V4NC9JH11N3,4,V,4,N,C,9,J,H,1,1,N,3,1,1,57,572174,57572174,3,6,1,1,0,0,0,0,0,0,0,998,0,0,0,12,6,2,12,0,0,0,1,53,99301,6,1,6,1,3,0,64,160,0,0,0,0,0,0,0,0,0,0,0,0,0,0,1,2,60,1,2,2,1,0,0,1,62,99,1,1,51,0,0
53,530335,1,1,1,4,10,23,2,1,0,1,0,53,2,76,705,76705,80,2001,JYARJ04E91A0,J,Y,A,R,J,0,4,E,9,1,A,0,0,0,0,000000000,00000000000,0,0,0,1,0,0,0,0,0,0,0,998,0,0,0,0,8,8,14,0,0,0,1,53,98387,1,1,0,0,2,0,73,180,0,0,0,0,0,0,0,0,0,3,0,0,0,0,1,2,30,1,1,2,1,0,0,1,8,3,9,1,98,1,1
53,530336,1,2,1,4,10,22,6,12,6,1,0,53,2,32,42,32042,6,1999,WAUDA24B1XN0,W,A,U,D,A,2,4,B,1,X,N,0,0,0,0,000000000,00000000000,0,0,0,1,0,0,0,0,0,0,0,998,0,0,0,63,8,2,12,0,0,0,1,53,99204,6,1,0,0,3,3,63,120,0,0,0,0,0,0,0,0,0,0,0,0,0,0,1,2,25,1,1,2,1,20,3,4,17,99,1,1,89,0,0
53,530336,2,2,1,4,10,22,6,12,6,1,0,53,1,72,706,72706,80,1998,1HD1BRL10WY0,1,H,D,1,B,R,L,1,0,W,Y,0,0,0,0,000000000,00000000000,0,0,0,1,0,0,0,0,0,0,0,998,0,0,0,12,8,8,12,0,0,0,1,53,99207,6,1,0,0,3,3,71,185,0,0,0,1,2,1,2012,3,2014,0,0,0,0,0,5,2,35,1,1,2,1,0,0,1,66,99,1,1,88,1,1
53,530337,1,2,1,8,10,4,50,12,2,1,0,53,1,48,38,48038,2,1996,JF1GM2250TG4,J,F,1,G,M,2,2,5,0,T,G,4,0,0,0,000000000,00000000000,0,0,0,1,0,0,0,0,0,0,0,998,3,0,0,12,6,2,12,0,0,0,1,53,99212,6,1,0,0,3,0,70,140,0,0,0,1,0,6,2014,6,2014,0,28,0,0,0,1,2,50,1,1,2,1,0,0,1,10,99,1,2,50,1,0
53,530337,2,2,1,8,10,4,50,12,2,1,0,53,3,82,884,82884,66,2012,1FVHC5DVXCDB,1,F,V,H,C,5,D,V,X,C,D,B,1,1,57,911723,57911723,3,6,3,1,0,0,0,0,0,0,0,998,0,0,0,12,8,2,12,0,0,0,1,53,99217,6,1,6,1,3,0,69,200,0,0,0,0,0,0,0,0,0,0,0,0,0,0,1,2,50,1,1,2,1,0,0,1,62,99,1,1,51,0,0
53,530338,1,2,2,7,10,5,40,12,6,1,0,53,3,12,481,12481,31,2006,1FTWW31P66EA,1,F,T,W,W,3,1,P,6,6,E,A,0,0,0,000000000,00000000000,0,0,0,1,0,0,0,0,0,0,0,998,0,0,0,12,6,2,12,0,0,0,1,53,98263,6,1,0,0,3,0,70,155,0,0,0,2,2,9,2012,9,2014,0,28,0,0,0,1,2,50,2,1,2,2,0,0,14,10,4,1,2,64,0,0
53,530338,2,2,2,7,10,5,40,12,6,1,0,53,1,49,482,49482,31,2000,5TBBT4414YS0,5,T,B,B,T,4,4,1,4,Y,S,0,0,0,0,000000000,00000000000,0,0,0,1,0,0,0,0,0,0,0,998,0,0,0,62,6,2,12,0,0,0,1,53,98244,6,1,0,0,3,0,71,192,0,0,0,0,0,0,0,0,0,0,0,0,0,0,1,2,50,3,1,2,2,0,0,14,62,99,1,1,65,2,0
53,530339,1,1,1,9,10,23,0,30,0,1,0,53,1,2,403,2403,14,2010,1J4HA6D17AL1,1,J,4,H,A,6,D,1,7,A,L,1,0,0,0,000000000,00000000000,0,0,0,1,0,0,0,0,0,0,0,998,0,1,5,12,8,2,30,0,0,0,1,53,98930,1,1,0,0,2,3,69,180,0,1,0,1,2,5,2014,8,2014,0,0,0,0,0,1,2,50,1,1,2,1,0,0,1,12,99,1,4,6,1,0
53,530340,1,1,1,12,9,11,15,8,0,1,0,53,3,20,461,20461,21,2011,1GCWGFCA6B11,1,G,C,W,G,F,C,A,6,B,1,1,0,0,0,000000000,00000000000,0,0,0,1,0,0,0,0,0,0,0,998,0,0,0,12,8,5,8,0,0,0,1,53,98391,6,1,0,0,3,0,72,155,1,0,0,0,0,4,2014,4,2014,0,38,0,0,0,1,2,35,1,1,2,1,2,3,11,80,99,1,1,13,0,0
53,530341,1,2,1,14,10,14,0,12,6,1,0,53,2,13,15,13015,4,2009,1LNHM94R29G6,1,L,N,H,M,9,4,R,2,9,G,6,0,0,0,000000000,00000000000,0,0,0,1,0,0,0,0,0,0,0,998,0,0,0,81,8,2,19,0,0,0,1,53,98465,1,1,0,0,2,0,75,200,0,4,0,1,3,1,2013,7,2014,0,38,0,0,0,0,0,0,0,0,0,0,0,0,1,17,99,1,1,87,1,0
53,530341,2,2,3,14,10,14,0,12,6,1,0,53,1,7,442,7442,20,2000,1B4GP44L2YB5,1,B,4,G,P,4,4,L,2,Y,B,5,0,0,0,000000000,00000000000,0,0,0,1,0,0,0,0,0,0,0,998,0,0,0,12,8,2,12,0,0,0,1,53,98405,6,1,0,0,3,0,67,250,1,0,0,0,2,7,2014,7,2014,0,0,0,0,0,1,2,30,1,2,2,1,0,0,1,66,99,1,1,86,0,0
53,530342,1,1,2,10,10,13,26,42,0,1,0,53,1,20,4,20004,1,1969,194379S70683,1,9,4,3,7,9,S,7,0,6,8,3,0,0,0,000000000,00000000000,0,0,0,1,0,0,0,0,0,0,0,998,0,0,0,99,8,2,42,0,0,0,1,53,98201,6,1,0,0,3,0,61,100,0,0,0,0,0,0,0,0,0,4,0,0,0,0,3,5,60,1,1,2,1,0,0,1,9,99,9,4,5,1,0
53,530343,1,2,1,21,10,6,55,12,6,1,0,53,1,49,32,49032,4,2003,JTDBR32E1320,J,T,D,B,R,3,2,E,1,3,2,0,0,0,0,000000000,00000000000,0,0,0,1,0,0,0,0,0,0,0,998,0,0,0,9,6,2,12,0,0,0,1,53,98595,6,1,0,0,3,3,67,210,0,0,0,1,0,8,2012,8,2012,0,38,0,0,0,1,2,55,1,1,2,2,0,0,12,98,99,1,2,98,1,0
53,530343,2,2,1,21,10,6,55,12,6,1,0,53,1,12,481,12481,31,1996,1FTEX14H4TKA,1,F,T,E,X,1,4,H,4,T,K,A,0,0,0,000000000,00000000000,0,0,0,1,0,0,0,0,0,0,0,998,0,0,0,12,8,2,12,0,0,0,1,53,98520,6,1,0,0,3,3,78,245,1,1,1,1,1,11,2012,5,2014,0,0,0,0,0,1,2,55,1,1,2,2,0,0,1,98,99,1,1,98,0,0
53,530344,1,1,1,24,10,21,51,8,0,1,0,53,1,30,498,30498,20,1988,WV2YB0252JH0,W,V,2,Y,B,0,2,5,2,J,H,0,0,0,0,000000000,00000000000,0,0,0,1,0,0,0,0,0,0,0,998,0,0,0,12,8,2,8,0,0,0,1,53,98107,6,1,0,0,3,3,77,185,0,0,0,0,0,0,0,0,0,0,0,0,0,0,1,2,30,1,2,2,2,0,0,1,80,1,1,1,13,0,1
53,530345,1,1,1,22,10,8,13,8,0,1,1,53,1,20,481,20481,31,1988,1GCFK24KXJE1,1,G,C,F,K,2,4,K,X,J,E,1,0,0,0,000000000,00000000000,0,0,0,1,0,0,0,0,0,0,0,998,0,0,0,12,8,5,8,0,0,0,1,53,99207,6,1,0,0,3,0,73,200,0,0,0,0,0,0,0,0,0,0,0,0,0,0,3,3,45,1,1,2,99,0,0,1,13,99,1,4,13,0,1
53,530346,1,1,6,25,10,1,58,33,0,1,0,99,9,35,34,35034,2,1995,JN1RZ26D5SX5,J,N,1,R,Z,2,6,D,5,S,X,5,0,0,0,000000000,00000000000,0,0,0,1,0,0,0,0,0,0,0,998,0,1,6,99,8,2,1,0,0,0,1,53,98011,1,1,0,0,2,0,71,180,0,1,0,1,0,4,2013,10,2013,4,58,0,0,0,1,2,35,2,1,2,2,0,0,14,13,99,9,4,5,4,1
53,530347,1,1,1,10,7,21,49,8,0,1,0,53,1,20,35,20035,2,1992,J81RF2360N75,J,8,1,R,F,2,3,6,0,N,7,5,0,0,0,000000000,00000000000,0,0,0,1,0,0,0,0,0,0,0,998,0,0,0,12,8,5,8,0,0,0,1,53,98903,6,1,0,0,3,3,64,125,0,0,0,0,0,0,0,0,0,0,0,0,0,0,5,4,35,8,8,2,1,0,0,1,80,2,1,1,13,0,0
53,530348,1,2,1,14,9,1,41,12,6,1,0,53,1,20,421,20421,15,2000,1GNEC13R5YR2,1,G,N,E,C,1,3,R,5,Y,R,2,0,0,0,000000000,00000000000,0,0,0,1,0,0,0,0,0,0,0,998,0,0,0,12,8,2,12,0,0,0,1,53,98498,6,1,0,0,3,0,62,170,0,0,0,1,2,1,2012,4,2013,4,39,0,0,0,2,4,30,1,1,2,1,3,3,1,17,99,1,1,86,1,1
53,530348,2,2,1,14,9,1,41,12,6,1,0,53,3,12,481,12481,39,1999,1FDAF56F3XED,1,F,D,A,F,5,6,F,3,X,E,D,0,0,0,000000000,00000000000,0,0,0,1,0,0,0,0,0,0,0,998,0,0,0,82,8,2,12,0,0,0,1,53,98360,6,1,0,0,3,0,70,155,1,2,0,0,1,10,2013,5,2014,0,0,0,0,0,1,4,30,1,1,2,1,3,3,1,66,99,1,1,87,0,0
53,530349,1,1,1,19,9,7,47,42,0,1,0,53,1,35,43,35043,4,2003,3N1CB51D23L7,3,N,1,C,B,5,1,D,2,3,L,7,0,0,0,000000000,00000000000,0,0,0,1,0,0,0,0,0,0,0,998,0,0,0,12,8,2,42,0,0,0,1,53,99122,6,1,0,0,3,0,65,130,0,0,0,0,0,0,0,0,0,0,0,0,0,0,1,2,50,1,2,2,1,0,0,6,12,99,1,4,6,1,0
53,530350,1,1,1,29,10,19,55,24,0,1,0,53,1,12,481,12481,31,1997,1FTJW36F3VEB,1,F,T,J,W,3,6,F,3,V,E,B,0,0,0,000000000,00000000000,0,0,0,1,0,0,0,0,0,0,0,998,0,1,6,12,6,2,24,0,0,0,1,53,98043,6,1,0,0,3,3,67,240,0,1,0,0,1,3,2014,7,2014,0,0,0,0,0,1,2,60,3,2,2,2,0,0,14,13,99,1,4,1,1,1
53,530351,1,2,1,26,10,6,39,12,2,1,0,99,9,54,35,54035,4,2005,19UUA66275A0,1,9,U,U,A,6,6,2,7,5,A,0,0,0,0,000000000,00000000000,0,0,0,1,0,0,0,0,0,0,0,998,0,0,0,12,6,2,12,0,0,0,1,53,98584,6,1,0,0,3,0,70,140,0,0,0,1,0,2,2014,2,2014,0,38,0,0,0,1,2,40,2,1,2,2,0,0,6,10,99,1,2,50,0,0
53,530351,2,2,1,26,10,6,39,12,2,1,0,53,1,37,31,37031,4,1995,JHMEH9590SS0,J,H,M,E,H,9,5,9,0,S,S,0,0,0,0,000000000,00000000000,0,0,0,1,0,0,0,0,0,0,0,998,0,0,0,12,6,2,12,0,0,0,1,53,98584,6,1,0,0,3,0,61,118,0,0,0,0,0,0,0,0,0,0,0,0,0,0,1,2,40,3,1,2,2,0,0,14,62,99,1,1,51,1,0
53,530352,1,1,1,30,10,21,2,8,0,1,0,53,1,7,482,7482,31,1999,3B7HF13Z9XG1,3,B,7,H,F,1,3,Z,9,X,G,1,0,0,0,000000000,00000000000,0,0,0,1,0,0,0,0,0,0,0,998,0,0,0,12,8,5,8,0,0,0,1,53,98948,6,1,8,0,3,3,66,185,0,0,0,1,1,7,2013,12,2013,0,0,0,0,0,1,4,55,1,1,2,2,2,3,1,80,99,1,1,13,0,0
53,530354,1,1,2,31,10,21,45,30,0,1,0,53,2,54,31,54031,3,1993,JH4DA9461PS0,J,H,4,D,A,9,4,6,1,P,S,0,0,0,0,000000000,00000000000,0,0,0,1,0,0,0,0,0,0,0,998,0,0,0,3,8,2,30,0,0,0,1,53,98664,6,2,0,0,3,3,67,140,0,0,0,0,0,0,0,0,0,3,0,0,0,0,5,4,35,1,1,2,2,3,3,1,12,99,4,4,7,2,1
53,530355,1,1,1,31,10,20,12,8,0,1,0,53,1,12,3,12003,2,1967,7R01T125822,7,R,0,1,T,1,2,5,8,2,2,,0,0,0,000000000,00000000000,0,0,0,1,0,0,0,0,0,0,0,998,0,0,0,99,8,2,8,0,0,0,1,53,98660,6,1,6,0,3,0,68,180,0,0,0,0,0,0,0,0,0,0,91,0,0,0,1,4,35,1,1,1,2,0,0,1,9,99,9,4,2,0,1
53,530356,1,3,1,23,10,15,56,12,2,1,0,53,1,49,32,49032,4,2004,JTDBR38E2420,J,T,D,B,R,3,8,E,2,4,2,0,0,0,0,000000000,00000000000,0,0,0,1,0,0,0,0,0,0,0,998,0,0,0,12,8,2,12,0,0,0,1,53,98204,6,1,0,0,3,3,64,180,0,0,0,0,0,0,0,0,0,0,28,0,0,0,1,4,50,1,1,2,1,0,0,1,10,99,1,1,50,1,0
53,530356,2,3,2,23,10,15,56,12,2,1,0,53,1,6,52,6052,6,2001,3C8FY4BB91T5,3,C,8,F,Y,4,B,B,9,1,T,5,0,0,0,000000000,00000000000,0,0,0,1,0,0,0,0,0,0,0,998,0,0,0,12,8,2,12,0,0,0,1,53,98021,6,1,0,0,3,0,70,185,0,0,0,0,0,0,0,0,0,0,0,0,0,0,1,4,50,1,1,2,1,0,0,1,62,99,1,1,51,0,0
53,530356,3,3,1,23,10,15,56,12,2,1,0,53,1,21,401,21401,14,1997,1GHDT13W0V27,1,G,H,D,T,1,3,W,0,V,2,7,0,0,0,000000000,00000000000,0,0,0,1,0,0,0,0,0,0,0,998,0,0,0,12,8,2,12,0,0,0,1,53,98204,6,1,0,0,3,3,64,145,0,0,0,0,0,0,0,0,0,0,0,0,0,0,1,4,50,1,1,2,1,0,0,1,62,99,1,1,98,0,0
53,530357,1,1,4,1,11,2,56,1,0,1,0,53,1,37,32,37032,4,1994,JHMCD5634RC0,J,H,M,C,D,5,6,3,4,R,C,0,0,0,0,000000000,00000000000,0,0,0,1,0,0,0,0,0,0,0,998,0,9,5,0,6,2,1,0,0,0,1,53,98948,6,1,0,0,3,0,63,120,0,0,0,2,5,12,2011,9,2014,0,58,0,0,0,1,2,55,3,1,2,1,0,0,14,13,99,9,4,1,1,1
53,530358,1,2,1,1,11,13,0,12,6,1,0,41,1,7,482,7482,31,2005,3D7MS48CX5G7,3,D,7,M,S,4,8,C,X,5,G,7,0,0,0,000000000,00000000000,0,0,0,1,0,0,0,0,0,0,0,998,0,0,0,63,6,2,12,0,0,0,1,41,97013,6,1,0,0,3,3,70,180,0,0,0,0,0,0,0,0,0,0,0,0,0,0,1,2,60,1,1,2,2,0,0,1,62,7,1,2,65,0,0
53,530358,2,2,2,1,11,13,0,12,6,1,0,16,1,20,471,20471,30,2003,1GCDT13X93K1,1,G,C,D,T,1,3,X,9,3,K,1,0,0,0,000000000,00000000000,0,0,0,1,0,0,0,0,0,0,0,998,0,0,0,12,6,2,12,0,0,0,1,16,83501,6,1,6,0,3,0,70,220,0,0,0,0,0,0,0,0,0,0,28,0,0,0,1,2,60,2,2,2,2,0,0,14,10,99,1,2,64,2,0