STATE,ST_CASE,VEH_NO,VE_FORMS,NUMOCCS,DAY,MONTH,HOUR,MINUTE,HARM_EV,MAN_COLL,UNITTYPE,HIT_RUN,REG_STAT,OWNER,MAKE,MODEL,MAK_MOD,BODY_TYP,MOD_YEAR,VIN,VIN_1,VIN_2,VIN_3,VIN_4,VIN_5,VIN_6,VIN_7,VIN_8,VIN_9,VIN_10,VIN_11,VIN_12,TOW_VEH,J_KNIFE,MCARR_I1,MCARR_I2,MCARR_ID,GVWR,V_CONFIG,CARGO_BT,HAZ_INV,HAZ_PLAC,HAZ_ID,HAZ_CNO,HAZ_REL,BUS_USE,SPEC_USE,EMER_USE,TRAV_SP,UNDERIDE,ROLLOVER,ROLINLOC,IMPACT1,DEFORMED,TOWED,M_HARM,VEH_SC1,VEH_SC2,FIRE_EXP,DR_PRES,L_STATE,DR_ZIP,L_STATUS,L_TYPE,CDL_STAT,L_ENDORS,L_COMPL,L_RESTRI,DR_HGT,DR_WGT,PREV_ACC,PREV_SUS,PREV_DWI,PREV_SPD,PREV_OTH,FIRST_MO,FIRST_YR,LAST_MO,LAST_YR,SPEEDREL,DR_SF1,DR_SF2,DR_SF3,DR_SF4,VTRAFWAY,VNUM_LAN,VSPD_LIM,VALIGN,VPROFILE,VPAVETYP,VSURCOND,VTRAFCON,VTCONT_F,P_CRASH1,P_CRASH2,P_CRASH3,PCRASH4,PCRASH5,ACC_TYPE,DEATHS,DR_DRINK
53,530359,1,2,4,2,11,18,20,12,6,1,0,53,2,12,16,12016,4,2007,2FAHP71W17X1,2,F,A,H,P,7,1,W,1,7,X,1,0,0,0,000000000,00000000000,0,0,0,1,0,0,0,0,0,0,0,998,0,0,0,4,8,2,12,0,0,0,1,53,98409,1,1,0,0,2,0,75,170,0,0,0,0,2,8,2012,8,2012,0,38,0,0,0,1,2,35,1,1,2,2,0,0,11,15,99,1,1,68,0,0
53,530359,2,2,1,2,11,18,20,12,6,1,0,6,1,73,703,73703,80,2008,JKAEXMJ178DA,J,K,A,E,X,M,J,1,7,8,D,A,0,0,0,000000000,00000000000,0,0,0,1,0,0,0,0,0,0,0,998,0,0,0,12,8,2,12,0,0,0,1,53,98445,6,1,0,0,3,0,68,150,0,0,0,0,1,8,2013,8,2013,0,0,0,0,0,1,2,35,1,1,2,2,0,0,1,66,99,1,1,69,1,0
53,530360,1,2,1,5,11,5,53,12,7,1,0,53,1,49,482,49482,31,2002,5TBBT44102S2,5,T,B,B,T,4,4,1,0,2,S,2,0,0,0,000000000,00000000000,0,0,0,1,0,0,0,0,0,0,0,998,0,1,3,63,6,2,1,0,0,0,1,53,98528,6,1,0,0,3,3,64,150,0,0,0,0,0,0,0,0,0,4,0,0,0,0,2,2,60,1,1,2,1,0,0,15,10,99,1,2,47,1,0
53,530360,2,2,1,5,11,5,53,12,7,1,0,53,1,48,44,48044,10,2004,4S4BT63CX461,4,S,4,B,T,6,3,C,X,4,6,1,0,0,0,000000000,00000000000,0,0,0,1,0,0,0,0,0,0,0,998,0,1,3,82,6,2,1,0,0,0,1,53,98359,6,1,0,0,3,0,67,170,0,0,0,1,0,7,2014,7,2014,0,0,0,0,0,2,2,60,1,1,2,1,0,0,1,60,99,1,1,45,0,0
53,530361,1,1,1,5,11,2,53,8,0,1,0,53,1,22,2,22002,4,2000,1G2HX54K0Y42,1,G,2,H,X,5,4,K,0,Y,4,2,0,0,0,000000000,00000000000,0,0,0,1,0,0,0,0,0,0,0,998,0,0,0,12,8,5,8,0,0,0,1,53,98155,6,1,0,0,3,3,62,105,0,0,0,0,0,0,0,0,0,0,0,0,0,0,1,2,35,1,2,2,2,0,0,1,80,4,1,1,13,0,0
53,530362,1,1,1,4,9,6,25,42,0,1,0,53,1,23,481,23481,31,2001,2GTEC19V4113,2,G,T,E,C,1,9,V,4,1,1,3,0,0,0,000000000,00000000000,0,0,0,1,0,0,0,0,0,0,0,998,0,0,0,12,8,2,42,0,0,0,1,53,98188,6,1,0,0,3,0,73,175,0,0,0,0,0,0,0,0,0,0,0,0,0,0,5,4,98,1,3,2,1,0,0,1,12,99,1,4,6,1,0
53,530363,1,1,1,7,9,17,40,15,0,1,1,53,2,7,21,7021,6,2006,2D4FV47T46H4,2,D,4,F,V,4,7,T,4,6,H,4,0,0,0,000000000,00000000000,0,0,0,1,0,0,0,0,0,0,0,998,0,0,0,99,8,5,15,0,0,0,1,99,99999,9,9,99,9,9,9,999,999,99,99,99,99,99,99,9999,99,9999,0,0,0,0,0,1,2,25,1,2,2,1,0,0,1,83,1,1,1,13,0,0
53,530364,1,1,2,30,9,23,10,5,0,1,0,53,1,35,402,35402,14,2007,5N1AN08W67C5,5,N,1,A,N,0,8,W,6,7,C,5,0,0,0,000000000,00000000000,0,0,0,1,0,0,0,0,0,0,0,998,0,0,0,0,0,5,5,0,0,0,1,53,98006,1,1,0,0,2,0,66,125,0,0,0,1,0,8,2012,8,2012,0,0,0,0,0,3,2,98,2,2,2,1,0,0,11,98,99,1,1,0,1,0
53,530365,1,2,1,6,11,13,44,12,6,1,0,53,1,35,472,35472,30,2000,1N6ED27Y7YC3,1,N,6,E,D,2,7,Y,7,Y,C,3,0,0,0,000000000,00000000000,0,0,0,1,0,0,0,0,0,0,0,998,0,0,0,81,8,2,12,0,0,0,1,53,98580,6,1,6,0,3,0,67,199,0,0,0,0,0,0,0,0,0,4,28,58,0,0,1,2,55,3,1,2,2,0,0,14,10,99,1,2,66,1,1
53,530365,2,2,2,6,11,13,44,12,6,1,0,53,2,20,2,20002,4,2006,2G1WT58K2691,2,G,1,W,T,5,8,K,2,6,9,1,0,0,0,000000000,00000000000,0,0,0,1,0,0,0,0,0,0,0,998,0,0,0,12,8,2,12,0,0,0,1,53,98387,1,1,0,0,2,3,70,165,0,2,0,2,4,3,2012,12,2013,0,0,0,0,0,1,2,55,2,1,2,2,0,0,14,62,99,1,1,66,0,0
53,530366,1,1,1,7,11,3,48,14,0,1,0,99,9,82,884,82884,66,2001,1FUJA6CG21LJ,1,F,U,J,A,6,C,G,2,1,L,J,1,1,57,130402,57130402,3,6,97,1,0,0,0,0,0,0,0,998,8,0,0,12,8,5,14,0,0,0,1,41,97013,6,1,6,3,3,3,70,300,0,0,0,1,1,11,2011,3,2012,0,91,0,0,0,3,3,60,2,1,1,2,0,0,14,13,99,1,4,11,0,0
53,530367,1,3,2,7,11,14,44,12,1,1,0,53,1,37,441,37441,20,2005,5FNRL38205B0,5,F,N,R,L,3,8,2,0,5,B,0,0,0,0,000000000,00000000000,0,0,0,1,0,0,0,0,0,0,0,998,0,0,0,12,8,2,12,0,0,0,1,53,98105,6,1,0,0,3,3,70,165,1,0,0,0,0,10,2013,10,2013,4,38,0,0,0,3,4,60,3,1,1,1,0,0,14,51,99,1,1,24,1,0
53,530367,2,3,1,7,11,14,44,12,1,1,0,53,1,12,23,12023,4,2008,3FAHP01118R1,3,F,A,H,P,0,1,1,1,8,R,1,0,0,0,000000000,00000000000,0,0,0,1,0,0,0,0,0,0,0,998,0,0,0,6,8,2,12,0,0,0,1,53,98087,6,1,0,0,3,0,68,125,1,0,0,0,0,10,2012,10,2012,0,0,0,0,0,3,4,60,3,1,1,1,0,0,14,53,99,1,1,25,0,0
53,530367,3,3,1,7,11,14,44,12,1,1,0,53,3,20,2,20002,4,2009,2G1WB57K0912,2,G,1,W,B,5,7,K,0,9,1,2,0,0,0,000000000,00000000000,0,0,0,1,0,0,0,0,0,0,0,998,0,0,0,6,8,2,12,0,0,0,1,53,98273,6,1,0,0,3,0,71,195,0,0,0,0,0,0,0,0,0,0,0,0,0,0,3,4,60,3,1,1,1,0,0,99,53,99,1,1,98,0,0
53,530368,1,1,1,7,11,15,59,42,0,1,0,53,1,48,37,48037,2,1992,JF1CX3437NH1,J,F,1,C,X,3,4,3,7,N,H,1,0,0,0,000000000,00000000000,0,0,0,1,0,0,0,0,0,0,0,998,0,0,0,12,8,2,42,0,0,0,1,53,98380,6,1,0,0,3,3,66,130,0,0,0,0,0,0,0,0,0,4,0,0,0,0,1,2,35,2,2,2,2,0,0,14,12,99,1,4,6,1,1
53,530369,1,1,1,23,3,5,30,8,0,1,1,99,9,97,997,97997,98,9998,888888888888,8,8,8,8,8,8,8,8,8,8,8,8,9,0,0,000000000,00000000000,8,0,0,1,0,0,0,0,0,0,0,998,0,0,0,99,8,5,8,0,0,0,1,99,99999,9,9,99,9,9,9,999,999,99,99,99,99,99,99,9999,99,9999,9,99,99,99,99,8,8,98,8,8,8,98,97,8,99,80,99,9,9,13,0,0
53,530370,1,1,1,7,11,15,15,8,0,1,0,41,1,7,481,7481,31,1990,1B7KM2687LS7,1,B,7,K,M,2,6,8,7,L,S,7,0,0,0,000000000,00000000000,0,0,0,1,0,0,0,0,0,0,0,998,0,0,0,12,8,2,8,0,0,0,1,41,97051,6,1,0,0,3,0,71,220,1,2,0,0,1,11,2011,3,2013,0,0,0,0,0,1,8,25,1,1,2,1,2,3,11,80,99,1,1,13,0,0
53,530371,1,1,4,8,11,5,0,53,0,1,1,53,2,12,4,12004,2,1997,1FALP62WXVH1,1,F,A,L,P,6,2,W,X,V,H,1,0,0,0,000000000,00000000000,0,0,0,1,0,0,0,0,0,0,0,998,0,0,0,12,6,2,38,0,0,0,1,53,98942,2,1,0,0,2,0,66,225,0,6,0,0,10,11,2012,10,2014,0,91,0,0,0,1,2,98,1,2,5,1,20,3,1,14,99,9,4,14,1,1
53,530372,1,2,1,11,11,14,18,12,6,1,0,53,1,7,442,7442,20,2006,2D8GP44L36R6,2,D,8,G,P,4,4,L,3,6,R,6,0,0,0,000000000,00000000000,0,0,0,1,0,0,0,0,0,0,0,998,0,0,0,12,8,2,12,0,0,0,1,53,99206,6,1,0,0,3,0,62,130,0,0,0,0,0,0,0,0,0,0,39,0,0,0,1,2,35,1,1,2,1,4,3,1,17,99,1,1,88,0,0
53,530372,2,2,2,11,11,14,18,12,6,1,0,53,1,37,402,37402,14,2006,JHLRD78906C0,J,H,L,R,D,7,8,9,0,6,C,0,0,0,0,000000000,00000000000,0,0,0,1,0,0,0,0,0,0,0,998,0,0,0,9,8,2,12,0,0,0,1,53,99203,6,1,0,0,3,3,63,200,0,0,0,0,0,0,0,0,0,0,0,0,0,0,4,3,35,1,1,2,1,4,3,1,66,99,1,1,89,1,0
53,530373,1,1,1,14,11,16,56,42,0,1,0,53,1,20,473,20473,30,2012,1GCHTCFE3C81,1,G,C,H,T,C,F,E,3,C,8,1,0,0,0,000000000,00000000000,0,0,0,1,0,0,0,0,0,0,0,998,0,0,0,12,8,2,42,0,0,0,1,53,99156,6,1,0,0,3,3,72,220,0,0,0,0,0,0,0,0,0,4,0,0,0,0,1,2,25,8,8,5,1,0,0,1,12,3,1,4,6,1,0
53,530374,1,1,1,15,11,9,0,42,0,1,0,53,2,53,705,53705,80,1983,JS1GN74A0D21,J,S,1,G,N,7,4,A,0,D,2,1,0,0,0,000000000,00000000000,0,0,0,1,0,0,0,0,0,0,0,998,0,0,0,12,8,2,42,0,0,0,1,53,98245,1,1,8,0,2,0,76,170,0,3,1,0,0,4,2012,8,2013,0,0,0,0,0,1,2,25,3,2,5,1,0,0,14,12,99,1,4,6,1,1
53,530375,1,2,1,15,11,17,20,12,2,1,0,53,1,37,471,37471,30,2007,2HJYK16517H5,2,H,J,Y,K,1,6,5,1,7,H,5,0,0,0,000000000,00000000000,0,0,0,1,0,0,0,0,0,0,0,998,0,0,0,12,6,2,12,0,0,0,1,53,98944,6,1,0,0,3,0,63,160,0,0,0,0,1,4,2013,4,2013,0,28,0,0,0,1,2,60,3,2,2,1,0,0,14,10,99,1,2,50,1,1
53,530375,2,2,1,15,11,17,20,12,2,1,0,41,3,82,884,82884,66,2000,1FUYSSEB7YLB,1,F,U,Y,S,S,E,B,7,Y,L,B,1,1,57,067056,57067056,3,6,97,1,0,0,0,0,0,0,0,998,0,0,0,12,6,2,12,0,0,0,1,53,99169,6,1,6,3,3,0,70,170,0,0,0,0,0,0,0,0,0,0,0,0,0,0,1,2,60,2,2,2,1,0,0,14,62,7,1,1,51,0,0
53,530376,1,2,2,16,11,13,7,12,1,1,0,53,2,37,32,37032,4,1989,JHMCA5637KC0,J,H,M,C,A,5,6,3,7,K,C,0,0,0,0,000000000,00000000000,0,0,0,1,0,0,0,0,0,0,0,998,0,0,0,12,6,2,12,0,0,0,1,53,98233,6,1,8,0,3,0,66,239,0,0,0,0,0,0,0,0,0,0,26,0,0,0,1,2,50,1,1,2,1,0,0,1,50,99,1,1,20,1,0
53,530376,2,2,4,16,11,13,7,12,1,1,0,53,1,48,34,48034,6,1996,4S3BK4250T73,4,S,3,B,K,4,2,5,0,T,7,3,0,0,0,000000000,00000000000,0,0,0,1,0,0,0,0,0,0,0,0,0,0,0,6,6,2,12,0,0,0,1,53,98284,6,1,6,0,3,3,69,180,1,0,0,1,0,10,2012,4,2013,0,0,0,0,0,1,2,50,1,1,2,1,0,0,5,53,99,1,1,21,0,0
53,530377,1,1,2,17,11,18,45,8,0,1,0,53,2,30,40,30040,4,2000,3VWSA29M0YM0,3,V,W,S,A,2,9,M,0,Y,M,0,0,0,0,000000000,00000000000,0,0,0,1,0,0,0,0,0,0,0,998,0,0,0,82,8,2,8,0,0,0,1,53,98014,6,1,6,0,3,0,72,180,0,0,0,0,0,0,0,0,0,0,0,0,0,0,1,2,98,4,2,2,1,0,0,14,80,98,1,1,13,0,1
53,530378,1,1,1,23,4,23,30,3,0,1,0,53,2,20,481,20481,31,2008,1GCEC14X88Z1,1,G,C,E,C,1,4,X,8,8,Z,1,0,0,0,000000000,00000000000,0,0,0,1,0,0,0,0,0,0,0,998,0,0,0,0,8,2,3,0,0,0,1,53,98944,1,1,0,0,2,0,65,190,0,0,0,0,0,0,0,0,0,0,0,0,0,0,9,9,98,4,1,5,11,0,0,15,13,99,1,4,0,1,1
53,530379,1,1,1,25,9,19,26,8,0,1,0,53,3,98,982,98982,52,2004,5FYD3FV194B0,5,F,Y,D,3,F,V,1,9,4,B,0,0,0,77,777777777,77777777777,8,21,22,1,0,0,0,0,6,3,0,998,0,0,0,99,8,5,8,0,0,0,1,53,98223,6,1,6,1,3,0,69,180,0,0,0,0,0,0,0,0,0,0,0,0,0,0,5,4,25,1,1,2,2,0,0,1,80,99,1,1,13,0,0
53,530380,1,1,2,4,11,12,56,8,0,1,0,53,2,12,461,12461,21,2002,1FBSS31L72HB,1,F,B,S,S,3,1,L,7,2,H,B,0,0,0,000000000,00000000000,0,0,0,1,0,0,0,0,0,0,0,998,0,0,0,12,8,5,8,0,0,0,1,99,98310,9,9,99,9,9,9,999,999,99,99,99,99,99,99,9999,99,9999,0,0,0,0,0,5,4,30,1,1,2,1,0,0,1,80,4,1,1,13,0,0
53,530381,1,2,1,19,11,13,45,12,6,1,0,53,1,12,402,12402,14,2014,1FMCU0F78EUB,1,F,M,C,U,0,F,7,8,E,U,B,0,0,0,000000000,00000000000,0,0,0,1,0,0,0,0,0,0,0,998,0,0,0,12,6,2,12,0,0,0,1,53,99352,6,1,0,0,3,3,70,190,0,0,0,0,0,0,0,0,0,0,28,0,0,0,5,2,60,1,1,2,1,0,0,1,10,99,1,2,66,1,0
53,530381,2,2,1,19,11,13,45,12,6,1,0,41,3,85,890,85890,66,1994,1XKWDB9XXRS6,1,X,K,W,D,B,9,X,X,R,S,6,1,1,57,22646,5722646,3,6,99,1,0,0,0,0,0,0,0,998,0,0,0,63,8,5,12,0,0,0,1,41,97827,6,1,6,1,3,0,71,190,0,0,0,0,0,0,0,0,0,0,0,0,0,0,5,2,60,1,1,2,1,0,0,1,62,99,1,1,66,0,0
53,530383,1,3,1,20,11,8,41,12,2,1,0,53,2,7,472,7472,30,2006,1D7HW48N16S5,1,D,7,H,W,4,8,N,1,6,S,5,0,0,0,000000000,00000000000,0,0,0,1,0,0,0,0,0,0,0,998,3,0,0,12,8,2,12,0,0,0,1,53,99122,6,1,0,0,3,0,66,160,0,0,0,0,0,0,0,0,0,4,87,0,0,0,1,2,60,1,2,2,3,0,0,1,6,99,3,2,50,1,0
53,530383,2,3,1,20,11,8,41,12,2,1,0,53,3,82,884,82884,66,1995,1FUYDXYB7SP5,1,F,U,Y,D,X,Y,B,7,S,P,5,1,1,57,570174,57570174,3,6,99,1,0,0,0,0,0,0,0,998,0,0,0,12,8,2,12,0,0,0,1,16,83843,6,1,6,1,3,0,76,280,0,0,0,1,0,6,2012,6,2012,0,0,0,0,0,1,2,60,1,2,2,3,0,0,1,62,99,1,1,51,0,0
53,530383,3,3,2,20,11,8,41,12,2,1,0,53,1,20,431,20431,16,1984,1G8FK16C4EF1,1,G,8,F,K,1,6,C,4,E,F,1,0,0,0,000000000,00000000000,0,0,0,1,0,0,0,0,0,0,0,998,0,0,0,12,8,2,12,0,0,0,1,53,99134,6,1,0,0,3,0,69,150,0,0,0,0,0,0,0,0,0,0,0,0,0,0,1,2,60,1,2,2,3,0,0,1,50,99,1,1,98,0,0
53,530384,1,1,4,20,11,16,18,8,0,1,0,53,1,7,442,7442,20,2005,1D4GP25R05B2,1,D,4,G,P,2,5,R,0,5,B,2,0,0,0,000000000,00000000000,0,0,0,1,0,0,0,0,0,0,0,998,0,0,0,12,8,2,8,0,0,0,1,53,98112,6,1,0,0,3,0,66,170,0,0,0,0,0,0,0,0,0,0,0,0,0,0,1,2,35,1,1,2,2,2,3,1,80,99,1,1,13,0,0
53,530385,1,1,1,21,11,2,12,19,0,1,0,4,1,51,45,51045,4,2002,YV1TS92DX212,Y,V,1,T,S,9,2,D,X,2,1,2,0,0,0,000000000,00000000000,0,0,0,1,0,0,0,0,0,0,0,998,0,0,0,12,8,2,19,0,0,0,1,4,85202,1,1,0,0,2,0,72,230,0,1,0,1,0,8,2012,9,2014,4,37,39,0,0,1,2,25,1,1,2,2,20,3,1,14,99,1,4,14,1,1
53,530386,1,2,1,21,11,16,55,12,6,1,0,41,3,30,40,30040,4,2014,3VWD17AJ4EM3,3,V,W,D,1,7,A,J,4,E,M,3,0,0,0,000000000,00000000000,0,0,0,1,0,0,0,0,0,0,0,998,0,0,0,12,8,2,12,0,0,0,1,42,15220,6,1,0,0,3,0,75,999,0,1,0,0,0,6,2013,6,2013,3,91,0,0,0,5,2,35,1,2,2,2,0,0,1,17,99,1,1,86,0,1
53,530386,2,2,1,21,11,16,55,12,6,1,0,53,1,37,31,37031,2,1997,1HGEJ8142VL0,1,H,G,E,J,8,1,4,2,V,L,0,0,0,0,000000000,00000000000,0,0,0,1,0,0,0,0,0,0,0,998,0,0,0,3,8,2,12,0,0,0,1,53,98166,6,1,0,0,3,0,71,250,1,0,0,2,1,11,2011,6,2013,0,38,0,0,0,1,2,35,1,2,2,2,20,3,1,66,99,1,1,87,1,0
53,530387,1,1,1,21,11,2,3,1,0,1,0,53,2,49,471,49471,30,1976,RN28039117,R,N,2,8,0,3,9,1,1,7,,,0,0,0,000000000,00000000000,0,0,0,1,0,0,0,0,0,0,0,998,0,9,5,0,6,2,1,0,0,0,1,53,98059,1,1,0,0,2,3,68,155,0,0,0,0,0,0,0,0,0,0,0,0,0,0,1,2,98,2,1,2,2,0,0,14,13,99,3,4,2,1,1
53,530388,1,1,1,24,11,21,5,35,0,1,0,53,1,21,18,21018,2,1985,1G3NT27U4FC0,1,G,3,N,T,2,7,U,4,F,C,0,0,0,0,000000000,00000000000,0,0,0,1,0,0,0,0,0,0,0,998,0,1,5,12,6,2,1,0,0,0,1,53,99005,6,1,0,0,3,3,69,150,0,1,1,0,2,4,2012,9,2014,4,0,0,0,0,1,2,55,1,1,2,2,0,0,1,12,99,1,4,6,1,1
53,530389,1,1,1,24,11,14,39,9,0,1,0,53,1,7,43,7043,2,2001,4B3AG52H81E1,4,B,3,A,G,5,2,H,8,1,E,1,0,0,0,000000000,00000000000,0,0,0,1,0,0,0,0,0,0,0,998,0,0,0,12,8,5,9,0,0,0,1,53,98321,1,1,0,0,2,0,70,125,0,1,0,0,5,10,2012,10,2014,0,39,91,0,0,1,2,25,1,1,2,2,20,3,1,83,99,1,1,13,0,0
53,530390,1,1,1,22,11,21,19,9,0,1,1,53,9,37,32,37032,4,2000,1HGCG5649YA0,1,H,G,C,G,5,6,4,9,Y,A,0,0,0,0,000000000,00000000000,0,0,0,1,0,0,0,0,0,0,0,998,0,0,0,12,8,5,9,0,0,0,1,99,99999,9,9,99,9,9,9,999,999,99,99,99,99,99,99,9999,99,9999,3,37,0,0,0,4,8,25,1,1,1,1,0,0,1,83,99,1,1,13,0,0
53,530391,1,1,1,24,11,7,27,1,0,1,0,53,2,12,481,12481,31,1991,1FTEX14H2MKA,1,F,T,E,X,1,4,H,2,M,K,A,0,0,0,000000000,00000000000,0,0,0,1,0,0,0,0,0,0,0,998,0,9,5,0,8,2,1,0,0,0,1,53,98837,1,1,0,0,2,0,72,165,0,0,0,1,4,7,2012,5,2014,4,87,0,0,0,1,2,55,1,3,2,4,0,0,1,6,99,3,4,2,1,0
53,530392,1,2,2,28,11,20,41,24,0,1,0,53,2,37,31,37031,4,2002,1HGEM21922L0,1,H,G,E,M,2,1,9,2,2,L,0,0,0,0,000000000,00000000000,0,0,0,1,0,0,0,0,0,0,0,998,0,0,0,81,6,2,12,0,0,0,1,53,98251,1,1,0,0,2,0,72,185,0,2,0,1,2,12,2011,7,2014,4,0,0,0,0,6,2,60,1,1,1,2,0,0,1,13,99,1,4,1,1,0
53,530392,2,2,2,28,11,20,41,24,0,1,0,53,1,2,404,2404,14,1996,1J4GZ58S0TC4,1,J,4,G,Z,5,8,S,0,T,C,4,0,0,0,000000000,00000000000,0,0,0,1,0,0,0,0,0,0,0,998,0,0,0,12,6,2,12,0,0,0,1,53,98168,6,1,8,0,3,0,67,305,0,0,0,0,0,0,0,0,0,0,0,0,0,0,3,6,60,1,1,1,2,0,0,1,60,99,1,1,98,0,0
53,530393,1,1,2,28,11,19,0,1,0,1,0,53,2,2,403,2403,14,1992,2J4FY29S6NJ5,2,J,4,F,Y,2,9,S,6,N,J,5,0,0,0,000000000,00000000000,0,0,0,1,0,0,0,0,0,0,0,998,0,9,5,0,8,5,1,0,0,0,1,53,98951,6,1,0,0,3,3,71,215,0,0,0,0,0,0,0,0,0,0,87,0,0,0,8,8,98,1,2,5,3,0,0,1,9,99,9,4,7,1,1
53,530394,1,1,1,1,12,6,5,8,0,1,0,53,2,2,404,2404,14,2000,1J4FF28S2YL2,1,J,4,F,F,2,8,S,2,Y,L,2,0,0,0,000000000,00000000000,0,0,0,1,0,0,0,0,0,0,0,998,0,0,0,12,8,2,8,0,0,0,1,53,98006,6,1,0,0,3,0,71,146,0,0,0,0,0,0,0,0,0,0,38,0,0,0,1,1,30,1,1,2,1,2,3,10,80,99,1,1,13,0,0
53,530395,1,1,2,1,12,8,30,5,0,1,0,53,3,7,481,7481,31,1974,W24BF4S03832,W,2,4,B,F,4,S,0,3,8,3,2,0,0,0,000000000,00000000000,0,0,0,1,0,0,0,0,0,0,0,998,0,0,0,0,8,2,5,0,0,0,1,53,98848,6,1,0,0,3,3,72,160,0,0,0,0,0,0,0,0,0,0,87,0,0,0,1,2,98,1,5,2,4,0,0,1,5,99,3,4,0,1,0
53,530397,1,1,1,3,12,5,42,42,0,1,0,53,1,59,35,59035,4,2014,JTHCE1D20E50,J,T,H,C,E,1,D,2,0,E,5,0,0,0,0,000000000,00000000000,0,0,0,1,0,0,0,0,0,0,0,998,0,0,0,99,8,5,42,0,0,0,1,53,98042,6,1,0,0,3,0,69,150,1,0,0,1,2,12,2011,9,2014,3,0,0,0,0,1,4,35,3,2,2,1,0,0,6,11,99,9,4,2,1,1
53,530398,1,3,2,4,12,18,19,12,1,1,0,53,1,2,405,2405,14,2005,1J8GL58K05W5,1,J,8,G,L,5,8,K,0,5,W,5,0,0,0,000000000,00000000000,0,0,0,1,0,0,0,0,0,0,0,998,0,0,0,12,8,2,12,0,0,0,1,53,98248,6,1,0,0,3,0,71,230,0,0,0,0,0,0,0,0,0,0,0,0,0,0,1,2,50,1,1,2,2,0,0,1,51,99,1,1,24,0,0
53,530398,2,3,5,4,12,18,19,12,1,1,0,53,1,37,402,37402,14,2010,5J6RE3H56AL0,5,J,6,R,E,3,H,5,6,A,L,0,0,0,0,000000000,00000000000,0,0,0,1,0,0,0,0,0,0,0,998,0,0,0,6,6,2,12,0,0,0,1,53,98264,6,1,0,0,3,0,74,290,0,0,0,0,0,0,0,0,0,0,0,0,0,0,1,2,50,1,1,2,2,0,0,1,53,99,1,1,25,1,0
53,530398,3,3,3,4,12,18,19,12,1,1,0,53,3,20,421,20421,15,2004,1GNEK13Z84J2,1,G,N,E,K,1,3,Z,8,4,J,2,0,0,0,000000000,00000000000,0,0,0,1,0,0,0,0,0,0,0,998,0,0,0,6,8,5,12,0,0,0,1,53,98248,6,1,6,0,3,0,73,235,0,0,0,0,0,0,0,0,0,0,0,0,0,0,1,2,50,1,1,2,2,0,0,11,53,99,1,1,98,0,0
53,530399,1,3,1,4,12,21,48,8,0,1,0,53,1,42,421,42421,15,2007,4JGBF71E17A2,4,J,G,B,F,7,1,E,1,7,A,2,0,0,0,000000000,00000000000,0,0,0,1,0,0,0,0,0,0,0,998,0,0,0,12,8,5,8,0,0,0,1,53,98208,6,1,0,0,3,0,67,170,0,0,0,0,0,0,0,0,0,0,0,0,0,0,5,4,45,1,1,2,2,0,0,1,80,99,1,1,13,0,0
53,530399,2,3,2,4,12,21,48,8,0,1,0,53,2,48,34,48034,6,2002,4S3BH8068276,4,S,3,B,H,8,0,6,8,2,7,6,0,0,0,000000000,00000000000,0,0,0,1,0,0,0,0,0,0,0,998,0,0,0,12,8,5,8,0,0,0,1,53,98012,6,1,0,0,3,0,71,192,0,0,0,0,0,0,0,0,0,0,0,0,0,0,5,4,45,1,1,2,2,0,0,1,80,99,1,1,98,0,0
53,530399,3,3,1,4,12,21,48,8,0,1,0,53,2,20,2,20002,4,2004,1G1ND52F94M6,1,G,1,N,D,5,2,F,9,4,M,6,0,0,0,000000000,00000000000,0,0,0,1,0,0,0,0,0,0,0,998,0,0,0,12,8,5,8,0,0,0,1,53,98012,6,1,0,0,3,0,75,250,0,0,0,0,0,0,0,0,0,0,0,0,0,0,5,4,45,1,1,2,2,0,0,1,80,99,1,1,98,0,0
53,530400,1,2,4,4,12,9,13,12,6,1,0,53,2,63,401,63401,14,2006,KNDJE7236672,K,N,D,J,E,7,2,3,6,6,7,2,0,0,0,000000000,00000000000,0,0,0,1,0,0,0,0,0,0,0,998,0,0,0,12,8,2,12,0,0,0,1,53,98857,6,1,0,0,3,3,62,160,2,0,0,0,0,4,2013,6,2013,0,0,0,0,0,1,2,55,1,3,2,4,0,0,1,66,99,1,1,79,1,0
53,530400,2,2,1,4,12,9,13,12,6,1,0,53,3,82,884,82884,63,1986,1FUYYCYB3GP2,1,F,U,Y,Y,C,Y,B,3,G,P,2,0,0,57,2499900,572499900,3,2,99,1,0,0,0,0,0,0,0,998,0,0,0,11,8,2,12,0,0,0,1,53,99336,6,1,6,1,3,0,66,188,1,0,0,1,1,4,2013,11,2014,0,38,87,0,0,1,2,50,1,3,2,4,20,3,10,16,99,2,1,78,0,0
53,530401,1,2,1,4,12,11,12,12,2,1,0,53,1,35,401,35401,14,1995,JN8HD17Y3SW0,J,N,8,H,D,1,7,Y,3,S,W,0,0,0,0,000000000,00000000000,0,0,0,1,0,0,0,0,0,0,0,998,0,0,0,12,6,2,12,0,0,0,1,53,99181,6,1,0,0,3,3,68,150,0,0,0,3,2,8,2012,7,2014,0,28,87,0,0,1,2,60,1,2,2,4,0,0,1,10,99,4,2,50,1,0