STATE,ST_CASE,VEH_NO,VE_FORMS,NUMOCCS,DAY,MONTH,HOUR,MINUTE,HARM_EV,MAN_COLL,UNITTYPE,HIT_RUN,REG_STAT,OWNER,MAKE,MODEL,MAK_MOD,BODY_TYP,MOD_YEAR,VIN,VIN_1,VIN_2,VIN_3,VIN_4,VIN_5,VIN_6,VIN_7,VIN_8,VIN_9,VIN_10,VIN_11,VIN_12,TOW_VEH,J_KNIFE,MCARR_I1,MCARR_I2,MCARR_ID,GVWR,V_CONFIG,CARGO_BT,HAZ_INV,HAZ_PLAC,HAZ_ID,HAZ_CNO,HAZ_REL,BUS_USE,SPEC_USE,EMER_USE,TRAV_SP,UNDERIDE,ROLLOVER,ROLINLOC,IMPACT1,DEFORMED,TOWED,M_HARM,VEH_SC1,VEH_SC2,FIRE_EXP,DR_PRES,L_STATE,DR_ZIP,L_STATUS,L_TYPE,CDL_STAT,L_ENDORS,L_COMPL,L_RESTRI,DR_HGT,DR_WGT,PREV_ACC,PREV_SUS,PREV_DWI,PREV_SPD,PREV_OTH,FIRST_MO,FIRST_YR,LAST_MO,LAST_YR,SPEEDREL,DR_SF1,DR_SF2,DR_SF3,DR_SF4,VTRAFWAY,VNUM_LAN,VSPD_LIM,VALIGN,VPROFILE,VPAVETYP,VSURCOND,VTRAFCON,VTCONT_F,P_CRASH1,P_CRASH2,P_CRASH3,PCRASH4,PCRASH5,ACC_TYPE,DEATHS,DR_DRINK
54,540075,1,1,1,24,5,1,10,38,0,1,0,54,1,20,481,20481,31,1997,1GCGK29R8VE1,1,G,C,G,K,2,9,R,8,V,E,1,0,0,0,000000000,00000000000,0,0,0,1,0,0,0,0,0,0,0,998,0,1,6,12,6,2,42,0,0,0,1,54,24945,6,1,0,0,3,0,65,125,0,1,0,0,1,4,2012,1,2013,0,36,0,0,0,1,2,45,3,1,2,1,0,0,14,13,1,1,4,1,1,1
54,540076,1,2,2,25,5,14,57,12,1,1,0,0,0,76,734,76734,90,2008,5Y4AJ32Y08A0,5,Y,4,A,J,3,2,Y,0,8,A,0,0,0,0,000000000,00000000000,0,0,0,1,0,0,0,0,0,0,0,998,0,1,1,6,6,2,1,0,0,0,1,54,25059,6,1,0,0,1,0,69,155,0,0,0,0,0,0,0,0,0,0,0,0,0,0,1,2,30,1,6,5,11,0,0,1,53,1,1,1,25,1,1
54,540076,2,2,2,25,5,14,57,12,1,1,1,0,0,97,997,97997,98,9998,888888888888,8,8,8,8,8,8,8,8,8,8,8,8,0,0,0,000000000,00000000000,0,0,0,1,0,0,0,0,0,0,0,998,0,1,1,12,4,5,1,0,0,0,1,54,25526,6,1,0,0,1,0,72,180,0,0,0,0,0,0,0,0,0,0,26,0,0,0,1,2,30,1,6,5,11,0,0,1,51,6,1,1,24,0,0
54,540077,1,2,1,26,5,12,25,12,6,1,0,54,2,63,402,63402,14,2014,5XYKTDA6XEG5,5,X,Y,K,T,D,A,6,X,E,G,5,0,0,0,000000000,00000000000,0,0,0,1,0,0,0,0,0,0,0,998,0,0,0,11,6,2,12,0,0,0,1,54,26448,6,1,0,0,3,0,68,110,0,0,0,1,3,7,2011,4,2013,0,28,0,0,0,1,2,35,1,1,2,1,0,0,1,10,1,1,2,64,0,0
54,540077,2,2,1,26,5,12,25,12,6,1,0,54,1,76,706,76706,80,2003,JYAVP11E03A0,J,Y,A,V,P,1,1,E,0,3,A,0,0,0,0,000000000,00000000000,0,0,0,1,0,0,0,0,0,0,0,998,0,0,0,11,6,2,12,0,0,0,1,54,26330,6,1,0,0,3,0,69,175,0,0,0,0,0,0,0,0,0,0,0,0,0,0,1,2,35,1,1,2,1,0,0,1,62,1,1,1,65,1,0
54,540078,1,1,2,25,5,18,18,1,0,1,0,54,2,35,471,35471,30,1997,1N6SD16Y7VC3,1,N,6,S,D,1,6,Y,7,V,C,3,0,0,0,000000000,00000000000,0,0,0,1,0,0,0,0,0,0,0,998,0,1,5,0,6,2,1,0,0,0,1,99,99999,9,9,99,9,9,9,999,999,99,99,99,99,99,99,9999,99,9999,0,0,0,0,0,1,2,55,3,1,2,1,0,0,14,13,6,1,4,1,1,0
54,540079,1,2,1,30,5,15,30,12,2,1,0,54,3,20,481,20481,31,2008,1GCHK34K18E1,1,G,C,H,K,3,4,K,1,8,E,1,0,0,0,000000000,00000000000,0,0,0,1,0,0,0,0,0,0,0,998,0,0,0,12,6,2,2,0,0,1,1,54,25670,6,1,0,0,3,0,58,175,0,0,0,0,0,0,0,0,0,0,0,0,0,0,1,2,55,1,5,1,1,0,0,1,62,7,1,1,51,0,0
54,540079,2,2,1,30,5,15,30,12,2,1,0,54,1,20,482,20482,31,2002,3GNEK13T62G3,3,G,N,E,K,1,3,T,6,2,G,3,0,0,0,000000000,00000000000,0,0,0,1,0,0,0,0,0,0,0,998,0,0,0,12,6,2,12,0,0,0,1,54,25651,6,1,0,0,3,0,67,145,0,0,0,0,0,0,0,0,0,0,28,58,0,0,1,2,55,1,6,1,1,0,0,1,10,7,1,2,50,1,0
54,540080,1,2,1,7,6,11,25,12,6,1,0,54,1,73,706,73706,80,2002,JKBVNAP162A0,J,K,B,V,N,A,P,1,6,2,A,0,0,0,0,000000000,00000000000,0,0,0,1,0,0,0,0,0,0,0,998,0,0,0,12,6,2,12,0,0,0,1,54,26456,6,1,0,0,3,0,67,279,0,0,0,0,0,0,0,0,0,0,0,0,0,0,2,2,65,1,3,2,1,0,0,1,66,3,1,1,83,1,0
54,540080,2,2,1,7,6,11,25,12,6,1,0,54,1,12,481,12481,31,1999,1FTSF31F7XEA,1,F,T,S,F,3,1,F,7,X,E,A,0,0,0,000000000,00000000000,0,0,0,1,0,0,0,0,0,0,0,998,0,0,0,7,2,5,12,0,0,0,1,54,26362,6,1,0,0,3,0,69,193,0,1,0,0,0,6,2011,6,2011,0,38,0,0,0,1,2,55,1,3,2,1,20,3,11,15,1,1,2,82,0,0
54,540081,1,1,1,8,6,2,47,42,0,1,0,54,1,12,13,12013,6,1997,3FALP15P6VR1,3,F,A,L,P,1,5,P,6,V,R,1,0,0,0,000000000,00000000000,0,0,0,1,0,0,0,0,0,0,0,998,0,0,0,12,6,2,30,0,0,0,1,54,26292,6,1,0,0,3,0,73,280,1,0,0,2,2,2,2013,11,2013,0,0,0,0,0,1,2,55,1,1,2,1,0,0,1,12,9,1,4,6,1,1
54,540082,1,2,1,8,6,11,31,12,6,1,0,54,1,72,706,72706,80,2003,1HD1BMY453Y0,1,H,D,1,B,M,Y,4,5,3,Y,0,0,0,0,000000000,00000000000,0,0,0,1,0,0,0,0,0,0,0,998,0,0,0,11,6,2,12,0,0,0,1,54,25550,6,1,0,0,3,0,72,200,0,0,0,0,0,0,0,0,0,0,0,0,0,0,1,2,55,1,1,2,1,0,0,1,62,9,1,1,65,1,0
54,540082,2,2,4,8,6,11,31,12,6,1,0,39,1,41,35,41035,4,2003,JM1BJ246X311,J,M,1,B,J,2,4,6,X,3,1,1,0,0,0,000000000,00000000000,0,0,0,1,0,0,0,0,0,0,0,998,7,0,0,12,6,2,12,0,0,0,1,39,45831,6,1,0,0,3,0,66,195,2,0,0,2,1,7,2013,12,2013,0,33,28,0,0,1,2,55,1,1,2,1,0,0,6,10,9,1,2,64,0,0
54,540083,1,1,2,10,6,16,52,42,0,1,0,54,1,12,481,12481,31,2000,1FTRX18L0YNB,1,F,T,R,X,1,8,L,0,Y,N,B,0,0,0,000000000,00000000000,0,0,0,1,0,0,0,0,0,0,0,998,0,1,5,12,6,2,42,0,0,0,1,54,26801,6,1,0,0,3,1,64,100,1,0,0,0,0,11,2011,11,2011,4,0,0,0,0,1,2,55,3,1,2,2,0,0,14,6,9,1,4,1,1,0
54,540084,1,1,1,12,6,20,5,30,0,1,0,54,2,49,40,49040,4,2012,4T1BF1FKXCU5,4,T,1,B,F,1,F,K,X,C,U,5,0,0,0,000000000,00000000000,0,0,0,1,0,0,0,0,0,0,0,998,0,0,0,98,6,2,42,0,0,0,1,54,25678,2,1,1,0,2,0,72,150,0,1,0,0,0,1,2014,1,2014,0,28,36,0,0,2,2,35,2,1,2,2,0,0,14,12,1,1,4,6,1,1
54,540085,1,1,1,12,6,16,24,24,0,1,0,54,1,12,401,12401,14,1997,1FMDU34E3VUC,1,F,M,D,U,3,4,E,3,V,U,C,0,0,0,000000000,00000000000,0,0,0,1,0,0,0,0,0,0,0,998,0,1,5,12,6,2,1,0,0,0,1,54,25011,6,1,0,0,3,0,61,105,0,0,0,0,0,0,0,0,0,0,58,0,0,0,3,3,70,1,6,2,1,0,0,1,13,8,1,4,1,1,0
54,540086,1,1,1,13,6,13,7,1,0,1,0,54,1,55,401,55401,14,2003,KM8SB12BX3U3,K,M,8,S,B,1,2,B,X,3,U,3,0,0,0,000000000,00000000000,0,0,0,1,0,0,0,0,0,0,0,998,0,2,5,0,6,2,42,0,0,0,1,54,26047,6,1,0,0,3,1,68,180,0,0,0,0,0,0,0,0,0,0,58,0,0,0,1,2,55,1,1,2,2,0,0,1,12,7,1,4,6,1,0
54,540087,1,1,1,15,6,0,30,1,0,1,0,54,1,72,706,72706,80,2008,1HD1FC4488Y6,1,H,D,1,F,C,4,4,8,8,Y,6,0,0,0,000000000,00000000000,0,0,0,1,0,0,0,0,0,0,0,998,0,0,0,0,2,3,1,0,0,0,1,54,25033,6,1,0,0,3,0,70,200,0,0,0,0,0,0,0,0,0,0,82,0,0,0,1,2,55,3,5,2,1,0,0,14,5,1,1,4,1,1,0
54,540088,1,1,1,22,6,22,15,35,0,1,0,0,0,37,734,37734,90,2012,1HFTE380XC40,1,H,F,T,E,3,8,0,X,C,4,0,0,0,0,000000000,00000000000,0,0,0,1,0,0,0,0,0,0,0,16,0,1,5,98,4,3,1,0,0,0,1,54,25612,0,0,0,0,0,0,999,999,99,99,99,99,99,99,9999,99,9999,0,0,0,0,0,1,2,55,1,1,2,1,0,0,1,13,1,1,4,1,1,0
54,540089,1,2,1,18,6,18,0,12,6,1,0,0,0,37,733,37733,90,1982,JH3TB0518CC2,J,H,3,T,B,0,5,1,8,C,C,2,0,0,0,000000000,00000000000,0,0,0,1,0,0,0,0,0,0,0,998,0,0,0,7,4,5,12,0,0,0,1,54,25123,6,1,0,0,1,0,66,175,0,0,0,0,0,0,0,0,0,0,48,0,0,0,1,2,40,1,1,2,1,0,0,11,15,1,1,2,72,1,1
54,540089,2,2,1,18,6,18,0,12,6,1,0,54,3,20,481,20481,31,2008,1GCEK14X18Z1,1,G,C,E,K,1,4,X,1,8,Z,1,0,0,0,000000000,00000000000,0,0,0,1,0,0,0,0,0,0,0,998,0,0,0,1,2,5,12,0,0,0,1,54,25060,6,1,0,0,3,1,68,185,0,0,0,0,0,0,0,0,0,0,33,0,0,0,1,2,40,1,1,2,1,0,0,6,10,1,1,2,73,0,0
54,540090,1,2,2,21,6,18,0,12,8,1,0,0,0,53,734,53734,90,2007,5SAAM44A6771,5,S,A,A,M,4,4,A,6,7,7,1,0,0,0,000000000,00000000000,0,0,0,1,0,0,0,0,0,0,0,998,0,1,1,61,6,2,12,0,0,0,1,54,25508,2,1,1,0,2,0,76,185,2,4,0,0,5,6,2013,6,2014,0,0,0,0,0,1,2,25,2,1,2,1,0,0,14,62,1,1,1,65,1,1
54,540090,2,2,1,21,6,18,0,12,8,1,0,54,1,20,421,20421,15,2015,1GNSKCKC2FR1,1,G,N,S,K,C,K,C,2,F,R,1,0,0,0,000000000,00000000000,0,0,0,1,0,0,0,0,0,0,0,998,0,0,0,61,6,2,12,0,0,0,1,54,24845,6,1,0,0,3,0,75,215,0,0,0,2,0,8,2013,4,2014,0,0,0,0,0,1,2,25,2,1,2,1,0,0,14,10,1,1,2,64,0,0
54,540091,1,1,1,22,6,6,11,42,0,1,0,42,1,37,39,37039,5,2007,JHMGD38617S0,J,H,M,G,D,3,8,6,1,7,S,0,0,0,0,000000000,00000000000,0,0,0,1,0,0,0,0,0,0,0,998,0,1,6,12,6,2,42,0,0,0,1,42,17201,6,1,0,0,3,0,62,999,0,0,0,0,0,0,0,0,0,0,0,0,0,0,1,2,55,2,1,2,1,0,0,14,13,1,1,4,1,1,1
54,540092,1,1,1,24,6,8,56,42,0,1,0,54,1,49,472,49472,30,2009,5TEPX42N09Z6,5,T,E,P,X,4,2,N,0,9,Z,6,0,0,0,000000000,00000000000,0,0,0,1,0,0,0,0,0,0,0,998,0,0,0,12,6,2,42,0,0,0,1,54,26253,6,1,0,0,3,0,69,165,0,0,0,0,0,0,0,0,0,0,0,0,0,0,1,2,55,3,1,2,1,0,0,14,13,1,1,4,1,1,0
54,540093,1,1,1,28,6,9,0,42,0,1,0,54,1,20,471,20471,30,2000,1GCDT19W6Y81,1,G,C,D,T,1,9,W,6,Y,8,1,0,0,0,000000000,00000000000,0,0,0,1,0,0,0,0,0,0,0,998,0,0,0,12,6,2,42,0,0,0,1,54,24915,6,1,0,0,3,0,72,160,0,0,0,0,0,0,0,0,0,0,0,0,0,0,1,2,55,2,5,2,1,0,0,14,13,1,1,4,6,1,0
54,540094,1,2,2,27,6,7,46,12,2,1,0,54,1,18,2,18002,4,1988,1G4HP54L1JH5,1,G,4,H,P,5,4,L,1,J,H,5,0,0,0,000000000,00000000000,0,0,0,1,0,0,0,0,0,0,0,998,0,0,0,12,6,2,12,0,0,0,1,54,24701,6,1,0,0,3,1,61,330,0,0,0,0,1,6,2014,6,2014,0,28,0,0,0,1,2,35,2,1,2,1,0,0,14,10,3,1,2,50,2,0
54,540094,2,2,1,27,6,7,46,12,2,1,0,21,3,7,881,7881,61,2007,3D6WH48A37G7,3,D,6,W,H,4,8,A,3,7,G,7,0,0,77,777777777,77777777777,2,1,96,1,0,0,0,0,0,0,0,998,0,0,0,12,4,5,12,0,0,0,1,54,25676,6,1,0,0,3,0,66,157,0,0,0,0,0,0,0,0,0,0,0,0,0,0,1,2,35,1,1,2,1,0,0,1,62,1,1,1,51,0,0
54,540095,1,4,2,28,6,17,23,54,11,1,0,18,3,87,881,87881,66,2007,1XP5DB9X07N8,1,X,P,5,D,B,9,X,0,7,N,8,1,1,57,192897,57192897,3,6,3,1,0,0,0,0,0,0,0,998,0,0,0,18,0,5,54,0,0,0,1,39,44667,6,1,6,0,3,1,68,240,0,0,0,1,1,4,2013,4,2014,0,21,0,0,0,6,2,65,1,1,2,1,0,0,1,98,1,1,1,98,0,0
54,540095,2,4,2,28,6,17,23,54,11,1,0,39,1,72,706,72706,80,2014,1HD1FBM10EB6,1,H,D,1,F,B,M,1,0,E,B,6,0,0,0,000000000,00000000000,0,0,0,1,0,0,0,0,0,0,0,998,0,0,0,10,6,2,54,0,0,0,1,39,45680,6,1,6,1,3,0,68,160,1,0,0,1,1,3,2013,12,2013,0,0,0,0,0,6,2,65,3,1,2,1,0,0,14,90,1,1,1,98,1,0
54,540095,3,4,1,28,6,17,23,54,11,1,0,21,1,20,37,20037,4,2012,1G1ZG5E7XCF3,1,G,1,Z,G,5,E,7,X,C,F,3,0,0,0,000000000,00000000000,0,0,0,1,0,0,0,0,0,0,0,998,0,0,0,12,2,5,54,0,0,0,1,21,40360,6,1,0,0,3,0,72,155,0,0,0,0,0,0,0,0,0,0,0,0,0,0,3,2,65,1,1,2,1,0,0,1,98,1,1,1,98,0,0
54,540095,4,4,1,28,6,17,23,54,11,1,0,54,1,22,401,22401,14,2003,3G7DB03E63S5,3,G,7,D,B,0,3,E,6,3,S,5,0,0,0,000000000,00000000000,0,0,0,1,0,0,0,0,0,0,0,998,0,0,0,1,4,5,54,0,0,0,1,54,25701,6,1,0,0,3,0,69,163,0,0,0,0,0,0,0,0,0,0,0,0,0,0,3,2,65,1,1,2,1,0,0,1,98,1,1,1,98,0,0
54,540096,1,4,2,30,6,12,35,12,1,1,0,54,1,7,25,7025,5,2008,1B3HB28B58D7,1,B,3,H,B,2,8,B,5,8,D,7,0,0,0,000000000,00000000000,0,0,0,1,0,0,0,0,0,0,0,0,0,0,0,6,2,5,12,0,0,0,1,54,26847,6,1,0,0,3,1,61,124,0,0,0,0,0,0,0,0,0,0,0,0,0,0,1,2,55,1,6,2,1,50,3,5,53,1,1,1,98,0,0
54,540096,2,4,1,30,6,12,35,12,1,1,0,51,1,76,705,76705,80,2011,JYAVM01E0BA1,J,Y,A,V,M,0,1,E,0,B,A,1,0,0,0,000000000,00000000000,0,0,0,1,0,0,0,0,0,0,0,998,0,0,0,6,6,2,12,0,0,0,1,51,22654,6,1,0,0,3,0,71,170,0,0,0,0,0,0,0,0,0,0,0,0,0,0,1,2,55,1,6,2,1,50,3,2,53,1,1,1,25,0,0
54,540096,3,4,1,30,6,12,35,12,1,1,0,51,1,73,705,73705,80,2013,JKAEXEE11DDA,J,K,A,E,X,E,E,1,1,D,D,A,0,0,0,000000000,00000000000,0,0,0,1,0,0,0,0,0,0,0,0,0,0,0,6,6,2,12,0,0,0,1,51,22842,6,1,0,0,3,0,72,275,0,0,0,0,0,0,0,0,0,0,0,0,0,0,1,2,55,1,6,2,1,50,3,5,53,1,1,1,98,1,0
54,540096,4,4,1,30,6,12,35,12,1,1,0,54,3,23,472,23472,30,2007,1GTDT19EX782,1,G,T,D,T,1,9,E,X,7,8,2,0,0,0,000000000,00000000000,0,0,0,1,0,0,0,0,0,0,0,998,0,0,0,12,6,2,12,0,0,0,1,54,25312,6,1,0,0,3,0,72,180,0,0,0,0,0,0,0,0,0,0,39,36,6,0,1,2,55,1,3,2,1,50,3,1,52,3,1,1,24,0,0
54,540097,1,2,1,30,5,15,0,12,6,1,0,54,3,49,402,49402,14,2013,2T3DFREV7DW0,2,T,3,D,F,R,E,V,7,D,W,0,0,0,0,000000000,00000000000,0,0,0,1,0,0,0,0,0,0,0,998,0,0,0,11,6,2,12,0,0,0,1,54,26330,6,1,0,0,3,0,63,130,0,0,0,0,0,0,0,0,0,0,38,0,0,0,0,0,0,0,0,0,0,20,3,11,15,1,1,2,82,0,0
54,540097,2,2,1,30,5,15,0,12,6,1,0,54,2,72,706,72706,80,2001,1HD1FLW111Y6,1,H,D,1,F,L,W,1,1,1,Y,6,0,0,0,000000000,00000000000,0,0,0,1,0,0,0,0,0,0,0,998,0,0,0,12,6,2,12,0,0,0,1,54,26416,6,1,0,0,3,1,71,190,0,0,0,0,0,0,0,0,0,0,0,0,0,0,1,4,45,1,6,2,1,0,0,1,67,3,1,1,83,1,0
54,540098,1,2,2,23,6,12,5,12,7,1,0,54,2,48,38,48038,4,2007,JF1GG63607H8,J,F,1,G,G,6,3,6,0,7,H,8,0,0,0,000000000,00000000000,0,0,0,1,0,0,0,0,0,0,0,998,0,0,0,2,6,2,24,0,0,0,1,54,26332,6,1,0,0,3,1,63,135,0,0,0,0,0,0,0,0,0,0,28,0,0,0,3,3,70,1,1,2,1,0,0,15,11,1,1,2,46,1,0
54,540098,2,2,3,23,6,12,5,12,7,1,0,54,1,12,401,12401,14,2008,1FMEU73EX8UA,1,F,M,E,U,7,3,E,X,8,U,A,0,0,0,000000000,00000000000,0,0,0,1,0,0,0,0,0,0,0,998,0,0,0,11,2,5,12,0,0,0,1,54,25634,6,1,0,0,3,0,67,160,0,0,0,0,0,0,0,0,0,0,0,0,0,0,3,3,70,1,1,2,1,0,0,1,60,1,1,1,45,0,0
54,540099,1,1,3,3,7,10,20,5,0,1,0,54,2,20,471,20471,30,2002,1GCCT19W2281,1,G,C,C,T,1,9,W,2,2,8,1,0,0,0,000000000,00000000000,0,0,0,1,0,0,0,0,0,0,0,998,0,0,0,0,0,5,5,0,0,0,1,54,26101,6,1,0,0,3,0,64,130,0,0,0,0,0,0,0,0,0,0,21,0,0,0,1,2,45,1,1,2,1,0,0,10,98,1,1,2,0,1,0
54,540100,1,1,4,3,7,19,0,1,0,1,0,54,1,20,401,20401,14,2002,1GNDT13S8224,1,G,N,D,T,1,3,S,8,2,2,4,0,0,0,000000000,00000000000,0,0,0,1,0,0,0,0,0,0,0,998,0,1,5,0,6,2,1,0,0,0,1,54,25844,6,1,0,0,3,0,67,207,0,0,0,0,0,0,0,0,0,0,0,0,0,0,1,2,55,1,1,2,1,0,0,1,13,7,1,4,1,1,0
54,540101,1,1,1,3,7,13,51,19,0,1,0,54,1,53,705,53705,80,2008,JS1GN7EAX821,J,S,1,G,N,7,E,A,X,8,2,1,0,0,0,000000000,00000000000,0,0,0,1,0,0,0,0,0,0,0,998,0,0,0,98,6,2,19,0,0,0,1,54,26416,6,1,0,0,3,0,72,165,0,0,0,1,0,9,2013,9,2013,0,6,0,0,0,1,2,55,1,1,2,1,0,0,1,13,3,1,4,1,1,0
54,540102,1,1,2,4,7,18,53,42,0,1,0,54,1,98,709,98709,80,2013,X8JMH0371DU2,X,8,J,M,H,0,3,7,1,D,U,2,0,0,0,000000000,00000000000,0,0,0,1,0,0,0,0,0,0,0,998,0,0,0,12,6,2,42,0,0,0,1,54,26763,6,1,0,0,3,0,70,205,0,0,0,1,1,5,2013,2,2014,4,58,0,0,0,1,2,35,2,6,4,11,0,0,14,6,7,1,4,1,1,1
54,540103,1,1,1,4,7,16,8,35,0,1,0,54,1,20,8,20008,2,1972,1X27H2W17739,1,X,2,7,H,2,W,1,7,7,3,9,0,0,0,000000000,00000000000,0,0,0,1,0,0,0,0,0,0,0,998,0,1,5,11,6,2,1,0,0,0,1,54,25526,6,1,0,0,3,0,69,160,0,0,0,0,0,0,0,0,0,4,36,0,0,0,1,2,55,3,1,2,1,0,0,14,6,9,2,4,7,1,1
54,540104,1,1,2,12,7,4,46,35,0,1,0,54,1,12,481,12481,31,1999,2FTZF0823XCA,2,F,T,Z,F,0,8,2,3,X,C,A,0,0,0,000000000,00000000000,0,0,0,1,0,0,0,0,0,0,0,998,0,1,5,12,6,2,1,0,0,0,1,54,25704,6,1,0,0,3,0,67,130,0,0,0,0,2,7,2012,7,2012,0,8,36,6,0,1,2,35,2,1,2,1,0,0,14,6,3,1,4,6,1,1
54,540105,1,2,2,12,7,13,58,12,6,1,0,42,1,14,17,14017,4,2002,1MEFM50U12A6,1,M,E,F,M,5,0,U,1,2,A,6,0,0,0,000000000,00000000000,0,0,0,1,0,0,0,0,0,0,0,998,0,0,0,3,6,2,12,0,0,0,1,42,17202,6,1,0,0,3,1,69,999,0,0,0,0,0,0,0,0,0,4,28,0,0,0,2,2,70,2,1,2,2,0,0,14,6,1,1,2,64,1,0
54,540105,2,2,1,12,7,13,58,12,6,1,0,36,1,53,40,53040,5,2008,JS2YB4138851,J,S,2,Y,B,4,1,3,8,8,5,1,0,0,0,000000000,00000000000,0,0,0,1,0,0,0,0,0,0,0,998,0,0,0,12,6,2,12,0,0,0,1,36,13316,6,1,0,0,3,1,66,999,0,1,1,0,0,2,2012,4,2012,0,0,0,0,0,2,2,70,3,1,2,2,0,0,14,62,1,1,1,65,0,0
54,540106,1,1,1,6,6,0,52,35,0,1,0,54,1,2,404,2404,14,1990,1J4FJ58L3LL1,1,J,4,F,J,5,8,L,3,L,L,1,0,0,0,000000000,00000000000,0,0,0,1,0,0,0,0,0,0,0,998,0,0,0,98,6,2,35,0,0,0,1,54,25671,6,1,0,0,3,0,71,190,0,0,0,0,0,0,0,0,0,0,0,0,0,0,1,2,25,1,1,2,1,0,0,1,13,1,1,4,1,1,0
54,540107,1,1,1,12,7,17,40,24,0,1,0,54,1,72,706,72706,80,2006,1HD1GN1156K3,1,H,D,1,G,N,1,1,5,6,K,3,0,0,0,000000000,00000000000,0,0,0,1,0,0,0,0,0,0,0,998,0,0,0,3,6,2,24,0,0,0,1,54,25504,6,1,0,0,3,1,69,220,0,0,0,0,0,0,0,0,0,0,0,0,0,0,2,2,55,3,5,2,1,0,0,14,11,1,1,4,1,1,1
54,540108,1,1,1,15,7,0,1,42,0,1,0,54,1,2,404,2404,14,1994,1J4FJ68S6RL1,1,J,4,F,J,6,8,S,6,R,L,1,0,0,0,000000000,00000000000,0,0,0,1,0,0,0,0,0,0,0,998,0,0,0,3,6,2,42,0,0,0,1,54,26836,6,1,0,0,3,0,72,150,0,0,0,0,0,0,0,0,0,0,0,0,0,0,1,2,25,1,1,2,1,0,0,1,11,7,1,4,1,1,0
54,540109,1,1,2,27,7,0,15,8,0,1,0,54,2,20,481,20481,31,2003,1GCGK29U23Z2,1,G,C,G,K,2,9,U,2,3,Z,2,0,0,0,000000000,00000000000,0,0,0,1,0,0,0,0,0,0,0,998,0,0,0,98,0,5,8,0,0,0,1,54,24951,6,1,0,0,3,0,71,185,0,0,0,0,0,0,0,0,0,0,0,0,0,0,1,2,55,1,1,2,1,0,0,1,80,1,1,1,13,0,1
54,540110,1,1,1,13,7,21,30,24,0,1,0,54,2,20,403,20403,14,2006,1GNDT13S5621,1,G,N,D,T,1,3,S,5,6,2,1,0,0,0,000000000,00000000000,0,0,0,1,0,0,0,0,0,0,0,998,0,1,5,98,6,2,35,0,0,0,1,54,26542,6,1,0,0,3,0,69,190,0,0,0,0,0,0,0,0,0,0,87,0,0,0,1,2,45,3,1,2,2,0,0,14,5,1,1,4,1,1,0
54,540111,1,2,1,13,7,6,0,12,2,1,0,40,3,12,481,12481,31,2012,1FT7W2B68CEA,1,F,T,7,W,2,B,6,8,C,E,A,0,0,0,000000000,00000000000,0,0,0,1,0,0,0,0,0,0,0,998,0,0,0,12,6,2,12,0,0,0,1,54,26241,6,1,6,0,3,1,74,205,0,0,0,0,0,0,0,0,0,0,0,0,0,0,1,2,45,3,1,2,1,0,0,14,62,7,1,1,51,0,0
54,540111,2,2,2,13,7,6,0,12,2,1,0,54,2,20,481,20481,31,1999,2GCEK19T9X11,2,G,C,E,K,1,9,T,9,X,1,1,0,0,0,000000000,00000000000,0,0,0,1,0,0,0,0,0,0,0,998,0,0,0,12,6,2,12,0,0,0,1,54,26452,6,1,6,0,3,0,67,160,0,0,0,0,0,0,0,0,0,0,36,33,0,0,1,2,45,2,1,2,1,0,0,14,10,9,1,2,50,1,1
54,540112,1,2,1,17,7,10,35,12,2,1,0,54,1,20,481,20481,31,2005,1GCEK19B25E1,1,G,C,E,K,1,9,B,2,5,E,1,0,0,0,000000000,00000000000,0,0,0,1,0,0,0,0,0,0,0,998,0,0,0,12,6,2,12,0,0,0,1,54,25524,6,1,0,0,3,0,69,130,0,0,0,0,0,0,0,0,0,0,0,0,0,0,1,2,55,3,1,2,1,0,0,14,62,1,1,1,51,0,0
54,540112,2,2,3,17,7,10,35,12,2,1,0,54,2,20,37,20037,4,2002,1G1ND52J42M5,1,G,1,N,D,5,2,J,4,2,M,5,0,0,0,000000000,00000000000,0,0,0,1,0,0,0,0,0,0,0,998,0,0,0,12,6,2,12,0,0,0,1,54,25547,1,1,0,0,2,0,69,130,0,2,0,0,1,5,2012,1,2013,0,28,0,0,0,1,2,55,2,1,2,1,0,0,14,10,1,1,2,50,3,1
54,540113,1,2,2,18,7,12,35,12,1,1,0,54,1,41,50,41050,4,2010,1YVHZ8CA8A5M,1,Y,V,H,Z,8,C,A,8,A,5,M,0,0,0,000000000,00000000000,0,0,0,1,0,0,0,0,0,0,0,998,0,0,0,12,6,2,12,0,0,0,1,54,26505,6,1,0,0,3,0,72,196,0,0,0,0,0,0,0,0,0,0,39,0,0,0,2,3,65,1,6,2,1,3,3,1,50,1,1,1,20,0,1
54,540113,2,2,2,18,7,12,35,12,1,1,0,54,2,19,21,19021,4,2008,1G6DA67V2801,1,G,6,D,A,6,7,V,2,8,0,1,0,0,0,000000000,00000000000,0,0,0,1,0,0,0,0,0,0,0,0,0,0,0,6,6,2,2,0,0,1,1,54,26250,6,1,0,0,3,1,63,210,0,0,0,0,0,0,0,0,0,0,0,0,0,0,2,3,65,1,6,2,1,3,3,5,53,1,1,1,21,1,0