STATE,ST_CASE,VEH_NO,VE_FORMS,NUMOCCS,DAY,MONTH,HOUR,MINUTE,HARM_EV,MAN_COLL,UNITTYPE,HIT_RUN,REG_STAT,OWNER,MAKE,MODEL,MAK_MOD,BODY_TYP,MOD_YEAR,VIN,VIN_1,VIN_2,VIN_3,VIN_4,VIN_5,VIN_6,VIN_7,VIN_8,VIN_9,VIN_10,VIN_11,VIN_12,TOW_VEH,J_KNIFE,MCARR_I1,MCARR_I2,MCARR_ID,GVWR,V_CONFIG,CARGO_BT,HAZ_INV,HAZ_PLAC,HAZ_ID,HAZ_CNO,HAZ_REL,BUS_USE,SPEC_USE,EMER_USE,TRAV_SP,UNDERIDE,ROLLOVER,ROLINLOC,IMPACT1,DEFORMED,TOWED,M_HARM,VEH_SC1,VEH_SC2,FIRE_EXP,DR_PRES,L_STATE,DR_ZIP,L_STATUS,L_TYPE,CDL_STAT,L_ENDORS,L_COMPL,L_RESTRI,DR_HGT,DR_WGT,PREV_ACC,PREV_SUS,PREV_DWI,PREV_SPD,PREV_OTH,FIRST_MO,FIRST_YR,LAST_MO,LAST_YR,SPEEDREL,DR_SF1,DR_SF2,DR_SF3,DR_SF4,VTRAFWAY,VNUM_LAN,VSPD_LIM,VALIGN,VPROFILE,VPAVETYP,VSURCOND,VTRAFCON,VTCONT_F,P_CRASH1,P_CRASH2,P_CRASH3,PCRASH4,PCRASH5,ACC_TYPE,DEATHS,DR_DRINK
54,540114,1,1,1,23,7,19,45,24,0,1,0,54,2,73,703,73703,80,2005,JKAEXMF155DA,J,K,A,E,X,M,F,1,5,5,D,A,0,0,0,000000000,00000000000,0,0,0,1,0,0,0,0,0,0,0,998,0,0,0,98,6,2,24,0,0,0,1,54,26623,6,1,0,0,3,1,71,170,0,0,0,1,0,3,2013,3,2013,0,0,0,0,0,1,2,55,1,1,2,1,0,0,1,13,1,1,4,1,1,0
54,540115,1,1,1,24,7,19,37,38,0,1,0,54,1,98,734,98734,90,2004,4XAGJ50A9422,4,X,A,G,J,5,0,A,9,4,2,2,0,0,0,000000000,00000000000,0,0,0,1,0,0,0,0,0,0,0,998,0,1,5,4,4,5,38,0,0,0,1,54,26425,6,1,0,0,3,0,69,165,0,0,0,0,1,7,2013,7,2013,4,58,36,0,0,1,2,45,3,1,2,1,0,0,14,6,6,1,4,1,1,0
54,540116,1,1,2,24,7,22,58,43,0,1,0,54,2,12,471,12471,30,1999,1FTZR15V7XTA,1,F,T,Z,R,1,5,V,7,X,T,A,0,0,0,000000000,00000000000,0,0,0,1,0,0,0,0,0,0,0,998,0,1,5,12,6,2,1,0,0,0,1,54,26505,2,1,0,0,2,0,999,999,0,3,0,0,0,2,2012,10,2012,0,0,0,0,0,1,2,30,2,6,2,1,0,0,14,13,1,1,4,1,1,1
54,540117,1,1,2,26,7,3,11,34,0,1,0,54,1,12,37,12037,2,2014,1FADP3F20EL2,1,F,A,D,P,3,F,2,0,E,L,2,0,0,0,000000000,00000000000,0,0,0,1,0,0,0,0,0,0,0,998,0,0,0,1,6,2,32,0,0,0,1,54,25053,6,1,0,0,3,1,71,170,0,0,0,0,0,0,0,0,0,3,36,0,0,0,1,2,40,3,1,2,1,0,0,14,6,1,1,4,1,2,1
54,540118,1,2,1,26,5,15,40,12,6,1,0,54,1,48,38,48038,4,2010,JF1GE6A6XAH5,J,F,1,G,E,6,A,6,X,A,H,5,0,0,0,000000000,00000000000,0,0,0,1,0,0,0,0,0,0,0,998,0,0,0,12,6,2,12,0,0,0,1,54,26452,6,1,0,0,3,1,71,180,0,0,0,0,0,0,0,0,0,0,0,0,0,0,1,2,55,3,3,2,1,0,0,14,67,1,1,1,83,1,0
54,540118,2,2,3,26,5,15,40,12,6,1,0,54,2,42,48,42048,4,1999,WDBJF70HXXA8,W,D,B,J,F,7,0,H,X,X,A,8,0,0,0,000000000,00000000000,0,0,0,1,0,0,0,0,0,0,0,998,0,0,0,11,6,2,12,0,0,0,1,54,26378,6,1,0,0,3,0,69,142,0,0,0,0,0,0,0,0,0,0,38,36,39,0,6,2,55,3,2,2,1,20,3,11,15,1,1,2,82,0,0
54,540119,1,1,1,10,7,14,0,1,0,1,0,54,2,20,2,20002,4,2003,2G1WF52E1393,2,G,1,W,F,5,2,E,1,3,9,3,0,0,0,000000000,00000000000,0,0,0,1,0,0,0,0,0,0,0,998,0,1,3,0,6,2,1,0,0,0,1,54,25043,6,1,0,0,3,0,67,170,5,0,0,0,0,7,2014,7,2014,3,58,8,0,0,3,3,70,1,1,2,1,0,0,1,12,1,1,4,6,1,1
54,540120,1,2,1,26,7,19,8,5,0,1,0,54,2,73,703,73703,80,2011,JKBLXPA14BDA,J,K,B,L,X,P,A,1,4,B,D,A,0,0,0,000000000,00000000000,0,0,0,1,0,0,0,0,0,0,0,998,0,0,0,0,2,5,54,0,0,0,1,54,25108,0,0,0,0,0,0,999,999,99,99,99,99,99,99,9999,99,9999,0,36,28,0,0,1,2,25,3,1,2,1,0,0,14,98,1,1,2,0,1,0
54,540120,2,2,2,26,7,19,8,5,0,1,0,54,1,53,706,53706,80,2001,JS1VS53A1121,J,S,1,V,S,5,3,A,1,1,2,1,0,0,0,000000000,00000000000,0,0,0,1,0,0,0,0,0,0,0,998,0,0,0,9,2,5,54,0,0,0,1,54,25108,1,1,0,0,2,0,69,270,0,2,0,1,0,7,2012,6,2014,0,0,0,0,0,1,2,25,2,1,2,1,0,0,14,98,7,1,1,98,0,0
54,540121,1,2,2,5,8,23,41,12,1,1,0,54,1,7,27,7027,6,2009,3D4GG57VX9T6,3,D,4,G,G,5,7,V,X,9,T,6,0,0,0,000000000,00000000000,0,0,0,1,0,0,0,0,0,0,0,998,0,0,0,6,6,2,12,0,0,0,1,54,25537,6,1,0,0,3,0,62,270,0,0,0,0,0,0,0,0,0,0,0,0,0,0,1,2,55,1,1,2,1,0,0,2,53,1,1,1,29,1,0
54,540121,2,2,1,5,8,23,41,12,1,1,0,54,1,2,404,2404,14,1996,1J4GZ58Y2TC2,1,J,4,G,Z,5,8,Y,2,T,C,2,0,0,0,000000000,00000000000,0,0,0,1,0,0,0,0,0,0,0,998,0,0,0,12,6,2,12,0,0,0,1,54,25520,6,1,0,0,3,0,72,180,0,0,0,0,0,0,0,0,0,0,0,0,0,0,1,2,55,1,1,2,1,0,0,1,52,2,1,1,28,0,0
54,540122,1,1,1,6,8,13,0,14,0,1,0,54,1,12,17,12017,4,1994,1FALP52U7RA2,1,F,A,L,P,5,2,U,7,R,A,2,0,0,0,000000000,00000000000,0,0,0,1,0,0,0,0,0,0,0,998,0,0,0,12,6,2,14,0,0,0,1,54,25311,6,1,0,0,3,1,63,165,0,0,0,0,0,0,0,0,0,0,0,0,0,0,4,1,25,1,1,2,1,0,0,1,11,1,1,4,1,1,0
54,540123,1,2,1,6,8,16,55,12,2,1,0,54,1,7,27,7027,6,2010,3D4PH5FV7AT1,3,D,4,P,H,5,F,V,7,A,T,1,0,0,0,000000000,00000000000,0,0,0,1,0,0,0,0,0,0,0,998,0,0,0,12,6,2,12,0,0,0,1,54,26351,6,1,0,0,3,0,66,138,1,2,1,0,1,3,2012,4,2013,0,28,0,0,0,1,2,55,2,1,2,1,0,0,14,10,1,1,2,50,1,0
54,540123,2,2,1,6,8,16,55,12,2,1,0,54,1,20,421,20421,15,2013,1GNSKCE00DR2,1,G,N,S,K,C,E,0,0,D,R,2,0,0,0,000000000,00000000000,0,0,0,1,0,0,0,0,0,0,0,998,0,0,0,12,6,2,12,0,0,0,1,54,26351,6,1,0,0,3,1,66,115,0,0,0,0,0,0,0,0,0,0,0,0,0,0,1,2,55,3,1,2,1,0,0,14,62,1,1,1,51,1,0
54,540124,1,1,2,8,8,13,22,24,0,1,0,54,1,72,706,72706,80,2012,1HD1GZM16CC3,1,H,D,1,G,Z,M,1,6,C,C,3,0,0,0,000000000,00000000000,0,0,0,1,0,0,0,0,0,0,0,998,0,0,0,1,4,3,24,0,0,0,1,54,26354,6,1,6,0,3,1,70,200,1,0,0,0,1,6,2013,2,2014,0,0,0,0,0,2,2,70,3,6,2,2,0,0,14,13,1,1,4,1,1,0
54,540125,1,1,1,12,8,15,30,24,0,1,0,54,1,22,2,22002,4,1997,1G2HX52K2VH2,1,G,2,H,X,5,2,K,2,V,H,2,0,0,0,000000000,00000000000,0,0,0,1,0,0,0,0,0,0,0,998,0,0,0,1,6,2,42,0,0,0,1,54,26757,6,1,0,0,3,1,63,179,0,0,0,0,0,0,0,0,0,4,87,0,0,0,1,2,55,3,5,2,2,0,0,14,6,1,1,4,1,1,0
54,540126,1,1,1,15,8,13,55,42,0,1,0,54,2,20,471,20471,30,1995,1GCCS14Z8SK1,1,G,C,C,S,1,4,Z,8,S,K,1,0,0,0,000000000,00000000000,0,0,0,1,0,0,0,0,0,0,0,998,0,0,0,12,6,2,42,0,0,0,1,54,26554,6,1,0,0,3,0,69,211,0,0,0,0,0,0,0,0,0,5,0,0,0,0,1,2,25,3,6,2,1,0,0,14,13,1,1,4,1,1,0
54,540127,1,1,1,17,8,17,7,53,0,1,0,54,1,12,24,12024,6,2009,2FMDK49C89BA,2,F,M,D,K,4,9,C,8,9,B,A,0,0,0,000000000,00000000000,0,0,0,1,0,0,0,0,0,0,0,998,0,0,0,11,6,2,42,0,0,0,1,54,25526,6,1,0,0,3,1,64,220,0,0,0,0,0,0,0,0,0,0,0,0,0,0,1,2,30,1,1,2,1,0,0,1,12,1,1,4,6,1,0
54,540128,1,1,2,17,8,16,49,53,0,1,0,39,2,12,3,12003,2,1995,1FALP4044SF1,1,F,A,L,P,4,0,4,4,S,F,1,0,0,0,000000000,00000000000,0,0,0,1,0,0,0,0,0,0,0,998,0,0,0,11,6,2,30,0,0,0,1,39,45773,1,1,0,0,2,0,71,165,0,2,0,0,1,8,2013,10,2013,3,36,0,0,0,1,2,45,3,3,2,1,0,0,14,13,6,1,4,1,2,1
54,540129,1,2,1,10,8,6,30,12,2,1,0,54,1,54,31,54031,3,1998,JH4DC4454WS0,J,H,4,D,C,4,4,5,4,W,S,0,0,0,0,000000000,00000000000,0,0,0,1,0,0,0,0,0,0,0,998,0,0,0,12,6,2,12,0,0,0,1,54,26833,6,1,0,0,3,0,68,150,2,0,1,0,2,9,2011,6,2014,0,28,36,0,0,1,2,55,1,5,2,1,0,0,1,10,1,1,2,50,1,1
54,540129,2,2,2,10,8,6,30,12,2,1,0,42,3,12,481,12481,31,2012,1FT7W2B61CEA,1,F,T,7,W,2,B,6,1,C,E,A,0,0,0,000000000,00000000000,0,0,0,1,0,0,0,0,0,0,0,998,0,0,0,12,6,2,12,0,0,0,1,54,26739,6,1,6,0,3,0,69,185,0,0,0,1,0,11,2012,11,2012,0,0,0,0,0,1,2,55,1,6,2,1,0,0,1,62,2,1,1,51,0,0
54,540130,1,2,1,14,8,14,28,12,2,1,0,54,2,7,482,7482,31,2001,3B7HF13ZX1M5,3,B,7,H,F,1,3,Z,X,1,M,5,0,0,0,000000000,00000000000,0,0,0,1,0,0,0,0,0,0,0,998,0,1,1,12,6,2,12,0,0,0,1,54,26764,6,1,0,0,2,1,66,175,0,0,0,0,0,0,0,0,0,4,28,36,0,0,1,2,25,3,1,2,1,0,0,14,6,3,1,2,50,0,1
54,540130,2,2,1,14,8,14,28,12,2,1,0,24,2,22,22,22022,4,2008,1G2ZG57B6842,1,G,2,Z,G,5,7,B,6,8,4,2,0,0,0,000000000,00000000000,0,0,0,1,0,0,0,0,0,0,0,998,0,0,0,12,6,2,12,0,0,0,1,54,26705,2,1,2,0,2,0,63,120,0,0,0,0,0,0,0,0,0,0,0,0,0,0,1,2,25,2,1,2,1,0,0,14,62,7,1,1,51,1,0
54,540131,1,2,2,17,8,1,15,12,6,1,0,54,1,20,481,20481,31,2014,3GCUKREC0EG2,3,G,C,U,K,R,E,C,0,E,G,2,0,0,0,000000000,00000000000,0,0,0,1,0,0,0,0,0,0,0,998,0,0,0,12,6,2,12,0,0,0,1,54,26501,6,1,0,0,3,0,69,220,0,0,0,0,0,0,0,0,0,0,0,0,0,0,1,2,45,1,1,2,1,0,0,1,62,2,1,1,65,0,0
54,540131,2,2,3,17,8,1,15,12,6,1,0,54,1,22,16,22016,2,2002,1G2JB1246274,1,G,2,J,B,1,2,4,6,2,7,4,0,0,0,000000000,00000000000,0,0,0,1,0,0,0,0,0,0,0,998,0,0,0,82,6,2,12,0,0,0,1,54,26508,6,1,0,0,3,0,67,179,0,0,0,0,0,0,0,0,0,0,28,0,0,0,1,2,45,1,1,2,1,0,0,1,10,9,1,2,64,2,0
54,540132,1,1,3,17,8,0,37,8,0,1,0,0,0,37,734,37734,90,1997,478TE2006VA2,4,7,8,T,E,2,0,0,6,V,A,2,0,0,0,000000000,00000000000,0,0,0,1,0,0,0,0,0,0,0,998,0,0,0,98,0,3,8,0,0,0,1,54,25601,1,1,1,0,1,0,70,150,0,0,0,0,0,0,0,0,0,4,8,36,0,0,1,2,25,1,8,2,2,0,0,1,6,2,1,4,13,0,1
54,540133,1,1,2,24,8,0,1,1,0,1,0,54,1,72,706,72706,82,2008,1HD1FC4108Y7,1,H,D,1,F,C,4,1,0,8,Y,7,0,0,0,000000000,00000000000,0,0,0,1,0,0,0,0,0,0,0,998,0,2,1,0,6,2,1,0,0,0,1,51,24817,6,1,0,0,3,0,72,240,0,0,0,0,0,0,0,0,0,0,39,0,0,0,6,2,45,1,1,2,1,20,3,1,14,3,1,2,98,1,1
54,540134,1,1,1,5,8,5,28,32,0,1,0,26,1,37,705,37705,80,2007,JH2PC40017M0,J,H,2,P,C,4,0,0,1,7,M,0,0,0,0,000000000,00000000000,0,0,0,1,0,0,0,0,0,0,0,998,0,0,0,61,6,2,32,0,0,0,1,26,49412,6,1,0,0,3,0,67,195,0,0,0,0,0,0,0,0,0,4,0,0,0,0,1,2,40,3,3,2,1,0,0,14,6,1,1,4,6,1,0
54,540135,1,1,1,24,8,3,0,35,0,1,0,54,2,37,705,37705,80,2002,JH2PE05332M0,J,H,2,P,E,0,5,3,3,2,M,0,0,0,0,000000000,00000000000,0,0,0,1,0,0,0,0,0,0,0,998,0,0,0,12,2,3,43,0,0,0,1,54,26150,6,1,0,0,3,0,72,140,0,0,0,0,0,0,0,0,0,4,8,0,0,0,1,2,30,2,1,2,1,0,0,14,6,1,1,4,6,1,1
54,540136,1,1,1,31,8,3,34,24,0,1,0,54,0,76,734,76734,90,9999,3GG239964,3,G,G,2,3,9,9,6,4,,,,0,0,0,000000000,00000000000,0,0,0,1,0,0,0,0,0,0,0,998,0,0,0,11,6,2,24,0,0,0,1,54,26301,6,1,0,0,1,0,68,185,0,0,0,0,0,0,0,0,0,0,0,0,0,0,1,2,35,2,3,2,1,0,0,14,12,1,1,4,6,1,0
54,540137,1,1,3,31,8,4,5,1,0,1,0,54,2,19,21,19021,4,2009,1G6DZ67A4901,1,G,6,D,Z,6,7,A,4,9,0,1,0,0,0,000000000,00000000000,0,0,0,1,0,0,0,0,0,0,0,998,0,1,5,0,6,2,52,0,0,0,1,54,24868,2,1,1,0,2,0,74,180,0,15,2,0,6,12,2011,7,2014,4,36,8,0,0,1,2,40,2,5,2,2,0,0,14,6,6,1,4,1,2,1
54,540138,1,1,2,9,8,1,25,10,0,1,0,54,1,20,481,20481,31,2005,1GCEK19V05E2,1,G,C,E,K,1,9,V,0,5,E,2,0,0,0,000000000,00000000000,0,0,0,1,0,0,0,0,0,0,0,0,0,0,0,3,6,2,10,0,0,0,1,54,25678,6,1,0,0,3,1,71,185,0,0,0,0,0,0,0,0,0,0,58,0,0,0,4,1,25,2,3,2,11,65,3,5,3,1,1,1,15,1,1
54,540139,1,1,1,10,8,21,53,35,0,1,0,54,1,48,34,48034,4,2006,4S3BL6266672,4,S,3,B,L,6,2,6,6,6,7,2,0,0,0,000000000,00000000000,0,0,0,1,0,0,0,0,0,0,0,998,0,1,5,98,6,2,1,0,0,0,1,54,26301,6,1,0,0,3,0,67,130,0,0,0,0,0,0,0,0,0,0,0,0,0,0,1,2,35,1,1,2,1,0,0,1,13,1,1,4,1,1,1
54,540140,1,1,1,31,8,23,37,35,0,1,0,54,1,22,16,22016,2,1998,1G2JD12T6W75,1,G,2,J,D,1,2,T,6,W,7,5,0,0,0,000000000,00000000000,0,0,0,1,0,0,0,0,0,0,0,998,0,1,5,12,6,2,1,0,0,0,1,54,25248,6,1,0,0,3,0,70,255,0,1,1,0,0,7,2013,8,2013,0,8,0,0,0,1,2,55,1,1,2,1,0,0,1,12,1,1,4,6,1,1
54,540141,1,2,3,18,8,17,25,12,2,1,0,54,1,49,43,49043,4,2001,4T1BF28B91U1,4,T,1,B,F,2,8,B,9,1,U,1,0,0,0,000000000,00000000000,0,0,0,1,0,0,0,0,0,0,0,998,1,0,0,12,6,2,12,0,0,0,1,54,25404,1,1,1,0,2,0,70,190,0,1,0,1,1,8,2013,5,2014,0,33,28,0,0,1,3,55,1,1,2,1,0,0,6,10,6,1,2,50,1,0
54,540141,2,2,1,18,8,17,25,12,2,1,0,54,1,20,37,20037,4,2009,1G1ZG57B5941,1,G,1,Z,G,5,7,B,5,9,4,1,0,0,0,000000000,00000000000,0,0,0,1,0,0,0,0,0,0,0,998,0,0,0,12,6,2,12,0,0,0,1,54,25411,6,1,0,0,3,1,62,140,0,0,0,0,0,0,0,0,0,0,0,0,0,0,1,3,55,1,1,2,1,0,0,1,62,7,1,1,51,0,0
54,540142,1,1,3,19,8,15,51,10,0,1,0,54,1,20,471,20471,30,1992,1GCCS14Z0N82,1,G,C,C,S,1,4,Z,0,N,8,2,0,0,0,000000000,00000000000,0,0,0,1,0,0,0,0,0,0,0,998,0,0,0,3,6,2,10,0,0,0,1,54,25033,6,1,0,0,3,0,69,180,0,0,0,0,0,0,0,0,0,0,39,0,0,0,1,2,20,1,1,2,1,65,3,1,91,1,1,1,15,1,0
54,540143,1,1,1,29,8,6,7,8,0,1,1,54,2,18,7,18007,4,2000,2G4WS52J2Y13,2,G,4,W,S,5,2,J,2,Y,1,3,0,0,0,000000000,00000000000,0,0,0,1,0,0,0,0,0,0,0,998,0,0,0,12,4,5,8,0,0,0,1,54,26419,2,1,1,0,2,0,74,230,0,2,1,0,1,10,2012,5,2014,0,0,0,0,0,1,2,55,1,6,2,1,0,0,1,80,3,1,1,13,0,0
54,540144,1,2,3,29,8,21,25,12,6,1,0,39,1,49,442,49442,20,2001,4T3ZF13CX1U3,4,T,3,Z,F,1,3,C,X,1,U,3,0,0,0,000000000,00000000000,0,0,0,1,0,0,0,0,0,0,0,998,0,0,0,8,6,2,12,0,0,0,1,39,43015,6,1,0,0,3,1,68,143,0,0,0,0,0,0,0,0,0,0,0,0,0,0,1,2,55,1,6,2,1,0,0,11,15,1,1,2,72,0,0
54,540144,2,2,2,29,8,21,25,12,6,1,0,42,1,76,705,76705,80,2004,JYARJ08E64A0,J,Y,A,R,J,0,8,E,6,4,A,0,0,0,0,000000000,00000000000,0,0,0,1,0,0,0,0,0,0,0,998,0,0,0,12,6,2,12,0,0,0,1,42,15670,6,1,0,0,3,0,69,999,0,0,0,0,0,0,0,0,0,3,35,36,6,0,1,2,55,1,6,2,1,0,0,6,10,3,1,2,73,1,0
54,540145,1,1,1,1,9,4,45,34,0,1,0,54,2,20,25,20025,2,2014,1G1PA5SH6E74,1,G,1,P,A,5,S,H,6,E,7,4,0,0,0,000000000,00000000000,0,0,0,1,0,0,0,0,0,0,0,998,0,1,5,12,6,2,34,0,0,0,1,54,24822,6,1,0,0,3,0,72,210,3,0,0,0,1,2,2014,5,2014,0,0,0,0,0,1,2,55,1,1,2,1,0,0,1,13,1,1,4,1,1,0
54,540146,1,1,2,2,9,4,15,24,0,1,0,54,2,49,404,49404,14,2007,JTEBU11F2700,J,T,E,B,U,1,1,F,2,7,0,0,0,0,0,000000000,00000000000,0,0,0,1,0,0,0,0,0,0,0,998,0,1,5,98,6,2,1,0,0,0,1,54,25632,0,0,0,0,0,0,66,125,0,0,0,0,0,0,0,0,0,0,36,0,0,0,2,2,70,1,1,2,1,0,0,1,12,1,1,4,1,1,1
54,540147,1,1,1,2,9,6,41,8,0,1,0,54,2,12,401,12401,14,1999,1FMZU24E4XUA,1,F,M,Z,U,2,4,E,4,X,U,A,0,0,0,000000000,00000000000,0,0,0,1,0,0,0,0,0,0,0,998,0,0,0,11,2,3,8,0,0,0,1,54,26508,6,1,0,0,3,0,70,175,0,0,0,0,0,0,0,0,0,0,0,0,0,0,1,2,50,2,1,2,1,0,0,14,80,1,1,1,13,0,0
54,540148,1,1,1,3,9,8,50,1,0,1,0,54,1,49,401,49401,14,1998,JT3HN86R2W01,J,T,3,H,N,8,6,R,2,W,0,1,0,0,0,000000000,00000000000,0,0,0,1,0,0,0,0,0,0,0,998,0,1,1,0,6,2,1,0,0,0,1,54,25259,6,1,0,0,3,0,64,165,0,0,0,0,0,0,0,0,0,4,58,0,0,0,2,2,70,2,1,2,2,0,0,14,6,9,1,6,98,1,0
54,540149,1,1,1,4,9,17,54,42,0,1,0,54,1,12,401,12401,14,1999,1FMDU32E4XZB,1,F,M,D,U,3,2,E,4,X,Z,B,0,0,0,000000000,00000000000,0,0,0,1,0,0,0,0,0,0,0,998,0,0,0,98,6,2,42,0,0,0,1,54,26149,6,1,0,0,3,0,71,175,1,2,1,0,0,1,2013,6,2013,0,0,0,0,0,5,2,55,1,1,2,1,0,0,1,13,8,1,4,6,1,1
54,540150,1,1,1,5,9,10,5,24,0,1,0,54,1,12,481,12481,31,2004,1FTPX14524NB,1,F,T,P,X,1,4,5,2,4,N,B,0,0,0,000000000,00000000000,0,0,0,1,0,0,0,0,0,0,0,998,0,0,0,12,6,2,42,0,0,0,1,54,25414,6,1,0,0,3,1,71,210,0,0,0,0,0,0,0,0,0,0,0,0,0,0,1,2,55,1,6,2,1,0,0,1,12,1,1,4,6,1,0
54,540151,1,1,1,10,9,20,50,24,0,1,0,54,1,48,401,48401,14,2003,JF1SG63603H7,J,F,1,S,G,6,3,6,0,3,H,7,0,0,0,000000000,00000000000,0,0,0,1,0,0,0,0,0,0,0,998,0,0,0,11,6,2,24,0,0,0,1,54,25033,6,1,0,0,3,1,72,190,0,0,0,0,0,0,0,0,0,0,0,0,0,0,1,2,55,3,3,2,1,0,0,14,11,1,1,4,6,1,1
54,540152,1,1,1,12,9,5,54,34,0,1,0,54,3,12,481,12481,31,2007,3FRXF76P47V4,3,F,R,X,F,7,6,P,4,7,V,4,0,0,57,0004286,570004286,3,1,2,1,0,0,0,0,0,0,0,998,0,1,1,12,6,2,1,0,0,0,1,21,41143,6,1,0,0,3,0,71,198,0,0,0,0,0,0,0,0,0,0,0,0,0,0,1,2,55,1,1,2,1,0,0,1,13,1,1,4,1,1,0
54,540153,1,1,1,15,9,23,49,34,0,1,0,54,1,20,36,20036,2,2001,2G1WW12E9193,2,G,1,W,W,1,2,E,9,1,9,3,0,0,0,000000000,00000000000,0,0,0,1,0,0,0,0,0,0,0,998,0,1,5,11,6,2,34,0,0,0,1,54,26521,6,1,0,0,3,0,76,250,1,0,0,0,0,8,2013,8,2013,0,36,6,0,0,1,2,45,2,1,2,1,0,0,14,12,1,1,4,6,1,1
54,540154,1,1,1,18,9,16,20,34,0,1,0,39,1,37,706,37706,80,2004,1HFSC47064A3,1,H,F,S,C,4,7,0,6,4,A,3,0,0,0,000000000,00000000000,0,0,0,1,0,0,0,0,0,0,0,998,0,0,0,12,6,2,34,0,0,0,1,39,45742,6,1,0,0,3,0,70,207,0,0,0,0,0,0,0,0,0,4,0,0,0,0,1,2,55,3,6,2,1,0,0,14,6,8,1,4,1,1,0
54,540155,1,1,1,18,9,16,56,1,0,1,0,0,0,98,998,98998,92,9999,000000000000,0,0,0,0,0,0,0,0,0,0,0,0,0,0,0,000000000,00000000000,0,0,0,1,0,0,0,0,0,0,0,998,0,1,5,0,6,2,1,0,0,0,1,54,26060,6,1,0,0,3,0,74,220,0,0,0,0,0,0,0,0,0,0,0,0,0,0,1,2,55,1,6,2,1,0,0,1,13,1,1,4,1,1,0
54,540156,1,1,5,19,9,0,40,59,0,1,0,54,2,23,481,23481,31,2005,1GTHK29U55E1,1,G,T,H,K,2,9,U,5,5,E,1,0,0,0,000000000,00000000000,0,0,0,1,0,0,0,0,0,0,0,998,0,1,5,12,6,2,35,0,0,1,1,54,25053,2,1,0,0,2,0,999,999,0,3,0,0,2,8,2013,4,2014,0,36,0,0,0,3,2,65,3,1,2,1,0,0,14,13,1,1,4,1,4,0
54,540157,1,1,1,20,9,12,50,24,0,1,0,54,1,37,709,37709,80,2012,JH2MC1302CK6,J,H,2,M,C,1,3,0,2,C,K,6,0,0,0,000000000,00000000000,0,0,0,1,0,0,0,0,0,0,0,998,0,0,0,2,4,3,5,0,0,0,1,54,26743,6,1,0,0,3,0,60,118,0,0,0,0,0,0,0,0,0,0,0,0,0,0,1,2,55,3,1,2,1,0,0,14,13,1,1,4,1,1,0
54,540158,1,1,2,21,9,15,53,35,0,1,0,54,1,12,471,12471,30,1996,1FTCR10A8TUD,1,F,T,C,R,1,0,A,8,T,U,D,0,0,0,000000000,00000000000,0,0,0,1,0,0,0,0,0,0,0,998,0,1,5,14,6,2,1,0,0,0,1,54,24941,1,1,0,0,2,0,70,275,1,0,0,0,0,4,2014,4,2014,0,36,0,0,0,1,2,25,2,1,2,2,0,0,14,5,1,1,4,6,1,1
54,540159,1,1,1,26,9,19,40,1,0,1,0,0,0,73,734,73734,90,2004,JSLAK47B4421,J,S,L,A,K,4,7,B,4,4,2,1,0,0,0,000000000,00000000000,0,0,0,1,0,0,0,0,0,0,0,998,0,1,5,0,6,2,1,0,0,0,1,37,27539,6,1,0,0,3,0,65,999,0,0,0,1,1,3,2013,7,2013,4,0,0,0,0,1,2,25,2,6,4,1,0,0,14,6,1,1,4,6,1,0
54,540160,1,1,2,27,9,20,0,11,0,1,0,54,1,72,706,72706,80,2008,1HD1FC4118Y6,1,H,D,1,F,C,4,1,1,8,Y,6,0,0,0,000000000,00000000000,0,0,0,1,0,0,0,0,0,0,0,998,0,0,0,12,6,2,11,0,0,0,1,54,25526,6,1,6,0,3,0,71,140,0,0,0,0,0,0,0,0,0,0,83,0,0,0,3,2,70,1,1,2,1,0,0,1,87,9,1,1,13,1,0
54,540161,1,1,1,28,9,0,1,1,0,1,0,0,0,53,733,53733,90,1995,JSAAK42AXS21,J,S,A,A,K,4,2,A,X,S,2,1,0,0,0,000000000,00000000000,0,0,0,1,0,0,0,0,0,0,0,998,0,9,1,0,2,3,1,0,0,0,1,54,25921,6,1,0,0,1,0,72,190,0,0,0,0,0,0,0,0,0,0,36,18,0,0,1,2,35,1,5,2,1,0,0,1,9,1,1,3,98,1,1
54,540162,1,2,1,2,9,11,36,24,0,1,0,54,1,7,472,7472,30,2000,1B7HG2AZ3YS7,1,B,7,H,G,2,A,Z,3,Y,S,7,0,0,0,000000000,00000000000,0,0,0,1,0,0,0,0,0,0,0,998,0,0,0,98,6,2,12,0,0,1,1,54,26405,6,1,0,0,3,1,72,180,0,0,0,1,0,6,2013,6,2013,0,28,0,0,0,5,2,45,1,1,2,1,0,0,1,13,1,1,4,1,1,1
54,540162,2,2,1,2,9,11,36,24,0,1,0,54,3,82,881,82881,66,2012,1FUJGEDV1CSB,1,F,U,J,G,E,D,V,1,C,S,B,1,1,57,714483,57714483,3,6,1,1,0,0,0,0,0,0,0,998,0,0,0,12,6,2,12,0,0,0,1,54,26385,6,1,6,0,3,0,70,200,0,0,0,0,0,0,0,0,0,0,0,0,0,0,5,2,45,1,6,2,1,0,0,1,62,3,1,1,98,0,0
54,540163,1,3,1,4,9,23,30,12,6,1,0,51,1,35,50,35050,4,2012,3N1BC1CP6CK2,3,N,1,B,C,1,C,P,6,C,K,2,0,0,0,000000000,00000000000,0,0,0,1,0,0,0,0,0,0,0,998,0,0,0,10,6,2,12,0,0,0,1,51,22603,6,1,0,0,3,0,66,190,0,0,0,1,0,5,2012,5,2012,0,38,0,0,0,1,2,35,1,1,2,1,20,3,11,15,1,1,2,82,0,1