STATE,ST_CASE,VEH_NO,VE_FORMS,NUMOCCS,DAY,MONTH,HOUR,MINUTE,HARM_EV,MAN_COLL,UNITTYPE,HIT_RUN,REG_STAT,OWNER,MAKE,MODEL,MAK_MOD,BODY_TYP,MOD_YEAR,VIN,VIN_1,VIN_2,VIN_3,VIN_4,VIN_5,VIN_6,VIN_7,VIN_8,VIN_9,VIN_10,VIN_11,VIN_12,TOW_VEH,J_KNIFE,MCARR_I1,MCARR_I2,MCARR_ID,GVWR,V_CONFIG,CARGO_BT,HAZ_INV,HAZ_PLAC,HAZ_ID,HAZ_CNO,HAZ_REL,BUS_USE,SPEC_USE,EMER_USE,TRAV_SP,UNDERIDE,ROLLOVER,ROLINLOC,IMPACT1,DEFORMED,TOWED,M_HARM,VEH_SC1,VEH_SC2,FIRE_EXP,DR_PRES,L_STATE,DR_ZIP,L_STATUS,L_TYPE,CDL_STAT,L_ENDORS,L_COMPL,L_RESTRI,DR_HGT,DR_WGT,PREV_ACC,PREV_SUS,PREV_DWI,PREV_SPD,PREV_OTH,FIRST_MO,FIRST_YR,LAST_MO,LAST_YR,SPEEDREL,DR_SF1,DR_SF2,DR_SF3,DR_SF4,VTRAFWAY,VNUM_LAN,VSPD_LIM,VALIGN,VPROFILE,VPAVETYP,VSURCOND,VTRAFCON,VTCONT_F,P_CRASH1,P_CRASH2,P_CRASH3,PCRASH4,PCRASH5,ACC_TYPE,DEATHS,DR_DRINK
54,540201,1,1,1,1,11,4,40,30,0,1,0,54,1,13,5,13005,4,2000,1LNHM81W8YY8,1,L,N,H,M,8,1,W,8,Y,Y,8,0,0,0,000000000,00000000000,0,0,0,1,0,0,0,0,0,0,0,998,0,0,0,1,6,2,30,0,0,0,1,54,26159,6,1,0,0,3,0,66,145,0,1,0,1,0,5,2012,3,2014,0,0,0,0,0,1,2,45,1,1,2,2,0,0,1,13,1,1,4,1,1,0
54,540202,1,2,2,2,11,0,50,12,2,1,0,54,2,7,20,7020,4,2000,1B3ES46CXYD8,1,B,3,E,S,4,6,C,X,Y,D,8,0,0,0,000000000,00000000000,0,0,0,1,0,0,0,0,0,0,0,998,0,0,0,12,6,2,12,0,0,0,1,54,26288,6,1,0,0,3,1,62,116,0,0,0,0,0,0,0,0,0,0,0,0,0,0,1,2,35,1,5,2,1,0,0,1,62,1,1,1,51,1,0
54,540202,2,2,1,2,11,0,50,12,2,1,1,54,2,52,37,52037,2,2006,4A3AK34T16E0,4,A,3,A,K,3,4,T,1,6,E,0,0,0,0,000000000,00000000000,0,0,0,1,0,0,0,0,0,0,0,998,0,0,0,12,6,2,12,0,0,0,1,54,26508,2,1,0,0,2,0,999,999,0,2,1,0,0,7,2013,2,2014,0,28,36,58,6,1,2,35,1,6,2,1,0,0,1,10,7,1,2,50,0,1
54,540203,1,1,2,31,8,12,50,35,0,1,0,54,1,12,481,12481,31,2007,1FTRF12297NA,1,F,T,R,F,1,2,2,9,7,N,A,0,0,0,000000000,00000000000,0,0,0,1,0,0,0,0,0,0,0,998,0,0,0,11,6,2,35,0,0,0,1,54,26444,6,1,0,0,3,0,75,285,0,0,0,0,0,0,0,0,0,4,58,8,28,0,1,2,55,3,6,2,1,0,0,14,6,1,1,4,6,1,0
54,540204,1,1,1,29,10,2,0,24,0,1,0,55,3,84,881,84881,63,2011,1HTMSAAR5BJ4,1,H,T,M,S,A,A,R,5,B,J,4,0,0,77,777777777,77777777777,3,2,1,1,0,0,0,0,0,0,0,70,0,0,0,1,4,3,24,0,0,0,1,54,25526,6,1,6,0,3,0,71,180,0,0,0,0,0,0,0,0,0,0,0,0,0,0,2,6,70,1,5,2,2,0,0,1,13,1,1,4,1,1,0
54,540205,1,2,1,7,11,11,29,12,6,1,0,54,1,20,441,20441,20,2003,1GNEL19X73B1,1,G,N,E,L,1,9,X,7,3,B,1,0,0,0,000000000,00000000000,0,0,0,1,0,0,0,0,0,0,0,998,0,0,0,11,6,2,12,0,0,0,1,54,25837,6,1,0,0,3,1,69,179,0,0,0,0,0,0,0,0,0,0,38,0,0,0,1,2,55,1,1,2,2,20,3,1,17,1,1,2,89,0,0
54,540205,2,2,1,7,11,11,29,12,6,1,0,54,1,63,401,63401,14,1999,KNDJA7239X55,K,N,D,J,A,7,2,3,9,X,5,5,0,0,0,000000000,00000000000,0,0,0,1,0,0,0,0,0,0,0,998,0,0,0,12,6,2,12,0,0,0,1,54,26678,6,1,0,0,3,1,67,176,0,0,0,0,0,0,0,0,0,0,0,0,0,0,2,4,65,1,1,2,2,0,0,1,66,1,1,1,88,1,0
54,540206,1,1,1,14,11,22,29,32,0,1,0,54,1,48,401,48401,14,2004,JF1SG63664G7,J,F,1,S,G,6,3,6,6,4,G,7,0,0,0,000000000,00000000000,0,0,0,1,0,0,0,0,0,0,0,998,0,1,5,98,6,2,34,0,0,0,1,54,26623,6,1,6,0,3,0,67,200,0,0,0,0,0,0,0,0,0,0,0,0,0,0,1,2,25,1,1,2,1,0,0,1,13,1,1,4,1,1,1
54,540207,1,1,1,15,11,1,32,32,0,1,0,42,3,20,16,20016,2,2000,1G1JC1242Y71,1,G,1,J,C,1,2,4,2,Y,7,1,0,0,0,000000000,00000000000,0,0,0,1,0,0,0,0,0,0,0,998,0,1,3,12,6,2,32,0,0,0,1,42,15349,3,1,0,0,2,0,75,999,1,3,0,1,1,7,2013,9,2014,0,0,0,0,0,2,4,70,1,1,2,1,0,0,1,12,1,1,4,6,1,1
54,540208,1,1,1,16,11,19,20,30,0,1,0,54,1,2,403,2403,14,2000,1J4FA49SXYP7,1,J,4,F,A,4,9,S,X,Y,P,7,0,0,0,000000000,00000000000,0,0,0,1,0,0,0,0,0,0,0,998,0,1,5,12,6,2,1,0,0,0,1,54,25253,6,1,0,0,3,0,76,210,0,0,0,0,0,0,0,0,0,0,0,0,0,0,1,2,35,1,5,2,2,0,0,1,12,1,1,4,6,1,0
54,540209,1,1,2,17,11,16,45,35,0,1,0,54,2,20,16,20016,4,2000,1G1JC124XY73,1,G,1,J,C,1,2,4,X,Y,7,3,0,0,0,000000000,00000000000,0,0,0,1,0,0,0,0,0,0,0,998,0,1,3,12,6,2,35,0,0,0,1,99,99999,9,9,99,9,9,9,999,999,99,99,99,99,99,99,9999,99,9999,9,99,99,99,99,2,4,65,1,1,1,2,0,0,1,12,99,1,4,6,1,0
54,540210,1,1,1,18,11,13,48,1,0,1,0,54,1,12,471,12471,30,2004,1FTYR10U44PB,1,F,T,Y,R,1,0,U,4,4,P,B,0,0,0,000000000,00000000000,0,0,0,1,0,0,0,0,0,0,0,998,0,1,5,0,6,2,1,0,0,0,1,54,25043,6,1,0,0,3,0,65,150,0,0,0,0,0,0,0,0,0,0,87,0,0,0,1,2,55,3,1,2,4,0,0,14,5,6,2,4,7,1,0
54,540211,1,1,1,20,11,15,30,35,0,1,0,54,1,7,472,7472,30,2000,1B7GG26X0YS6,1,B,7,G,G,2,6,X,0,Y,S,6,0,0,0,000000000,00000000000,0,0,0,1,0,0,0,0,0,0,0,998,0,1,5,98,6,2,1,0,0,0,1,54,24910,6,1,6,0,3,1,70,160,0,0,0,0,0,0,0,0,0,0,58,0,0,0,1,2,35,3,1,2,1,0,0,14,6,6,1,4,6,1,1
54,540212,1,1,2,23,11,15,15,1,0,1,0,54,1,2,404,2404,14,1996,1J4FJ78S2TL2,1,J,4,F,J,7,8,S,2,T,L,2,0,0,0,000000000,00000000000,0,0,0,1,0,0,0,0,0,0,0,998,0,1,6,0,6,2,1,0,0,0,1,54,25143,6,1,0,0,3,0,70,190,0,0,0,0,0,0,0,0,0,4,0,0,0,0,1,2,25,1,1,5,11,0,0,1,6,6,1,4,1,1,1
54,540213,1,1,1,30,11,17,30,42,0,1,0,54,1,7,472,7472,30,2000,1B7GG2AX2YS7,1,B,7,G,G,2,A,X,2,Y,S,7,0,0,0,000000000,00000000000,0,0,0,1,0,0,0,0,0,0,0,998,0,2,5,11,6,2,1,0,0,0,1,54,26354,6,1,0,0,3,0,69,310,1,0,0,0,0,3,2014,3,2014,0,0,0,0,0,1,2,40,3,3,2,1,0,0,14,12,1,1,4,6,1,0
54,540214,1,2,3,10,11,11,15,12,2,1,0,54,2,20,16,20016,2,2002,1G1JC1242272,1,G,1,J,C,1,2,4,2,2,7,2,0,0,0,000000000,00000000000,0,0,0,1,0,0,0,0,0,0,0,998,0,0,0,12,6,2,12,0,0,0,1,54,25571,6,1,0,0,3,0,68,210,0,0,0,0,0,0,0,0,0,0,0,0,0,0,1,2,55,3,1,2,1,0,0,14,62,7,1,1,51,1,0
54,540214,2,2,2,10,11,11,15,12,2,1,0,54,1,6,14,6014,4,1990,1C3XY66R3LD7,1,C,3,X,Y,6,6,R,3,L,D,7,0,0,0,000000000,00000000000,0,0,0,1,0,0,0,0,0,0,0,998,0,0,0,12,6,2,12,0,0,0,1,54,25571,6,1,0,0,3,0,66,277,0,0,0,0,2,2,2014,2,2014,0,28,0,0,0,1,2,55,2,1,2,1,0,0,14,10,1,1,2,50,0,0
54,540215,1,4,1,19,11,9,59,12,2,1,0,42,3,49,404,49404,14,2014,JTEBU4BF8EK2,J,T,E,B,U,4,B,F,8,E,K,2,0,0,0,000000000,00000000000,0,0,0,1,0,0,0,0,0,0,0,998,0,0,0,12,6,2,2,0,0,1,1,54,26508,6,1,0,0,3,0,66,156,0,0,0,0,0,0,0,0,0,0,0,0,0,0,2,2,70,3,6,2,1,0,0,14,62,1,1,1,51,1,0
54,540215,2,4,1,19,11,9,59,12,2,1,0,54,1,58,421,58421,15,2012,JN8AZ2NC7C93,J,N,8,A,Z,2,N,C,7,C,9,3,0,0,0,000000000,00000000000,0,0,0,1,0,0,0,0,0,0,0,998,0,0,0,12,6,2,12,0,0,1,1,54,26505,6,1,0,0,3,0,69,160,0,0,0,1,0,10,2014,10,2014,0,28,36,6,0,2,2,70,2,5,2,1,0,0,14,10,1,1,2,50,0,0
54,540215,3,4,1,19,11,9,59,12,2,1,0,37,3,20,37,20037,4,2015,1G11D5SL5FF1,1,G,1,1,D,5,S,L,5,F,F,1,0,0,0,000000000,00000000000,0,0,0,1,0,0,0,0,0,0,0,998,0,0,0,1,6,2,12,0,0,0,1,54,26525,6,1,0,0,3,0,67,230,0,0,0,0,0,0,0,0,0,0,0,0,0,0,2,2,70,3,6,2,1,0,0,14,62,8,1,1,98,0,0
54,540215,4,4,1,19,11,9,59,12,2,1,0,95,3,51,881,51881,63,2008,4V4NC9GH18N4,4,V,4,N,C,9,G,H,1,8,N,4,1,2,57,1650035,571650035,3,4,1,1,0,0,0,0,0,0,0,998,0,0,0,63,2,5,12,0,0,0,1,95,0,6,1,6,0,3,0,999,999,99,99,99,99,99,99,9999,99,9999,0,0,0,0,0,2,2,70,3,6,2,1,0,0,14,62,1,1,1,98,0,0
54,540216,1,1,1,23,11,0,1,8,0,1,0,54,1,12,471,12471,30,2002,1FTYR10D62PA,1,F,T,Y,R,1,0,D,6,2,P,A,0,0,0,000000000,00000000000,0,0,0,1,0,0,0,0,0,0,0,998,0,0,0,12,4,5,8,0,0,0,1,54,25425,6,1,0,0,3,1,73,220,0,0,0,0,0,0,0,0,0,0,0,0,0,0,1,2,35,1,1,2,1,0,0,1,82,1,1,9,13,0,0
54,540217,1,2,2,23,11,18,32,12,6,1,0,37,2,30,40,30040,6,2002,WVWSK61J62W1,W,V,W,S,K,6,1,J,6,2,W,1,0,0,0,000000000,00000000000,0,0,0,1,0,0,0,0,0,0,0,998,0,0,0,10,6,2,12,0,0,1,1,42,19464,6,1,0,0,3,0,65,999,0,0,0,0,0,0,0,0,0,0,58,28,0,0,2,2,70,1,1,2,1,0,0,1,12,8,1,2,64,2,0
54,540217,2,2,1,23,11,18,32,12,6,1,0,18,3,82,884,82884,66,2013,1FUGGLDV0DLF,1,F,U,G,G,L,D,V,0,D,L,F,1,1,57,032052,57032052,3,6,1,1,0,0,0,0,0,0,0,998,0,0,0,12,6,2,12,0,0,1,1,51,24087,6,1,6,0,3,0,72,360,0,0,0,0,0,0,0,0,0,0,0,0,0,0,2,2,70,1,1,2,1,0,0,1,62,3,1,1,65,0,0
54,540218,1,1,1,24,11,5,52,42,0,1,0,54,2,30,40,30040,4,2006,3VWWJ71K36M7,3,V,W,W,J,7,1,K,3,6,M,7,0,0,0,000000000,00000000000,0,0,0,1,0,0,0,0,0,0,0,998,0,1,2,12,6,2,42,0,0,0,1,51,22630,1,1,0,0,2,0,70,160,0,0,0,0,0,0,0,0,0,4,0,0,0,0,1,2,55,2,5,2,2,0,0,14,6,1,1,4,1,1,0
54,540219,1,1,1,28,11,17,9,43,0,1,0,54,1,49,442,49442,20,1999,4T3ZF13C4XU1,4,T,3,Z,F,1,3,C,4,X,U,1,0,0,0,000000000,00000000000,0,0,0,1,0,0,0,0,0,0,0,998,0,1,5,12,6,2,14,0,0,0,1,54,25526,6,1,0,0,3,1,66,165,0,0,0,0,0,0,0,0,0,0,0,0,0,0,1,2,55,1,6,2,1,0,0,1,12,1,1,4,6,1,1
54,540220,1,2,1,29,11,6,25,25,0,1,0,54,1,49,472,49472,30,1997,4TANL42NXVZ2,4,T,A,N,L,4,2,N,X,V,Z,2,0,0,0,000000000,00000000000,0,0,0,1,0,0,0,0,0,0,0,998,0,0,0,12,6,2,12,0,0,0,1,54,25404,6,1,0,0,3,1,67,120,0,0,0,0,0,0,0,0,0,4,87,0,0,0,3,3,70,1,1,2,4,0,0,1,6,1,2,4,7,1,0
54,540220,2,2,1,29,11,6,25,25,0,1,0,42,1,35,43,35043,4,2001,3N1BB51D81L1,3,N,1,B,B,5,1,D,8,1,L,1,0,0,0,000000000,00000000000,0,0,0,1,0,0,0,0,0,0,0,998,0,0,0,12,6,2,12,0,0,0,1,42,17268,6,1,0,0,3,0,73,999,0,0,0,0,0,0,0,0,0,0,0,0,0,0,3,3,70,1,1,2,4,0,0,1,60,9,1,1,98,0,0
54,540221,1,1,1,13,11,12,55,18,0,1,0,54,1,2,404,2404,14,2003,1J4GW48S93C6,1,J,4,G,W,4,8,S,9,3,C,6,0,0,0,000000000,00000000000,0,0,0,1,0,0,0,0,0,0,0,998,0,0,0,98,2,3,18,0,0,0,1,54,25670,6,1,0,0,3,1,67,180,0,0,0,0,0,0,0,0,0,0,0,0,0,0,1,2,55,1,1,2,1,0,0,1,12,1,1,4,6,1,0
54,540222,1,1,1,2,12,21,0,42,0,1,0,0,0,98,734,98734,90,2014,3JBKKPP13EJ0,3,J,B,K,K,P,P,1,3,E,J,0,0,0,0,000000000,00000000000,0,0,0,1,0,0,0,0,0,0,0,998,0,1,5,12,6,2,42,0,0,0,1,54,26161,6,1,0,0,3,0,68,192,0,0,0,0,0,0,0,0,0,0,0,0,0,0,1,2,55,1,6,2,2,0,0,1,13,1,1,4,1,1,1
54,540223,1,1,2,5,12,0,7,42,0,1,0,25,1,14,402,14402,14,2006,4M2CU57116DJ,4,M,2,C,U,5,7,1,1,6,D,J,0,0,0,000000000,00000000000,0,0,0,1,0,0,0,0,0,0,0,998,0,0,0,12,6,2,42,0,0,0,1,25,1603,6,1,0,0,3,0,67,999,1,4,0,0,5,7,2012,5,2014,0,0,0,0,0,1,2,55,2,6,2,2,0,0,14,13,1,1,4,1,2,1
54,540224,1,1,1,6,12,23,8,8,0,1,1,54,2,37,402,37402,14,2001,JHLRD18681S0,J,H,L,R,D,1,8,6,8,1,S,0,0,0,0,000000000,00000000000,0,0,0,1,0,0,0,0,0,0,0,998,0,0,0,81,2,5,8,0,0,0,1,54,25404,6,1,0,0,3,0,64,110,0,0,0,0,0,0,0,0,0,0,28,0,0,0,1,2,40,2,6,2,1,0,0,14,13,1,1,4,13,0,1
54,540225,1,1,2,6,12,22,0,1,0,1,0,54,2,12,401,12401,14,1996,1FMDU34X1TUD,1,F,M,D,U,3,4,X,1,T,U,D,0,0,0,000000000,00000000000,0,0,0,1,0,0,0,0,0,0,0,998,0,2,1,0,6,2,1,0,0,0,1,54,25304,6,2,0,0,3,1,67,161,0,0,0,0,0,0,0,0,0,4,0,0,0,0,3,3,60,3,1,1,1,0,0,14,6,1,1,2,98,1,0
54,540226,1,1,2,8,12,17,5,42,0,1,0,54,1,20,473,20473,30,2007,1GCCS1491781,1,G,C,C,S,1,4,9,1,7,8,1,0,0,0,000000000,00000000000,0,0,0,1,0,0,0,0,0,0,0,998,0,0,0,98,6,2,35,0,0,0,1,54,25840,6,1,0,0,3,1,68,190,0,0,0,0,0,0,0,0,0,0,0,0,0,0,1,2,25,1,4,2,1,0,0,1,12,1,1,4,6,1,0
54,540227,1,1,1,9,12,12,9,38,0,1,0,0,0,37,734,37734,90,2007,1HFTE3547740,1,H,F,T,E,3,5,4,7,7,4,0,0,0,0,000000000,00000000000,0,0,0,1,0,0,0,0,0,0,0,998,0,0,0,11,2,5,35,0,0,0,1,54,25506,6,1,0,0,1,0,69,200,0,0,0,0,0,0,0,0,0,0,0,0,0,0,1,2,35,1,1,4,11,0,0,1,12,1,1,4,6,1,0
54,540228,1,1,1,12,12,5,45,1,0,1,0,51,2,12,481,12481,31,2006,1FTRF14W86NB,1,F,T,R,F,1,4,W,8,6,N,B,0,0,0,000000000,00000000000,0,0,0,1,0,0,0,0,0,0,0,998,0,1,3,0,6,2,1,0,0,0,1,51,24279,6,1,0,0,3,0,67,160,0,0,0,0,0,0,0,0,0,0,0,0,0,0,3,4,70,2,1,2,1,0,0,14,12,7,1,4,6,1,0
54,540229,1,1,1,4,12,21,55,34,0,1,0,54,1,37,32,37032,4,1996,1HGCD5638TA0,1,H,G,C,D,5,6,3,8,T,A,0,0,0,0,000000000,00000000000,0,0,0,1,0,0,0,0,0,0,0,998,0,0,0,12,6,2,2,0,0,1,1,54,25169,6,1,0,0,3,0,74,215,0,0,0,0,0,0,0,0,0,0,30,36,0,0,1,2,40,1,1,2,1,0,0,1,13,1,1,4,1,1,1
54,540230,1,1,1,13,12,9,0,35,0,1,0,54,1,18,7,18007,4,2001,2G4WS52J5112,2,G,4,W,S,5,2,J,5,1,1,2,0,0,0,000000000,00000000000,0,0,0,1,0,0,0,0,0,0,0,998,0,0,0,9,6,2,42,0,0,0,1,54,25168,6,1,0,0,3,0,67,250,0,0,0,0,0,0,0,0,0,4,0,0,0,0,1,2,25,3,1,2,4,0,0,14,6,1,1,4,6,1,0
54,540231,1,1,1,17,12,19,12,8,0,1,0,54,1,23,401,23401,14,2000,1GKDT13W3Y22,1,G,K,D,T,1,3,W,3,Y,2,2,0,0,0,000000000,00000000000,0,0,0,1,0,0,0,0,0,0,0,998,0,0,0,12,6,2,8,0,0,0,1,54,25704,6,1,0,0,3,1,67,135,0,4,0,0,1,11,2012,7,2013,0,0,0,0,0,4,2,35,1,1,2,1,0,0,1,80,2,1,1,13,0,0
54,540232,1,1,1,19,12,14,13,42,0,1,0,54,1,20,402,20402,14,1996,2CNBJ1869T69,2,C,N,B,J,1,8,6,9,T,6,9,0,0,0,000000000,00000000000,0,0,0,1,0,0,0,0,0,0,0,998,0,0,0,7,6,2,42,0,0,0,1,54,25570,6,1,0,0,3,0,63,118,0,0,0,0,0,0,0,0,0,0,0,0,0,0,1,2,40,2,6,2,1,0,0,14,12,3,1,4,6,1,0
54,540233,1,1,1,21,12,22,31,42,0,1,0,13,1,37,31,37031,2,2007,2HGFG12877H5,2,H,G,F,G,1,2,8,7,7,H,5,0,0,0,000000000,00000000000,0,0,0,1,0,0,0,0,0,0,0,998,0,1,5,98,6,2,42,0,0,0,1,13,30116,6,1,0,0,3,0,73,190,98,0,0,0,0,0,0,0,0,0,0,0,0,0,1,2,40,1,1,2,1,0,0,1,13,6,1,4,1,1,1
54,540234,1,1,2,26,12,11,43,35,0,1,0,54,2,20,402,20402,14,2004,2CNBJ1345469,2,C,N,B,J,1,3,4,5,4,6,9,0,0,0,000000000,00000000000,0,0,0,1,0,0,0,0,0,0,0,998,0,0,0,11,6,2,35,0,0,0,1,54,26294,6,2,0,0,3,0,67,150,0,0,0,0,0,0,0,0,0,5,58,0,0,0,1,2,55,1,5,2,1,0,0,1,13,8,1,4,6,1,0
54,540235,1,1,1,26,12,16,44,32,0,1,0,24,1,22,2,22002,4,1998,1G2HX52KXWH2,1,G,2,H,X,5,2,K,X,W,H,2,0,0,0,000000000,00000000000,0,0,0,1,0,0,0,0,0,0,0,998,0,0,0,12,6,2,2,0,0,1,1,24,21562,6,1,0,0,3,0,62,190,0,0,0,0,0,0,0,0,0,0,0,0,0,0,1,2,40,3,6,9,1,40,3,14,13,1,1,4,1,1,0
54,540236,1,1,1,27,12,12,25,30,0,1,0,54,1,49,40,49040,4,2001,4T1BG22K81U0,4,T,1,B,G,2,2,K,8,1,U,0,0,0,0,000000000,00000000000,0,0,0,1,0,0,0,0,0,0,0,998,0,0,0,11,6,2,2,0,0,1,1,54,26815,6,1,0,0,3,0,66,200,0,0,0,0,0,0,0,0,0,0,0,0,0,0,2,2,55,3,1,2,1,0,0,14,13,6,1,4,1,1,1
54,540237,1,2,1,2,12,14,12,12,1,1,0,54,1,7,482,7482,31,1997,1B7HC16Y1VS2,1,B,7,H,C,1,6,Y,1,V,S,2,0,0,0,000000000,00000000000,0,0,0,1,0,0,0,0,0,0,0,998,1,1,1,12,6,2,12,0,0,0,1,54,24910,6,1,0,0,3,0,75,180,0,0,0,0,0,0,0,0,0,4,87,0,0,0,2,2,70,1,1,1,2,0,0,1,6,1,1,2,24,1,0
54,540237,2,2,1,2,12,14,12,12,1,1,0,54,3,82,881,82881,66,1999,1FUYDSEB2XLA,1,F,U,Y,D,S,E,B,2,X,L,A,1,1,57,852629,57852629,3,6,1,1,0,0,0,0,0,0,0,998,0,0,0,6,2,5,12,0,0,0,1,54,25081,6,1,6,0,3,0,70,145,0,0,0,0,0,0,0,0,0,0,0,0,0,0,1,2,70,1,1,1,2,0,0,1,53,1,1,1,25,0,0
54,540238,1,2,1,5,12,1,12,12,2,1,0,54,1,22,401,22401,14,2003,3G7DA03E33S5,3,G,7,D,A,0,3,E,3,3,S,5,0,0,0,000000000,00000000000,0,0,0,1,0,0,0,0,0,0,0,998,0,0,0,12,6,2,12,0,0,1,1,39,45619,6,1,0,0,3,0,63,148,1,2,1,0,1,11,2013,11,2013,0,51,0,0,0,3,4,70,1,1,2,1,0,0,1,54,1,1,1,52,1,1
54,540238,2,2,2,5,12,1,12,12,2,1,0,51,2,12,23,12023,4,2010,3FAHP0HA1AR1,3,F,A,H,P,0,H,A,1,A,R,1,0,0,0,000000000,00000000000,0,0,0,1,0,0,0,0,0,0,0,998,0,0,0,12,6,2,12,0,0,0,1,51,23188,6,1,0,0,3,0,63,109,1,0,0,0,0,9,2013,9,2013,0,0,0,0,0,3,4,70,1,1,2,1,0,0,1,54,1,1,1,52,2,0
54,540239,1,2,1,6,12,8,24,57,0,1,0,54,1,23,481,23481,31,2012,1GT125E8XCF2,1,G,T,1,2,5,E,8,X,C,F,2,0,0,0,000000000,00000000000,0,0,0,1,0,0,0,0,0,0,0,998,0,0,0,12,6,2,12,0,0,0,1,54,26181,6,1,0,0,3,0,66,160,0,0,0,0,0,0,0,0,0,0,87,0,0,0,3,2,70,1,5,2,2,0,0,1,62,9,1,1,98,0,0
54,540239,2,2,6,6,12,8,24,57,0,1,0,54,1,14,401,14401,14,2001,4M2ZU86P31UJ,4,M,2,Z,U,8,6,P,3,1,U,J,0,0,0,000000000,00000000000,0,0,0,1,0,0,0,0,0,0,0,998,0,0,0,12,6,2,12,0,0,1,1,54,25309,1,1,1,0,2,0,66,140,0,0,0,0,0,0,0,0,0,4,91,0,0,0,3,2,70,2,6,2,2,0,0,14,6,8,5,4,7,5,0
54,540240,1,1,3,17,12,22,43,1,0,1,0,54,1,20,421,20421,15,1998,1GNDT13W2W22,1,G,N,D,T,1,3,W,2,W,2,2,0,0,0,000000000,00000000000,0,0,0,1,0,0,0,0,0,0,0,998,0,1,5,0,6,2,1,0,0,0,1,54,26133,6,1,0,0,3,0,71,207,0,0,0,0,0,0,0,0,0,0,58,91,0,0,1,2,30,3,6,2,1,0,0,14,11,6,1,4,1,2,0
54,540241,1,2,1,22,12,18,43,12,6,1,0,54,2,20,421,20421,15,1997,1GNDT13W6VK1,1,G,N,D,T,1,3,W,6,V,K,1,0,0,0,000000000,00000000000,0,0,0,1,0,0,0,0,0,0,0,998,0,0,0,12,6,2,12,0,0,0,1,54,25550,6,1,0,0,3,1,69,185,1,0,0,0,2,10,2013,5,2014,0,0,0,0,0,1,2,55,1,1,2,1,0,0,1,67,1,1,1,83,0,0
54,540241,2,2,3,22,12,18,43,12,6,1,0,54,2,41,50,41050,4,2008,1YVHP80C085M,1,Y,V,H,P,8,0,C,0,8,5,M,0,0,0,000000000,00000000000,0,0,0,1,0,0,0,0,0,0,0,998,0,0,0,9,6,2,12,0,0,0,1,54,26164,6,1,0,0,3,1,61,130,0,0,0,0,0,0,0,0,0,0,38,0,0,0,0,0,0,0,0,0,0,0,0,11,15,1,1,2,82,1,0
54,540242,1,2,2,23,12,13,52,12,2,1,0,54,1,20,2,20002,4,2004,2G1WF52EX491,2,G,1,W,F,5,2,E,X,4,9,1,0,0,0,000000000,00000000000,0,0,0,1,0,0,0,0,0,0,0,998,1,0,0,12,6,2,12,0,0,0,1,54,26218,6,1,0,0,3,1,62,160,0,0,0,0,1,10,2014,10,2014,0,28,0,0,0,1,2,55,2,5,2,1,0,0,14,10,1,1,2,50,1,0
54,540242,2,2,2,23,12,13,52,12,2,1,0,54,3,84,881,84881,61,1996,1HTMJABK6TA0,1,H,T,M,J,A,B,K,6,T,A,0,0,0,57,021800,57021800,2,1,1,1,0,0,0,0,0,0,0,998,0,0,0,12,6,2,12,0,0,0,1,54,26259,6,1,0,0,3,0,68,160,0,0,0,0,0,0,0,0,0,0,0,0,0,0,1,2,55,3,6,2,1,0,0,14,62,9,1,1,51,0,0
54,540243,1,6,2,19,12,21,24,12,6,1,0,34,2,49,40,49040,4,2005,4T1BE32K95U3,4,T,1,B,E,3,2,K,9,5,U,3,0,0,0,000000000,00000000000,0,0,0,1,0,0,0,0,0,0,0,998,0,0,0,12,6,2,12,0,0,0,1,34,16401,6,1,0,0,3,0,70,999,0,0,0,1,1,4,2012,9,2013,0,58,28,81,0,2,2,70,1,6,2,1,0,0,1,90,9,1,6,66,1,0
54,540243,2,6,1,19,12,21,24,12,6,1,0,39,2,37,32,37032,4,2007,1HGCM66537A0,1,H,G,C,M,6,6,5,3,7,A,0,0,0,0,000000000,00000000000,0,0,0,1,0,0,0,0,0,0,0,998,0,0,0,12,6,2,12,0,0,0,1,39,44233,6,1,0,0,3,0,66,128,0,0,0,1,0,8,2013,8,2013,0,0,0,0,0,2,2,70,1,5,2,1,0,0,1,62,1,1,1,98,0,0
54,540243,3,6,6,19,12,21,24,12,6,1,0,24,2,35,421,35421,15,2014,5N1AA0NCXEN6,5,N,1,A,A,0,N,C,X,E,N,6,0,0,0,000000000,00000000000,0,0,0,1,0,0,0,0,0,0,0,998,0,0,0,1,6,2,12,0,0,0,1,47,21040,6,1,0,0,3,0,73,195,0,0,0,0,1,9,2014,9,2014,0,0,0,0,0,2,2,70,1,6,2,1,0,0,1,61,1,1,1,98,0,0
54,540243,4,6,2,19,12,21,24,12,6,1,0,34,3,37,32,37032,4,2014,1HGCR2F80EA1,1,H,G,C,R,2,F,8,0,E,A,1,0,0,0,000000000,00000000000,0,0,0,1,0,0,0,0,0,0,0,998,0,0,0,11,6,2,12,0,0,0,1,39,45431,6,1,0,0,3,0,999,999,99,99,99,99,99,99,9999,99,9999,0,28,81,0,0,2,2,70,1,6,2,1,0,0,1,90,8,1,2,98,0,0