STATE,ST_CASE,VEH_NO,VE_FORMS,NUMOCCS,DAY,MONTH,HOUR,MINUTE,HARM_EV,MAN_COLL,UNITTYPE,HIT_RUN,REG_STAT,OWNER,MAKE,MODEL,MAK_MOD,BODY_TYP,MOD_YEAR,VIN,VIN_1,VIN_2,VIN_3,VIN_4,VIN_5,VIN_6,VIN_7,VIN_8,VIN_9,VIN_10,VIN_11,VIN_12,TOW_VEH,J_KNIFE,MCARR_I1,MCARR_I2,MCARR_ID,GVWR,V_CONFIG,CARGO_BT,HAZ_INV,HAZ_PLAC,HAZ_ID,HAZ_CNO,HAZ_REL,BUS_USE,SPEC_USE,EMER_USE,TRAV_SP,UNDERIDE,ROLLOVER,ROLINLOC,IMPACT1,DEFORMED,TOWED,M_HARM,VEH_SC1,VEH_SC2,FIRE_EXP,DR_PRES,L_STATE,DR_ZIP,L_STATUS,L_TYPE,CDL_STAT,L_ENDORS,L_COMPL,L_RESTRI,DR_HGT,DR_WGT,PREV_ACC,PREV_SUS,PREV_DWI,PREV_SPD,PREV_OTH,FIRST_MO,FIRST_YR,LAST_MO,LAST_YR,SPEEDREL,DR_SF1,DR_SF2,DR_SF3,DR_SF4,VTRAFWAY,VNUM_LAN,VSPD_LIM,VALIGN,VPROFILE,VPAVETYP,VSURCOND,VTRAFCON,VTCONT_F,P_CRASH1,P_CRASH2,P_CRASH3,PCRASH4,PCRASH5,ACC_TYPE,DEATHS,DR_DRINK
55,550109,1,1,2,11,5,2,20,42,0,1,0,17,1,20,2,20002,4,2008,2G1WT58K7812,2,G,1,W,T,5,8,K,7,8,1,2,0,0,0,000000000,00000000000,0,0,0,1,0,0,0,0,0,0,0,89,0,0,0,12,6,2,42,0,0,0,1,17,61115,6,1,0,0,3,0,74,229,0,1,0,2,1,12,2011,5,2014,3,0,0,0,0,1,2,55,1,1,4,8,0,0,1,13,1,1,4,1,1,1
55,550110,1,2,1,11,5,16,22,12,6,1,0,55,2,7,482,7482,31,1997,1B7HF13Z6VJ5,1,B,7,H,F,1,3,Z,6,V,J,5,0,0,0,000000000,00000000000,0,0,0,1,0,0,0,0,0,0,0,999,0,0,0,9,6,2,12,0,0,0,1,55,53405,6,1,0,0,3,3,74,225,0,1,1,0,1,3,2012,7,2013,0,39,0,0,0,1,2,55,1,1,2,1,20,3,1,17,1,1,1,89,1,1
55,550110,2,2,1,11,5,16,22,12,6,1,0,55,3,85,884,85884,66,1987,1XKADB9X5HJ3,1,X,K,A,D,B,9,X,5,H,J,3,2,3,57,452648,57452648,3,7,97,1,0,0,0,0,0,0,0,999,0,1,1,12,6,2,12,0,0,0,1,55,53126,6,1,6,0,3,1,69,240,0,0,0,0,0,0,0,0,0,0,0,0,0,0,1,2,55,1,1,2,1,0,0,1,66,1,1,1,88,0,0
55,550111,1,1,1,13,5,16,17,51,0,1,0,55,1,12,481,12481,31,1997,1FTHX26G5VEA,1,F,T,H,X,2,6,G,5,V,E,A,1,2,0,000000000,00000000000,0,0,0,1,0,0,0,0,0,0,0,999,0,9,5,0,6,2,1,0,0,0,1,55,54961,6,1,0,0,3,3,73,250,1,0,0,0,0,7,2012,7,2012,0,88,0,0,0,1,2,55,1,6,2,1,0,0,1,8,1,7,1,0,1,0
55,550112,1,1,3,15,5,8,18,42,0,1,0,55,1,20,404,20404,14,2013,2GNALPEK5D63,2,G,N,A,L,P,E,K,5,D,6,3,0,0,0,000000000,00000000000,0,0,0,1,0,0,0,0,0,0,0,45,0,0,0,12,6,2,42,0,0,0,1,55,53223,6,1,0,0,3,0,68,200,0,0,0,0,0,0,0,0,0,0,0,0,0,0,1,2,25,1,1,2,2,0,0,1,12,1,1,4,6,1,0
55,550113,1,1,2,16,5,3,15,42,0,1,0,55,2,22,20,22020,4,2000,1G2WJ52KXYF2,1,G,2,W,J,5,2,K,X,Y,F,2,0,0,0,000000000,00000000000,0,0,0,1,0,0,0,0,0,0,0,999,0,0,0,3,6,2,42,0,0,0,1,55,54840,6,2,0,0,3,0,72,206,1,0,0,1,3,5,2013,2,2014,0,0,0,0,0,1,2,55,1,1,2,1,0,0,1,9,1,4,4,7,1,1
55,550114,1,1,2,17,5,0,17,1,0,1,0,55,1,10,34,10034,4,1991,4E3CU56AXME1,4,E,3,C,U,5,6,A,X,M,E,1,0,0,0,000000000,00000000000,0,0,0,1,0,0,0,0,0,0,0,65,0,9,5,0,6,2,1,0,0,0,1,55,54494,6,1,0,0,3,3,65,190,0,0,0,1,0,10,2012,10,2012,0,0,0,0,0,2,2,65,3,1,1,1,0,0,14,13,1,1,4,1,1,1
55,550115,1,1,1,17,5,19,31,42,0,1,0,55,2,6,441,6441,20,1999,1C4GP64L2XB7,1,C,4,G,P,6,4,L,2,X,B,7,0,0,0,000000000,00000000000,0,0,0,1,0,0,0,0,0,0,0,60,0,0,0,12,6,2,38,0,0,0,1,55,53223,6,1,0,0,3,3,66,150,0,0,0,1,0,2,2013,2,2013,0,0,0,0,0,3,2,55,1,1,2,1,0,0,1,13,1,1,4,1,1,1
55,550116,1,2,1,17,5,20,22,12,6,1,0,55,1,72,706,72706,80,1999,1HD1BLL14XY0,1,H,D,1,B,L,L,1,4,X,Y,0,0,0,0,000000000,00000000000,0,0,0,1,0,0,0,0,0,0,0,57,0,0,0,12,6,2,12,0,0,0,1,55,54636,6,1,6,0,3,0,72,220,1,0,0,1,1,6,2011,12,2013,0,0,0,0,0,1,2,40,3,1,2,1,0,0,14,67,3,2,1,83,1,1
55,550116,2,2,3,17,5,20,22,12,6,1,0,55,2,6,43,6043,4,2010,1C3CC5FB2AN1,1,C,3,C,C,5,F,B,2,A,N,1,0,0,0,000000000,00000000000,0,0,0,1,0,0,0,0,0,0,0,999,0,0,0,9,6,2,12,0,0,0,1,55,53901,0,0,0,0,0,0,70,185,1,1,0,0,4,10,2012,12,2013,0,38,0,0,0,1,2,55,1,1,2,1,20,3,11,15,1,1,1,82,0,1
55,550117,1,2,1,18,5,3,45,12,1,1,0,55,1,53,705,53705,80,2005,JS1GR7JA3521,J,S,1,G,R,7,J,A,3,5,2,1,0,0,0,000000000,00000000000,0,0,0,1,0,0,0,0,0,0,0,999,0,0,0,12,6,2,12,0,0,0,1,55,53210,1,1,0,0,2,0,70,240,0,0,0,0,0,0,0,0,0,3,0,0,0,0,2,2,35,1,2,1,1,0,0,1,65,1,1,1,77,1,1
55,550117,2,2,1,18,5,3,45,12,1,1,0,55,2,7,21,7021,6,2005,2D4FV48V45H5,2,D,4,F,V,4,8,V,4,5,H,5,0,0,0,000000000,00000000000,0,0,0,1,0,0,0,0,0,0,0,999,0,0,0,6,4,3,12,0,0,0,1,55,53216,6,1,0,0,3,3,65,125,1,0,0,0,0,11,2011,11,2011,0,38,0,0,0,2,2,35,1,2,1,1,20,3,11,15,1,1,2,76,0,1
55,550118,1,1,1,19,5,14,49,30,0,1,0,55,1,21,21,21021,4,2001,1G3NL52T21C2,1,G,3,N,L,5,2,T,2,1,C,2,0,0,0,000000000,00000000000,0,0,0,1,0,0,0,0,0,0,0,15,0,0,0,12,6,2,30,0,0,0,1,55,53072,6,1,0,0,3,0,72,245,0,0,0,0,1,8,2013,8,2013,0,28,51,29,0,1,2,25,1,5,2,1,0,0,1,12,1,1,4,6,1,0
55,550119,1,2,1,13,5,13,55,12,8,1,0,55,1,20,2,20002,4,2004,2G1WF52E2492,2,G,1,W,F,5,2,E,2,4,9,2,0,0,0,000000000,00000000000,0,0,0,1,0,0,0,0,0,0,0,55,0,0,0,63,6,2,12,0,0,0,1,55,53959,6,1,0,0,3,3,75,380,0,0,0,0,0,0,0,0,0,0,0,0,0,0,1,2,55,1,1,2,1,0,0,1,62,7,1,4,65,0,0
55,550119,2,2,1,13,5,13,55,12,8,1,0,55,1,2,404,2404,14,1997,1J4FJ28S5VL5,1,J,4,F,J,2,8,S,5,V,L,5,0,0,0,000000000,00000000000,0,0,0,1,0,0,0,0,0,0,0,999,0,1,5,61,6,2,1,0,0,0,1,55,53959,6,1,0,0,3,0,64,180,0,0,0,0,0,0,0,0,0,0,0,0,0,0,1,2,55,1,1,2,1,0,0,1,10,1,1,2,64,1,0
55,550120,1,1,1,19,5,23,56,8,0,1,0,55,3,92,989,92989,52,2013,15GGD2713D11,1,5,G,G,D,2,7,1,3,D,1,1,0,0,57,414229,57414229,3,21,22,1,0,0,0,0,6,3,0,999,0,0,0,4,0,5,8,0,0,0,1,55,53528,6,1,6,1,3,0,65,175,0,0,0,0,0,0,0,0,0,0,0,0,0,0,1,2,30,1,2,2,1,20,3,4,80,1,1,1,98,0,0
55,550121,1,1,1,21,5,15,51,8,0,1,0,55,3,90,989,90989,50,2009,1BAKFCPH59F2,1,B,A,K,F,C,P,H,5,9,F,2,0,0,57,709283,57709283,3,21,22,1,0,0,0,0,1,2,0,5,0,0,0,12,0,3,8,0,0,0,1,55,53209,6,1,6,1,3,1,67,218,1,0,0,0,1,5,2012,9,2012,0,0,0,0,0,1,4,30,1,1,1,1,2,3,4,80,1,1,1,13,0,0
55,550122,1,2,1,21,5,11,57,12,1,1,0,55,3,98,884,98884,63,1999,10TDAAC26XS0,1,0,T,D,A,A,C,2,6,X,S,0,0,0,57,774703,57774703,3,2,5,1,0,0,0,0,0,0,0,999,0,0,0,12,4,5,12,0,0,0,1,55,54986,6,1,6,0,3,0,72,320,1,0,0,0,1,6,2012,10,2012,0,0,0,0,0,1,2,45,1,1,1,1,0,0,1,50,4,9,1,20,0,0
55,550122,2,2,1,21,5,11,57,12,1,1,0,55,1,48,399,48399,4,2008,JF1SG36378G7,J,F,1,S,G,3,6,3,7,8,G,7,0,0,0,000000000,00000000000,0,0,0,1,0,0,0,0,0,0,0,0,0,0,0,6,6,2,12,0,0,0,1,55,54913,6,1,0,0,3,3,65,165,0,0,0,0,0,0,0,0,0,0,0,0,0,0,1,2,45,1,1,1,1,0,0,5,53,1,1,1,22,1,0
55,550123,1,1,1,21,5,16,55,42,0,1,0,55,2,20,16,20016,2,1993,1G1JC14T7P73,1,G,1,J,C,1,4,T,7,P,7,3,0,0,0,000000000,00000000000,0,0,0,1,0,0,0,0,0,0,0,63,0,0,0,61,6,2,42,0,0,0,1,55,54157,1,1,1,0,2,0,75,198,0,0,0,1,0,5,2012,5,2012,3,0,0,0,0,1,2,55,1,1,2,1,0,0,1,9,1,3,4,2,1,1
55,550124,1,1,1,22,5,2,0,32,0,1,0,55,1,20,481,20481,31,1994,2GCEK19K9R12,2,G,C,E,K,1,9,K,9,R,1,2,0,0,0,000000000,00000000000,0,0,0,1,0,0,0,0,0,0,0,55,0,1,5,12,6,2,1,0,0,0,1,55,54915,6,1,0,0,3,3,68,240,0,0,0,0,0,0,0,0,0,0,0,0,0,0,1,2,55,1,1,2,1,0,0,1,13,1,9,4,1,1,1
55,550125,1,1,3,24,5,1,9,42,0,1,0,55,1,22,403,22403,14,2006,2CKDL73F7661,2,C,K,D,L,7,3,F,7,6,6,1,0,0,0,000000000,00000000000,0,0,0,1,0,0,0,0,0,0,0,999,0,1,5,99,6,2,42,0,0,0,1,55,53090,6,1,0,0,3,0,68,176,0,0,0,3,0,7,2011,2,2013,0,58,0,0,0,1,2,55,3,1,2,1,0,0,14,6,3,4,4,7,1,1
55,550126,1,1,2,24,5,12,26,1,0,1,0,55,1,37,706,37706,80,2012,JH2SC68G9CK0,J,H,2,S,C,6,8,G,9,C,K,0,0,0,0,000000000,00000000000,0,0,0,1,0,0,0,0,0,0,0,35,0,0,0,0,6,2,1,0,0,0,1,55,54007,6,1,8,0,3,3,69,200,0,0,0,0,0,0,0,0,0,0,28,0,0,0,1,2,55,3,2,2,1,0,0,10,9,2,9,2,98,2,0
55,550127,1,2,1,24,5,16,20,12,6,1,0,55,3,20,37,20037,4,2014,1G11E5SLXEF2,1,G,1,1,E,5,S,L,X,E,F,2,0,0,0,000000000,00000000000,0,0,0,1,0,0,0,0,0,0,0,999,0,0,0,3,6,2,12,0,0,0,1,12,33486,6,1,0,0,3,0,72,999,0,0,0,2,0,4,2012,5,2012,0,38,0,0,0,1,2,55,1,1,2,1,20,3,4,17,1,1,1,87,0,0
55,550127,2,2,1,24,5,16,20,12,6,1,0,55,1,18,2,18002,4,1997,1G4HR52K9VH4,1,G,4,H,R,5,2,K,9,V,H,4,0,0,0,000000000,00000000000,0,0,0,1,0,0,0,0,0,0,0,55,0,0,0,12,6,2,12,0,0,0,1,55,54452,6,1,0,0,3,0,69,178,0,0,0,0,0,0,0,0,0,0,0,0,0,0,1,2,55,1,1,2,1,0,0,1,66,1,1,1,86,1,0
55,550128,1,1,1,24,5,17,33,1,0,1,0,55,1,72,706,72706,80,2005,1HD1FYW175Y7,1,H,D,1,F,Y,W,1,7,5,Y,7,0,0,0,000000000,00000000000,0,0,0,1,0,0,0,0,0,0,0,40,0,0,0,0,6,2,1,0,0,0,1,55,53941,6,1,6,0,3,0,68,145,0,0,0,0,0,0,0,0,0,0,0,0,0,0,1,2,35,2,1,2,1,0,0,14,9,1,9,4,7,1,1
55,550129,1,1,1,24,5,20,0,42,0,1,0,55,1,12,471,12471,30,2003,1FTZR45E43TA,1,F,T,Z,R,4,5,E,4,3,T,A,0,0,0,000000000,00000000000,0,0,0,1,0,0,0,0,0,0,0,60,0,0,0,12,6,2,42,0,0,0,1,55,53518,6,1,0,0,3,0,72,200,0,0,0,0,0,0,0,0,0,4,0,0,0,0,1,2,55,1,3,4,1,0,0,1,54,6,1,4,8,1,1
55,550130,1,1,2,26,5,11,32,11,0,1,0,55,2,12,16,12016,4,1994,2FALP73W9RX1,2,F,A,L,P,7,3,W,9,R,X,1,0,0,0,000000000,00000000000,0,0,0,1,0,0,0,0,0,0,0,65,0,0,0,12,4,3,11,0,0,0,1,55,54703,6,1,0,0,3,3,68,160,0,0,0,0,0,0,0,0,0,0,0,0,0,0,2,2,65,1,1,2,1,0,0,1,87,1,9,1,13,1,0
55,550131,1,2,1,26,5,7,15,12,1,1,0,55,1,37,706,37706,80,1983,1HFSC100XDA0,1,H,F,S,C,1,0,0,X,D,A,0,0,0,0,000000000,00000000000,0,0,0,1,0,0,0,0,0,0,0,999,0,0,0,12,6,2,12,0,0,0,1,55,53015,6,1,0,0,3,0,70,305,0,0,0,0,0,0,0,0,0,0,35,0,0,0,1,2,55,1,1,2,2,0,0,6,51,6,1,1,24,1,1
55,550131,2,2,1,26,5,7,15,12,1,1,0,0,0,98,998,98998,92,1984,4007982,4,0,0,7,9,8,2,,,,,,1,1,0,000000000,00000000000,0,0,0,1,0,0,0,0,0,0,0,999,0,0,0,6,2,5,12,0,0,0,1,55,53042,6,1,6,0,1,0,70,170,0,0,0,0,0,0,0,0,0,0,0,0,0,0,1,2,55,1,1,2,2,0,0,1,53,1,1,1,25,0,0
55,550132,1,1,1,24,5,14,5,35,0,1,0,55,2,34,706,34706,80,1992,WB1057304N62,W,B,1,0,5,7,3,0,4,N,6,2,0,0,0,000000000,00000000000,0,0,0,1,0,0,0,0,0,0,0,50,0,0,0,12,4,3,35,0,0,0,1,55,53944,6,1,0,0,3,3,73,195,0,0,0,0,0,0,0,0,0,0,0,0,0,0,1,2,55,3,2,2,1,0,0,14,9,1,9,4,2,1,0
55,550133,1,3,1,24,5,21,40,25,0,1,0,55,1,72,706,72706,80,2013,1HD1KBM10DB6,1,H,D,1,K,B,M,1,0,D,B,6,0,0,0,000000000,00000000000,0,0,0,1,0,0,0,0,0,0,0,999,0,0,0,12,6,2,54,0,0,0,1,55,53027,6,1,0,0,3,0,66,145,0,0,0,0,0,0,0,0,0,0,0,0,0,0,3,2,55,1,1,2,1,0,0,16,12,3,2,4,6,1,1
55,550133,2,3,2,24,5,21,40,25,0,1,0,17,1,34,34,34034,4,1998,WBACD332XWAV,W,B,A,C,D,3,3,2,X,W,A,V,0,0,0,000000000,00000000000,0,0,0,1,0,0,0,0,0,0,0,999,0,0,0,99,4,3,54,0,0,0,1,17,61102,6,1,0,0,3,3,80,150,0,0,0,0,0,0,0,0,0,0,0,0,0,0,3,2,55,1,1,2,1,0,0,1,98,99,1,1,98,0,0
55,550133,3,3,1,24,5,21,40,25,0,1,0,55,1,18,3,18003,4,2002,1G4CU5412242,1,G,4,C,U,5,4,1,2,2,4,2,0,0,0,000000000,00000000000,0,0,0,1,0,0,0,0,0,0,0,999,0,0,0,99,4,3,54,0,0,0,1,55,53121,6,1,0,0,3,3,66,140,1,0,0,0,0,4,2014,4,2014,0,0,0,0,0,3,2,55,1,1,2,1,0,0,1,98,99,1,1,98,0,0
55,550134,1,1,1,25,5,2,55,11,0,1,0,55,1,72,706,72706,80,2009,1HD1GY4119K3,1,H,D,1,G,Y,4,1,1,9,K,3,0,0,0,000000000,00000000000,0,0,0,1,0,0,0,0,0,0,0,55,0,0,0,12,4,3,11,0,0,0,1,55,53924,6,1,0,0,3,3,76,320,0,0,0,0,0,0,0,0,0,0,0,0,0,0,1,2,55,1,1,2,1,0,0,1,87,3,2,1,13,1,1
55,550135,1,1,1,25,5,21,30,11,0,1,0,55,1,72,706,72706,80,1996,1HD1FFR12TY6,1,H,D,1,F,F,R,1,2,T,Y,6,0,0,0,000000000,00000000000,0,0,0,1,0,0,0,0,0,0,0,999,0,0,0,12,2,3,11,0,0,0,1,55,54701,6,1,6,0,3,3,72,200,0,0,0,0,0,0,0,0,0,0,0,0,0,0,1,2,45,1,3,2,1,0,0,1,87,1,9,1,13,1,1
55,550136,1,1,1,29,5,20,0,34,0,1,0,18,1,52,37,52037,3,2001,4A3AC84HX1E0,4,A,3,A,C,8,4,H,X,1,E,0,0,0,0,000000000,00000000000,0,0,0,1,0,0,0,0,0,0,0,999,0,1,5,99,6,2,1,0,0,0,1,18,46408,6,1,0,0,3,0,69,170,0,0,0,0,0,0,0,0,0,3,0,0,0,0,1,2,55,3,3,2,1,0,0,14,6,1,9,4,7,1,1
55,550137,1,1,1,30,5,10,50,9,0,1,0,55,3,85,884,85884,63,1999,1NKDXUTX9XS8,1,N,K,D,X,U,T,X,9,X,S,8,0,0,57,995595,57995595,3,2,4,1,0,0,0,0,0,0,0,35,0,0,0,1,2,3,9,0,0,0,1,55,53010,6,1,6,0,3,0,69,157,2,0,0,0,0,6,2011,12,2012,0,0,0,0,0,1,2,35,1,1,2,1,0,0,1,83,2,1,1,13,0,0
55,550138,1,1,1,30,5,20,16,33,0,1,0,55,2,76,706,76706,80,2002,JYARN07Y92A0,J,Y,A,R,N,0,7,Y,9,2,A,0,0,0,0,000000000,00000000000,0,0,0,1,0,0,0,0,0,0,0,998,0,0,0,12,6,2,30,0,0,0,1,55,54302,3,1,0,0,2,0,68,230,0,0,0,0,0,0,0,0,0,3,0,0,0,0,1,2,25,2,1,2,1,0,0,14,6,1,9,4,7,1,0
55,550139,1,1,2,31,5,3,30,1,0,1,0,55,2,12,481,12481,31,1998,2FTZX18W0WCA,2,F,T,Z,X,1,8,W,0,W,C,A,0,0,0,000000000,00000000000,0,0,0,1,0,0,0,0,0,0,0,80,0,9,1,0,6,2,1,0,0,0,1,55,53913,6,1,0,0,3,3,73,175,0,0,0,0,0,0,0,0,0,4,28,87,0,0,1,2,45,2,2,2,1,0,0,14,12,3,2,6,98,1,1
55,550140,1,1,1,31,5,13,40,35,0,1,0,55,1,9,442,9442,20,1991,1P4GH44R5MX6,1,P,4,G,H,4,4,R,5,M,X,6,0,0,0,000000000,00000000000,0,0,0,1,0,0,0,0,0,0,0,999,0,1,5,12,6,2,1,0,0,0,1,55,54487,6,1,0,0,3,0,65,175,1,0,0,0,0,2,2013,2,2013,0,0,0,0,0,1,2,55,1,1,2,1,0,0,1,12,1,1,4,6,1,0
55,550141,1,1,1,31,5,17,43,18,0,1,0,55,1,72,706,72706,80,1996,1HD1GEL1XTY3,1,H,D,1,G,E,L,1,X,T,Y,3,0,0,0,000000000,00000000000,0,0,0,1,0,0,0,0,0,0,0,65,0,0,0,12,6,2,20,0,0,0,1,55,53226,6,1,0,0,3,0,70,210,0,0,0,0,0,0,0,0,0,4,0,0,0,0,3,3,50,1,1,1,1,98,3,1,6,3,2,4,7,1,0
55,550142,1,1,1,29,5,19,44,5,0,1,0,55,1,20,421,20421,15,1995,1GNDT13W7S22,1,G,N,D,T,1,3,W,7,S,2,2,0,0,0,000000000,00000000000,0,0,0,1,0,0,0,0,0,0,0,1,0,0,0,0,0,3,5,0,0,0,1,55,53045,6,1,8,0,3,0,70,240,0,0,0,0,0,0,0,0,0,0,54,59,0,0,1,2,25,1,5,2,1,0,0,98,98,1,1,2,0,1,0
55,550143,1,1,1,5,5,22,0,42,0,1,0,55,1,54,35,54035,4,1998,JH4UA3645WC0,J,H,4,U,A,3,6,4,5,W,C,0,0,0,0,000000000,00000000000,0,0,0,1,0,0,0,0,0,0,0,999,0,0,0,12,6,2,42,0,0,0,1,55,53218,0,0,0,0,0,0,69,145,1,0,0,0,0,12,2013,12,2013,3,0,0,0,0,1,2,30,1,1,1,1,0,0,11,6,99,9,4,2,1,1
55,550144,1,2,1,4,6,15,20,12,2,1,0,55,1,24,2,24002,17,2002,1G8ZR147X2Z1,1,G,8,Z,R,1,4,7,X,2,Z,1,0,0,0,000000000,00000000000,0,0,0,1,0,0,0,0,0,0,0,60,0,0,0,12,6,2,12,0,0,0,1,55,53024,6,2,0,0,3,3,71,200,1,1,0,3,0,10,2012,11,2012,0,28,0,0,0,1,2,55,1,1,2,1,0,0,1,10,1,1,2,50,1,0
55,550144,2,2,1,4,6,15,20,12,2,1,0,55,2,12,17,12017,4,2010,1FAHP2JW8AG1,1,F,A,H,P,2,J,W,8,A,G,1,0,0,0,000000000,00000000000,0,0,0,1,0,0,0,0,0,0,0,55,0,0,0,12,6,2,12,0,0,0,1,55,53078,6,1,0,0,3,0,66,160,1,0,0,1,0,11,2011,3,2013,0,0,0,0,0,1,2,55,1,1,2,1,0,0,1,62,9,9,1,51,0,0
55,550145,1,2,1,2,6,13,8,33,0,1,0,55,2,23,471,23471,30,1994,1GKDT13W2R05,1,G,K,D,T,1,3,W,2,R,0,5,0,0,0,000000000,00000000000,0,0,0,1,0,0,0,0,0,0,0,999,0,1,1,12,6,2,12,0,0,0,1,55,53090,6,1,0,0,3,3,71,250,0,0,0,0,0,0,0,0,0,0,0,0,0,0,1,4,35,2,2,2,1,0,0,14,13,99,9,4,1,1,0
55,550145,2,2,1,2,6,13,8,33,0,1,0,55,1,12,422,12422,15,2006,1FMPU16526LA,1,F,M,P,U,1,6,5,2,6,L,A,0,0,0,000000000,00000000000,0,0,0,1,0,0,0,0,0,0,0,39,0,0,0,12,6,2,12,0,0,0,1,55,53095,6,1,0,0,3,0,76,319,0,0,0,0,0,0,0,0,0,0,0,0,0,0,1,4,35,3,2,2,1,0,0,14,62,7,1,1,98,0,0
55,550146,1,1,1,6,6,5,27,42,0,1,0,55,1,30,46,30046,4,2006,WVWCU73C86P0,W,V,W,C,U,7,3,C,8,6,P,0,0,0,0,000000000,00000000000,0,0,0,1,0,0,0,0,0,0,0,75,0,0,0,12,6,2,42,0,0,0,1,55,53105,6,1,0,0,3,3,70,135,0,1,1,1,3,7,2011,5,2013,4,6,28,0,0,1,2,35,1,6,2,1,0,0,1,6,1,4,4,7,1,1
55,550147,1,2,1,5,6,23,57,12,1,1,0,55,1,76,705,76705,80,2009,JYARJ16E89A0,J,Y,A,R,J,1,6,E,8,9,A,0,0,0,0,000000000,00000000000,0,0,0,1,0,0,0,0,0,0,0,97,0,0,0,12,6,2,12,0,0,0,1,55,53051,6,1,0,0,3,0,71,145,1,2,0,4,3,10,2011,8,2013,3,36,0,0,0,2,2,45,1,1,2,1,0,0,1,51,3,2,1,24,1,1
55,550147,2,2,1,5,6,23,57,12,1,1,0,55,3,85,884,85884,63,2006,1NKDLU0X86R1,1,N,K,D,L,U,0,X,8,6,R,1,0,0,57,1471485,571471485,3,2,4,1,0,0,0,0,0,0,0,999,0,0,0,6,4,3,12,0,0,0,1,55,53154,6,1,6,0,3,0,66,160,0,0,0,1,0,6,2013,6,2013,0,0,0,0,0,2,2,45,1,1,2,1,0,0,4,53,1,1,1,25,0,0
55,550148,1,1,1,9,6,5,34,34,0,1,0,55,2,18,7,18007,4,1990,1G4AL54N0L64,1,G,4,A,L,5,4,N,0,L,6,4,0,0,0,000000000,00000000000,0,0,0,1,0,0,0,0,0,0,0,55,0,1,4,99,6,2,1,0,0,0,1,55,54208,1,1,0,0,2,0,66,120,1,0,0,0,1,3,2013,5,2013,0,0,0,0,0,1,2,55,1,2,2,1,0,0,1,12,1,1,4,6,1,0
55,550149,1,1,1,5,6,19,37,30,0,1,0,55,1,14,17,14017,4,2001,1MEHM55S61G6,1,M,E,H,M,5,5,S,6,1,G,6,0,0,0,000000000,00000000000,0,0,0,1,0,0,0,0,0,0,0,35,0,1,5,12,6,2,1,0,0,0,1,55,53214,6,1,0,0,3,3,59,95,1,0,0,0,2,7,2012,1,2014,0,0,0,0,0,1,2,40,1,1,2,1,0,0,1,13,1,1,4,1,1,0
55,550150,1,1,2,8,6,1,50,53,0,1,0,55,2,55,33,55033,4,2001,KMHWF35V91A4,K,M,H,W,F,3,5,V,9,1,A,4,0,0,0,000000000,00000000000,0,0,0,1,0,0,0,0,0,0,0,81,0,1,5,99,6,2,1,0,0,0,1,55,53168,6,1,0,0,3,0,67,176,1,0,0,0,2,11,2011,12,2013,4,28,0,0,0,4,2,45,2,1,2,2,0,0,14,6,3,9,4,1,1,1
55,550151,1,1,1,9,6,20,47,42,0,1,0,55,2,53,705,53705,80,1992,JS1GN72A5N21,J,S,1,G,N,7,2,A,5,N,2,1,0,0,0,000000000,00000000000,0,0,0,1,0,0,0,0,0,0,0,999,0,0,0,12,6,2,42,0,0,0,1,55,53204,0,0,0,0,0,0,69,185,1,2,0,1,4,2,2012,7,2013,4,0,0,0,0,1,2,25,2,1,1,1,0,0,14,12,99,1,4,6,1,0
55,550152,1,1,2,14,6,0,48,42,0,1,0,55,1,37,32,37032,2,1993,1HGCB715XPA0,1,H,G,C,B,7,1,5,X,P,A,0,0,0,0,000000000,00000000000,0,0,0,1,0,0,0,0,0,0,0,45,0,0,0,12,6,2,42,0,0,0,1,55,53529,6,1,0,0,3,0,63,135,0,0,0,0,1,11,2011,11,2011,3,0,0,0,0,1,2,45,2,1,2,1,0,0,14,12,1,1,4,6,1,1
55,550153,1,1,1,15,6,2,33,34,0,1,0,55,1,12,481,12481,31,2008,1FTNF215X8EE,1,F,T,N,F,2,1,5,X,8,E,E,0,0,0,000000000,00000000000,0,0,0,1,0,0,0,0,0,0,0,999,0,1,2,12,6,2,1,0,0,0,1,55,53583,6,1,0,0,3,0,70,230,0,0,0,0,0,0,0,0,0,0,58,0,0,0,1,2,55,3,2,2,1,0,0,14,6,6,3,4,7,1,1
55,550154,1,1,1,12,6,99,99,43,0,1,0,55,1,98,709,98709,81,2008,L8XTBKC0780W,L,8,X,T,B,K,C,0,7,8,0,W,0,0,0,000000000,00000000000,0,0,0,1,0,0,0,0,0,0,0,45,0,0,0,99,4,3,43,0,0,0,1,55,54157,2,1,0,0,2,0,69,214,0,1,1,1,2,6,2011,11,2013,0,0,0,0,0,1,2,55,1,1,2,1,0,0,1,12,99,9,4,6,1,1
55,550155,1,1,2,17,6,8,15,1,0,1,0,55,1,20,481,20481,31,2003,2GCEK19T1312,2,G,C,E,K,1,9,T,1,3,1,2,0,0,0,000000000,00000000000,0,0,0,1,0,0,0,0,0,0,0,65,0,1,1,0,6,2,1,0,0,0,1,55,54950,6,1,0,0,3,3,72,265,0,0,0,0,0,0,0,0,0,0,0,0,0,0,2,2,65,1,1,1,1,0,0,1,98,1,1,6,98,2,0
55,550156,1,2,1,16,6,19,27,12,6,1,0,55,1,37,705,37705,80,2008,JH2PC40168M1,J,H,2,P,C,4,0,1,6,8,M,1,0,0,0,000000000,00000000000,0,0,0,1,0,0,0,0,0,0,0,50,0,0,0,12,6,2,12,0,0,0,1,55,53223,6,1,0,0,3,3,70,210,1,0,0,1,1,8,2013,11,2013,3,0,0,0,0,1,2,25,1,1,2,1,0,0,1,66,3,9,1,86,1,0