STATE,ST_CASE,VEH_NO,VE_FORMS,NUMOCCS,DAY,MONTH,HOUR,MINUTE,HARM_EV,MAN_COLL,UNITTYPE,HIT_RUN,REG_STAT,OWNER,MAKE,MODEL,MAK_MOD,BODY_TYP,MOD_YEAR,VIN,VIN_1,VIN_2,VIN_3,VIN_4,VIN_5,VIN_6,VIN_7,VIN_8,VIN_9,VIN_10,VIN_11,VIN_12,TOW_VEH,J_KNIFE,MCARR_I1,MCARR_I2,MCARR_ID,GVWR,V_CONFIG,CARGO_BT,HAZ_INV,HAZ_PLAC,HAZ_ID,HAZ_CNO,HAZ_REL,BUS_USE,SPEC_USE,EMER_USE,TRAV_SP,UNDERIDE,ROLLOVER,ROLINLOC,IMPACT1,DEFORMED,TOWED,M_HARM,VEH_SC1,VEH_SC2,FIRE_EXP,DR_PRES,L_STATE,DR_ZIP,L_STATUS,L_TYPE,CDL_STAT,L_ENDORS,L_COMPL,L_RESTRI,DR_HGT,DR_WGT,PREV_ACC,PREV_SUS,PREV_DWI,PREV_SPD,PREV_OTH,FIRST_MO,FIRST_YR,LAST_MO,LAST_YR,SPEEDREL,DR_SF1,DR_SF2,DR_SF3,DR_SF4,VTRAFWAY,VNUM_LAN,VSPD_LIM,VALIGN,VPROFILE,VPAVETYP,VSURCOND,VTRAFCON,VTCONT_F,P_CRASH1,P_CRASH2,P_CRASH3,PCRASH4,PCRASH5,ACC_TYPE,DEATHS,DR_DRINK
55,550156,2,2,1,16,6,19,27,12,6,1,0,55,1,49,32,49032,5,2009,2T1KE40E19C0,2,T,1,K,E,4,0,E,1,9,C,0,0,0,0,000000000,00000000000,0,0,0,1,0,0,0,0,0,0,0,999,0,0,0,2,4,3,12,0,0,0,1,55,53202,6,1,0,0,3,3,70,185,0,0,0,0,0,0,0,0,0,0,0,0,0,0,2,2,25,1,1,2,1,20,3,1,17,1,1,1,87,0,0
55,550157,1,1,1,17,6,3,0,42,0,1,0,55,1,13,421,13421,15,2007,5LMFU28567LJ,5,L,M,F,U,2,8,5,6,7,L,J,0,0,0,000000000,00000000000,0,0,0,1,0,0,0,0,0,0,0,50,0,0,0,12,6,2,3,0,0,0,1,55,54474,6,1,0,0,3,0,72,175,0,0,0,0,0,0,0,0,0,0,0,0,0,0,1,4,35,3,1,1,99,0,0,1,13,1,1,4,1,1,1
55,550158,1,1,1,17,6,14,24,42,0,1,0,55,1,37,706,37706,82,2005,1HFSC47025A4,1,H,F,S,C,4,7,0,2,5,A,4,0,0,0,000000000,00000000000,0,0,0,1,0,0,0,0,0,0,0,55,0,0,0,12,4,3,42,0,0,0,1,55,54121,6,1,0,0,3,3,74,190,0,0,0,0,0,0,0,0,0,0,0,0,0,0,1,2,55,3,1,2,98,0,0,14,13,1,1,4,1,1,0
55,550159,1,2,2,18,6,8,38,12,6,1,0,55,2,12,17,12017,4,2004,1FAFP55S54G1,1,F,A,F,P,5,5,S,5,4,G,1,0,0,0,000000000,00000000000,0,0,0,1,0,0,0,0,0,0,0,999,0,0,0,3,6,2,12,0,0,0,1,55,53011,6,2,0,0,3,3,68,130,1,0,0,0,0,12,2012,12,2012,4,28,0,0,0,1,2,55,2,6,2,2,0,0,14,10,1,1,2,64,2,0
55,550159,2,2,1,18,6,8,38,12,6,1,0,55,3,20,2,20002,4,2014,2G1WD5E32E11,2,G,1,W,D,5,E,3,2,E,1,1,0,0,0,000000000,00000000000,0,0,0,1,0,0,0,0,0,5,3,999,0,0,0,12,6,2,12,0,0,0,1,55,53040,6,1,0,0,3,0,68,185,0,0,0,0,0,0,0,0,0,0,87,16,0,0,1,2,55,3,5,2,2,0,0,14,62,1,1,1,65,0,0
55,550160,1,1,2,16,6,7,7,1,0,1,0,55,2,18,401,18401,14,2004,3G5DA03E44S5,3,G,5,D,A,0,3,E,4,4,S,5,0,0,0,000000000,00000000000,0,0,0,1,0,0,0,0,0,0,0,90,0,9,1,0,6,2,1,0,0,0,1,55,53048,0,0,0,0,0,0,70,190,0,2,0,4,0,10,2011,4,2013,3,58,6,0,0,3,2,65,1,2,2,1,0,0,1,8,1,4,6,98,1,0
55,550161,1,2,1,9,6,12,11,12,2,1,0,55,1,20,39,20039,4,2008,KL1TD66638B0,K,L,1,T,D,6,6,6,3,8,B,0,0,0,0,000000000,00000000000,0,0,0,1,0,0,0,0,0,0,0,55,0,0,0,12,6,2,12,0,0,0,1,17,60097,6,1,0,0,3,3,68,175,0,0,0,0,1,2,2014,2,2014,0,28,51,0,0,1,2,55,3,1,2,1,0,0,14,10,1,9,2,50,0,0
55,550161,2,2,1,9,6,12,11,12,2,1,0,55,2,19,3,19003,4,1994,1G6KD52B2RU2,1,G,6,K,D,5,2,B,2,R,U,2,0,0,0,000000000,00000000000,0,0,0,1,0,0,0,0,0,0,0,55,0,0,0,12,6,2,12,0,0,0,1,55,53511,6,1,0,0,3,3,70,375,0,0,0,0,0,0,0,0,0,0,0,0,0,0,1,2,55,2,1,2,1,0,0,14,62,1,9,9,51,1,0
55,550162,1,2,1,13,6,16,15,12,6,1,0,55,1,12,13,12013,6,1997,3FALP15P9VR1,3,F,A,L,P,1,5,P,9,V,R,1,0,0,0,000000000,00000000000,0,0,0,1,0,0,0,0,0,0,0,55,0,0,0,12,6,2,12,0,0,0,1,55,53586,6,1,0,0,3,3,68,170,0,0,0,0,2,11,2011,12,2013,0,0,0,0,0,1,2,55,4,2,2,1,0,0,14,64,1,1,1,98,0,0
55,550162,2,2,1,13,6,16,15,12,6,1,0,55,2,49,32,49032,4,1987,JT2AE82E2H34,J,T,2,A,E,8,2,E,2,H,3,4,0,0,0,000000000,00000000000,0,0,0,1,0,0,0,0,0,0,0,999,0,0,0,9,6,2,12,0,0,0,1,55,53522,6,1,0,0,3,3,68,238,1,0,0,0,0,7,2011,7,2011,0,29,30,0,0,1,2,55,4,2,2,1,0,0,14,11,1,1,6,98,1,0
55,550163,1,2,1,20,6,8,5,12,6,1,0,55,1,18,3,18003,4,1990,1G4CW54CXL16,1,G,4,C,W,5,4,C,X,L,1,6,0,0,0,000000000,00000000000,0,0,0,1,0,0,0,0,0,0,0,55,0,0,0,9,6,2,12,0,0,0,1,55,54005,6,1,0,0,3,3,70,150,0,0,0,0,0,0,0,0,0,0,38,39,0,0,1,2,55,1,2,2,1,20,3,1,17,1,1,1,89,1,0
55,550163,2,2,3,20,6,8,5,12,6,1,0,55,3,6,441,6441,20,2012,2C4RC1CG3CR2,2,C,4,R,C,1,C,G,3,C,R,2,0,0,0,000000000,00000000000,0,0,0,1,0,0,0,0,0,0,0,55,0,0,0,12,6,2,12,0,0,0,1,55,54734,6,1,0,0,3,0,64,230,0,0,0,0,0,0,0,0,0,0,0,0,0,0,1,2,55,1,2,2,1,0,0,1,66,3,2,1,88,0,0
55,550164,1,2,1,21,6,1,15,12,6,1,0,55,1,20,2,20002,4,2009,2G1WD57C0912,2,G,1,W,D,5,7,C,0,9,1,2,0,0,0,000000000,00000000000,0,0,0,1,0,0,0,0,0,0,0,999,0,0,0,12,6,2,12,0,0,1,1,55,53209,6,1,6,0,3,0,73,210,1,0,0,2,1,6,2011,5,2014,4,28,33,51,0,1,2,25,1,1,1,1,0,0,6,10,1,1,2,98,0,1
55,550164,2,2,1,21,6,1,15,12,6,1,0,55,2,12,15,12015,4,1986,1FABP23X5GK2,1,F,A,B,P,2,3,X,5,G,K,2,0,0,0,000000000,00000000000,0,0,0,1,0,0,0,0,0,0,0,999,0,1,1,10,6,2,12,0,0,1,1,55,53209,6,2,0,0,3,0,67,219,0,0,0,0,0,0,0,0,0,0,0,0,0,0,1,2,25,1,1,1,1,0,0,11,15,1,1,2,98,1,0
55,550165,1,1,1,21,6,11,32,42,0,1,0,55,1,20,473,20473,30,2010,1GCCSBD92A81,1,G,C,C,S,B,D,9,2,A,8,1,0,0,0,000000000,00000000000,0,0,0,1,0,0,0,0,0,0,0,45,0,0,0,12,6,2,42,0,0,0,1,55,54759,6,1,0,0,3,0,67,180,0,0,0,0,0,0,0,0,0,0,0,0,0,0,1,2,45,1,1,2,1,0,0,1,11,1,1,4,6,1,1
55,550166,1,1,1,21,6,19,21,31,0,1,0,55,1,37,705,37705,80,2008,JH2PC40028M1,J,H,2,P,C,4,0,0,2,8,M,1,0,0,0,000000000,00000000000,0,0,0,1,0,0,0,0,0,0,0,97,0,0,0,12,6,2,31,0,0,1,1,55,53072,6,1,0,0,2,2,74,150,1,3,2,4,8,8,2011,9,2013,4,74,0,0,0,6,2,65,3,1,2,1,0,0,14,13,1,1,4,1,1,1
55,550167,1,2,1,21,6,21,20,12,6,1,0,55,2,72,706,72706,80,2005,1HD1FRW1X5Y6,1,H,D,1,F,R,W,1,X,5,Y,6,0,0,0,000000000,00000000000,0,0,0,1,0,0,0,0,0,0,0,70,0,0,0,12,6,2,12,0,0,0,1,55,54521,6,1,0,0,3,1,73,280,0,1,1,0,0,7,2011,8,2011,0,0,0,0,0,3,2,65,1,1,1,1,0,0,1,66,3,2,1,86,1,0
55,550167,2,2,1,21,6,21,20,12,6,1,0,55,2,12,461,12461,21,2002,1FDRE14L82HA,1,F,D,R,E,1,4,L,8,2,H,A,0,0,0,000000000,00000000000,0,0,0,1,0,0,0,0,0,0,0,15,0,0,0,3,6,2,12,0,0,0,1,55,54484,6,1,0,0,3,0,66,160,1,1,1,0,1,12,2011,7,2013,0,38,39,0,0,1,2,55,1,1,1,1,20,3,4,17,1,9,1,87,0,0
55,550168,1,1,1,21,6,22,30,11,0,1,0,55,1,72,706,72706,80,2005,1HD1PKE125Y9,1,H,D,1,P,K,E,1,2,5,Y,9,0,0,0,000000000,00000000000,0,0,0,1,0,0,0,0,0,0,0,999,0,0,0,12,6,2,52,0,0,0,1,55,53023,6,1,0,0,3,0,67,145,1,0,0,0,0,1,2012,1,2012,0,0,0,0,0,2,2,65,3,1,1,1,0,0,14,87,3,2,1,13,1,0
55,550169,1,2,1,19,6,7,56,12,6,1,0,55,1,49,40,49040,4,2001,4T1BG22K11U7,4,T,1,B,G,2,2,K,1,1,U,7,0,0,0,000000000,00000000000,0,0,0,1,0,0,0,0,0,0,0,5,0,0,0,8,6,2,12,0,0,0,1,55,54730,6,1,0,0,3,0,64,105,0,0,0,0,0,0,0,0,0,0,38,39,0,0,1,2,55,1,1,2,2,20,3,4,15,1,1,1,89,1,0
55,550169,2,2,1,19,6,7,56,12,6,1,0,55,2,87,884,87884,66,1995,1XPCD68X9SN3,1,X,P,C,D,6,8,X,9,S,N,3,1,1,57,1871660,571871660,3,6,1,1,0,0,0,0,0,0,0,45,7,0,0,12,6,2,12,0,0,0,1,55,54727,6,1,6,0,3,0,67,250,0,0,0,1,1,4,2013,12,2013,0,87,0,0,0,1,2,55,1,1,2,2,0,0,1,67,1,1,1,88,0,0
55,550170,1,1,2,23,6,20,26,42,0,1,0,55,2,9,38,9038,4,1999,1P3EJ46C3XN6,1,P,3,E,J,4,6,C,3,X,N,6,0,0,0,000000000,00000000000,0,0,0,1,0,0,0,0,0,0,0,97,0,1,5,12,6,2,1,0,0,0,1,55,54501,6,1,0,0,3,0,70,172,0,0,0,0,0,0,0,0,0,4,37,0,0,0,1,2,45,3,1,2,1,0,0,3,6,1,9,4,2,1,1
55,550171,1,1,1,22,6,7,6,35,0,1,0,55,1,12,471,12471,31,2003,1FTYR15E53PB,1,F,T,Y,R,1,5,E,5,3,P,B,0,0,0,000000000,00000000000,0,0,0,1,0,0,0,0,0,0,0,55,0,1,5,12,6,2,1,0,0,0,1,55,53936,6,1,0,0,3,0,70,253,0,0,0,1,0,8,2013,8,2013,0,58,0,0,0,1,2,55,1,1,2,1,0,0,99,8,98,4,4,7,1,0
55,550172,1,2,3,24,6,17,12,12,6,1,0,55,1,7,442,7442,20,2007,1D8GP24R37B1,1,D,8,G,P,2,4,R,3,7,B,1,0,0,0,000000000,00000000000,0,0,0,1,0,0,0,0,0,0,0,5,0,0,0,10,6,2,12,0,0,0,1,55,54414,6,1,0,0,3,3,62,200,1,0,0,0,0,9,2013,9,2013,0,38,0,0,0,1,2,25,1,1,1,1,20,3,11,15,1,1,2,82,1,0
55,550172,2,2,2,24,6,17,12,12,6,1,0,55,3,82,884,82884,63,2004,1FVHBXDCX4DN,1,F,V,H,B,X,D,C,X,4,D,N,0,0,57,0151956,570151956,3,2,1,1,0,0,0,0,0,0,0,55,0,0,0,12,4,3,12,0,0,0,1,55,53551,6,1,6,0,3,3,79,245,0,0,0,0,0,0,0,0,0,0,0,0,0,0,2,2,55,1,1,1,1,0,0,1,67,8,1,1,83,0,0
55,550173,1,2,2,25,6,11,34,12,6,1,0,17,2,49,402,49402,14,2007,JTMZK33V0760,J,T,M,Z,K,3,3,V,0,7,6,0,0,0,0,000000000,00000000000,0,0,0,1,0,0,0,0,0,0,0,999,0,1,5,9,6,2,12,0,0,0,1,17,60139,6,1,0,0,3,3,67,159,0,0,0,0,0,0,0,0,0,0,38,0,0,0,1,2,55,1,1,2,1,0,0,12,98,1,1,6,98,1,0
55,550173,2,2,1,25,6,11,34,12,6,1,0,55,3,87,884,87884,66,2012,1NPXGGGGX0D1,1,N,P,X,G,G,G,G,X,0,D,1,1,1,57,250986,57250986,3,6,98,1,0,0,0,0,0,0,0,999,0,0,0,12,4,3,12,0,0,0,1,55,53803,6,1,6,9,8,3,71,265,1,0,0,0,0,4,2014,4,2014,0,0,0,0,0,1,2,55,1,1,2,1,0,0,1,64,1,1,1,98,0,0
55,550174,1,1,1,26,6,11,26,1,0,1,0,55,1,49,40,49040,4,2007,4T1BE46K27U6,4,T,1,B,E,4,6,K,2,7,U,6,0,0,0,000000000,00000000000,0,0,0,1,0,0,0,0,0,0,0,55,0,1,5,0,6,2,1,0,0,0,1,55,54401,6,1,0,0,3,0,68,180,0,0,0,0,0,0,0,0,0,0,58,0,0,0,1,2,55,1,1,2,1,0,0,1,13,6,9,4,1,1,1
55,550175,1,2,1,25,6,14,22,12,6,1,0,55,1,12,17,12017,4,1999,1FAFP53U2XG1,1,F,A,F,P,5,3,U,2,X,G,1,0,0,0,000000000,00000000000,0,0,0,1,0,0,0,0,0,0,0,15,0,0,0,10,6,2,12,0,0,0,1,55,54873,6,1,8,0,3,3,72,230,0,0,0,0,0,0,0,0,0,0,38,0,0,0,1,2,55,1,1,2,1,20,3,1,17,10,9,1,89,1,0
55,550175,2,2,1,25,6,14,22,12,6,1,0,55,3,98,884,98884,63,2011,DPS11KIMB600,D,P,S,1,1,K,I,M,B,6,0,0,0,0,57,250935,57250935,3,2,5,1,0,0,0,0,0,0,0,999,0,0,0,12,2,5,12,0,0,0,1,55,54880,6,1,6,0,3,0,69,220,1,0,0,0,1,9,2011,6,2012,0,0,0,0,0,1,2,55,1,1,2,1,0,0,1,66,3,2,1,88,0,0
55,550176,1,3,1,25,6,14,31,12,1,1,0,55,1,20,401,20401,14,2002,1GNDT13W42K1,1,G,N,D,T,1,3,W,4,2,K,1,0,0,0,000000000,00000000000,0,0,0,1,0,0,0,0,0,0,0,55,0,0,0,12,6,2,12,0,0,0,1,55,54935,6,1,0,0,3,0,66,175,0,0,0,1,0,3,2014,3,2014,0,0,0,0,0,1,2,55,1,1,2,1,0,0,1,50,1,1,1,20,0,0
55,550176,2,3,1,25,6,14,31,12,1,1,0,55,3,12,481,12481,31,1999,1FTNX21S3XEE,1,F,T,N,X,2,1,S,3,X,E,E,0,0,0,000000000,00000000000,0,0,0,1,0,0,0,0,0,0,0,0,0,0,0,6,6,2,12,0,0,0,1,55,54971,6,1,0,0,3,3,72,155,0,0,0,0,1,7,2013,7,2013,0,0,0,0,0,1,2,55,1,1,2,1,0,0,5,53,1,1,1,22,0,0
55,550176,3,3,1,25,6,14,31,12,1,1,0,55,1,49,46,49046,5,2013,JTDKN3DU0D03,J,T,D,K,N,3,D,U,0,D,0,3,0,0,0,000000000,00000000000,0,0,0,1,0,0,0,0,0,0,0,999,0,0,0,12,6,2,12,0,0,0,1,55,54971,6,1,6,0,3,0,62,130,0,0,0,0,0,0,0,0,0,0,0,0,0,0,1,2,55,1,1,2,1,0,0,1,62,1,1,1,98,1,0
55,550177,1,1,1,27,6,3,29,35,0,1,0,55,1,20,16,20016,2,1997,1G1JC1240VM1,1,G,1,J,C,1,2,4,0,V,M,1,0,0,0,000000000,00000000000,0,0,0,1,0,0,0,0,0,0,0,999,0,1,5,12,6,2,1,0,0,0,1,55,54985,6,1,0,0,3,0,75,215,0,0,0,0,0,0,0,0,0,0,0,0,0,0,1,2,55,2,1,2,1,0,0,14,12,1,1,4,6,1,1
55,550178,1,1,1,26,6,13,15,1,0,1,0,55,1,37,702,37702,81,1984,JH2JF0201EK0,J,H,2,J,F,0,2,0,1,E,K,0,0,0,0,000000000,00000000000,0,0,0,1,0,0,0,0,0,0,0,999,0,0,0,0,2,3,1,0,0,0,1,55,53590,6,1,0,0,3,0,68,250,0,0,0,0,0,0,0,0,0,0,0,0,0,0,2,2,40,1,1,1,1,0,0,1,9,1,5,2,98,1,0
55,550179,1,1,1,26,6,21,52,33,0,1,0,55,2,72,706,72706,80,1996,1HD1CGP18TY2,1,H,D,1,C,G,P,1,8,T,Y,2,0,0,0,000000000,00000000000,0,0,0,1,0,0,0,0,0,0,0,999,0,0,0,99,4,3,1,0,0,0,1,55,53098,2,1,0,0,2,0,65,150,0,1,1,0,0,3,2012,3,2013,0,0,0,0,0,1,2,30,2,1,1,1,21,3,14,9,99,9,4,2,1,1
55,550180,1,1,1,27,6,10,50,34,0,1,0,55,1,53,34,53034,4,2005,KL5JD56Z25K0,K,L,5,J,D,5,6,Z,2,5,K,0,0,0,0,000000000,00000000000,0,0,0,1,0,0,0,0,0,0,0,90,0,1,5,99,6,2,42,0,0,0,1,55,53185,6,1,0,0,3,3,75,200,0,0,0,0,0,0,0,0,0,3,0,0,0,0,1,2,35,1,1,2,1,0,0,1,6,1,4,4,7,1,1
55,550181,1,1,1,28,6,13,49,34,0,1,0,55,1,20,37,20037,4,2000,1G1ND52J6Y62,1,G,1,N,D,5,2,J,6,Y,6,2,0,0,0,000000000,00000000000,0,0,0,1,0,0,0,0,0,0,0,999,0,1,6,99,6,2,58,0,0,0,1,55,53085,6,1,0,0,2,2,67,200,0,0,0,0,0,0,0,0,0,3,74,0,0,0,1,2,55,1,1,2,1,0,0,1,6,6,2,4,7,1,1
55,550182,1,1,1,29,6,22,5,43,0,1,0,55,1,37,705,37705,80,2013,MLHPC4419D50,M,L,H,P,C,4,4,1,9,D,5,0,0,0,0,000000000,00000000000,0,0,0,1,0,0,0,0,0,0,0,40,0,0,0,12,2,3,43,0,0,0,1,55,53511,6,1,0,0,3,0,71,160,0,0,0,0,1,7,2013,7,2013,0,82,87,0,0,2,2,40,1,2,2,2,0,0,1,5,99,1,1,12,1,0
55,550183,1,2,2,28,6,21,21,12,6,1,0,55,1,73,706,73706,80,2010,JKBZXNC13AA0,J,K,B,Z,X,N,C,1,3,A,A,0,0,0,0,000000000,00000000000,0,0,0,1,0,0,0,0,0,0,0,999,0,0,0,12,6,2,12,0,0,0,1,55,53216,6,1,0,0,3,3,74,220,1,0,0,3,2,10,2011,11,2013,3,0,0,0,0,2,2,35,1,1,2,1,0,0,1,62,1,1,1,69,2,1
55,550183,2,2,2,28,6,21,21,12,6,1,0,55,1,6,43,6043,4,2010,1C3CC4FB6AN2,1,C,3,C,C,4,F,B,6,A,N,2,0,0,0,000000000,00000000000,0,0,0,1,0,0,0,0,0,0,0,999,0,0,0,82,6,2,12,0,0,0,1,55,53223,6,1,6,0,3,0,73,220,0,0,0,0,0,0,0,0,0,0,38,0,0,0,2,2,35,1,1,2,1,0,0,11,15,1,1,2,68,0,1
55,550184,1,1,1,27,6,17,56,11,0,1,0,55,1,72,706,72706,80,2010,1HD1FR415AB6,1,H,D,1,F,R,4,1,5,A,B,6,0,0,0,000000000,00000000000,0,0,0,1,0,0,0,0,0,0,0,40,0,0,0,12,4,3,11,0,0,0,1,55,53954,6,1,0,0,3,0,70,200,0,0,0,0,0,0,0,0,0,0,0,0,0,0,1,2,55,3,6,2,1,0,0,14,87,3,2,1,13,1,0
55,550185,1,2,2,29,6,18,29,12,1,1,0,55,1,72,706,72706,80,2003,1HD1FCW403Y6,1,H,D,1,F,C,W,4,0,3,Y,6,0,0,0,000000000,00000000000,0,0,0,1,0,0,0,0,0,0,0,20,0,0,0,12,4,3,12,0,0,0,1,55,53954,6,1,0,0,3,3,74,185,0,0,0,0,0,0,0,0,0,0,26,0,0,0,1,2,45,1,2,2,1,0,0,1,50,1,1,1,20,1,1
55,550185,2,2,1,29,6,18,29,12,1,1,0,55,2,6,43,6043,1,2004,1C3EL55R24N1,1,C,3,E,L,5,5,R,2,4,N,1,0,0,0,000000000,00000000000,0,0,0,1,0,0,0,0,0,0,0,0,0,0,0,6,2,3,12,0,0,0,1,55,53901,6,2,0,0,3,0,65,116,0,0,0,0,0,0,0,0,0,0,0,0,0,0,1,2,45,1,2,2,1,0,0,5,53,1,1,1,21,0,0
55,550186,1,1,2,27,6,2,40,42,0,1,0,55,1,2,406,2406,14,2007,1J8HG58P27C5,1,J,8,H,G,5,8,P,2,7,C,5,0,0,0,000000000,00000000000,0,0,0,1,0,0,0,0,0,0,0,999,0,1,5,12,6,2,2,0,0,1,1,55,53188,6,1,0,0,3,0,70,155,0,0,0,0,0,0,0,0,0,3,0,0,0,0,1,2,35,2,2,2,1,0,0,14,13,1,1,4,1,2,1
55,550187,1,2,1,10,6,22,10,12,1,1,0,55,3,20,23,20023,6,2007,3GCDA15D87S6,3,G,C,D,A,1,5,D,8,7,S,6,0,0,0,000000000,00000000000,0,0,0,1,0,0,0,0,0,0,0,50,0,0,0,12,6,2,12,0,0,0,1,55,53207,6,1,8,0,3,0,68,170,0,0,0,2,1,2,2012,10,2012,0,0,0,0,0,6,1,50,1,2,2,2,0,0,1,51,1,1,1,24,0,0
55,550187,2,2,1,10,6,22,10,12,1,1,0,55,2,20,471,20471,30,1995,1GCDT19Z4S81,1,G,C,D,T,1,9,Z,4,S,8,1,0,0,0,000000000,00000000000,0,0,0,1,0,0,0,0,0,0,0,0,0,0,0,6,6,2,12,33,0,0,1,55,53215,1,1,0,0,2,0,70,175,0,0,0,0,0,0,0,0,0,0,23,32,0,0,6,1,50,1,2,2,2,0,0,7,53,1,1,1,25,1,0
55,550188,1,1,1,5,7,3,0,34,0,1,0,55,1,12,471,12471,30,2005,1FTYR15E25PA,1,F,T,Y,R,1,5,E,2,5,P,A,0,0,0,000000000,00000000000,0,0,0,1,0,0,0,0,0,0,0,999,0,1,5,99,6,2,3,0,0,0,1,55,53566,3,1,0,0,2,0,76,210,0,0,0,0,1,1,2013,1,2013,0,0,0,0,0,1,2,55,3,1,2,1,0,0,14,12,1,1,4,6,1,1
55,550189,1,2,1,8,7,10,47,12,6,1,0,55,1,14,6,14006,4,2000,2MEFM74W3YX6,2,M,E,F,M,7,4,W,3,Y,X,6,0,0,0,000000000,00000000000,0,0,0,1,0,0,0,0,0,0,0,999,0,0,0,2,6,2,12,0,0,0,1,55,53126,4,1,0,0,2,0,66,120,1,0,0,0,0,11,2013,11,2013,0,38,0,0,0,1,2,55,1,1,2,1,20,3,4,17,1,1,1,87,1,0
55,550189,2,2,1,8,7,10,47,12,6,1,0,55,3,20,481,20481,31,2007,1GCHK24U07E1,1,G,C,H,K,2,4,U,0,7,E,1,0,0,0,000000000,00000000000,0,0,0,1,0,0,0,0,0,0,0,999,0,0,0,12,6,2,12,0,0,0,1,55,53182,6,1,6,0,3,0,70,150,0,0,0,0,0,0,0,0,0,0,0,0,0,0,1,2,55,1,1,2,1,0,0,1,66,1,1,1,86,0,1
55,550190,1,2,1,8,7,11,41,12,6,1,0,17,1,72,706,72706,80,2004,1HD1BVB134Y0,1,H,D,1,B,V,B,1,3,4,Y,0,0,0,0,000000000,00000000000,0,0,0,1,0,0,0,0,0,0,0,40,0,0,0,11,6,2,12,0,0,0,1,17,61039,6,1,0,0,3,3,70,240,0,0,0,2,0,9,2011,3,2013,0,27,28,35,0,2,2,65,1,1,1,1,0,0,15,10,1,1,2,47,1,0
55,550190,2,2,1,8,7,11,41,12,6,1,0,55,0,7,43,7043,4,2000,1B3EJ46X2YN1,1,B,3,E,J,4,6,X,2,Y,N,1,0,0,0,000000000,00000000000,0,0,0,1,0,0,0,0,0,0,0,65,0,0,0,12,6,2,12,0,0,0,1,55,53588,6,1,0,0,3,0,69,160,0,1,1,0,0,6,2013,7,2013,0,0,0,0,0,2,2,65,1,1,1,1,0,0,1,60,1,1,2,45,0,0
55,550191,1,3,1,9,7,13,47,12,6,1,0,55,1,7,442,7442,20,2008,2D8HN44H68R1,2,D,8,H,N,4,4,H,6,8,R,1,0,0,0,000000000,00000000000,0,0,0,1,0,0,0,0,0,0,0,999,0,0,0,61,6,2,12,0,0,0,1,55,53219,6,1,0,0,3,3,73,267,0,0,0,0,0,0,0,0,0,0,39,29,34,0,1,2,55,1,1,2,1,20,3,6,50,1,1,6,78,1,1
55,550191,2,3,1,9,7,13,47,12,6,1,0,55,3,51,884,51884,66,2013,4V4NC9EH1DN1,4,V,4,N,C,9,E,H,1,D,N,1,1,1,57,0026457,570026457,3,6,97,1,0,0,0,0,0,0,0,999,0,1,5,12,6,2,12,0,0,0,1,55,54157,6,1,6,0,3,0,72,240,2,0,0,0,0,6,2012,1,2014,0,0,0,0,0,1,2,55,1,1,2,1,0,0,1,64,3,1,1,79,0,0
55,550191,3,3,1,9,7,13,47,12,6,1,0,99,9,99,999,99999,99,9999,999999999999,9,9,9,9,9,9,9,9,9,9,9,9,1,1,0,000000000,00000000000,0,0,0,1,0,0,0,0,0,0,0,0,0,0,0,9,0,5,54,0,0,0,1,55,54984,6,1,0,0,3,3,63,130,0,0,0,0,0,0,0,0,0,0,0,0,0,0,1,2,55,1,1,2,1,20,3,5,98,1,1,1,98,0,0
55,550192,1,1,2,9,7,22,40,42,0,1,0,18,4,55,35,55035,4,2014,5NPDH4AE9EH5,5,N,P,D,H,4,A,E,9,E,H,5,0,0,0,000000000,00000000000,0,0,0,1,0,0,0,0,0,0,0,65,0,0,0,12,6,2,42,0,0,0,1,55,54601,6,1,0,0,3,0,66,195,0,0,0,0,0,0,0,0,0,5,0,0,0,0,2,2,65,1,1,1,1,0,0,1,12,1,1,4,6,1,0
55,550193,1,1,1,10,7,2,26,24,0,1,0,55,2,48,38,48038,6,1996,JF1GF485XTG8,J,F,1,G,F,4,8,5,X,T,G,8,0,0,0,000000000,00000000000,0,0,0,1,0,0,0,0,0,0,0,999,0,0,0,12,6,2,23,0,0,0,1,55,54960,6,1,0,0,3,3,72,220,0,0,0,0,0,0,0,0,0,0,0,0,0,0,1,2,55,1,1,2,1,0,0,1,13,1,1,4,1,1,1
55,550194,1,1,1,10,7,4,26,52,0,1,0,55,1,2,404,2404,14,1997,1J4GZ58S0VC6,1,J,4,G,Z,5,8,S,0,V,C,6,0,0,0,000000000,00000000000,0,0,0,1,0,0,0,0,0,0,0,999,0,1,5,12,6,2,1,0,0,0,1,55,53213,1,1,0,0,2,0,75,230,0,0,0,0,1,8,2012,8,2012,3,0,0,0,0,3,3,65,1,1,2,1,0,0,1,13,1,1,4,1,1,1
55,550195,1,1,3,10,7,11,1,9,0,1,0,55,3,23,481,23481,31,2008,1GTEK190X8Z2,1,G,T,E,K,1,9,0,X,8,Z,2,0,0,0,000000000,00000000000,0,0,0,1,0,0,0,0,0,0,0,999,0,0,0,12,2,3,9,0,0,0,1,55,54165,6,1,0,0,3,3,70,225,1,0,0,0,0,1,2014,1,2014,0,0,0,0,0,1,2,55,1,1,2,1,0,0,1,83,2,1,1,13,0,0