STATE,ST_CASE,VEH_NO,VE_FORMS,NUMOCCS,DAY,MONTH,HOUR,MINUTE,HARM_EV,MAN_COLL,UNITTYPE,HIT_RUN,REG_STAT,OWNER,MAKE,MODEL,MAK_MOD,BODY_TYP,MOD_YEAR,VIN,VIN_1,VIN_2,VIN_3,VIN_4,VIN_5,VIN_6,VIN_7,VIN_8,VIN_9,VIN_10,VIN_11,VIN_12,TOW_VEH,J_KNIFE,MCARR_I1,MCARR_I2,MCARR_ID,GVWR,V_CONFIG,CARGO_BT,HAZ_INV,HAZ_PLAC,HAZ_ID,HAZ_CNO,HAZ_REL,BUS_USE,SPEC_USE,EMER_USE,TRAV_SP,UNDERIDE,ROLLOVER,ROLINLOC,IMPACT1,DEFORMED,TOWED,M_HARM,VEH_SC1,VEH_SC2,FIRE_EXP,DR_PRES,L_STATE,DR_ZIP,L_STATUS,L_TYPE,CDL_STAT,L_ENDORS,L_COMPL,L_RESTRI,DR_HGT,DR_WGT,PREV_ACC,PREV_SUS,PREV_DWI,PREV_SPD,PREV_OTH,FIRST_MO,FIRST_YR,LAST_MO,LAST_YR,SPEEDREL,DR_SF1,DR_SF2,DR_SF3,DR_SF4,VTRAFWAY,VNUM_LAN,VSPD_LIM,VALIGN,VPROFILE,VPAVETYP,VSURCOND,VTRAFCON,VTCONT_F,P_CRASH1,P_CRASH2,P_CRASH3,PCRASH4,PCRASH5,ACC_TYPE,DEATHS,DR_DRINK
55,550196,1,2,1,11,7,15,37,12,6,1,0,55,1,37,32,37032,4,1996,1HGCD5651TA2,1,H,G,C,D,5,6,5,1,T,A,2,0,0,0,000000000,00000000000,0,0,0,1,0,0,0,0,0,0,0,30,0,0,0,9,6,2,12,0,0,0,1,55,54303,6,1,0,0,3,3,66,135,0,0,0,0,0,0,0,0,0,0,38,0,0,0,1,2,40,1,1,2,1,20,3,1,17,1,1,1,89,1,0
55,550196,2,2,2,11,7,15,37,12,6,1,0,55,1,54,421,54421,15,2004,2HNYD18644H5,2,H,N,Y,D,1,8,6,4,4,H,5,0,0,0,000000000,00000000000,0,0,0,1,0,0,0,0,0,0,0,55,0,0,0,12,6,2,12,0,0,0,1,55,54311,6,1,0,0,3,0,63,135,0,0,0,0,0,0,0,0,0,0,0,0,0,0,2,2,55,1,1,2,1,0,0,1,66,1,1,1,88,0,0
55,550197,1,2,1,11,7,16,19,12,2,1,0,55,1,7,472,7472,30,1993,1B7GG23X5PS2,1,B,7,G,G,2,3,X,5,P,S,2,0,0,0,000000000,00000000000,0,0,0,1,0,0,0,0,0,0,0,999,0,0,0,12,6,2,12,0,0,0,1,55,53809,6,2,3,0,3,1,67,150,0,0,0,0,0,0,0,0,0,0,28,0,0,0,1,2,55,1,1,2,1,0,0,1,10,1,1,2,50,0,0
55,550197,2,2,1,11,7,16,19,12,2,1,0,55,1,18,20,18020,4,2000,2G4WB55K0Y11,2,G,4,W,B,5,5,K,0,Y,1,1,0,0,0,000000000,00000000000,0,0,0,1,0,0,0,0,0,0,0,999,0,0,0,12,6,2,12,0,0,0,1,55,53518,6,1,0,0,3,3,68,160,0,0,0,0,0,0,0,0,0,3,0,0,0,0,1,2,55,1,1,2,1,0,0,1,62,99,9,3,51,1,0
55,550198,1,1,3,12,7,2,30,8,0,1,1,55,1,20,401,20401,14,2000,1GNDT13W0YK1,1,G,N,D,T,1,3,W,0,Y,K,1,0,0,0,000000000,00000000000,0,0,0,1,0,0,0,0,0,0,0,999,0,0,0,12,2,5,8,0,0,0,1,55,54961,6,1,0,0,3,3,75,160,0,0,0,0,0,0,0,0,0,0,91,0,0,0,1,2,55,1,6,2,1,0,0,1,80,1,9,1,13,0,1
55,550199,1,2,1,13,7,5,10,12,6,1,0,55,1,20,2,20002,4,2012,2G1WF5E39C11,2,G,1,W,F,5,E,3,9,C,1,1,0,0,0,000000000,00000000000,0,0,0,1,0,0,0,0,0,0,0,999,0,0,0,12,6,2,12,0,0,0,1,55,54412,6,1,6,0,3,3,69,160,0,0,0,0,0,0,0,0,0,0,39,0,0,0,1,2,55,1,1,4,1,20,3,1,17,1,1,1,86,0,1
55,550199,2,2,1,13,7,5,10,12,6,1,0,55,2,7,482,7482,31,1996,1B7KF23Z3TJ1,1,B,7,K,F,2,3,Z,3,T,J,1,0,0,0,000000000,00000000000,0,0,0,1,0,0,0,0,0,0,0,999,0,1,5,3,6,2,1,0,0,0,1,55,54479,6,2,0,0,3,0,70,200,0,0,0,0,0,0,0,0,0,0,0,0,0,0,1,2,55,1,1,4,1,0,0,1,66,1,9,1,87,1,0
55,550200,1,1,3,13,7,13,2,31,0,1,0,55,2,20,37,20037,4,2006,1G1ZS518X6F1,1,G,1,Z,S,5,1,8,X,6,F,1,0,0,0,000000000,00000000000,0,0,0,1,0,0,0,0,0,0,0,97,0,1,5,99,6,2,1,0,0,1,1,55,54541,6,1,0,0,3,0,70,185,0,0,0,0,0,0,0,0,0,0,36,0,0,0,1,2,55,1,3,2,1,0,0,1,6,3,2,4,7,1,0
55,550201,1,1,2,15,7,1,15,34,0,1,0,55,2,22,20,22020,4,2002,1G2WP52K42F2,1,G,2,W,P,5,2,K,4,2,F,2,0,0,0,000000000,00000000000,0,0,0,1,0,0,0,0,0,0,0,999,0,1,5,99,6,2,1,0,0,0,1,55,53224,6,1,0,0,3,0,62,135,0,0,0,0,0,0,0,0,0,0,0,0,0,0,2,3,65,1,1,1,1,0,0,1,9,1,3,4,2,1,1
55,550202,1,1,1,19,7,23,41,30,0,1,0,55,2,98,709,98709,81,2008,LD5TCBPA3810,L,D,5,T,C,B,P,A,3,8,1,0,0,0,0,000000000,00000000000,0,0,0,1,0,0,0,0,0,0,0,999,0,0,0,12,4,3,30,0,0,0,1,55,53207,6,1,0,0,3,0,73,220,0,0,0,0,0,0,0,0,0,0,0,0,0,0,2,2,25,1,1,2,1,0,0,1,13,1,1,4,1,1,1
55,550203,1,1,1,22,7,6,0,42,0,1,0,55,1,77,706,77706,80,2013,5VPEW36N1D30,5,V,P,E,W,3,6,N,1,D,3,0,0,0,0,000000000,00000000000,0,0,0,1,0,0,0,0,0,0,0,999,0,0,0,12,4,3,42,0,0,0,1,55,54755,0,0,0,0,0,0,75,280,0,0,0,0,0,0,0,0,0,4,0,0,0,0,1,2,55,3,2,2,1,0,0,14,6,1,2,4,2,1,1
55,550204,1,3,1,15,7,14,30,12,1,1,0,55,2,37,31,37031,4,2007,1HGFA16807L0,1,H,G,F,A,1,6,8,0,7,L,0,0,0,0,000000000,00000000000,0,0,0,1,0,0,0,0,0,0,0,999,0,1,1,12,6,2,1,0,0,0,1,55,54020,6,1,0,0,3,3,63,115,1,0,0,1,1,2,2012,7,2012,0,35,28,0,0,1,2,55,1,1,2,1,0,0,6,51,99,9,1,24,1,1
55,550204,2,3,1,15,7,14,30,12,1,1,0,55,1,37,32,37032,4,1999,1HGCG5658XA0,1,H,G,C,G,5,6,5,8,X,A,0,0,0,0,000000000,00000000000,0,0,0,1,0,0,0,0,0,0,0,999,0,0,0,6,4,3,12,0,0,0,1,55,54025,6,1,0,0,3,0,62,190,0,0,0,0,0,0,0,0,0,0,0,0,0,0,1,2,55,1,1,2,1,0,0,1,53,9,9,1,25,0,0
55,550204,3,3,1,15,7,14,30,12,1,1,0,27,1,53,402,53402,14,2002,JS3TX92V7241,J,S,3,T,X,9,2,V,7,2,4,1,0,0,0,000000000,00000000000,0,0,0,1,0,0,0,0,0,0,0,999,0,1,1,12,6,2,1,0,0,0,1,27,55124,6,1,0,0,3,0,66,135,0,0,0,0,0,0,0,0,0,0,0,0,0,0,1,2,55,1,1,2,1,0,0,1,62,99,9,1,98,1,0
55,550205,1,1,1,19,7,22,39,35,0,1,0,55,1,72,706,72706,80,2012,1HD1GZM12CC3,1,H,D,1,G,Z,M,1,2,C,C,3,0,0,0,000000000,00000000000,0,0,0,1,0,0,0,0,0,0,0,999,0,0,0,12,6,2,35,0,0,0,1,55,53950,6,1,0,0,3,3,69,240,0,0,0,0,0,0,0,0,0,0,86,0,0,0,1,2,55,2,1,2,1,0,0,1,12,4,9,4,6,1,1
55,550206,1,1,1,24,7,1,10,34,0,1,0,55,2,37,31,37031,4,1997,2HGEJ6577VH5,2,H,G,E,J,6,5,7,7,V,H,5,0,0,0,000000000,00000000000,0,0,0,1,0,0,0,0,0,0,0,80,0,1,5,81,6,2,1,0,0,0,1,55,53965,6,1,0,0,3,2,71,160,0,1,1,0,0,8,2011,8,2011,3,28,74,0,0,1,2,55,3,1,2,1,0,0,14,8,1,9,4,2,1,1
55,550207,1,2,1,23,7,18,13,12,6,1,0,55,3,12,481,12481,31,2008,1FTRF14W48KD,1,F,T,R,F,1,4,W,4,8,K,D,0,0,0,000000000,00000000000,0,0,0,1,0,0,0,0,0,0,0,999,0,0,0,12,6,2,12,0,0,0,1,55,53142,6,1,0,0,3,1,74,220,0,1,1,0,1,11,2011,7,2012,0,39,0,0,0,2,2,55,1,1,2,1,3,3,1,62,1,1,1,69,0,0
55,550207,2,2,4,23,7,18,13,12,6,1,0,48,1,24,7,24007,4,2006,1G8AJ55F16Z1,1,G,8,A,J,5,5,F,1,6,Z,1,0,0,0,000000000,00000000000,0,0,0,1,0,0,0,0,0,0,0,999,0,0,0,3,6,2,12,0,0,0,1,55,53143,6,1,0,0,3,3,67,142,0,0,0,0,0,0,0,0,0,0,0,0,0,0,2,2,55,1,1,2,1,3,3,11,15,1,1,2,68,1,0
55,550208,1,3,1,24,7,10,9,12,1,1,0,55,1,49,47,49047,6,2007,2T1KR32E67C6,2,T,1,K,R,3,2,E,6,7,C,6,0,0,0,000000000,00000000000,0,0,0,1,0,0,0,0,0,0,0,0,0,0,0,6,6,2,12,0,0,0,1,55,54548,6,1,0,0,3,0,59,145,0,0,0,0,0,0,0,0,0,0,0,0,0,0,1,2,45,1,1,2,1,0,0,5,53,1,1,1,22,1,0
55,550208,2,3,14,24,7,10,9,12,1,1,0,55,1,12,461,12461,21,2012,1FDWE3FL1CDA,1,F,D,W,E,3,F,L,1,C,D,A,0,0,99,999999999,99999999999,2,20,22,1,0,0,0,0,0,0,0,45,0,0,0,12,6,2,12,0,0,0,1,55,53511,6,1,8,2,2,0,68,180,0,0,0,0,0,0,0,0,0,0,0,0,0,0,1,2,45,1,1,2,1,0,0,1,62,1,1,1,98,0,0
55,550208,3,3,1,24,7,10,9,12,1,1,0,55,3,12,23,12023,4,2013,3FA6P0HR7DR2,3,F,A,6,P,0,H,R,7,D,R,2,0,0,0,000000000,00000000000,0,0,0,1,0,0,0,0,0,0,0,45,0,0,0,12,4,3,12,0,0,0,1,55,54568,6,1,0,0,3,3,65,140,1,0,0,0,0,3,2014,3,2014,0,0,0,0,0,1,2,45,1,1,2,1,0,0,1,50,1,1,1,20,0,0
55,550209,1,6,1,24,7,7,48,12,1,1,0,27,3,87,884,87884,66,2007,1XP5DB9X97N6,1,X,P,5,D,B,9,X,9,7,N,6,1,1,57,461082,57461082,3,6,1,1,0,0,0,0,0,0,0,0,9,0,0,6,4,5,12,0,0,0,1,27,55973,6,1,6,0,3,3,999,999,0,0,0,0,1,7,2014,7,2014,0,0,0,0,0,2,1,65,1,1,2,1,98,3,5,53,1,1,1,98,0,0
55,550209,2,6,1,24,7,7,48,12,1,1,0,55,3,20,461,20461,29,2008,1GCGG25C5811,1,G,C,G,G,2,5,C,5,8,1,1,0,0,0,000000000,00000000000,0,0,0,1,0,0,0,0,0,0,0,0,0,0,0,6,6,2,12,0,0,0,1,27,55919,6,1,0,0,3,3,69,165,0,0,0,2,1,1,2013,1,2013,0,0,0,0,0,2,1,65,1,1,2,1,98,3,5,53,1,1,1,98,0,0
55,550209,3,6,1,24,7,7,48,12,1,1,0,55,1,7,422,7422,15,2011,1D4RE5GG1BC7,1,D,4,R,E,5,G,G,1,B,C,7,0,0,0,000000000,00000000000,0,0,0,1,0,0,0,0,0,0,0,0,0,0,0,6,6,2,12,0,0,0,1,27,55947,6,1,0,0,3,3,72,180,0,0,0,1,0,3,2012,3,2012,0,0,0,0,0,2,1,65,1,1,2,1,98,3,5,53,99,1,1,98,0,0
55,550209,4,6,1,24,7,7,48,12,1,1,0,27,1,12,17,12017,4,2004,1FAFP53204G1,1,F,A,F,P,5,3,2,0,4,G,1,0,0,0,000000000,00000000000,0,0,0,1,0,0,0,0,0,0,0,0,0,0,0,6,6,2,12,0,0,0,1,27,55925,6,1,0,0,3,3,64,62,0,0,0,0,0,0,0,0,0,0,0,0,0,0,2,1,65,1,1,2,1,98,3,5,53,1,1,1,98,0,0
55,550209,5,6,1,24,7,7,48,12,1,1,0,27,1,12,399,12399,2,1967,7T02C280040,7,T,0,2,C,2,8,0,0,4,0,,0,0,0,000000000,00000000000,0,0,0,1,0,0,0,0,0,0,0,0,0,0,0,6,6,2,12,0,0,1,1,27,55947,6,1,0,0,3,0,71,175,0,0,0,0,0,0,0,0,0,0,0,0,0,0,2,1,65,1,1,2,1,98,3,5,53,1,1,1,21,1,0
55,550209,6,6,1,24,7,7,48,12,1,1,0,55,3,89,884,89884,63,1994,4V1WDBRH1RN6,4,V,1,W,D,B,R,H,1,R,N,6,0,0,57,1281056,571281056,3,2,4,1,0,0,0,0,0,0,0,999,7,0,0,12,6,2,12,0,0,1,1,55,54410,6,1,6,0,3,0,72,205,0,1,1,0,3,7,2012,8,2012,0,0,0,0,0,2,1,65,1,1,2,1,98,3,1,50,1,1,1,20,0,0
55,550210,1,1,2,26,7,2,45,42,0,1,0,55,2,22,20,22020,4,2004,2G2WP5220411,2,G,2,W,P,5,2,2,0,4,1,1,0,0,0,000000000,00000000000,0,0,0,1,0,0,0,0,0,0,0,90,0,0,0,62,6,2,42,0,0,0,1,55,54024,6,1,0,0,3,3,74,190,0,0,0,0,0,0,0,0,0,3,28,0,0,0,1,2,45,2,2,2,1,0,0,14,8,9,3,4,7,1,1
55,550211,1,1,1,26,7,14,42,8,0,1,0,55,2,6,441,6441,20,2007,2A4GP54L07R2,2,A,4,G,P,5,4,L,0,7,R,2,0,0,0,000000000,00000000000,0,0,0,1,0,0,0,0,0,0,0,999,0,0,0,6,0,3,8,0,0,0,1,55,53402,6,2,0,0,3,1,65,110,0,0,0,0,0,0,0,0,0,0,31,0,0,0,0,0,0,0,0,0,0,0,0,13,98,1,1,5,92,0,0
55,550212,1,1,1,22,7,20,25,34,0,1,0,55,1,20,481,20481,31,2001,2GCEK19T9112,2,G,C,E,K,1,9,T,9,1,1,2,0,0,0,000000000,00000000000,0,0,0,1,0,0,0,0,0,0,0,60,0,0,0,62,6,2,42,0,0,0,1,55,53149,6,1,0,0,3,3,70,185,1,0,0,1,1,2,2012,7,2012,4,0,0,0,0,1,2,45,3,1,2,2,0,0,14,6,1,5,4,7,1,1
55,550213,1,1,1,27,7,21,57,42,0,1,0,55,1,22,18,22018,2,1999,1G2NE12E9XM8,1,G,2,N,E,1,2,E,9,X,M,8,0,0,0,000000000,00000000000,0,0,0,1,0,0,0,0,0,0,0,999,0,0,0,61,6,2,42,0,0,0,1,55,53225,6,1,0,0,3,0,59,110,1,0,0,0,0,3,2012,3,2012,3,0,0,0,0,2,2,35,1,1,2,1,0,0,1,6,1,3,4,2,1,0
55,550215,1,1,1,28,7,20,39,34,0,1,0,55,1,20,2,20002,4,2008,2G1WD58C2891,2,G,1,W,D,5,8,C,2,8,9,1,0,0,0,000000000,00000000000,0,0,0,1,0,0,0,0,0,0,0,80,0,1,6,12,6,2,1,0,0,0,1,55,54773,6,1,0,0,3,0,69,140,0,0,0,0,0,0,0,0,0,3,0,0,0,0,1,2,55,1,5,2,1,0,0,1,6,1,9,4,1,1,1
55,550216,1,1,1,28,7,20,22,34,0,1,0,55,1,37,402,37402,14,2000,JHLRD1863YC0,J,H,L,R,D,1,8,6,3,Y,C,0,0,0,0,000000000,00000000000,0,0,0,1,0,0,0,0,0,0,0,999,0,0,0,99,6,2,42,0,0,0,1,55,53104,6,1,0,0,3,0,61,130,0,0,0,0,0,0,0,0,0,4,0,0,0,0,1,2,55,1,1,2,1,0,0,1,6,8,4,4,7,1,1
55,550217,1,2,1,27,7,3,24,12,1,1,0,55,1,7,26,7026,4,2013,1C3CDZCG7DN7,1,C,3,C,D,Z,C,G,7,D,N,7,0,0,0,000000000,00000000000,0,0,0,1,0,0,0,0,0,0,0,999,7,0,0,12,2,3,12,0,0,0,1,55,54941,6,1,0,0,3,3,71,135,1,0,0,0,1,9,2011,11,2011,0,0,0,0,0,1,2,55,1,1,2,1,0,0,1,51,1,1,1,24,0,1
55,550217,2,2,1,27,7,3,24,12,1,1,0,55,2,76,705,76705,80,2007,JYARJ12E57A0,J,Y,A,R,J,1,2,E,5,7,A,0,0,0,0,000000000,00000000000,0,0,0,1,0,0,0,0,0,0,0,55,0,0,0,6,6,2,12,0,0,0,1,55,54971,6,1,0,0,3,0,70,130,0,0,0,0,0,0,0,0,0,0,0,0,0,0,1,2,55,1,1,2,1,0,0,1,53,1,1,1,25,1,1
55,550218,1,2,1,23,7,15,52,12,1,1,0,27,2,12,481,12481,40,2005,1FDXF46PX5EB,1,F,D,X,F,4,6,P,X,5,E,B,0,0,57,1589880,571589880,2,1,3,1,0,0,0,0,0,0,0,0,0,0,0,6,2,3,12,42,0,0,1,27,55006,9,9,99,9,9,9,999,999,99,99,99,99,99,99,9999,99,9999,0,54,0,0,0,1,2,55,1,6,2,1,0,0,5,53,1,1,1,21,0,0
55,550218,2,2,2,23,7,15,52,12,1,1,0,55,1,20,471,20471,30,1996,1GCCS1448T81,1,G,C,C,S,1,4,4,8,T,8,1,0,0,0,000000000,00000000000,0,0,0,1,0,0,0,0,0,0,0,55,0,1,1,12,6,2,1,0,0,0,1,55,54849,6,1,0,0,3,3,63,160,4,0,0,1,0,8,2011,2,2013,0,0,0,0,0,1,2,55,1,6,2,1,98,3,1,50,1,1,1,20,1,0
55,550219,1,2,1,22,7,14,8,12,1,1,0,0,0,98,998,98998,92,2007,ZT20AC4JJE33,Z,T,2,0,A,C,4,J,J,E,3,3,0,0,0,000000000,00000000000,0,0,0,1,0,0,0,0,0,0,0,55,0,0,0,6,4,3,12,0,0,0,1,55,53948,6,1,6,0,1,0,71,195,0,0,0,0,0,0,0,0,0,0,0,0,0,0,1,2,55,1,1,2,1,0,0,98,98,1,1,5,25,0,0
55,550219,2,2,1,22,7,14,8,12,1,1,0,55,1,12,13,12013,6,1994,3FARP15J8RR1,3,F,A,R,P,1,5,J,8,R,R,1,0,0,0,000000000,00000000000,0,0,0,1,0,0,0,0,0,0,0,999,0,0,0,12,6,2,12,0,0,0,1,55,53944,6,1,6,0,3,0,71,180,0,0,0,0,0,0,0,0,0,0,27,0,0,0,1,2,55,1,1,2,1,0,0,1,13,1,1,4,24,1,0
55,550220,1,2,1,30,7,14,11,12,1,1,0,55,3,86,884,86884,66,2006,1M1AK06Y96N0,1,M,1,A,K,0,6,Y,9,6,N,0,1,1,57,264740,57264740,3,6,2,1,0,0,0,0,0,0,0,50,0,1,5,12,6,2,1,0,0,0,1,55,53545,6,1,6,1,3,3,70,185,1,0,0,0,0,8,2011,8,2011,0,26,0,0,0,1,2,55,1,1,2,1,0,0,1,50,1,1,1,20,1,0
55,550220,2,2,3,30,7,14,11,12,1,1,0,55,1,22,22,22022,4,2006,1G2ZF55B0642,1,G,2,Z,F,5,5,B,0,6,4,2,0,0,0,000000000,00000000000,0,0,0,1,0,0,0,0,0,0,0,0,0,0,0,6,4,5,12,0,0,0,1,55,53511,6,1,0,0,3,0,63,200,0,0,0,0,0,0,0,0,0,0,0,0,0,0,1,2,55,1,1,2,1,0,0,5,53,1,1,1,22,0,0
55,550221,1,1,1,2,8,11,45,1,0,1,0,55,1,37,706,37706,80,1987,JH2MF0100HK2,J,H,2,M,F,0,1,0,0,H,K,2,0,0,0,000000000,00000000000,0,0,0,1,0,0,0,0,0,0,0,999,0,0,0,0,2,3,1,0,0,0,1,55,54872,6,1,0,0,3,0,70,225,0,0,0,1,0,7,2013,7,2013,3,0,0,0,0,1,2,55,3,1,2,99,0,0,99,9,99,9,4,1,1,1
55,550222,1,2,2,20,7,20,32,12,6,1,0,55,1,53,705,53705,80,2005,JS1GT76A7521,J,S,1,G,T,7,6,A,7,5,2,1,0,0,0,000000000,00000000000,0,0,0,1,0,0,0,0,0,0,0,999,0,0,0,12,6,2,12,0,0,0,1,55,53215,0,0,0,0,0,0,999,999,0,0,0,0,0,0,0,0,0,0,38,39,0,0,1,4,30,1,1,1,1,3,3,1,17,1,1,2,88,1,1
55,550222,2,2,1,20,7,20,32,12,6,1,0,55,1,63,37,63037,6,2010,KNDJT2A23A70,K,N,D,J,T,2,A,2,3,A,7,0,0,0,0,000000000,00000000000,0,0,0,1,0,0,0,0,0,0,0,999,0,0,0,7,4,3,12,0,0,0,1,55,53132,6,1,0,0,3,3,65,160,0,0,0,1,0,1,2012,1,2012,0,0,0,0,0,1,4,30,1,1,1,1,3,3,1,66,1,1,1,89,0,0
55,550223,1,1,1,2,8,8,37,34,0,1,0,55,1,7,482,7482,31,2003,1D7HU18D73S3,1,D,7,H,U,1,8,D,7,3,S,3,0,0,0,000000000,00000000000,0,0,0,1,0,0,0,0,0,0,0,999,0,0,0,12,6,2,42,0,0,0,1,55,54656,6,1,0,0,3,0,72,180,1,0,1,1,0,4,2012,5,2014,3,0,0,0,0,1,2,55,1,1,2,1,0,0,1,10,6,4,5,6,1,1
55,550224,1,2,2,9,7,15,45,12,99,1,0,55,2,35,401,35401,14,1998,JN8AR05Y1WW2,J,N,8,A,R,0,5,Y,1,W,W,2,0,0,0,000000000,00000000000,0,0,0,1,0,0,0,0,0,0,0,999,0,1,1,99,6,2,1,0,0,0,1,55,53209,6,2,0,0,3,0,72,225,0,0,0,0,0,0,0,0,0,3,0,0,0,0,1,2,30,1,1,2,1,0,0,1,10,6,9,2,98,1,0
55,550224,2,2,1,9,7,15,45,12,99,1,0,55,1,49,40,49040,4,1999,4T1BF22K6XU0,4,T,1,B,F,2,2,K,6,X,U,0,0,0,0,000000000,00000000000,0,0,0,1,0,0,0,0,0,0,0,999,0,0,0,12,6,2,12,0,0,0,1,55,53209,6,1,0,0,3,0,63,125,0,0,0,0,2,12,2011,1,2013,0,0,0,0,0,1,2,30,1,1,2,1,0,0,1,62,1,1,1,98,0,0
55,550225,1,2,1,30,7,3,16,12,6,1,0,55,2,22,18,22018,4,2003,1G2NE52F43C3,1,G,2,N,E,5,2,F,4,3,C,3,0,0,0,000000000,00000000000,0,0,0,1,0,0,0,0,0,0,0,999,0,0,0,12,6,2,12,0,0,0,1,55,53204,2,1,0,0,2,0,66,140,0,0,0,0,0,0,0,0,0,3,39,0,0,0,1,2,35,1,1,2,1,3,3,1,17,1,1,1,86,0,1
55,550225,2,2,2,30,7,3,16,12,6,1,0,55,1,37,32,37032,2,1992,1HGCB7278NA0,1,H,G,C,B,7,2,7,8,N,A,0,0,0,0,000000000,00000000000,0,0,0,1,0,0,0,0,0,0,0,999,0,0,0,82,6,2,12,0,0,0,1,55,53204,6,7,0,0,3,1,68,250,0,0,0,0,0,0,0,0,0,0,0,0,0,0,1,2,35,1,1,2,1,3,3,1,66,1,9,1,87,1,0
55,550226,1,2,1,29,7,19,20,12,6,1,0,55,1,37,32,37032,4,2007,1HGCM56897A1,1,H,G,C,M,5,6,8,9,7,A,1,0,0,0,000000000,00000000000,0,0,0,1,0,0,0,0,0,0,0,5,0,0,0,62,6,2,12,0,0,0,1,55,54001,6,1,0,0,3,3,65,120,0,0,0,0,0,0,0,0,0,0,38,0,0,0,1,2,25,1,1,2,1,20,3,11,15,1,1,2,82,0,0
55,550226,2,2,1,29,7,19,20,12,6,1,0,55,2,37,705,37705,80,1998,JH2PC213XWM5,J,H,2,P,C,2,1,3,X,W,M,5,0,0,0,000000000,00000000000,0,0,0,1,0,0,0,0,0,0,0,40,0,0,0,12,6,2,12,0,0,0,1,55,54022,6,1,0,0,3,0,72,300,0,0,0,0,0,0,0,0,0,0,0,0,0,0,1,4,40,1,1,2,1,0,0,1,66,1,1,1,83,1,0
55,550227,1,2,1,30,7,12,0,12,2,1,0,55,1,18,22,18022,4,2007,2G4WD5821712,2,G,4,W,D,5,8,2,1,7,1,2,0,0,0,000000000,00000000000,0,0,0,1,0,0,0,0,0,0,0,45,0,0,0,12,6,2,12,0,0,0,1,55,54313,6,1,0,0,3,0,69,198,0,0,0,0,0,0,0,0,0,0,27,28,51,0,1,2,45,1,1,2,1,0,0,1,10,1,1,2,50,1,0
55,550227,2,2,1,30,7,12,0,12,2,1,0,55,1,20,403,20403,14,2003,1GNDT13S3322,1,G,N,D,T,1,3,S,3,3,2,2,0,0,0,000000000,00000000000,0,0,0,1,0,0,0,0,0,0,0,0,0,0,0,12,6,2,12,0,0,0,1,55,54102,6,1,6,0,3,0,70,240,0,0,0,0,0,0,0,0,0,0,0,0,0,0,1,2,45,1,1,2,1,20,3,5,62,1,1,1,51,0,0
55,550228,1,1,2,2,8,12,39,18,0,1,0,55,2,12,401,12401,14,2004,1FMZU73E54ZB,1,F,M,Z,U,7,3,E,5,4,Z,B,0,0,0,000000000,00000000000,0,0,0,1,0,0,0,0,0,0,0,55,0,0,0,12,6,2,42,0,0,0,1,55,53188,6,1,0,0,3,0,62,100,0,0,0,1,0,6,2014,6,2014,0,0,0,0,0,1,2,55,3,1,2,1,0,0,14,9,1,9,4,1,1,0
55,550229,1,1,2,31,7,20,44,1,0,1,0,55,2,20,403,20403,14,2003,1GNDT13S0322,1,G,N,D,T,1,3,S,0,3,2,2,0,0,0,000000000,00000000000,0,0,0,1,0,0,0,0,0,0,0,999,0,9,5,0,6,2,1,0,0,0,1,55,54001,6,1,0,0,3,0,63,105,0,0,0,0,1,7,2014,7,2014,4,0,0,0,0,1,2,55,3,1,2,1,0,0,14,6,99,3,4,2,1,1
55,550230,1,1,1,2,8,11,23,18,0,1,0,92,0,21,22,21022,4,2001,1G3GS64C2142,1,G,3,G,S,6,4,C,2,1,4,2,0,0,0,000000000,00000000000,0,0,0,1,0,0,0,0,0,0,0,50,0,1,5,99,6,2,1,0,0,0,1,55,53027,6,1,0,0,3,3,71,190,0,0,0,0,0,0,0,0,0,0,0,0,0,0,1,2,45,1,3,2,1,0,0,1,10,99,1,4,6,1,0
55,550231,1,1,2,3,8,3,30,8,0,1,0,55,1,18,3,18003,4,2000,1G4CW52K1Y41,1,G,4,C,W,5,2,K,1,Y,4,1,0,0,0,000000000,00000000000,0,0,0,1,0,0,0,0,0,0,0,50,0,0,0,12,4,3,8,0,0,0,1,55,53959,6,1,0,0,3,3,69,250,0,0,0,1,1,6,2013,3,2014,0,0,0,0,0,1,3,55,1,1,2,1,0,0,1,80,1,1,1,13,0,0
55,550232,1,2,1,4,8,19,2,12,6,1,0,55,1,59,31,59031,4,2007,JTHBJ46GX720,J,T,H,B,J,4,6,G,X,7,2,0,0,0,0,000000000,00000000000,0,0,0,1,0,0,0,0,0,0,0,999,0,0,0,9,6,2,12,0,0,0,1,55,53538,6,1,0,0,3,0,70,185,0,0,0,0,0,0,0,0,0,0,38,0,0,0,1,2,25,1,2,2,2,20,3,4,17,1,1,1,89,1,1
55,550232,2,2,3,4,8,19,2,12,6,1,0,55,2,12,32,12032,5,2011,3FADP4EJ2BM2,3,F,A,D,P,4,E,J,2,B,M,2,0,0,0,000000000,00000000000,0,0,0,1,0,0,0,0,0,0,0,50,0,0,0,12,6,2,12,0,0,0,1,55,53538,6,2,0,0,3,0,66,131,0,0,0,0,0,0,0,0,0,3,0,0,0,0,1,2,25,1,2,2,2,0,0,1,66,1,1,1,88,0,0
55,550233,1,1,1,3,8,12,40,11,0,1,0,55,1,72,706,72706,80,2014,1HD1FCM11EB6,1,H,D,1,F,C,M,1,1,E,B,6,0,0,0,000000000,00000000000,0,0,0,1,0,0,0,0,0,0,0,55,0,0,0,12,6,2,11,0,0,0,1,55,54416,6,1,0,0,3,1,73,200,0,0,0,0,0,0,0,0,0,0,0,0,0,0,1,2,55,1,1,2,1,0,0,1,87,9,2,1,13,1,0