STATE,ST_CASE,VEH_NO,VE_FORMS,NUMOCCS,DAY,MONTH,HOUR,MINUTE,HARM_EV,MAN_COLL,UNITTYPE,HIT_RUN,REG_STAT,OWNER,MAKE,MODEL,MAK_MOD,BODY_TYP,MOD_YEAR,VIN,VIN_1,VIN_2,VIN_3,VIN_4,VIN_5,VIN_6,VIN_7,VIN_8,VIN_9,VIN_10,VIN_11,VIN_12,TOW_VEH,J_KNIFE,MCARR_I1,MCARR_I2,MCARR_ID,GVWR,V_CONFIG,CARGO_BT,HAZ_INV,HAZ_PLAC,HAZ_ID,HAZ_CNO,HAZ_REL,BUS_USE,SPEC_USE,EMER_USE,TRAV_SP,UNDERIDE,ROLLOVER,ROLINLOC,IMPACT1,DEFORMED,TOWED,M_HARM,VEH_SC1,VEH_SC2,FIRE_EXP,DR_PRES,L_STATE,DR_ZIP,L_STATUS,L_TYPE,CDL_STAT,L_ENDORS,L_COMPL,L_RESTRI,DR_HGT,DR_WGT,PREV_ACC,PREV_SUS,PREV_DWI,PREV_SPD,PREV_OTH,FIRST_MO,FIRST_YR,LAST_MO,LAST_YR,SPEEDREL,DR_SF1,DR_SF2,DR_SF3,DR_SF4,VTRAFWAY,VNUM_LAN,VSPD_LIM,VALIGN,VPROFILE,VPAVETYP,VSURCOND,VTRAFCON,VTCONT_F,P_CRASH1,P_CRASH2,P_CRASH3,PCRASH4,PCRASH5,ACC_TYPE,DEATHS,DR_DRINK
55,550234,1,2,2,5,8,13,6,12,6,1,0,55,1,49,472,49472,30,1998,4TAVL52N6WZ1,4,T,A,V,L,5,2,N,6,W,Z,1,0,0,0,000000000,00000000000,0,0,0,1,0,0,0,0,0,0,0,20,0,0,0,2,6,2,12,0,0,0,1,55,54216,2,1,0,0,2,0,71,230,0,1,1,0,0,2,2013,4,2013,0,38,0,0,0,2,2,35,1,1,1,1,3,3,11,15,1,1,2,68,1,1
55,550234,2,2,6,5,8,13,6,12,6,1,0,53,2,20,431,20431,16,2002,1GNFK16Z72J1,1,G,N,F,K,1,6,Z,7,2,J,1,1,1,0,000000000,00000000000,0,0,0,1,0,0,0,0,0,0,0,35,0,0,0,12,6,2,12,0,0,0,1,53,54220,6,1,0,0,3,0,72,190,0,0,0,0,0,0,0,0,0,0,0,0,0,0,2,2,35,1,1,1,1,3,3,1,62,1,1,1,69,0,0
55,550235,1,2,1,5,8,9,50,12,6,1,0,55,1,20,481,20481,31,1998,1GCEK14W9WZ1,1,G,C,E,K,1,4,W,9,W,Z,1,0,0,0,000000000,00000000000,0,0,0,1,0,0,0,0,0,0,0,45,0,0,0,12,6,2,12,0,0,0,1,55,54106,6,1,0,0,3,3,75,250,0,1,0,0,1,8,2011,8,2014,0,39,0,0,0,1,2,45,1,1,2,1,20,3,1,17,4,2,1,86,0,0
55,550235,2,2,3,5,8,9,50,12,6,1,0,55,1,20,404,20404,14,2012,2GNALDEK7C13,2,G,N,A,L,D,E,K,7,C,1,3,0,0,0,000000000,00000000000,0,0,0,1,0,0,0,0,0,0,0,45,0,0,0,3,6,2,12,0,0,0,1,55,54940,6,1,0,0,3,0,64,140,0,0,0,0,0,0,0,0,0,0,0,0,0,0,1,2,45,1,1,2,1,0,0,1,66,1,1,1,87,1,0
55,550236,1,2,2,6,8,14,56,12,6,1,0,55,1,20,441,20441,20,2000,1Y1SK5286YZ4,1,Y,1,S,K,5,2,8,6,Y,Z,4,0,0,0,000000000,00000000000,0,0,0,1,0,0,0,0,0,0,0,10,0,0,0,3,6,2,12,0,0,0,1,55,54489,6,1,0,0,3,0,66,138,0,0,0,0,0,0,0,0,0,0,38,0,0,0,1,2,55,1,1,2,1,20,3,1,17,1,1,1,87,2,0
55,550236,2,2,1,6,8,14,56,12,6,1,0,55,1,12,481,12481,31,2006,1FTWX31PX6EC,1,F,T,W,X,3,1,P,X,6,E,C,0,0,0,000000000,00000000000,0,0,0,1,0,0,0,0,0,0,0,999,0,0,0,12,6,2,12,0,0,0,1,55,54410,6,1,0,0,3,0,72,200,0,0,0,1,0,12,2011,12,2011,0,0,0,0,0,1,2,55,1,1,2,1,0,0,1,66,1,1,1,86,0,0
55,550237,1,1,10,8,8,9,45,1,0,1,0,55,2,12,422,12422,15,2004,1FMFU18L54LA,1,F,M,F,U,1,8,L,5,4,L,A,0,0,0,000000000,00000000000,0,0,0,1,0,0,0,0,0,0,0,60,0,9,1,0,6,2,1,0,0,0,1,55,54403,0,0,0,0,0,0,999,999,0,0,0,0,0,0,0,0,0,3,21,28,58,0,1,2,55,1,1,2,1,0,0,1,6,1,4,1,98,2,0
55,550238,1,3,1,8,8,11,1,12,6,1,0,17,2,12,37,12037,4,2014,1FADP3F24EL3,1,F,A,D,P,3,F,2,4,E,L,3,0,0,0,000000000,00000000000,0,0,0,1,0,0,0,0,0,0,0,45,0,0,0,10,6,2,12,0,0,0,1,17,60099,6,1,0,0,3,0,66,200,0,0,0,0,0,0,0,0,0,0,39,0,0,0,1,2,45,1,1,2,1,3,3,1,17,1,1,1,89,0,0
55,550238,2,3,1,8,8,11,1,12,6,1,0,27,3,85,884,85884,66,1993,2XKWDB9X9PM5,2,X,K,W,D,B,9,X,9,P,M,5,1,1,57,630933,57630933,3,6,3,1,0,0,0,0,0,0,0,45,0,0,0,12,6,2,12,0,0,0,1,27,55927,6,1,6,0,3,0,71,175,0,0,0,0,0,0,0,0,0,0,0,0,0,0,1,2,45,1,1,2,1,3,3,1,66,1,1,1,88,0,0
55,550238,3,3,1,8,8,11,1,12,6,1,0,55,1,23,481,23481,31,2007,1GTJK33D17F1,1,G,T,J,K,3,3,D,1,7,F,1,1,1,0,000000000,00000000000,0,0,0,1,0,0,0,0,0,0,0,45,0,0,0,12,6,2,12,0,0,0,1,17,53179,6,1,0,0,3,3,63,135,0,0,0,0,0,0,0,0,0,0,0,0,0,0,1,2,45,1,1,2,1,3,3,1,62,1,1,1,98,1,0
55,550239,1,1,2,10,8,3,10,33,0,1,0,55,2,72,706,72706,80,2009,1HD1KB4189Y6,1,H,D,1,K,B,4,1,8,9,Y,6,0,0,0,000000000,00000000000,0,0,0,1,0,0,0,0,0,0,0,50,0,0,0,12,6,2,33,0,0,0,1,55,54162,6,1,0,0,3,0,67,230,0,0,0,1,2,5,2012,5,2013,4,0,0,0,0,1,2,45,4,1,2,1,0,0,14,6,3,2,4,6,1,1
55,550240,1,2,1,9,8,10,25,12,7,1,0,55,2,76,709,76709,81,2008,LPRSA20A48A8,L,P,R,S,A,2,0,A,4,8,A,8,0,0,0,000000000,00000000000,0,0,0,1,0,0,0,0,0,0,0,20,0,0,0,62,2,3,12,0,0,0,1,55,54913,6,1,0,0,3,0,62,115,0,0,0,0,0,0,0,0,0,0,0,0,0,0,1,2,25,2,1,1,1,0,0,98,98,1,9,1,47,1,0
55,550240,2,2,1,9,8,10,25,12,7,1,0,55,1,76,709,76709,81,2008,LPRSA20A18A8,L,P,R,S,A,2,0,A,1,8,A,8,0,0,0,000000000,00000000000,0,0,0,1,0,0,0,0,0,0,0,998,0,0,0,83,2,3,12,0,0,0,1,55,54913,6,1,0,0,3,0,70,180,0,0,0,0,0,0,0,0,0,0,0,0,0,0,0,0,0,0,0,0,0,0,0,1,16,1,1,1,45,0,0
55,550241,1,2,1,11,8,10,9,12,6,1,0,55,1,49,53,49053,5,2009,4T3BK11AX9U0,4,T,3,B,K,1,1,A,X,9,U,0,0,0,0,000000000,00000000000,0,0,0,1,0,0,0,0,0,0,0,999,0,0,0,82,6,2,12,0,0,0,1,55,53598,6,1,0,0,3,0,71,240,0,0,0,4,1,11,2013,11,2013,4,38,0,0,0,1,2,45,1,1,1,1,0,0,3,17,1,1,1,87,1,0
55,550241,2,2,1,11,8,10,9,12,6,1,0,55,2,86,884,86884,63,2007,1M2AL02C17M0,1,M,2,A,L,0,2,C,1,7,M,0,0,0,57,1079387,571079387,3,2,4,1,0,0,0,0,0,0,0,999,0,0,0,12,6,2,12,0,0,1,1,55,53562,6,1,6,1,3,1,69,210,0,0,0,0,0,0,0,0,0,0,0,0,0,0,1,2,45,1,1,1,1,0,0,1,55,1,1,1,86,0,0
55,550242,1,2,2,10,8,0,40,12,1,1,0,55,2,20,403,20403,14,2005,1GNDT13S6521,1,G,N,D,T,1,3,S,6,5,2,1,0,0,0,000000000,00000000000,0,0,0,1,0,0,0,0,0,0,0,55,0,0,0,6,2,5,12,0,0,0,1,55,53719,6,1,0,0,3,0,74,162,0,0,0,0,1,5,2012,5,2012,0,0,0,0,0,3,3,55,1,1,1,1,0,0,1,99,1,1,1,25,0,0
55,550242,2,2,1,10,8,0,40,12,1,1,0,55,1,76,706,76706,80,2004,JYARN13E74A0,J,Y,A,R,N,1,3,E,7,4,A,0,0,0,0,000000000,00000000000,0,0,0,1,0,0,0,0,0,0,0,999,0,0,0,12,6,2,12,0,0,0,1,55,53185,6,1,0,0,3,3,69,140,0,0,0,1,1,9,2011,6,2012,3,0,0,0,0,3,3,55,1,1,1,1,0,0,1,6,1,1,1,24,1,1
55,550243,1,1,1,12,8,13,49,42,0,1,0,55,2,73,705,73705,80,2001,JKAZX4J111A0,J,K,A,Z,X,4,J,1,1,1,A,0,0,0,0,000000000,00000000000,0,0,0,1,0,0,0,0,0,0,0,999,0,0,0,12,6,2,42,0,0,0,1,55,54730,6,1,0,0,2,0,76,180,0,0,0,1,1,6,2012,1,2014,3,37,0,0,0,1,2,55,2,1,2,1,0,0,14,6,1,1,4,6,1,0
55,550244,1,1,1,9,8,1,5,42,0,1,0,55,1,20,403,20403,14,2004,1GNDT13S8423,1,G,N,D,T,1,3,S,8,4,2,3,0,0,0,000000000,00000000000,0,0,0,1,0,0,0,0,0,0,0,999,0,9,5,61,6,2,42,0,0,0,1,55,53916,6,1,0,0,3,0,68,215,0,0,0,0,0,0,0,0,0,0,58,0,0,0,1,2,45,2,1,2,1,0,0,14,6,7,3,4,6,1,0
55,550245,1,2,2,10,8,17,40,12,6,1,0,55,1,49,32,49032,4,2003,JTDBR32E4320,J,T,D,B,R,3,2,E,4,3,2,0,0,0,0,000000000,00000000000,0,0,0,1,0,0,0,0,0,0,0,999,0,0,0,62,6,2,12,0,0,0,1,55,53204,6,2,0,0,3,0,66,130,0,0,0,0,0,0,0,0,0,0,0,0,0,0,3,4,30,1,1,1,1,3,3,1,66,1,1,1,89,0,0
55,550245,2,2,1,10,8,17,40,12,6,1,0,55,2,72,709,72709,80,2000,1HD1GHV17YY3,1,H,D,1,G,H,V,1,7,Y,Y,3,0,0,0,000000000,00000000000,0,0,0,1,0,0,0,0,0,0,0,999,0,0,0,12,6,2,12,0,0,0,1,55,53204,6,1,6,0,3,0,64,160,0,0,0,0,0,0,0,0,0,0,39,0,0,0,2,4,30,1,1,1,1,3,3,1,55,99,9,1,88,1,0
55,550246,1,1,1,15,8,21,7,11,0,1,0,55,1,72,709,72709,80,2002,1HD4CAM102K1,1,H,D,4,C,A,M,1,0,2,K,1,0,0,0,000000000,00000000000,0,0,0,1,0,0,0,0,0,0,0,999,0,0,0,12,2,5,11,0,0,0,1,55,54486,6,1,0,0,3,3,72,220,0,0,0,1,3,8,2011,10,2013,0,0,0,0,0,1,2,55,1,1,1,1,0,0,1,87,3,9,1,13,1,0
55,550247,1,1,1,16,8,12,1,30,0,1,0,55,2,30,46,30046,4,1999,WVWMD63B6XE0,W,V,W,M,D,6,3,B,6,X,E,0,0,0,0,000000000,00000000000,0,0,0,1,0,0,0,0,0,0,0,75,0,1,5,61,6,2,30,0,0,0,1,55,53142,0,0,0,0,0,0,70,200,0,0,0,0,0,0,0,0,0,0,0,0,0,0,1,2,45,1,1,1,1,0,0,15,53,99,1,4,6,1,1
55,550248,1,2,1,6,8,0,5,8,0,1,1,99,9,99,999,99999,99,9999,999999999999,9,9,9,9,9,9,9,9,9,9,9,9,0,0,0,000000000,00000000000,0,0,0,1,0,0,0,0,0,0,0,999,0,0,0,12,9,5,8,0,0,0,1,99,99999,9,9,99,9,9,9,999,999,99,99,99,99,99,99,9999,99,9999,0,38,0,0,0,3,2,40,1,1,1,1,0,0,1,80,1,1,1,13,0,0
55,550248,2,2,1,6,8,0,5,8,0,1,0,18,2,37,32,37032,4,1999,1HGCG1655XA0,1,H,G,C,G,1,6,5,5,X,A,0,0,0,0,000000000,00000000000,0,0,0,1,0,0,0,0,0,0,0,999,0,0,0,12,4,3,8,0,0,0,1,55,53224,6,1,0,0,3,0,71,140,0,0,0,0,1,7,2013,7,2013,0,0,0,0,0,3,2,40,1,1,1,1,0,0,1,80,1,1,1,98,0,0
55,550249,1,2,2,16,8,5,14,12,2,1,0,55,2,86,884,86884,66,1993,1M2AA12Y1PW0,1,M,2,A,A,1,2,Y,1,P,W,0,1,1,57,2167604,572167604,3,6,1,1,0,0,0,0,0,0,0,998,0,0,0,12,6,2,12,0,0,0,1,55,54854,1,1,1,2,2,3,69,305,0,2,0,0,4,5,2013,6,2014,0,0,0,0,0,1,2,55,1,1,2,1,0,0,1,62,1,1,2,50,0,0
55,550249,2,2,2,16,8,5,14,12,2,1,0,55,2,12,37,12037,4,2008,1FAHP34N48W2,1,F,A,H,P,3,4,N,4,8,W,2,0,0,0,000000000,00000000000,0,0,0,1,0,0,0,0,0,0,0,55,0,0,0,12,6,2,12,0,0,0,1,55,54806,6,1,0,0,3,0,72,220,0,0,0,2,2,1,2012,5,2012,0,51,6,0,0,1,2,55,1,1,2,1,0,0,1,99,1,9,2,51,1,0
55,550250,1,2,2,16,8,13,56,12,6,1,0,17,1,12,473,12473,30,2001,1FMZU77E81UB,1,F,M,Z,U,7,7,E,8,1,U,B,0,0,0,000000000,00000000000,0,0,0,1,0,0,0,0,0,0,0,35,0,0,0,1,6,2,12,0,0,0,1,17,60171,6,2,0,0,3,0,66,125,0,0,0,0,0,0,0,0,0,0,38,0,0,0,2,3,35,1,1,2,1,3,3,11,54,1,1,2,68,0,0
55,550250,2,2,1,16,8,13,56,12,6,1,0,55,2,72,706,72706,80,1985,1HD1CAH11FY1,1,H,D,1,C,A,H,1,1,F,Y,1,0,0,0,000000000,00000000000,0,0,0,1,0,0,0,0,0,0,0,35,0,0,0,12,6,2,12,0,0,0,1,55,53188,6,1,0,0,3,0,77,250,1,0,0,0,1,8,2011,8,2011,0,0,0,0,0,2,3,35,1,1,2,1,3,2,99,66,99,9,1,69,1,0
55,550251,1,1,1,8,8,18,44,32,0,1,0,55,1,20,36,20036,2,2004,2G1WW12E5493,2,G,1,W,W,1,2,E,5,4,9,3,0,0,0,000000000,00000000000,0,0,0,1,0,0,0,0,0,0,0,999,0,0,0,12,6,2,32,0,0,0,1,55,53406,6,1,0,0,3,0,70,245,0,0,0,0,0,0,0,0,0,3,0,0,0,0,1,2,40,1,1,2,1,0,0,1,12,1,1,4,6,1,1
55,550252,1,1,3,15,8,2,3,42,0,1,0,55,1,19,18,19018,4,2005,1G6DN56S1501,1,G,6,D,N,5,6,S,1,5,0,1,0,0,0,000000000,00000000000,0,0,0,1,0,0,0,0,0,0,0,999,0,0,0,3,6,2,42,0,0,0,1,55,53573,6,1,0,0,3,0,71,192,0,0,0,0,0,0,0,0,0,3,28,0,0,0,1,2,35,3,1,2,1,0,0,14,6,6,4,4,6,1,1
55,550253,1,1,3,8,8,19,43,33,0,1,0,55,2,59,32,59032,4,1995,JT8UF22E0S00,J,T,8,U,F,2,2,E,0,S,0,0,0,0,0,000000000,00000000000,0,0,0,1,0,0,0,0,0,0,0,68,0,1,5,12,6,2,1,0,0,0,1,55,53208,6,1,0,0,3,3,71,250,0,0,0,0,0,0,0,0,0,3,0,0,0,0,2,2,30,1,1,2,2,3,3,1,6,1,9,4,2,3,0
55,550254,1,1,1,8,8,22,33,11,0,1,0,55,1,72,706,72706,80,1995,1HD4CAM15SY2,1,H,D,4,C,A,M,1,5,S,Y,2,0,0,0,000000000,00000000000,0,0,0,1,0,0,0,0,0,0,0,999,0,0,0,61,4,3,11,0,0,0,1,55,53040,6,1,5,0,3,0,71,190,0,0,0,2,0,4,2013,7,2013,0,0,0,0,0,1,2,55,1,1,2,1,0,0,1,87,1,1,1,98,1,1
55,550255,1,1,1,18,8,18,47,33,0,1,0,55,1,24,401,24401,14,2006,5GZCZ23D96S8,5,G,Z,C,Z,2,3,D,9,6,S,8,0,0,0,000000000,00000000000,0,0,0,1,0,0,0,0,0,0,0,55,0,1,2,12,6,2,1,0,0,0,1,55,54110,2,1,0,0,2,0,69,200,0,1,1,0,0,7,2012,7,2012,0,28,0,0,0,1,2,55,1,1,2,2,0,0,1,9,1,1,4,6,1,1
55,550256,1,1,2,8,8,23,33,14,0,1,0,55,2,22,18,22018,4,2003,1G2NF52E33C2,1,G,2,N,F,5,2,E,3,3,C,2,0,0,0,000000000,00000000000,0,0,0,1,0,0,0,0,0,0,0,65,0,1,5,81,6,2,42,0,0,0,1,55,53704,0,0,0,0,0,0,69,209,0,1,0,1,0,7,2014,7,2014,4,0,0,0,0,1,2,25,3,2,2,1,0,0,14,6,99,2,4,98,2,1
55,550257,1,1,1,21,8,15,31,34,0,1,0,55,1,12,481,12481,31,2000,1FTNW21F7YED,1,F,T,N,W,2,1,F,7,Y,E,D,0,0,0,000000000,00000000000,0,0,0,1,0,0,0,0,0,0,0,998,0,1,5,81,6,2,1,0,0,0,1,55,54446,6,1,6,0,3,0,68,155,0,0,0,0,0,0,0,0,0,3,36,27,58,0,1,2,55,1,1,4,1,0,0,6,6,8,4,4,1,1,1
55,550258,1,1,4,9,8,4,43,34,0,1,0,55,1,22,20,22020,4,2005,2G2WS5223512,2,G,2,W,S,5,2,2,3,5,1,2,0,0,0,000000000,00000000000,0,0,0,1,0,0,0,0,0,0,0,999,0,1,5,99,6,2,1,0,0,0,1,55,54229,6,1,0,0,3,0,71,220,0,0,0,0,0,0,0,0,0,0,91,0,0,0,1,2,40,3,1,1,1,0,0,14,13,1,1,4,1,1,1
55,550259,1,2,1,11,8,16,46,12,2,1,0,55,1,49,40,49040,4,2004,4T1BE32KX4U2,4,T,1,B,E,3,2,K,X,4,U,2,0,0,0,000000000,00000000000,0,0,0,1,0,0,0,0,0,0,0,45,0,0,0,12,6,2,12,0,0,0,1,55,53209,6,1,0,0,3,0,68,218,0,0,0,0,0,0,0,0,0,0,28,51,0,0,1,2,45,1,1,2,1,0,0,1,10,1,1,2,50,1,0
55,550259,2,2,1,11,8,16,46,12,2,1,0,26,2,2,404,2404,14,2000,1J4FF48S6YL1,1,J,4,F,F,4,8,S,6,Y,L,1,0,0,0,000000000,00000000000,0,0,0,1,0,0,0,0,0,0,0,999,0,0,0,12,6,2,12,0,0,0,1,55,53207,6,1,0,0,3,0,67,225,0,0,0,0,0,0,0,0,0,0,0,0,0,0,1,2,45,1,1,2,1,0,0,1,62,1,1,1,51,0,0
55,550260,1,1,1,23,8,6,44,34,0,1,0,55,1,12,481,12481,31,2007,1FTPX14V07FB,1,F,T,P,X,1,4,V,0,7,F,B,0,0,0,000000000,00000000000,0,0,0,1,0,0,0,0,0,0,0,999,0,1,5,12,6,2,34,0,0,0,1,55,54143,6,1,0,0,3,3,67,135,0,0,0,0,0,0,0,0,0,0,0,0,0,0,2,4,65,3,1,1,1,0,0,14,13,3,2,4,7,1,1
55,550261,1,1,1,13,8,22,42,42,0,1,0,55,1,2,405,2405,14,2007,1J4GL48K97W5,1,J,4,G,L,4,8,K,9,7,W,5,0,0,0,000000000,00000000000,0,0,0,1,0,0,0,0,0,0,0,65,0,0,0,12,6,2,42,0,0,1,1,55,53188,6,1,0,0,3,3,73,200,0,0,0,0,0,0,0,0,0,4,0,0,0,0,1,2,45,1,1,2,1,0,0,1,6,1,1,4,1,1,1
55,550262,1,1,1,23,8,19,50,34,0,1,0,55,1,22,2,22002,4,2001,1G2HY54K8142,1,G,2,H,Y,5,4,K,8,1,4,2,0,0,0,000000000,00000000000,0,0,0,1,0,0,0,0,0,0,0,70,0,1,5,81,6,2,34,0,0,0,1,55,54768,6,1,0,0,3,0,65,160,0,0,0,0,1,7,2014,7,2014,3,0,0,0,0,1,2,55,1,4,2,1,0,0,1,6,99,1,4,1,1,1
55,550263,1,1,2,9,8,2,30,5,0,1,0,55,2,20,37,20037,4,2000,1G1NE52J6Y62,1,G,1,N,E,5,2,J,6,Y,6,2,0,0,0,000000000,00000000000,0,0,0,1,0,0,0,0,0,0,0,999,0,0,0,0,0,3,5,0,0,0,1,55,54003,6,1,0,0,3,0,68,160,0,2,1,0,0,10,2011,5,2012,0,6,27,39,0,1,2,25,1,1,2,1,0,0,3,98,99,1,2,0,1,1
55,550264,1,1,1,25,8,11,55,25,0,1,0,55,1,58,38,58038,4,2003,JNKAY41E33M0,J,N,K,A,Y,4,1,E,3,3,M,0,0,0,0,000000000,00000000000,0,0,0,1,0,0,0,0,0,0,0,999,0,0,0,12,6,2,46,0,0,0,1,55,53215,6,1,0,0,3,0,67,240,0,0,0,1,2,1,2012,10,2013,4,0,0,0,0,3,3,35,1,1,1,2,3,3,1,6,1,9,4,6,1,0
55,550265,1,2,1,18,8,7,38,12,2,1,0,55,1,49,402,49402,14,2011,2T3BF4DVXBW1,2,T,3,B,F,4,D,V,X,B,W,1,0,0,0,000000000,00000000000,0,0,0,1,0,0,0,0,0,0,0,55,0,0,0,12,6,2,12,0,0,0,1,55,54661,6,1,0,0,3,0,63,145,0,0,0,0,0,0,0,0,0,0,87,0,0,0,1,3,55,3,5,2,2,0,0,14,62,99,9,1,51,1,0
55,550265,2,2,4,18,8,7,38,12,2,1,0,55,3,22,441,22441,20,2000,1GMDX03E6YD2,1,G,M,D,X,0,3,E,6,Y,D,2,0,0,0,000000000,00000000000,0,0,0,1,0,0,0,0,0,0,0,55,0,0,0,12,6,2,2,0,0,1,1,55,54722,6,1,0,0,3,3,67,165,2,0,0,0,0,11,2011,5,2013,0,99,99,99,99,1,3,55,2,6,2,2,0,0,14,10,99,9,2,50,2,0
55,550266,1,1,1,26,8,6,55,34,0,1,0,55,4,37,32,37032,2,2014,1HGCT1B70EA0,1,H,G,C,T,1,B,7,0,E,A,0,0,0,0,000000000,00000000000,0,0,0,1,0,0,0,0,0,0,0,55,0,0,0,12,6,2,43,0,0,0,1,55,54403,6,1,0,0,3,0,64,135,0,1,0,0,1,7,2012,5,2013,0,0,0,0,0,1,2,55,1,6,2,1,0,0,1,9,8,9,4,7,1,1
55,550267,1,1,1,28,8,6,25,34,0,1,0,55,1,49,32,49032,4,1993,1NXAE09E9PZ0,1,N,X,A,E,0,9,E,9,P,Z,0,0,0,0,000000000,00000000000,0,0,0,1,0,0,0,0,0,0,0,65,0,1,5,6,6,2,34,0,0,0,1,55,53405,6,1,0,0,3,0,74,185,0,0,0,0,1,6,2014,6,2014,0,58,0,0,0,2,2,65,1,1,1,1,0,0,1,12,7,4,4,2,1,1
55,550268,1,1,3,21,8,12,50,72,0,1,0,55,3,98,884,98884,63,2001,JW6DEJ1E21M0,J,W,6,D,E,J,1,E,2,1,M,0,0,0,57,1168891,571168891,3,2,97,1,0,0,0,0,0,0,0,55,0,9,5,0,6,2,1,0,0,0,1,55,53224,6,1,0,0,2,0,60,170,0,0,0,0,0,0,0,0,0,4,91,87,0,0,1,2,55,3,1,2,2,0,0,14,13,7,1,4,0,3,0
55,550269,1,2,1,23,8,9,17,12,2,1,0,48,1,20,2,20002,4,2011,2G1WG5EK0B12,2,G,1,W,G,5,E,K,0,B,1,2,0,0,0,000000000,00000000000,0,0,0,1,0,0,0,0,0,0,0,55,0,0,0,12,6,2,12,0,0,0,1,48,77345,6,1,0,0,3,0,999,999,0,0,0,0,0,0,0,0,0,0,51,28,0,0,1,2,55,1,1,2,1,0,0,1,10,1,1,2,50,1,0
55,550269,2,2,1,23,8,9,17,12,2,1,0,17,1,22,22,22022,4,2007,1G2ZF58B7741,1,G,2,Z,F,5,8,B,7,7,4,1,0,0,0,000000000,00000000000,0,0,0,1,0,0,0,0,0,0,0,55,0,0,0,12,6,2,12,0,0,0,1,17,61012,6,2,0,0,3,3,69,150,0,0,0,0,0,0,0,0,0,0,0,0,0,0,1,2,55,1,1,2,1,0,0,1,62,1,1,1,51,0,0
55,550270,1,2,1,26,8,7,59,12,2,1,0,55,2,49,40,49040,4,1990,4T1SV22E1LU2,4,T,1,S,V,2,2,E,1,L,U,2,0,0,0,000000000,00000000000,0,0,0,1,0,0,0,0,0,0,0,55,0,0,0,12,6,2,12,0,0,0,1,55,54415,6,2,0,0,3,0,63,110,0,0,0,1,1,11,2013,11,2013,0,28,51,0,0,1,2,45,2,1,2,1,0,0,14,10,1,1,2,50,1,0
55,550270,2,2,1,26,8,7,59,12,2,1,0,55,1,22,441,22441,20,2002,1GMDX03E92D1,1,G,M,D,X,0,3,E,9,2,D,1,0,0,0,000000000,00000000000,0,0,0,1,0,0,0,0,0,0,0,45,0,0,0,12,6,2,12,0,0,0,1,55,53807,6,1,0,0,3,3,63,135,0,0,0,2,0,9,2011,2,2012,0,0,0,0,0,1,2,45,3,1,2,1,0,0,14,62,1,1,1,51,1,0
55,550271,1,1,2,29,8,2,28,34,0,1,0,55,1,7,482,7482,31,1994,1B7HF16Y6RS5,1,B,7,H,F,1,6,Y,6,R,S,5,0,0,0,000000000,00000000000,0,0,0,1,0,0,0,0,0,0,0,999,0,1,2,12,6,2,1,0,0,0,1,55,54102,3,1,0,0,2,0,69,165,0,0,0,1,2,1,2012,7,2014,0,0,0,0,0,1,2,25,1,1,2,2,0,0,1,12,1,1,4,6,1,1
55,550272,1,1,1,31,8,14,55,34,0,1,0,55,1,72,709,72709,80,1998,1HD1DJL10WY6,1,H,D,1,D,J,L,1,0,W,Y,6,0,0,0,000000000,00000000000,0,0,0,1,0,0,0,0,0,0,0,70,0,0,0,12,6,2,34,0,0,0,1,55,53094,6,1,0,0,3,0,66,150,0,0,0,0,1,4,2014,4,2014,3,0,0,0,0,1,2,55,1,2,2,1,0,0,2,6,1,7,4,7,1,0
55,550273,1,2,1,31,8,15,1,12,6,1,0,55,1,12,481,12481,32,1995,1FTJW36F2SEA,1,F,T,J,W,3,6,F,2,S,E,A,0,0,0,000000000,00000000000,0,0,0,1,0,0,0,0,0,0,0,999,0,0,0,12,6,2,12,0,0,0,1,55,54971,6,1,0,0,3,0,72,180,0,1,0,0,0,11,2012,11,2012,0,0,0,0,0,1,2,55,1,1,2,1,0,0,1,55,1,1,1,86,0,1
55,550273,2,2,1,31,8,15,1,12,6,1,0,55,1,22,403,22403,14,2006,2CKDL63F5660,2,C,K,D,L,6,3,F,5,6,6,0,0,0,0,000000000,00000000000,0,0,0,1,0,0,0,0,0,0,0,999,0,0,0,82,6,2,12,0,0,0,1,55,54971,6,1,0,0,3,0,67,195,0,0,0,0,0,0,0,0,0,0,38,0,0,0,1,2,55,1,1,2,1,0,0,1,55,1,1,1,87,1,0
55,550274,1,2,1,24,8,14,40,12,6,1,0,55,1,20,16,20016,1,2000,4G1JF32T6YB9,4,G,1,J,F,3,2,T,6,Y,B,9,0,0,0,000000000,00000000000,0,0,0,1,0,0,0,0,0,0,0,999,0,0,0,12,6,2,12,0,0,0,1,55,53206,6,1,0,0,3,0,69,200,0,0,0,0,0,0,0,0,0,0,0,0,0,0,1,2,30,1,1,1,1,0,0,1,66,1,1,1,88,0,0
55,550274,2,2,2,24,8,14,40,12,6,1,0,55,1,7,442,7442,20,2001,1B4GP44311B1,1,B,4,G,P,4,4,3,1,1,B,1,0,0,0,000000000,00000000000,0,0,0,1,0,0,0,0,0,0,0,999,0,0,0,11,6,2,12,0,0,0,1,55,53205,6,1,0,0,3,0,72,300,0,0,0,0,0,0,0,0,0,0,38,0,0,0,1,2,25,2,1,1,1,20,3,14,17,1,1,1,89,1,0