STATE,ST_CASE,VEH_NO,VE_FORMS,NUMOCCS,DAY,MONTH,HOUR,MINUTE,HARM_EV,MAN_COLL,UNITTYPE,HIT_RUN,REG_STAT,OWNER,MAKE,MODEL,MAK_MOD,BODY_TYP,MOD_YEAR,VIN,VIN_1,VIN_2,VIN_3,VIN_4,VIN_5,VIN_6,VIN_7,VIN_8,VIN_9,VIN_10,VIN_11,VIN_12,TOW_VEH,J_KNIFE,MCARR_I1,MCARR_I2,MCARR_ID,GVWR,V_CONFIG,CARGO_BT,HAZ_INV,HAZ_PLAC,HAZ_ID,HAZ_CNO,HAZ_REL,BUS_USE,SPEC_USE,EMER_USE,TRAV_SP,UNDERIDE,ROLLOVER,ROLINLOC,IMPACT1,DEFORMED,TOWED,M_HARM,VEH_SC1,VEH_SC2,FIRE_EXP,DR_PRES,L_STATE,DR_ZIP,L_STATUS,L_TYPE,CDL_STAT,L_ENDORS,L_COMPL,L_RESTRI,DR_HGT,DR_WGT,PREV_ACC,PREV_SUS,PREV_DWI,PREV_SPD,PREV_OTH,FIRST_MO,FIRST_YR,LAST_MO,LAST_YR,SPEEDREL,DR_SF1,DR_SF2,DR_SF3,DR_SF4,VTRAFWAY,VNUM_LAN,VSPD_LIM,VALIGN,VPROFILE,VPAVETYP,VSURCOND,VTRAFCON,VTCONT_F,P_CRASH1,P_CRASH2,P_CRASH3,PCRASH4,PCRASH5,ACC_TYPE,DEATHS,DR_DRINK
55,550275,1,1,1,29,8,0,9,8,0,1,0,55,2,24,401,24401,14,2006,5GZCZ63406S8,5,G,Z,C,Z,6,3,4,0,6,S,8,0,0,0,000000000,00000000000,0,0,0,1,0,0,0,0,0,0,0,30,0,0,0,11,2,5,8,0,0,0,1,4,54952,6,1,0,0,9,3,67,230,0,0,0,0,0,0,0,0,0,9,0,0,0,0,5,2,30,1,1,1,2,0,0,1,81,4,9,1,13,0,0
55,550276,1,3,2,28,8,16,14,12,6,1,0,55,1,49,40,49040,4,2001,4T1BG22K81U0,4,T,1,B,G,2,2,K,8,1,U,0,0,0,0,000000000,00000000000,0,0,0,1,0,0,0,0,0,0,0,20,0,0,0,3,6,2,12,0,0,0,1,55,53051,4,1,0,0,2,0,70,180,0,0,0,1,0,1,2012,1,2012,0,38,0,0,0,2,3,40,1,1,2,1,3,3,11,15,1,1,2,68,1,0
55,550276,2,3,1,28,8,16,14,12,6,1,0,55,1,48,34,48034,6,2002,4S3BH8066276,4,S,3,B,H,8,0,6,6,2,7,6,0,0,0,000000000,00000000000,0,0,0,1,0,0,0,0,0,0,0,40,0,0,0,12,4,3,12,0,0,0,1,55,53186,6,1,0,0,3,3,66,155,1,0,0,2,0,11,2012,5,2013,0,0,0,0,0,2,3,40,1,1,2,1,3,3,9,60,1,1,1,69,0,0
55,550276,3,3,1,28,8,16,14,12,6,1,0,55,1,12,37,12037,4,2001,1FAHP34361W2,1,F,A,H,P,3,4,3,6,1,W,2,0,0,0,000000000,00000000000,0,0,0,1,0,0,0,0,0,0,0,0,0,0,0,99,4,3,12,0,0,0,1,55,53218,6,2,0,0,3,0,67,123,0,0,0,0,0,0,0,0,0,0,0,0,0,0,1,2,98,1,1,2,1,3,3,5,67,1,1,1,98,0,0
55,550277,1,1,1,26,8,11,35,42,0,1,0,55,1,63,37,63037,6,2014,KNDJP3A54E77,K,N,D,J,P,3,A,5,4,E,7,7,0,0,0,000000000,00000000000,0,0,0,1,0,0,0,0,0,0,0,999,0,0,0,12,6,2,42,0,0,0,1,55,53210,6,7,0,0,2,2,59,95,0,0,0,0,0,0,0,0,0,0,73,0,0,0,1,2,25,1,1,1,1,0,0,1,12,1,1,4,6,1,0
55,550278,1,1,1,29,8,19,55,9,0,1,0,55,1,52,40,52040,4,2002,6MMAP57P32T0,6,M,M,A,P,5,7,P,3,2,T,0,0,0,0,000000000,00000000000,0,0,0,1,0,0,0,0,0,0,0,50,0,0,0,12,2,3,9,0,0,0,1,55,53214,6,1,0,0,3,0,71,220,0,0,0,0,0,0,0,0,0,0,0,0,0,0,1,2,50,1,1,2,1,0,0,1,83,1,1,1,13,0,0
55,550279,1,2,1,30,8,9,43,12,2,1,0,55,2,20,403,20403,14,2006,1GNDT13S7622,1,G,N,D,T,1,3,S,7,6,2,2,0,0,0,000000000,00000000000,0,0,0,1,0,0,0,0,0,0,0,999,0,0,0,12,6,2,12,0,0,0,1,55,54401,4,1,0,0,2,0,68,145,0,0,0,0,0,0,0,0,0,0,28,0,0,0,1,2,55,1,2,2,2,0,0,1,10,1,1,2,50,0,0
55,550279,2,2,1,30,8,9,43,12,2,1,0,55,1,20,2,20002,4,2000,2G1WF55E2Y93,2,G,1,W,F,5,5,E,2,Y,9,3,0,0,0,000000000,00000000000,0,0,0,1,0,0,0,0,0,0,0,999,0,0,0,12,6,2,12,0,0,0,1,55,54175,6,1,0,0,3,3,70,200,0,0,0,0,0,0,0,0,0,0,0,0,0,0,1,2,55,1,2,2,2,0,0,1,62,1,1,1,51,1,0
55,550280,1,3,1,1,9,21,40,12,6,1,0,55,2,37,733,37733,90,2003,478TE2540342,4,7,8,T,E,2,5,4,0,3,4,2,0,0,0,000000000,00000000000,0,0,0,1,0,0,0,0,0,0,0,999,0,0,0,12,6,2,12,0,0,0,1,55,54426,6,1,0,0,3,0,72,185,0,0,0,0,0,0,0,0,0,0,38,0,0,0,1,2,55,1,9,1,1,20,3,1,17,1,1,1,88,1,1
55,550280,2,3,1,1,9,21,40,12,6,1,0,27,2,14,17,14017,6,2001,1MEFM58U11G6,1,M,E,F,M,5,8,U,1,1,G,6,0,0,0,000000000,00000000000,0,0,0,1,0,0,0,0,0,0,0,65,0,0,0,62,4,3,12,0,0,0,1,27,55424,6,1,0,0,3,3,72,185,0,0,0,0,1,10,2011,10,2011,0,0,0,0,0,2,2,65,1,2,1,1,0,0,1,66,1,1,1,89,0,0
55,550280,3,3,2,1,9,21,40,12,6,1,0,27,1,6,441,6441,20,2005,2C8GP54LX5R1,2,C,8,G,P,5,4,L,X,5,R,1,0,0,0,000000000,00000000000,0,0,0,1,0,0,0,0,0,0,0,65,0,0,0,12,2,5,12,0,0,0,1,27,55364,6,1,0,0,3,0,69,220,0,0,0,0,0,0,0,0,0,0,0,0,0,0,2,2,65,1,2,1,1,0,0,1,90,1,1,1,98,0,0
55,550281,1,2,27,2,9,20,48,12,6,1,0,55,3,94,989,94989,50,2014,1T88U9E24E11,1,T,8,8,U,9,E,2,4,E,1,1,0,0,57,834245,57834245,3,21,22,1,0,0,0,0,1,2,0,30,0,0,0,5,4,3,12,0,0,0,1,55,54313,6,1,6,1,3,1,71,200,0,0,0,0,0,0,0,0,0,0,38,0,0,0,1,2,55,1,1,1,1,20,3,1,17,1,1,1,87,0,0
55,550281,2,2,2,2,9,20,48,12,6,1,0,55,1,41,51,41051,4,2010,JM1BL1SF1A11,J,M,1,B,L,1,S,F,1,A,1,1,0,0,0,000000000,00000000000,0,0,0,1,0,0,0,0,0,0,0,65,3,0,0,12,6,2,12,0,0,0,1,55,54448,6,1,6,0,3,3,70,160,0,0,0,0,0,0,0,0,0,0,0,0,0,0,2,2,65,1,1,1,1,0,0,1,66,6,1,1,86,1,0
55,550282,1,1,2,9,9,3,5,52,0,1,0,27,2,20,9,20009,1,1995,2G1FP32S4S21,2,G,1,F,P,3,2,S,4,S,2,1,0,0,0,000000000,00000000000,0,0,0,1,0,0,0,0,0,0,0,999,0,0,0,12,6,2,52,0,0,0,1,17,60615,6,1,6,0,3,0,76,295,0,0,0,0,0,0,0,0,0,0,0,0,0,0,2,2,65,1,1,1,1,0,0,1,12,7,1,4,6,1,0
55,550283,1,2,1,3,9,20,29,12,6,1,0,55,1,53,705,53705,80,2001,JS1GT74A7121,J,S,1,G,T,7,4,A,7,1,2,1,0,0,0,000000000,00000000000,0,0,0,1,0,0,0,0,0,0,0,45,0,0,0,12,6,2,12,0,0,0,1,55,53066,6,1,0,0,2,0,71,212,0,0,0,2,0,1,2012,9,2013,3,34,28,0,0,1,4,45,1,1,1,1,3,3,6,52,6,9,2,73,1,1
55,550283,2,2,1,3,9,20,29,12,6,1,0,55,3,14,443,14443,20,2002,4M2ZV12T72DJ,4,M,2,Z,V,1,2,T,7,2,D,J,0,0,0,000000000,00000000000,0,0,0,1,0,0,0,0,0,0,0,45,0,0,0,7,6,2,12,0,0,0,1,12,33919,6,1,0,0,3,0,70,999,0,0,0,1,0,4,2013,4,2013,0,0,0,0,0,1,4,45,1,1,1,1,3,3,11,60,1,1,1,72,0,0
55,550284,1,1,1,5,9,1,15,8,0,1,0,27,2,30,46,30046,4,2000,WVWMD23BXYE1,W,V,W,M,D,2,3,B,X,Y,E,1,0,0,0,000000000,00000000000,0,0,0,1,0,0,0,0,0,0,0,65,0,0,0,12,4,3,8,0,0,0,1,55,54859,6,1,0,0,3,0,68,250,0,0,0,0,0,0,0,0,0,0,0,0,0,0,3,2,65,1,1,1,1,0,0,1,80,99,1,1,13,0,0
55,550285,1,2,2,5,9,16,23,12,6,1,0,27,1,12,481,12481,39,2011,1FTFW1ET8BFD,1,F,T,F,W,1,E,T,8,B,F,D,1,1,0,000000000,00000000000,0,0,0,1,0,0,0,0,0,0,0,999,0,0,0,12,4,3,12,0,0,0,1,27,55945,6,1,0,0,3,3,67,175,0,0,0,0,0,0,0,0,0,0,0,0,0,0,1,2,55,1,1,2,1,0,0,1,54,3,2,1,88,0,0
55,550285,2,2,1,5,9,16,23,12,6,1,0,0,0,99,702,99702,88,2010,15NATMCT3AT2,1,5,N,A,T,M,C,T,3,A,T,2,0,0,0,000000000,00000000000,0,0,0,1,0,0,0,0,0,0,0,999,0,0,0,11,6,2,12,0,0,0,1,55,54756,6,1,6,0,1,0,70,185,0,1,0,0,1,2,2013,5,2013,0,0,0,0,0,1,2,55,1,1,2,1,0,0,1,19,1,1,7,89,1,1
55,550286,1,2,2,5,9,21,41,12,2,1,0,55,1,47,36,47036,4,2000,YS3EH45G5Y30,Y,S,3,E,H,4,5,G,5,Y,3,0,0,0,0,000000000,00000000000,0,0,0,1,0,0,0,0,0,0,0,999,0,1,5,12,6,2,1,0,0,0,1,55,53546,6,1,0,0,3,0,74,160,1,0,0,0,1,3,2013,4,2013,3,28,0,0,0,1,2,55,2,1,2,1,40,3,14,9,1,9,2,50,2,1
55,550286,2,2,1,5,9,21,41,12,2,1,0,55,2,7,442,7442,20,2004,2D4GP44L94R5,2,D,4,G,P,4,4,L,9,4,R,5,0,0,0,000000000,00000000000,0,0,0,1,0,0,0,0,0,0,0,55,0,0,0,12,6,2,12,0,0,0,1,55,54632,6,2,0,0,3,0,64,135,2,0,0,0,0,5,2013,8,2014,0,0,0,0,0,1,2,55,3,1,2,1,40,3,14,62,1,1,1,51,0,0
55,550287,1,1,1,7,9,22,40,8,0,1,0,55,1,39,34,39034,4,2003,SAJEA03V531M,S,A,J,E,A,0,3,V,5,3,1,M,0,0,0,000000000,00000000000,0,0,0,1,0,0,0,0,0,0,0,65,0,0,0,12,4,3,8,0,0,0,1,55,53202,6,1,0,0,3,0,74,180,1,0,0,0,0,4,2012,4,2012,0,0,0,0,0,3,3,65,1,2,2,1,0,0,1,83,1,1,3,13,0,0
55,550288,1,2,4,6,9,0,40,12,6,1,1,55,2,55,33,55033,4,2007,5NPET46C87H2,5,N,P,E,T,4,6,C,8,7,H,2,0,0,0,000000000,00000000000,0,0,0,1,0,0,0,0,0,0,0,50,0,0,0,12,6,2,12,0,0,0,1,55,53204,0,0,0,0,0,0,68,200,0,0,0,0,0,0,0,0,0,3,39,0,0,0,4,1,25,1,9,9,1,20,3,1,17,1,1,1,88,0,1
55,550288,2,2,3,6,9,0,40,12,6,1,0,55,5,14,36,14036,6,1994,3MARM15J9RR6,3,M,A,R,M,1,5,J,9,R,R,6,0,0,0,000000000,00000000000,0,0,0,1,0,0,0,0,0,0,0,25,0,0,0,9,6,2,12,0,0,0,1,55,53212,0,0,0,0,0,0,999,999,0,0,0,0,0,0,0,0,0,0,0,0,0,0,1,2,25,1,1,1,1,0,0,1,68,1,1,1,89,1,0
55,550289,1,1,2,7,9,14,5,11,0,1,0,55,1,72,709,72709,80,1991,1HD1DPL11MY5,1,H,D,1,D,P,L,1,1,M,Y,5,0,0,0,000000000,00000000000,0,0,0,1,0,0,0,0,0,0,0,999,0,0,0,12,6,2,11,0,0,0,1,55,54130,6,1,6,1,3,1,71,275,0,0,0,0,0,0,0,0,0,0,0,0,0,0,1,2,55,1,1,2,1,0,0,1,87,1,1,1,13,1,0
55,550290,1,1,1,7,9,15,21,30,0,1,0,55,2,72,709,72709,80,1996,1HD4CAM13TY2,1,H,D,4,C,A,M,1,3,T,Y,2,0,0,0,000000000,00000000000,0,0,0,1,0,0,0,0,0,0,0,999,0,0,0,12,4,3,30,0,0,0,1,55,53235,6,1,0,0,2,0,69,195,0,0,0,0,2,9,2011,9,2011,0,0,0,0,0,1,2,30,2,1,2,1,0,0,14,13,1,1,4,1,1,1
55,550291,1,2,2,9,9,10,37,12,6,1,0,55,1,6,51,6051,4,2009,2C3KA43D59H5,2,C,3,K,A,4,3,D,5,9,H,5,0,0,0,000000000,00000000000,0,0,0,1,0,0,0,0,0,0,0,15,0,0,0,9,6,2,12,0,0,0,1,55,53143,6,1,0,0,3,0,71,150,1,0,0,0,0,1,2014,1,2014,0,0,0,0,0,2,2,55,1,1,2,1,20,3,4,17,1,1,1,89,1,0
55,550291,2,2,1,9,9,10,37,12,6,1,0,55,3,12,481,12481,31,2003,1FTNW21F03EB,1,F,T,N,W,2,1,F,0,3,E,B,0,0,0,000000000,00000000000,0,0,0,1,0,0,0,0,0,0,0,999,0,0,0,12,2,5,12,0,0,0,1,55,53105,6,1,6,0,3,0,68,175,0,0,0,0,1,2,2013,2,2013,0,0,0,0,0,2,2,55,1,1,2,1,0,0,1,17,1,1,1,88,0,0
55,550292,1,3,1,8,9,11,35,12,1,1,0,55,1,7,43,7043,4,2005,1B3EL46R95N6,1,B,3,E,L,4,6,R,9,5,N,6,0,0,0,000000000,00000000000,0,0,0,1,0,0,0,0,0,0,0,30,0,0,0,12,4,3,12,0,0,0,1,55,53403,6,1,0,0,3,0,73,205,1,0,0,1,1,3,2012,9,2013,0,0,0,0,0,1,2,25,1,2,1,1,0,0,1,50,99,1,1,20,0,0
55,550292,2,3,2,8,9,11,35,12,1,1,0,55,2,35,43,35043,4,1997,1N4AB41D8VC7,1,N,4,A,B,4,1,D,8,V,C,7,0,0,0,000000000,00000000000,0,0,0,1,0,0,0,0,0,0,0,0,0,0,0,6,6,2,12,0,0,0,1,55,53403,6,1,0,0,3,3,60,160,0,0,0,0,0,0,0,0,0,0,0,0,0,0,1,2,25,1,2,1,1,0,0,5,53,1,1,1,22,1,0
55,550292,3,3,1,8,9,11,35,12,1,1,0,55,3,98,884,98884,62,2013,5PVNJ8JT0D4S,5,P,V,N,J,8,J,T,0,D,4,S,0,0,57,582328,57582328,2,2,6,1,0,0,0,0,0,0,0,30,0,0,0,12,4,3,12,0,0,0,1,55,53220,6,1,0,0,3,0,68,160,0,0,0,0,1,12,2013,12,2013,0,0,0,0,0,1,2,25,1,2,1,1,0,0,1,62,2,1,1,98,0,0
55,550293,1,4,1,9,9,17,27,12,6,1,0,55,1,22,32,22032,6,2008,5Y2SL65848Z4,5,Y,2,S,L,6,5,8,4,8,Z,4,0,0,0,000000000,00000000000,0,0,0,1,0,0,0,0,0,0,0,999,0,1,3,12,6,2,1,0,0,0,1,55,53901,6,1,6,0,3,3,67,165,0,0,0,0,0,0,0,0,0,3,28,0,0,0,2,2,65,1,1,2,1,0,0,1,8,1,1,6,64,1,0
55,550293,2,4,1,9,9,17,27,12,6,1,0,55,3,84,884,84884,63,2006,1HTMKAZN66H1,1,H,T,M,K,A,Z,N,6,6,H,1,0,0,57,963304,57963304,3,1,97,1,0,0,0,0,0,0,0,999,0,0,0,63,6,2,12,0,0,0,1,55,53051,6,1,6,0,3,3,72,205,0,0,0,0,1,11,2012,11,2012,0,0,0,0,0,2,2,65,1,1,2,1,0,0,1,64,1,1,1,65,0,0
55,550293,3,4,1,9,9,17,27,12,6,1,0,55,3,84,884,84884,66,2002,2HSCBAER42C0,2,H,S,C,B,A,E,R,4,2,C,0,1,1,57,46570,5746570,3,6,1,1,0,0,0,0,0,0,0,999,0,0,0,12,6,2,12,0,0,0,1,55,53090,6,1,6,0,3,3,73,210,0,0,0,0,0,0,0,0,0,0,0,0,0,0,2,2,65,1,1,2,1,0,0,1,64,3,2,1,98,0,0
55,550293,4,4,3,9,9,17,27,12,6,1,0,55,1,20,2,20002,4,2009,2G1WT57K0912,2,G,1,W,T,5,7,K,0,9,1,2,0,0,0,000000000,00000000000,0,0,0,1,0,0,0,0,0,0,0,999,0,0,0,99,2,5,54,0,0,0,1,55,53048,6,1,0,0,3,0,70,190,0,0,0,1,0,10,2012,10,2012,0,0,0,0,0,2,2,65,1,1,2,1,0,0,1,98,1,1,1,98,0,0
55,550294,1,1,1,16,9,17,15,1,0,1,0,55,0,99,998,99998,92,1985,999999999999,9,9,9,9,9,9,9,9,9,9,9,9,1,1,0,000000000,00000000000,0,0,0,1,0,0,0,0,0,0,0,999,0,1,5,0,6,2,1,0,0,0,1,55,53566,6,1,0,0,1,0,72,215,2,1,0,0,3,5,2012,5,2014,4,0,0,0,0,1,2,55,1,6,2,1,0,0,1,6,99,4,4,2,1,0
55,550295,1,2,3,11,9,17,50,12,6,1,0,55,3,49,402,49402,14,2001,JTEHH20V2100,J,T,E,H,H,2,0,V,2,1,0,0,0,0,0,000000000,00000000000,0,0,0,1,0,0,0,0,0,0,0,999,0,1,5,10,6,2,1,0,0,0,1,55,54915,6,1,0,0,3,0,74,170,0,0,0,0,0,0,0,0,0,0,39,0,0,0,1,2,55,1,1,2,1,20,3,1,17,1,1,1,89,1,0
55,550295,2,2,1,11,9,17,50,12,6,1,0,55,1,12,481,12481,31,2002,1FTNW21F32EA,1,F,T,N,W,2,1,F,3,2,E,A,0,0,0,000000000,00000000000,0,0,0,1,0,0,0,0,0,0,0,55,0,0,0,12,6,2,12,0,0,0,1,55,54130,6,1,6,0,3,0,74,290,0,0,0,1,1,7,2012,8,2013,0,0,0,0,0,1,2,55,1,1,2,1,0,0,1,66,1,1,1,88,0,0
55,550296,1,1,1,13,9,15,35,18,0,1,0,27,1,98,705,98705,83,2014,VBKEXP408EM4,V,B,K,E,X,P,4,0,8,E,M,4,0,0,0,000000000,00000000000,0,0,0,1,0,0,0,0,0,0,0,55,0,0,0,12,4,3,42,0,0,0,1,27,55369,6,1,6,0,3,0,73,190,0,0,0,0,0,0,0,0,0,4,79,81,0,0,1,2,55,1,5,5,11,0,0,1,6,99,4,9,12,1,0
55,550297,1,2,2,17,9,20,25,12,2,1,0,17,2,37,31,37031,2,2008,2HGFG21518H7,2,H,G,F,G,2,1,5,1,8,H,7,0,0,0,000000000,00000000000,0,0,0,1,0,0,0,0,0,0,0,999,0,0,0,12,6,2,12,0,0,0,1,17,60034,6,1,0,0,3,0,72,200,0,0,0,2,0,8,2013,12,2013,0,28,0,0,0,1,2,55,2,1,2,1,0,0,14,10,1,1,2,50,2,1
55,550297,2,2,1,17,9,20,25,12,2,1,0,55,2,30,40,30040,4,2006,3VWST71KX6M6,3,V,W,S,T,7,1,K,X,6,M,6,0,0,0,000000000,00000000000,0,0,0,1,0,0,0,0,0,0,0,999,0,0,0,12,6,2,12,0,0,0,1,55,53147,6,1,0,0,3,0,63,120,0,0,0,0,0,0,0,0,0,0,0,0,0,0,1,2,55,3,1,2,1,0,0,14,62,1,1,1,51,1,0
55,550298,1,2,1,19,9,13,32,12,2,1,0,55,1,2,405,2405,14,2004,1J4GL48K24W1,1,J,4,G,L,4,8,K,2,4,W,1,0,0,0,000000000,00000000000,0,0,0,1,0,0,0,0,0,0,0,59,0,0,0,12,6,2,12,0,0,0,1,55,54011,6,1,6,0,3,0,70,160,3,0,0,0,1,1,2012,11,2013,0,42,28,0,0,2,4,65,1,1,2,1,0,0,1,10,1,1,2,50,0,0
55,550298,2,2,2,19,9,13,32,12,2,1,0,17,2,18,2,18002,4,2002,1G4HR54K92U2,1,G,4,H,R,5,4,K,9,2,U,2,0,0,0,000000000,00000000000,0,0,0,1,0,0,0,0,0,0,0,61,0,0,0,12,6,2,12,0,0,0,1,17,60010,6,1,0,0,3,3,70,175,0,0,0,0,0,0,0,0,0,0,0,0,0,0,2,4,65,1,1,2,1,0,0,1,54,1,1,1,51,1,0
55,550299,1,4,1,10,7,17,21,12,6,1,0,55,1,7,403,7403,14,2011,1D4PT4GX9BW5,1,D,4,P,T,4,G,X,9,B,W,5,0,0,0,000000000,00000000000,0,0,0,1,0,0,0,0,0,0,0,999,0,0,0,12,4,3,12,0,0,0,1,55,53216,6,1,0,0,3,0,65,160,0,0,0,0,0,0,0,0,0,3,39,0,0,0,1,2,30,1,1,2,1,2,3,1,17,1,1,1,86,0,1
55,550299,2,4,2,10,7,17,21,12,6,1,0,55,1,49,40,49040,4,2002,4T1BF30K42U5,4,T,1,B,F,3,0,K,4,2,U,5,0,0,0,000000000,00000000000,0,0,0,1,0,0,0,0,0,0,0,999,0,0,0,81,6,2,12,0,0,0,1,55,53228,6,1,0,0,3,0,65,155,0,0,0,0,0,0,0,0,0,0,0,0,0,0,2,2,30,1,1,1,1,2,3,1,66,1,1,1,87,2,0
55,550299,3,4,1,10,7,17,21,12,6,1,0,55,1,22,18,22018,4,2004,1G2NF52E44M5,1,G,2,N,F,5,2,E,4,4,M,5,0,0,0,000000000,00000000000,0,0,0,1,0,0,0,0,0,0,0,999,0,0,0,61,6,2,12,0,0,0,1,55,53223,0,0,0,0,0,0,67,230,0,1,0,1,0,8,2013,10,2013,0,0,0,0,0,2,2,30,1,1,1,1,2,3,1,17,1,1,1,98,0,0
55,550299,4,4,1,10,7,17,21,12,6,1,0,55,1,37,32,37032,2,1999,1HGCG3242XA0,1,H,G,C,G,3,2,4,2,X,A,0,0,0,0,000000000,00000000000,0,0,0,1,0,0,0,0,0,0,0,999,0,0,0,12,6,2,12,0,0,0,1,55,53210,6,1,0,0,3,0,66,160,0,0,0,0,0,0,0,0,0,0,0,0,0,0,2,2,30,1,1,1,1,2,3,11,62,1,1,1,98,0,0
55,550300,1,2,1,20,9,12,35,1,0,1,0,27,1,37,709,37709,80,2007,JH2RC50487M3,J,H,2,R,C,5,0,4,8,7,M,3,0,0,0,000000000,00000000000,0,0,0,1,0,0,0,0,0,0,0,0,0,0,0,0,6,2,1,0,0,0,1,27,55406,6,1,0,0,3,0,999,999,0,0,0,0,0,0,0,0,0,0,99,99,99,99,1,2,55,3,2,2,1,0,0,14,13,1,1,6,98,1,0
55,550300,2,2,1,20,9,12,35,1,0,1,0,27,1,72,709,72709,80,2011,1HD1FMM11BB6,1,H,D,1,F,M,M,1,1,B,B,6,0,0,0,000000000,00000000000,0,0,0,1,0,0,0,0,0,0,0,55,0,0,0,12,6,2,12,0,0,0,1,27,55378,6,1,0,0,3,3,70,165,0,0,0,0,0,0,0,0,0,0,0,0,0,0,1,2,55,3,2,2,1,0,0,14,50,1,1,1,98,0,0
55,550301,1,1,1,17,9,5,45,6,0,1,0,55,3,98,882,98882,63,2002,1CYCCK4842T0,1,C,Y,C,C,K,4,8,4,2,T,0,0,0,57,2389609,572389609,3,1,7,1,0,0,0,0,0,0,0,0,0,0,0,0,0,3,6,44,0,0,0,0,99997,7,6,97,7,6,7,998,997,998,998,998,998,998,98,9998,98,9998,8,0,0,0,0,1,2,99,1,1,2,1,20,3,0,98,0,0,0,0,1,0
55,550302,1,5,3,16,9,18,5,12,1,1,0,55,1,12,481,12481,31,2007,1FTSW21P77EA,1,F,T,S,W,2,1,P,7,7,E,A,0,0,0,000000000,00000000000,0,0,0,1,0,0,0,0,0,0,0,999,0,0,0,12,4,3,12,0,0,0,1,55,53050,6,1,6,0,3,0,72,190,0,0,0,1,0,10,2011,10,2011,0,0,0,0,0,1,2,55,1,1,2,1,50,3,1,50,1,1,1,20,0,0
55,550302,2,5,1,16,9,18,5,12,1,1,0,55,1,48,401,48401,14,2003,JF1SG65673H7,J,F,1,S,G,6,5,6,7,3,H,7,0,0,0,000000000,00000000000,0,0,0,1,0,0,0,0,0,0,0,0,0,0,0,6,6,2,12,0,0,0,1,55,53027,6,1,0,0,3,3,62,140,0,0,0,0,0,0,0,0,0,0,0,0,0,0,1,2,55,1,1,2,1,50,3,5,53,1,1,1,21,0,0
55,550302,3,5,4,16,9,18,5,12,1,1,0,29,1,7,442,7442,20,2006,2D4GP44L36R6,2,D,4,G,P,4,4,L,3,6,R,6,0,0,0,000000000,00000000000,0,0,0,1,0,0,0,0,0,0,0,0,0,0,0,6,6,2,12,0,0,0,1,29,63383,6,1,0,0,3,0,66,190,0,0,0,0,0,0,0,0,0,0,0,0,0,0,1,2,55,1,1,2,1,50,3,5,53,1,1,1,98,1,0
55,550302,4,5,1,16,9,18,5,12,1,1,0,55,1,18,24,18024,6,2011,5GAKRCED3BJ2,5,G,A,K,R,C,E,D,3,B,J,2,0,0,0,000000000,00000000000,0,0,0,1,0,0,0,0,0,0,0,0,0,0,0,6,2,3,12,0,0,0,1,55,53095,6,1,0,0,3,3,65,150,0,0,0,0,0,0,0,0,0,0,0,0,0,0,1,2,55,1,1,2,1,50,3,5,53,1,1,1,98,0,0
55,550302,5,5,3,16,9,18,5,12,1,1,0,55,1,18,24,18024,6,2008,5GAEV23788J1,5,G,A,E,V,2,3,7,8,8,J,1,0,0,0,000000000,00000000000,0,0,0,1,0,0,0,0,0,0,0,0,0,0,0,6,2,3,12,0,0,0,1,55,53039,6,1,0,0,3,3,67,150,0,0,0,0,0,0,0,0,0,0,0,0,0,0,1,2,55,1,1,2,1,50,3,5,53,1,1,1,98,0,0
55,550303,1,1,1,20,9,17,27,31,0,1,0,55,1,12,481,12481,31,2004,1FTPW14564KA,1,F,T,P,W,1,4,5,6,4,K,A,0,0,0,000000000,00000000000,0,0,0,1,0,0,0,0,0,0,0,60,0,0,0,82,6,2,42,0,0,0,1,55,53120,6,1,0,0,3,0,68,145,0,0,0,0,0,0,0,0,0,4,0,0,0,0,1,2,55,3,1,2,1,0,0,14,13,1,1,4,1,1,1
55,550304,1,2,1,18,9,17,30,12,6,1,0,55,2,20,36,20036,2,2004,2G1WW12E6491,2,G,1,W,W,1,2,E,6,4,9,1,0,0,0,000000000,00000000000,0,0,0,1,0,0,0,0,0,0,0,999,0,0,0,12,6,2,12,0,0,0,1,55,53820,6,2,0,0,3,0,68,126,0,0,0,0,0,0,0,0,0,0,28,0,0,0,1,2,55,1,5,2,1,0,0,1,10,1,1,2,64,0,0
55,550304,2,2,1,18,9,17,30,12,6,1,0,17,1,86,884,86884,66,2004,1M1AE06Y24N0,1,M,1,A,E,0,6,Y,2,4,N,0,1,1,57,2253796,572253796,3,6,1,1,0,0,0,0,0,0,0,55,0,0,0,62,6,2,12,0,0,1,1,17,60506,6,1,6,0,3,0,68,155,0,0,0,0,0,0,0,0,0,0,0,0,0,0,1,2,55,1,6,2,1,0,0,1,62,3,2,1,65,1,0
55,550305,1,2,2,21,9,0,51,12,2,1,0,55,2,7,482,7482,31,2013,1C6RR7GP4DS6,1,C,6,R,R,7,G,P,4,D,S,6,0,0,0,000000000,00000000000,0,0,0,1,0,0,0,0,0,0,0,97,0,0,0,12,6,2,12,0,0,0,1,55,53215,1,1,0,0,2,0,64,148,0,0,1,0,3,11,2013,9,2014,0,51,0,0,0,3,2,55,1,1,2,1,0,0,1,54,1,1,3,52,0,1