STATE,ST_CASE,VEH_NO,VE_FORMS,NUMOCCS,DAY,MONTH,HOUR,MINUTE,HARM_EV,MAN_COLL,UNITTYPE,HIT_RUN,REG_STAT,OWNER,MAKE,MODEL,MAK_MOD,BODY_TYP,MOD_YEAR,VIN,VIN_1,VIN_2,VIN_3,VIN_4,VIN_5,VIN_6,VIN_7,VIN_8,VIN_9,VIN_10,VIN_11,VIN_12,TOW_VEH,J_KNIFE,MCARR_I1,MCARR_I2,MCARR_ID,GVWR,V_CONFIG,CARGO_BT,HAZ_INV,HAZ_PLAC,HAZ_ID,HAZ_CNO,HAZ_REL,BUS_USE,SPEC_USE,EMER_USE,TRAV_SP,UNDERIDE,ROLLOVER,ROLINLOC,IMPACT1,DEFORMED,TOWED,M_HARM,VEH_SC1,VEH_SC2,FIRE_EXP,DR_PRES,L_STATE,DR_ZIP,L_STATUS,L_TYPE,CDL_STAT,L_ENDORS,L_COMPL,L_RESTRI,DR_HGT,DR_WGT,PREV_ACC,PREV_SUS,PREV_DWI,PREV_SPD,PREV_OTH,FIRST_MO,FIRST_YR,LAST_MO,LAST_YR,SPEEDREL,DR_SF1,DR_SF2,DR_SF3,DR_SF4,VTRAFWAY,VNUM_LAN,VSPD_LIM,VALIGN,VPROFILE,VPAVETYP,VSURCOND,VTRAFCON,VTCONT_F,P_CRASH1,P_CRASH2,P_CRASH3,PCRASH4,PCRASH5,ACC_TYPE,DEATHS,DR_DRINK
55,550305,2,2,2,21,9,0,51,12,2,1,0,55,1,20,482,20482,31,2008,3GNFK123X8G3,3,G,N,F,K,1,2,3,X,8,G,3,0,0,0,000000000,00000000000,0,0,0,1,0,0,0,0,0,0,0,55,0,0,0,12,6,2,12,0,0,0,1,55,53024,6,1,0,0,3,0,69,170,0,0,0,0,1,8,2012,8,2012,0,0,0,0,0,3,2,55,1,1,2,1,0,0,1,54,1,1,1,52,1,1
55,550306,1,2,1,26,9,10,57,12,6,1,0,55,1,22,16,22016,2,2004,1G2JB12FX471,1,G,2,J,B,1,2,F,X,4,7,1,0,0,0,000000000,00000000000,0,0,0,1,0,0,0,0,0,0,0,60,0,0,0,12,6,2,12,0,0,0,1,55,54487,6,1,0,0,3,0,68,185,2,0,0,1,2,4,2012,6,2014,0,28,0,0,0,1,3,55,3,1,1,1,0,0,14,10,1,1,2,64,1,0
55,550306,2,2,2,26,9,10,57,12,6,1,0,55,1,20,481,20481,31,1989,1GCHC34N6KE1,1,G,C,H,C,3,4,N,6,K,E,1,1,1,0,000000000,00000000000,0,0,0,1,0,0,0,0,0,0,0,55,0,0,0,61,6,2,12,0,0,0,1,55,54568,6,1,0,0,3,3,73,180,0,0,0,0,0,0,0,0,0,0,0,0,0,0,1,3,55,2,1,1,1,0,0,14,62,1,1,1,65,0,0
55,550307,1,1,3,23,9,23,0,34,0,1,0,55,2,7,43,7043,8,2001,4B3AG52H01E1,4,B,3,A,G,5,2,H,0,1,E,1,0,0,0,000000000,00000000000,0,0,0,1,0,0,0,0,0,0,0,999,0,1,5,6,6,2,34,0,0,0,1,55,54739,1,2,7,0,2,2,72,145,1,1,1,4,2,11,2012,9,2014,3,73,0,0,0,1,2,45,1,1,2,1,0,0,1,13,8,2,4,1,1,1
55,550308,1,2,1,24,9,20,30,12,6,1,0,55,1,20,16,20016,4,1997,3G1JF5249VS8,3,G,1,J,F,5,2,4,9,V,S,8,0,0,0,000000000,00000000000,0,0,0,1,0,0,0,0,0,0,0,999,0,0,0,12,6,2,12,0,0,0,1,55,53916,6,1,0,0,3,0,72,210,0,0,0,1,2,7,2012,9,2013,0,39,0,0,0,2,2,45,1,1,1,1,20,3,1,66,1,1,1,86,0,0
55,550308,2,2,3,24,9,20,30,12,6,1,0,55,1,12,37,12037,4,2003,1FAFP34P13W1,1,F,A,F,P,3,4,P,1,3,W,1,0,0,0,000000000,00000000000,0,0,0,1,0,0,0,0,0,0,0,999,0,0,0,3,6,2,12,0,0,0,1,55,53002,6,1,0,0,3,3,64,130,0,0,0,0,0,0,0,0,0,0,0,0,0,0,2,2,45,1,1,1,1,0,0,1,17,1,1,1,87,1,0
55,550309,1,2,1,29,9,14,3,12,6,1,0,55,1,72,706,72706,80,2014,1HD1KBM11EB6,1,H,D,1,K,B,M,1,1,E,B,6,0,0,0,000000000,00000000000,0,0,0,1,0,0,0,0,0,0,0,30,0,0,0,12,6,2,12,0,0,0,1,55,53219,6,1,0,0,3,0,70,200,1,1,1,0,0,7,2012,9,2013,3,0,0,0,0,1,2,30,1,1,2,1,0,0,1,66,1,1,1,88,1,0
55,550309,2,2,1,29,9,14,3,12,6,1,0,55,1,7,482,7482,31,2003,1D7HA16N03J5,1,D,7,H,A,1,6,N,0,3,J,5,0,0,0,000000000,00000000000,0,0,0,1,0,0,0,0,0,0,0,10,0,0,0,9,4,3,12,0,0,0,1,55,53226,6,1,0,0,3,3,71,220,0,0,0,0,0,0,0,0,0,0,38,0,0,0,1,2,30,1,1,2,1,20,3,4,17,1,1,1,89,0,0
55,550310,1,2,2,7,9,12,42,12,6,1,0,55,2,14,6,14006,4,1996,2MELM74W3TX6,2,M,E,L,M,7,4,W,3,T,X,6,0,0,0,000000000,00000000000,0,0,0,1,0,0,0,0,0,0,0,999,0,0,0,3,6,5,12,0,0,0,1,55,53402,6,1,0,0,3,3,60,130,0,0,0,0,0,0,0,0,0,0,38,0,0,0,2,2,45,1,1,2,1,3,3,11,15,1,1,2,68,0,0
55,550310,2,2,2,7,9,12,42,12,6,1,0,55,1,72,706,72706,80,2010,1HD1MAM13AB8,1,H,D,1,M,A,M,1,3,A,B,8,0,0,0,000000000,00000000000,0,0,0,1,0,0,0,0,0,0,0,999,0,0,0,12,6,2,12,0,0,0,1,55,53404,6,1,8,0,3,0,71,350,0,0,0,0,0,0,0,0,0,0,0,0,0,0,2,2,45,1,1,2,1,3,3,1,62,1,1,1,69,1,0
55,550311,1,1,1,26,9,0,29,8,0,1,0,55,1,20,402,20402,14,2003,2CNBJ7349369,2,C,N,B,J,7,3,4,9,3,6,9,0,0,0,000000000,00000000000,0,0,0,1,0,0,0,0,0,0,0,999,0,0,0,12,2,3,8,0,0,0,1,55,53014,6,1,0,0,3,3,61,102,1,0,0,0,0,1,2014,1,2014,0,0,0,0,0,1,2,55,3,1,2,1,0,0,14,80,1,1,1,13,0,1
55,550312,1,2,2,23,9,19,40,12,6,1,0,55,1,20,481,20481,31,1998,1GCEK14W3WZ1,1,G,C,E,K,1,4,W,3,W,Z,1,0,0,0,000000000,00000000000,0,0,0,1,0,0,0,0,0,0,0,45,0,0,0,12,6,2,12,0,0,0,1,55,53594,6,1,0,0,2,2,71,215,0,0,0,1,0,8,2014,8,2014,0,74,0,0,0,1,2,45,1,1,2,1,0,0,1,66,99,1,1,86,0,0
55,550312,2,2,1,23,9,19,40,12,6,1,0,55,1,49,43,49043,4,2012,4T1BK3DB2CU4,4,T,1,B,K,3,D,B,2,C,U,4,0,0,0,000000000,00000000000,0,0,0,1,0,0,0,0,0,0,0,15,0,0,0,1,6,2,12,0,0,0,1,55,53038,6,1,0,0,3,3,71,172,0,0,0,2,0,10,2012,8,2013,0,38,0,0,0,1,2,25,1,1,2,1,20,3,4,16,1,1,1,87,1,0
55,550313,1,1,1,22,9,17,44,8,0,1,0,55,2,86,884,86884,63,2005,1M2AG11CX5M0,1,M,2,A,G,1,1,C,X,5,M,0,0,0,57,2488952,572488952,3,2,4,1,0,0,0,0,0,0,0,999,0,0,0,12,0,5,8,0,0,0,1,55,53207,6,1,6,0,3,0,71,160,0,0,0,0,0,0,0,0,0,0,0,0,0,0,2,4,35,1,1,1,1,3,3,1,17,1,1,1,13,0,0
55,550314,1,1,1,9,9,22,8,8,0,1,0,55,1,2,405,2405,14,2006,1J4GL48K66W2,1,J,4,G,L,4,8,K,6,6,W,2,0,0,0,000000000,00000000000,0,0,0,1,0,0,0,0,0,0,0,999,0,0,0,12,4,5,8,0,0,0,1,55,54601,6,1,0,0,3,3,63,170,1,0,0,1,0,9,2012,7,2013,0,0,0,0,0,1,2,25,1,1,2,2,0,0,1,80,99,9,1,13,0,0
55,550315,1,1,1,19,9,14,38,14,0,1,0,55,1,12,17,12017,4,1995,1FALP52U8SG2,1,F,A,L,P,5,2,U,8,S,G,2,0,0,0,000000000,00000000000,0,0,0,1,0,0,0,0,0,0,0,999,0,0,0,12,4,5,14,0,0,0,1,55,54494,6,1,0,0,3,3,69,167,0,0,0,0,0,0,0,0,0,0,0,0,0,0,4,1,0,3,1,2,1,0,0,14,13,1,1,9,11,0,0
55,550316,1,2,1,8,5,15,30,12,6,1,0,55,4,12,481,12481,31,1992,1FTDF15N5NLA,1,F,T,D,F,1,5,N,5,N,L,A,0,0,0,000000000,00000000000,0,0,0,1,0,0,0,0,0,0,0,15,0,0,0,9,6,2,12,0,0,0,1,55,53081,6,1,6,0,3,3,64,215,0,0,0,0,0,0,0,0,0,0,38,0,0,0,2,2,35,1,1,2,1,20,3,4,17,1,1,1,89,1,0
55,550316,2,2,1,8,5,15,30,12,6,1,0,55,1,55,401,55401,14,2008,5NMSG13D98H2,5,N,M,S,G,1,3,D,9,8,H,2,0,0,0,000000000,00000000000,0,0,0,1,0,0,0,0,0,0,0,35,0,0,0,12,4,3,12,0,0,0,1,55,53085,6,1,0,0,3,3,61,110,0,0,0,0,0,0,0,0,0,0,0,0,0,0,1,2,35,1,1,2,1,0,0,1,66,1,1,1,88,0,0
55,550317,1,1,1,26,9,12,8,43,0,1,0,55,1,77,706,77706,80,2014,5VPGA36N9E30,5,V,P,G,A,3,6,N,9,E,3,0,0,0,0,000000000,00000000000,0,0,0,1,0,0,0,0,0,0,0,55,0,0,0,12,6,2,1,0,0,0,1,55,54301,6,1,6,1,3,3,72,270,0,0,0,0,0,0,0,0,0,0,0,0,0,0,1,2,55,1,1,2,1,0,0,1,13,1,9,4,1,1,0
55,550318,1,1,2,27,9,13,24,34,0,1,0,55,2,72,706,72706,80,2005,1HD1FLW115Y6,1,H,D,1,F,L,W,1,1,5,Y,6,0,0,0,000000000,00000000000,0,0,0,1,0,0,0,0,0,0,0,55,0,0,0,12,6,2,34,0,0,0,1,55,54913,6,1,0,0,3,0,75,190,0,0,0,0,0,0,0,0,0,0,81,0,0,0,1,2,55,3,1,2,1,0,0,14,90,99,9,4,2,1,0
55,550319,1,1,3,28,9,2,18,33,0,1,0,55,1,32,56,32056,4,2014,WAUBGAFL5EA0,W,A,U,B,G,A,F,L,5,E,A,0,0,0,0,000000000,00000000000,0,0,0,1,0,0,0,0,0,0,0,70,0,0,0,12,6,2,42,0,0,0,1,55,54956,6,1,0,0,3,0,73,265,0,0,0,0,0,0,0,0,0,3,6,0,0,0,1,2,25,2,1,2,1,0,0,14,12,1,3,4,7,1,1
55,550320,1,2,1,11,7,10,30,12,6,1,0,55,1,87,884,87884,66,2011,1XPHDP9X0BD1,1,X,P,H,D,P,9,X,0,B,D,1,1,1,57,158065,57158065,3,6,97,1,0,0,0,0,0,0,0,55,0,0,0,12,4,3,12,0,0,0,1,55,53576,6,1,6,0,3,3,68,180,0,0,0,0,2,1,2012,7,2013,0,0,0,0,0,1,2,55,1,1,2,1,0,0,1,66,1,1,1,86,0,0
55,550320,2,2,1,11,7,10,30,12,6,1,0,55,1,12,23,12023,4,2011,3FAHP0HG0BR3,3,F,A,H,P,0,H,G,0,B,R,3,0,0,0,000000000,00000000000,0,0,0,1,0,0,0,0,0,0,0,15,0,0,0,3,6,2,12,0,0,0,1,55,53585,6,1,0,0,3,3,68,205,0,0,0,0,0,0,0,0,0,0,0,0,0,0,1,2,55,1,1,2,1,20,3,4,17,1,1,1,87,1,0
55,550321,1,1,1,28,9,5,30,34,0,1,0,55,1,6,52,6052,6,2006,3A8FY68B76T2,3,A,8,F,Y,6,8,B,7,6,T,2,0,0,0,000000000,00000000000,0,0,0,1,0,0,0,0,0,0,0,55,0,1,5,12,4,3,30,0,0,0,1,55,53118,6,1,0,0,3,0,69,190,0,0,0,0,1,1,2014,1,2014,0,58,28,0,0,1,2,55,3,1,2,1,0,0,14,13,6,4,4,7,1,0
55,550322,1,1,1,28,9,10,2,34,0,1,0,55,1,23,431,23431,16,2003,1GKET16P6362,1,G,K,E,T,1,6,P,6,3,6,2,0,0,0,000000000,00000000000,0,0,0,1,0,0,0,0,0,0,0,50,0,1,5,12,6,2,31,0,0,0,1,55,53090,6,1,0,0,3,3,71,215,0,0,0,0,0,0,0,0,0,0,0,0,0,0,1,2,55,3,1,2,1,40,3,14,13,1,9,9,1,1,0
55,550323,1,2,2,2,8,15,25,12,2,1,0,27,1,37,32,37032,4,2011,1HGCP3F86BA0,1,H,G,C,P,3,F,8,6,B,A,0,0,0,0,000000000,00000000000,0,0,0,1,0,0,0,0,0,0,0,55,0,0,0,12,6,2,12,0,0,0,1,27,55313,6,1,0,0,3,0,68,178,0,0,0,0,0,0,0,0,0,0,51,28,0,0,1,2,55,1,1,2,1,0,0,1,10,99,1,2,50,1,0
55,550323,2,2,1,2,8,15,25,12,2,1,0,55,1,20,403,20403,14,2006,1GNDT13S4621,1,G,N,D,T,1,3,S,4,6,2,1,1,3,0,000000000,00000000000,0,0,0,1,0,0,0,0,0,0,0,55,0,0,0,12,6,2,12,0,0,0,1,55,54601,6,1,0,0,3,0,71,220,0,0,0,0,0,0,0,0,0,0,0,0,0,0,1,2,55,1,1,2,1,0,0,1,62,99,1,1,51,0,0
55,550324,1,1,1,4,8,4,42,42,0,1,0,55,2,12,17,12017,4,2004,1FAFP53214G1,1,F,A,F,P,5,3,2,1,4,G,1,0,0,0,000000000,00000000000,0,0,0,1,0,0,0,0,0,0,0,999,0,0,0,2,6,2,42,0,0,0,1,55,53578,6,1,0,0,3,3,66,130,2,0,0,1,1,8,2013,7,2014,0,58,0,0,0,1,2,55,3,3,2,1,0,0,14,8,6,4,4,7,1,0
55,550325,1,1,1,7,8,12,9,1,0,1,0,55,1,76,704,76704,80,2010,JYASH03Y8AA0,J,Y,A,S,H,0,3,Y,8,A,A,0,0,0,0,000000000,00000000000,0,0,0,1,0,0,0,0,0,0,0,35,0,0,0,0,6,2,1,0,0,0,1,55,54481,6,1,0,0,3,3,70,275,0,0,0,0,0,0,0,0,0,0,0,0,0,0,1,2,35,3,1,2,1,0,0,14,13,6,9,6,98,1,0
55,550326,1,2,2,29,9,1,23,54,11,1,0,39,2,12,17,12017,4,2014,1FAHP2E87EG1,1,F,A,H,P,2,E,8,7,E,G,1,0,0,0,000000000,00000000000,0,0,0,1,0,0,0,0,0,0,0,72,0,0,0,12,6,2,54,0,0,0,1,39,43606,6,1,0,0,3,0,73,228,0,1,0,0,0,2,2012,2,2012,0,0,0,0,0,3,2,65,1,1,1,1,0,0,1,90,1,1,1,98,1,0
55,550326,2,2,1,29,9,1,23,54,11,1,1,99,9,99,999,99999,99,9999,999999999999,9,9,9,9,9,9,9,9,9,9,9,9,9,0,99,999999999,99999999999,9,99,99,1,0,0,0,0,0,0,0,999,0,0,0,18,9,5,54,0,0,0,1,99,99999,9,9,99,9,9,9,999,999,99,99,99,99,99,99,9999,99,9999,0,0,0,0,0,2,2,65,1,1,1,1,0,0,1,98,99,1,1,98,0,0
55,550327,1,2,5,30,8,16,3,12,6,1,0,55,1,20,498,20498,14,1995,1GNDT13W0S22,1,G,N,D,T,1,3,W,0,S,2,2,0,0,0,000000000,00000000000,0,0,0,1,0,0,0,0,0,0,0,999,0,0,0,61,6,2,12,0,0,0,1,55,54956,6,1,6,0,3,0,71,217,0,0,0,0,0,0,0,0,0,0,0,0,0,0,1,2,55,1,1,2,1,0,0,1,17,1,1,1,89,1,0
55,550327,2,2,1,30,8,16,3,12,6,1,0,55,1,49,46,49046,5,2012,JTDKN3DU6C03,J,T,D,K,N,3,D,U,6,C,0,3,0,0,0,000000000,00000000000,0,0,0,1,0,0,0,0,0,0,0,999,0,0,0,12,6,2,12,0,0,0,1,55,54947,6,1,0,0,3,0,73,240,0,0,0,0,0,0,0,0,0,0,39,0,0,0,1,2,55,1,1,2,1,20,3,1,17,1,1,1,88,0,0
55,550328,1,1,1,23,9,23,30,34,0,1,0,55,1,22,18,22018,2,1996,1G2NW12M3TC7,1,G,2,N,W,1,2,M,3,T,C,7,0,0,0,000000000,00000000000,0,0,0,1,0,0,0,0,0,0,0,70,0,1,5,12,6,2,2,0,0,1,1,55,54703,6,1,0,0,3,3,74,185,0,0,0,0,1,11,2011,11,2011,0,0,0,0,0,2,4,65,1,1,1,1,0,0,1,13,1,1,4,1,1,1
55,550329,1,2,1,19,9,14,24,12,6,1,0,55,1,20,22,20022,2,2007,1G1AK15F4773,1,G,1,A,K,1,5,F,4,7,7,3,0,0,0,000000000,00000000000,0,0,0,1,0,0,0,0,0,0,0,20,0,0,0,62,6,2,12,0,0,0,1,55,53573,6,1,0,0,3,0,61,150,0,0,0,0,1,2,2013,2,2013,0,0,0,0,0,1,2,25,1,1,2,1,0,0,1,66,1,1,1,81,0,0
55,550329,2,2,1,19,9,14,24,12,6,1,0,55,1,22,32,22032,6,2004,5Y2SL62874Z4,5,Y,2,S,L,6,2,8,7,4,Z,4,0,0,0,000000000,00000000000,0,0,0,1,0,0,0,0,0,0,0,15,0,0,0,12,4,3,12,0,0,0,1,55,53565,6,1,0,0,3,0,64,115,0,0,0,0,0,0,0,0,0,0,48,51,28,0,1,2,25,1,1,2,1,20,3,10,10,1,9,2,80,1,0
55,550330,1,1,1,3,10,22,28,8,0,1,0,55,2,14,20,14020,4,2005,1MEFM40135G6,1,M,E,F,M,4,0,1,3,5,G,6,0,0,0,000000000,00000000000,0,0,0,1,0,0,0,0,0,0,0,999,0,0,0,12,4,3,8,0,0,0,1,55,53210,6,1,0,0,3,3,64,200,0,0,0,0,0,0,0,0,0,0,0,0,0,0,1,2,25,2,1,2,1,0,0,14,19,1,1,1,13,0,0
55,550331,1,1,2,5,10,2,50,59,0,1,0,55,1,30,42,30042,3,1996,3VWHD81H4TM0,3,V,W,H,D,8,1,H,4,T,M,0,0,0,0,000000000,00000000000,0,0,0,1,0,0,0,0,0,0,0,97,0,0,0,9,6,2,59,0,0,0,1,55,54016,6,1,0,0,3,0,72,140,1,0,0,2,0,7,2013,6,2014,3,8,6,39,0,2,2,45,1,1,1,1,0,0,1,6,3,3,4,2,2,1
55,550332,1,2,2,5,10,19,38,12,1,1,0,55,2,12,3,12003,2,1994,1FALP4041RF1,1,F,A,L,P,4,0,4,1,R,F,1,0,0,0,000000000,00000000000,0,0,0,1,0,0,0,0,0,0,0,999,0,0,0,12,6,2,12,0,0,1,1,55,54935,2,1,0,0,2,3,69,185,2,0,2,1,5,12,2011,7,2014,0,0,0,0,0,2,4,35,1,1,1,1,65,3,1,17,1,1,1,20,0,1
55,550332,2,2,1,5,10,19,38,12,1,1,0,55,1,12,17,12017,4,1991,1FACP50U5MG1,1,F,A,C,P,5,0,U,5,M,G,1,0,0,0,000000000,00000000000,0,0,0,1,0,0,0,0,0,0,0,0,0,1,1,6,6,2,12,0,0,0,1,55,54986,6,1,0,0,3,0,68,190,0,1,0,0,1,5,2012,12,2012,0,0,0,0,0,2,4,35,1,1,1,1,65,3,5,61,1,1,2,21,1,1
55,550333,1,1,1,6,10,23,29,34,0,1,0,55,1,20,403,20403,14,2003,1GNEK13Z03J2,1,G,N,E,K,1,3,Z,0,3,J,2,0,0,0,000000000,00000000000,0,0,0,1,0,0,0,0,0,0,0,999,0,1,1,12,6,2,1,0,0,0,1,55,54669,6,1,0,0,3,3,76,285,0,0,0,0,0,0,0,0,0,0,0,0,0,0,1,2,55,1,3,2,1,0,0,1,9,7,2,4,1,1,1
55,550334,1,2,8,11,10,2,40,12,1,1,0,17,2,37,441,37441,20,2006,5FNRL38816B0,5,F,N,R,L,3,8,8,1,6,B,0,0,0,0,000000000,00000000000,0,0,0,1,0,0,0,0,0,0,0,55,0,1,5,6,6,2,1,0,0,0,1,17,60176,6,1,6,0,3,0,65,120,0,0,0,1,0,8,2012,8,2012,0,0,0,0,0,3,2,65,1,1,2,1,0,0,1,53,1,1,1,25,2,0
55,550334,2,2,1,11,10,2,40,12,1,1,1,55,1,49,40,49040,4,1995,4T1SK12E5SU8,4,T,1,S,K,1,2,E,5,S,U,8,0,0,0,000000000,00000000000,0,0,0,1,0,0,0,0,0,0,0,69,0,0,0,12,4,5,57,0,0,0,1,55,54727,6,1,0,0,3,0,65,145,1,0,0,0,1,6,2012,12,2012,3,0,0,0,0,3,2,65,1,1,2,1,0,0,1,51,6,1,1,24,0,0
55,550335,1,2,1,6,10,6,18,12,6,1,0,55,1,9,442,9442,20,1999,1P4GP44G5XB6,1,P,4,G,P,4,4,G,5,X,B,6,0,0,0,000000000,00000000000,0,0,0,1,0,0,0,0,0,0,0,45,3,0,0,12,6,2,12,0,0,1,1,55,53014,6,1,0,0,3,0,62,160,0,0,0,0,0,0,0,0,0,0,39,0,0,0,1,2,55,1,1,2,1,20,3,1,17,3,2,1,86,1,0
55,550335,2,2,1,6,10,6,18,12,6,1,0,55,3,85,882,85882,64,2007,1XKDDU9X07J1,1,X,K,D,D,U,9,X,0,7,J,1,1,1,45,451783,45451783,3,4,2,1,0,0,0,0,0,0,0,999,0,0,0,83,4,3,12,0,0,0,1,55,54922,6,1,6,1,3,3,65,195,0,0,0,0,0,0,0,0,0,0,0,0,0,0,1,2,55,1,1,2,1,0,0,1,17,1,1,1,87,0,0
55,550336,1,1,2,12,10,13,3,34,0,1,0,27,1,21,21,21021,2,2000,1G3NL12E3YC4,1,G,3,N,L,1,2,E,3,Y,C,4,0,0,0,000000000,00000000000,0,0,0,1,0,0,0,0,0,0,0,83,0,2,5,99,6,2,1,0,0,0,1,55,54650,6,1,0,0,3,0,72,165,0,1,0,1,3,7,2013,12,2013,3,52,58,36,0,1,2,55,1,2,2,1,0,0,6,8,6,3,4,7,1,0
55,550337,1,1,1,7,10,16,8,25,0,1,0,48,2,84,881,84881,63,1994,2HSFMATR0RC0,2,H,S,F,M,A,T,R,0,R,C,0,1,3,99,999999999,99999999999,3,4,4,1,0,0,0,0,0,0,0,999,0,0,0,12,6,2,25,0,0,1,1,48,77357,6,1,0,9,8,0,999,999,0,1,0,0,0,8,2012,8,2012,0,0,0,0,0,3,2,35,1,6,2,1,20,3,2,3,4,7,4,14,1,0
55,550338,1,2,1,12,10,21,25,12,2,1,0,55,1,20,22,20022,4,2010,1G1AF5F57A72,1,G,1,A,F,5,F,5,7,A,7,2,0,0,0,000000000,00000000000,0,0,0,1,0,0,0,0,0,0,0,34,0,0,0,12,6,2,12,0,0,0,1,55,53154,6,1,0,0,3,3,70,180,0,2,2,0,0,11,2011,3,2012,0,28,0,0,0,1,4,30,1,1,1,2,0,0,1,10,1,1,2,50,1,0
55,550338,2,2,2,12,10,21,25,12,2,1,0,17,2,34,401,34401,14,2007,4USFE43597LY,4,U,S,F,E,4,3,5,9,7,L,Y,0,0,0,000000000,00000000000,0,0,0,1,0,0,0,0,0,0,0,30,0,0,0,12,6,2,12,0,0,0,1,55,53204,6,1,0,0,3,0,72,220,0,0,0,0,0,0,0,0,0,0,0,0,0,0,1,4,30,1,1,1,2,0,0,1,62,1,1,1,51,0,0
55,550339,1,2,1,9,10,7,12,12,6,1,0,55,2,12,35,12035,4,1996,1FALP6531TK1,1,F,A,L,P,6,5,3,1,T,K,1,0,0,0,000000000,00000000000,0,0,0,1,0,0,0,0,0,0,0,15,0,1,6,12,6,2,12,0,0,0,1,55,53006,6,1,0,0,3,0,70,208,0,0,0,0,1,2,2014,2,2014,0,38,0,0,0,1,2,55,1,1,2,1,20,3,3,17,1,1,1,86,1,0
55,550339,2,2,1,9,10,7,12,12,6,1,0,55,1,12,16,12016,4,2009,2FAHP71V09X1,2,F,A,H,P,7,1,V,0,9,X,1,0,0,0,000000000,00000000000,0,0,0,1,0,0,0,0,0,0,0,55,0,0,0,82,6,2,12,0,0,0,1,55,54937,6,1,0,0,3,3,70,180,0,0,0,0,2,10,2011,3,2012,0,0,0,0,0,1,2,55,1,1,2,1,0,0,1,17,8,2,1,87,0,0
55,550340,1,1,1,16,10,1,53,14,0,1,0,55,1,53,706,53706,80,2003,JS1GW71A2321,J,S,1,G,W,7,1,A,2,3,2,1,0,0,0,000000000,00000000000,0,0,0,1,0,0,0,0,0,0,0,80,0,0,0,12,6,2,14,0,0,0,1,55,53704,1,1,0,0,2,0,71,225,0,0,0,0,0,0,0,0,0,3,28,8,51,0,1,2,25,2,1,2,1,0,0,14,6,3,2,4,11,1,1
55,550341,1,2,1,16,10,18,48,12,2,1,0,55,1,14,21,14021,4,2010,3MEHM0HA7AR6,3,M,E,H,M,0,H,A,7,A,R,6,0,0,0,000000000,00000000000,0,0,0,1,0,0,0,0,0,0,0,46,0,0,0,12,4,3,12,0,0,0,1,55,54971,6,1,0,0,3,0,66,180,0,0,0,0,0,0,0,0,0,0,0,0,0,0,2,2,45,1,1,1,1,0,0,1,72,1,1,1,81,0,0
55,550341,2,2,1,16,10,18,48,12,2,1,0,55,1,53,706,53706,80,2003,JS1VS52A7321,J,S,1,V,S,5,2,A,7,3,2,1,0,0,0,000000000,00000000000,0,0,0,1,0,0,0,0,0,0,0,10,0,0,0,12,6,2,12,0,0,0,1,55,54960,6,1,8,0,3,2,66,220,1,0,0,0,0,4,2012,4,2012,0,30,48,51,73,0,0,0,0,0,0,0,0,0,10,16,1,1,7,80,1,0
55,550342,1,1,1,10,10,22,24,42,0,1,0,27,2,30,46,30046,4,1997,WVWEE83A1VB0,W,V,W,E,E,8,3,A,1,V,B,0,0,0,0,000000000,00000000000,0,0,0,1,0,0,0,0,0,0,0,999,0,0,0,10,6,2,42,0,0,0,1,55,54724,6,1,0,0,3,3,70,150,0,0,0,1,1,10,2013,1,2014,3,0,0,0,0,1,2,55,2,1,2,1,0,0,14,12,3,2,4,6,1,0
55,550344,1,1,3,11,10,16,17,5,0,1,0,0,0,29,399,29399,9,9999,000000000000,0,0,0,0,0,0,0,0,0,0,0,0,0,0,0,000000000,00000000000,0,0,0,1,0,0,0,0,0,0,0,5,0,0,0,0,0,5,5,0,0,0,1,55,54479,6,1,6,0,3,0,73,185,0,0,0,0,1,9,2013,9,2013,0,0,0,0,0,1,2,99,1,1,4,1,0,0,98,98,1,1,7,0,1,0
55,550345,1,1,2,20,10,8,21,8,0,1,0,55,1,20,481,20481,31,2004,1GCHK23114F1,1,G,C,H,K,2,3,1,1,4,F,1,0,0,0,000000000,00000000000,0,0,0,1,0,0,0,0,0,0,0,69,0,0,0,12,4,3,8,0,0,0,1,55,54601,6,1,0,0,3,0,66,208,0,0,0,0,0,0,0,0,0,0,0,0,0,0,2,2,65,3,1,2,1,0,0,14,83,1,1,4,13,0,0
55,550346,1,2,1,5,10,14,48,12,2,1,0,55,2,22,18,22018,4,2002,1G2NW52E92M5,1,G,2,N,W,5,2,E,9,2,M,5,0,0,0,000000000,00000000000,0,0,0,1,0,0,0,0,0,0,0,999,0,0,0,12,6,2,12,0,0,0,1,55,54615,6,1,8,0,3,0,72,300,0,0,0,0,1,5,2013,5,2013,0,28,51,0,0,1,2,55,2,6,2,1,0,0,14,10,1,1,2,50,1,0
55,550346,2,2,1,5,10,14,48,12,2,1,0,55,3,98,884,98884,66,1999,2FWYJWEB6XAF,2,F,W,Y,J,W,E,B,6,X,A,F,1,1,57,858130,57858130,3,6,2,1,0,0,0,0,0,0,0,999,0,0,0,12,6,2,12,0,0,0,1,55,54481,6,1,6,1,3,3,72,220,1,0,0,1,0,5,2013,10,2013,0,0,0,0,0,1,2,55,3,5,2,1,0,0,14,62,4,2,1,51,0,0
55,550347,1,1,1,11,10,19,22,1,0,1,0,55,1,73,706,73706,80,2014,JKBZXNF13EA0,J,K,B,Z,X,N,F,1,3,E,A,0,0,0,0,000000000,00000000000,0,0,0,1,0,0,0,0,0,0,0,999,0,0,0,0,6,2,1,0,0,0,1,55,54230,6,1,0,0,3,0,71,180,0,0,0,0,0,0,0,0,0,3,0,0,0,0,1,2,55,3,1,2,1,0,0,14,13,1,9,4,1,1,1