STATE,ST_CASE,VEH_NO,VE_FORMS,NUMOCCS,DAY,MONTH,HOUR,MINUTE,HARM_EV,MAN_COLL,UNITTYPE,HIT_RUN,REG_STAT,OWNER,MAKE,MODEL,MAK_MOD,BODY_TYP,MOD_YEAR,VIN,VIN_1,VIN_2,VIN_3,VIN_4,VIN_5,VIN_6,VIN_7,VIN_8,VIN_9,VIN_10,VIN_11,VIN_12,TOW_VEH,J_KNIFE,MCARR_I1,MCARR_I2,MCARR_ID,GVWR,V_CONFIG,CARGO_BT,HAZ_INV,HAZ_PLAC,HAZ_ID,HAZ_CNO,HAZ_REL,BUS_USE,SPEC_USE,EMER_USE,TRAV_SP,UNDERIDE,ROLLOVER,ROLINLOC,IMPACT1,DEFORMED,TOWED,M_HARM,VEH_SC1,VEH_SC2,FIRE_EXP,DR_PRES,L_STATE,DR_ZIP,L_STATUS,L_TYPE,CDL_STAT,L_ENDORS,L_COMPL,L_RESTRI,DR_HGT,DR_WGT,PREV_ACC,PREV_SUS,PREV_DWI,PREV_SPD,PREV_OTH,FIRST_MO,FIRST_YR,LAST_MO,LAST_YR,SPEEDREL,DR_SF1,DR_SF2,DR_SF3,DR_SF4,VTRAFWAY,VNUM_LAN,VSPD_LIM,VALIGN,VPROFILE,VPAVETYP,VSURCOND,VTRAFCON,VTCONT_F,P_CRASH1,P_CRASH2,P_CRASH3,PCRASH4,PCRASH5,ACC_TYPE,DEATHS,DR_DRINK
55,550348,1,1,1,15,10,18,8,34,0,1,0,55,1,12,481,12481,31,2000,1FTNF20F6YEE,1,F,T,N,F,2,0,F,6,Y,E,E,0,0,0,000000000,00000000000,0,0,0,1,0,0,0,0,0,0,0,999,0,1,5,12,6,2,1,0,0,0,1,55,53916,6,1,6,0,3,0,67,185,1,0,0,0,2,12,2013,4,2014,0,6,0,0,0,1,2,55,1,1,2,2,0,0,1,12,6,4,4,7,1,1
55,550349,1,5,1,10,10,17,40,12,1,1,0,55,1,2,407,2407,14,2014,1C4NJRFB8ED8,1,C,4,N,J,R,F,B,8,E,D,8,0,0,0,000000000,00000000000,0,0,0,1,0,0,0,0,0,0,0,0,0,0,0,6,2,3,12,0,0,0,1,55,54840,6,1,0,0,3,3,62,95,1,0,0,0,0,8,2013,8,2013,0,0,0,0,0,1,2,55,1,1,2,1,0,0,5,53,1,1,4,98,0,0
55,550349,2,5,1,10,10,17,40,12,1,1,0,27,1,20,481,20481,31,2001,1GCEK19TX1E2,1,G,C,E,K,1,9,T,X,1,E,2,0,0,0,000000000,00000000000,0,0,0,1,0,0,0,0,0,0,0,0,0,0,0,6,4,3,12,0,0,0,1,27,55303,6,1,0,0,3,0,71,235,0,0,0,0,1,8,2013,8,2013,0,0,0,0,0,1,2,55,1,1,2,1,0,0,5,53,1,1,1,98,0,0
55,550349,3,5,3,10,10,17,40,12,1,1,0,55,1,18,7,18007,4,2003,2G4WS52J4311,2,G,4,W,S,5,2,J,4,3,1,1,0,0,0,000000000,00000000000,0,0,0,1,0,0,0,0,0,0,0,0,0,0,0,6,6,2,12,0,0,0,1,55,54872,6,1,0,0,3,0,68,205,1,1,1,1,1,1,2012,5,2014,0,0,0,0,0,1,2,55,1,1,2,1,0,0,5,53,1,1,1,21,1,0
55,550349,4,5,1,10,10,17,40,12,1,1,0,27,1,7,482,7482,31,2009,3D7KS28L09G5,3,D,7,K,S,2,8,L,0,9,G,5,0,0,0,000000000,00000000000,0,0,0,1,0,0,0,0,0,0,0,50,0,0,0,12,6,2,12,0,0,0,1,27,55304,6,1,0,0,3,3,70,180,0,0,0,0,0,0,0,0,0,4,38,0,0,0,1,2,55,1,1,2,1,0,0,1,50,1,1,1,20,0,0
55,550349,5,5,2,10,10,17,40,12,1,1,0,27,2,7,20,7020,4,2004,1B3ES26C64D5,1,B,3,E,S,2,6,C,6,4,D,5,0,0,0,000000000,00000000000,0,0,0,1,0,0,0,0,0,0,0,5,0,0,0,6,6,2,12,0,0,0,1,27,55063,6,1,0,0,3,0,66,190,0,0,0,0,0,0,0,0,0,0,0,0,0,0,1,2,55,1,1,2,1,0,0,2,53,12,1,1,98,0,0
55,550350,1,1,2,18,10,2,40,34,0,1,0,55,1,23,481,23481,31,1994,2GTEK19KXR15,2,G,T,E,K,1,9,K,X,R,1,5,0,0,0,000000000,00000000000,0,0,0,1,0,0,0,0,0,0,0,999,0,0,0,12,6,2,34,0,0,0,1,55,54414,6,1,0,0,3,0,69,160,0,0,0,0,5,10,2011,4,2014,0,28,0,0,0,1,2,55,1,6,2,1,0,0,1,12,99,4,4,7,1,1
55,550351,1,1,1,19,10,0,3,34,0,1,0,55,1,20,498,20498,31,2000,1GCEK19T4YE3,1,G,C,E,K,1,9,T,4,Y,E,3,0,0,0,000000000,00000000000,0,0,0,1,0,0,0,0,0,0,0,999,0,0,0,12,6,2,35,0,0,0,1,55,54235,6,1,0,0,3,3,64,130,3,1,1,0,1,8,2012,9,2014,0,0,0,0,0,1,2,55,1,1,2,1,0,0,1,10,99,9,4,6,1,1
55,550352,1,2,1,21,10,6,13,12,6,1,0,55,1,20,481,20481,31,2007,1GCEC14C47E5,1,G,C,E,C,1,4,C,4,7,E,5,0,0,0,000000000,00000000000,0,0,0,1,0,0,0,0,0,0,0,55,3,0,0,12,6,2,12,0,0,0,1,55,54923,6,1,0,0,3,0,70,270,0,0,0,0,0,0,0,0,0,0,0,0,0,0,1,2,55,1,2,2,1,0,0,1,54,1,1,1,93,1,0
55,550352,2,2,1,21,10,6,13,12,6,1,0,55,2,87,884,87884,63,2000,1XPFDB9XXYN5,1,X,P,F,D,B,9,X,X,Y,N,5,1,1,55,558032,55558032,3,4,10,1,0,0,0,0,0,0,0,999,0,0,0,63,2,5,12,0,0,0,1,55,54960,6,1,6,1,3,0,68,225,1,0,0,0,0,4,2013,4,2013,0,31,0,0,0,1,2,55,1,2,2,1,0,0,13,98,1,1,1,92,0,0
55,550353,1,2,4,21,10,17,20,12,6,1,0,55,1,12,3,12003,1,2002,1FAFP44422F1,1,F,A,F,P,4,4,4,2,2,F,1,0,0,0,000000000,00000000000,0,0,0,1,0,0,0,0,0,0,0,75,0,0,0,3,6,2,12,0,0,0,1,55,54929,6,2,0,0,3,0,73,158,0,0,0,0,0,0,0,0,0,3,6,28,29,51,1,2,55,1,1,1,1,0,0,6,52,7,4,6,66,3,0
55,550353,2,2,1,21,10,17,20,12,6,1,0,55,1,23,401,23401,14,2006,1GKDT13S3623,1,G,K,D,T,1,3,S,3,6,2,3,0,0,0,000000000,00000000000,0,0,0,1,0,0,0,0,0,0,0,60,0,0,0,12,6,2,12,0,0,0,1,55,54950,6,1,0,0,3,0,72,180,0,0,0,0,1,6,2014,6,2014,0,36,0,0,0,1,2,55,1,1,1,1,0,0,1,62,4,1,1,66,0,0
55,550354,1,1,1,25,10,23,18,11,0,1,0,55,1,98,706,98706,80,2007,VBKVD94097M9,V,B,K,V,D,9,4,0,9,7,M,9,0,0,0,000000000,00000000000,0,0,0,1,0,0,0,0,0,0,0,90,0,0,0,12,6,2,11,0,0,0,1,55,53143,6,1,0,0,2,0,66,135,0,1,1,0,3,2,2012,10,2014,3,83,0,0,0,1,2,55,1,1,2,1,0,0,1,87,3,2,1,13,1,0
55,550355,1,1,4,24,10,22,35,42,0,1,0,55,1,2,403,2403,14,2006,1J4GR48K26C1,1,J,4,G,R,4,8,K,2,6,C,1,0,0,0,000000000,00000000000,0,0,0,1,0,0,0,0,0,0,0,45,0,0,0,12,6,2,42,0,0,0,1,55,53558,6,8,0,0,2,2,66,122,1,0,0,1,2,1,2013,9,2013,0,53,0,0,0,1,2,45,3,1,2,2,98,9,14,13,2,1,4,1,1,0
55,550356,1,1,1,25,10,23,48,30,0,1,0,55,1,72,706,72706,80,2006,1HD1HDZ156K8,1,H,D,1,H,D,Z,1,5,6,K,8,0,0,0,000000000,00000000000,0,0,0,1,0,0,0,0,0,0,0,80,0,0,0,12,6,2,30,0,0,0,1,55,53032,6,1,6,0,3,0,68,155,0,0,0,0,1,12,2011,12,2011,3,6,37,0,0,1,2,55,2,1,2,1,0,0,14,12,7,9,4,6,1,1
55,550357,1,1,2,26,10,18,40,42,0,1,0,55,2,9,19,9019,4,1995,3P3AA46K0ST5,3,P,3,A,A,4,6,K,0,S,T,5,0,0,0,000000000,00000000000,0,0,0,1,0,0,0,0,0,0,0,80,0,0,0,12,6,2,42,0,0,0,1,55,53952,6,1,6,0,3,0,70,150,0,0,0,0,0,0,0,0,0,3,58,52,36,0,1,2,55,3,6,2,1,0,0,14,6,9,3,4,1,2,0
55,550358,1,1,1,22,10,11,37,8,0,1,0,55,1,12,442,12442,20,2000,2FMZA5147YBA,2,F,M,Z,A,5,1,4,7,Y,B,A,0,0,0,000000000,00000000000,0,0,0,1,0,0,0,0,0,0,0,30,0,0,0,12,4,3,8,0,0,0,1,55,54703,6,1,0,0,3,3,71,250,0,0,0,0,0,0,0,0,0,0,38,0,0,0,1,2,30,1,1,2,1,20,3,3,80,1,1,1,13,0,0
55,550359,1,2,1,24,10,13,25,12,2,1,0,55,3,86,884,86884,66,2008,1M2AX18C58M0,1,M,2,A,X,1,8,C,5,8,M,0,1,1,57,675646,57675646,3,6,1,1,0,0,0,0,0,0,0,999,0,0,0,12,4,3,12,0,0,0,1,55,53560,6,1,0,0,2,0,70,165,0,0,0,0,0,0,0,0,0,0,38,0,0,0,1,2,40,1,3,2,1,0,0,11,15,1,1,2,68,0,0
55,550359,2,2,1,24,10,13,25,12,2,1,0,55,2,32,43,32043,4,2008,WAUDF78E68A0,W,A,U,D,F,7,8,E,6,8,A,0,0,0,0,000000000,00000000000,0,0,0,1,0,0,0,0,0,0,0,999,0,0,0,12,6,2,12,0,0,0,1,55,53562,6,1,0,0,3,0,69,160,0,0,0,0,0,0,0,0,0,0,0,0,0,0,1,2,40,1,3,2,1,0,0,1,62,1,1,1,69,1,0
55,550360,1,2,1,26,10,19,31,12,1,1,0,92,0,53,709,53709,80,2004,JS1GN7CA3421,J,S,1,G,N,7,C,A,3,4,2,1,0,0,0,000000000,00000000000,0,0,0,1,0,0,0,0,0,0,0,60,0,0,0,12,6,2,12,0,0,0,1,55,53406,1,1,0,0,2,0,75,190,1,2,0,1,6,5,2013,7,2014,3,0,0,0,0,2,4,30,1,1,2,1,0,0,1,59,4,1,1,24,1,1
55,550360,2,2,1,26,10,19,31,12,1,1,0,55,1,20,498,20498,14,2000,1GNDT13W5Y21,1,G,N,D,T,1,3,W,5,Y,2,1,0,0,0,000000000,00000000000,0,0,0,1,0,0,0,0,0,0,0,5,0,0,0,6,4,3,12,0,0,0,1,55,53405,6,1,0,0,3,3,63,165,0,0,0,1,1,12,2013,8,2014,0,0,0,0,0,2,4,30,1,1,2,1,0,0,11,17,99,1,2,26,0,0
55,550361,1,1,1,19,10,21,29,42,0,1,0,17,9,2,405,2405,14,2002,1J4GL58K12W3,1,J,4,G,L,5,8,K,1,2,W,3,0,0,0,000000000,00000000000,0,0,0,1,0,0,0,0,0,0,0,66,0,0,0,12,6,2,42,0,0,0,1,55,53140,6,1,0,0,3,3,71,175,0,2,0,0,0,6,2013,10,2013,4,28,39,0,0,1,2,35,2,1,2,1,0,0,14,12,9,9,4,7,1,1
55,550362,1,1,1,23,10,2,53,9,0,1,0,55,3,20,470,20470,28,2012,1GB3G4CG3C11,1,G,B,3,G,4,C,G,3,C,1,1,0,0,0,000000000,00000000000,0,0,0,1,0,0,0,0,0,0,0,999,0,0,0,12,4,3,9,0,0,0,1,55,53115,6,1,0,0,3,3,72,290,2,0,0,1,0,8,2012,5,2014,0,0,0,0,0,1,4,40,4,2,2,1,0,0,99,13,1,9,9,13,0,0
55,550363,1,1,2,27,10,9,31,34,0,1,0,55,2,20,461,20461,22,2006,1GBJG31U6612,1,G,B,J,G,3,1,U,6,6,1,2,0,0,0,000000000,00000000000,0,0,0,1,0,0,0,0,0,0,0,45,0,0,0,12,6,2,32,0,0,0,1,55,53139,6,1,0,0,3,3,71,150,0,1,2,1,2,6,2012,4,2013,0,28,0,0,0,1,2,55,1,1,2,1,0,0,1,13,1,9,4,1,1,0
55,550364,1,1,1,27,10,18,24,8,0,1,0,55,1,14,402,14402,14,2005,4M2YU561X5DJ,4,M,2,Y,U,5,6,1,X,5,D,J,0,0,0,000000000,00000000000,0,0,0,1,0,0,0,0,0,0,0,999,0,0,0,12,4,5,8,0,0,0,1,55,53221,6,1,0,0,3,3,65,115,1,0,0,0,0,4,2014,4,2014,0,38,0,0,0,1,2,25,1,3,1,1,40,9,1,17,1,1,1,13,0,0
55,550365,1,1,1,29,10,6,55,8,0,1,0,55,3,12,461,12461,22,2005,1FTNE24W35HB,1,F,T,N,E,2,4,W,3,5,H,B,0,0,0,000000000,00000000000,0,0,0,1,0,0,0,0,0,0,0,999,0,0,0,12,2,5,8,0,0,0,1,55,53154,6,1,0,0,3,3,74,225,0,0,0,0,0,0,0,0,0,0,0,0,0,0,1,2,30,1,1,1,1,0,0,1,17,1,1,1,13,0,0
55,550366,1,2,1,30,10,6,21,12,1,1,0,55,1,54,38,54038,3,2003,JH4DC54823C0,J,H,4,D,C,5,4,8,2,3,C,0,0,0,0,000000000,00000000000,0,0,0,1,0,0,0,0,0,0,0,58,0,0,0,12,6,2,12,0,0,0,1,55,53142,6,1,0,0,3,3,72,160,2,1,0,2,1,2,2012,8,2014,3,26,0,0,0,1,2,45,1,1,1,1,0,0,1,51,1,1,1,24,1,1
55,550366,2,2,1,30,10,6,21,12,1,1,0,55,1,85,884,85884,63,2001,1NKDXUTX81J8,1,N,K,D,X,U,T,X,8,1,J,8,0,0,57,1355438,571355438,3,2,4,1,0,0,0,0,0,0,0,40,0,0,0,6,2,3,12,0,0,0,1,55,53108,6,1,1,0,3,0,69,180,0,0,0,0,0,0,0,0,0,0,0,0,0,0,1,2,45,1,1,1,1,0,0,1,53,1,1,1,25,0,0
55,550367,1,1,2,31,10,7,12,1,0,1,0,55,1,49,471,49471,30,1993,JT4VN13G7P51,J,T,4,V,N,1,3,G,7,P,5,1,0,0,0,000000000,00000000000,0,0,0,1,0,0,0,0,0,0,0,65,0,9,5,0,6,2,1,0,0,0,1,55,53218,6,1,6,0,3,3,57,110,0,0,0,0,1,1,2012,1,2012,4,87,58,0,0,2,2,65,1,5,1,4,0,0,1,6,9,4,4,2,1,0
55,550368,1,2,1,6,11,5,50,12,2,1,0,55,1,37,37,37037,5,2011,JHMZE2H38BS0,J,H,M,Z,E,2,H,3,8,B,S,0,0,0,0,000000000,00000000000,0,0,0,1,0,0,0,0,0,0,0,60,0,0,0,12,6,2,12,0,0,0,1,55,53190,6,1,0,0,3,3,69,250,0,0,0,1,0,2,2014,2,2014,0,0,0,0,0,1,2,55,1,5,2,2,0,0,1,10,7,9,2,50,1,0
55,550368,2,2,1,6,11,5,50,12,2,1,0,18,3,84,884,84884,66,2013,1HSDJSJR9DH2,1,H,S,D,J,S,J,R,9,D,H,2,1,3,77,777777777,77777777777,3,6,1,1,0,0,0,0,0,0,0,40,0,0,0,12,6,2,12,0,0,0,1,55,54302,6,1,6,3,3,3,73,195,1,0,0,0,0,3,2014,3,2014,0,0,0,0,0,1,2,55,1,6,2,2,0,0,1,54,3,9,1,51,0,0
55,550369,1,2,1,5,11,2,18,12,6,1,0,55,2,20,2,20002,4,2005,2G1WF52E1591,2,G,1,W,F,5,2,E,1,5,9,1,0,0,0,000000000,00000000000,0,0,0,1,0,0,0,0,0,0,0,25,0,0,0,81,6,2,12,0,0,0,1,55,54112,6,1,0,0,3,0,71,155,0,0,0,1,0,11,2012,11,2012,0,38,0,0,0,3,2,55,1,1,2,1,20,3,1,17,1,9,1,87,1,0
55,550369,2,2,1,5,11,2,18,12,6,1,0,55,1,23,498,23498,15,2000,1GKEK13T9YJ1,1,G,K,E,K,1,3,T,9,Y,J,1,0,0,0,000000000,00000000000,0,0,0,1,0,0,0,0,0,0,0,65,0,0,0,12,6,2,12,0,0,0,1,55,54139,6,1,6,0,3,3,67,210,0,0,0,0,0,0,0,0,0,0,0,0,0,0,3,4,65,1,1,2,1,0,0,1,55,1,9,1,86,0,0
55,550370,1,2,1,21,10,13,26,12,2,1,0,55,2,63,401,63401,14,2013,KNDPB3A20D75,K,N,D,P,B,3,A,2,0,D,7,5,0,0,0,000000000,00000000000,0,0,0,1,0,0,0,0,0,0,0,55,0,0,0,12,6,2,12,0,0,0,1,55,53959,6,1,6,0,3,0,71,115,0,0,0,0,0,0,0,0,0,0,0,0,0,0,1,2,55,3,1,2,1,0,0,14,10,1,1,2,50,1,0
55,550370,2,2,1,21,10,13,26,12,2,1,0,8,1,59,32,59032,4,2002,JTHBN30F5200,J,T,H,B,N,3,0,F,5,2,0,0,0,0,0,000000000,00000000000,0,0,0,1,0,0,0,0,0,0,0,55,0,0,0,12,6,2,12,0,0,0,1,8,80526,6,1,0,0,3,0,70,230,0,0,0,0,0,0,0,0,0,0,0,0,0,0,1,2,55,2,1,2,1,0,0,14,62,1,1,1,51,0,0
55,550371,1,2,2,1,11,21,13,12,6,1,0,55,1,7,482,7482,31,2004,3D7KU28D34G1,3,D,7,K,U,2,8,D,3,4,G,1,0,0,0,000000000,00000000000,0,0,0,1,0,0,0,0,0,0,0,55,0,0,0,12,6,2,12,0,0,0,1,55,54489,6,1,6,0,3,0,74,210,0,0,0,0,0,0,0,0,0,0,0,0,0,0,1,2,55,1,1,2,1,0,0,1,66,1,1,1,86,0,0
55,550371,2,2,2,1,11,21,13,12,6,1,0,55,1,9,38,9038,4,2000,1P3EJ46X1YN1,1,P,3,E,J,4,6,X,1,Y,N,1,0,0,0,000000000,00000000000,0,0,0,1,0,0,0,0,0,0,0,49,0,1,5,81,6,2,12,0,0,0,1,55,54448,6,1,0,0,3,3,62,165,0,0,0,0,0,0,0,0,0,0,39,0,0,0,1,2,55,1,1,2,1,20,3,1,17,1,1,1,87,1,0
55,550372,1,1,1,3,11,15,37,34,0,1,0,55,1,20,421,20421,15,2001,1GNDT13W61K2,1,G,N,D,T,1,3,W,6,1,K,2,0,0,0,000000000,00000000000,0,0,0,1,0,0,0,0,0,0,0,999,0,1,5,12,6,2,1,42,0,0,1,55,53901,6,1,0,0,3,0,64,140,0,0,0,0,1,6,2014,6,2014,0,0,0,0,0,1,2,55,1,1,2,1,0,0,1,98,1,1,4,6,1,0
55,550373,1,1,1,6,11,9,52,33,0,1,0,55,1,12,17,12017,4,2005,1FAFP53U15A2,1,F,A,F,P,5,3,U,1,5,A,2,0,0,0,000000000,00000000000,0,0,0,1,0,0,0,0,0,0,0,30,0,0,0,12,6,2,42,0,0,0,1,55,54755,6,1,0,0,3,3,62,102,0,0,0,0,0,0,0,0,0,0,99,99,99,99,1,2,30,1,2,2,1,0,0,1,13,99,1,4,1,1,0
55,550374,1,1,1,4,11,15,54,11,0,1,0,55,1,37,706,37706,80,2012,JH2SC68G3CK0,J,H,2,S,C,6,8,G,3,C,K,0,0,0,0,000000000,00000000000,0,0,0,1,0,0,0,0,0,0,0,55,0,0,0,12,4,3,11,0,0,0,1,55,53704,6,1,6,0,3,3,72,210,0,0,0,0,0,0,0,0,0,0,81,83,0,0,1,2,55,1,1,2,1,0,0,1,87,1,9,1,13,1,0
55,550375,1,1,1,7,11,17,34,33,0,1,0,55,2,2,403,2403,14,2000,1J4GW58N4YC2,1,J,4,G,W,5,8,N,4,Y,C,2,0,0,0,000000000,00000000000,0,0,0,1,0,0,0,0,0,0,0,999,0,1,5,62,6,2,33,0,0,0,1,27,54880,9,9,99,9,9,9,999,999,99,99,99,99,99,99,9999,99,9999,0,58,29,0,0,3,2,35,1,1,2,2,0,0,1,12,99,9,4,6,1,1
55,550376,1,1,1,4,11,20,5,32,0,1,0,55,2,7,25,7025,5,2007,1B3HB78K27D2,1,B,3,H,B,7,8,K,2,7,D,2,0,0,0,000000000,00000000000,0,0,0,1,0,0,0,0,0,0,0,65,0,1,5,99,6,2,1,0,0,0,1,55,53716,2,1,0,0,2,0,72,190,0,0,0,1,0,8,2013,8,2013,0,0,0,0,0,3,2,65,1,1,2,1,0,0,1,13,1,1,4,1,1,1
55,550377,1,1,1,13,11,20,11,34,0,1,0,55,1,23,481,23481,31,2000,1GTGK24R2YR1,1,G,T,G,K,2,4,R,2,Y,R,1,0,0,0,000000000,00000000000,0,0,0,1,0,0,0,0,0,0,0,999,0,1,5,12,6,2,34,0,0,0,1,55,53118,6,1,0,0,3,3,71,165,0,0,0,0,0,0,0,0,0,0,0,0,0,0,1,2,55,3,2,2,1,0,0,14,13,99,9,4,1,1,1
55,550378,1,2,1,5,11,17,44,12,6,1,0,55,1,20,482,20482,31,2008,3GNFK12348G1,3,G,N,F,K,1,2,3,4,8,G,1,0,0,0,000000000,00000000000,0,0,0,1,0,0,0,0,0,0,0,40,0,0,0,12,6,2,12,0,0,0,1,55,54660,6,1,0,0,3,0,60,163,1,0,0,0,0,7,2012,7,2012,0,0,0,0,0,1,2,55,1,1,2,2,0,0,1,64,6,9,2,98,0,0
55,550378,2,2,1,5,11,17,44,12,6,1,0,55,1,12,442,12442,20,2001,2FMZA57441BB,2,F,M,Z,A,5,7,4,4,1,B,B,0,0,0,000000000,00000000000,0,0,0,1,0,0,0,0,0,0,0,5,0,0,0,9,6,2,12,0,0,0,1,55,54660,6,1,0,0,3,0,70,300,0,0,0,0,0,0,0,0,0,0,30,48,0,0,1,2,55,1,1,2,2,0,0,12,98,1,9,6,98,1,0
55,550379,1,1,2,15,11,2,30,34,0,1,0,55,2,22,2,22002,4,2004,1G2HZ54Y24U2,1,G,2,H,Z,5,4,Y,2,4,U,2,0,0,0,000000000,00000000000,0,0,0,1,0,0,0,0,0,0,0,999,0,0,0,61,6,2,42,0,0,0,1,55,54247,6,1,0,0,3,3,72,170,0,1,2,0,1,5,2012,7,2012,3,58,36,0,0,1,2,55,1,1,2,1,0,0,1,11,99,3,4,1,2,1
55,550380,1,2,1,22,11,4,4,12,2,1,0,55,1,30,46,30046,4,2000,WVWMA23B5YP3,W,V,W,M,A,2,3,B,5,Y,P,3,0,0,0,000000000,00000000000,0,0,0,1,0,0,0,0,0,0,0,80,0,0,0,12,6,2,12,0,0,0,1,55,53551,6,1,0,0,3,0,71,225,0,0,0,0,0,0,0,0,0,0,38,50,0,0,2,2,65,1,1,2,2,0,0,1,54,1,1,1,52,1,1
55,550380,2,2,1,22,11,4,4,12,2,1,0,55,2,20,481,20481,31,2000,2GCEK19T4Y13,2,G,C,E,K,1,9,T,4,Y,1,3,0,0,0,000000000,00000000000,0,0,0,1,0,0,0,0,0,0,0,65,0,0,0,12,6,2,12,0,0,0,1,55,53916,1,1,0,0,2,0,63,110,0,2,0,4,3,12,2013,11,2014,0,0,0,0,0,2,2,65,1,1,2,2,0,0,1,54,1,9,3,52,0,0
55,550381,1,1,1,22,11,7,20,35,0,1,0,55,2,7,402,7402,14,1999,1B4HS28Y3XF6,1,B,4,H,S,2,8,Y,3,X,F,6,0,0,0,000000000,00000000000,0,0,0,1,0,0,0,0,0,0,0,999,0,1,5,99,6,2,1,0,0,0,1,55,53951,0,0,0,0,0,0,999,999,0,0,0,0,0,0,0,0,0,4,0,0,0,0,1,2,55,1,6,2,4,40,3,1,12,1,9,4,6,1,1
55,550382,1,2,2,22,11,12,46,12,2,1,0,55,1,6,441,6441,20,2000,1C4GP44GXYB6,1,C,4,G,P,4,4,G,X,Y,B,6,0,0,0,000000000,00000000000,0,0,0,1,0,0,0,0,0,0,0,45,0,0,0,12,6,2,12,0,0,0,1,55,54165,6,1,0,0,3,3,63,155,0,0,0,0,0,0,0,0,0,0,28,0,0,0,1,2,45,1,1,2,2,0,0,1,10,1,1,2,50,1,1
55,550382,2,2,1,22,11,12,46,12,2,1,0,55,1,20,481,20481,31,2012,1GCPKSE76CF1,1,G,C,P,K,S,E,7,6,C,F,1,0,0,0,000000000,00000000000,0,0,0,1,0,0,0,0,0,0,0,999,0,0,0,12,6,2,12,0,0,0,1,55,54911,6,1,0,0,3,0,71,230,0,0,0,1,0,7,2012,7,2012,0,0,0,0,0,1,2,45,1,1,2,2,0,0,1,62,1,1,1,51,0,0
55,550383,1,1,2,15,11,7,50,8,0,1,0,55,4,35,51,35051,6,2013,JN8AS5MT4DW0,J,N,8,A,S,5,M,T,4,D,W,0,0,0,0,000000000,00000000000,0,0,0,1,0,0,0,0,0,0,0,999,0,0,0,12,4,5,8,0,0,0,1,55,53235,6,2,0,0,3,3,61,210,0,0,0,1,0,5,2012,5,2012,0,0,0,0,0,2,2,30,1,1,1,1,3,3,11,15,1,9,1,13,0,0
55,550384,1,1,1,23,11,0,35,8,0,1,1,55,2,20,482,20482,31,2005,3GNEK12ZX5G1,3,G,N,E,K,1,2,Z,X,5,G,1,0,0,0,000000000,00000000000,0,0,0,1,0,0,0,0,0,0,0,999,0,0,0,12,2,5,8,0,0,0,1,55,53215,6,1,0,0,3,0,68,220,0,0,0,0,0,0,0,0,0,0,91,0,0,0,1,2,30,1,1,1,2,0,0,1,80,1,1,1,13,0,1
55,550385,1,1,2,15,11,0,0,1,0,1,0,55,2,20,16,20016,2,2004,1G1JC12F5473,1,G,1,J,C,1,2,F,5,4,7,3,0,0,0,000000000,00000000000,0,0,0,1,0,0,0,0,0,0,0,97,0,1,5,0,6,2,1,0,0,0,1,55,54937,6,2,0,0,3,3,64,102,1,0,0,0,1,7,2014,7,2014,4,36,0,0,0,1,2,55,2,2,2,99,0,0,14,12,99,9,4,6,2,0
55,550386,1,1,1,23,11,2,5,8,0,1,1,55,2,32,42,32042,4,2002,WAULT64B32N0,W,A,U,L,T,6,4,B,3,2,N,0,0,0,0,000000000,00000000000,0,0,0,1,0,0,0,0,0,0,0,999,0,0,0,12,4,5,8,0,0,0,1,55,53402,2,1,0,0,2,0,66,135,0,0,0,0,0,0,0,0,0,0,38,0,0,0,1,2,30,1,1,2,2,0,0,1,80,1,1,1,13,0,0
55,550387,1,2,1,11,9,16,35,12,6,1,0,55,1,12,442,12442,20,2000,2FMZA5147YBB,2,F,M,Z,A,5,1,4,7,Y,B,B,0,0,0,000000000,00000000000,0,0,0,1,0,0,0,0,0,0,0,999,0,0,0,3,6,2,12,0,0,0,1,55,54486,6,1,0,0,3,3,72,186,0,0,0,0,0,0,0,0,0,0,38,0,0,0,1,2,55,1,1,1,1,0,0,1,17,1,1,1,87,1,0
55,550387,2,2,2,11,9,16,35,12,6,1,0,27,1,12,423,12423,16,2004,1FMSU43P34EC,1,F,M,S,U,4,3,P,3,4,E,C,0,0,0,000000000,00000000000,0,0,0,1,0,0,0,0,0,0,0,998,0,9,5,12,6,2,12,0,0,0,1,27,55347,6,1,0,0,3,0,65,225,0,0,0,0,0,0,0,0,0,0,0,0,0,0,2,2,65,1,1,1,1,0,0,1,64,1,1,1,86,0,0
55,550388,1,2,1,23,11,13,35,12,6,1,0,55,2,12,481,12481,31,1997,1FTEX18L7VKD,1,F,T,E,X,1,8,L,7,V,K,D,0,0,0,000000000,00000000000,0,0,0,1,0,0,0,0,0,0,0,45,0,0,0,12,6,2,12,0,0,0,1,55,54487,6,1,0,0,3,0,75,179,1,0,0,0,1,11,2013,12,2013,4,39,87,0,0,1,2,55,1,1,2,2,20,3,2,17,1,1,1,88,0,0
55,550388,2,2,3,23,11,13,35,12,6,1,0,55,2,12,17,12017,4,2003,1FAFP552X3G1,1,F,A,F,P,5,5,2,X,3,G,1,0,0,0,000000000,00000000000,0,0,0,1,0,0,0,0,0,0,0,55,0,0,0,8,6,2,12,0,0,0,1,55,54427,6,1,0,0,3,0,65,120,0,0,0,0,0,0,0,0,0,0,87,0,0,0,1,2,55,1,1,2,2,0,0,1,66,1,1,1,89,1,0