STATE,ST_CASE,VEH_NO,VE_FORMS,NUMOCCS,DAY,MONTH,HOUR,MINUTE,HARM_EV,MAN_COLL,UNITTYPE,HIT_RUN,REG_STAT,OWNER,MAKE,MODEL,MAK_MOD,BODY_TYP,MOD_YEAR,VIN,VIN_1,VIN_2,VIN_3,VIN_4,VIN_5,VIN_6,VIN_7,VIN_8,VIN_9,VIN_10,VIN_11,VIN_12,TOW_VEH,J_KNIFE,MCARR_I1,MCARR_I2,MCARR_ID,GVWR,V_CONFIG,CARGO_BT,HAZ_INV,HAZ_PLAC,HAZ_ID,HAZ_CNO,HAZ_REL,BUS_USE,SPEC_USE,EMER_USE,TRAV_SP,UNDERIDE,ROLLOVER,ROLINLOC,IMPACT1,DEFORMED,TOWED,M_HARM,VEH_SC1,VEH_SC2,FIRE_EXP,DR_PRES,L_STATE,DR_ZIP,L_STATUS,L_TYPE,CDL_STAT,L_ENDORS,L_COMPL,L_RESTRI,DR_HGT,DR_WGT,PREV_ACC,PREV_SUS,PREV_DWI,PREV_SPD,PREV_OTH,FIRST_MO,FIRST_YR,LAST_MO,LAST_YR,SPEEDREL,DR_SF1,DR_SF2,DR_SF3,DR_SF4,VTRAFWAY,VNUM_LAN,VSPD_LIM,VALIGN,VPROFILE,VPAVETYP,VSURCOND,VTRAFCON,VTCONT_F,P_CRASH1,P_CRASH2,P_CRASH3,PCRASH4,PCRASH5,ACC_TYPE,DEATHS,DR_DRINK
56,560047,1,1,4,12,6,12,25,1,0,1,0,48,1,18,401,18401,14,2005,3G5DA03E65S5,3,G,5,D,A,0,3,E,6,5,S,5,0,0,0,000000000,00000000000,0,0,0,1,0,0,0,0,0,0,0,75,0,1,1,0,6,2,1,0,0,0,1,41,97317,6,1,0,0,3,0,68,180,0,0,0,0,0,0,0,0,0,0,58,0,0,0,3,2,75,1,1,2,1,0,0,1,13,7,3,2,98,1,0
56,560048,1,2,2,15,6,16,10,12,7,1,0,5,1,37,706,37706,82,2005,1HFSC47025A4,1,H,F,S,C,4,7,0,2,5,A,4,0,0,0,000000000,00000000000,0,0,0,1,0,0,0,0,0,0,0,73,0,1,1,7,6,2,1,0,0,0,1,5,72086,6,1,0,0,3,0,74,270,0,0,0,1,0,3,2012,3,2012,3,84,83,57,54,1,2,55,3,6,2,1,0,0,14,50,3,2,1,48,1,0
56,560048,2,2,2,15,6,16,10,12,7,1,0,41,1,12,37,12037,2,2008,1FAHP32N68W1,1,F,A,H,P,3,2,N,6,8,W,1,0,0,0,000000000,00000000000,0,0,0,1,0,0,0,0,0,0,0,0,0,0,0,5,6,2,12,0,0,0,1,41,97756,6,1,0,0,3,0,66,160,0,0,0,0,0,0,0,0,0,0,83,0,0,0,1,2,55,3,6,2,1,0,0,5,53,1,1,1,48,0,0
56,560049,1,1,1,13,6,15,34,38,0,1,0,8,1,76,706,76706,80,2013,JYARJ16E1DA0,J,Y,A,R,J,1,6,E,1,D,A,0,0,0,0,000000000,00000000000,0,0,0,1,0,0,0,0,0,0,0,30,0,0,0,12,6,2,38,0,0,0,1,56,82007,6,1,0,0,3,3,68,240,1,0,0,2,0,6,2012,5,2013,0,28,0,0,0,1,2,30,3,1,2,1,0,0,14,13,1,1,4,1,1,0
56,560050,1,1,1,18,6,4,0,1,0,1,0,56,3,84,881,84881,61,2007,1HTMMAAM77H3,1,H,T,M,M,A,A,M,7,7,H,3,0,0,57,1570959,571570959,2,1,1,1,0,0,0,0,0,0,0,65,0,1,1,0,6,2,1,0,0,0,1,8,80654,6,1,0,0,3,3,64,185,0,0,0,0,0,0,0,0,0,0,58,0,0,0,1,2,65,1,1,2,1,0,0,1,10,6,4,2,98,1,0
56,560051,1,1,1,14,6,23,5,31,0,1,0,49,1,7,482,7482,31,2008,3D7KS28A28G1,3,D,7,K,S,2,8,A,2,8,G,1,0,0,0,000000000,00000000000,0,0,0,1,0,0,0,0,0,0,0,60,0,1,5,12,6,2,1,0,0,0,1,49,84078,1,1,0,0,2,0,68,153,98,0,0,5,0,3,2014,4,2014,0,58,0,0,0,1,2,65,3,5,2,1,0,0,14,13,7,3,4,1,1,1
56,560052,1,1,1,25,6,4,10,1,0,1,0,56,1,12,481,12481,31,2006,1FTNF21556EB,1,F,T,N,F,2,1,5,5,6,E,B,0,0,0,000000000,00000000000,0,0,0,1,0,0,0,0,0,0,0,999,0,1,5,0,6,2,1,0,0,0,1,56,82716,6,1,0,0,3,3,69,260,1,0,0,0,0,1,2014,1,2014,0,0,0,0,0,1,2,45,3,1,1,1,0,0,14,13,98,1,4,1,1,0
56,560053,1,2,1,27,6,21,50,12,2,1,0,56,1,23,481,23481,31,1997,1GTGK29J1VE5,1,G,T,G,K,2,9,J,1,V,E,5,0,0,0,000000000,00000000000,0,0,0,1,0,0,0,0,0,0,0,65,0,0,0,12,6,2,12,0,0,1,1,49,84078,6,1,0,0,3,3,73,175,98,0,0,3,1,12,2011,6,2013,0,28,0,0,0,1,2,65,2,1,2,1,0,0,14,10,1,1,2,50,1,1
56,560053,2,2,1,27,6,21,50,12,2,1,0,56,1,20,422,20422,15,2005,3GNFK16Z25G1,3,G,N,F,K,1,6,Z,2,5,G,1,0,0,0,000000000,00000000000,0,0,0,1,0,0,0,0,0,0,0,65,0,0,0,12,6,2,12,0,0,1,1,56,82007,6,1,0,0,3,3,66,120,0,0,0,0,0,0,0,0,0,0,0,0,0,0,1,2,65,3,1,2,1,0,0,14,62,1,1,1,51,1,1
56,560054,1,1,1,30,6,10,55,9,0,1,0,56,1,49,482,49482,31,2001,5TBBT44181S1,5,T,B,B,T,4,4,1,8,1,S,1,0,0,0,000000000,00000000000,0,0,0,1,0,0,0,0,0,0,0,999,0,0,0,12,4,5,9,0,0,0,1,56,82601,6,1,0,0,3,0,60,150,0,0,0,0,0,0,0,0,0,0,0,0,0,0,1,3,65,1,5,2,1,0,0,1,83,1,1,1,13,0,0
56,560055,1,2,1,30,6,17,45,12,6,1,0,46,3,82,881,82881,66,2013,1FUJGLDR5DSB,1,F,U,J,G,L,D,R,5,D,S,B,2,1,57,000471949,57000471949,3,7,2,1,0,0,0,0,0,0,0,75,0,0,0,12,6,2,12,0,0,0,1,46,57719,6,1,6,3,3,0,66,173,0,0,0,0,0,0,0,0,0,0,0,0,0,0,3,2,75,1,1,2,1,0,0,1,61,6,1,1,73,0,0
56,560055,2,2,2,30,6,17,45,12,6,1,0,56,1,52,47,52047,6,2003,JA4LZ31G73U1,J,A,4,L,Z,3,1,G,7,3,U,1,0,0,0,000000000,00000000000,0,0,0,1,0,0,0,0,0,0,0,999,1,0,0,9,6,2,12,0,0,0,1,56,82601,6,1,0,0,3,3,62,210,0,0,0,0,0,0,0,0,0,0,48,38,0,0,6,2,75,1,1,2,1,0,0,11,15,1,1,2,72,2,0
56,560056,1,1,6,2,7,10,45,1,0,1,0,8,1,6,441,6441,20,2004,2C8GT64L24R5,2,C,8,G,T,6,4,L,2,4,R,5,0,0,0,000000000,00000000000,0,0,0,1,0,0,0,0,0,0,0,80,0,1,3,0,6,2,1,0,0,0,1,8,81625,6,1,0,0,3,0,62,156,0,0,0,1,0,1,2014,1,2014,0,0,0,0,0,2,2,80,1,1,2,1,0,0,1,9,6,4,4,7,1,0
56,560057,1,2,1,2,7,18,11,12,1,1,0,56,2,35,481,35481,31,2009,1N6AA06C69N3,1,N,6,A,A,0,6,C,6,9,N,3,0,0,0,000000000,00000000000,0,0,0,1,0,0,0,0,0,0,0,60,0,0,0,12,6,2,12,0,0,0,1,56,82325,6,1,0,0,3,0,61,115,0,0,0,0,0,0,0,0,0,3,0,0,0,0,1,2,55,1,5,2,1,0,0,1,50,1,1,1,20,1,1
56,560057,2,2,3,2,7,18,11,12,1,1,0,56,2,12,481,12481,31,1978,X26SKCJJ1165,X,2,6,S,K,C,J,J,1,1,6,5,0,0,0,000000000,00000000000,0,0,0,1,0,0,0,0,0,0,0,0,0,0,0,6,6,2,12,0,0,0,1,56,82331,6,7,0,0,3,2,69,220,0,0,0,0,0,0,0,0,0,0,74,0,0,0,1,2,55,1,5,2,1,0,0,5,53,1,1,1,21,0,0
56,560058,1,1,2,5,7,19,50,1,0,1,0,28,1,77,706,77706,80,2008,5VPSD36D6830,5,V,P,S,D,3,6,D,6,8,3,0,0,0,0,000000000,00000000000,0,0,0,1,0,0,0,0,0,0,0,65,0,0,0,0,6,2,5,0,0,0,1,28,39042,6,1,6,1,3,0,73,250,98,0,0,0,0,0,0,0,0,0,0,0,0,0,1,3,65,1,1,2,1,0,0,1,1,1,1,3,98,1,0
56,560059,1,1,4,6,7,16,0,1,0,1,0,56,1,14,17,14017,4,2002,1MEFM55S42A6,1,M,E,F,M,5,5,S,4,2,A,6,0,0,0,000000000,00000000000,0,0,0,1,0,0,0,0,0,0,0,55,0,2,5,0,6,2,1,0,0,0,1,56,82414,6,1,0,0,3,3,71,180,0,0,0,0,0,0,0,0,0,4,0,0,0,0,1,2,65,2,1,2,1,0,0,14,13,7,1,4,1,1,1
56,560060,1,2,1,9,7,22,40,12,2,1,0,56,2,20,20,20020,4,2001,2G1WL52JX112,2,G,1,W,L,5,2,J,X,1,1,2,0,0,0,000000000,00000000000,0,0,0,1,0,0,0,0,0,0,0,43,0,0,0,12,6,2,12,0,0,0,1,56,82701,6,1,0,0,3,0,65,142,0,0,0,0,1,9,2012,9,2012,0,28,0,0,0,1,2,65,1,6,2,1,0,0,1,10,1,1,2,50,1,1
56,560060,2,2,3,9,7,22,40,12,2,1,0,8,4,23,402,23402,14,2014,2GKFLYE34E62,2,G,K,F,L,Y,E,3,4,E,6,2,0,0,0,000000000,00000000000,0,0,0,1,0,0,0,0,0,0,0,57,0,0,0,12,6,2,12,0,0,0,1,51,23503,6,1,0,0,3,3,71,200,0,0,0,0,0,0,0,0,0,0,0,0,0,0,1,2,65,1,6,2,1,0,0,2,62,1,1,1,51,0,0
56,560061,1,1,5,8,7,14,5,17,0,1,0,56,2,12,481,12481,31,2003,1FTSW31P23ED,1,F,T,S,W,3,1,P,2,3,E,D,0,0,0,000000000,00000000000,0,0,0,1,0,0,0,0,0,0,0,40,0,1,5,81,6,2,17,0,0,0,1,56,82604,6,7,0,0,3,2,71,215,0,0,0,0,0,0,0,0,0,3,36,74,0,0,1,2,20,2,5,4,1,0,0,14,12,1,4,4,7,1,0
56,560062,1,1,1,10,7,99,99,1,0,1,0,56,2,20,481,20481,31,2008,1GCHK23648F2,1,G,C,H,K,2,3,6,4,8,F,2,0,0,0,000000000,00000000000,0,0,0,1,0,0,0,0,0,0,0,76,0,1,5,0,6,2,1,0,0,0,1,56,82901,6,1,0,0,3,3,64,155,1,1,0,1,1,7,2011,10,2013,0,58,0,0,0,1,2,55,1,1,5,1,0,0,1,12,6,4,4,7,1,1
56,560063,1,1,1,13,7,4,30,1,0,1,0,56,1,37,706,37706,80,2009,JH2SC59049K1,J,H,2,S,C,5,9,0,4,9,K,1,0,0,0,000000000,00000000000,0,0,0,1,0,0,0,0,0,0,0,65,0,0,0,0,6,2,24,0,0,0,1,56,82901,6,1,0,0,3,3,69,165,0,0,0,3,1,9,2011,7,2014,3,0,0,0,0,1,2,45,3,6,2,1,0,0,14,12,1,1,4,6,1,1
56,560064,1,1,2,18,7,18,11,1,0,1,0,56,2,18,2,18002,4,1998,1G4HR52K4WH4,1,G,4,H,R,5,2,K,4,W,H,4,0,0,0,000000000,00000000000,0,0,0,1,0,0,0,0,0,0,0,65,0,1,5,0,6,2,1,0,0,0,1,56,82401,6,1,0,0,3,0,67,150,0,0,0,0,0,0,0,0,0,0,28,0,0,0,1,2,65,1,1,2,1,0,0,6,12,1,1,4,6,1,0
56,560065,1,1,1,20,7,5,29,31,0,1,0,56,2,7,482,7482,31,1999,3B7HF12Y6XG1,3,B,7,H,F,1,2,Y,6,X,G,1,0,0,0,000000000,00000000000,0,0,0,1,0,0,0,0,0,0,0,999,0,1,5,12,6,2,1,0,0,0,1,56,82609,6,1,0,0,3,0,72,160,1,0,0,1,0,4,2012,7,2013,0,58,0,0,0,1,2,40,1,1,2,1,0,0,1,13,1,1,4,1,1,1
56,560066,1,1,1,23,7,18,0,1,0,1,0,17,2,59,421,59421,15,2004,JTJHT00W0435,J,T,J,H,T,0,0,W,0,4,3,5,0,0,0,000000000,00000000000,0,0,0,1,0,0,0,0,0,0,0,999,0,1,5,0,6,2,1,0,0,0,1,17,62269,6,1,0,0,3,3,68,180,0,0,0,0,1,9,2012,9,2012,3,0,0,0,0,1,2,65,1,6,2,1,0,0,1,12,6,4,4,6,1,0
56,560067,1,2,2,23,7,21,44,12,1,1,0,56,1,20,481,20481,31,1996,1GCDT14X9TK2,1,G,C,D,T,1,4,X,9,T,K,2,0,0,0,000000000,00000000000,0,0,0,1,0,0,0,0,0,0,0,55,0,1,5,6,6,2,1,0,0,0,1,56,82301,6,1,0,0,3,0,63,130,0,0,0,1,0,5,2014,5,2014,0,0,0,0,0,3,2,75,1,1,2,1,0,0,1,53,1,1,1,25,1,1
56,560067,2,2,1,23,7,21,44,12,1,1,1,17,3,51,881,51881,66,2011,4V4NC9TJ7BN5,4,V,4,N,C,9,T,J,7,B,N,5,1,1,57,001998188,57001998188,3,6,1,1,0,0,0,0,0,0,0,75,0,0,0,12,4,3,12,0,0,0,1,17,60707,6,1,6,3,3,0,69,160,0,0,0,0,0,0,0,0,0,0,36,26,0,0,3,2,75,1,1,2,1,0,0,1,51,1,1,1,24,0,0
56,560068,1,1,1,4,7,1,5,1,0,1,0,92,0,98,734,98734,90,2005,4XAMH68A05A6,4,X,A,M,H,6,8,A,0,5,A,6,0,0,0,000000000,00000000000,0,0,0,1,0,0,0,0,0,0,0,999,0,9,1,0,2,3,1,0,0,0,1,56,83128,6,1,0,0,3,3,69,185,0,0,0,0,0,0,0,0,0,9,0,0,0,0,1,2,25,3,5,2,1,0,0,14,9,1,9,3,98,1,1
56,560069,1,4,1,27,7,12,50,12,6,1,0,6,1,72,706,72706,80,2007,1HD1FW4377Y6,1,H,D,1,F,W,4,3,7,7,Y,6,0,0,0,000000000,00000000000,0,0,0,1,0,0,0,0,0,0,0,45,0,0,0,12,6,2,12,0,0,0,1,6,90603,6,1,0,0,3,0,72,220,0,0,0,0,0,0,0,0,0,0,26,0,0,0,1,2,55,1,1,2,1,0,0,1,50,6,1,1,48,1,0
56,560069,2,4,1,27,7,12,50,12,6,1,0,6,2,72,706,72706,80,2006,1HD1GX13X6K3,1,H,D,1,G,X,1,3,X,6,K,3,0,0,0,000000000,00000000000,0,0,0,1,0,0,0,0,0,0,0,45,0,0,0,12,6,2,12,0,0,0,1,95,60150,6,1,99,0,9,9,999,999,99,99,99,99,99,99,9999,99,9999,0,84,0,0,0,1,2,55,1,1,2,1,0,0,1,50,6,1,2,98,0,0
56,560069,3,4,2,27,7,12,50,12,6,1,0,16,1,32,43,32043,4,2007,WAUAF78E87A1,W,A,U,A,F,7,8,E,8,7,A,1,0,0,0,000000000,00000000000,0,0,0,1,0,0,0,0,0,0,0,0,0,0,0,7,2,5,12,0,0,0,1,16,83401,6,1,0,0,3,0,75,280,0,0,0,1,0,3,2013,3,2013,0,0,0,0,0,1,2,55,1,1,2,1,0,0,5,53,1,1,1,48,0,0
56,560069,4,4,2,27,7,12,50,12,6,1,0,6,4,63,34,63034,4,2013,5XXGM4A77DG0,5,X,X,G,M,4,A,7,7,D,G,0,0,0,0,000000000,00000000000,0,0,0,1,0,0,0,0,0,0,0,40,0,0,0,12,6,2,12,0,0,0,1,25,2025,6,1,0,0,3,3,999,999,0,0,0,0,0,0,0,0,0,0,0,0,0,0,1,2,55,1,1,2,1,0,0,1,62,1,1,1,98,0,0
56,560070,1,1,1,27,7,22,3,35,0,1,0,56,1,23,481,23481,31,1996,2GTEK19R8T15,2,G,T,E,K,1,9,R,8,T,1,5,0,0,0,000000000,00000000000,0,0,0,1,0,0,0,0,0,0,0,89,0,1,5,14,6,2,1,0,0,0,1,56,82201,6,1,0,0,3,3,65,115,0,0,0,1,0,10,2012,10,2012,3,28,0,0,0,1,2,65,3,1,2,1,0,0,1,13,6,1,4,1,1,1
56,560071,1,1,1,21,7,13,39,1,0,1,0,8,2,37,703,37703,80,2009,JH2MD37169K1,J,H,2,M,D,3,7,1,6,9,K,1,0,0,0,000000000,00000000000,0,0,0,1,0,0,0,0,0,0,0,15,0,0,0,0,6,2,1,0,0,0,1,56,82009,6,1,0,0,3,0,70,185,0,0,0,0,0,0,0,0,0,0,0,0,0,0,1,2,55,3,1,2,1,0,0,14,13,1,9,4,1,1,0
56,560072,1,1,1,31,7,18,57,32,0,1,0,56,1,23,431,23431,16,2001,1GKEK13T91R1,1,G,K,E,K,1,3,T,9,1,R,1,0,0,0,000000000,00000000000,0,0,0,1,0,0,0,0,0,0,0,55,0,1,5,99,6,2,1,0,0,0,1,56,82901,6,1,0,0,3,0,73,175,0,0,0,1,0,6,2013,6,2013,9,0,0,0,0,1,2,45,3,1,2,1,0,0,14,13,1,1,4,1,1,1
56,560073,1,1,5,31,7,19,53,1,0,1,0,56,2,12,471,12471,30,1996,1FTCR15U8TPB,1,F,T,C,R,1,5,U,8,T,P,B,0,0,0,000000000,00000000000,0,0,0,1,0,0,0,0,0,0,0,999,0,1,5,0,6,2,1,0,0,0,1,56,82053,6,1,0,0,3,0,63,157,0,0,0,0,0,0,0,0,0,3,0,0,0,0,1,2,98,1,1,4,1,0,0,1,13,1,1,4,1,1,0
56,560074,1,1,4,4,8,3,0,58,0,1,0,46,2,7,442,7442,20,1999,1B4GT44L1XB5,1,B,4,G,T,4,4,L,1,X,B,5,0,0,0,000000000,00000000000,0,0,0,1,0,0,0,0,0,0,0,65,0,1,5,12,6,2,58,0,0,0,1,46,57702,6,1,0,0,3,0,68,140,0,0,0,2,0,3,2012,7,2012,0,28,0,0,0,1,2,65,1,1,2,1,0,0,1,12,1,1,4,6,3,0
56,560075,1,2,2,5,8,16,5,12,6,1,0,32,1,42,42,42042,4,2003,WDBRF61JX3F3,W,D,B,R,F,6,1,J,X,3,F,3,0,0,0,000000000,00000000000,0,0,0,1,0,0,0,0,0,0,0,10,0,0,0,9,6,2,12,0,0,0,1,17,60046,6,1,0,0,3,3,72,230,0,0,0,0,0,0,0,0,0,0,38,0,0,0,1,2,65,1,1,2,2,0,0,11,54,1,1,1,82,1,0
56,560075,2,2,1,5,8,16,5,12,6,1,0,31,3,82,881,82881,66,2013,1FVXFB009DDF,1,F,V,X,F,B,0,0,9,D,D,F,1,1,57,000260341,57000260341,3,6,1,1,0,0,0,0,0,0,0,55,7,0,0,12,6,2,12,0,0,0,1,46,57761,6,1,6,0,3,0,70,200,0,0,0,0,0,0,0,0,0,0,0,0,0,0,1,2,65,1,1,2,2,0,0,1,64,6,1,2,83,0,0
56,560076,1,2,1,8,8,16,57,12,6,1,0,46,2,20,421,20421,15,1999,1GNEK13R7XJ5,1,G,N,E,K,1,3,R,7,X,J,5,0,0,0,000000000,00000000000,0,0,0,1,0,0,0,0,0,0,0,999,0,1,5,11,6,2,1,0,0,0,1,46,57785,6,1,0,0,3,3,69,135,0,0,0,3,1,12,2012,6,2014,0,28,6,0,0,1,2,65,1,6,2,1,0,0,1,10,1,1,2,64,1,0
56,560076,2,2,3,8,8,16,57,12,6,1,0,56,1,7,482,7482,31,2003,3D7KU28673G7,3,D,7,K,U,2,8,6,7,3,G,7,0,0,0,000000000,00000000000,0,0,0,1,0,0,0,0,0,0,0,65,0,1,5,9,6,2,1,0,0,0,1,56,82053,6,1,0,0,3,3,60,165,0,0,0,0,0,0,0,0,0,0,0,0,0,0,1,2,65,1,5,2,1,0,0,1,62,7,1,1,65,0,0
56,560077,1,1,1,9,8,0,15,17,0,1,0,56,1,72,706,72706,80,2013,1HD1TC812DB9,1,H,D,1,T,C,8,1,2,D,B,9,0,0,0,000000000,00000000000,0,0,0,1,0,0,0,0,0,0,0,45,0,0,0,12,6,2,42,0,0,0,1,56,82601,6,1,6,0,3,3,76,260,0,0,0,0,0,0,0,0,0,0,0,0,0,0,1,2,40,2,5,2,1,0,0,14,12,1,1,4,6,1,0
56,560078,1,2,1,10,8,1,28,12,2,1,0,56,1,37,31,37031,4,2006,1HGFA16536L0,1,H,G,F,A,1,6,5,3,6,L,0,0,0,0,000000000,00000000000,0,0,0,1,0,0,0,0,0,0,0,113,0,0,0,12,6,2,12,0,0,0,1,56,82331,6,1,6,0,3,0,76,265,1,0,0,1,0,3,2012,3,2013,3,39,36,50,0,3,2,80,1,1,2,1,0,0,1,54,1,1,1,52,1,1
56,560078,2,2,1,10,8,1,28,12,2,1,0,56,0,6,51,6051,4,2001,2C3HE66G11H5,2,C,3,H,E,6,6,G,1,1,H,5,0,0,0,000000000,00000000000,0,0,0,1,0,0,0,0,0,0,0,60,0,0,0,12,6,2,12,0,0,1,1,56,82902,6,1,6,0,3,3,78,390,0,0,0,1,0,1,2013,1,2013,0,0,0,0,0,3,2,80,1,1,2,1,0,0,1,54,1,1,1,52,1,0
56,560079,1,1,1,10,8,2,15,59,0,1,0,56,1,49,471,49471,31,1993,JT4VN13D6P51,J,T,4,V,N,1,3,D,6,P,5,1,0,0,0,000000000,00000000000,0,0,0,1,0,0,0,0,0,0,0,80,0,1,5,2,6,2,1,0,0,0,1,29,64068,1,1,0,0,2,3,70,150,0,4,0,3,0,5,2013,10,2013,3,0,0,0,0,1,2,55,1,1,2,1,0,0,6,13,6,4,4,1,1,1
56,560080,1,2,1,10,8,15,15,12,6,1,0,8,1,72,706,72706,80,1996,1HD1FBR16TY6,1,H,D,1,F,B,R,1,6,T,Y,6,0,0,0,000000000,00000000000,0,0,0,1,0,0,0,0,0,0,0,65,0,0,0,12,6,2,12,0,0,0,1,8,80428,6,1,0,0,3,3,70,195,0,0,0,0,1,12,2013,12,2013,9,99,99,99,99,1,2,65,1,4,2,1,0,0,1,71,3,1,1,69,1,0
56,560080,2,2,1,10,8,15,15,12,6,1,0,4,1,23,421,23421,15,2005,3GKGK26G05G1,3,G,K,G,K,2,6,G,0,5,G,1,0,0,0,000000000,00000000000,0,0,0,1,0,0,0,0,0,0,0,15,0,0,0,4,6,2,12,0,0,0,1,4,85365,6,1,0,0,3,3,66,142,0,0,0,0,0,0,0,0,0,0,38,0,0,0,1,2,65,1,4,2,1,0,0,11,55,1,1,1,68,0,0
56,560081,1,2,1,10,8,15,4,12,6,1,0,8,1,76,706,76706,80,2007,JYARN20E17A0,J,Y,A,R,N,2,0,E,1,7,A,0,0,0,0,000000000,00000000000,0,0,0,1,0,0,0,0,0,0,0,42,0,0,0,12,6,2,12,0,0,0,1,56,82001,6,1,0,0,3,3,70,220,0,0,0,0,0,0,0,0,0,3,33,0,0,0,1,2,25,1,6,2,1,0,0,6,10,1,1,2,98,1,0
56,560081,2,2,1,10,8,15,4,12,6,1,0,56,1,20,421,20421,15,2001,1GNDT13W21K2,1,G,N,D,T,1,3,W,2,1,K,2,0,0,0,000000000,00000000000,0,0,0,1,0,0,0,0,0,0,0,999,0,0,0,9,6,2,12,0,0,0,1,56,82001,6,1,6,0,3,3,67,140,0,0,0,0,0,0,0,0,0,0,0,0,0,0,1,2,25,1,6,2,1,0,0,11,60,1,1,1,98,0,0
56,560082,1,1,1,12,8,12,42,1,0,1,0,13,2,2,403,2403,14,1990,2J4FY49T4LJ5,2,J,4,F,Y,4,9,T,4,L,J,5,0,0,0,000000000,00000000000,0,0,0,1,0,0,0,0,0,0,0,70,0,1,2,0,6,2,1,0,0,0,1,26,48328,9,9,99,9,9,9,67,180,99,99,99,99,99,99,9999,99,9999,0,0,0,0,0,2,2,80,2,5,2,1,0,0,14,1,1,1,4,98,1,0
56,560083,1,1,1,14,8,14,35,9,0,1,0,4,3,12,481,12481,31,2014,1FT7W2BT6EEB,1,F,T,7,W,2,B,T,6,E,E,B,0,0,0,000000000,00000000000,0,0,0,1,0,0,0,0,0,0,0,60,0,0,0,12,6,2,9,0,0,0,1,31,68521,0,0,0,0,0,0,71,195,0,0,0,0,0,0,0,0,0,0,28,0,0,0,1,2,65,1,1,2,1,0,0,1,11,1,1,4,13,0,0
56,560084,1,2,1,15,8,1,40,12,1,1,0,6,3,51,881,51881,66,2008,4V4NC9TG68N4,4,V,4,N,C,9,T,G,6,8,N,4,1,1,56,001134917,56001134917,3,6,1,1,0,0,0,0,0,0,0,71,0,0,0,12,4,3,12,0,0,0,1,41,97218,6,1,6,1,3,0,68,176,0,0,0,0,0,0,0,0,0,0,26,6,0,0,3,2,75,1,5,2,2,0,0,1,51,1,1,1,24,0,0
56,560084,2,2,2,15,8,1,40,12,1,1,0,17,1,7,461,7461,21,1997,2B6HB21X1VK5,2,B,6,H,B,2,1,X,1,V,K,5,0,0,0,000000000,00000000000,0,0,0,1,0,0,0,0,0,0,0,999,0,1,5,6,6,2,1,0,0,0,1,17,60622,6,1,0,0,3,3,69,175,0,0,0,0,0,0,0,0,0,0,0,0,0,0,3,2,75,1,5,2,2,0,0,1,53,1,1,1,25,1,0
56,560085,1,1,3,20,8,19,2,31,0,1,0,56,2,7,482,7482,31,2006,1D7HU18206S7,1,D,7,H,U,1,8,2,0,6,S,7,0,0,0,000000000,00000000000,0,0,0,1,0,0,0,0,0,0,0,80,0,2,3,99,6,2,1,0,0,0,1,56,82901,6,1,0,0,3,3,72,185,0,0,0,1,0,8,2012,8,2012,0,58,0,0,0,3,2,75,3,6,1,1,0,0,14,12,7,3,4,1,1,0
56,560086,1,2,1,25,8,12,52,12,8,1,0,56,1,12,481,12481,31,1994,1FTEX14H3RKA,1,F,T,E,X,1,4,H,3,R,K,A,0,0,0,000000000,00000000000,0,0,0,1,0,0,0,0,0,0,0,65,7,0,0,61,6,2,12,0,0,0,1,56,82718,6,1,0,0,3,3,66,218,0,0,0,0,0,0,0,0,0,0,28,0,0,0,1,2,65,1,1,2,1,0,0,1,1,7,1,2,64,1,0
56,560086,2,2,1,25,8,12,52,12,8,1,0,56,3,85,881,85881,66,2000,1XKWD49XXYR8,1,X,K,W,D,4,9,X,X,Y,R,8,1,1,56,000139071,56000139071,3,6,3,1,0,0,0,0,0,0,0,68,0,0,0,61,4,5,12,0,0,0,1,56,82716,6,1,6,1,3,0,70,165,0,0,0,1,0,9,2012,9,2012,0,0,0,0,0,1,2,65,1,1,2,1,0,0,1,62,7,1,2,65,0,0
56,560087,1,2,1,29,8,11,8,12,6,1,0,56,1,49,482,49482,31,2000,5TBBT4412YS0,5,T,B,B,T,4,4,1,2,Y,S,0,0,0,0,000000000,00000000000,0,0,0,1,0,0,0,0,0,0,0,65,0,0,0,11,6,2,12,0,0,0,1,51,23235,6,1,0,0,3,0,74,200,0,0,0,0,0,0,0,0,0,0,28,0,0,0,1,2,65,1,1,2,1,0,0,1,10,7,1,2,64,0,0
56,560087,2,2,1,29,8,11,8,12,6,1,0,8,2,77,706,77706,80,2013,5VPSW36N0D30,5,V,P,S,W,3,6,N,0,D,3,0,0,0,0,000000000,00000000000,0,0,0,1,0,0,0,0,0,0,0,65,0,0,0,12,6,2,12,0,0,0,1,8,80538,1,1,0,0,2,0,69,180,0,5,0,1,0,12,2011,8,2014,0,0,0,0,0,1,2,65,1,1,2,1,0,0,1,62,1,1,1,65,1,0
56,560088,1,1,1,26,8,23,0,34,0,1,0,8,1,12,37,12037,4,2002,1FAFP33P82W1,1,F,A,F,P,3,3,P,8,2,W,1,0,0,0,000000000,00000000000,0,0,0,1,0,0,0,0,0,0,0,60,0,0,0,12,6,2,35,0,0,0,1,8,80212,6,1,0,0,3,0,74,184,0,0,0,0,0,0,0,0,0,4,0,0,0,0,1,2,99,1,1,2,1,0,0,1,13,1,1,4,1,1,0
56,560089,1,1,1,1,9,0,15,8,0,1,0,56,2,7,24,7024,4,2011,2B3CM5CT4BH5,2,B,3,C,M,5,C,T,4,B,H,5,0,0,0,000000000,00000000000,0,0,0,1,0,0,0,0,0,0,0,65,0,0,0,12,6,2,8,0,0,0,1,56,82501,6,1,0,0,3,3,77,185,0,0,0,0,0,0,0,0,0,0,0,0,0,0,5,4,65,1,1,2,1,0,0,1,80,1,1,1,13,0,0