STATE,ST_CASE,VEH_NO,VE_FORMS,NUMOCCS,DAY,MONTH,HOUR,MINUTE,HARM_EV,MAN_COLL,UNITTYPE,HIT_RUN,REG_STAT,OWNER,MAKE,MODEL,MAK_MOD,BODY_TYP,MOD_YEAR,VIN,VIN_1,VIN_2,VIN_3,VIN_4,VIN_5,VIN_6,VIN_7,VIN_8,VIN_9,VIN_10,VIN_11,VIN_12,TOW_VEH,J_KNIFE,MCARR_I1,MCARR_I2,MCARR_ID,GVWR,V_CONFIG,CARGO_BT,HAZ_INV,HAZ_PLAC,HAZ_ID,HAZ_CNO,HAZ_REL,BUS_USE,SPEC_USE,EMER_USE,TRAV_SP,UNDERIDE,ROLLOVER,ROLINLOC,IMPACT1,DEFORMED,TOWED,M_HARM,VEH_SC1,VEH_SC2,FIRE_EXP,DR_PRES,L_STATE,DR_ZIP,L_STATUS,L_TYPE,CDL_STAT,L_ENDORS,L_COMPL,L_RESTRI,DR_HGT,DR_WGT,PREV_ACC,PREV_SUS,PREV_DWI,PREV_SPD,PREV_OTH,FIRST_MO,FIRST_YR,LAST_MO,LAST_YR,SPEEDREL,DR_SF1,DR_SF2,DR_SF3,DR_SF4,VTRAFWAY,VNUM_LAN,VSPD_LIM,VALIGN,VPROFILE,VPAVETYP,VSURCOND,VTRAFCON,VTCONT_F,P_CRASH1,P_CRASH2,P_CRASH3,PCRASH4,PCRASH5,ACC_TYPE,DEATHS,DR_DRINK
56,560090,1,1,3,4,9,6,50,31,0,1,0,53,1,7,422,7422,15,2008,1D8HD48N58F1,1,D,8,H,D,4,8,N,5,8,F,1,0,0,0,000000000,00000000000,0,0,0,1,0,0,0,0,0,0,0,91,0,2,3,99,6,2,1,0,0,0,1,53,98315,6,1,0,0,3,0,66,190,0,0,0,1,1,7,2013,1,2014,0,28,0,0,0,3,2,75,2,6,2,1,0,0,14,12,1,1,4,6,1,0
56,560091,1,1,1,5,9,16,33,9,0,1,0,56,3,84,881,84881,66,2006,1HSWCAAN16J3,1,H,S,W,C,A,A,N,1,6,J,3,1,1,56,000044952,56000044952,3,6,1,1,0,0,0,0,0,0,0,5,0,0,0,14,2,5,9,0,0,0,1,56,83002,6,1,6,1,3,3,73,250,0,0,0,0,0,0,0,0,0,0,0,0,0,0,1,2,25,1,1,2,1,20,3,1,83,1,1,1,13,0,0
56,560092,1,1,1,10,9,23,50,1,0,1,0,56,1,7,482,7482,31,2000,1B7KF23W2YJ1,1,B,7,K,F,2,3,W,2,Y,J,1,0,0,0,000000000,00000000000,0,0,0,1,0,0,0,0,0,0,0,65,0,2,5,0,6,2,1,0,0,0,1,56,82901,6,1,0,0,3,0,62,150,0,0,0,0,0,0,0,0,0,0,58,0,0,0,1,3,65,3,5,2,1,0,0,14,13,7,2,4,1,1,0
56,560093,1,1,1,12,9,16,45,31,0,1,0,56,1,23,421,23421,15,1998,1GKDT13W8W25,1,G,K,D,T,1,3,W,8,W,2,5,0,0,0,000000000,00000000000,0,0,0,1,0,0,0,0,0,0,0,999,0,1,5,81,6,2,1,0,0,0,1,56,82633,6,1,0,0,3,3,71,170,2,0,0,2,0,12,2011,12,2012,0,58,28,36,0,1,2,30,3,1,2,1,0,0,14,13,6,4,4,1,1,1
56,560094,1,1,1,14,9,7,7,8,0,1,0,56,2,23,481,23481,31,2005,1GTEK19Z55Z3,1,G,T,E,K,1,9,Z,5,5,Z,3,0,0,0,000000000,00000000000,0,0,0,1,0,0,0,0,0,0,0,25,0,0,0,12,2,3,8,0,0,0,1,56,82609,6,1,0,0,3,0,69,220,0,0,0,0,0,0,0,0,0,0,0,0,0,0,5,2,30,1,1,2,1,0,0,1,80,1,1,1,13,0,0
56,560095,1,1,1,15,9,4,50,31,0,1,0,56,2,12,421,12421,15,1987,1FMCU14T1HUA,1,F,M,C,U,1,4,T,1,H,U,A,0,0,0,000000000,00000000000,0,0,0,1,0,0,0,0,0,0,0,65,0,2,5,11,6,2,1,0,0,0,1,56,82431,1,1,1,0,2,0,72,195,0,2,2,1,1,11,2012,2,2014,0,0,0,0,0,1,2,50,1,1,2,1,0,0,1,12,1,1,4,6,1,1
56,560096,1,1,1,17,9,21,35,17,0,1,0,56,1,20,481,20481,31,1981,1GCEK14H9BF3,1,G,C,E,K,1,4,H,9,B,F,3,0,0,0,000000000,00000000000,0,0,0,1,0,0,0,0,0,0,0,50,0,1,5,11,6,2,1,0,0,0,1,56,82639,6,1,0,0,3,0,70,185,0,0,0,2,0,9,2011,11,2011,0,36,0,0,0,1,2,99,1,6,5,1,0,0,1,12,1,1,4,6,1,1
56,560097,1,2,1,20,9,19,9,12,2,1,0,38,1,12,481,12481,31,2006,1FTRF14W26NB,1,F,T,R,F,1,4,W,2,6,N,B,0,0,0,000000000,00000000000,0,0,0,1,0,0,0,0,0,0,0,65,0,0,0,12,6,2,12,0,0,0,1,8,80525,6,1,6,0,3,0,72,205,0,0,0,0,0,0,0,0,0,0,51,0,0,0,1,2,65,1,1,2,1,0,0,1,54,7,1,2,52,0,1
56,560097,2,2,2,20,9,19,9,12,2,1,0,56,2,49,472,49472,30,2007,5TELU42N37Z4,5,T,E,L,U,4,2,N,3,7,Z,4,0,0,0,000000000,00000000000,0,0,0,1,0,0,0,0,0,0,0,65,0,0,0,12,6,2,12,0,0,0,1,56,82718,1,1,0,0,2,0,72,165,1,1,1,2,1,2,2012,8,2014,0,84,0,0,0,1,2,65,1,1,2,1,0,0,1,54,6,1,2,52,1,1
56,560098,1,2,1,22,9,13,58,12,2,1,0,56,1,20,4,20004,2,2002,1G1YY22G7251,1,G,1,Y,Y,2,2,G,7,2,5,1,0,0,0,000000000,00000000000,0,0,0,1,0,0,0,0,0,0,0,65,0,0,0,12,6,2,12,0,0,0,1,56,82501,6,1,0,0,3,0,70,180,2,0,0,0,1,4,2012,7,2014,0,28,0,0,0,1,2,65,1,1,2,2,0,0,1,54,1,1,2,50,0,0
56,560098,2,2,1,22,9,13,58,12,2,1,0,56,1,20,37,20037,4,2003,1G1ND52J03M7,1,G,1,N,D,5,2,J,0,3,M,7,0,0,0,000000000,00000000000,0,0,0,1,0,0,0,0,0,0,0,55,0,0,0,12,6,2,12,0,0,0,1,56,82401,6,1,0,0,3,3,65,220,0,0,0,0,0,0,0,0,0,0,0,0,0,0,1,2,65,1,1,2,2,0,0,1,62,1,1,1,51,1,0
56,560099,1,2,2,23,9,20,0,12,6,1,0,56,1,63,34,63034,4,2008,KNAGE1230852,K,N,A,G,E,1,2,3,0,8,5,2,0,0,0,000000000,00000000000,0,0,0,1,0,0,0,0,0,0,0,65,0,0,0,3,6,2,12,0,0,0,1,56,82009,6,1,0,0,3,0,72,205,0,0,0,0,0,0,0,0,0,0,58,28,0,0,1,2,65,2,6,2,1,8,3,14,54,1,1,2,64,2,0
56,560099,2,2,1,23,9,20,0,12,6,1,0,56,3,87,881,87881,66,2001,1XP5DB9X01N5,1,X,P,5,D,B,9,X,0,1,N,5,1,1,57,000844114,57000844114,3,6,2,2,2,1267,3,1,0,0,0,65,7,0,0,12,6,2,12,0,0,0,1,56,82001,6,1,6,1,3,0,68,175,0,0,0,0,0,0,0,0,0,0,0,0,0,0,1,2,65,2,6,2,1,8,3,14,62,1,1,1,65,0,0
56,560100,1,2,1,23,9,21,10,12,6,1,0,56,0,20,422,20422,15,2013,1GNSKKE70DR2,1,G,N,S,K,K,E,7,0,D,R,2,0,0,0,000000000,00000000000,0,0,0,1,0,0,0,0,0,0,0,42,0,0,0,12,6,2,12,0,0,0,1,56,82214,6,1,0,0,3,0,73,255,0,0,0,0,0,0,0,0,0,0,0,0,0,0,3,2,80,1,1,2,1,0,0,1,64,2,1,1,77,1,0
56,560100,2,2,1,23,9,21,10,12,6,1,0,48,1,87,881,87881,66,2006,1XP5DB9XX6D6,1,X,P,5,D,B,9,X,X,6,D,6,1,1,57,000253212,57000253212,3,6,1,1,0,0,0,0,0,0,0,10,7,0,0,3,4,5,12,0,0,0,1,48,76033,6,1,6,1,3,1,71,400,0,0,0,1,0,3,2014,3,2014,0,38,0,0,0,3,2,80,1,1,2,1,0,0,11,53,1,1,1,76,0,0
56,560101,1,1,3,21,9,18,53,33,0,1,0,56,0,20,16,20016,4,2000,1G1JC5242Y73,1,G,1,J,C,5,2,4,2,Y,7,3,0,0,0,000000000,00000000000,0,0,0,1,0,0,0,0,0,0,0,80,0,0,0,14,6,2,19,0,0,0,1,56,82636,6,1,0,0,3,3,61,124,0,0,0,0,0,0,0,0,0,0,91,0,0,0,1,4,30,1,1,1,1,3,3,1,13,1,1,4,1,2,0
56,560102,1,1,1,24,9,22,53,8,0,1,0,56,1,23,421,23421,15,2005,1GKEK13V65R1,1,G,K,E,K,1,3,V,6,5,R,1,0,0,0,000000000,00000000000,0,0,0,1,0,0,0,0,0,0,0,30,0,0,0,12,4,5,8,0,0,0,1,56,82414,6,1,0,0,3,3,73,165,0,0,0,1,0,2,2014,2,2014,0,0,0,0,0,1,2,30,1,1,2,1,0,0,1,80,1,1,1,13,0,0
56,560103,1,1,3,10,9,19,2,30,0,1,0,56,0,20,471,20471,30,1996,1GCDT19W5T81,1,G,C,D,T,1,9,W,5,T,8,1,0,0,0,000000000,00000000000,0,0,0,1,0,0,0,0,0,0,0,70,0,0,0,12,6,2,42,0,0,0,1,56,82411,0,0,0,0,0,0,999,999,99,99,99,99,99,99,9999,99,9999,3,58,0,0,0,1,2,0,1,1,4,11,0,0,1,12,6,2,4,7,1,1
56,560104,1,1,1,3,10,22,55,31,0,1,0,56,3,12,442,12442,20,1998,2FMDA5148WBB,2,F,M,D,A,5,1,4,8,W,B,B,0,0,0,000000000,00000000000,0,0,0,1,0,0,0,0,0,0,0,105,0,1,5,12,6,2,1,0,0,0,1,56,82414,1,1,2,0,2,0,69,225,0,2,2,0,0,12,2011,7,2014,3,28,58,0,0,1,3,65,2,1,2,1,0,0,14,12,2,1,4,6,1,1
56,560105,1,2,1,4,10,14,50,1,0,1,0,56,3,12,881,12881,61,2000,1FDAF57F7YEA,1,F,D,A,F,5,7,F,7,Y,E,A,0,0,57,000737825,57000737825,2,1,2,1,0,0,0,0,0,0,0,25,0,0,0,8,2,5,12,42,0,0,1,56,83110,6,1,6,1,3,3,68,170,0,0,0,0,0,0,0,0,0,0,0,0,0,0,1,2,65,1,1,2,1,0,0,1,53,1,1,1,98,0,0
56,560105,2,2,1,4,10,14,50,1,0,1,0,95,1,72,706,72706,80,2012,1HD1KBM16CB6,1,H,D,1,K,B,M,1,6,C,B,6,0,0,0,000000000,00000000000,0,0,0,1,0,0,0,0,0,0,0,60,0,0,0,0,6,2,12,0,0,0,1,95,0,6,1,99,0,3,3,999,999,99,99,99,99,99,99,9999,99,9999,0,0,0,0,0,1,2,65,1,1,2,1,0,0,6,52,3,2,1,98,1,0
56,560106,1,1,3,4,10,5,46,1,0,1,0,56,2,48,38,48038,4,1997,JF1GC4350VH5,J,F,1,G,C,4,3,5,0,V,H,5,0,0,0,000000000,00000000000,0,0,0,1,0,0,0,0,0,0,0,999,0,2,5,0,6,2,1,0,0,0,1,56,82520,0,0,0,0,0,0,999,999,0,0,0,0,0,0,0,0,0,0,0,0,0,0,1,2,65,3,1,2,1,0,0,14,13,1,5,4,2,1,1
56,560107,1,1,1,5,10,20,40,1,0,1,0,56,1,7,482,7482,31,2006,3D7LX39C36G1,3,D,7,L,X,3,9,C,3,6,G,1,0,0,0,000000000,00000000000,0,0,0,1,0,0,0,0,0,0,0,65,0,2,5,0,6,2,1,0,0,0,1,56,82935,6,1,0,0,3,0,67,160,0,1,0,0,1,10,2011,5,2012,0,58,0,0,0,1,2,65,3,1,2,1,0,0,14,12,7,4,4,7,1,1
56,560108,1,1,1,12,10,0,3,24,0,1,0,56,1,20,481,20481,31,2003,1GCHK29143E1,1,G,C,H,K,2,9,1,4,3,E,1,0,0,0,000000000,00000000000,0,0,0,1,0,0,0,0,0,0,0,65,0,1,5,99,6,2,1,0,0,0,1,56,82434,6,1,0,0,3,3,72,195,0,0,0,0,0,0,0,0,0,0,58,0,0,0,1,2,65,3,1,2,1,0,0,14,13,7,3,4,2,1,1
56,560109,1,1,1,13,10,17,45,1,0,1,0,49,1,49,482,49482,31,2006,5TBET381X6S5,5,T,B,E,T,3,8,1,X,6,S,5,1,1,0,000000000,00000000000,0,0,0,1,0,0,0,0,0,0,0,70,0,2,1,0,6,2,1,0,0,0,1,49,84604,6,1,0,0,3,0,72,170,98,0,0,1,1,10,2013,7,2014,0,28,58,0,0,1,2,65,3,3,2,1,0,0,14,13,7,3,2,98,1,1
56,560110,1,1,2,15,10,22,45,1,0,1,0,56,1,23,481,23481,31,2009,1GTHK93639F1,1,G,T,H,K,9,3,6,3,9,F,1,0,0,0,000000000,00000000000,0,0,0,1,0,0,0,0,0,0,0,70,0,1,5,0,6,2,1,0,0,0,1,56,82435,6,1,0,0,3,0,74,200,0,0,0,2,0,4,2012,10,2013,4,28,58,0,0,1,2,65,3,3,2,1,0,0,14,12,6,4,4,7,1,1
56,560111,1,1,2,24,10,17,41,8,0,1,0,56,2,23,402,23402,14,2013,2GKFLZE39D62,2,G,K,F,L,Z,E,3,9,D,6,2,0,0,0,000000000,00000000000,0,0,0,1,0,0,0,0,0,0,0,55,0,0,0,12,6,2,8,0,0,0,1,56,82009,6,7,0,0,3,0,66,185,0,0,0,0,0,0,0,0,0,0,28,0,0,0,2,2,55,1,1,2,1,0,0,1,12,1,1,4,6,0,0
56,560112,1,2,1,28,10,16,28,12,2,1,0,56,0,98,701,98701,88,2005,LLCHSCA0X550,L,L,C,H,S,C,A,0,X,5,5,0,0,0,0,000000000,00000000000,0,0,0,1,0,0,0,0,0,0,0,999,0,0,0,12,6,2,12,0,0,0,1,56,82009,0,0,0,0,0,0,67,126,99,99,99,99,99,99,9999,99,9999,0,28,36,0,0,1,2,30,1,6,2,1,0,0,10,10,1,1,2,80,1,0
56,560112,2,2,2,28,10,16,28,12,2,1,0,56,2,41,51,41051,4,2005,JM1BK12FX513,J,M,1,B,K,1,2,F,X,5,1,3,0,0,0,000000000,00000000000,0,0,0,1,0,0,0,0,0,0,0,25,0,0,0,12,6,2,12,0,0,0,1,56,82007,3,1,0,0,2,0,66,130,0,0,0,1,0,10,2012,10,2012,0,0,0,0,0,1,2,30,1,6,2,1,0,0,1,62,1,1,1,81,0,0
56,560113,1,1,5,1,11,12,49,1,0,1,0,56,1,12,422,12422,15,2002,1FMRU15W72LA,1,F,M,R,U,1,5,W,7,2,L,A,0,0,0,000000000,00000000000,0,0,0,1,0,0,0,0,0,0,0,65,0,2,5,0,6,2,1,0,0,0,1,56,82001,6,1,0,0,3,0,59,165,0,0,0,1,0,6,2014,6,2014,0,58,0,0,0,1,2,65,1,1,2,1,0,0,1,13,7,1,4,1,1,0
56,560114,1,1,1,2,11,20,30,31,0,1,0,56,1,20,481,20481,31,1997,1GCGK29J1VE2,1,G,C,G,K,2,9,J,1,V,E,2,0,0,0,000000000,00000000000,0,0,0,1,0,0,0,0,0,0,0,65,0,1,1,99,6,2,1,0,0,0,1,56,82732,6,1,0,0,3,0,70,205,1,0,0,0,0,8,2012,8,2012,0,58,28,0,0,1,2,65,1,1,2,1,0,0,1,13,1,1,4,1,1,1
56,560115,1,3,2,8,11,14,55,1,0,1,0,18,3,82,881,82881,66,2011,1FUJGLDR6BSB,1,F,U,J,G,L,D,R,6,B,S,B,2,1,57,265752,57265752,3,7,1,1,0,0,0,0,0,0,0,76,0,1,3,0,6,2,12,0,0,0,1,49,84004,6,1,6,1,3,3,74,288,98,0,0,2,0,2,2012,11,2012,0,80,0,0,0,3,2,75,1,1,2,1,0,0,1,1,1,2,4,7,0,0
56,560115,2,3,1,8,11,14,55,1,0,1,0,19,1,20,443,20443,20,2005,1GNDV23E25D1,1,G,N,D,V,2,3,E,2,5,D,1,0,0,0,000000000,00000000000,0,0,0,1,0,0,0,0,0,0,0,75,0,0,0,8,6,2,12,0,0,0,1,19,52033,6,1,6,0,3,3,77,330,0,0,0,0,0,0,0,0,0,0,0,0,0,0,3,2,75,1,1,2,1,0,0,1,62,1,1,1,98,0,0
56,560115,3,3,3,8,11,14,55,1,0,1,0,56,2,7,442,7442,20,2013,2C4RDGCGXDR5,2,C,4,R,D,G,C,G,X,D,R,5,0,0,0,000000000,00000000000,0,0,0,1,0,0,0,0,0,0,0,75,0,0,0,12,6,2,12,0,0,0,1,56,82001,6,1,0,0,3,3,71,215,0,0,0,0,0,0,0,0,0,0,0,0,0,0,3,2,75,1,1,2,1,0,0,1,62,1,1,1,98,3,0
56,560116,1,2,1,13,11,19,45,12,6,1,0,56,1,20,37,20037,4,2001,1G1NE52J7162,1,G,1,N,E,5,2,J,7,1,6,2,0,0,0,000000000,00000000000,0,0,0,1,0,0,0,0,0,0,0,0,0,0,0,9,6,2,12,0,0,0,1,56,82930,6,1,0,0,3,0,72,190,0,0,0,0,0,0,0,0,0,0,87,28,54,0,1,2,65,1,6,2,4,0,0,1,5,1,3,2,66,1,0
56,560116,2,2,1,13,11,19,45,12,6,1,0,49,1,23,422,23422,15,2011,1GKS2HE3XBR2,1,G,K,S,2,H,E,3,X,B,R,2,0,0,0,000000000,00000000000,0,0,0,1,0,0,0,0,0,0,0,50,0,0,0,12,6,2,12,0,0,0,1,16,83122,6,1,0,0,3,0,65,165,0,0,0,0,0,0,0,0,0,0,87,84,54,0,1,2,65,1,6,2,4,0,0,1,62,1,1,1,66,0,0
56,560117,1,2,1,13,11,23,20,1,0,1,0,49,2,52,401,52401,14,2001,JA4MT31R71P0,J,A,4,M,T,3,1,R,7,1,P,0,0,0,0,000000000,00000000000,0,0,0,1,0,0,0,0,0,0,0,75,0,1,1,0,6,2,12,0,0,0,1,48,84104,6,1,0,0,3,0,999,999,0,0,0,0,0,0,0,0,0,0,87,0,0,0,2,2,75,1,1,2,4,0,0,1,6,1,4,7,98,1,0
56,560117,2,2,1,13,11,23,20,1,0,1,0,41,1,87,881,87881,66,2003,1XP7DB9X63D5,1,X,P,7,D,B,9,X,6,3,D,5,1,3,57,1039346,571039346,3,6,1,1,0,0,0,0,0,0,0,50,0,0,0,12,6,2,12,0,0,0,1,41,97236,6,1,6,0,3,0,70,240,0,0,0,0,0,0,0,0,0,0,87,84,54,0,2,2,75,1,1,2,4,0,0,3,62,4,1,1,98,0,0
56,560118,1,2,1,21,11,6,23,12,1,1,0,56,1,49,51,49051,4,2008,JTDBT9232812,J,T,D,B,T,9,2,3,2,8,1,2,0,0,0,000000000,00000000000,0,0,0,1,0,0,0,0,0,0,0,76,0,0,0,12,6,2,12,0,0,0,1,56,82070,6,1,0,0,3,0,72,200,2,0,0,0,0,10,2012,3,2013,3,0,0,0,0,2,2,65,1,6,2,1,0,0,1,51,1,1,1,24,1,0
56,560118,2,2,1,21,11,6,23,12,1,1,0,8,1,87,881,87881,66,1996,1XP5DB9X4TN3,1,X,P,5,D,B,9,X,4,T,N,3,1,1,57,003263180,57003263180,3,6,3,1,0,0,0,0,0,0,0,20,0,0,0,6,6,5,12,0,0,0,1,8,80512,6,1,6,0,3,3,72,280,0,0,0,1,1,3,2012,10,2013,0,0,0,0,0,2,2,65,1,6,2,1,0,0,10,53,1,1,1,27,0,0
56,560119,1,1,1,23,11,5,0,38,0,1,0,30,2,7,482,7482,31,2007,1D7HU18257S2,1,D,7,H,U,1,8,2,5,7,S,2,0,0,0,000000000,00000000000,0,0,0,1,0,0,0,0,0,0,0,50,0,1,5,99,6,2,1,0,0,0,1,56,82732,6,1,0,0,3,0,77,190,0,0,0,0,0,0,0,0,0,0,89,0,0,0,1,2,65,1,6,2,1,0,0,1,12,1,1,4,6,1,1
56,560120,1,2,1,21,11,13,38,12,6,1,0,56,1,12,471,12471,30,2011,1FTKR1ED8BPA,1,F,T,K,R,1,E,D,8,B,P,A,0,0,0,000000000,00000000000,0,0,0,1,0,0,0,0,0,0,0,15,0,0,0,10,6,2,12,0,0,0,1,56,82009,6,1,0,0,3,3,64,135,1,0,0,0,0,2,2012,2,2012,0,38,0,0,0,1,2,30,1,1,2,1,20,3,11,15,1,1,2,82,1,0
56,560120,2,2,1,21,11,13,38,12,6,1,0,56,1,23,481,23481,31,2008,1GTHK23K28F1,1,G,T,H,K,2,3,K,2,8,F,1,0,0,0,000000000,00000000000,0,0,0,1,0,0,0,0,0,0,0,43,0,0,0,12,6,2,12,0,0,0,1,56,82007,6,1,0,0,3,0,74,185,0,0,0,0,1,7,2014,7,2014,3,0,0,0,0,3,2,35,2,1,2,1,0,0,14,67,1,1,1,83,0,0
56,560121,1,2,2,25,11,17,35,12,6,1,0,56,1,12,481,12481,31,2012,1FTFW1EF5CFA,1,F,T,F,W,1,E,F,5,C,F,A,0,0,0,000000000,00000000000,0,0,0,1,0,0,0,0,0,0,0,50,0,0,0,12,6,2,12,0,0,0,1,56,83014,6,1,0,0,3,0,69,185,0,0,0,1,0,9,2012,9,2012,0,0,0,0,0,1,2,65,2,1,2,4,0,0,14,62,2,1,1,65,0,0
56,560121,2,2,1,25,11,17,35,12,6,1,0,56,1,64,32,64032,4,2002,KLAJB82Z32K7,K,L,A,J,B,8,2,Z,3,2,K,7,0,0,0,000000000,00000000000,0,0,0,1,0,0,0,0,0,0,0,39,0,0,0,3,6,2,12,0,0,0,1,56,82935,6,1,0,0,3,0,68,170,0,0,0,4,0,9,2012,12,2013,0,28,58,87,0,1,2,65,3,1,2,4,0,0,14,6,6,4,2,64,1,0
56,560122,1,2,1,25,11,19,35,12,6,1,0,30,2,20,403,20403,14,2003,1GNDT13S8322,1,G,N,D,T,1,3,S,8,3,2,2,0,0,0,000000000,00000000000,0,0,0,1,0,0,0,0,0,0,0,75,0,0,0,9,6,2,12,0,0,0,1,30,59072,6,1,0,0,3,0,68,135,98,0,0,0,0,0,0,0,0,4,28,0,0,0,2,4,75,1,1,2,4,0,0,1,6,1,4,4,64,1,0
56,560122,2,2,2,25,11,19,35,12,6,1,0,18,3,82,881,82881,66,2015,3AKJGLD50FSG,3,A,K,J,G,L,D,5,0,F,S,G,1,3,57,000264184,57000264184,3,6,1,1,0,0,0,0,0,0,0,55,0,0,0,12,6,2,12,0,0,0,1,8,80214,6,1,6,0,3,3,71,191,0,0,0,0,0,0,0,0,0,0,0,0,0,0,2,4,75,1,1,2,4,0,0,1,62,1,1,1,65,0,0
56,560123,1,1,3,25,11,22,30,1,0,1,0,40,3,12,461,12461,21,2012,1FBNE3BL3CDA,1,F,B,N,E,3,B,L,3,C,D,A,0,0,57,000211908,57000211908,2,20,22,1,0,0,0,0,0,0,0,999,0,1,5,0,6,2,1,0,0,0,1,6,92374,6,1,0,0,3,0,77,270,1,0,0,1,0,9,2012,11,2012,4,28,0,0,0,1,2,65,1,1,2,4,0,0,1,6,1,4,4,7,3,0
56,560124,1,3,2,13,11,7,46,12,6,1,0,56,2,20,431,20431,16,2001,3GNEC16T41G2,3,G,N,E,C,1,6,T,4,1,G,2,0,0,0,000000000,00000000000,0,0,0,1,0,0,0,0,0,0,0,15,7,0,0,1,6,2,12,0,0,0,1,56,82501,0,0,0,0,0,0,70,183,99,99,99,99,99,99,9999,99,9999,0,39,0,0,0,1,2,30,1,1,2,3,20,3,4,55,1,1,1,87,0,1
56,560124,2,3,1,13,11,7,46,12,6,1,0,56,1,18,7,18007,4,2004,2G4WS52J0412,2,G,4,W,S,5,2,J,0,4,1,2,0,0,0,000000000,00000000000,0,0,0,1,0,0,0,0,0,0,0,40,2,0,0,62,6,2,12,0,0,0,1,56,82501,6,1,0,0,3,0,58,120,0,0,0,0,0,0,0,0,0,0,0,0,0,0,1,4,45,1,1,2,3,0,0,1,66,1,1,1,86,1,0
56,560124,3,3,3,13,11,7,46,12,6,1,0,56,2,23,422,23422,15,2011,1GKS2MEF9BR2,1,G,K,S,2,M,E,F,9,B,R,2,0,0,0,000000000,00000000000,0,0,0,1,0,0,0,0,0,0,0,0,0,0,0,11,4,5,12,0,0,0,1,56,82501,2,1,0,0,2,0,64,135,0,1,1,0,1,4,2012,6,2012,0,0,0,0,0,1,2,30,1,1,2,3,20,3,5,62,1,1,1,98,0,0
56,560125,1,1,1,24,11,16,38,1,0,1,0,56,3,49,472,49472,30,2008,5TEUU42N78Z5,5,T,E,U,U,4,2,N,7,8,Z,5,0,0,0,000000000,00000000000,0,0,0,1,0,0,0,0,0,0,0,55,0,1,5,0,6,2,1,0,0,0,1,56,82649,6,1,0,0,3,0,71,195,0,0,0,0,0,0,0,0,0,0,0,0,0,0,1,2,0,1,1,5,1,0,0,1,12,6,4,4,6,1,0
56,560126,1,2,1,21,11,22,35,12,6,1,0,22,1,2,403,2403,14,1995,1J4FY29S0SP2,1,J,4,F,Y,2,9,S,0,S,P,2,0,0,0,000000000,00000000000,0,0,0,1,0,0,0,0,0,0,0,30,0,1,1,11,6,2,1,0,0,0,1,22,70583,4,1,0,0,2,0,77,290,0,0,0,0,0,0,0,0,0,0,0,0,0,0,5,2,30,1,1,2,1,0,0,1,62,1,1,1,69,1,1
56,560126,2,2,1,21,11,22,35,12,6,1,0,30,1,14,6,14006,4,1974,4Z63A544120,4,Z,6,3,A,5,4,4,1,2,0,,0,0,0,000000000,00000000000,0,0,0,1,0,0,0,0,0,0,0,1,0,0,0,11,6,2,12,0,0,0,1,30,59255,6,1,0,0,3,0,64,145,98,0,0,0,0,0,0,0,0,0,38,0,0,0,5,2,30,1,1,2,1,0,0,11,54,1,1,1,68,0,1
56,560127,1,1,1,4,12,22,37,1,0,1,0,56,2,20,28,20028,4,2012,1G1JC5SH5C41,1,G,1,J,C,5,S,H,5,C,4,1,0,0,0,000000000,00000000000,0,0,0,1,0,0,0,0,0,0,0,99,0,1,5,0,6,2,1,0,0,0,1,56,82432,6,1,0,0,3,0,72,280,0,0,0,0,0,0,0,0,0,3,58,0,0,0,1,3,65,1,5,2,1,0,0,1,13,6,4,4,1,1,1
56,560128,1,1,1,13,12,7,36,1,0,1,0,31,1,23,471,23471,30,1995,1GTDT19W9S85,1,G,T,D,T,1,9,W,9,S,8,5,0,0,0,000000000,00000000000,0,0,0,1,0,0,0,0,0,0,0,60,0,9,5,0,6,2,1,0,0,0,1,31,69358,6,1,0,0,3,0,65,200,0,0,0,0,0,0,0,0,0,3,0,0,0,0,1,2,35,1,1,2,4,0,0,1,13,1,9,4,1,1,0
56,560129,1,1,1,21,12,2,10,31,0,1,0,56,1,12,401,12401,14,2002,1FMZU73E32ZA,1,F,M,Z,U,7,3,E,3,2,Z,A,0,0,0,000000000,00000000000,0,0,0,1,0,0,0,0,0,0,0,80,0,1,3,99,6,2,1,0,0,0,1,56,82901,0,0,0,0,0,0,999,999,0,0,0,0,0,0,0,0,0,0,28,58,0,0,3,2,75,1,1,1,1,0,0,1,13,1,1,4,1,1,1
56,560130,1,1,3,21,12,21,5,1,0,1,0,56,1,12,401,12401,14,2001,1FMYU70E41UA,1,F,M,Y,U,7,0,E,4,1,U,A,0,0,0,000000000,00000000000,0,0,0,1,0,0,0,0,0,0,0,999,0,1,3,0,6,2,1,0,0,0,1,4,85225,0,0,0,0,0,0,75,260,0,0,0,0,0,0,0,0,0,4,28,0,0,0,3,2,80,1,1,2,4,0,0,1,6,1,4,4,7,1,0
56,560131,1,1,2,9,12,22,26,5,0,1,0,56,2,12,481,12481,31,2011,1FTFW1E66BFA,1,F,T,F,W,1,E,6,6,B,F,A,0,0,0,000000000,00000000000,0,0,0,1,0,0,0,0,0,0,0,25,0,0,0,0,0,3,5,0,0,0,1,56,82901,6,1,0,0,3,0,63,105,0,0,0,0,0,0,0,0,0,0,0,0,0,0,1,2,25,1,1,2,1,0,0,1,98,1,1,1,0,1,1