STATE,ST_CASE,VEH_NO,VE_FORMS,NUMOCCS,DAY,MONTH,HOUR,MINUTE,HARM_EV,MAN_COLL,UNITTYPE,HIT_RUN,REG_STAT,OWNER,MAKE,MODEL,MAK_MOD,BODY_TYP,MOD_YEAR,VIN,VIN_1,VIN_2,VIN_3,VIN_4,VIN_5,VIN_6,VIN_7,VIN_8,VIN_9,VIN_10,VIN_11,VIN_12,TOW_VEH,J_KNIFE,MCARR_I1,MCARR_I2,MCARR_ID,GVWR,V_CONFIG,CARGO_BT,HAZ_INV,HAZ_PLAC,HAZ_ID,HAZ_CNO,HAZ_REL,BUS_USE,SPEC_USE,EMER_USE,TRAV_SP,UNDERIDE,ROLLOVER,ROLINLOC,IMPACT1,DEFORMED,TOWED,M_HARM,VEH_SC1,VEH_SC2,FIRE_EXP,DR_PRES,L_STATE,DR_ZIP,L_STATUS,L_TYPE,CDL_STAT,L_ENDORS,L_COMPL,L_RESTRI,DR_HGT,DR_WGT,PREV_ACC,PREV_SUS,PREV_DWI,PREV_SPD,PREV_OTH,FIRST_MO,FIRST_YR,LAST_MO,LAST_YR,SPEEDREL,DR_SF1,DR_SF2,DR_SF3,DR_SF4,VTRAFWAY,VNUM_LAN,VSPD_LIM,VALIGN,VPROFILE,VPAVETYP,VSURCOND,VTRAFCON,VTCONT_F,P_CRASH1,P_CRASH2,P_CRASH3,PCRASH4,PCRASH5,ACC_TYPE,DEATHS,DR_DRINK
6,60696,1,1,1,2,5,20,50,8,0,1,0,6,1,49,40,49040,4,1991,1NXAE94A4MZ2,1,N,X,A,E,9,4,A,4,M,Z,2,0,0,0,000000000,00000000000,0,0,0,1,0,0,0,0,0,0,0,40,0,0,0,12,4,3,8,0,0,0,1,6,95206,6,1,0,0,3,0,62,110,0,0,0,0,0,0,0,0,0,0,0,0,0,0,6,2,65,1,6,2,1,0,0,1,80,1,1,1,13,0,0
6,60697,1,1,1,29,4,99,99,42,0,1,0,6,1,76,705,76705,80,2004,JYARJ08Y44A0,J,Y,A,R,J,0,8,Y,4,4,A,0,0,0,0,000000000,00000000000,0,0,0,1,0,0,0,0,0,0,0,999,0,0,0,98,6,2,42,0,0,0,1,6,95818,6,1,0,0,3,3,75,205,0,0,0,0,0,0,0,0,0,4,0,0,0,0,1,2,55,2,1,2,1,0,0,1,12,1,1,4,6,1,0
6,60698,1,1,1,2,5,18,19,8,0,1,0,6,1,7,482,7482,31,2006,3D7KR29C76G1,3,D,7,K,R,2,9,C,7,6,G,1,0,0,0,000000000,00000000000,0,0,0,1,0,0,0,0,0,0,0,30,0,0,0,12,2,3,8,0,0,0,1,6,91701,6,1,0,0,3,0,74,215,0,1,0,0,2,2,2012,2,2014,0,0,0,0,0,1,2,25,1,8,2,1,0,0,1,80,1,1,1,13,0,0
6,60699,1,2,1,21,4,5,30,12,6,1,0,6,1,37,32,37032,4,1999,1HGCG6653XA1,1,H,G,C,G,6,6,5,3,X,A,1,0,0,0,000000000,00000000000,0,0,0,1,0,0,0,0,0,0,0,998,0,0,0,61,6,2,12,0,0,0,1,6,93725,6,1,0,0,3,0,65,178,1,0,0,0,0,1,2013,1,2013,0,38,0,0,0,1,2,55,1,1,2,1,20,3,4,17,1,1,1,89,1,0
6,60699,2,2,1,21,4,5,30,12,6,1,0,6,1,12,481,12481,31,2002,1FTRX17222NA,1,F,T,R,X,1,7,2,2,2,N,A,0,0,0,000000000,00000000000,0,0,0,1,0,0,0,0,0,0,0,50,0,0,0,12,6,2,12,0,0,0,1,6,93609,6,1,0,0,3,0,72,182,0,0,0,0,0,0,0,0,0,0,0,0,0,0,1,2,55,1,1,2,1,0,0,1,66,1,1,1,88,0,0
6,60700,1,1,1,2,5,23,20,8,0,1,0,6,2,37,39,37039,5,2013,JHMGE8G32DC0,J,H,M,G,E,8,G,3,2,D,C,0,0,0,0,000000000,00000000000,0,0,0,1,0,0,0,0,0,0,0,65,0,0,0,12,6,2,8,0,0,0,1,6,91361,6,1,0,0,3,3,75,240,0,0,0,0,0,0,0,0,0,0,0,0,0,0,3,5,65,1,1,1,1,0,0,1,80,6,1,1,13,0,0
6,60701,1,1,1,30,3,4,58,33,0,1,0,5,1,55,41,55041,2,2013,KMHHT6KD1DU0,K,M,H,H,T,6,K,D,1,D,U,0,0,0,0,000000000,00000000000,0,0,0,1,0,0,0,0,0,0,0,100,0,0,0,98,6,2,42,0,0,0,1,6,93405,6,1,0,0,3,3,73,150,0,0,0,0,0,0,0,0,0,4,58,0,0,0,2,2,50,2,8,1,1,0,0,14,6,3,2,4,7,1,1
6,60702,1,1,1,2,5,12,47,35,0,1,0,4,2,7,472,7472,30,1996,1B7FL26X9TS6,1,B,7,F,L,2,6,X,9,T,S,6,0,0,0,000000000,00000000000,0,0,0,1,0,0,0,0,0,0,0,999,0,1,5,98,6,2,1,0,0,0,1,4,92225,6,1,0,0,3,0,69,312,0,0,0,0,0,0,0,0,0,0,48,0,0,0,1,2,55,1,1,2,1,0,0,1,12,99,1,4,6,1,0
6,60703,1,2,1,3,5,2,10,12,6,1,0,6,2,55,36,55036,3,2005,KMHCG35C75U3,K,M,H,C,G,3,5,C,7,5,U,3,0,0,0,000000000,00000000000,0,0,0,1,0,0,0,0,0,0,0,998,0,0,0,12,6,2,12,0,0,0,1,6,90057,1,1,0,0,2,0,67,170,0,0,0,0,1,3,2013,3,2013,0,39,0,0,0,1,5,30,1,8,2,1,3,3,1,17,1,1,1,88,0,1
6,60703,2,2,2,3,5,2,10,12,6,1,0,6,2,69,35,69035,2,2013,ZFF67NFA9E01,Z,F,F,6,7,N,F,A,9,E,0,1,0,0,0,000000000,00000000000,0,0,0,1,0,0,0,0,0,0,0,998,0,0,0,61,6,2,12,0,0,0,1,6,91780,6,1,0,0,3,0,68,120,0,0,0,0,2,9,2012,7,2013,0,0,0,0,0,1,5,30,1,8,2,1,3,3,1,66,1,1,1,89,1,0
6,60704,1,1,1,29,4,20,25,8,0,1,0,6,1,7,26,7026,4,2014,1C3CDZAB8EN2,1,C,3,C,D,Z,A,B,8,E,N,2,0,0,0,000000000,00000000000,0,0,0,1,0,0,0,0,0,0,0,998,0,0,0,12,4,3,8,0,0,0,1,6,92277,6,1,0,0,3,3,61,150,0,0,0,0,0,0,0,0,0,0,0,0,0,0,5,5,50,1,8,2,1,0,0,1,80,1,1,1,13,0,0
6,60705,1,1,3,30,4,7,30,32,0,1,0,98,3,20,37,20037,9,2012,999999999999,9,9,9,9,9,9,9,9,9,9,9,9,0,0,0,000000000,00000000000,0,0,0,1,0,0,0,0,0,0,0,45,0,1,6,98,6,2,32,0,0,0,1,6,95428,6,1,0,0,3,0,67,250,0,0,0,0,0,0,0,0,0,0,48,0,0,0,1,2,55,2,1,2,1,0,0,14,13,1,1,4,1,1,0
6,60706,1,1,2,2,5,19,45,1,0,1,0,6,1,7,482,7482,31,1996,3B7HF13Z2TG1,3,B,7,H,F,1,3,Z,2,T,G,1,0,0,0,000000000,00000000000,0,0,0,1,0,0,0,0,0,0,0,999,0,2,5,0,6,2,1,0,0,0,1,6,95928,6,1,0,0,3,0,75,200,0,1,0,2,1,9,2012,3,2014,0,48,0,0,0,1,2,55,3,6,4,1,0,0,14,12,1,7,4,7,1,1
6,60707,1,1,1,1,5,14,30,35,0,1,0,51,2,49,32,49032,4,1993,2T1AE04E5PC0,2,T,1,A,E,0,4,E,5,P,C,0,0,0,0,000000000,00000000000,0,0,0,1,0,0,0,0,0,0,0,999,0,0,0,12,4,3,35,0,0,0,1,6,90720,6,1,0,0,3,3,68,165,0,0,0,0,0,0,0,0,0,0,48,0,0,0,1,2,45,3,6,2,1,0,0,14,13,99,1,4,1,1,0
6,60708,1,2,1,1,5,20,39,12,1,1,0,6,1,18,20,18020,4,2003,2G4WB52K6312,2,G,4,W,B,5,2,K,6,3,1,2,0,0,0,000000000,00000000000,0,0,0,1,0,0,0,0,0,0,0,998,0,0,0,12,6,2,12,0,0,0,1,6,95050,6,1,0,0,3,3,62,150,0,0,0,0,0,0,0,0,0,0,99,99,99,99,2,2,45,8,8,8,1,0,0,1,51,1,1,1,24,1,0
6,60708,2,2,1,1,5,20,39,12,1,1,0,6,4,35,47,35047,4,2014,1N4AL3AP6EC2,1,N,4,A,L,3,A,P,6,E,C,2,0,0,0,000000000,00000000000,0,0,0,1,0,0,0,0,0,0,0,998,0,0,0,6,6,2,12,0,0,0,1,21,40509,6,1,0,0,3,0,66,180,0,0,0,0,0,0,0,0,0,0,0,0,0,0,2,2,45,8,8,8,1,0,0,1,53,1,1,1,25,0,0
6,60709,1,1,2,14,1,6,12,30,0,1,0,6,1,54,31,54031,3,1997,JH4DC2386VS0,J,H,4,D,C,2,3,8,6,V,S,0,0,0,0,000000000,00000000000,0,0,0,1,0,0,0,0,0,0,0,59,0,0,0,61,6,2,30,0,0,0,1,6,95404,6,1,0,0,3,0,65,135,0,0,0,1,1,6,2012,12,2013,4,39,91,0,0,5,3,35,3,1,2,1,0,0,6,6,99,2,4,2,1,0
6,60710,1,1,1,29,4,22,15,42,0,1,0,6,1,50,706,50706,80,2012,SMT920K18CT5,S,M,T,9,2,0,K,1,8,C,T,5,0,0,0,000000000,00000000000,0,0,0,1,0,0,0,0,0,0,0,998,0,0,0,98,6,2,42,0,0,0,1,6,95831,6,1,0,0,3,0,69,155,0,0,0,0,1,6,2013,6,2013,4,39,0,0,0,1,2,35,3,1,2,1,20,3,14,6,99,1,4,1,1,1
6,60711,1,1,4,3,5,2,47,1,0,1,0,6,2,49,422,49422,15,2005,5TDZT34A05S2,5,T,D,Z,T,3,4,A,0,5,S,2,0,0,0,000000000,00000000000,0,0,0,1,0,0,0,0,0,0,0,65,0,2,1,0,4,3,1,0,0,0,1,6,90201,0,0,0,0,0,0,69,155,0,1,0,0,0,8,2012,8,2012,0,48,0,0,0,3,5,65,1,5,1,1,0,0,1,9,1,3,2,98,1,1
6,60712,1,2,6,3,5,18,44,12,6,1,0,6,2,35,443,35443,20,1994,4N2DN11WXRD8,4,N,2,D,N,1,1,W,X,R,D,8,0,0,0,000000000,00000000000,0,0,0,1,0,0,0,0,0,0,0,999,0,0,0,81,6,2,12,0,0,0,1,6,93535,0,0,0,0,0,0,66,170,0,0,0,0,0,0,0,0,0,0,0,0,0,0,1,3,40,1,8,2,1,20,3,1,17,1,1,1,87,2,0
6,60712,2,2,1,3,5,18,44,12,6,1,0,6,1,55,33,55033,4,2012,5NPEB4AC3CH3,5,N,P,E,B,4,A,C,3,C,H,3,0,0,0,000000000,00000000000,0,0,0,1,0,0,0,0,0,0,0,999,0,0,0,12,6,2,12,0,0,0,1,6,93535,6,1,6,0,3,3,68,165,0,0,0,0,0,0,0,0,0,0,0,0,0,0,1,4,50,1,8,2,1,0,0,1,66,1,1,1,86,0,0
6,60713,1,1,1,19,2,18,40,9,0,1,0,6,1,12,3,12003,1,1995,1FALP4442SF1,1,F,A,L,P,4,4,4,2,S,F,1,0,0,0,000000000,00000000000,0,0,0,1,0,0,0,0,0,0,0,38,0,0,0,12,4,3,9,0,0,0,1,6,92410,6,1,0,0,3,0,61,127,0,0,0,0,0,0,0,0,0,0,0,0,0,0,5,5,50,1,8,2,1,0,0,1,83,99,1,1,13,0,0
6,60714,1,2,1,3,5,5,10,12,7,1,0,6,3,84,884,84884,63,2006,3HAMSADRX6L2,3,H,A,M,S,A,D,R,X,6,L,2,0,0,6,433403,06433403,3,2,96,1,0,0,0,0,0,0,0,55,0,0,0,81,4,3,12,0,0,0,1,6,90032,6,1,6,0,3,0,73,200,0,0,0,0,1,7,2011,7,2011,0,0,0,0,0,3,4,65,1,8,1,1,0,0,1,50,8,1,1,48,0,0
6,60714,2,2,1,3,5,5,10,12,7,1,0,6,6,49,402,49402,14,2001,JTEGH20V5100,J,T,E,G,H,2,0,V,5,1,0,0,0,0,0,000000000,00000000000,0,0,0,1,0,0,0,0,0,0,0,0,0,0,0,61,6,2,12,0,0,0,0,0,99997,7,6,97,7,6,7,998,997,998,998,998,998,998,98,9998,98,9998,8,0,0,0,0,3,4,65,1,8,1,1,0,0,0,98,0,0,0,48,1,0
6,60715,1,2,1,1,5,12,35,1,0,1,0,6,1,72,706,72706,80,2007,1HD1CT3387K4,1,H,D,1,C,T,3,3,8,7,K,4,0,0,0,000000000,00000000000,0,0,0,1,0,0,0,0,0,0,0,998,0,0,0,0,6,2,1,0,0,0,1,6,92392,1,1,0,0,2,3,71,185,0,1,0,0,0,3,2014,3,2014,0,99,99,99,99,1,4,50,1,8,8,1,3,3,11,15,99,1,1,98,1,0
6,60715,2,2,2,1,5,12,35,1,0,1,0,6,1,20,481,20481,31,1993,1GCDC14Z8PZ2,1,G,C,D,C,1,4,Z,8,P,Z,2,0,0,0,000000000,00000000000,0,0,0,1,0,0,0,0,0,0,0,998,0,0,0,12,2,5,12,0,0,0,1,6,92301,6,1,0,0,3,2,70,310,0,0,0,0,0,0,0,0,0,0,74,0,0,0,1,4,50,1,8,8,1,3,3,1,62,99,1,1,98,0,0
6,60716,1,1,1,26,2,18,39,8,0,1,1,6,1,12,401,12401,14,1998,1FMZU32E0WZA,1,F,M,Z,U,3,2,E,0,W,Z,A,0,0,0,000000000,00000000000,0,0,0,1,0,0,0,0,0,0,0,998,0,0,0,12,4,5,8,0,0,0,1,6,92054,1,1,0,0,2,0,75,180,1,2,1,0,0,8,2012,10,2012,0,0,0,0,0,1,2,25,1,1,1,1,28,3,1,80,4,1,1,13,0,0
6,60717,1,3,1,3,5,20,30,12,1,1,1,6,2,37,32,37032,2,2000,1HGCG2244YA0,1,H,G,C,G,2,2,4,4,Y,A,0,0,0,0,000000000,00000000000,0,0,0,1,0,0,0,0,0,0,0,85,0,0,0,12,6,2,12,0,0,0,1,6,95351,0,0,0,0,0,0,68,170,0,0,0,0,0,0,0,0,0,4,0,0,0,0,1,2,55,8,1,2,1,20,3,1,50,1,1,1,20,0,1
6,60717,2,3,2,3,5,20,30,12,1,1,0,6,1,30,46,30046,4,1999,WVWMA63B5XE2,W,V,W,M,A,6,3,B,5,X,E,2,0,0,0,000000000,00000000000,0,0,0,1,0,0,0,0,0,0,0,0,0,0,0,6,6,2,12,0,0,0,1,6,95307,6,1,0,0,3,3,68,202,0,0,0,0,0,0,0,0,0,0,0,0,0,0,1,2,55,8,1,2,1,20,3,5,53,1,1,1,21,1,0
6,60717,3,3,2,3,5,20,30,12,1,1,0,6,2,49,32,49032,4,2006,1NXBR30E06Z6,1,N,X,B,R,3,0,E,0,6,Z,6,0,0,0,000000000,00000000000,0,0,0,1,0,0,0,0,0,0,0,0,0,0,0,12,2,3,12,0,0,0,1,6,95355,6,1,6,0,3,0,71,170,0,0,0,0,0,0,0,0,0,0,0,0,0,0,1,2,55,8,1,2,1,20,3,5,62,1,1,1,98,0,0
6,60718,1,1,1,8,5,14,49,42,0,1,0,6,3,85,881,85881,66,1989,1XKDD29X0KJ5,1,X,K,D,D,2,9,X,0,K,J,5,0,0,57,518110,57518110,3,5,96,1,0,0,0,0,0,0,0,55,0,0,0,12,6,2,42,0,0,0,1,6,96001,6,1,6,0,3,0,74,160,0,0,0,0,0,0,0,0,0,0,0,0,0,0,1,2,55,1,1,2,1,0,0,1,13,6,9,4,12,1,0
6,60719,1,1,2,3,5,17,56,42,0,1,0,6,1,35,48,35048,2,2005,JN1AZ34D55M6,J,N,1,A,Z,3,4,D,5,5,M,6,0,0,0,000000000,00000000000,0,0,0,1,0,0,0,0,0,0,0,999,0,0,0,3,6,2,42,0,0,0,1,6,95404,6,1,0,0,3,0,69,270,0,0,0,1,0,11,2012,11,2012,4,0,0,0,0,1,2,55,1,5,2,1,0,0,1,6,1,4,4,7,1,1
6,60720,1,2,1,8,5,20,50,12,6,1,0,6,3,98,981,98981,52,2001,1N90401801A1,1,N,9,0,4,0,1,8,0,1,A,1,0,0,6,37363,0637363,3,21,22,1,0,0,0,0,6,3,0,998,0,0,0,12,6,2,12,0,0,0,1,6,93535,6,1,6,1,3,3,65,200,1,0,0,0,0,2,2012,2,2012,0,38,0,0,0,5,5,35,1,8,8,1,0,0,11,15,1,1,2,68,0,0
6,60720,2,2,1,8,5,20,50,12,6,1,0,6,1,72,706,72706,80,2008,1HD1JD5528Y0,1,H,D,1,J,D,5,5,2,8,Y,0,0,0,0,000000000,00000000000,0,0,0,1,0,0,0,0,0,0,0,998,0,0,0,61,6,2,12,0,0,1,1,6,91303,6,1,0,0,3,3,70,205,0,0,0,0,0,0,0,0,0,0,0,0,0,0,5,5,35,1,8,8,1,0,0,1,62,99,9,1,69,1,0
6,60721,1,6,1,3,5,21,53,12,1,1,0,6,1,53,706,53706,80,2011,JS1GT78A4B21,J,S,1,G,T,7,8,A,4,B,2,1,0,0,0,000000000,00000000000,0,0,0,1,0,0,0,0,0,0,0,85,0,0,0,12,6,2,54,0,0,0,1,6,93535,6,1,0,0,3,3,78,170,1,0,0,3,0,6,2012,1,2014,4,0,0,0,0,3,4,65,1,8,1,1,0,0,1,51,4,2,1,24,1,1
6,60721,2,6,1,3,5,21,53,12,1,1,0,6,1,76,705,76705,80,2004,JYARJ06Y64A0,J,Y,A,R,J,0,6,Y,6,4,A,0,0,0,0,000000000,00000000000,0,0,0,1,0,0,0,0,0,0,0,85,0,0,0,98,6,2,12,0,0,0,1,6,93535,6,1,0,0,3,0,65,125,1,0,0,1,0,8,2013,1,2014,0,0,0,0,0,3,4,65,1,8,1,1,0,0,1,53,99,1,1,98,0,0
6,60721,3,6,3,3,5,21,53,12,1,1,1,6,1,35,443,35443,20,2000,4N2XN11TXYD8,4,N,2,X,N,1,1,T,X,Y,D,8,0,0,0,000000000,00000000000,0,0,0,1,0,0,0,0,0,0,0,65,0,0,0,6,2,3,12,0,0,0,1,6,90262,6,1,0,0,3,0,65,145,1,0,0,0,1,3,2013,5,2013,0,0,0,0,0,3,4,65,1,8,1,1,0,0,1,53,99,1,1,25,0,0
6,60721,4,6,1,3,5,21,53,12,1,1,1,99,9,99,999,99999,99,9999,999999999999,9,9,9,9,9,9,9,9,9,9,9,9,0,0,0,000000000,00000000000,0,0,0,1,0,0,0,0,0,0,0,999,0,0,0,6,9,5,54,0,0,0,1,99,99999,9,9,99,9,9,9,999,999,99,99,99,99,99,99,9999,99,9999,0,0,0,0,0,3,4,65,1,8,1,1,0,0,1,98,99,1,1,98,0,0
6,60721,5,6,1,3,5,21,53,12,1,1,1,99,9,99,999,99999,99,9999,999999999999,9,9,9,9,9,9,9,9,9,9,9,9,0,0,0,000000000,00000000000,0,0,0,1,0,0,0,0,0,0,0,999,0,0,0,99,9,5,54,0,0,0,1,99,99999,9,9,99,9,9,9,999,999,99,99,99,99,99,99,9999,99,9999,0,0,0,0,0,3,4,65,1,8,1,1,0,0,1,98,99,1,1,98,0,0
6,60721,6,6,2,3,5,21,53,12,1,1,0,6,1,24,401,24401,14,2004,5GZCZ63474S8,5,G,Z,C,Z,6,3,4,7,4,S,8,0,0,0,000000000,00000000000,0,0,0,1,0,0,0,0,0,0,0,60,0,0,0,12,4,3,12,0,0,0,1,6,93550,6,1,0,0,3,0,67,273,0,0,0,1,0,3,2014,3,2014,0,0,0,0,0,3,4,65,1,8,1,1,0,0,1,60,99,1,1,98,0,0
6,60722,1,1,1,3,5,18,20,8,0,1,0,6,1,39,34,39034,4,2002,SAJDA03P22GM,S,A,J,D,A,0,3,P,2,2,G,M,0,0,0,000000000,00000000000,0,0,0,1,0,0,0,0,0,0,0,998,0,0,0,12,2,3,8,0,0,0,1,34,92081,6,1,0,0,3,3,70,150,0,0,0,0,0,0,0,0,0,0,38,0,0,0,1,2,98,1,8,2,1,2,3,11,80,99,1,1,13,0,0
6,60723,1,2,2,8,5,21,15,12,7,1,0,6,1,20,471,20471,30,1995,1GCCS1445S82,1,G,C,C,S,1,4,4,5,S,8,2,0,0,0,000000000,00000000000,0,0,0,1,0,0,0,0,0,0,0,998,0,2,2,83,6,2,1,0,0,0,1,6,96064,1,1,0,0,2,0,68,148,1,0,0,0,0,1,2014,1,2014,0,35,0,0,0,1,2,55,1,1,2,2,0,0,6,11,7,1,2,46,1,1
6,60723,2,2,2,8,5,21,15,12,7,1,0,6,1,63,402,63402,14,2013,5XYKW4A25DG3,5,X,Y,K,W,4,A,2,5,D,G,3,0,0,0,000000000,00000000000,0,0,0,1,0,0,0,0,0,0,0,55,0,0,0,62,2,5,12,0,0,0,1,6,95901,6,1,0,0,3,0,62,160,0,0,0,0,0,0,0,0,0,0,0,0,0,0,1,2,55,1,1,2,2,0,0,1,60,1,1,1,45,0,0
6,60724,1,1,1,4,5,5,12,14,0,1,0,6,2,59,32,59032,4,1995,JT8UF22E4S00,J,T,8,U,F,2,2,E,4,S,0,0,0,0,0,000000000,00000000000,0,0,0,1,0,0,0,0,0,0,0,70,0,0,0,12,6,2,14,0,0,0,1,6,94544,1,1,0,0,2,0,66,270,0,0,0,0,2,1,2013,1,2013,0,48,0,0,0,3,3,65,3,8,2,1,0,0,14,13,99,1,4,11,1,0
6,60725,1,1,2,3,5,22,25,8,0,1,0,6,1,20,431,20431,16,2001,3GNGK26GX1G1,3,G,N,G,K,2,6,G,X,1,G,1,0,0,0,000000000,00000000000,0,0,0,1,0,0,0,0,0,0,0,49,0,0,0,12,4,3,8,0,0,0,1,6,92673,6,1,0,0,3,0,64,112,1,0,0,0,0,3,2012,3,2012,0,0,0,0,0,2,4,55,8,8,1,1,2,3,1,80,1,1,1,13,0,1
6,60726,1,1,1,9,5,23,8,8,0,1,0,6,1,54,37,54037,2,1997,19UYA2257VL0,1,9,U,Y,A,2,2,5,7,V,L,0,0,0,0,000000000,00000000000,0,0,0,1,0,0,0,0,0,0,0,39,0,0,0,12,4,3,8,0,0,0,1,6,91776,6,1,0,0,3,3,68,135,0,0,0,0,0,0,0,0,0,0,0,0,0,0,2,2,50,1,1,1,1,0,0,1,80,1,1,1,13,0,0
6,60727,1,2,1,10,5,1,17,12,6,1,0,6,1,7,482,7482,31,2007,1D7HA18277S2,1,D,7,H,A,1,8,2,7,7,S,2,0,0,0,000000000,00000000000,0,0,0,1,0,0,0,0,0,0,0,63,0,0,0,12,6,2,12,0,0,0,1,6,93631,6,1,0,0,3,0,70,160,0,0,0,0,0,0,0,0,0,0,39,0,0,0,1,3,55,1,1,2,1,3,3,1,17,1,1,1,83,0,1
6,60727,2,2,1,10,5,1,17,12,6,1,0,6,1,49,32,49032,4,1995,2T1AE04B7SC1,2,T,1,A,E,0,4,B,7,S,C,1,0,0,0,000000000,00000000000,0,0,0,1,0,0,0,0,0,0,0,999,0,0,0,62,6,2,12,0,0,0,1,6,93618,6,1,0,0,3,3,68,160,0,0,0,0,0,0,0,0,0,9,0,0,0,0,1,3,55,1,1,2,1,3,3,11,66,1,1,1,82,1,0
6,60728,1,1,1,4,5,99,99,1,0,1,0,6,1,42,44,42044,1,2004,WDBSK75F24F0,W,D,B,S,K,7,5,F,2,4,F,0,0,0,0,000000000,00000000000,0,0,0,1,0,0,0,0,0,0,0,38,0,2,6,0,6,2,1,0,0,0,1,6,94941,6,1,0,0,3,3,72,210,0,0,0,1,1,10,2012,7,2013,4,48,0,0,0,1,2,35,2,6,8,1,0,0,14,12,99,1,4,6,1,0
6,60729,1,1,1,4,5,99,99,30,0,1,0,92,0,37,703,37703,80,1986,JH2MC1318GK1,J,H,2,M,C,1,3,1,8,G,K,1,0,0,0,000000000,00000000000,0,0,0,1,0,0,0,0,0,0,0,999,0,0,0,12,4,3,30,0,0,0,1,6,93535,3,1,0,0,2,0,70,180,0,0,0,0,0,0,0,0,0,0,48,0,0,0,1,2,55,1,8,1,1,0,0,1,13,99,1,4,1,1,1
6,60730,1,1,1,10,5,13,0,33,0,1,1,99,9,99,999,99999,99,9999,999999999999,9,9,9,9,9,9,9,9,9,9,9,9,0,0,0,000000000,00000000000,0,0,0,1,0,0,0,0,0,0,0,999,0,0,0,98,9,5,8,99,99,0,1,99,99999,9,9,99,9,9,9,999,999,99,99,99,99,99,99,9999,99,9999,4,0,0,0,0,1,2,35,1,8,8,1,0,0,1,13,99,9,4,1,0,0
6,60731,1,1,2,5,5,9,20,8,0,1,0,6,2,84,881,84881,62,2000,1HTSCABM8YH2,1,H,T,S,C,A,B,M,8,Y,H,2,0,0,6,0435926,060435926,2,1,1,1,0,0,0,0,0,0,0,998,0,0,0,12,2,5,8,0,0,0,1,6,90280,6,1,0,0,3,0,73,170,1,2,1,0,1,8,2011,9,2013,0,0,0,0,0,3,8,35,1,8,8,1,2,3,11,80,99,1,1,13,0,0
6,60732,1,1,3,5,5,21,31,8,0,1,0,6,1,42,42,42042,4,2009,WDDGF54X69F3,W,D,D,G,F,5,4,X,6,9,F,3,0,0,0,000000000,00000000000,0,0,0,1,0,0,0,0,0,0,0,40,0,0,0,12,2,5,8,0,0,0,1,6,91801,6,1,0,0,3,0,68,175,0,0,0,0,1,5,2013,5,2013,0,0,0,0,0,2,3,45,1,8,2,1,0,0,1,80,1,1,1,13,0,0
6,60733,1,1,1,3,5,21,8,8,0,1,1,6,1,2,404,2404,14,1997,1J4FX58S2VC7,1,J,4,F,X,5,8,S,2,V,C,7,0,0,0,000000000,00000000000,0,0,0,1,0,0,0,0,0,0,0,55,0,0,0,12,4,3,8,0,0,0,1,6,95350,6,1,0,0,3,0,67,150,0,0,0,0,0,0,0,0,0,0,91,38,0,0,5,7,30,8,8,2,1,0,0,1,80,98,1,1,13,0,1
6,60734,1,1,4,10,5,22,45,8,0,1,0,6,1,37,31,37031,2,1997,1HGEJ8245VL0,1,H,G,E,J,8,2,4,5,V,L,0,0,0,0,000000000,00000000000,0,0,0,1,0,0,0,0,0,0,0,38,0,0,0,12,4,3,8,0,0,0,1,6,95076,6,1,0,0,3,0,66,175,0,0,0,0,0,0,0,0,0,0,0,0,0,0,1,2,40,1,8,2,1,0,0,1,80,1,1,1,13,0,0
6,60735,1,1,1,6,5,15,30,35,0,1,0,53,1,72,706,72706,80,2013,1HD1KBM18DB6,1,H,D,1,K,B,M,1,8,D,B,6,0,0,0,000000000,00000000000,0,0,0,1,0,0,0,0,0,0,0,43,0,0,0,12,6,2,35,0,0,0,1,53,98604,6,1,6,0,3,0,70,190,0,0,0,0,0,0,0,0,0,0,28,0,0,0,1,2,55,2,6,2,1,0,0,14,12,99,1,4,6,1,1
6,60736,1,1,1,9,5,14,58,35,0,1,0,6,1,42,47,42047,2,2005,WDBTJ65JX5F1,W,D,B,T,J,6,5,J,X,5,F,1,0,0,0,000000000,00000000000,0,0,0,1,0,0,0,0,0,0,0,998,0,0,0,12,6,2,35,0,0,0,1,6,93940,6,1,0,0,3,3,67,131,0,0,0,0,0,0,0,0,0,0,48,0,0,0,1,2,25,1,8,1,1,0,0,1,13,1,1,4,1,1,0
6,60737,1,1,1,10,5,23,5,8,0,1,0,6,2,35,47,35047,4,2012,1N4AL2AP4CN5,1,N,4,A,L,2,A,P,4,C,N,5,0,0,0,000000000,00000000000,0,0,0,1,0,0,0,0,0,0,0,43,0,0,0,12,6,5,8,0,0,0,1,6,92028,6,1,0,0,3,0,67,170,0,0,0,0,0,0,0,0,0,0,0,0,0,0,1,2,55,1,1,2,1,0,0,1,80,1,1,1,13,0,0
6,60738,1,1,2,3,5,99,99,35,0,1,0,6,2,76,734,76734,90,2012,5Y4AM36Y2CA1,5,Y,4,A,M,3,6,Y,2,C,A,1,1,1,0,000000000,00000000000,0,0,0,1,0,0,0,0,0,0,0,999,0,1,6,98,6,2,3,0,0,0,1,6,92243,0,0,0,0,0,0,71,157,0,1,0,0,0,9,2012,9,2012,4,0,0,0,0,1,2,55,1,8,5,1,20,3,1,14,1,1,4,14,1,1