STATE,ST_CASE,VEH_NO,VE_FORMS,NUMOCCS,DAY,MONTH,HOUR,MINUTE,HARM_EV,MAN_COLL,UNITTYPE,HIT_RUN,REG_STAT,OWNER,MAKE,MODEL,MAK_MOD,BODY_TYP,MOD_YEAR,VIN,VIN_1,VIN_2,VIN_3,VIN_4,VIN_5,VIN_6,VIN_7,VIN_8,VIN_9,VIN_10,VIN_11,VIN_12,TOW_VEH,J_KNIFE,MCARR_I1,MCARR_I2,MCARR_ID,GVWR,V_CONFIG,CARGO_BT,HAZ_INV,HAZ_PLAC,HAZ_ID,HAZ_CNO,HAZ_REL,BUS_USE,SPEC_USE,EMER_USE,TRAV_SP,UNDERIDE,ROLLOVER,ROLINLOC,IMPACT1,DEFORMED,TOWED,M_HARM,VEH_SC1,VEH_SC2,FIRE_EXP,DR_PRES,L_STATE,DR_ZIP,L_STATUS,L_TYPE,CDL_STAT,L_ENDORS,L_COMPL,L_RESTRI,DR_HGT,DR_WGT,PREV_ACC,PREV_SUS,PREV_DWI,PREV_SPD,PREV_OTH,FIRST_MO,FIRST_YR,LAST_MO,LAST_YR,SPEEDREL,DR_SF1,DR_SF2,DR_SF3,DR_SF4,VTRAFWAY,VNUM_LAN,VSPD_LIM,VALIGN,VPROFILE,VPAVETYP,VSURCOND,VTRAFCON,VTCONT_F,P_CRASH1,P_CRASH2,P_CRASH3,PCRASH4,PCRASH5,ACC_TYPE,DEATHS,DR_DRINK
6,60779,2,2,2,4,5,16,7,12,6,1,0,6,2,37,31,37031,2,1997,1HGEJ8247VL0,1,H,G,E,J,8,2,4,7,V,L,0,0,0,0,000000000,00000000000,0,0,0,1,0,0,0,0,0,0,0,998,0,0,0,81,6,2,12,0,0,0,1,6,93646,6,1,0,0,3,3,66,195,1,0,0,1,0,3,2013,4,2014,0,0,0,0,0,1,2,55,1,1,2,1,20,3,11,15,99,1,1,68,1,0
6,60780,1,1,1,14,5,21,50,8,0,1,1,6,1,49,32,49032,4,2013,5YFBU4EEXDP1,5,Y,F,B,U,4,E,E,X,D,P,1,0,0,0,000000000,00000000000,0,0,0,1,0,0,0,0,0,0,0,63,0,0,0,12,4,5,8,0,0,0,1,6,92231,6,1,0,0,3,0,69,187,0,0,0,0,0,0,0,0,0,0,48,0,0,0,2,2,65,4,8,1,1,0,0,14,13,7,1,4,13,0,0
6,60781,1,1,2,20,5,13,54,33,0,1,0,6,1,37,706,37706,80,2004,JH2SC57154M0,J,H,2,S,C,5,7,1,5,4,M,0,0,0,0,000000000,00000000000,0,0,0,1,0,0,0,0,0,0,0,70,0,0,0,12,6,2,42,0,0,0,1,6,95678,6,1,0,0,2,0,69,142,1,0,0,2,1,4,2013,1,2014,4,48,0,0,0,2,2,45,2,5,2,1,0,0,14,12,1,1,4,6,1,0
6,60782,1,1,1,14,5,22,15,9,0,1,0,6,2,12,37,12037,4,2003,1FAFP34P33W3,1,F,A,F,P,3,4,P,3,3,W,3,0,0,0,000000000,00000000000,0,0,0,1,0,0,0,0,0,0,0,998,0,0,0,12,4,3,9,0,0,0,1,6,92504,6,1,0,0,3,3,67,130,1,0,0,0,0,7,2013,7,2013,0,0,0,0,0,2,3,55,1,8,8,1,0,0,1,83,99,1,1,13,0,0
6,60783,1,1,1,21,5,4,21,8,0,1,1,99,9,99,999,99999,99,9999,999999999999,9,9,9,9,9,9,9,9,9,9,9,9,0,0,0,000000000,00000000000,0,0,0,1,0,0,0,0,0,0,0,999,0,0,0,14,9,5,8,0,0,0,1,99,99999,9,9,99,9,9,9,999,999,99,99,99,99,99,99,9999,99,9999,0,0,0,0,0,2,3,50,1,1,1,1,0,0,1,80,3,2,1,13,0,0
6,60784,1,2,5,22,5,8,5,12,6,1,0,6,1,37,32,37032,4,1998,1HGCG1653WA0,1,H,G,C,G,1,6,5,3,W,A,0,0,0,0,000000000,00000000000,0,0,0,1,0,0,0,0,0,0,0,998,0,0,0,61,6,2,12,0,0,0,1,6,93619,6,1,0,0,3,0,67,150,0,0,0,0,1,1,2014,1,2014,0,38,0,0,0,1,2,55,1,8,8,1,20,3,11,15,1,1,1,82,1,0
6,60784,2,2,2,22,5,8,5,12,6,1,0,6,3,12,881,12881,61,2006,1FDXW46P76EA,1,F,D,X,W,4,6,P,7,6,E,A,1,1,6,359003,06359003,2,4,97,1,0,0,0,0,0,0,0,55,0,0,0,12,6,2,12,0,0,0,1,6,93702,6,1,0,0,3,0,66,210,0,0,0,0,0,0,0,0,0,0,0,0,0,0,1,3,55,1,8,2,1,0,0,1,67,6,1,1,83,0,0
6,60785,1,1,2,17,5,15,47,1,0,1,0,6,2,37,706,37706,80,1986,JHFSC121XGA3,J,H,F,S,C,1,2,1,X,G,A,3,0,0,0,000000000,00000000000,0,0,0,1,0,0,0,0,0,0,0,999,0,0,0,0,6,2,1,0,0,0,1,6,96001,6,1,0,0,3,0,74,240,0,0,0,0,1,8,2012,8,2012,0,48,0,0,0,1,2,55,3,1,2,1,0,0,1,9,9,2,4,98,2,1
6,60786,1,1,2,22,5,15,10,14,0,1,0,6,1,2,404,2404,14,2000,1J4GW48N1YC3,1,J,4,G,W,4,8,N,1,Y,C,3,0,0,0,000000000,00000000000,0,0,0,1,0,0,0,0,0,0,0,73,0,0,0,12,6,2,14,0,0,0,1,6,93727,6,1,0,0,3,3,67,165,0,0,0,0,0,0,0,0,0,4,0,0,0,0,3,3,70,1,1,2,1,0,0,1,12,6,1,4,6,1,0
6,60787,1,2,1,17,5,16,10,12,6,1,0,6,1,48,38,48038,6,2006,JF1GG67666H8,J,F,1,G,G,6,7,6,6,6,H,8,0,0,0,000000000,00000000000,0,0,0,1,0,0,0,0,0,0,0,998,0,0,0,61,6,2,12,0,0,0,1,6,94118,6,1,0,0,3,3,67,143,0,0,0,0,0,0,0,0,0,0,38,0,0,0,1,3,55,2,8,1,1,20,3,11,15,1,1,1,82,1,0
6,60787,2,2,4,17,5,16,10,12,6,1,0,6,1,20,481,20481,31,2001,1GCEC19W01Z1,1,G,C,E,C,1,9,W,0,1,Z,1,0,0,0,000000000,00000000000,0,0,0,1,0,0,0,0,0,0,0,55,0,0,0,12,4,3,12,0,0,0,1,6,95386,6,1,0,0,3,3,70,250,0,1,0,3,1,3,2012,3,2014,0,0,0,0,0,1,3,55,3,8,1,1,0,0,14,67,2,1,1,83,0,0
6,60788,1,1,1,17,5,20,18,8,0,1,1,99,9,99,999,99999,99,9999,999999999999,9,9,9,9,9,9,9,9,9,9,9,9,0,0,0,000000000,00000000000,0,0,0,1,0,0,0,0,0,0,0,999,0,0,0,12,4,5,8,0,0,0,1,99,99999,9,9,99,9,9,9,999,999,99,99,99,99,99,99,9999,99,9999,0,29,0,0,0,2,2,40,1,5,1,1,0,0,1,13,99,1,4,1,0,0
6,60789,1,1,1,14,5,22,47,8,0,1,0,6,1,12,3,12003,1,2003,1FAFP44433F3,1,F,A,F,P,4,4,4,3,3,F,3,0,0,0,000000000,00000000000,0,0,0,1,0,0,0,0,0,0,0,998,0,0,0,12,2,5,8,0,0,0,1,6,92376,6,1,0,0,3,3,69,175,0,0,0,2,0,6,2013,3,2014,0,0,0,0,0,5,5,40,1,6,1,1,0,0,1,80,99,1,1,13,0,0
6,60790,1,2,3,15,5,20,46,12,6,1,0,6,2,6,41,6041,4,1998,2C3HD46J4WH1,2,C,3,H,D,4,6,J,4,W,H,1,0,0,0,000000000,00000000000,0,0,0,1,0,0,0,0,0,0,0,998,0,0,0,4,6,2,12,0,0,0,1,6,90001,0,0,0,0,0,0,69,130,0,0,0,0,0,0,0,0,0,0,38,0,0,0,1,7,50,1,1,2,1,3,3,11,15,99,1,1,68,1,0
6,60790,2,2,1,15,5,20,46,12,6,1,0,6,1,73,706,73706,80,1991,JKAZXBC11MB5,J,K,A,Z,X,B,C,1,1,M,B,5,0,0,0,000000000,00000000000,0,0,0,1,0,0,0,0,0,0,0,999,0,0,0,12,6,2,12,0,0,0,1,6,93550,6,1,0,0,3,0,72,215,1,0,0,0,1,11,2011,7,2012,0,0,0,0,0,1,7,50,1,1,2,1,3,3,1,66,99,1,1,69,1,0
6,60791,1,1,1,16,5,1,15,14,0,1,0,6,1,49,48,49048,5,2006,JTKKT6245601,J,T,K,K,T,6,2,4,5,6,0,1,0,0,0,000000000,00000000000,0,0,0,1,0,0,0,0,0,0,0,998,0,1,9,81,6,2,1,0,0,0,1,16,83814,6,1,0,0,3,0,62,115,1,0,0,1,0,12,2011,4,2013,0,28,48,0,0,5,3,30,8,8,2,1,0,0,1,13,99,1,4,11,1,1
6,60792,1,1,1,18,5,18,10,1,0,1,0,6,2,72,706,72706,80,2008,1HD1KB4338Y6,1,H,D,1,K,B,4,3,3,8,Y,6,0,0,0,000000000,00000000000,0,0,0,1,0,0,0,0,0,0,0,95,0,0,0,0,6,2,1,0,0,0,1,6,92886,6,1,0,0,3,0,72,225,0,0,0,0,0,0,0,0,0,4,48,58,0,0,1,2,55,1,6,2,1,0,0,6,6,7,7,4,98,1,1
6,60793,1,2,1,23,5,8,14,12,6,1,0,96,1,73,705,73705,80,1988,JKAEXVA10JA0,J,K,A,E,X,V,A,1,0,J,A,0,0,0,0,000000000,00000000000,0,0,0,1,0,0,0,0,0,0,0,998,0,0,0,12,6,2,12,0,0,0,1,96,0,0,0,0,0,0,0,69,260,99,99,99,99,99,99,9999,99,9999,4,57,0,0,0,1,4,25,1,1,2,1,0,0,1,60,9,2,1,71,1,0
6,60793,2,2,1,23,5,8,14,12,6,1,0,6,3,82,881,82881,66,2005,1FUJA6CK45LN,1,F,U,J,A,6,C,K,4,5,L,N,1,1,57,1549720,571549720,3,6,1,1,0,0,0,0,0,0,0,13,0,0,0,3,4,5,12,0,0,0,1,6,92506,6,1,6,0,3,0,62,157,4,1,0,2,3,2,2012,4,2014,0,0,0,0,0,1,4,25,1,1,2,1,0,0,10,16,1,1,1,70,0,0
6,60794,1,1,1,18,5,20,48,8,0,1,0,6,2,54,35,54035,4,2003,19UUA56653A0,1,9,U,U,A,5,6,6,5,3,A,0,0,0,0,000000000,00000000000,0,0,0,1,0,0,0,0,0,0,0,998,0,0,0,12,4,3,8,0,0,0,1,6,92376,1,1,0,0,2,0,60,103,0,1,0,1,0,3,2012,11,2012,0,0,0,0,0,5,7,45,1,8,2,1,0,0,1,80,1,1,1,13,0,0
6,60795,1,2,1,6,2,13,8,12,6,1,0,6,2,2,404,2404,14,1997,1J4FX58S8VC6,1,J,4,F,X,5,8,S,8,V,C,6,0,0,0,000000000,00000000000,0,0,0,1,0,0,0,0,0,0,0,999,0,0,0,12,6,2,12,0,0,0,1,6,92284,6,1,0,0,3,0,66,200,0,0,0,0,0,0,0,0,0,0,0,0,0,0,1,2,50,1,1,2,1,0,0,1,66,1,1,1,86,0,0
6,60795,2,2,2,6,2,13,8,12,6,1,0,30,1,12,401,12401,14,1984,1FMCU14SXEUA,1,F,M,C,U,1,4,S,X,E,U,A,0,0,0,000000000,00000000000,0,0,0,1,0,0,0,0,0,0,0,998,0,0,0,81,6,2,12,0,0,0,1,6,92284,6,1,0,0,3,3,70,225,0,0,0,0,0,0,0,0,0,0,38,0,0,0,1,2,50,1,1,2,1,20,3,1,17,1,1,1,87,2,0
6,60796,1,1,1,22,5,13,7,33,0,1,0,6,1,12,401,12401,14,1999,1FMZU34E2XZA,1,F,M,Z,U,3,4,E,2,X,Z,A,0,0,0,000000000,00000000000,0,0,0,1,0,0,0,0,0,0,0,70,0,2,5,98,6,2,1,0,0,0,1,6,93436,6,1,0,0,3,3,60,156,0,0,0,0,0,0,0,0,0,0,0,0,0,0,2,2,70,1,8,2,1,0,0,1,1,99,2,4,2,1,0
6,60797,1,2,1,25,5,7,38,12,1,1,0,6,1,42,401,42401,14,2013,4JGDA5JB2DA2,4,J,G,D,A,5,J,B,2,D,A,2,0,0,0,000000000,00000000000,0,0,0,1,0,0,0,0,0,0,0,68,0,0,0,12,6,2,12,0,0,0,1,6,92128,6,1,0,0,3,0,71,145,0,0,0,0,0,0,0,0,0,4,0,0,0,0,3,6,65,1,8,2,1,0,0,15,51,1,1,2,24,0,0
6,60797,2,2,2,25,5,7,38,12,1,1,0,6,1,12,3,12003,2,1998,1FAFP42XXWF1,1,F,A,F,P,4,2,X,X,W,F,1,0,0,0,000000000,00000000000,0,0,0,1,0,0,0,0,0,0,0,60,0,0,0,6,6,2,12,0,0,0,1,6,90044,6,1,0,0,3,0,67,180,1,1,0,0,1,11,2011,3,2014,0,0,0,0,0,3,6,65,1,8,2,1,0,0,1,53,1,1,1,25,1,0
6,60798,1,1,1,21,5,23,20,23,0,1,0,48,1,37,32,37032,2,2002,1HGCG32532A0,1,H,G,C,G,3,2,5,3,2,A,0,0,0,0,000000000,00000000000,0,0,0,1,0,0,0,0,0,0,0,999,0,0,0,98,6,2,23,0,0,0,1,48,90041,6,1,0,0,3,3,72,150,0,0,0,0,3,2,2012,9,2012,0,48,0,0,0,6,1,65,3,8,8,1,20,3,14,13,1,1,4,1,1,1
6,60799,1,2,1,25,5,18,55,12,6,1,0,6,1,49,38,49038,3,1989,JT2EL31G8K03,J,T,2,E,L,3,1,G,8,K,0,3,0,0,0,000000000,00000000000,0,0,0,1,0,0,0,0,0,0,0,998,0,0,0,12,4,5,12,0,0,0,1,6,91745,6,1,0,0,3,3,64,145,0,0,0,0,0,0,0,0,0,0,38,0,0,0,1,6,35,1,8,2,1,3,3,11,15,99,1,1,68,0,0
6,60799,2,2,3,25,5,18,55,12,6,1,0,6,1,37,31,37031,2,2010,2HGFG1B83AH5,2,H,G,F,G,1,B,8,3,A,H,5,0,0,0,000000000,00000000000,0,0,0,1,0,0,0,0,0,0,0,998,0,0,0,61,6,2,8,0,0,0,1,6,92802,6,1,0,0,3,0,68,130,0,0,0,1,3,10,2012,2,2013,0,0,0,0,0,1,6,35,1,8,2,1,3,3,1,17,1,1,1,69,0,0
6,60800,1,2,2,23,5,10,55,12,1,1,0,32,1,72,706,72706,80,2014,1HD1KEL3XEB6,1,H,D,1,K,E,L,3,X,E,B,6,0,0,0,000000000,00000000000,0,0,0,1,0,0,0,0,0,0,0,58,0,0,0,12,6,2,12,0,0,0,1,32,89521,6,1,0,0,3,0,68,220,0,0,0,0,0,0,0,0,0,4,0,0,0,0,1,2,55,1,8,2,1,0,0,1,51,1,1,1,24,0,0
6,60800,2,2,2,23,5,10,55,12,1,1,0,32,1,72,709,72709,80,2009,1HD1FC4179Y6,1,H,D,1,F,C,4,1,7,9,Y,6,0,0,0,000000000,00000000000,0,0,0,1,0,0,0,0,0,0,0,38,0,0,0,6,6,2,12,0,0,0,1,32,89436,6,1,0,0,3,3,73,210,0,0,0,0,0,0,0,0,0,0,0,0,0,0,1,2,55,1,8,2,1,0,0,1,53,4,1,1,25,1,0
6,60801,1,1,1,21,5,13,57,1,0,1,0,6,1,72,706,72706,80,1997,1HD1GHL30VY3,1,H,D,1,G,H,L,3,0,V,Y,3,0,0,0,000000000,00000000000,0,0,0,1,0,0,0,0,0,0,0,999,0,0,0,0,6,2,1,0,0,0,1,6,96022,6,1,0,0,3,3,70,205,0,0,0,0,0,0,0,0,0,0,48,0,0,0,1,2,55,3,8,2,1,40,3,14,13,3,2,4,1,1,0
6,60802,1,1,1,23,5,21,22,9,0,1,0,6,1,37,32,37032,4,2000,1HGCG6652YA0,1,H,G,C,G,6,6,5,2,Y,A,0,0,0,0,000000000,00000000000,0,0,0,1,0,0,0,0,0,0,0,45,0,0,0,12,6,2,9,0,0,0,1,6,93291,6,1,0,0,3,0,67,179,0,0,0,0,1,3,2013,3,2013,0,0,0,0,0,1,2,55,1,1,8,1,0,0,1,83,1,1,1,13,0,0
6,60803,1,1,2,24,5,9,43,35,0,1,0,6,2,49,471,49471,30,1989,JT4VN01G3K20,J,T,4,V,N,0,1,G,3,K,2,0,0,0,0,000000000,00000000000,0,0,0,1,0,0,0,0,0,0,0,50,0,1,6,12,6,2,1,0,0,0,1,6,95215,6,1,0,0,3,0,67,115,1,0,0,0,1,6,2013,12,2013,0,48,0,0,0,1,2,55,3,6,2,1,0,0,14,13,2,1,4,1,1,0
6,60804,1,1,1,23,5,12,7,33,0,1,0,6,1,41,471,41471,30,1990,JM2UF323XL09,J,M,2,U,F,3,2,3,X,L,0,9,0,0,0,000000000,00000000000,0,0,0,1,0,0,0,0,0,0,0,998,0,1,6,98,6,2,33,0,0,0,1,6,92555,6,1,0,0,3,0,70,210,0,0,0,0,0,0,0,0,0,0,39,0,0,0,1,2,45,1,1,2,1,20,3,1,9,4,2,4,14,1,1
6,60805,1,1,1,24,5,10,50,1,0,1,0,6,1,2,404,2404,14,1996,1J4GZ78Y1TC3,1,J,4,G,Z,7,8,Y,1,T,C,3,0,0,0,000000000,00000000000,0,0,0,1,0,0,0,0,0,0,0,999,0,1,6,0,6,2,1,0,0,0,1,6,95919,6,1,0,0,3,0,67,146,0,2,1,0,0,4,2012,10,2012,4,0,0,0,0,1,2,55,3,8,2,1,40,3,14,13,1,1,4,1,1,0
6,60806,1,1,1,24,5,17,55,35,0,1,0,6,1,72,706,72706,80,2001,1HD1BMY391Y0,1,H,D,1,B,M,Y,3,9,1,Y,0,0,0,0,000000000,00000000000,0,0,0,1,0,0,0,0,0,0,0,999,0,0,0,98,6,2,35,0,0,0,1,6,95407,6,1,0,0,3,3,70,240,2,0,0,0,0,11,2011,6,2013,4,0,0,0,0,1,2,55,2,8,2,1,40,3,14,12,1,1,4,6,1,1
6,60807,1,1,1,18,5,21,1,8,0,1,0,6,1,49,471,49471,30,1993,JT4RN82P1P50,J,T,4,R,N,8,2,P,1,P,5,0,0,0,0,000000000,00000000000,0,0,0,1,0,0,0,0,0,0,0,998,0,0,0,9,2,5,8,0,0,0,1,6,92115,1,1,0,0,2,3,65,161,0,1,0,0,0,2,2013,2,2013,0,31,0,0,0,1,2,25,1,8,2,1,0,0,98,98,1,1,4,98,1,0
6,60808,1,1,1,24,5,99,99,33,0,1,0,6,1,49,482,49482,31,2006,5TBET34146S5,5,T,B,E,T,3,4,1,4,6,S,5,0,0,0,000000000,00000000000,0,0,0,1,0,0,0,0,0,0,0,998,0,1,6,98,6,2,33,0,0,0,1,6,91342,1,1,0,0,2,0,69,185,0,1,0,0,0,3,2013,3,2013,0,48,0,0,0,3,4,65,8,8,1,1,0,0,1,13,1,1,4,1,1,0
6,60809,1,1,1,25,5,2,5,1,0,1,0,6,1,72,706,72706,80,2011,1HD1GX438BC3,1,H,D,1,G,X,4,3,8,B,C,3,0,0,0,000000000,00000000000,0,0,0,1,0,0,0,0,0,0,0,998,0,0,0,0,4,3,1,0,0,0,1,6,92117,6,1,8,0,3,0,69,200,1,0,0,0,0,6,2013,6,2013,4,48,0,0,0,2,4,35,2,8,1,1,0,0,1,6,3,2,2,98,1,0
6,60810,1,1,2,18,5,99,99,1,0,1,0,6,1,54,38,54038,3,2002,JH4DC538X2C0,J,H,4,D,C,5,3,8,X,2,C,0,0,0,0,000000000,00000000000,0,0,0,1,0,0,0,0,0,0,0,999,0,2,5,0,6,2,1,0,0,0,1,6,91764,6,1,0,0,3,0,67,195,1,0,0,0,0,10,2013,10,2013,0,48,0,0,0,1,2,30,3,8,2,1,0,0,14,13,1,1,4,1,2,0
6,60811,1,2,1,25,5,13,20,12,2,1,0,6,1,51,47,51047,4,2001,YV1RS58D2120,Y,V,1,R,S,5,8,D,2,1,2,0,0,0,0,000000000,00000000000,0,0,0,1,0,0,0,0,0,0,0,40,0,0,0,12,6,2,12,0,0,0,1,6,95437,6,1,0,0,3,0,61,120,0,0,0,0,0,0,0,0,0,0,28,0,0,0,1,2,45,2,5,2,1,0,0,1,10,1,1,2,50,1,0
6,60811,2,2,2,25,5,13,20,12,2,1,0,53,1,12,481,12481,31,2000,1FTNW21F9YED,1,F,T,N,W,2,1,F,9,Y,E,D,0,0,0,000000000,00000000000,0,0,0,1,0,0,0,0,0,0,0,40,0,0,0,12,6,2,12,0,0,0,1,53,98532,6,1,0,0,3,0,70,180,0,0,0,0,0,0,0,0,0,0,0,0,0,0,1,2,45,2,1,2,1,0,0,14,62,7,1,1,51,0,0
6,60812,1,1,4,25,5,13,25,42,0,1,0,6,2,12,481,12481,31,2001,1FTRX17W81NA,1,F,T,R,X,1,7,W,8,1,N,A,0,0,0,000000000,00000000000,0,0,0,1,0,0,0,0,0,0,0,53,0,1,6,12,6,2,42,0,0,0,1,6,95204,1,1,0,0,2,0,66,200,0,0,0,0,0,0,0,0,0,0,48,91,0,0,1,2,55,8,8,2,1,0,0,1,12,1,1,4,6,1,1
6,60813,1,1,1,19,5,7,56,42,0,1,0,6,1,42,42,42042,2,2004,WDBRN40J74A5,W,D,B,R,N,4,0,J,7,4,A,5,0,0,0,000000000,00000000000,0,0,0,1,0,0,0,0,0,0,0,58,0,0,0,12,6,2,42,0,0,0,1,6,92562,6,1,0,0,3,3,65,135,0,0,0,0,0,0,0,0,0,0,48,0,0,0,1,2,55,3,5,2,1,0,0,14,13,99,1,4,1,1,0
6,60814,1,1,2,23,5,2,14,8,0,1,0,17,3,82,881,82881,66,2009,1FUJA6CK09LA,1,F,U,J,A,6,C,K,0,9,L,A,1,1,57,1062707,571062707,3,6,1,1,0,0,0,0,0,0,0,55,0,0,0,12,2,5,8,0,0,0,1,6,95348,6,1,6,0,3,0,70,175,1,0,0,0,0,11,2011,11,2011,0,0,0,0,0,2,2,55,1,8,2,1,0,0,1,80,1,1,1,13,0,0
6,60815,1,1,1,26,5,13,25,42,0,1,0,96,1,49,40,49040,4,1990,JT2SV21E7L33,J,T,2,S,V,2,1,E,7,L,3,3,0,0,0,000000000,00000000000,0,0,0,1,0,0,0,0,0,0,0,998,0,0,0,12,6,2,42,0,0,0,1,96,0,9,9,99,9,9,9,63,120,99,99,99,99,99,99,9999,99,9999,0,48,0,0,0,2,3,35,1,8,2,1,0,0,1,13,99,9,4,5,1,0
6,60816,1,1,3,26,5,4,45,34,0,1,0,6,2,49,32,49032,4,1999,1NXBR12E6XZ2,1,N,X,B,R,1,2,E,6,X,Z,2,0,0,0,000000000,00000000000,0,0,0,1,0,0,0,0,0,0,0,999,0,0,0,98,6,2,34,0,0,0,1,6,92083,6,1,0,0,3,0,67,165,0,0,0,0,0,0,0,0,0,0,48,0,0,0,1,2,55,1,1,2,1,0,0,1,13,1,1,4,1,1,0
6,60817,1,1,1,28,5,20,49,8,0,1,0,6,1,42,48,42048,4,2012,WDDHF5KB9CA5,W,D,D,H,F,5,K,B,9,C,A,5,0,0,0,000000000,00000000000,0,0,0,1,0,0,0,0,0,0,0,998,0,0,0,10,2,3,8,0,0,0,1,6,91202,6,1,0,0,3,0,60,120,1,0,0,0,0,4,2013,4,2013,0,38,0,0,0,1,2,25,1,1,1,1,20,3,11,80,1,1,1,13,0,0
6,60818,1,1,1,27,5,22,20,8,0,1,0,6,1,12,481,12481,31,1994,1FTHX25G7RKA,1,F,T,H,X,2,5,G,7,R,K,A,0,0,0,000000000,00000000000,0,0,0,1,0,0,0,0,0,0,0,998,0,0,0,12,2,5,8,0,0,0,1,6,90255,6,1,6,0,3,0,71,288,1,0,0,0,0,7,2011,7,2011,0,38,0,0,0,2,3,40,1,8,2,1,0,0,1,80,99,1,1,13,0,0
6,60819,1,1,1,24,5,5,45,41,0,1,0,6,2,12,23,12023,4,2008,3FAHP07Z28R1,3,F,A,H,P,0,7,Z,2,8,R,1,0,0,0,000000000,00000000000,0,0,0,1,0,0,0,0,0,0,0,999,0,1,6,98,6,2,41,0,0,0,1,6,94513,0,0,0,0,0,0,64,135,0,0,0,0,0,0,0,0,0,0,48,0,0,0,1,2,55,1,1,2,1,0,0,1,13,6,2,4,1,1,1
6,60820,1,2,1,29,5,23,40,12,2,1,0,6,1,72,706,72706,80,1990,1HD1CAP36LY1,1,H,D,1,C,A,P,3,6,L,Y,1,0,0,0,000000000,00000000000,0,0,0,1,0,0,0,0,0,0,0,45,0,0,0,12,6,2,12,0,0,0,1,6,91607,6,1,0,0,3,3,70,200,0,0,0,0,0,0,0,0,0,0,28,0,0,0,1,2,35,2,6,2,1,0,0,14,10,1,1,2,50,1,0
6,60820,2,2,1,29,5,23,40,12,2,1,0,6,1,42,48,42048,4,2014,WDDHF5KB3EA7,W,D,D,H,F,5,K,B,3,E,A,7,0,0,0,000000000,00000000000,0,0,0,1,0,0,0,0,0,0,0,45,0,0,0,12,6,2,12,0,0,0,1,6,91307,6,1,0,0,3,0,73,175,0,1,0,0,1,8,2012,2,2013,0,0,0,0,0,1,2,35,3,8,2,1,0,0,14,62,1,1,1,51,0,0
6,60821,1,2,2,24,5,18,20,12,6,1,0,6,2,49,40,49040,4,2002,JTDBE32KX200,J,T,D,B,E,3,2,K,X,2,0,0,0,0,0,000000000,00000000000,0,0,0,1,0,0,0,0,0,0,0,998,0,0,0,61,6,2,12,0,0,0,1,6,92281,0,0,0,0,0,0,65,130,0,0,0,0,0,0,0,0,0,0,38,0,0,0,1,2,55,1,1,2,1,20,3,1,17,1,1,1,89,2,0
6,60821,2,2,1,24,5,18,20,12,6,1,0,6,1,2,403,2403,14,2006,1J4FA64S76P7,1,J,4,F,A,6,4,S,7,6,P,7,0,0,0,000000000,00000000000,0,0,0,1,0,0,0,0,0,0,0,58,0,0,0,12,6,2,12,0,0,0,1,6,92227,6,1,0,0,3,0,70,230,0,0,0,0,0,0,0,0,0,0,0,0,0,0,1,2,55,1,1,2,1,0,0,1,66,3,2,1,88,0,0
6,60822,1,1,1,23,5,17,59,14,0,1,0,6,1,72,709,72709,80,1999,1HD1FRW33XY6,1,H,D,1,F,R,W,3,3,X,Y,6,0,0,0,000000000,00000000000,0,0,0,1,0,0,0,0,0,0,0,998,0,0,0,81,6,2,14,0,0,0,1,6,95334,6,1,0,0,2,3,68,200,0,0,0,0,0,0,0,0,0,0,0,0,0,0,1,2,45,4,1,2,1,0,0,14,13,99,9,4,1,1,1
6,60823,1,1,1,23,5,21,28,30,0,1,0,6,2,20,32,20032,4,2001,1Y1SK52841Z4,1,Y,1,S,K,5,2,8,4,1,Z,4,0,0,0,000000000,00000000000,0,0,0,1,0,0,0,0,0,0,0,999,0,0,0,81,6,2,2,0,0,1,1,99,99999,9,9,99,9,9,9,67,999,99,99,99,99,99,99,9999,99,9999,0,48,0,0,0,1,2,55,1,8,2,1,0,0,1,13,6,1,4,1,1,1
6,60824,1,2,1,25,5,15,0,12,2,1,0,6,1,72,706,72706,80,2012,1HD1GX437CC3,1,H,D,1,G,X,4,3,7,C,C,3,0,0,0,000000000,00000000000,0,0,0,1,0,0,0,0,0,0,0,998,0,0,0,12,6,2,12,0,0,0,1,6,95687,6,1,0,0,3,0,69,185,0,1,0,4,3,8,2012,6,2013,3,28,57,0,0,1,2,40,1,1,2,1,0,0,1,10,3,2,2,50,1,1
6,60824,2,2,1,25,5,15,0,12,2,1,0,6,1,37,402,37402,14,2014,2HKRM4H36EH6,2,H,K,R,M,4,H,3,6,E,H,6,0,0,0,000000000,00000000000,0,0,0,1,0,0,0,0,0,0,0,998,0,0,0,12,6,2,12,0,0,0,1,6,95688,6,1,0,0,3,0,72,205,0,0,0,0,0,0,0,0,0,0,0,0,0,0,1,2,40,1,1,2,1,0,0,1,62,3,2,1,51,0,0
6,60825,1,1,5,30,5,2,13,1,0,1,0,6,2,55,401,55401,14,2003,KM8SC13D73U4,K,M,8,S,C,1,3,D,7,3,U,4,0,0,0,000000000,00000000000,0,0,0,1,0,0,0,0,0,0,0,999,0,1,3,0,6,2,1,0,0,0,1,6,93635,1,1,0,0,2,0,72,185,0,0,0,0,0,0,0,0,0,0,48,0,0,0,2,3,65,1,1,2,1,0,0,1,12,3,2,4,6,1,1