STATE,ST_CASE,VEH_NO,VE_FORMS,NUMOCCS,DAY,MONTH,HOUR,MINUTE,HARM_EV,MAN_COLL,UNITTYPE,HIT_RUN,REG_STAT,OWNER,MAKE,MODEL,MAK_MOD,BODY_TYP,MOD_YEAR,VIN,VIN_1,VIN_2,VIN_3,VIN_4,VIN_5,VIN_6,VIN_7,VIN_8,VIN_9,VIN_10,VIN_11,VIN_12,TOW_VEH,J_KNIFE,MCARR_I1,MCARR_I2,MCARR_ID,GVWR,V_CONFIG,CARGO_BT,HAZ_INV,HAZ_PLAC,HAZ_ID,HAZ_CNO,HAZ_REL,BUS_USE,SPEC_USE,EMER_USE,TRAV_SP,UNDERIDE,ROLLOVER,ROLINLOC,IMPACT1,DEFORMED,TOWED,M_HARM,VEH_SC1,VEH_SC2,FIRE_EXP,DR_PRES,L_STATE,DR_ZIP,L_STATUS,L_TYPE,CDL_STAT,L_ENDORS,L_COMPL,L_RESTRI,DR_HGT,DR_WGT,PREV_ACC,PREV_SUS,PREV_DWI,PREV_SPD,PREV_OTH,FIRST_MO,FIRST_YR,LAST_MO,LAST_YR,SPEEDREL,DR_SF1,DR_SF2,DR_SF3,DR_SF4,VTRAFWAY,VNUM_LAN,VSPD_LIM,VALIGN,VPROFILE,VPAVETYP,VSURCOND,VTRAFCON,VTCONT_F,P_CRASH1,P_CRASH2,P_CRASH3,PCRASH4,PCRASH5,ACC_TYPE,DEATHS,DR_DRINK
6,60897,1,2,3,10,6,14,1,12,6,1,0,49,1,48,38,48038,4,2002,JF1GG68562H8,J,F,1,G,G,6,8,5,6,2,H,8,0,0,0,000000000,00000000000,0,0,0,1,0,0,0,0,0,0,0,16,0,0,0,61,6,2,12,0,0,0,1,49,84105,6,1,0,0,3,0,65,155,98,0,0,0,0,0,0,0,0,0,38,0,0,0,1,2,25,1,8,2,1,20,3,11,15,1,1,1,82,1,0
6,60897,2,2,1,10,6,14,1,12,6,1,0,6,1,12,481,12481,31,2004,1FTSX31P54EA,1,F,T,S,X,3,1,P,5,4,E,A,0,0,0,000000000,00000000000,0,0,0,1,0,0,0,0,0,0,0,54,0,0,0,12,4,3,12,0,0,0,1,6,94060,6,1,0,0,3,0,74,230,0,0,0,0,0,0,0,0,0,0,0,0,0,0,2,2,50,1,8,8,1,0,0,1,17,8,2,1,83,0,0
6,60898,1,1,2,11,6,2,0,8,0,1,0,6,1,37,32,37032,2,2003,1HGCM82683A0,1,H,G,C,M,8,2,6,8,3,A,0,0,0,0,000000000,00000000000,0,0,0,1,0,0,0,0,0,0,0,60,0,0,0,11,6,2,8,0,0,0,1,6,93637,0,0,0,0,0,0,64,150,0,0,0,0,0,0,0,0,0,0,0,0,0,0,1,2,55,1,1,2,1,0,0,1,80,6,1,2,13,0,0
6,60899,1,1,2,10,6,9,50,33,0,1,0,6,2,34,34,34034,4,1999,WBAAM3333XKC,W,B,A,A,M,3,3,3,3,X,K,C,0,0,0,000000000,00000000000,0,0,0,1,0,0,0,0,0,0,0,93,0,0,0,14,6,2,59,0,0,0,1,6,91762,1,1,0,0,2,0,68,170,0,1,0,1,2,9,2013,1,2014,4,48,0,0,0,5,5,45,1,8,2,1,0,0,1,6,6,2,4,8,1,0
6,60900,1,2,1,10,6,18,48,1,0,1,0,6,1,53,705,53705,80,2006,VTTGM51A5621,V,T,T,G,M,5,1,A,5,6,2,1,0,0,0,000000000,00000000000,0,0,0,1,0,0,0,0,0,0,0,45,0,0,0,0,6,2,12,0,0,0,1,6,90504,6,1,0,0,3,0,68,176,1,0,0,0,0,12,2013,12,2013,4,0,0,0,0,3,5,65,1,1,1,1,0,0,1,6,98,1,1,98,1,0
6,60900,2,2,1,10,6,18,48,1,0,1,0,6,1,49,472,49472,30,2003,5TESN92N53Z2,5,T,E,S,N,9,2,N,5,3,Z,2,0,0,0,000000000,00000000000,0,0,0,1,0,0,0,0,0,0,0,0,0,0,0,14,2,5,12,0,0,0,1,6,90069,6,1,0,0,3,0,69,150,0,0,0,0,0,0,0,0,0,0,0,0,0,0,3,5,65,1,1,1,1,0,0,5,53,1,1,1,98,0,0
6,60901,1,3,1,11,6,7,15,12,6,1,0,6,3,23,421,23421,15,2008,1GKFC135X8R2,1,G,K,F,C,1,3,5,X,8,R,2,0,0,0,000000000,00000000000,0,0,0,1,0,0,0,0,0,0,0,998,0,0,0,12,6,2,12,0,0,0,1,6,90046,6,1,0,0,3,0,73,202,0,0,0,0,0,0,0,0,0,0,39,0,0,0,1,6,35,1,8,8,1,3,3,1,17,3,2,1,83,0,0
6,60901,2,3,1,11,6,7,15,12,6,1,0,6,1,34,34,34034,4,2012,WBA3C1C54CF4,W,B,A,3,C,1,C,5,4,C,F,4,0,0,0,000000000,00000000000,0,0,0,1,0,0,0,0,0,0,0,998,0,0,0,61,6,2,12,0,0,0,1,6,90292,6,1,0,0,3,3,70,160,0,0,0,0,0,0,0,0,0,0,0,0,0,0,6,2,35,1,8,8,1,3,3,11,66,1,1,1,82,1,0
6,60901,3,3,1,11,6,7,15,12,6,1,0,6,1,37,31,37031,4,2008,2HGFA16588H5,2,H,G,F,A,1,6,5,8,8,H,5,0,0,0,000000000,00000000000,0,0,0,1,0,0,0,0,0,0,0,0,0,0,0,63,4,5,12,0,0,0,1,6,93065,6,1,0,0,3,0,72,175,0,0,0,0,0,0,0,0,0,0,0,0,0,0,1,6,35,1,8,8,1,3,3,5,62,1,1,1,98,0,0
6,60902,1,2,1,10,6,11,25,12,1,1,0,6,1,35,47,35047,4,1999,1N4DL01D5XC2,1,N,4,D,L,0,1,D,5,X,C,2,0,0,0,000000000,00000000000,0,0,0,1,0,0,0,0,0,0,0,80,0,0,0,12,4,3,12,0,0,0,1,6,92505,1,1,0,0,2,0,65,210,0,1,0,0,0,5,2012,5,2012,4,0,0,0,0,2,4,60,1,1,2,1,2,3,1,50,3,2,1,20,0,0
6,60902,2,2,1,10,6,11,25,12,1,1,0,6,1,72,706,72706,80,2013,1HD1LF333DC4,1,H,D,1,L,F,3,3,3,D,C,4,0,0,0,000000000,00000000000,0,0,0,1,0,0,0,0,0,0,0,0,0,0,0,6,2,3,12,0,0,0,1,6,92543,6,1,0,0,2,0,69,205,1,0,0,1,0,4,2013,6,2013,0,0,0,0,0,2,4,60,1,1,2,1,2,3,5,53,1,1,1,21,1,0
6,60903,1,2,1,7,6,22,7,12,2,1,0,6,1,13,12,13012,4,2005,1LNHM86S25Y6,1,L,N,H,M,8,6,S,2,5,Y,6,0,0,0,000000000,00000000000,0,0,0,1,0,0,0,0,0,0,0,42,0,0,0,12,6,2,12,0,0,0,1,6,94954,6,1,0,0,3,0,75,210,0,0,0,0,0,0,0,0,0,0,28,57,91,0,1,4,45,1,8,1,1,0,0,1,10,99,1,2,50,0,1
6,60903,2,2,2,7,6,22,7,12,2,1,0,6,1,49,40,49040,4,1994,4T1SK12E0RU4,4,T,1,S,K,1,2,E,0,R,U,4,0,0,0,000000000,00000000000,0,0,0,1,0,0,0,0,0,0,0,33,0,0,0,12,6,2,12,0,0,0,1,6,94589,6,1,0,0,3,0,62,140,1,0,0,0,0,5,2012,5,2012,0,0,0,0,0,1,4,45,1,8,1,1,0,0,1,62,1,1,1,51,1,0
6,60904,1,1,1,10,6,20,20,1,0,1,0,6,1,50,705,50705,80,2013,SMTA02YK5DJ5,S,M,T,A,0,2,Y,K,5,D,J,5,0,0,0,000000000,00000000000,0,0,0,1,0,0,0,0,0,0,0,999,0,0,0,0,6,2,1,0,0,0,1,6,91789,6,1,0,0,3,3,71,177,0,0,0,0,0,0,0,0,0,0,48,0,0,0,1,2,40,3,6,2,1,0,0,14,8,99,1,1,98,1,0
6,60905,1,1,1,10,6,21,56,33,0,1,0,6,1,7,402,7402,14,1999,1B4HS28Y8XF5,1,B,4,H,S,2,8,Y,8,X,F,5,0,0,0,000000000,00000000000,0,0,0,1,0,0,0,0,0,0,0,50,0,0,0,14,6,2,46,0,0,0,1,6,92262,6,1,0,0,3,0,63,174,0,0,0,0,0,0,0,0,0,0,27,0,0,0,1,4,45,1,1,1,1,3,3,1,13,1,1,4,1,1,1
6,60906,1,2,1,11,6,11,48,12,6,1,0,6,1,2,404,2404,14,2005,1J4GR48K45C5,1,J,4,G,R,4,8,K,4,5,C,5,0,0,0,000000000,00000000000,0,0,0,1,0,0,0,0,0,0,0,999,0,0,0,12,4,3,12,0,0,0,1,6,93550,6,1,0,0,3,3,76,225,0,0,0,0,0,0,0,0,0,0,38,0,0,0,2,5,45,1,1,2,1,0,0,4,55,4,1,2,86,0,0
6,60906,2,2,1,11,6,11,48,12,6,1,0,6,1,76,706,76706,80,2000,JYAVM01YXYA0,J,Y,A,V,M,0,1,Y,X,Y,A,0,0,0,0,000000000,00000000000,0,0,0,1,0,0,0,0,0,0,0,30,0,0,0,3,6,2,12,0,0,0,1,6,93550,6,1,0,0,3,3,68,155,0,0,0,0,0,0,0,0,0,0,0,0,0,0,2,5,45,1,1,2,1,0,0,1,67,1,1,2,87,1,1
6,60907,1,1,2,14,6,12,5,15,0,1,0,6,1,12,3,12003,2,1996,1FALP4046TF2,1,F,A,L,P,4,0,4,6,T,F,2,0,0,0,000000000,00000000000,0,0,0,1,0,0,0,0,0,0,0,75,0,0,0,12,6,2,15,0,0,0,1,6,95388,6,1,0,0,3,0,66,120,0,0,0,0,0,0,0,0,0,4,0,0,0,0,1,2,55,1,1,2,1,0,0,1,83,8,2,2,13,0,0
6,60908,1,1,1,10,6,99,99,41,0,1,0,26,1,12,17,12017,4,2013,1FAHP2E81DG1,1,F,A,H,P,2,E,8,1,D,G,1,0,0,0,000000000,00000000000,0,0,0,1,0,0,0,0,0,0,0,999,0,1,3,12,6,2,41,0,0,0,1,26,48165,6,1,0,0,3,3,65,200,0,0,0,1,0,6,2012,6,2012,0,48,0,0,0,2,2,70,1,1,2,1,0,0,1,12,99,1,4,6,1,0
6,60909,1,2,1,11,6,0,23,12,6,1,0,6,1,53,706,53706,80,2002,JS1GT74A7221,J,S,1,G,T,7,4,A,7,2,2,1,0,0,0,000000000,00000000000,0,0,0,1,0,0,0,0,0,0,0,102,0,0,0,12,6,2,12,0,0,0,1,6,92392,6,1,0,0,3,0,69,211,0,0,0,0,1,3,2014,3,2014,4,0,0,0,0,2,2,55,8,1,2,1,3,3,1,17,1,1,1,83,1,1
6,60909,2,2,1,11,6,0,23,12,6,1,0,6,1,59,31,59031,4,2013,JTHBK1GG5D20,J,T,H,B,K,1,G,G,5,D,2,0,0,0,0,000000000,00000000000,0,0,0,1,0,0,0,0,0,0,0,998,0,0,0,8,4,3,12,0,0,0,1,6,92394,6,1,0,0,3,3,67,120,0,0,0,0,0,0,0,0,0,0,0,0,0,0,1,3,35,8,1,2,1,3,3,11,15,10,1,1,82,0,0
6,60910,1,1,1,15,6,1,50,8,0,1,0,6,2,49,401,49401,14,2001,JT3HN86RX103,J,T,3,H,N,8,6,R,X,1,0,3,0,0,0,000000000,00000000000,0,0,0,1,0,0,0,0,0,0,0,999,0,0,0,12,6,2,8,0,0,0,1,6,94124,6,1,0,0,3,0,63,150,0,0,0,0,0,0,0,0,0,9,0,0,0,0,6,2,50,2,6,2,1,28,3,14,12,99,9,4,6,0,1
6,60911,1,3,1,5,6,5,30,12,6,1,0,6,1,20,401,20401,14,1996,1GNCS13W8T21,1,G,N,C,S,1,3,W,8,T,2,1,0,0,0,000000000,00000000000,0,0,0,1,0,0,0,0,0,0,0,998,0,1,1,4,6,2,12,0,0,0,1,6,91343,0,0,0,0,0,0,68,185,0,0,0,0,0,0,0,0,0,0,39,0,0,0,1,5,40,8,8,8,1,3,3,1,66,99,1,2,87,1,0
6,60911,2,3,1,5,6,5,30,12,6,1,0,6,1,37,402,37402,14,2008,JHLRE38388C0,J,H,L,R,E,3,8,3,8,8,C,0,0,0,0,000000000,00000000000,0,0,0,1,0,0,0,0,0,0,0,998,0,0,0,12,6,2,12,0,0,0,1,6,91331,6,1,0,0,3,0,60,198,0,0,0,0,0,0,0,0,0,0,0,0,0,0,1,5,40,8,8,8,1,3,3,1,17,99,1,1,86,0,0
6,60911,3,3,1,5,6,5,30,12,6,1,0,6,1,20,421,20421,15,1999,1GNEC13RXXJ5,1,G,N,E,C,1,3,R,X,X,J,5,0,0,0,000000000,00000000000,0,0,0,1,0,0,0,0,0,0,0,0,0,0,0,12,6,2,12,0,0,0,1,6,91324,6,1,0,0,3,0,69,230,0,0,0,0,0,0,0,0,0,0,0,0,0,0,1,5,40,8,8,8,1,3,3,5,62,99,1,1,98,0,0
6,60912,1,2,1,12,6,23,30,39,0,1,0,6,1,49,50,49050,3,2007,JTKDE177X701,J,T,K,D,E,1,7,7,X,7,0,1,0,0,0,000000000,00000000000,0,0,0,1,0,0,0,0,0,0,0,70,0,0,0,63,6,2,39,0,0,0,1,6,91202,6,1,0,0,3,0,70,150,0,1,0,0,1,9,2011,4,2013,0,48,0,0,0,3,5,65,1,8,1,1,0,0,6,12,99,1,4,6,1,0
6,60912,2,2,1,12,6,23,30,39,0,1,0,18,3,86,881,86881,66,2013,1M1AW09Y2DM0,1,M,1,A,W,0,9,Y,2,D,M,0,1,1,57,021800,57021800,3,6,1,1,0,0,0,0,0,0,0,55,0,0,0,6,2,5,12,0,0,0,1,6,92506,6,1,6,0,3,0,70,170,0,0,0,0,0,0,0,0,0,0,0,0,0,0,3,5,65,1,8,1,1,0,0,1,60,99,1,1,98,0,0
6,60913,1,2,1,15,6,20,40,12,2,1,0,6,2,37,32,37032,4,1990,JHMCB7642LC0,J,H,M,C,B,7,6,4,2,L,C,0,0,0,0,000000000,00000000000,0,0,0,1,0,0,0,0,0,0,0,55,0,0,0,12,6,2,12,0,0,0,1,6,93640,3,1,0,0,2,0,65,145,0,0,0,0,0,0,0,0,0,0,28,0,0,0,1,2,55,1,1,8,1,0,0,1,10,99,9,2,50,1,1
6,60913,2,2,1,15,6,20,40,12,2,1,0,6,2,34,34,34034,4,2006,WBAVB17536NK,W,B,A,V,B,1,7,5,3,6,N,K,0,0,0,000000000,00000000000,0,0,0,1,0,0,0,0,0,0,0,55,0,0,0,12,6,2,12,0,0,0,1,6,93630,6,1,0,0,3,0,70,175,0,0,0,1,0,1,2013,1,2013,0,0,0,0,0,1,2,55,1,1,8,1,0,0,1,62,99,9,1,51,0,1
6,60914,1,2,1,5,6,9,7,12,2,1,0,6,2,14,443,14443,20,1997,4M2DV1114VDJ,4,M,2,D,V,1,1,1,4,V,D,J,0,0,0,000000000,00000000000,0,0,0,1,0,0,0,0,0,0,0,999,0,0,0,12,6,2,12,0,0,0,1,6,93060,6,1,6,0,3,0,72,270,0,0,0,0,0,0,0,0,0,0,28,0,0,0,1,2,55,1,1,2,1,0,0,1,10,99,1,2,50,1,0
6,60914,2,2,1,5,6,9,7,12,2,1,0,6,1,23,431,23431,16,2003,1GKEC13T63J3,1,G,K,E,C,1,3,T,6,3,J,3,0,0,0,000000000,00000000000,0,0,0,1,0,0,0,0,0,0,0,50,0,0,0,12,6,2,12,0,0,0,1,6,93006,6,1,0,0,3,3,64,130,0,0,0,0,0,0,0,0,0,0,0,0,0,0,1,2,55,1,1,2,1,0,0,1,62,1,1,1,51,0,0
6,60915,1,2,1,11,6,12,8,12,7,1,0,6,1,72,706,72706,80,1994,1HD1BKL31RY0,1,H,D,1,B,K,L,3,1,R,Y,0,0,0,0,000000000,00000000000,0,0,0,1,0,0,0,0,0,0,0,998,0,0,0,98,6,2,12,0,0,0,1,6,95648,6,1,0,0,3,0,71,170,1,0,0,0,0,12,2011,12,2011,0,27,0,0,0,2,3,40,8,8,8,1,0,0,15,11,1,1,2,46,1,0
6,60915,2,2,1,11,6,12,8,12,7,1,0,6,1,42,403,42403,14,2010,WDCGG8HB9AF4,W,D,C,G,G,8,H,B,9,A,F,4,0,0,0,000000000,00000000000,0,0,0,1,0,0,0,0,0,0,0,998,0,0,0,83,2,5,12,0,0,0,1,6,93003,6,1,0,0,3,0,60,110,0,0,0,1,0,8,2013,8,2013,0,0,0,0,0,2,3,40,8,8,8,1,0,0,1,61,1,1,1,45,0,0
6,60916,1,1,1,14,6,12,36,1,0,1,0,6,1,76,706,76706,80,2014,JYARN33Y2EA0,J,Y,A,R,N,3,3,Y,2,E,A,0,0,0,0,000000000,00000000000,0,0,0,1,0,0,0,0,0,0,0,72,0,0,0,0,6,2,1,0,0,0,1,6,92584,6,1,0,0,3,0,74,200,0,0,0,2,0,1,2013,8,2013,4,48,0,0,0,3,2,50,3,5,1,1,0,0,6,6,99,5,4,2,1,0
6,60917,1,1,2,5,6,19,10,18,0,1,0,6,2,54,31,54031,3,1998,JH4DC4453WS0,J,H,4,D,C,4,4,5,3,W,S,0,0,0,0,000000000,00000000000,0,0,0,1,0,0,0,0,0,0,0,70,0,0,0,12,6,2,42,0,0,0,1,6,92335,6,2,0,0,3,2,75,140,0,0,0,0,0,0,0,0,0,0,48,73,0,0,3,4,65,1,8,1,1,0,0,1,13,99,1,4,1,1,0
6,60918,1,1,1,13,6,0,11,41,0,1,0,6,1,12,422,12422,15,1999,1FMPU18L6XLC,1,F,M,P,U,1,8,L,6,X,L,C,0,0,0,000000000,00000000000,0,0,0,1,0,0,0,0,0,0,0,999,0,1,5,98,6,2,1,0,0,0,1,6,95307,1,1,0,0,2,0,65,185,0,0,0,1,0,5,2014,5,2014,4,58,0,0,0,1,2,25,1,8,2,1,0,0,1,6,6,2,4,7,1,1
6,60919,1,1,1,13,6,0,49,1,0,1,0,6,1,59,34,59034,4,2013,JTHBE1BL0D50,J,T,H,B,E,1,B,L,0,D,5,0,0,0,0,000000000,00000000000,0,0,0,1,0,0,0,0,0,0,0,999,0,2,5,0,6,2,1,0,0,0,1,6,92040,6,1,0,0,3,0,76,250,1,2,1,0,0,1,2012,3,2012,0,48,0,0,0,3,2,65,3,1,1,1,0,0,14,13,99,1,4,1,1,1
6,60920,1,1,1,13,6,2,0,14,0,1,0,6,1,20,481,20481,31,2012,1GCRCREA1CZ1,1,G,C,R,C,R,E,A,1,C,Z,1,0,0,0,000000000,00000000000,0,0,0,1,0,0,0,0,0,0,0,999,4,0,0,12,6,2,14,0,0,0,1,6,93618,6,1,0,0,3,0,68,240,0,0,0,0,0,0,0,0,0,0,48,0,0,0,1,2,55,1,1,2,1,0,0,1,13,99,1,4,11,1,0
6,60921,1,1,2,15,6,12,2,42,0,1,0,41,1,18,7,18007,4,2003,2G4WS52J5312,2,G,4,W,S,5,2,J,5,3,1,2,0,0,0,000000000,00000000000,0,0,0,1,0,0,0,0,0,0,0,65,0,0,0,98,6,2,42,0,0,0,1,41,97496,6,1,0,0,3,0,66,300,0,0,0,0,0,0,0,0,0,0,48,0,0,0,1,2,55,1,6,2,1,0,0,1,13,99,1,4,1,1,0
6,60922,1,1,2,5,6,19,49,42,0,1,0,6,1,73,705,73705,80,2005,JKBZXJC175A0,J,K,B,Z,X,J,C,1,7,5,A,0,0,0,0,000000000,00000000000,0,0,0,1,0,0,0,0,0,0,0,998,0,0,0,98,4,3,42,0,0,0,1,6,93722,6,1,0,0,3,0,67,180,0,1,0,1,0,12,2012,6,2013,0,48,0,0,0,1,2,40,2,8,2,1,0,0,14,12,4,2,4,6,2,0
6,60923,1,1,1,13,6,2,44,21,0,1,0,9,1,37,32,37032,4,1998,1HGCG5659WA0,1,H,G,C,G,5,6,5,9,W,A,0,0,0,0,000000000,00000000000,0,0,0,1,0,0,0,0,0,0,0,67,0,0,0,12,6,2,21,0,0,0,1,6,95334,6,1,0,0,3,0,68,148,0,0,0,0,0,0,0,0,0,4,51,0,0,0,2,2,45,1,8,2,1,0,0,1,12,99,1,4,6,1,1
6,60924,1,1,1,15,6,7,35,41,0,1,0,6,1,20,16,20016,4,1995,1G1JF5241S71,1,G,1,J,F,5,2,4,1,S,7,1,0,0,0,000000000,00000000000,0,0,0,1,0,0,0,0,0,0,0,999,0,1,5,98,6,2,41,0,0,0,1,6,93638,6,1,0,0,3,3,66,145,0,0,0,0,0,0,0,0,0,0,48,0,0,0,3,3,70,1,1,2,1,0,0,1,13,99,4,4,1,1,0
6,60925,1,2,3,17,6,13,56,12,7,1,0,6,3,55,35,55035,4,2014,5NPDH4AE3EH5,5,N,P,D,H,4,A,E,3,E,H,5,0,0,0,000000000,00000000000,0,0,0,1,0,0,0,0,0,0,0,55,0,1,1,61,6,2,1,0,0,0,1,6,92404,0,0,0,0,0,0,70,180,0,0,0,0,0,0,0,0,0,3,34,0,0,0,1,2,55,1,6,2,1,0,0,6,8,6,2,6,48,1,0
6,60925,2,2,1,17,6,13,56,12,7,1,0,6,1,20,421,20421,15,2008,1GNFK130X8J2,1,G,N,F,K,1,3,0,X,8,J,2,0,0,0,000000000,00000000000,0,0,0,1,0,0,0,0,0,0,0,55,0,0,0,1,2,5,12,0,0,0,1,6,92325,6,1,0,0,3,3,71,250,0,0,0,0,0,0,0,0,0,0,0,0,0,0,1,2,55,1,6,2,1,0,0,1,61,1,1,1,48,0,0
6,60926,1,1,4,14,6,5,45,38,0,1,0,6,2,41,37,41037,4,1998,1YVGF22D9W57,1,Y,V,G,F,2,2,D,9,W,5,7,0,0,0,000000000,00000000000,0,0,0,1,0,0,0,0,0,0,0,60,0,1,6,98,6,2,3,0,0,0,1,6,95134,6,1,0,0,3,0,73,187,0,0,0,0,0,0,0,0,0,0,48,91,0,0,2,2,65,1,1,2,1,0,0,1,13,99,1,4,1,2,0
6,60927,1,3,1,17,6,10,35,12,6,1,0,6,1,35,43,35043,4,2007,3N1AB61EX7L6,3,N,1,A,B,6,1,E,X,7,L,6,0,0,0,000000000,00000000000,0,0,0,1,0,0,0,0,0,0,0,999,0,0,0,12,4,3,12,0,0,0,1,6,91343,6,1,0,0,3,0,60,150,0,0,0,0,0,0,0,0,0,0,0,0,0,0,5,6,35,1,1,2,1,0,0,4,55,1,1,4,86,0,0
6,60927,2,3,1,17,6,10,35,12,6,1,0,6,1,20,9,20009,2,2010,2G1FK1EJXA91,2,G,1,F,K,1,E,J,X,A,9,1,0,0,0,000000000,00000000000,0,0,0,1,0,0,0,0,0,0,0,999,0,0,0,4,6,2,8,0,0,0,1,6,91326,6,1,0,0,3,3,61,225,0,0,0,0,0,0,0,0,0,5,0,0,0,0,5,6,35,1,1,2,1,0,0,1,71,1,1,4,87,0,0
6,60927,3,3,1,17,6,10,35,12,6,1,0,6,1,37,31,37031,4,2012,19XFB2F55CE3,1,9,X,F,B,2,F,5,5,C,E,3,0,0,0,000000000,00000000000,0,0,0,1,0,0,0,0,0,0,0,999,0,0,0,9,6,2,12,0,0,0,1,6,91601,1,1,0,0,2,0,64,135,1,1,0,0,0,4,2014,6,2014,0,0,0,0,0,5,6,35,1,1,2,1,0,0,1,61,1,1,2,98,0,0
6,60928,1,1,1,17,6,22,0,8,0,1,1,99,9,99,999,99999,99,9999,999999999999,9,9,9,9,9,9,9,9,9,9,9,9,0,0,0,000000000,00000000000,0,0,0,1,0,0,0,0,0,0,0,999,0,0,0,99,9,5,8,99,99,0,1,99,99999,9,9,99,9,9,9,999,999,99,99,99,99,99,99,9999,99,9999,9,99,99,99,99,1,2,50,1,1,2,1,0,0,1,80,99,9,1,13,0,0
6,60929,1,2,3,11,6,15,58,12,6,1,0,6,2,35,47,35047,4,2005,1N4AL11DX5N9,1,N,4,A,L,1,1,D,X,5,N,9,0,0,0,000000000,00000000000,0,0,0,1,0,0,0,0,0,0,0,999,0,0,0,81,6,2,12,0,0,0,1,48,93311,1,1,0,0,2,3,60,130,1,4,0,0,0,8,2011,2,2013,4,53,0,0,0,1,2,55,3,8,2,1,0,0,14,12,6,4,4,66,1,0
6,60929,2,2,1,11,6,15,58,12,6,1,0,6,1,12,481,12481,31,2006,1FTRF12266KB,1,F,T,R,F,1,2,2,6,6,K,B,0,0,0,000000000,00000000000,0,0,0,1,0,0,0,0,0,0,0,45,0,0,0,12,6,2,12,0,0,0,1,6,93301,6,1,0,0,3,0,73,185,0,0,0,1,0,9,2013,9,2013,0,0,0,0,0,1,2,55,2,8,2,1,0,0,14,62,7,1,4,66,0,0
6,60930,1,1,1,15,6,22,37,8,0,1,1,6,1,20,441,20441,20,1998,1GNDM19W9WB1,1,G,N,D,M,1,9,W,9,W,B,1,0,0,0,000000000,00000000000,0,0,0,1,0,0,0,0,0,0,0,40,0,0,0,12,6,2,8,0,0,0,1,6,95687,6,1,0,0,3,2,71,145,0,1,0,0,0,7,2011,7,2011,0,74,0,0,0,5,5,40,1,1,2,1,0,0,1,80,1,1,1,13,0,0
6,60931,1,1,1,13,6,21,27,30,0,1,0,6,2,52,34,52034,4,1999,4A3AA46GXXE1,4,A,3,A,A,4,6,G,X,X,E,1,0,0,0,000000000,00000000000,0,0,0,1,0,0,0,0,0,0,0,999,0,0,0,61,6,2,30,0,0,0,1,6,93657,1,1,0,0,2,0,62,166,0,0,0,0,0,0,0,0,0,0,48,0,0,0,2,2,65,1,1,2,1,0,0,1,12,7,2,4,2,1,1
6,60932,1,1,2,16,6,1,4,46,0,1,0,6,2,49,40,49040,4,2010,4T1BF3EK4AU0,4,T,1,B,F,3,E,K,4,A,U,0,0,0,0,000000000,00000000000,0,0,0,1,0,0,0,0,0,0,0,53,0,0,0,12,6,2,46,0,0,0,1,6,95624,0,0,0,0,0,0,63,200,0,0,0,0,1,11,2013,11,2013,0,48,0,0,0,8,3,40,3,8,8,1,3,3,1,13,99,1,4,1,1,1
6,60933,1,1,1,11,6,21,40,9,0,1,9,99,9,99,999,99999,99,9999,999999999999,9,9,9,9,9,9,9,9,9,9,9,9,0,0,0,000000000,00000000000,0,0,0,1,0,0,0,0,0,0,0,999,0,0,0,99,9,5,9,0,0,0,1,99,99999,9,9,99,9,9,9,999,999,99,99,99,99,99,99,9999,99,9999,5,0,0,0,0,1,4,35,8,8,8,1,0,0,1,83,99,1,1,13,0,0
6,60934,1,1,1,14,6,2,50,33,0,1,0,6,1,76,706,76706,80,2013,JYARN23YXDA0,J,Y,A,R,N,2,3,Y,X,D,A,0,0,0,0,000000000,00000000000,0,0,0,1,0,0,0,0,0,0,0,45,0,0,0,98,4,3,33,0,0,0,1,6,90220,1,1,0,0,2,0,71,280,0,1,0,0,0,5,2014,5,2014,4,0,0,0,0,6,2,65,1,1,2,1,0,0,1,13,99,1,4,1,1,1
6,60935,1,2,1,13,6,8,22,12,6,1,0,6,1,35,47,35047,4,2006,1N4AL11D36C1,1,N,4,A,L,1,1,D,3,6,C,1,0,0,0,000000000,00000000000,0,0,0,1,0,0,0,0,0,0,0,48,0,0,0,83,6,2,14,0,0,0,1,6,95355,6,1,0,0,3,3,69,175,0,0,0,0,1,5,2012,5,2012,0,27,0,0,0,2,2,45,1,1,1,1,0,0,15,11,99,1,2,48,1,0
6,60935,2,2,1,13,6,8,22,12,6,1,0,6,1,7,482,7482,31,2001,1B7HC16X11S3,1,B,7,H,C,1,6,X,1,1,S,3,0,0,0,000000000,00000000000,0,0,0,1,0,0,0,0,0,0,0,33,0,1,3,12,6,2,1,0,0,0,1,6,95381,6,1,0,0,3,3,69,180,0,0,0,0,0,0,0,0,0,0,0,0,0,0,2,2,45,1,1,1,1,0,0,1,60,7,1,2,48,0,0
6,60936,1,1,1,17,6,15,5,38,0,1,1,6,2,20,421,20421,15,2003,1GNEC13T43R2,1,G,N,E,C,1,3,T,4,3,R,2,0,0,0,000000000,00000000000,0,0,0,1,0,0,0,0,0,0,0,75,0,1,6,12,6,2,1,0,0,0,1,29,63011,6,1,0,0,3,0,68,165,0,0,0,0,0,0,0,0,0,0,48,0,0,0,3,3,70,1,6,2,1,0,0,1,13,99,1,4,1,1,0