STATE,ST_CASE,VEH_NO,VE_FORMS,NUMOCCS,DAY,MONTH,HOUR,MINUTE,HARM_EV,MAN_COLL,UNITTYPE,HIT_RUN,REG_STAT,OWNER,MAKE,MODEL,MAK_MOD,BODY_TYP,MOD_YEAR,VIN,VIN_1,VIN_2,VIN_3,VIN_4,VIN_5,VIN_6,VIN_7,VIN_8,VIN_9,VIN_10,VIN_11,VIN_12,TOW_VEH,J_KNIFE,MCARR_I1,MCARR_I2,MCARR_ID,GVWR,V_CONFIG,CARGO_BT,HAZ_INV,HAZ_PLAC,HAZ_ID,HAZ_CNO,HAZ_REL,BUS_USE,SPEC_USE,EMER_USE,TRAV_SP,UNDERIDE,ROLLOVER,ROLINLOC,IMPACT1,DEFORMED,TOWED,M_HARM,VEH_SC1,VEH_SC2,FIRE_EXP,DR_PRES,L_STATE,DR_ZIP,L_STATUS,L_TYPE,CDL_STAT,L_ENDORS,L_COMPL,L_RESTRI,DR_HGT,DR_WGT,PREV_ACC,PREV_SUS,PREV_DWI,PREV_SPD,PREV_OTH,FIRST_MO,FIRST_YR,LAST_MO,LAST_YR,SPEEDREL,DR_SF1,DR_SF2,DR_SF3,DR_SF4,VTRAFWAY,VNUM_LAN,VSPD_LIM,VALIGN,VPROFILE,VPAVETYP,VSURCOND,VTRAFCON,VTCONT_F,P_CRASH1,P_CRASH2,P_CRASH3,PCRASH4,PCRASH5,ACC_TYPE,DEATHS,DR_DRINK
6,61092,2,3,1,2,7,8,35,12,7,1,0,6,1,53,706,53706,80,2007,JS1GT77A8721,J,S,1,G,T,7,7,A,8,7,2,1,0,0,0,000000000,00000000000,0,0,0,1,0,0,0,0,0,0,0,40,0,0,0,62,4,3,12,0,0,0,1,6,91007,6,1,0,0,3,0,70,165,0,0,0,0,0,0,0,0,0,0,27,0,0,0,6,3,65,1,6,1,1,0,0,15,10,1,1,2,48,1,0
6,61092,3,3,1,2,7,8,35,12,7,1,0,93,3,51,881,51881,66,2004,4V4NC9TH34N3,4,V,4,N,C,9,T,H,3,4,N,3,1,1,57,1292216,571292216,3,6,1,1,0,0,0,0,0,0,0,15,0,0,0,14,0,5,54,0,0,0,1,6,90650,6,1,6,0,3,0,67,165,0,0,0,0,1,3,2012,3,2012,0,0,0,0,0,6,3,55,1,6,1,1,0,0,1,98,1,1,1,98,0,0
6,61093,1,1,3,2,5,3,52,42,0,1,0,6,2,12,481,12481,31,2001,1FTRW07L01KA,1,F,T,R,W,0,7,L,0,1,K,A,0,0,0,000000000,00000000000,0,0,0,1,0,0,0,0,0,0,0,78,0,0,0,12,6,2,42,0,0,0,1,6,92404,0,0,0,0,0,0,65,200,0,0,0,0,0,0,0,0,0,0,48,80,0,0,3,4,65,1,8,1,1,0,0,1,1,1,2,4,2,2,0
6,61094,1,11,1,10,7,7,50,24,0,1,0,6,3,82,881,82881,66,2008,1FUBA5CK68LZ,1,F,U,B,A,5,C,K,6,8,L,Z,2,1,6,453564,06453564,3,7,4,1,0,0,0,0,0,0,0,71,0,1,3,81,6,2,12,0,0,0,1,6,94587,6,1,6,1,3,0,71,172,0,0,0,1,0,4,2013,4,2013,4,24,28,91,0,3,2,50,3,6,1,1,0,0,14,3,99,1,4,1,0,0
6,61094,2,11,1,10,7,7,50,24,0,1,0,6,1,48,401,48401,14,2014,JF2SJAEC5EH4,J,F,2,S,J,A,E,C,5,E,H,4,0,0,0,000000000,00000000000,0,0,0,1,0,0,0,0,0,0,0,20,0,0,0,81,2,5,12,0,0,0,1,6,95044,6,1,0,0,3,3,69,165,0,0,0,0,1,7,2014,7,2014,0,0,0,0,0,3,2,50,3,6,1,1,0,0,14,64,99,1,1,98,0,0
6,61094,3,11,3,10,7,7,50,24,0,1,0,6,2,37,402,37402,14,2001,JHLRD18701C0,J,H,L,R,D,1,8,7,0,1,C,0,0,0,0,000000000,00000000000,0,0,0,1,0,0,0,0,0,0,0,5,0,0,0,6,6,2,12,0,0,0,1,6,95033,6,1,0,0,3,0,69,145,0,0,0,0,0,0,0,0,0,0,0,0,0,0,3,2,50,3,6,1,1,0,0,14,53,99,1,1,98,0,0
6,61094,4,11,1,10,7,7,50,24,0,1,0,6,1,49,40,49040,4,1996,JT2BG12K8T03,J,T,2,B,G,1,2,K,8,T,0,3,0,0,0,000000000,00000000000,0,0,0,1,0,0,0,0,0,0,0,40,0,0,0,81,6,2,12,0,0,0,1,6,95060,6,1,0,0,3,0,72,270,0,0,0,0,0,0,0,0,0,0,0,0,0,0,3,2,50,3,6,1,1,0,0,14,61,99,1,1,98,0,0
6,61094,5,11,1,10,7,7,50,24,0,1,0,6,1,22,32,22032,6,2004,5Y2SL62864Z4,5,Y,2,S,L,6,2,8,6,4,Z,4,0,0,0,000000000,00000000000,0,0,0,1,0,0,0,0,0,0,0,40,0,0,0,81,6,2,12,0,0,0,1,6,95076,6,1,0,0,3,0,65,180,0,0,0,0,0,0,0,0,0,0,0,0,0,0,3,2,50,3,6,1,1,0,0,14,61,99,1,1,98,0,0
6,61094,6,11,1,10,7,7,50,24,0,1,0,6,1,37,31,37031,4,1997,2HGEJ8545VH5,2,H,G,E,J,8,5,4,5,V,H,5,0,0,0,000000000,00000000000,0,0,0,1,0,0,0,0,0,0,0,998,0,0,0,6,6,2,12,0,0,0,1,6,95060,6,1,0,0,3,0,72,190,0,0,0,0,0,0,0,0,0,0,0,0,0,0,3,2,50,3,6,1,1,0,0,14,53,99,1,1,98,1,0
6,61094,7,11,2,10,7,7,50,24,0,1,0,6,1,20,481,20481,31,2001,2GCEK19T1111,2,G,C,E,K,1,9,T,1,1,1,1,0,0,0,000000000,00000000000,0,0,0,1,0,0,0,0,0,0,0,18,0,0,0,6,6,2,12,0,0,0,1,6,95062,6,1,0,0,3,0,74,190,0,0,0,0,1,8,2012,8,2012,0,0,0,0,0,3,2,50,3,6,1,1,0,0,14,53,7,1,4,98,0,0
6,61094,8,11,1,10,7,7,50,24,0,1,0,6,1,35,401,35401,14,2003,JN8DR09X53W7,J,N,8,D,R,0,9,X,5,3,W,7,0,0,0,000000000,00000000000,0,0,0,1,0,0,0,0,0,0,0,45,0,0,0,6,2,5,12,0,0,0,1,6,93111,6,1,0,0,3,3,71,168,0,0,0,0,0,0,0,0,0,0,0,0,0,0,3,2,50,3,8,1,1,0,0,14,61,8,9,1,98,0,0
6,61094,9,11,1,10,7,7,50,24,0,1,0,6,1,32,43,32043,4,2011,WAUHFAFL1BN0,W,A,U,H,F,A,F,L,1,B,N,0,0,0,0,000000000,00000000000,0,0,0,1,0,0,0,0,0,0,0,10,0,0,0,6,6,2,12,0,0,0,1,6,95033,6,1,0,0,3,0,66,120,0,0,0,0,0,0,0,0,0,0,0,0,0,0,3,2,50,3,8,1,1,0,0,14,61,99,9,1,98,0,0
6,61094,10,11,1,10,7,7,50,24,0,1,0,6,1,42,401,42401,14,2011,4JGBB8GB4BA6,4,J,G,B,B,8,G,B,4,B,A,6,0,0,0,000000000,00000000000,0,0,0,1,0,0,0,0,0,0,0,45,0,0,0,6,6,2,12,0,0,0,1,6,95003,6,1,0,0,3,0,62,131,0,0,0,0,0,0,0,0,0,0,0,0,0,0,3,2,50,3,8,1,1,0,0,14,61,99,1,1,98,0,0
6,61094,11,11,1,10,7,7,50,24,0,1,0,6,2,49,46,49046,4,2002,JT2BK18U9200,J,T,2,B,K,1,8,U,9,2,0,0,0,0,0,000000000,00000000000,0,0,0,1,0,0,0,0,0,0,0,43,0,0,0,6,4,3,12,0,0,0,1,6,95003,6,1,0,0,3,0,66,135,0,0,0,0,0,0,0,0,0,0,0,0,0,0,3,2,50,3,8,1,1,0,0,14,61,99,1,1,98,0,0
6,61095,1,1,1,2,2,4,35,33,0,1,0,6,3,49,422,49422,15,2004,5TDZT34A24S2,5,T,D,Z,T,3,4,A,2,4,S,2,0,0,0,000000000,00000000000,0,0,0,1,0,0,0,0,0,0,0,55,0,1,6,14,6,2,33,0,0,1,1,6,91701,3,1,0,0,2,0,72,199,0,0,0,1,0,4,2013,4,2013,4,48,0,0,0,3,6,65,8,8,1,1,0,0,1,13,1,1,4,1,1,1
6,61096,1,2,2,1,3,3,35,12,2,1,0,6,1,34,34,34034,4,2007,WBAVB73557KY,W,B,A,V,B,7,3,5,5,7,K,Y,0,0,0,000000000,00000000000,0,0,0,1,0,0,0,0,0,0,0,76,0,0,0,12,6,2,12,0,0,0,1,6,92345,6,1,0,0,3,0,75,163,0,1,0,0,0,5,2012,5,2012,0,28,51,0,0,1,2,45,1,3,2,2,0,0,98,98,99,9,2,52,0,1
6,61096,2,2,3,1,3,3,35,12,2,1,0,6,2,49,40,49040,4,2011,4T1BF3EK0BU1,4,T,1,B,F,3,E,K,0,B,U,1,0,0,0,000000000,00000000000,0,0,0,1,0,0,0,0,0,0,0,998,0,0,0,12,6,2,12,0,0,0,1,6,92345,0,0,0,0,0,0,57,139,0,0,0,0,0,0,0,0,0,0,0,0,0,0,1,2,45,1,3,2,2,0,0,1,54,99,9,1,52,1,0
6,61097,1,1,1,5,5,5,42,8,0,1,0,6,2,49,482,49482,31,2003,5TBRT38183S3,5,T,B,R,T,3,8,1,8,3,S,3,0,0,0,000000000,00000000000,0,0,0,1,0,0,0,0,0,0,0,26,0,0,0,12,2,3,8,0,0,0,1,6,92780,6,1,0,0,3,0,63,140,0,0,0,0,0,0,0,0,0,0,38,0,0,0,1,2,25,1,8,1,1,40,3,1,80,99,1,1,13,0,0
6,61098,1,2,5,7,4,15,45,12,1,1,0,6,2,37,31,37031,4,1998,1HGEJ6223WL1,1,H,G,E,J,6,2,2,3,W,L,1,0,0,0,000000000,00000000000,0,0,0,1,0,0,0,0,0,0,0,85,0,0,0,12,6,2,12,0,0,0,1,6,90011,0,0,0,0,0,0,63,173,0,0,0,0,0,0,0,0,0,4,28,48,0,0,3,5,65,1,1,1,1,0,0,1,6,7,2,2,32,1,0
6,61098,2,2,1,7,4,15,45,12,1,1,0,6,2,35,471,35471,30,1987,JN6ND11S1HW0,J,N,6,N,D,1,1,S,1,H,W,0,0,0,0,000000000,00000000000,0,0,0,1,0,0,0,0,0,0,0,68,0,0,0,6,4,3,12,0,0,0,1,6,90621,0,0,0,0,0,0,66,174,0,0,0,0,0,0,0,0,0,0,0,0,0,0,3,5,65,1,1,1,1,0,0,1,60,99,1,1,32,0,0
6,61099,1,1,1,15,6,20,42,35,0,1,0,6,1,59,35,59035,1,2005,JTHFN48Y6500,J,T,H,F,N,4,8,Y,6,5,0,0,0,0,0,000000000,00000000000,0,0,0,1,0,0,0,0,0,0,0,999,0,1,5,12,6,2,2,0,0,1,1,6,95608,6,1,0,0,3,0,72,200,0,0,0,0,0,0,0,0,0,0,48,0,0,0,1,2,55,1,1,2,1,0,0,1,10,99,2,4,6,1,1
6,61100,1,1,1,8,5,1,40,30,0,1,0,6,2,20,2,20002,4,2004,2G1WF52E4491,2,G,1,W,F,5,2,E,4,4,9,1,0,0,0,000000000,00000000000,0,0,0,1,0,0,0,0,0,0,0,999,0,0,0,9,6,2,30,0,0,0,1,6,93654,6,1,0,0,3,0,72,150,0,0,0,0,1,5,2013,5,2013,0,48,0,0,0,1,2,55,1,8,2,1,0,0,1,12,99,1,4,6,1,1
6,61101,1,3,1,19,5,15,10,12,6,1,0,6,1,76,706,76706,80,1985,JYA47M00XFA0,J,Y,A,4,7,M,0,0,X,F,A,0,0,0,0,000000000,00000000000,0,0,0,1,0,0,0,0,0,0,0,85,0,0,0,12,6,2,12,0,0,0,1,6,95608,6,1,0,0,3,0,69,205,0,0,0,0,0,0,0,0,0,2,38,0,0,0,5,4,40,1,8,2,1,0,0,1,56,4,9,1,98,1,0
6,61101,2,3,1,19,5,15,10,12,6,1,0,6,1,50,706,50706,80,2000,SMT605FM6YJ1,S,M,T,6,0,5,F,M,6,Y,J,1,0,0,0,000000000,00000000000,0,0,0,1,0,0,0,0,0,0,0,71,0,0,0,0,6,2,1,0,0,0,1,6,95662,6,1,0,0,2,0,71,210,0,0,0,0,0,0,0,0,0,2,38,0,0,0,5,4,40,1,8,2,1,0,0,1,56,98,2,1,98,0,0
6,61101,3,3,1,19,5,15,10,12,6,1,0,6,1,12,17,12017,4,2003,1FAFP52UX3G1,1,F,A,F,P,5,2,U,X,3,G,1,0,0,0,000000000,00000000000,0,0,0,1,0,0,0,0,0,0,0,998,0,0,0,61,6,2,12,0,0,0,1,6,95608,6,1,0,0,3,3,62,107,0,0,0,0,0,0,0,0,0,0,0,0,0,0,5,4,40,1,8,2,1,0,0,98,98,1,1,1,98,0,0
6,61102,1,3,2,6,2,21,19,12,7,1,0,6,1,35,481,35481,31,2008,1N6AA06A78N3,1,N,6,A,A,0,6,A,7,8,N,3,0,0,0,000000000,00000000000,0,0,0,1,0,0,0,0,0,0,0,90,0,0,0,11,6,2,12,0,0,0,1,6,90706,6,1,0,0,3,0,67,145,0,0,0,0,0,0,0,0,0,4,0,0,0,0,3,5,65,8,8,1,2,0,0,1,6,1,1,2,98,0,1
6,61102,2,3,1,6,2,21,19,12,7,1,0,6,1,54,35,54035,4,2003,19UUA56873A0,1,9,U,U,A,5,6,8,7,3,A,0,0,0,0,000000000,00000000000,0,0,0,1,0,0,0,0,0,0,0,50,0,0,0,82,6,2,12,0,0,1,1,6,90242,6,1,0,0,3,3,68,135,0,2,1,0,0,7,2011,7,2011,0,0,0,0,0,3,5,65,8,8,1,2,0,0,1,60,1,1,1,48,1,0
6,61102,3,3,1,6,2,21,19,12,7,1,0,6,1,49,40,49040,4,1994,JT2GK12E6R00,J,T,2,G,K,1,2,E,6,R,0,0,0,0,0,000000000,00000000000,0,0,0,1,0,0,0,0,0,0,0,20,0,0,0,83,2,3,12,0,0,0,1,6,90715,6,1,0,0,3,0,73,155,0,0,0,0,0,0,0,0,0,4,0,0,0,0,3,5,65,8,8,1,2,0,0,1,61,1,1,1,48,0,0
6,61103,1,1,3,17,4,7,40,8,0,1,0,6,1,12,401,12401,14,2000,1FMZU63E7YZB,1,F,M,Z,U,6,3,E,7,Y,Z,B,0,0,0,000000000,00000000000,0,0,0,1,0,0,0,0,0,0,0,998,0,0,0,12,4,3,8,0,0,0,1,6,92553,6,1,0,0,3,3,66,248,0,0,0,0,0,0,0,0,0,0,0,0,0,0,2,3,50,8,8,2,1,0,0,1,80,4,1,1,13,0,0
6,61104,1,2,3,9,5,7,5,1,0,1,0,6,1,7,482,7482,31,2010,1D7RV1CT8AS1,1,D,7,R,V,1,C,T,8,A,S,1,0,0,0,000000000,00000000000,0,0,0,1,0,0,0,0,0,0,0,999,0,0,0,12,2,3,12,0,0,0,1,6,92308,6,1,0,0,3,0,71,230,0,0,0,1,0,3,2013,3,2013,0,38,0,0,0,6,1,98,1,6,2,1,20,3,11,15,99,1,1,98,0,0
6,61104,2,2,1,9,5,7,5,1,0,1,0,6,1,72,706,72706,80,1998,1HD1DDL37WY6,1,H,D,1,D,D,L,3,7,W,Y,6,0,0,0,000000000,00000000000,0,0,0,1,0,0,0,0,0,0,0,50,0,0,0,0,6,2,1,0,0,0,1,6,92583,6,1,0,0,3,3,72,180,0,0,0,0,0,0,0,0,0,0,0,0,0,0,1,2,55,1,5,2,1,0,0,1,67,8,2,1,98,1,0
6,61105,1,1,1,23,4,99,99,34,0,1,0,6,1,49,401,49401,14,2006,JTEZU14RX680,J,T,E,Z,U,1,4,R,X,6,8,0,0,0,0,000000000,00000000000,0,0,0,1,0,0,0,0,0,0,0,999,0,1,5,98,6,2,1,0,0,0,1,6,92869,6,1,0,0,3,0,74,185,1,0,0,0,0,6,2013,6,2013,0,28,0,0,0,1,2,55,3,6,2,1,0,0,1,13,99,1,4,1,1,0
6,61106,1,2,1,21,5,1,45,12,6,1,0,6,2,42,48,42048,6,2006,WDBUH87J86X1,W,D,B,U,H,8,7,J,8,6,X,1,0,0,0,000000000,00000000000,0,0,0,1,0,0,0,0,0,0,0,998,0,0,0,61,6,2,12,0,0,0,1,6,91732,0,0,0,0,0,0,68,165,0,0,0,0,0,0,0,0,0,0,31,0,0,0,3,5,65,1,1,2,1,0,0,8,10,99,1,7,98,1,1
6,61106,2,2,1,21,5,1,45,12,6,1,0,6,1,49,40,49040,4,2001,4T1BF28K51U9,4,T,1,B,F,2,8,K,5,1,U,9,0,0,0,000000000,00000000000,0,0,0,1,0,0,0,0,0,0,0,70,0,0,0,12,6,2,12,0,0,0,1,6,92505,6,1,0,0,3,0,73,145,0,0,0,0,0,0,0,0,0,0,0,0,0,0,3,5,65,1,1,2,1,0,0,1,62,1,1,1,98,0,0
6,61107,1,2,3,17,2,17,55,12,7,1,0,6,1,20,473,20473,30,2010,1GCJSDDE2A81,1,G,C,J,S,D,D,E,2,A,8,1,0,0,0,000000000,00000000000,0,0,0,1,0,0,0,0,0,0,0,65,0,0,0,7,2,5,12,0,0,0,1,6,90650,6,1,0,0,3,3,63,140,0,0,0,0,0,0,0,0,0,0,27,0,0,0,3,4,65,8,8,1,1,0,0,15,10,1,1,2,47,0,0
6,61107,2,2,2,17,2,17,55,12,7,1,0,6,1,72,706,72706,80,2006,1HD1JFB386Y0,1,H,D,1,J,F,B,3,8,6,Y,0,0,0,0,000000000,00000000000,0,0,0,1,0,0,0,0,0,0,0,50,0,0,0,98,6,2,12,0,0,0,1,6,90815,6,1,0,0,2,0,73,260,0,0,0,0,0,0,0,0,0,0,0,0,0,0,3,4,65,8,8,1,1,0,0,1,61,1,1,1,45,1,0
6,61108,1,2,1,9,7,14,52,12,6,1,0,6,1,30,40,30040,4,2011,3VWBZ7AJ3BM3,3,V,W,B,Z,7,A,J,3,B,M,3,0,0,0,000000000,00000000000,0,0,0,1,0,0,0,0,0,0,0,998,0,0,0,82,4,3,12,0,0,0,1,6,95834,6,1,0,0,3,3,63,141,0,0,0,0,0,0,0,0,0,0,38,0,0,0,5,4,35,1,8,2,1,0,0,11,15,1,1,2,68,0,0
6,61108,2,2,1,9,7,14,52,12,6,1,0,6,1,72,706,72706,80,2004,1HD1CLP354K4,1,H,D,1,C,L,P,3,5,4,K,4,0,0,0,000000000,00000000000,0,0,0,1,0,0,0,0,0,0,0,999,0,0,0,12,6,2,12,0,0,0,1,6,95655,6,1,0,0,3,3,68,180,0,0,0,0,0,0,0,0,0,9,0,0,0,0,5,4,35,1,8,2,1,0,0,1,62,4,9,1,69,1,0
6,61109,1,1,1,11,7,18,42,9,0,1,0,6,2,20,2,20002,4,2012,2G1WC5E3XC12,2,G,1,W,C,5,E,3,X,C,1,2,0,0,0,000000000,00000000000,0,0,0,1,0,0,0,0,0,0,0,998,0,0,0,12,4,5,9,0,0,0,1,6,93274,6,1,0,0,3,0,71,175,0,0,0,0,0,0,0,0,0,0,0,0,0,0,1,2,25,1,1,2,1,0,0,1,83,99,1,1,13,0,0
6,61110,1,3,1,26,4,12,17,12,6,1,0,6,2,42,42,42042,4,2007,WDBRF52H77F9,W,D,B,R,F,5,2,H,7,7,F,9,0,0,0,000000000,00000000000,0,0,0,1,0,0,0,0,0,0,0,998,0,0,0,12,6,2,12,0,0,0,1,6,92071,0,0,0,0,0,0,999,999,0,0,0,0,0,0,0,0,0,4,39,91,0,0,8,4,98,8,8,8,1,3,3,10,16,4,9,1,84,0,0
6,61110,2,3,1,26,4,12,17,12,6,1,0,6,1,49,46,49046,4,2009,JTDKB20U1978,J,T,D,K,B,2,0,U,1,9,7,8,0,0,0,000000000,00000000000,0,0,0,1,0,0,0,0,0,0,0,998,0,1,1,61,6,2,12,0,0,0,1,6,91767,6,1,0,0,3,3,68,172,0,0,0,0,0,0,0,0,0,0,0,0,0,0,2,5,40,8,8,2,1,3,3,11,62,99,1,1,84,1,0
6,61110,3,3,3,26,4,12,17,12,6,1,0,6,1,35,47,35047,4,2012,1N4AL2AP9CC2,1,N,4,A,L,2,A,P,9,C,C,2,0,0,0,000000000,00000000000,0,0,0,1,0,0,0,0,0,0,0,998,0,0,0,11,6,2,12,0,0,0,1,6,92126,6,1,0,0,3,3,72,190,0,0,0,0,0,0,0,0,0,0,0,0,0,0,2,5,40,8,8,2,1,3,3,1,60,7,1,1,98,0,0
6,61111,1,2,2,15,5,4,37,12,6,1,0,6,2,63,32,63032,4,2014,KNADM4A36E63,K,N,A,D,M,4,A,3,6,E,6,3,0,0,0,000000000,00000000000,0,0,0,1,0,0,0,0,0,0,0,998,0,1,5,12,6,2,12,0,0,0,1,6,92392,6,1,0,0,3,0,78,262,2,0,0,1,0,10,2013,10,2013,0,39,0,0,0,1,2,45,1,1,2,1,20,3,1,17,1,1,1,86,2,0
6,61111,2,2,1,15,5,4,37,12,6,1,0,6,2,12,401,12401,14,2000,1FMZU73X4YZC,1,F,M,Z,U,7,3,X,4,Y,Z,C,0,0,0,000000000,00000000000,0,0,0,1,0,0,0,0,0,0,0,998,0,1,5,82,6,2,12,0,0,0,1,6,92345,0,0,0,0,0,0,69,150,0,0,0,0,0,0,0,0,0,0,0,0,0,0,5,4,50,1,1,2,1,0,0,1,66,1,1,1,87,0,0
6,61112,1,3,1,20,6,10,43,12,8,1,0,6,1,7,472,7472,30,2005,1D7HE48N45S1,1,D,7,H,E,4,8,N,4,5,S,1,0,0,0,000000000,00000000000,0,0,0,1,0,0,0,0,0,0,0,43,0,0,0,62,4,3,12,32,0,0,1,6,95825,6,1,0,0,3,3,70,175,0,0,0,0,0,0,0,0,0,0,51,0,0,0,3,2,65,2,6,1,1,0,0,14,54,7,1,1,66,0,0
6,61112,2,3,1,20,6,10,43,12,8,1,0,6,2,72,706,72706,80,2004,1HD1JBB104Y0,1,H,D,1,J,B,B,1,0,4,Y,0,0,0,0,000000000,00000000000,0,0,0,1,0,0,0,0,0,0,0,63,0,0,0,61,6,2,12,0,0,0,1,6,95822,6,1,0,0,3,3,70,240,0,0,0,0,0,0,0,0,0,0,0,0,0,0,3,2,65,3,5,1,1,0,0,14,54,7,1,1,66,1,0
6,61112,3,3,1,20,6,10,43,12,8,1,0,6,1,49,32,49032,4,2003,1NXBR32E53Z1,1,N,X,B,R,3,2,E,5,3,Z,1,0,0,0,000000000,00000000000,0,0,0,1,0,0,0,0,0,0,0,55,0,0,0,12,2,3,54,0,0,0,1,6,95758,6,1,0,0,3,3,70,165,0,0,0,0,0,0,0,0,0,0,0,0,0,0,3,2,65,3,5,1,1,0,0,14,98,9,9,4,98,0,0
6,61113,1,2,1,12,7,2,45,12,1,1,0,6,1,73,706,73706,80,2008,JKA2VCE128A0,J,K,A,2,V,C,E,1,2,8,A,0,0,0,0,000000000,00000000000,0,0,0,1,0,0,0,0,0,0,0,100,0,0,0,12,6,2,12,0,0,1,1,6,92251,1,1,0,0,2,0,68,185,0,0,0,0,0,0,0,0,0,4,0,0,0,0,2,2,65,1,8,2,1,0,0,1,10,1,1,1,24,1,1
6,61113,2,2,3,12,7,2,45,12,1,1,0,6,1,49,401,49401,14,2014,JTEBU5JR8E51,J,T,E,B,U,5,J,R,8,E,5,1,0,0,0,000000000,00000000000,0,0,0,1,0,0,0,0,0,0,0,70,0,1,1,6,6,2,12,0,0,0,1,6,92251,6,1,0,0,3,0,71,240,0,0,0,1,1,5,2013,3,2014,0,0,0,0,0,2,2,65,1,8,2,1,0,0,1,53,99,1,1,25,0,0
6,61114,1,2,2,9,6,1,54,12,2,1,0,6,2,20,481,20481,31,2001,2GCEC19W8113,2,G,C,E,C,1,9,W,8,1,1,3,0,0,0,000000000,00000000000,0,0,0,1,0,0,0,0,0,0,0,49,0,0,0,12,6,2,12,0,0,0,1,6,92324,0,0,0,0,0,0,63,199,0,0,0,0,0,0,0,0,0,0,51,91,0,0,3,3,65,1,6,1,1,0,0,1,54,99,1,1,52,0,1
6,61114,2,2,1,9,6,1,54,12,2,1,0,6,2,63,38,63038,4,2014,KNAFX4A64E51,K,N,A,F,X,4,A,6,4,E,5,1,0,0,0,000000000,00000000000,0,0,0,1,0,0,0,0,0,0,0,999,0,0,0,12,6,2,12,0,0,0,1,6,92582,6,1,0,0,3,0,65,182,0,0,0,1,0,12,2012,12,2012,0,0,0,0,0,3,3,65,1,6,1,1,0,0,1,54,99,1,1,52,1,0
6,61115,1,2,1,12,7,13,53,12,6,1,0,6,2,20,481,20481,31,1989,1GCDC14K9KE1,1,G,C,D,C,1,4,K,9,K,E,1,0,0,0,000000000,00000000000,0,0,0,1,0,0,0,0,0,0,0,999,0,0,0,81,6,2,12,0,0,0,1,6,93245,1,1,0,0,2,0,70,185,0,1,0,0,0,2,2014,2,2014,9,39,0,0,0,1,2,55,1,8,2,1,20,3,1,17,1,1,1,87,1,0
6,61115,2,2,2,12,7,13,53,12,6,1,0,6,3,82,881,82881,66,2014,3AKJGLD60ESF,3,A,K,J,G,L,D,6,0,E,S,F,1,1,57,852508,57852508,3,6,1,1,0,0,0,0,0,0,0,50,3,0,0,12,6,2,12,0,0,0,1,6,93636,6,1,6,0,3,3,72,210,0,0,0,0,0,0,0,0,0,0,0,0,0,0,1,2,55,1,8,2,1,0,0,1,66,9,9,1,86,0,0
6,61116,1,2,1,14,6,14,55,12,6,1,0,6,1,49,472,49472,30,2000,4TASN92NXYZ6,4,T,A,S,N,9,2,N,X,Y,Z,6,0,0,0,000000000,00000000000,0,0,0,1,0,0,0,0,0,0,0,55,0,0,0,12,4,3,12,0,0,0,1,6,92028,6,1,0,0,3,3,63,165,0,0,0,0,0,0,0,0,0,4,35,0,0,0,1,2,55,1,1,2,1,0,0,15,10,3,2,2,98,0,0
6,61116,2,2,2,14,6,14,55,12,6,1,0,6,1,55,39,55039,4,2013,KMHFG4JG1DA2,K,M,H,F,G,4,J,G,1,D,A,2,0,0,0,000000000,00000000000,0,0,0,1,0,0,0,0,0,0,0,55,0,0,0,62,6,2,12,0,0,0,1,6,92211,6,1,0,0,3,0,70,155,0,0,0,0,0,0,0,0,0,0,0,0,0,0,1,2,55,1,1,2,1,0,0,12,60,99,1,2,98,2,0
6,61117,1,1,1,4,7,21,3,8,0,1,0,6,1,35,43,35043,4,2002,3N1AB51D92L7,3,N,1,A,B,5,1,D,9,2,L,7,0,0,0,000000000,00000000000,0,0,0,1,0,0,0,0,0,0,0,40,0,0,0,12,4,5,8,0,0,0,1,6,90034,6,1,6,0,3,0,68,220,2,0,0,3,0,10,2011,6,2014,4,0,0,0,0,1,2,45,1,1,2,1,0,0,1,80,99,1,1,13,0,0
6,61118,1,2,2,12,7,14,38,12,2,1,0,6,1,49,46,49046,4,2004,JTDKB20U5400,J,T,D,K,B,2,0,U,5,4,0,0,0,0,0,000000000,00000000000,0,0,0,1,0,0,0,0,0,0,0,999,0,0,0,12,6,2,12,0,0,0,1,6,93611,6,1,0,0,3,3,72,175,0,0,0,0,0,0,0,0,0,9,28,0,0,0,1,2,55,1,1,2,1,0,0,1,10,1,1,2,50,0,0
6,61118,2,2,2,12,7,14,38,12,2,1,0,6,1,12,23,12023,4,2006,3FAHP08186R2,3,F,A,H,P,0,8,1,8,6,R,2,0,0,0,000000000,00000000000,0,0,0,1,0,0,0,0,0,0,0,999,0,0,0,12,6,2,12,0,0,0,1,6,93711,6,1,0,0,3,3,60,190,0,0,0,0,0,0,0,0,0,9,0,0,0,0,1,2,55,1,1,2,1,0,0,1,62,1,1,1,51,1,0
6,61119,1,1,1,27,4,2,25,33,0,1,0,6,2,37,32,37032,4,2004,1HGCM56304A1,1,H,G,C,M,5,6,3,0,4,A,1,0,0,0,000000000,00000000000,0,0,0,1,0,0,0,0,0,0,0,999,0,1,5,14,6,2,59,0,0,0,1,6,90660,6,1,0,0,3,0,70,230,0,0,0,0,0,0,0,0,0,0,24,48,0,0,3,5,65,1,8,1,1,0,0,1,13,4,3,4,2,1,1
6,61120,1,2,1,20,2,14,40,12,1,1,0,6,2,52,401,52401,14,2003,JA4MT41R33J0,J,A,4,M,T,4,1,R,3,3,J,0,0,0,0,000000000,00000000000,0,0,0,1,0,0,0,0,0,0,0,999,0,0,0,12,4,3,12,0,0,0,1,6,95666,6,1,0,0,3,0,70,220,0,0,0,0,0,0,0,0,0,4,0,0,0,0,1,2,45,1,1,1,1,0,0,1,52,1,1,1,24,1,0