STATE,ST_CASE,VEH_NO,VE_FORMS,NUMOCCS,DAY,MONTH,HOUR,MINUTE,HARM_EV,MAN_COLL,UNITTYPE,HIT_RUN,REG_STAT,OWNER,MAKE,MODEL,MAK_MOD,BODY_TYP,MOD_YEAR,VIN,VIN_1,VIN_2,VIN_3,VIN_4,VIN_5,VIN_6,VIN_7,VIN_8,VIN_9,VIN_10,VIN_11,VIN_12,TOW_VEH,J_KNIFE,MCARR_I1,MCARR_I2,MCARR_ID,GVWR,V_CONFIG,CARGO_BT,HAZ_INV,HAZ_PLAC,HAZ_ID,HAZ_CNO,HAZ_REL,BUS_USE,SPEC_USE,EMER_USE,TRAV_SP,UNDERIDE,ROLLOVER,ROLINLOC,IMPACT1,DEFORMED,TOWED,M_HARM,VEH_SC1,VEH_SC2,FIRE_EXP,DR_PRES,L_STATE,DR_ZIP,L_STATUS,L_TYPE,CDL_STAT,L_ENDORS,L_COMPL,L_RESTRI,DR_HGT,DR_WGT,PREV_ACC,PREV_SUS,PREV_DWI,PREV_SPD,PREV_OTH,FIRST_MO,FIRST_YR,LAST_MO,LAST_YR,SPEEDREL,DR_SF1,DR_SF2,DR_SF3,DR_SF4,VTRAFWAY,VNUM_LAN,VSPD_LIM,VALIGN,VPROFILE,VPAVETYP,VSURCOND,VTRAFCON,VTCONT_F,P_CRASH1,P_CRASH2,P_CRASH3,PCRASH4,PCRASH5,ACC_TYPE,DEATHS,DR_DRINK
6,61235,1,1,2,28,7,1,45,42,0,1,0,6,2,35,472,35472,30,2003,1N6ED26T43C4,1,N,6,E,D,2,6,T,4,3,C,4,0,0,0,000000000,00000000000,0,0,0,1,0,0,0,0,0,0,0,999,0,0,0,12,6,2,42,0,0,0,1,6,93536,6,1,0,0,3,0,68,148,1,0,0,0,0,11,2012,11,2012,9,0,0,0,0,3,2,65,1,8,8,1,0,0,1,13,99,9,4,1,1,0
6,61236,1,1,1,29,7,14,53,24,0,1,0,6,1,12,481,12481,31,2003,1FTRX17W93NB,1,F,T,R,X,1,7,W,9,3,N,B,0,0,0,000000000,00000000000,0,0,0,1,0,0,0,0,0,0,0,70,0,0,0,12,6,2,24,0,0,0,1,6,95206,6,1,0,0,3,0,64,200,0,0,0,0,0,0,0,0,0,0,48,0,0,0,3,3,55,1,8,2,1,0,0,1,1,4,2,4,2,1,0
6,61237,1,2,1,28,7,15,35,1,0,1,0,6,1,84,881,84881,66,1992,1HTHBBEN8NH4,1,H,T,H,B,B,E,N,8,N,H,4,0,0,88,888888888,88888888888,3,5,96,1,0,0,0,0,0,0,0,998,0,0,0,98,0,5,54,0,0,0,1,6,90501,6,1,6,0,3,3,65,175,0,0,0,0,0,0,0,0,0,0,0,0,0,0,1,4,35,1,8,8,1,0,0,1,98,8,9,1,98,0,0
6,61237,2,2,1,28,7,15,35,1,0,1,0,6,1,72,706,72706,80,1987,1HD4CEM25HY1,1,H,D,4,C,E,M,2,5,H,Y,1,0,0,0,000000000,00000000000,0,0,0,1,0,0,0,0,0,0,0,998,0,0,0,0,2,3,1,0,0,0,1,6,90501,6,1,0,0,3,0,64,160,0,0,0,2,0,8,2012,12,2013,4,0,0,0,0,1,4,35,1,8,8,1,0,0,1,9,99,9,1,98,1,0
6,61238,1,1,1,29,7,6,50,33,0,1,0,6,1,37,32,37032,2,2001,1HGCG22531A0,1,H,G,C,G,2,2,5,3,1,A,0,0,0,0,000000000,00000000000,0,0,0,1,0,0,0,0,0,0,0,65,0,1,5,14,6,2,33,0,0,1,1,6,90013,3,1,0,0,2,3,70,170,2,2,0,0,1,1,2012,5,2014,0,48,0,0,0,3,4,55,2,5,8,1,0,0,14,13,99,3,4,1,1,0
6,61239,1,1,1,30,7,20,30,8,0,1,1,99,9,99,999,99999,99,9999,999999999999,9,9,9,9,9,9,9,9,9,9,9,9,0,0,0,000000000,00000000000,0,0,0,1,0,0,0,0,0,0,0,998,0,0,0,98,9,5,8,99,99,0,1,99,99999,9,9,99,0,9,9,999,999,99,99,99,99,99,99,9999,99,9999,4,99,99,99,99,5,5,35,1,8,8,1,0,0,1,10,99,9,2,13,0,0
6,61240,1,1,2,1,8,11,35,33,0,1,0,6,1,37,31,37031,4,2007,1HGFA16517L0,1,H,G,F,A,1,6,5,1,7,L,0,0,0,0,000000000,00000000000,0,0,0,1,0,0,0,0,0,0,0,70,0,1,5,14,6,2,33,0,0,0,1,6,90248,6,1,0,0,3,3,60,180,0,0,0,0,0,0,0,0,0,0,28,48,0,0,2,2,70,1,8,2,1,0,0,1,12,9,2,4,2,1,0
6,61241,1,5,1,4,8,18,8,12,1,1,0,6,1,12,442,12442,20,2000,2FMZA5241YBC,2,F,M,Z,A,5,2,4,1,Y,B,C,0,0,0,000000000,00000000000,0,0,0,1,0,0,0,0,0,0,0,65,0,0,0,12,4,3,12,0,0,0,1,6,92691,6,1,0,0,3,0,65,194,0,0,0,1,0,11,2012,11,2012,4,0,0,0,0,3,7,65,1,1,1,1,0,0,1,50,1,1,1,20,0,0
6,61241,2,5,1,4,8,18,8,12,1,1,0,6,1,49,46,49046,5,2013,JTDKN3DU9D03,J,T,D,K,N,3,D,U,9,D,0,3,0,0,0,000000000,00000000000,0,0,0,1,0,0,0,0,0,0,0,0,0,0,0,6,6,2,12,0,0,0,1,6,92688,6,1,0,0,3,0,72,220,1,0,0,0,0,7,2013,7,2013,0,0,0,0,0,3,7,65,1,1,1,1,0,0,5,53,1,1,1,21,1,0
6,61241,3,5,1,4,8,18,8,12,1,1,0,6,1,30,52,30052,4,2012,1VWAP7A3XCC0,1,V,W,A,P,7,A,3,X,C,C,0,0,0,0,000000000,00000000000,0,0,0,1,0,0,0,0,0,0,0,0,0,0,0,6,4,3,12,0,0,0,1,6,92026,6,1,0,0,3,3,64,168,0,0,0,0,0,0,0,0,0,0,0,0,0,0,3,7,65,1,1,1,1,0,0,5,98,1,1,1,98,0,0
6,61241,4,5,1,4,8,18,8,12,1,1,0,6,3,20,403,20403,14,2006,999999999999,9,9,9,9,9,9,9,9,9,9,9,9,0,0,0,000000000,00000000000,0,0,0,1,0,0,0,0,0,0,0,0,0,0,0,6,2,3,12,0,0,0,1,6,90802,6,1,0,0,3,3,71,183,0,0,0,0,0,0,0,0,0,0,0,0,0,0,3,7,65,1,1,1,1,0,0,5,98,1,1,1,98,0,0
6,61241,5,5,2,4,8,18,8,12,1,1,0,6,2,35,401,35401,14,2005,5N1AR18UX5C7,5,N,1,A,R,1,8,U,X,5,C,7,0,0,0,000000000,00000000000,0,0,0,1,0,0,0,0,0,0,0,0,0,0,0,6,2,5,12,0,0,0,1,6,92802,6,1,0,0,3,0,70,150,0,0,0,0,0,0,0,0,0,0,0,0,0,0,3,7,65,1,1,1,1,0,0,5,98,1,1,1,98,0,0
6,61242,1,1,2,19,7,1,32,24,0,1,0,6,2,48,401,48401,14,2010,JF2SH6EC0AH7,J,F,2,S,H,6,E,C,0,A,H,7,0,0,0,000000000,00000000000,0,0,0,1,0,0,0,0,0,0,0,93,0,1,5,1,6,2,8,0,0,0,1,6,93001,6,1,0,0,3,3,68,130,0,0,0,1,0,10,2013,10,2013,4,48,0,0,0,3,2,35,3,6,2,1,0,0,14,13,6,2,4,1,0,1
6,61243,1,1,1,13,6,19,50,8,0,1,0,6,1,35,43,35043,4,2006,3N1CB51D96L5,3,N,1,C,B,5,1,D,9,6,L,5,0,0,0,000000000,00000000000,0,0,0,1,0,0,0,0,0,0,0,35,0,0,0,12,4,5,8,0,0,0,1,6,95610,6,1,0,0,3,0,66,109,0,0,0,0,0,0,0,0,0,0,0,0,0,0,1,4,45,1,1,2,1,0,0,1,80,3,2,1,13,0,0
6,61244,1,2,1,26,7,8,20,12,6,1,0,6,2,49,40,49040,6,1993,4T1SK12W6PU2,4,T,1,S,K,1,2,W,6,P,U,2,0,0,0,000000000,00000000000,0,0,0,1,0,0,0,0,0,0,0,998,0,0,0,82,4,3,12,0,0,0,1,6,91342,6,1,0,0,3,0,61,105,0,0,0,0,0,0,0,0,0,0,38,0,0,0,1,6,45,8,8,8,1,3,3,11,15,1,1,1,68,0,0
6,61244,2,2,1,26,7,8,20,12,6,1,0,6,1,76,705,76705,80,2012,JYARJ16Y3CA0,J,Y,A,R,J,1,6,Y,3,C,A,0,0,0,0,000000000,00000000000,0,0,0,1,0,0,0,0,0,0,0,998,0,0,0,12,6,2,12,0,0,0,1,6,91335,6,1,0,0,3,0,67,185,2,1,0,0,0,1,2012,9,2013,0,0,0,0,0,1,6,45,8,8,8,1,3,3,1,62,3,2,1,69,1,0
6,61245,1,2,2,26,7,10,50,12,6,1,0,6,1,37,32,37032,2,2006,1HGCM82706A0,1,H,G,C,M,8,2,7,0,6,A,0,0,0,0,000000000,00000000000,0,0,0,1,0,0,0,0,0,0,0,999,0,0,0,61,6,2,12,0,0,0,1,6,93250,6,1,0,0,3,3,68,195,1,0,0,0,0,3,2012,3,2012,9,39,0,0,0,1,2,55,8,8,2,1,20,3,1,17,1,1,1,89,2,0
6,61245,2,2,2,26,7,10,50,12,6,1,0,6,3,12,881,12881,63,2013,3FRPF7FC3DV0,3,F,R,P,F,7,F,C,3,D,V,0,0,0,6,200089,06200089,3,1,3,1,0,0,0,0,0,0,0,50,0,1,1,12,6,2,12,0,0,0,1,6,93215,1,1,1,0,2,0,70,150,0,2,0,0,1,12,2013,2,2014,0,0,0,0,0,1,2,55,8,8,2,1,0,0,1,17,1,1,1,88,0,0
6,61246,1,3,1,5,8,21,13,33,0,1,0,6,1,37,703,37703,80,2013,MLHMC4103D53,M,L,H,M,C,4,1,0,3,D,5,3,0,0,0,000000000,00000000000,0,0,0,1,0,0,0,0,0,0,0,999,0,0,0,12,2,3,1,0,0,0,1,6,92647,6,1,0,0,3,0,70,200,0,0,0,1,0,5,2014,5,2014,4,0,0,0,0,6,1,65,2,8,1,1,0,0,14,6,99,9,4,7,1,0
6,61246,2,3,2,5,8,21,13,33,0,1,0,6,2,49,472,49472,30,2004,5TEVL52N24Z4,5,T,E,V,L,5,2,N,2,4,Z,4,0,0,0,000000000,00000000000,0,0,0,1,0,0,0,0,0,0,0,58,0,0,0,12,2,5,54,0,0,0,1,6,92780,6,1,0,0,3,3,66,133,0,0,0,0,0,0,0,0,0,0,0,0,0,0,3,6,65,1,8,8,1,0,0,1,98,1,1,1,98,0,0
6,61246,3,3,4,5,8,21,13,33,0,1,0,32,1,19,18,19018,4,2005,1G6DP5676501,1,G,6,D,P,5,6,7,6,5,0,1,0,0,0,000000000,00000000000,0,0,0,1,0,0,0,0,0,0,0,58,0,0,0,1,2,5,54,0,0,0,1,6,90755,6,1,0,0,3,3,67,178,0,0,0,0,0,0,0,0,0,0,0,0,0,0,3,6,65,1,8,8,1,0,0,1,98,1,1,1,98,0,0
6,61247,1,2,1,26,7,10,50,12,2,1,0,6,4,20,28,20028,4,2013,1G1JC5SG1D42,1,G,1,J,C,5,S,G,1,D,4,2,0,0,0,000000000,00000000000,0,0,0,1,0,0,0,0,0,0,0,57,0,0,0,12,6,2,12,0,0,0,1,6,95134,6,1,0,0,3,3,76,187,0,0,0,0,0,0,0,0,0,0,48,0,0,0,1,2,55,8,6,2,1,0,0,1,10,1,1,2,50,1,0
6,61247,2,2,2,26,7,10,50,12,2,1,0,6,2,12,481,12481,31,2009,1FTWW31R99EA,1,F,T,W,W,3,1,R,9,9,E,A,0,0,0,000000000,00000000000,0,0,0,1,0,0,0,0,0,0,0,57,0,0,0,12,6,2,12,0,0,0,1,6,95663,6,1,0,0,3,0,73,175,0,0,0,0,0,0,0,0,0,0,0,0,0,0,1,2,55,8,6,2,1,0,0,1,62,4,1,1,51,0,0
6,61248,1,2,1,26,7,21,5,12,2,1,0,6,2,12,461,12461,21,1988,1FDEE14N4JHB,1,F,D,E,E,1,4,N,4,J,H,B,0,0,0,000000000,00000000000,0,0,0,1,0,0,0,0,0,0,0,998,0,0,0,12,6,2,12,0,0,0,1,6,90044,0,0,0,0,0,0,65,130,1,0,0,0,0,6,2013,6,2013,0,38,0,0,0,5,5,35,8,1,8,1,0,0,11,15,1,1,1,68,0,0
6,61248,2,2,2,26,7,21,5,12,2,1,0,6,1,72,706,72706,80,2010,1HD1FB414AB6,1,H,D,1,F,B,4,1,4,A,B,6,0,0,0,000000000,00000000000,0,0,0,1,0,0,0,0,0,0,0,35,0,0,0,12,6,2,12,0,0,0,1,6,90059,6,1,6,0,3,0,72,250,0,0,0,0,0,0,0,0,0,0,0,0,0,0,5,5,35,1,1,8,1,0,0,1,62,1,1,1,69,1,1
6,61249,1,2,1,5,8,13,10,12,2,1,0,6,1,37,32,37032,4,1995,1HGCD5654SA0,1,H,G,C,D,5,6,5,4,S,A,0,0,0,0,000000000,00000000000,0,0,0,1,0,0,0,0,0,0,0,999,0,0,0,12,6,2,12,0,0,0,1,6,93274,0,0,0,0,0,0,66,160,0,0,0,0,0,0,0,0,0,9,28,0,0,0,1,2,55,1,1,2,1,0,0,1,10,1,1,2,50,1,1
6,61249,2,2,1,5,8,13,10,12,2,1,0,6,2,7,472,7472,30,2000,1B7GG2AN8YS6,1,B,7,G,G,2,A,N,8,Y,S,6,0,0,0,000000000,00000000000,0,0,0,1,0,0,0,0,0,0,0,55,0,0,0,12,6,2,12,0,0,0,1,6,95531,6,1,0,0,3,0,71,190,0,0,0,0,0,0,0,0,0,0,0,0,0,0,1,2,55,1,1,2,1,0,0,1,62,1,1,1,51,0,0
6,61250,1,1,1,1,10,5,54,8,0,1,1,6,2,20,481,20481,40,2007,1GCEC19VX7Z1,1,G,C,E,C,1,9,V,X,7,Z,1,0,0,0,000000000,00000000000,0,0,0,1,0,0,0,0,0,0,0,40,0,0,0,12,2,3,8,0,0,0,1,6,95827,6,1,0,0,3,0,65,170,0,0,0,0,0,0,0,0,0,0,38,0,0,0,1,2,35,1,1,2,1,20,3,11,80,1,1,1,13,0,0
6,61251,1,2,1,5,8,6,45,43,0,1,0,6,1,82,881,82881,66,1997,1FUYDCYB6VP7,1,F,U,Y,D,C,Y,B,6,V,P,7,1,1,6,63059,0663059,3,6,4,1,0,0,0,0,0,0,0,58,0,0,0,12,6,2,12,0,0,0,1,6,92220,6,1,6,0,3,0,72,187,0,0,0,0,0,0,0,0,0,0,24,0,0,0,2,2,55,1,1,2,1,0,0,1,12,1,1,4,6,1,0
6,61251,2,2,1,5,8,6,45,43,0,1,0,6,3,85,881,85881,66,1998,1XKDDU9X2WR7,1,X,K,D,D,U,9,X,2,W,R,7,1,1,57,245718,57245718,3,6,3,1,0,0,0,0,0,0,0,60,0,0,0,62,6,2,12,0,0,0,1,4,85630,6,1,6,0,3,0,68,220,0,2,0,0,0,5,2014,6,2014,0,0,0,0,0,2,2,55,1,1,2,1,0,0,1,62,12,1,1,98,0,0
6,61252,1,1,1,1,10,6,5,8,0,1,1,6,1,20,441,20441,20,1997,1GNDM19W8VB1,1,G,N,D,M,1,9,W,8,V,B,1,0,0,0,000000000,00000000000,0,0,0,1,0,0,0,0,0,0,0,999,0,0,0,12,4,3,8,0,0,0,1,6,90033,0,0,0,0,0,0,66,160,0,1,0,0,0,12,2011,12,2011,0,38,0,0,0,1,4,35,1,1,2,1,20,3,1,80,99,1,1,13,0,0
6,61253,1,4,2,29,4,18,33,12,6,1,1,32,4,20,422,20422,15,2012,1GNSKJE77CR2,1,G,N,S,K,J,E,7,7,C,R,2,0,0,0,000000000,00000000000,0,0,0,1,0,0,0,0,0,0,0,85,0,1,1,81,6,2,8,0,0,0,1,13,30331,6,1,0,0,3,0,66,180,98,1,0,0,1,5,2011,3,2013,3,39,0,0,0,1,7,40,1,1,2,1,3,3,1,17,1,1,1,84,0,0
6,61253,2,4,1,29,4,18,33,12,6,1,0,6,2,35,43,35043,4,2007,3N1AB61E27L7,3,N,1,A,B,6,1,E,2,7,L,7,0,0,0,000000000,00000000000,0,0,0,1,0,0,0,0,0,0,0,3,0,0,0,12,6,2,12,0,0,0,1,6,90303,6,1,0,0,3,0,60,173,0,0,0,0,2,10,2012,12,2013,0,0,0,0,0,1,2,30,1,1,2,1,3,3,4,15,1,1,1,84,0,0
6,61253,3,4,2,29,4,18,33,12,6,1,0,6,1,35,50,35050,4,2014,3N1CN7AP0EL8,3,N,1,C,N,7,A,P,0,E,L,8,0,0,0,000000000,00000000000,0,0,0,1,0,0,0,0,0,0,0,10,0,0,0,61,2,5,54,0,0,0,1,6,90503,6,1,0,0,3,3,68,180,0,0,0,0,0,0,0,0,0,0,0,0,0,0,1,7,40,1,1,2,1,0,0,2,98,1,1,1,98,0,0
6,61253,4,4,3,29,4,18,33,12,6,1,0,6,4,55,41,55041,4,2013,KMHGC4DD7DU2,K,M,H,G,C,4,D,D,7,D,U,2,0,0,0,000000000,00000000000,0,0,0,1,0,0,0,0,0,0,0,998,0,0,0,63,2,5,12,0,0,0,1,26,90250,1,1,0,0,2,0,70,165,2,2,0,0,0,8,2013,3,2014,0,0,0,0,0,0,0,0,0,0,0,0,0,0,10,98,1,1,1,98,0,0
6,61254,1,2,1,27,7,9,8,12,1,1,0,6,1,6,43,6043,1,2004,1C3EL45R84N2,1,C,3,E,L,4,5,R,8,4,N,2,0,0,0,000000000,00000000000,0,0,0,1,0,0,0,0,0,0,0,65,0,0,0,12,4,3,12,0,0,0,1,6,94544,6,1,0,0,3,0,65,120,0,0,0,0,0,0,0,0,0,0,27,0,0,0,3,4,65,1,8,2,1,0,0,1,1,1,4,2,32,0,0
6,61254,2,2,4,27,7,9,8,12,1,1,0,6,2,49,46,49046,5,2012,JTDKDTB37C10,J,T,D,K,D,T,B,3,7,C,1,0,0,0,0,000000000,00000000000,0,0,0,1,0,0,0,0,0,0,0,40,0,0,0,6,6,2,12,0,0,0,1,6,94603,6,1,0,0,3,0,66,125,0,0,0,0,0,0,0,0,0,0,0,0,0,0,3,4,65,1,8,2,1,0,0,1,60,1,1,1,32,1,0
6,61255,1,2,4,17,7,18,42,12,6,1,1,6,1,59,401,59401,14,2000,JT6HF10U5Y01,J,T,6,H,F,1,0,U,5,Y,0,1,0,0,0,000000000,00000000000,0,0,0,1,0,0,0,0,0,0,0,18,0,0,0,9,4,3,12,0,0,0,1,6,93304,0,0,0,0,0,0,68,160,0,0,0,0,0,0,0,0,0,0,36,38,91,0,1,2,25,1,1,1,1,20,3,11,15,99,1,1,82,0,0
6,61255,2,2,1,17,7,18,42,12,6,1,0,4,2,73,706,73706,80,2014,JKAZXCK15EA0,J,K,A,Z,X,C,K,1,5,E,A,0,0,0,0,000000000,00000000000,0,0,0,1,0,0,0,0,0,0,0,28,0,0,0,12,6,2,12,0,0,0,1,6,93307,1,1,0,0,2,0,67,250,1,2,0,0,0,10,2012,5,2013,0,0,0,0,0,5,3,40,1,1,1,1,0,0,1,67,1,1,1,83,1,0
6,61256,1,2,2,27,7,19,20,12,6,1,0,6,2,63,32,63032,4,2014,KNADM4A37E63,K,N,A,D,M,4,A,3,7,E,6,3,0,0,0,000000000,00000000000,0,0,0,1,0,0,0,0,0,0,0,998,0,0,0,9,4,3,12,0,0,0,1,6,90047,0,0,0,0,0,0,60,100,0,0,0,0,0,0,0,0,0,0,39,0,0,0,1,2,25,8,8,8,1,20,3,1,17,1,1,1,89,0,1
6,61256,2,2,1,27,7,19,20,12,6,1,0,92,0,99,709,99709,88,9999,999999999999,9,9,9,9,9,9,9,9,9,9,9,9,0,0,0,000000000,00000000000,0,0,0,1,0,0,0,0,0,0,0,998,0,0,0,12,4,3,12,0,0,0,1,6,90043,6,1,0,0,2,3,69,215,1,0,0,0,1,1,2012,2,2014,0,39,0,0,0,1,2,25,8,8,8,1,20,3,1,17,1,1,1,88,1,0
6,61257,1,1,1,1,10,11,14,9,0,1,1,6,2,37,32,37032,4,2000,JHMCG6687YC0,J,H,M,C,G,6,6,8,7,Y,C,0,0,0,0,000000000,00000000000,0,0,0,1,0,0,0,0,0,0,0,60,0,0,0,12,4,3,9,0,0,0,1,6,93444,1,1,0,0,2,0,66,149,0,0,0,0,0,0,0,0,0,3,48,0,0,0,1,2,50,1,1,2,1,0,0,1,13,99,1,4,13,0,1
6,61258,1,2,1,5,8,11,38,54,11,1,0,6,1,87,881,87881,66,2000,1XPCDU9X9YD5,1,X,P,C,D,U,9,X,9,Y,D,5,1,1,57,1239631,571239631,3,6,10,1,0,0,0,0,0,0,0,998,0,1,1,18,6,2,54,0,0,0,1,6,96057,6,1,6,0,3,0,70,190,0,0,0,0,2,4,2013,7,2014,4,28,0,0,0,1,2,55,2,6,1,1,28,3,14,6,99,1,2,98,0,0
6,61258,2,2,1,5,8,11,38,54,11,1,0,53,2,76,706,76706,80,2002,JYARN07E32A0,J,Y,A,R,N,0,7,E,3,2,A,0,0,0,0,000000000,00000000000,0,0,0,1,0,0,0,0,0,0,0,38,0,0,0,98,4,3,54,0,0,0,1,53,98038,6,1,0,0,3,0,67,150,0,0,0,0,0,0,0,0,0,0,0,0,0,0,1,2,55,3,5,1,1,28,3,14,98,1,1,1,98,1,0
6,61259,1,2,1,1,8,16,34,12,6,1,0,6,1,34,35,34035,4,1995,WBAHD6329SGK,W,B,A,H,D,6,3,2,9,S,G,K,0,0,0,000000000,00000000000,0,0,0,1,0,0,0,0,0,0,0,998,0,0,0,61,6,2,12,0,0,0,1,6,90650,6,1,0,0,3,0,71,155,0,0,0,0,0,0,0,0,0,0,38,0,0,0,0,0,0,0,0,0,0,0,0,11,15,99,1,7,82,1,0
6,61259,2,2,2,1,8,16,34,12,6,1,0,6,1,12,25,12025,6,2011,2FMGK5DC9BBD,2,F,M,G,K,5,D,C,9,B,B,D,0,0,0,000000000,00000000000,0,0,0,1,0,0,0,0,0,0,0,998,0,0,0,12,6,2,12,0,0,0,1,6,92807,6,1,0,0,3,3,64,125,0,0,0,0,0,0,0,0,0,0,0,0,0,0,5,5,40,1,1,2,1,0,0,1,72,99,1,1,83,0,0
6,61260,1,2,2,25,7,20,21,12,6,1,0,6,1,35,47,35047,4,2008,1N4AL21E98C1,1,N,4,A,L,2,1,E,9,8,C,1,0,0,0,000000000,00000000000,0,0,0,1,0,0,0,0,0,0,0,998,0,0,0,61,4,3,12,0,0,0,1,6,92544,6,1,0,0,3,0,66,155,0,0,0,0,1,7,2012,7,2012,0,38,0,0,0,1,2,25,1,1,2,1,20,3,11,15,99,1,1,82,0,0
6,61260,2,2,1,25,7,20,21,12,6,1,0,6,1,37,705,37705,80,2006,JH2PC35106M7,J,H,2,P,C,3,5,1,0,6,M,7,0,0,0,000000000,00000000000,0,0,0,1,0,0,0,0,0,0,0,998,0,0,0,12,6,2,12,0,0,0,1,6,92548,6,1,0,0,3,3,65,135,0,0,0,0,0,0,0,0,0,0,0,0,0,0,2,1,40,1,8,2,1,0,0,1,67,99,1,1,83,1,0
6,61261,1,3,3,27,7,21,20,12,1,1,0,6,2,52,46,52046,4,2009,JA3AU86W69U0,J,A,3,A,U,8,6,W,6,9,U,0,0,0,0,000000000,00000000000,0,0,0,1,0,0,0,0,0,0,0,999,0,1,1,12,6,2,12,0,0,0,1,6,92571,1,1,0,0,2,0,69,210,0,1,0,1,1,6,2013,2,2014,4,0,0,0,0,1,2,55,8,8,2,1,0,0,6,51,7,1,2,24,2,1
6,61261,2,3,1,27,7,21,20,12,1,1,0,6,1,23,422,23422,15,2004,1GKEC13VX4R2,1,G,K,E,C,1,3,V,X,4,R,2,0,0,0,000000000,00000000000,0,0,0,1,0,0,0,0,0,0,0,50,0,0,0,6,4,3,12,0,0,0,1,6,92571,6,1,0,0,3,3,70,175,0,0,0,0,0,0,0,0,0,0,0,0,0,0,1,2,55,8,8,2,1,0,0,1,53,1,1,1,25,0,0
6,61261,3,3,2,27,7,21,20,12,1,1,0,6,1,49,32,49032,4,2010,2T1BU4EE9AC5,2,T,1,B,U,4,E,E,9,A,C,5,0,0,0,000000000,00000000000,0,0,0,1,0,0,0,0,0,0,0,55,0,0,0,12,6,2,12,0,0,0,1,6,92567,6,1,0,0,3,0,65,152,1,0,0,0,0,4,2012,4,2012,0,0,0,0,0,1,2,55,8,8,2,1,0,0,1,62,2,1,1,98,0,0
6,61262,1,1,1,1,10,14,20,8,0,1,0,6,2,82,881,82881,66,1999,1FUYDZYB9XL9,1,F,U,Y,D,Z,Y,B,9,X,L,9,1,1,57,0193134,570193134,3,6,1,1,0,0,0,0,0,0,0,999,0,0,0,12,0,5,8,0,0,0,1,6,90003,6,1,6,1,3,3,72,250,0,0,0,0,0,0,0,0,0,0,0,0,0,0,1,5,35,1,1,2,1,0,0,1,80,4,1,1,13,0,0
6,61263,1,2,1,2,10,20,22,12,2,1,0,6,2,49,32,49032,4,2006,JTDBR32E3600,J,T,D,B,R,3,2,E,3,6,0,0,0,0,0,000000000,00000000000,0,0,0,1,0,0,0,0,0,0,0,998,0,0,0,12,6,2,12,0,0,0,1,6,91766,6,1,0,0,3,0,62,102,0,0,0,0,0,0,0,0,0,0,38,0,0,0,1,4,40,1,8,2,1,3,3,11,15,1,1,1,68,0,0
6,61263,2,2,2,2,10,20,22,12,2,1,0,6,1,53,705,53705,80,2009,JS1VP54A8921,J,S,1,V,P,5,4,A,8,9,2,1,0,0,0,000000000,00000000000,0,0,0,1,0,0,0,0,0,0,0,40,0,0,0,12,6,2,12,0,0,0,1,6,92084,6,1,0,0,3,3,75,190,0,0,0,0,0,0,0,0,0,0,0,0,0,0,1,4,40,1,8,2,1,3,3,1,62,1,1,1,69,1,0
6,61264,1,1,1,29,7,6,42,59,0,1,0,6,3,20,481,20481,31,2011,1GC1KVC87BF2,1,G,C,1,K,V,C,8,7,B,F,2,0,0,0,000000000,00000000000,0,0,0,1,0,0,0,0,0,0,0,998,0,0,0,2,4,3,8,0,0,0,1,6,93309,6,1,0,0,3,0,67,250,2,0,0,2,0,6,2012,6,2014,4,48,91,0,0,1,2,40,8,8,1,1,0,0,1,13,1,1,4,1,0,0
6,61265,1,1,4,25,7,21,22,17,0,1,0,6,2,49,40,49040,4,1995,JT2SK12EXS03,J,T,2,S,K,1,2,E,X,S,0,3,0,0,0,000000000,00000000000,0,0,0,1,0,0,0,0,0,0,0,80,0,1,6,81,6,2,17,0,0,1,1,6,95527,1,1,1,0,2,0,74,230,0,7,1,0,0,10,2011,3,2014,0,48,0,0,0,1,2,55,3,8,2,1,0,0,14,13,6,4,4,7,1,1
6,61266,1,3,1,31,7,12,20,12,1,1,1,93,3,85,881,85881,66,2012,1XKAD49XXCJ3,1,X,K,A,D,4,9,X,X,C,J,3,1,1,57,02272021,5702272021,3,6,1,1,0,0,0,0,0,0,0,50,0,0,0,12,6,2,12,0,0,0,1,6,90011,6,1,6,0,3,3,66,170,0,0,0,0,0,0,0,0,0,4,0,0,0,0,1,2,55,1,1,2,1,20,3,1,50,6,1,2,20,0,1
6,61266,2,3,4,31,7,12,20,12,1,1,0,6,2,63,33,63033,4,2003,KNAFB1213352,K,N,A,F,B,1,2,1,3,3,5,2,0,0,0,000000000,00000000000,0,0,0,1,0,0,0,0,0,0,0,0,0,0,0,6,6,2,12,0,0,0,1,6,93662,0,0,0,0,0,0,65,150,0,0,0,0,0,0,0,0,0,0,0,0,0,0,1,2,55,1,1,2,1,20,3,5,53,1,1,1,21,2,0
6,61266,3,3,1,31,7,12,20,12,1,1,0,6,3,87,881,87881,66,2015,1XPBDP9X3FD2,1,X,P,B,D,P,9,X,3,F,D,2,1,1,57,196582,57196582,3,6,1,1,0,0,0,0,0,0,0,998,0,0,0,7,6,2,12,0,0,0,1,6,93654,6,1,6,0,3,0,67,198,0,0,0,0,0,0,0,0,0,0,0,0,0,0,1,2,55,1,1,2,1,20,3,4,98,1,1,1,98,0,0
6,61267,1,2,1,27,7,1,20,12,6,1,1,6,1,49,401,49401,14,1997,JT3GN86R4V00,J,T,3,G,N,8,6,R,4,V,0,0,0,0,0,000000000,00000000000,0,0,0,1,0,0,0,0,0,0,0,998,0,0,0,12,6,2,12,0,0,0,1,6,92084,6,1,0,0,3,0,71,147,0,0,0,0,0,0,0,0,0,0,39,0,0,0,2,3,45,8,6,2,1,3,3,1,17,1,1,1,88,0,1