STATE,ST_CASE,VEH_NO,VE_FORMS,NUMOCCS,DAY,MONTH,HOUR,MINUTE,HARM_EV,MAN_COLL,UNITTYPE,HIT_RUN,REG_STAT,OWNER,MAKE,MODEL,MAK_MOD,BODY_TYP,MOD_YEAR,VIN,VIN_1,VIN_2,VIN_3,VIN_4,VIN_5,VIN_6,VIN_7,VIN_8,VIN_9,VIN_10,VIN_11,VIN_12,TOW_VEH,J_KNIFE,MCARR_I1,MCARR_I2,MCARR_ID,GVWR,V_CONFIG,CARGO_BT,HAZ_INV,HAZ_PLAC,HAZ_ID,HAZ_CNO,HAZ_REL,BUS_USE,SPEC_USE,EMER_USE,TRAV_SP,UNDERIDE,ROLLOVER,ROLINLOC,IMPACT1,DEFORMED,TOWED,M_HARM,VEH_SC1,VEH_SC2,FIRE_EXP,DR_PRES,L_STATE,DR_ZIP,L_STATUS,L_TYPE,CDL_STAT,L_ENDORS,L_COMPL,L_RESTRI,DR_HGT,DR_WGT,PREV_ACC,PREV_SUS,PREV_DWI,PREV_SPD,PREV_OTH,FIRST_MO,FIRST_YR,LAST_MO,LAST_YR,SPEEDREL,DR_SF1,DR_SF2,DR_SF3,DR_SF4,VTRAFWAY,VNUM_LAN,VSPD_LIM,VALIGN,VPROFILE,VPAVETYP,VSURCOND,VTRAFCON,VTCONT_F,P_CRASH1,P_CRASH2,P_CRASH3,PCRASH4,PCRASH5,ACC_TYPE,DEATHS,DR_DRINK
6,61437,1,2,1,4,11,10,35,12,6,1,0,6,1,24,7,24007,4,2006,1G8AJ55F46Z2,1,G,8,A,J,5,5,F,4,6,Z,2,0,0,0,000000000,00000000000,0,0,0,1,0,0,0,0,0,0,0,999,0,0,0,9,6,2,12,0,0,0,1,6,92567,6,1,0,0,3,3,68,185,0,0,0,0,0,0,0,0,0,9,38,0,0,0,1,2,25,1,8,2,1,20,3,11,15,1,1,1,82,1,0
6,61437,2,2,2,4,11,10,35,12,6,1,0,6,1,20,421,20421,15,2008,1GNFC13068J2,1,G,N,F,C,1,3,0,6,8,J,2,0,0,0,000000000,00000000000,0,0,0,1,0,0,0,0,0,0,0,35,0,0,0,12,6,2,12,0,0,0,1,6,92567,6,1,0,0,3,0,64,115,1,0,0,0,0,1,2014,1,2014,0,0,0,0,0,1,2,35,1,8,2,1,0,0,1,67,8,1,1,83,0,0
6,61438,1,2,1,4,3,16,40,12,2,1,0,6,2,7,472,7472,30,1989,1B7FL16G7KS1,1,B,7,F,L,1,6,G,7,K,S,1,0,0,0,000000000,00000000000,0,0,0,1,0,0,0,0,0,0,0,55,0,0,0,12,6,2,12,0,0,0,1,6,92582,6,1,0,0,3,0,69,200,0,0,0,0,0,0,0,0,0,0,28,0,0,0,1,2,55,1,1,2,1,0,0,1,10,1,1,2,50,1,0
6,61438,2,2,1,4,3,16,40,12,2,1,0,6,2,37,31,37031,4,2010,19XFA1F38AE0,1,9,X,F,A,1,F,3,8,A,E,0,0,0,0,000000000,00000000000,0,0,0,1,0,0,0,0,0,0,0,55,0,0,0,12,6,2,12,0,0,0,1,6,92545,6,1,0,0,3,3,62,110,0,0,0,0,0,0,0,0,0,0,0,0,0,0,1,2,55,1,1,2,1,0,0,1,62,1,1,1,51,0,0
6,61439,1,1,1,14,11,17,50,8,0,1,1,99,9,99,999,99999,99,9999,999999999999,9,9,9,9,9,9,9,9,9,9,9,9,9,0,99,999999999,99999999999,9,99,99,1,0,0,0,0,99,99,9,999,0,0,0,62,2,5,8,0,0,0,1,99,99999,9,9,99,9,9,9,999,999,99,99,99,99,99,99,9999,99,9999,9,38,0,0,0,1,4,40,1,8,8,1,0,0,1,80,99,1,1,13,0,0
6,61440,1,1,1,14,11,17,17,8,0,1,0,6,1,49,402,49402,14,2014,2T3ZFREV6EW0,2,T,3,Z,F,R,E,V,6,E,W,0,0,0,0,000000000,00000000000,0,0,0,1,0,0,0,0,0,0,0,63,0,0,0,1,6,2,8,0,0,0,1,6,95630,6,1,0,0,3,3,67,150,0,0,0,0,0,0,0,0,0,0,0,0,0,0,3,5,65,1,8,2,1,0,0,1,80,1,1,1,13,0,0
6,61441,1,1,2,24,8,15,55,42,0,1,0,6,2,72,706,72706,80,2003,1HD1GEV523K3,1,H,D,1,G,E,V,5,2,3,K,3,0,0,0,000000000,00000000000,0,0,0,1,0,0,0,0,0,0,0,20,0,0,0,82,6,2,1,0,0,0,1,6,91916,6,1,0,0,2,2,72,190,0,0,0,0,0,0,0,0,0,0,74,0,0,0,1,2,55,3,5,2,1,0,0,3,13,7,1,4,1,1,1
6,61442,1,1,2,28,2,14,17,30,0,1,0,6,1,41,51,41051,4,2007,JM1BK1240716,J,M,1,B,K,1,2,4,0,7,1,6,0,0,0,000000000,00000000000,0,0,0,1,0,0,0,0,0,0,0,998,0,0,0,9,6,2,30,0,0,0,1,6,92223,6,1,0,0,3,0,74,160,0,0,0,0,0,0,0,0,0,4,0,0,0,0,1,2,45,8,8,2,2,0,0,1,6,1,3,4,2,1,1
6,61443,1,1,1,14,11,7,0,8,0,1,0,6,2,58,37,58037,4,2005,JNKCV51E75M2,J,N,K,C,V,5,1,E,7,5,M,2,0,0,0,000000000,00000000000,0,0,0,1,0,0,0,0,0,0,0,998,0,0,0,82,2,5,8,0,0,0,1,6,93274,6,1,0,0,3,3,67,140,0,0,0,0,0,0,0,0,0,0,38,0,0,0,1,4,40,1,1,2,1,0,0,1,80,99,1,1,13,0,0
6,61444,1,1,3,4,11,12,14,1,0,1,0,6,2,20,431,20431,16,2002,1GNEC16T62J3,1,G,N,E,C,1,6,T,6,2,J,3,0,0,0,000000000,00000000000,0,0,0,1,0,0,0,0,0,0,0,70,0,1,1,0,6,2,1,0,0,0,1,32,89060,6,1,0,0,3,0,63,170,0,0,0,0,1,10,2012,10,2012,0,58,0,0,0,2,2,65,1,1,2,1,0,0,1,12,7,3,6,98,1,0
6,61445,1,1,3,13,11,22,50,8,0,1,0,6,1,51,47,51047,4,2008,YV1RS592X826,Y,V,1,R,S,5,9,2,X,8,2,6,0,0,0,000000000,00000000000,0,0,0,1,0,0,0,0,0,0,0,998,0,0,0,12,6,2,8,0,0,0,1,6,90025,6,1,0,0,3,0,71,180,0,0,0,0,1,11,2013,11,2013,0,38,0,0,0,1,5,30,1,1,2,2,0,0,1,80,1,1,1,13,0,0
6,61446,1,1,1,9,1,15,3,33,0,1,0,6,1,7,21,7021,6,2005,2D4GZ48V35H6,2,D,4,G,Z,4,8,V,3,5,H,6,0,0,0,000000000,00000000000,0,0,0,1,0,0,0,0,0,0,0,998,0,0,0,14,6,2,23,0,0,0,1,6,94545,3,1,0,0,2,0,66,190,1,0,0,0,0,12,2013,12,2013,0,0,0,0,0,3,2,50,1,1,2,1,0,0,1,8,99,1,4,1,1,0
6,61447,1,3,1,4,11,14,30,24,0,1,0,6,3,12,37,12037,4,2013,1FADP3F28DL3,1,F,A,D,P,3,F,2,8,D,L,3,0,0,0,000000000,00000000000,0,0,0,1,0,0,0,0,0,0,0,65,0,0,0,12,6,2,12,0,0,0,1,6,94556,6,1,0,0,3,0,72,185,0,2,0,0,0,9,2012,12,2012,0,99,99,99,99,3,3,65,1,8,2,1,0,0,1,12,1,1,4,6,1,0
6,61447,2,3,1,4,11,14,30,24,0,1,0,6,3,85,881,85881,66,2014,1XKAD49X1EJ4,1,X,K,A,D,4,9,X,1,E,J,4,1,1,57,2270475,572270475,3,6,1,1,0,0,0,0,0,0,0,55,0,0,0,12,4,5,12,0,0,0,1,6,94587,6,1,6,0,3,0,71,190,0,0,0,0,0,0,0,0,0,0,0,0,0,0,3,3,65,1,8,2,1,0,0,1,60,9,1,1,98,0,0
6,61447,3,3,1,4,11,14,30,24,0,1,0,6,1,22,18,22018,4,1993,1G2NE54NXPC8,1,G,2,N,E,5,4,N,X,P,C,8,0,0,0,000000000,00000000000,0,0,0,1,0,0,0,0,0,0,0,65,0,0,0,12,2,5,12,0,0,0,1,6,95023,6,1,0,0,3,3,70,175,0,0,0,0,0,0,0,0,0,0,0,0,0,0,3,3,65,1,8,2,1,0,0,1,60,9,1,1,98,0,0
6,61448,1,1,1,12,11,20,30,8,0,1,0,6,1,49,401,49401,14,1994,JT3VN39W7R01,J,T,3,V,N,3,9,W,7,R,0,1,0,0,0,000000000,00000000000,0,0,0,1,0,0,0,0,0,0,0,998,0,0,0,12,2,3,8,0,0,0,1,6,90504,6,1,0,0,3,3,69,135,0,0,0,0,1,2,2014,2,2014,0,0,0,0,0,1,4,35,1,8,2,1,0,0,1,80,99,1,1,13,0,0
6,61449,1,1,1,11,3,22,0,30,0,1,0,6,1,49,50,49050,3,2006,JTKDE1672600,J,T,K,D,E,1,6,7,2,6,0,0,0,0,0,000000000,00000000000,0,0,0,1,0,0,0,0,0,0,0,89,0,0,0,4,6,2,30,0,0,0,1,6,92376,6,1,0,0,3,0,71,210,0,0,0,0,0,0,0,0,0,4,8,58,0,0,5,4,45,1,1,2,1,0,0,1,6,6,4,4,6,1,1
6,61450,1,1,2,24,8,21,44,8,0,1,0,6,2,12,401,12401,14,1998,1FMZU32EXWZA,1,F,M,Z,U,3,2,E,X,W,Z,A,0,0,0,000000000,00000000000,0,0,0,1,0,0,0,0,0,0,0,998,0,0,0,12,6,2,8,0,0,0,1,6,95991,6,1,0,0,3,0,63,160,0,0,0,0,0,0,0,0,0,0,0,0,0,0,3,3,35,1,1,2,1,2,3,1,80,4,1,1,13,0,0
6,61451,1,1,1,4,11,17,20,38,0,1,0,6,1,37,705,37705,80,1986,JH2PC0818GM3,J,H,2,P,C,0,8,1,8,G,M,3,0,0,0,000000000,00000000000,0,0,0,1,0,0,0,0,0,0,0,35,0,0,0,12,6,2,38,0,0,0,1,6,92544,6,1,0,0,3,0,66,165,0,0,0,0,0,0,0,0,0,0,0,0,0,0,1,2,30,3,8,2,1,0,0,14,13,1,1,4,1,1,1
6,61452,1,2,1,13,3,21,40,12,2,1,0,6,3,12,481,12481,31,2006,1FTPW14516FB,1,F,T,P,W,1,4,5,1,6,F,B,0,0,0,000000000,00000000000,0,0,0,1,0,0,0,0,0,0,0,999,0,1,1,12,6,2,12,0,0,0,1,6,95694,3,1,0,0,2,0,70,250,0,0,0,0,0,0,0,0,0,0,28,0,0,0,1,2,55,1,1,2,1,0,0,1,10,1,1,2,50,0,1
6,61452,2,2,1,13,3,21,40,12,2,1,0,6,1,37,31,37031,4,1993,JHMEG8553PS0,J,H,M,E,G,8,5,5,3,P,S,0,0,0,0,000000000,00000000000,0,0,0,1,0,0,0,0,0,0,0,999,0,0,0,12,6,2,12,0,0,0,1,6,95320,6,1,0,0,3,3,69,140,0,0,0,0,0,0,0,0,0,0,0,0,0,0,1,2,55,1,1,2,1,0,0,1,62,99,1,2,51,1,0
6,61453,1,1,1,24,3,23,28,33,0,1,0,6,1,53,705,53705,80,2006,JS1GN7DA3621,J,S,1,G,N,7,D,A,3,6,2,1,0,0,0,000000000,00000000000,0,0,0,1,0,0,0,0,0,0,0,83,0,0,0,14,6,2,33,0,0,0,1,6,95205,1,1,0,0,2,0,70,180,0,1,0,0,0,12,2013,12,2013,4,37,48,0,0,1,2,35,2,8,8,1,0,0,1,12,99,1,4,6,1,0
6,61454,1,1,1,7,3,7,19,8,0,1,1,6,1,12,481,12481,31,1995,1FTEX14HXSKB,1,F,T,E,X,1,4,H,X,S,K,B,0,0,0,000000000,00000000000,0,0,0,1,0,0,0,0,0,0,0,998,0,0,0,12,4,3,8,0,0,0,1,6,95206,2,1,0,0,2,0,67,145,0,0,0,0,0,0,0,0,0,9,0,0,0,0,4,4,35,1,1,2,1,0,0,1,80,1,1,1,13,0,1
6,61455,1,1,1,4,11,19,35,8,0,1,0,6,2,49,40,49040,4,2002,4T1BE32K92U0,4,T,1,B,E,3,2,K,9,2,U,0,0,0,0,000000000,00000000000,0,0,0,1,0,0,0,0,0,0,0,55,0,0,0,12,6,2,8,0,0,0,1,6,95655,6,1,0,0,3,3,67,130,0,0,0,0,0,0,0,0,0,0,0,0,0,0,2,3,50,1,8,2,1,3,3,1,80,8,1,1,13,0,0
6,61456,1,2,1,10,1,20,41,12,2,1,0,6,1,20,16,20016,4,1998,1G1JC5242W72,1,G,1,J,C,5,2,4,2,W,7,2,0,0,0,000000000,00000000000,0,0,0,1,0,0,0,0,0,0,0,998,0,0,0,12,6,2,12,0,0,0,1,6,95240,6,1,0,0,3,3,68,195,0,0,0,0,0,0,0,0,0,0,51,0,0,0,2,2,45,1,1,2,1,0,0,98,54,1,1,1,52,1,0
6,61456,2,2,1,10,1,20,41,12,2,1,0,6,1,49,50,49050,3,2010,JTKDE3B7XA03,J,T,K,D,E,3,B,7,X,A,0,3,0,0,0,000000000,00000000000,0,0,0,1,0,0,0,0,0,0,0,35,0,0,0,12,6,2,12,0,0,0,1,6,95242,6,1,0,0,3,0,63,120,0,0,0,0,2,6,2013,7,2013,0,0,0,0,0,2,2,45,1,1,2,1,0,0,1,54,1,1,1,52,0,0
6,61457,1,2,2,30,3,19,32,12,6,1,0,6,1,6,441,6441,20,2003,2C8GP64L33R1,2,C,8,G,P,6,4,L,3,3,R,1,0,0,0,000000000,00000000000,0,0,0,1,0,0,0,0,0,0,0,999,0,0,0,10,6,2,12,0,0,0,1,6,92626,6,1,0,0,3,0,68,170,1,0,0,0,0,11,2012,11,2012,0,39,0,0,0,5,5,45,1,1,2,1,2,3,1,17,1,1,2,89,1,0
6,61457,2,2,1,30,3,19,32,12,6,1,0,6,2,13,421,13421,15,2003,5LMFU28R13LJ,5,L,M,F,U,2,8,R,1,3,L,J,0,0,0,000000000,00000000000,0,0,0,1,0,0,0,0,0,0,0,23,0,0,0,12,6,2,12,0,0,0,1,6,92707,6,1,0,0,3,0,72,175,0,0,0,0,0,0,0,0,0,0,0,0,0,0,5,5,45,1,1,2,1,2,3,1,66,1,1,1,88,0,0
6,61458,1,1,2,20,7,16,55,1,0,1,0,12,1,53,705,53705,80,2008,JS1GN7EA1821,J,S,1,G,N,7,E,A,1,8,2,1,0,0,0,000000000,00000000000,0,0,0,1,0,0,0,0,0,0,0,999,0,0,0,0,6,2,1,0,0,0,1,12,32724,6,1,0,0,3,0,72,180,0,0,0,0,0,0,0,0,0,4,0,0,0,0,1,2,55,3,8,2,1,28,3,14,6,99,1,1,98,1,1
6,61459,1,1,1,1,4,12,36,8,0,1,0,6,1,24,7,24007,17,2004,1G8AN12F24Z1,1,G,8,A,N,1,2,F,2,4,Z,1,0,0,0,000000000,00000000000,0,0,0,1,0,0,0,0,0,0,0,999,0,0,0,12,2,3,8,0,0,0,1,6,92119,6,1,0,0,3,0,59,100,0,0,0,0,0,0,0,0,0,5,51,28,0,0,1,2,35,1,1,2,1,0,0,1,12,1,1,4,6,0,0
6,61460,1,1,2,24,8,23,0,35,0,1,0,6,1,72,706,72706,80,2012,1HD1JNV12CB0,1,H,D,1,J,N,V,1,2,C,B,0,0,0,0,000000000,00000000000,0,0,0,1,0,0,0,0,0,0,0,999,0,0,0,12,6,2,1,0,0,0,1,6,92342,6,1,0,0,2,0,70,200,0,1,0,0,0,2,2013,2,2013,0,0,0,0,0,1,2,55,3,5,2,1,0,0,14,13,6,1,4,1,1,1
6,61461,1,1,1,31,3,20,5,43,0,1,0,6,1,20,2,20002,4,2002,2G1WF52E0292,2,G,1,W,F,5,2,E,0,2,9,2,0,0,0,000000000,00000000000,0,0,0,1,0,0,0,0,0,0,0,999,0,1,5,14,6,2,1,0,0,0,1,6,92570,1,1,0,0,2,3,67,190,1,1,0,0,0,8,2013,12,2013,4,39,0,0,0,1,3,40,1,1,2,1,20,3,1,14,99,1,4,14,1,1
6,61462,1,1,1,11,3,8,40,8,0,1,0,6,1,59,31,59031,4,2004,JTHBA30G0400,J,T,H,B,A,3,0,G,0,4,0,0,0,0,0,000000000,00000000000,0,0,0,1,0,0,0,0,0,0,0,40,0,0,0,12,4,3,8,0,0,0,1,6,92128,6,1,0,0,3,0,66,169,0,0,0,0,0,0,0,0,0,0,28,0,0,0,2,3,45,1,5,2,1,0,0,1,80,1,1,2,13,0,0
6,61463,1,1,1,20,7,17,40,38,0,1,0,6,1,37,705,37705,80,2003,JH2RC44823M7,J,H,2,R,C,4,4,8,2,3,M,7,0,0,0,000000000,00000000000,0,0,0,1,0,0,0,0,0,0,0,999,0,0,0,98,6,2,43,0,0,0,1,6,93706,6,1,0,0,3,0,67,165,0,0,0,0,0,0,0,0,0,0,48,0,0,0,1,2,55,3,6,2,1,0,0,14,13,99,1,4,1,1,0
6,61464,1,1,1,3,4,20,46,8,0,1,0,6,2,37,31,37031,4,2002,2HGES16532H5,2,H,G,E,S,1,6,5,3,2,H,5,0,0,0,000000000,00000000000,0,0,0,1,0,0,0,0,0,0,0,999,0,0,0,12,4,3,8,0,0,0,1,27,55118,6,1,0,0,3,0,60,104,0,0,0,0,0,0,0,0,0,0,38,0,0,0,5,3,45,1,1,2,1,0,0,1,80,1,1,2,13,0,0
6,61465,1,1,2,20,7,18,17,33,0,1,0,6,1,37,32,37032,2,1990,1HGCB7156LA0,1,H,G,C,B,7,1,5,6,L,A,0,0,0,0,000000000,00000000000,0,0,0,1,0,0,0,0,0,0,0,999,0,1,5,98,6,2,33,0,0,0,1,6,90003,6,1,6,0,3,0,68,180,0,0,0,0,0,0,0,0,0,0,48,0,0,0,3,3,65,2,1,8,1,0,0,14,13,99,2,4,1,1,1
6,61466,1,1,1,20,1,14,27,9,0,1,0,6,1,49,32,49032,4,2012,JTDBU4EE1C91,J,T,D,B,U,4,E,E,1,C,9,1,0,0,0,000000000,00000000000,0,0,0,1,0,0,0,0,0,0,0,998,0,0,0,4,4,3,9,0,0,0,1,6,91741,6,1,0,0,3,3,70,170,0,0,0,0,0,0,0,0,0,0,38,0,0,0,1,2,40,1,8,2,1,0,0,11,83,99,1,1,13,0,0
6,61467,1,1,1,27,4,17,5,15,0,1,0,6,1,35,401,35401,14,1999,JN8AR05Y6XW3,J,N,8,A,R,0,5,Y,6,X,W,3,0,0,0,000000000,00000000000,0,0,0,1,0,0,0,0,0,0,0,999,0,0,0,12,4,3,15,0,0,0,1,6,95678,6,1,0,0,3,0,66,236,0,0,0,0,0,0,0,0,0,0,38,0,0,0,3,2,35,1,1,1,1,20,3,1,83,6,1,2,13,0,0
6,61468,1,1,1,11,4,0,13,33,0,1,0,6,1,49,472,49472,30,2013,3TMJU4GN8DM1,3,T,M,J,U,4,G,N,8,D,M,1,0,0,0,000000000,00000000000,0,0,0,1,0,0,0,0,0,0,0,100,0,1,9,14,9,2,1,0,0,0,1,6,92054,6,1,0,0,3,0,68,165,0,0,0,0,0,0,0,0,0,4,30,0,0,0,2,2,45,8,6,1,1,0,0,1,12,99,1,4,6,1,1
6,61469,1,1,3,1,9,6,55,30,0,1,0,6,2,19,3,19003,4,1996,1G6KD52Y6TU2,1,G,6,K,D,5,2,Y,6,T,U,2,0,0,0,000000000,00000000000,0,0,0,1,0,0,0,0,0,0,0,90,0,1,5,8,6,2,1,0,0,0,1,6,93292,1,1,0,0,2,0,76,350,0,1,1,1,1,12,2012,3,2014,4,27,37,28,0,1,2,55,1,1,2,1,0,0,6,13,6,4,4,1,2,0
6,61470,1,1,1,25,8,7,30,1,0,1,0,6,1,23,441,23441,20,1995,1GKDM19W3SB5,1,G,K,D,M,1,9,W,3,S,B,5,0,0,0,000000000,00000000000,0,0,0,1,0,0,0,0,0,0,0,998,0,1,5,0,6,2,1,0,0,0,1,6,95245,6,1,6,0,3,0,71,235,0,0,0,0,0,0,0,0,0,0,0,0,0,0,1,2,45,1,1,2,1,0,0,1,13,1,1,4,1,1,0
6,61471,1,2,1,21,1,12,29,1,0,1,0,6,1,76,705,76705,80,2009,JYARJ16Y99A0,J,Y,A,R,J,1,6,Y,9,9,A,0,0,0,0,000000000,00000000000,0,0,0,1,0,0,0,0,0,0,0,998,0,0,0,0,2,3,1,0,0,0,1,6,92562,6,1,0,0,2,3,75,220,0,0,0,0,0,0,0,0,0,4,34,0,0,0,5,3,40,1,1,2,1,0,0,6,98,99,1,2,98,1,0
6,61471,2,2,1,21,1,12,29,1,0,1,0,6,3,84,881,84881,63,2008,1HTMMAAN58H5,1,H,T,M,M,A,A,N,5,8,H,5,0,0,57,2318998,572318998,3,1,1,1,0,0,0,0,0,0,0,998,0,0,0,14,2,5,12,0,0,0,1,6,91732,6,1,6,0,3,0,66,210,0,0,0,0,0,0,0,0,0,0,0,0,0,0,5,3,40,1,1,2,1,0,0,10,15,99,1,1,98,0,0
6,61472,1,1,2,25,8,0,50,42,0,1,0,6,2,20,481,20481,31,2001,2GCEK19T1113,2,G,C,E,K,1,9,T,1,1,1,3,0,0,0,000000000,00000000000,0,0,0,1,0,0,0,0,0,0,0,998,0,0,0,6,6,2,42,0,0,0,1,6,95948,6,1,0,0,3,0,68,128,1,0,0,0,0,5,2012,5,2012,3,0,0,0,0,1,2,55,1,1,2,1,0,0,1,12,6,4,4,7,1,1
6,61473,1,1,1,17,2,21,9,30,0,1,0,6,2,34,37,34037,4,1996,WBAGJ8328TDL,W,B,A,G,J,8,3,2,8,T,D,L,0,0,0,000000000,00000000000,0,0,0,1,0,0,0,0,0,0,0,998,0,0,0,98,6,2,30,0,0,0,1,6,92301,1,1,0,0,2,0,74,225,0,3,1,0,0,7,2011,7,2013,0,99,99,99,99,8,8,55,8,8,8,1,0,0,1,13,99,9,4,1,1,1
6,61474,1,4,0,13,4,2,24,12,6,1,0,6,6,59,35,59035,4,2006,JTHBK2621650,J,T,H,B,K,2,6,2,1,6,5,0,0,0,0,000000000,00000000000,0,0,0,1,0,0,0,0,0,0,0,0,0,0,0,98,6,2,12,0,0,0,0,0,99997,7,6,97,7,6,7,998,997,998,998,998,998,998,98,9998,98,9998,8,0,0,0,0,2,3,35,1,1,2,1,0,0,0,53,0,0,0,48,0,0
6,61474,2,4,1,13,4,2,24,12,6,1,0,6,6,49,46,49046,5,2013,JTDKN3DU4D03,J,T,D,K,N,3,D,U,4,D,0,3,0,0,0,000000000,00000000000,0,0,0,1,0,0,0,0,0,0,0,0,0,0,0,98,4,3,54,0,0,0,0,0,99997,7,6,97,7,6,7,998,997,998,998,998,998,998,98,9998,98,9998,8,0,0,0,0,2,3,35,1,1,2,1,0,0,0,98,0,0,0,98,0,0
6,61474,3,4,1,13,4,2,24,12,6,1,1,99,9,58,401,58401,14,1999,JNRAR05YXXW0,J,N,R,A,R,0,5,Y,X,X,W,0,0,0,0,000000000,00000000000,0,0,0,1,0,0,0,0,0,0,0,999,0,0,0,12,4,5,12,0,0,0,1,99,99999,9,9,99,9,9,9,999,999,99,99,99,99,99,99,9999,99,9999,9,99,99,99,99,2,3,35,1,1,2,1,0,0,1,50,99,1,1,48,0,0
6,61474,4,4,0,13,4,2,24,12,6,1,0,6,6,49,442,49442,20,2000,4T3ZF13C8YU2,4,T,3,Z,F,1,3,C,8,Y,U,2,0,0,0,000000000,00000000000,0,0,0,1,0,0,0,0,0,0,0,0,0,0,0,6,4,3,12,0,0,0,0,0,99997,7,6,97,7,6,7,998,997,998,998,998,998,998,98,9998,98,9998,8,0,0,0,0,2,3,35,1,1,2,1,0,0,0,53,0,0,0,98,0,0
6,61475,1,2,2,13,4,18,40,12,2,1,0,49,2,55,33,55033,4,2005,KMHWF35H95A1,K,M,H,W,F,3,5,H,9,5,A,1,0,0,0,000000000,00000000000,0,0,0,1,0,0,0,0,0,0,0,65,0,0,0,12,6,2,12,0,0,0,1,49,84044,6,1,0,0,3,0,62,120,98,0,0,0,0,0,0,0,0,0,28,58,0,0,5,5,65,1,1,2,1,0,0,17,8,9,4,2,50,0,1
6,61475,2,2,3,13,4,18,40,12,2,1,0,35,1,41,50,41050,5,2011,1YVHZ8BH2B5M,1,Y,V,H,Z,8,B,H,2,B,5,M,0,0,0,000000000,00000000000,0,0,0,1,0,0,0,0,0,0,0,65,0,0,0,12,6,2,12,0,0,0,1,13,92277,6,1,0,0,3,3,70,171,98,0,0,0,0,0,0,0,0,0,0,0,0,0,5,5,65,1,1,2,1,0,0,1,62,1,1,1,51,1,0
6,61476,1,1,1,12,11,19,0,30,0,1,0,6,2,20,441,20441,20,1999,1GNDM19W8XB1,1,G,N,D,M,1,9,W,8,X,B,1,0,0,0,000000000,00000000000,0,0,0,1,0,0,0,0,0,0,0,998,0,0,0,12,6,2,42,0,0,0,1,6,91356,6,1,0,0,3,3,72,235,1,0,0,0,0,11,2012,11,2012,4,0,0,0,0,2,3,50,1,8,8,1,0,0,1,12,1,1,4,6,1,1
6,61477,1,1,2,25,8,3,27,35,0,1,0,6,1,23,471,23471,30,1998,1GTCS19X9W85,1,G,T,C,S,1,9,X,9,W,8,5,0,0,0,000000000,00000000000,0,0,0,1,0,0,0,0,0,0,0,998,0,1,5,98,6,2,1,0,0,0,1,6,95050,1,1,0,0,2,0,74,160,0,1,0,0,0,4,2013,4,2013,3,0,0,0,0,1,2,25,3,1,2,1,0,0,14,6,1,1,4,1,1,1
6,61478,1,1,2,12,11,10,0,8,0,1,0,6,1,49,402,49402,14,2007,JTEDW21A5700,J,T,E,D,W,2,1,A,5,7,0,0,0,0,0,000000000,00000000000,0,0,0,1,0,0,0,0,0,0,0,40,0,0,0,12,6,2,8,0,0,0,1,6,93245,6,1,0,0,3,3,68,250,0,0,0,0,0,0,0,0,0,4,86,85,0,0,2,1,45,1,1,2,1,0,0,1,80,9,2,4,13,0,0
6,61479,1,1,1,12,11,9,35,42,0,1,0,6,2,49,43,49043,4,2001,4T1BF28B81U1,4,T,1,B,F,2,8,B,8,1,U,1,0,0,0,000000000,00000000000,0,0,0,1,0,0,0,0,0,0,0,999,0,0,0,81,6,2,42,0,0,0,1,6,95973,0,0,0,0,0,0,65,160,0,1,0,0,0,10,2012,10,2012,5,58,0,0,0,1,2,65,3,8,2,1,0,0,14,12,6,4,4,7,1,0
6,61480,1,1,1,12,11,7,10,15,0,1,0,6,2,63,32,63032,6,2004,KNADC1659461,K,N,A,D,C,1,6,5,9,4,6,1,0,0,0,000000000,00000000000,0,0,0,1,0,0,0,0,0,0,0,998,0,0,0,12,6,2,15,0,0,0,1,6,92504,6,1,0,0,3,0,68,235,0,2,0,0,2,11,2012,9,2014,9,39,38,0,0,1,4,40,1,1,2,1,2,3,1,80,1,1,1,13,0,1
6,61481,1,1,1,11,11,18,19,8,0,1,1,6,2,24,1,24001,4,2001,1G8ZK52741Z2,1,G,8,Z,K,5,2,7,4,1,Z,2,0,0,0,000000000,00000000000,0,0,0,1,0,0,0,0,0,0,0,998,0,0,0,12,4,5,8,0,0,0,1,6,94580,6,1,0,0,3,0,74,250,1,0,0,0,0,1,2014,1,2014,0,39,38,0,0,2,2,35,1,1,2,1,3,3,1,80,99,1,1,13,0,0
6,61482,1,1,2,17,2,6,6,24,0,1,0,6,3,12,16,12016,4,2011,2FABP7BV4BX1,2,F,A,B,P,7,B,V,4,B,X,1,0,0,0,000000000,00000000000,0,0,0,1,0,0,0,0,0,0,0,102,0,1,6,81,6,2,24,0,0,0,1,6,93728,6,1,0,0,3,0,73,170,0,0,0,0,0,0,0,0,0,4,16,0,0,0,3,2,70,1,1,1,1,0,0,1,6,7,4,4,2,2,0
6,61483,1,1,1,11,11,2,18,25,0,1,0,6,2,41,50,41050,4,2008,1YVHP80C885M,1,Y,V,H,P,8,0,C,8,8,5,M,0,0,0,000000000,00000000000,0,0,0,1,0,0,0,0,0,0,0,999,0,1,5,61,6,2,1,0,0,0,1,6,93442,6,1,0,0,3,0,67,150,0,0,0,0,0,0,0,0,0,9,48,0,0,0,3,2,65,1,1,2,1,0,0,1,12,99,1,4,6,1,1
6,61484,1,1,1,15,9,16,28,15,0,1,0,6,2,59,31,59031,4,2003,JTHBF30G6301,J,T,H,B,F,3,0,G,6,3,0,1,0,0,0,000000000,00000000000,0,0,0,1,0,0,0,0,0,0,0,998,0,0,0,12,4,5,15,0,0,0,1,6,91206,6,1,0,0,3,0,63,140,0,0,0,0,0,0,0,0,0,0,38,0,0,0,5,7,35,1,8,8,1,3,3,1,83,99,9,1,13,0,0