STATE,ST_CASE,VEH_NO,VE_FORMS,NUMOCCS,DAY,MONTH,HOUR,MINUTE,HARM_EV,MAN_COLL,UNITTYPE,HIT_RUN,REG_STAT,OWNER,MAKE,MODEL,MAK_MOD,BODY_TYP,MOD_YEAR,VIN,VIN_1,VIN_2,VIN_3,VIN_4,VIN_5,VIN_6,VIN_7,VIN_8,VIN_9,VIN_10,VIN_11,VIN_12,TOW_VEH,J_KNIFE,MCARR_I1,MCARR_I2,MCARR_ID,GVWR,V_CONFIG,CARGO_BT,HAZ_INV,HAZ_PLAC,HAZ_ID,HAZ_CNO,HAZ_REL,BUS_USE,SPEC_USE,EMER_USE,TRAV_SP,UNDERIDE,ROLLOVER,ROLINLOC,IMPACT1,DEFORMED,TOWED,M_HARM,VEH_SC1,VEH_SC2,FIRE_EXP,DR_PRES,L_STATE,DR_ZIP,L_STATUS,L_TYPE,CDL_STAT,L_ENDORS,L_COMPL,L_RESTRI,DR_HGT,DR_WGT,PREV_ACC,PREV_SUS,PREV_DWI,PREV_SPD,PREV_OTH,FIRST_MO,FIRST_YR,LAST_MO,LAST_YR,SPEEDREL,DR_SF1,DR_SF2,DR_SF3,DR_SF4,VTRAFWAY,VNUM_LAN,VSPD_LIM,VALIGN,VPROFILE,VPAVETYP,VSURCOND,VTRAFCON,VTCONT_F,P_CRASH1,P_CRASH2,P_CRASH3,PCRASH4,PCRASH5,ACC_TYPE,DEATHS,DR_DRINK
6,61696,1,2,1,21,9,0,45,12,1,1,0,6,1,37,705,37705,80,2007,JH2PC40017M0,J,H,2,P,C,4,0,0,1,7,M,0,0,0,0,000000000,00000000000,0,0,0,1,0,0,0,0,0,0,0,120,0,0,0,12,6,2,12,0,0,0,1,6,92707,6,1,0,0,3,3,70,185,0,0,0,0,1,8,2013,8,2013,4,0,0,0,0,3,6,65,1,8,2,1,0,0,1,51,99,1,1,24,1,1
6,61696,2,2,1,21,9,0,45,12,1,1,0,6,4,35,50,35050,4,2015,3N1CE2CP8FL3,3,N,1,C,E,2,C,P,8,F,L,3,0,0,0,000000000,00000000000,0,0,0,1,0,0,0,0,0,0,0,65,0,0,0,6,4,3,12,0,0,0,1,6,92704,6,1,0,0,3,0,64,165,0,0,0,0,0,0,0,0,0,0,0,0,0,0,3,6,65,1,8,2,1,0,0,1,53,99,1,1,25,0,0
6,61697,1,1,4,29,11,13,48,1,0,1,0,6,4,49,32,49032,4,2012,5YFBU4EE0CP0,5,Y,F,B,U,4,E,E,0,C,P,0,0,0,0,000000000,00000000000,0,0,0,1,0,0,0,0,0,0,0,999,0,2,5,0,6,2,1,0,0,0,1,53,98926,0,0,0,0,0,0,60,110,0,0,0,0,0,0,0,0,0,0,48,0,0,0,1,2,65,1,1,2,1,0,0,1,13,7,2,4,98,2,0
6,61698,1,1,1,11,12,22,15,30,0,1,0,6,2,49,471,49471,30,1992,JT4RN13PXN60,J,T,4,R,N,1,3,P,X,N,6,0,0,0,0,000000000,00000000000,0,0,0,1,0,0,0,0,0,0,0,999,0,1,5,98,6,2,30,0,0,0,1,6,94525,6,1,6,0,3,0,69,185,0,0,0,0,0,0,0,0,0,9,0,0,0,0,1,4,45,1,8,8,2,0,0,1,13,99,9,4,1,1,1
6,61699,1,1,1,15,9,7,54,14,0,1,0,6,2,58,399,58399,4,2000,JNKCA31A5YT1,J,N,K,C,A,3,1,A,5,Y,T,1,0,0,0,000000000,00000000000,0,0,0,1,0,0,0,0,0,0,0,998,4,0,0,12,6,2,14,0,0,1,1,6,92124,1,1,0,0,2,0,64,150,0,0,0,0,0,0,0,0,0,0,0,0,0,0,3,5,98,1,8,1,1,0,0,1,13,99,1,4,11,1,1
6,61700,1,1,1,24,11,3,30,42,0,1,0,6,1,49,40,49040,4,2013,4T1BF1FK0DU2,4,T,1,B,F,1,F,K,0,D,U,2,0,0,0,000000000,00000000000,0,0,0,1,0,0,0,0,0,0,0,999,0,1,6,81,6,2,42,0,0,0,1,6,92123,6,1,0,0,3,0,71,188,0,0,0,1,1,8,2012,5,2013,0,48,0,0,0,3,6,65,1,8,1,1,0,0,1,13,1,1,4,1,1,0
6,61701,1,1,1,12,8,21,35,17,0,1,0,6,2,7,482,7482,31,2002,1D7HA16Z62J2,1,D,7,H,A,1,6,Z,6,2,J,2,0,0,0,000000000,00000000000,0,0,0,1,0,0,0,0,0,0,0,90,0,1,5,12,6,2,1,0,0,0,1,6,93706,6,1,0,0,2,0,68,206,0,0,1,0,0,4,2013,4,2013,0,58,0,0,0,1,2,55,1,8,2,1,0,0,1,13,1,1,4,1,1,1
6,61702,1,1,2,12,8,22,37,1,0,1,0,6,2,12,401,12401,14,1995,1FMDU34X6SZB,1,F,M,D,U,3,4,X,6,S,Z,B,0,0,0,000000000,00000000000,0,0,0,1,0,0,0,0,0,0,0,70,0,2,3,0,6,2,1,0,0,0,1,6,95688,6,1,0,0,3,0,70,170,0,0,0,0,0,0,0,0,0,0,58,0,0,0,2,2,70,1,1,2,1,0,0,1,12,1,1,4,6,1,0
6,61703,1,1,2,21,12,18,5,8,0,1,0,6,1,7,24,7024,4,2010,2B3CA3CVXAH2,2,B,3,C,A,3,C,V,X,A,H,2,0,0,0,000000000,00000000000,0,0,0,1,0,0,0,0,0,0,0,45,0,0,0,12,4,3,8,0,0,0,1,6,93402,6,1,0,0,3,3,68,160,0,0,0,2,0,4,2013,11,2013,0,0,0,0,0,5,5,55,1,1,1,1,0,0,1,80,99,1,1,13,0,0
6,61704,1,1,1,2,8,3,40,42,0,1,0,6,3,12,471,12471,30,2007,1FTYR44U87PA,1,F,T,Y,R,4,4,U,8,7,P,A,0,0,0,000000000,00000000000,0,0,0,1,0,0,0,0,0,0,0,999,0,0,0,12,6,2,2,0,0,1,1,6,95616,6,1,0,0,3,3,69,170,0,0,0,0,0,0,0,0,0,9,0,0,0,0,6,2,65,3,8,2,1,0,0,14,12,1,1,4,6,1,0
6,61705,1,1,1,12,8,23,50,14,0,1,0,6,2,49,482,49482,31,2001,5TBRT38171S1,5,T,B,R,T,3,8,1,7,1,S,1,0,0,0,000000000,00000000000,0,0,0,1,0,0,0,0,0,0,0,65,1,0,0,12,6,2,14,0,0,0,1,6,92407,6,1,6,0,3,0,65,135,0,0,0,0,1,3,2014,3,2014,0,0,0,0,0,3,5,65,1,6,2,1,0,0,1,13,1,1,4,1,1,0
6,61706,1,1,3,16,12,5,30,18,0,1,0,6,2,23,421,23421,15,1999,1GKEK13RXXJ7,1,G,K,E,K,1,3,R,X,X,J,7,0,0,0,000000000,00000000000,0,0,0,1,0,0,0,0,0,0,0,50,0,0,0,12,6,2,18,0,0,0,1,6,95695,6,1,0,0,3,0,64,240,1,0,0,0,0,4,2012,4,2012,4,0,0,0,0,1,2,55,1,8,2,2,0,0,1,90,1,1,1,12,1,0
6,61707,1,1,1,25,11,21,54,1,0,1,0,6,1,73,706,73706,80,2006,JKBZXNA116A0,J,K,B,Z,X,N,A,1,1,6,A,0,0,0,0,000000000,00000000000,0,0,0,1,0,0,0,0,0,0,0,46,0,0,0,0,4,3,1,0,0,0,1,6,96002,6,1,6,0,3,0,76,200,0,0,0,0,0,0,0,0,0,4,0,0,0,0,1,2,25,1,8,2,1,20,3,1,98,98,2,1,98,1,0
6,61708,1,2,1,10,9,17,25,12,6,1,0,6,2,49,32,49032,4,1996,1NXBA02E5TZ4,1,N,X,B,A,0,2,E,5,T,Z,4,0,0,0,000000000,00000000000,0,0,0,1,0,0,0,0,0,0,0,998,0,0,0,9,6,2,12,0,0,0,1,6,93267,0,0,0,0,0,0,67,155,0,1,0,0,0,5,2013,5,2013,9,28,0,0,0,1,2,55,1,1,2,1,0,0,1,12,7,3,6,66,1,0
6,61708,2,2,1,10,9,17,25,12,6,1,0,6,2,52,401,52401,14,1998,JA4LS31P2WP0,J,A,4,L,S,3,1,P,2,W,P,0,0,0,0,000000000,00000000000,0,0,0,1,0,0,0,0,0,0,0,30,0,0,0,12,6,2,12,0,0,0,1,6,93267,6,1,0,0,3,0,74,160,0,0,0,0,0,0,0,0,0,0,0,0,0,0,1,2,55,1,1,2,1,0,0,1,62,9,1,1,66,0,0
6,61709,1,1,3,10,10,23,0,59,0,1,0,6,2,3,402,3402,14,2007,5GTDN13E4782,5,G,T,D,N,1,3,E,4,7,8,2,0,0,0,000000000,00000000000,0,0,0,1,0,0,0,0,0,0,0,998,0,2,6,12,6,2,1,0,0,0,1,6,95451,0,0,0,0,0,0,68,145,0,0,0,0,0,0,0,0,0,0,0,0,0,0,2,2,98,1,8,2,1,0,0,1,13,99,1,4,1,1,0
6,61710,1,3,1,10,8,11,30,12,6,1,0,95,3,87,881,87881,66,2002,1XP5DB9X02D5,1,X,P,5,D,B,9,X,0,2,D,5,1,1,57,00350890,5700350890,3,6,3,1,0,0,0,0,0,0,0,998,0,1,1,62,6,2,1,0,0,0,1,95,0,9,9,99,9,9,9,72,220,99,99,99,99,99,99,9999,99,9999,9,0,0,0,0,3,3,55,1,1,2,1,0,0,1,51,6,5,6,48,0,0
6,61710,2,3,1,10,8,11,30,12,6,1,0,6,2,72,706,72706,80,2012,1HD1KEM30CB6,1,H,D,1,K,E,M,3,0,C,B,6,0,0,0,000000000,00000000000,0,0,0,1,0,0,0,0,0,0,0,68,0,0,0,12,4,3,12,0,0,0,1,6,96080,6,1,0,0,3,0,72,220,0,0,0,0,0,0,0,0,0,9,0,0,0,0,3,3,65,1,1,2,1,0,0,1,60,99,9,1,48,1,0
6,61710,3,3,1,10,8,11,30,12,6,1,0,6,1,72,706,72706,80,2003,1HD1BHY343Y0,1,H,D,1,B,H,Y,3,4,3,Y,0,0,0,0,000000000,00000000000,0,0,0,1,0,0,0,0,0,0,0,60,0,0,0,98,2,3,12,0,0,0,1,6,96080,6,1,0,0,3,1,74,270,0,0,0,0,0,0,0,0,0,9,0,0,0,0,3,3,65,1,1,2,1,0,0,1,53,4,9,9,98,0,0
6,61711,1,1,1,11,9,5,59,8,0,1,0,6,1,37,401,37401,14,2002,4S6CK58W8244,4,S,6,C,K,5,8,W,8,2,4,4,0,0,0,000000000,00000000000,0,0,0,1,0,0,0,0,0,0,0,35,0,0,0,12,2,3,8,0,0,0,1,6,90047,6,1,0,0,3,0,69,190,0,0,0,0,0,0,0,0,0,0,0,0,0,0,1,4,35,1,8,2,1,3,3,1,80,1,1,1,13,0,0
6,61712,1,1,1,18,12,17,49,30,0,1,0,6,2,37,705,37705,80,2004,JH2PC37144M1,J,H,2,P,C,3,7,1,4,4,M,1,0,0,0,000000000,00000000000,0,0,0,1,0,0,0,0,0,0,0,100,0,0,0,12,6,2,30,0,0,0,1,6,95965,1,1,0,0,2,3,65,160,0,2,0,0,0,6,2013,10,2013,4,37,0,0,0,1,2,55,3,8,2,1,0,0,14,13,99,1,4,1,1,0
6,61713,1,1,1,11,9,6,18,30,0,1,0,6,2,54,31,54031,3,1994,JH4DC4347RS0,J,H,4,D,C,4,3,4,7,R,S,0,0,0,0,000000000,00000000000,0,0,0,1,0,0,0,0,0,0,0,998,0,1,5,3,6,2,1,0,0,0,1,6,95320,6,1,0,0,3,0,71,310,0,0,0,0,0,0,0,0,0,9,0,0,0,0,1,2,55,1,8,2,1,0,0,1,13,6,4,4,7,1,0
6,61714,1,1,1,13,8,14,35,43,0,1,0,47,1,59,35,59035,4,2014,JTHBE1D21E50,J,T,H,B,E,1,D,2,1,E,5,0,0,0,0,000000000,00000000000,0,0,0,1,0,0,0,0,0,0,0,73,0,0,0,12,6,2,42,0,0,0,1,6,92008,6,1,0,0,3,0,69,165,0,0,0,0,0,0,0,0,0,0,0,0,0,0,3,5,65,3,8,1,1,0,0,14,13,1,1,4,1,1,0
6,61715,1,1,1,13,1,18,0,8,0,1,0,6,1,20,36,20036,2,2001,2G1WX15K1191,2,G,1,W,X,1,5,K,1,1,9,1,0,0,0,000000000,00000000000,0,0,0,1,0,0,0,0,0,0,0,81,0,0,0,12,6,2,8,0,0,0,1,6,92374,6,1,0,0,3,0,67,135,0,0,0,0,0,0,0,0,0,4,38,0,0,0,1,5,50,8,8,1,1,0,0,1,80,7,1,1,13,0,0
6,61716,1,1,2,13,12,19,4,8,0,1,0,53,1,48,401,48401,14,2006,JF1SG63656G7,J,F,1,S,G,6,3,6,5,6,G,7,0,0,0,000000000,00000000000,0,0,0,1,0,0,0,0,0,0,0,998,0,0,0,12,4,3,8,0,0,0,1,53,99141,6,1,0,0,3,0,76,290,0,0,0,0,0,0,0,0,0,0,38,0,0,0,1,4,40,8,8,1,1,0,0,1,80,99,1,1,13,0,0
6,61717,1,1,1,19,1,19,47,30,0,1,0,6,1,51,46,51046,4,2001,YV1VS29541F7,Y,V,1,V,S,2,9,5,4,1,F,7,0,0,0,000000000,00000000000,0,0,0,1,0,0,0,0,0,0,0,62,0,0,0,12,6,2,30,0,0,0,1,6,94544,6,1,0,0,3,0,69,170,0,0,0,0,4,8,2012,1,2014,4,0,0,0,0,1,4,35,3,1,1,1,0,0,14,13,1,1,4,1,1,0
6,61718,1,1,1,10,3,23,49,8,0,1,1,6,2,41,37,41037,4,1997,1YVGE22CXV55,1,Y,V,G,E,2,2,C,X,V,5,5,0,0,0,000000000,00000000000,0,0,0,1,0,0,0,0,0,0,0,40,0,0,0,12,2,5,8,0,0,0,1,6,93305,0,0,0,0,0,0,71,200,0,0,0,0,0,0,0,0,0,0,91,0,0,0,4,3,40,1,1,2,1,0,0,1,80,99,1,1,13,0,0
6,61719,1,1,2,18,12,23,3,33,0,1,0,6,1,35,48,35048,2,2003,JN1AZ34D03T1,J,N,1,A,Z,3,4,D,0,3,T,1,0,0,0,000000000,00000000000,0,0,0,1,0,0,0,0,0,0,0,999,0,0,0,14,6,2,30,0,0,0,1,6,91746,6,1,0,0,3,0,72,150,0,0,0,2,1,2,2014,12,2014,4,0,0,0,0,2,2,40,1,1,2,1,0,0,15,6,99,2,4,7,2,0
6,61720,1,1,1,11,9,13,5,18,0,1,0,6,1,98,706,98706,80,2011,2BXJBDC17BV0,2,B,X,J,B,D,C,1,7,B,V,0,0,0,0,000000000,00000000000,0,0,0,1,0,0,0,0,0,0,0,998,0,0,0,12,6,2,35,0,0,0,1,6,95370,6,1,0,0,3,3,71,195,0,0,0,0,0,0,0,0,0,4,0,0,0,0,1,2,55,2,8,2,1,0,0,14,6,99,1,4,1,1,0
6,61721,1,1,3,10,10,23,27,8,0,1,0,6,1,30,40,30040,4,2007,3VWEG71KX7M1,3,V,W,E,G,7,1,K,X,7,M,1,0,0,0,000000000,00000000000,0,0,0,1,0,0,0,0,0,0,0,998,0,0,0,12,6,2,8,0,0,0,1,6,92582,6,1,0,0,3,0,66,170,0,0,0,0,1,11,2013,11,2013,0,0,0,0,0,3,3,65,1,8,2,1,0,0,1,50,99,1,1,13,0,0
6,61722,1,2,15,12,9,6,10,12,1,1,0,6,1,12,461,12461,21,2001,1FBSS31L41HA,1,F,B,S,S,3,1,L,4,1,H,A,0,0,0,000000000,00000000000,0,0,0,1,0,0,0,0,0,0,0,0,0,0,0,6,4,5,12,0,0,0,1,6,93654,6,1,6,0,3,0,66,180,0,0,0,0,0,0,0,0,0,0,0,0,0,0,1,2,55,1,8,2,1,0,0,11,53,7,1,1,22,0,0
6,61722,2,2,1,12,9,6,10,12,1,1,0,6,1,12,481,12481,31,1985,1FTEX15N1FKB,1,F,T,E,X,1,5,N,1,F,K,B,0,0,0,000000000,00000000000,0,0,0,1,0,0,0,0,0,0,0,55,0,0,0,12,6,2,12,0,0,1,1,6,93618,6,1,0,0,3,3,72,210,1,0,0,0,0,12,2013,12,2013,4,0,0,0,0,1,2,55,1,8,2,1,0,0,1,50,2,1,1,20,1,0
6,61723,1,4,1,10,8,0,36,8,0,1,0,47,1,49,46,49046,3,2013,JTDKN3DU2D16,J,T,D,K,N,3,D,U,2,D,1,6,0,0,0,000000000,00000000000,0,0,0,1,0,0,0,0,0,0,0,998,0,0,0,82,2,5,8,0,0,0,1,6,94590,6,1,0,0,3,3,66,150,0,0,0,0,2,2,2013,3,2013,9,0,0,0,0,3,4,65,1,1,2,1,0,0,1,80,6,9,3,13,0,0
6,61723,2,4,1,10,8,0,36,8,0,1,1,99,9,99,999,99999,99,9999,999999999999,9,9,9,9,9,9,9,9,9,9,9,9,9,0,0,000000000,00000000000,0,0,0,1,0,0,0,0,99,99,9,999,0,0,0,98,9,5,8,99,99,0,1,99,99999,9,9,99,9,9,9,999,999,99,99,99,99,99,99,9999,99,9999,9,99,99,99,99,3,4,65,1,1,2,1,0,0,1,80,99,9,9,98,0,0
6,61723,3,4,1,10,8,0,36,8,0,1,0,6,1,49,51,49051,3,2013,JTDJTUD33CD5,J,T,D,J,T,U,D,3,3,C,D,5,0,0,0,000000000,00000000000,0,0,0,1,0,0,0,0,0,0,0,55,0,0,0,98,9,5,8,0,0,0,1,6,94523,6,1,0,0,3,0,73,180,0,0,0,0,0,0,0,0,0,9,99,99,99,99,3,4,65,1,1,2,1,0,0,1,80,6,9,3,98,0,0
6,61723,4,4,2,10,8,0,36,8,0,1,0,6,2,24,1,24001,4,1998,1G8ZF5287WZ2,1,G,8,Z,F,5,2,8,7,W,Z,2,0,0,0,000000000,00000000000,0,0,0,1,0,0,0,0,0,0,0,60,0,0,0,98,0,5,8,0,0,0,1,6,95818,6,1,0,0,3,0,72,250,0,0,0,0,0,0,0,0,0,9,99,99,99,99,3,4,65,1,1,2,1,0,0,1,80,6,9,3,98,0,0
6,61724,1,1,1,25,9,99,99,42,0,1,0,6,1,30,32,30032,2,1972,1122713668,1,1,2,2,7,1,3,6,6,8,,,0,0,0,000000000,00000000000,0,0,0,1,0,0,0,0,0,0,0,58,0,1,5,12,6,2,42,0,0,0,1,6,94553,6,1,0,0,3,0,70,155,0,1,0,0,1,3,2014,4,2014,0,0,0,0,0,1,3,45,3,6,2,1,0,0,14,13,99,1,4,1,1,1
6,61725,1,1,2,27,3,23,7,42,0,1,0,6,1,20,4,20004,2,2005,1G1YY24U1551,1,G,1,Y,Y,2,4,U,1,5,5,1,0,0,0,000000000,00000000000,0,0,0,1,0,0,0,0,0,0,0,998,0,0,0,81,6,2,42,0,0,0,1,6,94041,6,1,0,0,3,3,69,190,0,0,0,0,0,0,0,0,0,4,0,0,0,0,2,1,25,1,1,2,1,0,0,1,12,1,1,4,6,1,1
6,61726,1,1,1,12,9,7,36,8,0,1,0,6,1,49,32,49032,4,2007,1NXBR32E17Z7,1,N,X,B,R,3,2,E,1,7,Z,7,0,0,0,000000000,00000000000,0,0,0,1,0,0,0,0,0,0,0,27,0,0,0,12,0,5,8,0,0,0,1,6,95630,6,1,0,0,3,0,70,230,0,0,0,0,0,0,0,0,0,0,38,0,0,0,1,4,30,1,8,2,1,0,0,1,80,3,2,1,13,0,0
6,61727,1,2,1,12,9,20,31,12,6,1,0,6,1,50,706,50706,80,2001,SMT600FM81J1,S,M,T,6,0,0,F,M,8,1,J,1,0,0,0,000000000,00000000000,0,0,0,1,0,0,0,0,0,0,0,998,0,0,0,12,6,2,12,0,0,0,1,6,94801,6,1,0,0,3,0,72,200,0,0,0,0,1,11,2012,11,2012,0,39,0,0,0,1,5,25,1,8,2,1,3,3,1,17,1,1,1,69,1,0
6,61727,2,2,1,12,9,20,31,12,6,1,0,6,2,35,472,35472,30,2000,1N6DD26S7YC4,1,N,6,D,D,2,6,S,7,Y,C,4,0,0,0,000000000,00000000000,0,0,0,1,0,0,0,0,0,0,0,998,0,0,0,2,6,2,12,0,0,0,1,6,94704,6,1,0,0,3,0,71,150,0,0,0,0,1,11,2012,11,2012,0,0,0,0,0,1,5,25,1,8,2,1,3,3,11,15,1,1,1,68,0,0
6,61728,1,1,1,2,2,19,44,9,0,1,0,6,2,42,36,42036,4,1984,WDBAB33A4EA1,W,D,B,A,B,3,3,A,4,E,A,1,0,0,0,000000000,00000000000,0,0,0,1,0,0,0,0,0,0,0,50,0,0,0,12,2,3,9,0,0,0,1,6,93313,6,2,0,0,3,0,67,140,0,0,0,0,0,0,0,0,0,0,0,0,0,0,5,5,45,8,8,1,1,0,0,1,83,1,1,1,13,0,0
6,61729,1,2,2,12,9,22,23,12,7,1,0,6,2,30,40,30040,4,2004,3VWSE69M64M0,3,V,W,S,E,6,9,M,6,4,M,0,0,0,0,000000000,00000000000,0,0,0,1,0,0,0,0,0,0,0,50,0,0,0,10,2,3,12,0,0,0,1,6,90023,6,1,0,0,3,0,72,290,0,0,0,0,0,0,0,0,0,2,0,0,0,0,2,3,35,1,1,2,1,0,0,1,10,1,1,2,45,0,0
6,61729,2,2,3,12,9,22,23,12,7,1,0,6,2,20,421,20421,15,2004,1GNEC13TX4R1,1,G,N,E,C,1,3,T,X,4,R,1,0,0,0,000000000,00000000000,0,0,0,1,0,0,0,0,0,0,0,50,0,0,0,4,6,2,42,0,0,0,1,6,90023,6,1,0,0,3,0,69,220,0,0,0,0,0,0,0,0,0,2,0,0,0,0,2,3,35,1,1,2,1,0,0,1,61,1,1,1,44,1,0
6,61730,1,1,1,18,12,99,99,42,0,1,0,6,1,6,54,6054,6,2004,2C8GF68474R2,2,C,8,G,F,6,8,4,7,4,R,2,0,0,0,000000000,00000000000,0,0,0,1,0,0,0,0,0,0,0,999,0,1,5,61,6,2,42,0,0,0,1,6,95490,3,1,0,0,2,0,66,160,1,0,0,2,0,4,2013,9,2014,0,48,0,0,0,1,2,55,3,6,2,2,0,0,14,8,99,3,4,2,1,0
6,61731,1,1,99,11,10,22,40,9,0,1,1,99,9,99,999,99999,99,9999,999999999999,9,9,9,9,9,9,9,9,9,9,9,9,0,0,0,000000000,00000000000,0,0,0,1,0,0,0,0,0,0,0,999,0,0,0,82,0,5,9,99,99,0,1,99,99999,9,9,99,9,9,9,999,999,99,99,99,99,99,99,9999,99,9999,9,99,99,99,99,1,6,35,1,1,8,1,3,3,10,83,99,1,2,98,0,0
6,61732,1,1,1,4,12,8,6,1,0,1,0,6,3,20,481,20481,31,2005,1GCEK14T65Z2,1,G,C,E,K,1,4,T,6,5,Z,2,0,0,0,000000000,00000000000,0,0,0,1,0,0,0,0,0,0,0,55,0,1,5,0,6,2,1,0,0,0,1,6,96009,6,1,0,0,3,0,65,190,0,0,0,0,0,0,0,0,0,0,0,0,0,0,1,2,65,1,8,2,4,0,0,1,13,99,1,4,1,1,0
6,61733,1,1,1,12,2,17,9,8,0,1,0,6,1,12,422,12422,15,1998,1FMPU18L7WLC,1,F,M,P,U,1,8,L,7,W,L,C,0,0,0,000000000,00000000000,0,0,0,1,0,0,0,0,0,0,0,998,0,0,0,12,0,3,8,0,0,0,1,6,93301,6,1,0,0,3,0,64,155,0,0,0,0,0,0,0,0,0,0,0,0,0,0,1,2,35,1,1,2,1,0,0,1,80,1,1,1,13,0,0
6,61734,1,1,5,15,11,21,58,8,0,1,0,6,3,6,441,6441,20,2014,2C4RC1BG6ER2,2,C,4,R,C,1,B,G,6,E,R,2,0,0,0,000000000,00000000000,0,0,0,1,0,0,0,0,0,0,0,68,0,0,0,12,6,2,8,0,0,0,1,6,95356,6,1,0,0,3,3,66,160,0,0,0,0,0,0,0,0,0,0,0,0,0,0,3,3,65,1,8,8,1,0,0,1,80,8,2,1,13,0,0
6,61735,1,1,6,19,12,12,18,1,0,1,0,6,2,12,422,12422,15,2001,1FMRU15W01LB,1,F,M,R,U,1,5,W,0,1,L,B,0,0,0,000000000,00000000000,0,0,0,1,0,0,0,0,0,0,0,75,0,1,3,0,6,2,1,0,0,0,1,6,91016,6,1,0,0,3,0,65,145,0,0,0,0,0,0,0,0,0,0,48,0,0,0,3,4,70,1,6,1,1,0,0,1,12,6,4,4,6,3,0
6,61736,1,1,1,2,5,1,14,15,0,1,0,6,2,49,38,49038,9,1994,JT2AE09B4R00,J,T,2,A,E,0,9,B,4,R,0,0,0,0,0,000000000,00000000000,0,0,0,1,0,0,0,0,0,0,0,998,0,0,0,12,4,3,15,0,0,0,1,6,95209,6,1,0,0,3,0,70,165,1,0,0,0,0,5,2014,5,2014,0,0,0,0,0,5,4,35,1,1,2,1,0,0,1,83,1,1,1,13,0,0
6,61737,1,1,1,27,2,18,46,8,0,1,0,6,1,12,471,12471,30,2003,1FTYR10U63PA,1,F,T,Y,R,1,0,U,6,3,P,A,0,0,0,000000000,00000000000,0,0,0,1,0,0,0,0,0,0,0,32,0,0,0,12,2,5,8,0,0,0,1,6,94544,6,1,0,0,3,0,67,190,0,0,0,0,0,0,0,0,0,0,0,0,0,0,2,2,35,1,1,2,1,2,3,1,80,1,1,1,13,0,0
6,61738,1,1,1,13,9,0,1,14,0,1,0,6,3,84,881,84881,66,2009,2HSCUAPR19C0,2,H,S,C,U,A,P,R,1,9,C,0,1,1,57,2098504,572098504,3,6,1,1,0,0,0,0,0,0,0,998,0,0,0,12,6,2,14,0,0,0,1,6,95380,6,1,6,0,3,0,72,195,0,0,0,0,1,6,2013,6,2013,0,0,0,0,0,3,2,55,1,1,2,1,0,0,1,12,1,1,4,6,1,1
6,61739,1,1,1,24,12,19,20,8,0,1,0,6,2,12,422,12422,15,2000,1FMRU17L8YLA,1,F,M,R,U,1,7,L,8,Y,L,A,0,0,0,000000000,00000000000,0,0,0,1,0,0,0,0,0,0,0,998,0,0,0,12,2,3,8,0,0,0,1,6,92583,6,1,0,0,3,3,60,110,0,0,0,0,0,0,0,0,0,4,0,0,0,0,1,2,40,1,1,2,1,0,0,1,80,1,1,1,13,0,0
6,61740,1,2,1,11,10,3,5,12,6,1,0,6,2,54,35,54035,4,2006,19UUA66276A0,1,9,U,U,A,6,6,2,7,6,A,0,0,0,0,000000000,00000000000,0,0,0,1,0,0,0,0,0,0,0,75,0,0,0,12,6,2,12,0,0,1,1,6,91766,6,1,0,0,3,3,68,186,0,0,0,0,1,8,2013,8,2013,5,23,0,0,0,1,2,45,1,8,2,1,1,3,1,62,8,1,1,69,1,1
6,61740,2,2,1,11,10,3,5,12,6,1,0,18,3,51,881,51881,66,2012,4V4NC9EG3CN5,4,V,4,N,C,9,E,G,3,C,N,5,1,1,57,54283,5754283,3,6,1,1,0,0,0,0,0,0,0,998,7,0,0,4,6,2,12,0,0,0,1,6,92301,6,1,6,0,3,3,65,270,0,0,0,0,0,0,0,0,0,0,0,0,0,0,1,2,45,1,8,2,1,3,3,11,15,99,1,2,68,0,0
6,61741,1,1,2,13,9,1,39,43,0,1,0,6,2,48,401,48401,14,2006,JF1SG63636H7,J,F,1,S,G,6,3,6,3,6,H,7,0,0,0,000000000,00000000000,0,0,0,1,0,0,0,0,0,0,0,998,0,1,5,12,6,2,1,0,0,0,1,6,96051,6,1,0,0,3,0,70,165,0,0,0,0,0,0,0,0,0,3,91,0,0,0,1,2,25,3,1,2,1,0,0,14,13,1,1,4,1,1,1
6,61742,1,1,1,15,6,21,30,8,0,1,1,99,9,99,999,99999,99,9999,999999999999,9,9,9,9,9,9,9,9,9,9,9,9,0,0,0,000000000,00000000000,0,0,0,1,0,0,0,0,0,0,0,999,0,0,0,98,9,5,8,0,0,0,1,99,99999,9,9,99,9,9,9,999,999,99,99,99,99,99,99,9999,99,9999,9,99,99,99,99,2,4,45,1,8,8,1,0,0,1,83,99,9,9,13,0,0
6,61743,1,1,1,27,7,3,50,1,0,1,0,6,2,7,20,7020,4,2001,1B3ES46F41D1,1,B,3,E,S,4,6,F,4,1,D,1,0,0,0,000000000,00000000000,0,0,0,1,0,0,0,0,0,0,0,998,0,1,6,0,6,2,1,0,0,0,1,6,92376,6,1,0,0,3,0,67,200,0,0,0,0,0,0,0,0,0,0,48,0,0,0,1,2,45,8,8,8,1,0,0,1,12,1,1,4,6,1,1
6,61744,1,1,1,10,5,8,32,8,0,1,0,6,2,53,402,53402,14,2002,JS3TD62V1241,J,S,3,T,D,6,2,V,1,2,4,1,0,0,0,000000000,00000000000,0,0,0,1,0,0,0,0,0,0,0,998,0,0,0,98,0,5,8,0,0,0,1,6,93926,6,1,0,0,3,0,66,155,0,0,0,0,0,0,0,0,0,0,38,0,0,0,1,4,35,1,8,2,1,2,3,10,80,99,1,1,13,0,0