STATE,ST_CASE,VEH_NO,VE_FORMS,NUMOCCS,DAY,MONTH,HOUR,MINUTE,HARM_EV,MAN_COLL,UNITTYPE,HIT_RUN,REG_STAT,OWNER,MAKE,MODEL,MAK_MOD,BODY_TYP,MOD_YEAR,VIN,VIN_1,VIN_2,VIN_3,VIN_4,VIN_5,VIN_6,VIN_7,VIN_8,VIN_9,VIN_10,VIN_11,VIN_12,TOW_VEH,J_KNIFE,MCARR_I1,MCARR_I2,MCARR_ID,GVWR,V_CONFIG,CARGO_BT,HAZ_INV,HAZ_PLAC,HAZ_ID,HAZ_CNO,HAZ_REL,BUS_USE,SPEC_USE,EMER_USE,TRAV_SP,UNDERIDE,ROLLOVER,ROLINLOC,IMPACT1,DEFORMED,TOWED,M_HARM,VEH_SC1,VEH_SC2,FIRE_EXP,DR_PRES,L_STATE,DR_ZIP,L_STATUS,L_TYPE,CDL_STAT,L_ENDORS,L_COMPL,L_RESTRI,DR_HGT,DR_WGT,PREV_ACC,PREV_SUS,PREV_DWI,PREV_SPD,PREV_OTH,FIRST_MO,FIRST_YR,LAST_MO,LAST_YR,SPEEDREL,DR_SF1,DR_SF2,DR_SF3,DR_SF4,VTRAFWAY,VNUM_LAN,VSPD_LIM,VALIGN,VPROFILE,VPAVETYP,VSURCOND,VTRAFCON,VTCONT_F,P_CRASH1,P_CRASH2,P_CRASH3,PCRASH4,PCRASH5,ACC_TYPE,DEATHS,DR_DRINK
6,61904,2,2,1,19,11,6,37,12,6,1,0,6,1,23,431,23431,16,1990,1GKEV16K9LF5,1,G,K,E,V,1,6,K,9,L,F,5,0,0,0,000000000,00000000000,0,0,0,1,0,0,0,0,0,0,0,30,0,0,0,12,4,3,12,0,0,0,1,6,95006,6,1,0,0,3,0,72,200,0,0,0,0,0,0,0,0,0,0,0,0,0,0,1,2,35,1,1,2,2,0,0,1,62,7,1,1,65,0,0
6,61905,1,1,1,7,11,18,43,8,0,1,0,6,3,12,481,12481,31,2000,1FDWF36S8YEE,1,F,D,W,F,3,6,S,8,Y,E,E,0,0,0,000000000,00000000000,0,0,0,1,0,0,0,0,0,0,0,998,0,0,0,12,2,5,8,0,0,0,1,6,93550,6,1,0,0,3,0,69,160,0,0,0,0,0,0,0,0,0,0,0,0,0,0,5,5,45,1,1,2,1,0,0,1,80,9,1,1,13,0,0
6,61906,1,1,1,23,11,4,30,33,0,1,0,6,2,37,32,37032,4,2000,1HGCG1642YA0,1,H,G,C,G,1,6,4,2,Y,A,0,0,0,0,000000000,00000000000,0,0,0,1,0,0,0,0,0,0,0,80,0,1,6,98,6,2,33,0,0,0,1,6,92692,6,1,0,0,3,0,74,180,0,0,0,0,0,0,0,0,0,4,48,0,0,0,3,8,65,1,1,1,1,0,0,1,13,1,1,4,1,1,1
6,61907,1,2,1,17,10,19,30,12,6,1,0,6,1,37,31,37031,4,2001,2HGES26731H6,2,H,G,E,S,2,6,7,3,1,H,6,0,0,0,000000000,00000000000,0,0,0,1,0,0,0,0,0,0,0,998,0,0,0,12,2,5,12,0,0,0,1,6,90041,6,1,0,0,3,0,68,135,0,0,0,0,0,0,0,0,0,0,0,0,0,0,1,8,35,1,8,2,1,3,3,11,15,4,1,1,68,0,0
6,61907,2,2,1,17,10,19,30,12,6,1,0,6,1,37,31,37031,2,2007,2HGFG12667H5,2,H,G,F,G,1,2,6,6,7,H,5,0,0,0,000000000,00000000000,0,0,0,1,0,0,0,0,0,0,0,998,0,0,0,62,6,2,8,0,0,0,1,6,90041,6,1,0,0,3,3,64,120,0,0,0,0,0,0,0,0,0,0,0,0,0,0,1,8,35,1,8,2,1,3,3,1,62,2,1,1,69,0,0
6,61908,1,2,1,18,11,17,40,8,0,1,0,6,1,49,40,49040,4,2008,4T1BB46KX8U0,4,T,1,B,B,4,6,K,X,8,U,0,0,0,0,000000000,00000000000,0,0,0,1,0,0,0,0,0,0,0,45,0,0,0,12,2,3,8,0,0,0,1,6,95758,6,1,0,0,3,3,64,145,0,0,0,0,0,0,0,0,0,0,0,0,0,0,2,3,50,1,1,2,1,0,0,1,80,1,1,1,13,0,0
6,61908,2,2,1,18,11,17,40,8,0,1,0,6,1,37,31,37031,4,2014,19XFB2F58EE2,1,9,X,F,B,2,F,5,8,E,E,2,0,0,0,000000000,00000000000,0,0,0,1,0,0,0,0,0,0,0,40,0,0,0,12,4,3,8,0,0,0,1,6,95758,6,1,0,0,3,0,70,160,0,0,0,0,0,0,0,0,0,0,0,0,0,0,2,3,50,1,1,2,1,0,0,1,80,1,1,1,98,0,0
6,61909,1,1,2,27,11,12,7,43,0,1,0,6,1,48,401,48401,14,2004,JF1SG65634G7,J,F,1,S,G,6,5,6,3,4,G,7,0,0,0,000000000,00000000000,0,0,0,1,0,0,0,0,0,0,0,55,0,1,6,98,6,2,1,0,0,0,1,6,95370,6,1,0,0,3,3,65,140,0,0,0,0,0,0,0,0,0,0,48,0,0,0,2,2,65,8,1,2,1,0,0,1,13,7,2,4,2,1,0
6,61910,1,2,99,24,10,18,35,12,7,1,1,99,9,99,999,99999,99,9999,999999999999,9,9,9,9,9,9,9,9,9,9,9,9,0,0,0,000000000,00000000000,0,0,0,1,0,0,0,0,0,99,9,80,0,0,0,5,9,5,12,99,99,0,1,99,99999,9,9,99,9,9,9,999,999,99,99,99,99,99,99,9999,99,9999,9,99,99,99,99,3,4,65,1,1,2,1,0,0,15,11,99,1,2,46,0,0
6,61910,2,2,1,24,10,18,35,12,7,1,0,6,1,72,706,72706,80,2008,1HD1FB4178Y6,1,H,D,1,F,B,4,1,7,8,Y,6,0,0,0,000000000,00000000000,0,0,0,1,0,0,0,0,0,0,0,65,0,0,0,11,6,2,12,0,0,0,1,6,95032,6,1,0,0,3,0,72,200,1,0,0,1,2,10,2012,3,2014,0,0,0,0,0,3,4,65,1,1,2,1,0,0,1,60,99,1,1,45,1,1
6,61911,1,2,1,19,11,17,15,12,6,1,0,6,1,32,49,32049,2,2013,WAULFAFR5DA0,W,A,U,L,F,A,F,R,5,D,A,0,0,0,0,000000000,00000000000,0,0,0,1,0,0,0,0,0,0,0,998,0,0,0,3,6,2,12,0,0,0,1,6,90027,6,1,0,0,3,0,74,170,0,0,0,0,0,0,0,0,0,0,38,0,0,0,1,4,35,1,1,2,1,0,0,11,15,1,1,1,68,0,0
6,61911,2,2,1,19,11,17,15,12,6,1,0,6,1,37,706,37706,80,1976,CB7502565907,C,B,7,5,0,2,5,6,5,9,0,7,0,0,0,000000000,00000000000,0,0,0,1,0,0,0,0,0,0,0,80,0,0,0,12,6,2,12,0,0,0,1,6,90027,6,1,0,0,3,3,69,160,0,0,0,1,0,9,2013,9,2013,3,0,0,0,0,1,4,35,1,1,2,1,0,0,1,62,1,1,1,69,1,0
6,61912,1,2,1,20,11,16,15,12,6,1,0,6,2,7,43,7043,4,2000,1B3EJ56H2YN2,1,B,3,E,J,5,6,H,2,Y,N,2,0,0,0,000000000,00000000000,0,0,0,1,0,0,0,0,0,0,0,999,0,0,0,81,6,2,12,0,0,0,1,6,95228,6,1,0,0,3,0,75,298,0,0,0,0,0,0,0,0,0,0,28,0,0,0,1,2,55,3,5,2,2,0,0,14,10,99,4,2,64,1,0
6,61912,2,2,2,20,11,16,15,12,6,1,0,6,2,18,3,18003,4,2003,1G4CW54K8342,1,G,4,C,W,5,4,K,8,3,4,2,0,0,0,000000000,00000000000,0,0,0,1,0,0,0,0,0,0,0,40,0,0,0,12,6,2,12,0,0,0,1,6,95222,6,1,0,0,3,0,74,265,0,0,0,0,0,0,0,0,0,0,0,0,0,0,1,2,55,1,1,2,2,0,0,1,62,9,1,1,65,0,0
6,61913,1,1,1,28,11,99,99,42,0,1,0,6,1,41,51,41051,4,2011,JM1BL1VG4B19,J,M,1,B,L,1,V,G,4,B,1,9,0,0,0,000000000,00000000000,0,0,0,1,0,0,0,0,0,0,0,999,0,1,6,12,6,2,42,0,0,0,1,6,95624,6,1,0,0,3,3,71,165,0,0,0,0,1,1,2013,1,2013,9,48,0,0,0,3,3,65,3,6,1,1,0,0,1,13,1,1,4,1,1,1
6,61914,1,3,1,23,11,10,48,12,7,1,0,6,1,72,706,72706,80,2002,1HD1GHV112Y3,1,H,D,1,G,H,V,1,1,2,Y,3,0,0,0,000000000,00000000000,0,0,0,1,0,0,0,0,0,0,0,65,0,0,0,11,6,2,12,0,0,0,1,6,92672,6,1,6,0,3,0,73,190,1,0,0,0,0,4,2014,4,2014,0,0,0,0,0,3,4,65,1,5,2,1,0,0,1,61,1,1,2,45,1,0
6,61914,2,3,2,23,11,10,48,12,7,1,0,6,1,49,401,49401,14,2003,JTEZT14R2380,J,T,E,Z,T,1,4,R,2,3,8,0,0,0,0,000000000,00000000000,0,0,0,1,0,0,0,0,0,0,0,70,0,0,0,4,2,3,12,0,0,0,1,6,92629,6,1,0,0,3,3,69,200,0,0,0,1,0,8,2013,8,2013,0,27,0,0,0,3,4,65,1,5,2,1,0,0,15,11,99,1,1,46,0,0
6,61914,3,3,1,23,11,10,48,12,7,1,0,6,3,82,881,82881,66,2013,1FUJGBDV4DLF,1,F,U,J,G,B,D,V,4,D,L,F,1,1,57,097586,57097586,3,6,1,1,0,0,0,0,0,0,0,45,0,0,0,8,2,5,12,0,0,0,1,6,90720,6,1,6,0,3,0,68,225,0,0,0,0,0,0,0,0,0,0,0,0,0,0,3,4,65,1,5,2,1,0,0,1,51,1,1,1,98,0,0
6,61915,1,1,1,20,11,19,54,8,0,1,0,6,2,49,40,49040,4,1992,JT2VK12E6N01,J,T,2,V,K,1,2,E,6,N,0,1,0,0,0,000000000,00000000000,0,0,0,1,0,0,0,0,0,0,0,998,0,0,0,12,2,5,8,0,0,0,1,6,92346,6,1,0,0,3,1,69,170,0,0,0,0,0,0,0,0,0,0,0,0,0,0,1,4,40,1,1,2,1,0,0,1,80,3,1,1,13,0,0
6,61916,1,2,1,21,11,5,25,12,6,1,0,6,1,12,3,12003,1,2006,1ZVFT84N9651,1,Z,V,F,T,8,4,N,9,6,5,1,0,0,0,000000000,00000000000,0,0,0,1,0,0,0,0,0,0,0,999,0,0,0,9,6,2,12,0,0,0,1,6,93550,6,1,0,0,3,3,69,230,1,0,0,0,0,7,2012,7,2012,4,28,0,0,0,1,2,55,2,6,2,2,0,0,14,6,99,4,2,64,1,0
6,61916,2,2,1,21,11,5,25,12,6,1,0,94,3,7,482,7482,40,2008,3D6WH46D08G2,3,D,6,W,H,4,6,D,0,8,G,2,0,0,0,000000000,00000000000,0,0,0,1,0,0,0,0,0,0,0,30,0,0,0,12,6,2,12,0,0,0,1,6,91006,6,1,6,1,3,0,71,195,0,0,0,0,0,0,0,0,0,0,0,0,0,0,1,2,55,3,5,2,2,0,0,14,62,1,1,1,65,0,0
6,61917,1,1,3,29,11,18,9,8,0,1,0,6,1,37,31,37031,2,2006,2HGFG21546H7,2,H,G,F,G,2,1,5,4,6,H,7,0,0,0,000000000,00000000000,0,0,0,1,0,0,0,0,0,0,0,998,0,0,0,12,4,3,8,0,0,0,1,6,94513,6,1,0,0,3,0,68,135,1,0,0,0,0,10,2012,10,2012,9,0,0,0,0,1,2,50,1,1,2,2,0,0,1,80,1,9,9,13,0,0
6,61918,1,2,2,27,10,18,25,12,2,1,0,4,1,12,23,12023,4,2011,3FAHP0JG6BR3,3,F,A,H,P,0,J,G,6,B,R,3,0,0,0,000000000,00000000000,0,0,0,1,0,0,0,0,0,0,0,55,0,0,0,12,6,2,12,0,0,0,1,4,86409,6,1,0,0,3,3,70,170,0,0,0,0,0,0,0,0,0,0,51,33,0,0,1,2,65,1,1,2,1,0,0,6,54,6,1,1,52,1,0
6,61918,2,2,1,27,10,18,25,12,2,1,0,41,3,82,881,82881,66,2009,1FUJGLDR59LA,1,F,U,J,G,L,D,R,5,9,L,A,1,1,57,1486505,571486505,3,6,1,1,0,0,0,0,0,0,0,50,0,0,0,12,6,2,12,0,0,1,1,6,95337,6,1,6,0,3,0,67,150,1,0,0,1,1,11,2012,11,2013,0,0,0,0,0,1,2,55,1,4,2,1,0,0,1,54,3,2,1,52,0,0
6,61919,1,1,1,21,12,99,99,1,0,1,0,6,2,37,32,37032,4,2005,1HGCM56865A0,1,H,G,C,M,5,6,8,6,5,A,0,0,0,0,000000000,00000000000,0,0,0,1,0,0,0,0,0,0,0,999,0,2,4,0,6,2,1,0,0,0,1,6,92630,6,1,0,0,3,0,68,165,0,0,0,0,0,0,0,0,0,0,48,0,0,0,3,6,65,1,1,1,1,0,0,1,8,99,3,4,2,1,1
6,61920,1,1,6,8,11,23,16,1,0,1,0,6,3,55,401,55401,14,2002,KM8SC13D42U1,K,M,8,S,C,1,3,D,4,2,U,1,0,0,0,000000000,00000000000,0,0,0,1,0,0,0,0,0,0,0,70,0,1,1,0,6,2,1,0,0,0,1,6,90265,6,1,0,0,3,0,64,120,0,0,0,0,0,0,0,0,0,0,38,0,0,0,2,2,65,1,1,2,1,0,0,1,8,1,1,1,98,2,0
6,61921,1,1,1,1,12,15,10,1,0,1,0,6,1,49,471,49471,30,1992,4TARN81A6NZ0,4,T,A,R,N,8,1,A,6,N,Z,0,0,0,0,000000000,00000000000,0,0,0,1,0,0,0,0,0,0,0,999,0,1,1,0,6,2,1,0,0,0,1,6,95252,6,1,0,0,3,0,70,165,1,0,0,0,2,2,2013,10,2014,0,48,58,0,0,1,2,65,3,6,2,1,0,0,14,13,1,4,6,98,1,0
6,61922,1,2,1,17,11,17,30,8,0,1,0,6,1,32,48,32048,5,2010,WAUKEAFM0AA1,W,A,U,K,E,A,F,M,0,A,A,1,0,0,0,000000000,00000000000,0,0,0,1,0,0,0,0,0,0,0,998,0,0,0,12,6,2,8,0,0,0,1,6,91601,1,1,0,0,2,3,67,140,1,4,0,3,3,9,2012,4,2014,0,0,0,0,0,1,4,35,1,1,2,1,0,0,1,80,1,1,1,13,0,0
6,61922,2,2,2,17,11,17,30,8,0,1,0,6,4,38,882,38882,61,2007,JALE5J160779,J,A,L,E,5,J,1,6,0,7,7,9,0,0,57,564136,57564136,2,1,1,1,0,0,0,0,0,0,0,0,0,0,0,13,2,5,54,0,0,0,1,6,90047,6,1,0,0,3,0,67,130,0,0,0,0,0,0,0,0,0,0,0,0,0,0,1,4,35,1,1,2,1,0,0,5,80,1,1,1,98,0,0
6,61923,1,1,1,9,11,0,32,30,0,1,0,6,3,12,481,12481,31,1995,1FTEX15N1SKB,1,F,T,E,X,1,5,N,1,S,K,B,0,0,0,000000000,00000000000,0,0,0,1,0,0,0,0,0,0,0,998,0,1,5,12,6,2,1,0,0,0,1,6,93446,0,0,0,0,0,0,65,150,0,0,0,0,0,0,0,0,0,3,0,0,0,0,1,2,55,2,1,2,1,0,0,14,12,1,1,4,6,1,1
6,61924,1,1,1,6,12,5,26,24,0,1,0,6,1,54,34,54034,4,1994,JH4CC2666RC0,J,H,4,C,C,2,6,6,6,R,C,0,0,0,0,000000000,00000000000,0,0,0,1,0,0,0,0,0,0,0,65,0,0,0,11,6,2,24,0,0,0,1,6,95121,0,0,0,0,0,0,73,245,0,0,0,0,1,11,2014,11,2014,0,48,0,0,0,6,2,65,2,8,1,2,0,0,14,12,1,1,4,6,1,1
6,61925,1,3,1,6,12,12,15,12,2,1,0,6,3,49,51,49051,4,2014,JTDKTUD34ED5,J,T,D,K,T,U,D,3,4,E,D,5,0,0,0,000000000,00000000000,0,0,0,1,0,0,0,0,0,0,0,999,0,0,0,12,6,2,12,0,0,0,1,6,92552,1,1,0,0,2,0,66,200,0,0,0,0,0,0,0,0,0,5,51,0,0,0,5,6,35,1,1,2,1,0,0,1,10,1,1,2,50,1,0
6,61925,2,3,2,6,12,12,15,12,2,1,0,32,3,20,25,20025,4,2014,1G1PE5SB3E74,1,G,1,P,E,5,S,B,3,E,7,4,0,0,0,000000000,00000000000,0,0,0,1,0,0,0,0,0,0,0,998,0,0,0,12,6,2,12,0,0,0,1,97,0,9,9,99,9,9,9,68,150,99,99,99,99,99,99,9999,99,9999,0,0,0,0,0,5,6,35,1,1,2,1,0,0,1,62,7,1,2,51,0,0
6,61925,3,3,1,6,12,12,15,12,2,1,0,6,1,7,999,7999,99,1995,2B6HB21X5SK5,2,B,6,H,B,2,1,X,5,S,K,5,0,0,0,000000000,00000000000,0,0,0,1,0,0,0,0,0,0,0,998,0,0,0,12,6,2,12,0,0,0,1,6,90008,6,1,0,0,3,0,72,240,0,0,0,0,0,0,0,0,0,0,0,0,0,0,5,6,35,1,1,2,1,0,0,1,62,99,1,2,98,0,0
6,61926,1,1,1,19,12,9,5,25,0,1,0,6,1,42,43,42043,4,2001,WDBNG70J91A2,W,D,B,N,G,7,0,J,9,1,A,2,0,0,0,000000000,00000000000,0,0,0,1,0,0,0,0,0,0,0,60,0,0,0,11,6,2,25,0,0,0,1,6,95822,6,1,0,0,3,0,74,200,0,0,0,0,0,0,0,0,0,4,0,0,0,0,3,4,65,1,1,1,2,0,0,1,6,1,2,4,7,1,0
6,61927,1,1,1,12,10,0,45,33,0,1,0,6,2,49,401,49401,14,1999,JT3GN86R8X01,J,T,3,G,N,8,6,R,8,X,0,1,0,0,0,000000000,00000000000,0,0,0,1,0,0,0,0,0,0,0,998,0,1,6,11,6,2,8,0,0,0,1,98,91406,0,0,0,0,0,0,67,150,0,0,0,0,0,0,0,0,0,0,85,0,0,0,1,8,35,1,1,2,1,0,0,1,13,7,1,4,3,0,1
6,61928,1,2,1,17,11,5,32,12,6,1,0,6,1,52,471,52471,30,1995,JA7LS21G6SP0,J,A,7,L,S,2,1,G,6,S,P,0,0,0,0,000000000,00000000000,0,0,0,1,0,0,0,0,0,0,0,998,0,0,0,81,6,2,12,0,0,0,1,6,93280,6,1,0,0,3,3,68,190,0,0,0,1,0,10,2012,10,2012,0,38,0,0,0,1,2,55,1,1,2,1,0,0,11,15,99,1,1,68,0,0
6,61928,2,2,1,17,11,5,32,12,6,1,0,6,1,73,706,73706,80,1997,JKBVNCA14VA0,J,K,B,V,N,C,A,1,4,V,A,0,0,0,0,000000000,00000000000,0,0,0,1,0,0,0,0,0,0,0,999,0,0,0,12,6,2,12,0,0,0,1,6,93314,6,1,0,0,3,3,68,182,0,0,0,0,0,0,0,0,0,0,0,0,0,0,1,2,55,1,1,2,1,0,0,1,62,1,1,1,69,1,0
6,61929,1,1,1,27,10,20,40,1,0,1,0,6,1,72,706,72706,80,2013,1HD1JRV38DB0,1,H,D,1,J,R,V,3,8,D,B,0,0,0,0,000000000,00000000000,0,0,0,1,0,0,0,0,0,0,0,34,0,0,0,0,6,2,1,0,0,0,1,6,92081,6,1,0,0,3,0,71,230,1,0,0,3,1,12,2012,9,2014,4,0,0,0,0,6,3,65,1,5,2,1,3,3,10,6,3,2,1,98,1,1
6,61930,1,1,2,26,12,20,40,8,0,1,0,6,1,12,471,12471,30,2004,1FTYR15E84PA,1,F,T,Y,R,1,5,E,8,4,P,A,0,0,0,000000000,00000000000,0,0,0,1,0,0,0,0,0,0,0,50,0,0,0,12,4,5,8,0,0,0,1,6,95482,6,1,0,0,3,0,66,150,0,0,0,1,0,8,2012,8,2012,0,99,99,99,99,1,2,50,1,1,1,1,0,0,1,80,99,9,1,13,0,0
6,61931,1,1,1,22,11,4,57,8,0,1,0,6,3,87,881,87881,66,2000,1NP5LR9X2YD5,1,N,P,5,L,R,9,X,2,Y,D,5,1,1,6,0296874,060296874,3,6,3,1,0,0,0,0,0,0,0,57,0,0,0,12,2,3,8,0,0,0,1,6,93021,6,1,6,1,3,3,73,220,2,0,0,0,0,11,2012,10,2013,0,0,0,0,0,3,7,55,1,1,1,1,0,0,1,80,99,1,1,13,0,0
6,61932,1,2,2,24,12,14,6,12,2,1,0,6,1,98,998,98998,97,2006,A2RTC2SCE6A0,A,2,R,T,C,2,S,C,E,6,A,0,0,0,0,000000000,00000000000,0,0,0,1,0,0,0,0,0,0,0,999,0,0,0,12,6,2,12,0,0,0,1,6,92067,6,1,0,0,3,0,72,200,0,0,0,0,0,0,0,0,0,4,28,0,0,0,1,2,35,2,1,2,1,0,0,14,13,9,4,6,50,1,0
6,61932,2,2,2,24,12,14,6,12,2,1,0,6,1,12,422,12422,15,2006,1FMFU17526LA,1,F,M,F,U,1,7,5,2,6,L,A,0,0,0,000000000,00000000000,0,0,0,1,0,0,0,0,0,0,0,35,0,0,0,12,6,2,12,0,0,0,1,6,92130,6,1,0,0,3,0,72,180,0,0,0,0,0,0,0,0,0,0,0,0,0,0,1,2,35,3,1,2,1,0,0,14,62,2,1,1,51,0,0
6,61933,1,2,1,12,1,15,50,12,6,1,0,6,1,41,52,41052,6,2010,JM1CR2WL1A03,J,M,1,C,R,2,W,L,1,A,0,3,0,0,0,000000000,00000000000,0,0,0,1,0,0,0,0,0,0,0,998,0,0,0,82,4,3,12,0,0,0,1,6,93535,6,1,0,0,3,3,63,169,0,0,0,0,0,0,0,0,0,0,38,0,0,0,2,4,50,1,8,2,1,3,3,11,15,1,1,1,68,1,0
6,61933,2,2,1,12,1,15,50,12,6,1,0,6,1,42,401,42401,14,2006,4JGBB86E76A1,4,J,G,B,B,8,6,E,7,6,A,1,0,0,0,000000000,00000000000,0,0,0,1,0,0,0,0,0,0,0,998,0,0,0,12,4,3,12,0,0,0,1,6,90232,6,1,0,0,3,0,74,170,0,0,0,0,0,0,0,0,0,0,0,0,0,0,2,4,50,1,8,2,1,3,3,1,62,2,2,1,69,0,0
6,61934,1,1,1,28,10,16,10,59,0,1,0,6,1,54,38,54038,3,2004,JH4DC54824S0,J,H,4,D,C,5,4,8,2,4,S,0,0,0,0,000000000,00000000000,0,0,0,1,0,0,0,0,0,0,0,67,0,0,0,98,6,2,59,0,0,0,1,6,92532,6,1,0,0,3,0,75,170,0,0,0,0,0,0,0,0,0,4,6,0,0,0,3,3,55,2,1,1,1,0,0,14,12,7,3,4,2,1,0
6,61935,1,2,1,6,5,14,23,12,7,1,0,6,2,12,473,12473,30,2002,1FMYU60E62UB,1,F,M,Y,U,6,0,E,6,2,U,B,0,0,0,000000000,00000000000,0,0,0,1,0,0,0,0,0,0,0,999,0,1,3,1,6,2,12,0,0,0,1,6,92335,6,1,0,0,3,0,63,155,0,0,0,2,0,2,2014,4,2014,0,24,27,0,0,3,4,65,1,8,1,1,0,0,15,11,1,1,2,44,1,0
6,61935,2,2,2,6,5,14,23,12,7,1,0,6,1,35,47,35047,4,1999,1N4DL01D6XC2,1,N,4,D,L,0,1,D,6,X,C,2,0,0,0,000000000,00000000000,0,0,0,1,0,0,0,0,0,0,0,63,0,0,0,61,2,5,12,0,0,0,1,6,92334,6,1,0,0,3,3,64,150,0,0,0,0,0,0,0,0,0,0,0,0,0,0,3,4,65,1,8,1,1,0,0,1,60,99,1,1,45,0,0
6,61936,1,2,2,18,12,11,31,12,6,1,0,6,1,59,32,59032,4,1993,JT8UF11E1P01,J,T,8,U,F,1,1,E,1,P,0,1,1,3,0,000000000,00000000000,0,0,0,1,0,0,0,0,0,0,0,53,0,0,0,12,6,2,12,0,0,0,1,6,93631,6,1,0,0,3,3,72,180,0,0,0,0,0,0,0,0,0,0,39,0,0,0,1,2,55,1,1,2,1,20,3,1,17,99,1,1,88,1,0
6,61936,2,2,1,18,12,11,31,12,6,1,0,6,3,82,881,82881,66,2013,1FUBCXBS1DDB,1,F,U,B,C,X,B,S,1,D,D,B,1,3,6,2448,062448,3,6,2,2,2,1203,3,1,0,0,0,53,0,1,2,61,6,2,12,0,0,0,1,6,93230,6,1,6,1,3,3,69,190,0,0,0,0,0,0,0,0,0,0,0,0,0,0,1,2,55,1,1,2,1,0,0,1,66,1,1,1,89,0,0
6,61937,1,1,1,7,6,21,8,14,0,1,0,6,1,37,705,37705,80,2003,JH2PC35183M4,J,H,2,P,C,3,5,1,8,3,M,4,0,0,0,000000000,00000000000,0,0,0,1,0,0,0,0,0,0,0,998,0,0,0,12,6,2,14,0,0,0,1,6,94577,6,1,0,0,3,0,74,155,1,0,0,1,0,2,2014,5,2014,4,48,0,0,0,3,1,40,1,1,2,1,0,0,1,13,4,2,4,1,1,1
6,61938,1,2,1,30,12,6,34,12,6,1,0,6,2,59,34,59034,4,1999,JT8BD68S4X00,J,T,8,B,D,6,8,S,4,X,0,0,0,0,0,000000000,00000000000,0,0,0,1,0,0,0,0,0,0,0,998,0,0,0,12,6,2,12,0,0,0,1,6,90242,6,1,0,0,3,3,63,150,0,0,0,0,1,10,2012,10,2012,0,39,0,0,0,2,4,40,1,8,2,1,2,3,1,17,99,1,1,69,1,0
6,61938,2,2,1,30,12,6,34,12,6,1,0,6,3,98,898,98898,63,2005,5VCEC6PE25H2,5,V,C,E,C,6,P,E,2,5,H,2,0,0,57,531552,57531552,3,2,7,1,0,0,0,0,0,0,0,998,0,0,0,98,4,5,12,0,0,0,1,6,91744,6,1,6,0,3,3,65,185,0,0,0,0,0,0,0,0,0,0,0,0,0,0,2,4,40,1,8,2,1,2,3,11,63,99,1,1,68,0,0
6,61939,1,3,1,8,3,11,49,59,0,1,0,6,1,37,31,37031,4,2001,2HGES16251H6,2,H,G,E,S,1,6,2,5,1,H,6,0,0,0,000000000,00000000000,0,0,0,1,0,0,0,0,0,0,0,998,0,0,0,98,6,2,59,0,0,0,1,6,93313,6,1,0,0,3,0,68,160,0,0,0,0,0,0,0,0,0,4,48,0,0,0,2,3,55,8,8,8,1,0,0,1,12,1,1,4,6,0,0
6,61939,2,3,2,8,3,11,49,59,0,1,0,6,1,12,473,12473,30,2002,1FMZU73E72UA,1,F,M,Z,U,7,3,E,7,2,U,A,0,0,0,000000000,00000000000,0,0,0,1,0,0,0,0,0,0,0,998,0,0,0,98,6,2,12,0,0,0,1,6,95661,6,1,0,0,3,0,68,210,0,0,0,0,0,0,0,0,0,0,0,0,0,0,2,3,55,8,8,8,1,0,0,1,62,1,1,1,98,1,0
6,61939,3,3,2,8,3,11,49,59,0,1,0,6,1,49,401,49401,14,2000,JT3GM84R8Y00,J,T,3,G,M,8,4,R,8,Y,0,0,0,0,0,000000000,00000000000,0,0,0,1,0,0,0,0,0,0,0,998,0,0,0,12,4,3,12,0,0,0,1,6,93311,6,1,0,0,3,0,68,165,0,0,0,0,0,0,0,0,0,0,0,0,0,0,2,3,55,8,8,8,1,0,0,1,98,1,1,1,98,0,0
6,61940,1,1,1,9,11,0,53,33,0,1,0,6,3,37,32,37032,4,2009,2HGFA16819H3,2,H,G,F,A,1,6,8,1,9,H,3,0,0,0,000000000,00000000000,0,0,0,1,0,0,0,0,0,0,0,998,0,1,5,98,6,2,1,0,0,1,1,6,91710,6,1,0,0,3,0,63,180,0,0,0,0,0,0,0,0,0,5,0,0,0,0,5,5,35,1,1,2,1,0,0,1,13,1,1,4,1,1,1
6,61941,1,1,1,9,11,5,20,17,0,1,0,32,2,55,36,55036,4,2005,KMHCG35C55U3,K,M,H,C,G,3,5,C,5,5,U,3,0,0,0,000000000,00000000000,0,0,0,1,0,0,0,0,0,0,0,998,0,0,0,12,6,2,2,0,0,1,1,99,99999,9,9,99,9,9,9,999,999,99,99,99,99,99,99,9999,99,9999,0,0,0,0,0,2,2,70,1,1,2,1,0,0,1,12,1,1,4,6,1,1
6,61942,1,1,1,9,11,5,58,30,0,1,0,6,1,49,472,49472,30,1999,4TASM92N6XZ4,4,T,A,S,M,9,2,N,6,X,Z,4,0,0,0,000000000,00000000000,0,0,0,1,0,0,0,0,0,0,0,998,0,0,0,12,6,2,30,0,0,1,1,6,93622,6,1,0,0,3,0,71,210,0,0,0,1,1,9,2013,6,2014,0,0,0,0,0,1,2,55,1,1,2,2,0,0,1,12,1,1,4,6,1,1
6,61943,1,1,1,8,1,15,19,8,0,1,0,6,2,12,461,12461,21,2008,1FTSS34L38DB,1,F,T,S,S,3,4,L,3,8,D,B,0,0,0,000000000,00000000000,0,0,0,1,0,0,0,0,0,0,0,998,0,0,0,98,0,3,8,0,0,0,1,6,93257,6,1,0,0,3,0,71,135,0,0,1,0,1,3,2012,11,2013,0,38,0,0,0,2,2,35,1,1,2,1,20,3,10,80,1,1,1,13,0,0