STATE,ST_CASE,VEH_NO,VE_FORMS,NUMOCCS,DAY,MONTH,HOUR,MINUTE,HARM_EV,MAN_COLL,UNITTYPE,HIT_RUN,REG_STAT,OWNER,MAKE,MODEL,MAK_MOD,BODY_TYP,MOD_YEAR,VIN,VIN_1,VIN_2,VIN_3,VIN_4,VIN_5,VIN_6,VIN_7,VIN_8,VIN_9,VIN_10,VIN_11,VIN_12,TOW_VEH,J_KNIFE,MCARR_I1,MCARR_I2,MCARR_ID,GVWR,V_CONFIG,CARGO_BT,HAZ_INV,HAZ_PLAC,HAZ_ID,HAZ_CNO,HAZ_REL,BUS_USE,SPEC_USE,EMER_USE,TRAV_SP,UNDERIDE,ROLLOVER,ROLINLOC,IMPACT1,DEFORMED,TOWED,M_HARM,VEH_SC1,VEH_SC2,FIRE_EXP,DR_PRES,L_STATE,DR_ZIP,L_STATUS,L_TYPE,CDL_STAT,L_ENDORS,L_COMPL,L_RESTRI,DR_HGT,DR_WGT,PREV_ACC,PREV_SUS,PREV_DWI,PREV_SPD,PREV_OTH,FIRST_MO,FIRST_YR,LAST_MO,LAST_YR,SPEEDREL,DR_SF1,DR_SF2,DR_SF3,DR_SF4,VTRAFWAY,VNUM_LAN,VSPD_LIM,VALIGN,VPROFILE,VPAVETYP,VSURCOND,VTRAFCON,VTCONT_F,P_CRASH1,P_CRASH2,P_CRASH3,PCRASH4,PCRASH5,ACC_TYPE,DEATHS,DR_DRINK
6,62095,1,2,1,9,10,0,52,12,1,1,0,6,2,37,32,37032,4,2000,3HGCG6658YG7,3,H,G,C,G,6,6,5,8,Y,G,7,0,0,0,000000000,00000000000,0,0,0,1,0,0,0,0,0,0,0,100,1,0,0,12,6,2,12,0,0,0,1,6,90638,6,1,0,0,3,3,69,130,0,0,0,0,0,0,0,0,0,3,0,0,0,0,3,4,65,1,1,1,1,0,0,1,51,1,1,1,24,1,1
6,62095,2,2,1,9,10,0,52,12,1,1,0,6,3,82,881,82881,66,2003,1FUJAPCG73DK,1,F,U,J,A,P,C,G,7,3,D,K,1,1,6,0411568,060411568,3,6,1,1,0,0,0,0,0,0,0,54,0,0,0,6,4,5,12,0,0,0,1,6,92883,6,1,6,0,3,0,66,201,0,1,0,0,0,10,2012,10,2012,0,0,0,0,0,3,4,55,1,1,1,1,0,0,1,53,1,1,1,25,0,0
6,62096,1,2,3,27,10,19,20,12,6,1,0,6,1,7,482,7482,31,2014,1C6RR6KT8ES3,1,C,6,R,R,6,K,T,8,E,S,3,0,0,0,000000000,00000000000,0,0,0,1,0,0,0,0,0,0,0,998,0,0,0,12,6,2,12,0,0,0,1,6,90745,6,1,0,0,3,0,64,155,0,0,0,0,0,0,0,0,0,0,38,0,0,0,1,8,40,1,8,1,1,3,3,11,15,1,1,1,68,0,1
6,62096,2,2,1,27,10,19,20,12,6,1,0,6,1,53,706,53706,80,2005,JS1VT54A2521,J,S,1,V,T,5,4,A,2,5,2,1,0,0,0,000000000,00000000000,0,0,0,1,0,0,0,0,0,0,0,999,0,0,0,61,6,2,12,0,0,0,1,6,90805,6,1,0,0,3,0,71,190,0,0,0,0,1,5,2013,5,2013,9,0,0,0,0,1,8,40,1,8,1,1,3,3,1,62,99,9,1,69,1,0
6,62097,1,2,1,18,8,11,10,12,8,1,1,99,9,49,32,49032,8,1988,999999999999,9,9,9,9,9,9,9,9,9,9,9,9,0,0,0,000000000,00000000000,0,0,0,1,0,0,0,0,0,0,0,999,0,0,0,98,4,3,12,0,0,0,1,99,99999,9,9,99,9,9,9,999,999,99,99,99,99,99,99,9999,99,9999,0,39,0,0,0,8,8,35,8,8,8,98,3,3,11,15,99,9,1,76,0,0
6,62097,2,2,1,18,8,11,10,12,8,1,0,6,1,37,32,37032,4,2000,1HGCG1658YA0,1,H,G,C,G,1,6,5,8,Y,A,0,0,0,0,000000000,00000000000,0,0,0,1,0,0,0,0,0,0,0,998,0,0,0,98,6,2,12,0,0,0,1,6,91604,6,1,0,0,3,0,62,130,0,0,0,0,0,0,0,0,0,0,0,0,0,0,8,8,35,8,8,8,98,3,3,1,65,99,9,1,77,1,0
6,62098,1,1,0,29,11,12,6,8,0,1,0,6,6,49,472,49472,30,2009,5TETU62N29Z6,5,T,E,T,U,6,2,N,2,9,Z,6,0,0,0,000000000,00000000000,0,0,0,1,0,0,0,0,0,0,0,998,0,0,0,9,2,3,8,0,0,0,0,0,99997,7,6,97,7,6,7,998,997,998,998,998,998,998,98,9998,98,9998,8,0,0,0,0,0,0,0,0,0,0,0,0,0,0,98,0,0,0,98,0,0
6,62099,1,3,1,24,9,5,40,12,6,1,0,6,2,54,31,54031,4,1998,JH4DC4368WS0,J,H,4,D,C,4,3,6,8,W,S,0,0,0,0,000000000,00000000000,0,0,0,1,0,0,0,0,0,0,0,999,0,0,0,61,6,2,12,0,0,0,1,6,95351,0,0,0,0,0,0,69,200,0,0,0,0,1,11,2011,11,2011,0,39,0,0,0,1,2,55,1,1,2,1,20,3,1,17,99,1,1,89,0,0
6,62099,2,3,1,24,9,5,40,12,6,1,0,6,1,23,471,23471,30,1997,1GTCS19XXV85,1,G,T,C,S,1,9,X,X,V,8,5,0,0,0,000000000,00000000000,0,0,0,1,0,0,0,0,0,0,0,999,0,1,1,12,6,2,12,0,0,0,1,6,95319,3,1,0,0,2,0,67,138,0,0,0,0,0,0,0,0,0,0,0,0,0,0,1,2,55,1,1,2,1,0,0,1,66,99,1,1,88,1,0
6,62099,3,3,1,24,9,5,40,12,6,1,0,6,2,20,481,20481,31,1984,1GCEC14F9EJ1,1,G,C,E,C,1,4,F,9,E,J,1,0,0,0,000000000,00000000000,0,0,0,1,0,0,0,0,0,0,0,999,0,0,0,12,6,2,12,0,0,0,1,6,95363,6,1,0,0,3,0,67,185,0,0,0,0,0,0,0,0,0,0,0,0,0,0,1,2,55,1,1,2,1,0,0,1,66,99,1,1,98,0,0
6,62100,1,1,1,30,10,99,99,42,0,1,0,6,1,49,482,49482,31,2002,5TBBT44172S2,5,T,B,B,T,4,4,1,7,2,S,2,0,0,0,000000000,00000000000,0,0,0,1,0,0,0,0,0,0,0,999,0,1,6,98,6,2,1,0,0,0,1,6,95556,6,1,6,0,3,0,71,175,0,5,0,0,0,4,2012,5,2013,4,24,0,0,0,1,2,55,3,1,2,1,28,3,14,6,3,2,4,7,1,1
6,62101,1,1,2,30,12,20,1,8,0,1,0,6,1,12,471,12471,30,2007,1FTYR14D67PA,1,F,T,Y,R,1,4,D,6,7,P,A,0,0,0,000000000,00000000000,0,0,0,1,0,0,0,0,0,0,0,25,0,0,0,12,4,3,8,0,0,0,1,6,92860,6,1,0,0,3,3,67,160,0,0,0,0,0,0,0,0,0,0,0,0,0,0,2,3,40,1,1,2,2,0,0,1,80,7,1,1,13,0,0
6,62102,1,2,4,7,8,23,9,12,6,1,0,6,2,54,35,54035,4,2001,19UUA566X1A0,1,9,U,U,A,5,6,6,X,1,A,0,0,0,0,000000000,00000000000,0,0,0,1,0,0,0,0,0,0,0,998,0,0,0,12,6,2,12,0,0,0,1,6,92407,0,0,0,0,0,0,61,108,0,0,0,0,0,0,0,0,0,0,39,0,0,0,1,5,35,1,8,2,1,3,3,1,17,1,1,1,88,0,1
6,62102,2,2,3,7,8,23,9,12,6,1,0,6,1,20,473,20473,30,2009,1GCCS1995981,1,G,C,C,S,1,9,9,5,9,8,1,0,0,0,000000000,00000000000,0,0,0,1,0,0,0,0,0,0,0,998,0,1,1,9,6,2,12,0,0,0,1,6,92503,6,1,0,0,3,3,65,245,1,0,0,0,1,4,2013,8,2013,0,0,0,0,0,1,5,35,1,8,2,1,3,3,1,66,1,1,1,89,1,0
6,62103,1,1,1,15,10,7,54,24,0,1,0,6,1,49,49,49049,6,2006,JTLKT3241640,J,T,L,K,T,3,2,4,1,6,4,0,0,0,0,000000000,00000000000,0,0,0,1,0,0,0,0,0,0,0,75,0,0,0,98,6,2,35,0,0,1,1,6,91803,6,1,0,0,3,3,62,115,0,0,0,0,0,0,0,0,0,0,0,0,0,0,3,2,70,1,1,2,1,0,0,1,12,99,1,4,6,1,0
6,62104,1,1,1,31,12,8,39,35,0,1,0,6,1,42,48,42048,4,2000,WDBNG75J2YA0,W,D,B,N,G,7,5,J,2,Y,A,0,0,0,0,000000000,00000000000,0,0,0,1,0,0,0,0,0,0,0,100,0,0,0,12,6,2,23,0,0,1,1,6,93306,6,1,0,0,3,0,68,210,0,0,0,1,1,8,2014,9,2014,3,0,0,0,0,2,3,65,1,8,2,1,0,0,1,6,1,1,4,1,1,0
6,62105,1,1,1,31,12,12,53,42,0,1,0,6,1,42,48,42048,4,1998,WDBJF70F2WA6,W,D,B,J,F,7,0,F,2,W,A,6,0,0,0,000000000,00000000000,0,0,0,1,0,0,0,0,0,0,0,999,0,0,0,12,6,2,42,0,0,0,1,6,94901,6,1,0,0,3,3,70,185,0,0,0,0,0,0,0,0,0,0,0,0,0,0,2,2,65,1,1,2,1,0,0,1,13,1,1,4,1,1,0
6,62106,1,1,1,31,10,5,24,9,0,1,0,6,1,18,22,18022,4,2008,2G4WC5822811,2,G,4,W,C,5,8,2,2,8,1,1,0,0,0,000000000,00000000000,0,0,0,1,0,0,0,0,0,0,0,998,0,0,0,11,2,5,9,0,0,0,1,6,92115,6,1,0,0,3,0,71,165,0,0,0,0,1,8,2014,8,2014,0,0,0,0,0,1,6,35,1,8,8,1,0,0,1,83,99,9,1,13,0,0
6,62107,1,1,1,31,12,21,34,33,0,1,0,6,1,53,706,53706,80,2006,JS1GR7GA7621,J,S,1,G,R,7,G,A,7,6,2,1,0,0,0,000000000,00000000000,0,0,0,1,0,0,0,0,0,0,0,60,0,0,0,12,6,2,42,0,0,0,1,6,95691,1,1,0,0,2,0,73,280,0,1,0,0,0,11,2014,11,2014,0,28,0,0,0,1,4,45,2,1,2,1,0,0,14,12,6,1,4,8,1,0
6,62108,1,1,1,1,12,20,50,33,0,1,0,6,2,37,31,37031,2,1993,1HGEJ1258PL0,1,H,G,E,J,1,2,5,8,P,L,0,0,0,0,000000000,00000000000,0,0,0,1,0,0,0,0,0,0,0,998,0,0,0,12,6,2,42,0,0,0,1,6,90011,0,0,0,0,0,0,67,165,0,0,0,0,1,10,2014,10,2014,9,0,0,0,0,5,5,35,1,1,2,1,0,0,1,13,1,1,4,1,1,0
6,62109,1,1,1,11,11,5,40,8,0,1,0,6,1,7,482,7482,31,2013,3C6UR5CL1DG5,3,C,6,U,R,5,C,L,1,D,G,5,0,0,0,000000000,00000000000,0,0,0,1,0,0,0,0,0,0,0,65,0,0,0,1,4,3,8,0,0,0,1,6,91321,6,1,0,0,3,0,72,165,0,0,0,0,0,0,0,0,0,0,0,0,0,0,3,5,55,1,1,1,1,0,0,1,80,1,1,1,13,0,0
6,62110,1,6,1,3,10,19,42,12,7,1,0,6,2,72,706,72706,80,2006,1HD4CAM336K4,1,H,D,4,C,A,M,3,3,6,K,4,0,0,0,000000000,00000000000,0,0,0,1,0,0,0,0,0,0,0,999,0,0,0,81,6,2,12,0,0,0,1,6,95758,6,1,0,0,3,0,70,175,0,2,0,0,0,10,2012,6,2014,4,0,0,0,0,3,6,65,1,8,2,1,0,0,16,10,99,1,2,46,1,1
6,62110,2,6,3,3,10,19,42,12,7,1,0,6,1,20,2,20002,4,2010,2G1WB5EN3A12,2,G,1,W,B,5,E,N,3,A,1,2,0,0,0,000000000,00000000000,0,0,0,1,0,0,0,0,0,0,0,48,0,0,0,63,4,3,12,0,0,0,1,6,95834,6,1,0,0,3,3,67,230,0,0,0,0,0,0,0,0,0,0,0,0,0,0,3,6,65,1,8,2,1,0,0,1,60,99,1,1,45,0,0
6,62110,3,6,1,3,10,19,42,12,7,1,0,6,1,2,403,2403,14,2012,1C4BJWCG9CL1,1,C,4,B,J,W,C,G,9,C,L,1,0,0,0,000000000,00000000000,0,0,0,1,0,0,0,0,0,0,0,60,0,0,0,98,4,5,12,0,0,0,1,6,95691,6,1,0,0,3,0,70,215,0,0,0,0,0,0,0,0,0,0,0,0,0,0,3,6,65,1,8,2,1,0,0,1,61,1,1,1,98,0,0
6,62110,4,6,1,3,10,19,42,12,7,1,0,6,3,82,881,82881,66,2011,1FUJGLDR4BSA,1,F,U,J,G,L,D,R,4,B,S,A,1,1,57,1171107,571171107,3,6,1,1,0,0,0,0,0,0,0,55,0,0,0,98,2,5,12,0,0,0,1,6,95307,6,1,6,0,3,3,71,170,0,0,0,0,0,0,0,0,0,0,0,0,0,0,3,6,65,1,8,2,1,0,0,1,61,8,1,1,98,0,0
6,62110,5,6,2,3,10,19,42,12,7,1,0,6,1,49,32,49032,4,1996,1NXBA02E3TZ4,1,N,X,B,A,0,2,E,3,T,Z,4,0,0,0,000000000,00000000000,0,0,0,1,0,0,0,0,0,0,0,70,0,0,0,98,2,5,12,0,0,0,1,6,95822,6,1,0,0,3,0,65,130,1,0,0,0,0,4,2013,4,2013,0,0,0,0,0,3,6,65,1,8,2,1,0,0,1,61,99,1,1,98,0,0
6,62110,6,6,2,3,10,19,42,12,7,1,0,6,1,7,482,7482,31,2006,3D7KS29C06G2,3,D,7,K,S,2,9,C,0,6,G,2,0,0,0,000000000,00000000000,0,0,0,1,0,0,0,0,0,0,0,70,0,0,0,98,2,5,12,0,0,0,1,6,95624,6,1,0,0,3,0,68,160,0,0,0,0,0,0,0,0,0,0,0,0,0,0,3,6,65,1,8,2,1,0,0,1,61,6,1,1,98,0,0
6,62111,1,3,1,4,11,20,25,39,0,1,0,6,1,53,705,53705,80,2007,JS1GR7KA5721,J,S,1,G,R,7,K,A,5,7,2,1,0,0,0,000000000,00000000000,0,0,0,1,0,0,0,0,0,0,0,999,0,0,0,98,6,2,39,0,0,0,1,6,90059,6,1,0,0,3,3,75,250,0,0,0,0,0,0,0,0,0,9,0,0,0,0,6,2,65,1,8,1,1,0,0,1,8,99,2,4,2,1,0
6,62111,2,3,1,4,11,20,25,39,0,1,0,6,2,54,31,54031,9,2000,JH4DC4464YS0,J,H,4,D,C,4,4,6,4,Y,S,0,0,0,0,000000000,00000000000,0,0,0,1,0,0,0,0,0,0,0,50,0,0,0,12,4,3,54,0,0,0,1,6,90064,6,1,0,0,3,0,70,144,0,0,0,0,0,0,0,0,0,0,0,0,0,0,6,2,65,1,8,1,1,0,0,1,98,8,9,1,98,0,0
6,62111,3,3,1,4,11,20,25,39,0,1,0,6,1,37,32,37032,9,2000,1HGCG1659YA0,1,H,G,C,G,1,6,5,9,Y,A,0,0,0,0,000000000,00000000000,0,0,0,1,0,0,0,0,0,0,0,50,0,0,0,12,2,5,54,0,0,0,1,6,90044,6,1,0,0,3,0,66,150,0,1,0,1,0,9,2013,10,2014,0,0,0,0,0,6,2,65,1,8,1,1,0,0,1,98,4,9,1,98,0,0
6,62112,1,1,1,9,11,99,99,42,0,1,0,6,2,37,31,37031,2,2006,2HGFG12866H5,2,H,G,F,G,1,2,8,6,6,H,5,0,0,0,000000000,00000000000,0,0,0,1,0,0,0,0,0,0,0,999,0,0,0,83,6,2,42,0,0,0,1,6,95660,6,1,0,0,3,0,68,140,0,0,0,0,0,0,0,0,0,9,48,0,0,0,2,2,70,1,1,2,1,0,0,1,13,1,1,4,1,1,1
6,62113,1,2,1,15,10,16,55,12,6,1,0,6,2,49,40,49040,4,2001,4T1BG22KX1U0,4,T,1,B,G,2,2,K,X,1,U,0,0,0,0,000000000,00000000000,0,0,0,1,0,0,0,0,0,0,0,998,0,0,0,61,6,2,12,0,0,0,1,6,92397,6,1,0,0,3,3,64,135,0,0,0,0,0,0,0,0,0,0,0,0,0,0,1,2,45,1,1,2,1,20,3,11,16,99,1,7,68,1,0
6,62113,2,2,1,15,10,16,55,12,6,1,0,48,1,7,880,7880,67,2014,3C63RRLL2EG1,3,C,6,3,R,R,L,L,2,E,G,1,1,1,77,777777777,77777777777,2,4,3,1,0,0,0,0,0,0,0,50,0,0,0,12,6,2,12,0,0,0,1,48,76528,6,1,0,0,3,0,74,230,1,0,0,0,0,4,2014,4,2014,0,0,0,0,0,2,2,50,1,6,2,1,0,0,1,66,8,1,2,69,0,0
6,62114,1,2,3,29,9,19,40,33,0,1,0,6,2,41,51,41051,5,2006,JM1BK3445615,J,M,1,B,K,3,4,4,5,6,1,5,0,0,0,000000000,00000000000,0,0,0,1,0,0,0,0,0,0,0,53,0,0,0,98,6,2,33,0,0,0,1,6,91352,0,0,0,0,0,0,62,165,0,0,0,0,0,0,0,0,0,4,0,0,0,0,1,2,25,1,1,2,1,0,0,1,13,1,1,4,1,1,1
6,62114,2,2,1,29,9,19,40,33,0,1,0,6,1,12,481,12481,31,2002,1FTRW07L92KC,1,F,T,R,W,0,7,L,9,2,K,C,0,0,0,000000000,00000000000,0,0,0,1,0,0,0,0,0,0,0,35,0,0,0,12,4,3,12,0,0,0,1,6,91331,6,1,0,0,3,0,67,165,0,0,0,0,0,0,0,0,0,0,0,0,0,0,1,2,25,1,1,2,1,0,0,1,98,1,1,1,98,0,1
6,62115,1,2,1,8,11,1,14,12,2,1,0,6,2,37,32,37032,4,1998,1HGCG5641WA0,1,H,G,C,G,5,6,4,1,W,A,0,0,0,0,000000000,00000000000,0,0,0,1,0,0,0,0,0,0,0,68,0,0,0,12,6,2,12,0,0,0,1,6,90042,1,1,0,0,2,0,63,170,1,3,0,0,0,11,2013,6,2014,0,24,0,0,0,3,4,55,8,8,1,1,0,0,17,61,7,3,2,50,0,0
6,62115,2,2,1,8,11,1,14,12,2,1,0,6,2,52,47,52047,6,2006,JA4LX31F86U0,J,A,4,L,X,3,1,F,8,6,U,0,0,0,0,000000000,00000000000,0,0,0,1,0,0,0,0,0,0,0,999,0,0,0,12,6,2,12,0,0,0,1,6,91201,6,1,0,0,2,3,67,200,1,0,0,0,2,6,2013,10,2014,0,24,0,0,0,3,4,55,8,8,1,1,0,0,1,54,1,1,1,51,1,0
6,62116,1,1,1,6,10,12,25,30,0,1,0,6,1,23,401,23401,14,2002,1GKDS13S5222,1,G,K,D,S,1,3,S,5,2,2,2,0,0,0,000000000,00000000000,0,0,0,1,0,0,0,0,0,0,0,998,0,0,0,12,6,2,30,0,0,0,1,6,93610,1,1,0,0,2,3,65,170,0,0,0,0,0,0,0,0,0,4,0,0,0,0,1,2,55,1,1,2,1,0,0,1,12,1,1,4,6,1,1
6,62117,1,3,1,18,11,17,10,12,7,1,0,6,1,37,37,37037,3,2000,JHMZE1357YT0,J,H,M,Z,E,1,3,5,7,Y,T,0,0,0,0,000000000,00000000000,0,0,0,1,0,0,0,0,0,0,0,0,0,0,0,6,4,3,12,0,0,0,1,6,94585,6,1,6,0,3,0,68,247,0,0,0,0,0,0,0,0,0,0,0,0,0,0,3,4,65,1,5,2,1,0,0,5,60,1,1,1,98,0,0
6,62117,2,3,1,18,11,17,10,12,7,1,0,6,1,54,35,54035,4,2010,19UUA8F50AA0,1,9,U,U,A,8,F,5,0,A,A,0,0,0,0,000000000,00000000000,0,0,0,1,0,0,0,0,0,0,0,0,0,0,0,62,4,3,12,0,0,0,1,6,95120,6,1,0,0,3,0,68,165,0,0,0,0,0,0,0,0,0,0,0,0,0,0,3,4,65,1,5,2,1,0,0,5,60,1,1,1,45,0,0
6,62117,3,3,3,18,11,17,10,12,7,1,0,6,1,37,421,37421,15,2005,2HKYF18645H5,2,H,K,Y,F,1,8,6,4,5,H,5,0,0,0,000000000,00000000000,0,0,0,1,0,0,0,0,0,0,0,998,0,1,1,82,6,2,12,0,0,0,1,6,95118,6,1,0,0,3,3,63,210,0,0,0,0,0,0,0,0,0,0,27,0,0,0,3,4,65,1,5,2,1,0,0,15,11,6,1,2,46,1,0
6,62118,1,1,1,12,10,99,99,1,0,1,0,6,2,37,31,37031,2,1995,2HGEJ1126SH5,2,H,G,E,J,1,1,2,6,S,H,5,0,0,0,000000000,00000000000,0,0,0,1,0,0,0,0,0,0,0,998,0,1,5,0,6,2,1,0,0,0,1,6,93906,0,0,0,0,0,0,66,150,0,0,0,0,0,0,0,0,0,4,58,0,0,0,1,2,55,1,1,2,1,0,0,1,12,7,1,4,1,1,0
6,62119,1,1,1,19,10,8,26,42,0,1,0,6,1,49,471,49471,30,1987,JT4RN55R9H70,J,T,4,R,N,5,5,R,9,H,7,0,0,0,0,000000000,00000000000,0,0,0,1,0,0,0,0,0,0,0,998,0,0,0,12,6,2,42,0,0,0,1,6,94941,6,1,0,0,3,0,72,170,0,0,0,0,0,0,0,0,0,0,48,0,0,0,1,2,40,2,2,2,1,0,0,14,12,99,1,4,6,1,0
6,62120,1,1,2,25,10,2,10,5,0,1,0,6,1,20,481,20481,31,2011,3GCPKSE39BG1,3,G,C,P,K,S,E,3,9,B,G,1,0,0,0,000000000,00000000000,0,0,0,1,0,0,0,0,0,0,0,50,0,0,0,0,0,3,5,0,0,0,1,6,95225,6,1,6,0,3,0,74,190,0,0,0,0,0,0,0,0,0,0,0,0,0,0,1,2,50,1,1,2,1,0,0,1,98,4,1,1,0,1,1
6,62121,1,2,1,13,11,1,19,12,2,1,0,6,2,54,35,54035,4,2003,19UUA56633A0,1,9,U,U,A,5,6,6,3,3,A,0,0,0,0,000000000,00000000000,0,0,0,1,0,0,0,0,0,0,0,55,0,0,0,12,6,2,12,0,0,0,1,6,90026,0,0,0,0,0,0,69,180,0,1,0,0,0,5,2012,5,2012,0,51,0,0,0,3,6,55,1,5,1,1,0,0,1,54,6,1,2,52,1,1
6,62121,2,2,1,13,11,1,19,12,2,1,0,6,1,12,471,12471,30,1997,1FTCR10A9VTA,1,F,T,C,R,1,0,A,9,V,T,A,0,0,0,000000000,00000000000,0,0,0,1,0,0,0,0,0,0,0,55,0,1,1,12,6,2,12,0,0,0,1,6,91206,6,1,0,0,3,3,68,185,0,0,0,0,0,0,0,0,0,0,0,0,0,0,3,6,55,1,6,1,1,0,0,1,54,7,1,2,52,1,0
6,62122,1,1,1,4,10,19,20,8,0,1,0,6,2,23,401,23401,14,2007,1GKDS13S8721,1,G,K,D,S,1,3,S,8,7,2,1,0,0,0,000000000,00000000000,0,0,0,1,0,0,0,0,0,0,0,998,0,0,0,12,4,5,8,0,0,0,1,6,91352,6,1,0,0,3,3,62,163,0,0,0,0,0,0,0,0,0,0,38,0,0,0,5,5,35,1,8,2,1,0,0,1,80,99,1,1,13,0,0
6,62123,1,2,1,12,11,17,30,12,2,1,0,6,1,20,481,20481,31,2002,1GCHK29152E2,1,G,C,H,K,2,9,1,5,2,E,2,0,0,0,000000000,00000000000,0,0,0,1,0,0,0,0,0,0,0,999,0,0,0,12,6,2,12,0,0,0,1,6,95571,6,1,0,0,3,0,73,275,0,0,0,0,0,0,0,0,0,0,28,0,0,0,2,6,65,2,8,2,1,0,0,14,10,1,1,2,50,0,0
6,62123,2,2,2,12,11,17,30,12,2,1,0,6,1,20,422,20422,15,2012,1GNSKJE75CR1,1,G,N,S,K,J,E,7,5,C,R,1,0,0,0,000000000,00000000000,0,0,0,1,0,0,0,0,0,0,0,999,0,0,0,12,6,2,12,0,0,0,1,6,95562,6,1,0,0,3,3,63,120,0,0,0,1,1,5,2013,12,2013,0,0,0,0,0,2,6,65,3,8,2,1,0,0,14,62,99,1,1,51,1,0
6,62124,1,1,1,16,10,3,10,24,0,1,0,6,1,41,55,41055,5,2011,JM1DE1HZ8B01,J,M,1,D,E,1,H,Z,8,B,0,1,0,0,0,000000000,00000000000,0,0,0,1,0,0,0,0,0,0,0,998,0,0,0,81,6,2,23,0,0,0,1,6,95519,6,1,0,0,3,0,67,135,0,0,0,0,0,0,0,0,0,4,0,0,0,0,2,2,65,1,6,2,1,0,0,1,13,99,1,4,1,1,1
6,62125,1,1,1,5,9,2,18,14,0,1,0,6,1,32,43,32043,4,2003,WAULC68E33A2,W,A,U,L,C,6,8,E,3,3,A,2,0,0,0,000000000,00000000000,0,0,0,1,0,0,0,0,0,0,0,998,1,0,0,12,6,2,14,0,0,0,1,6,95482,6,1,0,0,3,0,70,140,0,0,0,0,0,0,0,0,0,0,48,0,0,0,5,4,30,1,1,2,1,0,0,1,13,1,1,4,11,1,1
6,62126,1,2,2,14,11,22,15,12,6,1,0,6,3,85,881,85881,66,2010,1XKAD49X9AJ2,1,X,K,A,D,4,9,X,9,A,J,2,1,1,57,1706349,571706349,3,6,1,1,0,0,0,0,0,0,0,55,0,1,1,12,6,2,12,0,0,0,1,6,95382,6,1,6,0,3,0,69,138,0,0,0,0,1,4,2014,4,2014,0,39,0,0,0,1,6,65,1,8,2,1,3,3,1,17,1,1,1,88,0,0
6,62126,2,2,1,14,11,22,15,12,6,1,0,6,1,24,1,24001,4,1998,1G8ZK5278WZ2,1,G,8,Z,K,5,2,7,8,W,Z,2,0,0,0,000000000,00000000000,0,0,0,1,0,0,0,0,0,0,0,30,0,1,1,9,6,2,12,0,0,0,1,6,95032,6,1,0,0,3,0,66,150,0,0,0,0,0,0,0,0,0,0,0,0,0,0,1,5,55,1,8,2,1,3,3,1,66,1,1,1,89,1,0
6,62127,1,2,1,16,10,15,45,12,6,1,0,4,3,6,441,6441,20,2010,999999999999,9,9,9,9,9,9,9,9,9,9,9,9,0,0,0,000000000,00000000000,0,0,0,1,0,0,0,0,0,0,0,998,0,0,0,81,4,5,12,0,0,0,1,4,90620,6,1,0,0,3,0,69,190,0,0,0,0,0,0,0,0,0,0,0,0,0,0,5,7,25,1,1,2,1,3,3,11,15,99,1,1,68,0,0
6,62127,2,2,1,16,10,15,45,12,6,1,0,6,1,72,706,72706,80,2001,1HD1CGP301K1,1,H,D,1,C,G,P,3,0,1,K,1,0,0,0,000000000,00000000000,0,0,0,1,0,0,0,0,0,0,0,998,0,0,0,12,6,2,12,0,0,0,1,6,92804,6,1,0,0,3,0,66,175,1,0,0,1,0,4,2012,2,2013,0,39,0,0,0,5,7,45,1,1,2,1,3,3,1,62,1,1,1,69,1,0
6,62128,1,1,2,30,11,5,55,41,0,1,0,6,0,37,31,37031,4,1998,2HGEJ6573WH5,2,H,G,E,J,6,5,7,3,W,H,5,0,0,0,000000000,00000000000,0,0,0,1,0,0,0,0,0,0,0,70,0,1,6,98,6,2,1,0,0,0,1,6,90241,6,1,0,0,3,0,71,170,0,0,0,0,0,0,0,0,0,0,0,0,0,0,6,2,65,2,8,1,1,0,0,1,12,1,1,4,6,1,1
6,62129,1,1,1,27,11,18,12,8,0,1,1,99,9,23,481,23481,31,9999,999999999999,9,9,9,9,9,9,9,9,9,9,9,9,0,0,0,000000000,00000000000,0,0,0,1,0,0,0,0,0,0,0,60,0,0,0,12,2,5,8,0,0,0,1,99,99999,9,9,99,9,9,9,999,999,99,99,99,99,99,99,9999,99,9999,0,99,99,99,99,1,2,55,1,8,2,1,0,0,1,80,1,1,1,13,0,0
6,62130,1,1,1,28,11,4,16,8,0,1,0,6,3,82,881,82881,66,1995,1FUYDZYB1SP5,1,F,U,Y,D,Z,Y,B,1,S,P,5,1,1,57,2483203,572483203,3,6,1,1,0,0,0,0,0,0,0,50,0,0,0,12,2,5,8,0,0,0,1,6,93101,6,1,6,1,3,0,65,220,0,0,0,0,0,0,0,0,0,0,0,0,0,0,2,2,55,1,5,2,1,0,0,1,80,8,1,1,13,0,0
6,62131,1,1,1,20,11,14,34,33,0,1,0,6,1,34,706,34706,80,2012,WB1048000CZX,W,B,1,0,4,8,0,0,0,C,Z,X,0,0,0,000000000,00000000000,0,0,0,1,0,0,0,0,0,0,0,60,0,0,0,14,2,3,43,0,0,0,1,6,92561,3,1,0,0,2,0,70,170,0,0,0,1,0,12,2013,12,2013,0,48,0,0,0,6,2,65,2,8,1,1,0,0,14,12,99,1,4,6,1,0
6,62132,1,3,1,6,8,20,40,8,0,1,0,6,2,49,32,49032,4,2000,1NXBR12E6YZ3,1,N,X,B,R,1,2,E,6,Y,Z,3,0,0,0,000000000,00000000000,0,0,0,1,0,0,0,0,0,0,0,998,0,0,0,12,4,3,8,0,0,0,1,6,90805,6,1,0,0,3,3,62,125,1,0,0,0,0,8,2014,8,2014,0,0,0,0,0,3,4,55,1,1,2,1,0,0,1,80,99,1,1,13,0,0