STATE,ST_CASE,VEH_NO,VE_FORMS,NUMOCCS,DAY,MONTH,HOUR,MINUTE,HARM_EV,MAN_COLL,UNITTYPE,HIT_RUN,REG_STAT,OWNER,MAKE,MODEL,MAK_MOD,BODY_TYP,MOD_YEAR,VIN,VIN_1,VIN_2,VIN_3,VIN_4,VIN_5,VIN_6,VIN_7,VIN_8,VIN_9,VIN_10,VIN_11,VIN_12,TOW_VEH,J_KNIFE,MCARR_I1,MCARR_I2,MCARR_ID,GVWR,V_CONFIG,CARGO_BT,HAZ_INV,HAZ_PLAC,HAZ_ID,HAZ_CNO,HAZ_REL,BUS_USE,SPEC_USE,EMER_USE,TRAV_SP,UNDERIDE,ROLLOVER,ROLINLOC,IMPACT1,DEFORMED,TOWED,M_HARM,VEH_SC1,VEH_SC2,FIRE_EXP,DR_PRES,L_STATE,DR_ZIP,L_STATUS,L_TYPE,CDL_STAT,L_ENDORS,L_COMPL,L_RESTRI,DR_HGT,DR_WGT,PREV_ACC,PREV_SUS,PREV_DWI,PREV_SPD,PREV_OTH,FIRST_MO,FIRST_YR,LAST_MO,LAST_YR,SPEEDREL,DR_SF1,DR_SF2,DR_SF3,DR_SF4,VTRAFWAY,VNUM_LAN,VSPD_LIM,VALIGN,VPROFILE,VPAVETYP,VSURCOND,VTRAFCON,VTCONT_F,P_CRASH1,P_CRASH2,P_CRASH3,PCRASH4,PCRASH5,ACC_TYPE,DEATHS,DR_DRINK
6,62254,1,2,1,16,12,16,42,12,6,1,0,6,1,49,402,49402,14,1996,JT3HP10V8T00,J,T,3,H,P,1,0,V,8,T,0,0,0,0,0,000000000,00000000000,0,0,0,1,0,0,0,0,0,0,0,998,0,0,0,1,4,3,46,0,0,0,1,6,95820,1,1,0,0,2,0,64,177,0,2,0,0,0,11,2014,11,2014,0,0,0,0,0,1,5,40,1,1,2,1,1,3,1,11,1,1,2,44,1,0
6,62254,2,2,1,16,12,16,42,12,6,1,0,6,1,55,402,55402,14,2010,KM8JT3AC9AU0,K,M,8,J,T,3,A,C,9,A,U,0,0,0,0,000000000,00000000000,0,0,0,1,0,0,0,0,0,0,0,998,0,0,0,7,4,5,12,0,0,0,1,6,95823,6,1,0,0,3,3,65,140,0,0,0,0,0,0,0,0,0,0,0,0,0,0,1,5,40,1,1,2,1,1,3,1,60,1,1,1,45,0,0
6,62255,1,3,1,8,1,14,45,12,1,1,0,6,1,20,481,20481,31,1953,AGCA798238,A,G,C,A,7,9,8,2,3,8,,,0,0,0,000000000,00000000000,0,0,0,1,0,0,0,0,0,0,0,999,0,0,0,12,6,2,12,0,0,0,1,6,95350,6,1,0,0,3,0,70,180,0,0,0,0,0,0,0,0,0,0,0,0,0,0,1,2,35,1,8,2,1,0,0,1,50,1,1,1,20,1,0
6,62255,2,3,1,8,1,14,45,12,1,1,0,6,1,35,47,35047,4,1994,1N4BU31D7RC1,1,N,4,B,U,3,1,D,7,R,C,1,0,0,0,000000000,00000000000,0,0,0,1,0,0,0,0,0,0,0,0,0,0,0,6,6,2,12,0,0,0,1,6,95351,0,0,0,0,0,0,63,140,0,0,0,0,0,0,0,0,0,0,0,0,0,0,1,2,35,1,8,2,1,0,0,5,53,1,1,1,21,0,0
6,62255,3,3,2,8,1,14,45,12,1,1,0,6,2,49,41,49041,2,1989,JT2AW15C0K01,J,T,2,A,W,1,5,C,0,K,0,1,0,0,0,000000000,00000000000,0,0,0,1,0,0,0,0,0,0,0,0,0,0,0,6,2,5,12,0,0,0,1,6,95354,6,1,0,0,3,0,67,160,1,0,0,0,0,5,2012,5,2012,0,0,0,0,0,1,2,35,1,8,2,1,0,0,5,53,1,1,1,98,0,0
6,62256,1,4,1,23,9,18,3,12,1,1,0,6,1,12,481,12481,31,2008,1FTSW21R78ED,1,F,T,S,W,2,1,R,7,8,E,D,0,0,0,000000000,00000000000,0,0,0,1,0,0,0,0,0,0,0,75,0,0,0,12,6,2,12,0,0,0,1,6,92055,6,1,0,0,3,0,71,170,0,0,0,0,0,0,0,0,0,4,0,0,0,0,3,4,65,1,1,1,1,0,0,1,50,1,1,1,20,0,0
6,62256,2,4,3,23,9,18,3,12,1,1,0,6,3,34,34,34034,4,2014,WBA3C1C52EK1,W,B,A,3,C,1,C,5,2,E,K,1,0,0,0,000000000,00000000000,0,0,0,1,0,0,0,0,0,0,0,0,0,0,0,6,6,2,12,0,0,0,1,6,92688,6,1,0,0,3,0,76,235,0,0,0,0,1,9,2012,9,2012,0,0,0,0,0,3,4,65,1,1,1,1,0,0,5,53,1,1,1,21,1,0
6,62256,3,4,1,23,9,18,3,12,1,1,0,6,3,49,472,49472,30,2008,5TETX22N58Z4,5,T,E,T,X,2,2,N,5,8,Z,4,0,0,0,000000000,00000000000,0,0,0,1,0,0,0,0,0,0,0,0,0,0,0,63,4,3,12,0,0,0,1,6,91709,6,1,0,0,3,0,69,207,0,0,0,0,0,0,0,0,0,0,0,0,0,0,3,4,65,1,1,1,1,0,0,5,53,1,1,1,98,0,0
6,62256,4,4,3,23,9,18,3,12,1,1,0,6,1,49,32,49032,4,2011,2T1BU4EE5BC7,2,T,1,B,U,4,E,E,5,B,C,7,0,0,0,000000000,00000000000,0,0,0,1,0,0,0,0,0,0,0,0,0,0,0,6,6,2,12,0,0,0,1,6,95367,6,1,0,0,3,3,62,140,0,0,0,0,0,0,0,0,0,0,0,0,0,0,3,4,65,1,1,1,1,0,0,5,53,1,1,1,98,0,0
6,62257,1,2,1,25,12,1,13,12,6,1,0,6,1,37,705,37705,80,2004,JH2RD06164M2,J,H,2,R,D,0,6,1,6,4,M,2,0,0,0,000000000,00000000000,0,0,0,1,0,0,0,0,0,0,0,998,0,0,0,12,4,3,12,0,0,0,1,6,92626,6,1,0,0,3,0,75,175,1,0,0,0,0,10,2013,10,2013,0,39,0,0,0,1,6,40,1,1,2,2,3,3,1,17,1,1,1,86,1,1
6,62257,2,2,1,25,12,1,13,12,6,1,0,6,1,49,401,49401,14,2001,JT3GN86R0101,J,T,3,G,N,8,6,R,0,1,0,1,0,0,0,000000000,00000000000,0,0,0,1,0,0,0,0,0,0,0,20,0,0,0,2,4,3,12,0,0,0,1,6,92663,6,1,0,0,3,0,68,180,0,0,0,0,0,0,0,0,0,0,0,0,0,0,2,5,35,1,1,2,2,3,3,1,66,4,1,1,87,0,0
6,62258,1,1,1,26,10,1,45,8,0,1,1,99,9,62,421,62421,15,2013,999999999999,9,9,9,9,9,9,9,9,9,9,9,9,0,0,0,000000000,00000000000,0,0,0,1,0,0,0,0,0,0,0,998,0,0,0,12,9,5,8,0,0,0,1,99,99999,9,9,99,9,9,9,999,999,99,99,99,99,99,99,9999,99,9999,0,86,0,0,0,1,5,25,1,8,8,1,0,0,1,80,99,1,1,13,0,0
6,62259,1,2,1,27,9,3,47,12,1,1,0,6,1,52,46,52046,4,2005,JA3AH86D15U0,J,A,3,A,H,8,6,D,1,5,U,0,0,0,0,000000000,00000000000,0,0,0,1,0,0,0,0,0,0,0,999,0,0,0,12,6,2,12,0,0,0,1,6,93535,6,1,0,0,3,0,71,153,0,1,0,1,1,9,2012,2,2013,4,0,0,0,0,2,3,55,1,1,2,1,3,3,1,51,99,1,1,24,0,1
6,62259,2,2,1,27,9,3,47,12,1,1,0,6,1,52,37,52037,2,2002,4A3AC44G12E0,4,A,3,A,C,4,4,G,1,2,E,0,0,0,0,000000000,00000000000,0,0,0,1,0,0,0,0,0,0,0,999,0,0,0,6,6,2,2,0,0,1,1,6,93550,6,1,0,0,3,0,67,155,0,0,0,0,0,0,0,0,0,0,0,0,0,0,2,3,55,1,1,2,1,2,3,1,53,99,1,1,25,1,0
6,62260,1,2,1,6,12,17,35,12,2,1,0,6,1,20,481,20481,31,1996,1GCEC14W5TZ2,1,G,C,E,C,1,4,W,5,T,Z,2,0,0,0,000000000,00000000000,0,0,0,1,0,0,0,0,0,0,0,53,0,0,0,12,6,2,12,0,0,0,1,6,92536,6,1,0,0,3,3,66,125,0,0,0,0,0,0,0,0,0,0,6,28,0,0,1,2,55,1,8,2,1,0,0,1,10,99,1,2,50,0,1
6,62260,2,2,1,6,12,17,35,12,2,1,0,6,2,99,709,99709,80,9999,1A9HS74A34A3,1,A,9,H,S,7,4,A,3,4,A,3,0,0,0,000000000,00000000000,0,0,0,1,0,0,0,0,0,0,0,50,0,0,0,12,6,2,12,35,0,0,1,6,92539,3,1,0,0,2,0,71,185,0,1,0,0,0,8,2013,8,2013,0,0,0,0,0,1,2,55,1,8,2,1,0,0,1,62,1,1,1,51,1,0
6,62261,1,1,1,25,12,5,30,17,0,1,0,6,1,37,31,37031,2,2008,2HGFG118X8H5,2,H,G,F,G,1,1,8,X,8,H,5,0,0,0,000000000,00000000000,0,0,0,1,0,0,0,0,0,0,0,999,0,1,5,14,6,2,1,0,0,0,1,6,92805,6,1,0,0,3,0,71,185,0,0,0,0,0,0,0,0,0,9,0,0,0,0,5,5,55,1,6,2,1,0,0,1,13,99,1,4,1,1,0
6,62262,1,1,2,10,11,20,3,8,0,1,0,6,2,35,402,35402,14,2002,5N1ED28T12C5,5,N,1,E,D,2,8,T,1,2,C,5,0,0,0,000000000,00000000000,0,0,0,1,0,0,0,0,0,0,0,998,0,0,0,98,4,5,8,0,0,0,1,6,91945,6,1,0,0,3,3,69,190,0,0,0,1,0,9,2013,9,2013,0,0,0,0,0,2,2,45,1,6,2,1,0,0,1,80,99,1,1,13,0,0
6,62263,1,1,2,17,12,13,40,15,0,1,0,6,1,49,472,49472,30,2002,5TEGN92N42Z0,5,T,E,G,N,9,2,N,4,2,Z,0,0,0,0,000000000,00000000000,0,0,0,1,0,0,0,0,0,0,0,35,0,0,0,12,2,3,15,0,0,0,1,6,95122,6,1,0,0,3,0,68,180,0,0,0,0,0,0,0,0,0,0,86,0,0,0,1,4,35,1,8,8,1,3,3,1,83,3,2,1,13,0,0
6,62264,1,1,1,27,9,7,18,8,0,1,0,6,2,20,404,20404,14,2014,1GNALAEK5EZ1,1,G,N,A,L,A,E,K,5,E,Z,1,0,0,0,000000000,00000000000,0,0,0,1,0,0,0,0,0,0,0,20,0,0,0,12,0,5,8,0,0,0,1,6,91010,6,1,0,0,3,0,60,120,0,0,0,0,0,0,0,0,0,0,0,0,0,0,1,2,30,1,1,2,1,0,0,1,80,1,1,1,13,0,0
6,62265,1,2,2,27,9,18,5,38,0,1,0,6,1,55,33,55033,4,2006,5NPEU46F56H0,5,N,P,E,U,4,6,F,5,6,H,0,0,0,0,000000000,00000000000,0,0,0,1,0,0,0,0,0,0,0,75,0,0,0,12,6,2,12,0,0,0,1,6,93215,6,1,0,0,3,0,64,115,0,0,0,0,0,0,0,0,0,2,0,0,0,0,2,3,70,8,8,8,1,0,0,1,13,99,1,4,1,1,0
6,62265,2,2,1,27,9,18,5,38,0,1,0,6,2,85,884,85884,66,2013,1XKAD49X6DR3,1,X,K,A,D,4,9,X,6,D,R,3,1,1,57,692539,57692539,3,6,1,1,0,0,0,0,0,0,0,57,0,0,0,5,4,3,12,0,0,0,1,6,95380,6,1,6,0,3,0,70,190,0,0,0,1,0,8,2012,8,2012,0,0,0,0,0,2,3,70,8,8,8,1,0,0,1,64,99,1,1,98,0,0
6,62266,1,1,1,14,12,99,99,59,0,1,0,6,1,14,6,14006,4,2003,2MEFM75W33X7,2,M,E,F,M,7,5,W,3,3,X,7,0,0,0,000000000,00000000000,0,0,0,1,0,0,0,0,0,0,0,998,0,1,1,12,6,2,1,0,0,0,1,6,91786,1,1,0,0,2,3,72,235,0,1,0,0,0,11,2014,11,2014,0,0,0,0,0,2,2,65,1,1,2,1,0,0,1,13,99,1,4,1,1,0
6,62267,1,4,1,26,8,5,46,1,0,1,0,6,1,73,706,73706,80,2009,JKBZGNB139A0,J,K,B,Z,G,N,B,1,3,9,A,0,0,0,0,000000000,00000000000,0,0,0,1,0,0,0,0,0,0,0,57,0,0,0,0,6,2,1,0,0,0,1,6,90047,6,1,0,0,2,0,71,175,0,0,0,0,0,0,0,0,0,4,0,0,0,0,4,2,45,1,1,8,1,0,0,1,98,3,2,1,98,1,0
6,62267,2,4,1,26,8,5,46,1,0,1,0,6,1,41,51,41051,4,2007,JM1BK12F5717,J,M,1,B,K,1,2,F,5,7,1,7,0,0,0,000000000,00000000000,0,0,0,1,0,0,0,0,0,0,0,0,0,0,0,81,2,3,12,0,0,0,1,6,90065,6,1,0,0,3,0,67,150,0,0,0,0,0,0,0,0,0,0,0,0,0,0,4,2,45,1,1,8,1,0,0,5,60,1,1,1,98,0,0
6,62267,3,4,1,26,8,5,46,1,0,1,0,6,1,30,42,30042,5,2012,WVWDB7AJ9CW0,W,V,W,D,B,7,A,J,9,C,W,0,0,0,0,000000000,00000000000,0,0,0,1,0,0,0,0,0,0,0,0,0,0,0,6,2,3,12,0,0,0,1,25,90034,6,1,0,0,3,0,69,150,0,0,0,0,0,0,0,0,0,0,0,0,0,0,4,2,45,1,1,8,1,0,0,5,61,1,1,1,98,0,0
6,62267,4,4,1,26,8,5,46,1,0,1,0,6,2,34,34,34034,4,2001,WBAAV534X1FJ,W,B,A,A,V,5,3,4,X,1,F,J,0,0,0,000000000,00000000000,0,0,0,1,0,0,0,0,0,0,0,0,0,0,0,6,2,5,12,0,0,0,1,6,90066,6,2,0,0,3,1,68,135,0,0,0,1,0,7,2014,7,2014,0,0,0,0,0,4,2,45,1,1,8,1,0,0,5,61,1,1,1,98,0,0
6,62268,1,2,1,25,12,12,50,12,6,1,0,6,1,6,52,6052,6,2008,3A8FY58B98T1,3,A,8,F,Y,5,8,B,9,8,T,1,0,0,0,000000000,00000000000,0,0,0,1,0,0,0,0,0,0,0,20,0,0,0,12,6,2,12,0,0,0,1,6,95020,6,1,0,0,3,0,71,130,0,0,0,0,0,0,0,0,0,0,39,0,0,0,1,2,45,1,8,2,1,20,3,1,17,1,1,1,88,1,0
6,62268,2,2,2,25,12,12,50,12,6,1,0,6,1,49,402,49402,14,2009,JTMZF31V6950,J,T,M,Z,F,3,1,V,6,9,5,0,0,0,0,000000000,00000000000,0,0,0,1,0,0,0,0,0,0,0,30,0,1,5,9,6,2,12,0,0,0,1,6,95148,6,1,0,0,3,0,66,145,1,0,0,0,0,9,2012,9,2012,0,0,0,0,0,1,2,45,1,8,2,1,0,0,1,66,1,1,1,89,0,0
6,62269,1,1,1,6,10,99,99,24,0,1,0,6,2,20,471,20471,30,2003,1GCCS19X0382,1,G,C,C,S,1,9,X,0,3,8,2,0,0,0,000000000,00000000000,0,0,0,1,0,0,0,0,0,0,0,70,0,1,5,12,6,2,1,0,0,0,1,6,93215,0,0,0,0,0,0,66,160,1,2,0,0,2,7,2013,5,2014,0,58,0,0,0,3,3,70,1,8,2,1,0,0,1,12,7,3,4,2,1,1
6,62270,1,3,1,28,9,1,53,12,7,1,1,6,3,12,481,12481,31,2003,1FDSF34L33EA,1,F,D,S,F,3,4,L,3,3,E,A,0,0,0,000000000,00000000000,0,0,0,1,0,0,0,0,0,0,0,999,0,0,0,61,6,2,12,0,0,0,1,6,90502,1,1,0,0,2,2,66,150,0,2,1,0,0,9,2013,2,2014,0,27,74,0,0,3,6,65,1,8,1,1,0,0,15,10,99,1,2,47,0,0
6,62270,2,3,1,28,9,1,53,12,7,1,0,6,1,72,706,72706,80,2005,1HD1DDV365Y6,1,H,D,1,D,D,V,3,6,5,Y,6,0,0,0,000000000,00000000000,0,0,0,1,0,0,0,0,0,0,0,70,0,0,0,81,6,2,12,0,0,0,1,6,94015,6,1,0,0,3,0,67,170,0,0,0,0,0,0,0,0,0,0,0,0,0,0,3,6,65,1,8,1,1,0,0,1,61,99,1,1,45,1,0
6,62270,3,3,1,28,9,1,53,12,7,1,1,99,9,99,999,99999,99,9999,999999999999,9,9,9,9,9,9,9,9,9,9,9,9,0,0,0,000000000,00000000000,0,0,0,1,0,0,0,0,0,0,0,999,0,0,0,99,9,5,54,0,0,0,1,99,99999,9,9,99,9,9,9,999,999,99,99,99,99,99,99,9999,99,9999,9,99,99,99,99,3,6,65,1,8,1,1,0,0,1,98,99,1,1,98,0,0
6,62271,1,1,1,10,12,2,38,59,0,1,0,6,1,35,47,35047,4,2005,1N4AL11D15N9,1,N,4,A,L,1,1,D,1,5,N,9,0,0,0,000000000,00000000000,0,0,0,1,0,0,0,0,0,0,0,998,0,0,0,12,6,2,39,0,0,0,1,6,93313,0,0,0,0,0,0,68,175,0,0,0,0,0,0,0,0,0,0,0,0,0,0,1,7,45,1,1,8,1,3,3,1,6,99,1,4,1,1,1
6,62272,1,2,1,27,9,22,20,12,2,1,0,6,2,42,48,42048,9,1999,WDBJF70H0XA8,W,D,B,J,F,7,0,H,0,X,A,8,0,0,0,000000000,00000000000,0,0,0,1,0,0,0,0,0,0,0,999,0,0,0,12,6,2,12,0,0,1,1,6,94960,6,1,0,0,3,0,68,185,1,0,0,0,1,12,2012,5,2014,0,28,0,0,0,1,2,55,2,6,2,1,0,0,14,10,99,1,2,50,1,1
6,62272,2,2,2,27,9,22,20,12,2,1,0,6,4,20,25,20025,9,2014,1G1PC5SB8E71,1,G,1,P,C,5,S,B,8,E,7,1,0,0,0,000000000,00000000000,0,0,0,1,0,0,0,0,0,0,0,40,0,0,0,12,6,2,12,0,0,0,1,25,1824,6,1,0,0,3,0,75,260,1,0,0,0,0,5,2014,5,2014,0,0,0,0,0,1,2,55,3,5,2,1,0,0,1,62,98,1,1,51,0,1
6,62273,1,1,1,26,12,0,20,59,0,1,0,6,1,37,32,37032,2,1997,1HGCD7251VA0,1,H,G,C,D,7,2,5,1,V,A,0,0,0,0,000000000,00000000000,0,0,0,1,0,0,0,0,0,0,0,998,0,0,0,9,6,2,30,0,0,0,1,6,90032,6,1,0,0,3,0,70,180,0,0,0,0,1,8,2014,8,2014,9,99,99,99,99,1,4,35,1,8,2,1,0,0,1,13,99,1,4,1,1,1
6,62274,1,1,1,26,12,6,45,9,0,1,1,99,9,99,999,99999,99,9999,999999999999,9,9,9,9,9,9,9,9,9,9,9,9,0,0,0,000000000,00000000000,0,0,0,1,0,0,0,0,0,0,0,999,0,0,0,12,9,5,9,0,0,0,1,99,99999,9,9,99,9,9,9,999,999,99,99,99,99,99,99,9999,99,9999,9,99,99,99,99,1,5,25,1,8,2,1,0,0,99,99,99,1,9,13,0,0
6,62275,1,2,1,10,12,3,56,12,6,1,0,6,2,24,3,24003,6,1995,1G8ZK8272SZ3,1,G,8,Z,K,8,2,7,2,S,Z,3,0,0,0,000000000,00000000000,0,0,0,1,0,0,0,0,0,0,0,998,0,0,0,1,6,2,12,0,0,0,1,6,93304,6,1,0,0,3,3,72,200,0,0,0,0,1,11,2014,11,2014,0,0,0,0,0,3,8,55,1,1,1,1,3,3,1,17,99,1,1,88,1,0
6,62275,2,2,1,10,12,3,56,12,6,1,0,6,4,84,884,84884,61,2007,1HTMMAAL87H5,1,H,T,M,M,A,A,L,8,7,H,5,0,0,6,376647,06376647,2,1,1,1,0,0,0,0,0,0,0,998,0,0,0,11,2,3,12,0,0,0,1,6,93314,6,1,0,0,3,0,66,160,0,0,0,0,0,0,0,0,0,0,0,0,0,0,3,8,55,1,1,8,1,3,3,1,66,99,1,1,89,0,0
6,62276,1,1,1,8,11,8,15,1,0,1,0,6,1,73,704,73704,80,2012,999999999999,9,9,9,9,9,9,9,9,9,9,9,9,0,0,0,000000000,00000000000,0,0,0,1,0,0,0,0,0,0,0,999,0,0,0,0,2,3,1,0,0,0,1,6,92673,6,1,0,0,3,0,71,167,0,0,0,0,0,0,0,0,0,9,0,0,0,0,1,2,0,8,8,5,1,0,0,1,9,99,9,1,98,1,1
6,62277,1,1,1,9,12,18,46,23,0,1,0,6,2,12,481,12481,31,2006,1FTSW21P56ED,1,F,T,S,W,2,1,P,5,6,E,D,0,0,0,000000000,00000000000,0,0,0,1,0,0,0,0,0,0,0,998,0,0,0,11,6,2,23,0,0,0,1,6,93930,6,1,6,0,3,0,72,280,1,0,0,0,1,8,2012,2,2014,0,0,0,0,0,3,2,65,3,1,8,1,0,0,14,12,99,9,9,6,1,1
6,62278,1,1,2,28,9,0,34,8,0,1,0,6,2,12,471,12471,30,1997,1FTCR14A3VPB,1,F,T,C,R,1,4,A,3,V,P,B,0,0,0,000000000,00000000000,0,0,0,1,0,0,0,0,0,0,0,55,0,0,0,12,6,2,8,0,0,0,1,6,93312,6,2,0,0,3,2,72,142,0,0,0,0,0,0,0,0,0,0,73,0,0,0,1,2,55,1,1,2,1,0,0,1,80,1,1,1,13,0,0
6,62279,1,1,1,26,12,12,11,9,0,1,0,6,1,12,17,12017,6,2002,1FAHP58U32A1,1,F,A,H,P,5,8,U,3,2,A,1,0,0,0,000000000,00000000000,0,0,0,1,0,0,0,0,0,0,0,998,0,0,0,12,4,3,9,0,0,0,1,6,92553,6,1,0,0,3,0,72,195,0,0,0,0,0,0,0,0,0,0,0,0,0,0,2,3,40,1,8,2,1,0,0,1,80,1,1,1,13,0,0
6,62280,1,2,1,28,9,0,15,8,0,1,0,6,1,13,13,13013,4,2014,3LN6L2LU3ER8,3,L,N,6,L,2,L,U,3,E,R,8,0,0,0,000000000,00000000000,0,0,0,1,0,0,0,0,0,0,0,998,0,0,0,12,4,3,8,0,0,0,1,6,90002,6,1,0,0,3,0,71,200,1,0,0,0,0,10,2013,10,2013,0,0,0,0,0,1,2,35,8,8,8,1,0,0,1,80,1,1,1,13,0,1
6,62280,2,2,3,28,9,0,15,8,0,1,0,6,2,37,32,37032,9,2001,JHMCG66521C0,J,H,M,C,G,6,6,5,2,1,C,0,0,0,0,000000000,00000000000,0,0,0,1,0,0,0,0,0,0,0,998,0,0,0,12,0,5,8,0,0,0,1,6,90011,6,1,0,0,3,3,61,125,0,0,0,0,0,0,0,0,0,0,0,0,0,0,1,2,35,8,8,8,1,0,0,1,80,99,1,1,98,0,0
6,62281,1,1,1,2,12,5,44,9,0,1,1,99,9,99,999,99999,99,9999,999999999999,9,9,9,9,9,9,9,9,9,9,9,9,0,0,0,000000000,00000000000,0,0,0,1,0,0,0,0,99,99,9,999,0,0,0,98,9,5,9,0,0,0,1,99,99999,9,9,99,9,9,9,999,999,99,99,99,99,99,99,9999,99,9999,0,27,0,0,0,2,3,99,1,8,2,2,0,0,1,83,99,9,9,13,0,0
6,62282,1,1,1,28,9,3,45,8,0,1,1,6,2,23,471,23471,30,2003,1GTCT19X8381,1,G,T,C,T,1,9,X,8,3,8,1,0,0,0,000000000,00000000000,0,0,0,1,0,0,0,0,0,0,0,40,0,0,0,12,4,5,8,0,0,0,1,6,92102,0,0,0,0,0,0,60,115,0,0,0,0,0,0,0,0,0,0,0,0,0,0,3,5,65,1,8,2,1,0,0,1,80,8,1,1,13,0,0
6,62283,1,1,1,26,12,18,15,14,0,1,0,6,1,63,32,63032,4,2004,KNADC125X462,K,N,A,D,C,1,2,5,X,4,6,2,0,0,0,000000000,00000000000,0,0,0,1,0,0,0,0,0,0,0,998,0,1,1,12,6,2,1,0,0,0,1,6,92324,6,1,0,0,3,0,63,130,0,0,0,0,1,12,2012,12,2012,3,0,0,0,0,5,4,35,1,8,2,1,0,0,1,13,1,1,4,11,1,0
6,62284,1,1,2,22,9,0,15,42,0,1,0,6,2,49,471,49471,30,1991,JT4VN13D7M50,J,T,4,V,N,1,3,D,7,M,5,0,0,0,0,000000000,00000000000,0,0,0,1,0,0,0,0,0,0,0,998,0,1,6,98,6,2,42,0,0,0,1,6,95552,6,1,0,0,3,3,70,198,1,1,0,0,0,9,2013,11,2013,4,0,0,0,0,1,2,55,2,6,2,1,0,0,14,12,1,2,4,7,1,1
6,62285,1,2,6,12,9,20,20,8,0,1,0,6,1,49,472,49472,30,2007,5TEJU62N77Z4,5,T,E,J,U,6,2,N,7,7,Z,4,0,0,0,000000000,00000000000,0,0,0,1,0,0,0,0,0,0,0,77,0,0,0,12,4,5,8,0,0,0,1,6,90028,6,1,0,0,3,0,69,180,0,0,0,0,1,10,2013,10,2013,0,86,0,0,0,3,3,70,1,1,2,1,0,0,1,80,4,1,1,13,0,0
6,62285,2,2,2,12,9,20,20,8,0,1,0,6,2,20,25,20025,4,2012,1G1PF5SC8C74,1,G,1,P,F,5,S,C,8,C,7,4,0,0,0,000000000,00000000000,0,0,0,1,0,0,0,0,0,0,0,71,0,0,0,12,2,3,8,0,0,0,1,6,92407,6,1,0,0,3,0,66,135,0,0,0,0,0,0,0,0,0,0,86,0,0,0,3,3,70,1,1,2,1,0,0,17,98,1,1,4,98,0,0
6,62286,1,1,3,20,9,0,55,42,0,1,0,6,1,37,32,37032,9,2003,JHMCM56663C0,J,H,M,C,M,5,6,6,6,3,C,0,0,0,0,000000000,00000000000,0,0,0,1,0,0,0,0,0,0,0,998,0,0,0,3,6,2,42,0,0,0,1,6,94533,6,1,0,0,3,0,71,190,1,0,0,1,0,6,2013,10,2013,2,0,0,0,0,2,2,40,2,1,2,1,0,0,14,6,6,4,4,7,2,1
6,62287,1,1,2,25,10,12,5,9,0,1,0,6,3,55,35,55035,4,2015,5NPDH4AE0FH5,5,N,P,D,H,4,A,E,0,F,H,5,0,0,0,000000000,00000000000,0,0,0,1,0,0,0,0,0,0,0,50,0,0,0,12,4,5,9,0,0,0,1,6,92397,6,1,0,0,3,0,73,215,0,0,0,0,0,0,0,0,0,0,86,0,0,0,1,2,55,1,1,2,1,0,0,1,84,1,1,2,13,0,0
6,62288,1,1,1,17,12,16,14,42,0,1,0,6,1,12,471,12471,31,2003,1FTYR15E93PB,1,F,T,Y,R,1,5,E,9,3,P,B,0,0,0,000000000,00000000000,0,0,0,1,0,0,0,0,0,0,0,55,0,0,0,12,6,2,42,0,0,0,1,6,95666,6,1,0,0,3,3,72,205,0,0,0,0,0,0,0,0,0,0,0,0,0,0,1,3,55,1,8,2,2,0,0,1,12,99,1,4,6,1,0
6,62289,1,1,1,24,9,0,30,8,0,1,0,6,1,49,40,49040,4,2003,4T1BE30K9307,4,T,1,B,E,3,0,K,9,3,0,7,0,0,0,000000000,00000000000,0,0,0,1,0,0,0,0,0,0,0,998,0,0,0,12,4,3,8,0,0,0,1,6,95148,6,1,0,0,3,3,66,120,0,0,0,0,0,0,0,0,0,0,0,0,0,0,1,2,98,1,1,2,1,97,8,1,80,99,1,1,13,0,0
6,62290,1,2,1,28,9,15,30,1,0,1,0,6,2,73,706,73706,80,2003,JKBVNCB193B5,J,K,B,V,N,C,B,1,9,3,B,5,0,0,0,000000000,00000000000,0,0,0,1,0,0,0,0,0,0,0,50,0,0,0,0,6,2,1,0,0,0,1,6,93705,1,1,0,0,2,0,70,150,0,1,0,0,0,9,2011,9,2011,0,0,0,0,0,1,2,55,2,8,2,1,0,0,14,8,99,1,2,98,1,0
6,62290,2,2,2,28,9,15,30,1,0,1,0,6,1,19,480,19480,31,2002,3GYEK63N52G2,3,G,Y,E,K,6,3,N,5,2,G,2,0,0,0,000000000,00000000000,0,0,0,1,0,0,0,0,0,0,0,43,0,0,0,12,6,2,12,0,0,0,1,6,93728,0,0,0,0,0,0,68,190,0,0,0,0,0,0,0,0,0,0,0,0,0,0,1,2,55,3,8,2,1,0,0,14,62,9,1,1,98,0,0
6,62291,1,1,1,25,9,1,43,1,0,1,0,6,2,53,706,53706,80,2009,JS1GN7EA2921,J,S,1,G,N,7,E,A,2,9,2,1,0,0,0,000000000,00000000000,0,0,0,1,0,0,0,0,0,0,0,998,0,0,0,0,6,2,1,0,0,0,1,6,91792,1,1,0,0,2,0,69,180,1,4,2,2,0,10,2012,6,2014,5,0,0,0,0,1,4,40,1,1,2,1,20,3,1,6,98,9,3,98,1,1
6,62292,1,2,2,31,10,21,10,33,0,1,0,6,1,35,472,35472,30,2003,1N6DD26T73C4,1,N,6,D,D,2,6,T,7,3,C,4,0,0,0,000000000,00000000000,0,0,0,1,0,0,0,0,0,0,0,999,0,1,5,98,6,2,24,0,0,0,1,6,90731,3,1,0,0,2,0,70,135,0,0,0,0,0,0,0,0,0,9,24,0,0,0,3,3,55,1,1,1,2,0,0,1,9,99,9,4,2,2,1