STATE,ST_CASE,VEH_NO,VE_FORMS,NUMOCCS,DAY,MONTH,HOUR,MINUTE,HARM_EV,MAN_COLL,UNITTYPE,HIT_RUN,REG_STAT,OWNER,MAKE,MODEL,MAK_MOD,BODY_TYP,MOD_YEAR,VIN,VIN_1,VIN_2,VIN_3,VIN_4,VIN_5,VIN_6,VIN_7,VIN_8,VIN_9,VIN_10,VIN_11,VIN_12,TOW_VEH,J_KNIFE,MCARR_I1,MCARR_I2,MCARR_ID,GVWR,V_CONFIG,CARGO_BT,HAZ_INV,HAZ_PLAC,HAZ_ID,HAZ_CNO,HAZ_REL,BUS_USE,SPEC_USE,EMER_USE,TRAV_SP,UNDERIDE,ROLLOVER,ROLINLOC,IMPACT1,DEFORMED,TOWED,M_HARM,VEH_SC1,VEH_SC2,FIRE_EXP,DR_PRES,L_STATE,DR_ZIP,L_STATUS,L_TYPE,CDL_STAT,L_ENDORS,L_COMPL,L_RESTRI,DR_HGT,DR_WGT,PREV_ACC,PREV_SUS,PREV_DWI,PREV_SPD,PREV_OTH,FIRST_MO,FIRST_YR,LAST_MO,LAST_YR,SPEEDREL,DR_SF1,DR_SF2,DR_SF3,DR_SF4,VTRAFWAY,VNUM_LAN,VSPD_LIM,VALIGN,VPROFILE,VPAVETYP,VSURCOND,VTRAFCON,VTCONT_F,P_CRASH1,P_CRASH2,P_CRASH3,PCRASH4,PCRASH5,ACC_TYPE,DEATHS,DR_DRINK
6,62334,1,1,1,15,3,8,15,8,0,1,0,6,2,49,40,49040,4,2008,4T1BE46K68U1,4,T,1,B,E,4,6,K,6,8,U,1,0,0,0,000000000,00000000000,0,0,0,1,0,0,0,0,0,0,0,998,0,0,0,12,2,5,8,0,0,0,1,6,90015,6,1,0,0,3,0,66,165,0,0,0,0,0,0,0,0,0,4,0,0,0,0,1,4,35,1,8,2,1,0,0,1,80,1,1,1,13,0,0
6,62335,1,2,1,10,10,17,10,12,6,1,0,6,1,72,706,72706,80,2003,1HD4CEM3X3K4,1,H,D,4,C,E,M,3,X,3,K,4,0,0,0,000000000,00000000000,0,0,0,1,0,0,0,0,0,0,0,40,0,0,0,12,6,2,12,0,0,0,1,6,95350,6,1,0,0,3,0,74,180,1,0,0,0,0,10,2014,10,2014,0,0,0,0,0,5,5,40,1,8,2,1,0,0,1,62,1,1,1,69,1,0
6,62335,2,2,1,10,10,17,10,12,6,1,0,6,1,52,401,52401,14,2002,JA4MW31R42J0,J,A,4,M,W,3,1,R,4,2,J,0,0,0,0,000000000,00000000000,0,0,0,1,0,0,0,0,0,0,0,998,0,0,0,3,4,8,12,0,0,0,1,6,95388,6,1,0,0,3,1,64,148,1,0,0,0,0,10,2014,10,2014,0,38,0,0,0,5,5,40,1,8,2,1,0,0,11,15,1,1,1,68,0,0
6,62336,1,3,2,3,5,2,19,12,6,1,1,6,1,58,38,58038,4,2006,JNKAY01E86M1,J,N,K,A,Y,0,1,E,8,6,M,1,0,0,0,000000000,00000000000,0,0,0,1,0,0,0,0,0,0,0,998,0,0,0,12,6,2,12,0,0,0,1,6,94103,6,1,0,0,3,0,69,160,0,1,0,0,0,7,2012,7,2012,4,39,0,0,0,1,3,25,1,1,2,1,2,3,1,17,1,1,1,88,0,0
6,62336,2,3,1,3,5,2,19,12,6,1,0,6,1,49,32,49032,4,1997,1NXBB02E7VZ6,1,N,X,B,B,0,2,E,7,V,Z,6,0,0,0,000000000,00000000000,0,0,0,1,0,0,0,0,0,0,0,998,0,0,0,61,6,2,12,0,0,0,1,6,94014,0,0,0,0,0,0,66,160,0,0,0,0,0,0,0,0,0,0,0,0,0,0,2,3,25,1,1,2,1,2,3,1,66,1,1,1,89,1,0
6,62336,3,3,1,3,5,2,19,12,6,1,0,6,1,34,34,34034,4,2000,WBAAM3331YFP,W,B,A,A,M,3,3,3,1,Y,F,P,0,0,0,000000000,00000000000,0,0,0,1,0,0,0,0,0,0,0,998,0,0,0,12,6,2,12,0,0,0,1,6,94544,1,1,0,0,2,0,71,168,0,1,0,0,0,7,2012,7,2012,0,0,0,0,0,2,3,25,1,1,2,1,2,3,1,60,1,1,1,98,0,0
6,62337,1,2,1,13,12,5,20,24,0,1,0,37,2,12,481,12481,31,2005,1FTRF12205NC,1,F,T,R,F,1,2,2,0,5,N,C,0,0,0,000000000,00000000000,0,0,0,1,0,0,0,0,0,0,0,998,7,0,0,12,6,2,24,0,0,0,1,32,94558,6,1,0,0,3,0,60,130,0,0,0,0,0,0,0,0,0,5,28,0,0,0,2,2,60,1,1,2,2,0,0,1,12,99,1,4,98,0,1
6,62337,2,2,2,13,12,5,20,24,0,1,0,6,1,20,32,20032,4,1998,1Y1SK5288WZ4,1,Y,1,S,K,5,2,8,8,W,Z,4,0,0,0,000000000,00000000000,0,0,0,1,0,0,0,0,0,0,0,998,0,0,0,12,6,2,12,0,0,0,1,6,94533,6,1,0,0,3,0,72,198,0,0,0,0,0,0,0,0,0,0,0,0,0,0,2,2,60,1,1,2,2,0,0,1,64,6,1,1,98,1,0
6,62338,1,2,2,23,10,13,50,12,2,1,0,6,1,49,472,49472,30,2013,5TFJX4CN3DX0,5,T,F,J,X,4,C,N,3,D,X,0,0,0,0,000000000,00000000000,0,0,0,1,0,0,0,0,0,0,0,45,0,0,0,12,6,2,12,0,0,0,1,6,95966,6,1,0,0,3,3,69,170,1,0,0,0,0,10,2014,10,2014,0,28,0,0,0,1,2,45,3,6,2,1,0,0,14,10,1,1,2,50,1,0
6,62338,2,2,2,23,10,13,50,12,2,1,0,6,1,49,53,49053,5,2012,4T3ZK3BB4CU0,4,T,3,Z,K,3,B,B,4,C,U,0,0,0,0,000000000,00000000000,0,0,0,1,0,0,0,0,0,0,0,45,0,0,0,12,6,2,12,0,0,0,1,6,95966,6,1,0,0,3,0,74,280,2,0,0,0,0,12,2012,10,2014,0,0,0,0,0,1,2,45,2,5,2,1,0,0,14,62,1,1,1,51,0,0
6,62339,1,1,2,23,10,14,24,33,0,1,0,6,2,20,421,20421,15,2008,1GNFC13C18J2,1,G,N,F,C,1,3,C,1,8,J,2,0,0,0,000000000,00000000000,0,0,0,1,0,0,0,0,0,0,0,40,0,0,0,10,6,2,42,0,0,1,1,6,95838,0,0,0,0,0,0,73,200,1,0,0,0,0,10,2014,10,2014,0,28,0,0,0,1,4,35,1,1,2,1,0,0,1,12,1,1,4,6,2,1
6,62340,1,1,4,23,2,7,15,33,0,1,0,6,1,37,31,37031,9,2011,2HGFA1F54BH5,2,H,G,F,A,1,F,5,4,B,H,5,0,0,0,000000000,00000000000,0,0,0,1,0,0,0,0,0,0,0,998,0,0,0,98,6,2,31,0,0,0,1,6,90057,6,1,0,0,3,0,61,120,0,0,0,0,0,0,0,0,0,4,0,0,0,0,1,4,35,1,8,8,1,0,0,1,8,99,3,4,2,1,0
6,62341,1,2,1,9,10,19,5,12,6,1,0,6,2,49,40,49040,4,1992,4T1SK12E0NU1,4,T,1,S,K,1,2,E,0,N,U,1,0,0,0,000000000,00000000000,0,0,0,1,0,0,0,0,0,0,0,998,0,0,0,9,6,2,12,0,0,0,1,6,93620,6,1,0,0,3,3,68,180,0,0,0,0,0,0,0,0,0,0,38,0,0,0,1,2,55,1,1,8,1,20,3,1,17,1,1,1,89,1,0
6,62341,2,2,2,9,10,19,5,12,6,1,0,6,4,6,18,6018,4,2015,1C3CCCAB1FN5,1,C,3,C,C,C,A,B,1,F,N,5,0,0,0,000000000,00000000000,0,0,0,1,0,0,0,0,0,0,0,65,0,0,0,12,6,2,12,0,0,0,1,6,93620,6,1,0,0,3,0,68,180,0,0,0,0,0,0,0,0,0,0,23,0,0,0,2,2,65,1,1,8,1,0,0,1,66,1,1,1,88,0,0
6,62342,1,2,1,18,12,14,55,12,6,1,0,6,1,59,402,59402,14,2003,JTJBT20X7300,J,T,J,B,T,2,0,X,7,3,0,0,0,0,0,000000000,00000000000,0,0,0,1,0,0,0,0,0,0,0,998,0,0,0,98,4,3,12,0,0,0,1,6,90033,6,1,0,0,3,3,60,145,0,0,0,0,0,0,0,0,0,0,38,0,0,0,1,5,35,8,8,8,1,3,3,11,54,99,1,2,68,0,0
6,62342,2,2,1,18,12,14,55,12,6,1,0,41,1,53,709,53709,80,1980,GS110X502260,G,S,1,1,0,X,5,0,2,2,6,0,0,0,0,000000000,00000000000,0,0,0,1,0,0,0,0,0,0,0,998,0,0,0,98,6,2,12,0,0,0,1,41,90042,6,1,0,0,3,0,77,220,0,0,0,0,0,0,0,0,0,0,0,0,0,0,1,5,35,8,8,8,1,3,3,1,62,99,1,1,69,1,0
6,62343,1,1,1,9,10,21,35,30,0,1,0,6,2,6,51,6051,4,2006,2C3LA53GX6H4,2,C,3,L,A,5,3,G,X,6,H,4,0,0,0,000000000,00000000000,0,0,0,1,0,0,0,0,0,0,0,998,0,1,5,98,6,2,1,0,0,0,1,6,96084,6,1,0,0,3,0,75,225,0,0,0,0,0,0,0,0,0,0,0,0,0,0,1,2,35,9,8,2,1,0,0,99,19,1,1,4,99,1,1
6,62344,1,1,1,15,3,19,48,8,0,1,1,99,9,99,999,99999,99,9999,999999999999,9,9,9,9,9,9,9,9,9,9,9,9,0,0,0,000000000,00000000000,0,0,0,1,0,0,0,0,0,0,0,999,0,0,0,99,9,5,8,0,0,0,1,99,99999,9,9,99,9,9,9,999,999,99,99,99,99,99,99,9999,99,9999,9,38,0,0,0,1,4,35,1,8,2,1,0,0,1,80,99,9,3,13,0,0
6,62345,1,1,1,10,10,6,45,1,0,1,0,6,1,72,706,72706,80,2000,1HD1FBW36YY6,1,H,D,1,F,B,W,3,6,Y,Y,6,0,0,0,000000000,00000000000,0,0,0,1,0,0,0,0,0,0,0,65,0,0,0,0,2,3,1,0,0,0,1,6,92882,6,1,0,0,3,3,71,210,0,0,0,0,0,0,0,0,0,4,0,0,0,0,3,6,55,1,1,2,1,0,0,1,50,3,4,1,98,1,0
6,62346,1,1,99,10,10,21,40,8,0,1,1,99,9,99,999,99999,99,9999,999999999999,9,9,9,9,9,9,9,9,9,9,9,9,0,0,0,000000000,00000000000,0,0,0,1,0,0,0,0,0,0,0,999,0,0,0,99,9,5,8,0,0,0,1,99,99999,9,9,99,9,9,9,999,999,99,99,99,99,99,99,9999,99,9999,0,0,0,0,0,1,6,35,8,8,8,1,0,0,1,80,1,1,9,13,0,0
6,62347,1,1,1,5,12,19,40,33,0,1,0,48,1,22,24,22024,4,2008,6G2EC57Y48L1,6,G,2,E,C,5,7,Y,4,8,L,1,0,0,0,000000000,00000000000,0,0,0,1,0,0,0,0,0,0,0,998,0,0,0,14,6,2,30,0,0,0,1,48,90731,6,1,0,0,3,0,72,200,0,0,0,0,0,0,0,0,0,4,0,0,0,0,1,4,25,8,8,8,1,3,3,1,6,1,4,4,7,1,1
6,62348,1,1,5,5,5,18,6,33,0,1,0,6,1,12,3,12003,2,2011,1ZVBP8AM2B51,1,Z,V,B,P,8,A,M,2,B,5,1,0,0,0,000000000,00000000000,0,0,0,1,0,0,0,0,0,0,0,78,0,1,6,98,6,2,42,0,0,0,1,6,92831,6,1,0,0,3,0,63,108,0,0,0,0,1,4,2014,4,2014,4,0,0,0,0,5,5,40,2,8,8,1,0,0,6,6,1,2,4,2,2,1
6,62349,1,2,1,13,4,14,51,12,6,1,0,6,2,12,23,12023,4,2010,3FAHP0GA8AR2,3,F,A,H,P,0,G,A,8,A,R,2,0,0,0,000000000,00000000000,0,0,0,1,0,0,0,0,0,0,0,998,0,0,0,9,4,3,12,0,0,0,1,6,90805,6,1,0,0,3,0,71,160,0,0,0,0,0,0,0,0,0,0,47,53,0,0,4,3,35,1,8,2,1,2,3,11,15,99,1,1,72,0,0
6,62349,2,2,2,13,4,14,51,12,6,1,0,6,1,37,31,37031,4,2009,1HGFA16849L0,1,H,G,F,A,1,6,8,4,9,L,0,0,0,0,000000000,00000000000,0,0,0,1,0,0,0,0,0,0,0,998,0,0,0,12,4,3,12,0,0,0,1,6,90063,6,1,0,0,3,3,63,146,0,0,0,1,0,4,2014,4,2014,0,0,0,0,0,4,3,35,1,8,2,1,2,3,1,61,99,1,1,73,1,0
6,62350,1,1,1,10,3,15,45,33,0,1,0,6,2,53,705,53705,80,2003,JS1GN7BAX321,J,S,1,G,N,7,B,A,X,3,2,1,0,0,0,000000000,00000000000,0,0,0,1,0,0,0,0,0,0,0,60,0,0,0,98,2,3,42,0,0,0,1,6,92553,6,1,0,0,3,0,70,200,0,0,0,0,0,0,0,0,0,4,0,0,0,0,2,3,40,1,1,1,1,0,0,1,12,99,9,4,6,1,0
6,62351,1,1,1,6,12,99,99,1,0,1,0,6,1,2,403,2403,14,2002,1J4FA39S32P7,1,J,4,F,A,3,9,S,3,2,P,7,0,0,0,000000000,00000000000,0,0,0,1,0,0,0,0,0,0,0,999,0,2,5,0,6,2,1,0,0,0,1,6,93711,6,1,0,0,3,0,62,140,0,0,0,0,0,0,0,0,0,9,58,0,0,0,1,2,55,3,6,2,1,28,3,14,9,7,4,4,2,1,0
6,62352,1,2,1,12,12,6,3,54,11,1,0,6,1,12,37,12037,4,2005,1FAFP34N85W1,1,F,A,F,P,3,4,N,8,5,W,1,0,0,0,000000000,00000000000,0,0,0,1,0,0,0,0,0,0,0,998,0,0,0,12,6,2,54,0,0,0,1,6,92807,6,1,0,0,3,0,71,240,0,0,0,0,0,0,0,0,0,0,0,0,0,0,5,7,45,1,1,2,2,0,0,1,90,99,1,1,98,1,0
6,62352,2,2,1,12,12,6,3,54,11,1,0,6,3,82,881,82881,66,1997,1FUWTMCA3VL7,1,F,U,W,T,M,C,A,3,V,L,7,1,1,57,1787045,571787045,3,6,1,1,0,0,0,0,0,0,0,998,0,0,0,18,2,3,54,0,0,0,1,6,90640,6,1,6,0,3,3,70,190,0,0,0,0,2,4,2013,9,2013,0,0,0,0,0,5,7,45,1,1,2,2,20,3,10,3,99,1,2,98,0,0
6,62353,1,1,1,30,5,23,12,8,0,1,1,99,9,99,999,99999,99,9999,999999999999,9,9,9,9,9,9,9,9,9,9,9,9,0,0,0,000000000,00000000000,0,0,0,1,0,0,0,0,0,0,0,999,0,0,0,99,9,5,8,0,0,0,1,99,99999,9,9,99,9,9,9,999,999,99,99,99,99,99,99,9999,99,9999,9,0,0,0,0,3,3,65,8,8,1,1,0,0,1,80,99,1,1,13,0,0
6,62354,1,1,1,8,12,10,47,42,0,1,0,6,1,54,31,54031,3,1997,JH4DC4351VS0,J,H,4,D,C,4,3,5,1,V,S,0,0,0,0,000000000,00000000000,0,0,0,1,0,0,0,0,0,0,0,998,0,0,0,98,6,2,42,0,0,0,1,6,93304,6,1,0,0,3,0,65,150,0,0,0,0,1,10,2014,10,2014,0,0,0,0,0,2,2,45,1,8,8,1,0,0,15,12,99,9,4,6,1,0
6,62355,1,1,1,15,12,10,5,42,0,1,0,6,1,49,442,49442,20,2003,4T3ZF13C93U5,4,T,3,Z,F,1,3,C,9,3,U,5,0,0,0,000000000,00000000000,0,0,0,1,0,0,0,0,0,0,0,999,0,0,0,12,6,2,42,0,0,0,1,6,93428,6,1,0,0,3,3,69,220,0,0,0,0,0,0,0,0,0,5,0,0,0,0,1,2,25,3,2,2,2,0,0,99,13,1,1,4,1,1,1
6,62356,1,5,2,14,11,5,30,12,2,1,0,6,1,49,482,49482,31,2004,5TBDT44174S4,5,T,B,D,T,4,4,1,7,4,S,4,0,0,0,000000000,00000000000,0,0,0,1,0,0,0,0,0,0,0,55,0,0,0,12,6,2,12,0,0,0,1,6,92113,6,1,0,0,3,0,66,145,0,0,0,0,0,0,0,0,0,0,33,0,0,0,1,2,55,1,5,2,2,0,0,6,54,99,1,2,50,1,0
6,62356,2,5,2,14,11,5,30,12,2,1,0,6,1,6,52,6052,6,2007,3A4FY48B57T5,3,A,4,F,Y,4,8,B,5,7,T,5,0,0,0,000000000,00000000000,0,0,0,1,0,0,0,0,0,0,0,998,0,0,0,12,6,2,12,0,0,0,1,6,92113,6,1,0,0,3,0,70,169,0,0,0,0,0,0,0,0,0,0,0,0,0,0,1,2,55,1,6,2,2,0,0,1,62,99,1,1,51,0,0
6,62356,3,5,1,14,11,5,30,12,2,1,0,6,3,51,881,51881,66,2006,4V4MC9GH36N4,4,V,4,M,C,9,G,H,3,6,N,4,1,1,57,193431,57193431,3,6,1,1,0,0,0,0,0,0,0,30,0,0,0,63,2,5,12,0,0,0,1,6,92592,6,1,6,0,3,0,67,190,0,0,0,0,0,0,0,0,0,0,0,0,0,0,1,2,55,1,5,2,2,0,0,1,62,99,1,1,98,0,0
6,62356,4,5,1,14,11,5,30,12,2,1,0,6,2,12,481,12481,31,1999,1FTSW30F7XEB,1,F,T,S,W,3,0,F,7,X,E,B,0,0,0,000000000,00000000000,0,0,0,1,0,0,0,0,0,0,0,50,0,0,0,98,6,2,12,0,0,0,1,6,92536,6,1,0,0,3,3,73,285,0,0,0,0,1,6,2013,6,2013,0,0,0,0,0,1,2,55,1,6,2,2,0,0,1,50,99,1,1,98,0,0
6,62356,5,5,2,14,11,5,30,12,2,1,0,6,1,12,481,12481,31,1993,2FTJW35G4PCA,2,F,T,J,W,3,5,G,4,P,C,A,0,0,0,000000000,00000000000,0,0,0,1,0,0,0,0,0,0,0,50,0,0,0,98,6,2,12,0,0,0,1,6,92242,6,1,0,0,3,0,70,270,0,0,0,0,0,0,0,0,0,0,0,0,0,0,1,2,55,1,6,2,2,0,0,1,50,99,1,1,98,0,0
6,62357,1,1,2,29,9,0,5,1,0,1,0,53,2,14,401,14401,14,1998,4M2ZU52PXWUJ,4,M,2,Z,U,5,2,P,X,W,U,J,0,0,0,000000000,00000000000,0,0,0,1,0,0,0,0,0,0,0,70,0,2,1,0,6,2,1,0,0,0,1,41,97220,6,1,0,0,3,0,72,220,0,0,0,0,0,0,0,0,0,0,0,0,0,0,2,2,70,1,1,2,1,0,0,1,98,99,1,2,98,1,0
6,62358,1,1,2,29,9,1,1,1,0,1,0,6,2,72,706,72706,80,2005,1HD1FYW355Y6,1,H,D,1,F,Y,W,3,5,5,Y,6,0,0,0,000000000,00000000000,0,0,0,1,0,0,0,0,0,0,0,64,0,0,0,0,4,3,1,0,0,0,1,6,93109,3,1,0,0,2,0,72,200,0,0,0,0,0,0,0,0,0,4,0,0,0,0,5,3,40,8,8,2,1,0,0,3,6,3,1,1,98,1,1
6,62359,1,2,1,14,11,14,52,12,6,1,0,6,2,12,3,12003,2,1967,7R02C194957,7,R,0,2,C,1,9,4,9,5,7,,0,0,0,000000000,00000000000,0,0,0,1,0,0,0,0,0,0,0,998,0,0,0,61,6,2,30,0,0,0,1,6,93458,3,1,0,0,2,0,68,200,0,0,0,1,0,4,2013,4,2013,3,38,39,0,0,2,4,40,1,1,2,1,3,3,1,17,99,1,1,69,1,0
6,62359,2,2,1,14,11,14,52,12,6,1,0,6,1,19,3,19003,8,2001,1G6KS54Y01U1,1,G,6,K,S,5,4,Y,0,1,U,1,0,0,0,000000000,00000000000,0,0,0,1,0,0,0,0,0,0,0,998,0,0,0,12,4,3,12,0,0,0,1,6,93455,6,1,0,0,3,3,64,159,0,0,0,0,0,0,0,0,0,0,0,0,0,0,2,3,40,1,1,2,1,3,3,11,66,1,1,1,68,0,0
6,62360,1,1,1,29,9,5,35,8,0,1,0,6,3,12,481,12481,31,2008,1FTSX20518ED,1,F,T,S,X,2,0,5,1,8,E,D,0,0,0,000000000,00000000000,0,0,0,1,0,0,0,0,0,0,0,60,0,0,0,2,2,5,8,0,0,0,1,6,92407,6,1,0,0,3,0,68,210,0,0,0,0,1,8,2012,8,2012,0,0,0,0,0,3,5,65,1,6,1,1,0,0,1,80,8,1,1,13,0,0
6,62361,1,2,2,14,11,19,5,12,6,1,0,6,1,7,20,7020,4,2000,1B3ES46C5YD6,1,B,3,E,S,4,6,C,5,Y,D,6,0,0,0,000000000,00000000000,0,0,0,1,0,0,0,0,0,0,0,998,0,0,0,82,6,2,12,0,0,0,1,6,92545,6,1,0,0,3,0,71,140,0,0,0,0,0,0,0,0,0,0,38,0,0,0,1,2,55,1,1,2,1,0,0,11,54,99,1,3,68,0,0
6,62361,2,2,1,14,11,19,5,12,6,1,0,6,1,37,705,37705,80,2002,JH2RC44192M6,J,H,2,R,C,4,4,1,9,2,M,6,0,0,0,000000000,00000000000,0,0,0,1,0,0,0,0,0,0,0,998,0,0,0,12,6,2,12,0,0,0,1,6,92548,6,1,0,0,3,0,68,180,0,0,0,0,1,8,2013,8,2013,0,0,0,0,0,1,2,55,1,1,2,1,0,0,1,62,99,9,3,69,1,0
6,62362,1,1,1,31,5,19,29,8,0,1,0,6,1,12,481,12481,31,2001,1FTRW08L21KB,1,F,T,R,W,0,8,L,2,1,K,B,0,0,0,000000000,00000000000,0,0,0,1,0,0,0,0,0,0,0,998,0,0,0,12,2,5,8,0,0,0,1,6,91104,6,1,0,0,3,0,70,185,0,0,0,0,0,0,0,0,0,0,38,0,0,0,1,4,30,1,8,2,1,3,3,10,80,1,1,1,13,0,0
6,62363,1,2,1,29,9,7,45,12,1,1,0,6,1,53,705,53705,80,2005,JS1GN7CA1521,J,S,1,G,N,7,C,A,1,5,2,1,0,0,0,000000000,00000000000,0,0,0,1,0,0,0,0,0,0,0,80,0,0,0,12,6,2,12,0,0,0,1,6,92154,6,1,0,0,3,0,72,180,0,0,0,1,1,7,2014,9,2014,4,0,0,0,0,3,5,65,8,8,1,1,0,0,15,52,6,1,2,28,1,0
6,62363,2,2,1,29,9,7,45,12,1,1,0,6,3,12,481,12481,31,2000,1FTNF20L9YED,1,F,T,N,F,2,0,L,9,Y,E,D,0,0,0,000000000,00000000000,0,0,0,1,0,0,0,0,0,0,0,20,0,0,0,6,4,3,12,0,0,0,1,6,91910,6,1,0,0,3,3,74,200,0,0,0,0,0,0,0,0,0,0,0,0,0,0,3,5,65,8,8,1,1,0,0,2,53,99,1,1,29,0,0
6,62364,1,2,2,29,9,8,0,12,6,1,0,6,2,7,442,7442,20,2003,1D4GP24363B3,1,D,4,G,P,2,4,3,6,3,B,3,0,0,0,000000000,00000000000,0,0,0,1,0,0,0,0,0,0,0,998,0,0,0,1,6,2,12,0,0,0,1,6,93257,1,1,0,0,2,0,66,230,0,1,0,0,0,8,2014,8,2014,0,38,0,0,0,1,2,55,1,1,2,1,20,3,1,17,99,1,1,87,1,0
6,62364,2,2,2,29,9,8,0,12,6,1,0,6,1,12,481,12481,31,2007,1FTSW21P07EA,1,F,T,S,W,2,1,P,0,7,E,A,0,0,0,000000000,00000000000,0,0,0,1,0,0,0,0,0,0,0,53,0,0,0,12,6,2,12,0,0,0,1,6,93247,6,1,0,0,3,3,64,149,0,0,0,0,0,0,0,0,0,0,0,0,0,0,1,2,55,1,1,2,1,0,0,1,66,1,1,1,86,0,0
6,62365,1,2,2,29,9,9,57,12,2,1,0,6,1,37,402,37402,14,2001,JHLRD186X1C0,J,H,L,R,D,1,8,6,X,1,C,0,0,0,0,000000000,00000000000,0,0,0,1,0,0,0,0,0,0,0,50,0,0,0,12,6,2,12,0,0,0,1,6,92378,1,1,0,0,2,0,68,120,1,1,0,0,0,5,2013,10,2013,0,28,0,0,0,1,4,55,2,8,2,1,0,0,14,10,99,1,2,50,1,0
6,62365,2,2,1,29,9,9,57,12,2,1,0,6,1,48,401,48401,14,2002,JF1SF65682H7,J,F,1,S,F,6,5,6,8,2,H,7,0,0,0,000000000,00000000000,0,0,0,1,0,0,0,0,0,0,0,55,0,0,0,12,6,2,12,0,0,0,1,6,92352,6,1,6,0,3,3,75,175,1,0,0,0,0,4,2014,4,2014,0,0,0,0,0,1,4,55,3,8,2,1,0,0,1,62,99,1,1,51,1,0
6,62366,1,1,1,29,9,18,10,9,0,1,1,6,2,49,46,49046,9,2010,JTDKN3DU4A01,J,T,D,K,N,3,D,U,4,A,0,1,0,0,0,000000000,00000000000,0,0,0,1,0,0,0,0,0,0,0,50,0,0,0,12,4,5,9,0,0,0,1,6,95132,6,1,0,0,3,0,65,105,1,0,0,0,0,4,2014,4,2014,4,26,0,0,0,3,7,35,8,8,8,1,0,0,16,83,99,1,2,13,0,0
6,62367,1,1,2,30,9,8,4,42,0,1,0,4,1,23,481,23481,31,2004,1GTHK23244F2,1,G,T,H,K,2,3,2,4,4,F,2,0,0,0,000000000,00000000000,0,0,0,1,0,0,0,0,0,0,0,999,0,1,5,81,6,2,1,0,0,0,1,4,85024,6,1,0,0,3,0,71,145,1,0,0,0,0,3,2013,3,2013,0,0,0,0,0,2,2,70,1,1,2,1,0,0,1,13,99,1,4,1,1,1
6,62368,1,1,1,30,9,21,7,8,0,1,0,41,2,55,33,55033,4,2005,KMHWF35H65A1,K,M,H,W,F,3,5,H,6,5,A,1,0,0,0,000000000,00000000000,0,0,0,1,0,0,0,0,0,0,0,63,0,0,0,12,4,5,8,0,0,0,1,6,93705,6,1,0,0,3,0,71,180,1,0,0,0,0,3,2013,3,2013,0,0,0,0,0,3,2,65,1,1,2,1,0,0,1,80,7,1,1,13,0,0
6,62369,1,1,1,30,9,22,0,8,0,1,1,99,9,99,999,99999,99,9999,999999999999,9,9,9,9,9,9,9,9,9,9,9,9,9,0,99,999999999,99999999999,9,99,99,1,0,0,0,0,99,99,9,999,0,0,0,98,9,5,8,0,0,0,1,99,99999,9,9,99,9,9,9,999,999,99,99,99,99,99,99,9999,99,9999,0,0,0,0,0,1,2,25,8,6,2,1,0,0,1,80,99,1,1,13,0,0
6,62370,1,1,1,30,9,23,35,8,0,1,0,6,3,84,881,84881,66,2013,1HSMSAZRXDJ3,1,H,S,M,S,A,Z,R,X,D,J,3,1,1,57,055787,57055787,3,6,2,1,0,0,0,0,0,0,0,50,0,0,0,12,2,5,8,0,0,0,1,6,93292,6,1,6,0,3,3,71,210,0,0,0,0,0,0,0,0,0,0,0,0,0,0,1,2,55,8,8,2,1,0,0,1,80,3,1,1,13,0,0
6,62371,1,1,1,19,12,11,20,33,0,1,0,6,1,34,706,34706,80,2009,WB10390049ZW,W,B,1,0,3,9,0,0,4,9,Z,W,0,0,0,000000000,00000000000,0,0,0,1,0,0,0,0,0,0,0,45,0,0,0,98,4,3,33,0,0,0,1,6,92677,6,1,0,0,3,0,72,190,1,0,0,0,0,3,2014,3,2014,0,0,0,0,0,1,4,98,2,3,2,1,0,0,14,12,1,1,4,6,1,0
6,62372,1,1,1,20,3,11,16,8,0,1,1,99,9,99,999,99999,99,9999,999999999999,9,9,9,9,9,9,9,9,9,9,9,9,0,0,0,000000000,00000000000,0,0,0,1,0,0,0,0,0,0,0,999,0,0,0,99,9,5,8,99,99,0,1,99,99999,9,9,99,0,9,9,999,999,99,99,99,99,99,99,9999,99,9999,9,99,99,99,99,1,2,25,1,8,8,1,2,3,11,80,99,9,1,13,0,0
6,62373,1,2,1,19,12,11,26,12,2,1,0,6,2,49,481,49481,31,1997,JT4UN24D6V00,J,T,4,U,N,2,4,D,6,V,0,0,0,0,0,000000000,00000000000,0,0,0,1,0,0,0,0,0,0,0,60,0,0,0,12,6,2,12,0,0,0,1,6,96078,6,1,0,0,3,0,68,254,0,0,0,0,3,8,2012,11,2014,0,28,0,0,0,2,2,55,3,8,2,2,0,0,14,11,8,4,7,50,0,0
6,62373,2,2,1,19,12,11,26,12,2,1,0,47,2,37,31,37031,4,2008,2HGFA165X8H3,2,H,G,F,A,1,6,5,X,8,H,3,0,0,0,000000000,00000000000,0,0,0,1,0,0,0,0,0,0,0,60,0,0,0,12,6,2,12,0,0,0,1,47,95954,6,1,0,0,3,0,66,110,0,0,0,0,0,0,0,0,0,0,0,0,0,0,2,2,55,2,8,2,2,0,0,14,64,99,1,1,51,1,0